Loading "split_lab.m"
POOL 26: 3483 curves
POOL 28: 2568 curves
POOL x7: 2203 curves
POOL x9: 2203 curves
POOL x10: 3304 curves
POOL x12: 2753 curves
POOL total 16514
SIEVECAND L=5 26(t=-1/8)[ 2, 6 ] x x12(t=1/10)[ 12 ] prod=[ 2, 6, 12 ] order=144 cmp=43 NEW ISOGENOUS
SIEVECAND L=7 26(t=-1/8)[ 2, 6 ] x x12(t=1/10)[ 12 ] prod=[ 2, 6, 12 ] order=144 cmp=43 NEW ISOGENOUS
SIEVECAND L=5 26(t=2/3)[ 2, 6 ] x x12(t=2/5)[ 12 ] prod=[ 2, 6, 12 ] order=144 cmp=44 NEW ISOGENOUS
SIEVECAND L=7 26(t=2/3)[ 2, 6 ] x x12(t=2/5)[ 12 ] prod=[ 2, 6, 12 ] order=144 cmp=44 NEW ISOGENOUS
SIEVECAND L=5 26(t=-3/2)[ 2, 6 ] x x12(t=1/6)[ 12 ] prod=[ 2, 6, 12 ] order=144 cmp=45 NEW ISOGENOUS
SIEVECAND L=7 26(t=-3/2)[ 2, 6 ] x x12(t=1/6)[ 12 ] prod=[ 2, 6, 12 ] order=144 cmp=45 NEW ISOGENOUS
SIEVECAND L=5 26(t=3/25)[ 2, 6 ] x x12(t=1/12)[ 12 ] prod=[ 2, 6, 12 ] order=144 cmp=42 NEW ISOGENOUS
SIEVECAND L=7 26(t=3/25)[ 2, 6 ] x x12(t=1/12)[ 12 ] prod=[ 2, 6, 12 ] order=144 cmp=42 NEW ISOGENOUS
SIEVECAND L=5 26(t=-3/25)[ 2, 6 ] x x12(t=-1/6)[ 12 ] prod=[ 2, 6, 12 ] order=144 cmp=44 NEW ISOGENOUS
SIEVECAND L=7 26(t=-3/25)[ 2, 6 ] x x12(t=-1/6)[ 12 ] prod=[ 2, 6, 12 ] order=144 cmp=44 NEW ISOGENOUS
SIEVECAND L=5 26(t=-4)[ 2, 6 ] x x12(t=-1)[ 12 ] prod=[ 2, 6, 12 ] order=144 cmp=45 NEW ISOGENOUS
SIEVECAND L=7 26(t=-4)[ 2, 6 ] x x12(t=-1)[ 12 ] prod=[ 2, 6, 12 ] order=144 cmp=45 NEW ISOGENOUS
SIEVECAND L=5 26(t=-4/5)[ 2, 6 ] x x12(t=2/7)[ 12 ] prod=[ 2, 6, 12 ] order=144 cmp=43 NEW ISOGENOUS
SIEVECAND L=7 26(t=-4/5)[ 2, 6 ] x x12(t=2/7)[ 12 ] prod=[ 2, 6, 12 ] order=144 cmp=43 NEW ISOGENOUS
SIEVECAND L=5 26(t=-5)[ 2, 6 ] x x12(t=1/4)[ 12 ] prod=[ 2, 6, 12 ] order=144 cmp=46 NEW ISOGENOUS
SIEVECAND L=7 26(t=-5)[ 2, 6 ] x x12(t=1/4)[ 12 ] prod=[ 2, 6, 12 ] order=144 cmp=46 NEW ISOGENOUS
SIEVECAND L=5 26(t=5/2)[ 2, 6 ] x x12(t=-1/2)[ 12 ] prod=[ 2, 6, 12 ] order=144 cmp=44 NEW ISOGENOUS
SIEVECAND L=7 26(t=5/2)[ 2, 6 ] x x12(t=-1/2)[ 12 ] prod=[ 2, 6, 12 ] order=144 cmp=44 NEW ISOGENOUS
SIEVECAND L=5 26(t=5/6)[ 2, 6 ] x x12(t=3/7)[ 12 ] prod=[ 2, 6, 12 ] order=144 cmp=44 NEW ISOGENOUS
SIEVECAND L=7 26(t=5/6)[ 2, 6 ] x x12(t=3/7)[ 12 ] prod=[ 2, 6, 12 ] order=144 cmp=44 NEW ISOGENOUS
SIEVECAND L=5 26(t=-5/9)[ 2, 6 ] x x12(t=1/8)[ 12 ] prod=[ 2, 6, 12 ] order=144 cmp=44 NEW ISOGENOUS
SIEVECAND L=7 26(t=-5/9)[ 2, 6 ] x x12(t=1/8)[ 12 ] prod=[ 2, 6, 12 ] order=144 cmp=44 NEW ISOGENOUS
SIEVECAND L=5 26(t=5/14)[ 2, 6 ] x x12(t=4/11)[ 12 ] prod=[ 2, 6, 12 ] order=144 cmp=42 NEW ISOGENOUS
SIEVECAND L=7 26(t=5/14)[ 2, 6 ] x x12(t=4/11)[ 12 ] prod=[ 2, 6, 12 ] order=144 cmp=42 NEW ISOGENOUS
SIEVECAND L=5 26(t=5/18)[ 2, 6 ] x x12(t=1/14)[ 12 ] prod=[ 2, 6, 12 ] order=144 cmp=42 NEW ISOGENOUS
SIEVECAND L=7 26(t=5/18)[ 2, 6 ] x x12(t=1/14)[ 12 ] prod=[ 2, 6, 12 ] order=144 cmp=42 NEW ISOGENOUS
SIEVECAND L=5 26(t=5/41)[ 2, 6 ] x x12(t=-1/8)[ 12 ] prod=[ 2, 6, 12 ] order=144 cmp=43 NEW ISOGENOUS
SIEVECAND L=7 26(t=5/41)[ 2, 6 ] x x12(t=-1/8)[ 12 ] prod=[ 2, 6, 12 ] order=144 cmp=43 NEW ISOGENOUS
SIEVECAND L=5 26(t=6)[ 2, 6 ] x x12(t=1/3)[ 12 ] prod=[ 2, 6, 12 ] order=144 cmp=46 NEW ISOGENOUS
SIEVECAND L=7 26(t=6)[ 2, 6 ] x x12(t=1/3)[ 12 ] prod=[ 2, 6, 12 ] order=144 cmp=46 NEW ISOGENOUS
SIEVECAND L=5 26(t=-7/2)[ 2, 6 ] x x12(t=1/5)[ 12 ] prod=[ 2, 6, 12 ] order=144 cmp=44 NEW ISOGENOUS
SIEVECAND L=7 26(t=-7/2)[ 2, 6 ] x x12(t=1/5)[ 12 ] prod=[ 2, 6, 12 ] order=144 cmp=44 NEW ISOGENOUS
SIEVECAND L=5 26(t=-7/13)[ 2, 6 ] x x12(t=-1/4)[ 12 ] prod=[ 2, 6, 12 ] order=144 cmp=43 NEW ISOGENOUS
SIEVECAND L=7 26(t=-7/13)[ 2, 6 ] x x12(t=-1/4)[ 12 ] prod=[ 2, 6, 12 ] order=144 cmp=43 NEW ISOGENOUS
SIEVECAND L=5 26(t=7/15)[ 2, 6 ] x x12(t=3/8)[ 12 ] prod=[ 2, 6, 12 ] order=144 cmp=43 NEW ISOGENOUS
SIEVECAND L=7 26(t=7/15)[ 2, 6 ] x x12(t=3/8)[ 12 ] prod=[ 2, 6, 12 ] order=144 cmp=43 NEW ISOGENOUS
SIEVECAND L=5 26(t=-7/18)[ 2, 6 ] x x12(t=4/13)[ 12 ] prod=[ 2, 6, 12 ] order=144 cmp=42 NEW ISOGENOUS
SIEVECAND L=7 26(t=-7/18)[ 2, 6 ] x x12(t=4/13)[ 12 ] prod=[ 2, 6, 12 ] order=144 cmp=42 NEW ISOGENOUS
PROGRESS sieve 500/16514 rows, 38 cands, 26.020 s
SIEVECAND L=5 26(t=8/33)[ 2, 6 ] x x12(t=6/17)[ 12 ] prod=[ 2, 6, 12 ] order=144 cmp=41 NEW ISOGENOUS
SIEVECAND L=7 26(t=8/33)[ 2, 6 ] x x12(t=6/17)[ 12 ] prod=[ 2, 6, 12 ] order=144 cmp=41 NEW ISOGENOUS
SIEVECAND L=5 26(t=9/10)[ 2, 6 ] x x12(t=4/9)[ 12 ] prod=[ 2, 6, 12 ] order=144 cmp=44 NEW ISOGENOUS
SIEVECAND L=7 26(t=9/10)[ 2, 6 ] x x12(t=4/9)[ 12 ] prod=[ 2, 6, 12 ] order=144 cmp=44 NEW ISOGENOUS
SIEVECAND L=5 26(t=-10/3)[ 2, 6 ] x x12(t=-2)[ 12 ] prod=[ 2, 6, 12 ] order=144 cmp=43 NEW ISOGENOUS
SIEVECAND L=7 26(t=-10/3)[ 2, 6 ] x x12(t=-2)[ 12 ] prod=[ 2, 6, 12 ] order=144 cmp=43 NEW ISOGENOUS
SIEVECAND L=5 26(t=-10/39)[ 2, 6 ] x x12(t=6/19)[ 12 ] prod=[ 2, 6, 12 ] order=144 cmp=41 NEW ISOGENOUS
SIEVECAND L=7 26(t=-10/39)[ 2, 6 ] x x12(t=6/19)[ 12 ] prod=[ 2, 6, 12 ] order=144 cmp=41 NEW ISOGENOUS
SIEVECAND L=5 26(t=11/20)[ 2, 6 ] x x12(t=5/13)[ 12 ] prod=[ 2, 6, 12 ] order=144 cmp=43 NEW ISOGENOUS
SIEVECAND L=7 26(t=11/20)[ 2, 6 ] x x12(t=5/13)[ 12 ] prod=[ 2, 6, 12 ] order=144 cmp=43 NEW ISOGENOUS
SIEVECAND L=5 26(t=-11/21)[ 2, 6 ] x x12(t=3/10)[ 12 ] prod=[ 2, 6, 12 ] order=144 cmp=43 NEW ISOGENOUS
SIEVECAND L=7 26(t=-11/21)[ 2, 6 ] x x12(t=3/10)[ 12 ] prod=[ 2, 6, 12 ] order=144 cmp=43 NEW ISOGENOUS
SIEVECAND L=5 26(t=-11/37)[ 2, 6 ] x x12(t=-1/5)[ 12 ] prod=[ 2, 6, 12 ] order=144 cmp=43 NEW ISOGENOUS
SIEVECAND L=7 26(t=-11/37)[ 2, 6 ] x x12(t=-1/5)[ 12 ] prod=[ 2, 6, 12 ] order=144 cmp=43 NEW ISOGENOUS
SIEVECAND L=5 26(t=11/60)[ 2, 6 ] x x12(t=8/23)[ 12 ] prod=[ 2, 6, 12 ] order=144 cmp=42 NEW ISOGENOUS
SIEVECAND L=7 26(t=11/60)[ 2, 6 ] x x12(t=8/23)[ 12 ] prod=[ 2, 6, 12 ] order=144 cmp=42 NEW ISOGENOUS
SIEVECAND L=5 26(t=-13/12)[ 2, 6 ] x x12(t=3/11)[ 12 ] prod=[ 2, 6, 12 ] order=144 cmp=43 NEW ISOGENOUS
SIEVECAND L=7 26(t=-13/12)[ 2, 6 ] x x12(t=3/11)[ 12 ] prod=[ 2, 6, 12 ] order=144 cmp=43 NEW ISOGENOUS
SIEVECAND L=5 26(t=13/45)[ 2, 6 ] x x12(t=5/14)[ 12 ] prod=[ 2, 6, 12 ] order=144 cmp=43 NEW ISOGENOUS
SIEVECAND L=7 26(t=13/45)[ 2, 6 ] x x12(t=5/14)[ 12 ] prod=[ 2, 6, 12 ] order=144 cmp=43 NEW ISOGENOUS
SIEVECAND L=5 26(t=14/15)[ 2, 6 ] x x12(t=5/11)[ 12 ] prod=[ 2, 6, 12 ] order=144 cmp=42 NEW ISOGENOUS
SIEVECAND L=7 26(t=14/15)[ 2, 6 ] x x12(t=5/11)[ 12 ] prod=[ 2, 6, 12 ] order=144 cmp=42 NEW ISOGENOUS
PROGRESS sieve 1000/16514 rows, 60 cands, 49.720 s
SIEVECAND L=5 26(t=-15/2)[ 2, 6 ] x x12(t=-1/3)[ 12 ] prod=[ 2, 6, 12 ] order=144 cmp=44 NEW ISOGENOUS
SIEVECAND L=7 26(t=-15/2)[ 2, 6 ] x x12(t=-1/3)[ 12 ] prod=[ 2, 6, 12 ] order=144 cmp=44 NEW ISOGENOUS
SIEVECAND L=5 26(t=15/32)[ 2, 6 ] x x12(t=1/18)[ 12 ] prod=[ 2, 6, 12 ] order=144 cmp=42 NEW ISOGENOUS
SIEVECAND L=7 26(t=15/32)[ 2, 6 ] x x12(t=1/18)[ 12 ] prod=[ 2, 6, 12 ] order=144 cmp=42 NEW ISOGENOUS
SIEVECAND L=5 26(t=-15/49)[ 2, 6 ] x x12(t=1/9)[ 12 ] prod=[ 2, 6, 12 ] order=144 cmp=43 NEW ISOGENOUS
SIEVECAND L=7 26(t=-15/49)[ 2, 6 ] x x12(t=1/9)[ 12 ] prod=[ 2, 6, 12 ] order=144 cmp=43 NEW ISOGENOUS
SIEVECAND L=5 26(t=17/42)[ 2, 6 ] x x12(t=7/19)[ 12 ] prod=[ 2, 6, 12 ] order=144 cmp=41 NEW ISOGENOUS
SIEVECAND L=7 26(t=17/42)[ 2, 6 ] x x12(t=7/19)[ 12 ] prod=[ 2, 6, 12 ] order=144 cmp=41 NEW ISOGENOUS
SIEVECAND L=5 26(t=-17/55)[ 2, 6 ] x x12(t=5/16)[ 12 ] prod=[ 2, 6, 12 ] order=144 cmp=42 NEW ISOGENOUS
SIEVECAND L=7 26(t=-17/55)[ 2, 6 ] x x12(t=5/16)[ 12 ] prod=[ 2, 6, 12 ] order=144 cmp=42 NEW ISOGENOUS
SIEVECAND L=5 26(t=-18/7)[ 2, 6 ] x x12(t=2/9)[ 12 ] prod=[ 2, 6, 12 ] order=144 cmp=44 NEW ISOGENOUS
SIEVECAND L=7 26(t=-18/7)[ 2, 6 ] x x12(t=2/9)[ 12 ] prod=[ 2, 6, 12 ] order=144 cmp=44 NEW ISOGENOUS
SIEVECAND L=5 26(t=-19/6)[ 2, 6 ] x x12(t=-3)[ 12 ] prod=[ 2, 6, 12 ] order=144 cmp=44 NEW ISOGENOUS
SIEVECAND L=7 26(t=-19/6)[ 2, 6 ] x x12(t=-3)[ 12 ] prod=[ 2, 6, 12 ] order=144 cmp=44 NEW ISOGENOUS
SIEVECAND L=5 26(t=-19/30)[ 2, 6 ] x x12(t=5/17)[ 12 ] prod=[ 2, 6, 12 ] order=144 cmp=42 NEW ISOGENOUS
SIEVECAND L=7 26(t=-19/30)[ 2, 6 ] x x12(t=5/17)[ 12 ] prod=[ 2, 6, 12 ] order=144 cmp=42 NEW ISOGENOUS
SIEVECAND L=5 26(t=19/49)[ 2, 6 ] x x12(t=1/16)[ 12 ] prod=[ 2, 6, 12 ] order=144 cmp=43 NEW ISOGENOUS
SIEVECAND L=7 26(t=19/49)[ 2, 6 ] x x12(t=1/16)[ 12 ] prod=[ 2, 6, 12 ] order=144 cmp=43 NEW ISOGENOUS
SIEVECAND L=5 26(t=-19/50)[ 2, 6 ] x x12(t=3/26)[ 12 ] prod=[ 2, 6, 12 ] order=144 cmp=42 NEW ISOGENOUS
SIEVECAND L=7 26(t=-19/50)[ 2, 6 ] x x12(t=3/26)[ 12 ] prod=[ 2, 6, 12 ] order=144 cmp=42 NEW ISOGENOUS
SIEVECAND L=5 26(t=20/21)[ 2, 6 ] x x12(t=6/13)[ 12 ] prod=[ 2, 6, 12 ] order=144 cmp=42 NEW ISOGENOUS
SIEVECAND L=7 26(t=20/21)[ 2, 6 ] x x12(t=6/13)[ 12 ] prod=[ 2, 6, 12 ] order=144 cmp=42 NEW ISOGENOUS
SIEVECAND L=5 26(t=-22/3)[ 2, 6 ] x x12(t=1/7)[ 12 ] prod=[ 2, 6, 12 ] order=144 cmp=43 NEW ISOGENOUS
SIEVECAND L=7 26(t=-22/3)[ 2, 6 ] x x12(t=1/7)[ 12 ] prod=[ 2, 6, 12 ] order=144 cmp=43 NEW ISOGENOUS
SIEVECAND L=5 26(t=23/8)[ 2, 6 ] x x12(t=-3/2)[ 12 ] prod=[ 2, 6, 12 ] order=144 cmp=44 NEW ISOGENOUS
SIEVECAND L=7 26(t=23/8)[ 2, 6 ] x x12(t=-3/2)[ 12 ] prod=[ 2, 6, 12 ] order=144 cmp=44 NEW ISOGENOUS
PROGRESS sieve 1500/16514 rows, 86 cands, 72.370 s
SIEVECAND L=5 26(t=-24/5)[ 2, 6 ] x x12(t=-2/3)[ 12 ] prod=[ 2, 6, 12 ] order=144 cmp=43 NEW ISOGENOUS
SIEVECAND L=7 26(t=-24/5)[ 2, 6 ] x x12(t=-2/3)[ 12 ] prod=[ 2, 6, 12 ] order=144 cmp=43 NEW ISOGENOUS
SIEVECAND L=5 26(t=-25/8)[ 2, 6 ] x x12(t=3/14)[ 12 ] prod=[ 2, 6, 12 ] order=144 cmp=43 NEW ISOGENOUS
SIEVECAND L=7 26(t=-25/8)[ 2, 6 ] x x12(t=3/14)[ 12 ] prod=[ 2, 6, 12 ] order=144 cmp=43 NEW ISOGENOUS
SIEVECAND L=5 26(t=-25/32)[ 2, 6 ] x x12(t=3/22)[ 12 ] prod=[ 2, 6, 12 ] order=144 cmp=42 NEW ISOGENOUS
SIEVECAND L=7 26(t=-25/32)[ 2, 6 ] x x12(t=3/22)[ 12 ] prod=[ 2, 6, 12 ] order=144 cmp=42 NEW ISOGENOUS
SIEVECAND L=5 26(t=-25/56)[ 2, 6 ] x x12(t=7/23)[ 12 ] prod=[ 2, 6, 12 ] order=144 cmp=41 NEW ISOGENOUS
SIEVECAND L=7 26(t=-25/56)[ 2, 6 ] x x12(t=7/23)[ 12 ] prod=[ 2, 6, 12 ] order=144 cmp=41 NEW ISOGENOUS
SIEVECAND L=5 26(t=26/35)[ 2, 6 ] x x12(t=7/17)[ 12 ] prod=[ 2, 6, 12 ] order=144 cmp=42 NEW ISOGENOUS
SIEVECAND L=7 26(t=26/35)[ 2, 6 ] x x12(t=7/17)[ 12 ] prod=[ 2, 6, 12 ] order=144 cmp=42 NEW ISOGENOUS
SIEVECAND L=5 26(t=-27/22)[ 2, 6 ] x x12(t=4/15)[ 12 ] prod=[ 2, 6, 12 ] order=144 cmp=42 NEW ISOGENOUS
SIEVECAND L=7 26(t=-27/22)[ 2, 6 ] x x12(t=4/15)[ 12 ] prod=[ 2, 6, 12 ] order=144 cmp=42 NEW ISOGENOUS
SIEVECAND L=5 26(t=27/28)[ 2, 6 ] x x12(t=7/15)[ 12 ] prod=[ 2, 6, 12 ] order=144 cmp=43 NEW ISOGENOUS
SIEVECAND L=7 26(t=27/28)[ 2, 6 ] x x12(t=7/15)[ 12 ] prod=[ 2, 6, 12 ] order=144 cmp=43 NEW ISOGENOUS
SIEVECAND L=5 26(t=27/35)[ 2, 6 ] x x12(t=5/12)[ 12 ] prod=[ 2, 6, 12 ] order=144 cmp=43 NEW ISOGENOUS
SIEVECAND L=7 26(t=27/35)[ 2, 6 ] x x12(t=5/12)[ 12 ] prod=[ 2, 6, 12 ] order=144 cmp=43 NEW ISOGENOUS
SIEVECAND L=5 26(t=27/52)[ 2, 6 ] x x12(t=8/21)[ 12 ] prod=[ 2, 6, 12 ] order=144 cmp=43 NEW ISOGENOUS
SIEVECAND L=7 26(t=27/52)[ 2, 6 ] x x12(t=8/21)[ 12 ] prod=[ 2, 6, 12 ] order=144 cmp=43 NEW ISOGENOUS
SIEVECAND L=5 26(t=29/18)[ 2, 6 ] x x12(t=-1/10)[ 12 ] prod=[ 2, 6, 12 ] order=144 cmp=42 NEW ISOGENOUS
SIEVECAND L=7 26(t=29/18)[ 2, 6 ] x x12(t=-1/10)[ 12 ] prod=[ 2, 6, 12 ] order=144 cmp=42 NEW ISOGENOUS
SIEVECAND L=5 26(t=29/50)[ 2, 6 ] x x12(t=1/22)[ 12 ] prod=[ 2, 6, 12 ] order=144 cmp=42 NEW ISOGENOUS
SIEVECAND L=7 26(t=29/50)[ 2, 6 ] x x12(t=1/22)[ 12 ] prod=[ 2, 6, 12 ] order=144 cmp=42 NEW ISOGENOUS
SIEVECAND L=5 26(t=-31/10)[ 2, 6 ] x x12(t=-4)[ 12 ] prod=[ 2, 6, 12 ] order=144 cmp=43 NEW ISOGENOUS
SIEVECAND L=7 26(t=-31/10)[ 2, 6 ] x x12(t=-4)[ 12 ] prod=[ 2, 6, 12 ] order=144 cmp=43 NEW ISOGENOUS
PROGRESS sieve 2000/16514 rows, 110 cands, 94.160 s
SIEVECAND L=5 26(t=-34/15)[ 2, 6 ] x x12(t=3/13)[ 12 ] prod=[ 2, 6, 12 ] order=144 cmp=42 NEW ISOGENOUS
SIEVECAND L=7 26(t=-34/15)[ 2, 6 ] x x12(t=3/13)[ 12 ] prod=[ 2, 6, 12 ] order=144 cmp=42 NEW ISOGENOUS
SIEVECAND L=5 26(t=35/36)[ 2, 6 ] x x12(t=8/17)[ 12 ] prod=[ 2, 6, 12 ] order=144 cmp=41 NEW ISOGENOUS
SIEVECAND L=7 26(t=35/36)[ 2, 6 ] x x12(t=8/17)[ 12 ] prod=[ 2, 6, 12 ] order=144 cmp=41 NEW ISOGENOUS
SIEVECAND L=5 26(t=35/44)[ 2, 6 ] x x12(t=8/19)[ 12 ] prod=[ 2, 6, 12 ] order=144 cmp=41 NEW ISOGENOUS
SIEVECAND L=7 26(t=35/44)[ 2, 6 ] x x12(t=8/19)[ 12 ] prod=[ 2, 6, 12 ] order=144 cmp=41 NEW ISOGENOUS
SIEVECAND L=5 26(t=-40/9)[ 2, 6 ] x x12(t=2/11)[ 12 ] prod=[ 2, 6, 12 ] order=144 cmp=42 NEW ISOGENOUS
SIEVECAND L=7 26(t=-40/9)[ 2, 6 ] x x12(t=2/11)[ 12 ] prod=[ 2, 6, 12 ] order=144 cmp=42 NEW ISOGENOUS
PROGRESS sieve 2500/16514 rows, 118 cands, 112.160 s
SIEVECAND L=5 26(t=44/45)[ 2, 6 ] x x12(t=9/19)[ 12 ] prod=[ 2, 6, 12 ] order=144 cmp=42 NEW ISOGENOUS
SIEVECAND L=7 26(t=44/45)[ 2, 6 ] x x12(t=9/19)[ 12 ] prod=[ 2, 6, 12 ] order=144 cmp=42 NEW ISOGENOUS
SIEVECAND L=5 26(t=-46/7)[ 2, 6 ] x x12(t=-2/5)[ 12 ] prod=[ 2, 6, 12 ] order=144 cmp=43 NEW ISOGENOUS
SIEVECAND L=7 26(t=-46/7)[ 2, 6 ] x x12(t=-2/5)[ 12 ] prod=[ 2, 6, 12 ] order=144 cmp=43 NEW ISOGENOUS
SIEVECAND L=5 26(t=-46/15)[ 2, 6 ] x x12(t=-5)[ 12 ] prod=[ 2, 6, 12 ] order=144 cmp=42 NEW ISOGENOUS
SIEVECAND L=7 26(t=-46/15)[ 2, 6 ] x x12(t=-5)[ 12 ] prod=[ 2, 6, 12 ] order=144 cmp=42 NEW ISOGENOUS
SIEVECAND L=5 26(t=-46/35)[ 2, 6 ] x x12(t=5/19)[ 12 ] prod=[ 2, 6, 12 ] order=144 cmp=41 NEW ISOGENOUS
SIEVECAND L=7 26(t=-46/35)[ 2, 6 ] x x12(t=5/19)[ 12 ] prod=[ 2, 6, 12 ] order=144 cmp=41 NEW ISOGENOUS
SIEVECAND L=5 26(t=47/32)[ 2, 6 ] x x12(t=-1/14)[ 12 ] prod=[ 2, 6, 12 ] order=144 cmp=43 NEW ISOGENOUS
SIEVECAND L=7 26(t=47/32)[ 2, 6 ] x x12(t=-1/14)[ 12 ] prod=[ 2, 6, 12 ] order=144 cmp=43 NEW ISOGENOUS
PROGRESS sieve 3000/16514 rows, 128 cands, 129.670 s
SIEVECAND L=5 26(t=-51/14)[ 2, 6 ] x x12(t=-4/3)[ 12 ] prod=[ 2, 6, 12 ] order=144 cmp=42 NEW ISOGENOUS
SIEVECAND L=7 26(t=-51/14)[ 2, 6 ] x x12(t=-4/3)[ 12 ] prod=[ 2, 6, 12 ] order=144 cmp=42 NEW ISOGENOUS
SIEVECAND L=5 26(t=53/18)[ 2, 6 ] x x12(t=-5/2)[ 12 ] prod=[ 2, 6, 12 ] order=144 cmp=43 NEW ISOGENOUS
SIEVECAND L=7 26(t=53/18)[ 2, 6 ] x x12(t=-5/2)[ 12 ] prod=[ 2, 6, 12 ] order=144 cmp=43 NEW ISOGENOUS
SIEVECAND L=5 26(t=-53/25)[ 2, 6 ] x x12(t=3/16)[ 12 ] prod=[ 2, 6, 12 ] order=144 cmp=42 NEW ISOGENOUS
SIEVECAND L=7 26(t=-53/25)[ 2, 6 ] x x12(t=3/16)[ 12 ] prod=[ 2, 6, 12 ] order=144 cmp=42 NEW ISOGENOUS
SIEVECAND L=5 26(t=-53/49)[ 2, 6 ] x x12(t=3/20)[ 12 ] prod=[ 2, 6, 12 ] order=144 cmp=41 NEW ISOGENOUS
SIEVECAND L=7 26(t=-53/49)[ 2, 6 ] x x12(t=3/20)[ 12 ] prod=[ 2, 6, 12 ] order=144 cmp=41 NEW ISOGENOUS
SIEVECAND L=5 26(t=54/55)[ 2, 6 ] x x12(t=10/21)[ 12 ] prod=[ 2, 6, 12 ] order=144 cmp=41 NEW ISOGENOUS
SIEVECAND L=7 26(t=54/55)[ 2, 6 ] x x12(t=10/21)[ 12 ] prod=[ 2, 6, 12 ] order=144 cmp=41 NEW ISOGENOUS
SIEVECAND L=5 26(t=-55/26)[ 2, 6 ] x x12(t=4/17)[ 12 ] prod=[ 2, 6, 12 ] order=144 cmp=41 NEW ISOGENOUS
SIEVECAND L=7 26(t=-55/26)[ 2, 6 ] x x12(t=4/17)[ 12 ] prod=[ 2, 6, 12 ] order=144 cmp=41 NEW ISOGENOUS
SIEVECAND L=5 26(t=-55/29)[ 2, 6 ] x x12(t=-3/4)[ 12 ] prod=[ 2, 6, 12 ] order=144 cmp=43 NEW ISOGENOUS
SIEVECAND L=7 26(t=-55/29)[ 2, 6 ] x x12(t=-3/4)[ 12 ] prod=[ 2, 6, 12 ] order=144 cmp=43 NEW ISOGENOUS
SIEVECAND L=5 26(t=-57/8)[ 2, 6 ] x x12(t=5/18)[ 12 ] prod=[ 2, 6, 12 ] order=144 cmp=42 NEW ISOGENOUS
SIEVECAND L=7 26(t=-57/8)[ 2, 6 ] x x12(t=5/18)[ 12 ] prod=[ 2, 6, 12 ] order=144 cmp=42 NEW ISOGENOUS
PROGRESS sieve 3500/16514 rows, 144 cands, 147.200 s
PROGRESS sieve 4000/16514 rows, 144 cands, 166.260 s
PROGRESS sieve 4500/16514 rows, 144 cands, 183.960 s
PROGRESS sieve 5000/16514 rows, 144 cands, 200.210 s
PROGRESS sieve 5500/16514 rows, 144 cands, 215.070 s
PROGRESS sieve 6000/16514 rows, 144 cands, 228.490 s
SIEVECAND L=3 x7(t=2/11)[ 7 ] x x10(t=-1/2)[ 10 ] prod=[ 70 ] order=70 cmp=44 known
SIEVECAND L=3 x7(t=2/11)[ 7 ] x x10(t=1/3)[ 10 ] prod=[ 70 ] order=70 cmp=44 known
PROGRESS sieve 6500/16514 rows, 146 cands, 236.240 s
PROGRESS sieve 7000/16514 rows, 146 cands, 240.080 s
PROGRESS sieve 7500/16514 rows, 146 cands, 243.370 s
PROGRESS sieve 8000/16514 rows, 146 cands, 247.200 s
PROGRESS sieve 8500/16514 rows, 146 cands, 250.600 s
PROGRESS sieve 9000/16514 rows, 146 cands, 254.190 s
PROGRESS sieve 9500/16514 rows, 146 cands, 257.150 s
PROGRESS sieve 10000/16514 rows, 146 cands, 259.690 s
SIEVECAND L=7 x10(t=-1)[ 10 ] x x10(t=1/4)[ 10 ] prod=[ 10, 10 ] order=100 cmp=46 NEW ISOGENOUS
SIEVECAND L=3 x10(t=-1)[ 10 ] x x10(t=1/4)[ 10 ] prod=[ 10, 10 ] order=100 cmp=46 NEW ISOGENOUS
SIEVECAND L=7 x10(t=-1/2)[ 10 ] x x10(t=1/3)[ 10 ] prod=[ 10, 10 ] order=100 cmp=45 NEW ISOGENOUS
SIEVECAND L=3 x10(t=-1/2)[ 10 ] x x10(t=1/3)[ 10 ] prod=[ 10, 10 ] order=100 cmp=45 NEW ISOGENOUS
SIEVECAND L=7 x10(t=-1/3)[ 10 ] x x10(t=3/8)[ 10 ] prod=[ 10, 10 ] order=100 cmp=45 NEW ISOGENOUS
SIEVECAND L=3 x10(t=-1/3)[ 10 ] x x10(t=3/8)[ 10 ] prod=[ 10, 10 ] order=100 cmp=45 NEW ISOGENOUS
SIEVECAND L=7 x10(t=-1/4)[ 10 ] x x10(t=2/5)[ 10 ] prod=[ 10, 10 ] order=100 cmp=45 NEW ISOGENOUS
SIEVECAND L=3 x10(t=-1/4)[ 10 ] x x10(t=2/5)[ 10 ] prod=[ 10, 10 ] order=100 cmp=45 NEW ISOGENOUS
SIEVECAND L=7 x10(t=1/5)[ 10 ] x x10(t=-3/2)[ 10 ] prod=[ 10, 10 ] order=100 cmp=44 NEW ISOGENOUS
SIEVECAND L=3 x10(t=1/5)[ 10 ] x x10(t=-3/2)[ 10 ] prod=[ 10, 10 ] order=100 cmp=44 NEW ISOGENOUS
SIEVECAND L=7 x10(t=-1/5)[ 10 ] x x10(t=5/12)[ 10 ] prod=[ 10, 10 ] order=100 cmp=44 NEW ISOGENOUS
SIEVECAND L=3 x10(t=-1/5)[ 10 ] x x10(t=5/12)[ 10 ] prod=[ 10, 10 ] order=100 cmp=44 NEW ISOGENOUS
SIEVECAND L=7 x10(t=1/6)[ 10 ] x x10(t=-2)[ 10 ] prod=[ 10, 10 ] order=100 cmp=44 NEW ISOGENOUS
SIEVECAND L=3 x10(t=1/6)[ 10 ] x x10(t=-2)[ 10 ] prod=[ 10, 10 ] order=100 cmp=44 NEW ISOGENOUS
SIEVECAND L=7 x10(t=-1/6)[ 10 ] x x10(t=3/7)[ 10 ] prod=[ 10, 10 ] order=100 cmp=45 NEW ISOGENOUS
SIEVECAND L=3 x10(t=-1/6)[ 10 ] x x10(t=3/7)[ 10 ] prod=[ 10, 10 ] order=100 cmp=45 NEW ISOGENOUS
SIEVECAND L=7 x10(t=1/7)[ 10 ] x x10(t=-5/2)[ 10 ] prod=[ 10, 10 ] order=100 cmp=44 NEW ISOGENOUS
SIEVECAND L=3 x10(t=1/7)[ 10 ] x x10(t=-5/2)[ 10 ] prod=[ 10, 10 ] order=100 cmp=44 NEW ISOGENOUS
SIEVECAND L=7 x10(t=-1/7)[ 10 ] x x10(t=7/16)[ 10 ] prod=[ 10, 10 ] order=100 cmp=44 NEW ISOGENOUS
SIEVECAND L=3 x10(t=-1/7)[ 10 ] x x10(t=7/16)[ 10 ] prod=[ 10, 10 ] order=100 cmp=44 NEW ISOGENOUS
SIEVECAND L=7 x10(t=1/8)[ 10 ] x x10(t=-3)[ 10 ] prod=[ 10, 10 ] order=100 cmp=44 NEW ISOGENOUS
SIEVECAND L=3 x10(t=1/8)[ 10 ] x x10(t=-3)[ 10 ] prod=[ 10, 10 ] order=100 cmp=44 NEW ISOGENOUS
SIEVECAND L=7 x10(t=-1/8)[ 10 ] x x10(t=4/9)[ 10 ] prod=[ 10, 10 ] order=100 cmp=44 NEW ISOGENOUS
SIEVECAND L=3 x10(t=-1/8)[ 10 ] x x10(t=4/9)[ 10 ] prod=[ 10, 10 ] order=100 cmp=44 NEW ISOGENOUS
SIEVECAND L=7 x10(t=1/9)[ 10 ] x x10(t=-7/2)[ 10 ] prod=[ 10, 10 ] order=100 cmp=44 NEW ISOGENOUS
SIEVECAND L=3 x10(t=1/9)[ 10 ] x x10(t=-7/2)[ 10 ] prod=[ 10, 10 ] order=100 cmp=44 NEW ISOGENOUS
SIEVECAND L=7 x10(t=-1/9)[ 10 ] x x10(t=9/20)[ 10 ] prod=[ 10, 10 ] order=100 cmp=43 NEW ISOGENOUS
SIEVECAND L=3 x10(t=-1/9)[ 10 ] x x10(t=9/20)[ 10 ] prod=[ 10, 10 ] order=100 cmp=43 NEW ISOGENOUS
SIEVECAND L=7 x10(t=1/10)[ 10 ] x x10(t=-4)[ 10 ] prod=[ 10, 10 ] order=100 cmp=44 NEW ISOGENOUS
SIEVECAND L=3 x10(t=1/10)[ 10 ] x x10(t=-4)[ 10 ] prod=[ 10, 10 ] order=100 cmp=44 NEW ISOGENOUS
SIEVECAND L=7 x10(t=-1/10)[ 10 ] x x10(t=5/11)[ 10 ] prod=[ 10, 10 ] order=100 cmp=43 NEW ISOGENOUS
SIEVECAND L=3 x10(t=-1/10)[ 10 ] x x10(t=5/11)[ 10 ] prod=[ 10, 10 ] order=100 cmp=43 NEW ISOGENOUS
SIEVECAND L=7 x10(t=1/11)[ 10 ] x x10(t=-9/2)[ 10 ] prod=[ 10, 10 ] order=100 cmp=43 NEW ISOGENOUS
SIEVECAND L=3 x10(t=1/11)[ 10 ] x x10(t=-9/2)[ 10 ] prod=[ 10, 10 ] order=100 cmp=43 NEW ISOGENOUS
SIEVECAND L=7 x10(t=-1/11)[ 10 ] x x10(t=11/24)[ 10 ] prod=[ 10, 10 ] order=100 cmp=42 NEW ISOGENOUS
SIEVECAND L=3 x10(t=-1/11)[ 10 ] x x10(t=11/24)[ 10 ] prod=[ 10, 10 ] order=100 cmp=42 NEW ISOGENOUS
SIEVECAND L=7 x10(t=1/12)[ 10 ] x x10(t=-5)[ 10 ] prod=[ 10, 10 ] order=100 cmp=43 NEW ISOGENOUS
SIEVECAND L=3 x10(t=1/12)[ 10 ] x x10(t=-5)[ 10 ] prod=[ 10, 10 ] order=100 cmp=43 NEW ISOGENOUS
SIEVECAND L=7 x10(t=-1/12)[ 10 ] x x10(t=6/13)[ 10 ] prod=[ 10, 10 ] order=100 cmp=43 NEW ISOGENOUS
SIEVECAND L=3 x10(t=-1/12)[ 10 ] x x10(t=6/13)[ 10 ] prod=[ 10, 10 ] order=100 cmp=43 NEW ISOGENOUS
SIEVECAND L=7 x10(t=1/13)[ 10 ] x x10(t=-11/2)[ 10 ] prod=[ 10, 10 ] order=100 cmp=42 NEW ISOGENOUS
SIEVECAND L=3 x10(t=1/13)[ 10 ] x x10(t=-11/2)[ 10 ] prod=[ 10, 10 ] order=100 cmp=42 NEW ISOGENOUS
SIEVECAND L=7 x10(t=-1/13)[ 10 ] x x10(t=13/28)[ 10 ] prod=[ 10, 10 ] order=100 cmp=42 NEW ISOGENOUS
SIEVECAND L=3 x10(t=-1/13)[ 10 ] x x10(t=13/28)[ 10 ] prod=[ 10, 10 ] order=100 cmp=42 NEW ISOGENOUS
SIEVECAND L=7 x10(t=1/14)[ 10 ] x x10(t=-6)[ 10 ] prod=[ 10, 10 ] order=100 cmp=43 NEW ISOGENOUS
SIEVECAND L=3 x10(t=1/14)[ 10 ] x x10(t=-6)[ 10 ] prod=[ 10, 10 ] order=100 cmp=43 NEW ISOGENOUS
SIEVECAND L=7 x10(t=-1/14)[ 10 ] x x10(t=7/15)[ 10 ] prod=[ 10, 10 ] order=100 cmp=45 NEW ISOGENOUS
SIEVECAND L=3 x10(t=-1/14)[ 10 ] x x10(t=7/15)[ 10 ] prod=[ 10, 10 ] order=100 cmp=45 NEW ISOGENOUS
SIEVECAND L=7 x10(t=1/15)[ 10 ] x x10(t=-13/2)[ 10 ] prod=[ 10, 10 ] order=100 cmp=44 NEW ISOGENOUS
SIEVECAND L=3 x10(t=1/15)[ 10 ] x x10(t=-13/2)[ 10 ] prod=[ 10, 10 ] order=100 cmp=44 NEW ISOGENOUS
SIEVECAND L=7 x10(t=-1/15)[ 10 ] x x10(t=15/32)[ 10 ] prod=[ 10, 10 ] order=100 cmp=44 NEW ISOGENOUS
SIEVECAND L=3 x10(t=-1/15)[ 10 ] x x10(t=15/32)[ 10 ] prod=[ 10, 10 ] order=100 cmp=44 NEW ISOGENOUS
SIEVECAND L=7 x10(t=1/16)[ 10 ] x x10(t=-7)[ 10 ] prod=[ 10, 10 ] order=100 cmp=43 NEW ISOGENOUS
SIEVECAND L=3 x10(t=1/16)[ 10 ] x x10(t=-7)[ 10 ] prod=[ 10, 10 ] order=100 cmp=43 NEW ISOGENOUS
SIEVECAND L=7 x10(t=-1/16)[ 10 ] x x10(t=8/17)[ 10 ] prod=[ 10, 10 ] order=100 cmp=43 NEW ISOGENOUS
SIEVECAND L=3 x10(t=-1/16)[ 10 ] x x10(t=8/17)[ 10 ] prod=[ 10, 10 ] order=100 cmp=43 NEW ISOGENOUS
SIEVECAND L=7 x10(t=1/17)[ 10 ] x x10(t=-15/2)[ 10 ] prod=[ 10, 10 ] order=100 cmp=43 NEW ISOGENOUS
SIEVECAND L=3 x10(t=1/17)[ 10 ] x x10(t=-15/2)[ 10 ] prod=[ 10, 10 ] order=100 cmp=43 NEW ISOGENOUS
SIEVECAND L=7 x10(t=-1/17)[ 10 ] x x10(t=17/36)[ 10 ] prod=[ 10, 10 ] order=100 cmp=42 NEW ISOGENOUS
SIEVECAND L=3 x10(t=-1/17)[ 10 ] x x10(t=17/36)[ 10 ] prod=[ 10, 10 ] order=100 cmp=42 NEW ISOGENOUS
SIEVECAND L=7 x10(t=1/18)[ 10 ] x x10(t=-8)[ 10 ] prod=[ 10, 10 ] order=100 cmp=44 NEW ISOGENOUS
SIEVECAND L=3 x10(t=1/18)[ 10 ] x x10(t=-8)[ 10 ] prod=[ 10, 10 ] order=100 cmp=44 NEW ISOGENOUS
SIEVECAND L=7 x10(t=-1/18)[ 10 ] x x10(t=9/19)[ 10 ] prod=[ 10, 10 ] order=100 cmp=44 NEW ISOGENOUS
SIEVECAND L=3 x10(t=-1/18)[ 10 ] x x10(t=9/19)[ 10 ] prod=[ 10, 10 ] order=100 cmp=44 NEW ISOGENOUS
SIEVECAND L=7 x10(t=1/19)[ 10 ] x x10(t=-17/2)[ 10 ] prod=[ 10, 10 ] order=100 cmp=42 NEW ISOGENOUS
SIEVECAND L=3 x10(t=1/19)[ 10 ] x x10(t=-17/2)[ 10 ] prod=[ 10, 10 ] order=100 cmp=42 NEW ISOGENOUS
SIEVECAND L=7 x10(t=-1/19)[ 10 ] x x10(t=19/40)[ 10 ] prod=[ 10, 10 ] order=100 cmp=43 NEW ISOGENOUS
SIEVECAND L=3 x10(t=-1/19)[ 10 ] x x10(t=19/40)[ 10 ] prod=[ 10, 10 ] order=100 cmp=43 NEW ISOGENOUS
SIEVECAND L=7 x10(t=1/20)[ 10 ] x x10(t=-9)[ 10 ] prod=[ 10, 10 ] order=100 cmp=42 NEW ISOGENOUS
SIEVECAND L=3 x10(t=1/20)[ 10 ] x x10(t=-9)[ 10 ] prod=[ 10, 10 ] order=100 cmp=42 NEW ISOGENOUS
SIEVECAND L=7 x10(t=-1/20)[ 10 ] x x10(t=10/21)[ 10 ] prod=[ 10, 10 ] order=100 cmp=44 NEW ISOGENOUS
SIEVECAND L=3 x10(t=-1/20)[ 10 ] x x10(t=10/21)[ 10 ] prod=[ 10, 10 ] order=100 cmp=44 NEW ISOGENOUS
SIEVECAND L=7 x10(t=1/21)[ 10 ] x x10(t=-19/2)[ 10 ] prod=[ 10, 10 ] order=100 cmp=45 NEW ISOGENOUS
SIEVECAND L=3 x10(t=1/21)[ 10 ] x x10(t=-19/2)[ 10 ] prod=[ 10, 10 ] order=100 cmp=45 NEW ISOGENOUS
SIEVECAND L=7 x10(t=-1/21)[ 10 ] x x10(t=21/44)[ 10 ] prod=[ 10, 10 ] order=100 cmp=42 NEW ISOGENOUS
SIEVECAND L=3 x10(t=-1/21)[ 10 ] x x10(t=21/44)[ 10 ] prod=[ 10, 10 ] order=100 cmp=42 NEW ISOGENOUS
SIEVECAND L=7 x10(t=1/22)[ 10 ] x x10(t=-10)[ 10 ] prod=[ 10, 10 ] order=100 cmp=44 NEW ISOGENOUS
SIEVECAND L=3 x10(t=1/22)[ 10 ] x x10(t=-10)[ 10 ] prod=[ 10, 10 ] order=100 cmp=44 NEW ISOGENOUS
SIEVECAND L=7 x10(t=-1/22)[ 10 ] x x10(t=11/23)[ 10 ] prod=[ 10, 10 ] order=100 cmp=41 NEW ISOGENOUS
SIEVECAND L=3 x10(t=-1/22)[ 10 ] x x10(t=11/23)[ 10 ] prod=[ 10, 10 ] order=100 cmp=41 NEW ISOGENOUS
SIEVECAND L=7 x10(t=1/23)[ 10 ] x x10(t=-21/2)[ 10 ] prod=[ 10, 10 ] order=100 cmp=44 NEW ISOGENOUS
SIEVECAND L=3 x10(t=1/23)[ 10 ] x x10(t=-21/2)[ 10 ] prod=[ 10, 10 ] order=100 cmp=44 NEW ISOGENOUS
PROGRESS sieve 10500/16514 rows, 228 cands, 262.030 s
SIEVECAND L=7 x10(t=-1/23)[ 10 ] x x10(t=23/48)[ 10 ] prod=[ 10, 10 ] order=100 cmp=45 NEW ISOGENOUS
SIEVECAND L=3 x10(t=-1/23)[ 10 ] x x10(t=23/48)[ 10 ] prod=[ 10, 10 ] order=100 cmp=45 NEW ISOGENOUS
SIEVECAND L=7 x10(t=1/24)[ 10 ] x x10(t=-11)[ 10 ] prod=[ 10, 10 ] order=100 cmp=42 NEW ISOGENOUS
SIEVECAND L=3 x10(t=1/24)[ 10 ] x x10(t=-11)[ 10 ] prod=[ 10, 10 ] order=100 cmp=42 NEW ISOGENOUS
SIEVECAND L=7 x10(t=-1/24)[ 10 ] x x10(t=12/25)[ 10 ] prod=[ 10, 10 ] order=100 cmp=42 NEW ISOGENOUS
SIEVECAND L=3 x10(t=-1/24)[ 10 ] x x10(t=12/25)[ 10 ] prod=[ 10, 10 ] order=100 cmp=42 NEW ISOGENOUS
SIEVECAND L=7 x10(t=1/25)[ 10 ] x x10(t=-23/2)[ 10 ] prod=[ 10, 10 ] order=100 cmp=41 NEW ISOGENOUS
SIEVECAND L=3 x10(t=1/25)[ 10 ] x x10(t=-23/2)[ 10 ] prod=[ 10, 10 ] order=100 cmp=41 NEW ISOGENOUS
SIEVECAND L=7 x10(t=-1/25)[ 10 ] x x10(t=25/52)[ 10 ] prod=[ 10, 10 ] order=100 cmp=45 NEW ISOGENOUS
SIEVECAND L=3 x10(t=-1/25)[ 10 ] x x10(t=25/52)[ 10 ] prod=[ 10, 10 ] order=100 cmp=45 NEW ISOGENOUS
SIEVECAND L=7 x10(t=1/26)[ 10 ] x x10(t=-12)[ 10 ] prod=[ 10, 10 ] order=100 cmp=44 NEW ISOGENOUS
SIEVECAND L=3 x10(t=1/26)[ 10 ] x x10(t=-12)[ 10 ] prod=[ 10, 10 ] order=100 cmp=44 NEW ISOGENOUS
SIEVECAND L=7 x10(t=-1/26)[ 10 ] x x10(t=13/27)[ 10 ] prod=[ 10, 10 ] order=100 cmp=43 NEW ISOGENOUS
SIEVECAND L=3 x10(t=-1/26)[ 10 ] x x10(t=13/27)[ 10 ] prod=[ 10, 10 ] order=100 cmp=43 NEW ISOGENOUS
SIEVECAND L=7 x10(t=1/27)[ 10 ] x x10(t=-25/2)[ 10 ] prod=[ 10, 10 ] order=100 cmp=41 NEW ISOGENOUS
SIEVECAND L=3 x10(t=1/27)[ 10 ] x x10(t=-25/2)[ 10 ] prod=[ 10, 10 ] order=100 cmp=41 NEW ISOGENOUS
SIEVECAND L=7 x10(t=-1/27)[ 10 ] x x10(t=27/56)[ 10 ] prod=[ 10, 10 ] order=100 cmp=43 NEW ISOGENOUS
SIEVECAND L=3 x10(t=-1/27)[ 10 ] x x10(t=27/56)[ 10 ] prod=[ 10, 10 ] order=100 cmp=43 NEW ISOGENOUS
SIEVECAND L=7 x10(t=1/28)[ 10 ] x x10(t=-13)[ 10 ] prod=[ 10, 10 ] order=100 cmp=43 NEW ISOGENOUS
SIEVECAND L=3 x10(t=1/28)[ 10 ] x x10(t=-13)[ 10 ] prod=[ 10, 10 ] order=100 cmp=43 NEW ISOGENOUS
SIEVECAND L=7 x10(t=-1/28)[ 10 ] x x10(t=14/29)[ 10 ] prod=[ 10, 10 ] order=100 cmp=42 NEW ISOGENOUS
SIEVECAND L=3 x10(t=-1/28)[ 10 ] x x10(t=14/29)[ 10 ] prod=[ 10, 10 ] order=100 cmp=42 NEW ISOGENOUS
SIEVECAND L=7 x10(t=1/29)[ 10 ] x x10(t=-27/2)[ 10 ] prod=[ 10, 10 ] order=100 cmp=43 NEW ISOGENOUS
SIEVECAND L=3 x10(t=1/29)[ 10 ] x x10(t=-27/2)[ 10 ] prod=[ 10, 10 ] order=100 cmp=43 NEW ISOGENOUS
SIEVECAND L=7 x10(t=-1/29)[ 10 ] x x10(t=29/60)[ 10 ] prod=[ 10, 10 ] order=100 cmp=42 NEW ISOGENOUS
SIEVECAND L=3 x10(t=-1/29)[ 10 ] x x10(t=29/60)[ 10 ] prod=[ 10, 10 ] order=100 cmp=42 NEW ISOGENOUS
SIEVECAND L=7 x10(t=1/30)[ 10 ] x x10(t=-14)[ 10 ] prod=[ 10, 10 ] order=100 cmp=45 NEW ISOGENOUS
SIEVECAND L=3 x10(t=1/30)[ 10 ] x x10(t=-14)[ 10 ] prod=[ 10, 10 ] order=100 cmp=45 NEW ISOGENOUS
SIEVECAND L=7 x10(t=-1/30)[ 10 ] x x10(t=15/31)[ 10 ] prod=[ 10, 10 ] order=100 cmp=43 NEW ISOGENOUS
SIEVECAND L=3 x10(t=-1/30)[ 10 ] x x10(t=15/31)[ 10 ] prod=[ 10, 10 ] order=100 cmp=43 NEW ISOGENOUS
SIEVECAND L=7 x10(t=1/31)[ 10 ] x x10(t=-29/2)[ 10 ] prod=[ 10, 10 ] order=100 cmp=42 NEW ISOGENOUS
SIEVECAND L=3 x10(t=1/31)[ 10 ] x x10(t=-29/2)[ 10 ] prod=[ 10, 10 ] order=100 cmp=42 NEW ISOGENOUS
SIEVECAND L=7 x10(t=-1/31)[ 10 ] x x10(t=33/2)[ 10 ] prod=[ 10, 10 ] order=100 cmp=42 NEW ISOGENOUS
SIEVECAND L=3 x10(t=-1/31)[ 10 ] x x10(t=33/2)[ 10 ] prod=[ 10, 10 ] order=100 cmp=42 NEW ISOGENOUS
SIEVECAND L=7 x10(t=1/32)[ 10 ] x x10(t=-15)[ 10 ] prod=[ 10, 10 ] order=100 cmp=45 NEW ISOGENOUS
SIEVECAND L=3 x10(t=1/32)[ 10 ] x x10(t=-15)[ 10 ] prod=[ 10, 10 ] order=100 cmp=45 NEW ISOGENOUS
SIEVECAND L=7 x10(t=-1/32)[ 10 ] x x10(t=16/33)[ 10 ] prod=[ 10, 10 ] order=100 cmp=42 NEW ISOGENOUS
SIEVECAND L=3 x10(t=-1/32)[ 10 ] x x10(t=16/33)[ 10 ] prod=[ 10, 10 ] order=100 cmp=42 NEW ISOGENOUS
SIEVECAND L=7 x10(t=1/33)[ 10 ] x x10(t=-31/2)[ 10 ] prod=[ 10, 10 ] order=100 cmp=44 NEW ISOGENOUS
SIEVECAND L=3 x10(t=1/33)[ 10 ] x x10(t=-31/2)[ 10 ] prod=[ 10, 10 ] order=100 cmp=44 NEW ISOGENOUS
SIEVECAND L=7 x10(t=-1/33)[ 10 ] x x10(t=35/2)[ 10 ] prod=[ 10, 10 ] order=100 cmp=42 NEW ISOGENOUS
SIEVECAND L=3 x10(t=-1/33)[ 10 ] x x10(t=35/2)[ 10 ] prod=[ 10, 10 ] order=100 cmp=42 NEW ISOGENOUS
SIEVECAND L=7 x10(t=1/34)[ 10 ] x x10(t=-16)[ 10 ] prod=[ 10, 10 ] order=100 cmp=42 NEW ISOGENOUS
SIEVECAND L=3 x10(t=1/34)[ 10 ] x x10(t=-16)[ 10 ] prod=[ 10, 10 ] order=100 cmp=42 NEW ISOGENOUS
SIEVECAND L=7 x10(t=-1/34)[ 10 ] x x10(t=17/35)[ 10 ] prod=[ 10, 10 ] order=100 cmp=45 NEW ISOGENOUS
SIEVECAND L=3 x10(t=-1/34)[ 10 ] x x10(t=17/35)[ 10 ] prod=[ 10, 10 ] order=100 cmp=45 NEW ISOGENOUS
SIEVECAND L=7 x10(t=1/35)[ 10 ] x x10(t=-33/2)[ 10 ] prod=[ 10, 10 ] order=100 cmp=42 NEW ISOGENOUS
SIEVECAND L=3 x10(t=1/35)[ 10 ] x x10(t=-33/2)[ 10 ] prod=[ 10, 10 ] order=100 cmp=42 NEW ISOGENOUS
SIEVECAND L=7 x10(t=-1/35)[ 10 ] x x10(t=37/2)[ 10 ] prod=[ 10, 10 ] order=100 cmp=44 NEW ISOGENOUS
SIEVECAND L=3 x10(t=-1/35)[ 10 ] x x10(t=37/2)[ 10 ] prod=[ 10, 10 ] order=100 cmp=44 NEW ISOGENOUS
SIEVECAND L=7 x10(t=1/36)[ 10 ] x x10(t=-17)[ 10 ] prod=[ 10, 10 ] order=100 cmp=41 NEW ISOGENOUS
SIEVECAND L=3 x10(t=1/36)[ 10 ] x x10(t=-17)[ 10 ] prod=[ 10, 10 ] order=100 cmp=41 NEW ISOGENOUS
SIEVECAND L=7 x10(t=-1/36)[ 10 ] x x10(t=18/37)[ 10 ] prod=[ 10, 10 ] order=100 cmp=43 NEW ISOGENOUS
SIEVECAND L=3 x10(t=-1/36)[ 10 ] x x10(t=18/37)[ 10 ] prod=[ 10, 10 ] order=100 cmp=43 NEW ISOGENOUS
SIEVECAND L=7 x10(t=1/37)[ 10 ] x x10(t=-35/2)[ 10 ] prod=[ 10, 10 ] order=100 cmp=45 NEW ISOGENOUS
SIEVECAND L=3 x10(t=1/37)[ 10 ] x x10(t=-35/2)[ 10 ] prod=[ 10, 10 ] order=100 cmp=45 NEW ISOGENOUS
SIEVECAND L=7 x10(t=-1/37)[ 10 ] x x10(t=39/2)[ 10 ] prod=[ 10, 10 ] order=100 cmp=43 NEW ISOGENOUS
SIEVECAND L=3 x10(t=-1/37)[ 10 ] x x10(t=39/2)[ 10 ] prod=[ 10, 10 ] order=100 cmp=43 NEW ISOGENOUS
SIEVECAND L=7 x10(t=1/38)[ 10 ] x x10(t=-18)[ 10 ] prod=[ 10, 10 ] order=100 cmp=43 NEW ISOGENOUS
SIEVECAND L=3 x10(t=1/38)[ 10 ] x x10(t=-18)[ 10 ] prod=[ 10, 10 ] order=100 cmp=43 NEW ISOGENOUS
SIEVECAND L=7 x10(t=-1/38)[ 10 ] x x10(t=19/39)[ 10 ] prod=[ 10, 10 ] order=100 cmp=42 NEW ISOGENOUS
SIEVECAND L=3 x10(t=-1/38)[ 10 ] x x10(t=19/39)[ 10 ] prod=[ 10, 10 ] order=100 cmp=42 NEW ISOGENOUS
SIEVECAND L=7 x10(t=1/39)[ 10 ] x x10(t=-37/2)[ 10 ] prod=[ 10, 10 ] order=100 cmp=41 NEW ISOGENOUS
SIEVECAND L=3 x10(t=1/39)[ 10 ] x x10(t=-37/2)[ 10 ] prod=[ 10, 10 ] order=100 cmp=41 NEW ISOGENOUS
SIEVECAND L=7 x10(t=-1/39)[ 10 ] x x10(t=41/2)[ 10 ] prod=[ 10, 10 ] order=100 cmp=42 NEW ISOGENOUS
SIEVECAND L=3 x10(t=-1/39)[ 10 ] x x10(t=41/2)[ 10 ] prod=[ 10, 10 ] order=100 cmp=42 NEW ISOGENOUS
SIEVECAND L=7 x10(t=1/40)[ 10 ] x x10(t=-19)[ 10 ] prod=[ 10, 10 ] order=100 cmp=44 NEW ISOGENOUS
SIEVECAND L=3 x10(t=1/40)[ 10 ] x x10(t=-19)[ 10 ] prod=[ 10, 10 ] order=100 cmp=44 NEW ISOGENOUS
SIEVECAND L=7 x10(t=-1/40)[ 10 ] x x10(t=20/41)[ 10 ] prod=[ 10, 10 ] order=100 cmp=45 NEW ISOGENOUS
SIEVECAND L=3 x10(t=-1/40)[ 10 ] x x10(t=20/41)[ 10 ] prod=[ 10, 10 ] order=100 cmp=45 NEW ISOGENOUS
SIEVECAND L=7 x10(t=1/41)[ 10 ] x x10(t=-39/2)[ 10 ] prod=[ 10, 10 ] order=100 cmp=44 NEW ISOGENOUS
SIEVECAND L=3 x10(t=1/41)[ 10 ] x x10(t=-39/2)[ 10 ] prod=[ 10, 10 ] order=100 cmp=44 NEW ISOGENOUS
SIEVECAND L=7 x10(t=-1/41)[ 10 ] x x10(t=43/2)[ 10 ] prod=[ 10, 10 ] order=100 cmp=41 NEW ISOGENOUS
SIEVECAND L=3 x10(t=-1/41)[ 10 ] x x10(t=43/2)[ 10 ] prod=[ 10, 10 ] order=100 cmp=41 NEW ISOGENOUS
SIEVECAND L=7 x10(t=1/42)[ 10 ] x x10(t=-20)[ 10 ] prod=[ 10, 10 ] order=100 cmp=43 NEW ISOGENOUS
SIEVECAND L=3 x10(t=1/42)[ 10 ] x x10(t=-20)[ 10 ] prod=[ 10, 10 ] order=100 cmp=43 NEW ISOGENOUS
SIEVECAND L=7 x10(t=-1/42)[ 10 ] x x10(t=21/43)[ 10 ] prod=[ 10, 10 ] order=100 cmp=42 NEW ISOGENOUS
SIEVECAND L=3 x10(t=-1/42)[ 10 ] x x10(t=21/43)[ 10 ] prod=[ 10, 10 ] order=100 cmp=42 NEW ISOGENOUS
SIEVECAND L=7 x10(t=1/43)[ 10 ] x x10(t=-41/2)[ 10 ] prod=[ 10, 10 ] order=100 cmp=44 NEW ISOGENOUS
SIEVECAND L=3 x10(t=1/43)[ 10 ] x x10(t=-41/2)[ 10 ] prod=[ 10, 10 ] order=100 cmp=44 NEW ISOGENOUS
SIEVECAND L=7 x10(t=-1/43)[ 10 ] x x10(t=45/2)[ 10 ] prod=[ 10, 10 ] order=100 cmp=44 NEW ISOGENOUS
SIEVECAND L=3 x10(t=-1/43)[ 10 ] x x10(t=45/2)[ 10 ] prod=[ 10, 10 ] order=100 cmp=44 NEW ISOGENOUS
SIEVECAND L=7 x10(t=1/44)[ 10 ] x x10(t=-21)[ 10 ] prod=[ 10, 10 ] order=100 cmp=42 NEW ISOGENOUS
SIEVECAND L=3 x10(t=1/44)[ 10 ] x x10(t=-21)[ 10 ] prod=[ 10, 10 ] order=100 cmp=42 NEW ISOGENOUS
SIEVECAND L=7 x10(t=-1/44)[ 10 ] x x10(t=22/45)[ 10 ] prod=[ 10, 10 ] order=100 cmp=44 NEW ISOGENOUS
SIEVECAND L=3 x10(t=-1/44)[ 10 ] x x10(t=22/45)[ 10 ] prod=[ 10, 10 ] order=100 cmp=44 NEW ISOGENOUS
SIEVECAND L=7 x10(t=1/45)[ 10 ] x x10(t=-43/2)[ 10 ] prod=[ 10, 10 ] order=100 cmp=42 NEW ISOGENOUS
SIEVECAND L=3 x10(t=1/45)[ 10 ] x x10(t=-43/2)[ 10 ] prod=[ 10, 10 ] order=100 cmp=42 NEW ISOGENOUS
SIEVECAND L=7 x10(t=-1/45)[ 10 ] x x10(t=47/2)[ 10 ] prod=[ 10, 10 ] order=100 cmp=44 NEW ISOGENOUS
SIEVECAND L=3 x10(t=-1/45)[ 10 ] x x10(t=47/2)[ 10 ] prod=[ 10, 10 ] order=100 cmp=44 NEW ISOGENOUS
SIEVECAND L=7 x10(t=1/46)[ 10 ] x x10(t=-22)[ 10 ] prod=[ 10, 10 ] order=100 cmp=42 NEW ISOGENOUS
SIEVECAND L=3 x10(t=1/46)[ 10 ] x x10(t=-22)[ 10 ] prod=[ 10, 10 ] order=100 cmp=42 NEW ISOGENOUS
SIEVECAND L=7 x10(t=-1/46)[ 10 ] x x10(t=23/47)[ 10 ] prod=[ 10, 10 ] order=100 cmp=41 NEW ISOGENOUS
SIEVECAND L=3 x10(t=-1/46)[ 10 ] x x10(t=23/47)[ 10 ] prod=[ 10, 10 ] order=100 cmp=41 NEW ISOGENOUS
SIEVECAND L=7 x10(t=1/47)[ 10 ] x x10(t=-45/2)[ 10 ] prod=[ 10, 10 ] order=100 cmp=42 NEW ISOGENOUS
SIEVECAND L=3 x10(t=1/47)[ 10 ] x x10(t=-45/2)[ 10 ] prod=[ 10, 10 ] order=100 cmp=42 NEW ISOGENOUS
SIEVECAND L=7 x10(t=-1/47)[ 10 ] x x10(t=49/2)[ 10 ] prod=[ 10, 10 ] order=100 cmp=45 NEW ISOGENOUS
SIEVECAND L=3 x10(t=-1/47)[ 10 ] x x10(t=49/2)[ 10 ] prod=[ 10, 10 ] order=100 cmp=45 NEW ISOGENOUS
SIEVECAND L=7 x10(t=1/48)[ 10 ] x x10(t=-23)[ 10 ] prod=[ 10, 10 ] order=100 cmp=44 NEW ISOGENOUS
SIEVECAND L=3 x10(t=1/48)[ 10 ] x x10(t=-23)[ 10 ] prod=[ 10, 10 ] order=100 cmp=44 NEW ISOGENOUS
SIEVECAND L=7 x10(t=-1/48)[ 10 ] x x10(t=24/49)[ 10 ] prod=[ 10, 10 ] order=100 cmp=42 NEW ISOGENOUS
SIEVECAND L=3 x10(t=-1/48)[ 10 ] x x10(t=24/49)[ 10 ] prod=[ 10, 10 ] order=100 cmp=42 NEW ISOGENOUS
SIEVECAND L=7 x10(t=1/49)[ 10 ] x x10(t=-47/2)[ 10 ] prod=[ 10, 10 ] order=100 cmp=43 NEW ISOGENOUS
SIEVECAND L=3 x10(t=1/49)[ 10 ] x x10(t=-47/2)[ 10 ] prod=[ 10, 10 ] order=100 cmp=43 NEW ISOGENOUS
SIEVECAND L=7 x10(t=-1/49)[ 10 ] x x10(t=51/2)[ 10 ] prod=[ 10, 10 ] order=100 cmp=43 NEW ISOGENOUS
SIEVECAND L=3 x10(t=-1/49)[ 10 ] x x10(t=51/2)[ 10 ] prod=[ 10, 10 ] order=100 cmp=43 NEW ISOGENOUS
SIEVECAND L=7 x10(t=1/50)[ 10 ] x x10(t=-24)[ 10 ] prod=[ 10, 10 ] order=100 cmp=44 NEW ISOGENOUS
SIEVECAND L=3 x10(t=1/50)[ 10 ] x x10(t=-24)[ 10 ] prod=[ 10, 10 ] order=100 cmp=44 NEW ISOGENOUS
SIEVECAND L=7 x10(t=-1/50)[ 10 ] x x10(t=25/51)[ 10 ] prod=[ 10, 10 ] order=100 cmp=43 NEW ISOGENOUS
SIEVECAND L=3 x10(t=-1/50)[ 10 ] x x10(t=25/51)[ 10 ] prod=[ 10, 10 ] order=100 cmp=43 NEW ISOGENOUS
SIEVECAND L=7 x10(t=1/51)[ 10 ] x x10(t=-49/2)[ 10 ] prod=[ 10, 10 ] order=100 cmp=43 NEW ISOGENOUS
SIEVECAND L=3 x10(t=1/51)[ 10 ] x x10(t=-49/2)[ 10 ] prod=[ 10, 10 ] order=100 cmp=43 NEW ISOGENOUS
SIEVECAND L=7 x10(t=-1/51)[ 10 ] x x10(t=53/2)[ 10 ] prod=[ 10, 10 ] order=100 cmp=41 NEW ISOGENOUS
SIEVECAND L=3 x10(t=-1/51)[ 10 ] x x10(t=53/2)[ 10 ] prod=[ 10, 10 ] order=100 cmp=41 NEW ISOGENOUS
SIEVECAND L=7 x10(t=1/52)[ 10 ] x x10(t=-25)[ 10 ] prod=[ 10, 10 ] order=100 cmp=44 NEW ISOGENOUS
SIEVECAND L=3 x10(t=1/52)[ 10 ] x x10(t=-25)[ 10 ] prod=[ 10, 10 ] order=100 cmp=44 NEW ISOGENOUS
SIEVECAND L=7 x10(t=-1/52)[ 10 ] x x10(t=26/53)[ 10 ] prod=[ 10, 10 ] order=100 cmp=42 NEW ISOGENOUS
SIEVECAND L=3 x10(t=-1/52)[ 10 ] x x10(t=26/53)[ 10 ] prod=[ 10, 10 ] order=100 cmp=42 NEW ISOGENOUS
SIEVECAND L=7 x10(t=1/53)[ 10 ] x x10(t=-51/2)[ 10 ] prod=[ 10, 10 ] order=100 cmp=40 NEW ISOGENOUS
SIEVECAND L=3 x10(t=1/53)[ 10 ] x x10(t=-51/2)[ 10 ] prod=[ 10, 10 ] order=100 cmp=40 NEW ISOGENOUS
SIEVECAND L=7 x10(t=-1/53)[ 10 ] x x10(t=55/2)[ 10 ] prod=[ 10, 10 ] order=100 cmp=44 NEW ISOGENOUS
SIEVECAND L=3 x10(t=-1/53)[ 10 ] x x10(t=55/2)[ 10 ] prod=[ 10, 10 ] order=100 cmp=44 NEW ISOGENOUS
SIEVECAND L=7 x10(t=1/54)[ 10 ] x x10(t=-26)[ 10 ] prod=[ 10, 10 ] order=100 cmp=41 NEW ISOGENOUS
SIEVECAND L=3 x10(t=1/54)[ 10 ] x x10(t=-26)[ 10 ] prod=[ 10, 10 ] order=100 cmp=41 NEW ISOGENOUS
SIEVECAND L=7 x10(t=-1/54)[ 10 ] x x10(t=27/55)[ 10 ] prod=[ 10, 10 ] order=100 cmp=45 NEW ISOGENOUS
SIEVECAND L=3 x10(t=-1/54)[ 10 ] x x10(t=27/55)[ 10 ] prod=[ 10, 10 ] order=100 cmp=45 NEW ISOGENOUS
SIEVECAND L=7 x10(t=1/55)[ 10 ] x x10(t=-53/2)[ 10 ] prod=[ 10, 10 ] order=100 cmp=42 NEW ISOGENOUS
SIEVECAND L=3 x10(t=1/55)[ 10 ] x x10(t=-53/2)[ 10 ] prod=[ 10, 10 ] order=100 cmp=42 NEW ISOGENOUS
SIEVECAND L=7 x10(t=-1/55)[ 10 ] x x10(t=57/2)[ 10 ] prod=[ 10, 10 ] order=100 cmp=42 NEW ISOGENOUS
SIEVECAND L=3 x10(t=-1/55)[ 10 ] x x10(t=57/2)[ 10 ] prod=[ 10, 10 ] order=100 cmp=42 NEW ISOGENOUS
SIEVECAND L=7 x10(t=1/56)[ 10 ] x x10(t=-27)[ 10 ] prod=[ 10, 10 ] order=100 cmp=45 NEW ISOGENOUS
SIEVECAND L=3 x10(t=1/56)[ 10 ] x x10(t=-27)[ 10 ] prod=[ 10, 10 ] order=100 cmp=45 NEW ISOGENOUS
SIEVECAND L=7 x10(t=-1/56)[ 10 ] x x10(t=28/57)[ 10 ] prod=[ 10, 10 ] order=100 cmp=43 NEW ISOGENOUS
SIEVECAND L=3 x10(t=-1/56)[ 10 ] x x10(t=28/57)[ 10 ] prod=[ 10, 10 ] order=100 cmp=43 NEW ISOGENOUS
SIEVECAND L=7 x10(t=1/57)[ 10 ] x x10(t=-55/2)[ 10 ] prod=[ 10, 10 ] order=100 cmp=44 NEW ISOGENOUS
SIEVECAND L=3 x10(t=1/57)[ 10 ] x x10(t=-55/2)[ 10 ] prod=[ 10, 10 ] order=100 cmp=44 NEW ISOGENOUS
SIEVECAND L=7 x10(t=-1/57)[ 10 ] x x10(t=59/2)[ 10 ] prod=[ 10, 10 ] order=100 cmp=40 NEW ISOGENOUS
SIEVECAND L=3 x10(t=-1/57)[ 10 ] x x10(t=59/2)[ 10 ] prod=[ 10, 10 ] order=100 cmp=40 NEW ISOGENOUS
SIEVECAND L=7 x10(t=1/58)[ 10 ] x x10(t=-28)[ 10 ] prod=[ 10, 10 ] order=100 cmp=42 NEW ISOGENOUS
SIEVECAND L=3 x10(t=1/58)[ 10 ] x x10(t=-28)[ 10 ] prod=[ 10, 10 ] order=100 cmp=42 NEW ISOGENOUS
SIEVECAND L=7 x10(t=-1/58)[ 10 ] x x10(t=29/59)[ 10 ] prod=[ 10, 10 ] order=100 cmp=44 NEW ISOGENOUS
SIEVECAND L=3 x10(t=-1/58)[ 10 ] x x10(t=29/59)[ 10 ] prod=[ 10, 10 ] order=100 cmp=44 NEW ISOGENOUS
SIEVECAND L=7 x10(t=1/59)[ 10 ] x x10(t=-57/2)[ 10 ] prod=[ 10, 10 ] order=100 cmp=43 NEW ISOGENOUS
SIEVECAND L=3 x10(t=1/59)[ 10 ] x x10(t=-57/2)[ 10 ] prod=[ 10, 10 ] order=100 cmp=43 NEW ISOGENOUS
SIEVECAND L=7 x10(t=1/60)[ 10 ] x x10(t=-29)[ 10 ] prod=[ 10, 10 ] order=100 cmp=43 NEW ISOGENOUS
SIEVECAND L=3 x10(t=1/60)[ 10 ] x x10(t=-29)[ 10 ] prod=[ 10, 10 ] order=100 cmp=43 NEW ISOGENOUS
SIEVECAND L=7 x10(t=-1/60)[ 10 ] x x10(t=31)[ 10 ] prod=[ 10, 10 ] order=100 cmp=40 NEW ISOGENOUS
SIEVECAND L=3 x10(t=-1/60)[ 10 ] x x10(t=31)[ 10 ] prod=[ 10, 10 ] order=100 cmp=40 NEW ISOGENOUS
SIEVECAND L=7 x10(t=-2/3)[ 10 ] x x10(t=3/10)[ 10 ] prod=[ 10, 10 ] order=100 cmp=44 NEW ISOGENOUS
SIEVECAND L=3 x10(t=-2/3)[ 10 ] x x10(t=3/10)[ 10 ] prod=[ 10, 10 ] order=100 cmp=44 NEW ISOGENOUS
SIEVECAND L=7 x10(t=-2/5)[ 10 ] x x10(t=5/14)[ 10 ] prod=[ 10, 10 ] order=100 cmp=44 NEW ISOGENOUS
SIEVECAND L=3 x10(t=-2/5)[ 10 ] x x10(t=5/14)[ 10 ] prod=[ 10, 10 ] order=100 cmp=44 NEW ISOGENOUS
SIEVECAND L=7 x10(t=2/7)[ 10 ] x x10(t=-3/4)[ 10 ] prod=[ 10, 10 ] order=100 cmp=44 NEW ISOGENOUS
SIEVECAND L=3 x10(t=2/7)[ 10 ] x x10(t=-3/4)[ 10 ] prod=[ 10, 10 ] order=100 cmp=44 NEW ISOGENOUS
SIEVECAND L=7 x10(t=-2/7)[ 10 ] x x10(t=7/18)[ 10 ] prod=[ 10, 10 ] order=100 cmp=44 NEW ISOGENOUS
SIEVECAND L=3 x10(t=-2/7)[ 10 ] x x10(t=7/18)[ 10 ] prod=[ 10, 10 ] order=100 cmp=44 NEW ISOGENOUS
SIEVECAND L=7 x10(t=2/9)[ 10 ] x x10(t=-5/4)[ 10 ] prod=[ 10, 10 ] order=100 cmp=44 NEW ISOGENOUS
SIEVECAND L=3 x10(t=2/9)[ 10 ] x x10(t=-5/4)[ 10 ] prod=[ 10, 10 ] order=100 cmp=44 NEW ISOGENOUS
SIEVECAND L=7 x10(t=-2/9)[ 10 ] x x10(t=9/22)[ 10 ] prod=[ 10, 10 ] order=100 cmp=42 NEW ISOGENOUS
SIEVECAND L=3 x10(t=-2/9)[ 10 ] x x10(t=9/22)[ 10 ] prod=[ 10, 10 ] order=100 cmp=42 NEW ISOGENOUS
SIEVECAND L=7 x10(t=2/11)[ 10 ] x x10(t=-7/4)[ 10 ] prod=[ 10, 10 ] order=100 cmp=43 NEW ISOGENOUS
SIEVECAND L=3 x10(t=2/11)[ 10 ] x x10(t=-7/4)[ 10 ] prod=[ 10, 10 ] order=100 cmp=43 NEW ISOGENOUS
SIEVECAND L=7 x10(t=-2/11)[ 10 ] x x10(t=11/26)[ 10 ] prod=[ 10, 10 ] order=100 cmp=42 NEW ISOGENOUS
SIEVECAND L=3 x10(t=-2/11)[ 10 ] x x10(t=11/26)[ 10 ] prod=[ 10, 10 ] order=100 cmp=42 NEW ISOGENOUS
SIEVECAND L=7 x10(t=2/13)[ 10 ] x x10(t=-9/4)[ 10 ] prod=[ 10, 10 ] order=100 cmp=42 NEW ISOGENOUS
SIEVECAND L=3 x10(t=2/13)[ 10 ] x x10(t=-9/4)[ 10 ] prod=[ 10, 10 ] order=100 cmp=42 NEW ISOGENOUS
SIEVECAND L=7 x10(t=-2/13)[ 10 ] x x10(t=13/30)[ 10 ] prod=[ 10, 10 ] order=100 cmp=43 NEW ISOGENOUS
SIEVECAND L=3 x10(t=-2/13)[ 10 ] x x10(t=13/30)[ 10 ] prod=[ 10, 10 ] order=100 cmp=43 NEW ISOGENOUS
SIEVECAND L=7 x10(t=2/15)[ 10 ] x x10(t=-11/4)[ 10 ] prod=[ 10, 10 ] order=100 cmp=43 NEW ISOGENOUS
SIEVECAND L=3 x10(t=2/15)[ 10 ] x x10(t=-11/4)[ 10 ] prod=[ 10, 10 ] order=100 cmp=43 NEW ISOGENOUS
SIEVECAND L=7 x10(t=-2/15)[ 10 ] x x10(t=15/34)[ 10 ] prod=[ 10, 10 ] order=100 cmp=41 NEW ISOGENOUS
SIEVECAND L=3 x10(t=-2/15)[ 10 ] x x10(t=15/34)[ 10 ] prod=[ 10, 10 ] order=100 cmp=41 NEW ISOGENOUS
SIEVECAND L=7 x10(t=2/17)[ 10 ] x x10(t=-13/4)[ 10 ] prod=[ 10, 10 ] order=100 cmp=41 NEW ISOGENOUS
SIEVECAND L=3 x10(t=2/17)[ 10 ] x x10(t=-13/4)[ 10 ] prod=[ 10, 10 ] order=100 cmp=41 NEW ISOGENOUS
SIEVECAND L=7 x10(t=-2/17)[ 10 ] x x10(t=17/38)[ 10 ] prod=[ 10, 10 ] order=100 cmp=42 NEW ISOGENOUS
SIEVECAND L=3 x10(t=-2/17)[ 10 ] x x10(t=17/38)[ 10 ] prod=[ 10, 10 ] order=100 cmp=42 NEW ISOGENOUS
SIEVECAND L=7 x10(t=2/19)[ 10 ] x x10(t=-15/4)[ 10 ] prod=[ 10, 10 ] order=100 cmp=44 NEW ISOGENOUS
SIEVECAND L=3 x10(t=2/19)[ 10 ] x x10(t=-15/4)[ 10 ] prod=[ 10, 10 ] order=100 cmp=44 NEW ISOGENOUS
SIEVECAND L=7 x10(t=-2/19)[ 10 ] x x10(t=19/42)[ 10 ] prod=[ 10, 10 ] order=100 cmp=44 NEW ISOGENOUS
SIEVECAND L=3 x10(t=-2/19)[ 10 ] x x10(t=19/42)[ 10 ] prod=[ 10, 10 ] order=100 cmp=44 NEW ISOGENOUS
SIEVECAND L=7 x10(t=2/21)[ 10 ] x x10(t=-17/4)[ 10 ] prod=[ 10, 10 ] order=100 cmp=42 NEW ISOGENOUS
SIEVECAND L=3 x10(t=2/21)[ 10 ] x x10(t=-17/4)[ 10 ] prod=[ 10, 10 ] order=100 cmp=42 NEW ISOGENOUS
SIEVECAND L=7 x10(t=-2/21)[ 10 ] x x10(t=21/46)[ 10 ] prod=[ 10, 10 ] order=100 cmp=43 NEW ISOGENOUS
SIEVECAND L=3 x10(t=-2/21)[ 10 ] x x10(t=21/46)[ 10 ] prod=[ 10, 10 ] order=100 cmp=43 NEW ISOGENOUS
SIEVECAND L=7 x10(t=2/23)[ 10 ] x x10(t=-19/4)[ 10 ] prod=[ 10, 10 ] order=100 cmp=42 NEW ISOGENOUS
SIEVECAND L=3 x10(t=2/23)[ 10 ] x x10(t=-19/4)[ 10 ] prod=[ 10, 10 ] order=100 cmp=42 NEW ISOGENOUS
SIEVECAND L=7 x10(t=-2/23)[ 10 ] x x10(t=23/50)[ 10 ] prod=[ 10, 10 ] order=100 cmp=43 NEW ISOGENOUS
SIEVECAND L=3 x10(t=-2/23)[ 10 ] x x10(t=23/50)[ 10 ] prod=[ 10, 10 ] order=100 cmp=43 NEW ISOGENOUS
SIEVECAND L=7 x10(t=2/25)[ 10 ] x x10(t=-21/4)[ 10 ] prod=[ 10, 10 ] order=100 cmp=45 NEW ISOGENOUS
SIEVECAND L=3 x10(t=2/25)[ 10 ] x x10(t=-21/4)[ 10 ] prod=[ 10, 10 ] order=100 cmp=45 NEW ISOGENOUS
SIEVECAND L=7 x10(t=-2/25)[ 10 ] x x10(t=25/54)[ 10 ] prod=[ 10, 10 ] order=100 cmp=43 NEW ISOGENOUS
SIEVECAND L=3 x10(t=-2/25)[ 10 ] x x10(t=25/54)[ 10 ] prod=[ 10, 10 ] order=100 cmp=43 NEW ISOGENOUS
SIEVECAND L=7 x10(t=2/27)[ 10 ] x x10(t=-23/4)[ 10 ] prod=[ 10, 10 ] order=100 cmp=45 NEW ISOGENOUS
SIEVECAND L=3 x10(t=2/27)[ 10 ] x x10(t=-23/4)[ 10 ] prod=[ 10, 10 ] order=100 cmp=45 NEW ISOGENOUS
SIEVECAND L=7 x10(t=-2/27)[ 10 ] x x10(t=27/58)[ 10 ] prod=[ 10, 10 ] order=100 cmp=42 NEW ISOGENOUS
SIEVECAND L=3 x10(t=-2/27)[ 10 ] x x10(t=27/58)[ 10 ] prod=[ 10, 10 ] order=100 cmp=42 NEW ISOGENOUS
SIEVECAND L=7 x10(t=2/29)[ 10 ] x x10(t=-25/4)[ 10 ] prod=[ 10, 10 ] order=100 cmp=43 NEW ISOGENOUS
SIEVECAND L=3 x10(t=2/29)[ 10 ] x x10(t=-25/4)[ 10 ] prod=[ 10, 10 ] order=100 cmp=43 NEW ISOGENOUS
SIEVECAND L=7 x10(t=-2/29)[ 10 ] x x10(t=33/4)[ 10 ] prod=[ 10, 10 ] order=100 cmp=43 NEW ISOGENOUS
SIEVECAND L=3 x10(t=-2/29)[ 10 ] x x10(t=33/4)[ 10 ] prod=[ 10, 10 ] order=100 cmp=43 NEW ISOGENOUS
SIEVECAND L=7 x10(t=2/31)[ 10 ] x x10(t=-27/4)[ 10 ] prod=[ 10, 10 ] order=100 cmp=42 NEW ISOGENOUS
SIEVECAND L=3 x10(t=2/31)[ 10 ] x x10(t=-27/4)[ 10 ] prod=[ 10, 10 ] order=100 cmp=42 NEW ISOGENOUS
SIEVECAND L=7 x10(t=-2/31)[ 10 ] x x10(t=35/4)[ 10 ] prod=[ 10, 10 ] order=100 cmp=44 NEW ISOGENOUS
SIEVECAND L=3 x10(t=-2/31)[ 10 ] x x10(t=35/4)[ 10 ] prod=[ 10, 10 ] order=100 cmp=44 NEW ISOGENOUS
SIEVECAND L=7 x10(t=2/33)[ 10 ] x x10(t=-29/4)[ 10 ] prod=[ 10, 10 ] order=100 cmp=42 NEW ISOGENOUS
SIEVECAND L=3 x10(t=2/33)[ 10 ] x x10(t=-29/4)[ 10 ] prod=[ 10, 10 ] order=100 cmp=42 NEW ISOGENOUS
SIEVECAND L=7 x10(t=-2/33)[ 10 ] x x10(t=37/4)[ 10 ] prod=[ 10, 10 ] order=100 cmp=44 NEW ISOGENOUS
SIEVECAND L=3 x10(t=-2/33)[ 10 ] x x10(t=37/4)[ 10 ] prod=[ 10, 10 ] order=100 cmp=44 NEW ISOGENOUS
SIEVECAND L=7 x10(t=2/35)[ 10 ] x x10(t=-31/4)[ 10 ] prod=[ 10, 10 ] order=100 cmp=42 NEW ISOGENOUS
SIEVECAND L=3 x10(t=2/35)[ 10 ] x x10(t=-31/4)[ 10 ] prod=[ 10, 10 ] order=100 cmp=42 NEW ISOGENOUS
SIEVECAND L=7 x10(t=-2/35)[ 10 ] x x10(t=39/4)[ 10 ] prod=[ 10, 10 ] order=100 cmp=44 NEW ISOGENOUS
SIEVECAND L=3 x10(t=-2/35)[ 10 ] x x10(t=39/4)[ 10 ] prod=[ 10, 10 ] order=100 cmp=44 NEW ISOGENOUS
SIEVECAND L=7 x10(t=2/37)[ 10 ] x x10(t=-33/4)[ 10 ] prod=[ 10, 10 ] order=100 cmp=42 NEW ISOGENOUS
SIEVECAND L=3 x10(t=2/37)[ 10 ] x x10(t=-33/4)[ 10 ] prod=[ 10, 10 ] order=100 cmp=42 NEW ISOGENOUS
SIEVECAND L=7 x10(t=-2/37)[ 10 ] x x10(t=41/4)[ 10 ] prod=[ 10, 10 ] order=100 cmp=41 NEW ISOGENOUS
SIEVECAND L=3 x10(t=-2/37)[ 10 ] x x10(t=41/4)[ 10 ] prod=[ 10, 10 ] order=100 cmp=41 NEW ISOGENOUS
SIEVECAND L=7 x10(t=2/39)[ 10 ] x x10(t=-35/4)[ 10 ] prod=[ 10, 10 ] order=100 cmp=42 NEW ISOGENOUS
SIEVECAND L=3 x10(t=2/39)[ 10 ] x x10(t=-35/4)[ 10 ] prod=[ 10, 10 ] order=100 cmp=42 NEW ISOGENOUS
SIEVECAND L=7 x10(t=-2/39)[ 10 ] x x10(t=43/4)[ 10 ] prod=[ 10, 10 ] order=100 cmp=41 NEW ISOGENOUS
SIEVECAND L=3 x10(t=-2/39)[ 10 ] x x10(t=43/4)[ 10 ] prod=[ 10, 10 ] order=100 cmp=41 NEW ISOGENOUS
SIEVECAND L=7 x10(t=2/41)[ 10 ] x x10(t=-37/4)[ 10 ] prod=[ 10, 10 ] order=100 cmp=41 NEW ISOGENOUS
SIEVECAND L=3 x10(t=2/41)[ 10 ] x x10(t=-37/4)[ 10 ] prod=[ 10, 10 ] order=100 cmp=41 NEW ISOGENOUS
SIEVECAND L=7 x10(t=-2/41)[ 10 ] x x10(t=45/4)[ 10 ] prod=[ 10, 10 ] order=100 cmp=42 NEW ISOGENOUS
SIEVECAND L=3 x10(t=-2/41)[ 10 ] x x10(t=45/4)[ 10 ] prod=[ 10, 10 ] order=100 cmp=42 NEW ISOGENOUS
SIEVECAND L=7 x10(t=2/43)[ 10 ] x x10(t=-39/4)[ 10 ] prod=[ 10, 10 ] order=100 cmp=41 NEW ISOGENOUS
SIEVECAND L=3 x10(t=2/43)[ 10 ] x x10(t=-39/4)[ 10 ] prod=[ 10, 10 ] order=100 cmp=41 NEW ISOGENOUS
SIEVECAND L=7 x10(t=-2/43)[ 10 ] x x10(t=47/4)[ 10 ] prod=[ 10, 10 ] order=100 cmp=42 NEW ISOGENOUS
SIEVECAND L=3 x10(t=-2/43)[ 10 ] x x10(t=47/4)[ 10 ] prod=[ 10, 10 ] order=100 cmp=42 NEW ISOGENOUS
SIEVECAND L=7 x10(t=2/45)[ 10 ] x x10(t=-41/4)[ 10 ] prod=[ 10, 10 ] order=100 cmp=42 NEW ISOGENOUS
SIEVECAND L=3 x10(t=2/45)[ 10 ] x x10(t=-41/4)[ 10 ] prod=[ 10, 10 ] order=100 cmp=42 NEW ISOGENOUS
SIEVECAND L=7 x10(t=-2/45)[ 10 ] x x10(t=49/4)[ 10 ] prod=[ 10, 10 ] order=100 cmp=41 NEW ISOGENOUS
SIEVECAND L=3 x10(t=-2/45)[ 10 ] x x10(t=49/4)[ 10 ] prod=[ 10, 10 ] order=100 cmp=41 NEW ISOGENOUS
SIEVECAND L=7 x10(t=2/47)[ 10 ] x x10(t=-43/4)[ 10 ] prod=[ 10, 10 ] order=100 cmp=44 NEW ISOGENOUS
SIEVECAND L=3 x10(t=2/47)[ 10 ] x x10(t=-43/4)[ 10 ] prod=[ 10, 10 ] order=100 cmp=44 NEW ISOGENOUS
SIEVECAND L=7 x10(t=-2/47)[ 10 ] x x10(t=51/4)[ 10 ] prod=[ 10, 10 ] order=100 cmp=44 NEW ISOGENOUS
SIEVECAND L=3 x10(t=-2/47)[ 10 ] x x10(t=51/4)[ 10 ] prod=[ 10, 10 ] order=100 cmp=44 NEW ISOGENOUS
SIEVECAND L=7 x10(t=2/49)[ 10 ] x x10(t=-45/4)[ 10 ] prod=[ 10, 10 ] order=100 cmp=43 NEW ISOGENOUS
SIEVECAND L=3 x10(t=2/49)[ 10 ] x x10(t=-45/4)[ 10 ] prod=[ 10, 10 ] order=100 cmp=43 NEW ISOGENOUS
SIEVECAND L=7 x10(t=-2/49)[ 10 ] x x10(t=53/4)[ 10 ] prod=[ 10, 10 ] order=100 cmp=42 NEW ISOGENOUS
SIEVECAND L=3 x10(t=-2/49)[ 10 ] x x10(t=53/4)[ 10 ] prod=[ 10, 10 ] order=100 cmp=42 NEW ISOGENOUS
SIEVECAND L=7 x10(t=2/51)[ 10 ] x x10(t=-47/4)[ 10 ] prod=[ 10, 10 ] order=100 cmp=42 NEW ISOGENOUS
SIEVECAND L=3 x10(t=2/51)[ 10 ] x x10(t=-47/4)[ 10 ] prod=[ 10, 10 ] order=100 cmp=42 NEW ISOGENOUS
SIEVECAND L=7 x10(t=-2/51)[ 10 ] x x10(t=55/4)[ 10 ] prod=[ 10, 10 ] order=100 cmp=41 NEW ISOGENOUS
SIEVECAND L=3 x10(t=-2/51)[ 10 ] x x10(t=55/4)[ 10 ] prod=[ 10, 10 ] order=100 cmp=41 NEW ISOGENOUS
SIEVECAND L=7 x10(t=2/53)[ 10 ] x x10(t=-49/4)[ 10 ] prod=[ 10, 10 ] order=100 cmp=44 NEW ISOGENOUS
SIEVECAND L=3 x10(t=2/53)[ 10 ] x x10(t=-49/4)[ 10 ] prod=[ 10, 10 ] order=100 cmp=44 NEW ISOGENOUS
SIEVECAND L=7 x10(t=-2/53)[ 10 ] x x10(t=57/4)[ 10 ] prod=[ 10, 10 ] order=100 cmp=39 NEW ISOGENOUS
SIEVECAND L=3 x10(t=-2/53)[ 10 ] x x10(t=57/4)[ 10 ] prod=[ 10, 10 ] order=100 cmp=39 NEW ISOGENOUS
SIEVECAND L=7 x10(t=2/55)[ 10 ] x x10(t=-51/4)[ 10 ] prod=[ 10, 10 ] order=100 cmp=43 NEW ISOGENOUS
SIEVECAND L=3 x10(t=2/55)[ 10 ] x x10(t=-51/4)[ 10 ] prod=[ 10, 10 ] order=100 cmp=43 NEW ISOGENOUS
SIEVECAND L=7 x10(t=-2/55)[ 10 ] x x10(t=59/4)[ 10 ] prod=[ 10, 10 ] order=100 cmp=43 NEW ISOGENOUS
SIEVECAND L=3 x10(t=-2/55)[ 10 ] x x10(t=59/4)[ 10 ] prod=[ 10, 10 ] order=100 cmp=43 NEW ISOGENOUS
SIEVECAND L=7 x10(t=2/57)[ 10 ] x x10(t=-53/4)[ 10 ] prod=[ 10, 10 ] order=100 cmp=41 NEW ISOGENOUS
SIEVECAND L=3 x10(t=2/57)[ 10 ] x x10(t=-53/4)[ 10 ] prod=[ 10, 10 ] order=100 cmp=41 NEW ISOGENOUS
SIEVECAND L=7 x10(t=2/59)[ 10 ] x x10(t=-55/4)[ 10 ] prod=[ 10, 10 ] order=100 cmp=41 NEW ISOGENOUS
SIEVECAND L=3 x10(t=2/59)[ 10 ] x x10(t=-55/4)[ 10 ] prod=[ 10, 10 ] order=100 cmp=41 NEW ISOGENOUS
SIEVECAND L=7 x10(t=-3/5)[ 10 ] x x10(t=5/16)[ 10 ] prod=[ 10, 10 ] order=100 cmp=43 NEW ISOGENOUS
SIEVECAND L=3 x10(t=-3/5)[ 10 ] x x10(t=5/16)[ 10 ] prod=[ 10, 10 ] order=100 cmp=43 NEW ISOGENOUS
SIEVECAND L=7 x10(t=-3/7)[ 10 ] x x10(t=7/20)[ 10 ] prod=[ 10, 10 ] order=100 cmp=43 NEW ISOGENOUS
SIEVECAND L=3 x10(t=-3/7)[ 10 ] x x10(t=7/20)[ 10 ] prod=[ 10, 10 ] order=100 cmp=43 NEW ISOGENOUS
SIEVECAND L=7 x10(t=-3/8)[ 10 ] x x10(t=4/11)[ 10 ] prod=[ 10, 10 ] order=100 cmp=44 NEW ISOGENOUS
SIEVECAND L=3 x10(t=-3/8)[ 10 ] x x10(t=4/11)[ 10 ] prod=[ 10, 10 ] order=100 cmp=44 NEW ISOGENOUS
SIEVECAND L=7 x10(t=-3/10)[ 10 ] x x10(t=5/13)[ 10 ] prod=[ 10, 10 ] order=100 cmp=44 NEW ISOGENOUS
SIEVECAND L=3 x10(t=-3/10)[ 10 ] x x10(t=5/13)[ 10 ] prod=[ 10, 10 ] order=100 cmp=44 NEW ISOGENOUS
SIEVECAND L=7 x10(t=3/11)[ 10 ] x x10(t=-5/6)[ 10 ] prod=[ 10, 10 ] order=100 cmp=43 NEW ISOGENOUS
SIEVECAND L=3 x10(t=3/11)[ 10 ] x x10(t=-5/6)[ 10 ] prod=[ 10, 10 ] order=100 cmp=43 NEW ISOGENOUS
SIEVECAND L=7 x10(t=-3/11)[ 10 ] x x10(t=11/28)[ 10 ] prod=[ 10, 10 ] order=100 cmp=42 NEW ISOGENOUS
SIEVECAND L=3 x10(t=-3/11)[ 10 ] x x10(t=11/28)[ 10 ] prod=[ 10, 10 ] order=100 cmp=42 NEW ISOGENOUS
SIEVECAND L=7 x10(t=3/13)[ 10 ] x x10(t=-7/6)[ 10 ] prod=[ 10, 10 ] order=100 cmp=43 NEW ISOGENOUS
SIEVECAND L=3 x10(t=3/13)[ 10 ] x x10(t=-7/6)[ 10 ] prod=[ 10, 10 ] order=100 cmp=43 NEW ISOGENOUS
SIEVECAND L=7 x10(t=-3/13)[ 10 ] x x10(t=13/32)[ 10 ] prod=[ 10, 10 ] order=100 cmp=42 NEW ISOGENOUS
SIEVECAND L=3 x10(t=-3/13)[ 10 ] x x10(t=13/32)[ 10 ] prod=[ 10, 10 ] order=100 cmp=42 NEW ISOGENOUS
SIEVECAND L=7 x10(t=3/14)[ 10 ] x x10(t=-4/3)[ 10 ] prod=[ 10, 10 ] order=100 cmp=43 NEW ISOGENOUS
SIEVECAND L=3 x10(t=3/14)[ 10 ] x x10(t=-4/3)[ 10 ] prod=[ 10, 10 ] order=100 cmp=43 NEW ISOGENOUS
SIEVECAND L=7 x10(t=-3/14)[ 10 ] x x10(t=7/17)[ 10 ] prod=[ 10, 10 ] order=100 cmp=44 NEW ISOGENOUS
SIEVECAND L=3 x10(t=-3/14)[ 10 ] x x10(t=7/17)[ 10 ] prod=[ 10, 10 ] order=100 cmp=44 NEW ISOGENOUS
SIEVECAND L=7 x10(t=3/16)[ 10 ] x x10(t=-5/3)[ 10 ] prod=[ 10, 10 ] order=100 cmp=43 NEW ISOGENOUS
SIEVECAND L=3 x10(t=3/16)[ 10 ] x x10(t=-5/3)[ 10 ] prod=[ 10, 10 ] order=100 cmp=43 NEW ISOGENOUS
SIEVECAND L=7 x10(t=-3/16)[ 10 ] x x10(t=8/19)[ 10 ] prod=[ 10, 10 ] order=100 cmp=43 NEW ISOGENOUS
SIEVECAND L=3 x10(t=-3/16)[ 10 ] x x10(t=8/19)[ 10 ] prod=[ 10, 10 ] order=100 cmp=43 NEW ISOGENOUS
SIEVECAND L=7 x10(t=3/17)[ 10 ] x x10(t=-11/6)[ 10 ] prod=[ 10, 10 ] order=100 cmp=42 NEW ISOGENOUS
SIEVECAND L=3 x10(t=3/17)[ 10 ] x x10(t=-11/6)[ 10 ] prod=[ 10, 10 ] order=100 cmp=42 NEW ISOGENOUS
SIEVECAND L=7 x10(t=-3/17)[ 10 ] x x10(t=17/40)[ 10 ] prod=[ 10, 10 ] order=100 cmp=41 NEW ISOGENOUS
SIEVECAND L=3 x10(t=-3/17)[ 10 ] x x10(t=17/40)[ 10 ] prod=[ 10, 10 ] order=100 cmp=41 NEW ISOGENOUS
SIEVECAND L=7 x10(t=3/19)[ 10 ] x x10(t=-13/6)[ 10 ] prod=[ 10, 10 ] order=100 cmp=43 NEW ISOGENOUS
SIEVECAND L=3 x10(t=3/19)[ 10 ] x x10(t=-13/6)[ 10 ] prod=[ 10, 10 ] order=100 cmp=43 NEW ISOGENOUS
SIEVECAND L=7 x10(t=-3/19)[ 10 ] x x10(t=19/44)[ 10 ] prod=[ 10, 10 ] order=100 cmp=43 NEW ISOGENOUS
SIEVECAND L=3 x10(t=-3/19)[ 10 ] x x10(t=19/44)[ 10 ] prod=[ 10, 10 ] order=100 cmp=43 NEW ISOGENOUS
SIEVECAND L=7 x10(t=3/20)[ 10 ] x x10(t=-7/3)[ 10 ] prod=[ 10, 10 ] order=100 cmp=43 NEW ISOGENOUS
SIEVECAND L=3 x10(t=3/20)[ 10 ] x x10(t=-7/3)[ 10 ] prod=[ 10, 10 ] order=100 cmp=43 NEW ISOGENOUS
SIEVECAND L=7 x10(t=-3/20)[ 10 ] x x10(t=10/23)[ 10 ] prod=[ 10, 10 ] order=100 cmp=41 NEW ISOGENOUS
SIEVECAND L=3 x10(t=-3/20)[ 10 ] x x10(t=10/23)[ 10 ] prod=[ 10, 10 ] order=100 cmp=41 NEW ISOGENOUS
SIEVECAND L=7 x10(t=3/22)[ 10 ] x x10(t=-8/3)[ 10 ] prod=[ 10, 10 ] order=100 cmp=42 NEW ISOGENOUS
SIEVECAND L=3 x10(t=3/22)[ 10 ] x x10(t=-8/3)[ 10 ] prod=[ 10, 10 ] order=100 cmp=42 NEW ISOGENOUS
SIEVECAND L=7 x10(t=-3/22)[ 10 ] x x10(t=11/25)[ 10 ] prod=[ 10, 10 ] order=100 cmp=44 NEW ISOGENOUS
SIEVECAND L=3 x10(t=-3/22)[ 10 ] x x10(t=11/25)[ 10 ] prod=[ 10, 10 ] order=100 cmp=44 NEW ISOGENOUS
SIEVECAND L=7 x10(t=3/23)[ 10 ] x x10(t=-17/6)[ 10 ] prod=[ 10, 10 ] order=100 cmp=44 NEW ISOGENOUS
SIEVECAND L=3 x10(t=3/23)[ 10 ] x x10(t=-17/6)[ 10 ] prod=[ 10, 10 ] order=100 cmp=44 NEW ISOGENOUS
SIEVECAND L=7 x10(t=-3/23)[ 10 ] x x10(t=23/52)[ 10 ] prod=[ 10, 10 ] order=100 cmp=41 NEW ISOGENOUS
SIEVECAND L=3 x10(t=-3/23)[ 10 ] x x10(t=23/52)[ 10 ] prod=[ 10, 10 ] order=100 cmp=41 NEW ISOGENOUS
SIEVECAND L=7 x10(t=3/25)[ 10 ] x x10(t=-19/6)[ 10 ] prod=[ 10, 10 ] order=100 cmp=44 NEW ISOGENOUS
SIEVECAND L=3 x10(t=3/25)[ 10 ] x x10(t=-19/6)[ 10 ] prod=[ 10, 10 ] order=100 cmp=44 NEW ISOGENOUS
SIEVECAND L=7 x10(t=-3/25)[ 10 ] x x10(t=25/56)[ 10 ] prod=[ 10, 10 ] order=100 cmp=45 NEW ISOGENOUS
SIEVECAND L=3 x10(t=-3/25)[ 10 ] x x10(t=25/56)[ 10 ] prod=[ 10, 10 ] order=100 cmp=45 NEW ISOGENOUS
SIEVECAND L=7 x10(t=3/26)[ 10 ] x x10(t=-10/3)[ 10 ] prod=[ 10, 10 ] order=100 cmp=41 NEW ISOGENOUS
SIEVECAND L=3 x10(t=3/26)[ 10 ] x x10(t=-10/3)[ 10 ] prod=[ 10, 10 ] order=100 cmp=41 NEW ISOGENOUS
SIEVECAND L=7 x10(t=-3/26)[ 10 ] x x10(t=13/29)[ 10 ] prod=[ 10, 10 ] order=100 cmp=43 NEW ISOGENOUS
SIEVECAND L=3 x10(t=-3/26)[ 10 ] x x10(t=13/29)[ 10 ] prod=[ 10, 10 ] order=100 cmp=43 NEW ISOGENOUS
SIEVECAND L=7 x10(t=3/28)[ 10 ] x x10(t=-11/3)[ 10 ] prod=[ 10, 10 ] order=100 cmp=44 NEW ISOGENOUS
SIEVECAND L=3 x10(t=3/28)[ 10 ] x x10(t=-11/3)[ 10 ] prod=[ 10, 10 ] order=100 cmp=44 NEW ISOGENOUS
SIEVECAND L=7 x10(t=-3/28)[ 10 ] x x10(t=14/31)[ 10 ] prod=[ 10, 10 ] order=100 cmp=41 NEW ISOGENOUS
SIEVECAND L=3 x10(t=-3/28)[ 10 ] x x10(t=14/31)[ 10 ] prod=[ 10, 10 ] order=100 cmp=41 NEW ISOGENOUS
SIEVECAND L=7 x10(t=3/29)[ 10 ] x x10(t=-23/6)[ 10 ] prod=[ 10, 10 ] order=100 cmp=39 NEW ISOGENOUS
SIEVECAND L=3 x10(t=3/29)[ 10 ] x x10(t=-23/6)[ 10 ] prod=[ 10, 10 ] order=100 cmp=39 NEW ISOGENOUS
SIEVECAND L=7 x10(t=-3/29)[ 10 ] x x10(t=35/6)[ 10 ] prod=[ 10, 10 ] order=100 cmp=43 NEW ISOGENOUS
SIEVECAND L=3 x10(t=-3/29)[ 10 ] x x10(t=35/6)[ 10 ] prod=[ 10, 10 ] order=100 cmp=43 NEW ISOGENOUS
SIEVECAND L=7 x10(t=3/31)[ 10 ] x x10(t=-25/6)[ 10 ] prod=[ 10, 10 ] order=100 cmp=43 NEW ISOGENOUS
SIEVECAND L=3 x10(t=3/31)[ 10 ] x x10(t=-25/6)[ 10 ] prod=[ 10, 10 ] order=100 cmp=43 NEW ISOGENOUS
SIEVECAND L=7 x10(t=-3/31)[ 10 ] x x10(t=37/6)[ 10 ] prod=[ 10, 10 ] order=100 cmp=43 NEW ISOGENOUS
SIEVECAND L=3 x10(t=-3/31)[ 10 ] x x10(t=37/6)[ 10 ] prod=[ 10, 10 ] order=100 cmp=43 NEW ISOGENOUS
SIEVECAND L=7 x10(t=3/32)[ 10 ] x x10(t=-13/3)[ 10 ] prod=[ 10, 10 ] order=100 cmp=42 NEW ISOGENOUS
SIEVECAND L=3 x10(t=3/32)[ 10 ] x x10(t=-13/3)[ 10 ] prod=[ 10, 10 ] order=100 cmp=42 NEW ISOGENOUS
SIEVECAND L=7 x10(t=-3/32)[ 10 ] x x10(t=16/35)[ 10 ] prod=[ 10, 10 ] order=100 cmp=44 NEW ISOGENOUS
SIEVECAND L=3 x10(t=-3/32)[ 10 ] x x10(t=16/35)[ 10 ] prod=[ 10, 10 ] order=100 cmp=44 NEW ISOGENOUS
SIEVECAND L=7 x10(t=3/34)[ 10 ] x x10(t=-14/3)[ 10 ] prod=[ 10, 10 ] order=100 cmp=44 NEW ISOGENOUS
SIEVECAND L=3 x10(t=3/34)[ 10 ] x x10(t=-14/3)[ 10 ] prod=[ 10, 10 ] order=100 cmp=44 NEW ISOGENOUS
SIEVECAND L=7 x10(t=-3/34)[ 10 ] x x10(t=17/37)[ 10 ] prod=[ 10, 10 ] order=100 cmp=43 NEW ISOGENOUS
SIEVECAND L=3 x10(t=-3/34)[ 10 ] x x10(t=17/37)[ 10 ] prod=[ 10, 10 ] order=100 cmp=43 NEW ISOGENOUS
SIEVECAND L=7 x10(t=3/35)[ 10 ] x x10(t=-29/6)[ 10 ] prod=[ 10, 10 ] order=100 cmp=45 NEW ISOGENOUS
SIEVECAND L=3 x10(t=3/35)[ 10 ] x x10(t=-29/6)[ 10 ] prod=[ 10, 10 ] order=100 cmp=45 NEW ISOGENOUS
SIEVECAND L=7 x10(t=-3/35)[ 10 ] x x10(t=41/6)[ 10 ] prod=[ 10, 10 ] order=100 cmp=42 NEW ISOGENOUS
SIEVECAND L=3 x10(t=-3/35)[ 10 ] x x10(t=41/6)[ 10 ] prod=[ 10, 10 ] order=100 cmp=42 NEW ISOGENOUS
SIEVECAND L=7 x10(t=3/37)[ 10 ] x x10(t=-31/6)[ 10 ] prod=[ 10, 10 ] order=100 cmp=41 NEW ISOGENOUS
SIEVECAND L=3 x10(t=3/37)[ 10 ] x x10(t=-31/6)[ 10 ] prod=[ 10, 10 ] order=100 cmp=41 NEW ISOGENOUS
SIEVECAND L=7 x10(t=-3/37)[ 10 ] x x10(t=43/6)[ 10 ] prod=[ 10, 10 ] order=100 cmp=40 NEW ISOGENOUS
SIEVECAND L=3 x10(t=-3/37)[ 10 ] x x10(t=43/6)[ 10 ] prod=[ 10, 10 ] order=100 cmp=40 NEW ISOGENOUS
SIEVECAND L=7 x10(t=3/38)[ 10 ] x x10(t=-16/3)[ 10 ] prod=[ 10, 10 ] order=100 cmp=43 NEW ISOGENOUS
SIEVECAND L=3 x10(t=3/38)[ 10 ] x x10(t=-16/3)[ 10 ] prod=[ 10, 10 ] order=100 cmp=43 NEW ISOGENOUS
SIEVECAND L=7 x10(t=-3/38)[ 10 ] x x10(t=19/41)[ 10 ] prod=[ 10, 10 ] order=100 cmp=42 NEW ISOGENOUS
SIEVECAND L=3 x10(t=-3/38)[ 10 ] x x10(t=19/41)[ 10 ] prod=[ 10, 10 ] order=100 cmp=42 NEW ISOGENOUS
SIEVECAND L=7 x10(t=3/40)[ 10 ] x x10(t=-17/3)[ 10 ] prod=[ 10, 10 ] order=100 cmp=42 NEW ISOGENOUS
SIEVECAND L=3 x10(t=3/40)[ 10 ] x x10(t=-17/3)[ 10 ] prod=[ 10, 10 ] order=100 cmp=42 NEW ISOGENOUS
SIEVECAND L=7 x10(t=-3/40)[ 10 ] x x10(t=20/43)[ 10 ] prod=[ 10, 10 ] order=100 cmp=42 NEW ISOGENOUS
SIEVECAND L=3 x10(t=-3/40)[ 10 ] x x10(t=20/43)[ 10 ] prod=[ 10, 10 ] order=100 cmp=42 NEW ISOGENOUS
SIEVECAND L=7 x10(t=3/41)[ 10 ] x x10(t=-35/6)[ 10 ] prod=[ 10, 10 ] order=100 cmp=42 NEW ISOGENOUS
SIEVECAND L=3 x10(t=3/41)[ 10 ] x x10(t=-35/6)[ 10 ] prod=[ 10, 10 ] order=100 cmp=42 NEW ISOGENOUS
SIEVECAND L=7 x10(t=-3/41)[ 10 ] x x10(t=47/6)[ 10 ] prod=[ 10, 10 ] order=100 cmp=41 NEW ISOGENOUS
SIEVECAND L=3 x10(t=-3/41)[ 10 ] x x10(t=47/6)[ 10 ] prod=[ 10, 10 ] order=100 cmp=41 NEW ISOGENOUS
SIEVECAND L=7 x10(t=3/43)[ 10 ] x x10(t=-37/6)[ 10 ] prod=[ 10, 10 ] order=100 cmp=42 NEW ISOGENOUS
SIEVECAND L=3 x10(t=3/43)[ 10 ] x x10(t=-37/6)[ 10 ] prod=[ 10, 10 ] order=100 cmp=42 NEW ISOGENOUS
SIEVECAND L=7 x10(t=-3/43)[ 10 ] x x10(t=49/6)[ 10 ] prod=[ 10, 10 ] order=100 cmp=44 NEW ISOGENOUS
SIEVECAND L=3 x10(t=-3/43)[ 10 ] x x10(t=49/6)[ 10 ] prod=[ 10, 10 ] order=100 cmp=44 NEW ISOGENOUS
SIEVECAND L=7 x10(t=3/44)[ 10 ] x x10(t=-19/3)[ 10 ] prod=[ 10, 10 ] order=100 cmp=43 NEW ISOGENOUS
SIEVECAND L=3 x10(t=3/44)[ 10 ] x x10(t=-19/3)[ 10 ] prod=[ 10, 10 ] order=100 cmp=43 NEW ISOGENOUS
SIEVECAND L=7 x10(t=-3/44)[ 10 ] x x10(t=22/47)[ 10 ] prod=[ 10, 10 ] order=100 cmp=44 NEW ISOGENOUS
SIEVECAND L=3 x10(t=-3/44)[ 10 ] x x10(t=22/47)[ 10 ] prod=[ 10, 10 ] order=100 cmp=44 NEW ISOGENOUS
SIEVECAND L=7 x10(t=3/46)[ 10 ] x x10(t=-20/3)[ 10 ] prod=[ 10, 10 ] order=100 cmp=40 NEW ISOGENOUS
SIEVECAND L=3 x10(t=3/46)[ 10 ] x x10(t=-20/3)[ 10 ] prod=[ 10, 10 ] order=100 cmp=40 NEW ISOGENOUS
SIEVECAND L=7 x10(t=-3/46)[ 10 ] x x10(t=23/49)[ 10 ] prod=[ 10, 10 ] order=100 cmp=42 NEW ISOGENOUS
SIEVECAND L=3 x10(t=-3/46)[ 10 ] x x10(t=23/49)[ 10 ] prod=[ 10, 10 ] order=100 cmp=42 NEW ISOGENOUS
SIEVECAND L=7 x10(t=3/47)[ 10 ] x x10(t=-41/6)[ 10 ] prod=[ 10, 10 ] order=100 cmp=43 NEW ISOGENOUS
SIEVECAND L=3 x10(t=3/47)[ 10 ] x x10(t=-41/6)[ 10 ] prod=[ 10, 10 ] order=100 cmp=43 NEW ISOGENOUS
SIEVECAND L=7 x10(t=-3/47)[ 10 ] x x10(t=53/6)[ 10 ] prod=[ 10, 10 ] order=100 cmp=40 NEW ISOGENOUS
SIEVECAND L=3 x10(t=-3/47)[ 10 ] x x10(t=53/6)[ 10 ] prod=[ 10, 10 ] order=100 cmp=40 NEW ISOGENOUS
SIEVECAND L=7 x10(t=3/49)[ 10 ] x x10(t=-43/6)[ 10 ] prod=[ 10, 10 ] order=100 cmp=42 NEW ISOGENOUS
SIEVECAND L=3 x10(t=3/49)[ 10 ] x x10(t=-43/6)[ 10 ] prod=[ 10, 10 ] order=100 cmp=42 NEW ISOGENOUS
SIEVECAND L=7 x10(t=-3/49)[ 10 ] x x10(t=55/6)[ 10 ] prod=[ 10, 10 ] order=100 cmp=42 NEW ISOGENOUS
SIEVECAND L=3 x10(t=-3/49)[ 10 ] x x10(t=55/6)[ 10 ] prod=[ 10, 10 ] order=100 cmp=42 NEW ISOGENOUS
SIEVECAND L=7 x10(t=3/50)[ 10 ] x x10(t=-22/3)[ 10 ] prod=[ 10, 10 ] order=100 cmp=42 NEW ISOGENOUS
SIEVECAND L=3 x10(t=3/50)[ 10 ] x x10(t=-22/3)[ 10 ] prod=[ 10, 10 ] order=100 cmp=42 NEW ISOGENOUS
SIEVECAND L=7 x10(t=-3/50)[ 10 ] x x10(t=25/53)[ 10 ] prod=[ 10, 10 ] order=100 cmp=44 NEW ISOGENOUS
SIEVECAND L=3 x10(t=-3/50)[ 10 ] x x10(t=25/53)[ 10 ] prod=[ 10, 10 ] order=100 cmp=44 NEW ISOGENOUS
SIEVECAND L=7 x10(t=3/52)[ 10 ] x x10(t=-23/3)[ 10 ] prod=[ 10, 10 ] order=100 cmp=43 NEW ISOGENOUS
SIEVECAND L=3 x10(t=3/52)[ 10 ] x x10(t=-23/3)[ 10 ] prod=[ 10, 10 ] order=100 cmp=43 NEW ISOGENOUS
SIEVECAND L=7 x10(t=-3/52)[ 10 ] x x10(t=26/55)[ 10 ] prod=[ 10, 10 ] order=100 cmp=41 NEW ISOGENOUS
SIEVECAND L=3 x10(t=-3/52)[ 10 ] x x10(t=26/55)[ 10 ] prod=[ 10, 10 ] order=100 cmp=41 NEW ISOGENOUS
SIEVECAND L=7 x10(t=3/53)[ 10 ] x x10(t=-47/6)[ 10 ] prod=[ 10, 10 ] order=100 cmp=43 NEW ISOGENOUS
SIEVECAND L=3 x10(t=3/53)[ 10 ] x x10(t=-47/6)[ 10 ] prod=[ 10, 10 ] order=100 cmp=43 NEW ISOGENOUS
SIEVECAND L=7 x10(t=-3/53)[ 10 ] x x10(t=59/6)[ 10 ] prod=[ 10, 10 ] order=100 cmp=44 NEW ISOGENOUS
SIEVECAND L=3 x10(t=-3/53)[ 10 ] x x10(t=59/6)[ 10 ] prod=[ 10, 10 ] order=100 cmp=44 NEW ISOGENOUS
SIEVECAND L=7 x10(t=3/55)[ 10 ] x x10(t=-49/6)[ 10 ] prod=[ 10, 10 ] order=100 cmp=44 NEW ISOGENOUS
SIEVECAND L=3 x10(t=3/55)[ 10 ] x x10(t=-49/6)[ 10 ] prod=[ 10, 10 ] order=100 cmp=44 NEW ISOGENOUS
SIEVECAND L=7 x10(t=3/56)[ 10 ] x x10(t=-25/3)[ 10 ] prod=[ 10, 10 ] order=100 cmp=43 NEW ISOGENOUS
SIEVECAND L=3 x10(t=3/56)[ 10 ] x x10(t=-25/3)[ 10 ] prod=[ 10, 10 ] order=100 cmp=43 NEW ISOGENOUS
SIEVECAND L=7 x10(t=-3/56)[ 10 ] x x10(t=28/59)[ 10 ] prod=[ 10, 10 ] order=100 cmp=42 NEW ISOGENOUS
SIEVECAND L=3 x10(t=-3/56)[ 10 ] x x10(t=28/59)[ 10 ] prod=[ 10, 10 ] order=100 cmp=42 NEW ISOGENOUS
SIEVECAND L=7 x10(t=3/58)[ 10 ] x x10(t=-26/3)[ 10 ] prod=[ 10, 10 ] order=100 cmp=43 NEW ISOGENOUS
SIEVECAND L=3 x10(t=3/58)[ 10 ] x x10(t=-26/3)[ 10 ] prod=[ 10, 10 ] order=100 cmp=43 NEW ISOGENOUS
SIEVECAND L=7 x10(t=-3/58)[ 10 ] x x10(t=32/3)[ 10 ] prod=[ 10, 10 ] order=100 cmp=41 NEW ISOGENOUS
SIEVECAND L=3 x10(t=-3/58)[ 10 ] x x10(t=32/3)[ 10 ] prod=[ 10, 10 ] order=100 cmp=41 NEW ISOGENOUS
SIEVECAND L=7 x10(t=3/59)[ 10 ] x x10(t=-53/6)[ 10 ] prod=[ 10, 10 ] order=100 cmp=41 NEW ISOGENOUS
SIEVECAND L=3 x10(t=3/59)[ 10 ] x x10(t=-53/6)[ 10 ] prod=[ 10, 10 ] order=100 cmp=41 NEW ISOGENOUS
SIEVECAND L=7 x10(t=-4/5)[ 10 ] x x10(t=5/18)[ 10 ] prod=[ 10, 10 ] order=100 cmp=43 NEW ISOGENOUS
SIEVECAND L=3 x10(t=-4/5)[ 10 ] x x10(t=5/18)[ 10 ] prod=[ 10, 10 ] order=100 cmp=43 NEW ISOGENOUS
SIEVECAND L=7 x10(t=-4/7)[ 10 ] x x10(t=7/22)[ 10 ] prod=[ 10, 10 ] order=100 cmp=43 NEW ISOGENOUS
SIEVECAND L=3 x10(t=-4/7)[ 10 ] x x10(t=7/22)[ 10 ] prod=[ 10, 10 ] order=100 cmp=43 NEW ISOGENOUS
SIEVECAND L=7 x10(t=-4/9)[ 10 ] x x10(t=9/26)[ 10 ] prod=[ 10, 10 ] order=100 cmp=42 NEW ISOGENOUS
SIEVECAND L=3 x10(t=-4/9)[ 10 ] x x10(t=9/26)[ 10 ] prod=[ 10, 10 ] order=100 cmp=42 NEW ISOGENOUS
SIEVECAND L=7 x10(t=-4/11)[ 10 ] x x10(t=11/30)[ 10 ] prod=[ 10, 10 ] order=100 cmp=43 NEW ISOGENOUS
SIEVECAND L=3 x10(t=-4/11)[ 10 ] x x10(t=11/30)[ 10 ] prod=[ 10, 10 ] order=100 cmp=43 NEW ISOGENOUS
SIEVECAND L=7 x10(t=4/13)[ 10 ] x x10(t=-5/8)[ 10 ] prod=[ 10, 10 ] order=100 cmp=42 NEW ISOGENOUS
SIEVECAND L=3 x10(t=4/13)[ 10 ] x x10(t=-5/8)[ 10 ] prod=[ 10, 10 ] order=100 cmp=42 NEW ISOGENOUS
SIEVECAND L=7 x10(t=-4/13)[ 10 ] x x10(t=13/34)[ 10 ] prod=[ 10, 10 ] order=100 cmp=42 NEW ISOGENOUS
SIEVECAND L=3 x10(t=-4/13)[ 10 ] x x10(t=13/34)[ 10 ] prod=[ 10, 10 ] order=100 cmp=42 NEW ISOGENOUS
SIEVECAND L=7 x10(t=4/15)[ 10 ] x x10(t=-7/8)[ 10 ] prod=[ 10, 10 ] order=100 cmp=44 NEW ISOGENOUS
SIEVECAND L=3 x10(t=4/15)[ 10 ] x x10(t=-7/8)[ 10 ] prod=[ 10, 10 ] order=100 cmp=44 NEW ISOGENOUS
SIEVECAND L=7 x10(t=-4/15)[ 10 ] x x10(t=15/38)[ 10 ] prod=[ 10, 10 ] order=100 cmp=43 NEW ISOGENOUS
SIEVECAND L=3 x10(t=-4/15)[ 10 ] x x10(t=15/38)[ 10 ] prod=[ 10, 10 ] order=100 cmp=43 NEW ISOGENOUS
SIEVECAND L=7 x10(t=4/17)[ 10 ] x x10(t=-9/8)[ 10 ] prod=[ 10, 10 ] order=100 cmp=42 NEW ISOGENOUS
SIEVECAND L=3 x10(t=4/17)[ 10 ] x x10(t=-9/8)[ 10 ] prod=[ 10, 10 ] order=100 cmp=42 NEW ISOGENOUS
SIEVECAND L=7 x10(t=-4/17)[ 10 ] x x10(t=17/42)[ 10 ] prod=[ 10, 10 ] order=100 cmp=44 NEW ISOGENOUS
SIEVECAND L=3 x10(t=-4/17)[ 10 ] x x10(t=17/42)[ 10 ] prod=[ 10, 10 ] order=100 cmp=44 NEW ISOGENOUS
SIEVECAND L=7 x10(t=4/19)[ 10 ] x x10(t=-11/8)[ 10 ] prod=[ 10, 10 ] order=100 cmp=43 NEW ISOGENOUS
SIEVECAND L=3 x10(t=4/19)[ 10 ] x x10(t=-11/8)[ 10 ] prod=[ 10, 10 ] order=100 cmp=43 NEW ISOGENOUS
SIEVECAND L=7 x10(t=-4/19)[ 10 ] x x10(t=19/46)[ 10 ] prod=[ 10, 10 ] order=100 cmp=42 NEW ISOGENOUS
SIEVECAND L=3 x10(t=-4/19)[ 10 ] x x10(t=19/46)[ 10 ] prod=[ 10, 10 ] order=100 cmp=42 NEW ISOGENOUS
SIEVECAND L=7 x10(t=4/21)[ 10 ] x x10(t=-13/8)[ 10 ] prod=[ 10, 10 ] order=100 cmp=42 NEW ISOGENOUS
SIEVECAND L=3 x10(t=4/21)[ 10 ] x x10(t=-13/8)[ 10 ] prod=[ 10, 10 ] order=100 cmp=42 NEW ISOGENOUS
SIEVECAND L=7 x10(t=-4/21)[ 10 ] x x10(t=21/50)[ 10 ] prod=[ 10, 10 ] order=100 cmp=43 NEW ISOGENOUS
SIEVECAND L=3 x10(t=-4/21)[ 10 ] x x10(t=21/50)[ 10 ] prod=[ 10, 10 ] order=100 cmp=43 NEW ISOGENOUS
SIEVECAND L=7 x10(t=4/23)[ 10 ] x x10(t=-15/8)[ 10 ] prod=[ 10, 10 ] order=100 cmp=42 NEW ISOGENOUS
SIEVECAND L=3 x10(t=4/23)[ 10 ] x x10(t=-15/8)[ 10 ] prod=[ 10, 10 ] order=100 cmp=42 NEW ISOGENOUS
SIEVECAND L=7 x10(t=-4/23)[ 10 ] x x10(t=23/54)[ 10 ] prod=[ 10, 10 ] order=100 cmp=44 NEW ISOGENOUS
SIEVECAND L=3 x10(t=-4/23)[ 10 ] x x10(t=23/54)[ 10 ] prod=[ 10, 10 ] order=100 cmp=44 NEW ISOGENOUS
SIEVECAND L=7 x10(t=4/25)[ 10 ] x x10(t=-17/8)[ 10 ] prod=[ 10, 10 ] order=100 cmp=43 NEW ISOGENOUS
SIEVECAND L=3 x10(t=4/25)[ 10 ] x x10(t=-17/8)[ 10 ] prod=[ 10, 10 ] order=100 cmp=43 NEW ISOGENOUS
SIEVECAND L=7 x10(t=-4/25)[ 10 ] x x10(t=25/58)[ 10 ] prod=[ 10, 10 ] order=100 cmp=43 NEW ISOGENOUS
SIEVECAND L=3 x10(t=-4/25)[ 10 ] x x10(t=25/58)[ 10 ] prod=[ 10, 10 ] order=100 cmp=43 NEW ISOGENOUS
SIEVECAND L=7 x10(t=4/27)[ 10 ] x x10(t=-19/8)[ 10 ] prod=[ 10, 10 ] order=100 cmp=44 NEW ISOGENOUS
SIEVECAND L=3 x10(t=4/27)[ 10 ] x x10(t=-19/8)[ 10 ] prod=[ 10, 10 ] order=100 cmp=44 NEW ISOGENOUS
SIEVECAND L=7 x10(t=-4/27)[ 10 ] x x10(t=35/8)[ 10 ] prod=[ 10, 10 ] order=100 cmp=45 NEW ISOGENOUS
SIEVECAND L=3 x10(t=-4/27)[ 10 ] x x10(t=35/8)[ 10 ] prod=[ 10, 10 ] order=100 cmp=45 NEW ISOGENOUS
SIEVECAND L=7 x10(t=4/29)[ 10 ] x x10(t=-21/8)[ 10 ] prod=[ 10, 10 ] order=100 cmp=45 NEW ISOGENOUS
SIEVECAND L=3 x10(t=4/29)[ 10 ] x x10(t=-21/8)[ 10 ] prod=[ 10, 10 ] order=100 cmp=45 NEW ISOGENOUS
SIEVECAND L=7 x10(t=-4/29)[ 10 ] x x10(t=37/8)[ 10 ] prod=[ 10, 10 ] order=100 cmp=42 NEW ISOGENOUS
SIEVECAND L=3 x10(t=-4/29)[ 10 ] x x10(t=37/8)[ 10 ] prod=[ 10, 10 ] order=100 cmp=42 NEW ISOGENOUS
SIEVECAND L=7 x10(t=4/31)[ 10 ] x x10(t=-23/8)[ 10 ] prod=[ 10, 10 ] order=100 cmp=42 NEW ISOGENOUS
SIEVECAND L=3 x10(t=4/31)[ 10 ] x x10(t=-23/8)[ 10 ] prod=[ 10, 10 ] order=100 cmp=42 NEW ISOGENOUS
SIEVECAND L=7 x10(t=-4/31)[ 10 ] x x10(t=39/8)[ 10 ] prod=[ 10, 10 ] order=100 cmp=40 NEW ISOGENOUS
SIEVECAND L=3 x10(t=-4/31)[ 10 ] x x10(t=39/8)[ 10 ] prod=[ 10, 10 ] order=100 cmp=40 NEW ISOGENOUS
SIEVECAND L=7 x10(t=4/33)[ 10 ] x x10(t=-25/8)[ 10 ] prod=[ 10, 10 ] order=100 cmp=44 NEW ISOGENOUS
SIEVECAND L=3 x10(t=4/33)[ 10 ] x x10(t=-25/8)[ 10 ] prod=[ 10, 10 ] order=100 cmp=44 NEW ISOGENOUS
SIEVECAND L=7 x10(t=-4/33)[ 10 ] x x10(t=41/8)[ 10 ] prod=[ 10, 10 ] order=100 cmp=41 NEW ISOGENOUS
SIEVECAND L=3 x10(t=-4/33)[ 10 ] x x10(t=41/8)[ 10 ] prod=[ 10, 10 ] order=100 cmp=41 NEW ISOGENOUS
SIEVECAND L=7 x10(t=4/35)[ 10 ] x x10(t=-27/8)[ 10 ] prod=[ 10, 10 ] order=100 cmp=43 NEW ISOGENOUS
SIEVECAND L=3 x10(t=4/35)[ 10 ] x x10(t=-27/8)[ 10 ] prod=[ 10, 10 ] order=100 cmp=43 NEW ISOGENOUS
SIEVECAND L=7 x10(t=-4/35)[ 10 ] x x10(t=43/8)[ 10 ] prod=[ 10, 10 ] order=100 cmp=42 NEW ISOGENOUS
SIEVECAND L=3 x10(t=-4/35)[ 10 ] x x10(t=43/8)[ 10 ] prod=[ 10, 10 ] order=100 cmp=42 NEW ISOGENOUS
SIEVECAND L=7 x10(t=4/37)[ 10 ] x x10(t=-29/8)[ 10 ] prod=[ 10, 10 ] order=100 cmp=43 NEW ISOGENOUS
SIEVECAND L=3 x10(t=4/37)[ 10 ] x x10(t=-29/8)[ 10 ] prod=[ 10, 10 ] order=100 cmp=43 NEW ISOGENOUS
SIEVECAND L=7 x10(t=-4/37)[ 10 ] x x10(t=45/8)[ 10 ] prod=[ 10, 10 ] order=100 cmp=42 NEW ISOGENOUS
SIEVECAND L=3 x10(t=-4/37)[ 10 ] x x10(t=45/8)[ 10 ] prod=[ 10, 10 ] order=100 cmp=42 NEW ISOGENOUS
SIEVECAND L=7 x10(t=4/39)[ 10 ] x x10(t=-31/8)[ 10 ] prod=[ 10, 10 ] order=100 cmp=42 NEW ISOGENOUS
SIEVECAND L=3 x10(t=4/39)[ 10 ] x x10(t=-31/8)[ 10 ] prod=[ 10, 10 ] order=100 cmp=42 NEW ISOGENOUS
SIEVECAND L=7 x10(t=-4/39)[ 10 ] x x10(t=47/8)[ 10 ] prod=[ 10, 10 ] order=100 cmp=42 NEW ISOGENOUS
SIEVECAND L=3 x10(t=-4/39)[ 10 ] x x10(t=47/8)[ 10 ] prod=[ 10, 10 ] order=100 cmp=42 NEW ISOGENOUS
SIEVECAND L=7 x10(t=4/41)[ 10 ] x x10(t=-33/8)[ 10 ] prod=[ 10, 10 ] order=100 cmp=43 NEW ISOGENOUS
SIEVECAND L=3 x10(t=4/41)[ 10 ] x x10(t=-33/8)[ 10 ] prod=[ 10, 10 ] order=100 cmp=43 NEW ISOGENOUS
SIEVECAND L=7 x10(t=-4/41)[ 10 ] x x10(t=49/8)[ 10 ] prod=[ 10, 10 ] order=100 cmp=43 NEW ISOGENOUS
SIEVECAND L=3 x10(t=-4/41)[ 10 ] x x10(t=49/8)[ 10 ] prod=[ 10, 10 ] order=100 cmp=43 NEW ISOGENOUS
SIEVECAND L=7 x10(t=4/43)[ 10 ] x x10(t=-35/8)[ 10 ] prod=[ 10, 10 ] order=100 cmp=42 NEW ISOGENOUS
SIEVECAND L=3 x10(t=4/43)[ 10 ] x x10(t=-35/8)[ 10 ] prod=[ 10, 10 ] order=100 cmp=42 NEW ISOGENOUS
SIEVECAND L=7 x10(t=-4/43)[ 10 ] x x10(t=51/8)[ 10 ] prod=[ 10, 10 ] order=100 cmp=41 NEW ISOGENOUS
SIEVECAND L=3 x10(t=-4/43)[ 10 ] x x10(t=51/8)[ 10 ] prod=[ 10, 10 ] order=100 cmp=41 NEW ISOGENOUS
SIEVECAND L=7 x10(t=4/45)[ 10 ] x x10(t=-37/8)[ 10 ] prod=[ 10, 10 ] order=100 cmp=40 NEW ISOGENOUS
SIEVECAND L=3 x10(t=4/45)[ 10 ] x x10(t=-37/8)[ 10 ] prod=[ 10, 10 ] order=100 cmp=40 NEW ISOGENOUS
SIEVECAND L=7 x10(t=-4/45)[ 10 ] x x10(t=53/8)[ 10 ] prod=[ 10, 10 ] order=100 cmp=43 NEW ISOGENOUS
SIEVECAND L=3 x10(t=-4/45)[ 10 ] x x10(t=53/8)[ 10 ] prod=[ 10, 10 ] order=100 cmp=43 NEW ISOGENOUS
SIEVECAND L=7 x10(t=4/47)[ 10 ] x x10(t=-39/8)[ 10 ] prod=[ 10, 10 ] order=100 cmp=41 NEW ISOGENOUS
SIEVECAND L=3 x10(t=4/47)[ 10 ] x x10(t=-39/8)[ 10 ] prod=[ 10, 10 ] order=100 cmp=41 NEW ISOGENOUS
SIEVECAND L=7 x10(t=-4/47)[ 10 ] x x10(t=55/8)[ 10 ] prod=[ 10, 10 ] order=100 cmp=41 NEW ISOGENOUS
SIEVECAND L=3 x10(t=-4/47)[ 10 ] x x10(t=55/8)[ 10 ] prod=[ 10, 10 ] order=100 cmp=41 NEW ISOGENOUS
SIEVECAND L=7 x10(t=4/49)[ 10 ] x x10(t=-41/8)[ 10 ] prod=[ 10, 10 ] order=100 cmp=43 NEW ISOGENOUS
SIEVECAND L=3 x10(t=4/49)[ 10 ] x x10(t=-41/8)[ 10 ] prod=[ 10, 10 ] order=100 cmp=43 NEW ISOGENOUS
SIEVECAND L=7 x10(t=-4/49)[ 10 ] x x10(t=57/8)[ 10 ] prod=[ 10, 10 ] order=100 cmp=44 NEW ISOGENOUS
SIEVECAND L=3 x10(t=-4/49)[ 10 ] x x10(t=57/8)[ 10 ] prod=[ 10, 10 ] order=100 cmp=44 NEW ISOGENOUS
SIEVECAND L=7 x10(t=4/51)[ 10 ] x x10(t=-43/8)[ 10 ] prod=[ 10, 10 ] order=100 cmp=41 NEW ISOGENOUS
SIEVECAND L=3 x10(t=4/51)[ 10 ] x x10(t=-43/8)[ 10 ] prod=[ 10, 10 ] order=100 cmp=41 NEW ISOGENOUS
SIEVECAND L=7 x10(t=-4/51)[ 10 ] x x10(t=59/8)[ 10 ] prod=[ 10, 10 ] order=100 cmp=43 NEW ISOGENOUS
SIEVECAND L=3 x10(t=-4/51)[ 10 ] x x10(t=59/8)[ 10 ] prod=[ 10, 10 ] order=100 cmp=43 NEW ISOGENOUS
SIEVECAND L=7 x10(t=4/53)[ 10 ] x x10(t=-45/8)[ 10 ] prod=[ 10, 10 ] order=100 cmp=43 NEW ISOGENOUS
SIEVECAND L=3 x10(t=4/53)[ 10 ] x x10(t=-45/8)[ 10 ] prod=[ 10, 10 ] order=100 cmp=43 NEW ISOGENOUS
SIEVECAND L=7 x10(t=4/55)[ 10 ] x x10(t=-47/8)[ 10 ] prod=[ 10, 10 ] order=100 cmp=41 NEW ISOGENOUS
SIEVECAND L=3 x10(t=4/55)[ 10 ] x x10(t=-47/8)[ 10 ] prod=[ 10, 10 ] order=100 cmp=41 NEW ISOGENOUS
SIEVECAND L=7 x10(t=4/57)[ 10 ] x x10(t=-49/8)[ 10 ] prod=[ 10, 10 ] order=100 cmp=41 NEW ISOGENOUS
SIEVECAND L=3 x10(t=4/57)[ 10 ] x x10(t=-49/8)[ 10 ] prod=[ 10, 10 ] order=100 cmp=41 NEW ISOGENOUS
SIEVECAND L=7 x10(t=4/59)[ 10 ] x x10(t=-51/8)[ 10 ] prod=[ 10, 10 ] order=100 cmp=43 NEW ISOGENOUS
SIEVECAND L=3 x10(t=4/59)[ 10 ] x x10(t=-51/8)[ 10 ] prod=[ 10, 10 ] order=100 cmp=43 NEW ISOGENOUS
SIEVECAND L=7 x10(t=-5/7)[ 10 ] x x10(t=7/24)[ 10 ] prod=[ 10, 10 ] order=100 cmp=43 NEW ISOGENOUS
SIEVECAND L=3 x10(t=-5/7)[ 10 ] x x10(t=7/24)[ 10 ] prod=[ 10, 10 ] order=100 cmp=43 NEW ISOGENOUS
SIEVECAND L=7 x10(t=-5/9)[ 10 ] x x10(t=9/28)[ 10 ] prod=[ 10, 10 ] order=100 cmp=44 NEW ISOGENOUS
SIEVECAND L=3 x10(t=-5/9)[ 10 ] x x10(t=9/28)[ 10 ] prod=[ 10, 10 ] order=100 cmp=44 NEW ISOGENOUS
SIEVECAND L=7 x10(t=-5/11)[ 10 ] x x10(t=11/32)[ 10 ] prod=[ 10, 10 ] order=100 cmp=44 NEW ISOGENOUS
SIEVECAND L=3 x10(t=-5/11)[ 10 ] x x10(t=11/32)[ 10 ] prod=[ 10, 10 ] order=100 cmp=44 NEW ISOGENOUS
SIEVECAND L=7 x10(t=-5/12)[ 10 ] x x10(t=6/17)[ 10 ] prod=[ 10, 10 ] order=100 cmp=43 NEW ISOGENOUS
SIEVECAND L=3 x10(t=-5/12)[ 10 ] x x10(t=6/17)[ 10 ] prod=[ 10, 10 ] order=100 cmp=43 NEW ISOGENOUS
SIEVECAND L=7 x10(t=-5/13)[ 10 ] x x10(t=13/36)[ 10 ] prod=[ 10, 10 ] order=100 cmp=43 NEW ISOGENOUS
SIEVECAND L=3 x10(t=-5/13)[ 10 ] x x10(t=13/36)[ 10 ] prod=[ 10, 10 ] order=100 cmp=43 NEW ISOGENOUS
SIEVECAND L=7 x10(t=-5/14)[ 10 ] x x10(t=7/19)[ 10 ] prod=[ 10, 10 ] order=100 cmp=44 NEW ISOGENOUS
SIEVECAND L=3 x10(t=-5/14)[ 10 ] x x10(t=7/19)[ 10 ] prod=[ 10, 10 ] order=100 cmp=44 NEW ISOGENOUS
SIEVECAND L=7 x10(t=-5/16)[ 10 ] x x10(t=8/21)[ 10 ] prod=[ 10, 10 ] order=100 cmp=45 NEW ISOGENOUS
SIEVECAND L=3 x10(t=-5/16)[ 10 ] x x10(t=8/21)[ 10 ] prod=[ 10, 10 ] order=100 cmp=45 NEW ISOGENOUS
SIEVECAND L=7 x10(t=5/17)[ 10 ] x x10(t=-7/10)[ 10 ] prod=[ 10, 10 ] order=100 cmp=44 NEW ISOGENOUS
SIEVECAND L=3 x10(t=5/17)[ 10 ] x x10(t=-7/10)[ 10 ] prod=[ 10, 10 ] order=100 cmp=44 NEW ISOGENOUS
SIEVECAND L=7 x10(t=-5/17)[ 10 ] x x10(t=17/44)[ 10 ] prod=[ 10, 10 ] order=100 cmp=43 NEW ISOGENOUS
SIEVECAND L=3 x10(t=-5/17)[ 10 ] x x10(t=17/44)[ 10 ] prod=[ 10, 10 ] order=100 cmp=43 NEW ISOGENOUS
SIEVECAND L=7 x10(t=-5/18)[ 10 ] x x10(t=9/23)[ 10 ] prod=[ 10, 10 ] order=100 cmp=44 NEW ISOGENOUS
SIEVECAND L=3 x10(t=-5/18)[ 10 ] x x10(t=9/23)[ 10 ] prod=[ 10, 10 ] order=100 cmp=44 NEW ISOGENOUS
SIEVECAND L=7 x10(t=5/19)[ 10 ] x x10(t=-9/10)[ 10 ] prod=[ 10, 10 ] order=100 cmp=42 NEW ISOGENOUS
SIEVECAND L=3 x10(t=5/19)[ 10 ] x x10(t=-9/10)[ 10 ] prod=[ 10, 10 ] order=100 cmp=42 NEW ISOGENOUS
SIEVECAND L=7 x10(t=-5/19)[ 10 ] x x10(t=19/48)[ 10 ] prod=[ 10, 10 ] order=100 cmp=41 NEW ISOGENOUS
SIEVECAND L=3 x10(t=-5/19)[ 10 ] x x10(t=19/48)[ 10 ] prod=[ 10, 10 ] order=100 cmp=41 NEW ISOGENOUS
SIEVECAND L=7 x10(t=5/21)[ 10 ] x x10(t=-11/10)[ 10 ] prod=[ 10, 10 ] order=100 cmp=42 NEW ISOGENOUS
SIEVECAND L=3 x10(t=5/21)[ 10 ] x x10(t=-11/10)[ 10 ] prod=[ 10, 10 ] order=100 cmp=42 NEW ISOGENOUS
SIEVECAND L=7 x10(t=-5/21)[ 10 ] x x10(t=21/52)[ 10 ] prod=[ 10, 10 ] order=100 cmp=41 NEW ISOGENOUS
SIEVECAND L=3 x10(t=-5/21)[ 10 ] x x10(t=21/52)[ 10 ] prod=[ 10, 10 ] order=100 cmp=41 NEW ISOGENOUS
SIEVECAND L=7 x10(t=5/22)[ 10 ] x x10(t=-6/5)[ 10 ] prod=[ 10, 10 ] order=100 cmp=42 NEW ISOGENOUS
SIEVECAND L=3 x10(t=5/22)[ 10 ] x x10(t=-6/5)[ 10 ] prod=[ 10, 10 ] order=100 cmp=42 NEW ISOGENOUS
SIEVECAND L=7 x10(t=-5/22)[ 10 ] x x10(t=11/27)[ 10 ] prod=[ 10, 10 ] order=100 cmp=44 NEW ISOGENOUS
SIEVECAND L=3 x10(t=-5/22)[ 10 ] x x10(t=11/27)[ 10 ] prod=[ 10, 10 ] order=100 cmp=44 NEW ISOGENOUS
SIEVECAND L=7 x10(t=5/23)[ 10 ] x x10(t=-13/10)[ 10 ] prod=[ 10, 10 ] order=100 cmp=42 NEW ISOGENOUS
SIEVECAND L=3 x10(t=5/23)[ 10 ] x x10(t=-13/10)[ 10 ] prod=[ 10, 10 ] order=100 cmp=42 NEW ISOGENOUS
SIEVECAND L=7 x10(t=-5/23)[ 10 ] x x10(t=23/56)[ 10 ] prod=[ 10, 10 ] order=100 cmp=41 NEW ISOGENOUS
SIEVECAND L=3 x10(t=-5/23)[ 10 ] x x10(t=23/56)[ 10 ] prod=[ 10, 10 ] order=100 cmp=41 NEW ISOGENOUS
SIEVECAND L=7 x10(t=5/24)[ 10 ] x x10(t=-7/5)[ 10 ] prod=[ 10, 10 ] order=100 cmp=44 NEW ISOGENOUS
SIEVECAND L=3 x10(t=5/24)[ 10 ] x x10(t=-7/5)[ 10 ] prod=[ 10, 10 ] order=100 cmp=44 NEW ISOGENOUS
SIEVECAND L=7 x10(t=-5/24)[ 10 ] x x10(t=12/29)[ 10 ] prod=[ 10, 10 ] order=100 cmp=42 NEW ISOGENOUS
SIEVECAND L=3 x10(t=-5/24)[ 10 ] x x10(t=12/29)[ 10 ] prod=[ 10, 10 ] order=100 cmp=42 NEW ISOGENOUS
SIEVECAND L=7 x10(t=5/26)[ 10 ] x x10(t=-8/5)[ 10 ] prod=[ 10, 10 ] order=100 cmp=43 NEW ISOGENOUS
SIEVECAND L=3 x10(t=5/26)[ 10 ] x x10(t=-8/5)[ 10 ] prod=[ 10, 10 ] order=100 cmp=43 NEW ISOGENOUS
SIEVECAND L=7 x10(t=-5/26)[ 10 ] x x10(t=13/31)[ 10 ] prod=[ 10, 10 ] order=100 cmp=43 NEW ISOGENOUS
SIEVECAND L=3 x10(t=-5/26)[ 10 ] x x10(t=13/31)[ 10 ] prod=[ 10, 10 ] order=100 cmp=43 NEW ISOGENOUS
SIEVECAND L=7 x10(t=5/27)[ 10 ] x x10(t=-17/10)[ 10 ] prod=[ 10, 10 ] order=100 cmp=42 NEW ISOGENOUS
SIEVECAND L=3 x10(t=5/27)[ 10 ] x x10(t=-17/10)[ 10 ] prod=[ 10, 10 ] order=100 cmp=42 NEW ISOGENOUS
SIEVECAND L=7 x10(t=-5/27)[ 10 ] x x10(t=37/10)[ 10 ] prod=[ 10, 10 ] order=100 cmp=43 NEW ISOGENOUS
SIEVECAND L=3 x10(t=-5/27)[ 10 ] x x10(t=37/10)[ 10 ] prod=[ 10, 10 ] order=100 cmp=43 NEW ISOGENOUS
SIEVECAND L=7 x10(t=5/28)[ 10 ] x x10(t=-9/5)[ 10 ] prod=[ 10, 10 ] order=100 cmp=45 NEW ISOGENOUS
SIEVECAND L=3 x10(t=5/28)[ 10 ] x x10(t=-9/5)[ 10 ] prod=[ 10, 10 ] order=100 cmp=45 NEW ISOGENOUS
SIEVECAND L=7 x10(t=-5/28)[ 10 ] x x10(t=14/33)[ 10 ] prod=[ 10, 10 ] order=100 cmp=43 NEW ISOGENOUS
SIEVECAND L=3 x10(t=-5/28)[ 10 ] x x10(t=14/33)[ 10 ] prod=[ 10, 10 ] order=100 cmp=43 NEW ISOGENOUS
SIEVECAND L=7 x10(t=5/29)[ 10 ] x x10(t=-19/10)[ 10 ] prod=[ 10, 10 ] order=100 cmp=44 NEW ISOGENOUS
SIEVECAND L=3 x10(t=5/29)[ 10 ] x x10(t=-19/10)[ 10 ] prod=[ 10, 10 ] order=100 cmp=44 NEW ISOGENOUS
SIEVECAND L=7 x10(t=-5/29)[ 10 ] x x10(t=39/10)[ 10 ] prod=[ 10, 10 ] order=100 cmp=41 NEW ISOGENOUS
SIEVECAND L=3 x10(t=-5/29)[ 10 ] x x10(t=39/10)[ 10 ] prod=[ 10, 10 ] order=100 cmp=41 NEW ISOGENOUS
SIEVECAND L=7 x10(t=5/31)[ 10 ] x x10(t=-21/10)[ 10 ] prod=[ 10, 10 ] order=100 cmp=44 NEW ISOGENOUS
SIEVECAND L=3 x10(t=5/31)[ 10 ] x x10(t=-21/10)[ 10 ] prod=[ 10, 10 ] order=100 cmp=44 NEW ISOGENOUS
SIEVECAND L=7 x10(t=-5/31)[ 10 ] x x10(t=41/10)[ 10 ] prod=[ 10, 10 ] order=100 cmp=42 NEW ISOGENOUS
SIEVECAND L=3 x10(t=-5/31)[ 10 ] x x10(t=41/10)[ 10 ] prod=[ 10, 10 ] order=100 cmp=42 NEW ISOGENOUS
SIEVECAND L=7 x10(t=5/32)[ 10 ] x x10(t=-11/5)[ 10 ] prod=[ 10, 10 ] order=100 cmp=45 NEW ISOGENOUS
SIEVECAND L=3 x10(t=5/32)[ 10 ] x x10(t=-11/5)[ 10 ] prod=[ 10, 10 ] order=100 cmp=45 NEW ISOGENOUS
SIEVECAND L=7 x10(t=-5/32)[ 10 ] x x10(t=16/37)[ 10 ] prod=[ 10, 10 ] order=100 cmp=42 NEW ISOGENOUS
SIEVECAND L=3 x10(t=-5/32)[ 10 ] x x10(t=16/37)[ 10 ] prod=[ 10, 10 ] order=100 cmp=42 NEW ISOGENOUS
SIEVECAND L=7 x10(t=5/33)[ 10 ] x x10(t=-23/10)[ 10 ] prod=[ 10, 10 ] order=100 cmp=44 NEW ISOGENOUS
SIEVECAND L=3 x10(t=5/33)[ 10 ] x x10(t=-23/10)[ 10 ] prod=[ 10, 10 ] order=100 cmp=44 NEW ISOGENOUS
SIEVECAND L=7 x10(t=-5/33)[ 10 ] x x10(t=43/10)[ 10 ] prod=[ 10, 10 ] order=100 cmp=43 NEW ISOGENOUS
SIEVECAND L=3 x10(t=-5/33)[ 10 ] x x10(t=43/10)[ 10 ] prod=[ 10, 10 ] order=100 cmp=43 NEW ISOGENOUS
SIEVECAND L=7 x10(t=5/34)[ 10 ] x x10(t=-12/5)[ 10 ] prod=[ 10, 10 ] order=100 cmp=42 NEW ISOGENOUS
SIEVECAND L=3 x10(t=5/34)[ 10 ] x x10(t=-12/5)[ 10 ] prod=[ 10, 10 ] order=100 cmp=42 NEW ISOGENOUS
SIEVECAND L=7 x10(t=-5/34)[ 10 ] x x10(t=17/39)[ 10 ] prod=[ 10, 10 ] order=100 cmp=40 NEW ISOGENOUS
SIEVECAND L=3 x10(t=-5/34)[ 10 ] x x10(t=17/39)[ 10 ] prod=[ 10, 10 ] order=100 cmp=40 NEW ISOGENOUS
SIEVECAND L=7 x10(t=5/36)[ 10 ] x x10(t=-13/5)[ 10 ] prod=[ 10, 10 ] order=100 cmp=42 NEW ISOGENOUS
SIEVECAND L=3 x10(t=5/36)[ 10 ] x x10(t=-13/5)[ 10 ] prod=[ 10, 10 ] order=100 cmp=42 NEW ISOGENOUS
SIEVECAND L=7 x10(t=-5/36)[ 10 ] x x10(t=18/41)[ 10 ] prod=[ 10, 10 ] order=100 cmp=42 NEW ISOGENOUS
SIEVECAND L=3 x10(t=-5/36)[ 10 ] x x10(t=18/41)[ 10 ] prod=[ 10, 10 ] order=100 cmp=42 NEW ISOGENOUS
SIEVECAND L=7 x10(t=5/37)[ 10 ] x x10(t=-27/10)[ 10 ] prod=[ 10, 10 ] order=100 cmp=43 NEW ISOGENOUS
SIEVECAND L=3 x10(t=5/37)[ 10 ] x x10(t=-27/10)[ 10 ] prod=[ 10, 10 ] order=100 cmp=43 NEW ISOGENOUS
SIEVECAND L=7 x10(t=-5/37)[ 10 ] x x10(t=47/10)[ 10 ] prod=[ 10, 10 ] order=100 cmp=42 NEW ISOGENOUS
SIEVECAND L=3 x10(t=-5/37)[ 10 ] x x10(t=47/10)[ 10 ] prod=[ 10, 10 ] order=100 cmp=42 NEW ISOGENOUS
SIEVECAND L=7 x10(t=5/38)[ 10 ] x x10(t=-14/5)[ 10 ] prod=[ 10, 10 ] order=100 cmp=42 NEW ISOGENOUS
SIEVECAND L=3 x10(t=5/38)[ 10 ] x x10(t=-14/5)[ 10 ] prod=[ 10, 10 ] order=100 cmp=42 NEW ISOGENOUS
SIEVECAND L=7 x10(t=-5/38)[ 10 ] x x10(t=19/43)[ 10 ] prod=[ 10, 10 ] order=100 cmp=44 NEW ISOGENOUS
SIEVECAND L=3 x10(t=-5/38)[ 10 ] x x10(t=19/43)[ 10 ] prod=[ 10, 10 ] order=100 cmp=44 NEW ISOGENOUS
SIEVECAND L=7 x10(t=5/39)[ 10 ] x x10(t=-29/10)[ 10 ] prod=[ 10, 10 ] order=100 cmp=42 NEW ISOGENOUS
SIEVECAND L=3 x10(t=5/39)[ 10 ] x x10(t=-29/10)[ 10 ] prod=[ 10, 10 ] order=100 cmp=42 NEW ISOGENOUS
SIEVECAND L=7 x10(t=-5/39)[ 10 ] x x10(t=49/10)[ 10 ] prod=[ 10, 10 ] order=100 cmp=44 NEW ISOGENOUS
SIEVECAND L=3 x10(t=-5/39)[ 10 ] x x10(t=49/10)[ 10 ] prod=[ 10, 10 ] order=100 cmp=44 NEW ISOGENOUS
SIEVECAND L=7 x10(t=5/41)[ 10 ] x x10(t=-31/10)[ 10 ] prod=[ 10, 10 ] order=100 cmp=42 NEW ISOGENOUS
SIEVECAND L=3 x10(t=5/41)[ 10 ] x x10(t=-31/10)[ 10 ] prod=[ 10, 10 ] order=100 cmp=42 NEW ISOGENOUS
SIEVECAND L=7 x10(t=-5/41)[ 10 ] x x10(t=51/10)[ 10 ] prod=[ 10, 10 ] order=100 cmp=41 NEW ISOGENOUS
SIEVECAND L=3 x10(t=-5/41)[ 10 ] x x10(t=51/10)[ 10 ] prod=[ 10, 10 ] order=100 cmp=41 NEW ISOGENOUS
SIEVECAND L=7 x10(t=5/42)[ 10 ] x x10(t=-16/5)[ 10 ] prod=[ 10, 10 ] order=100 cmp=43 NEW ISOGENOUS
SIEVECAND L=3 x10(t=5/42)[ 10 ] x x10(t=-16/5)[ 10 ] prod=[ 10, 10 ] order=100 cmp=43 NEW ISOGENOUS
SIEVECAND L=7 x10(t=-5/42)[ 10 ] x x10(t=21/47)[ 10 ] prod=[ 10, 10 ] order=100 cmp=42 NEW ISOGENOUS
SIEVECAND L=3 x10(t=-5/42)[ 10 ] x x10(t=21/47)[ 10 ] prod=[ 10, 10 ] order=100 cmp=42 NEW ISOGENOUS
SIEVECAND L=7 x10(t=5/43)[ 10 ] x x10(t=-33/10)[ 10 ] prod=[ 10, 10 ] order=100 cmp=43 NEW ISOGENOUS
SIEVECAND L=3 x10(t=5/43)[ 10 ] x x10(t=-33/10)[ 10 ] prod=[ 10, 10 ] order=100 cmp=43 NEW ISOGENOUS
SIEVECAND L=7 x10(t=-5/43)[ 10 ] x x10(t=53/10)[ 10 ] prod=[ 10, 10 ] order=100 cmp=42 NEW ISOGENOUS
SIEVECAND L=3 x10(t=-5/43)[ 10 ] x x10(t=53/10)[ 10 ] prod=[ 10, 10 ] order=100 cmp=42 NEW ISOGENOUS
SIEVECAND L=7 x10(t=5/44)[ 10 ] x x10(t=-17/5)[ 10 ] prod=[ 10, 10 ] order=100 cmp=43 NEW ISOGENOUS
SIEVECAND L=3 x10(t=5/44)[ 10 ] x x10(t=-17/5)[ 10 ] prod=[ 10, 10 ] order=100 cmp=43 NEW ISOGENOUS
SIEVECAND L=7 x10(t=-5/44)[ 10 ] x x10(t=22/49)[ 10 ] prod=[ 10, 10 ] order=100 cmp=45 NEW ISOGENOUS
SIEVECAND L=3 x10(t=-5/44)[ 10 ] x x10(t=22/49)[ 10 ] prod=[ 10, 10 ] order=100 cmp=45 NEW ISOGENOUS
SIEVECAND L=7 x10(t=5/46)[ 10 ] x x10(t=-18/5)[ 10 ] prod=[ 10, 10 ] order=100 cmp=44 NEW ISOGENOUS
SIEVECAND L=3 x10(t=5/46)[ 10 ] x x10(t=-18/5)[ 10 ] prod=[ 10, 10 ] order=100 cmp=44 NEW ISOGENOUS
SIEVECAND L=7 x10(t=-5/46)[ 10 ] x x10(t=23/51)[ 10 ] prod=[ 10, 10 ] order=100 cmp=42 NEW ISOGENOUS
SIEVECAND L=3 x10(t=-5/46)[ 10 ] x x10(t=23/51)[ 10 ] prod=[ 10, 10 ] order=100 cmp=42 NEW ISOGENOUS
SIEVECAND L=7 x10(t=5/47)[ 10 ] x x10(t=-37/10)[ 10 ] prod=[ 10, 10 ] order=100 cmp=42 NEW ISOGENOUS
SIEVECAND L=3 x10(t=5/47)[ 10 ] x x10(t=-37/10)[ 10 ] prod=[ 10, 10 ] order=100 cmp=42 NEW ISOGENOUS
SIEVECAND L=7 x10(t=-5/47)[ 10 ] x x10(t=57/10)[ 10 ] prod=[ 10, 10 ] order=100 cmp=41 NEW ISOGENOUS
SIEVECAND L=3 x10(t=-5/47)[ 10 ] x x10(t=57/10)[ 10 ] prod=[ 10, 10 ] order=100 cmp=41 NEW ISOGENOUS
SIEVECAND L=7 x10(t=5/48)[ 10 ] x x10(t=-19/5)[ 10 ] prod=[ 10, 10 ] order=100 cmp=42 NEW ISOGENOUS
SIEVECAND L=3 x10(t=5/48)[ 10 ] x x10(t=-19/5)[ 10 ] prod=[ 10, 10 ] order=100 cmp=42 NEW ISOGENOUS
SIEVECAND L=7 x10(t=-5/48)[ 10 ] x x10(t=24/53)[ 10 ] prod=[ 10, 10 ] order=100 cmp=44 NEW ISOGENOUS
SIEVECAND L=3 x10(t=-5/48)[ 10 ] x x10(t=24/53)[ 10 ] prod=[ 10, 10 ] order=100 cmp=44 NEW ISOGENOUS
SIEVECAND L=7 x10(t=5/49)[ 10 ] x x10(t=-39/10)[ 10 ] prod=[ 10, 10 ] order=100 cmp=42 NEW ISOGENOUS
SIEVECAND L=3 x10(t=5/49)[ 10 ] x x10(t=-39/10)[ 10 ] prod=[ 10, 10 ] order=100 cmp=42 NEW ISOGENOUS
SIEVECAND L=7 x10(t=-5/49)[ 10 ] x x10(t=59/10)[ 10 ] prod=[ 10, 10 ] order=100 cmp=43 NEW ISOGENOUS
SIEVECAND L=3 x10(t=-5/49)[ 10 ] x x10(t=59/10)[ 10 ] prod=[ 10, 10 ] order=100 cmp=43 NEW ISOGENOUS
SIEVECAND L=7 x10(t=5/51)[ 10 ] x x10(t=-41/10)[ 10 ] prod=[ 10, 10 ] order=100 cmp=43 NEW ISOGENOUS
SIEVECAND L=3 x10(t=5/51)[ 10 ] x x10(t=-41/10)[ 10 ] prod=[ 10, 10 ] order=100 cmp=43 NEW ISOGENOUS
SIEVECAND L=7 x10(t=5/52)[ 10 ] x x10(t=-21/5)[ 10 ] prod=[ 10, 10 ] order=100 cmp=42 NEW ISOGENOUS
SIEVECAND L=3 x10(t=5/52)[ 10 ] x x10(t=-21/5)[ 10 ] prod=[ 10, 10 ] order=100 cmp=42 NEW ISOGENOUS
SIEVECAND L=7 x10(t=-5/52)[ 10 ] x x10(t=26/57)[ 10 ] prod=[ 10, 10 ] order=100 cmp=41 NEW ISOGENOUS
SIEVECAND L=3 x10(t=-5/52)[ 10 ] x x10(t=26/57)[ 10 ] prod=[ 10, 10 ] order=100 cmp=41 NEW ISOGENOUS
SIEVECAND L=7 x10(t=5/53)[ 10 ] x x10(t=-43/10)[ 10 ] prod=[ 10, 10 ] order=100 cmp=42 NEW ISOGENOUS
SIEVECAND L=3 x10(t=5/53)[ 10 ] x x10(t=-43/10)[ 10 ] prod=[ 10, 10 ] order=100 cmp=42 NEW ISOGENOUS
SIEVECAND L=7 x10(t=5/54)[ 10 ] x x10(t=-22/5)[ 10 ] prod=[ 10, 10 ] order=100 cmp=45 NEW ISOGENOUS
SIEVECAND L=3 x10(t=5/54)[ 10 ] x x10(t=-22/5)[ 10 ] prod=[ 10, 10 ] order=100 cmp=45 NEW ISOGENOUS
SIEVECAND L=7 x10(t=-5/54)[ 10 ] x x10(t=27/59)[ 10 ] prod=[ 10, 10 ] order=100 cmp=43 NEW ISOGENOUS
SIEVECAND L=3 x10(t=-5/54)[ 10 ] x x10(t=27/59)[ 10 ] prod=[ 10, 10 ] order=100 cmp=43 NEW ISOGENOUS
SIEVECAND L=7 x10(t=5/56)[ 10 ] x x10(t=-23/5)[ 10 ] prod=[ 10, 10 ] order=100 cmp=40 NEW ISOGENOUS
SIEVECAND L=3 x10(t=5/56)[ 10 ] x x10(t=-23/5)[ 10 ] prod=[ 10, 10 ] order=100 cmp=40 NEW ISOGENOUS
SIEVECAND L=7 x10(t=-5/56)[ 10 ] x x10(t=33/5)[ 10 ] prod=[ 10, 10 ] order=100 cmp=44 NEW ISOGENOUS
SIEVECAND L=3 x10(t=-5/56)[ 10 ] x x10(t=33/5)[ 10 ] prod=[ 10, 10 ] order=100 cmp=44 NEW ISOGENOUS
SIEVECAND L=7 x10(t=5/57)[ 10 ] x x10(t=-47/10)[ 10 ] prod=[ 10, 10 ] order=100 cmp=41 NEW ISOGENOUS
SIEVECAND L=3 x10(t=5/57)[ 10 ] x x10(t=-47/10)[ 10 ] prod=[ 10, 10 ] order=100 cmp=41 NEW ISOGENOUS
SIEVECAND L=7 x10(t=5/58)[ 10 ] x x10(t=-24/5)[ 10 ] prod=[ 10, 10 ] order=100 cmp=41 NEW ISOGENOUS
SIEVECAND L=3 x10(t=5/58)[ 10 ] x x10(t=-24/5)[ 10 ] prod=[ 10, 10 ] order=100 cmp=41 NEW ISOGENOUS
SIEVECAND L=7 x10(t=-5/58)[ 10 ] x x10(t=34/5)[ 10 ] prod=[ 10, 10 ] order=100 cmp=42 NEW ISOGENOUS
SIEVECAND L=3 x10(t=-5/58)[ 10 ] x x10(t=34/5)[ 10 ] prod=[ 10, 10 ] order=100 cmp=42 NEW ISOGENOUS
SIEVECAND L=7 x10(t=5/59)[ 10 ] x x10(t=-49/10)[ 10 ] prod=[ 10, 10 ] order=100 cmp=43 NEW ISOGENOUS
SIEVECAND L=3 x10(t=5/59)[ 10 ] x x10(t=-49/10)[ 10 ] prod=[ 10, 10 ] order=100 cmp=43 NEW ISOGENOUS
SIEVECAND L=7 x10(t=-6/7)[ 10 ] x x10(t=7/26)[ 10 ] prod=[ 10, 10 ] order=100 cmp=42 NEW ISOGENOUS
SIEVECAND L=3 x10(t=-6/7)[ 10 ] x x10(t=7/26)[ 10 ] prod=[ 10, 10 ] order=100 cmp=42 NEW ISOGENOUS
SIEVECAND L=7 x10(t=-6/11)[ 10 ] x x10(t=11/34)[ 10 ] prod=[ 10, 10 ] order=100 cmp=41 NEW ISOGENOUS
SIEVECAND L=3 x10(t=-6/11)[ 10 ] x x10(t=11/34)[ 10 ] prod=[ 10, 10 ] order=100 cmp=41 NEW ISOGENOUS
SIEVECAND L=7 x10(t=-6/13)[ 10 ] x x10(t=13/38)[ 10 ] prod=[ 10, 10 ] order=100 cmp=43 NEW ISOGENOUS
SIEVECAND L=3 x10(t=-6/13)[ 10 ] x x10(t=13/38)[ 10 ] prod=[ 10, 10 ] order=100 cmp=43 NEW ISOGENOUS
SIEVECAND L=7 x10(t=-6/17)[ 10 ] x x10(t=17/46)[ 10 ] prod=[ 10, 10 ] order=100 cmp=42 NEW ISOGENOUS
SIEVECAND L=3 x10(t=-6/17)[ 10 ] x x10(t=17/46)[ 10 ] prod=[ 10, 10 ] order=100 cmp=42 NEW ISOGENOUS
SIEVECAND L=7 x10(t=6/19)[ 10 ] x x10(t=-7/12)[ 10 ] prod=[ 10, 10 ] order=100 cmp=42 NEW ISOGENOUS
SIEVECAND L=3 x10(t=6/19)[ 10 ] x x10(t=-7/12)[ 10 ] prod=[ 10, 10 ] order=100 cmp=42 NEW ISOGENOUS
SIEVECAND L=7 x10(t=-6/19)[ 10 ] x x10(t=19/50)[ 10 ] prod=[ 10, 10 ] order=100 cmp=43 NEW ISOGENOUS
SIEVECAND L=3 x10(t=-6/19)[ 10 ] x x10(t=19/50)[ 10 ] prod=[ 10, 10 ] order=100 cmp=43 NEW ISOGENOUS
SIEVECAND L=7 x10(t=6/23)[ 10 ] x x10(t=-11/12)[ 10 ] prod=[ 10, 10 ] order=100 cmp=42 NEW ISOGENOUS
SIEVECAND L=3 x10(t=6/23)[ 10 ] x x10(t=-11/12)[ 10 ] prod=[ 10, 10 ] order=100 cmp=42 NEW ISOGENOUS
SIEVECAND L=7 x10(t=-6/23)[ 10 ] x x10(t=23/58)[ 10 ] prod=[ 10, 10 ] order=100 cmp=41 NEW ISOGENOUS
SIEVECAND L=3 x10(t=-6/23)[ 10 ] x x10(t=23/58)[ 10 ] prod=[ 10, 10 ] order=100 cmp=41 NEW ISOGENOUS
SIEVECAND L=7 x10(t=6/25)[ 10 ] x x10(t=-13/12)[ 10 ] prod=[ 10, 10 ] order=100 cmp=41 NEW ISOGENOUS
SIEVECAND L=3 x10(t=6/25)[ 10 ] x x10(t=-13/12)[ 10 ] prod=[ 10, 10 ] order=100 cmp=41 NEW ISOGENOUS
SIEVECAND L=7 x10(t=-6/25)[ 10 ] x x10(t=37/12)[ 10 ] prod=[ 10, 10 ] order=100 cmp=41 NEW ISOGENOUS
SIEVECAND L=3 x10(t=-6/25)[ 10 ] x x10(t=37/12)[ 10 ] prod=[ 10, 10 ] order=100 cmp=41 NEW ISOGENOUS
SIEVECAND L=7 x10(t=6/29)[ 10 ] x x10(t=-17/12)[ 10 ] prod=[ 10, 10 ] order=100 cmp=40 NEW ISOGENOUS
SIEVECAND L=3 x10(t=6/29)[ 10 ] x x10(t=-17/12)[ 10 ] prod=[ 10, 10 ] order=100 cmp=40 NEW ISOGENOUS
SIEVECAND L=7 x10(t=-6/29)[ 10 ] x x10(t=41/12)[ 10 ] prod=[ 10, 10 ] order=100 cmp=44 NEW ISOGENOUS
SIEVECAND L=3 x10(t=-6/29)[ 10 ] x x10(t=41/12)[ 10 ] prod=[ 10, 10 ] order=100 cmp=44 NEW ISOGENOUS
SIEVECAND L=7 x10(t=6/31)[ 10 ] x x10(t=-19/12)[ 10 ] prod=[ 10, 10 ] order=100 cmp=42 NEW ISOGENOUS
SIEVECAND L=3 x10(t=6/31)[ 10 ] x x10(t=-19/12)[ 10 ] prod=[ 10, 10 ] order=100 cmp=42 NEW ISOGENOUS
SIEVECAND L=7 x10(t=-6/31)[ 10 ] x x10(t=43/12)[ 10 ] prod=[ 10, 10 ] order=100 cmp=42 NEW ISOGENOUS
SIEVECAND L=3 x10(t=-6/31)[ 10 ] x x10(t=43/12)[ 10 ] prod=[ 10, 10 ] order=100 cmp=42 NEW ISOGENOUS
SIEVECAND L=7 x10(t=6/35)[ 10 ] x x10(t=-23/12)[ 10 ] prod=[ 10, 10 ] order=100 cmp=42 NEW ISOGENOUS
SIEVECAND L=3 x10(t=6/35)[ 10 ] x x10(t=-23/12)[ 10 ] prod=[ 10, 10 ] order=100 cmp=42 NEW ISOGENOUS
SIEVECAND L=7 x10(t=-6/35)[ 10 ] x x10(t=47/12)[ 10 ] prod=[ 10, 10 ] order=100 cmp=42 NEW ISOGENOUS
SIEVECAND L=3 x10(t=-6/35)[ 10 ] x x10(t=47/12)[ 10 ] prod=[ 10, 10 ] order=100 cmp=42 NEW ISOGENOUS
SIEVECAND L=7 x10(t=6/37)[ 10 ] x x10(t=-25/12)[ 10 ] prod=[ 10, 10 ] order=100 cmp=44 NEW ISOGENOUS
SIEVECAND L=3 x10(t=6/37)[ 10 ] x x10(t=-25/12)[ 10 ] prod=[ 10, 10 ] order=100 cmp=44 NEW ISOGENOUS
SIEVECAND L=7 x10(t=-6/37)[ 10 ] x x10(t=49/12)[ 10 ] prod=[ 10, 10 ] order=100 cmp=40 NEW ISOGENOUS
SIEVECAND L=3 x10(t=-6/37)[ 10 ] x x10(t=49/12)[ 10 ] prod=[ 10, 10 ] order=100 cmp=40 NEW ISOGENOUS
SIEVECAND L=7 x10(t=6/41)[ 10 ] x x10(t=-29/12)[ 10 ] prod=[ 10, 10 ] order=100 cmp=42 NEW ISOGENOUS
SIEVECAND L=3 x10(t=6/41)[ 10 ] x x10(t=-29/12)[ 10 ] prod=[ 10, 10 ] order=100 cmp=42 NEW ISOGENOUS
SIEVECAND L=7 x10(t=-6/41)[ 10 ] x x10(t=53/12)[ 10 ] prod=[ 10, 10 ] order=100 cmp=41 NEW ISOGENOUS
SIEVECAND L=3 x10(t=-6/41)[ 10 ] x x10(t=53/12)[ 10 ] prod=[ 10, 10 ] order=100 cmp=41 NEW ISOGENOUS
SIEVECAND L=7 x10(t=6/43)[ 10 ] x x10(t=-31/12)[ 10 ] prod=[ 10, 10 ] order=100 cmp=41 NEW ISOGENOUS
SIEVECAND L=3 x10(t=6/43)[ 10 ] x x10(t=-31/12)[ 10 ] prod=[ 10, 10 ] order=100 cmp=41 NEW ISOGENOUS
SIEVECAND L=7 x10(t=-6/43)[ 10 ] x x10(t=55/12)[ 10 ] prod=[ 10, 10 ] order=100 cmp=42 NEW ISOGENOUS
SIEVECAND L=3 x10(t=-6/43)[ 10 ] x x10(t=55/12)[ 10 ] prod=[ 10, 10 ] order=100 cmp=42 NEW ISOGENOUS
SIEVECAND L=7 x10(t=6/47)[ 10 ] x x10(t=-35/12)[ 10 ] prod=[ 10, 10 ] order=100 cmp=43 NEW ISOGENOUS
SIEVECAND L=3 x10(t=6/47)[ 10 ] x x10(t=-35/12)[ 10 ] prod=[ 10, 10 ] order=100 cmp=43 NEW ISOGENOUS
SIEVECAND L=7 x10(t=-6/47)[ 10 ] x x10(t=59/12)[ 10 ] prod=[ 10, 10 ] order=100 cmp=40 NEW ISOGENOUS
SIEVECAND L=3 x10(t=-6/47)[ 10 ] x x10(t=59/12)[ 10 ] prod=[ 10, 10 ] order=100 cmp=40 NEW ISOGENOUS
SIEVECAND L=7 x10(t=6/49)[ 10 ] x x10(t=-37/12)[ 10 ] prod=[ 10, 10 ] order=100 cmp=44 NEW ISOGENOUS
SIEVECAND L=3 x10(t=6/49)[ 10 ] x x10(t=-37/12)[ 10 ] prod=[ 10, 10 ] order=100 cmp=44 NEW ISOGENOUS
SIEVECAND L=7 x10(t=6/53)[ 10 ] x x10(t=-41/12)[ 10 ] prod=[ 10, 10 ] order=100 cmp=41 NEW ISOGENOUS
SIEVECAND L=3 x10(t=6/53)[ 10 ] x x10(t=-41/12)[ 10 ] prod=[ 10, 10 ] order=100 cmp=41 NEW ISOGENOUS
SIEVECAND L=7 x10(t=6/55)[ 10 ] x x10(t=-43/12)[ 10 ] prod=[ 10, 10 ] order=100 cmp=42 NEW ISOGENOUS
SIEVECAND L=3 x10(t=6/55)[ 10 ] x x10(t=-43/12)[ 10 ] prod=[ 10, 10 ] order=100 cmp=42 NEW ISOGENOUS
SIEVECAND L=7 x10(t=6/59)[ 10 ] x x10(t=-47/12)[ 10 ] prod=[ 10, 10 ] order=100 cmp=43 NEW ISOGENOUS
SIEVECAND L=3 x10(t=6/59)[ 10 ] x x10(t=-47/12)[ 10 ] prod=[ 10, 10 ] order=100 cmp=43 NEW ISOGENOUS
SIEVECAND L=7 x10(t=-7/9)[ 10 ] x x10(t=9/32)[ 10 ] prod=[ 10, 10 ] order=100 cmp=43 NEW ISOGENOUS
SIEVECAND L=3 x10(t=-7/9)[ 10 ] x x10(t=9/32)[ 10 ] prod=[ 10, 10 ] order=100 cmp=43 NEW ISOGENOUS
SIEVECAND L=7 x10(t=-7/11)[ 10 ] x x10(t=11/36)[ 10 ] prod=[ 10, 10 ] order=100 cmp=44 NEW ISOGENOUS
SIEVECAND L=3 x10(t=-7/11)[ 10 ] x x10(t=11/36)[ 10 ] prod=[ 10, 10 ] order=100 cmp=44 NEW ISOGENOUS
SIEVECAND L=7 x10(t=-7/13)[ 10 ] x x10(t=13/40)[ 10 ] prod=[ 10, 10 ] order=100 cmp=43 NEW ISOGENOUS
SIEVECAND L=3 x10(t=-7/13)[ 10 ] x x10(t=13/40)[ 10 ] prod=[ 10, 10 ] order=100 cmp=43 NEW ISOGENOUS
SIEVECAND L=7 x10(t=-7/15)[ 10 ] x x10(t=15/44)[ 10 ] prod=[ 10, 10 ] order=100 cmp=41 NEW ISOGENOUS
SIEVECAND L=3 x10(t=-7/15)[ 10 ] x x10(t=15/44)[ 10 ] prod=[ 10, 10 ] order=100 cmp=41 NEW ISOGENOUS
SIEVECAND L=7 x10(t=-7/16)[ 10 ] x x10(t=8/23)[ 10 ] prod=[ 10, 10 ] order=100 cmp=44 NEW ISOGENOUS
SIEVECAND L=3 x10(t=-7/16)[ 10 ] x x10(t=8/23)[ 10 ] prod=[ 10, 10 ] order=100 cmp=44 NEW ISOGENOUS
SIEVECAND L=7 x10(t=-7/17)[ 10 ] x x10(t=17/48)[ 10 ] prod=[ 10, 10 ] order=100 cmp=42 NEW ISOGENOUS
SIEVECAND L=3 x10(t=-7/17)[ 10 ] x x10(t=17/48)[ 10 ] prod=[ 10, 10 ] order=100 cmp=42 NEW ISOGENOUS
SIEVECAND L=7 x10(t=-7/18)[ 10 ] x x10(t=9/25)[ 10 ] prod=[ 10, 10 ] order=100 cmp=45 NEW ISOGENOUS
SIEVECAND L=3 x10(t=-7/18)[ 10 ] x x10(t=9/25)[ 10 ] prod=[ 10, 10 ] order=100 cmp=45 NEW ISOGENOUS
SIEVECAND L=7 x10(t=-7/19)[ 10 ] x x10(t=19/52)[ 10 ] prod=[ 10, 10 ] order=100 cmp=42 NEW ISOGENOUS
SIEVECAND L=3 x10(t=-7/19)[ 10 ] x x10(t=19/52)[ 10 ] prod=[ 10, 10 ] order=100 cmp=42 NEW ISOGENOUS
SIEVECAND L=7 x10(t=-7/20)[ 10 ] x x10(t=10/27)[ 10 ] prod=[ 10, 10 ] order=100 cmp=42 NEW ISOGENOUS
SIEVECAND L=3 x10(t=-7/20)[ 10 ] x x10(t=10/27)[ 10 ] prod=[ 10, 10 ] order=100 cmp=42 NEW ISOGENOUS
SIEVECAND L=7 x10(t=-7/22)[ 10 ] x x10(t=11/29)[ 10 ] prod=[ 10, 10 ] order=100 cmp=43 NEW ISOGENOUS
SIEVECAND L=3 x10(t=-7/22)[ 10 ] x x10(t=11/29)[ 10 ] prod=[ 10, 10 ] order=100 cmp=43 NEW ISOGENOUS
SIEVECAND L=7 x10(t=7/23)[ 10 ] x x10(t=-9/14)[ 10 ] prod=[ 10, 10 ] order=100 cmp=43 NEW ISOGENOUS
SIEVECAND L=3 x10(t=7/23)[ 10 ] x x10(t=-9/14)[ 10 ] prod=[ 10, 10 ] order=100 cmp=43 NEW ISOGENOUS
SIEVECAND L=7 x10(t=-7/23)[ 10 ] x x10(t=23/60)[ 10 ] prod=[ 10, 10 ] order=100 cmp=43 NEW ISOGENOUS
SIEVECAND L=3 x10(t=-7/23)[ 10 ] x x10(t=23/60)[ 10 ] prod=[ 10, 10 ] order=100 cmp=43 NEW ISOGENOUS
SIEVECAND L=7 x10(t=-7/24)[ 10 ] x x10(t=12/31)[ 10 ] prod=[ 10, 10 ] order=100 cmp=43 NEW ISOGENOUS
SIEVECAND L=3 x10(t=-7/24)[ 10 ] x x10(t=12/31)[ 10 ] prod=[ 10, 10 ] order=100 cmp=43 NEW ISOGENOUS
SIEVECAND L=7 x10(t=7/25)[ 10 ] x x10(t=-11/14)[ 10 ] prod=[ 10, 10 ] order=100 cmp=42 NEW ISOGENOUS
SIEVECAND L=3 x10(t=7/25)[ 10 ] x x10(t=-11/14)[ 10 ] prod=[ 10, 10 ] order=100 cmp=42 NEW ISOGENOUS
SIEVECAND L=7 x10(t=-7/25)[ 10 ] x x10(t=39/14)[ 10 ] prod=[ 10, 10 ] order=100 cmp=42 NEW ISOGENOUS
SIEVECAND L=3 x10(t=-7/25)[ 10 ] x x10(t=39/14)[ 10 ] prod=[ 10, 10 ] order=100 cmp=42 NEW ISOGENOUS
SIEVECAND L=7 x10(t=-7/26)[ 10 ] x x10(t=13/33)[ 10 ] prod=[ 10, 10 ] order=100 cmp=41 NEW ISOGENOUS
SIEVECAND L=3 x10(t=-7/26)[ 10 ] x x10(t=13/33)[ 10 ] prod=[ 10, 10 ] order=100 cmp=41 NEW ISOGENOUS
SIEVECAND L=7 x10(t=7/27)[ 10 ] x x10(t=-13/14)[ 10 ] prod=[ 10, 10 ] order=100 cmp=44 NEW ISOGENOUS
SIEVECAND L=3 x10(t=7/27)[ 10 ] x x10(t=-13/14)[ 10 ] prod=[ 10, 10 ] order=100 cmp=44 NEW ISOGENOUS
SIEVECAND L=7 x10(t=-7/27)[ 10 ] x x10(t=41/14)[ 10 ] prod=[ 10, 10 ] order=100 cmp=43 NEW ISOGENOUS
SIEVECAND L=3 x10(t=-7/27)[ 10 ] x x10(t=41/14)[ 10 ] prod=[ 10, 10 ] order=100 cmp=43 NEW ISOGENOUS
SIEVECAND L=7 x10(t=7/29)[ 10 ] x x10(t=-15/14)[ 10 ] prod=[ 10, 10 ] order=100 cmp=44 NEW ISOGENOUS
SIEVECAND L=3 x10(t=7/29)[ 10 ] x x10(t=-15/14)[ 10 ] prod=[ 10, 10 ] order=100 cmp=44 NEW ISOGENOUS
SIEVECAND L=7 x10(t=-7/29)[ 10 ] x x10(t=43/14)[ 10 ] prod=[ 10, 10 ] order=100 cmp=44 NEW ISOGENOUS
SIEVECAND L=3 x10(t=-7/29)[ 10 ] x x10(t=43/14)[ 10 ] prod=[ 10, 10 ] order=100 cmp=44 NEW ISOGENOUS
SIEVECAND L=7 x10(t=7/30)[ 10 ] x x10(t=-8/7)[ 10 ] prod=[ 10, 10 ] order=100 cmp=43 NEW ISOGENOUS
SIEVECAND L=3 x10(t=7/30)[ 10 ] x x10(t=-8/7)[ 10 ] prod=[ 10, 10 ] order=100 cmp=43 NEW ISOGENOUS
SIEVECAND L=7 x10(t=-7/30)[ 10 ] x x10(t=15/37)[ 10 ] prod=[ 10, 10 ] order=100 cmp=43 NEW ISOGENOUS
SIEVECAND L=3 x10(t=-7/30)[ 10 ] x x10(t=15/37)[ 10 ] prod=[ 10, 10 ] order=100 cmp=43 NEW ISOGENOUS
SIEVECAND L=7 x10(t=7/31)[ 10 ] x x10(t=-17/14)[ 10 ] prod=[ 10, 10 ] order=100 cmp=42 NEW ISOGENOUS
SIEVECAND L=3 x10(t=7/31)[ 10 ] x x10(t=-17/14)[ 10 ] prod=[ 10, 10 ] order=100 cmp=42 NEW ISOGENOUS
SIEVECAND L=7 x10(t=-7/31)[ 10 ] x x10(t=45/14)[ 10 ] prod=[ 10, 10 ] order=100 cmp=42 NEW ISOGENOUS
SIEVECAND L=3 x10(t=-7/31)[ 10 ] x x10(t=45/14)[ 10 ] prod=[ 10, 10 ] order=100 cmp=42 NEW ISOGENOUS
SIEVECAND L=7 x10(t=7/32)[ 10 ] x x10(t=-9/7)[ 10 ] prod=[ 10, 10 ] order=100 cmp=44 NEW ISOGENOUS
SIEVECAND L=3 x10(t=7/32)[ 10 ] x x10(t=-9/7)[ 10 ] prod=[ 10, 10 ] order=100 cmp=44 NEW ISOGENOUS
SIEVECAND L=7 x10(t=-7/32)[ 10 ] x x10(t=16/39)[ 10 ] prod=[ 10, 10 ] order=100 cmp=43 NEW ISOGENOUS
SIEVECAND L=3 x10(t=-7/32)[ 10 ] x x10(t=16/39)[ 10 ] prod=[ 10, 10 ] order=100 cmp=43 NEW ISOGENOUS
SIEVECAND L=7 x10(t=7/33)[ 10 ] x x10(t=-19/14)[ 10 ] prod=[ 10, 10 ] order=100 cmp=42 NEW ISOGENOUS
SIEVECAND L=3 x10(t=7/33)[ 10 ] x x10(t=-19/14)[ 10 ] prod=[ 10, 10 ] order=100 cmp=42 NEW ISOGENOUS
SIEVECAND L=7 x10(t=-7/33)[ 10 ] x x10(t=47/14)[ 10 ] prod=[ 10, 10 ] order=100 cmp=44 NEW ISOGENOUS
SIEVECAND L=3 x10(t=-7/33)[ 10 ] x x10(t=47/14)[ 10 ] prod=[ 10, 10 ] order=100 cmp=44 NEW ISOGENOUS
SIEVECAND L=7 x10(t=7/34)[ 10 ] x x10(t=-10/7)[ 10 ] prod=[ 10, 10 ] order=100 cmp=45 NEW ISOGENOUS
SIEVECAND L=3 x10(t=7/34)[ 10 ] x x10(t=-10/7)[ 10 ] prod=[ 10, 10 ] order=100 cmp=45 NEW ISOGENOUS
SIEVECAND L=7 x10(t=-7/34)[ 10 ] x x10(t=17/41)[ 10 ] prod=[ 10, 10 ] order=100 cmp=41 NEW ISOGENOUS
SIEVECAND L=3 x10(t=-7/34)[ 10 ] x x10(t=17/41)[ 10 ] prod=[ 10, 10 ] order=100 cmp=41 NEW ISOGENOUS
SIEVECAND L=7 x10(t=7/36)[ 10 ] x x10(t=-11/7)[ 10 ] prod=[ 10, 10 ] order=100 cmp=42 NEW ISOGENOUS
SIEVECAND L=3 x10(t=7/36)[ 10 ] x x10(t=-11/7)[ 10 ] prod=[ 10, 10 ] order=100 cmp=42 NEW ISOGENOUS
SIEVECAND L=7 x10(t=-7/36)[ 10 ] x x10(t=18/43)[ 10 ] prod=[ 10, 10 ] order=100 cmp=42 NEW ISOGENOUS
SIEVECAND L=3 x10(t=-7/36)[ 10 ] x x10(t=18/43)[ 10 ] prod=[ 10, 10 ] order=100 cmp=42 NEW ISOGENOUS
SIEVECAND L=7 x10(t=7/37)[ 10 ] x x10(t=-23/14)[ 10 ] prod=[ 10, 10 ] order=100 cmp=42 NEW ISOGENOUS
SIEVECAND L=3 x10(t=7/37)[ 10 ] x x10(t=-23/14)[ 10 ] prod=[ 10, 10 ] order=100 cmp=42 NEW ISOGENOUS
SIEVECAND L=7 x10(t=-7/37)[ 10 ] x x10(t=51/14)[ 10 ] prod=[ 10, 10 ] order=100 cmp=42 NEW ISOGENOUS
SIEVECAND L=3 x10(t=-7/37)[ 10 ] x x10(t=51/14)[ 10 ] prod=[ 10, 10 ] order=100 cmp=42 NEW ISOGENOUS
SIEVECAND L=7 x10(t=7/38)[ 10 ] x x10(t=-12/7)[ 10 ] prod=[ 10, 10 ] order=100 cmp=42 NEW ISOGENOUS
SIEVECAND L=3 x10(t=7/38)[ 10 ] x x10(t=-12/7)[ 10 ] prod=[ 10, 10 ] order=100 cmp=42 NEW ISOGENOUS
SIEVECAND L=7 x10(t=-7/38)[ 10 ] x x10(t=19/45)[ 10 ] prod=[ 10, 10 ] order=100 cmp=41 NEW ISOGENOUS
SIEVECAND L=3 x10(t=-7/38)[ 10 ] x x10(t=19/45)[ 10 ] prod=[ 10, 10 ] order=100 cmp=41 NEW ISOGENOUS
SIEVECAND L=7 x10(t=7/39)[ 10 ] x x10(t=-25/14)[ 10 ] prod=[ 10, 10 ] order=100 cmp=45 NEW ISOGENOUS
SIEVECAND L=3 x10(t=7/39)[ 10 ] x x10(t=-25/14)[ 10 ] prod=[ 10, 10 ] order=100 cmp=45 NEW ISOGENOUS
SIEVECAND L=7 x10(t=-7/39)[ 10 ] x x10(t=53/14)[ 10 ] prod=[ 10, 10 ] order=100 cmp=41 NEW ISOGENOUS
SIEVECAND L=3 x10(t=-7/39)[ 10 ] x x10(t=53/14)[ 10 ] prod=[ 10, 10 ] order=100 cmp=41 NEW ISOGENOUS
SIEVECAND L=7 x10(t=7/40)[ 10 ] x x10(t=-13/7)[ 10 ] prod=[ 10, 10 ] order=100 cmp=44 NEW ISOGENOUS
SIEVECAND L=3 x10(t=7/40)[ 10 ] x x10(t=-13/7)[ 10 ] prod=[ 10, 10 ] order=100 cmp=44 NEW ISOGENOUS
SIEVECAND L=7 x10(t=-7/40)[ 10 ] x x10(t=20/47)[ 10 ] prod=[ 10, 10 ] order=100 cmp=42 NEW ISOGENOUS
SIEVECAND L=3 x10(t=-7/40)[ 10 ] x x10(t=20/47)[ 10 ] prod=[ 10, 10 ] order=100 cmp=42 NEW ISOGENOUS
SIEVECAND L=7 x10(t=7/41)[ 10 ] x x10(t=-27/14)[ 10 ] prod=[ 10, 10 ] order=100 cmp=40 NEW ISOGENOUS
SIEVECAND L=3 x10(t=7/41)[ 10 ] x x10(t=-27/14)[ 10 ] prod=[ 10, 10 ] order=100 cmp=40 NEW ISOGENOUS
SIEVECAND L=7 x10(t=-7/41)[ 10 ] x x10(t=55/14)[ 10 ] prod=[ 10, 10 ] order=100 cmp=44 NEW ISOGENOUS
SIEVECAND L=3 x10(t=-7/41)[ 10 ] x x10(t=55/14)[ 10 ] prod=[ 10, 10 ] order=100 cmp=44 NEW ISOGENOUS
SIEVECAND L=7 x10(t=7/43)[ 10 ] x x10(t=-29/14)[ 10 ] prod=[ 10, 10 ] order=100 cmp=41 NEW ISOGENOUS
SIEVECAND L=3 x10(t=7/43)[ 10 ] x x10(t=-29/14)[ 10 ] prod=[ 10, 10 ] order=100 cmp=41 NEW ISOGENOUS
SIEVECAND L=7 x10(t=-7/43)[ 10 ] x x10(t=57/14)[ 10 ] prod=[ 10, 10 ] order=100 cmp=44 NEW ISOGENOUS
SIEVECAND L=3 x10(t=-7/43)[ 10 ] x x10(t=57/14)[ 10 ] prod=[ 10, 10 ] order=100 cmp=44 NEW ISOGENOUS
SIEVECAND L=7 x10(t=7/44)[ 10 ] x x10(t=-15/7)[ 10 ] prod=[ 10, 10 ] order=100 cmp=42 NEW ISOGENOUS
SIEVECAND L=3 x10(t=7/44)[ 10 ] x x10(t=-15/7)[ 10 ] prod=[ 10, 10 ] order=100 cmp=42 NEW ISOGENOUS
SIEVECAND L=7 x10(t=-7/44)[ 10 ] x x10(t=22/51)[ 10 ] prod=[ 10, 10 ] order=100 cmp=43 NEW ISOGENOUS
SIEVECAND L=3 x10(t=-7/44)[ 10 ] x x10(t=22/51)[ 10 ] prod=[ 10, 10 ] order=100 cmp=43 NEW ISOGENOUS
SIEVECAND L=7 x10(t=7/45)[ 10 ] x x10(t=-31/14)[ 10 ] prod=[ 10, 10 ] order=100 cmp=44 NEW ISOGENOUS
SIEVECAND L=3 x10(t=7/45)[ 10 ] x x10(t=-31/14)[ 10 ] prod=[ 10, 10 ] order=100 cmp=44 NEW ISOGENOUS
SIEVECAND L=7 x10(t=-7/45)[ 10 ] x x10(t=59/14)[ 10 ] prod=[ 10, 10 ] order=100 cmp=42 NEW ISOGENOUS
SIEVECAND L=3 x10(t=-7/45)[ 10 ] x x10(t=59/14)[ 10 ] prod=[ 10, 10 ] order=100 cmp=42 NEW ISOGENOUS
SIEVECAND L=7 x10(t=7/46)[ 10 ] x x10(t=-16/7)[ 10 ] prod=[ 10, 10 ] order=100 cmp=42 NEW ISOGENOUS
SIEVECAND L=3 x10(t=7/46)[ 10 ] x x10(t=-16/7)[ 10 ] prod=[ 10, 10 ] order=100 cmp=42 NEW ISOGENOUS
SIEVECAND L=7 x10(t=-7/46)[ 10 ] x x10(t=23/53)[ 10 ] prod=[ 10, 10 ] order=100 cmp=40 NEW ISOGENOUS
SIEVECAND L=3 x10(t=-7/46)[ 10 ] x x10(t=23/53)[ 10 ] prod=[ 10, 10 ] order=100 cmp=40 NEW ISOGENOUS
SIEVECAND L=7 x10(t=7/47)[ 10 ] x x10(t=-33/14)[ 10 ] prod=[ 10, 10 ] order=100 cmp=42 NEW ISOGENOUS
SIEVECAND L=3 x10(t=7/47)[ 10 ] x x10(t=-33/14)[ 10 ] prod=[ 10, 10 ] order=100 cmp=42 NEW ISOGENOUS
SIEVECAND L=7 x10(t=7/48)[ 10 ] x x10(t=-17/7)[ 10 ] prod=[ 10, 10 ] order=100 cmp=43 NEW ISOGENOUS
SIEVECAND L=3 x10(t=7/48)[ 10 ] x x10(t=-17/7)[ 10 ] prod=[ 10, 10 ] order=100 cmp=43 NEW ISOGENOUS
SIEVECAND L=7 x10(t=-7/48)[ 10 ] x x10(t=24/55)[ 10 ] prod=[ 10, 10 ] order=100 cmp=44 NEW ISOGENOUS
SIEVECAND L=3 x10(t=-7/48)[ 10 ] x x10(t=24/55)[ 10 ] prod=[ 10, 10 ] order=100 cmp=44 NEW ISOGENOUS
SIEVECAND L=7 x10(t=7/50)[ 10 ] x x10(t=-18/7)[ 10 ] prod=[ 10, 10 ] order=100 cmp=45 NEW ISOGENOUS
SIEVECAND L=3 x10(t=7/50)[ 10 ] x x10(t=-18/7)[ 10 ] prod=[ 10, 10 ] order=100 cmp=45 NEW ISOGENOUS
SIEVECAND L=7 x10(t=-7/50)[ 10 ] x x10(t=25/57)[ 10 ] prod=[ 10, 10 ] order=100 cmp=43 NEW ISOGENOUS
SIEVECAND L=3 x10(t=-7/50)[ 10 ] x x10(t=25/57)[ 10 ] prod=[ 10, 10 ] order=100 cmp=43 NEW ISOGENOUS
SIEVECAND L=7 x10(t=7/51)[ 10 ] x x10(t=-37/14)[ 10 ] prod=[ 10, 10 ] order=100 cmp=43 NEW ISOGENOUS
SIEVECAND L=3 x10(t=7/51)[ 10 ] x x10(t=-37/14)[ 10 ] prod=[ 10, 10 ] order=100 cmp=43 NEW ISOGENOUS
SIEVECAND L=7 x10(t=7/52)[ 10 ] x x10(t=-19/7)[ 10 ] prod=[ 10, 10 ] order=100 cmp=42 NEW ISOGENOUS
SIEVECAND L=3 x10(t=7/52)[ 10 ] x x10(t=-19/7)[ 10 ] prod=[ 10, 10 ] order=100 cmp=42 NEW ISOGENOUS
SIEVECAND L=7 x10(t=-7/52)[ 10 ] x x10(t=26/59)[ 10 ] prod=[ 10, 10 ] order=100 cmp=42 NEW ISOGENOUS
SIEVECAND L=3 x10(t=-7/52)[ 10 ] x x10(t=26/59)[ 10 ] prod=[ 10, 10 ] order=100 cmp=42 NEW ISOGENOUS
SIEVECAND L=7 x10(t=7/53)[ 10 ] x x10(t=-39/14)[ 10 ] prod=[ 10, 10 ] order=100 cmp=41 NEW ISOGENOUS
SIEVECAND L=3 x10(t=7/53)[ 10 ] x x10(t=-39/14)[ 10 ] prod=[ 10, 10 ] order=100 cmp=41 NEW ISOGENOUS
SIEVECAND L=7 x10(t=7/54)[ 10 ] x x10(t=-20/7)[ 10 ] prod=[ 10, 10 ] order=100 cmp=43 NEW ISOGENOUS
SIEVECAND L=3 x10(t=7/54)[ 10 ] x x10(t=-20/7)[ 10 ] prod=[ 10, 10 ] order=100 cmp=43 NEW ISOGENOUS
SIEVECAND L=7 x10(t=-7/54)[ 10 ] x x10(t=34/7)[ 10 ] prod=[ 10, 10 ] order=100 cmp=44 NEW ISOGENOUS
SIEVECAND L=3 x10(t=-7/54)[ 10 ] x x10(t=34/7)[ 10 ] prod=[ 10, 10 ] order=100 cmp=44 NEW ISOGENOUS
SIEVECAND L=7 x10(t=7/55)[ 10 ] x x10(t=-41/14)[ 10 ] prod=[ 10, 10 ] order=100 cmp=40 NEW ISOGENOUS
SIEVECAND L=3 x10(t=7/55)[ 10 ] x x10(t=-41/14)[ 10 ] prod=[ 10, 10 ] order=100 cmp=40 NEW ISOGENOUS
SIEVECAND L=7 x10(t=7/57)[ 10 ] x x10(t=-43/14)[ 10 ] prod=[ 10, 10 ] order=100 cmp=42 NEW ISOGENOUS
SIEVECAND L=3 x10(t=7/57)[ 10 ] x x10(t=-43/14)[ 10 ] prod=[ 10, 10 ] order=100 cmp=42 NEW ISOGENOUS
SIEVECAND L=7 x10(t=7/58)[ 10 ] x x10(t=-22/7)[ 10 ] prod=[ 10, 10 ] order=100 cmp=42 NEW ISOGENOUS
SIEVECAND L=3 x10(t=7/58)[ 10 ] x x10(t=-22/7)[ 10 ] prod=[ 10, 10 ] order=100 cmp=42 NEW ISOGENOUS
SIEVECAND L=7 x10(t=-7/58)[ 10 ] x x10(t=36/7)[ 10 ] prod=[ 10, 10 ] order=100 cmp=41 NEW ISOGENOUS
SIEVECAND L=3 x10(t=-7/58)[ 10 ] x x10(t=36/7)[ 10 ] prod=[ 10, 10 ] order=100 cmp=41 NEW ISOGENOUS
SIEVECAND L=7 x10(t=7/59)[ 10 ] x x10(t=-45/14)[ 10 ] prod=[ 10, 10 ] order=100 cmp=42 NEW ISOGENOUS
SIEVECAND L=3 x10(t=7/59)[ 10 ] x x10(t=-45/14)[ 10 ] prod=[ 10, 10 ] order=100 cmp=42 NEW ISOGENOUS
SIEVECAND L=7 x10(t=7/60)[ 10 ] x x10(t=-23/7)[ 10 ] prod=[ 10, 10 ] order=100 cmp=44 NEW ISOGENOUS
SIEVECAND L=3 x10(t=7/60)[ 10 ] x x10(t=-23/7)[ 10 ] prod=[ 10, 10 ] order=100 cmp=44 NEW ISOGENOUS
SIEVECAND L=7 x10(t=-7/60)[ 10 ] x x10(t=37/7)[ 10 ] prod=[ 10, 10 ] order=100 cmp=44 NEW ISOGENOUS
SIEVECAND L=3 x10(t=-7/60)[ 10 ] x x10(t=37/7)[ 10 ] prod=[ 10, 10 ] order=100 cmp=44 NEW ISOGENOUS
SIEVECAND L=7 x10(t=-8/9)[ 10 ] x x10(t=9/34)[ 10 ] prod=[ 10, 10 ] order=100 cmp=42 NEW ISOGENOUS
SIEVECAND L=3 x10(t=-8/9)[ 10 ] x x10(t=9/34)[ 10 ] prod=[ 10, 10 ] order=100 cmp=42 NEW ISOGENOUS
SIEVECAND L=7 x10(t=-8/11)[ 10 ] x x10(t=11/38)[ 10 ] prod=[ 10, 10 ] order=100 cmp=44 NEW ISOGENOUS
SIEVECAND L=3 x10(t=-8/11)[ 10 ] x x10(t=11/38)[ 10 ] prod=[ 10, 10 ] order=100 cmp=44 NEW ISOGENOUS
SIEVECAND L=7 x10(t=-8/13)[ 10 ] x x10(t=13/42)[ 10 ] prod=[ 10, 10 ] order=100 cmp=42 NEW ISOGENOUS
SIEVECAND L=3 x10(t=-8/13)[ 10 ] x x10(t=13/42)[ 10 ] prod=[ 10, 10 ] order=100 cmp=42 NEW ISOGENOUS
SIEVECAND L=7 x10(t=-8/15)[ 10 ] x x10(t=15/46)[ 10 ] prod=[ 10, 10 ] order=100 cmp=42 NEW ISOGENOUS
SIEVECAND L=3 x10(t=-8/15)[ 10 ] x x10(t=15/46)[ 10 ] prod=[ 10, 10 ] order=100 cmp=42 NEW ISOGENOUS
SIEVECAND L=7 x10(t=-8/17)[ 10 ] x x10(t=17/50)[ 10 ] prod=[ 10, 10 ] order=100 cmp=44 NEW ISOGENOUS
SIEVECAND L=3 x10(t=-8/17)[ 10 ] x x10(t=17/50)[ 10 ] prod=[ 10, 10 ] order=100 cmp=44 NEW ISOGENOUS
SIEVECAND L=7 x10(t=-8/19)[ 10 ] x x10(t=19/54)[ 10 ] prod=[ 10, 10 ] order=100 cmp=44 NEW ISOGENOUS
SIEVECAND L=3 x10(t=-8/19)[ 10 ] x x10(t=19/54)[ 10 ] prod=[ 10, 10 ] order=100 cmp=44 NEW ISOGENOUS
SIEVECAND L=7 x10(t=-8/21)[ 10 ] x x10(t=21/58)[ 10 ] prod=[ 10, 10 ] order=100 cmp=43 NEW ISOGENOUS
SIEVECAND L=3 x10(t=-8/21)[ 10 ] x x10(t=21/58)[ 10 ] prod=[ 10, 10 ] order=100 cmp=43 NEW ISOGENOUS
SIEVECAND L=7 x10(t=-8/23)[ 10 ] x x10(t=39/16)[ 10 ] prod=[ 10, 10 ] order=100 cmp=41 NEW ISOGENOUS
SIEVECAND L=3 x10(t=-8/23)[ 10 ] x x10(t=39/16)[ 10 ] prod=[ 10, 10 ] order=100 cmp=41 NEW ISOGENOUS
SIEVECAND L=7 x10(t=8/25)[ 10 ] x x10(t=-9/16)[ 10 ] prod=[ 10, 10 ] order=100 cmp=44 NEW ISOGENOUS
SIEVECAND L=3 x10(t=8/25)[ 10 ] x x10(t=-9/16)[ 10 ] prod=[ 10, 10 ] order=100 cmp=44 NEW ISOGENOUS
SIEVECAND L=7 x10(t=-8/25)[ 10 ] x x10(t=41/16)[ 10 ] prod=[ 10, 10 ] order=100 cmp=43 NEW ISOGENOUS
SIEVECAND L=3 x10(t=-8/25)[ 10 ] x x10(t=41/16)[ 10 ] prod=[ 10, 10 ] order=100 cmp=43 NEW ISOGENOUS
SIEVECAND L=7 x10(t=8/27)[ 10 ] x x10(t=-11/16)[ 10 ] prod=[ 10, 10 ] order=100 cmp=42 NEW ISOGENOUS
SIEVECAND L=3 x10(t=8/27)[ 10 ] x x10(t=-11/16)[ 10 ] prod=[ 10, 10 ] order=100 cmp=42 NEW ISOGENOUS
PROGRESS sieve 11000/16514 rows, 1074 cands, 267.050 s
SIEVECAND L=7 x10(t=-8/27)[ 10 ] x x10(t=43/16)[ 10 ] prod=[ 10, 10 ] order=100 cmp=42 NEW ISOGENOUS
SIEVECAND L=3 x10(t=-8/27)[ 10 ] x x10(t=43/16)[ 10 ] prod=[ 10, 10 ] order=100 cmp=42 NEW ISOGENOUS
SIEVECAND L=7 x10(t=8/29)[ 10 ] x x10(t=-13/16)[ 10 ] prod=[ 10, 10 ] order=100 cmp=42 NEW ISOGENOUS
SIEVECAND L=3 x10(t=8/29)[ 10 ] x x10(t=-13/16)[ 10 ] prod=[ 10, 10 ] order=100 cmp=42 NEW ISOGENOUS
SIEVECAND L=7 x10(t=-8/29)[ 10 ] x x10(t=45/16)[ 10 ] prod=[ 10, 10 ] order=100 cmp=43 NEW ISOGENOUS
SIEVECAND L=3 x10(t=-8/29)[ 10 ] x x10(t=45/16)[ 10 ] prod=[ 10, 10 ] order=100 cmp=43 NEW ISOGENOUS
SIEVECAND L=7 x10(t=8/31)[ 10 ] x x10(t=-15/16)[ 10 ] prod=[ 10, 10 ] order=100 cmp=44 NEW ISOGENOUS
SIEVECAND L=3 x10(t=8/31)[ 10 ] x x10(t=-15/16)[ 10 ] prod=[ 10, 10 ] order=100 cmp=44 NEW ISOGENOUS
SIEVECAND L=7 x10(t=-8/31)[ 10 ] x x10(t=47/16)[ 10 ] prod=[ 10, 10 ] order=100 cmp=39 NEW ISOGENOUS
SIEVECAND L=3 x10(t=-8/31)[ 10 ] x x10(t=47/16)[ 10 ] prod=[ 10, 10 ] order=100 cmp=39 NEW ISOGENOUS
SIEVECAND L=7 x10(t=8/33)[ 10 ] x x10(t=-17/16)[ 10 ] prod=[ 10, 10 ] order=100 cmp=43 NEW ISOGENOUS
SIEVECAND L=3 x10(t=8/33)[ 10 ] x x10(t=-17/16)[ 10 ] prod=[ 10, 10 ] order=100 cmp=43 NEW ISOGENOUS
SIEVECAND L=7 x10(t=-8/33)[ 10 ] x x10(t=49/16)[ 10 ] prod=[ 10, 10 ] order=100 cmp=43 NEW ISOGENOUS
SIEVECAND L=3 x10(t=-8/33)[ 10 ] x x10(t=49/16)[ 10 ] prod=[ 10, 10 ] order=100 cmp=43 NEW ISOGENOUS
SIEVECAND L=7 x10(t=8/35)[ 10 ] x x10(t=-19/16)[ 10 ] prod=[ 10, 10 ] order=100 cmp=43 NEW ISOGENOUS
SIEVECAND L=3 x10(t=8/35)[ 10 ] x x10(t=-19/16)[ 10 ] prod=[ 10, 10 ] order=100 cmp=43 NEW ISOGENOUS
SIEVECAND L=7 x10(t=-8/35)[ 10 ] x x10(t=51/16)[ 10 ] prod=[ 10, 10 ] order=100 cmp=44 NEW ISOGENOUS
SIEVECAND L=3 x10(t=-8/35)[ 10 ] x x10(t=51/16)[ 10 ] prod=[ 10, 10 ] order=100 cmp=44 NEW ISOGENOUS
SIEVECAND L=7 x10(t=8/37)[ 10 ] x x10(t=-21/16)[ 10 ] prod=[ 10, 10 ] order=100 cmp=41 NEW ISOGENOUS
SIEVECAND L=3 x10(t=8/37)[ 10 ] x x10(t=-21/16)[ 10 ] prod=[ 10, 10 ] order=100 cmp=41 NEW ISOGENOUS
SIEVECAND L=7 x10(t=-8/37)[ 10 ] x x10(t=53/16)[ 10 ] prod=[ 10, 10 ] order=100 cmp=42 NEW ISOGENOUS
SIEVECAND L=3 x10(t=-8/37)[ 10 ] x x10(t=53/16)[ 10 ] prod=[ 10, 10 ] order=100 cmp=42 NEW ISOGENOUS
SIEVECAND L=7 x10(t=8/39)[ 10 ] x x10(t=-23/16)[ 10 ] prod=[ 10, 10 ] order=100 cmp=41 NEW ISOGENOUS
SIEVECAND L=3 x10(t=8/39)[ 10 ] x x10(t=-23/16)[ 10 ] prod=[ 10, 10 ] order=100 cmp=41 NEW ISOGENOUS
SIEVECAND L=7 x10(t=-8/39)[ 10 ] x x10(t=55/16)[ 10 ] prod=[ 10, 10 ] order=100 cmp=43 NEW ISOGENOUS
SIEVECAND L=3 x10(t=-8/39)[ 10 ] x x10(t=55/16)[ 10 ] prod=[ 10, 10 ] order=100 cmp=43 NEW ISOGENOUS
SIEVECAND L=7 x10(t=8/41)[ 10 ] x x10(t=-25/16)[ 10 ] prod=[ 10, 10 ] order=100 cmp=44 NEW ISOGENOUS
SIEVECAND L=3 x10(t=8/41)[ 10 ] x x10(t=-25/16)[ 10 ] prod=[ 10, 10 ] order=100 cmp=44 NEW ISOGENOUS
SIEVECAND L=7 x10(t=-8/41)[ 10 ] x x10(t=57/16)[ 10 ] prod=[ 10, 10 ] order=100 cmp=44 NEW ISOGENOUS
SIEVECAND L=3 x10(t=-8/41)[ 10 ] x x10(t=57/16)[ 10 ] prod=[ 10, 10 ] order=100 cmp=44 NEW ISOGENOUS
SIEVECAND L=7 x10(t=8/43)[ 10 ] x x10(t=-27/16)[ 10 ] prod=[ 10, 10 ] order=100 cmp=45 NEW ISOGENOUS
SIEVECAND L=3 x10(t=8/43)[ 10 ] x x10(t=-27/16)[ 10 ] prod=[ 10, 10 ] order=100 cmp=45 NEW ISOGENOUS
SIEVECAND L=7 x10(t=-8/43)[ 10 ] x x10(t=59/16)[ 10 ] prod=[ 10, 10 ] order=100 cmp=40 NEW ISOGENOUS
SIEVECAND L=3 x10(t=-8/43)[ 10 ] x x10(t=59/16)[ 10 ] prod=[ 10, 10 ] order=100 cmp=40 NEW ISOGENOUS
SIEVECAND L=7 x10(t=8/45)[ 10 ] x x10(t=-29/16)[ 10 ] prod=[ 10, 10 ] order=100 cmp=42 NEW ISOGENOUS
SIEVECAND L=3 x10(t=8/45)[ 10 ] x x10(t=-29/16)[ 10 ] prod=[ 10, 10 ] order=100 cmp=42 NEW ISOGENOUS
SIEVECAND L=7 x10(t=8/47)[ 10 ] x x10(t=-31/16)[ 10 ] prod=[ 10, 10 ] order=100 cmp=42 NEW ISOGENOUS
SIEVECAND L=3 x10(t=8/47)[ 10 ] x x10(t=-31/16)[ 10 ] prod=[ 10, 10 ] order=100 cmp=42 NEW ISOGENOUS
SIEVECAND L=7 x10(t=8/49)[ 10 ] x x10(t=-33/16)[ 10 ] prod=[ 10, 10 ] order=100 cmp=42 NEW ISOGENOUS
SIEVECAND L=3 x10(t=8/49)[ 10 ] x x10(t=-33/16)[ 10 ] prod=[ 10, 10 ] order=100 cmp=42 NEW ISOGENOUS
SIEVECAND L=7 x10(t=8/51)[ 10 ] x x10(t=-35/16)[ 10 ] prod=[ 10, 10 ] order=100 cmp=40 NEW ISOGENOUS
SIEVECAND L=3 x10(t=8/51)[ 10 ] x x10(t=-35/16)[ 10 ] prod=[ 10, 10 ] order=100 cmp=40 NEW ISOGENOUS
SIEVECAND L=7 x10(t=8/53)[ 10 ] x x10(t=-37/16)[ 10 ] prod=[ 10, 10 ] order=100 cmp=42 NEW ISOGENOUS
SIEVECAND L=3 x10(t=8/53)[ 10 ] x x10(t=-37/16)[ 10 ] prod=[ 10, 10 ] order=100 cmp=42 NEW ISOGENOUS
SIEVECAND L=7 x10(t=8/55)[ 10 ] x x10(t=-39/16)[ 10 ] prod=[ 10, 10 ] order=100 cmp=39 NEW ISOGENOUS
SIEVECAND L=3 x10(t=8/55)[ 10 ] x x10(t=-39/16)[ 10 ] prod=[ 10, 10 ] order=100 cmp=39 NEW ISOGENOUS
SIEVECAND L=7 x10(t=8/57)[ 10 ] x x10(t=-41/16)[ 10 ] prod=[ 10, 10 ] order=100 cmp=42 NEW ISOGENOUS
SIEVECAND L=3 x10(t=8/57)[ 10 ] x x10(t=-41/16)[ 10 ] prod=[ 10, 10 ] order=100 cmp=42 NEW ISOGENOUS
SIEVECAND L=7 x10(t=8/59)[ 10 ] x x10(t=-43/16)[ 10 ] prod=[ 10, 10 ] order=100 cmp=42 NEW ISOGENOUS
SIEVECAND L=3 x10(t=8/59)[ 10 ] x x10(t=-43/16)[ 10 ] prod=[ 10, 10 ] order=100 cmp=42 NEW ISOGENOUS
SIEVECAND L=7 x10(t=-9/11)[ 10 ] x x10(t=11/40)[ 10 ] prod=[ 10, 10 ] order=100 cmp=44 NEW ISOGENOUS
SIEVECAND L=3 x10(t=-9/11)[ 10 ] x x10(t=11/40)[ 10 ] prod=[ 10, 10 ] order=100 cmp=44 NEW ISOGENOUS
SIEVECAND L=7 x10(t=-9/13)[ 10 ] x x10(t=13/44)[ 10 ] prod=[ 10, 10 ] order=100 cmp=43 NEW ISOGENOUS
SIEVECAND L=3 x10(t=-9/13)[ 10 ] x x10(t=13/44)[ 10 ] prod=[ 10, 10 ] order=100 cmp=43 NEW ISOGENOUS
SIEVECAND L=7 x10(t=-9/17)[ 10 ] x x10(t=17/52)[ 10 ] prod=[ 10, 10 ] order=100 cmp=42 NEW ISOGENOUS
SIEVECAND L=3 x10(t=-9/17)[ 10 ] x x10(t=17/52)[ 10 ] prod=[ 10, 10 ] order=100 cmp=42 NEW ISOGENOUS
SIEVECAND L=7 x10(t=-9/19)[ 10 ] x x10(t=19/56)[ 10 ] prod=[ 10, 10 ] order=100 cmp=42 NEW ISOGENOUS
SIEVECAND L=3 x10(t=-9/19)[ 10 ] x x10(t=19/56)[ 10 ] prod=[ 10, 10 ] order=100 cmp=42 NEW ISOGENOUS
SIEVECAND L=7 x10(t=-9/20)[ 10 ] x x10(t=10/29)[ 10 ] prod=[ 10, 10 ] order=100 cmp=43 NEW ISOGENOUS
SIEVECAND L=3 x10(t=-9/20)[ 10 ] x x10(t=10/29)[ 10 ] prod=[ 10, 10 ] order=100 cmp=43 NEW ISOGENOUS
SIEVECAND L=7 x10(t=-9/22)[ 10 ] x x10(t=11/31)[ 10 ] prod=[ 10, 10 ] order=100 cmp=41 NEW ISOGENOUS
SIEVECAND L=3 x10(t=-9/22)[ 10 ] x x10(t=11/31)[ 10 ] prod=[ 10, 10 ] order=100 cmp=41 NEW ISOGENOUS
SIEVECAND L=7 x10(t=-9/23)[ 10 ] x x10(t=41/18)[ 10 ] prod=[ 10, 10 ] order=100 cmp=42 NEW ISOGENOUS
SIEVECAND L=3 x10(t=-9/23)[ 10 ] x x10(t=41/18)[ 10 ] prod=[ 10, 10 ] order=100 cmp=42 NEW ISOGENOUS
SIEVECAND L=7 x10(t=-9/25)[ 10 ] x x10(t=43/18)[ 10 ] prod=[ 10, 10 ] order=100 cmp=43 NEW ISOGENOUS
SIEVECAND L=3 x10(t=-9/25)[ 10 ] x x10(t=43/18)[ 10 ] prod=[ 10, 10 ] order=100 cmp=43 NEW ISOGENOUS
SIEVECAND L=7 x10(t=-9/26)[ 10 ] x x10(t=13/35)[ 10 ] prod=[ 10, 10 ] order=100 cmp=43 NEW ISOGENOUS
SIEVECAND L=3 x10(t=-9/26)[ 10 ] x x10(t=13/35)[ 10 ] prod=[ 10, 10 ] order=100 cmp=43 NEW ISOGENOUS
SIEVECAND L=7 x10(t=-9/28)[ 10 ] x x10(t=14/37)[ 10 ] prod=[ 10, 10 ] order=100 cmp=43 NEW ISOGENOUS
SIEVECAND L=3 x10(t=-9/28)[ 10 ] x x10(t=14/37)[ 10 ] prod=[ 10, 10 ] order=100 cmp=43 NEW ISOGENOUS
SIEVECAND L=7 x10(t=9/29)[ 10 ] x x10(t=-11/18)[ 10 ] prod=[ 10, 10 ] order=100 cmp=43 NEW ISOGENOUS
SIEVECAND L=3 x10(t=9/29)[ 10 ] x x10(t=-11/18)[ 10 ] prod=[ 10, 10 ] order=100 cmp=43 NEW ISOGENOUS
SIEVECAND L=7 x10(t=-9/29)[ 10 ] x x10(t=47/18)[ 10 ] prod=[ 10, 10 ] order=100 cmp=41 NEW ISOGENOUS
SIEVECAND L=3 x10(t=-9/29)[ 10 ] x x10(t=47/18)[ 10 ] prod=[ 10, 10 ] order=100 cmp=41 NEW ISOGENOUS
SIEVECAND L=7 x10(t=9/31)[ 10 ] x x10(t=-13/18)[ 10 ] prod=[ 10, 10 ] order=100 cmp=42 NEW ISOGENOUS
SIEVECAND L=3 x10(t=9/31)[ 10 ] x x10(t=-13/18)[ 10 ] prod=[ 10, 10 ] order=100 cmp=42 NEW ISOGENOUS
SIEVECAND L=7 x10(t=-9/31)[ 10 ] x x10(t=49/18)[ 10 ] prod=[ 10, 10 ] order=100 cmp=44 NEW ISOGENOUS
SIEVECAND L=3 x10(t=-9/31)[ 10 ] x x10(t=49/18)[ 10 ] prod=[ 10, 10 ] order=100 cmp=44 NEW ISOGENOUS
SIEVECAND L=7 x10(t=-9/32)[ 10 ] x x10(t=16/41)[ 10 ] prod=[ 10, 10 ] order=100 cmp=42 NEW ISOGENOUS
SIEVECAND L=3 x10(t=-9/32)[ 10 ] x x10(t=16/41)[ 10 ] prod=[ 10, 10 ] order=100 cmp=42 NEW ISOGENOUS
SIEVECAND L=7 x10(t=-9/34)[ 10 ] x x10(t=17/43)[ 10 ] prod=[ 10, 10 ] order=100 cmp=42 NEW ISOGENOUS
SIEVECAND L=3 x10(t=-9/34)[ 10 ] x x10(t=17/43)[ 10 ] prod=[ 10, 10 ] order=100 cmp=42 NEW ISOGENOUS
SIEVECAND L=7 x10(t=9/35)[ 10 ] x x10(t=-17/18)[ 10 ] prod=[ 10, 10 ] order=100 cmp=43 NEW ISOGENOUS
SIEVECAND L=3 x10(t=9/35)[ 10 ] x x10(t=-17/18)[ 10 ] prod=[ 10, 10 ] order=100 cmp=43 NEW ISOGENOUS
SIEVECAND L=7 x10(t=-9/35)[ 10 ] x x10(t=53/18)[ 10 ] prod=[ 10, 10 ] order=100 cmp=44 NEW ISOGENOUS
SIEVECAND L=3 x10(t=-9/35)[ 10 ] x x10(t=53/18)[ 10 ] prod=[ 10, 10 ] order=100 cmp=44 NEW ISOGENOUS
SIEVECAND L=7 x10(t=9/37)[ 10 ] x x10(t=-19/18)[ 10 ] prod=[ 10, 10 ] order=100 cmp=40 NEW ISOGENOUS
SIEVECAND L=3 x10(t=9/37)[ 10 ] x x10(t=-19/18)[ 10 ] prod=[ 10, 10 ] order=100 cmp=40 NEW ISOGENOUS
SIEVECAND L=7 x10(t=-9/37)[ 10 ] x x10(t=55/18)[ 10 ] prod=[ 10, 10 ] order=100 cmp=41 NEW ISOGENOUS
SIEVECAND L=3 x10(t=-9/37)[ 10 ] x x10(t=55/18)[ 10 ] prod=[ 10, 10 ] order=100 cmp=41 NEW ISOGENOUS
SIEVECAND L=7 x10(t=9/38)[ 10 ] x x10(t=-10/9)[ 10 ] prod=[ 10, 10 ] order=100 cmp=42 NEW ISOGENOUS
SIEVECAND L=3 x10(t=9/38)[ 10 ] x x10(t=-10/9)[ 10 ] prod=[ 10, 10 ] order=100 cmp=42 NEW ISOGENOUS
SIEVECAND L=7 x10(t=-9/38)[ 10 ] x x10(t=19/47)[ 10 ] prod=[ 10, 10 ] order=100 cmp=43 NEW ISOGENOUS
SIEVECAND L=3 x10(t=-9/38)[ 10 ] x x10(t=19/47)[ 10 ] prod=[ 10, 10 ] order=100 cmp=43 NEW ISOGENOUS
SIEVECAND L=7 x10(t=9/40)[ 10 ] x x10(t=-11/9)[ 10 ] prod=[ 10, 10 ] order=100 cmp=44 NEW ISOGENOUS
SIEVECAND L=3 x10(t=9/40)[ 10 ] x x10(t=-11/9)[ 10 ] prod=[ 10, 10 ] order=100 cmp=44 NEW ISOGENOUS
SIEVECAND L=7 x10(t=-9/40)[ 10 ] x x10(t=20/49)[ 10 ] prod=[ 10, 10 ] order=100 cmp=43 NEW ISOGENOUS
SIEVECAND L=3 x10(t=-9/40)[ 10 ] x x10(t=20/49)[ 10 ] prod=[ 10, 10 ] order=100 cmp=43 NEW ISOGENOUS
SIEVECAND L=7 x10(t=9/41)[ 10 ] x x10(t=-23/18)[ 10 ] prod=[ 10, 10 ] order=100 cmp=43 NEW ISOGENOUS
SIEVECAND L=3 x10(t=9/41)[ 10 ] x x10(t=-23/18)[ 10 ] prod=[ 10, 10 ] order=100 cmp=43 NEW ISOGENOUS
SIEVECAND L=7 x10(t=-9/41)[ 10 ] x x10(t=59/18)[ 10 ] prod=[ 10, 10 ] order=100 cmp=42 NEW ISOGENOUS
SIEVECAND L=3 x10(t=-9/41)[ 10 ] x x10(t=59/18)[ 10 ] prod=[ 10, 10 ] order=100 cmp=42 NEW ISOGENOUS
SIEVECAND L=7 x10(t=9/43)[ 10 ] x x10(t=-25/18)[ 10 ] prod=[ 10, 10 ] order=100 cmp=42 NEW ISOGENOUS
SIEVECAND L=3 x10(t=9/43)[ 10 ] x x10(t=-25/18)[ 10 ] prod=[ 10, 10 ] order=100 cmp=42 NEW ISOGENOUS
SIEVECAND L=7 x10(t=9/44)[ 10 ] x x10(t=-13/9)[ 10 ] prod=[ 10, 10 ] order=100 cmp=44 NEW ISOGENOUS
SIEVECAND L=3 x10(t=9/44)[ 10 ] x x10(t=-13/9)[ 10 ] prod=[ 10, 10 ] order=100 cmp=44 NEW ISOGENOUS
SIEVECAND L=7 x10(t=-9/44)[ 10 ] x x10(t=22/53)[ 10 ] prod=[ 10, 10 ] order=100 cmp=42 NEW ISOGENOUS
SIEVECAND L=3 x10(t=-9/44)[ 10 ] x x10(t=22/53)[ 10 ] prod=[ 10, 10 ] order=100 cmp=42 NEW ISOGENOUS
SIEVECAND L=7 x10(t=9/46)[ 10 ] x x10(t=-14/9)[ 10 ] prod=[ 10, 10 ] order=100 cmp=42 NEW ISOGENOUS
SIEVECAND L=3 x10(t=9/46)[ 10 ] x x10(t=-14/9)[ 10 ] prod=[ 10, 10 ] order=100 cmp=42 NEW ISOGENOUS
SIEVECAND L=7 x10(t=-9/46)[ 10 ] x x10(t=23/55)[ 10 ] prod=[ 10, 10 ] order=100 cmp=42 NEW ISOGENOUS
SIEVECAND L=3 x10(t=-9/46)[ 10 ] x x10(t=23/55)[ 10 ] prod=[ 10, 10 ] order=100 cmp=42 NEW ISOGENOUS
SIEVECAND L=7 x10(t=9/47)[ 10 ] x x10(t=-29/18)[ 10 ] prod=[ 10, 10 ] order=100 cmp=43 NEW ISOGENOUS
SIEVECAND L=3 x10(t=9/47)[ 10 ] x x10(t=-29/18)[ 10 ] prod=[ 10, 10 ] order=100 cmp=43 NEW ISOGENOUS
SIEVECAND L=7 x10(t=9/49)[ 10 ] x x10(t=-31/18)[ 10 ] prod=[ 10, 10 ] order=100 cmp=42 NEW ISOGENOUS
SIEVECAND L=3 x10(t=9/49)[ 10 ] x x10(t=-31/18)[ 10 ] prod=[ 10, 10 ] order=100 cmp=42 NEW ISOGENOUS
SIEVECAND L=7 x10(t=9/50)[ 10 ] x x10(t=-16/9)[ 10 ] prod=[ 10, 10 ] order=100 cmp=45 NEW ISOGENOUS
SIEVECAND L=3 x10(t=9/50)[ 10 ] x x10(t=-16/9)[ 10 ] prod=[ 10, 10 ] order=100 cmp=45 NEW ISOGENOUS
SIEVECAND L=7 x10(t=-9/50)[ 10 ] x x10(t=25/59)[ 10 ] prod=[ 10, 10 ] order=100 cmp=42 NEW ISOGENOUS
SIEVECAND L=3 x10(t=-9/50)[ 10 ] x x10(t=25/59)[ 10 ] prod=[ 10, 10 ] order=100 cmp=42 NEW ISOGENOUS
SIEVECAND L=7 x10(t=9/52)[ 10 ] x x10(t=-17/9)[ 10 ] prod=[ 10, 10 ] order=100 cmp=43 NEW ISOGENOUS
SIEVECAND L=3 x10(t=9/52)[ 10 ] x x10(t=-17/9)[ 10 ] prod=[ 10, 10 ] order=100 cmp=43 NEW ISOGENOUS
SIEVECAND L=7 x10(t=-9/52)[ 10 ] x x10(t=35/9)[ 10 ] prod=[ 10, 10 ] order=100 cmp=41 NEW ISOGENOUS
SIEVECAND L=3 x10(t=-9/52)[ 10 ] x x10(t=35/9)[ 10 ] prod=[ 10, 10 ] order=100 cmp=41 NEW ISOGENOUS
SIEVECAND L=7 x10(t=9/53)[ 10 ] x x10(t=-35/18)[ 10 ] prod=[ 10, 10 ] order=100 cmp=42 NEW ISOGENOUS
SIEVECAND L=3 x10(t=9/53)[ 10 ] x x10(t=-35/18)[ 10 ] prod=[ 10, 10 ] order=100 cmp=42 NEW ISOGENOUS
SIEVECAND L=7 x10(t=9/55)[ 10 ] x x10(t=-37/18)[ 10 ] prod=[ 10, 10 ] order=100 cmp=43 NEW ISOGENOUS
SIEVECAND L=3 x10(t=9/55)[ 10 ] x x10(t=-37/18)[ 10 ] prod=[ 10, 10 ] order=100 cmp=43 NEW ISOGENOUS
SIEVECAND L=7 x10(t=9/56)[ 10 ] x x10(t=-19/9)[ 10 ] prod=[ 10, 10 ] order=100 cmp=41 NEW ISOGENOUS
SIEVECAND L=3 x10(t=9/56)[ 10 ] x x10(t=-19/9)[ 10 ] prod=[ 10, 10 ] order=100 cmp=41 NEW ISOGENOUS
SIEVECAND L=7 x10(t=-9/56)[ 10 ] x x10(t=37/9)[ 10 ] prod=[ 10, 10 ] order=100 cmp=42 NEW ISOGENOUS
SIEVECAND L=3 x10(t=-9/56)[ 10 ] x x10(t=37/9)[ 10 ] prod=[ 10, 10 ] order=100 cmp=42 NEW ISOGENOUS
SIEVECAND L=7 x10(t=9/58)[ 10 ] x x10(t=-20/9)[ 10 ] prod=[ 10, 10 ] order=100 cmp=45 NEW ISOGENOUS
SIEVECAND L=3 x10(t=9/58)[ 10 ] x x10(t=-20/9)[ 10 ] prod=[ 10, 10 ] order=100 cmp=45 NEW ISOGENOUS
SIEVECAND L=7 x10(t=-9/58)[ 10 ] x x10(t=38/9)[ 10 ] prod=[ 10, 10 ] order=100 cmp=43 NEW ISOGENOUS
SIEVECAND L=3 x10(t=-9/58)[ 10 ] x x10(t=38/9)[ 10 ] prod=[ 10, 10 ] order=100 cmp=43 NEW ISOGENOUS
SIEVECAND L=7 x10(t=9/59)[ 10 ] x x10(t=-41/18)[ 10 ] prod=[ 10, 10 ] order=100 cmp=42 NEW ISOGENOUS
SIEVECAND L=3 x10(t=9/59)[ 10 ] x x10(t=-41/18)[ 10 ] prod=[ 10, 10 ] order=100 cmp=42 NEW ISOGENOUS
SIEVECAND L=7 x10(t=-10/11)[ 10 ] x x10(t=11/42)[ 10 ] prod=[ 10, 10 ] order=100 cmp=42 NEW ISOGENOUS
SIEVECAND L=3 x10(t=-10/11)[ 10 ] x x10(t=11/42)[ 10 ] prod=[ 10, 10 ] order=100 cmp=42 NEW ISOGENOUS
SIEVECAND L=7 x10(t=-10/13)[ 10 ] x x10(t=13/46)[ 10 ] prod=[ 10, 10 ] order=100 cmp=43 NEW ISOGENOUS
SIEVECAND L=3 x10(t=-10/13)[ 10 ] x x10(t=13/46)[ 10 ] prod=[ 10, 10 ] order=100 cmp=43 NEW ISOGENOUS
SIEVECAND L=7 x10(t=-10/17)[ 10 ] x x10(t=17/54)[ 10 ] prod=[ 10, 10 ] order=100 cmp=40 NEW ISOGENOUS
SIEVECAND L=3 x10(t=-10/17)[ 10 ] x x10(t=17/54)[ 10 ] prod=[ 10, 10 ] order=100 cmp=40 NEW ISOGENOUS
SIEVECAND L=7 x10(t=-10/19)[ 10 ] x x10(t=19/58)[ 10 ] prod=[ 10, 10 ] order=100 cmp=43 NEW ISOGENOUS
SIEVECAND L=3 x10(t=-10/19)[ 10 ] x x10(t=19/58)[ 10 ] prod=[ 10, 10 ] order=100 cmp=43 NEW ISOGENOUS
SIEVECAND L=7 x10(t=-10/21)[ 10 ] x x10(t=41/20)[ 10 ] prod=[ 10, 10 ] order=100 cmp=44 NEW ISOGENOUS
SIEVECAND L=3 x10(t=-10/21)[ 10 ] x x10(t=41/20)[ 10 ] prod=[ 10, 10 ] order=100 cmp=44 NEW ISOGENOUS
SIEVECAND L=7 x10(t=-10/23)[ 10 ] x x10(t=43/20)[ 10 ] prod=[ 10, 10 ] order=100 cmp=43 NEW ISOGENOUS
SIEVECAND L=3 x10(t=-10/23)[ 10 ] x x10(t=43/20)[ 10 ] prod=[ 10, 10 ] order=100 cmp=43 NEW ISOGENOUS
SIEVECAND L=7 x10(t=-10/27)[ 10 ] x x10(t=47/20)[ 10 ] prod=[ 10, 10 ] order=100 cmp=41 NEW ISOGENOUS
SIEVECAND L=3 x10(t=-10/27)[ 10 ] x x10(t=47/20)[ 10 ] prod=[ 10, 10 ] order=100 cmp=41 NEW ISOGENOUS
SIEVECAND L=7 x10(t=-10/29)[ 10 ] x x10(t=49/20)[ 10 ] prod=[ 10, 10 ] order=100 cmp=43 NEW ISOGENOUS
SIEVECAND L=3 x10(t=-10/29)[ 10 ] x x10(t=49/20)[ 10 ] prod=[ 10, 10 ] order=100 cmp=43 NEW ISOGENOUS
SIEVECAND L=7 x10(t=10/31)[ 10 ] x x10(t=-11/20)[ 10 ] prod=[ 10, 10 ] order=100 cmp=43 NEW ISOGENOUS
SIEVECAND L=3 x10(t=10/31)[ 10 ] x x10(t=-11/20)[ 10 ] prod=[ 10, 10 ] order=100 cmp=43 NEW ISOGENOUS
SIEVECAND L=7 x10(t=-10/31)[ 10 ] x x10(t=51/20)[ 10 ] prod=[ 10, 10 ] order=100 cmp=40 NEW ISOGENOUS
SIEVECAND L=3 x10(t=-10/31)[ 10 ] x x10(t=51/20)[ 10 ] prod=[ 10, 10 ] order=100 cmp=40 NEW ISOGENOUS
SIEVECAND L=7 x10(t=10/33)[ 10 ] x x10(t=-13/20)[ 10 ] prod=[ 10, 10 ] order=100 cmp=40 NEW ISOGENOUS
SIEVECAND L=3 x10(t=10/33)[ 10 ] x x10(t=-13/20)[ 10 ] prod=[ 10, 10 ] order=100 cmp=40 NEW ISOGENOUS
SIEVECAND L=7 x10(t=-10/33)[ 10 ] x x10(t=53/20)[ 10 ] prod=[ 10, 10 ] order=100 cmp=42 NEW ISOGENOUS
SIEVECAND L=3 x10(t=-10/33)[ 10 ] x x10(t=53/20)[ 10 ] prod=[ 10, 10 ] order=100 cmp=42 NEW ISOGENOUS
SIEVECAND L=7 x10(t=10/37)[ 10 ] x x10(t=-17/20)[ 10 ] prod=[ 10, 10 ] order=100 cmp=44 NEW ISOGENOUS
SIEVECAND L=3 x10(t=10/37)[ 10 ] x x10(t=-17/20)[ 10 ] prod=[ 10, 10 ] order=100 cmp=44 NEW ISOGENOUS
SIEVECAND L=7 x10(t=-10/37)[ 10 ] x x10(t=57/20)[ 10 ] prod=[ 10, 10 ] order=100 cmp=42 NEW ISOGENOUS
SIEVECAND L=3 x10(t=-10/37)[ 10 ] x x10(t=57/20)[ 10 ] prod=[ 10, 10 ] order=100 cmp=42 NEW ISOGENOUS
SIEVECAND L=7 x10(t=10/39)[ 10 ] x x10(t=-19/20)[ 10 ] prod=[ 10, 10 ] order=100 cmp=41 NEW ISOGENOUS
SIEVECAND L=3 x10(t=10/39)[ 10 ] x x10(t=-19/20)[ 10 ] prod=[ 10, 10 ] order=100 cmp=41 NEW ISOGENOUS
SIEVECAND L=7 x10(t=-10/39)[ 10 ] x x10(t=59/20)[ 10 ] prod=[ 10, 10 ] order=100 cmp=42 NEW ISOGENOUS
SIEVECAND L=3 x10(t=-10/39)[ 10 ] x x10(t=59/20)[ 10 ] prod=[ 10, 10 ] order=100 cmp=42 NEW ISOGENOUS
SIEVECAND L=7 x10(t=10/41)[ 10 ] x x10(t=-21/20)[ 10 ] prod=[ 10, 10 ] order=100 cmp=40 NEW ISOGENOUS
SIEVECAND L=3 x10(t=10/41)[ 10 ] x x10(t=-21/20)[ 10 ] prod=[ 10, 10 ] order=100 cmp=40 NEW ISOGENOUS
SIEVECAND L=7 x10(t=10/43)[ 10 ] x x10(t=-23/20)[ 10 ] prod=[ 10, 10 ] order=100 cmp=43 NEW ISOGENOUS
SIEVECAND L=3 x10(t=10/43)[ 10 ] x x10(t=-23/20)[ 10 ] prod=[ 10, 10 ] order=100 cmp=43 NEW ISOGENOUS
SIEVECAND L=7 x10(t=10/47)[ 10 ] x x10(t=-27/20)[ 10 ] prod=[ 10, 10 ] order=100 cmp=42 NEW ISOGENOUS
SIEVECAND L=3 x10(t=10/47)[ 10 ] x x10(t=-27/20)[ 10 ] prod=[ 10, 10 ] order=100 cmp=42 NEW ISOGENOUS
SIEVECAND L=7 x10(t=10/49)[ 10 ] x x10(t=-29/20)[ 10 ] prod=[ 10, 10 ] order=100 cmp=43 NEW ISOGENOUS
SIEVECAND L=3 x10(t=10/49)[ 10 ] x x10(t=-29/20)[ 10 ] prod=[ 10, 10 ] order=100 cmp=43 NEW ISOGENOUS
SIEVECAND L=7 x10(t=10/51)[ 10 ] x x10(t=-31/20)[ 10 ] prod=[ 10, 10 ] order=100 cmp=43 NEW ISOGENOUS
SIEVECAND L=3 x10(t=10/51)[ 10 ] x x10(t=-31/20)[ 10 ] prod=[ 10, 10 ] order=100 cmp=43 NEW ISOGENOUS
SIEVECAND L=7 x10(t=10/53)[ 10 ] x x10(t=-33/20)[ 10 ] prod=[ 10, 10 ] order=100 cmp=43 NEW ISOGENOUS
SIEVECAND L=3 x10(t=10/53)[ 10 ] x x10(t=-33/20)[ 10 ] prod=[ 10, 10 ] order=100 cmp=43 NEW ISOGENOUS
SIEVECAND L=7 x10(t=10/57)[ 10 ] x x10(t=-37/20)[ 10 ] prod=[ 10, 10 ] order=100 cmp=41 NEW ISOGENOUS
SIEVECAND L=3 x10(t=10/57)[ 10 ] x x10(t=-37/20)[ 10 ] prod=[ 10, 10 ] order=100 cmp=41 NEW ISOGENOUS
SIEVECAND L=7 x10(t=10/59)[ 10 ] x x10(t=-39/20)[ 10 ] prod=[ 10, 10 ] order=100 cmp=44 NEW ISOGENOUS
SIEVECAND L=3 x10(t=10/59)[ 10 ] x x10(t=-39/20)[ 10 ] prod=[ 10, 10 ] order=100 cmp=44 NEW ISOGENOUS
SIEVECAND L=7 x10(t=-11/13)[ 10 ] x x10(t=13/48)[ 10 ] prod=[ 10, 10 ] order=100 cmp=44 NEW ISOGENOUS
SIEVECAND L=3 x10(t=-11/13)[ 10 ] x x10(t=13/48)[ 10 ] prod=[ 10, 10 ] order=100 cmp=44 NEW ISOGENOUS
SIEVECAND L=7 x10(t=-11/15)[ 10 ] x x10(t=15/52)[ 10 ] prod=[ 10, 10 ] order=100 cmp=40 NEW ISOGENOUS
SIEVECAND L=3 x10(t=-11/15)[ 10 ] x x10(t=15/52)[ 10 ] prod=[ 10, 10 ] order=100 cmp=40 NEW ISOGENOUS
SIEVECAND L=7 x10(t=-11/17)[ 10 ] x x10(t=17/56)[ 10 ] prod=[ 10, 10 ] order=100 cmp=43 NEW ISOGENOUS
SIEVECAND L=3 x10(t=-11/17)[ 10 ] x x10(t=17/56)[ 10 ] prod=[ 10, 10 ] order=100 cmp=43 NEW ISOGENOUS
SIEVECAND L=7 x10(t=-11/19)[ 10 ] x x10(t=19/60)[ 10 ] prod=[ 10, 10 ] order=100 cmp=43 NEW ISOGENOUS
SIEVECAND L=3 x10(t=-11/19)[ 10 ] x x10(t=19/60)[ 10 ] prod=[ 10, 10 ] order=100 cmp=43 NEW ISOGENOUS
SIEVECAND L=7 x10(t=-11/21)[ 10 ] x x10(t=43/22)[ 10 ] prod=[ 10, 10 ] order=100 cmp=43 NEW ISOGENOUS
SIEVECAND L=3 x10(t=-11/21)[ 10 ] x x10(t=43/22)[ 10 ] prod=[ 10, 10 ] order=100 cmp=43 NEW ISOGENOUS
SIEVECAND L=7 x10(t=-11/23)[ 10 ] x x10(t=45/22)[ 10 ] prod=[ 10, 10 ] order=100 cmp=43 NEW ISOGENOUS
SIEVECAND L=3 x10(t=-11/23)[ 10 ] x x10(t=45/22)[ 10 ] prod=[ 10, 10 ] order=100 cmp=43 NEW ISOGENOUS
SIEVECAND L=7 x10(t=-11/24)[ 10 ] x x10(t=12/35)[ 10 ] prod=[ 10, 10 ] order=100 cmp=43 NEW ISOGENOUS
SIEVECAND L=3 x10(t=-11/24)[ 10 ] x x10(t=12/35)[ 10 ] prod=[ 10, 10 ] order=100 cmp=43 NEW ISOGENOUS
SIEVECAND L=7 x10(t=-11/25)[ 10 ] x x10(t=47/22)[ 10 ] prod=[ 10, 10 ] order=100 cmp=44 NEW ISOGENOUS
SIEVECAND L=3 x10(t=-11/25)[ 10 ] x x10(t=47/22)[ 10 ] prod=[ 10, 10 ] order=100 cmp=44 NEW ISOGENOUS
SIEVECAND L=7 x10(t=-11/26)[ 10 ] x x10(t=13/37)[ 10 ] prod=[ 10, 10 ] order=100 cmp=42 NEW ISOGENOUS
SIEVECAND L=3 x10(t=-11/26)[ 10 ] x x10(t=13/37)[ 10 ] prod=[ 10, 10 ] order=100 cmp=42 NEW ISOGENOUS
SIEVECAND L=7 x10(t=-11/27)[ 10 ] x x10(t=49/22)[ 10 ] prod=[ 10, 10 ] order=100 cmp=44 NEW ISOGENOUS
SIEVECAND L=3 x10(t=-11/27)[ 10 ] x x10(t=49/22)[ 10 ] prod=[ 10, 10 ] order=100 cmp=44 NEW ISOGENOUS
SIEVECAND L=7 x10(t=-11/28)[ 10 ] x x10(t=14/39)[ 10 ] prod=[ 10, 10 ] order=100 cmp=41 NEW ISOGENOUS
SIEVECAND L=3 x10(t=-11/28)[ 10 ] x x10(t=14/39)[ 10 ] prod=[ 10, 10 ] order=100 cmp=41 NEW ISOGENOUS
SIEVECAND L=7 x10(t=-11/29)[ 10 ] x x10(t=51/22)[ 10 ] prod=[ 10, 10 ] order=100 cmp=41 NEW ISOGENOUS
SIEVECAND L=3 x10(t=-11/29)[ 10 ] x x10(t=51/22)[ 10 ] prod=[ 10, 10 ] order=100 cmp=41 NEW ISOGENOUS
SIEVECAND L=7 x10(t=-11/30)[ 10 ] x x10(t=15/41)[ 10 ] prod=[ 10, 10 ] order=100 cmp=42 NEW ISOGENOUS
SIEVECAND L=3 x10(t=-11/30)[ 10 ] x x10(t=15/41)[ 10 ] prod=[ 10, 10 ] order=100 cmp=42 NEW ISOGENOUS
SIEVECAND L=7 x10(t=-11/31)[ 10 ] x x10(t=53/22)[ 10 ] prod=[ 10, 10 ] order=100 cmp=42 NEW ISOGENOUS
SIEVECAND L=3 x10(t=-11/31)[ 10 ] x x10(t=53/22)[ 10 ] prod=[ 10, 10 ] order=100 cmp=42 NEW ISOGENOUS
SIEVECAND L=7 x10(t=-11/32)[ 10 ] x x10(t=16/43)[ 10 ] prod=[ 10, 10 ] order=100 cmp=41 NEW ISOGENOUS
SIEVECAND L=3 x10(t=-11/32)[ 10 ] x x10(t=16/43)[ 10 ] prod=[ 10, 10 ] order=100 cmp=41 NEW ISOGENOUS
SIEVECAND L=7 x10(t=-11/34)[ 10 ] x x10(t=17/45)[ 10 ] prod=[ 10, 10 ] order=100 cmp=43 NEW ISOGENOUS
SIEVECAND L=3 x10(t=-11/34)[ 10 ] x x10(t=17/45)[ 10 ] prod=[ 10, 10 ] order=100 cmp=43 NEW ISOGENOUS
SIEVECAND L=7 x10(t=11/35)[ 10 ] x x10(t=-13/22)[ 10 ] prod=[ 10, 10 ] order=100 cmp=43 NEW ISOGENOUS
SIEVECAND L=3 x10(t=11/35)[ 10 ] x x10(t=-13/22)[ 10 ] prod=[ 10, 10 ] order=100 cmp=43 NEW ISOGENOUS
SIEVECAND L=7 x10(t=-11/35)[ 10 ] x x10(t=57/22)[ 10 ] prod=[ 10, 10 ] order=100 cmp=40 NEW ISOGENOUS
SIEVECAND L=3 x10(t=-11/35)[ 10 ] x x10(t=57/22)[ 10 ] prod=[ 10, 10 ] order=100 cmp=40 NEW ISOGENOUS
SIEVECAND L=7 x10(t=-11/36)[ 10 ] x x10(t=18/47)[ 10 ] prod=[ 10, 10 ] order=100 cmp=43 NEW ISOGENOUS
SIEVECAND L=3 x10(t=-11/36)[ 10 ] x x10(t=18/47)[ 10 ] prod=[ 10, 10 ] order=100 cmp=43 NEW ISOGENOUS
SIEVECAND L=7 x10(t=11/37)[ 10 ] x x10(t=-15/22)[ 10 ] prod=[ 10, 10 ] order=100 cmp=43 NEW ISOGENOUS
SIEVECAND L=3 x10(t=11/37)[ 10 ] x x10(t=-15/22)[ 10 ] prod=[ 10, 10 ] order=100 cmp=43 NEW ISOGENOUS
SIEVECAND L=7 x10(t=-11/37)[ 10 ] x x10(t=59/22)[ 10 ] prod=[ 10, 10 ] order=100 cmp=42 NEW ISOGENOUS
SIEVECAND L=3 x10(t=-11/37)[ 10 ] x x10(t=59/22)[ 10 ] prod=[ 10, 10 ] order=100 cmp=42 NEW ISOGENOUS
SIEVECAND L=7 x10(t=-11/38)[ 10 ] x x10(t=19/49)[ 10 ] prod=[ 10, 10 ] order=100 cmp=43 NEW ISOGENOUS
SIEVECAND L=3 x10(t=-11/38)[ 10 ] x x10(t=19/49)[ 10 ] prod=[ 10, 10 ] order=100 cmp=43 NEW ISOGENOUS
SIEVECAND L=7 x10(t=11/39)[ 10 ] x x10(t=-17/22)[ 10 ] prod=[ 10, 10 ] order=100 cmp=42 NEW ISOGENOUS
SIEVECAND L=3 x10(t=11/39)[ 10 ] x x10(t=-17/22)[ 10 ] prod=[ 10, 10 ] order=100 cmp=42 NEW ISOGENOUS
SIEVECAND L=7 x10(t=-11/40)[ 10 ] x x10(t=20/51)[ 10 ] prod=[ 10, 10 ] order=100 cmp=42 NEW ISOGENOUS
SIEVECAND L=3 x10(t=-11/40)[ 10 ] x x10(t=20/51)[ 10 ] prod=[ 10, 10 ] order=100 cmp=42 NEW ISOGENOUS
SIEVECAND L=7 x10(t=11/41)[ 10 ] x x10(t=-19/22)[ 10 ] prod=[ 10, 10 ] order=100 cmp=43 NEW ISOGENOUS
SIEVECAND L=3 x10(t=11/41)[ 10 ] x x10(t=-19/22)[ 10 ] prod=[ 10, 10 ] order=100 cmp=43 NEW ISOGENOUS
SIEVECAND L=7 x10(t=-11/42)[ 10 ] x x10(t=21/53)[ 10 ] prod=[ 10, 10 ] order=100 cmp=43 NEW ISOGENOUS
SIEVECAND L=3 x10(t=-11/42)[ 10 ] x x10(t=21/53)[ 10 ] prod=[ 10, 10 ] order=100 cmp=43 NEW ISOGENOUS
SIEVECAND L=7 x10(t=11/43)[ 10 ] x x10(t=-21/22)[ 10 ] prod=[ 10, 10 ] order=100 cmp=42 NEW ISOGENOUS
SIEVECAND L=3 x10(t=11/43)[ 10 ] x x10(t=-21/22)[ 10 ] prod=[ 10, 10 ] order=100 cmp=42 NEW ISOGENOUS
SIEVECAND L=7 x10(t=11/45)[ 10 ] x x10(t=-23/22)[ 10 ] prod=[ 10, 10 ] order=100 cmp=43 NEW ISOGENOUS
SIEVECAND L=3 x10(t=11/45)[ 10 ] x x10(t=-23/22)[ 10 ] prod=[ 10, 10 ] order=100 cmp=43 NEW ISOGENOUS
SIEVECAND L=7 x10(t=11/46)[ 10 ] x x10(t=-12/11)[ 10 ] prod=[ 10, 10 ] order=100 cmp=44 NEW ISOGENOUS
SIEVECAND L=3 x10(t=11/46)[ 10 ] x x10(t=-12/11)[ 10 ] prod=[ 10, 10 ] order=100 cmp=44 NEW ISOGENOUS
SIEVECAND L=7 x10(t=-11/46)[ 10 ] x x10(t=23/57)[ 10 ] prod=[ 10, 10 ] order=100 cmp=41 NEW ISOGENOUS
SIEVECAND L=3 x10(t=-11/46)[ 10 ] x x10(t=23/57)[ 10 ] prod=[ 10, 10 ] order=100 cmp=41 NEW ISOGENOUS
SIEVECAND L=7 x10(t=11/47)[ 10 ] x x10(t=-25/22)[ 10 ] prod=[ 10, 10 ] order=100 cmp=40 NEW ISOGENOUS
SIEVECAND L=3 x10(t=11/47)[ 10 ] x x10(t=-25/22)[ 10 ] prod=[ 10, 10 ] order=100 cmp=40 NEW ISOGENOUS
SIEVECAND L=7 x10(t=11/48)[ 10 ] x x10(t=-13/11)[ 10 ] prod=[ 10, 10 ] order=100 cmp=42 NEW ISOGENOUS
SIEVECAND L=3 x10(t=11/48)[ 10 ] x x10(t=-13/11)[ 10 ] prod=[ 10, 10 ] order=100 cmp=42 NEW ISOGENOUS
SIEVECAND L=7 x10(t=-11/48)[ 10 ] x x10(t=24/59)[ 10 ] prod=[ 10, 10 ] order=100 cmp=41 NEW ISOGENOUS
SIEVECAND L=3 x10(t=-11/48)[ 10 ] x x10(t=24/59)[ 10 ] prod=[ 10, 10 ] order=100 cmp=41 NEW ISOGENOUS
SIEVECAND L=7 x10(t=11/49)[ 10 ] x x10(t=-27/22)[ 10 ] prod=[ 10, 10 ] order=100 cmp=43 NEW ISOGENOUS
SIEVECAND L=3 x10(t=11/49)[ 10 ] x x10(t=-27/22)[ 10 ] prod=[ 10, 10 ] order=100 cmp=43 NEW ISOGENOUS
SIEVECAND L=7 x10(t=11/50)[ 10 ] x x10(t=-14/11)[ 10 ] prod=[ 10, 10 ] order=100 cmp=42 NEW ISOGENOUS
SIEVECAND L=3 x10(t=11/50)[ 10 ] x x10(t=-14/11)[ 10 ] prod=[ 10, 10 ] order=100 cmp=42 NEW ISOGENOUS
SIEVECAND L=7 x10(t=-11/50)[ 10 ] x x10(t=36/11)[ 10 ] prod=[ 10, 10 ] order=100 cmp=43 NEW ISOGENOUS
SIEVECAND L=3 x10(t=-11/50)[ 10 ] x x10(t=36/11)[ 10 ] prod=[ 10, 10 ] order=100 cmp=43 NEW ISOGENOUS
SIEVECAND L=7 x10(t=11/51)[ 10 ] x x10(t=-29/22)[ 10 ] prod=[ 10, 10 ] order=100 cmp=41 NEW ISOGENOUS
SIEVECAND L=3 x10(t=11/51)[ 10 ] x x10(t=-29/22)[ 10 ] prod=[ 10, 10 ] order=100 cmp=41 NEW ISOGENOUS
SIEVECAND L=7 x10(t=11/52)[ 10 ] x x10(t=-15/11)[ 10 ] prod=[ 10, 10 ] order=100 cmp=42 NEW ISOGENOUS
SIEVECAND L=3 x10(t=11/52)[ 10 ] x x10(t=-15/11)[ 10 ] prod=[ 10, 10 ] order=100 cmp=42 NEW ISOGENOUS
SIEVECAND L=7 x10(t=-11/52)[ 10 ] x x10(t=37/11)[ 10 ] prod=[ 10, 10 ] order=100 cmp=42 NEW ISOGENOUS
SIEVECAND L=3 x10(t=-11/52)[ 10 ] x x10(t=37/11)[ 10 ] prod=[ 10, 10 ] order=100 cmp=42 NEW ISOGENOUS
SIEVECAND L=7 x10(t=11/53)[ 10 ] x x10(t=-31/22)[ 10 ] prod=[ 10, 10 ] order=100 cmp=43 NEW ISOGENOUS
SIEVECAND L=3 x10(t=11/53)[ 10 ] x x10(t=-31/22)[ 10 ] prod=[ 10, 10 ] order=100 cmp=43 NEW ISOGENOUS
SIEVECAND L=7 x10(t=11/54)[ 10 ] x x10(t=-16/11)[ 10 ] prod=[ 10, 10 ] order=100 cmp=43 NEW ISOGENOUS
SIEVECAND L=3 x10(t=11/54)[ 10 ] x x10(t=-16/11)[ 10 ] prod=[ 10, 10 ] order=100 cmp=43 NEW ISOGENOUS
SIEVECAND L=7 x10(t=-11/54)[ 10 ] x x10(t=38/11)[ 10 ] prod=[ 10, 10 ] order=100 cmp=41 NEW ISOGENOUS
SIEVECAND L=3 x10(t=-11/54)[ 10 ] x x10(t=38/11)[ 10 ] prod=[ 10, 10 ] order=100 cmp=41 NEW ISOGENOUS
SIEVECAND L=7 x10(t=11/56)[ 10 ] x x10(t=-17/11)[ 10 ] prod=[ 10, 10 ] order=100 cmp=44 NEW ISOGENOUS
SIEVECAND L=3 x10(t=11/56)[ 10 ] x x10(t=-17/11)[ 10 ] prod=[ 10, 10 ] order=100 cmp=44 NEW ISOGENOUS
SIEVECAND L=7 x10(t=-11/56)[ 10 ] x x10(t=39/11)[ 10 ] prod=[ 10, 10 ] order=100 cmp=42 NEW ISOGENOUS
SIEVECAND L=3 x10(t=-11/56)[ 10 ] x x10(t=39/11)[ 10 ] prod=[ 10, 10 ] order=100 cmp=42 NEW ISOGENOUS
SIEVECAND L=7 x10(t=11/57)[ 10 ] x x10(t=-35/22)[ 10 ] prod=[ 10, 10 ] order=100 cmp=43 NEW ISOGENOUS
SIEVECAND L=3 x10(t=11/57)[ 10 ] x x10(t=-35/22)[ 10 ] prod=[ 10, 10 ] order=100 cmp=43 NEW ISOGENOUS
SIEVECAND L=7 x10(t=11/58)[ 10 ] x x10(t=-18/11)[ 10 ] prod=[ 10, 10 ] order=100 cmp=43 NEW ISOGENOUS
SIEVECAND L=3 x10(t=11/58)[ 10 ] x x10(t=-18/11)[ 10 ] prod=[ 10, 10 ] order=100 cmp=43 NEW ISOGENOUS
SIEVECAND L=7 x10(t=-11/58)[ 10 ] x x10(t=40/11)[ 10 ] prod=[ 10, 10 ] order=100 cmp=43 NEW ISOGENOUS
SIEVECAND L=3 x10(t=-11/58)[ 10 ] x x10(t=40/11)[ 10 ] prod=[ 10, 10 ] order=100 cmp=43 NEW ISOGENOUS
SIEVECAND L=7 x10(t=11/59)[ 10 ] x x10(t=-37/22)[ 10 ] prod=[ 10, 10 ] order=100 cmp=43 NEW ISOGENOUS
SIEVECAND L=3 x10(t=11/59)[ 10 ] x x10(t=-37/22)[ 10 ] prod=[ 10, 10 ] order=100 cmp=43 NEW ISOGENOUS
SIEVECAND L=7 x10(t=11/60)[ 10 ] x x10(t=-19/11)[ 10 ] prod=[ 10, 10 ] order=100 cmp=44 NEW ISOGENOUS
SIEVECAND L=3 x10(t=11/60)[ 10 ] x x10(t=-19/11)[ 10 ] prod=[ 10, 10 ] order=100 cmp=44 NEW ISOGENOUS
SIEVECAND L=7 x10(t=-11/60)[ 10 ] x x10(t=41/11)[ 10 ] prod=[ 10, 10 ] order=100 cmp=43 NEW ISOGENOUS
SIEVECAND L=3 x10(t=-11/60)[ 10 ] x x10(t=41/11)[ 10 ] prod=[ 10, 10 ] order=100 cmp=43 NEW ISOGENOUS
SIEVECAND L=7 x10(t=-12/13)[ 10 ] x x10(t=13/50)[ 10 ] prod=[ 10, 10 ] order=100 cmp=42 NEW ISOGENOUS
SIEVECAND L=3 x10(t=-12/13)[ 10 ] x x10(t=13/50)[ 10 ] prod=[ 10, 10 ] order=100 cmp=42 NEW ISOGENOUS
SIEVECAND L=7 x10(t=-12/17)[ 10 ] x x10(t=17/58)[ 10 ] prod=[ 10, 10 ] order=100 cmp=40 NEW ISOGENOUS
SIEVECAND L=3 x10(t=-12/17)[ 10 ] x x10(t=17/58)[ 10 ] prod=[ 10, 10 ] order=100 cmp=40 NEW ISOGENOUS
SIEVECAND L=7 x10(t=-12/19)[ 10 ] x x10(t=43/24)[ 10 ] prod=[ 10, 10 ] order=100 cmp=39 NEW ISOGENOUS
SIEVECAND L=3 x10(t=-12/19)[ 10 ] x x10(t=43/24)[ 10 ] prod=[ 10, 10 ] order=100 cmp=39 NEW ISOGENOUS
SIEVECAND L=7 x10(t=-12/23)[ 10 ] x x10(t=47/24)[ 10 ] prod=[ 10, 10 ] order=100 cmp=42 NEW ISOGENOUS
SIEVECAND L=3 x10(t=-12/23)[ 10 ] x x10(t=47/24)[ 10 ] prod=[ 10, 10 ] order=100 cmp=42 NEW ISOGENOUS
SIEVECAND L=7 x10(t=-12/25)[ 10 ] x x10(t=49/24)[ 10 ] prod=[ 10, 10 ] order=100 cmp=43 NEW ISOGENOUS
SIEVECAND L=3 x10(t=-12/25)[ 10 ] x x10(t=49/24)[ 10 ] prod=[ 10, 10 ] order=100 cmp=43 NEW ISOGENOUS
SIEVECAND L=7 x10(t=-12/29)[ 10 ] x x10(t=53/24)[ 10 ] prod=[ 10, 10 ] order=100 cmp=43 NEW ISOGENOUS
SIEVECAND L=3 x10(t=-12/29)[ 10 ] x x10(t=53/24)[ 10 ] prod=[ 10, 10 ] order=100 cmp=43 NEW ISOGENOUS
SIEVECAND L=7 x10(t=-12/31)[ 10 ] x x10(t=55/24)[ 10 ] prod=[ 10, 10 ] order=100 cmp=43 NEW ISOGENOUS
SIEVECAND L=3 x10(t=-12/31)[ 10 ] x x10(t=55/24)[ 10 ] prod=[ 10, 10 ] order=100 cmp=43 NEW ISOGENOUS
SIEVECAND L=7 x10(t=-12/35)[ 10 ] x x10(t=59/24)[ 10 ] prod=[ 10, 10 ] order=100 cmp=42 NEW ISOGENOUS
SIEVECAND L=3 x10(t=-12/35)[ 10 ] x x10(t=59/24)[ 10 ] prod=[ 10, 10 ] order=100 cmp=42 NEW ISOGENOUS
SIEVECAND L=7 x10(t=12/37)[ 10 ] x x10(t=-13/24)[ 10 ] prod=[ 10, 10 ] order=100 cmp=42 NEW ISOGENOUS
SIEVECAND L=3 x10(t=12/37)[ 10 ] x x10(t=-13/24)[ 10 ] prod=[ 10, 10 ] order=100 cmp=42 NEW ISOGENOUS
SIEVECAND L=7 x10(t=12/41)[ 10 ] x x10(t=-17/24)[ 10 ] prod=[ 10, 10 ] order=100 cmp=43 NEW ISOGENOUS
SIEVECAND L=3 x10(t=12/41)[ 10 ] x x10(t=-17/24)[ 10 ] prod=[ 10, 10 ] order=100 cmp=43 NEW ISOGENOUS
SIEVECAND L=7 x10(t=12/43)[ 10 ] x x10(t=-19/24)[ 10 ] prod=[ 10, 10 ] order=100 cmp=42 NEW ISOGENOUS
SIEVECAND L=3 x10(t=12/43)[ 10 ] x x10(t=-19/24)[ 10 ] prod=[ 10, 10 ] order=100 cmp=42 NEW ISOGENOUS
SIEVECAND L=7 x10(t=12/47)[ 10 ] x x10(t=-23/24)[ 10 ] prod=[ 10, 10 ] order=100 cmp=43 NEW ISOGENOUS
SIEVECAND L=3 x10(t=12/47)[ 10 ] x x10(t=-23/24)[ 10 ] prod=[ 10, 10 ] order=100 cmp=43 NEW ISOGENOUS
SIEVECAND L=7 x10(t=12/49)[ 10 ] x x10(t=-25/24)[ 10 ] prod=[ 10, 10 ] order=100 cmp=43 NEW ISOGENOUS
SIEVECAND L=3 x10(t=12/49)[ 10 ] x x10(t=-25/24)[ 10 ] prod=[ 10, 10 ] order=100 cmp=43 NEW ISOGENOUS
SIEVECAND L=7 x10(t=12/53)[ 10 ] x x10(t=-29/24)[ 10 ] prod=[ 10, 10 ] order=100 cmp=41 NEW ISOGENOUS
SIEVECAND L=3 x10(t=12/53)[ 10 ] x x10(t=-29/24)[ 10 ] prod=[ 10, 10 ] order=100 cmp=41 NEW ISOGENOUS
SIEVECAND L=7 x10(t=12/55)[ 10 ] x x10(t=-31/24)[ 10 ] prod=[ 10, 10 ] order=100 cmp=41 NEW ISOGENOUS
SIEVECAND L=3 x10(t=12/55)[ 10 ] x x10(t=-31/24)[ 10 ] prod=[ 10, 10 ] order=100 cmp=41 NEW ISOGENOUS
SIEVECAND L=7 x10(t=12/59)[ 10 ] x x10(t=-35/24)[ 10 ] prod=[ 10, 10 ] order=100 cmp=40 NEW ISOGENOUS
SIEVECAND L=3 x10(t=12/59)[ 10 ] x x10(t=-35/24)[ 10 ] prod=[ 10, 10 ] order=100 cmp=40 NEW ISOGENOUS
SIEVECAND L=7 x10(t=-13/15)[ 10 ] x x10(t=15/56)[ 10 ] prod=[ 10, 10 ] order=100 cmp=41 NEW ISOGENOUS
SIEVECAND L=3 x10(t=-13/15)[ 10 ] x x10(t=15/56)[ 10 ] prod=[ 10, 10 ] order=100 cmp=41 NEW ISOGENOUS
SIEVECAND L=7 x10(t=-13/17)[ 10 ] x x10(t=17/60)[ 10 ] prod=[ 10, 10 ] order=100 cmp=41 NEW ISOGENOUS
SIEVECAND L=3 x10(t=-13/17)[ 10 ] x x10(t=17/60)[ 10 ] prod=[ 10, 10 ] order=100 cmp=41 NEW ISOGENOUS
SIEVECAND L=7 x10(t=-13/19)[ 10 ] x x10(t=45/26)[ 10 ] prod=[ 10, 10 ] order=100 cmp=42 NEW ISOGENOUS
SIEVECAND L=3 x10(t=-13/19)[ 10 ] x x10(t=45/26)[ 10 ] prod=[ 10, 10 ] order=100 cmp=42 NEW ISOGENOUS
SIEVECAND L=7 x10(t=-13/21)[ 10 ] x x10(t=47/26)[ 10 ] prod=[ 10, 10 ] order=100 cmp=41 NEW ISOGENOUS
SIEVECAND L=3 x10(t=-13/21)[ 10 ] x x10(t=47/26)[ 10 ] prod=[ 10, 10 ] order=100 cmp=41 NEW ISOGENOUS
SIEVECAND L=7 x10(t=-13/23)[ 10 ] x x10(t=49/26)[ 10 ] prod=[ 10, 10 ] order=100 cmp=41 NEW ISOGENOUS
SIEVECAND L=3 x10(t=-13/23)[ 10 ] x x10(t=49/26)[ 10 ] prod=[ 10, 10 ] order=100 cmp=41 NEW ISOGENOUS
SIEVECAND L=7 x10(t=-13/25)[ 10 ] x x10(t=51/26)[ 10 ] prod=[ 10, 10 ] order=100 cmp=41 NEW ISOGENOUS
SIEVECAND L=3 x10(t=-13/25)[ 10 ] x x10(t=51/26)[ 10 ] prod=[ 10, 10 ] order=100 cmp=41 NEW ISOGENOUS
SIEVECAND L=7 x10(t=-13/27)[ 10 ] x x10(t=53/26)[ 10 ] prod=[ 10, 10 ] order=100 cmp=42 NEW ISOGENOUS
SIEVECAND L=3 x10(t=-13/27)[ 10 ] x x10(t=53/26)[ 10 ] prod=[ 10, 10 ] order=100 cmp=42 NEW ISOGENOUS
SIEVECAND L=7 x10(t=-13/28)[ 10 ] x x10(t=14/41)[ 10 ] prod=[ 10, 10 ] order=100 cmp=43 NEW ISOGENOUS
SIEVECAND L=3 x10(t=-13/28)[ 10 ] x x10(t=14/41)[ 10 ] prod=[ 10, 10 ] order=100 cmp=43 NEW ISOGENOUS
SIEVECAND L=7 x10(t=-13/29)[ 10 ] x x10(t=55/26)[ 10 ] prod=[ 10, 10 ] order=100 cmp=41 NEW ISOGENOUS
SIEVECAND L=3 x10(t=-13/29)[ 10 ] x x10(t=55/26)[ 10 ] prod=[ 10, 10 ] order=100 cmp=41 NEW ISOGENOUS
SIEVECAND L=7 x10(t=-13/30)[ 10 ] x x10(t=15/43)[ 10 ] prod=[ 10, 10 ] order=100 cmp=43 NEW ISOGENOUS
SIEVECAND L=3 x10(t=-13/30)[ 10 ] x x10(t=15/43)[ 10 ] prod=[ 10, 10 ] order=100 cmp=43 NEW ISOGENOUS
SIEVECAND L=7 x10(t=-13/31)[ 10 ] x x10(t=57/26)[ 10 ] prod=[ 10, 10 ] order=100 cmp=42 NEW ISOGENOUS
SIEVECAND L=3 x10(t=-13/31)[ 10 ] x x10(t=57/26)[ 10 ] prod=[ 10, 10 ] order=100 cmp=42 NEW ISOGENOUS
SIEVECAND L=7 x10(t=-13/32)[ 10 ] x x10(t=16/45)[ 10 ] prod=[ 10, 10 ] order=100 cmp=43 NEW ISOGENOUS
SIEVECAND L=3 x10(t=-13/32)[ 10 ] x x10(t=16/45)[ 10 ] prod=[ 10, 10 ] order=100 cmp=43 NEW ISOGENOUS
SIEVECAND L=7 x10(t=-13/33)[ 10 ] x x10(t=59/26)[ 10 ] prod=[ 10, 10 ] order=100 cmp=41 NEW ISOGENOUS
SIEVECAND L=3 x10(t=-13/33)[ 10 ] x x10(t=59/26)[ 10 ] prod=[ 10, 10 ] order=100 cmp=41 NEW ISOGENOUS
SIEVECAND L=7 x10(t=-13/34)[ 10 ] x x10(t=17/47)[ 10 ] prod=[ 10, 10 ] order=100 cmp=41 NEW ISOGENOUS
SIEVECAND L=3 x10(t=-13/34)[ 10 ] x x10(t=17/47)[ 10 ] prod=[ 10, 10 ] order=100 cmp=41 NEW ISOGENOUS
SIEVECAND L=7 x10(t=-13/36)[ 10 ] x x10(t=18/49)[ 10 ] prod=[ 10, 10 ] order=100 cmp=41 NEW ISOGENOUS
SIEVECAND L=3 x10(t=-13/36)[ 10 ] x x10(t=18/49)[ 10 ] prod=[ 10, 10 ] order=100 cmp=41 NEW ISOGENOUS
SIEVECAND L=7 x10(t=-13/38)[ 10 ] x x10(t=19/51)[ 10 ] prod=[ 10, 10 ] order=100 cmp=42 NEW ISOGENOUS
SIEVECAND L=3 x10(t=-13/38)[ 10 ] x x10(t=19/51)[ 10 ] prod=[ 10, 10 ] order=100 cmp=42 NEW ISOGENOUS
SIEVECAND L=7 x10(t=-13/40)[ 10 ] x x10(t=20/53)[ 10 ] prod=[ 10, 10 ] order=100 cmp=42 NEW ISOGENOUS
SIEVECAND L=3 x10(t=-13/40)[ 10 ] x x10(t=20/53)[ 10 ] prod=[ 10, 10 ] order=100 cmp=42 NEW ISOGENOUS
SIEVECAND L=7 x10(t=13/41)[ 10 ] x x10(t=-15/26)[ 10 ] prod=[ 10, 10 ] order=100 cmp=42 NEW ISOGENOUS
SIEVECAND L=3 x10(t=13/41)[ 10 ] x x10(t=-15/26)[ 10 ] prod=[ 10, 10 ] order=100 cmp=42 NEW ISOGENOUS
SIEVECAND L=7 x10(t=-13/42)[ 10 ] x x10(t=21/55)[ 10 ] prod=[ 10, 10 ] order=100 cmp=43 NEW ISOGENOUS
SIEVECAND L=3 x10(t=-13/42)[ 10 ] x x10(t=21/55)[ 10 ] prod=[ 10, 10 ] order=100 cmp=43 NEW ISOGENOUS
SIEVECAND L=7 x10(t=13/43)[ 10 ] x x10(t=-17/26)[ 10 ] prod=[ 10, 10 ] order=100 cmp=39 NEW ISOGENOUS
SIEVECAND L=3 x10(t=13/43)[ 10 ] x x10(t=-17/26)[ 10 ] prod=[ 10, 10 ] order=100 cmp=39 NEW ISOGENOUS
SIEVECAND L=7 x10(t=-13/44)[ 10 ] x x10(t=22/57)[ 10 ] prod=[ 10, 10 ] order=100 cmp=42 NEW ISOGENOUS
SIEVECAND L=3 x10(t=-13/44)[ 10 ] x x10(t=22/57)[ 10 ] prod=[ 10, 10 ] order=100 cmp=42 NEW ISOGENOUS
SIEVECAND L=7 x10(t=13/45)[ 10 ] x x10(t=-19/26)[ 10 ] prod=[ 10, 10 ] order=100 cmp=42 NEW ISOGENOUS
SIEVECAND L=3 x10(t=13/45)[ 10 ] x x10(t=-19/26)[ 10 ] prod=[ 10, 10 ] order=100 cmp=42 NEW ISOGENOUS
SIEVECAND L=7 x10(t=-13/46)[ 10 ] x x10(t=23/59)[ 10 ] prod=[ 10, 10 ] order=100 cmp=42 NEW ISOGENOUS
SIEVECAND L=3 x10(t=-13/46)[ 10 ] x x10(t=23/59)[ 10 ] prod=[ 10, 10 ] order=100 cmp=42 NEW ISOGENOUS
SIEVECAND L=7 x10(t=13/47)[ 10 ] x x10(t=-21/26)[ 10 ] prod=[ 10, 10 ] order=100 cmp=40 NEW ISOGENOUS
SIEVECAND L=3 x10(t=13/47)[ 10 ] x x10(t=-21/26)[ 10 ] prod=[ 10, 10 ] order=100 cmp=40 NEW ISOGENOUS
SIEVECAND L=7 x10(t=-13/48)[ 10 ] x x10(t=37/13)[ 10 ] prod=[ 10, 10 ] order=100 cmp=40 NEW ISOGENOUS
SIEVECAND L=3 x10(t=-13/48)[ 10 ] x x10(t=37/13)[ 10 ] prod=[ 10, 10 ] order=100 cmp=40 NEW ISOGENOUS
SIEVECAND L=7 x10(t=13/49)[ 10 ] x x10(t=-23/26)[ 10 ] prod=[ 10, 10 ] order=100 cmp=44 NEW ISOGENOUS
SIEVECAND L=3 x10(t=13/49)[ 10 ] x x10(t=-23/26)[ 10 ] prod=[ 10, 10 ] order=100 cmp=44 NEW ISOGENOUS
SIEVECAND L=7 x10(t=-13/50)[ 10 ] x x10(t=38/13)[ 10 ] prod=[ 10, 10 ] order=100 cmp=41 NEW ISOGENOUS
SIEVECAND L=3 x10(t=-13/50)[ 10 ] x x10(t=38/13)[ 10 ] prod=[ 10, 10 ] order=100 cmp=41 NEW ISOGENOUS
SIEVECAND L=7 x10(t=13/51)[ 10 ] x x10(t=-25/26)[ 10 ] prod=[ 10, 10 ] order=100 cmp=41 NEW ISOGENOUS
SIEVECAND L=3 x10(t=13/51)[ 10 ] x x10(t=-25/26)[ 10 ] prod=[ 10, 10 ] order=100 cmp=41 NEW ISOGENOUS
SIEVECAND L=7 x10(t=13/53)[ 10 ] x x10(t=-27/26)[ 10 ] prod=[ 10, 10 ] order=100 cmp=44 NEW ISOGENOUS
SIEVECAND L=3 x10(t=13/53)[ 10 ] x x10(t=-27/26)[ 10 ] prod=[ 10, 10 ] order=100 cmp=44 NEW ISOGENOUS
SIEVECAND L=7 x10(t=13/54)[ 10 ] x x10(t=-14/13)[ 10 ] prod=[ 10, 10 ] order=100 cmp=42 NEW ISOGENOUS
SIEVECAND L=3 x10(t=13/54)[ 10 ] x x10(t=-14/13)[ 10 ] prod=[ 10, 10 ] order=100 cmp=42 NEW ISOGENOUS
SIEVECAND L=7 x10(t=-13/54)[ 10 ] x x10(t=40/13)[ 10 ] prod=[ 10, 10 ] order=100 cmp=40 NEW ISOGENOUS
SIEVECAND L=3 x10(t=-13/54)[ 10 ] x x10(t=40/13)[ 10 ] prod=[ 10, 10 ] order=100 cmp=40 NEW ISOGENOUS
SIEVECAND L=7 x10(t=13/55)[ 10 ] x x10(t=-29/26)[ 10 ] prod=[ 10, 10 ] order=100 cmp=43 NEW ISOGENOUS
SIEVECAND L=3 x10(t=13/55)[ 10 ] x x10(t=-29/26)[ 10 ] prod=[ 10, 10 ] order=100 cmp=43 NEW ISOGENOUS
SIEVECAND L=7 x10(t=13/56)[ 10 ] x x10(t=-15/13)[ 10 ] prod=[ 10, 10 ] order=100 cmp=40 NEW ISOGENOUS
SIEVECAND L=3 x10(t=13/56)[ 10 ] x x10(t=-15/13)[ 10 ] prod=[ 10, 10 ] order=100 cmp=40 NEW ISOGENOUS
SIEVECAND L=7 x10(t=-13/56)[ 10 ] x x10(t=41/13)[ 10 ] prod=[ 10, 10 ] order=100 cmp=42 NEW ISOGENOUS
SIEVECAND L=3 x10(t=-13/56)[ 10 ] x x10(t=41/13)[ 10 ] prod=[ 10, 10 ] order=100 cmp=42 NEW ISOGENOUS
SIEVECAND L=7 x10(t=13/57)[ 10 ] x x10(t=-31/26)[ 10 ] prod=[ 10, 10 ] order=100 cmp=42 NEW ISOGENOUS
SIEVECAND L=3 x10(t=13/57)[ 10 ] x x10(t=-31/26)[ 10 ] prod=[ 10, 10 ] order=100 cmp=42 NEW ISOGENOUS
SIEVECAND L=7 x10(t=13/58)[ 10 ] x x10(t=-16/13)[ 10 ] prod=[ 10, 10 ] order=100 cmp=42 NEW ISOGENOUS
SIEVECAND L=3 x10(t=13/58)[ 10 ] x x10(t=-16/13)[ 10 ] prod=[ 10, 10 ] order=100 cmp=42 NEW ISOGENOUS
SIEVECAND L=7 x10(t=-13/58)[ 10 ] x x10(t=42/13)[ 10 ] prod=[ 10, 10 ] order=100 cmp=40 NEW ISOGENOUS
SIEVECAND L=3 x10(t=-13/58)[ 10 ] x x10(t=42/13)[ 10 ] prod=[ 10, 10 ] order=100 cmp=40 NEW ISOGENOUS
SIEVECAND L=7 x10(t=13/59)[ 10 ] x x10(t=-33/26)[ 10 ] prod=[ 10, 10 ] order=100 cmp=40 NEW ISOGENOUS
SIEVECAND L=3 x10(t=13/59)[ 10 ] x x10(t=-33/26)[ 10 ] prod=[ 10, 10 ] order=100 cmp=40 NEW ISOGENOUS
SIEVECAND L=7 x10(t=13/60)[ 10 ] x x10(t=-17/13)[ 10 ] prod=[ 10, 10 ] order=100 cmp=41 NEW ISOGENOUS
SIEVECAND L=3 x10(t=13/60)[ 10 ] x x10(t=-17/13)[ 10 ] prod=[ 10, 10 ] order=100 cmp=41 NEW ISOGENOUS
SIEVECAND L=7 x10(t=-13/60)[ 10 ] x x10(t=43/13)[ 10 ] prod=[ 10, 10 ] order=100 cmp=39 NEW ISOGENOUS
SIEVECAND L=3 x10(t=-13/60)[ 10 ] x x10(t=43/13)[ 10 ] prod=[ 10, 10 ] order=100 cmp=39 NEW ISOGENOUS
SIEVECAND L=7 x10(t=-14/15)[ 10 ] x x10(t=15/58)[ 10 ] prod=[ 10, 10 ] order=100 cmp=42 NEW ISOGENOUS
SIEVECAND L=3 x10(t=-14/15)[ 10 ] x x10(t=15/58)[ 10 ] prod=[ 10, 10 ] order=100 cmp=42 NEW ISOGENOUS
SIEVECAND L=7 x10(t=-14/17)[ 10 ] x x10(t=45/28)[ 10 ] prod=[ 10, 10 ] order=100 cmp=42 NEW ISOGENOUS
SIEVECAND L=3 x10(t=-14/17)[ 10 ] x x10(t=45/28)[ 10 ] prod=[ 10, 10 ] order=100 cmp=42 NEW ISOGENOUS
SIEVECAND L=7 x10(t=-14/19)[ 10 ] x x10(t=47/28)[ 10 ] prod=[ 10, 10 ] order=100 cmp=42 NEW ISOGENOUS
SIEVECAND L=3 x10(t=-14/19)[ 10 ] x x10(t=47/28)[ 10 ] prod=[ 10, 10 ] order=100 cmp=42 NEW ISOGENOUS
SIEVECAND L=7 x10(t=-14/23)[ 10 ] x x10(t=51/28)[ 10 ] prod=[ 10, 10 ] order=100 cmp=39 NEW ISOGENOUS
SIEVECAND L=3 x10(t=-14/23)[ 10 ] x x10(t=51/28)[ 10 ] prod=[ 10, 10 ] order=100 cmp=39 NEW ISOGENOUS
SIEVECAND L=7 x10(t=-14/25)[ 10 ] x x10(t=53/28)[ 10 ] prod=[ 10, 10 ] order=100 cmp=44 NEW ISOGENOUS
SIEVECAND L=3 x10(t=-14/25)[ 10 ] x x10(t=53/28)[ 10 ] prod=[ 10, 10 ] order=100 cmp=44 NEW ISOGENOUS
SIEVECAND L=7 x10(t=-14/27)[ 10 ] x x10(t=55/28)[ 10 ] prod=[ 10, 10 ] order=100 cmp=42 NEW ISOGENOUS
SIEVECAND L=3 x10(t=-14/27)[ 10 ] x x10(t=55/28)[ 10 ] prod=[ 10, 10 ] order=100 cmp=42 NEW ISOGENOUS
SIEVECAND L=7 x10(t=-14/29)[ 10 ] x x10(t=57/28)[ 10 ] prod=[ 10, 10 ] order=100 cmp=40 NEW ISOGENOUS
SIEVECAND L=3 x10(t=-14/29)[ 10 ] x x10(t=57/28)[ 10 ] prod=[ 10, 10 ] order=100 cmp=40 NEW ISOGENOUS
SIEVECAND L=7 x10(t=-14/31)[ 10 ] x x10(t=59/28)[ 10 ] prod=[ 10, 10 ] order=100 cmp=44 NEW ISOGENOUS
SIEVECAND L=3 x10(t=-14/31)[ 10 ] x x10(t=59/28)[ 10 ] prod=[ 10, 10 ] order=100 cmp=44 NEW ISOGENOUS
SIEVECAND L=7 x10(t=14/43)[ 10 ] x x10(t=-15/28)[ 10 ] prod=[ 10, 10 ] order=100 cmp=44 NEW ISOGENOUS
SIEVECAND L=3 x10(t=14/43)[ 10 ] x x10(t=-15/28)[ 10 ] prod=[ 10, 10 ] order=100 cmp=44 NEW ISOGENOUS
SIEVECAND L=7 x10(t=14/45)[ 10 ] x x10(t=-17/28)[ 10 ] prod=[ 10, 10 ] order=100 cmp=42 NEW ISOGENOUS
SIEVECAND L=3 x10(t=14/45)[ 10 ] x x10(t=-17/28)[ 10 ] prod=[ 10, 10 ] order=100 cmp=42 NEW ISOGENOUS
SIEVECAND L=7 x10(t=14/47)[ 10 ] x x10(t=-19/28)[ 10 ] prod=[ 10, 10 ] order=100 cmp=43 NEW ISOGENOUS
SIEVECAND L=3 x10(t=14/47)[ 10 ] x x10(t=-19/28)[ 10 ] prod=[ 10, 10 ] order=100 cmp=43 NEW ISOGENOUS
SIEVECAND L=7 x10(t=14/51)[ 10 ] x x10(t=-23/28)[ 10 ] prod=[ 10, 10 ] order=100 cmp=40 NEW ISOGENOUS
SIEVECAND L=3 x10(t=14/51)[ 10 ] x x10(t=-23/28)[ 10 ] prod=[ 10, 10 ] order=100 cmp=40 NEW ISOGENOUS
SIEVECAND L=7 x10(t=14/53)[ 10 ] x x10(t=-25/28)[ 10 ] prod=[ 10, 10 ] order=100 cmp=40 NEW ISOGENOUS
SIEVECAND L=3 x10(t=14/53)[ 10 ] x x10(t=-25/28)[ 10 ] prod=[ 10, 10 ] order=100 cmp=40 NEW ISOGENOUS
SIEVECAND L=7 x10(t=14/55)[ 10 ] x x10(t=-27/28)[ 10 ] prod=[ 10, 10 ] order=100 cmp=42 NEW ISOGENOUS
SIEVECAND L=3 x10(t=14/55)[ 10 ] x x10(t=-27/28)[ 10 ] prod=[ 10, 10 ] order=100 cmp=42 NEW ISOGENOUS
SIEVECAND L=7 x10(t=14/57)[ 10 ] x x10(t=-29/28)[ 10 ] prod=[ 10, 10 ] order=100 cmp=41 NEW ISOGENOUS
SIEVECAND L=3 x10(t=14/57)[ 10 ] x x10(t=-29/28)[ 10 ] prod=[ 10, 10 ] order=100 cmp=41 NEW ISOGENOUS
SIEVECAND L=7 x10(t=14/59)[ 10 ] x x10(t=-31/28)[ 10 ] prod=[ 10, 10 ] order=100 cmp=42 NEW ISOGENOUS
SIEVECAND L=3 x10(t=14/59)[ 10 ] x x10(t=-31/28)[ 10 ] prod=[ 10, 10 ] order=100 cmp=42 NEW ISOGENOUS
SIEVECAND L=7 x10(t=-15/17)[ 10 ] x x10(t=47/30)[ 10 ] prod=[ 10, 10 ] order=100 cmp=42 NEW ISOGENOUS
SIEVECAND L=3 x10(t=-15/17)[ 10 ] x x10(t=47/30)[ 10 ] prod=[ 10, 10 ] order=100 cmp=42 NEW ISOGENOUS
SIEVECAND L=7 x10(t=-15/19)[ 10 ] x x10(t=49/30)[ 10 ] prod=[ 10, 10 ] order=100 cmp=42 NEW ISOGENOUS
SIEVECAND L=3 x10(t=-15/19)[ 10 ] x x10(t=49/30)[ 10 ] prod=[ 10, 10 ] order=100 cmp=42 NEW ISOGENOUS
SIEVECAND L=7 x10(t=-15/23)[ 10 ] x x10(t=53/30)[ 10 ] prod=[ 10, 10 ] order=100 cmp=43 NEW ISOGENOUS
SIEVECAND L=3 x10(t=-15/23)[ 10 ] x x10(t=53/30)[ 10 ] prod=[ 10, 10 ] order=100 cmp=43 NEW ISOGENOUS
SIEVECAND L=7 x10(t=-15/29)[ 10 ] x x10(t=59/30)[ 10 ] prod=[ 10, 10 ] order=100 cmp=43 NEW ISOGENOUS
SIEVECAND L=3 x10(t=-15/29)[ 10 ] x x10(t=59/30)[ 10 ] prod=[ 10, 10 ] order=100 cmp=43 NEW ISOGENOUS
SIEVECAND L=7 x10(t=-15/32)[ 10 ] x x10(t=16/47)[ 10 ] prod=[ 10, 10 ] order=100 cmp=42 NEW ISOGENOUS
SIEVECAND L=3 x10(t=-15/32)[ 10 ] x x10(t=16/47)[ 10 ] prod=[ 10, 10 ] order=100 cmp=42 NEW ISOGENOUS
SIEVECAND L=7 x10(t=-15/34)[ 10 ] x x10(t=17/49)[ 10 ] prod=[ 10, 10 ] order=100 cmp=42 NEW ISOGENOUS
SIEVECAND L=3 x10(t=-15/34)[ 10 ] x x10(t=17/49)[ 10 ] prod=[ 10, 10 ] order=100 cmp=42 NEW ISOGENOUS
SIEVECAND L=7 x10(t=-15/38)[ 10 ] x x10(t=19/53)[ 10 ] prod=[ 10, 10 ] order=100 cmp=40 NEW ISOGENOUS
SIEVECAND L=3 x10(t=-15/38)[ 10 ] x x10(t=19/53)[ 10 ] prod=[ 10, 10 ] order=100 cmp=40 NEW ISOGENOUS
SIEVECAND L=7 x10(t=-15/44)[ 10 ] x x10(t=22/59)[ 10 ] prod=[ 10, 10 ] order=100 cmp=40 NEW ISOGENOUS
SIEVECAND L=3 x10(t=-15/44)[ 10 ] x x10(t=22/59)[ 10 ] prod=[ 10, 10 ] order=100 cmp=40 NEW ISOGENOUS
SIEVECAND L=7 x10(t=-15/46)[ 10 ] x x10(t=38/15)[ 10 ] prod=[ 10, 10 ] order=100 cmp=41 NEW ISOGENOUS
SIEVECAND L=3 x10(t=-15/46)[ 10 ] x x10(t=38/15)[ 10 ] prod=[ 10, 10 ] order=100 cmp=41 NEW ISOGENOUS
SIEVECAND L=7 x10(t=15/47)[ 10 ] x x10(t=-17/30)[ 10 ] prod=[ 10, 10 ] order=100 cmp=42 NEW ISOGENOUS
SIEVECAND L=3 x10(t=15/47)[ 10 ] x x10(t=-17/30)[ 10 ] prod=[ 10, 10 ] order=100 cmp=42 NEW ISOGENOUS
SIEVECAND L=7 x10(t=15/49)[ 10 ] x x10(t=-19/30)[ 10 ] prod=[ 10, 10 ] order=100 cmp=44 NEW ISOGENOUS
SIEVECAND L=3 x10(t=15/49)[ 10 ] x x10(t=-19/30)[ 10 ] prod=[ 10, 10 ] order=100 cmp=44 NEW ISOGENOUS
SIEVECAND L=7 x10(t=-15/52)[ 10 ] x x10(t=41/15)[ 10 ] prod=[ 10, 10 ] order=100 cmp=41 NEW ISOGENOUS
SIEVECAND L=3 x10(t=-15/52)[ 10 ] x x10(t=41/15)[ 10 ] prod=[ 10, 10 ] order=100 cmp=41 NEW ISOGENOUS
SIEVECAND L=7 x10(t=15/53)[ 10 ] x x10(t=-23/30)[ 10 ] prod=[ 10, 10 ] order=100 cmp=41 NEW ISOGENOUS
SIEVECAND L=3 x10(t=15/53)[ 10 ] x x10(t=-23/30)[ 10 ] prod=[ 10, 10 ] order=100 cmp=41 NEW ISOGENOUS
SIEVECAND L=7 x10(t=-15/56)[ 10 ] x x10(t=43/15)[ 10 ] prod=[ 10, 10 ] order=100 cmp=43 NEW ISOGENOUS
SIEVECAND L=3 x10(t=-15/56)[ 10 ] x x10(t=43/15)[ 10 ] prod=[ 10, 10 ] order=100 cmp=43 NEW ISOGENOUS
SIEVECAND L=7 x10(t=-15/58)[ 10 ] x x10(t=44/15)[ 10 ] prod=[ 10, 10 ] order=100 cmp=42 NEW ISOGENOUS
SIEVECAND L=3 x10(t=-15/58)[ 10 ] x x10(t=44/15)[ 10 ] prod=[ 10, 10 ] order=100 cmp=42 NEW ISOGENOUS
SIEVECAND L=7 x10(t=15/59)[ 10 ] x x10(t=-29/30)[ 10 ] prod=[ 10, 10 ] order=100 cmp=41 NEW ISOGENOUS
SIEVECAND L=3 x10(t=15/59)[ 10 ] x x10(t=-29/30)[ 10 ] prod=[ 10, 10 ] order=100 cmp=41 NEW ISOGENOUS
SIEVECAND L=7 x10(t=-16/15)[ 10 ] x x10(t=47/32)[ 10 ] prod=[ 10, 10 ] order=100 cmp=44 NEW ISOGENOUS
SIEVECAND L=3 x10(t=-16/15)[ 10 ] x x10(t=47/32)[ 10 ] prod=[ 10, 10 ] order=100 cmp=44 NEW ISOGENOUS
SIEVECAND L=7 x10(t=-16/17)[ 10 ] x x10(t=49/32)[ 10 ] prod=[ 10, 10 ] order=100 cmp=44 NEW ISOGENOUS
SIEVECAND L=3 x10(t=-16/17)[ 10 ] x x10(t=49/32)[ 10 ] prod=[ 10, 10 ] order=100 cmp=44 NEW ISOGENOUS
SIEVECAND L=7 x10(t=-16/19)[ 10 ] x x10(t=51/32)[ 10 ] prod=[ 10, 10 ] order=100 cmp=40 NEW ISOGENOUS
SIEVECAND L=3 x10(t=-16/19)[ 10 ] x x10(t=51/32)[ 10 ] prod=[ 10, 10 ] order=100 cmp=40 NEW ISOGENOUS
SIEVECAND L=7 x10(t=-16/21)[ 10 ] x x10(t=53/32)[ 10 ] prod=[ 10, 10 ] order=100 cmp=42 NEW ISOGENOUS
SIEVECAND L=3 x10(t=-16/21)[ 10 ] x x10(t=53/32)[ 10 ] prod=[ 10, 10 ] order=100 cmp=42 NEW ISOGENOUS
SIEVECAND L=7 x10(t=-16/23)[ 10 ] x x10(t=55/32)[ 10 ] prod=[ 10, 10 ] order=100 cmp=43 NEW ISOGENOUS
SIEVECAND L=3 x10(t=-16/23)[ 10 ] x x10(t=55/32)[ 10 ] prod=[ 10, 10 ] order=100 cmp=43 NEW ISOGENOUS
SIEVECAND L=7 x10(t=-16/25)[ 10 ] x x10(t=57/32)[ 10 ] prod=[ 10, 10 ] order=100 cmp=42 NEW ISOGENOUS
SIEVECAND L=3 x10(t=-16/25)[ 10 ] x x10(t=57/32)[ 10 ] prod=[ 10, 10 ] order=100 cmp=42 NEW ISOGENOUS
SIEVECAND L=7 x10(t=-16/27)[ 10 ] x x10(t=59/32)[ 10 ] prod=[ 10, 10 ] order=100 cmp=42 NEW ISOGENOUS
SIEVECAND L=3 x10(t=-16/27)[ 10 ] x x10(t=59/32)[ 10 ] prod=[ 10, 10 ] order=100 cmp=42 NEW ISOGENOUS
SIEVECAND L=7 x10(t=16/49)[ 10 ] x x10(t=-17/32)[ 10 ] prod=[ 10, 10 ] order=100 cmp=41 NEW ISOGENOUS
SIEVECAND L=3 x10(t=16/49)[ 10 ] x x10(t=-17/32)[ 10 ] prod=[ 10, 10 ] order=100 cmp=41 NEW ISOGENOUS
SIEVECAND L=7 x10(t=16/51)[ 10 ] x x10(t=-19/32)[ 10 ] prod=[ 10, 10 ] order=100 cmp=44 NEW ISOGENOUS
SIEVECAND L=3 x10(t=16/51)[ 10 ] x x10(t=-19/32)[ 10 ] prod=[ 10, 10 ] order=100 cmp=44 NEW ISOGENOUS
SIEVECAND L=7 x10(t=16/53)[ 10 ] x x10(t=-21/32)[ 10 ] prod=[ 10, 10 ] order=100 cmp=43 NEW ISOGENOUS
SIEVECAND L=3 x10(t=16/53)[ 10 ] x x10(t=-21/32)[ 10 ] prod=[ 10, 10 ] order=100 cmp=43 NEW ISOGENOUS
SIEVECAND L=7 x10(t=16/55)[ 10 ] x x10(t=-23/32)[ 10 ] prod=[ 10, 10 ] order=100 cmp=43 NEW ISOGENOUS
SIEVECAND L=3 x10(t=16/55)[ 10 ] x x10(t=-23/32)[ 10 ] prod=[ 10, 10 ] order=100 cmp=43 NEW ISOGENOUS
SIEVECAND L=7 x10(t=16/57)[ 10 ] x x10(t=-25/32)[ 10 ] prod=[ 10, 10 ] order=100 cmp=44 NEW ISOGENOUS
SIEVECAND L=3 x10(t=16/57)[ 10 ] x x10(t=-25/32)[ 10 ] prod=[ 10, 10 ] order=100 cmp=44 NEW ISOGENOUS
SIEVECAND L=7 x10(t=16/59)[ 10 ] x x10(t=-27/32)[ 10 ] prod=[ 10, 10 ] order=100 cmp=41 NEW ISOGENOUS
SIEVECAND L=3 x10(t=16/59)[ 10 ] x x10(t=-27/32)[ 10 ] prod=[ 10, 10 ] order=100 cmp=41 NEW ISOGENOUS
SIEVECAND L=7 x10(t=-17/15)[ 10 ] x x10(t=49/34)[ 10 ] prod=[ 10, 10 ] order=100 cmp=43 NEW ISOGENOUS
SIEVECAND L=3 x10(t=-17/15)[ 10 ] x x10(t=49/34)[ 10 ] prod=[ 10, 10 ] order=100 cmp=43 NEW ISOGENOUS
PROGRESS sieve 11500/16514 rows, 1564 cands, 283.860 s
SIEVECAND L=7 x10(t=-17/19)[ 10 ] x x10(t=53/34)[ 10 ] prod=[ 10, 10 ] order=100 cmp=41 NEW ISOGENOUS
SIEVECAND L=3 x10(t=-17/19)[ 10 ] x x10(t=53/34)[ 10 ] prod=[ 10, 10 ] order=100 cmp=41 NEW ISOGENOUS
SIEVECAND L=7 x10(t=-17/21)[ 10 ] x x10(t=55/34)[ 10 ] prod=[ 10, 10 ] order=100 cmp=43 NEW ISOGENOUS
SIEVECAND L=3 x10(t=-17/21)[ 10 ] x x10(t=55/34)[ 10 ] prod=[ 10, 10 ] order=100 cmp=43 NEW ISOGENOUS
SIEVECAND L=7 x10(t=-17/23)[ 10 ] x x10(t=57/34)[ 10 ] prod=[ 10, 10 ] order=100 cmp=41 NEW ISOGENOUS
SIEVECAND L=3 x10(t=-17/23)[ 10 ] x x10(t=57/34)[ 10 ] prod=[ 10, 10 ] order=100 cmp=41 NEW ISOGENOUS
SIEVECAND L=7 x10(t=-17/25)[ 10 ] x x10(t=59/34)[ 10 ] prod=[ 10, 10 ] order=100 cmp=42 NEW ISOGENOUS
SIEVECAND L=3 x10(t=-17/25)[ 10 ] x x10(t=59/34)[ 10 ] prod=[ 10, 10 ] order=100 cmp=42 NEW ISOGENOUS
SIEVECAND L=7 x10(t=-17/36)[ 10 ] x x10(t=18/53)[ 10 ] prod=[ 10, 10 ] order=100 cmp=43 NEW ISOGENOUS
SIEVECAND L=3 x10(t=-17/36)[ 10 ] x x10(t=18/53)[ 10 ] prod=[ 10, 10 ] order=100 cmp=43 NEW ISOGENOUS
SIEVECAND L=7 x10(t=-17/38)[ 10 ] x x10(t=19/55)[ 10 ] prod=[ 10, 10 ] order=100 cmp=43 NEW ISOGENOUS
SIEVECAND L=3 x10(t=-17/38)[ 10 ] x x10(t=19/55)[ 10 ] prod=[ 10, 10 ] order=100 cmp=43 NEW ISOGENOUS
SIEVECAND L=7 x10(t=-17/40)[ 10 ] x x10(t=20/57)[ 10 ] prod=[ 10, 10 ] order=100 cmp=42 NEW ISOGENOUS
SIEVECAND L=3 x10(t=-17/40)[ 10 ] x x10(t=20/57)[ 10 ] prod=[ 10, 10 ] order=100 cmp=42 NEW ISOGENOUS
SIEVECAND L=7 x10(t=-17/42)[ 10 ] x x10(t=21/59)[ 10 ] prod=[ 10, 10 ] order=100 cmp=42 NEW ISOGENOUS
SIEVECAND L=3 x10(t=-17/42)[ 10 ] x x10(t=21/59)[ 10 ] prod=[ 10, 10 ] order=100 cmp=42 NEW ISOGENOUS
SIEVECAND L=7 x10(t=-17/44)[ 10 ] x x10(t=39/17)[ 10 ] prod=[ 10, 10 ] order=100 cmp=39 NEW ISOGENOUS
SIEVECAND L=3 x10(t=-17/44)[ 10 ] x x10(t=39/17)[ 10 ] prod=[ 10, 10 ] order=100 cmp=39 NEW ISOGENOUS
SIEVECAND L=7 x10(t=-17/46)[ 10 ] x x10(t=40/17)[ 10 ] prod=[ 10, 10 ] order=100 cmp=43 NEW ISOGENOUS
SIEVECAND L=3 x10(t=-17/46)[ 10 ] x x10(t=40/17)[ 10 ] prod=[ 10, 10 ] order=100 cmp=43 NEW ISOGENOUS
SIEVECAND L=7 x10(t=-17/48)[ 10 ] x x10(t=41/17)[ 10 ] prod=[ 10, 10 ] order=100 cmp=41 NEW ISOGENOUS
SIEVECAND L=3 x10(t=-17/48)[ 10 ] x x10(t=41/17)[ 10 ] prod=[ 10, 10 ] order=100 cmp=41 NEW ISOGENOUS
SIEVECAND L=7 x10(t=-17/50)[ 10 ] x x10(t=42/17)[ 10 ] prod=[ 10, 10 ] order=100 cmp=42 NEW ISOGENOUS
SIEVECAND L=3 x10(t=-17/50)[ 10 ] x x10(t=42/17)[ 10 ] prod=[ 10, 10 ] order=100 cmp=42 NEW ISOGENOUS
SIEVECAND L=7 x10(t=-17/52)[ 10 ] x x10(t=43/17)[ 10 ] prod=[ 10, 10 ] order=100 cmp=41 NEW ISOGENOUS
SIEVECAND L=3 x10(t=-17/52)[ 10 ] x x10(t=43/17)[ 10 ] prod=[ 10, 10 ] order=100 cmp=41 NEW ISOGENOUS
SIEVECAND L=7 x10(t=17/53)[ 10 ] x x10(t=-19/34)[ 10 ] prod=[ 10, 10 ] order=100 cmp=42 NEW ISOGENOUS
SIEVECAND L=3 x10(t=17/53)[ 10 ] x x10(t=-19/34)[ 10 ] prod=[ 10, 10 ] order=100 cmp=42 NEW ISOGENOUS
SIEVECAND L=7 x10(t=-17/54)[ 10 ] x x10(t=44/17)[ 10 ] prod=[ 10, 10 ] order=100 cmp=40 NEW ISOGENOUS
SIEVECAND L=3 x10(t=-17/54)[ 10 ] x x10(t=44/17)[ 10 ] prod=[ 10, 10 ] order=100 cmp=40 NEW ISOGENOUS
SIEVECAND L=7 x10(t=17/55)[ 10 ] x x10(t=-21/34)[ 10 ] prod=[ 10, 10 ] order=100 cmp=43 NEW ISOGENOUS
SIEVECAND L=3 x10(t=17/55)[ 10 ] x x10(t=-21/34)[ 10 ] prod=[ 10, 10 ] order=100 cmp=43 NEW ISOGENOUS
SIEVECAND L=7 x10(t=-17/56)[ 10 ] x x10(t=45/17)[ 10 ] prod=[ 10, 10 ] order=100 cmp=42 NEW ISOGENOUS
SIEVECAND L=3 x10(t=-17/56)[ 10 ] x x10(t=45/17)[ 10 ] prod=[ 10, 10 ] order=100 cmp=42 NEW ISOGENOUS
SIEVECAND L=7 x10(t=17/57)[ 10 ] x x10(t=-23/34)[ 10 ] prod=[ 10, 10 ] order=100 cmp=41 NEW ISOGENOUS
SIEVECAND L=3 x10(t=17/57)[ 10 ] x x10(t=-23/34)[ 10 ] prod=[ 10, 10 ] order=100 cmp=41 NEW ISOGENOUS
SIEVECAND L=7 x10(t=-17/58)[ 10 ] x x10(t=46/17)[ 10 ] prod=[ 10, 10 ] order=100 cmp=41 NEW ISOGENOUS
SIEVECAND L=3 x10(t=-17/58)[ 10 ] x x10(t=46/17)[ 10 ] prod=[ 10, 10 ] order=100 cmp=41 NEW ISOGENOUS
SIEVECAND L=7 x10(t=17/59)[ 10 ] x x10(t=-25/34)[ 10 ] prod=[ 10, 10 ] order=100 cmp=42 NEW ISOGENOUS
SIEVECAND L=3 x10(t=17/59)[ 10 ] x x10(t=-25/34)[ 10 ] prod=[ 10, 10 ] order=100 cmp=42 NEW ISOGENOUS
SIEVECAND L=7 x10(t=-17/60)[ 10 ] x x10(t=47/17)[ 10 ] prod=[ 10, 10 ] order=100 cmp=42 NEW ISOGENOUS
SIEVECAND L=3 x10(t=-17/60)[ 10 ] x x10(t=47/17)[ 10 ] prod=[ 10, 10 ] order=100 cmp=42 NEW ISOGENOUS
SIEVECAND L=7 x10(t=-18/13)[ 10 ] x x10(t=49/36)[ 10 ] prod=[ 10, 10 ] order=100 cmp=42 NEW ISOGENOUS
SIEVECAND L=3 x10(t=-18/13)[ 10 ] x x10(t=49/36)[ 10 ] prod=[ 10, 10 ] order=100 cmp=42 NEW ISOGENOUS
SIEVECAND L=7 x10(t=-18/17)[ 10 ] x x10(t=53/36)[ 10 ] prod=[ 10, 10 ] order=100 cmp=44 NEW ISOGENOUS
SIEVECAND L=3 x10(t=-18/17)[ 10 ] x x10(t=53/36)[ 10 ] prod=[ 10, 10 ] order=100 cmp=44 NEW ISOGENOUS
SIEVECAND L=7 x10(t=-18/19)[ 10 ] x x10(t=55/36)[ 10 ] prod=[ 10, 10 ] order=100 cmp=41 NEW ISOGENOUS
SIEVECAND L=3 x10(t=-18/19)[ 10 ] x x10(t=55/36)[ 10 ] prod=[ 10, 10 ] order=100 cmp=41 NEW ISOGENOUS
SIEVECAND L=7 x10(t=-18/23)[ 10 ] x x10(t=59/36)[ 10 ] prod=[ 10, 10 ] order=100 cmp=41 NEW ISOGENOUS
SIEVECAND L=3 x10(t=-18/23)[ 10 ] x x10(t=59/36)[ 10 ] prod=[ 10, 10 ] order=100 cmp=41 NEW ISOGENOUS
SIEVECAND L=7 x10(t=18/55)[ 10 ] x x10(t=-19/36)[ 10 ] prod=[ 10, 10 ] order=100 cmp=43 NEW ISOGENOUS
SIEVECAND L=3 x10(t=18/55)[ 10 ] x x10(t=-19/36)[ 10 ] prod=[ 10, 10 ] order=100 cmp=43 NEW ISOGENOUS
SIEVECAND L=7 x10(t=18/59)[ 10 ] x x10(t=-23/36)[ 10 ] prod=[ 10, 10 ] order=100 cmp=41 NEW ISOGENOUS
SIEVECAND L=3 x10(t=18/59)[ 10 ] x x10(t=-23/36)[ 10 ] prod=[ 10, 10 ] order=100 cmp=41 NEW ISOGENOUS
SIEVECAND L=7 x10(t=-19/13)[ 10 ] x x10(t=51/38)[ 10 ] prod=[ 10, 10 ] order=100 cmp=39 NEW ISOGENOUS
SIEVECAND L=3 x10(t=-19/13)[ 10 ] x x10(t=51/38)[ 10 ] prod=[ 10, 10 ] order=100 cmp=39 NEW ISOGENOUS
SIEVECAND L=7 x10(t=-19/15)[ 10 ] x x10(t=53/38)[ 10 ] prod=[ 10, 10 ] order=100 cmp=41 NEW ISOGENOUS
SIEVECAND L=3 x10(t=-19/15)[ 10 ] x x10(t=53/38)[ 10 ] prod=[ 10, 10 ] order=100 cmp=41 NEW ISOGENOUS
SIEVECAND L=7 x10(t=-19/17)[ 10 ] x x10(t=55/38)[ 10 ] prod=[ 10, 10 ] order=100 cmp=43 NEW ISOGENOUS
SIEVECAND L=3 x10(t=-19/17)[ 10 ] x x10(t=55/38)[ 10 ] prod=[ 10, 10 ] order=100 cmp=43 NEW ISOGENOUS
SIEVECAND L=7 x10(t=-19/21)[ 10 ] x x10(t=59/38)[ 10 ] prod=[ 10, 10 ] order=100 cmp=44 NEW ISOGENOUS
SIEVECAND L=3 x10(t=-19/21)[ 10 ] x x10(t=59/38)[ 10 ] prod=[ 10, 10 ] order=100 cmp=44 NEW ISOGENOUS
SIEVECAND L=7 x10(t=-19/40)[ 10 ] x x10(t=20/59)[ 10 ] prod=[ 10, 10 ] order=100 cmp=41 NEW ISOGENOUS
SIEVECAND L=3 x10(t=-19/40)[ 10 ] x x10(t=20/59)[ 10 ] prod=[ 10, 10 ] order=100 cmp=41 NEW ISOGENOUS
SIEVECAND L=7 x10(t=-19/42)[ 10 ] x x10(t=40/19)[ 10 ] prod=[ 10, 10 ] order=100 cmp=42 NEW ISOGENOUS
SIEVECAND L=3 x10(t=-19/42)[ 10 ] x x10(t=40/19)[ 10 ] prod=[ 10, 10 ] order=100 cmp=42 NEW ISOGENOUS
SIEVECAND L=7 x10(t=-19/44)[ 10 ] x x10(t=41/19)[ 10 ] prod=[ 10, 10 ] order=100 cmp=41 NEW ISOGENOUS
SIEVECAND L=3 x10(t=-19/44)[ 10 ] x x10(t=41/19)[ 10 ] prod=[ 10, 10 ] order=100 cmp=41 NEW ISOGENOUS
SIEVECAND L=7 x10(t=-19/46)[ 10 ] x x10(t=42/19)[ 10 ] prod=[ 10, 10 ] order=100 cmp=43 NEW ISOGENOUS
SIEVECAND L=3 x10(t=-19/46)[ 10 ] x x10(t=42/19)[ 10 ] prod=[ 10, 10 ] order=100 cmp=43 NEW ISOGENOUS
SIEVECAND L=7 x10(t=-19/48)[ 10 ] x x10(t=43/19)[ 10 ] prod=[ 10, 10 ] order=100 cmp=42 NEW ISOGENOUS
SIEVECAND L=3 x10(t=-19/48)[ 10 ] x x10(t=43/19)[ 10 ] prod=[ 10, 10 ] order=100 cmp=42 NEW ISOGENOUS
SIEVECAND L=7 x10(t=-19/50)[ 10 ] x x10(t=44/19)[ 10 ] prod=[ 10, 10 ] order=100 cmp=42 NEW ISOGENOUS
SIEVECAND L=3 x10(t=-19/50)[ 10 ] x x10(t=44/19)[ 10 ] prod=[ 10, 10 ] order=100 cmp=42 NEW ISOGENOUS
SIEVECAND L=7 x10(t=-19/52)[ 10 ] x x10(t=45/19)[ 10 ] prod=[ 10, 10 ] order=100 cmp=42 NEW ISOGENOUS
SIEVECAND L=3 x10(t=-19/52)[ 10 ] x x10(t=45/19)[ 10 ] prod=[ 10, 10 ] order=100 cmp=42 NEW ISOGENOUS
SIEVECAND L=7 x10(t=-19/54)[ 10 ] x x10(t=46/19)[ 10 ] prod=[ 10, 10 ] order=100 cmp=40 NEW ISOGENOUS
SIEVECAND L=3 x10(t=-19/54)[ 10 ] x x10(t=46/19)[ 10 ] prod=[ 10, 10 ] order=100 cmp=40 NEW ISOGENOUS
SIEVECAND L=7 x10(t=-19/56)[ 10 ] x x10(t=47/19)[ 10 ] prod=[ 10, 10 ] order=100 cmp=43 NEW ISOGENOUS
SIEVECAND L=3 x10(t=-19/56)[ 10 ] x x10(t=47/19)[ 10 ] prod=[ 10, 10 ] order=100 cmp=43 NEW ISOGENOUS
SIEVECAND L=7 x10(t=-19/58)[ 10 ] x x10(t=48/19)[ 10 ] prod=[ 10, 10 ] order=100 cmp=40 NEW ISOGENOUS
SIEVECAND L=3 x10(t=-19/58)[ 10 ] x x10(t=48/19)[ 10 ] prod=[ 10, 10 ] order=100 cmp=40 NEW ISOGENOUS
SIEVECAND L=7 x10(t=19/59)[ 10 ] x x10(t=-21/38)[ 10 ] prod=[ 10, 10 ] order=100 cmp=43 NEW ISOGENOUS
SIEVECAND L=3 x10(t=19/59)[ 10 ] x x10(t=-21/38)[ 10 ] prod=[ 10, 10 ] order=100 cmp=43 NEW ISOGENOUS
SIEVECAND L=7 x10(t=-19/60)[ 10 ] x x10(t=49/19)[ 10 ] prod=[ 10, 10 ] order=100 cmp=41 NEW ISOGENOUS
SIEVECAND L=3 x10(t=-19/60)[ 10 ] x x10(t=49/19)[ 10 ] prod=[ 10, 10 ] order=100 cmp=41 NEW ISOGENOUS
SIEVECAND L=7 x10(t=-20/11)[ 10 ] x x10(t=51/40)[ 10 ] prod=[ 10, 10 ] order=100 cmp=41 NEW ISOGENOUS
SIEVECAND L=3 x10(t=-20/11)[ 10 ] x x10(t=51/40)[ 10 ] prod=[ 10, 10 ] order=100 cmp=41 NEW ISOGENOUS
SIEVECAND L=7 x10(t=-20/13)[ 10 ] x x10(t=53/40)[ 10 ] prod=[ 10, 10 ] order=100 cmp=41 NEW ISOGENOUS
SIEVECAND L=3 x10(t=-20/13)[ 10 ] x x10(t=53/40)[ 10 ] prod=[ 10, 10 ] order=100 cmp=41 NEW ISOGENOUS
SIEVECAND L=7 x10(t=-20/17)[ 10 ] x x10(t=57/40)[ 10 ] prod=[ 10, 10 ] order=100 cmp=41 NEW ISOGENOUS
SIEVECAND L=3 x10(t=-20/17)[ 10 ] x x10(t=57/40)[ 10 ] prod=[ 10, 10 ] order=100 cmp=41 NEW ISOGENOUS
SIEVECAND L=7 x10(t=-20/19)[ 10 ] x x10(t=59/40)[ 10 ] prod=[ 10, 10 ] order=100 cmp=43 NEW ISOGENOUS
SIEVECAND L=3 x10(t=-20/19)[ 10 ] x x10(t=59/40)[ 10 ] prod=[ 10, 10 ] order=100 cmp=43 NEW ISOGENOUS
SIEVECAND L=7 x10(t=-21/11)[ 10 ] x x10(t=53/42)[ 10 ] prod=[ 10, 10 ] order=100 cmp=44 NEW ISOGENOUS
SIEVECAND L=3 x10(t=-21/11)[ 10 ] x x10(t=53/42)[ 10 ] prod=[ 10, 10 ] order=100 cmp=44 NEW ISOGENOUS
SIEVECAND L=7 x10(t=-21/13)[ 10 ] x x10(t=55/42)[ 10 ] prod=[ 10, 10 ] order=100 cmp=43 NEW ISOGENOUS
SIEVECAND L=3 x10(t=-21/13)[ 10 ] x x10(t=55/42)[ 10 ] prod=[ 10, 10 ] order=100 cmp=43 NEW ISOGENOUS
SIEVECAND L=7 x10(t=-21/17)[ 10 ] x x10(t=59/42)[ 10 ] prod=[ 10, 10 ] order=100 cmp=41 NEW ISOGENOUS
SIEVECAND L=3 x10(t=-21/17)[ 10 ] x x10(t=59/42)[ 10 ] prod=[ 10, 10 ] order=100 cmp=41 NEW ISOGENOUS
SIEVECAND L=7 x10(t=-21/40)[ 10 ] x x10(t=41/21)[ 10 ] prod=[ 10, 10 ] order=100 cmp=44 NEW ISOGENOUS
SIEVECAND L=3 x10(t=-21/40)[ 10 ] x x10(t=41/21)[ 10 ] prod=[ 10, 10 ] order=100 cmp=44 NEW ISOGENOUS
SIEVECAND L=7 x10(t=-21/44)[ 10 ] x x10(t=43/21)[ 10 ] prod=[ 10, 10 ] order=100 cmp=42 NEW ISOGENOUS
SIEVECAND L=3 x10(t=-21/44)[ 10 ] x x10(t=43/21)[ 10 ] prod=[ 10, 10 ] order=100 cmp=42 NEW ISOGENOUS
SIEVECAND L=7 x10(t=-21/46)[ 10 ] x x10(t=44/21)[ 10 ] prod=[ 10, 10 ] order=100 cmp=42 NEW ISOGENOUS
SIEVECAND L=3 x10(t=-21/46)[ 10 ] x x10(t=44/21)[ 10 ] prod=[ 10, 10 ] order=100 cmp=42 NEW ISOGENOUS
SIEVECAND L=7 x10(t=-21/50)[ 10 ] x x10(t=46/21)[ 10 ] prod=[ 10, 10 ] order=100 cmp=42 NEW ISOGENOUS
SIEVECAND L=3 x10(t=-21/50)[ 10 ] x x10(t=46/21)[ 10 ] prod=[ 10, 10 ] order=100 cmp=42 NEW ISOGENOUS
SIEVECAND L=7 x10(t=-21/52)[ 10 ] x x10(t=47/21)[ 10 ] prod=[ 10, 10 ] order=100 cmp=43 NEW ISOGENOUS
SIEVECAND L=3 x10(t=-21/52)[ 10 ] x x10(t=47/21)[ 10 ] prod=[ 10, 10 ] order=100 cmp=43 NEW ISOGENOUS
SIEVECAND L=7 x10(t=-21/58)[ 10 ] x x10(t=50/21)[ 10 ] prod=[ 10, 10 ] order=100 cmp=42 NEW ISOGENOUS
SIEVECAND L=3 x10(t=-21/58)[ 10 ] x x10(t=50/21)[ 10 ] prod=[ 10, 10 ] order=100 cmp=42 NEW ISOGENOUS
SIEVECAND L=7 x10(t=-22/9)[ 10 ] x x10(t=53/44)[ 10 ] prod=[ 10, 10 ] order=100 cmp=41 NEW ISOGENOUS
SIEVECAND L=3 x10(t=-22/9)[ 10 ] x x10(t=53/44)[ 10 ] prod=[ 10, 10 ] order=100 cmp=41 NEW ISOGENOUS
SIEVECAND L=7 x10(t=-22/13)[ 10 ] x x10(t=57/44)[ 10 ] prod=[ 10, 10 ] order=100 cmp=43 NEW ISOGENOUS
SIEVECAND L=3 x10(t=-22/13)[ 10 ] x x10(t=57/44)[ 10 ] prod=[ 10, 10 ] order=100 cmp=43 NEW ISOGENOUS
SIEVECAND L=7 x10(t=-22/15)[ 10 ] x x10(t=59/44)[ 10 ] prod=[ 10, 10 ] order=100 cmp=43 NEW ISOGENOUS
SIEVECAND L=3 x10(t=-22/15)[ 10 ] x x10(t=59/44)[ 10 ] prod=[ 10, 10 ] order=100 cmp=43 NEW ISOGENOUS
SIEVECAND L=7 x10(t=-23/9)[ 10 ] x x10(t=55/46)[ 10 ] prod=[ 10, 10 ] order=100 cmp=42 NEW ISOGENOUS
SIEVECAND L=3 x10(t=-23/9)[ 10 ] x x10(t=55/46)[ 10 ] prod=[ 10, 10 ] order=100 cmp=42 NEW ISOGENOUS
SIEVECAND L=7 x10(t=-23/11)[ 10 ] x x10(t=57/46)[ 10 ] prod=[ 10, 10 ] order=100 cmp=40 NEW ISOGENOUS
SIEVECAND L=3 x10(t=-23/11)[ 10 ] x x10(t=57/46)[ 10 ] prod=[ 10, 10 ] order=100 cmp=40 NEW ISOGENOUS
SIEVECAND L=7 x10(t=-23/13)[ 10 ] x x10(t=59/46)[ 10 ] prod=[ 10, 10 ] order=100 cmp=41 NEW ISOGENOUS
SIEVECAND L=3 x10(t=-23/13)[ 10 ] x x10(t=59/46)[ 10 ] prod=[ 10, 10 ] order=100 cmp=41 NEW ISOGENOUS
SIEVECAND L=7 x10(t=-23/38)[ 10 ] x x10(t=42/23)[ 10 ] prod=[ 10, 10 ] order=100 cmp=42 NEW ISOGENOUS
SIEVECAND L=3 x10(t=-23/38)[ 10 ] x x10(t=42/23)[ 10 ] prod=[ 10, 10 ] order=100 cmp=42 NEW ISOGENOUS
SIEVECAND L=7 x10(t=-23/40)[ 10 ] x x10(t=43/23)[ 10 ] prod=[ 10, 10 ] order=100 cmp=42 NEW ISOGENOUS
SIEVECAND L=3 x10(t=-23/40)[ 10 ] x x10(t=43/23)[ 10 ] prod=[ 10, 10 ] order=100 cmp=42 NEW ISOGENOUS
SIEVECAND L=7 x10(t=-23/42)[ 10 ] x x10(t=44/23)[ 10 ] prod=[ 10, 10 ] order=100 cmp=41 NEW ISOGENOUS
SIEVECAND L=3 x10(t=-23/42)[ 10 ] x x10(t=44/23)[ 10 ] prod=[ 10, 10 ] order=100 cmp=41 NEW ISOGENOUS
SIEVECAND L=7 x10(t=-23/44)[ 10 ] x x10(t=45/23)[ 10 ] prod=[ 10, 10 ] order=100 cmp=41 NEW ISOGENOUS
SIEVECAND L=3 x10(t=-23/44)[ 10 ] x x10(t=45/23)[ 10 ] prod=[ 10, 10 ] order=100 cmp=41 NEW ISOGENOUS
SIEVECAND L=7 x10(t=-23/48)[ 10 ] x x10(t=47/23)[ 10 ] prod=[ 10, 10 ] order=100 cmp=42 NEW ISOGENOUS
SIEVECAND L=3 x10(t=-23/48)[ 10 ] x x10(t=47/23)[ 10 ] prod=[ 10, 10 ] order=100 cmp=42 NEW ISOGENOUS
SIEVECAND L=7 x10(t=-23/50)[ 10 ] x x10(t=48/23)[ 10 ] prod=[ 10, 10 ] order=100 cmp=41 NEW ISOGENOUS
SIEVECAND L=3 x10(t=-23/50)[ 10 ] x x10(t=48/23)[ 10 ] prod=[ 10, 10 ] order=100 cmp=41 NEW ISOGENOUS
SIEVECAND L=7 x10(t=-23/52)[ 10 ] x x10(t=49/23)[ 10 ] prod=[ 10, 10 ] order=100 cmp=41 NEW ISOGENOUS
SIEVECAND L=3 x10(t=-23/52)[ 10 ] x x10(t=49/23)[ 10 ] prod=[ 10, 10 ] order=100 cmp=41 NEW ISOGENOUS
SIEVECAND L=7 x10(t=-23/54)[ 10 ] x x10(t=50/23)[ 10 ] prod=[ 10, 10 ] order=100 cmp=42 NEW ISOGENOUS
SIEVECAND L=3 x10(t=-23/54)[ 10 ] x x10(t=50/23)[ 10 ] prod=[ 10, 10 ] order=100 cmp=42 NEW ISOGENOUS
SIEVECAND L=7 x10(t=-23/56)[ 10 ] x x10(t=51/23)[ 10 ] prod=[ 10, 10 ] order=100 cmp=43 NEW ISOGENOUS
SIEVECAND L=3 x10(t=-23/56)[ 10 ] x x10(t=51/23)[ 10 ] prod=[ 10, 10 ] order=100 cmp=43 NEW ISOGENOUS
SIEVECAND L=7 x10(t=-23/58)[ 10 ] x x10(t=52/23)[ 10 ] prod=[ 10, 10 ] order=100 cmp=42 NEW ISOGENOUS
SIEVECAND L=3 x10(t=-23/58)[ 10 ] x x10(t=52/23)[ 10 ] prod=[ 10, 10 ] order=100 cmp=42 NEW ISOGENOUS
SIEVECAND L=7 x10(t=-23/60)[ 10 ] x x10(t=53/23)[ 10 ] prod=[ 10, 10 ] order=100 cmp=41 NEW ISOGENOUS
SIEVECAND L=3 x10(t=-23/60)[ 10 ] x x10(t=53/23)[ 10 ] prod=[ 10, 10 ] order=100 cmp=41 NEW ISOGENOUS
SIEVECAND L=7 x10(t=-24/7)[ 10 ] x x10(t=55/48)[ 10 ] prod=[ 10, 10 ] order=100 cmp=44 NEW ISOGENOUS
SIEVECAND L=3 x10(t=-24/7)[ 10 ] x x10(t=55/48)[ 10 ] prod=[ 10, 10 ] order=100 cmp=44 NEW ISOGENOUS
SIEVECAND L=7 x10(t=-24/11)[ 10 ] x x10(t=59/48)[ 10 ] prod=[ 10, 10 ] order=100 cmp=44 NEW ISOGENOUS
SIEVECAND L=3 x10(t=-24/11)[ 10 ] x x10(t=59/48)[ 10 ] prod=[ 10, 10 ] order=100 cmp=44 NEW ISOGENOUS
SIEVECAND L=7 x10(t=-25/7)[ 10 ] x x10(t=57/50)[ 10 ] prod=[ 10, 10 ] order=100 cmp=43 NEW ISOGENOUS
SIEVECAND L=3 x10(t=-25/7)[ 10 ] x x10(t=57/50)[ 10 ] prod=[ 10, 10 ] order=100 cmp=43 NEW ISOGENOUS
SIEVECAND L=7 x10(t=-25/9)[ 10 ] x x10(t=59/50)[ 10 ] prod=[ 10, 10 ] order=100 cmp=42 NEW ISOGENOUS
SIEVECAND L=3 x10(t=-25/9)[ 10 ] x x10(t=59/50)[ 10 ] prod=[ 10, 10 ] order=100 cmp=42 NEW ISOGENOUS
SIEVECAND L=7 x10(t=-25/36)[ 10 ] x x10(t=43/25)[ 10 ] prod=[ 10, 10 ] order=100 cmp=44 NEW ISOGENOUS
SIEVECAND L=3 x10(t=-25/36)[ 10 ] x x10(t=43/25)[ 10 ] prod=[ 10, 10 ] order=100 cmp=44 NEW ISOGENOUS
SIEVECAND L=7 x10(t=-25/38)[ 10 ] x x10(t=44/25)[ 10 ] prod=[ 10, 10 ] order=100 cmp=44 NEW ISOGENOUS
SIEVECAND L=3 x10(t=-25/38)[ 10 ] x x10(t=44/25)[ 10 ] prod=[ 10, 10 ] order=100 cmp=44 NEW ISOGENOUS
SIEVECAND L=7 x10(t=-25/42)[ 10 ] x x10(t=46/25)[ 10 ] prod=[ 10, 10 ] order=100 cmp=42 NEW ISOGENOUS
SIEVECAND L=3 x10(t=-25/42)[ 10 ] x x10(t=46/25)[ 10 ] prod=[ 10, 10 ] order=100 cmp=42 NEW ISOGENOUS
SIEVECAND L=7 x10(t=-25/44)[ 10 ] x x10(t=47/25)[ 10 ] prod=[ 10, 10 ] order=100 cmp=43 NEW ISOGENOUS
SIEVECAND L=3 x10(t=-25/44)[ 10 ] x x10(t=47/25)[ 10 ] prod=[ 10, 10 ] order=100 cmp=43 NEW ISOGENOUS
SIEVECAND L=7 x10(t=-25/46)[ 10 ] x x10(t=48/25)[ 10 ] prod=[ 10, 10 ] order=100 cmp=40 NEW ISOGENOUS
SIEVECAND L=3 x10(t=-25/46)[ 10 ] x x10(t=48/25)[ 10 ] prod=[ 10, 10 ] order=100 cmp=40 NEW ISOGENOUS
SIEVECAND L=7 x10(t=-25/48)[ 10 ] x x10(t=49/25)[ 10 ] prod=[ 10, 10 ] order=100 cmp=43 NEW ISOGENOUS
SIEVECAND L=3 x10(t=-25/48)[ 10 ] x x10(t=49/25)[ 10 ] prod=[ 10, 10 ] order=100 cmp=43 NEW ISOGENOUS
SIEVECAND L=7 x10(t=-25/52)[ 10 ] x x10(t=51/25)[ 10 ] prod=[ 10, 10 ] order=100 cmp=43 NEW ISOGENOUS
SIEVECAND L=3 x10(t=-25/52)[ 10 ] x x10(t=51/25)[ 10 ] prod=[ 10, 10 ] order=100 cmp=43 NEW ISOGENOUS
SIEVECAND L=7 x10(t=-25/54)[ 10 ] x x10(t=52/25)[ 10 ] prod=[ 10, 10 ] order=100 cmp=44 NEW ISOGENOUS
SIEVECAND L=3 x10(t=-25/54)[ 10 ] x x10(t=52/25)[ 10 ] prod=[ 10, 10 ] order=100 cmp=44 NEW ISOGENOUS
SIEVECAND L=7 x10(t=-25/56)[ 10 ] x x10(t=53/25)[ 10 ] prod=[ 10, 10 ] order=100 cmp=44 NEW ISOGENOUS
SIEVECAND L=3 x10(t=-25/56)[ 10 ] x x10(t=53/25)[ 10 ] prod=[ 10, 10 ] order=100 cmp=44 NEW ISOGENOUS
SIEVECAND L=7 x10(t=-25/58)[ 10 ] x x10(t=54/25)[ 10 ] prod=[ 10, 10 ] order=100 cmp=43 NEW ISOGENOUS
SIEVECAND L=3 x10(t=-25/58)[ 10 ] x x10(t=54/25)[ 10 ] prod=[ 10, 10 ] order=100 cmp=43 NEW ISOGENOUS
SIEVECAND L=7 x10(t=-26/5)[ 10 ] x x10(t=57/52)[ 10 ] prod=[ 10, 10 ] order=100 cmp=43 NEW ISOGENOUS
SIEVECAND L=3 x10(t=-26/5)[ 10 ] x x10(t=57/52)[ 10 ] prod=[ 10, 10 ] order=100 cmp=43 NEW ISOGENOUS
SIEVECAND L=7 x10(t=-26/7)[ 10 ] x x10(t=59/52)[ 10 ] prod=[ 10, 10 ] order=100 cmp=41 NEW ISOGENOUS
SIEVECAND L=3 x10(t=-26/7)[ 10 ] x x10(t=59/52)[ 10 ] prod=[ 10, 10 ] order=100 cmp=41 NEW ISOGENOUS
SIEVECAND L=7 x10(t=-27/5)[ 10 ] x x10(t=59/54)[ 10 ] prod=[ 10, 10 ] order=100 cmp=41 NEW ISOGENOUS
SIEVECAND L=3 x10(t=-27/5)[ 10 ] x x10(t=59/54)[ 10 ] prod=[ 10, 10 ] order=100 cmp=41 NEW ISOGENOUS
SIEVECAND L=7 x10(t=-27/34)[ 10 ] x x10(t=44/27)[ 10 ] prod=[ 10, 10 ] order=100 cmp=41 NEW ISOGENOUS
SIEVECAND L=3 x10(t=-27/34)[ 10 ] x x10(t=44/27)[ 10 ] prod=[ 10, 10 ] order=100 cmp=41 NEW ISOGENOUS
SIEVECAND L=7 x10(t=-27/38)[ 10 ] x x10(t=46/27)[ 10 ] prod=[ 10, 10 ] order=100 cmp=41 NEW ISOGENOUS
SIEVECAND L=3 x10(t=-27/38)[ 10 ] x x10(t=46/27)[ 10 ] prod=[ 10, 10 ] order=100 cmp=41 NEW ISOGENOUS
SIEVECAND L=7 x10(t=-27/40)[ 10 ] x x10(t=47/27)[ 10 ] prod=[ 10, 10 ] order=100 cmp=42 NEW ISOGENOUS
SIEVECAND L=3 x10(t=-27/40)[ 10 ] x x10(t=47/27)[ 10 ] prod=[ 10, 10 ] order=100 cmp=42 NEW ISOGENOUS
SIEVECAND L=7 x10(t=-27/44)[ 10 ] x x10(t=49/27)[ 10 ] prod=[ 10, 10 ] order=100 cmp=44 NEW ISOGENOUS
SIEVECAND L=3 x10(t=-27/44)[ 10 ] x x10(t=49/27)[ 10 ] prod=[ 10, 10 ] order=100 cmp=44 NEW ISOGENOUS
SIEVECAND L=7 x10(t=-27/46)[ 10 ] x x10(t=50/27)[ 10 ] prod=[ 10, 10 ] order=100 cmp=44 NEW ISOGENOUS
SIEVECAND L=3 x10(t=-27/46)[ 10 ] x x10(t=50/27)[ 10 ] prod=[ 10, 10 ] order=100 cmp=44 NEW ISOGENOUS
SIEVECAND L=7 x10(t=-27/50)[ 10 ] x x10(t=52/27)[ 10 ] prod=[ 10, 10 ] order=100 cmp=41 NEW ISOGENOUS
SIEVECAND L=3 x10(t=-27/50)[ 10 ] x x10(t=52/27)[ 10 ] prod=[ 10, 10 ] order=100 cmp=41 NEW ISOGENOUS
SIEVECAND L=7 x10(t=-27/52)[ 10 ] x x10(t=53/27)[ 10 ] prod=[ 10, 10 ] order=100 cmp=40 NEW ISOGENOUS
SIEVECAND L=3 x10(t=-27/52)[ 10 ] x x10(t=53/27)[ 10 ] prod=[ 10, 10 ] order=100 cmp=40 NEW ISOGENOUS
PROGRESS sieve 12000/16514 rows, 1758 cands, 295.270 s
SIEVECAND L=7 x10(t=-27/56)[ 10 ] x x10(t=55/27)[ 10 ] prod=[ 10, 10 ] order=100 cmp=43 NEW ISOGENOUS
SIEVECAND L=3 x10(t=-27/56)[ 10 ] x x10(t=55/27)[ 10 ] prod=[ 10, 10 ] order=100 cmp=43 NEW ISOGENOUS
SIEVECAND L=7 x10(t=-27/58)[ 10 ] x x10(t=56/27)[ 10 ] prod=[ 10, 10 ] order=100 cmp=40 NEW ISOGENOUS
SIEVECAND L=3 x10(t=-27/58)[ 10 ] x x10(t=56/27)[ 10 ] prod=[ 10, 10 ] order=100 cmp=40 NEW ISOGENOUS
SIEVECAND L=7 x10(t=-28/3)[ 10 ] x x10(t=59/56)[ 10 ] prod=[ 10, 10 ] order=100 cmp=42 NEW ISOGENOUS
SIEVECAND L=3 x10(t=-28/3)[ 10 ] x x10(t=59/56)[ 10 ] prod=[ 10, 10 ] order=100 cmp=42 NEW ISOGENOUS
SIEVECAND L=7 x10(t=-29/32)[ 10 ] x x10(t=45/29)[ 10 ] prod=[ 10, 10 ] order=100 cmp=44 NEW ISOGENOUS
SIEVECAND L=3 x10(t=-29/32)[ 10 ] x x10(t=45/29)[ 10 ] prod=[ 10, 10 ] order=100 cmp=44 NEW ISOGENOUS
SIEVECAND L=7 x10(t=-29/34)[ 10 ] x x10(t=46/29)[ 10 ] prod=[ 10, 10 ] order=100 cmp=41 NEW ISOGENOUS
SIEVECAND L=3 x10(t=-29/34)[ 10 ] x x10(t=46/29)[ 10 ] prod=[ 10, 10 ] order=100 cmp=41 NEW ISOGENOUS
SIEVECAND L=7 x10(t=-29/36)[ 10 ] x x10(t=47/29)[ 10 ] prod=[ 10, 10 ] order=100 cmp=42 NEW ISOGENOUS
SIEVECAND L=3 x10(t=-29/36)[ 10 ] x x10(t=47/29)[ 10 ] prod=[ 10, 10 ] order=100 cmp=42 NEW ISOGENOUS
SIEVECAND L=7 x10(t=-29/38)[ 10 ] x x10(t=48/29)[ 10 ] prod=[ 10, 10 ] order=100 cmp=43 NEW ISOGENOUS
SIEVECAND L=3 x10(t=-29/38)[ 10 ] x x10(t=48/29)[ 10 ] prod=[ 10, 10 ] order=100 cmp=43 NEW ISOGENOUS
SIEVECAND L=7 x10(t=-29/40)[ 10 ] x x10(t=49/29)[ 10 ] prod=[ 10, 10 ] order=100 cmp=42 NEW ISOGENOUS
SIEVECAND L=3 x10(t=-29/40)[ 10 ] x x10(t=49/29)[ 10 ] prod=[ 10, 10 ] order=100 cmp=42 NEW ISOGENOUS
SIEVECAND L=7 x10(t=-29/42)[ 10 ] x x10(t=50/29)[ 10 ] prod=[ 10, 10 ] order=100 cmp=43 NEW ISOGENOUS
SIEVECAND L=3 x10(t=-29/42)[ 10 ] x x10(t=50/29)[ 10 ] prod=[ 10, 10 ] order=100 cmp=43 NEW ISOGENOUS
SIEVECAND L=7 x10(t=-29/44)[ 10 ] x x10(t=51/29)[ 10 ] prod=[ 10, 10 ] order=100 cmp=41 NEW ISOGENOUS
SIEVECAND L=3 x10(t=-29/44)[ 10 ] x x10(t=51/29)[ 10 ] prod=[ 10, 10 ] order=100 cmp=41 NEW ISOGENOUS
SIEVECAND L=7 x10(t=-29/46)[ 10 ] x x10(t=52/29)[ 10 ] prod=[ 10, 10 ] order=100 cmp=41 NEW ISOGENOUS
SIEVECAND L=3 x10(t=-29/46)[ 10 ] x x10(t=52/29)[ 10 ] prod=[ 10, 10 ] order=100 cmp=41 NEW ISOGENOUS
SIEVECAND L=7 x10(t=-29/48)[ 10 ] x x10(t=53/29)[ 10 ] prod=[ 10, 10 ] order=100 cmp=42 NEW ISOGENOUS
SIEVECAND L=3 x10(t=-29/48)[ 10 ] x x10(t=53/29)[ 10 ] prod=[ 10, 10 ] order=100 cmp=42 NEW ISOGENOUS
SIEVECAND L=7 x10(t=-29/50)[ 10 ] x x10(t=54/29)[ 10 ] prod=[ 10, 10 ] order=100 cmp=44 NEW ISOGENOUS
SIEVECAND L=3 x10(t=-29/50)[ 10 ] x x10(t=54/29)[ 10 ] prod=[ 10, 10 ] order=100 cmp=44 NEW ISOGENOUS
SIEVECAND L=7 x10(t=-29/52)[ 10 ] x x10(t=55/29)[ 10 ] prod=[ 10, 10 ] order=100 cmp=43 NEW ISOGENOUS
SIEVECAND L=3 x10(t=-29/52)[ 10 ] x x10(t=55/29)[ 10 ] prod=[ 10, 10 ] order=100 cmp=43 NEW ISOGENOUS
SIEVECAND L=7 x10(t=-29/54)[ 10 ] x x10(t=56/29)[ 10 ] prod=[ 10, 10 ] order=100 cmp=41 NEW ISOGENOUS
SIEVECAND L=3 x10(t=-29/54)[ 10 ] x x10(t=56/29)[ 10 ] prod=[ 10, 10 ] order=100 cmp=41 NEW ISOGENOUS
SIEVECAND L=7 x10(t=-29/56)[ 10 ] x x10(t=57/29)[ 10 ] prod=[ 10, 10 ] order=100 cmp=41 NEW ISOGENOUS
SIEVECAND L=3 x10(t=-29/56)[ 10 ] x x10(t=57/29)[ 10 ] prod=[ 10, 10 ] order=100 cmp=41 NEW ISOGENOUS
SIEVECAND L=7 x10(t=-29/60)[ 10 ] x x10(t=59/29)[ 10 ] prod=[ 10, 10 ] order=100 cmp=43 NEW ISOGENOUS
SIEVECAND L=3 x10(t=-29/60)[ 10 ] x x10(t=59/29)[ 10 ] prod=[ 10, 10 ] order=100 cmp=43 NEW ISOGENOUS
SIEVECAND L=7 x10(t=-31/30)[ 10 ] x x10(t=46/31)[ 10 ] prod=[ 10, 10 ] order=100 cmp=43 NEW ISOGENOUS
SIEVECAND L=3 x10(t=-31/30)[ 10 ] x x10(t=46/31)[ 10 ] prod=[ 10, 10 ] order=100 cmp=43 NEW ISOGENOUS
SIEVECAND L=7 x10(t=-31/32)[ 10 ] x x10(t=47/31)[ 10 ] prod=[ 10, 10 ] order=100 cmp=42 NEW ISOGENOUS
SIEVECAND L=3 x10(t=-31/32)[ 10 ] x x10(t=47/31)[ 10 ] prod=[ 10, 10 ] order=100 cmp=42 NEW ISOGENOUS
SIEVECAND L=7 x10(t=-31/34)[ 10 ] x x10(t=48/31)[ 10 ] prod=[ 10, 10 ] order=100 cmp=41 NEW ISOGENOUS
SIEVECAND L=3 x10(t=-31/34)[ 10 ] x x10(t=48/31)[ 10 ] prod=[ 10, 10 ] order=100 cmp=41 NEW ISOGENOUS
SIEVECAND L=7 x10(t=-31/36)[ 10 ] x x10(t=49/31)[ 10 ] prod=[ 10, 10 ] order=100 cmp=42 NEW ISOGENOUS
SIEVECAND L=3 x10(t=-31/36)[ 10 ] x x10(t=49/31)[ 10 ] prod=[ 10, 10 ] order=100 cmp=42 NEW ISOGENOUS
SIEVECAND L=7 x10(t=-31/38)[ 10 ] x x10(t=50/31)[ 10 ] prod=[ 10, 10 ] order=100 cmp=41 NEW ISOGENOUS
SIEVECAND L=3 x10(t=-31/38)[ 10 ] x x10(t=50/31)[ 10 ] prod=[ 10, 10 ] order=100 cmp=41 NEW ISOGENOUS
SIEVECAND L=7 x10(t=-31/40)[ 10 ] x x10(t=51/31)[ 10 ] prod=[ 10, 10 ] order=100 cmp=42 NEW ISOGENOUS
SIEVECAND L=3 x10(t=-31/40)[ 10 ] x x10(t=51/31)[ 10 ] prod=[ 10, 10 ] order=100 cmp=42 NEW ISOGENOUS
SIEVECAND L=7 x10(t=-31/42)[ 10 ] x x10(t=52/31)[ 10 ] prod=[ 10, 10 ] order=100 cmp=42 NEW ISOGENOUS
SIEVECAND L=3 x10(t=-31/42)[ 10 ] x x10(t=52/31)[ 10 ] prod=[ 10, 10 ] order=100 cmp=42 NEW ISOGENOUS
SIEVECAND L=7 x10(t=-31/44)[ 10 ] x x10(t=53/31)[ 10 ] prod=[ 10, 10 ] order=100 cmp=40 NEW ISOGENOUS
SIEVECAND L=3 x10(t=-31/44)[ 10 ] x x10(t=53/31)[ 10 ] prod=[ 10, 10 ] order=100 cmp=40 NEW ISOGENOUS
SIEVECAND L=7 x10(t=-31/46)[ 10 ] x x10(t=54/31)[ 10 ] prod=[ 10, 10 ] order=100 cmp=42 NEW ISOGENOUS
SIEVECAND L=3 x10(t=-31/46)[ 10 ] x x10(t=54/31)[ 10 ] prod=[ 10, 10 ] order=100 cmp=42 NEW ISOGENOUS
SIEVECAND L=7 x10(t=-31/48)[ 10 ] x x10(t=55/31)[ 10 ] prod=[ 10, 10 ] order=100 cmp=41 NEW ISOGENOUS
SIEVECAND L=3 x10(t=-31/48)[ 10 ] x x10(t=55/31)[ 10 ] prod=[ 10, 10 ] order=100 cmp=41 NEW ISOGENOUS
SIEVECAND L=7 x10(t=-31/50)[ 10 ] x x10(t=56/31)[ 10 ] prod=[ 10, 10 ] order=100 cmp=43 NEW ISOGENOUS
SIEVECAND L=3 x10(t=-31/50)[ 10 ] x x10(t=56/31)[ 10 ] prod=[ 10, 10 ] order=100 cmp=43 NEW ISOGENOUS
SIEVECAND L=7 x10(t=-31/52)[ 10 ] x x10(t=57/31)[ 10 ] prod=[ 10, 10 ] order=100 cmp=42 NEW ISOGENOUS
SIEVECAND L=3 x10(t=-31/52)[ 10 ] x x10(t=57/31)[ 10 ] prod=[ 10, 10 ] order=100 cmp=42 NEW ISOGENOUS
SIEVECAND L=7 x10(t=-31/54)[ 10 ] x x10(t=58/31)[ 10 ] prod=[ 10, 10 ] order=100 cmp=42 NEW ISOGENOUS
SIEVECAND L=3 x10(t=-31/54)[ 10 ] x x10(t=58/31)[ 10 ] prod=[ 10, 10 ] order=100 cmp=42 NEW ISOGENOUS
SIEVECAND L=7 x10(t=-31/56)[ 10 ] x x10(t=59/31)[ 10 ] prod=[ 10, 10 ] order=100 cmp=41 NEW ISOGENOUS
SIEVECAND L=3 x10(t=-31/56)[ 10 ] x x10(t=59/31)[ 10 ] prod=[ 10, 10 ] order=100 cmp=41 NEW ISOGENOUS
SIEVECAND L=7 x10(t=-31/58)[ 10 ] x x10(t=60/31)[ 10 ] prod=[ 10, 10 ] order=100 cmp=43 NEW ISOGENOUS
SIEVECAND L=3 x10(t=-31/58)[ 10 ] x x10(t=60/31)[ 10 ] prod=[ 10, 10 ] order=100 cmp=43 NEW ISOGENOUS
SIEVECAND L=7 x10(t=-33/28)[ 10 ] x x10(t=47/33)[ 10 ] prod=[ 10, 10 ] order=100 cmp=43 NEW ISOGENOUS
SIEVECAND L=3 x10(t=-33/28)[ 10 ] x x10(t=47/33)[ 10 ] prod=[ 10, 10 ] order=100 cmp=43 NEW ISOGENOUS
SIEVECAND L=7 x10(t=-33/32)[ 10 ] x x10(t=49/33)[ 10 ] prod=[ 10, 10 ] order=100 cmp=44 NEW ISOGENOUS
SIEVECAND L=3 x10(t=-33/32)[ 10 ] x x10(t=49/33)[ 10 ] prod=[ 10, 10 ] order=100 cmp=44 NEW ISOGENOUS
SIEVECAND L=7 x10(t=-33/34)[ 10 ] x x10(t=50/33)[ 10 ] prod=[ 10, 10 ] order=100 cmp=41 NEW ISOGENOUS
SIEVECAND L=3 x10(t=-33/34)[ 10 ] x x10(t=50/33)[ 10 ] prod=[ 10, 10 ] order=100 cmp=41 NEW ISOGENOUS
SIEVECAND L=7 x10(t=-33/38)[ 10 ] x x10(t=52/33)[ 10 ] prod=[ 10, 10 ] order=100 cmp=42 NEW ISOGENOUS
SIEVECAND L=3 x10(t=-33/38)[ 10 ] x x10(t=52/33)[ 10 ] prod=[ 10, 10 ] order=100 cmp=42 NEW ISOGENOUS
SIEVECAND L=7 x10(t=-33/40)[ 10 ] x x10(t=53/33)[ 10 ] prod=[ 10, 10 ] order=100 cmp=39 NEW ISOGENOUS
SIEVECAND L=3 x10(t=-33/40)[ 10 ] x x10(t=53/33)[ 10 ] prod=[ 10, 10 ] order=100 cmp=39 NEW ISOGENOUS
SIEVECAND L=7 x10(t=-33/46)[ 10 ] x x10(t=56/33)[ 10 ] prod=[ 10, 10 ] order=100 cmp=43 NEW ISOGENOUS
SIEVECAND L=3 x10(t=-33/46)[ 10 ] x x10(t=56/33)[ 10 ] prod=[ 10, 10 ] order=100 cmp=43 NEW ISOGENOUS
SIEVECAND L=7 x10(t=-33/50)[ 10 ] x x10(t=58/33)[ 10 ] prod=[ 10, 10 ] order=100 cmp=43 NEW ISOGENOUS
SIEVECAND L=3 x10(t=-33/50)[ 10 ] x x10(t=58/33)[ 10 ] prod=[ 10, 10 ] order=100 cmp=43 NEW ISOGENOUS
SIEVECAND L=7 x10(t=-33/52)[ 10 ] x x10(t=59/33)[ 10 ] prod=[ 10, 10 ] order=100 cmp=40 NEW ISOGENOUS
SIEVECAND L=3 x10(t=-33/52)[ 10 ] x x10(t=59/33)[ 10 ] prod=[ 10, 10 ] order=100 cmp=40 NEW ISOGENOUS
SIEVECAND L=7 x10(t=-35/26)[ 10 ] x x10(t=48/35)[ 10 ] prod=[ 10, 10 ] order=100 cmp=43 NEW ISOGENOUS
SIEVECAND L=3 x10(t=-35/26)[ 10 ] x x10(t=48/35)[ 10 ] prod=[ 10, 10 ] order=100 cmp=43 NEW ISOGENOUS
SIEVECAND L=7 x10(t=-35/32)[ 10 ] x x10(t=51/35)[ 10 ] prod=[ 10, 10 ] order=100 cmp=40 NEW ISOGENOUS
SIEVECAND L=3 x10(t=-35/32)[ 10 ] x x10(t=51/35)[ 10 ] prod=[ 10, 10 ] order=100 cmp=40 NEW ISOGENOUS
SIEVECAND L=7 x10(t=-35/34)[ 10 ] x x10(t=52/35)[ 10 ] prod=[ 10, 10 ] order=100 cmp=42 NEW ISOGENOUS
SIEVECAND L=3 x10(t=-35/34)[ 10 ] x x10(t=52/35)[ 10 ] prod=[ 10, 10 ] order=100 cmp=42 NEW ISOGENOUS
SIEVECAND L=7 x10(t=-35/36)[ 10 ] x x10(t=53/35)[ 10 ] prod=[ 10, 10 ] order=100 cmp=44 NEW ISOGENOUS
SIEVECAND L=3 x10(t=-35/36)[ 10 ] x x10(t=53/35)[ 10 ] prod=[ 10, 10 ] order=100 cmp=44 NEW ISOGENOUS
SIEVECAND L=7 x10(t=-35/38)[ 10 ] x x10(t=54/35)[ 10 ] prod=[ 10, 10 ] order=100 cmp=42 NEW ISOGENOUS
SIEVECAND L=3 x10(t=-35/38)[ 10 ] x x10(t=54/35)[ 10 ] prod=[ 10, 10 ] order=100 cmp=42 NEW ISOGENOUS
SIEVECAND L=7 x10(t=-35/44)[ 10 ] x x10(t=57/35)[ 10 ] prod=[ 10, 10 ] order=100 cmp=42 NEW ISOGENOUS
SIEVECAND L=3 x10(t=-35/44)[ 10 ] x x10(t=57/35)[ 10 ] prod=[ 10, 10 ] order=100 cmp=42 NEW ISOGENOUS
SIEVECAND L=7 x10(t=-35/46)[ 10 ] x x10(t=58/35)[ 10 ] prod=[ 10, 10 ] order=100 cmp=42 NEW ISOGENOUS
SIEVECAND L=3 x10(t=-35/46)[ 10 ] x x10(t=58/35)[ 10 ] prod=[ 10, 10 ] order=100 cmp=42 NEW ISOGENOUS
SIEVECAND L=7 x10(t=-35/48)[ 10 ] x x10(t=59/35)[ 10 ] prod=[ 10, 10 ] order=100 cmp=41 NEW ISOGENOUS
SIEVECAND L=3 x10(t=-35/48)[ 10 ] x x10(t=59/35)[ 10 ] prod=[ 10, 10 ] order=100 cmp=41 NEW ISOGENOUS
SIEVECAND L=7 x10(t=-37/24)[ 10 ] x x10(t=49/37)[ 10 ] prod=[ 10, 10 ] order=100 cmp=43 NEW ISOGENOUS
SIEVECAND L=3 x10(t=-37/24)[ 10 ] x x10(t=49/37)[ 10 ] prod=[ 10, 10 ] order=100 cmp=43 NEW ISOGENOUS
SIEVECAND L=7 x10(t=-37/26)[ 10 ] x x10(t=50/37)[ 10 ] prod=[ 10, 10 ] order=100 cmp=43 NEW ISOGENOUS
SIEVECAND L=3 x10(t=-37/26)[ 10 ] x x10(t=50/37)[ 10 ] prod=[ 10, 10 ] order=100 cmp=43 NEW ISOGENOUS
SIEVECAND L=7 x10(t=-37/28)[ 10 ] x x10(t=51/37)[ 10 ] prod=[ 10, 10 ] order=100 cmp=41 NEW ISOGENOUS
SIEVECAND L=3 x10(t=-37/28)[ 10 ] x x10(t=51/37)[ 10 ] prod=[ 10, 10 ] order=100 cmp=41 NEW ISOGENOUS
SIEVECAND L=7 x10(t=-37/30)[ 10 ] x x10(t=52/37)[ 10 ] prod=[ 10, 10 ] order=100 cmp=42 NEW ISOGENOUS
SIEVECAND L=3 x10(t=-37/30)[ 10 ] x x10(t=52/37)[ 10 ] prod=[ 10, 10 ] order=100 cmp=42 NEW ISOGENOUS
SIEVECAND L=7 x10(t=-37/32)[ 10 ] x x10(t=53/37)[ 10 ] prod=[ 10, 10 ] order=100 cmp=39 NEW ISOGENOUS
SIEVECAND L=3 x10(t=-37/32)[ 10 ] x x10(t=53/37)[ 10 ] prod=[ 10, 10 ] order=100 cmp=39 NEW ISOGENOUS
SIEVECAND L=7 x10(t=-37/34)[ 10 ] x x10(t=54/37)[ 10 ] prod=[ 10, 10 ] order=100 cmp=43 NEW ISOGENOUS
SIEVECAND L=3 x10(t=-37/34)[ 10 ] x x10(t=54/37)[ 10 ] prod=[ 10, 10 ] order=100 cmp=43 NEW ISOGENOUS
SIEVECAND L=7 x10(t=-37/36)[ 10 ] x x10(t=55/37)[ 10 ] prod=[ 10, 10 ] order=100 cmp=41 NEW ISOGENOUS
SIEVECAND L=3 x10(t=-37/36)[ 10 ] x x10(t=55/37)[ 10 ] prod=[ 10, 10 ] order=100 cmp=41 NEW ISOGENOUS
SIEVECAND L=7 x10(t=-37/38)[ 10 ] x x10(t=56/37)[ 10 ] prod=[ 10, 10 ] order=100 cmp=40 NEW ISOGENOUS
SIEVECAND L=3 x10(t=-37/38)[ 10 ] x x10(t=56/37)[ 10 ] prod=[ 10, 10 ] order=100 cmp=40 NEW ISOGENOUS
SIEVECAND L=7 x10(t=-37/40)[ 10 ] x x10(t=57/37)[ 10 ] prod=[ 10, 10 ] order=100 cmp=42 NEW ISOGENOUS
SIEVECAND L=3 x10(t=-37/40)[ 10 ] x x10(t=57/37)[ 10 ] prod=[ 10, 10 ] order=100 cmp=42 NEW ISOGENOUS
SIEVECAND L=7 x10(t=-37/42)[ 10 ] x x10(t=58/37)[ 10 ] prod=[ 10, 10 ] order=100 cmp=41 NEW ISOGENOUS
SIEVECAND L=3 x10(t=-37/42)[ 10 ] x x10(t=58/37)[ 10 ] prod=[ 10, 10 ] order=100 cmp=41 NEW ISOGENOUS
SIEVECAND L=7 x10(t=-37/44)[ 10 ] x x10(t=59/37)[ 10 ] prod=[ 10, 10 ] order=100 cmp=42 NEW ISOGENOUS
SIEVECAND L=3 x10(t=-37/44)[ 10 ] x x10(t=59/37)[ 10 ] prod=[ 10, 10 ] order=100 cmp=42 NEW ISOGENOUS
SIEVECAND L=7 x10(t=-37/46)[ 10 ] x x10(t=60/37)[ 10 ] prod=[ 10, 10 ] order=100 cmp=39 NEW ISOGENOUS
SIEVECAND L=3 x10(t=-37/46)[ 10 ] x x10(t=60/37)[ 10 ] prod=[ 10, 10 ] order=100 cmp=39 NEW ISOGENOUS
SIEVECAND L=7 x10(t=-39/22)[ 10 ] x x10(t=50/39)[ 10 ] prod=[ 10, 10 ] order=100 cmp=40 NEW ISOGENOUS
SIEVECAND L=3 x10(t=-39/22)[ 10 ] x x10(t=50/39)[ 10 ] prod=[ 10, 10 ] order=100 cmp=40 NEW ISOGENOUS
SIEVECAND L=7 x10(t=-39/28)[ 10 ] x x10(t=53/39)[ 10 ] prod=[ 10, 10 ] order=100 cmp=43 NEW ISOGENOUS
SIEVECAND L=3 x10(t=-39/28)[ 10 ] x x10(t=53/39)[ 10 ] prod=[ 10, 10 ] order=100 cmp=43 NEW ISOGENOUS
SIEVECAND L=7 x10(t=-39/32)[ 10 ] x x10(t=55/39)[ 10 ] prod=[ 10, 10 ] order=100 cmp=42 NEW ISOGENOUS
SIEVECAND L=3 x10(t=-39/32)[ 10 ] x x10(t=55/39)[ 10 ] prod=[ 10, 10 ] order=100 cmp=42 NEW ISOGENOUS
SIEVECAND L=7 x10(t=-39/34)[ 10 ] x x10(t=56/39)[ 10 ] prod=[ 10, 10 ] order=100 cmp=42 NEW ISOGENOUS
SIEVECAND L=3 x10(t=-39/34)[ 10 ] x x10(t=56/39)[ 10 ] prod=[ 10, 10 ] order=100 cmp=42 NEW ISOGENOUS
SIEVECAND L=7 x10(t=-39/38)[ 10 ] x x10(t=58/39)[ 10 ] prod=[ 10, 10 ] order=100 cmp=42 NEW ISOGENOUS
SIEVECAND L=3 x10(t=-39/38)[ 10 ] x x10(t=58/39)[ 10 ] prod=[ 10, 10 ] order=100 cmp=42 NEW ISOGENOUS
SIEVECAND L=7 x10(t=-39/40)[ 10 ] x x10(t=59/39)[ 10 ] prod=[ 10, 10 ] order=100 cmp=42 NEW ISOGENOUS
SIEVECAND L=3 x10(t=-39/40)[ 10 ] x x10(t=59/39)[ 10 ] prod=[ 10, 10 ] order=100 cmp=42 NEW ISOGENOUS
PROGRESS sieve 12500/16514 rows, 1890 cands, 302.070 s
SIEVECAND L=7 x10(t=-41/20)[ 10 ] x x10(t=51/41)[ 10 ] prod=[ 10, 10 ] order=100 cmp=40 NEW ISOGENOUS
SIEVECAND L=3 x10(t=-41/20)[ 10 ] x x10(t=51/41)[ 10 ] prod=[ 10, 10 ] order=100 cmp=40 NEW ISOGENOUS
SIEVECAND L=7 x10(t=-41/22)[ 10 ] x x10(t=52/41)[ 10 ] prod=[ 10, 10 ] order=100 cmp=43 NEW ISOGENOUS
SIEVECAND L=3 x10(t=-41/22)[ 10 ] x x10(t=52/41)[ 10 ] prod=[ 10, 10 ] order=100 cmp=43 NEW ISOGENOUS
SIEVECAND L=7 x10(t=-41/24)[ 10 ] x x10(t=53/41)[ 10 ] prod=[ 10, 10 ] order=100 cmp=43 NEW ISOGENOUS
SIEVECAND L=3 x10(t=-41/24)[ 10 ] x x10(t=53/41)[ 10 ] prod=[ 10, 10 ] order=100 cmp=43 NEW ISOGENOUS
SIEVECAND L=7 x10(t=-41/26)[ 10 ] x x10(t=54/41)[ 10 ] prod=[ 10, 10 ] order=100 cmp=41 NEW ISOGENOUS
SIEVECAND L=3 x10(t=-41/26)[ 10 ] x x10(t=54/41)[ 10 ] prod=[ 10, 10 ] order=100 cmp=41 NEW ISOGENOUS
SIEVECAND L=7 x10(t=-41/28)[ 10 ] x x10(t=55/41)[ 10 ] prod=[ 10, 10 ] order=100 cmp=40 NEW ISOGENOUS
SIEVECAND L=3 x10(t=-41/28)[ 10 ] x x10(t=55/41)[ 10 ] prod=[ 10, 10 ] order=100 cmp=40 NEW ISOGENOUS
SIEVECAND L=7 x10(t=-41/30)[ 10 ] x x10(t=56/41)[ 10 ] prod=[ 10, 10 ] order=100 cmp=42 NEW ISOGENOUS
SIEVECAND L=3 x10(t=-41/30)[ 10 ] x x10(t=56/41)[ 10 ] prod=[ 10, 10 ] order=100 cmp=42 NEW ISOGENOUS
SIEVECAND L=7 x10(t=-41/32)[ 10 ] x x10(t=57/41)[ 10 ] prod=[ 10, 10 ] order=100 cmp=41 NEW ISOGENOUS
SIEVECAND L=3 x10(t=-41/32)[ 10 ] x x10(t=57/41)[ 10 ] prod=[ 10, 10 ] order=100 cmp=41 NEW ISOGENOUS
SIEVECAND L=7 x10(t=-41/34)[ 10 ] x x10(t=58/41)[ 10 ] prod=[ 10, 10 ] order=100 cmp=43 NEW ISOGENOUS
SIEVECAND L=3 x10(t=-41/34)[ 10 ] x x10(t=58/41)[ 10 ] prod=[ 10, 10 ] order=100 cmp=43 NEW ISOGENOUS
SIEVECAND L=7 x10(t=-41/36)[ 10 ] x x10(t=59/41)[ 10 ] prod=[ 10, 10 ] order=100 cmp=43 NEW ISOGENOUS
SIEVECAND L=3 x10(t=-41/36)[ 10 ] x x10(t=59/41)[ 10 ] prod=[ 10, 10 ] order=100 cmp=43 NEW ISOGENOUS
SIEVECAND L=7 x10(t=-41/38)[ 10 ] x x10(t=60/41)[ 10 ] prod=[ 10, 10 ] order=100 cmp=42 NEW ISOGENOUS
SIEVECAND L=3 x10(t=-41/38)[ 10 ] x x10(t=60/41)[ 10 ] prod=[ 10, 10 ] order=100 cmp=42 NEW ISOGENOUS
SIEVECAND L=7 x10(t=-43/18)[ 10 ] x x10(t=52/43)[ 10 ] prod=[ 10, 10 ] order=100 cmp=41 NEW ISOGENOUS
SIEVECAND L=3 x10(t=-43/18)[ 10 ] x x10(t=52/43)[ 10 ] prod=[ 10, 10 ] order=100 cmp=41 NEW ISOGENOUS
SIEVECAND L=7 x10(t=-43/20)[ 10 ] x x10(t=53/43)[ 10 ] prod=[ 10, 10 ] order=100 cmp=43 NEW ISOGENOUS
SIEVECAND L=3 x10(t=-43/20)[ 10 ] x x10(t=53/43)[ 10 ] prod=[ 10, 10 ] order=100 cmp=43 NEW ISOGENOUS
SIEVECAND L=7 x10(t=-43/22)[ 10 ] x x10(t=54/43)[ 10 ] prod=[ 10, 10 ] order=100 cmp=41 NEW ISOGENOUS
SIEVECAND L=3 x10(t=-43/22)[ 10 ] x x10(t=54/43)[ 10 ] prod=[ 10, 10 ] order=100 cmp=41 NEW ISOGENOUS
SIEVECAND L=7 x10(t=-43/24)[ 10 ] x x10(t=55/43)[ 10 ] prod=[ 10, 10 ] order=100 cmp=43 NEW ISOGENOUS
SIEVECAND L=3 x10(t=-43/24)[ 10 ] x x10(t=55/43)[ 10 ] prod=[ 10, 10 ] order=100 cmp=43 NEW ISOGENOUS
SIEVECAND L=7 x10(t=-43/26)[ 10 ] x x10(t=56/43)[ 10 ] prod=[ 10, 10 ] order=100 cmp=43 NEW ISOGENOUS
SIEVECAND L=3 x10(t=-43/26)[ 10 ] x x10(t=56/43)[ 10 ] prod=[ 10, 10 ] order=100 cmp=43 NEW ISOGENOUS
SIEVECAND L=7 x10(t=-43/28)[ 10 ] x x10(t=57/43)[ 10 ] prod=[ 10, 10 ] order=100 cmp=41 NEW ISOGENOUS
SIEVECAND L=3 x10(t=-43/28)[ 10 ] x x10(t=57/43)[ 10 ] prod=[ 10, 10 ] order=100 cmp=41 NEW ISOGENOUS
SIEVECAND L=7 x10(t=-43/30)[ 10 ] x x10(t=58/43)[ 10 ] prod=[ 10, 10 ] order=100 cmp=43 NEW ISOGENOUS
SIEVECAND L=3 x10(t=-43/30)[ 10 ] x x10(t=58/43)[ 10 ] prod=[ 10, 10 ] order=100 cmp=43 NEW ISOGENOUS
SIEVECAND L=7 x10(t=-43/32)[ 10 ] x x10(t=59/43)[ 10 ] prod=[ 10, 10 ] order=100 cmp=44 NEW ISOGENOUS
SIEVECAND L=3 x10(t=-43/32)[ 10 ] x x10(t=59/43)[ 10 ] prod=[ 10, 10 ] order=100 cmp=44 NEW ISOGENOUS
SIEVECAND L=7 x10(t=-43/34)[ 10 ] x x10(t=60/43)[ 10 ] prod=[ 10, 10 ] order=100 cmp=40 NEW ISOGENOUS
SIEVECAND L=3 x10(t=-43/34)[ 10 ] x x10(t=60/43)[ 10 ] prod=[ 10, 10 ] order=100 cmp=40 NEW ISOGENOUS
SIEVECAND L=7 x10(t=-45/16)[ 10 ] x x10(t=53/45)[ 10 ] prod=[ 10, 10 ] order=100 cmp=42 NEW ISOGENOUS
SIEVECAND L=3 x10(t=-45/16)[ 10 ] x x10(t=53/45)[ 10 ] prod=[ 10, 10 ] order=100 cmp=42 NEW ISOGENOUS
SIEVECAND L=7 x10(t=-45/22)[ 10 ] x x10(t=56/45)[ 10 ] prod=[ 10, 10 ] order=100 cmp=44 NEW ISOGENOUS
SIEVECAND L=3 x10(t=-45/22)[ 10 ] x x10(t=56/45)[ 10 ] prod=[ 10, 10 ] order=100 cmp=44 NEW ISOGENOUS
SIEVECAND L=7 x10(t=-45/26)[ 10 ] x x10(t=58/45)[ 10 ] prod=[ 10, 10 ] order=100 cmp=43 NEW ISOGENOUS
SIEVECAND L=3 x10(t=-45/26)[ 10 ] x x10(t=58/45)[ 10 ] prod=[ 10, 10 ] order=100 cmp=43 NEW ISOGENOUS
SIEVECAND L=7 x10(t=-45/28)[ 10 ] x x10(t=59/45)[ 10 ] prod=[ 10, 10 ] order=100 cmp=43 NEW ISOGENOUS
SIEVECAND L=3 x10(t=-45/28)[ 10 ] x x10(t=59/45)[ 10 ] prod=[ 10, 10 ] order=100 cmp=43 NEW ISOGENOUS
SIEVECAND L=7 x10(t=-47/14)[ 10 ] x x10(t=54/47)[ 10 ] prod=[ 10, 10 ] order=100 cmp=40 NEW ISOGENOUS
SIEVECAND L=3 x10(t=-47/14)[ 10 ] x x10(t=54/47)[ 10 ] prod=[ 10, 10 ] order=100 cmp=40 NEW ISOGENOUS
SIEVECAND L=7 x10(t=-47/16)[ 10 ] x x10(t=55/47)[ 10 ] prod=[ 10, 10 ] order=100 cmp=44 NEW ISOGENOUS
SIEVECAND L=3 x10(t=-47/16)[ 10 ] x x10(t=55/47)[ 10 ] prod=[ 10, 10 ] order=100 cmp=44 NEW ISOGENOUS
SIEVECAND L=7 x10(t=-47/18)[ 10 ] x x10(t=56/47)[ 10 ] prod=[ 10, 10 ] order=100 cmp=43 NEW ISOGENOUS
SIEVECAND L=3 x10(t=-47/18)[ 10 ] x x10(t=56/47)[ 10 ] prod=[ 10, 10 ] order=100 cmp=43 NEW ISOGENOUS
SIEVECAND L=7 x10(t=-47/20)[ 10 ] x x10(t=57/47)[ 10 ] prod=[ 10, 10 ] order=100 cmp=41 NEW ISOGENOUS
SIEVECAND L=3 x10(t=-47/20)[ 10 ] x x10(t=57/47)[ 10 ] prod=[ 10, 10 ] order=100 cmp=41 NEW ISOGENOUS
SIEVECAND L=7 x10(t=-47/22)[ 10 ] x x10(t=58/47)[ 10 ] prod=[ 10, 10 ] order=100 cmp=40 NEW ISOGENOUS
SIEVECAND L=3 x10(t=-47/22)[ 10 ] x x10(t=58/47)[ 10 ] prod=[ 10, 10 ] order=100 cmp=40 NEW ISOGENOUS
SIEVECAND L=7 x10(t=-47/24)[ 10 ] x x10(t=59/47)[ 10 ] prod=[ 10, 10 ] order=100 cmp=40 NEW ISOGENOUS
SIEVECAND L=3 x10(t=-47/24)[ 10 ] x x10(t=59/47)[ 10 ] prod=[ 10, 10 ] order=100 cmp=40 NEW ISOGENOUS
SIEVECAND L=7 x10(t=-47/26)[ 10 ] x x10(t=60/47)[ 10 ] prod=[ 10, 10 ] order=100 cmp=42 NEW ISOGENOUS
SIEVECAND L=3 x10(t=-47/26)[ 10 ] x x10(t=60/47)[ 10 ] prod=[ 10, 10 ] order=100 cmp=42 NEW ISOGENOUS
PROGRESS sieve 13000/16514 rows, 1950 cands, 306.570 s
SIEVECAND L=7 x10(t=-49/12)[ 10 ] x x10(t=55/49)[ 10 ] prod=[ 10, 10 ] order=100 cmp=42 NEW ISOGENOUS
SIEVECAND L=3 x10(t=-49/12)[ 10 ] x x10(t=55/49)[ 10 ] prod=[ 10, 10 ] order=100 cmp=42 NEW ISOGENOUS
SIEVECAND L=7 x10(t=-49/16)[ 10 ] x x10(t=57/49)[ 10 ] prod=[ 10, 10 ] order=100 cmp=44 NEW ISOGENOUS
SIEVECAND L=3 x10(t=-49/16)[ 10 ] x x10(t=57/49)[ 10 ] prod=[ 10, 10 ] order=100 cmp=44 NEW ISOGENOUS
SIEVECAND L=7 x10(t=-49/18)[ 10 ] x x10(t=58/49)[ 10 ] prod=[ 10, 10 ] order=100 cmp=41 NEW ISOGENOUS
SIEVECAND L=3 x10(t=-49/18)[ 10 ] x x10(t=58/49)[ 10 ] prod=[ 10, 10 ] order=100 cmp=41 NEW ISOGENOUS
SIEVECAND L=7 x10(t=-49/20)[ 10 ] x x10(t=59/49)[ 10 ] prod=[ 10, 10 ] order=100 cmp=44 NEW ISOGENOUS
SIEVECAND L=3 x10(t=-49/20)[ 10 ] x x10(t=59/49)[ 10 ] prod=[ 10, 10 ] order=100 cmp=44 NEW ISOGENOUS
SIEVECAND L=7 x10(t=-49/22)[ 10 ] x x10(t=60/49)[ 10 ] prod=[ 10, 10 ] order=100 cmp=42 NEW ISOGENOUS
SIEVECAND L=3 x10(t=-49/22)[ 10 ] x x10(t=60/49)[ 10 ] prod=[ 10, 10 ] order=100 cmp=42 NEW ISOGENOUS
SIEVECAND L=7 x10(t=-51/10)[ 10 ] x x10(t=56/51)[ 10 ] prod=[ 10, 10 ] order=100 cmp=42 NEW ISOGENOUS
SIEVECAND L=3 x10(t=-51/10)[ 10 ] x x10(t=56/51)[ 10 ] prod=[ 10, 10 ] order=100 cmp=42 NEW ISOGENOUS
SIEVECAND L=7 x10(t=-51/14)[ 10 ] x x10(t=58/51)[ 10 ] prod=[ 10, 10 ] order=100 cmp=42 NEW ISOGENOUS
SIEVECAND L=3 x10(t=-51/14)[ 10 ] x x10(t=58/51)[ 10 ] prod=[ 10, 10 ] order=100 cmp=42 NEW ISOGENOUS
SIEVECAND L=7 x10(t=-51/16)[ 10 ] x x10(t=59/51)[ 10 ] prod=[ 10, 10 ] order=100 cmp=41 NEW ISOGENOUS
SIEVECAND L=3 x10(t=-51/16)[ 10 ] x x10(t=59/51)[ 10 ] prod=[ 10, 10 ] order=100 cmp=41 NEW ISOGENOUS
SIEVECAND L=7 x10(t=-53/8)[ 10 ] x x10(t=57/53)[ 10 ] prod=[ 10, 10 ] order=100 cmp=43 NEW ISOGENOUS
SIEVECAND L=3 x10(t=-53/8)[ 10 ] x x10(t=57/53)[ 10 ] prod=[ 10, 10 ] order=100 cmp=43 NEW ISOGENOUS
SIEVECAND L=7 x10(t=-53/10)[ 10 ] x x10(t=58/53)[ 10 ] prod=[ 10, 10 ] order=100 cmp=43 NEW ISOGENOUS
SIEVECAND L=3 x10(t=-53/10)[ 10 ] x x10(t=58/53)[ 10 ] prod=[ 10, 10 ] order=100 cmp=43 NEW ISOGENOUS
SIEVECAND L=7 x10(t=-53/12)[ 10 ] x x10(t=59/53)[ 10 ] prod=[ 10, 10 ] order=100 cmp=42 NEW ISOGENOUS
SIEVECAND L=3 x10(t=-53/12)[ 10 ] x x10(t=59/53)[ 10 ] prod=[ 10, 10 ] order=100 cmp=42 NEW ISOGENOUS
SIEVECAND L=7 x10(t=-53/14)[ 10 ] x x10(t=60/53)[ 10 ] prod=[ 10, 10 ] order=100 cmp=42 NEW ISOGENOUS
SIEVECAND L=3 x10(t=-53/14)[ 10 ] x x10(t=60/53)[ 10 ] prod=[ 10, 10 ] order=100 cmp=42 NEW ISOGENOUS
SIEVECAND L=7 x10(t=-55/6)[ 10 ] x x10(t=58/55)[ 10 ] prod=[ 10, 10 ] order=100 cmp=43 NEW ISOGENOUS
SIEVECAND L=3 x10(t=-55/6)[ 10 ] x x10(t=58/55)[ 10 ] prod=[ 10, 10 ] order=100 cmp=43 NEW ISOGENOUS
SIEVECAND L=7 x10(t=-55/8)[ 10 ] x x10(t=59/55)[ 10 ] prod=[ 10, 10 ] order=100 cmp=44 NEW ISOGENOUS
SIEVECAND L=3 x10(t=-55/8)[ 10 ] x x10(t=59/55)[ 10 ] prod=[ 10, 10 ] order=100 cmp=44 NEW ISOGENOUS
SIEVECAND L=7 x10(t=-57/4)[ 10 ] x x10(t=59/57)[ 10 ] prod=[ 10, 10 ] order=100 cmp=42 NEW ISOGENOUS
SIEVECAND L=3 x10(t=-57/4)[ 10 ] x x10(t=59/57)[ 10 ] prod=[ 10, 10 ] order=100 cmp=42 NEW ISOGENOUS
PROGRESS sieve 13500/16514 rows, 1980 cands, 309.520 s
SIEVECAND L=7 x10(t=-59/2)[ 10 ] x x10(t=60/59)[ 10 ] prod=[ 10, 10 ] order=100 cmp=43 NEW ISOGENOUS
SIEVECAND L=3 x10(t=-59/2)[ 10 ] x x10(t=60/59)[ 10 ] prod=[ 10, 10 ] order=100 cmp=43 NEW ISOGENOUS
PROGRESS sieve 14000/16514 rows, 1982 cands, 312.090 s
PROGRESS sieve 14500/16514 rows, 1982 cands, 314.210 s
PROGRESS sieve 15000/16514 rows, 1982 cands, 315.840 s
PROGRESS sieve 15500/16514 rows, 1982 cands, 316.970 s
PROGRESS sieve 16000/16514 rows, 1982 cands, 317.620 s
PROGRESS sieve 16500/16514 rows, 1982 cands, 317.880 s
SIEVE_DONE cands=1982 317.930 s
