Loading "split_lab.m"
Loading "../data/fib2_usets.m"
VERIFY E26: 3/3
FIB2 Sig=5 sg=[ 2, 3, 1 ] fibers=1264
JOIN fibers=3071
GENS2 u=2 rlo=2 cands=12 indep=2
FIBSURV Sig=5 t=19/3 u=2
SKIPISO t=19/3 u=2
GENS2 u=-1/3 rlo=2 cands=12 indep=2
FIBSURV Sig=5 t=4 u=-1/3
SKIPISO t=4 u=-1/3
GENS2 u=3/2 rlo=2 cands=12 indep=2
FIBSURV Sig=5 t=39/7 u=3/2
SKIPISO t=39/7 u=3/2
GENS2 u=4 rlo=2 cands=12 indep=2
FIBSURV Sig=5 t=17 u=4
SKIPISO t=17 u=4
GENS2 u=1/5 rlo=2 cands=12 indep=2
FIBSURV Sig=5 t=13/3 u=1/5
SKIPISO t=13/3 u=1/5
GENS2 u=-5 rlo=2 cands=12 indep=2
FIBSURV Sig=5 t=13/5 u=-5
SKIPISO t=13/5 u=-5
GENS2 u=-3/5 rlo=2 cands=12 indep=2
FIBSURV Sig=5 t=27/7 u=-3/5
SKIPISO t=27/7 u=-3/5
GENS2 u=6/5 rlo=2 cands=12 indep=2
FIBSURV Sig=5 t=99/19 u=6/5
SKIPISO t=99/19 u=6/5
GENS2 u=-6 rlo=2 cands=12 indep=2
FIBSURV Sig=5 t=27/11 u=-6
SKIPISO t=27/11 u=-6
GENS2 u=-8 rlo=2 cands=12 indep=2
FIBSURV Sig=5 t=29/13 u=-8
SKIPISO t=29/13 u=-8
GENS2 u=9/2 rlo=2 cands=12 indep=2
FIBSURV Sig=5 t=33 u=9/2
SKIPISO t=33 u=9/2
GENS2 u=-9 rlo=2 cands=12 indep=2
FIBSURV Sig=5 t=15/7 u=-9
SKIPISO t=15/7 u=-9
GENS2 u=-9/7 rlo=2 cands=12 indep=2
FIBSURV Sig=5 t=39/11 u=-9/7
SKIPISO t=39/11 u=-9/7
GENS2 u=-10/3 rlo=2 cands=12 indep=2
FIBSURV Sig=5 t=73/25 u=-10/3
SKIPISO t=73/25 u=-10/3
GENS2 u=11 rlo=2 cands=12 indep=2
FIBSURV Sig=5 t=-5/3 u=11
SKIPISO t=-5/3 u=11
GENS2 u=-11/3 rlo=2 cands=12 indep=2
FIBSURV Sig=5 t=37/13 u=-11/3
SKIPISO t=37/13 u=-11/3
GENS2 u=11/7 rlo=2 cands=12 indep=2
FIBSURV Sig=5 t=17/3 u=11/7
SKIPISO t=17/3 u=11/7
GENS2 u=-12 rlo=2 cands=12 indep=2
FIBSURV Sig=5 t=33/17 u=-12
SKIPISO t=33/17 u=-12
GENS2 u=12 rlo=2 cands=12 indep=2
FIBSURV Sig=5 t=-9/7 u=12
SKIPISO t=-9/7 u=12
GENS2 u=-13 rlo=2 cands=12 indep=2
FIBSURV Sig=5 t=17/9 u=-13
SKIPISO t=17/9 u=-13
GENS2 u=-13/7 rlo=2 cands=12 indep=2
FIBSURV Sig=5 t=10/3 u=-13/7
SKIPISO t=10/3 u=-13/7
GENS2 u=15 rlo=2 cands=12 indep=2
FIBSURV Sig=5 t=-3/5 u=15
SKIPISO t=-3/5 u=15
GENS2 u=-16 rlo=2 cands=12 indep=2
FIBSURV Sig=5 t=37/21 u=-16
SKIPISO t=37/21 u=-16
GENS2 u=16 rlo=2 cands=12 indep=2
FIBSURV Sig=5 t=-5/11 u=16
SKIPISO t=-5/11 u=16
GENS2 u=-16/5 rlo=2 cands=12 indep=2
FIBSURV Sig=5 t=121/41 u=-16/5
SKIPISO t=121/41 u=-16/5
GENS2 u=18 rlo=2 cands=12 indep=2
FIBSURV Sig=5 t=-3/13 u=18
SKIPISO t=-3/13 u=18
GENS2 u=19 rlo=2 cands=12 indep=2
FIBSURV Sig=5 t=-1/7 u=19
SKIPISO t=-1/7 u=19
GENS2 u=19/3 rlo=2 cands=12 indep=2
FIBSURV Sig=5 t=-11 u=19/3
SKIPISO t=-11 u=19/3
GENS2 u=-19/9 rlo=2 cands=12 indep=2
FIBSURV Sig=5 t=13/4 u=-19/9
SKIPISO t=13/4 u=-19/9
GENS2 u=15/19 rlo=2 cands=12 indep=2
FIBSURV Sig=5 t=24/5 u=15/19
SKIPISO t=24/5 u=15/19
GENS2 u=22 rlo=2 cands=12 indep=2
FIBSURV Sig=5 t=1/17 u=22
SKIPISO t=1/17 u=22
GENS2 u=-22 rlo=2 cands=12 indep=2
FIBSURV Sig=5 t=43/27 u=-22
SKIPISO t=43/27 u=-22
GENS2 u=-22/3 rlo=2 cands=12 indep=2
FIBSURV Sig=5 t=85/37 u=-22/3
SKIPISO t=85/37 u=-22/3
GENS2 u=-23 rlo=2 cands=12 indep=2
FIBSURV Sig=5 t=11/7 u=-23
SKIPISO t=11/7 u=-23
GENS2 u=-23/3 rlo=2 cands=12 indep=2
FIBSURV Sig=5 t=43/19 u=-23/3
SKIPISO t=43/19 u=-23/3
GENS2 u=15/23 rlo=2 cands=12 indep=2
FIBSURV Sig=5 t=117/25 u=15/23
SKIPISO t=117/25 u=15/23
GENS2 u=-25/3 rlo=3 cands=12 indep=3
FIBSURV Sig=5 t=11/5 u=-25/3
SKIPISO t=11/5 u=-25/3
GENS2 u=-25/2 rlo=2 cands=12 indep=2
FIBSURV Sig=5 t=67/35 u=-25/2
SKIPISO t=67/35 u=-25/2
GENS2 u=-26 rlo=2 cands=12 indep=2
FIBSURV Sig=5 t=47/31 u=-26
SKIPISO t=47/31 u=-26
GENS2 u=-27/5 rlo=2 cands=12 indep=2
FIBSURV Sig=5 t=33/13 u=-27/5
SKIPISO t=33/13 u=-27/5
GENS2 u=28/3 rlo=2 cands=12 indep=2
FIBSURV Sig=5 t=-35/13 u=28/3
SKIPISO t=-35/13 u=28/3
GENS2 u=28 rlo=2 cands=12 indep=2
FIBSURV Sig=5 t=7/23 u=28
SKIPISO t=7/23 u=28
GENS2 u=29 rlo=2 cands=12 indep=2
FIBSURV Sig=5 t=1/3 u=29
SKIPISO t=1/3 u=29
GENS2 u=-29/3 rlo=2 cands=12 indep=2
FIBSURV Sig=5 t=23/11 u=-29/3
SKIPISO t=23/11 u=-29/3
GENS2 u=29/3 rlo=2 cands=12 indep=2
FIBSURV Sig=5 t=-17/7 u=29/3
SKIPISO t=-17/7 u=29/3
GENS2 u=-31/5 rlo=2 cands=12 indep=2
FIBSURV Sig=5 t=17/7 u=-31/5
SKIPISO t=17/7 u=-31/5
GENS2 u=31/7 rlo=2 cands=12 indep=2
FIBSURV Sig=5 t=29 u=31/7
SKIPISO t=29 u=31/7
GENS2 u=33/17 rlo=3 cands=12 indep=3
FIBSURV Sig=5 t=81/13 u=33/17
SKIPISO t=81/13 u=33/17
GENS2 u=33/13 rlo=2 cands=12 indep=2
FIBSURV Sig=5 t=15/2 u=33/13
SKIPISO t=15/2 u=33/13
GENS2 u=33/5 rlo=2 cands=12 indep=2
FIBSURV Sig=5 t=-9 u=33/5
SKIPISO t=-9 u=33/5
GENS2 u=33/8 rlo=2 cands=12 indep=2
FIBSURV Sig=5 t=135/7 u=33/8
SKIPISO t=135/7 u=33/8
GENS2 u=-33/5 rlo=2 cands=12 indep=2
FIBSURV Sig=5 t=69/29 u=-33/5
SKIPISO t=69/29 u=-33/5
GENS2 u=-36/5 rlo=2 cands=12 indep=2
FIBSURV Sig=5 t=141/61 u=-36/5
SKIPISO t=141/61 u=-36/5
GENS2 u=37/2 rlo=2 cands=12 indep=2
FIBSURV Sig=5 t=-5/27 u=37/2
SKIPISO t=-5/27 u=37/2
GENS2 u=-37/3 rlo=3 cands=12 indep=3
FIBSURV Sig=5 t=25/13 u=-37/3
SKIPISO t=25/13 u=-37/3
GENS2 u=40 rlo=2 cands=12 indep=2
FIBSURV Sig=5 t=19/35 u=40
SKIPISO t=19/35 u=40
GENS2 u=40/3 rlo=2 cands=12 indep=2
FIBSURV Sig=5 t=-23/25 u=40/3
SKIPISO t=-23/25 u=40/3
GENS2 u=-11/41 rlo=4 cands=12 indep=4
FIBSURV Sig=5 t=109/27 u=-11/41
SKIPISO t=109/27 u=-11/41
GENS2 u=41/5 rlo=2 cands=12 indep=2
FIBSURV Sig=5 t=-4 u=41/5
SKIPISO t=-4 u=41/5
GENS2 u=41/3 rlo=2 cands=12 indep=2
FIBSURV Sig=5 t=-11/13 u=41/3
SKIPISO t=-11/13 u=41/3
GENS2 u=-43/13 rlo=2 cands=12 indep=2
FIBSURV Sig=5 t=79/27 u=-43/13
SKIPISO t=79/27 u=-43/13
GENS2 u=43/19 rlo=2 cands=12 indep=2
FIBSURV Sig=5 t=89/13 u=43/19
SKIPISO t=89/13 u=43/19
GENS2 u=43/3 rlo=3 cands=12 indep=3
FIBSURV Sig=5 t=-5/7 u=43/3
SKIPISO t=-5/7 u=43/3
GENS2 u=23/43 rlo=4 cands=12 indep=4
FIBSURV Sig=5 t=55/12 u=23/43
SKIPISO t=55/12 u=23/43
GENS2 u=45/13 rlo=2 cands=12 indep=2
FIBSURV Sig=5 t=57/5 u=45/13
SKIPISO t=57/5 u=45/13
GENS2 u=45/41 rlo=2 cands=12 indep=2
FIBSURV Sig=5 t=51/10 u=45/41
SKIPISO t=51/10 u=45/41
GENS2 u=46/5 rlo=2 cands=12 indep=2
FIBSURV Sig=5 t=-59/21 u=46/5
SKIPISO t=-59/21 u=46/5
GENS2 u=-47/17 rlo=2 cands=12 indep=2
FIBSURV Sig=5 t=101/33 u=-47/17
SKIPISO t=101/33 u=-47/17
GENS2 u=47/19 rlo=3 cands=12 indep=3
FIBSURV Sig=5 t=22/3 u=47/19
SKIPISO t=22/3 u=47/19
GENS2 u=45/49 rlo=2 cands=12 indep=2
FIBSURV Sig=5 t=123/25 u=45/49
SKIPISO t=123/25 u=45/49
GENS2 u=51/7 rlo=2 cands=12 indep=2
FIBSURV Sig=5 t=-6 u=51/7
SKIPISO t=-6 u=51/7
GENS2 u=51/23 rlo=3 cands=12 indep=3
FIBSURV Sig=5 t=27/4 u=51/23
SKIPISO t=27/4 u=51/23
GENS2 u=-51 rlo=3 cands=12 indep=3
FIBSURV Sig=5 t=9/7 u=-51
SKIPISO t=9/7 u=-51
GENS2 u=53 rlo=3 cands=12 indep=3
FIBSURV Sig=5 t=2/3 u=53
SKIPISO t=2/3 u=53
GENS2 u=-53/5 rlo=2 cands=12 indep=2
FIBSURV Sig=5 t=79/39 u=-53/5
SKIPISO t=79/39 u=-53/5
GENS2 u=-53/23 rlo=4 cands=12 indep=4
FIBSURV Sig=5 t=67/21 u=-53/23
SKIPISO t=67/21 u=-53/23
GENS2 u=55/6 rlo=2 cands=12 indep=2
FIBSURV Sig=5 t=-71/25 u=55/6
SKIPISO t=-71/25 u=55/6
GENS2 u=-55/2 rlo=2 cands=12 indep=2
FIBSURV Sig=5 t=97/65 u=-55/2
SKIPISO t=97/65 u=-55/2
GENS2 u=55/3 rlo=3 cands=12 indep=3
FIBSURV Sig=5 t=-1/5 u=55/3
SKIPISO t=-1/5 u=55/3
GENS2 u=-55/17 rlo=3 cands=12 indep=3
FIBSURV Sig=5 t=103/35 u=-55/17
SKIPISO t=103/35 u=-55/17
GENS2 u=29/57 rlo=2 cands=12 indep=2
FIBSURV Sig=5 t=73/16 u=29/57
SKIPISO t=73/16 u=29/57
GENS2 u=57/53 rlo=3 cands=12 indep=3
FIBSURV Sig=5 t=66/13 u=57/53
SKIPISO t=66/13 u=57/53
GENS2 u=57/5 rlo=2 cands=12 indep=2
FIBSURV Sig=5 t=-3/2 u=57/5
SKIPISO t=-3/2 u=57/5
GENS2 u=-59/3 rlo=2 cands=12 indep=2
FIBSURV Sig=5 t=61/37 u=-59/3
SKIPISO t=61/37 u=-59/3
GENS2 u=-59/5 rlo=3 cands=12 indep=3
FIBSURV Sig=5 t=41/21 u=-59/5
SKIPISO t=41/21 u=-59/5
GENS2 u=-61/15 rlo=3 cands=12 indep=3
FIBSURV Sig=5 t=47/17 u=-61/15
SKIPISO t=47/17 u=-61/15
GENS2 u=63/5 rlo=2 cands=12 indep=2
FIBSURV Sig=5 t=-21/19 u=63/5
SKIPISO t=-21/19 u=63/5
GENS2 u=-63/2 rlo=2 cands=12 indep=2
FIBSURV Sig=5 t=105/73 u=-63/2
SKIPISO t=105/73 u=-63/2
GENS2 u=66/5 rlo=2 cands=12 indep=2
FIBSURV Sig=5 t=-39/41 u=66/5
SKIPISO t=-39/41 u=66/5
GENS2 u=67/2 rlo=2 cands=12 indep=2
FIBSURV Sig=5 t=25/57 u=67/2
SKIPISO t=25/57 u=67/2
GENS2 u=69/17 rlo=3 cands=12 indep=3
FIBSURV Sig=5 t=18 u=69/17
SKIPISO t=18 u=69/17
GENS2 u=-71/3 rlo=2 cands=12 indep=2
FIBSURV Sig=5 t=67/43 u=-71/3
SKIPISO t=67/43 u=-71/3
GENS2 u=71/19 rlo=2 cands=12 indep=2
FIBSURV Sig=5 t=41/3 u=71/19
SKIPISO t=41/3 u=71/19
GENS2 u=-71/7 rlo=2 cands=12 indep=2
FIBSURV Sig=5 t=109/53 u=-71/7
SKIPISO t=109/53 u=-71/7
GENS2 u=73/9 rlo=2 cands=12 indep=2
FIBSURV Sig=5 t=-29/7 u=73/9
SKIPISO t=-29/7 u=73/9
GENS2 u=75/2 rlo=2 cands=12 indep=2
FIBSURV Sig=5 t=33/65 u=75/2
SKIPISO t=33/65 u=75/2
GENS2 u=77/3 rlo=2 cands=12 indep=2
FIBSURV Sig=5 t=7/31 u=77/3
SKIPISO t=7/31 u=77/3
GENS2 u=-79/5 rlo=3 cands=12 indep=3
FIBSURV Sig=5 t=23/13 u=-79/5
SKIPISO t=23/13 u=-79/5
GENS2 u=-83/25 rlo=3 cands=12 indep=3
FIBSURV Sig=5 t=38/13 u=-83/25
SKIPISO t=38/13 u=-83/25
GENS2 u=83/5 rlo=2 cands=12 indep=2
FIBSURV Sig=5 t=-11/29 u=83/5
SKIPISO t=-11/29 u=83/5
GENS2 u=-85/19 rlo=3 cands=12 indep=3
FIBSURV Sig=5 t=121/45 u=-85/19
SKIPISO t=121/45 u=-85/19
GENS2 u=87/23 rlo=3 cands=12 indep=3
FIBSURV Sig=5 t=99/7 u=87/23
SKIPISO t=99/7 u=87/23
GENS2 u=89/5 rlo=3 cands=12 indep=3
FIBSURV Sig=5 t=-1/4 u=89/5
SKIPISO t=-1/4 u=89/5
GENS2 u=89/3 rlo=2 cands=12 indep=2
FIBSURV Sig=5 t=13/37 u=89/3
SKIPISO t=13/37 u=89/3
GENS2 u=-93/7 rlo=2 cands=12 indep=2
FIBSURV Sig=5 t=15/8 u=-93/7
SKIPISO t=15/8 u=-93/7
GENS2 u=-95 rlo=2 cands=12 indep=2
FIBSURV Sig=5 t=29/25 u=-95
SKIPISO t=29/25 u=-95
GENS2 u=97/13 rlo=3 cands=12 indep=3
FIBSURV Sig=5 t=-11/2 u=97/13
SKIPISO t=-11/2 u=97/13
GENS2 u=-99/5 rlo=3 cands=12 indep=3
FIBSURV Sig=5 t=51/31 u=-99/5
SKIPISO t=51/31 u=-99/5
GENS2 u=-99/7 rlo=2 cands=12 indep=2
FIBSURV Sig=5 t=123/67 u=-99/7
SKIPISO t=123/67 u=-99/7
GENS2 u=-99/41 rlo=4 cands=12 indep=4
FIBSURV Sig=5 t=60/19 u=-99/41
SKIPISO t=60/19 u=-99/41
GENS2 u=99/71 rlo=3 cands=12 indep=3
FIBSURV Sig=5 t=87/16 u=99/71
SKIPISO t=87/16 u=99/71
GENS2 u=-99/25 rlo=2 cands=12 indep=2
FIBSURV Sig=5 t=39/14 u=-99/25
SKIPISO t=39/14 u=-99/25
GENS2 u=99/92 rlo=2 cands=12 indep=2
FIBSURV Sig=5 t=1833/361 u=99/92
SKIPISO t=1833/361 u=99/92
GENS2 u=99/19 rlo=2 cands=12 indep=2
FIBSURV Sig=5 t=-75 u=99/19
SKIPISO t=-75 u=99/19
GENS2 u=101 rlo=2 cands=12 indep=2
FIBSURV Sig=5 t=5/6 u=101
SKIPISO t=5/6 u=101
GENS2 u=-103/5 rlo=3 cands=12 indep=3
FIBSURV Sig=5 t=13/8 u=-103/5
SKIPISO t=13/8 u=-103/5
GENS2 u=106/79 rlo=2 cands=12 indep=2
GENS2 u=107/31 rlo=3 cands=12 indep=3
FIBSURV Sig=5 t=34/3 u=107/31
SKIPISO t=34/3 u=107/31
GENS2 u=109/5 rlo=3 cands=12 indep=3
FIBSURV Sig=5 t=1/21 u=109/5
SKIPISO t=1/21 u=109/5
GENS2 u=113/7 rlo=2 cands=12 indep=2
FIBSURV Sig=5 t=-17/39 u=113/7
SKIPISO t=-17/39 u=113/7
GENS2 u=113/61 rlo=3 cands=12 indep=3
FIBSURV Sig=5 t=73/12 u=113/61
SKIPISO t=73/12 u=113/61
GENS2 u=-115/41 rlo=2 cands=12 indep=2
FIBSURV Sig=5 t=61/20 u=-115/41
SKIPISO t=61/20 u=-115/41
GENS2 u=-121/15 rlo=3 cands=12 indep=3
FIBSURV Sig=5 t=109/49 u=-121/15
SKIPISO t=109/49 u=-121/15
GENS2 u=121/13 rlo=2 cands=12 indep=2
FIBSURV Sig=5 t=-19/7 u=121/13
SKIPISO t=-19/7 u=121/13
GENS2 u=-121/7 rlo=2 cands=12 indep=2
FIBSURV Sig=5 t=67/39 u=-121/7
SKIPISO t=67/39 u=-121/7
GENS2 u=-121/35 rlo=3 cands=12 indep=3
FIBSURV Sig=5 t=107/37 u=-121/35
SKIPISO t=107/37 u=-121/35
GENS2 u=123/23 rlo=2 cands=12 indep=2
FIBSURV Sig=5 t=-45 u=123/23
SKIPISO t=-45 u=123/23
GENS2 u=-124 rlo=2 cands=12 indep=2
FIBSURV Sig=5 t=145/129 u=-124
SKIPISO t=145/129 u=-124
GENS2 u=-127/21 rlo=3 cands=12 indep=3
FIBSURV Sig=5 t=71/29 u=-127/21
SKIPISO t=71/29 u=-127/21
GENS2 u=127/3 rlo=3 cands=12 indep=3
FIBSURV Sig=5 t=4/7 u=127/3
SKIPISO t=4/7 u=127/3
GENS2 u=-129/71 rlo=2 cands=12 indep=2
FIBSURV Sig=5 t=405/121 u=-129/71
SKIPISO t=405/121 u=-129/71
GENS2 u=129/5 rlo=3 cands=12 indep=3
FIBSURV Sig=5 t=3/13 u=129/5
SKIPISO t=3/13 u=129/5
GENS2 u=130 rlo=2 cands=12 indep=2
FIBSURV Sig=5 t=109/125 u=130
SKIPISO t=109/125 u=130
GENS2 u=131/23 rlo=2 cands=12 indep=2
FIBSURV Sig=5 t=-22 u=131/23
SKIPISO t=-22 u=131/23
GENS2 u=133/12 rlo=2 cands=12 indep=2
FIBSURV Sig=5 t=-119/73 u=133/12
SKIPISO t=-119/73 u=133/12
GENS2 u=133/5 rlo=3 cands=12 indep=3
FIBSURV Sig=5 t=7/27 u=133/5
SKIPISO t=7/27 u=133/5
GENS2 u=135/7 rlo=2 cands=12 indep=2
FIBSURV Sig=5 t=-3/25 u=135/7
SKIPISO t=-3/25 u=135/7
GENS2 u=137/13 rlo=2 cands=12 indep=2
FIBSURV Sig=5 t=-17/9 u=137/13
SKIPISO t=-17/9 u=137/13
GENS2 u=141/7 rlo=2 cands=12 indep=2
FIBSURV Sig=5 t=-3/53 u=141/7
SKIPISO t=-3/53 u=141/7
GENS2 u=149/17 rlo=2 cands=12 indep=2
FIBSURV Sig=5 t=-13/4 u=149/17
SKIPISO t=-13/4 u=149/17
GENS2 u=4/3 rlo=2 cands=11 indep=2
FIBSURV Sig=5 t=59/11 u=4/3
SKIPISO t=59/11 u=4/3
GENS2 u=-4/3 rlo=3 cands=12 indep=3
FIBSURV Sig=5 t=67/19 u=-4/3
SKIPISO t=67/19 u=-4/3
GENS2 u=5/4 rlo=2 cands=12 indep=2
FIBSURV Sig=5 t=79/15 u=5/4
SKIPISO t=79/15 u=5/4
GENS2 u=5/3 rlo=2 cands=12 indep=2
FIBSURV Sig=5 t=29/5 u=5/3
SKIPISO t=29/5 u=5/3
GENS2 u=-4/5 rlo=2 cands=11 indep=2
FIBSURV Sig=5 t=109/29 u=-4/5
SKIPISO t=109/29 u=-4/5
GENS2 u=5/2 rlo=2 cands=12 indep=2
FIBSURV Sig=5 t=37/5 u=5/2
SKIPISO t=37/5 u=5/2
GENS2 u=-1/6 rlo=3 cands=12 indep=3
FIBSURV Sig=5 t=127/31 u=-1/6
SKIPISO t=127/31 u=-1/6
GENS2 u=-5/6 rlo=3 cands=12 indep=3
FIBSURV Sig=5 t=131/35 u=-5/6
SKIPISO t=131/35 u=-5/6
GENS2 u=-2/7 rlo=3 cands=12 indep=3
FIBSURV Sig=5 t=149/37 u=-2/7
SKIPISO t=149/37 u=-2/7
GENSHORT u=-7/6 rlo=3 indep=2 cands=12
GENS2 u=-7/6 rlo=3 cands=12 indep=2
FIBSURV Sig=5 t=133/37 u=-7/6
SKIPISO t=133/37 u=-7/6
GENS2 u=7/2 rlo=2 cands=12 indep=2
FIBSURV Sig=5 t=35/3 u=7/2
SKIPISO t=35/3 u=7/2
GENS2 u=-5/7 rlo=2 cands=12 indep=2
FIBSURV Sig=5 t=19/5 u=-5/7
SKIPISO t=19/5 u=-5/7
GENS2 u=7/4 rlo=2 cands=12 indep=2
FIBSURV Sig=5 t=77/13 u=7/4
SKIPISO t=77/13 u=7/4
GENS2 u=7/6 rlo=2 cands=10 indep=2
FIBSURV Sig=5 t=119/23 u=7/6
SKIPISO t=119/23 u=7/6
GENS2 u=8/7 rlo=2 cands=12 indep=2
FIBSURV Sig=5 t=139/27 u=8/7
SKIPISO t=139/27 u=8/7
GENS2 u=8/5 rlo=2 cands=4 indep=2
FIBSURV Sig=5 t=97/17 u=8/5
SKIPISO t=97/17 u=8/5
GENS2 u=8/3 rlo=2 cands=12 indep=2
FIBSURV Sig=5 t=55/7 u=8/3
SKIPISO t=55/7 u=8/3
GENS2 u=9/4 rlo=2 cands=12 indep=2
FIBSURV Sig=5 t=75/11 u=9/4
SKIPISO t=75/11 u=9/4
GENS2 u=-7/9 rlo=2 cands=11 indep=2
FIBSURV Sig=5 t=49/13 u=-7/9
SKIPISO t=49/13 u=-7/9
GENS2 u=-5/9 rlo=3 cands=12 indep=3
FIBSURV Sig=5 t=97/25 u=-5/9
SKIPISO t=97/25 u=-5/9
GENS2 u=1/9 rlo=2 cands=12 indep=2
FIBSURV Sig=5 t=47/11 u=1/9
SKIPISO t=47/11 u=1/9
GENS2 u=10/3 rlo=2 cands=12 indep=2
FIBSURV Sig=5 t=53/5 u=10/3
SKIPISO t=53/5 u=10/3
GENS2 u=10/7 rlo=2 cands=11 indep=2
FIBSURV Sig=5 t=137/25 u=10/7
SKIPISO t=137/25 u=10/7
GENS2 u=-10 rlo=2 cands=12 indep=2
FIBSURV Sig=5 t=31/15 u=-10
SKIPISO t=31/15 u=-10
GENS2 u=-5/11 rlo=2 cands=12 indep=2
FIBSURV Sig=5 t=59/15 u=-5/11
SKIPISO t=59/15 u=-5/11
GENS2 u=-11/7 rlo=2 cands=9 indep=2
FIBSURV Sig=5 t=79/23 u=-11/7
SKIPISO t=79/23 u=-11/7
GENS2 u=-11/5 rlo=2 cands=12 indep=2
FIBSURV Sig=5 t=29/9 u=-11/5
SKIPISO t=29/9 u=-11/5
GENSHORT u=11/6 rlo=2 indep=1 cands=3
GENS2 u=11/6 rlo=2 cands=3 indep=1
FIBSURV Sig=5 t=115/19 u=11/6
SKIPISO t=115/19 u=11/6
GENS2 u=11/5 rlo=2 cands=12 indep=2
FIBSURV Sig=5 t=47/7 u=11/5
SKIPISO t=47/7 u=11/5
GENS2 u=7/11 rlo=2 cands=11 indep=2
FIBSURV Sig=5 t=14/3 u=7/11
SKIPISO t=14/3 u=7/11
GENS2 u=11/9 rlo=2 cands=12 indep=2
FIBSURV Sig=5 t=89/17 u=11/9
SKIPISO t=89/17 u=11/9
GENS2 u=-11/2 rlo=2 cands=12 indep=2
FIBSURV Sig=5 t=53/21 u=-11/2
SKIPISO t=53/21 u=-11/2
GENS2 u=-11/9 rlo=2 cands=11 indep=2
FIBSURV Sig=5 t=25/7 u=-11/9
SKIPISO t=25/7 u=-11/9
GENS2 u=12/7 rlo=2 cands=11 indep=2
FIBSURV Sig=5 t=135/23 u=12/7
SKIPISO t=135/23 u=12/7
GENS2 u=-3/13 rlo=2 cands=12 indep=2
FIBSURV Sig=5 t=69/17 u=-3/13
SKIPISO t=69/17 u=-3/13
GENS2 u=-7/13 rlo=2 cands=12 indep=2
FIBSURV Sig=5 t=35/9 u=-7/13
SKIPISO t=35/9 u=-7/13
GENS2 u=-13/11 rlo=2 cands=11 indep=2
FIBSURV Sig=5 t=61/17 u=-13/11
SKIPISO t=61/17 u=-13/11
GENSHORT u=-5/13 rlo=2 indep=1 cands=2
GENS2 u=-5/13 rlo=2 cands=2 indep=1
FIBSURV Sig=5 t=139/35 u=-5/13
SKIPISO t=139/35 u=-5/13
GENS2 u=5/13 rlo=2 cands=12 indep=2
FIBSURV Sig=5 t=67/15 u=5/13
SKIPISO t=67/15 u=5/13
GENS2 u=-13/2 rlo=2 cands=12 indep=2
FIBSURV Sig=5 t=55/23 u=-13/2
SKIPISO t=55/23 u=-13/2
GENS2 u=1/13 rlo=2 cands=11 indep=2
FIBSURV Sig=5 t=17/4 u=1/13
SKIPISO t=17/4 u=1/13
GENS2 u=13/11 rlo=2 cands=12 indep=2
FIBSURV Sig=5 t=109/21 u=13/11
SKIPISO t=109/21 u=13/11
GENS2 u=-13/4 rlo=2 cands=12 indep=2
FIBSURV Sig=5 t=97/33 u=-13/4
SKIPISO t=97/33 u=-13/4
GENS2 u=13/3 rlo=2 cands=12 indep=2
FIBSURV Sig=5 t=25 u=13/3
SKIPISO t=25 u=13/3
GENS2 u=-1/13 rlo=3 cands=12 indep=3
FIBSURV Sig=5 t=137/33 u=-1/13
SKIPISO t=137/33 u=-1/13
GENS2 u=13/6 rlo=2 cands=7 indep=2
FIBSURV Sig=5 t=113/17 u=13/6
SKIPISO t=113/17 u=13/6
GENS2 u=9/13 rlo=2 cands=12 indep=2
FIBSURV Sig=5 t=33/7 u=9/13
SKIPISO t=33/7 u=9/13
GENS2 u=3/13 rlo=3 cands=12 indep=3
FIBSURV Sig=5 t=135/31 u=3/13
SKIPISO t=135/31 u=3/13
GENS2 u=13/7 rlo=2 cands=12 indep=2
FIBSURV Sig=5 t=67/11 u=13/7
SKIPISO t=67/11 u=13/7
GENS2 u=-14 rlo=2 cands=9 indep=2
FIBSURV Sig=5 t=35/19 u=-14
SKIPISO t=35/19 u=-14
GENS2 u=14/5 rlo=2 cands=9 indep=2
FIBSURV Sig=5 t=91/11 u=14/5
SKIPISO t=91/11 u=14/5
GENS2 u=14/3 rlo=2 cands=11 indep=2
FIBSURV Sig=5 t=49 u=14/3
SKIPISO t=49 u=14/3
GENS2 u=14 rlo=2 cands=12 indep=2
FIBSURV Sig=5 t=-7/9 u=14
SKIPISO t=-7/9 u=14
GENS2 u=-14/3 rlo=2 cands=9 indep=2
FIBSURV Sig=5 t=77/29 u=-14/3
SKIPISO t=77/29 u=-14/3
GENS2 u=7/15 rlo=3 cands=12 indep=3
FIBSURV Sig=5 t=77/17 u=7/15
SKIPISO t=77/17 u=7/15
GENS2 u=-1/15 rlo=2 cands=10 indep=2
FIBSURV Sig=5 t=79/19 u=-1/15
SKIPISO t=79/19 u=-1/15
GENS2 u=15/8 rlo=2 cands=12 indep=2
FIBSURV Sig=5 t=153/25 u=15/8
SKIPISO t=153/25 u=15/8
GENS2 u=-15/4 rlo=2 cands=12 indep=2
FIBSURV Sig=5 t=99/35 u=-15/4
SKIPISO t=99/35 u=-15/4
GENS2 u=11/15 rlo=2 cands=12 indep=2
FIBSURV Sig=5 t=19/4 u=11/15
SKIPISO t=19/4 u=11/15
GENS2 u=-15/2 rlo=2 cands=12 indep=2
FIBSURV Sig=5 t=57/25 u=-15/2
SKIPISO t=57/25 u=-15/2
GENS2 u=15/4 rlo=2 cands=12 indep=2
FIBSURV Sig=5 t=69/5 u=15/4
SKIPISO t=69/5 u=15/4
GENS2 u=-13/15 rlo=3 cands=12 indep=3
FIBSURV Sig=5 t=41/11 u=-13/15
SKIPISO t=41/11 u=-13/15
GENS2 u=-15/13 rlo=2 cands=12 indep=2
FIBSURV Sig=5 t=18/5 u=-15/13
SKIPISO t=18/5 u=-15/13
GENS2 u=-16/3 rlo=2 cands=12 indep=2
FIBSURV Sig=5 t=79/31 u=-16/3
SKIPISO t=79/31 u=-16/3
GENS2 u=16/5 rlo=2 cands=9 indep=2
FIBSURV Sig=5 t=89/9 u=16/5
SKIPISO t=89/9 u=16/5
GENS2 u=-17/3 rlo=2 cands=12 indep=2
FIBSURV Sig=5 t=5/2 u=-17/3
SKIPISO t=5/2 u=-17/3
GENS2 u=17/15 rlo=2 cands=8 indep=2
FIBSURV Sig=5 t=149/29 u=17/15
SKIPISO t=149/29 u=17/15
GENS2 u=-17/6 rlo=3 cands=12 indep=3
FIBSURV Sig=5 t=143/47 u=-17/6
SKIPISO t=143/47 u=-17/6
GENS2 u=-3/17 rlo=2 cands=11 indep=2
FIBSURV Sig=5 t=45/11 u=-3/17
SKIPISO t=45/11 u=-3/17
GENS2 u=9/17 rlo=2 cands=12 indep=2
FIBSURV Sig=5 t=87/19 u=9/17
SKIPISO t=87/19 u=9/17
GENS2 u=5/17 rlo=2 cands=12 indep=2
FIBSURV Sig=5 t=22/5 u=5/17
SKIPISO t=22/5 u=5/17
GENS2 u=1/17 rlo=2 cands=12 indep=2
FIBSURV Sig=5 t=89/21 u=1/17
SKIPISO t=89/21 u=1/17
GENS2 u=-17/4 rlo=2 cands=8 indep=2
FIBSURV Sig=5 t=101/37 u=-17/4
SKIPISO t=101/37 u=-17/4
GENS2 u=17/11 rlo=2 cands=12 indep=2
FIBSURV Sig=5 t=107/19 u=17/11
SKIPISO t=107/19 u=17/11
GENS2 u=17/4 rlo=2 cands=12 indep=2
FIBSURV Sig=5 t=67/3 u=17/4
SKIPISO t=67/3 u=17/4
GENS2 u=-7/17 rlo=2 cands=9 indep=2
FIBSURV Sig=5 t=91/23 u=-7/17
SKIPISO t=91/23 u=-7/17
GENS2 u=-17/15 rlo=2 cands=12 indep=2
FIBSURV Sig=5 t=83/23 u=-17/15
SKIPISO t=83/23 u=-17/15
GENS2 u=17/7 rlo=2 cands=12 indep=2
FIBSURV Sig=5 t=65/9 u=17/7
SKIPISO t=65/9 u=17/7
GENS2 u=-17/5 rlo=2 cands=12 indep=2
FIBSURV Sig=5 t=61/21 u=-17/5
SKIPISO t=61/21 u=-17/5
GENS2 u=17/6 rlo=2 cands=12 indep=2
FIBSURV Sig=5 t=109/13 u=17/6
SKIPISO t=109/13 u=17/6
GENS2 u=-17/7 rlo=2 cands=12 indep=2
FIBSURV Sig=5 t=41/13 u=-17/7
SKIPISO t=41/13 u=-17/7
GENS2 u=-17/2 rlo=2 cands=12 indep=2
FIBSURV Sig=5 t=59/27 u=-17/2
SKIPISO t=59/27 u=-17/2
GENS2 u=-17/13 rlo=3 cands=12 indep=3
FIBSURV Sig=5 t=145/41 u=-17/13
SKIPISO t=145/41 u=-17/13
GENS2 u=-18 rlo=2 cands=12 indep=2
FIBSURV Sig=5 t=39/23 u=-18
SKIPISO t=39/23 u=-18
GENS2 u=18/7 rlo=2 cands=12 indep=2
FIBSURV Sig=5 t=129/17 u=18/7
SKIPISO t=129/17 u=18/7
GENS2 u=-18/5 rlo=2 cands=12 indep=2
FIBSURV Sig=5 t=123/43 u=-18/5
SKIPISO t=123/43 u=-18/5
GENS2 u=19/9 rlo=2 cands=9 indep=2
FIBSURV Sig=5 t=85/13 u=19/9
SKIPISO t=85/13 u=19/9
GENS2 u=-9/19 rlo=2 cands=12 indep=2
FIBSURV Sig=5 t=51/13 u=-9/19
SKIPISO t=51/13 u=-9/19
GENS2 u=-19/13 rlo=3 cands=12 indep=3
FIBSURV Sig=5 t=73/21 u=-19/13
SKIPISO t=73/21 u=-19/13
GENS2 u=19/4 rlo=2 cands=12 indep=2
FIBSURV Sig=5 t=65 u=19/4
SKIPISO t=65 u=19/4
GENS2 u=-19/6 rlo=2 cands=12 indep=2
FIBSURV Sig=5 t=145/49 u=-19/6
SKIPISO t=145/49 u=-19/6
GENS2 u=7/19 rlo=2 cands=9 indep=2
FIBSURV Sig=5 t=49/11 u=7/19
SKIPISO t=49/11 u=7/19
GENS2 u=11/19 rlo=3 cands=12 indep=3
FIBSURV Sig=5 t=97/21 u=11/19
SKIPISO t=97/21 u=11/19
GENS2 u=19/8 rlo=2 cands=11 indep=2
FIBSURV Sig=5 t=149/21 u=19/8
SKIPISO t=149/21 u=19/8
GENS2 u=19/6 rlo=2 cands=12 indep=2
FIBSURV Sig=5 t=107/11 u=19/6
SKIPISO t=107/11 u=19/6
GENS2 u=19/5 rlo=2 cands=12 indep=2
FIBSURV Sig=5 t=43/3 u=19/5
SKIPISO t=43/3 u=19/5
GENS2 u=-19/3 rlo=2 cands=11 indep=2
FIBSURV Sig=5 t=41/17 u=-19/3
SKIPISO t=41/17 u=-19/3
GENS2 u=19/13 rlo=2 cands=11 indep=2
FIBSURV Sig=5 t=127/23 u=19/13
SKIPISO t=127/23 u=19/13
GENS2 u=3/19 rlo=2 cands=11 indep=2
FIBSURV Sig=5 t=99/23 u=3/19
SKIPISO t=99/23 u=3/19
GENS2 u=-17/19 rlo=2 cands=9 indep=2
FIBSURV Sig=5 t=26/7 u=-17/19
SKIPISO t=26/7 u=-17/19
GENS2 u=-19/2 rlo=2 cands=12 indep=2
FIBSURV Sig=5 t=61/29 u=-19/2
SKIPISO t=61/29 u=-19/2
GENS2 u=-5/19 rlo=2 cands=12 indep=2
FIBSURV Sig=5 t=101/25 u=-5/19
SKIPISO t=101/25 u=-5/19
GENS2 u=-19/17 rlo=2 cands=12 indep=2
FIBSURV Sig=5 t=47/13 u=-19/17
SKIPISO t=47/13 u=-19/17
GENS2 u=-19/4 rlo=2 cands=11 indep=2
FIBSURV Sig=5 t=103/39 u=-19/4
SKIPISO t=103/39 u=-19/4
GENS2 u=-1/19 rlo=2 cands=12 indep=2
FIBSURV Sig=5 t=25/6 u=-1/19
SKIPISO t=25/6 u=-1/19
GENS2 u=-20 rlo=2 cands=11 indep=2
FIBSURV Sig=5 t=41/25 u=-20
SKIPISO t=41/25 u=-20
GENS2 u=20/7 rlo=2 cands=7 indep=2
FIBSURV Sig=5 t=127/15 u=20/7
SKIPISO t=127/15 u=20/7
GENS2 u=20 rlo=2 cands=9 indep=2
FIBSURV Sig=5 t=-1/15 u=20
SKIPISO t=-1/15 u=20
GENS2 u=-20/3 rlo=2 cands=8 indep=2
FIBSURV Sig=5 t=83/35 u=-20/3
SKIPISO t=83/35 u=-20/3
GENS2 u=21/8 rlo=2 cands=10 indep=2
FIBSURV Sig=5 t=147/19 u=21/8
SKIPISO t=147/19 u=21/8
GENS2 u=1/21 rlo=2 cands=9 indep=2
FIBSURV Sig=5 t=55/13 u=1/21
SKIPISO t=55/13 u=1/21
GENS2 u=21/11 rlo=2 cands=12 indep=2
FIBSURV Sig=5 t=105/17 u=21/11
SKIPISO t=105/17 u=21/11
GENS2 u=-21 rlo=2 cands=12 indep=2
FIBSURV Sig=5 t=21/13 u=-21
SKIPISO t=21/13 u=-21
GENS2 u=-19/21 rlo=2 cands=9 indep=2
FIBSURV Sig=5 t=115/31 u=-19/21
SKIPISO t=115/31 u=-19/21
GENS2 u=21/13 rlo=2 cands=12 indep=2
FIBSURV Sig=5 t=63/11 u=21/13
SKIPISO t=63/11 u=21/13
GENS2 u=-21/2 rlo=2 cands=9 indep=2
FIBSURV Sig=5 t=63/31 u=-21/2
SKIPISO t=63/31 u=-21/2
GENS2 u=13/21 rlo=2 cands=9 indep=2
FIBSURV Sig=5 t=107/23 u=13/21
SKIPISO t=107/23 u=13/21
GENS2 u=17/21 rlo=2 cands=9 indep=2
FIBSURV Sig=5 t=53/11 u=17/21
SKIPISO t=53/11 u=17/21
GENS2 u=-21/4 rlo=2 cands=12 indep=2
FIBSURV Sig=5 t=105/41 u=-21/4
SKIPISO t=105/41 u=-21/4
GENS2 u=5/21 rlo=2 cands=9 indep=2
FIBSURV Sig=5 t=109/25 u=5/21
SKIPISO t=109/25 u=5/21
GENS2 u=-21/19 rlo=2 cands=11 indep=2
FIBSURV Sig=5 t=105/29 u=-21/19
SKIPISO t=105/29 u=-21/19
GENS2 u=-21/5 rlo=2 cands=11 indep=2
FIBSURV Sig=5 t=63/23 u=-21/5
SKIPISO t=63/23 u=-21/5
GENS2 u=-22/5 rlo=2 cands=12 indep=2
FIBSURV Sig=5 t=127/47 u=-22/5
SKIPISO t=127/47 u=-22/5
GENS2 u=22/3 rlo=3 cands=12 indep=3
FIBSURV Sig=5 t=-41/7 u=22/3
SKIPISO t=-41/7 u=22/3
GENS2 u=22/5 rlo=2 cands=4 indep=2
FIBSURV Sig=5 t=83/3 u=22/5
SKIPISO t=83/3 u=22/5
GENS2 u=22/7 rlo=2 cands=6 indep=2
FIBSURV Sig=5 t=125/13 u=22/7
SKIPISO t=125/13 u=22/7
GENS2 u=-23/4 rlo=2 cands=8 indep=2
FIBSURV Sig=5 t=107/43 u=-23/4
SKIPISO t=107/43 u=-23/4
GENS2 u=-23/9 rlo=3 cands=12 indep=3
FIBSURV Sig=5 t=53/17 u=-23/9
SKIPISO t=53/17 u=-23/9
GENS2 u=23/8 rlo=2 cands=9 indep=2
FIBSURV Sig=5 t=145/17 u=23/8
SKIPISO t=145/17 u=23/8
GENS2 u=-9/23 rlo=2 cands=12 indep=2
FIBSURV Sig=5 t=123/31 u=-9/23
SKIPISO t=123/31 u=-9/23
GENS2 u=-13/23 rlo=2 cands=12 indep=2
FIBSURV Sig=5 t=31/8 u=-13/23
SKIPISO t=31/8 u=-13/23
GENS2 u=-23/17 rlo=2 cands=12 indep=2
FIBSURV Sig=5 t=95/27 u=-23/17
SKIPISO t=95/27 u=-23/17
GENS2 u=-23/7 rlo=2 cands=8 indep=2
FIBSURV Sig=5 t=85/29 u=-23/7
SKIPISO t=85/29 u=-23/7
GENS2 u=3/23 rlo=2 cands=11 indep=2
FIBSURV Sig=5 t=30/7 u=3/23
SKIPISO t=30/7 u=3/23
GENS2 u=23/11 rlo=2 cands=12 indep=2
FIBSURV Sig=5 t=13/2 u=23/11
SKIPISO t=13/2 u=23/11
GENS2 u=7/23 rlo=2 cands=12 indep=2
FIBSURV Sig=5 t=119/27 u=7/23
SKIPISO t=119/27 u=7/23
GENS2 u=23/9 rlo=2 cands=9 indep=2
FIBSURV Sig=5 t=83/11 u=23/9
SKIPISO t=83/11 u=23/9
GENS2 u=-23/21 rlo=2 cands=9 indep=2
FIBSURV Sig=5 t=29/8 u=-23/21
SKIPISO t=29/8 u=-23/21
GENS2 u=23/6 rlo=2 cands=7 indep=2
FIBSURV Sig=5 t=103/7 u=23/6
SKIPISO t=103/7 u=23/6
GENS2 u=23/13 rlo=2 cands=9 indep=2
FIBSURV Sig=5 t=125/21 u=23/13
SKIPISO t=125/21 u=23/13
GENS2 u=-1/23 rlo=2 cands=7 indep=2
FIBSURV Sig=5 t=121/29 u=-1/23
SKIPISO t=121/29 u=-1/23
GENS2 u=11/23 rlo=2 cands=12 indep=2
FIBSURV Sig=5 t=59/13 u=11/23
SKIPISO t=59/13 u=11/23
GENS2 u=-21/23 rlo=2 cands=10 indep=2
FIBSURV Sig=5 t=63/17 u=-21/23
SKIPISO t=63/17 u=-21/23
GENS2 u=23/2 rlo=2 cands=12 indep=2
FIBSURV Sig=5 t=-19/13 u=23/2
SKIPISO t=-19/13 u=23/2
GENS2 u=-23/13 rlo=2 cands=12 indep=2
FIBSURV Sig=5 t=37/11 u=-23/13
SKIPISO t=37/11 u=-23/13
GENS2 u=-23/2 rlo=2 cands=9 indep=2
FIBSURV Sig=5 t=65/33 u=-23/2
SKIPISO t=65/33 u=-23/2
GENS2 u=-5/23 rlo=2 cands=11 indep=2
FIBSURV Sig=5 t=61/15 u=-5/23
SKIPISO t=61/15 u=-5/23
GENS2 u=-23/6 rlo=2 cands=9 indep=2
FIBSURV Sig=5 t=149/53 u=-23/6
SKIPISO t=149/53 u=-23/6
GENS2 u=-24 rlo=2 cands=9 indep=2
FIBSURV Sig=5 t=45/29 u=-24
SKIPISO t=45/29 u=-24
GENS2 u=24/7 rlo=2 cands=12 indep=2
FIBSURV Sig=5 t=123/11 u=24/7
SKIPISO t=123/11 u=24/7
GENS2 u=-24/5 rlo=2 cands=11 indep=2
FIBSURV Sig=5 t=129/49 u=-24/5
SKIPISO t=129/49 u=-24/5
GENS2 u=24 rlo=2 cands=12 indep=2
FIBSURV Sig=5 t=3/19 u=24
SKIPISO t=3/19 u=24
GENS2 u=24/5 rlo=2 cands=12 indep=2
FIBSURV Sig=5 t=81 u=24/5
SKIPISO t=81 u=24/5
GENS2 u=-23/25 rlo=2 cands=12 indep=2
FIBSURV Sig=5 t=137/37 u=-23/25
SKIPISO t=137/37 u=-23/25
GENS2 u=-25/13 rlo=2 cands=8 indep=2
FIBSURV Sig=5 t=149/45 u=-25/13
SKIPISO t=149/45 u=-25/13
GENS2 u=-25/4 rlo=2 cands=9 indep=2
FIBSURV Sig=5 t=109/45 u=-25/4
SKIPISO t=109/45 u=-25/4
GENSHORT u=25/6 rlo=2 indep=1 cands=3
GENS2 u=25/6 rlo=2 cands=3 indep=1
FIBSURV Sig=5 t=101/5 u=25/6
SKIPISO t=101/5 u=25/6
GENS2 u=25/11 rlo=2 cands=4 indep=2
FIBSURV Sig=5 t=103/15 u=25/11
SKIPISO t=103/15 u=25/11
GENS2 u=25/8 rlo=2 cands=9 indep=2
FIBSURV Sig=5 t=143/15 u=25/8
SKIPISO t=143/15 u=25/8
GENS2 u=-11/25 rlo=2 cands=5 indep=2
FIBSURV Sig=5 t=67/17 u=-11/25
SKIPISO t=67/17 u=-11/25
GENS2 u=21/25 rlo=3 cands=12 indep=3
FIBSURV Sig=5 t=63/13 u=21/25
SKIPISO t=63/13 u=21/25
GENS2 u=-25 rlo=2 cands=12 indep=2
FIBSURV Sig=5 t=23/15 u=-25
SKIPISO t=23/15 u=-25
GENS2 u=17/25 rlo=2 cands=12 indep=2
FIBSURV Sig=5 t=127/27 u=17/25
SKIPISO t=127/27 u=17/25
GENS2 u=25/9 rlo=3 cands=12 indep=3
FIBSURV Sig=5 t=41/5 u=25/9
SKIPISO t=41/5 u=25/9
GENS2 u=25/7 rlo=2 cands=12 indep=2
FIBSURV Sig=5 t=61/5 u=25/7
SKIPISO t=61/5 u=25/7
GENS2 u=25/2 rlo=2 cands=12 indep=2
FIBSURV Sig=5 t=-17/15 u=25/2
SKIPISO t=-17/15 u=25/2
GENS2 u=-25/23 rlo=2 cands=9 indep=2
FIBSURV Sig=5 t=127/35 u=-25/23
SKIPISO t=127/35 u=-25/23
GENS2 u=13/25 rlo=2 cands=9 indep=2
FIBSURV Sig=5 t=32/7 u=13/25
SKIPISO t=32/7 u=13/25
GENS2 u=-26/3 rlo=2 cands=9 indep=2
FIBSURV Sig=5 t=89/41 u=-26/3
SKIPISO t=89/41 u=-26/3
GENS2 u=26 rlo=2 cands=11 indep=2
FIBSURV Sig=5 t=5/21 u=26
SKIPISO t=5/21 u=26
GENSHORT u=-26/5 rlo=2 indep=1 cands=2
GENS2 u=-26/5 rlo=2 cands=2 indep=1
FIBSURV Sig=5 t=131/51 u=-26/5
SKIPISO t=131/51 u=-26/5
GENS2 u=-1/27 rlo=2 cands=6 indep=2
FIBSURV Sig=5 t=71/17 u=-1/27
SKIPISO t=71/17 u=-1/27
GENS2 u=27/13 rlo=2 cands=12 indep=2
FIBSURV Sig=5 t=123/19 u=27/13
SKIPISO t=123/19 u=27/13
GENS2 u=27 rlo=2 cands=12 indep=2
FIBSURV Sig=5 t=3/11 u=27
SKIPISO t=3/11 u=27
GENS2 u=19/27 rlo=2 cands=12 indep=2
FIBSURV Sig=5 t=137/29 u=19/27
SKIPISO t=137/29 u=19/27
GENS2 u=27/8 rlo=2 cands=10 indep=2
FIBSURV Sig=5 t=141/13 u=27/8
SKIPISO t=141/13 u=27/8
GENS2 u=-13/27 rlo=2 cands=8 indep=2
FIBSURV Sig=5 t=145/37 u=-13/27
SKIPISO t=145/37 u=-13/27
GENS2 u=-27/25 rlo=2 cands=12 indep=2
FIBSURV Sig=5 t=69/19 u=-27/25
SKIPISO t=69/19 u=-27/25
GENS2 u=-27/2 rlo=2 cands=4 indep=2
FIBSURV Sig=5 t=69/37 u=-27/2
SKIPISO t=69/37 u=-27/2
GENS2 u=-27/17 rlo=2 cands=12 indep=2
FIBSURV Sig=5 t=24/7 u=-27/17
SKIPISO t=24/7 u=-27/17
GENS2 u=23/27 rlo=2 cands=12 indep=2
FIBSURV Sig=5 t=34/7 u=23/27
SKIPISO t=34/7 u=23/27
GENS2 u=-27/13 rlo=2 cands=11 indep=2
FIBSURV Sig=5 t=75/23 u=-27/13
SKIPISO t=75/23 u=-27/13
GENSHORT u=11/27 rlo=2 indep=1 cands=3
GENS2 u=11/27 rlo=2 cands=3 indep=1
FIBSURV Sig=5 t=139/31 u=11/27
SKIPISO t=139/31 u=11/27
GENS2 u=27/2 rlo=2 cands=12 indep=2
FIBSURV Sig=5 t=-15/17 u=27/2
SKIPISO t=-15/17 u=27/2
GENS2 u=-17/27 rlo=2 cands=9 indep=2
FIBSURV Sig=5 t=73/19 u=-17/27
SKIPISO t=73/19 u=-17/27
GENS2 u=-27/7 rlo=2 cands=12 indep=2
FIBSURV Sig=5 t=87/31 u=-27/7
SKIPISO t=87/31 u=-27/7
GENS2 u=-5/27 rlo=3 cands=12 indep=3
FIBSURV Sig=5 t=143/35 u=-5/27
SKIPISO t=143/35 u=-5/27
GENS2 u=-27/4 rlo=2 cands=9 indep=2
FIBSURV Sig=5 t=111/47 u=-27/4
SKIPISO t=111/47 u=-27/4
GENS2 u=-28 rlo=2 cands=6 indep=2
FIBSURV Sig=5 t=49/33 u=-28
SKIPISO t=49/33 u=-28
GENS2 u=-28/3 rlo=2 cands=5 indep=2
FIBSURV Sig=5 t=91/43 u=-28/3
SKIPISO t=91/43 u=-28/3
GENS2 u=-28/5 rlo=2 cands=4 indep=2
FIBSURV Sig=5 t=133/53 u=-28/5
SKIPISO t=133/53 u=-28/5
GENS2 u=-29/27 rlo=2 cands=6 indep=2
FIBSURV Sig=5 t=149/41 u=-29/27
SKIPISO t=149/41 u=-29/27
GENS2 u=-29/4 rlo=2 cands=12 indep=2
FIBSURV Sig=5 t=113/49 u=-29/4
SKIPISO t=113/49 u=-29/4
GENS2 u=-23/29 rlo=2 cands=11 indep=2
FIBSURV Sig=5 t=79/21 u=-23/29
SKIPISO t=79/21 u=-23/29
GENS2 u=-29/19 rlo=2 cands=12 indep=2
FIBSURV Sig=5 t=107/31 u=-29/19
SKIPISO t=107/31 u=-29/19
GENSHORT u=-7/29 rlo=3 indep=2 cands=12
GENS2 u=-7/29 rlo=3 cands=12 indep=2
FIBSURV Sig=5 t=77/19 u=-7/29
SKIPISO t=77/19 u=-7/29
GENS2 u=29/21 rlo=2 cands=12 indep=2
FIBSURV Sig=5 t=103/19 u=29/21
SKIPISO t=103/19 u=29/21
GENS2 u=29/2 rlo=2 cands=12 indep=2
FIBSURV Sig=5 t=-13/19 u=29/2
SKIPISO t=-13/19 u=29/2
GENS2 u=29/13 rlo=2 cands=11 indep=2
FIBSURV Sig=5 t=61/9 u=29/13
SKIPISO t=61/9 u=29/13
GENS2 u=13/29 rlo=2 cands=12 indep=2
FIBSURV Sig=5 t=149/33 u=13/29
SKIPISO t=149/33 u=13/29
GENS2 u=29/7 rlo=2 cands=12 indep=2
FIBSURV Sig=5 t=59/3 u=29/7
SKIPISO t=59/3 u=29/7
GENS2 u=1/29 rlo=2 cands=12 indep=2
FIBSURV Sig=5 t=38/9 u=1/29
SKIPISO t=38/9 u=1/29
GENS2 u=29/25 rlo=2 cands=12 indep=2
FIBSURV Sig=5 t=31/6 u=29/25
SKIPISO t=31/6 u=29/25
GENS2 u=29/9 rlo=3 cands=12 indep=3
FIBSURV Sig=5 t=10 u=29/9
SKIPISO t=10 u=29/9
GENS2 u=-29/9 rlo=2 cands=11 indep=2
FIBSURV Sig=5 t=109/37 u=-29/9
SKIPISO t=109/37 u=-29/9
GENS2 u=-29/15 rlo=2 cands=9 indep=2
FIBSURV Sig=5 t=43/13 u=-29/15
SKIPISO t=43/13 u=-29/15
GENS2 u=-29/23 rlo=2 cands=9 indep=2
FIBSURV Sig=5 t=32/9 u=-29/23
SKIPISO t=32/9 u=-29/23
GENS2 u=17/29 rlo=2 cands=12 indep=2
FIBSURV Sig=5 t=37/8 u=17/29
SKIPISO t=37/8 u=17/29
GENS2 u=29/8 rlo=2 cands=11 indep=2
FIBSURV Sig=5 t=139/11 u=29/8
SKIPISO t=139/11 u=29/8
GENS2 u=9/29 rlo=3 cands=12 indep=3
FIBSURV Sig=5 t=75/17 u=9/29
SKIPISO t=75/17 u=9/29
GENS2 u=29/15 rlo=2 cands=9 indep=2
FIBSURV Sig=5 t=143/23 u=29/15
SKIPISO t=143/23 u=29/15
GENS2 u=-29/5 rlo=2 cands=12 indep=2
FIBSURV Sig=5 t=67/27 u=-29/5
SKIPISO t=67/27 u=-29/5
GENSHORT u=-29/2 rlo=2 indep=1 cands=3
GENS2 u=-29/2 rlo=2 cands=3 indep=1
FIBSURV Sig=5 t=71/39 u=-29/2
SKIPISO t=71/39 u=-29/2
GENS2 u=25/29 rlo=2 cands=9 indep=2
FIBSURV Sig=5 t=73/15 u=25/29
SKIPISO t=73/15 u=25/29
GENS2 u=-15/29 rlo=2 cands=9 indep=2
FIBSURV Sig=5 t=39/10 u=-15/29
SKIPISO t=39/10 u=-15/29
GENS2 u=29/5 rlo=2 cands=12 indep=2
FIBSURV Sig=5 t=-19 u=29/5
SKIPISO t=-19 u=29/5
GENS2 u=-29 rlo=2 cands=10 indep=2
FIBSURV Sig=5 t=25/17 u=-29
SKIPISO t=25/17 u=-29
GENS2 u=29/6 rlo=2 cands=10 indep=2
FIBSURV Sig=5 t=97 u=29/6
SKIPISO t=97 u=29/6
GENS2 u=-30/7 rlo=4 cands=12 indep=4
FIBSURV Sig=5 t=177/65 u=-30/7
SKIPISO t=177/65 u=-30/7
GENS2 u=30 rlo=2 cands=9 indep=2
FIBSURV Sig=5 t=9/25 u=30
SKIPISO t=9/25 u=30
GENS2 u=30/7 rlo=2 cands=11 indep=2
FIBSURV Sig=5 t=117/5 u=30/7
SKIPISO t=117/5 u=30/7
GENS2 u=-21/31 rlo=2 cands=12 indep=2
FIBSURV Sig=5 t=42/11 u=-21/31
SKIPISO t=42/11 u=-21/31
GENS2 u=-31/7 rlo=2 cands=6 indep=2
FIBSURV Sig=5 t=89/33 u=-31/7
SKIPISO t=89/33 u=-31/7
GENS2 u=-31/4 rlo=2 cands=12 indep=2
FIBSURV Sig=5 t=115/51 u=-31/4
SKIPISO t=115/51 u=-31/4
GENS2 u=3/31 rlo=2 cands=12 indep=2
FIBSURV Sig=5 t=81/19 u=3/31
SKIPISO t=81/19 u=3/31
GENS2 u=-31/25 rlo=2 cands=12 indep=2
FIBSURV Sig=5 t=139/39 u=-31/25
SKIPISO t=139/39 u=-31/25
GENS2 u=-29/31 rlo=2 cands=9 indep=2
FIBSURV Sig=5 t=85/23 u=-29/31
SKIPISO t=85/23 u=-29/31
GENS2 u=31/8 rlo=2 cands=4 indep=2
FIBSURV Sig=5 t=137/9 u=31/8
SKIPISO t=137/9 u=31/8
GENS2 u=19/31 rlo=2 cands=8 indep=2
FIBSURV Sig=5 t=79/17 u=19/31
SKIPISO t=79/17 u=19/31
GENS2 u=-13/31 rlo=2 cands=9 indep=2
FIBSURV Sig=5 t=83/21 u=-13/31
SKIPISO t=83/21 u=-13/31
GENS2 u=31/13 rlo=2 cands=12 indep=2
FIBSURV Sig=5 t=121/17 u=31/13
SKIPISO t=121/17 u=31/13
GENS2 u=31/15 rlo=3 cands=12 indep=3
FIBSURV Sig=5 t=71/11 u=31/15
SKIPISO t=71/11 u=31/15
GENS2 u=-31/2 rlo=2 cands=10 indep=2
FIBSURV Sig=5 t=73/41 u=-31/2
SKIPISO t=73/41 u=-31/2
GENS2 u=31/2 rlo=2 cands=12 indep=2
FIBSURV Sig=5 t=-11/21 u=31/2
SKIPISO t=-11/21 u=31/2
GENS2 u=31/9 rlo=2 cands=9 indep=2
FIBSURV Sig=5 t=79/7 u=31/9
SKIPISO t=79/7 u=31/9
GENS2 u=-31/3 rlo=2 cands=6 indep=2
FIBSURV Sig=5 t=47/23 u=-31/3
SKIPISO t=47/23 u=-31/3
GENS2 u=-31/29 rlo=2 cands=9 indep=2
FIBSURV Sig=5 t=40/11 u=-31/29
SKIPISO t=40/11 u=-31/29
GENS2 u=-31/21 rlo=2 cands=8 indep=2
FIBSURV Sig=5 t=59/17 u=-31/21
SKIPISO t=59/17 u=-31/21
GENS2 u=-31/17 rlo=2 cands=7 indep=2
FIBSURV Sig=5 t=97/29 u=-31/17
SKIPISO t=97/29 u=-31/17
GENS2 u=31 rlo=2 cands=12 indep=2
FIBSURV Sig=5 t=5/13 u=31
SKIPISO t=5/13 u=31
GENSHORT u=-32 rlo=2 indep=1 cands=2
GENS2 u=-32 rlo=2 cands=2 indep=1
FIBSURV Sig=5 t=53/37 u=-32
SKIPISO t=53/37 u=-32
GENS2 u=32/7 rlo=2 cands=12 indep=2
FIBSURV Sig=5 t=115/3 u=32/7
SKIPISO t=115/3 u=32/7
GENS2 u=-32/3 rlo=2 cands=6 indep=2
FIBSURV Sig=5 t=95/47 u=-32/3
SKIPISO t=95/47 u=-32/3
GENS2 u=32 rlo=2 cands=12 indep=2
FIBSURV Sig=5 t=11/27 u=32
SKIPISO t=11/27 u=32
GENS2 u=-32/5 rlo=2 cands=4 indep=2
FIBSURV Sig=5 t=137/57 u=-32/5
SKIPISO t=137/57 u=-32/5
GENS2 u=32/3 rlo=2 cands=9 indep=2
FIBSURV Sig=5 t=-31/17 u=32/3
SKIPISO t=-31/17 u=32/3
GENS2 u=33/31 rlo=2 cands=12 indep=2
FIBSURV Sig=5 t=309/61 u=33/31
SKIPISO t=309/61 u=33/31
GENS2 u=29/33 rlo=2 cands=11 indep=2
FIBSURV Sig=5 t=83/17 u=29/33
SKIPISO t=83/17 u=29/33
GENS2 u=13/33 rlo=2 cands=4 indep=2
FIBSURV Sig=5 t=85/19 u=13/33
SKIPISO t=85/19 u=13/33
GENS2 u=-33/2 rlo=2 cands=12 indep=2
FIBSURV Sig=5 t=75/43 u=-33/2
SKIPISO t=75/43 u=-33/2
GENS2 u=5/33 rlo=3 cands=12 indep=3
FIBSURV Sig=5 t=43/10 u=5/33
SKIPISO t=43/10 u=5/33
GENSHORT u=-19/33 rlo=2 indep=1 cands=3
GENS2 u=-19/33 rlo=2 cands=3 indep=1
FIBSURV Sig=5 t=89/23 u=-19/33
SKIPISO t=89/23 u=-19/33
GENS2 u=33/2 rlo=2 cands=9 indep=2
FIBSURV Sig=5 t=-9/23 u=33/2
SKIPISO t=-9/23 u=33/2
GENS2 u=-33/19 rlo=3 cands=12 indep=3
FIBSURV Sig=5 t=27/8 u=-33/19
SKIPISO t=27/8 u=-33/19
GENS2 u=-33 rlo=2 cands=12 indep=2
FIBSURV Sig=5 t=27/19 u=-33
SKIPISO t=27/19 u=-33
GENS2 u=-33/4 rlo=2 cands=9 indep=2
FIBSURV Sig=5 t=117/53 u=-33/4
SKIPISO t=117/53 u=-33/4
GENS2 u=-33/23 rlo=2 cands=12 indep=2
FIBSURV Sig=5 t=129/37 u=-33/23
SKIPISO t=129/37 u=-33/23
GENS2 u=34/5 rlo=2 cands=11 indep=2
FIBSURV Sig=5 t=-71/9 u=34/5
SKIPISO t=-71/9 u=34/5
GENS2 u=-34/5 rlo=2 cands=12 indep=2
FIBSURV Sig=5 t=139/59 u=-34/5
SKIPISO t=139/59 u=-34/5
GENS2 u=34 rlo=2 cands=6 indep=2
FIBSURV Sig=5 t=13/29 u=34
SKIPISO t=13/29 u=34
GENS2 u=-34/3 rlo=2 cands=11 indep=2
FIBSURV Sig=5 t=97/49 u=-34/3
SKIPISO t=97/49 u=-34/3
GENS2 u=34/3 rlo=2 cands=10 indep=2
FIBSURV Sig=5 t=-29/19 u=34/3
SKIPISO t=-29/19 u=34/3
GENS2 u=34/7 rlo=2 cands=12 indep=2
FIBSURV Sig=5 t=113 u=34/7
SKIPISO t=113 u=34/7
GENS2 u=-34 rlo=2 cands=12 indep=2
FIBSURV Sig=5 t=55/39 u=-34
SKIPISO t=55/39 u=-34
GENS2 u=-33/35 rlo=2 cands=9 indep=2
FIBSURV Sig=5 t=48/13 u=-33/35
SKIPISO t=48/13 u=-33/35
GENS2 u=-35/3 rlo=2 cands=11 indep=2
FIBSURV Sig=5 t=49/25 u=-35/3
SKIPISO t=49/25 u=-35/3
GENSHORT u=-35/4 rlo=2 indep=1 cands=2
GENS2 u=-35/4 rlo=2 cands=2 indep=1
FIBSURV Sig=5 t=119/55 u=-35/4
SKIPISO t=119/55 u=-35/4
GENS2 u=35/31 rlo=2 cands=12 indep=2
FIBSURV Sig=5 t=77/15 u=35/31
SKIPISO t=77/15 u=35/31
GENS2 u=-35 rlo=2 cands=12 indep=2
FIBSURV Sig=5 t=7/5 u=-35
SKIPISO t=7/5 u=-35
GENSHORT u=35/13 rlo=2 indep=1 cands=2
GENS2 u=35/13 rlo=2 cands=2 indep=1
FIBSURV Sig=5 t=119/15 u=35/13
SKIPISO t=119/15 u=35/13
GENS2 u=35/2 rlo=2 cands=9 indep=2
FIBSURV Sig=5 t=-7/25 u=35/2
SKIPISO t=-7/25 u=35/2
GENS2 u=35/9 rlo=2 cands=9 indep=2
FIBSURV Sig=5 t=77/5 u=35/9
SKIPISO t=77/5 u=35/9
GENS2 u=35 rlo=2 cands=10 indep=2
FIBSURV Sig=5 t=7/15 u=35
SKIPISO t=7/15 u=35
GENSHORT u=35/8 rlo=2 indep=1 cands=2
GENS2 u=35/8 rlo=2 cands=2 indep=1
FIBSURV Sig=5 t=133/5 u=35/8
SKIPISO t=133/5 u=35/8
GENSHORT u=-35/33 rlo=2 indep=1 cands=3
GENS2 u=-35/33 rlo=2 cands=3 indep=1
FIBSURV Sig=5 t=91/25 u=-35/33
SKIPISO t=91/25 u=-35/33
GENS2 u=35/23 rlo=3 cands=12 indep=3
FIBSURV Sig=5 t=28/5 u=35/23
SKIPISO t=28/5 u=35/23
GENS2 u=-35/17 rlo=2 cands=9 indep=2
FIBSURV Sig=5 t=49/15 u=-35/17
SKIPISO t=49/15 u=-35/17
GENS2 u=31/35 rlo=2 cands=5 indep=2
FIBSURV Sig=5 t=44/9 u=31/35
SKIPISO t=44/9 u=31/35
GENS2 u=23/35 rlo=3 cands=12 indep=3
FIBSURV Sig=5 t=89/19 u=23/35
SKIPISO t=89/19 u=23/35
GENS2 u=-35/13 rlo=2 cands=12 indep=2
FIBSURV Sig=5 t=77/25 u=-35/13
SKIPISO t=77/25 u=-35/13
GENS2 u=-17/35 rlo=2 cands=5 indep=2
FIBSURV Sig=5 t=47/12 u=-17/35
SKIPISO t=47/12 u=-17/35
GENS2 u=-35/11 rlo=2 cands=6 indep=2
FIBSURV Sig=5 t=133/45 u=-35/11
SKIPISO t=133/45 u=-35/11
GENS2 u=35/3 rlo=2 cands=12 indep=2
FIBSURV Sig=5 t=-7/5 u=35/3
SKIPISO t=-7/5 u=35/3
GENS2 u=36/17 rlo=2 cands=12 indep=2
FIBSURV Sig=5 t=321/49 u=36/17
SKIPISO t=321/49 u=36/17
GENSHORT u=-36 rlo=2 indep=1 cands=2
GENS2 u=-36 rlo=2 cands=2 indep=1
FIBSURV Sig=5 t=57/41 u=-36
SKIPISO t=57/41 u=-36
GENS2 u=37/3 rlo=2 cands=11 indep=2
FIBSURV Sig=5 t=-13/11 u=37/3
SKIPISO t=-13/11 u=37/3
GENS2 u=-37/15 rlo=2 cands=12 indep=2
FIBSURV Sig=5 t=22/7 u=-37/15
SKIPISO t=22/7 u=-37/15
GENS2 u=-23/37 rlo=2 cands=6 indep=2
FIBSURV Sig=5 t=50/13 u=-23/37
SKIPISO t=50/13 u=-23/37
GENS2 u=25/37 rlo=2 cands=9 indep=2
FIBSURV Sig=5 t=47/10 u=25/37
SKIPISO t=47/10 u=25/37
GENS2 u=37/33 rlo=2 cands=12 indep=2
FIBSURV Sig=5 t=41/8 u=37/33
SKIPISO t=41/8 u=37/33
GENS2 u=33/37 rlo=2 cands=12 indep=2
FIBSURV Sig=5 t=93/19 u=33/37
SKIPISO t=93/19 u=33/37
GENS2 u=37/29 rlo=2 cands=12 indep=2
FIBSURV Sig=5 t=143/27 u=37/29
SKIPISO t=143/27 u=37/29
GENS2 u=37/15 rlo=2 cands=8 indep=2
FIBSURV Sig=5 t=139/19 u=37/15
SKIPISO t=139/19 u=37/15
GENS2 u=-37/23 rlo=3 cands=12 indep=3
FIBSURV Sig=5 t=65/19 u=-37/23
SKIPISO t=65/19 u=-37/23
GENS2 u=-7/37 rlo=2 cands=9 indep=2
FIBSURV Sig=5 t=49/12 u=-7/37
SKIPISO t=49/12 u=-7/37
GENS2 u=37/8 rlo=2 cands=9 indep=2
FIBSURV Sig=5 t=131/3 u=37/8
SKIPISO t=131/3 u=37/8
GENS2 u=-37/2 rlo=2 cands=8 indep=2
FIBSURV Sig=5 t=79/47 u=-37/2
SKIPISO t=79/47 u=-37/2
GENS2 u=-37/19 rlo=2 cands=10 indep=2
FIBSURV Sig=5 t=109/33 u=-37/19
SKIPISO t=109/33 u=-37/19
GENSHORT u=1/37 rlo=2 indep=1 cands=2
GENS2 u=1/37 rlo=2 cands=2 indep=1
FIBSURV Sig=5 t=97/23 u=1/37
SKIPISO t=97/23 u=1/37
GENS2 u=37/6 rlo=3 cands=12 indep=3
FIBSURV Sig=5 t=-89/7 u=37/6
SKIPISO t=-89/7 u=37/6
GENS2 u=-37 rlo=2 cands=8 indep=2
FIBSURV Sig=5 t=29/21 u=-37
SKIPISO t=29/21 u=-37
GENS2 u=-37/4 rlo=2 cands=12 indep=2
FIBSURV Sig=5 t=121/57 u=-37/4
SKIPISO t=121/57 u=-37/4
GENS2 u=37/21 rlo=3 cands=12 indep=3
FIBSURV Sig=5 t=101/17 u=37/21
SKIPISO t=101/17 u=37/21
GENS2 u=-31/37 rlo=2 cands=8 indep=2
FIBSURV Sig=5 t=101/27 u=-31/37
SKIPISO t=101/27 u=-31/37
GENS2 u=-37/9 rlo=2 cands=7 indep=2
FIBSURV Sig=5 t=113/41 u=-37/9
SKIPISO t=113/41 u=-37/9
GENS2 u=37/4 rlo=2 cands=12 indep=2
FIBSURV Sig=5 t=-47/17 u=37/4
SKIPISO t=-47/17 u=37/4
GENS2 u=9/37 rlo=2 cands=12 indep=2
FIBSURV Sig=5 t=48/11 u=9/37
SKIPISO t=48/11 u=9/37
GENS2 u=-37/5 rlo=2 cands=10 indep=2
FIBSURV Sig=5 t=71/31 u=-37/5
SKIPISO t=71/31 u=-37/5
GENS2 u=-37/31 rlo=2 cands=12 indep=2
FIBSURV Sig=5 t=43/12 u=-37/31
SKIPISO t=43/12 u=-37/31
GENS2 u=38/3 rlo=2 cands=8 indep=2
FIBSURV Sig=5 t=-25/23 u=38/3
SKIPISO t=-25/23 u=38/3
GENS2 u=-38/3 rlo=2 cands=4 indep=2
FIBSURV Sig=5 t=101/53 u=-38/3
SKIPISO t=101/53 u=-38/3
GENS2 u=-38/5 rlo=2 cands=8 indep=2
FIBSURV Sig=5 t=143/63 u=-38/5
SKIPISO t=143/63 u=-38/5
GENS2 u=-38 rlo=2 cands=10 indep=2
FIBSURV Sig=5 t=59/43 u=-38
SKIPISO t=59/43 u=-38
GENSHORT u=38 rlo=2 indep=1 cands=3
GENS2 u=38 rlo=2 cands=3 indep=1
FIBSURV Sig=5 t=17/33 u=38
SKIPISO t=17/33 u=38
GENS2 u=-39/17 rlo=2 cands=12 indep=2
FIBSURV Sig=5 t=99/31 u=-39/17
SKIPISO t=99/31 u=-39/17
GENS2 u=39/19 rlo=2 cands=12 indep=2
FIBSURV Sig=5 t=45/7 u=39/19
SKIPISO t=45/7 u=39/19
GENS2 u=35/39 rlo=3 cands=12 indep=3
FIBSURV Sig=5 t=49/10 u=35/39
SKIPISO t=49/10 u=35/39
GENS2 u=-39/25 rlo=2 cands=9 indep=2
FIBSURV Sig=5 t=141/41 u=-39/25
SKIPISO t=141/41 u=-39/25
GENS2 u=-39/29 rlo=2 cands=9 indep=2
FIBSURV Sig=5 t=81/23 u=-39/29
SKIPISO t=81/23 u=-39/29
GENS2 u=-29/39 rlo=2 cands=9 indep=2
FIBSURV Sig=5 t=53/14 u=-29/39
SKIPISO t=53/14 u=-29/39
GENS2 u=39/2 rlo=2 cands=4 indep=2
FIBSURV Sig=5 t=-3/29 u=39/2
SKIPISO t=-3/29 u=39/2
GENS2 u=-39/2 rlo=2 cands=8 indep=2
FIBSURV Sig=5 t=81/49 u=-39/2
SKIPISO t=81/49 u=-39/2
GENS2 u=11/39 rlo=3 cands=12 indep=3
FIBSURV Sig=5 t=101/23 u=11/39
SKIPISO t=101/23 u=11/39
GENS2 u=39/8 rlo=2 cands=12 indep=2
FIBSURV Sig=5 t=129 u=39/8
SKIPISO t=129 u=39/8
GENS2 u=39 rlo=2 cands=12 indep=2
FIBSURV Sig=5 t=9/17 u=39
SKIPISO t=9/17 u=39
GENSHORT u=-37/39 rlo=2 indep=1 cands=3
GENS2 u=-37/39 rlo=2 cands=3 indep=1
FIBSURV Sig=5 t=107/29 u=-37/39
SKIPISO t=107/29 u=-37/39
GENS2 u=-39/11 rlo=2 cands=10 indep=2
FIBSURV Sig=5 t=135/47 u=-39/11
SKIPISO t=135/47 u=-39/11
GENS2 u=19/39 rlo=2 cands=3 indep=2
FIBSURV Sig=5 t=50/11 u=19/39
SKIPISO t=50/11 u=19/39
GENS2 u=39/23 rlo=2 cands=12 indep=2
FIBSURV Sig=5 t=111/19 u=39/23
SKIPISO t=111/19 u=39/23
GENS2 u=-39/7 rlo=2 cands=4 indep=2
FIBSURV Sig=5 t=93/37 u=-39/7
SKIPISO t=93/37 u=-39/7
GENS2 u=39/4 rlo=2 cands=12 indep=2
FIBSURV Sig=5 t=-45/19 u=39/4
SKIPISO t=-45/19 u=39/4
GENS2 u=-5/39 rlo=2 cands=8 indep=2
FIBSURV Sig=5 t=103/25 u=-5/39
SKIPISO t=103/25 u=-5/39
GENS2 u=-39/10 rlo=2 cands=12 indep=2
FIBSURV Sig=5 t=249/89 u=-39/10
SKIPISO t=249/89 u=-39/10
GENSHORT u=40/9 rlo=2 indep=1 cands=2
GENS2 u=40/9 rlo=2 cands=2 indep=1
FIBSURV Sig=5 t=149/5 u=40/9
SKIPISO t=149/5 u=40/9
GENS2 u=-40/3 rlo=2 cands=7 indep=2
FIBSURV Sig=5 t=103/55 u=-40/3
SKIPISO t=103/55 u=-40/3
GENS2 u=-40 rlo=2 cands=8 indep=2
FIBSURV Sig=5 t=61/45 u=-40
SKIPISO t=61/45 u=-40
GENS2 u=41/6 rlo=3 cands=12 indep=3
FIBSURV Sig=5 t=-85/11 u=41/6
SKIPISO t=-85/11 u=41/6
GENS2 u=41/4 rlo=2 cands=8 indep=2
FIBSURV Sig=5 t=-43/21 u=41/4
SKIPISO t=-43/21 u=41/4
GENS2 u=41/37 rlo=2 cands=9 indep=2
FIBSURV Sig=5 t=46/9 u=41/37
SKIPISO t=46/9 u=41/37
GENS2 u=-41/5 rlo=2 cands=8 indep=2
FIBSURV Sig=5 t=73/33 u=-41/5
SKIPISO t=73/33 u=-41/5
GENS2 u=41/29 rlo=2 cands=12 indep=2
FIBSURV Sig=5 t=71/13 u=41/29
SKIPISO t=71/13 u=41/29
GENS2 u=-41/19 rlo=2 cands=9 indep=2
FIBSURV Sig=5 t=55/17 u=-41/19
SKIPISO t=55/17 u=-41/19
GENS2 u=-35/41 rlo=2 cands=7 indep=2
FIBSURV Sig=5 t=56/15 u=-35/41
SKIPISO t=56/15 u=-35/41
GENS2 u=13/41 rlo=2 cands=9 indep=2
FIBSURV Sig=5 t=53/12 u=13/41
SKIPISO t=53/12 u=13/41
GENS2 u=-19/41 rlo=3 cands=12 indep=3
FIBSURV Sig=5 t=55/14 u=-19/41
SKIPISO t=55/14 u=-19/41
GENS2 u=21/41 rlo=2 cands=7 indep=2
FIBSURV Sig=5 t=105/23 u=21/41
SKIPISO t=105/23 u=21/41
GENS2 u=-23/41 rlo=2 cands=12 indep=2
FIBSURV Sig=5 t=221/57 u=-23/41
SKIPISO t=221/57 u=-23/41
GENS2 u=-41 rlo=2 cands=12 indep=2
FIBSURV Sig=5 t=31/23 u=-41
SKIPISO t=31/23 u=-41
GENS2 u=-41/2 rlo=2 cands=12 indep=2
FIBSURV Sig=5 t=83/51 u=-41/2
SKIPISO t=83/51 u=-41/2
GENS2 u=29/41 rlo=2 cands=8 indep=2
FIBSURV Sig=5 t=52/11 u=29/41
SKIPISO t=52/11 u=29/41
GENS2 u=37/41 rlo=2 cands=12 indep=2
FIBSURV Sig=5 t=103/21 u=37/41
SKIPISO t=103/21 u=37/41
GENSHORT u=41/2 rlo=2 indep=1 cands=3
GENS2 u=41/2 rlo=2 cands=3 indep=1
FIBSURV Sig=5 t=-1/31 u=41/2
SKIPISO t=-1/31 u=41/2
GENS2 u=41 rlo=2 cands=12 indep=2
FIBSURV Sig=5 t=5/9 u=41
SKIPISO t=5/9 u=41
GENS2 u=-3/41 rlo=2 cands=9 indep=2
FIBSURV Sig=5 t=54/13 u=-3/41
SKIPISO t=54/13 u=-3/41
GENS2 u=-41/27 rlo=2 cands=8 indep=2
FIBSURV Sig=5 t=38/11 u=-41/27
SKIPISO t=38/11 u=-41/27
GENS2 u=-41/35 rlo=2 cands=11 indep=2
FIBSURV Sig=5 t=97/27 u=-41/35
SKIPISO t=97/27 u=-41/35
GENS2 u=-41/9 rlo=2 cands=9 indep=2
FIBSURV Sig=5 t=115/43 u=-41/9
SKIPISO t=115/43 u=-41/9
GENS2 u=-41/23 rlo=2 cands=12 indep=2
FIBSURV Sig=5 t=131/39 u=-41/23
SKIPISO t=131/39 u=-41/23
GENS2 u=41/11 rlo=2 cands=4 indep=2
FIBSURV Sig=5 t=95/7 u=41/11
SKIPISO t=95/7 u=41/11
GENS2 u=-41/15 rlo=2 cands=9 indep=2
FIBSURV Sig=5 t=89/29 u=-41/15
SKIPISO t=89/29 u=-41/15
GENS2 u=41/15 rlo=2 cands=9 indep=2
FIBSURV Sig=5 t=137/17 u=41/15
SKIPISO t=137/17 u=41/15
GENSHORT u=42 rlo=2 indep=1 cands=2
GENS2 u=42 rlo=2 cands=2 indep=1
FIBSURV Sig=5 t=21/37 u=42
SKIPISO t=21/37 u=42
GENS2 u=-42 rlo=2 cands=9 indep=2
FIBSURV Sig=5 t=63/47 u=-42
SKIPISO t=63/47 u=-42
GENSHORT u=-42/5 rlo=2 indep=1 cands=2
GENS2 u=-42/5 rlo=2 cands=2 indep=1
FIBSURV Sig=5 t=147/67 u=-42/5
SKIPISO t=147/67 u=-42/5
GENS2 u=-1/43 rlo=3 cands=12 indep=3
FIBSURV Sig=5 t=113/27 u=-1/43
SKIPISO t=113/27 u=-1/43
GENS2 u=-41/43 rlo=2 cands=8 indep=2
FIBSURV Sig=5 t=59/16 u=-41/43
SKIPISO t=59/16 u=-41/43
GENS2 u=-43/33 rlo=2 cands=8 indep=2
FIBSURV Sig=5 t=46/13 u=-43/33
SKIPISO t=46/13 u=-43/33
GENS2 u=43/6 rlo=3 cands=12 indep=3
FIBSURV Sig=5 t=-83/13 u=43/6
SKIPISO t=-83/13 u=43/6
GENS2 u=43/4 rlo=2 cands=11 indep=2
FIBSURV Sig=5 t=-41/23 u=43/4
SKIPISO t=-41/23 u=43/4
GENS2 u=-43/14 rlo=2 cands=12 indep=2
FIBSURV Sig=5 t=337/113 u=-43/14
SKIPISO t=337/113 u=-43/14
GENS2 u=-43/2 rlo=2 cands=5 indep=2
FIBSURV Sig=5 t=85/53 u=-43/2
SKIPISO t=85/53 u=-43/2
GENS2 u=-43/6 rlo=2 cands=12 indep=2
GENS2 u=-33/43 rlo=3 cands=12 indep=3
FIBSURV Sig=5 t=117/31 u=-33/43
SKIPISO t=117/31 u=-33/43
GENS2 u=39/43 rlo=2 cands=9 indep=2
FIBSURV Sig=5 t=54/11 u=39/43
SKIPISO t=54/11 u=39/43
GENS2 u=-43/7 rlo=2 cands=5 indep=2
FIBSURV Sig=5 t=95/39 u=-43/7
SKIPISO t=95/39 u=-43/7
GENS2 u=43/39 rlo=2 cands=10 indep=2
FIBSURV Sig=5 t=97/19 u=43/39
SKIPISO t=97/19 u=43/39
GENS2 u=7/43 rlo=2 cands=9 indep=2
FIBSURV Sig=5 t=56/13 u=7/43
SKIPISO t=56/13 u=7/43
GENS2 u=43/2 rlo=2 cands=10 indep=2
FIBSURV Sig=5 t=1/33 u=43/2
SKIPISO t=1/33 u=43/2
GENS2 u=-43/41 rlo=2 cands=11 indep=2
FIBSURV Sig=5 t=113/31 u=-43/41
SKIPISO t=113/31 u=-43/41
GENS2 u=-43/3 rlo=4 cands=12 indep=4
FIBSURV Sig=5 t=53/29 u=-43/3
SKIPISO t=53/29 u=-43/3
GENSHORT u=43/13 rlo=2 indep=1 cands=2
GENS2 u=43/13 rlo=2 cands=2 indep=1
FIBSURV Sig=5 t=115/11 u=43/13
SKIPISO t=115/11 u=43/13
GENS2 u=-25/43 rlo=2 cands=8 indep=2
FIBSURV Sig=5 t=58/15 u=-25/43
SKIPISO t=58/15 u=-25/43
GENS2 u=15/43 rlo=2 cands=12 indep=2
FIBSURV Sig=5 t=111/25 u=15/43
SKIPISO t=111/25 u=15/43
GENS2 u=43/15 rlo=2 cands=11 indep=2
FIBSURV Sig=5 t=17/2 u=43/15
SKIPISO t=17/2 u=43/15
GENS2 u=43 rlo=2 cands=8 indep=2
FIBSURV Sig=5 t=11/19 u=43
SKIPISO t=11/19 u=43
GENS2 u=43/23 rlo=2 cands=10 indep=2
FIBSURV Sig=5 t=55/9 u=43/23
SKIPISO t=55/9 u=43/23
GENS2 u=-43/11 rlo=2 cands=12 indep=2
FIBSURV Sig=5 t=137/49 u=-43/11
SKIPISO t=137/49 u=-43/11
GENS2 u=43/9 rlo=2 cands=12 indep=2
FIBSURV Sig=5 t=73 u=43/9
SKIPISO t=73 u=43/9
GENS2 u=43/11 rlo=2 cands=12 indep=2
FIBSURV Sig=5 t=47/3 u=43/11
SKIPISO t=47/3 u=43/11
GENS2 u=43/8 rlo=3 cands=12 indep=3
FIBSURV Sig=5 t=-125/3 u=43/8
SKIPISO t=-125/3 u=43/8
GENSHORT u=-17/43 rlo=2 indep=1 cands=2
GENS2 u=-17/43 rlo=2 cands=2 indep=1
FIBSURV Sig=5 t=115/29 u=-17/43
SKIPISO t=115/29 u=-17/43
GENS2 u=43/27 rlo=3 cands=12 indep=3
FIBSURV Sig=5 t=131/23 u=43/27
SKIPISO t=131/23 u=43/27
GENS2 u=-43/21 rlo=2 cands=9 indep=2
FIBSURV Sig=5 t=121/37 u=-43/21
SKIPISO t=121/37 u=-43/21
GENS2 u=44/9 rlo=2 cands=10 indep=2
FIBSURV Sig=5 t=145 u=44/9
SKIPISO t=145 u=44/9
GENS2 u=44/3 rlo=2 cands=9 indep=2
FIBSURV Sig=5 t=-19/29 u=44/3
SKIPISO t=-19/29 u=44/3
GENSHORT u=-44/3 rlo=2 indep=1 cands=3
GENS2 u=-44/3 rlo=2 cands=3 indep=1
FIBSURV Sig=5 t=107/59 u=-44/3
SKIPISO t=107/59 u=-44/3
GENS2 u=44 rlo=2 cands=10 indep=2
FIBSURV Sig=5 t=23/39 u=44
SKIPISO t=23/39 u=44
GENS2 u=-44/5 rlo=2 cands=5 indep=2
FIBSURV Sig=5 t=149/69 u=-44/5
SKIPISO t=149/69 u=-44/5
GENS2 u=44/7 rlo=3 cands=12 indep=3
FIBSURV Sig=5 t=-103/9 u=44/7
SKIPISO t=-103/9 u=44/7
GENS2 u=-31/45 rlo=2 cands=12 indep=2
FIBSURV Sig=5 t=61/16 u=-31/45
SKIPISO t=61/16 u=-31/45
GENS2 u=41/45 rlo=2 cands=8 indep=2
FIBSURV Sig=5 t=113/23 u=41/45
SKIPISO t=113/23 u=41/45
GENS2 u=17/45 rlo=2 cands=11 indep=2
FIBSURV Sig=5 t=58/13 u=17/45
SKIPISO t=58/13 u=17/45
GENS2 u=45/8 rlo=2 cands=9 indep=2
FIBSURV Sig=5 t=-123/5 u=45/8
SKIPISO t=-123/5 u=45/8
GENS2 u=-45/23 rlo=3 cands=12 indep=3
FIBSURV Sig=5 t=33/10 u=-45/23
SKIPISO t=33/10 u=-45/23
GENSHORT u=-23/45 rlo=2 indep=1 cands=2
GENS2 u=-23/45 rlo=2 cands=2 indep=1
FIBSURV Sig=5 t=121/31 u=-23/45
SKIPISO t=121/31 u=-23/45
GENS2 u=-45/2 rlo=2 cands=8 indep=2
FIBSURV Sig=5 t=87/55 u=-45/2
SKIPISO t=87/55 u=-45/2
GENS2 u=45/4 rlo=2 cands=12 indep=2
FIBSURV Sig=5 t=-39/25 u=45/4
SKIPISO t=-39/25 u=45/4
GENS2 u=45/11 rlo=2 cands=12 indep=2
FIBSURV Sig=5 t=93/5 u=45/11
SKIPISO t=93/5 u=45/11
GENS2 u=-45/31 rlo=2 cands=12 indep=2
FIBSURV Sig=5 t=87/25 u=-45/31
SKIPISO t=87/25 u=-45/31
GENS2 u=45/19 rlo=2 cands=12 indep=2
GENS2 u=-7/45 rlo=3 cands=12 indep=3
FIBSURV Sig=5 t=119/29 u=-7/45
SKIPISO t=119/29 u=-7/45
GENS2 u=45/2 rlo=2 cands=12 indep=2
FIBSURV Sig=5 t=3/35 u=45/2
SKIPISO t=3/35 u=45/2
GENS2 u=-45/4 rlo=2 cands=12 indep=2
FIBSURV Sig=5 t=129/65 u=-45/4
SKIPISO t=129/65 u=-45/4
GENS2 u=46/3 rlo=2 cands=5 indep=2
FIBSURV Sig=5 t=-17/31 u=46/3
SKIPISO t=-17/31 u=46/3
GENS2 u=46/43 rlo=2 cands=12 indep=2
GENS2 u=-46/3 rlo=2 cands=8 indep=2
FIBSURV Sig=5 t=109/61 u=-46/3
SKIPISO t=109/61 u=-46/3
GENS2 u=46 rlo=2 cands=8 indep=2
FIBSURV Sig=5 t=25/41 u=46
SKIPISO t=25/41 u=46
GENS2 u=-46 rlo=4 cands=12 indep=4
FIBSURV Sig=5 t=67/51 u=-46
SKIPISO t=67/51 u=-46
GENS2 u=47/43 rlo=3 cands=12 indep=3
FIBSURV Sig=5 t=107/21 u=47/43
SKIPISO t=107/21 u=47/43
GENS2 u=47/5 rlo=2 cands=12 indep=2
FIBSURV Sig=5 t=-29/11 u=47/5
SKIPISO t=-29/11 u=47/5
GENS2 u=47/3 rlo=2 cands=12 indep=2
FIBSURV Sig=5 t=-1/2 u=47/3
SKIPISO t=-1/2 u=47/3
GENS2 u=-45/47 rlo=2 cands=12 indep=2
FIBSURV Sig=5 t=129/35 u=-45/47
SKIPISO t=129/35 u=-45/47
GENS2 u=3/47 rlo=2 cands=9 indep=2
FIBSURV Sig=5 t=123/29 u=3/47
SKIPISO t=123/29 u=3/47
GENS2 u=47/35 rlo=2 cands=12 indep=2
FIBSURV Sig=5 t=43/8 u=47/35
SKIPISO t=43/8 u=47/35
GENS2 u=-47/37 rlo=2 cands=8 indep=2
FIBSURV Sig=5 t=103/29 u=-47/37
SKIPISO t=103/29 u=-47/37
GENS2 u=43/47 rlo=2 cands=9 indep=2
FIBSURV Sig=5 t=59/12 u=43/47
SKIPISO t=59/12 u=43/47
GENS2 u=-47/29 rlo=2 cands=9 indep=2
FIBSURV Sig=5 t=41/12 u=-47/29
SKIPISO t=41/12 u=-47/29
GENS2 u=47/7 rlo=2 cands=12 indep=2
FIBSURV Sig=5 t=-25/3 u=47/7
SKIPISO t=-25/3 u=47/7
GENS2 u=-47/3 rlo=2 cands=10 indep=2
FIBSURV Sig=5 t=55/31 u=-47/3
SKIPISO t=55/31 u=-47/3
GENSHORT u=-47/45 rlo=2 indep=1 cands=2
GENS2 u=-47/45 rlo=2 cands=2 indep=1
FIBSURV Sig=5 t=62/17 u=-47/45
SKIPISO t=62/17 u=-47/45
GENS2 u=-47/2 rlo=2 cands=12 indep=2
FIBSURV Sig=5 t=89/57 u=-47/2
SKIPISO t=89/57 u=-47/2
GENS2 u=47/4 rlo=2 cands=8 indep=2
FIBSURV Sig=5 t=-37/27 u=47/4
SKIPISO t=-37/27 u=47/4
GENS2 u=-47/7 rlo=2 cands=8 indep=2
FIBSURV Sig=5 t=97/41 u=-47/7
SKIPISO t=97/41 u=-47/7
GENS2 u=-47/4 rlo=2 cands=8 indep=2
FIBSURV Sig=5 t=131/67 u=-47/4
SKIPISO t=131/67 u=-47/4
GENS2 u=-47/21 rlo=2 cands=8 indep=2
FIBSURV Sig=5 t=61/19 u=-47/21
SKIPISO t=61/19 u=-47/21
GENS2 u=-47/25 rlo=3 cands=12 indep=3
FIBSURV Sig=5 t=143/43 u=-47/25
SKIPISO t=143/43 u=-47/25
GENS2 u=27/47 rlo=2 cands=10 indep=2
FIBSURV Sig=5 t=60/13 u=27/47
SKIPISO t=60/13 u=27/47
GENS2 u=-37/47 rlo=2 cands=7 indep=2
FIBSURV Sig=5 t=64/17 u=-37/47
SKIPISO t=64/17 u=-37/47
GENS2 u=-21/47 rlo=2 cands=8 indep=2
FIBSURV Sig=5 t=63/16 u=-21/47
SKIPISO t=63/16 u=-21/47
GENS2 u=-47 rlo=3 cands=12 indep=3
FIBSURV Sig=5 t=17/13 u=-47
SKIPISO t=17/13 u=-47
GENSHORT u=-29/47 rlo=2 indep=1 cands=2
GENS2 u=-29/47 rlo=2 cands=2 indep=1
FIBSURV Sig=5 t=127/33 u=-29/47
SKIPISO t=127/33 u=-29/47
GENS2 u=47/23 rlo=2 cands=8 indep=2
FIBSURV Sig=5 t=109/17 u=47/23
SKIPISO t=109/17 u=47/23
GENS2 u=47/27 rlo=2 cands=12 indep=2
FIBSURV Sig=5 t=65/11 u=47/27
SKIPISO t=65/11 u=47/27
GENSHORT u=-47/11 rlo=2 indep=1 cands=3
GENS2 u=-47/11 rlo=2 cands=3 indep=1
FIBSURV Sig=5 t=139/51 u=-47/11
SKIPISO t=139/51 u=-47/11
GENS2 u=47 rlo=2 cands=12 indep=2
FIBSURV Sig=5 t=13/21 u=47
SKIPISO t=13/21 u=47
GENS2 u=35/47 rlo=2 cands=8 indep=2
FIBSURV Sig=5 t=119/25 u=35/47
SKIPISO t=119/25 u=35/47
GENS2 u=47/15 rlo=2 cands=11 indep=2
FIBSURV Sig=5 t=67/7 u=47/15
SKIPISO t=67/7 u=47/15
GENS2 u=-47/15 rlo=4 cands=12 indep=4
GENSHORT u=-5/47 rlo=2 indep=1 cands=3
GENS2 u=-5/47 rlo=2 cands=3 indep=1
FIBSURV Sig=5 t=62/15 u=-5/47
SKIPISO t=62/15 u=-5/47
GENS2 u=47/13 rlo=2 cands=12 indep=2
FIBSURV Sig=5 t=113/9 u=47/13
SKIPISO t=113/9 u=47/13
GENS2 u=-48 rlo=2 cands=7 indep=2
FIBSURV Sig=5 t=69/53 u=-48
SKIPISO t=69/53 u=-48
GENS2 u=48/5 rlo=2 cands=12 indep=2
FIBSURV Sig=5 t=-57/23 u=48/5
SKIPISO t=-57/23 u=48/5
GENS2 u=48 rlo=2 cands=9 indep=2
FIBSURV Sig=5 t=27/43 u=48
SKIPISO t=27/43 u=48
GENS2 u=49/3 rlo=2 cands=6 indep=2
FIBSURV Sig=5 t=-7/17 u=49/3
SKIPISO t=-7/17 u=49/3
GENS2 u=49/11 rlo=2 cands=12 indep=2
FIBSURV Sig=5 t=91/3 u=49/11
SKIPISO t=91/3 u=49/11
GENS2 u=49/4 rlo=2 cands=9 indep=2
FIBSURV Sig=5 t=-35/29 u=49/4
SKIPISO t=-35/29 u=49/4
GENS2 u=-49 rlo=2 cands=11 indep=2
FIBSURV Sig=5 t=35/27 u=-49
SKIPISO t=35/27 u=-49
GENS2 u=-27/49 rlo=2 cands=8 indep=2
FIBSURV Sig=5 t=66/17 u=-27/49
SKIPISO t=66/17 u=-27/49
GENSHORT u=-49/2 rlo=2 indep=1 cands=3
GENS2 u=-49/2 rlo=2 cands=3 indep=1
FIBSURV Sig=5 t=91/59 u=-49/2
SKIPISO t=91/59 u=-49/2
GENS2 u=49/8 rlo=2 cands=8 indep=2
FIBSURV Sig=5 t=-119/9 u=49/8
SKIPISO t=-119/9 u=49/8
GENS2 u=49/2 rlo=2 cands=8 indep=2
FIBSURV Sig=5 t=7/39 u=49/2
SKIPISO t=7/39 u=49/2
GENS2 u=-49/19 rlo=3 cands=12 indep=3
FIBSURV Sig=5 t=28/9 u=-49/19
SKIPISO t=28/9 u=-49/19
GENS2 u=-19/49 rlo=2 cands=8 indep=2
FIBSURV Sig=5 t=131/33 u=-19/49
SKIPISO t=131/33 u=-19/49
GENSHORT u=13/49 rlo=2 indep=1 cands=3
GENS2 u=13/49 rlo=2 cands=3 indep=1
FIBSURV Sig=5 t=127/29 u=13/49
SKIPISO t=127/29 u=13/49
GENS2 u=5/49 rlo=2 cands=9 indep=2
FIBSURV Sig=5 t=64/15 u=5/49
SKIPISO t=64/15 u=5/49
GENS2 u=49/13 rlo=2 cands=11 indep=2
FIBSURV Sig=5 t=14 u=49/13
SKIPISO t=14 u=49/13
GENS2 u=-49/23 rlo=2 cands=9 indep=2
FIBSURV Sig=5 t=133/41 u=-49/23
SKIPISO t=133/41 u=-49/23
GENSHORT u=-49/43 rlo=2 indep=1 cands=2
GENS2 u=-49/43 rlo=2 cands=2 indep=1
FIBSURV Sig=5 t=119/33 u=-49/43
SKIPISO t=119/33 u=-49/43
GENS2 u=49/37 rlo=2 cands=9 indep=2
FIBSURV Sig=5 t=91/17 u=49/37
SKIPISO t=91/17 u=49/37
GENS2 u=-43/49 rlo=2 cands=12 indep=2
FIBSURV Sig=5 t=67/18 u=-43/49
SKIPISO t=67/18 u=-43/49
GENSHORT u=37/49 rlo=2 indep=1 cands=3
GENS2 u=37/49 rlo=2 cands=3 indep=1
FIBSURV Sig=5 t=62/13 u=37/49
SKIPISO t=62/13 u=37/49
GENS2 u=-49/9 rlo=2 cands=8 indep=2
FIBSURV Sig=5 t=119/47 u=-49/9
SKIPISO t=119/47 u=-49/9
GENS2 u=-3/49 rlo=2 cands=9 indep=2
FIBSURV Sig=5 t=129/31 u=-3/49
SKIPISO t=129/31 u=-3/49
GENS2 u=49/15 rlo=2 cands=9 indep=2
FIBSURV Sig=5 t=133/13 u=49/15
SKIPISO t=133/13 u=49/15
GENS2 u=-49/15 rlo=3 cands=12 indep=3
FIBSURV Sig=5 t=91/31 u=-49/15
SKIPISO t=91/31 u=-49/15
GENS2 u=-49/5 rlo=2 cands=6 indep=2
FIBSURV Sig=5 t=77/37 u=-49/5
SKIPISO t=77/37 u=-49/5
GENS2 u=29/49 rlo=2 cands=9 indep=2
FIBSURV Sig=5 t=125/27 u=29/49
SKIPISO t=125/27 u=29/49
GENS2 u=-49/4 rlo=2 cands=8 indep=2
FIBSURV Sig=5 t=133/69 u=-49/4
SKIPISO t=133/69 u=-49/4
GENS2 u=-49/11 rlo=3 cands=12 indep=3
FIBSURV Sig=5 t=35/13 u=-49/11
SKIPISO t=35/13 u=-49/11
GENS2 u=-11/49 rlo=2 cands=4 indep=2
FIBSURV Sig=5 t=65/16 u=-11/49
SKIPISO t=65/16 u=-11/49
GENSHORT u=-49/27 rlo=3 indep=2 cands=12
GENS2 u=-49/27 rlo=3 cands=12 indep=2
FIBSURV Sig=5 t=77/23 u=-49/27
SKIPISO t=77/23 u=-49/27
GENS2 u=49/29 rlo=2 cands=4 indep=2
FIBSURV Sig=5 t=35/6 u=49/29
SKIPISO t=35/6 u=49/29
GENS2 u=50/7 rlo=3 cands=12 indep=3
FIBSURV Sig=5 t=-97/15 u=50/7
SKIPISO t=-97/15 u=50/7
GENSHORT u=-50 rlo=2 indep=1 cands=2
GENS2 u=-50 rlo=2 cands=2 indep=1
FIBSURV Sig=5 t=71/55 u=-50
SKIPISO t=71/55 u=-50
GENS2 u=50/3 rlo=2 cands=6 indep=2
FIBSURV Sig=5 t=-13/35 u=50/3
SKIPISO t=-13/35 u=50/3
GENS2 u=-50/3 rlo=2 cands=5 indep=2
FIBSURV Sig=5 t=113/65 u=-50/3
SKIPISO t=113/65 u=-50/3
GENS2 u=51/8 rlo=3 cands=12 indep=3
FIBSURV Sig=5 t=-117/11 u=51/8
SKIPISO t=-117/11 u=51/8
GENSHORT u=-51/2 rlo=2 indep=1 cands=3
GENS2 u=-51/2 rlo=2 cands=3 indep=1
FIBSURV Sig=5 t=93/61 u=-51/2
SKIPISO t=93/61 u=-51/2
GENS2 u=47/51 rlo=2 cands=9 indep=2
FIBSURV Sig=5 t=64/13 u=47/51
SKIPISO t=64/13 u=47/51
GENS2 u=51/19 rlo=2 cands=12 indep=2
FIBSURV Sig=5 t=87/11 u=51/19
SKIPISO t=87/11 u=51/19
GENS2 u=-1/51 rlo=2 cands=3 indep=2
FIBSURV Sig=5 t=67/16 u=-1/51
SKIPISO t=67/16 u=-1/51
GENS2 u=-51/11 rlo=2 cands=11 indep=2
FIBSURV Sig=5 t=141/53 u=-51/11
SKIPISO t=141/53 u=-51/11
GENS2 u=23/51 rlo=4 cands=12 indep=4
FIBSURV Sig=5 t=131/29 u=23/51
SKIPISO t=131/29 u=23/51
GENS2 u=-49/51 rlo=2 cands=10 indep=2
FIBSURV Sig=5 t=70/19 u=-49/51
SKIPISO t=70/19 u=-49/51
GENS2 u=-51/4 rlo=2 cands=9 indep=2
FIBSURV Sig=5 t=135/71 u=-51/4
SKIPISO t=135/71 u=-51/4
GENS2 u=-41/51 rlo=2 cands=6 indep=2
FIBSURV Sig=5 t=139/37 u=-41/51
SKIPISO t=139/37 u=-41/51
GENS2 u=-51/5 rlo=2 cands=12 indep=2
FIBSURV Sig=5 t=39/19 u=-51/5
SKIPISO t=39/19 u=-51/5
GENS2 u=51/5 rlo=2 cands=11 indep=2
FIBSURV Sig=5 t=-27/13 u=51/5
SKIPISO t=-27/13 u=51/5
GENS2 u=51/13 rlo=2 cands=12 indep=2
FIBSURV Sig=5 t=111/7 u=51/13
SKIPISO t=111/7 u=51/13
GENS2 u=51/2 rlo=2 cands=8 indep=2
FIBSURV Sig=5 t=9/41 u=51/2
SKIPISO t=9/41 u=51/2
GENSHORT u=-51/7 rlo=2 indep=1 cands=3
GENS2 u=-51/7 rlo=2 cands=3 indep=1
FIBSURV Sig=5 t=99/43 u=-51/7
SKIPISO t=99/43 u=-51/7
GENS2 u=51/47 rlo=3 cands=12 indep=3
FIBSURV Sig=5 t=117/23 u=51/47
SKIPISO t=117/23 u=51/47
GENS2 u=51/4 rlo=2 cands=9 indep=2
FIBSURV Sig=5 t=-33/31 u=51/4
SKIPISO t=-33/31 u=51/4
GENS2 u=-51/41 rlo=2 cands=11 indep=2
FIBSURV Sig=5 t=57/16 u=-51/41
SKIPISO t=57/16 u=-51/41
GENS2 u=-51/25 rlo=2 cands=9 indep=2
FIBSURV Sig=5 t=36/11 u=-51/25
SKIPISO t=36/11 u=-51/25
GENS2 u=52 rlo=4 cands=12 indep=4
FIBSURV Sig=5 t=31/47 u=52
SKIPISO t=31/47 u=52
GENS2 u=-52 rlo=2 cands=8 indep=2
FIBSURV Sig=5 t=73/57 u=-52
SKIPISO t=73/57 u=-52
GENS2 u=52/3 rlo=2 cands=11 indep=2
FIBSURV Sig=5 t=-11/37 u=52/3
SKIPISO t=-11/37 u=52/3
GENS2 u=52/5 rlo=2 cands=12 indep=2
FIBSURV Sig=5 t=-53/27 u=52/5
SKIPISO t=-53/27 u=52/5
GENS2 u=52/9 rlo=3 cands=12 indep=3
FIBSURV Sig=5 t=-137/7 u=52/9
SKIPISO t=-137/7 u=52/9
GENS2 u=-52/3 rlo=2 cands=7 indep=2
FIBSURV Sig=5 t=115/67 u=-52/3
SKIPISO t=115/67 u=-52/3
GENS2 u=-52/9 rlo=2 cands=12 indep=2
GENS2 u=52/7 rlo=3 cands=12 indep=3
FIBSURV Sig=5 t=-95/17 u=52/7
SKIPISO t=-95/17 u=52/7
GENS2 u=53/15 rlo=2 cands=8 indep=2
FIBSURV Sig=5 t=131/11 u=53/15
SKIPISO t=131/11 u=53/15
GENS2 u=-53/15 rlo=2 cands=8 indep=2
FIBSURV Sig=5 t=23/8 u=-53/15
SKIPISO t=23/8 u=-53/15
GENS2 u=25/53 rlo=2 cands=5 indep=2
FIBSURV Sig=5 t=68/15 u=25/53
SKIPISO t=68/15 u=25/53
GENS2 u=53/7 rlo=2 cands=9 indep=2
FIBSURV Sig=5 t=-47/9 u=53/7
SKIPISO t=-47/9 u=53/7
GENS2 u=-7/53 rlo=2 cands=12 indep=2
FIBSURV Sig=5 t=70/17 u=-7/53
SKIPISO t=70/17 u=-7/53
GENS2 u=-53/47 rlo=2 cands=8 indep=2
FIBSURV Sig=5 t=65/18 u=-53/47
SKIPISO t=65/18 u=-53/47
GENSHORT u=-39/53 rlo=2 indep=1 cands=3
GENS2 u=-39/53 rlo=2 cands=3 indep=1
FIBSURV Sig=5 t=72/19 u=-39/53
SKIPISO t=72/19 u=-39/53
GENS2 u=53/8 rlo=2 cands=8 indep=2
FIBSURV Sig=5 t=-115/13 u=53/8
SKIPISO t=-115/13 u=53/8
GENS2 u=9/53 rlo=2 cands=12 indep=2
FIBSURV Sig=5 t=69/16 u=9/53
SKIPISO t=69/16 u=9/53
GENS2 u=53/2 rlo=2 cands=12 indep=2
FIBSURV Sig=5 t=11/43 u=53/2
SKIPISO t=11/43 u=53/2
GENS2 u=49/53 rlo=2 cands=9 indep=2
FIBSURV Sig=5 t=133/27 u=49/53
SKIPISO t=133/27 u=49/53
GENS2 u=-47/53 rlo=2 cands=12 indep=2
FIBSURV Sig=5 t=145/39 u=-47/53
SKIPISO t=145/39 u=-47/53
GENS2 u=53/11 rlo=2 cands=12 indep=2
FIBSURV Sig=5 t=89 u=53/11
SKIPISO t=89 u=53/11
GENS2 u=-53/9 rlo=2 cands=12 indep=2
FIBSURV Sig=5 t=121/49 u=-53/9
SKIPISO t=121/49 u=-53/9
GENS2 u=-53/31 rlo=2 cands=6 indep=2
FIBSURV Sig=5 t=44/13 u=-53/31
SKIPISO t=44/13 u=-53/31
GENS2 u=53/9 rlo=2 cands=12 indep=2
FIBSURV Sig=5 t=-17 u=53/9
SKIPISO t=-17 u=53/9
GENS2 u=-23/53 rlo=2 cands=11 indep=2
FIBSURV Sig=5 t=71/18 u=-23/53
SKIPISO t=71/18 u=-23/53
GENSHORT u=-53/39 rlo=2 indep=1 cands=3
GENS2 u=-53/39 rlo=2 cands=3 indep=1
FIBSURV Sig=5 t=109/31 u=-53/39
SKIPISO t=109/31 u=-53/39
GENS2 u=53/6 rlo=3 cands=12 indep=3
FIBSURV Sig=5 t=-73/23 u=53/6
SKIPISO t=-73/23 u=53/6
GENS2 u=33/53 rlo=2 cands=9 indep=2
FIBSURV Sig=5 t=135/29 u=33/53
SKIPISO t=135/29 u=33/53
GENS2 u=53/21 rlo=2 cands=12 indep=2
FIBSURV Sig=5 t=97/13 u=53/21
SKIPISO t=97/13 u=53/21
GENS2 u=53/3 rlo=2 cands=11 indep=2
FIBSURV Sig=5 t=-5/19 u=53/3
SKIPISO t=-5/19 u=53/3
GENS2 u=53/33 rlo=3 cands=12 indep=3
FIBSURV Sig=5 t=40/7 u=53/33
SKIPISO t=40/7 u=53/33
GENSHORT u=-53/2 rlo=2 indep=1 cands=3
GENS2 u=-53/2 rlo=2 cands=3 indep=1
FIBSURV Sig=5 t=95/63 u=-53/2
SKIPISO t=95/63 u=-53/2
GENS2 u=53/4 rlo=2 cands=12 indep=2
FIBSURV Sig=5 t=-31/33 u=53/4
SKIPISO t=-31/33 u=53/4
GENS2 u=-15/53 rlo=2 cands=8 indep=2
FIBSURV Sig=5 t=141/35 u=-15/53
SKIPISO t=141/35 u=-15/53
GENS2 u=-53/4 rlo=4 cands=12 indep=4
FIBSURV Sig=5 t=137/73 u=-53/4
SKIPISO t=137/73 u=-53/4
GENS2 u=-53 rlo=2 cands=12 indep=2
FIBSURV Sig=5 t=37/29 u=-53
SKIPISO t=37/29 u=-53
GENS2 u=-53/7 rlo=2 cands=12 indep=2
FIBSURV Sig=5 t=25/11 u=-53/7
SKIPISO t=25/11 u=-53/7
GENS2 u=-54 rlo=2 cands=8 indep=2
FIBSURV Sig=5 t=75/59 u=-54
SKIPISO t=75/59 u=-54
GENS2 u=54 rlo=2 cands=7 indep=2
FIBSURV Sig=5 t=33/49 u=54
SKIPISO t=33/49 u=54
GENS2 u=54/5 rlo=2 cands=11 indep=2
FIBSURV Sig=5 t=-51/29 u=54/5
SKIPISO t=-51/29 u=54/5
GENS2 u=55/23 rlo=2 cands=12 indep=2
FIBSURV Sig=5 t=107/15 u=55/23
SKIPISO t=107/15 u=55/23
GENSHORT u=55/43 rlo=2 indep=1 cands=3
GENS2 u=55/43 rlo=2 cands=3 indep=1
FIBSURV Sig=5 t=53/10 u=55/43
SKIPISO t=53/10 u=55/43
GENS2 u=19/55 rlo=2 cands=8 indep=2
FIBSURV Sig=5 t=71/16 u=19/55
SKIPISO t=71/16 u=19/55
GENS2 u=3/55 rlo=2 cands=6 indep=2
FIBSURV Sig=5 t=72/17 u=3/55
SKIPISO t=72/17 u=3/55
GENS2 u=55/4 rlo=2 cands=12 indep=2
FIBSURV Sig=5 t=-29/35 u=55/4
SKIPISO t=-29/35 u=55/4
GENS2 u=-21/55 rlo=2 cands=8 indep=2
FIBSURV Sig=5 t=147/37 u=-21/55
SKIPISO t=147/37 u=-21/55
GENS2 u=-55/4 rlo=2 cands=12 indep=2
FIBSURV Sig=5 t=139/75 u=-55/4
SKIPISO t=139/75 u=-55/4
GENS2 u=43/55 rlo=2 cands=6 indep=2
FIBSURV Sig=5 t=139/29 u=43/55
SKIPISO t=139/29 u=43/55
GENSHORT u=-29/55 rlo=2 indep=1 cands=2
GENS2 u=-29/55 rlo=2 cands=2 indep=1
FIBSURV Sig=5 t=74/19 u=-29/55
SKIPISO t=74/19 u=-29/55
GENS2 u=55/31 rlo=2 cands=12 indep=2
FIBSURV Sig=5 t=149/25 u=55/31
SKIPISO t=149/25 u=55/31
GENS2 u=-55/18 rlo=2 cands=12 indep=2
FIBSURV Sig=5 t=433/145 u=-55/18
SKIPISO t=433/145 u=-55/18
GENS2 u=55/7 rlo=2 cands=12 indep=2
FIBSURV Sig=5 t=-23/5 u=55/7
SKIPISO t=-23/5 u=55/7
GENS2 u=-55/29 rlo=2 cands=12 indep=2
FIBSURV Sig=5 t=83/25 u=-55/29
SKIPISO t=83/25 u=-55/29
GENS2 u=-55/21 rlo=2 cands=10 indep=2
FIBSURV Sig=5 t=31/10 u=-55/21
SKIPISO t=31/10 u=-55/21
GENS2 u=55/2 rlo=2 cands=5 indep=2
FIBSURV Sig=5 t=13/45 u=55/2
SKIPISO t=13/45 u=55/2
GENS2 u=55 rlo=2 cands=11 indep=2
FIBSURV Sig=5 t=17/25 u=55
SKIPISO t=17/25 u=55
GENS2 u=55/13 rlo=2 cands=9 indep=2
FIBSURV Sig=5 t=109/5 u=55/13
SKIPISO t=109/5 u=55/13
GENS2 u=55/19 rlo=2 cands=11 indep=2
FIBSURV Sig=5 t=43/5 u=55/19
SKIPISO t=43/5 u=55/19
GENS2 u=27/55 rlo=2 cands=12 indep=2
FIBSURV Sig=5 t=141/31 u=27/55
SKIPISO t=141/31 u=27/55
GENS2 u=-55/3 rlo=2 cands=7 indep=2
FIBSURV Sig=5 t=59/35 u=-55/3
SKIPISO t=59/35 u=-55/3
GENS2 u=-55/37 rlo=2 cands=10 indep=2
FIBSURV Sig=5 t=52/15 u=-55/37
SKIPISO t=52/15 u=-55/37
GENS2 u=-55/53 rlo=4 cands=12 indep=4
FIBSURV Sig=5 t=73/20 u=-55/53
SKIPISO t=73/20 u=-55/53
GENSHORT u=-56/3 rlo=2 indep=1 cands=3
GENS2 u=-56/3 rlo=2 cands=3 indep=1
FIBSURV Sig=5 t=119/71 u=-56/3
SKIPISO t=119/71 u=-56/3
GENSHORT u=56 rlo=2 indep=1 cands=2
GENS2 u=56 rlo=2 cands=2 indep=1
FIBSURV Sig=5 t=35/51 u=56
SKIPISO t=35/51 u=56
GENSHORT u=56/5 rlo=2 indep=1 cands=2
GENS2 u=56/5 rlo=2 cands=2 indep=1
FIBSURV Sig=5 t=-49/31 u=56/5
SKIPISO t=-49/31 u=56/5
GENS2 u=56/3 rlo=2 cands=4 indep=2
FIBSURV Sig=5 t=-7/41 u=56/3
SKIPISO t=-7/41 u=56/3
GENS2 u=-56 rlo=2 cands=8 indep=2
FIBSURV Sig=5 t=77/61 u=-56
SKIPISO t=77/61 u=-56
GENS2 u=-57/5 rlo=2 cands=7 indep=2
FIBSURV Sig=5 t=81/41 u=-57/5
SKIPISO t=81/41 u=-57/5
GENS2 u=57/2 rlo=2 cands=9 indep=2
FIBSURV Sig=5 t=15/47 u=57/2
SKIPISO t=15/47 u=57/2
GENS2 u=-57/4 rlo=2 cands=4 indep=2
FIBSURV Sig=5 t=141/77 u=-57/4
SKIPISO t=141/77 u=-57/4
GENS2 u=53/57 rlo=3 cands=12 indep=3
FIBSURV Sig=5 t=143/29 u=53/57
SKIPISO t=143/29 u=53/57
GENS2 u=-57 rlo=2 cands=9 indep=2
FIBSURV Sig=5 t=39/31 u=-57
SKIPISO t=39/31 u=-57
GENS2 u=57/13 rlo=2 cands=12 indep=2
FIBSURV Sig=5 t=27 u=57/13
SKIPISO t=27 u=57/13
GENSHORT u=-35/57 rlo=2 indep=1 cands=2
GENS2 u=-35/57 rlo=2 cands=2 indep=1
FIBSURV Sig=5 t=77/20 u=-35/57
SKIPISO t=77/20 u=-35/57
GENSHORT u=-57/35 rlo=2 indep=1 cands=3
GENS2 u=-57/35 rlo=2 cands=3 indep=1
FIBSURV Sig=5 t=99/29 u=-57/35
SKIPISO t=99/29 u=-57/35
GENS2 u=-57/2 rlo=2 cands=8 indep=2
FIBSURV Sig=5 t=99/67 u=-57/2
SKIPISO t=99/67 u=-57/2
GENS2 u=13/57 rlo=2 cands=8 indep=2
FIBSURV Sig=5 t=74/17 u=13/57
SKIPISO t=74/17 u=13/57
GENS2 u=-57/43 rlo=2 cands=12 indep=2
FIBSURV Sig=5 t=60/17 u=-57/43
SKIPISO t=60/17 u=-57/43
GENS2 u=37/57 rlo=2 cands=8 indep=2
FIBSURV Sig=5 t=145/31 u=37/57
SKIPISO t=145/31 u=37/57
GENS2 u=57 rlo=3 cands=12 indep=3
FIBSURV Sig=5 t=9/13 u=57
SKIPISO t=9/13 u=57
GENS2 u=57/4 rlo=2 cands=9 indep=2
FIBSURV Sig=5 t=-27/37 u=57/4
SKIPISO t=-27/37 u=57/4
GENS2 u=5/57 rlo=2 cands=6 indep=2
FIBSURV Sig=5 t=149/35 u=5/57
SKIPISO t=149/35 u=5/57
GENS2 u=-57/23 rlo=2 cands=9 indep=2
FIBSURV Sig=5 t=135/43 u=-57/23
SKIPISO t=135/43 u=-57/23
GENS2 u=-58/3 rlo=2 cands=7 indep=2
FIBSURV Sig=5 t=121/73 u=-58/3
SKIPISO t=121/73 u=-58/3
GENS2 u=58 rlo=2 cands=8 indep=2
FIBSURV Sig=5 t=37/53 u=58
SKIPISO t=37/53 u=58
GENS2 u=58/5 rlo=2 cands=4 indep=2
FIBSURV Sig=5 t=-47/33 u=58/5
SKIPISO t=-47/33 u=58/5
GENS2 u=58/3 rlo=2 cands=7 indep=2
FIBSURV Sig=5 t=-5/43 u=58/3
SKIPISO t=-5/43 u=58/3
GENS2 u=-58/7 rlo=4 cands=12 indep=4
FIBSURV Sig=5 t=205/93 u=-58/7
SKIPISO t=205/93 u=-58/7
GENS2 u=-59/49 rlo=2 cands=8 indep=2
FIBSURV Sig=5 t=68/19 u=-59/49
SKIPISO t=68/19 u=-59/49
GENS2 u=-41/59 rlo=2 cands=6 indep=2
FIBSURV Sig=5 t=80/21 u=-41/59
SKIPISO t=80/21 u=-41/59
GENS2 u=55/59 rlo=2 cands=8 indep=2
FIBSURV Sig=5 t=74/15 u=55/59
SKIPISO t=74/15 u=55/59
GENSHORT u=7/59 rlo=4 indep=3 cands=12
GENS2 u=7/59 rlo=4 cands=12 indep=3
FIBSURV Sig=5 t=77/18 u=7/59
SKIPISO t=77/18 u=7/59
GENS2 u=-59/25 rlo=2 cands=7 indep=2
FIBSURV Sig=5 t=73/23 u=-59/25
SKIPISO t=73/23 u=-59/25
GENS2 u=39/59 rlo=2 cands=9 indep=2
FIBSURV Sig=5 t=75/16 u=39/59
SKIPISO t=75/16 u=39/59
GENS2 u=59 rlo=2 cands=12 indep=2
FIBSURV Sig=5 t=19/27 u=59
SKIPISO t=19/27 u=59
GENS2 u=59/7 rlo=2 cands=12 indep=2
FIBSURV Sig=5 t=-11/3 u=59/7
SKIPISO t=-11/3 u=59/7
GENS2 u=47/59 rlo=2 cands=12 indep=2
FIBSURV Sig=5 t=149/31 u=47/59
SKIPISO t=149/31 u=47/59
GENS2 u=59/9 rlo=3 cands=12 indep=3
FIBSURV Sig=5 t=-65/7 u=59/9
SKIPISO t=-65/7 u=59/9
GENS2 u=59/13 rlo=2 cands=11 indep=2
FIBSURV Sig=5 t=107/3 u=59/13
SKIPISO t=107/3 u=59/13
GENS2 u=-9/59 rlo=2 cands=10 indep=2
FIBSURV Sig=5 t=78/19 u=-9/59
SKIPISO t=78/19 u=-9/59
GENS2 u=59/31 rlo=2 cands=12 indep=2
FIBSURV Sig=5 t=37/6 u=59/31
SKIPISO t=37/6 u=59/31
GENS2 u=-59/11 rlo=2 cands=12 indep=2
FIBSURV Sig=5 t=145/57 u=-59/11
SKIPISO t=145/57 u=-59/11
GENS2 u=59/6 rlo=2 cands=9 indep=2
FIBSURV Sig=5 t=-67/29 u=59/6
SKIPISO t=-67/29 u=59/6
GENS2 u=59/47 rlo=3 cands=12 indep=3
FIBSURV Sig=5 t=58/11 u=59/47
SKIPISO t=58/11 u=59/47
GENSHORT u=-59/41 rlo=2 indep=1 cands=2
GENS2 u=-59/41 rlo=2 cands=2 indep=1
FIBSURV Sig=5 t=115/33 u=-59/41
SKIPISO t=115/33 u=-59/41
GENSHORT u=-59/7 rlo=2 indep=1 cands=2
GENS2 u=-59/7 rlo=2 cands=2 indep=1
FIBSURV Sig=5 t=103/47 u=-59/7
SKIPISO t=103/47 u=-59/7
GENS2 u=59/11 rlo=2 cands=11 indep=2
FIBSURV Sig=5 t=-43 u=59/11
SKIPISO t=-43 u=59/11
GENS2 u=59/5 rlo=2 cands=12 indep=2
FIBSURV Sig=5 t=-23/17 u=59/5
SKIPISO t=-23/17 u=59/5
GENS2 u=59/55 rlo=2 cands=12 indep=2
FIBSURV Sig=5 t=137/27 u=59/55
SKIPISO t=137/27 u=59/55
GENS2 u=-59/33 rlo=3 cands=12 indep=3
FIBSURV Sig=5 t=47/14 u=-59/33
SKIPISO t=47/14 u=-59/33
GENS2 u=-59/9 rlo=2 cands=11 indep=2
FIBSURV Sig=5 t=31/13 u=-59/9
SKIPISO t=31/13 u=-59/9
GENS2 u=-59/13 rlo=2 cands=12 indep=2
FIBSURV Sig=5 t=83/31 u=-59/13
SKIPISO t=83/31 u=-59/13
GENSHORT u=59/4 rlo=2 indep=1 cands=3
GENS2 u=59/4 rlo=2 cands=3 indep=1
FIBSURV Sig=5 t=-25/39 u=59/4
SKIPISO t=-25/39 u=59/4
GENS2 u=59/2 rlo=2 cands=12 indep=2
FIBSURV Sig=5 t=17/49 u=59/2
SKIPISO t=17/49 u=59/2
GENSHORT u=-59/2 rlo=2 indep=1 cands=3
GENS2 u=-59/2 rlo=2 cands=3 indep=1
FIBSURV Sig=5 t=101/69 u=-59/2
SKIPISO t=101/69 u=-59/2
GENS2 u=-57/59 rlo=2 cands=10 indep=2
FIBSURV Sig=5 t=81/22 u=-57/59
SKIPISO t=81/22 u=-57/59
GENSHORT u=-59/21 rlo=4 indep=3 cands=12
GENS2 u=-59/21 rlo=4 cands=12 indep=3
FIBSURV Sig=5 t=125/41 u=-59/21
SKIPISO t=125/41 u=-59/21
GENS2 u=-59/4 rlo=2 cands=8 indep=2
FIBSURV Sig=5 t=143/79 u=-59/4
SKIPISO t=143/79 u=-59/4
GENS2 u=59/23 rlo=2 cands=12 indep=2
FIBSURV Sig=5 t=53/7 u=59/23
SKIPISO t=53/7 u=59/23
GENS2 u=59/17 rlo=2 cands=9 indep=2
FIBSURV Sig=5 t=149/13 u=59/17
SKIPISO t=149/13 u=59/17
GENS2 u=59/27 rlo=2 cands=9 indep=2
FIBSURV Sig=5 t=127/19 u=59/27
SKIPISO t=127/19 u=59/27
GENS2 u=-25/59 rlo=2 cands=12 indep=2
FIBSURV Sig=5 t=79/20 u=-25/59
SKIPISO t=79/20 u=-25/59
GENS2 u=59/15 rlo=3 cands=12 indep=3
FIBSURV Sig=5 t=16 u=59/15
SKIPISO t=16 u=59/15
GENS2 u=59/19 rlo=2 cands=11 indep=2
FIBSURV Sig=5 t=85/9 u=59/19
SKIPISO t=85/9 u=59/19
GENS2 u=-60 rlo=2 cands=8 indep=2
FIBSURV Sig=5 t=81/65 u=-60
SKIPISO t=81/65 u=-60
GENS2 u=60 rlo=2 cands=8 indep=2
FIBSURV Sig=5 t=39/55 u=60
SKIPISO t=39/55 u=60
GENS2 u=-31/61 rlo=2 cands=7 indep=2
FIBSURV Sig=5 t=82/21 u=-31/61
SKIPISO t=82/21 u=-31/61
GENS2 u=61/25 rlo=2 cands=8 indep=2
FIBSURV Sig=5 t=29/4 u=61/25
SKIPISO t=29/4 u=61/25
GENS2 u=61/4 rlo=2 cands=12 indep=2
FIBSURV Sig=5 t=-23/41 u=61/4
SKIPISO t=-23/41 u=61/4
GENSHORT u=1/61 rlo=2 indep=1 cands=2
GENS2 u=1/61 rlo=2 cands=2 indep=1
FIBSURV Sig=5 t=80/19 u=1/61
SKIPISO t=80/19 u=1/61
GENSHORT u=-61/5 rlo=2 indep=1 cands=2
GENS2 u=-61/5 rlo=2 cands=2 indep=1
FIBSURV Sig=5 t=83/43 u=-61/5
SKIPISO t=83/43 u=-61/5
GENS2 u=61/3 rlo=4 cands=12 indep=4
FIBSURV Sig=5 t=-1/23 u=61/3
SKIPISO t=-1/23 u=61/3
GENSHORT u=61/2 rlo=2 indep=1 cands=3
GENS2 u=61/2 rlo=2 cands=3 indep=1
FIBSURV Sig=5 t=19/51 u=61/2
SKIPISO t=19/51 u=61/2
GENS2 u=61/57 rlo=2 cands=4 indep=2
FIBSURV Sig=5 t=71/14 u=61/57
SKIPISO t=71/14 u=61/57
GENS2 u=61/21 rlo=2 cands=12 indep=2
FIBSURV Sig=5 t=95/11 u=61/21
SKIPISO t=95/11 u=61/21
GENS2 u=-61/39 rlo=2 cands=12 indep=2
FIBSURV Sig=5 t=55/16 u=-61/39
SKIPISO t=55/16 u=-61/39
GENS2 u=-61/9 rlo=2 cands=4 indep=2
FIBSURV Sig=5 t=125/53 u=-61/9
SKIPISO t=125/53 u=-61/9
GENS2 u=-61/3 rlo=3 cands=12 indep=3
FIBSURV Sig=5 t=31/19 u=-61/3
SKIPISO t=31/19 u=-61/3
GENS2 u=49/61 rlo=2 cands=11 indep=2
FIBSURV Sig=5 t=77/16 u=49/61
SKIPISO t=77/16 u=49/61
GENS2 u=61/29 rlo=2 cands=12 indep=2
FIBSURV Sig=5 t=137/21 u=61/29
SKIPISO t=137/21 u=61/29
GENS2 u=61/6 rlo=2 cands=8 indep=2
FIBSURV Sig=5 t=-65/31 u=61/6
SKIPISO t=-65/31 u=61/6
GENS2 u=61/15 rlo=2 cands=9 indep=2
FIBSURV Sig=5 t=127/7 u=61/15
SKIPISO t=127/7 u=61/15
GENS2 u=-61/7 rlo=2 cands=12 indep=2
FIBSURV Sig=5 t=13/6 u=-61/7
SKIPISO t=13/6 u=-61/7
GENS2 u=-47/61 rlo=3 cands=11 indep=3
FIBSURV Sig=5 t=83/22 u=-47/61
SKIPISO t=83/22 u=-47/61
GENS2 u=-61/23 rlo=2 cands=12 indep=2
FIBSURV Sig=5 t=34/11 u=-61/23
SKIPISO t=34/11 u=-61/23
GENS2 u=-61/55 rlo=2 cands=6 indep=2
FIBSURV Sig=5 t=76/21 u=-61/55
SKIPISO t=76/21 u=-61/55
GENS2 u=-61/2 rlo=3 cands=12 indep=3
FIBSURV Sig=5 t=103/71 u=-61/2
SKIPISO t=103/71 u=-61/2
GENS2 u=-61/47 rlo=2 cands=12 indep=2
FIBSURV Sig=5 t=131/37 u=-61/47
SKIPISO t=131/37 u=-61/47
GENS2 u=33/61 rlo=3 cands=12 indep=3
FIBSURV Sig=5 t=78/17 u=33/61
SKIPISO t=78/17 u=33/61
GENS2 u=-15/61 rlo=2 cands=8 indep=2
FIBSURV Sig=5 t=81/20 u=-15/61
SKIPISO t=81/20 u=-15/61
GENS2 u=-61/12 rlo=2 cands=12 indep=2
FIBSURV Sig=5 t=313/121 u=-61/12
SKIPISO t=313/121 u=-61/12
GENS2 u=61/5 rlo=2 cands=12 indep=2
FIBSURV Sig=5 t=-11/9 u=61/5
SKIPISO t=-11/9 u=61/5
GENS2 u=-61/11 rlo=2 cands=11 indep=2
FIBSURV Sig=5 t=73/29 u=-61/11
SKIPISO t=73/29 u=-61/11
GENS2 u=-61 rlo=2 cands=7 indep=2
FIBSURV Sig=5 t=41/33 u=-61
SKIPISO t=41/33 u=-61
GENS2 u=61/10 rlo=3 cands=12 indep=3
FIBSURV Sig=5 t=-149/11 u=61/10
SKIPISO t=-149/11 u=61/10
GENS2 u=61/8 rlo=3 cands=12 indep=3
FIBSURV Sig=5 t=-107/21 u=61/8
SKIPISO t=-107/21 u=61/8
GENS2 u=61/9 rlo=2 cands=11 indep=2
FIBSURV Sig=5 t=-8 u=61/9
SKIPISO t=-8 u=61/9
GENS2 u=62 rlo=2 cands=8 indep=2
FIBSURV Sig=5 t=41/57 u=62
SKIPISO t=41/57 u=62
GENSHORT u=62/9 rlo=3 indep=2 cands=6
GENS2 u=62/9 rlo=3 cands=6 indep=2
FIBSURV Sig=5 t=-127/17 u=62/9
SKIPISO t=-127/17 u=62/9
GENSHORT u=-62 rlo=2 indep=1 cands=2
GENS2 u=-62 rlo=2 cands=2 indep=1
FIBSURV Sig=5 t=83/67 u=-62
SKIPISO t=83/67 u=-62
GENSHORT u=62/3 rlo=2 indep=1 cands=3
GENS2 u=62/3 rlo=2 cands=3 indep=1
FIBSURV Sig=5 t=-1/47 u=62/3
SKIPISO t=-1/47 u=62/3
GENS2 u=62/5 rlo=2 cands=4 indep=2
FIBSURV Sig=5 t=-43/37 u=62/5
SKIPISO t=-43/37 u=62/5
GENSHORT u=63/2 rlo=2 indep=1 cands=3
GENS2 u=63/2 rlo=2 cands=3 indep=1
FIBSURV Sig=5 t=21/53 u=63/2
SKIPISO t=21/53 u=63/2
GENS2 u=-5/63 rlo=4 cands=12 indep=4
FIBSURV Sig=5 t=83/20 u=-5/63
SKIPISO t=83/20 u=-5/63
GENS2 u=-63/37 rlo=2 cands=12 indep=2
FIBSURV Sig=5 t=105/31 u=-63/37
SKIPISO t=105/31 u=-63/37
GENS2 u=63/17 rlo=2 cands=9 indep=2
FIBSURV Sig=5 t=147/11 u=63/17
SKIPISO t=147/11 u=63/17
GENS2 u=-63/29 rlo=2 cands=12 indep=2
FIBSURV Sig=5 t=42/13 u=-63/29
SKIPISO t=42/13 u=-63/29
GENS2 u=59/63 rlo=2 cands=12 indep=2
FIBSURV Sig=5 t=79/16 u=59/63
SKIPISO t=79/16 u=59/63
GENS2 u=63/19 rlo=2 cands=12 indep=2
FIBSURV Sig=5 t=21/2 u=63/19
SKIPISO t=21/2 u=63/19
GENS2 u=-63/61 rlo=2 cands=4 indep=2
FIBSURV Sig=5 t=84/23 u=-63/61
SKIPISO t=84/23 u=-63/61
GENS2 u=11/63 rlo=2 cands=12 indep=2
FIBSURV Sig=5 t=82/19 u=11/63
SKIPISO t=82/19 u=11/63
GENS2 u=63 rlo=2 cands=9 indep=2
FIBSURV Sig=5 t=21/29 u=63
SKIPISO t=21/29 u=63
GENSHORT u=43/63 rlo=2 indep=1 cands=2
GENS2 u=43/63 rlo=2 cands=2 indep=1
FIBSURV Sig=5 t=80/17 u=43/63
SKIPISO t=80/17 u=43/63
GENSHORT u=-63/11 rlo=2 indep=1 cands=2
GENS2 u=-63/11 rlo=2 cands=2 indep=1
FIBSURV Sig=5 t=147/59 u=-63/11
SKIPISO t=147/59 u=-63/11
GENS2 u=-63/4 rlo=2 cands=8 indep=2
FIBSURV Sig=5 t=147/83 u=-63/4
SKIPISO t=147/83 u=-63/4
GENS2 u=-63/5 rlo=2 cands=11 indep=2
FIBSURV Sig=5 t=21/11 u=-63/5
SKIPISO t=21/11 u=-63/5
GENSHORT u=-64/3 rlo=2 indep=1 cands=2
GENS2 u=-64/3 rlo=2 cands=2 indep=1
FIBSURV Sig=5 t=127/79 u=-64/3
SKIPISO t=127/79 u=-64/3
GENS2 u=64/5 rlo=2 cands=12 indep=2
FIBSURV Sig=5 t=-41/39 u=64/5
SKIPISO t=-41/39 u=64/5
GENS2 u=64/3 rlo=2 cands=9 indep=2
FIBSURV Sig=5 t=1/49 u=64/3
SKIPISO t=1/49 u=64/3
GENSHORT u=-64 rlo=2 indep=1 cands=3
GENS2 u=-64 rlo=2 cands=3 indep=1
FIBSURV Sig=5 t=85/69 u=-64
SKIPISO t=85/69 u=-64
GENS2 u=64/7 rlo=2 cands=9 indep=2
FIBSURV Sig=5 t=-83/29 u=64/7
SKIPISO t=-83/29 u=64/7
GENS2 u=65/21 rlo=2 cands=12 indep=2
FIBSURV Sig=5 t=47/5 u=65/21
SKIPISO t=47/5 u=65/21
GENS2 u=65/3 rlo=2 cands=10 indep=2
FIBSURV Sig=5 t=1/25 u=65/3
SKIPISO t=1/25 u=65/3
GENSHORT u=-65/51 rlo=2 indep=1 cands=2
GENS2 u=-65/51 rlo=2 cands=2 indep=1
FIBSURV Sig=5 t=71/20 u=-65/51
SKIPISO t=71/20 u=-65/51
GENS2 u=-11/65 rlo=2 cands=5 indep=2
FIBSURV Sig=5 t=86/21 u=-11/65
SKIPISO t=86/21 u=-11/65
GENS2 u=53/65 rlo=2 cands=12 indep=2
FIBSURV Sig=5 t=82/17 u=53/65
SKIPISO t=82/17 u=53/65
GENS2 u=-43/65 rlo=2 cands=8 indep=2
FIBSURV Sig=5 t=88/23 u=-43/65
SKIPISO t=88/23 u=-43/65
GENS2 u=-65/21 rlo=2 cands=12 indep=2
FIBSURV Sig=5 t=253/85 u=-65/21
SKIPISO t=253/85 u=-65/21
GENSHORT u=65/2 rlo=2 indep=1 cands=3
GENS2 u=65/2 rlo=2 cands=3 indep=1
FIBSURV Sig=5 t=23/55 u=65/2
SKIPISO t=23/55 u=65/2
GENS2 u=65/9 rlo=2 cands=12 indep=2
FIBSURV Sig=5 t=-31/5 u=65/9
SKIPISO t=-31/5 u=65/9
GENSHORT u=21/65 rlo=2 indep=1 cands=2
GENS2 u=21/65 rlo=2 cands=2 indep=1
FIBSURV Sig=5 t=84/19 u=21/65
SKIPISO t=84/19 u=21/65
GENS2 u=-65 rlo=2 cands=4 indep=2
FIBSURV Sig=5 t=43/35 u=-65
SKIPISO t=43/35 u=-65
GENS2 u=-65/3 rlo=3 cands=12 indep=3
FIBSURV Sig=5 t=8/5 u=-65/3
SKIPISO t=8/5 u=-65/3
GENS2 u=-59/65 rlo=3 cands=12 indep=3
FIBSURV Sig=5 t=89/24 u=-59/65
SKIPISO t=89/24 u=-59/65
GENS2 u=-65/23 rlo=3 cands=12 indep=3
FIBSURV Sig=5 t=137/45 u=-65/23
SKIPISO t=137/45 u=-65/23
GENS2 u=65/53 rlo=2 cands=12 indep=2
FIBSURV Sig=5 t=131/25 u=65/53
SKIPISO t=131/25 u=65/53
GENS2 u=65/7 rlo=2 cands=8 indep=2
FIBSURV Sig=5 t=-41/15 u=65/7
SKIPISO t=-41/15 u=65/7
GENSHORT u=-65/2 rlo=2 indep=1 cands=2
GENS2 u=-65/2 rlo=2 cands=2 indep=1
FIBSURV Sig=5 t=107/75 u=-65/2
SKIPISO t=107/75 u=-65/2
GENS2 u=-65/43 rlo=2 cands=8 indep=2
FIBSURV Sig=5 t=121/35 u=-65/43
SKIPISO t=121/35 u=-65/43
GENS2 u=-27/65 rlo=3 cands=12 indep=3
FIBSURV Sig=5 t=87/22 u=-27/65
SKIPISO t=87/22 u=-27/65
GENSHORT u=-65/4 rlo=2 indep=1 cands=2
GENS2 u=-65/4 rlo=2 cands=2 indep=1
FIBSURV Sig=5 t=149/85 u=-65/4
SKIPISO t=149/85 u=-65/4
GENS2 u=-65/19 rlo=2 cands=9 indep=2
FIBSURV Sig=5 t=29/10 u=-65/19
SKIPISO t=29/10 u=-65/19
GENSHORT u=-65/9 rlo=2 indep=1 cands=2
GENS2 u=-65/9 rlo=2 cands=2 indep=1
FIBSURV Sig=5 t=127/55 u=-65/9
SKIPISO t=127/55 u=-65/9
GENS2 u=65/8 rlo=3 cands=12 indep=3
FIBSURV Sig=5 t=-103/25 u=65/8
SKIPISO t=-103/25 u=65/8
GENS2 u=-65/27 rlo=2 cands=8 indep=2
FIBSURV Sig=5 t=79/25 u=-65/27
SKIPISO t=79/25 u=-65/27
GENSHORT u=65/6 rlo=2 indep=1 cands=3
GENS2 u=65/6 rlo=2 cands=3 indep=1
FIBSURV Sig=5 t=-61/35 u=65/6
SKIPISO t=-61/35 u=65/6
GENS2 u=-66 rlo=2 cands=10 indep=2
FIBSURV Sig=5 t=87/71 u=-66
SKIPISO t=87/71 u=-66
GENS2 u=66 rlo=2 cands=8 indep=2
FIBSURV Sig=5 t=45/61 u=66
SKIPISO t=45/61 u=66
GENS2 u=66/7 rlo=2 cands=8 indep=2
FIBSURV Sig=5 t=-81/31 u=66/7
SKIPISO t=-81/31 u=66/7
GENS2 u=66/17 rlo=2 cands=12 indep=2
FIBSURV Sig=5 t=291/19 u=66/17
SKIPISO t=291/19 u=66/17
GENS2 u=-17/67 rlo=2 cands=5 indep=2
FIBSURV Sig=5 t=89/22 u=-17/67
SKIPISO t=89/22 u=-17/67
GENS2 u=67/39 rlo=2 cands=6 indep=2
FIBSURV Sig=5 t=47/8 u=67/39
SKIPISO t=47/8 u=67/39
GENS2 u=-67/49 rlo=2 cands=4 indep=2
FIBSURV Sig=5 t=137/39 u=-67/49
SKIPISO t=137/39 u=-67/49
GENSHORT u=-65/67 rlo=2 indep=1 cands=2
GENS2 u=-65/67 rlo=2 cands=2 indep=1
FIBSURV Sig=5 t=92/25 u=-65/67
SKIPISO t=92/25 u=-65/67
GENS2 u=63/67 rlo=3 cands=12 indep=3
FIBSURV Sig=5 t=84/17 u=63/67
SKIPISO t=84/17 u=63/67
GENS2 u=-67/3 rlo=2 cands=7 indep=2
FIBSURV Sig=5 t=65/41 u=-67/3
SKIPISO t=65/41 u=-67/3
GENS2 u=-33/67 rlo=2 cands=8 indep=2
FIBSURV Sig=5 t=90/23 u=-33/67
SKIPISO t=90/23 u=-33/67
GENS2 u=-67/7 rlo=2 cands=3 indep=2
FIBSURV Sig=5 t=107/51 u=-67/7
SKIPISO t=107/51 u=-67/7
GENS2 u=-67/6 rlo=2 cands=12 indep=2
GENS2 u=67/47 rlo=3 cands=12 indep=3
FIBSURV Sig=5 t=115/21 u=67/47
SKIPISO t=115/21 u=67/47
GENS2 u=67/27 rlo=3 cands=12 indep=3
FIBSURV Sig=5 t=125/17 u=67/27
SKIPISO t=125/17 u=67/27
GENS2 u=67/19 rlo=3 cands=12 indep=3
FIBSURV Sig=5 t=83/7 u=67/19
SKIPISO t=83/7 u=67/19
GENS2 u=67/5 rlo=2 cands=10 indep=2
FIBSURV Sig=5 t=-19/21 u=67/5
SKIPISO t=-19/21 u=67/5
GENS2 u=67/6 rlo=2 cands=8 indep=2
FIBSURV Sig=5 t=-59/37 u=67/6
SKIPISO t=-59/37 u=67/6
GENS2 u=-1/67 rlo=2 cands=12 indep=2
FIBSURV Sig=5 t=88/21 u=-1/67
SKIPISO t=88/21 u=-1/67
GENSHORT u=-67/11 rlo=2 indep=1 cands=2
GENS2 u=-67/11 rlo=2 cands=2 indep=1
FIBSURV Sig=5 t=149/61 u=-67/11
SKIPISO t=149/61 u=-67/11
GENS2 u=67/23 rlo=3 cands=12 indep=3
FIBSURV Sig=5 t=26/3 u=67/23
SKIPISO t=26/3 u=67/23
GENS2 u=-67/9 rlo=3 cands=12 indep=3
FIBSURV Sig=5 t=16/7 u=-67/9
SKIPISO t=16/7 u=-67/9
GENS2 u=-67/41 rlo=2 cands=12 indep=2
FIBSURV Sig=5 t=58/17 u=-67/41
SKIPISO t=58/17 u=-67/41
GENS2 u=-67/2 rlo=2 cands=4 indep=2
FIBSURV Sig=5 t=109/77 u=-67/2
SKIPISO t=109/77 u=-67/2
GENS2 u=-67 rlo=3 cands=12 indep=3
FIBSURV Sig=5 t=11/9 u=-67
SKIPISO t=11/9 u=-67
GENS2 u=-67/13 rlo=3 cands=12 indep=3
FIBSURV Sig=5 t=85/33 u=-67/13
SKIPISO t=85/33 u=-67/13
GENS2 u=-67/17 rlo=3 cands=12 indep=3
FIBSURV Sig=5 t=53/19 u=-67/17
SKIPISO t=53/19 u=-67/17
GENSHORT u=31/67 rlo=2 indep=1 cands=2
GENS2 u=31/67 rlo=2 cands=2 indep=1
FIBSURV Sig=5 t=86/19 u=31/67
SKIPISO t=86/19 u=31/67
GENS2 u=-67/25 rlo=2 cands=8 indep=2
FIBSURV Sig=5 t=37/12 u=-67/25
SKIPISO t=37/12 u=-67/25
GENS2 u=67 rlo=2 cands=7 indep=2
FIBSURV Sig=5 t=23/31 u=67
SKIPISO t=23/31 u=67
GENS2 u=68/3 rlo=2 cands=5 indep=2
FIBSURV Sig=5 t=5/53 u=68/3
SKIPISO t=5/53 u=68/3
GENS2 u=-68 rlo=2 cands=7 indep=2
FIBSURV Sig=5 t=89/73 u=-68
SKIPISO t=89/73 u=-68
GENSHORT u=68/7 rlo=2 indep=1 cands=3
GENS2 u=68/7 rlo=2 cands=3 indep=1
FIBSURV Sig=5 t=-79/33 u=68/7
SKIPISO t=-79/33 u=68/7
GENS2 u=68/9 rlo=3 cands=12 indep=3
FIBSURV Sig=5 t=-121/23 u=68/9
SKIPISO t=-121/23 u=68/9
GENSHORT u=68 rlo=2 indep=1 cands=2
GENS2 u=68 rlo=2 cands=2 indep=1
FIBSURV Sig=5 t=47/63 u=68
SKIPISO t=47/63 u=68
GENS2 u=68/5 rlo=2 cands=8 indep=2
FIBSURV Sig=5 t=-37/43 u=68/5
SKIPISO t=-37/43 u=68/5
GENS2 u=69/19 rlo=2 cands=12 indep=2
FIBSURV Sig=5 t=165/13 u=69/19
SKIPISO t=165/13 u=69/19
GENS2 u=69/49 rlo=2 cands=12 indep=2
FIBSURV Sig=5 t=60/11 u=69/49
SKIPISO t=60/11 u=69/49
GENS2 u=-69/7 rlo=3 cands=12 indep=3
FIBSURV Sig=5 t=27/13 u=-69/7
SKIPISO t=27/13 u=-69/7
GENS2 u=69/7 rlo=2 cands=12 indep=2
FIBSURV Sig=5 t=-39/17 u=69/7
SKIPISO t=-39/17 u=69/7
GENSHORT u=-69/2 rlo=2 indep=1 cands=2
GENS2 u=-69/2 rlo=2 cands=2 indep=1
FIBSURV Sig=5 t=111/79 u=-69/2
SKIPISO t=111/79 u=-69/2
GENS2 u=-69/31 rlo=2 cands=12 indep=2
FIBSURV Sig=5 t=45/14 u=-69/31
SKIPISO t=45/14 u=-69/31
GENS2 u=69/25 rlo=3 cands=12 indep=3
FIBSURV Sig=5 t=57/7 u=69/25
SKIPISO t=57/7 u=69/25
GENS2 u=69/10 rlo=3 cands=12 indep=3
FIBSURV Sig=5 t=-141/19 u=69/10
SKIPISO t=-141/19 u=69/10
GENS2 u=-69/47 rlo=2 cands=7 indep=2
FIBSURV Sig=5 t=66/19 u=-69/47
SKIPISO t=66/19 u=-69/47
GENS2 u=69/13 rlo=2 cands=12 indep=2
FIBSURV Sig=5 t=-51 u=69/13
SKIPISO t=-51 u=69/13
GENS2 u=-55/69 rlo=2 cands=12 indep=2
FIBSURV Sig=5 t=94/25 u=-55/69
SKIPISO t=94/25 u=-55/69
GENS2 u=69/4 rlo=2 cands=12 indep=2
FIBSURV Sig=5 t=-15/49 u=69/4
SKIPISO t=-15/49 u=69/4
GENS2 u=-69 rlo=2 cands=12 indep=2
FIBSURV Sig=5 t=45/37 u=-69
SKIPISO t=45/37 u=-69
GENS2 u=25/69 rlo=2 cands=4 indep=2
FIBSURV Sig=5 t=89/20 u=25/69
SKIPISO t=89/20 u=25/69
GENS2 u=41/69 rlo=2 cands=5 indep=2
FIBSURV Sig=5 t=88/19 u=41/69
SKIPISO t=88/19 u=41/69
GENS2 u=69/2 rlo=2 cands=8 indep=2
FIBSURV Sig=5 t=27/59 u=69/2
SKIPISO t=27/59 u=69/2
GENS2 u=-70/3 rlo=2 cands=6 indep=2
FIBSURV Sig=5 t=133/85 u=-70/3
SKIPISO t=133/85 u=-70/3
GENSHORT u=70 rlo=2 indep=1 cands=3
GENS2 u=70 rlo=2 cands=3 indep=1
FIBSURV Sig=5 t=49/65 u=70
SKIPISO t=49/65 u=70
GENS2 u=70/3 rlo=2 cands=7 indep=2
FIBSURV Sig=5 t=7/55 u=70/3
SKIPISO t=7/55 u=70/3
GENS2 u=-70 rlo=2 cands=12 indep=2
FIBSURV Sig=5 t=91/75 u=-70
SKIPISO t=91/75 u=-70
GENS2 u=-71/21 rlo=3 cands=12 indep=3
FIBSURV Sig=5 t=32/11 u=-71/21
SKIPISO t=32/11 u=-71/21
GENS2 u=-71/17 rlo=2 cands=10 indep=2
FIBSURV Sig=5 t=107/39 u=-71/17
SKIPISO t=107/39 u=-71/17
GENS2 u=-71/29 rlo=2 cands=12 indep=2
FIBSURV Sig=5 t=85/27 u=-71/29
SKIPISO t=85/27 u=-71/29
GENS2 u=-71 rlo=2 cands=12 indep=2
FIBSURV Sig=5 t=23/19 u=-71
SKIPISO t=23/19 u=-71
GENS2 u=71/11 rlo=2 cands=12 indep=2
FIBSURV Sig=5 t=-10 u=71/11
SKIPISO t=-10 u=71/11
GENS2 u=71/8 rlo=3 cands=12 indep=3
FIBSURV Sig=5 t=-97/31 u=71/8
SKIPISO t=-97/31 u=71/8
GENS2 u=19/71 rlo=2 cands=5 indep=2
FIBSURV Sig=5 t=92/21 u=19/71
SKIPISO t=92/21 u=19/71
GENS2 u=71 rlo=2 cands=4 indep=2
FIBSURV Sig=5 t=25/33 u=71
SKIPISO t=25/33 u=71
GENS2 u=-71/5 rlo=2 cands=12 indep=2
FIBSURV Sig=5 t=11/6 u=-71/5
SKIPISO t=11/6 u=-71/5
GENS2 u=71/59 rlo=2 cands=12 indep=2
FIBSURV Sig=5 t=73/14 u=71/59
SKIPISO t=73/14 u=71/59
GENSHORT u=-71/53 rlo=2 indep=1 cands=2
GENS2 u=-71/53 rlo=2 cands=2 indep=1
FIBSURV Sig=5 t=74/21 u=-71/53
SKIPISO t=74/21 u=-71/53
GENS2 u=-71/2 rlo=2 cands=7 indep=2
FIBSURV Sig=5 t=113/81 u=-71/2
SKIPISO t=113/81 u=-71/2
GENS2 u=-71/45 rlo=2 cands=5 indep=2
FIBSURV Sig=5 t=127/37 u=-71/45
SKIPISO t=127/37 u=-71/45
GENS2 u=71/4 rlo=2 cands=8 indep=2
FIBSURV Sig=5 t=-13/51 u=71/4
SKIPISO t=-13/51 u=71/4
GENS2 u=-45/71 rlo=2 cands=10 indep=2
FIBSURV Sig=5 t=96/25 u=-45/71
SKIPISO t=96/25 u=-45/71
GENS2 u=71/5 rlo=2 cands=8 indep=2
FIBSURV Sig=5 t=-17/23 u=71/5
SKIPISO t=-17/23 u=71/5
GENS2 u=-13/71 rlo=2 cands=8 indep=2
FIBSURV Sig=5 t=94/23 u=-13/71
SKIPISO t=94/23 u=-13/71
GENS2 u=-71/37 rlo=2 cands=8 indep=2
FIBSURV Sig=5 t=53/16 u=-71/37
SKIPISO t=53/16 u=-71/37
GENS2 u=71/43 rlo=2 cands=12 indep=2
FIBSURV Sig=5 t=52/9 u=71/43
SKIPISO t=52/9 u=71/43
GENS2 u=-71/13 rlo=2 cands=8 indep=2
FIBSURV Sig=5 t=43/17 u=-71/13
SKIPISO t=43/17 u=-71/13
GENS2 u=51/71 rlo=2 cands=12 indep=2
FIBSURV Sig=5 t=90/19 u=51/71
SKIPISO t=90/19 u=51/71
GENS2 u=-71/69 rlo=2 cands=3 indep=2
FIBSURV Sig=5 t=95/26 u=-71/69
SKIPISO t=95/26 u=-71/69
GENSHORT u=71/2 rlo=2 indep=1 cands=2
GENS2 u=71/2 rlo=2 cands=2 indep=1
FIBSURV Sig=5 t=29/61 u=71/2
SKIPISO t=29/61 u=71/2
GENS2 u=71/23 rlo=3 cands=12 indep=3
FIBSURV Sig=5 t=103/11 u=71/23
SKIPISO t=103/11 u=71/23
GENS2 u=67/71 rlo=2 cands=8 indep=2
FIBSURV Sig=5 t=89/18 u=67/71
SKIPISO t=89/18 u=67/71
GENSHORT u=71/6 rlo=2 indep=1 cands=3
GENS2 u=71/6 rlo=2 cands=3 indep=1
FIBSURV Sig=5 t=-55/41 u=71/6
SKIPISO t=-55/41 u=71/6
GENS2 u=71/17 rlo=2 cands=12 indep=2
FIBSURV Sig=5 t=143/7 u=71/17
SKIPISO t=143/7 u=71/17
GENS2 u=71/31 rlo=3 cands=12 indep=3
FIBSURV Sig=5 t=145/21 u=71/31
SKIPISO t=145/21 u=71/31
GENS2 u=71/35 rlo=3 cands=12 indep=3
FIBSURV Sig=5 t=83/13 u=71/35
SKIPISO t=83/13 u=71/35
GENSHORT u=-29/71 rlo=2 indep=1 cands=2
GENS2 u=-29/71 rlo=2 cands=2 indep=1
FIBSURV Sig=5 t=95/24 u=-29/71
SKIPISO t=95/24 u=-29/71
GENS2 u=-72 rlo=2 cands=6 indep=2
FIBSURV Sig=5 t=93/77 u=-72
SKIPISO t=93/77 u=-72
GENSHORT u=72/5 rlo=2 indep=1 cands=2
GENS2 u=72/5 rlo=2 cands=2 indep=1
FIBSURV Sig=5 t=-33/47 u=72/5
SKIPISO t=-33/47 u=72/5
GENS2 u=72/7 rlo=4 cands=12 indep=4
FIBSURV Sig=5 t=-75/37 u=72/7
SKIPISO t=-75/37 u=72/7
GENS2 u=72 rlo=2 cands=8 indep=2
FIBSURV Sig=5 t=51/67 u=72
SKIPISO t=51/67 u=72
GENS2 u=73/25 rlo=3 cands=12 indep=3
FIBSURV Sig=5 t=113/13 u=73/25
SKIPISO t=113/13 u=73/25
GENS2 u=73/4 rlo=2 cands=8 indep=2
FIBSURV Sig=5 t=-11/53 u=73/4
SKIPISO t=-11/53 u=73/4
GENS2 u=73/7 rlo=2 cands=5 indep=2
FIBSURV Sig=5 t=-37/19 u=73/7
SKIPISO t=-37/19 u=73/7
GENS2 u=73/3 rlo=2 cands=7 indep=2
FIBSURV Sig=5 t=5/29 u=73/3
SKIPISO t=5/29 u=73/3
GENS2 u=73/13 rlo=2 cands=12 indep=2
FIBSURV Sig=5 t=-25 u=73/13
SKIPISO t=-25 u=73/13
GENS2 u=-73 rlo=2 cands=9 indep=2
FIBSURV Sig=5 t=47/39 u=-73
SKIPISO t=47/39 u=-73
GENS2 u=73/8 rlo=2 cands=7 indep=2
FIBSURV Sig=5 t=-95/33 u=73/8
SKIPISO t=-95/33 u=73/8
GENS2 u=-73/5 rlo=2 cands=3 indep=2
FIBSURV Sig=5 t=89/49 u=-73/5
SKIPISO t=89/49 u=-73/5
GENS2 u=73/37 rlo=2 cands=8 indep=2
FIBSURV Sig=5 t=44/7 u=73/37
SKIPISO t=44/7 u=73/37
GENS2 u=73/15 rlo=2 cands=7 indep=2
FIBSURV Sig=5 t=121 u=73/15
SKIPISO t=121 u=73/15
GENS2 u=-73/67 rlo=3 cands=12 indep=3
GENS2 u=73/6 rlo=2 cands=12 indep=2
FIBSURV Sig=5 t=-53/43 u=73/6
SKIPISO t=-53/43 u=73/6
GENS2 u=73/2 rlo=3 cands=12 indep=3
FIBSURV Sig=5 t=31/63 u=73/2
SKIPISO t=31/63 u=73/2
GENS2 u=61/73 rlo=2 cands=6 indep=2
FIBSURV Sig=5 t=92/19 u=61/73
SKIPISO t=92/19 u=61/73
GENS2 u=73/10 rlo=2 cands=7 indep=2
FIBSURV Sig=5 t=-137/23 u=73/10
SKIPISO t=-137/23 u=73/10
GENS2 u=-73/35 rlo=3 cands=12 indep=3
FIBSURV Sig=5 t=101/31 u=-73/35
SKIPISO t=101/31 u=-73/35
GENS2 u=-73/59 rlo=2 cands=5 indep=2
FIBSURV Sig=5 t=82/23 u=-73/59
SKIPISO t=82/23 u=-73/59
GENS2 u=-67/73 rlo=2 cands=12 indep=2
FIBSURV Sig=5 t=100/27 u=-67/73
SKIPISO t=100/27 u=-67/73
GENSHORT u=-35/73 rlo=2 indep=1 cands=2
GENS2 u=-35/73 rlo=2 cands=2 indep=1
FIBSURV Sig=5 t=98/25 u=-35/73
SKIPISO t=98/25 u=-35/73
GENS2 u=-73/2 rlo=2 cands=8 indep=2
FIBSURV Sig=5 t=115/83 u=-73/2
SKIPISO t=115/83 u=-73/2
GENS2 u=73 rlo=3 cands=12 indep=3
FIBSURV Sig=5 t=13/17 u=73
SKIPISO t=13/17 u=73
GENS2 u=-73/19 rlo=3 cands=12 indep=3
FIBSURV Sig=5 t=59/21 u=-73/19
SKIPISO t=59/21 u=-73/19
GENS2 u=-27/73 rlo=2 cands=12 indep=2
FIBSURV Sig=5 t=195/49 u=-27/73
SKIPISO t=195/49 u=-27/73
GENS2 u=73/21 rlo=2 cands=12 indep=2
FIBSURV Sig=5 t=23/2 u=73/21
SKIPISO t=23/2 u=73/21
GENS2 u=-3/73 rlo=3 cands=12 indep=3
FIBSURV Sig=5 t=96/23 u=-3/73
SKIPISO t=96/23 u=-3/73
GENS2 u=29/73 rlo=2 cands=12 indep=2
FIBSURV Sig=5 t=94/21 u=29/73
SKIPISO t=94/21 u=29/73
GENS2 u=73/41 rlo=3 cands=12 indep=3
GENS2 u=-73/23 rlo=2 cands=10 indep=2
FIBSURV Sig=5 t=139/47 u=-73/23
SKIPISO t=139/47 u=-73/23
GENS2 u=45/73 rlo=2 cands=11 indep=2
FIBSURV Sig=5 t=93/20 u=45/73
SKIPISO t=93/20 u=45/73
GENS2 u=-73/11 rlo=2 cands=12 indep=2
FIBSURV Sig=5 t=19/8 u=-73/11
SKIPISO t=19/8 u=-73/11
GENS2 u=-73/9 rlo=2 cands=8 indep=2
FIBSURV Sig=5 t=131/59 u=-73/9
SKIPISO t=131/59 u=-73/9
GENS2 u=-73/43 rlo=3 cands=12 indep=3
FIBSURV Sig=5 t=61/18 u=-73/43
SKIPISO t=61/18 u=-73/43
GENS2 u=73/45 rlo=3 cands=12 indep=3
FIBSURV Sig=5 t=109/19 u=73/45
SKIPISO t=109/19 u=73/45
GENS2 u=-73/27 rlo=2 cands=12 indep=2
FIBSURV Sig=5 t=40/13 u=-73/27
SKIPISO t=40/13 u=-73/27
GENS2 u=13/73 rlo=3 cands=12 indep=3
FIBSURV Sig=5 t=95/22 u=13/73
SKIPISO t=95/22 u=13/73
GENSHORT u=-73/51 rlo=2 indep=1 cands=2
GENS2 u=-73/51 rlo=2 cands=2 indep=1
FIBSURV Sig=5 t=143/41 u=-73/51
SKIPISO t=143/41 u=-73/51
GENS2 u=74 rlo=2 cands=7 indep=2
FIBSURV Sig=5 t=53/69 u=74
SKIPISO t=53/69 u=74
GENSHORT u=-74 rlo=2 indep=1 cands=2
GENS2 u=-74 rlo=2 cands=2 indep=1
FIBSURV Sig=5 t=95/79 u=-74
SKIPISO t=95/79 u=-74
GENSHORT u=-74/3 rlo=2 indep=1 cands=2
GENS2 u=-74/3 rlo=2 cands=2 indep=1
FIBSURV Sig=5 t=137/89 u=-74/3
SKIPISO t=137/89 u=-74/3
GENSHORT u=74/3 rlo=2 indep=1 cands=3
GENS2 u=74/3 rlo=2 cands=3 indep=1
FIBSURV Sig=5 t=11/59 u=74/3
SKIPISO t=11/59 u=74/3
GENS2 u=74/7 rlo=2 cands=12 indep=2
FIBSURV Sig=5 t=-73/39 u=74/7
SKIPISO t=-73/39 u=74/7
GENS2 u=74/5 rlo=2 cands=5 indep=2
FIBSURV Sig=5 t=-31/49 u=74/5
SKIPISO t=-31/49 u=74/5
GENS2 u=-75/49 rlo=2 cands=9 indep=2
FIBSURV Sig=5 t=69/20 u=-75/49
SKIPISO t=69/20 u=-75/49
GENS2 u=75/4 rlo=2 cands=9 indep=2
FIBSURV Sig=5 t=-9/55 u=75/4
SKIPISO t=-9/55 u=75/4
GENS2 u=-75/41 rlo=2 cands=8 indep=2
FIBSURV Sig=5 t=117/35 u=-75/41
SKIPISO t=117/35 u=-75/41
GENS2 u=75/47 rlo=2 cands=11 indep=2
FIBSURV Sig=5 t=57/10 u=75/47
SKIPISO t=57/10 u=75/47
GENS2 u=23/75 rlo=2 cands=9 indep=2
FIBSURV Sig=5 t=97/22 u=23/75
SKIPISO t=97/22 u=23/75
GENS2 u=75/13 rlo=3 cands=12 indep=3
FIBSURV Sig=5 t=-99/5 u=75/13
SKIPISO t=-99/5 u=75/13
GENS2 u=75/8 rlo=2 cands=9 indep=2
FIBSURV Sig=5 t=-93/35 u=75/8
SKIPISO t=-93/35 u=75/8
GENS2 u=75 rlo=2 cands=12 indep=2
FIBSURV Sig=5 t=27/35 u=75
SKIPISO t=27/35 u=75
GENS2 u=71/75 rlo=2 cands=9 indep=2
FIBSURV Sig=5 t=94/19 u=71/75
SKIPISO t=94/19 u=71/75
GENS2 u=75/17 rlo=2 cands=12 indep=2
FIBSURV Sig=5 t=141/5 u=75/17
SKIPISO t=141/5 u=75/17
GENS2 u=-75/7 rlo=2 cands=4 indep=2
FIBSURV Sig=5 t=111/55 u=-75/7
SKIPISO t=111/55 u=-75/7
GENS2 u=-41/75 rlo=3 cands=8 indep=3
FIBSURV Sig=5 t=101/26 u=-41/75
SKIPISO t=101/26 u=-41/75
GENS2 u=7/75 rlo=2 cands=3 indep=2
FIBSURV Sig=5 t=98/23 u=7/75
SKIPISO t=98/23 u=7/75
GENS2 u=-75/17 rlo=2 cands=12 indep=2
FIBSURV Sig=5 t=27/10 u=-75/17
SKIPISO t=27/10 u=-75/17
GENS2 u=75/19 rlo=2 cands=12 indep=2
FIBSURV Sig=5 t=81/5 u=75/19
SKIPISO t=81/5 u=75/19
GENS2 u=-75/2 rlo=2 cands=9 indep=2
FIBSURV Sig=5 t=117/85 u=-75/2
SKIPISO t=117/85 u=-75/2
GENS2 u=-73/75 rlo=2 cands=8 indep=2
FIBSURV Sig=5 t=103/28 u=-73/75
SKIPISO t=103/28 u=-73/75
GENSHORT u=76/7 rlo=2 indep=1 cands=2
GENS2 u=76/7 rlo=2 cands=2 indep=1
FIBSURV Sig=5 t=-71/41 u=76/7
SKIPISO t=-71/41 u=76/7
GENS2 u=-76/3 rlo=2 cands=8 indep=2
FIBSURV Sig=5 t=139/91 u=-76/3
SKIPISO t=139/91 u=-76/3
GENS2 u=76/3 rlo=2 cands=7 indep=2
FIBSURV Sig=5 t=13/61 u=76/3
SKIPISO t=13/61 u=76/3
GENS2 u=76 rlo=2 cands=11 indep=2
FIBSURV Sig=5 t=55/71 u=76
SKIPISO t=55/71 u=76
GENSHORT u=76/5 rlo=4 indep=3 cands=12
GENS2 u=76/5 rlo=4 cands=12 indep=3
FIBSURV Sig=5 t=-29/51 u=76/5
SKIPISO t=-29/51 u=76/5
GENS2 u=-76 rlo=3 cands=12 indep=3
FIBSURV Sig=5 t=97/81 u=-76
SKIPISO t=97/81 u=-76
GENS2 u=-77/19 rlo=2 cands=12 indep=2
FIBSURV Sig=5 t=119/43 u=-77/19
SKIPISO t=119/43 u=-77/19
GENS2 u=77 rlo=2 cands=12 indep=2
FIBSURV Sig=5 t=7/9 u=77
SKIPISO t=7/9 u=77
GENS2 u=77/6 rlo=4 cands=12 indep=4
FIBSURV Sig=5 t=-49/47 u=77/6
SKIPISO t=-49/47 u=77/6
GENSHORT u=-77/5 rlo=2 indep=1 cands=2
GENS2 u=-77/5 rlo=2 cands=2 indep=1
FIBSURV Sig=5 t=91/51 u=-77/5
SKIPISO t=91/51 u=-77/5
GENS2 u=-77/47 rlo=2 cands=12 indep=2
FIBSURV Sig=5 t=133/39 u=-77/47
SKIPISO t=133/39 u=-77/47
GENS2 u=77/4 rlo=4 cands=12 indep=4
FIBSURV Sig=5 t=-7/57 u=77/4
SKIPISO t=-7/57 u=77/4
GENS2 u=-77/2 rlo=2 cands=6 indep=2
FIBSURV Sig=5 t=119/87 u=-77/2
SKIPISO t=119/87 u=-77/2
GENS2 u=17/77 rlo=2 cands=12 indep=2
FIBSURV Sig=5 t=100/23 u=17/77
SKIPISO t=100/23 u=17/77
GENSHORT u=77/2 rlo=2 indep=1 cands=2
GENS2 u=77/2 rlo=2 cands=2 indep=1
FIBSURV Sig=5 t=35/67 u=77/2
SKIPISO t=35/67 u=77/2
GENS2 u=-15/77 rlo=2 cands=4 indep=2
FIBSURV Sig=5 t=102/25 u=-15/77
SKIPISO t=102/25 u=-15/77
GENS2 u=77/9 rlo=3 cands=12 indep=3
FIBSURV Sig=5 t=-7/2 u=77/9
SKIPISO t=-7/2 u=77/9
GENS2 u=77/13 rlo=2 cands=11 indep=2
FIBSURV Sig=5 t=-49/3 u=77/13
SKIPISO t=-49/3 u=77/13
GENS2 u=77/25 rlo=3 cands=12 indep=3
FIBSURV Sig=5 t=28/3 u=77/25
SKIPISO t=28/3 u=77/25
GENS2 u=-31/77 rlo=2 cands=12 indep=2
FIBSURV Sig=5 t=103/26 u=-31/77
SKIPISO t=103/26 u=-31/77
GENS2 u=77/57 rlo=3 cands=12 indep=3
FIBSURV Sig=5 t=70/13 u=77/57
SKIPISO t=70/13 u=77/57
GENS2 u=77/8 rlo=2 cands=5 indep=2
FIBSURV Sig=5 t=-91/37 u=77/8
SKIPISO t=-91/37 u=77/8
GENS2 u=65/77 rlo=2 cands=9 indep=2
FIBSURV Sig=5 t=97/20 u=65/77
SKIPISO t=97/20 u=65/77
GENSHORT u=-77/71 rlo=2 indep=1 cands=2
GENS2 u=-77/71 rlo=2 cands=2 indep=1
FIBSURV Sig=5 t=98/27 u=-77/71
SKIPISO t=98/27 u=-77/71
GENS2 u=-77/39 rlo=2 cands=8 indep=2
FIBSURV Sig=5 t=56/17 u=-77/39
SKIPISO t=56/17 u=-77/39
GENS2 u=-77/15 rlo=2 cands=6 indep=2
FIBSURV Sig=5 t=49/19 u=-77/15
SKIPISO t=49/19 u=-77/15
GENSHORT u=-47/77 rlo=2 indep=1 cands=2
GENS2 u=-47/77 rlo=2 cands=2 indep=1
FIBSURV Sig=5 t=104/27 u=-47/77
SKIPISO t=104/27 u=-47/77
GENS2 u=77/41 rlo=2 cands=12 indep=2
FIBSURV Sig=5 t=49/8 u=77/41
SKIPISO t=49/8 u=77/41
GENSHORT u=-77/31 rlo=2 indep=1 cands=2
GENS2 u=-77/31 rlo=2 cands=2 indep=1
FIBSURV Sig=5 t=91/29 u=-77/31
SKIPISO t=91/29 u=-77/31
GENS2 u=-77 rlo=2 cands=10 indep=2
FIBSURV Sig=5 t=49/41 u=-77
SKIPISO t=49/41 u=-77
GENS2 u=-77/9 rlo=2 cands=7 indep=2
FIBSURV Sig=5 t=133/61 u=-77/9
SKIPISO t=133/61 u=-77/9
GENS2 u=78 rlo=2 cands=6 indep=2
FIBSURV Sig=5 t=57/73 u=78
SKIPISO t=57/73 u=78
GENSHORT u=78/7 rlo=2 indep=1 cands=2
GENS2 u=78/7 rlo=2 cands=2 indep=1
FIBSURV Sig=5 t=-69/43 u=78/7
SKIPISO t=-69/43 u=78/7
GENSHORT u=-78 rlo=2 indep=1 cands=2
GENS2 u=-78 rlo=2 cands=2 indep=1
FIBSURV Sig=5 t=99/83 u=-78
SKIPISO t=99/83 u=-78
GENSHORT u=78/5 rlo=2 indep=1 cands=2
GENS2 u=78/5 rlo=2 cands=2 indep=1
FIBSURV Sig=5 t=-27/53 u=78/5
SKIPISO t=-27/53 u=78/5
GENS2 u=79/17 rlo=4 cands=12 indep=4
FIBSURV Sig=5 t=139/3 u=79/17
SKIPISO t=139/3 u=79/17
GENS2 u=43/79 rlo=3 cands=12 indep=3
FIBSURV Sig=5 t=101/22 u=43/79
SKIPISO t=101/22 u=43/79
GENS2 u=-21/79 rlo=2 cands=10 indep=2
FIBSURV Sig=5 t=105/26 u=-21/79
SKIPISO t=105/26 u=-21/79
GENS2 u=27/79 rlo=2 cands=8 indep=2
FIBSURV Sig=5 t=102/23 u=27/79
SKIPISO t=102/23 u=27/79
GENSHORT u=-5/79 rlo=2 indep=1 cands=2
GENS2 u=-5/79 rlo=2 cands=2 indep=1
FIBSURV Sig=5 t=104/25 u=-5/79
SKIPISO t=104/25 u=-5/79
GENS2 u=-79/13 rlo=2 cands=12 indep=2
FIBSURV Sig=5 t=22/9 u=-79/13
SKIPISO t=22/9 u=-79/13
GENS2 u=79/3 rlo=3 cands=12 indep=3
FIBSURV Sig=5 t=1/4 u=79/3
SKIPISO t=1/4 u=79/3
GENS2 u=-79/29 rlo=3 cands=12 indep=3
FIBSURV Sig=5 t=43/14 u=-79/29
SKIPISO t=43/14 u=-79/29
GENS2 u=79/15 rlo=2 cands=12 indep=2
FIBSURV Sig=5 t=-59 u=79/15
SKIPISO t=-59 u=79/15
GENS2 u=-69/79 rlo=2 cands=3 indep=2
FIBSURV Sig=5 t=108/29 u=-69/79
SKIPISO t=108/29 u=-69/79
GENS2 u=79/6 rlo=2 cands=12 indep=2
FIBSURV Sig=5 t=-47/49 u=79/6
SKIPISO t=-47/49 u=79/6
GENS2 u=79/13 rlo=3 cands=12 indep=3
FIBSURV Sig=5 t=-97/7 u=79/13
SKIPISO t=-97/7 u=79/13
GENS2 u=79/4 rlo=2 cands=12 indep=2
FIBSURV Sig=5 t=-5/59 u=79/4
SKIPISO t=-5/59 u=79/4
GENS2 u=79/11 rlo=2 cands=11 indep=2
FIBSURV Sig=5 t=-19/3 u=79/11
SKIPISO t=-19/3 u=79/11
GENS2 u=75/79 rlo=2 cands=10 indep=2
FIBSURV Sig=5 t=99/20 u=75/79
SKIPISO t=99/20 u=75/79
GENS2 u=79/8 rlo=2 cands=11 indep=2
FIBSURV Sig=5 t=-89/39 u=79/8
SKIPISO t=-89/39 u=79/8
GENSHORT u=-79/53 rlo=2 indep=1 cands=2
GENS2 u=-79/53 rlo=2 cands=2 indep=1
FIBSURV Sig=5 t=149/43 u=-79/53
SKIPISO t=149/43 u=-79/53
GENS2 u=79 rlo=2 cands=9 indep=2
FIBSURV Sig=5 t=29/37 u=79
SKIPISO t=29/37 u=79
GENSHORT u=-53/79 rlo=2 indep=1 cands=2
GENS2 u=-53/79 rlo=2 cands=2 indep=1
FIBSURV Sig=5 t=107/28 u=-53/79
SKIPISO t=107/28 u=-53/79
GENS2 u=79/23 rlo=2 cands=12 indep=2
FIBSURV Sig=5 t=101/9 u=79/23
SKIPISO t=101/9 u=79/23
GENS2 u=-79/37 rlo=2 cands=8 indep=2
FIBSURV Sig=5 t=107/33 u=-79/37
SKIPISO t=107/33 u=-79/37
GENS2 u=-79/45 rlo=2 cands=12 indep=2
FIBSURV Sig=5 t=64/19 u=-79/45
SKIPISO t=64/19 u=-79/45
GENSHORT u=79/2 rlo=2 indep=1 cands=3
GENS2 u=79/2 rlo=2 cands=3 indep=1
FIBSURV Sig=5 t=37/69 u=79/2
SKIPISO t=37/69 u=79/2
GENS2 u=-79/17 rlo=2 cands=9 indep=2
FIBSURV Sig=5 t=109/41 u=-79/17
SKIPISO t=109/41 u=-79/17
GENS2 u=-79/10 rlo=2 cands=12 indep=2
FIBSURV Sig=5 t=289/129 u=-79/10
SKIPISO t=289/129 u=-79/10
GENS2 u=79/31 rlo=3 cands=12 indep=3
FIBSURV Sig=5 t=143/19 u=79/31
SKIPISO t=143/19 u=79/31
GENS2 u=79/5 rlo=2 cands=6 indep=2
FIBSURV Sig=5 t=-13/27 u=79/5
SKIPISO t=-13/27 u=79/5
GENS2 u=-79/7 rlo=4 cands=12 indep=4
FIBSURV Sig=5 t=113/57 u=-79/7
SKIPISO t=113/57 u=-79/7
GENS2 u=-37/79 rlo=2 cands=6 indep=2
FIBSURV Sig=5 t=106/27 u=-37/79
SKIPISO t=106/27 u=-37/79
GENS2 u=-79/77 rlo=2 cands=7 indep=2
FIBSURV Sig=5 t=106/29 u=-79/77
SKIPISO t=106/29 u=-79/77
GENS2 u=79/43 rlo=2 cands=8 indep=2
FIBSURV Sig=5 t=103/17 u=79/43
SKIPISO t=103/17 u=79/43
GENS2 u=59/79 rlo=2 cands=12 indep=2
FIBSURV Sig=5 t=100/21 u=59/79
SKIPISO t=100/21 u=59/79
GENS2 u=79/27 rlo=2 cands=9 indep=2
FIBSURV Sig=5 t=61/7 u=79/27
SKIPISO t=61/7 u=79/27
GENS2 u=11/79 rlo=2 cands=11 indep=2
FIBSURV Sig=5 t=103/24 u=11/79
SKIPISO t=103/24 u=11/79
GENS2 u=-79 rlo=3 cands=12 indep=3
FIBSURV Sig=5 t=25/21 u=-79
SKIPISO t=25/21 u=-79
GENS2 u=-80 rlo=2 cands=8 indep=2
FIBSURV Sig=5 t=101/85 u=-80
SKIPISO t=101/85 u=-80
GENSHORT u=80 rlo=2 indep=1 cands=2
GENS2 u=80 rlo=2 cands=2 indep=1
FIBSURV Sig=5 t=59/75 u=80
SKIPISO t=59/75 u=80
GENSHORT u=-80/3 rlo=2 indep=1 cands=2
GENS2 u=-80/3 rlo=2 cands=2 indep=1
FIBSURV Sig=5 t=143/95 u=-80/3
SKIPISO t=143/95 u=-80/3
GENS2 u=-81/23 rlo=2 cands=12 indep=2
FIBSURV Sig=5 t=141/49 u=-81/23
SKIPISO t=141/49 u=-81/23
GENS2 u=81/53 rlo=3 cands=12 indep=3
FIBSURV Sig=5 t=129/23 u=81/53
SKIPISO t=129/23 u=81/53
GENS2 u=-81/5 rlo=2 cands=12 indep=2
FIBSURV Sig=5 t=93/53 u=-81/5
SKIPISO t=93/53 u=-81/5
GENS2 u=81/8 rlo=2 cands=8 indep=2
FIBSURV Sig=5 t=-87/41 u=81/8
SKIPISO t=-87/41 u=81/8
GENS2 u=81/25 rlo=3 cands=12 indep=3
FIBSURV Sig=5 t=111/11 u=81/25
SKIPISO t=111/11 u=81/25
GENS2 u=-43/81 rlo=4 cands=12 indep=4
FIBSURV Sig=5 t=109/28 u=-43/81
SKIPISO t=109/28 u=-43/81
GENS2 u=81/4 rlo=2 cands=4 indep=2
FIBSURV Sig=5 t=-3/61 u=81/4
SKIPISO t=-3/61 u=81/4
GENS2 u=5/81 rlo=2 cands=6 indep=2
FIBSURV Sig=5 t=106/25 u=5/81
SKIPISO t=106/25 u=5/81
GENS2 u=81/37 rlo=3 cands=12 indep=3
FIBSURV Sig=5 t=87/13 u=81/37
SKIPISO t=87/13 u=81/37
GENS2 u=-81/43 rlo=2 cands=10 indep=2
FIBSURV Sig=5 t=123/37 u=-81/43
SKIPISO t=123/37 u=-81/43
GENS2 u=53/81 rlo=3 cands=12 indep=3
FIBSURV Sig=5 t=103/22 u=53/81
SKIPISO t=103/22 u=53/81
GENS2 u=81/13 rlo=2 cands=12 indep=2
FIBSURV Sig=5 t=-12 u=81/13
SKIPISO t=-12 u=81/13
GENSHORT u=81/2 rlo=2 indep=1 cands=2
GENS2 u=81/2 rlo=2 cands=2 indep=1
FIBSURV Sig=5 t=39/71 u=81/2
SKIPISO t=39/71 u=81/2
GENS2 u=81/7 rlo=2 cands=4 indep=2
FIBSURV Sig=5 t=-33/23 u=81/7
SKIPISO t=-33/23 u=81/7
GENS2 u=81/5 rlo=2 cands=12 indep=2
FIBSURV Sig=5 t=-3/7 u=81/5
SKIPISO t=-3/7 u=81/5
GENS2 u=-81/2 rlo=2 cands=5 indep=2
FIBSURV Sig=5 t=123/91 u=-81/2
SKIPISO t=123/91 u=-81/2
GENSHORT u=-59/81 rlo=2 indep=1 cands=2
GENS2 u=-59/81 rlo=2 cands=2 indep=1
FIBSURV Sig=5 t=110/29 u=-59/81
SKIPISO t=110/29 u=-59/81
GENS2 u=37/81 rlo=2 cands=5 indep=2
FIBSURV Sig=5 t=104/23 u=37/81
SKIPISO t=104/23 u=37/81
GENS2 u=-81 rlo=2 cands=6 indep=2
FIBSURV Sig=5 t=51/43 u=-81
SKIPISO t=51/43 u=-81
GENS2 u=-81/35 rlo=2 cands=8 indep=2
FIBSURV Sig=5 t=51/16 u=-81/35
SKIPISO t=51/16 u=-81/35
GENS2 u=81/61 rlo=2 cands=11 indep=2
FIBSURV Sig=5 t=75/14 u=81/61
SKIPISO t=75/14 u=81/61
GENS2 u=82/9 rlo=2 cands=8 indep=2
FIBSURV Sig=5 t=-107/37 u=82/9
SKIPISO t=-107/37 u=82/9
GENS2 u=-82/11 rlo=2 cands=12 indep=2
FIBSURV Sig=5 t=313/137 u=-82/11
SKIPISO t=313/137 u=-82/11
GENSHORT u=-82 rlo=2 indep=1 cands=2
GENS2 u=-82 rlo=2 cands=2 indep=1
FIBSURV Sig=5 t=103/87 u=-82
SKIPISO t=103/87 u=-82
GENS2 u=82 rlo=3 cands=12 indep=3
FIBSURV Sig=5 t=61/77 u=82
SKIPISO t=61/77 u=82
GENS2 u=82/5 rlo=2 cands=11 indep=2
FIBSURV Sig=5 t=-23/57 u=82/5
SKIPISO t=-23/57 u=82/5
GENSHORT u=82/3 rlo=2 indep=1 cands=2
GENS2 u=82/3 rlo=2 cands=2 indep=1
FIBSURV Sig=5 t=19/67 u=82/3
SKIPISO t=19/67 u=82/3
GENS2 u=-82/3 rlo=2 cands=4 indep=2
FIBSURV Sig=5 t=145/97 u=-82/3
SKIPISO t=145/97 u=-82/3
GENS2 u=82/7 rlo=2 cands=9 indep=2
FIBSURV Sig=5 t=-65/47 u=82/7
SKIPISO t=-65/47 u=82/7
GENS2 u=83/10 rlo=3 cands=12 indep=3
FIBSURV Sig=5 t=-127/33 u=83/10
SKIPISO t=-127/33 u=83/10
GENSHORT u=79/83 rlo=2 indep=1 cands=2
GENS2 u=79/83 rlo=2 cands=2 indep=1
FIBSURV Sig=5 t=104/21 u=79/83
SKIPISO t=104/21 u=79/83
GENSHORT u=83/6 rlo=2 indep=1 cands=2
GENS2 u=83/6 rlo=2 cands=2 indep=1
FIBSURV Sig=5 t=-43/53 u=83/6
SKIPISO t=-43/53 u=83/6
GENS2 u=63/83 rlo=2 cands=12 indep=2
FIBSURV Sig=5 t=105/22 u=63/83
SKIPISO t=105/22 u=63/83
GENS2 u=83/8 rlo=2 cands=6 indep=2
FIBSURV Sig=5 t=-85/43 u=83/8
SKIPISO t=-85/43 u=83/8
GENS2 u=-83/2 rlo=4 cands=12 indep=4
FIBSURV Sig=5 t=125/93 u=-83/2
SKIPISO t=125/93 u=-83/2
GENSHORT u=-83/57 rlo=2 indep=1 cands=2
GENS2 u=-83/57 rlo=2 cands=2 indep=1
FIBSURV Sig=5 t=80/23 u=-83/57
SKIPISO t=80/23 u=-83/57
GENS2 u=-17/83 rlo=2 cands=3 indep=2
FIBSURV Sig=5 t=110/27 u=-17/83
SKIPISO t=110/27 u=-17/83
GENS2 u=-83/33 rlo=2 cands=6 indep=2
FIBSURV Sig=5 t=97/31 u=-83/33
SKIPISO t=97/31 u=-83/33
GENS2 u=-83/5 rlo=2 cands=12 indep=2
FIBSURV Sig=5 t=47/27 u=-83/5
SKIPISO t=47/27 u=-83/5
GENS2 u=83/9 rlo=2 cands=11 indep=2
FIBSURV Sig=5 t=-53/19 u=83/9
SKIPISO t=-53/19 u=83/9
GENS2 u=-49/83 rlo=2 cands=8 indep=2
FIBSURV Sig=5 t=112/29 u=-49/83
SKIPISO t=112/29 u=-49/83
GENSHORT u=83/13 rlo=2 indep=1 cands=2
GENS2 u=83/13 rlo=2 cands=2 indep=1
FIBSURV Sig=5 t=-95/9 u=83/13
SKIPISO t=-95/9 u=83/13
GENS2 u=83 rlo=2 cands=9 indep=2
FIBSURV Sig=5 t=31/39 u=83
SKIPISO t=31/39 u=83
GENS2 u=-83/21 rlo=3 cands=12 indep=3
FIBSURV Sig=5 t=131/47 u=-83/21
SKIPISO t=131/47 u=-83/21
GENS2 u=-33/83 rlo=2 cands=8 indep=2
FIBSURV Sig=5 t=111/28 u=-33/83
SKIPISO t=111/28 u=-33/83
GENS2 u=-1/83 rlo=3 cands=12 indep=3
FIBSURV Sig=5 t=109/26 u=-1/83
SKIPISO t=109/26 u=-1/83
GENS2 u=-83/3 rlo=2 cands=9 indep=2
FIBSURV Sig=5 t=73/49 u=-83/3
SKIPISO t=73/49 u=-83/3
GENSHORT u=-83/49 rlo=2 indep=1 cands=2
GENS2 u=-83/49 rlo=2 cands=2 indep=1
FIBSURV Sig=5 t=139/41 u=-83/49
SKIPISO t=139/41 u=-83/49
GENS2 u=83/15 rlo=3 cands=12 indep=3
FIBSURV Sig=5 t=-29 u=83/15
SKIPISO t=-29 u=83/15
GENSHORT u=-81/83 rlo=2 indep=1 cands=2
GENS2 u=-81/83 rlo=2 cands=2 indep=1
FIBSURV Sig=5 t=114/31 u=-81/83
SKIPISO t=114/31 u=-81/83
GENS2 u=-83 rlo=3 cands=12 indep=3
FIBSURV Sig=5 t=13/11 u=-83
SKIPISO t=13/11 u=-83
GENS2 u=-83/7 rlo=2 cands=4 indep=2
FIBSURV Sig=5 t=115/59 u=-83/7
SKIPISO t=115/59 u=-83/7
GENS2 u=83/27 rlo=2 cands=9 indep=2
FIBSURV Sig=5 t=121/13 u=83/27
SKIPISO t=121/13 u=83/27
GENS2 u=-83/9 rlo=2 cands=11 indep=2
FIBSURV Sig=5 t=17/8 u=-83/9
SKIPISO t=17/8 u=-83/9
GENS2 u=-83/13 rlo=3 cands=12 indep=3
FIBSURV Sig=5 t=89/37 u=-83/13
SKIPISO t=89/37 u=-83/13
GENS2 u=83/4 rlo=2 cands=6 indep=2
FIBSURV Sig=5 t=-1/63 u=83/4
SKIPISO t=-1/63 u=83/4
GENS2 u=83/17 rlo=2 cands=9 indep=2
FIBSURV Sig=5 t=137 u=83/17
SKIPISO t=137 u=83/17
GENS2 u=83/2 rlo=2 cands=7 indep=2
FIBSURV Sig=5 t=41/73 u=83/2
SKIPISO t=41/73 u=83/2
GENS2 u=-83/73 rlo=2 cands=9 indep=2
FIBSURV Sig=5 t=101/28 u=-83/73
SKIPISO t=101/28 u=-83/73
GENS2 u=-83/17 rlo=2 cands=12 indep=2
FIBSURV Sig=5 t=55/21 u=-83/17
SKIPISO t=55/21 u=-83/17
GENS2 u=15/83 rlo=2 cands=6 indep=2
FIBSURV Sig=5 t=108/25 u=15/83
SKIPISO t=108/25 u=15/83
GENS2 u=83/47 rlo=2 cands=12 indep=2
FIBSURV Sig=5 t=113/19 u=83/47
SKIPISO t=113/19 u=83/47
GENS2 u=83/23 rlo=2 cands=12 indep=2
FIBSURV Sig=5 t=25/2 u=83/23
SKIPISO t=25/2 u=83/23
GENS2 u=83/3 rlo=3 cands=12 indep=3
FIBSURV Sig=5 t=5/17 u=83/3
SKIPISO t=5/17 u=83/3
GENS2 u=83/55 rlo=3 cands=12 indep=3
FIBSURV Sig=5 t=67/12 u=83/55
SKIPISO t=67/12 u=83/55
GENSHORT u=84 rlo=2 indep=1 cands=2
GENS2 u=84 rlo=2 cands=2 indep=1
FIBSURV Sig=5 t=63/79 u=84
SKIPISO t=63/79 u=84
GENSHORT u=-84 rlo=2 indep=1 cands=2
GENS2 u=-84 rlo=2 cands=2 indep=1
FIBSURV Sig=5 t=105/89 u=-84
SKIPISO t=105/89 u=-84
GENS2 u=84/5 rlo=2 cands=3 indep=2
FIBSURV Sig=5 t=-21/59 u=84/5
SKIPISO t=-21/59 u=84/5
GENS2 u=-85/2 rlo=2 cands=5 indep=2
FIBSURV Sig=5 t=127/95 u=-85/2
SKIPISO t=127/95 u=-85/2
GENS2 u=85 rlo=3 cands=12 indep=3
FIBSURV Sig=5 t=4/5 u=85
SKIPISO t=4/5 u=85
GENS2 u=85/13 rlo=2 cands=12 indep=2
FIBSURV Sig=5 t=-47/5 u=85/13
SKIPISO t=-47/5 u=85/13
GENS2 u=9/85 rlo=2 cands=12 indep=2
FIBSURV Sig=5 t=111/26 u=9/85
SKIPISO t=111/26 u=9/85
GENS2 u=85/3 rlo=2 cands=10 indep=2
FIBSURV Sig=5 t=11/35 u=85/3
SKIPISO t=11/35 u=85/3
GENSHORT u=-71/85 rlo=2 indep=1 cands=2
GENS2 u=-71/85 rlo=2 cands=2 indep=1
FIBSURV Sig=5 t=116/31 u=-71/85
SKIPISO t=116/31 u=-71/85
GENS2 u=-85/79 rlo=2 cands=6 indep=2
FIBSURV Sig=5 t=109/30 u=-85/79
SKIPISO t=109/30 u=-85/79
GENS2 u=41/85 rlo=3 cands=12 indep=3
FIBSURV Sig=5 t=109/24 u=41/85
SKIPISO t=109/24 u=41/85
GENS2 u=85/2 rlo=2 cands=9 indep=2
FIBSURV Sig=5 t=43/75 u=85/2
SKIPISO t=43/75 u=85/2
GENS2 u=-85/9 rlo=4 cands=12 indep=4
FIBSURV Sig=5 t=137/65 u=-85/9
SKIPISO t=137/65 u=-85/9
GENS2 u=85/7 rlo=2 cands=5 indep=2
FIBSURV Sig=5 t=-31/25 u=85/7
SKIPISO t=-31/25 u=85/7
GENSHORT u=73/85 rlo=3 indep=2 cands=7
GENS2 u=73/85 rlo=3 cands=7 indep=2
FIBSURV Sig=5 t=107/22 u=73/85
SKIPISO t=107/22 u=73/85
GENS2 u=85/41 rlo=3 cands=12 indep=3
FIBSURV Sig=5 t=97/15 u=85/41
SKIPISO t=97/15 u=85/41
GENS2 u=85/8 rlo=2 cands=9 indep=2
FIBSURV Sig=5 t=-83/45 u=85/8
SKIPISO t=-83/45 u=85/8
GENS2 u=-85/47 rlo=2 cands=11 indep=2
FIBSURV Sig=5 t=67/20 u=-85/47
SKIPISO t=67/20 u=-85/47
GENSHORT u=-7/85 rlo=2 indep=1 cands=2
GENS2 u=-7/85 rlo=2 cands=2 indep=1
FIBSURV Sig=5 t=112/27 u=-7/85
SKIPISO t=112/27 u=-7/85
GENS2 u=-23/85 rlo=2 cands=6 indep=2
FIBSURV Sig=5 t=113/28 u=-23/85
SKIPISO t=113/28 u=-23/85
GENS2 u=-85/63 rlo=2 cands=8 indep=2
FIBSURV Sig=5 t=88/25 u=-85/63
SKIPISO t=88/25 u=-85/63
GENS2 u=-85/39 rlo=3 cands=12 indep=3
FIBSURV Sig=5 t=113/35 u=-85/39
SKIPISO t=113/35 u=-85/39
GENS2 u=-85/31 rlo=2 cands=12 indep=2
FIBSURV Sig=5 t=46/15 u=-85/31
SKIPISO t=46/15 u=-85/31
GENSHORT u=57/85 rlo=2 indep=1 cands=2
GENS2 u=57/85 rlo=2 cands=2 indep=1
FIBSURV Sig=5 t=108/23 u=57/85
SKIPISO t=108/23 u=57/85
GENS2 u=-85/11 rlo=2 cands=10 indep=2
FIBSURV Sig=5 t=79/35 u=-85/11
SKIPISO t=79/35 u=-85/11
GENS2 u=86/7 rlo=2 cands=8 indep=2
FIBSURV Sig=5 t=-61/51 u=86/7
SKIPISO t=-61/51 u=86/7
GENSHORT u=-86 rlo=2 indep=1 cands=2
GENS2 u=-86 rlo=2 cands=2 indep=1
FIBSURV Sig=5 t=107/91 u=-86
SKIPISO t=107/91 u=-86
GENS2 u=86/11 rlo=3 cands=12 indep=3
FIBSURV Sig=5 t=-145/31 u=86/11
SKIPISO t=-145/31 u=86/11
GENSHORT u=86/5 rlo=2 indep=1 cands=2
GENS2 u=86/5 rlo=2 cands=2 indep=1
FIBSURV Sig=5 t=-19/61 u=86/5
SKIPISO t=-19/61 u=86/5
GENS2 u=86 rlo=2 cands=8 indep=2
FIBSURV Sig=5 t=65/81 u=86
SKIPISO t=65/81 u=86
GENS2 u=86/9 rlo=2 cands=8 indep=2
FIBSURV Sig=5 t=-103/41 u=86/9
SKIPISO t=-103/41 u=86/9
GENS2 u=-86/3 rlo=2 cands=4 indep=2
FIBSURV Sig=5 t=149/101 u=-86/3
SKIPISO t=149/101 u=-86/3
GENSHORT u=-77/87 rlo=3 indep=2 cands=6
GENS2 u=-77/87 rlo=3 cands=6 indep=2
FIBSURV Sig=5 t=119/32 u=-77/87
SKIPISO t=119/32 u=-77/87
GENS2 u=-87/7 rlo=2 cands=5 indep=2
FIBSURV Sig=5 t=117/61 u=-87/7
SKIPISO t=117/61 u=-87/7
GENS2 u=-87/37 rlo=2 cands=8 indep=2
FIBSURV Sig=5 t=54/17 u=-87/37
SKIPISO t=54/17 u=-87/37
GENSHORT u=87/8 rlo=2 indep=1 cands=3
GENS2 u=87/8 rlo=2 cands=3 indep=1
FIBSURV Sig=5 t=-81/47 u=87/8
SKIPISO t=-81/47 u=87/8
GENS2 u=87 rlo=2 cands=6 indep=2
FIBSURV Sig=5 t=33/41 u=87
SKIPISO t=33/41 u=87
GENSHORT u=67/87 rlo=2 indep=1 cands=2
GENS2 u=67/87 rlo=2 cands=2 indep=1
FIBSURV Sig=5 t=110/23 u=67/87
SKIPISO t=110/23 u=67/87
GENS2 u=-87 rlo=2 cands=11 indep=2
FIBSURV Sig=5 t=27/23 u=-87
SKIPISO t=27/23 u=-87
GENS2 u=-87/85 rlo=2 cands=9 indep=2
FIBSURV Sig=5 t=117/32 u=-87/85
SKIPISO t=117/32 u=-87/85
GENS2 u=35/87 rlo=2 cands=4 indep=2
FIBSURV Sig=5 t=112/25 u=35/87
SKIPISO t=112/25 u=35/87
GENS2 u=-87/17 rlo=3 cands=12 indep=3
FIBSURV Sig=5 t=111/43 u=-87/17
SKIPISO t=111/43 u=-87/17
GENS2 u=83/87 rlo=3 cands=12 indep=3
FIBSURV Sig=5 t=109/22 u=83/87
SKIPISO t=109/22 u=83/87
GENS2 u=87/5 rlo=2 cands=7 indep=2
FIBSURV Sig=5 t=-9/31 u=87/5
SKIPISO t=-9/31 u=87/5
GENS2 u=-61/87 rlo=2 cands=12 indep=2
FIBSURV Sig=5 t=118/31 u=-61/87
SKIPISO t=118/31 u=-61/87
GENS2 u=87/4 rlo=2 cands=8 indep=2
FIBSURV Sig=5 t=3/67 u=87/4
SKIPISO t=3/67 u=87/4
GENS2 u=-87/2 rlo=2 cands=3 indep=2
FIBSURV Sig=5 t=129/97 u=-87/2
SKIPISO t=129/97 u=-87/2
GENS2 u=-13/87 rlo=2 cands=6 indep=2
FIBSURV Sig=5 t=115/28 u=-13/87
SKIPISO t=115/28 u=-13/87
GENS2 u=87/35 rlo=3 cands=12 indep=3
FIBSURV Sig=5 t=81/11 u=87/35
SKIPISO t=81/11 u=87/35
GENS2 u=-87/53 rlo=3 cands=12 indep=3
FIBSURV Sig=5 t=75/22 u=-87/53
SKIPISO t=75/22 u=-87/53
GENS2 u=87/2 rlo=2 cands=9 indep=2
FIBSURV Sig=5 t=45/77 u=87/2
SKIPISO t=45/77 u=87/2
GENS2 u=-87/13 rlo=3 cands=12 indep=3
FIBSURV Sig=5 t=45/19 u=-87/13
SKIPISO t=45/19 u=-87/13
GENSHORT u=-88 rlo=2 indep=1 cands=2
GENS2 u=-88 rlo=2 cands=2 indep=1
FIBSURV Sig=5 t=109/93 u=-88
SKIPISO t=109/93 u=-88
GENS2 u=88/3 rlo=2 cands=6 indep=2
FIBSURV Sig=5 t=25/73 u=88/3
SKIPISO t=25/73 u=88/3
GENSHORT u=88 rlo=2 indep=1 cands=2
GENS2 u=88 rlo=2 cands=2 indep=1
FIBSURV Sig=5 t=67/83 u=88
SKIPISO t=67/83 u=88
GENS2 u=88/9 rlo=2 cands=10 indep=2
FIBSURV Sig=5 t=-101/43 u=88/9
SKIPISO t=-101/43 u=88/9
GENS2 u=-88/9 rlo=2 cands=12 indep=2
GENS2 u=89/37 rlo=2 cands=10 indep=2
FIBSURV Sig=5 t=43/6 u=89/37
SKIPISO t=43/6 u=89/37
GENS2 u=-19/89 rlo=2 cands=3 indep=2
FIBSURV Sig=5 t=118/29 u=-19/89
SKIPISO t=118/29 u=-19/89
GENS2 u=-89 rlo=2 cands=10 indep=2
FIBSURV Sig=5 t=55/47 u=-89
SKIPISO t=55/47 u=-89
GENS2 u=89/21 rlo=3 cands=12 indep=3
FIBSURV Sig=5 t=22 u=89/21
SKIPISO t=22 u=89/21
GENS2 u=89/45 rlo=2 cands=12 indep=2
FIBSURV Sig=5 t=107/17 u=89/45
SKIPISO t=107/17 u=89/45
GENS2 u=89/2 rlo=2 cands=6 indep=2
FIBSURV Sig=5 t=47/79 u=89/2
SKIPISO t=47/79 u=89/2
GENS2 u=-3/89 rlo=2 cands=4 indep=2
FIBSURV Sig=5 t=117/28 u=-3/89
SKIPISO t=117/28 u=-3/89
GENS2 u=89/69 rlo=3 cands=12 indep=3
FIBSURV Sig=5 t=85/16 u=89/69
SKIPISO t=85/16 u=89/69
GENS2 u=89/25 rlo=2 cands=8 indep=2
FIBSURV Sig=5 t=109/9 u=89/25
SKIPISO t=109/9 u=89/25
MWSKIP u=89/4 bounds=[1,2]
GENS2 u=-89/43 rlo=2 cands=7 indep=2
FIBSURV Sig=5 t=62/19 u=-89/43
SKIPISO t=62/19 u=-89/43
GENS2 u=-89/15 rlo=2 cands=10 indep=2
FIBSURV Sig=5 t=101/41 u=-89/15
SKIPISO t=101/41 u=-89/15
GENSHORT u=89/6 rlo=2 indep=1 cands=2
GENS2 u=89/6 rlo=2 cands=2 indep=1
FIBSURV Sig=5 t=-37/59 u=89/6
SKIPISO t=-37/59 u=89/6
GENS2 u=-89/35 rlo=2 cands=9 indep=2
FIBSURV Sig=5 t=103/33 u=-89/35
SKIPISO t=103/33 u=-89/35
GENS2 u=13/89 rlo=2 cands=7 indep=2
FIBSURV Sig=5 t=116/27 u=13/89
SKIPISO t=116/27 u=13/89
GENS2 u=29/89 rlo=3 cands=12 indep=3
FIBSURV Sig=5 t=115/26 u=29/89
SKIPISO t=115/26 u=29/89
GENS2 u=-51/89 rlo=2 cands=4 indep=2
FIBSURV Sig=5 t=120/31 u=-51/89
SKIPISO t=120/31 u=-51/89
GENS2 u=77/89 rlo=2 cands=9 indep=2
FIBSURV Sig=5 t=112/23 u=77/89
SKIPISO t=112/23 u=77/89
GENS2 u=-89/51 rlo=2 cands=4 indep=2
FIBSURV Sig=5 t=145/43 u=-89/51
SKIPISO t=145/43 u=-89/51
GENSHORT u=-83/89 rlo=2 indep=1 cands=2
GENS2 u=-83/89 rlo=2 cands=2 indep=1
FIBSURV Sig=5 t=122/33 u=-83/89
SKIPISO t=122/33 u=-83/89
GENS2 u=89/7 rlo=2 cands=8 indep=2
FIBSURV Sig=5 t=-29/27 u=89/7
SKIPISO t=-29/27 u=89/7
GENS2 u=-89/9 rlo=2 cands=4 indep=2
FIBSURV Sig=5 t=139/67 u=-89/9
SKIPISO t=139/67 u=-89/9
GENS2 u=89/10 rlo=3 cands=12 indep=3
FIBSURV Sig=5 t=-121/39 u=89/10
SKIPISO t=-121/39 u=89/10
GENS2 u=89 rlo=3 cands=12 indep=3
FIBSURV Sig=5 t=17/21 u=89
SKIPISO t=17/21 u=89
GENS2 u=-89/7 rlo=2 cands=10 indep=2
FIBSURV Sig=5 t=59/31 u=-89/7
SKIPISO t=59/31 u=-89/7
GENS2 u=61/89 rlo=3 cands=12 indep=3
FIBSURV Sig=5 t=113/24 u=61/89
SKIPISO t=113/24 u=61/89
GENS2 u=-89/27 rlo=2 cands=9 indep=2
FIBSURV Sig=5 t=41/14 u=-89/27
SKIPISO t=41/14 u=-89/27
GENS2 u=-89/5 rlo=2 cands=6 indep=2
FIBSURV Sig=5 t=97/57 u=-89/5
SKIPISO t=97/57 u=-89/5
GENSHORT u=-89/75 rlo=2 indep=1 cands=2
GENS2 u=-89/75 rlo=2 cands=2 indep=1
FIBSURV Sig=5 t=104/29 u=-89/75
SKIPISO t=104/29 u=-89/75
GENS2 u=89/8 rlo=2 cands=8 indep=2
FIBSURV Sig=5 t=-79/49 u=89/8
SKIPISO t=-79/49 u=89/8
GENS2 u=-90 rlo=2 cands=9 indep=2
FIBSURV Sig=5 t=111/95 u=-90
SKIPISO t=111/95 u=-90
GENS2 u=90/11 rlo=3 cands=12 indep=3
FIBSURV Sig=5 t=-141/35 u=90/11
SKIPISO t=-141/35 u=90/11
GENSHORT u=90 rlo=2 indep=1 cands=2
GENS2 u=90 rlo=2 cands=2 indep=1
FIBSURV Sig=5 t=69/85 u=90
SKIPISO t=69/85 u=90
GENS2 u=-25/91 rlo=3 cands=12 indep=3
FIBSURV Sig=5 t=121/30 u=-25/91
SKIPISO t=121/30 u=-25/91
GENS2 u=-57/91 rlo=2 cands=7 indep=2
FIBSURV Sig=5 t=123/32 u=-57/91
SKIPISO t=123/32 u=-57/91
GENS2 u=-91 rlo=2 cands=10 indep=2
FIBSURV Sig=5 t=7/6 u=-91
SKIPISO t=7/6 u=-91
GENSHORT u=55/91 rlo=2 indep=1 cands=2
GENS2 u=55/91 rlo=2 cands=2 indep=1
FIBSURV Sig=5 t=116/25 u=55/91
SKIPISO t=116/25 u=55/91
GENS2 u=23/91 rlo=2 cands=7 indep=2
FIBSURV Sig=5 t=118/27 u=23/91
SKIPISO t=118/27 u=23/91
GENS2 u=-91/81 rlo=2 cands=6 indep=2
FIBSURV Sig=5 t=112/31 u=-91/81
SKIPISO t=112/31 u=-91/81
GENSHORT u=91/5 rlo=2 indep=1 cands=2
GENS2 u=91/5 rlo=2 cands=2 indep=1
FIBSURV Sig=5 t=-7/33 u=91/5
SKIPISO t=-7/33 u=91/5
GENSHORT u=-9/91 rlo=2 indep=1 cands=2
GENS2 u=-9/91 rlo=2 cands=2 indep=1
FIBSURV Sig=5 t=120/29 u=-9/91
SKIPISO t=120/29 u=-9/91
GENSHORT u=-73/91 rlo=2 indep=1 cands=2
GENS2 u=-73/91 rlo=2 cands=2 indep=1
FIBSURV Sig=5 t=124/33 u=-73/91
SKIPISO t=124/33 u=-73/91
GENS2 u=91/15 rlo=2 cands=10 indep=2
FIBSURV Sig=5 t=-14 u=91/15
SKIPISO t=-14 u=91/15
GENSHORT u=87/91 rlo=2 indep=1 cands=3
GENS2 u=87/91 rlo=2 cands=3 indep=1
FIBSURV Sig=5 t=114/23 u=87/91
SKIPISO t=114/23 u=87/91
GENS2 u=91/9 rlo=2 cands=7 indep=2
FIBSURV Sig=5 t=-49/23 u=91/9
SKIPISO t=-49/23 u=91/9
GENS2 u=91/6 rlo=2 cands=8 indep=2
FIBSURV Sig=5 t=-35/61 u=91/6
SKIPISO t=-35/61 u=91/6
GENSHORT u=91/4 rlo=2 indep=1 cands=2
GENS2 u=91/4 rlo=2 cands=2 indep=1
FIBSURV Sig=5 t=7/71 u=91/4
SKIPISO t=7/71 u=91/4
GENSHORT u=91/55 rlo=2 indep=1 cands=2
GENS2 u=91/55 rlo=2 cands=2 indep=1
FIBSURV Sig=5 t=133/23 u=91/55
SKIPISO t=133/23 u=91/55
GENS2 u=-91/33 rlo=2 cands=8 indep=2
FIBSURV Sig=5 t=49/16 u=-91/33
SKIPISO t=49/16 u=-91/33
GENS2 u=91/23 rlo=2 cands=8 indep=2
FIBSURV Sig=5 t=49/3 u=91/23
SKIPISO t=49/3 u=91/23
GENSHORT u=91/8 rlo=2 indep=1 cands=3
GENS2 u=91/8 rlo=2 cands=3 indep=1
FIBSURV Sig=5 t=-77/51 u=91/8
SKIPISO t=-77/51 u=91/8
GENSHORT u=-41/91 rlo=2 indep=1 cands=2
GENS2 u=-41/91 rlo=2 cands=2 indep=1
FIBSURV Sig=5 t=122/31 u=-41/91
SKIPISO t=122/31 u=-41/91
GENS2 u=91/31 rlo=3 cands=12 indep=3
FIBSURV Sig=5 t=35/4 u=91/31
SKIPISO t=35/4 u=91/31
GENSHORT u=92/3 rlo=2 indep=1 cands=2
GENS2 u=92/3 rlo=2 cands=2 indep=1
FIBSURV Sig=5 t=29/77 u=92/3
SKIPISO t=29/77 u=92/3
GENS2 u=-92 rlo=2 cands=4 indep=2
FIBSURV Sig=5 t=113/97 u=-92
SKIPISO t=113/97 u=-92
GENSHORT u=92/5 rlo=2 indep=1 cands=2
GENS2 u=92/5 rlo=2 cands=2 indep=1
FIBSURV Sig=5 t=-13/67 u=92/5
SKIPISO t=-13/67 u=92/5
GENSHORT u=92 rlo=2 indep=1 cands=2
GENS2 u=92 rlo=2 cands=2 indep=1
FIBSURV Sig=5 t=71/87 u=92
SKIPISO t=71/87 u=92
GENS2 u=92/9 rlo=2 cands=7 indep=2
FIBSURV Sig=5 t=-97/47 u=92/9
SKIPISO t=-97/47 u=92/9
GENS2 u=92/7 rlo=2 cands=4 indep=2
FIBSURV Sig=5 t=-55/57 u=92/7
SKIPISO t=-55/57 u=92/7
GENS2 u=-93/5 rlo=2 cands=6 indep=2
FIBSURV Sig=5 t=99/59 u=-93/5
SKIPISO t=99/59 u=-93/5
GENS2 u=93/89 rlo=2 cands=6 indep=2
FIBSURV Sig=5 t=111/22 u=93/89
SKIPISO t=111/22 u=93/89
GENS2 u=93/17 rlo=2 cands=12 indep=2
FIBSURV Sig=5 t=-33 u=93/17
SKIPISO t=-33 u=93/17
GENS2 u=1/93 rlo=2 cands=3 indep=2
FIBSURV Sig=5 t=122/29 u=1/93
SKIPISO t=122/29 u=1/93
GENSHORT u=93/10 rlo=2 indep=1 cands=3
GENS2 u=93/10 rlo=2 cands=3 indep=1
FIBSURV Sig=5 t=-117/43 u=93/10
SKIPISO t=-117/43 u=93/10
GENS2 u=93/8 rlo=2 cands=6 indep=2
FIBSURV Sig=5 t=-75/53 u=93/8
SKIPISO t=-75/53 u=93/8
GENS2 u=93/5 rlo=2 cands=11 indep=2
FIBSURV Sig=5 t=-3/17 u=93/5
SKIPISO t=-3/17 u=93/5
GENS2 u=-93 rlo=2 cands=9 indep=2
FIBSURV Sig=5 t=57/49 u=-93
SKIPISO t=57/49 u=-93
GENS2 u=93/4 rlo=2 cands=6 indep=2
FIBSURV Sig=5 t=9/73 u=93/4
SKIPISO t=9/73 u=93/4
GENS2 u=-93/47 rlo=2 cands=8 indep=2
FIBSURV Sig=5 t=135/41 u=-93/47
SKIPISO t=135/41 u=-93/47
GENSHORT-LIST Sig=5: [ <-7/6, 3, 2>, <11/6, 2, 1>, <-5/13, 2, 1>, <25/6, 2, 1>, <-26/5, 2, 1>, <11/27, 2, 1>, <-7/29, 3, 2>, <-29/2, 2, 1>, <-32, 2, 1>, <-19/33, 2, 1>, <-35/4, 2, 1>, <35/13, 2, 1>, <35/8, 2, 1>, <-35/33, 2, 1>, <-36, 2, 1>, <1/37, 2, 1>, <38, 2, 1>, <-37/39, 2, 1>, <40/9, 2, 1>, <41/2, 2, 1>, <42, 2, 1>, <-42/5, 2, 1>, <43/13, 2, 1>, <-17/43, 2, 1>, <-44/3, 2, 1>, <-23/45, 2, 1>, <-47/45, 2, 1>, <-29/47, 2, 1>, <-47/11, 2, 1>, <-5/47, 2, 1>, <-49/2, 2, 1>, <13/49, 2, 1>, <-49/43, 2, 1>, <37/49, 2, 1>, <-49/27, 3, 2>, <-50, 2, 1>, <-51/2, 2, 1>, <-51/7, 2, 1>, <-39/53, 2, 1>, <-53/39, 2, 1>, <-53/2, 2, 1>, <55/43, 2, 1>, <-29/55, 2, 1>, <-56/3, 2, 1>, <56, 2, 1>, <56/5, 2, 1>, <-35/57, 2, 1>, <-57/35, 2, 1>, <7/59, 4, 3>, <-59/41, 2, 1>, <-59/7, 2, 1>, <59/4, 2, 1>, <-59/2, 2, 1>, <-59/21, 4, 3>, <1/61, 2, 1>, <-61/5, 2, 1>, <61/2, 2, 1>, <62/9, 3, 2>, <-62, 2, 1>, <62/3, 2, 1>, <63/2, 2, 1>, <43/63, 2, 1>, <-63/11, 2, 1>, <-64/3, 2, 1>, <-64, 2, 1>, <-65/51, 2, 1>, <65/2, 2, 1>, <21/65, 2, 1>, <-65/2, 2, 1>, <-65/4, 2, 1>, <-65/9, 2, 1>, <65/6, 2, 1>, <-65/67, 2, 1>, <-67/11, 2, 1>, <31/67, 2, 1>, <68/7, 2, 1>, <68, 2, 1>, <-69/2, 2, 1>, <70, 2, 1>, <-71/53, 2, 1>, <71/2, 2, 1>, <71/6, 2, 1>, <-29/71, 2, 1>, <72/5, 2, 1>, <-35/73, 2, 1>, <-73/51, 2, 1>, <-74, 2, 1>, <-74/3, 2, 1>, <74/3, 2, 1>, <76/7, 2, 1>, <76/5, 4, 3>, <-77/5, 2, 1>, <77/2, 2, 1>, <-77/71, 2, 1>, <-47/77, 2, 1>, <-77/31, 2, 1>, <78/7, 2, 1>, <-78, 2, 1>, <78/5, 2, 1>, <-5/79, 2, 1>, <-79/53, 2, 1>, <-53/79, 2, 1>, <79/2, 2, 1>, <80, 2, 1>, <-80/3, 2, 1>, <81/2, 2, 1>, <-59/81, 2, 1>, <-82, 2, 1>, <82/3, 2, 1>, <79/83, 2, 1>, <83/6, 2, 1>, <-83/57, 2, 1>, <83/13, 2, 1>, <-83/49, 2, 1>, <-81/83, 2, 1>, <84, 2, 1>, <-84, 2, 1>, <-71/85, 2, 1>, <73/85, 3, 2>, <-7/85, 2, 1>, <57/85, 2, 1>, <-86, 2, 1>, <86/5, 2, 1>, <-77/87, 3, 2>, <87/8, 2, 1>, <67/87, 2, 1>, <-88, 2, 1>, <88, 2, 1>, <89/6, 2, 1>, <-83/89, 2, 1>, <-89/75, 2, 1>, <90, 2, 1>, <55/91, 2, 1>, <91/5, 2, 1>, <-9/91, 2, 1>, <-73/91, 2, 1>, <87/91, 2, 1>, <91/4, 2, 1>, <91/55, 2, 1>, <91/8, 2, 1>, <-41/91, 2, 1>, <92/3, 2, 1>, <92/5, 2, 1>, <92, 2, 1>, <93/10, 2, 1> ]
SEARCH_DONE 2266sigfib2 Sig=5 fibers=1264 proc=1264 complete=1118 genshort=145 mwskip=1 surv=1253 deck=1253 funneled=0 curves=0 aborts=0 known=0 hits=0 fails=0 900.960 s
