Loading "split_lab.m"
VERIFY E26: 3/3
FIBER LANE Sig=2 sg=[ 2, 1, 3 ] Org=1 Test=3 H=150 HU=40
JOIN Sig=2 drop=3 matches=4255 fibers=4113
SWEEP HU=40 fibers-with-points=75 pts=138 infsq-fibers=10 0.320 s
FIBERS Sig=2 total=4114 multi=152
MWRANK u=-1 r=1 gens=2
FIBSURV Sig=2 t=-7 u=-1
SKIPISO t=-7 u=-1
MWRANK u=2 r=2 gens=2
FIBSURV Sig=2 t=17 u=2
SKIPISO t=17 u=2
MWRANK u=3/2 r=2 gens=2
FIBSURV Sig=2 t=33 u=3/2
SKIPISO t=33 u=3/2
MWRANK u=-1/3 r=2 gens=2
FIBSURV Sig=2 t=-11 u=-1/3
SKIPISO t=-11 u=-1/3
MWRANK u=4 r=2 gens=2
FIBSURV Sig=2 t=19/3 u=4
SKIPISO t=19/3 u=4
MWRANK u=-5 r=2 gens=2
FIBSURV Sig=2 t=-5/3 u=-5
SKIPISO t=-5/3 u=-5
MWRANK u=-3/5 r=2 gens=2
FIBSURV Sig=2 t=-9 u=-3/5
SKIPISO t=-9 u=-3/5
MWRANK u=-6 r=2 gens=2
FIBSURV Sig=2 t=-9/7 u=-6
SKIPISO t=-9/7 u=-6
MWRANK u=6 r=1 gens=2
FIBSURV Sig=2 t=21/5 u=6
SKIPISO t=21/5 u=6
MWRANK u=7 r=1 gens=2
FIBSURV Sig=2 t=11/3 u=7
SKIPISO t=11/3 u=7
MWRANK u=-7 r=1 gens=2
FIBSURV Sig=2 t=-1 u=-7
SKIPISO t=-1 u=-7
MWRANK u=-9/7 r=2 gens=2
FIBSURV Sig=2 t=-6 u=-9/7
SKIPISO t=-6 u=-9/7
MWRANK u=-9 r=2 gens=2
FIBSURV Sig=2 t=-3/5 u=-9
SKIPISO t=-3/5 u=-9
MWRANK u=9/2 r=2 gens=2
FIBSURV Sig=2 t=39/7 u=9/2
SKIPISO t=39/7 u=9/2
MWRANK u=-10 r=2 gens=2
FIBSURV Sig=2 t=-5/11 u=-10
SKIPISO t=-5/11 u=-10
MWRANK u=-10/3 r=2 gens=2
FIBSURV Sig=2 t=-35/13 u=-10/3
SKIPISO t=-35/13 u=-10/3
MWRANK u=-11/5 r=2 gens=2
FIBSURV Sig=2 t=-4 u=-11/5
SKIPISO t=-4 u=-11/5
MWRANK u=11/7 r=2 gens=2
FIBSURV Sig=2 t=29 u=11/7
SKIPISO t=29 u=11/7
MWRANK u=-11/3 r=2 gens=2
FIBSURV Sig=2 t=-17/7 u=-11/3
SKIPISO t=-17/7 u=-11/3
MWRANK u=11 r=2 gens=2
FIBSURV Sig=2 t=13/5 u=11
SKIPISO t=13/5 u=11
MWRANK u=-12 r=2 gens=2
FIBSURV Sig=2 t=-3/13 u=-12
SKIPISO t=-3/13 u=-12
MWRANK u=12 r=2 gens=2
FIBSURV Sig=2 t=27/11 u=12
SKIPISO t=27/11 u=12
MWRANK u=13 r=1 gens=2
FIBSURV Sig=2 t=7/3 u=13
SKIPISO t=7/3 u=13
MWRANK u=-13 r=2 gens=2
FIBSURV Sig=2 t=-1/7 u=-13
SKIPISO t=-1/7 u=-13
MWRANK u=14 r=2 gens=2
FIBSURV Sig=2 t=29/13 u=14
SKIPISO t=29/13 u=14
MWRANK u=15 r=2 gens=2
FIBSURV Sig=2 t=15/7 u=15
SKIPISO t=15/7 u=15
MWRANK u=15/8 r=2 gens=2
FIBSURV Sig=2 t=135/7 u=15/8
SKIPISO t=135/7 u=15/8
MWRANK u=-16 r=2 gens=2
FIBSURV Sig=2 t=1/17 u=-16
SKIPISO t=1/17 u=-16
MWRANK u=-16/5 r=2 gens=2
FIBSURV Sig=2 t=-59/21 u=-16/5
SKIPISO t=-59/21 u=-16/5
MWRANK u=18 r=2 gens=2
FIBSURV Sig=2 t=33/17 u=18
SKIPISO t=33/17 u=18
MWRANK u=-19/13 r=3 gens=2
FIBSURV Sig=2 t=-11/2 u=-19/13
SKIPISO t=-11/2 u=-19/13
MWRANK u=-19/9 r=2 gens=2
FIBSURV Sig=2 t=-29/7 u=-19/9
SKIPISO t=-29/7 u=-19/9
MWRANK u=15/19 r=2 gens=2
FIBSURV Sig=2 t=-75 u=15/19
SKIPISO t=-75 u=15/19
MWRANK u=-19/6 r=2 gens=2
FIBSURV Sig=2 t=-71/25 u=-19/6
SKIPISO t=-71/25 u=-19/6
MWRANK u=19/3 r=2 gens=2
FIBSURV Sig=2 t=4 u=19/3
SKIPISO t=4 u=19/3
MWRANK u=19 r=2 gens=2
FIBSURV Sig=2 t=17/9 u=19
SKIPISO t=17/9 u=19
MWRANK u=21/5 r=1 gens=2
FIBSURV Sig=2 t=6 u=21/5
SKIPISO t=6 u=21/5
MWRANK u=-22/3 r=2 gens=2
FIBSURV Sig=2 t=-23/25 u=-22/3
SKIPISO t=-23/25 u=-22/3
MWRANK u=-22 r=2 gens=2
FIBSURV Sig=2 t=7/23 u=-22
SKIPISO t=7/23 u=-22
MWRANK u=22 r=2 gens=2
FIBSURV Sig=2 t=37/21 u=22
SKIPISO t=37/21 u=22
MWRANK u=-23 r=2 gens=2
FIBSURV Sig=2 t=1/3 u=-23
SKIPISO t=1/3 u=-23
MWRANK u=-23/3 r=2 gens=2
FIBSURV Sig=2 t=-11/13 u=-23/3
SKIPISO t=-11/13 u=-23/3
MWRANK u=15/23 r=2 gens=2
FIBSURV Sig=2 t=-45 u=15/23
SKIPISO t=-45 u=15/23
MWRANK u=7/23 r=2 gens=2
FIBSURV Sig=2 t=-22 u=7/23
SKIPISO t=-22 u=7/23
MWRANK u=24/5 r=2 gens=2
FIBSURV Sig=2 t=99/19 u=24/5
SKIPISO t=99/19 u=24/5
MWRANK u=-25/2 r=2 gens=2
FIBSURV Sig=2 t=-5/27 u=-25/2
SKIPISO t=-5/27 u=-25/2
MWRANK u=-25/3 r=3 gens=2
FIBSURV Sig=2 t=-5/7 u=-25/3
SKIPISO t=-5/7 u=-25/3
MWRANK u=-27/5 r=2 gens=2
FIBSURV Sig=2 t=-3/2 u=-27/5
SKIPISO t=-3/2 u=-27/5
MWRANK u=28/3 r=2 gens=2
FIBSURV Sig=2 t=73/25 u=28/3
SKIPISO t=73/25 u=28/3
MWRANK u=28 r=2 gens=2
FIBSURV Sig=2 t=43/27 u=28
SKIPISO t=43/27 u=28
MWRANK u=29/5 r=2 gens=2
FIBSURV Sig=2 t=13/3 u=29/5
SKIPISO t=13/3 u=29/5
MWRANK u=29/3 r=2 gens=2
FIBSURV Sig=2 t=37/13 u=29/3
SKIPISO t=37/13 u=29/3
MWRANK u=29 r=2 gens=2
FIBSURV Sig=2 t=11/7 u=29
SKIPISO t=11/7 u=29
MWRANK u=31/7 r=2 gens=2
FIBSURV Sig=2 t=17/3 u=31/7
SKIPISO t=17/3 u=31/7
MWRANK u=32 r=2 gens=2
FIBSURV Sig=2 t=47/31 u=32
SKIPISO t=47/31 u=32
MWRANK u=33 r=1 gens=2
FIBSURV Sig=2 t=3/2 u=33
SKIPISO t=3/2 u=33
MWRANK u=-33/5 r=2 gens=2
FIBSURV Sig=2 t=-21/19 u=-33/5
SKIPISO t=-21/19 u=-33/5
MWRANK u=33/5 r=2 gens=2
FIBSURV Sig=2 t=27/7 u=33/5
SKIPISO t=27/7 u=33/5
MWRANK u=33/17 r=3 gens=2
FIBSURV Sig=2 t=18 u=33/17
SKIPISO t=18 u=33/17
MWRANK u=33/13 r=2 gens=2
FIBSURV Sig=2 t=57/5 u=33/13
SKIPISO t=57/5 u=33/13
MWRANK u=-34 r=2 gens=2
FIBSURV Sig=2 t=19/35 u=-34
SKIPISO t=19/35 u=-34
MWRANK u=-35 r=2 gens=2
FIBSURV Sig=2 t=5/9 u=-35
SKIPISO t=5/9 u=-35
MWRANK u=-36/5 r=2 gens=2
FIBSURV Sig=2 t=-39/41 u=-36/5
SKIPISO t=-39/41 u=-36/5
MWRANK u=-37/3 r=3 gens=2
FIBSURV Sig=2 t=-1/5 u=-37/3
SKIPISO t=-1/5 u=-37/3
MWRANK u=37/2 r=2 gens=2
FIBSURV Sig=2 t=67/35 u=37/2
SKIPISO t=67/35 u=37/2
MWRANK u=29/37 r=4 gens=2
FIBSURV Sig=2 t=-73 u=29/37
SKIPISO t=-73 u=29/37
MWRANK u=40/3 r=2 gens=2
FIBSURV Sig=2 t=85/37 u=40/3
SKIPISO t=85/37 u=40/3
MWRANK u=41/3 r=2 gens=2
FIBSURV Sig=2 t=43/19 u=41/3
SKIPISO t=43/19 u=41/3
MWRANK u=-23/41 r=2 gens=2
FIBSURV Sig=2 t=-37/4 u=-23/41
SKIPISO t=-37/4 u=-23/41
MWRANK u=43/3 r=3 gens=2
FIBSURV Sig=2 t=11/5 u=43/3
SKIPISO t=11/5 u=43/3
MWRANK u=43/19 r=2 gens=2
FIBSURV Sig=2 t=41/3 u=43/19
SKIPISO t=41/3 u=43/19
MWRANK u=-43/13 r=2 gens=2
FIBSURV Sig=2 t=-19/7 u=-43/13
SKIPISO t=-19/7 u=-43/13
MWRANK u=45/41 r=2 gens=2
MWRANK u=45/13 r=2 gens=2
FIBSURV Sig=2 t=15/2 u=45/13
SKIPISO t=15/2 u=45/13
MWRANK u=46/5 r=2 gens=2
FIBSURV Sig=2 t=121/41 u=46/5
SKIPISO t=121/41 u=46/5
MWRANK u=-47 r=3 gens=2
FIBSURV Sig=2 t=2/3 u=-47
SKIPISO t=2/3 u=-47
MWRANK u=-47/17 r=2 gens=2
FIBSURV Sig=2 t=-13/4 u=-47/17
SKIPISO t=-13/4 u=-47/17
MWRANK u=47/3 r=2 gens=2
FIBSURV Sig=2 t=23/11 u=47/3
SKIPISO t=23/11 u=47/3
MWRANK u=51/23 r=3 gens=2
FIBSURV Sig=2 t=99/7 u=51/23
SKIPISO t=99/7 u=51/23
MWRANK u=51/7 r=2 gens=2
FIBSURV Sig=2 t=39/11 u=51/7
SKIPISO t=39/11 u=51/7
MWRANK u=-53/5 r=2 gens=2
FIBSURV Sig=2 t=-11/29 u=-53/5
SKIPISO t=-11/29 u=-53/5
MWRANK u=-55/2 r=2 gens=2
FIBSURV Sig=2 t=25/57 u=-55/2
SKIPISO t=25/57 u=-55/2
MWRANK u=55/3 r=3 gens=2
FIBSURV Sig=2 t=25/13 u=55/3
SKIPISO t=25/13 u=55/3
MWRANK u=-55/17 r=3 gens=2
FIBSURV Sig=2 t=-25/9 u=-55/17
SKIPISO t=-25/9 u=-55/17
MWRANK u=55/7 r=2 gens=2
FIBSURV Sig=2 t=10/3 u=55/7
SKIPISO t=10/3 u=55/7
MWRANK u=57/5 r=2 gens=2
FIBSURV Sig=2 t=33/13 u=57/5
SKIPISO t=33/13 u=57/5
MWRANK u=57 r=3 gens=2
FIBSURV Sig=2 t=9/7 u=57
SKIPISO t=9/7 u=57
MWRANK u=29/57 r=2 gens=2
FIBSURV Sig=2 t=-221/7 u=29/57
SKIPISO t=-221/7 u=29/57
MWRANK u=-59/13 r=2 gens=2
FIBSURV Sig=2 t=-17/9 u=-59/13
SKIPISO t=-17/9 u=-59/13
MWRANK u=-59/3 r=2 gens=2
FIBSURV Sig=2 t=7/31 u=-59/3
SKIPISO t=7/31 u=-59/3
MWRANK u=-59/5 r=3 gens=2
FIBSURV Sig=2 t=-1/4 u=-59/5
SKIPISO t=-1/4 u=-59/5
MWRANK u=45/61 r=4 gens=2
FIBSURV Sig=2 t=-60 u=45/61
SKIPISO t=-60 u=45/61
MWRANK u=-61/15 r=3 gens=2
FIBSURV Sig=2 t=-41/19 u=-61/15
SKIPISO t=-41/19 u=-61/15
MWRANK u=61/5 r=2 gens=2
FIBSURV Sig=2 t=17/7 u=61/5
SKIPISO t=17/7 u=61/5
MWRANK u=-61/12 r=2 gens=2
FIBSURV Sig=2 t=-119/73 u=-61/12
SKIPISO t=-119/73 u=-61/12
MWRANK u=-63/2 r=2 gens=2
FIBSURV Sig=2 t=33/65 u=-63/2
SKIPISO t=33/65 u=-63/2
MWRANK u=63/5 r=2 gens=2
FIBSURV Sig=2 t=69/29 u=63/5
SKIPISO t=69/29 u=63/5
MWRANK u=66/5 r=2 gens=2
FIBSURV Sig=2 t=141/61 u=66/5
SKIPISO t=141/61 u=66/5
MWRANK u=-45/67 r=4 gens=2
FIBSURV Sig=2 t=-60/7 u=-45/67
SKIPISO t=-60/7 u=-45/67
MWRANK u=67/19 r=3 gens=2
FIBSURV Sig=2 t=22/3 u=67/19
SKIPISO t=22/3 u=67/19
MWRANK u=67/2 r=2 gens=2
FIBSURV Sig=2 t=97/65 u=67/2
SKIPISO t=97/65 u=67/2
MWRANK u=69/53 r=3 gens=2
FIBSURV Sig=2 t=54 u=69/53
SKIPISO t=54 u=69/53
MWRANK u=69/17 r=3 gens=2
FIBSURV Sig=2 t=81/13 u=69/17
SKIPISO t=81/13 u=69/17
MWRANK u=-71/3 r=2 gens=2
FIBSURV Sig=2 t=13/37 u=-71/3
SKIPISO t=13/37 u=-71/3
MWRANK u=-71/7 r=2 gens=2
FIBSURV Sig=2 t=-17/39 u=-71/7
SKIPISO t=-17/39 u=-71/7
MWRANK u=71/19 r=2 gens=2
FIBSURV Sig=2 t=89/13 u=71/19
SKIPISO t=89/13 u=71/19
MWRANK u=73/9 r=2 gens=2
FIBSURV Sig=2 t=13/4 u=73/9
SKIPISO t=13/4 u=73/9
MWRANK u=75/2 r=2 gens=2
FIBSURV Sig=2 t=105/73 u=75/2
SKIPISO t=105/73 u=75/2
MWRANK u=77/3 r=2 gens=2
FIBSURV Sig=2 t=61/37 u=77/3
SKIPISO t=61/37 u=77/3
MWRANK u=-79/5 r=3 gens=2
FIBSURV Sig=2 t=1/21 u=-79/5
SKIPISO t=1/21 u=-79/5
MWRANK u=79/31 r=3 gens=2
FIBSURV Sig=2 t=34/3 u=79/31
SKIPISO t=34/3 u=79/31
MWRANK u=-53/83 r=3 gens=2
FIBSURV Sig=2 t=-149/17 u=-53/83
SKIPISO t=-149/17 u=-53/83
MWRANK u=83/5 r=2 gens=2
FIBSURV Sig=2 t=79/39 u=83/5
SKIPISO t=79/39 u=83/5
MWRANK u=-83/13 r=3 gens=2
FIBSURV Sig=2 t=-7/6 u=-83/13
SKIPISO t=-7/6 u=-83/13
MWRANK u=-83/25 r=3 gens=2
FIBSURV Sig=2 t=-73/27 u=-83/25
SKIPISO t=-73/27 u=-83/25
MWRANK u=-85/19 r=3 gens=2
FIBSURV Sig=2 t=-25/13 u=-85/19
SKIPISO t=-25/13 u=-85/19
MWRANK u=87/23 r=3 gens=2
FIBSURV Sig=2 t=27/4 u=87/23
SKIPISO t=27/4 u=87/23
MWRANK u=-89/47 r=3 gens=2
FIBSURV Sig=2 t=-77/17 u=-89/47
SKIPISO t=-77/17 u=-89/47
MWRANK u=89/3 r=2 gens=2
FIBSURV Sig=2 t=67/43 u=89/3
SKIPISO t=67/43 u=89/3
MWRANK u=89/5 r=3 gens=2
FIBSURV Sig=2 t=41/21 u=89/5
SKIPISO t=41/21 u=89/5
MWRANK u=-93/7 r=2 gens=2
FIBSURV Sig=2 t=-3/25 u=-93/7
SKIPISO t=-3/25 u=-93/7
MWRANK u=-95 r=2 gens=2
FIBSURV Sig=2 t=5/6 u=-95
SKIPISO t=5/6 u=-95
MWRANK u=-99/5 r=3 gens=2
FIBSURV Sig=2 t=3/13 u=-99/5
SKIPISO t=3/13 u=-99/5
MWRANK u=-99/53 r=4 gens=2
FIBSURV Sig=2 t=-87/19 u=-99/53
SKIPISO t=-87/19 u=-99/53
MWRANK u=99/19 r=2 gens=2
FIBSURV Sig=2 t=24/5 u=99/19
SKIPISO t=24/5 u=99/19
MWRANK u=-99/7 r=2 gens=2
FIBSURV Sig=2 t=-3/53 u=-99/7
SKIPISO t=-3/53 u=-99/7
MWRANK u=99/92 r=2 gens=2
FIBSURV Sig=2 t=1479/7 u=99/92
SKIPISO t=1479/7 u=99/92
MWRANK u=101 r=2 gens=2
FIBSURV Sig=2 t=29/25 u=101
SKIPISO t=29/25 u=101
MWRANK u=-103/25 r=2 gens=2
FIBSURV Sig=2 t=-17/8 u=-103/25
SKIPISO t=-17/8 u=-103/25
MWRANK u=-103/5 r=3 gens=2
FIBSURV Sig=2 t=7/27 u=-103/5
SKIPISO t=7/27 u=-103/5
MWRANK u=106/79 r=2 gens=2
MWRANK u=109/5 r=3 gens=2
FIBSURV Sig=2 t=23/13 u=109/5
SKIPISO t=23/13 u=109/5
MWRANK u=-109/3 r=3 gens=2
FIBSURV Sig=2 t=4/7 u=-109/3
SKIPISO t=4/7 u=-109/3
MWRANK u=111/47 r=3 gens=2
FIBSURV Sig=2 t=51/4 u=111/47
SKIPISO t=51/4 u=111/47
MWRANK u=113/7 r=2 gens=2
FIBSURV Sig=2 t=109/53 u=113/7
SKIPISO t=109/53 u=113/7
MWRANK u=-115/41 r=2 gens=2
FIBSURV Sig=2 t=-125/39 u=-115/41
SKIPISO t=-125/39 u=-115/41
MWRANK u=121/13 r=2 gens=2
FIBSURV Sig=2 t=79/27 u=121/13
SKIPISO t=79/27 u=121/13
MWRANK u=-121/15 r=3 gens=2
FIBSURV Sig=2 t=-13/17 u=-121/15
SKIPISO t=-13/17 u=-121/15
MWRANK u=-121/7 r=2 gens=2
FIBSURV Sig=2 t=1/8 u=-121/7
SKIPISO t=1/8 u=-121/7
MWRANK u=123/23 r=2 gens=2
FIBSURV Sig=2 t=117/25 u=123/23
SKIPISO t=117/25 u=123/23
MWRANK u=-123/5 r=2 gens=2
FIBSURV Sig=2 t=3/8 u=-123/5
SKIPISO t=3/8 u=-123/5
MWRANK u=-124 r=2 gens=2
FIBSURV Sig=2 t=109/125 u=-124
SKIPISO t=109/125 u=-124
MWRANK u=129/113 r=3 gens=2
FIBSURV Sig=2 t=114 u=129/113
SKIPISO t=114 u=129/113
MWRANK u=-129/19 r=2 gens=2
FIBSURV Sig=2 t=-39/37 u=-129/19
SKIPISO t=-39/37 u=-129/19
MWRANK u=-129/71 r=2 gens=2
FIBSURV Sig=2 t=-117/25 u=-129/71
SKIPISO t=-117/25 u=-129/71
MWRANK u=129/5 r=3 gens=2
FIBSURV Sig=2 t=51/31 u=129/5
SKIPISO t=51/31 u=129/5
MWRANK u=130 r=2 gens=2
FIBSURV Sig=2 t=145/129 u=130
SKIPISO t=145/129 u=130
MWRANK u=133/5 r=3 gens=2
FIBSURV Sig=2 t=13/8 u=133/5
SKIPISO t=13/8 u=133/5
MWRANK u=135/7 r=2 gens=2
FIBSURV Sig=2 t=15/8 u=135/7
SKIPISO t=15/8 u=135/7
MWRANK u=9/137 r=3 gens=2
FIBSURV Sig=2 t=-129/8 u=9/137
SKIPISO t=-129/8 u=9/137
MWRANK u=141/7 r=2 gens=2
FIBSURV Sig=2 t=123/67 u=141/7
SKIPISO t=123/67 u=141/7
MWRANK u=149/17 r=2 gens=2
FIBSURV Sig=2 t=101/33 u=149/17
SKIPISO t=101/33 u=149/17
MWRANK u=-1/2 r=1 gens=2
FIBSURV Sig=2 t=-29/3 u=-1/2
SKIPISO t=-29/3 u=-1/2
MWRANK u=1/2 r=1 gens=2
FIBSURV Sig=2 t=-31 u=1/2
SKIPISO t=-31 u=1/2
MWRANK u=-2 r=1 gens=2
FIBSURV Sig=2 t=-13/3 u=-2
SKIPISO t=-13/3 u=-2
MWRANK u=-3/2 r=1 gens=2
FIBSURV Sig=2 t=-27/5 u=-3/2
SKIPISO t=-27/5 u=-3/2
MWRANK u=2/3 r=1 gens=2
FIBSURV Sig=2 t=-47 u=2/3
SKIPISO t=-47 u=2/3
MWRANK u=-2/3 r=1 gens=2
FIBSURV Sig=2 t=-43/5 u=-2/3
SKIPISO t=-43/5 u=-2/3
MWRANK u=1/3 r=1 gens=2
FIBSURV Sig=2 t=-23 u=1/3
SKIPISO t=-23 u=1/3
MWRANK u=3/4 r=1 gens=2
FIBSURV Sig=2 t=-63 u=3/4
SKIPISO t=-63 u=3/4
MWRANK u=1/4 r=1 gens=2
FIBSURV Sig=2 t=-61/3 u=1/4
SKIPISO t=-61/3 u=1/4
MWRANK u=-4/3 r=3 gens=2
FIBSURV Sig=2 t=-41/7 u=-4/3
SKIPISO t=-41/7 u=-4/3
MWRANK u=-3/4 r=1 gens=2
FIBSURV Sig=2 t=-57/7 u=-3/4
SKIPISO t=-57/7 u=-3/4
MWRANK u=4/3 r=2 gens=2
FIBSURV Sig=2 t=49 u=4/3
SKIPISO t=49 u=4/3
MWRANK u=-1/4 r=1 gens=2
FIBSURV Sig=2 t=-59/5 u=-1/4
SKIPISO t=-59/5 u=-1/4
MWRANK u=-4 r=1 gens=2
FIBSURV Sig=2 t=-11/5 u=-4
SKIPISO t=-11/5 u=-4
MWRANK u=1/5 r=2 gens=2
FIBSURV Sig=2 t=-19 u=1/5
SKIPISO t=-19 u=1/5
MWRANK u=-4/5 r=2 gens=2
FIBSURV Sig=2 t=-71/9 u=-4/5
SKIPISO t=-71/9 u=-4/5
MWRANK u=2/5 r=1 gens=2
FIBSURV Sig=2 t=-77/3 u=2/5
SKIPISO t=-77/3 u=2/5
MWRANK u=5/4 r=2 gens=2
FIBSURV Sig=2 t=65 u=5/4
SKIPISO t=65 u=5/4
MWRANK u=-5/4 r=1 gens=2
FIBSURV Sig=2 t=-55/9 u=-5/4
SKIPISO t=-55/9 u=-5/4
MWRANK u=-1/5 r=1 gens=2
FIBSURV Sig=2 t=-37/3 u=-1/5
SKIPISO t=-37/3 u=-1/5
MWRANK u=-5/2 r=1 gens=2
FIBSURV Sig=2 t=-25/7 u=-5/2
SKIPISO t=-25/7 u=-5/2
MWRANK u=5/2 r=2 gens=2
FIBSURV Sig=2 t=35/3 u=5/2
SKIPISO t=35/3 u=5/2
MWRANK u=4/5 r=1 gens=2
FIBSURV Sig=2 t=-79 u=4/5
SKIPISO t=-79 u=4/5
MWRANK u=-2/5 r=1 gens=2
FIBSURV Sig=2 t=-73/7 u=-2/5
SKIPISO t=-73/7 u=-2/5
MWRANK u=-5/3 r=1 gens=2
FIBSURV Sig=2 t=-5 u=-5/3
SKIPISO t=-5 u=-5/3
MWRANK u=5/3 r=2 gens=2
FIBSURV Sig=2 t=25 u=5/3
SKIPISO t=25 u=5/3
MWRANK u=3/5 r=1 gens=2
FIBSURV Sig=2 t=-39 u=3/5
SKIPISO t=-39 u=3/5
MWRANK u=6/5 r=2 gens=2
FIBSURV Sig=2 t=81 u=6/5
SKIPISO t=81 u=6/5
MWRANK u=1/6 r=1 gens=2
FIBSURV Sig=2 t=-91/5 u=1/6
SKIPISO t=-91/5 u=1/6
MWRANK u=5/6 r=1 gens=2
FIBSURV Sig=2 t=-95 u=5/6
SKIPISO t=-95 u=5/6
MWRANK u=-6/5 r=1 gens=2
FIBSURV Sig=2 t=-69/11 u=-6/5
SKIPISO t=-69/11 u=-6/5
MWRANK u=-5/6 r=3 gens=2
FIBSURV Sig=2 t=-85/11 u=-5/6
SKIPISO t=-85/11 u=-5/6
MWRANK u=-1/6 r=3 gens=2
FIBSURV Sig=2 t=-89/7 u=-1/6
SKIPISO t=-89/7 u=-1/6
MWRANK u=-7/2 r=1 gens=2
FIBSURV Sig=2 t=-23/9 u=-7/2
SKIPISO t=-23/9 u=-7/2
MWRANK u=-7/5 r=1 gens=2
FIBSURV Sig=2 t=-17/3 u=-7/5
SKIPISO t=-17/3 u=-7/5
MWRANK u=1/7 r=1 gens=2
FIBSURV Sig=2 t=-53/3 u=1/7
SKIPISO t=-53/3 u=1/7
MWRANK u=7/6 r=2 gens=2
FIBSURV Sig=2 t=97 u=7/6
SKIPISO t=97 u=7/6
MWRANK u=4/7 r=1 gens=2
FIBSURV Sig=2 t=-109/3 u=4/7
SKIPISO t=-109/3 u=4/7
MWRANK u=5/7 r=1 gens=2
FIBSURV Sig=2 t=-55 u=5/7
SKIPISO t=-55 u=5/7
MWRANK u=7/2 r=2 gens=2
FIBSURV Sig=2 t=37/5 u=7/2
SKIPISO t=37/5 u=7/2
MWRANK u=-7/6 r=3 gens=2
FIBSURV Sig=2 t=-83/13 u=-7/6
SKIPISO t=-83/13 u=-7/6
MWRANK u=-5/7 r=2 gens=2
FIBSURV Sig=2 t=-25/3 u=-5/7
SKIPISO t=-25/3 u=-5/7
MWRANK u=-7/3 r=1 gens=2
FIBSURV Sig=2 t=-19/5 u=-7/3
SKIPISO t=-19/5 u=-7/3
MWRANK u=-6/7 r=1 gens=2
FIBSURV Sig=2 t=-99/13 u=-6/7
SKIPISO t=-99/13 u=-6/7
MWRANK u=-3/7 r=1 gens=2
FIBSURV Sig=2 t=-51/5 u=-3/7
SKIPISO t=-51/5 u=-3/7
MWRANK u=-1/7 r=1 gens=2
FIBSURV Sig=2 t=-13 u=-1/7
SKIPISO t=-13 u=-1/7
MWRANK u=-2/7 r=3 gens=2
FIBSURV Sig=2 t=-103/9 u=-2/7
SKIPISO t=-103/9 u=-2/7
MWRANK u=7/3 r=1 gens=2
FIBSURV Sig=2 t=13 u=7/3
SKIPISO t=13 u=7/3
MWRANK u=7/4 r=2 gens=2
FIBSURV Sig=2 t=67/3 u=7/4
SKIPISO t=67/3 u=7/4
MWRANK u=-7/4 r=1 gens=2
FIBSURV Sig=2 t=-53/11 u=-7/4
SKIPISO t=-53/11 u=-7/4
MWRANK u=6/7 r=1 gens=2
FIBSURV Sig=2 t=-111 u=6/7
SKIPISO t=-111 u=6/7
MWRANK u=-4/7 r=1 gens=2
FIBSURV Sig=2 t=-101/11 u=-4/7
SKIPISO t=-101/11 u=-4/7
MWRANK u=7/5 r=1 gens=2
FIBSURV Sig=2 t=41 u=7/5
SKIPISO t=41 u=7/5
MWRANK u=3/7 r=1 gens=2
FIBSURV Sig=2 t=-27 u=3/7
SKIPISO t=-27 u=3/7
MWRANK u=2/7 r=1 gens=2
FIBSURV Sig=2 t=-107/5 u=2/7
SKIPISO t=-107/5 u=2/7
MWRANK u=8/7 r=2 gens=2
FIBSURV Sig=2 t=113 u=8/7
SKIPISO t=113 u=8/7
MWSKIP u=-7/8 bounds=[1,3]
FIBSURV Sig=2 t=-113/15 u=-7/8
SKIPISO t=-113/15 u=-7/8
MWRANK u=8/5 r=2 gens=2
FIBSURV Sig=2 t=83/3 u=8/5
SKIPISO t=83/3 u=8/5
MWRANK u=8/3 r=2 gens=2
FIBSURV Sig=2 t=53/5 u=8/3
SKIPISO t=53/5 u=8/3
MWRANK u=-5/8 r=2 gens=2
FIBSURV Sig=2 t=-115/13 u=-5/8
SKIPISO t=-115/13 u=-5/8
MWRANK u=-8/3 r=1 gens=2
FIBSURV Sig=2 t=-37/11 u=-8/3
SKIPISO t=-37/11 u=-8/3
MWRANK u=3/8 r=2 gens=2
FIBSURV Sig=2 t=-123/5 u=3/8
SKIPISO t=-123/5 u=3/8
MWRANK u=-8/7 r=3 gens=2
FIBSURV Sig=2 t=-97/15 u=-8/7
SKIPISO t=-97/15 u=-8/7
MWRANK u=-8/5 r=1 gens=2
FIBSURV Sig=2 t=-67/13 u=-8/5
SKIPISO t=-67/13 u=-8/5
MWRANK u=1/8 r=1 gens=2
FIBSURV Sig=2 t=-121/7 u=1/8
SKIPISO t=-121/7 u=1/8
MWRANK u=-3/8 r=3 gens=2
FIBSURV Sig=2 t=-117/11 u=-3/8
SKIPISO t=-117/11 u=-3/8
MWRANK u=8 r=1 gens=2
FIBSURV Sig=2 t=23/7 u=8
SKIPISO t=23/7 u=8
MWRANK u=-1/8 r=2 gens=2
FIBSURV Sig=2 t=-119/9 u=-1/8
SKIPISO t=-119/9 u=-1/8
MWRANK u=5/8 r=3 gens=2
FIBSURV Sig=2 t=-125/3 u=5/8
SKIPISO t=-125/3 u=5/8
MWRANK u=7/8 r=1 gens=2
FIBSURV Sig=2 t=-127 u=7/8
SKIPISO t=-127 u=7/8
MWRANK u=-8 r=2 gens=2
FIBSURV Sig=2 t=-7/9 u=-8
SKIPISO t=-7/9 u=-8
MWRANK u=9/4 r=2 gens=2
FIBSURV Sig=2 t=69/5 u=9/4
SKIPISO t=69/5 u=9/4
MWRANK u=9/8 r=2 gens=2
FIBSURV Sig=2 t=129 u=9/8
SKIPISO t=129 u=9/8
MWRANK u=-8/9 r=3 gens=2
FIBSURV Sig=2 t=-127/17 u=-8/9
SKIPISO t=-127/17 u=-8/9
MWRANK u=5/9 r=1 gens=2
FIBSURV Sig=2 t=-35 u=5/9
SKIPISO t=-35 u=5/9
MWRANK u=-9/8 r=1 gens=2
FIBSURV Sig=2 t=-111/17 u=-9/8
SKIPISO t=-111/17 u=-9/8
MWRANK u=2/9 r=3 gens=2
FIBSURV Sig=2 t=-137/7 u=2/9
SKIPISO t=-137/7 u=2/9
MWRANK u=-9/5 r=1 gens=2
FIBSURV Sig=2 t=-33/7 u=-9/5
SKIPISO t=-33/7 u=-9/5
MWRANK u=-1/9 r=1 gens=2
FIBSURV Sig=2 t=-67/5 u=-1/9
SKIPISO t=-67/5 u=-1/9
MWRANK u=9/5 r=1 gens=2
FIBSURV Sig=2 t=21 u=9/5
SKIPISO t=21 u=9/5
MWRANK u=-2/9 r=1 gens=2
FIBSURV Sig=2 t=-133/11 u=-2/9
SKIPISO t=-133/11 u=-2/9
MWRANK u=9/7 r=1 gens=2
FIBSURV Sig=2 t=57 u=9/7
SKIPISO t=57 u=9/7
MWRANK u=8/9 r=1 gens=2
FIBSURV Sig=2 t=-143 u=8/9
SKIPISO t=-143 u=8/9
MWRANK u=1/9 r=2 gens=2
FIBSURV Sig=2 t=-17 u=1/9
SKIPISO t=-17 u=1/9
MWRANK u=7/9 r=1 gens=2
FIBSURV Sig=2 t=-71 u=7/9
SKIPISO t=-71 u=7/9
MWRANK u=-5/9 r=3 gens=2
FIBSURV Sig=2 t=-65/7 u=-5/9
SKIPISO t=-65/7 u=-5/9
MWRANK u=4/9 r=1 gens=2
FIBSURV Sig=2 t=-139/5 u=4/9
SKIPISO t=-139/5 u=4/9
MWRANK u=-9/4 r=1 gens=2
FIBSURV Sig=2 t=-51/13 u=-9/4
SKIPISO t=-51/13 u=-9/4
MWRANK u=-7/9 r=2 gens=2
FIBSURV Sig=2 t=-8 u=-7/9
SKIPISO t=-8 u=-7/9
MWRANK u=-9/2 r=1 gens=2
FIBSURV Sig=2 t=-21/11 u=-9/2
SKIPISO t=-21/11 u=-9/2
MWRANK u=-4/9 r=1 gens=2
FIBSURV Sig=2 t=-131/13 u=-4/9
SKIPISO t=-131/13 u=-4/9
MWRANK u=10/7 r=2 gens=2
FIBSURV Sig=2 t=115/3 u=10/7
SKIPISO t=115/3 u=10/7
MWRANK u=-9/10 r=3 gens=2
FIBSURV Sig=2 t=-141/19 u=-9/10
SKIPISO t=-141/19 u=-9/10
MWRANK u=-7/10 r=1 gens=2
FIBSURV Sig=2 t=-143/17 u=-7/10
SKIPISO t=-143/17 u=-7/10
MWRANK u=-10/9 r=1 gens=2
FIBSURV Sig=2 t=-125/19 u=-10/9
SKIPISO t=-125/19 u=-10/9
MWRANK u=-10/7 r=3 gens=2
FIBSURV Sig=2 t=-95/17 u=-10/7
SKIPISO t=-95/17 u=-10/7
MWRANK u=10/9 r=2 gens=2
FIBSURV Sig=2 t=145 u=10/9
SKIPISO t=145 u=10/9
MWRANK u=-3/10 r=1 gens=2
FIBSURV Sig=2 t=-147/13 u=-3/10
SKIPISO t=-147/13 u=-3/10
MWRANK u=-1/10 r=3 gens=2
FIBSURV Sig=2 t=-149/11 u=-1/10
SKIPISO t=-149/11 u=-1/10
MWRANK u=10 r=1 gens=2
FIBSURV Sig=2 t=25/9 u=10
SKIPISO t=25/9 u=10
MWRANK u=10/3 r=2 gens=2
FIBSURV Sig=2 t=55/7 u=10/3
SKIPISO t=55/7 u=10/3
MWRANK u=5/11 r=1 gens=2
FIBSURV Sig=2 t=-85/3 u=5/11
SKIPISO t=-85/3 u=5/11
MWRANK u=-7/11 r=1 gens=2
FIBSURV Sig=2 t=-79/9 u=-7/11
SKIPISO t=-79/9 u=-7/11
MWRANK u=-9/11 r=1 gens=2
FIBSURV Sig=2 t=-39/5 u=-9/11
SKIPISO t=-39/5 u=-9/11
MWRANK u=11/4 r=1 gens=2
FIBSURV Sig=2 t=71/7 u=11/4
SKIPISO t=71/7 u=11/4
MWRANK u=-5/11 r=2 gens=2
FIBSURV Sig=2 t=-10 u=-5/11
SKIPISO t=-10 u=-5/11
MWRANK u=11/2 r=1 gens=2
FIBSURV Sig=2 t=41/9 u=11/2
SKIPISO t=41/9 u=11/2
MWRANK u=-1/11 r=1 gens=2
FIBSURV Sig=2 t=-41/3 u=-1/11
SKIPISO t=-41/3 u=-1/11
MWRANK u=11/6 r=2 gens=2
FIBSURV Sig=2 t=101/5 u=11/6
SKIPISO t=101/5 u=11/6
MWRANK u=-11/7 r=2 gens=2
FIBSURV Sig=2 t=-47/9 u=-11/7
SKIPISO t=-47/9 u=-11/7
MWRANK u=-11/4 r=1 gens=2
FIBSURV Sig=2 t=-49/15 u=-11/4
SKIPISO t=-49/15 u=-11/4
MWRANK u=11/3 r=1 gens=2
FIBSURV Sig=2 t=7 u=11/3
SKIPISO t=7 u=11/3
MWRANK u=11/9 r=2 gens=2
FIBSURV Sig=2 t=73 u=11/9
SKIPISO t=73 u=11/9
MWRANK u=1/11 r=1 gens=2
FIBSURV Sig=2 t=-83/5 u=1/11
SKIPISO t=-83/5 u=1/11
MWRANK u=-11/9 r=2 gens=2
FIBSURV Sig=2 t=-31/5 u=-11/9
SKIPISO t=-31/5 u=-11/9
MWRANK u=11/5 r=2 gens=2
FIBSURV Sig=2 t=43/3 u=11/5
SKIPISO t=43/3 u=11/5
MWRANK u=-3/11 r=1 gens=2
FIBSURV Sig=2 t=-81/7 u=-3/11
SKIPISO t=-81/7 u=-3/11
MWRANK u=9/11 r=1 gens=2
FIBSURV Sig=2 t=-87 u=9/11
SKIPISO t=-87 u=9/11
MWRANK u=-11/8 r=1 gens=2
FIBSURV Sig=2 t=-109/19 u=-11/8
SKIPISO t=-109/19 u=-11/8
MWRANK u=-11/2 r=2 gens=2
FIBSURV Sig=2 t=-19/13 u=-11/2
SKIPISO t=-19/13 u=-11/2
MWRANK u=7/11 r=2 gens=2
FIBSURV Sig=2 t=-43 u=7/11
SKIPISO t=-43 u=7/11
MWRANK u=-11/10 r=1 gens=2
FIBSURV Sig=2 t=-139/21 u=-11/10
SKIPISO t=-139/21 u=-11/10
MWRANK u=-11 r=1 gens=2
FIBSURV Sig=2 t=-1/3 u=-11
SKIPISO t=-1/3 u=-11
MWRANK u=3/11 r=1 gens=2
FIBSURV Sig=2 t=-21 u=3/11
SKIPISO t=-21 u=3/11
MWRANK u=-11/6 r=1 gens=2
FIBSURV Sig=2 t=-79/17 u=-11/6
SKIPISO t=-79/17 u=-11/6
MWRANK u=11/8 r=2 gens=2
FIBSURV Sig=2 t=131/3 u=11/8
SKIPISO t=131/3 u=11/8
MWRANK u=12/7 r=2 gens=2
FIBSURV Sig=2 t=117/5 u=12/7
SKIPISO t=117/5 u=12/7
MWRANK u=12/5 r=1 gens=2
FIBSURV Sig=2 t=87/7 u=12/5
SKIPISO t=87/7 u=12/5
MWRANK u=-12/7 r=1 gens=2
FIBSURV Sig=2 t=-93/19 u=-12/7
SKIPISO t=-93/19 u=-12/7
MWRANK u=-12/5 r=1 gens=2
FIBSURV Sig=2 t=-63/17 u=-12/5
SKIPISO t=-63/17 u=-12/5
MWRANK u=7/13 r=1 gens=2
FIBSURV Sig=2 t=-101/3 u=7/13
SKIPISO t=-101/3 u=7/13
MWRANK u=-13/11 r=2 gens=2
FIBSURV Sig=2 t=-19/3 u=-13/11
SKIPISO t=-19/3 u=-13/11
MWRANK u=-7/13 r=2 gens=2
FIBSURV Sig=2 t=-47/5 u=-7/13
SKIPISO t=-47/5 u=-7/13
MWRANK u=13/3 r=2 gens=2
FIBSURV Sig=2 t=29/5 u=13/3
SKIPISO t=29/5 u=13/3
MWRANK u=-1/13 r=3 gens=2
FIBSURV Sig=2 t=-97/7 u=-1/13
SKIPISO t=-97/7 u=-1/13
MWRANK u=13/5 r=1 gens=2
FIBSURV Sig=2 t=11 u=13/5
SKIPISO t=11 u=13/5
MWRANK u=-3/13 r=2 gens=2
FIBSURV Sig=2 t=-12 u=-3/13
SKIPISO t=-12 u=-3/13
MWRANK u=11/13 r=1 gens=2
FIBSURV Sig=2 t=-103 u=11/13
SKIPISO t=-103 u=11/13
MWRANK u=13/8 r=2 gens=2
FIBSURV Sig=2 t=133/5 u=13/8
SKIPISO t=133/5 u=13/8
MWRANK u=13/9 r=1 gens=2
FIBSURV Sig=2 t=37 u=13/9
SKIPISO t=37 u=13/9
MWRANK u=-13/3 r=1 gens=2
FIBSURV Sig=2 t=-2 u=-13/3
SKIPISO t=-2 u=-13/3
MWRANK u=1/13 r=2 gens=2
FIBSURV Sig=2 t=-49/3 u=1/13
SKIPISO t=-49/3 u=1/13
MWRANK u=-13/2 r=2 gens=2
FIBSURV Sig=2 t=-17/15 u=-13/2
SKIPISO t=-17/15 u=-13/2
MWRANK u=13/11 r=2 gens=2
FIBSURV Sig=2 t=89 u=13/11
SKIPISO t=89 u=13/11
MWRANK u=-13/8 r=3 gens=2
FIBSURV Sig=2 t=-107/21 u=-13/8
SKIPISO t=-107/21 u=-13/8
MWRANK u=-13/5 r=1 gens=2
FIBSURV Sig=2 t=-31/9 u=-13/5
SKIPISO t=-31/9 u=-13/5
MWRANK u=13/4 r=1 gens=2
FIBSURV Sig=2 t=73/9 u=13/4
SKIPISO t=73/9 u=13/4
MWRANK u=3/13 r=3 gens=2
FIBSURV Sig=2 t=-99/5 u=3/13
SKIPISO t=-99/5 u=3/13
MWRANK u=5/13 r=2 gens=2
FIBSURV Sig=2 t=-25 u=5/13
SKIPISO t=-25 u=5/13
MWRANK u=-13/10 r=2 gens=2
FIBSURV Sig=2 t=-137/23 u=-13/10
SKIPISO t=-137/23 u=-13/10
MWRANK u=-9/13 r=1 gens=2
FIBSURV Sig=2 t=-93/11 u=-9/13
SKIPISO t=-93/11 u=-9/13
MWRANK u=-5/13 r=2 gens=2
FIBSURV Sig=2 t=-95/9 u=-5/13
SKIPISO t=-95/9 u=-5/13
MWRANK u=-13/4 r=2 gens=2
FIBSURV Sig=2 t=-47/17 u=-13/4
SKIPISO t=-47/17 u=-13/4
MWRANK u=-13/9 r=1 gens=2
FIBSURV Sig=2 t=-61/11 u=-13/9
SKIPISO t=-61/11 u=-13/9
MWRANK u=-13/6 r=1 gens=2
FIBSURV Sig=2 t=-77/19 u=-13/6
SKIPISO t=-77/19 u=-13/6
MWRANK u=-13/7 r=2 gens=2
FIBSURV Sig=2 t=-23/5 u=-13/7
SKIPISO t=-23/5 u=-13/7
MWRANK u=13/2 r=1 gens=2
FIBSURV Sig=2 t=43/11 u=13/2
SKIPISO t=43/11 u=13/2
MWRANK u=-11/13 r=1 gens=2
FIBSURV Sig=2 t=-23/3 u=-11/13
SKIPISO t=-23/3 u=-11/13
MWRANK u=9/13 r=2 gens=2
FIBSURV Sig=2 t=-51 u=9/13
SKIPISO t=-51 u=9/13
MWRANK u=13/6 r=2 gens=2
FIBSURV Sig=2 t=103/7 u=13/6
SKIPISO t=103/7 u=13/6
MWRANK u=13/7 r=2 gens=2
FIBSURV Sig=2 t=59/3 u=13/7
SKIPISO t=59/3 u=13/7
MWRANK u=-14 r=2 gens=2
FIBSURV Sig=2 t=-1/15 u=-14
SKIPISO t=-1/15 u=-14
MWRANK u=-14/9 r=3 gens=2
FIBSURV Sig=2 t=-121/23 u=-14/9
SKIPISO t=-121/23 u=-14/9
MWRANK u=-14/3 r=2 gens=2
FIBSURV Sig=2 t=-31/17 u=-14/3
SKIPISO t=-31/17 u=-14/3
MWRANK u=14/9 r=2 gens=2
FIBSURV Sig=2 t=149/5 u=14/9
SKIPISO t=149/5 u=14/9
MWRANK u=14/5 r=2 gens=2
FIBSURV Sig=2 t=89/9 u=14/5
SKIPISO t=89/9 u=14/5
MWRANK u=14/3 r=2 gens=2
FIBSURV Sig=2 t=59/11 u=14/3
SKIPISO t=59/11 u=14/3
MWRANK u=-14/5 r=1 gens=2
FIBSURV Sig=2 t=-61/19 u=-14/5
SKIPISO t=-61/19 u=-14/5
MWRANK u=11/15 r=2 gens=2
FIBSURV Sig=2 t=-59 u=11/15
SKIPISO t=-59 u=11/15
MWRANK u=15/7 r=1 gens=2
FIBSURV Sig=2 t=15 u=15/7
SKIPISO t=15 u=15/7
MWRANK u=7/15 r=3 gens=2
FIBSURV Sig=2 t=-29 u=7/15
SKIPISO t=-29 u=7/15
MWRANK u=-15/13 r=2 gens=2
FIBSURV Sig=2 t=-45/7 u=-15/13
SKIPISO t=-45/7 u=-15/13
MWRANK u=-1/15 r=2 gens=2
FIBSURV Sig=2 t=-14 u=-1/15
SKIPISO t=-14 u=-1/15
MWRANK u=15/2 r=1 gens=2
FIBSURV Sig=2 t=45/13 u=15/2
SKIPISO t=45/13 u=15/2
MWRANK u=-15/11 r=1 gens=2
FIBSURV Sig=2 t=-75/13 u=-15/11
SKIPISO t=-75/13 u=-15/11
MWRANK u=1/15 r=1 gens=2
FIBSURV Sig=2 t=-113/7 u=1/15
SKIPISO t=-113/7 u=1/15
MWRANK u=-15 r=1 gens=2
FIBSURV Sig=2 t=0 u=-15
SKIPISO t=0 u=-15
MWRANK u=15/13 r=1 gens=2
FIBSURV Sig=2 t=105 u=15/13
SKIPISO t=105 u=15/13
MWRANK u=13/15 r=1 gens=2
FIBSURV Sig=2 t=-119 u=13/15
SKIPISO t=-119 u=13/15
MWRANK u=-15/2 r=2 gens=2
FIBSURV Sig=2 t=-15/17 u=-15/2
SKIPISO t=-15/17 u=-15/2
MWRANK u=-7/15 r=1 gens=2
FIBSURV Sig=2 t=-109/11 u=-7/15
SKIPISO t=-109/11 u=-7/15
MWRANK u=-15/7 r=1 gens=2
FIBSURV Sig=2 t=-45/11 u=-15/7
SKIPISO t=-45/11 u=-15/7
MWRANK u=-15/8 r=1 gens=2
FIBSURV Sig=2 t=-105/23 u=-15/8
SKIPISO t=-105/23 u=-15/8
MWRANK u=-13/15 r=3 gens=2
FIBSURV Sig=2 t=-53/7 u=-13/15
SKIPISO t=-53/7 u=-13/15
MWRANK u=-15/4 r=2 gens=2
FIBSURV Sig=2 t=-45/19 u=-15/4
SKIPISO t=-45/19 u=-15/4
MWRANK u=-11/15 r=1 gens=2
FIBSURV Sig=2 t=-107/13 u=-11/15
SKIPISO t=-107/13 u=-11/15
MWRANK u=15/4 r=2 gens=2
FIBSURV Sig=2 t=75/11 u=15/4
SKIPISO t=75/11 u=15/4
MWRANK u=15/11 r=1 gens=2
FIBSURV Sig=2 t=45 u=15/11
SKIPISO t=45 u=15/11
MWRANK u=-16/11 r=1 gens=2
FIBSURV Sig=2 t=-149/27 u=-16/11
SKIPISO t=-149/27 u=-16/11
MWRANK u=16/3 r=1 gens=2
FIBSURV Sig=2 t=61/13 u=16/3
SKIPISO t=61/13 u=16/3
MWRANK u=16/7 r=1 gens=2
FIBSURV Sig=2 t=121/9 u=16/7
SKIPISO t=121/9 u=16/7
MWRANK u=-16/3 r=2 gens=2
FIBSURV Sig=2 t=-29/19 u=-16/3
SKIPISO t=-29/19 u=-16/3
MWRANK u=-16/9 r=1 gens=2
FIBSURV Sig=2 t=-119/25 u=-16/9
SKIPISO t=-119/25 u=-16/9
MWRANK u=16/5 r=2 gens=2
FIBSURV Sig=2 t=91/11 u=16/5
SKIPISO t=91/11 u=16/5
MWSKIP u=-16/7 bounds=[1,3]
FIBSURV Sig=2 t=-89/23 u=-16/7
SKIPISO t=-89/23 u=-16/7
MWRANK u=16 r=2 gens=2
FIBSURV Sig=2 t=31/15 u=16
SKIPISO t=31/15 u=16
MWRANK u=3/17 r=1 gens=2
FIBSURV Sig=2 t=-129/7 u=3/17
SKIPISO t=-129/7 u=3/17
MWRANK u=17/7 r=2 gens=2
FIBSURV Sig=2 t=61/5 u=17/7
SKIPISO t=61/5 u=17/7
MWRANK u=17/8 r=2 gens=2
FIBSURV Sig=2 t=137/9 u=17/8
SKIPISO t=137/9 u=17/8
MWRANK u=17 r=1 gens=2
FIBSURV Sig=2 t=2 u=17
SKIPISO t=2 u=17
MWRANK u=1/17 r=2 gens=2
FIBSURV Sig=2 t=-16 u=1/17
SKIPISO t=-16 u=1/17
MWRANK u=-1/17 r=3 gens=2
FIBSURV Sig=2 t=-127/9 u=-1/17
SKIPISO t=-127/9 u=-1/17
MWSKIP u=-5/17 bounds=[1,3]
FIBSURV Sig=2 t=-125/11 u=-5/17
SKIPISO t=-125/11 u=-5/17
MWRANK u=-17/7 r=2 gens=2
FIBSURV Sig=2 t=-11/3 u=-17/7
SKIPISO t=-11/3 u=-17/7
MWRANK u=15/17 r=1 gens=2
FIBSURV Sig=2 t=-135 u=15/17
SKIPISO t=-135 u=15/17
MWRANK u=-17/10 r=1 gens=2
FIBSURV Sig=2 t=-133/27 u=-17/10
SKIPISO t=-133/27 u=-17/10
MWRANK u=17/5 r=1 gens=2
FIBSURV Sig=2 t=23/3 u=17/5
SKIPISO t=23/3 u=17/5
MWRANK u=17/15 r=2 gens=2
FIBSURV Sig=2 t=121 u=17/15
SKIPISO t=121 u=17/15
MWRANK u=17/13 r=1 gens=2
FIBSURV Sig=2 t=53 u=17/13
SKIPISO t=53 u=17/13
MWRANK u=17/4 r=2 gens=2
FIBSURV Sig=2 t=77/13 u=17/4
SKIPISO t=77/13 u=17/4
MWRANK u=-17/13 r=3 gens=2
FIBSURV Sig=2 t=-89/15 u=-17/13
SKIPISO t=-89/15 u=-17/13
MWRANK u=17/6 r=2 gens=2
FIBSURV Sig=2 t=107/11 u=17/6
SKIPISO t=107/11 u=17/6
MWRANK u=9/17 r=2 gens=2
FIBSURV Sig=2 t=-33 u=9/17
SKIPISO t=-33 u=9/17
MWRANK u=-17/8 r=3 gens=2
FIBSURV Sig=2 t=-103/25 u=-17/8
SKIPISO t=-103/25 u=-17/8
MWRANK u=13/17 r=1 gens=2
FIBSURV Sig=2 t=-67 u=13/17
SKIPISO t=-67 u=13/17
MWRANK u=17/3 r=1 gens=2
FIBSURV Sig=2 t=31/7 u=17/3
SKIPISO t=31/7 u=17/3
MWRANK u=17/2 r=1 gens=2
FIBSURV Sig=2 t=47/15 u=17/2
SKIPISO t=47/15 u=17/2
MWRANK u=-17 r=1 gens=2
FIBSURV Sig=2 t=1/9 u=-17
SKIPISO t=1/9 u=-17
MWRANK u=11/17 r=1 gens=2
FIBSURV Sig=2 t=-133/3 u=11/17
SKIPISO t=-133/3 u=11/17
MWRANK u=-17/9 r=1 gens=2
FIBSURV Sig=2 t=-59/13 u=-17/9
SKIPISO t=-59/13 u=-17/9
MWRANK u=7/17 r=1 gens=2
FIBSURV Sig=2 t=-131/5 u=7/17
SKIPISO t=-131/5 u=7/17
MWRANK u=-15/17 r=1 gens=2
FIBSURV Sig=2 t=-15/2 u=-15/17
SKIPISO t=-15/2 u=-15/17
MWRANK u=5/17 r=2 gens=2
FIBSURV Sig=2 t=-65/3 u=5/17
SKIPISO t=-65/3 u=5/17
MWRANK u=-3/17 r=2 gens=2
FIBSURV Sig=2 t=-63/5 u=-3/17
SKIPISO t=-63/5 u=-3/17
MWRANK u=-11/17 r=1 gens=2
FIBSURV Sig=2 t=-61/7 u=-11/17
SKIPISO t=-61/7 u=-11/17
MWRANK u=-9/17 r=1 gens=2
FIBSURV Sig=2 t=-123/13 u=-9/17
SKIPISO t=-123/13 u=-9/17
MWRANK u=-17/11 r=1 gens=2
FIBSURV Sig=2 t=-37/7 u=-17/11
SKIPISO t=-37/7 u=-17/11
MWRANK u=-17/3 r=2 gens=2
FIBSURV Sig=2 t=-7/5 u=-17/3
SKIPISO t=-7/5 u=-17/3
MWRANK u=-17/15 r=2 gens=2
FIBSURV Sig=2 t=-13/2 u=-17/15
SKIPISO t=-13/2 u=-17/15
MWRANK u=17/11 r=2 gens=2
FIBSURV Sig=2 t=91/3 u=17/11
SKIPISO t=91/3 u=17/11
MWRANK u=-7/17 r=2 gens=2
FIBSURV Sig=2 t=-31/3 u=-7/17
SKIPISO t=-31/3 u=-7/17
MWRANK u=-17/6 r=3 gens=2
FIBSURV Sig=2 t=-73/23 u=-17/6
SKIPISO t=-73/23 u=-17/6
MWRANK u=17/9 r=1 gens=2
FIBSURV Sig=2 t=19 u=17/9
SKIPISO t=19 u=17/9
MWRANK u=-17/5 r=2 gens=2
FIBSURV Sig=2 t=-29/11 u=-17/5
SKIPISO t=-29/11 u=-17/5
MWRANK u=-17/2 r=2 gens=2
FIBSURV Sig=2 t=-13/19 u=-17/2
SKIPISO t=-13/19 u=-17/2
MWRANK u=-17/4 r=2 gens=2
FIBSURV Sig=2 t=-43/21 u=-17/4
SKIPISO t=-43/21 u=-17/4
MWRANK u=-13/17 r=1 gens=2
FIBSURV Sig=2 t=-121/15 u=-13/17
SKIPISO t=-121/15 u=-13/17
MWRANK u=18/5 r=1 gens=2
FIBSURV Sig=2 t=93/13 u=18/5
SKIPISO t=93/13 u=18/5
MWRANK u=-18/11 r=1 gens=2
FIBSURV Sig=2 t=-147/29 u=-18/11
SKIPISO t=-147/29 u=-18/11
MWRANK u=-18/5 r=2 gens=2
FIBSURV Sig=2 t=-57/23 u=-18/5
SKIPISO t=-57/23 u=-18/5
MWRANK u=-18/7 r=1 gens=2
FIBSURV Sig=2 t=-87/25 u=-18/7
SKIPISO t=-87/25 u=-18/7
MWRANK u=-18 r=2 gens=2
FIBSURV Sig=2 t=3/19 u=-18
SKIPISO t=3/19 u=-18
MWRANK u=18/7 r=2 gens=2
FIBSURV Sig=2 t=123/11 u=18/7
SKIPISO t=123/11 u=18/7
MWRANK u=7/19 r=2 gens=2
FIBSURV Sig=2 t=-73/3 u=7/19
SKIPISO t=-73/3 u=7/19
MWRANK u=-19/2 r=2 gens=2
FIBSURV Sig=2 t=-11/21 u=-19/2
SKIPISO t=-11/21 u=-19/2
MWSKIP u=1/19 bounds=[2,4]
FIBSURV Sig=2 t=-143/9 u=1/19
SKIPISO t=-143/9 u=1/19
MWRANK u=13/19 r=3 gens=2
FIBSURV Sig=2 t=-149/3 u=13/19
SKIPISO t=-149/3 u=13/19
MWRANK u=-13/19 r=1 gens=2
FIBSURV Sig=2 t=-17/2 u=-13/19
SKIPISO t=-17/2 u=-13/19
MWRANK u=-11/19 r=3 gens=2
FIBSURV Sig=2 t=-137/15 u=-11/19
SKIPISO t=-137/15 u=-11/19
MWRANK u=5/19 r=2 gens=2
FIBSURV Sig=2 t=-145/7 u=5/19
SKIPISO t=-145/7 u=5/19
MWRANK u=-19/10 r=1 gens=2
FIBSURV Sig=2 t=-131/29 u=-19/10
SKIPISO t=-131/29 u=-19/10
MWRANK u=-19/17 r=2 gens=2
FIBSURV Sig=2 t=-59/9 u=-19/17
SKIPISO t=-59/9 u=-19/17
MWRANK u=-7/19 r=1 gens=2
FIBSURV Sig=2 t=-139/13 u=-7/19
SKIPISO t=-139/13 u=-7/19
MWRANK u=-19 r=1 gens=2
FIBSURV Sig=2 t=1/5 u=-19
SKIPISO t=1/5 u=-19
MWRANK u=9/19 r=1 gens=2
FIBSURV Sig=2 t=-147/5 u=9/19
SKIPISO t=-147/5 u=9/19
MWRANK u=-15/19 r=3 gens=2
FIBSURV Sig=2 t=-135/17 u=-15/19
SKIPISO t=-135/17 u=-15/19
MWRANK u=19/9 r=2 gens=2
FIBSURV Sig=2 t=77/5 u=19/9
SKIPISO t=77/5 u=19/9
MWRANK u=-17/19 r=2 gens=2
FIBSURV Sig=2 t=-67/9 u=-17/19
SKIPISO t=-67/9 u=-17/19
MWRANK u=-19/11 r=1 gens=2
FIBSURV Sig=2 t=-73/15 u=-19/11
SKIPISO t=-73/15 u=-19/11
MWRANK u=-1/19 r=2 gens=2
FIBSURV Sig=2 t=-71/5 u=-1/19
SKIPISO t=-71/5 u=-1/19
MWRANK u=3/19 r=2 gens=2
FIBSURV Sig=2 t=-18 u=3/19
SKIPISO t=-18 u=3/19
MWRANK u=19/2 r=1 gens=2
FIBSURV Sig=2 t=49/17 u=19/2
SKIPISO t=49/17 u=19/2
MWRANK u=19/4 r=2 gens=2
FIBSURV Sig=2 t=79/15 u=19/4
SKIPISO t=79/15 u=19/4
MWRANK u=19/15 r=1 gens=2
FIBSURV Sig=2 t=61 u=19/15
SKIPISO t=61 u=19/15
MWRANK u=-19/3 r=2 gens=2
FIBSURV Sig=2 t=-13/11 u=-19/3
SKIPISO t=-13/11 u=-19/3
MWRANK u=19/5 r=2 gens=2
FIBSURV Sig=2 t=47/7 u=19/5
SKIPISO t=47/7 u=19/5
MWRANK u=19/7 r=1 gens=2
FIBSURV Sig=2 t=31/3 u=19/7
SKIPISO t=31/3 u=19/7
MWRANK u=11/19 r=3 gens=2
FIBSURV Sig=2 t=-37 u=11/19
SKIPISO t=-37 u=11/19
MWRANK u=19/13 r=2 gens=2
FIBSURV Sig=2 t=107/3 u=19/13
SKIPISO t=107/3 u=19/13
MWRANK u=-19/15 r=1 gens=2
FIBSURV Sig=2 t=-103/17 u=-19/15
SKIPISO t=-103/17 u=-19/15
MWRANK u=19/17 r=2 gens=2
FIBSURV Sig=2 t=137 u=19/17
SKIPISO t=137 u=19/17
MWRANK u=-9/19 r=2 gens=2
FIBSURV Sig=2 t=-69/7 u=-9/19
SKIPISO t=-69/7 u=-9/19
MWRANK u=19/6 r=2 gens=2
FIBSURV Sig=2 t=109/13 u=19/6
SKIPISO t=109/13 u=19/6
MWRANK u=19/8 r=2 gens=2
FIBSURV Sig=2 t=139/11 u=19/8
SKIPISO t=139/11 u=19/8
MWRANK u=-19/7 r=1 gens=2
FIBSURV Sig=2 t=-43/13 u=-19/7
SKIPISO t=-43/13 u=-19/7
MWRANK u=-19/8 r=1 gens=2
FIBSURV Sig=2 t=-101/27 u=-19/8
SKIPISO t=-101/27 u=-19/8
MWRANK u=-5/19 r=2 gens=2
FIBSURV Sig=2 t=-35/3 u=-5/19
SKIPISO t=-35/3 u=-5/19
MWRANK u=-3/19 r=2 gens=2
FIBSURV Sig=2 t=-141/11 u=-3/19
SKIPISO t=-141/11 u=-3/19
MWRANK u=-19/4 r=2 gens=2
FIBSURV Sig=2 t=-41/23 u=-19/4
SKIPISO t=-41/23 u=-19/4
MWRANK u=19/11 r=1 gens=2
FIBSURV Sig=2 t=23 u=19/11
SKIPISO t=23 u=19/11
MWRANK u=-19/5 r=1 gens=2
FIBSURV Sig=2 t=-7/3 u=-19/5
SKIPISO t=-7/3 u=-19/5
MWRANK u=20 r=2 gens=2
FIBSURV Sig=2 t=35/19 u=20
SKIPISO t=35/19 u=20
MWRANK u=-20/9 r=1 gens=2
FIBSURV Sig=2 t=-115/29 u=-20/9
SKIPISO t=-115/29 u=-20/9
MWRANK u=-20 r=2 gens=2
FIBSURV Sig=2 t=5/21 u=-20
SKIPISO t=5/21 u=-20
MWRANK u=20/3 r=1 gens=2
FIBSURV Sig=2 t=65/17 u=20/3
SKIPISO t=65/17 u=20/3
MWRANK u=20/7 r=2 gens=2
FIBSURV Sig=2 t=125/13 u=20/7
SKIPISO t=125/13 u=20/7
MWRANK u=-20/3 r=2 gens=2
FIBSURV Sig=2 t=-25/23 u=-20/3
SKIPISO t=-25/23 u=-20/3
MWRANK u=-20/11 r=3 gens=2
FIBSURV Sig=2 t=-145/31 u=-20/11
SKIPISO t=-145/31 u=-20/11
MWRANK u=-20/7 r=1 gens=2
FIBSURV Sig=2 t=-85/27 u=-20/7
SKIPISO t=-85/27 u=-20/7
MWRANK u=-21/4 r=2 gens=2
FIBSURV Sig=2 t=-39/25 u=-21/4
SKIPISO t=-39/25 u=-21/4
MWRANK u=-21/2 r=2 gens=2
FIBSURV Sig=2 t=-9/23 u=-21/2
SKIPISO t=-9/23 u=-21/2
MWRANK u=17/21 r=2 gens=2
FIBSURV Sig=2 t=-83 u=17/21
SKIPISO t=-83 u=17/21
MWRANK u=21/2 r=1 gens=2
FIBSURV Sig=2 t=51/19 u=21/2
SKIPISO t=51/19 u=21/2
MWRANK u=13/21 r=2 gens=2
FIBSURV Sig=2 t=-41 u=13/21
SKIPISO t=-41 u=13/21
MWRANK u=-21/13 r=1 gens=2
FIBSURV Sig=2 t=-87/17 u=-21/13
SKIPISO t=-87/17 u=-21/13
MWRANK u=-11/21 r=1 gens=2
FIBSURV Sig=2 t=-19/2 u=-11/21
SKIPISO t=-19/2 u=-11/21
MWRANK u=-21/5 r=2 gens=2
FIBSURV Sig=2 t=-27/13 u=-21/5
SKIPISO t=-27/13 u=-21/5
MWRANK u=21/11 r=2 gens=2
FIBSURV Sig=2 t=93/5 u=21/11
SKIPISO t=93/5 u=21/11
MWRANK u=-21/19 r=2 gens=2
FIBSURV Sig=2 t=-33/5 u=-21/19
SKIPISO t=-33/5 u=-21/19
MWRANK u=21 r=1 gens=2
FIBSURV Sig=2 t=9/5 u=21
SKIPISO t=9/5 u=21
MWRANK u=1/21 r=2 gens=2
FIBSURV Sig=2 t=-79/5 u=1/21
SKIPISO t=-79/5 u=1/21
MWRANK u=-19/21 r=2 gens=2
FIBSURV Sig=2 t=-37/5 u=-19/21
SKIPISO t=-37/5 u=-19/21
MWRANK u=-21/17 r=1 gens=2
FIBSURV Sig=2 t=-117/19 u=-21/17
SKIPISO t=-117/19 u=-21/17
MWRANK u=-17/21 r=3 gens=2
FIBSURV Sig=2 t=-149/19 u=-17/21
SKIPISO t=-149/19 u=-17/21
MWRANK u=-21/11 r=1 gens=2
FIBSURV Sig=2 t=-9/2 u=-21/11
SKIPISO t=-9/2 u=-21/11
MWRANK u=21/8 r=2 gens=2
FIBSURV Sig=2 t=141/13 u=21/8
SKIPISO t=141/13 u=21/8
MWRANK u=-21/8 r=1 gens=2
FIBSURV Sig=2 t=-99/29 u=-21/8
SKIPISO t=-99/29 u=-21/8
MWRANK u=-21/10 r=1 gens=2
FIBSURV Sig=2 t=-129/31 u=-21/10
SKIPISO t=-129/31 u=-21/10
MWRANK u=-21 r=2 gens=2
FIBSURV Sig=2 t=3/11 u=-21
SKIPISO t=3/11 u=-21
MWRANK u=21/17 r=1 gens=2
FIBSURV Sig=2 t=69 u=21/17
SKIPISO t=69 u=21/17
MWRANK u=21/4 r=1 gens=2
FIBSURV Sig=2 t=81/17 u=21/4
SKIPISO t=81/17 u=21/4
MWRANK u=5/21 r=2 gens=2
FIBSURV Sig=2 t=-20 u=5/21
SKIPISO t=-20 u=5/21
MWRANK u=21/13 r=2 gens=2
FIBSURV Sig=2 t=27 u=21/13
SKIPISO t=27 u=21/13
MWRANK u=-22/5 r=2 gens=2
FIBSURV Sig=2 t=-53/27 u=-22/5
SKIPISO t=-53/27 u=-22/5
MWRANK u=22/7 r=2 gens=2
FIBSURV Sig=2 t=127/15 u=22/7
SKIPISO t=127/15 u=22/7
MWRANK u=-22/7 r=2 gens=2
FIBSURV Sig=2 t=-83/29 u=-22/7
SKIPISO t=-83/29 u=-22/7
MWRANK u=22/3 r=3 gens=2
FIBSURV Sig=2 t=67/19 u=22/3
SKIPISO t=67/19 u=22/3
MWRANK u=22/5 r=2 gens=2
FIBSURV Sig=2 t=97/17 u=22/5
SKIPISO t=97/17 u=22/5
MWRANK u=-22/9 r=1 gens=2
FIBSURV Sig=2 t=-113/31 u=-22/9
SKIPISO t=-113/31 u=-22/9
MWRANK u=23/7 r=1 gens=2
FIBSURV Sig=2 t=8 u=23/7
SKIPISO t=8 u=23/7
MWRANK u=23/2 r=2 gens=2
FIBSURV Sig=2 t=53/21 u=23/2
SKIPISO t=53/21 u=23/2
MWRANK u=19/23 r=1 gens=2
FIBSURV Sig=2 t=-91 u=19/23
SKIPISO t=-91 u=19/23
MWRANK u=-23/10 r=3 gens=2
FIBSURV Sig=2 t=-127/33 u=-23/10
SKIPISO t=-127/33 u=-23/10
MWRANK u=-13/23 r=2 gens=2
FIBSURV Sig=2 t=-83/9 u=-13/23
SKIPISO t=-83/9 u=-13/23
MWRANK u=23/15 r=1 gens=2
FIBSURV Sig=2 t=31 u=23/15
SKIPISO t=31 u=23/15
MWRANK u=-23/2 r=2 gens=2
FIBSURV Sig=2 t=-7/25 u=-23/2
SKIPISO t=-7/25 u=-23/2
MWRANK u=-21/23 r=2 gens=2
FIBSURV Sig=2 t=-81/11 u=-21/23
SKIPISO t=-81/11 u=-21/23
MWRANK u=-23/21 r=2 gens=2
FIBSURV Sig=2 t=-73/11 u=-23/21
SKIPISO t=-73/11 u=-23/21
MWRANK u=-23/13 r=2 gens=2
FIBSURV Sig=2 t=-43/9 u=-23/13
SKIPISO t=-43/9 u=-23/13
MWRANK u=23/6 r=2 gens=2
FIBSURV Sig=2 t=113/17 u=23/6
SKIPISO t=113/17 u=23/6
MWRANK u=23/3 r=1 gens=2
FIBSURV Sig=2 t=17/5 u=23/3
SKIPISO t=17/5 u=23/3
MWRANK u=-23/17 r=2 gens=2
FIBSURV Sig=2 t=-29/5 u=-23/17
SKIPISO t=-29/5 u=-23/17
MWRANK u=-23/8 r=3 gens=2
FIBSURV Sig=2 t=-97/31 u=-23/8
SKIPISO t=-97/31 u=-23/8
MWRANK u=-23/5 r=1 gens=2
FIBSURV Sig=2 t=-13/7 u=-23/5
SKIPISO t=-13/7 u=-23/5
MWRANK u=23/4 r=1 gens=2
FIBSURV Sig=2 t=83/19 u=23/4
SKIPISO t=83/19 u=23/4
MWRANK u=-1/23 r=2 gens=2
FIBSURV Sig=2 t=-43/3 u=-1/23
SKIPISO t=-43/3 u=-1/23
MWRANK u=23/9 r=2 gens=2
FIBSURV Sig=2 t=79/7 u=23/9
SKIPISO t=79/7 u=23/9
MWRANK u=3/23 r=2 gens=2
FIBSURV Sig=2 t=-87/5 u=3/23
SKIPISO t=-87/5 u=3/23
MWRANK u=-23/6 r=2 gens=2
FIBSURV Sig=2 t=-67/29 u=-23/6
SKIPISO t=-67/29 u=-23/6
MWRANK u=23/13 r=2 gens=2
FIBSURV Sig=2 t=109/5 u=23/13
SKIPISO t=109/5 u=23/13
MWRANK u=-23/9 r=3 gens=2
FIBSURV Sig=2 t=-7/2 u=-23/9
SKIPISO t=-7/2 u=-23/9
MWRANK u=-23/15 r=1 gens=2
FIBSURV Sig=2 t=-101/19 u=-23/15
SKIPISO t=-101/19 u=-23/15
MWRANK u=-23/19 r=1 gens=2
FIBSURV Sig=2 t=-131/21 u=-23/19
SKIPISO t=-131/21 u=-23/19
MWRANK u=-23/7 r=2 gens=2
FIBSURV Sig=2 t=-41/15 u=-23/7
SKIPISO t=-41/15 u=-23/7
MWRANK u=-5/23 r=2 gens=2
FIBSURV Sig=2 t=-85/7 u=-5/23
SKIPISO t=-85/7 u=-5/23
MWRANK u=-17/23 r=1 gens=2
FIBSURV Sig=2 t=-41/5 u=-17/23
SKIPISO t=-41/5 u=-17/23
MWRANK u=23/8 r=2 gens=2
FIBSURV Sig=2 t=143/15 u=23/8
SKIPISO t=143/15 u=23/8
MWRANK u=-23/11 r=1 gens=2
FIBSURV Sig=2 t=-71/17 u=-23/11
SKIPISO t=-71/17 u=-23/11
MWRANK u=23/11 r=2 gens=2
FIBSURV Sig=2 t=47/3 u=23/11
SKIPISO t=47/3 u=23/11
MWRANK u=23 r=1 gens=2
FIBSURV Sig=2 t=19/11 u=23
SKIPISO t=19/11 u=23
MWRANK u=11/23 r=2 gens=2
FIBSURV Sig=2 t=-89/3 u=11/23
SKIPISO t=-89/3 u=11/23
MWRANK u=23/19 r=1 gens=2
FIBSURV Sig=2 t=77 u=23/19
SKIPISO t=77 u=23/19
MWRANK u=23/5 r=1 gens=2
FIBSURV Sig=2 t=49/9 u=23/5
SKIPISO t=49/9 u=23/5
MWRANK u=-23/4 r=2 gens=2
FIBSURV Sig=2 t=-37/27 u=-23/4
SKIPISO t=-37/27 u=-23/4
MWRANK u=23/17 r=4 gens=2
FIBSURV Sig=2 t=139/3 u=23/17
SKIPISO t=139/3 u=23/17
MWRANK u=-9/23 r=2 gens=2
FIBSURV Sig=2 t=-21/2 u=-9/23
SKIPISO t=-21/2 u=-9/23
MWRANK u=-24/5 r=2 gens=2
FIBSURV Sig=2 t=-51/29 u=-24/5
SKIPISO t=-51/29 u=-24/5
MWRANK u=-24 r=2 gens=2
FIBSURV Sig=2 t=9/25 u=-24
SKIPISO t=9/25 u=-24
MWRANK u=-24/7 r=2 gens=2
FIBSURV Sig=2 t=-81/31 u=-24/7
SKIPISO t=-81/31 u=-24/7
MWRANK u=24/7 r=2 gens=2
FIBSURV Sig=2 t=129/17 u=24/7
SKIPISO t=129/17 u=24/7
MWRANK u=-24/11 r=3 gens=2
FIBSURV Sig=2 t=-141/35 u=-24/11
SKIPISO t=-141/35 u=-24/11
MWRANK u=24 r=2 gens=2
FIBSURV Sig=2 t=39/23 u=24
SKIPISO t=39/23 u=24
MWRANK u=25/7 r=2 gens=2
FIBSURV Sig=2 t=65/9 u=25/7
SKIPISO t=65/9 u=25/7
MWRANK u=-25 r=2 gens=2
FIBSURV Sig=2 t=5/13 u=-25
SKIPISO t=5/13 u=-25
MWRANK u=-25/21 r=1 gens=2
FIBSURV Sig=2 t=-145/23 u=-25/21
SKIPISO t=-145/23 u=-25/21
MWRANK u=13/25 r=2 gens=2
FIBSURV Sig=2 t=-97/3 u=13/25
SKIPISO t=-97/3 u=13/25
MWRANK u=25/13 r=1 gens=2
FIBSURV Sig=2 t=55/3 u=25/13
SKIPISO t=55/3 u=25/13
MWRANK u=25/6 r=2 gens=2
FIBSURV Sig=2 t=115/19 u=25/6
SKIPISO t=115/19 u=25/6
MWRANK u=17/25 r=2 gens=2
FIBSURV Sig=2 t=-49 u=17/25
SKIPISO t=-49 u=17/25
MWRANK u=-3/25 r=1 gens=2
FIBSURV Sig=2 t=-93/7 u=-3/25
SKIPISO t=-93/7 u=-3/25
MWRANK u=-25/6 r=2 gens=2
FIBSURV Sig=2 t=-65/31 u=-25/6
SKIPISO t=-65/31 u=-25/6
MWRANK u=4/25 r=3 gens=2
MWRANK u=-25/19 r=1 gens=2
FIBSURV Sig=2 t=-65/11 u=-25/19
SKIPISO t=-65/11 u=-25/19
MWRANK u=25/3 r=1 gens=2
FIBSURV Sig=2 t=35/11 u=25/3
SKIPISO t=35/11 u=25/3
MWRANK u=25/9 r=3 gens=2
FIBSURV Sig=2 t=10 u=25/9
SKIPISO t=10 u=25/9
MWRANK u=-11/25 r=2 gens=2
FIBSURV Sig=2 t=-91/9 u=-11/25
SKIPISO t=-91/9 u=-11/25
MWRANK u=25/11 r=2 gens=2
FIBSURV Sig=2 t=95/7 u=25/11
SKIPISO t=95/7 u=25/11
MWRANK u=-25/8 r=2 gens=2
FIBSURV Sig=2 t=-95/33 u=-25/8
SKIPISO t=-95/33 u=-25/8
MWRANK u=-25/23 r=2 gens=2
FIBSURV Sig=2 t=-20/3 u=-25/23
SKIPISO t=-20/3 u=-25/23
MWRANK u=21/25 r=3 gens=2
FIBSURV Sig=2 t=-99 u=21/25
SKIPISO t=-99 u=21/25
MWRANK u=-25/7 r=1 gens=2
FIBSURV Sig=2 t=-5/2 u=-25/7
SKIPISO t=-5/2 u=-25/7
MWRANK u=-7/25 r=1 gens=2
FIBSURV Sig=2 t=-23/2 u=-7/25
SKIPISO t=-23/2 u=-7/25
MWRANK u=9/25 r=1 gens=2
FIBSURV Sig=2 t=-24 u=9/25
SKIPISO t=-24 u=9/25
MWRANK u=25 r=1 gens=2
FIBSURV Sig=2 t=5/3 u=25
SKIPISO t=5/3 u=25
MWRANK u=25/17 r=1 gens=2
FIBSURV Sig=2 t=35 u=25/17
SKIPISO t=35 u=25/17
MWRANK u=25/2 r=2 gens=2
FIBSURV Sig=2 t=55/23 u=25/2
SKIPISO t=55/23 u=25/2
MWRANK u=-25/4 r=2 gens=2
FIBSURV Sig=2 t=-35/29 u=-25/4
SKIPISO t=-35/29 u=-25/4
MWRANK u=-25/9 r=1 gens=2
FIBSURV Sig=2 t=-55/17 u=-25/9
SKIPISO t=-55/17 u=-25/9
MWRANK u=-25/11 r=1 gens=2
FIBSURV Sig=2 t=-35/9 u=-25/11
SKIPISO t=-35/9 u=-25/11
MWRANK u=25/4 r=1 gens=2
FIBSURV Sig=2 t=85/21 u=25/4
SKIPISO t=85/21 u=25/4
MWRANK u=-23/25 r=2 gens=2
FIBSURV Sig=2 t=-22/3 u=-23/25
SKIPISO t=-22/3 u=-23/25
MWRANK u=-25/17 r=1 gens=2
FIBSURV Sig=2 t=-115/21 u=-25/17
SKIPISO t=-115/21 u=-25/17
MWRANK u=25/8 r=2 gens=2
FIBSURV Sig=2 t=145/17 u=25/8
SKIPISO t=145/17 u=25/8
MWRANK u=1/25 r=1 gens=2
FIBSURV Sig=2 t=-47/3 u=1/25
SKIPISO t=-47/3 u=1/25
MWRANK u=-19/25 r=1 gens=2
FIBSURV Sig=2 t=-89/11 u=-19/25
SKIPISO t=-89/11 u=-19/25
MWRANK u=25/21 r=1 gens=2
FIBSURV Sig=2 t=85 u=25/21
SKIPISO t=85 u=25/21
MWRANK u=-25/13 r=2 gens=2
FIBSURV Sig=2 t=-85/19 u=-25/13
SKIPISO t=-85/19 u=-25/13
MWRANK u=-26 r=2 gens=2
FIBSURV Sig=2 t=11/27 u=-26
SKIPISO t=11/27 u=-26
MWRANK u=26/7 r=1 gens=2
FIBSURV Sig=2 t=131/19 u=26/7
SKIPISO t=131/19 u=26/7
MWRANK u=26/5 r=1 gens=2
FIBSURV Sig=2 t=101/21 u=26/5
SKIPISO t=101/21 u=26/5
MWRANK u=-26/5 r=2 gens=2
FIBSURV Sig=2 t=-49/31 u=-26/5
SKIPISO t=-49/31 u=-26/5
MWRANK u=26 r=2 gens=2
FIBSURV Sig=2 t=41/25 u=26
SKIPISO t=41/25 u=26
MWRANK u=26/3 r=1 gens=2
FIBSURV Sig=2 t=71/23 u=26/3
SKIPISO t=71/23 u=26/3
MWRANK u=-26/7 r=2 gens=2
FIBSURV Sig=2 t=-79/33 u=-26/7
SKIPISO t=-79/33 u=-26/7
MWRANK u=-26/9 r=1 gens=2
FIBSURV Sig=2 t=-109/35 u=-26/9
SKIPISO t=-109/35 u=-26/9
MWRANK u=-26/11 r=1 gens=2
FIBSURV Sig=2 t=-139/37 u=-26/11
SKIPISO t=-139/37 u=-26/11
MWRANK u=-26/3 r=2 gens=2
FIBSURV Sig=2 t=-19/29 u=-26/3
SKIPISO t=-19/29 u=-26/3
MWRANK u=-1/27 r=2 gens=2
FIBSURV Sig=2 t=-101/7 u=-1/27
SKIPISO t=-101/7 u=-1/27
MWRANK u=-27/17 r=2 gens=2
FIBSURV Sig=2 t=-57/11 u=-27/17
SKIPISO t=-57/11 u=-27/17
MWRANK u=27/23 r=1 gens=2
FIBSURV Sig=2 t=93 u=27/23
SKIPISO t=93 u=27/23
MWRANK u=-5/27 r=3 gens=2
FIBSURV Sig=2 t=-25/2 u=-5/27
SKIPISO t=-25/2 u=-5/27
MWRANK u=27/13 r=2 gens=2
FIBSURV Sig=2 t=111/7 u=27/13
SKIPISO t=111/7 u=27/13
MWRANK u=27/17 r=2 gens=2
FIBSURV Sig=2 t=141/5 u=27/17
SKIPISO t=141/5 u=27/17
MWRANK u=27/7 r=1 gens=2
FIBSURV Sig=2 t=33/5 u=27/7
SKIPISO t=33/5 u=27/7
MWRANK u=11/27 r=2 gens=2
FIBSURV Sig=2 t=-26 u=11/27
SKIPISO t=-26 u=11/27
MWRANK u=-17/27 r=2 gens=2
FIBSURV Sig=2 t=-97/11 u=-17/27
SKIPISO t=-97/11 u=-17/27
MWRANK u=27/5 r=1 gens=2
FIBSURV Sig=2 t=51/11 u=27/5
SKIPISO t=51/11 u=27/5
MWRANK u=27 r=2 gens=2
FIBSURV Sig=2 t=21/13 u=27
SKIPISO t=21/13 u=27
MWRANK u=27/11 r=1 gens=2
FIBSURV Sig=2 t=12 u=27/11
SKIPISO t=12 u=27/11
MWRANK u=27/8 r=2 gens=2
FIBSURV Sig=2 t=147/19 u=27/8
SKIPISO t=147/19 u=27/8
MWRANK u=-13/27 r=2 gens=2
FIBSURV Sig=2 t=-49/5 u=-13/27
SKIPISO t=-49/5 u=-13/27
MWRANK u=-27/7 r=2 gens=2
FIBSURV Sig=2 t=-39/17 u=-27/7
SKIPISO t=-39/17 u=-27/7
MWRANK u=19/27 r=2 gens=2
FIBSURV Sig=2 t=-53 u=19/27
SKIPISO t=-53 u=19/27
MWRANK u=-25/27 r=1 gens=2
FIBSURV Sig=2 t=-95/13 u=-25/27
SKIPISO t=-95/13 u=-25/27
MWRANK u=7/27 r=1 gens=2
FIBSURV Sig=2 t=-103/5 u=7/27
SKIPISO t=-103/5 u=7/27
MWRANK u=27/4 r=1 gens=2
FIBSURV Sig=2 t=87/23 u=27/4
SKIPISO t=87/23 u=27/4
MWRANK u=23/27 r=2 gens=2
FIBSURV Sig=2 t=-107 u=23/27
SKIPISO t=-107 u=23/27
MWRANK u=-27 r=1 gens=2
FIBSURV Sig=2 t=3/7 u=-27
SKIPISO t=3/7 u=-27
MWRANK u=-27/2 r=2 gens=2
FIBSURV Sig=2 t=-3/29 u=-27/2
SKIPISO t=-3/29 u=-27/2
MWRANK u=-27/19 r=1 gens=2
FIBSURV Sig=2 t=-129/23 u=-27/19
SKIPISO t=-129/23 u=-27/19
MWRANK u=-27/4 r=2 gens=2
FIBSURV Sig=2 t=-33/31 u=-27/4
SKIPISO t=-33/31 u=-27/4
MWRANK u=-27/8 r=2 gens=2
FIBSURV Sig=2 t=-93/35 u=-27/8
SKIPISO t=-93/35 u=-27/8
MWRANK u=-27/13 r=2 gens=2
FIBSURV Sig=2 t=-21/5 u=-27/13
SKIPISO t=-21/5 u=-27/13
MWRANK u=-27/10 r=1 gens=2
FIBSURV Sig=2 t=-123/37 u=-27/10
SKIPISO t=-123/37 u=-27/10
MWRANK u=-27/11 r=1 gens=2
FIBSURV Sig=2 t=-69/19 u=-27/11
SKIPISO t=-69/19 u=-27/11
MWRANK u=-27/25 r=2 gens=2
FIBSURV Sig=2 t=-87/13 u=-27/25
SKIPISO t=-87/13 u=-27/25
MWRANK u=27/2 r=2 gens=2
FIBSURV Sig=2 t=57/25 u=27/2
SKIPISO t=57/25 u=27/2
MWRANK u=27/19 r=1 gens=2
FIBSURV Sig=2 t=39 u=27/19
SKIPISO t=39 u=27/19
MWRANK u=28/5 r=1 gens=2
FIBSURV Sig=2 t=103/23 u=28/5
SKIPISO t=103/23 u=28/5
MWRANK u=-28/9 r=2 gens=2
FIBSURV Sig=2 t=-107/37 u=-28/9
SKIPISO t=-107/37 u=-28/9
MWRANK u=-28 r=2 gens=2
FIBSURV Sig=2 t=13/29 u=-28
SKIPISO t=13/29 u=-28
MWRANK u=-28/5 r=2 gens=2
FIBSURV Sig=2 t=-47/33 u=-28/5
SKIPISO t=-47/33 u=-28/5
MWRANK u=-28/3 r=2 gens=2
FIBSURV Sig=2 t=-17/31 u=-28/3
SKIPISO t=-17/31 u=-28/3
MWSKIP u=-28/11 bounds=[1,3]
FIBSURV Sig=2 t=-137/39 u=-28/11
SKIPISO t=-137/39 u=-28/11
MWRANK u=-19/29 r=2 gens=2
FIBSURV Sig=2 t=-26/3 u=-19/29
SKIPISO t=-26/3 u=-19/29
MWRANK u=-29/2 r=2 gens=2
FIBSURV Sig=2 t=-1/31 u=-29/2
SKIPISO t=-1/31 u=-29/2
MWRANK u=-29/10 r=3 gens=2
FIBSURV Sig=2 t=-121/39 u=-29/10
SKIPISO t=-121/39 u=-29/10
MWRANK u=9/29 r=3 gens=2
FIBSURV Sig=2 t=-111/5 u=9/29
SKIPISO t=-111/5 u=9/29
MWRANK u=29/15 r=2 gens=2
FIBSURV Sig=2 t=127/7 u=29/15
SKIPISO t=127/7 u=29/15
MWRANK u=29/9 r=3 gens=2
FIBSURV Sig=2 t=41/5 u=29/9
SKIPISO t=41/5 u=29/9
MWRANK u=-29/19 r=2 gens=2
FIBSURV Sig=2 t=-16/3 u=-29/19
SKIPISO t=-16/3 u=-29/19
MWRANK u=29/7 r=2 gens=2
FIBSURV Sig=2 t=67/11 u=29/7
SKIPISO t=67/11 u=29/7
MWRANK u=-29/13 r=1 gens=2
FIBSURV Sig=2 t=-83/21 u=-29/13
SKIPISO t=-83/21 u=-29/13
MWRANK u=-29/8 r=2 gens=2
FIBSURV Sig=2 t=-91/37 u=-29/8
SKIPISO t=-91/37 u=-29/8
MWRANK u=21/29 r=1 gens=2
FIBSURV Sig=2 t=-57 u=21/29
SKIPISO t=-57 u=21/29
MWRANK u=-29/4 r=2 gens=2
FIBSURV Sig=2 t=-31/33 u=-29/4
SKIPISO t=-31/33 u=-29/4
MWRANK u=-23/29 r=2 gens=2
FIBSURV Sig=2 t=-103/13 u=-23/29
SKIPISO t=-103/13 u=-23/29
MWRANK u=-29/23 r=2 gens=2
FIBSURV Sig=2 t=-79/13 u=-29/23
SKIPISO t=-79/13 u=-29/23
MWRANK u=-29/11 r=1 gens=2
FIBSURV Sig=2 t=-17/5 u=-29/11
SKIPISO t=-17/5 u=-29/11
MWRANK u=-29/21 r=1 gens=2
FIBSURV Sig=2 t=-143/25 u=-29/21
SKIPISO t=-143/25 u=-29/21
MWRANK u=-27/29 r=2 gens=2
FIBSURV Sig=2 t=-51/7 u=-27/29
SKIPISO t=-51/7 u=-27/29
MWRANK u=5/29 r=2 gens=2
FIBSURV Sig=2 t=-55/3 u=5/29
SKIPISO t=-55/3 u=5/29
MWRANK u=1/29 r=2 gens=2
FIBSURV Sig=2 t=-109/7 u=1/29
SKIPISO t=-109/7 u=1/29
MWRANK u=-29/7 r=1 gens=2
FIBSURV Sig=2 t=-19/9 u=-29/7
SKIPISO t=-19/9 u=-29/7
MWRANK u=29/4 r=1 gens=2
FIBSURV Sig=2 t=89/25 u=29/4
SKIPISO t=89/25 u=29/4
MWRANK u=29/6 r=2 gens=2
FIBSURV Sig=2 t=119/23 u=29/6
SKIPISO t=119/23 u=29/6
MWRANK u=29/25 r=2 gens=2
FIBSURV Sig=2 t=101 u=29/25
SKIPISO t=101 u=29/25
MWRANK u=29/13 r=2 gens=2
FIBSURV Sig=2 t=14 u=29/13
SKIPISO t=14 u=29/13
MWRANK u=13/29 r=2 gens=2
FIBSURV Sig=2 t=-28 u=13/29
SKIPISO t=-28 u=13/29
MWRANK u=-29/6 r=2 gens=2
FIBSURV Sig=2 t=-61/35 u=-29/6
SKIPISO t=-61/35 u=-29/6
MWRANK u=-29/9 r=2 gens=2
FIBSURV Sig=2 t=-53/19 u=-29/9
SKIPISO t=-53/19 u=-29/9
MWRANK u=25/29 r=2 gens=2
FIBSURV Sig=2 t=-115 u=25/29
SKIPISO t=-115 u=25/29
MWRANK u=-29/3 r=2 gens=2
FIBSURV Sig=2 t=-1/2 u=-29/3
SKIPISO t=-1/2 u=-29/3
MWRANK u=29/2 r=2 gens=2
FIBSURV Sig=2 t=59/27 u=29/2
SKIPISO t=59/27 u=29/2
MWRANK u=-29/5 r=2 gens=2
FIBSURV Sig=2 t=-23/17 u=-29/5
SKIPISO t=-23/17 u=-29/5
MWRANK u=29/17 r=1 gens=2
FIBSURV Sig=2 t=71/3 u=29/17
SKIPISO t=71/3 u=29/17
MWRANK u=17/29 r=2 gens=2
FIBSURV Sig=2 t=-113/3 u=17/29
SKIPISO t=-113/3 u=17/29
MWRANK u=29/21 r=2 gens=2
FIBSURV Sig=2 t=43 u=29/21
SKIPISO t=43 u=29/21
MWRANK u=-29/27 r=2 gens=2
FIBSURV Sig=2 t=-47/7 u=-29/27
SKIPISO t=-47/7 u=-29/27
MWRANK u=-11/29 r=2 gens=2
FIBSURV Sig=2 t=-53/5 u=-11/29
SKIPISO t=-53/5 u=-11/29
MWRANK u=-29 r=2 gens=2
FIBSURV Sig=2 t=7/15 u=-29
SKIPISO t=7/15 u=-29
MWRANK u=-3/29 r=3 gens=2
FIBSURV Sig=2 t=-27/2 u=-3/29
SKIPISO t=-27/2 u=-3/29
MWRANK u=29/8 r=2 gens=2
FIBSURV Sig=2 t=149/21 u=29/8
SKIPISO t=149/21 u=29/8
MWRANK u=-29/15 r=2 gens=2
FIBSURV Sig=2 t=-49/11 u=-29/15
SKIPISO t=-49/11 u=-29/15
MWRANK u=-7/29 r=3 gens=2
FIBSURV Sig=2 t=-107/9 u=-7/29
SKIPISO t=-107/9 u=-7/29
MWRANK u=29/11 r=1 gens=2
FIBSURV Sig=2 t=97/9 u=29/11
SKIPISO t=97/9 u=29/11
MWRANK u=-29/17 r=3 gens=2
FIBSURV Sig=2 t=-113/23 u=-29/17
SKIPISO t=-113/23 u=-29/17
MWRANK u=-15/29 r=2 gens=2
FIBSURV Sig=2 t=-105/11 u=-15/29
SKIPISO t=-105/11 u=-15/29
MWRANK u=30/7 r=2 gens=2
FIBSURV Sig=2 t=135/23 u=30/7
SKIPISO t=135/23 u=30/7
MWRANK u=-30 r=1 gens=2
FIBSURV Sig=2 t=15/31 u=-30
SKIPISO t=15/31 u=-30
MWRANK u=-30/11 r=1 gens=2
FIBSURV Sig=2 t=-135/41 u=-30/11
SKIPISO t=-135/41 u=-30/11
MWRANK u=30 r=2 gens=2
FIBSURV Sig=2 t=45/29 u=30
SKIPISO t=45/29 u=30
MWRANK u=-30/7 r=4 gens=2
FIBSURV Sig=2 t=-75/37 u=-30/7
SKIPISO t=-75/37 u=-30/7
MWRANK u=-31/9 r=1 gens=2
FIBSURV Sig=2 t=-13/5 u=-31/9
SKIPISO t=-13/5 u=-31/9
MWRANK u=-29/31 r=2 gens=2
FIBSURV Sig=2 t=-109/15 u=-29/31
SKIPISO t=-109/15 u=-29/31
MWRANK u=-17/31 r=2 gens=2
FIBSURV Sig=2 t=-28/3 u=-17/31
SKIPISO t=-28/3 u=-17/31
MWRANK u=-31/4 r=2 gens=2
FIBSURV Sig=2 t=-29/35 u=-31/4
SKIPISO t=-29/35 u=-31/4
MWRANK u=-31/21 r=2 gens=2
FIBSURV Sig=2 t=-71/13 u=-31/21
SKIPISO t=-71/13 u=-31/21
MWRANK u=-31/19 r=1 gens=2
FIBSURV Sig=2 t=-127/25 u=-31/19
SKIPISO t=-127/25 u=-31/19
MWRANK u=19/31 r=2 gens=2
FIBSURV Sig=2 t=-121/3 u=19/31
SKIPISO t=-121/3 u=19/31
MWRANK u=31/17 r=2 gens=2
FIBSURV Sig=2 t=143/7 u=31/17
SKIPISO t=143/7 u=31/17
MWRANK u=-31/25 r=2 gens=2
FIBSURV Sig=2 t=-43/7 u=-31/25
SKIPISO t=-43/7 u=-31/25
MWRANK u=31/19 r=1 gens=2
FIBSURV Sig=2 t=79/3 u=31/19
SKIPISO t=79/3 u=31/19
MWRANK u=-31/15 r=1 gens=2
FIBSURV Sig=2 t=-97/23 u=-31/15
SKIPISO t=-97/23 u=-31/15
MWRANK u=-13/31 r=2 gens=2
FIBSURV Sig=2 t=-113/11 u=-13/31
SKIPISO t=-113/11 u=-13/31
MWRANK u=31/15 r=3 gens=2
FIBSURV Sig=2 t=16 u=31/15
SKIPISO t=16 u=31/15
MWRANK u=31/4 r=1 gens=2
FIBSURV Sig=2 t=91/27 u=31/4
SKIPISO t=91/27 u=31/4
MWRANK u=23/31 r=2 gens=2
FIBSURV Sig=2 t=-61 u=23/31
SKIPISO t=-61 u=23/31
MWRANK u=3/31 r=2 gens=2
FIBSURV Sig=2 t=-117/7 u=3/31
SKIPISO t=-117/7 u=3/31
MWRANK u=31/11 r=1 gens=2
FIBSURV Sig=2 t=49/5 u=31/11
SKIPISO t=49/5 u=31/11
MWRANK u=-31/5 r=2 gens=2
FIBSURV Sig=2 t=-11/9 u=-31/5
SKIPISO t=-11/9 u=-31/5
MWRANK u=15/31 r=2 gens=2
FIBSURV Sig=2 t=-30 u=15/31
SKIPISO t=-30 u=15/31
MWRANK u=-31/11 r=1 gens=2
FIBSURV Sig=2 t=-67/21 u=-31/11
SKIPISO t=-67/21 u=-31/11
MWRANK u=31/27 r=1 gens=2
FIBSURV Sig=2 t=109 u=31/27
SKIPISO t=109 u=31/27
MWRANK u=31/23 r=1 gens=2
FIBSURV Sig=2 t=47 u=31/23
SKIPISO t=47 u=31/23
MWRANK u=-21/31 r=2 gens=2
FIBSURV Sig=2 t=-111/13 u=-21/31
SKIPISO t=-111/13 u=-21/31
MWRANK u=31/3 r=1 gens=2
FIBSURV Sig=2 t=19/7 u=31/3
SKIPISO t=19/7 u=31/3
MWRANK u=-31/13 r=1 gens=2
FIBSURV Sig=2 t=-41/11 u=-31/13
SKIPISO t=-41/11 u=-31/13
MWRANK u=-31/29 r=2 gens=2
FIBSURV Sig=2 t=-101/15 u=-31/29
SKIPISO t=-101/15 u=-31/29
MWRANK u=7/31 r=2 gens=2
FIBSURV Sig=2 t=-59/3 u=7/31
SKIPISO t=-59/3 u=7/31
MWRANK u=-31/3 r=2 gens=2
FIBSURV Sig=2 t=-7/17 u=-31/3
SKIPISO t=-7/17 u=-31/3
MWRANK u=31/5 r=1 gens=2
FIBSURV Sig=2 t=53/13 u=31/5
SKIPISO t=53/13 u=31/5
MWRANK u=-1/31 r=2 gens=2
FIBSURV Sig=2 t=-29/2 u=-1/31
SKIPISO t=-29/2 u=-1/31
MWRANK u=-31/10 r=1 gens=2
FIBSURV Sig=2 t=-119/41 u=-31/10
SKIPISO t=-119/41 u=-31/10
MWRANK u=-31/2 r=2 gens=2
FIBSURV Sig=2 t=1/33 u=-31/2
SKIPISO t=1/33 u=-31/2
MWRANK u=11/31 r=1 gens=2
FIBSURV Sig=2 t=-119/5 u=11/31
SKIPISO t=-119/5 u=11/31
MWRANK u=-31/6 r=2 gens=2
FIBSURV Sig=2 t=-59/37 u=-31/6
SKIPISO t=-59/37 u=-31/6
MWRANK u=27/31 r=1 gens=2
FIBSURV Sig=2 t=-123 u=27/31
SKIPISO t=-123 u=27/31
MWRANK u=-9/31 r=1 gens=2
FIBSURV Sig=2 t=-57/5 u=-9/31
SKIPISO t=-57/5 u=-9/31
MWRANK u=-31/12 r=3 gens=2
FIBSURV Sig=2 t=-149/43 u=-31/12
SKIPISO t=-149/43 u=-31/12
MWRANK u=-31 r=1 gens=2
FIBSURV Sig=2 t=1/2 u=-31
SKIPISO t=1/2 u=-31
MWRANK u=31/2 r=2 gens=2
FIBSURV Sig=2 t=61/29 u=31/2
SKIPISO t=61/29 u=31/2
MWRANK u=31/6 r=1 gens=2
FIBSURV Sig=2 t=121/25 u=31/6
SKIPISO t=121/25 u=31/6
MWRANK u=31/13 r=2 gens=2
FIBSURV Sig=2 t=113/9 u=31/13
SKIPISO t=113/9 u=31/13
MWRANK u=-5/31 r=1 gens=2
FIBSURV Sig=2 t=-115/9 u=-5/31
SKIPISO t=-115/9 u=-5/31
MWRANK u=-31/17 r=2 gens=2
FIBSURV Sig=2 t=-14/3 u=-31/17
SKIPISO t=-14/3 u=-31/17
MWRANK u=31/9 r=2 gens=2
FIBSURV Sig=2 t=83/11 u=31/9
SKIPISO t=83/11 u=31/9
MWRANK u=-31/8 r=2 gens=2
FIBSURV Sig=2 t=-89/39 u=-31/8
SKIPISO t=-89/39 u=-31/8
MWRANK u=-25/31 r=2 gens=2
FIBSURV Sig=2 t=-55/7 u=-25/31
SKIPISO t=-55/7 u=-25/31
MWRANK u=-31/7 r=2 gens=2
FIBSURV Sig=2 t=-37/19 u=-31/7
SKIPISO t=-37/19 u=-31/7
MWRANK u=31 r=2 gens=2
FIBSURV Sig=2 t=23/15 u=31
SKIPISO t=23/15 u=31
MWRANK u=-32/5 r=2 gens=2
FIBSURV Sig=2 t=-43/37 u=-32/5
SKIPISO t=-43/37 u=-32/5
MWRANK u=-32/11 r=3 gens=2
FIBSURV Sig=2 t=-133/43 u=-32/11
SKIPISO t=-133/43 u=-32/11
MWRANK u=-32 r=2 gens=2
FIBSURV Sig=2 t=17/33 u=-32
SKIPISO t=17/33 u=-32
MWRANK u=-32/9 r=2 gens=2
FIBSURV Sig=2 t=-103/41 u=-32/9
SKIPISO t=-103/41 u=-32/9
MWRANK u=32/5 r=1 gens=2
FIBSURV Sig=2 t=107/27 u=32/5
SKIPISO t=107/27 u=32/5
MWRANK u=32/7 r=2 gens=2
FIBSURV Sig=2 t=137/25 u=32/7
SKIPISO t=137/25 u=32/7
MWRANK u=-32/3 r=2 gens=2
FIBSURV Sig=2 t=-13/35 u=-32/3
SKIPISO t=-13/35 u=-32/3
MWRANK u=-32/7 r=2 gens=2
FIBSURV Sig=2 t=-73/39 u=-32/7
SKIPISO t=-73/39 u=-32/7
MWRANK u=32/3 r=2 gens=2
FIBSURV Sig=2 t=77/29 u=32/3
SKIPISO t=77/29 u=32/3
MWRANK u=-33/13 r=1 gens=2
FIBSURV Sig=2 t=-81/23 u=-33/13
SKIPISO t=-81/23 u=-33/13
MWRANK u=-33/23 r=2 gens=2
FIBSURV Sig=2 t=-39/7 u=-33/23
SKIPISO t=-39/7 u=-33/23
MWRANK u=-7/33 r=2 gens=2
FIBSURV Sig=2 t=-61/5 u=-7/33
SKIPISO t=-61/5 u=-7/33
MWRANK u=-33/31 r=2 gens=2
FIBSURV Sig=2 t=-27/4 u=-33/31
SKIPISO t=-27/4 u=-33/31
MWRANK u=-33/19 r=3 gens=2
FIBSURV Sig=2 t=-63/13 u=-33/19
SKIPISO t=-63/13 u=-33/19
MWRANK u=33/29 r=1 gens=2
FIBSURV Sig=2 t=117 u=33/29
SKIPISO t=117 u=33/29
MWRANK u=-19/33 r=2 gens=2
FIBSURV Sig=2 t=-119/13 u=-19/33
SKIPISO t=-119/13 u=-19/33
MWRANK u=13/33 r=2 gens=2
FIBSURV Sig=2 t=-127/5 u=13/33
SKIPISO t=-127/5 u=13/33
MWRANK u=33/4 r=1 gens=2
FIBSURV Sig=2 t=93/29 u=33/4
SKIPISO t=93/29 u=33/4
MWRANK u=-23/33 r=2 gens=2
FIBSURV Sig=2 t=-59/7 u=-23/33
SKIPISO t=-59/7 u=-23/33
MWRANK u=-33/17 r=1 gens=2
FIBSURV Sig=2 t=-111/25 u=-33/17
SKIPISO t=-111/25 u=-33/17
MWRANK u=-33/7 r=1 gens=2
FIBSURV Sig=2 t=-9/5 u=-33/7
SKIPISO t=-9/5 u=-33/7
MWRANK u=33/8 r=2 gens=2
FIBSURV Sig=2 t=153/25 u=33/8
SKIPISO t=153/25 u=33/8
MWRANK u=-33 r=2 gens=2
FIBSURV Sig=2 t=9/17 u=-33
SKIPISO t=9/17 u=-33
MWRANK u=29/33 r=2 gens=2
FIBSURV Sig=2 t=-131 u=29/33
SKIPISO t=-131 u=29/33
MWRANK u=-33/2 r=2 gens=2
FIBSURV Sig=2 t=3/35 u=-33/2
SKIPISO t=3/35 u=-33/2
MWRANK u=25/33 r=2 gens=2
FIBSURV Sig=2 t=-65 u=25/33
SKIPISO t=-65 u=25/33
MWRANK u=33/25 r=1 gens=2
FIBSURV Sig=2 t=51 u=33/25
SKIPISO t=51 u=33/25
MWRANK u=5/33 r=3 gens=2
FIBSURV Sig=2 t=-125/7 u=5/33
SKIPISO t=-125/7 u=5/33
MWRANK u=-31/33 r=2 gens=2
FIBSURV Sig=2 t=-29/4 u=-31/33
SKIPISO t=-29/4 u=-31/33
MWRANK u=-33/8 r=2 gens=2
FIBSURV Sig=2 t=-87/41 u=-33/8
SKIPISO t=-87/41 u=-33/8
MWRANK u=33/7 r=1 gens=2
FIBSURV Sig=2 t=69/13 u=33/7
SKIPISO t=69/13 u=33/7
MWRANK u=1/33 r=1 gens=2
FIBSURV Sig=2 t=-31/2 u=1/33
SKIPISO t=-31/2 u=1/33
MWRANK u=33/2 r=2 gens=2
FIBSURV Sig=2 t=63/31 u=33/2
SKIPISO t=63/31 u=33/2
MWRANK u=-33/4 r=2 gens=2
FIBSURV Sig=2 t=-27/37 u=-33/4
SKIPISO t=-27/37 u=-33/4
MWRANK u=17/33 r=2 gens=2
FIBSURV Sig=2 t=-32 u=17/33
SKIPISO t=-32 u=17/33
MWRANK u=-33/10 r=2 gens=2
FIBSURV Sig=2 t=-117/43 u=-33/10
SKIPISO t=-117/43 u=-33/10
MWRANK u=-34/5 r=2 gens=2
FIBSURV Sig=2 t=-41/39 u=-34/5
SKIPISO t=-41/39 u=-34/5
MWRANK u=34/7 r=2 gens=2
FIBSURV Sig=2 t=139/27 u=34/7
SKIPISO t=139/27 u=34/7
MWRANK u=34 r=2 gens=2
FIBSURV Sig=2 t=49/33 u=34
SKIPISO t=49/33 u=34
MWRANK u=-34/11 r=2 gens=2
FIBSURV Sig=2 t=-131/45 u=-34/11
SKIPISO t=-131/45 u=-34/11
MWRANK u=-34/9 r=2 gens=2
FIBSURV Sig=2 t=-101/43 u=-34/9
SKIPISO t=-101/43 u=-34/9
MWRANK u=34/3 r=2 gens=2
FIBSURV Sig=2 t=79/31 u=34/3
SKIPISO t=79/31 u=34/3
MWRANK u=34/5 r=2 gens=2
FIBSURV Sig=2 t=109/29 u=34/5
SKIPISO t=109/29 u=34/5
MWRANK u=-34/3 r=2 gens=2
FIBSURV Sig=2 t=-11/37 u=-34/3
SKIPISO t=-11/37 u=-34/3
MWRANK u=-34/7 r=2 gens=2
FIBSURV Sig=2 t=-71/41 u=-34/7
SKIPISO t=-71/41 u=-34/7
MWRANK u=35/3 r=2 gens=2
FIBSURV Sig=2 t=5/2 u=35/3
SKIPISO t=5/2 u=35/3
MWRANK u=-35/6 r=2 gens=2
FIBSURV Sig=2 t=-55/41 u=-35/6
SKIPISO t=-55/41 u=-35/6
MWRANK u=-35/17 r=2 gens=2
FIBSURV Sig=2 t=-55/13 u=-35/17
SKIPISO t=-55/13 u=-35/17
MWRANK u=27/35 r=1 gens=2
FIBSURV Sig=2 t=-69 u=27/35
SKIPISO t=-69 u=27/35
MWRANK u=35/4 r=1 gens=2
FIBSURV Sig=2 t=95/31 u=35/4
SKIPISO t=95/31 u=35/4
MWRANK u=-35/8 r=2 gens=2
FIBSURV Sig=2 t=-85/43 u=-35/8
SKIPISO t=-85/43 u=-35/8
MWRANK u=35 r=2 gens=2
FIBSURV Sig=2 t=25/17 u=35
SKIPISO t=25/17 u=35
MWRANK u=19/35 r=2 gens=2
FIBSURV Sig=2 t=-34 u=19/35
SKIPISO t=-34 u=19/35
MWRANK u=35/6 r=1 gens=2
FIBSURV Sig=2 t=125/29 u=35/6
SKIPISO t=125/29 u=35/6
MWRANK u=35/31 r=2 gens=2
FIBSURV Sig=2 t=125 u=35/31
SKIPISO t=125 u=35/31
MWRANK u=-35/13 r=2 gens=2
FIBSURV Sig=2 t=-10/3 u=-35/13
SKIPISO t=-10/3 u=-35/13
MWRANK u=-29/35 r=2 gens=2
FIBSURV Sig=2 t=-31/4 u=-29/35
SKIPISO t=-31/4 u=-29/35
MWRANK u=-35/3 r=2 gens=2
FIBSURV Sig=2 t=-5/19 u=-35/3
SKIPISO t=-5/19 u=-35/3
MWRANK u=-35/19 r=1 gens=2
FIBSURV Sig=2 t=-125/27 u=-35/19
SKIPISO t=-125/27 u=-35/19
MWRANK u=-35/33 r=2 gens=2
FIBSURV Sig=2 t=-115/17 u=-35/33
SKIPISO t=-115/17 u=-35/33
MWRANK u=-13/35 r=2 gens=2
FIBSURV Sig=2 t=-32/3 u=-13/35
SKIPISO t=-32/3 u=-13/35
MWRANK u=-9/35 r=1 gens=2
FIBSURV Sig=2 t=-129/11 u=-9/35
SKIPISO t=-129/11 u=-9/35
MWRANK u=-35/29 r=1 gens=2
FIBSURV Sig=2 t=-25/4 u=-35/29
SKIPISO t=-25/4 u=-35/29
MWRANK u=35/27 r=1 gens=2
FIBSURV Sig=2 t=55 u=35/27
SKIPISO t=55 u=35/27
MWRANK u=35/23 r=3 gens=2
FIBSURV Sig=2 t=95/3 u=35/23
SKIPISO t=95/3 u=35/23
MWRANK u=35/13 r=2 gens=2
FIBSURV Sig=2 t=115/11 u=35/13
SKIPISO t=115/11 u=35/13
MWRANK u=35/17 r=1 gens=2
FIBSURV Sig=2 t=145/9 u=35/17
SKIPISO t=145/9 u=35/17
MWRANK u=35/19 r=1 gens=2
FIBSURV Sig=2 t=20 u=35/19
SKIPISO t=20 u=35/19
MWRANK u=-35/2 r=1 gens=2
FIBSURV Sig=2 t=5/37 u=-35/2
SKIPISO t=5/37 u=-35/2
MWRANK u=35/11 r=1 gens=2
FIBSURV Sig=2 t=25/3 u=35/11
SKIPISO t=25/3 u=35/11
MWRANK u=11/35 r=2 gens=2
FIBSURV Sig=2 t=-67/3 u=11/35
SKIPISO t=-67/3 u=11/35
MWRANK u=3/35 r=2 gens=2
FIBSURV Sig=2 t=-33/2 u=3/35
SKIPISO t=-33/2 u=3/35
MWRANK u=35/2 r=2 gens=2
FIBSURV Sig=2 t=65/33 u=35/2
SKIPISO t=65/33 u=35/2
MWRANK u=-33/35 r=2 gens=2
FIBSURV Sig=2 t=-123/17 u=-33/35
SKIPISO t=-123/17 u=-33/35
MWRANK u=23/35 r=3 gens=2
FIBSURV Sig=2 t=-137/3 u=23/35
SKIPISO t=-137/3 u=23/35
MWRANK u=-17/35 r=2 gens=2
FIBSURV Sig=2 t=-127/13 u=-17/35
SKIPISO t=-127/13 u=-17/35
MWRANK u=-35/9 r=1 gens=2
FIBSURV Sig=2 t=-25/11 u=-35/9
SKIPISO t=-25/11 u=-35/9
MWRANK u=35/9 r=2 gens=2
FIBSURV Sig=2 t=85/13 u=35/9
SKIPISO t=85/13 u=35/9
MWRANK u=31/35 r=2 gens=2
FIBSURV Sig=2 t=-139 u=31/35
SKIPISO t=-139 u=31/35
MWRANK u=-35/4 r=2 gens=2
FIBSURV Sig=2 t=-25/39 u=-35/4
SKIPISO t=-25/39 u=-35/4
MWRANK u=-35/12 r=3 gens=2
FIBSURV Sig=2 t=-145/47 u=-35/12
SKIPISO t=-145/47 u=-35/12
MWRANK u=-1/35 r=1 gens=2
FIBSURV Sig=2 t=-131/9 u=-1/35
SKIPISO t=-131/9 u=-1/35
MWRANK u=-35/11 r=2 gens=2
FIBSURV Sig=2 t=-65/23 u=-35/11
SKIPISO t=-65/23 u=-35/11
MWRANK u=36/7 r=1 gens=2
FIBSURV Sig=2 t=141/29 u=36/7
SKIPISO t=141/29 u=36/7
MWRANK u=-36/11 r=2 gens=2
FIBSURV Sig=2 t=-129/47 u=-36/11
SKIPISO t=-129/47 u=-36/11
MWRANK u=36/5 r=1 gens=2
FIBSURV Sig=2 t=111/31 u=36/5
SKIPISO t=111/31 u=36/5
MWRANK u=36/17 r=2 gens=2
FIBSURV Sig=2 t=291/19 u=36/17
SKIPISO t=291/19 u=36/17
MWRANK u=-36/7 r=2 gens=2
FIBSURV Sig=2 t=-69/43 u=-36/7
SKIPISO t=-69/43 u=-36/7
MWRANK u=36 r=1 gens=2
FIBSURV Sig=2 t=51/35 u=36
SKIPISO t=51/35 u=36
MWRANK u=-36 r=2 gens=2
FIBSURV Sig=2 t=21/37 u=-36
SKIPISO t=21/37 u=-36
MWRANK u=-37/11 r=1 gens=2
FIBSURV Sig=2 t=-8/3 u=-37/11
SKIPISO t=-8/3 u=-37/11
MWRANK u=-37/13 r=1 gens=2
FIBSURV Sig=2 t=-79/25 u=-37/13
SKIPISO t=-79/25 u=-37/13
MWRANK u=-37/10 r=2 gens=2
FIBSURV Sig=2 t=-113/47 u=-37/10
SKIPISO t=-113/47 u=-37/10
MWRANK u=-37/31 r=2 gens=2
FIBSURV Sig=2 t=-107/17 u=-37/31
SKIPISO t=-107/17 u=-37/31
MWRANK u=-19/37 r=3 gens=2
FIBSURV Sig=2 t=-67/7 u=-19/37
SKIPISO t=-67/7 u=-19/37
MWRANK u=-37/27 r=2 gens=2
FIBSURV Sig=2 t=-23/4 u=-37/27
SKIPISO t=-23/4 u=-37/27
MWRANK u=-35/37 r=3 gens=2
FIBSURV Sig=2 t=-65/9 u=-35/37
SKIPISO t=-65/9 u=-35/37
MWRANK u=-37/21 r=1 gens=2
FIBSURV Sig=2 t=-139/29 u=-37/21
SKIPISO t=-139/29 u=-37/21
MWRANK u=37/29 r=2 gens=2
FIBSURV Sig=2 t=59 u=37/29
SKIPISO t=59 u=37/29
MWRANK u=-37/7 r=1 gens=2
FIBSURV Sig=2 t=-17/11 u=-37/7
SKIPISO t=-17/11 u=-37/7
MWRANK u=-31/37 r=2 gens=2
FIBSURV Sig=2 t=-131/17 u=-31/37
SKIPISO t=-131/17 u=-31/37
MWRANK u=-23/37 r=2 gens=2
FIBSURV Sig=2 t=-133/15 u=-23/37
SKIPISO t=-133/15 u=-23/37
MWRANK u=33/37 r=2 gens=2
FIBSURV Sig=2 t=-147 u=33/37
SKIPISO t=-147 u=33/37
MWRANK u=-37/12 r=2 gens=2
FIBSURV Sig=2 t=-143/49 u=-37/12
SKIPISO t=-143/49 u=-37/12
MWRANK u=37 r=1 gens=2
FIBSURV Sig=2 t=13/9 u=37
SKIPISO t=13/9 u=37
MWRANK u=-37/23 r=3 gens=2
FIBSURV Sig=2 t=-77/15 u=-37/23
SKIPISO t=-77/15 u=-37/23
MWRANK u=37/25 r=1 gens=2
FIBSURV Sig=2 t=103/3 u=37/25
SKIPISO t=103/3 u=37/25
MWRANK u=-37/15 r=2 gens=2
FIBSURV Sig=2 t=-47/13 u=-37/15
SKIPISO t=-47/13 u=-37/15
MWRANK u=-11/37 r=2 gens=2
FIBSURV Sig=2 t=-34/3 u=-11/37
SKIPISO t=-34/3 u=-11/37
MWRANK u=37/21 r=3 gens=2
FIBSURV Sig=2 t=22 u=37/21
SKIPISO t=22 u=37/21
MWRANK u=-37/9 r=2 gens=2
FIBSURV Sig=2 t=-49/23 u=-37/9
SKIPISO t=-49/23 u=-37/9
MWRANK u=-37/8 r=2 gens=2
FIBSURV Sig=2 t=-83/45 u=-37/8
SKIPISO t=-83/45 u=-37/8
MWRANK u=37/9 r=1 gens=2
FIBSURV Sig=2 t=43/7 u=37/9
SKIPISO t=43/7 u=37/9
MWRANK u=37/13 r=1 gens=2
FIBSURV Sig=2 t=29/3 u=37/13
SKIPISO t=29/3 u=37/13
MWRANK u=13/37 r=2 gens=2
FIBSURV Sig=2 t=-71/3 u=13/37
SKIPISO t=-71/3 u=13/37
MWRANK u=5/37 r=1 gens=2
FIBSURV Sig=2 t=-35/2 u=5/37
SKIPISO t=-35/2 u=5/37
MWRANK u=21/37 r=2 gens=2
FIBSURV Sig=2 t=-36 u=21/37
SKIPISO t=-36 u=21/37
MWRANK u=-37/17 r=1 gens=2
FIBSURV Sig=2 t=-109/27 u=-37/17
SKIPISO t=-109/27 u=-37/17
MWRANK u=37/5 r=1 gens=2
FIBSURV Sig=2 t=7/2 u=37/5
SKIPISO t=7/2 u=37/5
MWRANK u=37/11 r=1 gens=2
FIBSURV Sig=2 t=101/13 u=37/11
SKIPISO t=101/13 u=37/11
MWRANK u=37/6 r=3 gens=2
FIBSURV Sig=2 t=127/31 u=37/6
SKIPISO t=127/31 u=37/6
MWRANK u=37/7 r=1 gens=2
FIBSURV Sig=2 t=71/15 u=37/7
SKIPISO t=71/15 u=37/7
MWRANK u=-15/37 r=1 gens=2
FIBSURV Sig=2 t=-135/13 u=-15/37
SKIPISO t=-135/13 u=-15/37
MWRANK u=1/37 r=2 gens=2
FIBSURV Sig=2 t=-139/9 u=1/37
SKIPISO t=-139/9 u=1/37
MWRANK u=37/33 r=2 gens=2
FIBSURV Sig=2 t=133 u=37/33
SKIPISO t=133 u=37/33
MWRANK u=-37/4 r=2 gens=2
FIBSURV Sig=2 t=-23/41 u=-37/4
SKIPISO t=-23/41 u=-37/4
MWRANK u=-37 r=2 gens=2
FIBSURV Sig=2 t=11/19 u=-37
SKIPISO t=11/19 u=-37
MWRANK u=-37/19 r=2 gens=2
FIBSURV Sig=2 t=-31/7 u=-37/19
SKIPISO t=-31/7 u=-37/19
MWRANK u=-37/2 r=2 gens=2
FIBSURV Sig=2 t=7/39 u=-37/2
SKIPISO t=7/39 u=-37/2
MWRANK u=-37/35 r=1 gens=2
FIBSURV Sig=2 t=-61/9 u=-37/35
SKIPISO t=-61/9 u=-37/35
MWRANK u=-37/5 r=2 gens=2
FIBSURV Sig=2 t=-19/21 u=-37/5
SKIPISO t=-19/21 u=-37/5
MWRANK u=-7/37 r=2 gens=2
FIBSURV Sig=2 t=-137/11 u=-7/37
SKIPISO t=-137/11 u=-7/37
MWRANK u=37/15 r=2 gens=2
FIBSURV Sig=2 t=131/11 u=37/15
SKIPISO t=131/11 u=37/15
MWRANK u=37/17 r=1 gens=2
FIBSURV Sig=2 t=73/5 u=37/17
SKIPISO t=73/5 u=37/17
MWRANK u=-3/37 r=2 gens=2
FIBSURV Sig=2 t=-69/5 u=-3/37
SKIPISO t=-69/5 u=-3/37
MWRANK u=25/37 r=2 gens=2
FIBSURV Sig=2 t=-145/3 u=25/37
SKIPISO t=-145/3 u=25/37
MWRANK u=9/37 r=2 gens=2
FIBSURV Sig=2 t=-141/7 u=9/37
SKIPISO t=-141/7 u=9/37
MWRANK u=-37/6 r=2 gens=2
FIBSURV Sig=2 t=-53/43 u=-37/6
SKIPISO t=-53/43 u=-37/6
MWRANK u=37/3 r=2 gens=2
FIBSURV Sig=2 t=41/17 u=37/3
SKIPISO t=41/17 u=37/3
MWRANK u=-27/37 r=2 gens=2
FIBSURV Sig=2 t=-33/4 u=-27/37
SKIPISO t=-33/4 u=-27/37
MWRANK u=37/4 r=2 gens=2
FIBSURV Sig=2 t=97/33 u=37/4
SKIPISO t=97/33 u=37/4
MWRANK u=17/37 r=1 gens=2
FIBSURV Sig=2 t=-143/5 u=17/37
SKIPISO t=-143/5 u=17/37
MWRANK u=38 r=2 gens=2
FIBSURV Sig=2 t=53/37 u=38
SKIPISO t=53/37 u=38
MWRANK u=-38/3 r=2 gens=2
FIBSURV Sig=2 t=-7/41 u=-38/3
SKIPISO t=-7/41 u=-38/3
MWRANK u=-38/5 r=2 gens=2
FIBSURV Sig=2 t=-37/43 u=-38/5
SKIPISO t=-37/43 u=-38/5
MWRANK u=-38/7 r=1 gens=2
FIBSURV Sig=2 t=-67/45 u=-38/7
SKIPISO t=-67/45 u=-38/7
MWRANK u=38/5 r=1 gens=2
FIBSURV Sig=2 t=113/33 u=38/5
SKIPISO t=113/33 u=38/5
MWRANK u=-38 r=2 gens=2
FIBSURV Sig=2 t=23/39 u=-38
SKIPISO t=23/39 u=-38
MWRANK u=38/7 r=1 gens=2
FIBSURV Sig=2 t=143/31 u=38/7
SKIPISO t=143/31 u=38/7
MWRANK u=38/3 r=2 gens=2
FIBSURV Sig=2 t=83/35 u=38/3
SKIPISO t=83/35 u=38/3
MWRANK u=-38/11 r=2 gens=2
FIBSURV Sig=2 t=-127/49 u=-38/11
SKIPISO t=-127/49 u=-38/11
MWRANK u=-38/9 r=2 gens=2
FIBSURV Sig=2 t=-97/47 u=-38/9
SKIPISO t=-97/47 u=-38/9
MWRANK u=39/23 r=2 gens=2
FIBSURV Sig=2 t=24 u=39/23
SKIPISO t=24 u=39/23
MWRANK u=39/35 r=1 gens=2
FIBSURV Sig=2 t=141 u=39/35
SKIPISO t=141 u=39/35
MWRANK u=-39/8 r=2 gens=2
FIBSURV Sig=2 t=-81/47 u=-39/8
SKIPISO t=-81/47 u=-39/8
MWRANK u=39/11 r=1 gens=2
FIBSURV Sig=2 t=51/7 u=39/11
SKIPISO t=51/7 u=39/11
MWRANK u=-39 r=1 gens=2
FIBSURV Sig=2 t=3/5 u=-39
SKIPISO t=3/5 u=-39
MWRANK u=-25/39 r=2 gens=2
FIBSURV Sig=2 t=-35/4 u=-25/39
SKIPISO t=-35/4 u=-25/39
MWRANK u=-39/19 r=3 gens=2
FIBSURV Sig=2 t=-123/29 u=-39/19
SKIPISO t=-123/29 u=-39/19
MWRANK u=-39/25 r=2 gens=2
FIBSURV Sig=2 t=-21/4 u=-39/25
SKIPISO t=-21/4 u=-39/25
MWRANK u=39/7 r=1 gens=2
FIBSURV Sig=2 t=9/2 u=39/7
SKIPISO t=9/2 u=39/7
MWRANK u=-39/2 r=2 gens=2
FIBSURV Sig=2 t=9/41 u=-39/2
SKIPISO t=9/41 u=-39/2
MWRANK u=39/19 r=2 gens=2
FIBSURV Sig=2 t=81/5 u=39/19
SKIPISO t=81/5 u=39/19
MWRANK u=39/31 r=1 gens=2
FIBSURV Sig=2 t=63 u=39/31
SKIPISO t=63 u=39/31
MWRANK u=7/39 r=2 gens=2
FIBSURV Sig=2 t=-37/2 u=7/39
SKIPISO t=-37/2 u=7/39
MWRANK u=-39/10 r=2 gens=2
FIBSURV Sig=2 t=-111/49 u=-39/10
SKIPISO t=-111/49 u=-39/10
MWRANK u=39/4 r=2 gens=2
FIBSURV Sig=2 t=99/35 u=39/4
SKIPISO t=99/35 u=39/4
MWRANK u=31/39 r=2 gens=2
FIBSURV Sig=2 t=-77 u=31/39
SKIPISO t=-77 u=31/39
MWRANK u=-1/39 r=2 gens=2
FIBSURV Sig=2 t=-73/5 u=-1/39
SKIPISO t=-73/5 u=-1/39
MWRANK u=-39/29 r=2 gens=2
FIBSURV Sig=2 t=-99/17 u=-39/29
SKIPISO t=-99/17 u=-39/29
MWRANK u=39/17 r=2 gens=2
FIBSURV Sig=2 t=147/11 u=39/17
SKIPISO t=147/11 u=39/17
MWRANK u=-37/39 r=2 gens=2
FIBSURV Sig=2 t=-137/19 u=-37/39
SKIPISO t=-137/19 u=-37/39
MWRANK u=-39/11 r=2 gens=2
FIBSURV Sig=2 t=-63/25 u=-39/11
SKIPISO t=-63/25 u=-39/11
MWRANK u=-39/37 r=1 gens=2
FIBSURV Sig=2 t=-129/19 u=-39/37
SKIPISO t=-129/19 u=-39/37
MWRANK u=39 r=2 gens=2
FIBSURV Sig=2 t=27/19 u=39
SKIPISO t=27/19 u=39
MWRANK u=-39/7 r=2 gens=2
FIBSURV Sig=2 t=-33/23 u=-39/7
SKIPISO t=-33/23 u=-39/7
MWRANK u=-5/39 r=2 gens=2
FIBSURV Sig=2 t=-145/11 u=-5/39
SKIPISO t=-145/11 u=-5/39
MWRANK u=39/5 r=1 gens=2
FIBSURV Sig=2 t=57/17 u=39/5
SKIPISO t=57/17 u=39/5
MWRANK u=-39/17 r=2 gens=2
FIBSURV Sig=2 t=-27/7 u=-39/17
SKIPISO t=-27/7 u=-39/17
MWRANK u=11/39 r=3 gens=2
FIBSURV Sig=2 t=-149/7 u=11/39
SKIPISO t=-149/7 u=11/39
MWRANK u=-39/5 r=1 gens=2
FIBSURV Sig=2 t=-9/11 u=-39/5
SKIPISO t=-9/11 u=-39/5
MWRANK u=39/2 r=2 gens=2
FIBSURV Sig=2 t=69/37 u=39/2
SKIPISO t=69/37 u=39/2
MWRANK u=-39/4 r=1 gens=2
FIBSURV Sig=2 t=-21/43 u=-39/4
SKIPISO t=-21/43 u=-39/4
MWRANK u=-17/39 r=2 gens=2
FIBSURV Sig=2 t=-71/7 u=-17/39
SKIPISO t=-71/7 u=-17/39
MWRANK u=23/39 r=2 gens=2
FIBSURV Sig=2 t=-38 u=23/39
SKIPISO t=-38 u=23/39
MWRANK u=-29/39 r=2 gens=2
FIBSURV Sig=2 t=-139/17 u=-29/39
SKIPISO t=-139/17 u=-29/39
MWRANK u=-40/3 r=2 gens=2
FIBSURV Sig=2 t=-5/43 u=-40/3
SKIPISO t=-5/43 u=-40/3
MWRANK u=-40/7 r=2 gens=2
FIBSURV Sig=2 t=-65/47 u=-40/7
SKIPISO t=-65/47 u=-40/7
MWRANK u=40 r=2 gens=2
FIBSURV Sig=2 t=55/39 u=40
SKIPISO t=55/39 u=40
MWRANK u=40/7 r=1 gens=2
FIBSURV Sig=2 t=145/33 u=40/7
SKIPISO t=145/33 u=40/7
MWRANK u=-40/11 r=2 gens=2
FIBSURV Sig=2 t=-125/51 u=-40/11
SKIPISO t=-125/51 u=-40/11
MWRANK u=-40/9 r=2 gens=2
FIBSURV Sig=2 t=-95/49 u=-40/9
SKIPISO t=-95/49 u=-40/9
MWRANK u=-40 r=2 gens=2
FIBSURV Sig=2 t=25/41 u=-40
SKIPISO t=25/41 u=-40
MWRANK u=-41/9 r=2 gens=2
FIBSURV Sig=2 t=-47/25 u=-41/9
SKIPISO t=-47/25 u=-41/9
MWRANK u=-41/10 r=2 gens=2
FIBSURV Sig=2 t=-109/51 u=-41/10
SKIPISO t=-109/51 u=-41/10
MWSKIP u=-41/12 bounds=[1,2]
FIBSURV Sig=2 t=-139/53 u=-41/12
SKIPISO t=-139/53 u=-41/12
MWRANK u=33/41 r=2 gens=2
FIBSURV Sig=2 t=-81 u=33/41
SKIPISO t=-81 u=33/41
MWRANK u=-41/15 r=2 gens=2
FIBSURV Sig=2 t=-23/7 u=-41/15
SKIPISO t=-23/7 u=-41/15
MWRANK u=-41/35 r=2 gens=2
FIBSURV Sig=2 t=-121/19 u=-41/35
SKIPISO t=-121/19 u=-41/35
MWRANK u=-41/27 r=2 gens=2
FIBSURV Sig=2 t=-91/17 u=-41/27
SKIPISO t=-91/17 u=-41/27
MWRANK u=-19/41 r=3 gens=2
FIBSURV Sig=2 t=-149/15 u=-19/41
SKIPISO t=-149/15 u=-19/41
MWRANK u=41/29 r=2 gens=2
FIBSURV Sig=2 t=119/3 u=41/29
SKIPISO t=119/3 u=41/29
MWRANK u=1/41 r=2 gens=2
FIBSURV Sig=2 t=-77/5 u=1/41
SKIPISO t=-77/5 u=1/41
MWRANK u=41 r=2 gens=2
FIBSURV Sig=2 t=7/5 u=41
SKIPISO t=7/5 u=41
MWRANK u=-11/41 r=4 gens=2
MWRANK u=41/25 r=1 gens=2
FIBSURV Sig=2 t=26 u=41/25
SKIPISO t=26 u=41/25
MWRANK u=41/5 r=2 gens=2
FIBSURV Sig=2 t=29/9 u=41/5
SKIPISO t=29/9 u=41/5
MWRANK u=-41/13 r=2 gens=2
FIBSURV Sig=2 t=-77/27 u=-41/13
SKIPISO t=-77/27 u=-41/13
MWRANK u=-41/31 r=1 gens=2
FIBSURV Sig=2 t=-53/9 u=-41/31
SKIPISO t=-53/9 u=-41/31
MWRANK u=-41/17 r=2 gens=2
FIBSURV Sig=2 t=-107/29 u=-41/17
SKIPISO t=-107/29 u=-41/17
MWRANK u=41/13 r=1 gens=2
FIBSURV Sig=2 t=59/7 u=41/13
SKIPISO t=59/7 u=41/13
MWRANK u=-41/7 r=1 gens=2
FIBSURV Sig=2 t=-4/3 u=-41/7
SKIPISO t=-4/3 u=-41/7
MWRANK u=41/37 r=2 gens=2
FIBSURV Sig=2 t=149 u=41/37
SKIPISO t=149 u=41/37
MWRANK u=-41/21 r=1 gens=2
FIBSURV Sig=2 t=-137/31 u=-41/21
SKIPISO t=-137/31 u=-41/21
MWRANK u=41/7 r=1 gens=2
FIBSURV Sig=2 t=73/17 u=41/7
SKIPISO t=73/17 u=41/7
MWRANK u=-31/41 r=2 gens=2
FIBSURV Sig=2 t=-73/9 u=-31/41
SKIPISO t=-73/9 u=-31/41
MWRANK u=-41/23 r=2 gens=2
FIBSURV Sig=2 t=-19/4 u=-41/23
SKIPISO t=-19/4 u=-41/23
MWRANK u=-41/19 r=2 gens=2
FIBSURV Sig=2 t=-61/15 u=-41/19
SKIPISO t=-61/15 u=-41/19
MWRANK u=-41/11 r=1 gens=2
FIBSURV Sig=2 t=-31/13 u=-41/11
SKIPISO t=-31/13 u=-41/11
MWSKIP u=-41/4 bounds=[1,3]
FIBSURV Sig=2 t=-19/45 u=-41/4
SKIPISO t=-19/45 u=-41/4
MWRANK u=25/41 r=1 gens=2
FIBSURV Sig=2 t=-40 u=25/41
SKIPISO t=-40 u=25/41
MWRANK u=17/41 r=3 gens=2
FIBSURV Sig=2 t=-79/3 u=17/41
SKIPISO t=-79/3 u=17/41
MWRANK u=-41/2 r=2 gens=2
FIBSURV Sig=2 t=11/43 u=-41/2
SKIPISO t=11/43 u=-41/2
MWRANK u=41/15 r=2 gens=2
FIBSURV Sig=2 t=133/13 u=41/15
SKIPISO t=133/13 u=41/15
MWRANK u=41/6 r=3 gens=2
FIBSURV Sig=2 t=131/35 u=41/6
SKIPISO t=131/35 u=41/6
MWRANK u=41/11 r=2 gens=2
FIBSURV Sig=2 t=103/15 u=41/11
SKIPISO t=103/15 u=41/11
MWRANK u=-41/5 r=2 gens=2
FIBSURV Sig=2 t=-17/23 u=-41/5
SKIPISO t=-17/23 u=-41/5
MWRANK u=41/17 r=1 gens=2
FIBSURV Sig=2 t=37/3 u=41/17
SKIPISO t=37/3 u=41/17
MWRANK u=41/2 r=2 gens=2
FIBSURV Sig=2 t=71/39 u=41/2
SKIPISO t=71/39 u=41/2
MWRANK u=-41/6 r=4 gens=2
FIBSURV Sig=2 t=-49/47 u=-41/6
SKIPISO t=-49/47 u=-41/6
MWRANK u=-35/41 r=2 gens=2
FIBSURV Sig=2 t=-145/19 u=-35/41
SKIPISO t=-145/19 u=-35/41
MWRANK u=-39/41 r=2 gens=2
FIBSURV Sig=2 t=-36/5 u=-39/41
SKIPISO t=-36/5 u=-39/41
MWRANK u=-41 r=2 gens=2
FIBSURV Sig=2 t=13/21 u=-41
SKIPISO t=13/21 u=-41
MWRANK u=-7/41 r=2 gens=2
FIBSURV Sig=2 t=-38/3 u=-7/41
SKIPISO t=-38/3 u=-7/41
MWRANK u=-41/3 r=1 gens=2
FIBSURV Sig=2 t=-1/11 u=-41/3
SKIPISO t=-1/11 u=-41/3
MWRANK u=41/21 r=1 gens=2
FIBSURV Sig=2 t=89/5 u=41/21
SKIPISO t=89/5 u=41/21
MWRANK u=41/33 r=1 gens=2
FIBSURV Sig=2 t=67 u=41/33
SKIPISO t=67 u=41/33
MWRANK u=-15/41 r=2 gens=2
FIBSURV Sig=2 t=-75/7 u=-15/41
SKIPISO t=-75/7 u=-15/41
MWRANK u=-41/8 r=2 gens=2
FIBSURV Sig=2 t=-79/49 u=-41/8
SKIPISO t=-79/49 u=-41/8
MWRANK u=41/4 r=2 gens=2
FIBSURV Sig=2 t=101/37 u=41/4
SKIPISO t=101/37 u=41/4
MWRANK u=-41/39 r=2 gens=2
FIBSURV Sig=2 t=-34/5 u=-41/39
SKIPISO t=-34/5 u=-41/39
MWRANK u=9/41 r=1 gens=2
FIBSURV Sig=2 t=-39/2 u=9/41
SKIPISO t=-39/2 u=9/41
MWRANK u=-27/41 r=1 gens=2
FIBSURV Sig=2 t=-147/17 u=-27/41
SKIPISO t=-147/17 u=-27/41
MWRANK u=41/9 r=1 gens=2
FIBSURV Sig=2 t=11/2 u=41/9
SKIPISO t=11/2 u=41/9
MWRANK u=-42 r=2 gens=2
FIBSURV Sig=2 t=27/43 u=-42
SKIPISO t=27/43 u=-42
MWRANK u=-42/11 r=2 gens=2
FIBSURV Sig=2 t=-123/53 u=-42/11
SKIPISO t=-123/53 u=-42/11
MWRANK u=42 r=2 gens=2
FIBSURV Sig=2 t=57/41 u=42
SKIPISO t=57/41 u=42
MWRANK u=42/5 r=1 gens=2
FIBSURV Sig=2 t=117/37 u=42/5
SKIPISO t=117/37 u=42/5
MWRANK u=-42/5 r=2 gens=2
FIBSURV Sig=2 t=-33/47 u=-42/5
SKIPISO t=-33/47 u=-42/5
MWRANK u=43/4 r=2 gens=2
FIBSURV Sig=2 t=103/39 u=43/4
SKIPISO t=103/39 u=43/4
MWRANK u=35/43 r=1 gens=2
FIBSURV Sig=2 t=-85 u=35/43
SKIPISO t=-85 u=35/43
MWRANK u=-43/19 r=1 gens=2
FIBSURV Sig=2 t=-121/31 u=-43/19
SKIPISO t=-121/31 u=-43/19
MWRANK u=19/43 r=2 gens=2
FIBSURV Sig=2 t=-83/3 u=19/43
SKIPISO t=-83/3 u=19/43
MWRANK u=43/2 r=2 gens=2
FIBSURV Sig=2 t=73/41 u=43/2
SKIPISO t=73/41 u=43/2
MWRANK u=-43/25 r=1 gens=2
FIBSURV Sig=2 t=-83/17 u=-43/25
SKIPISO t=-83/17 u=-43/25
MWRANK u=-43/6 r=2 gens=2
FIBSURV Sig=2 t=-47/49 u=-43/6
SKIPISO t=-47/49 u=-43/6
MWRANK u=-43/15 r=1 gens=2
FIBSURV Sig=2 t=-91/29 u=-43/15
SKIPISO t=-91/29 u=-43/15
MWRANK u=-43/10 r=2 gens=2
FIBSURV Sig=2 t=-107/53 u=-43/10
SKIPISO t=-107/53 u=-43/10
MWRANK u=43/5 r=1 gens=2
FIBSURV Sig=2 t=59/19 u=43/5
SKIPISO t=59/19 u=43/5
MWRANK u=27/43 r=2 gens=2
FIBSURV Sig=2 t=-42 u=27/43
SKIPISO t=-42 u=27/43
MWRANK u=11/43 r=1 gens=2
FIBSURV Sig=2 t=-41/2 u=11/43
SKIPISO t=-41/2 u=11/43
MWRANK u=43/17 r=2 gens=2
FIBSURV Sig=2 t=149/13 u=43/17
SKIPISO t=149/13 u=43/17
MWRANK u=43/27 r=3 gens=2
FIBSURV Sig=2 t=28 u=43/27
SKIPISO t=28 u=43/27
MWRANK u=-43/5 r=1 gens=2
FIBSURV Sig=2 t=-2/3 u=-43/5
SKIPISO t=-2/3 u=-43/5
MWRANK u=43/35 r=1 gens=2
FIBSURV Sig=2 t=71 u=43/35
SKIPISO t=71 u=43/35
MWRANK u=43/9 r=2 gens=2
FIBSURV Sig=2 t=89/17 u=43/9
SKIPISO t=89/17 u=43/9
MWRANK u=-37/43 r=3 gens=2
FIBSURV Sig=2 t=-38/5 u=-37/43
SKIPISO t=-38/5 u=-37/43
MWRANK u=-21/43 r=2 gens=2
FIBSURV Sig=2 t=-39/4 u=-21/43
SKIPISO t=-39/4 u=-21/43
MWRANK u=43 r=2 gens=2
FIBSURV Sig=2 t=29/21 u=43
SKIPISO t=29/21 u=43
MWRANK u=-43/29 r=2 gens=2
FIBSURV Sig=2 t=-49/9 u=-43/29
SKIPISO t=-49/9 u=-43/29
MWRANK u=43/31 r=1 gens=2
FIBSURV Sig=2 t=127/3 u=43/31
SKIPISO t=127/3 u=43/31
MWRANK u=-43/17 r=1 gens=2
FIBSURV Sig=2 t=-53/15 u=-43/17
SKIPISO t=-53/15 u=-43/17
MWRANK u=-43/21 r=2 gens=2
FIBSURV Sig=2 t=-17/4 u=-43/21
SKIPISO t=-17/4 u=-43/21
MWRANK u=-43 r=1 gens=2
FIBSURV Sig=2 t=7/11 u=-43
SKIPISO t=7/11 u=-43
MWRANK u=-43/37 r=2 gens=2
FIBSURV Sig=2 t=-32/5 u=-43/37
SKIPISO t=-32/5 u=-43/37
MWRANK u=23/43 r=4 gens=2
MWRANK u=-43/33 r=2 gens=2
FIBSURV Sig=2 t=-113/19 u=-43/33
SKIPISO t=-113/19 u=-43/33
MWRANK u=-43/7 r=2 gens=2
FIBSURV Sig=2 t=-31/25 u=-43/7
SKIPISO t=-31/25 u=-43/7
MWRANK u=-43/11 r=2 gens=2
FIBSURV Sig=2 t=-61/27 u=-43/11
SKIPISO t=-61/27 u=-43/11
MWRANK u=-43/8 r=2 gens=2
FIBSURV Sig=2 t=-77/51 u=-43/8
SKIPISO t=-77/51 u=-43/8
MWRANK u=43/13 r=2 gens=2
FIBSURV Sig=2 t=119/15 u=43/13
SKIPISO t=119/15 u=43/13
MWRANK u=-43/4 r=1 gens=2
FIBSURV Sig=2 t=-17/47 u=-43/4
SKIPISO t=-17/47 u=-43/4
MWRANK u=-13/43 r=2 gens=2
FIBSURV Sig=2 t=-79/7 u=-13/43
SKIPISO t=-79/7 u=-13/43
MWRANK u=43/23 r=2 gens=2
FIBSURV Sig=2 t=97/5 u=43/23
SKIPISO t=97/5 u=43/23
MWRANK u=-43/9 r=1 gens=2
FIBSURV Sig=2 t=-23/13 u=-43/9
SKIPISO t=-23/13 u=-43/9
MWRANK u=43/15 r=2 gens=2
FIBSURV Sig=2 t=67/7 u=43/15
SKIPISO t=67/7 u=43/15
MWRANK u=43/7 r=1 gens=2
FIBSURV Sig=2 t=37/9 u=43/7
SKIPISO t=37/9 u=43/7
MWRANK u=-43/12 r=2 gens=2
FIBSURV Sig=2 t=-137/55 u=-43/12
SKIPISO t=-137/55 u=-43/12
MWRANK u=43/11 r=2 gens=2
FIBSURV Sig=2 t=13/2 u=43/11
SKIPISO t=13/2 u=43/11
MWRANK u=-29/43 r=2 gens=2
FIBSURV Sig=2 t=-77/9 u=-29/43
SKIPISO t=-77/9 u=-29/43
MWRANK u=-43/3 r=4 gens=2
FIBSURV Sig=2 t=-1/23 u=-43/3
SKIPISO t=-1/23 u=-43/3
MWRANK u=3/43 r=2 gens=2
FIBSURV Sig=2 t=-81/5 u=3/43
SKIPISO t=-81/5 u=3/43
MWRANK u=-43/2 r=2 gens=2
FIBSURV Sig=2 t=13/45 u=-43/2
SKIPISO t=13/45 u=-43/2
MWRANK u=43/6 r=3 gens=2
FIBSURV Sig=2 t=133/37 u=43/6
SKIPISO t=133/37 u=43/6
MWRANK u=-5/43 r=2 gens=2
FIBSURV Sig=2 t=-40/3 u=-5/43
SKIPISO t=-40/3 u=-5/43
MWRANK u=-43/41 r=2 gens=2
FIBSURV Sig=2 t=-143/21 u=-43/41
SKIPISO t=-143/21 u=-43/41
MWRANK u=-44 r=1 gens=2
FIBSURV Sig=2 t=29/45 u=-44
SKIPISO t=29/45 u=-44
MWRANK u=44 r=2 gens=2
FIBSURV Sig=2 t=59/43 u=44
SKIPISO t=59/43 u=44
MWRANK u=44/5 r=1 gens=2
FIBSURV Sig=2 t=119/39 u=44/5
SKIPISO t=119/39 u=44/5
MWRANK u=44/3 r=2 gens=2
FIBSURV Sig=2 t=89/41 u=44/3
SKIPISO t=89/41 u=44/3
MWRANK u=44/7 r=3 gens=2
FIBSURV Sig=2 t=149/37 u=44/7
SKIPISO t=149/37 u=44/7
MWRANK u=-44/7 r=2 gens=2
FIBSURV Sig=2 t=-61/51 u=-44/7
SKIPISO t=-61/51 u=-44/7
MWRANK u=-44/9 r=2 gens=2
FIBSURV Sig=2 t=-91/53 u=-44/9
SKIPISO t=-91/53 u=-44/9
MWRANK u=-44/3 r=2 gens=2
FIBSURV Sig=2 t=-1/47 u=-44/3
SKIPISO t=-1/47 u=-44/3
MWRANK u=-44/5 r=2 gens=2
FIBSURV Sig=2 t=-31/49 u=-44/5
SKIPISO t=-31/49 u=-44/5
MWRANK u=45/4 r=2 gens=2
FIBSURV Sig=2 t=105/41 u=45/4
SKIPISO t=105/41 u=45/4
MWRANK u=45 r=1 gens=2
FIBSURV Sig=2 t=15/11 u=45
SKIPISO t=15/11 u=45
MWRANK u=-45 r=1 gens=2
FIBSURV Sig=2 t=15/23 u=-45
SKIPISO t=15/23 u=-45
MWRANK u=-45/11 r=1 gens=2
FIBSURV Sig=2 t=-15/7 u=-45/11
SKIPISO t=-15/7 u=-45/11
MWRANK u=-45/7 r=1 gens=2
FIBSURV Sig=2 t=-15/13 u=-45/7
SKIPISO t=-15/13 u=-45/7
MWRANK u=45/7 r=1 gens=2
FIBSURV Sig=2 t=75/19 u=45/7
SKIPISO t=75/19 u=45/7
MWRANK u=45/19 r=2 gens=2
FIBSURV Sig=2 t=165/13 u=45/19
SKIPISO t=165/13 u=45/19
MWRANK u=-45/2 r=2 gens=2
FIBSURV Sig=2 t=15/47 u=-45/2
SKIPISO t=15/47 u=-45/2
MWRANK u=45/2 r=2 gens=2
FIBSURV Sig=2 t=75/43 u=45/2
SKIPISO t=75/43 u=45/2
MWRANK u=-11/45 r=1 gens=2
FIBSURV Sig=2 t=-83/7 u=-11/45
SKIPISO t=-83/7 u=-11/45
MWRANK u=45/11 r=2 gens=2
FIBSURV Sig=2 t=105/17 u=45/11
SKIPISO t=105/17 u=45/11
MWRANK u=-45/4 r=2 gens=2
FIBSURV Sig=2 t=-15/49 u=-45/4
SKIPISO t=-15/49 u=-45/4
MWRANK u=-43/45 r=2 gens=2
FIBSURV Sig=2 t=-79/11 u=-43/45
SKIPISO t=-79/11 u=-43/45
MWRANK u=29/45 r=2 gens=2
FIBSURV Sig=2 t=-44 u=29/45
SKIPISO t=-44 u=29/45
MWRANK u=45/17 r=1 gens=2
FIBSURV Sig=2 t=75/7 u=45/17
SKIPISO t=75/7 u=45/17
MWRANK u=-45/13 r=2 gens=2
FIBSURV Sig=2 t=-75/29 u=-45/13
SKIPISO t=-75/29 u=-45/13
MWSKIP u=-19/45 bounds=[1,2]
FIBSURV Sig=2 t=-41/4 u=-19/45
SKIPISO t=-41/4 u=-19/45
MWRANK u=-45/19 r=1 gens=2
FIBSURV Sig=2 t=-15/4 u=-45/19
SKIPISO t=-15/4 u=-45/19
MWRANK u=-45/8 r=2 gens=2
FIBSURV Sig=2 t=-75/53 u=-45/8
SKIPISO t=-75/53 u=-45/8
MWRANK u=37/45 r=2 gens=2
FIBSURV Sig=2 t=-89 u=37/45
SKIPISO t=-89 u=37/45
MWRANK u=13/45 r=1 gens=2
FIBSURV Sig=2 t=-43/2 u=13/45
SKIPISO t=-43/2 u=13/45
MWRANK u=-45/17 r=1 gens=2
FIBSURV Sig=2 t=-105/31 u=-45/17
SKIPISO t=-105/31 u=-45/17
MWRANK u=45/37 r=1 gens=2
FIBSURV Sig=2 t=75 u=45/37
SKIPISO t=75 u=45/37
MWRANK u=-45/31 r=2 gens=2
FIBSURV Sig=2 t=-105/19 u=-45/31
SKIPISO t=-105/19 u=-45/31
MWRANK u=45/29 r=1 gens=2
FIBSURV Sig=2 t=30 u=45/29
SKIPISO t=30 u=45/29
MWRANK u=-45/23 r=3 gens=2
FIBSURV Sig=2 t=-75/17 u=-45/23
SKIPISO t=-75/17 u=-45/23
MWRANK u=-45/43 r=2 gens=2
FIBSURV Sig=2 t=-75/11 u=-45/43
SKIPISO t=-75/11 u=-45/43
MWRANK u=-46/11 r=2 gens=2
FIBSURV Sig=2 t=-119/57 u=-46/11
SKIPISO t=-119/57 u=-46/11
MWRANK u=-46/9 r=2 gens=2
FIBSURV Sig=2 t=-89/55 u=-46/9
SKIPISO t=-89/55 u=-46/9
MWRANK u=-46 r=4 gens=2
FIBSURV Sig=2 t=31/47 u=-46
SKIPISO t=31/47 u=-46
MWRANK u=46 r=2 gens=2
FIBSURV Sig=2 t=61/45 u=46
SKIPISO t=61/45 u=46
MWRANK u=-46/7 r=1 gens=2
FIBSURV Sig=2 t=-59/53 u=-46/7
SKIPISO t=-59/53 u=-46/7
MWRANK u=-46/13 r=2 gens=2
FIBSURV Sig=2 t=-149/59 u=-46/13
SKIPISO t=-149/59 u=-46/13
MWRANK u=46/3 r=2 gens=2
FIBSURV Sig=2 t=91/43 u=46/3
SKIPISO t=91/43 u=46/3
MWRANK u=-46/3 r=2 gens=2
FIBSURV Sig=2 t=1/49 u=-46/3
SKIPISO t=1/49 u=-46/3
MWRANK u=-46/5 r=4 gens=2
FIBSURV Sig=2 t=-29/51 u=-46/5
SKIPISO t=-29/51 u=-46/5
MWRANK u=-9/47 r=1 gens=2
FIBSURV Sig=2 t=-87/7 u=-9/47
SKIPISO t=-87/7 u=-9/47
MWRANK u=47/7 r=2 gens=2
FIBSURV Sig=2 t=19/5 u=47/7
SKIPISO t=19/5 u=47/7
MWRANK u=-47/9 r=1 gens=2
FIBSURV Sig=2 t=-11/7 u=-47/9
SKIPISO t=-11/7 u=-47/9
MWRANK u=-1/47 r=2 gens=2
FIBSURV Sig=2 t=-44/3 u=-1/47
SKIPISO t=-44/3 u=-1/47
MWRANK u=39/47 r=1 gens=2
FIBSURV Sig=2 t=-93 u=39/47
SKIPISO t=-93 u=39/47
MWRANK u=-33/47 r=3 gens=2
FIBSURV Sig=2 t=-42/5 u=-33/47
SKIPISO t=-42/5 u=-33/47
MWRANK u=-47/41 r=2 gens=2
FIBSURV Sig=2 t=-71/11 u=-47/41
SKIPISO t=-71/11 u=-47/41
MWRANK u=-17/47 r=2 gens=2
FIBSURV Sig=2 t=-43/4 u=-17/47
SKIPISO t=-43/4 u=-17/47
MWRANK u=-47/10 r=2 gens=2
FIBSURV Sig=2 t=-103/57 u=-47/10
SKIPISO t=-103/57 u=-47/10
MWRANK u=47/23 r=2 gens=2
FIBSURV Sig=2 t=49/3 u=47/23
SKIPISO t=49/3 u=47/23
MWRANK u=-47/5 r=1 gens=2
FIBSURV Sig=2 t=-7/13 u=-47/5
SKIPISO t=-7/13 u=-47/5
MWRANK u=47 r=2 gens=2
FIBSURV Sig=2 t=31/23 u=47
SKIPISO t=31/23 u=47
MWRANK u=7/47 r=1 gens=2
FIBSURV Sig=2 t=-89/5 u=7/47
SKIPISO t=-89/5 u=7/47
MWRANK u=47/9 r=1 gens=2
FIBSURV Sig=2 t=91/19 u=47/9
SKIPISO t=91/19 u=47/9
MWRANK u=-47/21 r=2 gens=2
FIBSURV Sig=2 t=-67/17 u=-47/21
SKIPISO t=-67/17 u=-47/21
MWRANK u=47/13 r=2 gens=2
FIBSURV Sig=2 t=121/17 u=47/13
SKIPISO t=121/17 u=47/13
MWRANK u=47/2 r=1 gens=2
FIBSURV Sig=2 t=77/45 u=47/2
SKIPISO t=77/45 u=47/2
MWRANK u=31/47 r=2 gens=2
FIBSURV Sig=2 t=-46 u=31/47
SKIPISO t=-46 u=31/47
MWRANK u=-47/11 r=2 gens=2
FIBSURV Sig=2 t=-59/29 u=-47/11
SKIPISO t=-59/29 u=-47/11
MWRANK u=-47/2 r=2 gens=2
FIBSURV Sig=2 t=17/49 u=-47/2
SKIPISO t=17/49 u=-47/2
MWRANK u=47/5 r=2 gens=2
FIBSURV Sig=2 t=61/21 u=47/5
SKIPISO t=61/21 u=47/5
MWRANK u=-47/29 r=2 gens=2
FIBSURV Sig=2 t=-97/19 u=-47/29
SKIPISO t=-97/19 u=-47/29
MWRANK u=47/19 r=3 gens=2
FIBSURV Sig=2 t=83/7 u=47/19
SKIPISO t=83/7 u=47/19
MWRANK u=23/47 r=2 gens=2
FIBSURV Sig=2 t=-91/3 u=23/47
SKIPISO t=-91/3 u=23/47
MWRANK u=-47/12 r=2 gens=2
FIBSURV Sig=2 t=-133/59 u=-47/12
SKIPISO t=-133/59 u=-47/12
MWRANK u=47/11 r=1 gens=2
FIBSURV Sig=2 t=53/9 u=47/11
SKIPISO t=53/9 u=47/11
MWRANK u=47/15 r=2 gens=2
FIBSURV Sig=2 t=17/2 u=47/15
SKIPISO t=17/2 u=47/15
MWRANK u=15/47 r=2 gens=2
FIBSURV Sig=2 t=-45/2 u=15/47
SKIPISO t=-45/2 u=15/47
MWRANK u=47/27 r=2 gens=2
FIBSURV Sig=2 t=113/5 u=47/27
SKIPISO t=113/5 u=47/27
MWRANK u=47/35 r=2 gens=2
FIBSURV Sig=2 t=143/3 u=47/35
SKIPISO t=143/3 u=47/35
MWRANK u=-47/4 r=2 gens=2
FIBSURV Sig=2 t=-13/51 u=-47/4
SKIPISO t=-13/51 u=-47/4
MWRANK u=47/31 r=1 gens=2
FIBSURV Sig=2 t=32 u=47/31
SKIPISO t=32 u=47/31
MWRANK u=-47/7 r=2 gens=2
FIBSURV Sig=2 t=-29/27 u=-47/7
SKIPISO t=-29/27 u=-47/7
MWRANK u=47/39 r=1 gens=2
FIBSURV Sig=2 t=79 u=47/39
SKIPISO t=79 u=47/39
MWRANK u=47/6 r=1 gens=2
FIBSURV Sig=2 t=137/41 u=47/6
SKIPISO t=137/41 u=47/6
MWRANK u=47/4 r=2 gens=2
FIBSURV Sig=2 t=107/43 u=47/4
SKIPISO t=107/43 u=47/4
MWRANK u=-47/8 r=2 gens=2
FIBSURV Sig=2 t=-73/55 u=-47/8
SKIPISO t=-73/55 u=-47/8
MWRANK u=-47/13 r=1 gens=2
FIBSURV Sig=2 t=-37/15 u=-47/13
SKIPISO t=-37/15 u=-47/13
MWRANK u=-41/47 r=2 gens=2
FIBSURV Sig=2 t=-83/11 u=-41/47
SKIPISO t=-83/11 u=-41/47
MWSKIP u=-47/19 bounds=[1,3]
FIBSURV Sig=2 t=-119/33 u=-47/19
SKIPISO t=-119/33 u=-47/19
MWRANK u=-47/23 r=2 gens=2
FIBSURV Sig=2 t=-149/35 u=-47/23
SKIPISO t=-149/35 u=-47/23
MWRANK u=-47/37 r=2 gens=2
FIBSURV Sig=2 t=-127/21 u=-47/37
SKIPISO t=-127/21 u=-47/37
MWRANK u=-47/33 r=2 gens=2
FIBSURV Sig=2 t=-28/5 u=-47/33
SKIPISO t=-28/5 u=-47/33
MWRANK u=-47/15 r=4 gens=2
FIBSURV Sig=2 t=-89/31 u=-47/15
SKIPISO t=-89/31 u=-47/15
MWRANK u=-47/25 r=3 gens=2
FIBSURV Sig=2 t=-41/9 u=-47/25
SKIPISO t=-41/9 u=-47/25
MWRANK u=-47/3 r=2 gens=2
FIBSURV Sig=2 t=1/25 u=-47/3
SKIPISO t=1/25 u=-47/3
MWRANK u=-25/47 r=2 gens=2
FIBSURV Sig=2 t=-85/9 u=-25/47
SKIPISO t=-85/9 u=-25/47
MWRANK u=-47/6 r=2 gens=2
FIBSURV Sig=2 t=-43/53 u=-47/6
SKIPISO t=-43/53 u=-47/6
MWRANK u=-48/5 r=2 gens=2
FIBSURV Sig=2 t=-27/53 u=-48/5
SKIPISO t=-27/53 u=-48/5
MWRANK u=48 r=2 gens=2
FIBSURV Sig=2 t=63/47 u=48
SKIPISO t=63/47 u=48
MWRANK u=-48/13 r=2 gens=2
FIBSURV Sig=2 t=-147/61 u=-48/13
SKIPISO t=-147/61 u=-48/13
MWRANK u=-48/7 r=1 gens=2
FIBSURV Sig=2 t=-57/55 u=-48/7
SKIPISO t=-57/55 u=-48/7
MWRANK u=-48 r=2 gens=2
FIBSURV Sig=2 t=33/49 u=-48
SKIPISO t=33/49 u=-48
MWRANK u=48/5 r=2 gens=2
FIBSURV Sig=2 t=123/43 u=48/5
SKIPISO t=123/43 u=48/5
MWRANK u=-48/11 r=2 gens=2
FIBSURV Sig=2 t=-117/59 u=-48/11
SKIPISO t=-117/59 u=-48/11
MWRANK u=-15/49 r=2 gens=2
FIBSURV Sig=2 t=-45/4 u=-15/49
SKIPISO t=-45/4 u=-15/49
MWRANK u=-49/43 r=2 gens=2
FIBSURV Sig=2 t=-149/23 u=-49/43
SKIPISO t=-149/23 u=-49/43
MWRANK u=-49/39 r=2 gens=2
FIBSURV Sig=2 t=-67/11 u=-49/39
SKIPISO t=-67/11 u=-49/39
MWRANK u=-49 r=2 gens=2
FIBSURV Sig=2 t=17/25 u=-49
SKIPISO t=17/25 u=-49
MWRANK u=-49/23 r=2 gens=2
FIBSURV Sig=2 t=-37/9 u=-49/23
SKIPISO t=-37/9 u=-49/23
MWRANK u=45/49 r=2 gens=2
FIBSURV Sig=2 t=-195 u=45/49
SKIPISO t=-195 u=45/49
MWRANK u=-49/11 r=3 gens=2
FIBSURV Sig=2 t=-29/15 u=-49/11
SKIPISO t=-29/15 u=-49/11
MWRANK u=-23/49 r=1 gens=2
FIBSURV Sig=2 t=-89/9 u=-23/49
SKIPISO t=-89/9 u=-23/49
MWRANK u=-47/49 r=3 gens=2
FIBSURV Sig=2 t=-43/6 u=-47/49
SKIPISO t=-43/6 u=-47/49
MWSKIP u=-49/6 bounds=[1,2]
FIBSURV Sig=2 t=-41/55 u=-49/6
SKIPISO t=-41/55 u=-49/6
MWRANK u=25/49 r=2 gens=2
FIBSURV Sig=2 t=-95/3 u=25/49
SKIPISO t=-95/3 u=25/49
MWRANK u=-49/10 r=2 gens=2
FIBSURV Sig=2 t=-101/59 u=-49/10
SKIPISO t=-101/59 u=-49/10
MWRANK u=49 r=1 gens=2
FIBSURV Sig=2 t=4/3 u=49
SKIPISO t=4/3 u=49
MWRANK u=-31/49 r=2 gens=2
FIBSURV Sig=2 t=-44/5 u=-31/49
SKIPISO t=-44/5 u=-31/49
MWRANK u=-49/12 r=2 gens=2
FIBSURV Sig=2 t=-131/61 u=-49/12
SKIPISO t=-131/61 u=-49/12
MWRANK u=49/17 r=1 gens=2
FIBSURV Sig=2 t=19/2 u=49/17
SKIPISO t=19/2 u=49/17
MWRANK u=-49/2 r=2 gens=2
FIBSURV Sig=2 t=19/51 u=-49/2
SKIPISO t=19/51 u=-49/2
MWRANK u=17/49 r=1 gens=2
FIBSURV Sig=2 t=-47/2 u=17/49
SKIPISO t=-47/2 u=17/49
MWRANK u=49/11 r=2 gens=2
FIBSURV Sig=2 t=107/19 u=49/11
SKIPISO t=107/19 u=49/11
MWRANK u=-49/27 r=3 gens=2
FIBSURV Sig=2 t=-89/19 u=-49/27
SKIPISO t=-89/19 u=-49/27
MWRANK u=-49/9 r=2 gens=2
FIBSURV Sig=2 t=-43/29 u=-49/9
SKIPISO t=-43/29 u=-49/9
MWRANK u=49/2 r=2 gens=2
FIBSURV Sig=2 t=79/47 u=49/2
SKIPISO t=79/47 u=49/2
MWRANK u=-49/13 r=2 gens=2
FIBSURV Sig=2 t=-73/31 u=-49/13
SKIPISO t=-73/31 u=-49/13
MWRANK u=-49/8 r=2 gens=2
FIBSURV Sig=2 t=-71/57 u=-49/8
SKIPISO t=-71/57 u=-49/8
MWRANK u=9/49 r=2 gens=2
FIBSURV Sig=2 t=-93/5 u=9/49
SKIPISO t=-93/5 u=9/49
MWRANK u=41/49 r=2 gens=2
FIBSURV Sig=2 t=-97 u=41/49
SKIPISO t=-97 u=41/49
MWRANK u=-49/3 r=1 gens=2
FIBSURV Sig=2 t=1/13 u=-49/3
SKIPISO t=1/13 u=-49/3
MWRANK u=-49/19 r=3 gens=2
FIBSURV Sig=2 t=-59/17 u=-49/19
SKIPISO t=-59/17 u=-49/19
MWRANK u=-49/5 r=2 gens=2
FIBSURV Sig=2 t=-13/27 u=-49/5
SKIPISO t=-13/27 u=-49/5
MWRANK u=1/49 r=2 gens=2
FIBSURV Sig=2 t=-46/3 u=1/49
SKIPISO t=-46/3 u=1/49
MWRANK u=-49/4 r=2 gens=2
FIBSURV Sig=2 t=-11/53 u=-49/4
SKIPISO t=-11/53 u=-49/4
MWRANK u=49/29 r=2 gens=2
FIBSURV Sig=2 t=121/5 u=49/29
SKIPISO t=121/5 u=49/29
MWRANK u=49/5 r=1 gens=2
FIBSURV Sig=2 t=31/11 u=49/5
SKIPISO t=31/11 u=49/5
MWRANK u=49/6 r=1 gens=2
FIBSURV Sig=2 t=139/43 u=49/6
SKIPISO t=139/43 u=49/6
MWRANK u=-39/49 r=1 gens=2
FIBSURV Sig=2 t=-87/11 u=-39/49
SKIPISO t=-87/11 u=-39/49
MWRANK u=-49/15 r=3 gens=2
FIBSURV Sig=2 t=-11/4 u=-49/15
SKIPISO t=-11/4 u=-49/15
MWRANK u=49/33 r=1 gens=2
FIBSURV Sig=2 t=34 u=49/33
SKIPISO t=34 u=49/33
MWRANK u=49/41 r=3 gens=2
FIBSURV Sig=2 t=83 u=49/41
SKIPISO t=83 u=49/41
MWRANK u=-49/31 r=2 gens=2
FIBSURV Sig=2 t=-26/5 u=-49/31
SKIPISO t=-26/5 u=-49/31
MWRANK u=-49/17 r=3 gens=2
FIBSURV Sig=2 t=-103/33 u=-49/17
SKIPISO t=-103/33 u=-49/17
MWRANK u=49/25 r=1 gens=2
FIBSURV Sig=2 t=53/3 u=49/25
SKIPISO t=53/3 u=49/25
MWRANK u=49/13 r=2 gens=2
FIBSURV Sig=2 t=61/9 u=49/13
SKIPISO t=61/9 u=49/13
MWRANK u=49/9 r=1 gens=2
FIBSURV Sig=2 t=23/5 u=49/9
SKIPISO t=23/5 u=49/9
MWRANK u=49/15 r=2 gens=2
FIBSURV Sig=2 t=137/17 u=49/15
SKIPISO t=137/17 u=49/15
MWRANK u=-49/47 r=3 gens=2
FIBSURV Sig=2 t=-41/6 u=-49/47
SKIPISO t=-41/6 u=-49/47
MWRANK u=49/4 r=2 gens=2
FIBSURV Sig=2 t=109/45 u=49/4
SKIPISO t=109/45 u=49/4
MWRANK u=49/3 r=2 gens=2
FIBSURV Sig=2 t=47/23 u=49/3
SKIPISO t=47/23 u=49/3
MWRANK u=33/49 r=2 gens=2
FIBSURV Sig=2 t=-48 u=33/49
SKIPISO t=-48 u=33/49
MWSKIP u=-50/9 bounds=[1,2]
FIBSURV Sig=2 t=-85/59 u=-50/9
SKIPISO t=-85/59 u=-50/9
MWRANK u=50 r=1 gens=2
FIBSURV Sig=2 t=65/49 u=50
SKIPISO t=65/49 u=50
MWRANK u=-50 r=2 gens=2
FIBSURV Sig=2 t=35/51 u=-50
SKIPISO t=35/51 u=-50
MWRANK u=-50/11 r=2 gens=2
FIBSURV Sig=2 t=-115/61 u=-50/11
SKIPISO t=-115/61 u=-50/11
MWRANK u=50/3 r=2 gens=2
FIBSURV Sig=2 t=95/47 u=50/3
SKIPISO t=95/47 u=50/3
MWRANK u=-50/7 r=2 gens=2
FIBSURV Sig=2 t=-55/57 u=-50/7
SKIPISO t=-55/57 u=-50/7
MWRANK u=-50/13 r=2 gens=2
FIBSURV Sig=2 t=-145/63 u=-50/13
SKIPISO t=-145/63 u=-50/13
MWRANK u=-50/3 r=2 gens=2
FIBSURV Sig=2 t=5/53 u=-50/3
SKIPISO t=5/53 u=-50/3
MWRANK u=-51/11 r=2 gens=2
FIBSURV Sig=2 t=-57/31 u=-51/11
SKIPISO t=-57/31 u=-51/11
MWRANK u=51/19 r=2 gens=2
FIBSURV Sig=2 t=21/2 u=51/19
SKIPISO t=21/2 u=51/19
MWRANK u=-13/51 r=2 gens=2
FIBSURV Sig=2 t=-47/4 u=-13/51
SKIPISO t=-47/4 u=-13/51
MWRANK u=-51/10 r=2 gens=2
FIBSURV Sig=2 t=-99/61 u=-51/10
SKIPISO t=-99/61 u=-51/10
MWRANK u=-51/37 r=1 gens=2
FIBSURV Sig=2 t=-63/11 u=-51/37
SKIPISO t=-63/11 u=-51/37
MWRANK u=51/31 r=1 gens=2
FIBSURV Sig=2 t=129/5 u=51/31
SKIPISO t=129/5 u=51/31
MWRANK u=-51/2 r=2 gens=2
FIBSURV Sig=2 t=21/53 u=-51/2
SKIPISO t=21/53 u=-51/2
MWRANK u=-51/4 r=2 gens=2
FIBSURV Sig=2 t=-9/55 u=-51/4
SKIPISO t=-9/55 u=-51/4
MWRANK u=11/51 r=2 gens=2
FIBSURV Sig=2 t=-97/5 u=11/51
SKIPISO t=-97/5 u=11/51
MWRANK u=51/2 r=2 gens=2
FIBSURV Sig=2 t=81/49 u=51/2
SKIPISO t=81/49 u=51/2
MWRANK u=-51/13 r=1 gens=2
FIBSURV Sig=2 t=-9/4 u=-51/13
SKIPISO t=-9/4 u=-51/13
MWRANK u=-51/5 r=2 gens=2
FIBSURV Sig=2 t=-3/7 u=-51/5
SKIPISO t=-3/7 u=-51/5
MWRANK u=51/13 r=2 gens=2
FIBSURV Sig=2 t=123/19 u=51/13
SKIPISO t=123/19 u=51/13
MWRANK u=-51/29 r=2 gens=2
FIBSURV Sig=2 t=-24/5 u=-51/29
SKIPISO t=-24/5 u=-51/29
MWRANK u=-51/8 r=2 gens=2
FIBSURV Sig=2 t=-69/59 u=-51/8
SKIPISO t=-69/59 u=-51/8
MWRANK u=51 r=1 gens=2
FIBSURV Sig=2 t=33/25 u=51
SKIPISO t=33/25 u=51
MWRANK u=43/51 r=1 gens=2
FIBSURV Sig=2 t=-101 u=43/51
SKIPISO t=-101 u=43/51
MWRANK u=-29/51 r=2 gens=2
FIBSURV Sig=2 t=-46/5 u=-29/51
SKIPISO t=-46/5 u=-29/51
MWRANK u=51/4 r=2 gens=2
FIBSURV Sig=2 t=111/47 u=51/4
SKIPISO t=111/47 u=51/4
MWRANK u=-5/51 r=2 gens=2
FIBSURV Sig=2 t=-95/7 u=-5/51
SKIPISO t=-95/7 u=-5/51
MWRANK u=-51/19 r=1 gens=2
FIBSURV Sig=2 t=-117/35 u=-51/19
SKIPISO t=-117/35 u=-51/19
MWRANK u=51/5 r=2 gens=2
FIBSURV Sig=2 t=63/23 u=51/5
SKIPISO t=63/23 u=51/5
MWRANK u=-51/7 r=2 gens=2
FIBSURV Sig=2 t=-27/29 u=-51/7
SKIPISO t=-27/29 u=-51/7
MWRANK u=51/11 r=1 gens=2
FIBSURV Sig=2 t=27/5 u=51/11
SKIPISO t=27/5 u=51/11
MWRANK u=35/51 r=2 gens=2
FIBSURV Sig=2 t=-50 u=35/51
SKIPISO t=-50 u=35/51
MWRANK u=51/35 r=1 gens=2
FIBSURV Sig=2 t=36 u=51/35
SKIPISO t=36 u=51/35
MWRANK u=-51/41 r=2 gens=2
FIBSURV Sig=2 t=-141/23 u=-51/41
SKIPISO t=-141/23 u=-51/41
MWRANK u=-37/51 r=2 gens=2
FIBSURV Sig=2 t=-91/11 u=-37/51
SKIPISO t=-91/11 u=-37/51
MWRANK u=-51/23 r=1 gens=2
FIBSURV Sig=2 t=-147/37 u=-51/23
SKIPISO t=-147/37 u=-51/23
MWRANK u=-51/25 r=2 gens=2
FIBSURV Sig=2 t=-81/19 u=-51/25
SKIPISO t=-81/19 u=-51/25
MWSKIP u=19/51 bounds=[1,3]
FIBSURV Sig=2 t=-49/2 u=19/51
SKIPISO t=-49/2 u=19/51
MWRANK u=-51 r=3 gens=2
FIBSURV Sig=2 t=9/13 u=-51
SKIPISO t=9/13 u=-51
MWRANK u=51/43 r=1 gens=2
FIBSURV Sig=2 t=87 u=51/43
SKIPISO t=87 u=51/43
MWRANK u=52 r=4 gens=2
FIBSURV Sig=2 t=67/51 u=52
SKIPISO t=67/51 u=52
MWRANK u=-52/11 r=1 gens=2
FIBSURV Sig=2 t=-113/63 u=-52/11
SKIPISO t=-113/63 u=-52/11
MWRANK u=-52/7 r=2 gens=2
FIBSURV Sig=2 t=-53/59 u=-52/7
SKIPISO t=-53/59 u=-52/7
MWRANK u=52/5 r=2 gens=2
FIBSURV Sig=2 t=127/47 u=52/5
SKIPISO t=127/47 u=52/5
MWRANK u=-52 r=2 gens=2
FIBSURV Sig=2 t=37/53 u=-52
SKIPISO t=37/53 u=-52
MWRANK u=52/3 r=2 gens=2
FIBSURV Sig=2 t=97/49 u=52/3
SKIPISO t=97/49 u=52/3
MWRANK u=-52/3 r=2 gens=2
FIBSURV Sig=2 t=7/55 u=-52/3
SKIPISO t=7/55 u=-52/3
MWRANK u=-52/5 r=2 gens=2
FIBSURV Sig=2 t=-23/57 u=-52/5
SKIPISO t=-23/57 u=-52/5
MWRANK u=-52/9 r=2 gens=2
FIBSURV Sig=2 t=-83/61 u=-52/9
SKIPISO t=-83/61 u=-52/9
MWRANK u=-19/53 r=2 gens=2
FIBSURV Sig=2 t=-97/9 u=-19/53
SKIPISO t=-97/9 u=-19/53
MWRANK u=53/17 r=1 gens=2
FIBSURV Sig=2 t=77/9 u=53/17
SKIPISO t=77/9 u=53/17
MWRANK u=53/13 r=1 gens=2
FIBSURV Sig=2 t=31/5 u=53/13
SKIPISO t=31/5 u=53/13
MWRANK u=53/5 r=1 gens=2
FIBSURV Sig=2 t=8/3 u=53/5
SKIPISO t=8/3 u=53/5
MWRANK u=-53/43 r=1 gens=2
FIBSURV Sig=2 t=-37/6 u=-53/43
SKIPISO t=-37/6 u=-53/43
MWRANK u=-53/51 r=1 gens=2
FIBSURV Sig=2 t=-89/13 u=-53/51
SKIPISO t=-89/13 u=-53/51
MWRANK u=45/53 r=3 gens=2
FIBSURV Sig=2 t=-105 u=45/53
SKIPISO t=-105 u=45/53
MWRANK u=53/25 r=1 gens=2
FIBSURV Sig=2 t=107/7 u=53/25
SKIPISO t=107/7 u=53/25
MWRANK u=-53/17 r=2 gens=2
FIBSURV Sig=2 t=-101/35 u=-53/17
SKIPISO t=-101/35 u=-53/17
MWRANK u=53/6 r=3 gens=2
FIBSURV Sig=2 t=143/47 u=53/6
SKIPISO t=143/47 u=53/6
MWRANK u=53/29 r=1 gens=2
FIBSURV Sig=2 t=61/3 u=53/29
SKIPISO t=61/3 u=53/29
MWRANK u=53/45 r=2 gens=2
FIBSURV Sig=2 t=91 u=53/45
SKIPISO t=91 u=53/45
MWRANK u=53/11 r=2 gens=2
FIBSURV Sig=2 t=109/21 u=53/11
SKIPISO t=109/21 u=53/11
MWRANK u=53/21 r=2 gens=2
FIBSURV Sig=2 t=23/2 u=53/21
SKIPISO t=23/2 u=53/21
MWRANK u=-53/4 r=4 gens=2
FIBSURV Sig=2 t=-7/57 u=-53/4
SKIPISO t=-7/57 u=-53/4
MWRANK u=53/9 r=2 gens=2
FIBSURV Sig=2 t=47/11 u=53/9
SKIPISO t=47/11 u=53/9
MWRANK u=-35/53 r=1 gens=2
FIBSURV Sig=2 t=-95/11 u=-35/53
SKIPISO t=-95/11 u=-35/53
MWRANK u=53/15 r=2 gens=2
FIBSURV Sig=2 t=139/19 u=53/15
SKIPISO t=139/19 u=53/15
MWRANK u=-53/8 r=2 gens=2
FIBSURV Sig=2 t=-67/61 u=-53/8
SKIPISO t=-67/61 u=-53/8
MWRANK u=-43/53 r=4 gens=2
FIBSURV Sig=2 t=-47/6 u=-43/53
SKIPISO t=-47/6 u=-43/53
MWRANK u=-53/10 r=2 gens=2
FIBSURV Sig=2 t=-97/63 u=-53/10
SKIPISO t=-97/63 u=-53/10
MWRANK u=-53/21 r=1 gens=2
FIBSURV Sig=2 t=-131/37 u=-53/21
SKIPISO t=-131/37 u=-53/21
MWRANK u=-53/11 r=1 gens=2
FIBSURV Sig=2 t=-7/4 u=-53/11
SKIPISO t=-7/4 u=-53/11
MWRANK u=-53/9 r=2 gens=2
FIBSURV Sig=2 t=-41/31 u=-53/9
SKIPISO t=-41/31 u=-53/9
MWRANK u=-51/53 r=1 gens=2
FIBSURV Sig=2 t=-93/13 u=-51/53
SKIPISO t=-93/13 u=-51/53
MWRANK u=13/53 r=2 gens=2
FIBSURV Sig=2 t=-101/5 u=13/53
SKIPISO t=-101/5 u=13/53
MWRANK u=53/7 r=2 gens=2
FIBSURV Sig=2 t=79/23 u=53/7
SKIPISO t=79/23 u=53/7
MWRANK u=-27/53 r=2 gens=2
FIBSURV Sig=2 t=-48/5 u=-27/53
SKIPISO t=-48/5 u=-27/53
MWRANK u=-53/6 r=2 gens=2
FIBSURV Sig=2 t=-37/59 u=-53/6
SKIPISO t=-37/59 u=-53/6
MWRANK u=53 r=3 gens=2
FIBSURV Sig=2 t=17/13 u=53
SKIPISO t=17/13 u=53
MWRANK u=-53/12 r=2 gens=2
FIBSURV Sig=2 t=-127/65 u=-53/12
SKIPISO t=-127/65 u=-53/12
MWRANK u=53/3 r=2 gens=2
FIBSURV Sig=2 t=49/25 u=53/3
SKIPISO t=49/25 u=53/3
MWRANK u=53/33 r=3 gens=2
FIBSURV Sig=2 t=137/5 u=53/33
SKIPISO t=137/5 u=53/33
MWRANK u=-53/19 r=1 gens=2
FIBSURV Sig=2 t=-29/9 u=-53/19
SKIPISO t=-29/9 u=-53/19
MWRANK u=29/53 r=2 gens=2
FIBSURV Sig=2 t=-103/3 u=29/53
SKIPISO t=-103/3 u=29/53
MWRANK u=37/53 r=2 gens=2
FIBSURV Sig=2 t=-52 u=37/53
SKIPISO t=-52 u=37/53
MWRANK u=21/53 r=3 gens=2
FIBSURV Sig=2 t=-51/2 u=21/53
SKIPISO t=-51/2 u=21/53
MWRANK u=-53/2 r=2 gens=2
FIBSURV Sig=2 t=23/55 u=-53/2
SKIPISO t=23/55 u=-53/2
MWRANK u=-53/15 r=2 gens=2
FIBSURV Sig=2 t=-43/17 u=-53/15
SKIPISO t=-43/17 u=-53/15
MWRANK u=-53/13 r=2 gens=2
FIBSURV Sig=2 t=-71/33 u=-53/13
SKIPISO t=-71/33 u=-53/13
MWRANK u=-53/7 r=2 gens=2
FIBSURV Sig=2 t=-13/15 u=-53/7
SKIPISO t=-13/15 u=-53/7
MWRANK u=-53/3 r=1 gens=2
FIBSURV Sig=2 t=1/7 u=-53/3
SKIPISO t=1/7 u=-53/3
MWRANK u=-53/27 r=2 gens=2
FIBSURV Sig=2 t=-22/5 u=-53/27
SKIPISO t=-22/5 u=-53/27
MWRANK u=53/2 r=2 gens=2
FIBSURV Sig=2 t=83/51 u=53/2
SKIPISO t=83/51 u=53/2
MWRANK u=53/4 r=2 gens=2
FIBSURV Sig=2 t=113/49 u=53/4
SKIPISO t=113/49 u=53/4
MWRANK u=-3/53 r=1 gens=2
FIBSURV Sig=2 t=-99/7 u=-3/53
SKIPISO t=-99/7 u=-3/53
MWRANK u=-53/35 r=2 gens=2
FIBSURV Sig=2 t=-59/11 u=-53/35
SKIPISO t=-59/11 u=-53/35
MWRANK u=-53 r=2 gens=2
FIBSURV Sig=2 t=19/27 u=-53
SKIPISO t=19/27 u=-53
MWRANK u=-11/53 r=2 gens=2
FIBSURV Sig=2 t=-49/4 u=-11/53
SKIPISO t=-49/4 u=-11/53
MWSKIP u=53/37 bounds=[1,3]
FIBSURV Sig=2 t=38 u=53/37
SKIPISO t=38 u=53/37
MWRANK u=-53/39 r=2 gens=2
FIBSURV Sig=2 t=-133/23 u=-53/39
SKIPISO t=-133/23 u=-53/39
MWRANK u=5/53 r=2 gens=2
FIBSURV Sig=2 t=-50/3 u=5/53
SKIPISO t=-50/3 u=5/53
MWRANK u=-53/23 r=4 gens=2
FIBSURV Sig=2 t=-73/19 u=-53/23
SKIPISO t=-73/19 u=-53/23
MWRANK u=-53/31 r=2 gens=2
FIBSURV Sig=2 t=-103/21 u=-53/31
SKIPISO t=-103/21 u=-53/31
MWRANK u=-54/5 r=2 gens=2
FIBSURV Sig=2 t=-21/59 u=-54/5
SKIPISO t=-21/59 u=-54/5
MWRANK u=-54/7 r=2 gens=2
FIBSURV Sig=2 t=-51/61 u=-54/7
SKIPISO t=-51/61 u=-54/7
MWRANK u=-54 r=2 gens=2
FIBSURV Sig=2 t=39/55 u=-54
SKIPISO t=39/55 u=-54
MWRANK u=-54/13 r=2 gens=2
FIBSURV Sig=2 t=-141/67 u=-54/13
SKIPISO t=-141/67 u=-54/13
MWRANK u=-54/11 r=2 gens=2
FIBSURV Sig=2 t=-111/65 u=-54/11
SKIPISO t=-111/65 u=-54/11
MWRANK u=54/5 r=2 gens=2
FIBSURV Sig=2 t=129/49 u=54/5
SKIPISO t=129/49 u=54/5
MWRANK u=54 r=2 gens=2
FIBSURV Sig=2 t=69/53 u=54
SKIPISO t=69/53 u=54
MWRANK u=-55/4 r=2 gens=2
FIBSURV Sig=2 t=-5/59 u=-55/4
SKIPISO t=-5/59 u=-55/4
MWRANK u=-55/12 r=2 gens=2
FIBSURV Sig=2 t=-125/67 u=-55/12
SKIPISO t=-125/67 u=-55/12
MWRANK u=-55/9 r=1 gens=2
FIBSURV Sig=2 t=-5/4 u=-55/9
SKIPISO t=-5/4 u=-55/9
MWRANK u=55/27 r=1 gens=2
FIBSURV Sig=2 t=115/7 u=55/27
SKIPISO t=115/7 u=55/27
MWRANK u=55/6 r=2 gens=2
FIBSURV Sig=2 t=145/49 u=55/6
SKIPISO t=145/49 u=55/6
MWRANK u=-55/7 r=1 gens=2
FIBSURV Sig=2 t=-25/31 u=-55/7
SKIPISO t=-25/31 u=-55/7
MWRANK u=47/55 r=2 gens=2
FIBSURV Sig=2 t=-109 u=47/55
SKIPISO t=-109 u=47/55
MWRANK u=55/39 r=3 gens=2
FIBSURV Sig=2 t=40 u=55/39
SKIPISO t=40 u=55/39
MWRANK u=-41/55 r=1 gens=2
FIBSURV Sig=2 t=-49/6 u=-41/55
SKIPISO t=-49/6 u=-41/55
MWRANK u=55/4 r=2 gens=2
FIBSURV Sig=2 t=115/51 u=55/4
SKIPISO t=115/51 u=55/4
MWRANK u=-55/13 r=1 gens=2
FIBSURV Sig=2 t=-35/17 u=-55/13
SKIPISO t=-35/17 u=-55/13
MWRANK u=-55/6 r=2 gens=2
FIBSURV Sig=2 t=-35/61 u=-55/6
SKIPISO t=-35/61 u=-55/6
MWRANK u=-55/3 r=2 gens=2
FIBSURV Sig=2 t=5/29 u=-55/3
SKIPISO t=5/29 u=-55/3
MWRANK u=55/2 r=2 gens=2
FIBSURV Sig=2 t=85/53 u=55/2
SKIPISO t=85/53 u=55/2
MWRANK u=55 r=2 gens=2
FIBSURV Sig=2 t=35/27 u=55
SKIPISO t=35/27 u=55
MWRANK u=39/55 r=2 gens=2
FIBSURV Sig=2 t=-54 u=39/55
SKIPISO t=-54 u=39/55
MWRANK u=-55/29 r=2 gens=2
FIBSURV Sig=2 t=-95/21 u=-55/29
SKIPISO t=-95/21 u=-55/29
MWRANK u=-9/55 r=2 gens=2
FIBSURV Sig=2 t=-51/4 u=-9/55
SKIPISO t=-51/4 u=-9/55
MWRANK u=55/13 r=2 gens=2
FIBSURV Sig=2 t=125/21 u=55/13
SKIPISO t=125/21 u=55/13
MWRANK u=-55/37 r=2 gens=2
FIBSURV Sig=2 t=-125/23 u=-55/37
SKIPISO t=-125/23 u=-55/37
MWRANK u=-55/41 r=1 gens=2
FIBSURV Sig=2 t=-35/6 u=-55/41
SKIPISO t=-35/6 u=-55/41
MWRANK u=-55/8 r=3 gens=2
FIBSURV Sig=2 t=-65/63 u=-55/8
SKIPISO t=-65/63 u=-55/8
MWRANK u=55/19 r=2 gens=2
FIBSURV Sig=2 t=85/9 u=55/19
SKIPISO t=85/9 u=55/19
MWRANK u=-55/21 r=2 gens=2
FIBSURV Sig=2 t=-65/19 u=-55/21
SKIPISO t=-65/19 u=-55/21
MWRANK u=-17/55 r=2 gens=2
FIBSURV Sig=2 t=-101/9 u=-17/55
SKIPISO t=-101/9 u=-17/55
MWRANK u=-49/55 r=2 gens=2
FIBSURV Sig=2 t=-97/13 u=-49/55
SKIPISO t=-97/13 u=-49/55
MWRANK u=55/9 r=1 gens=2
FIBSURV Sig=2 t=95/23 u=55/9
SKIPISO t=95/23 u=55/9
MWRANK u=-55/49 r=2 gens=2
FIBSURV Sig=2 t=-85/13 u=-55/49
SKIPISO t=-85/13 u=-55/49
MWRANK u=-1/55 r=2 gens=2
FIBSURV Sig=2 t=-103/7 u=-1/55
SKIPISO t=-103/7 u=-1/55
MWRANK u=-55/19 r=1 gens=2
FIBSURV Sig=2 t=-115/37 u=-55/19
SKIPISO t=-115/37 u=-55/19
MWRANK u=55/23 r=2 gens=2
FIBSURV Sig=2 t=25/2 u=55/23
SKIPISO t=25/2 u=55/23
MWRANK u=55/47 r=2 gens=2
FIBSURV Sig=2 t=95 u=55/47
SKIPISO t=95 u=55/47
MWRANK u=31/55 r=2 gens=2
FIBSURV Sig=2 t=-107/3 u=31/55
SKIPISO t=-107/3 u=31/55
MWRANK u=7/55 r=2 gens=2
FIBSURV Sig=2 t=-52/3 u=7/55
SKIPISO t=-52/3 u=7/55
MWRANK u=23/55 r=3 gens=2
FIBSURV Sig=2 t=-53/2 u=23/55
SKIPISO t=-53/2 u=23/55
MWRANK u=-55/23 r=1 gens=2
FIBSURV Sig=2 t=-145/39 u=-55/23
SKIPISO t=-145/39 u=-55/23
MWRANK u=55/31 r=2 gens=2
FIBSURV Sig=2 t=65/3 u=55/31
SKIPISO t=65/3 u=55/31
MWRANK u=-55 r=1 gens=2
FIBSURV Sig=2 t=5/7 u=-55
SKIPISO t=5/7 u=-55
MWRANK u=56/3 r=2 gens=2
FIBSURV Sig=2 t=101/53 u=56/3
SKIPISO t=101/53 u=56/3
MWRANK u=-56/11 r=2 gens=2
FIBSURV Sig=2 t=-109/67 u=-56/11
SKIPISO t=-109/67 u=-56/11
MWRANK u=-56/3 r=2 gens=2
FIBSURV Sig=2 t=11/59 u=-56/3
SKIPISO t=11/59 u=-56/3
MWRANK u=56/5 r=2 gens=2
FIBSURV Sig=2 t=131/51 u=56/5
SKIPISO t=131/51 u=56/5
MWRANK u=56 r=2 gens=2
FIBSURV Sig=2 t=71/55 u=56
SKIPISO t=71/55 u=56
MWRANK u=-56/5 r=2 gens=2
FIBSURV Sig=2 t=-19/61 u=-56/5
SKIPISO t=-19/61 u=-56/5
MWRANK u=-56 r=2 gens=2
FIBSURV Sig=2 t=41/57 u=-56
SKIPISO t=41/57 u=-56
MWRANK u=-56/13 r=2 gens=2
FIBSURV Sig=2 t=-139/69 u=-56/13
SKIPISO t=-139/69 u=-56/13
MWRANK u=-56/9 r=2 gens=2
FIBSURV Sig=2 t=-79/65 u=-56/9
SKIPISO t=-79/65 u=-56/9
MWRANK u=49/57 r=2 gens=2
FIBSURV Sig=2 t=-113 u=49/57
SKIPISO t=-113 u=49/57
MWRANK u=-57/10 r=1 gens=2
FIBSURV Sig=2 t=-93/67 u=-57/10
SKIPISO t=-93/67 u=-57/10
MWRANK u=-57/31 r=2 gens=2
FIBSURV Sig=2 t=-51/11 u=-57/31
SKIPISO t=-51/11 u=-57/31
MWRANK u=57/7 r=1 gens=2
FIBSURV Sig=2 t=81/25 u=57/7
SKIPISO t=81/25 u=57/7
MWRANK u=-23/57 r=2 gens=2
FIBSURV Sig=2 t=-52/5 u=-23/57
SKIPISO t=-52/5 u=-23/57
MWRANK u=-7/57 r=2 gens=2
FIBSURV Sig=2 t=-53/4 u=-7/57
SKIPISO t=-53/4 u=-7/57
MWRANK u=-47/57 r=2 gens=2
FIBSURV Sig=2 t=-101/13 u=-47/57
SKIPISO t=-101/13 u=-47/57
MWRANK u=57/2 r=2 gens=2
FIBSURV Sig=2 t=87/55 u=57/2
SKIPISO t=87/55 u=57/2
MWRANK u=-57/8 r=2 gens=2
FIBSURV Sig=2 t=-63/65 u=-57/8
SKIPISO t=-63/65 u=-57/8
MWRANK u=-57 r=2 gens=2
FIBSURV Sig=2 t=21/29 u=-57
SKIPISO t=21/29 u=-57
MWRANK u=-57/2 r=2 gens=2
FIBSURV Sig=2 t=27/59 u=-57/2
SKIPISO t=27/59 u=-57/2
MWRANK u=57/13 r=2 gens=2
FIBSURV Sig=2 t=63/11 u=57/13
SKIPISO t=63/11 u=57/13
MWRANK u=1/57 r=2 gens=2
FIBSURV Sig=2 t=-107/7 u=1/57
SKIPISO t=-107/7 u=1/57
MWRANK u=57/49 r=2 gens=2
FIBSURV Sig=2 t=99 u=57/49
SKIPISO t=99 u=57/49
MWRANK u=-31/57 r=1 gens=2
FIBSURV Sig=2 t=-103/11 u=-31/57
SKIPISO t=-103/11 u=-31/57
MWRANK u=-57/17 r=2 gens=2
FIBSURV Sig=2 t=-99/37 u=-57/17
SKIPISO t=-99/37 u=-57/17
MWRANK u=-57/43 r=2 gens=2
FIBSURV Sig=2 t=-147/25 u=-57/43
SKIPISO t=-147/25 u=-57/43
MWRANK u=57/25 r=1 gens=2
FIBSURV Sig=2 t=27/2 u=57/25
SKIPISO t=27/2 u=57/25
MWRANK u=57/17 r=1 gens=2
FIBSURV Sig=2 t=39/5 u=57/17
SKIPISO t=39/5 u=57/17
MWRANK u=-57/47 r=3 gens=2
FIBSURV Sig=2 t=-81/13 u=-57/47
SKIPISO t=-81/13 u=-57/47
MWRANK u=-57/4 r=2 gens=2
FIBSURV Sig=2 t=-3/61 u=-57/4
SKIPISO t=-3/61 u=-57/4
MWRANK u=57/11 r=1 gens=2
FIBSURV Sig=2 t=111/23 u=57/11
SKIPISO t=111/23 u=57/11
MWRANK u=-57/5 r=2 gens=2
FIBSURV Sig=2 t=-9/31 u=-57/5
SKIPISO t=-9/31 u=-57/5
MWRANK u=-55/57 r=2 gens=2
FIBSURV Sig=2 t=-50/7 u=-55/57
SKIPISO t=-50/7 u=-55/57
MWRANK u=-57/11 r=1 gens=2
FIBSURV Sig=2 t=-27/17 u=-57/11
SKIPISO t=-27/17 u=-57/11
MWSKIP u=41/57 bounds=[1,2]
FIBSURV Sig=2 t=-56 u=41/57
SKIPISO t=-56 u=41/57
MWRANK u=-57/13 r=2 gens=2
FIBSURV Sig=2 t=-69/35 u=-57/13
SKIPISO t=-69/35 u=-57/13
MWRANK u=57/29 r=1 gens=2
FIBSURV Sig=2 t=123/7 u=57/29
SKIPISO t=123/7 u=57/29
MWRANK u=25/57 r=3 gens=2
FIBSURV Sig=2 t=-55/2 u=25/57
SKIPISO t=-55/2 u=25/57
MWRANK u=-57/7 r=1 gens=2
FIBSURV Sig=2 t=-3/4 u=-57/7
SKIPISO t=-3/4 u=-57/7
MWRANK u=-57/23 r=2 gens=2
FIBSURV Sig=2 t=-18/5 u=-57/23
SKIPISO t=-18/5 u=-57/23
MWRANK u=57/4 r=2 gens=2
FIBSURV Sig=2 t=117/53 u=57/4
SKIPISO t=117/53 u=57/4
MWRANK u=-57/35 r=2 gens=2
FIBSURV Sig=2 t=-117/23 u=-57/35
SKIPISO t=-117/23 u=-57/35
MWRANK u=-57/55 r=2 gens=2
FIBSURV Sig=2 t=-48/7 u=-57/55
SKIPISO t=-48/7 u=-57/55
MWRANK u=57/41 r=3 gens=2
FIBSURV Sig=2 t=42 u=57/41
SKIPISO t=42 u=57/41
MWRANK u=17/57 r=2 gens=2
FIBSURV Sig=2 t=-109/5 u=17/57
SKIPISO t=-109/5 u=17/57
MWRANK u=-58/3 r=2 gens=2
FIBSURV Sig=2 t=13/61 u=-58/3
SKIPISO t=13/61 u=-58/3
MWRANK u=58 r=2 gens=2
FIBSURV Sig=2 t=73/57 u=58
SKIPISO t=73/57 u=58
MWRANK u=-58/5 r=1 gens=2
FIBSURV Sig=2 t=-17/63 u=-58/5
SKIPISO t=-17/63 u=-58/5
MWRANK u=-58 r=1 gens=2
FIBSURV Sig=2 t=43/59 u=-58
SKIPISO t=43/59 u=-58
MWRANK u=-58/11 r=2 gens=2
FIBSURV Sig=2 t=-107/69 u=-58/11
SKIPISO t=-107/69 u=-58/11
MWRANK u=58/5 r=2 gens=2
FIBSURV Sig=2 t=133/53 u=58/5
SKIPISO t=133/53 u=58/5
MWRANK u=58/3 r=2 gens=2
FIBSURV Sig=2 t=103/55 u=58/3
SKIPISO t=103/55 u=58/3
MWRANK u=-58/9 r=2 gens=2
FIBSURV Sig=2 t=-77/67 u=-58/9
SKIPISO t=-77/67 u=-58/9
MWRANK u=-58/7 r=4 gens=2
FIBSURV Sig=2 t=-47/65 u=-58/7
SKIPISO t=-47/65 u=-58/7
MWRANK u=-58/13 r=2 gens=2
FIBSURV Sig=2 t=-137/71 u=-58/13
SKIPISO t=-137/71 u=-58/13
MWRANK u=-59/9 r=2 gens=2
FIBSURV Sig=2 t=-19/17 u=-59/9
SKIPISO t=-19/17 u=-59/9
MWSKIP u=-37/59 bounds=[1,3]
FIBSURV Sig=2 t=-53/6 u=-37/59
SKIPISO t=-53/6 u=-37/59
MWRANK u=59/19 r=2 gens=2
FIBSURV Sig=2 t=43/5 u=59/19
SKIPISO t=43/5 u=59/19
MWRANK u=59/13 r=2 gens=2
FIBSURV Sig=2 t=127/23 u=59/13
SKIPISO t=127/23 u=59/13
MWRANK u=59/2 r=2 gens=2
FIBSURV Sig=2 t=89/57 u=59/2
SKIPISO t=89/57 u=59/2
MWRANK u=-59/10 r=2 gens=2
FIBSURV Sig=2 t=-91/69 u=-59/10
SKIPISO t=-91/69 u=-59/10
MWRANK u=27/59 r=1 gens=2
FIBSURV Sig=2 t=-57/2 u=27/59
SKIPISO t=-57/2 u=27/59
MWRANK u=-59/15 r=2 gens=2
FIBSURV Sig=2 t=-83/37 u=-59/15
SKIPISO t=-83/37 u=-59/15
MWRANK u=-59/2 r=2 gens=2
FIBSURV Sig=2 t=29/61 u=-59/2
SKIPISO t=29/61 u=-59/2
MWRANK u=-59 r=1 gens=2
FIBSURV Sig=2 t=11/15 u=-59
SKIPISO t=11/15 u=-59
MWRANK u=-59/19 r=2 gens=2
FIBSURV Sig=2 t=-113/39 u=-59/19
SKIPISO t=-113/39 u=-59/19
MWRANK u=59 r=2 gens=2
FIBSURV Sig=2 t=37/29 u=59
SKIPISO t=37/29 u=59
MWRANK u=-59/29 r=2 gens=2
FIBSURV Sig=2 t=-47/11 u=-59/29
SKIPISO t=-47/11 u=-59/29
MWRANK u=-21/59 r=2 gens=2
FIBSURV Sig=2 t=-54/5 u=-21/59
SKIPISO t=-54/5 u=-21/59
MWRANK u=-59/11 r=2 gens=2
FIBSURV Sig=2 t=-53/35 u=-59/11
SKIPISO t=-53/35 u=-59/11
MWRANK u=59/11 r=2 gens=2
FIBSURV Sig=2 t=14/3 u=59/11
SKIPISO t=14/3 u=59/11
MWRANK u=59/23 r=2 gens=2
FIBSURV Sig=2 t=101/9 u=59/23
SKIPISO t=101/9 u=59/23
MWRANK u=19/59 r=1 gens=2
FIBSURV Sig=2 t=-113/5 u=19/59
SKIPISO t=-113/5 u=19/59
MWRANK u=59/15 r=3 gens=2
FIBSURV Sig=2 t=71/11 u=59/15
SKIPISO t=71/11 u=59/15
MWRANK u=35/59 r=2 gens=2
FIBSURV Sig=2 t=-115/3 u=35/59
SKIPISO t=-115/3 u=35/59
MWRANK u=-59/17 r=1 gens=2
FIBSURV Sig=2 t=-49/19 u=-59/17
SKIPISO t=-49/19 u=-59/17
MWRANK u=-59/23 r=3 gens=2
FIBSURV Sig=2 t=-143/41 u=-59/23
SKIPISO t=-143/41 u=-59/23
MWRANK u=-59/6 r=2 gens=2
FIBSURV Sig=2 t=-31/65 u=-59/6
SKIPISO t=-31/65 u=-59/6
MWRANK u=59/9 r=3 gens=2
FIBSURV Sig=2 t=97/25 u=59/9
SKIPISO t=97/25 u=59/9
MWRANK u=-53/59 r=2 gens=2
FIBSURV Sig=2 t=-52/7 u=-53/59
SKIPISO t=-52/7 u=-53/59
MWRANK u=51/59 r=2 gens=2
FIBSURV Sig=2 t=-117 u=51/59
SKIPISO t=-117 u=51/59
MWRANK u=-59/12 r=2 gens=2
FIBSURV Sig=2 t=-121/71 u=-59/12
SKIPISO t=-121/71 u=-59/12
MWRANK u=3/59 r=2 gens=2
FIBSURV Sig=2 t=-111/7 u=3/59
SKIPISO t=-111/7 u=3/59
MWRANK u=-59/7 r=2 gens=2
FIBSURV Sig=2 t=-23/33 u=-59/7
SKIPISO t=-23/33 u=-59/7
MWRANK u=-13/59 r=3 gens=2
FIBSURV Sig=2 t=-109/9 u=-13/59
SKIPISO t=-109/9 u=-13/59
MWRANK u=-59/21 r=4 gens=2
FIBSURV Sig=2 t=-16/5 u=-59/21
SKIPISO t=-16/5 u=-59/21
MWRANK u=59/6 r=2 gens=2
FIBSURV Sig=2 t=149/53 u=59/6
SKIPISO t=149/53 u=59/6
MWRANK u=-59/4 r=2 gens=2
FIBSURV Sig=2 t=-1/63 u=-59/4
SKIPISO t=-1/63 u=-59/4
MWRANK u=59/27 r=2 gens=2
FIBSURV Sig=2 t=29/2 u=59/27
SKIPISO t=29/2 u=59/27
MWRANK u=-59/53 r=2 gens=2
FIBSURV Sig=2 t=-46/7 u=-59/53
SKIPISO t=-46/7 u=-59/53
MWRANK u=59/31 r=2 gens=2
FIBSURV Sig=2 t=131/7 u=59/31
SKIPISO t=131/7 u=59/31
MWRANK u=59/7 r=2 gens=2
FIBSURV Sig=2 t=41/13 u=59/7
SKIPISO t=41/13 u=59/7
MWRANK u=59/35 r=1 gens=2
FIBSURV Sig=2 t=73/3 u=59/35
SKIPISO t=73/3 u=59/35
MWRANK u=-59/33 r=3 gens=2
FIBSURV Sig=2 t=-109/23 u=-59/33
SKIPISO t=-109/23 u=-59/33
MWRANK u=-59/8 r=1 gens=2
FIBSURV Sig=2 t=-61/67 u=-59/8
SKIPISO t=-61/67 u=-59/8
MWRANK u=47/59 r=2 gens=2
MWRANK u=-59/25 r=2 gens=2
FIBSURV Sig=2 t=-79/21 u=-59/25
SKIPISO t=-79/21 u=-59/25
MWRANK u=59/51 r=1 gens=2
FIBSURV Sig=2 t=103 u=59/51
SKIPISO t=103 u=59/51
MWRANK u=-59/45 r=2 gens=2
FIBSURV Sig=2 t=-77/13 u=-59/45
SKIPISO t=-77/13 u=-59/45
MWRANK u=-59/37 r=2 gens=2
FIBSURV Sig=2 t=-31/6 u=-59/37
SKIPISO t=-31/6 u=-59/37
MWRANK u=-45/59 r=2 gens=2
FIBSURV Sig=2 t=-105/13 u=-45/59
SKIPISO t=-105/13 u=-45/59
MWRANK u=59/43 r=1 gens=2
FIBSURV Sig=2 t=44 u=59/43
SKIPISO t=44 u=59/43
MWRANK u=59/4 r=2 gens=2
FIBSURV Sig=2 t=119/55 u=59/4
SKIPISO t=119/55 u=59/4
MWRANK u=43/59 r=2 gens=2
FIBSURV Sig=2 t=-58 u=43/59
SKIPISO t=-58 u=43/59
MWRANK u=-29/59 r=2 gens=2
FIBSURV Sig=2 t=-107/11 u=-29/59
SKIPISO t=-107/11 u=-29/59
MWRANK u=59/5 r=2 gens=2
FIBSURV Sig=2 t=67/27 u=59/5
SKIPISO t=67/27 u=59/5
MWRANK u=-5/59 r=2 gens=2
FIBSURV Sig=2 t=-55/4 u=-5/59
SKIPISO t=-55/4 u=-5/59
MWRANK u=59/3 r=1 gens=2
FIBSURV Sig=2 t=13/7 u=59/3
SKIPISO t=13/7 u=59/3
MWRANK u=-59/41 r=2 gens=2
FIBSURV Sig=2 t=-139/25 u=-59/41
SKIPISO t=-139/25 u=-59/41
MWRANK u=11/59 r=2 gens=2
FIBSURV Sig=2 t=-56/3 u=11/59
SKIPISO t=-56/3 u=11/59
MWRANK u=-60/13 r=2 gens=2
FIBSURV Sig=2 t=-135/73 u=-60/13
SKIPISO t=-135/73 u=-60/13
MWRANK u=-60 r=2 gens=2
FIBSURV Sig=2 t=45/61 u=-60
SKIPISO t=45/61 u=-60
MWRANK u=-60/11 r=2 gens=2
FIBSURV Sig=2 t=-105/71 u=-60/11
SKIPISO t=-105/71 u=-60/11
MWRANK u=60 r=2 gens=2
FIBSURV Sig=2 t=75/59 u=60
SKIPISO t=75/59 u=60
MWRANK u=-60/7 r=2 gens=2
FIBSURV Sig=2 t=-45/67 u=-60/7
SKIPISO t=-45/67 u=-60/7
MWRANK u=-61/59 r=2 gens=2
FIBSURV Sig=2 t=-103/15 u=-61/59
SKIPISO t=-103/15 u=-61/59
MWRANK u=-61/6 r=2 gens=2
FIBSURV Sig=2 t=-29/67 u=-61/6
SKIPISO t=-29/67 u=-61/6
MWRANK u=-61/39 r=2 gens=2
FIBSURV Sig=2 t=-131/25 u=-61/39
SKIPISO t=-131/25 u=-61/39
MWRANK u=-61/7 r=2 gens=2
FIBSURV Sig=2 t=-11/17 u=-61/7
SKIPISO t=-11/17 u=-61/7
MWRANK u=61/9 r=2 gens=2
FIBSURV Sig=2 t=49/13 u=61/9
SKIPISO t=49/13 u=61/9
MWRANK u=-61/9 r=2 gens=2
FIBSURV Sig=2 t=-37/35 u=-61/9
SKIPISO t=-37/35 u=-61/9
MWRANK u=13/61 r=4 gens=2
FIBSURV Sig=2 t=-58/3 u=13/61
SKIPISO t=-58/3 u=13/61
MWRANK u=-61/23 r=2 gens=2
FIBSURV Sig=2 t=-71/21 u=-61/23
SKIPISO t=-71/21 u=-61/23
MWRANK u=21/61 r=2 gens=2
FIBSURV Sig=2 t=-117/5 u=21/61
SKIPISO t=-117/5 u=21/61
MWRANK u=61/13 r=1 gens=2
FIBSURV Sig=2 t=16/3 u=61/13
SKIPISO t=16/3 u=61/13
MWRANK u=61/33 r=1 gens=2
FIBSURV Sig=2 t=139/7 u=61/33
SKIPISO t=139/7 u=61/33
MWRANK u=-61/19 r=1 gens=2
FIBSURV Sig=2 t=-14/5 u=-61/19
SKIPISO t=-14/5 u=-61/19
MWRANK u=61/3 r=4 gens=2
FIBSURV Sig=2 t=53/29 u=61/3
SKIPISO t=53/29 u=61/3
MWRANK u=-61/51 r=2 gens=2
FIBSURV Sig=2 t=-44/7 u=-61/51
SKIPISO t=-44/7 u=-61/51
MWRANK u=-61/11 r=2 gens=2
FIBSURV Sig=2 t=-13/9 u=-61/11
SKIPISO t=-13/9 u=-61/11
MWRANK u=37/61 r=1 gens=2
FIBSURV Sig=2 t=-119/3 u=37/61
SKIPISO t=-119/3 u=37/61
MWRANK u=-61/8 r=2 gens=2
FIBSURV Sig=2 t=-59/69 u=-61/8
SKIPISO t=-59/69 u=-61/8
MWRANK u=61/11 r=1 gens=2
FIBSURV Sig=2 t=113/25 u=61/11
SKIPISO t=113/25 u=61/11
MWRANK u=61 r=1 gens=2
FIBSURV Sig=2 t=19/15 u=61
SKIPISO t=19/15 u=61
MWRANK u=-61/43 r=2 gens=2
FIBSURV Sig=2 t=-73/13 u=-61/43
SKIPISO t=-73/13 u=-61/43
MWSKIP u=-19/61 bounds=[1,3]
FIBSURV Sig=2 t=-56/5 u=-19/61
SKIPISO t=-56/5 u=-19/61
MWRANK u=-11/61 r=1 gens=2
FIBSURV Sig=2 t=-113/9 u=-11/61
SKIPISO t=-113/9 u=-11/61
MWRANK u=-35/61 r=2 gens=2
FIBSURV Sig=2 t=-55/6 u=-35/61
SKIPISO t=-55/6 u=-35/61
MWRANK u=61/29 r=2 gens=2
FIBSURV Sig=2 t=31/2 u=61/29
SKIPISO t=31/2 u=61/29
MWRANK u=-61/27 r=2 gens=2
FIBSURV Sig=2 t=-43/11 u=-61/27
SKIPISO t=-43/11 u=-61/27
MWRANK u=61/21 r=2 gens=2
FIBSURV Sig=2 t=47/5 u=61/21
SKIPISO t=47/5 u=61/21
MWRANK u=-27/61 r=2 gens=2
FIBSURV Sig=2 t=-111/11 u=-27/61
SKIPISO t=-111/11 u=-27/61
MWRANK u=61/53 r=2 gens=2
FIBSURV Sig=2 t=107 u=61/53
SKIPISO t=107 u=61/53
MWRANK u=-61/31 r=1 gens=2
FIBSURV Sig=2 t=-101/23 u=-61/31
SKIPISO t=-101/23 u=-61/31
MWRANK u=61/25 r=2 gens=2
FIBSURV Sig=2 t=109/9 u=61/25
SKIPISO t=109/9 u=61/25
MWRANK u=61/37 r=1 gens=2
FIBSURV Sig=2 t=77/3 u=61/37
SKIPISO t=77/3 u=61/37
MWRANK u=-3/61 r=2 gens=2
FIBSURV Sig=2 t=-57/4 u=-3/61
SKIPISO t=-57/4 u=-3/61
MWRANK u=-61/21 r=1 gens=2
FIBSURV Sig=2 t=-127/41 u=-61/21
SKIPISO t=-127/41 u=-61/21
MWRANK u=-61/13 r=2 gens=2
FIBSURV Sig=2 t=-67/37 u=-61/13
SKIPISO t=-67/37 u=-61/13
MWRANK u=53/61 r=1 gens=2
FIBSURV Sig=2 t=-121 u=53/61
SKIPISO t=-121 u=53/61
MWSKIP u=29/61 bounds=[1,3]
FIBSURV Sig=2 t=-59/2 u=29/61
SKIPISO t=-59/2 u=29/61
MWRANK u=-59/61 r=3 gens=2
FIBSURV Sig=2 t=-107/15 u=-59/61
SKIPISO t=-107/15 u=-59/61
MWRANK u=61/45 r=3 gens=2
FIBSURV Sig=2 t=46 u=61/45
SKIPISO t=46 u=61/45
MWRANK u=61/15 r=2 gens=2
FIBSURV Sig=2 t=143/23 u=61/15
SKIPISO t=143/23 u=61/15
MWRANK u=-51/61 r=2 gens=2
FIBSURV Sig=2 t=-54/7 u=-51/61
SKIPISO t=-54/7 u=-51/61
MWRANK u=5/61 r=2 gens=2
FIBSURV Sig=2 t=-115/7 u=5/61
SKIPISO t=-115/7 u=5/61
MWRANK u=61/7 r=1 gens=2
FIBSURV Sig=2 t=83/27 u=61/7
SKIPISO t=83/27 u=61/7
MWRANK u=-61/3 r=3 gens=2
FIBSURV Sig=2 t=1/4 u=-61/3
SKIPISO t=1/4 u=-61/3
MWRANK u=-61/5 r=2 gens=2
FIBSURV Sig=2 t=-7/33 u=-61/5
SKIPISO t=-7/33 u=-61/5
MWRANK u=-61/14 r=2 gens=2
FIBSURV Sig=2 t=-149/75 u=-61/14
SKIPISO t=-149/75 u=-61/14
MWRANK u=-61 r=2 gens=2
FIBSURV Sig=2 t=23/31 u=-61
SKIPISO t=23/31 u=-61
MWRANK u=-43/61 r=2 gens=2
FIBSURV Sig=2 t=-109/13 u=-43/61
SKIPISO t=-109/13 u=-43/61
MWRANK u=-61/10 r=2 gens=2
FIBSURV Sig=2 t=-89/71 u=-61/10
SKIPISO t=-89/71 u=-61/10
MWRANK u=-61/4 r=1 gens=2
FIBSURV Sig=2 t=1/65 u=-61/4
SKIPISO t=1/65 u=-61/4
MWRANK u=61/2 r=2 gens=2
FIBSURV Sig=2 t=91/59 u=61/2
SKIPISO t=91/59 u=61/2
MWRANK u=-61/2 r=3 gens=2
FIBSURV Sig=2 t=31/63 u=-61/2
SKIPISO t=31/63 u=-61/2
MWRANK u=-61/17 r=2 gens=2
FIBSURV Sig=2 t=-97/39 u=-61/17
SKIPISO t=-97/39 u=-61/17
MWRANK u=61/17 r=1 gens=2
FIBSURV Sig=2 t=79/11 u=61/17
SKIPISO t=79/11 u=61/17
MWRANK u=61/4 r=2 gens=2
FIBSURV Sig=2 t=121/57 u=61/4
SKIPISO t=121/57 u=61/4
MWSKIP u=-61/35 bounds=[1,3]
FIBSURV Sig=2 t=-29/6 u=-61/35
SKIPISO t=-29/6 u=-61/35
MWRANK u=-62/9 r=2 gens=2
FIBSURV Sig=2 t=-73/71 u=-62/9
SKIPISO t=-73/71 u=-62/9
MWRANK u=-62/7 r=2 gens=2
FIBSURV Sig=2 t=-43/69 u=-62/7
SKIPISO t=-43/69 u=-62/7
MWSKIP u=-62/13 bounds=[1,2]
FIBSURV Sig=2 t=-133/75 u=-62/13
SKIPISO t=-133/75 u=-62/13
MWRANK u=62 r=2 gens=2
FIBSURV Sig=2 t=77/61 u=62
SKIPISO t=77/61 u=62
MWSKIP u=-62/3 bounds=[2,4]
FIBSURV Sig=2 t=17/65 u=-62/3
SKIPISO t=17/65 u=-62/3
MWRANK u=-62 r=2 gens=2
FIBSURV Sig=2 t=47/63 u=-62
SKIPISO t=47/63 u=-62
MWRANK u=-62/11 r=2 gens=2
FIBSURV Sig=2 t=-103/73 u=-62/11
SKIPISO t=-103/73 u=-62/11
MWRANK u=62/3 r=2 gens=2
FIBSURV Sig=2 t=107/59 u=62/3
SKIPISO t=107/59 u=62/3
MWRANK u=62/5 r=2 gens=2
FIBSURV Sig=2 t=137/57 u=62/5
SKIPISO t=137/57 u=62/5
MWRANK u=-62/5 r=2 gens=2
FIBSURV Sig=2 t=-13/67 u=-62/5
SKIPISO t=-13/67 u=-62/5
MWRANK u=55/63 r=3 gens=2
FIBSURV Sig=2 t=-125 u=55/63
SKIPISO t=-125 u=55/63
MWRANK u=-63 r=1 gens=2
FIBSURV Sig=2 t=3/4 u=-63
SKIPISO t=3/4 u=-63
MWRANK u=-63/19 r=2 gens=2
FIBSURV Sig=2 t=-111/41 u=-63/19
SKIPISO t=-111/41 u=-63/19
MWRANK u=-63/25 r=1 gens=2
FIBSURV Sig=2 t=-39/11 u=-63/25
SKIPISO t=-39/11 u=-63/25
MWRANK u=31/63 r=2 gens=2
FIBSURV Sig=2 t=-61/2 u=31/63
SKIPISO t=-61/2 u=31/63
MWSKIP u=23/63 bounds=[1,3]
FIBSURV Sig=2 t=-121/5 u=23/63
SKIPISO t=-121/5 u=23/63
MWSKIP u=-25/63 bounds=[2,4]
FIBSURV Sig=2 t=-115/11 u=-25/63
SKIPISO t=-115/11 u=-25/63
MWRANK u=-63/13 r=1 gens=2
FIBSURV Sig=2 t=-33/19 u=-63/13
SKIPISO t=-33/19 u=-63/13
MWRANK u=63/13 r=1 gens=2
FIBSURV Sig=2 t=129/25 u=63/13
SKIPISO t=129/25 u=63/13
MWRANK u=63/4 r=1 gens=2
FIBSURV Sig=2 t=123/59 u=63/4
SKIPISO t=123/59 u=63/4
MWRANK u=-63/37 r=2 gens=2
FIBSURV Sig=2 t=-123/25 u=-63/37
SKIPISO t=-123/25 u=-63/37
MWRANK u=-63/4 r=2 gens=2
FIBSURV Sig=2 t=3/67 u=-63/4
SKIPISO t=3/67 u=-63/4
MWRANK u=63/19 r=2 gens=2
FIBSURV Sig=2 t=87/11 u=63/19
SKIPISO t=87/11 u=63/19
MWRANK u=-17/63 r=2 gens=2
FIBSURV Sig=2 t=-58/5 u=-17/63
SKIPISO t=-58/5 u=-17/63
MWRANK u=63/11 r=1 gens=2
FIBSURV Sig=2 t=57/13 u=63/11
SKIPISO t=57/13 u=63/11
MWRANK u=63/23 r=1 gens=2
FIBSURV Sig=2 t=51/5 u=63/23
SKIPISO t=51/5 u=63/23
MWRANK u=63/47 r=1 gens=2
FIBSURV Sig=2 t=48 u=63/47
SKIPISO t=48 u=63/47
MWRANK u=63/2 r=2 gens=2
FIBSURV Sig=2 t=93/61 u=63/2
SKIPISO t=93/61 u=63/2
MWRANK u=-63/8 r=2 gens=2
FIBSURV Sig=2 t=-57/71 u=-63/8
SKIPISO t=-57/71 u=-63/8
MWRANK u=-63/23 r=2 gens=2
FIBSURV Sig=2 t=-141/43 u=-63/23
SKIPISO t=-141/43 u=-63/23
MWRANK u=-63/5 r=2 gens=2
FIBSURV Sig=2 t=-3/17 u=-63/5
SKIPISO t=-3/17 u=-63/5
MWRANK u=-63/17 r=1 gens=2
FIBSURV Sig=2 t=-12/5 u=-63/17
SKIPISO t=-12/5 u=-63/17
MWRANK u=-1/63 r=2 gens=2
FIBSURV Sig=2 t=-59/4 u=-1/63
SKIPISO t=-59/4 u=-1/63
MWRANK u=63/55 r=1 gens=2
FIBSURV Sig=2 t=111 u=63/55
SKIPISO t=111 u=63/55
MWRANK u=-63/41 r=1 gens=2
FIBSURV Sig=2 t=-69/13 u=-63/41
SKIPISO t=-69/13 u=-63/41
MWRANK u=-63/29 r=2 gens=2
FIBSURV Sig=2 t=-93/23 u=-63/29
SKIPISO t=-93/23 u=-63/29
MWRANK u=47/63 r=2 gens=2
FIBSURV Sig=2 t=-62 u=47/63
SKIPISO t=-62 u=47/63
MWRANK u=-63/11 r=2 gens=2
FIBSURV Sig=2 t=-51/37 u=-63/11
SKIPISO t=-51/37 u=-63/11
MWRANK u=63 r=2 gens=2
FIBSURV Sig=2 t=39/31 u=63
SKIPISO t=39/31 u=63
MWRANK u=-63/10 r=2 gens=2
FIBSURV Sig=2 t=-87/73 u=-63/10
SKIPISO t=-87/73 u=-63/10
MWRANK u=-41/63 r=2 gens=2
FIBSURV Sig=2 t=-113/13 u=-41/63
SKIPISO t=-113/13 u=-41/63
MWRANK u=63/31 r=1 gens=2
FIBSURV Sig=2 t=33/2 u=63/31
SKIPISO t=33/2 u=63/31
MWRANK u=-64/3 r=2 gens=2
FIBSURV Sig=2 t=19/67 u=-64/3
SKIPISO t=19/67 u=-64/3
MWRANK u=64 r=1 gens=2
FIBSURV Sig=2 t=79/63 u=64
SKIPISO t=79/63 u=64
MWRANK u=64/3 r=2 gens=2
FIBSURV Sig=2 t=109/61 u=64/3
SKIPISO t=109/61 u=64/3
MWRANK u=-64/5 r=2 gens=2
FIBSURV Sig=2 t=-11/69 u=-64/5
SKIPISO t=-11/69 u=-64/5
MWRANK u=-64/11 r=2 gens=2
FIBSURV Sig=2 t=-101/75 u=-64/11
SKIPISO t=-101/75 u=-64/11
MWRANK u=-64/7 r=2 gens=2
FIBSURV Sig=2 t=-41/71 u=-64/7
SKIPISO t=-41/71 u=-64/7
MWRANK u=-64/13 r=2 gens=2
FIBSURV Sig=2 t=-131/77 u=-64/13
SKIPISO t=-131/77 u=-64/13
MWRANK u=64/5 r=2 gens=2
FIBSURV Sig=2 t=139/59 u=64/5
SKIPISO t=139/59 u=64/5
MWRANK u=-64/9 r=2 gens=2
FIBSURV Sig=2 t=-71/73 u=-64/9
SKIPISO t=-71/73 u=-64/9
MWRANK u=-64 r=2 gens=2
FIBSURV Sig=2 t=49/65 u=-64
SKIPISO t=49/65 u=-64
MWRANK u=65/57 r=1 gens=2
FIBSURV Sig=2 t=115 u=65/57
SKIPISO t=115 u=65/57
MWRANK u=9/65 r=2 gens=2
FIBSURV Sig=2 t=-123/7 u=9/65
SKIPISO t=-123/7 u=9/65
MWRANK u=49/65 r=2 gens=2
FIBSURV Sig=2 t=-64 u=49/65
SKIPISO t=-64 u=49/65
MWRANK u=65/29 r=1 gens=2
FIBSURV Sig=2 t=125/9 u=65/29
SKIPISO t=125/9 u=65/29
MWRANK u=65/11 r=1 gens=2
FIBSURV Sig=2 t=115/27 u=65/11
SKIPISO t=115/27 u=65/11
MWRANK u=-65/21 r=2 gens=2
FIBSURV Sig=2 t=-125/43 u=-65/21
SKIPISO t=-125/43 u=-65/21
MWRANK u=65/3 r=2 gens=2
FIBSURV Sig=2 t=55/31 u=65/3
SKIPISO t=55/31 u=65/3
MWRANK u=-65/4 r=2 gens=2
FIBSURV Sig=2 t=5/69 u=-65/4
SKIPISO t=5/69 u=-65/4
MWSKIP u=65/4 bounds=[1,3]
FIBSURV Sig=2 t=125/61 u=65/4
SKIPISO t=125/61 u=65/4
MWRANK u=-65/23 r=3 gens=2
FIBSURV Sig=2 t=-35/11 u=-65/23
SKIPISO t=-35/11 u=-65/23
MWRANK u=-65/7 r=1 gens=2
FIBSURV Sig=2 t=-5/9 u=-65/7
SKIPISO t=-5/9 u=-65/7
MWRANK u=65/7 r=2 gens=2
FIBSURV Sig=2 t=85/29 u=65/7
SKIPISO t=85/29 u=65/7
MWRANK u=-65/6 r=2 gens=2
FIBSURV Sig=2 t=-25/71 u=-65/6
SKIPISO t=-25/71 u=-65/6
MWRANK u=-65/19 r=2 gens=2
FIBSURV Sig=2 t=-55/21 u=-65/19
SKIPISO t=-55/21 u=-65/19
MWRANK u=-65/63 r=3 gens=2
FIBSURV Sig=2 t=-55/8 u=-65/63
SKIPISO t=-55/8 u=-65/63
MWRANK u=41/65 r=1 gens=2
FIBSURV Sig=2 t=-127/3 u=41/65
SKIPISO t=-127/3 u=41/65
MWRANK u=-65/27 r=2 gens=2
FIBSURV Sig=2 t=-85/23 u=-65/27
SKIPISO t=-85/23 u=-65/27
MWRANK u=-65/31 r=1 gens=2
FIBSURV Sig=2 t=-25/6 u=-65/31
SKIPISO t=-25/6 u=-65/31
MWRANK u=1/65 r=2 gens=2
FIBSURV Sig=2 t=-61/4 u=1/65
SKIPISO t=-61/4 u=1/65
MWRANK u=-65 r=2 gens=2
FIBSURV Sig=2 t=25/33 u=-65
SKIPISO t=25/33 u=-65
MWRANK u=65/21 r=2 gens=2
FIBSURV Sig=2 t=95/11 u=65/21
SKIPISO t=95/11 u=65/21
MWRANK u=65/2 r=2 gens=2
FIBSURV Sig=2 t=95/63 u=65/2
SKIPISO t=95/63 u=65/2
MWSKIP u=-31/65 bounds=[1,3]
FIBSURV Sig=2 t=-59/6 u=-31/65
SKIPISO t=-59/6 u=-31/65
MWRANK u=-7/65 r=2 gens=2
FIBSURV Sig=2 t=-121/9 u=-7/65
SKIPISO t=-121/9 u=-7/65
MWRANK u=-65/47 r=2 gens=2
FIBSURV Sig=2 t=-40/7 u=-65/47
SKIPISO t=-40/7 u=-65/47
MWRANK u=65/41 r=1 gens=2
FIBSURV Sig=2 t=85/3 u=65/41
SKIPISO t=85/3 u=65/41
MWRANK u=-23/65 r=3 gens=2
FIBSURV Sig=2 t=-119/11 u=-23/65
SKIPISO t=-119/11 u=-23/65
MWRANK u=-47/65 r=2 gens=2
FIBSURV Sig=2 t=-58/7 u=-47/65
SKIPISO t=-58/7 u=-47/65
MWRANK u=-65/12 r=2 gens=2
FIBSURV Sig=2 t=-115/77 u=-65/12
SKIPISO t=-115/77 u=-65/12
MWRANK u=-65/3 r=3 gens=2
FIBSURV Sig=2 t=5/17 u=-65/3
SKIPISO t=5/17 u=-65/3
MWRANK u=65/33 r=1 gens=2
FIBSURV Sig=2 t=35/2 u=65/33
SKIPISO t=35/2 u=65/33
MWRANK u=-65/11 r=1 gens=2
FIBSURV Sig=2 t=-25/19 u=-65/11
SKIPISO t=-25/19 u=-65/11
MWRANK u=-63/65 r=3 gens=2
FIBSURV Sig=2 t=-57/8 u=-63/65
SKIPISO t=-57/8 u=-63/65
MWRANK u=-65/9 r=2 gens=2
FIBSURV Sig=2 t=-35/37 u=-65/9
SKIPISO t=-35/37 u=-65/9
MWRANK u=-65/43 r=2 gens=2
FIBSURV Sig=2 t=-145/27 u=-65/43
SKIPISO t=-145/27 u=-65/43
MWRANK u=17/65 r=2 gens=2
FIBSURV Sig=2 t=-62/3 u=17/65
SKIPISO t=-62/3 u=17/65
MWRANK u=-65/14 r=2 gens=2
FIBSURV Sig=2 t=-145/79 u=-65/14
SKIPISO t=-145/79 u=-65/14
MWRANK u=65 r=1 gens=2
FIBSURV Sig=2 t=5/4 u=65
SKIPISO t=5/4 u=65
MWRANK u=-65/2 r=2 gens=2
FIBSURV Sig=2 t=35/67 u=-65/2
SKIPISO t=35/67 u=-65/2
MWRANK u=-65/8 r=2 gens=2
FIBSURV Sig=2 t=-55/73 u=-65/8
SKIPISO t=-55/73 u=-65/8
MWRANK u=65/17 r=1 gens=2
FIBSURV Sig=2 t=20/3 u=65/17
SKIPISO t=20/3 u=65/17
MWRANK u=65/9 r=2 gens=2
FIBSURV Sig=2 t=25/7 u=65/9
SKIPISO t=25/7 u=65/9
MWRANK u=-65/17 r=2 gens=2
FIBSURV Sig=2 t=-95/41 u=-65/17
SKIPISO t=-95/41 u=-65/17
MWRANK u=33/65 r=3 gens=2
FIBSURV Sig=2 t=-63/2 u=33/65
SKIPISO t=-63/2 u=33/65
MWRANK u=57/65 r=2 gens=2
FIBSURV Sig=2 t=-129 u=57/65
SKIPISO t=-129 u=57/65
MWRANK u=65/49 r=1 gens=2
FIBSURV Sig=2 t=50 u=65/49
SKIPISO t=50 u=65/49
MWRANK u=-66/13 r=1 gens=2
FIBSURV Sig=2 t=-129/79 u=-66/13
SKIPISO t=-129/79 u=-66/13
MWRANK u=66/17 r=2 gens=2
FIBSURV Sig=2 t=321/49 u=66/17
SKIPISO t=321/49 u=66/17
MWRANK u=-66 r=2 gens=2
FIBSURV Sig=2 t=51/67 u=-66
SKIPISO t=51/67 u=-66
MWRANK u=-66/7 r=2 gens=2
FIBSURV Sig=2 t=-39/73 u=-66/7
SKIPISO t=-39/73 u=-66/7
MWRANK u=-66/5 r=2 gens=2
FIBSURV Sig=2 t=-9/71 u=-66/5
SKIPISO t=-9/71 u=-66/5
MWRANK u=66 r=2 gens=2
FIBSURV Sig=2 t=81/65 u=66
SKIPISO t=81/65 u=66
MWRANK u=67/13 r=1 gens=2
FIBSURV Sig=2 t=131/27 u=67/13
SKIPISO t=131/27 u=67/13
MWRANK u=67/15 r=1 gens=2
FIBSURV Sig=2 t=73/13 u=67/15
SKIPISO t=73/13 u=67/15
MWRANK u=-67 r=3 gens=2
FIBSURV Sig=2 t=13/17 u=-67
SKIPISO t=13/17 u=-67
MWRANK u=-67/7 r=2 gens=2
FIBSURV Sig=2 t=-19/37 u=-67/7
SKIPISO t=-19/37 u=-67/7
MWRANK u=-13/67 r=2 gens=2
FIBSURV Sig=2 t=-62/5 u=-13/67
SKIPISO t=-62/5 u=-13/67
MWRANK u=23/67 r=4 gens=2
MWRANK u=-67/61 r=1 gens=2
FIBSURV Sig=2 t=-53/8 u=-67/61
SKIPISO t=-53/8 u=-67/61
MWRANK u=-67/29 r=2 gens=2
FIBSURV Sig=2 t=-23/6 u=-67/29
SKIPISO t=-23/6 u=-67/29
MWRANK u=-67/17 r=3 gens=2
FIBSURV Sig=2 t=-47/21 u=-67/17
SKIPISO t=-47/21 u=-67/17
MWRANK u=67 r=2 gens=2
FIBSURV Sig=2 t=41/33 u=67
SKIPISO t=41/33 u=67
MWRANK u=67/9 r=1 gens=2
FIBSURV Sig=2 t=101/29 u=67/9
SKIPISO t=101/29 u=67/9
MWRANK u=-67/13 r=3 gens=2
FIBSURV Sig=2 t=-8/5 u=-67/13
SKIPISO t=-8/5 u=-67/13
MWRANK u=-67/19 r=2 gens=2
FIBSURV Sig=2 t=-109/43 u=-67/19
SKIPISO t=-109/43 u=-67/19
MWRANK u=-67/2 r=2 gens=2
FIBSURV Sig=2 t=37/69 u=-67/2
SKIPISO t=37/69 u=-67/2
MWRANK u=67/27 r=3 gens=2
FIBSURV Sig=2 t=59/5 u=67/27
SKIPISO t=59/5 u=67/27
MWRANK u=59/67 r=3 gens=2
FIBSURV Sig=2 t=-133 u=59/67
SKIPISO t=-133 u=59/67
MWRANK u=67/5 r=2 gens=2
FIBSURV Sig=2 t=71/31 u=67/5
SKIPISO t=71/31 u=67/5
MWRANK u=3/67 r=2 gens=2
FIBSURV Sig=2 t=-63/4 u=3/67
SKIPISO t=-63/4 u=3/67
MWRANK u=67/51 r=1 gens=2
FIBSURV Sig=2 t=52 u=67/51
SKIPISO t=52 u=67/51
MWRANK u=-67/9 r=3 gens=2
FIBSURV Sig=2 t=-17/19 u=-67/9
SKIPISO t=-17/19 u=-67/9
MWRANK u=-67/23 r=2 gens=2
FIBSURV Sig=2 t=-139/45 u=-67/23
SKIPISO t=-139/45 u=-67/23
MWRANK u=-67/21 r=1 gens=2
FIBSURV Sig=2 t=-31/11 u=-67/21
SKIPISO t=-31/11 u=-67/21
MWRANK u=67/43 r=1 gens=2
FIBSURV Sig=2 t=89/3 u=67/43
SKIPISO t=89/3 u=67/43
MWRANK u=-67/8 r=2 gens=2
FIBSURV Sig=2 t=-53/75 u=-67/8
SKIPISO t=-53/75 u=-67/8
MWRANK u=-67/37 r=1 gens=2
FIBSURV Sig=2 t=-61/13 u=-67/37
SKIPISO t=-61/13 u=-67/37
MWRANK u=-67/15 r=2 gens=2
FIBSURV Sig=2 t=-79/41 u=-67/15
SKIPISO t=-79/41 u=-67/15
MWRANK u=67/59 r=1 gens=2
FIBSURV Sig=2 t=119 u=67/59
SKIPISO t=119 u=67/59
MWRANK u=-37/67 r=3 gens=2
FIBSURV Sig=2 t=-121/13 u=-37/67
SKIPISO t=-121/13 u=-37/67
MWRANK u=-67/45 r=2 gens=2
FIBSURV Sig=2 t=-38/7 u=-67/45
SKIPISO t=-38/7 u=-67/45
MWRANK u=19/67 r=2 gens=2
FIBSURV Sig=2 t=-64/3 u=19/67
SKIPISO t=-64/3 u=19/67
MWRANK u=67/11 r=1 gens=2
FIBSURV Sig=2 t=29/7 u=67/11
SKIPISO t=29/7 u=67/11
MWRANK u=27/67 r=2 gens=2
FIBSURV Sig=2 t=-129/5 u=27/67
SKIPISO t=-129/5 u=27/67
MWRANK u=-67/10 r=1 gens=2
FIBSURV Sig=2 t=-83/77 u=-67/10
SKIPISO t=-83/77 u=-67/10
MWRANK u=-67/41 r=2 gens=2
FIBSURV Sig=2 t=-137/27 u=-67/41
SKIPISO t=-137/27 u=-67/41
MWRANK u=67/3 r=1 gens=2
FIBSURV Sig=2 t=7/4 u=67/3
SKIPISO t=7/4 u=67/3
MWRANK u=-61/67 r=2 gens=2
FIBSURV Sig=2 t=-59/8 u=-61/67
SKIPISO t=-59/8 u=-61/67
MWRANK u=67/4 r=1 gens=2
FIBSURV Sig=2 t=127/63 u=67/4
SKIPISO t=127/63 u=67/4
MWRANK u=-67/11 r=2 gens=2
FIBSURV Sig=2 t=-49/39 u=-67/11
SKIPISO t=-49/39 u=-67/11
MWRANK u=-67/25 r=2 gens=2
FIBSURV Sig=2 t=-77/23 u=-67/25
SKIPISO t=-77/23 u=-67/25
MWRANK u=43/67 r=2 gens=2
FIBSURV Sig=2 t=-131/3 u=43/67
SKIPISO t=-131/3 u=43/67
MWRANK u=-29/67 r=3 gens=2
FIBSURV Sig=2 t=-61/6 u=-29/67
SKIPISO t=-61/6 u=-29/67
MWRANK u=67/35 r=2 gens=2
FIBSURV Sig=2 t=37/2 u=67/35
SKIPISO t=37/2 u=67/35
MWRANK u=-53/67 r=2 gens=2
FIBSURV Sig=2 t=-119/15 u=-53/67
SKIPISO t=-119/15 u=-53/67
MWRANK u=-67/33 r=1 gens=2
FIBSURV Sig=2 t=-107/25 u=-67/33
SKIPISO t=-107/25 u=-67/33
MWRANK u=-67/12 r=2 gens=2
FIBSURV Sig=2 t=-113/79 u=-67/12
SKIPISO t=-113/79 u=-67/12
MWRANK u=-67/53 r=2 gens=2
FIBSURV Sig=2 t=-91/15 u=-67/53
SKIPISO t=-91/15 u=-67/53
MWRANK u=11/67 r=1 gens=2
FIBSURV Sig=2 t=-127/7 u=11/67
SKIPISO t=-127/7 u=11/67
MWRANK u=67/7 r=1 gens=2
FIBSURV Sig=2 t=43/15 u=67/7
SKIPISO t=43/15 u=67/7
MWRANK u=-67/6 r=2 gens=2
FIBSURV Sig=2 t=-23/73 u=-67/6
SKIPISO t=-23/73 u=-67/6
MWRANK u=-67/3 r=2 gens=2
FIBSURV Sig=2 t=11/35 u=-67/3
SKIPISO t=11/35 u=-67/3
MWRANK u=67/31 r=1 gens=2
FIBSURV Sig=2 t=133/9 u=67/31
SKIPISO t=133/9 u=67/31
MWRANK u=35/67 r=1 gens=2
FIBSURV Sig=2 t=-65/2 u=35/67
SKIPISO t=-65/2 u=35/67
MWRANK u=67/23 r=3 gens=2
FIBSURV Sig=2 t=103/11 u=67/23
SKIPISO t=103/11 u=67/23
MWRANK u=-5/67 r=2 gens=2
FIBSURV Sig=2 t=-125/9 u=-5/67
SKIPISO t=-125/9 u=-5/67
MWRANK u=-67/4 r=2 gens=2
FIBSURV Sig=2 t=7/71 u=-67/4
SKIPISO t=7/71 u=-67/4
MWRANK u=-67/14 r=1 gens=2
FIBSURV Sig=2 t=-143/81 u=-67/14
SKIPISO t=-143/81 u=-67/14
MWRANK u=-67/5 r=1 gens=2
FIBSURV Sig=2 t=-1/9 u=-67/5
SKIPISO t=-1/9 u=-67/5
MWRANK u=-21/67 r=2 gens=2
FIBSURV Sig=2 t=-123/11 u=-21/67
SKIPISO t=-123/11 u=-21/67
MWRANK u=51/67 r=2 gens=2
FIBSURV Sig=2 t=-66 u=51/67
SKIPISO t=-66 u=51/67
MWRANK u=-68/9 r=2 gens=2
FIBSURV Sig=2 t=-67/77 u=-68/9
SKIPISO t=-67/77 u=-68/9
MWRANK u=-68/7 r=2 gens=2
FIBSURV Sig=2 t=-37/75 u=-68/7
SKIPISO t=-37/75 u=-68/7
MWRANK u=-68/13 r=2 gens=2
FIBSURV Sig=2 t=-127/81 u=-68/13
SKIPISO t=-127/81 u=-68/13
MWRANK u=-68 r=2 gens=2
FIBSURV Sig=2 t=53/69 u=-68
SKIPISO t=53/69 u=-68
MWRANK u=-68/11 r=2 gens=2
FIBSURV Sig=2 t=-97/79 u=-68/11
SKIPISO t=-97/79 u=-68/11
MWRANK u=68/3 r=2 gens=2
FIBSURV Sig=2 t=113/65 u=68/3
SKIPISO t=113/65 u=68/3
MWRANK u=68 r=2 gens=2
FIBSURV Sig=2 t=83/67 u=68
SKIPISO t=83/67 u=68
MWRANK u=-68/5 r=2 gens=2
FIBSURV Sig=2 t=-7/73 u=-68/5
SKIPISO t=-7/73 u=-68/5
MWRANK u=68/5 r=2 gens=2
FIBSURV Sig=2 t=143/63 u=68/5
SKIPISO t=143/63 u=68/5
MWSKIP u=-68/3 bounds=[1,2]
FIBSURV Sig=2 t=23/71 u=-68/3
SKIPISO t=23/71 u=-68/3
MWRANK u=-69/43 r=2 gens=2
FIBSURV Sig=2 t=-36/7 u=-69/43
SKIPISO t=-36/7 u=-69/43
MWRANK u=-35/69 r=2 gens=2
FIBSURV Sig=2 t=-125/13 u=-35/69
SKIPISO t=-125/13 u=-35/69
MWRANK u=-69 r=2 gens=2
FIBSURV Sig=2 t=27/35 u=-69
SKIPISO t=27/35 u=-69
MWRANK u=69/11 r=1 gens=2
FIBSURV Sig=2 t=117/29 u=69/11
SKIPISO t=117/29 u=69/11
MWRANK u=69 r=1 gens=2
FIBSURV Sig=2 t=21/17 u=69
SKIPISO t=21/17 u=69
MWRANK u=-69/17 r=2 gens=2
FIBSURV Sig=2 t=-93/43 u=-69/17
SKIPISO t=-93/43 u=-69/17
MWRANK u=61/69 r=2 gens=2
FIBSURV Sig=2 t=-137 u=61/69
SKIPISO t=-137 u=61/69
MWRANK u=-69/31 r=2 gens=2
FIBSURV Sig=2 t=-99/25 u=-69/31
SKIPISO t=-99/25 u=-69/31
MWRANK u=5/69 r=2 gens=2
FIBSURV Sig=2 t=-65/4 u=5/69
SKIPISO t=-65/4 u=5/69
MWRANK u=-69/13 r=2 gens=2
FIBSURV Sig=2 t=-63/41 u=-69/13
SKIPISO t=-63/41 u=-69/13
MWRANK u=-59/69 r=3 gens=2
FIBSURV Sig=2 t=-61/8 u=-59/69
SKIPISO t=-61/8 u=-59/69
MWRANK u=-69/14 r=2 gens=2
FIBSURV Sig=2 t=-141/83 u=-69/14
SKIPISO t=-141/83 u=-69/14
MWRANK u=29/69 r=2 gens=2
FIBSURV Sig=2 t=-133/5 u=29/69
SKIPISO t=-133/5 u=29/69
MWRANK u=69/7 r=2 gens=2
FIBSURV Sig=2 t=87/31 u=69/7
SKIPISO t=87/31 u=69/7
MWRANK u=-11/69 r=4 gens=2
FIBSURV Sig=2 t=-64/5 u=-11/69
SKIPISO t=-64/5 u=-11/69
MWRANK u=-69/59 r=1 gens=2
FIBSURV Sig=2 t=-51/8 u=-69/59
SKIPISO t=-51/8 u=-69/59
MWRANK u=-69/2 r=2 gens=2
FIBSURV Sig=2 t=39/71 u=-69/2
SKIPISO t=39/71 u=-69/2
MWRANK u=-69/11 r=1 gens=2
FIBSURV Sig=2 t=-6/5 u=-69/11
SKIPISO t=-6/5 u=-69/11
MWSKIP u=-69/67 bounds=[1,3]
FIBSURV Sig=2 t=-117/17 u=-69/67
SKIPISO t=-117/17 u=-69/67
MWRANK u=13/69 r=3 gens=2
FIBSURV Sig=2 t=-131/7 u=13/69
SKIPISO t=-131/7 u=13/69
MWRANK u=-69/19 r=1 gens=2
FIBSURV Sig=2 t=-27/11 u=-69/19
SKIPISO t=-27/11 u=-69/19
MWRANK u=-69/8 r=2 gens=2
FIBSURV Sig=2 t=-51/77 u=-69/8
SKIPISO t=-51/77 u=-69/8
MWRANK u=69/19 r=2 gens=2
FIBSURV Sig=2 t=177/25 u=69/19
SKIPISO t=177/25 u=69/19
MWRANK u=-67/69 r=2 gens=2
FIBSURV Sig=2 t=-121/17 u=-67/69
SKIPISO t=-121/17 u=-67/69
MWRANK u=-43/69 r=2 gens=2
FIBSURV Sig=2 t=-62/7 u=-43/69
SKIPISO t=-62/7 u=-43/69
MWRANK u=-69/5 r=1 gens=2
FIBSURV Sig=2 t=-3/37 u=-69/5
SKIPISO t=-3/37 u=-69/5
MWRANK u=53/69 r=2 gens=2
FIBSURV Sig=2 t=-68 u=53/69
SKIPISO t=-68 u=53/69
MWRANK u=37/69 r=1 gens=2
FIBSURV Sig=2 t=-67/2 u=37/69
SKIPISO t=-67/2 u=37/69
MWRANK u=-69/7 r=3 gens=2
FIBSURV Sig=2 t=-9/19 u=-69/7
SKIPISO t=-9/19 u=-69/7
MWRANK u=-69/4 r=2 gens=2
FIBSURV Sig=2 t=9/73 u=-69/4
SKIPISO t=9/73 u=-69/4
MWRANK u=69/4 r=2 gens=2
FIBSURV Sig=2 t=129/65 u=69/4
SKIPISO t=129/65 u=69/4
MWRANK u=69/29 r=1 gens=2
FIBSURV Sig=2 t=63/5 u=69/29
SKIPISO t=63/5 u=69/29
MWRANK u=69/61 r=2 gens=2
FIBSURV Sig=2 t=123 u=69/61
SKIPISO t=123 u=69/61
MWRANK u=69/13 r=2 gens=2
FIBSURV Sig=2 t=33/7 u=69/13
SKIPISO t=33/7 u=69/13
MWRANK u=69/37 r=2 gens=2
FIBSURV Sig=2 t=39/2 u=69/37
SKIPISO t=39/2 u=69/37
MWRANK u=-69/35 r=2 gens=2
FIBSURV Sig=2 t=-57/13 u=-69/35
SKIPISO t=-57/13 u=-69/35
MWRANK u=69/5 r=1 gens=2
FIBSURV Sig=2 t=9/4 u=69/5
SKIPISO t=9/4 u=69/5
MWRANK u=-69/10 r=2 gens=2
FIBSURV Sig=2 t=-81/79 u=-69/10
SKIPISO t=-81/79 u=-69/10
MWRANK u=-19/69 r=2 gens=2
FIBSURV Sig=2 t=-127/11 u=-19/69
SKIPISO t=-127/11 u=-19/69
MWRANK u=69/2 r=2 gens=2
FIBSURV Sig=2 t=99/67 u=69/2
SKIPISO t=99/67 u=69/2
MWRANK u=69/25 r=3 gens=2
FIBSURV Sig=2 t=111/11 u=69/25
SKIPISO t=111/11 u=69/25
MWRANK u=70 r=2 gens=2
FIBSURV Sig=2 t=85/69 u=70
SKIPISO t=85/69 u=70
MWRANK u=-70 r=2 gens=2
FIBSURV Sig=2 t=55/71 u=-70
SKIPISO t=55/71 u=-70
MWRANK u=-70/13 r=2 gens=2
FIBSURV Sig=2 t=-125/83 u=-70/13
SKIPISO t=-125/83 u=-70/13
MWRANK u=-70/11 r=1 gens=2
FIBSURV Sig=2 t=-95/81 u=-70/11
SKIPISO t=-95/81 u=-70/11
MWRANK u=-70/3 r=2 gens=2
FIBSURV Sig=2 t=25/73 u=-70/3
SKIPISO t=25/73 u=-70/3
MWRANK u=70/3 r=2 gens=2
FIBSURV Sig=2 t=115/67 u=70/3
SKIPISO t=115/67 u=70/3
MWSKIP u=-70/9 bounds=[1,2]
FIBSURV Sig=2 t=-65/79 u=-70/9
SKIPISO t=-65/79 u=-70/9
MWRANK u=71/11 r=2 gens=2
FIBSURV Sig=2 t=59/15 u=71/11
SKIPISO t=59/15 u=71/11
MWRANK u=-71/21 r=3 gens=2
FIBSURV Sig=2 t=-61/23 u=-71/21
SKIPISO t=-61/23 u=-71/21
MWRANK u=71/7 r=1 gens=2
FIBSURV Sig=2 t=11/4 u=71/7
SKIPISO t=11/4 u=71/7
MWRANK u=71/4 r=2 gens=2
FIBSURV Sig=2 t=131/67 u=71/4
SKIPISO t=131/67 u=71/4
MWRANK u=-71/11 r=1 gens=2
FIBSURV Sig=2 t=-47/41 u=-71/11
SKIPISO t=-47/41 u=-71/11
MWRANK u=-9/71 r=2 gens=2
FIBSURV Sig=2 t=-66/5 u=-9/71
SKIPISO t=-66/5 u=-9/71
MWRANK u=-71 r=2 gens=2
FIBSURV Sig=2 t=7/9 u=-71
SKIPISO t=7/9 u=-71
MWRANK u=71/5 r=2 gens=2
FIBSURV Sig=2 t=73/33 u=71/5
SKIPISO t=73/33 u=71/5
MWRANK u=-71/4 r=2 gens=2
FIBSURV Sig=2 t=11/75 u=-71/4
SKIPISO t=11/75 u=-71/4
MWRANK u=-71/25 r=1 gens=2
FIBSURV Sig=2 t=-19/6 u=-71/25
SKIPISO t=-19/6 u=-71/25
MWSKIP u=-25/71 bounds=[1,3]
FIBSURV Sig=2 t=-65/6 u=-25/71
SKIPISO t=-65/6 u=-25/71
MWRANK u=71/9 r=1 gens=2
FIBSURV Sig=2 t=103/31 u=71/9
SKIPISO t=103/31 u=71/9
MWRANK u=-71/23 r=2 gens=2
FIBSURV Sig=2 t=-137/47 u=-71/23
SKIPISO t=-137/47 u=-71/23
MWRANK u=-65/71 r=2 gens=2
FIBSURV Sig=2 t=-125/17 u=-65/71
SKIPISO t=-125/17 u=-65/71
MWRANK u=-71/17 r=2 gens=2
FIBSURV Sig=2 t=-23/11 u=-71/17
SKIPISO t=-23/11 u=-71/17
MWRANK u=71/31 r=3 gens=2
FIBSURV Sig=2 t=67/5 u=71/31
SKIPISO t=67/5 u=71/31
MWRANK u=-71/8 r=2 gens=2
FIBSURV Sig=2 t=-49/79 u=-71/8
SKIPISO t=-49/79 u=-71/8
MWSKIP u=-71/12 bounds=[1,2]
FIBSURV Sig=2 t=-109/83 u=-71/12
SKIPISO t=-109/83 u=-71/12
MWRANK u=71/3 r=1 gens=2
FIBSURV Sig=2 t=29/17 u=71/3
SKIPISO t=29/17 u=71/3
MWRANK u=-71/5 r=2 gens=2
FIBSURV Sig=2 t=-1/19 u=-71/5
SKIPISO t=-1/19 u=-71/5
MWRANK u=-17/71 r=2 gens=2
FIBSURV Sig=2 t=-131/11 u=-17/71
SKIPISO t=-131/11 u=-17/71
MWRANK u=-57/71 r=3 gens=2
FIBSURV Sig=2 t=-63/8 u=-57/71
SKIPISO t=-63/8 u=-57/71
MWRANK u=71/39 r=2 gens=2
FIBSURV Sig=2 t=41/2 u=71/39
SKIPISO t=41/2 u=71/39
MWRANK u=-71/15 r=2 gens=2
FIBSURV Sig=2 t=-77/43 u=-71/15
SKIPISO t=-77/43 u=-71/15
MWRANK u=23/71 r=2 gens=2
FIBSURV Sig=2 t=-68/3 u=23/71
SKIPISO t=-68/3 u=23/71
MWRANK u=-71/13 r=2 gens=2
FIBSURV Sig=2 t=-31/21 u=-71/13
SKIPISO t=-31/21 u=-71/13
MWRANK u=31/71 r=2 gens=2
FIBSURV Sig=2 t=-137/5 u=31/71
SKIPISO t=-137/5 u=31/71
MWRANK u=71/63 r=1 gens=2
FIBSURV Sig=2 t=127 u=71/63
SKIPISO t=127 u=71/63
MWRANK u=71/47 r=1 gens=2
FIBSURV Sig=2 t=97/3 u=71/47
SKIPISO t=97/3 u=71/47
MWRANK u=71 r=2 gens=2
FIBSURV Sig=2 t=43/35 u=71
SKIPISO t=43/35 u=71
MWRANK u=71/15 r=1 gens=2
FIBSURV Sig=2 t=37/7 u=71/15
SKIPISO t=37/7 u=71/15
MWRANK u=71/55 r=1 gens=2
FIBSURV Sig=2 t=56 u=71/55
SKIPISO t=56 u=71/55
MWRANK u=71/2 r=2 gens=2
FIBSURV Sig=2 t=101/69 u=71/2
SKIPISO t=101/69 u=71/2
MWRANK u=71/13 r=1 gens=2
FIBSURV Sig=2 t=133/29 u=71/13
SKIPISO t=133/29 u=71/13
MWRANK u=47/71 r=2 gens=2
FIBSURV Sig=2 t=-139/3 u=47/71
SKIPISO t=-139/3 u=47/71
MWRANK u=-71/14 r=2 gens=2
FIBSURV Sig=2 t=-139/85 u=-71/14
SKIPISO t=-139/85 u=-71/14
MWRANK u=-71/2 r=2 gens=2
FIBSURV Sig=2 t=41/73 u=-71/2
SKIPISO t=41/73 u=-71/2
MWRANK u=-71/6 r=2 gens=2
FIBSURV Sig=2 t=-19/77 u=-71/6
SKIPISO t=-19/77 u=-71/6
MWRANK u=71/23 r=3 gens=2
FIBSURV Sig=2 t=26/3 u=71/23
SKIPISO t=26/3 u=71/23
MWRANK u=63/71 r=2 gens=2
FIBSURV Sig=2 t=-141 u=63/71
SKIPISO t=-141 u=63/71
MWRANK u=55/71 r=4 gens=2
FIBSURV Sig=2 t=-70 u=55/71
SKIPISO t=-70 u=55/71
MWRANK u=-71/33 r=2 gens=2
FIBSURV Sig=2 t=-53/13 u=-71/33
SKIPISO t=-53/13 u=-71/33
MWRANK u=-71/65 r=3 gens=2
FIBSURV Sig=2 t=-113/17 u=-71/65
SKIPISO t=-113/17 u=-71/65
MWRANK u=-71/19 r=2 gens=2
FIBSURV Sig=2 t=-107/45 u=-71/19
SKIPISO t=-107/45 u=-71/19
MWRANK u=71/35 r=3 gens=2
FIBSURV Sig=2 t=149/9 u=71/35
SKIPISO t=149/9 u=71/35
MWRANK u=-33/71 r=3 gens=2
FIBSURV Sig=2 t=-129/13 u=-33/71
SKIPISO t=-129/13 u=-33/71
MWSKIP u=-71/9 bounds=[1,3]
FIBSURV Sig=2 t=-4/5 u=-71/9
SKIPISO t=-4/5 u=-71/9
MWRANK u=-71/41 r=2 gens=2
FIBSURV Sig=2 t=-34/7 u=-71/41
SKIPISO t=-34/7 u=-71/41
MWRANK u=-71/49 r=2 gens=2
FIBSURV Sig=2 t=-83/15 u=-71/49
SKIPISO t=-83/15 u=-71/49
MWSKIP u=-41/71 bounds=[1,3]
FIBSURV Sig=2 t=-64/7 u=-41/71
SKIPISO t=-64/7 u=-41/71
MWRANK u=-71/29 r=2 gens=2
FIBSURV Sig=2 t=-91/25 u=-71/29
SKIPISO t=-91/25 u=-71/29
MWRANK u=7/71 r=2 gens=2
FIBSURV Sig=2 t=-67/4 u=7/71
SKIPISO t=-67/4 u=7/71
MWRANK u=39/71 r=2 gens=2
FIBSURV Sig=2 t=-69/2 u=39/71
SKIPISO t=-69/2 u=39/71
MWRANK u=-71/10 r=2 gens=2
FIBSURV Sig=2 t=-79/81 u=-71/10
SKIPISO t=-79/81 u=-71/10
MWRANK u=71/27 r=1 gens=2
FIBSURV Sig=2 t=119/11 u=71/27
SKIPISO t=119/11 u=71/27
MWRANK u=-1/71 r=3 gens=2
FIBSURV Sig=2 t=-133/9 u=-1/71
SKIPISO t=-133/9 u=-1/71
MWRANK u=-49/71 r=2 gens=2
FIBSURV Sig=2 t=-127/15 u=-49/71
SKIPISO t=-127/15 u=-49/71
MWRANK u=-71/57 r=1 gens=2
FIBSURV Sig=2 t=-49/8 u=-71/57
SKIPISO t=-49/8 u=-71/57
MWRANK u=-71/37 r=2 gens=2
FIBSURV Sig=2 t=-121/27 u=-71/37
SKIPISO t=-121/27 u=-71/37
MWRANK u=15/71 r=2 gens=2
FIBSURV Sig=2 t=-135/7 u=15/71
SKIPISO t=-135/7 u=15/71
MWRANK u=72 r=2 gens=2
FIBSURV Sig=2 t=87/71 u=72
SKIPISO t=87/71 u=72
MWRANK u=-72/11 r=2 gens=2
FIBSURV Sig=2 t=-93/83 u=-72/11
SKIPISO t=-93/83 u=-72/11
MWRANK u=-72/13 r=2 gens=2
FIBSURV Sig=2 t=-123/85 u=-72/13
SKIPISO t=-123/85 u=-72/13
MWRANK u=-72 r=2 gens=2
FIBSURV Sig=2 t=57/73 u=-72
SKIPISO t=57/73 u=-72
MWRANK u=-72/5 r=2 gens=2
FIBSURV Sig=2 t=-3/77 u=-72/5
SKIPISO t=-3/77 u=-72/5
MWRANK u=72/7 r=4 gens=2
MWSKIP u=-72/7 bounds=[1,3]
FIBSURV Sig=2 t=-33/79 u=-72/7
SKIPISO t=-33/79 u=-72/7
MWRANK u=72/5 r=2 gens=2
FIBSURV Sig=2 t=147/67 u=72/5
SKIPISO t=147/67 u=72/5
MWRANK u=-73/5 r=2 gens=2
FIBSURV Sig=2 t=-1/39 u=-73/5
SKIPISO t=-1/39 u=-73/5
MWRANK u=73/41 r=3 gens=2
FIBSURV Sig=2 t=43/2 u=73/41
SKIPISO t=43/2 u=73/41
MWRANK u=17/73 r=1 gens=2
FIBSURV Sig=2 t=-139/7 u=17/73
SKIPISO t=-139/7 u=17/73
MWRANK u=-73/43 r=3 gens=2
FIBSURV Sig=2 t=-143/29 u=-73/43
SKIPISO t=-143/29 u=-73/43
MWRANK u=-73/27 r=2 gens=2
FIBSURV Sig=2 t=-83/25 u=-73/27
SKIPISO t=-83/25 u=-73/27
MWRANK u=-73/4 r=2 gens=2
FIBSURV Sig=2 t=13/77 u=-73/4
SKIPISO t=13/77 u=-73/4
MWRANK u=73/15 r=2 gens=2
FIBSURV Sig=2 t=149/29 u=73/15
SKIPISO t=149/29 u=73/15
MWRANK u=-73/67 r=3 gens=2
MWRANK u=-73/9 r=2 gens=2
FIBSURV Sig=2 t=-31/41 u=-73/9
SKIPISO t=-31/41 u=-73/9
MWRANK u=-73/8 r=1 gens=2
FIBSURV Sig=2 t=-47/81 u=-73/8
SKIPISO t=-47/81 u=-73/8
MWRANK u=-73/17 r=1 gens=2
FIBSURV Sig=2 t=-91/45 u=-73/17
SKIPISO t=-91/45 u=-73/17
MWRANK u=73/17 r=1 gens=2
FIBSURV Sig=2 t=41/7 u=73/17
SKIPISO t=41/7 u=73/17
MWRANK u=-73/12 r=4 gens=2
FIBSURV Sig=2 t=-107/85 u=-73/12
SKIPISO t=-107/85 u=-73/12
MWRANK u=-73/7 r=1 gens=2
FIBSURV Sig=2 t=-2/5 u=-73/7
SKIPISO t=-2/5 u=-73/7
MWRANK u=-7/73 r=2 gens=2
FIBSURV Sig=2 t=-68/5 u=-7/73
SKIPISO t=-68/5 u=-7/73
MWRANK u=-73/6 r=2 gens=2
FIBSURV Sig=2 t=-17/79 u=-73/6
SKIPISO t=-17/79 u=-73/6
MWRANK u=-39/73 r=2 gens=2
FIBSURV Sig=2 t=-66/7 u=-39/73
SKIPISO t=-66/7 u=-39/73
MWRANK u=73/29 r=1 gens=2
FIBSURV Sig=2 t=127/11 u=73/29
SKIPISO t=127/11 u=73/29
MWRANK u=-63/73 r=2 gens=2
FIBSURV Sig=2 t=-129/17 u=-63/73
SKIPISO t=-129/17 u=-63/73
MWRANK u=73/25 r=3 gens=2
FIBSURV Sig=2 t=28/3 u=73/25
SKIPISO t=28/3 u=73/25
MWRANK u=-27/73 r=2 gens=2
FIBSURV Sig=2 t=-267/25 u=-27/73
SKIPISO t=-267/25 u=-27/73
MWRANK u=-73/10 r=2 gens=2
FIBSURV Sig=2 t=-77/83 u=-73/10
SKIPISO t=-77/83 u=-73/10
MWRANK u=73/65 r=1 gens=2
FIBSURV Sig=2 t=131 u=73/65
SKIPISO t=131 u=73/65
MWRANK u=-73/21 r=2 gens=2
FIBSURV Sig=2 t=-121/47 u=-73/21
SKIPISO t=-121/47 u=-73/21
MWRANK u=-73/11 r=2 gens=2
FIBSURV Sig=2 t=-23/21 u=-73/11
SKIPISO t=-23/21 u=-73/11
MWRANK u=-71/73 r=2 gens=2
FIBSURV Sig=2 t=-64/9 u=-71/73
SKIPISO t=-64/9 u=-71/73
MWRANK u=41/73 r=2 gens=2
FIBSURV Sig=2 t=-71/2 u=41/73
SKIPISO t=-71/2 u=41/73
MWRANK u=57/73 r=2 gens=2
FIBSURV Sig=2 t=-72 u=57/73
SKIPISO t=-72 u=57/73
MWRANK u=73/21 r=2 gens=2
FIBSURV Sig=2 t=97/13 u=73/21
SKIPISO t=97/13 u=73/21
MWRANK u=-73/31 r=2 gens=2
FIBSURV Sig=2 t=-49/13 u=-73/31
SKIPISO t=-49/13 u=-73/31
MWRANK u=-73/39 r=2 gens=2
FIBSURV Sig=2 t=-32/7 u=-73/39
SKIPISO t=-32/7 u=-73/39
MWRANK u=-15/73 r=2 gens=2
FIBSURV Sig=2 t=-135/11 u=-15/73
SKIPISO t=-135/11 u=-15/73
MWRANK u=73/33 r=2 gens=2
FIBSURV Sig=2 t=71/5 u=73/33
SKIPISO t=71/5 u=73/33
MWRANK u=65/73 r=2 gens=2
FIBSURV Sig=2 t=-145 u=65/73
SKIPISO t=-145 u=65/73
MWRANK u=49/73 r=1 gens=2
FIBSURV Sig=2 t=-143/3 u=49/73
SKIPISO t=-143/3 u=49/73
MWRANK u=-73/23 r=2 gens=2
FIBSURV Sig=2 t=-17/6 u=-73/23
SKIPISO t=-17/6 u=-73/23
MWRANK u=1/73 r=3 gens=2
FIBSURV Sig=2 t=-137/9 u=1/73
SKIPISO t=-137/9 u=1/73
MWSKIP u=-73/71 bounds=[1,3]
FIBSURV Sig=2 t=-62/9 u=-73/71
SKIPISO t=-62/9 u=-73/71
MWRANK u=25/73 r=2 gens=2
FIBSURV Sig=2 t=-70/3 u=25/73
SKIPISO t=-70/3 u=25/73
MWRANK u=-55/73 r=3 gens=2
FIBSURV Sig=2 t=-65/8 u=-55/73
SKIPISO t=-65/8 u=-55/73
MWRANK u=73/4 r=2 gens=2
FIBSURV Sig=2 t=133/69 u=73/4
SKIPISO t=133/69 u=73/4
MWRANK u=-73/3 r=1 gens=2
FIBSURV Sig=2 t=7/19 u=-73/3
SKIPISO t=7/19 u=-73/3
MWRANK u=-73/55 r=3 gens=2
FIBSURV Sig=2 t=-47/8 u=-73/55
SKIPISO t=-47/8 u=-73/55
MWRANK u=-73/14 r=2 gens=2
FIBSURV Sig=2 t=-137/87 u=-73/14
SKIPISO t=-137/87 u=-73/14
MWRANK u=-47/73 r=2 gens=2
FIBSURV Sig=2 t=-131/15 u=-47/73
SKIPISO t=-131/15 u=-47/73
MWRANK u=-31/73 r=2 gens=2
FIBSURV Sig=2 t=-133/13 u=-31/73
SKIPISO t=-133/13 u=-31/73
MWRANK u=73/3 r=2 gens=2
FIBSURV Sig=2 t=59/35 u=73/3
SKIPISO t=59/35 u=73/3
MWRANK u=73/5 r=1 gens=2
FIBSURV Sig=2 t=37/17 u=73/5
SKIPISO t=37/17 u=73/5
MWRANK u=-73/47 r=2 gens=2
FIBSURV Sig=2 t=-79/15 u=-73/47
SKIPISO t=-79/15 u=-73/47
MWRANK u=73/11 r=1 gens=2
FIBSURV Sig=2 t=119/31 u=73/11
SKIPISO t=119/31 u=73/11
MWRANK u=-73/2 r=2 gens=2
FIBSURV Sig=2 t=43/75 u=-73/2
SKIPISO t=43/75 u=-73/2
MWSKIP u=73/49 bounds=[1,3]
FIBSURV Sig=2 t=101/3 u=73/49
SKIPISO t=101/3 u=73/49
MWRANK u=73/13 r=2 gens=2
FIBSURV Sig=2 t=67/15 u=73/13
SKIPISO t=67/15 u=73/13
MWRANK u=73/2 r=3 gens=2
FIBSURV Sig=2 t=103/71 u=73/2
SKIPISO t=103/71 u=73/2
MWRANK u=-23/73 r=1 gens=2
FIBSURV Sig=2 t=-67/6 u=-23/73
SKIPISO t=-67/6 u=-23/73
MWRANK u=-73 r=2 gens=2
FIBSURV Sig=2 t=29/37 u=-73
SKIPISO t=29/37 u=-73
MWRANK u=-73/53 r=3 gens=2
FIBSURV Sig=2 t=-361/63 u=-73/53
SKIPISO t=-361/63 u=-73/53
MWRANK u=-73/63 r=3 gens=2
FIBSURV Sig=2 t=-109/17 u=-73/63
SKIPISO t=-109/17 u=-73/63
MWRANK u=9/73 r=2 gens=2
FIBSURV Sig=2 t=-69/4 u=9/73
SKIPISO t=-69/4 u=9/73
MWRANK u=33/73 r=2 gens=2
FIBSURV Sig=2 t=-141/5 u=33/73
SKIPISO t=-141/5 u=33/73
MWRANK u=-73/13 r=2 gens=2
FIBSURV Sig=2 t=-61/43 u=-73/13
SKIPISO t=-61/43 u=-73/13
MWRANK u=73 r=3 gens=2
FIBSURV Sig=2 t=11/9 u=73
SKIPISO t=11/9 u=73
MWRANK u=73/7 r=2 gens=2
FIBSURV Sig=2 t=89/33 u=73/7
SKIPISO t=89/33 u=73/7
MWRANK u=-73/35 r=3 gens=2
FIBSURV Sig=2 t=-113/27 u=-73/35
SKIPISO t=-113/27 u=-73/35
MWRANK u=-73/19 r=3 gens=2
FIBSURV Sig=2 t=-53/23 u=-73/19
SKIPISO t=-53/23 u=-73/19
MWRANK u=-73/15 r=1 gens=2
FIBSURV Sig=2 t=-19/11 u=-73/15
SKIPISO t=-19/11 u=-73/15
MWRANK u=73/57 r=1 gens=2
FIBSURV Sig=2 t=58 u=73/57
SKIPISO t=58 u=73/57
MWRANK u=74/5 r=2 gens=2
FIBSURV Sig=2 t=149/69 u=74/5
SKIPISO t=149/69 u=74/5
MWSKIP u=-74/11 bounds=[1,2]
FIBSURV Sig=2 t=-91/85 u=-74/11
SKIPISO t=-91/85 u=-74/11
MWRANK u=74 r=2 gens=2
FIBSURV Sig=2 t=89/73 u=74
SKIPISO t=89/73 u=74
MWRANK u=-74/3 r=2 gens=2
FIBSURV Sig=2 t=29/77 u=-74/3
SKIPISO t=29/77 u=-74/3
MWRANK u=-74/9 r=2 gens=2
FIBSURV Sig=2 t=-61/83 u=-74/9
SKIPISO t=-61/83 u=-74/9
MWRANK u=74/3 r=2 gens=2
FIBSURV Sig=2 t=119/71 u=74/3
SKIPISO t=119/71 u=74/3
MWRANK u=-74/5 r=3 gens=2
FIBSURV Sig=2 t=-1/79 u=-74/5
SKIPISO t=-1/79 u=-74/5
MWRANK u=-74 r=2 gens=2
FIBSURV Sig=2 t=59/75 u=-74
SKIPISO t=59/75 u=-74
MWRANK u=-74/13 r=2 gens=2
FIBSURV Sig=2 t=-121/87 u=-74/13
SKIPISO t=-121/87 u=-74/13
MWSKIP u=-74/7 bounds=[1,2]
FIBSURV Sig=2 t=-31/81 u=-74/7
SKIPISO t=-31/81 u=-74/7
MWRANK u=-75/61 r=2 gens=2
FIBSURV Sig=2 t=-105/17 u=-75/61
SKIPISO t=-105/17 u=-75/61
MWRANK u=-75/14 r=2 gens=2
FIBSURV Sig=2 t=-135/89 u=-75/14
SKIPISO t=-135/89 u=-75/14
MWRANK u=59/75 r=2 gens=2
FIBSURV Sig=2 t=-74 u=59/75
SKIPISO t=-74 u=59/75
MWRANK u=75/43 r=2 gens=2
FIBSURV Sig=2 t=45/2 u=75/43
SKIPISO t=45/2 u=75/43
MWRANK u=19/75 r=2 gens=2
FIBSURV Sig=2 t=-143/7 u=19/75
SKIPISO t=-143/7 u=19/75
MWRANK u=75/23 r=1 gens=2
FIBSURV Sig=2 t=105/13 u=75/23
SKIPISO t=105/13 u=75/23
MWRANK u=-75 r=1 gens=2
FIBSURV Sig=2 t=15/19 u=-75
SKIPISO t=15/19 u=-75
MWRANK u=-75/11 r=2 gens=2
FIBSURV Sig=2 t=-45/43 u=-75/11
SKIPISO t=-45/43 u=-75/11
MWRANK u=-75/8 r=2 gens=2
FIBSURV Sig=2 t=-45/83 u=-75/8
SKIPISO t=-45/83 u=-75/8
MWRANK u=-53/75 r=2 gens=2
FIBSURV Sig=2 t=-67/8 u=-53/75
SKIPISO t=-67/8 u=-53/75
MWRANK u=75 r=2 gens=2
FIBSURV Sig=2 t=45/37 u=75
SKIPISO t=45/37 u=75
MWRANK u=75/13 r=3 gens=2
FIBSURV Sig=2 t=135/31 u=75/13
SKIPISO t=135/31 u=75/13
MWRANK u=-75/13 r=1 gens=2
FIBSURV Sig=2 t=-15/11 u=-75/13
SKIPISO t=-15/11 u=-75/13
MWRANK u=75/59 r=3 gens=2
FIBSURV Sig=2 t=60 u=75/59
SKIPISO t=60 u=75/59
MWRANK u=-13/75 r=2 gens=2
FIBSURV Sig=2 t=-139/11 u=-13/75
SKIPISO t=-139/11 u=-13/75
MWRANK u=-75/53 r=3 gens=2
FIBSURV Sig=2 t=-45/8 u=-75/53
SKIPISO t=-45/8 u=-75/53
MWRANK u=67/75 r=1 gens=2
FIBSURV Sig=2 t=-149 u=67/75
SKIPISO t=-149 u=67/75
MWRANK u=11/75 r=2 gens=2
FIBSURV Sig=2 t=-71/4 u=11/75
SKIPISO t=-71/4 u=11/75
MWRANK u=-75/17 r=2 gens=2
FIBSURV Sig=2 t=-45/23 u=-75/17
SKIPISO t=-45/23 u=-75/17
MWRANK u=-75/23 r=2 gens=2
FIBSURV Sig=2 t=-135/49 u=-75/23
SKIPISO t=-135/49 u=-75/23
MWRANK u=75/31 r=1 gens=2
FIBSURV Sig=2 t=135/11 u=75/31
SKIPISO t=135/11 u=75/31
MWRANK u=-75/41 r=2 gens=2
FIBSURV Sig=2 t=-135/29 u=-75/41
SKIPISO t=-135/29 u=-75/41
MWRANK u=-75/29 r=2 gens=2
FIBSURV Sig=2 t=-45/13 u=-75/29
SKIPISO t=-45/13 u=-75/29
MWRANK u=-75/4 r=4 gens=2
FIBSURV Sig=2 t=15/79 u=-75/4
SKIPISO t=15/79 u=-75/4
MWRANK u=75/11 r=1 gens=2
FIBSURV Sig=2 t=15/4 u=75/11
SKIPISO t=15/4 u=75/11
MWRANK u=75/19 r=2 gens=2
FIBSURV Sig=2 t=45/7 u=75/19
SKIPISO t=45/7 u=75/19
MWRANK u=-61/75 r=2 gens=2
FIBSURV Sig=2 t=-133/17 u=-61/75
SKIPISO t=-133/17 u=-61/75
MWRANK u=75/7 r=1 gens=2
FIBSURV Sig=2 t=45/17 u=75/7
SKIPISO t=45/17 u=75/7
MWRANK u=75/4 r=2 gens=2
FIBSURV Sig=2 t=135/71 u=75/4
SKIPISO t=135/71 u=75/4
MWRANK u=-75/19 r=2 gens=2
FIBSURV Sig=2 t=-105/47 u=-75/19
SKIPISO t=-105/47 u=-75/19
MWRANK u=-75/37 r=2 gens=2
FIBSURV Sig=2 t=-30/7 u=-75/37
SKIPISO t=-30/7 u=-75/37
MWRANK u=-75/2 r=2 gens=2
FIBSURV Sig=2 t=45/77 u=-75/2
SKIPISO t=45/77 u=-75/2
MWRANK u=43/75 r=1 gens=2
FIBSURV Sig=2 t=-73/2 u=43/75
SKIPISO t=-73/2 u=43/75
MWRANK u=75/67 r=3 gens=2
FIBSURV Sig=2 t=135 u=75/67
SKIPISO t=135 u=75/67
MWRANK u=-75/7 r=2 gens=2
FIBSURV Sig=2 t=-15/41 u=-75/7
SKIPISO t=-15/41 u=-75/7
MWRANK u=-29/75 r=2 gens=2
FIBSURV Sig=2 t=-137/13 u=-29/75
SKIPISO t=-137/13 u=-29/75
MWRANK u=-37/75 r=4 gens=2
FIBSURV Sig=2 t=-68/7 u=-37/75
SKIPISO t=-68/7 u=-37/75
MWRANK u=-76/13 r=2 gens=2
FIBSURV Sig=2 t=-119/89 u=-76/13
SKIPISO t=-119/89 u=-76/13
MWRANK u=-76/7 r=2 gens=2
FIBSURV Sig=2 t=-29/83 u=-76/7
SKIPISO t=-29/83 u=-76/7
MWRANK u=76 r=2 gens=2
FIBSURV Sig=2 t=91/75 u=76
SKIPISO t=91/75 u=76
MWRANK u=-76/5 r=1 gens=2
FIBSURV Sig=2 t=1/81 u=-76/5
SKIPISO t=1/81 u=-76/5
MWSKIP u=-76/11 bounds=[1,2]
FIBSURV Sig=2 t=-89/87 u=-76/11
SKIPISO t=-89/87 u=-76/11
MWRANK u=76/3 r=2 gens=2
FIBSURV Sig=2 t=121/73 u=76/3
SKIPISO t=121/73 u=76/3
MWRANK u=-76/3 r=2 gens=2
FIBSURV Sig=2 t=31/79 u=-76/3
SKIPISO t=31/79 u=-76/3
MWRANK u=-76/9 r=2 gens=2
FIBSURV Sig=2 t=-59/85 u=-76/9
SKIPISO t=-59/85 u=-76/9
MWRANK u=-76/15 r=2 gens=2
FIBSURV Sig=2 t=-149/91 u=-76/15
SKIPISO t=-149/91 u=-76/15
MWRANK u=-76 r=3 gens=2
FIBSURV Sig=2 t=61/77 u=-76
SKIPISO t=61/77 u=-76
MWRANK u=-59/77 r=2 gens=2
FIBSURV Sig=2 t=-137/17 u=-59/77
SKIPISO t=-137/17 u=-59/77
MWRANK u=77/25 r=3 gens=2
FIBSURV Sig=2 t=113/13 u=77/25
SKIPISO t=113/13 u=77/25
MWRANK u=-77/13 r=2 gens=2
FIBSURV Sig=2 t=-59/45 u=-77/13
SKIPISO t=-59/45 u=-77/13
MWRANK u=37/77 r=2 gens=2
FIBSURV Sig=2 t=-149/5 u=37/77
SKIPISO t=-149/5 u=37/77
MWRANK u=5/77 r=2 gens=2
FIBSURV Sig=2 t=-145/9 u=5/77
SKIPISO t=-145/9 u=5/77
MWRANK u=-77/59 r=1 gens=2
FIBSURV Sig=2 t=-101/17 u=-77/59
SKIPISO t=-101/17 u=-77/59
MWRANK u=-77/4 r=2 gens=2
FIBSURV Sig=2 t=17/81 u=-77/4
SKIPISO t=17/81 u=-77/4
MWRANK u=-77/3 r=1 gens=2
FIBSURV Sig=2 t=2/5 u=-77/3
SKIPISO t=2/5 u=-77/3
MWRANK u=77/61 r=1 gens=2
FIBSURV Sig=2 t=62 u=77/61
SKIPISO t=62 u=77/61
MWRANK u=-19/77 r=2 gens=2
FIBSURV Sig=2 t=-71/6 u=-19/77
SKIPISO t=-71/6 u=-19/77
MWRANK u=77/9 r=3 gens=2
FIBSURV Sig=2 t=53/17 u=77/9
SKIPISO t=53/17 u=77/9
MWRANK u=77/45 r=2 gens=2
FIBSURV Sig=2 t=47/2 u=77/45
SKIPISO t=47/2 u=77/45
MWRANK u=-77/39 r=2 gens=2
FIBSURV Sig=2 t=-127/29 u=-77/39
SKIPISO t=-127/29 u=-77/39
MWRANK u=77/13 r=2 gens=2
FIBSURV Sig=2 t=17/4 u=77/13
SKIPISO t=17/4 u=77/13
MWRANK u=61/77 r=2 gens=2
FIBSURV Sig=2 t=-76 u=61/77
SKIPISO t=-76 u=61/77
MWRANK u=77/17 r=1 gens=2
FIBSURV Sig=2 t=83/15 u=77/17
SKIPISO t=83/15 u=77/17
MWRANK u=-77/15 r=2 gens=2
FIBSURV Sig=2 t=-37/23 u=-77/15
SKIPISO t=-37/23 u=-77/15
MWRANK u=77/69 r=1 gens=2
FIBSURV Sig=2 t=139 u=77/69
SKIPISO t=139 u=77/69
MWRANK u=-3/77 r=2 gens=2
FIBSURV Sig=2 t=-72/5 u=-3/77
SKIPISO t=-72/5 u=-3/77
MWSKIP u=-51/77 bounds=[1,3]
FIBSURV Sig=2 t=-69/8 u=-51/77
SKIPISO t=-69/8 u=-51/77
MWRANK u=-77/17 r=1 gens=2
FIBSURV Sig=2 t=-89/47 u=-77/17
SKIPISO t=-89/47 u=-77/17
MWRANK u=-77/5 r=2 gens=2
FIBSURV Sig=2 t=1/41 u=-77/5
SKIPISO t=1/41 u=-77/5
MWRANK u=-77/51 r=2 gens=2
FIBSURV Sig=2 t=-43/8 u=-77/51
SKIPISO t=-43/8 u=-77/51
MWRANK u=-77 r=2 gens=2
FIBSURV Sig=2 t=31/39 u=-77
SKIPISO t=31/39 u=-77
MWRANK u=77 r=2 gens=2
FIBSURV Sig=2 t=23/19 u=77
SKIPISO t=23/19 u=77
MWRANK u=-77/43 r=2 gens=2
FIBSURV Sig=2 t=-71/15 u=-77/43
SKIPISO t=-71/15 u=-77/43
MWRANK u=-77/23 r=1 gens=2
FIBSURV Sig=2 t=-67/25 u=-77/23
SKIPISO t=-67/25 u=-77/23
MWRANK u=-77/67 r=2 gens=2
FIBSURV Sig=2 t=-58/9 u=-77/67
SKIPISO t=-58/9 u=-77/67
MWRANK u=77/29 r=1 gens=2
FIBSURV Sig=2 t=32/3 u=77/29
SKIPISO t=32/3 u=77/29
MWRANK u=77/53 r=1 gens=2
FIBSURV Sig=2 t=109/3 u=77/53
SKIPISO t=109/3 u=77/53
MWRANK u=45/77 r=1 gens=2
FIBSURV Sig=2 t=-75/2 u=45/77
SKIPISO t=-75/2 u=45/77
MWRANK u=-77/6 r=2 gens=2
FIBSURV Sig=2 t=-13/83 u=-77/6
SKIPISO t=-13/83 u=-77/6
MWRANK u=-77/25 r=2 gens=2
FIBSURV Sig=2 t=-149/51 u=-77/25
SKIPISO t=-149/51 u=-77/25
MWRANK u=77/4 r=4 gens=2
FIBSURV Sig=2 t=137/73 u=77/4
SKIPISO t=137/73 u=77/4
MWRANK u=-27/77 r=2 gens=2
FIBSURV Sig=2 t=-141/13 u=-27/77
SKIPISO t=-141/13 u=-27/77
MWRANK u=77/37 r=1 gens=2
FIBSURV Sig=2 t=79/5 u=77/37
SKIPISO t=79/5 u=77/37
MWSKIP u=-43/77 bounds=[1,3]
FIBSURV Sig=2 t=-139/15 u=-43/77
SKIPISO t=-139/15 u=-43/77
MWRANK u=-77/8 r=2 gens=2
FIBSURV Sig=2 t=-43/85 u=-77/8
SKIPISO t=-43/85 u=-77/8
MWRANK u=-77/31 r=2 gens=2
FIBSURV Sig=2 t=-97/27 u=-77/31
SKIPISO t=-97/27 u=-77/31
MWRANK u=-77/9 r=2 gens=2
FIBSURV Sig=2 t=-29/43 u=-77/9
SKIPISO t=-29/43 u=-77/9
MWRANK u=77/5 r=1 gens=2
FIBSURV Sig=2 t=19/9 u=77/5
SKIPISO t=19/9 u=77/5
MWRANK u=-77/10 r=2 gens=2
FIBSURV Sig=2 t=-73/87 u=-77/10
SKIPISO t=-73/87 u=-77/10
MWSKIP u=-67/77 bounds=[1,3]
FIBSURV Sig=2 t=-68/9 u=-67/77
SKIPISO t=-68/9 u=-67/77
MWRANK u=-75/77 r=2 gens=2
FIBSURV Sig=2 t=-135/19 u=-75/77
SKIPISO t=-135/19 u=-75/77
MWRANK u=-77/75 r=2 gens=2
FIBSURV Sig=2 t=-131/19 u=-77/75
SKIPISO t=-131/19 u=-77/75
MWRANK u=-77/12 r=2 gens=2
FIBSURV Sig=2 t=-103/89 u=-77/12
SKIPISO t=-103/89 u=-77/12
MWRANK u=-77/19 r=2 gens=2
FIBSURV Sig=2 t=-13/6 u=-77/19
SKIPISO t=-13/6 u=-77/19
MWSKIP u=29/77 bounds=[1,2]
FIBSURV Sig=2 t=-74/3 u=29/77
SKIPISO t=-74/3 u=29/77
MWRANK u=77/2 r=2 gens=2
FIBSURV Sig=2 t=107/75 u=77/2
SKIPISO t=107/75 u=77/2
MWSKIP u=13/77 bounds=[2,4]
FIBSURV Sig=2 t=-73/4 u=13/77
SKIPISO t=-73/4 u=13/77
MWRANK u=-77/2 r=2 gens=2
FIBSURV Sig=2 t=47/79 u=-77/2
SKIPISO t=47/79 u=-77/2
MWRANK u=-77/27 r=2 gens=2
FIBSURV Sig=2 t=-41/13 u=-77/27
SKIPISO t=-41/13 u=-77/27
MWRANK u=78 r=2 gens=2
FIBSURV Sig=2 t=93/77 u=78
SKIPISO t=93/77 u=78
MWRANK u=-78/7 r=2 gens=2
FIBSURV Sig=2 t=-27/85 u=-78/7
SKIPISO t=-27/85 u=-78/7
MWRANK u=-78/11 r=2 gens=2
FIBSURV Sig=2 t=-87/89 u=-78/11
SKIPISO t=-87/89 u=-78/11
MWRANK u=-78 r=2 gens=2
FIBSURV Sig=2 t=63/79 u=-78
SKIPISO t=63/79 u=-78
MWSKIP u=-78/5 bounds=[1,2]
FIBSURV Sig=2 t=3/83 u=-78/5
SKIPISO t=3/83 u=-78/5
MWRANK u=-79 r=3 gens=2
FIBSURV Sig=2 t=4/5 u=-79
SKIPISO t=4/5 u=-79
MWRANK u=63/79 r=2 gens=2
FIBSURV Sig=2 t=-78 u=63/79
SKIPISO t=-78 u=63/79
MWRANK u=-79/7 r=4 gens=2
FIBSURV Sig=2 t=-13/43 u=-79/7
SKIPISO t=-13/43 u=-79/7
MWRANK u=-79/21 r=1 gens=2
FIBSURV Sig=2 t=-59/25 u=-79/21
SKIPISO t=-59/25 u=-79/21
MWRANK u=-1/79 r=2 gens=2
FIBSURV Sig=2 t=-74/5 u=-1/79
SKIPISO t=-74/5 u=-1/79
MWRANK u=79/11 r=2 gens=2
FIBSURV Sig=2 t=61/17 u=79/11
SKIPISO t=61/17 u=79/11
MWRANK u=-65/79 r=2 gens=2
FIBSURV Sig=2 t=-70/9 u=-65/79
SKIPISO t=-70/9 u=-65/79
MWRANK u=-9/79 r=2 gens=2
FIBSURV Sig=2 t=-147/11 u=-9/79
SKIPISO t=-147/11 u=-9/79
MWRANK u=-25/79 r=3 gens=2
FIBSURV Sig=2 t=-145/13 u=-25/79
SKIPISO t=-145/13 u=-25/79
MWRANK u=-79/2 r=1 gens=2
FIBSURV Sig=2 t=49/81 u=-79/2
SKIPISO t=49/81 u=-79/2
MWRANK u=79/13 r=3 gens=2
FIBSURV Sig=2 t=137/33 u=79/13
SKIPISO t=137/33 u=79/13
MWRANK u=79/55 r=2 gens=2
FIBSURV Sig=2 t=113/3 u=79/55
SKIPISO t=113/3 u=79/55
MWRANK u=79/47 r=2 gens=2
FIBSURV Sig=2 t=49/2 u=79/47
SKIPISO t=49/2 u=79/47
MWRANK u=-73/79 r=3 gens=2
FIBSURV Sig=2 t=-139/19 u=-73/79
SKIPISO t=-139/19 u=-73/79
MWRANK u=79/63 r=1 gens=2
FIBSURV Sig=2 t=64 u=79/63
SKIPISO t=64 u=79/63
MWRANK u=79/7 r=1 gens=2
FIBSURV Sig=2 t=23/9 u=79/7
SKIPISO t=23/9 u=79/7
MWRANK u=79/39 r=3 gens=2
FIBSURV Sig=2 t=83/5 u=79/39
SKIPISO t=83/5 u=79/39
MWSKIP u=-79/11 bounds=[1,3]
FIBSURV Sig=2 t=-43/45 u=-79/11
SKIPISO t=-43/45 u=-79/11
MWRANK u=-79/8 r=4 gens=2
FIBSURV Sig=2 t=-41/87 u=-79/8
SKIPISO t=-41/87 u=-79/8
MWRANK u=15/79 r=2 gens=2
FIBSURV Sig=2 t=-75/4 u=15/79
SKIPISO t=-75/4 u=15/79
MWRANK u=7/79 r=3 gens=2
FIBSURV Sig=2 t=-149/9 u=7/79
SKIPISO t=-149/9 u=7/79
MWRANK u=-79/45 r=2 gens=2
FIBSURV Sig=2 t=-149/31 u=-79/45
SKIPISO t=-149/31 u=-79/45
MWRANK u=-79/23 r=2 gens=2
FIBSURV Sig=2 t=-133/51 u=-79/23
SKIPISO t=-133/51 u=-79/23
MWSKIP u=-79/65 bounds=[1,3]
FIBSURV Sig=2 t=-56/9 u=-79/65
SKIPISO t=-56/9 u=-79/65
MWRANK u=-79/17 r=2 gens=2
FIBSURV Sig=2 t=-11/6 u=-79/17
SKIPISO t=-11/6 u=-79/17
MWRANK u=79/19 r=1 gens=2
FIBSURV Sig=2 t=91/15 u=79/19
SKIPISO t=91/15 u=79/19
MWRANK u=-79/73 r=3 gens=2
FIBSURV Sig=2 t=-127/19 u=-79/73
SKIPISO t=-127/19 u=-79/73
MWRANK u=79/9 r=1 gens=2
FIBSURV Sig=2 t=107/35 u=79/9
SKIPISO t=107/35 u=79/9
MWRANK u=-41/79 r=2 gens=2
FIBSURV Sig=2 t=-143/15 u=-41/79
SKIPISO t=-143/15 u=-41/79
MWRANK u=-79/10 r=2 gens=2
FIBSURV Sig=2 t=-71/89 u=-79/10
SKIPISO t=-71/89 u=-79/10
MWRANK u=-79/49 r=2 gens=2
FIBSURV Sig=2 t=-41/8 u=-79/49
SKIPISO t=-41/8 u=-79/49
MWRANK u=-79/41 r=2 gens=2
FIBSURV Sig=2 t=-67/15 u=-79/41
SKIPISO t=-67/15 u=-79/41
MWRANK u=-79/25 r=1 gens=2
FIBSURV Sig=2 t=-37/13 u=-79/25
SKIPISO t=-37/13 u=-79/25
MWSKIP u=-79/15 bounds=[2,4]
FIBSURV Sig=2 t=-73/47 u=-79/15
SKIPISO t=-73/47 u=-79/15
MWRANK u=-57/79 r=2 gens=2
FIBSURV Sig=2 t=-141/17 u=-57/79
SKIPISO t=-141/17 u=-57/79
MWSKIP u=-79/14 bounds=[1,2]
FIBSURV Sig=2 t=-131/93 u=-79/14
SKIPISO t=-131/93 u=-79/14
MWRANK u=31/79 r=2 gens=2
FIBSURV Sig=2 t=-76/3 u=31/79
SKIPISO t=-76/3 u=31/79
MWRANK u=79/6 r=2 gens=2
MWRANK u=-49/79 r=1 gens=2
FIBSURV Sig=2 t=-71/8 u=-49/79
SKIPISO t=-71/8 u=-49/79
MWRANK u=-79/12 r=2 gens=2
FIBSURV Sig=2 t=-101/91 u=-79/12
SKIPISO t=-101/91 u=-79/12
MWRANK u=79 r=2 gens=2
FIBSURV Sig=2 t=47/39 u=79
SKIPISO t=47/39 u=79
MWRANK u=-79/9 r=1 gens=2
FIBSURV Sig=2 t=-7/11 u=-79/9
SKIPISO t=-7/11 u=-79/9
MWRANK u=-79/57 r=4 gens=2
FIBSURV Sig=2 t=-97/17 u=-79/57
SKIPISO t=-97/17 u=-79/57
MWRANK u=79/71 r=3 gens=2
FIBSURV Sig=2 t=143 u=79/71
SKIPISO t=143 u=79/71
MWRANK u=79/5 r=2 gens=2
FIBSURV Sig=2 t=77/37 u=79/5
SKIPISO t=77/37 u=79/5
MWRANK u=-79/13 r=2 gens=2
FIBSURV Sig=2 t=-29/23 u=-79/13
SKIPISO t=-29/23 u=-79/13
MWRANK u=79/27 r=2 gens=2
FIBSURV Sig=2 t=121/13 u=79/27
SKIPISO t=121/13 u=79/27
MWRANK u=-79/19 r=2 gens=2
FIBSURV Sig=2 t=-103/49 u=-79/19
SKIPISO t=-103/49 u=-79/19
MWRANK u=-79/4 r=2 gens=2
FIBSURV Sig=2 t=19/83 u=-79/4
SKIPISO t=19/83 u=-79/4
MWRANK u=-79/33 r=2 gens=2
FIBSURV Sig=2 t=-26/7 u=-79/33
SKIPISO t=-26/7 u=-79/33
MWRANK u=-33/79 r=2 gens=2
FIBSURV Sig=2 t=-72/7 u=-33/79
SKIPISO t=-72/7 u=-33/79
MWRANK u=79/15 r=2 gens=2
FIBSURV Sig=2 t=19/4 u=79/15
SKIPISO t=19/4 u=79/15
MWRANK u=79/2 r=2 gens=2
FIBSURV Sig=2 t=109/77 u=79/2
SKIPISO t=109/77 u=79/2
MWRANK u=-79/29 r=3 gens=2
FIBSURV Sig=2 t=-89/27 u=-79/29
SKIPISO t=-89/27 u=-79/29
MWRANK u=-79/37 r=2 gens=2
FIBSURV Sig=2 t=-119/29 u=-79/37
SKIPISO t=-119/29 u=-79/37
MWSKIP u=-79/3 bounds=[2,4]
FIBSURV Sig=2 t=17/41 u=-79/3
SKIPISO t=17/41 u=-79/3
MWRANK u=47/79 r=2 gens=2
FIBSURV Sig=2 t=-77/2 u=47/79
SKIPISO t=-77/2 u=47/79
MWRANK u=-17/79 r=1 gens=2
FIBSURV Sig=2 t=-73/6 u=-17/79
SKIPISO t=-73/6 u=-17/79
MWRANK u=79/23 r=2 gens=2
FIBSURV Sig=2 t=53/7 u=79/23
SKIPISO t=53/7 u=79/23
MWRANK u=79/3 r=3 gens=2
FIBSURV Sig=2 t=31/19 u=79/3
SKIPISO t=31/19 u=79/3
MWRANK u=-79/6 r=2 gens=2
FIBSURV Sig=2 t=-11/85 u=-79/6
SKIPISO t=-11/85 u=-79/6
MWRANK u=79/4 r=2 gens=2
FIBSURV Sig=2 t=139/75 u=79/4
SKIPISO t=139/75 u=79/4
MWRANK u=80 r=2 gens=2
FIBSURV Sig=2 t=95/79 u=80
SKIPISO t=95/79 u=80
MWSKIP u=80/3 bounds=[2,4]
FIBSURV Sig=2 t=125/77 u=80/3
SKIPISO t=125/77 u=80/3
MWRANK u=-80/3 r=2 gens=2
FIBSURV Sig=2 t=35/83 u=-80/3
SKIPISO t=35/83 u=-80/3
MWRANK u=-80/13 r=2 gens=2
FIBSURV Sig=2 t=-115/93 u=-80/13
SKIPISO t=-115/93 u=-80/13
MWRANK u=-80/9 r=2 gens=2
FIBSURV Sig=2 t=-55/89 u=-80/9
SKIPISO t=-55/89 u=-80/9
MWRANK u=-80/11 r=2 gens=2
FIBSURV Sig=2 t=-85/91 u=-80/11
SKIPISO t=-85/91 u=-80/11
MWRANK u=-80 r=2 gens=2
FIBSURV Sig=2 t=65/81 u=-80
SKIPISO t=65/81 u=-80
MWRANK u=-80/7 r=2 gens=2
FIBSURV Sig=2 t=-25/87 u=-80/7
SKIPISO t=-25/87 u=-80/7
MWRANK u=-81/13 r=2 gens=2
FIBSURV Sig=2 t=-57/47 u=-81/13
SKIPISO t=-57/47 u=-81/13
MWRANK u=-81/47 r=1 gens=2
FIBSURV Sig=2 t=-39/8 u=-81/47
SKIPISO t=-39/8 u=-81/47
MWRANK u=-81/11 r=1 gens=2
FIBSURV Sig=2 t=-21/23 u=-81/11
SKIPISO t=-21/23 u=-81/11
MWRANK u=81/2 r=2 gens=2
FIBSURV Sig=2 t=111/79 u=81/2
SKIPISO t=111/79 u=81/2
MWRANK u=81/65 r=3 gens=2
FIBSURV Sig=2 t=66 u=81/65
SKIPISO t=66 u=81/65
MWRANK u=-81/19 r=1 gens=2
FIBSURV Sig=2 t=-51/25 u=-81/19
SKIPISO t=-51/25 u=-81/19
MWRANK u=-81/55 r=2 gens=2
FIBSURV Sig=2 t=-93/17 u=-81/55
SKIPISO t=-93/17 u=-81/55
MWRANK u=-81/4 r=2 gens=2
FIBSURV Sig=2 t=21/85 u=-81/4
SKIPISO t=21/85 u=-81/4
MWRANK u=-23/81 r=4 gens=2
FIBSURV Sig=2 t=-149/13 u=-23/81
SKIPISO t=-149/13 u=-23/81
MWRANK u=-81/31 r=2 gens=2
FIBSURV Sig=2 t=-24/7 u=-81/31
SKIPISO t=-24/7 u=-81/31
MWRANK u=81/7 r=2 gens=2
FIBSURV Sig=2 t=93/37 u=81/7
SKIPISO t=93/37 u=81/7
MWRANK u=81/73 r=1 gens=2
FIBSURV Sig=2 t=147 u=81/73
SKIPISO t=147 u=81/73
MWRANK u=-81/2 r=2 gens=2
FIBSURV Sig=2 t=51/83 u=-81/2
SKIPISO t=51/83 u=-81/2
MWRANK u=-81/43 r=2 gens=2
FIBSURV Sig=2 t=-141/31 u=-81/43
SKIPISO t=-141/31 u=-81/43
MWRANK u=81/49 r=1 gens=2
FIBSURV Sig=2 t=51/2 u=81/49
SKIPISO t=51/2 u=81/49
MWRANK u=-71/81 r=1 gens=2
FIBSURV Sig=2 t=-143/19 u=-71/81
SKIPISO t=-143/19 u=-71/81
MWRANK u=81/41 r=2 gens=2
FIBSURV Sig=2 t=87/5 u=81/41
SKIPISO t=87/5 u=81/41
MWSKIP u=-79/81 bounds=[1,3]
FIBSURV Sig=2 t=-71/10 u=-79/81
SKIPISO t=-71/10 u=-79/81
MWRANK u=-81/7 r=1 gens=2
FIBSURV Sig=2 t=-3/11 u=-81/7
SKIPISO t=-3/11 u=-81/7
MWRANK u=81/29 r=1 gens=2
FIBSURV Sig=2 t=129/13 u=81/29
SKIPISO t=129/13 u=81/29
MWRANK u=49/81 r=3 gens=2
FIBSURV Sig=2 t=-79/2 u=49/81
SKIPISO t=-79/2 u=49/81
MWRANK u=1/81 r=2 gens=2
FIBSURV Sig=2 t=-76/5 u=1/81
SKIPISO t=-76/5 u=1/81
MWRANK u=81 r=1 gens=2
FIBSURV Sig=2 t=6/5 u=81
SKIPISO t=6/5 u=81
MWRANK u=-81/17 r=2 gens=2
FIBSURV Sig=2 t=-87/49 u=-81/17
SKIPISO t=-87/49 u=-81/17
MWRANK u=-47/81 r=1 gens=2
FIBSURV Sig=2 t=-73/8 u=-47/81
SKIPISO t=-73/8 u=-47/81
MWRANK u=-81/25 r=2 gens=2
FIBSURV Sig=2 t=-147/53 u=-81/25
SKIPISO t=-147/53 u=-81/25
MWRANK u=-81 r=2 gens=2
FIBSURV Sig=2 t=33/41 u=-81
SKIPISO t=33/41 u=-81
MWRANK u=-81/35 r=2 gens=2
FIBSURV Sig=2 t=-111/29 u=-81/35
SKIPISO t=-111/29 u=-81/35
MWRANK u=-55/81 r=2 gens=2
FIBSURV Sig=2 t=-145/17 u=-55/81
SKIPISO t=-145/17 u=-55/81
MWRANK u=-81/5 r=2 gens=2
FIBSURV Sig=2 t=3/43 u=-81/5
SKIPISO t=3/43 u=-81/5
MWRANK u=-31/81 r=2 gens=2
FIBSURV Sig=2 t=-74/7 u=-31/81
SKIPISO t=-74/7 u=-31/81
MWRANK u=81/4 r=2 gens=2
FIBSURV Sig=2 t=141/77 u=81/4
SKIPISO t=141/77 u=81/4
MWRANK u=81/25 r=3 gens=2
FIBSURV Sig=2 t=57/7 u=81/25
SKIPISO t=57/7 u=81/25
MWRANK u=-81/79 r=1 gens=2
FIBSURV Sig=2 t=-69/10 u=-81/79
SKIPISO t=-69/10 u=-81/79
MWRANK u=-81/23 r=2 gens=2
FIBSURV Sig=2 t=-33/13 u=-81/23
SKIPISO t=-33/13 u=-81/23
MWRANK u=-81/71 r=2 gens=2
FIBSURV Sig=2 t=-123/19 u=-81/71
SKIPISO t=-123/19 u=-81/71
MWRANK u=81/17 r=1 gens=2
FIBSURV Sig=2 t=21/4 u=81/17
SKIPISO t=21/4 u=81/17
MWSKIP u=65/81 bounds=[2,4]
FIBSURV Sig=2 t=-80 u=65/81
SKIPISO t=-80 u=65/81
MWRANK u=-81/8 r=2 gens=2
FIBSURV Sig=2 t=-39/89 u=-81/8
SKIPISO t=-39/89 u=-81/8
MWRANK u=-81/14 r=2 gens=2
FIBSURV Sig=2 t=-129/95 u=-81/14
SKIPISO t=-129/95 u=-81/14
MWRANK u=-81/10 r=2 gens=2
FIBSURV Sig=2 t=-69/91 u=-81/10
SKIPISO t=-69/91 u=-81/10
MWRANK u=81/5 r=2 gens=2
FIBSURV Sig=2 t=39/19 u=81/5
SKIPISO t=39/19 u=81/5
MWRANK u=81/11 r=1 gens=2
FIBSURV Sig=2 t=123/35 u=81/11
SKIPISO t=123/35 u=81/11
MWRANK u=17/81 r=2 gens=2
FIBSURV Sig=2 t=-77/4 u=17/81
SKIPISO t=-77/4 u=17/81
MWRANK u=81/13 r=2 gens=2
FIBSURV Sig=2 t=69/17 u=81/13
SKIPISO t=69/17 u=81/13
MWRANK u=-82/9 r=2 gens=2
FIBSURV Sig=2 t=-53/91 u=-82/9
SKIPISO t=-53/91 u=-82/9
MWRANK u=-82/11 r=2 gens=2
FIBSURV Sig=2 t=-83/93 u=-82/11
SKIPISO t=-83/93 u=-82/11
MWRANK u=-82/3 r=2 gens=2
FIBSURV Sig=2 t=37/85 u=-82/3
SKIPISO t=37/85 u=-82/3
MWRANK u=-82/7 r=1 gens=2
FIBSURV Sig=2 t=-23/89 u=-82/7
SKIPISO t=-23/89 u=-82/7
MWRANK u=82/3 r=2 gens=2
FIBSURV Sig=2 t=127/79 u=82/3
SKIPISO t=127/79 u=82/3
MWRANK u=-82/13 r=2 gens=2
FIBSURV Sig=2 t=-113/95 u=-82/13
SKIPISO t=-113/95 u=-82/13
MWRANK u=82 r=3 gens=2
FIBSURV Sig=2 t=97/81 u=82
SKIPISO t=97/81 u=82
MWSKIP u=-82/5 bounds=[1,2]
FIBSURV Sig=2 t=7/87 u=-82/5
SKIPISO t=7/87 u=-82/5
MWRANK u=-82 r=2 gens=2
FIBSURV Sig=2 t=67/83 u=-82
SKIPISO t=67/83 u=-82
MWRANK u=-82/15 r=2 gens=2
FIBSURV Sig=2 t=-143/97 u=-82/15
SKIPISO t=-143/97 u=-82/15
MWRANK u=-83/5 r=2 gens=2
FIBSURV Sig=2 t=1/11 u=-83/5
SKIPISO t=1/11 u=-83/5
MWRANK u=19/83 r=3 gens=2
FIBSURV Sig=2 t=-79/4 u=19/83
SKIPISO t=-79/4 u=19/83
MWRANK u=-83/7 r=2 gens=2
FIBSURV Sig=2 t=-11/45 u=-83/7
SKIPISO t=-11/45 u=-83/7
MWRANK u=83/31 r=1 gens=2
FIBSURV Sig=2 t=137/13 u=83/31
SKIPISO t=137/13 u=83/31
MWSKIP u=-83/10 bounds=[1,2]
FIBSURV Sig=2 t=-67/93 u=-83/10
SKIPISO t=-67/93 u=-83/10
MWRANK u=-69/83 r=2 gens=2
FIBSURV Sig=2 t=-147/19 u=-69/83
SKIPISO t=-147/19 u=-69/83
MWSKIP u=-83/12 bounds=[1,2]
FIBSURV Sig=2 t=-97/95 u=-83/12
SKIPISO t=-97/95 u=-83/12
MWRANK u=83/9 r=2 gens=2
FIBSURV Sig=2 t=109/37 u=83/9
SKIPISO t=109/37 u=83/9
MWRANK u=-45/83 r=2 gens=2
FIBSURV Sig=2 t=-75/8 u=-45/83
SKIPISO t=-75/8 u=-45/83
MWRANK u=83/13 r=2 gens=2
FIBSURV Sig=2 t=139/35 u=83/13
SKIPISO t=139/35 u=83/13
MWRANK u=-83/14 r=3 gens=2
FIBSURV Sig=2 t=-127/97 u=-83/14
SKIPISO t=-127/97 u=-83/14
MWRANK u=-83/15 r=2 gens=2
FIBSURV Sig=2 t=-71/49 u=-83/15
SKIPISO t=-71/49 u=-83/15
MWRANK u=-29/83 r=2 gens=2
FIBSURV Sig=2 t=-76/7 u=-29/83
SKIPISO t=-76/7 u=-29/83
MWRANK u=-83/45 r=1 gens=2
FIBSURV Sig=2 t=-37/8 u=-83/45
SKIPISO t=-37/8 u=-83/45
MWRANK u=-83/11 r=2 gens=2
FIBSURV Sig=2 t=-41/47 u=-83/11
SKIPISO t=-41/47 u=-83/11
MWRANK u=83/23 r=2 gens=2
FIBSURV Sig=2 t=107/15 u=83/23
SKIPISO t=107/15 u=83/23
MWSKIP u=-13/83 bounds=[1,3]
FIBSURV Sig=2 t=-77/6 u=-13/83
SKIPISO t=-77/6 u=-13/83
MWRANK u=-83/61 r=2 gens=2
FIBSURV Sig=2 t=-52/9 u=-83/61
SKIPISO t=-52/9 u=-83/61
MWSKIP u=83/51 bounds=[1,2]
FIBSURV Sig=2 t=53/2 u=83/51
SKIPISO t=53/2 u=83/51
MWRANK u=-83/69 r=2 gens=2
FIBSURV Sig=2 t=-119/19 u=-83/69
SKIPISO t=-119/19 u=-83/69
MWRANK u=-83/37 r=1 gens=2
FIBSURV Sig=2 t=-59/15 u=-83/37
SKIPISO t=-59/15 u=-83/37
MWRANK u=-83/9 r=2 gens=2
FIBSURV Sig=2 t=-13/23 u=-83/9
SKIPISO t=-13/23 u=-83/9
MWRANK u=-83/17 r=2 gens=2
FIBSURV Sig=2 t=-43/25 u=-83/17
SKIPISO t=-43/25 u=-83/17
MWRANK u=35/83 r=2 gens=2
FIBSURV Sig=2 t=-80/3 u=35/83
SKIPISO t=-80/3 u=35/83
MWRANK u=83/67 r=2 gens=2
FIBSURV Sig=2 t=68 u=83/67
SKIPISO t=68 u=83/67
MWRANK u=83/15 r=3 gens=2
FIBSURV Sig=2 t=77/17 u=83/15
SKIPISO t=77/17 u=83/15
MWRANK u=-83/8 r=2 gens=2
FIBSURV Sig=2 t=-37/91 u=-83/8
SKIPISO t=-37/91 u=-83/8
MWRANK u=-83/6 r=2 gens=2
FIBSURV Sig=2 t=-7/89 u=-83/6
SKIPISO t=-7/89 u=-83/6
MWRANK u=83/59 r=1 gens=2
FIBSURV Sig=2 t=121/3 u=83/59
SKIPISO t=121/3 u=83/59
MWRANK u=83/43 r=1 gens=2
FIBSURV Sig=2 t=91/5 u=83/43
SKIPISO t=91/5 u=83/43
MWRANK u=-61/83 r=3 gens=2
FIBSURV Sig=2 t=-74/9 u=-61/83
SKIPISO t=-74/9 u=-61/83
MWRANK u=-83/77 r=3 gens=2
FIBSURV Sig=2 t=-67/10 u=-83/77
SKIPISO t=-67/10 u=-83/77
MWRANK u=83/19 r=1 gens=2
FIBSURV Sig=2 t=23/4 u=83/19
SKIPISO t=23/4 u=83/19
MWRANK u=-83/41 r=1 gens=2
FIBSURV Sig=2 t=-133/31 u=-83/41
SKIPISO t=-133/31 u=-83/41
MWRANK u=83/7 r=1 gens=2
FIBSURV Sig=2 t=47/19 u=83/7
SKIPISO t=47/19 u=83/7
MWRANK u=83/27 r=2 gens=2
FIBSURV Sig=2 t=61/7 u=83/27
SKIPISO t=61/7 u=83/27
MWRANK u=-83/4 r=2 gens=2
FIBSURV Sig=2 t=23/87 u=-83/4
SKIPISO t=23/87 u=-83/4
MWRANK u=-77/83 r=2 gens=2
FIBSURV Sig=2 t=-73/10 u=-77/83
SKIPISO t=-73/10 u=-77/83
MWRANK u=-83/29 r=2 gens=2
FIBSURV Sig=2 t=-22/7 u=-83/29
SKIPISO t=-22/7 u=-83/29
MWRANK u=83/11 r=1 gens=2
FIBSURV Sig=2 t=31/9 u=83/11
SKIPISO t=31/9 u=83/11
MWRANK u=83 r=2 gens=2
FIBSURV Sig=2 t=49/41 u=83
SKIPISO t=49/41 u=83
MWRANK u=-83/3 r=2 gens=2
FIBSURV Sig=2 t=19/43 u=-83/3
SKIPISO t=19/43 u=-83/3
MWRANK u=-83/21 r=3 gens=2
FIBSURV Sig=2 t=-29/13 u=-83/21
SKIPISO t=-29/13 u=-83/21
MWRANK u=83/4 r=2 gens=2
FIBSURV Sig=2 t=143/79 u=83/4
SKIPISO t=143/79 u=83/4
MWSKIP u=83/35 bounds=[1,3]
FIBSURV Sig=2 t=38/3 u=83/35
SKIPISO t=38/3 u=83/35
MWRANK u=67/83 r=2 gens=2
FIBSURV Sig=2 t=-82 u=67/83
SKIPISO t=-82 u=67/83
MWRANK u=3/83 r=2 gens=2
FIBSURV Sig=2 t=-78/5 u=3/83
SKIPISO t=-78/5 u=3/83
MWRANK u=75/83 r=3 gens=2
MWRANK u=-83 r=3 gens=2
FIBSURV Sig=2 t=17/21 u=-83
SKIPISO t=17/21 u=-83
MWRANK u=-83/19 r=2 gens=2
FIBSURV Sig=2 t=-101/51 u=-83/19
SKIPISO t=-101/51 u=-83/19
MWRANK u=51/83 r=1 gens=2
FIBSURV Sig=2 t=-81/2 u=51/83
SKIPISO t=-81/2 u=51/83
MWRANK u=-83/33 r=2 gens=2
FIBSURV Sig=2 t=-103/29 u=-83/33
SKIPISO t=-103/29 u=-83/33
MWRANK u=-83/2 r=4 gens=2
FIBSURV Sig=2 t=53/85 u=-83/2
SKIPISO t=53/85 u=-83/2
MWRANK u=83/2 r=2 gens=2
FIBSURV Sig=2 t=113/81 u=83/2
SKIPISO t=113/81 u=83/2
MWRANK u=-83/53 r=2 gens=2
FIBSURV Sig=2 t=-89/17 u=-83/53
SKIPISO t=-89/17 u=-83/53
MWRANK u=-83/23 r=2 gens=2
FIBSURV Sig=2 t=-131/53 u=-83/23
SKIPISO t=-131/53 u=-83/23
MWRANK u=83/3 r=3 gens=2
FIBSURV Sig=2 t=8/5 u=83/3
SKIPISO t=8/5 u=83/3
MWRANK u=-84/13 r=2 gens=2
FIBSURV Sig=2 t=-111/97 u=-84/13
SKIPISO t=-111/97 u=-84/13
MWRANK u=84 r=2 gens=2
FIBSURV Sig=2 t=99/83 u=84
SKIPISO t=99/83 u=84
MWRANK u=-84 r=2 gens=2
FIBSURV Sig=2 t=69/85 u=-84
SKIPISO t=69/85 u=-84
MWRANK u=-84/5 r=2 gens=2
FIBSURV Sig=2 t=9/89 u=-84/5
SKIPISO t=9/89 u=-84/5
MWRANK u=-84/11 r=2 gens=2
FIBSURV Sig=2 t=-81/95 u=-84/11
SKIPISO t=-81/95 u=-84/11
MWRANK u=-85/31 r=2 gens=2
FIBSURV Sig=2 t=-95/29 u=-85/31
SKIPISO t=-95/29 u=-85/31
MWRANK u=-85/9 r=4 gens=2
FIBSURV Sig=2 t=-25/47 u=-85/9
SKIPISO t=-25/47 u=-85/9
MWRANK u=-11/85 r=2 gens=2
FIBSURV Sig=2 t=-79/6 u=-11/85
SKIPISO t=-79/6 u=-11/85
MWRANK u=-85/11 r=2 gens=2
FIBSURV Sig=2 t=-5/6 u=-85/11
SKIPISO t=-5/6 u=-85/11
MWRANK u=37/85 r=2 gens=2
FIBSURV Sig=2 t=-82/3 u=37/85
SKIPISO t=-82/3 u=37/85
MWRANK u=85/4 r=1 gens=2
FIBSURV Sig=2 t=145/81 u=85/4
SKIPISO t=145/81 u=85/4
MWRANK u=69/85 r=2 gens=2
FIBSURV Sig=2 t=-84 u=69/85
SKIPISO t=-84 u=69/85
MWRANK u=-85/8 r=2 gens=2
FIBSURV Sig=2 t=-35/93 u=-85/8
SKIPISO t=-35/93 u=-85/8
MWRANK u=53/85 r=3 gens=2
FIBSURV Sig=2 t=-83/2 u=53/85
SKIPISO t=-83/2 u=53/85
MWRANK u=85/21 r=1 gens=2
FIBSURV Sig=2 t=25/4 u=85/21
SKIPISO t=25/4 u=85/21
MWRANK u=85/3 r=2 gens=2
FIBSURV Sig=2 t=65/41 u=85/3
SKIPISO t=65/41 u=85/3
MWRANK u=-85/12 r=2 gens=2
FIBSURV Sig=2 t=-95/97 u=-85/12
SKIPISO t=-95/97 u=-85/12
MWRANK u=-85/2 r=2 gens=2
FIBSURV Sig=2 t=55/87 u=-85/2
SKIPISO t=55/87 u=-85/2
MWRANK u=-85/27 r=1 gens=2
FIBSURV Sig=2 t=-20/7 u=-85/27
SKIPISO t=-20/7 u=-85/27
MWRANK u=-85/4 r=2 gens=2
FIBSURV Sig=2 t=25/89 u=-85/4
SKIPISO t=25/89 u=-85/4
MWRANK u=85/2 r=2 gens=2
FIBSURV Sig=2 t=115/83 u=85/2
SKIPISO t=115/83 u=85/2
MWRANK u=-85/3 r=1 gens=2
FIBSURV Sig=2 t=5/11 u=-85/3
SKIPISO t=5/11 u=-85/3
MWRANK u=-43/85 r=2 gens=2
FIBSURV Sig=2 t=-77/8 u=-43/85
SKIPISO t=-77/8 u=-43/85
MWRANK u=21/85 r=2 gens=2
FIBSURV Sig=2 t=-81/4 u=21/85
SKIPISO t=-81/4 u=21/85
MWRANK u=85/29 r=1 gens=2
FIBSURV Sig=2 t=65/7 u=85/29
SKIPISO t=65/7 u=85/29
MWRANK u=-85/13 r=2 gens=2
FIBSURV Sig=2 t=-55/49 u=-85/13
SKIPISO t=-55/49 u=-85/13
MWRANK u=-85/83 r=2 gens=2
FIBSURV Sig=2 t=-145/21 u=-85/83
SKIPISO t=-145/21 u=-85/83
MWRANK u=85/9 r=1 gens=2
FIBSURV Sig=2 t=55/19 u=85/9
SKIPISO t=55/19 u=85/9
MWSKIP u=-85 bounds=[1,3]
FIBSURV Sig=2 t=35/43 u=-85
SKIPISO t=35/43 u=-85
MWRANK u=-85/6 r=2 gens=2
FIBSURV Sig=2 t=-5/91 u=-85/6
SKIPISO t=-5/91 u=-85/6
MWRANK u=-83/85 r=2 gens=2
FIBSURV Sig=2 t=-149/21 u=-83/85
SKIPISO t=-149/21 u=-83/85
MWRANK u=85/61 r=1 gens=2
FIBSURV Sig=2 t=125/3 u=85/61
SKIPISO t=125/3 u=85/61
MWRANK u=85/53 r=1 gens=2
FIBSURV Sig=2 t=55/2 u=85/53
SKIPISO t=55/2 u=85/53
MWRANK u=85/33 r=1 gens=2
FIBSURV Sig=2 t=145/13 u=85/33
SKIPISO t=145/13 u=85/33
MWRANK u=85/69 r=1 gens=2
FIBSURV Sig=2 t=70 u=85/69
SKIPISO t=70 u=85/69
MWRANK u=85 r=3 gens=2
FIBSURV Sig=2 t=25/21 u=85
SKIPISO t=25/21 u=85
MWRANK u=-85/23 r=1 gens=2
FIBSURV Sig=2 t=-65/27 u=-85/23
SKIPISO t=-65/27 u=-85/23
MWRANK u=85/11 r=1 gens=2
FIBSURV Sig=2 t=125/37 u=85/11
SKIPISO t=125/37 u=85/11
MWRANK u=-85/7 r=1 gens=2
FIBSURV Sig=2 t=-5/23 u=-85/7
SKIPISO t=-5/23 u=-85/7
MWRANK u=-85/59 r=3 gens=2
FIBSURV Sig=2 t=-50/9 u=-85/59
SKIPISO t=-50/9 u=-85/59
MWRANK u=85/13 r=2 gens=2
FIBSURV Sig=2 t=35/9 u=85/13
SKIPISO t=35/9 u=85/13
MWRANK u=85/37 r=1 gens=2
FIBSURV Sig=2 t=40/3 u=85/37
SKIPISO t=40/3 u=85/37
MWRANK u=-85/43 r=2 gens=2
FIBSURV Sig=2 t=-35/8 u=-85/43
SKIPISO t=-35/8 u=-85/43
MWRANK u=-85/14 r=2 gens=2
FIBSURV Sig=2 t=-125/99 u=-85/14
SKIPISO t=-125/99 u=-85/14
MWRANK u=-85/67 r=2 gens=2
FIBSURV Sig=2 t=-115/19 u=-85/67
SKIPISO t=-115/19 u=-85/67
MWRANK u=-59/85 r=2 gens=2
FIBSURV Sig=2 t=-76/9 u=-59/85
SKIPISO t=-76/9 u=-59/85
MWRANK u=-85/21 r=2 gens=2
FIBSURV Sig=2 t=-115/53 u=-85/21
SKIPISO t=-115/53 u=-85/21
MWRANK u=85/7 r=2 gens=2
FIBSURV Sig=2 t=95/39 u=85/7
SKIPISO t=95/39 u=85/7
MWRANK u=-27/85 r=2 gens=2
FIBSURV Sig=2 t=-78/7 u=-27/85
SKIPISO t=-78/7 u=-27/85
MWRANK u=-85/39 r=3 gens=2
FIBSURV Sig=2 t=-125/31 u=-85/39
SKIPISO t=-125/31 u=-85/39
MWRANK u=-86/13 r=1 gens=2
FIBSURV Sig=2 t=-109/99 u=-86/13
SKIPISO t=-109/99 u=-86/13
MWRANK u=86 r=2 gens=2
FIBSURV Sig=2 t=101/85 u=86
SKIPISO t=101/85 u=86
MWRANK u=-86/3 r=2 gens=2
FIBSURV Sig=2 t=41/89 u=-86/3
SKIPISO t=41/89 u=-86/3
MWRANK u=-86/15 r=4 gens=2
FIBSURV Sig=2 t=-139/101 u=-86/15
SKIPISO t=-139/101 u=-86/15
MWRANK u=-86/7 r=2 gens=2
FIBSURV Sig=2 t=-19/93 u=-86/7
SKIPISO t=-19/93 u=-86/7
MWSKIP u=86/3 bounds=[1,2]
FIBSURV Sig=2 t=131/83 u=86/3
SKIPISO t=131/83 u=86/3
MWRANK u=-86/9 r=2 gens=2
FIBSURV Sig=2 t=-49/95 u=-86/9
SKIPISO t=-49/95 u=-86/9
MWRANK u=-86/11 r=2 gens=2
FIBSURV Sig=2 t=-79/97 u=-86/11
SKIPISO t=-79/97 u=-86/11
MWRANK u=-86/5 r=2 gens=2
FIBSURV Sig=2 t=11/91 u=-86/5
SKIPISO t=11/91 u=-86/5
MWRANK u=-86 r=2 gens=2
FIBSURV Sig=2 t=71/87 u=-86
SKIPISO t=71/87 u=-86
MWRANK u=87/47 r=3 gens=2
FIBSURV Sig=2 t=99/5 u=87/47
SKIPISO t=99/5 u=87/47
MWRANK u=87/11 r=1 gens=2
FIBSURV Sig=2 t=63/19 u=87/11
SKIPISO t=63/19 u=87/11
MWRANK u=87/4 r=2 gens=2
FIBSURV Sig=2 t=147/83 u=87/4
SKIPISO t=147/83 u=87/4
MWRANK u=87/55 r=2 gens=2
FIBSURV Sig=2 t=57/2 u=87/55
SKIPISO t=57/2 u=87/55
MWRANK u=87/5 r=2 gens=2
FIBSURV Sig=2 t=81/41 u=87/5
SKIPISO t=81/41 u=87/5
MWRANK u=87/71 r=1 gens=2
FIBSURV Sig=2 t=72 u=87/71
SKIPISO t=72 u=87/71
MWRANK u=71/87 r=2 gens=2
FIBSURV Sig=2 t=-86 u=71/87
SKIPISO t=-86 u=71/87
MWRANK u=-41/87 r=1 gens=2
FIBSURV Sig=2 t=-79/8 u=-41/87
SKIPISO t=-79/8 u=-41/87
MWRANK u=-87/2 r=2 gens=2
FIBSURV Sig=2 t=57/89 u=-87/2
SKIPISO t=57/89 u=-87/2
MWRANK u=7/87 r=2 gens=2
FIBSURV Sig=2 t=-82/5 u=7/87
SKIPISO t=-82/5 u=7/87
MWRANK u=23/87 r=2 gens=2
FIBSURV Sig=2 t=-83/4 u=23/87
SKIPISO t=-83/4 u=23/87
MWSKIP u=-87/73 bounds=[1,3]
FIBSURV Sig=2 t=-63/10 u=-87/73
SKIPISO t=-63/10 u=-87/73
MWRANK u=87/31 r=1 gens=2
FIBSURV Sig=2 t=69/7 u=87/31
SKIPISO t=69/7 u=87/31
MWRANK u=55/87 r=2 gens=2
FIBSURV Sig=2 t=-85/2 u=55/87
SKIPISO t=-85/2 u=55/87
MWRANK u=87/7 r=1 gens=2
FIBSURV Sig=2 t=12/5 u=87/7
SKIPISO t=12/5 u=87/7
MWRANK u=-87/8 r=2 gens=2
FIBSURV Sig=2 t=-33/95 u=-87/8
SKIPISO t=-33/95 u=-87/8
MWRANK u=-87/65 r=1 gens=2
FIBSURV Sig=2 t=-111/19 u=-87/65
SKIPISO t=-111/19 u=-87/65
MWRANK u=-87/13 r=3 gens=2
FIBSURV Sig=2 t=-27/25 u=-87/13
SKIPISO t=-27/25 u=-87/13
MWRANK u=-87/25 r=1 gens=2
FIBSURV Sig=2 t=-18/7 u=-87/25
SKIPISO t=-18/7 u=-87/25
MWRANK u=87 r=2 gens=2
FIBSURV Sig=2 t=51/43 u=87
SKIPISO t=51/43 u=87
MWSKIP u=-87/10 bounds=[1,2]
FIBSURV Sig=2 t=-63/97 u=-87/10
SKIPISO t=-63/97 u=-87/10
MWRANK u=-87/23 r=2 gens=2
FIBSURV Sig=2 t=-129/55 u=-87/23
SKIPISO t=-129/55 u=-87/23
MWRANK u=-87/37 r=2 gens=2
FIBSURV Sig=2 t=-117/31 u=-87/37
SKIPISO t=-117/31 u=-87/37
MWRANK u=-73/87 r=1 gens=2
FIBSURV Sig=2 t=-77/10 u=-73/87
SKIPISO t=-77/10 u=-73/87
MWRANK u=-87/41 r=3 gens=2
FIBSURV Sig=2 t=-33/8 u=-87/41
SKIPISO t=-33/8 u=-87/41
MWRANK u=87/13 r=1 gens=2
FIBSURV Sig=2 t=141/37 u=87/13
SKIPISO t=141/37 u=87/13
MWRANK u=-87 r=2 gens=2
FIBSURV Sig=2 t=9/11 u=-87
SKIPISO t=9/11 u=-87
MWRANK u=87/2 r=2 gens=2
FIBSURV Sig=2 t=117/85 u=87/2
SKIPISO t=117/85 u=87/2
MWRANK u=87/79 r=3 gens=2
FIBSURV Sig=2 t=159 u=87/79
SKIPISO t=159 u=87/79
MWRANK u=-87/7 r=2 gens=2
FIBSURV Sig=2 t=-9/47 u=-87/7
SKIPISO t=-9/47 u=-87/7
MWRANK u=-87/19 r=2 gens=2
FIBSURV Sig=2 t=-99/53 u=-87/19
SKIPISO t=-99/53 u=-87/19
MWRANK u=-87/5 r=1 gens=2
FIBSURV Sig=2 t=3/23 u=-87/5
SKIPISO t=3/23 u=-87/5
MWRANK u=87/19 r=1 gens=2
FIBSURV Sig=2 t=93/17 u=87/19
SKIPISO t=93/17 u=87/19
MWRANK u=-87/17 r=3 gens=2
FIBSURV Sig=2 t=-21/13 u=-87/17
SKIPISO t=-21/13 u=-87/17
MWSKIP u=-25/87 bounds=[1,2]
FIBSURV Sig=2 t=-80/7 u=-25/87
SKIPISO t=-80/7 u=-25/87
MWRANK u=-87/49 r=2 gens=2
FIBSURV Sig=2 t=-81/17 u=-87/49
SKIPISO t=-81/17 u=-87/49
MWRANK u=-87/4 r=2 gens=2
FIBSURV Sig=2 t=27/91 u=-87/4
SKIPISO t=27/91 u=-87/4
MWRANK u=-87/14 r=2 gens=2
FIBSURV Sig=2 t=-123/101 u=-87/14
SKIPISO t=-123/101 u=-87/14
MWRANK u=-87/11 r=1 gens=2
FIBSURV Sig=2 t=-39/49 u=-87/11
SKIPISO t=-39/49 u=-87/11
MWRANK u=-88/5 r=2 gens=2
FIBSURV Sig=2 t=13/93 u=-88/5
SKIPISO t=13/93 u=-88/5
MWRANK u=-88/13 r=2 gens=2
FIBSURV Sig=2 t=-107/101 u=-88/13
SKIPISO t=-107/101 u=-88/13
MWRANK u=-88/3 r=2 gens=2
FIBSURV Sig=2 t=43/91 u=-88/3
SKIPISO t=43/91 u=-88/3
MWRANK u=-88 r=2 gens=2
FIBSURV Sig=2 t=73/89 u=-88
SKIPISO t=73/89 u=-88
MWRANK u=88/3 r=2 gens=2
FIBSURV Sig=2 t=133/85 u=88/3
SKIPISO t=133/85 u=88/3
MWRANK u=88 r=2 gens=2
FIBSURV Sig=2 t=103/87 u=88
SKIPISO t=103/87 u=88
MWRANK u=-88/15 r=2 gens=2
FIBSURV Sig=2 t=-137/103 u=-88/15
SKIPISO t=-137/103 u=-88/15
MWSKIP u=-88/7 bounds=[2,4]
FIBSURV Sig=2 t=-17/95 u=-88/7
SKIPISO t=-17/95 u=-88/7
MWRANK u=-88/9 r=2 gens=2
FIBSURV Sig=2 t=-47/97 u=-88/9
SKIPISO t=-47/97 u=-88/9
MWRANK u=89/11 r=1 gens=2
FIBSURV Sig=2 t=127/39 u=89/11
SKIPISO t=127/39 u=89/11
MWRANK u=-87/89 r=4 gens=2
FIBSURV Sig=2 t=-78/11 u=-87/89
SKIPISO t=-78/11 u=-87/89
MWRANK u=-71/89 r=3 gens=2
FIBSURV Sig=2 t=-79/10 u=-71/89
SKIPISO t=-79/10 u=-71/89
MWRANK u=-7/89 r=1 gens=2
FIBSURV Sig=2 t=-83/6 u=-7/89
SKIPISO t=-83/6 u=-7/89
MWRANK u=89/13 r=1 gens=2
FIBSURV Sig=2 t=71/19 u=89/13
SKIPISO t=71/19 u=89/13
MWRANK u=-89/23 r=1 gens=2
FIBSURV Sig=2 t=-16/7 u=-89/23
SKIPISO t=-16/7 u=-89/23
MWRANK u=73/89 r=2 gens=2
FIBSURV Sig=2 t=-88 u=73/89
SKIPISO t=-88 u=73/89
MWSKIP u=89/4 bounds=[1,2]
FIBSURV Sig=2 t=149/85 u=89/4
SKIPISO t=149/85 u=89/4
MWRANK u=89/41 r=1 gens=2
FIBSURV Sig=2 t=44/3 u=89/41
SKIPISO t=44/3 u=89/41
MWRANK u=-89/8 r=2 gens=2
FIBSURV Sig=2 t=-31/97 u=-89/8
SKIPISO t=-31/97 u=-89/8
MWRANK u=89/9 r=1 gens=2
FIBSURV Sig=2 t=14/5 u=89/9
SKIPISO t=14/5 u=89/9
MWRANK u=-89/7 r=2 gens=2
FIBSURV Sig=2 t=-1/6 u=-89/7
SKIPISO t=-1/6 u=-89/7
MWRANK u=-89/79 r=1 gens=2
FIBSURV Sig=2 t=-137/21 u=-89/79
SKIPISO t=-137/21 u=-89/79
MWRANK u=-89/55 r=2 gens=2
FIBSURV Sig=2 t=-46/9 u=-89/55
SKIPISO t=-46/9 u=-89/55
MWRANK u=-89/39 r=1 gens=2
FIBSURV Sig=2 t=-31/8 u=-89/39
SKIPISO t=-31/8 u=-89/39
MWRANK u=89/29 r=1 gens=2
FIBSURV Sig=2 t=131/15 u=89/29
SKIPISO t=131/15 u=89/29
MWRANK u=-89/2 r=1 gens=2
FIBSURV Sig=2 t=59/91 u=-89/2
SKIPISO t=59/91 u=-89/2
MWRANK u=-89/35 r=2 gens=2
FIBSURV Sig=2 t=-109/31 u=-89/35
SKIPISO t=-109/31 u=-89/35
MWRANK u=-89/3 r=1 gens=2
FIBSURV Sig=2 t=11/23 u=-89/3
SKIPISO t=11/23 u=-89/3
MWRANK u=-89/5 r=2 gens=2
FIBSURV Sig=2 t=7/47 u=-89/5
SKIPISO t=7/47 u=-89/5
MWRANK u=89 r=3 gens=2
FIBSURV Sig=2 t=13/11 u=89
SKIPISO t=13/11 u=89
MWRANK u=89/57 r=1 gens=2
FIBSURV Sig=2 t=59/2 u=89/57
SKIPISO t=59/2 u=89/57
MWRANK u=-89/9 r=2 gens=2
FIBSURV Sig=2 t=-23/49 u=-89/9
SKIPISO t=-23/49 u=-89/9
MWSKIP u=-89/10 bounds=[1,3]
FIBSURV Sig=2 t=-61/99 u=-89/10
SKIPISO t=-61/99 u=-89/10
MWRANK u=-89/25 r=2 gens=2
FIBSURV Sig=2 t=-143/57 u=-89/25
SKIPISO t=-143/57 u=-89/25
MWSKIP u=-55/89 bounds=[1,3]
FIBSURV Sig=2 t=-80/9 u=-55/89
SKIPISO t=-80/9 u=-55/89
MWRANK u=-39/89 r=1 gens=2
FIBSURV Sig=2 t=-81/8 u=-39/89
SKIPISO t=-81/8 u=-39/89
MWRANK u=41/89 r=2 gens=2
FIBSURV Sig=2 t=-86/3 u=41/89
SKIPISO t=-86/3 u=41/89
MWRANK u=89/49 r=2 gens=2
FIBSURV Sig=2 t=103/5 u=89/49
SKIPISO t=103/5 u=89/49
MWRANK u=89/33 r=3 gens=2
FIBSURV Sig=2 t=73/7 u=89/33
SKIPISO t=73/7 u=89/33
MWRANK u=-89/63 r=2 gens=2
FIBSURV Sig=2 t=-107/19 u=-89/63
SKIPISO t=-107/19 u=-89/63
MWRANK u=89/65 r=1 gens=2
FIBSURV Sig=2 t=133/3 u=89/65
SKIPISO t=133/3 u=89/65
MWRANK u=-89/11 r=1 gens=2
FIBSURV Sig=2 t=-19/25 u=-89/11
SKIPISO t=-19/25 u=-89/11
MWRANK u=89/17 r=1 gens=2
FIBSURV Sig=2 t=43/9 u=89/17
SKIPISO t=43/9 u=89/17
MWRANK u=-89/31 r=2 gens=2
FIBSURV Sig=2 t=-47/15 u=-89/31
SKIPISO t=-47/15 u=-89/31
MWRANK u=-89/13 r=2 gens=2
FIBSURV Sig=2 t=-53/51 u=-89/13
SKIPISO t=-53/51 u=-89/13
MWRANK u=-89/14 r=2 gens=2
FIBSURV Sig=2 t=-121/103 u=-89/14
SKIPISO t=-121/103 u=-89/14
MWRANK u=-89/4 r=2 gens=2
FIBSURV Sig=2 t=29/93 u=-89/4
SKIPISO t=29/93 u=-89/4
MWSKIP u=-89/87 bounds=[1,2]
FIBSURV Sig=2 t=-76/11 u=-89/87
SKIPISO t=-76/11 u=-89/87
MWRANK u=89/73 r=3 gens=2
FIBSURV Sig=2 t=74 u=89/73
SKIPISO t=74 u=89/73
MWRANK u=89/7 r=2 gens=2
FIBSURV Sig=2 t=97/41 u=89/7
SKIPISO t=97/41 u=89/7
MWRANK u=-89/43 r=2 gens=2
FIBSURV Sig=2 t=-139/33 u=-89/43
SKIPISO t=-139/33 u=-89/43
MWRANK u=-89/6 r=2 gens=2
FIBSURV Sig=2 t=-1/95 u=-89/6
SKIPISO t=-1/95 u=-89/6
MWRANK u=-89/12 r=2 gens=2
FIBSURV Sig=2 t=-91/101 u=-89/12
SKIPISO t=-91/101 u=-89/12
MWRANK u=-89 r=2 gens=2
FIBSURV Sig=2 t=37/45 u=-89
SKIPISO t=37/45 u=-89
MWRANK u=-89/71 r=3 gens=2
FIBSURV Sig=2 t=-61/10 u=-89/71
SKIPISO t=-61/10 u=-89/71
MWRANK u=89/25 r=2 gens=2
FIBSURV Sig=2 t=29/4 u=89/25
SKIPISO t=29/4 u=89/25
MWRANK u=9/89 r=2 gens=2
FIBSURV Sig=2 t=-84/5 u=9/89
SKIPISO t=-84/5 u=9/89
MWRANK u=-23/89 r=4 gens=2
FIBSURV Sig=2 t=-82/7 u=-23/89
SKIPISO t=-82/7 u=-23/89
MWRANK u=-89/17 r=2 gens=2
FIBSURV Sig=2 t=-83/53 u=-89/17
SKIPISO t=-83/53 u=-89/17
MWRANK u=-89/15 r=2 gens=2
FIBSURV Sig=2 t=-17/13 u=-89/15
SKIPISO t=-17/13 u=-89/15
MWRANK u=57/89 r=3 gens=2
FIBSURV Sig=2 t=-87/2 u=57/89
SKIPISO t=-87/2 u=57/89
MWRANK u=89/21 r=3 gens=2
FIBSURV Sig=2 t=101/17 u=89/21
SKIPISO t=101/17 u=89/21
MWRANK u=89/2 r=2 gens=2
FIBSURV Sig=2 t=119/87 u=89/2
SKIPISO t=119/87 u=89/2
MWRANK u=25/89 r=4 gens=2
FIBSURV Sig=2 t=-85/4 u=25/89
SKIPISO t=-85/4 u=25/89
MWRANK u=-89/21 r=2 gens=2
FIBSURV Sig=2 t=-113/55 u=-89/21
SKIPISO t=-113/55 u=-89/21
MWRANK u=-89/19 r=1 gens=2
FIBSURV Sig=2 t=-49/27 u=-89/19
SKIPISO t=-49/27 u=-89/19
MWRANK u=-89/27 r=2 gens=2
FIBSURV Sig=2 t=-79/29 u=-89/27
SKIPISO t=-79/29 u=-89/27
MWRANK u=90 r=2 gens=2
FIBSURV Sig=2 t=105/89 u=90
SKIPISO t=105/89 u=90
MWRANK u=-90/13 r=2 gens=2
FIBSURV Sig=2 t=-105/103 u=-90/13
SKIPISO t=-105/103 u=-90/13
MWRANK u=-90/7 r=2 gens=2
FIBSURV Sig=2 t=-15/97 u=-90/7
SKIPISO t=-15/97 u=-90/7
MWRANK u=-90/11 r=1 gens=2
FIBSURV Sig=2 t=-75/101 u=-90/11
SKIPISO t=-75/101 u=-90/11
MWRANK u=-90 r=2 gens=2
FIBSURV Sig=2 t=75/91 u=-90
SKIPISO t=75/91 u=-90
MWRANK u=-91 r=2 gens=2
FIBSURV Sig=2 t=19/23 u=-91
SKIPISO t=19/23 u=-91
MWRANK u=91/67 r=2 gens=2
FIBSURV Sig=2 t=137/3 u=91/67
SKIPISO t=137/3 u=91/67
MWRANK u=91/23 r=2 gens=2
FIBSURV Sig=2 t=109/17 u=91/23
SKIPISO t=109/17 u=91/23
MWRANK u=-91/8 r=2 gens=2
FIBSURV Sig=2 t=-29/99 u=-91/8
SKIPISO t=-29/99 u=-91/8
MWSKIP u=-91/3 bounds=[1,2]
FIBSURV Sig=2 t=23/47 u=-91/3
SKIPISO t=23/47 u=-91/3
MWRANK u=-91/33 r=2 gens=2
FIBSURV Sig=2 t=-101/31 u=-91/33
SKIPISO t=-101/31 u=-91/33
MWSKIP u=-91/2 bounds=[1,2]
FIBSURV Sig=2 t=61/93 u=-91/2
SKIPISO t=61/93 u=-91/2
MWRANK u=-91/29 r=2 gens=2
FIBSURV Sig=2 t=-43/15 u=-91/29
SKIPISO t=-43/15 u=-91/29
MWSKIP u=-91/10 bounds=[1,2]
FIBSURV Sig=2 t=-59/101 u=-91/10
SKIPISO t=-59/101 u=-91/10
MWRANK u=43/91 r=2 gens=2
FIBSURV Sig=2 t=-88/3 u=43/91
SKIPISO t=-88/3 u=43/91
MWRANK u=91/27 r=1 gens=2
FIBSURV Sig=2 t=31/4 u=91/27
SKIPISO t=31/4 u=91/27
MWRANK u=-5/91 r=1 gens=2
FIBSURV Sig=2 t=-85/6 u=-5/91
SKIPISO t=-85/6 u=-5/91
MWSKIP u=11/91 bounds=[1,2]
FIBSURV Sig=2 t=-86/5 u=11/91
SKIPISO t=-86/5 u=11/91
MWRANK u=-91/45 r=2 gens=2
FIBSURV Sig=2 t=-73/17 u=-91/45
SKIPISO t=-73/17 u=-91/45
MWRANK u=-91/4 r=2 gens=2
FIBSURV Sig=2 t=31/95 u=-91/4
SKIPISO t=31/95 u=-91/4
MWRANK u=75/91 r=2 gens=2
FIBSURV Sig=2 t=-90 u=75/91
SKIPISO t=-90 u=75/91
MWRANK u=27/91 r=2 gens=2
FIBSURV Sig=2 t=-87/4 u=27/91
SKIPISO t=-87/4 u=27/91
MWRANK u=-53/91 r=2 gens=2
FIBSURV Sig=2 t=-82/9 u=-53/91
SKIPISO t=-82/9 u=-53/91
MWRANK u=-91/9 r=1 gens=2
FIBSURV Sig=2 t=-11/25 u=-91/9
SKIPISO t=-11/25 u=-91/9
MWRANK u=-91/23 r=2 gens=2
FIBSURV Sig=2 t=-127/57 u=-91/23
SKIPISO t=-127/57 u=-91/23
MWRANK u=-91/37 r=1 gens=2
FIBSURV Sig=2 t=-29/8 u=-91/37
SKIPISO t=-29/8 u=-91/37
MWRANK u=-85/91 r=2 gens=2
FIBSURV Sig=2 t=-80/11 u=-85/91
SKIPISO t=-80/11 u=-85/91
MWRANK u=-91/5 r=1 gens=2
FIBSURV Sig=2 t=1/6 u=-91/5
SKIPISO t=1/6 u=-91/5
MWRANK u=91/19 r=1 gens=2
FIBSURV Sig=2 t=47/9 u=91/19
SKIPISO t=47/9 u=91/19
MWRANK u=91/15 r=2 gens=2
FIBSURV Sig=2 t=79/19 u=91/15
SKIPISO t=79/19 u=91/15
MWSKIP u=-91/85 bounds=[1,2]
FIBSURV Sig=2 t=-74/11 u=-91/85
SKIPISO t=-74/11 u=-91/85
MWRANK u=91/51 r=3 gens=2
FIBSURV Sig=2 t=107/5 u=91/51
SKIPISO t=107/5 u=91/51
MWRANK u=91/3 r=1 gens=2
FIBSURV Sig=2 t=17/11 u=91/3
SKIPISO t=17/11 u=91/3
MWSKIP u=91 bounds=[1,3]
FIBSURV Sig=2 t=53/45 u=91
SKIPISO t=53/45 u=91
MWRANK u=-91/53 r=3 gens=2
FIBSURV Sig=2 t=-44/9 u=-91/53
SKIPISO t=-44/9 u=-91/53
MWRANK u=91/5 r=2 gens=2
FIBSURV Sig=2 t=83/43 u=91/5
SKIPISO t=83/43 u=91/5
MWRANK u=-91/25 r=1 gens=2
FIBSURV Sig=2 t=-71/29 u=-91/25
SKIPISO t=-71/29 u=-91/25
MWRANK u=-69/91 r=2 gens=2
FIBSURV Sig=2 t=-81/10 u=-69/91
SKIPISO t=-81/10 u=-69/91
MWRANK u=91/31 r=3 gens=2
FIBSURV Sig=2 t=139/15 u=91/31
SKIPISO t=139/15 u=91/31
MWRANK u=91/11 r=1 gens=2
FIBSURV Sig=2 t=16/5 u=91/11
SKIPISO t=16/5 u=91/11
MWSKIP u=-91/69 bounds=[1,3]
FIBSURV Sig=2 t=-59/10 u=-91/69
SKIPISO t=-59/10 u=-91/69
MWRANK u=91/59 r=2 gens=2
FIBSURV Sig=2 t=61/2 u=91/59
SKIPISO t=61/2 u=91/59
MWRANK u=91/9 r=2 gens=2
FIBSURV Sig=2 t=113/41 u=91/9
SKIPISO t=113/41 u=91/9
MWRANK u=-91/19 r=2 gens=2
FIBSURV Sig=2 t=-97/55 u=-91/19
SKIPISO t=-97/55 u=-91/19
MWRANK u=59/91 r=1 gens=2
FIBSURV Sig=2 t=-89/2 u=59/91
SKIPISO t=-89/2 u=59/91
MWRANK u=91/2 r=1 gens=2
FIBSURV Sig=2 t=121/89 u=91/2
SKIPISO t=121/89 u=91/2
MWRANK u=-91/6 r=2 gens=2
FIBSURV Sig=2 t=1/97 u=-91/6
SKIPISO t=1/97 u=-91/6
MWRANK u=91/43 r=1 gens=2
FIBSURV Sig=2 t=46/3 u=91/43
SKIPISO t=46/3 u=91/43
MWSKIP u=91/75 bounds=[1,3]
FIBSURV Sig=2 t=76 u=91/75
SKIPISO t=76 u=91/75
MWSKIP u=-37/91 bounds=[1,2]
FIBSURV Sig=2 t=-83/8 u=-37/91
SKIPISO t=-83/8 u=-37/91
MWRANK u=-91/17 r=1 gens=2
FIBSURV Sig=2 t=-41/27 u=-91/17
SKIPISO t=-41/27 u=-91/17
MWRANK u=-91/16 r=1 gens=2
FIBSURV Sig=2 t=-149/107 u=-91/16
SKIPISO t=-149/107 u=-91/16
MWRANK u=-91/61 r=2 gens=2
FIBSURV Sig=2 t=-103/19 u=-91/61
SKIPISO t=-103/19 u=-91/61
MWRANK u=-91/41 r=1 gens=2
FIBSURV Sig=2 t=-131/33 u=-91/41
SKIPISO t=-131/33 u=-91/41
MWRANK u=-91/12 r=2 gens=2
FIBSURV Sig=2 t=-89/103 u=-91/12
SKIPISO t=-89/103 u=-91/12
MWRANK u=-91/11 r=2 gens=2
FIBSURV Sig=2 t=-37/51 u=-91/11
SKIPISO t=-37/51 u=-91/11
MWRANK u=-91/15 r=2 gens=2
FIBSURV Sig=2 t=-67/53 u=-91/15
SKIPISO t=-67/53 u=-91/15
MWRANK u=-92/9 r=2 gens=2
FIBSURV Sig=2 t=-43/101 u=-92/9
SKIPISO t=-43/101 u=-92/9
MWRANK u=-92/7 r=3 gens=2
FIBSURV Sig=2 t=-13/99 u=-92/7
SKIPISO t=-13/99 u=-92/7
MWSKIP u=-92/15 bounds=[1,2]
FIBSURV Sig=2 t=-133/107 u=-92/15
SKIPISO t=-133/107 u=-92/15
MWRANK u=-92/5 r=2 gens=2
FIBSURV Sig=2 t=17/97 u=-92/5
SKIPISO t=17/97 u=-92/5
MWSKIP u=-92/11 bounds=[1,2]
FIBSURV Sig=2 t=-73/103 u=-92/11
SKIPISO t=-73/103 u=-92/11
MWRANK u=92 r=2 gens=2
FIBSURV Sig=2 t=107/91 u=92
SKIPISO t=107/91 u=92
MWSKIP u=-92/3 bounds=[2,4]
FIBSURV Sig=2 t=47/95 u=-92/3
SKIPISO t=47/95 u=-92/3
MWRANK u=92/3 r=2 gens=2
FIBSURV Sig=2 t=137/89 u=92/3
SKIPISO t=137/89 u=92/3
MWRANK u=-92 r=2 gens=2
FIBSURV Sig=2 t=77/93 u=-92
SKIPISO t=77/93 u=-92
MWRANK u=-92/13 r=2 gens=2
FIBSURV Sig=2 t=-103/105 u=-92/13
SKIPISO t=-103/105 u=-92/13
MWRANK u=93/2 r=2 gens=2
FIBSURV Sig=2 t=123/91 u=93/2
SKIPISO t=123/91 u=93/2
MWRANK u=93/29 r=1 gens=2
FIBSURV Sig=2 t=33/4 u=93/29
SKIPISO t=33/4 u=93/29
MWRANK u=-93/16 r=2 gens=2
FIBSURV Sig=2 t=-147/109 u=-93/16
SKIPISO t=-147/109 u=-93/16
MWRANK u=-93/10 r=2 gens=2
FIBSURV Sig=2 t=-57/103 u=-93/10
SKIPISO t=-57/103 u=-93/10
MWRANK u=-93/35 r=2 gens=2
FIBSURV Sig=2 t=-27/8 u=-93/35
SKIPISO t=-27/8 u=-93/35
MWRANK u=29/93 r=2 gens=2
FIBSURV Sig=2 t=-89/4 u=29/93
SKIPISO t=-89/4 u=29/93
MWRANK u=93/5 r=2 gens=2
FIBSURV Sig=2 t=21/11 u=93/5
SKIPISO t=21/11 u=93/5
MWRANK u=-67/93 r=3 gens=2
FIBSURV Sig=2 t=-83/10 u=-67/93
SKIPISO t=-83/10 u=-67/93
MWRANK u=-35/93 r=3 gens=2
FIBSURV Sig=2 t=-85/8 u=-35/93
SKIPISO t=-85/8 u=-35/93
MWRANK u=-93/19 r=1 gens=2
FIBSURV Sig=2 t=-12/7 u=-93/19
SKIPISO t=-12/7 u=-93/19
MWRANK u=-93/67 r=2 gens=2
FIBSURV Sig=2 t=-57/10 u=-93/67
SKIPISO t=-57/10 u=-93/67
MWRANK u=93/61 r=2 gens=2
FIBSURV Sig=2 t=63/2 u=93/61
SKIPISO t=63/2 u=93/61
MWRANK u=-93/59 r=2 gens=2
FIBSURV Sig=2 t=-99/19 u=-93/59
SKIPISO t=-99/19 u=-93/59
MWRANK u=-93/4 r=2 gens=2
FIBSURV Sig=2 t=33/97 u=-93/4
SKIPISO t=33/97 u=-93/4
MWRANK u=93/13 r=2 gens=2
FIBSURV Sig=2 t=18/5 u=93/13
SKIPISO t=18/5 u=93/13
MWRANK u=93 r=2 gens=2
FIBSURV Sig=2 t=27/23 u=93
SKIPISO t=27/23 u=93
MWRANK u=93/7 r=2 gens=2
FIBSURV Sig=2 t=99/43 u=93/7
SKIPISO t=99/43 u=93/7
MWRANK u=-93/13 r=2 gens=2
FIBSURV Sig=2 t=-51/53 u=-93/13
SKIPISO t=-51/53 u=-93/13
MWSKIP u=61/93 bounds=[1,3]
FIBSURV Sig=2 t=-91/2 u=61/93
SKIPISO t=-91/2 u=61/93
MWRANK u=-93/23 r=1 gens=2
FIBSURV Sig=2 t=-63/29 u=-93/23
SKIPISO t=-63/29 u=-93/23
MWRANK u=13/93 r=2 gens=2
FIBSURV Sig=2 t=-88/5 u=13/93
SKIPISO t=-88/5 u=13/93
MWRANK u=93/77 r=1 gens=2
FIBSURV Sig=2 t=78 u=93/77
SKIPISO t=78 u=93/77
MWRANK u=-93/43 r=2 gens=2
FIBSURV Sig=2 t=-69/17 u=-93/43
SKIPISO t=-69/17 u=-93/43
MWRANK u=-93/8 r=2 gens=2
FIBSURV Sig=2 t=-27/101 u=-93/8
SKIPISO t=-27/101 u=-93/8
MWRANK u=93/37 r=3 gens=2
FIBSURV Sig=2 t=81/7 u=93/37
SKIPISO t=81/7 u=93/37
MWRANK u=93/53 r=2 gens=2
FIBSURV Sig=2 t=111/5 u=93/53
SKIPISO t=111/5 u=93/53
MWRANK u=-93/11 r=1 gens=2
FIBSURV Sig=2 t=-9/13 u=-93/11
SKIPISO t=-9/13 u=-93/11
MWRANK u=-93/2 r=2 gens=2
FIBSURV Sig=2 t=63/95 u=-93/2
SKIPISO t=63/95 u=-93/2
MWRANK u=77/93 r=2 gens=2
FIBSURV Sig=2 t=-92 u=77/93
SKIPISO t=-92 u=77/93
MWRANK u=-93/83 r=2 gens=2
FIBSURV Sig=2 t=-72/11 u=-93/83
SKIPISO t=-72/11 u=-93/83
MWRANK u=-93 r=2 gens=2
FIBSURV Sig=2 t=39/47 u=-93
SKIPISO t=39/47 u=-93
MWRANK u=-19/93 r=2 gens=2
FIBSURV Sig=2 t=-86/7 u=-19/93
SKIPISO t=-86/7 u=-19/93
MWRANK u=-93/25 r=2 gens=2
FIBSURV Sig=2 t=-141/59 u=-93/25
SKIPISO t=-141/59 u=-93/25
MWRANK u=93/25 r=1 gens=2
FIBSURV Sig=2 t=117/17 u=93/25
SKIPISO t=117/17 u=93/25
MWRANK u=93/11 r=1 gens=2
FIBSURV Sig=2 t=129/41 u=93/11
SKIPISO t=129/41 u=93/11
MWRANK u=-93/17 r=2 gens=2
FIBSURV Sig=2 t=-81/55 u=-93/17
SKIPISO t=-81/55 u=-93/17
MWRANK u=-93/14 r=2 gens=2
FIBSURV Sig=2 t=-117/107 u=-93/14
SKIPISO t=-117/107 u=-93/14
MWRANK u=-93/5 r=2 gens=2
FIBSURV Sig=2 t=9/49 u=-93/5
SKIPISO t=9/49 u=-93/5
MWRANK u=-83/93 r=2 gens=2
FIBSURV Sig=2 t=-82/11 u=-83/93
SKIPISO t=-82/11 u=-83/93
MWRANK u=93/17 r=2 gens=2
FIBSURV Sig=2 t=87/19 u=93/17
SKIPISO t=87/19 u=93/17
MWRANK u=94/3 r=2 gens=2
FIBSURV Sig=2 t=139/91 u=94/3
SKIPISO t=139/91 u=94/3
MWRANK u=-94/9 r=2 gens=2
FIBSURV Sig=2 t=-41/103 u=-94/9
SKIPISO t=-41/103 u=-94/9
MWRANK u=-94/3 r=2 gens=2
FIBSURV Sig=2 t=49/97 u=-94/3
SKIPISO t=49/97 u=-94/3
MWRANK u=-94/15 r=2 gens=2
FIBSURV Sig=2 t=-131/109 u=-94/15
SKIPISO t=-131/109 u=-94/15
MWRANK u=-94/7 r=2 gens=2
FIBSURV Sig=2 t=-11/101 u=-94/7
SKIPISO t=-11/101 u=-94/7
MWRANK u=-94 r=2 gens=2
FIBSURV Sig=2 t=79/95 u=-94
SKIPISO t=79/95 u=-94
MWRANK u=-94/11 r=2 gens=2
FIBSURV Sig=2 t=-71/105 u=-94/11
SKIPISO t=-71/105 u=-94/11
MWRANK u=-94/13 r=2 gens=2
FIBSURV Sig=2 t=-101/107 u=-94/13
SKIPISO t=-101/107 u=-94/13
MWRANK u=-94/5 r=2 gens=2
FIBSURV Sig=2 t=19/99 u=-94/5
SKIPISO t=19/99 u=-94/5
MWRANK u=94 r=2 gens=2
FIBSURV Sig=2 t=109/93 u=94
SKIPISO t=109/93 u=94
MWSKIP u=-49/95 bounds=[1,3]
FIBSURV Sig=2 t=-86/9 u=-49/95
SKIPISO t=-86/9 u=-49/95
MWRANK u=-95/17 r=2 gens=2
FIBSURV Sig=2 t=-10/7 u=-95/17
SKIPISO t=-10/7 u=-95/17
MWRANK u=-95/21 r=2 gens=2
FIBSURV Sig=2 t=-55/29 u=-95/21
SKIPISO t=-55/29 u=-95/21
MWRANK u=-95/49 r=2 gens=2
FIBSURV Sig=2 t=-40/9 u=-95/49
SKIPISO t=-40/9 u=-95/49
MWSKIP u=47/95 bounds=[1,2]
FIBSURV Sig=2 t=-92/3 u=47/95
SKIPISO t=-92/3 u=47/95
MWSKIP u=-95/12 bounds=[2,4]
FIBSURV Sig=2 t=-85/107 u=-95/12
SKIPISO t=-85/107 u=-95/12
TIMECAP 7200 s at fiber 2398/4114
SEARCH_DONE 2266sigfib Sig=2 Org=1 fibers=4114 proc=2397 mwskip=83 rank0=0 rankpos=2314 surv=2386 deck=2386 funneled=0 curves=0 aborts=0 known=0 hits=0 fails=0 7443.860 s
