Loading "split_lab.m"
VERIFY E26: 3/3
FIBER LANE Sig=5 sg=[ 2, 3, 1 ] Org=1 Test=3 H=150 HU=40
JOIN Sig=5 drop=3 matches=3209 fibers=3071
SWEEP HU=40 fibers-with-points=75 pts=137 infsq-fibers=6 0.330 s
FIBERS Sig=5 total=3072 multi=147
MWRANK u=-1 r=1 gens=2
FIBSURV Sig=5 t=11/3 u=-1
SKIPISO t=11/3 u=-1
MWRANK u=2 r=2 gens=2
FIBSURV Sig=5 t=19/3 u=2
SKIPISO t=19/3 u=2
MWRANK u=-1/3 r=2 gens=2
FIBSURV Sig=5 t=4 u=-1/3
SKIPISO t=4 u=-1/3
MWRANK u=3/2 r=2 gens=2
FIBSURV Sig=5 t=39/7 u=3/2
SKIPISO t=39/7 u=3/2
MWRANK u=4 r=2 gens=2
FIBSURV Sig=5 t=17 u=4
SKIPISO t=17 u=4
MWRANK u=1/5 r=2 gens=2
FIBSURV Sig=5 t=13/3 u=1/5
SKIPISO t=13/3 u=1/5
MWRANK u=-5 r=2 gens=2
FIBSURV Sig=5 t=13/5 u=-5
SKIPISO t=13/5 u=-5
MWRANK u=-3/5 r=2 gens=2
FIBSURV Sig=5 t=27/7 u=-3/5
SKIPISO t=27/7 u=-3/5
MWRANK u=6 r=1 gens=2
FIBSURV Sig=5 t=-15 u=6
SKIPISO t=-15 u=6
MWRANK u=6/5 r=2 gens=2
FIBSURV Sig=5 t=99/19 u=6/5
SKIPISO t=99/19 u=6/5
MWRANK u=-6 r=2 gens=2
FIBSURV Sig=5 t=27/11 u=-6
SKIPISO t=27/11 u=-6
MWRANK u=-7 r=1 gens=2
FIBSURV Sig=5 t=7/3 u=-7
SKIPISO t=7/3 u=-7
MWRANK u=7 r=1 gens=2
FIBSURV Sig=5 t=-7 u=7
SKIPISO t=-7 u=7
MWRANK u=-8 r=2 gens=2
FIBSURV Sig=5 t=29/13 u=-8
SKIPISO t=29/13 u=-8
MWRANK u=9/5 r=1 gens=2
FIBSURV Sig=5 t=6 u=9/5
SKIPISO t=6 u=9/5
MWRANK u=9/2 r=2 gens=2
FIBSURV Sig=5 t=33 u=9/2
SKIPISO t=33 u=9/2
MWRANK u=-9 r=2 gens=2
FIBSURV Sig=5 t=15/7 u=-9
SKIPISO t=15/7 u=-9
MWRANK u=-9/7 r=2 gens=2
FIBSURV Sig=5 t=39/11 u=-9/7
SKIPISO t=39/11 u=-9/7
MWRANK u=-10/3 r=2 gens=2
FIBSURV Sig=5 t=73/25 u=-10/3
SKIPISO t=73/25 u=-10/3
MWRANK u=11 r=2 gens=2
FIBSURV Sig=5 t=-5/3 u=11
SKIPISO t=-5/3 u=11
MWRANK u=-11/3 r=2 gens=2
FIBSURV Sig=5 t=37/13 u=-11/3
SKIPISO t=37/13 u=-11/3
MWRANK u=11/7 r=2 gens=2
FIBSURV Sig=5 t=17/3 u=11/7
SKIPISO t=17/3 u=11/7
MWRANK u=-12 r=2 gens=2
FIBSURV Sig=5 t=33/17 u=-12
SKIPISO t=33/17 u=-12
MWRANK u=12 r=2 gens=2
FIBSURV Sig=5 t=-9/7 u=12
SKIPISO t=-9/7 u=12
MWRANK u=-13 r=2 gens=2
FIBSURV Sig=5 t=17/9 u=-13
SKIPISO t=17/9 u=-13
MWRANK u=13 r=1 gens=2
FIBSURV Sig=5 t=-1 u=13
SKIPISO t=-1 u=13
MWRANK u=-13/7 r=2 gens=2
FIBSURV Sig=5 t=10/3 u=-13/7
SKIPISO t=10/3 u=-13/7
MWRANK u=15 r=2 gens=2
FIBSURV Sig=5 t=-3/5 u=15
SKIPISO t=-3/5 u=15
MWRANK u=-16 r=2 gens=2
FIBSURV Sig=5 t=37/21 u=-16
SKIPISO t=37/21 u=-16
MWRANK u=16 r=2 gens=2
FIBSURV Sig=5 t=-5/11 u=16
SKIPISO t=-5/11 u=16
MWRANK u=-16/5 r=2 gens=2
FIBSURV Sig=5 t=121/41 u=-16/5
SKIPISO t=121/41 u=-16/5
MWRANK u=18 r=2 gens=2
FIBSURV Sig=5 t=-3/13 u=18
SKIPISO t=-3/13 u=18
MWRANK u=19 r=2 gens=2
FIBSURV Sig=5 t=-1/7 u=19
SKIPISO t=-1/7 u=19
MWRANK u=19/3 r=2 gens=2
FIBSURV Sig=5 t=-11 u=19/3
SKIPISO t=-11 u=19/3
MWRANK u=-19/9 r=2 gens=2
FIBSURV Sig=5 t=13/4 u=-19/9
SKIPISO t=13/4 u=-19/9
MWRANK u=15/19 r=2 gens=2
FIBSURV Sig=5 t=24/5 u=15/19
SKIPISO t=24/5 u=15/19
MWRANK u=22 r=2 gens=2
FIBSURV Sig=5 t=1/17 u=22
SKIPISO t=1/17 u=22
MWRANK u=-22 r=2 gens=2
FIBSURV Sig=5 t=43/27 u=-22
SKIPISO t=43/27 u=-22
MWRANK u=-22/3 r=2 gens=2
FIBSURV Sig=5 t=85/37 u=-22/3
SKIPISO t=85/37 u=-22/3
MWRANK u=-23 r=2 gens=2
FIBSURV Sig=5 t=11/7 u=-23
SKIPISO t=11/7 u=-23
MWRANK u=-23/3 r=2 gens=2
FIBSURV Sig=5 t=43/19 u=-23/3
SKIPISO t=43/19 u=-23/3
MWRANK u=15/23 r=2 gens=2
FIBSURV Sig=5 t=117/25 u=15/23
SKIPISO t=117/25 u=15/23
MWRANK u=-25/3 r=3 gens=2
FIBSURV Sig=5 t=11/5 u=-25/3
SKIPISO t=11/5 u=-25/3
MWRANK u=-25/2 r=2 gens=2
FIBSURV Sig=5 t=67/35 u=-25/2
SKIPISO t=67/35 u=-25/2
MWRANK u=-26 r=2 gens=2
FIBSURV Sig=5 t=47/31 u=-26
SKIPISO t=47/31 u=-26
MWRANK u=-27 r=1 gens=2
FIBSURV Sig=5 t=3/2 u=-27
SKIPISO t=3/2 u=-27
MWRANK u=-27/5 r=2 gens=2
FIBSURV Sig=5 t=33/13 u=-27/5
SKIPISO t=33/13 u=-27/5
MWRANK u=28/3 r=2 gens=2
FIBSURV Sig=5 t=-35/13 u=28/3
SKIPISO t=-35/13 u=28/3
MWRANK u=28 r=2 gens=2
FIBSURV Sig=5 t=7/23 u=28
SKIPISO t=7/23 u=28
MWRANK u=29 r=2 gens=2
FIBSURV Sig=5 t=1/3 u=29
SKIPISO t=1/3 u=29
MWRANK u=-29/3 r=2 gens=2
FIBSURV Sig=5 t=23/11 u=-29/3
SKIPISO t=23/11 u=-29/3
MWRANK u=29/3 r=2 gens=2
FIBSURV Sig=5 t=-17/7 u=29/3
SKIPISO t=-17/7 u=29/3
MWRANK u=-31/5 r=2 gens=2
FIBSURV Sig=5 t=17/7 u=-31/5
SKIPISO t=17/7 u=-31/5
MWRANK u=31/7 r=2 gens=2
FIBSURV Sig=5 t=29 u=31/7
SKIPISO t=29 u=31/7
MWRANK u=33/17 r=3 gens=2
FIBSURV Sig=5 t=81/13 u=33/17
SKIPISO t=81/13 u=33/17
MWRANK u=33/13 r=2 gens=2
FIBSURV Sig=5 t=15/2 u=33/13
SKIPISO t=15/2 u=33/13
MWRANK u=33/5 r=2 gens=2
FIBSURV Sig=5 t=-9 u=33/5
SKIPISO t=-9 u=33/5
MWRANK u=33/8 r=2 gens=2
FIBSURV Sig=5 t=135/7 u=33/8
SKIPISO t=135/7 u=33/8
MWRANK u=-33/5 r=2 gens=2
FIBSURV Sig=5 t=69/29 u=-33/5
SKIPISO t=69/29 u=-33/5
MWRANK u=-36/5 r=2 gens=2
FIBSURV Sig=5 t=141/61 u=-36/5
SKIPISO t=141/61 u=-36/5
MWRANK u=37/2 r=2 gens=2
FIBSURV Sig=5 t=-5/27 u=37/2
SKIPISO t=-5/27 u=37/2
MWRANK u=-37/3 r=3 gens=2
FIBSURV Sig=5 t=25/13 u=-37/3
SKIPISO t=25/13 u=-37/3
MWRANK u=40 r=2 gens=2
FIBSURV Sig=5 t=19/35 u=40
SKIPISO t=19/35 u=40
MWRANK u=40/3 r=2 gens=2
FIBSURV Sig=5 t=-23/25 u=40/3
SKIPISO t=-23/25 u=40/3
MWRANK u=-11/41 r=4 gens=2
FIBSURV Sig=5 t=109/27 u=-11/41
SKIPISO t=109/27 u=-11/41
MWRANK u=41/5 r=2 gens=2
FIBSURV Sig=5 t=-4 u=41/5
SKIPISO t=-4 u=41/5
MWRANK u=41/3 r=2 gens=2
FIBSURV Sig=5 t=-11/13 u=41/3
SKIPISO t=-11/13 u=41/3
MWRANK u=-43/13 r=2 gens=2
FIBSURV Sig=5 t=79/27 u=-43/13
SKIPISO t=79/27 u=-43/13
MWRANK u=43/19 r=2 gens=2
FIBSURV Sig=5 t=89/13 u=43/19
SKIPISO t=89/13 u=43/19
MWRANK u=43/3 r=3 gens=2
FIBSURV Sig=5 t=-5/7 u=43/3
SKIPISO t=-5/7 u=43/3
MWRANK u=23/43 r=4 gens=2
FIBSURV Sig=5 t=55/12 u=23/43
SKIPISO t=55/12 u=23/43
MWRANK u=45/13 r=2 gens=2
FIBSURV Sig=5 t=57/5 u=45/13
SKIPISO t=57/5 u=45/13
MWRANK u=45/41 r=2 gens=2
FIBSURV Sig=5 t=51/10 u=45/41
SKIPISO t=51/10 u=45/41
MWRANK u=46/5 r=2 gens=2
FIBSURV Sig=5 t=-59/21 u=46/5
SKIPISO t=-59/21 u=46/5
MWRANK u=-47/17 r=2 gens=2
FIBSURV Sig=5 t=101/33 u=-47/17
SKIPISO t=101/33 u=-47/17
MWRANK u=47/19 r=3 gens=2
FIBSURV Sig=5 t=22/3 u=47/19
SKIPISO t=22/3 u=47/19
MWRANK u=45/49 r=2 gens=2
FIBSURV Sig=5 t=123/25 u=45/49
SKIPISO t=123/25 u=45/49
MWRANK u=51/7 r=2 gens=2
FIBSURV Sig=5 t=-6 u=51/7
SKIPISO t=-6 u=51/7
MWRANK u=51/23 r=3 gens=2
FIBSURV Sig=5 t=27/4 u=51/23
SKIPISO t=27/4 u=51/23
MWRANK u=-51 r=3 gens=2
FIBSURV Sig=5 t=9/7 u=-51
SKIPISO t=9/7 u=-51
MWRANK u=53 r=3 gens=2
FIBSURV Sig=5 t=2/3 u=53
SKIPISO t=2/3 u=53
MWRANK u=-53/5 r=2 gens=2
FIBSURV Sig=5 t=79/39 u=-53/5
SKIPISO t=79/39 u=-53/5
MWRANK u=-53/23 r=4 gens=2
FIBSURV Sig=5 t=67/21 u=-53/23
SKIPISO t=67/21 u=-53/23
MWRANK u=55/6 r=2 gens=2
FIBSURV Sig=5 t=-71/25 u=55/6
SKIPISO t=-71/25 u=55/6
MWRANK u=-55/2 r=2 gens=2
FIBSURV Sig=5 t=97/65 u=-55/2
SKIPISO t=97/65 u=-55/2
MWRANK u=55/3 r=3 gens=2
FIBSURV Sig=5 t=-1/5 u=55/3
SKIPISO t=-1/5 u=55/3
MWRANK u=-55/17 r=3 gens=2
FIBSURV Sig=5 t=103/35 u=-55/17
SKIPISO t=103/35 u=-55/17
MWRANK u=29/57 r=2 gens=2
FIBSURV Sig=5 t=73/16 u=29/57
SKIPISO t=73/16 u=29/57
MWRANK u=57/53 r=3 gens=2
FIBSURV Sig=5 t=66/13 u=57/53
SKIPISO t=66/13 u=57/53
MWRANK u=57/5 r=2 gens=2
FIBSURV Sig=5 t=-3/2 u=57/5
SKIPISO t=-3/2 u=57/5
MWRANK u=-59/3 r=2 gens=2
FIBSURV Sig=5 t=61/37 u=-59/3
SKIPISO t=61/37 u=-59/3
MWRANK u=-59/5 r=3 gens=2
FIBSURV Sig=5 t=41/21 u=-59/5
SKIPISO t=41/21 u=-59/5
MWRANK u=-61/15 r=3 gens=2
FIBSURV Sig=5 t=47/17 u=-61/15
SKIPISO t=47/17 u=-61/15
MWRANK u=63/5 r=2 gens=2
FIBSURV Sig=5 t=-21/19 u=63/5
SKIPISO t=-21/19 u=63/5
MWRANK u=-63/2 r=2 gens=2
FIBSURV Sig=5 t=105/73 u=-63/2
SKIPISO t=105/73 u=-63/2
MWRANK u=66/5 r=2 gens=2
FIBSURV Sig=5 t=-39/41 u=66/5
SKIPISO t=-39/41 u=66/5
MWRANK u=67/2 r=2 gens=2
FIBSURV Sig=5 t=25/57 u=67/2
SKIPISO t=25/57 u=67/2
MWRANK u=69/17 r=3 gens=2
FIBSURV Sig=5 t=18 u=69/17
SKIPISO t=18 u=69/17
MWRANK u=-71/3 r=2 gens=2
FIBSURV Sig=5 t=67/43 u=-71/3
SKIPISO t=67/43 u=-71/3
MWRANK u=71/19 r=2 gens=2
FIBSURV Sig=5 t=41/3 u=71/19
SKIPISO t=41/3 u=71/19
MWRANK u=-71/7 r=2 gens=2
FIBSURV Sig=5 t=109/53 u=-71/7
SKIPISO t=109/53 u=-71/7
MWRANK u=73/9 r=2 gens=2
FIBSURV Sig=5 t=-29/7 u=73/9
SKIPISO t=-29/7 u=73/9
MWRANK u=75/2 r=2 gens=2
FIBSURV Sig=5 t=33/65 u=75/2
SKIPISO t=33/65 u=75/2
MWRANK u=77/3 r=2 gens=2
FIBSURV Sig=5 t=7/31 u=77/3
SKIPISO t=7/31 u=77/3
MWRANK u=-79/5 r=3 gens=2
FIBSURV Sig=5 t=23/13 u=-79/5
SKIPISO t=23/13 u=-79/5
MWRANK u=-83/25 r=3 gens=2
FIBSURV Sig=5 t=38/13 u=-83/25
SKIPISO t=38/13 u=-83/25
MWRANK u=83/5 r=2 gens=2
FIBSURV Sig=5 t=-11/29 u=83/5
SKIPISO t=-11/29 u=83/5
MWRANK u=-85/19 r=3 gens=2
FIBSURV Sig=5 t=121/45 u=-85/19
SKIPISO t=121/45 u=-85/19
MWRANK u=87/23 r=3 gens=2
FIBSURV Sig=5 t=99/7 u=87/23
SKIPISO t=99/7 u=87/23
MWRANK u=89/5 r=3 gens=2
FIBSURV Sig=5 t=-1/4 u=89/5
SKIPISO t=-1/4 u=89/5
MWRANK u=89/3 r=2 gens=2
FIBSURV Sig=5 t=13/37 u=89/3
SKIPISO t=13/37 u=89/3
MWRANK u=-93/7 r=2 gens=2
FIBSURV Sig=5 t=15/8 u=-93/7
SKIPISO t=15/8 u=-93/7
MWRANK u=-95 r=2 gens=2
FIBSURV Sig=5 t=29/25 u=-95
SKIPISO t=29/25 u=-95
MWRANK u=97/13 r=3 gens=2
FIBSURV Sig=5 t=-11/2 u=97/13
SKIPISO t=-11/2 u=97/13
MWRANK u=-99/5 r=3 gens=2
FIBSURV Sig=5 t=51/31 u=-99/5
SKIPISO t=51/31 u=-99/5
MWRANK u=-99/7 r=2 gens=2
FIBSURV Sig=5 t=123/67 u=-99/7
SKIPISO t=123/67 u=-99/7
MWRANK u=-99/41 r=4 gens=2
FIBSURV Sig=5 t=60/19 u=-99/41
SKIPISO t=60/19 u=-99/41
MWRANK u=99/71 r=3 gens=2
FIBSURV Sig=5 t=87/16 u=99/71
SKIPISO t=87/16 u=99/71
MWRANK u=-99/25 r=2 gens=2
FIBSURV Sig=5 t=39/14 u=-99/25
SKIPISO t=39/14 u=-99/25
MWRANK u=99/92 r=2 gens=2
FIBSURV Sig=5 t=1833/361 u=99/92
SKIPISO t=1833/361 u=99/92
MWRANK u=99/19 r=2 gens=2
FIBSURV Sig=5 t=-75 u=99/19
SKIPISO t=-75 u=99/19
MWRANK u=101 r=2 gens=2
FIBSURV Sig=5 t=5/6 u=101
SKIPISO t=5/6 u=101
MWRANK u=-103/5 r=3 gens=2
FIBSURV Sig=5 t=13/8 u=-103/5
SKIPISO t=13/8 u=-103/5
MWRANK u=106/79 r=2 gens=2
FIBSURV Sig=5 t=1553/289 u=106/79
SKIPISO t=1553/289 u=106/79
MWRANK u=107/31 r=3 gens=2
FIBSURV Sig=5 t=34/3 u=107/31
SKIPISO t=34/3 u=107/31
MWRANK u=109/5 r=3 gens=2
FIBSURV Sig=5 t=1/21 u=109/5
SKIPISO t=1/21 u=109/5
MWRANK u=113/7 r=2 gens=2
FIBSURV Sig=5 t=-17/39 u=113/7
SKIPISO t=-17/39 u=113/7
MWRANK u=113/61 r=3 gens=2
FIBSURV Sig=5 t=73/12 u=113/61
SKIPISO t=73/12 u=113/61
MWRANK u=-115/41 r=2 gens=2
FIBSURV Sig=5 t=61/20 u=-115/41
SKIPISO t=61/20 u=-115/41
MWRANK u=-121/15 r=3 gens=2
FIBSURV Sig=5 t=109/49 u=-121/15
SKIPISO t=109/49 u=-121/15
MWRANK u=121/13 r=2 gens=2
FIBSURV Sig=5 t=-19/7 u=121/13
SKIPISO t=-19/7 u=121/13
MWRANK u=-121/7 r=2 gens=2
FIBSURV Sig=5 t=67/39 u=-121/7
SKIPISO t=67/39 u=-121/7
MWRANK u=-121/35 r=3 gens=2
FIBSURV Sig=5 t=107/37 u=-121/35
SKIPISO t=107/37 u=-121/35
MWRANK u=123/23 r=2 gens=2
FIBSURV Sig=5 t=-45 u=123/23
SKIPISO t=-45 u=123/23
MWRANK u=-124 r=2 gens=2
FIBSURV Sig=5 t=145/129 u=-124
SKIPISO t=145/129 u=-124
MWRANK u=-127/21 r=3 gens=2
FIBSURV Sig=5 t=71/29 u=-127/21
SKIPISO t=71/29 u=-127/21
MWRANK u=127/3 r=3 gens=2
FIBSURV Sig=5 t=4/7 u=127/3
SKIPISO t=4/7 u=127/3
MWRANK u=-129/71 r=2 gens=2
MWRANK u=129/5 r=3 gens=2
FIBSURV Sig=5 t=3/13 u=129/5
SKIPISO t=3/13 u=129/5
MWRANK u=130 r=2 gens=2
FIBSURV Sig=5 t=109/125 u=130
SKIPISO t=109/125 u=130
MWRANK u=131/23 r=2 gens=2
FIBSURV Sig=5 t=-22 u=131/23
SKIPISO t=-22 u=131/23
MWRANK u=133/12 r=2 gens=2
FIBSURV Sig=5 t=-119/73 u=133/12
SKIPISO t=-119/73 u=133/12
MWRANK u=133/5 r=3 gens=2
FIBSURV Sig=5 t=7/27 u=133/5
SKIPISO t=7/27 u=133/5
MWRANK u=135/7 r=2 gens=2
FIBSURV Sig=5 t=-3/25 u=135/7
SKIPISO t=-3/25 u=135/7
MWRANK u=137/13 r=2 gens=2
FIBSURV Sig=5 t=-17/9 u=137/13
SKIPISO t=-17/9 u=137/13
MWRANK u=141/7 r=2 gens=2
FIBSURV Sig=5 t=-3/53 u=141/7
SKIPISO t=-3/53 u=141/7
MWRANK u=149/17 r=2 gens=2
FIBSURV Sig=5 t=-13/4 u=149/17
SKIPISO t=-13/4 u=149/17
MWRANK u=1/2 r=1 gens=2
FIBSURV Sig=5 t=41/9 u=1/2
SKIPISO t=41/9 u=1/2
MWRANK u=-1/2 r=1 gens=2
FIBSURV Sig=5 t=43/11 u=-1/2
SKIPISO t=43/11 u=-1/2
MWRANK u=-2 r=1 gens=2
FIBSURV Sig=5 t=23/7 u=-2
SKIPISO t=23/7 u=-2
MWRANK u=2/3 r=1 gens=2
FIBSURV Sig=5 t=61/13 u=2/3
SKIPISO t=61/13 u=2/3
MWRANK u=-2/3 r=1 gens=2
FIBSURV Sig=5 t=65/17 u=-2/3
SKIPISO t=65/17 u=-2/3
MWRANK u=1/3 r=1 gens=2
FIBSURV Sig=5 t=31/7 u=1/3
SKIPISO t=31/7 u=1/3
MWRANK u=-3/2 r=1 gens=2
FIBSURV Sig=5 t=45/13 u=-3/2
SKIPISO t=45/13 u=-3/2
MWRANK u=4/3 r=2 gens=2
FIBSURV Sig=5 t=59/11 u=4/3
SKIPISO t=59/11 u=4/3
MWRANK u=-3/4 r=1 gens=2
FIBSURV Sig=5 t=87/23 u=-3/4
SKIPISO t=87/23 u=-3/4
MWRANK u=-4/3 r=3 gens=2
FIBSURV Sig=5 t=67/19 u=-4/3
SKIPISO t=67/19 u=-4/3
MWRANK u=-1/4 r=1 gens=2
FIBSURV Sig=5 t=85/21 u=-1/4
SKIPISO t=85/21 u=-1/4
MWRANK u=1/4 r=1 gens=2
FIBSURV Sig=5 t=83/19 u=1/4
SKIPISO t=83/19 u=1/4
MWRANK u=3/4 r=1 gens=2
FIBSURV Sig=5 t=81/17 u=3/4
SKIPISO t=81/17 u=3/4
MWRANK u=-4 r=1 gens=2
FIBSURV Sig=5 t=25/9 u=-4
SKIPISO t=25/9 u=-4
MWRANK u=4/5 r=1 gens=2
FIBSURV Sig=5 t=101/21 u=4/5
SKIPISO t=101/21 u=4/5
MWRANK u=2/5 r=1 gens=2
FIBSURV Sig=5 t=103/23 u=2/5
SKIPISO t=103/23 u=2/5
MWRANK u=-5/4 r=1 gens=2
FIBSURV Sig=5 t=89/25 u=-5/4
SKIPISO t=89/25 u=-5/4
MWRANK u=-5/3 r=1 gens=2
FIBSURV Sig=5 t=17/5 u=-5/3
SKIPISO t=17/5 u=-5/3
MWRANK u=5/4 r=2 gens=2
FIBSURV Sig=5 t=79/15 u=5/4
SKIPISO t=79/15 u=5/4
MWRANK u=5/3 r=2 gens=2
FIBSURV Sig=5 t=29/5 u=5/3
SKIPISO t=29/5 u=5/3
MWRANK u=-4/5 r=2 gens=2
FIBSURV Sig=5 t=109/29 u=-4/5
SKIPISO t=109/29 u=-4/5
MWRANK u=5/2 r=2 gens=2
FIBSURV Sig=5 t=37/5 u=5/2
SKIPISO t=37/5 u=5/2
MWRANK u=-2/5 r=1 gens=2
FIBSURV Sig=5 t=107/27 u=-2/5
SKIPISO t=107/27 u=-2/5
MWRANK u=-5/2 r=1 gens=2
FIBSURV Sig=5 t=47/15 u=-5/2
SKIPISO t=47/15 u=-5/2
MWRANK u=3/5 r=1 gens=2
FIBSURV Sig=5 t=51/11 u=3/5
SKIPISO t=51/11 u=3/5
MWRANK u=-1/5 r=1 gens=2
FIBSURV Sig=5 t=53/13 u=-1/5
SKIPISO t=53/13 u=-1/5
MWRANK u=5/6 r=1 gens=2
FIBSURV Sig=5 t=121/25 u=5/6
SKIPISO t=121/25 u=5/6
MWRANK u=1/6 r=1 gens=2
FIBSURV Sig=5 t=125/29 u=1/6
SKIPISO t=125/29 u=1/6
MWRANK u=-1/6 r=3 gens=2
FIBSURV Sig=5 t=127/31 u=-1/6
SKIPISO t=127/31 u=-1/6
MWRANK u=-6/5 r=1 gens=2
FIBSURV Sig=5 t=111/31 u=-6/5
SKIPISO t=111/31 u=-6/5
MWRANK u=-5/6 r=3 gens=2
FIBSURV Sig=5 t=131/35 u=-5/6
SKIPISO t=131/35 u=-5/6
MWRANK u=-3/7 r=1 gens=2
FIBSURV Sig=5 t=75/19 u=-3/7
SKIPISO t=75/19 u=-3/7
MWRANK u=-2/7 r=3 gens=2
FIBSURV Sig=5 t=149/37 u=-2/7
SKIPISO t=149/37 u=-2/7
MWRANK u=-1/7 r=1 gens=2
FIBSURV Sig=5 t=37/9 u=-1/7
SKIPISO t=37/9 u=-1/7
MWRANK u=-7/6 r=3 gens=2
FIBSURV Sig=5 t=133/37 u=-7/6
SKIPISO t=133/37 u=-7/6
MWRANK u=7/3 r=1 gens=2
FIBSURV Sig=5 t=7 u=7/3
SKIPISO t=7 u=7/3
MWRANK u=-7/3 r=1 gens=2
FIBSURV Sig=5 t=35/11 u=-7/3
SKIPISO t=35/11 u=-7/3
MWRANK u=5/7 r=1 gens=2
FIBSURV Sig=5 t=71/15 u=5/7
SKIPISO t=71/15 u=5/7
MWRANK u=7/2 r=2 gens=2
FIBSURV Sig=5 t=35/3 u=7/2
SKIPISO t=35/3 u=7/2
MWRANK u=4/7 r=1 gens=2
FIBSURV Sig=5 t=143/31 u=4/7
SKIPISO t=143/31 u=4/7
MWRANK u=-5/7 r=2 gens=2
FIBSURV Sig=5 t=19/5 u=-5/7
SKIPISO t=19/5 u=-5/7
MWRANK u=2/7 r=1 gens=2
FIBSURV Sig=5 t=145/33 u=2/7
SKIPISO t=145/33 u=2/7
MWRANK u=7/4 r=2 gens=2
FIBSURV Sig=5 t=77/13 u=7/4
SKIPISO t=77/13 u=7/4
MWRANK u=7/6 r=2 gens=2
FIBSURV Sig=5 t=119/23 u=7/6
SKIPISO t=119/23 u=7/6
MWRANK u=6/7 r=1 gens=2
FIBSURV Sig=5 t=141/29 u=6/7
SKIPISO t=141/29 u=6/7
MWRANK u=-7/4 r=1 gens=2
FIBSURV Sig=5 t=91/27 u=-7/4
SKIPISO t=91/27 u=-7/4
MWRANK u=1/7 r=1 gens=2
FIBSURV Sig=5 t=73/17 u=1/7
SKIPISO t=73/17 u=1/7
MWRANK u=-7/5 r=1 gens=2
FIBSURV Sig=5 t=7/2 u=-7/5
SKIPISO t=7/2 u=-7/5
MWRANK u=-7/2 r=1 gens=2
FIBSURV Sig=5 t=49/17 u=-7/2
SKIPISO t=49/17 u=-7/2
MWRANK u=7/5 r=1 gens=2
FIBSURV Sig=5 t=49/9 u=7/5
SKIPISO t=49/9 u=7/5
MWRANK u=3/7 r=1 gens=2
FIBSURV Sig=5 t=9/2 u=3/7
SKIPISO t=9/2 u=3/7
MWRANK u=-8/3 r=1 gens=2
FIBSURV Sig=5 t=71/23 u=-8/3
SKIPISO t=71/23 u=-8/3
MWRANK u=8/7 r=2 gens=2
FIBSURV Sig=5 t=139/27 u=8/7
SKIPISO t=139/27 u=8/7
MWRANK u=8/5 r=2 gens=2
FIBSURV Sig=5 t=97/17 u=8/5
SKIPISO t=97/17 u=8/5
MWRANK u=-8/5 r=1 gens=2
FIBSURV Sig=5 t=113/33 u=-8/5
SKIPISO t=113/33 u=-8/5
MWRANK u=8/3 r=2 gens=2
FIBSURV Sig=5 t=55/7 u=8/3
SKIPISO t=55/7 u=8/3
MWRANK u=8 r=1 gens=2
FIBSURV Sig=5 t=-13/3 u=8
SKIPISO t=-13/3 u=8
MWRANK u=9/4 r=2 gens=2
FIBSURV Sig=5 t=75/11 u=9/4
SKIPISO t=75/11 u=9/4
MWRANK u=-9/2 r=1 gens=2
FIBSURV Sig=5 t=51/19 u=-9/2
SKIPISO t=51/19 u=-9/2
MWRANK u=-9/5 r=1 gens=2
FIBSURV Sig=5 t=57/17 u=-9/5
SKIPISO t=57/17 u=-9/5
MWRANK u=9/7 r=1 gens=2
FIBSURV Sig=5 t=69/13 u=9/7
SKIPISO t=69/13 u=9/7
MWRANK u=-1/9 r=1 gens=2
FIBSURV Sig=5 t=95/23 u=-1/9
SKIPISO t=95/23 u=-1/9
MWRANK u=-7/9 r=2 gens=2
FIBSURV Sig=5 t=49/13 u=-7/9
SKIPISO t=49/13 u=-7/9
MWRANK u=5/9 r=1 gens=2
FIBSURV Sig=5 t=23/5 u=5/9
SKIPISO t=23/5 u=5/9
MWRANK u=-5/9 r=3 gens=2
FIBSURV Sig=5 t=97/25 u=-5/9
SKIPISO t=97/25 u=-5/9
MWRANK u=1/9 r=2 gens=2
FIBSURV Sig=5 t=47/11 u=1/9
SKIPISO t=47/11 u=1/9
MWRANK u=7/9 r=1 gens=2
FIBSURV Sig=5 t=91/19 u=7/9
SKIPISO t=91/19 u=7/9
MWRANK u=-9/4 r=1 gens=2
FIBSURV Sig=5 t=93/29 u=-9/4
SKIPISO t=93/29 u=-9/4
MWRANK u=10 r=1 gens=2
FIBSURV Sig=5 t=-11/5 u=10
SKIPISO t=-11/5 u=10
MWRANK u=10/3 r=2 gens=2
FIBSURV Sig=5 t=53/5 u=10/3
SKIPISO t=53/5 u=10/3
MWRANK u=10/7 r=2 gens=2
FIBSURV Sig=5 t=137/25 u=10/7
SKIPISO t=137/25 u=10/7
MWRANK u=-10 r=2 gens=2
FIBSURV Sig=5 t=31/15 u=-10
SKIPISO t=31/15 u=-10
MWRANK u=-3/11 r=1 gens=2
FIBSURV Sig=5 t=117/29 u=-3/11
SKIPISO t=117/29 u=-3/11
MWRANK u=-5/11 r=2 gens=2
FIBSURV Sig=5 t=59/15 u=-5/11
SKIPISO t=59/15 u=-5/11
MWRANK u=-11/7 r=2 gens=2
FIBSURV Sig=5 t=79/23 u=-11/7
SKIPISO t=79/23 u=-11/7
MWRANK u=-9/11 r=1 gens=2
FIBSURV Sig=5 t=15/4 u=-9/11
SKIPISO t=15/4 u=-9/11
MWRANK u=3/11 r=1 gens=2
FIBSURV Sig=5 t=57/13 u=3/11
SKIPISO t=57/13 u=3/11
MWRANK u=-11/5 r=2 gens=2
FIBSURV Sig=5 t=29/9 u=-11/5
SKIPISO t=29/9 u=-11/5
MWRANK u=-11/6 r=1 gens=2
FIBSURV Sig=5 t=137/41 u=-11/6
SKIPISO t=137/41 u=-11/6
MWRANK u=11/6 r=2 gens=2
FIBSURV Sig=5 t=115/19 u=11/6
SKIPISO t=115/19 u=11/6
MWRANK u=-7/11 r=1 gens=2
FIBSURV Sig=5 t=119/31 u=-7/11
SKIPISO t=119/31 u=-7/11
MWRANK u=9/11 r=1 gens=2
FIBSURV Sig=5 t=111/23 u=9/11
SKIPISO t=111/23 u=9/11
MWRANK u=-11/4 r=1 gens=2
FIBSURV Sig=5 t=95/31 u=-11/4
SKIPISO t=95/31 u=-11/4
MWRANK u=11/5 r=2 gens=2
FIBSURV Sig=5 t=47/7 u=11/5
SKIPISO t=47/7 u=11/5
MWRANK u=5/11 r=1 gens=2
FIBSURV Sig=5 t=113/25 u=5/11
SKIPISO t=113/25 u=5/11
MWRANK u=-1/11 r=1 gens=2
FIBSURV Sig=5 t=29/7 u=-1/11
SKIPISO t=29/7 u=-1/11
MWRANK u=7/11 r=2 gens=2
FIBSURV Sig=5 t=14/3 u=7/11
SKIPISO t=14/3 u=7/11
MWRANK u=1/11 r=1 gens=2
FIBSURV Sig=5 t=115/27 u=1/11
SKIPISO t=115/27 u=1/11
MWRANK u=11/9 r=2 gens=2
FIBSURV Sig=5 t=89/17 u=11/9
SKIPISO t=89/17 u=11/9
MWRANK u=11/2 r=1 gens=2
FIBSURV Sig=5 t=-31 u=11/2
SKIPISO t=-31 u=11/2
MWRANK u=-11/2 r=2 gens=2
FIBSURV Sig=5 t=53/21 u=-11/2
SKIPISO t=53/21 u=-11/2
MWRANK u=11/3 r=1 gens=2
FIBSURV Sig=5 t=13 u=11/3
SKIPISO t=13 u=11/3
MWRANK u=-11/9 r=2 gens=2
FIBSURV Sig=5 t=25/7 u=-11/9
SKIPISO t=25/7 u=-11/9
MWRANK u=11/4 r=1 gens=2
FIBSURV Sig=5 t=73/9 u=11/4
SKIPISO t=73/9 u=11/4
MWRANK u=-11 r=1 gens=2
FIBSURV Sig=5 t=2 u=-11
SKIPISO t=2 u=-11
MWRANK u=12/5 r=1 gens=2
FIBSURV Sig=5 t=93/13 u=12/5
SKIPISO t=93/13 u=12/5
MWRANK u=12/7 r=2 gens=2
FIBSURV Sig=5 t=135/23 u=12/7
SKIPISO t=135/23 u=12/7
MWRANK u=-12/5 r=1 gens=2
FIBSURV Sig=5 t=117/37 u=-12/5
SKIPISO t=117/37 u=-12/5
MWRANK u=-3/13 r=2 gens=2
FIBSURV Sig=5 t=69/17 u=-3/13
SKIPISO t=69/17 u=-3/13
MWRANK u=7/13 r=1 gens=2
FIBSURV Sig=5 t=133/29 u=7/13
SKIPISO t=133/29 u=7/13
MWRANK u=-7/13 r=2 gens=2
FIBSURV Sig=5 t=35/9 u=-7/13
SKIPISO t=35/9 u=-7/13
MWRANK u=-13/3 r=1 gens=2
FIBSURV Sig=5 t=19/7 u=-13/3
SKIPISO t=19/7 u=-13/3
MWRANK u=-13/11 r=2 gens=2
FIBSURV Sig=5 t=61/17 u=-13/11
SKIPISO t=61/17 u=-13/11
MWRANK u=-5/13 r=2 gens=2
FIBSURV Sig=5 t=139/35 u=-5/13
SKIPISO t=139/35 u=-5/13
MWRANK u=5/13 r=2 gens=2
FIBSURV Sig=5 t=67/15 u=5/13
SKIPISO t=67/15 u=5/13
MWRANK u=-13/2 r=2 gens=2
FIBSURV Sig=5 t=55/23 u=-13/2
SKIPISO t=55/23 u=-13/2
MWRANK u=1/13 r=2 gens=2
FIBSURV Sig=5 t=17/4 u=1/13
SKIPISO t=17/4 u=1/13
MWRANK u=13/2 r=1 gens=2
FIBSURV Sig=5 t=-29/3 u=13/2
SKIPISO t=-29/3 u=13/2
MWRANK u=-13/6 r=1 gens=2
FIBSURV Sig=5 t=139/43 u=-13/6
SKIPISO t=139/43 u=-13/6
MWRANK u=-11/13 r=1 gens=2
FIBSURV Sig=5 t=71/19 u=-11/13
SKIPISO t=71/19 u=-11/13
MWRANK u=13/4 r=1 gens=2
FIBSURV Sig=5 t=71/7 u=13/4
SKIPISO t=71/7 u=13/4
MWRANK u=13/11 r=2 gens=2
FIBSURV Sig=5 t=109/21 u=13/11
SKIPISO t=109/21 u=13/11
MWRANK u=-9/13 r=1 gens=2
FIBSURV Sig=5 t=141/37 u=-9/13
SKIPISO t=141/37 u=-9/13
MWRANK u=-13/4 r=2 gens=2
FIBSURV Sig=5 t=97/33 u=-13/4
SKIPISO t=97/33 u=-13/4
MWRANK u=13/3 r=2 gens=2
FIBSURV Sig=5 t=25 u=13/3
SKIPISO t=25 u=13/3
MWRANK u=-1/13 r=3 gens=2
FIBSURV Sig=5 t=137/33 u=-1/13
SKIPISO t=137/33 u=-1/13
MWRANK u=13/9 r=1 gens=2
FIBSURV Sig=5 t=11/2 u=13/9
SKIPISO t=11/2 u=13/9
MWRANK u=13/6 r=2 gens=2
FIBSURV Sig=5 t=113/17 u=13/6
SKIPISO t=113/17 u=13/6
MWRANK u=9/13 r=2 gens=2
FIBSURV Sig=5 t=33/7 u=9/13
SKIPISO t=33/7 u=9/13
MWRANK u=-13/9 r=1 gens=2
FIBSURV Sig=5 t=101/29 u=-13/9
SKIPISO t=101/29 u=-13/9
MWRANK u=3/13 r=3 gens=2
FIBSURV Sig=5 t=135/31 u=3/13
SKIPISO t=135/31 u=3/13
MWRANK u=11/13 r=1 gens=2
FIBSURV Sig=5 t=131/27 u=11/13
SKIPISO t=131/27 u=11/13
MWRANK u=13/7 r=2 gens=2
FIBSURV Sig=5 t=67/11 u=13/7
SKIPISO t=67/11 u=13/7
MWRANK u=13/5 r=1 gens=2
FIBSURV Sig=5 t=23/3 u=13/5
SKIPISO t=23/3 u=13/5
MWRANK u=-13/5 r=1 gens=2
FIBSURV Sig=5 t=59/19 u=-13/5
SKIPISO t=59/19 u=-13/5
MWRANK u=-14 r=2 gens=2
FIBSURV Sig=5 t=35/19 u=-14
SKIPISO t=35/19 u=-14
MWRANK u=14/5 r=2 gens=2
FIBSURV Sig=5 t=91/11 u=14/5
SKIPISO t=91/11 u=14/5
MWRANK u=14/3 r=2 gens=2
FIBSURV Sig=5 t=49 u=14/3
SKIPISO t=49 u=14/3
MWRANK u=-14/5 r=1 gens=2
FIBSURV Sig=5 t=119/39 u=-14/5
SKIPISO t=119/39 u=-14/5
MWRANK u=14 r=2 gens=2
FIBSURV Sig=5 t=-7/9 u=14
SKIPISO t=-7/9 u=14
MWRANK u=-14/3 r=2 gens=2
FIBSURV Sig=5 t=77/29 u=-14/3
SKIPISO t=77/29 u=-14/3
MWRANK u=7/15 r=3 gens=2
FIBSURV Sig=5 t=77/17 u=7/15
SKIPISO t=77/17 u=7/15
MWRANK u=15/11 r=1 gens=2
FIBSURV Sig=5 t=27/5 u=15/11
SKIPISO t=27/5 u=15/11
MWRANK u=-1/15 r=2 gens=2
FIBSURV Sig=5 t=79/19 u=-1/15
SKIPISO t=79/19 u=-1/15
MWRANK u=-15 r=1 gens=2
FIBSURV Sig=5 t=9/5 u=-15
SKIPISO t=9/5 u=-15
MWRANK u=-15/7 r=1 gens=2
FIBSURV Sig=5 t=81/25 u=-15/7
SKIPISO t=81/25 u=-15/7
MWRANK u=15/8 r=2 gens=2
FIBSURV Sig=5 t=153/25 u=15/8
SKIPISO t=153/25 u=15/8
MWRANK u=-15/4 r=2 gens=2
FIBSURV Sig=5 t=99/35 u=-15/4
SKIPISO t=99/35 u=-15/4
MWRANK u=11/15 r=2 gens=2
FIBSURV Sig=5 t=19/4 u=11/15
SKIPISO t=19/4 u=11/15
MWRANK u=-15/2 r=2 gens=2
FIBSURV Sig=5 t=57/25 u=-15/2
SKIPISO t=57/25 u=-15/2
MWRANK u=-15/11 r=1 gens=2
FIBSURV Sig=5 t=123/35 u=-15/11
SKIPISO t=123/35 u=-15/11
MWRANK u=15/4 r=2 gens=2
FIBSURV Sig=5 t=69/5 u=15/4
SKIPISO t=69/5 u=15/4
MWRANK u=-13/15 r=3 gens=2
FIBSURV Sig=5 t=41/11 u=-13/15
SKIPISO t=41/11 u=-13/15
MWRANK u=15/13 r=1 gens=2
FIBSURV Sig=5 t=129/25 u=15/13
SKIPISO t=129/25 u=15/13
MWRANK u=15/2 r=1 gens=2
FIBSURV Sig=5 t=-27/5 u=15/2
SKIPISO t=-27/5 u=15/2
MWRANK u=15/7 r=1 gens=2
FIBSURV Sig=5 t=33/5 u=15/7
SKIPISO t=33/5 u=15/7
MWRANK u=-15/13 r=2 gens=2
FIBSURV Sig=5 t=18/5 u=-15/13
SKIPISO t=18/5 u=-15/13
MWRANK u=-16/3 r=2 gens=2
FIBSURV Sig=5 t=79/31 u=-16/3
SKIPISO t=79/31 u=-16/3
MWRANK u=16/3 r=1 gens=2
FIBSURV Sig=5 t=-47 u=16/3
SKIPISO t=-47 u=16/3
MWRANK u=16/5 r=2 gens=2
FIBSURV Sig=5 t=89/9 u=16/5
SKIPISO t=89/9 u=16/5
MWRANK u=16/7 r=1 gens=2
FIBSURV Sig=5 t=131/19 u=16/7
SKIPISO t=131/19 u=16/7
MWRANK u=13/17 r=1 gens=2
FIBSURV Sig=5 t=43/9 u=13/17
SKIPISO t=43/9 u=13/17
MWRANK u=-17/3 r=2 gens=2
FIBSURV Sig=5 t=5/2 u=-17/3
SKIPISO t=5/2 u=-17/3
MWRANK u=17/5 r=1 gens=2
FIBSURV Sig=5 t=11 u=17/5
SKIPISO t=11 u=17/5
MWRANK u=17/13 r=1 gens=2
FIBSURV Sig=5 t=16/3 u=17/13
SKIPISO t=16/3 u=17/13
MWRANK u=17/15 r=2 gens=2
FIBSURV Sig=5 t=149/29 u=17/15
SKIPISO t=149/29 u=17/15
MWRANK u=-17/6 r=3 gens=2
FIBSURV Sig=5 t=143/47 u=-17/6
SKIPISO t=143/47 u=-17/6
MWRANK u=-3/17 r=2 gens=2
FIBSURV Sig=5 t=45/11 u=-3/17
SKIPISO t=45/11 u=-3/17
MWRANK u=9/17 r=2 gens=2
FIBSURV Sig=5 t=87/19 u=9/17
SKIPISO t=87/19 u=9/17
MWRANK u=-11/17 r=1 gens=2
FIBSURV Sig=5 t=23/6 u=-11/17
SKIPISO t=23/6 u=-11/17
MWRANK u=17/2 r=1 gens=2
FIBSURV Sig=5 t=-25/7 u=17/2
SKIPISO t=-25/7 u=17/2
MWRANK u=17/3 r=1 gens=2
FIBSURV Sig=5 t=-23 u=17/3
SKIPISO t=-23 u=17/3
MWRANK u=5/17 r=2 gens=2
FIBSURV Sig=5 t=22/5 u=5/17
SKIPISO t=22/5 u=5/17
MWRANK u=1/17 r=2 gens=2
FIBSURV Sig=5 t=89/21 u=1/17
SKIPISO t=89/21 u=1/17
MWRANK u=-15/17 r=1 gens=2
FIBSURV Sig=5 t=93/25 u=-15/17
SKIPISO t=93/25 u=-15/17
MWRANK u=-17/4 r=2 gens=2
FIBSURV Sig=5 t=101/37 u=-17/4
SKIPISO t=101/37 u=-17/4
MWRANK u=-17/9 r=1 gens=2
FIBSURV Sig=5 t=103/31 u=-17/9
SKIPISO t=103/31 u=-17/9
MWRANK u=-17/11 r=1 gens=2
FIBSURV Sig=5 t=31/9 u=-17/11
SKIPISO t=31/9 u=-17/11
MWRANK u=-17 r=1 gens=2
FIBSURV Sig=5 t=19/11 u=-17
SKIPISO t=19/11 u=-17
MWRANK u=17/11 r=2 gens=2
FIBSURV Sig=5 t=107/19 u=17/11
SKIPISO t=107/19 u=17/11
MWRANK u=17/4 r=2 gens=2
FIBSURV Sig=5 t=67/3 u=17/4
SKIPISO t=67/3 u=17/4
MWRANK u=-7/17 r=2 gens=2
FIBSURV Sig=5 t=91/23 u=-7/17
SKIPISO t=91/23 u=-7/17
MWRANK u=-17/15 r=2 gens=2
FIBSURV Sig=5 t=83/23 u=-17/15
SKIPISO t=83/23 u=-17/15
MWRANK u=17/7 r=2 gens=2
FIBSURV Sig=5 t=65/9 u=17/7
SKIPISO t=65/9 u=17/7
MWRANK u=-17/5 r=2 gens=2
FIBSURV Sig=5 t=61/21 u=-17/5
SKIPISO t=61/21 u=-17/5
MWRANK u=17 r=1 gens=2
FIBSURV Sig=5 t=-1/3 u=17
SKIPISO t=-1/3 u=17
MWRANK u=17/6 r=2 gens=2
FIBSURV Sig=5 t=109/13 u=17/6
SKIPISO t=109/13 u=17/6
MWRANK u=-17/7 r=2 gens=2
FIBSURV Sig=5 t=41/13 u=-17/7
SKIPISO t=41/13 u=-17/7
MWRANK u=17/9 r=1 gens=2
FIBSURV Sig=5 t=43/7 u=17/9
SKIPISO t=43/7 u=17/9
MWRANK u=-17/2 r=2 gens=2
FIBSURV Sig=5 t=59/27 u=-17/2
SKIPISO t=59/27 u=-17/2
MWRANK u=-17/13 r=3 gens=2
FIBSURV Sig=5 t=145/41 u=-17/13
SKIPISO t=145/41 u=-17/13
MWRANK u=-18 r=2 gens=2
FIBSURV Sig=5 t=39/23 u=-18
SKIPISO t=39/23 u=-18
MWRANK u=18/5 r=1 gens=2
FIBSURV Sig=5 t=87/7 u=18/5
SKIPISO t=87/7 u=18/5
MWRANK u=18/7 r=2 gens=2
FIBSURV Sig=5 t=129/17 u=18/7
SKIPISO t=129/17 u=18/7
MWRANK u=-18/5 r=2 gens=2
FIBSURV Sig=5 t=123/43 u=-18/5
SKIPISO t=123/43 u=-18/5
MWRANK u=19/9 r=2 gens=2
FIBSURV Sig=5 t=85/13 u=19/9
SKIPISO t=85/13 u=19/9
MWRANK u=-9/19 r=2 gens=2
FIBSURV Sig=5 t=51/13 u=-9/19
SKIPISO t=51/13 u=-9/19
MWRANK u=-19/13 r=3 gens=2
FIBSURV Sig=5 t=73/21 u=-19/13
SKIPISO t=73/21 u=-19/13
MWRANK u=-19 r=1 gens=2
FIBSURV Sig=5 t=5/3 u=-19
SKIPISO t=5/3 u=-19
MWRANK u=-19/11 r=1 gens=2
FIBSURV Sig=5 t=125/37 u=-19/11
SKIPISO t=125/37 u=-19/11
MWRANK u=19/4 r=2 gens=2
FIBSURV Sig=5 t=65 u=19/4
SKIPISO t=65 u=19/4
MWRANK u=-13/19 r=1 gens=2
FIBSURV Sig=5 t=103/27 u=-13/19
SKIPISO t=103/27 u=-13/19
MWRANK u=-19/6 r=2 gens=2
FIBSURV Sig=5 t=145/49 u=-19/6
SKIPISO t=145/49 u=-19/6
MWRANK u=7/19 r=2 gens=2
FIBSURV Sig=5 t=49/11 u=7/19
SKIPISO t=49/11 u=7/19
MWRANK u=19/2 r=1 gens=2
FIBSURV Sig=5 t=-23/9 u=19/2
SKIPISO t=-23/9 u=19/2
MWRANK u=11/19 r=3 gens=2
FIBSURV Sig=5 t=97/21 u=11/19
SKIPISO t=97/21 u=11/19
MWRANK u=19/8 r=2 gens=2
FIBSURV Sig=5 t=149/21 u=19/8
SKIPISO t=149/21 u=19/8
MWRANK u=19/6 r=2 gens=2
FIBSURV Sig=5 t=107/11 u=19/6
SKIPISO t=107/11 u=19/6
MWRANK u=19/5 r=2 gens=2
FIBSURV Sig=5 t=43/3 u=19/5
SKIPISO t=43/3 u=19/5
MWRANK u=19/15 r=1 gens=2
FIBSURV Sig=5 t=37/7 u=19/15
SKIPISO t=37/7 u=19/15
MWRANK u=-19/5 r=1 gens=2
FIBSURV Sig=5 t=31/11 u=-19/5
SKIPISO t=31/11 u=-19/5
MWRANK u=-19/3 r=2 gens=2
FIBSURV Sig=5 t=41/17 u=-19/3
SKIPISO t=41/17 u=-19/3
MWRANK u=19/13 r=2 gens=2
FIBSURV Sig=5 t=127/23 u=19/13
SKIPISO t=127/23 u=19/13
MWRANK u=3/19 r=2 gens=2
FIBSURV Sig=5 t=99/23 u=3/19
SKIPISO t=99/23 u=3/19
MWRANK u=19/11 r=1 gens=2
FIBSURV Sig=5 t=53/9 u=19/11
SKIPISO t=53/9 u=19/11
MWRANK u=19/7 r=1 gens=2
FIBSURV Sig=5 t=8 u=19/7
SKIPISO t=8 u=19/7
MWRANK u=-17/19 r=2 gens=2
FIBSURV Sig=5 t=26/7 u=-17/19
SKIPISO t=26/7 u=-17/19
MWRANK u=-19/7 r=1 gens=2
FIBSURV Sig=5 t=83/27 u=-19/7
SKIPISO t=83/27 u=-19/7
MWRANK u=-19/2 r=2 gens=2
FIBSURV Sig=5 t=61/29 u=-19/2
SKIPISO t=61/29 u=-19/2
MWRANK u=-5/19 r=2 gens=2
FIBSURV Sig=5 t=101/25 u=-5/19
SKIPISO t=101/25 u=-5/19
MWRANK u=-19/17 r=2 gens=2
FIBSURV Sig=5 t=47/13 u=-19/17
SKIPISO t=47/13 u=-19/17
MWRANK u=-19/4 r=2 gens=2
FIBSURV Sig=5 t=103/39 u=-19/4
SKIPISO t=103/39 u=-19/4
MWRANK u=-1/19 r=2 gens=2
FIBSURV Sig=5 t=25/6 u=-1/19
SKIPISO t=25/6 u=-1/19
MWRANK u=-20 r=2 gens=2
FIBSURV Sig=5 t=41/25 u=-20
SKIPISO t=41/25 u=-20
MWRANK u=20/7 r=2 gens=2
FIBSURV Sig=5 t=127/15 u=20/7
SKIPISO t=127/15 u=20/7
MWRANK u=20/3 r=1 gens=2
FIBSURV Sig=5 t=-43/5 u=20/3
SKIPISO t=-43/5 u=20/3
MWRANK u=20 r=2 gens=2
FIBSURV Sig=5 t=-1/15 u=20
SKIPISO t=-1/15 u=20
MWRANK u=-20/3 r=2 gens=2
FIBSURV Sig=5 t=83/35 u=-20/3
SKIPISO t=83/35 u=-20/3
MWRANK u=21/8 r=2 gens=2
FIBSURV Sig=5 t=147/19 u=21/8
SKIPISO t=147/19 u=21/8
MWRANK u=1/21 r=2 gens=2
FIBSURV Sig=5 t=55/13 u=1/21
SKIPISO t=55/13 u=1/21
MWRANK u=21/11 r=2 gens=2
FIBSURV Sig=5 t=105/17 u=21/11
SKIPISO t=105/17 u=21/11
MWRANK u=21/17 r=1 gens=2
FIBSURV Sig=5 t=21/4 u=21/17
SKIPISO t=21/4 u=21/17
MWRANK u=-21 r=2 gens=2
FIBSURV Sig=5 t=21/13 u=-21
SKIPISO t=21/13 u=-21
MWRANK u=-19/21 r=2 gens=2
FIBSURV Sig=5 t=115/31 u=-19/21
SKIPISO t=115/31 u=-19/21
MWRANK u=21 r=1 gens=2
FIBSURV Sig=5 t=0 u=21
SKIPISO t=0 u=21
MWRANK u=-11/21 r=1 gens=2
FIBSURV Sig=5 t=113/29 u=-11/21
SKIPISO t=113/29 u=-11/21
MWRANK u=21/13 r=2 gens=2
FIBSURV Sig=5 t=63/11 u=21/13
SKIPISO t=63/11 u=21/13
MWRANK u=21/2 r=1 gens=2
FIBSURV Sig=5 t=-21/11 u=21/2
SKIPISO t=-21/11 u=21/2
MWRANK u=-21/2 r=2 gens=2
FIBSURV Sig=5 t=63/31 u=-21/2
SKIPISO t=63/31 u=-21/2
MWRANK u=13/21 r=2 gens=2
FIBSURV Sig=5 t=107/23 u=13/21
SKIPISO t=107/23 u=13/21
MWRANK u=17/21 r=2 gens=2
FIBSURV Sig=5 t=53/11 u=17/21
SKIPISO t=53/11 u=17/21
MWRANK u=-21/4 r=2 gens=2
FIBSURV Sig=5 t=105/41 u=-21/4
SKIPISO t=105/41 u=-21/4
MWRANK u=21/4 r=1 gens=2
FIBSURV Sig=5 t=-63 u=21/4
SKIPISO t=-63 u=21/4
MWRANK u=21/5 r=1 gens=2
FIBSURV Sig=5 t=21 u=21/5
SKIPISO t=21 u=21/5
MWRANK u=-21/13 r=1 gens=2
FIBSURV Sig=5 t=147/43 u=-21/13
SKIPISO t=147/43 u=-21/13
MWRANK u=5/21 r=2 gens=2
FIBSURV Sig=5 t=109/25 u=5/21
SKIPISO t=109/25 u=5/21
MWRANK u=-21/19 r=2 gens=2
FIBSURV Sig=5 t=105/29 u=-21/19
SKIPISO t=105/29 u=-21/19
MWRANK u=-21/5 r=2 gens=2
FIBSURV Sig=5 t=63/23 u=-21/5
SKIPISO t=63/23 u=-21/5
MWRANK u=-21/11 r=1 gens=2
FIBSURV Sig=5 t=63/19 u=-21/11
SKIPISO t=63/19 u=-21/11
MWRANK u=-22/5 r=2 gens=2
FIBSURV Sig=5 t=127/47 u=-22/5
SKIPISO t=127/47 u=-22/5
MWRANK u=22/3 r=3 gens=2
FIBSURV Sig=5 t=-41/7 u=22/3
SKIPISO t=-41/7 u=22/3
MWRANK u=22/5 r=2 gens=2
FIBSURV Sig=5 t=83/3 u=22/5
SKIPISO t=83/3 u=22/5
MWRANK u=22/7 r=2 gens=2
FIBSURV Sig=5 t=125/13 u=22/7
SKIPISO t=125/13 u=22/7
MWRANK u=-23/4 r=2 gens=2
FIBSURV Sig=5 t=107/43 u=-23/4
SKIPISO t=107/43 u=-23/4
MWRANK u=23/4 r=1 gens=2
FIBSURV Sig=5 t=-61/3 u=23/4
SKIPISO t=-61/3 u=23/4
MWRANK u=23 r=1 gens=2
FIBSURV Sig=5 t=1/9 u=23
SKIPISO t=1/9 u=23
MWRANK u=-23/9 r=3 gens=2
FIBSURV Sig=5 t=53/17 u=-23/9
SKIPISO t=53/17 u=-23/9
MWRANK u=23/8 r=2 gens=2
FIBSURV Sig=5 t=145/17 u=23/8
SKIPISO t=145/17 u=23/8
MWRANK u=-9/23 r=2 gens=2
FIBSURV Sig=5 t=123/31 u=-9/23
SKIPISO t=123/31 u=-9/23
MWRANK u=-13/23 r=2 gens=2
FIBSURV Sig=5 t=31/8 u=-13/23
SKIPISO t=31/8 u=-13/23
MWRANK u=-23/17 r=2 gens=2
FIBSURV Sig=5 t=95/27 u=-23/17
SKIPISO t=95/27 u=-23/17
MWRANK u=-23/7 r=2 gens=2
FIBSURV Sig=5 t=85/29 u=-23/7
SKIPISO t=85/29 u=-23/7
MWRANK u=23/7 r=1 gens=2
FIBSURV Sig=5 t=31/3 u=23/7
SKIPISO t=31/3 u=23/7
MWRANK u=3/23 r=2 gens=2
FIBSURV Sig=5 t=30/7 u=3/23
SKIPISO t=30/7 u=3/23
MWRANK u=23/3 r=1 gens=2
FIBSURV Sig=5 t=-5 u=23/3
SKIPISO t=-5 u=23/3
MWRANK u=23/11 r=2 gens=2
FIBSURV Sig=5 t=13/2 u=23/11
SKIPISO t=13/2 u=23/11
MWRANK u=23/15 r=1 gens=2
FIBSURV Sig=5 t=73/13 u=23/15
SKIPISO t=73/13 u=23/15
MWRANK u=23/5 r=1 gens=2
FIBSURV Sig=5 t=41 u=23/5
SKIPISO t=41 u=23/5
MWRANK u=7/23 r=2 gens=2
FIBSURV Sig=5 t=119/27 u=7/23
SKIPISO t=119/27 u=7/23
MWRANK u=23/19 r=1 gens=2
FIBSURV Sig=5 t=47/9 u=23/19
SKIPISO t=47/9 u=23/19
MWRANK u=23/9 r=2 gens=2
FIBSURV Sig=5 t=83/11 u=23/9
SKIPISO t=83/11 u=23/9
MWRANK u=-23/21 r=2 gens=2
FIBSURV Sig=5 t=29/8 u=-23/21
SKIPISO t=29/8 u=-23/21
MWRANK u=23/6 r=2 gens=2
FIBSURV Sig=5 t=103/7 u=23/6
SKIPISO t=103/7 u=23/6
MWRANK u=23/13 r=2 gens=2
FIBSURV Sig=5 t=125/21 u=23/13
SKIPISO t=125/21 u=23/13
MWRANK u=-1/23 r=2 gens=2
FIBSURV Sig=5 t=121/29 u=-1/23
SKIPISO t=121/29 u=-1/23
MWRANK u=-17/23 r=1 gens=2
FIBSURV Sig=5 t=125/33 u=-17/23
SKIPISO t=125/33 u=-17/23
MWRANK u=11/23 r=2 gens=2
FIBSURV Sig=5 t=59/13 u=11/23
SKIPISO t=59/13 u=11/23
MWRANK u=-21/23 r=2 gens=2
FIBSURV Sig=5 t=63/17 u=-21/23
SKIPISO t=63/17 u=-21/23
MWRANK u=-23/5 r=1 gens=2
FIBSURV Sig=5 t=8/3 u=-23/5
SKIPISO t=8/3 u=-23/5
MWRANK u=19/23 r=1 gens=2
FIBSURV Sig=5 t=29/6 u=19/23
SKIPISO t=29/6 u=19/23
MWRANK u=23/2 r=2 gens=2
FIBSURV Sig=5 t=-19/13 u=23/2
SKIPISO t=-19/13 u=23/2
MWRANK u=-23/13 r=2 gens=2
FIBSURV Sig=5 t=37/11 u=-23/13
SKIPISO t=37/11 u=-23/13
MWRANK u=-23/11 r=1 gens=2
FIBSURV Sig=5 t=127/39 u=-23/11
SKIPISO t=127/39 u=-23/11
MWRANK u=-23/2 r=2 gens=2
FIBSURV Sig=5 t=65/33 u=-23/2
SKIPISO t=65/33 u=-23/2
MWRANK u=-5/23 r=2 gens=2
FIBSURV Sig=5 t=61/15 u=-5/23
SKIPISO t=61/15 u=-5/23
MWRANK u=-23/6 r=2 gens=2
FIBSURV Sig=5 t=149/53 u=-23/6
SKIPISO t=149/53 u=-23/6
MWRANK u=-24 r=2 gens=2
FIBSURV Sig=5 t=45/29 u=-24
SKIPISO t=45/29 u=-24
MWRANK u=24/7 r=2 gens=2
FIBSURV Sig=5 t=123/11 u=24/7
SKIPISO t=123/11 u=24/7
MWRANK u=-24/5 r=2 gens=2
FIBSURV Sig=5 t=129/49 u=-24/5
SKIPISO t=129/49 u=-24/5
MWRANK u=24 r=2 gens=2
FIBSURV Sig=5 t=3/19 u=24
SKIPISO t=3/19 u=24
MWRANK u=24/5 r=2 gens=2
FIBSURV Sig=5 t=81 u=24/5
SKIPISO t=81 u=24/5
MWRANK u=-23/25 r=2 gens=2
FIBSURV Sig=5 t=137/37 u=-23/25
SKIPISO t=137/37 u=-23/25
MWRANK u=-25/9 r=1 gens=2
FIBSURV Sig=5 t=107/35 u=-25/9
SKIPISO t=107/35 u=-25/9
MWRANK u=25/3 r=1 gens=2
FIBSURV Sig=5 t=-19/5 u=25/3
SKIPISO t=-19/5 u=25/3
MWRANK u=-25/13 r=2 gens=2
FIBSURV Sig=5 t=149/45 u=-25/13
SKIPISO t=149/45 u=-25/13
MWRANK u=-25/4 r=2 gens=2
FIBSURV Sig=5 t=109/45 u=-25/4
SKIPISO t=109/45 u=-25/4
MWRANK u=-7/25 r=1 gens=2
FIBSURV Sig=5 t=133/33 u=-7/25
SKIPISO t=133/33 u=-7/25
MWRANK u=25/6 r=2 gens=2
FIBSURV Sig=5 t=101/5 u=25/6
SKIPISO t=101/5 u=25/6
MWRANK u=-3/25 r=1 gens=2
FIBSURV Sig=5 t=33/8 u=-3/25
SKIPISO t=33/8 u=-3/25
MWRANK u=25/11 r=2 gens=2
FIBSURV Sig=5 t=103/15 u=25/11
SKIPISO t=103/15 u=25/11
MWRANK u=-19/25 r=1 gens=2
FIBSURV Sig=5 t=34/9 u=-19/25
SKIPISO t=34/9 u=-19/25
MWRANK u=25/17 r=1 gens=2
FIBSURV Sig=5 t=83/15 u=25/17
SKIPISO t=83/15 u=25/17
MWRANK u=25/8 r=2 gens=2
FIBSURV Sig=5 t=143/15 u=25/8
SKIPISO t=143/15 u=25/8
MWRANK u=25 r=1 gens=2
FIBSURV Sig=5 t=1/5 u=25
SKIPISO t=1/5 u=25
MWRANK u=-11/25 r=2 gens=2
FIBSURV Sig=5 t=67/17 u=-11/25
SKIPISO t=67/17 u=-11/25
MWRANK u=21/25 r=3 gens=2
FIBSURV Sig=5 t=63/13 u=21/25
SKIPISO t=63/13 u=21/25
MWRANK u=-25 r=2 gens=2
FIBSURV Sig=5 t=23/15 u=-25
SKIPISO t=23/15 u=-25
MWRANK u=-25/11 r=1 gens=2
FIBSURV Sig=5 t=16/5 u=-25/11
SKIPISO t=16/5 u=-25/11
MWRANK u=17/25 r=2 gens=2
FIBSURV Sig=5 t=127/27 u=17/25
SKIPISO t=127/27 u=17/25
MWRANK u=25/9 r=3 gens=2
FIBSURV Sig=5 t=41/5 u=25/9
SKIPISO t=41/5 u=25/9
MWRANK u=25/7 r=2 gens=2
FIBSURV Sig=5 t=61/5 u=25/7
SKIPISO t=61/5 u=25/7
MWRANK u=25/4 r=1 gens=2
FIBSURV Sig=5 t=-59/5 u=25/4
SKIPISO t=-59/5 u=25/4
MWRANK u=25/2 r=2 gens=2
FIBSURV Sig=5 t=-17/15 u=25/2
SKIPISO t=-17/15 u=25/2
MWRANK u=1/25 r=1 gens=2
FIBSURV Sig=5 t=131/31 u=1/25
SKIPISO t=131/31 u=1/25
MWRANK u=-25/7 r=1 gens=2
FIBSURV Sig=5 t=43/15 u=-25/7
SKIPISO t=43/15 u=-25/7
MWRANK u=9/25 r=1 gens=2
FIBSURV Sig=5 t=129/29 u=9/25
SKIPISO t=129/29 u=9/25
MWRANK u=-25/19 r=1 gens=2
FIBSURV Sig=5 t=53/15 u=-25/19
SKIPISO t=53/15 u=-25/19
MWRANK u=25/21 r=1 gens=2
FIBSURV Sig=5 t=26/5 u=25/21
SKIPISO t=26/5 u=25/21
MWRANK u=-25/23 r=2 gens=2
FIBSURV Sig=5 t=127/35 u=-25/23
SKIPISO t=127/35 u=-25/23
MWRANK u=13/25 r=2 gens=2
FIBSURV Sig=5 t=32/7 u=13/25
SKIPISO t=32/7 u=13/25
MWRANK u=25/13 r=1 gens=2
FIBSURV Sig=5 t=31/5 u=25/13
SKIPISO t=31/5 u=25/13
MWRANK u=26/3 r=1 gens=2
FIBSURV Sig=5 t=-37/11 u=26/3
SKIPISO t=-37/11 u=26/3
MWRANK u=26/5 r=1 gens=2
FIBSURV Sig=5 t=-79 u=26/5
SKIPISO t=-79 u=26/5
MWRANK u=26/7 r=1 gens=2
FIBSURV Sig=5 t=121/9 u=26/7
SKIPISO t=121/9 u=26/7
MWRANK u=-26/3 r=2 gens=2
FIBSURV Sig=5 t=89/41 u=-26/3
SKIPISO t=89/41 u=-26/3
MWRANK u=26 r=2 gens=2
FIBSURV Sig=5 t=5/21 u=26
SKIPISO t=5/21 u=26
MWRANK u=-26/5 r=2 gens=2
FIBSURV Sig=5 t=131/51 u=-26/5
SKIPISO t=131/51 u=-26/5
MWRANK u=-27/11 r=1 gens=2
FIBSURV Sig=5 t=129/41 u=-27/11
SKIPISO t=129/41 u=-27/11
MWRANK u=-1/27 r=2 gens=2
FIBSURV Sig=5 t=71/17 u=-1/27
SKIPISO t=71/17 u=-1/27
MWRANK u=27/19 r=1 gens=2
FIBSURV Sig=5 t=93/17 u=27/19
SKIPISO t=93/17 u=27/19
MWRANK u=27/13 r=2 gens=2
FIBSURV Sig=5 t=123/19 u=27/13
SKIPISO t=123/19 u=27/13
MWRANK u=27 r=2 gens=2
FIBSURV Sig=5 t=3/11 u=27
SKIPISO t=3/11 u=27
MWRANK u=19/27 r=2 gens=2
FIBSURV Sig=5 t=137/29 u=19/27
SKIPISO t=137/29 u=19/27
MWRANK u=27/11 r=1 gens=2
FIBSURV Sig=5 t=51/7 u=27/11
SKIPISO t=51/7 u=27/11
MWRANK u=27/8 r=2 gens=2
FIBSURV Sig=5 t=141/13 u=27/8
SKIPISO t=141/13 u=27/8
MWRANK u=27/7 r=1 gens=2
FIBSURV Sig=5 t=15 u=27/7
SKIPISO t=15 u=27/7
MWRANK u=-13/27 r=2 gens=2
FIBSURV Sig=5 t=145/37 u=-13/27
SKIPISO t=145/37 u=-13/27
MWRANK u=-27/25 r=2 gens=2
FIBSURV Sig=5 t=69/19 u=-27/25
SKIPISO t=69/19 u=-27/25
MWRANK u=7/27 r=1 gens=2
FIBSURV Sig=5 t=35/8 u=7/27
SKIPISO t=35/8 u=7/27
MWRANK u=27/4 r=1 gens=2
FIBSURV Sig=5 t=-57/7 u=27/4
SKIPISO t=-57/7 u=27/4
MWRANK u=-27/2 r=2 gens=2
FIBSURV Sig=5 t=69/37 u=-27/2
SKIPISO t=69/37 u=-27/2
MWRANK u=-27/17 r=2 gens=2
FIBSURV Sig=5 t=24/7 u=-27/17
SKIPISO t=24/7 u=-27/17
MWRANK u=23/27 r=2 gens=2
FIBSURV Sig=5 t=34/7 u=23/27
SKIPISO t=34/7 u=23/27
MWRANK u=-27/13 r=2 gens=2
FIBSURV Sig=5 t=75/23 u=-27/13
SKIPISO t=75/23 u=-27/13
MWRANK u=11/27 r=2 gens=2
FIBSURV Sig=5 t=139/31 u=11/27
SKIPISO t=139/31 u=11/27
MWRANK u=27/5 r=1 gens=2
FIBSURV Sig=5 t=-39 u=27/5
SKIPISO t=-39 u=27/5
MWRANK u=27/23 r=1 gens=2
FIBSURV Sig=5 t=57/11 u=27/23
SKIPISO t=57/11 u=27/23
MWRANK u=27/2 r=2 gens=2
FIBSURV Sig=5 t=-15/17 u=27/2
SKIPISO t=-15/17 u=27/2
MWRANK u=-17/27 r=2 gens=2
FIBSURV Sig=5 t=73/19 u=-17/27
SKIPISO t=73/19 u=-17/27
MWRANK u=-25/27 r=1 gens=2
FIBSURV Sig=5 t=37/10 u=-25/27
SKIPISO t=37/10 u=-25/27
MWRANK u=-27/7 r=2 gens=2
FIBSURV Sig=5 t=87/31 u=-27/7
SKIPISO t=87/31 u=-27/7
MWRANK u=-5/27 r=3 gens=2
FIBSURV Sig=5 t=143/35 u=-5/27
SKIPISO t=143/35 u=-5/27
MWRANK u=-27/4 r=2 gens=2
FIBSURV Sig=5 t=111/47 u=-27/4
SKIPISO t=111/47 u=-27/4
MWRANK u=-28 r=2 gens=2
FIBSURV Sig=5 t=49/33 u=-28
SKIPISO t=49/33 u=-28
MWRANK u=-28/3 r=2 gens=2
FIBSURV Sig=5 t=91/43 u=-28/3
SKIPISO t=91/43 u=-28/3
MWRANK u=28/5 r=1 gens=2
FIBSURV Sig=5 t=-77/3 u=28/5
SKIPISO t=-77/3 u=28/5
MWRANK u=-28/5 r=2 gens=2
FIBSURV Sig=5 t=133/53 u=-28/5
SKIPISO t=133/53 u=-28/5
MWRANK u=-29/27 r=2 gens=2
FIBSURV Sig=5 t=149/41 u=-29/27
SKIPISO t=149/41 u=-29/27
MWRANK u=-29/4 r=2 gens=2
FIBSURV Sig=5 t=113/49 u=-29/4
SKIPISO t=113/49 u=-29/4
MWRANK u=-23/29 r=2 gens=2
FIBSURV Sig=5 t=79/21 u=-23/29
SKIPISO t=79/21 u=-23/29
MWRANK u=-29/11 r=1 gens=2
FIBSURV Sig=5 t=65/21 u=-29/11
SKIPISO t=65/21 u=-29/11
MWRANK u=-29/19 r=2 gens=2
FIBSURV Sig=5 t=107/31 u=-29/19
SKIPISO t=107/31 u=-29/19
MWRANK u=-7/29 r=3 gens=2
FIBSURV Sig=5 t=77/19 u=-7/29
SKIPISO t=77/19 u=-7/29
MWRANK u=29/21 r=2 gens=2
FIBSURV Sig=5 t=103/19 u=29/21
SKIPISO t=103/19 u=29/21
MWRANK u=29/2 r=2 gens=2
FIBSURV Sig=5 t=-13/19 u=29/2
SKIPISO t=-13/19 u=29/2
MWRANK u=29/17 r=1 gens=2
FIBSURV Sig=5 t=41/7 u=29/17
SKIPISO t=41/7 u=29/17
MWRANK u=29/13 r=2 gens=2
FIBSURV Sig=5 t=61/9 u=29/13
SKIPISO t=61/9 u=29/13
MWRANK u=13/29 r=2 gens=2
FIBSURV Sig=5 t=149/33 u=13/29
SKIPISO t=149/33 u=13/29
MWRANK u=29/7 r=2 gens=2
FIBSURV Sig=5 t=59/3 u=29/7
SKIPISO t=59/3 u=29/7
MWRANK u=1/29 r=2 gens=2
FIBSURV Sig=5 t=38/9 u=1/29
SKIPISO t=38/9 u=1/29
MWRANK u=29/25 r=2 gens=2
FIBSURV Sig=5 t=31/6 u=29/25
SKIPISO t=31/6 u=29/25
MWRANK u=29/9 r=3 gens=2
FIBSURV Sig=5 t=10 u=29/9
SKIPISO t=10 u=29/9
MWRANK u=-29/9 r=2 gens=2
FIBSURV Sig=5 t=109/37 u=-29/9
SKIPISO t=109/37 u=-29/9
MWRANK u=-29/7 r=1 gens=2
FIBSURV Sig=5 t=11/4 u=-29/7
SKIPISO t=11/4 u=-29/7
MWRANK u=-29/15 r=2 gens=2
FIBSURV Sig=5 t=43/13 u=-29/15
SKIPISO t=43/13 u=-29/15
MWRANK u=-29/23 r=2 gens=2
FIBSURV Sig=5 t=32/9 u=-29/23
SKIPISO t=32/9 u=-29/23
MWRANK u=17/29 r=2 gens=2
FIBSURV Sig=5 t=37/8 u=17/29
SKIPISO t=37/8 u=17/29
MWRANK u=29/8 r=2 gens=2
FIBSURV Sig=5 t=139/11 u=29/8
SKIPISO t=139/11 u=29/8
MWRANK u=9/29 r=3 gens=2
FIBSURV Sig=5 t=75/17 u=9/29
SKIPISO t=75/17 u=9/29
MWRANK u=29/11 r=1 gens=2
FIBSURV Sig=5 t=101/13 u=29/11
SKIPISO t=101/13 u=29/11
MWRANK u=21/29 r=1 gens=2
FIBSURV Sig=5 t=147/31 u=21/29
SKIPISO t=147/31 u=21/29
MWRANK u=29/15 r=2 gens=2
FIBSURV Sig=5 t=143/23 u=29/15
SKIPISO t=143/23 u=29/15
MWRANK u=-29/5 r=2 gens=2
FIBSURV Sig=5 t=67/27 u=-29/5
SKIPISO t=67/27 u=-29/5
MWRANK u=-29/2 r=2 gens=2
FIBSURV Sig=5 t=71/39 u=-29/2
SKIPISO t=71/39 u=-29/2
MWRANK u=25/29 r=2 gens=2
FIBSURV Sig=5 t=73/15 u=25/29
SKIPISO t=73/15 u=25/29
MWRANK u=-15/29 r=2 gens=2
FIBSURV Sig=5 t=39/10 u=-15/29
SKIPISO t=39/10 u=-15/29
MWRANK u=29/4 r=1 gens=2
FIBSURV Sig=5 t=-55/9 u=29/4
SKIPISO t=-55/9 u=29/4
MWRANK u=29/5 r=2 gens=2
FIBSURV Sig=5 t=-19 u=29/5
SKIPISO t=-19 u=29/5
MWRANK u=-29 r=2 gens=2
FIBSURV Sig=5 t=25/17 u=-29
SKIPISO t=25/17 u=-29
MWRANK u=29/6 r=2 gens=2
FIBSURV Sig=5 t=97 u=29/6
SKIPISO t=97 u=29/6
MWRANK u=-30/7 r=4 gens=2
FIBSURV Sig=5 t=177/65 u=-30/7
SKIPISO t=177/65 u=-30/7
MWRANK u=30 r=2 gens=2
FIBSURV Sig=5 t=9/25 u=30
SKIPISO t=9/25 u=30
MWRANK u=-30 r=1 gens=2
FIBSURV Sig=5 t=51/35 u=-30
SKIPISO t=51/35 u=-30
MWRANK u=30/7 r=2 gens=2
FIBSURV Sig=5 t=117/5 u=30/7
SKIPISO t=117/5 u=30/7
MWRANK u=-21/31 r=2 gens=2
FIBSURV Sig=5 t=42/11 u=-21/31
SKIPISO t=42/11 u=-21/31
MWRANK u=-31/7 r=2 gens=2
FIBSURV Sig=5 t=89/33 u=-31/7
SKIPISO t=89/33 u=-31/7
MWRANK u=-31 r=1 gens=2
FIBSURV Sig=5 t=13/9 u=-31
SKIPISO t=13/9 u=-31
MWRANK u=-31/4 r=2 gens=2
FIBSURV Sig=5 t=115/51 u=-31/4
SKIPISO t=115/51 u=-31/4
MWRANK u=3/31 r=2 gens=2
FIBSURV Sig=5 t=81/19 u=3/31
SKIPISO t=81/19 u=3/31
MWRANK u=-31/25 r=2 gens=2
FIBSURV Sig=5 t=139/39 u=-31/25
SKIPISO t=139/39 u=-31/25
MWRANK u=-29/31 r=2 gens=2
FIBSURV Sig=5 t=85/23 u=-29/31
SKIPISO t=85/23 u=-29/31
MWRANK u=-31/13 r=1 gens=2
FIBSURV Sig=5 t=19/6 u=-31/13
SKIPISO t=19/6 u=-31/13
MWRANK u=31/11 r=1 gens=2
FIBSURV Sig=5 t=25/3 u=31/11
SKIPISO t=25/3 u=31/11
MWRANK u=31/8 r=2 gens=2
FIBSURV Sig=5 t=137/9 u=31/8
SKIPISO t=137/9 u=31/8
MWRANK u=19/31 r=2 gens=2
FIBSURV Sig=5 t=79/17 u=19/31
SKIPISO t=79/17 u=19/31
MWRANK u=31/5 r=1 gens=2
FIBSURV Sig=5 t=-37/3 u=31/5
SKIPISO t=-37/3 u=31/5
MWRANK u=27/31 r=1 gens=2
FIBSURV Sig=5 t=39/8 u=27/31
SKIPISO t=39/8 u=27/31
MWRANK u=11/31 r=1 gens=2
FIBSURV Sig=5 t=40/9 u=11/31
SKIPISO t=40/9 u=11/31
MWRANK u=-31/11 r=1 gens=2
FIBSURV Sig=5 t=131/43 u=-31/11
SKIPISO t=131/43 u=-31/11
MWRANK u=-13/31 r=2 gens=2
FIBSURV Sig=5 t=83/21 u=-13/31
SKIPISO t=83/21 u=-13/31
MWRANK u=31/13 r=2 gens=2
FIBSURV Sig=5 t=121/17 u=31/13
SKIPISO t=121/17 u=31/13
MWRANK u=31/15 r=3 gens=2
FIBSURV Sig=5 t=71/11 u=31/15
SKIPISO t=71/11 u=31/15
MWRANK u=-31/2 r=2 gens=2
FIBSURV Sig=5 t=73/41 u=-31/2
SKIPISO t=73/41 u=-31/2
MWRANK u=31/27 r=1 gens=2
FIBSURV Sig=5 t=67/13 u=31/27
SKIPISO t=67/13 u=31/27
MWRANK u=31/6 r=1 gens=2
FIBSURV Sig=5 t=-95 u=31/6
SKIPISO t=-95 u=31/6
MWRANK u=-31/9 r=1 gens=2
FIBSURV Sig=5 t=55/19 u=-31/9
SKIPISO t=55/19 u=-31/9
MWRANK u=31/2 r=2 gens=2
FIBSURV Sig=5 t=-11/21 u=31/2
SKIPISO t=-11/21 u=31/2
MWRANK u=31/9 r=2 gens=2
FIBSURV Sig=5 t=79/7 u=31/9
SKIPISO t=79/7 u=31/9
MWRANK u=-31/3 r=2 gens=2
FIBSURV Sig=5 t=47/23 u=-31/3
SKIPISO t=47/23 u=-31/3
MWRANK u=-5/31 r=1 gens=2
FIBSURV Sig=5 t=41/10 u=-5/31
SKIPISO t=41/10 u=-5/31
MWRANK u=31/4 r=1 gens=2
FIBSURV Sig=5 t=-53/11 u=31/4
SKIPISO t=-53/11 u=31/4
MWRANK u=-31/29 r=2 gens=2
FIBSURV Sig=5 t=40/11 u=-31/29
SKIPISO t=40/11 u=-31/29
MWRANK u=31/3 r=1 gens=2
FIBSURV Sig=5 t=-2 u=31/3
SKIPISO t=-2 u=31/3
MWRANK u=-31/21 r=2 gens=2
FIBSURV Sig=5 t=59/17 u=-31/21
SKIPISO t=59/17 u=-31/21
MWRANK u=31/23 r=1 gens=2
FIBSURV Sig=5 t=113/21 u=31/23
SKIPISO t=113/21 u=31/23
MWRANK u=-31/17 r=2 gens=2
FIBSURV Sig=5 t=97/29 u=-31/17
SKIPISO t=97/29 u=-31/17
MWRANK u=31/19 r=1 gens=2
FIBSURV Sig=5 t=23/4 u=31/19
SKIPISO t=23/4 u=31/19
MWRANK u=31 r=2 gens=2
FIBSURV Sig=5 t=5/13 u=31
SKIPISO t=5/13 u=31
MWRANK u=-32 r=2 gens=2
FIBSURV Sig=5 t=53/37 u=-32
SKIPISO t=53/37 u=-32
MWRANK u=32/5 r=1 gens=2
FIBSURV Sig=5 t=-73/7 u=32/5
SKIPISO t=-73/7 u=32/5
MWRANK u=32/7 r=2 gens=2
FIBSURV Sig=5 t=115/3 u=32/7
SKIPISO t=115/3 u=32/7
MWRANK u=-32/3 r=2 gens=2
FIBSURV Sig=5 t=95/47 u=-32/3
SKIPISO t=95/47 u=-32/3
MWRANK u=32 r=2 gens=2
FIBSURV Sig=5 t=11/27 u=32
SKIPISO t=11/27 u=32
MWRANK u=-32/5 r=2 gens=2
FIBSURV Sig=5 t=137/57 u=-32/5
SKIPISO t=137/57 u=-32/5
MWRANK u=32/3 r=2 gens=2
FIBSURV Sig=5 t=-31/17 u=32/3
SKIPISO t=-31/17 u=32/3
MWRANK u=33/31 r=2 gens=2
FIBSURV Sig=5 t=309/61 u=33/31
SKIPISO t=309/61 u=33/31
MWRANK u=29/33 r=2 gens=2
FIBSURV Sig=5 t=83/17 u=29/33
SKIPISO t=83/17 u=29/33
MWRANK u=-33/7 r=1 gens=2
FIBSURV Sig=5 t=45/17 u=-33/7
SKIPISO t=45/17 u=-33/7
MWRANK u=13/33 r=2 gens=2
FIBSURV Sig=5 t=85/19 u=13/33
SKIPISO t=85/19 u=13/33
MWRANK u=-33/2 r=2 gens=2
FIBSURV Sig=5 t=75/43 u=-33/2
SKIPISO t=75/43 u=-33/2
MWRANK u=5/33 r=3 gens=2
FIBSURV Sig=5 t=43/10 u=5/33
SKIPISO t=43/10 u=5/33
MWRANK u=-19/33 r=2 gens=2
FIBSURV Sig=5 t=89/23 u=-19/33
SKIPISO t=89/23 u=-19/33
MWRANK u=33/2 r=2 gens=2
FIBSURV Sig=5 t=-9/23 u=33/2
SKIPISO t=-9/23 u=33/2
MWRANK u=33 r=1 gens=2
FIBSURV Sig=5 t=3/7 u=33
SKIPISO t=3/7 u=33
MWRANK u=-33/19 r=3 gens=2
FIBSURV Sig=5 t=27/8 u=-33/19
SKIPISO t=27/8 u=-33/19
MWRANK u=33/4 r=1 gens=2
FIBSURV Sig=5 t=-51/13 u=33/4
SKIPISO t=-51/13 u=33/4
MWRANK u=33/29 r=1 gens=2
FIBSURV Sig=5 t=36/7 u=33/29
SKIPISO t=36/7 u=33/29
MWRANK u=-33 r=2 gens=2
FIBSURV Sig=5 t=27/19 u=-33
SKIPISO t=27/19 u=-33
MWRANK u=-33/4 r=2 gens=2
FIBSURV Sig=5 t=117/53 u=-33/4
SKIPISO t=117/53 u=-33/4
MWRANK u=33/7 r=1 gens=2
FIBSURV Sig=5 t=57 u=33/7
SKIPISO t=57 u=33/7
MWRANK u=33/25 r=1 gens=2
FIBSURV Sig=5 t=123/23 u=33/25
SKIPISO t=123/23 u=33/25
MWRANK u=-33/23 r=2 gens=2
FIBSURV Sig=5 t=129/37 u=-33/23
SKIPISO t=129/37 u=-33/23
MWRANK u=34/5 r=2 gens=2
FIBSURV Sig=5 t=-71/9 u=34/5
SKIPISO t=-71/9 u=34/5
MWRANK u=-34/5 r=2 gens=2
FIBSURV Sig=5 t=139/59 u=-34/5
SKIPISO t=139/59 u=-34/5
MWRANK u=34 r=2 gens=2
FIBSURV Sig=5 t=13/29 u=34
SKIPISO t=13/29 u=34
MWRANK u=-34/3 r=2 gens=2
FIBSURV Sig=5 t=97/49 u=-34/3
SKIPISO t=97/49 u=-34/3
MWRANK u=34/3 r=2 gens=2
FIBSURV Sig=5 t=-29/19 u=34/3
SKIPISO t=-29/19 u=34/3
MWRANK u=34/7 r=2 gens=2
FIBSURV Sig=5 t=113 u=34/7
SKIPISO t=113 u=34/7
MWRANK u=-34 r=2 gens=2
FIBSURV Sig=5 t=55/39 u=-34
SKIPISO t=55/39 u=-34
MWRANK u=-33/35 r=2 gens=2
FIBSURV Sig=5 t=48/13 u=-33/35
SKIPISO t=48/13 u=-33/35
MWRANK u=-9/35 r=1 gens=2
FIBSURV Sig=5 t=93/23 u=-9/35
SKIPISO t=93/23 u=-9/35
MWRANK u=-35/3 r=2 gens=2
FIBSURV Sig=5 t=49/25 u=-35/3
SKIPISO t=49/25 u=-35/3
MWRANK u=-35/4 r=2 gens=2
FIBSURV Sig=5 t=119/55 u=-35/4
SKIPISO t=119/55 u=-35/4
MWRANK u=35/19 r=1 gens=2
FIBSURV Sig=5 t=91/15 u=35/19
SKIPISO t=91/15 u=35/19
MWRANK u=35/31 r=2 gens=2
FIBSURV Sig=5 t=77/15 u=35/31
SKIPISO t=77/15 u=35/31
MWRANK u=-35/2 r=1 gens=2
FIBSURV Sig=5 t=77/45 u=-35/2
SKIPISO t=77/45 u=-35/2
MWRANK u=-35 r=2 gens=2
FIBSURV Sig=5 t=7/5 u=-35
SKIPISO t=7/5 u=-35
MWRANK u=35/13 r=2 gens=2
FIBSURV Sig=5 t=119/15 u=35/13
SKIPISO t=119/15 u=35/13
MWRANK u=-35/9 r=1 gens=2
FIBSURV Sig=5 t=14/5 u=-35/9
SKIPISO t=14/5 u=-35/9
MWRANK u=35/2 r=2 gens=2
FIBSURV Sig=5 t=-7/25 u=35/2
SKIPISO t=-7/25 u=35/2
MWRANK u=35/11 r=1 gens=2
FIBSURV Sig=5 t=49/5 u=35/11
SKIPISO t=49/5 u=35/11
MWRANK u=35/9 r=2 gens=2
FIBSURV Sig=5 t=77/5 u=35/9
SKIPISO t=77/5 u=35/9
MWRANK u=35 r=2 gens=2
FIBSURV Sig=5 t=7/15 u=35
SKIPISO t=7/15 u=35
MWRANK u=35/8 r=2 gens=2
FIBSURV Sig=5 t=133/5 u=35/8
SKIPISO t=133/5 u=35/8
MWRANK u=35/27 r=1 gens=2
FIBSURV Sig=5 t=133/25 u=35/27
SKIPISO t=133/25 u=35/27
MWRANK u=-35/33 r=2 gens=2
FIBSURV Sig=5 t=91/25 u=-35/33
SKIPISO t=91/25 u=-35/33
MWRANK u=35/23 r=3 gens=2
FIBSURV Sig=5 t=28/5 u=35/23
SKIPISO t=28/5 u=35/23
MWRANK u=-35/17 r=2 gens=2
FIBSURV Sig=5 t=49/15 u=-35/17
SKIPISO t=49/15 u=-35/17
MWRANK u=-1/35 r=1 gens=2
FIBSURV Sig=5 t=46/11 u=-1/35
SKIPISO t=46/11 u=-1/35
MWRANK u=35/4 r=1 gens=2
FIBSURV Sig=5 t=-49/15 u=35/4
SKIPISO t=-49/15 u=35/4
MWRANK u=31/35 r=2 gens=2
FIBSURV Sig=5 t=44/9 u=31/35
SKIPISO t=44/9 u=31/35
MWRANK u=23/35 r=3 gens=2
FIBSURV Sig=5 t=89/19 u=23/35
SKIPISO t=89/19 u=23/35
MWRANK u=-35/13 r=2 gens=2
FIBSURV Sig=5 t=77/25 u=-35/13
SKIPISO t=77/25 u=-35/13
MWRANK u=35/6 r=1 gens=2
FIBSURV Sig=5 t=-91/5 u=35/6
SKIPISO t=-91/5 u=35/6
MWRANK u=-17/35 r=2 gens=2
FIBSURV Sig=5 t=47/12 u=-17/35
SKIPISO t=47/12 u=-17/35
MWRANK u=-35/11 r=2 gens=2
FIBSURV Sig=5 t=133/45 u=-35/11
SKIPISO t=133/45 u=-35/11
MWRANK u=35/3 r=2 gens=2
FIBSURV Sig=5 t=-7/5 u=35/3
SKIPISO t=-7/5 u=35/3
MWRANK u=36/17 r=2 gens=2
FIBSURV Sig=5 t=321/49 u=36/17
SKIPISO t=321/49 u=36/17
MWRANK u=36 r=1 gens=2
FIBSURV Sig=5 t=15/31 u=36
SKIPISO t=15/31 u=36
MWRANK u=36/7 r=1 gens=2
FIBSURV Sig=5 t=-111 u=36/7
SKIPISO t=-111 u=36/7
MWRANK u=36/5 r=1 gens=2
FIBSURV Sig=5 t=-69/11 u=36/5
SKIPISO t=-69/11 u=36/5
MWRANK u=-36 r=2 gens=2
FIBSURV Sig=5 t=57/41 u=-36
SKIPISO t=57/41 u=-36
MWRANK u=-37/7 r=1 gens=2
FIBSURV Sig=5 t=23/9 u=-37/7
SKIPISO t=23/9 u=-37/7
MWRANK u=37/9 r=1 gens=2
FIBSURV Sig=5 t=19 u=37/9
SKIPISO t=19 u=37/9
MWRANK u=37/3 r=2 gens=2
FIBSURV Sig=5 t=-13/11 u=37/3
SKIPISO t=-13/11 u=37/3
MWRANK u=-37/15 r=2 gens=2
FIBSURV Sig=5 t=22/7 u=-37/15
SKIPISO t=22/7 u=-37/15
MWRANK u=-23/37 r=2 gens=2
FIBSURV Sig=5 t=50/13 u=-23/37
SKIPISO t=50/13 u=-23/37
MWRANK u=37/11 r=1 gens=2
FIBSURV Sig=5 t=97/9 u=37/11
SKIPISO t=97/9 u=37/11
MWRANK u=25/37 r=2 gens=2
FIBSURV Sig=5 t=47/10 u=25/37
SKIPISO t=47/10 u=25/37
MWRANK u=37/33 r=2 gens=2
FIBSURV Sig=5 t=41/8 u=37/33
SKIPISO t=41/8 u=37/33
MWRANK u=37/25 r=1 gens=2
FIBSURV Sig=5 t=61/11 u=37/25
SKIPISO t=61/11 u=37/25
MWRANK u=33/37 r=2 gens=2
FIBSURV Sig=5 t=93/19 u=33/37
SKIPISO t=93/19 u=33/37
MWRANK u=37/29 r=2 gens=2
FIBSURV Sig=5 t=143/27 u=37/29
SKIPISO t=143/27 u=37/29
MWRANK u=37/15 r=2 gens=2
FIBSURV Sig=5 t=139/19 u=37/15
SKIPISO t=139/19 u=37/15
MWRANK u=-37/23 r=3 gens=2
FIBSURV Sig=5 t=65/19 u=-37/23
SKIPISO t=65/19 u=-37/23
MWRANK u=37/7 r=1 gens=2
FIBSURV Sig=5 t=-55 u=37/7
SKIPISO t=-55 u=37/7
MWRANK u=-7/37 r=2 gens=2
FIBSURV Sig=5 t=49/12 u=-7/37
SKIPISO t=49/12 u=-7/37
MWRANK u=37/8 r=2 gens=2
FIBSURV Sig=5 t=131/3 u=37/8
SKIPISO t=131/3 u=37/8
MWRANK u=-37/2 r=2 gens=2
FIBSURV Sig=5 t=79/47 u=-37/2
SKIPISO t=79/47 u=-37/2
MWRANK u=17/37 r=1 gens=2
FIBSURV Sig=5 t=95/21 u=17/37
SKIPISO t=95/21 u=17/37
MWRANK u=-37/11 r=1 gens=2
FIBSURV Sig=5 t=67/23 u=-37/11
SKIPISO t=67/23 u=-37/11
MWRANK u=37 r=1 gens=2
FIBSURV Sig=5 t=1/2 u=37
SKIPISO t=1/2 u=37
MWRANK u=-37/19 r=2 gens=2
FIBSURV Sig=5 t=109/33 u=-37/19
SKIPISO t=109/33 u=-37/19
MWRANK u=1/37 r=2 gens=2
FIBSURV Sig=5 t=97/23 u=1/37
SKIPISO t=97/23 u=1/37
MWRANK u=37/6 r=3 gens=2
FIBSURV Sig=5 t=-89/7 u=37/6
SKIPISO t=-89/7 u=37/6
MWRANK u=-37 r=2 gens=2
FIBSURV Sig=5 t=29/21 u=-37
SKIPISO t=29/21 u=-37
MWRANK u=-37/4 r=2 gens=2
FIBSURV Sig=5 t=121/57 u=-37/4
SKIPISO t=121/57 u=-37/4
MWRANK u=37/21 r=3 gens=2
FIBSURV Sig=5 t=101/17 u=37/21
SKIPISO t=101/17 u=37/21
MWRANK u=-31/37 r=2 gens=2
FIBSURV Sig=5 t=101/27 u=-31/37
SKIPISO t=101/27 u=-31/37
MWRANK u=-37/9 r=2 gens=2
FIBSURV Sig=5 t=113/41 u=-37/9
SKIPISO t=113/41 u=-37/9
MWRANK u=37/4 r=2 gens=2
FIBSURV Sig=5 t=-47/17 u=37/4
SKIPISO t=-47/17 u=37/4
MWRANK u=9/37 r=2 gens=2
FIBSURV Sig=5 t=48/11 u=9/37
SKIPISO t=48/11 u=9/37
MWRANK u=-37/5 r=2 gens=2
FIBSURV Sig=5 t=71/31 u=-37/5
SKIPISO t=71/31 u=-37/5
MWRANK u=37/5 r=1 gens=2
FIBSURV Sig=5 t=-17/3 u=37/5
SKIPISO t=-17/3 u=37/5
MWRANK u=-37/31 r=2 gens=2
FIBSURV Sig=5 t=43/12 u=-37/31
SKIPISO t=43/12 u=-37/31
MWRANK u=-15/37 r=1 gens=2
FIBSURV Sig=5 t=99/25 u=-15/37
SKIPISO t=99/25 u=-15/37
MWRANK u=37/17 r=1 gens=2
FIBSURV Sig=5 t=20/3 u=37/17
SKIPISO t=20/3 u=37/17
MWRANK u=37/13 r=1 gens=2
FIBSURV Sig=5 t=59/7 u=37/13
SKIPISO t=59/7 u=37/13
MWRANK u=38/7 r=1 gens=2
FIBSURV Sig=5 t=-109/3 u=38/7
SKIPISO t=-109/3 u=38/7
MWRANK u=38/3 r=2 gens=2
FIBSURV Sig=5 t=-25/23 u=38/3
SKIPISO t=-25/23 u=38/3
MWRANK u=-38/3 r=2 gens=2
FIBSURV Sig=5 t=101/53 u=-38/3
SKIPISO t=101/53 u=-38/3
MWRANK u=-38/5 r=2 gens=2
FIBSURV Sig=5 t=143/63 u=-38/5
SKIPISO t=143/63 u=-38/5
MWRANK u=-38 r=2 gens=2
FIBSURV Sig=5 t=59/43 u=-38
SKIPISO t=59/43 u=-38
MWRANK u=38 r=2 gens=2
FIBSURV Sig=5 t=17/33 u=38
SKIPISO t=17/33 u=38
MWRANK u=38/5 r=1 gens=2
FIBSURV Sig=5 t=-67/13 u=38/5
SKIPISO t=-67/13 u=38/5
MWRANK u=-39/17 r=2 gens=2
FIBSURV Sig=5 t=99/31 u=-39/17
SKIPISO t=99/31 u=-39/17
MWRANK u=-39/37 r=1 gens=2
FIBSURV Sig=5 t=51/14 u=-39/37
SKIPISO t=51/14 u=-39/37
MWRANK u=39/19 r=2 gens=2
FIBSURV Sig=5 t=45/7 u=39/19
SKIPISO t=45/7 u=39/19
MWRANK u=-39 r=1 gens=2
FIBSURV Sig=5 t=15/11 u=-39
SKIPISO t=15/11 u=-39
MWRANK u=35/39 r=3 gens=2
FIBSURV Sig=5 t=49/10 u=35/39
SKIPISO t=49/10 u=35/39
MWRANK u=39/35 r=1 gens=2
FIBSURV Sig=5 t=87/17 u=39/35
SKIPISO t=87/17 u=39/35
MWRANK u=-39/25 r=2 gens=2
FIBSURV Sig=5 t=141/41 u=-39/25
SKIPISO t=141/41 u=-39/25
MWRANK u=-39/29 r=2 gens=2
FIBSURV Sig=5 t=81/23 u=-39/29
SKIPISO t=81/23 u=-39/29
MWRANK u=-39/4 r=1 gens=2
FIBSURV Sig=5 t=123/59 u=-39/4
SKIPISO t=123/59 u=-39/4
MWRANK u=-29/39 r=2 gens=2
FIBSURV Sig=5 t=53/14 u=-29/39
SKIPISO t=53/14 u=-29/39
MWRANK u=39/11 r=1 gens=2
FIBSURV Sig=5 t=12 u=39/11
SKIPISO t=12 u=39/11
MWRANK u=39/2 r=2 gens=2
FIBSURV Sig=5 t=-3/29 u=39/2
SKIPISO t=-3/29 u=39/2
MWRANK u=-39/2 r=2 gens=2
FIBSURV Sig=5 t=81/49 u=-39/2
SKIPISO t=81/49 u=-39/2
MWRANK u=11/39 r=3 gens=2
FIBSURV Sig=5 t=101/23 u=11/39
SKIPISO t=101/23 u=11/39
MWRANK u=39/8 r=2 gens=2
FIBSURV Sig=5 t=129 u=39/8
SKIPISO t=129 u=39/8
MWRANK u=39 r=2 gens=2
FIBSURV Sig=5 t=9/17 u=39
SKIPISO t=9/17 u=39
MWRANK u=-37/39 r=2 gens=2
FIBSURV Sig=5 t=107/29 u=-37/39
SKIPISO t=107/29 u=-37/39
MWRANK u=-39/11 r=2 gens=2
FIBSURV Sig=5 t=135/47 u=-39/11
SKIPISO t=135/47 u=-39/11
MWRANK u=19/39 r=2 gens=2
FIBSURV Sig=5 t=50/11 u=19/39
SKIPISO t=50/11 u=19/39
MWRANK u=39/5 r=1 gens=2
FIBSURV Sig=5 t=-33/7 u=39/5
SKIPISO t=-33/7 u=39/5
MWRANK u=39/23 r=2 gens=2
FIBSURV Sig=5 t=111/19 u=39/23
SKIPISO t=111/19 u=39/23
MWRANK u=-39/7 r=2 gens=2
FIBSURV Sig=5 t=93/37 u=-39/7
SKIPISO t=93/37 u=-39/7
MWRANK u=39/4 r=2 gens=2
FIBSURV Sig=5 t=-45/19 u=39/4
SKIPISO t=-45/19 u=39/4
MWRANK u=-5/39 r=2 gens=2
FIBSURV Sig=5 t=103/25 u=-5/39
SKIPISO t=103/25 u=-5/39
MWRANK u=-39/10 r=2 gens=2
MWRANK u=39/7 r=1 gens=2
FIBSURV Sig=5 t=-27 u=39/7
SKIPISO t=-27 u=39/7
MWRANK u=-39/5 r=1 gens=2
FIBSURV Sig=5 t=9/4 u=-39/5
SKIPISO t=9/4 u=-39/5
MWRANK u=40/9 r=2 gens=2
FIBSURV Sig=5 t=149/5 u=40/9
SKIPISO t=149/5 u=40/9
MWRANK u=-40/3 r=2 gens=2
FIBSURV Sig=5 t=103/55 u=-40/3
SKIPISO t=103/55 u=-40/3
MWRANK u=40/7 r=1 gens=2
FIBSURV Sig=5 t=-107/5 u=40/7
SKIPISO t=-107/5 u=40/7
MWRANK u=-40 r=2 gens=2
FIBSURV Sig=5 t=61/45 u=-40
SKIPISO t=61/45 u=-40
MWRANK u=41/6 r=3 gens=2
FIBSURV Sig=5 t=-85/11 u=41/6
SKIPISO t=-85/11 u=41/6
MWRANK u=41/4 r=2 gens=2
FIBSURV Sig=5 t=-43/21 u=41/4
SKIPISO t=-43/21 u=41/4
MWRANK u=41/37 r=2 gens=2
FIBSURV Sig=5 t=46/9 u=41/37
SKIPISO t=46/9 u=41/37
MWRANK u=-41/5 r=2 gens=2
FIBSURV Sig=5 t=73/33 u=-41/5
SKIPISO t=73/33 u=-41/5
MWRANK u=41/29 r=2 gens=2
FIBSURV Sig=5 t=71/13 u=41/29
SKIPISO t=71/13 u=41/29
MWRANK u=41/17 r=1 gens=2
FIBSURV Sig=5 t=79/11 u=41/17
SKIPISO t=79/11 u=41/17
MWRANK u=41/25 r=1 gens=2
FIBSURV Sig=5 t=121/21 u=41/25
SKIPISO t=121/21 u=41/25
MWRANK u=-41/19 r=2 gens=2
FIBSURV Sig=5 t=55/17 u=-41/19
SKIPISO t=55/17 u=-41/19
MWRANK u=-27/41 r=1 gens=2
FIBSURV Sig=5 t=111/29 u=-27/41
SKIPISO t=111/29 u=-27/41
MWRANK u=-41/7 r=1 gens=2
FIBSURV Sig=5 t=47/19 u=-41/7
SKIPISO t=47/19 u=-41/7
MWRANK u=-35/41 r=2 gens=2
FIBSURV Sig=5 t=56/15 u=-35/41
SKIPISO t=56/15 u=-35/41
MWRANK u=13/41 r=2 gens=2
FIBSURV Sig=5 t=53/12 u=13/41
SKIPISO t=53/12 u=13/41
MWRANK u=41/21 r=1 gens=2
FIBSURV Sig=5 t=25/4 u=41/21
SKIPISO t=25/4 u=41/21
MWRANK u=-19/41 r=3 gens=2
FIBSURV Sig=5 t=55/14 u=-19/41
SKIPISO t=55/14 u=-19/41
MWRANK u=21/41 r=2 gens=2
FIBSURV Sig=5 t=105/23 u=21/41
SKIPISO t=105/23 u=21/41
MWRANK u=-23/41 r=2 gens=2
FIBSURV Sig=5 t=221/57 u=-23/41
SKIPISO t=221/57 u=-23/41
MWRANK u=-41 r=2 gens=2
FIBSURV Sig=5 t=31/23 u=-41
SKIPISO t=31/23 u=-41
MWRANK u=-41/2 r=2 gens=2
FIBSURV Sig=5 t=83/51 u=-41/2
SKIPISO t=83/51 u=-41/2
MWRANK u=29/41 r=2 gens=2
FIBSURV Sig=5 t=52/11 u=29/41
SKIPISO t=52/11 u=29/41
MWSKIP u=-41/4 bounds=[1,3]
FIBSURV Sig=5 t=125/61 u=-41/4
SKIPISO t=125/61 u=-41/4
MWRANK u=37/41 r=2 gens=2
FIBSURV Sig=5 t=103/21 u=37/41
SKIPISO t=103/21 u=37/41
MWRANK u=41/2 r=2 gens=2
FIBSURV Sig=5 t=-1/31 u=41/2
SKIPISO t=-1/31 u=41/2
MWRANK u=41 r=2 gens=2
FIBSURV Sig=5 t=5/9 u=41
SKIPISO t=5/9 u=41
MWRANK u=-3/41 r=2 gens=2
FIBSURV Sig=5 t=54/13 u=-3/41
SKIPISO t=54/13 u=-3/41
MWRANK u=41/7 r=1 gens=2
FIBSURV Sig=5 t=-53/3 u=41/7
SKIPISO t=-53/3 u=41/7
MWRANK u=-41/27 r=2 gens=2
FIBSURV Sig=5 t=38/11 u=-41/27
SKIPISO t=38/11 u=-41/27
MWRANK u=41/9 r=1 gens=2
FIBSURV Sig=5 t=37 u=41/9
SKIPISO t=37 u=41/9
MWRANK u=-41/35 r=2 gens=2
FIBSURV Sig=5 t=97/27 u=-41/35
SKIPISO t=97/27 u=-41/35
MWRANK u=-41/9 r=2 gens=2
FIBSURV Sig=5 t=115/43 u=-41/9
SKIPISO t=115/43 u=-41/9
MWRANK u=-41/11 r=1 gens=2
FIBSURV Sig=5 t=17/6 u=-41/11
SKIPISO t=17/6 u=-41/11
MWRANK u=-41/23 r=2 gens=2
FIBSURV Sig=5 t=131/39 u=-41/23
SKIPISO t=131/39 u=-41/23
MWRANK u=5/41 r=1 gens=2
FIBSURV Sig=5 t=107/25 u=5/41
SKIPISO t=107/25 u=5/41
MWRANK u=41/13 r=1 gens=2
FIBSURV Sig=5 t=29/3 u=41/13
SKIPISO t=29/3 u=41/13
MWRANK u=41/8 r=1 gens=2
FIBSURV Sig=5 t=-127 u=41/8
SKIPISO t=-127 u=41/8
MWRANK u=41/11 r=2 gens=2
FIBSURV Sig=5 t=95/7 u=41/11
SKIPISO t=95/7 u=41/11
MWRANK u=-41/3 r=1 gens=2
FIBSURV Sig=5 t=13/7 u=-41/3
SKIPISO t=13/7 u=-41/3
MWRANK u=-41/15 r=2 gens=2
FIBSURV Sig=5 t=89/29 u=-41/15
SKIPISO t=89/29 u=-41/15
MWRANK u=41/15 r=2 gens=2
FIBSURV Sig=5 t=137/17 u=41/15
SKIPISO t=137/17 u=41/15
MWRANK u=42 r=2 gens=2
FIBSURV Sig=5 t=21/37 u=42
SKIPISO t=21/37 u=42
MWRANK u=-42 r=2 gens=2
FIBSURV Sig=5 t=63/47 u=-42
SKIPISO t=63/47 u=-42
MWRANK u=42/5 r=1 gens=2
FIBSURV Sig=5 t=-63/17 u=42/5
SKIPISO t=-63/17 u=42/5
MWRANK u=-42/5 r=2 gens=2
FIBSURV Sig=5 t=147/67 u=-42/5
SKIPISO t=147/67 u=-42/5
MWRANK u=-43/5 r=1 gens=2
FIBSURV Sig=5 t=37/17 u=-43/5
SKIPISO t=37/17 u=-43/5
MWRANK u=-1/43 r=3 gens=2
FIBSURV Sig=5 t=113/27 u=-1/43
SKIPISO t=113/27 u=-1/43
MWRANK u=-41/43 r=2 gens=2
FIBSURV Sig=5 t=59/16 u=-41/43
SKIPISO t=59/16 u=-41/43
MWRANK u=-43/33 r=2 gens=2
FIBSURV Sig=5 t=46/13 u=-43/33
SKIPISO t=46/13 u=-43/33
MWRANK u=43/6 r=3 gens=2
FIBSURV Sig=5 t=-83/13 u=43/6
SKIPISO t=-83/13 u=43/6
MWRANK u=-9/43 r=1 gens=2
FIBSURV Sig=5 t=57/14 u=-9/43
SKIPISO t=57/14 u=-9/43
MWRANK u=-43 r=1 gens=2
FIBSURV Sig=5 t=4/3 u=-43
SKIPISO t=4/3 u=-43
MWRANK u=43/4 r=2 gens=2
FIBSURV Sig=5 t=-41/23 u=43/4
SKIPISO t=-41/23 u=43/4
MWRANK u=-43/9 r=1 gens=2
FIBSURV Sig=5 t=29/11 u=-43/9
SKIPISO t=29/11 u=-43/9
MWRANK u=-43/14 r=2 gens=2
FIBSURV Sig=5 t=337/113 u=-43/14
SKIPISO t=337/113 u=-43/14
MWRANK u=-43/2 r=2 gens=2
FIBSURV Sig=5 t=85/53 u=-43/2
SKIPISO t=85/53 u=-43/2
MWRANK u=-43/6 r=2 gens=2
MWRANK u=-33/43 r=3 gens=2
FIBSURV Sig=5 t=117/31 u=-33/43
SKIPISO t=117/31 u=-33/43
MWRANK u=39/43 r=2 gens=2
FIBSURV Sig=5 t=54/11 u=39/43
SKIPISO t=54/11 u=39/43
MWRANK u=-43/7 r=2 gens=2
FIBSURV Sig=5 t=95/39 u=-43/7
SKIPISO t=95/39 u=-43/7
MWRANK u=43/39 r=2 gens=2
FIBSURV Sig=5 t=97/19 u=43/39
SKIPISO t=97/19 u=43/39
MWRANK u=7/43 r=2 gens=2
FIBSURV Sig=5 t=56/13 u=7/43
SKIPISO t=56/13 u=7/43
MWRANK u=43/2 r=2 gens=2
FIBSURV Sig=5 t=1/33 u=43/2
SKIPISO t=1/33 u=43/2
MWRANK u=-43/41 r=2 gens=2
FIBSURV Sig=5 t=113/31 u=-43/41
SKIPISO t=113/31 u=-43/41
MWRANK u=43/31 r=1 gens=2
FIBSURV Sig=5 t=38/7 u=43/31
SKIPISO t=38/7 u=43/31
MWRANK u=-43/3 r=4 gens=2
FIBSURV Sig=5 t=53/29 u=-43/3
SKIPISO t=53/29 u=-43/3
MWRANK u=43/13 r=2 gens=2
FIBSURV Sig=5 t=115/11 u=43/13
SKIPISO t=115/11 u=43/13
MWRANK u=-25/43 r=2 gens=2
FIBSURV Sig=5 t=58/15 u=-25/43
SKIPISO t=58/15 u=-25/43
MWRANK u=15/43 r=2 gens=2
FIBSURV Sig=5 t=111/25 u=15/43
SKIPISO t=111/25 u=15/43
MWRANK u=43/5 r=1 gens=2
FIBSURV Sig=5 t=-31/9 u=43/5
SKIPISO t=-31/9 u=43/5
MWRANK u=43/15 r=2 gens=2
FIBSURV Sig=5 t=17/2 u=43/15
SKIPISO t=17/2 u=43/15
MWRANK u=43 r=2 gens=2
FIBSURV Sig=5 t=11/19 u=43
SKIPISO t=11/19 u=43
MWRANK u=-43/4 r=1 gens=2
FIBSURV Sig=5 t=127/63 u=-43/4
SKIPISO t=127/63 u=-43/4
MWRANK u=-43/25 r=1 gens=2
FIBSURV Sig=5 t=71/21 u=-43/25
SKIPISO t=71/21 u=-43/25
MWRANK u=43/23 r=2 gens=2
FIBSURV Sig=5 t=55/9 u=43/23
SKIPISO t=55/9 u=43/23
MWRANK u=-43/11 r=2 gens=2
FIBSURV Sig=5 t=137/49 u=-43/11
SKIPISO t=137/49 u=-43/11
MWRANK u=43/9 r=2 gens=2
FIBSURV Sig=5 t=73 u=43/9
SKIPISO t=73 u=43/9
MWRANK u=43/11 r=2 gens=2
FIBSURV Sig=5 t=47/3 u=43/11
SKIPISO t=47/3 u=43/11
MWRANK u=43/7 r=1 gens=2
FIBSURV Sig=5 t=-13 u=43/7
SKIPISO t=-13 u=43/7
MWRANK u=-43/17 r=1 gens=2
FIBSURV Sig=5 t=25/8 u=-43/17
SKIPISO t=25/8 u=-43/17
MWRANK u=43/8 r=3 gens=2
FIBSURV Sig=5 t=-125/3 u=43/8
SKIPISO t=-125/3 u=43/8
MWSKIP u=31/43 bounds=[1,3]
FIBSURV Sig=5 t=109/23 u=31/43
SKIPISO t=109/23 u=31/43
MWRANK u=-17/43 r=2 gens=2
FIBSURV Sig=5 t=115/29 u=-17/43
SKIPISO t=115/29 u=-17/43
MWRANK u=43/27 r=3 gens=2
FIBSURV Sig=5 t=131/23 u=43/27
SKIPISO t=131/23 u=43/27
MWRANK u=-43/21 r=2 gens=2
FIBSURV Sig=5 t=121/37 u=-43/21
SKIPISO t=121/37 u=-43/21
MWRANK u=44/5 r=1 gens=2
FIBSURV Sig=5 t=-61/19 u=44/5
SKIPISO t=-61/19 u=44/5
MWRANK u=44/9 r=2 gens=2
FIBSURV Sig=5 t=145 u=44/9
SKIPISO t=145 u=44/9
MWRANK u=-44 r=1 gens=2
FIBSURV Sig=5 t=65/49 u=-44
SKIPISO t=65/49 u=-44
MWRANK u=44/3 r=2 gens=2
FIBSURV Sig=5 t=-19/29 u=44/3
SKIPISO t=-19/29 u=44/3
MWRANK u=-44/3 r=2 gens=2
FIBSURV Sig=5 t=107/59 u=-44/3
SKIPISO t=107/59 u=-44/3
MWRANK u=44 r=2 gens=2
FIBSURV Sig=5 t=23/39 u=44
SKIPISO t=23/39 u=44
MWRANK u=-44/5 r=2 gens=2
FIBSURV Sig=5 t=149/69 u=-44/5
SKIPISO t=149/69 u=-44/5
MWRANK u=44/7 r=3 gens=2
FIBSURV Sig=5 t=-103/9 u=44/7
SKIPISO t=-103/9 u=44/7
MWRANK u=45/17 r=1 gens=2
FIBSURV Sig=5 t=39/5 u=45/17
SKIPISO t=39/5 u=45/17
MWRANK u=-31/45 r=2 gens=2
FIBSURV Sig=5 t=61/16 u=-31/45
SKIPISO t=61/16 u=-31/45
MWRANK u=41/45 r=2 gens=2
FIBSURV Sig=5 t=113/23 u=41/45
SKIPISO t=113/23 u=41/45
MWRANK u=17/45 r=2 gens=2
FIBSURV Sig=5 t=58/13 u=17/45
SKIPISO t=58/13 u=17/45
MWRANK u=45/7 r=1 gens=2
FIBSURV Sig=5 t=-51/5 u=45/7
SKIPISO t=-51/5 u=45/7
MWRANK u=45/8 r=2 gens=2
FIBSURV Sig=5 t=-123/5 u=45/8
SKIPISO t=-123/5 u=45/8
MWRANK u=45 r=1 gens=2
FIBSURV Sig=5 t=3/5 u=45
SKIPISO t=3/5 u=45
MWRANK u=-45/19 r=1 gens=2
FIBSURV Sig=5 t=111/35 u=-45/19
SKIPISO t=111/35 u=-45/19
MWRANK u=-45/23 r=3 gens=2
FIBSURV Sig=5 t=33/10 u=-45/23
SKIPISO t=33/10 u=-45/23
MWRANK u=-23/45 r=2 gens=2
FIBSURV Sig=5 t=121/31 u=-23/45
SKIPISO t=121/31 u=-23/45
MWRANK u=45/29 r=1 gens=2
FIBSURV Sig=5 t=141/25 u=45/29
SKIPISO t=141/25 u=45/29
MWRANK u=-45/2 r=2 gens=2
FIBSURV Sig=5 t=87/55 u=-45/2
SKIPISO t=87/55 u=-45/2
MWRANK u=45/4 r=2 gens=2
FIBSURV Sig=5 t=-39/25 u=45/4
SKIPISO t=-39/25 u=45/4
MWRANK u=45/11 r=2 gens=2
FIBSURV Sig=5 t=93/5 u=45/11
SKIPISO t=93/5 u=45/11
MWRANK u=-45/31 r=2 gens=2
FIBSURV Sig=5 t=87/25 u=-45/31
SKIPISO t=87/25 u=-45/31
MWRANK u=45/19 r=2 gens=2
MWRANK u=-45/7 r=1 gens=2
FIBSURV Sig=5 t=12/5 u=-45/7
SKIPISO t=12/5 u=-45/7
MWSKIP u=1/45 bounds=[1,3]
FIBSURV Sig=5 t=59/14 u=1/45
SKIPISO t=59/14 u=1/45
MWRANK u=-7/45 r=3 gens=2
FIBSURV Sig=5 t=119/29 u=-7/45
SKIPISO t=119/29 u=-7/45
MWRANK u=45/2 r=2 gens=2
FIBSURV Sig=5 t=3/35 u=45/2
SKIPISO t=3/35 u=45/2
MWRANK u=-45/4 r=2 gens=2
FIBSURV Sig=5 t=129/65 u=-45/4
SKIPISO t=129/65 u=-45/4
MWRANK u=-45 r=1 gens=2
FIBSURV Sig=5 t=33/25 u=-45
SKIPISO t=33/25 u=-45
MWRANK u=-45/11 r=1 gens=2
FIBSURV Sig=5 t=69/25 u=-45/11
SKIPISO t=69/25 u=-45/11
MWRANK u=46/3 r=2 gens=2
FIBSURV Sig=5 t=-17/31 u=46/3
SKIPISO t=-17/31 u=46/3
MWRANK u=46/43 r=2 gens=2
MWRANK u=-46/3 r=2 gens=2
FIBSURV Sig=5 t=109/61 u=-46/3
SKIPISO t=109/61 u=-46/3
MWRANK u=46 r=2 gens=2
FIBSURV Sig=5 t=25/41 u=46
SKIPISO t=25/41 u=46
MWRANK u=46/7 r=1 gens=2
FIBSURV Sig=5 t=-101/11 u=46/7
SKIPISO t=-101/11 u=46/7
MWRANK u=46/9 r=1 gens=2
FIBSURV Sig=5 t=-143 u=46/9
SKIPISO t=-143 u=46/9
MWRANK u=-46 r=4 gens=2
FIBSURV Sig=5 t=67/51 u=-46
SKIPISO t=67/51 u=-46
MWRANK u=19/47 r=1 gens=2
FIBSURV Sig=5 t=121/27 u=19/47
SKIPISO t=121/27 u=19/47
MWSKIP u=-13/47 bounds=[1,3]
FIBSURV Sig=5 t=125/31 u=-13/47
SKIPISO t=125/31 u=-13/47
MWRANK u=47/43 r=3 gens=2
FIBSURV Sig=5 t=107/21 u=47/43
SKIPISO t=107/21 u=47/43
MWRANK u=47/5 r=2 gens=2
FIBSURV Sig=5 t=-29/11 u=47/5
SKIPISO t=-29/11 u=47/5
MWRANK u=47/3 r=2 gens=2
FIBSURV Sig=5 t=-1/2 u=47/3
SKIPISO t=-1/2 u=47/3
MWRANK u=-45/47 r=2 gens=2
FIBSURV Sig=5 t=129/35 u=-45/47
SKIPISO t=129/35 u=-45/47
MWRANK u=3/47 r=2 gens=2
FIBSURV Sig=5 t=123/29 u=3/47
SKIPISO t=123/29 u=3/47
MWRANK u=47/35 r=2 gens=2
FIBSURV Sig=5 t=43/8 u=47/35
SKIPISO t=43/8 u=47/35
MWRANK u=-47/37 r=2 gens=2
FIBSURV Sig=5 t=103/29 u=-47/37
SKIPISO t=103/29 u=-47/37
MWRANK u=43/47 r=2 gens=2
FIBSURV Sig=5 t=59/12 u=43/47
SKIPISO t=59/12 u=43/47
MWRANK u=-47/29 r=2 gens=2
FIBSURV Sig=5 t=41/12 u=-47/29
SKIPISO t=41/12 u=-47/29
MWRANK u=47/7 r=2 gens=2
FIBSURV Sig=5 t=-25/3 u=47/7
SKIPISO t=-25/3 u=47/7
MWRANK u=47/6 r=1 gens=2
FIBSURV Sig=5 t=-79/17 u=47/6
SKIPISO t=-79/17 u=47/6
MWRANK u=-47/3 r=2 gens=2
FIBSURV Sig=5 t=55/31 u=-47/3
SKIPISO t=55/31 u=-47/3
MWRANK u=-47/45 r=2 gens=2
FIBSURV Sig=5 t=62/17 u=-47/45
SKIPISO t=62/17 u=-47/45
MWRANK u=-47/2 r=2 gens=2
FIBSURV Sig=5 t=89/57 u=-47/2
SKIPISO t=89/57 u=-47/2
MWRANK u=47/4 r=2 gens=2
FIBSURV Sig=5 t=-37/27 u=47/4
SKIPISO t=-37/27 u=47/4
MWRANK u=47/9 r=1 gens=2
FIBSURV Sig=5 t=-71 u=47/9
SKIPISO t=-71 u=47/9
MWRANK u=-47/7 r=2 gens=2
FIBSURV Sig=5 t=97/41 u=-47/7
SKIPISO t=97/41 u=-47/7
MWRANK u=-47/4 r=2 gens=2
FIBSURV Sig=5 t=131/67 u=-47/4
SKIPISO t=131/67 u=-47/4
MWRANK u=-47/5 r=1 gens=2
FIBSURV Sig=5 t=19/9 u=-47/5
SKIPISO t=19/9 u=-47/5
MWRANK u=-47/21 r=2 gens=2
FIBSURV Sig=5 t=61/19 u=-47/21
SKIPISO t=61/19 u=-47/21
MWRANK u=47/2 r=1 gens=2
FIBSURV Sig=5 t=5/37 u=47/2
SKIPISO t=5/37 u=47/2
MWRANK u=-47/25 r=3 gens=2
FIBSURV Sig=5 t=143/43 u=-47/25
SKIPISO t=143/43 u=-47/25
MWRANK u=27/47 r=2 gens=2
FIBSURV Sig=5 t=60/13 u=27/47
SKIPISO t=60/13 u=27/47
MWRANK u=47/8 r=1 gens=2
FIBSURV Sig=5 t=-121/7 u=47/8
SKIPISO t=-121/7 u=47/8
MWRANK u=-37/47 r=2 gens=2
FIBSURV Sig=5 t=64/17 u=-37/47
SKIPISO t=64/17 u=-37/47
MWRANK u=-21/47 r=2 gens=2
FIBSURV Sig=5 t=63/16 u=-21/47
SKIPISO t=63/16 u=-21/47
MWRANK u=-47 r=3 gens=2
FIBSURV Sig=5 t=17/13 u=-47
SKIPISO t=17/13 u=-47
MWRANK u=-29/47 r=2 gens=2
FIBSURV Sig=5 t=127/33 u=-29/47
SKIPISO t=127/33 u=-29/47
MWRANK u=47/23 r=2 gens=2
FIBSURV Sig=5 t=109/17 u=47/23
SKIPISO t=109/17 u=47/23
MWRANK u=47/11 r=1 gens=2
FIBSURV Sig=5 t=23 u=47/11
SKIPISO t=23 u=47/11
MWRANK u=47/27 r=2 gens=2
FIBSURV Sig=5 t=65/11 u=47/27
SKIPISO t=65/11 u=47/27
MWRANK u=11/47 r=1 gens=2
FIBSURV Sig=5 t=61/14 u=11/47
SKIPISO t=61/14 u=11/47
MWRANK u=-47/11 r=2 gens=2
FIBSURV Sig=5 t=139/51 u=-47/11
SKIPISO t=139/51 u=-47/11
MWRANK u=47 r=2 gens=2
FIBSURV Sig=5 t=13/21 u=47
SKIPISO t=13/21 u=47
MWRANK u=-47/9 r=1 gens=2
FIBSURV Sig=5 t=59/23 u=-47/9
SKIPISO t=59/23 u=-47/9
MWRANK u=35/47 r=2 gens=2
FIBSURV Sig=5 t=119/25 u=35/47
SKIPISO t=119/25 u=35/47
MWRANK u=47/15 r=2 gens=2
FIBSURV Sig=5 t=67/7 u=47/15
SKIPISO t=67/7 u=47/15
MWRANK u=-47/15 r=4 gens=2
MWRANK u=-47/13 r=1 gens=2
FIBSURV Sig=5 t=20/7 u=-47/13
SKIPISO t=20/7 u=-47/13
MWRANK u=-5/47 r=2 gens=2
FIBSURV Sig=5 t=62/15 u=-5/47
SKIPISO t=62/15 u=-5/47
MWRANK u=47/13 r=2 gens=2
FIBSURV Sig=5 t=113/9 u=47/13
SKIPISO t=113/9 u=47/13
MWRANK u=-48 r=2 gens=2
FIBSURV Sig=5 t=69/53 u=-48
SKIPISO t=69/53 u=-48
MWRANK u=48/5 r=2 gens=2
FIBSURV Sig=5 t=-57/23 u=48/5
SKIPISO t=-57/23 u=48/5
MWRANK u=48/7 r=1 gens=2
FIBSURV Sig=5 t=-99/13 u=48/7
SKIPISO t=-99/13 u=48/7
MWRANK u=48 r=2 gens=2
FIBSURV Sig=5 t=27/43 u=48
SKIPISO t=27/43 u=48
MWRANK u=49/3 r=2 gens=2
FIBSURV Sig=5 t=-7/17 u=49/3
SKIPISO t=-7/17 u=49/3
MWRANK u=49 r=1 gens=2
FIBSURV Sig=5 t=7/11 u=49
SKIPISO t=7/11 u=49
MWRANK u=49/11 r=2 gens=2
FIBSURV Sig=5 t=91/3 u=49/11
SKIPISO t=91/3 u=49/11
MWRANK u=49/4 r=2 gens=2
FIBSURV Sig=5 t=-35/29 u=49/4
SKIPISO t=-35/29 u=49/4
MWRANK u=-49 r=2 gens=2
FIBSURV Sig=5 t=35/27 u=-49
SKIPISO t=35/27 u=-49
MWRANK u=-27/49 r=2 gens=2
FIBSURV Sig=5 t=66/17 u=-27/49
SKIPISO t=66/17 u=-27/49
MWRANK u=-49/2 r=2 gens=2
FIBSURV Sig=5 t=91/59 u=-49/2
SKIPISO t=91/59 u=-49/2
MWRANK u=49/8 r=2 gens=2
FIBSURV Sig=5 t=-119/9 u=49/8
SKIPISO t=-119/9 u=49/8
MWRANK u=49/6 r=1 gens=2
FIBSURV Sig=5 t=-77/19 u=49/6
SKIPISO t=-77/19 u=49/6
MWRANK u=49/2 r=2 gens=2
FIBSURV Sig=5 t=7/39 u=49/2
SKIPISO t=7/39 u=49/2
MWRANK u=-49/19 r=3 gens=2
FIBSURV Sig=5 t=28/9 u=-49/19
SKIPISO t=28/9 u=-49/19
MWRANK u=-49/3 r=1 gens=2
FIBSURV Sig=5 t=7/4 u=-49/3
SKIPISO t=7/4 u=-49/3
MWRANK u=-19/49 r=2 gens=2
FIBSURV Sig=5 t=131/33 u=-19/49
SKIPISO t=131/33 u=-19/49
MWRANK u=13/49 r=2 gens=2
FIBSURV Sig=5 t=127/29 u=13/49
SKIPISO t=127/29 u=13/49
MWRANK u=5/49 r=2 gens=2
FIBSURV Sig=5 t=64/15 u=5/49
SKIPISO t=64/15 u=5/49
MWRANK u=49/13 r=2 gens=2
FIBSURV Sig=5 t=14 u=49/13
SKIPISO t=14 u=49/13
MWRANK u=-49/23 r=2 gens=2
FIBSURV Sig=5 t=133/41 u=-49/23
SKIPISO t=133/41 u=-49/23
MWRANK u=-49/43 r=2 gens=2
FIBSURV Sig=5 t=119/33 u=-49/43
SKIPISO t=119/33 u=-49/43
MWRANK u=49/37 r=2 gens=2
FIBSURV Sig=5 t=91/17 u=49/37
SKIPISO t=91/17 u=49/37
MWRANK u=-43/49 r=2 gens=2
FIBSURV Sig=5 t=67/18 u=-43/49
SKIPISO t=67/18 u=-43/49
MWRANK u=49/9 r=1 gens=2
FIBSURV Sig=5 t=-35 u=49/9
SKIPISO t=-35 u=49/9
MWRANK u=37/49 r=2 gens=2
FIBSURV Sig=5 t=62/13 u=37/49
SKIPISO t=62/13 u=37/49
MWRANK u=-49/9 r=2 gens=2
FIBSURV Sig=5 t=119/47 u=-49/9
SKIPISO t=119/47 u=-49/9
MWRANK u=-3/49 r=2 gens=2
FIBSURV Sig=5 t=129/31 u=-3/49
SKIPISO t=129/31 u=-3/49
MWRANK u=49/25 r=1 gens=2
FIBSURV Sig=5 t=119/19 u=49/25
SKIPISO t=119/19 u=49/25
MWRANK u=49/15 r=2 gens=2
FIBSURV Sig=5 t=133/13 u=49/15
SKIPISO t=133/13 u=49/15
MWRANK u=49/5 r=1 gens=2
FIBSURV Sig=5 t=-7/3 u=49/5
SKIPISO t=-7/3 u=49/5
MWRANK u=-49/15 r=3 gens=2
FIBSURV Sig=5 t=91/31 u=-49/15
SKIPISO t=91/31 u=-49/15
MWRANK u=-49/5 r=2 gens=2
FIBSURV Sig=5 t=77/37 u=-49/5
SKIPISO t=77/37 u=-49/5
MWRANK u=29/49 r=2 gens=2
FIBSURV Sig=5 t=125/27 u=29/49
SKIPISO t=125/27 u=29/49
MWRANK u=-49/4 r=2 gens=2
FIBSURV Sig=5 t=133/69 u=-49/4
SKIPISO t=133/69 u=-49/4
MWRANK u=-49/11 r=3 gens=2
FIBSURV Sig=5 t=35/13 u=-49/11
SKIPISO t=35/13 u=-49/11
MWRANK u=-11/49 r=2 gens=2
FIBSURV Sig=5 t=65/16 u=-11/49
SKIPISO t=65/16 u=-11/49
MWRANK u=-49/27 r=3 gens=2
FIBSURV Sig=5 t=77/23 u=-49/27
SKIPISO t=77/23 u=-49/27
MWRANK u=49/45 r=1 gens=2
FIBSURV Sig=5 t=56/11 u=49/45
SKIPISO t=56/11 u=49/45
MWRANK u=49/29 r=2 gens=2
FIBSURV Sig=5 t=35/6 u=49/29
SKIPISO t=35/6 u=49/29
MWRANK u=49/17 r=1 gens=2
FIBSURV Sig=5 t=77/9 u=49/17
SKIPISO t=77/9 u=49/17
MWRANK u=50/9 r=1 gens=2
FIBSURV Sig=5 t=-139/5 u=50/9
SKIPISO t=-139/5 u=50/9
MWRANK u=50 r=1 gens=2
FIBSURV Sig=5 t=29/45 u=50
SKIPISO t=29/45 u=50
MWRANK u=50/7 r=3 gens=2
FIBSURV Sig=5 t=-97/15 u=50/7
SKIPISO t=-97/15 u=50/7
MWRANK u=-50 r=2 gens=2
FIBSURV Sig=5 t=71/55 u=-50
SKIPISO t=71/55 u=-50
MWRANK u=50/3 r=2 gens=2
FIBSURV Sig=5 t=-13/35 u=50/3
SKIPISO t=-13/35 u=50/3
MWRANK u=-50/3 r=2 gens=2
FIBSURV Sig=5 t=113/65 u=-50/3
SKIPISO t=113/65 u=-50/3
MWRANK u=51/8 r=3 gens=2
FIBSURV Sig=5 t=-117/11 u=51/8
SKIPISO t=-117/11 u=51/8
MWRANK u=-51/2 r=2 gens=2
FIBSURV Sig=5 t=93/61 u=-51/2
SKIPISO t=93/61 u=-51/2
MWRANK u=47/51 r=2 gens=2
FIBSURV Sig=5 t=64/13 u=47/51
SKIPISO t=64/13 u=47/51
MWRANK u=51/19 r=2 gens=2
FIBSURV Sig=5 t=87/11 u=51/19
SKIPISO t=87/11 u=51/19
MWRANK u=-51/13 r=1 gens=2
FIBSURV Sig=5 t=81/29 u=-51/13
SKIPISO t=81/29 u=-51/13
MWRANK u=51 r=1 gens=2
FIBSURV Sig=5 t=15/23 u=51
SKIPISO t=15/23 u=51
MWRANK u=51/11 r=1 gens=2
FIBSURV Sig=5 t=45 u=51/11
SKIPISO t=45 u=51/11
MWRANK u=-1/51 r=2 gens=2
FIBSURV Sig=5 t=67/16 u=-1/51
SKIPISO t=67/16 u=-1/51
MWRANK u=-51/11 r=2 gens=2
FIBSURV Sig=5 t=141/53 u=-51/11
SKIPISO t=141/53 u=-51/11
MWRANK u=23/51 r=4 gens=2
FIBSURV Sig=5 t=131/29 u=23/51
SKIPISO t=131/29 u=23/51
MWRANK u=-49/51 r=2 gens=2
FIBSURV Sig=5 t=70/19 u=-49/51
SKIPISO t=70/19 u=-49/51
MWRANK u=-51/4 r=2 gens=2
FIBSURV Sig=5 t=135/71 u=-51/4
SKIPISO t=135/71 u=-51/4
MWRANK u=-41/51 r=2 gens=2
FIBSURV Sig=5 t=139/37 u=-41/51
SKIPISO t=139/37 u=-41/51
MWRANK u=-51/5 r=2 gens=2
FIBSURV Sig=5 t=39/19 u=-51/5
SKIPISO t=39/19 u=-51/5
MWRANK u=31/51 r=1 gens=2
FIBSURV Sig=5 t=65/14 u=31/51
SKIPISO t=65/14 u=31/51
MWRANK u=51/5 r=2 gens=2
FIBSURV Sig=5 t=-27/13 u=51/5
SKIPISO t=-27/13 u=51/5
MWRANK u=51/31 r=1 gens=2
FIBSURV Sig=5 t=75/13 u=51/31
SKIPISO t=75/13 u=51/31
MWRANK u=-25/51 r=1 gens=2
FIBSURV Sig=5 t=137/35 u=-25/51
SKIPISO t=137/35 u=-25/51
MWRANK u=-51/49 r=1 gens=2
FIBSURV Sig=5 t=135/37 u=-51/49
SKIPISO t=135/37 u=-51/49
MWRANK u=51/13 r=2 gens=2
FIBSURV Sig=5 t=111/7 u=51/13
SKIPISO t=111/7 u=51/13
MWRANK u=51/2 r=2 gens=2
FIBSURV Sig=5 t=9/41 u=51/2
SKIPISO t=9/41 u=51/2
MWRANK u=-51/7 r=2 gens=2
FIBSURV Sig=5 t=99/43 u=-51/7
SKIPISO t=99/43 u=-51/7
MWRANK u=51/47 r=3 gens=2
FIBSURV Sig=5 t=117/23 u=51/47
SKIPISO t=117/23 u=51/47
MWRANK u=51/4 r=2 gens=2
FIBSURV Sig=5 t=-33/31 u=51/4
SKIPISO t=-33/31 u=51/4
MWSKIP u=7/51 bounds=[1,3]
FIBSURV Sig=5 t=133/31 u=7/51
SKIPISO t=133/31 u=7/51
MWRANK u=-51/41 r=2 gens=2
FIBSURV Sig=5 t=57/16 u=-51/41
SKIPISO t=57/16 u=-51/41
MWRANK u=-51/25 r=2 gens=2
FIBSURV Sig=5 t=36/11 u=-51/25
SKIPISO t=36/11 u=-51/25
MWRANK u=52 r=4 gens=2
FIBSURV Sig=5 t=31/47 u=52
SKIPISO t=31/47 u=52
MWRANK u=-52 r=2 gens=2
FIBSURV Sig=5 t=73/57 u=-52
SKIPISO t=73/57 u=-52
MWRANK u=52/3 r=2 gens=2
FIBSURV Sig=5 t=-11/37 u=52/3
SKIPISO t=-11/37 u=52/3
MWRANK u=52/5 r=2 gens=2
FIBSURV Sig=5 t=-53/27 u=52/5
SKIPISO t=-53/27 u=52/5
MWRANK u=52/9 r=3 gens=2
FIBSURV Sig=5 t=-137/7 u=52/9
SKIPISO t=-137/7 u=52/9
MWRANK u=-52/3 r=2 gens=2
FIBSURV Sig=5 t=115/67 u=-52/3
SKIPISO t=115/67 u=-52/3
MWRANK u=-52/9 r=2 gens=2
MWRANK u=52/7 r=3 gens=2
FIBSURV Sig=5 t=-95/17 u=52/7
SKIPISO t=-95/17 u=52/7
MWRANK u=53/15 r=2 gens=2
FIBSURV Sig=5 t=131/11 u=53/15
SKIPISO t=131/11 u=53/15
MWRANK u=-53/15 r=2 gens=2
FIBSURV Sig=5 t=23/8 u=-53/15
SKIPISO t=23/8 u=-53/15
MWRANK u=17/53 r=1 gens=2
FIBSURV Sig=5 t=137/31 u=17/53
SKIPISO t=137/31 u=17/53
MWRANK u=25/53 r=2 gens=2
FIBSURV Sig=5 t=68/15 u=25/53
SKIPISO t=68/15 u=25/53
MWRANK u=41/53 r=1 gens=2
FIBSURV Sig=5 t=67/14 u=41/53
SKIPISO t=67/14 u=41/53
MWRANK u=53/7 r=2 gens=2
FIBSURV Sig=5 t=-47/9 u=53/7
SKIPISO t=-47/9 u=53/7
MWRANK u=-7/53 r=2 gens=2
FIBSURV Sig=5 t=70/17 u=-7/53
SKIPISO t=70/17 u=-7/53
MWRANK u=-53/47 r=2 gens=2
FIBSURV Sig=5 t=65/18 u=-53/47
SKIPISO t=65/18 u=-53/47
MWRANK u=53/13 r=1 gens=2
FIBSURV Sig=5 t=55/3 u=53/13
SKIPISO t=55/3 u=53/13
MWRANK u=53/17 r=1 gens=2
FIBSURV Sig=5 t=19/2 u=53/17
SKIPISO t=19/2 u=53/17
MWRANK u=-53/11 r=1 gens=2
FIBSURV Sig=5 t=71/27 u=-53/11
SKIPISO t=71/27 u=-53/11
MWRANK u=-39/53 r=2 gens=2
FIBSURV Sig=5 t=72/19 u=-39/53
SKIPISO t=72/19 u=-39/53
MWRANK u=53/8 r=2 gens=2
FIBSURV Sig=5 t=-115/13 u=53/8
SKIPISO t=-115/13 u=53/8
MWRANK u=53/5 r=1 gens=2
FIBSURV Sig=5 t=-13/7 u=53/5
SKIPISO t=-13/7 u=53/5
MWRANK u=9/53 r=2 gens=2
FIBSURV Sig=5 t=69/16 u=9/53
SKIPISO t=69/16 u=9/53
MWRANK u=53/2 r=2 gens=2
FIBSURV Sig=5 t=11/43 u=53/2
SKIPISO t=11/43 u=53/2
MWRANK u=49/53 r=2 gens=2
FIBSURV Sig=5 t=133/27 u=49/53
SKIPISO t=133/27 u=49/53
MWRANK u=-47/53 r=2 gens=2
FIBSURV Sig=5 t=145/39 u=-47/53
SKIPISO t=145/39 u=-47/53
MWRANK u=53/11 r=2 gens=2
FIBSURV Sig=5 t=89 u=53/11
SKIPISO t=89 u=53/11
MWRANK u=-31/53 r=1 gens=2
FIBSURV Sig=5 t=143/37 u=-31/53
SKIPISO t=143/37 u=-31/53
MWRANK u=-53/9 r=2 gens=2
FIBSURV Sig=5 t=121/49 u=-53/9
SKIPISO t=121/49 u=-53/9
MWRANK u=-53/31 r=2 gens=2
FIBSURV Sig=5 t=44/13 u=-53/31
SKIPISO t=44/13 u=-53/31
MWRANK u=53/9 r=2 gens=2
FIBSURV Sig=5 t=-17 u=53/9
SKIPISO t=-17 u=53/9
MWRANK u=1/53 r=1 gens=2
FIBSURV Sig=5 t=139/33 u=1/53
SKIPISO t=139/33 u=1/53
MWRANK u=53/41 r=1 gens=2
FIBSURV Sig=5 t=101/19 u=53/41
SKIPISO t=101/19 u=53/41
MWRANK u=-23/53 r=2 gens=2
FIBSURV Sig=5 t=71/18 u=-23/53
SKIPISO t=71/18 u=-23/53
MWRANK u=-53/39 r=2 gens=2
FIBSURV Sig=5 t=109/31 u=-53/39
SKIPISO t=109/31 u=-53/39
MWRANK u=-53/19 r=1 gens=2
FIBSURV Sig=5 t=113/37 u=-53/19
SKIPISO t=113/37 u=-53/19
MWRANK u=53/49 r=1 gens=2
FIBSURV Sig=5 t=61/12 u=53/49
SKIPISO t=61/12 u=53/49
MWRANK u=53/6 r=3 gens=2
FIBSURV Sig=5 t=-73/23 u=53/6
SKIPISO t=-73/23 u=53/6
MWRANK u=33/53 r=2 gens=2
FIBSURV Sig=5 t=135/29 u=33/53
SKIPISO t=135/29 u=33/53
MWRANK u=-53/3 r=1 gens=2
FIBSURV Sig=5 t=29/17 u=-53/3
SKIPISO t=29/17 u=-53/3
MWRANK u=53/21 r=2 gens=2
FIBSURV Sig=5 t=97/13 u=53/21
SKIPISO t=97/13 u=53/21
MWRANK u=53/29 r=1 gens=2
FIBSURV Sig=5 t=139/23 u=53/29
SKIPISO t=139/23 u=53/29
MWRANK u=53/3 r=2 gens=2
FIBSURV Sig=5 t=-5/19 u=53/3
SKIPISO t=-5/19 u=53/3
MWRANK u=53/33 r=3 gens=2
FIBSURV Sig=5 t=40/7 u=53/33
SKIPISO t=40/7 u=53/33
MWRANK u=-53/2 r=2 gens=2
FIBSURV Sig=5 t=95/63 u=-53/2
SKIPISO t=95/63 u=-53/2
MWRANK u=53/4 r=2 gens=2
FIBSURV Sig=5 t=-31/33 u=53/4
SKIPISO t=-31/33 u=53/4
MWRANK u=-15/53 r=2 gens=2
FIBSURV Sig=5 t=141/35 u=-15/53
SKIPISO t=141/35 u=-15/53
MWRANK u=-53/4 r=4 gens=2
FIBSURV Sig=5 t=137/73 u=-53/4
SKIPISO t=137/73 u=-53/4
MWRANK u=-53 r=2 gens=2
FIBSURV Sig=5 t=37/29 u=-53
SKIPISO t=37/29 u=-53
MWRANK u=-53/7 r=2 gens=2
FIBSURV Sig=5 t=25/11 u=-53/7
SKIPISO t=25/11 u=-53/7
MWRANK u=53/25 r=1 gens=2
FIBSURV Sig=5 t=59/9 u=53/25
SKIPISO t=59/9 u=53/25
MWRANK u=-54 r=2 gens=2
FIBSURV Sig=5 t=75/59 u=-54
SKIPISO t=75/59 u=-54
MWRANK u=54/7 r=1 gens=2
FIBSURV Sig=5 t=-93/19 u=54/7
SKIPISO t=-93/19 u=54/7
MWRANK u=54 r=2 gens=2
FIBSURV Sig=5 t=33/49 u=54
SKIPISO t=33/49 u=54
MWRANK u=54/5 r=2 gens=2
FIBSURV Sig=5 t=-51/29 u=54/5
SKIPISO t=-51/29 u=54/5
MWRANK u=55/23 r=2 gens=2
FIBSURV Sig=5 t=107/15 u=55/23
SKIPISO t=107/15 u=55/23
MWRANK u=55/43 r=2 gens=2
FIBSURV Sig=5 t=53/10 u=55/43
SKIPISO t=53/10 u=55/43
MWRANK u=19/55 r=2 gens=2
FIBSURV Sig=5 t=71/16 u=19/55
SKIPISO t=71/16 u=19/55
MWRANK u=-55/9 r=1 gens=2
FIBSURV Sig=5 t=61/25 u=-55/9
SKIPISO t=61/25 u=-55/9
MWRANK u=3/55 r=2 gens=2
FIBSURV Sig=5 t=72/17 u=3/55
SKIPISO t=72/17 u=3/55
MWSKIP u=55/8 bounds=[1,3]
FIBSURV Sig=5 t=-113/15 u=55/8
SKIPISO t=-113/15 u=55/8
MWRANK u=55/27 r=1 gens=2
FIBSURV Sig=5 t=32/5 u=55/27
SKIPISO t=32/5 u=55/27
MWRANK u=55/4 r=2 gens=2
FIBSURV Sig=5 t=-29/35 u=55/4
SKIPISO t=-29/35 u=55/4
MWRANK u=55/9 r=1 gens=2
FIBSURV Sig=5 t=-67/5 u=55/9
SKIPISO t=-67/5 u=55/9
MWRANK u=-21/55 r=2 gens=2
FIBSURV Sig=5 t=147/37 u=-21/55
SKIPISO t=147/37 u=-21/55
MWSKIP u=-13/55 bounds=[1,3]
FIBSURV Sig=5 t=73/18 u=-13/55
SKIPISO t=73/18 u=-13/55
MWRANK u=-55/4 r=2 gens=2
FIBSURV Sig=5 t=139/75 u=-55/4
SKIPISO t=139/75 u=-55/4
MWRANK u=43/55 r=2 gens=2
FIBSURV Sig=5 t=139/29 u=43/55
SKIPISO t=139/29 u=43/55
MWRANK u=-37/55 r=1 gens=2
FIBSURV Sig=5 t=149/39 u=-37/55
SKIPISO t=149/39 u=-37/55
MWRANK u=-29/55 r=2 gens=2
FIBSURV Sig=5 t=74/19 u=-29/55
SKIPISO t=74/19 u=-29/55
MWRANK u=55/31 r=2 gens=2
FIBSURV Sig=5 t=149/25 u=55/31
SKIPISO t=149/25 u=55/31
MWRANK u=-55 r=1 gens=2
FIBSURV Sig=5 t=19/15 u=-55
SKIPISO t=19/15 u=-55
MWRANK u=-55/18 r=2 gens=2
FIBSURV Sig=5 t=433/145 u=-55/18
SKIPISO t=433/145 u=-55/18
MWRANK u=55/7 r=2 gens=2
FIBSURV Sig=5 t=-23/5 u=55/7
SKIPISO t=-23/5 u=55/7
MWRANK u=55/51 r=1 gens=2
FIBSURV Sig=5 t=127/25 u=55/51
SKIPISO t=127/25 u=55/51
MWRANK u=-55/7 r=1 gens=2
FIBSURV Sig=5 t=101/45 u=-55/7
SKIPISO t=101/45 u=-55/7
MWRANK u=-55/29 r=2 gens=2
FIBSURV Sig=5 t=83/25 u=-55/29
SKIPISO t=83/25 u=-55/29
MWRANK u=51/55 r=1 gens=2
FIBSURV Sig=5 t=69/14 u=51/55
SKIPISO t=69/14 u=51/55
MWRANK u=-55/21 r=2 gens=2
FIBSURV Sig=5 t=31/10 u=-55/21
SKIPISO t=31/10 u=-55/21
MWRANK u=-55/13 r=1 gens=2
FIBSURV Sig=5 t=41/15 u=-55/13
SKIPISO t=41/15 u=-55/13
MWRANK u=55/2 r=2 gens=2
FIBSURV Sig=5 t=13/45 u=55/2
SKIPISO t=13/45 u=55/2
MWRANK u=55 r=2 gens=2
FIBSURV Sig=5 t=17/25 u=55
SKIPISO t=17/25 u=55
MWRANK u=55/13 r=2 gens=2
FIBSURV Sig=5 t=109/5 u=55/13
SKIPISO t=109/5 u=55/13
MWRANK u=55/19 r=2 gens=2
FIBSURV Sig=5 t=43/5 u=55/19
SKIPISO t=43/5 u=55/19
MWRANK u=27/55 r=2 gens=2
FIBSURV Sig=5 t=141/31 u=27/55
SKIPISO t=141/31 u=27/55
MWRANK u=-55/3 r=2 gens=2
FIBSURV Sig=5 t=59/35 u=-55/3
SKIPISO t=59/35 u=-55/3
MWRANK u=-55/37 r=2 gens=2
FIBSURV Sig=5 t=52/15 u=-55/37
SKIPISO t=52/15 u=-55/37
MWRANK u=-55/53 r=4 gens=2
FIBSURV Sig=5 t=73/20 u=-55/53
SKIPISO t=73/20 u=-55/53
MWRANK u=-56/3 r=2 gens=2
FIBSURV Sig=5 t=119/71 u=-56/3
SKIPISO t=119/71 u=-56/3
MWRANK u=56 r=2 gens=2
FIBSURV Sig=5 t=35/51 u=56
SKIPISO t=35/51 u=56
MWRANK u=56/5 r=2 gens=2
FIBSURV Sig=5 t=-49/31 u=56/5
SKIPISO t=-49/31 u=56/5
MWRANK u=56/3 r=2 gens=2
FIBSURV Sig=5 t=-7/41 u=56/3
SKIPISO t=-7/41 u=56/3
MWRANK u=-56 r=2 gens=2
FIBSURV Sig=5 t=77/61 u=-56
SKIPISO t=77/61 u=-56
MWRANK u=56/9 r=1 gens=2
FIBSURV Sig=5 t=-133/11 u=56/9
SKIPISO t=-133/11 u=56/9
MWRANK u=-57/5 r=2 gens=2
FIBSURV Sig=5 t=81/41 u=-57/5
SKIPISO t=81/41 u=-57/5
MWRANK u=57/2 r=2 gens=2
FIBSURV Sig=5 t=15/47 u=57/2
SKIPISO t=15/47 u=57/2
MWRANK u=-57/4 r=2 gens=2
FIBSURV Sig=5 t=141/77 u=-57/4
SKIPISO t=141/77 u=-57/4
MWRANK u=53/57 r=3 gens=2
FIBSURV Sig=5 t=143/29 u=53/57
SKIPISO t=143/29 u=53/57
MWRANK u=-57 r=2 gens=2
FIBSURV Sig=5 t=39/31 u=-57
SKIPISO t=39/31 u=-57
MWRANK u=57/13 r=2 gens=2
FIBSURV Sig=5 t=27 u=57/13
SKIPISO t=27 u=57/13
MWRANK u=-57/7 r=1 gens=2
FIBSURV Sig=5 t=51/23 u=-57/7
SKIPISO t=51/23 u=-57/7
MWRANK u=-35/57 r=2 gens=2
FIBSURV Sig=5 t=77/20 u=-35/57
SKIPISO t=77/20 u=-35/57
MWRANK u=-57/35 r=2 gens=2
FIBSURV Sig=5 t=99/29 u=-57/35
SKIPISO t=99/29 u=-57/35
MWRANK u=-57/2 r=2 gens=2
FIBSURV Sig=5 t=99/67 u=-57/2
SKIPISO t=99/67 u=-57/2
MWRANK u=13/57 r=2 gens=2
FIBSURV Sig=5 t=74/17 u=13/57
SKIPISO t=74/17 u=13/57
MWRANK u=57/37 r=1 gens=2
FIBSURV Sig=5 t=45/8 u=57/37
SKIPISO t=45/8 u=57/37
MWRANK u=57/25 r=1 gens=2
FIBSURV Sig=5 t=117/17 u=57/25
SKIPISO t=117/17 u=57/25
MWRANK u=-57/43 r=2 gens=2
FIBSURV Sig=5 t=60/17 u=-57/43
SKIPISO t=60/17 u=-57/43
MWRANK u=37/57 r=2 gens=2
FIBSURV Sig=5 t=145/31 u=37/57
SKIPISO t=145/31 u=37/57
MWRANK u=57 r=3 gens=2
FIBSURV Sig=5 t=9/13 u=57
SKIPISO t=9/13 u=57
MWRANK u=57/4 r=2 gens=2
FIBSURV Sig=5 t=-27/37 u=57/4
SKIPISO t=-27/37 u=57/4
MWRANK u=-57/11 r=1 gens=2
FIBSURV Sig=5 t=18/7 u=-57/11
SKIPISO t=18/7 u=-57/11
MWRANK u=57/17 r=1 gens=2
FIBSURV Sig=5 t=75/7 u=57/17
SKIPISO t=75/7 u=57/17
MWRANK u=57/11 r=1 gens=2
FIBSURV Sig=5 t=-87 u=57/11
SKIPISO t=-87 u=57/11
MWRANK u=57/7 r=1 gens=2
FIBSURV Sig=5 t=-45/11 u=57/7
SKIPISO t=-45/11 u=57/7
MWRANK u=57/29 r=1 gens=2
FIBSURV Sig=5 t=69/11 u=57/29
SKIPISO t=69/11 u=57/29
MWRANK u=5/57 r=2 gens=2
FIBSURV Sig=5 t=149/35 u=5/57
SKIPISO t=149/35 u=5/57
MWRANK u=57/8 r=1 gens=2
FIBSURV Sig=5 t=-111/17 u=57/8
SKIPISO t=-111/17 u=57/8
MWRANK u=-57/23 r=2 gens=2
FIBSURV Sig=5 t=135/43 u=-57/23
SKIPISO t=135/43 u=-57/23
MWRANK u=-58 r=1 gens=2
FIBSURV Sig=5 t=79/63 u=-58
SKIPISO t=79/63 u=-58
MWRANK u=-58/3 r=2 gens=2
FIBSURV Sig=5 t=121/73 u=-58/3
SKIPISO t=121/73 u=-58/3
MWRANK u=58/9 r=1 gens=2
FIBSURV Sig=5 t=-131/13 u=58/9
SKIPISO t=-131/13 u=58/9
MWRANK u=58 r=2 gens=2
FIBSURV Sig=5 t=37/53 u=58
SKIPISO t=37/53 u=58
MWRANK u=58/5 r=2 gens=2
FIBSURV Sig=5 t=-47/33 u=58/5
SKIPISO t=-47/33 u=58/5
MWSKIP u=58/7 bounds=[1,3]
FIBSURV Sig=5 t=-89/23 u=58/7
SKIPISO t=-89/23 u=58/7
MWRANK u=58/3 r=2 gens=2
FIBSURV Sig=5 t=-5/43 u=58/3
SKIPISO t=-5/43 u=58/3
MWRANK u=-58/7 r=4 gens=2
MWRANK u=-59/49 r=2 gens=2
FIBSURV Sig=5 t=68/19 u=-59/49
SKIPISO t=68/19 u=-59/49
MWRANK u=-41/59 r=2 gens=2
FIBSURV Sig=5 t=80/21 u=-41/59
SKIPISO t=80/21 u=-41/59
MWRANK u=55/59 r=2 gens=2
FIBSURV Sig=5 t=74/15 u=55/59
SKIPISO t=74/15 u=55/59
MWRANK u=7/59 r=4 gens=2
FIBSURV Sig=5 t=77/18 u=7/59
SKIPISO t=77/18 u=7/59
MWRANK u=-59/17 r=1 gens=2
FIBSURV Sig=5 t=26/9 u=-59/17
SKIPISO t=26/9 u=-59/17
MWRANK u=-59/25 r=2 gens=2
FIBSURV Sig=5 t=73/23 u=-59/25
SKIPISO t=73/23 u=-59/25
MWRANK u=39/59 r=2 gens=2
FIBSURV Sig=5 t=75/16 u=39/59
SKIPISO t=75/16 u=39/59
MWRANK u=59 r=2 gens=2
FIBSURV Sig=5 t=19/27 u=59
SKIPISO t=19/27 u=59
MWRANK u=59/7 r=2 gens=2
FIBSURV Sig=5 t=-11/3 u=59/7
SKIPISO t=-11/3 u=59/7
MWRANK u=47/59 r=2 gens=2
FIBSURV Sig=5 t=149/31 u=47/59
SKIPISO t=149/31 u=47/59
MWRANK u=59/9 r=3 gens=2
FIBSURV Sig=5 t=-65/7 u=59/9
SKIPISO t=-65/7 u=59/9
MWRANK u=59/13 r=2 gens=2
FIBSURV Sig=5 t=107/3 u=59/13
SKIPISO t=107/3 u=59/13
MWRANK u=-9/59 r=2 gens=2
FIBSURV Sig=5 t=78/19 u=-9/59
SKIPISO t=78/19 u=-9/59
MWRANK u=59/31 r=2 gens=2
FIBSURV Sig=5 t=37/6 u=59/31
SKIPISO t=37/6 u=59/31
MWRANK u=-59/11 r=2 gens=2
FIBSURV Sig=5 t=145/57 u=-59/11
SKIPISO t=145/57 u=-59/11
MWRANK u=59/6 r=2 gens=2
FIBSURV Sig=5 t=-67/29 u=59/6
SKIPISO t=-67/29 u=59/6
MWRANK u=59/47 r=3 gens=2
FIBSURV Sig=5 t=58/11 u=59/47
SKIPISO t=58/11 u=59/47
MWRANK u=-59/41 r=2 gens=2
FIBSURV Sig=5 t=115/33 u=-59/41
SKIPISO t=115/33 u=-59/41
MWRANK u=-59/7 r=2 gens=2
FIBSURV Sig=5 t=103/47 u=-59/7
SKIPISO t=103/47 u=-59/7
MWRANK u=59/11 r=2 gens=2
FIBSURV Sig=5 t=-43 u=59/11
SKIPISO t=-43 u=59/11
MWRANK u=59/5 r=2 gens=2
FIBSURV Sig=5 t=-23/17 u=59/5
SKIPISO t=-23/17 u=59/5
MWRANK u=59/55 r=2 gens=2
FIBSURV Sig=5 t=137/27 u=59/55
SKIPISO t=137/27 u=59/55
MWRANK u=-59/33 r=3 gens=2
FIBSURV Sig=5 t=47/14 u=-59/33
SKIPISO t=47/14 u=-59/33
MWRANK u=-59/9 r=2 gens=2
FIBSURV Sig=5 t=31/13 u=-59/9
SKIPISO t=31/13 u=-59/9
MWRANK u=23/59 r=1 gens=2
FIBSURV Sig=5 t=76/17 u=23/59
SKIPISO t=76/17 u=23/59
MWRANK u=-59/13 r=2 gens=2
FIBSURV Sig=5 t=83/31 u=-59/13
SKIPISO t=83/31 u=-59/13
MWRANK u=59/4 r=2 gens=2
FIBSURV Sig=5 t=-25/39 u=59/4
SKIPISO t=-25/39 u=59/4
MWRANK u=59/2 r=2 gens=2
FIBSURV Sig=5 t=17/49 u=59/2
SKIPISO t=17/49 u=59/2
MWRANK u=-59/2 r=2 gens=2
FIBSURV Sig=5 t=101/69 u=-59/2
SKIPISO t=101/69 u=-59/2
MWRANK u=-57/59 r=2 gens=2
FIBSURV Sig=5 t=81/22 u=-57/59
SKIPISO t=81/22 u=-57/59
MWRANK u=-59 r=1 gens=2
FIBSURV Sig=5 t=5/4 u=-59
SKIPISO t=5/4 u=-59
MWRANK u=59/3 r=1 gens=2
FIBSURV Sig=5 t=-1/11 u=59/3
SKIPISO t=-1/11 u=59/3
MWRANK u=-59/21 r=4 gens=2
FIBSURV Sig=5 t=125/41 u=-59/21
SKIPISO t=125/41 u=-59/21
MWRANK u=-59/4 r=2 gens=2
FIBSURV Sig=5 t=143/79 u=-59/4
SKIPISO t=143/79 u=-59/4
MWRANK u=59/23 r=2 gens=2
FIBSURV Sig=5 t=53/7 u=59/23
SKIPISO t=53/7 u=59/23
MWRANK u=59/17 r=2 gens=2
FIBSURV Sig=5 t=149/13 u=59/17
SKIPISO t=149/13 u=59/17
MWRANK u=59/27 r=2 gens=2
FIBSURV Sig=5 t=127/19 u=59/27
SKIPISO t=127/19 u=59/27
MWSKIP u=59/39 bounds=[1,3]
FIBSURV Sig=5 t=95/17 u=59/39
SKIPISO t=95/17 u=59/39
MWRANK u=-25/59 r=2 gens=2
FIBSURV Sig=5 t=79/20 u=-25/59
SKIPISO t=79/20 u=-25/59
MWRANK u=59/15 r=3 gens=2
FIBSURV Sig=5 t=16 u=59/15
SKIPISO t=16 u=59/15
MWRANK u=59/8 r=1 gens=2
FIBSURV Sig=5 t=-109/19 u=59/8
SKIPISO t=-109/19 u=59/8
MWRANK u=59/19 r=2 gens=2
FIBSURV Sig=5 t=85/9 u=59/19
SKIPISO t=85/9 u=59/19
MWRANK u=-60 r=2 gens=2
FIBSURV Sig=5 t=81/65 u=-60
SKIPISO t=81/65 u=-60
MWRANK u=60 r=2 gens=2
FIBSURV Sig=5 t=39/55 u=60
SKIPISO t=39/55 u=60
MWRANK u=60/7 r=1 gens=2
FIBSURV Sig=5 t=-87/25 u=60/7
SKIPISO t=-87/25 u=60/7
MWRANK u=-31/61 r=2 gens=2
FIBSURV Sig=5 t=82/21 u=-31/61
SKIPISO t=82/21 u=-31/61
MWRANK u=61/25 r=2 gens=2
FIBSURV Sig=5 t=29/4 u=61/25
SKIPISO t=29/4 u=61/25
MWRANK u=61/41 r=1 gens=2
FIBSURV Sig=5 t=50/9 u=61/41
SKIPISO t=50/9 u=61/41
MWRANK u=61/49 r=1 gens=2
FIBSURV Sig=5 t=121/23 u=61/49
SKIPISO t=121/23 u=61/49
MWRANK u=61/4 r=2 gens=2
FIBSURV Sig=5 t=-23/41 u=61/4
SKIPISO t=-23/41 u=61/4
MWRANK u=1/61 r=2 gens=2
FIBSURV Sig=5 t=80/19 u=1/61
SKIPISO t=80/19 u=1/61
MWRANK u=-61/5 r=2 gens=2
FIBSURV Sig=5 t=83/43 u=-61/5
SKIPISO t=83/43 u=-61/5
MWRANK u=61/3 r=4 gens=2
FIBSURV Sig=5 t=-1/23 u=61/3
SKIPISO t=-1/23 u=61/3
MWRANK u=61/2 r=2 gens=2
FIBSURV Sig=5 t=19/51 u=61/2
SKIPISO t=19/51 u=61/2
MWRANK u=61/57 r=2 gens=2
FIBSURV Sig=5 t=71/14 u=61/57
SKIPISO t=71/14 u=61/57
MWRANK u=61/21 r=2 gens=2
FIBSURV Sig=5 t=95/11 u=61/21
SKIPISO t=95/11 u=61/21
MWRANK u=61 r=1 gens=2
FIBSURV Sig=5 t=5/7 u=61
SKIPISO t=5/7 u=61
MWRANK u=-61/39 r=2 gens=2
FIBSURV Sig=5 t=55/16 u=-61/39
SKIPISO t=55/16 u=-61/39
MWRANK u=-61/9 r=2 gens=2
FIBSURV Sig=5 t=125/53 u=-61/9
SKIPISO t=125/53 u=-61/9
MWRANK u=-61/3 r=3 gens=2
FIBSURV Sig=5 t=31/19 u=-61/3
SKIPISO t=31/19 u=-61/3
MWRANK u=61/33 r=1 gens=2
FIBSURV Sig=5 t=79/13 u=61/33
SKIPISO t=79/13 u=61/33
MWRANK u=61/17 r=1 gens=2
FIBSURV Sig=5 t=37/3 u=61/17
SKIPISO t=37/3 u=61/17
MWRANK u=49/61 r=2 gens=2
FIBSURV Sig=5 t=77/16 u=49/61
SKIPISO t=77/16 u=49/61
MWRANK u=61/29 r=2 gens=2
FIBSURV Sig=5 t=137/21 u=61/29
SKIPISO t=137/21 u=61/29
MWRANK u=-61/4 r=1 gens=2
FIBSURV Sig=5 t=145/81 u=-61/4
SKIPISO t=145/81 u=-61/4
MWRANK u=61/6 r=2 gens=2
FIBSURV Sig=5 t=-65/31 u=61/6
SKIPISO t=-65/31 u=61/6
MWRANK u=61/15 r=2 gens=2
FIBSURV Sig=5 t=127/7 u=61/15
SKIPISO t=127/7 u=61/15
MWRANK u=61/13 r=1 gens=2
FIBSURV Sig=5 t=53 u=61/13
SKIPISO t=53 u=61/13
MWRANK u=-61/7 r=2 gens=2
FIBSURV Sig=5 t=13/6 u=-61/7
SKIPISO t=13/6 u=-61/7
MWRANK u=-47/61 r=3 gens=2
FIBSURV Sig=5 t=83/22 u=-47/61
SKIPISO t=83/22 u=-47/61
MWRANK u=-61/31 r=1 gens=2
FIBSURV Sig=5 t=89/27 u=-61/31
SKIPISO t=89/27 u=-61/31
MWRANK u=-61/23 r=2 gens=2
FIBSURV Sig=5 t=34/11 u=-61/23
SKIPISO t=34/11 u=-61/23
MWRANK u=-61/55 r=2 gens=2
FIBSURV Sig=5 t=76/21 u=-61/55
SKIPISO t=76/21 u=-61/55
MWRANK u=-61/2 r=3 gens=2
FIBSURV Sig=5 t=103/71 u=-61/2
SKIPISO t=103/71 u=-61/2
MWRANK u=-61/47 r=2 gens=2
FIBSURV Sig=5 t=131/37 u=-61/47
SKIPISO t=131/37 u=-61/47
MWRANK u=33/61 r=3 gens=2
FIBSURV Sig=5 t=78/17 u=33/61
SKIPISO t=78/17 u=33/61
MWRANK u=-15/61 r=2 gens=2
FIBSURV Sig=5 t=81/20 u=-15/61
SKIPISO t=81/20 u=-15/61
MWRANK u=-61/12 r=2 gens=2
FIBSURV Sig=5 t=313/121 u=-61/12
SKIPISO t=313/121 u=-61/12
MWRANK u=61/5 r=2 gens=2
FIBSURV Sig=5 t=-11/9 u=61/5
SKIPISO t=-11/9 u=61/5
MWRANK u=-61/11 r=2 gens=2
FIBSURV Sig=5 t=73/29 u=-61/11
SKIPISO t=73/29 u=-61/11
MWRANK u=17/61 r=1 gens=2
FIBSURV Sig=5 t=79/18 u=17/61
SKIPISO t=79/18 u=17/61
MWRANK u=-61 r=2 gens=2
FIBSURV Sig=5 t=41/33 u=-61
SKIPISO t=41/33 u=-61
MWRANK u=61/11 r=1 gens=2
FIBSURV Sig=5 t=-85/3 u=61/11
SKIPISO t=-85/3 u=61/11
MWRANK u=61/10 r=3 gens=2
FIBSURV Sig=5 t=-149/11 u=61/10
SKIPISO t=-149/11 u=61/10
MWRANK u=-61/19 r=1 gens=2
FIBSURV Sig=5 t=115/39 u=-61/19
SKIPISO t=115/39 u=-61/19
MWRANK u=61/7 r=1 gens=2
FIBSURV Sig=5 t=-43/13 u=61/7
SKIPISO t=-43/13 u=61/7
MWRANK u=61/8 r=3 gens=2
FIBSURV Sig=5 t=-107/21 u=61/8
SKIPISO t=-107/21 u=61/8
MWRANK u=61/9 r=2 gens=2
FIBSURV Sig=5 t=-8 u=61/9
SKIPISO t=-8 u=61/9
MWSKIP u=-62/3 bounds=[2,4]
FIBSURV Sig=5 t=125/77 u=-62/3
SKIPISO t=125/77 u=-62/3
MWRANK u=62 r=2 gens=2
FIBSURV Sig=5 t=41/57 u=62
SKIPISO t=41/57 u=62
MWRANK u=62/9 r=3 gens=2
FIBSURV Sig=5 t=-127/17 u=62/9
SKIPISO t=-127/17 u=62/9
MWRANK u=-62 r=2 gens=2
FIBSURV Sig=5 t=83/67 u=-62
SKIPISO t=83/67 u=-62
MWRANK u=62/7 r=1 gens=2
FIBSURV Sig=5 t=-85/27 u=62/7
SKIPISO t=-85/27 u=62/7
MWRANK u=62/3 r=2 gens=2
FIBSURV Sig=5 t=-1/47 u=62/3
SKIPISO t=-1/47 u=62/3
MWRANK u=62/5 r=2 gens=2
FIBSURV Sig=5 t=-43/37 u=62/5
SKIPISO t=-43/37 u=62/5
MWRANK u=63/2 r=2 gens=2
FIBSURV Sig=5 t=21/53 u=63/2
SKIPISO t=21/53 u=63/2
MWRANK u=-63/53 r=1 gens=2
FIBSURV Sig=5 t=147/41 u=-63/53
SKIPISO t=147/41 u=-63/53
MWRANK u=63/59 r=1 gens=2
FIBSURV Sig=5 t=147/29 u=63/59
SKIPISO t=147/29 u=63/59
MWRANK u=-5/63 r=4 gens=2
FIBSURV Sig=5 t=83/20 u=-5/63
SKIPISO t=83/20 u=-5/63
MWRANK u=-63/37 r=2 gens=2
FIBSURV Sig=5 t=105/31 u=-63/37
SKIPISO t=105/31 u=-63/37
MWSKIP u=-53/63 bounds=[2,4]
FIBSURV Sig=5 t=86/23 u=-53/63
SKIPISO t=86/23 u=-53/63
MWRANK u=-37/63 r=1 gens=2
FIBSURV Sig=5 t=85/22 u=-37/63
SKIPISO t=85/22 u=-37/63
MWRANK u=63/17 r=2 gens=2
FIBSURV Sig=5 t=147/11 u=63/17
SKIPISO t=147/11 u=63/17
MWRANK u=63/43 r=1 gens=2
FIBSURV Sig=5 t=105/19 u=63/43
SKIPISO t=105/19 u=63/43
MWRANK u=-63/29 r=2 gens=2
FIBSURV Sig=5 t=42/13 u=-63/29
SKIPISO t=42/13 u=-63/29
MWRANK u=59/63 r=2 gens=2
FIBSURV Sig=5 t=79/16 u=59/63
SKIPISO t=79/16 u=59/63
MWRANK u=-63 r=1 gens=2
FIBSURV Sig=5 t=21/17 u=-63
SKIPISO t=21/17 u=-63
MWRANK u=63/4 r=1 gens=2
FIBSURV Sig=5 t=-21/43 u=63/4
SKIPISO t=-21/43 u=63/4
MWRANK u=63/23 r=1 gens=2
FIBSURV Sig=5 t=105/13 u=63/23
SKIPISO t=105/13 u=63/23
MWRANK u=-63/17 r=1 gens=2
FIBSURV Sig=5 t=105/37 u=-63/17
SKIPISO t=105/37 u=-63/17
MWRANK u=63/19 r=2 gens=2
FIBSURV Sig=5 t=21/2 u=63/19
SKIPISO t=21/2 u=63/19
MWRANK u=-63/61 r=2 gens=2
FIBSURV Sig=5 t=84/23 u=-63/61
SKIPISO t=84/23 u=-63/61
MWRANK u=11/63 r=2 gens=2
FIBSURV Sig=5 t=82/19 u=11/63
SKIPISO t=82/19 u=11/63
MWRANK u=63/31 r=1 gens=2
FIBSURV Sig=5 t=147/23 u=63/31
SKIPISO t=147/23 u=63/31
MWRANK u=63 r=2 gens=2
FIBSURV Sig=5 t=21/29 u=63
SKIPISO t=21/29 u=63
MWRANK u=-63/25 r=1 gens=2
FIBSURV Sig=5 t=147/47 u=-63/25
SKIPISO t=147/47 u=-63/25
MWRANK u=63/8 r=1 gens=2
FIBSURV Sig=5 t=-105/23 u=63/8
SKIPISO t=-105/23 u=63/8
MWRANK u=43/63 r=2 gens=2
FIBSURV Sig=5 t=80/17 u=43/63
SKIPISO t=80/17 u=43/63
MWRANK u=63/13 r=1 gens=2
FIBSURV Sig=5 t=105 u=63/13
SKIPISO t=105 u=63/13
MWRANK u=63/11 r=1 gens=2
FIBSURV Sig=5 t=-21 u=63/11
SKIPISO t=-21 u=63/11
MWRANK u=-63/11 r=2 gens=2
FIBSURV Sig=5 t=147/59 u=-63/11
SKIPISO t=147/59 u=-63/11
MWRANK u=-63/4 r=2 gens=2
FIBSURV Sig=5 t=147/83 u=-63/4
SKIPISO t=147/83 u=-63/4
MWRANK u=-63/13 r=1 gens=2
FIBSURV Sig=5 t=21/8 u=-63/13
SKIPISO t=21/8 u=-63/13
MWRANK u=-63/5 r=2 gens=2
FIBSURV Sig=5 t=21/11 u=-63/5
SKIPISO t=21/11 u=-63/5
MWRANK u=63/10 r=1 gens=2
FIBSURV Sig=5 t=-147/13 u=63/10
SKIPISO t=-147/13 u=63/10
MWRANK u=-64/3 r=2 gens=2
FIBSURV Sig=5 t=127/79 u=-64/3
SKIPISO t=127/79 u=-64/3
MWRANK u=64/5 r=2 gens=2
FIBSURV Sig=5 t=-41/39 u=64/5
SKIPISO t=-41/39 u=64/5
MWRANK u=64/3 r=2 gens=2
FIBSURV Sig=5 t=1/49 u=64/3
SKIPISO t=1/49 u=64/3
MWRANK u=-64 r=2 gens=2
FIBSURV Sig=5 t=85/69 u=-64
SKIPISO t=85/69 u=-64
MWRANK u=64/9 r=1 gens=2
FIBSURV Sig=5 t=-125/19 u=64/9
SKIPISO t=-125/19 u=64/9
MWRANK u=64/7 r=2 gens=2
FIBSURV Sig=5 t=-83/29 u=64/7
SKIPISO t=-83/29 u=64/7
MWRANK u=64 r=1 gens=2
FIBSURV Sig=5 t=43/59 u=64
SKIPISO t=43/59 u=64
MWRANK u=65/21 r=2 gens=2
FIBSURV Sig=5 t=47/5 u=65/21
SKIPISO t=47/5 u=65/21
MWRANK u=65 r=1 gens=2
FIBSURV Sig=5 t=11/15 u=65
SKIPISO t=11/15 u=65
MWRANK u=65/37 r=1 gens=2
FIBSURV Sig=5 t=89/15 u=65/37
SKIPISO t=89/15 u=65/37
MWRANK u=65/3 r=2 gens=2
FIBSURV Sig=5 t=1/25 u=65/3
SKIPISO t=1/25 u=65/3
MWRANK u=-65/51 r=2 gens=2
FIBSURV Sig=5 t=71/20 u=-65/51
SKIPISO t=71/20 u=-65/51
MWRANK u=-11/65 r=2 gens=2
FIBSURV Sig=5 t=86/21 u=-11/65
SKIPISO t=86/21 u=-11/65
MWRANK u=53/65 r=2 gens=2
FIBSURV Sig=5 t=82/17 u=53/65
SKIPISO t=82/17 u=53/65
MWRANK u=-43/65 r=2 gens=2
FIBSURV Sig=5 t=88/23 u=-43/65
SKIPISO t=88/23 u=-43/65
MWRANK u=65/11 r=1 gens=2
FIBSURV Sig=5 t=-83/5 u=65/11
SKIPISO t=-83/5 u=65/11
MWRANK u=65/61 r=1 gens=2
FIBSURV Sig=5 t=76/15 u=65/61
SKIPISO t=76/15 u=65/61
MWRANK u=65/17 r=1 gens=2
FIBSURV Sig=5 t=73/5 u=65/17
SKIPISO t=73/5 u=65/17
MWRANK u=37/65 r=1 gens=2
FIBSURV Sig=5 t=83/18 u=37/65
SKIPISO t=83/18 u=37/65
MWRANK u=-65/21 r=2 gens=2
FIBSURV Sig=5 t=253/85 u=-65/21
SKIPISO t=253/85 u=-65/21
MWRANK u=65/2 r=2 gens=2
FIBSURV Sig=5 t=23/55 u=65/2
SKIPISO t=23/55 u=65/2
MWRANK u=65/9 r=2 gens=2
FIBSURV Sig=5 t=-31/5 u=65/9
SKIPISO t=-31/5 u=65/9
MWRANK u=-65/11 r=1 gens=2
FIBSURV Sig=5 t=37/15 u=-65/11
SKIPISO t=37/15 u=-65/11
MWRANK u=21/65 r=2 gens=2
FIBSURV Sig=5 t=84/19 u=21/65
SKIPISO t=84/19 u=21/65
MWRANK u=-65 r=2 gens=2
FIBSURV Sig=5 t=43/35 u=-65
SKIPISO t=43/35 u=-65
MWRANK u=-65/3 r=3 gens=2
FIBSURV Sig=5 t=8/5 u=-65/3
SKIPISO t=8/5 u=-65/3
MWRANK u=-59/65 r=3 gens=2
FIBSURV Sig=5 t=89/24 u=-59/65
SKIPISO t=89/24 u=-59/65
MWRANK u=-65/23 r=3 gens=2
FIBSURV Sig=5 t=137/45 u=-65/23
SKIPISO t=137/45 u=-65/23
MWRANK u=65/53 r=2 gens=2
FIBSURV Sig=5 t=131/25 u=65/53
SKIPISO t=131/25 u=65/53
MWRANK u=65/7 r=2 gens=2
FIBSURV Sig=5 t=-41/15 u=65/7
SKIPISO t=-41/15 u=65/7
MWRANK u=-65/2 r=2 gens=2
FIBSURV Sig=5 t=107/75 u=-65/2
SKIPISO t=107/75 u=-65/2
MWRANK u=-65/43 r=2 gens=2
FIBSURV Sig=5 t=121/35 u=-65/43
SKIPISO t=121/35 u=-65/43
MWRANK u=-27/65 r=3 gens=2
FIBSURV Sig=5 t=87/22 u=-27/65
SKIPISO t=87/22 u=-27/65
MWSKIP u=65/4 bounds=[1,3]
FIBSURV Sig=5 t=-19/45 u=65/4
SKIPISO t=-19/45 u=65/4
MWRANK u=-65/4 r=2 gens=2
FIBSURV Sig=5 t=149/85 u=-65/4
SKIPISO t=149/85 u=-65/4
MWRANK u=-65/19 r=2 gens=2
FIBSURV Sig=5 t=29/10 u=-65/19
SKIPISO t=29/10 u=-65/19
MWRANK u=-65/9 r=2 gens=2
FIBSURV Sig=5 t=127/55 u=-65/9
SKIPISO t=127/55 u=-65/9
MWRANK u=65/8 r=3 gens=2
FIBSURV Sig=5 t=-103/25 u=65/8
SKIPISO t=-103/25 u=65/8
MWRANK u=-65/27 r=2 gens=2
FIBSURV Sig=5 t=79/25 u=-65/27
SKIPISO t=79/25 u=-65/27
MWRANK u=65/29 r=1 gens=2
FIBSURV Sig=5 t=34/5 u=65/29
SKIPISO t=34/5 u=65/29
MWRANK u=65/6 r=2 gens=2
FIBSURV Sig=5 t=-61/35 u=65/6
SKIPISO t=-61/35 u=65/6
MWRANK u=-65/7 r=1 gens=2
FIBSURV Sig=5 t=53/25 u=-65/7
SKIPISO t=53/25 u=-65/7
MWRANK u=-66 r=2 gens=2
FIBSURV Sig=5 t=87/71 u=-66
SKIPISO t=87/71 u=-66
MWRANK u=66 r=2 gens=2
FIBSURV Sig=5 t=45/61 u=66
SKIPISO t=45/61 u=66
MWRANK u=66/7 r=2 gens=2
FIBSURV Sig=5 t=-81/31 u=66/7
SKIPISO t=-81/31 u=66/7
MWRANK u=66/17 r=2 gens=2
FIBSURV Sig=5 t=291/19 u=66/17
SKIPISO t=291/19 u=66/17
MWRANK u=67/31 r=1 gens=2
FIBSURV Sig=5 t=73/11 u=67/31
SKIPISO t=73/11 u=67/31
MWRANK u=67/8 r=1 gens=2
FIBSURV Sig=5 t=-101/27 u=67/8
SKIPISO t=-101/27 u=67/8
MWRANK u=-17/67 r=2 gens=2
FIBSURV Sig=5 t=89/22 u=-17/67
SKIPISO t=89/22 u=-17/67
MWRANK u=67/39 r=2 gens=2
FIBSURV Sig=5 t=47/8 u=67/39
SKIPISO t=47/8 u=67/39
MWRANK u=-67/49 r=2 gens=2
FIBSURV Sig=5 t=137/39 u=-67/49
SKIPISO t=137/39 u=-67/49
MWRANK u=-65/67 r=2 gens=2
FIBSURV Sig=5 t=92/25 u=-65/67
SKIPISO t=92/25 u=-65/67
MWRANK u=63/67 r=3 gens=2
FIBSURV Sig=5 t=84/17 u=63/67
SKIPISO t=84/17 u=63/67
MWRANK u=-67/3 r=2 gens=2
FIBSURV Sig=5 t=65/41 u=-67/3
SKIPISO t=65/41 u=-67/3
MWRANK u=-33/67 r=2 gens=2
FIBSURV Sig=5 t=90/23 u=-33/67
SKIPISO t=90/23 u=-33/67
MWRANK u=67/9 r=1 gens=2
FIBSURV Sig=5 t=-61/11 u=67/9
SKIPISO t=-61/11 u=67/9
MWRANK u=-67/7 r=2 gens=2
FIBSURV Sig=5 t=107/51 u=-67/7
SKIPISO t=107/51 u=-67/7
MWRANK u=-67/5 r=1 gens=2
FIBSURV Sig=5 t=43/23 u=-67/5
SKIPISO t=43/23 u=-67/5
MWRANK u=-67/6 r=2 gens=2
MWRANK u=15/67 r=1 gens=2
FIBSURV Sig=5 t=87/20 u=15/67
SKIPISO t=87/20 u=15/67
MWRANK u=67/47 r=3 gens=2
FIBSURV Sig=5 t=115/21 u=67/47
SKIPISO t=115/21 u=67/47
MWRANK u=67/27 r=3 gens=2
FIBSURV Sig=5 t=125/17 u=67/27
SKIPISO t=125/17 u=67/27
MWRANK u=67/19 r=3 gens=2
FIBSURV Sig=5 t=83/7 u=67/19
SKIPISO t=83/7 u=67/19
MWRANK u=67/15 r=1 gens=2
FIBSURV Sig=5 t=31 u=67/15
SKIPISO t=31 u=67/15
MWRANK u=67/5 r=2 gens=2
FIBSURV Sig=5 t=-19/21 u=67/5
SKIPISO t=-19/21 u=67/5
MWRANK u=67/7 r=1 gens=2
FIBSURV Sig=5 t=-5/2 u=67/7
SKIPISO t=-5/2 u=67/7
MWRANK u=67/3 r=1 gens=2
FIBSURV Sig=5 t=1/13 u=67/3
SKIPISO t=1/13 u=67/3
MWRANK u=67/6 r=2 gens=2
FIBSURV Sig=5 t=-59/37 u=67/6
SKIPISO t=-59/37 u=67/6
MWRANK u=-1/67 r=2 gens=2
FIBSURV Sig=5 t=88/21 u=-1/67
SKIPISO t=88/21 u=-1/67
MWRANK u=-67/11 r=2 gens=2
FIBSURV Sig=5 t=149/61 u=-67/11
SKIPISO t=149/61 u=-67/11
MWRANK u=67/10 r=1 gens=2
FIBSURV Sig=5 t=-143/17 u=67/10
SKIPISO t=-143/17 u=67/10
MWRANK u=67/23 r=3 gens=2
FIBSURV Sig=5 t=26/3 u=67/23
SKIPISO t=26/3 u=67/23
MWRANK u=-67/9 r=3 gens=2
FIBSURV Sig=5 t=16/7 u=-67/9
SKIPISO t=16/7 u=-67/9
MWRANK u=-67/41 r=2 gens=2
FIBSURV Sig=5 t=58/17 u=-67/41
SKIPISO t=58/17 u=-67/41
MWRANK u=67/55 r=1 gens=2
FIBSURV Sig=5 t=68/13 u=67/55
SKIPISO t=68/13 u=67/55
MWRANK u=-49/67 r=1 gens=2
FIBSURV Sig=5 t=91/24 u=-49/67
SKIPISO t=91/24 u=-49/67
MWRANK u=47/67 r=1 gens=2
FIBSURV Sig=5 t=85/18 u=47/67
SKIPISO t=85/18 u=47/67
MWRANK u=67/4 r=1 gens=2
FIBSURV Sig=5 t=-17/47 u=67/4
SKIPISO t=-17/47 u=67/4
MWSKIP u=-67/57 bounds=[1,3]
FIBSURV Sig=5 t=79/22 u=-67/57
SKIPISO t=79/22 u=-67/57
MWRANK u=-67/33 r=1 gens=2
FIBSURV Sig=5 t=95/29 u=-67/33
SKIPISO t=95/29 u=-67/33
MWRANK u=-67/2 r=2 gens=2
FIBSURV Sig=5 t=109/77 u=-67/2
SKIPISO t=109/77 u=-67/2
MWRANK u=-67/21 r=1 gens=2
FIBSURV Sig=5 t=127/43 u=-67/21
SKIPISO t=127/43 u=-67/21
MWRANK u=-67 r=3 gens=2
FIBSURV Sig=5 t=11/9 u=-67
SKIPISO t=11/9 u=-67
MWRANK u=-67/13 r=3 gens=2
FIBSURV Sig=5 t=85/33 u=-67/13
SKIPISO t=85/33 u=-67/13
MWRANK u=-67/17 r=3 gens=2
FIBSURV Sig=5 t=53/19 u=-67/17
SKIPISO t=53/19 u=-67/17
MWRANK u=67/13 r=1 gens=2
FIBSURV Sig=5 t=-103 u=67/13
SKIPISO t=-103 u=67/13
MWRANK u=67/11 r=1 gens=2
FIBSURV Sig=5 t=-41/3 u=67/11
SKIPISO t=-41/3 u=67/11
MWRANK u=31/67 r=2 gens=2
FIBSURV Sig=5 t=86/19 u=31/67
SKIPISO t=86/19 u=31/67
MWRANK u=-67/25 r=2 gens=2
FIBSURV Sig=5 t=37/12 u=-67/25
SKIPISO t=37/12 u=-67/25
MWRANK u=67/17 r=1 gens=2
FIBSURV Sig=5 t=145/9 u=67/17
SKIPISO t=145/9 u=67/17
MWRANK u=67 r=2 gens=2
FIBSURV Sig=5 t=23/31 u=67
SKIPISO t=23/31 u=67
MWRANK u=68/3 r=2 gens=2
FIBSURV Sig=5 t=5/53 u=68/3
SKIPISO t=5/53 u=68/3
MWRANK u=-68 r=2 gens=2
FIBSURV Sig=5 t=89/73 u=-68
SKIPISO t=89/73 u=-68
MWRANK u=68/7 r=2 gens=2
FIBSURV Sig=5 t=-79/33 u=68/7
SKIPISO t=-79/33 u=68/7
MWRANK u=68/9 r=3 gens=2
FIBSURV Sig=5 t=-121/23 u=68/9
SKIPISO t=-121/23 u=68/9
MWRANK u=68 r=2 gens=2
FIBSURV Sig=5 t=47/63 u=68
SKIPISO t=47/63 u=68
MWRANK u=68/5 r=2 gens=2
FIBSURV Sig=5 t=-37/43 u=68/5
SKIPISO t=-37/43 u=68/5
MWSKIP u=-68/3 bounds=[1,2]
FIBSURV Sig=5 t=131/83 u=-68/3
SKIPISO t=131/83 u=-68/3
MWRANK u=69/19 r=2 gens=2
FIBSURV Sig=5 t=165/13 u=69/19
SKIPISO t=165/13 u=69/19
MWRANK u=69/65 r=1 gens=2
FIBSURV Sig=5 t=81/16 u=69/65
SKIPISO t=81/16 u=69/65
MWRANK u=-69/19 r=1 gens=2
FIBSURV Sig=5 t=117/41 u=-69/19
SKIPISO t=117/41 u=-69/19
MWRANK u=-69/11 r=1 gens=2
FIBSURV Sig=5 t=75/31 u=-69/11
SKIPISO t=75/31 u=-69/11
MWRANK u=69/49 r=2 gens=2
FIBSURV Sig=5 t=60/11 u=69/49
SKIPISO t=60/11 u=69/49
MWRANK u=-69/7 r=3 gens=2
FIBSURV Sig=5 t=27/13 u=-69/7
SKIPISO t=27/13 u=-69/7
MWRANK u=69/7 r=2 gens=2
FIBSURV Sig=5 t=-39/17 u=69/7
SKIPISO t=-39/17 u=69/7
MWRANK u=-69/2 r=2 gens=2
FIBSURV Sig=5 t=111/79 u=-69/2
SKIPISO t=111/79 u=-69/2
MWRANK u=-69/31 r=2 gens=2
FIBSURV Sig=5 t=45/14 u=-69/31
SKIPISO t=45/14 u=-69/31
MWRANK u=69/5 r=1 gens=2
FIBSURV Sig=5 t=-9/11 u=69/5
SKIPISO t=-9/11 u=69/5
MWRANK u=69/29 r=1 gens=2
FIBSURV Sig=5 t=135/19 u=69/29
SKIPISO t=135/19 u=69/29
MWRANK u=69/11 r=1 gens=2
FIBSURV Sig=5 t=-81/7 u=69/11
SKIPISO t=-81/7 u=69/11
MWRANK u=69/25 r=3 gens=2
FIBSURV Sig=5 t=57/7 u=69/25
SKIPISO t=57/7 u=69/25
MWRANK u=69/10 r=3 gens=2
FIBSURV Sig=5 t=-141/19 u=69/10
SKIPISO t=-141/19 u=69/10
MWRANK u=-69/47 r=2 gens=2
FIBSURV Sig=5 t=66/19 u=-69/47
SKIPISO t=66/19 u=-69/47
MWRANK u=69 r=1 gens=2
FIBSURV Sig=5 t=3/4 u=69
SKIPISO t=3/4 u=69
MWRANK u=69/13 r=2 gens=2
FIBSURV Sig=5 t=-51 u=69/13
SKIPISO t=-51 u=69/13
MWRANK u=-55/69 r=2 gens=2
FIBSURV Sig=5 t=94/25 u=-55/69
SKIPISO t=94/25 u=-55/69
MWRANK u=69/4 r=2 gens=2
FIBSURV Sig=5 t=-15/49 u=69/4
SKIPISO t=-15/49 u=69/4
MWRANK u=69/41 r=1 gens=2
FIBSURV Sig=5 t=99/17 u=69/41
SKIPISO t=99/17 u=69/41
MWRANK u=-69 r=2 gens=2
FIBSURV Sig=5 t=45/37 u=-69
SKIPISO t=45/37 u=-69
MWRANK u=25/69 r=2 gens=2
FIBSURV Sig=5 t=89/20 u=25/69
SKIPISO t=89/20 u=25/69
MWRANK u=-69/5 r=1 gens=2
FIBSURV Sig=5 t=87/47 u=-69/5
SKIPISO t=87/47 u=-69/5
MWRANK u=41/69 r=2 gens=2
FIBSURV Sig=5 t=88/19 u=41/69
SKIPISO t=88/19 u=41/69
MWRANK u=69/8 r=1 gens=2
FIBSURV Sig=5 t=-99/29 u=69/8
SKIPISO t=-99/29 u=69/8
MWRANK u=-7/69 r=1 gens=2
FIBSURV Sig=5 t=91/22 u=-7/69
SKIPISO t=91/22 u=-7/69
MWRANK u=69/2 r=2 gens=2
FIBSURV Sig=5 t=27/59 u=69/2
SKIPISO t=27/59 u=69/2
MWRANK u=-70/3 r=2 gens=2
FIBSURV Sig=5 t=133/85 u=-70/3
SKIPISO t=133/85 u=-70/3
MWRANK u=70 r=2 gens=2
FIBSURV Sig=5 t=49/65 u=70
SKIPISO t=49/65 u=70
MWRANK u=70/3 r=2 gens=2
FIBSURV Sig=5 t=7/55 u=70/3
SKIPISO t=7/55 u=70/3
MWRANK u=70/9 r=1 gens=2
FIBSURV Sig=5 t=-119/25 u=70/9
SKIPISO t=-119/25 u=70/9
MWRANK u=-70 r=2 gens=2
FIBSURV Sig=5 t=91/75 u=-70
SKIPISO t=91/75 u=-70
MWRANK u=-71/21 r=3 gens=2
FIBSURV Sig=5 t=32/11 u=-71/21
SKIPISO t=32/11 u=-71/21
MWRANK u=-71/17 r=2 gens=2
FIBSURV Sig=5 t=107/39 u=-71/17
SKIPISO t=107/39 u=-71/17
MWRANK u=-71/25 r=1 gens=2
FIBSURV Sig=5 t=149/49 u=-71/25
SKIPISO t=149/49 u=-71/25
MWRANK u=-71/29 r=2 gens=2
FIBSURV Sig=5 t=85/27 u=-71/29
SKIPISO t=85/27 u=-71/29
MWRANK u=-71 r=2 gens=2
FIBSURV Sig=5 t=23/19 u=-71
SKIPISO t=23/19 u=-71
MWRANK u=3/71 r=1 gens=2
FIBSURV Sig=5 t=93/22 u=3/71
SKIPISO t=93/22 u=3/71
MWRANK u=71/11 r=2 gens=2
FIBSURV Sig=5 t=-10 u=71/11
SKIPISO t=-10 u=71/11
MWRANK u=71/8 r=3 gens=2
FIBSURV Sig=5 t=-97/31 u=71/8
SKIPISO t=-97/31 u=71/8
MWRANK u=71/10 r=1 gens=2
FIBSURV Sig=5 t=-139/21 u=71/10
SKIPISO t=-139/21 u=71/10
MWRANK u=71/9 r=1 gens=2
FIBSURV Sig=5 t=-59/13 u=71/9
SKIPISO t=-59/13 u=71/9
MWRANK u=19/71 r=2 gens=2
FIBSURV Sig=5 t=92/21 u=19/71
SKIPISO t=92/21 u=19/71
MWRANK u=71 r=2 gens=2
FIBSURV Sig=5 t=25/33 u=71
SKIPISO t=25/33 u=71
MWRANK u=-71/5 r=2 gens=2
FIBSURV Sig=5 t=11/6 u=-71/5
SKIPISO t=11/6 u=-71/5
MWRANK u=71/59 r=2 gens=2
FIBSURV Sig=5 t=73/14 u=71/59
SKIPISO t=73/14 u=71/59
MWRANK u=-71/53 r=2 gens=2
FIBSURV Sig=5 t=74/21 u=-71/53
SKIPISO t=74/21 u=-71/53
MWRANK u=-71/2 r=2 gens=2
FIBSURV Sig=5 t=113/81 u=-71/2
SKIPISO t=113/81 u=-71/2
MWRANK u=-71/45 r=2 gens=2
FIBSURV Sig=5 t=127/37 u=-71/45
SKIPISO t=127/37 u=-71/45
MWRANK u=71/13 r=1 gens=2
FIBSURV Sig=5 t=-101/3 u=71/13
SKIPISO t=-101/3 u=71/13
MWRANK u=71/4 r=2 gens=2
FIBSURV Sig=5 t=-13/51 u=71/4
SKIPISO t=-13/51 u=71/4
MWRANK u=71/3 r=1 gens=2
FIBSURV Sig=5 t=1/7 u=71/3
SKIPISO t=1/7 u=71/3
MWRANK u=-61/71 r=1 gens=2
FIBSURV Sig=5 t=97/26 u=-61/71
SKIPISO t=97/26 u=-61/71
MWRANK u=-45/71 r=2 gens=2
FIBSURV Sig=5 t=96/25 u=-45/71
SKIPISO t=96/25 u=-45/71
MWRANK u=71/5 r=2 gens=2
FIBSURV Sig=5 t=-17/23 u=71/5
SKIPISO t=-17/23 u=71/5
MWRANK u=-13/71 r=2 gens=2
FIBSURV Sig=5 t=94/23 u=-13/71
SKIPISO t=94/23 u=-13/71
MWRANK u=-71/37 r=2 gens=2
FIBSURV Sig=5 t=53/16 u=-71/37
SKIPISO t=53/16 u=-71/37
MWRANK u=71/7 r=1 gens=2
FIBSURV Sig=5 t=-19/9 u=71/7
SKIPISO t=-19/9 u=71/7
MWRANK u=71/43 r=2 gens=2
FIBSURV Sig=5 t=52/9 u=71/43
SKIPISO t=52/9 u=71/43
MWRANK u=-71/13 r=2 gens=2
FIBSURV Sig=5 t=43/17 u=-71/13
SKIPISO t=43/17 u=-71/13
MWRANK u=35/71 r=1 gens=2
FIBSURV Sig=5 t=91/20 u=35/71
SKIPISO t=91/20 u=35/71
MWRANK u=51/71 r=2 gens=2
FIBSURV Sig=5 t=90/19 u=51/71
SKIPISO t=90/19 u=51/71
MWRANK u=-71/69 r=2 gens=2
FIBSURV Sig=5 t=95/26 u=-71/69
SKIPISO t=95/26 u=-71/69
MWRANK u=71/2 r=2 gens=2
FIBSURV Sig=5 t=29/61 u=71/2
SKIPISO t=29/61 u=71/2
MWRANK u=71/15 r=1 gens=2
FIBSURV Sig=5 t=61 u=71/15
SKIPISO t=61 u=71/15
MWRANK u=71/23 r=3 gens=2
FIBSURV Sig=5 t=103/11 u=71/23
SKIPISO t=103/11 u=71/23
MWRANK u=67/71 r=2 gens=2
FIBSURV Sig=5 t=89/18 u=67/71
SKIPISO t=89/18 u=67/71
MWRANK u=71/51 r=1 gens=2
FIBSURV Sig=5 t=125/23 u=71/51
SKIPISO t=125/23 u=71/51
MWRANK u=71/6 r=2 gens=2
FIBSURV Sig=5 t=-55/41 u=71/6
SKIPISO t=-55/41 u=71/6
MWSKIP u=-71/9 bounds=[1,3]
FIBSURV Sig=5 t=65/29 u=-71/9
SKIPISO t=65/29 u=-71/9
MWRANK u=71/27 r=1 gens=2
FIBSURV Sig=5 t=31/4 u=71/27
SKIPISO t=31/4 u=71/27
MWRANK u=71/17 r=2 gens=2
FIBSURV Sig=5 t=143/7 u=71/17
SKIPISO t=143/7 u=71/17
MWRANK u=71/31 r=3 gens=2
FIBSURV Sig=5 t=145/21 u=71/31
SKIPISO t=145/21 u=71/31
MWRANK u=71/35 r=3 gens=2
FIBSURV Sig=5 t=83/13 u=71/35
SKIPISO t=83/13 u=71/35
MWRANK u=-29/71 r=2 gens=2
FIBSURV Sig=5 t=95/24 u=-29/71
SKIPISO t=95/24 u=-29/71
MWRANK u=-72 r=2 gens=2
FIBSURV Sig=5 t=93/77 u=-72
SKIPISO t=93/77 u=-72
MWRANK u=72/5 r=2 gens=2
FIBSURV Sig=5 t=-33/47 u=72/5
SKIPISO t=-33/47 u=72/5
MWRANK u=72/7 r=4 gens=2
FIBSURV Sig=5 t=-75/37 u=72/7
SKIPISO t=-75/37 u=72/7
MWRANK u=72 r=2 gens=2
FIBSURV Sig=5 t=51/67 u=72
SKIPISO t=51/67 u=72
MWRANK u=73/25 r=3 gens=2
FIBSURV Sig=5 t=113/13 u=73/25
SKIPISO t=113/13 u=73/25
MWRANK u=73/4 r=2 gens=2
FIBSURV Sig=5 t=-11/53 u=73/4
SKIPISO t=-11/53 u=73/4
MWRANK u=73/7 r=2 gens=2
FIBSURV Sig=5 t=-37/19 u=73/7
SKIPISO t=-37/19 u=73/7
MWRANK u=73/3 r=2 gens=2
FIBSURV Sig=5 t=5/29 u=73/3
SKIPISO t=5/29 u=73/3
MWRANK u=73/13 r=2 gens=2
FIBSURV Sig=5 t=-25 u=73/13
SKIPISO t=-25 u=73/13
MWRANK u=73/17 r=1 gens=2
FIBSURV Sig=5 t=71/3 u=73/17
SKIPISO t=71/3 u=73/17
MWRANK u=-73/7 r=1 gens=2
FIBSURV Sig=5 t=55/27 u=-73/7
SKIPISO t=55/27 u=-73/7
MWRANK u=-73 r=2 gens=2
FIBSURV Sig=5 t=47/39 u=-73
SKIPISO t=47/39 u=-73
MWRANK u=73/69 r=1 gens=2
FIBSURV Sig=5 t=86/17 u=73/69
SKIPISO t=86/17 u=73/69
MWRANK u=73/8 r=2 gens=2
FIBSURV Sig=5 t=-95/33 u=73/8
SKIPISO t=-95/33 u=73/8
MWRANK u=-73/5 r=2 gens=2
FIBSURV Sig=5 t=89/49 u=-73/5
SKIPISO t=89/49 u=-73/5
MWRANK u=73/37 r=2 gens=2
FIBSURV Sig=5 t=44/7 u=73/37
SKIPISO t=44/7 u=73/37
MWRANK u=73/15 r=2 gens=2
FIBSURV Sig=5 t=121 u=73/15
SKIPISO t=121 u=73/15
MWRANK u=73/5 r=1 gens=2
FIBSURV Sig=5 t=-2/3 u=73/5
SKIPISO t=-2/3 u=73/5
MWRANK u=-73/67 r=3 gens=2
MWRANK u=73/6 r=2 gens=2
FIBSURV Sig=5 t=-53/43 u=73/6
SKIPISO t=-53/43 u=73/6
MWRANK u=73/2 r=3 gens=2
FIBSURV Sig=5 t=31/63 u=73/2
SKIPISO t=31/63 u=73/2
MWRANK u=61/73 r=2 gens=2
FIBSURV Sig=5 t=92/19 u=61/73
SKIPISO t=92/19 u=61/73
MWRANK u=-51/73 r=1 gens=2
FIBSURV Sig=5 t=99/26 u=-51/73
SKIPISO t=99/26 u=-51/73
MWRANK u=-73/3 r=1 gens=2
FIBSURV Sig=5 t=17/11 u=-73/3
SKIPISO t=17/11 u=-73/3
MWRANK u=73/10 r=2 gens=2
FIBSURV Sig=5 t=-137/23 u=73/10
SKIPISO t=-137/23 u=73/10
MWRANK u=-73/35 r=3 gens=2
FIBSURV Sig=5 t=101/31 u=-73/35
SKIPISO t=101/31 u=-73/35
MWRANK u=73/11 r=1 gens=2
FIBSURV Sig=5 t=-79/9 u=73/11
SKIPISO t=-79/9 u=73/11
MWRANK u=-73/59 r=2 gens=2
FIBSURV Sig=5 t=82/23 u=-73/59
SKIPISO t=82/23 u=-73/59
MWRANK u=-67/73 r=2 gens=2
FIBSURV Sig=5 t=100/27 u=-67/73
SKIPISO t=100/27 u=-67/73
MWRANK u=-35/73 r=2 gens=2
FIBSURV Sig=5 t=98/25 u=-35/73
SKIPISO t=98/25 u=-35/73
MWRANK u=73/29 r=1 gens=2
FIBSURV Sig=5 t=67/9 u=73/29
SKIPISO t=67/9 u=73/29
MWRANK u=-73/2 r=2 gens=2
FIBSURV Sig=5 t=115/83 u=-73/2
SKIPISO t=115/83 u=-73/2
MWRANK u=73 r=3 gens=2
FIBSURV Sig=5 t=13/17 u=73
SKIPISO t=13/17 u=73
MWRANK u=-73/19 r=3 gens=2
FIBSURV Sig=5 t=59/21 u=-73/19
SKIPISO t=59/21 u=-73/19
MWRANK u=-27/73 r=2 gens=2
FIBSURV Sig=5 t=195/49 u=-27/73
SKIPISO t=195/49 u=-27/73
MWRANK u=73/21 r=2 gens=2
FIBSURV Sig=5 t=23/2 u=73/21
SKIPISO t=23/2 u=73/21
MWRANK u=-3/73 r=3 gens=2
FIBSURV Sig=5 t=96/23 u=-3/73
SKIPISO t=96/23 u=-3/73
MWRANK u=29/73 r=2 gens=2
FIBSURV Sig=5 t=94/21 u=29/73
SKIPISO t=94/21 u=29/73
MWRANK u=73/41 r=3 gens=2
MWRANK u=-73/23 r=2 gens=2
FIBSURV Sig=5 t=139/47 u=-73/23
SKIPISO t=139/47 u=-73/23
MWRANK u=45/73 r=2 gens=2
FIBSURV Sig=5 t=93/20 u=45/73
SKIPISO t=93/20 u=45/73
MWRANK u=-73/11 r=2 gens=2
FIBSURV Sig=5 t=19/8 u=-73/11
SKIPISO t=19/8 u=-73/11
MWRANK u=-73/9 r=2 gens=2
FIBSURV Sig=5 t=131/59 u=-73/9
SKIPISO t=131/59 u=-73/9
MWRANK u=-19/73 r=1 gens=2
FIBSURV Sig=5 t=97/24 u=-19/73
SKIPISO t=97/24 u=-19/73
MWRANK u=-73/43 r=3 gens=2
FIBSURV Sig=5 t=61/18 u=-73/43
SKIPISO t=61/18 u=-73/43
MWRANK u=73/45 r=3 gens=2
FIBSURV Sig=5 t=109/19 u=73/45
SKIPISO t=109/19 u=73/45
MWRANK u=-73/15 r=1 gens=2
FIBSURV Sig=5 t=97/37 u=-73/15
SKIPISO t=97/37 u=-73/15
MWRANK u=-73/27 r=2 gens=2
FIBSURV Sig=5 t=40/13 u=-73/27
SKIPISO t=40/13 u=-73/27
MWSKIP u=73/53 bounds=[1,3]
FIBSURV Sig=5 t=65/12 u=73/53
SKIPISO t=65/12 u=73/53
MWRANK u=13/73 r=3 gens=2
FIBSURV Sig=5 t=95/22 u=13/73
SKIPISO t=95/22 u=13/73
MWRANK u=-73/51 r=2 gens=2
FIBSURV Sig=5 t=143/41 u=-73/51
SKIPISO t=143/41 u=-73/51
MWRANK u=74/9 r=1 gens=2
FIBSURV Sig=5 t=-115/29 u=74/9
SKIPISO t=-115/29 u=74/9
MWRANK u=74 r=2 gens=2
FIBSURV Sig=5 t=53/69 u=74
SKIPISO t=53/69 u=74
MWRANK u=-74 r=2 gens=2
FIBSURV Sig=5 t=95/79 u=-74
SKIPISO t=95/79 u=-74
MWRANK u=-74/3 r=2 gens=2
FIBSURV Sig=5 t=137/89 u=-74/3
SKIPISO t=137/89 u=-74/3
MWRANK u=74/3 r=2 gens=2
FIBSURV Sig=5 t=11/59 u=74/3
SKIPISO t=11/59 u=74/3
MWRANK u=74/7 r=2 gens=2
FIBSURV Sig=5 t=-73/39 u=74/7
SKIPISO t=-73/39 u=74/7
MWRANK u=74/5 r=2 gens=2
FIBSURV Sig=5 t=-31/49 u=74/5
SKIPISO t=-31/49 u=74/5
MWRANK u=-75/49 r=2 gens=2
FIBSURV Sig=5 t=69/20 u=-75/49
SKIPISO t=69/20 u=-75/49
MWRANK u=-75 r=1 gens=2
FIBSURV Sig=5 t=6/5 u=-75
SKIPISO t=6/5 u=-75
MWRANK u=75/4 r=2 gens=2
FIBSURV Sig=5 t=-9/55 u=75/4
SKIPISO t=-9/55 u=75/4
MWRANK u=-75/41 r=2 gens=2
FIBSURV Sig=5 t=117/35 u=-75/41
SKIPISO t=117/35 u=-75/41
MWRANK u=75/7 r=1 gens=2
FIBSURV Sig=5 t=-9/5 u=75/7
SKIPISO t=-9/5 u=75/7
MWRANK u=75/47 r=2 gens=2
FIBSURV Sig=5 t=57/10 u=75/47
SKIPISO t=57/10 u=75/47
MWRANK u=23/75 r=2 gens=2
FIBSURV Sig=5 t=97/22 u=23/75
SKIPISO t=97/22 u=23/75
MWRANK u=75/13 r=3 gens=2
FIBSURV Sig=5 t=-99/5 u=75/13
SKIPISO t=-99/5 u=75/13
MWRANK u=75/8 r=2 gens=2
FIBSURV Sig=5 t=-93/35 u=75/8
SKIPISO t=-93/35 u=75/8
MWRANK u=75 r=2 gens=2
FIBSURV Sig=5 t=27/35 u=75
SKIPISO t=27/35 u=75
MWRANK u=71/75 r=2 gens=2
FIBSURV Sig=5 t=94/19 u=71/75
SKIPISO t=94/19 u=71/75
MWRANK u=75/17 r=2 gens=2
FIBSURV Sig=5 t=141/5 u=75/17
SKIPISO t=141/5 u=75/17
MWRANK u=-75/13 r=1 gens=2
FIBSURV Sig=5 t=87/35 u=-75/13
SKIPISO t=87/35 u=-75/13
MWRANK u=-75/7 r=2 gens=2
FIBSURV Sig=5 t=111/55 u=-75/7
SKIPISO t=111/55 u=-75/7
MWRANK u=-41/75 r=3 gens=2
FIBSURV Sig=5 t=101/26 u=-41/75
SKIPISO t=101/26 u=-41/75
MWRANK u=7/75 r=2 gens=2
FIBSURV Sig=5 t=98/23 u=7/75
SKIPISO t=98/23 u=7/75
MWRANK u=75/31 r=1 gens=2
FIBSURV Sig=5 t=36/5 u=75/31
SKIPISO t=36/5 u=75/31
MWRANK u=-75/17 r=2 gens=2
FIBSURV Sig=5 t=27/10 u=-75/17
SKIPISO t=27/10 u=-75/17
MWRANK u=75/19 r=2 gens=2
FIBSURV Sig=5 t=81/5 u=75/19
SKIPISO t=81/5 u=75/19
MWRANK u=-75/2 r=2 gens=2
FIBSURV Sig=5 t=117/85 u=-75/2
SKIPISO t=117/85 u=-75/2
MWRANK u=75/11 r=1 gens=2
FIBSURV Sig=5 t=-39/5 u=75/11
SKIPISO t=-39/5 u=75/11
MWRANK u=-73/75 r=2 gens=2
FIBSURV Sig=5 t=103/28 u=-73/75
SKIPISO t=103/28 u=-73/75
MWRANK u=75/23 r=1 gens=2
FIBSURV Sig=5 t=51/5 u=75/23
SKIPISO t=51/5 u=75/23
MWRANK u=76/7 r=2 gens=2
FIBSURV Sig=5 t=-71/41 u=76/7
SKIPISO t=-71/41 u=76/7
MWRANK u=-76/3 r=2 gens=2
FIBSURV Sig=5 t=139/91 u=-76/3
SKIPISO t=139/91 u=-76/3
MWRANK u=76/3 r=2 gens=2
FIBSURV Sig=5 t=13/61 u=76/3
SKIPISO t=13/61 u=76/3
MWRANK u=76 r=2 gens=2
FIBSURV Sig=5 t=55/71 u=76
SKIPISO t=55/71 u=76
MWRANK u=76/5 r=4 gens=2
FIBSURV Sig=5 t=-29/51 u=76/5
SKIPISO t=-29/51 u=76/5
MWRANK u=-76 r=3 gens=2
FIBSURV Sig=5 t=97/81 u=-76
SKIPISO t=97/81 u=-76
MWRANK u=76/9 r=1 gens=2
FIBSURV Sig=5 t=-113/31 u=76/9
SKIPISO t=-113/31 u=76/9
MWRANK u=77/15 r=1 gens=2
FIBSURV Sig=5 t=-119 u=77/15
SKIPISO t=-119 u=77/15
MWRANK u=77/17 r=1 gens=2
FIBSURV Sig=5 t=35 u=77/17
SKIPISO t=35 u=77/17
MWRANK u=-77/19 r=2 gens=2
FIBSURV Sig=5 t=119/43 u=-77/19
SKIPISO t=119/43 u=-77/19
MWRANK u=-77/3 r=1 gens=2
FIBSURV Sig=5 t=35/23 u=-77/3
SKIPISO t=35/23 u=-77/3
MWRANK u=77 r=2 gens=2
FIBSURV Sig=5 t=7/9 u=77
SKIPISO t=7/9 u=77
MWRANK u=77/6 r=4 gens=2
FIBSURV Sig=5 t=-49/47 u=77/6
SKIPISO t=-49/47 u=77/6
MWRANK u=-77/5 r=2 gens=2
FIBSURV Sig=5 t=91/51 u=-77/5
SKIPISO t=91/51 u=-77/5
MWRANK u=1/77 r=1 gens=2
FIBSURV Sig=5 t=101/24 u=1/77
SKIPISO t=101/24 u=1/77
MWRANK u=-77/47 r=2 gens=2
FIBSURV Sig=5 t=133/39 u=-77/47
SKIPISO t=133/39 u=-77/47
MWRANK u=77/73 r=1 gens=2
FIBSURV Sig=5 t=91/18 u=77/73
SKIPISO t=91/18 u=77/73
MWRANK u=77/4 r=4 gens=2
FIBSURV Sig=5 t=-7/57 u=77/4
SKIPISO t=-7/57 u=77/4
MWRANK u=-77/2 r=2 gens=2
FIBSURV Sig=5 t=119/87 u=-77/2
SKIPISO t=119/87 u=-77/2
MWRANK u=17/77 r=2 gens=2
FIBSURV Sig=5 t=100/23 u=17/77
SKIPISO t=100/23 u=17/77
MWRANK u=77/2 r=2 gens=2
FIBSURV Sig=5 t=35/67 u=77/2
SKIPISO t=35/67 u=77/2
MWRANK u=77/10 r=1 gens=2
FIBSURV Sig=5 t=-133/27 u=77/10
SKIPISO t=-133/27 u=77/10
MWRANK u=-15/77 r=2 gens=2
FIBSURV Sig=5 t=102/25 u=-15/77
SKIPISO t=102/25 u=-15/77
MWRANK u=77/9 r=3 gens=2
FIBSURV Sig=5 t=-7/2 u=77/9
SKIPISO t=-7/2 u=77/9
MWRANK u=77/13 r=2 gens=2
FIBSURV Sig=5 t=-49/3 u=77/13
SKIPISO t=-49/3 u=77/13
MWRANK u=77/25 r=3 gens=2
FIBSURV Sig=5 t=28/3 u=77/25
SKIPISO t=28/3 u=77/25
MWRANK u=-31/77 r=2 gens=2
FIBSURV Sig=5 t=103/26 u=-31/77
SKIPISO t=103/26 u=-31/77
MWRANK u=77/57 r=3 gens=2
FIBSURV Sig=5 t=70/13 u=77/57
SKIPISO t=70/13 u=77/57
MWRANK u=-77/23 r=1 gens=2
FIBSURV Sig=5 t=35/12 u=-77/23
SKIPISO t=35/12 u=-77/23
MWRANK u=77/5 r=1 gens=2
FIBSURV Sig=5 t=-7/13 u=77/5
SKIPISO t=-7/13 u=77/5
MWRANK u=77/8 r=2 gens=2
FIBSURV Sig=5 t=-91/37 u=77/8
SKIPISO t=-91/37 u=77/8
MWRANK u=65/77 r=2 gens=2
FIBSURV Sig=5 t=97/20 u=65/77
SKIPISO t=97/20 u=65/77
MWRANK u=-77/71 r=2 gens=2
FIBSURV Sig=5 t=98/27 u=-77/71
SKIPISO t=98/27 u=-77/71
MWRANK u=-77/39 r=2 gens=2
FIBSURV Sig=5 t=56/17 u=-77/39
SKIPISO t=56/17 u=-77/39
MWRANK u=77/29 r=1 gens=2
FIBSURV Sig=5 t=133/17 u=77/29
SKIPISO t=133/17 u=77/29
MWRANK u=-77/15 r=2 gens=2
FIBSURV Sig=5 t=49/19 u=-77/15
SKIPISO t=49/19 u=-77/15
MWRANK u=-47/77 r=2 gens=2
FIBSURV Sig=5 t=104/27 u=-47/77
SKIPISO t=104/27 u=-47/77
MWRANK u=77/41 r=2 gens=2
FIBSURV Sig=5 t=49/8 u=77/41
SKIPISO t=49/8 u=77/41
MWRANK u=-77/31 r=2 gens=2
FIBSURV Sig=5 t=91/29 u=-77/31
SKIPISO t=91/29 u=-77/31
MWRANK u=-77 r=2 gens=2
FIBSURV Sig=5 t=49/41 u=-77
SKIPISO t=49/41 u=-77
MWRANK u=-77/9 r=2 gens=2
FIBSURV Sig=5 t=133/61 u=-77/9
SKIPISO t=133/61 u=-77/9
MWRANK u=78 r=2 gens=2
FIBSURV Sig=5 t=57/73 u=78
SKIPISO t=57/73 u=78
MWRANK u=78/7 r=2 gens=2
FIBSURV Sig=5 t=-69/43 u=78/7
SKIPISO t=-69/43 u=78/7
MWRANK u=-78 r=2 gens=2
FIBSURV Sig=5 t=99/83 u=-78
SKIPISO t=99/83 u=-78
MWRANK u=78/5 r=2 gens=2
FIBSURV Sig=5 t=-27/53 u=78/5
SKIPISO t=-27/53 u=78/5
MWRANK u=79/17 r=4 gens=2
FIBSURV Sig=5 t=139/3 u=79/17
SKIPISO t=139/3 u=79/17
MWRANK u=43/79 r=3 gens=2
FIBSURV Sig=5 t=101/22 u=43/79
SKIPISO t=101/22 u=43/79
MWRANK u=-21/79 r=2 gens=2
FIBSURV Sig=5 t=105/26 u=-21/79
SKIPISO t=105/26 u=-21/79
MWRANK u=27/79 r=2 gens=2
FIBSURV Sig=5 t=102/23 u=27/79
SKIPISO t=102/23 u=27/79
MWRANK u=-5/79 r=2 gens=2
FIBSURV Sig=5 t=104/25 u=-5/79
SKIPISO t=104/25 u=-5/79
MWRANK u=-79/13 r=2 gens=2
FIBSURV Sig=5 t=22/9 u=-79/13
SKIPISO t=22/9 u=-79/13
MWRANK u=79/3 r=3 gens=2
FIBSURV Sig=5 t=1/4 u=79/3
SKIPISO t=1/4 u=79/3
MWRANK u=-79/29 r=3 gens=2
FIBSURV Sig=5 t=43/14 u=-79/29
SKIPISO t=43/14 u=-79/29
MWRANK u=79/15 r=2 gens=2
FIBSURV Sig=5 t=-59 u=79/15
SKIPISO t=-59 u=79/15
MWRANK u=79/51 r=1 gens=2
FIBSURV Sig=5 t=62/11 u=79/51
SKIPISO t=62/11 u=79/51
MWRANK u=79/10 r=1 gens=2
FIBSURV Sig=5 t=-131/29 u=79/10
SKIPISO t=-131/29 u=79/10
MWRANK u=-69/79 r=2 gens=2
FIBSURV Sig=5 t=108/29 u=-69/79
SKIPISO t=108/29 u=-69/79
MWRANK u=79/6 r=2 gens=2
FIBSURV Sig=5 t=-47/49 u=79/6
SKIPISO t=-47/49 u=79/6
MWRANK u=79/13 r=3 gens=2
FIBSURV Sig=5 t=-97/7 u=79/13
SKIPISO t=-97/7 u=79/13
MWRANK u=-79/9 r=1 gens=2
FIBSURV Sig=5 t=67/31 u=-79/9
SKIPISO t=67/31 u=-79/9
MWRANK u=79/4 r=2 gens=2
FIBSURV Sig=5 t=-5/59 u=79/4
SKIPISO t=-5/59 u=79/4
MWRANK u=79/11 r=2 gens=2
FIBSURV Sig=5 t=-19/3 u=79/11
SKIPISO t=-19/3 u=79/11
MWRANK u=75/79 r=2 gens=2
FIBSURV Sig=5 t=99/20 u=75/79
SKIPISO t=99/20 u=75/79
MWRANK u=79/8 r=2 gens=2
FIBSURV Sig=5 t=-89/39 u=79/8
SKIPISO t=-89/39 u=79/8
MWRANK u=-79/53 r=2 gens=2
FIBSURV Sig=5 t=149/43 u=-79/53
SKIPISO t=149/43 u=-79/53
MWRANK u=-79/21 r=1 gens=2
FIBSURV Sig=5 t=65/23 u=-79/21
SKIPISO t=65/23 u=-79/21
MWRANK u=79/9 r=1 gens=2
FIBSURV Sig=5 t=-55/17 u=79/9
SKIPISO t=-55/17 u=79/9
MWRANK u=79 r=2 gens=2
FIBSURV Sig=5 t=29/37 u=79
SKIPISO t=29/37 u=79
MWRANK u=-53/79 r=2 gens=2
FIBSURV Sig=5 t=107/28 u=-53/79
SKIPISO t=107/28 u=-53/79
MWRANK u=79/23 r=2 gens=2
FIBSURV Sig=5 t=101/9 u=79/23
SKIPISO t=101/9 u=79/23
MWRANK u=79/19 r=1 gens=2
FIBSURV Sig=5 t=20 u=79/19
SKIPISO t=20 u=79/19
MWRANK u=-79/37 r=2 gens=2
FIBSURV Sig=5 t=107/33 u=-79/37
SKIPISO t=107/33 u=-79/37
MWRANK u=-79/45 r=2 gens=2
FIBSURV Sig=5 t=64/19 u=-79/45
SKIPISO t=64/19 u=-79/45
MWSKIP u=-79/3 bounds=[2,4]
FIBSURV Sig=5 t=71/47 u=-79/3
SKIPISO t=71/47 u=-79/3
MWRANK u=79/7 r=1 gens=2
FIBSURV Sig=5 t=-17/11 u=79/7
SKIPISO t=-17/11 u=79/7
MWRANK u=79/2 r=2 gens=2
FIBSURV Sig=5 t=37/69 u=79/2
SKIPISO t=37/69 u=79/2
MWRANK u=-79/17 r=2 gens=2
FIBSURV Sig=5 t=109/41 u=-79/17
SKIPISO t=109/41 u=-79/17
MWRANK u=-79/10 r=2 gens=2
MWRANK u=79/31 r=3 gens=2
FIBSURV Sig=5 t=143/19 u=79/31
SKIPISO t=143/19 u=79/31
MWRANK u=79/5 r=2 gens=2
FIBSURV Sig=5 t=-13/27 u=79/5
SKIPISO t=-13/27 u=79/5
MWRANK u=-79/61 r=1 gens=2
FIBSURV Sig=5 t=85/24 u=-79/61
SKIPISO t=85/24 u=-79/61
MWRANK u=-79/2 r=1 gens=2
FIBSURV Sig=5 t=121/89 u=-79/2
SKIPISO t=121/89 u=-79/2
MWRANK u=79/35 r=1 gens=2
FIBSURV Sig=5 t=41/6 u=79/35
SKIPISO t=41/6 u=79/35
MWRANK u=-79/7 r=4 gens=2
FIBSURV Sig=5 t=113/57 u=-79/7
SKIPISO t=113/57 u=-79/7
MWRANK u=-37/79 r=2 gens=2
FIBSURV Sig=5 t=106/27 u=-37/79
SKIPISO t=106/27 u=-37/79
MWRANK u=79/59 r=1 gens=2
FIBSURV Sig=5 t=145/27 u=79/59
SKIPISO t=145/27 u=79/59
MWRANK u=79/67 r=1 gens=2
FIBSURV Sig=5 t=83/16 u=79/67
SKIPISO t=83/16 u=79/67
MWRANK u=-79/77 r=2 gens=2
FIBSURV Sig=5 t=106/29 u=-79/77
SKIPISO t=106/29 u=-79/77
MWRANK u=79/43 r=2 gens=2
FIBSURV Sig=5 t=103/17 u=79/43
SKIPISO t=103/17 u=79/43
MWRANK u=59/79 r=2 gens=2
FIBSURV Sig=5 t=100/21 u=59/79
SKIPISO t=100/21 u=59/79
MWRANK u=79/27 r=2 gens=2
FIBSURV Sig=5 t=61/7 u=79/27
SKIPISO t=61/7 u=79/27
MWRANK u=11/79 r=2 gens=2
FIBSURV Sig=5 t=103/24 u=11/79
SKIPISO t=103/24 u=11/79
MWRANK u=-79 r=3 gens=2
FIBSURV Sig=5 t=25/21 u=-79
SKIPISO t=25/21 u=-79
MWRANK u=-80 r=2 gens=2
FIBSURV Sig=5 t=101/85 u=-80
SKIPISO t=101/85 u=-80
MWRANK u=80 r=2 gens=2
FIBSURV Sig=5 t=59/75 u=80
SKIPISO t=59/75 u=80
MWSKIP u=80/3 bounds=[2,4]
FIBSURV Sig=5 t=17/65 u=80/3
SKIPISO t=17/65 u=80/3
MWRANK u=80/7 r=1 gens=2
FIBSURV Sig=5 t=-67/45 u=80/7
SKIPISO t=-67/45 u=80/7
MWRANK u=-80/3 r=2 gens=2
FIBSURV Sig=5 t=143/95 u=-80/3
SKIPISO t=143/95 u=-80/3
MWRANK u=80/9 r=1 gens=2
FIBSURV Sig=5 t=-109/35 u=80/9
SKIPISO t=-109/35 u=80/9
MWRANK u=-81/23 r=2 gens=2
FIBSURV Sig=5 t=141/49 u=-81/23
SKIPISO t=141/49 u=-81/23
MWRANK u=81/53 r=3 gens=2
FIBSURV Sig=5 t=129/23 u=81/53
SKIPISO t=129/23 u=81/53
MWRANK u=81 r=1 gens=2
FIBSURV Sig=5 t=15/19 u=81
SKIPISO t=15/19 u=81
MWRANK u=-81/5 r=2 gens=2
FIBSURV Sig=5 t=93/53 u=-81/5
SKIPISO t=93/53 u=-81/5
MWRANK u=-11/81 r=1 gens=2
FIBSURV Sig=5 t=107/26 u=-11/81
SKIPISO t=107/26 u=-11/81
MWRANK u=-81/19 r=1 gens=2
FIBSURV Sig=5 t=30/11 u=-81/19
SKIPISO t=30/11 u=-81/19
MWRANK u=81/8 r=2 gens=2
FIBSURV Sig=5 t=-87/41 u=81/8
SKIPISO t=-87/41 u=81/8
MWRANK u=-81/11 r=1 gens=2
FIBSURV Sig=5 t=39/17 u=-81/11
SKIPISO t=39/17 u=-81/11
MWRANK u=81/25 r=3 gens=2
FIBSURV Sig=5 t=111/11 u=81/25
SKIPISO t=111/11 u=81/25
MWRANK u=-43/81 r=4 gens=2
FIBSURV Sig=5 t=109/28 u=-43/81
SKIPISO t=109/28 u=-43/81
MWRANK u=81/4 r=2 gens=2
FIBSURV Sig=5 t=-3/61 u=81/4
SKIPISO t=-3/61 u=81/4
MWRANK u=5/81 r=2 gens=2
FIBSURV Sig=5 t=106/25 u=5/81
SKIPISO t=106/25 u=5/81
MWRANK u=81/37 r=3 gens=2
FIBSURV Sig=5 t=87/13 u=81/37
SKIPISO t=87/13 u=81/37
MWRANK u=-81/43 r=2 gens=2
FIBSURV Sig=5 t=123/37 u=-81/43
SKIPISO t=123/37 u=-81/43
MWRANK u=53/81 r=3 gens=2
FIBSURV Sig=5 t=103/22 u=53/81
SKIPISO t=103/22 u=53/81
MWRANK u=81/13 r=2 gens=2
FIBSURV Sig=5 t=-12 u=81/13
SKIPISO t=-12 u=81/13
MWRANK u=81/2 r=2 gens=2
FIBSURV Sig=5 t=39/71 u=81/2
SKIPISO t=39/71 u=81/2
MWRANK u=81/29 r=1 gens=2
FIBSURV Sig=5 t=33/4 u=81/29
SKIPISO t=33/4 u=81/29
MWRANK u=81/7 r=2 gens=2
FIBSURV Sig=5 t=-33/23 u=81/7
SKIPISO t=-33/23 u=81/7
MWRANK u=81/5 r=2 gens=2
FIBSURV Sig=5 t=-3/7 u=81/5
SKIPISO t=-3/7 u=81/5
MWRANK u=81/17 r=1 gens=2
FIBSURV Sig=5 t=69 u=81/17
SKIPISO t=69 u=81/17
MWRANK u=-81/2 r=2 gens=2
FIBSURV Sig=5 t=123/91 u=-81/2
SKIPISO t=123/91 u=-81/2
MWRANK u=-59/81 r=2 gens=2
FIBSURV Sig=5 t=110/29 u=-59/81
SKIPISO t=110/29 u=-59/81
MWRANK u=37/81 r=2 gens=2
FIBSURV Sig=5 t=104/23 u=37/81
SKIPISO t=104/23 u=37/81
MWRANK u=-81 r=2 gens=2
FIBSURV Sig=5 t=51/43 u=-81
SKIPISO t=51/43 u=-81
MWRANK u=-81/7 r=1 gens=2
FIBSURV Sig=5 t=57/29 u=-81/7
SKIPISO t=57/29 u=-81/7
MWRANK u=81/10 r=1 gens=2
FIBSURV Sig=5 t=-129/31 u=81/10
SKIPISO t=-129/31 u=81/10
MWRANK u=-81/35 r=2 gens=2
FIBSURV Sig=5 t=51/16 u=-81/35
SKIPISO t=51/16 u=-81/35
MWRANK u=-81/67 r=1 gens=2
FIBSURV Sig=5 t=93/26 u=-81/67
SKIPISO t=93/26 u=-81/67
MWRANK u=81/61 r=2 gens=2
FIBSURV Sig=5 t=75/14 u=81/61
SKIPISO t=75/14 u=81/61
MWRANK u=81/11 r=1 gens=2
FIBSURV Sig=5 t=-75/13 u=81/11
SKIPISO t=-75/13 u=81/11
MWRANK u=81/77 r=1 gens=2
FIBSURV Sig=5 t=96/19 u=81/77
SKIPISO t=96/19 u=81/77
MWRANK u=82/9 r=2 gens=2
FIBSURV Sig=5 t=-107/37 u=82/9
SKIPISO t=-107/37 u=82/9
MWRANK u=-82/11 r=2 gens=2
FIBSURV Sig=5 t=313/137 u=-82/11
SKIPISO t=313/137 u=-82/11
MWRANK u=-82 r=2 gens=2
FIBSURV Sig=5 t=103/87 u=-82
SKIPISO t=103/87 u=-82
MWRANK u=82 r=3 gens=2
FIBSURV Sig=5 t=61/77 u=82
SKIPISO t=61/77 u=82
MWRANK u=82/11 r=1 gens=2
FIBSURV Sig=5 t=-149/27 u=82/11
SKIPISO t=-149/27 u=82/11
MWRANK u=82/5 r=2 gens=2
FIBSURV Sig=5 t=-23/57 u=82/5
SKIPISO t=-23/57 u=82/5
MWRANK u=82/3 r=2 gens=2
FIBSURV Sig=5 t=19/67 u=82/3
SKIPISO t=19/67 u=82/3
MWRANK u=-82/3 r=2 gens=2
FIBSURV Sig=5 t=145/97 u=-82/3
SKIPISO t=145/97 u=-82/3
MWRANK u=82/7 r=2 gens=2
FIBSURV Sig=5 t=-65/47 u=82/7
SKIPISO t=-65/47 u=82/7
MWRANK u=-83/41 r=1 gens=2
FIBSURV Sig=5 t=59/18 u=-83/41
SKIPISO t=59/18 u=-83/41
MWRANK u=83/10 r=3 gens=2
FIBSURV Sig=5 t=-127/33 u=83/10
SKIPISO t=-127/33 u=83/10
MWRANK u=83/7 r=1 gens=2
FIBSURV Sig=5 t=-4/3 u=83/7
SKIPISO t=-4/3 u=83/7
MWRANK u=79/83 r=2 gens=2
FIBSURV Sig=5 t=104/21 u=79/83
SKIPISO t=104/21 u=79/83
MWRANK u=83/6 r=2 gens=2
FIBSURV Sig=5 t=-43/53 u=83/6
SKIPISO t=-43/53 u=83/6
MWRANK u=31/83 r=1 gens=2
FIBSURV Sig=5 t=107/24 u=31/83
SKIPISO t=107/24 u=31/83
MWRANK u=63/83 r=2 gens=2
FIBSURV Sig=5 t=105/22 u=63/83
SKIPISO t=105/22 u=63/83
MWRANK u=83/8 r=2 gens=2
FIBSURV Sig=5 t=-85/43 u=83/8
SKIPISO t=-85/43 u=83/8
MWRANK u=-83/2 r=4 gens=2
FIBSURV Sig=5 t=125/93 u=-83/2
SKIPISO t=125/93 u=-83/2
MWRANK u=-83/57 r=2 gens=2
FIBSURV Sig=5 t=80/23 u=-83/57
SKIPISO t=80/23 u=-83/57
MWRANK u=-17/83 r=2 gens=2
FIBSURV Sig=5 t=110/27 u=-17/83
SKIPISO t=110/27 u=-17/83
MWRANK u=-83/33 r=2 gens=2
FIBSURV Sig=5 t=97/31 u=-83/33
SKIPISO t=97/31 u=-83/33
MWRANK u=-83/5 r=2 gens=2
FIBSURV Sig=5 t=47/27 u=-83/5
SKIPISO t=47/27 u=-83/5
MWRANK u=83/9 r=2 gens=2
FIBSURV Sig=5 t=-53/19 u=83/9
SKIPISO t=-53/19 u=83/9
MWRANK u=-49/83 r=2 gens=2
FIBSURV Sig=5 t=112/29 u=-49/83
SKIPISO t=112/29 u=-49/83
MWRANK u=83/13 r=2 gens=2
FIBSURV Sig=5 t=-95/9 u=83/13
SKIPISO t=-95/9 u=83/13
MWRANK u=83 r=2 gens=2
FIBSURV Sig=5 t=31/39 u=83
SKIPISO t=31/39 u=83
MWRANK u=-83/21 r=3 gens=2
FIBSURV Sig=5 t=131/47 u=-83/21
SKIPISO t=131/47 u=-83/21
MWRANK u=-33/83 r=2 gens=2
FIBSURV Sig=5 t=111/28 u=-33/83
SKIPISO t=111/28 u=-33/83
MWRANK u=-1/83 r=3 gens=2
FIBSURV Sig=5 t=109/26 u=-1/83
SKIPISO t=109/26 u=-1/83
MWRANK u=-83/3 r=2 gens=2
FIBSURV Sig=5 t=73/49 u=-83/3
SKIPISO t=73/49 u=-83/3
MWRANK u=-83/49 r=2 gens=2
FIBSURV Sig=5 t=139/41 u=-83/49
SKIPISO t=139/41 u=-83/49
MWRANK u=83/39 r=1 gens=2
FIBSURV Sig=5 t=46/7 u=83/39
SKIPISO t=46/7 u=83/39
MWRANK u=83/15 r=3 gens=2
FIBSURV Sig=5 t=-29 u=83/15
SKIPISO t=-29 u=83/15
MWRANK u=-81/83 r=2 gens=2
FIBSURV Sig=5 t=114/31 u=-81/83
SKIPISO t=114/31 u=-81/83
MWRANK u=-83 r=3 gens=2
FIBSURV Sig=5 t=13/11 u=-83
SKIPISO t=13/11 u=-83
MWRANK u=-83/7 r=2 gens=2
FIBSURV Sig=5 t=115/59 u=-83/7
SKIPISO t=115/59 u=-83/7
MWRANK u=83/27 r=2 gens=2
FIBSURV Sig=5 t=121/13 u=83/27
SKIPISO t=121/13 u=83/27
MWRANK u=-83/9 r=2 gens=2
FIBSURV Sig=5 t=17/8 u=-83/9
SKIPISO t=17/8 u=-83/9
MWRANK u=-83/13 r=3 gens=2
FIBSURV Sig=5 t=89/37 u=-83/13
SKIPISO t=89/37 u=-83/13
MWRANK u=83/11 r=1 gens=2
FIBSURV Sig=5 t=-37/7 u=83/11
SKIPISO t=-37/7 u=83/11
MWRANK u=83/4 r=2 gens=2
FIBSURV Sig=5 t=-1/63 u=83/4
SKIPISO t=-1/63 u=83/4
MWRANK u=83/17 r=2 gens=2
FIBSURV Sig=5 t=137 u=83/17
SKIPISO t=137 u=83/17
MWRANK u=83/19 r=1 gens=2
FIBSURV Sig=5 t=79/3 u=83/19
SKIPISO t=79/3 u=83/19
MWRANK u=83/2 r=2 gens=2
FIBSURV Sig=5 t=41/73 u=83/2
SKIPISO t=41/73 u=83/2
MWRANK u=-83/73 r=2 gens=2
FIBSURV Sig=5 t=101/28 u=-83/73
SKIPISO t=101/28 u=-83/73
MWRANK u=-83/17 r=2 gens=2
FIBSURV Sig=5 t=55/21 u=-83/17
SKIPISO t=55/21 u=-83/17
MWRANK u=15/83 r=2 gens=2
FIBSURV Sig=5 t=108/25 u=15/83
SKIPISO t=108/25 u=15/83
MWRANK u=83/47 r=2 gens=2
FIBSURV Sig=5 t=113/19 u=83/47
SKIPISO t=113/19 u=83/47
MWRANK u=83/71 r=1 gens=2
FIBSURV Sig=5 t=88/17 u=83/71
SKIPISO t=88/17 u=83/71
MWRANK u=83/23 r=2 gens=2
FIBSURV Sig=5 t=25/2 u=83/23
SKIPISO t=25/2 u=83/23
MWRANK u=83/31 r=1 gens=2
FIBSURV Sig=5 t=71/9 u=83/31
SKIPISO t=71/9 u=83/31
MWRANK u=83/3 r=3 gens=2
FIBSURV Sig=5 t=5/17 u=83/3
SKIPISO t=5/17 u=83/3
MWRANK u=47/83 r=1 gens=2
FIBSURV Sig=5 t=106/23 u=47/83
SKIPISO t=106/23 u=47/83
MWRANK u=-65/83 r=1 gens=2
FIBSURV Sig=5 t=113/30 u=-65/83
SKIPISO t=113/30 u=-65/83
MWRANK u=83/55 r=3 gens=2
FIBSURV Sig=5 t=67/12 u=83/55
SKIPISO t=67/12 u=83/55
MWRANK u=84 r=2 gens=2
FIBSURV Sig=5 t=63/79 u=84
SKIPISO t=63/79 u=84
MWRANK u=-84 r=2 gens=2
FIBSURV Sig=5 t=105/89 u=-84
SKIPISO t=105/89 u=-84
MWRANK u=84/5 r=2 gens=2
FIBSURV Sig=5 t=-21/59 u=84/5
SKIPISO t=-21/59 u=84/5
MWRANK u=84/11 r=1 gens=2
FIBSURV Sig=5 t=-147/29 u=84/11
SKIPISO t=-147/29 u=84/11
MWRANK u=-85/2 r=2 gens=2
FIBSURV Sig=5 t=127/95 u=-85/2
SKIPISO t=127/95 u=-85/2
MWRANK u=85 r=3 gens=2
FIBSURV Sig=5 t=4/5 u=85
SKIPISO t=4/5 u=85
MWRANK u=85/13 r=2 gens=2
FIBSURV Sig=5 t=-47/5 u=85/13
SKIPISO t=-47/5 u=85/13
MWRANK u=85/9 r=1 gens=2
FIBSURV Sig=5 t=-13/5 u=85/9
SKIPISO t=-13/5 u=85/9
MWRANK u=9/85 r=2 gens=2
FIBSURV Sig=5 t=111/26 u=9/85
SKIPISO t=111/26 u=9/85
MWRANK u=85/3 r=2 gens=2
FIBSURV Sig=5 t=11/35 u=85/3
SKIPISO t=11/35 u=85/3
MWRANK u=-71/85 r=2 gens=2
FIBSURV Sig=5 t=116/31 u=-71/85
SKIPISO t=116/31 u=-71/85
MWRANK u=-85/79 r=2 gens=2
FIBSURV Sig=5 t=109/30 u=-85/79
SKIPISO t=109/30 u=-85/79
MWRANK u=41/85 r=3 gens=2
FIBSURV Sig=5 t=109/24 u=41/85
SKIPISO t=109/24 u=41/85
MWRANK u=85/2 r=2 gens=2
FIBSURV Sig=5 t=43/75 u=85/2
SKIPISO t=43/75 u=85/2
MWRANK u=-85/9 r=4 gens=2
FIBSURV Sig=5 t=137/65 u=-85/9
SKIPISO t=137/65 u=-85/9
MWRANK u=85/11 r=1 gens=2
FIBSURV Sig=5 t=-73/15 u=85/11
SKIPISO t=-73/15 u=85/11
MWRANK u=-85/7 r=1 gens=2
FIBSURV Sig=5 t=29/15 u=-85/7
SKIPISO t=29/15 u=-85/7
MWRANK u=85/7 r=2 gens=2
FIBSURV Sig=5 t=-31/25 u=85/7
SKIPISO t=-31/25 u=85/7
MWSKIP u=-85 bounds=[1,3]
FIBSURV Sig=5 t=53/45 u=-85
SKIPISO t=53/45 u=-85
MWRANK u=73/85 r=3 gens=2
FIBSURV Sig=5 t=107/22 u=73/85
SKIPISO t=107/22 u=73/85
MWRANK u=-85/3 r=1 gens=2
FIBSURV Sig=5 t=37/25 u=-85/3
SKIPISO t=37/25 u=-85/3
MWRANK u=85/29 r=1 gens=2
FIBSURV Sig=5 t=131/15 u=85/29
SKIPISO t=131/15 u=85/29
MWRANK u=85/21 r=1 gens=2
FIBSURV Sig=5 t=89/5 u=85/21
SKIPISO t=89/5 u=85/21
MWRANK u=85/41 r=3 gens=2
FIBSURV Sig=5 t=97/15 u=85/41
SKIPISO t=97/15 u=85/41
MWRANK u=85/8 r=2 gens=2
FIBSURV Sig=5 t=-83/45 u=85/8
SKIPISO t=-83/45 u=85/8
MWRANK u=-85/47 r=2 gens=2
FIBSURV Sig=5 t=67/20 u=-85/47
SKIPISO t=67/20 u=-85/47
MWRANK u=-7/85 r=2 gens=2
FIBSURV Sig=5 t=112/27 u=-7/85
SKIPISO t=112/27 u=-7/85
MWSKIP u=85/6 bounds=[1,2]
FIBSURV Sig=5 t=-41/55 u=85/6
SKIPISO t=-41/55 u=85/6
MWRANK u=-23/85 r=2 gens=2
FIBSURV Sig=5 t=113/28 u=-23/85
SKIPISO t=113/28 u=-23/85
MWRANK u=85/4 r=1 gens=2
FIBSURV Sig=5 t=1/65 u=85/4
SKIPISO t=1/65 u=85/4
MWRANK u=85/57 r=1 gens=2
FIBSURV Sig=5 t=139/25 u=85/57
SKIPISO t=139/25 u=85/57
MWRANK u=-85/63 r=2 gens=2
FIBSURV Sig=5 t=88/25 u=-85/63
SKIPISO t=88/25 u=-85/63
MWRANK u=-85/39 r=3 gens=2
FIBSURV Sig=5 t=113/35 u=-85/39
SKIPISO t=113/35 u=-85/39
MWRANK u=85/33 r=1 gens=2
FIBSURV Sig=5 t=38/5 u=85/33
SKIPISO t=38/5 u=85/33
MWRANK u=85/49 r=1 gens=2
FIBSURV Sig=5 t=59/10 u=85/49
SKIPISO t=59/10 u=85/49
MWRANK u=-85/31 r=2 gens=2
FIBSURV Sig=5 t=46/15 u=-85/31
SKIPISO t=46/15 u=-85/31
MWRANK u=-85/23 r=1 gens=2
FIBSURV Sig=5 t=71/25 u=-85/23
SKIPISO t=71/25 u=-85/23
MWRANK u=85/81 r=1 gens=2
FIBSURV Sig=5 t=101/20 u=85/81
SKIPISO t=101/20 u=85/81
MWRANK u=57/85 r=2 gens=2
FIBSURV Sig=5 t=108/23 u=57/85
SKIPISO t=108/23 u=57/85
MWRANK u=-85/11 r=2 gens=2
FIBSURV Sig=5 t=79/35 u=-85/11
SKIPISO t=79/35 u=-85/11
MWRANK u=-39/85 r=1 gens=2
FIBSURV Sig=5 t=114/29 u=-39/85
SKIPISO t=114/29 u=-39/85
MWRANK u=86/7 r=2 gens=2
FIBSURV Sig=5 t=-61/51 u=86/7
SKIPISO t=-61/51 u=86/7
MWRANK u=-86 r=2 gens=2
FIBSURV Sig=5 t=107/91 u=-86
SKIPISO t=107/91 u=-86
MWRANK u=86/11 r=3 gens=2
FIBSURV Sig=5 t=-145/31 u=86/11
SKIPISO t=-145/31 u=86/11
MWRANK u=86/5 r=2 gens=2
FIBSURV Sig=5 t=-19/61 u=86/5
SKIPISO t=-19/61 u=86/5
MWRANK u=86 r=2 gens=2
FIBSURV Sig=5 t=65/81 u=86
SKIPISO t=65/81 u=86
MWRANK u=86/9 r=2 gens=2
FIBSURV Sig=5 t=-103/41 u=86/9
SKIPISO t=-103/41 u=86/9
MWSKIP u=86/3 bounds=[1,2]
FIBSURV Sig=5 t=23/71 u=86/3
SKIPISO t=23/71 u=86/3
MWRANK u=-86/3 r=2 gens=2
FIBSURV Sig=5 t=149/101 u=-86/3
SKIPISO t=149/101 u=-86/3
MWRANK u=87/7 r=1 gens=2
FIBSURV Sig=5 t=-15/13 u=87/7
SKIPISO t=-15/13 u=87/7
MWRANK u=-87/5 r=1 gens=2
FIBSURV Sig=5 t=12/7 u=-87/5
SKIPISO t=12/7 u=-87/5
MWSKIP u=19/87 bounds=[1,3]
FIBSURV Sig=5 t=113/26 u=19/87
SKIPISO t=113/26 u=19/87
MWRANK u=-77/87 r=3 gens=2
FIBSURV Sig=5 t=119/32 u=-77/87
SKIPISO t=119/32 u=-77/87
MWRANK u=-87/7 r=2 gens=2
FIBSURV Sig=5 t=117/61 u=-87/7
SKIPISO t=117/61 u=-87/7
MWRANK u=-87/37 r=2 gens=2
FIBSURV Sig=5 t=54/17 u=-87/37
SKIPISO t=54/17 u=-87/37
MWRANK u=87/17 r=1 gens=2
FIBSURV Sig=5 t=-135 u=87/17
SKIPISO t=-135 u=87/17
MWRANK u=87/8 r=2 gens=2
FIBSURV Sig=5 t=-81/47 u=87/8
SKIPISO t=-81/47 u=87/8
MWRANK u=87 r=2 gens=2
FIBSURV Sig=5 t=33/41 u=87
SKIPISO t=33/41 u=87
MWRANK u=67/87 r=2 gens=2
FIBSURV Sig=5 t=110/23 u=67/87
SKIPISO t=110/23 u=67/87
MWRANK u=-87 r=2 gens=2
FIBSURV Sig=5 t=27/23 u=-87
SKIPISO t=27/23 u=-87
MWRANK u=87/11 r=1 gens=2
FIBSURV Sig=5 t=-9/2 u=87/11
SKIPISO t=-9/2 u=87/11
MWRANK u=-87/85 r=2 gens=2
FIBSURV Sig=5 t=117/32 u=-87/85
SKIPISO t=117/32 u=-87/85
MWRANK u=35/87 r=2 gens=2
FIBSURV Sig=5 t=112/25 u=35/87
SKIPISO t=112/25 u=35/87
MWRANK u=-87/17 r=3 gens=2
FIBSURV Sig=5 t=111/43 u=-87/17
SKIPISO t=111/43 u=-87/17
MWRANK u=83/87 r=3 gens=2
FIBSURV Sig=5 t=109/22 u=83/87
SKIPISO t=109/22 u=83/87
MWRANK u=87/5 r=2 gens=2
FIBSURV Sig=5 t=-9/31 u=87/5
SKIPISO t=-9/31 u=87/5
MWRANK u=-61/87 r=2 gens=2
FIBSURV Sig=5 t=118/31 u=-61/87
SKIPISO t=118/31 u=-61/87
MWRANK u=87/43 r=1 gens=2
FIBSURV Sig=5 t=51/8 u=87/43
SKIPISO t=51/8 u=87/43
MWRANK u=87/4 r=2 gens=2
FIBSURV Sig=5 t=3/67 u=87/4
SKIPISO t=3/67 u=87/4
MWRANK u=-87/2 r=2 gens=2
FIBSURV Sig=5 t=129/97 u=-87/2
SKIPISO t=129/97 u=-87/2
MWRANK u=87/19 r=1 gens=2
FIBSURV Sig=5 t=39 u=87/19
SKIPISO t=39 u=87/19
MWRANK u=87/13 r=1 gens=2
FIBSURV Sig=5 t=-93/11 u=87/13
SKIPISO t=-93/11 u=87/13
MWRANK u=87/10 r=1 gens=2
FIBSURV Sig=5 t=-123/37 u=87/10
SKIPISO t=-123/37 u=87/10
MWRANK u=-13/87 r=2 gens=2
FIBSURV Sig=5 t=115/28 u=-13/87
SKIPISO t=115/28 u=-13/87
MWRANK u=87/31 r=1 gens=2
FIBSURV Sig=5 t=141/17 u=87/31
SKIPISO t=141/17 u=87/31
MWRANK u=87/35 r=3 gens=2
FIBSURV Sig=5 t=81/11 u=87/35
SKIPISO t=81/11 u=87/35
MWRANK u=-87/53 r=3 gens=2
FIBSURV Sig=5 t=75/22 u=-87/53
SKIPISO t=75/22 u=-87/53
MWRANK u=87/2 r=2 gens=2
FIBSURV Sig=5 t=45/77 u=87/2
SKIPISO t=45/77 u=87/2
MWRANK u=-87/13 r=3 gens=2
FIBSURV Sig=5 t=45/19 u=-87/13
SKIPISO t=45/19 u=-87/13
MWRANK u=87/59 r=1 gens=2
FIBSURV Sig=5 t=72/13 u=87/59
SKIPISO t=72/13 u=87/59
MWRANK u=88/5 r=1 gens=2
FIBSURV Sig=5 t=-17/63 u=88/5
SKIPISO t=-17/63 u=88/5
MWRANK u=88/7 r=1 gens=2
FIBSURV Sig=5 t=-59/53 u=88/7
SKIPISO t=-59/53 u=88/7
MWRANK u=-88 r=2 gens=2
FIBSURV Sig=5 t=109/93 u=-88
SKIPISO t=109/93 u=-88
MWRANK u=88/3 r=2 gens=2
FIBSURV Sig=5 t=25/73 u=88/3
SKIPISO t=25/73 u=88/3
MWRANK u=88 r=2 gens=2
FIBSURV Sig=5 t=67/83 u=88
SKIPISO t=67/83 u=88
MWRANK u=88/9 r=2 gens=2
FIBSURV Sig=5 t=-101/43 u=88/9
SKIPISO t=-101/43 u=88/9
MWRANK u=-88/9 r=2 gens=2
MWRANK u=-89/59 r=1 gens=2
FIBSURV Sig=5 t=83/24 u=-89/59
SKIPISO t=83/24 u=-89/59
MWRANK u=89/61 r=1 gens=2
FIBSURV Sig=5 t=149/27 u=89/61
SKIPISO t=149/27 u=89/61
MWRANK u=-67/89 r=1 gens=2
FIBSURV Sig=5 t=121/32 u=-67/89
SKIPISO t=121/32 u=-67/89
MWRANK u=89/37 r=2 gens=2
FIBSURV Sig=5 t=43/6 u=89/37
SKIPISO t=43/6 u=89/37
MWRANK u=-89/3 r=1 gens=2
FIBSURV Sig=5 t=19/13 u=-89/3
SKIPISO t=19/13 u=-89/3
MWRANK u=-19/89 r=2 gens=2
FIBSURV Sig=5 t=118/29 u=-19/89
SKIPISO t=118/29 u=-19/89
MWRANK u=-89 r=2 gens=2
FIBSURV Sig=5 t=55/47 u=-89
SKIPISO t=55/47 u=-89
MWRANK u=89/21 r=3 gens=2
FIBSURV Sig=5 t=22 u=89/21
SKIPISO t=22 u=89/21
MWRANK u=89/45 r=2 gens=2
FIBSURV Sig=5 t=107/17 u=89/45
SKIPISO t=107/17 u=89/45
MWRANK u=89/2 r=2 gens=2
FIBSURV Sig=5 t=47/79 u=89/2
SKIPISO t=47/79 u=89/2
MWRANK u=89/53 r=1 gens=2
FIBSURV Sig=5 t=64/11 u=89/53
SKIPISO t=64/11 u=89/53
MWRANK u=-89/19 r=1 gens=2
FIBSURV Sig=5 t=61/23 u=-89/19
SKIPISO t=61/23 u=-89/19
MWRANK u=-3/89 r=2 gens=2
FIBSURV Sig=5 t=117/28 u=-3/89
SKIPISO t=117/28 u=-3/89
MWRANK u=89/15 r=1 gens=2
FIBSURV Sig=5 t=-113/7 u=89/15
SKIPISO t=-113/7 u=89/15
MWRANK u=89/69 r=3 gens=2
FIBSURV Sig=5 t=85/16 u=89/69
SKIPISO t=85/16 u=89/69
MWRANK u=-89/2 r=1 gens=2
FIBSURV Sig=5 t=131/99 u=-89/2
SKIPISO t=131/99 u=-89/2
MWRANK u=89/29 r=1 gens=2
FIBSURV Sig=5 t=65/7 u=89/29
SKIPISO t=65/7 u=89/29
MWRANK u=89/25 r=2 gens=2
FIBSURV Sig=5 t=109/9 u=89/25
SKIPISO t=109/9 u=89/25
MWRANK u=89/4 r=2 gens=2
FIBSURV Sig=5 t=5/69 u=89/4
SKIPISO t=5/69 u=89/4
MWRANK u=-89/43 r=2 gens=2
FIBSURV Sig=5 t=62/19 u=-89/43
SKIPISO t=62/19 u=-89/43
MWRANK u=-89/15 r=2 gens=2
FIBSURV Sig=5 t=101/41 u=-89/15
SKIPISO t=101/41 u=-89/15
MWRANK u=89/6 r=2 gens=2
FIBSURV Sig=5 t=-37/59 u=89/6
SKIPISO t=-37/59 u=89/6
MWRANK u=-89/23 r=1 gens=2
FIBSURV Sig=5 t=143/51 u=-89/23
SKIPISO t=143/51 u=-89/23
MWRANK u=-89/35 r=2 gens=2
FIBSURV Sig=5 t=103/33 u=-89/35
SKIPISO t=103/33 u=-89/35
MWRANK u=89/17 r=1 gens=2
FIBSURV Sig=5 t=-67 u=89/17
SKIPISO t=-67 u=89/17
MWRANK u=89/11 r=1 gens=2
FIBSURV Sig=5 t=-71/17 u=89/11
SKIPISO t=-71/17 u=89/11
MWRANK u=13/89 r=2 gens=2
FIBSURV Sig=5 t=116/27 u=13/89
SKIPISO t=116/27 u=13/89
MWSKIP u=-35/89 bounds=[1,3]
FIBSURV Sig=5 t=119/30 u=-35/89
SKIPISO t=119/30 u=-35/89
MWRANK u=29/89 r=3 gens=2
FIBSURV Sig=5 t=115/26 u=29/89
SKIPISO t=115/26 u=29/89
MWRANK u=-51/89 r=2 gens=2
FIBSURV Sig=5 t=120/31 u=-51/89
SKIPISO t=120/31 u=-51/89
MWRANK u=77/89 r=2 gens=2
FIBSURV Sig=5 t=112/23 u=77/89
SKIPISO t=112/23 u=77/89
MWRANK u=-89/11 r=1 gens=2
FIBSURV Sig=5 t=20/9 u=-89/11
SKIPISO t=20/9 u=-89/11
MWRANK u=-89/51 r=2 gens=2
FIBSURV Sig=5 t=145/43 u=-89/51
SKIPISO t=145/43 u=-89/51
MWRANK u=-83/89 r=2 gens=2
FIBSURV Sig=5 t=122/33 u=-83/89
SKIPISO t=122/33 u=-83/89
MWRANK u=89/7 r=2 gens=2
FIBSURV Sig=5 t=-29/27 u=89/7
SKIPISO t=-29/27 u=89/7
MWRANK u=-89/9 r=2 gens=2
FIBSURV Sig=5 t=139/67 u=-89/9
SKIPISO t=139/67 u=-89/9
MWRANK u=89/85 r=1 gens=2
FIBSURV Sig=5 t=106/21 u=89/85
SKIPISO t=106/21 u=89/85
MWRANK u=89/10 r=3 gens=2
FIBSURV Sig=5 t=-121/39 u=89/10
SKIPISO t=-121/39 u=89/10
MWRANK u=89 r=3 gens=2
FIBSURV Sig=5 t=17/21 u=89
SKIPISO t=17/21 u=89
MWRANK u=45/89 r=1 gens=2
FIBSURV Sig=5 t=114/25 u=45/89
SKIPISO t=114/25 u=45/89
MWRANK u=-89/7 r=2 gens=2
FIBSURV Sig=5 t=59/31 u=-89/7
SKIPISO t=59/31 u=-89/7
MWRANK u=61/89 r=3 gens=2
FIBSURV Sig=5 t=113/24 u=61/89
SKIPISO t=113/24 u=61/89
MWRANK u=-89/27 r=2 gens=2
FIBSURV Sig=5 t=41/14 u=-89/27
SKIPISO t=41/14 u=-89/27
MWRANK u=-89/5 r=2 gens=2
FIBSURV Sig=5 t=97/57 u=-89/5
SKIPISO t=97/57 u=-89/5
MWRANK u=-89/75 r=2 gens=2
FIBSURV Sig=5 t=104/29 u=-89/75
SKIPISO t=104/29 u=-89/75
MWRANK u=89/9 r=1 gens=2
FIBSURV Sig=5 t=-25/11 u=89/9
SKIPISO t=-25/11 u=89/9
MWRANK u=89/8 r=2 gens=2
FIBSURV Sig=5 t=-79/49 u=89/8
SKIPISO t=-79/49 u=89/8
MWRANK u=89/13 r=1 gens=2
FIBSURV Sig=5 t=-23/3 u=89/13
SKIPISO t=-23/3 u=89/13
MWRANK u=-90 r=2 gens=2
FIBSURV Sig=5 t=111/95 u=-90
SKIPISO t=111/95 u=-90
MWRANK u=90/7 r=1 gens=2
FIBSURV Sig=5 t=-57/55 u=90/7
SKIPISO t=-57/55 u=90/7
MWRANK u=90/11 r=3 gens=2
FIBSURV Sig=5 t=-141/35 u=90/11
SKIPISO t=-141/35 u=90/11
MWRANK u=90 r=2 gens=2
FIBSURV Sig=5 t=69/85 u=90
SKIPISO t=69/85 u=90
MWRANK u=-25/91 r=3 gens=2
FIBSURV Sig=5 t=121/30 u=-25/91
SKIPISO t=121/30 u=-25/91
MWRANK u=91/2 r=1 gens=2
FIBSURV Sig=5 t=49/81 u=91/2
SKIPISO t=49/81 u=91/2
MWSKIP u=-91/3 bounds=[1,2]
FIBSURV Sig=5 t=77/53 u=-91/3
SKIPISO t=77/53 u=-91/3
MWRANK u=-57/91 r=2 gens=2
FIBSURV Sig=5 t=123/32 u=-57/91
SKIPISO t=123/32 u=-57/91
MWRANK u=91/19 r=1 gens=2
FIBSURV Sig=5 t=77 u=91/19
SKIPISO t=77 u=91/19
MWRANK u=91/3 r=1 gens=2
FIBSURV Sig=5 t=7/19 u=91/3
SKIPISO t=7/19 u=91/3
MWRANK u=-91 r=2 gens=2
FIBSURV Sig=5 t=7/6 u=-91
SKIPISO t=7/6 u=-91
MWRANK u=91/10 r=1 gens=2
FIBSURV Sig=5 t=-119/41 u=91/10
SKIPISO t=-119/41 u=91/10
MWSKIP u=-91/2 bounds=[1,2]
FIBSURV Sig=5 t=133/101 u=-91/2
SKIPISO t=133/101 u=-91/2
MWRANK u=55/91 r=2 gens=2
FIBSURV Sig=5 t=116/25 u=55/91
SKIPISO t=116/25 u=55/91
MWRANK u=23/91 r=2 gens=2
FIBSURV Sig=5 t=118/27 u=23/91
SKIPISO t=118/27 u=23/91
MWSKIP u=91 bounds=[1,3]
FIBSURV Sig=5 t=35/43 u=91
SKIPISO t=35/43 u=91
MWRANK u=-91/81 r=2 gens=2
FIBSURV Sig=5 t=112/31 u=-91/81
SKIPISO t=112/31 u=-91/81
MWRANK u=-91/5 r=1 gens=2
FIBSURV Sig=5 t=49/29 u=-91/5
SKIPISO t=49/29 u=-91/5
MWRANK u=-91/17 r=1 gens=2
FIBSURV Sig=5 t=28/11 u=-91/17
SKIPISO t=28/11 u=-91/17
MWRANK u=91/5 r=2 gens=2
FIBSURV Sig=5 t=-7/33 u=91/5
SKIPISO t=-7/33 u=91/5
MWRANK u=-9/91 r=2 gens=2
FIBSURV Sig=5 t=120/29 u=-9/91
SKIPISO t=120/29 u=-9/91
MWRANK u=91/27 r=1 gens=2
FIBSURV Sig=5 t=119/11 u=91/27
SKIPISO t=119/11 u=91/27
MWRANK u=-73/91 r=2 gens=2
FIBSURV Sig=5 t=124/33 u=-73/91
SKIPISO t=124/33 u=-73/91
MWRANK u=91/15 r=2 gens=2
FIBSURV Sig=5 t=-14 u=91/15
SKIPISO t=-14 u=91/15
MWRANK u=87/91 r=2 gens=2
FIBSURV Sig=5 t=114/23 u=87/91
SKIPISO t=114/23 u=87/91
MWRANK u=91/9 r=2 gens=2
FIBSURV Sig=5 t=-49/23 u=91/9
SKIPISO t=-49/23 u=91/9
MWRANK u=91/6 r=2 gens=2
FIBSURV Sig=5 t=-35/61 u=91/6
SKIPISO t=-35/61 u=91/6
MWRANK u=91/4 r=2 gens=2
FIBSURV Sig=5 t=7/71 u=91/4
SKIPISO t=7/71 u=91/4
MWSKIP u=-89/91 bounds=[2,4]
FIBSURV Sig=5 t=125/34 u=-89/91
SKIPISO t=125/34 u=-89/91
MWRANK u=91/55 r=2 gens=2
FIBSURV Sig=5 t=133/23 u=91/55
SKIPISO t=133/23 u=91/55
MWRANK u=-91/33 r=2 gens=2
FIBSURV Sig=5 t=49/16 u=-91/33
SKIPISO t=49/16 u=-91/33
MWRANK u=91/17 r=1 gens=2
FIBSURV Sig=5 t=-133/3 u=91/17
SKIPISO t=-133/3 u=91/17
MWRANK u=71/91 r=1 gens=2
FIBSURV Sig=5 t=115/24 u=71/91
SKIPISO t=115/24 u=71/91
MWRANK u=-91/9 r=1 gens=2
FIBSURV Sig=5 t=35/17 u=-91/9
SKIPISO t=35/17 u=-91/9
MWRANK u=91/11 r=1 gens=2
FIBSURV Sig=5 t=-35/9 u=91/11
SKIPISO t=-35/9 u=91/11
MWRANK u=91/23 r=2 gens=2
FIBSURV Sig=5 t=49/3 u=91/23
SKIPISO t=49/3 u=91/23
MWRANK u=91/8 r=2 gens=2
FIBSURV Sig=5 t=-77/51 u=91/8
SKIPISO t=-77/51 u=91/8
MWRANK u=91/79 r=1 gens=2
FIBSURV Sig=5 t=98/19 u=91/79
SKIPISO t=98/19 u=91/79
MWRANK u=-91/41 r=1 gens=2
FIBSURV Sig=5 t=119/37 u=-91/41
SKIPISO t=119/37 u=-91/41
MWRANK u=91/47 r=1 gens=2
FIBSURV Sig=5 t=56/9 u=91/47
SKIPISO t=56/9 u=91/47
MWRANK u=-41/91 r=2 gens=2
FIBSURV Sig=5 t=122/31 u=-41/91
SKIPISO t=122/31 u=-41/91
MWRANK u=-91/25 r=1 gens=2
FIBSURV Sig=5 t=77/27 u=-91/25
SKIPISO t=77/27 u=-91/25
MWRANK u=91/31 r=3 gens=2
FIBSURV Sig=5 t=35/4 u=91/31
SKIPISO t=35/4 u=91/31
MWRANK u=92/3 r=2 gens=2
FIBSURV Sig=5 t=29/77 u=92/3
SKIPISO t=29/77 u=92/3
MWRANK u=92/11 r=1 gens=2
FIBSURV Sig=5 t=-139/37 u=92/11
SKIPISO t=-139/37 u=92/11
MWRANK u=-92 r=2 gens=2
FIBSURV Sig=5 t=113/97 u=-92
SKIPISO t=113/97 u=-92
MWRANK u=92/5 r=2 gens=2
FIBSURV Sig=5 t=-13/67 u=92/5
SKIPISO t=-13/67 u=92/5
MWRANK u=92 r=2 gens=2
FIBSURV Sig=5 t=71/87 u=92
SKIPISO t=71/87 u=92
MWRANK u=92/9 r=2 gens=2
FIBSURV Sig=5 t=-97/47 u=92/9
SKIPISO t=-97/47 u=92/9
MWRANK u=92/7 r=2 gens=2
FIBSURV Sig=5 t=-55/57 u=92/7
SKIPISO t=-55/57 u=92/7
MWRANK u=-93/5 r=2 gens=2
FIBSURV Sig=5 t=99/59 u=-93/5
SKIPISO t=99/59 u=-93/5
MWRANK u=93/89 r=2 gens=2
FIBSURV Sig=5 t=111/22 u=93/89
SKIPISO t=111/22 u=93/89
MWRANK u=93/17 r=2 gens=2
FIBSURV Sig=5 t=-33 u=93/17
SKIPISO t=-33 u=93/17
MWRANK u=1/93 r=2 gens=2
FIBSURV Sig=5 t=122/29 u=1/93
SKIPISO t=122/29 u=1/93
MWRANK u=93/10 r=2 gens=2
FIBSURV Sig=5 t=-117/43 u=93/10
SKIPISO t=-117/43 u=93/10
MWRANK u=93/8 r=2 gens=2
FIBSURV Sig=5 t=-75/53 u=93/8
SKIPISO t=-75/53 u=93/8
MWRANK u=93/5 r=2 gens=2
FIBSURV Sig=5 t=-3/17 u=93/5
SKIPISO t=-3/17 u=93/5
MWRANK u=-93 r=2 gens=2
FIBSURV Sig=5 t=57/49 u=-93
SKIPISO t=57/49 u=-93
MWRANK u=93/4 r=2 gens=2
FIBSURV Sig=5 t=9/73 u=93/4
SKIPISO t=9/73 u=93/4
MWRANK u=-93/23 r=1 gens=2
FIBSURV Sig=5 t=36/13 u=-93/23
SKIPISO t=36/13 u=-93/23
MWRANK u=-93/47 r=2 gens=2
FIBSURV Sig=5 t=135/41 u=-93/47
SKIPISO t=135/41 u=-93/47
MWRANK u=-93/19 r=1 gens=2
FIBSURV Sig=5 t=123/47 u=-93/19
SKIPISO t=123/47 u=-93/19
MWSKIP u=49/93 bounds=[1,2]
FIBSURV Sig=5 t=119/26 u=49/93
SKIPISO t=119/26 u=49/93
MWSKIP u=17/93 bounds=[2,4]
FIBSURV Sig=5 t=121/28 u=17/93
SKIPISO t=121/28 u=17/93
TIMECAP 3600 s at fiber 1832/3072
SEARCH_DONE 2266sigfib Sig=5 Org=1 fibers=3072 proc=1831 mwskip=29 rank0=0 rankpos=1802 surv=1818 deck=1818 funneled=0 curves=0 aborts=0 known=0 hits=0 fails=0 3616.930 s
