Loading "split_lab.m"
VERIFY E26: 3/3
FIBER LANE Sig=4 sg=[ 1, 3, 2 ] Org=1 Test=3 H=150 HU=40
JOIN Sig=4 drop=3 matches=5328 fibers=5167
SWEEP HU=40 fibers-with-points=115 pts=212 infsq-fibers=10 0.450 s
FIBERS Sig=4 total=5188 multi=190
MWRANK u=-1 r=1 gens=2
FIBSURV Sig=4 t=7/3 u=-1
SKIPISO t=7/3 u=-1
MWRANK u=2 r=1 gens=2
FIBSURV Sig=4 t=-1/3 u=2
SKIPISO t=-1/3 u=2
MWRANK u=-1/2 r=2 gens=2
FIBSURV Sig=4 t=23/11 u=-1/2
SKIPISO t=23/11 u=-1/2
MWRANK u=3/2 r=1 gens=2
FIBSURV Sig=4 t=3/7 u=3/2
SKIPISO t=3/7 u=3/2
MWRANK u=1/3 r=2 gens=2
FIBSURV Sig=4 t=11/7 u=1/3
SKIPISO t=11/7 u=1/3
MWRANK u=-3/2 r=2 gens=2
FIBSURV Sig=4 t=33/13 u=-3/2
SKIPISO t=33/13 u=-3/2
MWRANK u=4 r=2 gens=2
FIBSURV Sig=4 t=-11 u=4
SKIPISO t=-11 u=4
MWRANK u=-1/4 r=3 gens=2
FIBSURV Sig=4 t=41/21 u=-1/4
SKIPISO t=41/21 u=-1/4
MWRANK u=-4 r=2 gens=2
FIBSURV Sig=4 t=29/9 u=-4
SKIPISO t=29/9 u=-4
MWRANK u=-5/3 r=2 gens=2
FIBSURV Sig=4 t=13/5 u=-5/3
SKIPISO t=13/5 u=-5/3
MWRANK u=-3/5 r=2 gens=2
FIBSURV Sig=4 t=15/7 u=-3/5
SKIPISO t=15/7 u=-3/5
MWRANK u=5/2 r=2 gens=2
FIBSURV Sig=4 t=-7/5 u=5/2
SKIPISO t=-7/5 u=5/2
MWRANK u=-1/5 r=3 gens=2
FIBSURV Sig=4 t=25/13 u=-1/5
SKIPISO t=25/13 u=-1/5
MWRANK u=6 r=1 gens=2
FIBSURV Sig=4 t=21 u=6
SKIPISO t=21 u=6
MWRANK u=5/6 r=2 gens=2
FIBSURV Sig=4 t=29/25 u=5/6
SKIPISO t=29/25 u=5/6
MWRANK u=-6 r=2 gens=2
FIBSURV Sig=4 t=39/11 u=-6
SKIPISO t=39/11 u=-6
MWRANK u=7/3 r=1 gens=2
FIBSURV Sig=4 t=-1 u=7/3
SKIPISO t=-1 u=7/3
MWRANK u=-7/2 r=3 gens=2
FIBSURV Sig=4 t=53/17 u=-7/2
SKIPISO t=53/17 u=-7/2
MWRANK u=7/2 r=1 gens=2
FIBSURV Sig=4 t=-17/3 u=7/2
SKIPISO t=-17/3 u=7/2
MWRANK u=-7 r=1 gens=2
FIBSURV Sig=4 t=11/3 u=-7
SKIPISO t=11/3 u=-7
MWRANK u=-5/7 r=3 gens=2
FIBSURV Sig=4 t=11/5 u=-5/7
SKIPISO t=11/5 u=-5/7
MWRANK u=1/8 r=2 gens=2
FIBSURV Sig=4 t=67/39 u=1/8
SKIPISO t=67/39 u=1/8
MWRANK u=-9 r=2 gens=2
FIBSURV Sig=4 t=27/7 u=-9
SKIPISO t=27/7 u=-9
MWRANK u=10 r=3 gens=2
FIBSURV Sig=4 t=41/5 u=10
SKIPISO t=41/5 u=10
MWRANK u=-10 r=2 gens=2
FIBSURV Sig=4 t=59/15 u=-10
SKIPISO t=59/15 u=-10
MWRANK u=-11/9 r=2 gens=2
FIBSURV Sig=4 t=17/7 u=-11/9
SKIPISO t=17/7 u=-11/9
MWRANK u=-11 r=2 gens=2
FIBSURV Sig=4 t=4 u=-11
SKIPISO t=4 u=-11
MWRANK u=11/7 r=2 gens=2
FIBSURV Sig=4 t=1/3 u=11/7
SKIPISO t=1/3 u=11/7
MWRANK u=-11/2 r=3 gens=2
FIBSURV Sig=4 t=73/21 u=-11/2
SKIPISO t=73/21 u=-11/2
MWRANK u=11 r=1 gens=2
FIBSURV Sig=4 t=23/3 u=11
SKIPISO t=23/3 u=11
MWRANK u=11/5 r=3 gens=2
FIBSURV Sig=4 t=-5/7 u=11/5
SKIPISO t=-5/7 u=11/5
MWRANK u=-3/13 r=2 gens=2
FIBSURV Sig=4 t=33/17 u=-3/13
SKIPISO t=33/17 u=-3/13
MWRANK u=13/4 r=2 gens=2
FIBSURV Sig=4 t=-29/7 u=13/4
SKIPISO t=-29/7 u=13/4
MWRANK u=3/13 r=3 gens=2
FIBSURV Sig=4 t=51/31 u=3/13
SKIPISO t=51/31 u=3/13
MWRANK u=-13/2 r=2 gens=2
FIBSURV Sig=4 t=83/23 u=-13/2
SKIPISO t=83/23 u=-13/2
MWRANK u=-11/13 r=2 gens=2
FIBSURV Sig=4 t=43/19 u=-11/13
SKIPISO t=43/19 u=-11/13
MWRANK u=-13/4 r=2 gens=2
FIBSURV Sig=4 t=101/33 u=-13/4
SKIPISO t=101/33 u=-13/4
MWRANK u=9/13 r=3 gens=2
FIBSURV Sig=4 t=9/7 u=9/13
SKIPISO t=9/7 u=9/13
MWRANK u=13/8 r=3 gens=2
FIBSURV Sig=4 t=7/27 u=13/8
SKIPISO t=7/27 u=13/8
MWRANK u=13/5 r=2 gens=2
FIBSURV Sig=4 t=-5/3 u=13/5
SKIPISO t=-5/3 u=13/5
MWRANK u=13/2 r=2 gens=2
FIBSURV Sig=4 t=47/3 u=13/2
SKIPISO t=47/3 u=13/2
MWRANK u=-15 r=1 gens=2
FIBSURV Sig=4 t=21/5 u=-15
SKIPISO t=21/5 u=-15
MWRANK u=15/8 r=2 gens=2
FIBSURV Sig=4 t=-3/25 u=15/8
SKIPISO t=-3/25 u=15/8
MWRANK u=15/2 r=2 gens=2
FIBSURV Sig=4 t=57/5 u=15/2
SKIPISO t=57/5 u=15/2
MWRANK u=-15/2 r=1 gens=2
FIBSURV Sig=4 t=93/25 u=-15/2
SKIPISO t=93/25 u=-15/2
MWRANK u=15/7 r=2 gens=2
FIBSURV Sig=4 t=-3/5 u=15/7
SKIPISO t=-3/5 u=15/7
MWRANK u=-16 r=2 gens=2
FIBSURV Sig=4 t=89/21 u=-16
SKIPISO t=89/21 u=-16
MWRANK u=16 r=3 gens=2
FIBSURV Sig=4 t=71/11 u=16
SKIPISO t=71/11 u=16
MWRANK u=-17/7 r=2 gens=2
FIBSURV Sig=4 t=37/13 u=-17/7
SKIPISO t=37/13 u=-17/7
MWRANK u=-13/17 r=3 gens=2
FIBSURV Sig=4 t=109/49 u=-13/17
SKIPISO t=109/49 u=-13/17
MWRANK u=17 r=2 gens=2
FIBSURV Sig=4 t=19/3 u=17
SKIPISO t=19/3 u=17
MWRANK u=17/3 r=2 gens=2
FIBSURV Sig=4 t=29 u=17/3
SKIPISO t=29 u=17/3
MWRANK u=-17 r=2 gens=2
FIBSURV Sig=4 t=47/11 u=-17
SKIPISO t=47/11 u=-17
MWRANK u=1/17 r=2 gens=2
FIBSURV Sig=4 t=37/21 u=1/17
SKIPISO t=37/21 u=1/17
MWRANK u=17/13 r=3 gens=2
FIBSURV Sig=4 t=2/3 u=17/13
SKIPISO t=2/3 u=17/13
MWRANK u=18 r=3 gens=2
FIBSURV Sig=4 t=81/13 u=18
SKIPISO t=81/13 u=18
MWRANK u=-19/7 r=2 gens=2
FIBSURV Sig=4 t=79/27 u=-19/7
SKIPISO t=79/27 u=-19/7
MWRANK u=-19 r=2 gens=2
FIBSURV Sig=4 t=13/3 u=-19
SKIPISO t=13/3 u=-19
MWRANK u=19/3 r=2 gens=2
FIBSURV Sig=4 t=17 u=19/3
SKIPISO t=17 u=19/3
MWRANK u=21 r=1 gens=2
FIBSURV Sig=4 t=6 u=21
SKIPISO t=6 u=21
MWRANK u=-21/19 r=2 gens=2
FIBSURV Sig=4 t=69/29 u=-21/19
SKIPISO t=69/29 u=-21/19
MWRANK u=21/2 r=2 gens=2
FIBSURV Sig=4 t=87/11 u=21/2
SKIPISO t=87/11 u=21/2
MWRANK u=1/21 r=3 gens=2
FIBSURV Sig=4 t=23/13 u=1/21
SKIPISO t=23/13 u=1/21
MWRANK u=-22 r=2 gens=2
FIBSURV Sig=4 t=119/27 u=-22
SKIPISO t=119/27 u=-22
MWRANK u=22 r=3 gens=2
FIBSURV Sig=4 t=101/17 u=22
SKIPISO t=101/17 u=22
MWRANK u=23/13 r=3 gens=2
FIBSURV Sig=4 t=1/21 u=23/13
SKIPISO t=1/21 u=23/13
MWRANK u=-23/5 r=2 gens=2
FIBSURV Sig=4 t=10/3 u=-23/5
SKIPISO t=10/3 u=-23/5
MWRANK u=23/2 r=2 gens=2
FIBSURV Sig=4 t=97/13 u=23/2
SKIPISO t=97/13 u=23/2
MWRANK u=24 r=2 gens=2
FIBSURV Sig=4 t=111/19 u=24
SKIPISO t=111/19 u=24
MWRANK u=24/5 r=2 gens=2
FIBSURV Sig=4 t=-75 u=24/5
SKIPISO t=-75 u=24/5
MWRANK u=-3/25 r=2 gens=2
FIBSURV Sig=4 t=15/8 u=-3/25
SKIPISO t=15/8 u=-3/25
MWRANK u=11/25 r=3 gens=2
FIBSURV Sig=4 t=85/57 u=11/25
SKIPISO t=85/57 u=11/25
MWRANK u=-23/25 r=2 gens=2
FIBSURV Sig=4 t=85/37 u=-23/25
SKIPISO t=85/37 u=-23/25
MWRANK u=-25/2 r=3 gens=2
FIBSURV Sig=4 t=143/35 u=-25/2
SKIPISO t=143/35 u=-25/2
MWRANK u=-25/13 r=3 gens=2
FIBSURV Sig=4 t=121/45 u=-25/13
SKIPISO t=121/45 u=-25/13
MWRANK u=25/2 r=2 gens=2
FIBSURV Sig=4 t=107/15 u=25/2
SKIPISO t=107/15 u=25/2
MWRANK u=25/13 r=3 gens=2
FIBSURV Sig=4 t=-1/5 u=25/13
SKIPISO t=-1/5 u=25/13
MWRANK u=-25/9 r=3 gens=2
FIBSURV Sig=4 t=103/35 u=-25/9
SKIPISO t=103/35 u=-25/9
MWRANK u=-27/2 r=3 gens=2
FIBSURV Sig=4 t=153/37 u=-27/2
SKIPISO t=153/37 u=-27/2
MWRANK u=-5/27 r=2 gens=2
FIBSURV Sig=4 t=67/35 u=-5/27
SKIPISO t=67/35 u=-5/27
MWRANK u=27/4 r=3 gens=2
FIBSURV Sig=4 t=99/7 u=27/4
SKIPISO t=99/7 u=27/4
MWRANK u=7/27 r=3 gens=2
FIBSURV Sig=4 t=13/8 u=7/27
SKIPISO t=13/8 u=7/27
MWRANK u=27/7 r=2 gens=2
FIBSURV Sig=4 t=-9 u=27/7
SKIPISO t=-9 u=27/7
MWRANK u=28 r=3 gens=2
FIBSURV Sig=4 t=131/23 u=28
SKIPISO t=131/23 u=28
MWRANK u=-28 r=2 gens=2
FIBSURV Sig=4 t=149/33 u=-28
SKIPISO t=149/33 u=-28
MWRANK u=-29 r=3 gens=2
FIBSURV Sig=4 t=77/17 u=-29
SKIPISO t=77/17 u=-29
MWRANK u=29 r=2 gens=2
FIBSURV Sig=4 t=17/3 u=29
SKIPISO t=17/3 u=29
MWRANK u=-11/29 r=2 gens=2
FIBSURV Sig=4 t=79/39 u=-11/29
SKIPISO t=79/39 u=-11/29
MWRANK u=29/25 r=2 gens=2
FIBSURV Sig=4 t=5/6 u=29/25
SKIPISO t=5/6 u=29/25
MWRANK u=-29/7 r=2 gens=2
FIBSURV Sig=4 t=13/4 u=-29/7
SKIPISO t=13/4 u=-29/7
MWRANK u=29/9 r=2 gens=2
FIBSURV Sig=4 t=-4 u=29/9
SKIPISO t=-4 u=29/9
MWRANK u=7/31 r=2 gens=2
FIBSURV Sig=4 t=61/37 u=7/31
SKIPISO t=61/37 u=7/31
MWRANK u=31/2 r=2 gens=2
FIBSURV Sig=4 t=137/21 u=31/2
SKIPISO t=137/21 u=31/2
MWRANK u=33/14 r=2 gens=2
FIBSURV Sig=4 t=-39/37 u=33/14
SKIPISO t=-39/37 u=33/14
MWRANK u=33/13 r=2 gens=2
FIBSURV Sig=4 t=-3/2 u=33/13
SKIPISO t=-3/2 u=33/13
MWRANK u=33 r=2 gens=2
FIBSURV Sig=4 t=39/7 u=33
SKIPISO t=39/7 u=33
MWRANK u=-33/2 r=2 gens=2
FIBSURV Sig=4 t=183/43 u=-33/2
SKIPISO t=183/43 u=-33/2
MWRANK u=33/17 r=2 gens=2
FIBSURV Sig=4 t=-3/13 u=33/17
SKIPISO t=-3/13 u=33/17
MWRANK u=-35/13 r=2 gens=2
FIBSURV Sig=4 t=73/25 u=-35/13
SKIPISO t=73/25 u=-35/13
MWRANK u=35 r=1 gens=2
FIBSURV Sig=4 t=83/15 u=35
SKIPISO t=83/15 u=35
MWRANK u=37/13 r=2 gens=2
FIBSURV Sig=4 t=-17/7 u=37/13
SKIPISO t=-17/7 u=37/13
MWRANK u=37/21 r=2 gens=2
FIBSURV Sig=4 t=1/17 u=37/21
SKIPISO t=1/17 u=37/21
MWRANK u=13/37 r=2 gens=2
FIBSURV Sig=4 t=67/43 u=13/37
SKIPISO t=67/43 u=13/37
MWRANK u=38/13 r=3 gens=2
FIBSURV Sig=4 t=-73/27 u=38/13
SKIPISO t=-73/27 u=38/13
MWRANK u=39/25 r=3 gens=2
FIBSURV Sig=4 t=15/43 u=39/25
SKIPISO t=15/43 u=39/25
MWRANK u=39/7 r=2 gens=2
FIBSURV Sig=4 t=33 u=39/7
SKIPISO t=33 u=39/7
MWRANK u=-17/39 r=2 gens=2
FIBSURV Sig=4 t=109/53 u=-17/39
SKIPISO t=109/53 u=-17/39
MWRANK u=39/11 r=2 gens=2
FIBSURV Sig=4 t=-6 u=39/11
SKIPISO t=-6 u=39/11
MWRANK u=40 r=3 gens=2
FIBSURV Sig=4 t=191/35 u=40
SKIPISO t=191/35 u=40
MWRANK u=41/21 r=3 gens=2
FIBSURV Sig=4 t=-1/4 u=41/21
SKIPISO t=-1/4 u=41/21
MWRANK u=41/3 r=2 gens=2
FIBSURV Sig=4 t=89/13 u=41/3
SKIPISO t=89/13 u=41/3
MWRANK u=23/41 r=3 gens=2
FIBSURV Sig=4 t=127/91 u=23/41
SKIPISO t=127/91 u=23/41
MWRANK u=-39/41 r=2 gens=2
FIBSURV Sig=4 t=141/61 u=-39/41
SKIPISO t=141/61 u=-39/41
MWRANK u=-41/19 r=3 gens=2
FIBSURV Sig=4 t=47/17 u=-41/19
SKIPISO t=47/17 u=-41/19
MWRANK u=43/19 r=2 gens=2
FIBSURV Sig=4 t=-11/13 u=43/19
SKIPISO t=-11/13 u=43/19
MWRANK u=15/43 r=3 gens=2
FIBSURV Sig=4 t=39/25 u=15/43
SKIPISO t=39/25 u=15/43
MWRANK u=43/31 r=3 gens=2
FIBSURV Sig=4 t=4/7 u=43/31
SKIPISO t=4/7 u=43/31
MWRANK u=-45 r=2 gens=2
FIBSURV Sig=4 t=117/25 u=-45
SKIPISO t=117/25 u=-45
MWRANK u=47/17 r=3 gens=2
FIBSURV Sig=4 t=-41/19 u=47/17
SKIPISO t=-41/19 u=47/17
MWRANK u=-47/37 r=3 gens=2
FIBSURV Sig=4 t=71/29 u=-47/37
SKIPISO t=71/29 u=-47/37
MWRANK u=51/31 r=3 gens=2
FIBSURV Sig=4 t=3/13 u=51/31
SKIPISO t=3/13 u=51/31
MWRANK u=51/10 r=2 gens=2
FIBSURV Sig=4 t=165 u=51/10
SKIPISO t=165 u=51/10
MWRANK u=-1/51 r=3 gens=2
FIBSURV Sig=4 t=29/16 u=-1/51
SKIPISO t=29/16 u=-1/51
MWRANK u=-51/49 r=3 gens=2
FIBSURV Sig=4 t=87/37 u=-51/49
SKIPISO t=87/37 u=-51/49
MWRANK u=-3/53 r=2 gens=2
FIBSURV Sig=4 t=123/67 u=-3/53
SKIPISO t=123/67 u=-3/53
MWRANK u=55/26 r=3 gens=2
FIBSURV Sig=4 t=-41/75 u=55/26
SKIPISO t=-41/75 u=55/26
MWRANK u=57/37 r=2 gens=2
FIBSURV Sig=4 t=3/8 u=57/37
SKIPISO t=3/8 u=57/37
MWRANK u=25/57 r=2 gens=2
FIBSURV Sig=4 t=97/65 u=25/57
SKIPISO t=97/65 u=25/57
MWRANK u=57/5 r=2 gens=2
FIBSURV Sig=4 t=15/2 u=57/5
SKIPISO t=15/2 u=57/5
MWRANK u=-59/21 r=2 gens=2
FIBSURV Sig=4 t=121/41 u=-59/21
SKIPISO t=121/41 u=-59/21
MWRANK u=59/41 r=3 gens=2
FIBSURV Sig=4 t=37/73 u=59/41
SKIPISO t=37/73 u=59/41
MWRANK u=61/37 r=2 gens=2
FIBSURV Sig=4 t=7/31 u=61/37
SKIPISO t=7/31 u=61/37
MWRANK u=61/20 r=2 gens=2
FIBSURV Sig=4 t=-125/39 u=61/20
SKIPISO t=-125/39 u=61/20
MWRANK u=33/65 r=2 gens=2
FIBSURV Sig=4 t=105/73 u=33/65
SKIPISO t=105/73 u=33/65
MWRANK u=67/43 r=2 gens=2
FIBSURV Sig=4 t=13/37 u=67/43
SKIPISO t=13/37 u=67/43
MWRANK u=67/35 r=2 gens=2
FIBSURV Sig=4 t=-5/27 u=67/35
SKIPISO t=-5/27 u=67/35
MWRANK u=67/39 r=2 gens=2
FIBSURV Sig=4 t=1/8 u=67/39
SKIPISO t=1/8 u=67/39
MWRANK u=-69/31 r=2 gens=2
FIBSURV Sig=4 t=39/14 u=-69/31
SKIPISO t=39/14 u=-69/31
MWRANK u=69/29 r=2 gens=2
FIBSURV Sig=4 t=-21/19 u=69/29
SKIPISO t=-21/19 u=69/29
MWRANK u=-73/27 r=3 gens=2
FIBSURV Sig=4 t=38/13 u=-73/27
SKIPISO t=38/13 u=-73/27
MWRANK u=-73/19 r=4 gens=2
FIBSURV Sig=4 t=67/21 u=-73/19
SKIPISO t=67/21 u=-73/19
MWRANK u=73/16 r=2 gens=2
FIBSURV Sig=4 t=-221/7 u=73/16
SKIPISO t=-221/7 u=73/16
MWRANK u=73/21 r=3 gens=2
FIBSURV Sig=4 t=-11/2 u=73/21
SKIPISO t=-11/2 u=73/21
MWRANK u=37/73 r=3 gens=2
FIBSURV Sig=4 t=59/41 u=37/73
SKIPISO t=59/41 u=37/73
MWRANK u=73/25 r=2 gens=2
FIBSURV Sig=4 t=-35/13 u=73/25
SKIPISO t=-35/13 u=73/25
MWRANK u=-75 r=2 gens=2
FIBSURV Sig=4 t=24/5 u=-75
SKIPISO t=24/5 u=-75
MWRANK u=-41/75 r=3 gens=2
FIBSURV Sig=4 t=55/26 u=-41/75
SKIPISO t=55/26 u=-41/75
MWRANK u=79/39 r=2 gens=2
FIBSURV Sig=4 t=-11/29 u=79/39
SKIPISO t=-11/29 u=79/39
MWRANK u=79/27 r=2 gens=2
FIBSURV Sig=4 t=-19/7 u=79/27
SKIPISO t=-19/7 u=79/27
MWRANK u=81/13 r=3 gens=2
FIBSURV Sig=4 t=18 u=81/13
SKIPISO t=18 u=81/13
MWRANK u=81 r=2 gens=2
FIBSURV Sig=4 t=99/19 u=81
SKIPISO t=99/19 u=81
MWRANK u=83/7 r=3 gens=2
FIBSURV Sig=4 t=22/3 u=83/7
SKIPISO t=22/3 u=83/7
MWRANK u=83/31 r=2 gens=2
FIBSURV Sig=4 t=-17/9 u=83/31
SKIPISO t=-17/9 u=83/31
MWRANK u=85/37 r=2 gens=2
FIBSURV Sig=4 t=-23/25 u=85/37
SKIPISO t=-23/25 u=85/37
MWRANK u=85/57 r=3 gens=2
FIBSURV Sig=4 t=11/25 u=85/57
SKIPISO t=11/25 u=85/57
MWRANK u=87/37 r=3 gens=2
FIBSURV Sig=4 t=-51/49 u=87/37
SKIPISO t=-51/49 u=87/37
MWRANK u=89/13 r=2 gens=2
FIBSURV Sig=4 t=41/3 u=89/13
SKIPISO t=41/3 u=89/13
MWRANK u=89/37 r=3 gens=2
FIBSURV Sig=4 t=-7/6 u=89/37
SKIPISO t=-7/6 u=89/37
MWRANK u=51/91 r=2 gens=2
FIBSURV Sig=4 t=141/101 u=51/91
SKIPISO t=141/101 u=51/91
MWRANK u=-35/97 r=3 gens=2
FIBSURV Sig=4 t=131/65 u=-35/97
SKIPISO t=131/65 u=-35/97
MWRANK u=97/65 r=2 gens=2
FIBSURV Sig=4 t=25/57 u=97/65
SKIPISO t=25/57 u=97/65
MWRANK u=99/7 r=3 gens=2
FIBSURV Sig=4 t=27/4 u=99/7
SKIPISO t=27/4 u=99/7
MWRANK u=-101/39 r=3 gens=2
FIBSURV Sig=4 t=107/37 u=-101/39
SKIPISO t=107/37 u=-101/39
MWRANK u=101/33 r=2 gens=2
FIBSURV Sig=4 t=-13/4 u=101/33
SKIPISO t=-13/4 u=101/33
MWRANK u=103/35 r=3 gens=2
FIBSURV Sig=4 t=-25/9 u=103/35
SKIPISO t=-25/9 u=103/35
MWRANK u=105/73 r=2 gens=2
FIBSURV Sig=4 t=33/65 u=105/73
SKIPISO t=33/65 u=105/73
MWRANK u=109/53 r=2 gens=2
FIBSURV Sig=4 t=-17/39 u=109/53
SKIPISO t=-17/39 u=109/53
MWRANK u=109/49 r=3 gens=2
FIBSURV Sig=4 t=-13/17 u=109/49
SKIPISO t=-13/17 u=109/49
MWRANK u=-111/77 r=3 gens=2
FIBSURV Sig=4 t=78/31 u=-111/77
SKIPISO t=78/31 u=-111/77
MWRANK u=67/111 r=3 gens=2
FIBSURV Sig=4 t=83/61 u=67/111
SKIPISO t=83/61 u=67/111
MWRANK u=-117/25 r=2 gens=2
FIBSURV Sig=4 t=405/121 u=-117/25
SKIPISO t=405/121 u=-117/25
MWRANK u=117/25 r=2 gens=2
FIBSURV Sig=4 t=-45 u=117/25
SKIPISO t=-45 u=117/25
MWRANK u=-119/61 r=3 gens=2
FIBSURV Sig=4 t=143/53 u=-119/61
SKIPISO t=143/53 u=-119/61
MWRANK u=119/27 r=2 gens=2
FIBSURV Sig=4 t=-22 u=119/27
SKIPISO t=-22 u=119/27
MWRANK u=121/41 r=2 gens=2
FIBSURV Sig=4 t=-59/21 u=121/41
SKIPISO t=-59/21 u=121/41
MWRANK u=121/45 r=3 gens=2
FIBSURV Sig=4 t=-25/13 u=121/45
SKIPISO t=-25/13 u=121/45
MWRANK u=85/121 r=3 gens=2
FIBSURV Sig=4 t=83/65 u=85/121
SKIPISO t=83/65 u=85/121
MWRANK u=123/67 r=2 gens=2
FIBSURV Sig=4 t=-3/53 u=123/67
SKIPISO t=-3/53 u=123/67
MWRANK u=-125/39 r=2 gens=2
FIBSURV Sig=4 t=61/20 u=-125/39
SKIPISO t=61/20 u=-125/39
MWRANK u=109/125 r=2 gens=2
FIBSURV Sig=4 t=145/129 u=109/125
SKIPISO t=145/129 u=109/125
MWRANK u=127/91 r=3 gens=2
FIBSURV Sig=4 t=23/41 u=127/91
SKIPISO t=23/41 u=127/91
MWRANK u=-129/35 r=4 gens=2
FIBSURV Sig=4 t=60/19 u=-129/35
SKIPISO t=60/19 u=-129/35
MWRANK u=15/133 r=3 gens=2
MWRANK u=139/50 r=3 gens=2
MWRANK u=141/61 r=2 gens=2
FIBSURV Sig=4 t=-39/41 u=141/61
SKIPISO t=-39/41 u=141/61
MWRANK u=143/19 r=3 gens=2
FIBSURV Sig=4 t=34/3 u=143/19
SKIPISO t=34/3 u=143/19
MWRANK u=145/129 r=2 gens=2
FIBSURV Sig=4 t=109/125 u=145/129
SKIPISO t=109/125 u=145/129
MWRANK u=145/49 r=2 gens=2
FIBSURV Sig=4 t=-71/25 u=145/49
SKIPISO t=-71/25 u=145/49
MWRANK u=145/8 r=2 gens=2
MWRANK u=-149/50 r=3 gens=2
MWRANK u=-2 r=1 gens=2
FIBSURV Sig=4 t=19/7 u=-2
SKIPISO t=19/7 u=-2
MWRANK u=1/2 r=1 gens=2
FIBSURV Sig=4 t=13/9 u=1/2
SKIPISO t=13/9 u=1/2
MWRANK u=-2/3 r=1 gens=2
FIBSURV Sig=4 t=37/17 u=-2/3
SKIPISO t=37/17 u=-2/3
MWRANK u=2/3 r=3 gens=2
FIBSURV Sig=4 t=17/13 u=2/3
SKIPISO t=17/13 u=2/3
MWRANK u=-1/3 r=1 gens=2
FIBSURV Sig=4 t=2 u=-1/3
SKIPISO t=2 u=-1/3
MWRANK u=-3/4 r=1 gens=2
FIBSURV Sig=4 t=51/23 u=-3/4
SKIPISO t=51/23 u=-3/4
MWRANK u=-4/3 r=1 gens=2
FIBSURV Sig=4 t=47/19 u=-4/3
SKIPISO t=47/19 u=-4/3
MWRANK u=3/4 r=1 gens=2
FIBSURV Sig=4 t=21/17 u=3/4
SKIPISO t=21/17 u=3/4
MWRANK u=4/3 r=1 gens=2
FIBSURV Sig=4 t=7/11 u=4/3
SKIPISO t=7/11 u=4/3
MWRANK u=1/4 r=3 gens=2
FIBSURV Sig=4 t=31/19 u=1/4
SKIPISO t=31/19 u=1/4
MWRANK u=4/5 r=3 gens=2
FIBSURV Sig=4 t=25/21 u=4/5
SKIPISO t=25/21 u=4/5
MWRANK u=-5 r=1 gens=2
FIBSURV Sig=4 t=17/5 u=-5
SKIPISO t=17/5 u=-5
MWRANK u=1/5 r=1 gens=2
FIBSURV Sig=4 t=5/3 u=1/5
SKIPISO t=5/3 u=1/5
MWRANK u=-5/4 r=1 gens=2
FIBSURV Sig=4 t=61/25 u=-5/4
SKIPISO t=61/25 u=-5/4
MWRANK u=-2/5 r=1 gens=2
FIBSURV Sig=4 t=55/27 u=-2/5
SKIPISO t=55/27 u=-2/5
MWRANK u=3/5 r=1 gens=2
FIBSURV Sig=4 t=15/11 u=3/5
SKIPISO t=15/11 u=3/5
MWRANK u=-5/2 r=1 gens=2
FIBSURV Sig=4 t=43/15 u=-5/2
SKIPISO t=43/15 u=-5/2
MWRANK u=5/3 r=1 gens=2
FIBSURV Sig=4 t=1/5 u=5/3
SKIPISO t=1/5 u=5/3
MWSKIP u=-4/5 bounds=[1,3]
FIBSURV Sig=4 t=65/29 u=-4/5
SKIPISO t=65/29 u=-4/5
MWRANK u=2/5 r=1 gens=2
FIBSURV Sig=4 t=35/23 u=2/5
SKIPISO t=35/23 u=2/5
MWRANK u=5/4 r=1 gens=2
FIBSURV Sig=4 t=11/15 u=5/4
SKIPISO t=11/15 u=5/4
MWRANK u=1/6 r=1 gens=2
FIBSURV Sig=4 t=49/29 u=1/6
SKIPISO t=49/29 u=1/6
MWRANK u=6/5 r=1 gens=2
FIBSURV Sig=4 t=15/19 u=6/5
SKIPISO t=15/19 u=6/5
MWRANK u=-6/5 r=1 gens=2
FIBSURV Sig=4 t=75/31 u=-6/5
SKIPISO t=75/31 u=-6/5
MWRANK u=-1/6 r=2 gens=2
FIBSURV Sig=4 t=59/31 u=-1/6
SKIPISO t=59/31 u=-1/6
MWRANK u=-5/6 r=2 gens=2
FIBSURV Sig=4 t=79/35 u=-5/6
SKIPISO t=79/35 u=-5/6
MWRANK u=7/5 r=2 gens=2
FIBSURV Sig=4 t=5/9 u=7/5
SKIPISO t=5/9 u=7/5
MWRANK u=5/7 r=1 gens=2
FIBSURV Sig=4 t=19/15 u=5/7
SKIPISO t=19/15 u=5/7
MWRANK u=1/7 r=1 gens=2
FIBSURV Sig=4 t=29/17 u=1/7
SKIPISO t=29/17 u=1/7
MWRANK u=7/4 r=1 gens=2
FIBSURV Sig=4 t=1/13 u=7/4
SKIPISO t=1/13 u=7/4
MWRANK u=-7/5 r=2 gens=2
FIBSURV Sig=4 t=5/2 u=-7/5
SKIPISO t=5/2 u=-7/5
MWRANK u=7/6 r=2 gens=2
FIBSURV Sig=4 t=19/23 u=7/6
SKIPISO t=19/23 u=7/6
MWRANK u=-7/4 r=1 gens=2
FIBSURV Sig=4 t=71/27 u=-7/4
SKIPISO t=71/27 u=-7/4
MWRANK u=-4/7 r=1 gens=2
FIBSURV Sig=4 t=83/39 u=-4/7
SKIPISO t=83/39 u=-4/7
MWRANK u=-7/3 r=1 gens=2
FIBSURV Sig=4 t=31/11 u=-7/3
SKIPISO t=31/11 u=-7/3
MWRANK u=-3/7 r=2 gens=2
FIBSURV Sig=4 t=39/19 u=-3/7
SKIPISO t=39/19 u=-3/7
MWRANK u=3/7 r=1 gens=2
FIBSURV Sig=4 t=3/2 u=3/7
SKIPISO t=3/2 u=3/7
MWRANK u=4/7 r=3 gens=2
FIBSURV Sig=4 t=43/31 u=4/7
SKIPISO t=43/31 u=4/7
MWRANK u=-1/7 r=2 gens=2
FIBSURV Sig=4 t=17/9 u=-1/7
SKIPISO t=17/9 u=-1/7
MWRANK u=2/7 r=1 gens=2
FIBSURV Sig=4 t=53/33 u=2/7
SKIPISO t=53/33 u=2/7
MWRANK u=-6/7 r=2 gens=2
FIBSURV Sig=4 t=93/41 u=-6/7
SKIPISO t=93/41 u=-6/7
MWRANK u=-2/7 r=1 gens=2
FIBSURV Sig=4 t=73/37 u=-2/7
SKIPISO t=73/37 u=-2/7
MWRANK u=7 r=1 gens=2
FIBSURV Sig=4 t=13 u=7
SKIPISO t=13 u=7
MWRANK u=6/7 r=2 gens=2
FIBSURV Sig=4 t=33/29 u=6/7
SKIPISO t=33/29 u=6/7
MWRANK u=-7/6 r=3 gens=2
FIBSURV Sig=4 t=89/37 u=-7/6
SKIPISO t=89/37 u=-7/6
MWRANK u=-5/8 r=2 gens=2
FIBSURV Sig=4 t=97/45 u=-5/8
SKIPISO t=97/45 u=-5/8
MWRANK u=-3/8 r=1 gens=2
FIBSURV Sig=4 t=87/43 u=-3/8
SKIPISO t=87/43 u=-3/8
MWRANK u=-8 r=2 gens=2
FIBSURV Sig=4 t=49/13 u=-8
SKIPISO t=49/13 u=-8
MWRANK u=8/3 r=1 gens=2
FIBSURV Sig=4 t=-13/7 u=8/3
SKIPISO t=-13/7 u=8/3
MWRANK u=8 r=1 gens=2
FIBSURV Sig=4 t=31/3 u=8
SKIPISO t=31/3 u=8
MWRANK u=5/8 r=1 gens=2
FIBSURV Sig=4 t=47/35 u=5/8
SKIPISO t=47/35 u=5/8
MWRANK u=3/8 r=2 gens=2
FIBSURV Sig=4 t=57/37 u=3/8
SKIPISO t=57/37 u=3/8
MWRANK u=-8/5 r=3 gens=2
FIBSURV Sig=4 t=85/33 u=-8/5
SKIPISO t=85/33 u=-8/5
MWRANK u=-8/7 r=1 gens=2
FIBSURV Sig=4 t=103/43 u=-8/7
SKIPISO t=103/43 u=-8/7
MWRANK u=-8/3 r=1 gens=2
FIBSURV Sig=4 t=67/23 u=-8/3
SKIPISO t=67/23 u=-8/3
MWRANK u=8/7 r=1 gens=2
FIBSURV Sig=4 t=23/27 u=8/7
SKIPISO t=23/27 u=8/7
MWRANK u=8/5 r=3 gens=2
FIBSURV Sig=4 t=5/17 u=8/5
SKIPISO t=5/17 u=8/5
MWRANK u=-1/8 r=2 gens=2
FIBSURV Sig=4 t=77/41 u=-1/8
SKIPISO t=77/41 u=-1/8
MWRANK u=-7/8 r=2 gens=2
FIBSURV Sig=4 t=107/47 u=-7/8
SKIPISO t=107/47 u=-7/8
MWRANK u=7/8 r=2 gens=2
FIBSURV Sig=4 t=37/33 u=7/8
SKIPISO t=37/33 u=7/8
MWRANK u=-7/9 r=2 gens=2
FIBSURV Sig=4 t=29/13 u=-7/9
SKIPISO t=29/13 u=-7/9
MWRANK u=-9/4 r=1 gens=2
FIBSURV Sig=4 t=81/29 u=-9/4
SKIPISO t=81/29 u=-9/4
MWRANK u=9/8 r=2 gens=2
FIBSURV Sig=4 t=27/31 u=9/8
SKIPISO t=27/31 u=9/8
MWRANK u=-9/5 r=1 gens=2
FIBSURV Sig=4 t=45/17 u=-9/5
SKIPISO t=45/17 u=-9/5
MWRANK u=4/9 r=2 gens=2
FIBSURV Sig=4 t=61/41 u=4/9
SKIPISO t=61/41 u=4/9
MWRANK u=1/9 r=1 gens=2
FIBSURV Sig=4 t=19/11 u=1/9
SKIPISO t=19/11 u=1/9
MWRANK u=-5/9 r=1 gens=2
FIBSURV Sig=4 t=53/25 u=-5/9
SKIPISO t=53/25 u=-5/9
MWRANK u=-9/7 r=2 gens=2
FIBSURV Sig=4 t=27/11 u=-9/7
SKIPISO t=27/11 u=-9/7
MWRANK u=-9/2 r=1 gens=2
FIBSURV Sig=4 t=63/19 u=-9/2
SKIPISO t=63/19 u=-9/2
MWRANK u=-2/9 r=2 gens=2
FIBSURV Sig=4 t=91/47 u=-2/9
SKIPISO t=91/47 u=-2/9
MWRANK u=9/2 r=1 gens=2
FIBSURV Sig=4 t=-27 u=9/2
SKIPISO t=-27 u=9/2
MWRANK u=-8/9 r=2 gens=2
FIBSURV Sig=4 t=121/53 u=-8/9
SKIPISO t=121/53 u=-8/9
MWRANK u=9/4 r=1 gens=2
FIBSURV Sig=4 t=-9/11 u=9/4
SKIPISO t=-9/11 u=9/4
MWRANK u=9/7 r=3 gens=2
FIBSURV Sig=4 t=9/13 u=9/7
SKIPISO t=9/13 u=9/7
MWRANK u=-1/9 r=1 gens=2
FIBSURV Sig=4 t=43/23 u=-1/9
SKIPISO t=43/23 u=-1/9
MWRANK u=5/9 r=2 gens=2
FIBSURV Sig=4 t=7/5 u=5/9
SKIPISO t=7/5 u=5/9
MWRANK u=-4/9 r=3 gens=2
FIBSURV Sig=4 t=101/49 u=-4/9
SKIPISO t=101/49 u=-4/9
MWRANK u=8/9 r=3 gens=2
FIBSURV Sig=4 t=41/37 u=8/9
SKIPISO t=41/37 u=8/9
MWRANK u=7/9 r=2 gens=2
FIBSURV Sig=4 t=23/19 u=7/9
SKIPISO t=23/19 u=7/9
MWRANK u=2/9 r=1 gens=2
FIBSURV Sig=4 t=71/43 u=2/9
SKIPISO t=71/43 u=2/9
MWRANK u=-9/8 r=2 gens=2
FIBSURV Sig=4 t=117/49 u=-9/8
SKIPISO t=117/49 u=-9/8
MWRANK u=1/10 r=2 gens=2
FIBSURV Sig=4 t=85/49 u=1/10
SKIPISO t=85/49 u=1/10
MWRANK u=-3/10 r=1 gens=2
FIBSURV Sig=4 t=105/53 u=-3/10
SKIPISO t=105/53 u=-3/10
MWRANK u=3/10 r=1 gens=2
FIBSURV Sig=4 t=75/47 u=3/10
SKIPISO t=75/47 u=3/10
MWRANK u=9/10 r=2 gens=2
FIBSURV Sig=4 t=45/41 u=9/10
SKIPISO t=45/41 u=9/10
MWRANK u=-10/3 r=2 gens=2
FIBSURV Sig=4 t=77/25 u=-10/3
SKIPISO t=77/25 u=-10/3
MWRANK u=-10/7 r=2 gens=2
FIBSURV Sig=4 t=113/45 u=-10/7
SKIPISO t=113/45 u=-10/7
MWRANK u=-10/9 r=3 gens=2
FIBSURV Sig=4 t=131/55 u=-10/9
SKIPISO t=131/55 u=-10/9
MWRANK u=10/7 r=1 gens=2
FIBSURV Sig=4 t=13/25 u=10/7
SKIPISO t=13/25 u=10/7
MWRANK u=-7/10 r=2 gens=2
FIBSURV Sig=4 t=125/57 u=-7/10
SKIPISO t=125/57 u=-7/10
MWRANK u=7/10 r=1 gens=2
FIBSURV Sig=4 t=55/43 u=7/10
SKIPISO t=55/43 u=7/10
MWRANK u=-9/10 r=1 gens=2
FIBSURV Sig=4 t=135/59 u=-9/10
SKIPISO t=135/59 u=-9/10
MWRANK u=-1/10 r=1 gens=2
FIBSURV Sig=4 t=95/51 u=-1/10
SKIPISO t=95/51 u=-1/10
MWRANK u=10/3 r=2 gens=2
FIBSURV Sig=4 t=-23/5 u=10/3
SKIPISO t=-23/5 u=10/3
MWRANK u=10/9 r=2 gens=2
FIBSURV Sig=4 t=31/35 u=10/9
SKIPISO t=31/35 u=10/9
MWRANK u=11/10 r=2 gens=2
FIBSURV Sig=4 t=35/39 u=11/10
SKIPISO t=35/39 u=11/10
MWRANK u=-2/11 r=3 gens=2
FIBSURV Sig=4 t=109/57 u=-2/11
SKIPISO t=109/57 u=-2/11
MWRANK u=-9/11 r=1 gens=2
FIBSURV Sig=4 t=9/4 u=-9/11
SKIPISO t=9/4 u=-9/11
MWRANK u=11/4 r=1 gens=2
FIBSURV Sig=4 t=-19/9 u=11/4
SKIPISO t=-19/9 u=11/4
MWRANK u=10/11 r=1 gens=2
FIBSURV Sig=4 t=49/45 u=10/11
SKIPISO t=49/45 u=10/11
MWRANK u=-11/8 r=1 gens=2
FIBSURV Sig=4 t=127/51 u=-11/8
SKIPISO t=127/51 u=-11/8
MWRANK u=4/11 r=3 gens=2
FIBSURV Sig=4 t=79/51 u=4/11
SKIPISO t=79/51 u=4/11
MWRANK u=6/11 r=1 gens=2
FIBSURV Sig=4 t=69/49 u=6/11
SKIPISO t=69/49 u=6/11
MWRANK u=-11/10 r=2 gens=2
FIBSURV Sig=4 t=145/61 u=-11/10
SKIPISO t=145/61 u=-11/10
MWRANK u=-7/11 r=1 gens=2
FIBSURV Sig=4 t=67/31 u=-7/11
SKIPISO t=67/31 u=-7/11
MWRANK u=-8/11 r=2 gens=2
FIBSURV Sig=4 t=139/63 u=-8/11
SKIPISO t=139/63 u=-8/11
MWRANK u=-4/11 r=1 gens=2
FIBSURV Sig=4 t=119/59 u=-4/11
SKIPISO t=119/59 u=-4/11
MWRANK u=5/11 r=1 gens=2
FIBSURV Sig=4 t=37/25 u=5/11
SKIPISO t=37/25 u=5/11
MWRANK u=11/3 r=1 gens=2
FIBSURV Sig=4 t=-7 u=11/3
SKIPISO t=-7 u=11/3
MWRANK u=8/11 r=1 gens=2
FIBSURV Sig=4 t=59/47 u=8/11
SKIPISO t=59/47 u=8/11
MWRANK u=-3/11 r=1 gens=2
FIBSURV Sig=4 t=57/29 u=-3/11
SKIPISO t=57/29 u=-3/11
MWRANK u=2/11 r=1 gens=2
FIBSURV Sig=4 t=89/53 u=2/11
SKIPISO t=89/53 u=2/11
MWRANK u=11/9 r=3 gens=2
FIBSURV Sig=4 t=13/17 u=11/9
SKIPISO t=13/17 u=11/9
MWRANK u=-11/6 r=2 gens=2
FIBSURV Sig=4 t=109/41 u=-11/6
SKIPISO t=109/41 u=-11/6
MWRANK u=-5/11 r=2 gens=2
FIBSURV Sig=4 t=31/15 u=-5/11
SKIPISO t=31/15 u=-5/11
MWRANK u=-11/7 r=1 gens=2
FIBSURV Sig=4 t=59/23 u=-11/7
SKIPISO t=59/23 u=-11/7
MWRANK u=11/2 r=1 gens=2
FIBSURV Sig=4 t=37 u=11/2
SKIPISO t=37 u=11/2
MWRANK u=9/11 r=2 gens=2
FIBSURV Sig=4 t=27/23 u=9/11
SKIPISO t=27/23 u=9/11
MWRANK u=-10/11 r=3 gens=2
FIBSURV Sig=4 t=149/65 u=-10/11
SKIPISO t=149/65 u=-10/11
MWRANK u=11/6 r=2 gens=2
FIBSURV Sig=4 t=-1/19 u=11/6
SKIPISO t=-1/19 u=11/6
MWRANK u=-1/11 r=1 gens=2
FIBSURV Sig=4 t=13/7 u=-1/11
SKIPISO t=13/7 u=-1/11
MWRANK u=-11/4 r=3 gens=2
FIBSURV Sig=4 t=91/31 u=-11/4
SKIPISO t=91/31 u=-11/4
MWRANK u=7/11 r=1 gens=2
FIBSURV Sig=4 t=4/3 u=7/11
SKIPISO t=4/3 u=7/11
MWRANK u=-11/3 r=2 gens=2
FIBSURV Sig=4 t=41/13 u=-11/3
SKIPISO t=41/13 u=-11/3
MWRANK u=3/11 r=2 gens=2
FIBSURV Sig=4 t=21/13 u=3/11
SKIPISO t=21/13 u=3/11
MWRANK u=11/8 r=2 gens=2
FIBSURV Sig=4 t=17/29 u=11/8
SKIPISO t=17/29 u=11/8
MWRANK u=-6/11 r=3 gens=2
FIBSURV Sig=4 t=129/61 u=-6/11
SKIPISO t=129/61 u=-6/11
MWRANK u=-11/5 r=1 gens=2
FIBSURV Sig=4 t=25/9 u=-11/5
SKIPISO t=25/9 u=-11/5
MWRANK u=1/11 r=2 gens=2
FIBSURV Sig=4 t=47/27 u=1/11
SKIPISO t=47/27 u=1/11
MWRANK u=7/12 r=1 gens=2
FIBSURV Sig=4 t=73/53 u=7/12
SKIPISO t=73/53 u=7/12
MWRANK u=-12/5 r=1 gens=2
FIBSURV Sig=4 t=105/37 u=-12/5
SKIPISO t=105/37 u=-12/5
MWRANK u=12/7 r=1 gens=2
FIBSURV Sig=4 t=3/23 u=12/7
SKIPISO t=3/23 u=12/7
MWRANK u=5/12 r=1 gens=2
FIBSURV Sig=4 t=83/55 u=5/12
SKIPISO t=83/55 u=5/12
MWRANK u=-5/12 r=1 gens=2
FIBSURV Sig=4 t=133/65 u=-5/12
SKIPISO t=133/65 u=-5/12
MWRANK u=-12 r=2 gens=2
FIBSURV Sig=4 t=69/17 u=-12
SKIPISO t=69/17 u=-12
MWRANK u=12 r=1 gens=2
FIBSURV Sig=4 t=51/7 u=12
SKIPISO t=51/7 u=12
MWRANK u=12/11 r=1 gens=2
FIBSURV Sig=4 t=39/43 u=12/11
SKIPISO t=39/43 u=12/11
MWRANK u=-12/7 r=1 gens=2
FIBSURV Sig=4 t=123/47 u=-12/7
SKIPISO t=123/47 u=-12/7
MWRANK u=11/12 r=1 gens=2
FIBSURV Sig=4 t=53/49 u=11/12
SKIPISO t=53/49 u=11/12
MWRANK u=1/12 r=1 gens=2
FIBSURV Sig=4 t=103/59 u=1/12
SKIPISO t=103/59 u=1/12
MWRANK u=-7/12 r=3 gens=2
FIBSURV Sig=4 t=143/67 u=-7/12
SKIPISO t=143/67 u=-7/12
MWRANK u=-1/12 r=1 gens=2
FIBSURV Sig=4 t=113/61 u=-1/12
SKIPISO t=113/61 u=-1/12
MWRANK u=12/5 r=1 gens=2
FIBSURV Sig=4 t=-15/13 u=12/5
SKIPISO t=-15/13 u=12/5
MWRANK u=12/13 r=2 gens=2
FIBSURV Sig=4 t=57/53 u=12/13
SKIPISO t=57/53 u=12/13
MWRANK u=-13/5 r=1 gens=2
FIBSURV Sig=4 t=55/19 u=-13/5
SKIPISO t=55/19 u=-13/5
MWRANK u=6/13 r=3 gens=2
FIBSURV Sig=4 t=87/59 u=6/13
SKIPISO t=87/59 u=6/13
MWRANK u=-13/7 r=1 gens=2
FIBSURV Sig=4 t=8/3 u=-13/7
SKIPISO t=8/3 u=-13/7
MWRANK u=10/13 r=1 gens=2
FIBSURV Sig=4 t=67/55 u=10/13
SKIPISO t=67/55 u=10/13
MWRANK u=4/13 r=3 gens=2
FIBSURV Sig=4 t=97/61 u=4/13
SKIPISO t=97/61 u=4/13
MWRANK u=-5/13 r=3 gens=2
FIBSURV Sig=4 t=71/35 u=-5/13
SKIPISO t=71/35 u=-5/13
MWRANK u=-13/11 r=2 gens=2
FIBSURV Sig=4 t=41/17 u=-13/11
SKIPISO t=41/17 u=-13/11
MWRANK u=13 r=1 gens=2
FIBSURV Sig=4 t=7 u=13
SKIPISO t=7 u=13
MWRANK u=-4/13 r=1 gens=2
FIBSURV Sig=4 t=137/69 u=-4/13
SKIPISO t=137/69 u=-4/13
MWRANK u=-6/13 r=3 gens=2
FIBSURV Sig=4 t=147/71 u=-6/13
SKIPISO t=147/71 u=-6/13
MWRANK u=-13/8 r=2 gens=2
FIBSURV Sig=4 t=137/53 u=-13/8
SKIPISO t=137/53 u=-13/8
MWRANK u=8/13 r=1 gens=2
FIBSURV Sig=4 t=77/57 u=8/13
SKIPISO t=77/57 u=8/13
MWRANK u=13/10 r=2 gens=2
FIBSURV Sig=4 t=25/37 u=13/10
SKIPISO t=25/37 u=13/10
MWRANK u=-13/9 r=2 gens=2
FIBSURV Sig=4 t=73/29 u=-13/9
SKIPISO t=73/29 u=-13/9
MWRANK u=13/9 r=1 gens=2
FIBSURV Sig=4 t=1/2 u=13/9
SKIPISO t=1/2 u=13/9
MWRANK u=13/7 r=1 gens=2
FIBSURV Sig=4 t=-1/11 u=13/7
SKIPISO t=-1/11 u=13/7
MWRANK u=-9/13 r=1 gens=2
FIBSURV Sig=4 t=81/37 u=-9/13
SKIPISO t=81/37 u=-9/13
MWRANK u=13/6 r=2 gens=2
FIBSURV Sig=4 t=-11/17 u=13/6
SKIPISO t=-11/17 u=13/6
MWRANK u=1/13 r=1 gens=2
FIBSURV Sig=4 t=7/4 u=1/13
SKIPISO t=7/4 u=1/13
MWRANK u=5/13 r=2 gens=2
FIBSURV Sig=4 t=23/15 u=5/13
SKIPISO t=23/15 u=5/13
MWRANK u=-7/13 r=1 gens=2
FIBSURV Sig=4 t=19/9 u=-7/13
SKIPISO t=19/9 u=-7/13
MWRANK u=-2/13 r=1 gens=2
FIBSURV Sig=4 t=127/67 u=-2/13
SKIPISO t=127/67 u=-2/13
MWRANK u=11/13 r=1 gens=2
FIBSURV Sig=4 t=31/27 u=11/13
SKIPISO t=31/27 u=11/13
MWRANK u=7/13 r=2 gens=2
FIBSURV Sig=4 t=41/29 u=7/13
SKIPISO t=41/29 u=7/13
MWRANK u=13/12 r=3 gens=2
FIBSURV Sig=4 t=43/47 u=13/12
SKIPISO t=43/47 u=13/12
MWRANK u=-13/6 r=2 gens=2
FIBSURV Sig=4 t=119/43 u=-13/6
SKIPISO t=119/43 u=-13/6
MWRANK u=-1/13 r=2 gens=2
FIBSURV Sig=4 t=61/33 u=-1/13
SKIPISO t=61/33 u=-1/13
MWRANK u=-13/3 r=1 gens=2
FIBSURV Sig=4 t=23/7 u=-13/3
SKIPISO t=23/7 u=-13/3
MWRANK u=2/13 r=1 gens=2
FIBSURV Sig=4 t=107/63 u=2/13
SKIPISO t=107/63 u=2/13
MWRANK u=13/3 r=2 gens=2
FIBSURV Sig=4 t=-19 u=13/3
SKIPISO t=-19 u=13/3
MWRANK u=13/11 r=3 gens=2
FIBSURV Sig=4 t=17/21 u=13/11
SKIPISO t=17/21 u=13/11
MWRANK u=-13 r=1 gens=2
FIBSURV Sig=4 t=37/9 u=-13
SKIPISO t=37/9 u=-13
MWRANK u=3/14 r=2 gens=2
FIBSURV Sig=4 t=111/67 u=3/14
SKIPISO t=111/67 u=3/14
MWRANK u=5/14 r=1 gens=2
FIBSURV Sig=4 t=101/65 u=5/14
SKIPISO t=101/65 u=5/14
MWRANK u=-14/3 r=2 gens=2
FIBSURV Sig=4 t=97/29 u=-14/3
SKIPISO t=97/29 u=-14/3
MWRANK u=14/9 r=1 gens=2
FIBSURV Sig=4 t=11/31 u=14/9
SKIPISO t=11/31 u=14/9
MWRANK u=11/14 r=2 gens=2
FIBSURV Sig=4 t=71/59 u=11/14
SKIPISO t=71/59 u=11/14
MWRANK u=14/3 r=2 gens=2
FIBSURV Sig=4 t=-43 u=14/3
SKIPISO t=-43 u=14/3
MWRANK u=-1/14 r=2 gens=2
FIBSURV Sig=4 t=131/71 u=-1/14
SKIPISO t=131/71 u=-1/14
MWRANK u=9/14 r=2 gens=2
FIBSURV Sig=4 t=81/61 u=9/14
SKIPISO t=81/61 u=9/14
MWRANK u=-14/5 r=1 gens=2
FIBSURV Sig=4 t=115/39 u=-14/5
SKIPISO t=115/39 u=-14/5
MWRANK u=-3/14 r=3 gens=2
FIBSURV Sig=4 t=141/73 u=-3/14
SKIPISO t=141/73 u=-3/14
MWRANK u=14 r=2 gens=2
FIBSURV Sig=4 t=61/9 u=14
SKIPISO t=61/9 u=14
MWRANK u=1/14 r=2 gens=2
FIBSURV Sig=4 t=121/69 u=1/14
SKIPISO t=121/69 u=1/14
MWRANK u=14/13 r=1 gens=2
FIBSURV Sig=4 t=47/51 u=14/13
SKIPISO t=47/51 u=14/13
MWRANK u=14/5 r=1 gens=2
FIBSURV Sig=4 t=-25/11 u=14/5
SKIPISO t=-25/11 u=14/5
MWRANK u=-14 r=2 gens=2
FIBSURV Sig=4 t=79/19 u=-14
SKIPISO t=79/19 u=-14
MWRANK u=13/14 r=3 gens=2
FIBSURV Sig=4 t=61/57 u=13/14
SKIPISO t=61/57 u=13/14
MWSKIP u=14/11 bounds=[1,3]
FIBSURV Sig=4 t=29/41 u=14/11
SKIPISO t=29/41 u=14/11
MWRANK u=7/15 r=2 gens=2
FIBSURV Sig=4 t=25/17 u=7/15
SKIPISO t=25/17 u=7/15
MWRANK u=-13/15 r=2 gens=2
FIBSURV Sig=4 t=25/11 u=-13/15
SKIPISO t=25/11 u=-13/15
MWRANK u=-11/15 r=2 gens=2
FIBSURV Sig=4 t=95/43 u=-11/15
SKIPISO t=95/43 u=-11/15
MWRANK u=-15/4 r=1 gens=2
FIBSURV Sig=4 t=111/35 u=-15/4
SKIPISO t=111/35 u=-15/4
MWRANK u=13/15 r=1 gens=2
FIBSURV Sig=4 t=35/31 u=13/15
SKIPISO t=35/31 u=13/15
MWRANK u=15/13 r=1 gens=2
FIBSURV Sig=4 t=21/25 u=15/13
SKIPISO t=21/25 u=15/13
MWRANK u=8/15 r=1 gens=2
FIBSURV Sig=4 t=95/67 u=8/15
SKIPISO t=95/67 u=8/15
MWRANK u=15 r=1 gens=2
FIBSURV Sig=4 t=33/5 u=15
SKIPISO t=33/5 u=15
MWRANK u=-15/7 r=1 gens=2
FIBSURV Sig=4 t=69/25 u=-15/7
SKIPISO t=69/25 u=-15/7
MWRANK u=4/15 r=1 gens=2
FIBSURV Sig=4 t=115/71 u=4/15
SKIPISO t=115/71 u=4/15
MWRANK u=15/4 r=1 gens=2
FIBSURV Sig=4 t=-39/5 u=15/4
SKIPISO t=-39/5 u=15/4
MWRANK u=15/11 r=1 gens=2
FIBSURV Sig=4 t=3/5 u=15/11
SKIPISO t=3/5 u=15/11
MWRANK u=2/15 r=3 gens=2
FIBSURV Sig=4 t=125/73 u=2/15
SKIPISO t=125/73 u=2/15
MWRANK u=14/15 r=1 gens=2
FIBSURV Sig=4 t=65/61 u=14/15
SKIPISO t=65/61 u=14/15
MWRANK u=11/15 r=1 gens=2
FIBSURV Sig=4 t=5/4 u=11/15
SKIPISO t=5/4 u=11/15
MWRANK u=15/14 r=2 gens=2
FIBSURV Sig=4 t=51/55 u=15/14
SKIPISO t=51/55 u=15/14
MWRANK u=-1/15 r=2 gens=2
FIBSURV Sig=4 t=35/19 u=-1/15
SKIPISO t=35/19 u=-1/15
MWRANK u=-15/13 r=1 gens=2
FIBSURV Sig=4 t=12/5 u=-15/13
SKIPISO t=12/5 u=-15/13
MWRANK u=-7/15 r=1 gens=2
FIBSURV Sig=4 t=85/41 u=-7/15
SKIPISO t=85/41 u=-7/15
MWRANK u=-15/8 r=2 gens=2
FIBSURV Sig=4 t=147/55 u=-15/8
SKIPISO t=147/55 u=-15/8
MWRANK u=-2/15 r=3 gens=2
FIBSURV Sig=4 t=145/77 u=-2/15
SKIPISO t=145/77 u=-2/15
MWSKIP u=1/15 bounds=[1,3]
FIBSURV Sig=4 t=65/37 u=1/15
SKIPISO t=65/37 u=1/15
MWRANK u=-15/11 r=1 gens=2
FIBSURV Sig=4 t=87/35 u=-15/11
SKIPISO t=87/35 u=-15/11
MWRANK u=16/9 r=2 gens=2
FIBSURV Sig=4 t=1/29 u=16/9
SKIPISO t=1/29 u=16/9
MWRANK u=-16/5 r=4 gens=2
FIBSURV Sig=4 t=125/41 u=-16/5
SKIPISO t=125/41 u=-16/5
MWRANK u=16/7 r=3 gens=2
FIBSURV Sig=4 t=-17/19 u=16/7
SKIPISO t=-17/19 u=16/7
MWRANK u=16/11 r=1 gens=2
FIBSURV Sig=4 t=19/39 u=16/11
SKIPISO t=19/39 u=16/11
MWRANK u=1/16 r=1 gens=2
FIBSURV Sig=4 t=139/79 u=1/16
SKIPISO t=139/79 u=1/16
MWRANK u=11/16 r=3 gens=2
FIBSURV Sig=4 t=89/69 u=11/16
SKIPISO t=89/69 u=11/16
MWRANK u=7/16 r=1 gens=2
FIBSURV Sig=4 t=109/73 u=7/16
SKIPISO t=109/73 u=7/16
MWRANK u=16/5 r=1 gens=2
FIBSURV Sig=4 t=-35/9 u=16/5
SKIPISO t=-35/9 u=16/5
MWRANK u=16/3 r=1 gens=2
FIBSURV Sig=4 t=53 u=16/3
SKIPISO t=53 u=16/3
MWRANK u=15/16 r=1 gens=2
FIBSURV Sig=4 t=69/65 u=15/16
SKIPISO t=69/65 u=15/16
MWRANK u=3/16 r=3 gens=2
FIBSURV Sig=4 t=129/77 u=3/16
SKIPISO t=129/77 u=3/16
MWRANK u=9/16 r=1 gens=2
FIBSURV Sig=4 t=99/71 u=9/16
SKIPISO t=99/71 u=9/16
MWRANK u=-16/7 r=1 gens=2
FIBSURV Sig=4 t=143/51 u=-16/7
SKIPISO t=143/51 u=-16/7
MWRANK u=-1/16 r=1 gens=2
FIBSURV Sig=4 t=149/81 u=-1/16
SKIPISO t=149/81 u=-1/16
MWRANK u=5/16 r=1 gens=2
FIBSURV Sig=4 t=119/75 u=5/16
SKIPISO t=119/75 u=5/16
MWRANK u=16/15 r=1 gens=2
FIBSURV Sig=4 t=55/59 u=16/15
SKIPISO t=55/59 u=16/15
MWRANK u=13/16 r=1 gens=2
FIBSURV Sig=4 t=79/67 u=13/16
SKIPISO t=79/67 u=13/16
MWRANK u=-16/3 r=2 gens=2
FIBSURV Sig=4 t=107/31 u=-16/3
SKIPISO t=107/31 u=-16/3
MWRANK u=16/13 r=3 gens=2
FIBSURV Sig=4 t=37/49 u=16/13
SKIPISO t=37/49 u=16/13
MWRANK u=11/17 r=2 gens=2
FIBSURV Sig=4 t=49/37 u=11/17
SKIPISO t=49/37 u=11/17
MWRANK u=17/4 r=2 gens=2
FIBSURV Sig=4 t=-49/3 u=17/4
SKIPISO t=-49/3 u=17/4
MWRANK u=-17/11 r=1 gens=2
FIBSURV Sig=4 t=23/9 u=-17/11
SKIPISO t=23/9 u=-17/11
MWRANK u=3/17 r=2 gens=2
FIBSURV Sig=4 t=69/41 u=3/17
SKIPISO t=69/41 u=3/17
MWRANK u=17/6 r=1 gens=2
FIBSURV Sig=4 t=-31/13 u=17/6
SKIPISO t=-31/13 u=17/6
MWRANK u=17/5 r=1 gens=2
FIBSURV Sig=4 t=-5 u=17/5
SKIPISO t=-5 u=17/5
MWRANK u=-17/4 r=2 gens=2
FIBSURV Sig=4 t=121/37 u=-17/4
SKIPISO t=121/37 u=-17/4
MWRANK u=17/9 r=2 gens=2
FIBSURV Sig=4 t=-1/7 u=17/9
SKIPISO t=-1/7 u=17/9
MWRANK u=17/7 r=2 gens=2
FIBSURV Sig=4 t=-11/9 u=17/7
SKIPISO t=-11/9 u=17/7
MWRANK u=-7/17 r=2 gens=2
FIBSURV Sig=4 t=47/23 u=-7/17
SKIPISO t=47/23 u=-7/17
MWRANK u=4/17 r=2 gens=2
FIBSURV Sig=4 t=133/81 u=4/17
SKIPISO t=133/81 u=4/17
MWRANK u=7/17 r=1 gens=2
FIBSURV Sig=4 t=59/39 u=7/17
SKIPISO t=59/39 u=7/17
MWRANK u=17/8 r=2 gens=2
FIBSURV Sig=4 t=-13/23 u=17/8
SKIPISO t=-13/23 u=17/8
MWRANK u=17/12 r=1 gens=2
FIBSURV Sig=4 t=23/43 u=17/12
SKIPISO t=23/43 u=17/12
MWSKIP u=2/17 bounds=[1,3]
FIBSURV Sig=4 t=143/83 u=2/17
SKIPISO t=143/83 u=2/17
MWRANK u=17/2 r=2 gens=2
FIBSURV Sig=4 t=67/7 u=17/2
SKIPISO t=67/7 u=17/2
MWRANK u=10/17 r=1 gens=2
FIBSURV Sig=4 t=103/75 u=10/17
SKIPISO t=103/75 u=10/17
MWRANK u=8/17 r=3 gens=2
FIBSURV Sig=4 t=113/77 u=8/17
SKIPISO t=113/77 u=8/17
MWRANK u=-17/9 r=2 gens=2
FIBSURV Sig=4 t=83/31 u=-17/9
SKIPISO t=83/31 u=-17/9
MWRANK u=-15/17 r=2 gens=2
FIBSURV Sig=4 t=57/25 u=-15/17
SKIPISO t=57/25 u=-15/17
MWRANK u=17/15 r=3 gens=2
FIBSURV Sig=4 t=25/29 u=17/15
SKIPISO t=25/29 u=17/15
MWRANK u=5/17 r=3 gens=2
FIBSURV Sig=4 t=8/5 u=5/17
SKIPISO t=8/5 u=5/17
MWRANK u=17/11 r=1 gens=2
FIBSURV Sig=4 t=7/19 u=17/11
SKIPISO t=7/19 u=17/11
MWRANK u=16/17 r=1 gens=2
FIBSURV Sig=4 t=73/69 u=16/17
SKIPISO t=73/69 u=16/17
MWRANK u=15/17 r=3 gens=2
FIBSURV Sig=4 t=39/35 u=15/17
SKIPISO t=39/35 u=15/17
MWRANK u=17/10 r=2 gens=2
FIBSURV Sig=4 t=5/33 u=17/10
SKIPISO t=5/33 u=17/10
MWRANK u=9/17 r=2 gens=2
FIBSURV Sig=4 t=27/19 u=9/17
SKIPISO t=27/19 u=9/17
MWRANK u=-17/13 r=2 gens=2
FIBSURV Sig=4 t=101/41 u=-17/13
SKIPISO t=101/41 u=-17/13
MWRANK u=-11/17 r=2 gens=2
FIBSURV Sig=4 t=13/6 u=-11/17
SKIPISO t=13/6 u=-11/17
MWRANK u=6/17 r=3 gens=2
FIBSURV Sig=4 t=123/79 u=6/17
SKIPISO t=123/79 u=6/17
MWRANK u=-5/17 r=2 gens=2
FIBSURV Sig=4 t=89/45 u=-5/17
SKIPISO t=89/45 u=-5/17
MWRANK u=-3/17 r=2 gens=2
FIBSURV Sig=4 t=21/11 u=-3/17
SKIPISO t=21/11 u=-3/17
MWRANK u=-9/17 r=1 gens=2
FIBSURV Sig=4 t=99/47 u=-9/17
SKIPISO t=99/47 u=-9/17
MWRANK u=-17/6 r=2 gens=2
FIBSURV Sig=4 t=139/47 u=-17/6
SKIPISO t=139/47 u=-17/6
MWRANK u=13/17 r=3 gens=2
FIBSURV Sig=4 t=11/9 u=13/17
SKIPISO t=11/9 u=13/17
MWRANK u=-17/15 r=2 gens=2
FIBSURV Sig=4 t=55/23 u=-17/15
SKIPISO t=55/23 u=-17/15
MWRANK u=-17/2 r=1 gens=2
FIBSURV Sig=4 t=103/27 u=-17/2
SKIPISO t=103/27 u=-17/2
MWRANK u=17/16 r=1 gens=2
FIBSURV Sig=4 t=59/63 u=17/16
SKIPISO t=59/63 u=17/16
MWRANK u=-17/5 r=1 gens=2
FIBSURV Sig=4 t=65/21 u=-17/5
SKIPISO t=65/21 u=-17/5
MWRANK u=14/17 r=1 gens=2
FIBSURV Sig=4 t=83/71 u=14/17
SKIPISO t=83/71 u=14/17
MWRANK u=17/14 r=2 gens=2
FIBSURV Sig=4 t=41/53 u=17/14
SKIPISO t=41/53 u=17/14
MWRANK u=12/17 r=3 gens=2
FIBSURV Sig=4 t=93/73 u=12/17
SKIPISO t=93/73 u=12/17
MWRANK u=-1/17 r=3 gens=2
FIBSURV Sig=4 t=79/43 u=-1/17
SKIPISO t=79/43 u=-1/17
MWRANK u=-17/3 r=1 gens=2
FIBSURV Sig=4 t=7/2 u=-17/3
SKIPISO t=7/2 u=-17/3
MWRANK u=11/18 r=2 gens=2
FIBSURV Sig=4 t=107/79 u=11/18
SKIPISO t=107/79 u=11/18
MWRANK u=-5/18 r=3 gens=2
MWRANK u=7/18 r=2 gens=2
FIBSURV Sig=4 t=127/83 u=7/18
SKIPISO t=127/83 u=7/18
MWRANK u=18/13 r=3 gens=2
FIBSURV Sig=4 t=27/47 u=18/13
SKIPISO t=27/47 u=18/13
MWRANK u=-18/5 r=2 gens=2
FIBSURV Sig=4 t=135/43 u=-18/5
SKIPISO t=135/43 u=-18/5
MWRANK u=18/7 r=1 gens=2
FIBSURV Sig=4 t=-27/17 u=18/7
SKIPISO t=-27/17 u=18/7
MWRANK u=18/17 r=1 gens=2
FIBSURV Sig=4 t=63/67 u=18/17
SKIPISO t=63/67 u=18/17
MWRANK u=18/5 r=2 gens=2
FIBSURV Sig=4 t=-45/7 u=18/5
SKIPISO t=-45/7 u=18/5
MWRANK u=18/11 r=3 gens=2
FIBSURV Sig=4 t=9/37 u=18/11
SKIPISO t=9/37 u=18/11
MWRANK u=5/18 r=3 gens=2
FIBSURV Sig=4 t=137/85 u=5/18
SKIPISO t=137/85 u=5/18
MWRANK u=-18 r=2 gens=2
FIBSURV Sig=4 t=99/23 u=-18
SKIPISO t=99/23 u=-18
MWRANK u=13/18 r=2 gens=2
FIBSURV Sig=4 t=97/77 u=13/18
SKIPISO t=97/77 u=13/18
MWRANK u=17/18 r=3 gens=2
FIBSURV Sig=4 t=77/73 u=17/18
SKIPISO t=77/73 u=17/18
MWRANK u=19/16 r=1 gens=2
FIBSURV Sig=4 t=49/61 u=19/16
SKIPISO t=49/61 u=19/16
MWRANK u=8/19 r=1 gens=2
FIBSURV Sig=4 t=131/87 u=8/19
SKIPISO t=131/87 u=8/19
MWRANK u=19/12 r=1 gens=2
FIBSURV Sig=4 t=13/41 u=19/12
SKIPISO t=13/41 u=19/12
MWRANK u=-13/19 r=2 gens=2
FIBSURV Sig=4 t=59/27 u=-13/19
SKIPISO t=59/27 u=-13/19
MWRANK u=10/19 r=1 gens=2
FIBSURV Sig=4 t=121/85 u=10/19
SKIPISO t=121/85 u=10/19
MWRANK u=19/17 r=2 gens=2
FIBSURV Sig=4 t=29/33 u=19/17
SKIPISO t=29/33 u=19/17
MWRANK u=11/19 r=2 gens=2
FIBSURV Sig=4 t=29/21 u=11/19
SKIPISO t=29/21 u=11/19
MWRANK u=-17/19 r=3 gens=2
FIBSURV Sig=4 t=16/7 u=-17/19
SKIPISO t=16/7 u=-17/19
MWRANK u=16/19 r=3 gens=2
FIBSURV Sig=4 t=91/79 u=16/19
SKIPISO t=91/79 u=16/19
MWRANK u=19/14 r=2 gens=2
FIBSURV Sig=4 t=31/51 u=19/14
SKIPISO t=31/51 u=19/14
MWRANK u=19/10 r=2 gens=2
FIBSURV Sig=4 t=-5/31 u=19/10
SKIPISO t=-5/31 u=19/10
MWRANK u=-11/19 r=1 gens=2
FIBSURV Sig=4 t=113/53 u=-11/19
SKIPISO t=113/53 u=-11/19
MWRANK u=19/13 r=1 gens=2
FIBSURV Sig=4 t=11/23 u=19/13
SKIPISO t=11/23 u=19/13
MWRANK u=-19/15 r=1 gens=2
FIBSURV Sig=4 t=115/47 u=-19/15
SKIPISO t=115/47 u=-19/15
MWRANK u=3/19 r=2 gens=2
FIBSURV Sig=4 t=39/23 u=3/19
SKIPISO t=39/23 u=3/19
MWRANK u=-19/13 r=2 gens=2
FIBSURV Sig=4 t=53/21 u=-19/13
SKIPISO t=53/21 u=-19/13
MWRANK u=-7/19 r=1 gens=2
FIBSURV Sig=4 t=103/51 u=-7/19
SKIPISO t=103/51 u=-7/19
MWRANK u=1/19 r=2 gens=2
FIBSURV Sig=4 t=83/47 u=1/19
SKIPISO t=83/47 u=1/19
MWRANK u=-19/17 r=2 gens=2
FIBSURV Sig=4 t=31/13 u=-19/17
SKIPISO t=31/13 u=-19/17
MWRANK u=19 r=1 gens=2
FIBSURV Sig=4 t=43/7 u=19
SKIPISO t=43/7 u=19
MWRANK u=12/19 r=1 gens=2
FIBSURV Sig=4 t=111/83 u=12/19
SKIPISO t=111/83 u=12/19
MWRANK u=-1/19 r=2 gens=2
FIBSURV Sig=4 t=11/6 u=-1/19
SKIPISO t=11/6 u=-1/19
MWRANK u=19/11 r=1 gens=2
FIBSURV Sig=4 t=1/9 u=19/11
SKIPISO t=1/9 u=19/11
MWRANK u=13/19 r=1 gens=2
FIBSURV Sig=4 t=53/41 u=13/19
SKIPISO t=53/41 u=13/19
MWRANK u=9/19 r=1 gens=2
FIBSURV Sig=4 t=63/43 u=9/19
SKIPISO t=63/43 u=9/19
MWRANK u=6/19 r=1 gens=2
FIBSURV Sig=4 t=141/89 u=6/19
SKIPISO t=141/89 u=6/19
MWRANK u=-15/19 r=2 gens=2
FIBSURV Sig=4 t=123/55 u=-15/19
SKIPISO t=123/55 u=-15/19
MWRANK u=19/15 r=1 gens=2
FIBSURV Sig=4 t=5/7 u=19/15
SKIPISO t=5/7 u=19/15
MWRANK u=5/19 r=1 gens=2
FIBSURV Sig=4 t=73/45 u=5/19
SKIPISO t=73/45 u=5/19
MWRANK u=17/19 r=1 gens=2
FIBSURV Sig=4 t=43/39 u=17/19
SKIPISO t=43/39 u=17/19
MWRANK u=19/8 r=2 gens=2
FIBSURV Sig=4 t=-23/21 u=19/8
SKIPISO t=-23/21 u=19/8
MWRANK u=-19/9 r=1 gens=2
FIBSURV Sig=4 t=11/4 u=-19/9
SKIPISO t=11/4 u=-19/9
MWRANK u=19/18 r=1 gens=2
FIBSURV Sig=4 t=67/71 u=19/18
SKIPISO t=67/71 u=19/18
MWRANK u=19/6 r=1 gens=2
FIBSURV Sig=4 t=-41/11 u=19/6
SKIPISO t=-41/11 u=19/6
MWRANK u=-3/19 r=1 gens=2
FIBSURV Sig=4 t=93/49 u=-3/19
SKIPISO t=93/49 u=-3/19
MWRANK u=7/19 r=1 gens=2
FIBSURV Sig=4 t=17/11 u=7/19
SKIPISO t=17/11 u=7/19
MWRANK u=19/9 r=1 gens=2
FIBSURV Sig=4 t=-7/13 u=19/9
SKIPISO t=-7/13 u=19/9
MWRANK u=-19/4 r=2 gens=2
FIBSURV Sig=4 t=131/39 u=-19/4
SKIPISO t=131/39 u=-19/4
MWRANK u=-19/11 r=1 gens=2
FIBSURV Sig=4 t=97/37 u=-19/11
SKIPISO t=97/37 u=-19/11
MWRANK u=-5/19 r=2 gens=2
FIBSURV Sig=4 t=49/25 u=-5/19
SKIPISO t=49/25 u=-5/19
MWRANK u=-19/5 r=1 gens=2
FIBSURV Sig=4 t=35/11 u=-19/5
SKIPISO t=35/11 u=-19/5
MWRANK u=15/19 r=1 gens=2
FIBSURV Sig=4 t=6/5 u=15/19
SKIPISO t=6/5 u=15/19
MWRANK u=19/4 r=2 gens=2
FIBSURV Sig=4 t=-59 u=19/4
SKIPISO t=-59 u=19/4
MWRANK u=-19/3 r=2 gens=2
FIBSURV Sig=4 t=61/17 u=-19/3
SKIPISO t=61/17 u=-19/3
MWRANK u=19/2 r=1 gens=2
FIBSURV Sig=4 t=77/9 u=19/2
SKIPISO t=77/9 u=19/2
MWRANK u=19/5 r=2 gens=2
FIBSURV Sig=4 t=-25/3 u=19/5
SKIPISO t=-25/3 u=19/5
MWRANK u=-19/6 r=1 gens=2
FIBSURV Sig=4 t=149/49 u=-19/6
SKIPISO t=149/49 u=-19/6
MWRANK u=19/7 r=1 gens=2
FIBSURV Sig=4 t=-2 u=19/7
SKIPISO t=-2 u=19/7
MWRANK u=-9/19 r=3 gens=2
FIBSURV Sig=4 t=27/13 u=-9/19
SKIPISO t=27/13 u=-9/19
MWRANK u=14/19 r=3 gens=2
FIBSURV Sig=4 t=101/81 u=14/19
SKIPISO t=101/81 u=14/19
MWRANK u=18/19 r=1 gens=2
FIBSURV Sig=4 t=81/77 u=18/19
SKIPISO t=81/77 u=18/19
MWRANK u=-19/2 r=1 gens=2
FIBSURV Sig=4 t=113/29 u=-19/2
SKIPISO t=113/29 u=-19/2
MWRANK u=7/20 r=1 gens=2
FIBSURV Sig=4 t=145/93 u=7/20
SKIPISO t=145/93 u=7/20
MWRANK u=19/20 r=2 gens=2
FIBSURV Sig=4 t=85/81 u=19/20
SKIPISO t=85/81 u=19/20
MWRANK u=11/20 r=3 gens=2
FIBSURV Sig=4 t=125/89 u=11/20
SKIPISO t=125/89 u=11/20
MWRANK u=-20/3 r=2 gens=2
FIBSURV Sig=4 t=127/35 u=-20/3
SKIPISO t=127/35 u=-20/3
MWRANK u=17/20 r=3 gens=2
FIBSURV Sig=4 t=95/83 u=17/20
SKIPISO t=95/83 u=17/20
MWRANK u=20/19 r=1 gens=2
FIBSURV Sig=4 t=71/75 u=20/19
SKIPISO t=71/75 u=20/19
MWRANK u=-20 r=2 gens=2
FIBSURV Sig=4 t=109/25 u=-20
SKIPISO t=109/25 u=-20
MWRANK u=20/9 r=1 gens=2
FIBSURV Sig=4 t=-19/25 u=20/9
SKIPISO t=-19/25 u=20/9
MWRANK u=20/7 r=1 gens=2
FIBSURV Sig=4 t=-37/15 u=20/7
SKIPISO t=-37/15 u=20/7
MWRANK u=9/20 r=1 gens=2
FIBSURV Sig=4 t=135/91 u=9/20
SKIPISO t=135/91 u=9/20
MWRANK u=20 r=1 gens=2
FIBSURV Sig=4 t=91/15 u=20
SKIPISO t=91/15 u=20
MWSKIP u=13/20 bounds=[1,3]
FIBSURV Sig=4 t=115/87 u=13/20
SKIPISO t=115/87 u=13/20
MWRANK u=20/3 r=1 gens=2
FIBSURV Sig=4 t=73/5 u=20/3
SKIPISO t=73/5 u=20/3
MWRANK u=20/17 r=3 gens=2
FIBSURV Sig=4 t=53/65 u=20/17
SKIPISO t=53/65 u=20/17
MWRANK u=20/11 r=3 gens=2
FIBSURV Sig=4 t=-1/35 u=20/11
SKIPISO t=-1/35 u=20/11
MWRANK u=20/13 r=2 gens=2
FIBSURV Sig=4 t=17/45 u=20/13
SKIPISO t=17/45 u=20/13
MWRANK u=-21/17 r=2 gens=2
FIBSURV Sig=4 t=129/53 u=-21/17
SKIPISO t=129/53 u=-21/17
MWRANK u=-17/21 r=3 gens=2
FIBSURV Sig=4 t=137/61 u=-17/21
SKIPISO t=137/61 u=-17/21
MWRANK u=21/20 r=3 gens=2
FIBSURV Sig=4 t=75/79 u=21/20
SKIPISO t=75/79 u=21/20
MWRANK u=-11/21 r=2 gens=2
FIBSURV Sig=4 t=61/29 u=-11/21
SKIPISO t=61/29 u=-11/21
MWRANK u=21/4 r=1 gens=2
FIBSURV Sig=4 t=69 u=21/4
SKIPISO t=69 u=21/4
MWRANK u=11/21 r=3 gens=2
FIBSURV Sig=4 t=67/47 u=11/21
SKIPISO t=67/47 u=11/21
MWRANK u=21/10 r=2 gens=2
FIBSURV Sig=4 t=-15/29 u=21/10
SKIPISO t=-15/29 u=21/10
MWRANK u=21/8 r=1 gens=2
FIBSURV Sig=4 t=-33/19 u=21/8
SKIPISO t=-33/19 u=21/8
MWRANK u=-19/21 r=2 gens=2
FIBSURV Sig=4 t=71/31 u=-19/21
SKIPISO t=71/31 u=-19/21
MWRANK u=5/21 r=2 gens=2
FIBSURV Sig=4 t=41/25 u=5/21
SKIPISO t=41/25 u=5/21
MWRANK u=21/16 r=2 gens=2
FIBSURV Sig=4 t=39/59 u=21/16
SKIPISO t=39/59 u=21/16
MWRANK u=10/21 r=1 gens=2
FIBSURV Sig=4 t=139/95 u=10/21
SKIPISO t=139/95 u=10/21
MWRANK u=21/17 r=1 gens=2
FIBSURV Sig=4 t=3/4 u=21/17
SKIPISO t=3/4 u=21/17
MWRANK u=21/5 r=1 gens=2
FIBSURV Sig=4 t=-15 u=21/5
SKIPISO t=-15 u=21/5
MWRANK u=19/21 r=1 gens=2
FIBSURV Sig=4 t=47/43 u=19/21
SKIPISO t=47/43 u=19/21
MWRANK u=-21/13 r=3 gens=2
FIBSURV Sig=4 t=111/43 u=-21/13
SKIPISO t=111/43 u=-21/13
MWRANK u=-21/11 r=1 gens=2
FIBSURV Sig=4 t=51/19 u=-21/11
SKIPISO t=51/19 u=-21/11
MWRANK u=-1/21 r=1 gens=2
FIBSURV Sig=4 t=97/53 u=-1/21
SKIPISO t=97/53 u=-1/21
MWRANK u=21/19 r=3 gens=2
FIBSURV Sig=4 t=33/37 u=21/19
SKIPISO t=33/37 u=21/19
MWRANK u=17/21 r=3 gens=2
FIBSURV Sig=4 t=13/11 u=17/21
SKIPISO t=13/11 u=17/21
MWRANK u=13/21 r=2 gens=2
FIBSURV Sig=4 t=31/23 u=13/21
SKIPISO t=31/23 u=13/21
MWRANK u=16/21 r=1 gens=2
FIBSURV Sig=4 t=109/89 u=16/21
SKIPISO t=109/89 u=16/21
MWRANK u=21/13 r=2 gens=2
FIBSURV Sig=4 t=3/11 u=21/13
SKIPISO t=3/11 u=21/13
MWRANK u=21/11 r=2 gens=2
FIBSURV Sig=4 t=-3/17 u=21/11
SKIPISO t=-3/17 u=21/11
MWRANK u=8/21 r=1 gens=2
FIBSURV Sig=4 t=149/97 u=8/21
SKIPISO t=149/97 u=8/21
MWRANK u=-21/4 r=2 gens=2
FIBSURV Sig=4 t=141/41 u=-21/4
SKIPISO t=141/41 u=-21/4
MWRANK u=-5/21 r=1 gens=2
FIBSURV Sig=4 t=107/55 u=-5/21
SKIPISO t=107/55 u=-5/21
MWSKIP u=20/21 bounds=[1,3]
FIBSURV Sig=4 t=89/85 u=20/21
SKIPISO t=89/85 u=20/21
MWRANK u=-21/2 r=2 gens=2
FIBSURV Sig=4 t=123/31 u=-21/2
SKIPISO t=123/31 u=-21/2
MWRANK u=-21/5 r=2 gens=2
FIBSURV Sig=4 t=75/23 u=-21/5
SKIPISO t=75/23 u=-21/5
MWRANK u=-13/21 r=3 gens=2
FIBSURV Sig=4 t=127/59 u=-13/21
SKIPISO t=127/59 u=-13/21
MWRANK u=-21 r=1 gens=2
FIBSURV Sig=4 t=57/13 u=-21
SKIPISO t=57/13 u=-21
MWRANK u=22/5 r=2 gens=2
FIBSURV Sig=4 t=-65/3 u=22/5
SKIPISO t=-65/3 u=22/5
MWRANK u=22/3 r=3 gens=2
FIBSURV Sig=4 t=83/7 u=22/3
SKIPISO t=83/7 u=22/3
MWRANK u=22/7 r=2 gens=2
FIBSURV Sig=4 t=-47/13 u=22/7
SKIPISO t=-47/13 u=22/7
MWRANK u=13/22 r=2 gens=2
FIBSURV Sig=4 t=133/97 u=13/22
SKIPISO t=133/97 u=13/22
MWRANK u=22/9 r=2 gens=2
FIBSURV Sig=4 t=-29/23 u=22/9
SKIPISO t=-29/23 u=22/9
MWRANK u=22/13 r=1 gens=2
FIBSURV Sig=4 t=7/43 u=22/13
SKIPISO t=7/43 u=22/13
MWRANK u=19/22 r=2 gens=2
FIBSURV Sig=4 t=103/91 u=19/22
SKIPISO t=103/91 u=19/22
MWRANK u=22/21 r=1 gens=2
FIBSURV Sig=4 t=79/83 u=22/21
SKIPISO t=79/83 u=22/21
MWRANK u=17/22 r=3 gens=2
FIBSURV Sig=4 t=113/93 u=17/22
SKIPISO t=113/93 u=17/22
MWRANK u=15/22 r=2 gens=2
FIBSURV Sig=4 t=123/95 u=15/22
SKIPISO t=123/95 u=15/22
MWRANK u=22/17 r=2 gens=2
FIBSURV Sig=4 t=43/63 u=22/17
SKIPISO t=43/63 u=22/17
MWRANK u=22/19 r=1 gens=2
FIBSURV Sig=4 t=61/73 u=22/19
SKIPISO t=61/73 u=22/19
MWRANK u=-22/3 r=2 gens=2
FIBSURV Sig=4 t=137/37 u=-22/3
SKIPISO t=137/37 u=-22/3
MWRANK u=21/22 r=2 gens=2
FIBSURV Sig=4 t=93/89 u=21/22
SKIPISO t=93/89 u=21/22
MWSKIP u=22/15 bounds=[1,3]
FIBSURV Sig=4 t=25/53 u=22/15
SKIPISO t=25/53 u=22/15
MWRANK u=-23/13 r=1 gens=2
FIBSURV Sig=4 t=29/11 u=-23/13
SKIPISO t=29/11 u=-23/13
MWRANK u=23/14 r=2 gens=2
FIBSURV Sig=4 t=11/47 u=23/14
SKIPISO t=11/47 u=23/14
MWRANK u=23/16 r=1 gens=2
FIBSURV Sig=4 t=29/57 u=23/16
SKIPISO t=29/57 u=23/16
MWRANK u=-11/23 r=1 gens=2
FIBSURV Sig=4 t=131/63 u=-11/23
SKIPISO t=131/63 u=-11/23
MWRANK u=23/21 r=2 gens=2
FIBSURV Sig=4 t=37/41 u=23/21
SKIPISO t=37/41 u=23/21
MWSKIP u=16/23 bounds=[1,3]
FIBSURV Sig=4 t=127/99 u=16/23
SKIPISO t=127/99 u=16/23
MWRANK u=23/11 r=2 gens=2
FIBSURV Sig=4 t=-1/2 u=23/11
SKIPISO t=-1/2 u=23/11
MWRANK u=23/12 r=1 gens=2
FIBSURV Sig=4 t=-7/37 u=23/12
SKIPISO t=-7/37 u=23/12
MWRANK u=23/4 r=1 gens=2
FIBSURV Sig=4 t=79/3 u=23/4
SKIPISO t=79/3 u=23/4
MWRANK u=-23/15 r=1 gens=2
FIBSURV Sig=4 t=125/49 u=-23/15
SKIPISO t=125/49 u=-23/15
MWRANK u=7/23 r=2 gens=2
FIBSURV Sig=4 t=43/27 u=7/23
SKIPISO t=43/27 u=7/23
MWRANK u=1/23 r=3 gens=2
FIBSURV Sig=4 t=101/57 u=1/23
SKIPISO t=101/57 u=1/23
MWRANK u=11/23 r=1 gens=2
FIBSURV Sig=4 t=19/13 u=11/23
SKIPISO t=19/13 u=11/23
MWRANK u=23/17 r=1 gens=2
FIBSURV Sig=4 t=19/31 u=23/17
SKIPISO t=19/31 u=23/17
MWRANK u=-23/9 r=1 gens=2
FIBSURV Sig=4 t=49/17 u=-23/9
SKIPISO t=49/17 u=-23/9
MWRANK u=23/9 r=1 gens=2
FIBSURV Sig=4 t=-17/11 u=23/9
SKIPISO t=-17/11 u=23/9
MWRANK u=12/23 r=1 gens=2
FIBSURV Sig=4 t=147/103 u=12/23
SKIPISO t=147/103 u=12/23
MWRANK u=-17/23 r=2 gens=2
FIBSURV Sig=4 t=73/33 u=-17/23
SKIPISO t=73/33 u=-17/23
MWRANK u=-5/23 r=1 gens=2
FIBSURV Sig=4 t=29/15 u=-5/23
SKIPISO t=29/15 u=-5/23
MWRANK u=15/23 r=1 gens=2
FIBSURV Sig=4 t=33/25 u=15/23
SKIPISO t=33/25 u=15/23
MWRANK u=23/3 r=1 gens=2
FIBSURV Sig=4 t=11 u=23/3
SKIPISO t=11 u=23/3
MWRANK u=22/23 r=1 gens=2
FIBSURV Sig=4 t=97/93 u=22/23
SKIPISO t=97/93 u=22/23
MWRANK u=-23/3 r=1 gens=2
FIBSURV Sig=4 t=71/19 u=-23/3
SKIPISO t=71/19 u=-23/3
MWRANK u=-23/11 r=2 gens=2
FIBSURV Sig=4 t=107/39 u=-23/11
SKIPISO t=107/39 u=-23/11
MWRANK u=23/20 r=3 gens=2
FIBSURV Sig=4 t=65/77 u=23/20
SKIPISO t=65/77 u=23/20
MWRANK u=-23/7 r=2 gens=2
FIBSURV Sig=4 t=89/29 u=-23/7
SKIPISO t=89/29 u=-23/7
MWRANK u=23/15 r=2 gens=2
FIBSURV Sig=4 t=5/13 u=23/15
SKIPISO t=5/13 u=23/15
MWRANK u=-21/23 r=1 gens=2
FIBSURV Sig=4 t=39/17 u=-21/23
SKIPISO t=39/17 u=-21/23
MWRANK u=23/18 r=1 gens=2
FIBSURV Sig=4 t=47/67 u=23/18
SKIPISO t=47/67 u=23/18
MWRANK u=20/23 r=1 gens=2
FIBSURV Sig=4 t=107/95 u=20/23
SKIPISO t=107/95 u=20/23
MWRANK u=19/23 r=2 gens=2
FIBSURV Sig=4 t=7/6 u=19/23
SKIPISO t=7/6 u=19/23
MWRANK u=-23/17 r=2 gens=2
FIBSURV Sig=4 t=67/27 u=-23/17
SKIPISO t=67/27 u=-23/17
MWRANK u=3/23 r=1 gens=2
FIBSURV Sig=4 t=12/7 u=3/23
SKIPISO t=12/7 u=3/23
MWRANK u=23 r=1 gens=2
FIBSURV Sig=4 t=53/9 u=23
SKIPISO t=53/9 u=23
MWRANK u=-15/23 r=2 gens=2
FIBSURV Sig=4 t=141/65 u=-15/23
SKIPISO t=141/65 u=-15/23
MWRANK u=-7/23 r=3 gens=2
FIBSURV Sig=4 t=121/61 u=-7/23
SKIPISO t=121/61 u=-7/23
MWRANK u=-3/23 r=1 gens=2
FIBSURV Sig=4 t=111/59 u=-3/23
SKIPISO t=111/59 u=-3/23
MWRANK u=13/23 r=2 gens=2
FIBSURV Sig=4 t=71/51 u=13/23
SKIPISO t=71/51 u=13/23
MWSKIP u=18/23 bounds=[1,3]
FIBSURV Sig=4 t=117/97 u=18/23
SKIPISO t=117/97 u=18/23
MWRANK u=23/19 r=2 gens=2
FIBSURV Sig=4 t=7/9 u=23/19
SKIPISO t=7/9 u=23/19
MWRANK u=23/22 r=2 gens=2
FIBSURV Sig=4 t=83/87 u=23/22
SKIPISO t=83/87 u=23/22
MWRANK u=23/6 r=1 gens=2
FIBSURV Sig=4 t=-61/7 u=23/6
SKIPISO t=-61/7 u=23/6
MWRANK u=-23/19 r=1 gens=2
FIBSURV Sig=4 t=143/59 u=-23/19
SKIPISO t=143/59 u=-23/19
MWRANK u=23/10 r=1 gens=2
FIBSURV Sig=4 t=-25/27 u=23/10
SKIPISO t=-25/27 u=23/10
MWRANK u=-1/23 r=4 gens=2
FIBSURV Sig=4 t=53/29 u=-1/23
SKIPISO t=53/29 u=-1/23
MWRANK u=5/23 r=3 gens=2
FIBSURV Sig=4 t=91/55 u=5/23
SKIPISO t=91/55 u=5/23
MWRANK u=-23/2 r=1 gens=2
FIBSURV Sig=4 t=133/33 u=-23/2
SKIPISO t=133/33 u=-23/2
MWRANK u=23/5 r=1 gens=2
FIBSURV Sig=4 t=-35 u=23/5
SKIPISO t=-35 u=23/5
MWRANK u=23/8 r=2 gens=2
FIBSURV Sig=4 t=-43/17 u=23/8
SKIPISO t=-43/17 u=23/8
MWRANK u=-13/23 r=2 gens=2
FIBSURV Sig=4 t=17/8 u=-13/23
SKIPISO t=17/8 u=-13/23
MWRANK u=-9/23 r=2 gens=2
FIBSURV Sig=4 t=63/31 u=-9/23
SKIPISO t=63/31 u=-9/23
MWRANK u=9/23 r=1 gens=2
FIBSURV Sig=4 t=81/53 u=9/23
SKIPISO t=81/53 u=9/23
MWRANK u=14/23 r=3 gens=2
FIBSURV Sig=4 t=137/101 u=14/23
SKIPISO t=137/101 u=14/23
MWRANK u=23/7 r=1 gens=2
FIBSURV Sig=4 t=-13/3 u=23/7
SKIPISO t=-13/3 u=23/7
MWRANK u=-23 r=1 gens=2
FIBSURV Sig=4 t=31/7 u=-23
SKIPISO t=31/7 u=-23
MWRANK u=17/23 r=1 gens=2
FIBSURV Sig=4 t=61/49 u=17/23
SKIPISO t=61/49 u=17/23
MWRANK u=-23/21 r=2 gens=2
FIBSURV Sig=4 t=19/8 u=-23/21
SKIPISO t=19/8 u=-23/21
MWRANK u=21/23 r=3 gens=2
FIBSURV Sig=4 t=51/47 u=21/23
SKIPISO t=51/47 u=21/23
MWRANK u=-24/19 r=3 gens=2
MWRANK u=17/24 r=2 gens=2
FIBSURV Sig=4 t=131/103 u=17/24
SKIPISO t=131/103 u=17/24
MWRANK u=24/19 r=1 gens=2
FIBSURV Sig=4 t=51/71 u=24/19
SKIPISO t=51/71 u=24/19
MWRANK u=19/24 r=2 gens=2
FIBSURV Sig=4 t=121/101 u=19/24
SKIPISO t=121/101 u=19/24
MWRANK u=24/13 r=3 gens=2
FIBSURV Sig=4 t=-3/41 u=24/13
SKIPISO t=-3/41 u=24/13
MWRANK u=24/7 r=2 gens=2
FIBSURV Sig=4 t=-57/11 u=24/7
SKIPISO t=-57/11 u=24/7
MWRANK u=23/24 r=1 gens=2
FIBSURV Sig=4 t=101/97 u=23/24
SKIPISO t=101/97 u=23/24
MWRANK u=24/11 r=1 gens=2
FIBSURV Sig=4 t=-21/31 u=24/11
SKIPISO t=-21/31 u=24/11
MWRANK u=-24 r=1 gens=2
FIBSURV Sig=4 t=129/29 u=-24
SKIPISO t=129/29 u=-24
MWRANK u=24/17 r=1 gens=2
FIBSURV Sig=4 t=33/61 u=24/17
SKIPISO t=33/61 u=24/17
MWRANK u=24/23 r=3 gens=2
FIBSURV Sig=4 t=87/91 u=24/23
SKIPISO t=87/91 u=24/23
MWRANK u=25/9 r=1 gens=2
FIBSURV Sig=4 t=-11/5 u=25/9
SKIPISO t=-11/5 u=25/9
MWRANK u=25/3 r=1 gens=2
FIBSURV Sig=4 t=49/5 u=25/3
SKIPISO t=49/5 u=25/3
MWRANK u=-11/25 r=1 gens=2
FIBSURV Sig=4 t=35/17 u=-11/25
SKIPISO t=35/17 u=-11/25
MWRANK u=25/17 r=2 gens=2
FIBSURV Sig=4 t=7/15 u=25/17
SKIPISO t=7/15 u=25/17
MWRANK u=25/14 r=2 gens=2
FIBSURV Sig=4 t=1/45 u=25/14
SKIPISO t=1/45 u=25/14
MWRANK u=25/4 r=1 gens=2
FIBSURV Sig=4 t=89/5 u=25/4
SKIPISO t=89/5 u=25/4
MWRANK u=13/25 r=1 gens=2
FIBSURV Sig=4 t=10/7 u=13/25
SKIPISO t=10/7 u=13/25
MWRANK u=-7/25 r=2 gens=2
FIBSURV Sig=4 t=65/33 u=-7/25
SKIPISO t=65/33 u=-7/25
MWRANK u=25/11 r=2 gens=2
FIBSURV Sig=4 t=-13/15 u=25/11
SKIPISO t=-13/15 u=25/11
MWRANK u=25/7 r=2 gens=2
FIBSURV Sig=4 t=-31/5 u=25/7
SKIPISO t=-31/5 u=25/7
MWRANK u=25/12 r=3 gens=2
FIBSURV Sig=4 t=-17/35 u=25/12
SKIPISO t=-17/35 u=25/12
MWRANK u=16/25 r=1 gens=2
FIBSURV Sig=4 t=145/109 u=16/25
SKIPISO t=145/109 u=16/25
MWRANK u=-25/23 r=2 gens=2
FIBSURV Sig=4 t=83/35 u=-25/23
SKIPISO t=83/35 u=-25/23
MWRANK u=-25 r=2 gens=2
FIBSURV Sig=4 t=67/15 u=-25
SKIPISO t=67/15 u=-25
MWRANK u=19/25 r=3 gens=2
FIBSURV Sig=4 t=65/53 u=19/25
SKIPISO t=65/53 u=19/25
MWRANK u=25 r=2 gens=2
FIBSURV Sig=4 t=29/5 u=25
SKIPISO t=29/5 u=25
MWRANK u=1/25 r=2 gens=2
FIBSURV Sig=4 t=55/31 u=1/25
SKIPISO t=55/31 u=1/25
MWRANK u=-25/17 r=1 gens=2
FIBSURV Sig=4 t=139/55 u=-25/17
SKIPISO t=139/55 u=-25/17
MWRANK u=-25/19 r=1 gens=2
FIBSURV Sig=4 t=37/15 u=-25/19
SKIPISO t=37/15 u=-25/19
MWSKIP u=7/25 bounds=[1,3]
FIBSURV Sig=4 t=95/59 u=7/25
SKIPISO t=95/59 u=7/25
MWSKIP u=22/25 bounds=[1,3]
FIBSURV Sig=4 t=115/103 u=22/25
SKIPISO t=115/103 u=22/25
MWRANK u=25/23 r=2 gens=2
FIBSURV Sig=4 t=41/45 u=25/23
SKIPISO t=41/45 u=25/23
MWRANK u=25/8 r=1 gens=2
FIBSURV Sig=4 t=-53/15 u=25/8
SKIPISO t=-53/15 u=25/8
MWRANK u=-19/25 r=1 gens=2
FIBSURV Sig=4 t=20/9 u=-19/25
SKIPISO t=20/9 u=-19/25
MWRANK u=-1/25 r=2 gens=2
FIBSURV Sig=4 t=115/63 u=-1/25
SKIPISO t=115/63 u=-1/25
MWRANK u=25/19 r=2 gens=2
FIBSURV Sig=4 t=23/35 u=25/19
SKIPISO t=23/35 u=25/19
MWRANK u=3/25 r=2 gens=2
FIBSURV Sig=4 t=105/61 u=3/25
SKIPISO t=105/61 u=3/25
MWRANK u=-9/25 r=1 gens=2
FIBSURV Sig=4 t=135/67 u=-9/25
SKIPISO t=135/67 u=-9/25
MWRANK u=25/6 r=2 gens=2
FIBSURV Sig=4 t=-71/5 u=25/6
SKIPISO t=-71/5 u=25/6
MWRANK u=-25/7 r=1 gens=2
FIBSURV Sig=4 t=47/15 u=-25/7
SKIPISO t=47/15 u=-25/7
MWRANK u=25/24 r=2 gens=2
FIBSURV Sig=4 t=91/95 u=25/24
SKIPISO t=91/95 u=25/24
MWRANK u=25/16 r=3 gens=2
FIBSURV Sig=4 t=19/55 u=25/16
SKIPISO t=19/55 u=25/16
MWRANK u=-25/11 r=1 gens=2
FIBSURV Sig=4 t=14/5 u=-25/11
SKIPISO t=14/5 u=-25/11
MWRANK u=17/25 r=2 gens=2
FIBSURV Sig=4 t=35/27 u=17/25
SKIPISO t=35/27 u=17/25
MWRANK u=-13/25 r=2 gens=2
FIBSURV Sig=4 t=145/69 u=-13/25
SKIPISO t=145/69 u=-13/25
MWRANK u=-25/3 r=2 gens=2
FIBSURV Sig=4 t=19/5 u=-25/3
SKIPISO t=19/5 u=-25/3
MWRANK u=24/25 r=3 gens=2
FIBSURV Sig=4 t=105/101 u=24/25
SKIPISO t=105/101 u=24/25
MWRANK u=25/21 r=3 gens=2
FIBSURV Sig=4 t=4/5 u=25/21
SKIPISO t=4/5 u=25/21
MWRANK u=18/25 r=1 gens=2
FIBSURV Sig=4 t=135/107 u=18/25
SKIPISO t=135/107 u=18/25
MWRANK u=23/25 r=1 gens=2
FIBSURV Sig=4 t=55/51 u=23/25
SKIPISO t=55/51 u=23/25
MWRANK u=25/18 r=2 gens=2
FIBSURV Sig=4 t=37/65 u=25/18
SKIPISO t=37/65 u=25/18
MWRANK u=9/25 r=2 gens=2
FIBSURV Sig=4 t=45/29 u=9/25
SKIPISO t=45/29 u=9/25
MWRANK u=25/22 r=3 gens=2
FIBSURV Sig=4 t=73/85 u=25/22
SKIPISO t=73/85 u=25/22
MWRANK u=21/25 r=1 gens=2
FIBSURV Sig=4 t=15/13 u=21/25
SKIPISO t=15/13 u=21/25
MWRANK u=26 r=1 gens=2
FIBSURV Sig=4 t=121/21 u=26
SKIPISO t=121/21 u=26
MWRANK u=26/25 r=2 gens=2
FIBSURV Sig=4 t=95/99 u=26/25
SKIPISO t=95/99 u=26/25
MWRANK u=26/23 r=3 gens=2
FIBSURV Sig=4 t=77/89 u=26/23
SKIPISO t=77/89 u=26/23
MWRANK u=26/19 r=1 gens=2
FIBSURV Sig=4 t=41/69 u=26/19
SKIPISO t=41/69 u=26/19
MWRANK u=26/15 r=3 gens=2
FIBSURV Sig=4 t=5/49 u=26/15
SKIPISO t=5/49 u=26/15
MWRANK u=26/5 r=1 gens=2
FIBSURV Sig=4 t=85 u=26/5
SKIPISO t=85 u=26/5
MWRANK u=26/9 r=1 gens=2
FIBSURV Sig=4 t=-49/19 u=26/9
SKIPISO t=-49/19 u=26/9
MWRANK u=26/11 r=3 gens=2
FIBSURV Sig=4 t=-31/29 u=26/11
SKIPISO t=-31/29 u=26/11
MWRANK u=25/26 r=2 gens=2
FIBSURV Sig=4 t=109/105 u=25/26
SKIPISO t=109/105 u=25/26
MWRANK u=17/26 r=2 gens=2
FIBSURV Sig=4 t=149/113 u=17/26
SKIPISO t=149/113 u=17/26
MWRANK u=26/17 r=1 gens=2
FIBSURV Sig=4 t=23/59 u=26/17
SKIPISO t=23/59 u=26/17
MWRANK u=-26 r=2 gens=2
FIBSURV Sig=4 t=139/31 u=-26
SKIPISO t=139/31 u=-26
MWRANK u=26/21 r=1 gens=2
FIBSURV Sig=4 t=59/79 u=26/21
SKIPISO t=59/79 u=26/21
MWRANK u=21/26 r=2 gens=2
FIBSURV Sig=4 t=129/109 u=21/26
SKIPISO t=129/109 u=21/26
MWRANK u=19/26 r=2 gens=2
FIBSURV Sig=4 t=139/111 u=19/26
SKIPISO t=139/111 u=19/26
MWRANK u=26/3 r=3 gens=2
FIBSURV Sig=4 t=103/11 u=26/3
SKIPISO t=103/11 u=26/3
MWRANK u=23/26 r=1 gens=2
FIBSURV Sig=4 t=119/107 u=23/26
SKIPISO t=119/107 u=23/26
MWRANK u=26/7 r=2 gens=2
FIBSURV Sig=4 t=-67/9 u=26/7
SKIPISO t=-67/9 u=26/7
MWRANK u=27/26 r=2 gens=2
FIBSURV Sig=4 t=99/103 u=27/26
SKIPISO t=99/103 u=27/26
MWRANK u=27/25 r=1 gens=2
FIBSURV Sig=4 t=45/49 u=27/25
SKIPISO t=45/49 u=27/25
MWRANK u=11/27 r=2 gens=2
FIBSURV Sig=4 t=47/31 u=11/27
SKIPISO t=47/31 u=11/27
MWRANK u=27/23 r=2 gens=2
FIBSURV Sig=4 t=9/11 u=27/23
SKIPISO t=9/11 u=27/23
MWRANK u=-17/27 r=1 gens=2
FIBSURV Sig=4 t=41/19 u=-17/27
SKIPISO t=41/19 u=-17/27
MWRANK u=-27/25 r=3 gens=2
FIBSURV Sig=4 t=45/19 u=-27/25
SKIPISO t=45/19 u=-27/25
MWRANK u=27/8 r=3 gens=2
FIBSURV Sig=4 t=-63/13 u=27/8
SKIPISO t=-63/13 u=27/8
MWRANK u=-27/17 r=1 gens=2
FIBSURV Sig=4 t=18/7 u=-27/17
SKIPISO t=18/7 u=-27/17
MWRANK u=-1/27 r=1 gens=2
FIBSURV Sig=4 t=31/17 u=-1/27
SKIPISO t=31/17 u=-1/27
MWSKIP u=20/27 bounds=[1,3]
FIBSURV Sig=4 t=143/115 u=20/27
SKIPISO t=143/115 u=20/27
MWRANK u=-7/27 r=2 gens=2
FIBSURV Sig=4 t=139/71 u=-7/27
SKIPISO t=139/71 u=-7/27
MWRANK u=27/17 r=2 gens=2
FIBSURV Sig=4 t=9/29 u=27/17
SKIPISO t=9/29 u=27/17
MWRANK u=-11/27 r=3 gens=2
FIBSURV Sig=4 t=149/73 u=-11/27
SKIPISO t=149/73 u=-11/27
MWRANK u=27/2 r=1 gens=2
FIBSURV Sig=4 t=117/17 u=27/2
SKIPISO t=117/17 u=27/2
MWRANK u=-27 r=1 gens=2
FIBSURV Sig=4 t=9/2 u=-27
SKIPISO t=9/2 u=-27
MWRANK u=27/22 r=2 gens=2
FIBSURV Sig=4 t=63/83 u=27/22
SKIPISO t=63/83 u=27/22
MWRANK u=-25/27 r=1 gens=2
FIBSURV Sig=4 t=23/10 u=-25/27
SKIPISO t=23/10 u=-25/27
MWRANK u=17/27 r=1 gens=2
FIBSURV Sig=4 t=79/59 u=17/27
SKIPISO t=79/59 u=17/27
MWRANK u=27/19 r=2 gens=2
FIBSURV Sig=4 t=9/17 u=27/19
SKIPISO t=9/17 u=27/19
MWRANK u=23/27 r=1 gens=2
FIBSURV Sig=4 t=8/7 u=23/27
SKIPISO t=8/7 u=23/27
MWRANK u=27 r=2 gens=2
FIBSURV Sig=4 t=63/11 u=27
SKIPISO t=63/11 u=27
MWRANK u=27/20 r=1 gens=2
FIBSURV Sig=4 t=45/73 u=27/20
SKIPISO t=45/73 u=27/20
MWRANK u=5/27 r=1 gens=2
FIBSURV Sig=4 t=109/65 u=5/27
SKIPISO t=109/65 u=5/27
MWRANK u=1/27 r=3 gens=2
FIBSURV Sig=4 t=119/67 u=1/27
SKIPISO t=119/67 u=1/27
MWRANK u=-27/11 r=1 gens=2
FIBSURV Sig=4 t=117/41 u=-27/11
SKIPISO t=117/41 u=-27/11
MWRANK u=22/27 r=1 gens=2
FIBSURV Sig=4 t=133/113 u=22/27
SKIPISO t=133/113 u=22/27
MWRANK u=-27/5 r=1 gens=2
FIBSURV Sig=4 t=45/13 u=-27/5
SKIPISO t=45/13 u=-27/5
MWRANK u=27/10 r=2 gens=2
FIBSURV Sig=4 t=-45/23 u=27/10
SKIPISO t=-45/23 u=27/10
MWRANK u=-13/27 r=2 gens=2
FIBSURV Sig=4 t=77/37 u=-13/27
SKIPISO t=77/37 u=-13/27
MWRANK u=27/14 r=2 gens=2
FIBSURV Sig=4 t=-9/43 u=27/14
SKIPISO t=-9/43 u=27/14
MWRANK u=27/5 r=1 gens=2
FIBSURV Sig=4 t=45 u=27/5
SKIPISO t=45 u=27/5
MWRANK u=27/13 r=3 gens=2
FIBSURV Sig=4 t=-9/19 u=27/13
SKIPISO t=-9/19 u=27/13
MWRANK u=25/27 r=2 gens=2
FIBSURV Sig=4 t=59/55 u=25/27
SKIPISO t=59/55 u=25/27
MWRANK u=13/27 r=3 gens=2
FIBSURV Sig=4 t=89/61 u=13/27
SKIPISO t=89/61 u=13/27
MWRANK u=27/16 r=1 gens=2
FIBSURV Sig=4 t=9/53 u=27/16
SKIPISO t=9/53 u=27/16
MWRANK u=-27/13 r=2 gens=2
FIBSURV Sig=4 t=63/23 u=-27/13
SKIPISO t=63/23 u=-27/13
MWRANK u=19/27 r=2 gens=2
FIBSURV Sig=4 t=37/29 u=19/27
SKIPISO t=37/29 u=19/27
MWRANK u=-27/7 r=2 gens=2
FIBSURV Sig=4 t=99/31 u=-27/7
SKIPISO t=99/31 u=-27/7
MWSKIP u=26/27 bounds=[1,3]
FIBSURV Sig=4 t=113/109 u=26/27
SKIPISO t=113/109 u=26/27
MWRANK u=27/11 r=2 gens=2
FIBSURV Sig=4 t=-9/7 u=27/11
SKIPISO t=-9/7 u=27/11
MWRANK u=28/23 r=1 gens=2
FIBSURV Sig=4 t=67/87 u=28/23
SKIPISO t=67/87 u=28/23
MWRANK u=28/25 r=3 gens=2
FIBSURV Sig=4 t=85/97 u=28/25
SKIPISO t=85/97 u=28/25
MWRANK u=28/5 r=3 gens=2
FIBSURV Sig=4 t=95/3 u=28/5
SKIPISO t=95/3 u=28/5
MWRANK u=28/9 r=3 gens=2
FIBSURV Sig=4 t=-59/17 u=28/9
SKIPISO t=-59/17 u=28/9
MWRANK u=28/27 r=1 gens=2
FIBSURV Sig=4 t=103/107 u=28/27
SKIPISO t=103/107 u=28/27
MWSKIP u=28/19 bounds=[1,3]
FIBSURV Sig=4 t=31/67 u=28/19
SKIPISO t=31/67 u=28/19
MWRANK u=28/15 r=1 gens=2
FIBSURV Sig=4 t=-5/47 u=28/15
SKIPISO t=-5/47 u=28/15
MWRANK u=25/28 r=3 gens=2
FIBSURV Sig=4 t=127/115 u=25/28
SKIPISO t=127/115 u=25/28
MWRANK u=28/11 r=1 gens=2
FIBSURV Sig=4 t=-41/27 u=28/11
SKIPISO t=-41/27 u=28/11
MWRANK u=27/28 r=1 gens=2
FIBSURV Sig=4 t=117/113 u=27/28
SKIPISO t=117/113 u=27/28
MWRANK u=23/28 r=3 gens=2
FIBSURV Sig=4 t=137/117 u=23/28
SKIPISO t=137/117 u=23/28
MWRANK u=28/13 r=1 gens=2
FIBSURV Sig=4 t=-23/37 u=28/13
SKIPISO t=-23/37 u=28/13
MWRANK u=28/3 r=3 gens=2
FIBSURV Sig=4 t=113/13 u=28/3
SKIPISO t=113/13 u=28/3
MWRANK u=28/17 r=1 gens=2
FIBSURV Sig=4 t=13/57 u=28/17
SKIPISO t=13/57 u=28/17
MWRANK u=-29/2 r=2 gens=2
FIBSURV Sig=4 t=163/39 u=-29/2
SKIPISO t=163/39 u=-29/2
MWRANK u=27/29 r=1 gens=2
FIBSURV Sig=4 t=63/59 u=27/29
SKIPISO t=63/59 u=27/29
MWRANK u=-29/3 r=1 gens=2
FIBSURV Sig=4 t=43/11 u=-29/3
SKIPISO t=43/11 u=-29/3
MWRANK u=3/29 r=1 gens=2
FIBSURV Sig=4 t=123/71 u=3/29
SKIPISO t=123/71 u=3/29
MWSKIP u=7/29 bounds=[1,3]
FIBSURV Sig=4 t=113/69 u=7/29
SKIPISO t=113/69 u=7/29
MWRANK u=-19/29 r=2 gens=2
FIBSURV Sig=4 t=89/41 u=-19/29
SKIPISO t=89/41 u=-19/29
MWRANK u=-29/11 r=2 gens=2
FIBSURV Sig=4 t=61/21 u=-29/11
SKIPISO t=61/21 u=-29/11
MWRANK u=-29/19 r=2 gens=2
FIBSURV Sig=4 t=79/31 u=-29/19
SKIPISO t=79/31 u=-29/19
MWRANK u=29/13 r=2 gens=2
FIBSURV Sig=4 t=-7/9 u=29/13
SKIPISO t=-7/9 u=29/13
MWRANK u=-29/9 r=1 gens=2
FIBSURV Sig=4 t=113/37 u=-29/9
SKIPISO t=113/37 u=-29/9
MWRANK u=29/12 r=1 gens=2
FIBSURV Sig=4 t=-37/31 u=29/12
SKIPISO t=-37/31 u=29/12
MWRANK u=29/27 r=1 gens=2
FIBSURV Sig=4 t=49/53 u=29/27
SKIPISO t=49/53 u=29/27
MWRANK u=-29/5 r=2 gens=2
FIBSURV Sig=4 t=95/27 u=-29/5
SKIPISO t=95/27 u=-29/5
MWRANK u=-5/29 r=3 gens=2
FIBSURV Sig=4 t=143/75 u=-5/29
SKIPISO t=143/75 u=-5/29
MWRANK u=-29/15 r=3 gens=2
FIBSURV Sig=4 t=35/13 u=-29/15
SKIPISO t=35/13 u=-29/15
MWRANK u=-27/29 r=2 gens=2
FIBSURV Sig=4 t=99/43 u=-27/29
SKIPISO t=99/43 u=-27/29
MWSKIP u=28/29 bounds=[2,4]
FIBSURV Sig=4 t=121/117 u=28/29
SKIPISO t=121/117 u=28/29
MWRANK u=11/29 r=1 gens=2
FIBSURV Sig=4 t=103/67 u=11/29
SKIPISO t=103/67 u=11/29
MWRANK u=13/29 r=2 gens=2
FIBSURV Sig=4 t=49/33 u=13/29
SKIPISO t=49/33 u=13/29
MWRANK u=29/3 r=1 gens=2
FIBSURV Sig=4 t=59/7 u=29/3
SKIPISO t=59/7 u=29/3
MWRANK u=29/11 r=1 gens=2
FIBSURV Sig=4 t=-23/13 u=29/11
SKIPISO t=-23/13 u=29/11
MWSKIP u=29/20 bounds=[1,3]
FIBSURV Sig=4 t=35/71 u=29/20
SKIPISO t=35/71 u=29/20
MWRANK u=29/22 r=2 gens=2
FIBSURV Sig=4 t=53/81 u=29/22
SKIPISO t=53/81 u=29/22
MWRANK u=-1/29 r=1 gens=2
FIBSURV Sig=4 t=133/73 u=-1/29
SKIPISO t=133/73 u=-1/29
MWRANK u=1/29 r=2 gens=2
FIBSURV Sig=4 t=16/9 u=1/29
SKIPISO t=16/9 u=1/29
MWRANK u=29/7 r=1 gens=2
FIBSURV Sig=4 t=-41/3 u=29/7
SKIPISO t=-41/3 u=29/7
MWRANK u=29/8 r=2 gens=2
FIBSURV Sig=4 t=-73/11 u=29/8
SKIPISO t=-73/11 u=29/8
MWRANK u=29/10 r=2 gens=2
FIBSURV Sig=4 t=-55/21 u=29/10
SKIPISO t=-55/21 u=29/10
MWRANK u=29/18 r=1 gens=2
FIBSURV Sig=4 t=17/61 u=29/18
SKIPISO t=17/61 u=29/18
MWRANK u=29/16 r=3 gens=2
FIBSURV Sig=4 t=-1/51 u=29/16
SKIPISO t=-1/51 u=29/16
MWRANK u=-7/29 r=1 gens=2
FIBSURV Sig=4 t=37/19 u=-7/29
SKIPISO t=37/19 u=-7/29
MWRANK u=-29/23 r=2 gens=2
FIBSURV Sig=4 t=22/9 u=-29/23
SKIPISO t=22/9 u=-29/23
MWRANK u=29/21 r=2 gens=2
FIBSURV Sig=4 t=11/19 u=29/21
SKIPISO t=11/19 u=29/21
MWRANK u=-29/27 r=2 gens=2
FIBSURV Sig=4 t=97/41 u=-29/27
SKIPISO t=97/41 u=-29/27
MWRANK u=9/29 r=2 gens=2
FIBSURV Sig=4 t=27/17 u=9/29
SKIPISO t=27/17 u=9/29
MWRANK u=23/29 r=3 gens=2
FIBSURV Sig=4 t=73/61 u=23/29
SKIPISO t=73/61 u=23/29
MWRANK u=29/19 r=1 gens=2
FIBSURV Sig=4 t=13/33 u=29/19
SKIPISO t=13/33 u=29/19
MWRANK u=29/6 r=1 gens=2
FIBSURV Sig=4 t=-91 u=29/6
SKIPISO t=-91 u=29/6
MWRANK u=29/26 r=2 gens=2
FIBSURV Sig=4 t=89/101 u=29/26
SKIPISO t=89/101 u=29/26
MWRANK u=-29/17 r=1 gens=2
FIBSURV Sig=4 t=149/57 u=-29/17
SKIPISO t=149/57 u=-29/17
MWRANK u=21/29 r=2 gens=2
FIBSURV Sig=4 t=39/31 u=21/29
SKIPISO t=39/31 u=21/29
MWRANK u=24/29 r=3 gens=2
FIBSURV Sig=4 t=141/121 u=24/29
SKIPISO t=141/121 u=24/29
MWRANK u=29/15 r=1 gens=2
FIBSURV Sig=4 t=-5/23 u=29/15
SKIPISO t=-5/23 u=29/15
MWRANK u=29/5 r=2 gens=2
FIBSURV Sig=4 t=25 u=29/5
SKIPISO t=25 u=29/5
MWRANK u=-3/29 r=2 gens=2
FIBSURV Sig=4 t=69/37 u=-3/29
SKIPISO t=69/37 u=-3/29
MWRANK u=-29/13 r=3 gens=2
FIBSURV Sig=4 t=131/47 u=-29/13
SKIPISO t=131/47 u=-29/13
MWRANK u=29/2 r=2 gens=2
FIBSURV Sig=4 t=127/19 u=29/2
SKIPISO t=127/19 u=29/2
MWRANK u=29/28 r=1 gens=2
FIBSURV Sig=4 t=107/111 u=29/28
SKIPISO t=107/111 u=29/28
MWRANK u=29/14 r=3 gens=2
FIBSURV Sig=4 t=-19/41 u=29/14
SKIPISO t=-19/41 u=29/14
MWRANK u=29/4 r=2 gens=2
FIBSURV Sig=4 t=109/9 u=29/4
SKIPISO t=109/9 u=29/4
MWRANK u=19/29 r=1 gens=2
FIBSURV Sig=4 t=83/63 u=19/29
SKIPISO t=83/63 u=19/29
MWRANK u=-13/29 r=3 gens=2
MWRANK u=26/29 r=3 gens=2
FIBSURV Sig=4 t=131/119 u=26/29
SKIPISO t=131/119 u=26/29
MWRANK u=25/29 r=3 gens=2
FIBSURV Sig=4 t=17/15 u=25/29
SKIPISO t=17/15 u=25/29
MWRANK u=-23/29 r=1 gens=2
FIBSURV Sig=4 t=47/21 u=-23/29
SKIPISO t=47/21 u=-23/29
MWRANK u=15/29 r=2 gens=2
FIBSURV Sig=4 t=93/65 u=15/29
SKIPISO t=93/65 u=15/29
MWRANK u=-15/29 r=2 gens=2
FIBSURV Sig=4 t=21/10 u=-15/29
SKIPISO t=21/10 u=-15/29
MWRANK u=29/23 r=2 gens=2
FIBSURV Sig=4 t=31/43 u=29/23
SKIPISO t=31/43 u=29/23
MWRANK u=29/17 r=1 gens=2
FIBSURV Sig=4 t=1/7 u=29/17
SKIPISO t=1/7 u=29/17
MWRANK u=5/29 r=2 gens=2
FIBSURV Sig=4 t=59/35 u=5/29
SKIPISO t=59/35 u=5/29
MWRANK u=29/24 r=2 gens=2
FIBSURV Sig=4 t=71/91 u=29/24
SKIPISO t=71/91 u=29/24
MWRANK u=17/29 r=2 gens=2
FIBSURV Sig=4 t=11/8 u=17/29
SKIPISO t=11/8 u=17/29
MWRANK u=30 r=1 gens=2
FIBSURV Sig=4 t=141/25 u=30
SKIPISO t=141/25 u=30
MWRANK u=-30 r=2 gens=2
FIBSURV Sig=4 t=159/35 u=-30
SKIPISO t=159/35 u=-30
MWRANK u=30/23 r=3 gens=2
FIBSURV Sig=4 t=57/85 u=30/23
SKIPISO t=57/85 u=30/23
MWRANK u=30/11 r=1 gens=2
FIBSURV Sig=4 t=-51/25 u=30/11
SKIPISO t=-51/25 u=30/11
MWRANK u=30/19 r=2 gens=2
FIBSURV Sig=4 t=21/65 u=30/19
SKIPISO t=21/65 u=30/19
MWRANK u=29/30 r=1 gens=2
FIBSURV Sig=4 t=125/121 u=29/30
SKIPISO t=125/121 u=29/30
MWRANK u=30/13 r=1 gens=2
FIBSURV Sig=4 t=-33/35 u=30/13
SKIPISO t=-33/35 u=30/13
MWRANK u=30/7 r=2 gens=2
FIBSURV Sig=4 t=-87/5 u=30/7
SKIPISO t=-87/5 u=30/7
MWRANK u=30/29 r=3 gens=2
FIBSURV Sig=4 t=111/115 u=30/29
SKIPISO t=111/115 u=30/29
MWRANK u=30/17 r=3 gens=2
FIBSURV Sig=4 t=3/55 u=30/17
SKIPISO t=3/55 u=30/17
MWSKIP u=1/31 bounds=[1,3]
FIBSURV Sig=4 t=137/77 u=1/31
SKIPISO t=137/77 u=1/31
MWRANK u=31/20 r=1 gens=2
FIBSURV Sig=4 t=25/69 u=31/20
SKIPISO t=25/69 u=31/20
MWRANK u=31/4 r=1 gens=2
FIBSURV Sig=4 t=119/11 u=31/4
SKIPISO t=119/11 u=31/4
MWRANK u=31/7 r=1 gens=2
FIBSURV Sig=4 t=-23 u=31/7
SKIPISO t=-23 u=31/7
MWRANK u=31/26 r=1 gens=2
FIBSURV Sig=4 t=79/99 u=31/26
SKIPISO t=79/99 u=31/26
MWRANK u=31/21 r=2 gens=2
FIBSURV Sig=4 t=17/37 u=31/21
SKIPISO t=17/37 u=31/21
MWRANK u=31/23 r=2 gens=2
FIBSURV Sig=4 t=13/21 u=31/23
SKIPISO t=13/21 u=31/23
MWRANK u=31/5 r=1 gens=2
FIBSURV Sig=4 t=55/3 u=31/5
SKIPISO t=55/3 u=31/5
MWRANK u=31/13 r=2 gens=2
FIBSURV Sig=4 t=-19/17 u=31/13
SKIPISO t=-19/17 u=31/13
MWRANK u=-31/7 r=2 gens=2
FIBSURV Sig=4 t=109/33 u=-31/7
SKIPISO t=109/33 u=-31/7
MWRANK u=31 r=1 gens=2
FIBSURV Sig=4 t=73/13 u=31
SKIPISO t=73/13 u=31
MWRANK u=-31/3 r=2 gens=2
FIBSURV Sig=4 t=91/23 u=-31/3
SKIPISO t=91/23 u=-31/3
MWRANK u=-21/31 r=1 gens=2
FIBSURV Sig=4 t=24/11 u=-21/31
SKIPISO t=24/11 u=-21/31
MWRANK u=31/28 r=1 gens=2
FIBSURV Sig=4 t=97/109 u=31/28
SKIPISO t=97/109 u=31/28
MWRANK u=-31/2 r=1 gens=2
FIBSURV Sig=4 t=173/41 u=-31/2
SKIPISO t=173/41 u=-31/2
MWRANK u=-31 r=1 gens=2
FIBSURV Sig=4 t=41/9 u=-31
SKIPISO t=41/9 u=-31
MWRANK u=13/31 r=1 gens=2
FIBSURV Sig=4 t=107/71 u=13/31
SKIPISO t=107/71 u=13/31
MWRANK u=-29/31 r=1 gens=2
FIBSURV Sig=4 t=53/23 u=-29/31
SKIPISO t=53/23 u=-29/31
MWRANK u=31/27 r=1 gens=2
FIBSURV Sig=4 t=11/13 u=31/27
SKIPISO t=11/13 u=31/27
MWRANK u=-17/31 r=2 gens=2
FIBSURV Sig=4 t=91/43 u=-17/31
SKIPISO t=91/43 u=-17/31
MWRANK u=31/24 r=1 gens=2
FIBSURV Sig=4 t=61/89 u=31/24
SKIPISO t=61/89 u=31/24
MWRANK u=-3/31 r=2 gens=2
FIBSURV Sig=4 t=147/79 u=-3/31
SKIPISO t=147/79 u=-3/31
MWRANK u=31/22 r=2 gens=2
FIBSURV Sig=4 t=43/79 u=31/22
SKIPISO t=43/79 u=31/22
MWRANK u=31/29 r=2 gens=2
FIBSURV Sig=4 t=53/57 u=31/29
SKIPISO t=53/57 u=31/29
MWRANK u=31/30 r=2 gens=2
FIBSURV Sig=4 t=115/119 u=31/30
SKIPISO t=115/119 u=31/30
MWRANK u=5/31 r=2 gens=2
FIBSURV Sig=4 t=127/75 u=5/31
SKIPISO t=127/75 u=5/31
MWRANK u=30/31 r=1 gens=2
FIBSURV Sig=4 t=129/125 u=30/31
SKIPISO t=129/125 u=30/31
MWRANK u=9/31 r=3 gens=2
FIBSURV Sig=4 t=117/73 u=9/31
SKIPISO t=117/73 u=9/31
MWRANK u=-31/11 r=1 gens=2
FIBSURV Sig=4 t=127/43 u=-31/11
SKIPISO t=127/43 u=-31/11
MWRANK u=11/31 r=1 gens=2
FIBSURV Sig=4 t=14/9 u=11/31
SKIPISO t=14/9 u=11/31
MWRANK u=17/31 r=3 gens=2
FIBSURV Sig=4 t=97/69 u=17/31
SKIPISO t=97/69 u=17/31
MWRANK u=3/31 r=2 gens=2
FIBSURV Sig=4 t=33/19 u=3/31
SKIPISO t=33/19 u=3/31
MWRANK u=-1/31 r=2 gens=2
FIBSURV Sig=4 t=71/39 u=-1/31
SKIPISO t=71/39 u=-1/31
MWRANK u=-25/31 r=1 gens=2
FIBSURV Sig=4 t=101/45 u=-25/31
SKIPISO t=101/45 u=-25/31
MWRANK u=-5/31 r=2 gens=2
FIBSURV Sig=4 t=19/10 u=-5/31
SKIPISO t=19/10 u=-5/31
MWRANK u=28/31 r=1 gens=2
FIBSURV Sig=4 t=139/127 u=28/31
SKIPISO t=139/127 u=28/31
MWRANK u=-31/5 r=2 gens=2
FIBSURV Sig=4 t=25/7 u=-31/5
SKIPISO t=25/7 u=-31/5
MWRANK u=27/31 r=2 gens=2
FIBSURV Sig=4 t=9/8 u=27/31
SKIPISO t=9/8 u=27/31
MWRANK u=31/12 r=1 gens=2
FIBSURV Sig=4 t=-47/29 u=31/12
SKIPISO t=-47/29 u=31/12
MWRANK u=31/3 r=1 gens=2
FIBSURV Sig=4 t=8 u=31/3
SKIPISO t=8 u=31/3
MWRANK u=31/19 r=3 gens=2
FIBSURV Sig=4 t=1/4 u=31/19
SKIPISO t=1/4 u=31/19
MWRANK u=31/11 r=1 gens=2
FIBSURV Sig=4 t=-7/3 u=31/11
SKIPISO t=-7/3 u=31/11
MWRANK u=31/15 r=2 gens=2
FIBSURV Sig=4 t=-5/11 u=31/15
SKIPISO t=-5/11 u=31/15
MWRANK u=31/16 r=1 gens=2
FIBSURV Sig=4 t=-11/49 u=31/16
SKIPISO t=-11/49 u=31/16
MWRANK u=31/10 r=2 gens=2
FIBSURV Sig=4 t=-65/19 u=31/10
SKIPISO t=-65/19 u=31/10
MWRANK u=-31/9 r=1 gens=2
FIBSURV Sig=4 t=59/19 u=-31/9
SKIPISO t=59/19 u=-31/9
MWRANK u=31/9 r=1 gens=2
FIBSURV Sig=4 t=-37/7 u=31/9
SKIPISO t=-37/7 u=31/9
MWRANK u=26/31 r=1 gens=2
FIBSURV Sig=4 t=149/129 u=26/31
SKIPISO t=149/129 u=26/31
MWRANK u=31/6 r=2 gens=2
FIBSURV Sig=4 t=101 u=31/6
SKIPISO t=101 u=31/6
MWRANK u=31/25 r=1 gens=2
FIBSURV Sig=4 t=35/47 u=31/25
SKIPISO t=35/47 u=31/25
MWRANK u=31/17 r=1 gens=2
FIBSURV Sig=4 t=-1/27 u=31/17
SKIPISO t=-1/27 u=31/17
MWRANK u=-31/29 r=3 gens=2
FIBSURV Sig=4 t=26/11 u=-31/29
SKIPISO t=26/11 u=-31/29
MWRANK u=29/31 r=2 gens=2
FIBSURV Sig=4 t=67/63 u=29/31
SKIPISO t=67/63 u=29/31
MWRANK u=-31/13 r=1 gens=2
FIBSURV Sig=4 t=17/6 u=-31/13
SKIPISO t=17/6 u=-31/13
MWRANK u=23/31 r=2 gens=2
FIBSURV Sig=4 t=41/33 u=23/31
SKIPISO t=41/33 u=23/31
MWRANK u=-31/17 r=2 gens=2
FIBSURV Sig=4 t=77/29 u=-31/17
SKIPISO t=77/29 u=-31/17
MWRANK u=31/14 r=4 gens=2
FIBSURV Sig=4 t=-29/39 u=31/14
SKIPISO t=-29/39 u=31/14
MWRANK u=-9/31 r=2 gens=2
FIBSURV Sig=4 t=81/41 u=-9/31
SKIPISO t=81/41 u=-9/31
MWRANK u=31/18 r=2 gens=2
FIBSURV Sig=4 t=7/59 u=31/18
SKIPISO t=7/59 u=31/18
MWRANK u=15/31 r=1 gens=2
FIBSURV Sig=4 t=51/35 u=15/31
SKIPISO t=51/35 u=15/31
MWRANK u=19/31 r=1 gens=2
FIBSURV Sig=4 t=23/17 u=19/31
SKIPISO t=23/17 u=19/31
MWRANK u=-31/21 r=2 gens=2
FIBSURV Sig=4 t=43/17 u=-31/21
SKIPISO t=43/17 u=-31/21
MWRANK u=-31/25 r=2 gens=2
FIBSURV Sig=4 t=95/39 u=-31/25
SKIPISO t=95/39 u=-31/25
MWRANK u=-31/15 r=1 gens=2
FIBSURV Sig=4 t=145/53 u=-31/15
SKIPISO t=145/53 u=-31/15
MWRANK u=25/31 r=1 gens=2
FIBSURV Sig=4 t=77/65 u=25/31
SKIPISO t=77/65 u=25/31
MWRANK u=31/8 r=2 gens=2
FIBSURV Sig=4 t=-83/9 u=31/8
SKIPISO t=-83/9 u=31/8
MWRANK u=-13/31 r=1 gens=2
FIBSURV Sig=4 t=43/21 u=-13/31
SKIPISO t=43/21 u=-13/31
MWRANK u=21/31 r=3 gens=2
FIBSURV Sig=4 t=87/67 u=21/31
SKIPISO t=87/67 u=21/31
MWRANK u=31/32 r=2 gens=2
FIBSURV Sig=4 t=133/129 u=31/32
SKIPISO t=133/129 u=31/32
MWRANK u=32/25 r=1 gens=2
FIBSURV Sig=4 t=65/93 u=32/25
SKIPISO t=65/93 u=32/25
MWRANK u=32/19 r=1 gens=2
FIBSURV Sig=4 t=11/63 u=32/19
SKIPISO t=11/63 u=32/19
MWRANK u=32/9 r=2 gens=2
FIBSURV Sig=4 t=-79/13 u=32/9
SKIPISO t=-79/13 u=32/9
MWRANK u=32/15 r=1 gens=2
FIBSURV Sig=4 t=-25/43 u=32/15
SKIPISO t=-25/43 u=32/15
MWRANK u=29/32 r=1 gens=2
FIBSURV Sig=4 t=143/131 u=29/32
SKIPISO t=143/131 u=29/32
MWRANK u=32/11 r=3 gens=2
FIBSURV Sig=4 t=-61/23 u=32/11
SKIPISO t=-61/23 u=32/11
MWSKIP u=32/29 bounds=[3,5]
FIBSURV Sig=4 t=101/113 u=32/29
SKIPISO t=101/113 u=32/29
MWRANK u=32 r=1 gens=2
FIBSURV Sig=4 t=151/27 u=32
SKIPISO t=151/27 u=32
MWRANK u=-32 r=2 gens=2
FIBSURV Sig=4 t=169/37 u=-32
SKIPISO t=169/37 u=-32
MWRANK u=32/7 r=2 gens=2
FIBSURV Sig=4 t=-97/3 u=32/7
SKIPISO t=-97/3 u=32/7
MWRANK u=32/27 r=1 gens=2
FIBSURV Sig=4 t=83/103 u=32/27
SKIPISO t=83/103 u=32/27
MWRANK u=32/17 r=3 gens=2
FIBSURV Sig=4 t=-7/53 u=32/17
SKIPISO t=-7/53 u=32/17
MWRANK u=32/5 r=1 gens=2
FIBSURV Sig=4 t=115/7 u=32/5
SKIPISO t=115/7 u=32/5
MWRANK u=32/21 r=1 gens=2
FIBSURV Sig=4 t=29/73 u=32/21
SKIPISO t=29/73 u=32/21
MWRANK u=-15/32 r=2 gens=2
FIBSURV Sig=4 t=363/175 u=-15/32
SKIPISO t=363/175 u=-15/32
MWRANK u=32/23 r=1 gens=2
FIBSURV Sig=4 t=47/83 u=32/23
SKIPISO t=47/83 u=32/23
MWRANK u=32/13 r=1 gens=2
FIBSURV Sig=4 t=-43/33 u=32/13
SKIPISO t=-43/33 u=32/13
MWRANK u=32/3 r=1 gens=2
FIBSURV Sig=4 t=133/17 u=32/3
SKIPISO t=133/17 u=32/3
MWRANK u=32/31 r=1 gens=2
FIBSURV Sig=4 t=119/123 u=32/31
SKIPISO t=119/123 u=32/31
MWRANK u=33/19 r=2 gens=2
FIBSURV Sig=4 t=3/31 u=33/19
SKIPISO t=3/31 u=33/19
MWRANK u=-31/33 r=2 gens=2
FIBSURV Sig=4 t=113/49 u=-31/33
SKIPISO t=113/49 u=-31/33
MWRANK u=-33/23 r=2 gens=2
FIBSURV Sig=4 t=93/37 u=-33/23
SKIPISO t=93/37 u=-33/23
MWSKIP u=7/33 bounds=[1,3]
FIBSURV Sig=4 t=131/79 u=7/33
SKIPISO t=131/79 u=7/33
MWRANK u=33/7 r=2 gens=2
FIBSURV Sig=4 t=-51 u=33/7
SKIPISO t=-51 u=33/7
MWRANK u=17/33 r=2 gens=2
FIBSURV Sig=4 t=53/37 u=17/33
SKIPISO t=53/37 u=17/33
MWRANK u=33/2 r=1 gens=2
FIBSURV Sig=4 t=147/23 u=33/2
SKIPISO t=147/23 u=33/2
MWRANK u=-33/13 r=2 gens=2
FIBSURV Sig=4 t=141/49 u=-33/13
SKIPISO t=141/49 u=-33/13
MWRANK u=19/33 r=3 gens=2
FIBSURV Sig=4 t=101/73 u=19/33
SKIPISO t=101/73 u=19/33
MWRANK u=33/26 r=2 gens=2
FIBSURV Sig=4 t=69/97 u=33/26
SKIPISO t=69/97 u=33/26
MWRANK u=33/4 r=1 gens=2
FIBSURV Sig=4 t=129/13 u=33/4
SKIPISO t=129/13 u=33/4
MWRANK u=33/16 r=1 gens=2
FIBSURV Sig=4 t=-21/47 u=33/16
SKIPISO t=-21/47 u=33/16
MWRANK u=33/10 r=3 gens=2
FIBSURV Sig=4 t=-75/17 u=33/10
SKIPISO t=-75/17 u=33/10
MWRANK u=-33/19 r=1 gens=2
FIBSURV Sig=4 t=21/8 u=-33/19
SKIPISO t=21/8 u=-33/19
MWRANK u=-33/31 r=2 gens=2
FIBSURV Sig=4 t=111/47 u=-33/31
SKIPISO t=111/47 u=-33/31
MWRANK u=33/5 r=1 gens=2
FIBSURV Sig=4 t=15 u=33/5
SKIPISO t=15 u=33/5
MWRANK u=33/8 r=1 gens=2
FIBSURV Sig=4 t=-93/7 u=33/8
SKIPISO t=-93/7 u=33/8
MWSKIP u=31/33 bounds=[1,3]
FIBSURV Sig=4 t=71/67 u=31/33
SKIPISO t=71/67 u=31/33
MWRANK u=33/31 r=3 gens=2
FIBSURV Sig=4 t=57/61 u=33/31
SKIPISO t=57/61 u=33/31
MWRANK u=-19/33 r=1 gens=2
FIBSURV Sig=4 t=49/23 u=-19/33
SKIPISO t=49/23 u=-19/33
MWRANK u=5/33 r=2 gens=2
FIBSURV Sig=4 t=17/10 u=5/33
SKIPISO t=17/10 u=5/33
MWRANK u=-7/33 r=2 gens=2
FIBSURV Sig=4 t=83/43 u=-7/33
SKIPISO t=83/43 u=-7/33
MWRANK u=32/33 r=1 gens=2
FIBSURV Sig=4 t=137/133 u=32/33
SKIPISO t=137/133 u=32/33
MWRANK u=-33/7 r=1 gens=2
FIBSURV Sig=4 t=57/17 u=-33/7
SKIPISO t=57/17 u=-33/7
MWRANK u=29/33 r=2 gens=2
FIBSURV Sig=4 t=19/17 u=29/33
SKIPISO t=19/17 u=29/33
MWRANK u=1/33 r=2 gens=2
FIBSURV Sig=4 t=73/41 u=1/33
SKIPISO t=73/41 u=1/33
MWRANK u=33/28 r=1 gens=2
FIBSURV Sig=4 t=87/107 u=33/28
SKIPISO t=87/107 u=33/28
MWRANK u=-33/5 r=2 gens=2
FIBSURV Sig=4 t=105/29 u=-33/5
SKIPISO t=105/29 u=-33/5
MWRANK u=33/29 r=2 gens=2
FIBSURV Sig=4 t=6/7 u=33/29
SKIPISO t=6/7 u=33/29
MWRANK u=23/33 r=1 gens=2
FIBSURV Sig=4 t=91/71 u=23/33
SKIPISO t=91/71 u=23/33
MWRANK u=33/20 r=1 gens=2
FIBSURV Sig=4 t=15/67 u=33/20
SKIPISO t=15/67 u=33/20
MWRANK u=25/33 r=2 gens=2
FIBSURV Sig=4 t=43/35 u=25/33
SKIPISO t=43/35 u=25/33
MWRANK u=-33 r=2 gens=2
FIBSURV Sig=4 t=87/19 u=-33
SKIPISO t=87/19 u=-33
MWRANK u=13/33 r=1 gens=2
FIBSURV Sig=4 t=29/19 u=13/33
SKIPISO t=29/19 u=13/33
MWRANK u=-23/33 r=2 gens=2
FIBSURV Sig=4 t=103/47 u=-23/33
SKIPISO t=103/47 u=-23/33
MWRANK u=33/25 r=1 gens=2
FIBSURV Sig=4 t=15/23 u=33/25
SKIPISO t=15/23 u=33/25
MWRANK u=33/23 r=1 gens=2
FIBSURV Sig=4 t=21/41 u=33/23
SKIPISO t=21/41 u=33/23
MWRANK u=33/32 r=2 gens=2
FIBSURV Sig=4 t=123/127 u=33/32
SKIPISO t=123/127 u=33/32
MWRANK u=34/33 r=3 gens=2
FIBSURV Sig=4 t=127/131 u=34/33
SKIPISO t=127/131 u=34/33
MWRANK u=34/21 r=1 gens=2
FIBSURV Sig=4 t=19/71 u=34/21
SKIPISO t=19/71 u=34/21
MWRANK u=34/15 r=3 gens=2
FIBSURV Sig=4 t=-35/41 u=34/15
SKIPISO t=-35/41 u=34/15
MWRANK u=34/13 r=1 gens=2
FIBSURV Sig=4 t=-53/31 u=34/13
SKIPISO t=-53/31 u=34/13
MWRANK u=34/11 r=2 gens=2
FIBSURV Sig=4 t=-71/21 u=34/11
SKIPISO t=-71/21 u=34/11
MWRANK u=34/9 r=1 gens=2
FIBSURV Sig=4 t=-89/11 u=34/9
SKIPISO t=-89/11 u=34/9
MWRANK u=34/3 r=3 gens=2
FIBSURV Sig=4 t=143/19 u=34/3
SKIPISO t=143/19 u=34/3
MWRANK u=33/34 r=2 gens=2
FIBSURV Sig=4 t=141/137 u=33/34
SKIPISO t=141/137 u=33/34
MWRANK u=34 r=1 gens=2
FIBSURV Sig=4 t=161/29 u=34
SKIPISO t=161/29 u=34
MWRANK u=34/25 r=1 gens=2
FIBSURV Sig=4 t=55/91 u=34/25
SKIPISO t=55/91 u=34/25
MWSKIP u=34/27 bounds=[1,3]
FIBSURV Sig=4 t=73/101 u=34/27
SKIPISO t=73/101 u=34/27
MWSKIP u=34/23 bounds=[2,4]
FIBSURV Sig=4 t=37/81 u=34/23
SKIPISO t=37/81 u=34/23
MWRANK u=34/7 r=2 gens=2
FIBSURV Sig=4 t=-107 u=34/7
SKIPISO t=-107 u=34/7
MWRANK u=-34 r=2 gens=2
FIBSURV Sig=4 t=179/39 u=-34
SKIPISO t=179/39 u=-34
MWRANK u=34/31 r=1 gens=2
FIBSURV Sig=4 t=109/121 u=34/31
SKIPISO t=109/121 u=34/31
MWRANK u=34/19 r=1 gens=2
FIBSURV Sig=4 t=1/61 u=34/19
SKIPISO t=1/61 u=34/19
MWRANK u=34/29 r=1 gens=2
FIBSURV Sig=4 t=91/111 u=34/29
SKIPISO t=91/111 u=34/29
MWRANK u=34/5 r=1 gens=2
FIBSURV Sig=4 t=125/9 u=34/5
SKIPISO t=125/9 u=34/5
MWRANK u=35/13 r=3 gens=2
FIBSURV Sig=4 t=-29/15 u=35/13
SKIPISO t=-29/15 u=35/13
MWRANK u=11/35 r=2 gens=2
FIBSURV Sig=4 t=65/41 u=11/35
SKIPISO t=65/41 u=11/35
MWRANK u=-9/35 r=2 gens=2
FIBSURV Sig=4 t=45/23 u=-9/35
SKIPISO t=45/23 u=-9/35
MWRANK u=3/35 r=2 gens=2
FIBSURV Sig=4 t=75/43 u=3/35
SKIPISO t=75/43 u=3/35
MWRANK u=-35/17 r=1 gens=2
FIBSURV Sig=4 t=41/15 u=-35/17
SKIPISO t=41/15 u=-35/17
MWRANK u=27/35 r=2 gens=2
FIBSURV Sig=4 t=45/37 u=27/35
SKIPISO t=45/37 u=27/35
MWRANK u=35/19 r=2 gens=2
FIBSURV Sig=4 t=-1/15 u=35/19
SKIPISO t=-1/15 u=35/19
MWSKIP u=34/35 bounds=[1,3]
FIBSURV Sig=4 t=145/141 u=34/35
SKIPISO t=145/141 u=34/35
MWRANK u=35/12 r=1 gens=2
FIBSURV Sig=4 t=-67/25 u=35/12
SKIPISO t=-67/25 u=35/12
MWRANK u=35/16 r=2 gens=2
FIBSURV Sig=4 t=-31/45 u=35/16
SKIPISO t=-31/45 u=35/16
MWRANK u=-35/29 r=2 gens=2
FIBSURV Sig=4 t=109/45 u=-35/29
SKIPISO t=109/45 u=-35/29
MWRANK u=35/9 r=2 gens=2
FIBSURV Sig=4 t=-47/5 u=35/9
SKIPISO t=-47/5 u=35/9
MWRANK u=35/8 r=1 gens=2
FIBSURV Sig=4 t=-103/5 u=35/8
SKIPISO t=-103/5 u=35/8
MWRANK u=35/11 r=1 gens=2
FIBSURV Sig=4 t=-19/5 u=35/11
SKIPISO t=-19/5 u=35/11
MWRANK u=35/26 r=2 gens=2
FIBSURV Sig=4 t=59/95 u=35/26
SKIPISO t=59/95 u=35/26
MWRANK u=35/24 r=2 gens=2
FIBSURV Sig=4 t=41/85 u=35/24
SKIPISO t=41/85 u=35/24
MWRANK u=35/22 r=2 gens=2
FIBSURV Sig=4 t=23/75 u=35/22
SKIPISO t=23/75 u=35/22
MWRANK u=35/23 r=1 gens=2
FIBSURV Sig=4 t=2/5 u=35/23
SKIPISO t=2/5 u=35/23
MWRANK u=35/18 r=2 gens=2
FIBSURV Sig=4 t=-13/55 u=35/18
SKIPISO t=-13/55 u=35/18
MWRANK u=13/35 r=3 gens=2
FIBSURV Sig=4 t=125/81 u=13/35
SKIPISO t=125/81 u=13/35
MWRANK u=35/17 r=1 gens=2
FIBSURV Sig=4 t=-11/25 u=35/17
SKIPISO t=-11/25 u=35/17
MWRANK u=29/35 r=3 gens=2
FIBSURV Sig=4 t=85/73 u=29/35
SKIPISO t=85/73 u=29/35
MWRANK u=-29/35 r=2 gens=2
FIBSURV Sig=4 t=115/51 u=-29/35
SKIPISO t=115/51 u=-29/35
MWRANK u=35/33 r=1 gens=2
FIBSURV Sig=4 t=61/65 u=35/33
SKIPISO t=61/65 u=35/33
MWRANK u=-35/33 r=1 gens=2
FIBSURV Sig=4 t=59/25 u=-35/33
SKIPISO t=59/25 u=-35/33
MWRANK u=-35/11 r=3 gens=2
FIBSURV Sig=4 t=137/45 u=-35/11
SKIPISO t=137/45 u=-35/11
MWRANK u=-33/35 r=1 gens=2
FIBSURV Sig=4 t=30/13 u=-33/35
SKIPISO t=30/13 u=-33/35
MWRANK u=23/35 r=2 gens=2
FIBSURV Sig=4 t=25/19 u=23/35
SKIPISO t=25/19 u=23/35
MWRANK u=35/34 r=1 gens=2
FIBSURV Sig=4 t=131/135 u=35/34
SKIPISO t=131/135 u=35/34
MWRANK u=31/35 r=2 gens=2
FIBSURV Sig=4 t=10/9 u=31/35
SKIPISO t=10/9 u=31/35
MWRANK u=35/27 r=2 gens=2
FIBSURV Sig=4 t=17/25 u=35/27
SKIPISO t=17/25 u=35/27
MWRANK u=35/6 r=2 gens=2
FIBSURV Sig=4 t=121/5 u=35/6
SKIPISO t=121/5 u=35/6
MWRANK u=17/35 r=2 gens=2
FIBSURV Sig=4 t=115/79 u=17/35
SKIPISO t=115/79 u=17/35
MWRANK u=-13/35 r=2 gens=2
FIBSURV Sig=4 t=95/47 u=-13/35
SKIPISO t=95/47 u=-13/35
MWRANK u=-1/35 r=3 gens=2
FIBSURV Sig=4 t=20/11 u=-1/35
SKIPISO t=20/11 u=-1/35
MWRANK u=19/35 r=2 gens=2
FIBSURV Sig=4 t=55/39 u=19/35
SKIPISO t=55/39 u=19/35
MWSKIP u=35/29 bounds=[1,3]
FIBSURV Sig=4 t=43/55 u=35/29
SKIPISO t=43/55 u=35/29
MWRANK u=35/32 r=2 gens=2
FIBSURV Sig=4 t=113/125 u=35/32
SKIPISO t=113/125 u=35/32
MWRANK u=35/2 r=1 gens=2
FIBSURV Sig=4 t=157/25 u=35/2
SKIPISO t=157/25 u=35/2
MWRANK u=35/4 r=3 gens=2
FIBSURV Sig=4 t=139/15 u=35/4
SKIPISO t=139/15 u=35/4
MWRANK u=-35/9 r=1 gens=2
FIBSURV Sig=4 t=16/5 u=-35/9
SKIPISO t=16/5 u=-35/9
MWRANK u=35/31 r=1 gens=2
FIBSURV Sig=4 t=13/15 u=35/31
SKIPISO t=13/15 u=35/31
MWRANK u=-17/35 r=3 gens=2
FIBSURV Sig=4 t=25/12 u=-17/35
SKIPISO t=25/12 u=-17/35
MWRANK u=9/35 r=2 gens=2
FIBSURV Sig=4 t=135/83 u=9/35
SKIPISO t=135/83 u=9/35
MWRANK u=-35 r=1 gens=2
FIBSURV Sig=4 t=23/5 u=-35
SKIPISO t=23/5 u=-35
MWRANK u=33/35 r=2 gens=2
FIBSURV Sig=4 t=75/71 u=33/35
SKIPISO t=75/71 u=33/35
MWRANK u=-35/2 r=1 gens=2
FIBSURV Sig=4 t=193/45 u=-35/2
SKIPISO t=193/45 u=-35/2
MWRANK u=-35/3 r=2 gens=2
FIBSURV Sig=4 t=101/25 u=-35/3
SKIPISO t=101/25 u=-35/3
MWRANK u=35/3 r=2 gens=2
FIBSURV Sig=4 t=37/5 u=35/3
SKIPISO t=37/5 u=35/3
MWRANK u=36/7 r=1 gens=2
FIBSURV Sig=4 t=117 u=36/7
SKIPISO t=117 u=36/7
MWRANK u=36/11 r=2 gens=2
FIBSURV Sig=4 t=-81/19 u=36/11
SKIPISO t=-81/19 u=36/11
MWRANK u=36/19 r=3 gens=2
FIBSURV Sig=4 t=-9/59 u=36/19
SKIPISO t=-9/59 u=36/19
MWRANK u=36/5 r=1 gens=2
FIBSURV Sig=4 t=135/11 u=36/5
SKIPISO t=135/11 u=36/5
MWRANK u=-36 r=2 gens=2
FIBSURV Sig=4 t=189/41 u=-36
SKIPISO t=189/41 u=-36
MWRANK u=36/31 r=3 gens=2
FIBSURV Sig=4 t=99/119 u=36/31
SKIPISO t=99/119 u=36/31
MWRANK u=36/23 r=1 gens=2
FIBSURV Sig=4 t=27/79 u=36/23
SKIPISO t=27/79 u=36/23
MWRANK u=36/13 r=1 gens=2
FIBSURV Sig=4 t=-63/29 u=36/13
SKIPISO t=-63/29 u=36/13
MWRANK u=36/35 r=1 gens=2
FIBSURV Sig=4 t=135/139 u=36/35
SKIPISO t=135/139 u=36/35
MWRANK u=36/17 r=3 gens=2
FIBSURV Sig=4 t=-27/49 u=36/17
SKIPISO t=-27/49 u=36/17
MWRANK u=36 r=1 gens=2
FIBSURV Sig=4 t=171/31 u=36
SKIPISO t=171/31 u=36
MWRANK u=36/25 r=1 gens=2
FIBSURV Sig=4 t=45/89 u=36/25
SKIPISO t=45/89 u=36/25
MWRANK u=36/29 r=3 gens=2
FIBSURV Sig=4 t=81/109 u=36/29
SKIPISO t=81/109 u=36/29
MWRANK u=35/36 r=3 gens=2
FIBSURV Sig=4 t=149/145 u=35/36
SKIPISO t=149/145 u=35/36
MWRANK u=-27/37 r=2 gens=2
FIBSURV Sig=4 t=117/53 u=-27/37
SKIPISO t=117/53 u=-27/37
MWRANK u=37/35 r=1 gens=2
FIBSURV Sig=4 t=65/69 u=37/35
SKIPISO t=65/69 u=37/35
MWRANK u=11/37 r=1 gens=2
FIBSURV Sig=4 t=139/87 u=11/37
SKIPISO t=139/87 u=11/37
MWRANK u=27/37 r=3 gens=2
FIBSURV Sig=4 t=99/79 u=27/37
SKIPISO t=99/79 u=27/37
MWRANK u=37/2 r=2 gens=2
FIBSURV Sig=4 t=167/27 u=37/2
SKIPISO t=167/27 u=37/2
MWRANK u=37/28 r=1 gens=2
FIBSURV Sig=4 t=67/103 u=37/28
SKIPISO t=67/103 u=37/28
MWRANK u=-37/25 r=2 gens=2
MWRANK u=37/6 r=2 gens=2
FIBSURV Sig=4 t=131/7 u=37/6
SKIPISO t=131/7 u=37/6
MWRANK u=7/37 r=2 gens=2
FIBSURV Sig=4 t=149/89 u=7/37
SKIPISO t=149/89 u=7/37
MWRANK u=37/4 r=1 gens=2
FIBSURV Sig=4 t=149/17 u=37/4
SKIPISO t=149/17 u=37/4
MWRANK u=37/31 r=2 gens=2
FIBSURV Sig=4 t=47/59 u=37/31
SKIPISO t=47/59 u=37/31
MWRANK u=37/10 r=1 gens=2
FIBSURV Sig=4 t=-95/13 u=37/10
SKIPISO t=-95/13 u=37/10
MWRANK u=37/30 r=1 gens=2
FIBSURV Sig=4 t=85/113 u=37/30
SKIPISO t=85/113 u=37/30
MWRANK u=37/26 r=2 gens=2
FIBSURV Sig=4 t=49/93 u=37/26
SKIPISO t=49/93 u=37/26
MWRANK u=-37/19 r=2 gens=2
FIBSURV Sig=4 t=89/33 u=-37/19
SKIPISO t=89/33 u=-37/19
MWRANK u=37/29 r=2 gens=2
FIBSURV Sig=4 t=19/27 u=37/29
SKIPISO t=19/27 u=37/29
MWRANK u=37/33 r=2 gens=2
FIBSURV Sig=4 t=7/8 u=37/33
SKIPISO t=7/8 u=37/33
MWRANK u=5/37 r=1 gens=2
FIBSURV Sig=4 t=77/45 u=5/37
SKIPISO t=77/45 u=5/37
MWRANK u=37/24 r=2 gens=2
FIBSURV Sig=4 t=31/83 u=37/24
SKIPISO t=31/83 u=37/24
MWRANK u=-37/11 r=1 gens=2
FIBSURV Sig=4 t=71/23 u=-37/11
SKIPISO t=71/23 u=-37/11
MWRANK u=37/34 r=2 gens=2
FIBSURV Sig=4 t=121/133 u=37/34
SKIPISO t=121/133 u=37/34
MWRANK u=37/32 r=3 gens=2
FIBSURV Sig=4 t=103/123 u=37/32
SKIPISO t=103/123 u=37/32
MWRANK u=37/3 r=1 gens=2
FIBSURV Sig=4 t=79/11 u=37/3
SKIPISO t=79/11 u=37/3
MWRANK u=37/18 r=2 gens=2
FIBSURV Sig=4 t=-23/53 u=37/18
SKIPISO t=-23/53 u=37/18
MWRANK u=37/7 r=1 gens=2
FIBSURV Sig=4 t=61 u=37/7
SKIPISO t=61 u=37/7
MWRANK u=-37/2 r=2 gens=2
FIBSURV Sig=4 t=203/47 u=-37/2
SKIPISO t=203/47 u=-37/2
MWRANK u=17/37 r=2 gens=2
FIBSURV Sig=4 t=31/21 u=17/37
SKIPISO t=31/21 u=17/37
MWRANK u=-37 r=3 gens=2
FIBSURV Sig=4 t=97/21 u=-37
SKIPISO t=97/21 u=-37
MWRANK u=-37/15 r=1 gens=2
FIBSURV Sig=4 t=20/7 u=-37/15
SKIPISO t=20/7 u=-37/15
MWRANK u=37 r=1 gens=2
FIBSURV Sig=4 t=11/2 u=37
SKIPISO t=11/2 u=37
MWRANK u=-35/37 r=2 gens=2
FIBSURV Sig=4 t=127/55 u=-35/37
SKIPISO t=127/55 u=-35/37
MWRANK u=37/5 r=2 gens=2
FIBSURV Sig=4 t=35/3 u=37/5
SKIPISO t=35/3 u=37/5
MWRANK u=37/16 r=1 gens=2
FIBSURV Sig=4 t=-41/43 u=37/16
SKIPISO t=-41/43 u=37/16
MWRANK u=37/11 r=2 gens=2
FIBSURV Sig=4 t=-43/9 u=37/11
SKIPISO t=-43/9 u=37/11
MWRANK u=-37/23 r=2 gens=2
FIBSURV Sig=4 t=49/19 u=-37/23
SKIPISO t=49/19 u=-37/23
MWRANK u=37/20 r=2 gens=2
FIBSURV Sig=4 t=-5/63 u=37/20
SKIPISO t=-5/63 u=37/20
MWRANK u=37/12 r=2 gens=2
FIBSURV Sig=4 t=-77/23 u=37/12
SKIPISO t=-77/23 u=37/12
MWRANK u=37/25 r=1 gens=2
FIBSURV Sig=4 t=5/11 u=37/25
SKIPISO t=5/11 u=37/25
MWRANK u=-37/9 r=2 gens=2
FIBSURV Sig=4 t=133/41 u=-37/9
SKIPISO t=133/41 u=-37/9
MWRANK u=15/37 r=3 gens=2
FIBSURV Sig=4 t=129/85 u=15/37
SKIPISO t=129/85 u=15/37
MWRANK u=-37/7 r=1 gens=2
FIBSURV Sig=4 t=31/9 u=-37/7
SKIPISO t=31/9 u=-37/7
MWRANK u=21/37 r=2 gens=2
FIBSURV Sig=4 t=57/41 u=21/37
SKIPISO t=57/41 u=21/37
MWRANK u=-15/37 r=2 gens=2
FIBSURV Sig=4 t=51/25 u=-15/37
SKIPISO t=51/25 u=-15/37
MWRANK u=-37/27 r=2 gens=2
FIBSURV Sig=4 t=107/43 u=-37/27
SKIPISO t=107/43 u=-37/27
MWRANK u=-37/31 r=1 gens=2
FIBSURV Sig=4 t=29/12 u=-37/31
SKIPISO t=29/12 u=-37/31
MWRANK u=-37/5 r=2 gens=2
FIBSURV Sig=4 t=115/31 u=-37/5
SKIPISO t=115/31 u=-37/5
MWRANK u=37/8 r=2 gens=2
FIBSURV Sig=4 t=-113/3 u=37/8
SKIPISO t=-113/3 u=37/8
MWRANK u=-3/37 r=1 gens=2
FIBSURV Sig=4 t=87/47 u=-3/37
SKIPISO t=87/47 u=-3/37
MWRANK u=37/17 r=1 gens=2
FIBSURV Sig=4 t=-2/3 u=37/17
SKIPISO t=-2/3 u=37/17
MWRANK u=-7/37 r=1 gens=2
FIBSURV Sig=4 t=23/12 u=-7/37
SKIPISO t=23/12 u=-7/37
MWRANK u=37/36 r=2 gens=2
FIBSURV Sig=4 t=139/143 u=37/36
SKIPISO t=139/143 u=37/36
MWRANK u=-37/35 r=2 gens=2
FIBSURV Sig=4 t=125/53 u=-37/35
SKIPISO t=125/53 u=-37/35
MWRANK u=37/19 r=1 gens=2
FIBSURV Sig=4 t=-7/29 u=37/19
SKIPISO t=-7/29 u=37/19
MWRANK u=37/27 r=1 gens=2
FIBSURV Sig=4 t=29/49 u=37/27
SKIPISO t=29/49 u=37/27
MWRANK u=-19/37 r=2 gens=2
FIBSURV Sig=4 t=107/51 u=-19/37
SKIPISO t=107/51 u=-19/37
MWRANK u=1/37 r=3 gens=2
FIBSURV Sig=4 t=41/23 u=1/37
SKIPISO t=41/23 u=1/37
MWRANK u=37/9 r=1 gens=2
FIBSURV Sig=4 t=-13 u=37/9
SKIPISO t=-13 u=37/9
MWRANK u=-37/4 r=2 gens=2
FIBSURV Sig=4 t=221/57 u=-37/4
SKIPISO t=221/57 u=-37/4
MWRANK u=-11/37 r=2 gens=2
FIBSURV Sig=4 t=97/49 u=-11/37
SKIPISO t=97/49 u=-11/37
MWRANK u=-33/37 r=3 gens=2
MWRANK u=25/37 r=2 gens=2
FIBSURV Sig=4 t=13/10 u=25/37
SKIPISO t=13/10 u=25/37
MWRANK u=23/37 r=2 gens=2
FIBSURV Sig=4 t=109/81 u=23/37
SKIPISO t=109/81 u=23/37
MWRANK u=-31/37 r=3 gens=2
FIBSURV Sig=4 t=61/27 u=-31/37
SKIPISO t=61/27 u=-31/37
MWRANK u=31/37 r=1 gens=2
FIBSURV Sig=4 t=89/77 u=31/37
SKIPISO t=89/77 u=31/37
MWRANK u=33/37 r=3 gens=2
FIBSURV Sig=4 t=21/19 u=33/37
SKIPISO t=21/19 u=33/37
MWRANK u=37/22 r=2 gens=2
FIBSURV Sig=4 t=13/73 u=37/22
SKIPISO t=13/73 u=37/22
MWRANK u=-23/37 r=1 gens=2
FIBSURV Sig=4 t=28/13 u=-23/37
SKIPISO t=28/13 u=-23/37
MWRANK u=29/37 r=2 gens=2
FIBSURV Sig=4 t=47/39 u=29/37
SKIPISO t=47/39 u=29/37
MWRANK u=37/14 r=1 gens=2
FIBSURV Sig=4 t=-59/33 u=37/14
SKIPISO t=-59/33 u=37/14
MWRANK u=37/15 r=1 gens=2
FIBSURV Sig=4 t=-25/19 u=37/15
SKIPISO t=-25/19 u=37/15
MWRANK u=9/37 r=3 gens=2
FIBSURV Sig=4 t=18/11 u=9/37
SKIPISO t=18/11 u=9/37
MWRANK u=19/37 r=1 gens=2
FIBSURV Sig=4 t=119/83 u=19/37
SKIPISO t=119/83 u=19/37
MWRANK u=37/23 r=1 gens=2
FIBSURV Sig=4 t=11/39 u=37/23
SKIPISO t=11/39 u=37/23
MWRANK u=35/37 r=3 gens=2
FIBSURV Sig=4 t=79/75 u=35/37
SKIPISO t=79/75 u=35/37
MWRANK u=-37/3 r=1 gens=2
FIBSURV Sig=4 t=53/13 u=-37/3
SKIPISO t=53/13 u=-37/3
MWRANK u=-38 r=2 gens=2
FIBSURV Sig=4 t=199/43 u=-38
SKIPISO t=199/43 u=-38
MWRANK u=38/37 r=3 gens=2
FIBSURV Sig=4 t=143/147 u=38/37
SKIPISO t=143/147 u=38/37
MWRANK u=38/31 r=1 gens=2
FIBSURV Sig=4 t=89/117 u=38/31
SKIPISO t=89/117 u=38/31
MWRANK u=38/7 r=1 gens=2
FIBSURV Sig=4 t=127/3 u=38/7
SKIPISO t=127/3 u=38/7
MWRANK u=38/21 r=1 gens=2
FIBSURV Sig=4 t=-1/67 u=38/21
SKIPISO t=-1/67 u=38/21
MWRANK u=38/11 r=2 gens=2
FIBSURV Sig=4 t=-91/17 u=38/11
SKIPISO t=-91/17 u=38/11
MWRANK u=38/23 r=1 gens=2
FIBSURV Sig=4 t=17/77 u=38/23
SKIPISO t=17/77 u=38/23
MWSKIP u=38/17 bounds=[1,3]
FIBSURV Sig=4 t=-37/47 u=38/17
SKIPISO t=-37/47 u=38/17
MWRANK u=38/27 r=1 gens=2
FIBSURV Sig=4 t=53/97 u=38/27
SKIPISO t=53/97 u=38/27
MWRANK u=38/9 r=2 gens=2
FIBSURV Sig=4 t=-109/7 u=38/9
SKIPISO t=-109/7 u=38/9
MWRANK u=38/15 r=3 gens=2
FIBSURV Sig=4 t=-55/37 u=38/15
SKIPISO t=-55/37 u=38/15
MWRANK u=38/25 r=1 gens=2
FIBSURV Sig=4 t=35/87 u=38/25
SKIPISO t=35/87 u=38/25
MWSKIP u=38 bounds=[1,3]
FIBSURV Sig=4 t=181/33 u=38
SKIPISO t=181/33 u=38
MWRANK u=38/5 r=1 gens=2
FIBSURV Sig=4 t=145/13 u=38/5
SKIPISO t=145/13 u=38/5
MWRANK u=38/35 r=3 gens=2
FIBSURV Sig=4 t=125/137 u=38/35
SKIPISO t=125/137 u=38/35
MWSKIP u=38/33 bounds=[1,3]
FIBSURV Sig=4 t=107/127 u=38/33
SKIPISO t=107/127 u=38/33
MWRANK u=38/29 r=1 gens=2
FIBSURV Sig=4 t=71/107 u=38/29
SKIPISO t=71/107 u=38/29
MWRANK u=39/34 r=2 gens=2
FIBSURV Sig=4 t=111/131 u=39/34
SKIPISO t=111/131 u=39/34
MWRANK u=39/37 r=2 gens=2
FIBSURV Sig=4 t=69/73 u=39/37
SKIPISO t=69/73 u=39/37
MWRANK u=39/2 r=2 gens=2
FIBSURV Sig=4 t=177/29 u=39/2
SKIPISO t=177/29 u=39/2
MWRANK u=-39/11 r=1 gens=2
FIBSURV Sig=4 t=147/47 u=-39/11
SKIPISO t=147/47 u=-39/11
MWRANK u=-39/7 r=2 gens=2
FIBSURV Sig=4 t=129/37 u=-39/7
SKIPISO t=129/37 u=-39/7
MWRANK u=39/31 r=2 gens=2
FIBSURV Sig=4 t=21/29 u=39/31
SKIPISO t=21/29 u=39/31
MWRANK u=39/35 r=3 gens=2
FIBSURV Sig=4 t=15/17 u=39/35
SKIPISO t=15/17 u=39/35
MWRANK u=7/39 r=2 gens=2
FIBSURV Sig=4 t=79/47 u=7/39
SKIPISO t=79/47 u=7/39
MWRANK u=-29/39 r=4 gens=2
FIBSURV Sig=4 t=31/14 u=-29/39
SKIPISO t=31/14 u=-29/39
MWRANK u=39 r=1 gens=2
FIBSURV Sig=4 t=93/17 u=39
SKIPISO t=93/17 u=39
MWRANK u=39/29 r=3 gens=2
FIBSURV Sig=4 t=33/53 u=39/29
SKIPISO t=33/53 u=39/29
MWRANK u=-39/5 r=1 gens=2
FIBSURV Sig=4 t=15/4 u=-39/5
SKIPISO t=15/4 u=-39/5
MWRANK u=39/20 r=3 gens=2
FIBSURV Sig=4 t=-15/61 u=39/20
SKIPISO t=-15/61 u=39/20
MWRANK u=39/17 r=1 gens=2
FIBSURV Sig=4 t=-21/23 u=39/17
SKIPISO t=-21/23 u=39/17
MWRANK u=29/39 r=2 gens=2
FIBSURV Sig=4 t=103/83 u=29/39
SKIPISO t=103/83 u=29/39
MWSKIP u=39/22 bounds=[1,3]
FIBSURV Sig=4 t=3/71 u=39/22
SKIPISO t=3/71 u=39/22
MWRANK u=-39/29 r=1 gens=2
FIBSURV Sig=4 t=57/23 u=-39/29
SKIPISO t=57/23 u=-39/29
MWRANK u=-5/39 r=3 gens=2
FIBSURV Sig=4 t=47/25 u=-5/39
SKIPISO t=47/25 u=-5/39
MWRANK u=-39/37 r=2 gens=2
FIBSURV Sig=4 t=33/14 u=-39/37
SKIPISO t=33/14 u=-39/37
MWRANK u=37/39 r=3 gens=2
FIBSURV Sig=4 t=83/79 u=37/39
SKIPISO t=83/79 u=37/39
MWRANK u=39/32 r=1 gens=2
FIBSURV Sig=4 t=93/121 u=39/32
SKIPISO t=93/121 u=39/32
MWRANK u=-37/39 r=1 gens=2
FIBSURV Sig=4 t=67/29 u=-37/39
SKIPISO t=67/29 u=-37/39
MWRANK u=39/5 r=1 gens=2
FIBSURV Sig=4 t=75/7 u=39/5
SKIPISO t=75/7 u=39/5
MWRANK u=-39/17 r=2 gens=2
FIBSURV Sig=4 t=87/31 u=-39/17
SKIPISO t=87/31 u=-39/17
MWRANK u=25/39 r=3 gens=2
FIBSURV Sig=4 t=113/85 u=25/39
SKIPISO t=113/85 u=25/39
MWRANK u=-25/39 r=2 gens=2
FIBSURV Sig=4 t=119/55 u=-25/39
SKIPISO t=119/55 u=-25/39
MWRANK u=17/39 r=1 gens=2
FIBSURV Sig=4 t=133/89 u=17/39
SKIPISO t=133/89 u=17/39
MWRANK u=31/39 r=2 gens=2
FIBSURV Sig=4 t=49/41 u=31/39
SKIPISO t=49/41 u=31/39
MWRANK u=11/39 r=1 gens=2
FIBSURV Sig=4 t=37/23 u=11/39
SKIPISO t=37/23 u=11/39
MWRANK u=39/23 r=2 gens=2
FIBSURV Sig=4 t=3/19 u=39/23
SKIPISO t=3/19 u=39/23
MWRANK u=39/8 r=1 gens=2
FIBSURV Sig=4 t=-123 u=39/8
SKIPISO t=-123 u=39/8
MWRANK u=-39/2 r=1 gens=2
FIBSURV Sig=4 t=213/49 u=-39/2
SKIPISO t=213/49 u=-39/2
MWRANK u=-39/25 r=2 gens=2
FIBSURV Sig=4 t=105/41 u=-39/25
SKIPISO t=105/41 u=-39/25
MWRANK u=23/39 r=2 gens=2
FIBSURV Sig=4 t=59/43 u=23/39
SKIPISO t=59/43 u=23/39
MWRANK u=-1/39 r=2 gens=2
FIBSURV Sig=4 t=89/49 u=-1/39
SKIPISO t=89/49 u=-1/39
MWRANK u=39/19 r=2 gens=2
FIBSURV Sig=4 t=-3/7 u=39/19
SKIPISO t=-3/7 u=39/19
MWRANK u=19/39 r=1 gens=2
FIBSURV Sig=4 t=16/11 u=19/39
SKIPISO t=16/11 u=19/39
MWRANK u=35/39 r=2 gens=2
FIBSURV Sig=4 t=11/10 u=35/39
SKIPISO t=11/10 u=35/39
MWRANK u=39/10 r=2 gens=2
FIBSURV Sig=4 t=-105/11 u=39/10
SKIPISO t=-105/11 u=39/10
MWRANK u=39/14 r=2 gens=2
FIBSURV Sig=4 t=-69/31 u=39/14
SKIPISO t=-69/31 u=39/14
MWRANK u=39/28 r=1 gens=2
FIBSURV Sig=4 t=57/101 u=39/28
SKIPISO t=57/101 u=39/28
MWRANK u=39/16 r=1 gens=2
FIBSURV Sig=4 t=-51/41 u=39/16
SKIPISO t=-51/41 u=39/16
MWRANK u=-39 r=1 gens=2
FIBSURV Sig=4 t=51/11 u=-39
SKIPISO t=51/11 u=-39
MWRANK u=40/21 r=1 gens=2
FIBSURV Sig=4 t=-11/65 u=40/21
SKIPISO t=-11/65 u=40/21
MWSKIP u=40/37 bounds=[1,3]
FIBSURV Sig=4 t=133/145 u=40/37
SKIPISO t=133/145 u=40/37
MWRANK u=40/33 r=1 gens=2
FIBSURV Sig=4 t=97/125 u=40/33
SKIPISO t=97/125 u=40/33
MWRANK u=40/31 r=3 gens=2
FIBSURV Sig=4 t=79/115 u=40/31
SKIPISO t=79/115 u=40/31
MWRANK u=40/7 r=3 gens=2
FIBSURV Sig=4 t=137/5 u=40/7
SKIPISO t=137/5 u=40/7
MWRANK u=40/9 r=1 gens=2
FIBSURV Sig=4 t=-119/5 u=40/9
SKIPISO t=-119/5 u=40/9
MWRANK u=40/27 r=1 gens=2
FIBSURV Sig=4 t=43/95 u=40/27
SKIPISO t=43/95 u=40/27
MWRANK u=40/17 r=3 gens=2
FIBSURV Sig=4 t=-47/45 u=40/17
SKIPISO t=-47/45 u=40/17
MWRANK u=40/11 r=2 gens=2
FIBSURV Sig=4 t=-101/15 u=40/11
SKIPISO t=-101/15 u=40/11
MWRANK u=40/19 r=1 gens=2
FIBSURV Sig=4 t=-29/55 u=40/19
SKIPISO t=-29/55 u=40/19
MWRANK u=40/13 r=2 gens=2
FIBSURV Sig=4 t=-83/25 u=40/13
SKIPISO t=-83/25 u=40/13
MWRANK u=40/23 r=1 gens=2
FIBSURV Sig=4 t=7/75 u=40/23
SKIPISO t=7/75 u=40/23
MWSKIP u=40/29 bounds=[1,3]
FIBSURV Sig=4 t=61/105 u=40/29
SKIPISO t=61/105 u=40/29
MWRANK u=-40 r=1 gens=2
FIBSURV Sig=4 t=209/45 u=-40
SKIPISO t=209/45 u=-40
MWSKIP u=29/41 bounds=[1,3]
FIBSURV Sig=4 t=14/11 u=29/41
SKIPISO t=14/11 u=29/41
MWRANK u=41/20 r=1 gens=2
FIBSURV Sig=4 t=-25/59 u=41/20
SKIPISO t=-25/59 u=41/20
MWRANK u=41/27 r=3 gens=2
FIBSURV Sig=4 t=19/47 u=41/27
SKIPISO t=19/47 u=41/27
MWRANK u=-3/41 r=3 gens=2
FIBSURV Sig=4 t=24/13 u=-3/41
SKIPISO t=24/13 u=-3/41
MWRANK u=41/8 r=2 gens=2
FIBSURV Sig=4 t=133 u=41/8
SKIPISO t=133 u=41/8
MWRANK u=-23/41 r=2 gens=2
FIBSURV Sig=4 t=121/57 u=-23/41
SKIPISO t=121/57 u=-23/41
MWRANK u=41/26 r=2 gens=2
FIBSURV Sig=4 t=29/89 u=41/26
SKIPISO t=29/89 u=41/26
MWRANK u=37/41 r=2 gens=2
FIBSURV Sig=4 t=23/21 u=37/41
SKIPISO t=23/21 u=37/41
MWRANK u=-41/35 r=1 gens=2
FIBSURV Sig=4 t=65/27 u=-41/35
SKIPISO t=65/27 u=-41/35
MWRANK u=41/29 r=2 gens=2
FIBSURV Sig=4 t=7/13 u=41/29
SKIPISO t=7/13 u=41/29
MWRANK u=41 r=1 gens=2
FIBSURV Sig=4 t=49/9 u=41
SKIPISO t=49/9 u=41
MWRANK u=27/41 r=2 gens=2
FIBSURV Sig=4 t=117/89 u=27/41
SKIPISO t=117/89 u=27/41
MWRANK u=-41/39 r=2 gens=2
FIBSURV Sig=4 t=139/59 u=-41/39
SKIPISO t=139/59 u=-41/39
MWRANK u=-15/41 r=2 gens=2
FIBSURV Sig=4 t=111/55 u=-15/41
SKIPISO t=111/55 u=-15/41
MWRANK u=-41/3 r=1 gens=2
FIBSURV Sig=4 t=29/7 u=-41/3
SKIPISO t=29/7 u=-41/3
MWRANK u=41/5 r=3 gens=2
FIBSURV Sig=4 t=10 u=41/5
SKIPISO t=10 u=41/5
MWRANK u=41/23 r=3 gens=2
FIBSURV Sig=4 t=1/37 u=41/23
SKIPISO t=1/37 u=41/23
MWRANK u=1/41 r=2 gens=2
FIBSURV Sig=4 t=91/51 u=1/41
SKIPISO t=91/51 u=1/41
MWRANK u=41/24 r=2 gens=2
FIBSURV Sig=4 t=11/79 u=41/24
SKIPISO t=11/79 u=41/24
MWRANK u=-41 r=2 gens=2
FIBSURV Sig=4 t=107/23 u=-41
SKIPISO t=107/23 u=-41
MWRANK u=41/10 r=1 gens=2
FIBSURV Sig=4 t=-115/9 u=41/10
SKIPISO t=-115/9 u=41/10
MWRANK u=39/41 r=1 gens=2
FIBSURV Sig=4 t=87/83 u=39/41
SKIPISO t=87/83 u=39/41
MWRANK u=13/41 r=1 gens=2
FIBSURV Sig=4 t=19/12 u=13/41
SKIPISO t=19/12 u=13/41
MWRANK u=-31/41 r=2 gens=2
FIBSURV Sig=4 t=131/59 u=-31/41
SKIPISO t=131/59 u=-31/41
MWRANK u=41/25 r=2 gens=2
FIBSURV Sig=4 t=5/21 u=41/25
SKIPISO t=5/21 u=41/25
MWRANK u=21/41 r=1 gens=2
FIBSURV Sig=4 t=33/23 u=21/41
SKIPISO t=33/23 u=21/41
MWRANK u=-41/11 r=1 gens=2
FIBSURV Sig=4 t=19/6 u=-41/11
SKIPISO t=19/6 u=-41/11
MWRANK u=-41/9 r=3 gens=2
FIBSURV Sig=4 t=143/43 u=-41/9
SKIPISO t=143/43 u=-41/9
MWRANK u=-35/41 r=3 gens=2
FIBSURV Sig=4 t=34/15 u=-35/41
SKIPISO t=34/15 u=-35/41
MWRANK u=41/11 r=3 gens=2
FIBSURV Sig=4 t=-53/7 u=41/11
SKIPISO t=-53/7 u=41/11
MWRANK u=41/31 r=1 gens=2
FIBSURV Sig=4 t=37/57 u=41/31
SKIPISO t=37/57 u=41/31
MWRANK u=41/7 r=1 gens=2
FIBSURV Sig=4 t=71/3 u=41/7
SKIPISO t=71/3 u=41/7
MWRANK u=41/13 r=2 gens=2
FIBSURV Sig=4 t=-11/3 u=41/13
SKIPISO t=-11/3 u=41/13
MWRANK u=-41/7 r=3 gens=2
FIBSURV Sig=4 t=67/19 u=-41/7
SKIPISO t=67/19 u=-41/7
MWRANK u=-41/27 r=1 gens=2
FIBSURV Sig=4 t=28/11 u=-41/27
SKIPISO t=28/11 u=-41/27
MWRANK u=41/28 r=2 gens=2
FIBSURV Sig=4 t=47/99 u=41/28
SKIPISO t=47/99 u=41/28
MWRANK u=31/41 r=3 gens=2
FIBSURV Sig=4 t=107/87 u=31/41
SKIPISO t=107/87 u=31/41
MWRANK u=15/41 r=1 gens=2
FIBSURV Sig=4 t=147/95 u=15/41
SKIPISO t=147/95 u=15/41
MWRANK u=5/41 r=2 gens=2
FIBSURV Sig=4 t=43/25 u=5/41
SKIPISO t=43/25 u=5/41
MWRANK u=41/12 r=2 gens=2
FIBSURV Sig=4 t=-97/19 u=41/12
SKIPISO t=-97/19 u=41/12
MWSKIP u=17/41 bounds=[2,4]
FIBSURV Sig=4 t=71/47 u=17/41
SKIPISO t=71/47 u=17/41
MWRANK u=41/19 r=1 gens=2
FIBSURV Sig=4 t=-17/27 u=41/19
SKIPISO t=-17/27 u=41/19
MWRANK u=41/15 r=1 gens=2
FIBSURV Sig=4 t=-35/17 u=41/15
SKIPISO t=-35/17 u=41/15
MWRANK u=41/22 r=3 gens=2
FIBSURV Sig=4 t=-7/69 u=41/22
SKIPISO t=-7/69 u=41/22
MWRANK u=41/36 r=1 gens=2
FIBSURV Sig=4 t=119/139 u=41/36
SKIPISO t=119/139 u=41/36
MWRANK u=41/14 r=2 gens=2
FIBSURV Sig=4 t=-79/29 u=41/14
SKIPISO t=-79/29 u=41/14
MWRANK u=41/33 r=2 gens=2
FIBSURV Sig=4 t=23/31 u=41/33
SKIPISO t=23/31 u=41/33
MWRANK u=-41/5 r=1 gens=2
FIBSURV Sig=4 t=125/33 u=-41/5
SKIPISO t=125/33 u=-41/5
MWRANK u=41/34 r=2 gens=2
FIBSURV Sig=4 t=101/129 u=41/34
SKIPISO t=101/129 u=41/34
MWRANK u=41/9 r=1 gens=2
FIBSURV Sig=4 t=-31 u=41/9
SKIPISO t=-31 u=41/9
MWRANK u=41/32 r=2 gens=2
FIBSURV Sig=4 t=83/119 u=41/32
SKIPISO t=83/119 u=41/32
MWRANK u=41/39 r=1 gens=2
FIBSURV Sig=4 t=73/77 u=41/39
SKIPISO t=73/77 u=41/39
MWRANK u=-19/41 r=3 gens=2
FIBSURV Sig=4 t=29/14 u=-19/41
SKIPISO t=29/14 u=-19/41
MWRANK u=41/18 r=1 gens=2
FIBSURV Sig=4 t=-43/49 u=41/18
SKIPISO t=-43/49 u=41/18
MWRANK u=41/17 r=2 gens=2
FIBSURV Sig=4 t=-13/11 u=41/17
SKIPISO t=-13/11 u=41/17
MWSKIP u=19/41 bounds=[1,2]
FIBSURV Sig=4 t=137/93 u=19/41
SKIPISO t=137/93 u=19/41
MWRANK u=41/35 r=1 gens=2
FIBSURV Sig=4 t=55/67 u=41/35
SKIPISO t=55/67 u=41/35
MWRANK u=-41/31 r=2 gens=2
FIBSURV Sig=4 t=121/49 u=-41/31
SKIPISO t=121/49 u=-41/31
MWRANK u=25/41 r=2 gens=2
FIBSURV Sig=4 t=61/45 u=25/41
SKIPISO t=61/45 u=25/41
MWRANK u=-11/41 r=1 gens=2
FIBSURV Sig=4 t=53/27 u=-11/41
SKIPISO t=53/27 u=-11/41
MWRANK u=-7/41 r=2 gens=2
FIBSURV Sig=4 t=101/53 u=-7/41
SKIPISO t=101/53 u=-7/41
MWRANK u=35/41 r=2 gens=2
FIBSURV Sig=4 t=97/85 u=35/41
SKIPISO t=97/85 u=35/41
MWRANK u=41/16 r=1 gens=2
FIBSURV Sig=4 t=-61/39 u=41/16
SKIPISO t=-61/39 u=41/16
MWRANK u=-27/41 r=1 gens=2
FIBSURV Sig=4 t=63/29 u=-27/41
SKIPISO t=63/29 u=-27/41
MWRANK u=9/41 r=2 gens=2
FIBSURV Sig=4 t=81/49 u=9/41
SKIPISO t=81/49 u=9/41
MWRANK u=41/38 r=3 gens=2
FIBSURV Sig=4 t=137/149 u=41/38
SKIPISO t=137/149 u=41/38
MWRANK u=-41/23 r=2 gens=2
FIBSURV Sig=4 t=103/39 u=-41/23
SKIPISO t=103/39 u=-41/23
MWRANK u=41/30 r=2 gens=2
FIBSURV Sig=4 t=65/109 u=41/30
SKIPISO t=65/109 u=41/30
MWRANK u=33/41 r=2 gens=2
FIBSURV Sig=4 t=51/43 u=33/41
SKIPISO t=51/43 u=33/41
MWRANK u=41/37 r=3 gens=2
FIBSURV Sig=4 t=8/9 u=41/37
SKIPISO t=8/9 u=41/37
MWRANK u=-41/15 r=2 gens=2
FIBSURV Sig=4 t=85/29 u=-41/15
SKIPISO t=85/29 u=-41/15
MWRANK u=42/17 r=1 gens=2
FIBSURV Sig=4 t=-57/43 u=42/17
SKIPISO t=-57/43 u=42/17
MWRANK u=42/11 r=2 gens=2
FIBSURV Sig=4 t=-111/13 u=42/11
SKIPISO t=-111/13 u=42/11
MWRANK u=42/31 r=1 gens=2
FIBSURV Sig=4 t=69/113 u=42/31
SKIPISO t=69/113 u=42/31
MWRANK u=42/37 r=3 gens=2
FIBSURV Sig=4 t=123/143 u=42/37
SKIPISO t=123/143 u=42/37
MWRANK u=42/29 r=3 gens=2
FIBSURV Sig=4 t=51/103 u=42/29
SKIPISO t=51/103 u=42/29
MWRANK u=42/25 r=1 gens=2
FIBSURV Sig=4 t=15/83 u=42/25
SKIPISO t=15/83 u=42/25
MWRANK u=42/19 r=1 gens=2
FIBSURV Sig=4 t=-39/53 u=42/19
SKIPISO t=-39/53 u=42/19
MWRANK u=42/13 r=2 gens=2
FIBSURV Sig=4 t=-93/23 u=42/13
SKIPISO t=-93/23 u=42/13
MWRANK u=42/23 r=1 gens=2
FIBSURV Sig=4 t=-3/73 u=42/23
SKIPISO t=-3/73 u=42/23
MWRANK u=43/33 r=3 gens=2
FIBSURV Sig=4 t=41/61 u=43/33
SKIPISO t=41/61 u=43/33
MWRANK u=43/7 r=1 gens=2
FIBSURV Sig=4 t=19 u=43/7
SKIPISO t=19 u=43/7
MWRANK u=43 r=2 gens=2
FIBSURV Sig=4 t=103/19 u=43
SKIPISO t=103/19 u=43
MWRANK u=11/43 r=2 gens=2
FIBSURV Sig=4 t=83/51 u=11/43
SKIPISO t=83/51 u=11/43
MWRANK u=27/43 r=2 gens=2
FIBSURV Sig=4 t=63/47 u=27/43
SKIPISO t=63/47 u=27/43
MWSKIP u=43/34 bounds=[1,3]
FIBSURV Sig=4 t=91/127 u=43/34
SKIPISO t=91/127 u=43/34
MWRANK u=-21/43 r=1 gens=2
FIBSURV Sig=4 t=123/59 u=-21/43
SKIPISO t=123/59 u=-21/43
MWRANK u=43/32 r=3 gens=2
FIBSURV Sig=4 t=73/117 u=43/32
SKIPISO t=73/117 u=43/32
MWRANK u=-43/9 r=2 gens=2
FIBSURV Sig=4 t=37/11 u=-43/9
SKIPISO t=37/11 u=-43/9
MWRANK u=43/41 r=3 gens=2
FIBSURV Sig=4 t=77/81 u=43/41
SKIPISO t=77/81 u=43/41
MWRANK u=43/37 r=1 gens=2
FIBSURV Sig=4 t=59/71 u=43/37
SKIPISO t=59/71 u=43/37
MWRANK u=43/35 r=2 gens=2
FIBSURV Sig=4 t=25/33 u=43/35
SKIPISO t=25/33 u=43/35
MWRANK u=21/43 r=2 gens=2
FIBSURV Sig=4 t=141/97 u=21/43
SKIPISO t=141/97 u=21/43
MWSKIP u=37/43 bounds=[1,3]
FIBSURV Sig=4 t=101/89 u=37/43
SKIPISO t=101/89 u=37/43
MWRANK u=-13/43 r=4 gens=2
FIBSURV Sig=4 t=113/57 u=-13/43
SKIPISO t=113/57 u=-13/43
MWRANK u=-43/25 r=2 gens=2
FIBSURV Sig=4 t=55/21 u=-43/25
SKIPISO t=55/21 u=-43/25
MWRANK u=3/43 r=2 gens=2
FIBSURV Sig=4 t=93/53 u=3/43
SKIPISO t=93/53 u=3/43
MWRANK u=43/3 r=2 gens=2
FIBSURV Sig=4 t=47/7 u=43/3
SKIPISO t=47/7 u=43/3
MWRANK u=43/30 r=2 gens=2
FIBSURV Sig=4 t=55/107 u=43/30
SKIPISO t=55/107 u=43/30
MWRANK u=-43/21 r=2 gens=2
FIBSURV Sig=4 t=101/37 u=-43/21
SKIPISO t=101/37 u=-43/21
MWRANK u=25/43 r=1 gens=2
FIBSURV Sig=4 t=131/95 u=25/43
SKIPISO t=131/95 u=25/43
MWRANK u=29/43 r=1 gens=2
FIBSURV Sig=4 t=121/93 u=29/43
SKIPISO t=121/93 u=29/43
MWRANK u=43/38 r=2 gens=2
FIBSURV Sig=4 t=127/147 u=43/38
SKIPISO t=127/147 u=43/38
MWRANK u=-41/43 r=1 gens=2
FIBSURV Sig=4 t=37/16 u=-41/43
SKIPISO t=37/16 u=-41/43
MWRANK u=43/15 r=1 gens=2
FIBSURV Sig=4 t=-5/2 u=43/15
SKIPISO t=-5/2 u=43/15
MWRANK u=43/13 r=2 gens=2
FIBSURV Sig=4 t=-49/11 u=43/13
SKIPISO t=-49/11 u=43/13
MWRANK u=43/39 r=1 gens=2
FIBSURV Sig=4 t=17/19 u=43/39
SKIPISO t=17/19 u=43/39
MWRANK u=-9/43 r=2 gens=2
FIBSURV Sig=4 t=27/14 u=-9/43
SKIPISO t=27/14 u=-9/43
MWRANK u=-43/13 r=1 gens=2
FIBSURV Sig=4 t=83/27 u=-43/13
SKIPISO t=83/27 u=-43/13
MWRANK u=43/9 r=1 gens=2
FIBSURV Sig=4 t=-67 u=43/9
SKIPISO t=-67 u=43/9
MWRANK u=-43/29 r=2 gens=2
FIBSURV Sig=4 t=119/47 u=-43/29
SKIPISO t=119/47 u=-43/29
MWRANK u=-33/43 r=2 gens=2
FIBSURV Sig=4 t=69/31 u=-33/43
SKIPISO t=69/31 u=-33/43
MWRANK u=43/14 r=3 gens=2
FIBSURV Sig=4 t=-89/27 u=43/14
SKIPISO t=-89/27 u=43/14
MWRANK u=7/43 r=1 gens=2
FIBSURV Sig=4 t=22/13 u=7/43
SKIPISO t=22/13 u=7/43
MWRANK u=-43/17 r=2 gens=2
FIBSURV Sig=4 t=23/8 u=-43/17
SKIPISO t=23/8 u=-43/17
MWRANK u=43/5 r=2 gens=2
FIBSURV Sig=4 t=85/9 u=43/5
SKIPISO t=85/9 u=43/5
MWRANK u=43/26 r=2 gens=2
FIBSURV Sig=4 t=19/87 u=43/26
SKIPISO t=19/87 u=43/26
MWRANK u=43/12 r=2 gens=2
FIBSURV Sig=4 t=-107/17 u=43/12
SKIPISO t=-107/17 u=43/12
MWRANK u=43/22 r=2 gens=2
FIBSURV Sig=4 t=-17/67 u=43/22
SKIPISO t=-17/67 u=43/22
MWRANK u=43/20 r=1 gens=2
FIBSURV Sig=4 t=-35/57 u=43/20
SKIPISO t=-35/57 u=43/20
MWRANK u=-43/7 r=2 gens=2
FIBSURV Sig=4 t=139/39 u=-43/7
SKIPISO t=139/39 u=-43/7
MWRANK u=43/29 r=1 gens=2
FIBSURV Sig=4 t=23/51 u=43/29
SKIPISO t=23/51 u=43/29
MWRANK u=-5/43 r=2 gens=2
FIBSURV Sig=4 t=103/55 u=-5/43
SKIPISO t=103/55 u=-5/43
MWRANK u=43/24 r=2 gens=2
FIBSURV Sig=4 t=1/77 u=43/24
SKIPISO t=1/77 u=43/24
MWRANK u=23/43 r=1 gens=2
FIBSURV Sig=4 t=17/12 u=23/43
SKIPISO t=17/12 u=23/43
MWRANK u=43/36 r=2 gens=2
FIBSURV Sig=4 t=109/137 u=43/36
SKIPISO t=109/137 u=43/36
MWRANK u=-17/43 r=1 gens=2
FIBSURV Sig=4 t=59/29 u=-17/43
SKIPISO t=59/29 u=-17/43
MWRANK u=33/43 r=2 gens=2
FIBSURV Sig=4 t=111/91 u=33/43
SKIPISO t=111/91 u=33/43
MWRANK u=43/2 r=3 gens=2
MWRANK u=43/28 r=1 gens=2
FIBSURV Sig=4 t=37/97 u=43/28
SKIPISO t=37/97 u=43/28
MWRANK u=43/21 r=1 gens=2
FIBSURV Sig=4 t=-13/31 u=43/21
SKIPISO t=-13/31 u=43/21
MWRANK u=43/11 r=1 gens=2
FIBSURV Sig=4 t=-29/3 u=43/11
SKIPISO t=-29/3 u=43/11
MWRANK u=-43/41 r=3 gens=2
FIBSURV Sig=4 t=73/31 u=-43/41
SKIPISO t=73/31 u=-43/41
MWRANK u=-43 r=2 gens=2
FIBSURV Sig=4 t=14/3 u=-43
SKIPISO t=14/3 u=-43
MWRANK u=39/43 r=1 gens=2
FIBSURV Sig=4 t=12/11 u=39/43
SKIPISO t=12/11 u=39/43
MWRANK u=43/8 r=2 gens=2
FIBSURV Sig=4 t=143/3 u=43/8
SKIPISO t=143/3 u=43/8
MWRANK u=43/25 r=2 gens=2
FIBSURV Sig=4 t=5/41 u=43/25
SKIPISO t=5/41 u=43/25
MWRANK u=43/16 r=1 gens=2
FIBSURV Sig=4 t=-71/37 u=43/16
SKIPISO t=-71/37 u=43/16
MWRANK u=43/10 r=3 gens=2
FIBSURV Sig=4 t=-125/7 u=43/10
SKIPISO t=-125/7 u=43/10
MWRANK u=-29/43 r=2 gens=2
FIBSURV Sig=4 t=133/61 u=-29/43
SKIPISO t=133/61 u=-29/43
MWRANK u=-25/43 r=1 gens=2
FIBSURV Sig=4 t=32/15 u=-25/43
SKIPISO t=32/15 u=-25/43
MWRANK u=-43/3 r=2 gens=2
FIBSURV Sig=4 t=121/29 u=-43/3
SKIPISO t=121/29 u=-43/3
MWRANK u=-37/43 r=2 gens=2
FIBSURV Sig=4 t=143/63 u=-37/43
SKIPISO t=143/63 u=-37/43
MWRANK u=-43/33 r=1 gens=2
FIBSURV Sig=4 t=32/13 u=-43/33
SKIPISO t=32/13 u=-43/33
MWRANK u=43/27 r=2 gens=2
FIBSURV Sig=4 t=7/23 u=43/27
SKIPISO t=7/23 u=43/27
MWRANK u=19/43 r=2 gens=2
FIBSURV Sig=4 t=73/49 u=19/43
SKIPISO t=73/49 u=19/43
MWRANK u=31/43 r=2 gens=2
FIBSURV Sig=4 t=29/23 u=31/43
SKIPISO t=29/23 u=31/43
MWRANK u=43/23 r=1 gens=2
FIBSURV Sig=4 t=-1/9 u=43/23
SKIPISO t=-1/9 u=43/23
MWRANK u=-43/37 r=2 gens=2
FIBSURV Sig=4 t=137/57 u=-43/37
SKIPISO t=137/57 u=-43/37
MWRANK u=-43/5 r=1 gens=2
FIBSURV Sig=4 t=65/17 u=-43/5
SKIPISO t=65/17 u=-43/5
MWRANK u=41/43 r=2 gens=2
FIBSURV Sig=4 t=91/87 u=41/43
SKIPISO t=91/87 u=41/43
MWSKIP u=35/43 bounds=[1,3]
FIBSURV Sig=4 t=53/45 u=35/43
SKIPISO t=53/45 u=35/43
MWRANK u=-1/43 r=2 gens=2
FIBSURV Sig=4 t=49/27 u=-1/43
SKIPISO t=49/27 u=-1/43
MWRANK u=43/18 r=1 gens=2
FIBSURV Sig=4 t=-53/47 u=43/18
SKIPISO t=-53/47 u=43/18
MWRANK u=43/17 r=2 gens=2
FIBSURV Sig=4 t=-31/21 u=43/17
SKIPISO t=-31/21 u=43/17
MWSKIP u=44/29 bounds=[1,3]
FIBSURV Sig=4 t=41/101 u=44/29
SKIPISO t=41/101 u=44/29
MWRANK u=44/9 r=2 gens=2
FIBSURV Sig=4 t=-139 u=44/9
SKIPISO t=-139 u=44/9
MWSKIP u=44/37 bounds=[1,3]
FIBSURV Sig=4 t=113/141 u=44/37
SKIPISO t=113/141 u=44/37
MWRANK u=44/25 r=3 gens=2
FIBSURV Sig=4 t=5/81 u=44/25
SKIPISO t=5/81 u=44/25
MWRANK u=44/35 r=3 gens=2
FIBSURV Sig=4 t=95/131 u=44/35
SKIPISO t=95/131 u=44/35
MWRANK u=44/31 r=1 gens=2
FIBSURV Sig=4 t=59/111 u=44/31
SKIPISO t=59/111 u=44/31
MWRANK u=44/27 r=1 gens=2
FIBSURV Sig=4 t=23/91 u=44/27
SKIPISO t=23/91 u=44/27
MWRANK u=44/19 r=1 gens=2
FIBSURV Sig=4 t=-49/51 u=44/19
SKIPISO t=-49/51 u=44/19
MWSKIP u=44/23 bounds=[1,3]
FIBSURV Sig=4 t=-13/71 u=44/23
SKIPISO t=-13/71 u=44/23
MWRANK u=44/17 r=3 gens=2
FIBSURV Sig=4 t=-67/41 u=44/17
SKIPISO t=-67/41 u=44/17
MWRANK u=-44/25 r=3 gens=2
MWRANK u=44/21 r=1 gens=2
FIBSURV Sig=4 t=-31/61 u=44/21
SKIPISO t=-31/61 u=44/21
MWRANK u=44/15 r=1 gens=2
FIBSURV Sig=4 t=-85/31 u=44/15
SKIPISO t=-85/31 u=44/15
MWRANK u=44/13 r=2 gens=2
FIBSURV Sig=4 t=-103/21 u=44/13
SKIPISO t=-103/21 u=44/13
MWRANK u=-45/7 r=2 gens=2
FIBSURV Sig=4 t=18/5 u=-45/7
SKIPISO t=18/5 u=-45/7
MWRANK u=1/45 r=2 gens=2
FIBSURV Sig=4 t=25/14 u=1/45
SKIPISO t=25/14 u=1/45
MWRANK u=-31/45 r=2 gens=2
FIBSURV Sig=4 t=35/16 u=-31/45
SKIPISO t=35/16 u=-31/45
MWRANK u=45/28 r=3 gens=2
FIBSURV Sig=4 t=27/95 u=45/28
SKIPISO t=27/95 u=45/28
MWRANK u=43/45 r=1 gens=2
FIBSURV Sig=4 t=95/91 u=43/45
SKIPISO t=95/91 u=43/45
MWRANK u=45/31 r=1 gens=2
FIBSURV Sig=4 t=27/55 u=45/31
SKIPISO t=27/55 u=45/31
MWRANK u=45/32 r=1 gens=2
FIBSURV Sig=4 t=63/115 u=45/32
SKIPISO t=63/115 u=45/32
MWRANK u=45/23 r=2 gens=2
FIBSURV Sig=4 t=-9/35 u=45/23
SKIPISO t=-9/35 u=45/23
MWRANK u=-45/23 r=2 gens=2
FIBSURV Sig=4 t=27/10 u=-45/23
SKIPISO t=27/10 u=-45/23
MWRANK u=45/41 r=2 gens=2
FIBSURV Sig=4 t=9/10 u=45/41
SKIPISO t=9/10 u=45/41
MWRANK u=-45/11 r=1 gens=2
FIBSURV Sig=4 t=81/25 u=-45/11
SKIPISO t=81/25 u=-45/11
MWRANK u=45/34 r=2 gens=2
FIBSURV Sig=4 t=81/125 u=45/34
SKIPISO t=81/125 u=45/34
MWRANK u=45/37 r=2 gens=2
FIBSURV Sig=4 t=27/35 u=45/37
SKIPISO t=27/35 u=45/37
MWRANK u=45/29 r=2 gens=2
FIBSURV Sig=4 t=9/25 u=45/29
SKIPISO t=9/25 u=45/29
MWRANK u=37/45 r=2 gens=2
FIBSURV Sig=4 t=55/47 u=37/45
SKIPISO t=55/47 u=37/45
MWRANK u=45/26 r=2 gens=2
FIBSURV Sig=4 t=9/85 u=45/26
SKIPISO t=9/85 u=45/26
MWRANK u=17/45 r=2 gens=2
FIBSURV Sig=4 t=20/13 u=17/45
SKIPISO t=20/13 u=17/45
MWRANK u=45/14 r=2 gens=2
FIBSURV Sig=4 t=-99/25 u=45/14
SKIPISO t=-99/25 u=45/14
MWRANK u=45/11 r=2 gens=2
FIBSURV Sig=4 t=-63/5 u=45/11
SKIPISO t=-63/5 u=45/11
MWRANK u=45/38 r=2 gens=2
FIBSURV Sig=4 t=117/145 u=45/38
SKIPISO t=117/145 u=45/38
MWRANK u=45/7 r=2 gens=2
FIBSURV Sig=4 t=81/5 u=45/7
SKIPISO t=81/5 u=45/7
MWRANK u=-45/31 r=3 gens=2
FIBSURV Sig=4 t=63/25 u=-45/31
SKIPISO t=63/25 u=-45/31
MWRANK u=-23/45 r=1 gens=2
FIBSURV Sig=4 t=65/31 u=-23/45
SKIPISO t=65/31 u=-23/45
MWRANK u=45/16 r=1 gens=2
FIBSURV Sig=4 t=-81/35 u=45/16
SKIPISO t=-81/35 u=45/16
MWRANK u=-7/45 r=1 gens=2
FIBSURV Sig=4 t=55/29 u=-7/45
SKIPISO t=55/29 u=-7/45
MWRANK u=45/43 r=3 gens=2
FIBSURV Sig=4 t=81/85 u=45/43
SKIPISO t=81/85 u=45/43
MWRANK u=-17/45 r=3 gens=2
MWRANK u=45 r=1 gens=2
FIBSURV Sig=4 t=27/5 u=45
SKIPISO t=27/5 u=45
MWSKIP u=23/45 bounds=[2,4]
FIBSURV Sig=4 t=145/101 u=23/45
SKIPISO t=145/101 u=23/45
MWRANK u=45/22 r=2 gens=2
FIBSURV Sig=4 t=-27/65 u=45/22
SKIPISO t=-27/65 u=45/22
MWRANK u=45/19 r=3 gens=2
FIBSURV Sig=4 t=-27/25 u=45/19
SKIPISO t=-27/25 u=45/19
MWSKIP u=-19/45 bounds=[1,3]
FIBSURV Sig=4 t=125/61 u=-19/45
SKIPISO t=125/61 u=-19/45
MWRANK u=45/17 r=1 gens=2
FIBSURV Sig=4 t=-9/5 u=45/17
SKIPISO t=-9/5 u=45/17
MWRANK u=-45/19 r=2 gens=2
FIBSURV Sig=4 t=99/35 u=-45/19
SKIPISO t=99/35 u=-45/19
MWRANK u=-11/45 r=2 gens=2
FIBSURV Sig=4 t=115/59 u=-11/45
SKIPISO t=115/59 u=-11/45
MWRANK u=29/45 r=1 gens=2
FIBSURV Sig=4 t=65/49 u=29/45
SKIPISO t=65/49 u=29/45
MWRANK u=13/45 r=2 gens=2
FIBSURV Sig=4 t=85/53 u=13/45
SKIPISO t=85/53 u=13/45
MWRANK u=45/13 r=1 gens=2
FIBSURV Sig=4 t=-27/5 u=45/13
SKIPISO t=-27/5 u=45/13
MWRANK u=41/45 r=2 gens=2
FIBSURV Sig=4 t=25/23 u=41/45
SKIPISO t=25/23 u=41/45
MWRANK u=31/45 r=2 gens=2
FIBSURV Sig=4 t=125/97 u=31/45
SKIPISO t=125/97 u=31/45
MWRANK u=46/33 r=3 gens=2
FIBSURV Sig=4 t=67/119 u=46/33
SKIPISO t=67/119 u=46/33
MWRANK u=46/27 r=1 gens=2
FIBSURV Sig=4 t=13/89 u=46/27
SKIPISO t=13/89 u=46/27
MWRANK u=46/17 r=1 gens=2
FIBSURV Sig=4 t=-77/39 u=46/17
SKIPISO t=-77/39 u=46/17
MWRANK u=46/15 r=2 gens=2
FIBSURV Sig=4 t=-95/29 u=46/15
SKIPISO t=-95/29 u=46/15
MWRANK u=46/9 r=2 gens=2
FIBSURV Sig=4 t=149 u=46/9
SKIPISO t=149 u=46/9
MWRANK u=46/31 r=1 gens=2
FIBSURV Sig=4 t=49/109 u=46/31
SKIPISO t=49/109 u=46/31
MWRANK u=46/29 r=1 gens=2
FIBSURV Sig=4 t=31/99 u=46/29
SKIPISO t=31/99 u=46/29
MWRANK u=46/21 r=1 gens=2
FIBSURV Sig=4 t=-41/59 u=46/21
SKIPISO t=-41/59 u=46/21
MWRANK u=46/35 r=3 gens=2
FIBSURV Sig=4 t=85/129 u=46/35
SKIPISO t=85/129 u=46/35
MWRANK u=46/13 r=2 gens=2
FIBSURV Sig=4 t=-113/19 u=46/13
SKIPISO t=-113/19 u=46/13
MWRANK u=46/37 r=3 gens=2
FIBSURV Sig=4 t=103/139 u=46/37
SKIPISO t=103/139 u=46/37
MWRANK u=46/11 r=1 gens=2
FIBSURV Sig=4 t=-131/9 u=46/11
SKIPISO t=-131/9 u=46/11
MWRANK u=46/25 r=1 gens=2
FIBSURV Sig=4 t=-5/79 u=46/25
SKIPISO t=-5/79 u=46/25
MWRANK u=46/39 r=1 gens=2
FIBSURV Sig=4 t=121/149 u=46/39
SKIPISO t=121/149 u=46/39
MWRANK u=46/19 r=1 gens=2
FIBSURV Sig=4 t=-59/49 u=46/19
SKIPISO t=-59/49 u=46/19
MWRANK u=43/47 r=3 gens=2
FIBSURV Sig=4 t=13/12 u=43/47
SKIPISO t=13/12 u=43/47
MWRANK u=47/30 r=2 gens=2
FIBSURV Sig=4 t=35/103 u=47/30
SKIPISO t=35/103 u=47/30
MWRANK u=47 r=1 gens=2
FIBSURV Sig=4 t=113/21 u=47
SKIPISO t=113/21 u=47
MWRANK u=-47/5 r=2 gens=2
FIBSURV Sig=4 t=35/9 u=-47/5
SKIPISO t=35/9 u=-47/5
MWRANK u=-47/3 r=1 gens=2
FIBSURV Sig=4 t=131/31 u=-47/3
SKIPISO t=131/31 u=-47/3
MWRANK u=47/29 r=2 gens=2
FIBSURV Sig=4 t=13/49 u=47/29
SKIPISO t=13/49 u=47/29
MWRANK u=-9/47 r=2 gens=2
FIBSURV Sig=4 t=117/61 u=-9/47
SKIPISO t=117/61 u=-9/47
MWSKIP u=3/47 bounds=[1,3]
FIBSURV Sig=4 t=51/29 u=3/47
SKIPISO t=51/29 u=3/47
MWRANK u=45/47 r=2 gens=2
FIBSURV Sig=4 t=99/95 u=45/47
SKIPISO t=99/95 u=45/47
MWRANK u=47/19 r=1 gens=2
FIBSURV Sig=4 t=-4/3 u=47/19
SKIPISO t=-4/3 u=47/19
MWRANK u=37/47 r=1 gens=2
FIBSURV Sig=4 t=119/99 u=37/47
SKIPISO t=119/99 u=37/47
MWRANK u=-47/7 r=2 gens=2
FIBSURV Sig=4 t=149/41 u=-47/7
SKIPISO t=149/41 u=-47/7
MWRANK u=47/22 r=2 gens=2
FIBSURV Sig=4 t=-37/63 u=47/22
SKIPISO t=-37/63 u=47/22
MWRANK u=-29/47 r=1 gens=2
FIBSURV Sig=4 t=71/33 u=-29/47
SKIPISO t=71/33 u=-29/47
MWRANK u=47/28 r=3 gens=2
FIBSURV Sig=4 t=17/93 u=47/28
SKIPISO t=17/93 u=47/28
MWRANK u=47/3 r=2 gens=2
FIBSURV Sig=4 t=13/2 u=47/3
SKIPISO t=13/2 u=47/3
MWRANK u=47/34 r=2 gens=2
FIBSURV Sig=4 t=71/123 u=47/34
SKIPISO t=71/123 u=47/34
MWRANK u=39/47 r=2 gens=2
FIBSURV Sig=4 t=57/49 u=39/47
SKIPISO t=57/49 u=39/47
MWRANK u=47/23 r=2 gens=2
FIBSURV Sig=4 t=-7/17 u=47/23
SKIPISO t=-7/17 u=47/23
MWRANK u=7/47 r=2 gens=2
FIBSURV Sig=4 t=97/57 u=7/47
SKIPISO t=97/57 u=7/47
MWRANK u=47/25 r=3 gens=2
FIBSURV Sig=4 t=-5/39 u=47/25
SKIPISO t=-5/39 u=47/25
MWRANK u=47/39 r=2 gens=2
FIBSURV Sig=4 t=29/37 u=47/39
SKIPISO t=29/37 u=47/39
MWRANK u=-13/47 r=1 gens=2
FIBSURV Sig=4 t=61/31 u=-13/47
SKIPISO t=61/31 u=-13/47
MWRANK u=47/18 r=1 gens=2
FIBSURV Sig=4 t=-73/43 u=47/18
SKIPISO t=-73/43 u=47/18
MWSKIP u=47/20 bounds=[1,3]
FIBSURV Sig=4 t=-55/53 u=47/20
SKIPISO t=-55/53 u=47/20
MWRANK u=27/47 r=3 gens=2
FIBSURV Sig=4 t=18/13 u=27/47
SKIPISO t=18/13 u=27/47
MWRANK u=47/31 r=2 gens=2
FIBSURV Sig=4 t=11/27 u=47/31
SKIPISO t=11/27 u=47/31
MWRANK u=47/35 r=1 gens=2
FIBSURV Sig=4 t=5/8 u=47/35
SKIPISO t=5/8 u=47/35
MWRANK u=47/37 r=1 gens=2
FIBSURV Sig=4 t=49/69 u=47/37
SKIPISO t=49/69 u=47/37
MWRANK u=-47/9 r=2 gens=2
FIBSURV Sig=4 t=79/23 u=-47/9
SKIPISO t=79/23 u=-47/9
MWRANK u=47/24 r=1 gens=2
FIBSURV Sig=4 t=-19/73 u=47/24
SKIPISO t=-19/73 u=47/24
MWRANK u=25/47 r=1 gens=2
FIBSURV Sig=4 t=149/105 u=25/47
SKIPISO t=149/105 u=25/47
MWRANK u=47/27 r=2 gens=2
FIBSURV Sig=4 t=1/11 u=47/27
SKIPISO t=1/11 u=47/27
MWRANK u=-47/17 r=2 gens=2
FIBSURV Sig=4 t=97/33 u=-47/17
SKIPISO t=97/33 u=-47/17
MWRANK u=-17/47 r=1 gens=2
FIBSURV Sig=4 t=127/63 u=-17/47
SKIPISO t=127/63 u=-17/47
MWRANK u=-47/45 r=3 gens=2
FIBSURV Sig=4 t=40/17 u=-47/45
SKIPISO t=40/17 u=-47/45
MWRANK u=47/21 r=1 gens=2
FIBSURV Sig=4 t=-23/29 u=47/21
SKIPISO t=-23/29 u=47/21
MWRANK u=47/7 r=2 gens=2
FIBSURV Sig=4 t=43/3 u=47/7
SKIPISO t=43/3 u=47/7
MWRANK u=47/33 r=3 gens=2
FIBSURV Sig=4 t=31/59 u=47/33
SKIPISO t=31/59 u=47/33
MWRANK u=47/5 r=2 gens=2
FIBSURV Sig=4 t=95/11 u=47/5
SKIPISO t=95/11 u=47/5
MWRANK u=-47 r=1 gens=2
FIBSURV Sig=4 t=61/13 u=-47
SKIPISO t=61/13 u=-47
MWRANK u=-47/13 r=2 gens=2
FIBSURV Sig=4 t=22/7 u=-47/13
SKIPISO t=22/7 u=-47/13
MWRANK u=-47/33 r=2 gens=2
FIBSURV Sig=4 t=133/53 u=-47/33
SKIPISO t=133/53 u=-47/33
MWRANK u=33/47 r=1 gens=2
FIBSURV Sig=4 t=129/101 u=33/47
SKIPISO t=129/101 u=33/47
MWRANK u=-47/29 r=1 gens=2
FIBSURV Sig=4 t=31/12 u=-47/29
SKIPISO t=31/12 u=-47/29
MWRANK u=35/47 r=1 gens=2
FIBSURV Sig=4 t=31/25 u=35/47
SKIPISO t=31/25 u=35/47
MWRANK u=15/47 r=2 gens=2
FIBSURV Sig=4 t=87/55 u=15/47
SKIPISO t=87/55 u=15/47
MWRANK u=47/32 r=2 gens=2
FIBSURV Sig=4 t=53/113 u=47/32
SKIPISO t=53/113 u=47/32
MWRANK u=47/43 r=1 gens=2
FIBSURV Sig=4 t=19/21 u=47/43
SKIPISO t=19/21 u=47/43
MWRANK u=-45/47 r=2 gens=2
FIBSURV Sig=4 t=81/35 u=-45/47
SKIPISO t=81/35 u=-45/47
MWRANK u=29/47 r=1 gens=2
FIBSURV Sig=4 t=139/103 u=29/47
SKIPISO t=139/103 u=29/47
MWRANK u=47/15 r=1 gens=2
FIBSURV Sig=4 t=-25/7 u=47/15
SKIPISO t=-25/7 u=47/15
MWRANK u=47/36 r=1 gens=2
FIBSURV Sig=4 t=89/133 u=47/36
SKIPISO t=89/133 u=47/36
MWRANK u=47/13 r=2 gens=2
FIBSURV Sig=4 t=-59/9 u=47/13
SKIPISO t=-59/9 u=47/13
MWRANK u=-5/47 r=1 gens=2
FIBSURV Sig=4 t=28/15 u=-5/47
SKIPISO t=28/15 u=-5/47
MWRANK u=47/45 r=2 gens=2
FIBSURV Sig=4 t=85/89 u=47/45
SKIPISO t=85/89 u=47/45
MWRANK u=-33/47 r=2 gens=2
FIBSURV Sig=4 t=147/67 u=-33/47
SKIPISO t=147/67 u=-33/47
MWRANK u=-21/47 r=1 gens=2
FIBSURV Sig=4 t=33/16 u=-21/47
SKIPISO t=33/16 u=-21/47
MWRANK u=47/26 r=1 gens=2
FIBSURV Sig=4 t=-1/83 u=47/26
SKIPISO t=-1/83 u=47/26
MWRANK u=-47/25 r=2 gens=2
FIBSURV Sig=4 t=115/43 u=-47/25
SKIPISO t=115/43 u=-47/25
MWRANK u=41/47 r=1 gens=2
FIBSURV Sig=4 t=109/97 u=41/47
SKIPISO t=109/97 u=41/47
MWRANK u=47/9 r=1 gens=2
FIBSURV Sig=4 t=77 u=47/9
SKIPISO t=77 u=47/9
MWRANK u=11/47 r=2 gens=2
FIBSURV Sig=4 t=23/14 u=11/47
SKIPISO t=23/14 u=11/47
MWRANK u=47/11 r=2 gens=2
FIBSURV Sig=4 t=-17 u=47/11
SKIPISO t=-17 u=47/11
MWSKIP u=23/47 bounds=[1,2]
FIBSURV Sig=4 t=77/53 u=23/47
SKIPISO t=77/53 u=23/47
MWRANK u=31/47 r=4 gens=2
FIBSURV Sig=4 t=67/51 u=31/47
SKIPISO t=67/51 u=31/47
MWSKIP u=47/41 bounds=[1,3]
FIBSURV Sig=4 t=67/79 u=47/41
SKIPISO t=67/79 u=47/41
MWRANK u=47/16 r=1 gens=2
FIBSURV Sig=4 t=-91/33 u=47/16
SKIPISO t=-91/33 u=47/16
MWRANK u=-47/21 r=3 gens=2
FIBSURV Sig=4 t=53/19 u=-47/21
SKIPISO t=53/19 u=-47/21
MWRANK u=-1/47 r=2 gens=2
FIBSURV Sig=4 t=107/59 u=-1/47
SKIPISO t=107/59 u=-1/47
MWRANK u=47/38 r=2 gens=2
FIBSURV Sig=4 t=107/143 u=47/38
SKIPISO t=107/143 u=47/38
MWRANK u=19/47 r=3 gens=2
FIBSURV Sig=4 t=41/27 u=19/47
SKIPISO t=41/27 u=19/47
MWRANK u=47/14 r=3 gens=2
FIBSURV Sig=4 t=-109/23 u=47/14
SKIPISO t=-109/23 u=47/14
MWRANK u=47/12 r=2 gens=2
FIBSURV Sig=4 t=-127/13 u=47/12
SKIPISO t=-127/13 u=47/12
MWRANK u=47/10 r=2 gens=2
FIBSURV Sig=4 t=-145/3 u=47/10
SKIPISO t=-145/3 u=47/10
MWRANK u=-25/47 r=4 gens=2
FIBSURV Sig=4 t=137/65 u=-25/47
SKIPISO t=137/65 u=-25/47
MWSKIP u=-37/47 bounds=[1,3]
FIBSURV Sig=4 t=38/17 u=-37/47
SKIPISO t=38/17 u=-37/47
MWRANK u=48/17 r=1 gens=2
FIBSURV Sig=4 t=-87/37 u=48/17
SKIPISO t=-87/37 u=48/17
MWRANK u=48/37 r=3 gens=2
FIBSURV Sig=4 t=93/137 u=48/37
SKIPISO t=93/137 u=48/37
MWRANK u=48/35 r=1 gens=2
FIBSURV Sig=4 t=75/127 u=48/35
SKIPISO t=75/127 u=48/35
MWRANK u=48/19 r=1 gens=2
FIBSURV Sig=4 t=-69/47 u=48/19
SKIPISO t=-69/47 u=48/19
MWRANK u=48/29 r=2 gens=2
FIBSURV Sig=4 t=21/97 u=48/29
SKIPISO t=21/97 u=48/29
MWRANK u=48/11 r=2 gens=2
FIBSURV Sig=4 t=-141/7 u=48/11
SKIPISO t=-141/7 u=48/11
MWRANK u=48/13 r=2 gens=2
FIBSURV Sig=4 t=-123/17 u=48/13
SKIPISO t=-123/17 u=48/13
MWRANK u=48/31 r=1 gens=2
FIBSURV Sig=4 t=39/107 u=48/31
SKIPISO t=39/107 u=48/31
MWRANK u=48/23 r=1 gens=2
FIBSURV Sig=4 t=-33/67 u=48/23
SKIPISO t=-33/67 u=48/23
MWRANK u=48/25 r=2 gens=2
FIBSURV Sig=4 t=-15/77 u=48/25
SKIPISO t=-15/77 u=48/25
MWRANK u=5/49 r=3 gens=2
FIBSURV Sig=4 t=26/15 u=5/49
SKIPISO t=26/15 u=5/49
MWRANK u=-49/15 r=1 gens=2
FIBSURV Sig=4 t=95/31 u=-49/15
SKIPISO t=95/31 u=-49/15
MWSKIP u=49/43 bounds=[1,3]
FIBSURV Sig=4 t=71/83 u=49/43
SKIPISO t=71/83 u=49/43
MWRANK u=49/3 r=2 gens=2
FIBSURV Sig=4 t=109/17 u=49/3
SKIPISO t=109/17 u=49/3
MWRANK u=49/19 r=2 gens=2
FIBSURV Sig=4 t=-37/23 u=49/19
SKIPISO t=-37/23 u=49/19
MWRANK u=49/41 r=2 gens=2
FIBSURV Sig=4 t=31/39 u=49/41
SKIPISO t=31/39 u=49/41
MWRANK u=49/39 r=3 gens=2
FIBSURV Sig=4 t=53/73 u=49/39
SKIPISO t=53/73 u=49/39
MWRANK u=49/37 r=2 gens=2
FIBSURV Sig=4 t=11/17 u=49/37
SKIPISO t=11/17 u=49/37
MWRANK u=49/9 r=1 gens=2
FIBSURV Sig=4 t=41 u=49/9
SKIPISO t=41 u=49/9
MWRANK u=49/45 r=1 gens=2
FIBSURV Sig=4 t=10/11 u=49/45
SKIPISO t=10/11 u=49/45
MWRANK u=-31/49 r=2 gens=2
FIBSURV Sig=4 t=149/69 u=-31/49
SKIPISO t=149/69 u=-31/49
MWRANK u=49/47 r=1 gens=2
FIBSURV Sig=4 t=89/93 u=49/47
SKIPISO t=89/93 u=49/47
MWRANK u=-15/49 r=2 gens=2
FIBSURV Sig=4 t=129/65 u=-15/49
SKIPISO t=129/65 u=-15/49
MWRANK u=49/5 r=1 gens=2
FIBSURV Sig=4 t=25/3 u=49/5
SKIPISO t=25/3 u=49/5
MWRANK u=33/49 r=2 gens=2
FIBSURV Sig=4 t=69/53 u=33/49
SKIPISO t=69/53 u=33/49
MWRANK u=25/49 r=2 gens=2
FIBSURV Sig=4 t=79/55 u=25/49
SKIPISO t=79/55 u=25/49
MWRANK u=49/23 r=1 gens=2
FIBSURV Sig=4 t=-19/33 u=49/23
SKIPISO t=-19/33 u=49/23
MWRANK u=49/16 r=2 gens=2
FIBSURV Sig=4 t=-101/31 u=49/16
SKIPISO t=-101/31 u=49/16
MWRANK u=43/49 r=2 gens=2
FIBSURV Sig=4 t=113/101 u=43/49
SKIPISO t=113/101 u=43/49
MWRANK u=45/49 r=1 gens=2
FIBSURV Sig=4 t=27/25 u=45/49
SKIPISO t=27/25 u=45/49
MWRANK u=29/49 r=1 gens=2
FIBSURV Sig=4 t=37/27 u=29/49
SKIPISO t=37/27 u=29/49
MWRANK u=49/12 r=2 gens=2
FIBSURV Sig=4 t=-137/11 u=49/12
SKIPISO t=-137/11 u=49/12
MWRANK u=-49/31 r=2 gens=2
FIBSURV Sig=4 t=131/51 u=-49/31
SKIPISO t=131/51 u=-49/31
MWRANK u=49/26 r=1 gens=2
FIBSURV Sig=4 t=-11/81 u=49/26
SKIPISO t=-11/81 u=49/26
MWRANK u=-49/5 r=2 gens=2
FIBSURV Sig=4 t=145/37 u=-49/5
SKIPISO t=145/37 u=-49/5
MWRANK u=17/49 r=2 gens=2
FIBSURV Sig=4 t=89/57 u=17/49
SKIPISO t=89/57 u=17/49
MWRANK u=-49/19 r=1 gens=2
FIBSURV Sig=4 t=26/9 u=-49/19
SKIPISO t=26/9 u=-49/19
MWRANK u=-47/49 r=2 gens=2
MWRANK u=49/20 r=3 gens=2
FIBSURV Sig=4 t=-65/51 u=49/20
SKIPISO t=-65/51 u=49/20
MWRANK u=1/49 r=2 gens=2
FIBSURV Sig=4 t=109/61 u=1/49
SKIPISO t=109/61 u=1/49
MWRANK u=49/22 r=1 gens=2
FIBSURV Sig=4 t=-47/61 u=49/22
SKIPISO t=-47/61 u=49/22
MWRANK u=49/30 r=2 gens=2
FIBSURV Sig=4 t=25/101 u=49/30
SKIPISO t=25/101 u=49/30
MWRANK u=49/25 r=2 gens=2
FIBSURV Sig=4 t=-5/19 u=49/25
SKIPISO t=-5/19 u=49/25
MWRANK u=49/11 r=2 gens=2
FIBSURV Sig=4 t=-73/3 u=49/11
SKIPISO t=-73/3 u=49/11
MWRANK u=49/13 r=2 gens=2
FIBSURV Sig=4 t=-8 u=49/13
SKIPISO t=-8 u=49/13
MWRANK u=49/15 r=2 gens=2
FIBSURV Sig=4 t=-55/13 u=49/15
SKIPISO t=-55/13 u=49/15
MWRANK u=49/29 r=1 gens=2
FIBSURV Sig=4 t=1/6 u=49/29
SKIPISO t=1/6 u=49/29
MWRANK u=47/49 r=3 gens=2
FIBSURV Sig=4 t=103/99 u=47/49
SKIPISO t=103/99 u=47/49
MWRANK u=-27/49 r=3 gens=2
FIBSURV Sig=4 t=36/17 u=-27/49
SKIPISO t=36/17 u=-27/49
MWRANK u=-49/23 r=2 gens=2
FIBSURV Sig=4 t=113/41 u=-49/23
SKIPISO t=113/41 u=-49/23
MWRANK u=37/49 r=3 gens=2
FIBSURV Sig=4 t=16/13 u=37/49
SKIPISO t=16/13 u=37/49
MWRANK u=-49/27 r=1 gens=2
FIBSURV Sig=4 t=61/23 u=-49/27
SKIPISO t=61/23 u=-49/27
MWRANK u=-23/49 r=2 gens=2
FIBSURV Sig=4 t=139/67 u=-23/49
SKIPISO t=139/67 u=-23/49
MWRANK u=39/49 r=2 gens=2
FIBSURV Sig=4 t=123/103 u=39/49
SKIPISO t=123/103 u=39/49
MWRANK u=-49/11 r=2 gens=2
FIBSURV Sig=4 t=43/13 u=-49/11
SKIPISO t=43/13 u=-49/11
MWRANK u=3/49 r=1 gens=2
FIBSURV Sig=4 t=213/121 u=3/49
SKIPISO t=213/121 u=3/49
MWRANK u=-49/43 r=1 gens=2
FIBSURV Sig=4 t=79/33 u=-49/43
SKIPISO t=79/33 u=-49/43
MWRANK u=49/24 r=2 gens=2
FIBSURV Sig=4 t=-29/71 u=49/24
SKIPISO t=-29/71 u=49/24
MWRANK u=49/27 r=2 gens=2
FIBSURV Sig=4 t=-1/43 u=49/27
SKIPISO t=-1/43 u=49/27
MWRANK u=-3/49 r=1 gens=2
FIBSURV Sig=4 t=57/31 u=-3/49
SKIPISO t=57/31 u=-3/49
MWRANK u=49/36 r=2 gens=2
FIBSURV Sig=4 t=79/131 u=49/36
SKIPISO t=79/131 u=49/36
MWRANK u=-19/49 r=2 gens=2
FIBSURV Sig=4 t=67/33 u=-19/49
SKIPISO t=67/33 u=-19/49
MWRANK u=13/49 r=2 gens=2
FIBSURV Sig=4 t=47/29 u=13/49
SKIPISO t=47/29 u=13/49
MWRANK u=-49/3 r=2 gens=2
FIBSURV Sig=4 t=17/4 u=-49/3
SKIPISO t=17/4 u=-49/3
MWRANK u=-49 r=2 gens=2
FIBSURV Sig=4 t=127/27 u=-49
SKIPISO t=127/27 u=-49
MWSKIP u=49/31 bounds=[1,3]
FIBSURV Sig=4 t=17/53 u=49/31
SKIPISO t=17/53 u=49/31
MWRANK u=-43/49 r=1 gens=2
FIBSURV Sig=4 t=41/18 u=-43/49
SKIPISO t=41/18 u=-43/49
MWRANK u=49/38 r=1 gens=2
FIBSURV Sig=4 t=97/141 u=49/38
SKIPISO t=97/141 u=49/38
MWRANK u=9/49 r=2 gens=2
FIBSURV Sig=4 t=99/59 u=9/49
SKIPISO t=99/59 u=9/49
MWRANK u=49/18 r=2 gens=2
FIBSURV Sig=4 t=-83/41 u=49/18
SKIPISO t=-83/41 u=49/18
MWRANK u=49/33 r=2 gens=2
FIBSURV Sig=4 t=13/29 u=49/33
SKIPISO t=13/29 u=49/33
MWRANK u=49/34 r=2 gens=2
FIBSURV Sig=4 t=61/121 u=49/34
SKIPISO t=61/121 u=49/34
MWRANK u=49/17 r=1 gens=2
FIBSURV Sig=4 t=-23/9 u=49/17
SKIPISO t=-23/9 u=49/17
MWRANK u=31/49 r=1 gens=2
FIBSURV Sig=4 t=143/107 u=31/49
SKIPISO t=143/107 u=31/49
MWRANK u=41/49 r=2 gens=2
FIBSURV Sig=4 t=59/51 u=41/49
SKIPISO t=59/51 u=41/49
MWRANK u=-49/39 r=2 gens=2
FIBSURV Sig=4 t=149/61 u=-49/39
SKIPISO t=149/61 u=-49/39
MWRANK u=49/32 r=2 gens=2
FIBSURV Sig=4 t=43/111 u=49/32
SKIPISO t=43/111 u=49/32
MWRANK u=-11/49 r=1 gens=2
FIBSURV Sig=4 t=31/16 u=-11/49
SKIPISO t=31/16 u=-11/49
MWRANK u=49 r=2 gens=2
FIBSURV Sig=4 t=59/11 u=49
SKIPISO t=59/11 u=49
MWRANK u=50/37 r=1 gens=2
FIBSURV Sig=4 t=83/135 u=50/37
SKIPISO t=83/135 u=50/37
MWRANK u=50/13 r=2 gens=2
FIBSURV Sig=4 t=-133/15 u=50/13
SKIPISO t=-133/15 u=50/13
MWSKIP u=50/39 bounds=[1,3]
FIBSURV Sig=4 t=101/145 u=50/39
SKIPISO t=101/145 u=50/39
MWRANK u=50/23 r=3 gens=2
FIBSURV Sig=4 t=-43/65 u=50/23
SKIPISO t=-43/65 u=50/23
MWRANK u=50/31 r=3 gens=2
FIBSURV Sig=4 t=29/105 u=50/31
SKIPISO t=29/105 u=50/31
MWRANK u=50/29 r=1 gens=2
FIBSURV Sig=4 t=11/95 u=50/29
SKIPISO t=11/95 u=50/29
MWRANK u=50/27 r=3 gens=2
FIBSURV Sig=4 t=-7/85 u=50/27
SKIPISO t=-7/85 u=50/27
MWRANK u=50/33 r=1 gens=2
FIBSURV Sig=4 t=47/115 u=50/33
SKIPISO t=47/115 u=50/33
MWRANK u=-39/50 r=2 gens=2
FIBSURV Sig=4 t=645/289 u=-39/50
SKIPISO t=645/289 u=-39/50
MWRANK u=50/17 r=1 gens=2
FIBSURV Sig=4 t=-97/35 u=50/17
SKIPISO t=-97/35 u=50/17
MWRANK u=50/21 r=1 gens=2
FIBSURV Sig=4 t=-61/55 u=50/21
SKIPISO t=-61/55 u=50/21
MWRANK u=50/19 r=2 gens=2
FIBSURV Sig=4 t=-79/45 u=50/19
SKIPISO t=-79/45 u=50/19
MWRANK u=51/47 r=3 gens=2
FIBSURV Sig=4 t=21/23 u=51/47
SKIPISO t=21/23 u=51/47
MWRANK u=51/49 r=2 gens=2
FIBSURV Sig=4 t=93/97 u=51/49
SKIPISO t=93/97 u=51/49
MWRANK u=-41/51 r=1 gens=2
FIBSURV Sig=4 t=83/37 u=-41/51
SKIPISO t=83/37 u=-41/51
MWRANK u=51/14 r=1 gens=2
FIBSURV Sig=4 t=-129/19 u=51/14
SKIPISO t=-129/19 u=51/14
MWRANK u=41/51 r=1 gens=2
FIBSURV Sig=4 t=127/107 u=41/51
SKIPISO t=127/107 u=41/51
MWRANK u=23/51 r=1 gens=2
FIBSURV Sig=4 t=43/29 u=23/51
SKIPISO t=43/29 u=23/51
MWRANK u=35/51 r=2 gens=2
FIBSURV Sig=4 t=71/55 u=35/51
SKIPISO t=71/55 u=35/51
MWRANK u=51/20 r=1 gens=2
FIBSURV Sig=4 t=-75/49 u=51/20
SKIPISO t=-75/49 u=51/20
MWRANK u=51/13 r=2 gens=2
FIBSURV Sig=4 t=-69/7 u=51/13
SKIPISO t=-69/7 u=51/13
MWRANK u=-51/37 r=2 gens=2
FIBSURV Sig=4 t=147/59 u=-51/37
SKIPISO t=147/59 u=-51/37
MWRANK u=51/4 r=3 gens=2
MWRANK u=51/11 r=1 gens=2
FIBSURV Sig=4 t=-39 u=51/11
SKIPISO t=-39 u=51/11
MWRANK u=49/51 r=1 gens=2
FIBSURV Sig=4 t=107/103 u=49/51
SKIPISO t=107/103 u=49/51
MWRANK u=-51 r=2 gens=2
FIBSURV Sig=4 t=33/7 u=-51
SKIPISO t=33/7 u=-51
MWRANK u=-51/5 r=1 gens=2
FIBSURV Sig=4 t=75/19 u=-51/5
SKIPISO t=75/19 u=-51/5
MWRANK u=7/51 r=2 gens=2
FIBSURV Sig=4 t=53/31 u=7/51
SKIPISO t=53/31 u=7/51
MWRANK u=-25/51 r=2 gens=2
FIBSURV Sig=4 t=73/35 u=-25/51
SKIPISO t=73/35 u=-25/51
MWRANK u=51/32 r=2 gens=2
FIBSURV Sig=4 t=33/109 u=51/32
SKIPISO t=33/109 u=51/32
MWRANK u=51/26 r=2 gens=2
FIBSURV Sig=4 t=-21/79 u=51/26
SKIPISO t=-21/79 u=51/26
MWRANK u=37/51 r=1 gens=2
FIBSURV Sig=4 t=137/109 u=37/51
SKIPISO t=137/109 u=37/51
MWRANK u=51/28 r=1 gens=2
FIBSURV Sig=4 t=-3/89 u=51/28
SKIPISO t=-3/89 u=51/28
MWRANK u=-13/51 r=2 gens=2
FIBSURV Sig=4 t=131/67 u=-13/51
SKIPISO t=131/67 u=-13/51
MWRANK u=-51/41 r=1 gens=2
FIBSURV Sig=4 t=39/16 u=-51/41
SKIPISO t=39/16 u=-51/41
MWRANK u=-51/13 r=1 gens=2
FIBSURV Sig=4 t=93/29 u=-51/13
SKIPISO t=93/29 u=-51/13
MWRANK u=47/51 r=1 gens=2
FIBSURV Sig=4 t=14/13 u=47/51
SKIPISO t=14/13 u=47/51
MWRANK u=51/16 r=2 gens=2
FIBSURV Sig=4 t=-111/29 u=51/16
SKIPISO t=-111/29 u=51/16
MWRANK u=51/22 r=2 gens=2
FIBSURV Sig=4 t=-57/59 u=51/22
SKIPISO t=-57/59 u=51/22
MWRANK u=51/25 r=2 gens=2
FIBSURV Sig=4 t=-15/37 u=51/25
SKIPISO t=-15/37 u=51/25
MWRANK u=43/51 r=2 gens=2
FIBSURV Sig=4 t=61/53 u=43/51
SKIPISO t=61/53 u=43/51
MWRANK u=-49/51 r=1 gens=2
FIBSURV Sig=4 t=44/19 u=-49/51
SKIPISO t=44/19 u=-49/51
MWRANK u=51/41 r=2 gens=2
FIBSURV Sig=4 t=57/77 u=51/41
SKIPISO t=57/77 u=51/41
MWRANK u=51/7 r=1 gens=2
FIBSURV Sig=4 t=12 u=51/7
SKIPISO t=12 u=51/7
MWRANK u=19/51 r=2 gens=2
FIBSURV Sig=4 t=91/59 u=19/51
SKIPISO t=91/59 u=19/51
MWRANK u=11/51 r=2 gens=2
FIBSURV Sig=4 t=101/61 u=11/51
SKIPISO t=101/61 u=11/51
MWRANK u=51/38 r=2 gens=2
FIBSURV Sig=4 t=87/139 u=51/38
SKIPISO t=87/139 u=51/38
MWRANK u=51/23 r=1 gens=2
FIBSURV Sig=4 t=-3/4 u=51/23
SKIPISO t=-3/4 u=51/23
MWRANK u=51/5 r=1 gens=2
FIBSURV Sig=4 t=105/13 u=51/5
SKIPISO t=105/13 u=51/5
MWRANK u=51/43 r=2 gens=2
FIBSURV Sig=4 t=33/41 u=51/43
SKIPISO t=33/41 u=51/43
MWRANK u=51/19 r=1 gens=2
FIBSURV Sig=4 t=-21/11 u=51/19
SKIPISO t=-21/11 u=51/19
MWRANK u=51/37 r=1 gens=2
FIBSURV Sig=4 t=39/67 u=51/37
SKIPISO t=39/67 u=51/37
MWSKIP u=51/29 bounds=[1,3]
FIBSURV Sig=4 t=3/47 u=51/29
SKIPISO t=3/47 u=51/29
MWRANK u=-51/25 r=1 gens=2
FIBSURV Sig=4 t=30/11 u=-51/25
SKIPISO t=30/11 u=-51/25
MWSKIP u=51/40 bounds=[1,2]
FIBSURV Sig=4 t=105/149 u=51/40
SKIPISO t=105/149 u=51/40
MWRANK u=51 r=1 gens=2
FIBSURV Sig=4 t=123/23 u=51
SKIPISO t=123/23 u=51
MWRANK u=51/35 r=1 gens=2
FIBSURV Sig=4 t=15/31 u=51/35
SKIPISO t=15/31 u=51/35
MWRANK u=31/51 r=2 gens=2
FIBSURV Sig=4 t=19/14 u=31/51
SKIPISO t=19/14 u=31/51
MWRANK u=-51/29 r=2 gens=2
FIBSURV Sig=4 t=129/49 u=-51/29
SKIPISO t=129/49 u=-51/29
MWRANK u=-5/51 r=2 gens=2
FIBSURV Sig=4 t=121/65 u=-5/51
SKIPISO t=121/65 u=-5/51
MWRANK u=52/31 r=1 gens=2
FIBSURV Sig=4 t=19/103 u=52/31
SKIPISO t=19/103 u=52/31
MWRANK u=52/19 r=1 gens=2
FIBSURV Sig=4 t=-89/43 u=52/19
SKIPISO t=-89/43 u=52/19
MWSKIP u=52/33 bounds=[1,3]
FIBSURV Sig=4 t=37/113 u=52/33
SKIPISO t=37/113 u=52/33
MWRANK u=52/35 r=1 gens=2
FIBSURV Sig=4 t=55/123 u=52/35
SKIPISO t=55/123 u=52/35
MWRANK u=52/29 r=1 gens=2
FIBSURV Sig=4 t=1/93 u=52/29
SKIPISO t=1/93 u=52/29
MWRANK u=52/37 r=1 gens=2
FIBSURV Sig=4 t=73/133 u=52/37
SKIPISO t=73/133 u=52/37
MWRANK u=52/17 r=4 gens=2
FIBSURV Sig=4 t=-107/33 u=52/17
SKIPISO t=-107/33 u=52/17
MWRANK u=52/23 r=2 gens=2
FIBSURV Sig=4 t=-53/63 u=52/23
SKIPISO t=-53/63 u=52/23
MWRANK u=52/21 r=1 gens=2
FIBSURV Sig=4 t=-71/53 u=52/21
SKIPISO t=-71/53 u=52/21
MWRANK u=52/27 r=3 gens=2
FIBSURV Sig=4 t=-17/83 u=52/27
SKIPISO t=-17/83 u=52/27
MWRANK u=52/15 r=2 gens=2
FIBSURV Sig=4 t=-125/23 u=52/15
SKIPISO t=-125/23 u=52/15
MWRANK u=52/25 r=1 gens=2
FIBSURV Sig=4 t=-35/73 u=52/25
SKIPISO t=-35/73 u=52/25
MWRANK u=53/22 r=2 gens=2
FIBSURV Sig=4 t=-67/57 u=53/22
SKIPISO t=-67/57 u=53/22
MWRANK u=53/28 r=1 gens=2
FIBSURV Sig=4 t=-13/87 u=53/28
SKIPISO t=-13/87 u=53/28
MWRANK u=-53/11 r=1 gens=2
FIBSURV Sig=4 t=91/27 u=-53/11
SKIPISO t=91/27 u=-53/11
MWRANK u=53/23 r=1 gens=2
FIBSURV Sig=4 t=-29/31 u=53/23
SKIPISO t=-29/31 u=53/23
MWRANK u=-23/53 r=2 gens=2
FIBSURV Sig=4 t=37/18 u=-23/53
SKIPISO t=37/18 u=-23/53
MWRANK u=49/53 r=1 gens=2
FIBSURV Sig=4 t=29/27 u=49/53
SKIPISO t=29/27 u=49/53
MWRANK u=53/25 r=1 gens=2
FIBSURV Sig=4 t=-5/9 u=53/25
SKIPISO t=-5/9 u=53/25
MWRANK u=29/53 r=2 gens=2
FIBSURV Sig=4 t=83/59 u=29/53
SKIPISO t=83/59 u=29/53
MWSKIP u=17/53 bounds=[1,3]
FIBSURV Sig=4 t=49/31 u=17/53
SKIPISO t=49/31 u=17/53
MWRANK u=53 r=1 gens=2
FIBSURV Sig=4 t=16/3 u=53
SKIPISO t=16/3 u=53
MWRANK u=-53/47 r=1 gens=2
FIBSURV Sig=4 t=43/18 u=-53/47
SKIPISO t=43/18 u=-53/47
MWRANK u=53/9 r=1 gens=2
FIBSURV Sig=4 t=23 u=53/9
SKIPISO t=23 u=53/9
MWRANK u=53/24 r=2 gens=2
FIBSURV Sig=4 t=-49/67 u=53/24
SKIPISO t=-49/67 u=53/24
MWRANK u=53/5 r=2 gens=2
FIBSURV Sig=4 t=55/7 u=53/5
SKIPISO t=55/7 u=53/5
MWRANK u=-53/15 r=1 gens=2
FIBSURV Sig=4 t=25/8 u=-53/15
SKIPISO t=25/8 u=-53/15
MWRANK u=-53/3 r=1 gens=2
FIBSURV Sig=4 t=73/17 u=-53/3
SKIPISO t=73/17 u=-53/3
MWRANK u=53/36 r=1 gens=2
FIBSURV Sig=4 t=59/127 u=53/36
SKIPISO t=59/127 u=53/36
MWSKIP u=25/53 bounds=[1,3]
FIBSURV Sig=4 t=22/15 u=25/53
SKIPISO t=22/15 u=25/53
MWRANK u=47/53 r=3 gens=2
FIBSURV Sig=4 t=121/109 u=47/53
SKIPISO t=121/109 u=47/53
MWRANK u=51/53 r=1 gens=2
FIBSURV Sig=4 t=111/107 u=51/53
SKIPISO t=111/107 u=51/53
MWRANK u=-53/31 r=1 gens=2
FIBSURV Sig=4 t=34/13 u=-53/31
SKIPISO t=34/13 u=-53/31
MWRANK u=53/39 r=3 gens=2
FIBSURV Sig=4 t=43/71 u=53/39
SKIPISO t=43/71 u=53/39
MWRANK u=-39/53 r=1 gens=2
FIBSURV Sig=4 t=42/19 u=-39/53
SKIPISO t=42/19 u=-39/53
MWRANK u=53/49 r=1 gens=2
FIBSURV Sig=4 t=11/12 u=53/49
SKIPISO t=11/12 u=53/49
MWRANK u=-47/53 r=1 gens=2
FIBSURV Sig=4 t=89/39 u=-47/53
SKIPISO t=89/39 u=-47/53
MWRANK u=-53/7 r=3 gens=2
FIBSURV Sig=4 t=41/11 u=-53/7
SKIPISO t=41/11 u=-53/7
MWRANK u=41/53 r=2 gens=2
FIBSURV Sig=4 t=17/14 u=41/53
SKIPISO t=17/14 u=41/53
MWRANK u=5/53 r=2 gens=2
FIBSURV Sig=4 t=113/65 u=5/53
SKIPISO t=113/65 u=5/53
MWRANK u=53/30 r=3 gens=2
FIBSURV Sig=4 t=5/97 u=53/30
SKIPISO t=5/97 u=53/30
MWRANK u=53/29 r=4 gens=2
FIBSURV Sig=4 t=-1/23 u=53/29
SKIPISO t=-1/23 u=53/29
MWRANK u=53/13 r=1 gens=2
FIBSURV Sig=4 t=-37/3 u=53/13
SKIPISO t=-37/3 u=53/13
MWRANK u=53/7 r=2 gens=2
FIBSURV Sig=4 t=101/9 u=53/7
SKIPISO t=101/9 u=53/7
MWRANK u=53/20 r=1 gens=2
FIBSURV Sig=4 t=-85/47 u=53/20
SKIPISO t=-85/47 u=53/20
MWRANK u=-53/27 r=2 gens=2
FIBSURV Sig=4 t=127/47 u=-53/27
SKIPISO t=127/47 u=-53/27
MWRANK u=53/3 r=1 gens=2
FIBSURV Sig=4 t=119/19 u=53/3
SKIPISO t=119/19 u=53/3
MWRANK u=53/27 r=1 gens=2
FIBSURV Sig=4 t=-11/41 u=53/27
SKIPISO t=-11/41 u=53/27
MWRANK u=-53/23 r=3 gens=2
FIBSURV Sig=4 t=59/21 u=-53/23
SKIPISO t=59/21 u=-53/23
MWRANK u=53/26 r=2 gens=2
FIBSURV Sig=4 t=-31/77 u=53/26
SKIPISO t=-31/77 u=53/26
MWRANK u=-37/53 r=3 gens=2
FIBSURV Sig=4 t=331/151 u=-37/53
SKIPISO t=331/151 u=-37/53
MWRANK u=-15/53 r=1 gens=2
FIBSURV Sig=4 t=69/35 u=-15/53
SKIPISO t=69/35 u=-15/53
MWRANK u=-11/53 r=2 gens=2
FIBSURV Sig=4 t=133/69 u=-11/53
SKIPISO t=133/69 u=-11/53
MWRANK u=53/40 r=2 gens=2
FIBSURV Sig=4 t=95/147 u=53/40
SKIPISO t=95/147 u=53/40
MWRANK u=53/43 r=2 gens=2
FIBSURV Sig=4 t=61/81 u=53/43
SKIPISO t=61/81 u=53/43
MWRANK u=1/53 r=2 gens=2
FIBSURV Sig=4 t=59/33 u=1/53
SKIPISO t=59/33 u=1/53
MWRANK u=33/53 r=3 gens=2
FIBSURV Sig=4 t=39/29 u=33/53
SKIPISO t=39/29 u=33/53
MWRANK u=-31/53 r=2 gens=2
FIBSURV Sig=4 t=79/37 u=-31/53
SKIPISO t=79/37 u=-31/53
MWRANK u=21/53 r=2 gens=2
FIBSURV Sig=4 t=93/61 u=21/53
SKIPISO t=93/61 u=21/53
MWRANK u=53/21 r=2 gens=2
FIBSURV Sig=4 t=-19/13 u=53/21
SKIPISO t=-19/13 u=53/21
MWRANK u=-53 r=2 gens=2
FIBSURV Sig=4 t=137/29 u=-53
SKIPISO t=137/29 u=-53
MWRANK u=53/33 r=1 gens=2
FIBSURV Sig=4 t=2/7 u=53/33
SKIPISO t=2/7 u=53/33
MWRANK u=53/41 r=1 gens=2
FIBSURV Sig=4 t=13/19 u=53/41
SKIPISO t=13/19 u=53/41
MWSKIP u=13/53 bounds=[1,3]
FIBSURV Sig=4 t=103/63 u=13/53
SKIPISO t=103/63 u=13/53
MWRANK u=53/37 r=2 gens=2
FIBSURV Sig=4 t=17/33 u=53/37
SKIPISO t=17/33 u=53/37
MWRANK u=9/53 r=1 gens=2
FIBSURV Sig=4 t=27/16 u=9/53
SKIPISO t=27/16 u=9/53
MWRANK u=53/38 r=2 gens=2
FIBSURV Sig=4 t=77/137 u=53/38
SKIPISO t=77/137 u=53/38
MWRANK u=53/16 r=2 gens=2
FIBSURV Sig=4 t=-121/27 u=53/16
SKIPISO t=-121/27 u=53/16
MWRANK u=53/47 r=2 gens=2
FIBSURV Sig=4 t=79/91 u=53/47
SKIPISO t=79/91 u=53/47
MWRANK u=43/53 r=1 gens=2
FIBSURV Sig=4 t=131/111 u=43/53
SKIPISO t=131/111 u=43/53
MWRANK u=53/17 r=3 gens=2
FIBSURV Sig=4 t=-7/2 u=53/17
SKIPISO t=-7/2 u=53/17
MWRANK u=53/11 r=2 gens=2
FIBSURV Sig=4 t=-83 u=53/11
SKIPISO t=-83 u=53/11
MWRANK u=53/14 r=2 gens=2
FIBSURV Sig=4 t=-139/17 u=53/14
SKIPISO t=-139/17 u=53/14
MWRANK u=53/19 r=3 gens=2
FIBSURV Sig=4 t=-47/21 u=53/19
SKIPISO t=-47/21 u=53/19
MWRANK u=-53/35 r=2 gens=2
FIBSURV Sig=4 t=145/57 u=-53/35
SKIPISO t=145/57 u=-53/35
MWRANK u=-7/53 r=3 gens=2
FIBSURV Sig=4 t=32/17 u=-7/53
SKIPISO t=32/17 u=-7/53
MWRANK u=39/53 r=2 gens=2
FIBSURV Sig=4 t=141/113 u=39/53
SKIPISO t=141/113 u=39/53
MWSKIP u=53/45 bounds=[1,3]
FIBSURV Sig=4 t=35/43 u=53/45
SKIPISO t=35/43 u=53/45
MWRANK u=53/31 r=2 gens=2
FIBSURV Sig=4 t=7/51 u=53/31
SKIPISO t=7/51 u=53/31
MWRANK u=53/32 r=1 gens=2
FIBSURV Sig=4 t=23/107 u=53/32
SKIPISO t=23/107 u=53/32
MWRANK u=-53/19 r=2 gens=2
FIBSURV Sig=4 t=109/37 u=-53/19
SKIPISO t=109/37 u=-53/19
MWRANK u=53/18 r=3 gens=2
FIBSURV Sig=4 t=-103/37 u=53/18
SKIPISO t=-103/37 u=53/18
MWRANK u=-53/39 r=3 gens=2
FIBSURV Sig=4 t=77/31 u=-53/39
SKIPISO t=77/31 u=-53/39
MWRANK u=45/53 r=2 gens=2
FIBSURV Sig=4 t=63/55 u=45/53
SKIPISO t=63/55 u=45/53
MWRANK u=53/51 r=1 gens=2
FIBSURV Sig=4 t=97/101 u=53/51
SKIPISO t=97/101 u=53/51
MWRANK u=53/34 r=2 gens=2
FIBSURV Sig=4 t=41/117 u=53/34
SKIPISO t=41/117 u=53/34
MWRANK u=-19/53 r=2 gens=2
FIBSURV Sig=4 t=143/71 u=-19/53
SKIPISO t=143/71 u=-19/53
MWRANK u=53/35 r=3 gens=2
FIBSURV Sig=4 t=25/61 u=53/35
SKIPISO t=25/61 u=53/35
MWRANK u=37/53 r=2 gens=2
FIBSURV Sig=4 t=73/57 u=37/53
SKIPISO t=73/57 u=37/53
MWRANK u=53/15 r=1 gens=2
FIBSURV Sig=4 t=-65/11 u=53/15
SKIPISO t=-65/11 u=53/15
MWRANK u=54/29 r=3 gens=2
FIBSURV Sig=4 t=-9/91 u=54/29
SKIPISO t=-9/91 u=54/29
MWRANK u=54/23 r=3 gens=2
FIBSURV Sig=4 t=-63/61 u=54/23
SKIPISO t=-63/61 u=54/23
MWRANK u=54/35 r=1 gens=2
FIBSURV Sig=4 t=45/121 u=54/35
SKIPISO t=45/121 u=54/35
MWRANK u=54/31 r=1 gens=2
FIBSURV Sig=4 t=9/101 u=54/31
SKIPISO t=9/101 u=54/31
MWRANK u=54/25 r=3 gens=2
FIBSURV Sig=4 t=-45/71 u=54/25
SKIPISO t=-45/71 u=54/25
MWSKIP u=54/37 bounds=[1,3]
FIBSURV Sig=4 t=63/131 u=54/37
SKIPISO t=63/131 u=54/37
MWRANK u=54/17 r=2 gens=2
FIBSURV Sig=4 t=-117/31 u=54/17
SKIPISO t=-117/31 u=54/17
MWRANK u=54/19 r=1 gens=2
FIBSURV Sig=4 t=-99/41 u=54/19
SKIPISO t=-99/41 u=54/19
MWRANK u=55/29 r=1 gens=2
FIBSURV Sig=4 t=-7/45 u=55/29
SKIPISO t=-7/45 u=55/29
MWRANK u=51/55 r=2 gens=2
FIBSURV Sig=4 t=15/14 u=51/55
SKIPISO t=15/14 u=51/55
MWRANK u=-55/37 r=3 gens=2
FIBSURV Sig=4 t=38/15 u=-55/37
SKIPISO t=38/15 u=-55/37
MWRANK u=-9/55 r=2 gens=2
FIBSURV Sig=4 t=135/71 u=-9/55
SKIPISO t=135/71 u=-9/55
MWRANK u=55/31 r=2 gens=2
FIBSURV Sig=4 t=1/25 u=55/31
SKIPISO t=1/25 u=55/31
MWRANK u=47/55 r=2 gens=2
FIBSURV Sig=4 t=65/57 u=47/55
SKIPISO t=65/57 u=47/55
MWRANK u=-13/55 r=2 gens=2
FIBSURV Sig=4 t=35/18 u=-13/55
SKIPISO t=35/18 u=-13/55
MWRANK u=55/28 r=1 gens=2
FIBSURV Sig=4 t=-23/85 u=55/28
SKIPISO t=-23/85 u=55/28
MWRANK u=55/36 r=2 gens=2
FIBSURV Sig=4 t=49/125 u=55/36
SKIPISO t=49/125 u=55/36
MWSKIP u=49/55 bounds=[1,3]
FIBSURV Sig=4 t=125/113 u=49/55
SKIPISO t=125/113 u=49/55
MWRANK u=55/38 r=2 gens=2
FIBSURV Sig=4 t=67/135 u=55/38
SKIPISO t=67/135 u=55/38
MWRANK u=55/7 r=2 gens=2
FIBSURV Sig=4 t=53/5 u=55/7
SKIPISO t=53/5 u=55/7
MWRANK u=55/24 r=1 gens=2
FIBSURV Sig=4 t=-59/65 u=55/24
SKIPISO t=-59/65 u=55/24
MWRANK u=55/27 r=1 gens=2
FIBSURV Sig=4 t=-2/5 u=55/27
SKIPISO t=-2/5 u=55/27
MWRANK u=55/39 r=2 gens=2
FIBSURV Sig=4 t=19/35 u=55/39
SKIPISO t=19/35 u=55/39
MWRANK u=55/41 r=3 gens=2
FIBSURV Sig=4 t=47/75 u=55/41
SKIPISO t=47/75 u=55/41
MWRANK u=19/55 r=3 gens=2
FIBSURV Sig=4 t=25/16 u=19/55
SKIPISO t=25/16 u=19/55
MWRANK u=-55/13 r=2 gens=2
FIBSURV Sig=4 t=49/15 u=-55/13
SKIPISO t=49/15 u=-55/13
MWRANK u=-17/55 r=2 gens=2
FIBSURV Sig=4 t=145/73 u=-17/55
SKIPISO t=145/73 u=-17/55
MWRANK u=41/55 r=2 gens=2
FIBSURV Sig=4 t=145/117 u=41/55
SKIPISO t=145/117 u=41/55
MWRANK u=-53/55 r=3 gens=2
FIBSURV Sig=4 t=95/41 u=-53/55
SKIPISO t=95/41 u=-53/55
MWRANK u=55/21 r=2 gens=2
FIBSURV Sig=4 t=-43/25 u=55/21
SKIPISO t=-43/25 u=55/21
MWRANK u=3/55 r=3 gens=2
FIBSURV Sig=4 t=30/17 u=3/55
SKIPISO t=30/17 u=3/55
MWRANK u=-55/17 r=1 gens=2
FIBSURV Sig=4 t=107/35 u=-55/17
SKIPISO t=107/35 u=-55/17
MWRANK u=55/32 r=2 gens=2
FIBSURV Sig=4 t=13/105 u=55/32
SKIPISO t=13/105 u=55/32
MWRANK u=55/37 r=2 gens=2
FIBSURV Sig=4 t=29/65 u=55/37
SKIPISO t=29/65 u=55/37
MWRANK u=55/9 r=2 gens=2
FIBSURV Sig=4 t=97/5 u=55/9
SKIPISO t=97/5 u=55/9
MWRANK u=55/34 r=2 gens=2
FIBSURV Sig=4 t=31/115 u=55/34
SKIPISO t=31/115 u=55/34
MWRANK u=23/55 r=2 gens=2
FIBSURV Sig=4 t=95/63 u=23/55
SKIPISO t=95/63 u=23/55
MWRANK u=55/23 r=2 gens=2
FIBSURV Sig=4 t=-17/15 u=55/23
SKIPISO t=-17/15 u=55/23
MWRANK u=-29/55 r=1 gens=2
FIBSURV Sig=4 t=40/19 u=-29/55
SKIPISO t=40/19 u=-29/55
MWRANK u=55/13 r=2 gens=2
FIBSURV Sig=4 t=-79/5 u=55/13
SKIPISO t=-79/5 u=55/13
MWRANK u=55 r=1 gens=2
FIBSURV Sig=4 t=133/25 u=55
SKIPISO t=133/25 u=55
MWRANK u=7/55 r=2 gens=2
FIBSURV Sig=4 t=115/67 u=7/55
SKIPISO t=115/67 u=7/55
MWRANK u=53/55 r=1 gens=2
FIBSURV Sig=4 t=115/111 u=53/55
SKIPISO t=115/111 u=53/55
MWRANK u=55/17 r=2 gens=2
FIBSURV Sig=4 t=-61/15 u=55/17
SKIPISO t=-61/15 u=55/17
MWRANK u=-55/29 r=2 gens=2
FIBSURV Sig=4 t=67/25 u=-55/29
SKIPISO t=67/25 u=-55/29
MWRANK u=55/3 r=1 gens=2
FIBSURV Sig=4 t=31/5 u=55/3
SKIPISO t=31/5 u=55/3
MWRANK u=55/47 r=2 gens=2
FIBSURV Sig=4 t=37/45 u=55/47
SKIPISO t=37/45 u=55/47
MWRANK u=55/51 r=1 gens=2
FIBSURV Sig=4 t=23/25 u=55/51
SKIPISO t=23/25 u=55/51
MWRANK u=55/43 r=1 gens=2
FIBSURV Sig=4 t=7/10 u=55/43
SKIPISO t=7/10 u=55/43
MWSKIP u=-55/53 bounds=[1,3]
FIBSURV Sig=4 t=47/20 u=-55/53
SKIPISO t=47/20 u=-55/53
MWRANK u=55/19 r=1 gens=2
FIBSURV Sig=4 t=-13/5 u=55/19
SKIPISO t=-13/5 u=55/19
MWRANK u=55/18 r=1 gens=2
FIBSURV Sig=4 t=-113/35 u=55/18
SKIPISO t=-113/35 u=55/18
MWSKIP u=43/55 bounds=[1,3]
FIBSURV Sig=4 t=35/29 u=43/55
SKIPISO t=35/29 u=43/55
MWRANK u=55/53 r=2 gens=2
FIBSURV Sig=4 t=101/105 u=55/53
SKIPISO t=101/105 u=55/53
MWRANK u=-55/21 r=2 gens=2
FIBSURV Sig=4 t=29/10 u=-55/21
SKIPISO t=29/10 u=-55/21
MWRANK u=55/16 r=2 gens=2
FIBSURV Sig=4 t=-131/25 u=55/16
SKIPISO t=-131/25 u=55/16
MWRANK u=31/55 r=2 gens=2
FIBSURV Sig=4 t=85/61 u=31/55
SKIPISO t=85/61 u=31/55
MWRANK u=55/14 r=3 gens=2
FIBSURV Sig=4 t=-149/15 u=55/14
SKIPISO t=-149/15 u=55/14
MWRANK u=39/55 r=2 gens=2
FIBSURV Sig=4 t=75/59 u=39/55
SKIPISO t=75/59 u=39/55
MWRANK u=55/49 r=1 gens=2
FIBSURV Sig=4 t=83/95 u=55/49
SKIPISO t=83/95 u=55/49
MWRANK u=-21/55 r=1 gens=2
FIBSURV Sig=4 t=75/37 u=-21/55
SKIPISO t=75/37 u=-21/55
MWRANK u=-1/55 r=2 gens=2
FIBSURV Sig=4 t=125/69 u=-1/55
SKIPISO t=125/69 u=-1/55
MWRANK u=27/55 r=1 gens=2
FIBSURV Sig=4 t=45/31 u=27/55
SKIPISO t=45/31 u=27/55
MWRANK u=-55 r=1 gens=2
FIBSURV Sig=4 t=71/15 u=-55
SKIPISO t=71/15 u=-55
MWRANK u=55/12 r=4 gens=2
MWRANK u=-55/9 r=1 gens=2
FIBSURV Sig=4 t=89/25 u=-55/9
SKIPISO t=89/25 u=-55/9
MWRANK u=-37/55 r=1 gens=2
FIBSURV Sig=4 t=85/39 u=-37/55
SKIPISO t=85/39 u=-37/55
MWRANK u=56/25 r=1 gens=2
FIBSURV Sig=4 t=-55/69 u=56/25
SKIPISO t=-55/69 u=56/25
MWSKIP u=56/23 bounds=[1,3]
FIBSURV Sig=4 t=-73/59 u=56/23
SKIPISO t=-73/59 u=56/23
MWRANK u=56/27 r=1 gens=2
FIBSURV Sig=4 t=-37/79 u=56/27
SKIPISO t=-37/79 u=56/27
MWSKIP u=56/31 bounds=[1,2]
FIBSURV Sig=4 t=-1/99 u=56/31
SKIPISO t=-1/99 u=56/31
MWSKIP u=56/29 bounds=[1,3]
FIBSURV Sig=4 t=-19/89 u=56/29
SKIPISO t=-19/89 u=56/29
MWRANK u=56/39 r=1 gens=2
FIBSURV Sig=4 t=71/139 u=56/39
SKIPISO t=71/139 u=56/39
MWRANK u=56/19 r=1 gens=2
FIBSURV Sig=4 t=-109/39 u=56/19
SKIPISO t=-109/39 u=56/19
MWRANK u=56/15 r=2 gens=2
FIBSURV Sig=4 t=-145/19 u=56/15
SKIPISO t=-145/19 u=56/15
MWRANK u=56/17 r=2 gens=2
FIBSURV Sig=4 t=-127/29 u=56/17
SKIPISO t=-127/29 u=56/17
MWRANK u=56/37 r=1 gens=2
FIBSURV Sig=4 t=53/129 u=56/37
SKIPISO t=53/129 u=56/37
MWSKIP u=56/41 bounds=[1,3]
FIBSURV Sig=4 t=89/149 u=56/41
SKIPISO t=89/149 u=56/41
MWRANK u=56/33 r=3 gens=2
FIBSURV Sig=4 t=17/109 u=56/33
SKIPISO t=17/109 u=56/33
MWRANK u=57/53 r=2 gens=2
FIBSURV Sig=4 t=12/13 u=57/53
SKIPISO t=12/13 u=57/53
MWRANK u=57/23 r=1 gens=2
FIBSURV Sig=4 t=-39/29 u=57/23
SKIPISO t=-39/29 u=57/23
MWRANK u=57/49 r=2 gens=2
FIBSURV Sig=4 t=39/47 u=57/49
SKIPISO t=39/47 u=57/49
MWRANK u=57 r=1 gens=2
FIBSURV Sig=4 t=69/13 u=57
SKIPISO t=69/13 u=57
MWRANK u=57/40 r=1 gens=2
FIBSURV Sig=4 t=75/143 u=57/40
SKIPISO t=75/143 u=57/40
MWRANK u=47/57 r=3 gens=2
FIBSURV Sig=4 t=139/119 u=47/57
SKIPISO t=139/119 u=47/57
MWRANK u=57/47 r=1 gens=2
FIBSURV Sig=4 t=69/89 u=57/47
SKIPISO t=69/89 u=57/47
MWRANK u=57/55 r=2 gens=2
FIBSURV Sig=4 t=105/109 u=57/55
SKIPISO t=105/109 u=57/55
MWRANK u=57/43 r=2 gens=2
FIBSURV Sig=4 t=51/79 u=57/43
SKIPISO t=51/79 u=57/43
MWRANK u=57/17 r=1 gens=2
FIBSURV Sig=4 t=-33/7 u=57/17
SKIPISO t=-33/7 u=57/17
MWRANK u=-7/57 r=4 gens=2
FIBSURV Sig=4 t=137/73 u=-7/57
SKIPISO t=137/73 u=-7/57
MWRANK u=17/57 r=2 gens=2
FIBSURV Sig=4 t=107/67 u=17/57
SKIPISO t=107/67 u=17/57
MWRANK u=53/57 r=2 gens=2
FIBSURV Sig=4 t=31/29 u=53/57
SKIPISO t=31/29 u=53/57
MWRANK u=57/20 r=3 gens=2
FIBSURV Sig=4 t=-105/43 u=57/20
SKIPISO t=-105/43 u=57/20
MWRANK u=57/35 r=1 gens=2
FIBSURV Sig=4 t=15/59 u=57/35
SKIPISO t=15/59 u=57/35
MWRANK u=-57/7 r=1 gens=2
FIBSURV Sig=4 t=87/23 u=-57/7
SKIPISO t=87/23 u=-57/7
MWRANK u=-57/31 r=2 gens=2
FIBSURV Sig=4 t=141/53 u=-57/31
SKIPISO t=141/53 u=-57/31
MWRANK u=49/57 r=2 gens=2
FIBSURV Sig=4 t=67/59 u=49/57
SKIPISO t=67/59 u=49/57
MWRANK u=-57/35 r=1 gens=2
FIBSURV Sig=4 t=75/29 u=-57/35
SKIPISO t=75/29 u=-57/35
MWRANK u=-57/43 r=1 gens=2
FIBSURV Sig=4 t=42/17 u=-57/43
SKIPISO t=42/17 u=-57/43
MWRANK u=57/7 r=3 gens=2
FIBSURV Sig=4 t=111/11 u=57/7
SKIPISO t=111/11 u=57/7
MWRANK u=57/41 r=2 gens=2
FIBSURV Sig=4 t=21/37 u=57/41
SKIPISO t=21/37 u=57/41
MWRANK u=57/16 r=2 gens=2
FIBSURV Sig=4 t=-141/23 u=57/16
SKIPISO t=-141/23 u=57/16
MWRANK u=55/57 r=1 gens=2
FIBSURV Sig=4 t=119/115 u=55/57
SKIPISO t=119/115 u=55/57
MWRANK u=41/57 r=2 gens=2
FIBSURV Sig=4 t=77/61 u=41/57
SKIPISO t=77/61 u=41/57
MWRANK u=57/26 r=1 gens=2
FIBSURV Sig=4 t=-51/73 u=57/26
SKIPISO t=-51/73 u=57/26
MWSKIP u=5/57 bounds=[1,3]
FIBSURV Sig=4 t=61/35 u=5/57
SKIPISO t=61/35 u=5/57
MWRANK u=57/22 r=1 gens=2
FIBSURV Sig=4 t=-87/53 u=57/22
SKIPISO t=-87/53 u=57/22
MWRANK u=13/57 r=1 gens=2
FIBSURV Sig=4 t=28/17 u=13/57
SKIPISO t=28/17 u=13/57
MWRANK u=-43/57 r=2 gens=2
FIBSURV Sig=4 t=91/41 u=-43/57
SKIPISO t=91/41 u=-43/57
MWRANK u=57/11 r=1 gens=2
FIBSURV Sig=4 t=93 u=57/11
SKIPISO t=93 u=57/11
MWRANK u=-11/57 r=2 gens=2
FIBSURV Sig=4 t=71/37 u=-11/57
SKIPISO t=71/37 u=-11/57
MWRANK u=57/28 r=2 gens=2
FIBSURV Sig=4 t=-33/83 u=57/28
SKIPISO t=-33/83 u=57/28
MWRANK u=1/57 r=2 gens=2
FIBSURV Sig=4 t=127/71 u=1/57
SKIPISO t=127/71 u=1/57
MWRANK u=57/32 r=2 gens=2
FIBSURV Sig=4 t=3/103 u=57/32
SKIPISO t=3/103 u=57/32
MWRANK u=-57/23 r=2 gens=2
FIBSURV Sig=4 t=123/43 u=-57/23
SKIPISO t=123/43 u=-57/23
MWRANK u=57/34 r=2 gens=2
FIBSURV Sig=4 t=21/113 u=57/34
SKIPISO t=21/113 u=57/34
MWRANK u=29/57 r=1 gens=2
FIBSURV Sig=4 t=23/16 u=29/57
SKIPISO t=23/16 u=29/57
MWRANK u=-57 r=1 gens=2
FIBSURV Sig=4 t=147/31 u=-57
SKIPISO t=147/31 u=-57
MWRANK u=57/13 r=1 gens=2
FIBSURV Sig=4 t=-21 u=57/13
SKIPISO t=-21 u=57/13
MWRANK u=57/31 r=1 gens=2
FIBSURV Sig=4 t=-3/49 u=57/31
SKIPISO t=-3/49 u=57/31
MWRANK u=-57/11 r=2 gens=2
FIBSURV Sig=4 t=24/7 u=-57/11
SKIPISO t=24/7 u=-57/11
MWRANK u=57/29 r=1 gens=2
FIBSURV Sig=4 t=-3/11 u=57/29
SKIPISO t=-3/11 u=57/29
MWRANK u=37/57 r=1 gens=2
FIBSURV Sig=4 t=41/31 u=37/57
SKIPISO t=41/31 u=37/57
MWRANK u=-35/57 r=1 gens=2
FIBSURV Sig=4 t=43/20 u=-35/57
SKIPISO t=43/20 u=-35/57
MWRANK u=43/57 r=2 gens=2
FIBSURV Sig=4 t=149/121 u=43/57
SKIPISO t=149/121 u=43/57
MWRANK u=57/25 r=2 gens=2
FIBSURV Sig=4 t=-15/17 u=57/25
SKIPISO t=-15/17 u=57/25
MWRANK u=58/31 r=1 gens=2
FIBSURV Sig=4 t=-11/97 u=58/31
SKIPISO t=-11/97 u=58/31
MWRANK u=58/23 r=1 gens=2
FIBSURV Sig=4 t=-83/57 u=58/23
SKIPISO t=-83/57 u=58/23
MWRANK u=58/25 r=1 gens=2
FIBSURV Sig=4 t=-65/67 u=58/25
SKIPISO t=-65/67 u=58/25
MWRANK u=58/39 r=1 gens=2
FIBSURV Sig=4 t=61/137 u=58/39
SKIPISO t=61/137 u=58/39
MWRANK u=58/19 r=2 gens=2
FIBSURV Sig=4 t=-119/37 u=58/19
SKIPISO t=-119/37 u=58/19
MWRANK u=58/27 r=1 gens=2
FIBSURV Sig=4 t=-47/77 u=58/27
SKIPISO t=-47/77 u=58/27
MWSKIP u=58/33 bounds=[1,3]
FIBSURV Sig=4 t=7/107 u=58/33
SKIPISO t=7/107 u=58/33
MWRANK u=58/21 r=1 gens=2
FIBSURV Sig=4 t=-101/47 u=58/21
SKIPISO t=-101/47 u=58/21
MWRANK u=58/35 r=2 gens=2
FIBSURV Sig=4 t=25/117 u=58/35
SKIPISO t=25/117 u=58/35
MWRANK u=58/17 r=2 gens=2
FIBSURV Sig=4 t=-137/27 u=58/17
SKIPISO t=-137/27 u=58/17
MWRANK u=58/41 r=1 gens=2
FIBSURV Sig=4 t=79/147 u=58/41
SKIPISO t=79/147 u=58/41
MWRANK u=58/37 r=1 gens=2
FIBSURV Sig=4 t=43/127 u=58/37
SKIPISO t=43/127 u=58/37
MWRANK u=59/37 r=2 gens=2
FIBSURV Sig=4 t=19/63 u=59/37
SKIPISO t=19/63 u=59/37
MWRANK u=-41/59 r=1 gens=2
FIBSURV Sig=4 t=46/21 u=-41/59
SKIPISO t=46/21 u=-41/59
MWRANK u=-59/17 r=3 gens=2
FIBSURV Sig=4 t=28/9 u=-59/17
SKIPISO t=28/9 u=-59/17
MWRANK u=-17/59 r=2 gens=2
FIBSURV Sig=4 t=77/39 u=-17/59
SKIPISO t=77/39 u=-17/59
MWRANK u=59/51 r=2 gens=2
FIBSURV Sig=4 t=41/49 u=59/51
SKIPISO t=41/49 u=59/51
MWRANK u=59 r=2 gens=2
FIBSURV Sig=4 t=143/27 u=59
SKIPISO t=143/27 u=59
MWRANK u=59/7 r=1 gens=2
FIBSURV Sig=4 t=29/3 u=59/7
SKIPISO t=29/3 u=59/7
MWRANK u=15/59 r=1 gens=2
FIBSURV Sig=4 t=57/35 u=15/59
SKIPISO t=57/35 u=15/59
MWRANK u=59/5 r=3 gens=2
FIBSURV Sig=4 t=125/17 u=59/5
SKIPISO t=125/17 u=59/5
MWRANK u=57/59 r=2 gens=2
FIBSURV Sig=4 t=123/119 u=57/59
SKIPISO t=123/119 u=57/59
MWRANK u=47/59 r=2 gens=2
FIBSURV Sig=4 t=37/31 u=47/59
SKIPISO t=37/31 u=47/59
MWSKIP u=59/38 bounds=[1,2]
FIBSURV Sig=4 t=47/131 u=59/38
SKIPISO t=47/131 u=59/38
MWRANK u=-57/59 r=2 gens=2
FIBSURV Sig=4 t=51/22 u=-57/59
SKIPISO t=51/22 u=-57/59
MWRANK u=59/34 r=1 gens=2
FIBSURV Sig=4 t=11/111 u=59/34
SKIPISO t=11/111 u=59/34
MWRANK u=-59/22 r=2 gens=2
MWRANK u=-13/59 r=4 gens=2
FIBSURV Sig=4 t=149/77 u=-13/59
SKIPISO t=149/77 u=-13/59
MWRANK u=59/40 r=2 gens=2
FIBSURV Sig=4 t=65/141 u=59/40
SKIPISO t=65/141 u=59/40
MWRANK u=-59/13 r=1 gens=2
FIBSURV Sig=4 t=103/31 u=-59/13
SKIPISO t=103/31 u=-59/13
MWRANK u=59/49 r=2 gens=2
FIBSURV Sig=4 t=73/93 u=59/49
SKIPISO t=73/93 u=59/49
MWRANK u=-59/9 r=2 gens=2
FIBSURV Sig=4 t=47/13 u=-59/9
SKIPISO t=47/13 u=-59/9
MWRANK u=59/35 r=2 gens=2
FIBSURV Sig=4 t=5/29 u=59/35
SKIPISO t=5/29 u=59/35
MWRANK u=3/59 r=2 gens=2
FIBSURV Sig=4 t=129/73 u=3/59
SKIPISO t=129/73 u=3/59
MWRANK u=-49/59 r=2 gens=2
FIBSURV Sig=4 t=97/43 u=-49/59
SKIPISO t=97/43 u=-49/59
MWRANK u=59/3 r=2 gens=2
FIBSURV Sig=4 t=67/11 u=59/3
SKIPISO t=67/11 u=59/3
MWRANK u=59/25 r=1 gens=2
FIBSURV Sig=4 t=-35/33 u=59/25
SKIPISO t=-35/33 u=59/25
MWRANK u=59/39 r=1 gens=2
FIBSURV Sig=4 t=7/17 u=59/39
SKIPISO t=7/17 u=59/39
MWRANK u=59/55 r=2 gens=2
FIBSURV Sig=4 t=25/27 u=59/55
SKIPISO t=25/27 u=59/55
MWRANK u=23/59 r=1 gens=2
FIBSURV Sig=4 t=26/17 u=23/59
SKIPISO t=26/17 u=23/59
MWRANK u=59/47 r=1 gens=2
FIBSURV Sig=4 t=8/11 u=59/47
SKIPISO t=8/11 u=59/47
MWRANK u=59/9 r=1 gens=2
FIBSURV Sig=4 t=107/7 u=59/9
SKIPISO t=107/7 u=59/9
MWRANK u=51/59 r=2 gens=2
FIBSURV Sig=4 t=69/61 u=51/59
SKIPISO t=69/61 u=51/59
MWRANK u=59/23 r=1 gens=2
FIBSURV Sig=4 t=-11/7 u=59/23
SKIPISO t=-11/7 u=59/23
MWRANK u=59/22 r=2 gens=2
FIBSURV Sig=4 t=-97/51 u=59/22
SKIPISO t=-97/51 u=59/22
MWRANK u=59/24 r=2 gens=2
FIBSURV Sig=4 t=-79/61 u=59/24
SKIPISO t=-79/61 u=59/24
MWRANK u=-9/59 r=3 gens=2
FIBSURV Sig=4 t=36/19 u=-9/59
SKIPISO t=36/19 u=-9/59
MWRANK u=59/11 r=2 gens=2
FIBSURV Sig=4 t=49 u=59/11
SKIPISO t=49 u=59/11
MWRANK u=35/59 r=2 gens=2
FIBSURV Sig=4 t=89/65 u=35/59
SKIPISO t=89/65 u=35/59
MWRANK u=59/45 r=2 gens=2
FIBSURV Sig=4 t=55/83 u=59/45
SKIPISO t=55/83 u=59/45
MWRANK u=19/59 r=2 gens=2
FIBSURV Sig=4 t=109/69 u=19/59
SKIPISO t=109/69 u=19/59
MWRANK u=-59/57 r=1 gens=2
FIBSURV Sig=4 t=101/43 u=-59/57
SKIPISO t=101/43 u=-59/57
MWRANK u=59/33 r=2 gens=2
FIBSURV Sig=4 t=1/53 u=59/33
SKIPISO t=1/53 u=59/33
MWRANK u=59/36 r=1 gens=2
FIBSURV Sig=4 t=29/121 u=59/36
SKIPISO t=29/121 u=59/36
MWRANK u=-59/25 r=1 gens=2
FIBSURV Sig=4 t=65/23 u=-59/25
SKIPISO t=65/23 u=-59/25
MWRANK u=53/59 r=1 gens=2
FIBSURV Sig=4 t=133/121 u=53/59
SKIPISO t=133/121 u=53/59
MWRANK u=31/59 r=3 gens=2
FIBSURV Sig=4 t=47/33 u=31/59
SKIPISO t=47/33 u=31/59
MWRANK u=-59/41 r=1 gens=2
FIBSURV Sig=4 t=83/33 u=-59/41
SKIPISO t=83/33 u=-59/41
MWRANK u=59/27 r=2 gens=2
FIBSURV Sig=4 t=-13/19 u=59/27
SKIPISO t=-13/19 u=59/27
MWRANK u=59/53 r=1 gens=2
FIBSURV Sig=4 t=91/103 u=59/53
SKIPISO t=91/103 u=59/53
MWRANK u=59/26 r=2 gens=2
FIBSURV Sig=4 t=-61/71 u=59/26
SKIPISO t=-61/71 u=59/26
MWRANK u=-59/5 r=1 gens=2
FIBSURV Sig=4 t=85/21 u=-59/5
SKIPISO t=85/21 u=-59/5
MWRANK u=59/30 r=2 gens=2
FIBSURV Sig=4 t=-25/91 u=59/30
SKIPISO t=-25/91 u=59/30
MWRANK u=59/43 r=2 gens=2
FIBSURV Sig=4 t=23/39 u=59/43
SKIPISO t=23/39 u=59/43
MWRANK u=49/59 r=2 gens=2
FIBSURV Sig=4 t=143/123 u=49/59
SKIPISO t=143/123 u=49/59
MWRANK u=55/59 r=1 gens=2
FIBSURV Sig=4 t=16/15 u=55/59
SKIPISO t=16/15 u=55/59
MWRANK u=-59/29 r=2 gens=2
FIBSURV Sig=4 t=139/51 u=-59/29
SKIPISO t=139/51 u=-59/29
MWRANK u=59/20 r=1 gens=2
FIBSURV Sig=4 t=-115/41 u=59/20
SKIPISO t=-115/41 u=59/20
MWRANK u=59/19 r=1 gens=2
FIBSURV Sig=4 t=-31/9 u=59/19
SKIPISO t=-31/9 u=59/19
MWRANK u=7/59 r=2 gens=2
FIBSURV Sig=4 t=31/18 u=7/59
SKIPISO t=31/18 u=7/59
MWRANK u=59/28 r=1 gens=2
FIBSURV Sig=4 t=-43/81 u=59/28
SKIPISO t=-43/81 u=59/28
MWRANK u=59/31 r=2 gens=2
FIBSURV Sig=4 t=-1/6 u=59/31
SKIPISO t=-1/6 u=59/31
MWRANK u=59/21 r=3 gens=2
FIBSURV Sig=4 t=-53/23 u=59/21
SKIPISO t=-53/23 u=59/21
MWRANK u=39/59 r=2 gens=2
FIBSURV Sig=4 t=21/16 u=39/59
SKIPISO t=21/16 u=39/59
MWRANK u=-59/49 r=1 gens=2
FIBSURV Sig=4 t=46/19 u=-59/49
SKIPISO t=46/19 u=-59/49
MWRANK u=59/17 r=2 gens=2
FIBSURV Sig=4 t=-71/13 u=59/17
SKIPISO t=-71/13 u=59/17
MWRANK u=59/29 r=1 gens=2
FIBSURV Sig=4 t=-17/43 u=59/29
SKIPISO t=-17/43 u=59/29
MWRANK u=-59/33 r=1 gens=2
FIBSURV Sig=4 t=37/14 u=-59/33
SKIPISO t=37/14 u=-59/33
MWRANK u=-33/59 r=1 gens=2
FIBSURV Sig=4 t=87/41 u=-33/59
SKIPISO t=87/41 u=-33/59
MWRANK u=59/13 r=2 gens=2
FIBSURV Sig=4 t=-89/3 u=59/13
SKIPISO t=-89/3 u=59/13
MWRANK u=59/32 r=2 gens=2
FIBSURV Sig=4 t=-7/101 u=59/32
SKIPISO t=-7/101 u=59/32
MWRANK u=43/59 r=1 gens=2
FIBSURV Sig=4 t=79/63 u=43/59
SKIPISO t=79/63 u=43/59
MWRANK u=-5/59 r=2 gens=2
FIBSURV Sig=4 t=139/75 u=-5/59
SKIPISO t=139/75 u=-5/59
MWRANK u=59/57 r=1 gens=2
FIBSURV Sig=4 t=109/113 u=59/57
SKIPISO t=109/113 u=59/57
MWRANK u=11/59 r=2 gens=2
FIBSURV Sig=4 t=119/71 u=11/59
SKIPISO t=119/71 u=11/59
MWRANK u=-1/59 r=1 gens=2
FIBSURV Sig=4 t=67/37 u=-1/59
SKIPISO t=67/37 u=-1/59
MWRANK u=59/18 r=1 gens=2
FIBSURV Sig=4 t=-133/31 u=59/18
SKIPISO t=-133/31 u=59/18
MWRANK u=-59 r=2 gens=2
FIBSURV Sig=4 t=19/4 u=-59
SKIPISO t=19/4 u=-59
MWRANK u=59/15 r=2 gens=2
FIBSURV Sig=4 t=-10 u=59/15
SKIPISO t=-10 u=59/15
MWRANK u=27/59 r=2 gens=2
FIBSURV Sig=4 t=99/67 u=27/59
SKIPISO t=99/67 u=27/59
MWRANK u=-25/59 r=1 gens=2
FIBSURV Sig=4 t=41/20 u=-25/59
SKIPISO t=41/20 u=-25/59
MWRANK u=60/37 r=3 gens=2
FIBSURV Sig=4 t=33/125 u=60/37
SKIPISO t=33/125 u=60/37
MWSKIP u=60/31 bounds=[1,3]
FIBSURV Sig=4 t=-21/95 u=60/31
SKIPISO t=-21/95 u=60/31
TIMECAP 7200 s at fiber 1960/5188
SEARCH_DONE 2266sigfib Sig=4 Org=1 fibers=5188 proc=1959 mwskip=69 rank0=0 rankpos=1890 surv=1943 deck=1943 funneled=0 curves=0 aborts=0 known=0 hits=0 fails=0 7227.040 s
