Loading "split_lab.m"
SATCERT LANE Sig=3 sg=[ 3, 2, 1 ] fibers=1161 PtsCap=2000000
JOIN fibers=4604
SATCERT u=2 r=2 Rsub=10.3716578039501906267443409608 T=0.0368190080819003645062431072370 ub=2.66132630438388126753546291315 B=15 (no point below T -> idx=1)
SATCERT u=-1/3 r=2 Rsub=6.45425788246200030308412608598 T=0.0290449846595035580904121153032 ub=6.42560959476721052153802324025 B=636 (no point below T -> idx=1)
SATCERT u=1/3 r=2 Rsub=20.3786336911424933096333058358 T=0.0516101980875069098950982060996 ub=4.49536234276926280567427507277 B=95 (no point below T -> idx=1)
SATCERT u=-3/2 r=2 Rsub=6.45425788246200030308412608598 T=0.0290449846595035580904121153032 ub=6.42560959476721052153802324025 B=636 (no point below T -> idx=1)
SATCERT u=-4 r=3 Rsub=379.519610060561909400370046493 T=0.420604411126276660032471989450 ub=8.67758665001763136178522207157 B=8940 (no point below T -> idx=1)
SATCERT u=-4/3 r=3 Rsub=445.439266845350123264139910151 T=0.443668486655598472222962581544 ub=12.8489822432722038988871578122 B=592823 (no point below T -> idx=1)
SATCERT u=-3/4 r=3 Rsub=379.519610060561909400370046498 T=0.420604411126276660032471989452 ub=8.67758665001763136178522207157 B=8940 (no point below T -> idx=1)
SATCERT u=5/3 r=2 Rsub=23.1103689243743527214099018185 T=0.0549605960143575949839092357907 ub=4.48832234165777836454738419200 B=94 (no point below T -> idx=1)
SATCERT u=6/5 r=2 Rsub=29.4022392464354878437539405256 T=0.0619923640211683183309593681523 ub=6.26481433875504493113968738883 B=560 (no point below T -> idx=1)
SATCERT u=3/7 r=2 Rsub=6.45425788246200030308412608598 T=0.0290449846595035580904121153032 ub=6.42560959476721052153802324025 B=636 (no point below T -> idx=1)
SATCERT u=8/3 r=2 Rsub=48.0400655094655414070692669524 T=0.0792409712477737100592863054108 ub=6.64430396045994865509522737915 B=832 (no point below T -> idx=1)
SATCERT u=-10 r=3 Rsub=1581.65454557720561613227496045 T=0.676861212064210754678862030378 ub=11.0595275219922583888965541635 B=125040 (no point below T -> idx=1)
SATCERT u=9/10 r=2 Rsub=6.45425788246200030308412608598 T=0.0290449846595035580904121153032 ub=6.42560959476721052153802324025 B=636 (no point below T -> idx=1)
SATCERT u=10 r=2 Rsub=10.3716578039501906267443409608 T=0.0368190080819003645062431072370 ub=2.66132630438388126753546291315 B=15 (no point below T -> idx=1)
SATCERT u=11/4 r=2 Rsub=10.3716578039501906267443409608 T=0.0368190080819003645062431072370 ub=2.66132630438388126753546291315 B=15 (no point below T -> idx=1)
SATCERT u=-11 r=2 Rsub=6.45425788246200030308412608598 T=0.0290449846595035580904121153032 ub=6.42560959476721052153802324025 B=636 (no point below T -> idx=1)
SATOPENB u=-1/12 r=3 Rsub=2865.82060713043338050544296986 T=0.825173773689490519400156358592 ub=16.7454323018812674477301858130 B=42738302 > cap
SATCERT u=12 r=2 Rsub=23.1103689243743527214099018185 T=0.0549605960143575949839092357907 ub=4.48832234165777836454738419200 B=94 (no point below T -> idx=1)
SATCERT u=-12 r=3 Rsub=379.519610060561909400370046493 T=0.420604411126276660032471989450 ub=8.67758665001763136178522207157 B=8940 (no point below T -> idx=1)
SATCERT u=-11/13 r=2 Rsub=20.3786336911424933096333058358 T=0.0516101980875069098950982060996 ub=4.49536234276926280567427507277 B=95 (no point below T -> idx=1)
SATCERT u=12/13 r=3 Rsub=379.519610060561909400370046493 T=0.420604411126276660032471989450 ub=8.67758665001763136178522207157 B=8940 (no point below T -> idx=1)
SATCERT u=-3/13 r=3 Rsub=379.519610060561909400370046493 T=0.420604411126276660032471989450 ub=8.67758665001763136178522207157 B=8940 (no point below T -> idx=1)
SATCERT u=15/2 r=2 Rsub=20.3786336911424933096333058358 T=0.0516101980875069098950982060996 ub=4.49536234276926280567427507277 B=95 (no point below T -> idx=1)
SATCERT u=15 r=2 Rsub=10.3716578039501906267443409608 T=0.0368190080819003645062431072370 ub=2.66132630438388126753546291315 B=15 (no point below T -> idx=1)
SATCERT u=15/7 r=2 Rsub=10.3716578039501906267443409608 T=0.0368190080819003645062431072369 ub=2.66132630438388126753546291315 B=15 (no point below T -> idx=1)
SATCERT u=16 r=2 Rsub=48.8025463013970402097285642274 T=0.0798673427964629001265485500076 ub=8.21072448781035823624504013228 B=3987 (no point below T -> idx=1)
SATCERT u=-3/16 r=3 Rsub=893.586150281595222120463362379 T=0.559552996375329708685569928341 ub=8.22107339050939355905717140510 B=6507 (no point below T -> idx=1)
SATCERT u=9/16 r=3 Rsub=379.519610060561909400370046493 T=0.420604411126276660032471989450 ub=8.67758665001763136178522207157 B=8940 (no point below T -> idx=1)
SATCERT u=16/3 r=3 Rsub=839.727757261489116311351753025 T=0.548077431255133544882243347896 ub=11.1929524124444103774980791677 B=125622 (no point below T -> idx=1)
SATCERT u=-16/3 r=3 Rsub=1015.44943184677093515070341801 T=0.583913500201515948768201390939 ub=11.1968121982555297794485491551 B=130709 (no point below T -> idx=1)
SATCERT u=-16 r=3 Rsub=893.586150281595222120463362383 T=0.559552996375329708685569928341 ub=8.22107339050939355905717140510 B=6507 (no point below T -> idx=1)
SATCERT u=17/3 r=2 Rsub=6.45425788246200030308412608598 T=0.0290449846595035580904121153032 ub=6.42560959476721052153802324025 B=636 (no point below T -> idx=1)
SATCERT u=17 r=2 Rsub=10.3716578039501906267443409608 T=0.0368190080819003645062431072370 ub=2.66132630438388126753546291315 B=15 (no point below T -> idx=1)
SATCERT u=17/12 r=4 Rsub=7912.40093883427536344112044504 T=1.32718474878663385627462976381 ub=11.1551634669767986962540675642 B=263643 (no point below T -> idx=1)
SATCERT u=17/5 r=2 Rsub=6.45425788246200030308412608598 T=0.0290449846595035580904121153032 ub=6.42560959476721052153802324025 B=636 (no point below T -> idx=1)
SATCERT u=-18 r=2 Rsub=45.0320947472947188048708224244 T=0.0767200839218268550689470290651 ub=7.03942763070799444648636026970 B=1232 (no point below T -> idx=1)
SATCERT u=15/19 r=2 Rsub=25.1490386983100651650928545869 T=0.0573335309481111341872838335877 ub=9.87956306868084872347682035660 B=20680 (no point below T -> idx=1)
SATCERT u=-19 r=2 Rsub=47.6175949716800566729947414092 T=0.0788917741660449840837802131972 ub=7.87838170411243479776378818773 B=2857 (no point below T -> idx=1)
SATCERT u=19/5 r=3 Rsub=379.519610060561909400370046493 T=0.420604411126276660032471989450 ub=8.67758665001763136178522207157 B=8940 (no point below T -> idx=1)
SATCERT u=22 r=2 Rsub=66.0519374625730374147330180023 T=0.0929160577081868715657395121696 ub=9.27107248237567089880449692171 B=11661 (no point below T -> idx=1)
SATCERT u=-22 r=3 Rsub=1927.38709978007760474948051317 T=0.722967429023110945202541847918 ub=9.27619132022231297984980811994 B=22008 (no point below T -> idx=1)
SATCERT u=-23 r=2 Rsub=20.3786336911424933096333058358 T=0.0516101980875069098950982060996 ub=4.49536234276926280567427507277 B=95 (no point below T -> idx=1)
SATCERT u=23/2 r=3 Rsub=895.458213101440944962163429385 T=0.559943478290330637986461710927 ub=7.78584129384509227102385518713 B=4213 (no point below T -> idx=1)
SATCERT u=23/3 r=2 Rsub=6.45425788246200030308412608598 T=0.0290449846595035580904121153032 ub=6.42560959476721052153802324025 B=636 (no point below T -> idx=1)
SATCERT u=-23/3 r=2 Rsub=20.3786336911424933096333058358 T=0.0516101980875069098950982060996 ub=4.49536234276926280567427507277 B=95 (no point below T -> idx=1)
SATCERT u=23/16 r=2 Rsub=10.3716578039501906267443409608 T=0.0368190080819003645062431072370 ub=2.66132630438388126753546291315 B=15 (no point below T -> idx=1)
SATCERT u=25 r=2 Rsub=23.1103689243743527214099018185 T=0.0549605960143575949839092357907 ub=4.48832234165777836454738419200 B=94 (no point below T -> idx=1)
SATCERT u=25/4 r=3 Rsub=839.727757261489116311351753024 T=0.548077431255133544882243347896 ub=11.1929524124444103774980791677 B=125622 (no point below T -> idx=1)
SATCERT u=25/7 r=2 Rsub=45.0320947472947188048708224244 T=0.0767200839218268550689470290651 ub=7.03942763070799444648636026970 B=1232 (no point below T -> idx=1)
SATCERT u=-27 r=2 Rsub=6.45425788246200030308412608598 T=0.0290449846595035580904121153032 ub=6.42560959476721052153802324025 B=636 (no point below T -> idx=1)
SATCERT u=-27/16 r=3 Rsub=1015.44943184677093515070341801 T=0.583913500201515948768201390939 ub=11.1968121982555297794485491551 B=130709 (no point below T -> idx=1)
SATCERT u=27/25 r=2 Rsub=23.1103689243743527214099018185 T=0.0549605960143575949839092357907 ub=4.48832234165777836454738419200 B=94 (no point below T -> idx=1)
SATCERT u=-27/5 r=2 Rsub=6.45425788246200030308412608598 T=0.0290449846595035580904121153032 ub=6.42560959476721052153802324025 B=636 (no point below T -> idx=1)
SATCERT u=-27/4 r=3 Rsub=445.439266845350123264139910148 T=0.443668486655598472222962581544 ub=12.8489822432722038988871578122 B=592823 (no point below T -> idx=1)
SATCERT u=27/11 r=2 Rsub=23.1103689243743527214099018185 T=0.0549605960143575949839092357907 ub=4.48832234165777836454738419200 B=94 (no point below T -> idx=1)
SATCERT u=27/7 r=2 Rsub=6.45425788246200030308412608598 T=0.0290449846595035580904121153032 ub=6.42560959476721052153802324025 B=636 (no point below T -> idx=1)
SATCERT u=28 r=2 Rsub=34.5121718719044166991411762413 T=0.0671636268054672158683934340564 ub=4.76021297585882085764565673669 B=125 (no point below T -> idx=1)
SATCERT u=31/5 r=3 Rsub=379.519610060561909400370046493 T=0.420604411126276660032471989450 ub=8.67758665001763136178522207157 B=8940 (no point below T -> idx=1)
SATCERT u=31/6 r=2 Rsub=50.0033316033778264619738095951 T=0.0808439389012151143584965677301 ub=9.27959930855997122026058850726 B=11620 (no point below T -> idx=1)
SATCERT u=31/7 r=2 Rsub=6.45425788246200030308412608598 T=0.0290449846595035580904121153032 ub=6.42560959476721052153802324025 B=636 (no point below T -> idx=1)
SATCERT u=33/7 r=3 Rsub=379.519610060561909400370046493 T=0.420604411126276660032471989450 ub=8.67758665001763136178522207157 B=8940 (no point below T -> idx=1)
SATCERT u=33/5 r=2 Rsub=6.45425788246200030308412608600 T=0.0290449846595035580904121153032 ub=6.42560959476721052153802324025 B=636 (no point below T -> idx=1)
SATCERT u=33/8 r=2 Rsub=20.3786336911424933096333058358 T=0.0516101980875069098950982060996 ub=4.49536234276926280567427507277 B=95 (no point below T -> idx=1)
SATCERT u=33/25 r=2 Rsub=10.3716578039501906267443409608 T=0.0368190080819003645062431072370 ub=2.66132630438388126753546291315 B=15 (no point below T -> idx=1)
SATCERT u=34 r=2 Rsub=96.9373659854566399782156542828 T=0.112562466755401183554580805689 ub=7.92230954614292461047654851655 B=3087 (no point below T -> idx=1)
SATOPENB u=-34 r=3 Rsub=2495.30367401419911508006726382 T=0.787958874843907650823970793913 ub=15.0863020348263278128678300403 B=7836172 > cap
SATCERT u=35/8 r=3 Rsub=366.057703283602605437448308084 T=0.415571350405697495047105922428 ub=9.69054115795614776625964011536 B=24493 (no point below T -> idx=1)
SATCERT u=35 r=3 Rsub=951.665034375795625359495424515 T=0.571422215066289561858378025344 ub=5.42205001810109918711058629639 B=401 (no point below T -> idx=1)
SATCERT u=-36 r=3 Rsub=2075.50700565096423556386489941 T=0.741032320859121406264785831947 ub=12.3616146637984730973206598005 B=490239 (no point below T -> idx=1)
SATCERT u=37/4 r=2 Rsub=23.1103689243743527214099018185 T=0.0549605960143575949839092357907 ub=4.48832234165777836454738419200 B=94 (no point below T -> idx=1)
SATCERT u=38/7 r=3 Rsub=2380.74400036743077071957866639 T=0.775711057512809132647567217271 ub=11.4672594536408739641437189416 B=207518 (no point below T -> idx=1)
SATCERT u=39 r=2 Rsub=48.0400655094655414070692669524 T=0.0792409712477737100592863054108 ub=6.64430396045994865509522737915 B=832 (no point below T -> idx=1)
SATCERT u=-40 r=3 Rsub=3483.60375800058670677597943639 T=0.880654042156430535689069540225 ub=10.4829226639877452286142822379 B=86127 (no point below T -> idx=1)
SATCERT u=40/13 r=3 Rsub=839.727757261489116311351753024 T=0.548077431255133544882243347896 ub=11.1929524124444103774980791677 B=125622 (no point below T -> idx=1)
SATCERT u=41/13 r=2 Rsub=100.596154793240260660371418348 T=0.114667061896222268374567667175 ub=9.87956306868084872347682035660 B=21900 (no point below T -> idx=1)
SATCERT u=43/6 r=3 Rsub=366.057703283602605437448308088 T=0.415571350405697495047105922429 ub=9.69054115795614776625964011536 B=24493 (no point below T -> idx=1)
SATCERT u=43/11 r=2 Rsub=47.6175949716800566729947414092 T=0.0788917741660449840837802131972 ub=7.87838170411243479776378818773 B=2857 (no point below T -> idx=1)
SATCERT u=45/14 r=2 Rsub=57.2452592557654306080507698740 T=0.0865003287051186674635338957925 ub=8.23128740323747421895710535035 B=4097 (no point below T -> idx=1)
SATCERT u=45/8 r=2 Rsub=47.9991430276007139173552527200 T=0.0792072137159865271893346923422 ub=7.00422753868236582552441568476 B=1193 (no point below T -> idx=1)
SATCERT u=45/13 r=2 Rsub=20.3786336911424933096333058358 T=0.0516101980875069098950982060996 ub=4.49536234276926280567427507277 B=95 (no point below T -> idx=1)
SATCERT u=47/8 r=2 Rsub=50.0033316033778264619738095950 T=0.0808439389012151143584965677300 ub=9.27959930855997122026058850726 B=11620 (no point below T -> idx=1)
SATCERT u=47/7 r=3 Rsub=379.519610060561909400370046493 T=0.420604411126276660032471989450 ub=8.67758665001763136178522207157 B=8940 (no point below T -> idx=1)
SATCERT u=-48 r=3 Rsub=893.586150281595222120463362379 T=0.559552996375329708685569928341 ub=8.22107339050939355905717140510 B=6507 (no point below T -> idx=1)
SATCERT u=51 r=2 Rsub=10.3716578039501906267443409608 T=0.0368190080819003645062431072370 ub=2.66132630438388126753546291315 B=15 (no point below T -> idx=1)
SATCERT u=53/13 r=3 Rsub=379.519610060561909400370046493 T=0.420604411126276660032471989450 ub=8.67758665001763136178522207157 B=8940 (no point below T -> idx=1)
SATCERT u=53/27 r=4 Rsub=7912.40093883427536344112044506 T=1.32718474878663385627462976381 ub=11.1551634669767986962540675642 B=263643 (no point below T -> idx=1)
SATCERT u=54/19 r=4 Rsub=31649.6037553371014537644817803 T=1.87692267150878670248934635693 ub=11.1551634669767986962540675642 B=456839 (no point below T -> idx=1)
SATCERT u=55/17 r=3 Rsub=893.586150281595222120463362383 T=0.559552996375329708685569928341 ub=8.22107339050939355905717140510 B=6507 (no point below T -> idx=1)
SATCERT u=55/13 r=3 Rsub=445.439266845350123264139910150 T=0.443668486655598472222962581544 ub=12.8489822432722038988871578122 B=592823 (no point below T -> idx=1)
SATCERT u=-57/7 r=3 Rsub=379.519610060561909400370046498 T=0.420604411126276660032471989452 ub=8.67758665001763136178522207157 B=8940 (no point below T -> idx=1)
SATCERT u=59/7 r=2 Rsub=25.1490386983100651650928545869 T=0.0573335309481111341872838335877 ub=9.87956306868084872347682035660 B=20680 (no point below T -> idx=1)
SATCERT u=59/21 r=4 Rsub=7912.40093883427536344112044505 T=1.32718474878663385627462976381 ub=11.1551634669767986962540675642 B=263643 (no point below T -> idx=1)
SATCERT u=59/20 r=2 Rsub=29.4022392464354878437539405256 T=0.0619923640211683183309593681523 ub=6.26481433875504493113968738883 B=560 (no point below T -> idx=1)
SATCERT u=61/7 r=2 Rsub=6.45425788246200030308412608598 T=0.0290449846595035580904121153032 ub=6.42560959476721052153802324025 B=636 (no point below T -> idx=1)
SATCERT u=61/4 r=2 Rsub=34.5121718719044166991411762411 T=0.0671636268054672158683934340562 ub=4.76021297585882085764565673669 B=125 (no point below T -> idx=1)
SATCERT u=65/8 r=2 Rsub=93.4335537800006193140822701943 T=0.110509452779741086546071620329 ub=12.8035534900706250613498046139 B=405982 (no point below T -> idx=1)
SATCERT u=66 r=4 Rsub=7912.40093883427536344112044504 T=1.32718474878663385627462976381 ub=11.1551634669767986962540675642 B=263643 (no point below T -> idx=1)
SATOPENB u=67/16 r=3 Rsub=2045.17300543292060371503794428 T=0.737404471252219543926881643761 ub=15.7510916880978188072654607818 B=14483146 > cap
SATCERT u=69/17 r=2 Rsub=24.9171772829736846531981709173 T=0.0570686258848309494327169287563 ub=11.4704430071751443715458223332 B=101470 (no point below T -> idx=1)
SATCERT u=71/7 r=2 Rsub=10.3716578039501906267443409608 T=0.0368190080819003645062431072370 ub=2.66132630438388126753546291315 B=15 (no point below T -> idx=1)
SATCERT u=71/9 r=2 Rsub=70.2357207001718536421731731354 T=0.0958135686491402696890161749630 ub=10.4383060381806736680435880535 B=37576 (no point below T -> idx=1)
SATCERT u=71/19 r=2 Rsub=25.1490386983100651650928545869 T=0.0573335309481111341872838335877 ub=9.87956306868084872347682035660 B=20680 (no point below T -> idx=1)
SATCERT u=-73/32 r=2 Rsub=6.45425788246200030308412608598 T=0.0290449846595035580904121153032 ub=6.42560959476721052153802324025 B=636 (no point below T -> idx=1)
SATCERT u=75/13 r=3 Rsub=445.439266845350123264139910146 T=0.443668486655598472222962581543 ub=12.8489822432722038988871578122 B=592823 (no point below T -> idx=1)
SATCERT u=77/25 r=2 Rsub=39.7694806991418672859116183228 T=0.0720979563430509105264991798788 ub=8.17481384026682843839225138934 B=3816 (no point below T -> idx=1)
SATCERT u=79 r=4 Rsub=7912.40093883427536344112044502 T=1.32718474878663385627462976381 ub=11.1551634669767986962540675642 B=263643 (no point below T -> idx=1)
SATCERT u=79/9 r=3 Rsub=379.519610060561909400370046493 T=0.420604411126276660032471989450 ub=8.67758665001763136178522207157 B=8940 (no point below T -> idx=1)
SATCERT u=81/13 r=2 Rsub=24.9171772829736846531981709173 T=0.0570686258848309494327169287563 ub=11.4704430071751443715458223332 B=101470 (no point below T -> idx=1)
SATCERT u=81 r=2 Rsub=29.4022392464354878437539405256 T=0.0619923640211683183309593681523 ub=6.26481433875504493113968738883 B=560 (no point below T -> idx=1)
SATCERT u=83/27 r=2 Rsub=6.45425788246200030308412608598 T=0.0290449846595035580904121153032 ub=6.42560959476721052153802324025 B=636 (no point below T -> idx=1)
SATCERT u=85/21 r=3 Rsub=839.727757261489116311351753025 T=0.548077431255133544882243347896 ub=11.1929524124444103774980791677 B=125622 (no point below T -> idx=1)
SATCERT u=89/13 r=2 Rsub=25.1490386983100651650928545869 T=0.0573335309481111341872838335877 ub=9.87956306868084872347682035660 B=20680 (no point below T -> idx=1)
SATCERT u=89/21 r=2 Rsub=24.9171772829736846531981709172 T=0.0570686258848309494327169287563 ub=11.4704430071751443715458223332 B=101470 (no point below T -> idx=1)
SATCERT u=-93/7 r=2 Rsub=25.1490386983100651650928545869 T=0.0573335309481111341872838335876 ub=9.87956306868084872347682035660 B=20680 (no point below T -> idx=1)
SATCERT u=97/33 r=2 Rsub=23.1103689243743527214099018185 T=0.0549605960143575949839092357907 ub=4.48832234165777836454738419200 B=94 (no point below T -> idx=1)
SATCERT u=-97/8 r=2 Rsub=6.45425788246200030308412608598 T=0.0290449846595035580904121153032 ub=6.42560959476721052153802324025 B=636 (no point below T -> idx=1)
SATOPENB u=101/26 r=3 Rsub=834.711484264768255067922661210 T=0.546983902733154055532391016187 ub=15.7992502184728870653672009988 B=12562593 > cap
SATCERT u=101/17 r=2 Rsub=24.9171772829736846531981709172 T=0.0570686258848309494327169287563 ub=11.4704430071751443715458223332 B=101470 (no point below T -> idx=1)
SATCERT u=102/7 r=4 Rsub=7912.40093883427536344112044505 T=1.32718474878663385627462976381 ub=11.1551634669767986962540675642 B=263643 (no point below T -> idx=1)
SATOPENB u=103/29 r=3 Rsub=1492.69393156969839031915082971 T=0.663925483377541453520609290165 ub=15.6465603242922803475810533311 B=12121434 > cap
SATCERT u=103/13 r=3 Rsub=379.519610060561909400370046493 T=0.420604411126276660032471989450 ub=8.67758665001763136178522207157 B=8940 (no point below T -> idx=1)
SATCERT u=105/29 r=2 Rsub=36.8558634534329928799063158965 T=0.0694066830027976284536926715536 ub=13.5138002888301083132495972382 B=792706 (no point below T -> idx=1)
SATCERT u=-23/105 r=2 Rsub=6.45425788246200030308412608598 T=0.0290449846595035580904121153032 ub=6.42560959476721052153802324025 B=636 (no point below T -> idx=1)
SATCERT u=107/35 r=3 Rsub=379.519610060561909400370046493 T=0.420604411126276660032471989450 ub=8.67758665001763136178522207157 B=8940 (no point below T -> idx=1)
SATOPENB u=108/31 r=3 Rsub=2488.25077044316573146714421380 T=0.787215793323886397514594559923 ub=18.6980363215531259034168598457 B=289959587 > cap
SATOPENB u=-108 r=3 Rsub=2865.82060713043338050544296986 T=0.825173773689490519400156358592 ub=16.7454323018812674477301858130 B=42738302 > cap
SATCERT u=111/25 r=3 Rsub=1015.44943184677093515070341801 T=0.583913500201515948768201390940 ub=11.1968121982555297794485491551 B=130709 (no point below T -> idx=1)
SATCERT u=113/13 r=2 Rsub=39.7694806991418672859116183228 T=0.0720979563430509105264991798788 ub=8.17481384026682843839225138934 B=3816 (no point below T -> idx=1)
SATOPENB u=115/37 r=3 Rsub=716.455151782608345126360742467 T=0.519826903646288680911308128374 ub=16.7454323018812674477301858130 B=31492476 > cap
SATCERT u=115/17 r=3 Rsub=893.586150281595222120463362383 T=0.559552996375329708685569928341 ub=8.22107339050939355905717140510 B=6507 (no point below T -> idx=1)
SATOPENB u=118/37 r=3 Rsub=2495.30367401419911508006726381 T=0.787958874843907650823970793911 ub=15.0863020348263278128678300403 B=7836172 > cap
SATCERT u=121/25 r=2 Rsub=50.0033316033778264619738095951 T=0.0808439389012151143584965677301 ub=9.27959930855997122026058850726 B=11620 (no point below T -> idx=1)
SATOPENB u=125/41 r=2 Rsub=45.8842653643029939569421446314 T=0.0774425929890995981311397691612 ub=14.7053425773863752765774346792 B=2630765 > cap
SATCERT u=125/21 r=3 Rsub=445.439266845350123264139910148 T=0.443668486655598472222962581544 ub=12.8489822432722038988871578122 B=592823 (no point below T -> idx=1)
SATCERT u=135/31 r=3 Rsub=445.439266845350123264139910147 T=0.443668486655598472222962581544 ub=12.8489822432722038988871578122 B=592823 (no point below T -> idx=1)
SATCERT u=135/37 r=3 Rsub=366.057703283602605437448308088 T=0.415571350405697495047105922429 ub=9.69054115795614776625964011536 B=24493 (no point below T -> idx=1)
SATCERT u=135/19 r=2 Rsub=36.8558634534329928799063158965 T=0.0694066830027976284536926715536 ub=13.5138002888301083132495972382 B=792706 (no point below T -> idx=1)
SATCERT u=137/37 r=2 Rsub=39.7694806991418672859116183228 T=0.0720979563430509105264991798788 ub=8.17481384026682843839225138934 B=3816 (no point below T -> idx=1)
SATOPENB u=138/19 r=3 Rsub=2045.17300543292060371503794428 T=0.737404471252219543926881643761 ub=15.7510916880978188072654607818 B=14483146 > cap
SATCERT u=139/25 r=3 Rsub=1015.44943184677093515070341801 T=0.583913500201515948768201390939 ub=11.1968121982555297794485491551 B=130709 (no point below T -> idx=1)
SATOPENB u=143/35 r=2 Rsub=59.7459385612844525508611038804 T=0.0883694574233547154618232058133 ub=15.3595119049600852240237291034 B=5115990 > cap
SATCERT u=143/48 r=2 Rsub=48.0400655094655414070692669524 T=0.0792409712477737100592863054108 ub=6.64430396045994865509522737915 B=832 (no point below T -> idx=1)
SATCERT u=149/45 r=3 Rsub=379.519610060561909400370046493 T=0.420604411126276660032471989450 ub=8.67758665001763136178522207157 B=8940 (no point below T -> idx=1)
SATCERT u=-1/2 r=2 Rsub=47.7450940221497126998563654986 T=0.0789973223583984167974755315977 ub=7.57926879264459531049795802259 B=2119 (no point below T -> idx=1)
SATCERT u=4/3 r=2 Rsub=251.472842147380594173965384228 T=0.181298219770707226483342185051 ub=6.56070612505563046304414146984 B=848 (no point below T -> idx=1)
SATCERT u=2/5 r=3 Rsub=2133.48238491395688215276065492 T=0.747868836254207992272528322449 ub=12.5619838088826783603154433432 B=603109 (no point below T -> idx=1)
SATCERT u=5/4 r=2 Rsub=60.0622077909243610320374860497 T=0.0886030436016737416258225204824 ub=6.09699398276510871380866305393 B=486 (no point below T -> idx=1)
SATCERT u=-5/2 r=2 Rsub=182.118195028700804818721029824 T=0.154285340462298205385814995111 ub=9.56498040796025738093129876750 B=16636 (no point below T -> idx=1)
SATCERT u=-5/4 r=2 Rsub=126.915704511183576625556587610 T=0.128796979126069768716649724529 ub=9.24588930940080880618855846148 B=11787 (no point below T -> idx=1)
SATCERT u=1/5 r=2 Rsub=47.6175949716800566729947414093 T=0.0788917741660449840837802131973 ub=7.87838170411243479776378818773 B=2857 (no point below T -> idx=1)
SATCERT u=1/6 r=2 Rsub=212.519586405692957133026954092 T=0.166666177722653565089647321577 ub=12.5489256025528373809116339727 B=332899 (no point below T -> idx=1)
SATCERT u=5/6 r=2 Rsub=20.3786336911424933096333058358 T=0.0516101980875069098950982060996 ub=4.49536234276926280567427507277 B=95 (no point below T -> idx=1)
SATCERT u=-1/6 r=2 Rsub=108.133125757010046718597948568 T=0.118885085125437390802963869409 ub=13.2671440331994348930272782932 B=650847 (no point below T -> idx=1)
SATCERT u=-7/5 r=2 Rsub=91.2333502314147332760436601344 T=0.109200545057256226618089809813 ub=10.1669208597948359929769134936 B=29032 (no point below T -> idx=1)
SATCERT u=7/4 r=2 Rsub=164.866245165614115694037716992 T=0.146795880421944805794232955563 ub=6.79250773911295479942066067039 B=1033 (no point below T -> idx=1)
SATCERT u=-2/7 r=2 Rsub=76.3533057564187907786600918167 T=0.0998991785032463298356027761402 ub=12.8574292554733972445245484087 B=423933 (no point below T -> idx=1)
SATCERT u=-3/7 r=2 Rsub=47.6175949716800566729947414092 T=0.0788917741660449840837802131972 ub=7.87838170411243479776378818773 B=2857 (no point below T -> idx=1)
SATCERT u=7/2 r=2 Rsub=73.5680103814855620921601224428 T=0.0980601379696477478820515821378 ub=4.94913257272864526094333243467 B=156 (no point below T -> idx=1)
SATOPENB u=2/7 r=3 Rsub=4150.53557953285129620470227901 T=0.933606348848184265801483874491 ub=14.6638977117862173077360822029 B=5941690 > cap
SATCERT u=-7/6 r=2 Rsub=232.785261328794644033464000397 T=0.174431828915396082010853741952 ub=9.95836774053187126560701755908 B=25155 (no point below T -> idx=1)
SATCERT u=-5/7 r=2 Rsub=24.9171772829736846531981709172 T=0.0570686258848309494327169287563 ub=11.4704430071751443715458223332 B=101470 (no point below T -> idx=1)
SATCERT u=-8 r=2 Rsub=63.3595540782457340360909084476 T=0.0910026523826556431717410460276 ub=7.49301850145214584878015162928 B=1967 (no point below T -> idx=1)
SATCERT u=-1/8 r=2 Rsub=45.9093631406785831045288430177 T=0.0774637698691845878242834396515 ub=5.66982162063014134142625213738 B=314 (no point below T -> idx=1)
SATCERT u=8/5 r=2 Rsub=65.3737327767326747852278885653 T=0.0924378075436054305039229070850 ub=9.25669304299304594455964836174 B=11489 (no point below T -> idx=1)
SATCERT u=1/8 r=2 Rsub=150.223364741355257958108578124 T=0.140125358630318584019908517437 ub=12.0509907508441958729269656682 B=197031 (no point below T -> idx=1)
SATCERT u=5/8 r=2 Rsub=123.085984289278897022999951074 T=0.126838850061087321468488023571 ub=10.5893288402216621397353131008 B=45079 (no point below T -> idx=1)
SATCERT u=-7/8 r=2 Rsub=215.745627950678953500490251014 T=0.167926407197464905030022050963 ub=13.8821308694702322814184755962 B=1264336 (no point below T -> idx=1)
SATCERT u=8/7 r=2 Rsub=187.735958589026020409576935809 T=0.156646871885543251635830824593 ub=9.23535156516692919417021510729 B=11993 (no point below T -> idx=1)
SATCERT u=7/8 r=2 Rsub=122.201003475832323733083596011 T=0.126382045634612637962461414157 ub=9.28288506779391766628237176363 B=12201 (no point below T -> idx=1)
SATCERT u=-8/3 r=3 Rsub=1069.12156560032496213141562134 T=0.594025077087847486957028419651 ub=13.6964510216434119948287556930 B=1607959 (no point below T -> idx=1)
SATCERT u=-1/9 r=2 Rsub=73.2165947194967918448661749866 T=0.0978256534552161528657031509028 ub=10.2084776221774494211336214242 B=29921 (no point below T -> idx=1)
SATCERT u=-7/9 r=2 Rsub=63.3595540782457340360909084476 T=0.0910026523826556431717410460276 ub=7.49301850145214584878015162928 B=1967 (no point below T -> idx=1)
SATCERT u=9/7 r=2 Rsub=10.3716578039501906267443409608 T=0.0368190080819003645062431072370 ub=2.66132630438388126753546291315 B=15 (no point below T -> idx=1)
SATCERT u=8/9 r=2 Rsub=72.1364673898968201522660022180 T=0.0971013861902338521107654207965 ub=10.1631237798382154867629379439 B=28574 (no point below T -> idx=1)
SATCERT u=-9/8 r=2 Rsub=105.637467034291850063934103276 T=0.117505172426902206981532243597 ub=8.37965707712421550233681148442 B=4901 (no point below T -> idx=1)
SATCERT u=2/9 r=2 Rsub=98.8540670132179788653053145740 T=0.113669844351006070688534147033 ub=8.93744997968598639334275162942 B=8529 (no point below T -> idx=1)
SATOPENB u=-4/9 r=2 Rsub=162.087815802516724520553500938 T=0.145553676462535670108635881823 ub=14.4384676075479808220803216680 B=2156553 > cap
SATCERT u=-9/2 r=2 Rsub=73.5680103814855620921601224428 T=0.0980601379696477478820515821378 ub=4.94913257272864526094333243467 B=156 (no point below T -> idx=1)
SATOPENB u=-10/9 r=2 Rsub=115.024337189498052792990568761 T=0.122614791566931005471114332247 ub=15.2713009677226304963028310359 B=4847220 > cap
SATOPENB u=-10/3 r=3 Rsub=1086.08513251662651209043256133 T=0.597150369795461753042562976787 ub=14.4162315284205113579970468340 B=3313058 > cap
SATOPENB u=-10/7 r=3 Rsub=2934.15303741354469919118581863 T=0.831680789208718630623337635345 ub=17.1877685875853341726011756234 B=66949515 > cap
SATOPENB u=-1/10 r=2 Rsub=31.7383511050444145277908419452 T=0.0644080535367690610080021868212 ub=15.5283889081442873797091518235 B=5913787 > cap
SATCERT u=10/7 r=2 Rsub=106.276140679549425353730541104 T=0.117859849456534014097800373946 ub=10.1298713320981860809483947652 B=28219 (no point below T -> idx=1)
SATCERT u=-9/10 r=2 Rsub=280.876176443337254080920571291 T=0.191604386219774821479107839640 ub=13.7459405551266530408808260280 B=1129793 (no point below T -> idx=1)
SATOPENB u=-7/10 r=2 Rsub=143.307254444011158805155003985 T=0.136861747946759054109968293056 ub=16.7764270490165737854516882470 B=22148688 > cap
SATCERT u=10/9 r=2 Rsub=200.320822896666367581828611933 T=0.161812117922626756102897876175 ub=7.81304318272299043235250726914 B=2907 (no point below T -> idx=1)
SATCERT u=3/10 r=2 Rsub=217.751395378158643387006097787 T=0.168705199541311656490823810298 ub=8.82309786337897007132672732449 B=8037 (no point below T -> idx=1)
SATOPENB u=-11/6 r=2 Rsub=170.612646655829572880881389552 T=0.149332248580391432767685250571 ub=15.1648164398917176765907978468 B=4475590 > cap
SATCERT u=11/6 r=2 Rsub=72.3378815113083846333588474412 T=0.0972368513599664390187506568659 ub=8.78574858359538384610696783409 B=7209 (no point below T -> idx=1)
SATCERT u=11/8 r=2 Rsub=50.2412418991101846820955549828 T=0.0810360339198928479028214574405 ub=8.41967670021428315058170109830 B=4919 (no point below T -> idx=1)
SATOPENB u=-11/10 r=3 Rsub=467.186207748873840514025425059 T=0.450774237113444820215587614135 ub=17.5235763271918420094137545519 B=63997244 > cap
SATOPENB u=-2/11 r=3 Rsub=1506.06574921431725362191299800 T=0.665902113582782488097865167099 ub=18.0274253425704099878765172393 B=131343615 > cap
SATCERT u=-11/5 r=3 Rsub=379.519610060561909400370046493 T=0.420604411126276660032471989450 ub=8.67758665001763136178522207157 B=8940 (no point below T -> idx=1)
SATCERT u=-11/4 r=3 Rsub=3781.77778579365251560765486455 T=0.905095526125077257317138149290 ub=13.4412857153678749414571282391 B=1700413 (no point below T -> idx=1)
SATCERT u=-1/11 r=2 Rsub=105.637467034291850063934103276 T=0.117505172426902206981532243597 ub=8.37965707712421550233681148442 B=4901 (no point below T -> idx=1)
SATOPENB u=-4/11 r=3 Rsub=855.991607690080149142197145513 T=0.551593218682262585482230610154 ub=18.5931171234543263182874642872 B=206272846 > cap
SATCERT u=-11/8 r=2 Rsub=383.347071861839040908687383627 T=0.223843284493972647860573405181 ub=14.1503282783507147784985815515 B=1748330 (no point below T -> idx=1)
SATCERT u=-11/2 r=2 Rsub=66.2094718369271366352113916410 T=0.0930267944734622943698339695361 ub=11.6261164386941727973221798771 B=122903 (no point below T -> idx=1)
SATCERT u=-11/7 r=2 Rsub=47.9991430276007139173552527201 T=0.0792072137159865271893346923423 ub=7.00422753868236582552441568476 B=1193 (no point below T -> idx=1)
SATCERT u=11/10 r=3 Rsub=1433.52029520604594899126837585 T=0.655033781391577000522860764684 ub=8.94733549106040057976460055255 B=14800 (no point below T -> idx=1)
SATCERT u=-11/9 r=2 Rsub=113.800682088542443030066360553 T=0.121960845668441804182062435529 ub=10.1915665522376292539726491611 B=30138 (no point below T -> idx=1)
SATCERT u=11/5 r=2 Rsub=40.0087276011281692737048973938 T=0.0723144961117143089684144500106 ub=6.25842525318269685248692325591 B=562 (no point below T -> idx=1)
SATCERT u=6/11 r=2 Rsub=70.2357207001718536421731731354 T=0.0958135686491402696890161749630 ub=10.4383060381806736680435880535 B=37576 (no point below T -> idx=1)
SATCERT u=7/11 r=2 Rsub=45.5012143429057801880638449200 T=0.0771186623877498384774397299874 ub=10.7367380417744022105138660179 B=49705 (no point below T -> idx=1)
SATCERT u=-9/11 r=2 Rsub=47.6175949716800566729947414092 T=0.0788917741660449840837802131972 ub=7.87838170411243479776378818773 B=2857 (no point below T -> idx=1)
SATCERT u=8/11 r=3 Rsub=839.727757261489116311351753025 T=0.548077431255133544882243347896 ub=11.1929524124444103774980791677 B=125622 (no point below T -> idx=1)
SATCERT u=1/11 r=2 Rsub=73.5680103814855620921601224428 T=0.0980601379696477478820515821378 ub=4.94913257272864526094333243467 B=156 (no point below T -> idx=1)
SATCERT u=3/11 r=2 Rsub=73.5680103814855620921601224428 T=0.0980601379696477478820515821378 ub=4.94913257272864526094333243467 B=156 (no point below T -> idx=1)
SATOPENB u=-6/11 r=3 Rsub=1345.06524529991324565544799033 T=0.641273853820391492983189235369 ub=15.6515528948404291385379279653 B=11909260 > cap
SATCERT u=-5/11 r=3 Rsub=1581.65454557720561613227496045 T=0.676861212064210754678862030378 ub=11.0595275219922583888965541635 B=125040 (no point below T -> idx=1)
SATCERT u=12/7 r=2 Rsub=56.7455344177322292750533387028 T=0.0861219470372776026245966851776 ub=8.20433540223801015759227599936 B=3986 (no point below T -> idx=1)
SATCERT u=12/11 r=2 Rsub=409.622672937049806840262494266 T=0.231387550234865538682700451930 ub=8.42825660807960124195912611131 B=5766 (no point below T -> idx=1)
SATOPENB u=-5/12 r=3 Rsub=13119.0273305340336399973568519 T=1.37013374168744329494373765591 ub=17.0133892159694996092605571718 B=96352410 > cap
SATCERT u=12/5 r=2 Rsub=109.612124274872071066591986525 T=0.119695353512577947200760003496 ub=6.67036828449170261782538827161 B=889 (no point below T -> idx=1)
SATCERT u=-12/5 r=2 Rsub=107.506793485603990376013701920 T=0.118540280039230147609236861670 ub=10.3660105989632731220171714557 B=35759 (no point below T -> idx=1)
SATOPENB u=5/12 r=3 Rsub=1879.40112862644890788030830766 T=0.716917052319533902603765818451 ub=15.6086503738402460790472019911 B=12305630 > cap
SATOPENB u=-13/6 r=3 Rsub=3943.19853328316556139102998147 T=0.917794175467458272533226745559 ub=15.5143653291334194471493315240 B=13689772 > cap
SATOPENB u=8/13 r=3 Rsub=1916.59251041408414593481491819 T=0.721615209500196298384037290349 ub=16.9159718696636246143941223803 B=45699005 > cap
SATCERT u=-7/13 r=2 Rsub=56.7404385067148536562868691847 T=0.0861180799520819946550650581949 ub=14.2638926020724895053954234865 B=1706595 (no point below T -> idx=1)
SATCERT u=-13/5 r=2 Rsub=196.028110285662619143946624844 T=0.160068977667229140505109686095 ub=9.74687681439028762375268501426 B=20070 (no point below T -> idx=1)
SATOPENB u=-10/13 r=3 Rsub=8631.42599607991470431562091106 T=1.19167162876126205168167915134 ub=14.5758580363151952448446734936 B=7042894 > cap
SATCERT u=-13/7 r=2 Rsub=96.2666851318840233265615667754 T=0.112172397748160176754159244532 ub=12.3827866192422260810511575927 B=266989 (no point below T -> idx=1)
SATCERT u=-5/13 r=3 Rsub=3320.57015896171430537587179565 T=0.866695688812587234832001764329 ub=12.6146759865453218036436871083 B=715955 (no point below T -> idx=1)
SATCERT u=13/11 r=2 Rsub=328.300644382890669615738474897 T=0.207149486991494190717229200385 ub=8.48568901152729969992971125143 B=5961 (no point below T -> idx=1)
SATCERT u=13/12 r=2 Rsub=301.037169379847646427531527290 T=0.198361806763199499728353994483 ub=9.50514510422207092305316890172 B=16375 (no point below T -> idx=1)
SATCERT u=13/2 r=2 Rsub=47.6175949716800566729947414092 T=0.0788917741660449840837802131972 ub=7.87838170411243479776378818773 B=2857 (no point below T -> idx=1)
SATCERT u=-12/13 r=3 Rsub=4282.69258065552657414792598723 T=0.943411971719362897363473949391 ub=12.7288647758832249269749232384 B=866552 (no point below T -> idx=1)
SATCERT u=7/13 r=2 Rsub=91.2333502314147332760436601344 T=0.109200545057256226618089809813 ub=10.1669208597948359929769134936 B=29032 (no point below T -> idx=1)
SATCERT u=13/10 r=2 Rsub=107.089709973025053821912823025 T=0.118310112060741675749958901742 ub=10.2556570847564080469456035166 B=32016 (no point below T -> idx=1)
SATCERT u=-9/13 r=3 Rsub=839.727757261489116311351753026 T=0.548077431255133544882243347896 ub=11.1929524124444103774980791677 B=125622 (no point below T -> idx=1)
SATCERT u=1/13 r=2 Rsub=36.8558634534329928799063158966 T=0.0694066830027976284536926715537 ub=13.5138002888301083132495972382 B=792706 (no point below T -> idx=1)
SATCERT u=-13/2 r=2 Rsub=84.0980037267320371994880848278 T=0.104843337614635883472439605637 ub=11.9821823846572997968047870743 B=177554 (no point below T -> idx=1)
SATOPENB u=-13/8 r=3 Rsub=3788.81014874741096725157433338 T=0.905656198854632588576811914230 ub=14.7361842829484587166571985993 B=6211050 > cap
SATCERT u=-4/13 r=3 Rsub=4282.69258065552657414792598724 T=0.943411971719362897363473949391 ub=12.7288647758832249269749232384 B=866552 (no point below T -> idx=1)
SATOPENB u=4/13 r=2 Rsub=94.4586150389913453585517369217 T=0.111113999811108339328794070464 ub=14.9799274231141388821731907321 B=3580602 > cap
SATOPENB u=-5/14 r=2 Rsub=129.206454310566648114602424792 T=0.129954133815755323458547685676 ub=18.0929773311073488010695205833 B=82057557 > cap
SATCERT u=-9/14 r=2 Rsub=125.252797536835112546846311086 T=0.127950418836112385040337646063 ub=12.6375096245010192814047340878 B=349921 (no point below T -> idx=1)
SATOPENB u=11/14 r=2 Rsub=138.327271826332642084342697283 T=0.134462722515246412945993941690 ub=14.9033165199542529134598406399 B=3394881 > cap
SATCERT u=14/11 r=2 Rsub=132.477245120308062811781434534 T=0.131588712802555261381406943305 ub=11.8754125773145352794067055750 B=163899 (no point below T -> idx=1)
SATCERT u=14 r=2 Rsub=208.728598560278863011769947272 T=0.165172968154350036537570548926 ub=7.28942443327396867150471138764 B=1728 (no point below T -> idx=1)
SATCERT u=13/14 r=2 Rsub=212.990237202904284103485155592 T=0.166850627045969896344496513412 ub=12.9796361943409308506739046273 B=512209 (no point below T -> idx=1)
SATCERT u=3/14 r=2 Rsub=244.323781989827019207088504899 T=0.178702597728100653358432060144 ub=14.1018389678809128156345390070 B=1592064 (no point below T -> idx=1)
SATCERT u=1/14 r=2 Rsub=226.236839488946213524257188963 T=0.171960879264760544893411564172 ub=12.7040115258700491461310916154 B=390809 (no point below T -> idx=1)
SATCERT u=14/13 r=2 Rsub=74.0777024952656865630649834138 T=0.0983992405832823883788782304056 ub=7.91682946438640959066782267481 B=3027 (no point below T -> idx=1)
SATOPENB u=-13/14 r=2 Rsub=183.120729284813824668589936463 T=0.154709416857288614188839712489 ub=15.9204949803932466542159309238 B=9580156 > cap
SATOPENB u=-3/14 r=2 Rsub=103.497236587917620015015603468 T=0.116308745530545593433678753371 ub=14.5899854063924250802159594100 B=2437039 > cap
SATCERT u=9/14 r=2 Rsub=268.729390381776153577706234586 T=0.187415531106962199093801108053 ub=12.4145997790481809682241532743 B=297157 (no point below T -> idx=1)
SATCERT u=5/14 r=2 Rsub=47.9991430276007139173552527200 T=0.0792072137159865271893346923422 ub=7.00422753868236582552441568476 B=1193 (no point below T -> idx=1)
SATCERT u=-15/7 r=3 Rsub=839.727757261489116311351753021 T=0.548077431255133544882243347895 ub=11.1929524124444103774980791677 B=125622 (no point below T -> idx=1)
SATOPENB u=-13/15 r=2 Rsub=166.643641762477692665614404428 T=0.147585050588257552740989022468 ub=15.4482896468355918768787226277 B=5932017 > cap
SATCERT u=-15/8 r=2 Rsub=228.499853981483678647317152225 T=0.172818789159090659067171216842 ub=11.6825525141815339811855116705 B=140839 (no point below T -> idx=1)
SATCERT u=11/15 r=2 Rsub=129.344803379854924503777758665 T=0.130023690028438910478780591085 ub=11.9058118675204237416876576724 B=168693 (no point below T -> idx=1)
SATOPENB u=-4/15 r=3 Rsub=1908.60554381473566053855780833 T=0.720611424365420466433501541869 ub=14.6323004185261411397784928704 B=4652485 > cap
SATCERT u=-15/4 r=3 Rsub=893.586150281595222120463362383 T=0.559552996375329708685569928341 ub=8.22107339050939355905717140510 B=6507 (no point below T -> idx=1)
SATOPENB u=-7/15 r=3 Rsub=4040.22638691996377169014560959 T=0.925261126437661197809872057679 ub=16.4277756630413563757680736038 B=34381762 > cap
SATCERT u=-15/11 r=3 Rsub=1581.65454557720561613227496045 T=0.676861212064210754678862030378 ub=11.0595275219922583888965541635 B=125040 (no point below T -> idx=1)
SATOPENB u=2/15 r=3 Rsub=1172.38344111831870550335093479 T=0.612565181917707636385411036362 ub=19.0824056993081296283941874609 B=357616193 > cap
SATOPENB u=8/15 r=3 Rsub=10352.5345184239180880796915890 T=1.26612906491145248272817427405 ub=17.9950948447750788921387232407 B=231762549 > cap
SATOPENB u=-15/14 r=2 Rsub=150.777686802467594940835669858 T=0.140383650857770479575062123531 ub=15.7358717408600235328484169814 B=7851816 > cap
SATCERT u=13/15 r=2 Rsub=111.757264266754524728702290837 T=0.120860914362046595760418292425 ub=8.95950052574956460848734730560 B=8782 (no point below T -> idx=1)
SATCERT u=15/13 r=3 Rsub=951.665034375795625359495424515 T=0.571422215066289561858378025344 ub=5.42205001810109918711058629639 B=401 (no point below T -> idx=1)
SATOPENB u=-11/15 r=3 Rsub=1137.31917703149029063273582179 T=0.606396291628959149138221020132 ub=15.5592036483506054537417136451 B=10486507 > cap
SATCERT u=16/15 r=2 Rsub=131.276146626515659919585035481 T=0.130990833226012161023004525371 ub=11.8462843043915116076243593409 B=159098 (no point below T -> idx=1)
SATCERT u=16/7 r=2 Rsub=66.5255440864254741756199046851 T=0.0932485767916907426597959059975 ub=8.12264875045359016720743337217 B=3700 (no point below T -> idx=1)
SATOPENB u=-16/5 r=3 Rsub=7522.82834276880370329924096511 T=1.13829842097923892243143234973 ub=16.7814373798678089827039610417 B=60595780 > cap
SATOPENB u=-16/7 r=3 Rsub=9086.99906761951155867362854359 T=1.21227898643884746949795068458 ub=17.9320346280196862180772073472 B=206191028 > cap
SATOPENB u=11/16 r=3 Rsub=2093.52351864928708650468903920 T=0.743170332258779508088201657770 ub=13.9972959642762017330900198753 B=2521757 > cap
SATCERT u=-16/9 r=2 Rsub=173.291153632320039761117949354 T=0.150499892935922548744314452113 ub=11.6309723276299644024234071045 B=130807 (no point below T -> idx=1)
SATCERT u=16/9 r=2 Rsub=187.735958589026020409576935809 T=0.156646871885543251635830824593 ub=9.23535156516692919417021510729 B=11993 (no point below T -> idx=1)
SATOPENB u=1/16 r=3 Rsub=4078.20647591831141428585253378 T=0.928151389866363959304432321656 ub=15.8777338647978812978769725495 B=19893135 > cap
SATCERT u=16/11 r=2 Rsub=234.016467242091882402346131971 T=0.174892507304186433697163869479 ub=11.9765486622608563390999011797 B=189367 (no point below T -> idx=1)
SATCERT u=-1/16 r=3 Rsub=5763.44241450765076413482249935 T=1.04157305278234126509886088686 ub=10.9297600479099221128345452483 B=158156 (no point below T -> idx=1)
SATOPENB u=-16/15 r=3 Rsub=9314.10431203343119397669746691 T=1.22229522507075823944674246885 ub=20.8765951937111824637260808848 B=3957547764 > cap
SATCERT u=17/10 r=3 Rsub=2757.36120697316228737636240986 T=0.814629819011842587497146797084 ub=10.7813441234541984074783759666 B=108660 (no point below T -> idx=1)
SATCERT u=-17/8 r=2 Rsub=105.634292999809228553673463989 T=0.117503407104989169920114826109 ub=10.8752076231082439055679469998 B=59440 (no point below T -> idx=1)
SATOPENB u=-11/17 r=2 Rsub=84.4242206989876463675258098579 T=0.105046484964499145026456518573 ub=15.8409664513358638238794713997 B=8419096 > cap
SATCERT u=-17/15 r=2 Rsub=84.0980037267320371994880848278 T=0.104843337614635883472439605637 ub=11.9821823846572997968047870743 B=177554 (no point below T -> idx=1)
SATCERT u=17/11 r=2 Rsub=83.6738737213553034172881265794 T=0.104578626144872884370144564589 ub=7.92724133619505874556533625581 B=3078 (no point below T -> idx=1)
SATCERT u=17/7 r=2 Rsub=176.680962889544729491084725957 T=0.151964754653189893937841240113 ub=7.40798638074155482837410869317 B=1920 (no point below T -> idx=1)
SATOPENB u=-17/12 r=3 Rsub=5097.54664104325909006507673506 T=0.999806951660218417008609559899 ub=13.9105402079982987048884580349 B=2988695 > cap
SATCERT u=-7/17 r=2 Rsub=128.951570822650900524987775534 T=0.129825891327455143836611519426 ub=11.7449759448783415629832840119 B=143603 (no point below T -> idx=1)
SATOPENB u=12/17 r=3 Rsub=4459.68044317825534805996881861 T=0.956232858204863924863768423950 ub=14.9933453710605484168636389098 B=8449166 > cap
SATCERT u=1/17 r=3 Rsub=893.586150281595222120463362379 T=0.559552996375329708685569928341 ub=8.22107339050939355905717140510 B=6507 (no point below T -> idx=1)
SATOPENB u=-5/17 r=2 Rsub=131.116183880105761238648139503 T=0.130911001356381596605462116498 ub=14.9874403670069141531953577509 B=3679736 > cap
SATCERT u=-17/11 r=2 Rsub=228.845041577999652712618319565 T=0.172949275872156848566736504779 ub=10.2205324691134277584120097802 B=32647 (no point below T -> idx=1)
SATOPENB u=-17/6 r=2 Rsub=128.149255011359976878431357684 T=0.129421383303829790977851729571 ub=16.2828876095975732129920818858 B=13420702 > cap
SATCERT u=17/8 r=2 Rsub=212.191602504320418411243856256 T=0.166537519157019191844823859726 ub=5.97733197748723141154153058784 B=466 (no point below T -> idx=1)
SATOPENB u=2/17 r=3 Rsub=1844.97374423104697129663083554 T=0.712512486196836886561141709456 ub=14.8690607836008278862714692765 B=5847784 > cap
SATCERT u=-17/2 r=2 Rsub=90.8213728977213417158013396730 T=0.108953710693027202521923508737 ub=12.4392363337940217354526401912 B=281586 (no point below T -> idx=1)
SATOPENB u=-17/4 r=3 Rsub=3664.73811126596710045465437801 T=0.895660450483554569309602355714 ub=14.6338183625155677732069766781 B=5550946 > cap
SATOPENB u=-17/10 r=2 Rsub=140.847562973665948485241338796 T=0.135682133214203869272748981046 ub=14.8415090830617567785419625882 B=3195299 > cap
SATCERT u=17/15 r=2 Rsub=79.0766248219043470714546357859 T=0.101665138510927851978487216150 ub=9.44865950208751352795879175520 B=14050 (no point below T -> idx=1)
SATCERT u=-17/3 r=2 Rsub=91.2333502314147332760436601344 T=0.109200545057256226618089809813 ub=10.1669208597948359929769134936 B=29032 (no point below T -> idx=1)
SATCERT u=11/17 r=2 Rsub=399.561795608632772306253348129 T=0.228528291386158808929230118536 ub=13.2853359877039213346001394136 B=739600 (no point below T -> idx=1)
SATCERT u=-3/17 r=2 Rsub=122.201003475832323733083596011 T=0.126382045634612637962461414157 ub=9.28288506779391766628237176363 B=12201 (no point below T -> idx=1)
SATOPENB u=-17/13 r=2 Rsub=70.7330632307697548868004024142 T=0.0961522004931580869844405758838 ub=15.0982749580536172381273310674 B=3970598 > cap
SATCERT u=13/17 r=2 Rsub=96.2666851318840233265615667754 T=0.112172397748160176754159244532 ub=12.3827866192422260810511575927 B=266989 (no point below T -> idx=1)
SATCERT u=5/17 r=2 Rsub=160.764114319549216858149485360 T=0.144958120919506356227745643777 ub=14.1763849773391066507780398645 B=1658366 (no point below T -> idx=1)
SATCERT u=17/16 r=2 Rsub=186.644957516746025997101479166 T=0.156191043061753368422389680546 ub=8.99533239561416060069479470156 B=9429 (no point below T -> idx=1)
SATOPENB u=-17/14 r=3 Rsub=3607.81799117870852026621048171 T=0.890999149219427711970589344786 ub=19.1657573081268483731711907403 B=513497880 > cap
SATCERT u=-17/5 r=2 Rsub=170.917530701817661144898368288 T=0.149465617059076149284096441711 ub=9.86093190280133059744596060504 B=22257 (no point below T -> idx=1)
SATOPENB u=-4/17 r=3 Rsub=2744.08866902351391008133469371 T=0.813320644639094749339921869848 ub=20.4380934482597307411131362470 B=1695789232 > cap
SATCERT u=-1/17 r=2 Rsub=79.2602794515425305663119932236 T=0.101783128150812691971062764765 ub=13.5056516972395876105171663995 B=812146 (no point below T -> idx=1)
SATOPENB u=-18/17 r=3 Rsub=5212.21867172069420821530085925 T=1.00724849060606546476300910647 ub=18.6058166237218147618478805342 B=329492818 > cap
SATCERT u=18/13 r=2 Rsub=223.134902064238157416001293725 T=0.170777931040429562435679339077 ub=10.3339666884417013574581724010 B=36489 (no point below T -> idx=1)
SATCERT u=18/11 r=2 Rsub=136.499681408431576486209118351 T=0.133571503163406228884164753792 ub=7.76901733098016462140468495944 B=2705 (no point below T -> idx=1)
SATCERT u=18 r=2 Rsub=40.0087276011281692737048973938 T=0.0723144961117143089684144500106 ub=6.25842525318269685248692325591 B=562 (no point below T -> idx=1)
SATCERT u=5/18 r=2 Rsub=31.3247403443430191649216295591 T=0.0639869978545194262254309593897 ub=10.1006902657462200236989583559 B=25970 (no point below T -> idx=1)
SATCERT u=11/18 r=2 Rsub=92.1246272482113135905862835410 T=0.109732649741394487936003488942 ub=13.8913478886043249275792226960 B=1203905 (no point below T -> idx=1)
SATCERT u=18/17 r=3 Rsub=6031.01740339105170178179271146 T=1.05744862443128027686331273727 ub=7.55772343090332831147839449891 B=5515 (no point below T -> idx=1)
SATCERT u=18/7 r=2 Rsub=136.499681408431576486209118351 T=0.133571503163406228884164753792 ub=7.76901733098016462140468495944 B=2705 (no point below T -> idx=1)
SATOPENB u=-18/5 r=3 Rsub=4992.01092668593822193417668444 T=0.992859033986861320394001218350 ub=14.0994872885599363666935326678 B=3585278 > cap
SATCERT u=-13/18 r=2 Rsub=150.243106457047551070424633561 T=0.140134565667179183709704280216 ub=12.3716505865612664304213449462 B=271519 (no point below T -> idx=1)
SATCERT u=-19/17 r=2 Rsub=165.501184476952130929455503832 T=0.147078281793482205842748936660 ub=13.4717632600689830718805761416 B=821463 (no point below T -> idx=1)
SATCERT u=-18/19 r=2 Rsub=221.173107152054994235860467597 T=0.170025536582484420915031295923 ub=11.8514341369720943373808855929 B=166286 (no point below T -> idx=1)
SATCERT u=-19/6 r=2 Rsub=451.648617791989079803659052466 T=0.242967585147095497996499061965 ub=11.5922211900651320356153387171 B=138025 (no point below T -> idx=1)
SATCERT u=7/19 r=2 Rsub=145.615374638945567116868546127 T=0.137959499608383657369065241527 ub=10.5558503983964685798321726213 B=44083 (no point below T -> idx=1)
SATCERT u=-19/7 r=2 Rsub=226.236839488946213524257188963 T=0.171960879264760544893411564172 ub=12.7040115258700491461310916154 B=390809 (no point below T -> idx=1)
SATCERT u=19/2 r=3 Rsub=951.665034375795625359495424515 T=0.571422215066289561858378025344 ub=5.42205001810109918711058629639 B=401 (no point below T -> idx=1)
SATCERT u=-13/19 r=2 Rsub=90.8213728977213417158013396730 T=0.108953710693027202521923508737 ub=12.4392363337940217354526401912 B=281586 (no point below T -> idx=1)
SATCERT u=19/13 r=2 Rsub=29.4022392464354878437539405256 T=0.0619923640211683183309593681523 ub=6.26481433875504493113968738883 B=560 (no point below T -> idx=1)
SATCERT u=-19/8 r=2 Rsub=111.716689533892114705686807974 T=0.120838972412542439871659047004 ub=12.0864360487597921036465559509 B=200241 (no point below T -> idx=1)
SATCERT u=11/19 r=2 Rsub=113.800682088542443030066360553 T=0.121960845668441804182062435529 ub=10.1915665522376292539726491611 B=30138 (no point below T -> idx=1)
SATOPENB u=-12/19 r=3 Rsub=4418.73050499184032191707868337 T=0.953297061640742943044338867334 ub=18.6827331188778371539702081909 B=337147198 > cap
SATOPENB u=14/19 r=3 Rsub=3807.15766807084233166928014302 T=0.907115741887185603746298274640 ub=18.3447713191612160768632150192 B=229608688 > cap
SATOPENB u=10/19 r=2 Rsub=139.080930906343161875217760791 T=0.134828526712178693808473029267 ub=16.3509973277879279886036328775 B=14444523 > cap
SATCERT u=19/8 r=2 Rsub=64.8921218909081293373873135230 T=0.0920966816103523592548318286220 ub=8.34820348753412735138838281105 B=4630 (no point below T -> idx=1)
SATCERT u=-9/19 r=2 Rsub=108.133125757010046718597948568 T=0.118885085125437390802963869409 ub=13.2671440331994348930272782932 B=650847 (no point below T -> idx=1)
SATOPENB u=-2/19 r=3 Rsub=5901.83348136690624561235803436 T=1.04984391004240716653126718195 ub=21.0840474019491991355442875416 B=4098518124 > cap
SATOPENB u=4/19 r=3 Rsub=4301.58625408326637461110905823 T=0.944797266108301716803775140189 ub=20.1707069866403172043979674068 B=1480290595 > cap
SATCERT u=19/12 r=2 Rsub=625.525406880596571290513160008 T=0.285937075867798948610052044457 ub=11.0835338595360496213093322068 B=86637 (no point below T -> idx=1)
SATCERT u=1/19 r=2 Rsub=96.2666851318840233265615667754 T=0.112172397748160176754159244532 ub=12.3827866192422260810511575927 B=266989 (no point below T -> idx=1)
SATCERT u=19/9 r=2 Rsub=47.4663437427686232955349590024 T=0.0787663796729095161170617741080 ub=5.41383258447256142122495247843 B=243 (no point below T -> idx=1)
SATCERT u=19/11 r=2 Rsub=109.612124274872071066591986525 T=0.119695353512577947200760003496 ub=6.67036828449170261782538827161 B=889 (no point below T -> idx=1)
SATCERT u=-19/2 r=2 Rsub=41.9691402744443734258972647067 T=0.0740650006485678900987546104148 ub=8.81358549807622845378622014360 B=7242 (no point below T -> idx=1)
SATOPENB u=5/19 r=3 Rsub=9321.45568644021003604234387471 T=1.22261671552408355954981548432 ub=16.3485284535002729025242925242 B=42761349 > cap
SATOPENB u=-19/11 r=3 Rsub=4033.89568652822837990087381065 T=0.924777604598954129679471031201 ub=16.1809195776461770958516698130 B=26847874 > cap
SATOPENB u=8/19 r=3 Rsub=9344.92497491376911040290963604 T=1.22364194510875775385433000563 ub=14.4311309286548916444632607175 B=6291896 > cap
SATCERT u=-19/15 r=3 Rsub=1069.12156560032496213141562134 T=0.594025077087847486957028419651 ub=13.6964510216434119948287556930 B=1607959 (no point below T -> idx=1)
SATCERT u=19/17 r=2 Rsub=68.5701316215238211848045476973 T=0.0946706777102550616791923373450 ub=7.40846920991657595776854965470 B=1814 (no point below T -> idx=1)
SATCERT u=19/18 r=2 Rsub=296.642990151387967666417220884 T=0.196908761047568006602306803526 ub=8.54221289197343590860452231826 B=6243 (no point below T -> idx=1)
SATCERT u=19/16 r=2 Rsub=164.866245165614115694037716992 T=0.146795880421944805794232955563 ub=6.79250773911295479942066067039 B=1033 (no point below T -> idx=1)
SATCERT u=-19/13 r=2 Rsub=66.2094718369271366352113916411 T=0.0930267944734622943698339695361 ub=11.6261164386941727973221798771 B=122903 (no point below T -> idx=1)
SATCERT u=3/19 r=2 Rsub=45.0320947472947188048708224244 T=0.0767200839218268550689470290651 ub=7.03942763070799444648636026970 B=1232 (no point below T -> idx=1)
SATOPENB u=-19/12 r=3 Rsub=1688.75110931414784811083056521 T=0.691805958838873242698104520993 ub=18.6364869581260915031285300309 B=247839748 > cap
SATCERT u=-15/19 r=2 Rsub=308.983771546299603171114563252 T=0.200962872384490654173162169228 ub=13.6138240857276116361775802288 B=999277 (no point below T -> idx=1)
SATOPENB u=-19/18 r=2 Rsub=162.374679211539324981032960891 T=0.145682420149578827843525412939 ub=17.4052184116625648420076584684 B=41904377 > cap
SATCERT u=17/19 r=2 Rsub=213.058554381976503573561644823 T=0.166877383789416345566960942884 ub=11.4558262706451870767335687509 B=111604 (no point below T -> idx=1)
SATOPENB u=-6/19 r=3 Rsub=1398.13665607758527113249293000 T=0.649599412421110917722357568396 ub=13.9383544329134694132408704517 B=2165050 > cap
SATOPENB u=-19/14 r=2 Rsub=369.125212058331199525187890393 T=0.219651841821634931411667702271 ub=19.2401645805205139500849580876 B=282677272 > cap
SATCERT u=20/17 r=2 Rsub=141.598878806918707966054921136 T=0.136043532981111985961706372934 ub=13.2479767456225239117785197318 B=649541 (no point below T -> idx=1)
SATCERT u=20/19 r=2 Rsub=360.470723017934377108169789237 T=0.217061596695911026059425980364 ub=12.2897983029746495072375450007 B=270185 (no point below T -> idx=1)
SATOPENB u=-20/11 r=3 Rsub=2228.40047441656854687837854330 T=0.758799140200034724391825278558 ub=19.9580709907746465136763682686 B=993624704 > cap
SATOPENB u=13/20 r=3 Rsub=3526.28791693688381715912648394 T=0.884236298531634022527456073521 ub=17.2143276750724000087980511566 B=72461358 > cap
SATCERT u=20/13 r=2 Rsub=273.511070263134704977528906752 T=0.189075583351565063932962052634 ub=12.7471710876016662439957649861 B=415089 (no point below T -> idx=1)
SATCERT u=20 r=2 Rsub=114.689451184258128896451344619 T=0.122436168896055737546138820949 ub=8.89270531136368037698081251404 B=8227 (no point below T -> idx=1)
SATOPENB u=7/20 r=3 Rsub=3738.84968338256665823036660359 T=0.901657814686933095666836088349 ub=18.2469686521559793926461665257 B=207082220 > cap
SATCERT u=20/7 r=2 Rsub=98.9856260208946131048085896348 T=0.113745457425108571363307726799 ub=8.98921770478591249788346064681 B=8982 (no point below T -> idx=1)
SATOPENB u=-3/20 r=3 Rsub=4235.37346686049788167048582986 T=0.939924535765127035797541084445 ub=16.6581004461448293701290300034 B=43926353 > cap
SATOPENB u=-4/21 r=3 Rsub=5877.56131087081973640784146647 T=1.04840271930496682980723269839 ub=17.4735350560944216708103913492 B=110656103 > cap
SATOPENB u=11/21 r=3 Rsub=3945.95744643272115728100380983 T=0.918008174676851932982693928972 ub=16.4010578407733232761904365601 B=33233403 > cap
SATCERT u=21/20 r=2 Rsub=348.761614504021675956769198691 T=0.213507106168412087089292651898 ub=8.86183677365862072743622048056 B=8738 (no point below T -> idx=1)
SATCERT u=21/10 r=2 Rsub=96.9600276953290133735881914047 T=0.112575623234704867634803011382 ub=8.61202780757402835239746898708 B=6153 (no point below T -> idx=1)
SATCERT u=21/11 r=2 Rsub=208.728598560278863011769947272 T=0.165172968154350036537570548926 ub=7.28942443327396867150471138764 B=1728 (no point below T -> idx=1)
SATCERT u=21/8 r=3 Rsub=951.665034375795625359495424515 T=0.571422215066289561858378025344 ub=5.42205001810109918711058629639 B=401 (no point below T -> idx=1)
SATOPENB u=-1/21 r=3 Rsub=1616.62107800827853325293268439 T=0.681812818053239432013142743334 ub=14.1194029652215023003084856684 B=2679702 > cap
SATOPENB u=4/21 r=3 Rsub=1769.50310254623296978182272595 T=0.702661554545106288220084204567 ub=20.7505124611612526678423066080 B=2074890080 > cap
SATCERT u=-21/11 r=2 Rsub=73.5680103814855620921601224428 T=0.0980601379696477478820515821378 ub=4.94913257272864526094333243467 B=156 (no point below T -> idx=1)
SATOPENB u=-21/16 r=3 Rsub=3970.45724559433401553154394616 T=0.919904176550580330607669603277 ub=14.8546756519320781010153903162 B=7092723 > cap
SATCERT u=-11/21 r=2 Rsub=41.9691402744443734258972647065 T=0.0740650006485678900987546104146 ub=8.81358549807622845378622014360 B=7242 (no point below T -> idx=1)
SATOPENB u=-21/20 r=3 Rsub=1697.23473296922161310129828032 T=0.692962478354819220674011088211 ub=14.9594221634962636860310822192 B=6276887 > cap
SATOPENB u=-19/21 r=3 Rsub=3293.39624794563715228002751968 T=0.864325006596638381399153353466 ub=15.3676423211368153121966002984 B=11206084 > cap
SATCERT u=-21 r=2 Rsub=73.5680103814855620921601224428 T=0.0980601379696477478820515821378 ub=4.94913257272864526094333243467 B=156 (no point below T -> idx=1)
SATOPENB u=1/21 r=2 Rsub=59.7584508690720774080541119586 T=0.0883787103365427299169272856413 ub=15.8561826742604150135731867501 B=8406884 > cap
SATCERT u=17/21 r=2 Rsub=39.2556223424116179142509974795 T=0.0716306559133040159993471307537 ub=13.4683618964184760981857641149 B=759179 (no point below T -> idx=1)
SATCERT u=21/16 r=2 Rsub=70.6143072704421745549746241005 T=0.0960714501114116107508327742353 ub=6.04010281825921410405220151476 B=463 (no point below T -> idx=1)
SATCERT u=19/21 r=3 Rsub=1069.12156560032496213141562134 T=0.594025077087847486957028419651 ub=13.6964510216434119948287556930 B=1607959 (no point below T -> idx=1)
SATCERT u=21/19 r=2 Rsub=34.5121718719044166991411762411 T=0.0671636268054672158683934340562 ub=4.76021297585882085764565673669 B=125 (no point below T -> idx=1)
SATOPENB u=-1/22 r=2 Rsub=295.500244733435966456962716207 T=0.196529123375634604264494924503 ub=19.9805671216769772723588207913 B=579164002 > cap
SATOPENB u=-15/22 r=2 Rsub=122.290572588190520828571571393 T=0.126428353986444807718594369966 ub=14.7522930275763167472880046784 B=2895654 > cap
SATOPENB u=15/22 r=2 Rsub=58.7858312242838866898000802313 T=0.0876565404369177765189896648580 ub=14.9892508480346251524074536661 B=3530350 > cap
SATCERT u=22/15 r=2 Rsub=227.127559105376322402898112756 T=0.172299061286836318050528007023 ub=13.5086571649903117595804370161 B=874106 (no point below T -> idx=1)
SATCERT u=22/5 r=3 Rsub=8207.64844870922937391493382541 T=1.17184093507241374674871337677 ub=13.2151094047478348575452397772 B=1770815 (no point below T -> idx=1)
SATOPENB u=-22/7 r=3 Rsub=1628.26877956892122439733550653 T=0.683446380681294600215003260080 ub=18.5390839554441618325755949282 B=222966109 > cap
SATOPENB u=-7/22 r=2 Rsub=242.717593319672080618219357492 T=0.178114232204253381770362552965 ub=20.0970249177193694143020407383 B=638823749 > cap
SATCERT u=22/19 r=2 Rsub=131.622235383919156190298061566 T=0.131163387859551612060806697124 ub=13.3195073432936936783441970885 B=694308 (no point below T -> idx=1)
SATCERT u=22/9 r=2 Rsub=92.2395949040743686777538641766 T=0.109801099255796072185565585974 ub=8.96908272265897622567519689105 B=8769 (no point below T -> idx=1)
SATOPENB u=-22/15 r=3 Rsub=3086.02394321555102413346664950 T=0.845789286674119317714694012336 ub=21.2895490800100348203563374666 B=4104453197 > cap
SATCERT u=-22/9 r=2 Rsub=103.915296244954792680098221731 T=0.116543413588744701909024499728 ub=11.2747381540866157049514112320 B=88547 (no point below T -> idx=1)
SATCERT u=21/22 r=2 Rsub=162.825776230987760807870761937 T=0.145884641723453362787975703306 ub=12.1115167183931157589953478810 B=210534 (no point below T -> idx=1)
SATOPENB u=-17/22 r=2 Rsub=397.724992683312921693122836363 T=0.228002409074362830048330982048 ub=21.3479515566820548432804094414 B=2345944585 > cap
SATCERT u=22/13 r=2 Rsub=72.6380349244424388482415292029 T=0.0974383761996014040431455400816 ub=10.6692006252931273093642507569 B=47413 (no point below T -> idx=1)
SATCERT u=17/22 r=2 Rsub=80.2094174092497144503204286197 T=0.102390738520967281644658597370 ub=11.8666620875410785734856673084 B=157796 (no point below T -> idx=1)
SATOPENB u=-22/19 r=3 Rsub=12262.4695187505997982616916935 T=1.33964089379202670338633905481 ub=22.2365391144815814039368342212 B=17338234878 > cap
SATOPENB u=-13/22 r=3 Rsub=8830.90631212825664159447200454 T=1.20078201667450618171792126970 ub=20.8381168626860154268488727722 B=3727109658 > cap
SATCERT u=-9/22 r=2 Rsub=316.280071011943277355660691371 T=0.203321782443215986617843290131 ub=13.3600676121908197408031970047 B=777151 (no point below T -> idx=1)
SATOPENB u=-23/8 r=2 Rsub=181.649991478261265990501805317 T=0.154086888484361473984848537986 ub=15.3761652468484371264782584024 B=5555240 > cap
SATOPENB u=-23/18 r=2 Rsub=313.163806164134379329285391902 T=0.202317651890926436884018148178 ub=17.6423632651666828816650443678 B=56214255 > cap
SATOPENB u=-23/10 r=2 Rsub=124.187282486771453307845977911 T=0.127405024709055778000654195578 ub=18.3435520024604161600518598996 B=105156159 > cap
SATOPENB u=6/23 r=3 Rsub=5358.10946478898949855179255288 T=1.01655982775724450064932285085 ub=18.4148908636966173089054557702 B=274771580 > cap
SATCERT u=23/4 r=3 Rsub=1581.65454557720561613227496045 T=0.676861212064210754678862030378 ub=11.0595275219922583888965541635 B=125040 (no point below T -> idx=1)
SATCERT u=3/23 r=2 Rsub=184.296791394800806603765822260 T=0.155205419373892845286021163450 ub=13.2401412976259619692274054916 B=656940 (no point below T -> idx=1)
SATOPENB u=-23/15 r=3 Rsub=2737.57892514831896088383286646 T=0.812676994240629001870289003058 ub=17.9311948362037688933860188480 B=138152932 > cap
SATCERT u=23/5 r=2 Rsub=73.5680103814855620921601224428 T=0.0980601379696477478820515821378 ub=4.94913257272864526094333243467 B=156 (no point below T -> idx=1)
SATCERT u=23 r=2 Rsub=109.612124274872071066591986525 T=0.119695353512577947200760003496 ub=6.67036828449170261782538827161 B=889 (no point below T -> idx=1)
SATCERT u=23/20 r=2 Rsub=464.421104378361597105294257298 T=0.246379158719051592839912385718 ub=12.3670286992860406968787408547 B=300562 (no point below T -> idx=1)
SATOPENB u=-23/20 r=3 Rsub=1858.92367888059039779255441648 T=0.714303759439195087024902719936 ub=20.6532532256915334960403377770 B=1904636446 > cap
SATOPENB u=14/23 r=3 Rsub=2631.61050199333733110293453820 T=0.802052788348971840510611097808 ub=17.0570320040560854128110517183 B=57029817 > cap
SATCERT u=18/23 r=3 Rsub=8207.64844870922937391493382541 T=1.17184093507241374674871337677 ub=13.2151094047478348575452397772 B=1770815 (no point below T -> idx=1)
SATSKIP u=-23/16 not-complete-here (bounds=[3,3] gens=2 okS=true)
SATCERT u=-3/23 r=2 Rsub=72.5676612472427447541924613373 T=0.0973911643051680345017998409212 ub=13.3980394301777266846764034537 B=726091 (no point below T -> idx=1)
SATOPENB u=-23/17 r=3 Rsub=2081.48293884888141374023941864 T=0.741742848661261584069811281974 ub=14.4516374075013983857197691536 B=3966443 > cap
SATOPENB u=9/23 r=3 Rsub=4992.01092668593822193417668446 T=0.992859033986861320394001218353 ub=14.0994872885599363666935326678 B=3585278 > cap
SATCERT u=23/17 r=2 Rsub=54.6754848607780503525954002082 T=0.0845365103044663850747270472989 ub=10.7692847596995468936457634409 B=51732 (no point below T -> idx=1)
SATOPENB u=-12/23 r=3 Rsub=3469.01450990931966881281776206 T=0.879422936012624888735558858128 ub=16.8975474709256068433624161234 B=52533962 > cap
SATOPENB u=-23/21 r=2 Rsub=158.593179749903560177587053476 T=0.143976047809678929266750542637 ub=17.5039320347169439631878459319 B=46173107 > cap
SATCERT u=21/23 r=3 Rsub=1927.38709978007760474948051317 T=0.722967429023110945202541847918 ub=9.27619132022231297984980811994 B=22008 (no point below T -> idx=1)
SATCERT u=23/22 r=3 Rsub=1223.96006179811387953965899844 T=0.621419434845141927225193441768 ub=8.47558508916412166105779806279 B=8929 (no point below T -> idx=1)
SATCERT u=23/6 r=2 Rsub=129.344803379854924503777758665 T=0.130023690028438910478780591085 ub=11.9058118675204237416876576724 B=168693 (no point below T -> idx=1)
SATCERT u=11/23 r=2 Rsub=152.272234484299949342504852058 T=0.141077694858459013626646403143 ub=10.0742889011320286920132083684 B=27320 (no point below T -> idx=1)
SATCERT u=23/13 r=2 Rsub=101.239166527324420339354056935 T=0.115032954693853135885632622420 ub=8.74169193631777417979277068691 B=7022 (no point below T -> idx=1)
SATCERT u=19/23 r=2 Rsub=88.1156956803975283166213013181 T=0.107318509348720879492730207436 ub=9.25362220129458592314336746076 B=11626 (no point below T -> idx=1)
SATCERT u=-23/5 r=2 Rsub=96.2666851318840233265615667757 T=0.112172397748160176754159244532 ub=12.3827866192422260810511575927 B=266989 (no point below T -> idx=1)
SATCERT u=23/15 r=2 Rsub=136.499681408431576486209118351 T=0.133571503163406228884164753792 ub=7.76901733098016462140468495944 B=2705 (no point below T -> idx=1)
SATOPENB u=-23/11 r=2 Rsub=58.7858312242838866898000802313 T=0.0876565404369177765189896648580 ub=14.9892508480346251524074536661 B=3530350 > cap
SATOPENB u=-10/23 r=3 Rsub=4312.31225824763818083846118993 T=0.945581898218642072168924905358 ub=22.6327893772681602587733473174 B=17376269240 > cap
SATOPENB u=12/23 r=3 Rsub=10096.3823651708665613456021426 T=1.25559914867049454848193989336 ub=17.3859625211564960672315123568 B=124717492 > cap
SATCERT u=23/12 r=2 Rsub=404.447565788171533638712746302 T=0.229921247657943461857469285279 ub=11.4959229556096315554511655847 B=123729 (no point below T -> idx=1)
SATOPENB u=-23/6 r=2 Rsub=577.346381284814082071106226191 T=0.274704781347269865032045214259 ub=16.5645139565486247948948675982 B=20567419 > cap
SATOPENB u=-4/23 r=3 Rsub=4501.15720610378080406944960671 T=0.959188161081553013760201949500 ub=19.0182394179221758846522645342 B=474336517 > cap
SATOPENB u=-5/23 r=2 Rsub=86.0169344829618540078716718870 T=0.106032737746881081429366836406 ub=16.8222056881116417332168362242 B=22482290 > cap
SATCERT u=7/23 r=3 Rsub=1927.38709978007760474948051319 T=0.722967429023110945202541847921 ub=9.27619132022231297984980811994 B=22008 (no point below T -> idx=1)
SATCERT u=23/21 r=2 Rsub=112.954607850115245450828775206 T=0.121506628536759781651604220580 ub=9.71804214786544676895840885327 B=18762 (no point below T -> idx=1)
SATOPENB u=11/24 r=2 Rsub=379.488799338112374382109451823 T=0.222713978242745926884403033061 ub=17.0554062219110637081583218494 B=31900116 > cap
SATCERT u=24/11 r=2 Rsub=80.6049571241382236840907940486 T=0.102642889691335135109682681336 ub=7.05327169911931510060087163357 B=1282 (no point below T -> idx=1)
SATCERT u=24/19 r=2 Rsub=237.522156814354218082329378877 T=0.176197628425856929464036433295 ub=7.66892030686950177332584575488 B=2554 (no point below T -> idx=1)
SATCERT u=24 r=2 Rsub=176.680962889544729491084725957 T=0.151964754653189893937841240113 ub=7.40798638074155482837410869317 B=1920 (no point below T -> idx=1)
SATOPENB u=-5/24 r=2 Rsub=483.418321984123373801907783407 T=0.251367744218693526985055289670 ub=18.8106326175005450190712937222 B=189898517 > cap
SATCERT u=-1/24 r=2 Rsub=225.313752378540583649873305386 T=0.171609704983423576076382685631 ub=13.9507850103299721476190585160 B=1359184 (no point below T -> idx=1)
SATOPENB u=13/24 r=2 Rsub=390.757452162099019292090010940 T=0.225996456205495855531631200620 ub=17.3963738978081677531227078535 B=45008880 > cap
SATOPENB u=-24/13 r=3 Rsub=5586.73291691756626543243107035 T=1.03081734899916329230822737629 ub=17.9437241544831498421211410316 B=173995763 > cap
SATOPENB u=7/24 r=2 Rsub=216.146453621509955621495070479 T=0.168082326883180457002713907482 ub=17.7981944001673640066319750993 B=63482621 > cap
SATOPENB u=5/24 r=2 Rsub=128.106777456453434001752745180 T=0.129399931912817169413940528292 ub=18.0715212573026665481392394062 B=80271179 > cap
SATCERT u=24/13 r=2 Rsub=99.8168626800089523241284851627 T=0.114222050497794802316536616654 ub=10.7234308150276451373511491205 B=50902 (no point below T -> idx=1)
SATOPENB u=-24/7 r=3 Rsub=2897.36349335899091814964359694 T=0.828190181118972493392470150791 ub=16.0646551209656415841688991572 B=21700488 > cap
SATCERT u=23/24 r=2 Rsub=190.879645980856365282101281592 T=0.157952973114246946302951016869 ub=8.07515154032720760307363738832 B=3764 (no point below T -> idx=1)
SATCERT u=24/17 r=3 Rsub=3072.37110904365493504327495238 T=0.844540161371104322493895092660 ub=9.25748809053615653274832807594 B=24393 (no point below T -> idx=1)
SATCERT u=25/2 r=2 Rsub=99.1131086409046893925957367566 T=0.113818679688422451369516235292 ub=8.39642219057273749550878573688 B=4966 (no point below T -> idx=1)
SATCERT u=25/12 r=2 Rsub=749.276872959813030887633437445 T=0.312945822462286286823112884303 ub=11.1974592347488856012275325476 B=99749 (no point below T -> idx=1)
SATCERT u=3/25 r=3 Rsub=366.057703283602605437448308088 T=0.415571350405697495047105922429 ub=9.69054115795614776625964011536 B=24493 (no point below T -> idx=1)
SATCERT u=25/6 r=2 Rsub=105.370624063020061520427463623 T=0.117356668035250785773807393027 ub=12.3418704803011232033440410271 B=257617 (no point below T -> idx=1)
SATOPENB u=4/25 r=3 Rsub=3069.37214592588143500632084252 T=0.844265284711854188484614036132 ub=17.7314811777548967145670365844 B=116773471 > cap
SATOPENB u=-25/12 r=3 Rsub=3057.10311969820386906375144275 T=0.843138871369152673926341811805 ub=19.0719980385431030410265765368 B=445691208 > cap
SATCERT u=-25/11 r=2 Rsub=82.6561695529368847174246989846 T=0.103940698780187571928197680570 ub=12.2043669843239446977583871351 B=221529 (no point below T -> idx=1)
SATCERT u=-25/16 r=3 Rsub=5176.85493174199531823563543756 T=1.00496533384971402559679383837 ub=11.1885115891827940794725373951 B=197497 (no point below T -> idx=1)
SATCERT u=25/23 r=2 Rsub=131.357838256800053229217969107 T=0.131031583928849962358109098349 ub=10.7614100869492628325534846145 B=53769 (no point below T -> idx=1)
SATCERT u=13/25 r=2 Rsub=53.1538514203828375153286934835 T=0.0833518730508709054020262576779 ub=11.5507087554478056267145862810 B=112878 (no point below T -> idx=1)
SATCERT u=-25/7 r=2 Rsub=182.118195028700804818721029824 T=0.154285340462298205385814995111 ub=9.56498040796025738093129876750 B=16636 (no point below T -> idx=1)
SATOPENB u=22/25 r=3 Rsub=3664.73811126596710045465437801 T=0.895660450483554569309602355714 ub=14.6338183625155677732069766781 B=5550946 > cap
SATCERT u=25/24 r=2 Rsub=480.667485664740650550246473328 T=0.250651534279632404954867339505 ub=10.8462745083361236254477251753 B=65969 (no point below T -> idx=1)
SATCERT u=25/11 r=3 Rsub=576.351517996942284628798067041 T=0.483457419707456915339921520642 ub=7.97872790775042615657490633541 B=4733 (no point below T -> idx=1)
SATCERT u=-25/2 r=2 Rsub=269.101612300514113944127635460 T=0.187545282506110811238320867870 ub=10.6507277869149167366207437695 B=50934 (no point below T -> idx=1)
SATOPENB u=-25/14 r=3 Rsub=2766.56006110118362046213017271 T=0.815534711105159010293221019416 ub=19.7139769171339307101402949235 B=823860378 > cap
SATCERT u=-25/19 r=2 Rsub=68.9513802244270802354259164210 T=0.0949334964664986637427331622842 ub=12.0133497204821801688590026373 B=181368 (no point below T -> idx=1)
SATOPENB u=-25/6 r=2 Rsub=78.0300208187250446037581924559 T=0.100990112482187054923684047245 ub=16.8230499296730270744102429043 B=22388099 > cap
SATCERT u=-25/9 r=2 Rsub=194.022493402603338319218093463 T=0.159248017791390389239119089684 ub=13.0076429992090343328426196187 B=522767 (no point below T -> idx=1)
SATCERT u=25/8 r=2 Rsub=519.397186254179393397197276672 T=0.260554027604779820243541527187 ub=8.50425972040723083077718468971 B=6405 (no point below T -> idx=1)
SATCERT u=-25/3 r=2 Rsub=24.9171772829736846531981709172 T=0.0570686258848309494327169287563 ub=11.4704430071751443715458223332 B=101470 (no point below T -> idx=1)
SATOPENB u=6/25 r=3 Rsub=936.458443218232948131994592277 T=0.568362286298442703480774930311 ub=14.3435426112164403502795042524 B=2993354 > cap
SATCERT u=25/9 r=2 Rsub=10.3716578039501906267443409608 T=0.0368190080819003645062431072370 ub=2.66132630438388126753546291315 B=15 (no point below T -> idx=1)
SATCERT u=-3/25 r=2 Rsub=100.596154793240260660371418348 T=0.114667061896222268374567667175 ub=9.87956306868084872347682035660 B=21900 (no point below T -> idx=1)
SATCERT u=-25/8 r=2 Rsub=20.1829826934752014441592809244 T=0.0513618512123047674687818063084 ub=10.9752256107396563718279451143 B=61488 (no point below T -> idx=1)
SATCERT u=19/25 r=2 Rsub=189.039987968267819883782610278 T=0.157189971429572992071750506569 ub=9.83148653885047607702515048326 B=21779 (no point below T -> idx=1)
SATCERT u=25/17 r=3 Rsub=951.665034375795625359495424522 T=0.571422215066289561858378025345 ub=5.42205001810109918711058629639 B=401 (no point below T -> idx=1)
SATCERT u=1/25 r=2 Rsub=41.9691402744443734258972647068 T=0.0740650006485678900987546104148 ub=8.81358549807622845378622014360 B=7242 (no point below T -> idx=1)
SATCERT u=25/19 r=3 Rsub=1248.74045257270533269397032372 T=0.625585215260769106103800326227 ub=8.63217830861429410016934478191 B=10486 (no point below T -> idx=1)
SATOPENB u=-12/25 r=3 Rsub=1492.69393156969839031915082972 T=0.663925483377541453520609290166 ub=15.6465603242922803475810533311 B=12121434 > cap
SATCERT u=25/16 r=2 Rsub=87.4859209974608007035979402854 T=0.106934311757288212826438673158 ub=8.63177423447236851339140703646 B=6240 (no point below T -> idx=1)
SATCERT u=26/21 r=2 Rsub=154.700199845607318934664954527 T=0.142197981584882799291250856551 ub=14.3504432437998082786245807279 B=1968223 (no point below T -> idx=1)
SATCERT u=26/19 r=2 Rsub=243.204533994653267075219454165 T=0.178292809304548151871812521095 ub=14.0182317594158659611536779936 B=1463769 (no point below T -> idx=1)
SATOPENB u=26/7 r=3 Rsub=2093.52351864928708650468903921 T=0.743170332258779508088201657771 ub=13.9972959642762017330900198753 B=2521757 > cap
SATCERT u=9/26 r=2 Rsub=105.840435864545259435427801124 T=0.117618003806401623738166727425 ub=12.7817915838195037610187549863 B=400076 (no point below T -> idx=1)
SATCERT u=26 r=2 Rsub=125.400393893835607427253938118 T=0.128025784240622826875499980501 ub=6.68583307274270464540877758730 B=911 (no point below T -> idx=1)
SATCERT u=26/25 r=2 Rsub=366.055127540786803268604772428 T=0.218736491512315602751087060629 ub=6.01039559828254881078654670972 B=508 (no point below T -> idx=1)
SATOPENB u=17/26 r=4 Rsub=20912.8532173334563702621842114 T=1.69222315487191738058088988886 ub=16.0130162463583436587930829599 B=48897626 > cap
SATOPENB u=11/26 r=2 Rsub=86.7387084886542618605288254802 T=0.106476672413623900272943885963 ub=19.7132826491726935150261291408 B=405146514 > cap
SATOPENB u=15/26 r=4 Rsub=33229.0801871670405957003020556 T=1.89991377212857935462667836876 ub=16.2639025043639133904642728218 B=77347304 > cap
SATCERT u=26/23 r=2 Rsub=142.510071817746223768804760314 T=0.136480553146413840540832578347 ub=14.1856184317479456816041229978 B=1659620 (no point below T -> idx=1)
SATOPENB u=26/5 r=3 Rsub=1616.62107800827853325293268439 T=0.681812818053239432013142743334 ub=14.1194029652215023003084856684 B=2679702 > cap
SATOPENB u=25/26 r=2 Rsub=116.056772949787076127050462897 T=0.123163845360339558521501209452 ub=15.7754903871329584699081247914 B=8029672 > cap
SATCERT u=26/11 r=2 Rsub=50.8553971799625350346405684815 T=0.0815298268092008468481581326089 ub=12.0594767721285557504967938169 B=187402 (no point below T -> idx=1)
SATCERT u=26/9 r=3 Rsub=6031.01740339105170178179271146 T=1.05744862443128027686331273727 ub=7.55772343090332831147839449891 B=5515 (no point below T -> idx=1)
SATOPENB u=7/26 r=2 Rsub=181.755311642113561505849557097 T=0.154131551587807683605516213396 ub=19.8548352274514457641584188496 B=489535128 > cap
SATOPENB u=19/26 r=2 Rsub=185.474943692037804310260655550 T=0.155700719144250480884834856428 ub=18.2041913667188252612660596223 B=94102210 > cap
SATCERT u=26/15 r=2 Rsub=415.007924456444178014785753281 T=0.232903593450800466410098537955 ub=13.4588940433204354766856761001 B=883634 (no point below T -> idx=1)
SATCERT u=27/19 r=2 Rsub=48.0400655094655414070692669524 T=0.0792409712477737100592863054108 ub=6.64430396045994865509522737915 B=832 (no point below T -> idx=1)
SATCERT u=-27/2 r=2 Rsub=139.230229569969365500376611880 T=0.134900874227688446559610961245 ub=11.5111797829953156080577178084 B=114243 (no point below T -> idx=1)
SATCERT u=27/22 r=2 Rsub=96.4154496896014748921251808806 T=0.112259036418756693827347877945 ub=11.2605750004398832805020423380 B=86928 (no point below T -> idx=1)
SATCERT u=27/13 r=2 Rsub=48.8025463013970402097285642274 T=0.0798673427964629001265485500076 ub=8.21072448781035823624504013228 B=3987 (no point below T -> idx=1)
SATCERT u=27/17 r=3 Rsub=895.458213101440944962163429392 T=0.559943478290330637986461710928 ub=7.78584129384509227102385518713 B=4213 (no point below T -> idx=1)
SATCERT u=27/10 r=3 Rsub=895.458213101440944962163429393 T=0.559943478290330637986461710928 ub=7.78584129384509227102385518713 B=4213 (no point below T -> idx=1)
SATCERT u=19/27 r=2 Rsub=57.2452592557654306080507698742 T=0.0865003287051186674635338957927 ub=8.23128740323747421895710535035 B=4097 (no point below T -> idx=1)
SATCERT u=-27/25 r=2 Rsub=24.9171772829736846531981709173 T=0.0570686258848309494327169287563 ub=11.4704430071751443715458223332 B=101470 (no point below T -> idx=1)
SATCERT u=-27/22 r=2 Rsub=33.6273736243010001533957365128 T=0.0662970904498156305471212011083 ub=9.10817658862098664436401324281 B=9648 (no point below T -> idx=1)
SATOPENB u=-27/14 r=2 Rsub=546.478777613968074467803721045 T=0.267260419012292498307688516823 ub=16.8358687387116707718891664726 B=26779017 > cap
SATCERT u=25/27 r=2 Rsub=64.0568410575910459577328084079 T=0.0915020351148858696544223437824 ub=10.2535332478264940397905455551 B=31103 (no point below T -> idx=1)
SATCERT u=-27/8 r=2 Rsub=257.224202307459973647180227145 T=0.183359708163616504214647549827 ub=13.0469266189027946141626114792 B=556981 (no point below T -> idx=1)
SATOPENB u=-27/11 r=3 Rsub=1616.62107800827853325293268439 T=0.681812818053239432013142743334 ub=14.1194029652215023003084856684 B=2679702 > cap
SATCERT u=23/27 r=2 Rsub=139.230229569969365500376611880 T=0.134900874227688446559610961245 ub=11.5111797829953156080577178084 B=114243 (no point below T -> idx=1)
SATCERT u=27/20 r=2 Rsub=366.946065381879352449098935263 T=0.219002519997455744633319774262 ub=10.8768837472034081245030308865 B=65900 (no point below T -> idx=1)
SATCERT u=27/16 r=2 Rsub=64.7141925991435444260234205312 T=0.0919703338731202057097126965931 ub=8.99918184817462840570622437702 B=8877 (no point below T -> idx=1)
SATCERT u=-27/17 r=2 Rsub=133.907683880681321884491232656 T=0.132297227732840379015496526341 ub=14.2188684981093767778255539736 B=1708568 (no point below T -> idx=1)
SATOPENB u=-28/5 r=3 Rsub=2799.11206939310076490569969201 T=0.818720839584234152862086425753 ub=18.3344674568655630628437596786 B=208029052 > cap
SATCERT u=28/13 r=2 Rsub=185.113371419410064368383877908 T=0.155548880503779778196511403764 ub=13.1513459812855553135194465075 B=601328 (no point below T -> idx=1)
SATCERT u=28/11 r=2 Rsub=514.013783278658675389740188887 T=0.259200226617384039591941602327 ub=11.8203879006020540196841216449 B=176238 (no point below T -> idx=1)
SATCERT u=9/28 r=2 Rsub=45.0320947472947188048708224244 T=0.0767200839218268550689470290651 ub=7.03942763070799444648636026970 B=1232 (no point below T -> idx=1)
SATCERT u=28/3 r=2 Rsub=34.5121718719044166991411762411 T=0.0671636268054672158683934340562 ub=4.76021297585882085764565673669 B=125 (no point below T -> idx=1)
SATOPENB u=19/28 r=2 Rsub=92.9729947574701387773731155023 T=0.110236750957369532506209972665 ub=15.9447914303525964329743377722 B=9388802 > cap
SATOPENB u=-28/17 r=2 Rsub=126.316933224551437121824408730 T=0.128492796484589284289600971762 ub=19.1971354405095164417158067576 B=247180214 > cap
SATCERT u=28/27 r=2 Rsub=208.630015324200315668652569385 T=0.165133957666705218898922123799 ub=11.1567039383721650298547002904 B=82607 (no point below T -> idx=1)
SATOPENB u=-28/11 r=3 Rsub=1325.66614932711313650718782299 T=0.638176005956801714769225824680 ub=20.5383642358659574174301971379 B=1573455892 > cap
SATCERT u=28/17 r=2 Rsub=79.2209267830295460976612355809 T=0.101757857390807120139541732074 ub=10.6932017934199426277492931846 B=48775 (no point below T -> idx=1)
SATCERT u=-29/19 r=3 Rsub=1015.44943184677093515070341801 T=0.583913500201515948768201390939 ub=11.1968121982555297794485491551 B=130709 (no point below T -> idx=1)
SATCERT u=-29/11 r=2 Rsub=170.917530701817661144898368288 T=0.149465617059076149284096441711 ub=9.86093190280133059744596060504 B=22257 (no point below T -> idx=1)
SATCERT u=29/21 r=3 Rsub=895.458213101440944962163429393 T=0.559943478290330637986461710928 ub=7.78584129384509227102385518713 B=4213 (no point below T -> idx=1)
SATCERT u=29/16 r=2 Rsub=219.510281204824937438573279269 T=0.169385186864846464717370339977 ub=10.9714816734681337843455467766 B=68932 (no point below T -> idx=1)
SATCERT u=29/19 r=2 Rsub=243.777312147467119859121247867 T=0.178502637154450206104901310491 ub=11.4796283251845236341327308234 B=115628 (no point below T -> idx=1)
SATCERT u=29/6 r=2 Rsub=77.1841081692083812994217965844 T=0.100441210874999859720123631283 ub=8.43578291760827296760159944156 B=5097 (no point below T -> idx=1)
SATCERT u=29/22 r=3 Rsub=2305.40607198776913851519226817 T=0.767440816625448439773384132176 ub=7.97872790775042615657490633541 B=6287 (no point below T -> idx=1)
SATOPENB u=25/29 r=2 Rsub=125.626800942691195767328037706 T=0.128141305681787517466317415981 ub=14.4438262113004858515698305482 B=2130714 > cap
SATCERT u=29/26 r=2 Rsub=117.117087830896213741924527908 T=0.123725189307416797118319088597 ub=9.63181281517938008029783470114 B=17250 (no point below T -> idx=1)
SATCERT u=29/28 r=2 Rsub=242.742148901599222341048667064 T=0.178123241827218890209535352828 ub=12.0775766484936035413602372792 B=210176 (no point below T -> idx=1)
SATOPENB u=-29/13 r=3 Rsub=7192.37402747926329197184086270 T=1.12138094144556529800278350129 ub=17.4938674937589509814707801418 B=121478572 > cap
SATCERT u=29/8 r=2 Rsub=131.032626937908088418657226847 T=0.130869281616245952193384407028 ub=11.0871742821965180282423786787 B=74462 (no point below T -> idx=1)
SATOPENB u=-29/12 r=3 Rsub=4116.62671544224021076440027747 T=0.931056948089143628338680289536 ub=19.0584107034645449419918998532 B=480082083 > cap
SATCERT u=29/12 r=2 Rsub=171.723861582158507487128389817 T=0.149817766235245900887459340664 ub=11.2389984144379587000132735168 B=88329 (no point below T -> idx=1)
SATCERT u=29/3 r=2 Rsub=29.4022392464354878437539405256 T=0.0619923640211683183309593681523 ub=6.26481433875504493113968738883 B=560 (no point below T -> idx=1)
SATCERT u=29/15 r=2 Rsub=315.295954508836332882138094309 T=0.203005214579657699710914597078 ub=9.34141397173391591148721052051 B=13967 (no point below T -> idx=1)
SATCERT u=29/11 r=2 Rsub=109.612124274872071066591986525 T=0.119695353512577947200760003496 ub=6.67036828449170261782538827161 B=889 (no point below T -> idx=1)
SATOPENB u=-29/5 r=3 Rsub=2081.48293884888141374023941864 T=0.741742848661261584069811281974 ub=14.4516374075013983857197691536 B=3966443 > cap
SATCERT u=29/13 r=2 Rsub=208.728598560278863011769947272 T=0.165172968154350036537570548926 ub=7.28942443327396867150471138764 B=1728 (no point below T -> idx=1)
SATCERT u=29/14 r=3 Rsub=1349.53589004378299649792096840 T=0.641983543595084127810324587760 ub=11.8176352135867683260957183233 B=257718 (no point below T -> idx=1)
SATCERT u=-29/9 r=2 Rsub=213.058554381976503573561644823 T=0.166877383789416345566960942884 ub=11.4558262706451870767335687509 B=111604 (no point below T -> idx=1)
SATCERT u=29/10 r=2 Rsub=59.3100016968426614374453541161 T=0.0880464728452973562307335493577 ub=9.03533397789937009362465885129 B=9168 (no point below T -> idx=1)
SATOPENB u=-29/4 r=3 Rsub=2822.77867536845740956977142842 T=0.821021806087750192046053380078 ub=15.6956336863504485913145715361 B=14896778 > cap
SATCERT u=-29/2 r=2 Rsub=204.585098379428042675883465712 T=0.163525314537282805150474240126 ub=14.0448030588628944587748974411 B=1481149 (no point below T -> idx=1)
SATCERT u=29/27 r=2 Rsub=363.078816583165447333256477882 T=0.217845428234430210380057053681 ub=9.32820526078285072984332687263 B=13990 (no point below T -> idx=1)
SATCERT u=-29/3 r=2 Rsub=47.7450940221497126998563654985 T=0.0789973223583984167974755315977 ub=7.57926879264459531049795802259 B=2119 (no point below T -> idx=1)
SATCERT u=30/11 r=2 Rsub=89.3390839945971339326480510879 T=0.108060940274480706137628603255 ub=9.19498722457965644932460974943 B=10972 (no point below T -> idx=1)
SATCERT u=30/29 r=2 Rsub=83.1776711073969181596040490411 T=0.104268079094514434562367454793 ub=11.3727016045783946047911392307 B=96469 (no point below T -> idx=1)
SATCERT u=-19/30 r=2 Rsub=90.6570231252610296410838406313 T=0.108855085087581925050810059291 ub=9.73311174438103662064903158951 B=18807 (no point below T -> idx=1)
SATCERT u=30/17 r=2 Rsub=156.062159953017274608778734096 T=0.142822556044836658691848873317 ub=11.7748064015809789073948627309 B=149886 (no point below T -> idx=1)
SATCERT u=30/13 r=2 Rsub=116.614568188561561950161463720 T=0.123459467301912973524782031980 ub=10.5812325281966072411229233966 B=44565 (no point below T -> idx=1)
SATOPENB u=-31/4 r=3 Rsub=4237.83636525384984027586808925 T=0.940106691292026058278693817559 ub=15.8779985321263633287450721930 B=20137720 > cap
SATCERT u=31/13 r=2 Rsub=79.1736964561951868923971611462 T=0.101727519615196145682792873819 ub=6.69678855058169752001568502327 B=897 (no point below T -> idx=1)
SATCERT u=31/12 r=2 Rsub=340.344148987643931309113349442 T=0.210914840537232890635192182011 ub=10.7134563101466050814137123913 B=55513 (no point below T -> idx=1)
SATCERT u=31/28 r=2 Rsub=164.469448955964664627418562450 T=0.146619121563169192829466869333 ub=13.1301387608175683531894732467 B=583476 (no point below T -> idx=1)
SATCERT u=31/20 r=2 Rsub=233.322656139414159570666078157 T=0.174633054546038393733639114596 ub=13.0957369694798456722986893513 B=579761 (no point below T -> idx=1)
SATCERT u=31/24 r=3 Rsub=5716.39221907443625264226038105 T=1.03873099096695300498988084971 ub=12.2771179291374084390091796133 B=606736 (no point below T -> idx=1)
SATCERT u=31/8 r=2 Rsub=229.505473534485531577053800051 T=0.173198656277743988517472522447 ub=11.6654701272080363937626510776 B=138506 (no point below T -> idx=1)
SATCERT u=31/25 r=2 Rsub=109.700035560007960615723582522 T=0.119743343018460135365037911825 ub=9.06303332016116118666410581371 B=9729 (no point below T -> idx=1)
SATCERT u=31 r=2 Rsub=136.499681408431576486209118351 T=0.133571503163406228884164753792 ub=7.76901733098016462140468495944 B=2705 (no point below T -> idx=1)
SATCERT u=-31/6 r=2 Rsub=364.940208617452390307776703073 T=0.218403127199047869674588365639 ub=11.7951307729074306648624123086 B=164973 (no point below T -> idx=1)
SATCERT u=31/17 r=2 Rsub=165.261604480572031245007635541 T=0.146971787764842296704674093504 ub=11.2165965867869869049396410899 B=86127 (no point below T -> idx=1)
SATCERT u=31/16 r=2 Rsub=225.487549297579243092192335204 T=0.171675878238369198306032407808 ub=11.2604661440620648439178660588 B=92240 (no point below T -> idx=1)
SATOPENB u=-31/7 r=3 Rsub=3302.61492487800926907575271506 T=0.865130710849185296908994834680 ub=15.5902731775357856353735100333 B=14011709 > cap
SATCERT u=31/10 r=2 Rsub=75.5888999996614525566620369047 T=0.0993978537988843605186545057299 ub=11.2342600639550009207727304398 B=83589 (no point below T -> idx=1)
SATCERT u=-31/3 r=2 Rsub=128.951570822650900524987775534 T=0.129825891327455143836611519426 ub=11.7449759448783415629832840119 B=143603 (no point below T -> idx=1)
SATOPENB u=-31/13 r=2 Rsub=171.634271161299257050212938835 T=0.149778680264029510414635565037 ub=16.1108693003872082128960778388 B=11532135 > cap
SATCERT u=31/14 r=2 Rsub=75.3734177668385527258295077143 T=0.0992560753251435349848673831603 ub=12.1014835470383265398932098843 B=198937 (no point below T -> idx=1)
SATCERT u=31/23 r=2 Rsub=357.356335978388535730592204353 T=0.216121880548961412275257206510 ub=9.19498722457965644932460974943 B=12224 (no point below T -> idx=1)
SATCERT u=31/29 r=3 Rsub=3208.87714381267446283985504364 T=0.856867056339649691371620728902 ub=10.0821514192860882520883348646 B=56333 (no point below T -> idx=1)
SATCERT u=-31/2 r=3 Rsub=366.057703283602605437448308088 T=0.415571350405697495047105922429 ub=9.69054115795614776625964011536 B=24493 (no point below T -> idx=1)
SATCERT u=31/22 r=3 Rsub=3657.13452468819552570630403122 T=0.895040583801136732742877109602 ub=11.4418248230551503129554888484 B=227947 (no point below T -> idx=1)
SATCERT u=-31/5 r=2 Rsub=113.800682088542443030066360553 T=0.121960845668441804182062435529 ub=10.1915665522376292539726491611 B=30138 (no point below T -> idx=1)
SATCERT u=31/15 r=2 Rsub=48.8025463013970402097285642274 T=0.0798673427964629001265485500076 ub=8.21072448781035823624504013228 B=3987 (no point below T -> idx=1)
SATCERT u=-31/10 r=2 Rsub=166.538470365868779406448270862 T=0.147538471626412402434928106520 ub=12.5172913284559792678594928160 B=316422 (no point below T -> idx=1)
SATCERT u=-31/9 r=2 Rsub=196.028110285662619143946624844 T=0.160068977667229140505109686095 ub=9.74687681439028762375268501426 B=20070 (no point below T -> idx=1)
SATCERT u=32/17 r=2 Rsub=129.931227857472675127978790930 T=0.130318107906906490376156540175 ub=9.20286423234913731249595068780 B=11308 (no point below T -> idx=1)
SATCERT u=32/15 r=2 Rsub=176.942650685547905897363597687 T=0.152077252929174745122889881505 ub=13.4581035988738693593090130125 B=814379 (no point below T -> idx=1)
SATCERT u=32/19 r=2 Rsub=143.693791558919028560251287175 T=0.137046199601696303282131274124 ub=11.1610235644857366818839721790 B=80666 (no point below T -> idx=1)
SATCERT u=32/13 r=2 Rsub=139.424607829955808303230443562 T=0.134995008424170967317590688544 ub=12.6151113536438454581733295833 B=344589 (no point below T -> idx=1)
SATCERT u=32/11 r=2 Rsub=111.988943942238452816040548578 T=0.120986125553761731197341115941 ub=10.6389251101040577293228089318 B=47095 (no point below T -> idx=1)
SATCERT u=32/3 r=2 Rsub=158.027475183975580832319198147 T=0.143719035909467697238772455299 ub=10.2026550272091319130762248114 B=31144 (no point below T -> idx=1)
SATCERT u=32/9 r=2 Rsub=188.749323212071929231184058889 T=0.157069078591989430836982233596 ub=6.84594692336565151634562915570 B=1100 (no point below T -> idx=1)
SATCERT u=32/27 r=2 Rsub=159.764729623091970666243354837 T=0.144506854870432553236802844919 ub=9.05172311476957469082815621271 B=9860 (no point below T -> idx=1)
SATCERT u=32/25 r=2 Rsub=155.360588921433079254976631075 T=0.142501167973325041161749038315 ub=11.6869619174160859134176854248 B=137237 (no point below T -> idx=1)
SATOPENB u=32/21 r=2 Rsub=150.061472122495191141090727186 T=0.140049833173704674572483894372 ub=14.9244655005465459730063464964 B=3486872 > cap
SATCERT u=33/23 r=2 Rsub=158.027475183975580832319198147 T=0.143719035909467697238772455299 ub=10.2026550272091319130762248114 B=31144 (no point below T -> idx=1)
SATCERT u=-33/17 r=3 Rsub=2380.74400036743077071957866639 T=0.775711057512809132647567217271 ub=11.4672594536408739641437189416 B=207518 (no point below T -> idx=1)
SATCERT u=33/28 r=4 Rsub=78748.8356179752134188161615747 T=2.35730265964254651780545861599 ub=11.3961822280272997468167688407 B=939859 (no point below T -> idx=1)
SATCERT u=33/17 r=2 Rsub=40.0087276011281692737048973938 T=0.0723144961117143089684144500106 ub=6.25842525318269685248692325591 B=562 (no point below T -> idx=1)
SATCERT u=-33/31 r=3 Rsub=445.439266845350123264139910150 T=0.443668486655598472222962581544 ub=12.8489822432722038988871578122 B=592823 (no point below T -> idx=1)
SATCERT u=-33/14 r=3 Rsub=2157.36117572256025399399756326 T=0.750648640364922751160174028952 ub=12.9605615854870814792691888455 B=900955 (no point below T -> idx=1)
SATCERT u=-33/13 r=2 Rsub=50.0033316033778264619738095951 T=0.0808439389012151143584965677301 ub=9.27959930855997122026058850726 B=11620 (no point below T -> idx=1)
SATCERT u=33/32 r=3 Rsub=895.458213101440944962163429393 T=0.559943478290330637986461710928 ub=7.78584129384509227102385518713 B=4213 (no point below T -> idx=1)
SATCERT u=-33/8 r=2 Rsub=320.104969276292388267336696017 T=0.204547512582308764225001828874 ub=13.5565581776900582785164378056 B=947049 (no point below T -> idx=1)
SATCERT u=33/19 r=2 Rsub=99.1131086409046893925957367565 T=0.113818679688422451369516235292 ub=8.39642219057273749550878573688 B=4966 (no point below T -> idx=1)
SATCERT u=33/2 r=2 Rsub=11.8665859356921558238837397506 T=0.0393831898364547580585308870539 ub=5.41383258447256142122495247843 B=234 (no point below T -> idx=1)
SATCERT u=33/16 r=2 Rsub=109.251108994956838268327900714 T=0.119498078389616016451227948492 ub=8.77072636667951660368218474408 B=7261 (no point below T -> idx=1)
SATCERT u=-33/2 r=2 Rsub=285.173314494167014382907274206 T=0.193064505142679998432736310959 ub=11.5302584594573103745648716691 B=123417 (no point below T -> idx=1)
SATOPENB u=-33/19 r=2 Rsub=185.778868460690503188733534211 T=0.155828234846492828863111676702 ub=14.6729318583012825263402404691 B=2754538 > cap
SATCERT u=33/10 r=2 Rsub=113.800682088542443030066360553 T=0.121960845668441804182062435529 ub=10.1915665522376292539726491611 B=30138 (no point below T -> idx=1)
SATCERT u=8/33 r=3 Rsub=839.727757261489116311351753025 T=0.548077431255133544882243347896 ub=11.1929524124444103774980791677 B=125622 (no point below T -> idx=1)
SATCERT u=1/33 r=3 Rsub=366.057703283602605437448308084 T=0.415571350405697495047105922428 ub=9.69054115795614776625964011536 B=24493 (no point below T -> idx=1)
SATOPENB u=-34/11 r=4 Rsub=53142.6713022038127048361714693 T=2.13656030902346502278531919264 ub=17.9861742568389397804019075290 B=548520146 > cap
SATCERT u=34/3 r=2 Rsub=91.5278610501318818343496456824 T=0.109376658447226830840717070186 ub=7.19567135023283994867114637280 B=1488 (no point below T -> idx=1)
SATCERT u=34/13 r=2 Rsub=170.321463819204138240892915174 T=0.149204762261428116345401316227 ub=12.3549120234399287368717010463 B=269445 (no point below T -> idx=1)
SATOPENB u=-34/9 r=2 Rsub=275.815668105262487810260332508 T=0.189870485615193070420674854135 ub=17.3390162701915319325159975109 B=40991971 > cap
SATOPENB u=34/21 r=2 Rsub=228.073239008723534965087391049 T=0.172657385275267860767042722201 ub=14.7373544501149510865086651799 B=2987693 > cap
SATCERT u=-34/5 r=3 Rsub=2697.77075449646561886765097522 T=0.808718597077505944372299172202 ub=13.3729607665956836884332810658 B=1442199 (no point below T -> idx=1)
SATCERT u=34/27 r=2 Rsub=172.149837353655067368178580382 T=0.150003469054921990182003850549 ub=12.9541659994225632936339037279 B=490986 (no point below T -> idx=1)
SATOPENB u=-34/3 r=3 Rsub=6488.10884045768723169461141678 T=1.08351549134558428001044712085 ub=17.5664668782810868303804642635 B=125772135 > cap
SATOPENB u=34/23 r=2 Rsub=243.575990304704128819689850338 T=0.178428914333254826455953554815 ub=14.9591908434759667448049304212 B=3751326 > cap
SATCERT u=34/15 r=2 Rsub=518.018753590374924641361436963 T=0.260208054618694629256884233940 ub=13.6573197500995786500413692240 B=1107403 (no point below T -> idx=1)
SATCERT u=34/11 r=3 Rsub=1911.12862998639110676657136840 T=0.720928822607263966757333001367 ub=13.4600661752327821109216494814 B=1441213 (no point below T -> idx=1)
SATOPENB u=-35/13 r=3 Rsub=1086.08513251662651209043256133 T=0.597150369795461753042562976786 ub=14.4162315284205113579970468340 B=3313058 > cap
SATCERT u=35/4 r=3 Rsub=1927.38709978007760474948051318 T=0.722967429023110945202541847920 ub=9.27619132022231297984980811994 B=22008 (no point below T -> idx=1)
SATCERT u=35/12 r=2 Rsub=309.232509256450008807882348699 T=0.201043745545519533434762968731 ub=9.51638072593694864038430230329 B=16605 (no point below T -> idx=1)
SATOPENB u=-35/6 r=2 Rsub=225.949754229336141647670474336 T=0.171851738982757240592041118491 ub=17.5616152521181206435701867821 B=50297554 > cap
SATCERT u=-35/9 r=2 Rsub=82.6561695529368847174246989846 T=0.103940698780187571928197680570 ub=12.2043669843239446977583871351 B=221529 (no point below T -> idx=1)
SATCERT u=35/24 r=3 Rsub=1542.85693775575473613496335119 T=0.671280917922168483812340940955 ub=12.3299370328408558234885234710 B=442953 (no point below T -> idx=1)
SATCERT u=35/16 r=2 Rsub=112.100459725400415620491006456 T=0.121046348041020866495518970103 ub=10.9178973998370729825455705495 B=62252 (no point below T -> idx=1)
SATOPENB u=-35/2 r=2 Rsub=63.3275809183309610621609457034 T=0.0909796881307301825224669716667 ub=14.9984364652450073829101717080 B=3574788 > cap
SATCERT u=35/19 r=2 Rsub=114.689451184258128896451344619 T=0.122436168896055737546138820949 ub=8.89270531136368037698081251404 B=8227 (no point below T -> idx=1)
SATCERT u=35/13 r=2 Rsub=149.697499472596287131445570667 T=0.139879885301202028010941005584 ub=9.39357598512849141800793884117 B=13815 (no point below T -> idx=1)
SATOPENB u=-35/17 r=2 Rsub=483.512239997211734533099056246 T=0.251392160765912419082000928672 ub=17.2847332732013481827048186312 B=41289775 > cap
SATCERT u=35/22 r=2 Rsub=536.301818722225878772664832599 T=0.264760156665901341933070215840 ub=13.8611701140197909004094617656 B=1363998 (no point below T -> idx=1)
SATCERT u=35/29 r=2 Rsub=151.500132540969892469544613320 T=0.140719570500831042012510430253 ub=12.4754070028527317294555202724 B=301380 (no point below T -> idx=1)
SATCERT u=35/27 r=2 Rsub=79.4157430998725380178023551286 T=0.101882899593287970832329289595 ub=7.79087064225009424734568088741 B=2678 (no point below T -> idx=1)
SATCERT u=35/17 r=2 Rsub=172.987900325945793808728018410 T=0.150368150565968308153533956648 ub=7.62789836297430384503544964514 B=2389 (no point below T -> idx=1)
SATCERT u=36/13 r=2 Rsub=79.4157430998725380178023551286 T=0.101882899593287970832329289595 ub=7.79087064225009424734568088741 B=2678 (no point below T -> idx=1)
SATCERT u=36/19 r=2 Rsub=306.985192129875621983246603291 T=0.200311880516805311370831703813 ub=10.0501608376408483012515415453 B=28296 (no point below T -> idx=1)
SATCERT u=36 r=2 Rsub=109.612124274872071066591986525 T=0.119695353512577947200760003496 ub=6.67036828449170261782538827161 B=889 (no point below T -> idx=1)
SATCERT u=36/7 r=2 Rsub=196.028110285662619143946624844 T=0.160068977667229140505109686095 ub=9.74687681439028762375268501426 B=20070 (no point below T -> idx=1)
SATCERT u=35/36 r=2 Rsub=30.7039278665105853055065912739 T=0.0633497584197607874339466828822 ub=6.24171528302695351951870720714 B=548 (no point below T -> idx=1)
SATCERT u=36/23 r=2 Rsub=146.160410783120697864737106725 T=0.138217448618899507578178418511 ub=12.8585518220478778285678405880 B=440987 (no point below T -> idx=1)
SATCERT u=36/17 r=2 Rsub=109.086627365542982782130473425 T=0.119408090094190124081215557395 ub=11.7678135898106740485494381294 B=145397 (no point below T -> idx=1)
SATCERT u=36/29 r=2 Rsub=302.211023109305525365564630897 T=0.198748173003351448057162489288 ub=9.96219331979038381017478869849 B=25873 (no point below T -> idx=1)
SATOPENB u=-37/14 r=4 Rsub=35509.5602020821903475335733408 T=1.93170424549125987038180118421 ub=20.6679493276639522501033101091 B=6529874579 > cap
SATOPENB u=-37/18 r=2 Rsub=224.524654341603458016839076748 T=0.171308934052110793939226008432 ub=18.0074748572089189935793008143 B=78513708 > cap
SATOPENB u=-37/15 r=2 Rsub=110.523002945363553335942802708 T=0.120191659808229829293221229102 ub=16.9357487801280090152011300017 B=25544701 > cap
SATCERT u=37/8 r=2 Rsub=61.9787259380262865460580432316 T=0.0900055555206243372814649243347 ub=12.2423270428711036844817976605 B=226916 (no point below T -> idx=1)
SATCERT u=37/23 r=3 Rsub=2308.92126777726979905370334086 T=0.767830673435062784597423332903 ub=9.54806807542787902584190919218 B=30210 (no point below T -> idx=1)
SATCERT u=37/2 r=3 Rsub=1385.47546909438694549664384489 T=0.647632591744782831357064366862 ub=10.3043609863412459414946956954 B=57068 (no point below T -> idx=1)
SATCERT u=-17/37 r=2 Rsub=41.9691402744443734258972647068 T=0.0740650006485678900987546104148 ub=8.81358549807622845378622014360 B=7242 (no point below T -> idx=1)
SATCERT u=-37/17 r=2 Rsub=102.888522827030247638161443724 T=0.115966209133897593001695326224 ub=14.3782746880206730574208217238 B=1971374 (no point below T -> idx=1)
SATCERT u=37/5 r=2 Rsub=73.5680103814855620921601224428 T=0.0980601379696477478820515821378 ub=4.94913257272864526094333243467 B=156 (no point below T -> idx=1)
SATCERT u=-37 r=2 Rsub=113.800682088542443030066360553 T=0.121960845668441804182062435529 ub=10.1915665522376292539726491611 B=30138 (no point below T -> idx=1)
SATCERT u=-37/4 r=3 Rsub=5176.85493174199531823563543756 T=1.00496533384971402559679383837 ub=11.1885115891827940794725373951 B=197497 (no point below T -> idx=1)
SATCERT u=37/3 r=2 Rsub=56.7455344177322292750533387028 T=0.0861219470372776026245966851776 ub=8.20433540223801015759227599936 B=3986 (no point below T -> idx=1)
SATCERT u=37/9 r=2 Rsub=47.6175949716800566729947414092 T=0.0788917741660449840837802131972 ub=7.87838170411243479776378818773 B=2857 (no point below T -> idx=1)
SATOPENB u=37/22 r=3 Rsub=2180.04032114029010130533765575 T=0.753269861290111680938609137401 ub=13.8533132685028704528262890114 B=2205761 > cap
SATCERT u=-37/8 r=2 Rsub=299.214857671362254207224282795 T=0.197760509336955519639142718807 ub=13.8209515821635318715810031929 B=1225320 (no point below T -> idx=1)
SATCERT u=37/29 r=2 Rsub=77.5369732416883943597821364114 T=0.100670544220109236643268620112 ub=5.68365572204031802545120044055 B=326 (no point below T -> idx=1)
SATOPENB u=-37/10 r=2 Rsub=265.595093108078051686674983260 T=0.186319374736217287377753932822 ub=18.9367647385470452532140637942 B=201859832 > cap
SATOPENB u=-37/2 r=2 Rsub=169.619885403013021548571818884 T=0.148897147302616608354105276337 ub=14.8349453111345253135246172818 B=3216623 > cap
SATCERT u=37/14 r=3 Rsub=8667.49469062021904894885324142 T=1.19332922693762655520748535073 ub=11.2034927785022280103406173201 B=242032 (no point below T -> idx=1)
SATCERT u=-37/9 r=2 Rsub=139.317336396648331261823772226 T=0.134943066752132861854368154710 ub=10.1339736738775468217635205839 B=28823 (no point below T -> idx=1)
SATCERT u=-37/28 r=3 Rsub=379.519610060561909400370046497 T=0.420604411126276660032471989452 ub=8.67758665001763136178522207157 B=8940 (no point below T -> idx=1)
SATCERT u=-37/11 r=3 Rsub=1069.12156560032496213141562134 T=0.594025077087847486957028419651 ub=13.6964510216434119948287556930 B=1607959 (no point below T -> idx=1)
SATCERT u=-37/7 r=2 Rsub=57.2112603944999131781545798910 T=0.0864746379360784242833682523892 ub=10.2205324691134277584120097802 B=29942 (no point below T -> idx=1)
SATCERT u=37/18 r=2 Rsub=245.913011284177954693065326547 T=0.179282850438309429373285663002 ub=7.75769594907920083689087409099 B=2799 (no point below T -> idx=1)
SATCERT u=37/21 r=2 Rsub=66.0519374625730374147330180026 T=0.0929160577081868715657395121699 ub=9.27107248237567089880449692171 B=11661 (no point below T -> idx=1)
SATCERT u=37/6 r=2 Rsub=77.2459428865749007927786408133 T=0.100481436192245327086581084614 ub=13.6138240857276116361775802288 B=903748 (no point below T -> idx=1)
SATCERT u=37/27 r=2 Rsub=400.082064975132662396629400158 T=0.228677026315481483609421935928 ub=10.4578361701544870870679345311 B=43762 (no point below T -> idx=1)
SATCERT u=37/19 r=3 Rsub=5829.95339380701699982925397627 T=1.04556437422847727904709996514 ub=9.47573344878644021328139658092 B=37098 (no point below T -> idx=1)
SATOPENB u=37/20 r=4 Rsub=122063.324606250076538407295181 T=2.63027168374893221698801121455 ub=13.2581517599458199281100104945 B=7947941 > cap
SATOPENB u=-37/5 r=3 Rsub=3293.39624794563715228002751970 T=0.864325006596638381399153353467 ub=15.3676423211368153121966002984 B=11206084 > cap
SATCERT u=37/31 r=2 Rsub=20.5328820474705992600939664325 T=0.0518051518082564417040303864017 ub=7.12375083211989471681134162130 B=1308 (no point below T -> idx=1)
SATCERT u=37/28 r=2 Rsub=216.152498868481564140141043206 T=0.168084677354483610167624938956 ub=11.8838572863100419466576862446 B=171432 (no point below T -> idx=1)
SATCERT u=37/16 r=2 Rsub=120.820635775219896485632098342 T=0.125666220301920201308169493715 ub=10.8324082530079704201083244432 B=57416 (no point below T -> idx=1)
SATCERT u=37/13 r=2 Rsub=29.4022392464354878437539405256 T=0.0619923640211683183309593681523 ub=6.26481433875504493113968738883 B=560 (no point below T -> idx=1)
SATOPENB u=38/31 r=2 Rsub=269.477783466646014092917191025 T=0.187676319420889024214460000166 ub=15.5891891753544395375590459647 B=7108953 > cap
SATCERT u=38/13 r=2 Rsub=138.566046726644592077059455131 T=0.134578724513728145088693765419 ub=7.65154511488025601293969793011 B=2407 (no point below T -> idx=1)
SATCERT u=38/15 r=2 Rsub=215.603267754882553277898853303 T=0.167870994762579097574212319817 ub=13.0813272526143265902662158350 B=567615 (no point below T -> idx=1)
SATOPENB u=38/5 r=3 Rsub=4992.01092668593822193417668444 T=0.992859033986861320394001218350 ub=14.0994872885599363666935326678 B=3585278 > cap
SATCERT u=38/17 r=2 Rsub=103.632890457428308607551823364 T=0.116384943530244874287288960567 ub=14.1794320477957240073013275819 B=1616570 (no point below T -> idx=1)
SATCERT u=38/25 r=2 Rsub=195.919195837751280387308028257 T=0.160024503824769885882717844294 ub=12.1241374372250547137008410675 B=216244 (no point below T -> idx=1)
SATCERT u=38 r=2 Rsub=108.961100271047710647332773137 T=0.119339368265318296428748422457 ub=11.2507231343046846894661866770 B=86688 (no point below T -> idx=1)
SATCERT u=38/21 r=2 Rsub=47.9800349533776262952157063909 T=0.0791914462680594183147507737718 ub=11.8868303987858615346365642748 B=157318 (no point below T -> idx=1)
SATOPENB u=-38/13 r=3 Rsub=5682.39441708888865805156397211 T=1.03666763750534965184440537743 ub=21.6950143840901761303795486947 B=7451506187 > cap
SATCERT u=38/9 r=2 Rsub=532.095584759408740798189626519 T=0.263719851268099475281117743446 ub=13.2182207718645657691809442893 B=716362 (no point below T -> idx=1)
SATCERT u=38/23 r=2 Rsub=263.454097654089439114465913209 T=0.185566883227357864599531366790 ub=9.99469332954077670897330579439 B=26378 (no point below T -> idx=1)
SATOPENB u=-38/3 r=3 Rsub=11347.1475832522559536472990163 T=1.30544321045352174340280204074 ub=17.6319669155272501508471653654 B=167653537 > cap
SATCERT u=38/27 r=2 Rsub=148.166149888740952002299532034 T=0.139162586634850219203943276299 ub=13.5725324364897489664877494116 B=901392 (no point below T -> idx=1)
SATCERT u=38/3 r=2 Rsub=81.1186246552531945932897228204 T=0.102969424123777350053379054274 ub=11.4109662331336660714367683010 B=100102 (no point below T -> idx=1)
SATOPENB u=-39/16 r=3 Rsub=9511.99924146933361543441628823 T=1.23089125165596933812893972841 ub=15.8303481155182535154031464833 B=25680420 > cap
SATCERT u=-39/10 r=2 Rsub=260.613654566502622826154545968 T=0.184563823104833654792287482548 ub=11.2803837981525804996674213389 B=95316 (no point below T -> idx=1)
SATCERT u=39/10 r=2 Rsub=128.951570822650900524987775534 T=0.129825891327455143836611519426 ub=11.7449759448783415629832840119 B=143603 (no point below T -> idx=1)
SATOPENB u=-39/14 r=2 Rsub=129.321279668880920542821229393 T=0.130011865901361236683586143978 ub=14.5630058848015841025669933888 B=2404898 > cap
SATCERT u=-39/7 r=3 Rsub=8207.64844870922937391493382541 T=1.17184093507241374674871337677 ub=13.2151094047478348575452397772 B=1770815 (no point below T -> idx=1)
SATCERT u=39/16 r=2 Rsub=64.4862145131415649691541308499 T=0.0918081923203224985680473481193 ub=8.50661627411094376814949421330 B=5424 (no point below T -> idx=1)
SATCERT u=39/28 r=2 Rsub=385.470070012750585885631276510 T=0.224462257197985248264411834829 ub=12.3063502801885074655829508012 B=276735 (no point below T -> idx=1)
SATCERT u=39/2 r=3 Rsub=576.351517996942284628798067041 T=0.483457419707456915339921520642 ub=7.97872790775042615657490633541 B=4733 (no point below T -> idx=1)
SATCERT u=39/8 r=2 Rsub=170.917530701817661144898368288 T=0.149465617059076149284096441711 ub=9.86093190280133059744596060504 B=22257 (no point below T -> idx=1)
SATCERT u=39/29 r=2 Rsub=163.133800309970511068182656994 T=0.146022564452028722996144628723 ub=9.30481071865201542988755240764 B=12719 (no point below T -> idx=1)
SATCERT u=-39/8 r=2 Rsub=228.290361450603061117466273639 T=0.172739549398395041880887840233 ub=13.8742679134914103650151412937 B=1260486 (no point below T -> idx=1)
SATCERT u=39/20 r=2 Rsub=118.846280987017454619646453848 T=0.124635222275929723371459340055 ub=11.0670958963927300723881180307 B=72529 (no point below T -> idx=1)
SATCERT u=39/11 r=2 Rsub=47.6175949716800566729947414092 T=0.0788917741660449840837802131972 ub=7.87838170411243479776378818773 B=2857 (no point below T -> idx=1)
SATCERT u=39/25 r=2 Rsub=91.5278610501318818343496456824 T=0.109376658447226830840717070186 ub=7.19567135023283994867114637280 B=1488 (no point below T -> idx=1)
SATCERT u=-39/11 r=2 Rsub=77.1841081692083812994217965844 T=0.100441210874999859720123631283 ub=8.43578291760827296760159944156 B=5097 (no point below T -> idx=1)
SATCERT u=39/14 r=2 Rsub=77.5369732416883943597821364114 T=0.100670544220109236643268620112 ub=5.68365572204031802545120044055 B=326 (no point below T -> idx=1)
SATCERT u=-39/5 r=2 Rsub=47.6175949716800566729947414092 T=0.0788917741660449840837802131972 ub=7.87838170411243479776378818773 B=2857 (no point below T -> idx=1)
SATCERT u=39/17 r=2 Rsub=114.689451184258128896451344619 T=0.122436168896055737546138820949 ub=8.89270531136368037698081251404 B=8227 (no point below T -> idx=1)
SATCERT u=39/23 r=2 Rsub=176.680962889544729491084725957 T=0.151964754653189893937841240113 ub=7.40798638074155482837410869317 B=1920 (no point below T -> idx=1)
SATOPENB u=40/29 r=2 Rsub=148.021389777913869607329936257 T=0.139094588261375071860961262644 ub=15.7306631097543370037571420437 B=7800963 > cap
SATCERT u=40 r=2 Rsub=203.602022213328115439358636991 T=0.163131953962422989511190717135 ub=11.4256284712832878239873767419 B=107879 (no point below T -> idx=1)
SATOPENB u=40/21 r=2 Rsub=219.228491514873410736791949214 T=0.169276430392999124184630471271 ub=14.8455636467887429945501905871 B=3317892 > cap
SATOPENB u=40/23 r=2 Rsub=381.075169206456588817211551581 T=0.223178996293756193709254072043 ub=15.1711589029191716720047383522 B=4849266 > cap
SATOPENB u=40/11 r=3 Rsub=8505.65129251416190779086750148 T=1.18585504987085726990243655836 ub=16.2345281638929860879372448408 B=36777001 > cap
SATCERT u=-40/9 r=2 Rsub=25.2657206319296902306202559346 T=0.0574663798765847764593506470225 ub=6.12778292861088206403423880496 B=486 (no point below T -> idx=1)
SATCERT u=40/27 r=2 Rsub=480.493109019973075993218573690 T=0.250606064448974991172931912857 ub=13.4075013999000122698455048952 B=854360 (no point below T -> idx=1)
SATCERT u=40/3 r=2 Rsub=203.602022213328115439358636991 T=0.163131953962422989511190717135 ub=11.4256284712832878239873767419 B=107879 (no point below T -> idx=1)
SATOPENB u=-40/17 r=3 Rsub=2931.24284857699940668935586999 T=0.831405735527455339247499285256 ub=22.7160927303122728149429560990 B=16848011348 > cap
SATCERT u=41/8 r=2 Rsub=551.094154271865374187127205553 T=0.268386642063015205735869275493 ub=12.6104639133846329355391878089 B=391935 (no point below T -> idx=1)
SATCERT u=41/2 r=2 Rsub=119.984785787466401376399391494 T=0.125230779760881993171781406656 ub=10.9996451134595352723431769034 B=67838 (no point below T -> idx=1)
SATOPENB u=-41/11 r=2 Rsub=171.634271161299257050212938835 T=0.149778680264029510414635565037 ub=16.1108693003872082128960778388 B=11532135 > cap
SATCERT u=41/11 r=2 Rsub=139.230229569969365500376611880 T=0.134900874227688446559610961245 ub=11.5111797829953156080577178084 B=114243 (no point below T -> idx=1)
SATCERT u=41/4 r=2 Rsub=163.133800309970511068182656994 T=0.146022564452028722996144628723 ub=9.30481071865201542988755240764 B=12719 (no point below T -> idx=1)
SATCERT u=41/18 r=2 Rsub=86.0147014201767491236959904074 T=0.106031361394080091233399080156 ub=6.07093743378877357959310739158 B=482 (no point below T -> idx=1)
SATCERT u=41/14 r=3 Rsub=895.458213101440944962163429392 T=0.559943478290330637986461710928 ub=7.78584129384509227102385518713 B=4213 (no point below T -> idx=1)
SATCERT u=41/16 r=2 Rsub=222.208104508765223002024921095 T=0.170422896347543924985168251781 ub=7.29778119254257904927569956277 B=1752 (no point below T -> idx=1)
SATCERT u=41/6 r=2 Rsub=72.5676612472427447541924613373 T=0.0973911643051680345017998409212 ub=13.3980394301777266846764034537 B=726091 (no point below T -> idx=1)
SATCERT u=41/17 r=2 Rsub=56.7455344177322292750533387028 T=0.0861219470372776026245966851776 ub=8.20433540223801015759227599936 B=3986 (no point below T -> idx=1)
SATCERT u=-41/8 r=2 Rsub=74.4794089186203817503539461831 T=0.0986656781426288075441422248535 ub=11.8078564624006282487882476681 B=148231 (no point below T -> idx=1)
SATOPENB u=41/26 r=3 Rsub=6404.16086204345807633673756964 T=1.07882208068117692587420956633 ub=14.5171957778571548498052867433 B=5932866 > cap
SATCERT u=41/31 r=2 Rsub=105.541683054861208590999120209 T=0.117451887991885317692463015637 ub=13.1046596163381430200018490306 B=552447 (no point below T -> idx=1)
SATCERT u=41/10 r=2 Rsub=170.917530701817661144898368288 T=0.149465617059076149284096441711 ub=9.86093190280133059744596060504 B=22257 (no point below T -> idx=1)
SATCERT u=41/25 r=2 Rsub=125.400393893835607427253938118 T=0.128025784240622826875499980501 ub=6.68583307274270464540877758730 B=911 (no point below T -> idx=1)
SATCERT u=41/19 r=2 Rsub=291.357292662693815033614848998 T=0.195146578401342480193227984195 ub=10.2338821854184458603379768946 B=33828 (no point below T -> idx=1)
SATCERT u=-41/13 r=3 Rsub=2697.77075449646561886765097522 T=0.808718597077505944372299172202 ub=13.3729607665956836884332810658 B=1442199 (no point below T -> idx=1)
SATCERT u=41/15 r=2 Rsub=326.139079711657550000375517694 T=0.206466414185147559436253778270 ub=9.84030886829807609511182674938 B=23082 (no point below T -> idx=1)
SATCERT u=41/20 r=2 Rsub=138.026674640280033084093189398 T=0.134316543464876755535357553526 ub=13.5246880426459537173893650415 B=855127 (no point below T -> idx=1)
SATCERT u=-41/5 r=2 Rsub=202.562981403371626722849184658 T=0.162715166441571671808586546730 ub=13.5282229411653245648530846373 B=882875 (no point below T -> idx=1)
SATCERT u=41/28 r=2 Rsub=171.577083793130210157945695650 T=0.149753725567976339420057978436 ub=14.3410794465239677896610972480 B=1964667 (no point below T -> idx=1)
TIMECAP 10800 s at fiber 737/1161
SEARCH_DONE satcert Sig=3 fibers=1161 cert=557 certm=0 openB=178 openM=0 viol=0 skip=1 11149.500 s
DRIVER: TimeCap at fiber 737, resuming
Loading "split_lab.m"
SATCERT LANE Sig=3 sg=[ 3, 2, 1 ] fibers=1161 PtsCap=2000000
JOIN fibers=4604
SATCERT u=-41/7 r=3 Rsub=445.439266845350123264139910146 T=0.443668486655598472222962581543 ub=12.8489822432722038988871578122 B=592823 (no point below T -> idx=1)
SATCERT u=41/24 r=2 Rsub=67.7446936775852430885838471560 T=0.0940991360785130160781660126383 ub=9.68231110400908337421206492994 B=17614 (no point below T -> idx=1)
SATCERT u=-41/3 r=2 Rsub=105.637467034291850063934103276 T=0.117505172426902206981532243597 ub=8.37965707712421550233681148442 B=4901 (no point below T -> idx=1)
SATOPENB u=-41/6 r=2 Rsub=169.797426639861142468025331001 T=0.148975052289308871764990698189 ub=18.3202706209890054369535054622 B=104976354 > cap
SATCERT u=42 r=2 Rsub=149.697499472596287131445570667 T=0.139879885301202028010941005584 ub=9.39357598512849141800793884117 B=13815 (no point below T -> idx=1)
SATCERT u=42/29 r=2 Rsub=330.904546527102486061199535351 T=0.207969363029367769139875538962 ub=13.6479165377228826645662569694 B=1041202 (no point below T -> idx=1)
SATCERT u=42/17 r=2 Rsub=137.956564623761062413590717268 T=0.134282426395724395537634348909 ub=8.53455832555984834510307090295 B=5819 (no point below T -> idx=1)
SATCERT u=42/23 r=3 Rsub=5076.33205856487521292368749628 T=0.998418049585120514051810919416 ub=10.8044286787738033746097216257 B=133633 (no point below T -> idx=1)
SATCERT u=42/25 r=2 Rsub=855.596261514121575621963697386 T=0.334412446947303708480312230171 ub=10.0591429451785599781446408711 B=32649 (no point below T -> idx=1)
SATCERT u=43/14 r=2 Rsub=306.130232725169091001345787037 T=0.200032749900111623215182483405 ub=12.9148256977210607612009776864 B=496262 (no point below T -> idx=1)
SATCERT u=43/9 r=3 Rsub=893.586150281595222120463362383 T=0.559552996375329708685569928341 ub=8.22107339050939355905717140510 B=6507 (no point below T -> idx=1)
SATCERT u=43/7 r=2 Rsub=47.6175949716800566729947414092 T=0.0788917741660449840837802131972 ub=7.87838170411243479776378818773 B=2857 (no point below T -> idx=1)
SATCERT u=-43/17 r=2 Rsub=82.7602516089653106913975342571 T=0.104006120140558050591003487889 ub=12.7353137374383494034304742829 B=376744 (no point below T -> idx=1)
SATOPENB u=-43/12 r=3 Rsub=1944.88036088067475076754992838 T=0.725148099348176783132828481191 ub=20.1145577758688415387453290693 B=1123490143 > cap
SATCERT u=43/18 r=2 Rsub=109.103195501042838607120436697 T=0.119417157632306332662466733395 ub=7.20105500888553763169956540250 B=1511 (no point below T -> idx=1)
SATOPENB u=-43/16 r=3 Rsub=9318.82783292884698198338031466 T=1.22250181359955690226798872105 ub=18.9423481073874618633740071518 B=572114625 > cap
SATCERT u=43/22 r=2 Rsub=207.255640599459864859214572289 T=0.164589139251633144450060831821 ub=13.9919251611144879034319860551 B=1406359 (no point below T -> idx=1)
SATCERT u=-43/13 r=2 Rsub=226.236839488946213524257188963 T=0.171960879264760544893411564172 ub=12.7040115258700491461310916154 B=390809 (no point below T -> idx=1)
SATOPENB u=43/28 r=2 Rsub=725.976204137018863011291036350 T=0.308041470125685497067481955130 ub=14.7016814490179403081292870736 B=3300957 > cap
SATCERT u=43/17 r=2 Rsub=107.848773032839750458193178243 T=0.118728668898165435660251587418 ub=9.77608167002668883290386505124 B=19828 (no point below T -> idx=1)
SATCERT u=43/3 r=2 Rsub=40.0087276011281692737048973938 T=0.0723144961117143089684144500106 ub=6.25842525318269685248692325591 B=562 (no point below T -> idx=1)
SATCERT u=43/4 r=2 Rsub=132.184407748347052922999832142 T=0.131443195695021657072857468013 ub=9.76062070769437668472463381436 B=19773 (no point below T -> idx=1)
SATOPENB u=-43/8 r=2 Rsub=290.456308692396943192998291992 T=0.194844612255158792530295502690 ub=17.0420661797950794887370724002 B=30612250 > cap
SATCERT u=-43/6 r=2 Rsub=148.441288759818564462972123784 T=0.139291736505375465172566715964 ub=12.6377817491525970013003201248 B=354008 (no point below T -> idx=1)
SATCERT u=43/21 r=2 Rsub=50.8553971799625350346405684815 T=0.0815298268092008468481581326089 ub=12.0594767721285557504967938169 B=187402 (no point below T -> idx=1)
SATCERT u=43/16 r=2 Rsub=147.953440383383181212056270886 T=0.139062658828789800301867406133 ub=8.04033242596774022312158690494 B=3567 (no point below T -> idx=1)
SATCERT u=43 r=3 Rsub=895.458213101440944962163429393 T=0.559943478290330637986461710928 ub=7.78584129384509227102385518713 B=4213 (no point below T -> idx=1)
SATCERT u=-43 r=2 Rsub=45.5012143429057801880638449200 T=0.0771186623877498384774397299874 ub=10.7367380417744022105138660179 B=49705 (no point below T -> idx=1)
SATCERT u=43/13 r=3 Rsub=2075.50700565096423556386489941 T=0.741032320859121406264785831947 ub=12.3616146637984730973206598005 B=490239 (no point below T -> idx=1)
SATOPENB u=43/10 r=2 Rsub=124.526048319252272144616655368 T=0.127578678059524425868336169610 ub=15.2281943513101406350128922043 B=4665815 > cap
SATCERT u=-43/14 r=2 Rsub=76.4296962331851151578598320411 T=0.0999491399161009229587641339234 ub=13.5009826858065147971712342626 B=806882 (no point below T -> idx=1)
SATCERT u=43/32 r=2 Rsub=64.8921218909081293373873135230 T=0.0920966816103523592548318286220 ub=8.34820348753412735138838281105 B=4630 (no point below T -> idx=1)
SATCERT u=43/27 r=2 Rsub=34.5121718719044166991411762411 T=0.0671636268054672158683934340562 ub=4.76021297585882085764565673669 B=125 (no point below T -> idx=1)
SATCERT u=44/25 r=2 Rsub=262.604003054319919457954436104 T=0.185267254438047885374097682047 ub=12.2940847898382377693156431830 B=262854 (no point below T -> idx=1)
SATOPENB u=44/29 r=2 Rsub=208.572007399186747190060040898 T=0.165110998975555367042004323792 ub=15.9336052083469767739280202517 B=9808072 > cap
SATCERT u=44/19 r=2 Rsub=60.5541868318425144034182417881 T=0.0889651842961082597642724625921 ub=11.0707366787632308306379394471 B=70243 (no point below T -> idx=1)
SATCERT u=44/3 r=2 Rsub=86.7113704478678998239400928848 T=0.106459891595351489735047861318 ub=12.1925605411093453843078506816 B=219481 (no point below T -> idx=1)
SATCERT u=44 r=2 Rsub=143.768141014228344617576582321 T=0.137081649959346082625853183408 ub=11.7472817219476270383925368047 B=144982 (no point below T -> idx=1)
SATCERT u=44/23 r=2 Rsub=793.658891743784200286144849207 T=0.322080875175393745807801603331 ub=12.2655816346506331504624785554 B=292923 (no point below T -> idx=1)
SATCERT u=44/9 r=2 Rsub=446.211267087550666590134164137 T=0.241500625900302058692779420841 ub=13.8489952878002230561504746802 B=1316512 (no point below T -> idx=1)
SATCERT u=44/31 r=2 Rsub=249.961044829165566216957742667 T=0.180752436498712147746062624324 ub=12.1756836342813366699396431505 B=232452 (no point below T -> idx=1)
SATOPENB u=-44/7 r=3 Rsub=7588.00146248405934234019531161 T=1.14157614428249019091175589681 ub=20.1496096288363410056919145238 B=1764592766 > cap
SATOPENB u=-44/17 r=3 Rsub=2608.28484900134442513739789292 T=0.799676049379778792091140197712 ub=22.8912307569405615888075883099 B=19445991755 > cap
SATOPENB u=-44/13 r=3 Rsub=2054.47212552053823928124493392 T=0.738520407157992732502138413232 ub=22.2686542057271239437240928868 B=9814970047 > cap
SATCERT u=44/17 r=2 Rsub=122.444616285707098702325392088 T=0.126507956859651056641662938070 ub=11.5608984442000809062176444276 B=119063 (no point below T -> idx=1)
SATOPENB u=44/21 r=2 Rsub=139.058717387870128225179826257 T=0.134817759112525717864891400977 ub=15.0930041554308856781906049868 B=4105434 > cap
SATCERT u=44/27 r=2 Rsub=160.718798469494085158048400287 T=0.144937689234637257268452795579 ub=13.8278631502843407405131921948 B=1170336 (no point below T -> idx=1)
SATCERT u=44/15 r=2 Rsub=122.333616339403425248251680551 T=0.126450602111221874476174620404 ub=11.3033672456298048405795008554 B=92026 (no point below T -> idx=1)
SATCERT u=45/7 r=2 Rsub=47.7450940221497126998563654985 T=0.0789973223583984167974755315977 ub=7.57926879264459531049795802259 B=2119 (no point below T -> idx=1)
SATCERT u=45/31 r=2 Rsub=132.184407748347052922999832142 T=0.131443195695021657072857468013 ub=9.76062070769437668472463381436 B=19773 (no point below T -> idx=1)
SATCERT u=45/22 r=3 Rsub=3507.69466227049144657679374595 T=0.882679438345374325796715660301 ub=11.4351397979714847084429809544 B=223646 (no point below T -> idx=1)
SATCERT u=45/32 r=3 Rsub=951.665034375795625359495424522 T=0.571422215066289561858378025345 ub=5.42205001810109918711058629639 B=401 (no point below T -> idx=1)
SATOPENB u=-45/14 r=2 Rsub=151.439956892113059435615384304 T=0.140691620913112819479133236254 ub=17.8504449823522060736074270640 B=65080571 > cap
SATCERT u=45/11 r=2 Rsub=63.3595540782457340360909084476 T=0.0910026523826556431717410460276 ub=7.49301850145214584878015162928 B=1967 (no point below T -> idx=1)
SATCERT u=45/4 r=2 Rsub=83.6738737213553034172881265794 T=0.104578626144872884370144564589 ub=7.92724133619505874556533625581 B=3078 (no point below T -> idx=1)
SATCERT u=44/45 r=3 Rsub=379.519610060561909400370046493 T=0.420604411126276660032471989450 ub=8.67758665001763136178522207157 B=8940 (no point below T -> idx=1)
SATCERT u=-45/16 r=2 Rsub=202.454541915029108493383015800 T=0.162671606874623702693159477144 ub=13.1707283627010321216769921443 B=617479 (no point below T -> idx=1)
SATCERT u=45/19 r=2 Rsub=66.0519374625730374147330180026 T=0.0929160577081868715657395121699 ub=9.27107248237567089880449692171 B=11661 (no point below T -> idx=1)
SATCERT u=45/2 r=2 Rsub=79.1736964561951868923971611461 T=0.101727519615196145682792873819 ub=6.69678855058169752001568502327 B=897 (no point below T -> idx=1)
SATCERT u=45/16 r=2 Rsub=342.736349238116076425356191796 T=0.211654778399882711846451987528 ub=7.58096509947722496888184491513 B=2423 (no point below T -> idx=1)
SATCERT u=-45/17 r=2 Rsub=551.094154271865374187127205553 T=0.268386642063015205735869275493 ub=12.6104639133846329355391878089 B=391935 (no point below T -> idx=1)
SATCERT u=45/26 r=2 Rsub=79.6128174512894212614879388663 T=0.102009235156857824669795510871 ub=10.2237803841803938900923953337 B=30510 (no point below T -> idx=1)
SATCERT u=-45/11 r=3 Rsub=839.727757261489116311351753025 T=0.548077431255133544882243347896 ub=11.1929524124444103774980791677 B=125622 (no point below T -> idx=1)
SATCERT u=-45/2 r=2 Rsub=128.400305480211148629078867951 T=0.129548092591074867992043982460 ub=12.5626991568761758180368772288 B=325217 (no point below T -> idx=1)
SATCERT u=45/28 r=2 Rsub=480.357623867204698040274944679 T=0.250570730128777921750434481525 ub=12.2953410631945962098517569395 B=280945 (no point below T -> idx=1)
SATOPENB u=-46/17 r=3 Rsub=8589.79626495225618809384510082 T=1.18975271295696598936601381982 ub=20.0458595291653693582036430792 B=1669203231 > cap
SATCERT u=46/17 r=2 Rsub=167.841452320093203267663045385 T=0.148114510941639315418931685646 ub=13.1999375751626301197622487495 B=626593 (no point below T -> idx=1)
SATOPENB u=-46/9 r=2 Rsub=217.008148936913504191813773856 T=0.168417034408425170060953675561 ub=18.0389806024342233209140200293 B=80792738 > cap
SATCERT u=46/27 r=2 Rsub=654.951775243350735562189903601 T=0.292585403560078801812398913873 ub=13.5987647660862230441315661425 B=1078790 (no point below T -> idx=1)
SATOPENB u=46/9 r=3 Rsub=2093.52351864928708650468903921 T=0.743170332258779508088201657771 ub=13.9972959642762017330900198753 B=2521757 > cap
SATOPENB u=-46/5 r=3 Rsub=1552.97753357497410535245637887 T=0.672745508641515024331291569516 ub=19.6749895192011468994302243505 B=686924557 > cap
SATCERT u=46/19 r=2 Rsub=63.9823268482266571744336748560 T=0.0914487996940940062454252317431 ub=8.76754616109129177630835964788 B=7038 (no point below T -> idx=1)
SATCERT u=46/3 r=2 Rsub=128.411534704564060848366454222 T=0.129553757269155194048616825418 ub=12.1323310041966077254865949211 B=211480 (no point below T -> idx=1)
SATCERT u=46/21 r=2 Rsub=122.845573012193459878641936450 T=0.126714918832778701061500848485 ub=11.5577421200638170631069476857 B=118713 (no point below T -> idx=1)
SATOPENB u=46/11 r=3 Rsub=2388.55996515700660864020928569 T=0.776559014780872346437033623294 ub=17.1676545648362863330677466189 B=62097332 > cap
SATCERT u=-47/3 r=2 Rsub=41.9691402744443734258972647067 T=0.0740650006485678900987546104148 ub=8.81358549807622845378622014360 B=7242 (no point below T -> idx=1)
SATCERT u=47/19 r=3 Rsub=1385.47546909438694549664384489 T=0.647632591744782831357064366862 ub=10.3043609863412459414946956954 B=57068 (no point below T -> idx=1)
SATOPENB u=47/30 r=2 Rsub=137.592154415728105674307477381 T=0.134104956608931392819732726843 ub=15.3548766222234328027360662275 B=5330639 > cap
SATCERT u=-47/9 r=2 Rsub=47.9991430276007139173552527200 T=0.0792072137159865271893346923422 ub=7.00422753868236582552441568476 B=1193 (no point below T -> idx=1)
SATCERT u=47/9 r=2 Rsub=107.506793485603990376013701920 T=0.118540280039230147609236861670 ub=10.3660105989632731220171714557 B=35759 (no point below T -> idx=1)
SATCERT u=47/18 r=3 Rsub=3208.87714381267446283985504364 T=0.856867056339649691371620728902 ub=10.0821514192860882520883348646 B=56333 (no point below T -> idx=1)
SATCERT u=47/20 r=4 Rsub=7912.40093883427536344112044506 T=1.32718474878663385627462976381 ub=11.1551634669767986962540675642 B=263643 (no point below T -> idx=1)
SATOPENB u=-47/7 r=3 Rsub=4276.48626240129984852566248535 T=0.942956032264739887749091094170 ub=13.6964510216434119948287556930 B=2279365 > cap
SATCERT u=47/4 r=2 Rsub=92.3431446909856808000793755133 T=0.109862714287960282755007203742 ub=10.4316043009068666637800477326 B=37854 (no point below T -> idx=1)
SATCERT u=-47/5 r=2 Rsub=56.7404385067148536562868691847 T=0.0861180799520819946550650581949 ub=14.2638926020724895053954234865 B=1706595 (no point below T -> idx=1)
SATOPENB u=-47/15 r=3 Rsub=4174.84499778926444231567255047 T=0.935425492574776678533234622767 ub=19.1755152537443366105444023749 B=542088997 > cap
SATCERT u=47/17 r=2 Rsub=113.637331560604132601571852691 T=0.121873282384617091185551783717 ub=10.5033702389018461094802037042 B=41161 (no point below T -> idx=1)
SATOPENB u=-47/8 r=2 Rsub=239.185956189123283609548895328 T=0.176813667618697551820453204089 ub=16.9909944642161156464176010348 B=28568297 > cap
SATCERT u=47/16 r=2 Rsub=110.238895745104828261010550084 T=0.120037079821143979608290922726 ub=8.72585517360627646303929786833 B=6946 (no point below T -> idx=1)
SATCERT u=47/25 r=2 Rsub=130.843463249269273737857738487 T=0.130774783560123348275585902775 ub=9.54960142927536838666500528882 B=16001 (no point below T -> idx=1)
SATCERT u=47 r=2 Rsub=357.356335978388535730592204353 T=0.216121880548961412275257206510 ub=9.19498722457965644932460974943 B=12224 (no point below T -> idx=1)
SATCERT u=47/6 r=2 Rsub=132.960993570294946601419280381 T=0.131828745839531850197168508554 ub=13.4392676092919337093520204694 B=783164 (no point below T -> idx=1)
SATOPENB u=-47/16 r=2 Rsub=326.091608509922096341940567203 T=0.206451387520008333779680127578 ub=16.1857570127627969408196425916 B=13153632 > cap
SATOPENB u=47/26 r=3 Rsub=7815.14681745891632475476885064 T=1.15285528925646191462383865353 ub=14.5732352161560454224676911980 B=6757007 > cap
SATCERT u=47/21 r=2 Rsub=244.201848081013983492066912479 T=0.178657999888683806761310440321 ub=10.8639664524175732829737353316 B=62482 (no point below T -> idx=1)
SATOPENB u=-47/13 r=2 Rsub=110.523002945363553335942802708 T=0.120191659808229829293221229102 ub=16.9357487801280090152011300017 B=25544701 > cap
SATCERT u=47/23 r=2 Rsub=96.9600276953290133735881914047 T=0.112575623234704867634803011382 ub=8.61202780757402835239746898708 B=6153 (no point below T -> idx=1)
SATCERT u=47/13 r=2 Rsub=285.173314494167014382907274206 T=0.193064505142679998432736310959 ub=11.5302584594573103745648716691 B=123417 (no point below T -> idx=1)
SATOPENB u=47/12 r=3 Rsub=2636.51121751670328106022018358 T=0.802550353766174827946785666737 ub=15.6746379174062265764473338531 B=14320295 > cap
SATCERT u=48/23 r=2 Rsub=151.409925796897081141816481997 T=0.140677670390953539740032537265 ub=9.76885632378936152929432381012 B=20122 (no point below T -> idx=1)
SATCERT u=48 r=2 Rsub=326.139079711657550000375517694 T=0.206466414185147559436253778270 ub=9.84030886829807609511182674938 B=23082 (no point below T -> idx=1)
SATCERT u=48/19 r=2 Rsub=217.125421035530692912906622212 T=0.168462534892062413713689972039 ub=11.8410808725496026886956921421 B=164316 (no point below T -> idx=1)
SATOPENB u=-48/7 r=3 Rsub=3702.46028237585845207493714086 T=0.898723060539555930801376987024 ub=17.4492154305351447859126309403 B=92984047 > cap
SATCERT u=48/17 r=2 Rsub=562.875568935045727577226640694 T=0.271240286224766223586452533758 ub=10.5397095487754887084259423752 B=49561 (no point below T -> idx=1)
SATCERT u=48/31 r=2 Rsub=172.726814486869764559376854001 T=0.150254634478993932371723185749 ub=14.3108709516885543704321952111 B=1907160 (no point below T -> idx=1)
SATOPENB u=48/11 r=3 Rsub=8325.93175539552565496095767447 T=1.17744337825477561801301063847 ub=14.4516374075013983857197691536 B=6132303 > cap
SATCERT u=48/5 r=2 Rsub=328.300644382890669615738474897 T=0.207149486991494190717229200385 ub=8.48568901152729969992971125143 B=5961 (no point below T -> idx=1)
SATCERT u=48/7 r=2 Rsub=73.2165947194967918448661749861 T=0.0978256534552161528657031509025 ub=10.2084776221774494211336214242 B=29921 (no point below T -> idx=1)
SATCERT u=48/29 r=2 Rsub=290.986522846389215246182665176 T=0.195022370948214409032507500460 ub=13.8565257237781727809748837283 B=1266222 (no point below T -> idx=1)
SATCERT u=48/25 r=2 Rsub=226.782416808755695889936287259 T=0.172168098970193236432777800830 ub=7.93018291888483839744015429353 B=3303 (no point below T -> idx=1)
SATCERT u=49/19 r=3 Rsub=3923.95012336117442948651071958 T=0.916298359168556412272236653963 ub=9.78737757190628717158057305189 B=44520 (no point below T -> idx=1)
SATCERT u=49/22 r=3 Rsub=3186.60729955252824468829336218 T=0.854880212737404732921589921755 ub=11.3576817389324808535233036543 B=201303 (no point below T -> idx=1)
SATOPENB u=-49/4 r=3 Rsub=6624.70319108154891873140238956 T=1.09106650750664383422413908359 ub=17.2147644194104157366029135492 B=89150003 > cap
SATCERT u=49/8 r=2 Rsub=1036.69800551525144120656156101 T=0.368107042264363690477924260287 ub=8.72505251366787841557359140235 B=8895 (no point below T -> idx=1)
SATCERT u=49/6 r=2 Rsub=128.665529937510677461436059163 T=0.129681821235715031619603414536 ub=13.0711506822039819463102162319 B=540815 (no point below T -> idx=1)
SATCERT u=49/25 r=2 Rsub=80.6049571241382236840907940490 T=0.102642889691335135109682681336 ub=7.05327169911931510060087163357 B=1282 (no point below T -> idx=1)
SATCERT u=49/17 r=3 Rsub=951.665034375795625359495424515 T=0.571422215066289561858378025344 ub=5.42205001810109918711058629639 B=401 (no point below T -> idx=1)
SATOPENB u=49/10 r=2 Rsub=204.245950475048979485657029899 T=0.163389717488811448008760690303 ub=15.8467366392858205871963300502 B=8976552 > cap
SATCERT u=49/33 r=2 Rsub=96.9373659854566399782156542828 T=0.112562466755401183554580805689 ub=7.92230954614292461047654851655 B=3087 (no point below T -> idx=1)
SATOPENB u=-49/10 r=2 Rsub=248.909498263624861723678027080 T=0.180371837346333083974843071868 ub=19.5800071530038208199082272729 B=381789127 > cap
SATCERT u=49 r=2 Rsub=251.472842147380594173965384228 T=0.181298219770707226483342185051 ub=6.56070612505563046304414146984 B=848 (no point below T -> idx=1)
SATCERT u=-27/49 r=2 Rsub=36.8558634534329928799063158966 T=0.0694066830027976284536926715537 ub=13.5138002888301083132495972382 B=792706 (no point below T -> idx=1)
SATOPENB u=-49/6 r=2 Rsub=629.970620148821833832932568738 T=0.286951264195232995133010536639 ub=18.5325410710413711811370720977 B=149005286 > cap
SATCERT u=49/9 r=2 Rsub=73.5680103814855620921601224428 T=0.0980601379696477478820515821378 ub=4.94913257272864526094333243467 B=156 (no point below T -> idx=1)
SATOPENB u=-49/2 r=2 Rsub=190.440154364249259522384598154 T=0.157771028591740181203676999663 ub=16.0586029682701981780087612640 B=11032699 > cap
SATCERT u=49/27 r=3 Rsub=5699.05401930890785248674784137 T=1.03767974723893935429093035207 ub=8.09523306743418845439806238301 B=9255 (no point below T -> idx=1)
SATCERT u=-49/3 r=2 Rsub=36.8558634534329928799063158966 T=0.0694066830027976284536926715537 ub=13.5138002888301083132495972382 B=792706 (no point below T -> idx=1)
SATOPENB u=-49/16 r=3 Rsub=1627.76545321113337860178384734 T=0.683375951680657799730262051050 ub=19.1987251999992090899152981937 B=431208010 > cap
SATCERT u=49/2 r=2 Rsub=234.659302304935510076911812908 T=0.175132554371867195274003565596 ub=11.4159225866573276244379466289 B=108127 (no point below T -> idx=1)
SATCERT u=-49/8 r=2 Rsub=155.330581120034260473282979613 T=0.142487405302621203808730898296 ub=11.0502423388864478532020765745 B=72601 (no point below T -> idx=1)
SATCERT u=-49/15 r=3 Rsub=3781.77778579365251560765486455 T=0.905095526125077257317138149290 ub=13.4412857153678749414571282391 B=1700413 (no point below T -> idx=1)
SATCERT u=49/13 r=2 Rsub=122.201003475832323733083596011 T=0.126382045634612637962461414157 ub=9.28288506779391766628237176363 B=12201 (no point below T -> idx=1)
SATCERT u=49/3 r=2 Rsub=96.9600276953290133735881914047 T=0.112575623234704867634803011382 ub=8.61202780757402835239746898708 B=6153 (no point below T -> idx=1)
SATCERT u=50/9 r=2 Rsub=553.484517905632624461688539033 T=0.268968074018903051244716695589 ub=14.2270902543607446988723181015 B=1974960 (no point below T -> idx=1)
SATCERT u=50/17 r=4 Rsub=56834.8050214161258705547497373 T=2.17274072433437788707207591871 ub=11.6816116017766027927167098157 B=1039606 (no point below T -> idx=1)
SATOPENB u=50/31 r=2 Rsub=716.373221646586599511166536226 T=0.305997350550851958808119239725 ub=16.2905100084770305558812660382 B=16135097 > cap
SATOPENB u=50/21 r=2 Rsub=686.697436644135118604635026319 T=0.299592341753502328060003934980 ub=14.9030563384934236460163377503 B=4003377 > cap
SATCERT u=50/33 r=2 Rsub=182.290588687281563315049640964 T=0.154358346684677885038362212183 ub=12.5562709501749442180106223741 B=331251 (no point below T -> idx=1)
SATCERT u=50/23 r=2 Rsub=426.453530466058661748386248207 T=0.236093402751682520034666964468 ub=13.2266060693033060287256661141 B=702710 (no point below T -> idx=1)
SATCERT u=50/19 r=2 Rsub=126.540038542406460503269119457 T=0.128606220624520107128213322377 ub=9.04149459989350391354599104224 B=9606 (no point below T -> idx=1)
SATOPENB u=50/29 r=2 Rsub=326.681092154514018712979045552 T=0.206637906833832838539024029186 ub=16.3664090940214860928841173263 B=15760968 > cap
SATCERT u=-51/8 r=2 Rsub=700.569767721049220063065259280 T=0.302603321336887897687795503715 ub=9.98060992405115638891166817119 B=29238 (no point below T -> idx=1)
SATCERT u=51/10 r=2 Rsub=226.236839488946213524257188963 T=0.171960879264760544893411564172 ub=12.7040115258700491461310916154 B=390809 (no point below T -> idx=1)
SATCERT u=51/31 r=3 Rsub=1385.47546909438694549664384489 T=0.647632591744782831357064366862 ub=10.3043609863412459414946956954 B=57068 (no point below T -> idx=1)
SATCERT u=51/13 r=3 Rsub=1581.65454557720561613227496045 T=0.676861212064210754678862030378 ub=11.0595275219922583888965541635 B=125040 (no point below T -> idx=1)
SATCERT u=51/14 r=2 Rsub=41.9691402744443734258972647068 T=0.0740650006485678900987546104148 ub=8.81358549807622845378622014360 B=7242 (no point below T -> idx=1)
SATCERT u=51/22 r=2 Rsub=84.3113873660057686375745015426 T=0.104976263955183085759172006556 ub=7.74519936291710800203518607817 B=2567 (no point below T -> idx=1)
SATCERT u=51/26 r=2 Rsub=338.573892702144040467195892262 T=0.210365602209814560891529618840 ub=6.69987363195345763734510051852 B=1003 (no point below T -> idx=1)
SATCERT u=51/32 r=2 Rsub=157.366007593499544954451637664 T=0.143417932655972101944089936643 ub=10.3925251504799700717107455507 B=37645 (no point below T -> idx=1)
SATCERT u=51/4 r=2 Rsub=101.239166527324420339354056935 T=0.115032954693853135885632622420 ub=8.74169193631777417979277068691 B=7022 (no point below T -> idx=1)
SATCERT u=51/7 r=2 Rsub=47.6175949716800566729947414093 T=0.0788917741660449840837802131973 ub=7.87838170411243479776378818773 B=2857 (no point below T -> idx=1)
SATCERT u=51/29 r=2 Rsub=81.1186246552531945932897228204 T=0.102969424123777350053379054274 ub=11.4109662331336660714367683010 B=100102 (no point below T -> idx=1)
SATCERT u=-51/7 r=2 Rsub=105.370624063020061520427463623 T=0.117356668035250785773807393027 ub=12.3418704803011232033440410271 B=257617 (no point below T -> idx=1)
SATCERT u=51/5 r=2 Rsub=251.472842147380594173965384228 T=0.181298219770707226483342185051 ub=6.56070612505563046304414146984 B=848 (no point below T -> idx=1)
SATCERT u=-51/37 r=3 Rsub=366.057703283602605437448308088 T=0.415571350405697495047105922429 ub=9.69054115795614776625964011536 B=24493 (no point below T -> idx=1)
SATCERT u=51/20 r=2 Rsub=63.3201950552271813974975539497 T=0.0909743825189742469369767770930 ub=10.8950523014722168644882067852 B=59044 (no point below T -> idx=1)
SATCERT u=-51/5 r=2 Rsub=47.6175949716800566729947414092 T=0.0788917741660449840837802131972 ub=7.87838170411243479776378818773 B=2857 (no point below T -> idx=1)
SATCERT u=-51/2 r=2 Rsub=625.247046847613658233880858360 T=0.285873447508522474432957504992 ub=13.3390512090972167944996749685 B=826475 (no point below T -> idx=1)
SATCERT u=51/28 r=2 Rsub=237.515178844366838559205992499 T=0.176195040223539809581147032745 ub=12.4011538456093455786541599517 B=289917 (no point below T -> idx=1)
SATCERT u=52/19 r=2 Rsub=168.348098974920874646639880065 T=0.148337891922587889969377890793 ub=13.8213227263698485845120583184 B=1166666 (no point below T -> idx=1)
SATCERT u=52/3 r=2 Rsub=106.218131695406829021975955596 T=0.117827679190922063883742947185 ub=5.57697411238594282110947181815 B=298 (no point below T -> idx=1)
SATSKIP u=52/29 not-complete-here (bounds=[2,2] gens=1 okS=true)
SATOPENB u=-52/3 r=3 Rsub=6042.02495662698056091680844560 T=1.05809156999419011783291768075 ub=18.9060167552324698823423213514 B=468060597 > cap
SATOPENB u=-52/5 r=3 Rsub=2312.24877233919005785779948410 T=0.768199349740716260474191636850 ub=19.7588642020743833586023502238 B=821845971 > cap
SATCERT u=52/33 r=2 Rsub=487.573767938074237419656574214 T=0.252445806330557741552057598543 ub=12.8923468349683777859781216269 B=511342 (no point below T -> idx=1)
SATCERT u=52/5 r=2 Rsub=143.151744989392941510556498356 T=0.136787470224826700176508543317 ub=11.7335750507303540143764252233 B=142967 (no point below T -> idx=1)
SATCERT u=52 r=2 Rsub=69.2159030387852523181944880063 T=0.0951154220268221792506835940302 ub=8.68484052860918632420781774526 B=6503 (no point below T -> idx=1)
SATOPENB u=52/15 r=3 Rsub=6438.80131335952033186677276307 T=1.08076371966381018987461337652 ub=17.7026196746468097633773306304 B=143720845 > cap
SATCERT u=52/27 r=2 Rsub=339.755846250065895826338296792 T=0.210732473005260017533778415132 ub=10.4353432547254842976698512894 B=42028 (no point below T -> idx=1)
SATCERT u=52/7 r=2 Rsub=111.042810786722139499412253424 T=0.120473968822737212596220632827 ub=13.0326770083752869741347906075 B=515634 (no point below T -> idx=1)
SATCERT u=53/20 r=2 Rsub=282.664825928042565008764754581 T=0.192213496634534002520911768403 ub=12.6132044174387558944521257672 B=364186 (no point below T -> idx=1)
SATCERT u=53/19 r=2 Rsub=135.322330249808262935831639446 T=0.132994208265084840242754438043 ub=10.5723507305765212525782355957 B=44594 (no point below T -> idx=1)
SATCERT u=53/29 r=2 Rsub=116.614568188561561950161463720 T=0.123459467301912973524782031980 ub=10.5812325281966072411229233966 B=44565 (no point below T -> idx=1)
SATOPENB u=-53/10 r=3 Rsub=2818.71695663506888299186802599 T=0.820627825453230923148082268643 ub=16.8415234759574194262888565701 B=46835467 > cap
SATCERT u=53/25 r=3 Rsub=1223.96006179811387953965899844 T=0.621419434845141927225193441768 ub=8.47558508916412166105779806279 B=8929 (no point below T -> idx=1)
SATCERT u=-53/5 r=3 Rsub=5763.44241450765076413482249935 T=1.04157305278234126509886088686 ub=10.9297600479099221128345452483 B=158156 (no point below T -> idx=1)
SATOPENB u=-53/7 r=2 Rsub=166.643641762477692665614404428 T=0.147585050588257552740989022468 ub=15.4482896468355918768787226277 B=5932017 > cap
SATCERT u=53/28 r=2 Rsub=149.555806788092873222606324553 T=0.139813669603622666608574511064 ub=11.3903635576918291902317722026 B=101741 (no point below T -> idx=1)
SATOPENB u=53/11 r=3 Rsub=4992.01092668593822193417668446 T=0.992859033986861320394001218353 ub=14.0994872885599363666935326678 B=3585278 > cap
SATCERT u=53/4 r=2 Rsub=157.835128229088510415586857316 T=0.143631543731688801340733672352 ub=7.26392679032178102979927445967 B=1649 (no point below T -> idx=1)
SATCERT u=-53 r=2 Rsub=57.2452592557654306080507698740 T=0.0865003287051186674635338957925 ub=8.23128740323747421895710535035 B=4097 (no point below T -> idx=1)
SATOPENB u=53/14 r=4 Rsub=33229.0801871670405957003020556 T=1.89991377212857935462667836876 ub=16.2639025043639133904642728218 B=77347304 > cap
SATCERT u=53/21 r=3 Rsub=895.458213101440944962163429393 T=0.559943478290330637986461710928 ub=7.78584129384509227102385518713 B=4213 (no point below T -> idx=1)
SATCERT u=53/26 r=2 Rsub=125.961191520698371733770490329 T=0.128311734161418588840153942533 ub=9.50729986730679764866939903351 B=15301 (no point below T -> idx=1)
SATCERT u=-53/15 r=2 Rsub=82.7602516089653106913975342571 T=0.104006120140558050591003487889 ub=12.7353137374383494034304742829 B=376744 (no point below T -> idx=1)
SATOPENB u=53/30 r=3 Rsub=4826.05044823926272365480184651 T=0.981732198745409774095028570776 ub=15.1330272828473965718783333966 B=9966694 > cap
SATCERT u=53/8 r=2 Rsub=109.998285942959694224478440203 T=0.119906010497898576939045709437 ub=10.1539885405039056068879278020 B=28967 (no point below T -> idx=1)
SATCERT u=53/6 r=2 Rsub=287.388686615382367997959827444 T=0.193812966244367657593328571748 ub=10.9311039714970395354309067803 B=67841 (no point below T -> idx=1)
SATCERT u=53/5 r=2 Rsub=48.0400655094655414070692669522 T=0.0792409712477737100592863054107 ub=6.64430396045994865509522737915 B=832 (no point below T -> idx=1)
SATOPENB u=-53/13 r=3 Rsub=6159.79163315961215243034766636 T=1.06492189560897402249397908235 ub=18.9771303322381315818343971291 B=506002531 > cap
SATCERT u=53/3 r=2 Rsub=80.6049571241382236840907940486 T=0.102642889691335135109682681336 ub=7.05327169911931510060087163357 B=1282 (no point below T -> idx=1)
SATCERT u=53/23 r=2 Rsub=273.668681240681377385559153244 T=0.189130052985290829897062748506 ub=11.1791646190763417350602491005 B=86535 (no point below T -> idx=1)
SATCERT u=-54/7 r=3 Rsub=933.508266830574325871093016359 T=0.567764810812353707943588444269 ub=13.7514763773426036870011810474 B=1654884 (no point below T -> idx=1)
SATOPENB u=54/13 r=3 Rsub=3293.39624794563715228002751970 T=0.864325006596638381399153353467 ub=15.3676423211368153121966002984 B=11206084 > cap
SATOPENB u=-54 r=3 Rsub=1616.62107800827853325293268439 T=0.681812818053239432013142743334 ub=14.1194029652215023003084856684 B=2679702 > cap
SATCERT u=54/25 r=2 Rsub=232.237152069009197792937532524 T=0.174226351890776094341097598801 ub=10.3480720270676356127830928217 B=37135 (no point below T -> idx=1)
SATCERT u=54/23 r=2 Rsub=1026.89731605602078906560161660 T=0.366362913348005684311615697297 ub=13.1025597457640202120716517215 B=707097 (no point below T -> idx=1)
SATCERT u=54 r=2 Rsub=113.637331560604132601571852691 T=0.121873282384617091185551783717 ub=10.5033702389018461094802037042 B=41161 (no point below T -> idx=1)
SATCERT u=54/5 r=2 Rsub=29.4022392464354878437539405256 T=0.0619923640211683183309593681523 ub=6.26481433875504493113968738883 B=560 (no point below T -> idx=1)
SATCERT u=54/31 r=2 Rsub=165.019447533978476431257217327 T=0.146864069802826747155067697690 ub=11.2248578467352404932748452120 B=86832 (no point below T -> idx=1)
SATOPENB u=-55/12 r=3 Rsub=2893.38089702949039309903160874 T=0.827810541768064209598693649662 ub=20.6682129818497298626193086770 B=2165730433 > cap
SATCERT u=55/24 r=3 Rsub=1458.99497100891975912295844077 T=0.658891160192336353768981740150 ub=12.7458848018252878331590130103 B=663163 (no point below T -> idx=1)
SATCERT u=55 r=2 Rsub=79.4157430998725380178023551286 T=0.101882899593287970832329289595 ub=7.79087064225009424734568088741 B=2678 (no point below T -> idx=1)
SATCERT u=55/4 r=2 Rsub=219.003637436601720532915337455 T=0.169189598019439445564084301286 ub=11.6292795077756267842168451771 B=133049 (no point below T -> idx=1)
SATOPENB u=55/14 r=3 Rsub=2008.33085890369907634288252104 T=0.732949697346575902758424697929 ub=16.5882025038471929658849800234 B=33302806 > cap
SATOPENB u=55/26 r=3 Rsub=3145.48403291477577236067987658 T=0.851186860663632991269448118587 ub=14.2791397183972557030291100292 B=3724066 > cap
SATCERT u=-55/9 r=2 Rsub=126.915704511183576625556587610 T=0.128796979126069768716649724529 ub=9.24588930940080880618855846148 B=11787 (no point below T -> idx=1)
SATOPENB u=-55/8 r=2 Rsub=180.644224169403166694195037414 T=0.153659718990347473341289686199 ub=14.4715485290157946261016343669 B=2247229 > cap
SATOPENB u=-55/7 r=3 Rsub=2248.48324130343751790306670914 T=0.761071807071627517401332155433 ub=17.0521735919037502455514450520 B=54474617 > cap
SATCERT u=55/18 r=3 Rsub=3054.76029039417667528606092136 T=0.842923434816431120109275239649 ub=10.6373164896847405778581124424 B=96785 (no point below T -> idx=1)
SATOPENB u=-55/13 r=2 Rsub=483.512239997211734533099056246 T=0.251392160765912419082000928672 ub=17.2847332732013481827048186312 B=41289775 > cap
SATCERT u=55/28 r=2 Rsub=150.835176648208813274692461432 T=0.140410411665153543399926212873 ub=12.4121837044721562367050514098 B=282828 (no point below T -> idx=1)
SATOPENB u=-55/4 r=3 Rsub=8002.25281759294570292693104683 T=1.16198317235038706890032092825 ub=17.5737941344447439052463869059 B=137039164 > cap
SATCERT u=55/8 r=2 Rsub=154.144622248172732204379445300 T=0.141942412842770333466052713893 ub=13.4285464286215553394823036654 B=782688 (no point below T -> idx=1)
SATCERT u=55/29 r=3 Rsub=4909.10802498411114433855098505 T=0.987332150066954595792828578642 ub=10.9375615625934021007693634059 B=150979 (no point below T -> idx=1)
SATCERT u=55/23 r=2 Rsub=99.1131086409046893925957367565 T=0.113818679688422451369516235292 ub=8.39642219057273749550878573688 B=4966 (no point below T -> idx=1)
SATOPENB u=-55/6 r=4 Rsub=99147.8824843541680884839045507 T=2.49703811654546331844145923620 ub=18.5138691992478558540785047839 B=1333279210 > cap
SATOPENB u=-55/2 r=3 Rsub=4410.02141671269329362119567369 T=0.952670350059507898474706437959 ub=16.5312333162078894436526894649 B=39188883 > cap
SATCERT u=56/9 r=2 Rsub=250.089812847267544209043692959 T=0.180798988024856888129772388233 ub=10.1398549017990398918629457908 B=30354 (no point below T -> idx=1)
SATCERT u=56/19 r=2 Rsub=219.749713844552849199355494577 T=0.169477540828715318167365137848 ub=12.0174505526773624483885243124 B=196208 (no point below T -> idx=1)
SATOPENB u=-56/3 r=3 Rsub=2841.47024335761202750494965083 T=0.822830005048855452616037655996 ub=18.8755108318220796859931002945 B=358823377 > cap
SATCERT u=56/25 r=2 Rsub=158.901669871977349583314266580 T=0.144116008465246330782208184258 ub=7.09556384235464131704144137484 B=1394 (no point below T -> idx=1)
SATCERT u=56/27 r=2 Rsub=183.065156005709350985833691209 T=0.154685939553431308601950502238 ub=10.6888315157004684719801908422 B=51202 (no point below T -> idx=1)
SATCERT u=56/29 r=2 Rsub=266.729600628013438503722225975 T=0.186716888632863038429302148522 ub=14.2147200824694362720653996772 B=1796655 (no point below T -> idx=1)
SATOPENB u=56/23 r=2 Rsub=214.452534827468515976807332213 T=0.167422408964737054895567063390 ub=14.9313926796963616973550494556 B=3608545 > cap
SATOPENB u=56/15 r=3 Rsub=7118.02511058932887148351642015 T=1.11750357532914361816707101084 ub=18.1016281791721362390065782822 B=222209626 > cap
SATCERT u=56/5 r=2 Rsub=148.965014827527804177868937585 T=0.139537242596265985456605337549 ub=12.3698925926853752004156302069 B=270880 (no point below T -> idx=1)
SATCERT u=57/22 r=3 Rsub=3529.15968509023054278726909593 T=0.884476270676304695076274284296 ub=10.9260177521302778988084035078 B=134659 (no point below T -> idx=1)
SATCERT u=57 r=2 Rsub=10.3716578039501906267443409608 T=0.0368190080819003645062431072370 ub=2.66132630438388126753546291315 B=15 (no point below T -> idx=1)
SATCERT u=-57/13 r=2 Rsub=247.914903752105146184232172926 T=0.180011111041248674562929848669 ub=12.2423270428711036844817976605 B=248287 (no point below T -> idx=1)
SATOPENB u=-57/14 r=3 Rsub=4518.94565283807731130381867682 T=0.960450061755318992564043688242 ub=18.3600136540710736897315451355 B=245906937 > cap
SATCERT u=57/2 r=2 Rsub=107.848773032839750458193178243 T=0.118728668898165435660251587418 ub=9.77608167002668883290386505124 B=19828 (no point below T -> idx=1)
SATCERT u=57/11 r=2 Rsub=45.5295487571752012046802574560 T=0.0771426702311491026929074975556 ub=9.56498040796025738093129876750 B=15401 (no point below T -> idx=1)
SATCERT u=57/14 r=2 Rsub=202.562981403371626722849184659 T=0.162715166441571671808586546730 ub=13.5282229411653245648530846373 B=882875 (no point below T -> idx=1)
SATCERT u=57/4 r=2 Rsub=315.295954508836332882138094309 T=0.203005214579657699710914597078 ub=9.34141397173391591148721052051 B=13967 (no point below T -> idx=1)
SATCERT u=-57/11 r=2 Rsub=133.907683880681321884491232656 T=0.132297227732840379015496526341 ub=14.2188684981093767778255539736 B=1708568 (no point below T -> idx=1)
SATCERT u=57/34 r=2 Rsub=247.760765212949123679502938231 T=0.179955142312851473456443418943 ub=13.7408395587954992349093435595 B=1111027 (no point below T -> idx=1)
SATCERT u=57/13 r=2 Rsub=91.2333502314147332760436601344 T=0.109200545057256226618089809813 ub=10.1669208597948359929769134936 B=29032 (no point below T -> idx=1)
SATCERT u=-57/10 r=2 Rsub=167.045513290909461088029858341 T=0.147762898703849129778531341143 ub=11.8341255349840649783469598336 B=159834 (no point below T -> idx=1)
SATCERT u=57/31 r=2 Rsub=203.602022213328115439358636991 T=0.163131953962422989511190717135 ub=11.4256284712832878239873767419 B=107879 (no point below T -> idx=1)
SATCERT u=57/28 r=2 Rsub=360.745866345721194626507351203 T=0.217144421255712541407018730790 ub=10.2047538816269388251824576676 B=33588 (no point below T -> idx=1)
SATCERT u=57/23 r=2 Rsub=125.400393893835607427253938118 T=0.128025784240622826875499980501 ub=6.68583307274270464540877758730 B=911 (no point below T -> idx=1)
SATCERT u=57/8 r=2 Rsub=73.5680103814855620921601224428 T=0.0980601379696477478820515821378 ub=4.94913257272864526094333243467 B=156 (no point below T -> idx=1)
SATCERT u=-57/2 r=2 Rsub=87.8560839194843830315815395326 T=0.107160298607667476440204845502 ub=9.36347135521946328174949553663 B=12974 (no point below T -> idx=1)
SATCERT u=-57/5 r=2 Rsub=129.344803379854924503777758665 T=0.130023690028438910478780591085 ub=11.9058118675204237416876576724 B=168693 (no point below T -> idx=1)
SATCERT u=-57/8 r=2 Rsub=59.4208691232417359303117698246 T=0.0881287264962184436981491445228 ub=12.2590581700631611336842949795 B=230312 (no point below T -> idx=1)
SATCERT u=57/20 r=2 Rsub=222.585183445974178325556756025 T=0.170567435730897259270642881658 ub=9.65108772924496050060599112317 B=18429 (no point below T -> idx=1)
SATCERT u=58/3 r=2 Rsub=29.1261564180088983225160607051 T=0.0617006278422752701759553537769 ub=9.25709438640999756222849654055 B=11146 (no point below T -> idx=1)
SATOPENB u=-58/13 r=3 Rsub=7330.12913422702823292703403008 T=1.12849496201002055917020505515 ub=18.3140080658037016281873965028 B=277825292 > cap
SATOPENB u=58/13 r=2 Rsub=169.659333127511490895338529155 T=0.148914460461887203780508618573 ub=15.4448300262615621069901125315 B=5919394 > cap
SATOPENB u=58/17 r=3 Rsub=4496.76145741725991691847187932 T=0.958875817448697653611391559914 ub=17.9117710690399702403646554585 B=156825909 > cap
SATCERT u=58 r=2 Rsub=63.9823268482266571744336748560 T=0.0914487996940940062454252317431 ub=8.76754616109129177630835964788 B=7038 (no point below T -> idx=1)
SATCERT u=58/5 r=2 Rsub=109.901780797493511705758250732 T=0.119853400195721489090087279325 ub=12.6230409113741576497097163855 B=342113 (no point below T -> idx=1)
SATCERT u=58/31 r=2 Rsub=85.5785197936982101733933914288 T=0.105762176520628481236423858612 ub=14.2032719641846931395749277654 B=1638078 (no point below T -> idx=1)
SATCERT u=58/9 r=3 Rsub=1927.38709978007760474948051317 T=0.722967429023110945202541847918 ub=9.27619132022231297984980811994 B=22008 (no point below T -> idx=1)
SATOPENB u=-58/5 r=3 Rsub=1757.53873330750117492694412824 T=0.701074306439604461463345833749 ub=17.1570570905656377259124505914 B=56975471 > cap
SATCERT u=59/15 r=2 Rsub=108.133125757010046718597948568 T=0.118885085125437390802963869409 ub=13.2671440331994348930272782932 B=650847 (no point below T -> idx=1)
SATOPENB u=-59/6 r=2 Rsub=140.098047841907250043459350255 T=0.135320637908164117143826701909 ub=18.9923879635354994514079218085 B=202795493 > cap
SATCERT u=59/17 r=2 Rsub=513.601221920844594516315471802 T=0.259096185182149735984087964919 ub=12.5626991568761758180368772288 B=370199 (no point below T -> idx=1)
SATCERT u=59/14 r=2 Rsub=100.858311688139195123942777195 T=0.114816377750292939706678859182 ub=14.0630757627312306712008281358 B=1436748 (no point below T -> idx=1)
SATOPENB u=59/30 r=3 Rsub=14647.5347124702034867926516679 T=1.42140310998769959551404730981 ub=15.5064325589612223092319765089 B=22473237 > cap
SATCERT u=59 r=2 Rsub=77.5369732416883943597821364114 T=0.100670544220109236643268620112 ub=5.68365572204031802545120044055 B=326 (no point below T -> idx=1)
SATCERT u=59/32 r=2 Rsub=218.688235095282893094146651478 T=0.169067723281008615632894586396 ub=10.7884933947778992585861558283 B=57387 (no point below T -> idx=1)
SATCERT u=59/28 r=4 Rsub=123786.657026614506230634428735 T=2.63950670517989062167242866970 ub=11.3597489116570138220928507176 B=1201710 (no point below T -> idx=1)
SATCERT u=-59/9 r=2 Rsub=165.501184476952130929455503832 T=0.147078281793482205842748936660 ub=13.4717632600689830718805761416 B=821463 (no point below T -> idx=1)
SATCERT u=59/31 r=3 Rsub=8875.54388409227190669212311751 T=1.20280181448981730109802669553 ub=12.5910318606979607893876962254 B=978557 (no point below T -> idx=1)
SATCERT u=-59 r=2 Rsub=129.344803379854924503777758665 T=0.130023690028438910478780591085 ub=11.9058118675204237416876576724 B=168693 (no point below T -> idx=1)
SATCERT u=59/12 r=3 Rsub=3469.77974700968543627288369565 T=0.879487595834404050845795802506 ub=11.5701124572882487959170383187 B=255149 (no point below T -> idx=1)
SATCERT u=59/10 r=2 Rsub=120.024242443528681643078070627 T=0.125251368961487279920280784006 ub=10.8066108088105121353065456469 B=55931 (no point below T -> idx=1)
SATOPENB u=-59/7 r=3 Rsub=2636.51121751670328106022018358 T=0.802550353766174827946785666737 ub=15.6746379174062265764473338531 B=14320295 > cap
SATCERT u=59/34 r=3 Rsub=4768.61811011392335584701322483 T=0.977822284616295095374823515544 ub=12.1278161666617990885904993946 B=491708 (no point below T -> idx=1)
SATCERT u=59/4 r=2 Rsub=481.116068142795536520783533571 T=0.250768467158206425869527521400 ub=11.7101364722294782643277624263 B=156515 (no point below T -> idx=1)
SATOPENB u=-59/2 r=2 Rsub=106.736350937883240434962339842 T=0.118114759536374982172823286568 ub=16.7774755914018124963222905814 B=21760139 > cap
SATCERT u=59/22 r=2 Rsub=183.194833452432841035730849596 T=0.154740717117453714781269196563 ub=13.2597853137077710714038285651 B=669661 (no point below T -> idx=1)
SATCERT u=59/23 r=2 Rsub=224.412087577053374090113018277 T=0.171265985294198790246855390607 ub=8.72644483190083316547419351517 B=7316 (no point below T -> idx=1)
SATCERT u=59/5 r=2 Rsub=136.499681408431576486209118351 T=0.133571503163406228884164753792 ub=7.76901733098016462140468495944 B=2705 (no point below T -> idx=1)
SATOPENB u=-59/15 r=2 Rsub=137.702839662960284058974670143 T=0.134158885760486557092631851944 ub=17.8116361163329752586555080975 B=62195612 > cap
SATCERT u=60/23 r=2 Rsub=215.289591046053954064334784530 T=0.167748834305290400023764398034 ub=8.83683919743278195566028911687 B=8141 (no point below T -> idx=1)
SATOPENB u=60/13 r=3 Rsub=3302.61492487800926907575271506 T=0.865130710849185296908994834680 ub=15.5902731775357856353735100333 B=14011709 > cap
SATCERT u=60 r=2 Rsub=541.289320999233051743326557781 T=0.265988416530169680485508876085 ub=10.5723507305765212525782355957 B=50937 (no point below T -> idx=1)
SATOPENB u=-60/13 r=3 Rsub=8148.51979254952128635762644633 T=1.16902013370508223462994069641 ub=20.0302653091527342017937680147 B=1609654575 > cap
SATOPENB u=60/31 r=2 Rsub=929.306114248374987654060830499 T=0.348519748362007682709242783359 ub=14.2067994367859099700294834414 B=2095535 > cap
SATOPENB u=-60 r=3 Rsub=2540.28520966922036812761750901 T=0.792665414004942356331200128626 ub=14.2375401627949030789488064693 B=3369267 > cap
SATCERT u=61/13 r=3 Rsub=839.727757261489116311351753025 T=0.548077431255133544882243347896 ub=11.1929524124444103774980791677 B=125622 (no point below T -> idx=1)
SATCERT u=61/16 r=2 Rsub=416.020605423369744736908761284 T=0.233187579991846852247653008324 ub=11.9740423383813045775059008133 B=200232 (no point below T -> idx=1)
SATCERT u=61/27 r=2 Rsub=54.6754848607780503525954002082 T=0.0845365103044663850747270472989 ub=10.7692847596995468936457634409 B=51732 (no point below T -> idx=1)
SATOPENB u=-61/4 r=3 Rsub=4660.80236477184154901845795890 T=0.970396702105740079211948474926 ub=17.9024180590919486908871503844 B=157166257 > cap
SATOPENB u=-61/7 r=2 Rsub=84.4242206989876463675258098579 T=0.105046484964499145026456518573 ub=15.8409664513358638238794713997 B=8419096 > cap
SATOPENB u=61/14 r=2 Rsub=199.580637825780905957268682042 T=0.161512893519878262893044235842 ub=16.8119912961125417875406803835 B=23523353 > cap
SATCERT u=61/9 r=2 Rsub=122.201003475832323733083596011 T=0.126382045634612637962461414157 ub=9.28288506779391766628237176363 B=12201 (no point below T -> idx=1)
SATCERT u=-61/2 r=2 Rsub=234.337528028299132073764792701 T=0.175012438778476632351513654303 ub=13.6188991082320270100264302274 B=978633 (no point below T -> idx=1)
SATCERT u=61/8 r=2 Rsub=102.125498943842312757423716375 T=0.115535404766019257962559787882 ub=12.8976534022718838381001967041 B=448287 (no point below T -> idx=1)
SATCERT u=61/35 r=2 Rsub=178.468521582523788498367015307 T=0.152731566984188249907477738914 ub=14.0795414639078288852000099271 B=1517043 (no point below T -> idx=1)
SATCERT u=61/17 r=2 Rsub=184.296791394800806603765822260 T=0.155205419373892845286021163450 ub=13.2401412976259619692274054916 B=656940 (no point below T -> idx=1)
SATOPENB u=-61/14 r=2 Rsub=258.531585445083090217249860541 T=0.183825095079978226091949899028 ub=17.1525328609033100697304426012 B=33813070 > cap
SATCERT u=61/33 r=3 Rsub=2914.05436153404662555093796661 T=0.829777457960826242075027907603 ub=13.1096353235052789255691986803 B=1131906 (no point below T -> idx=1)
SATOPENB u=61/19 r=3 Rsub=1616.62107800827853325293268439 T=0.681812818053239432013142743334 ub=14.1194029652215023003084856684 B=2679702 > cap
SATCERT u=61/5 r=2 Rsub=176.680962889544729491084725957 T=0.151964754653189893937841240113 ub=7.40798638074155482837410869317 B=1920 (no point below T -> idx=1)
SATCERT u=61/3 r=2 Rsub=116.614568188561561950161463720 T=0.123459467301912973524782031980 ub=10.5812325281966072411229233966 B=44565 (no point below T -> idx=1)
SATOPENB u=61/26 r=2 Rsub=289.744992470643979440274183941 T=0.194605882560766160676556045897 ub=14.4773904540407258664851239316 B=2354871 > cap
SATOPENB u=-61/10 r=2 Rsub=320.038327198735298534686173783 T=0.204526219284706781714246807539 ub=20.1258203939029039466536475668 B=675083277 > cap
SATOPENB u=57/61 r=2 Rsub=45.8842653643029939569421446314 T=0.0774425929890995981311397691612 ub=14.7053425773863752765774346792 B=2630765 > cap
SATCERT u=61/22 r=3 Rsub=3099.98984470845231595951222099 T=0.847063249103584240518336872886 ub=12.6148902846545676582507776641 B=702186 (no point below T -> idx=1)
SATCERT u=62/5 r=2 Rsub=935.912634705698634077818434547 T=0.349756383480848766843061494368 ub=13.3276649062262233221657126668 B=871021 (no point below T -> idx=1)
SATCERT u=62/3 r=2 Rsub=319.450719714997758625191836256 T=0.204338372482771781532527352008 ub=13.6936044878066627849520722034 B=1085926 (no point below T -> idx=1)
SATCERT u=62/13 r=3 Rsub=1911.12862998639110676657136839 T=0.720928822607263966757333001366 ub=13.4600661752327821109216494814 B=1441213 (no point below T -> idx=1)
SATCERT u=62/29 r=2 Rsub=92.1226874413755023647202700573 T=0.109731494451701798899610382736 ub=12.8742699242017173642919662070 B=435392 (no point below T -> idx=1)
SATCERT u=62/21 r=2 Rsub=223.159136471911005028734228394 T=0.170787204779309808090549546691 ub=12.5940963710776202025049975382 B=349719 (no point below T -> idx=1)
SATCERT u=62/25 r=2 Rsub=422.341805034517378371269739203 T=0.234952478308479903798617923140 ub=11.9867789979491374975597766699 B=203157 (no point below T -> idx=1)
SATOPENB u=62/17 r=3 Rsub=1345.06524529991324565544799033 T=0.641273853820391492983189235369 ub=15.6515528948404291385379279653 B=11909260 > cap
SATOPENB u=62/33 r=2 Rsub=155.328806204656343926007170354 T=0.142486591220141523151148472779 ub=16.6514685262656083746716505892 B=19657218 > cap
