Loading "split_lab.m"
SATCERT LANE Sig=2 sg=[ 2, 1, 3 ] fibers=1395 PtsCap=2000000
JOIN fibers=4113
SATCERT u=2 r=2 Rsub=6.45425788246200030308412608598 T=0.0290449846595035580904121153032 ub=6.42560959476721052153802324025 B=636 (no point below T -> idx=1)
SATCERT u=3/2 r=2 Rsub=6.45425788246200030308412608598 T=0.0290449846595035580904121153032 ub=6.42560959476721052153802324025 B=636 (no point below T -> idx=1)
SATCERT u=-1/3 r=2 Rsub=10.3716578039501906267443409608 T=0.0368190080819003645062431072370 ub=2.66132630438388126753546291315 B=15 (no point below T -> idx=1)
SATCERT u=4 r=2 Rsub=6.45425788246200030308412608600 T=0.0290449846595035580904121153032 ub=6.42560959476721052153802324025 B=636 (no point below T -> idx=1)
SATCERT u=-5 r=2 Rsub=6.45425788246200030308412608598 T=0.0290449846595035580904121153032 ub=6.42560959476721052153802324025 B=636 (no point below T -> idx=1)
SATCERT u=-3/5 r=2 Rsub=10.3716578039501906267443409608 T=0.0368190080819003645062431072370 ub=2.66132630438388126753546291315 B=15 (no point below T -> idx=1)
SATCERT u=-6 r=2 Rsub=47.6175949716800566729947414092 T=0.0788917741660449840837802131972 ub=7.87838170411243479776378818773 B=2857 (no point below T -> idx=1)
SATCERT u=-9/7 r=2 Rsub=23.1103689243743527214099018185 T=0.0549605960143575949839092357907 ub=4.48832234165777836454738419200 B=94 (no point below T -> idx=1)
SATCERT u=-9 r=2 Rsub=6.45425788246200030308412608598 T=0.0290449846595035580904121153032 ub=6.42560959476721052153802324025 B=636 (no point below T -> idx=1)
SATCERT u=9/2 r=2 Rsub=6.45425788246200030308412608598 T=0.0290449846595035580904121153032 ub=6.42560959476721052153802324025 B=636 (no point below T -> idx=1)
SATCERT u=-10 r=2 Rsub=108.133125757010046718597948568 T=0.118885085125437390802963869409 ub=13.2671440331994348930272782932 B=650847 (no point below T -> idx=1)
SATCERT u=-10/3 r=2 Rsub=39.7694806991418672859116183228 T=0.0720979563430509105264991798788 ub=8.17481384026682843839225138934 B=3816 (no point below T -> idx=1)
SATCERT u=-11/5 r=2 Rsub=10.3716578039501906267443409608 T=0.0368190080819003645062431072370 ub=2.66132630438388126753546291315 B=15 (no point below T -> idx=1)
SATCERT u=11/7 r=2 Rsub=20.3786336911424933096333058358 T=0.0516101980875069098950982060996 ub=4.49536234276926280567427507277 B=95 (no point below T -> idx=1)
SATCERT u=-11/3 r=2 Rsub=25.1490386983100651650928545869 T=0.0573335309481111341872838335877 ub=9.87956306868084872347682035660 B=20680 (no point below T -> idx=1)
SATCERT u=11 r=2 Rsub=6.45425788246200030308412608598 T=0.0290449846595035580904121153032 ub=6.42560959476721052153802324025 B=636 (no point below T -> idx=1)
SATCERT u=-12 r=2 Rsub=24.9171772829736846531981709173 T=0.0570686258848309494327169287563 ub=11.4704430071751443715458223332 B=101470 (no point below T -> idx=1)
SATCERT u=12 r=2 Rsub=47.6175949716800566729947414092 T=0.0788917741660449840837802131972 ub=7.87838170411243479776378818773 B=2857 (no point below T -> idx=1)
SATCERT u=-13 r=2 Rsub=47.6175949716800566729947414092 T=0.0788917741660449840837802131972 ub=7.87838170411243479776378818773 B=2857 (no point below T -> idx=1)
SATCERT u=14 r=2 Rsub=122.201003475832323733083596011 T=0.126382045634612637962461414157 ub=9.28288506779391766628237176363 B=12201 (no point below T -> idx=1)
SATCERT u=15 r=2 Rsub=6.45425788246200030308412608598 T=0.0290449846595035580904121153032 ub=6.42560959476721052153802324025 B=636 (no point below T -> idx=1)
SATCERT u=15/8 r=2 Rsub=25.1490386983100651650928545869 T=0.0573335309481111341872838335876 ub=9.87956306868084872347682035660 B=20680 (no point below T -> idx=1)
SATCERT u=-16 r=2 Rsub=24.9171772829736846531981709172 T=0.0570686258848309494327169287563 ub=11.4704430071751443715458223332 B=101470 (no point below T -> idx=1)
SATOPENB u=-16/5 r=2 Rsub=45.8842653643029939569421446314 T=0.0774425929890995981311397691612 ub=14.7053425773863752765774346792 B=2630765 > cap
SATCERT u=18 r=2 Rsub=24.9171772829736846531981709172 T=0.0570686258848309494327169287563 ub=11.4704430071751443715458223332 B=101470 (no point below T -> idx=1)
SATCERT u=-19/13 r=3 Rsub=895.458213101440944962163429392 T=0.559943478290330637986461710928 ub=7.78584129384509227102385518713 B=4213 (no point below T -> idx=1)
SATCERT u=-19/9 r=2 Rsub=10.3716578039501906267443409608 T=0.0368190080819003645062431072370 ub=2.66132630438388126753546291315 B=15 (no point below T -> idx=1)
SATCERT u=15/19 r=2 Rsub=29.4022392464354878437539405256 T=0.0619923640211683183309593681523 ub=6.26481433875504493113968738883 B=560 (no point below T -> idx=1)
SATCERT u=-19/6 r=2 Rsub=45.9093631406785831045288430177 T=0.0774637698691845878242834396515 ub=5.66982162063014134142625213738 B=314 (no point below T -> idx=1)
SATCERT u=19/3 r=2 Rsub=10.3716578039501906267443409608 T=0.0368190080819003645062431072370 ub=2.66132630438388126753546291315 B=15 (no point below T -> idx=1)
SATCERT u=19 r=2 Rsub=47.6175949716800566729947414092 T=0.0788917741660449840837802131972 ub=7.87838170411243479776378818773 B=2857 (no point below T -> idx=1)
SATCERT u=-22/3 r=2 Rsub=39.7694806991418672859116183227 T=0.0720979563430509105264991798786 ub=8.17481384026682843839225138934 B=3816 (no point below T -> idx=1)
SATCERT u=-22 r=2 Rsub=80.1552376880462911405294716860 T=0.102356151318074684241354952295 ub=14.3634324385897168642872166307 B=1916074 (no point below T -> idx=1)
SATCERT u=22 r=2 Rsub=24.9171772829736846531981709173 T=0.0570686258848309494327169287563 ub=11.4704430071751443715458223332 B=101470 (no point below T -> idx=1)
SATCERT u=-23 r=2 Rsub=6.45425788246200030308412608598 T=0.0290449846595035580904121153032 ub=6.42560959476721052153802324025 B=636 (no point below T -> idx=1)
SATCERT u=-23/3 r=2 Rsub=25.1490386983100651650928545869 T=0.0573335309481111341872838335876 ub=9.87956306868084872347682035660 B=20680 (no point below T -> idx=1)
SATCERT u=15/23 r=2 Rsub=10.3716578039501906267443409608 T=0.0368190080819003645062431072370 ub=2.66132630438388126753546291315 B=15 (no point below T -> idx=1)
SATCERT u=7/23 r=2 Rsub=34.5121718719044166991411762411 T=0.0671636268054672158683934340562 ub=4.76021297585882085764565673669 B=125 (no point below T -> idx=1)
SATCERT u=24/5 r=2 Rsub=25.1490386983100651650928545869 T=0.0573335309481111341872838335877 ub=9.87956306868084872347682035660 B=20680 (no point below T -> idx=1)
SATOPENB u=-25/2 r=2 Rsub=59.7459385612844525508611038804 T=0.0883694574233547154618232058133 ub=15.3595119049600852240237291034 B=5115990 > cap
SATCERT u=-25/3 r=3 Rsub=379.519610060561909400370046497 T=0.420604411126276660032471989452 ub=8.67758665001763136178522207157 B=8940 (no point below T -> idx=1)
SATCERT u=-27/5 r=2 Rsub=81.5145347645699732385332233432 T=0.103220396175013819790196412199 ub=4.49536234276926280567427507277 B=100 (no point below T -> idx=1)
SATCERT u=28/3 r=2 Rsub=39.7694806991418672859116183228 T=0.0720979563430509105264991798788 ub=8.17481384026682843839225138934 B=3816 (no point below T -> idx=1)
SATCERT u=28 r=2 Rsub=80.1552376880462911405294716860 T=0.102356151318074684241354952295 ub=14.3634324385897168642872166307 B=1916074 (no point below T -> idx=1)
SATCERT u=29/5 r=2 Rsub=23.1103689243743527214099018185 T=0.0549605960143575949839092357907 ub=4.48832234165777836454738419200 B=94 (no point below T -> idx=1)
SATCERT u=29/3 r=2 Rsub=25.1490386983100651650928545869 T=0.0573335309481111341872838335876 ub=9.87956306868084872347682035660 B=20680 (no point below T -> idx=1)
SATCERT u=29 r=2 Rsub=6.45425788246200030308412608598 T=0.0290449846595035580904121153032 ub=6.42560959476721052153802324025 B=636 (no point below T -> idx=1)
SATCERT u=31/7 r=2 Rsub=20.3786336911424933096333058358 T=0.0516101980875069098950982060996 ub=4.49536234276926280567427507277 B=95 (no point below T -> idx=1)
SATOPENB u=32 r=2 Rsub=138.327271826332642084342697283 T=0.134462722515246412945993941690 ub=14.9033165199542529134598406399 B=3394881 > cap
SATCERT u=-33/5 r=2 Rsub=36.8558634534329928799063158966 T=0.0694066830027976284536926715537 ub=13.5138002888301083132495972382 B=792706 (no point below T -> idx=1)
SATCERT u=33/5 r=2 Rsub=10.3716578039501906267443409608 T=0.0368190080819003645062431072370 ub=2.66132630438388126753546291315 B=15 (no point below T -> idx=1)
SATCERT u=33/17 r=3 Rsub=379.519610060561909400370046493 T=0.420604411126276660032471989450 ub=8.67758665001763136178522207157 B=8940 (no point below T -> idx=1)
SATCERT u=33/13 r=2 Rsub=6.45425788246200030308412608598 T=0.0290449846595035580904121153032 ub=6.42560959476721052153802324025 B=636 (no point below T -> idx=1)
SATOPENB u=-34 r=2 Rsub=126.258481487753095093944715797 T=0.128463063748073108496978897616 ub=19.4321671627124777575070742948 B=312661042 > cap
SATCERT u=-35 r=2 Rsub=73.5680103814855620921601224428 T=0.0980601379696477478820515821378 ub=4.94913257272864526094333243467 B=156 (no point below T -> idx=1)
SATOPENB u=-36/5 r=2 Rsub=45.8842653643029939569421446318 T=0.0774425929890995981311397691615 ub=14.7053425773863752765774346792 B=2630765 > cap
SATCERT u=-37/3 r=3 Rsub=379.519610060561909400370046493 T=0.420604411126276660032471989450 ub=8.67758665001763136178522207157 B=8940 (no point below T -> idx=1)
SATOPENB u=37/2 r=2 Rsub=59.7459385612844525508611038805 T=0.0883694574233547154618232058133 ub=15.3595119049600852240237291034 B=5115990 > cap
SATCERT u=29/37 r=4 Rsub=7912.40093883427536344112044505 T=1.32718474878663385627462976381 ub=11.1551634669767986962540675642 B=263643 (no point below T -> idx=1)
SATCERT u=40/3 r=2 Rsub=39.7694806991418672859116183227 T=0.0720979563430509105264991798786 ub=8.17481384026682843839225138934 B=3816 (no point below T -> idx=1)
SATCERT u=41/3 r=2 Rsub=25.1490386983100651650928545869 T=0.0573335309481111341872838335876 ub=9.87956306868084872347682035660 B=20680 (no point below T -> idx=1)
SATCERT u=-23/41 r=2 Rsub=34.5121718719044166991411762411 T=0.0671636268054672158683934340562 ub=4.76021297585882085764565673669 B=125 (no point below T -> idx=1)
SATCERT u=43/3 r=3 Rsub=379.519610060561909400370046497 T=0.420604411126276660032471989452 ub=8.67758665001763136178522207157 B=8940 (no point below T -> idx=1)
SATCERT u=43/19 r=2 Rsub=20.3786336911424933096333058358 T=0.0516101980875069098950982060996 ub=4.49536234276926280567427507277 B=95 (no point below T -> idx=1)
SATCERT u=-43/13 r=2 Rsub=6.45425788246200030308412608598 T=0.0290449846595035580904121153032 ub=6.42560959476721052153802324025 B=636 (no point below T -> idx=1)
SATCERT u=45/41 r=2 Rsub=6.45425788246200030308412608598 T=0.0290449846595035580904121153032 ub=6.42560959476721052153802324025 B=636 (no point below T -> idx=1)
SATCERT u=45/13 r=2 Rsub=6.45425788246200030308412608598 T=0.0290449846595035580904121153032 ub=6.42560959476721052153802324025 B=636 (no point below T -> idx=1)
SATOPENB u=46/5 r=2 Rsub=45.8842653643029939569421446318 T=0.0774425929890995981311397691615 ub=14.7053425773863752765774346792 B=2630765 > cap
SATCERT u=-47 r=3 Rsub=839.727757261489116311351753025 T=0.548077431255133544882243347896 ub=11.1929524124444103774980791677 B=125622 (no point below T -> idx=1)
SATCERT u=-47/17 r=2 Rsub=23.1103689243743527214099018185 T=0.0549605960143575949839092357907 ub=4.48832234165777836454738419200 B=94 (no point below T -> idx=1)
SATCERT u=47/3 r=2 Rsub=47.6175949716800566729947414092 T=0.0788917741660449840837802131972 ub=7.87838170411243479776378818773 B=2857 (no point below T -> idx=1)
SATCERT u=51/23 r=3 Rsub=379.519610060561909400370046493 T=0.420604411126276660032471989450 ub=8.67758665001763136178522207157 B=8940 (no point below T -> idx=1)
SATCERT u=51/7 r=2 Rsub=23.1103689243743527214099018185 T=0.0549605960143575949839092357907 ub=4.48832234165777836454738419200 B=94 (no point below T -> idx=1)
SATCERT u=-53/5 r=2 Rsub=36.8558634534329928799063158966 T=0.0694066830027976284536926715537 ub=13.5138002888301083132495972382 B=792706 (no point below T -> idx=1)
SATOPENB u=-55/2 r=2 Rsub=60.0936643985978259606818099842 T=0.0886262427684041203867413007245 ub=16.8905707506582347632177502440 B=23657648 > cap
SATCERT u=55/3 r=3 Rsub=379.519610060561909400370046493 T=0.420604411126276660032471989450 ub=8.67758665001763136178522207157 B=8940 (no point below T -> idx=1)
SATCERT u=-55/17 r=3 Rsub=379.519610060561909400370046493 T=0.420604411126276660032471989450 ub=8.67758665001763136178522207157 B=8940 (no point below T -> idx=1)
SATCERT u=55/7 r=2 Rsub=48.0400655094655414070692669522 T=0.0792409712477737100592863054107 ub=6.64430396045994865509522737915 B=832 (no point below T -> idx=1)
SATCERT u=57/5 r=2 Rsub=20.3786336911424933096333058358 T=0.0516101980875069098950982060996 ub=4.49536234276926280567427507277 B=95 (no point below T -> idx=1)
SATCERT u=57 r=3 Rsub=379.519610060561909400370046493 T=0.420604411126276660032471989450 ub=8.67758665001763136178522207157 B=8940 (no point below T -> idx=1)
SATCERT u=29/57 r=2 Rsub=10.3716578039501906267443409608 T=0.0368190080819003645062431072370 ub=2.66132630438388126753546291315 B=15 (no point below T -> idx=1)
SATCERT u=-59/13 r=2 Rsub=70.2357207001718536421731731354 T=0.0958135686491402696890161749630 ub=10.4383060381806736680435880535 B=37576 (no point below T -> idx=1)
SATOPENB u=-59/3 r=2 Rsub=206.106694156973828318739795393 T=0.164132295436091004196620924445 ub=14.3468736511112525669757281290 B=2004702 > cap
SATCERT u=-59/5 r=3 Rsub=839.727757261489116311351753025 T=0.548077431255133544882243347896 ub=11.1929524124444103774980791677 B=125622 (no point below T -> idx=1)
SATCERT u=45/61 r=4 Rsub=7912.40093883427536344112044505 T=1.32718474878663385627462976381 ub=11.1551634669767986962540675642 B=263643 (no point below T -> idx=1)
SATCERT u=-61/15 r=3 Rsub=893.586150281595222120463362383 T=0.559552996375329708685569928341 ub=8.22107339050939355905717140510 B=6507 (no point below T -> idx=1)
SATCERT u=61/5 r=2 Rsub=45.0320947472947188048708224244 T=0.0767200839218268550689470290651 ub=7.03942763070799444648636026970 B=1232 (no point below T -> idx=1)
SATCERT u=-61/12 r=2 Rsub=45.9093631406785831045288430177 T=0.0774637698691845878242834396515 ub=5.66982162063014134142625213738 B=314 (no point below T -> idx=1)
SATOPENB u=-63/2 r=2 Rsub=60.0936643985978259606818099839 T=0.0886262427684041203867413007242 ub=16.8905707506582347632177502440 B=23657648 > cap
SATCERT u=63/5 r=2 Rsub=36.8558634534329928799063158966 T=0.0694066830027976284536926715537 ub=13.5138002888301083132495972382 B=792706 (no point below T -> idx=1)
SATOPENB u=66/5 r=2 Rsub=45.8842653643029939569421446318 T=0.0774425929890995981311397691615 ub=14.7053425773863752765774346792 B=2630765 > cap
SATCERT u=-45/67 r=4 Rsub=7912.40093883427536344112044506 T=1.32718474878663385627462976381 ub=11.1551634669767986962540675642 B=263643 (no point below T -> idx=1)
SATCERT u=67/19 r=3 Rsub=445.439266845350123264139910146 T=0.443668486655598472222962581543 ub=12.8489822432722038988871578122 B=592823 (no point below T -> idx=1)
SATOPENB u=67/2 r=2 Rsub=60.0936643985978259606818099842 T=0.0886262427684041203867413007245 ub=16.8905707506582347632177502440 B=23657648 > cap
SATCERT u=69/53 r=3 Rsub=893.586150281595222120463362379 T=0.559552996375329708685569928341 ub=8.22107339050939355905717140510 B=6507 (no point below T -> idx=1)
SATCERT u=69/17 r=3 Rsub=379.519610060561909400370046493 T=0.420604411126276660032471989450 ub=8.67758665001763136178522207157 B=8940 (no point below T -> idx=1)
SATCERT u=-71/3 r=2 Rsub=51.5266735392434570796849488483 T=0.0820661477180455020983104622225 ub=14.3468736511112525669757281290 B=1846754 (no point below T -> idx=1)
SATOPENB u=-71/7 r=2 Rsub=54.1513098658257983468875890977 T=0.0841303077625648131705945170059 ub=15.9981042809615338350446891974 B=9647744 > cap
SATCERT u=71/19 r=2 Rsub=20.3786336911424933096333058358 T=0.0516101980875069098950982060996 ub=4.49536234276926280567427507277 B=95 (no point below T -> idx=1)
SATCERT u=73/9 r=2 Rsub=10.3716578039501906267443409608 T=0.0368190080819003645062431072370 ub=2.66132630438388126753546291315 B=15 (no point below T -> idx=1)
SATOPENB u=75/2 r=2 Rsub=60.0936643985978259606818099840 T=0.0886262427684041203867413007244 ub=16.8905707506582347632177502440 B=23657648 > cap
SATCERT u=77/3 r=2 Rsub=51.5266735392434570796849488483 T=0.0820661477180455020983104622225 ub=14.3468736511112525669757281290 B=1846754 (no point below T -> idx=1)
SATCERT u=-79/5 r=3 Rsub=445.439266845350123264139910150 T=0.443668486655598472222962581544 ub=12.8489822432722038988871578122 B=592823 (no point below T -> idx=1)
SATCERT u=79/31 r=3 Rsub=1015.44943184677093515070341801 T=0.583913500201515948768201390939 ub=11.1968121982555297794485491551 B=130709 (no point below T -> idx=1)
SATCERT u=-53/83 r=3 Rsub=951.665034375795625359495424522 T=0.571422215066289561858378025345 ub=5.42205001810109918711058629639 B=401 (no point below T -> idx=1)
SATCERT u=83/5 r=2 Rsub=36.8558634534329928799063158966 T=0.0694066830027976284536926715537 ub=13.5138002888301083132495972382 B=792706 (no point below T -> idx=1)
SATCERT u=-83/13 r=3 Rsub=366.057703283602605437448308086 T=0.415571350405697495047105922429 ub=9.69054115795614776625964011536 B=24493 (no point below T -> idx=1)
SATCERT u=-83/25 r=3 Rsub=839.727757261489116311351753025 T=0.548077431255133544882243347896 ub=11.1929524124444103774980791677 B=125622 (no point below T -> idx=1)
SATCERT u=-85/19 r=3 Rsub=379.519610060561909400370046493 T=0.420604411126276660032471989450 ub=8.67758665001763136178522207157 B=8940 (no point below T -> idx=1)
SATCERT u=87/23 r=3 Rsub=379.519610060561909400370046493 T=0.420604411126276660032471989450 ub=8.67758665001763136178522207157 B=8940 (no point below T -> idx=1)
SATCERT u=-89/47 r=3 Rsub=951.665034375795625359495424515 T=0.571422215066289561858378025344 ub=5.42205001810109918711058629639 B=401 (no point below T -> idx=1)
SATCERT u=89/3 r=2 Rsub=51.5266735392434570796849488483 T=0.0820661477180455020983104622225 ub=14.3468736511112525669757281290 B=1846754 (no point below T -> idx=1)
SATCERT u=89/5 r=3 Rsub=839.727757261489116311351753028 T=0.548077431255133544882243347897 ub=11.1929524124444103774980791677 B=125622 (no point below T -> idx=1)
SATCERT u=-93/7 r=2 Rsub=20.3786336911424933096333058358 T=0.0516101980875069098950982060996 ub=4.49536234276926280567427507277 B=95 (no point below T -> idx=1)
SATCERT u=-95 r=2 Rsub=50.0033316033778264619738095953 T=0.0808439389012151143584965677302 ub=9.27959930855997122026058850726 B=11620 (no point below T -> idx=1)
SATCERT u=-99/5 r=3 Rsub=445.439266845350123264139910150 T=0.443668486655598472222962581544 ub=12.8489822432722038988871578122 B=592823 (no point below T -> idx=1)
SATCERT u=-99/53 r=4 Rsub=7912.40093883427536344112044506 T=1.32718474878663385627462976381 ub=11.1551634669767986962540675642 B=263643 (no point below T -> idx=1)
SATCERT u=99/19 r=2 Rsub=29.4022392464354878437539405256 T=0.0619923640211683183309593681523 ub=6.26481433875504493113968738883 B=560 (no point below T -> idx=1)
SATOPENB u=-99/7 r=2 Rsub=54.1513098658257983468875890977 T=0.0841303077625648131705945170059 ub=15.9981042809615338350446891974 B=9647744 > cap
SATCERT u=99/92 r=2 Rsub=6.45425788246200030308412608598 T=0.0290449846595035580904121153032 ub=6.42560959476721052153802324025 B=636 (no point below T -> idx=1)
SATCERT u=101 r=2 Rsub=50.0033316033778264619738095953 T=0.0808439389012151143584965677302 ub=9.27959930855997122026058850726 B=11620 (no point below T -> idx=1)
SATCERT u=-103/25 r=2 Rsub=93.4335537800006193140822701949 T=0.110509452779741086546071620329 ub=12.8035534900706250613498046139 B=405982 (no point below T -> idx=1)
SATCERT u=-103/5 r=3 Rsub=366.057703283602605437448308086 T=0.415571350405697495047105922429 ub=9.69054115795614776625964011536 B=24493 (no point below T -> idx=1)
SATCERT u=106/79 r=2 Rsub=6.45425788246200030308412608600 T=0.0290449846595035580904121153032 ub=6.42560959476721052153802324025 B=636 (no point below T -> idx=1)
SATCERT u=109/5 r=3 Rsub=445.439266845350123264139910150 T=0.443668486655598472222962581544 ub=12.8489822432722038988871578122 B=592823 (no point below T -> idx=1)
SATCERT u=-109/3 r=3 Rsub=2380.74400036743077071957866638 T=0.775711057512809132647567217270 ub=11.4672594536408739641437189416 B=207518 (no point below T -> idx=1)
SATCERT u=111/47 r=3 Rsub=445.439266845350123264139910151 T=0.443668486655598472222962581544 ub=12.8489822432722038988871578122 B=592823 (no point below T -> idx=1)
SATOPENB u=113/7 r=2 Rsub=54.1513098658257983468875890976 T=0.0841303077625648131705945170058 ub=15.9981042809615338350446891974 B=9647744 > cap
SATCERT u=-115/41 r=2 Rsub=29.4022392464354878437539405256 T=0.0619923640211683183309593681523 ub=6.26481433875504493113968738883 B=560 (no point below T -> idx=1)
SATCERT u=121/13 r=2 Rsub=6.45425788246200030308412608598 T=0.0290449846595035580904121153032 ub=6.42560959476721052153802324025 B=636 (no point below T -> idx=1)
SATCERT u=-121/15 r=3 Rsub=893.586150281595222120463362379 T=0.559552996375329708685569928341 ub=8.22107339050939355905717140510 B=6507 (no point below T -> idx=1)
SATCERT u=-121/7 r=2 Rsub=50.0033316033778264619738095953 T=0.0808439389012151143584965677302 ub=9.27959930855997122026058850726 B=11620 (no point below T -> idx=1)
SATCERT u=123/23 r=2 Rsub=10.3716578039501906267443409608 T=0.0368190080819003645062431072370 ub=2.66132630438388126753546291315 B=15 (no point below T -> idx=1)
SATCERT u=-123/5 r=2 Rsub=47.9991430276007139173552527201 T=0.0792072137159865271893346923423 ub=7.00422753868236582552441568476 B=1193 (no point below T -> idx=1)
SATOPENB u=-124 r=2 Rsub=238.983754245137810203444415523 T=0.176738914846709430923646411627 ub=15.3595119049600852240237291034 B=5588665 > cap
SATOPENB u=129/113 r=3 Rsub=2865.82060713043338050544296986 T=0.825173773689490519400156358592 ub=16.7454323018812674477301858130 B=42738302 > cap
SATCERT u=-129/19 r=2 Rsub=41.9691402744443734258972647065 T=0.0740650006485678900987546104146 ub=8.81358549807622845378622014360 B=7242 (no point below T -> idx=1)
SATCERT u=-129/71 r=2 Rsub=10.3716578039501906267443409608 T=0.0368190080819003645062431072370 ub=2.66132630438388126753546291315 B=15 (no point below T -> idx=1)
SATCERT u=129/5 r=3 Rsub=445.439266845350123264139910148 T=0.443668486655598472222962581544 ub=12.8489822432722038988871578122 B=592823 (no point below T -> idx=1)
SATOPENB u=130 r=2 Rsub=59.7459385612844525508611038805 T=0.0883694574233547154618232058133 ub=15.3595119049600852240237291034 B=5115990 > cap
SATCERT u=133/5 r=3 Rsub=366.057703283602605437448308086 T=0.415571350405697495047105922429 ub=9.69054115795614776625964011536 B=24493 (no point below T -> idx=1)
SATCERT u=135/7 r=2 Rsub=20.3786336911424933096333058358 T=0.0516101980875069098950982060996 ub=4.49536234276926280567427507277 B=95 (no point below T -> idx=1)
SATCERT u=9/137 r=3 Rsub=895.458213101440944962163429393 T=0.559943478290330637986461710928 ub=7.78584129384509227102385518713 B=4213 (no point below T -> idx=1)
SATOPENB u=141/7 r=2 Rsub=54.1513098658257983468875890977 T=0.0841303077625648131705945170059 ub=15.9981042809615338350446891974 B=9647744 > cap
SATCERT u=149/17 r=2 Rsub=23.1103689243743527214099018185 T=0.0549605960143575949839092357907 ub=4.48832234165777836454738419200 B=94 (no point below T -> idx=1)
SATCERT u=-4/3 r=3 Rsub=1385.47546909438694549664384489 T=0.647632591744782831357064366862 ub=10.3043609863412459414946956954 B=57068 (no point below T -> idx=1)
SATCERT u=4/3 r=2 Rsub=45.5012143429057801880638449200 T=0.0771186623877498384774397299874 ub=10.7367380417744022105138660179 B=49705 (no point below T -> idx=1)
SATCERT u=1/5 r=2 Rsub=23.1103689243743527214099018185 T=0.0549605960143575949839092357907 ub=4.48832234165777836454738419200 B=94 (no point below T -> idx=1)
SATCERT u=-4/5 r=2 Rsub=248.849758013834601311599379176 T=0.180350190713079207448571279054 ub=6.13586877090797276791850622819 B=554 (no point below T -> idx=1)
SATCERT u=5/4 r=2 Rsub=129.344803379854924503777758665 T=0.130023690028438910478780591085 ub=11.9058118675204237416876576724 B=168693 (no point below T -> idx=1)
SATCERT u=5/2 r=2 Rsub=91.2333502314147332760436601344 T=0.109200545057256226618089809813 ub=10.1669208597948359929769134936 B=29032 (no point below T -> idx=1)
SATCERT u=5/3 r=2 Rsub=47.6175949716800566729947414092 T=0.0788917741660449840837802131972 ub=7.87838170411243479776378818773 B=2857 (no point below T -> idx=1)
SATCERT u=6/5 r=2 Rsub=25.1490386983100651650928545869 T=0.0573335309481111341872838335877 ub=9.87956306868084872347682035660 B=20680 (no point below T -> idx=1)
SATCERT u=-5/6 r=3 Rsub=2878.71005664227873405033998036 T=0.826409037064663813571846345424 ub=12.9663181572916237459606685190 B=977475 (no point below T -> idx=1)
SATCERT u=-1/6 r=3 Rsub=8875.54388409227190669212311751 T=1.20280181448981730109802669553 ub=12.5910318606979607893876962254 B=978557 (no point below T -> idx=1)
SATCERT u=7/6 r=2 Rsub=88.1156956803975283166213013181 T=0.107318509348720879492730207436 ub=9.25362220129458592314336746076 B=11626 (no point below T -> idx=1)
SATCERT u=7/2 r=2 Rsub=91.2333502314147332760436601344 T=0.109200545057256226618089809813 ub=10.1669208597948359929769134936 B=29032 (no point below T -> idx=1)
SATCERT u=-5/7 r=2 Rsub=40.0087276011281692737048973938 T=0.0723144961117143089684144500106 ub=6.25842525318269685248692325591 B=562 (no point below T -> idx=1)
SATCERT u=-2/7 r=3 Rsub=606.431782600046282101675849311 T=0.491725881386720159523557023495 ub=11.1003316583972636470184307433 B=108235 (no point below T -> idx=1)
SATCERT u=7/4 r=2 Rsub=36.8558634534329928799063158966 T=0.0694066830027976284536926715537 ub=13.5138002888301083132495972382 B=792706 (no point below T -> idx=1)
SATCERT u=8/7 r=2 Rsub=139.230229569969365500376611880 T=0.134900874227688446559610961245 ub=11.5111797829953156080577178084 B=114243 (no point below T -> idx=1)
SATCERT u=8/5 r=2 Rsub=160.764114319549216858149485360 T=0.144958120919506356227745643777 ub=14.1763849773391066507780398645 B=1658366 (no point below T -> idx=1)
SATCERT u=8/3 r=2 Rsub=96.2666851318840233265615667754 T=0.112172397748160176754159244532 ub=12.3827866192422260810511575927 B=266989 (no point below T -> idx=1)
SATCERT u=-5/8 r=2 Rsub=393.720838476171134138491645924 T=0.226851782015591545287516072188 ub=11.8332200871084627847687587216 B=172832 (no point below T -> idx=1)
SATCERT u=3/8 r=2 Rsub=224.412087577053374090113018277 T=0.171265985294198790246855390607 ub=8.72644483190083316547419351517 B=7316 (no point below T -> idx=1)
SATOPENB u=-8/7 r=3 Rsub=2854.23306909271865819444245516 T=0.824060113764669276073398691427 ub=13.9421207412099501212333683740 B=2587444 > cap
SATCERT u=-3/8 r=3 Rsub=1223.96006179811387953965899844 T=0.621419434845141927225193441768 ub=8.47558508916412166105779806279 B=8929 (no point below T -> idx=1)
SATCERT u=-1/8 r=2 Rsub=131.283079190178430551467045768 T=0.130994291928622020913046649193 ub=11.5101142538097132789484804734 B=113677 (no point below T -> idx=1)
SATCERT u=5/8 r=3 Rsub=3631.03377149251504452073215763 T=0.892906214160556727819698221712 ub=12.8711899894462889323362806587 B=949885 (no point below T -> idx=1)
SATCERT u=-8 r=2 Rsub=122.201003475832323733083596011 T=0.126382045634612637962461414157 ub=9.28288506779391766628237176363 B=12201 (no point below T -> idx=1)
SATCERT u=9/4 r=2 Rsub=47.6175949716800566729947414092 T=0.0788917741660449840837802131972 ub=7.87838170411243479776378818773 B=2857 (no point below T -> idx=1)
SATCERT u=9/8 r=2 Rsub=40.0883121195498610958844775895 T=0.0723863836166133445198308256147 ub=12.0486801774107359988526972727 B=183702 (no point below T -> idx=1)
SATCERT u=2/9 r=3 Rsub=1162.72753136398225231136462424 T=0.610878820274954124078428895503 ub=13.8144420237914884992306837658 B=1840083 (no point below T -> idx=1)
SATCERT u=1/9 r=2 Rsub=109.612124274872071066591986525 T=0.119695353512577947200760003496 ub=6.67036828449170261782538827161 B=889 (no point below T -> idx=1)
SATCERT u=-5/9 r=3 Rsub=1223.96006179811387953965899844 T=0.621419434845141927225193441768 ub=8.47558508916412166105779806279 B=8929 (no point below T -> idx=1)
SATCERT u=-7/9 r=2 Rsub=208.728598560278863011769947272 T=0.165172968154350036537570548926 ub=7.28942443327396867150471138764 B=1728 (no point below T -> idx=1)
SATCERT u=10/7 r=2 Rsub=212.615405681531350061314773934 T=0.166703746101741810804052515356 ub=11.5507087554478056267145862810 B=122690 (no point below T -> idx=1)
SATCERT u=-9/10 r=3 Rsub=2914.05436153404662555093796661 T=0.829777457960826242075027907603 ub=13.1096353235052789255691986803 B=1131906 (no point below T -> idx=1)
SATCERT u=-10/7 r=3 Rsub=4482.29308730603239761782667705 T=0.957846315347850619011095829459 ub=11.5015936723955649329678394480 B=257672 (no point below T -> idx=1)
SATOPENB u=10/9 r=2 Rsub=57.7642983825043204847655740955 T=0.0868915903112467118197946866560 ub=15.1773205343443960764203944040 B=4257583 > cap
SATOPENB u=-1/10 r=3 Rsub=3250.56678268690428803276110758 T=0.860561898467526948601676955613 ub=14.5784643597703184355816036573 B=5070887 > cap
SATCERT u=10/3 r=2 Rsub=96.2666851318840233265615667754 T=0.112172397748160176754159244532 ub=12.3827866192422260810511575927 B=266989 (no point below T -> idx=1)
SATCERT u=-5/11 r=2 Rsub=48.8025463013970402097285642274 T=0.0798673427964629001265485500076 ub=8.21072448781035823624504013228 B=3987 (no point below T -> idx=1)
SATCERT u=-11/7 r=2 Rsub=224.412087577053374090113018277 T=0.171265985294198790246855390607 ub=8.72644483190083316547419351517 B=7316 (no point below T -> idx=1)
SATCERT u=11/9 r=2 Rsub=96.2666851318840233265615667754 T=0.112172397748160176754159244532 ub=12.3827866192422260810511575927 B=266989 (no point below T -> idx=1)
SATCERT u=-11/9 r=2 Rsub=176.680962889544729491084725957 T=0.151964754653189893937841240113 ub=7.40798638074155482837410869317 B=1920 (no point below T -> idx=1)
SATCERT u=11/5 r=2 Rsub=24.9171772829736846531981709172 T=0.0570686258848309494327169287563 ub=11.4704430071751443715458223332 B=101470 (no point below T -> idx=1)
SATCERT u=-11/2 r=2 Rsub=46.5718148606427977433277392384 T=0.0780206520707593715465782398182 ub=14.0536769826342166939708487198 B=1371887 (no point below T -> idx=1)
SATCERT u=7/11 r=2 Rsub=251.472842147380594173965384228 T=0.181298219770707226483342185051 ub=6.56070612505563046304414146984 B=848 (no point below T -> idx=1)
SATOPENB u=11/8 r=2 Rsub=70.0676954623591843148574399420 T=0.0956988924023665285444773125122 ub=16.1148950085779170543160335925 B=10969113 > cap
SATCERT u=12/7 r=2 Rsub=184.296791394800806603765822260 T=0.155205419373892845286021163450 ub=13.2401412976259619692274054916 B=656940 (no point below T -> idx=1)
SATCERT u=-13/11 r=2 Rsub=56.7455344177322292750533387028 T=0.0861219470372776026245966851776 ub=8.20433540223801015759227599936 B=3986 (no point below T -> idx=1)
SATCERT u=-7/13 r=2 Rsub=11.8665859356921558238837397506 T=0.0393831898364547580585308870539 ub=5.41383258447256142122495247843 B=234 (no point below T -> idx=1)
SATCERT u=13/3 r=2 Rsub=47.6175949716800566729947414092 T=0.0788917741660449840837802131972 ub=7.87838170411243479776378818773 B=2857 (no point below T -> idx=1)
SATCERT u=-1/13 r=3 Rsub=2914.05436153404662555093796661 T=0.829777457960826242075027907603 ub=13.1096353235052789255691986803 B=1131906 (no point below T -> idx=1)
SATCERT u=-3/13 r=2 Rsub=40.0087276011281692737048973938 T=0.0723144961117143089684144500106 ub=6.25842525318269685248692325591 B=562 (no point below T -> idx=1)
SATCERT u=1/13 r=2 Rsub=164.866245165614115694037716992 T=0.146795880421944805794232955563 ub=6.79250773911295479942066067039 B=1033 (no point below T -> idx=1)
SATOPENB u=-13/2 r=2 Rsub=138.327271826332642084342697283 T=0.134462722515246412945993941690 ub=14.9033165199542529134598406399 B=3394881 > cap
SATCERT u=13/11 r=2 Rsub=39.2556223424116179142509974794 T=0.0716306559133040159993471307536 ub=13.4683618964184760981857641149 B=759179 (no point below T -> idx=1)
SATOPENB u=-13/8 r=3 Rsub=4350.40998362568983065365007642 T=0.948358362992991755772417404961 ub=14.5006020704755573039388839648 B=5121513 > cap
SATCERT u=3/13 r=3 Rsub=1385.47546909438694549664384489 T=0.647632591744782831357064366862 ub=10.3043609863412459414946956954 B=57068 (no point below T -> idx=1)
SATCERT u=5/13 r=2 Rsub=136.499681408431576486209118351 T=0.133571503163406228884164753792 ub=7.76901733098016462140468495944 B=2705 (no point below T -> idx=1)
SATCERT u=-13/10 r=2 Rsub=179.342126348602213547921816958 T=0.153104921737468041157875469507 ub=12.9199349156865917435495335800 B=475937 (no point below T -> idx=1)
SATCERT u=-13/4 r=2 Rsub=105.637467034291850063934103276 T=0.117505172426902206981532243597 ub=8.37965707712421550233681148442 B=4901 (no point below T -> idx=1)
SATCERT u=-13/7 r=2 Rsub=48.0400655094655414070692669522 T=0.0792409712477737100592863054107 ub=6.64430396045994865509522737915 B=832 (no point below T -> idx=1)
SATCERT u=9/13 r=2 Rsub=10.3716578039501906267443409608 T=0.0368190080819003645062431072370 ub=2.66132630438388126753546291315 B=15 (no point below T -> idx=1)
SATOPENB u=13/6 r=2 Rsub=84.4242206989876463675258098579 T=0.105046484964499145026456518573 ub=15.8409664513358638238794713997 B=8419096 > cap
SATCERT u=13/7 r=2 Rsub=105.637467034291850063934103276 T=0.117505172426902206981532243597 ub=8.37965707712421550233681148442 B=4901 (no point below T -> idx=1)
SATOPENB u=-14 r=2 Rsub=348.945743728823481691100168184 T=0.213563459432155824390455598766 ub=15.1278858334892434632209187061 B=4599460 > cap
SATOPENB u=-14/9 r=3 Rsub=1767.57714315466831025578966921 T=0.702406532122933801402455278820 ub=14.7024460097068348960068762586 B=4900524 > cap
SATOPENB u=-14/3 r=2 Rsub=284.003174970182503309938258011 T=0.192668001301822275570998887140 ub=15.3034175107568509523398254616 B=5368642 > cap
SATCERT u=14/5 r=2 Rsub=82.6561695529368847174246989846 T=0.103940698780187571928197680570 ub=12.2043669843239446977583871351 B=221529 (no point below T -> idx=1)
SATCERT u=14/3 r=2 Rsub=45.5012143429057801880638449200 T=0.0771186623877498384774397299874 ub=10.7367380417744022105138660179 B=49705 (no point below T -> idx=1)
SATCERT u=11/15 r=2 Rsub=60.0622077909243610320374860496 T=0.0886030436016737416258225204823 ub=6.09699398276510871380866305393 B=486 (no point below T -> idx=1)
SATCERT u=7/15 r=3 Rsub=951.665034375795625359495424518 T=0.571422215066289561858378025345 ub=5.42205001810109918711058629639 B=401 (no point below T -> idx=1)
SATCERT u=-15/13 r=2 Rsub=109.612124274872071066591986525 T=0.119695353512577947200760003496 ub=6.67036828449170261782538827161 B=889 (no point below T -> idx=1)
SATCERT u=-1/15 r=2 Rsub=458.757804737032515585805378473 T=0.244872337792111475092277641898 ub=8.89270531136368037698081251404 B=9299 (no point below T -> idx=1)
SATCERT u=-15/2 r=2 Rsub=105.637467034291850063934103276 T=0.117505172426902206981532243597 ub=8.37965707712421550233681148442 B=4901 (no point below T -> idx=1)
SATCERT u=-13/15 r=3 Rsub=2305.40607198776913851519226817 T=0.767440816625448439773384132176 ub=7.97872790775042615657490633541 B=6287 (no point below T -> idx=1)
SATCERT u=-15/4 r=2 Rsub=96.2666851318840233265615667754 T=0.112172397748160176754159244532 ub=12.3827866192422260810511575927 B=266989 (no point below T -> idx=1)
SATCERT u=15/4 r=2 Rsub=47.6175949716800566729947414092 T=0.0788917741660449840837802131972 ub=7.87838170411243479776378818773 B=2857 (no point below T -> idx=1)
SATOPENB u=-16/3 r=2 Rsub=170.219143845150094669619033601 T=0.149159938430678734371915483991 ub=16.0527706118696289112676745702 B=10874494 > cap
SATCERT u=16/5 r=2 Rsub=82.6561695529368847174246989846 T=0.103940698780187571928197680570 ub=12.2043669843239446977583871351 B=221529 (no point below T -> idx=1)
SATCERT u=16 r=2 Rsub=108.133125757010046718597948568 T=0.118885085125437390802963869409 ub=13.2671440331994348930272782932 B=650847 (no point below T -> idx=1)
SATCERT u=17/7 r=2 Rsub=113.800682088542443030066360553 T=0.121960845668441804182062435529 ub=10.1915665522376292539726491611 B=30138 (no point below T -> idx=1)
SATOPENB u=17/8 r=2 Rsub=188.254831302007503839806480103 T=0.156863196196398814082524160821 ub=14.4139318614692417511416286307 B=2128217 > cap
SATCERT u=1/17 r=2 Rsub=66.0519374625730374147330180023 T=0.0929160577081868715657395121696 ub=9.27107248237567089880449692171 B=11661 (no point below T -> idx=1)
SATCERT u=-1/17 r=3 Rsub=1223.96006179811387953965899844 T=0.621419434845141927225193441768 ub=8.47558508916412166105779806279 B=8929 (no point below T -> idx=1)
SATCERT u=-17/7 r=2 Rsub=29.4022392464354878437539405256 T=0.0619923640211683183309593681523 ub=6.26481433875504493113968738883 B=560 (no point below T -> idx=1)
SATOPENB u=17/15 r=2 Rsub=125.626800942691195767328037706 T=0.128141305681787517466317415981 ub=14.4438262113004858515698305482 B=2130714 > cap
SATCERT u=17/4 r=2 Rsub=36.8558634534329928799063158965 T=0.0694066830027976284536926715536 ub=13.5138002888301083132495972382 B=792706 (no point below T -> idx=1)
SATCERT u=-17/13 r=3 Rsub=4359.09130596965098527043866583 T=0.948988765979577979195855819714 ub=13.3947982777401525251275515247 B=1696007 (no point below T -> idx=1)
SATOPENB u=17/6 r=2 Rsub=171.634271161299257050212938835 T=0.149778680264029510414635565037 ub=16.1108693003872082128960778388 B=11532135 > cap
SATCERT u=9/17 r=2 Rsub=48.0400655094655414070692669522 T=0.0792409712477737100592863054107 ub=6.64430396045994865509522737915 B=832 (no point below T -> idx=1)
SATCERT u=-17/8 r=3 Rsub=3473.50016573034043973477932544 T=0.879801822632429669608060563507 ub=10.8481859043663013463602089601 B=123994 (no point below T -> idx=1)
SATCERT u=5/17 r=2 Rsub=65.3737327767326747852278885652 T=0.0924378075436054305039229070849 ub=9.25669304299304594455964836174 B=11489 (no point below T -> idx=1)
SATCERT u=-3/17 r=2 Rsub=208.728598560278863011769947272 T=0.165172968154350036537570548926 ub=7.28942443327396867150471138764 B=1728 (no point below T -> idx=1)
SATCERT u=-17/3 r=2 Rsub=73.5680103814855620921601224428 T=0.0980601379696477478820515821378 ub=4.94913257272864526094333243467 B=156 (no point below T -> idx=1)
SATCERT u=-17/15 r=2 Rsub=99.1131086409046893925957367566 T=0.113818679688422451369516235292 ub=8.39642219057273749550878573688 B=4966 (no point below T -> idx=1)
SATCERT u=17/11 r=2 Rsub=145.615374638945567116868546127 T=0.137959499608383657369065241527 ub=10.5558503983964685798321726213 B=44083 (no point below T -> idx=1)
SATCERT u=-7/17 r=2 Rsub=96.9600276953290133735881914047 T=0.112575623234704867634803011382 ub=8.61202780757402835239746898708 B=6153 (no point below T -> idx=1)
SATCERT u=-17/6 r=3 Rsub=2289.18971798056882313501640634 T=0.765637173946577628951394430457 ub=11.6189094426634298923500749189 B=239079 (no point below T -> idx=1)
SATCERT u=-17/5 r=2 Rsub=40.0883121195498610958844775897 T=0.0723863836166133445198308256149 ub=12.0486801774107359988526972727 B=183702 (no point below T -> idx=1)
SATCERT u=-17/2 r=2 Rsub=108.133125757010046718597948568 T=0.118885085125437390802963869409 ub=13.2671440331994348930272782932 B=650847 (no point below T -> idx=1)
SATOPENB u=-17/4 r=2 Rsub=584.936883564740418703509819542 T=0.276504687389059429541855898823 ub=16.2522814628194752777714533583 B=15078587 > cap
SATCERT u=-18/5 r=2 Rsub=39.2556223424116179142509974794 T=0.0716306559133040159993471307536 ub=13.4683618964184760981857641149 B=759179 (no point below T -> idx=1)
SATCERT u=-18 r=2 Rsub=113.800682088542443030066360553 T=0.121960845668441804182062435529 ub=10.1915665522376292539726491611 B=30138 (no point below T -> idx=1)
SATCERT u=18/7 r=2 Rsub=133.907683880681321884491232656 T=0.132297227732840379015496526341 ub=14.2188684981093767778255539736 B=1708568 (no point below T -> idx=1)
SATCERT u=7/19 r=2 Rsub=83.6738737213553034172881265794 T=0.104578626144872884370144564589 ub=7.92724133619505874556533625581 B=3078 (no point below T -> idx=1)
SATOPENB u=-19/2 r=2 Rsub=130.081644636090935403374632617 T=0.130393518416172269188914537322 ub=16.9969539536109574833266628472 B=27435476 > cap
SATCERT u=13/19 r=3 Rsub=1946.91487350839620109485840784 T=0.725400867051383000093281227452 ub=13.3822214592401781435226455445 B=1339253 (no point below T -> idx=1)
SATOPENB u=-11/19 r=3 Rsub=2475.04222566791710914683811143 T=0.785820378201877009893250837290 ub=14.6952839548446296836388347332 B=5288813 > cap
SATCERT u=5/19 r=2 Rsub=164.663427171688415045340870331 T=0.146705558694145549535487770609 ub=11.7787643066671494910463779240 B=151066 (no point below T -> idx=1)
SATCERT u=-19/17 r=2 Rsub=79.1736964561951868923971611461 T=0.101727519615196145682792873819 ub=6.69678855058169752001568502327 B=897 (no point below T -> idx=1)
SATCERT u=-15/19 r=3 Rsub=8875.54388409227190669212311751 T=1.20280181448981730109802669553 ub=12.5910318606979607893876962254 B=978557 (no point below T -> idx=1)
SATCERT u=19/9 r=2 Rsub=56.7404385067148536562868691847 T=0.0861180799520819946550650581949 ub=14.2638926020724895053954234865 B=1706595 (no point below T -> idx=1)
SATCERT u=-17/19 r=2 Rsub=66.5255440864254741756199046852 T=0.0932485767916907426597959059975 ub=8.12264875045359016720743337217 B=3700 (no point below T -> idx=1)
SATCERT u=-1/19 r=2 Rsub=72.3378815113083846333588474409 T=0.0972368513599664390187506568657 ub=8.78574858359538384610696783409 B=7209 (no point below T -> idx=1)
SATCERT u=3/19 r=2 Rsub=176.680962889544729491084725957 T=0.151964754653189893937841240113 ub=7.40798638074155482837410869317 B=1920 (no point below T -> idx=1)
SATCERT u=19/4 r=2 Rsub=129.344803379854924503777758665 T=0.130023690028438910478780591085 ub=11.9058118675204237416876576724 B=168693 (no point below T -> idx=1)
SATCERT u=-19/3 r=2 Rsub=184.296791394800806603765822260 T=0.155205419373892845286021163450 ub=13.2401412976259619692274054916 B=656940 (no point below T -> idx=1)
SATCERT u=19/5 r=2 Rsub=24.9171772829736846531981709173 T=0.0570686258848309494327169287563 ub=11.4704430071751443715458223332 B=101470 (no point below T -> idx=1)
SATCERT u=11/19 r=3 Rsub=895.458213101440944962163429385 T=0.559943478290330637986461710927 ub=7.78584129384509227102385518713 B=4213 (no point below T -> idx=1)
SATCERT u=19/13 r=2 Rsub=152.272234484299949342504852058 T=0.141077694858459013626646403143 ub=10.0742889011320286920132083684 B=27320 (no point below T -> idx=1)
SATOPENB u=19/17 r=2 Rsub=257.794414027274159486073236882 T=0.183562830525902481503018538621 ub=14.9474581617576623248882170623 B=3726653 > cap
SATCERT u=-9/19 r=2 Rsub=48.8025463013970402097285642274 T=0.0798673427964629001265485500076 ub=8.21072448781035823624504013228 B=3987 (no point below T -> idx=1)
SATOPENB u=19/6 r=2 Rsub=171.634271161299257050212938835 T=0.149778680264029510414635565037 ub=16.1108693003872082128960778388 B=11532135 > cap
SATOPENB u=19/8 r=2 Rsub=158.593179749903560177587053476 T=0.143976047809678929266750542637 ub=17.5039320347169439631878459319 B=46173107 > cap
SATCERT u=-5/19 r=2 Rsub=80.6049571241382236840907940486 T=0.102642889691335135109682681336 ub=7.05327169911931510060087163357 B=1282 (no point below T -> idx=1)
SATCERT u=-3/19 r=2 Rsub=248.849758013834601311599379176 T=0.180350190713079207448571279054 ub=6.13586877090797276791850622819 B=554 (no point below T -> idx=1)
SATOPENB u=-19/4 r=2 Rsub=183.864557792613683625457481167 T=0.155023309916089580293870386252 ub=17.2164384497912821639251875913 B=35021117 > cap
SATOPENB u=20 r=2 Rsub=348.945743728823481691100168184 T=0.213563459432155824390455598766 ub=15.1278858334892434632209187061 B=4599460 > cap
SATCERT u=-20 r=2 Rsub=231.344407167880333976731218262 T=0.173891156914915886391449169602 ub=12.2654976435787426331011630598 B=252557 (no point below T -> idx=1)
SATOPENB u=20/7 r=2 Rsub=110.523002945363553335942802708 T=0.120191659808229829293221229102 ub=16.9357487801280090152011300017 B=25544701 > cap
SATOPENB u=-20/3 r=2 Rsub=409.072225214815970448511493220 T=0.231232029586497757199006690086 ub=17.1905663773511081070033061641 B=36829084 > cap
SATCERT u=-20/11 r=3 Rsub=3554.31469172026233273594895613 T=0.886572742632188733591020958079 ub=12.2472604614706201102655523715 B=505768 (no point below T -> idx=1)
SATCERT u=-21/4 r=2 Rsub=145.615374638945567116868546127 T=0.137959499608383657369065241527 ub=10.5558503983964685798321726213 B=44083 (no point below T -> idx=1)
SATCERT u=-21/2 r=2 Rsub=56.7404385067148536562868691847 T=0.0861180799520819946550650581949 ub=14.2638926020724895053954234865 B=1706595 (no point below T -> idx=1)
SATCERT u=17/21 r=2 Rsub=328.300644382890669615738474897 T=0.207149486991494190717229200385 ub=8.48568901152729969992971125143 B=5961 (no point below T -> idx=1)
SATCERT u=13/21 r=2 Rsub=89.3390839945971339326480510879 T=0.108060940274480706137628603255 ub=9.19498722457965644932460974943 B=10972 (no point below T -> idx=1)
SATCERT u=-21/5 r=2 Rsub=45.5012143429057801880638449200 T=0.0771186623877498384774397299874 ub=10.7367380417744022105138660179 B=49705 (no point below T -> idx=1)
SATCERT u=21/11 r=2 Rsub=122.201003475832323733083596011 T=0.126382045634612637962461414157 ub=9.28288506779391766628237176363 B=12201 (no point below T -> idx=1)
SATCERT u=-21/19 r=2 Rsub=164.866245165614115694037716992 T=0.146795880421944805794232955563 ub=6.79250773911295479942066067039 B=1033 (no point below T -> idx=1)
SATCERT u=1/21 r=2 Rsub=101.239166527324420339354056935 T=0.115032954693853135885632622420 ub=8.74169193631777417979277068691 B=7022 (no point below T -> idx=1)
SATCERT u=-19/21 r=2 Rsub=99.8168626800089523241284851627 T=0.114222050497794802316536616654 ub=10.7234308150276451373511491205 B=50902 (no point below T -> idx=1)
SATOPENB u=21/8 r=2 Rsub=185.778868460690503188733534211 T=0.155828234846492828863111676702 ub=14.6729318583012825263402404691 B=2754538 > cap
SATCERT u=-21 r=2 Rsub=91.2333502314147332760436601344 T=0.109200545057256226618089809813 ub=10.1669208597948359929769134936 B=29032 (no point below T -> idx=1)
SATCERT u=5/21 r=2 Rsub=125.400393893835607427253938118 T=0.128025784240622826875499980501 ub=6.68583307274270464540877758730 B=911 (no point below T -> idx=1)
SATCERT u=21/13 r=2 Rsub=73.5680103814855620921601224428 T=0.0980601379696477478820515821378 ub=4.94913257272864526094333243467 B=156 (no point below T -> idx=1)
SATOPENB u=-22/5 r=2 Rsub=106.079613970431933847825539083 T=0.117750825332040674413855186585 ub=15.0125320768967240934927352214 B=3723904 > cap
SATOPENB u=22/7 r=2 Rsub=442.092011781454213343771210828 T=0.240383319616459658586442458203 ub=16.9357487801280090152011300017 B=28807091 > cap
SATOPENB u=-22/7 r=2 Rsub=102.692432770885136063876560193 T=0.115855649351126891730667301327 ub=16.0173737715914045365936306000 B=10152489 > cap
SATCERT u=22/3 r=3 Rsub=1385.47546909438694549664384489 T=0.647632591744782831357064366862 ub=10.3043609863412459414946956954 B=57068 (no point below T -> idx=1)
SATCERT u=22/5 r=2 Rsub=160.764114319549216858149485360 T=0.144958120919506356227745643777 ub=14.1763849773391066507780398645 B=1658366 (no point below T -> idx=1)
SATCERT u=23/2 r=2 Rsub=46.5718148606427977433277392384 T=0.0780206520707593715465782398182 ub=14.0536769826342166939708487198 B=1371887 (no point below T -> idx=1)
SATOPENB u=-23/10 r=3 Rsub=6344.11403128995741201440498204 T=1.07543972906313823563070818515 ub=15.1055061602938507126183612258 B=10648674 > cap
SATCERT u=-13/23 r=2 Rsub=53.0479006260801046028109640639 T=0.0832687595785095959224119298632 ub=5.97733197748723141154153058784 B=429 (no point below T -> idx=1)
SATCERT u=-23/2 r=2 Rsub=71.3692706654497925761070334288 T=0.0965836522277579365272405111211 ub=13.6044600571195505215459037415 B=891842 (no point below T -> idx=1)
SATCERT u=-21/23 r=2 Rsub=114.689451184258128896451344619 T=0.122436168896055737546138820949 ub=8.89270531136368037698081251404 B=8227 (no point below T -> idx=1)
SATCERT u=-23/21 r=2 Rsub=64.8921218909081293373873135230 T=0.0920966816103523592548318286220 ub=8.34820348753412735138838281105 B=4630 (no point below T -> idx=1)
SATCERT u=-23/13 r=2 Rsub=109.612124274872071066591986525 T=0.119695353512577947200760003496 ub=6.67036828449170261782538827161 B=889 (no point below T -> idx=1)
SATOPENB u=23/6 r=2 Rsub=84.4242206989876463675258098579 T=0.105046484964499145026456518573 ub=15.8409664513358638238794713997 B=8419096 > cap
SATCERT u=-23/17 r=2 Rsub=136.499681408431576486209118351 T=0.133571503163406228884164753792 ub=7.76901733098016462140468495944 B=2705 (no point below T -> idx=1)
SATCERT u=-23/8 r=3 Rsub=1385.47546909438694549664384489 T=0.647632591744782831357064366862 ub=10.3043609863412459414946956954 B=57068 (no point below T -> idx=1)
SATCERT u=-1/23 r=2 Rsub=116.614568188561561950161463720 T=0.123459467301912973524782031980 ub=10.5812325281966072411229233966 B=44565 (no point below T -> idx=1)
SATCERT u=23/9 r=2 Rsub=57.2112603944999131781545798910 T=0.0864746379360784242833682523892 ub=10.2205324691134277584120097802 B=29942 (no point below T -> idx=1)
SATCERT u=3/23 r=2 Rsub=226.982137670928917100213354811 T=0.172243894074555205249193370355 ub=8.20433540223801015759227599936 B=4345 (no point below T -> idx=1)
SATOPENB u=-23/6 r=2 Rsub=253.453928799087994843834121293 T=0.182010946596959372536689755998 ub=17.6598270601534479101333449632 B=56054670 > cap
SATOPENB u=23/13 r=2 Rsub=59.7584508690720774080541119586 T=0.0883787103365427299169272856413 ub=15.8561826742604150135731867501 B=8406884 > cap
SATCERT u=-23/9 r=3 Rsub=951.665034375795625359495424522 T=0.571422215066289561858378025345 ub=5.42205001810109918711058629639 B=401 (no point below T -> idx=1)
SATCERT u=-23/7 r=2 Rsub=85.6609109069579279458003333673 T=0.105813075783470842574408742509 ub=13.0541519093776480564220894804 B=519159 (no point below T -> idx=1)
SATCERT u=-5/23 r=2 Rsub=315.295954508836332882138094309 T=0.203005214579657699710914597078 ub=9.34141397173391591148721052051 B=13967 (no point below T -> idx=1)
SATCERT u=23/8 r=2 Rsub=82.7602516089653106913975342571 T=0.104006120140558050591003487889 ub=12.7353137374383494034304742829 B=376744 (no point below T -> idx=1)
SATCERT u=23/11 r=2 Rsub=47.7450940221497126998563654988 T=0.0789973223583984167974755315979 ub=7.57926879264459531049795802259 B=2119 (no point below T -> idx=1)
SATCERT u=11/23 r=2 Rsub=29.4022392464354878437539405256 T=0.0619923640211683183309593681523 ub=6.26481433875504493113968738883 B=560 (no point below T -> idx=1)
SATOPENB u=-23/4 r=2 Rsub=110.840433499980580910500693831 T=0.120364135895806600742337095668 ub=15.0523866126514881698155372598 B=3885456 > cap
SATOPENB u=23/17 r=4 Rsub=17897.1584959570910260415569361 T=1.62760993442910666569232347578 ub=16.6372469165658684621295853083 B=85570988 > cap
SATCERT u=-9/23 r=2 Rsub=11.8665859356921558238837397506 T=0.0393831898364547580585308870539 ub=5.41383258447256142122495247843 B=234 (no point below T -> idx=1)
SATCERT u=-24/5 r=2 Rsub=152.272234484299949342504852058 T=0.141077694858459013626646403143 ub=10.0742889011320286920132083684 B=27320 (no point below T -> idx=1)
SATCERT u=-24 r=2 Rsub=57.2112603944999131781545798910 T=0.0864746379360784242833682523892 ub=10.2205324691134277584120097802 B=29942 (no point below T -> idx=1)
SATOPENB u=-24/7 r=2 Rsub=125.626800942691195767328037706 T=0.128141305681787517466317415981 ub=14.4438262113004858515698305482 B=2130714 > cap
SATCERT u=24/7 r=2 Rsub=133.907683880681321884491232656 T=0.132297227732840379015496526341 ub=14.2188684981093767778255539736 B=1708568 (no point below T -> idx=1)
SATOPENB u=-24/11 r=3 Rsub=7787.65949403358480437943363136 T=1.15150209945600938381518859266 ub=13.3822214592401781435226455445 B=2050766 > cap
SATCERT u=24 r=2 Rsub=113.800682088542443030066360553 T=0.121960845668441804182062435529 ub=10.1915665522376292539726491611 B=30138 (no point below T -> idx=1)
SATCERT u=25/7 r=2 Rsub=113.800682088542443030066360553 T=0.121960845668441804182062435529 ub=10.1915665522376292539726491611 B=30138 (no point below T -> idx=1)
SATCERT u=-25 r=2 Rsub=133.907683880681321884491232656 T=0.132297227732840379015496526341 ub=14.2188684981093767778255539736 B=1708568 (no point below T -> idx=1)
SATCERT u=13/25 r=2 Rsub=425.104562718197701414922164415 T=0.235719698913068028195600747892 ub=10.1298713320981860809483947652 B=31749 (no point below T -> idx=1)
SATCERT u=17/25 r=2 Rsub=79.4157430998725380178023551286 T=0.101882899593287970832329289595 ub=7.79087064225009424734568088741 B=2678 (no point below T -> idx=1)
SATOPENB u=-25/6 r=2 Rsub=54.1517632569146883561460622760 T=0.0841306599595116489983294417036 ub=18.2809563242985007709655703487 B=94592334 > cap
SATCERT u=4/25 r=3 Rsub=3820.35738587063263173840689649 T=0.908162880071775655575805813403 ub=13.1827211094524953585093335884 B=1317023 (no point below T -> idx=1)
SATCERT u=25/9 r=3 Rsub=379.519610060561909400370046493 T=0.420604411126276660032471989450 ub=8.67758665001763136178522207157 B=8940 (no point below T -> idx=1)
SATCERT u=-11/25 r=2 Rsub=172.987900325945793808728018410 T=0.150368150565968308153533956648 ub=7.62789836297430384503544964514 B=2389 (no point below T -> idx=1)
SATOPENB u=25/11 r=2 Rsub=166.643641762477692665614404428 T=0.147585050588257552740989022468 ub=15.4482896468355918768787226277 B=5932017 > cap
SATOPENB u=-25/8 r=2 Rsub=108.217477990884854835712489276 T=0.118931445884450500208684127735 ub=16.2661956036777508098936230813 B=13060815 > cap
SATCERT u=-25/23 r=2 Rsub=81.1186246552531945932897228204 T=0.102969424123777350053379054274 ub=11.4109662331336660714367683010 B=100102 (no point below T -> idx=1)
SATCERT u=21/25 r=3 Rsub=951.665034375795625359495424522 T=0.571422215066289561858378025345 ub=5.42205001810109918711058629639 B=401 (no point below T -> idx=1)
SATOPENB u=25/2 r=2 Rsub=138.327271826332642084342697283 T=0.134462722515246412945993941690 ub=14.9033165199542529134598406399 B=3394881 > cap
SATOPENB u=-25/4 r=2 Rsub=103.891743181558550712514641905 T=0.116530205186970162098806011628 ub=15.4754669981815754577421192545 B=5909060 > cap
SATCERT u=-23/25 r=2 Rsub=203.602022213328115439358636991 T=0.163131953962422989511190717135 ub=11.4256284712832878239873767419 B=107879 (no point below T -> idx=1)
SATCERT u=25/8 r=2 Rsub=82.7602516089653106913975342571 T=0.104006120140558050591003487889 ub=12.7353137374383494034304742829 B=376744 (no point below T -> idx=1)
SATCERT u=-25/13 r=2 Rsub=94.0035972512507502864164669364 T=0.110846052412307643280482402703 ub=11.1330556365551486400523967634 B=76413 (no point below T -> idx=1)
SATOPENB u=-26 r=2 Rsub=138.327271826332642084342697283 T=0.134462722515246412945993941690 ub=14.9033165199542529134598406399 B=3394881 > cap
SATCERT u=26 r=2 Rsub=231.344407167880333976731218262 T=0.173891156914915886391449169602 ub=12.2654976435787426331011630598 B=252557 (no point below T -> idx=1)
SATOPENB u=-26/3 r=2 Rsub=365.961918419797711850473912769 T=0.218708641152350012307467982987 ub=18.4512159099733520487753109509 B=128305482 > cap
SATCERT u=-1/27 r=2 Rsub=165.261604480572031245007635541 T=0.146971787764842296704674093504 ub=11.2165965867869869049396410899 B=86127 (no point below T -> idx=1)
SATCERT u=-27/17 r=2 Rsub=136.499681408431576486209118351 T=0.133571503163406228884164753792 ub=7.76901733098016462140468495944 B=2705 (no point below T -> idx=1)
SATCERT u=-5/27 r=3 Rsub=1385.47546909438694549664384489 T=0.647632591744782831357064366862 ub=10.3043609863412459414946956954 B=57068 (no point below T -> idx=1)
SATCERT u=27/13 r=2 Rsub=108.133125757010046718597948568 T=0.118885085125437390802963869409 ub=13.2671440331994348930272782932 B=650847 (no point below T -> idx=1)
SATCERT u=27/17 r=2 Rsub=46.5718148606427977433277392384 T=0.0780206520707593715465782398182 ub=14.0536769826342166939708487198 B=1371887 (no point below T -> idx=1)
SATCERT u=-17/27 r=2 Rsub=291.357292662693815033614848998 T=0.195146578401342480193227984195 ub=10.2338821854184458603379768946 B=33828 (no point below T -> idx=1)
SATCERT u=27 r=2 Rsub=91.2333502314147332760436601344 T=0.109200545057256226618089809813 ub=10.1669208597948359929769134936 B=29032 (no point below T -> idx=1)
SATOPENB u=27/8 r=2 Rsub=185.778868460690503188733534211 T=0.155828234846492828863111676702 ub=14.6729318583012825263402404691 B=2754538 > cap
SATCERT u=-13/27 r=2 Rsub=109.251108994956838268327900714 T=0.119498078389616016451227948492 ub=8.77072636667951660368218474408 B=7261 (no point below T -> idx=1)
SATCERT u=-27/7 r=2 Rsub=129.344803379854924503777758665 T=0.130023690028438910478780591085 ub=11.9058118675204237416876576724 B=168693 (no point below T -> idx=1)
SATCERT u=19/27 r=2 Rsub=77.5369732416883943597821364114 T=0.100670544220109236643268620112 ub=5.68365572204031802545120044055 B=326 (no point below T -> idx=1)
SATCERT u=23/27 r=2 Rsub=187.735958589026020409576935809 T=0.156646871885543251635830824593 ub=9.23535156516692919417021510729 B=11993 (no point below T -> idx=1)
SATOPENB u=-27/2 r=2 Rsub=166.643641762477692665614404428 T=0.147585050588257552740989022468 ub=15.4482896468355918768787226277 B=5932017 > cap
SATOPENB u=-27/4 r=2 Rsub=59.7584508690720774080541119586 T=0.0883787103365427299169272856413 ub=15.8561826742604150135731867501 B=8406884 > cap
SATOPENB u=-27/8 r=2 Rsub=257.794414027274159486073236882 T=0.183562830525902481503018538621 ub=14.9474581617576623248882170623 B=3726653 > cap
SATCERT u=-27/13 r=2 Rsub=251.472842147380594173965384228 T=0.181298219770707226483342185051 ub=6.56070612505563046304414146984 B=848 (no point below T -> idx=1)
SATCERT u=-27/25 r=2 Rsub=66.0519374625730374147330180026 T=0.0929160577081868715657395121699 ub=9.27107248237567089880449692171 B=11661 (no point below T -> idx=1)
SATCERT u=27/2 r=2 Rsub=105.637467034291850063934103276 T=0.117505172426902206981532243597 ub=8.37965707712421550233681148442 B=4901 (no point below T -> idx=1)
SATOPENB u=-28/9 r=2 Rsub=245.177252945458360475894808807 T=0.179014447263109349773070900900 ub=16.7290205920223738828123332431 B=22032629 > cap
SATCERT u=-28 r=2 Rsub=155.544915001860324832969564569 T=0.142585677486279095234588021510 ub=13.9050335335613647395728335333 B=1261257 (no point below T -> idx=1)
SATOPENB u=-28/5 r=2 Rsub=217.310757479669011540390901000 T=0.168534418661172399585074986801 ub=19.0349957906351800940723695970 B=218769716 > cap
SATOPENB u=-28/3 r=2 Rsub=826.900300220625826613763039740 T=0.328756667371614195289333204889 ub=18.8013308501654355013651378755 B=203278500 > cap
SATCERT u=-19/29 r=2 Rsub=346.845481791471599295760371540 T=0.212919783190702979470095722636 ub=12.1925605411093453843078506816 B=244136 (no point below T -> idx=1)
SATCERT u=-29/10 r=3 Rsub=3820.35738587063263173840689648 T=0.908162880071775655575805813403 ub=13.1827211094524953585093335884 B=1317023 (no point below T -> idx=1)
SATCERT u=9/29 r=3 Rsub=895.458213101440944962163429390 T=0.559943478290330637986461710928 ub=7.78584129384509227102385518713 B=4213 (no point below T -> idx=1)
SATOPENB u=29/15 r=2 Rsub=86.0169344829618540078716718870 T=0.106032737746881081429366836406 ub=16.8222056881116417332168362242 B=22482290 > cap
SATCERT u=29/9 r=3 Rsub=379.519610060561909400370046493 T=0.420604411126276660032471989450 ub=8.67758665001763136178522207157 B=8940 (no point below T -> idx=1)
SATCERT u=-29/19 r=2 Rsub=91.5278610501318818343496456824 T=0.109376658447226830840717070186 ub=7.19567135023283994867114637280 B=1488 (no point below T -> idx=1)
SATCERT u=29/7 r=2 Rsub=105.637467034291850063934103276 T=0.117505172426902206981532243597 ub=8.37965707712421550233681148442 B=4901 (no point below T -> idx=1)
SATOPENB u=-29/8 r=2 Rsub=179.431717212849839473668774354 T=0.153143158960086103154577954966 ub=18.9728150875984820186118456539 B=202440839 > cap
SATCERT u=-29/4 r=2 Rsub=133.907683880681321884491232656 T=0.132297227732840379015496526341 ub=14.2188684981093767778255539736 B=1708568 (no point below T -> idx=1)
SATCERT u=-23/29 r=2 Rsub=244.201848081013983492066912477 T=0.178657999888683806761310440320 ub=10.8639664524175732829737353316 B=62482 (no point below T -> idx=1)
SATCERT u=-29/23 r=2 Rsub=92.2395949040743686777538641766 T=0.109801099255796072185565585974 ub=8.96908272265897622567519689105 B=8769 (no point below T -> idx=1)
SATCERT u=-27/29 r=2 Rsub=72.3378815113083846333588474409 T=0.0972368513599664390187506568657 ub=8.78574858359538384610696783409 B=7209 (no point below T -> idx=1)
SATCERT u=5/29 r=2 Rsub=64.4862145131415649691541308499 T=0.0918081923203224985680473481193 ub=8.50661627411094376814949421330 B=5424 (no point below T -> idx=1)
SATCERT u=1/29 r=2 Rsub=187.735958589026020409576935809 T=0.156646871885543251635830824593 ub=9.23535156516692919417021510729 B=11993 (no point below T -> idx=1)
SATCERT u=29/6 r=2 Rsub=88.1156956803975283166213013181 T=0.107318509348720879492730207436 ub=9.25362220129458592314336746076 B=11626 (no point below T -> idx=1)
SATCERT u=29/25 r=2 Rsub=20.3786336911424933096333058358 T=0.0516101980875069098950982060996 ub=4.49536234276926280567427507277 B=95 (no point below T -> idx=1)
SATCERT u=29/13 r=2 Rsub=63.3595540782457340360909084476 T=0.0910026523826556431717410460276 ub=7.49301850145214584878015162928 B=1967 (no point below T -> idx=1)
SATCERT u=13/29 r=2 Rsub=96.9373659854566399782156542826 T=0.112562466755401183554580805689 ub=7.92230954614292461047654851655 B=3087 (no point below T -> idx=1)
SATCERT u=-29/9 r=2 Rsub=227.152754604145200747483877021 T=0.172308617679767949714561404046 ub=14.0223244347355337403657888126 B=1461002 (no point below T -> idx=1)
SATCERT u=25/29 r=2 Rsub=79.0766248219043470714546357859 T=0.101665138510927851978487216150 ub=9.44865950208751352795879175520 B=14050 (no point below T -> idx=1)
SATCERT u=-29/3 r=2 Rsub=47.6175949716800566729947414092 T=0.0788917741660449840837802131972 ub=7.87838170411243479776378818773 B=2857 (no point below T -> idx=1)
SATCERT u=29/2 r=2 Rsub=108.133125757010046718597948568 T=0.118885085125437390802963869409 ub=13.2671440331994348930272782932 B=650847 (no point below T -> idx=1)
SATCERT u=-29/5 r=2 Rsub=71.8887397871109619043408092135 T=0.0969345123336004320303158019179 ub=12.8649647702094603249127693143 B=425875 (no point below T -> idx=1)
SATCERT u=17/29 r=2 Rsub=50.2412418991101846820955549828 T=0.0810360339198928479028214574405 ub=8.41967670021428315058170109830 B=4919 (no point below T -> idx=1)
SATCERT u=29/21 r=2 Rsub=113.800682088542443030066360553 T=0.121960845668441804182062435529 ub=10.1915665522376292539726491611 B=30138 (no point below T -> idx=1)
SATCERT u=-29/27 r=2 Rsub=156.062159953017274608778734096 T=0.142822556044836658691848873317 ub=11.7748064015809789073948627309 B=149886 (no point below T -> idx=1)
SATCERT u=-11/29 r=2 Rsub=109.086627365542982782130473425 T=0.119408090094190124081215557395 ub=11.7678135898106740485494381294 B=145397 (no point below T -> idx=1)
SATOPENB u=-29 r=2 Rsub=185.778868460690503188733534211 T=0.155828234846492828863111676702 ub=14.6729318583012825263402404691 B=2754538 > cap
SATCERT u=-3/29 r=3 Rsub=2305.40607198776913851519226817 T=0.767440816625448439773384132176 ub=7.97872790775042615657490633541 B=6287 (no point below T -> idx=1)
SATOPENB u=29/8 r=2 Rsub=158.593179749903560177587053476 T=0.143976047809678929266750542637 ub=17.5039320347169439631878459319 B=46173107 > cap
SATCERT u=-29/15 r=2 Rsub=149.697499472596287131445570667 T=0.139879885301202028010941005584 ub=9.39357598512849141800793884117 B=13815 (no point below T -> idx=1)
SATCERT u=-7/29 r=3 Rsub=5829.95339380701699982925397627 T=1.04556437422847727904709996514 ub=9.47573344878644021328139658092 B=37098 (no point below T -> idx=1)
SATOPENB u=-29/17 r=3 Rsub=3924.93650156534056485420294642 T=0.916375130532463932501872813496 ub=14.7325414529902459018133885800 B=6255156 > cap
SATCERT u=-15/29 r=2 Rsub=96.9600276953290133735881914047 T=0.112575623234704867634803011382 ub=8.61202780757402835239746898708 B=6153 (no point below T -> idx=1)
SATCERT u=30/7 r=2 Rsub=184.296791394800806603765822260 T=0.155205419373892845286021163450 ub=13.2401412976259619692274054916 B=656940 (no point below T -> idx=1)
SATCERT u=30 r=2 Rsub=57.2112603944999131781545798910 T=0.0864746379360784242833682523892 ub=10.2205324691134277584120097802 B=29942 (no point below T -> idx=1)
SATOPENB u=-30/7 r=4 Rsub=17897.1584959570910260415569361 T=1.62760993442910666569232347578 ub=16.6372469165658684621295853083 B=85570988 > cap
SATCERT u=-29/31 r=2 Rsub=273.668681240681377385559153244 T=0.189130052985290829897062748506 ub=11.1791646190763417350602491005 B=86535 (no point below T -> idx=1)
SATCERT u=-17/31 r=2 Rsub=128.411534704564060848366454222 T=0.129553757269155194048616825418 ub=12.1323310041966077254865949211 B=211480 (no point below T -> idx=1)
SATOPENB u=-31/4 r=2 Rsub=210.032351343315674951563298631 T=0.165688013756577555706854390117 ub=19.4537916964721455738257143150 B=331613175 > cap
SATCERT u=-31/21 r=2 Rsub=431.395092131359001832772712971 T=0.237457337796330871320503174835 ub=9.77608167002668883290386505124 B=22327 (no point below T -> idx=1)
SATCERT u=19/31 r=2 Rsub=54.6754848607780503525954002082 T=0.0845365103044663850747270472989 ub=10.7692847596995468936457634409 B=51732 (no point below T -> idx=1)
SATOPENB u=31/17 r=2 Rsub=45.8842653643029939569421446317 T=0.0774425929890995981311397691615 ub=14.7053425773863752765774346792 B=2630765 > cap
SATCERT u=-31/25 r=2 Rsub=64.7141925991435444260234205310 T=0.0919703338731202057097126965929 ub=8.99918184817462840570622437702 B=8877 (no point below T -> idx=1)
SATCERT u=-13/31 r=2 Rsub=50.8553971799625350346405684815 T=0.0815298268092008468481581326089 ub=12.0594767721285557504967938169 B=187402 (no point below T -> idx=1)
SATCERT u=31/15 r=3 Rsub=1581.65454557720561613227496045 T=0.676861212064210754678862030378 ub=11.0595275219922583888965541635 B=125040 (no point below T -> idx=1)
SATCERT u=23/31 r=2 Rsub=342.736349238116076425356191796 T=0.211654778399882711846451987528 ub=7.58096509947722496888184491513 B=2423 (no point below T -> idx=1)
SATCERT u=3/31 r=2 Rsub=99.1131086409046893925957367565 T=0.113818679688422451369516235292 ub=8.39642219057273749550878573688 B=4966 (no point below T -> idx=1)
SATCERT u=-31/5 r=2 Rsub=45.0320947472947188048708224244 T=0.0767200839218268550689470290651 ub=7.03942763070799444648636026970 B=1232 (no point below T -> idx=1)
SATCERT u=15/31 r=2 Rsub=109.612124274872071066591986525 T=0.119695353512577947200760003496 ub=6.67036828449170261782538827161 B=889 (no point below T -> idx=1)
SATCERT u=-21/31 r=2 Rsub=80.6049571241382236840907940490 T=0.102642889691335135109682681336 ub=7.05327169911931510060087163357 B=1282 (no point below T -> idx=1)
SATCERT u=-31/29 r=2 Rsub=50.8553971799625350346405684815 T=0.0815298268092008468481581326089 ub=12.0594767721285557504967938169 B=187402 (no point below T -> idx=1)
SATCERT u=7/31 r=2 Rsub=137.956564623761062413590717269 T=0.134282426395724395537634348909 ub=8.53455832555984834510307090295 B=5819 (no point below T -> idx=1)
SATOPENB u=-31/3 r=2 Rsub=695.375381689856839343219659731 T=0.301479405493508820375120008190 ub=15.5839220706364729246684783803 B=7923959 > cap
SATCERT u=-1/31 r=2 Rsub=119.984785787466401376399391494 T=0.125230779760881993171781406656 ub=10.9996451134595352723431769034 B=67838 (no point below T -> idx=1)
SATCERT u=-31/2 r=2 Rsub=82.3836468263360183188686425777 T=0.103769207712495145433006465872 ub=9.55270148832520310056487104009 B=15623 (no point below T -> idx=1)
SATOPENB u=-31/6 r=2 Rsub=98.0820481864273199659476537512 T=0.113225111675749122245045216271 ub=19.5779078131365574955727843601 B=356246308 > cap
SATOPENB u=-31/12 r=3 Rsub=2143.82017186002485527454927547 T=0.749074823064736961977970719153 ub=15.1865595750837824290142077485 B=8332170 > cap
SATOPENB u=31/2 r=2 Rsub=130.081644636090935403374632617 T=0.130393518416172269188914537322 ub=16.9969539536109574833266628472 B=27435476 > cap
SATCERT u=31/13 r=2 Rsub=165.501184476952130929455503832 T=0.147078281793482205842748936660 ub=13.4717632600689830718805761416 B=821463 (no point below T -> idx=1)
SATCERT u=-31/17 r=2 Rsub=158.027475183975580832319198147 T=0.143719035909467697238772455299 ub=10.2026550272091319130762248114 B=31144 (no point below T -> idx=1)
SATCERT u=31/9 r=2 Rsub=57.2112603944999131781545798910 T=0.0864746379360784242833682523892 ub=10.2205324691134277584120097802 B=29942 (no point below T -> idx=1)
SATOPENB u=-31/8 r=2 Rsub=387.956896696048577109788805910 T=0.225185142544619741550451755398 ub=19.5558786370331574449835266496 B=389768597 > cap
SATCERT u=-25/31 r=2 Rsub=306.985192129875621983246603291 T=0.200311880516805311370831703813 ub=10.0501608376408483012515415453 B=28296 (no point below T -> idx=1)
SATOPENB u=-31/7 r=2 Rsub=697.782803651862634895983443894 T=0.302000822463340566764807774166 ub=16.0807517953881477620638708804 B=13029840 > cap
SATCERT u=31 r=2 Rsub=133.907683880681321884491232656 T=0.132297227732840379015496526341 ub=14.2188684981093767778255539736 B=1708568 (no point below T -> idx=1)
SATOPENB u=-32/5 r=2 Rsub=205.245055942622520849924012032 T=0.163788854932544307815522063389 ub=19.7133685105861497111852419070 B=429081470 > cap
SATOPENB u=-32/9 r=2 Rsub=291.347771487412567274214079521 T=0.195143389807809746860059327518 ub=19.1309890419598018159602964228 B=247304872 > cap
SATCERT u=32/7 r=2 Rsub=53.1538514203828375153286934835 T=0.0833518730508709054020262576779 ub=11.5507087554478056267145862810 B=112878 (no point below T -> idx=1)
SATOPENB u=-32/3 r=2 Rsub=173.447334753853971152720037493 T=0.150567697748382838756546993809 ub=19.4300877592080119685042412241 B=318985262 > cap
SATOPENB u=-32/7 r=2 Rsub=94.2019964170112420149470921093 T=0.110962963751479431584430459713 ub=19.6987531582363097463632370594 B=401097911 > cap
SATOPENB u=32/3 r=2 Rsub=284.003174970182503309938258011 T=0.192668001301822275570998887140 ub=15.3034175107568509523398254616 B=5368642 > cap
SATCERT u=-33/23 r=2 Rsub=65.3737327767326747852278885653 T=0.0924378075436054305039229070850 ub=9.25669304299304594455964836174 B=11489 (no point below T -> idx=1)
SATCERT u=-33/31 r=2 Rsub=101.239166527324420339354056935 T=0.115032954693853135885632622420 ub=8.74169193631777417979277068691 B=7022 (no point below T -> idx=1)
SATCERT u=-33/19 r=3 Rsub=951.665034375795625359495424522 T=0.571422215066289561858378025345 ub=5.42205001810109918711058629639 B=401 (no point below T -> idx=1)
SATCERT u=13/33 r=2 Rsub=243.777312147467119859121247867 T=0.178502637154450206104901310491 ub=11.4796283251845236341327308234 B=115628 (no point below T -> idx=1)
SATCERT u=-23/33 r=2 Rsub=118.846280987017454619646453848 T=0.124635222275929723371459340055 ub=11.0670958963927300723881180307 B=72529 (no point below T -> idx=1)
SATCERT u=33/8 r=2 Rsub=25.1490386983100651650928545869 T=0.0573335309481111341872838335876 ub=9.87956306868084872347682035660 B=20680 (no point below T -> idx=1)
SATCERT u=-33 r=2 Rsub=96.2666851318840233265615667754 T=0.112172397748160176754159244532 ub=12.3827866192422260810511575927 B=266989 (no point below T -> idx=1)
SATCERT u=29/33 r=2 Rsub=68.5701316215238211848045476973 T=0.0946706777102550616791923373450 ub=7.40846920991657595776854965470 B=1814 (no point below T -> idx=1)
SATCERT u=-33/2 r=2 Rsub=165.501184476952130929455503832 T=0.147078281793482205842748936660 ub=13.4717632600689830718805761416 B=821463 (no point below T -> idx=1)
SATCERT u=25/33 r=2 Rsub=562.875568935045727577226640694 T=0.271240286224766223586452533758 ub=10.5397095487754887084259423752 B=49561 (no point below T -> idx=1)
SATCERT u=5/33 r=3 Rsub=2757.36120697316228737636240987 T=0.814629819011842587497146797085 ub=10.7813441234541984074783759666 B=108660 (no point below T -> idx=1)
SATCERT u=-31/33 r=2 Rsub=157.835128229088510415586857316 T=0.143631543731688801340733672352 ub=7.26392679032178102979927445967 B=1649 (no point below T -> idx=1)
SATOPENB u=-33/8 r=2 Rsub=91.5423012699387506047856384776 T=0.109385286206472403784124375953 ub=16.8160424708941064131165016795 B=22419188 > cap
SATCERT u=33/2 r=2 Rsub=56.7404385067148536562868691847 T=0.0861180799520819946550650581949 ub=14.2638926020724895053954234865 B=1706595 (no point below T -> idx=1)
SATOPENB u=-33/4 r=2 Rsub=86.0169344829618540078716718870 T=0.106032737746881081429366836406 ub=16.8222056881116417332168362242 B=22482290 > cap
SATCERT u=17/33 r=2 Rsub=108.961100271047710647332773137 T=0.119339368265318296428748422457 ub=11.2507231343046846894661866770 B=86688 (no point below T -> idx=1)
SATOPENB u=-34/5 r=2 Rsub=203.463482505952898079978426767 T=0.163076443465085737838737868690 ub=20.2866854962193887230759836349 B=760709372 > cap
SATCERT u=34/7 r=2 Rsub=139.230229569969365500376611880 T=0.134900874227688446559610961245 ub=11.5111797829953156080577178084 B=114243 (no point below T -> idx=1)
SATCERT u=34 r=2 Rsub=155.544915001860324832969564569 T=0.142585677486279095234588021510 ub=13.9050335335613647395728335333 B=1261257 (no point below T -> idx=1)
SATOPENB u=-34/11 r=2 Rsub=435.635648036602044696136751415 T=0.238621570623474813990403732405 ub=14.5899619392368262387487003571 B=2754052 > cap
SATOPENB u=-34/9 r=2 Rsub=319.584813504093512932192217480 T=0.204381254890139228681476588648 ub=19.7007049255784375140283886822 B=441234122 > cap
SATOPENB u=34/3 r=2 Rsub=170.219143845150094669619033601 T=0.149159938430678734371915483991 ub=16.0527706118696289112676745702 B=10874494 > cap
SATCERT u=34/5 r=2 Rsub=248.849758013834601311599379176 T=0.180350190713079207448571279054 ub=6.13586877090797276791850622819 B=554 (no point below T -> idx=1)
SATCERT u=-34/3 r=2 Rsub=247.671470841759636180582532410 T=0.179922710968526101713218657820 ub=10.2347828193036105060892115655 B=33347 (no point below T -> idx=1)
SATCERT u=35/3 r=2 Rsub=73.5680103814855620921601224428 T=0.0980601379696477478820515821378 ub=4.94913257272864526094333243467 B=156 (no point below T -> idx=1)
SATCERT u=-35/17 r=2 Rsub=326.139079711657550000375517694 T=0.206466414185147559436253778270 ub=9.84030886829807609511182674938 B=23082 (no point below T -> idx=1)
SATOPENB u=-35/8 r=2 Rsub=88.3108672125291494184033191851 T=0.107437295974995886692150751735 ub=15.8461045178363974193244456505 B=8482721 > cap
SATOPENB u=35 r=2 Rsub=185.778868460690503188733534211 T=0.155828234846492828863111676702 ub=14.6729318583012825263402404691 B=2754538 > cap
SATCERT u=19/35 r=2 Rsub=203.602022213328115439358636991 T=0.163131953962422989511190717135 ub=11.4256284712832878239873767419 B=107879 (no point below T -> idx=1)
SATCERT u=35/31 r=2 Rsub=111.757264266754524728702290837 T=0.120860914362046595760418292425 ub=8.95950052574956460848734730560 B=8782 (no point below T -> idx=1)
SATCERT u=-35/13 r=2 Rsub=34.5121718719044166991411762413 T=0.0671636268054672158683934340564 ub=4.76021297585882085764565673669 B=125 (no point below T -> idx=1)
SATCERT u=-29/35 r=2 Rsub=219.003637436601720532915337455 T=0.169189598019439445564084301286 ub=11.6292795077756267842168451771 B=133049 (no point below T -> idx=1)
SATCERT u=-35/3 r=2 Rsub=182.786142770049102890096465587 T=0.154568014648916956327286814723 ub=11.8633194396335338952421479848 B=165693 (no point below T -> idx=1)
SATCERT u=35/23 r=3 Rsub=2133.48238491395688215276065492 T=0.747868836254207992272528322449 ub=12.5619838088826783603154433432 B=603109 (no point below T -> idx=1)
SATCERT u=11/35 r=2 Rsub=217.125421035530692912906622212 T=0.168462534892062413713689972039 ub=11.8410808725496026886956921421 B=164316 (no point below T -> idx=1)
SATCERT u=3/35 r=2 Rsub=79.1736964561951868923971611461 T=0.101727519615196145682792873819 ub=6.69678855058169752001568502327 B=897 (no point below T -> idx=1)
SATCERT u=35/2 r=2 Rsub=71.3692706654497925761070334288 T=0.0965836522277579365272405111211 ub=13.6044600571195505215459037415 B=891842 (no point below T -> idx=1)
SATCERT u=-33/35 r=2 Rsub=116.614568188561561950161463720 T=0.123459467301912973524782031980 ub=10.5812325281966072411229233966 B=44565 (no point below T -> idx=1)
SATCERT u=23/35 r=3 Rsub=1248.74045257270533269397032372 T=0.625585215260769106103800326227 ub=8.63217830861429410016934478191 B=10486 (no point below T -> idx=1)
SATCERT u=-17/35 r=2 Rsub=749.276872959813030887633437445 T=0.312945822462286286823112884303 ub=11.1974592347488856012275325476 B=99749 (no point below T -> idx=1)
SATCERT u=35/9 r=2 Rsub=56.7404385067148536562868691847 T=0.0861180799520819946550650581949 ub=14.2638926020724895053954234865 B=1706595 (no point below T -> idx=1)
SATCERT u=31/35 r=2 Rsub=200.320822896666367581828611933 T=0.161812117922626756102897876175 ub=7.81304318272299043235250726914 B=2907 (no point below T -> idx=1)
SATOPENB u=-35/12 r=3 Rsub=4383.13343249294486594387168215 T=0.950730252031741811305992115081 ub=13.7374571968661631626845724374 B=2393309 > cap
SATCERT u=-35/11 r=2 Rsub=158.446105514081044544336429520 T=0.143909272936975024809730707329 ub=11.8716510855821865102762350990 B=165308 (no point below T -> idx=1)
SATCERT u=-36/11 r=2 Rsub=84.7314942586717437231484401799 T=0.105237476900022715196010452433 ub=13.2326805334913056024867466072 B=620275 (no point below T -> idx=1)
SATCERT u=36/17 r=2 Rsub=36.8558634534329928799063158965 T=0.0694066830027976284536926715536 ub=13.5138002888301083132495972382 B=792706 (no point below T -> idx=1)
SATCERT u=-37/31 r=2 Rsub=171.723861582158507487128389817 T=0.149817766235245900887459340664 ub=11.2389984144379587000132735168 B=88329 (no point below T -> idx=1)
SATCERT u=-19/37 r=3 Rsub=3507.69466227049144657679374594 T=0.882679438345374325796715660299 ub=11.4351397979714847084429809544 B=223646 (no point below T -> idx=1)
SATCERT u=-37/27 r=2 Rsub=92.3431446909856808000793755133 T=0.109862714287960282755007203742 ub=10.4316043009068666637800477326 B=37854 (no point below T -> idx=1)
SATCERT u=-35/37 r=3 Rsub=5076.33205856487521292368749629 T=0.998418049585120514051810919416 ub=10.8044286787738033746097216257 B=133633 (no point below T -> idx=1)
SATCERT u=37/29 r=2 Rsub=57.2452592557654306080507698742 T=0.0865003287051186674635338957927 ub=8.23128740323747421895710535035 B=4097 (no point below T -> idx=1)
SATCERT u=-31/37 r=2 Rsub=54.6754848607780503525954002082 T=0.0845365103044663850747270472989 ub=10.7692847596995468936457634409 B=51732 (no point below T -> idx=1)
SATCERT u=-23/37 r=2 Rsub=185.113371419410064368383877908 T=0.155548880503779778196511403764 ub=13.1513459812855553135194465075 B=601328 (no point below T -> idx=1)
SATCERT u=33/37 r=2 Rsub=34.5121718719044166991411762411 T=0.0671636268054672158683934340562 ub=4.76021297585882085764565673669 B=125 (no point below T -> idx=1)
SATCERT u=-37/12 r=2 Rsub=255.937708427017483500607103650 T=0.182900601225644104972345110315 ub=12.6740323013251160383898578174 B=383438 (no point below T -> idx=1)
SATCERT u=-37/23 r=3 Rsub=3923.95012336117442948651071958 T=0.916298359168556412272236653963 ub=9.78737757190628717158057305189 B=44520 (no point below T -> idx=1)
SATCERT u=-37/15 r=2 Rsub=98.9856260208946131048085896348 T=0.113745457425108571363307726799 ub=8.98921770478591249788346064681 B=8982 (no point below T -> idx=1)
SATCERT u=-11/37 r=2 Rsub=26.5545329238517072554939888992 T=0.0589138395954610319418714735925 ub=5.57697411238594282110947181815 B=281 (no point below T -> idx=1)
SATCERT u=37/21 r=3 Rsub=893.586150281595222120463362379 T=0.559552996375329708685569928341 ub=8.22107339050939355905717140510 B=6507 (no point below T -> idx=1)
SATOPENB u=-37/9 r=2 Rsub=509.934308224477525802071428394 T=0.258169605184784535596719417230 ub=16.6534426159428263291463739585 B=22111585 > cap
SATOPENB u=-37/8 r=2 Rsub=305.881997874624629692265993358 T=0.199951632185116440703956502407 ub=17.5514398324536999664619147328 B=51207239 > cap
SATCERT u=13/37 r=2 Rsub=63.3201950552271813974975539497 T=0.0909743825189742469369767770930 ub=10.8950523014722168644882067852 B=59044 (no point below T -> idx=1)
SATCERT u=21/37 r=2 Rsub=149.697499472596287131445570667 T=0.139879885301202028010941005584 ub=9.39357598512849141800793884117 B=13815 (no point below T -> idx=1)
SATCERT u=37/6 r=3 Rsub=8875.54388409227190669212311751 T=1.20280181448981730109802669553 ub=12.5910318606979607893876962254 B=978557 (no point below T -> idx=1)
SATCERT u=37/33 r=2 Rsub=122.201003475832323733083596011 T=0.126382045634612637962461414157 ub=9.28288506779391766628237176363 B=12201 (no point below T -> idx=1)
SATOPENB u=-37/4 r=2 Rsub=127.673256308708492994602997797 T=0.129180797734206185734475349489 ub=16.2761520747775633621515422423 B=13327404 > cap
SATOPENB u=-37 r=2 Rsub=52.0541345522302714885721702184 T=0.0824851198353154555560038030034 ub=15.8822810082472701209839439842 B=8578470 > cap
SATCERT u=-37/19 r=2 Rsub=223.134902064238157416001293725 T=0.170777931040429562435679339077 ub=10.3339666884417013574581724010 B=36489 (no point below T -> idx=1)
SATOPENB u=-37/2 r=2 Rsub=441.722054930249475342282780853 T=0.240282718308809567214359173317 ub=20.1534104731688620062099413193 B=719231035 > cap
SATOPENB u=-37/5 r=2 Rsub=229.820651638667904829826807545 T=0.173317541667891711361704716693 ub=16.7253561342129268377365559044 B=21827336 > cap
SATCERT u=-7/37 r=2 Rsub=404.447565788171533638712746300 T=0.229921247657943461857469285279 ub=11.4959229556096315554511655847 B=123729 (no point below T -> idx=1)
SATCERT u=37/15 r=2 Rsub=275.805520897708320941703665683 T=0.189866992932997327485466324568 ub=12.0133497204821801688590026373 B=199430 (no point below T -> idx=1)
SATCERT u=-3/37 r=2 Rsub=66.5255440864254741756199046851 T=0.0932485767916907426597959059975 ub=8.12264875045359016720743337217 B=3700 (no point below T -> idx=1)
SATCERT u=25/37 r=2 Rsub=107.089709973025053821912823025 T=0.118310112060741675749958901742 ub=10.2556570847564080469456035166 B=32016 (no point below T -> idx=1)
SATCERT u=9/37 r=2 Rsub=136.499681408431576486209118351 T=0.133571503163406228884164753792 ub=7.76901733098016462140468495944 B=2705 (no point below T -> idx=1)
SATOPENB u=-37/6 r=2 Rsub=188.471679080278479854577865845 T=0.156953514318724748981377686785 ub=20.5003060981767663021483690878 B=936125038 > cap
SATCERT u=37/3 r=2 Rsub=184.296791394800806603765822260 T=0.155205419373892845286021163450 ub=13.2401412976259619692274054916 B=656940 (no point below T -> idx=1)
SATCERT u=-27/37 r=2 Rsub=315.295954508836332882138094309 T=0.203005214579657699710914597078 ub=9.34141397173391591148721052051 B=13967 (no point below T -> idx=1)
SATCERT u=37/4 r=2 Rsub=105.637467034291850063934103276 T=0.117505172426902206981532243597 ub=8.37965707712421550233681148442 B=4901 (no point below T -> idx=1)
SATOPENB u=-38/3 r=2 Rsub=247.658916580565081687036342451 T=0.179918150844331110636252863961 ub=20.2394472775803222629540995739 B=737934355 > cap
SATOPENB u=-38/5 r=2 Rsub=460.200904300654321048004438961 T=0.245257178874047477057014470169 ub=17.6206457800231817762494452369 B=57419985 > cap
SATOPENB u=-38 r=2 Rsub=269.401874621060427209564714336 T=0.187649884410247429494565508524 ub=19.7123944822932482405366574030 B=439015100 > cap
SATOPENB u=38/3 r=2 Rsub=409.072225214815970448511493222 T=0.231232029586497757199006690087 ub=17.1905663773511081070033061641 B=36829084 > cap
SATOPENB u=-38/9 r=2 Rsub=603.243331343275624960710321714 T=0.280798161092478968347008668049 ub=20.5333937672334146499869687688 B=1095188059 > cap
SATCERT u=39/23 r=2 Rsub=180.128378989178875219483289698 T=0.153440167843653710137894058130 ub=7.03942763070799444648636026970 B=1330 (no point below T -> idx=1)
SATCERT u=-25/39 r=2 Rsub=481.116068142795536520783533571 T=0.250768467158206425869527521400 ub=11.7101364722294782643277624263 B=156515 (no point below T -> idx=1)
SATCERT u=-39/19 r=3 Rsub=3631.03377149251504452073215763 T=0.892906214160556727819698221712 ub=12.8711899894462889323362806587 B=949885 (no point below T -> idx=1)
SATCERT u=-39/25 r=2 Rsub=83.6738737213553034172881265794 T=0.104578626144872884370144564589 ub=7.92724133619505874556533625581 B=3078 (no point below T -> idx=1)
SATCERT u=-39/2 r=2 Rsub=68.9513802244270802354259164210 T=0.0949334964664986637427331622842 ub=12.0133497204821801688590026373 B=181368 (no point below T -> idx=1)
SATCERT u=39/19 r=2 Rsub=47.6175949716800566729947414092 T=0.0788917741660449840837802131972 ub=7.87838170411243479776378818773 B=2857 (no point below T -> idx=1)
SATCERT u=7/39 r=2 Rsub=234.659302304935510076911812908 T=0.175132554371867195274003565596 ub=11.4159225866573276244379466289 B=108127 (no point below T -> idx=1)
SATCERT u=-39/10 r=2 Rsub=68.3513909161462967017188546674 T=0.0945195559917391301851781775329 ub=12.6780332727462806983655915980 B=352411 (no point below T -> idx=1)
SATCERT u=39/4 r=2 Rsub=96.2666851318840233265615667754 T=0.112172397748160176754159244532 ub=12.3827866192422260810511575927 B=266989 (no point below T -> idx=1)
SATCERT u=31/39 r=2 Rsub=222.585183445974178325556756025 T=0.170567435730897259270642881658 ub=9.65108772924496050060599112317 B=18429 (no point below T -> idx=1)
SATCERT u=-1/39 r=2 Rsub=84.3113873660057686375745015426 T=0.104976263955183085759172006556 ub=7.74519936291710800203518607817 B=2567 (no point below T -> idx=1)
SATCERT u=-39/29 r=2 Rsub=125.400393893835607427253938118 T=0.128025784240622826875499980501 ub=6.68583307274270464540877758730 B=911 (no point below T -> idx=1)
SATOPENB u=39/17 r=2 Rsub=348.945743728823481691100168184 T=0.213563459432155824390455598766 ub=15.1278858334892434632209187061 B=4599460 > cap
SATCERT u=-39/11 r=2 Rsub=88.1156956803975283166213013181 T=0.107318509348720879492730207436 ub=9.25362220129458592314336746076 B=11626 (no point below T -> idx=1)
SATCERT u=39 r=2 Rsub=96.2666851318840233265615667754 T=0.112172397748160176754159244532 ub=12.3827866192422260810511575927 B=266989 (no point below T -> idx=1)
SATCERT u=-39/7 r=2 Rsub=160.764114319549216858149485360 T=0.144958120919506356227745643777 ub=14.1763849773391066507780398645 B=1658366 (no point below T -> idx=1)
SATCERT u=-5/39 r=2 Rsub=130.843463249269273737857738487 T=0.130774783560123348275585902775 ub=9.54960142927536838666500528882 B=16001 (no point below T -> idx=1)
SATCERT u=-39/17 r=2 Rsub=60.0622077909243610320374860497 T=0.0886030436016737416258225204824 ub=6.09699398276510871380866305393 B=486 (no point below T -> idx=1)
SATCERT u=11/39 r=3 Rsub=577.230316944317449763425835221 T=0.483703014107895900846509934068 ub=9.54806807542787902584190919218 B=22738 (no point below T -> idx=1)
SATOPENB u=39/2 r=2 Rsub=166.643641762477692665614404428 T=0.147585050588257552740989022468 ub=15.4482896468355918768787226277 B=5932017 > cap
SATCERT u=-17/39 r=2 Rsub=151.409925796897081141816481997 T=0.140677670390953539740032537265 ub=9.76885632378936152929432381012 B=20122 (no point below T -> idx=1)
SATCERT u=23/39 r=2 Rsub=143.768141014228344617576582321 T=0.137081649959346082625853183408 ub=11.7472817219476270383925368047 B=144982 (no point below T -> idx=1)
SATCERT u=-29/39 r=2 Rsub=75.3734177668385527258295077143 T=0.0992560753251435349848673831603 ub=12.1014835470383265398932098843 B=198937 (no point below T -> idx=1)
SATOPENB u=-40/3 r=2 Rsub=89.5897203491576595186111189610 T=0.108212413906322893654601143622 ub=20.4816686390763189417095321254 B=875128292 > cap
SATOPENB u=-40/7 r=2 Rsub=176.011560374856074495039215100 T=0.151676602144351475486436151435 ub=16.9172772018166622834429258397 B=25879296 > cap
SATOPENB u=40 r=2 Rsub=126.258481487753095093944715797 T=0.128463063748073108496978897616 ub=19.4321671627124777575070742948 B=312661042 > cap
SATCERT u=-40/9 r=2 Rsub=122.201003475832323733083596011 T=0.126382045634612637962461414157 ub=9.28288506779391766628237176363 B=12201 (no point below T -> idx=1)
SATCERT u=-40 r=2 Rsub=296.298737449866944552571921492 T=0.196794472065439564199983593083 ub=11.8507235331576502563942570035 B=170676 (no point below T -> idx=1)
SATCERT u=-41/9 r=2 Rsub=217.886996909785167095835164018 T=0.168757720727201250606433693436 ub=13.0294053047733754080600032345 B=539374 (no point below T -> idx=1)
SATCERT u=33/41 r=2 Rsub=98.9856260208946131048085896348 T=0.113745457425108571363307726799 ub=8.98921770478591249788346064681 B=8982 (no point below T -> idx=1)
SATCERT u=-41/15 r=2 Rsub=409.622672937049806840262494266 T=0.231387550234865538682700451930 ub=8.42825660807960124195912611131 B=5766 (no point below T -> idx=1)
SATCERT u=-41/35 r=2 Rsub=66.1332360914401015928186652263 T=0.0929732220050009378740015041663 ub=9.52350241775798811881228358659 B=15011 (no point below T -> idx=1)
SATCERT u=-41/27 r=2 Rsub=514.013783278658675389740188887 T=0.259200226617384039591941602327 ub=11.8203879006020540196841216449 B=176238 (no point below T -> idx=1)
SATCERT u=-19/41 r=3 Rsub=1349.53589004378299649792096841 T=0.641983543595084127810324587762 ub=11.8176352135867683260957183233 B=257718 (no point below T -> idx=1)
SATCERT u=41/29 r=2 Rsub=91.2333502314147332760436601344 T=0.109200545057256226618089809813 ub=10.1669208597948359929769134936 B=29032 (no point below T -> idx=1)
SATCERT u=1/41 r=2 Rsub=1026.89731605602078906560161660 T=0.366362913348005684311615697297 ub=13.1025597457640202120716517215 B=707097 (no point below T -> idx=1)
SATCERT u=41 r=2 Rsub=73.5680103814855620921601224428 T=0.0980601379696477478820515821378 ub=4.94913257272864526094333243467 B=156 (no point below T -> idx=1)
SATCERT u=-11/41 r=4 Rsub=7912.40093883427536344112044514 T=1.32718474878663385627462976382 ub=11.1551634669767986962540675642 B=263643 (no point below T -> idx=1)
SATCERT u=41/5 r=2 Rsub=10.3716578039501906267443409608 T=0.0368190080819003645062431072370 ub=2.66132630438388126753546291315 B=15 (no point below T -> idx=1)
SATCERT u=-41/13 r=2 Rsub=193.628481123759564998136988022 T=0.159086238708562954271158322699 ub=12.7978987951441122306115342445 B=423787 (no point below T -> idx=1)
SATCERT u=41/37 r=2 Rsub=72.1364673898968201522660022183 T=0.0971013861902338521107654207968 ub=10.1631237798382154867629379439 B=28574 (no point below T -> idx=1)
SATCERT u=-31/41 r=2 Rsub=226.782416808755695889936287259 T=0.172168098970193236432777800830 ub=7.93018291888483839744015429353 B=3303 (no point below T -> idx=1)
SATCERT u=-41/23 r=2 Rsub=132.184407748347052922999832142 T=0.131443195695021657072857468013 ub=9.76062070769437668472463381436 B=19773 (no point below T -> idx=1)
SATCERT u=-41/19 r=2 Rsub=113.637331560604132601571852691 T=0.121873282384617091185551783717 ub=10.5033702389018461094802037042 B=41161 (no point below T -> idx=1)
SATCERT u=17/41 r=3 Rsub=3529.15968509023054278726909596 T=0.884476270676304695076274284298 ub=10.9260177521302778988084035078 B=134659 (no point below T -> idx=1)
SATOPENB u=-41/2 r=2 Rsub=153.790658998827886575346891103 T=0.141779347556799402226928884072 ub=20.6479192217699545617757492921 B=1068689074 > cap
SATOPENB u=41/15 r=2 Rsub=483.512239997211734533099056246 T=0.251392160765912419082000928672 ub=17.2847332732013481827048186312 B=41289775 > cap
SATCERT u=41/6 r=3 Rsub=719.677514160569683512584995091 T=0.520605070810561191609029921514 ub=12.9663181572916237459606685190 B=719941 (no point below T -> idx=1)
SATOPENB u=41/11 r=2 Rsub=166.643641762477692665614404428 T=0.147585050588257552740989022468 ub=15.4482896468355918768787226277 B=5932017 > cap
SATOPENB u=-41/5 r=2 Rsub=106.476743590232387361124359519 T=0.117971030961118300920409601479 ub=17.2162543861976653274704601168 B=33741039 > cap
SATOPENB u=-41/6 r=4 Rsub=116655.289896653626511452133658 T=2.60064109095414063610641839896 ub=21.0083158696336167024489707552 B=17915945452 > cap
SATCERT u=-35/41 r=2 Rsub=518.018753590374924641361436963 T=0.260208054618694629256884233940 ub=13.6573197500995786500413692240 B=1107403 (no point below T -> idx=1)
TIMECAP 10800 s at fiber 575/1395
SEARCH_DONE satcert Sig=2 fibers=1395 cert=454 certm=0 openB=120 openM=0 viol=0 skip=0 10847.330 s
DRIVER: TimeCap at fiber 575, resuming
Loading "split_lab.m"
SATCERT LANE Sig=2 sg=[ 2, 1, 3 ] fibers=1395 PtsCap=2000000
JOIN fibers=4113
SATCERT u=-39/41 r=2 Rsub=165.261604480572031245007635541 T=0.146971787764842296704674093504 ub=11.2165965867869869049396410899 B=86127 (no point below T -> idx=1)
SATCERT u=-41 r=2 Rsub=116.430496835201317878718722144 T=0.123361990946986507334075174792 ub=12.3793918642965872493277980230 B=269078 (no point below T -> idx=1)
SATCERT u=-15/41 r=2 Rsub=212.191602504320418411243856256 T=0.166537519157019191844823859726 ub=5.97733197748723141154153058784 B=466 (no point below T -> idx=1)
SATCERT u=-41/8 r=2 Rsub=457.545777478572251466027202871 T=0.244548650397710569825673442720 ub=10.0199219355006018162727717391 B=28695 (no point below T -> idx=1)
SATOPENB u=41/4 r=2 Rsub=584.936883564740418703509819542 T=0.276504687389059429541855898823 ub=16.2522814628194752777714533583 B=15078587 > cap
SATCERT u=-41/39 r=2 Rsub=48.7347269235506124792501828563 T=0.0798118289245245224498873746157 ub=9.34857351230431616019102949193 B=12437 (no point below T -> idx=1)
SATOPENB u=-42 r=2 Rsub=483.512239997211734533099056246 T=0.251392160765912419082000928672 ub=17.2847332732013481827048186312 B=41289775 > cap
SATOPENB u=-42/11 r=2 Rsub=236.577234467046662968895820338 T=0.175846800114061665471793119808 ub=17.9304023750531110894064737375 B=73020383 > cap
SATOPENB u=43/4 r=2 Rsub=45.9661394481534209063643702915 T=0.0775116549580447901469351931259 ub=17.2164384497912821639251875913 B=32409110 > cap
SATCERT u=19/43 r=2 Rsub=215.289591046053954064334784532 T=0.167748834305290400023764398034 ub=8.83683919743278195566028911687 B=8141 (no point below T -> idx=1)
SATCERT u=43/2 r=2 Rsub=82.3836468263360183188686425777 T=0.103769207712495145433006465872 ub=9.55270148832520310056487104009 B=15623 (no point below T -> idx=1)
SATCERT u=-43/6 r=2 Rsub=72.4154598293056802137874620310 T=0.0972889779208682584449594617783 ub=11.7590541649118394748638148478 B=140976 (no point below T -> idx=1)
SATOPENB u=-43/10 r=2 Rsub=86.2652121530757831114023295073 T=0.106185652938558568904552443342 ub=21.4909573302731025630489430154 B=2396183220 > cap
SATCERT u=27/43 r=2 Rsub=326.139079711657550000375517694 T=0.206466414185147559436253778270 ub=9.84030886829807609511182674938 B=23082 (no point below T -> idx=1)
SATOPENB u=43/17 r=2 Rsub=107.865499566974028860777446691 T=0.118737875503316731398861540660 ub=18.1693085411050925582211841085 B=87578529 > cap
SATCERT u=43/27 r=3 Rsub=1927.38709978007760474948051317 T=0.722967429023110945202541847918 ub=9.27619132022231297984980811994 B=22008 (no point below T -> idx=1)
SATCERT u=43/9 r=2 Rsub=96.2666851318840233265615667754 T=0.112172397748160176754159244532 ub=12.3827866192422260810511575927 B=266989 (no point below T -> idx=1)
SATCERT u=-37/43 r=3 Rsub=7839.25035851159932893586086354 T=1.15403928815860601556327718693 ub=11.3782962315980518964658734380 B=277156 (no point below T -> idx=1)
SATCERT u=-21/43 r=2 Rsub=172.987900325945793808728018410 T=0.150368150565968308153533956648 ub=7.62789836297430384503544964514 B=2389 (no point below T -> idx=1)
SATOPENB u=43 r=2 Rsub=52.0541345522302714885721702184 T=0.0824851198353154555560038030034 ub=15.8822810082472701209839439842 B=8578470 > cap
SATCERT u=-43/21 r=2 Rsub=163.133800309970511068182656994 T=0.146022564452028722996144628723 ub=9.30481071865201542988755240764 B=12719 (no point below T -> idx=1)
SATCERT u=-43/37 r=2 Rsub=935.912634705698634077818434547 T=0.349756383480848766843061494368 ub=13.3276649062262233221657126668 B=871021 (no point below T -> idx=1)
SATCERT u=23/43 r=4 Rsub=7912.40093883427536344112044505 T=1.32718474878663385627462976381 ub=11.1551634669767986962540675642 B=263643 (no point below T -> idx=1)
SATCERT u=-43/33 r=2 Rsub=139.424607829955808303230443562 T=0.134995008424170967317590688544 ub=12.6151113536438454581733295833 B=344589 (no point below T -> idx=1)
SATCERT u=-43/7 r=2 Rsub=167.357311464550120733664635404 T=0.147900737554195256539555139663 ub=13.3144151706281465215132928939 B=702441 (no point below T -> idx=1)
SATCERT u=-43/11 r=2 Rsub=220.613862271904542113663170046 T=0.169810442407428947272950762887 ub=9.23371582879216292817849786251 B=12132 (no point below T -> idx=1)
SATCERT u=-13/43 r=2 Rsub=232.237152069009197792937532524 T=0.174226351890776094341097598801 ub=10.3480720270676356127830928217 B=37135 (no point below T -> idx=1)
SATCERT u=43/23 r=2 Rsub=73.2165947194967918448661749866 T=0.0978256534552161528657031509028 ub=10.2084776221774494211336214242 B=29921 (no point below T -> idx=1)
SATCERT u=43/15 r=2 Rsub=45.5295487571752012046802574560 T=0.0771426702311491026929074975556 ub=9.56498040796025738093129876750 B=15401 (no point below T -> idx=1)
SATCERT u=43/11 r=2 Rsub=47.7450940221497126998563654986 T=0.0789973223583984167974755315977 ub=7.57926879264459531049795802259 B=2119 (no point below T -> idx=1)
SATCERT u=-29/43 r=2 Rsub=84.6434731755360101167989730656 T=0.105182801104907280445764809420 ub=6.69987363195345763734510051852 B=903 (no point below T -> idx=1)
SATOPENB u=-43/3 r=4 Rsub=65593.8078236499310781793672978 T=2.25200848097608426123927138300 ub=17.1271882005949749340058312995 B=260782343 > cap
SATCERT u=3/43 r=2 Rsub=64.8921218909081293373873135230 T=0.0920966816103523592548318286220 ub=8.34820348753412735138838281105 B=4630 (no point below T -> idx=1)
SATOPENB u=-43/2 r=2 Rsub=187.548353925365996398788638815 T=0.156568583662584225458905085789 ub=17.6740810795485275084886761519 B=55431006 > cap
SATCERT u=-5/43 r=2 Rsub=116.504625672035593290064242820 T=0.123401255684550540351910707554 ub=9.25709438640999756222849654055 B=11855 (no point below T -> idx=1)
SATCERT u=-43/41 r=2 Rsub=180.709809084090733352539959623 T=0.153687610402492779481658064912 ub=13.7144913230636035168893193303 B=1054081 (no point below T -> idx=1)
SATOPENB u=44 r=2 Rsub=269.401874621060427209564714336 T=0.187649884410247429494565508524 ub=19.7123944822932482405366574030 B=439015100 > cap
SATOPENB u=44/3 r=2 Rsub=365.961918419797711850473912769 T=0.218708641152350012307467982987 ub=18.4512159099733520487753109509 B=128305482 > cap
SATCERT u=44/7 r=3 Rsub=606.431782600046282101675849311 T=0.491725881386720159523557023495 ub=11.1003316583972636470184307433 B=108235 (no point below T -> idx=1)
SATOPENB u=-44/7 r=2 Rsub=166.634716654443199272193366309 T=0.147581098351784112098766749729 ub=21.6928328423810982978169940409 B=3056126010 > cap
SATOPENB u=-44/9 r=2 Rsub=524.050170012540805468963687887 T=0.261718503066257301434219519612 ub=17.1408256318342553979129102846 B=36126750 > cap
SATOPENB u=-44/5 r=2 Rsub=236.585761038663528742205919455 T=0.175849968966780194855395774964 ub=16.3334264646463793000632452534 B=14787259 > cap
SATCERT u=45/4 r=2 Rsub=145.615374638945567116868546127 T=0.137959499608383657369065241527 ub=10.5558503983964685798321726213 B=44083 (no point below T -> idx=1)
SATCERT u=45/19 r=2 Rsub=24.9171772829736846531981709172 T=0.0570686258848309494327169287563 ub=11.4704430071751443715458223332 B=101470 (no point below T -> idx=1)
SATOPENB u=-45/2 r=2 Rsub=107.865499566974028860777446691 T=0.118737875503316731398861540660 ub=18.1693085411050925582211841085 B=87578529 > cap
SATCERT u=45/2 r=2 Rsub=165.501184476952130929455503832 T=0.147078281793482205842748936660 ub=13.4717632600689830718805761416 B=821463 (no point below T -> idx=1)
SATCERT u=45/11 r=2 Rsub=122.201003475832323733083596011 T=0.126382045634612637962461414157 ub=9.28288506779391766628237176363 B=12201 (no point below T -> idx=1)
SATCERT u=-45/4 r=2 Rsub=91.2333502314147332760436601344 T=0.109200545057256226618089809813 ub=10.1669208597948359929769134936 B=29032 (no point below T -> idx=1)
SATCERT u=-43/45 r=2 Rsub=237.515178844366838559205992499 T=0.176195040223539809581147032745 ub=12.4011538456093455786541599517 B=289917 (no point below T -> idx=1)
SATCERT u=-45/13 r=2 Rsub=139.230229569969365500376611880 T=0.134900874227688446559610961245 ub=11.5111797829953156080577178084 B=114243 (no point below T -> idx=1)
SATOPENB u=-45/8 r=2 Rsub=144.396198600085194365356350528 T=0.137380747334814313984223127209 ub=18.9099246068212290651940715651 B=187128360 > cap
SATCERT u=37/45 r=2 Rsub=187.454270300153025262743217677 T=0.156529307423965438598920195167 ub=11.4640033360874679931194261527 B=111362 (no point below T -> idx=1)
SATCERT u=-45/31 r=2 Rsub=34.5121718719044166991411762411 T=0.0671636268054672158683934340562 ub=4.76021297585882085764565673669 B=125 (no point below T -> idx=1)
SATCERT u=-45/23 r=3 Rsub=895.458213101440944962163429393 T=0.559943478290330637986461710928 ub=7.78584129384509227102385518713 B=4213 (no point below T -> idx=1)
SATCERT u=-45/43 r=2 Rsub=187.735958589026020409576935809 T=0.156646871885543251635830824593 ub=9.23535156516692919417021510729 B=11993 (no point below T -> idx=1)
SATOPENB u=-46/11 r=2 Rsub=280.584253943300408868424320859 T=0.191504790424471507596095622242 ub=21.8131773012669479148210188744 B=3601737093 > cap
SATOPENB u=-46/9 r=2 Rsub=541.948636989305620400297940916 T=0.266150360466180038245780393951 ub=21.6811427223615243483781725292 B=3400856277 > cap
SATOPENB u=-46 r=4 Rsub=15878.1509097429609079956514351 T=1.57962606846656233193137521397 ub=20.6727264922621199344469826079 B=4613961077 > cap
SATCERT u=46 r=2 Rsub=296.298737449866944552571921492 T=0.196794472065439564199983593083 ub=11.8507235331576502563942570035 B=170676 (no point below T -> idx=1)
SATOPENB u=-46/13 r=2 Rsub=130.015915373235310592607553761 T=0.130360570828456218106268504463 ub=21.3156748126780583002342080889 B=2060130946 > cap
SATOPENB u=-46/3 r=2 Rsub=110.396639539697118643520978906 T=0.120122931259919429195833474190 ub=15.9550573032345059883165206459 B=9579925 > cap
SATCERT u=47/7 r=2 Rsub=40.0087276011281692737048973938 T=0.0723144961117143089684144500106 ub=6.25842525318269685248692325591 B=562 (no point below T -> idx=1)
SATCERT u=-1/47 r=2 Rsub=319.450719714997758625191836256 T=0.204338372482771781532527352008 ub=13.6936044878066627849520722034 B=1085926 (no point below T -> idx=1)
SATSKIP u=-33/47 not-complete-here (bounds=[3,3] gens=2 okS=true)
SATCERT u=-47/41 r=2 Rsub=19.9032043628223553153719847165 T=0.0510046175784289123348977554354 ub=10.2237803841803938900923953337 B=28993 (no point below T -> idx=1)
SATCERT u=-17/47 r=2 Rsub=103.799983750626288353449836587 T=0.116478732822343457778278373751 ub=10.1043910579472919806709037760 B=27471 (no point below T -> idx=1)
SATCERT u=47/23 r=2 Rsub=128.951570822650900524987775534 T=0.129825891327455143836611519426 ub=11.7449759448783415629832840119 B=143603 (no point below T -> idx=1)
SATCERT u=47 r=2 Rsub=116.430496835201317878718722144 T=0.123361990946986507334075174792 ub=12.3793918642965872493277980230 B=269078 (no point below T -> idx=1)
SATCERT u=-47/21 r=2 Rsub=541.289320999233051743326557781 T=0.265988416530169680485508876085 ub=10.5723507305765212525782355957 B=50937 (no point below T -> idx=1)
SATCERT u=47/13 r=2 Rsub=165.501184476952130929455503832 T=0.147078281793482205842748936660 ub=13.4717632600689830718805761416 B=821463 (no point below T -> idx=1)
SATCERT u=31/47 r=2 Rsub=276.863612155141009272777952023 T=0.190230844053644358501367188060 ub=8.68484052860918632420781774526 B=7152 (no point below T -> idx=1)
SATOPENB u=-47/2 r=2 Rsub=204.245950475048979485657029899 T=0.163389717488811448008760690303 ub=15.8467366392858205871963300502 B=8976552 > cap
SATCERT u=47/5 r=2 Rsub=40.0883121195498610958844775895 T=0.0723863836166133445198308256147 ub=12.0486801774107359988526972727 B=183702 (no point below T -> idx=1)
SATCERT u=-47/29 r=2 Rsub=340.344148987643931309113349442 T=0.210914840537232890635192182011 ub=10.7134563101466050814137123913 B=55513 (no point below T -> idx=1)
SATCERT u=47/19 r=3 Rsub=445.439266845350123264139910150 T=0.443668486655598472222962581544 ub=12.8489822432722038988871578122 B=592823 (no point below T -> idx=1)
SATCERT u=23/47 r=2 Rsub=161.182880260418902876024355868 T=0.145146795004835213059063380352 ub=9.49963797694881003564786181688 B=15442 (no point below T -> idx=1)
SATCERT u=47/15 r=2 Rsub=182.118195028700804818721029824 T=0.154285340462298205385814995111 ub=9.56498040796025738093129876750 B=16636 (no point below T -> idx=1)
SATCERT u=15/47 r=2 Rsub=107.848773032839750458193178243 T=0.118728668898165435660251587418 ub=9.77608167002668883290386505124 B=19828 (no point below T -> idx=1)
SATCERT u=47/27 r=2 Rsub=73.5680103814855620921601224428 T=0.0980601379696477478820515821378 ub=4.94913257272864526094333243467 B=156 (no point below T -> idx=1)
SATCERT u=47/35 r=2 Rsub=123.085984289278897022999951074 T=0.126838850061087321468488023571 ub=10.5893288402216621397353131008 B=45079 (no point below T -> idx=1)
SATOPENB u=-47/4 r=2 Rsub=376.239771346951139356590391971 T=0.221758535793981538081529811931 ub=21.6943133567238121363439291924 B=3296317894 > cap
SATOPENB u=-47/7 r=2 Rsub=79.5942109459967869069808944265 T=0.101997314047002727752021983977 ub=15.3926682980257812262262288296 B=5361025 > cap
SATOPENB u=47/4 r=2 Rsub=110.840433499980580910500693831 T=0.120364135895806600742337095668 ub=15.0523866126514881698155372598 B=3885456 > cap
SATOPENB u=-47/8 r=2 Rsub=339.848323192281860883482741577 T=0.210761150317275932792122423555 ub=22.0638494607872085942042415640 B=4717810309 > cap
SATCERT u=-47/23 r=2 Rsub=124.592355581764005474171058386 T=0.127612639898042275003930673871 ub=11.1680191189496029334512667049 B=80470 (no point below T -> idx=1)
SATCERT u=-47/37 r=2 Rsub=92.3273542021179774008376108391 T=0.109853320736656070574388735023 ub=11.6828568673347085645350408457 B=132285 (no point below T -> idx=1)
SATCERT u=-47/33 r=2 Rsub=109.901780797493511705758250732 T=0.119853400195721489090087279325 ub=12.6230409113741576497097163855 B=342113 (no point below T -> idx=1)
SATOPENB u=-47/15 r=4 Rsub=20912.8532173334563702621842113 T=1.69222315487191738058088988886 ub=16.0130162463583436587930829599 B=48897626 > cap
SATCERT u=-47/25 r=3 Rsub=3072.37110904365493504327495238 T=0.844540161371104322493895092660 ub=9.25748809053615653274832807594 B=24393 (no point below T -> idx=1)
SATCERT u=-47/3 r=2 Rsub=288.169263462451575309103054636 T=0.194075995607474490272669409547 ub=13.2578786234778552031949553422 B=695200 (no point below T -> idx=1)
SATCERT u=-25/47 r=2 Rsub=360.745866345721194626507351203 T=0.217144421255712541407018730790 ub=10.2047538816269388251824576676 B=33588 (no point below T -> idx=1)
SATOPENB u=48 r=2 Rsub=483.512239997211734533099056246 T=0.251392160765912419082000928672 ub=17.2847332732013481827048186312 B=41289775 > cap
SATOPENB u=-48/13 r=2 Rsub=407.513890721280730513127384586 T=0.230791177518412424974757086526 ub=18.8056475776463126130739461762 B=185105920 > cap
SATCERT u=-48 r=2 Rsub=122.864564809104775790708081938 T=0.126724713451094986228647538002 ub=12.7691412281154770712769184179 B=398661 (no point below T -> idx=1)
SATCERT u=48/5 r=2 Rsub=39.2556223424116179142509974795 T=0.0716306559133040159993471307537 ub=13.4683618964184760981857641149 B=759179 (no point below T -> idx=1)
SATCERT u=-48/11 r=2 Rsub=66.2383491929927961904089234328 T=0.0930470791467967536034466040049 ub=13.7010155792949300640978267574 B=978781 (no point below T -> idx=1)
SATCERT u=-15/49 r=2 Rsub=291.357292662693815033614848998 T=0.195146578401342480193227984195 ub=10.2338821854184458603379768946 B=33828 (no point below T -> idx=1)
SATCERT u=-49/39 r=2 Rsub=855.596261514121575621963697386 T=0.334412446947303708480312230171 ub=10.0591429451785599781446408711 B=32649 (no point below T -> idx=1)
SATCERT u=-49 r=2 Rsub=152.272234484299949342504852058 T=0.141077694858459013626646403143 ub=10.0742889011320286920132083684 B=27320 (no point below T -> idx=1)
SATCERT u=-49/23 r=2 Rsub=70.6143072704421745549746241005 T=0.0960714501114116107508327742353 ub=6.04010281825921410405220151476 B=463 (no point below T -> idx=1)
SATCERT u=45/49 r=2 Rsub=23.1103689243743527214099018185 T=0.0549605960143575949839092357907 ub=4.48832234165777836454738419200 B=94 (no point below T -> idx=1)
SATCERT u=-49/11 r=3 Rsub=2075.50700565096423556386489941 T=0.741032320859121406264785831947 ub=12.3616146637984730973206598005 B=490239 (no point below T -> idx=1)
SATCERT u=-47/49 r=3 Rsub=1743.64424974967827052155008779 T=0.699221934067565685710397538280 ub=10.1451867839011375436203225142 B=51247 (no point below T -> idx=1)
SATCERT u=25/49 r=2 Rsub=150.752932485808675119265135665 T=0.140372126460275348718011047248 ub=12.0773361369670052439658574194 B=202341 (no point below T -> idx=1)
SATOPENB u=-49/10 r=2 Rsub=382.157182786171570745553103664 T=0.223495615628215413580233741871 ub=19.0778456053327674989087471099 B=241249258 > cap
SATOPENB u=-49/12 r=2 Rsub=193.505823207151064099707470455 T=0.159035842512394778922296183627 ub=21.8366069177590082498017691815 B=3569326503 > cap
SATCERT u=49/11 r=2 Rsub=145.615374638945567116868546126 T=0.137959499608383657369065241527 ub=10.5558503983964685798321726213 B=44083 (no point below T -> idx=1)
SATOPENB u=-49/9 r=2 Rsub=250.494859098249208738808815555 T=0.180945340096857976781132090397 ub=18.3250197418149355737189575399 B=108902668 > cap
SATOPENB u=49/2 r=2 Rsub=110.430513732562368835570695214 T=0.120141359154404783607179586659 ub=20.1534104731688620062099413193 B=637810537 > cap
SATOPENB u=-49/13 r=2 Rsub=224.834639103221131489897932794 T=0.171427150118339768910195230753 ub=17.9458079768625457043577007850 B=73827004 > cap
SATCERT u=-49/8 r=2 Rsub=173.836363468147325933889305762 T=0.150736458916919149231563299524 ub=11.5890994872663734087381460824 B=125472 (no point below T -> idx=1)
SATCERT u=9/49 r=2 Rsub=92.2395949040743686777538641766 T=0.109801099255796072185565585974 ub=8.96908272265897622567519689105 B=8769 (no point below T -> idx=1)
SATCERT u=41/49 r=2 Rsub=134.126239902926702189278806872 T=0.132405147482336178555624353577 ub=8.49913494245865506470711459246 B=5606 (no point below T -> idx=1)
SATCERT u=-49/19 r=3 Rsub=6031.01740339105170178179271146 T=1.05744862443128027686331273727 ub=7.55772343090332831147839449891 B=5515 (no point below T -> idx=1)
SATOPENB u=-49/5 r=2 Rsub=175.014776156290710010278561370 T=0.151246506804332887382340730382 ub=15.1292474875770964015648205489 B=4327472 > cap
SATCERT u=1/49 r=2 Rsub=126.521537333055152532604999625 T=0.128596818629640144876657256072 ub=13.5448989587423870094188169905 B=867609 (no point below T -> idx=1)
SATOPENB u=-49/4 r=2 Rsub=105.114226773773657239406943069 T=0.117213799666986598791962503888 ub=21.6160078289004760991408285268 B=2745479640 > cap
SATCERT u=49/29 r=2 Rsub=212.519586405692957133026954092 T=0.166666177722653565089647321577 ub=12.5489256025528373809116339727 B=332899 (no point below T -> idx=1)
SATCERT u=-49/15 r=3 Rsub=1927.38709978007760474948051317 T=0.722967429023110945202541847918 ub=9.27619132022231297984980811994 B=22008 (no point below T -> idx=1)
SATCERT u=49/41 r=3 Rsub=2133.48238491395688215276065492 T=0.747868836254207992272528322449 ub=12.5619838088826783603154433432 B=603109 (no point below T -> idx=1)
SATCERT u=-49/31 r=2 Rsub=148.965014827527804177868937585 T=0.139537242596265985456605337549 ub=12.3698925926853752004156302069 B=270880 (no point below T -> idx=1)
SATCERT u=-49/17 r=3 Rsub=4750.14040971372995279341889704 T=0.976557676854653929870627486922 ub=12.9615618876100312203930383945 B=1130443 (no point below T -> idx=1)
SATCERT u=49/13 r=2 Rsub=63.3595540782457340360909084476 T=0.0910026523826556431717410460276 ub=7.49301850145214584878015162928 B=1967 (no point below T -> idx=1)
SATOPENB u=49/15 r=2 Rsub=483.512239997211734533099056246 T=0.251392160765912419082000928672 ub=17.2847332732013481827048186312 B=41289775 > cap
SATCERT u=-49/47 r=3 Rsub=5569.27106067636607042160972647 T=1.02974225610769938617915283530 ub=12.5983383530086196509716549214 B=829088 (no point below T -> idx=1)
SATOPENB u=49/4 r=2 Rsub=103.891743181558550712514641905 T=0.116530205186970162098806011628 ub=15.4754669981815754577421192545 B=5909060 > cap
SATOPENB u=49/3 r=2 Rsub=695.375381689856839343219659731 T=0.301479405493508820375120008190 ub=15.5839220706364729246684783803 B=7923959 > cap
SATCERT u=33/49 r=2 Rsub=113.637331560604132601571852691 T=0.121873282384617091185551783717 ub=10.5033702389018461094802037042 B=41161 (no point below T -> idx=1)
SATOPENB u=-50/11 r=2 Rsub=248.483330427971593016912228484 T=0.180217360303982216815157208108 ub=22.3493625851463033828044050709 B=6087966443 > cap
SATOPENB u=50/3 r=2 Rsub=693.789339015415884610880149969 T=0.301135395496765677513093987616 ub=19.4300877592080119685042412241 B=370818453 > cap
SATOPENB u=-50/7 r=2 Rsub=280.186956086570134348319963539 T=0.191369160227735451153399869573 ub=22.0458992588930712486060654325 B=4544885716 > cap
SATOPENB u=-50/3 r=2 Rsub=189.659961670217418021637366336 T=0.157447519788227499949224888721 ub=21.5414599489481047195966067708 B=2652868830 > cap
SATCERT u=-51/11 r=2 Rsub=212.615405681531350061314773935 T=0.166703746101741810804052515356 ub=11.5507087554478056267145862810 B=122690 (no point below T -> idx=1)
SATCERT u=51/19 r=2 Rsub=73.5680103814855620921601224428 T=0.0980601379696477478820515821378 ub=4.94913257272864526094333243467 B=156 (no point below T -> idx=1)
SATCERT u=-13/51 r=2 Rsub=490.683026743297005538858533499 T=0.253249450839150439875425073062 ub=12.5547397302477080924648822738 B=365123 (no point below T -> idx=1)
SATOPENB u=-51/4 r=2 Rsub=92.4107196727967811625732154144 T=0.109902904673833566310526266235 ub=18.8750625071334069378257194137 B=175818965 > cap
SATCERT u=11/51 r=2 Rsub=184.762531389180259468976366908 T=0.155401406943110019981394185680 ub=12.0969555382847751982832468794 B=209475 (no point below T -> idx=1)
SATCERT u=51/2 r=2 Rsub=275.805520897708320941703665683 T=0.189866992932997327485466324568 ub=12.0133497204821801688590026373 B=199430 (no point below T -> idx=1)
SATCERT u=-51/5 r=2 Rsub=47.7450940221497126998563654985 T=0.0789973223583984167974755315977 ub=7.57926879264459531049795802259 B=2119 (no point below T -> idx=1)
SATCERT u=51/13 r=2 Rsub=108.133125757010046718597948568 T=0.118885085125437390802963869409 ub=13.2671440331994348930272782932 B=650847 (no point below T -> idx=1)
SATCERT u=-51/29 r=2 Rsub=29.4022392464354878437539405256 T=0.0619923640211683183309593681523 ub=6.26481433875504493113968738883 B=560 (no point below T -> idx=1)
SATOPENB u=51/4 r=2 Rsub=59.7584508690720774080541119586 T=0.0883787103365427299169272856413 ub=15.8561826742604150135731867501 B=8406884 > cap
SATCERT u=-5/51 r=2 Rsub=284.356548759497952132853304377 T=0.192787828582588796730928944398 ub=13.8156728405405820762851585878 B=1212823 (no point below T -> idx=1)
SATCERT u=51/5 r=2 Rsub=45.5012143429057801880638449200 T=0.0771186623877498384774397299874 ub=10.7367380417744022105138660179 B=49705 (no point below T -> idx=1)
SATCERT u=-51/41 r=2 Rsub=64.4862145131415649691541308499 T=0.0918081923203224985680473481193 ub=8.50661627411094376814949421330 B=5424 (no point below T -> idx=1)
SATOPENB u=-37/51 r=2 Rsub=929.306114248374987654060830499 T=0.348519748362007682709242783359 ub=14.2067994367859099700294834414 B=2095535 > cap
SATCERT u=-51/25 r=2 Rsub=357.356335978388535730592204353 T=0.216121880548961412275257206510 ub=9.19498722457965644932460974943 B=12224 (no point below T -> idx=1)
SATCERT u=-51 r=3 Rsub=379.519610060561909400370046497 T=0.420604411126276660032471989452 ub=8.67758665001763136178522207157 B=8940 (no point below T -> idx=1)
SATOPENB u=52 r=4 Rsub=15878.1509097429609079956514351 T=1.57962606846656233193137521397 ub=20.6727264922621199344469826079 B=4613961077 > cap
SATOPENB u=-52/7 r=2 Rsub=426.476086557086727743417339516 T=0.236099646425949047391738182099 ub=22.2352042159291580041666945628 B=5743323361 > cap
SATOPENB u=52/5 r=2 Rsub=106.079613970431933847825539084 T=0.117750825332040674413855186585 ub=15.0125320768967240934927352214 B=3723904 > cap
SATOPENB u=-52 r=2 Rsub=164.930423693999410472736524538 T=0.146824449723351476921966187707 ub=16.3789974472560657667549724659 B=15033956 > cap
SATCERT u=52/3 r=2 Rsub=247.671470841759636180582532409 T=0.179922710968526101713218657819 ub=10.2347828193036105060892115655 B=33347 (no point below T -> idx=1)
SATOPENB u=-52/3 r=2 Rsub=142.687596547317202252532249832 T=0.136565533570128232270029775987 ub=21.7289494073173222359550098140 B=3133808707 > cap
SATOPENB u=-52/5 r=2 Rsub=219.953416231348087599938893506 T=0.169556073315052775840443640348 ub=22.3100182085111632357547393713 B=5791020018 > cap
SATOPENB u=-52/9 r=2 Rsub=82.5550985860778922669210109141 T=0.103877130625453222450562463158 ub=18.0399639264644183367697242724 B=75817604 > cap
SATCERT u=-19/53 r=2 Rsub=268.184004710397955308169867629 T=0.187225254824851795407587861318 ub=11.9691766668385247537411117238 B=190309 (no point below T -> idx=1)
SATCERT u=45/53 r=3 Rsub=6031.01740339105170178179271146 T=1.05744862443128027686331273727 ub=7.55772343090332831147839449891 B=5515 (no point below T -> idx=1)
SATOPENB u=-53/17 r=2 Rsub=126.307451094377656080629521369 T=0.128487973662116867030779530973 ub=16.5042986836723282116374499802 B=16731215 > cap
SATCERT u=53/6 r=3 Rsub=2289.18971798056882313501640634 T=0.765637173946577628951394430457 ub=11.6189094426634298923500749189 B=239079 (no point below T -> idx=1)
SATCERT u=53/45 r=2 Rsub=463.366377729015296115900351519 T=0.246099229178191114548846992524 ub=12.9378361920729235073954885650 B=531754 (no point below T -> idx=1)
SATCERT u=53/11 r=2 Rsub=39.2556223424116179142509974795 T=0.0716306559133040159993471307537 ub=13.4683618964184760981857641149 B=759179 (no point below T -> idx=1)
SATCERT u=53/21 r=2 Rsub=66.2094718369271366352113916411 T=0.0930267944734622943698339695361 ub=11.6261164386941727973221798771 B=122903 (no point below T -> idx=1)
SATOPENB u=-53/4 r=4 Rsub=64356.1353497965224646830959396 T=2.24130933541329131905761201621 ub=21.9863432242077178886925683853 B=33261039355 > cap
SATCERT u=53/9 r=2 Rsub=109.612124274872071066591986525 T=0.119695353512577947200760003496 ub=6.67036828449170261782538827161 B=889 (no point below T -> idx=1)
SATCERT u=53/15 r=2 Rsub=68.9513802244270802354259164210 T=0.0949334964664986637427331622842 ub=12.0133497204821801688590026373 B=181368 (no point below T -> idx=1)
SATOPENB u=-43/53 r=4 Rsub=20366.0296986368715340510768570 T=1.68105105724538375571214731107 ub=13.3546889281482027299328283726 B=3387965 > cap
SATOPENB u=-53/10 r=2 Rsub=93.9582000343000235160119240392 T=0.110819283702798182827618060346 ub=19.5106886194557745208391132564 B=332286433 > cap
SATCERT u=-53/9 r=2 Rsub=159.566926515441169647316339150 T=0.144417370921502575254874725286 ub=13.5435852205281140410872934648 B=880287 (no point below T -> idx=1)
SATCERT u=13/53 r=2 Rsub=128.115724845945007098513902552 T=0.129404450687696719020222769830 ub=11.4010053900745807075191660681 B=101764 (no point below T -> idx=1)
SATCERT u=53/7 r=2 Rsub=224.412087577053374090113018277 T=0.171265985294198790246855390607 ub=8.72644483190083316547419351517 B=7316 (no point below T -> idx=1)
SATCERT u=-27/53 r=2 Rsub=50.8553971799625350346405684815 T=0.0815298268092008468481581326089 ub=12.0594767721285557504967938169 B=187402 (no point below T -> idx=1)
SATCERT u=53 r=3 Rsub=839.727757261489116311351753025 T=0.548077431255133544882243347896 ub=11.1929524124444103774980791677 B=125622 (no point below T -> idx=1)
SATOPENB u=-53/12 r=2 Rsub=330.619418521733764332724103741 T=0.207879744029753566841269226781 ub=22.3605747504744138554373120572 B=6329293747 > cap
SATCERT u=53/3 r=2 Rsub=182.786142770049102890096465585 T=0.154568014648916956327286814722 ub=11.8633194396335338952421479848 B=165693 (no point below T -> idx=1)
SATOPENB u=53/33 r=3 Rsub=4150.53557953285129620470227902 T=0.933606348848184265801483874491 ub=14.6638977117862173077360822029 B=5941690 > cap
SATCERT u=29/53 r=2 Rsub=187.087600039375991082148303160 T=0.156376142771895731064039602325 ub=11.6893691913634717401789830917 B=139490 (no point below T -> idx=1)
SATCERT u=37/53 r=2 Rsub=63.9823268482266571744336748560 T=0.0914487996940940062454252317431 ub=8.76754616109129177630835964788 B=7038 (no point below T -> idx=1)
SATCERT u=21/53 r=3 Rsub=3923.95012336117442948651071958 T=0.916298359168556412272236653963 ub=9.78737757190628717158057305189 B=44520 (no point below T -> idx=1)
SATCERT u=-53/15 r=2 Rsub=519.397186254179393397197276672 T=0.260554027604779820243541527187 ub=8.50425972040723083077718468971 B=6405 (no point below T -> idx=1)
SATOPENB u=-53/13 r=2 Rsub=52.1282241748728699921272399648 T=0.0825438002688885354356080577085 ub=18.5555268325079451611544762909 B=124282858 > cap
SATCERT u=-53/7 r=2 Rsub=139.230229569969365500376611880 T=0.134900874227688446559610961245 ub=11.5111797829953156080577178084 B=114243 (no point below T -> idx=1)
SATCERT u=-53/27 r=2 Rsub=143.151744989392941510556498357 T=0.136787470224826700176508543317 ub=11.7335750507303540143764252233 B=142967 (no point below T -> idx=1)
SATOPENB u=53/2 r=2 Rsub=153.790658998827886575346891103 T=0.141779347556799402226928884072 ub=20.6479192217699545617757492921 B=1068689074 > cap
SATCERT u=53/4 r=2 Rsub=133.907683880681321884491232656 T=0.132297227732840379015496526341 ub=14.2188684981093767778255539736 B=1708568 (no point below T -> idx=1)
SATCERT u=-53/35 r=2 Rsub=146.160410783120697864737106725 T=0.138217448618899507578178418511 ub=12.8585518220478778285678405880 B=440987 (no point below T -> idx=1)
SATCERT u=-53 r=2 Rsub=129.443564891523597804355774358 T=0.130073320494921369642541086416 ub=10.7468376532084953239323851584 B=52940 (no point below T -> idx=1)
SATCERT u=-11/53 r=2 Rsub=98.5704673191174747683088495473 T=0.113506675105402128640654963926 ub=12.9477130616060932044116782203 B=470345 (no point below T -> idx=1)
SATCERT u=5/53 r=2 Rsub=185.710036186083596115001565188 T=0.155799364486694476923834944949 ub=14.0559238493650721856225011356 B=1486186 (no point below T -> idx=1)
SATCERT u=-53/23 r=4 Rsub=7912.40093883427536344112044501 T=1.32718474878663385627462976381 ub=11.1551634669767986962540675642 B=263643 (no point below T -> idx=1)
SATCERT u=-53/31 r=2 Rsub=170.321463819204138240892915174 T=0.149204762261428116345401316227 ub=12.3549120234399287368717010463 B=269445 (no point below T -> idx=1)
SATOPENB u=-54/5 r=2 Rsub=207.664340769677052031862476610 T=0.164751341060483021693167912062 ub=19.2833076374165973497183223540 B=279373172 > cap
SATOPENB u=-54/7 r=2 Rsub=99.9407122768192621657919543314 T=0.114292890079176071546822503661 ub=19.4866741686543885222753895343 B=325530612 > cap
SATOPENB u=-54 r=2 Rsub=52.1282241748728699921272399648 T=0.0825438002688885354356080577085 ub=18.5555268325079451611544762909 B=124282858 > cap
SATOPENB u=-54/13 r=2 Rsub=210.032351343315674951563298631 T=0.165688013756577555706854390117 ub=19.4537916964721455738257143150 B=331613175 > cap
SATCERT u=54/5 r=2 Rsub=152.272234484299949342504852058 T=0.141077694858459013626646403143 ub=10.0742889011320286920132083684 B=27320 (no point below T -> idx=1)
SATCERT u=54 r=2 Rsub=122.864564809104775790708081938 T=0.126724713451094986228647538002 ub=12.7691412281154770712769184179 B=398661 (no point below T -> idx=1)
SATOPENB u=-55/4 r=2 Rsub=211.813033517353520496910500838 T=0.166388893848100080943238634420 ub=18.1443175910726796205541041445 B=89585720 > cap
SATCERT u=55/6 r=2 Rsub=45.9093631406785831045288430177 T=0.0774637698691845878242834396515 ub=5.66982162063014134142625213738 B=314 (no point below T -> idx=1)
SATCERT u=47/55 r=2 Rsub=248.106388379889375962679682333 T=0.180080616155255954379059797607 ub=10.9510681106332834197442899284 B=68265 (no point below T -> idx=1)
SATOPENB u=55/39 r=3 Rsub=2495.30367401419911508006726382 T=0.787958874843907650823970793913 ub=15.0863020348263278128678300403 B=7836172 > cap
SATOPENB u=55/4 r=2 Rsub=52.5080878358289187378908246576 T=0.0828440068782887778534271950584 ub=19.4537916964721455738257143150 B=305248179 > cap
SATOPENB u=-55/6 r=2 Rsub=655.427378504052048663741541963 T=0.292691616966995223406029733872 ub=22.4131055728382096142066812070 B=7261100148 > cap
SATOPENB u=-55/3 r=2 Rsub=539.821472730589172054885190557 T=0.265627522947158079566432264261 ub=18.3009986892108582740639494990 B=115713309 > cap
SATOPENB u=55/2 r=2 Rsub=187.548353925365996398788638815 T=0.156568583662584225458905085789 ub=17.6740810795485275084886761519 B=55431006 > cap
SATCERT u=55 r=2 Rsub=152.272234484299949342504852058 T=0.141077694858459013626646403143 ub=10.0742889011320286920132083684 B=27320 (no point below T -> idx=1)
SATCERT u=39/55 r=2 Rsub=541.289320999233051743326557781 T=0.265988416530169680485508876085 ub=10.5723507305765212525782355957 B=50937 (no point below T -> idx=1)
SATCERT u=-55/29 r=2 Rsub=41.7948054875514491263734532729 T=0.0739110119943141568796136123184 ub=8.05921148010176996505512283823 B=3406 (no point below T -> idx=1)
SATCERT u=-9/55 r=2 Rsub=244.201848081013983492066912478 T=0.178657999888683806761310440320 ub=10.8639664524175732829737353316 B=62482 (no point below T -> idx=1)
SATOPENB u=55/13 r=2 Rsub=59.7584508690720774080541119586 T=0.0883787103365427299169272856413 ub=15.8561826742604150135731867501 B=8406884 > cap
SATCERT u=-55/37 r=2 Rsub=53.9008169387206383194747133261 T=0.0839354973812895487871061599088 ub=13.0813272526143265902662158350 B=521917 (no point below T -> idx=1)
SATOPENB u=-55/8 r=3 Rsub=3493.77449781751856319848101171 T=0.881510262802011584462966957832 ub=19.6426663579461842017206865622 B=819476780 > cap
SATCERT u=55/19 r=2 Rsub=196.028110285662619143946624844 T=0.160068977667229140505109686095 ub=9.74687681439028762375268501426 B=20070 (no point below T -> idx=1)
SATCERT u=-55/21 r=2 Rsub=59.3100016968426614374453541161 T=0.0880464728452973562307335493577 ub=9.03533397789937009362465885129 B=9168 (no point below T -> idx=1)
SATCERT u=-17/55 r=2 Rsub=668.691710855391230297199232622 T=0.295638482479913307964168288718 ub=7.92540239671850974524436735104 B=3719 (no point below T -> idx=1)
SATCERT u=-49/55 r=2 Rsub=416.546811687530389810674659699 T=0.233335007772182830131646933415 ub=8.78947748860964515264579972100 B=8291 (no point below T -> idx=1)
SATCERT u=-55/49 r=2 Rsub=165.019447533978476431257217327 T=0.146864069802826747155067697690 ub=11.2248578467352404932748452120 B=86832 (no point below T -> idx=1)
SATCERT u=55/23 r=2 Rsub=84.0980037267320371994880848278 T=0.104843337614635883472439605637 ub=11.9821823846572997968047870743 B=177554 (no point below T -> idx=1)
SATCERT u=55/47 r=2 Rsub=188.749323212071929231184058889 T=0.157069078591989430836982233596 ub=6.84594692336565151634562915570 B=1100 (no point below T -> idx=1)
SATCERT u=31/55 r=2 Rsub=89.0232232521678488627152715233 T=0.107869744945510080791611522780 ub=9.56859676301919309642010174983 B=15939 (no point below T -> idx=1)
SATSKIP u=7/55 not-complete-here (bounds=[2,2] gens=1 okS=true)
SATCERT u=23/55 r=3 Rsub=3755.30679583360798402534010605 T=0.902978806151887271032513968443 ub=10.2441847746470707623079827260 B=69367 (no point below T -> idx=1)
SATCERT u=55/31 r=2 Rsub=41.9691402744443734258972647065 T=0.0740650006485678900987546104146 ub=8.81358549807622845378622014360 B=7242 (no point below T -> idx=1)
SATOPENB u=56/3 r=2 Rsub=990.635666322260326748145369806 T=0.359836301688662221272505727922 ub=20.2394472775803222629540995739 B=883395515 > cap
SATOPENB u=-56 r=2 Rsub=102.949983417370008267213828773 T=0.116000840244402733357411066764 ub=21.6701901305776568222598324688 B=2894826372 > cap
SATOPENB u=-56/13 r=2 Rsub=254.105182824826793646030850817 T=0.182244636631461602745994427895 ub=16.5075229432064483950037685789 B=17712260 > cap
SATCERT u=49/57 r=2 Rsub=102.853170483644186890276642185 T=0.115946284513759743684098694581 ub=12.1693280163598510216451609133 B=216485 (no point below T -> idx=1)
SATCERT u=-57/31 r=2 Rsub=106.276140679549425353730541104 T=0.117859849456534014097800373946 ub=10.1298713320981860809483947652 B=28219 (no point below T -> idx=1)
SATOPENB u=-23/57 r=2 Rsub=135.715058092027768406226564140 T=0.133187054071905748421118986608 ub=14.4860155594793435584617447236 B=2233773 > cap
SATCERT u=-7/57 r=2 Rsub=207.715236994256128584289737461 T=0.164771529185957603518072665677 ub=12.8955804128327317578412193491 B=469937 (no point below T -> idx=1)
SATOPENB u=-47/57 r=2 Rsub=141.375467006568897375522966152 T=0.135936167269591638538342469192 ub=14.6902869271360379652986176003 B=2747559 > cap
SATOPENB u=57/2 r=2 Rsub=107.865499566974028860777446691 T=0.118737875503316731398861540660 ub=18.1693085411050925582211841085 B=87578529 > cap
SATOPENB u=-57/8 r=2 Rsub=220.577244262737468427426967048 T=0.169796349053732383953342953017 ub=19.8163094238216266493280838798 B=478470815 > cap
SATCERT u=-57 r=2 Rsub=82.6561695529368847174246989846 T=0.103940698780187571928197680570 ub=12.2043669843239446977583871351 B=221529 (no point below T -> idx=1)
SATOPENB u=-57/2 r=2 Rsub=390.110036351658382781304034758 T=0.225809160566917954984752136172 ub=14.7593203753387392973806454342 B=3220766 > cap
SATCERT u=57/13 r=2 Rsub=73.5680103814855620921601224428 T=0.0980601379696477478820515821378 ub=4.94913257272864526094333243467 B=156 (no point below T -> idx=1)
SATCERT u=1/57 r=2 Rsub=424.016184166527961194458945157 T=0.235417753570978516799570847793 ub=10.3403769316809843212501378463 B=39176 (no point below T -> idx=1)
SATCERT u=57/49 r=2 Rsub=519.397186254179393397197276672 T=0.260554027604779820243541527187 ub=8.50425972040723083077718468971 B=6405 (no point below T -> idx=1)
SATOPENB u=-57/17 r=2 Rsub=57.7642983825043204847655740955 T=0.0868915903112467118197946866560 ub=15.1773205343443960764203944040 B=4257583 > cap
SATCERT u=-57/43 r=2 Rsub=137.956564623761062413590717268 T=0.134282426395724395537634348909 ub=8.53455832555984834510307090295 B=5819 (no point below T -> idx=1)
SATCERT u=-57/47 r=3 Rsub=689.340301743290571844090602465 T=0.513184628422535610257573522492 ub=10.7813441234541984074783759666 B=80381 (no point below T -> idx=1)
SATOPENB u=-57/4 r=2 Rsub=219.010332062056358891107752233 T=0.169192183940721387254170458999 ub=19.4010069080272246067320556237 B=315667213 > cap
SATOPENB u=-57/5 r=2 Rsub=84.4242206989876463675258098579 T=0.105046484964499145026456518573 ub=15.8409664513358638238794713997 B=8419096 > cap
SATOPENB u=-55/57 r=2 Rsub=258.868175432907481560889523603 T=0.183944719845956958136377040129 ub=14.7356988090148851787713871381 B=3016608 > cap
SATOPENB u=-57/13 r=2 Rsub=70.0676954623591843148574399420 T=0.0956988924023665285444773125122 ub=16.1148950085779170543160335925 B=10969113 > cap
SATCERT u=25/57 r=3 Rsub=3684.52394670647903192039926078 T=0.897269441595214424473956913334 ub=8.30926850758715491588386387862 B=9963 (no point below T -> idx=1)
SATCERT u=-57/23 r=2 Rsub=328.300644382890669615738474897 T=0.207149486991494190717229200385 ub=8.48568901152729969992971125143 B=5961 (no point below T -> idx=1)
SATOPENB u=57/4 r=2 Rsub=86.0169344829618540078716718870 T=0.106032737746881081429366836406 ub=16.8222056881116417332168362242 B=22482290 > cap
SATCERT u=57/41 r=3 Rsub=2075.50700565096423556386489941 T=0.741032320859121406264785831947 ub=12.3616146637984730973206598005 B=490239 (no point below T -> idx=1)
SATOPENB u=-58/3 r=2 Rsub=154.184971691644006574533883550 T=0.141960989302102076647371059283 ub=17.0640324423269212019165008915 B=29680281 > cap
SATOPENB u=58 r=2 Rsub=164.930423693999410472736524538 T=0.146824449723351476921966187707 ub=16.3789974472560657667549724659 B=15033956 > cap
SATOPENB u=58/5 r=2 Rsub=217.310757479669011540390901000 T=0.168534418661172399585074986801 ub=19.0349957906351800940723695970 B=218769716 > cap
SATOPENB u=58/3 r=2 Rsub=89.5897203491576595186111189610 T=0.108212413906322893654601143622 ub=20.4816686390763189417095321254 B=875128292 > cap
SATOPENB u=-58/9 r=2 Rsub=197.140440659785826095317923609 T=0.160522478241990587618501244093 ub=22.8825613347861141143472372091 B=10173822259 > cap
SATOPENB u=-58/7 r=4 Rsub=17897.1584959570910260415569359 T=1.62760993442910666569232347578 ub=16.6372469165658684621295853083 B=85570988 > cap
SATOPENB u=-58/13 r=2 Rsub=130.000894798327992651832537445 T=0.130353040414696203243731115808 ub=18.5590027638085082788723902829 B=130822998 > cap
SATCERT u=-59/9 r=2 Rsub=285.173314494167014382907274206 T=0.193064505142679998432736310959 ub=11.5302584594573103745648716691 B=123417 (no point below T -> idx=1)
SATCERT u=59/19 r=2 Rsub=196.028110285662619143946624844 T=0.160068977667229140505109686095 ub=9.74687681439028762375268501426 B=20070 (no point below T -> idx=1)
SATCERT u=59/13 r=2 Rsub=152.272234484299949342504852058 T=0.141077694858459013626646403143 ub=10.0742889011320286920132083684 B=27320 (no point below T -> idx=1)
SATOPENB u=59/2 r=2 Rsub=204.245950475048979485657029899 T=0.163389717488811448008760690303 ub=15.8467366392858205871963300502 B=8976552 > cap
SATOPENB u=-59/15 r=2 Rsub=307.652328497025538212000826773 T=0.200529420024917840887627932925 ub=19.0536936543769595523514660642 B=230145684 > cap
SATOPENB u=-59/19 r=2 Rsub=183.864557792613683625457481166 T=0.155023309916089580293870386252 ub=17.2164384497912821639251875913 B=35021117 > cap
SATCERT u=59 r=2 Rsub=129.443564891523597804355774358 T=0.130073320494921369642541086416 ub=10.7468376532084953239323851584 B=52940 (no point below T -> idx=1)
SATCERT u=-59/29 r=2 Rsub=366.946065381879352449098935263 T=0.219002519997455744633319774262 ub=10.8768837472034081245030308865 B=65900 (no point below T -> idx=1)
SATOPENB u=-59/11 r=2 Rsub=129.894034643766610602171665572 T=0.130299454592263548250773201715 ub=19.5904331326514073879378819258 B=366948691 > cap
SATCERT u=59/11 r=2 Rsub=251.472842147380594173965384228 T=0.181298219770707226483342185051 ub=6.56070612505563046304414146984 B=848 (no point below T -> idx=1)
SATCERT u=59/23 r=2 Rsub=47.9991430276007139173552527200 T=0.0792072137159865271893346923422 ub=7.00422753868236582552441568476 B=1193 (no point below T -> idx=1)
SATCERT u=59/15 r=3 Rsub=1581.65454557720561613227496045 T=0.676861212064210754678862030378 ub=11.0595275219922583888965541635 B=125040 (no point below T -> idx=1)
SATOPENB u=-59/23 r=3 Rsub=2791.00883129240519268615648659 T=0.817930029023452672541291275311 ub=15.0498553437590437136931881580 B=7785592 > cap
SATCERT u=59/9 r=3 Rsub=1223.96006179811387953965899844 T=0.621419434845141927225193441768 ub=8.47558508916412166105779806279 B=8929 (no point below T -> idx=1)
SATOPENB u=-53/59 r=2 Rsub=97.8941314368745493172395032257 T=0.113116594896705278964620029529 ub=15.1280796935347325277953385718 B=4160710 > cap
SATCERT u=51/59 r=2 Rsub=59.3100016968426614374453541161 T=0.0880464728452973562307335493577 ub=9.03533397789937009362465885129 B=9168 (no point below T -> idx=1)
SATCERT u=3/59 r=2 Rsub=50.8553971799625350346405684815 T=0.0815298268092008468481581326089 ub=12.0594767721285557504967938169 B=187402 (no point below T -> idx=1)
SATCERT u=-13/59 r=3 Rsub=1167.00071638809591056837327800 T=0.611626260184047496009195958140 ub=10.9146048312960934830274544237 B=101340 (no point below T -> idx=1)
SATCERT u=-59/21 r=4 Rsub=70744.0788399609592830391801596 T=2.29496906021341291009078314124 ub=9.47415665910107297741826671895 B=129202 (no point below T -> idx=1)
SATOPENB u=59/6 r=2 Rsub=253.453928799087994843834121293 T=0.182010946596959372536689755998 ub=17.6598270601534479101333449632 B=56054670 > cap
SATOPENB u=-59/4 r=2 Rsub=154.821947767609548681774071089 T=0.142253924964279888015660560076 ub=19.5645612883432957757727362501 B=361877102 > cap
SATCERT u=59/27 r=2 Rsub=90.8213728977213417158013396730 T=0.108953710693027202521923508737 ub=12.4392363337940217354526401912 B=281586 (no point below T -> idx=1)
SATCERT u=-59/53 r=2 Rsub=37.4099263779531093134382594066 T=0.0699264404327015579072528964664 ub=6.86773428749080294265346474192 B=1031 (no point below T -> idx=1)
SATCERT u=59/31 r=2 Rsub=108.133125757010046718597948568 T=0.118885085125437390802963869409 ub=13.2671440331994348930272782932 B=650847 (no point below T -> idx=1)
SATCERT u=59/7 r=2 Rsub=29.4022392464354878437539405252 T=0.0619923640211683183309593681519 ub=6.26481433875504493113968738883 B=560 (no point below T -> idx=1)
SATCERT u=-59/33 r=3 Rsub=8667.49469062021904894885324142 T=1.19332922693762655520748535073 ub=11.2034927785022280103406173201 B=242032 (no point below T -> idx=1)
SATCERT u=47/59 r=2 Rsub=20.5328820474705992600939664324 T=0.0518051518082564417040303864015 ub=7.12375083211989471681134162130 B=1308 (no point below T -> idx=1)
SATCERT u=-59/25 r=2 Rsub=186.115026677658784290171768499 T=0.155969153098669949843684293955 ub=11.1598582387181588148781894126 B=82112 (no point below T -> idx=1)
SATCERT u=-59/45 r=2 Rsub=290.986522846389215246182665176 T=0.195022370948214409032507500460 ub=13.8565257237781727809748837283 B=1266222 (no point below T -> idx=1)
SATCERT u=-59/37 r=2 Rsub=50.2412418991101846820955549828 T=0.0810360339198928479028214574405 ub=8.41967670021428315058170109830 B=4919 (no point below T -> idx=1)
SATCERT u=-45/59 r=2 Rsub=404.447565788171533638712746302 T=0.229921247657943461857469285279 ub=11.4959229556096315554511655847 B=123729 (no point below T -> idx=1)
SATCERT u=43/59 r=2 Rsub=121.067722760638087952353488543 T=0.125794652950987746317959397184 ub=10.7812783022897650383340537263 B=54561 (no point below T -> idx=1)
SATCERT u=-29/59 r=2 Rsub=135.153237166279794965449249940 T=0.132911090311611801981653394687 ub=10.2813219588787218260592452502 B=33331 (no point below T -> idx=1)
SATCERT u=59/5 r=2 Rsub=71.8887397871109619043408092135 T=0.0969345123336004320303158019179 ub=12.8649647702094603249127693143 B=425875 (no point below T -> idx=1)
SATCERT u=-5/59 r=2 Rsub=266.368829764903425875424642651 T=0.186590571931767037876741333028 ub=9.78166673177690888077954381451 B=21339 (no point below T -> idx=1)
SATOPENB u=-60/13 r=2 Rsub=193.619827274292131437885609811 T=0.159082683643376248803908688777 ub=15.8365160447678415359360186884 B=8847087 > cap
SATOPENB u=-60 r=2 Rsub=97.4012469165939721848890540381 T=0.112831471708706701339902119191 ub=19.0923105340115545013683337890 B=219122613 > cap
SATOPENB u=60 r=2 Rsub=52.1282241748728699921272399648 T=0.0825438002688885354356080577085 ub=18.5555268325079451611544762909 B=124282858 > cap
SATOPENB u=-61/59 r=2 Rsub=135.871544178737782330191353164 T=0.133263817537611995037522469103 ub=15.1667150936563465049553831913 B=4412619 > cap
SATOPENB u=-61/6 r=2 Rsub=177.646581643472958261793733653 T=0.152379457135026602311966869004 ub=22.9009635007336094525192405523 B=10278734208 > cap
SATCERT u=-61/39 r=2 Rsub=222.208104508765223002024921095 T=0.170422896347543924985168251780 ub=7.29778119254257904927569956277 B=1752 (no point below T -> idx=1)
SATCERT u=-61/7 r=2 Rsub=129.344803379854924503777758665 T=0.130023690028438910478780591085 ub=11.9058118675204237416876576724 B=168693 (no point below T -> idx=1)
SATCERT u=61/9 r=2 Rsub=208.728598560278863011769947272 T=0.165172968154350036537570548926 ub=7.28942443327396867150471138764 B=1728 (no point below T -> idx=1)
SATOPENB u=-61/9 r=2 Rsub=921.679900637320300301858359763 T=0.347086764448032211409949619043 ub=19.4340955889736845532891249004 B=389814816 > cap
SATCERT u=13/61 r=4 Rsub=64873.0223475865101535800239622 T=2.24579620615686976729017732918 ub=10.3109260572317375863988101586 B=283998 (no point below T -> idx=1)
SATCERT u=-61/23 r=2 Rsub=111.988943942238452816040548578 T=0.120986125553761731197341115941 ub=10.6389251101040577293228089318 B=47095 (no point below T -> idx=1)
SATCERT u=21/61 r=2 Rsub=514.013783278658675389740188887 T=0.259200226617384039591941602327 ub=11.8203879006020540196841216449 B=176238 (no point below T -> idx=1)
SATOPENB u=61/3 r=4 Rsub=65593.8078236499310781793672975 T=2.25200848097608426123927138300 ub=17.1271882005949749340058312995 B=260782343 > cap
SATCERT u=-61/11 r=2 Rsub=217.751395378158643387006097787 T=0.168705199541311656490823810298 ub=8.82309786337897007132672732449 B=8037 (no point below T -> idx=1)
SATCERT u=-61/43 r=2 Rsub=480.357623867204698040274944679 T=0.250570730128777921750434481525 ub=12.2953410631945962098517569395 B=280945 (no point below T -> idx=1)
SATCERT u=-35/61 r=2 Rsub=127.722086071444788583402642544 T=0.129205498540295899137511522093 ub=14.0878820888623671940873230329 B=1494180 (no point below T -> idx=1)
SATCERT u=61/29 r=2 Rsub=41.9691402744443734258972647068 T=0.0740650006485678900987546104148 ub=8.81358549807622845378622014360 B=7242 (no point below T -> idx=1)
SATCERT u=-61/27 r=2 Rsub=237.522156814354218082329378877 T=0.176197628425856929464036433295 ub=7.66892030686950177332584575488 B=2554 (no point below T -> idx=1)
SATCERT u=61/21 r=2 Rsub=170.917530701817661144898368288 T=0.149465617059076149284096441711 ub=9.86093190280133059744596060504 B=22257 (no point below T -> idx=1)
SATCERT u=-27/61 r=2 Rsub=749.276872959813030887633437445 T=0.312945822462286286823112884303 ub=11.1974592347488856012275325476 B=99749 (no point below T -> idx=1)
SATCERT u=61/53 r=2 Rsub=133.907683880681321884491232656 T=0.132297227732840379015496526341 ub=14.2188684981093767778255539736 B=1708568 (no point below T -> idx=1)
SATCERT u=61/25 r=2 Rsub=126.915704511183576625556587610 T=0.128796979126069768716649724529 ub=9.24588930940080880618855846148 B=11787 (no point below T -> idx=1)
SATCERT u=-3/61 r=2 Rsub=273.668681240681377385559153244 T=0.189130052985290829897062748506 ub=11.1791646190763417350602491005 B=86535 (no point below T -> idx=1)
SATOPENB u=-61/13 r=2 Rsub=476.903330969620518081930583925 T=0.249668166786375407374701309220 ub=16.5298669731382423346193941074 B=19375795 > cap
SATCERT u=-59/61 r=3 Rsub=2045.72959050563104943697001831 T=0.737471359007547779871911534934 ub=13.6213504187349722099171884580 B=1721699 (no point below T -> idx=1)
SATCERT u=61/45 r=3 Rsub=3483.60375800058670677597943639 T=0.880654042156430535689069540225 ub=10.4829226639877452286142822379 B=86127 (no point below T -> idx=1)
SATOPENB u=61/15 r=2 Rsub=86.0169344829618540078716718870 T=0.106032737746881081429366836406 ub=16.8222056881116417332168362242 B=22482290 > cap
SATCERT u=-51/61 r=2 Rsub=130.843463249269273737857738487 T=0.130774783560123348275585902775 ub=9.54960142927536838666500528882 B=16001 (no point below T -> idx=1)
SATCERT u=5/61 r=2 Rsub=145.405126962662007334997430316 T=0.137859866785084493157351494223 ub=10.3731245734010231379526625844 B=36717 (no point below T -> idx=1)
SATCERT u=-61/3 r=3 Rsub=1581.65454557720561613227496045 T=0.676861212064210754678862030378 ub=11.0595275219922583888965541635 B=125040 (no point below T -> idx=1)
SATOPENB u=-61/14 r=2 Rsub=167.664358606019787207374772333 T=0.148036350656553935041729944767 ub=19.0791808589329911537397482317 B=224013575 > cap
SATOPENB u=-61 r=2 Rsub=164.147523080419985811181343501 T=0.146475558095616338248874670680 ub=18.6842229736164008277722590309 B=150684459 > cap
SATOPENB u=-43/61 r=2 Rsub=593.347657678158832806155871680 T=0.278485514823003358401062782422 ub=14.9142851582740292849475965264 B=3964026 > cap
SATOPENB u=-61/10 r=2 Rsub=299.341861314071421947040998442 T=0.197802475235034616149920066852 ub=23.4446735667926143848357935922 B=18526649427 > cap
SATOPENB u=-61/2 r=3 Rsub=3090.75021177992724928902227649 T=0.846220843960475504271261210014 ub=19.3858793909938656497606042801 B=611912732 > cap
SATOPENB u=61/4 r=2 Rsub=127.673256308708492994602997797 T=0.129180797734206185734475349489 ub=16.2761520747775633621515422423 B=13327404 > cap
SATOPENB u=-62/9 r=2 Rsub=196.180951510842977288509940994 T=0.160131367626695833744595293304 ub=23.2103195398018891806214269399 B=14114252049 > cap
SATOPENB u=62 r=2 Rsub=102.949983417370008267213828773 T=0.116000840244402733357411066764 ub=21.6701901305776568222598324688 B=2894826372 > cap
SATOPENB u=-62/11 r=2 Rsub=200.519840615900944968347695074 T=0.161892477726616701073741533098 ub=20.3441964812270918837774352754 B=804787608 > cap
SATOPENB u=62/5 r=2 Rsub=205.245055942622520849924012032 T=0.163788854932544307815522063389 ub=19.7133685105861497111852419070 B=429081470 > cap
SATCERT u=55/63 r=3 Rsub=3684.52394670647903192039926078 T=0.897269441595214424473956913334 ub=8.30926850758715491588386387862 B=9963 (no point below T -> idx=1)
SATOPENB u=-63/19 r=2 Rsub=224.281176197146439291013331971 T=0.171216023775969518284406458787 ub=15.8754853085361858937171180542 B=9310947 > cap
SATCERT u=-63/37 r=2 Rsub=96.9373659854566399782156542826 T=0.112562466755401183554580805689 ub=7.92230954614292461047654851655 B=3087 (no point below T -> idx=1)
SATOPENB u=-63/4 r=2 Rsub=155.929092665989862349085898595 T=0.142761653828132034061390855262 ub=20.1510431337918429101141515595 B=650859782 > cap
SATCERT u=63/19 r=2 Rsub=73.5680103814855620921601224428 T=0.0980601379696477478820515821378 ub=4.94913257272864526094333243467 B=156 (no point below T -> idx=1)
SATOPENB u=-17/63 r=2 Rsub=122.105370362187413696048533146 T=0.126332583380757975452401778991 ub=14.7970997742039187104343520765 B=3028059 > cap
SATOPENB u=-63/8 r=2 Rsub=213.819333038730009833502249176 T=0.167175056937207689386555060543 ub=17.3677807902218086479428193337 B=41241511 > cap
SATCERT u=-63/5 r=2 Rsub=63.3595540782457340360909084476 T=0.0910026523826556431717410460276 ub=7.49301850145214584878015162928 B=1967 (no point below T -> idx=1)
SATCERT u=-63/29 r=2 Rsub=79.4157430998725380178023551286 T=0.101882899593287970832329289595 ub=7.79087064225009424734568088741 B=2678 (no point below T -> idx=1)
SATCERT u=63 r=2 Rsub=82.6561695529368847174246989846 T=0.103940698780187571928197680570 ub=12.2043669843239446977583871351 B=221529 (no point below T -> idx=1)
SATOPENB u=-63/10 r=2 Rsub=117.217423748320940757778860480 T=0.123778176548283883130915429280 ub=20.6767951003772248001329544620 B=1080374176 > cap
SATCERT u=-41/63 r=2 Rsub=60.6200414731522740764751396314 T=0.0890135474116270873664099203333 ub=13.9795307018564988547074975493 B=1287927 (no point below T -> idx=1)
SATOPENB u=64/3 r=2 Rsub=110.396639539697118643520978907 T=0.120122931259919429195833474190 ub=15.9550573032345059883165206459 B=9579925 > cap
SATOPENB u=-64/11 r=2 Rsub=53.1793928709130842445874431677 T=0.0833718967368218704602431123969 ub=19.4206687119189406455112859106 B=295458992 > cap
SATOPENB u=-64/13 r=2 Rsub=85.2987699935641517321422347659 T=0.105589170684599118935495568237 ub=19.4161909405061260814476933875 B=300747053 > cap
SATOPENB u=64/5 r=2 Rsub=203.463482505952898079978426767 T=0.163076443465085737838737868690 ub=20.2866854962193887230759836349 B=760709372 > cap
SATCERT u=9/65 r=2 Rsub=171.723861582158507487128389817 T=0.149817766235245900887459340664 ub=11.2389984144379587000132735168 B=88329 (no point below T -> idx=1)
SATCERT u=49/65 r=2 Rsub=141.009949992408808615953520719 T=0.135760326509441301477943455117 ub=13.5414877683528348197136545456 B=870871 (no point below T -> idx=1)
SATOPENB u=-65/21 r=2 Rsub=76.7958650394412272376310285261 T=0.100188278162634911434057325795 ub=17.3361039273355521091152159095 B=37366765 > cap
SATCERT u=65/3 r=2 Rsub=288.169263462451575309103054636 T=0.194075995607474490272669409547 ub=13.2578786234778552031949553422 B=695200 (no point below T -> idx=1)
SATCERT u=-65/23 r=3 Rsub=6031.01740339105170178179271146 T=1.05744862443128027686331273727 ub=7.55772343090332831147839449891 B=5515 (no point below T -> idx=1)
SATCERT u=65/7 r=2 Rsub=85.6609109069579279458003333673 T=0.105813075783470842574408742509 ub=13.0541519093776480564220894804 B=519159 (no point below T -> idx=1)
SATOPENB u=-65/6 r=2 Rsub=629.616733458805802031260369207 T=0.286870655278683075365678706178 ub=23.1998214869106588785880867689 B=15854070881 > cap
SATCERT u=-65/19 r=2 Rsub=75.5888999996614525566620369047 T=0.0993978537988843605186545057299 ub=11.2342600639550009207727304398 B=83589 (no point below T -> idx=1)
SATCERT u=-65/63 r=3 Rsub=1823.94153314607360522768258756 T=0.709794647917828388724400836167 ub=12.7278999443134961803779849174 B=685357 (no point below T -> idx=1)
SATCERT u=-65/27 r=2 Rsub=118.669016847682848712147413516 T=0.124542238298384447260818761771 ub=8.19645333801103920041367113640 B=4110 (no point below T -> idx=1)
SATCERT u=1/65 r=2 Rsub=21.7367249497673368105113494472 T=0.0533021895676613159888687126090 ub=5.00742952214422088445100025483 B=158 (no point below T -> idx=1)
SATOPENB u=-65 r=2 Rsub=211.380149261830325029637778095 T=0.166218781628076968897713328841 ub=18.7343991915294755136274875553 B=161597297 > cap
SATCERT u=65/21 r=2 Rsub=170.917530701817661144898368288 T=0.149465617059076149284096441711 ub=9.86093190280133059744596060504 B=22257 (no point below T -> idx=1)
SATCERT u=-65/47 r=2 Rsub=287.505880883255877137474365541 T=0.193852479723151857536064417197 ub=10.8169969890874454115023985836 B=60528 (no point below T -> idx=1)
SATOPENB u=-23/65 r=3 Rsub=3052.35064293445482157569390857 T=0.842701739012427017273452946668 ub=13.8681100859443099657952940481 B=2448074 > cap
SATOPENB u=-47/65 r=2 Rsub=107.820819028330734627971128488 T=0.118713280884261180107203615245 ub=15.1760371153440858872121875853 B=4389608 > cap
SATCERT u=-65/3 r=3 Rsub=8207.64844870922937391493382541 T=1.17184093507241374674871337677 ub=13.2151094047478348575452397772 B=1770815 (no point below T -> idx=1)
SATCERT u=-63/65 r=3 Rsub=5699.05401930890785248674784137 T=1.03767974723893935429093035207 ub=8.09523306743418845439806238301 B=9255 (no point below T -> idx=1)
SATCERT u=-65/43 r=2 Rsub=111.865650934551797675468050215 T=0.120919508034876795942016432385 ub=10.0985098768941346459248728751 B=27432 (no point below T -> idx=1)
SATOPENB u=17/65 r=2 Rsub=218.619784696369221834306508724 T=0.169041261732174873633492534967 ub=14.6672042813065289251266606070 B=2775234 > cap
SATCERT u=65/9 r=2 Rsub=176.680962889544729491084725957 T=0.151964754653189893937841240113 ub=7.40798638074155482837410869317 B=1920 (no point below T -> idx=1)
SATOPENB u=-65/17 r=2 Rsub=177.150050301812526467117833831 T=0.152166353908303979526247905153 ub=15.4793017556364345531016790813 B=6146960 > cap
SATCERT u=57/65 r=2 Rsub=111.988943942238452816040548578 T=0.120986125553761731197341115941 ub=10.6389251101040577293228089318 B=47095 (no point below T -> idx=1)
SATCERT u=66/17 r=2 Rsub=36.8558634534329928799063158965 T=0.0694066830027976284536926715536 ub=13.5138002888301083132495972382 B=792706 (no point below T -> idx=1)
SATOPENB u=-66 r=2 Rsub=347.645089010730411759633044179 T=0.213165071357992853920901415905 ub=15.5625713435445173691587525288 B=7100931 > cap
SATOPENB u=66 r=2 Rsub=97.4012469165939721848890540379 T=0.112831471708706701339902119191 ub=19.0923105340115545013683337890 B=219122613 > cap
SATCERT u=-67 r=3 Rsub=893.586150281595222120463362383 T=0.559552996375329708685569928341 ub=8.22107339050939355905717140510 B=6507 (no point below T -> idx=1)
SATOPENB u=-67/7 r=2 Rsub=193.116935685073245905318811024 T=0.158875955439308154026289849163 ub=20.0168710234452435471753044625 B=578383083 > cap
SATOPENB u=23/67 r=4 Rsub=81464.1187945474861362043074278 T=2.37736520419805189546371057298 ub=13.3546889281482027299328283726 B=6797424 > cap
SATOPENB u=-67/17 r=3 Rsub=1616.62107800827853325293268439 T=0.681812818053239432013142743334 ub=14.1194029652215023003084856684 B=2679702 > cap
SATOPENB u=67 r=2 Rsub=164.147523080419985811181343501 T=0.146475558095616338248874670680 ub=18.6842229736164008277722590309 B=150684459 > cap
SATOPENB u=-67/13 r=3 Rsub=4992.01092668593822193417668446 T=0.992859033986861320394001218353 ub=14.0994872885599363666935326678 B=3585278 > cap
SATCERT u=-67/19 r=2 Rsub=165.501184476952130929455503832 T=0.147078281793482205842748936660 ub=13.4717632600689830718805761416 B=821463 (no point below T -> idx=1)
SATSKIP u=-67/2 not-complete-here (bounds=[2,2] gens=1 okS=true)
SATOPENB u=67/27 r=3 Rsub=2081.48293884888141374023941864 T=0.741742848661261584069811281974 ub=14.4516374075013983857197691536 B=3966443 > cap
SATCERT u=59/67 r=3 Rsub=5875.17565278233188119194115443 T=1.04826085384024863661497090620 ub=11.2657216460134379699299314078 B=222790 (no point below T -> idx=1)
SATOPENB u=67/5 r=2 Rsub=229.820651638667904829826807545 T=0.173317541667891711361704716693 ub=16.7253561342129268377365559044 B=21827336 > cap
SATOPENB u=-67/9 r=3 Rsub=2093.52351864928708650468903920 T=0.743170332258779508088201657770 ub=13.9972959642762017330900198753 B=2521757 > cap
SATCERT u=-67/23 r=2 Rsub=209.701920066707491123324721989 T=0.165557628957185886993755579134 ub=11.4108669178258231149073524470 B=106556 (no point below T -> idx=1)
SATOPENB u=-67/8 r=2 Rsub=274.927297379793465743153806023 T=0.189564463440288388341058203882 ub=19.5028580006727681471727388012 B=356705998 > cap
SATCERT u=-37/67 r=3 Rsub=10149.1788507998124559620271543 T=1.25778395782503120976149827094 ub=12.7192264293845536715183829650 B=1175273 (no point below T -> idx=1)
SATCERT u=27/67 r=2 Rsub=340.344148987643931309113349442 T=0.210914840537232890635192182011 ub=10.7134563101466050814137123913 B=55513 (no point below T -> idx=1)
SATCERT u=-67/41 r=2 Rsub=122.444616285707098702325392088 T=0.126507956859651056641662938070 ub=11.5608984442000809062176444276 B=119063 (no point below T -> idx=1)
SATCERT u=-61/67 r=2 Rsub=125.613019704035340080395837997 T=0.128134276949320918245340665391 ub=10.7426711717524795448483812147 B=52618 (no point below T -> idx=1)
SATCERT u=-67/25 r=2 Rsub=309.232509256450008807882348699 T=0.201043745545519533434762968731 ub=9.51638072593694864038430230329 B=16605 (no point below T -> idx=1)
SATCERT u=43/67 r=2 Rsub=86.2389745590444361826572492728 T=0.106169503509017891796218898901 ub=14.0471084356705238780350506516 B=1401815 (no point below T -> idx=1)
SATOPENB u=-29/67 r=3 Rsub=2303.45153096182483080222705636 T=0.767223874560245435464142544542 ub=14.0387873629768964698728367324 B=2692583 > cap
SATCERT u=67/35 r=2 Rsub=269.101612300514113944127635460 T=0.187545282506110811238320867870 ub=10.6507277869149167366207437695 B=50934 (no point below T -> idx=1)
SATOPENB u=-53/67 r=2 Rsub=206.143130669802068876742765797 T=0.164146802835340714393129698132 ub=15.3244128669783958425889693038 B=5328390 > cap
SATOPENB u=-67/12 r=2 Rsub=134.586427758148904433673624630 T=0.132632094373925110715797196048 ub=19.3967610605591171483530602419 B=303045391 > cap
SATCERT u=-67/53 r=2 Rsub=247.760765212949123679502938231 T=0.179955142312851473456443418943 ub=13.7408395587954992349093435595 B=1111027 (no point below T -> idx=1)
SATCERT u=-67/6 r=2 Rsub=72.4154598293056802137874620310 T=0.0972889779208682584449594617783 ub=11.7590541649118394748638148478 B=140976 (no point below T -> idx=1)
SATOPENB u=-67/3 r=2 Rsub=481.018816698646504499902803682 T=0.250743121062193846992916709922 ub=19.2538694573389444085495884026 B=295628034 > cap
SATCERT u=67/23 r=3 Rsub=1069.12156560032496213141562134 T=0.594025077087847486957028419651 ub=13.6964510216434119948287556930 B=1607959 (no point below T -> idx=1)
SATCERT u=-5/67 r=2 Rsub=245.913011284177954693065326547 T=0.179282850438309429373285663002 ub=7.75769594907920083689087409099 B=2799 (no point below T -> idx=1)
SATCERT u=-21/67 r=2 Rsub=185.113371419410064368383877908 T=0.155548880503779778196511403764 ub=13.1513459812855553135194465075 B=601328 (no point below T -> idx=1)
SATCERT u=51/67 r=2 Rsub=186.115026677658784290171768498 T=0.155969153098669949843684293954 ub=11.1598582387181588148781894126 B=82112 (no point below T -> idx=1)
SATOPENB u=-68/9 r=2 Rsub=810.571313325949105389619020688 T=0.325494466151834365817019292707 ub=23.6569998139583625152239448524 B=26029446196 > cap
SATOPENB u=-68/13 r=2 Rsub=144.340227462709099225860742828 T=0.137354118856911885300669569389 ub=17.9093864441721732211890062919 B=68801807 > cap
SATOPENB u=-68 r=2 Rsub=202.912729544715019581760875312 T=0.162855579025122391229417059054 ub=22.9370489331705322774489648895 B=10768645048 > cap
SATOPENB u=68/3 r=2 Rsub=189.659961670217418021637366336 T=0.157447519788227499949224888721 ub=21.5414599489481047195966067708 B=2652868830 > cap
SATOPENB u=68/5 r=2 Rsub=460.200904300654321048004438961 T=0.245257178874047477057014470169 ub=17.6206457800231817762494452369 B=57419985 > cap
SATCERT u=-69/43 r=2 Rsub=243.777312147467119859121247867 T=0.178502637154450206104901310491 ub=11.4796283251845236341327308234 B=115628 (no point below T -> idx=1)
SATOPENB u=-35/69 r=2 Rsub=140.455333144817472832695997736 T=0.135493078888430077443053672676 ub=15.3107601329669151034802294331 B=5107667 > cap
SATOPENB u=-69 r=2 Rsub=171.634271161299257050212938835 T=0.149778680264029510414635565037 ub=16.1108693003872082128960778388 B=11532135 > cap
SATOPENB u=-69/17 r=2 Rsub=166.679276325367018467718758914 T=0.147600829311022416610010495217 ub=17.2994203777081509362022590702 B=37769831 > cap
SATCERT u=61/69 r=2 Rsub=718.931313580052766375131718431 T=0.306543205545853180772889114628 ub=12.7398821807177298270384974611 B=463437 (no point below T -> idx=1)
SATCERT u=-69/31 r=2 Rsub=77.5369732416883943597821364114 T=0.100670544220109236643268620112 ub=5.68365572204031802545120044055 B=326 (no point below T -> idx=1)
SATCERT u=5/69 r=2 Rsub=179.754689191488094784090921321 T=0.153280923656222236320392373276 ub=13.4739102590131140605377873430 B=828351 (no point below T -> idx=1)
SATCERT u=-59/69 r=3 Rsub=2846.89810453969897078508811002 T=0.823353603262509011664887047552 ub=12.6927041240946560319000945414 B=741224 (no point below T -> idx=1)
SATCERT u=69/7 r=2 Rsub=129.344803379854924503777758665 T=0.130023690028438910478780591085 ub=11.9058118675204237416876576724 B=168693 (no point below T -> idx=1)
SATCERT u=-11/69 r=4 Rsub=81264.8850992837661413279225771 T=2.37591031129864698540420336755 ub=11.1846834390238259042730670269 B=774981 (no point below T -> idx=1)
SATCERT u=13/69 r=3 Rsub=3219.50785984227365871917153569 T=0.857812254010617016239019805262 ub=13.3405374019714037203281070644 B=1466443 (no point below T -> idx=1)
SATOPENB u=-69/8 r=2 Rsub=131.268747322056333633115816387 T=0.130987141562524958103315802899 ub=21.0045056543563463610618448551 B=1510177146 > cap
SATCERT u=69/19 r=2 Rsub=24.9171772829736846531981709172 T=0.0570686258848309494327169287563 ub=11.4704430071751443715458223332 B=101470 (no point below T -> idx=1)
SATOPENB u=-67/69 r=2 Rsub=465.377917888128780916871751819 T=0.246632826792366541348983243553 ub=15.5016522121083603855326190460 B=6908652 > cap
SATCERT u=53/69 r=2 Rsub=308.098643730363849228627460998 T=0.200674822628219798668242830023 ub=13.4446882539893094196208529061 B=843541 (no point below T -> idx=1)
SATCERT u=-69/7 r=3 Rsub=1581.65454557720561613227496045 T=0.676861212064210754678862030378 ub=11.0595275219922583888965541635 B=125040 (no point below T -> idx=1)
SATOPENB u=-69/4 r=2 Rsub=201.112835693089126077307634992 T=0.162131682412767374169826561705 ub=20.3105616296302365266087979155 B=778355028 > cap
SATCERT u=69/4 r=2 Rsub=91.2333502314147332760436601344 T=0.109200545057256226618089809813 ub=10.1669208597948359929769134936 B=29032 (no point below T -> idx=1)
SATCERT u=69/61 r=2 Rsub=302.355599998645810226648147619 T=0.198795707597768721037309011460 ub=11.2342600639550009207727304398 B=92324 (no point below T -> idx=1)
SATCERT u=69/13 r=2 Rsub=10.3716578039501906267443409608 T=0.0368190080819003645062431072370 ub=2.66132630438388126753546291315 B=15 (no point below T -> idx=1)
SATCERT u=69/37 r=2 Rsub=139.230229569969365500376611880 T=0.134900874227688446559610961245 ub=11.5111797829953156080577178084 B=114243 (no point below T -> idx=1)
SATCERT u=-69/35 r=2 Rsub=50.2412418991101846820955549830 T=0.0810360339198928479028214574407 ub=8.41967670021428315058170109830 B=4919 (no point below T -> idx=1)
SATCERT u=-19/69 r=2 Rsub=573.359275515356278119600506285 T=0.273754593916648411255699625985 ub=12.7389282905580406203111228855 B=448061 (no point below T -> idx=1)
SATOPENB u=69/2 r=2 Rsub=390.110036351658382781304034758 T=0.225809160566917954984752136172 ub=14.7593203753387392973806454342 B=3220766 > cap
SATCERT u=69/25 r=3 Rsub=839.727757261489116311351753025 T=0.548077431255133544882243347896 ub=11.1929524124444103774980791677 B=125622 (no point below T -> idx=1)
SATOPENB u=-70 r=2 Rsub=255.289559036883287743654016042 T=0.182668861122594030676193286447 ub=18.7939482243986808565849592968 B=174357281 > cap
SATOPENB u=-70/13 r=2 Rsub=98.7560913945422392440192316076 T=0.113613500517581432898543544001 ub=20.9946999242089204150288286629 B=1469684259 > cap
SATOPENB u=-70/3 r=2 Rsub=827.592137630680069669468173534 T=0.328894167991181102927750421173 ub=23.1636450566108744809852477970 B=15947042482 > cap
SATOPENB u=70/3 r=2 Rsub=142.687596547317202252532249832 T=0.136565533570128232270029775987 ub=21.7289494073173222359550098140 B=3133808707 > cap
SATCERT u=71/11 r=2 Rsub=48.8025463013970402097285642272 T=0.0798673427964629001265485500075 ub=8.21072448781035823624504013228 B=3987 (no point below T -> idx=1)
SATCERT u=-71/21 r=3 Rsub=1911.12862998639110676657136839 T=0.720928822607263966757333001366 ub=13.4600661752327821109216494814 B=1441213 (no point below T -> idx=1)
SATOPENB u=71/4 r=2 Rsub=376.239771346951139356590391971 T=0.221758535793981538081529811931 ub=21.6943133567238121363439291924 B=3296317894 > cap
SATCERT u=-9/71 r=2 Rsub=54.6754848607780503525954002082 T=0.0845365103044663850747270472989 ub=10.7692847596995468936457634409 B=51732 (no point below T -> idx=1)
SATCERT u=-71 r=2 Rsub=107.506793485603990376013701920 T=0.118540280039230147609236861670 ub=10.3660105989632731220171714557 B=35759 (no point below T -> idx=1)
SATOPENB u=71/5 r=2 Rsub=106.476743590232387361124359519 T=0.117971030961118300920409601479 ub=17.2162543861976653274704601168 B=33741039 > cap
SATOPENB u=-71/4 r=2 Rsub=235.237188574249885206906224919 T=0.175348067809116175147549914403 ub=19.0851688408026503455190973925 B=231598751 > cap
SATOPENB u=-71/23 r=2 Rsub=124.322244501535278792028562089 T=0.127474235377588531547848891252 ub=17.9696666376087146747566597509 B=72358311 > cap
SATOPENB u=-65/71 r=2 Rsub=691.157921961714823845617465318 T=0.300563777018093331406011473715 ub=14.4878016598476325688711265576 B=2645487 > cap
SATCERT u=-71/17 r=2 Rsub=268.729390381776153577706234586 T=0.187415531106962199093801108053 ub=12.4145997790481809682241532743 B=297157 (no point below T -> idx=1)
SATOPENB u=71/31 r=3 Rsub=3293.39624794563715228002751968 T=0.864325006596638381399153353466 ub=15.3676423211368153121966002984 B=11206084 > cap
SATCERT u=-71/5 r=2 Rsub=105.370624063020061520427463623 T=0.117356668035250785773807393027 ub=12.3418704803011232033440410271 B=257617 (no point below T -> idx=1)
SATCERT u=-17/71 r=2 Rsub=357.825569822614204737664582273 T=0.216263725567924446633382361233 ub=11.3612285406802049914945005804 B=106670 (no point below T -> idx=1)
SATCERT u=-57/71 r=3 Rsub=4909.10802498411114433855098505 T=0.987332150066954595792828578642 ub=10.9375615625934021007693634059 B=150979 (no point below T -> idx=1)
SATCERT u=71/39 r=2 Rsub=204.585098379428042675883465712 T=0.163525314537282805150474240126 ub=14.0448030588628944587748974411 B=1481149 (no point below T -> idx=1)
SATOPENB u=-71/15 r=2 Rsub=79.9014035705023919241785903881 T=0.102193953025432013904856116207 ub=20.2738350359621714948814032387 B=706637943 > cap
SATCERT u=-71/13 r=2 Rsub=128.400305480211148629078867951 T=0.129548092591074867992043982460 ub=12.5626991568761758180368772288 B=325217 (no point below T -> idx=1)
SATCERT u=31/71 r=2 Rsub=59.3100016968426614374453541161 T=0.0880464728452973562307335493577 ub=9.03533397789937009362465885129 B=9168 (no point below T -> idx=1)
SATOPENB u=71 r=2 Rsub=211.380149261830325029637778095 T=0.166218781628076968897713328841 ub=18.7343991915294755136274875553 B=161597297 > cap
SATCERT u=47/71 r=2 Rsub=195.249907050930049653787955455 T=0.159750936368291849175568288614 ub=13.9448846010859258018262680720 B=1335259 (no point below T -> idx=1)
SATOPENB u=-71/2 r=2 Rsub=157.199308658652163018362351849 T=0.143341950708821171521603819846 ub=17.2100302555332203047032720082 B=34393296 > cap
SATOPENB u=-71/6 r=2 Rsub=248.969694364677968485817291521 T=0.180393646528083077166124808654 ub=19.3235923768994043836768261964 B=295442865 > cap
SATCERT u=71/23 r=3 Rsub=1069.12156560032496213141562134 T=0.594025077087847486957028419651 ub=13.6964510216434119948287556930 B=1607959 (no point below T -> idx=1)
SATCERT u=63/71 r=2 Rsub=309.232509256450008807882348699 T=0.201043745545519533434762968731 ub=9.51638072593694864038430230329 B=16605 (no point below T -> idx=1)
SATCERT u=55/71 r=4 Rsub=64873.0223475865101535800239622 T=2.24579620615686976729017732918 ub=10.3109260572317375863988101586 B=283998 (no point below T -> idx=1)
SATCERT u=-71/19 r=2 Rsub=303.328181055892122041811002576 T=0.199115181930083964768191983190 ub=10.5712355630079214001873229371 B=47589 (no point below T -> idx=1)
SATCERT u=71/35 r=3 Rsub=3320.57015896171430537587179565 T=0.866695688812587234832001764329 ub=12.6146759865453218036436871083 B=715955 (no point below T -> idx=1)
SATCERT u=-33/71 r=3 Rsub=5398.14356017513198599168387364 T=1.01908535244910899262752675084 ub=11.8176352135867683260957183233 B=375766 (no point below T -> idx=1)
SATCERT u=-71/41 r=2 Rsub=336.319922079752171397865477241 T=0.209664204845629135374121981764 ub=13.7441139765378784711137365420 B=1148283 (no point below T -> idx=1)
SATCERT u=-71/49 r=2 Rsub=157.366007593499544954451637664 T=0.143417932655972101944089936643 ub=10.3925251504799700717107455507 B=37645 (no point below T -> idx=1)
SATCERT u=-71/29 r=2 Rsub=171.283725943488126928515360763 T=0.149625648367338917418970025055 ub=6.50926767665600574396091283733 B=780 (no point below T -> idx=1)
SATCERT u=7/71 r=2 Rsub=137.922282594339191128983791759 T=0.134265740853684457585331767122 ub=13.8345039365453742605043610991 B=1165627 (no point below T -> idx=1)
SATCERT u=39/71 r=2 Rsub=41.7948054875514491263734532729 T=0.0739110119943141568796136123184 ub=8.05921148010176996505512283823 B=3406 (no point below T -> idx=1)
SATCERT u=-71/10 r=2 Rsub=229.505473534485531577053800051 T=0.173198656277743988517472522447 ub=11.6654701272080363937626510776 B=138506 (no point below T -> idx=1)
SATCERT u=-1/71 r=3 Rsub=2892.96970082032629519227941772 T=0.827771324822541040246122424870 ub=10.0923795199680444258133245280 B=55280 (no point below T -> idx=1)
SATCERT u=-71/37 r=2 Rsub=147.953440383383181212056270886 T=0.139062658828789800301867406133 ub=8.04033242596774022312158690494 B=3567 (no point below T -> idx=1)
SATCERT u=15/71 r=2 Rsub=139.424607829955808303230443562 T=0.134995008424170967317590688544 ub=12.6151113536438454581733295833 B=344589 (no point below T -> idx=1)
SATOPENB u=72 r=2 Rsub=86.9112722526826029399082610446 T=0.106582535678996426960450707952 ub=15.5625713435445173691587525288 B=6383033 > cap
SATOPENB u=-72/13 r=2 Rsub=77.3851377888096899280213835207 T=0.100571927731470120276344444555 ub=18.2139686505026799319895161386 B=89929859 > cap
SATOPENB u=-72 r=2 Rsub=135.235061250920043246725838530 T=0.132951317549234232229221101088 ub=17.0965480387597386602956763476 B=30386208 > cap
SATOPENB u=-72/5 r=2 Rsub=194.324344420273097041720933919 T=0.159371844915712155296948619170 ub=20.9153935546425944025931281927 B=1421197126 > cap
SATOPENB u=72/7 r=4 Rsub=17897.1584959570910260415569358 T=1.62760993442910666569232347578 ub=16.6372469165658684621295853083 B=85570988 > cap
SATOPENB u=-73/5 r=2 Rsub=219.138542097417449231717610093 T=0.169241699783038320870840046730 ub=14.7499219194539418743573811164 B=3015161 > cap
SATCERT u=73/41 r=3 Rsub=366.057703283602605437448308086 T=0.415571350405697495047105922429 ub=9.69054115795614776625964011536 B=24493 (no point below T -> idx=1)
SATCERT u=-73/43 r=3 Rsub=3208.87714381267446283985504364 T=0.856867056339649691371620728902 ub=10.0821514192860882520883348646 B=56333 (no point below T -> idx=1)
SATCERT u=-73/27 r=2 Rsub=138.566046726644592077059455131 T=0.134578724513728145088693765419 ub=7.65154511488025601293969793011 B=2407 (no point below T -> idx=1)
SATOPENB u=-73/4 r=2 Rsub=321.586979021714233666813834160 T=0.205020468921420236557046611955 ub=23.7848729513012780734212314958 B=26222755997 > cap
SATOPENB u=73/15 r=2 Rsub=125.626800942691195767328037706 T=0.128141305681787517466317415981 ub=14.4438262113004858515698305482 B=2130714 > cap
SATCERT u=-73/67 r=3 Rsub=895.458213101440944962163429392 T=0.559943478290330637986461710928 ub=7.78584129384509227102385518713 B=4213 (no point below T -> idx=1)
SATOPENB u=-73/9 r=2 Rsub=382.744784458593314058407484906 T=0.223667372120853448437151532742 ub=20.2992633602966200471685699078 B=818456439 > cap
SATOPENB u=-73/12 r=4 Rsub=24231.5934299247382383594874080 T=1.75569795926388005470547979947 ub=24.1286047634955671452125754810 B=174345137916 > cap
SATOPENB u=73/25 r=3 Rsub=1086.08513251662651209043256133 T=0.597150369795461753042562976786 ub=14.4162315284205113579970468340 B=3313058 > cap
SATCERT u=-27/73 r=2 Rsub=34.5121718719044166991411762413 T=0.0671636268054672158683934340564 ub=4.76021297585882085764565673669 B=125 (no point below T -> idx=1)
SATCERT u=-73/11 r=2 Rsub=131.032626937908088418657226847 T=0.130869281616245952193384407028 ub=11.0871742821965180282423786787 B=74462 (no point below T -> idx=1)
SATCERT u=-71/73 r=2 Rsub=128.082815137490396989159350635 T=0.129387829245360271681500046754 ub=13.5302869707496176499135404206 B=855700 (no point below T -> idx=1)
SATCERT u=41/73 r=2 Rsub=296.642990151387967666417220884 T=0.196908761047568006602306803526 ub=8.54221289197343590860452231826 B=6243 (no point below T -> idx=1)
SATCERT u=57/73 r=2 Rsub=474.676067390731394848589654067 T=0.249084476596768894521637523543 ub=8.19645333801103920041367113640 B=4655 (no point below T -> idx=1)
SATCERT u=73/21 r=2 Rsub=66.2094718369271366352113916411 T=0.0930267944734622943698339695361 ub=11.6261164386941727973221798771 B=122903 (no point below T -> idx=1)
SATCERT u=-73/31 r=2 Rsub=96.4154496896014748921251808811 T=0.112259036418756693827347877946 ub=11.2605750004398832805020423380 B=86928 (no point below T -> idx=1)
SATCERT u=-15/73 r=2 Rsub=75.3734177668385527258295077143 T=0.0992560753251435349848673831603 ub=12.1014835470383265398932098843 B=198937 (no point below T -> idx=1)
SATCERT u=73/33 r=2 Rsub=202.562981403371626722849184659 T=0.162715166441571671808586546730 ub=13.5282229411653245648530846373 B=882875 (no point below T -> idx=1)
SATCERT u=65/73 r=2 Rsub=180.410601872255050922903329250 T=0.153560324861380984615145605714 ub=9.96402485854494768618299081759 B=24775 (no point below T -> idx=1)
SATCERT u=-73/23 r=2 Rsub=71.8471716538455919994899568611 T=0.0969064831221838287966642858743 ub=10.9311039714970395354309067803 B=61575 (no point below T -> idx=1)
SATCERT u=1/73 r=3 Rsub=5618.88681249535206629284837941 T=1.03279115666244628943920041664 ub=12.9489265356294124844684222428 B=1180818 (no point below T -> idx=1)
SATOPENB u=25/73 r=2 Rsub=326.498584159972214984149067416 T=0.206580177231980590884016430619 ub=14.7387469698230295954112579008 B=3095089 > cap
