Loading "split_lab.m"
SATCERT LANE Sig=4 sg=[ 1, 3, 2 ] fibers=1021 PtsCap=2000000
JOIN fibers=5167
SATCERT u=-1/2 r=2 Rsub=47.6175949716800566729947414092 T=0.0788917741660449840837802131972 ub=7.87838170411243479776378818773 B=2857 (no point below T -> idx=1)
SATCERT u=1/3 r=2 Rsub=6.45425788246200030308412608598 T=0.0290449846595035580904121153032 ub=6.42560959476721052153802324025 B=636 (no point below T -> idx=1)
SATCERT u=-3/2 r=2 Rsub=20.3786336911424933096333058358 T=0.0516101980875069098950982060996 ub=4.49536234276926280567427507277 B=95 (no point below T -> idx=1)
SATCERT u=4 r=2 Rsub=10.3716578039501906267443409608 T=0.0368190080819003645062431072370 ub=2.66132630438388126753546291315 B=15 (no point below T -> idx=1)
SATCERT u=-1/4 r=3 Rsub=839.727757261489116311351753024 T=0.548077431255133544882243347896 ub=11.1929524124444103774980791677 B=125622 (no point below T -> idx=1)
SATCERT u=-4 r=2 Rsub=10.3716578039501906267443409608 T=0.0368190080819003645062431072370 ub=2.66132630438388126753546291315 B=15 (no point below T -> idx=1)
SATCERT u=-5/3 r=2 Rsub=6.45425788246200030308412608598 T=0.0290449846595035580904121153032 ub=6.42560959476721052153802324025 B=636 (no point below T -> idx=1)
SATCERT u=-3/5 r=2 Rsub=6.45425788246200030308412608598 T=0.0290449846595035580904121153032 ub=6.42560959476721052153802324025 B=636 (no point below T -> idx=1)
SATCERT u=5/2 r=2 Rsub=73.5680103814855620921601224428 T=0.0980601379696477478820515821378 ub=4.94913257272864526094333243467 B=156 (no point below T -> idx=1)
SATCERT u=-1/5 r=3 Rsub=379.519610060561909400370046493 T=0.420604411126276660032471989450 ub=8.67758665001763136178522207157 B=8940 (no point below T -> idx=1)
SATCERT u=5/6 r=2 Rsub=50.0033316033778264619738095950 T=0.0808439389012151143584965677300 ub=9.27959930855997122026058850726 B=11620 (no point below T -> idx=1)
SATCERT u=-6 r=2 Rsub=23.1103689243743527214099018185 T=0.0549605960143575949839092357907 ub=4.48832234165777836454738419200 B=94 (no point below T -> idx=1)
SATCERT u=-7/2 r=3 Rsub=951.665034375795625359495424515 T=0.571422215066289561858378025344 ub=5.42205001810109918711058629639 B=401 (no point below T -> idx=1)
SATCERT u=-5/7 r=3 Rsub=379.519610060561909400370046493 T=0.420604411126276660032471989450 ub=8.67758665001763136178522207157 B=8940 (no point below T -> idx=1)
SATCERT u=1/8 r=2 Rsub=50.0033316033778264619738095950 T=0.0808439389012151143584965677300 ub=9.27959930855997122026058850726 B=11620 (no point below T -> idx=1)
SATCERT u=-9 r=2 Rsub=10.3716578039501906267443409608 T=0.0368190080819003645062431072370 ub=2.66132630438388126753546291315 B=15 (no point below T -> idx=1)
SATCERT u=10 r=3 Rsub=379.519610060561909400370046493 T=0.420604411126276660032471989450 ub=8.67758665001763136178522207157 B=8940 (no point below T -> idx=1)
SATCERT u=-10 r=2 Rsub=48.8025463013970402097285642274 T=0.0798673427964629001265485500076 ub=8.21072448781035823624504013228 B=3987 (no point below T -> idx=1)
SATCERT u=-11/9 r=2 Rsub=45.0320947472947188048708224244 T=0.0767200839218268550689470290651 ub=7.03942763070799444648636026970 B=1232 (no point below T -> idx=1)
SATCERT u=-11 r=2 Rsub=10.3716578039501906267443409608 T=0.0368190080819003645062431072370 ub=2.66132630438388126753546291315 B=15 (no point below T -> idx=1)
SATCERT u=11/7 r=2 Rsub=6.45425788246200030308412608600 T=0.0290449846595035580904121153032 ub=6.42560959476721052153802324025 B=636 (no point below T -> idx=1)
SATCERT u=-11/2 r=3 Rsub=895.458213101440944962163429392 T=0.559943478290330637986461710928 ub=7.78584129384509227102385518713 B=4213 (no point below T -> idx=1)
SATCERT u=11/5 r=3 Rsub=379.519610060561909400370046497 T=0.420604411126276660032471989452 ub=8.67758665001763136178522207157 B=8940 (no point below T -> idx=1)
SATCERT u=-3/13 r=2 Rsub=24.9171772829736846531981709173 T=0.0570686258848309494327169287563 ub=11.4704430071751443715458223332 B=101470 (no point below T -> idx=1)
SATCERT u=13/4 r=2 Rsub=10.3716578039501906267443409608 T=0.0368190080819003645062431072370 ub=2.66132630438388126753546291315 B=15 (no point below T -> idx=1)
SATCERT u=3/13 r=3 Rsub=445.439266845350123264139910146 T=0.443668486655598472222962581543 ub=12.8489822432722038988871578122 B=592823 (no point below T -> idx=1)
SATCERT u=-13/2 r=2 Rsub=99.1131086409046893925957367561 T=0.113818679688422451369516235291 ub=8.39642219057273749550878573688 B=4966 (no point below T -> idx=1)
SATCERT u=-11/13 r=2 Rsub=25.1490386983100651650928545869 T=0.0573335309481111341872838335876 ub=9.87956306868084872347682035660 B=20680 (no point below T -> idx=1)
SATCERT u=-13/4 r=2 Rsub=23.1103689243743527214099018185 T=0.0549605960143575949839092357907 ub=4.48832234165777836454738419200 B=94 (no point below T -> idx=1)
SATCERT u=9/13 r=3 Rsub=379.519610060561909400370046493 T=0.420604411126276660032471989450 ub=8.67758665001763136178522207157 B=8940 (no point below T -> idx=1)
SATCERT u=13/8 r=3 Rsub=366.057703283602605437448308088 T=0.415571350405697495047105922429 ub=9.69054115795614776625964011536 B=24493 (no point below T -> idx=1)
SATCERT u=13/5 r=2 Rsub=6.45425788246200030308412608598 T=0.0290449846595035580904121153032 ub=6.42560959476721052153802324025 B=636 (no point below T -> idx=1)
SATCERT u=13/2 r=2 Rsub=47.7450940221497126998563654985 T=0.0789973223583984167974755315977 ub=7.57926879264459531049795802259 B=2119 (no point below T -> idx=1)
SATCERT u=15/8 r=2 Rsub=20.3786336911424933096333058358 T=0.0516101980875069098950982060996 ub=4.49536234276926280567427507277 B=95 (no point below T -> idx=1)
SATCERT u=15/2 r=2 Rsub=6.45425788246200030308412608598 T=0.0290449846595035580904121153032 ub=6.42560959476721052153802324025 B=636 (no point below T -> idx=1)
SATCERT u=15/7 r=2 Rsub=6.45425788246200030308412608598 T=0.0290449846595035580904121153032 ub=6.42560959476721052153802324025 B=636 (no point below T -> idx=1)
SATCERT u=-16 r=2 Rsub=66.0519374625730374147330180023 T=0.0929160577081868715657395121696 ub=9.27107248237567089880449692171 B=11661 (no point below T -> idx=1)
SATCERT u=16 r=3 Rsub=1581.65454557720561613227496045 T=0.676861212064210754678862030378 ub=11.0595275219922583888965541635 B=125040 (no point below T -> idx=1)
SATCERT u=-17/7 r=2 Rsub=25.1490386983100651650928545869 T=0.0573335309481111341872838335877 ub=9.87956306868084872347682035660 B=20680 (no point below T -> idx=1)
SATCERT u=-13/17 r=3 Rsub=893.586150281595222120463362383 T=0.559552996375329708685569928341 ub=8.22107339050939355905717140510 B=6507 (no point below T -> idx=1)
SATCERT u=17 r=2 Rsub=6.45425788246200030308412608598 T=0.0290449846595035580904121153032 ub=6.42560959476721052153802324025 B=636 (no point below T -> idx=1)
SATCERT u=17/3 r=2 Rsub=20.3786336911424933096333058358 T=0.0516101980875069098950982060996 ub=4.49536234276926280567427507277 B=95 (no point below T -> idx=1)
SATCERT u=-17 r=2 Rsub=109.612124274872071066591986525 T=0.119695353512577947200760003496 ub=6.67036828449170261782538827161 B=889 (no point below T -> idx=1)
SATCERT u=1/17 r=2 Rsub=24.9171772829736846531981709172 T=0.0570686258848309494327169287563 ub=11.4704430071751443715458223332 B=101470 (no point below T -> idx=1)
SATCERT u=17/13 r=3 Rsub=839.727757261489116311351753034 T=0.548077431255133544882243347898 ub=11.1929524124444103774980791677 B=125622 (no point below T -> idx=1)
SATCERT u=18 r=3 Rsub=379.519610060561909400370046493 T=0.420604411126276660032471989450 ub=8.67758665001763136178522207157 B=8940 (no point below T -> idx=1)
SATCERT u=-19/7 r=2 Rsub=6.45425788246200030308412608598 T=0.0290449846595035580904121153032 ub=6.42560959476721052153802324025 B=636 (no point below T -> idx=1)
SATCERT u=-19 r=2 Rsub=23.1103689243743527214099018185 T=0.0549605960143575949839092357907 ub=4.48832234165777836454738419200 B=94 (no point below T -> idx=1)
SATCERT u=19/3 r=2 Rsub=6.45425788246200030308412608598 T=0.0290449846595035580904121153032 ub=6.42560959476721052153802324025 B=636 (no point below T -> idx=1)
SATCERT u=-21/19 r=2 Rsub=36.8558634534329928799063158966 T=0.0694066830027976284536926715537 ub=13.5138002888301083132495972382 B=792706 (no point below T -> idx=1)
SATCERT u=21/2 r=2 Rsub=73.5680103814855620921601224428 T=0.0980601379696477478820515821378 ub=4.94913257272864526094333243467 B=156 (no point below T -> idx=1)
SATCERT u=1/21 r=3 Rsub=445.439266845350123264139910146 T=0.443668486655598472222962581543 ub=12.8489822432722038988871578122 B=592823 (no point below T -> idx=1)
SATCERT u=-22 r=2 Rsub=34.5121718719044166991411762411 T=0.0671636268054672158683934340562 ub=4.76021297585882085764565673669 B=125 (no point below T -> idx=1)
SATCERT u=22 r=3 Rsub=893.586150281595222120463362383 T=0.559552996375329708685569928341 ub=8.22107339050939355905717140510 B=6507 (no point below T -> idx=1)
SATCERT u=23/13 r=3 Rsub=445.439266845350123264139910147 T=0.443668486655598472222962581544 ub=12.8489822432722038988871578122 B=592823 (no point below T -> idx=1)
SATCERT u=-23/5 r=2 Rsub=48.0400655094655414070692669522 T=0.0792409712477737100592863054107 ub=6.64430396045994865509522737915 B=832 (no point below T -> idx=1)
SATCERT u=23/2 r=2 Rsub=66.2094718369271366352113916411 T=0.0930267944734622943698339695361 ub=11.6261164386941727973221798771 B=122903 (no point below T -> idx=1)
SATCERT u=24 r=2 Rsub=45.0320947472947188048708224244 T=0.0767200839218268550689470290651 ub=7.03942763070799444648636026970 B=1232 (no point below T -> idx=1)
SATCERT u=24/5 r=2 Rsub=29.4022392464354878437539405256 T=0.0619923640211683183309593681523 ub=6.26481433875504493113968738883 B=560 (no point below T -> idx=1)
SATCERT u=-3/25 r=2 Rsub=20.3786336911424933096333058358 T=0.0516101980875069098950982060996 ub=4.49536234276926280567427507277 B=95 (no point below T -> idx=1)
SATCERT u=11/25 r=3 Rsub=1015.44943184677093515070341801 T=0.583913500201515948768201390939 ub=11.1968121982555297794485491551 B=130709 (no point below T -> idx=1)
SATCERT u=-23/25 r=2 Rsub=39.7694806991418672859116183228 T=0.0720979563430509105264991798788 ub=8.17481384026682843839225138934 B=3816 (no point below T -> idx=1)
SATCERT u=-25/2 r=3 Rsub=1385.47546909438694549664384489 T=0.647632591744782831357064366862 ub=10.3043609863412459414946956954 B=57068 (no point below T -> idx=1)
SATCERT u=-25/13 r=3 Rsub=379.519610060561909400370046493 T=0.420604411126276660032471989450 ub=8.67758665001763136178522207157 B=8940 (no point below T -> idx=1)
SATCERT u=25/2 r=2 Rsub=84.0980037267320371994880848278 T=0.104843337614635883472439605637 ub=11.9821823846572997968047870743 B=177554 (no point below T -> idx=1)
SATCERT u=25/13 r=3 Rsub=379.519610060561909400370046493 T=0.420604411126276660032471989450 ub=8.67758665001763136178522207157 B=8940 (no point below T -> idx=1)
SATCERT u=-25/9 r=3 Rsub=379.519610060561909400370046493 T=0.420604411126276660032471989450 ub=8.67758665001763136178522207157 B=8940 (no point below T -> idx=1)
SATCERT u=-27/2 r=3 Rsub=2305.40607198776913851519226817 T=0.767440816625448439773384132176 ub=7.97872790775042615657490633541 B=6287 (no point below T -> idx=1)
SATOPENB u=-5/27 r=2 Rsub=59.7459385612844525508611038804 T=0.0883694574233547154618232058133 ub=15.3595119049600852240237291034 B=5115990 > cap
SATCERT u=27/4 r=3 Rsub=379.519610060561909400370046493 T=0.420604411126276660032471989450 ub=8.67758665001763136178522207157 B=8940 (no point below T -> idx=1)
SATCERT u=7/27 r=3 Rsub=366.057703283602605437448308084 T=0.415571350405697495047105922428 ub=9.69054115795614776625964011536 B=24493 (no point below T -> idx=1)
SATCERT u=27/7 r=2 Rsub=10.3716578039501906267443409608 T=0.0368190080819003645062431072370 ub=2.66132630438388126753546291315 B=15 (no point below T -> idx=1)
SATCERT u=28 r=3 Rsub=1927.38709978007760474948051317 T=0.722967429023110945202541847918 ub=9.27619132022231297984980811994 B=22008 (no point below T -> idx=1)
SATCERT u=-28 r=2 Rsub=96.9373659854566399782156542826 T=0.112562466755401183554580805689 ub=7.92230954614292461047654851655 B=3087 (no point below T -> idx=1)
SATCERT u=-29 r=3 Rsub=951.665034375795625359495424515 T=0.571422215066289561858378025344 ub=5.42205001810109918711058629639 B=401 (no point below T -> idx=1)
SATCERT u=29 r=2 Rsub=20.3786336911424933096333058358 T=0.0516101980875069098950982060996 ub=4.49536234276926280567427507277 B=95 (no point below T -> idx=1)
SATCERT u=-11/29 r=2 Rsub=36.8558634534329928799063158965 T=0.0694066830027976284536926715536 ub=13.5138002888301083132495972382 B=792706 (no point below T -> idx=1)
SATCERT u=29/25 r=2 Rsub=50.0033316033778264619738095951 T=0.0808439389012151143584965677301 ub=9.27959930855997122026058850726 B=11620 (no point below T -> idx=1)
SATCERT u=-29/7 r=2 Rsub=10.3716578039501906267443409608 T=0.0368190080819003645062431072370 ub=2.66132630438388126753546291315 B=15 (no point below T -> idx=1)
SATCERT u=29/9 r=2 Rsub=10.3716578039501906267443409608 T=0.0368190080819003645062431072370 ub=2.66132630438388126753546291315 B=15 (no point below T -> idx=1)
SATCERT u=7/31 r=2 Rsub=51.5266735392434570796849488484 T=0.0820661477180455020983104622225 ub=14.3468736511112525669757281290 B=1846754 (no point below T -> idx=1)
SATCERT u=31/2 r=2 Rsub=41.9691402744443734258972647068 T=0.0740650006485678900987546104148 ub=8.81358549807622845378622014360 B=7242 (no point below T -> idx=1)
SATCERT u=33/14 r=2 Rsub=41.9691402744443734258972647067 T=0.0740650006485678900987546104148 ub=8.81358549807622845378622014360 B=7242 (no point below T -> idx=1)
SATCERT u=33/13 r=2 Rsub=20.3786336911424933096333058358 T=0.0516101980875069098950982060996 ub=4.49536234276926280567427507277 B=95 (no point below T -> idx=1)
SATCERT u=33 r=2 Rsub=6.45425788246200030308412608598 T=0.0290449846595035580904121153032 ub=6.42560959476721052153802324025 B=636 (no point below T -> idx=1)
SATCERT u=-33/2 r=2 Rsub=79.1736964561951868923971611462 T=0.101727519615196145682792873819 ub=6.69678855058169752001568502327 B=897 (no point below T -> idx=1)
SATCERT u=33/17 r=2 Rsub=24.9171772829736846531981709172 T=0.0570686258848309494327169287563 ub=11.4704430071751443715458223332 B=101470 (no point below T -> idx=1)
SATCERT u=-35/13 r=2 Rsub=39.7694806991418672859116183228 T=0.0720979563430509105264991798788 ub=8.17481384026682843839225138934 B=3816 (no point below T -> idx=1)
SATCERT u=37/13 r=2 Rsub=100.596154793240260660371418348 T=0.114667061896222268374567667175 ub=9.87956306868084872347682035660 B=21900 (no point below T -> idx=1)
SATCERT u=37/21 r=2 Rsub=24.9171772829736846531981709172 T=0.0570686258848309494327169287563 ub=11.4704430071751443715458223332 B=101470 (no point below T -> idx=1)
SATCERT u=13/37 r=2 Rsub=51.5266735392434570796849488483 T=0.0820661477180455020983104622225 ub=14.3468736511112525669757281290 B=1846754 (no point below T -> idx=1)
SATCERT u=38/13 r=3 Rsub=839.727757261489116311351753025 T=0.548077431255133544882243347896 ub=11.1929524124444103774980791677 B=125622 (no point below T -> idx=1)
SATCERT u=39/25 r=3 Rsub=1015.44943184677093515070341801 T=0.583913500201515948768201390940 ub=11.1968121982555297794485491551 B=130709 (no point below T -> idx=1)
SATCERT u=39/7 r=2 Rsub=6.45425788246200030308412608600 T=0.0290449846595035580904121153032 ub=6.42560959476721052153802324025 B=636 (no point below T -> idx=1)
SATOPENB u=-17/39 r=2 Rsub=54.1513098658257983468875890977 T=0.0841303077625648131705945170059 ub=15.9981042809615338350446891974 B=9647744 > cap
SATCERT u=39/11 r=2 Rsub=23.1103689243743527214099018185 T=0.0549605960143575949839092357907 ub=4.48832234165777836454738419200 B=94 (no point below T -> idx=1)
SATOPENB u=40 r=3 Rsub=2495.30367401419911508006726382 T=0.787958874843907650823970793913 ub=15.0863020348263278128678300403 B=7836172 > cap
SATCERT u=41/21 r=3 Rsub=839.727757261489116311351753027 T=0.548077431255133544882243347897 ub=11.1929524124444103774980791677 B=125622 (no point below T -> idx=1)
SATCERT u=41/3 r=2 Rsub=20.3786336911424933096333058358 T=0.0516101980875069098950982060996 ub=4.49536234276926280567427507277 B=95 (no point below T -> idx=1)
SATOPENB u=23/41 r=3 Rsub=2788.37213962087249652095708786 T=0.817672379201990367102990128018 ub=17.2028630722414663386311206197 B=67022267 > cap
SATOPENB u=-39/41 r=2 Rsub=45.8842653643029939569421446315 T=0.0774425929890995981311397691614 ub=14.7053425773863752765774346792 B=2630765 > cap
SATCERT u=-41/19 r=3 Rsub=893.586150281595222120463362379 T=0.559552996375329708685569928341 ub=8.22107339050939355905717140510 B=6507 (no point below T -> idx=1)
SATCERT u=43/19 r=2 Rsub=25.1490386983100651650928545869 T=0.0573335309481111341872838335876 ub=9.87956306868084872347682035660 B=20680 (no point below T -> idx=1)
SATCERT u=15/43 r=3 Rsub=1015.44943184677093515070341800 T=0.583913500201515948768201390939 ub=11.1968121982555297794485491551 B=130709 (no point below T -> idx=1)
SATCERT u=43/31 r=3 Rsub=2380.74400036743077071957866638 T=0.775711057512809132647567217270 ub=11.4672594536408739641437189416 B=207518 (no point below T -> idx=1)
SATCERT u=-45 r=2 Rsub=10.3716578039501906267443409608 T=0.0368190080819003645062431072370 ub=2.66132630438388126753546291315 B=15 (no point below T -> idx=1)
SATCERT u=47/17 r=3 Rsub=893.586150281595222120463362379 T=0.559552996375329708685569928341 ub=8.22107339050939355905717140510 B=6507 (no point below T -> idx=1)
SATOPENB u=-47/37 r=3 Rsub=1492.69393156969839031915082972 T=0.663925483377541453520609290166 ub=15.6465603242922803475810533311 B=12121434 > cap
SATCERT u=51/31 r=3 Rsub=445.439266845350123264139910148 T=0.443668486655598472222962581544 ub=12.8489822432722038988871578122 B=592823 (no point below T -> idx=1)
SATCERT u=51/10 r=2 Rsub=6.45425788246200030308412608598 T=0.0290449846595035580904121153032 ub=6.42560959476721052153802324025 B=636 (no point below T -> idx=1)
SATOPENB u=-1/51 r=3 Rsub=511.293251358230150928759486070 T=0.464535707808635132132811788701 ub=15.7510916880978188072654607818 B=11024465 > cap
SATCERT u=-51/49 r=3 Rsub=366.057703283602605437448308084 T=0.415571350405697495047105922428 ub=9.69054115795614776625964011536 B=24493 (no point below T -> idx=1)
SATOPENB u=-3/53 r=2 Rsub=54.1513098658257983468875890976 T=0.0841303077625648131705945170058 ub=15.9981042809615338350446891974 B=9647744 > cap
SATOPENB u=55/26 r=3 Rsub=834.711484264768255067922661214 T=0.546983902733154055532391016187 ub=15.7992502184728870653672009988 B=12562593 > cap
SATCERT u=57/37 r=2 Rsub=47.9991430276007139173552527201 T=0.0792072137159865271893346923423 ub=7.00422753868236582552441568476 B=1193 (no point below T -> idx=1)
SATOPENB u=25/57 r=2 Rsub=60.0936643985978259606818099839 T=0.0886262427684041203867413007242 ub=16.8905707506582347632177502440 B=23657648 > cap
SATCERT u=57/5 r=2 Rsub=6.45425788246200030308412608598 T=0.0290449846595035580904121153032 ub=6.42560959476721052153802324025 B=636 (no point below T -> idx=1)
SATOPENB u=-59/21 r=2 Rsub=45.8842653643029939569421446318 T=0.0774425929890995981311397691615 ub=14.7053425773863752765774346792 B=2630765 > cap
SATOPENB u=59/41 r=3 Rsub=2788.37213962087249652095708785 T=0.817672379201990367102990128017 ub=17.2028630722414663386311206197 B=67022267 > cap
SATCERT u=61/37 r=2 Rsub=51.5266735392434570796849488483 T=0.0820661477180455020983104622225 ub=14.3468736511112525669757281290 B=1846754 (no point below T -> idx=1)
SATCERT u=61/20 r=2 Rsub=29.4022392464354878437539405256 T=0.0619923640211683183309593681523 ub=6.26481433875504493113968738883 B=560 (no point below T -> idx=1)
SATOPENB u=33/65 r=2 Rsub=60.0936643985978259606818099840 T=0.0886262427684041203867413007244 ub=16.8905707506582347632177502440 B=23657648 > cap
SATCERT u=67/43 r=2 Rsub=51.5266735392434570796849488484 T=0.0820661477180455020983104622225 ub=14.3468736511112525669757281290 B=1846754 (no point below T -> idx=1)
SATOPENB u=67/35 r=2 Rsub=59.7459385612844525508611038805 T=0.0883694574233547154618232058133 ub=15.3595119049600852240237291034 B=5115990 > cap
SATCERT u=67/39 r=2 Rsub=50.0033316033778264619738095950 T=0.0808439389012151143584965677300 ub=9.27959930855997122026058850726 B=11620 (no point below T -> idx=1)
SATCERT u=-69/31 r=2 Rsub=57.2452592557654306080507698740 T=0.0865003287051186674635338957925 ub=8.23128740323747421895710535035 B=4097 (no point below T -> idx=1)
SATCERT u=69/29 r=2 Rsub=36.8558634534329928799063158966 T=0.0694066830027976284536926715537 ub=13.5138002888301083132495972382 B=792706 (no point below T -> idx=1)
SATCERT u=-73/27 r=3 Rsub=839.727757261489116311351753024 T=0.548077431255133544882243347896 ub=11.1929524124444103774980791677 B=125622 (no point below T -> idx=1)
SATCERT u=-73/19 r=4 Rsub=7912.40093883427536344112044505 T=1.32718474878663385627462976381 ub=11.1551634669767986962540675642 B=263643 (no point below T -> idx=1)
SATCERT u=73/16 r=2 Rsub=10.3716578039501906267443409608 T=0.0368190080819003645062431072370 ub=2.66132630438388126753546291315 B=15 (no point below T -> idx=1)
SATCERT u=73/21 r=3 Rsub=895.458213101440944962163429392 T=0.559943478290330637986461710928 ub=7.78584129384509227102385518713 B=4213 (no point below T -> idx=1)
SATOPENB u=37/73 r=3 Rsub=2788.37213962087249652095708786 T=0.817672379201990367102990128018 ub=17.2028630722414663386311206197 B=67022267 > cap
SATCERT u=73/25 r=2 Rsub=39.7694806991418672859116183228 T=0.0720979563430509105264991798788 ub=8.17481384026682843839225138934 B=3816 (no point below T -> idx=1)
SATCERT u=-75 r=2 Rsub=29.4022392464354878437539405256 T=0.0619923640211683183309593681523 ub=6.26481433875504493113968738883 B=560 (no point below T -> idx=1)
SATOPENB u=-41/75 r=3 Rsub=834.711484264768255067922661210 T=0.546983902733154055532391016187 ub=15.7992502184728870653672009988 B=12562593 > cap
SATCERT u=79/39 r=2 Rsub=36.8558634534329928799063158966 T=0.0694066830027976284536926715537 ub=13.5138002888301083132495972382 B=792706 (no point below T -> idx=1)
SATCERT u=79/27 r=2 Rsub=6.45425788246200030308412608598 T=0.0290449846595035580904121153032 ub=6.42560959476721052153802324025 B=636 (no point below T -> idx=1)
SATCERT u=81/13 r=3 Rsub=379.519610060561909400370046497 T=0.420604411126276660032471989452 ub=8.67758665001763136178522207157 B=8940 (no point below T -> idx=1)
SATCERT u=81 r=2 Rsub=25.1490386983100651650928545869 T=0.0573335309481111341872838335876 ub=9.87956306868084872347682035660 B=20680 (no point below T -> idx=1)
SATCERT u=83/7 r=3 Rsub=445.439266845350123264139910146 T=0.443668486655598472222962581543 ub=12.8489822432722038988871578122 B=592823 (no point below T -> idx=1)
SATCERT u=83/31 r=2 Rsub=70.2357207001718536421731731354 T=0.0958135686491402696890161749630 ub=10.4383060381806736680435880535 B=37576 (no point below T -> idx=1)
SATCERT u=85/37 r=2 Rsub=39.7694806991418672859116183227 T=0.0720979563430509105264991798786 ub=8.17481384026682843839225138934 B=3816 (no point below T -> idx=1)
SATCERT u=85/57 r=3 Rsub=1015.44943184677093515070341801 T=0.583913500201515948768201390939 ub=11.1968121982555297794485491551 B=130709 (no point below T -> idx=1)
SATCERT u=87/37 r=3 Rsub=366.057703283602605437448308088 T=0.415571350405697495047105922429 ub=9.69054115795614776625964011536 B=24493 (no point below T -> idx=1)
SATCERT u=89/13 r=2 Rsub=20.3786336911424933096333058358 T=0.0516101980875069098950982060996 ub=4.49536234276926280567427507277 B=95 (no point below T -> idx=1)
SATCERT u=89/37 r=3 Rsub=366.057703283602605437448308088 T=0.415571350405697495047105922429 ub=9.69054115795614776625964011536 B=24493 (no point below T -> idx=1)
SATOPENB u=51/91 r=2 Rsub=74.4017814613141206684373446103 T=0.0986142467296102323016051170563 ub=18.6607184092300210900643645364 B=140305488 > cap
SATOPENB u=-35/97 r=3 Rsub=3863.05587225372797918326237599 T=0.911533734469169712906330313835 ub=18.9734719410658523222632433682 B=432462284 > cap
SATOPENB u=97/65 r=2 Rsub=60.0936643985978259606818099839 T=0.0886262427684041203867413007242 ub=16.8905707506582347632177502440 B=23657648 > cap
SATCERT u=99/7 r=3 Rsub=379.519610060561909400370046497 T=0.420604411126276660032471989452 ub=8.67758665001763136178522207157 B=8940 (no point below T -> idx=1)
SATOPENB u=-101/39 r=3 Rsub=716.455151782608345126360742467 T=0.519826903646288680911308128374 ub=16.7454323018812674477301858130 B=31492476 > cap
SATCERT u=101/33 r=2 Rsub=23.1103689243743527214099018185 T=0.0549605960143575949839092357907 ub=4.48832234165777836454738419200 B=94 (no point below T -> idx=1)
SATCERT u=103/35 r=3 Rsub=379.519610060561909400370046497 T=0.420604411126276660032471989452 ub=8.67758665001763136178522207157 B=8940 (no point below T -> idx=1)
SATOPENB u=105/73 r=2 Rsub=60.0936643985978259606818099840 T=0.0886262427684041203867413007244 ub=16.8905707506582347632177502440 B=23657648 > cap
SATOPENB u=109/53 r=2 Rsub=54.1513098658257983468875890977 T=0.0841303077625648131705945170059 ub=15.9981042809615338350446891974 B=9647744 > cap
SATCERT u=109/49 r=3 Rsub=893.586150281595222120463362379 T=0.559552996375329708685569928341 ub=8.22107339050939355905717140510 B=6507 (no point below T -> idx=1)
SATOPENB u=-111/77 r=3 Rsub=2488.25077044316573146714421380 T=0.787215793323886397514594559923 ub=18.6980363215531259034168598457 B=289959587 > cap
SATOPENB u=67/111 r=3 Rsub=764.275779924550967265937860687 T=0.531144206011300626667399637550 ub=19.0719980385431030410265765368 B=326239472 > cap
SATCERT u=-117/25 r=2 Rsub=10.3716578039501906267443409608 T=0.0368190080819003645062431072370 ub=2.66132630438388126753546291315 B=15 (no point below T -> idx=1)
SATCERT u=117/25 r=2 Rsub=10.3716578039501906267443409608 T=0.0368190080819003645062431072370 ub=2.66132630438388126753546291315 B=15 (no point below T -> idx=1)
SATCERT u=119/27 r=2 Rsub=34.5121718719044166991411762411 T=0.0671636268054672158683934340562 ub=4.76021297585882085764565673669 B=125 (no point below T -> idx=1)
SATOPENB u=121/41 r=2 Rsub=45.8842653643029939569421446314 T=0.0774425929890995981311397691612 ub=14.7053425773863752765774346792 B=2630765 > cap
SATCERT u=121/45 r=3 Rsub=379.519610060561909400370046493 T=0.420604411126276660032471989450 ub=8.67758665001763136178522207157 B=8940 (no point below T -> idx=1)
SATOPENB u=85/121 r=3 Rsub=5192.71724300835263979817028189 T=1.00599071954677741981190964246 ub=15.2560415537969013026914633794 B=11548110 > cap
SATOPENB u=123/67 r=2 Rsub=54.1513098658257983468875890976 T=0.0841303077625648131705945170058 ub=15.9981042809615338350446891974 B=9647744 > cap
SATCERT u=-125/39 r=2 Rsub=29.4022392464354878437539405256 T=0.0619923640211683183309593681523 ub=6.26481433875504493113968738883 B=560 (no point below T -> idx=1)
SATOPENB u=109/125 r=2 Rsub=59.7459385612844525508611038804 T=0.0883694574233547154618232058133 ub=15.3595119049600852240237291034 B=5115990 > cap
SATOPENB u=127/91 r=3 Rsub=2788.37213962087249652095708786 T=0.817672379201990367102990128018 ub=17.2028630722414663386311206197 B=67022267 > cap
SATCERT u=-129/35 r=4 Rsub=7912.40093883427536344112044505 T=1.32718474878663385627462976381 ub=11.1551634669767986962540675642 B=263643 (no point below T -> idx=1)
SATOPENB u=15/133 r=3 Rsub=834.711484264768255067922661220 T=0.546983902733154055532391016188 ub=15.7992502184728870653672009988 B=12562593 > cap
SATCERT u=139/50 r=3 Rsub=366.057703283602605437448308088 T=0.415571350405697495047105922429 ub=9.69054115795614776625964011536 B=24493 (no point below T -> idx=1)
SATOPENB u=141/61 r=2 Rsub=45.8842653643029939569421446314 T=0.0774425929890995981311397691612 ub=14.7053425773863752765774346792 B=2630765 > cap
SATCERT u=143/19 r=3 Rsub=1015.44943184677093515070341801 T=0.583913500201515948768201390939 ub=11.1968121982555297794485491551 B=130709 (no point below T -> idx=1)
SATOPENB u=145/129 r=2 Rsub=59.7459385612844525508611038804 T=0.0883694574233547154618232058133 ub=15.3595119049600852240237291034 B=5115990 > cap
SATCERT u=145/49 r=2 Rsub=45.9093631406785831045288430177 T=0.0774637698691845878242834396515 ub=5.66982162063014134142625213738 B=314 (no point below T -> idx=1)
SATCERT u=145/8 r=2 Rsub=6.45425788246200030308412608598 T=0.0290449846595035580904121153032 ub=6.42560959476721052153802324025 B=636 (no point below T -> idx=1)
SATOPENB u=-149/50 r=3 Rsub=834.711484264768255067922661220 T=0.546983902733154055532391016188 ub=15.7992502184728870653672009988 B=12562593 > cap
SATCERT u=2/3 r=3 Rsub=839.727757261489116311351753025 T=0.548077431255133544882243347896 ub=11.1929524124444103774980791677 B=125622 (no point below T -> idx=1)
SATCERT u=1/4 r=3 Rsub=1581.65454557720561613227496045 T=0.676861212064210754678862030378 ub=11.0595275219922583888965541635 B=125040 (no point below T -> idx=1)
SATOPENB u=4/5 r=3 Rsub=1616.62107800827853325293268439 T=0.681812818053239432013142743334 ub=14.1194029652215023003084856684 B=2679702 > cap
SATCERT u=-1/6 r=2 Rsub=77.2459428865749007927786408133 T=0.100481436192245327086581084614 ub=13.6138240857276116361775802288 B=903748 (no point below T -> idx=1)
SATCERT u=-5/6 r=2 Rsub=72.5676612472427447541924613373 T=0.0973911643051680345017998409212 ub=13.3980394301777266846764034537 B=726091 (no point below T -> idx=1)
SATCERT u=7/5 r=2 Rsub=73.5680103814855620921601224428 T=0.0980601379696477478820515821378 ub=4.94913257272864526094333243467 B=156 (no point below T -> idx=1)
SATCERT u=-7/5 r=2 Rsub=73.5680103814855620921601224428 T=0.0980601379696477478820515821378 ub=4.94913257272864526094333243467 B=156 (no point below T -> idx=1)
SATCERT u=7/6 r=2 Rsub=77.1841081692083812994217965844 T=0.100441210874999859720123631283 ub=8.43578291760827296760159944156 B=5097 (no point below T -> idx=1)
SATCERT u=-3/7 r=2 Rsub=47.7450940221497126998563654985 T=0.0789973223583984167974755315977 ub=7.57926879264459531049795802259 B=2119 (no point below T -> idx=1)
SATCERT u=4/7 r=3 Rsub=2380.74400036743077071957866639 T=0.775711057512809132647567217271 ub=11.4672594536408739641437189416 B=207518 (no point below T -> idx=1)
SATCERT u=-1/7 r=2 Rsub=47.6175949716800566729947414092 T=0.0788917741660449840837802131972 ub=7.87838170411243479776378818773 B=2857 (no point below T -> idx=1)
SATCERT u=-6/7 r=2 Rsub=73.2165947194967918448661749866 T=0.0978256534552161528657031509028 ub=10.2084776221774494211336214242 B=29921 (no point below T -> idx=1)
SATCERT u=6/7 r=2 Rsub=196.028110285662619143946624844 T=0.160068977667229140505109686095 ub=9.74687681439028762375268501426 B=20070 (no point below T -> idx=1)
SATCERT u=-7/6 r=3 Rsub=366.057703283602605437448308088 T=0.415571350405697495047105922429 ub=9.69054115795614776625964011536 B=24493 (no point below T -> idx=1)
SATCERT u=-5/8 r=2 Rsub=109.998285942959694224478440203 T=0.119906010497898576939045709437 ub=10.1539885405039056068879278020 B=28967 (no point below T -> idx=1)
SATCERT u=-8 r=2 Rsub=208.728598560278863011769947272 T=0.165172968154350036537570548926 ub=7.28942443327396867150471138764 B=1728 (no point below T -> idx=1)
SATCERT u=3/8 r=2 Rsub=47.9991430276007139173552527201 T=0.0792072137159865271893346923423 ub=7.00422753868236582552441568476 B=1193 (no point below T -> idx=1)
SATOPENB u=-8/5 r=3 Rsub=4992.01092668593822193417668444 T=0.992859033986861320394001218350 ub=14.0994872885599363666935326678 B=3585278 > cap
SATCERT u=8/5 r=3 Rsub=8207.64844870922937391493382541 T=1.17184093507241374674871337677 ub=13.2151094047478348575452397772 B=1770815 (no point below T -> idx=1)
SATCERT u=-1/8 r=2 Rsub=1036.69800551525144120656156101 T=0.368107042264363690477924260287 ub=8.72505251366787841557359140235 B=8895 (no point below T -> idx=1)
SATCERT u=-7/8 r=2 Rsub=154.144622248172732204379445300 T=0.141942412842770333466052713893 ub=13.4285464286215553394823036654 B=782688 (no point below T -> idx=1)
SATCERT u=7/8 r=2 Rsub=551.094154271865374187127205553 T=0.268386642063015205735869275493 ub=12.6104639133846329355391878089 B=391935 (no point below T -> idx=1)
SATCERT u=-7/9 r=2 Rsub=122.201003475832323733083596011 T=0.126382045634612637962461414157 ub=9.28288506779391766628237176363 B=12201 (no point below T -> idx=1)
SATCERT u=9/8 r=2 Rsub=170.917530701817661144898368288 T=0.149465617059076149284096441711 ub=9.86093190280133059744596060504 B=22257 (no point below T -> idx=1)
SATCERT u=4/9 r=2 Rsub=553.484517905632624461688539033 T=0.268968074018903051244716695589 ub=14.2270902543607446988723181015 B=1974960 (no point below T -> idx=1)
SATCERT u=-9/7 r=2 Rsub=47.6175949716800566729947414092 T=0.0788917741660449840837802131972 ub=7.87838170411243479776378818773 B=2857 (no point below T -> idx=1)
SATCERT u=-2/9 r=2 Rsub=250.089812847267544209043692959 T=0.180798988024856888129772388233 ub=10.1398549017990398918629457908 B=30354 (no point below T -> idx=1)
SATOPENB u=-8/9 r=2 Rsub=192.445945844928637695761446676 T=0.158599705941787834829800271385 ub=14.4764555015828476200312193014 B=2269467 > cap
SATCERT u=9/7 r=3 Rsub=379.519610060561909400370046497 T=0.420604411126276660032471989452 ub=8.67758665001763136178522207157 B=8940 (no point below T -> idx=1)
SATCERT u=5/9 r=2 Rsub=73.5680103814855620921601224428 T=0.0980601379696477478820515821378 ub=4.94913257272864526094333243467 B=156 (no point below T -> idx=1)
SATCERT u=-4/9 r=3 Rsub=1927.38709978007760474948051318 T=0.722967429023110945202541847918 ub=9.27619132022231297984980811994 B=22008 (no point below T -> idx=1)
SATOPENB u=8/9 r=3 Rsub=2093.52351864928708650468903921 T=0.743170332258779508088201657771 ub=13.9972959642762017330900198753 B=2521757 > cap
SATCERT u=7/9 r=2 Rsub=107.506793485603990376013701921 T=0.118540280039230147609236861671 ub=10.3660105989632731220171714557 B=35759 (no point below T -> idx=1)
SATCERT u=-9/8 r=2 Rsub=73.5680103814855620921601224428 T=0.0980601379696477478820515821378 ub=4.94913257272864526094333243467 B=156 (no point below T -> idx=1)
SATCERT u=1/10 r=2 Rsub=120.024242443528681643078070627 T=0.125251368961487279920280784006 ub=10.8066108088105121353065456469 B=55931 (no point below T -> idx=1)
SATCERT u=9/10 r=2 Rsub=226.236839488946213524257188963 T=0.171960879264760544893411564172 ub=12.7040115258700491461310916154 B=390809 (no point below T -> idx=1)
SATCERT u=-10/3 r=2 Rsub=34.5121718719044166991411762411 T=0.0671636268054672158683934340562 ub=4.76021297585882085764565673669 B=125 (no point below T -> idx=1)
SATCERT u=-10/7 r=2 Rsub=111.042810786722139499412253424 T=0.120473968822737212596220632827 ub=13.0326770083752869741347906075 B=515634 (no point below T -> idx=1)
SATOPENB u=-10/9 r=3 Rsub=2081.48293884888141374023941864 T=0.741742848661261584069811281974 ub=14.4516374075013983857197691536 B=3966443 > cap
SATOPENB u=-7/10 r=2 Rsub=99.9443585629418556532276879058 T=0.114294975019179016842817052376 ub=16.1240155086210444432950452999 B=11277392 > cap
SATCERT u=10/3 r=2 Rsub=48.0400655094655414070692669524 T=0.0792409712477737100592863054108 ub=6.64430396045994865509522737915 B=832 (no point below T -> idx=1)
SATCERT u=10/9 r=2 Rsub=446.211267087550666590134164137 T=0.241500625900302058692779420841 ub=13.8489952878002230561504746802 B=1316512 (no point below T -> idx=1)
SATOPENB u=11/10 r=2 Rsub=204.245950475048979485657029899 T=0.163389717488811448008760690303 ub=15.8467366392858205871963300502 B=8976552 > cap
SATOPENB u=-2/11 r=3 Rsub=2488.25077044316573146714421379 T=0.787215793323886397514594559921 ub=18.6980363215531259034168598457 B=289959587 > cap
SATOPENB u=4/11 r=3 Rsub=3040.20813055666585763199070358 T=0.841582807389860796850427173348 ub=18.2602537752765010479692489150 B=197616054 > cap
SATOPENB u=-11/10 r=2 Rsub=105.018062954355057089119015681 T=0.117160170837773234253325953620 ub=16.0965777456373110785176435377 B=11003654 > cap
SATCERT u=-8/11 r=2 Rsub=248.178477668458572327868752310 T=0.180106776184282297503043427667 ub=11.2596211314542138135777375670 B=92942 (no point below T -> idx=1)
SATCERT u=11/9 r=3 Rsub=893.586150281595222120463362383 T=0.559552996375329708685569928341 ub=8.22107339050939355905717140510 B=6507 (no point below T -> idx=1)
SATCERT u=-11/6 r=2 Rsub=132.960993570294946601419280381 T=0.131828745839531850197168508554 ub=13.4392676092919337093520204694 B=783164 (no point below T -> idx=1)
SATCERT u=-5/11 r=2 Rsub=108.133125757010046718597948568 T=0.118885085125437390802963869409 ub=13.2671440331994348930272782932 B=650847 (no point below T -> idx=1)
SATCERT u=9/11 r=2 Rsub=45.5295487571752012046802574560 T=0.0771426702311491026929074975556 ub=9.56498040796025738093129876750 B=15401 (no point below T -> idx=1)
SATOPENB u=-10/11 r=3 Rsub=5554.09607362330975479843005894 T=1.02880613481667213483414381226 ub=18.4749766785887059176057549883 B=295382834 > cap
SATCERT u=11/6 r=2 Rsub=105.370624063020061520427463623 T=0.117356668035250785773807393027 ub=12.3418704803011232033440410271 B=257617 (no point below T -> idx=1)
SATCERT u=-11/4 r=3 Rsub=1927.38709978007760474948051319 T=0.722967429023110945202541847921 ub=9.27619132022231297984980811994 B=22008 (no point below T -> idx=1)
SATCERT u=-11/3 r=2 Rsub=29.4022392464354878437539405256 T=0.0619923640211683183309593681523 ub=6.26481433875504493113968738883 B=560 (no point below T -> idx=1)
SATCERT u=3/11 r=2 Rsub=91.2333502314147332760436601344 T=0.109200545057256226618089809813 ub=10.1669208597948359929769134936 B=29032 (no point below T -> idx=1)
SATCERT u=11/8 r=2 Rsub=247.914903752105146184232172926 T=0.180011111041248674562929848669 ub=12.2423270428711036844817976605 B=248287 (no point below T -> idx=1)
SATCERT u=-6/11 r=3 Rsub=3320.57015896171430537587179565 T=0.866695688812587234832001764329 ub=12.6146759865453218036436871083 B=715955 (no point below T -> idx=1)
SATCERT u=1/11 r=2 Rsub=105.637467034291850063934103276 T=0.117505172426902206981532243597 ub=8.37965707712421550233681148442 B=4901 (no point below T -> idx=1)
SATCERT u=-12 r=2 Rsub=40.0087276011281692737048973938 T=0.0723144961117143089684144500106 ub=6.25842525318269685248692325591 B=562 (no point below T -> idx=1)
SATOPENB u=-7/12 r=3 Rsub=4253.96141579771799491528053715 T=0.941297556948160141661031211793 ub=17.0920762407269761956162759759 B=67888269 > cap
SATCERT u=12/13 r=2 Rsub=194.022493402603338319218093463 T=0.159248017791390389239119089684 ub=13.0076429992090343328426196187 B=522767 (no point below T -> idx=1)
SATOPENB u=6/13 r=3 Rsub=16135.5827461129135196034952426 T=1.46799294237701140998883051781 ub=16.1809195776461770958516698130 B=46219509 > cap
SATOPENB u=4/13 r=3 Rsub=5510.73674051205742763776644558 T=1.02612193351175629777257548285 ub=19.1728358215863963240363351724 B=591964814 > cap
SATOPENB u=-5/13 r=3 Rsub=1345.06524529991324565544799033 T=0.641273853820391492983189235369 ub=15.6515528948404291385379279653 B=11909260 > cap
SATCERT u=-13/11 r=2 Rsub=184.296791394800806603765822260 T=0.155205419373892845286021163450 ub=13.2401412976259619692274054916 B=656940 (no point below T -> idx=1)
SATOPENB u=-6/13 r=3 Rsub=4040.22638691996377169014560959 T=0.925261126437661197809872057679 ub=16.4277756630413563757680736038 B=34381762 > cap
SATCERT u=-13/8 r=2 Rsub=102.125498943842312757423716375 T=0.115535404766019257962559787882 ub=12.8976534022718838381001967041 B=448287 (no point below T -> idx=1)
SATCERT u=-13/9 r=2 Rsub=217.751395378158643387006097787 T=0.168705199541311656490823810298 ub=8.82309786337897007132672732449 B=8037 (no point below T -> idx=1)
SATCERT u=13/6 r=2 Rsub=129.344803379854924503777758665 T=0.130023690028438910478780591085 ub=11.9058118675204237416876576724 B=168693 (no point below T -> idx=1)
SATCERT u=5/13 r=2 Rsub=133.907683880681321884491232656 T=0.132297227732840379015496526341 ub=14.2188684981093767778255539736 B=1708568 (no point below T -> idx=1)
SATCERT u=7/13 r=2 Rsub=228.499853981483678647317152225 T=0.172818789159090659067171216842 ub=11.6825525141815339811855116705 B=140839 (no point below T -> idx=1)
SATCERT u=13/12 r=3 Rsub=3469.77974700968543627288369562 T=0.879487595834404050845795802504 ub=11.5701124572882487959170383187 B=255149 (no point below T -> idx=1)
SATCERT u=-13/6 r=2 Rsub=128.665529937510677461436059162 T=0.129681821235715031619603414535 ub=13.0711506822039819463102162319 B=540815 (no point below T -> idx=1)
SATCERT u=-1/13 r=2 Rsub=70.2190441108343135202301428227 T=0.0958021931098874107395539198201 ub=13.7459405551266530408808260280 B=1026580 (no point below T -> idx=1)
SATCERT u=13/3 r=2 Rsub=23.1103689243743527214099018185 T=0.0549605960143575949839092357907 ub=4.48832234165777836454738419200 B=94 (no point below T -> idx=1)
SATOPENB u=13/11 r=3 Rsub=4992.01092668593822193417668446 T=0.992859033986861320394001218353 ub=14.0994872885599363666935326678 B=3585278 > cap
SATOPENB u=3/14 r=2 Rsub=70.7330632307697548868004024142 T=0.0961522004931580869844405758838 ub=15.0982749580536172381273310674 B=3970598 > cap
SATCERT u=-14/3 r=2 Rsub=158.027475183975580832319198147 T=0.143719035909467697238772455299 ub=10.2026550272091319130762248114 B=31144 (no point below T -> idx=1)
SATCERT u=14/3 r=2 Rsub=251.472842147380594173965384228 T=0.181298219770707226483342185051 ub=6.56070612505563046304414146984 B=848 (no point below T -> idx=1)
SATOPENB u=9/14 r=2 Rsub=58.7858312242838866898000802313 T=0.0876565404369177765189896648580 ub=14.9892508480346251524074536661 B=3530350 > cap
SATOPENB u=-3/14 r=3 Rsub=1137.31917703149029063273582179 T=0.606396291628959149138221020132 ub=15.5592036483506054537417136451 B=10486507 > cap
SATCERT u=14 r=2 Rsub=63.3595540782457340360909084476 T=0.0910026523826556431717410460276 ub=7.49301850145214584878015162928 B=1967 (no point below T -> idx=1)
SATOPENB u=1/14 r=2 Rsub=593.139742194452483026086883990 T=0.278436718368695357595729388446 ub=18.1451036286619804739285743874 B=100286370 > cap
SATCERT u=-14 r=2 Rsub=458.757804737032515585805378473 T=0.244872337792111475092277641898 ub=8.89270531136368037698081251404 B=9299 (no point below T -> idx=1)
SATOPENB u=13/14 r=3 Rsub=3435.99261783393864785066553204 T=0.876623596780974308221395803280 ub=18.0314924547996073958140400140 B=162813520 > cap
SATOPENB u=7/15 r=2 Rsub=185.778868460690503188733534211 T=0.155828234846492828863111676702 ub=14.6729318583012825263402404691 B=2754538 > cap
SATCERT u=-13/15 r=2 Rsub=139.230229569969365500376611880 T=0.134900874227688446559610961245 ub=11.5111797829953156080577178084 B=114243 (no point below T -> idx=1)
SATOPENB u=-11/15 r=2 Rsub=103.497236587917620015015603469 T=0.116308745530545593433678753371 ub=14.5899854063924250802159594100 B=2437039 > cap
SATSKIP u=2/15 not-complete-here (bounds=[3,3] gens=2 okS=true)
SATCERT u=15/14 r=2 Rsub=213.058554381976503573561644823 T=0.166877383789416345566960942884 ub=11.4558262706451870767335687509 B=111604 (no point below T -> idx=1)
SATOPENB u=-1/15 r=2 Rsub=348.945743728823481691100168184 T=0.213563459432155824390455598766 ub=15.1278858334892434632209187061 B=4599460 > cap
SATCERT u=-15/8 r=2 Rsub=91.2333502314147332760436601344 T=0.109200545057256226618089809813 ub=10.1669208597948359929769134936 B=29032 (no point below T -> idx=1)
SATOPENB u=-2/15 r=3 Rsub=15939.1580544953009717151448639 T=1.46201179067601393448983115893 ub=20.0672782439190843847029979011 B=2238988492 > cap
SATCERT u=16/9 r=2 Rsub=532.095584759408740798189626519 T=0.263719851268099475281117743446 ub=13.2182207718645657691809442893 B=716362 (no point below T -> idx=1)
SATOPENB u=16/7 r=3 Rsub=2093.52351864928708650468903920 T=0.743170332258779508088201657771 ub=13.9972959642762017330900198753 B=2521757 > cap
SATOPENB u=11/16 r=3 Rsub=3361.20367695954304989458328461 T=0.870216591669853900858640229546 ub=16.6877449656605453274016951172 B=42201299 > cap
SATCERT u=3/16 r=3 Rsub=1069.12156560032496213141562134 T=0.594025077087847486957028419651 ub=13.6964510216434119948287556930 B=1607959 (no point below T -> idx=1)
SATCERT u=-16/3 r=2 Rsub=91.5278610501318818343496456824 T=0.109376658447226830840717070186 ub=7.19567135023283994867114637280 B=1488 (no point below T -> idx=1)
SATCERT u=16/13 r=3 Rsub=1911.12862998639110676657136840 T=0.720928822607263966757333001367 ub=13.4600661752327821109216494814 B=1441213 (no point below T -> idx=1)
SATCERT u=17/4 r=2 Rsub=164.866245165614115694037716992 T=0.146795880421944805794232955563 ub=6.79250773911295479942066067039 B=1033 (no point below T -> idx=1)
SATCERT u=3/17 r=2 Rsub=126.915704511183576625556587610 T=0.128796979126069768716649724529 ub=9.24588930940080880618855846148 B=11787 (no point below T -> idx=1)
SATCERT u=-17/4 r=2 Rsub=163.133800309970511068182656994 T=0.146022564452028722996144628723 ub=9.30481071865201542988755240764 B=12719 (no point below T -> idx=1)
SATCERT u=17/9 r=2 Rsub=47.6175949716800566729947414092 T=0.0788917741660449840837802131972 ub=7.87838170411243479776378818773 B=2857 (no point below T -> idx=1)
SATCERT u=17/7 r=2 Rsub=45.0320947472947188048708224244 T=0.0767200839218268550689470290651 ub=7.03942763070799444648636026970 B=1232 (no point below T -> idx=1)
SATOPENB u=-7/17 r=2 Rsub=695.375381689856839343219659731 T=0.301479405493508820375120008190 ub=15.5839220706364729246684783803 B=7923959 > cap
SATCERT u=17/8 r=2 Rsub=229.505473534485531577053800051 T=0.173198656277743988517472522447 ub=11.6654701272080363937626510776 B=138506 (no point below T -> idx=1)
SATCERT u=17/2 r=2 Rsub=182.118195028700804818721029824 T=0.154285340462298205385814995111 ub=9.56498040796025738093129876750 B=16636 (no point below T -> idx=1)
SATCERT u=-17/9 r=2 Rsub=70.2357207001718536421731731354 T=0.0958135686491402696890161749630 ub=10.4383060381806736680435880535 B=37576 (no point below T -> idx=1)
SATCERT u=-15/17 r=2 Rsub=105.637467034291850063934103276 T=0.117505172426902206981532243597 ub=8.37965707712421550233681148442 B=4901 (no point below T -> idx=1)
SATOPENB u=17/15 r=3 Rsub=2897.36349335899091814964359694 T=0.828190181118972493392470150791 ub=16.0646551209656415841688991572 B=21700488 > cap
SATCERT u=5/17 r=3 Rsub=8207.64844870922937391493382541 T=1.17184093507241374674871337677 ub=13.2151094047478348575452397772 B=1770815 (no point below T -> idx=1)
SATOPENB u=15/17 r=3 Rsub=4276.48626240129984852566248535 T=0.942956032264739887749091094170 ub=13.6964510216434119948287556930 B=2279365 > cap
SATOPENB u=17/10 r=2 Rsub=124.526048319252272144616655368 T=0.127578678059524425868336169610 ub=15.2281943513101406350128922043 B=4665815 > cap
SATCERT u=9/17 r=2 Rsub=96.2666851318840233265615667754 T=0.112172397748160176754159244532 ub=12.3827866192422260810511575927 B=266989 (no point below T -> idx=1)
SATCERT u=-17/13 r=2 Rsub=244.323781989827019207088504899 T=0.178702597728100653358432060144 ub=14.1018389678809128156345390070 B=1592064 (no point below T -> idx=1)
SATCERT u=-11/17 r=2 Rsub=129.344803379854924503777758665 T=0.130023690028438910478780591085 ub=11.9058118675204237416876576724 B=168693 (no point below T -> idx=1)
SATOPENB u=6/17 r=3 Rsub=2737.57892514831896088383286645 T=0.812676994240629001870289003056 ub=17.9311948362037688933860188480 B=138152932 > cap
SATCERT u=-5/17 r=2 Rsub=125.252797536835112546846311086 T=0.127950418836112385040337646063 ub=12.6375096245010192814047340878 B=349921 (no point below T -> idx=1)
SATCERT u=-3/17 r=2 Rsub=63.3595540782457340360909084476 T=0.0910026523826556431717410460276 ub=7.49301850145214584878015162928 B=1967 (no point below T -> idx=1)
SATCERT u=-17/6 r=2 Rsub=71.8471716538455919994899568610 T=0.0969064831221838287966642858742 ub=10.9311039714970395354309067803 B=61575 (no point below T -> idx=1)
SATCERT u=13/17 r=3 Rsub=893.586150281595222120463362383 T=0.559552996375329708685569928341 ub=8.22107339050939355905717140510 B=6507 (no point below T -> idx=1)
SATOPENB u=-17/15 r=2 Rsub=138.327271826332642084342697283 T=0.134462722515246412945993941690 ub=14.9033165199542529134598406399 B=3394881 > cap
SATCERT u=17/14 r=2 Rsub=82.4231219693727986550075261773 T=0.103794065884558765679308828272 ub=13.2637390146868202171191875577 B=638920 (no point below T -> idx=1)
SATOPENB u=12/17 r=3 Rsub=7192.37402747926329197184086270 T=1.12138094144556529800278350129 ub=17.4938674937589509814707801418 B=121478572 > cap
SATCERT u=-1/17 r=3 Rsub=4282.69258065552657414792598723 T=0.943411971719362897363473949391 ub=12.7288647758832249269749232384 B=866552 (no point below T -> idx=1)
SATOPENB u=11/18 r=2 Rsub=545.883693136910396457920985829 T=0.267114863636794063503829581452 ub=16.3454344694044117099550623593 B=16396023 > cap
SATCERT u=-5/18 r=3 Rsub=3511.27585954923497717560086979 T=0.882979728075425125201562185219 ub=11.4474081621713638247115031708 B=226475 (no point below T -> idx=1)
SATOPENB u=7/18 r=2 Rsub=714.200987913028466754927964040 T=0.305533065735644366727542678379 ub=16.4452036658427851661561440085 B=18825761 > cap
SATOPENB u=18/13 r=3 Rsub=3302.61492487800926907575271506 T=0.865130710849185296908994834680 ub=15.5902731775357856353735100333 B=14011709 > cap
SATCERT u=-18/5 r=2 Rsub=328.300644382890669615738474897 T=0.207149486991494190717229200385 ub=8.48568901152729969992971125143 B=5961 (no point below T -> idx=1)
SATCERT u=18/5 r=2 Rsub=109.612124274872071066591986525 T=0.119695353512577947200760003496 ub=6.67036828449170261782538827161 B=889 (no point below T -> idx=1)
SATOPENB u=18/11 r=3 Rsub=8325.93175539552565496095767447 T=1.17744337825477561801301063847 ub=14.4516374075013983857197691536 B=6132303 > cap
SATCERT u=5/18 r=3 Rsub=4877.46520996162966214758689686 T=0.985206214922679869243716013223 ub=10.9525352129105298833126829927 B=152931 (no point below T -> idx=1)
SATCERT u=-18 r=2 Rsub=176.680962889544729491084725957 T=0.151964754653189893937841240113 ub=7.40798638074155482837410869317 B=1920 (no point below T -> idx=1)
SATCERT u=-13/19 r=2 Rsub=108.133125757010046718597948568 T=0.118885085125437390802963869409 ub=13.2671440331994348930272782932 B=650847 (no point below T -> idx=1)
SATCERT u=19/17 r=2 Rsub=257.224202307459973647180227145 T=0.183359708163616504214647549827 ub=13.0469266189027946141626114792 B=556981 (no point below T -> idx=1)
SATOPENB u=11/19 r=2 Rsub=52.0541345522302714885721702184 T=0.0824851198353154555560038030034 ub=15.8822810082472701209839439842 B=8578470 > cap
SATOPENB u=-17/19 r=3 Rsub=2093.52351864928708650468903920 T=0.743170332258779508088201657771 ub=13.9972959642762017330900198753 B=2521757 > cap
SATOPENB u=16/19 r=3 Rsub=9089.33071076871683654917572856 T=1.21238266424075506196724726368 ub=20.9402315043649575514833583009 B=4175976954 > cap
SATCERT u=19/10 r=2 Rsub=170.917530701817661144898368288 T=0.149465617059076149284096441711 ub=9.86093190280133059744596060504 B=22257 (no point below T -> idx=1)
SATCERT u=3/19 r=2 Rsub=113.800682088542443030066360553 T=0.121960845668441804182062435529 ub=10.1915665522376292539726491611 B=30138 (no point below T -> idx=1)
SATCERT u=-19/13 r=2 Rsub=46.5718148606427977433277392384 T=0.0780206520707593715465782398182 ub=14.0536769826342166939708487198 B=1371887 (no point below T -> idx=1)
SATOPENB u=1/19 r=2 Rsub=150.777686802467594940835669859 T=0.140383650857770479575062123531 ub=15.7358717408600235328484169814 B=7851816 > cap
SATCERT u=-19/17 r=2 Rsub=285.173314494167014382907274206 T=0.193064505142679998432736310959 ub=11.5302584594573103745648716691 B=123417 (no point below T -> idx=1)
SATCERT u=-1/19 r=2 Rsub=105.370624063020061520427463623 T=0.117356668035250785773807393027 ub=12.3418704803011232033440410271 B=257617 (no point below T -> idx=1)
SATCERT u=-15/19 r=2 Rsub=108.133125757010046718597948568 T=0.118885085125437390802963869409 ub=13.2671440331994348930272782932 B=650847 (no point below T -> idx=1)
SATCERT u=19/8 r=2 Rsub=131.032626937908088418657226847 T=0.130869281616245952193384407028 ub=11.0871742821965180282423786787 B=74462 (no point below T -> idx=1)
SATCERT u=-19/4 r=2 Rsub=132.184407748347052922999832142 T=0.131443195695021657072857468013 ub=9.76062070769437668472463381436 B=19773 (no point below T -> idx=1)
SATCERT u=-5/19 r=2 Rsub=182.786142770049102890096465585 T=0.154568014648916956327286814722 ub=11.8633194396335338952421479848 B=165693 (no point below T -> idx=1)
SATCERT u=19/4 r=2 Rsub=60.0622077909243610320374860496 T=0.0886030436016737416258225204823 ub=6.09699398276510871380866305393 B=486 (no point below T -> idx=1)
SATCERT u=-19/3 r=2 Rsub=56.7455344177322292750533387028 T=0.0861219470372776026245966851776 ub=8.20433540223801015759227599936 B=3986 (no point below T -> idx=1)
SATCERT u=19/5 r=2 Rsub=40.0087276011281692737048973938 T=0.0723144961117143089684144500106 ub=6.25842525318269685248692325591 B=562 (no point below T -> idx=1)
SATCERT u=-9/19 r=3 Rsub=1581.65454557720561613227496045 T=0.676861212064210754678862030378 ub=11.0595275219922583888965541635 B=125040 (no point below T -> idx=1)
SATOPENB u=14/19 r=3 Rsub=9550.52728043789609286780852668 T=1.23255090767062758593487970247 ub=15.1407722660750689561299779725 B=12907553 > cap
SATCERT u=19/20 r=2 Rsub=154.898057872237831342517103371 T=0.142288886515173464987920216050 ub=13.4396390187683114049514530291 B=791693 (no point below T -> idx=1)
SATOPENB u=11/20 r=3 Rsub=10528.6497718373587261877428104 T=1.27326844385582929400163558921 ub=14.3306914259860232510397265291 B=5980172 > cap
SATCERT u=-20/3 r=2 Rsub=81.1186246552531945932897228204 T=0.102969424123777350053379054274 ub=11.4109662331336660714367683010 B=100102 (no point below T -> idx=1)
SATOPENB u=17/20 r=3 Rsub=11176.1957746147042371029404969 T=1.29885423959839010799830889497 ub=19.3607193242484568481385617556 B=938293694 > cap
SATCERT u=-20 r=2 Rsub=125.400393893835607427253938118 T=0.128025784240622826875499980501 ub=6.68583307274270464540877758730 B=911 (no point below T -> idx=1)
SATOPENB u=20/17 r=3 Rsub=2592.89094042724394070129755721 T=0.798099734127980179379616608454 ub=20.1220307186626008622540591544 B=1217579189 > cap
SATOPENB u=20/11 r=3 Rsub=2388.55996515700660864020928569 T=0.776559014780872346437033623294 ub=17.1676545648362863330677466189 B=62097332 > cap
SATOPENB u=20/13 r=2 Rsub=169.659333127511490895338529155 T=0.148914460461887203780508618573 ub=15.4448300262615621069901125315 B=5919394 > cap
SATCERT u=-21/17 r=2 Rsub=212.519586405692957133026954092 T=0.166666177722653565089647321577 ub=12.5489256025528373809116339727 B=332899 (no point below T -> idx=1)
SATOPENB u=-17/21 r=3 Rsub=4235.37346686049788167048582988 T=0.939924535765127035797541084447 ub=16.6581004461448293701290300034 B=43926353 > cap
SATCERT u=21/20 r=3 Rsub=2697.77075449646561886765097522 T=0.808718597077505944372299172202 ub=13.3729607665956836884332810658 B=1442199 (no point below T -> idx=1)
SATOPENB u=-11/21 r=2 Rsub=130.081644636090935403374632617 T=0.130393518416172269188914537322 ub=16.9969539536109574833266628472 B=27435476 > cap
SATOPENB u=11/21 r=3 Rsub=5586.73291691756626543243107032 T=1.03081734899916329230822737629 ub=17.9437241544831498421211410316 B=173995763 > cap
SATCERT u=21/10 r=2 Rsub=128.951570822650900524987775534 T=0.129825891327455143836611519426 ub=11.7449759448783415629832840119 B=143603 (no point below T -> idx=1)
SATOPENB u=-19/21 r=2 Rsub=229.820651638667904829826807545 T=0.173317541667891711361704716693 ub=16.7253561342129268377365559044 B=21827336 > cap
SATCERT u=5/21 r=2 Rsub=231.344407167880333976731218262 T=0.173891156914915886391449169602 ub=12.2654976435787426331011630598 B=252557 (no point below T -> idx=1)
SATCERT u=21/16 r=2 Rsub=139.317336396648331261823772226 T=0.134943066752132861854368154710 ub=10.1339736738775468217635205839 B=28823 (no point below T -> idx=1)
SATCERT u=-21/13 r=3 Rsub=2133.48238491395688215276065492 T=0.747868836254207992272528322449 ub=12.5619838088826783603154433432 B=603109 (no point below T -> idx=1)
SATOPENB u=21/19 r=3 Rsub=1086.08513251662651209043256133 T=0.597150369795461753042562976786 ub=14.4162315284205113579970468340 B=3313058 > cap
SATOPENB u=17/21 r=3 Rsub=4992.01092668593822193417668444 T=0.992859033986861320394001218350 ub=14.0994872885599363666935326678 B=3585278 > cap
SATCERT u=13/21 r=2 Rsub=116.430496835201317878718722144 T=0.123361990946986507334075174792 ub=12.3793918642965872493277980230 B=269078 (no point below T -> idx=1)
SATCERT u=21/13 r=2 Rsub=91.2333502314147332760436601344 T=0.109200545057256226618089809813 ub=10.1669208597948359929769134936 B=29032 (no point below T -> idx=1)
SATCERT u=21/11 r=2 Rsub=63.3595540782457340360909084476 T=0.0910026523826556431717410460276 ub=7.49301850145214584878015162928 B=1967 (no point below T -> idx=1)
SATCERT u=-21/4 r=2 Rsub=83.6738737213553034172881265794 T=0.104578626144872884370144564589 ub=7.92724133619505874556533625581 B=3078 (no point below T -> idx=1)
SATCERT u=-21/2 r=2 Rsub=11.8665859356921558238837397506 T=0.0393831898364547580585308870539 ub=5.41383258447256142122495247843 B=234 (no point below T -> idx=1)
SATCERT u=-21/5 r=2 Rsub=251.472842147380594173965384228 T=0.181298219770707226483342185051 ub=6.56070612505563046304414146984 B=848 (no point below T -> idx=1)
SATOPENB u=-13/21 r=3 Rsub=5592.54662431034108452997172007 T=1.03117479063519573528518112889 ub=13.9383544329134694132408704517 B=3170911 > cap
SATCERT u=22/5 r=2 Rsub=65.3737327767326747852278885653 T=0.0924378075436054305039229070850 ub=9.25669304299304594455964836174 B=11489 (no point below T -> idx=1)
SATCERT u=22/3 r=3 Rsub=445.439266845350123264139910146 T=0.443668486655598472222962581543 ub=12.8489822432722038988871578122 B=592823 (no point below T -> idx=1)
SATCERT u=22/7 r=2 Rsub=98.9856260208946131048085896348 T=0.113745457425108571363307726799 ub=8.98921770478591249788346064681 B=8982 (no point below T -> idx=1)
SATOPENB u=13/22 r=2 Rsub=462.165492109510593626134647459 T=0.245780120185274193704702399459 ub=20.3551791781142331663439938910 B=884877078 > cap
SATCERT u=22/9 r=2 Rsub=188.749323212071929231184058889 T=0.157069078591989430836982233596 ub=6.84594692336565151634562915570 B=1100 (no point below T -> idx=1)
SATOPENB u=19/22 r=2 Rsub=183.413987149398601597802250667 T=0.154833246648785438765854022702 ub=19.8608824350581997932149609841 B=492850126 > cap
SATOPENB u=17/22 r=3 Rsub=2165.63383444380832514811054421 T=0.751606900464438565357746255460 ub=15.0711734930656829248253427272 B=7442970 > cap
SATCERT u=15/22 r=2 Rsub=102.888522827030247638161443724 T=0.115966209133897593001695326224 ub=14.3782746880206730574208217238 B=1971374 (no point below T -> idx=1)
SATOPENB u=22/17 r=2 Rsub=216.134835768106615351338555875 T=0.168077809617128846016628669988 ub=17.0988467072226079885607753998 B=31544965 > cap
SATCERT u=-22/3 r=2 Rsub=203.602022213328115439358636991 T=0.163131953962422989511190717135 ub=11.4256284712832878239873767419 B=107879 (no point below T -> idx=1)
SATOPENB u=23/14 r=2 Rsub=798.322551303123623829074728168 T=0.323025787039756525786088471685 ub=16.8119912961125417875406803835 B=27646705 > cap
SATCERT u=23/11 r=2 Rsub=47.6175949716800566729947414092 T=0.0788917741660449840837802131972 ub=7.87838170411243479776378818773 B=2857 (no point below T -> idx=1)
SATCERT u=7/23 r=2 Rsub=80.1552376880462911405294716858 T=0.102356151318074684241354952295 ub=14.3634324385897168642872166307 B=1916074 (no point below T -> idx=1)
SATOPENB u=1/23 r=3 Rsub=5212.21867172069420821530085925 T=1.00724849060606546476300910647 ub=18.6058166237218147618478805342 B=329492818 > cap
SATOPENB u=-17/23 r=2 Rsub=106.476743590232387361124359519 T=0.117971030961118300920409601479 ub=17.2162543861976653274704601168 B=33741039 > cap
SATCERT u=-23/11 r=2 Rsub=268.729390381776153577706234586 T=0.187415531106962199093801108053 ub=12.4145997790481809682241532743 B=297157 (no point below T -> idx=1)
SATOPENB u=23/20 r=3 Rsub=2462.91000130813826954599154039 T=0.784534289802120857202543553784 ub=19.1603430991864836304072964228 B=459145353 > cap
SATCERT u=-23/7 r=2 Rsub=409.622672937049806840262494266 T=0.231387550234865538682700451930 ub=8.42825660807960124195912611131 B=5766 (no point below T -> idx=1)
SATCERT u=23/15 r=2 Rsub=133.907683880681321884491232656 T=0.132297227732840379015496526341 ub=14.2188684981093767778255539736 B=1708568 (no point below T -> idx=1)
SATCERT u=19/23 r=2 Rsub=77.1841081692083812994217965844 T=0.100441210874999859720123631283 ub=8.43578291760827296760159944156 B=5097 (no point below T -> idx=1)
SATCERT u=-23/17 r=2 Rsub=71.8887397871109619043408092135 T=0.0969345123336004320303158019179 ub=12.8649647702094603249127693143 B=425875 (no point below T -> idx=1)
SATCERT u=-15/23 r=2 Rsub=76.3533057564187907786600918167 T=0.0998991785032463298356027761402 ub=12.8574292554733972445245484087 B=423933 (no point below T -> idx=1)
SATOPENB u=-7/23 r=3 Rsub=17674.9220199673612876683147336 T=1.51326475848670884657232832917 ub=18.6827331188778371539702081909 B=590215261 > cap
SATOPENB u=13/23 r=2 Rsub=546.478777613968074467803721045 T=0.267260419012292498307688516823 ub=16.8358687387116707718891664726 B=26779017 > cap
SATCERT u=23/19 r=2 Rsub=107.506793485603990376013701921 T=0.118540280039230147609236861671 ub=10.3660105989632731220171714557 B=35759 (no point below T -> idx=1)
SATOPENB u=-1/23 r=4 Rsub=65593.8078236499310781793672975 T=2.25200848097608426123927138300 ub=17.1271882005949749340058312995 B=260782343 > cap
SATOPENB u=5/23 r=3 Rsub=3970.45724559433401553154394619 T=0.919904176550580330607669603280 ub=14.8546756519320781010153903162 B=7092723 > cap
SATCERT u=23/8 r=2 Rsub=519.397186254179393397197276672 T=0.260554027604779820243541527187 ub=8.50425972040723083077718468971 B=6405 (no point below T -> idx=1)
SATCERT u=-13/23 r=2 Rsub=229.505473534485531577053800051 T=0.173198656277743988517472522447 ub=11.6654701272080363937626510776 B=138506 (no point below T -> idx=1)
SATCERT u=-9/23 r=2 Rsub=56.7404385067148536562868691847 T=0.0861180799520819946550650581949 ub=14.2638926020724895053954234865 B=1706595 (no point below T -> idx=1)
SATCERT u=-23/21 r=2 Rsub=131.032626937908088418657226847 T=0.130869281616245952193384407028 ub=11.0871742821965180282423786787 B=74462 (no point below T -> idx=1)
SATCERT u=21/23 r=3 Rsub=3781.77778579365251560765486455 T=0.905095526125077257317138149290 ub=13.4412857153678749414571282391 B=1700413 (no point below T -> idx=1)
SATOPENB u=-24/19 r=3 Rsub=511.293251358230150928759486073 T=0.464535707808635132132811788702 ub=15.7510916880978188072654607818 B=11024465 > cap
SATOPENB u=17/24 r=2 Rsub=128.102147497157672229490108057 T=0.129397593543829783594644740398 ub=18.8392120600590215439024114559 B=172966701 > cap
SATOPENB u=24/13 r=3 Rsub=3293.39624794563715228002751970 T=0.864325006596638381399153353467 ub=15.3676423211368153121966002984 B=11206084 > cap
SATCERT u=24/7 r=2 Rsub=136.499681408431576486209118351 T=0.133571503163406228884164753792 ub=7.76901733098016462140468495944 B=2705 (no point below T -> idx=1)
SATOPENB u=24/23 r=3 Rsub=4174.84499778926444231567255046 T=0.935425492574776678533234622767 ub=19.1755152537443366105444023749 B=542088997 > cap
SATOPENB u=25/17 r=2 Rsub=185.778868460690503188733534211 T=0.155828234846492828863111676702 ub=14.6729318583012825263402404691 B=2754538 > cap
SATCERT u=25/14 r=2 Rsub=403.433246752556780495771108778 T=0.229632755500585879413357718364 ub=14.0630757627312306712008281358 B=1611553 (no point below T -> idx=1)
SATCERT u=-7/25 r=2 Rsub=71.3692706654497925761070334288 T=0.0965836522277579365272405111211 ub=13.6044600571195505215459037415 B=891842 (no point below T -> idx=1)
SATCERT u=25/11 r=2 Rsub=139.230229569969365500376611880 T=0.134900874227688446559610961245 ub=11.5111797829953156080577178084 B=114243 (no point below T -> idx=1)
SATCERT u=25/7 r=2 Rsub=176.680962889544729491084725957 T=0.151964754653189893937841240113 ub=7.40798638074155482837410869317 B=1920 (no point below T -> idx=1)
SATOPENB u=25/12 r=3 Rsub=2636.51121751670328106022018358 T=0.802550353766174827946785666737 ub=15.6746379174062265764473338531 B=14320295 > cap
SATOPENB u=-25/23 r=2 Rsub=409.072225214815970448511493220 T=0.231232029586497757199006690086 ub=17.1905663773511081070033061641 B=36829084 > cap
SATCERT u=-25 r=2 Rsub=136.499681408431576486209118351 T=0.133571503163406228884164753792 ub=7.76901733098016462140468495944 B=2705 (no point below T -> idx=1)
SATCERT u=19/25 r=3 Rsub=8629.44470289024101597599025307 T=1.19158044137377701804987191470 ub=12.9605615854870814792691888455 B=1400223 (no point below T -> idx=1)
SATCERT u=25 r=2 Rsub=47.6175949716800566729947414092 T=0.0788917741660449840837802131972 ub=7.87838170411243479776378818773 B=2857 (no point below T -> idx=1)
SATCERT u=1/25 r=2 Rsub=288.169263462451575309103054636 T=0.194075995607474490272669409547 ub=13.2578786234778552031949553422 B=695200 (no point below T -> idx=1)
SATCERT u=-1/25 r=2 Rsub=55.2932767880137485589651168991 T=0.0850127682912422104575156479614 ub=11.8514341369720943373808855929 B=152734 (no point below T -> idx=1)
SATCERT u=25/19 r=2 Rsub=320.104969276292388267336696017 T=0.204547512582308764225001828874 ub=13.5565581776900582785164378056 B=947049 (no point below T -> idx=1)
SATCERT u=3/25 r=2 Rsub=232.785261328794644033464000397 T=0.174431828915396082010853741952 ub=9.95836774053187126560701755908 B=25155 (no point below T -> idx=1)
SATCERT u=25/6 r=2 Rsub=72.3378815113083846333588474409 T=0.0972368513599664390187506568657 ub=8.78574858359538384610696783409 B=7209 (no point below T -> idx=1)
SATOPENB u=25/16 r=3 Rsub=7051.42987689769555295458697169 T=1.11400758154644876829855357616 ub=15.7607269459439447627921690460 B=21311013 > cap
SATCERT u=17/25 r=2 Rsub=152.272234484299949342504852058 T=0.141077694858459013626646403143 ub=10.0742889011320286920132083684 B=27320 (no point below T -> idx=1)
SATCERT u=-13/25 r=2 Rsub=316.280071011943277355660691372 T=0.203321782443215986617843290131 ub=13.3600676121908197408031970047 B=777151 (no point below T -> idx=1)
SATCERT u=-25/3 r=2 Rsub=40.0087276011281692737048973938 T=0.0723144961117143089684144500106 ub=6.25842525318269685248692325591 B=562 (no point below T -> idx=1)
SATOPENB u=24/25 r=3 Rsub=9400.90795243272987903674217424 T=1.22608058706171370155899569273 ub=15.1094686988124990429535033568 B=12429079 > cap
SATOPENB u=25/21 r=3 Rsub=1616.62107800827853325293268439 T=0.681812818053239432013142743334 ub=14.1194029652215023003084856684 B=2679702 > cap
SATOPENB u=25/18 r=2 Rsub=305.515610282977307108882235670 T=0.199831844573563770188922003617 ub=15.4736571919894542894274455535 B=6410765 > cap
SATCERT u=9/25 r=2 Rsub=57.2112603944999131781545798910 T=0.0864746379360784242833682523892 ub=10.2205324691134277584120097802 B=29942 (no point below T -> idx=1)
SATOPENB u=25/22 r=3 Rsub=5939.33276271717811723850050201 T=1.05206272928803506319951475751 ub=20.0253553403202146196181132653 B=1424972098 > cap
SATOPENB u=26/23 r=3 Rsub=5725.21081603311832033444740314 T=1.03926486170388205347579301232 ub=21.7686171357959837932594730259 B=8041504243 > cap
SATOPENB u=26/15 r=3 Rsub=4427.36241292558316237777365216 T=0.953917407236723697534146639928 ub=14.0112369910904707499749711869 B=3157069 > cap
SATOPENB u=26/11 r=3 Rsub=8505.65129251416190779086750148 T=1.18585504987085726990243655836 ub=16.2345281638929860879372448408 B=36777001 > cap
SATOPENB u=17/26 r=2 Rsub=135.467716065869296909778054932 T=0.133065631366154618647332890833 ub=20.8682613916778744677591555301 B=1320566996 > cap
SATOPENB u=21/26 r=2 Rsub=214.044066912058740283877223870 T=0.167262888170242082459319755734 ub=18.1297896669382350409995514151 B=88370836 > cap
SATOPENB u=19/26 r=2 Rsub=152.531618965053997932620983232 T=0.141197801437597559312231967111 ub=21.4490081180961904697536022722 B=2379618267 > cap
SATCERT u=26/3 r=3 Rsub=1069.12156560032496213141562134 T=0.594025077087847486957028419651 ub=13.6964510216434119948287556930 B=1607959 (no point below T -> idx=1)
SATCERT u=26/7 r=2 Rsub=66.5255440864254741756199046852 T=0.0932485767916907426597959059975 ub=8.12264875045359016720743337217 B=3700 (no point below T -> idx=1)
SATOPENB u=27/26 r=2 Rsub=91.3087592007406007651673474869 T=0.109245665616983847073876137925 ub=18.0563716215537861919374879651 B=77486733 > cap
SATOPENB u=11/27 r=2 Rsub=138.327271826332642084342697283 T=0.134462722515246412945993941690 ub=14.9033165199542529134598406399 B=3394881 > cap
SATCERT u=27/23 r=2 Rsub=182.118195028700804818721029824 T=0.154285340462298205385814995111 ub=9.56498040796025738093129876750 B=16636 (no point below T -> idx=1)
SATCERT u=-27/25 r=3 Rsub=893.586150281595222120463362383 T=0.559552996375329708685569928341 ub=8.22107339050939355905717140510 B=6507 (no point below T -> idx=1)
SATCERT u=27/8 r=3 Rsub=951.665034375795625359495424515 T=0.571422215066289561858378025344 ub=5.42205001810109918711058629639 B=401 (no point below T -> idx=1)
SATOPENB u=-7/27 r=2 Rsub=122.290572588190520828571571393 T=0.126428353986444807718594369966 ub=14.7522930275763167472880046784 B=2895654 > cap
SATCERT u=27/17 r=2 Rsub=66.2094718369271366352113916411 T=0.0930267944734622943698339695361 ub=11.6261164386941727973221798771 B=122903 (no point below T -> idx=1)
SATOPENB u=-11/27 r=3 Rsub=3469.01450990931966881281776204 T=0.879422936012624888735558858127 ub=16.8975474709256068433624161234 B=52533962 > cap
SATCERT u=27/19 r=2 Rsub=96.2666851318840233265615667754 T=0.112172397748160176754159244532 ub=12.3827866192422260810511575927 B=266989 (no point below T -> idx=1)
SATCERT u=27 r=2 Rsub=73.5680103814855620921601224428 T=0.0980601379696477478820515821378 ub=4.94913257272864526094333243467 B=156 (no point below T -> idx=1)
SATOPENB u=1/27 r=3 Rsub=6788.93893187688645240519312130 T=1.10000936711493068937870228742 ub=14.9594221634962636860310822192 B=9430235 > cap
SATCERT u=27/10 r=2 Rsub=113.800682088542443030066360553 T=0.121960845668441804182062435529 ub=10.1915665522376292539726491611 B=30138 (no point below T -> idx=1)
SATOPENB u=-13/27 r=2 Rsub=175.014776156290710010278561370 T=0.151246506804332887382340730382 ub=15.1292474875770964015648205489 B=4327472 > cap
SATCERT u=27/14 r=2 Rsub=202.562981403371626722849184659 T=0.162715166441571671808586546730 ub=13.5282229411653245648530846373 B=882875 (no point below T -> idx=1)
SATCERT u=27/13 r=3 Rsub=1581.65454557720561613227496045 T=0.676861212064210754678862030378 ub=11.0595275219922583888965541635 B=125040 (no point below T -> idx=1)
SATOPENB u=25/27 r=2 Rsub=129.321279668880920542821229393 T=0.130011865901361236683586143978 ub=14.5630058848015841025669933888 B=2404898 > cap
SATCERT u=-27/13 r=2 Rsub=45.5012143429057801880638449200 T=0.0771186623877498384774397299874 ub=10.7367380417744022105138660179 B=49705 (no point below T -> idx=1)
SATCERT u=19/27 r=2 Rsub=129.443564891523597804355774358 T=0.130073320494921369642541086416 ub=10.7468376532084953239323851584 B=52940 (no point below T -> idx=1)
SATCERT u=-27/7 r=2 Rsub=60.0622077909243610320374860497 T=0.0886030436016737416258225204824 ub=6.09699398276510871380866305393 B=486 (no point below T -> idx=1)
SATCERT u=27/11 r=2 Rsub=47.6175949716800566729947414092 T=0.0788917741660449840837802131972 ub=7.87838170411243479776378818773 B=2857 (no point below T -> idx=1)
SATOPENB u=28/25 r=3 Rsub=3055.06215011111746462012190833 T=0.842951198724193399562786422700 ub=17.9291245476128901882356442483 B=142104854 > cap
SATCERT u=28/5 r=3 Rsub=2133.48238491395688215276065492 T=0.747868836254207992272528322449 ub=12.5619838088826783603154433432 B=603109 (no point below T -> idx=1)
SATCERT u=28/9 r=3 Rsub=6031.01740339105170178179271146 T=1.05744862443128027686331273727 ub=7.55772343090332831147839449891 B=5515 (no point below T -> idx=1)
SATOPENB u=25/28 r=3 Rsub=6223.85491917385989955336079076 T=1.06860098344656817216878560140 ub=21.1293105117324311192650893607 B=4369487207 > cap
SATOPENB u=23/28 r=3 Rsub=1475.56976358820754144869322066 T=0.661376863919763667011746914345 ub=18.2424238906483772973908776251 B=162112445 > cap
SATOPENB u=28/3 r=3 Rsub=1086.08513251662651209043256133 T=0.597150369795461753042562976787 ub=14.4162315284205113579970468340 B=3313058 > cap
SATCERT u=-29/2 r=2 Rsub=119.984785787466401376399391494 T=0.125230779760881993171781406656 ub=10.9996451134595352723431769034 B=67838 (no point below T -> idx=1)
SATOPENB u=-19/29 r=2 Rsub=365.961918419797711850473912769 T=0.218708641152350012307467982987 ub=18.4512159099733520487753109509 B=128305482 > cap
SATCERT u=-29/11 r=2 Rsub=40.0883121195498610958844775897 T=0.0723863836166133445198308256149 ub=12.0486801774107359988526972727 B=183702 (no point below T -> idx=1)
SATOPENB u=-29/19 r=2 Rsub=170.219143845150094669619033601 T=0.149159938430678734371915483991 ub=16.0527706118696289112676745702 B=10874494 > cap
SATCERT u=29/13 r=2 Rsub=122.201003475832323733083596011 T=0.126382045634612637962461414157 ub=9.28288506779391766628237176363 B=12201 (no point below T -> idx=1)
SATCERT u=-29/5 r=2 Rsub=136.499681408431576486209118351 T=0.133571503163406228884164753792 ub=7.76901733098016462140468495944 B=2705 (no point below T -> idx=1)
SATOPENB u=-5/29 r=3 Rsub=3670.25504211829402783465078627 T=0.896109670331026857893489779066 ub=15.6029773255081633788162214597 B=14637350 > cap
SATCERT u=-29/15 r=3 Rsub=2075.50700565096423556386489941 T=0.741032320859121406264785831947 ub=12.3616146637984730973206598005 B=490239 (no point below T -> idx=1)
SATCERT u=13/29 r=2 Rsub=155.544915001860324832969564569 T=0.142585677486279095234588021510 ub=13.9050335335613647395728335333 B=1261257 (no point below T -> idx=1)
SATCERT u=29/22 r=2 Rsub=227.152754604145200747483877021 T=0.172308617679767949714561404046 ub=14.0223244347355337403657888126 B=1461002 (no point below T -> idx=1)
SATCERT u=1/29 r=2 Rsub=532.095584759408740798189626519 T=0.263719851268099475281117743446 ub=13.2182207718645657691809442893 B=716362 (no point below T -> idx=1)
SATCERT u=29/8 r=2 Rsub=64.8921218909081293373873135230 T=0.0920966816103523592548318286220 ub=8.34820348753412735138838281105 B=4630 (no point below T -> idx=1)
SATCERT u=29/10 r=2 Rsub=75.5888999996614525566620369047 T=0.0993978537988843605186545057299 ub=11.2342600639550009207727304398 B=83589 (no point below T -> idx=1)
SATOPENB u=29/16 r=3 Rsub=2045.17300543292060371503794428 T=0.737404471252219543926881643761 ub=15.7510916880978188072654607818 B=14483146 > cap
SATCERT u=-29/23 r=2 Rsub=188.749323212071929231184058889 T=0.157069078591989430836982233596 ub=6.84594692336565151634562915570 B=1100 (no point below T -> idx=1)
SATOPENB u=29/21 r=2 Rsub=52.0541345522302714885721702184 T=0.0824851198353154555560038030034 ub=15.8822810082472701209839439842 B=8578470 > cap
SATOPENB u=-29/27 r=2 Rsub=79.5942109459967869069808944265 T=0.101997314047002727752021983977 ub=15.3926682980257812262262288296 B=5361025 > cap
SATCERT u=9/29 r=2 Rsub=66.2094718369271366352113916410 T=0.0930267944734622943698339695361 ub=11.6261164386941727973221798771 B=122903 (no point below T -> idx=1)
SATOPENB u=23/29 r=3 Rsub=9511.99924146933361543441628823 T=1.23089125165596933812893972841 ub=15.8303481155182535154031464833 B=25680420 > cap
SATOPENB u=29/26 r=2 Rsub=100.798537826906115470644675154 T=0.114782349640648230124520899180 ub=15.3960145121814836855033454204 B=5448206 > cap
SATCERT u=21/29 r=2 Rsub=82.6561695529368847174246989846 T=0.103940698780187571928197680570 ub=12.2043669843239446977583871351 B=221529 (no point below T -> idx=1)
SATOPENB u=24/29 r=3 Rsub=3261.37741802739621817042657367 T=0.861514852936849839717549143453 ub=13.8800048925354160530782429900 B=2524415 > cap
SATCERT u=29/5 r=2 Rsub=47.6175949716800566729947414092 T=0.0788917741660449840837802131972 ub=7.87838170411243479776378818773 B=2857 (no point below T -> idx=1)
SATOPENB u=-3/29 r=2 Rsub=166.643641762477692665614404428 T=0.147585050588257552740989022468 ub=15.4482896468355918768787226277 B=5932017 > cap
SATOPENB u=-29/13 r=3 Rsub=4459.68044317825534805996881861 T=0.956232858204863924863768423950 ub=14.9933453710605484168636389098 B=8449166 > cap
SATCERT u=29/2 r=2 Rsub=90.8213728977213417158013396730 T=0.108953710693027202521923508737 ub=12.4392363337940217354526401912 B=281586 (no point below T -> idx=1)
SATOPENB u=29/14 r=3 Rsub=2008.33085890369907634288252104 T=0.732949697346575902758424697929 ub=16.5882025038471929658849800234 B=33302806 > cap
SATCERT u=29/4 r=2 Rsub=126.915704511183576625556587610 T=0.128796979126069768716649724529 ub=9.24588930940080880618855846148 B=11787 (no point below T -> idx=1)
SATOPENB u=-13/29 r=3 Rsub=1492.69393156969839031915082971 T=0.663925483377541453520609290165 ub=15.6465603242922803475810533311 B=12121434 > cap
SATOPENB u=25/29 r=3 Rsub=724.340873339747729537410899234 T=0.521727121254020493042125414237 ub=16.0646551209656415841688991572 B=15972551 > cap
SATOPENB u=15/29 r=2 Rsub=170.612646655829572880881389552 T=0.149332248580391432767685250571 ub=15.1648164398917176765907978468 B=4475590 > cap
SATCERT u=-15/29 r=2 Rsub=128.951570822650900524987775534 T=0.129825891327455143836611519426 ub=11.7449759448783415629832840119 B=143603 (no point below T -> idx=1)
SATCERT u=29/23 r=2 Rsub=260.613654566502622826154545968 T=0.184563823104833654792287482548 ub=11.2803837981525804996674213389 B=95316 (no point below T -> idx=1)
SATOPENB u=5/29 r=2 Rsub=539.821472730589172054885190557 T=0.265627522947158079566432264261 ub=18.3009986892108582740639494990 B=115713309 > cap
SATOPENB u=29/24 r=2 Rsub=147.373532847382115011585645928 T=0.138789861319156295449133488322 ub=18.5145209888836197143933450558 B=126191462 > cap
SATCERT u=17/29 r=2 Rsub=247.914903752105146184232172926 T=0.180011111041248674562929848669 ub=12.2423270428711036844817976605 B=248287 (no point below T -> idx=1)
SATCERT u=-30 r=2 Rsub=109.612124274872071066591986525 T=0.119695353512577947200760003496 ub=6.67036828449170261782538827161 B=889 (no point below T -> idx=1)
SATOPENB u=30/23 r=3 Rsub=6159.79163315961215243034766636 T=1.06492189560897402249397908235 ub=18.9771303322381315818343971291 B=506002531 > cap
SATCERT u=30/7 r=2 Rsub=56.7455344177322292750533387028 T=0.0861219470372776026245966851776 ub=8.20433540223801015759227599936 B=3986 (no point below T -> idx=1)
SATCERT u=30/17 r=3 Rsub=1069.12156560032496213141562134 T=0.594025077087847486957028419651 ub=13.6964510216434119948287556930 B=1607959 (no point below T -> idx=1)
SATCERT u=31/21 r=2 Rsub=228.290361450603061117466273639 T=0.172739549398395041880887840233 ub=13.8742679134914103650151412937 B=1260486 (no point below T -> idx=1)
SATCERT u=31/23 r=2 Rsub=116.430496835201317878718722144 T=0.123361990946986507334075174792 ub=12.3793918642965872493277980230 B=269078 (no point below T -> idx=1)
SATCERT u=31/13 r=2 Rsub=285.173314494167014382907274206 T=0.193064505142679998432736310959 ub=11.5302584594573103745648716691 B=123417 (no point below T -> idx=1)
SATCERT u=-31/7 r=2 Rsub=223.134902064238157416001293725 T=0.170777931040429562435679339077 ub=10.3339666884417013574581724010 B=36489 (no point below T -> idx=1)
SATCERT u=-31/3 r=2 Rsub=96.9600276953290133735881914047 T=0.112575623234704867634803011382 ub=8.61202780757402835239746898708 B=6153 (no point below T -> idx=1)
SATOPENB u=-17/31 r=2 Rsub=826.900300220625826613763039740 T=0.328756667371614195289333204889 ub=18.8013308501654355013651378755 B=203278500 > cap
SATCERT u=-3/31 r=2 Rsub=215.745627950678953500490251015 T=0.167926407197464905030022050964 ub=13.8821308694702322814184755962 B=1264336 (no point below T -> idx=1)
SATOPENB u=31/29 r=2 Rsub=151.439956892113059435615384304 T=0.140691620913112819479133236254 ub=17.8504449823522060736074270640 B=65080571 > cap
SATOPENB u=31/30 r=2 Rsub=424.602207394303665113066719224 T=0.235580380189888755003333245344 ub=15.2864189790179713821294685818 B=5509583 > cap
SATCERT u=5/31 r=2 Rsub=134.509494497204000613582946051 T=0.132594180899631261094242402216 ub=9.10817658862098664436401324281 B=10309 (no point below T -> idx=1)
SATOPENB u=9/31 r=3 Rsub=11736.6121496541787967647432745 T=1.32021095969166231588773234118 ub=17.1877685875853341726011756234 B=109122270 > cap
SATCERT u=3/31 r=2 Rsub=84.0980037267320371994880848280 T=0.104843337614635883472439605637 ub=11.9821823846572997968047870743 B=177554 (no point below T -> idx=1)
SATCERT u=-5/31 r=2 Rsub=170.917530701817661144898368288 T=0.149465617059076149284096441711 ub=9.86093190280133059744596060504 B=22257 (no point below T -> idx=1)
SATCERT u=-31/5 r=2 Rsub=176.680962889544729491084725957 T=0.151964754653189893937841240113 ub=7.40798638074155482837410869317 B=1920 (no point below T -> idx=1)
SATCERT u=27/31 r=2 Rsub=170.917530701817661144898368288 T=0.149465617059076149284096441711 ub=9.86093190280133059744596060504 B=22257 (no point below T -> idx=1)
SATCERT u=31/19 r=3 Rsub=1581.65454557720561613227496045 T=0.676861212064210754678862030378 ub=11.0595275219922583888965541635 B=125040 (no point below T -> idx=1)
SATCERT u=31/15 r=2 Rsub=108.133125757010046718597948568 T=0.118885085125437390802963869409 ub=13.2671440331994348930272782932 B=650847 (no point below T -> idx=1)
SATCERT u=31/10 r=2 Rsub=59.3100016968426614374453541161 T=0.0880464728452973562307335493577 ub=9.03533397789937009362465885129 B=9168 (no point below T -> idx=1)
SATCERT u=31/6 r=2 Rsub=20.3786336911424933096333058358 T=0.0516101980875069098950982060996 ub=4.49536234276926280567427507277 B=95 (no point below T -> idx=1)
SATOPENB u=-31/29 r=3 Rsub=8505.65129251416190779086750148 T=1.18585504987085726990243655836 ub=16.2345281638929860879372448408 B=36777001 > cap
SATCERT u=29/31 r=2 Rsub=202.454541915029108493383015800 T=0.162671606874623702693159477144 ub=13.1707283627010321216769921443 B=617479 (no point below T -> idx=1)
SATOPENB u=23/31 r=2 Rsub=164.147523080419985811181343501 T=0.146475558095616338248874670680 ub=18.6842229736164008277722590309 B=150684459 > cap
SATOPENB u=-31/17 r=2 Rsub=284.003174970182503309938258011 T=0.192668001301822275570998887140 ub=15.3034175107568509523398254616 B=5368642 > cap
SATOPENB u=31/14 r=4 Rsub=33229.0801871670405957003020556 T=1.89991377212857935462667836876 ub=16.2639025043639133904642728218 B=77347304 > cap
SATOPENB u=-9/31 r=2 Rsub=84.4242206989876463675258098579 T=0.105046484964499145026456518573 ub=15.8409664513358638238794713997 B=8419096 > cap
SATOPENB u=31/18 r=2 Rsub=188.564685088567644309912824229 T=0.156992235837735188419593264750 ub=15.4796349135334748824143371311 B=6178754 > cap
SATCERT u=-31/21 r=2 Rsub=513.601221920844594516315471802 T=0.259096185182149735984087964919 ub=12.5626991568761758180368772288 B=370199 (no point below T -> idx=1)
SATCERT u=-31/25 r=2 Rsub=167.357311464550120733664635404 T=0.147900737554195256539555139663 ub=13.3144151706281465215132928939 B=702441 (no point below T -> idx=1)
SATCERT u=31/8 r=2 Rsub=212.191602504320418411243856256 T=0.166537519157019191844823859726 ub=5.97733197748723141154153058784 B=466 (no point below T -> idx=1)
SATOPENB u=21/31 r=3 Rsub=3943.19853328316556139102998148 T=0.917794175467458272533226745559 ub=15.5143653291334194471493315240 B=13689772 > cap
SATOPENB u=31/32 r=2 Rsub=182.285677250875702677488726690 T=0.154356267240216492249960634581 ub=18.3713135033582939240454244690 B=111069843 > cap
SATCERT u=32/9 r=2 Rsub=92.2395949040743686777538641766 T=0.109801099255796072185565585974 ub=8.96908272265897622567519689105 B=8769 (no point below T -> idx=1)
SATCERT u=32/11 r=3 Rsub=1911.12862998639110676657136839 T=0.720928822607263966757333001366 ub=13.4600661752327821109216494814 B=1441213 (no point below T -> idx=1)
SATCERT u=-32 r=2 Rsub=108.961100271047710647332773137 T=0.119339368265318296428748422457 ub=11.2507231343046846894661866770 B=86688 (no point below T -> idx=1)
SATCERT u=32/7 r=2 Rsub=425.104562718197701414922164415 T=0.235719698913068028195600747892 ub=10.1298713320981860809483947652 B=31749 (no point below T -> idx=1)
SATCERT u=-15/32 r=2 Rsub=41.9691402744443734258972647068 T=0.0740650006485678900987546104148 ub=8.81358549807622845378622014360 B=7242 (no point below T -> idx=1)
SATCERT u=33/19 r=2 Rsub=84.0980037267320371994880848278 T=0.104843337614635883472439605637 ub=11.9821823846572997968047870743 B=177554 (no point below T -> idx=1)
SATCERT u=-31/33 r=2 Rsub=133.907683880681321884491232656 T=0.132297227732840379015496526341 ub=14.2188684981093767778255539736 B=1708568 (no point below T -> idx=1)
SATCERT u=-33/23 r=2 Rsub=160.764114319549216858149485360 T=0.144958120919506356227745643777 ub=14.1763849773391066507780398645 B=1658366 (no point below T -> idx=1)
SATCERT u=33/7 r=2 Rsub=10.3716578039501906267443409608 T=0.0368190080819003645062431072370 ub=2.66132630438388126753546291315 B=15 (no point below T -> idx=1)
SATCERT u=-33/13 r=2 Rsub=20.3786336911424933096333058358 T=0.0516101980875069098950982060996 ub=4.49536234276926280567427507277 B=95 (no point below T -> idx=1)
SATOPENB u=33/26 r=2 Rsub=137.702839662960284058974670143 T=0.134158885760486557092631851944 ub=17.8116361163329752586555080975 B=62195612 > cap
SATCERT u=33/10 r=3 Rsub=895.458213101440944962163429392 T=0.559943478290330637986461710928 ub=7.78584129384509227102385518713 B=4213 (no point below T -> idx=1)
SATOPENB u=-33/31 r=2 Rsub=59.7584508690720774080541119586 T=0.0883787103365427299169272856413 ub=15.8561826742604150135731867501 B=8406884 > cap
SATOPENB u=33/31 r=3 Rsub=470.176771423050231456202560317 T=0.451734027729046061987639554810 ub=16.7814373798678089827039610417 B=30497993 > cap
SATOPENB u=5/33 r=2 Rsub=124.526048319252272144616655368 T=0.127578678059524425868336169610 ub=15.2281943513101406350128922043 B=4665815 > cap
SATCERT u=29/33 r=2 Rsub=257.224202307459973647180227145 T=0.183359708163616504214647549827 ub=13.0469266189027946141626114792 B=556981 (no point below T -> idx=1)
SATCERT u=1/33 r=2 Rsub=82.3836468263360183188686425777 T=0.103769207712495145433006465872 ub=9.55270148832520310056487104009 B=15623 (no point below T -> idx=1)
SATCERT u=-33/5 r=2 Rsub=164.866245165614115694037716992 T=0.146795880421944805794232955563 ub=6.79250773911295479942066067039 B=1033 (no point below T -> idx=1)
SATCERT u=33/29 r=2 Rsub=196.028110285662619143946624844 T=0.160068977667229140505109686095 ub=9.74687681439028762375268501426 B=20070 (no point below T -> idx=1)
SATOPENB u=25/33 r=2 Rsub=211.380149261830325029637778095 T=0.166218781628076968897713328841 ub=18.7343991915294755136274875553 B=161597297 > cap
SATCERT u=-33 r=2 Rsub=48.0400655094655414070692669524 T=0.0792409712477737100592863054108 ub=6.64430396045994865509522737915 B=832 (no point below T -> idx=1)
SATOPENB u=33/32 r=2 Rsub=141.705301581331539747117425668 T=0.136094647124808259558252185093 ub=15.4719369279614509848870501825 B=6004572 > cap
SATOPENB u=34/33 r=3 Rsub=1424.57429944703134202333789368 T=0.653668340508874904742080067147 ub=23.7649286858165753398944204446 B=40258903702 > cap
SATOPENB u=34/15 r=3 Rsub=7118.02511058932887148351642015 T=1.11750357532914361816707101084 ub=18.1016281791721362390065782822 B=222209626 > cap
SATCERT u=34/11 r=2 Rsub=111.988943942238452816040548578 T=0.120986125553761731197341115941 ub=10.6389251101040577293228089318 B=47095 (no point below T -> idx=1)
SATCERT u=34/3 r=3 Rsub=1015.44943184677093515070341801 T=0.583913500201515948768201390939 ub=11.1968121982555297794485491551 B=130709 (no point below T -> idx=1)
SATOPENB u=33/34 r=2 Rsub=242.612742638183935002172360644 T=0.178075756592146194444793539129 ub=16.2563154788747976653007110146 B=13720358 > cap
SATCERT u=34/7 r=2 Rsub=187.735958589026020409576935809 T=0.156646871885543251635830824593 ub=9.23535156516692919417021510729 B=11993 (no point below T -> idx=1)
SATCERT u=-34 r=2 Rsub=203.602022213328115439358636991 T=0.163131953962422989511190717135 ub=11.4256284712832878239873767419 B=107879 (no point below T -> idx=1)
SATCERT u=35/13 r=3 Rsub=2075.50700565096423556386489941 T=0.741032320859121406264785831947 ub=12.3616146637984730973206598005 B=490239 (no point below T -> idx=1)
SATOPENB u=11/35 r=2 Rsub=481.018816698646504499902803682 T=0.250743121062193846992916709922 ub=19.2538694573389444085495884026 B=295628034 > cap
SATCERT u=-9/35 r=2 Rsub=90.8213728977213417158013396730 T=0.108953710693027202521923508737 ub=12.4392363337940217354526401912 B=281586 (no point below T -> idx=1)
SATCERT u=3/35 r=2 Rsub=165.501184476952130929455503832 T=0.147078281793482205842748936660 ub=13.4717632600689830718805761416 B=821463 (no point below T -> idx=1)
SATOPENB u=27/35 r=2 Rsub=171.634271161299257050212938835 T=0.149778680264029510414635565037 ub=16.1108693003872082128960778388 B=11532135 > cap
SATOPENB u=35/19 r=2 Rsub=348.945743728823481691100168184 T=0.213563459432155824390455598766 ub=15.1278858334892434632209187061 B=4599460 > cap
SATCERT u=35/16 r=2 Rsub=416.020605423369744736908761284 T=0.233187579991846852247653008324 ub=11.9740423383813045775059008133 B=200232 (no point below T -> idx=1)
TIMECAP 10800 s at fiber 562/1021
SEARCH_DONE satcert Sig=4 fibers=1021 cert=388 certm=0 openB=172 openM=0 viol=0 skip=1 10803.510 s
DRIVER: TimeCap at fiber 562, resuming
Loading "split_lab.m"
SATCERT LANE Sig=4 sg=[ 1, 3, 2 ] fibers=1021 PtsCap=2000000
JOIN fibers=5167
SATOPENB u=-35/29 r=2 Rsub=103.891743181558550712514641905 T=0.116530205186970162098806011628 ub=15.4754669981815754577421192545 B=5909060 > cap
SATCERT u=35/9 r=2 Rsub=47.4663437427686232955349590024 T=0.0787663796729095161170617741080 ub=5.41383258447256142122495247843 B=243 (no point below T -> idx=1)
SATOPENB u=35/26 r=2 Rsub=252.138853907206521864521123614 T=0.181538140120186436769493811551 ub=20.7486033553767357772081942978 B=1229829644 > cap
SATOPENB u=35/24 r=2 Rsub=201.923333701339610859407855806 T=0.162458054611233353160037396400 ub=18.6467185069805321677587662882 B=147476082 > cap
SATOPENB u=13/35 r=3 Rsub=4017.19756360757366608299542850 T=0.923499815279933860492033450290 ub=14.8741880751755099330410670524 B=7258531 > cap
SATOPENB u=29/35 r=3 Rsub=4066.85205596340040920878921416 T=0.927289212148641013393590861949 ub=20.5095925528168427505527244274 B=2041359338 > cap
SATOPENB u=-29/35 r=2 Rsub=210.032351343315674951563298630 T=0.165688013756577555706854390117 ub=19.4537916964721455738257143150 B=331613175 > cap
SATCERT u=-35/11 r=3 Rsub=6031.01740339105170178179271146 T=1.05744862443128027686331273727 ub=7.55772343090332831147839449891 B=5515 (no point below T -> idx=1)
SATCERT u=23/35 r=2 Rsub=320.104969276292388267336696017 T=0.204547512582308764225001828874 ub=13.5565581776900582785164378056 B=947049 (no point below T -> idx=1)
SATCERT u=31/35 r=2 Rsub=446.211267087550666590134164137 T=0.241500625900302058692779420841 ub=13.8489952878002230561504746802 B=1316512 (no point below T -> idx=1)
SATCERT u=35/27 r=2 Rsub=152.272234484299949342504852058 T=0.141077694858459013626646403143 ub=10.0742889011320286920132083684 B=27320 (no point below T -> idx=1)
SATCERT u=35/6 r=2 Rsub=212.519586405692957133026954092 T=0.166666177722653565089647321577 ub=12.5489256025528373809116339727 B=332899 (no point below T -> idx=1)
SATOPENB u=-13/35 r=2 Rsub=173.447334753853971152720037493 T=0.150567697748382838756546993809 ub=19.4300877592080119685042412241 B=318985262 > cap
SATOPENB u=-1/35 r=3 Rsub=2388.55996515700660864020928569 T=0.776559014780872346437033623294 ub=17.1676545648362863330677466189 B=62097332 > cap
SATOPENB u=19/35 r=2 Rsub=126.258481487753095093944715797 T=0.128463063748073108496978897616 ub=19.4321671627124777575070742948 B=312661042 > cap
SATCERT u=35/32 r=2 Rsub=114.503687950740479033149418319 T=0.122336973392148154147353566676 ub=13.7195088952165256783163832113 B=1026686 (no point below T -> idx=1)
SATCERT u=35/4 r=3 Rsub=3781.77778579365251560765486455 T=0.905095526125077257317138149290 ub=13.4412857153678749414571282391 B=1700413 (no point below T -> idx=1)
SATOPENB u=-17/35 r=3 Rsub=2636.51121751670328106022018358 T=0.802550353766174827946785666737 ub=15.6746379174062265764473338531 B=14320295 > cap
SATCERT u=9/35 r=2 Rsub=383.347071861839040908687383627 T=0.223843284493972647860573405181 ub=14.1503282783507147784985815515 B=1748330 (no point below T -> idx=1)
SATOPENB u=33/35 r=2 Rsub=128.149255011359976878431357684 T=0.129421383303829790977851729571 ub=16.2828876095975732129920818858 B=13420702 > cap
SATCERT u=-35/3 r=2 Rsub=80.6049571241382236840907940486 T=0.102642889691335135109682681336 ub=7.05327169911931510060087163357 B=1282 (no point below T -> idx=1)
SATCERT u=35/3 r=2 Rsub=91.2333502314147332760436601344 T=0.109200545057256226618089809813 ub=10.1669208597948359929769134936 B=29032 (no point below T -> idx=1)
SATCERT u=36/11 r=2 Rsub=89.3390839945971339326480510879 T=0.108060940274480706137628603255 ub=9.19498722457965644932460974943 B=10972 (no point below T -> idx=1)
SATOPENB u=36/19 r=3 Rsub=2248.48324130343751790306670914 T=0.761071807071627517401332155433 ub=17.0521735919037502455514450520 B=54474617 > cap
SATCERT u=-36 r=2 Rsub=149.697499472596287131445570667 T=0.139879885301202028010941005584 ub=9.39357598512849141800793884117 B=13815 (no point below T -> idx=1)
SATOPENB u=36/31 r=3 Rsub=8241.38173682833819732942591592 T=1.17344415575644401462551003365 ub=20.4080068172514082669062457361 B=2358875769 > cap
SATCERT u=36/17 r=3 Rsub=5763.44241450765076413482249935 T=1.04157305278234126509886088686 ub=10.9297600479099221128345452483 B=158156 (no point below T -> idx=1)
SATOPENB u=-27/37 r=2 Rsub=86.0169344829618540078716718870 T=0.106032737746881081429366836406 ub=16.8222056881116417332168362242 B=22482290 > cap
SATOPENB u=27/37 r=3 Rsub=9086.99906761951155867362854359 T=1.21227898643884746949795068458 ub=17.9320346280196862180772073472 B=206191028 > cap
SATCERT u=37/2 r=2 Rsub=269.101612300514113944127635461 T=0.187545282506110811238320867871 ub=10.6507277869149167366207437695 B=50934 (no point below T -> idx=1)
SATCERT u=-37/25 r=2 Rsub=180.128378989178875219483289698 T=0.153440167843653710137894058130 ub=7.03942763070799444648636026970 B=1330 (no point below T -> idx=1)
SATCERT u=37/6 r=2 Rsub=108.133125757010046718597948568 T=0.118885085125437390802963869409 ub=13.2671440331994348930272782932 B=650847 (no point below T -> idx=1)
SATOPENB u=7/37 r=2 Rsub=97.5089456873394391115853591475 T=0.112893834634806559605538769878 ub=19.2481991429216273254268210731 B=256103695 > cap
SATOPENB u=37/26 r=2 Rsub=104.525740662387109867874525367 T=0.116885226116716982999748488632 ub=20.6082013205260071034294257574 B=1001822369 > cap
SATOPENB u=-37/19 r=2 Rsub=697.782803651862634895983443894 T=0.302000822463340566764807774166 ub=16.0807517953881477620638708804 B=13029840 > cap
SATCERT u=37/29 r=2 Rsub=129.443564891523597804355774358 T=0.130073320494921369642541086416 ub=10.7468376532084953239323851584 B=52940 (no point below T -> idx=1)
SATCERT u=37/33 r=2 Rsub=551.094154271865374187127205553 T=0.268386642063015205735869275493 ub=12.6104639133846329355391878089 B=391935 (no point below T -> idx=1)
SATOPENB u=37/24 r=2 Rsub=124.984793351627186258035128545 T=0.127813457381472170638517076918 ub=17.9443432875682469472395086880 B=70572898 > cap
SATOPENB u=37/34 r=2 Rsub=767.532773634428888588340068677 T=0.316735293430580004946301785029 ub=22.0353756631230344175827400721 B=5097983757 > cap
SATOPENB u=37/32 r=3 Rsub=2933.60427962931316570811807497 T=0.831628937816250662741421294706 ub=18.3121463153487630397869753526 B=206080052 > cap
SATOPENB u=37/18 r=2 Rsub=332.300576633016552783955408846 T=0.208407595027624619780025104622 ub=14.6779731832566773568357101817 B=2917918 > cap
SATCERT u=-37/2 r=2 Rsub=234.659302304935510076911812909 T=0.175132554371867195274003565596 ub=11.4159225866573276244379466289 B=108127 (no point below T -> idx=1)
SATCERT u=17/37 r=2 Rsub=228.290361450603061117466273639 T=0.172739549398395041880887840233 ub=13.8742679134914103650151412937 B=1260486 (no point below T -> idx=1)
SATCERT u=-37 r=3 Rsub=895.458213101440944962163429392 T=0.559943478290330637986461710928 ub=7.78584129384509227102385518713 B=4213 (no point below T -> idx=1)
SATCERT u=37/5 r=2 Rsub=91.2333502314147332760436601344 T=0.109200545057256226618089809813 ub=10.1669208597948359929769134936 B=29032 (no point below T -> idx=1)
SATCERT u=37/11 r=2 Rsub=109.612124274872071066591986525 T=0.119695353512577947200760003496 ub=6.67036828449170261782538827161 B=889 (no point below T -> idx=1)
SATCERT u=-37/23 r=2 Rsub=625.247046847613658233880858360 T=0.285873447508522474432957504992 ub=13.3390512090972167944996749685 B=826475 (no point below T -> idx=1)
SATOPENB u=37/20 r=2 Rsub=96.8266696803692794758202436787 T=0.112498178808900364138242755878 ub=15.5370824557611185063032880072 B=6259311 > cap
SATCERT u=37/12 r=2 Rsub=309.232509256450008807882348699 T=0.201043745545519533434762968731 ub=9.51638072593694864038430230329 B=16605 (no point below T -> idx=1)
SATCERT u=-37/9 r=2 Rsub=70.6143072704421745549746241005 T=0.0960714501114116107508327742353 ub=6.04010281825921410405220151476 B=463 (no point below T -> idx=1)
SATOPENB u=15/37 r=3 Rsub=947.202537186852741812893583353 T=0.570527654452364359184684783481 ub=14.7361842829484587166571985993 B=4442430 > cap
SATCERT u=-15/37 r=2 Rsub=41.9691402744443734258972647068 T=0.0740650006485678900987546104148 ub=8.81358549807622845378622014360 B=7242 (no point below T -> idx=1)
SATOPENB u=-37/27 r=2 Rsub=110.840433499980580910500693831 T=0.120364135895806600742337095668 ub=15.0523866126514881698155372598 B=3885456 > cap
SATCERT u=-37/5 r=2 Rsub=99.8168626800089523241284851627 T=0.114222050497794802316536616654 ub=10.7234308150276451373511491205 B=50902 (no point below T -> idx=1)
SATCERT u=37/8 r=2 Rsub=50.2412418991101846820955549830 T=0.0810360339198928479028214574407 ub=8.41967670021428315058170109830 B=4919 (no point below T -> idx=1)
SATOPENB u=37/36 r=2 Rsub=350.571994339607396642393031972 T=0.214060533832160838800340972975 ub=19.4526848696151900701186789615 B=347663427 > cap
SATOPENB u=-37/35 r=2 Rsub=230.419975159330075075464589941 T=0.173543382224016105704974809522 ub=19.4340955889736845532891249004 B=327709785 > cap
SATOPENB u=-19/37 r=2 Rsub=193.116935685073245905318811024 T=0.158875955439308154026289849163 ub=20.0168710234452435471753044625 B=578383083 > cap
SATOPENB u=1/37 r=3 Rsub=3702.46028237585845207493714086 T=0.898723060539555930801376987024 ub=17.4492154305351447859126309403 B=92984047 > cap
SATCERT u=-37/4 r=2 Rsub=34.5121718719044166991411762411 T=0.0671636268054672158683934340562 ub=4.76021297585882085764565673669 B=125 (no point below T -> idx=1)
SATCERT u=-11/37 r=2 Rsub=247.671470841759636180582532409 T=0.179922710968526101713218657819 ub=10.2347828193036105060892115655 B=33347 (no point below T -> idx=1)
SATOPENB u=-33/37 r=3 Rsub=2865.82060713043338050544296986 T=0.825173773689490519400156358592 ub=16.7454323018812674477301858130 B=42738302 > cap
SATCERT u=23/37 r=2 Rsub=262.194561888318398288892062258 T=0.185122767623757162972773451577 ub=13.5567510575859230440111102278 B=929010 (no point below T -> idx=1)
SATOPENB u=-31/37 r=3 Rsub=6642.61476707526951286220695858 T=1.09204894820864405916034845187 ub=14.8998667101153678961276541980 B=8814562 > cap
SATOPENB u=33/37 r=3 Rsub=1086.08513251662651209043256133 T=0.597150369795461753042562976787 ub=14.4162315284205113579970468340 B=3313058 > cap
SATOPENB u=29/37 r=2 Rsub=75.7700294087614563086088400875 T=0.0995168732713905619877500447705 ub=19.3299175869772912600240911673 B=274218135 > cap
SATOPENB u=9/37 r=3 Rsub=2081.48293884888141374023941864 T=0.741742848661261584069811281974 ub=14.4516374075013983857197691536 B=3966443 > cap
SATOPENB u=35/37 r=3 Rsub=2594.96731277255793102577768698 T=0.798312715198847748731633359962 ub=16.7169005933867220234323562624 B=40435284 > cap
SATCERT u=-38 r=2 Rsub=143.768141014228344617576582321 T=0.137081649959346082625853183408 ub=11.7472817219476270383925368047 B=144982 (no point below T -> idx=1)
SATOPENB u=38/37 r=3 Rsub=6795.81342021257347124591660335 T=1.10038053216459448350190902705 ub=19.1882552019935840744957013460 B=647504133 > cap
SATCERT u=38/11 r=2 Rsub=514.013783278658675389740188887 T=0.259200226617384039591941602327 ub=11.8203879006020540196841216449 B=176238 (no point below T -> idx=1)
SATCERT u=38/9 r=2 Rsub=187.735958589026020409576935809 T=0.156646871885543251635830824593 ub=9.23535156516692919417021510729 B=11993 (no point below T -> idx=1)
SATOPENB u=38/15 r=3 Rsub=6438.80131335952033186677276307 T=1.08076371966381018987461337652 ub=17.7026196746468097633773306304 B=143720845 > cap
SATOPENB u=38/35 r=3 Rsub=7557.45928482975623589243777093 T=1.14004244637646963108440766097 ub=24.0401619566245733953571988441 B=86223138184 > cap
SATOPENB u=39/34 r=2 Rsub=404.869603533748942348890610157 T=0.230041176855820148272727946465 ub=19.6841453314889824870562650540 B=445267823 > cap
SATCERT u=39/37 r=2 Rsub=451.648617791989079803659052466 T=0.242967585147095497996499061965 ub=11.5922211900651320356153387171 B=138025 (no point below T -> idx=1)
SATCERT u=39/2 r=2 Rsub=139.230229569969365500376611880 T=0.134900874227688446559610961245 ub=11.5111797829953156080577178084 B=114243 (no point below T -> idx=1)
SATCERT u=-39/7 r=2 Rsub=65.3737327767326747852278885653 T=0.0924378075436054305039229070850 ub=9.25669304299304594455964836174 B=11489 (no point below T -> idx=1)
SATCERT u=39/31 r=2 Rsub=82.6561695529368847174246989846 T=0.103940698780187571928197680570 ub=12.2043669843239446977583871351 B=221529 (no point below T -> idx=1)
SATCERT u=39/35 r=3 Rsub=1069.12156560032496213141562134 T=0.594025077087847486957028419651 ub=13.6964510216434119948287556930 B=1607959 (no point below T -> idx=1)
SATOPENB u=7/39 r=2 Rsub=441.722054930249475342282780853 T=0.240282718308809567214359173317 ub=20.1534104731688620062099413193 B=719231035 > cap
SATOPENB u=-29/39 r=4 Rsub=33229.0801871670405957003020564 T=1.89991377212857935462667836877 ub=16.2639025043639133904642728218 B=77347304 > cap
SATOPENB u=39/29 r=3 Rsub=3664.73811126596710045465437799 T=0.895660450483554569309602355711 ub=14.6338183625155677732069766781 B=5550946 > cap
SATOPENB u=39/20 r=3 Rsub=2636.51121751670328106022018358 T=0.802550353766174827946785666737 ub=15.6746379174062265764473338531 B=14320295 > cap
SATOPENB u=29/39 r=2 Rsub=217.121451313495331427388357861 T=0.168460994877792245180715222633 ub=19.2864869655251920935114820332 B=281304413 > cap
SATCERT u=-5/39 r=3 Rsub=933.508266830574325871093016359 T=0.567764810812353707943588444269 ub=13.7514763773426036870011810474 B=1654884 (no point below T -> idx=1)
SATCERT u=-39/37 r=2 Rsub=41.9691402744443734258972647067 T=0.0740650006485678900987546104148 ub=8.81358549807622845378622014360 B=7242 (no point below T -> idx=1)
SATSKIP u=37/39 not-complete-here (bounds=[3,3] gens=2 okS=true)
SATCERT u=-39/17 r=2 Rsub=129.344803379854924503777758665 T=0.130023690028438910478780591085 ub=11.9058118675204237416876576724 B=168693 (no point below T -> idx=1)
SATOPENB u=25/39 r=3 Rsub=7535.95188037013515224205056487 T=1.13895995514091339983388114706 ub=21.4635094332680342030193336549 B=6548287411 > cap
SATOPENB u=31/39 r=2 Rsub=325.296230927315590567057965438 T=0.206199453625208525978430872314 ub=19.8790399985339434568197029942 B=528334125 > cap
SATCERT u=39/23 r=2 Rsub=113.800682088542443030066360553 T=0.121960845668441804182062435529 ub=10.1915665522376292539726491611 B=30138 (no point below T -> idx=1)
SATCERT u=-39/25 r=2 Rsub=145.615374638945567116868546127 T=0.137959499608383657369065241527 ub=10.5558503983964685798321726213 B=44083 (no point below T -> idx=1)
SATOPENB u=23/39 r=2 Rsub=269.401874621060427209564714336 T=0.187649884410247429494565508524 ub=19.7123944822932482405366574030 B=439015100 > cap
SATOPENB u=-1/39 r=2 Rsub=219.138542097417449231717610093 T=0.169241699783038320870840046730 ub=14.7499219194539418743573811164 B=3015161 > cap
SATCERT u=39/19 r=2 Rsub=47.7450940221497126998563654986 T=0.0789973223583984167974755315977 ub=7.57926879264459531049795802259 B=2119 (no point below T -> idx=1)
SATOPENB u=35/39 r=2 Rsub=204.245950475048979485657029899 T=0.163389717488811448008760690303 ub=15.8467366392858205871963300502 B=8976552 > cap
SATCERT u=39/10 r=2 Rsub=96.9600276953290133735881914047 T=0.112575623234704867634803011382 ub=8.61202780757402835239746898708 B=6153 (no point below T -> idx=1)
SATCERT u=39/14 r=2 Rsub=57.2452592557654306080507698742 T=0.0865003287051186674635338957927 ub=8.23128740323747421895710535035 B=4097 (no point below T -> idx=1)
SATOPENB u=40/31 r=3 Rsub=4972.47389511919318513432934903 T=0.991562103161993283351296447360 ub=23.2357541471390199551543921199 B=33249855239 > cap
SATOPENB u=40/7 r=3 Rsub=4150.53557953285129620470227904 T=0.933606348848184265801483874493 ub=14.6638977117862173077360822029 B=5941690 > cap
SATOPENB u=40/17 r=3 Rsub=1345.06524529991324565544799033 T=0.641273853820391492983189235369 ub=15.6515528948404291385379279653 B=11909260 > cap
SATCERT u=40/11 r=2 Rsub=50.8553971799625350346405684815 T=0.0815298268092008468481581326089 ub=12.0594767721285557504967938169 B=187402 (no point below T -> idx=1)
SATCERT u=40/13 r=2 Rsub=138.566046726644592077059455131 T=0.134578724513728145088693765419 ub=7.65154511488025601293969793011 B=2407 (no point below T -> idx=1)
SATOPENB u=-3/41 r=3 Rsub=3293.39624794563715228002751968 T=0.864325006596638381399153353466 ub=15.3676423211368153121966002984 B=11206084 > cap
SATCERT u=41/8 r=2 Rsub=122.201003475832323733083596011 T=0.126382045634612637962461414157 ub=9.28288506779391766628237176363 B=12201 (no point below T -> idx=1)
SATOPENB u=-23/41 r=2 Rsub=127.673256308708492994602997796 T=0.129180797734206185734475349488 ub=16.2761520747775633621515422423 B=13327404 > cap
SATOPENB u=41/26 r=2 Rsub=225.279000271247635266401144064 T=0.171596470041488019907999376798 ub=20.1836470540250783935934802101 B=692101739 > cap
SATCERT u=41/29 r=2 Rsub=228.499853981483678647317152225 T=0.172818789159090659067171216842 ub=11.6825525141815339811855116705 B=140839 (no point below T -> idx=1)
SATCERT u=27/41 r=2 Rsub=105.634292999809228553673463989 T=0.117503407104989169920114826109 ub=10.8752076231082439055679469998 B=59440 (no point below T -> idx=1)
SATOPENB u=-41/39 r=2 Rsub=203.463482505952898079978426767 T=0.163076443465085737838737868690 ub=20.2866854962193887230759836349 B=760709372 > cap
SATOPENB u=-15/41 r=2 Rsub=188.254831302007503839806480103 T=0.156863196196398814082524160821 ub=14.4139318614692417511416286307 B=2128217 > cap
SATCERT u=41/5 r=3 Rsub=379.519610060561909400370046497 T=0.420604411126276660032471989452 ub=8.67758665001763136178522207157 B=8940 (no point below T -> idx=1)
SATOPENB u=41/23 r=3 Rsub=3702.46028237585845207493714086 T=0.898723060539555930801376987024 ub=17.4492154305351447859126309403 B=92984047 > cap
SATCERT u=-41 r=2 Rsub=89.3390839945971339326480510879 T=0.108060940274480706137628603255 ub=9.19498722457965644932460974943 B=10972 (no point below T -> idx=1)
SATOPENB u=-31/41 r=2 Rsub=382.744784458593314058407484906 T=0.223667372120853448437151532742 ub=20.2992633602966200471685699078 B=818456439 > cap
SATCERT u=41/25 r=2 Rsub=231.344407167880333976731218262 T=0.173891156914915886391449169602 ub=12.2654976435787426331011630598 B=252557 (no point below T -> idx=1)
SATCERT u=-41/9 r=3 Rsub=3072.37110904365493504327495238 T=0.844540161371104322493895092660 ub=9.25748809053615653274832807594 B=24393 (no point below T -> idx=1)
SATOPENB u=-35/41 r=3 Rsub=7118.02511058932887148351642015 T=1.11750357532914361816707101084 ub=18.1016281791721362390065782822 B=222209626 > cap
SATCERT u=41/11 r=3 Rsub=2305.40607198776913851519226818 T=0.767440816625448439773384132178 ub=7.97872790775042615657490633541 B=6287 (no point below T -> idx=1)
SATCERT u=41/13 r=2 Rsub=29.4022392464354878437539405256 T=0.0619923640211683183309593681523 ub=6.26481433875504493113968738883 B=560 (no point below T -> idx=1)
SATCERT u=-41/7 r=3 Rsub=1385.47546909438694549664384489 T=0.647632591744782831357064366862 ub=10.3043609863412459414946956954 B=57068 (no point below T -> idx=1)
SATCERT u=41/28 r=2 Rsub=483.815443036697572671122872491 T=0.251470970478617750989497943056 ub=13.4689527066696618848662733774 B=909294 (no point below T -> idx=1)
SATOPENB u=31/41 r=3 Rsub=3013.60046879300784134247421435 T=0.839120454467723717436466069863 ub=21.6693665269312650165971618992 B=5960898022 > cap
SATCERT u=5/41 r=2 Rsub=700.569767721049220063065259280 T=0.302603321336887897687795503715 ub=9.98060992405115638891166817119 B=29238 (no point below T -> idx=1)
SATCERT u=41/12 r=2 Rsub=340.344148987643931309113349442 T=0.210914840537232890635192182011 ub=10.7134563101466050814137123913 B=55513 (no point below T -> idx=1)
SATCERT u=41/14 r=2 Rsub=306.130232725169091001345787037 T=0.200032749900111623215182483405 ub=12.9148256977210607612009776864 B=496262 (no point below T -> idx=1)
SATOPENB u=41/33 r=2 Rsub=164.147523080419985811181343501 T=0.146475558095616338248874670680 ub=18.6842229736164008277722590309 B=150684459 > cap
SATOPENB u=41/32 r=2 Rsub=77.3851377888096899280213835207 T=0.100571927731470120276344444555 ub=18.2139686505026799319895161386 B=89929859 > cap
SATOPENB u=-19/41 r=3 Rsub=2008.33085890369907634288252105 T=0.732949697346575902758424697931 ub=16.5882025038471929658849800234 B=33302806 > cap
SATCERT u=41/17 r=2 Rsub=184.296791394800806603765822260 T=0.155205419373892845286021163450 ub=13.2401412976259619692274054916 B=656940 (no point below T -> idx=1)
SATCERT u=-41/31 r=2 Rsub=159.566926515441169647316339150 T=0.144417370921502575254874725286 ub=13.5435852205281140410872934648 B=880287 (no point below T -> idx=1)
SATCERT u=25/41 r=2 Rsub=296.298737449866944552571921492 T=0.196794472065439564199983593083 ub=11.8507235331576502563942570035 B=170676 (no point below T -> idx=1)
SATOPENB u=-7/41 r=2 Rsub=990.635666322260326748145369806 T=0.359836301688662221272505727922 ub=20.2394472775803222629540995739 B=883395515 > cap
SATOPENB u=35/41 r=2 Rsub=241.579994889222123731342169065 T=0.177696338212374197151156297211 ub=19.8368065019546106971232564981 B=492252740 > cap
SATCERT u=9/41 r=2 Rsub=68.9513802244270802354259164210 T=0.0949334964664986637427331622842 ub=12.0133497204821801688590026373 B=181368 (no point below T -> idx=1)
SATOPENB u=-41/23 r=2 Rsub=183.864557792613683625457481166 T=0.155023309916089580293870386252 ub=17.2164384497912821639251875913 B=35021117 > cap
SATOPENB u=41/30 r=2 Rsub=134.384374984820651029599870331 T=0.132532497599463218679261288399 ub=16.3048482980248032795570354278 B=13761437 > cap
SATOPENB u=33/41 r=2 Rsub=110.523002945363553335942802708 T=0.120191659808229829293221229102 ub=16.9357487801280090152011300017 B=25544701 > cap
SATOPENB u=41/37 r=3 Rsub=2093.52351864928708650468903919 T=0.743170332258779508088201657770 ub=13.9972959642762017330900198753 B=2521757 > cap
SATCERT u=-41/15 r=2 Rsub=85.6609109069579279458003333673 T=0.105813075783470842574408742509 ub=13.0541519093776480564220894804 B=519159 (no point below T -> idx=1)
SATCERT u=42/11 r=2 Rsub=80.6049571241382236840907940490 T=0.102642889691335135109682681336 ub=7.05327169911931510060087163357 B=1282 (no point below T -> idx=1)
SATOPENB u=42/37 r=3 Rsub=3034.80637441674306509340077500 T=0.841084078357835090878512011769 ub=21.3711168803602644455607321164 B=4432373068 > cap
SATOPENB u=42/29 r=3 Rsub=5528.28651513672407025988839499 T=1.02721005939199635016214897374 ub=20.0860270756905209854030378747 B=1476938403 > cap
SATCERT u=42/13 r=2 Rsub=79.4157430998725380178023551286 T=0.101882899593287970832329289595 ub=7.79087064225009424734568088741 B=2678 (no point below T -> idx=1)
SATSKIP u=43/33 not-complete-here (bounds=[3,3] gens=2 okS=true)
SATCERT u=43 r=2 Rsub=113.800682088542443030066360553 T=0.121960845668441804182062435529 ub=10.1915665522376292539726491611 B=30138 (no point below T -> idx=1)
SATOPENB u=11/43 r=2 Rsub=153.790658998827886575346891103 T=0.141779347556799402226928884072 ub=20.6479192217699545617757492921 B=1068689074 > cap
SATOPENB u=27/43 r=2 Rsub=483.512239997211734533099056246 T=0.251392160765912419082000928672 ub=17.2847332732013481827048186312 B=41289775 > cap
SATCERT u=-43/9 r=2 Rsub=109.612124274872071066591986525 T=0.119695353512577947200760003496 ub=6.67036828449170261782538827161 B=889 (no point below T -> idx=1)
SATOPENB u=43/41 r=3 Rsub=7016.22284119440003051458128892 T=1.11215044702138745616357899791 ub=13.5054971580316555262178016455 B=2230303 > cap
SATOPENB u=43/35 r=2 Rsub=211.380149261830325029637778095 T=0.166218781628076968897713328841 ub=18.7343991915294755136274875553 B=161597297 > cap
SATCERT u=21/43 r=2 Rsub=173.291153632320039761117949354 T=0.150499892935922548744314452113 ub=11.6309723276299644024234071045 B=130807 (no point below T -> idx=1)
SATOPENB u=-13/43 r=4 Rsub=96966.2008164448914788053811724 T=2.48318688562433744546566920075 ub=20.5176872485536472362095027685 B=9753325437 > cap
SATCERT u=-43/25 r=2 Rsub=87.8560839194843830315815395325 T=0.107160298607667476440204845502 ub=9.36347135521946328174949553663 B=12974 (no point below T -> idx=1)
SATOPENB u=3/43 r=2 Rsub=158.593179749903560177587053476 T=0.143976047809678929266750542637 ub=17.5039320347169439631878459319 B=46173107 > cap
SATCERT u=43/3 r=2 Rsub=24.9171772829736846531981709173 T=0.0570686258848309494327169287563 ub=11.4704430071751443715458223332 B=101470 (no point below T -> idx=1)
SATOPENB u=-43/21 r=2 Rsub=146.234220891185104675877454886 T=0.138252343694529714770927949412 ub=16.2522814628194752777714533583 B=13131623 > cap
SATOPENB u=43/38 r=2 Rsub=102.039460422345175123582471529 T=0.115486726472865751903025067929 ub=17.6827675572101106915700012798 B=53664072 > cap
SATCERT u=43/13 r=2 Rsub=149.697499472596287131445570667 T=0.139879885301202028010941005584 ub=9.39357598512849141800793884117 B=13815 (no point below T -> idx=1)
SATCERT u=-9/43 r=2 Rsub=202.562981403371626722849184659 T=0.162715166441571671808586546730 ub=13.5282229411653245648530846373 B=882875 (no point below T -> idx=1)
SATOPENB u=-43/29 r=2 Rsub=250.494859098249208738808815555 T=0.180945340096857976781132090397 ub=18.3250197418149355737189575399 B=108902668 > cap
SATCERT u=-33/43 r=2 Rsub=269.101612300514113944127635461 T=0.187545282506110811238320867871 ub=10.6507277869149167366207437695 B=50934 (no point below T -> idx=1)
SATCERT u=43/14 r=3 Rsub=895.458213101440944962163429392 T=0.559943478290330637986461710928 ub=7.78584129384509227102385518713 B=4213 (no point below T -> idx=1)
SATCERT u=-43/17 r=2 Rsub=519.397186254179393397197276672 T=0.260554027604779820243541527187 ub=8.50425972040723083077718468971 B=6405 (no point below T -> idx=1)
SATCERT u=43/5 r=2 Rsub=196.028110285662619143946624844 T=0.160068977667229140505109686095 ub=9.74687681439028762375268501426 B=20070 (no point below T -> idx=1)
SATCERT u=43/26 r=2 Rsub=46.5718148606427977433277392384 T=0.0780206520707593715465782398182 ub=14.0536769826342166939708487198 B=1371887 (no point below T -> idx=1)
SATCERT u=43/12 r=2 Rsub=171.723861582158507487128389817 T=0.149817766235245900887459340664 ub=11.2389984144379587000132735168 B=88329 (no point below T -> idx=1)
SATCERT u=-43/7 r=2 Rsub=258.856770396574177704093682124 T=0.183940667746240411419425393186 ub=8.99918184817462840570622437702 B=9732 (no point below T -> idx=1)
SATOPENB u=-5/43 r=2 Rsub=89.5897203491576595186111189610 T=0.108212413906322893654601143622 ub=20.4816686390763189417095321254 B=875128292 > cap
SATOPENB u=43/24 r=2 Rsub=112.267285774546362581538571915 T=0.121136384141966533474822256272 ub=18.0115794969174246907151378039 B=74978794 > cap
SATCERT u=33/43 r=2 Rsub=111.716689533892114705686807974 T=0.120838972412542439871659047005 ub=12.0864360487597921036465559509 B=200241 (no point below T -> idx=1)
SATCERT u=43/2 r=3 Rsub=366.057703283602605437448308086 T=0.415571350405697495047105922429 ub=9.69054115795614776625964011536 B=24493 (no point below T -> idx=1)
SATOPENB u=-43/41 r=3 Rsub=5654.86886942471326226195606325 T=1.03499105300744322165472512300 ub=18.0841247544714050560869956391 B=201060378 > cap
SATCERT u=-43 r=2 Rsub=251.472842147380594173965384228 T=0.181298219770707226483342185051 ub=6.56070612505563046304414146984 B=848 (no point below T -> idx=1)
SATCERT u=43/8 r=2 Rsub=123.085984289278897022999951074 T=0.126838850061087321468488023571 ub=10.5893288402216621397353131008 B=45079 (no point below T -> idx=1)
SATCERT u=43/25 r=2 Rsub=700.569767721049220063065259280 T=0.302603321336887897687795503715 ub=9.98060992405115638891166817119 B=29238 (no point below T -> idx=1)
SATCERT u=43/10 r=3 Rsub=2757.36120697316228737636240987 T=0.814629819011842587497146797085 ub=10.7813441234541984074783759666 B=108660 (no point below T -> idx=1)
SATOPENB u=-29/43 r=2 Rsub=197.614964697763114904963650935 T=0.160715553778263920717199783741 ub=16.2607504932729232999886245492 B=13544161 > cap
SATCERT u=-43/3 r=2 Rsub=116.614568188561561950161463720 T=0.123459467301912973524782031980 ub=10.5812325281966072411229233966 B=44565 (no point below T -> idx=1)
SATOPENB u=-37/43 r=2 Rsub=460.200904300654321048004438961 T=0.245257178874047477057014470169 ub=17.6206457800231817762494452369 B=57419985 > cap
SATCERT u=43/27 r=2 Rsub=80.1552376880462911405294716858 T=0.102356151318074684241354952295 ub=14.3634324385897168642872166307 B=1916074 (no point below T -> idx=1)
SATOPENB u=19/43 r=2 Rsub=92.9826643084830469156081048225 T=0.110242483332537362673269309171 ub=15.1113281113131367351059724415 B=4079850 > cap
SATCERT u=31/43 r=2 Rsub=260.613654566502622826154545968 T=0.184563823104833654792287482548 ub=11.2803837981525804996674213389 B=95316 (no point below T -> idx=1)
SATOPENB u=-43/37 r=2 Rsub=205.245055942622520849924012032 T=0.163788854932544307815522063389 ub=19.7133685105861497111852419070 B=429081470 > cap
SATOPENB u=41/43 r=2 Rsub=150.795734959925373399957054526 T=0.140392052599676715258421152809 ub=19.6823506203767862152108593518 B=406357013 > cap
SATCERT u=-1/43 r=2 Rsub=59.4208691232417359303117698246 T=0.0881287264962184436981491445228 ub=12.2590581700631611336842949795 B=230312 (no point below T -> idx=1)
SATCERT u=43/17 r=2 Rsub=128.400305480211148629078867951 T=0.129548092591074867992043982460 ub=12.5626991568761758180368772288 B=325217 (no point below T -> idx=1)
SATCERT u=44/9 r=2 Rsub=200.320822896666367581828611933 T=0.161812117922626756102897876175 ub=7.81304318272299043235250726914 B=2907 (no point below T -> idx=1)
SATCERT u=44/25 r=3 Rsub=2380.74400036743077071957866639 T=0.775711057512809132647567217271 ub=11.4672594536408739641437189416 B=207518 (no point below T -> idx=1)
SATOPENB u=44/17 r=3 Rsub=4496.76145741725991691847187932 T=0.958875817448697653611391559914 ub=17.9117710690399702403646554585 B=156825909 > cap
SATCERT u=-44/25 r=3 Rsub=2380.74400036743077071957866638 T=0.775711057512809132647567217270 ub=11.4672594536408739641437189416 B=207518 (no point below T -> idx=1)
SATCERT u=44/13 r=2 Rsub=170.321463819204138240892915174 T=0.149204762261428116345401316227 ub=12.3549120234399287368717010463 B=269445 (no point below T -> idx=1)
SATCERT u=-45/7 r=2 Rsub=109.612124274872071066591986525 T=0.119695353512577947200760003496 ub=6.67036828449170261782538827161 B=889 (no point below T -> idx=1)
SATCERT u=1/45 r=2 Rsub=403.433246752556780495771108778 T=0.229632755500585879413357718364 ub=14.0630757627312306712008281358 B=1611553 (no point below T -> idx=1)
SATCERT u=-31/45 r=2 Rsub=416.020605423369744736908761284 T=0.233187579991846852247653008324 ub=11.9740423383813045775059008133 B=200232 (no point below T -> idx=1)
SATOPENB u=45/28 r=3 Rsub=4390.50523784158081301587900188 T=0.951262951068307325392174734061 ub=17.6175900250125096863654669230 B=115971262 > cap
SATCERT u=45/23 r=2 Rsub=90.8213728977213417158013396730 T=0.108953710693027202521923508737 ub=12.4392363337940217354526401912 B=281586 (no point below T -> idx=1)
SATCERT u=-45/23 r=2 Rsub=113.800682088542443030066360553 T=0.121960845668441804182062435529 ub=10.1915665522376292539726491611 B=30138 (no point below T -> idx=1)
SATCERT u=45/41 r=2 Rsub=226.236839488946213524257188963 T=0.171960879264760544893411564172 ub=12.7040115258700491461310916154 B=390809 (no point below T -> idx=1)
SATCERT u=45/34 r=2 Rsub=98.7815750636366658629212361855 T=0.113628158358202880548839916208 ub=9.44207671385369680559936744571 B=14126 (no point below T -> idx=1)
SATOPENB u=45/37 r=2 Rsub=171.634271161299257050212938835 T=0.149778680264029510414635565037 ub=16.1108693003872082128960778388 B=11532135 > cap
SATCERT u=45/29 r=2 Rsub=228.845041577999652712618319565 T=0.172949275872156848566736504779 ub=10.2205324691134277584120097802 B=32647 (no point below T -> idx=1)
SATCERT u=37/45 r=2 Rsub=225.331232871132526217687199529 T=0.171616361842943995153883093341 ub=12.2331750750349295863496773862 B=243968 (no point below T -> idx=1)
SATOPENB u=45/26 r=2 Rsub=164.966673409148050375994781396 T=0.146840583957246905622890694460 ub=17.0842362158143782081872656172 B=30434178 > cap
SATOPENB u=17/45 r=2 Rsub=169.659333127511490895338529155 T=0.148914460461887203780508618573 ub=15.4448300262615621069901125315 B=5919394 > cap
SATCERT u=45/14 r=2 Rsub=77.5369732416883943597821364114 T=0.100670544220109236643268620112 ub=5.68365572204031802545120044055 B=326 (no point below T -> idx=1)
SATCERT u=45/11 r=2 Rsub=208.728598560278863011769947272 T=0.165172968154350036537570548926 ub=7.28942443327396867150471138764 B=1728 (no point below T -> idx=1)
SATCERT u=45/7 r=2 Rsub=47.6175949716800566729947414092 T=0.0788917741660449840837802131972 ub=7.87838170411243479776378818773 B=2857 (no point below T -> idx=1)
SATCERT u=-45/31 r=3 Rsub=1927.38709978007760474948051317 T=0.722967429023110945202541847918 ub=9.27619132022231297984980811994 B=22008 (no point below T -> idx=1)
SATOPENB u=45/43 r=3 Rsub=1628.26877956892122439733550652 T=0.683446380681294600215003260079 ub=18.5390839554441618325755949282 B=222966109 > cap
SATCERT u=-17/45 r=3 Rsub=3511.27585954923497717560086979 T=0.882979728075425125201562185219 ub=11.4474081621713638247115031708 B=226475 (no point below T -> idx=1)
SATOPENB u=45/22 r=2 Rsub=171.634271161299257050212938835 T=0.149778680264029510414635565037 ub=16.1108693003872082128960778388 B=11532135 > cap
SATCERT u=45/19 r=3 Rsub=893.586150281595222120463362383 T=0.559552996375329708685569928341 ub=8.22107339050939355905717140510 B=6507 (no point below T -> idx=1)
SATCERT u=-45/19 r=2 Rsub=96.2666851318840233265615667759 T=0.112172397748160176754159244532 ub=12.3827866192422260810511575927 B=266989 (no point below T -> idx=1)
SATOPENB u=-11/45 r=2 Rsub=212.633963645576472188134482235 T=0.166711021243945138184591616150 ub=17.8206148104294829679883923755 B=64833036 > cap
SATOPENB u=13/45 r=2 Rsub=187.548353925365996398788638815 T=0.156568583662584225458905085789 ub=17.6740810795485275084886761519 B=55431006 > cap
SATOPENB u=31/45 r=2 Rsub=219.515202092827671971146200837 T=0.169387085456698191378212317189 ub=17.1493973453953260501155618245 B=33224046 > cap
SATCERT u=46/15 r=2 Rsub=122.333616339403425248251680551 T=0.126450602111221874476174620404 ub=11.3033672456298048405795008554 B=92026 (no point below T -> idx=1)
SATCERT u=46/9 r=2 Rsub=72.1364673898968201522660022183 T=0.0971013861902338521107654207968 ub=10.1631237798382154867629379439 B=28574 (no point below T -> idx=1)
SATOPENB u=46/35 r=3 Rsub=7074.72163637818018678389133060 T=1.11523280255179421056885843575 ub=24.1376303756668234167060121212 B=92721218557 > cap
SATCERT u=46/13 r=2 Rsub=139.424607829955808303230443562 T=0.134995008424170967317590688544 ub=12.6151113536438454581733295833 B=344589 (no point below T -> idx=1)
SATOPENB u=46/37 r=3 Rsub=7132.48084240376393449450074861 T=1.11825956257344955324690775912 ub=24.2177068676416456960166400617 B=100755883211 > cap
SATCERT u=43/47 r=3 Rsub=3469.77974700968543627288369565 T=0.879487595834404050845795802506 ub=11.5701124572882487959170383187 B=255149 (no point below T -> idx=1)
SATCERT u=-47/5 r=2 Rsub=47.4663437427686232955349590024 T=0.0787663796729095161170617741080 ub=5.41383258447256142122495247843 B=243 (no point below T -> idx=1)
SATCERT u=47/29 r=2 Rsub=167.045513290909461088029858341 T=0.147762898703849129778531341143 ub=11.8341255349840649783469598336 B=159834 (no point below T -> idx=1)
SATCERT u=-9/47 r=2 Rsub=178.897978327720292899487038094 T=0.152915218951133901358487949583 ub=13.7506311743672807427269207982 B=1092028 (no point below T -> idx=1)
SATOPENB u=45/47 r=2 Rsub=181.649991478261265990501805317 T=0.154086888484361473984848537986 ub=15.3761652468484371264782584024 B=5555240 > cap
SATCERT u=-47/7 r=2 Rsub=156.062159953017274608778734096 T=0.142822556044836658691848873317 ub=11.7748064015809789073948627309 B=149886 (no point below T -> idx=1)
SATOPENB u=47/28 r=3 Rsub=19549.7253584587720890547476004 T=1.56498184196082214734886741480 ub=20.4691735864302616994174006049 B=3709472160 > cap
SATCERT u=47/3 r=2 Rsub=47.7450940221497126998563654985 T=0.0789973223583984167974755315977 ub=7.57926879264459531049795802259 B=2119 (no point below T -> idx=1)
SATOPENB u=47/34 r=2 Rsub=108.422999489629008915269390069 T=0.119044326794423886915697668778 ub=22.4222736844276908008718836036 B=6159848446 > cap
SATCERT u=39/47 r=2 Rsub=82.7602516089653106913975342571 T=0.104006120140558050591003487889 ub=12.7353137374383494034304742829 B=376744 (no point below T -> idx=1)
SATOPENB u=47/23 r=2 Rsub=695.375381689856839343219659731 T=0.301479405493508820375120008190 ub=15.5839220706364729246684783803 B=7923959 > cap
SATOPENB u=7/47 r=2 Rsub=246.024801436183228432622306553 T=0.179323596106410408134240894056 ub=21.1584500336877817579394136433 B=1848746410 > cap
SATCERT u=47/25 r=3 Rsub=933.508266830574325871093016359 T=0.567764810812353707943588444269 ub=13.7514763773426036870011810474 B=1654884 (no point below T -> idx=1)
SATOPENB u=47/39 r=2 Rsub=75.7700294087614563086088400875 T=0.0995168732713905619877500447705 ub=19.3299175869772912600240911673 B=274218135 > cap
SATOPENB u=27/47 r=3 Rsub=3302.61492487800926907575271506 T=0.865130710849185296908994834680 ub=15.5902731775357856353735100333 B=14011709 > cap
SATOPENB u=47/31 r=2 Rsub=138.327271826332642084342697283 T=0.134462722515246412945993941690 ub=14.9033165199542529134598406399 B=3394881 > cap
SATCERT u=-47/9 r=2 Rsub=224.412087577053374090113018277 T=0.171265985294198790246855390607 ub=8.72644483190083316547419351517 B=7316 (no point below T -> idx=1)
SATCERT u=47/27 r=2 Rsub=105.637467034291850063934103276 T=0.117505172426902206981532243597 ub=8.37965707712421550233681148442 B=4901 (no point below T -> idx=1)
SATCERT u=-47/17 r=2 Rsub=105.637467034291850063934103276 T=0.117505172426902206981532243597 ub=8.37965707712421550233681148442 B=4901 (no point below T -> idx=1)
SATOPENB u=-47/45 r=3 Rsub=1345.06524529991324565544799033 T=0.641273853820391492983189235369 ub=15.6515528948404291385379279653 B=11909260 > cap
SATCERT u=47/7 r=2 Rsub=24.9171772829736846531981709173 T=0.0570686258848309494327169287563 ub=11.4704430071751443715458223332 B=101470 (no point below T -> idx=1)
SATOPENB u=47/33 r=3 Rsub=2037.12994813738032158940661157 T=0.736436537102976106205736818951 ub=20.0302653091527342017937680147 B=1044393161 > cap
SATCERT u=47/5 r=2 Rsub=170.917530701817661144898368288 T=0.149465617059076149284096441711 ub=9.86093190280133059744596060504 B=22257 (no point below T -> idx=1)
SATCERT u=-47/13 r=2 Rsub=98.9856260208946131048085896347 T=0.113745457425108571363307726799 ub=8.98921770478591249788346064681 B=8982 (no point below T -> idx=1)
SATOPENB u=-47/33 r=2 Rsub=217.310757479669011540390901000 T=0.168534418661172399585074986801 ub=19.0349957906351800940723695970 B=218769716 > cap
SATOPENB u=15/47 r=2 Rsub=107.865499566974028860777446691 T=0.118737875503316731398861540660 ub=18.1693085411050925582211841085 B=87578529 > cap
SATCERT u=-45/47 r=2 Rsub=204.585098379428042675883465712 T=0.163525314537282805150474240126 ub=14.0448030588628944587748974411 B=1481149 (no point below T -> idx=1)
SATCERT u=47/13 r=2 Rsub=79.1736964561951868923971611461 T=0.101727519615196145682792873819 ub=6.69678855058169752001568502327 B=897 (no point below T -> idx=1)
SATOPENB u=47/45 r=2 Rsub=240.640704567393260734264967011 T=0.177350550046666464584657947587 ub=17.2811579685517273722210710089 B=38206206 > cap
SATCERT u=-47/25 r=2 Rsub=217.886996909785167095835164017 T=0.168757720727201250606433693436 ub=13.0294053047733754080600032345 B=539374 (no point below T -> idx=1)
SATOPENB u=11/47 r=2 Rsub=199.580637825780905957268682043 T=0.161512893519878262893044235843 ub=16.8119912961125417875406803835 B=23523353 > cap
SATCERT u=47/11 r=2 Rsub=109.612124274872071066591986525 T=0.119695353512577947200760003496 ub=6.67036828449170261782538827161 B=889 (no point below T -> idx=1)
SATOPENB u=31/47 r=4 Rsub=15878.1509097429609079956514351 T=1.57962606846656233193137521397 ub=20.6727264922621199344469826079 B=4613961077 > cap
SATOPENB u=-47/21 r=3 Rsub=1616.62107800827853325293268440 T=0.681812818053239432013142743334 ub=14.1194029652215023003084856684 B=2679702 > cap
SATOPENB u=47/38 r=2 Rsub=153.998888346239946217724492634 T=0.141875298229995639131905121133 ub=22.5166515429734646315168622598 B=6925851497 > cap
SATCERT u=47/14 r=3 Rsub=8667.49469062021904894885324142 T=1.19332922693762655520748535073 ub=11.2034927785022280103406173201 B=242032 (no point below T -> idx=1)
SATCERT u=47/12 r=2 Rsub=749.276872959813030887633437445 T=0.312945822462286286823112884303 ub=11.1974592347488856012275325476 B=99749 (no point below T -> idx=1)
SATCERT u=47/10 r=2 Rsub=107.089709973025053821912823025 T=0.118310112060741675749958901742 ub=10.2556570847564080469456035166 B=32016 (no point below T -> idx=1)
SATOPENB u=-25/47 r=4 Rsub=99688.5601689102891880993855486 T=2.50043541714367811023908719648 ub=21.0196128328816492666014049321 B=16391819725 > cap
SATOPENB u=48/37 r=3 Rsub=2979.38586544539377928013562501 T=0.835932737424196122555174381634 ub=21.5186110227222249973222772378 B=5110401248 > cap
SATCERT u=48/11 r=2 Rsub=136.499681408431576486209118351 T=0.133571503163406228884164753792 ub=7.76901733098016462140468495944 B=2705 (no point below T -> idx=1)
SATCERT u=48/13 r=2 Rsub=116.614568188561561950161463720 T=0.123459467301912973524782031980 ub=10.5812325281966072411229233966 B=44565 (no point below T -> idx=1)
SATCERT u=48/25 r=2 Rsub=248.178477668458572327868752310 T=0.180106776184282297503043427667 ub=11.2596211314542138135777375670 B=92942 (no point below T -> idx=1)
SATOPENB u=5/49 r=3 Rsub=4427.36241292558316237777365213 T=0.953917407236723697534146639927 ub=14.0112369910904707499749711869 B=3157069 > cap
SATCERT u=49/3 r=2 Rsub=128.951570822650900524987775534 T=0.129825891327455143836611519426 ub=11.7449759448783415629832840119 B=143603 (no point below T -> idx=1)
SATCERT u=49/19 r=2 Rsub=625.247046847613658233880858360 T=0.285873447508522474432957504992 ub=13.3390512090972167944996749685 B=826475 (no point below T -> idx=1)
SATOPENB u=49/41 r=2 Rsub=81.3240577318288976417644913595 T=0.103099726812604262989215436157 ub=19.8790399985339434568197029942 B=476576935 > cap
SATOPENB u=49/39 r=3 Rsub=10185.3121994446835335996643357 T=1.25927485406424830957050154225 ub=21.0657601816487218786794842515 B=4961803080 > cap
SATOPENB u=-31/49 r=2 Rsub=236.585761038663528742205919455 T=0.175849968966780194855395774964 ub=16.3334264646463793000632452534 B=14787259 > cap
SATCERT u=-15/49 r=2 Rsub=91.2333502314147332760436601344 T=0.109200545057256226618089809813 ub=10.1669208597948359929769134936 B=29032 (no point below T -> idx=1)
SATCERT u=33/49 r=2 Rsub=122.864564809104775790708081938 T=0.126724713451094986228647538002 ub=12.7691412281154770712769184179 B=398661 (no point below T -> idx=1)
SATOPENB u=25/49 r=2 Rsub=96.7155647806715270202071524606 T=0.112433616604436968668725586154 ub=15.7779325667919609165008949147 B=7963397 > cap
SATCERT u=49/16 r=2 Rsub=110.238895745104828261010550084 T=0.120037079821143979608290922726 ub=8.72585517360627646303929786833 B=6946 (no point below T -> idx=1)
SATOPENB u=43/49 r=2 Rsub=172.243050167810870249257868974 T=0.150044074243671517445211055726 ub=15.2374126175688569325338838384 B=4816012 > cap
SATCERT u=49/12 r=2 Rsub=404.447565788171533638712746302 T=0.229921247657943461857469285279 ub=11.4959229556096315554511655847 B=123729 (no point below T -> idx=1)
SATCERT u=-49/5 r=2 Rsub=109.251108994956838268327900714 T=0.119498078389616016451227948492 ub=8.77072636667951660368218474408 B=7261 (no point below T -> idx=1)
SATOPENB u=17/49 r=2 Rsub=51.0614876187622448714142574749 T=0.0816948587444057240043803451515 ub=15.8467366392858205871963300502 B=8272370 > cap
SATCERT u=-47/49 r=2 Rsub=72.4154598293056802137874620310 T=0.0972889779208682584449594617783 ub=11.7590541649118394748638148478 B=140976 (no point below T -> idx=1)
SATOPENB u=49/20 r=3 Rsub=9781.58325748477184932116328577 T=1.24241151524410917066456713009 ub=17.3570171043861844985801681549 B=119571924 > cap
SATOPENB u=1/49 r=2 Rsub=110.396639539697118643520978907 T=0.120122931259919429195833474190 ub=15.9550573032345059883165206459 B=9579925 > cap
SATCERT u=49/25 r=2 Rsub=182.786142770049102890096465587 T=0.154568014648916956327286814723 ub=11.8633194396335338952421479848 B=165693 (no point below T -> idx=1)
SATCERT u=49/11 r=2 Rsub=83.6738737213553034172881265794 T=0.104578626144872884370144564589 ub=7.92724133619505874556533625581 B=3078 (no point below T -> idx=1)
SATCERT u=49/13 r=2 Rsub=208.728598560278863011769947272 T=0.165172968154350036537570548926 ub=7.28942443327396867150471138764 B=1728 (no point below T -> idx=1)
SATCERT u=49/15 r=2 Rsub=326.139079711657550000375517694 T=0.206466414185147559436253778270 ub=9.84030886829807609511182674938 B=23082 (no point below T -> idx=1)
SATCERT u=47/49 r=3 Rsub=2824.30964597964682707853178838 T=0.821170209868367925153457413419 ub=9.81351118707432794763261032657 B=41552 (no point below T -> idx=1)
SATCERT u=-27/49 r=3 Rsub=5763.44241450765076413482249935 T=1.04157305278234126509886088686 ub=10.9297600479099221128345452483 B=158156 (no point below T -> idx=1)
SATOPENB u=-49/23 r=2 Rsub=509.934308224477525802071428394 T=0.258169605184784535596719417230 ub=16.6534426159428263291463739585 B=22111585 > cap
SATCERT u=37/49 r=3 Rsub=1911.12862998639110676657136840 T=0.720928822607263966757333001367 ub=13.4600661752327821109216494814 B=1441213 (no point below T -> idx=1)
SATOPENB u=-23/49 r=2 Rsub=233.748976807373903937229540373 T=0.174792524064838506772872530604 ub=16.0471634728882764025269876813 B=11094456 > cap
SATCERT u=39/49 r=2 Rsub=103.915296244954792680098221731 T=0.116543413588744701909024499728 ub=11.2747381540866157049514112320 B=88547 (no point below T -> idx=1)
SATCERT u=-49/11 r=2 Rsub=149.697499472596287131445570667 T=0.139879885301202028010941005584 ub=9.39357598512849141800793884117 B=13815 (no point below T -> idx=1)
SATCERT u=49/27 r=2 Rsub=59.4208691232417359303117698246 T=0.0881287264962184436981491445228 ub=12.2590581700631611336842949795 B=230312 (no point below T -> idx=1)
SATCERT u=-19/49 r=2 Rsub=184.422012884956876752510891530 T=0.155258138017430179173557352613 ub=10.1462105982154175625156569762 B=29777 (no point below T -> idx=1)
SATCERT u=13/49 r=2 Rsub=167.045513290909461088029858341 T=0.147762898703849129778531341143 ub=11.8341255349840649783469598336 B=159834 (no point below T -> idx=1)
SATCERT u=-49/3 r=2 Rsub=164.866245165614115694037716992 T=0.146795880421944805794232955563 ub=6.79250773911295479942066067039 B=1033 (no point below T -> idx=1)
SATCERT u=-49 r=2 Rsub=79.4157430998725380178023551286 T=0.101882899593287970832329289595 ub=7.79087064225009424734568088741 B=2678 (no point below T -> idx=1)
SATCERT u=9/49 r=2 Rsub=154.670973910586582855018927520 T=0.142184548941375931687721895415 ub=12.9760695428857234553521572214 B=497950 (no point below T -> idx=1)
SATCERT u=49/33 r=2 Rsub=155.544915001860324832969564569 T=0.142585677486279095234588021510 ub=13.9050335335613647395728335333 B=1261257 (no point below T -> idx=1)
SATOPENB u=41/49 r=2 Rsub=109.559775291564061197441972188 T=0.119666767813641691648005234548 ub=15.8830633857187433350280490993 B=8910405 > cap
SATOPENB u=49/32 r=2 Rsub=244.417629515133964455397082320 T=0.178736915276462592090980878528 ub=18.2619204221166280259928202047 B=102017747 > cap
SATCERT u=49 r=2 Rsub=45.5012143429057801880638449200 T=0.0771186623877498384774397299874 ub=10.7367380417744022105138660179 B=49705 (no point below T -> idx=1)
SATCERT u=50/13 r=2 Rsub=185.113371419410064368383877908 T=0.155548880503779778196511403764 ub=13.1513459812855553135194465075 B=601328 (no point below T -> idx=1)
SATOPENB u=50/23 r=3 Rsub=4301.80057186052901226792396436 T=0.944812956714459335719343664268 ub=20.5609323575326733581196107284 B=2186887888 > cap
SATOPENB u=50/31 r=3 Rsub=1401.62049768143609778554613953 T=0.650138516695787652680366340093 ub=23.2069831236158931050527595364 B=22962347365 > cap
SATOPENB u=50/27 r=3 Rsub=2814.48580308647881675806779223 T=0.820217007197434228439072404183 ub=18.9836047518771571222274490058 B=398740649 > cap
SATCERT u=-39/50 r=2 Rsub=47.9991430276007139173552527201 T=0.0792072137159865271893346923423 ub=7.00422753868236582552441568476 B=1193 (no point below T -> idx=1)
SATOPENB u=50/19 r=2 Rsub=207.632249948435678121331338658 T=0.164738610877523932481858350357 ub=15.4131663845627571225431700244 B=5826372 > cap
SATCERT u=51/47 r=3 Rsub=3781.77778579365251560765486455 T=0.905095526125077257317138149290 ub=13.4412857153678749414571282391 B=1700413 (no point below T -> idx=1)
SATCERT u=51/49 r=2 Rsub=20.1829826934752014441592809244 T=0.0513618512123047674687818063084 ub=10.9752256107396563718279451143 B=61488 (no point below T -> idx=1)
SATCERT u=51/13 r=2 Rsub=48.8025463013970402097285642272 T=0.0798673427964629001265485500075 ub=8.21072448781035823624504013228 B=3987 (no point below T -> idx=1)
SATCERT u=51/4 r=3 Rsub=445.439266845350123264139910150 T=0.443668486655598472222962581544 ub=12.8489822432722038988871578122 B=592823 (no point below T -> idx=1)
SATCERT u=-51 r=2 Rsub=10.3716578039501906267443409608 T=0.0368190080819003645062431072370 ub=2.66132630438388126753546291315 B=15 (no point below T -> idx=1)
SATOPENB u=-25/51 r=2 Rsub=119.751067683341200153839599590 T=0.125108751925269759247020800333 ub=16.1811221115836780137090607621 B=12069968 > cap
SATCERT u=51/32 r=2 Rsub=90.6570231252610296410838406313 T=0.108855085087581925050810059291 ub=9.73311174438103662064903158951 B=18807 (no point below T -> idx=1)
SATCERT u=51/26 r=2 Rsub=133.323935773428140351462514943 T=0.132008548980775564410310986258 ub=14.1995316083736690141783718574 B=1675363 (no point below T -> idx=1)
SATOPENB u=-13/51 r=2 Rsub=376.239771346951139356590391971 T=0.221758535793981538081529811931 ub=21.6943133567238121363439291924 B=3296317894 > cap
SATCERT u=51/16 r=2 Rsub=342.736349238116076425356191796 T=0.211654778399882711846451987528 ub=7.58096509947722496888184491513 B=2423 (no point below T -> idx=1)
SATOPENB u=51/22 r=2 Rsub=148.926531935025051525897060748 T=0.139519217748083579036264917725 ub=15.5313793207580289299211925686 B=6394179 > cap
SATCERT u=51/25 r=2 Rsub=41.9691402744443734258972647068 T=0.0740650006485678900987546104148 ub=8.81358549807622845378622014360 B=7242 (no point below T -> idx=1)
SATOPENB u=43/51 r=2 Rsub=457.557412601882488404475426392 T=0.244551759742998069191750109215 ub=15.8179902477865980054794993349 B=9459613 > cap
SATOPENB u=51/41 r=2 Rsub=577.346381284814082071106226191 T=0.274704781347269865032045214259 ub=16.5645139565486247948948675982 B=20567419 > cap
SATOPENB u=51/38 r=2 Rsub=274.077468839094459766476248140 T=0.189271255058064839516651881381 ub=19.4998356801072421650538841761 B=355525287 > cap
SATOPENB u=51/43 r=2 Rsub=110.523002945363553335942802708 T=0.120191659808229829293221229102 ub=16.9357487801280090152011300017 B=25544701 > cap
SATCERT u=-51/29 r=2 Rsub=152.272234484299949342504852058 T=0.141077694858459013626646403143 ub=10.0742889011320286920132083684 B=27320 (no point below T -> idx=1)
SATOPENB u=-5/51 r=2 Rsub=227.734118063384761603469257144 T=0.172528975828295919859888207452 ub=21.3874892814765180607461952884 B=2308856593 > cap
SATCERT u=52/17 r=4 Rsub=56834.8050214161258705547497373 T=2.17274072433437788707207591871 ub=11.6816116017766027927167098157 B=1039606 (no point below T -> idx=1)
SATCERT u=52/23 r=2 Rsub=496.179774883607490196900890062 T=0.254663980731215245319574473417 ub=11.0692917655614700319104325329 B=82782 (no point below T -> idx=1)
SATOPENB u=52/27 r=3 Rsub=10606.6243117759734506270095464 T=1.27640396560836109481851625274 ub=19.1577908943305146416431469131 B=748959045 > cap
SATCERT u=52/15 r=2 Rsub=53.9008169387206383194747133261 T=0.0839354973812895487871061599088 ub=13.0813272526143265902662158350 B=521917 (no point below T -> idx=1)
SATOPENB u=53/22 r=2 Rsub=98.5334511542641363577582633830 T=0.113485360524874127644833188759 ub=18.3187442631877181075715764333 B=101161583 > cap
SATOPENB u=-23/53 r=2 Rsub=332.300576633016552783955408846 T=0.208407595027624619780025104622 ub=14.6779731832566773568357101817 B=2917918 > cap
SATCERT u=53/24 r=2 Rsub=283.412144788847754222637887101 T=0.192467419196236852313961044047 ub=13.0097447904561023306217478991 B=541562 (no point below T -> idx=1)
SATCERT u=53/5 r=2 Rsub=96.2666851318840233265615667754 T=0.112172397748160176754159244532 ub=12.3827866192422260810511575927 B=266989 (no point below T -> idx=1)
SATOPENB u=47/53 r=3 Rsub=2402.18278326531415828120672513 T=0.778032548910877093958943107499 ub=20.8393789692400427034055822430 B=2445245878 > cap
SATOPENB u=53/39 r=3 Rsub=4281.76807955620979494319564079 T=0.943344082328489916223146663353 ub=17.0081989040792664907376701026 B=62554141 > cap
SATCERT u=-53/7 r=3 Rsub=2305.40607198776913851519226817 T=0.767440816625448439773384132176 ub=7.97872790775042615657490633541 B=6287 (no point below T -> idx=1)
SATCERT u=41/53 r=2 Rsub=82.4231219693727986550075261773 T=0.103794065884558765679308828272 ub=13.2637390146868202171191875577 B=638920 (no point below T -> idx=1)
SATOPENB u=5/53 r=2 Rsub=189.659961670217418021637366336 T=0.157447519788227499949224888721 ub=21.5414599489481047195966067708 B=2652868830 > cap
SATOPENB u=53/30 r=3 Rsub=11521.8989121189996631071570884 T=1.31211057656414834254193374109 ub=21.0807493741884909327995158551 B=5310012100 > cap
SATOPENB u=53/29 r=4 Rsub=65593.8078236499310781793672978 T=2.25200848097608426123927138300 ub=17.1271882005949749340058312995 B=260782343 > cap
SATCERT u=53/7 r=2 Rsub=47.9991430276007139173552527201 T=0.0792072137159865271893346923423 ub=7.00422753868236582552441568476 B=1193 (no point below T -> idx=1)
SATOPENB u=-53/27 r=2 Rsub=106.079613970431933847825539084 T=0.117750825332040674413855186585 ub=15.0125320768967240934927352214 B=3723904 > cap
SATOPENB u=-53/23 r=3 Rsub=635.071302417305092031904377258 T=0.499347920314230636202725724592 ub=14.2375401627949030789488064693 B=2512750 > cap
SATOPENB u=-11/53 r=2 Rsub=105.114226773773657239406943069 T=0.117213799666986598791962503888 ub=21.6160078289004760991408285268 B=2745479640 > cap
SATOPENB u=53/40 r=2 Rsub=159.127329217482901313498001616 T=0.144218303130854596035600884571 ub=16.0267677739172878130888848753 B=10543142 > cap
SATOPENB u=53/43 r=2 Rsub=202.291733843622445719886209877 T=0.162606185825172673957594235945 ub=15.4716764750588809448765351877 B=6164285 > cap
SATOPENB u=33/53 r=3 Rsub=3664.73811126596710045465437801 T=0.895660450483554569309602355714 ub=14.6338183625155677732069766781 B=5550946 > cap
SATCERT u=53/21 r=2 Rsub=46.5718148606427977433277392384 T=0.0780206520707593715465782398182 ub=14.0536769826342166939708487198 B=1371887 (no point below T -> idx=1)
SATCERT u=-53 r=2 Rsub=77.5369732416883943597821364114 T=0.100670544220109236643268620112 ub=5.68365572204031802545120044055 B=326 (no point below T -> idx=1)
SATCERT u=53/16 r=2 Rsub=147.953440383383181212056270886 T=0.139062658828789800301867406133 ub=8.04033242596774022312158690494 B=3567 (no point below T -> idx=1)
SATOPENB u=53/47 r=2 Rsub=281.703106062224305539219906776 T=0.191886230869042924679155519390 ub=20.0369620404657625256616627237 B=609926046 > cap
SATCERT u=53/17 r=3 Rsub=951.665034375795625359495424515 T=0.571422215066289561858378025344 ub=5.42205001810109918711058629639 B=401 (no point below T -> idx=1)
SATCERT u=53/11 r=2 Rsub=328.300644382890669615738474897 T=0.207149486991494190717229200385 ub=8.48568901152729969992971125143 B=5961 (no point below T -> idx=1)
SATCERT u=53/14 r=2 Rsub=75.3734177668385527258295077143 T=0.0992560753251435349848673831603 ub=12.1014835470383265398932098843 B=198937 (no point below T -> idx=1)
SATOPENB u=53/19 r=3 Rsub=1616.62107800827853325293268440 T=0.681812818053239432013142743334 ub=14.1194029652215023003084856684 B=2679702 > cap
SATOPENB u=-53/35 r=2 Rsub=129.894034643766610602171665572 T=0.130299454592263548250773201714 ub=19.5904331326514073879378819258 B=366948691 > cap
SATOPENB u=39/53 r=2 Rsub=124.187282486771453307845977911 T=0.127405024709055778000654195578 ub=18.3435520024604161600518598996 B=105156159 > cap
SATCERT u=-53/19 r=2 Rsub=227.152754604145200747483877021 T=0.172308617679767949714561404046 ub=14.0223244347355337403657888126 B=1461002 (no point below T -> idx=1)
SATCERT u=53/18 r=3 Rsub=3054.76029039417667528606092136 T=0.842923434816431120109275239649 ub=10.6373164896847405778581124424 B=96785 (no point below T -> idx=1)
SATOPENB u=-53/39 r=3 Rsub=2492.61587593903782363194540871 T=0.787675858493077777077920223669 ub=16.1779304329852496599119208948 B=23338299 > cap
SATOPENB u=45/53 r=2 Rsub=311.988397362274639516727206660 T=0.201937611948190390310347924580 ub=18.2790883664723806529042257707 B=106220320 > cap
SATCERT u=53/34 r=2 Rsub=201.593131322771455770442748787 T=0.162325167579679793065899334625 ub=13.5142837432382986585751397076 B=870314 (no point below T -> idx=1)
SATOPENB u=53/35 r=3 Rsub=2793.57557608762634047455372635 T=0.818180688017562084204997109493 ub=19.9838326561902634742252831366 B=1081931108 > cap
SATOPENB u=37/53 r=2 Rsub=164.930423693999410472736524538 T=0.146824449723351476921966187707 ub=16.3789974472560657667549724659 B=15033956 > cap
SATOPENB u=54/29 r=3 Rsub=2003.41798608016692998759693179 T=0.732351550739612366430489110151 ub=19.3512715305629085266263310707 B=527480830 > cap
SATOPENB u=54/23 r=3 Rsub=3472.01387622701104236988372014 T=0.879676317454524743751610520311 ub=17.2755123900573445913067469165 B=76682855 > cap
SATOPENB u=54/25 r=3 Rsub=2832.60809123262127297605344043 T=0.821973683241880221672182500945 ub=13.8094119288952244051587734414 B=2261154 > cap
SATCERT u=54/17 r=2 Rsub=562.875568935045727577226640694 T=0.271240286224766223586452533758 ub=10.5397095487754887084259423752 B=49561 (no point below T -> idx=1)
SATCERT u=51/55 r=2 Rsub=213.058554381976503573561644823 T=0.166877383789416345566960942884 ub=11.4558262706451870767335687509 B=111604 (no point below T -> idx=1)
SATOPENB u=-55/37 r=3 Rsub=6438.80131335952033186677276307 T=1.08076371966381018987461337652 ub=17.7026196746468097633773306304 B=143720845 > cap
SATOPENB u=-9/55 r=2 Rsub=92.4107196727967811625732154144 T=0.109902904673833566310526266235 ub=18.8750625071334069378257194137 B=175818965 > cap
SATCERT u=55/31 r=2 Rsub=288.169263462451575309103054636 T=0.194075995607474490272669409547 ub=13.2578786234778552031949553422 B=695200 (no point below T -> idx=1)
SATOPENB u=47/55 r=2 Rsub=156.145268845949990790947370722 T=0.142860580139410203180033714695 ub=21.4030028043215679200823327033 B=2276405236 > cap
SATCERT u=55/38 r=2 Rsub=198.911362579630609188308182333 T=0.161241856815141529916815913513 ub=12.5655567170956594583470049198 B=336650 (no point below T -> idx=1)
SATCERT u=55/7 r=2 Rsub=96.2666851318840233265615667754 T=0.112172397748160176754159244532 ub=12.3827866192422260810511575927 B=266989 (no point below T -> idx=1)
SATOPENB u=55/39 r=2 Rsub=126.258481487753095093944715797 T=0.128463063748073108496978897616 ub=19.4321671627124777575070742948 B=312661042 > cap
SATOPENB u=19/55 r=3 Rsub=7051.42987689769555295458697169 T=1.11400758154644876829855357616 ub=15.7607269459439447627921690460 B=21311013 > cap
SATCERT u=-55/13 r=2 Rsub=326.139079711657550000375517694 T=0.206466414185147559436253778270 ub=9.84030886829807609511182674938 B=23082 (no point below T -> idx=1)
SATOPENB u=-17/55 r=2 Rsub=439.136958145810929202602262674 T=0.239578581463065634006872047329 ub=21.8314777664183436524640368389 B=3848912000 > cap
SATOPENB u=-53/55 r=3 Rsub=1252.87626607461524184644662996 T=0.626275097786151380935108082798 ub=19.6605582347885288834875528341 B=646338122 > cap
SATCERT u=55/21 r=2 Rsub=87.8560839194843830315815395329 T=0.107160298607667476440204845502 ub=9.36347135521946328174949553663 B=12974 (no point below T -> idx=1)
SATCERT u=3/55 r=3 Rsub=1069.12156560032496213141562134 T=0.594025077087847486957028419651 ub=13.6964510216434119948287556930 B=1607959 (no point below T -> idx=1)
SATOPENB u=55/32 r=2 Rsub=176.718906782695760462485471203 T=0.151981071705036817455343479696 ub=17.4385615301263652169144619608 B=43598906 > cap
SATOPENB u=55/37 r=2 Rsub=92.4907915927580875854471596347 T=0.109950508626926994320525076719 ub=18.8054594548665193572070529516 B=164005409 > cap
SATCERT u=55/9 r=2 Rsub=73.2165947194967918448661749866 T=0.0978256534552161528657031509028 ub=10.2084776221774494211336214242 B=29921 (no point below T -> idx=1)
SATOPENB u=55/23 r=2 Rsub=138.327271826332642084342697283 T=0.134462722515246412945993941690 ub=14.9033165199542529134598406399 B=3394881 > cap
SATCERT u=55/13 r=2 Rsub=101.239166527324420339354056935 T=0.115032954693853135885632622420 ub=8.74169193631777417979277068691 B=7022 (no point below T -> idx=1)
SATOPENB u=7/55 r=2 Rsub=142.687596547317202252532249832 T=0.136565533570128232270029775987 ub=21.7289494073173222359550098140 B=3133808707 > cap
SATCERT u=55/17 r=2 Rsub=113.637331560604132601571852691 T=0.121873282384617091185551783717 ub=10.5033702389018461094802037042 B=41161 (no point below T -> idx=1)
SATCERT u=-55/29 r=2 Rsub=625.936476658884695839989273529 T=0.286031013527878829867117778670 ub=9.76582075515863449033657272680 B=23199 (no point below T -> idx=1)
SATCERT u=55/47 r=2 Rsub=225.331232871132526217687199529 T=0.171616361842943995153883093341 ub=12.2331750750349295863496773862 B=243968 (no point below T -> idx=1)
SATOPENB u=55/53 r=2 Rsub=194.381929327293923863728180859 T=0.159395456813399182540525129594 ub=21.0161711663809736102970378378 B=1571924691 > cap
SATCERT u=-55/21 r=2 Rsub=75.5888999996614525566620369047 T=0.0993978537988843605186545057299 ub=11.2342600639550009207727304398 B=83589 (no point below T -> idx=1)
SATCERT u=55/16 r=2 Rsub=222.208104508765223002024921095 T=0.170422896347543924985168251781 ub=7.29778119254257904927569956277 B=1752 (no point below T -> idx=1)
SATCERT u=55/14 r=3 Rsub=1349.53589004378299649792096840 T=0.641983543595084127810324587760 ub=11.8176352135867683260957183233 B=257718 (no point below T -> idx=1)
SATOPENB u=39/55 r=2 Rsub=52.1282241748728699921272399648 T=0.0825438002688885354356080577085 ub=18.5555268325079451611544762909 B=124282858 > cap
SATOPENB u=-1/55 r=2 Rsub=224.930105411927202014394404963 T=0.171463540819613509779233108015 ub=22.0451739301181582646823063226 B=4452081030 > cap
SATCERT u=55/12 r=4 Rsub=31649.6037553371014537644817803 T=1.87692267150878670248934635693 ub=11.1551634669767986962540675642 B=456839 (no point below T -> idx=1)
SATCERT u=56/15 r=2 Rsub=518.018753590374924641361436963 T=0.260208054618694629256884233940 ub=13.6573197500995786500413692240 B=1107403 (no point below T -> idx=1)
SATCERT u=56/17 r=2 Rsub=167.841452320093203267663045385 T=0.148114510941639315418931685646 ub=13.1999375751626301197622487495 B=626593 (no point below T -> idx=1)
SATOPENB u=56/33 r=3 Rsub=7451.41383630795043356785557667 T=1.13468499198475671168672100442 ub=23.4476342881919605009033732111 B=47420443977 > cap
SATCERT u=57/53 r=2 Rsub=194.022493402603338319218093463 T=0.159248017791390389239119089684 ub=13.0076429992090343328426196187 B=522767 (no point below T -> idx=1)
SATCERT u=57/49 r=2 Rsub=82.7602516089653106913975342571 T=0.104006120140558050591003487889 ub=12.7353137374383494034304742829 B=376744 (no point below T -> idx=1)
SATOPENB u=57/43 r=2 Rsub=312.120083274900178415032769824 T=0.201980224964374109847368094491 ub=16.8230499296730270744102429043 B=24767186 > cap
SATOPENB u=-7/57 r=4 Rsub=64356.1353497965224646830959396 T=2.24130933541329131905761201621 ub=21.9863432242077178886925683853 B=33261039355 > cap
SATOPENB u=53/57 r=2 Rsub=151.439956892113059435615384304 T=0.140691620913112819479133236254 ub=17.8504449823522060736074270640 B=65080571 > cap
SATCERT u=57/20 r=3 Rsub=2133.48238491395688215276065492 T=0.747868836254207992272528322449 ub=12.5619838088826783603154433432 B=603109 (no point below T -> idx=1)
SATCERT u=-57/31 r=2 Rsub=53.1538514203828375153286934835 T=0.0833518730508709054020262576779 ub=11.5507087554478056267145862810 B=112878 (no point below T -> idx=1)
SATOPENB u=49/57 r=2 Rsub=523.033749482730086325951559811 T=0.261464572061406809186355244573 ub=21.8650984674573674182687772389 B=4068592850 > cap
SATCERT u=57/7 r=3 Rsub=839.727757261489116311351753025 T=0.548077431255133544882243347896 ub=11.1929524124444103774980791677 B=125622 (no point below T -> idx=1)
SATCERT u=57/16 r=2 Rsub=64.4862145131415649691541308499 T=0.0918081923203224985680473481193 ub=8.50661627411094376814949421330 B=5424 (no point below T -> idx=1)
SATOPENB u=41/57 r=2 Rsub=102.949983417370008267213828773 T=0.116000840244402733357411066764 ub=21.6701901305776568222598324688 B=2894826372 > cap
SATOPENB u=-43/57 r=2 Rsub=216.991899544706583980729343948 T=0.168410728825681530587768276776 ub=16.1647498974028451920338869314 B=12399425 > cap
SATOPENB u=-11/57 r=2 Rsub=129.788748944177103996224947011 T=0.130246636730700773899863876599 ub=18.2324866975871712019088790357 B=94369958 > cap
SATCERT u=57/28 r=2 Rsub=187.717323857916500491329967700 T=0.156639097283385833195211590015 ub=14.1362175940488213747806133929 B=1611792 (no point below T -> idx=1)
SATOPENB u=57/32 r=2 Rsub=190.227352204501575347064520789 T=0.157682855485395882573719617098 ub=15.0553868171852618299504649761 B=4045314 > cap
SATCERT u=-57/23 r=2 Rsub=39.2556223424116179142509974795 T=0.0716306559133040159993471307537 ub=13.4683618964184760981857641149 B=759179 (no point below T -> idx=1)
SATCERT u=-57/11 r=2 Rsub=136.499681408431576486209118351 T=0.133571503163406228884164753792 ub=7.76901733098016462140468495944 B=2705 (no point below T -> idx=1)
SATCERT u=43/57 r=2 Rsub=378.636207523862303529761673238 T=0.222463653480161794560400761741 ub=11.4880914190779282828054794710 B=121852 (no point below T -> idx=1)
SATCERT u=57/25 r=2 Rsub=105.637467034291850063934103276 T=0.117505172426902206981532243597 ub=8.37965707712421550233681148442 B=4901 (no point below T -> idx=1)
SATCERT u=58/19 r=2 Rsub=219.749713844552849199355494577 T=0.169477540828715318167365137848 ub=12.0174505526773624483885243124 B=196208 (no point below T -> idx=1)
SATCERT u=58/17 r=2 Rsub=122.444616285707098702325392088 T=0.126507956859651056641662938070 ub=11.5608984442000809062176444276 B=119063 (no point below T -> idx=1)
SATOPENB u=59/37 r=2 Rsub=248.601991675850121141004144787 T=0.180260385855028468299050006615 ub=17.2689130893913897647846345480 B=37851209 > cap
SATCERT u=-59/17 r=3 Rsub=6031.01740339105170178179271146 T=1.05744862443128027686331273727 ub=7.55772343090332831147839449891 B=5515 (no point below T -> idx=1)
SATOPENB u=-17/59 r=2 Rsub=311.671359420636826637264160531 T=0.201834982879029107523784288958 ub=18.5057156167972770769443187045 B=133225082 > cap
SATOPENB u=59/51 r=2 Rsub=109.559775291564061197441972188 T=0.119666767813641691648005234548 ub=15.8830633857187433350280490993 B=8910405 > cap
SATCERT u=59 r=2 Rsub=57.2452592557654306080507698740 T=0.0865003287051186674635338957925 ub=8.23128740323747421895710535035 B=4097 (no point below T -> idx=1)
SATOPENB u=59/5 r=3 Rsub=8325.93175539552565496095767447 T=1.17744337825477561801301063847 ub=14.4516374075013983857197691536 B=6132303 > cap
SATOPENB u=-57/59 r=2 Rsub=148.926531935025051525897060748 T=0.139519217748083579036264917725 ub=15.5313793207580289299211925686 B=6394179 > cap
SATCERT u=-59/22 r=2 Rsub=47.6175949716800566729947414092 T=0.0788917741660449840837802131972 ub=7.87838170411243479776378818773 B=2857 (no point below T -> idx=1)
SATOPENB u=59/40 r=2 Rsub=258.587378615539397865014455574 T=0.183844929468036537055319449218 ub=21.0087405231707018595701057113 B=1598905953 > cap
SATOPENB u=59/49 r=2 Rsub=59.8995116808000625608344543540 T=0.0884829585566938519191178762725 ub=15.6336760537940827258903933890 B=6730494 > cap
SATCERT u=-59/9 r=2 Rsub=79.1736964561951868923971611461 T=0.101727519615196145682792873819 ub=6.69678855058169752001568502327 B=897 (no point below T -> idx=1)
SATOPENB u=59/35 r=2 Rsub=539.821472730589172054885190557 T=0.265627522947158079566432264261 ub=18.3009986892108582740639494990 B=115713309 > cap
SATOPENB u=-49/59 r=2 Rsub=252.448524793053640466513472145 T=0.181649586304046984952115995158 ub=16.6935541859415979576792889055 B=21321016 > cap
SATCERT u=59/3 r=2 Rsub=105.637467034291850063934103276 T=0.117505172426902206981532243597 ub=8.37965707712421550233681148442 B=4901 (no point below T -> idx=1)
SATOPENB u=59/55 r=2 Rsub=129.321279668880920542821229393 T=0.130011865901361236683586143978 ub=14.5630058848015841025669933888 B=2404898 > cap
SATOPENB u=51/59 r=2 Rsub=275.029528389473128249450168056 T=0.189599704694020766228120105945 ub=19.1165348671230256702646509469 B=242408426 > cap
SATCERT u=59/22 r=2 Rsub=257.224202307459973647180227145 T=0.183359708163616504214647549827 ub=13.0469266189027946141626114792 B=556981 (no point below T -> idx=1)
SATOPENB u=59/24 r=2 Rsub=84.6119310870035672577454292682 T=0.105163201280853772827392553715 ub=17.0795501967378650996916500757 B=29055357 > cap
SATOPENB u=-9/59 r=3 Rsub=8993.93296521375007161226683661 T=1.20812618716884007725847666427 ub=17.0521735919037502455514450520 B=85181922 > cap
SATCERT u=59/11 r=2 Rsub=45.5012143429057801880638449200 T=0.0771186623877498384774397299874 ub=10.7367380417744022105138660179 B=49705 (no point below T -> idx=1)
SATOPENB u=31/59 r=3 Rsub=8148.51979254952128635762644633 T=1.16902013370508223462994069641 ub=20.0302653091527342017937680147 B=1609654575 > cap
SATCERT u=59/27 r=2 Rsub=108.133125757010046718597948568 T=0.118885085125437390802963869409 ub=13.2671440331994348930272782932 B=650847 (no point below T -> idx=1)
SATOPENB u=59/43 r=2 Rsub=269.401874621060427209564714336 T=0.187649884410247429494565508524 ub=19.7123944822932482405366574030 B=439015100 > cap
SATOPENB u=49/59 r=2 Rsub=194.280334929817568453988566310 T=0.159353797071862951981319718206 ub=18.3695177766486400326434377731 B=111426036 > cap
SATOPENB u=7/59 r=2 Rsub=188.564685088567644309912824229 T=0.156992235837735188419593264750 ub=15.4796349135334748824143371311 B=6178754 > cap
SATCERT u=59/31 r=2 Rsub=308.983771546299603171114563252 T=0.200962872384490654173162169228 ub=13.6138240857276116361775802288 B=999277 (no point below T -> idx=1)
SATOPENB u=59/21 r=3 Rsub=635.071302417305092031904377254 T=0.499347920314230636202725724591 ub=14.2375401627949030789488064693 B=2512750 > cap
SATCERT u=39/59 r=2 Rsub=139.317336396648331261823772226 T=0.134943066752132861854368154710 ub=10.1339736738775468217635205839 B=28823 (no point below T -> idx=1)
SATCERT u=59/17 r=2 Rsub=107.848773032839750458193178243 T=0.118728668898165435660251587418 ub=9.77608167002668883290386505124 B=19828 (no point below T -> idx=1)
SATCERT u=59/13 r=2 Rsub=29.4022392464354878437539405256 T=0.0619923640211683183309593681523 ub=6.26481433875504493113968738883 B=560 (no point below T -> idx=1)
SATOPENB u=-5/59 r=2 Rsub=211.813033517353520496910500838 T=0.166388893848100080943238634420 ub=18.1443175910726796205541041445 B=89585720 > cap
SATCERT u=-59 r=2 Rsub=60.0622077909243610320374860496 T=0.0886030436016737416258225204823 ub=6.09699398276510871380866305393 B=486 (no point below T -> idx=1)
SATCERT u=59/15 r=2 Rsub=48.8025463013970402097285642274 T=0.0798673427964629001265485500076 ub=8.21072448781035823624504013228 B=3987 (no point below T -> idx=1)
SATOPENB u=27/59 r=2 Rsub=390.110036351658382781304034758 T=0.225809160566917954984752136172 ub=14.7593203753387392973806454342 B=3220766 > cap
SATOPENB u=60/37 r=3 Rsub=3024.46794797981040955142946192 T=0.840127907673025723930935853647 ub=16.9198226759413270228666865293 B=51647409 > cap
SEARCH_DONE satcert Sig=4 fibers=1021 cert=244 certm=0 openB=214 openM=0 viol=0 skip=2 6952.850 s
DRIVER: natural end (attempt 2, rc=0)
