[24,6351,7424,44968]
[27,1702,3725,13427]
[32,2047,2177,6623]
[35,460,475,4453]
[41,8357,9193,16343]
[49,27599,28139,35041]
[51,3731,4158,23373]
[55,1043,1225,53193]
[55,2740,3916,24112]
[58,2074,2867,3451]
[58,8223,14103,24447]
[59,2776,2867,16243]
[61,2786,4514,10670]
[63,7315,12337,59087]
[65,8475,8853,16875]
[67,12673,24897,37503]
[71,665,1085,11165]
[71,3641,4972,44473]
[71,4859,6446,11234]
[73,3700,5548,11840]
[75,341,345,3705]
[78,3114,3403,6747]
[79,10089,10161,15921]
[82,16714,17243,48043]
[82,34282,34563,48923]
[83,16781,16792,26867]
[84,13281,13364,44736]
[87,36922,55383,63567]
[91,1349,1534,4901]
[91,13115,14975,43615]
[93,314,336,3768]
[97,9821,13279,63329]
[97,27047,31310,55322]
[97,32767,32858,43778]
[98,1722,2737,17063]
[100,2305,2500,20284]
[101,1564,1581,29869]
[102,6177,8023,28329]
[103,341,345,7065]
[106,11026,11269,12599]
[107,2987,3737,8107]
[109,6731,6989,9139]
[109,9316,10549,31501]
[111,5389,7104,34236]
[112,12956,13055,22365]
[113,13775,15665,23435]
[114,1059,2301,19549]
[114,3971,4221,7011]
[116,809,841,18607]
[117,6475,7533,31635]
[118,4033,6842,43382]
[119,925,1250,6290]
[119,7031,7049,37149]
[119,8631,11781,53019]
[120,1552,5250,10323]
[123,3335,3627,17835]
[123,15165,15502,29725]
[124,3256,3633,45493]
[125,1763,1940,22000]
[125,3219,3450,18894]
[125,5111,6125,8339]
[127,7777,10209,18386]
[127,11976,12673,22177]
[129,7521,7571,23405]
[132,1007,2332,7568]
[132,2325,2368,12768]
[133,1375,1505,30625]
[133,2275,2717,6650]
[133,24667,26117,29708]
[134,8450,8515,10335]
[137,4183,5339,34459]
[137,23875,23900,24512]
[139,3263,5185,15745]
[141,750,816,15200]
[141,9869,10233,11997]
[143,1073,1221,9009]
[143,6578,6734,9394]
[143,9775,12625,25868]
[144,15768,16131,19519]
[149,2452,7152,20876]
[149,6666,11709,49149]
[150,3601,5265,20775]
[151,13489,16151,38761]
[155,1957,2275,7000]
[157,17693,19337,59027]
[157,19418,26726,64218]
[157,34493,47369,61207]
[159,1332,2368,4884]
[161,1729,1771,11339]
[161,4191,4257,59697]
[161,6175,8375,14711]
[163,27683,41099,57181]
[167,1903,1972,8792]
[168,2093,2112,20352]
[168,2093,6552,20352]
[169,781,1081,13625]
[169,9394,11102,24206]
[169,10919,10985,52969]
[170,495,550,24794]
[171,1501,2261,5461]
[173,6253,11063,37037]
[173,10323,11063,37037]
[173,10469,17819,48923]
[175,1865,2984,13865]
[177,1157,1192,10292]
[178,11977,12322,22178]
[178,29410,35465,46903]
[180,1460,2772,16425]
[180,6960,9425,46284]
[181,13481,13899,24139]
[181,24956,25024,44164]
[185,1775,1935,13542]
[185,2300,2812,9060]
[185,3335,3364,9425]
[187,14089,14936,22388]
[187,14971,18821,23137]
[191,8129,9169,12931]
[191,19969,22281,42441]
[193,732,1488,6948]
[195,4887,9050,23862]
[197,3772,12608,37052]
[199,1529,1551,10846]
[199,7536,8801,15839]
[199,10175,10250,12626]
[200,2824,3080,11649]
[200,11815,14841,55425]
[201,6519,6549,19019]
[203,2228,2261,9653]
[203,3713,4692,8608]
[203,8575,8715,13515]
[204,3501,8992,18672]
[204,23229,23316,36176]
[205,4147,6045,29725]
[205,6085,10250,26774]
[207,4847,5359,8096]
[209,2261,2299,6149]
[209,10375,19375,32465]
[210,6095,7776,31800]
[211,7181,8153,30457]
[212,6197,6572,24788]
[213,3150,4830,11662]
[215,912,937,23113]
[215,4375,5375,15308]
[217,542,903,4263]
[218,2774,3626,7957]
[221,900,1040,14620]
[221,3189,11934,23541]
[221,6800,7360,38896]
[223,15914,16352,32264]
[224,6076,6293,20801]
[226,1682,1799,9251]
[229,9121,9381,37211]
[229,12784,14656,48144]
[229,13629,21861,62181]
[231,8281,8463,15756]
[232,1079,1704,5568]
[233,1801,3817,14408]
[233,10217,11883,13545]
[233,21646,24400,55680]
[234,18483,18584,28392]
[237,10363,12438,30366]
[237,17375,17475,20163]
[239,8533,9264,18036]
[241,4984,5649,15631]
[241,9394,14882,36722]
[241,36719,36722,55537]
[242,12155,19470,64158]
[247,2065,2185,12350]
[247,3136,4361,43953]
[247,4947,10362,29682]
[247,10229,13703,17671]
[247,15197,16226,35378]
[247,27778,29682,53618]
[247,46247,46903,60105]
[248,1925,3640,11200]
[250,3530,3638,8825]
[250,6570,7686,8775]
[253,1826,2926,8174]
[255,4959,5491,41325]
[257,3026,3145,14135]
[259,3525,4230,10434]
[259,3855,4230,38550]
[259,5123,5341,25123]
[261,506,621,42021]
[261,6813,17411,28488]
[261,19266,19749,38701]
[261,20757,21957,46139]
[262,7955,13205,15725]
[263,3598,6407,21607]
[265,15423,21825,28302]
[267,1867,6669,26166]
[269,9125,10840,38560]
[272,3800,3835,17578]
[272,18752,19924,49651]
[273,16081,20945,36245]
[274,22523,22624,40552]
[275,884,940,17680]
[275,1391,2641,17775]
[275,2002,2080,8360]
[275,2856,4725,13965]
[275,11713,17680,32860]
[275,28013,32125,50685]
[275,28985,29971,61523]
[276,27500,27951,62700]
[277,2453,2461,11371]
[277,4277,7497,25207]
[277,7225,18005,48875]
[279,741,779,37259]
[281,11500,11600,21356]
[283,3713,4379,21669]
[283,13317,14053,52762]
[286,1533,2208,32136]
[286,1933,3614,50258]
[286,2257,2786,19886]
[287,1953,2079,4131]
[287,2035,3025,16687]
[287,3332,6528,9828]
[287,9802,10537,63713]
[289,5343,5457,20961]
[289,12961,13039,16949]
[290,26485,40850,59246]
[291,1425,2166,4750]
[292,6617,11713,17447]
[292,6617,18177,41223]
[292,8528,11972,63583]
[293,4270,4400,12200]
[293,5181,5206,10094]
[293,11525,12775,16135]
[294,918,931,17493]
[295,37145,37275,50267]
[297,10647,10857,13013]
[299,14375,16905,32375]
[301,6125,6149,15050]
[301,9401,10744,37604]
[304,23951,24272,35648]
[305,1865,1892,5024]
[305,2670,4175,12079]
[308,1825,3465,28105]
[312,3887,4305,8463]
[312,5163,5408,13768]
[313,2567,3051,9291]
[315,10260,12300,16652]
[315,18117,18315,48983]
[319,5324,5609,8041]
[319,13475,13981,57181]
[323,7267,7453,18928]
[323,7363,7729,20819]
[323,17578,27302,44198]
[324,10071,12672,27232]
[324,50727,60324,62176]
[325,3619,3640,10045]
[325,18683,23842,29155]
[328,2983,3768,14432]
[329,11639,12361,23171]
[330,14685,18166,36938]
[331,3211,3367,16523]
[333,990,1200,19240]
[333,40953,41667,59203]
[335,1028,6425,19153]
[336,5512,6762,42861]
[337,11063,13143,34632]
[337,24017,24163,36733]
[338,17537,20001,32513]
[339,2561,4446,8274]
[339,6381,7067,53477]
[339,8439,8787,40339]
[340,6667,6800,13108]
[340,7360,8075,16677]
[341,2431,3003,11323]
[341,2987,3565,25730]
[342,6426,6517,20349]
[345,2600,2625,7641]
[345,4030,4345,33959]
[345,11905,13095,28572]
[348,2427,3236,6148]
[348,10208,10527,28083]
[348,10817,17904,53244]
[350,926,930,11395]
[350,18394,18955,58969]
[353,18497,18709,35947]
[356,3044,11748,15981]
[356,9843,19669,62357]
[356,18104,21497,63357]
[358,40606,41567,53033]
[364,625,665,11375]
[364,1200,1365,11340]
[364,1869,1872,9612]
[364,7448,7525,23165]
[364,14504,18241,27209]
[365,2015,2444,13000]
[368,2132,2173,10868]
[371,8789,9328,31603]
[371,11635,18421,36621]
[373,3071,9698,16502]
[373,16523,17227,24245]
[375,6062,11538,12990]
[375,13821,22035,41875]
[376,8736,10947,12168]
[377,2375,2527,30305]
[377,3417,6669,31059]
[377,3550,8990,60398]
[377,8569,22919,30073]
[379,21279,23941,35909]
[380,6500,6916,11875]
[381,7011,8323,14678]
[383,6767,7825,9617]
[383,15853,17603,19133]
[386,4346,5191,15509]
[386,20350,21230,39215]
[387,1923,2077,11387]
[390,10422,12103,20265]
[391,2001,2484,11376]
[391,2183,2185,24725]
[391,8519,11883,13387]
[391,8959,8993,50209]
[391,10841,12091,32891]
[391,22919,23289,30361]
[396,560,565,19604]
[399,2414,2608,51712]
[399,3545,7026,55074]
[400,9324,24165,41625]
[401,2151,2489,9401]
[403,4147,5239,22103]
[403,4453,7099,26474]
[406,4346,5307,27962]
[407,2500,3025,14993]
[407,18907,19166,27482]
[408,5616,5833,22542]
[408,8325,22880,31080]
[408,18832,21793,40217]
[410,19030,22550,32351]
[411,1136,1776,26304]
[411,4233,10860,26980]
[411,20907,25482,37714]
[413,1950,2555,60515]
[413,3939,6363,29211]
[413,16637,16638,20355]
[416,29460,29900,33541]
[417,1387,1792,29512]
[417,5149,5201,24751]
[418,4002,4623,8418]
[418,20382,20898,57663]
[418,25498,25707,31623]
[419,35113,36062,45806]
[420,1360,1449,8925]
[423,14787,15463,35673]
[424,14500,22849,36925]
[425,6743,10105,46505]
[425,8265,8325,19227]
[427,7097,7787,17237]
[427,7798,7808,18088]
[429,44525,44655,47955]
[432,19005,19907,25275]
[433,2508,7488,36372]
[434,875,910,13490]
[434,4309,4669,26691]
[435,15555,19459,22525]
[435,18166,18315,25491]
[435,18190,18315,25491]
[437,9633,9688,16492]
[437,22261,24395,37975]
[442,2807,3434,10426]
[445,1411,1445,24475]
[446,769,4144,12304]
[447,2772,4172,7980]
[447,8325,15540,22300]
[449,40501,41711,52591]
[450,11211,11280,28280]
[451,875,880,11275]
[451,5876,6028,19888]
[451,47107,51643,57851]
[452,1563,1596,18756]
[453,7163,9917,17533]
[453,24603,25972,57531]
[455,3065,4921,26341]
[455,5063,5795,12025]
[457,767,914,27391]
[457,8702,10992,36792]
[457,27209,30225,33865]
[457,28919,46157,52681]
[458,10846,11679,64467]
[460,931,944,52460]
[461,3789,4439,21197]
[461,8651,12235,52555]
[462,3710,4290,6237]
[464,5900,17225,22661]
[465,6375,6394,9775]
[469,7839,8911,15281]
[473,2282,3008,11408]
[473,3658,11408,18848]
[474,1549,2061,13941]
[474,2509,3224,21616]
[474,26390,36975,63765]
[475,2075,2090,17917]
[475,3485,3610,26486]
[475,3485,8989,26013]
[475,4250,13243,26125]
[475,4453,4465,17765]
[476,2656,2685,15300]
[476,3700,4165,32375]
[476,9611,11056,14756]
[477,1053,1287,17437]
[477,3293,3367,4717]
[479,16629,16929,51615]
[480,6360,6409,7208]
[481,2263,2294,58838]
[481,2263,3937,58838]
[481,4947,5522,21622]
[481,4947,7956,49728]
[481,7231,9919,31598]
[481,8321,22451,43699]
[481,8393,9919,10682]
[481,8662,12506,58838]
[483,2403,2407,5293]
[483,3577,8697,34503]
[485,3885,4004,9800]
[488,1267,2840,12200]
[488,2432,6401,9394]
[488,14168,14457,32488]
[490,1534,1859,10959]
[491,1141,2059,2990]
[491,24053,28103,52647]
[493,1925,2550,10875]
[493,2495,2993,25393]
[493,2666,6293,35309]
[493,4354,5168,12296]
[493,9062,9197,32147]
[494,17797,24531,37797]
[494,23579,35074,46574]
[495,2760,4488,8800]
[496,1088,1121,6854]
[497,22253,22372,49232]
[499,14359,14796,51504]
[500,1677,6720,10452]
[500,3965,5200,6644]
[500,29767,31705,54175]
[501,5451,5740,33299]
[501,8183,8517,39867]
[502,15122,20165,37805]
[505,820,1300,16564]
[505,2975,3434,6745]
[506,11569,14378,27094]
[507,16391,24041,62359]
[510,4550,4641,13125]
[510,9295,12558,51714]
[511,3583,4161,34833]
[511,10136,11041,14231]
[512,29492,32339,61004]
[516,8724,9021,13529]
[516,16116,16645,22191]
[518,7050,7785,36075]
[518,7743,12792,57672]
[519,1351,1403,9307]
[519,4565,4844,8440]
[519,14181,17081,48633]
[521,24119,24479,46369]
[525,1295,1554,21150]
[525,3164,3245,60845]
[525,4301,4335,8145]
[525,25425,30849,58625]
[525,30070,35979,46125]
[527,1769,1798,64294]
[527,8732,9520,33820]
[528,14417,19968,53232]
[529,5088,14112,45696]
[529,12138,14112,45696]
[530,8633,9858,43650]
[532,624,651,3276]
[532,5168,6327,31737]
[532,14000,16275,17460]
[533,2612,4277,26773]
[533,4205,6670,26650]
[533,4669,4715,6670]
[533,4669,6517,33292]
[533,8245,8255,28033]
[538,2337,7383,33087]
[538,5963,6187,25187]
[538,24289,39137,54913]
[541,901,904,16771]
[541,27566,28741,51395]
[542,4242,4263,38178]
[544,14800,15340,40145]
[545,7969,7981,23281]
[546,673,696,16152]
[546,9275,10725,49875]
[547,2717,4661,16946]
[549,13125,13375,18849]
[550,23345,24313,31175]
[551,3211,3289,4199]
[551,19703,20953,33497]
[552,8593,13608,47592]
[553,10633,12901,14331]
[553,16338,16608,28008]
[553,27121,27122,63529]
[555,1122,1200,20128]
[559,6994,9191,62809]
[560,1055,1121,16897]
[560,5920,6475,51212]
[560,7175,7216,14000]
[561,1935,4935,7225]
[561,3289,4554,15249]
[561,7811,8864,17236]
[561,13938,14289,18887]
[564,6003,6164,10672]
[564,17531,17904,21996]
[565,2522,2560,50440]
[566,4895,4984,9520]
[570,35550,36733,50299]
[572,2525,2620,50500]
[572,9968,12727,46948]
[572,10823,10960,19780]
[573,15203,15696,30051]
[574,1211,1330,15950]
[574,2639,2690,51650]
[574,9295,11726,15950]
[574,27798,30849,49077]
[575,1635,1875,6867]
[575,3149,3151,8625]
[575,4033,5405,21505]
[575,4150,4255,16031]
[575,4859,5125,6341]
[575,28223,38305,49855]
[577,1631,1731,9027]
[578,2177,2231,54199]
[579,1384,1944,37056]
[579,1773,1948,33196]
[579,5161,5955,12675]
[579,5271,5662,10354]
[579,5332,33196,54868]
[579,8125,10575,53379]
[579,11389,12111,23421]
[581,10309,11557,19747]
[581,22477,37544,42427]
[583,1671,1717,8633]
[583,1892,1952,12032]
[583,2167,7208,8668]
[584,4784,5037,41262]
[584,17216,19099,23944]
[584,18512,18791,32266]
[585,879,2415,6929]
[585,8439,11165,18915]
[585,14661,14664,36764]
[589,5989,8662,18386]
[589,11514,11571,27501]
[589,28911,36714,47634]
[591,3825,4925,7395]
[591,7473,10441,21809]
[591,17391,17931,27499]
[595,4625,5698,17850]
[595,6150,9000,17664]
[596,8296,8721,9605]
[598,1173,1242,17238]
[598,1313,1599,11169]
[598,2534,2795,23530]
[598,3318,7807,11723]
[598,22009,23702,25766]
[599,8761,9844,35044]
[604,1828,4004,9597]
[604,26129,27984,33276]
[608,1092,1449,10017]
[608,7120,7125,20292]
[609,6175,7605,17835]
[609,8686,20503,53207]
[609,9387,9541,31291]
[611,3575,5070,18870]
[615,3233,3975,5760]
[617,1463,2121,4424]
[617,5125,8920,11780]
[618,7875,8218,57750]
[618,23250,26565,63875]
[620,4785,5772,7200]
[620,14291,14384,36880]
[621,20025,20046,23746]
[623,943,979,22161]
[623,3953,4187,8763]
[623,5096,5696,28952]
[623,9359,9459,11859]
[623,11194,11281,17177]
[625,805,833,2625]
[625,1923,2070,19230]
[625,2055,2300,16303]
[625,2289,2430,12375]
[625,6970,7600,10824]
[625,7663,7885,17875]
[625,13298,14670,20750]
[627,3245,3300,58125]
[629,2332,2368,17596]
[629,2829,3034,5491]
[629,4641,5106,25194]
[629,11339,13209,37259]
[632,3668,3857,11795]
[633,13689,20633,24167]
[636,10856,16769,26989]
[637,2023,2727,6887]
[637,4291,4687,11837]
[638,3513,4263,16767]
[638,4913,5518,22542]
[638,30889,31537,37961]
[638,47937,50367,52983]
[641,4925,5684,19984]
[641,9916,10256,30044]
[641,24791,30409,52535]
[642,4233,4399,54033]
[644,720,725,25925]
[645,867,2717,5270]
[646,6946,7289,13589]
[646,14534,15738,65403]
[646,32062,32079,41379]
[648,21312,23157,39368]
[649,1771,2024,10396]
[649,5929,5978,23177]
[650,8282,8625,17557]
[650,11207,16010,43082]
[650,13125,27219,34875]
[650,30458,32970,40255]
[653,34291,34609,59459]
[656,4044,5031,54945]
[657,20493,24486,33418]
[660,10000,10164,60225]
[664,6784,6905,27560]
[664,8323,12064,38552]
[665,7975,8107,40139]
[666,17082,18907,36309]
[667,1883,2233,9415]
[667,7579,8533,24679]
[667,12861,13708,32867]
[667,29125,29465,44935]
[670,5565,5571,51675]
[671,2533,3233,32929]
[671,5746,10241,20449]
[671,10121,10281,21289]
[675,4770,5394,10258]
[675,12300,18080,27552]
[676,3349,7696,10244]
[678,5046,5397,6554]
[679,2379,3721,16393]
[679,4550,5720,54320]
[679,5439,9657,12222]
[679,6721,6727,17654]
[679,6817,18721,54433]
[682,1957,2363,30523]
[682,12238,15047,26603]
[685,4755,6075,12741]
[689,1791,2673,43407]
[689,8536,8921,13871]
[689,13039,13325,29011]
[689,13864,13871,57551]
[692,10592,15707,41623]
[696,4617,4792,39904]
[697,2489,3175,13640]
[697,13450,17153,33625]
[697,14773,17303,31977]
[697,15847,21402,53742]
[697,18791,19516,25753]
[697,30272,36513,61537]
[698,1625,1825,43225]
[699,5327,9048,16776]
[700,1833,3420,34320]
[700,3157,6160,9020]
[700,5263,5540,9020]
[700,10212,14763,46620]
[701,939,981,4206]
[703,2265,3015,49950]
[703,11753,13505,24728]
[706,15170,16169,19475]
[706,15170,16169,38830]
[706,15170,19475,38830]
[706,16150,16169,19475]
[707,2164,3668,33936]
[707,2813,2929,16591]
[707,3757,3838,30498]
[707,4100,6020,22960]
[707,11357,11718,13629]
[710,3930,3959,54737]
[710,5525,5611,16835]
[712,16672,18971,46369]
[713,1835,1863,63687]
[713,2738,3008,43808]
[713,4795,9488,33512]
[713,4929,6138,37962]
[713,8282,15416,25856]
[713,28888,33512,43240]
[715,1532,1660,45968]
[715,2045,2444,45968]
[715,2379,2535,43035]
[715,6790,8536,57200]
[715,14475,22581,46215]
[716,959,3604,17536]
[718,10447,11998,30302]
[720,2652,2748,25925]
[720,23680,30609,47952]
[721,4753,5453,13203]
[725,2146,2320,19240]
[725,4819,6500,8845]
[725,8285,12875,48053]
[725,17797,19240,55100]
[725,21973,28105,35525]
[726,16291,31101,60291]
[728,1975,3185,8855]
[729,3289,4747,9193]
[731,2139,2279,30229]
[731,20339,20394,36894]
[732,5747,9852,28548]
[732,28452,28892,30167]
[735,4739,11039,62239]
[736,944,1079,4346]
[737,1014,1664,23912]
[738,20010,20213,29865]
[740,4205,13456,37700]
[742,20723,39008,51152]
[748,2827,3828,19468]
[750,5963,6530,14062]
[752,1184,1316,12173]
[753,34545,35075,55025]
[755,18901,19475,23050]
[757,15343,15707,32731]
[759,37719,37741,52531]
[763,2387,2398,10373]
[763,5313,6405,48837]
[763,6919,12537,28231]
[763,12125,15805,21340]
[763,12753,18421,56459]
[763,19327,19418,33718]
[763,20475,26145,63765]
[764,2584,2717,34523]
[765,5885,6094,12925]
[765,21090,23800,39072]
[767,8452,10153,65503]
[769,8959,10207,21097]
[771,1898,2496,18504]
[771,2947,4995,11925]
[771,9031,9176,25276]
[771,10179,19459,36751]
[773,2555,2695,37877]
[773,25777,26123,37877]
[775,1581,2170,8470]
[775,10759,12455,17110]
[776,1776,3589,5474]
[776,5951,6664,56264]
[777,900,905,2775]
[777,3127,3597,52947]
[777,10127,10212,19188]
[778,26158,27347,47847]
[779,3379,3496,25232]
[781,5236,5344,35156]
[781,9944,11224,52264]
[781,34639,35156,52264]
[783,3672,4032,25432]
[785,2345,2696,19625]
[785,2563,4660,44588]
[785,5375,5713,19375]
[785,19375,19951,22875]
[787,12513,14241,31713]
[787,21037,21595,21812]
[788,4756,4844,5713]
[788,15088,18124,21413]
[788,15088,32308,53833]
[791,7084,7636,41584]
[791,7811,8526,16226]
[791,19439,27770,39550]
[791,36015,38985,63966]
[793,1825,2980,22265]
[793,5402,5834,13286]
[793,24751,25376,40468]
[795,12125,14787,65475]
[795,14241,19291,23205]
[795,19125,19291,23205]
[798,18078,26866,47481]
[799,1631,2563,9027]
[799,5618,6943,11543]
[800,3380,4524,12675]
[800,9424,10915,14110]
[803,2275,2725,4453]
[803,4433,4774,11966]
[804,5328,6204,8029]
[805,1275,1463,12649]
[806,4045,5200,12944]
[809,10819,29309,53059]
[809,13447,13753,20409]
[812,8912,11252,16153]
[813,2737,3987,48339]
[814,2366,3939,18759]
[814,19490,19525,21439]
[814,42263,43586,48338]
[816,9000,13090,21675]
[817,4142,4687,7353]
[821,2581,10673,19343]
[822,7410,7535,31447]
[825,1474,5250,8910]
[825,1607,2507,20425]
[825,4921,11655,18375]
[825,15645,15648,29800]
[826,5246,5311,24589]
[826,22925,27125,40501]
[827,49447,49561,57959]
[829,1342,1358,16958]
[829,18883,21479,26429]
[832,2736,2889,7632]
[833,1268,1292,4208]
[833,3649,5251,62033]
[833,7413,11649,29631]
[835,20725,22493,25821]
[836,21043,28336,53564]
[836,45496,49585,59455]
[837,1102,1107,16443]
[837,8487,10272,13528]
[841,2001,2668,44528]
[841,9239,15966,18761]
[841,12361,14043,28967]
[842,2525,5885,15965]
[845,1417,1817,39833]
[845,1881,4275,6669]
[845,3705,4275,6669]
[845,3905,5405,7267]
[845,12595,12675,38481]
[848,1073,1328,13568]
[848,2023,2352,7616]
[848,22204,24804,58929]
[849,4625,5201,31825]
[850,1886,2530,9775]
[850,3311,4114,18370]
[850,6142,6290,12617]
[850,8770,20171,61625]
[850,11775,17919,60255]
[851,6493,6682,11918]
[851,7319,9842,49802]
[851,9139,9361,16399]
[851,9581,31097,37037]
[851,10419,11316,45741]
[851,14626,19669,44779]
[852,23392,23653,40553]
[852,23392,23653,47897]
[852,23392,40553,47897]
[852,25668,26773,53293]
[853,30597,31637,38293]
[854,1621,6314,22694]
[855,7505,8550,12834]
[855,20420,22825,60713]
[855,30057,33825,43105]
[856,5644,5661,20519]
[859,3100,9184,26780]
[860,3648,5700,5985]
[861,2106,4264,30264]
[861,7462,7488,20664]
[861,14063,15745,27265]
[862,10982,17629,19631]
[865,11715,13500,15264]
[865,22625,30275,40033]
[867,5859,11067,16709]
[867,6525,10625,20383]
[867,6525,11310,14467]
[867,27557,44387,45388]
[868,11368,11501,43307]
[869,4369,7967,16031]
[869,39997,40922,46531]
[871,5551,6097,57218]
[871,6919,8313,13192]
[871,12121,13871,23166]
[871,17404,18239,20839]
[872,8827,12584,14744]
[872,12243,32373,52173]
[872,53449,54240,60120]
[873,21513,22889,57994]
[874,1749,1835,13301]
[874,2926,3059,32361]
[874,10114,15933,25173]
[875,2492,2500,62300]
[875,3514,4000,32080]
[875,3913,5525,13013]
[875,4351,7530,35250]
[875,4403,5950,46250]
[875,10045,10136,11275]
[875,13489,13490,23690]
[875,14935,15104,65000]
[876,2449,2592,43776]
[876,9225,20951,35625]
[879,2398,4360,15520]
[879,7171,7470,21546]
[882,5005,5643,17325]
[884,7040,8525,30316]
[890,9197,12053,13525]
[890,11753,13528,58400]
[891,4387,7780,49640]
[892,11024,11501,11908]
[893,1725,1845,12555]
[894,32370,37250,53781]
[894,36846,37101,45074]
[897,7748,10281,29601]
[899,2305,2320,53476]
[899,17155,23405,44051]
[901,8151,8901,14469]
[901,9701,10759,24089]
[901,34629,39151,51121]
[902,6586,15686,40139]
[903,1872,2688,33488]
[903,11655,28595,52503]
[904,3200,3729,5000]
[905,1885,2350,4706]
[905,4298,4727,15023]
[905,7007,26780,39775]
[907,19057,26978,56722]
[909,5355,5950,10605]
[909,9579,10605,15070]
[909,36443,45018,59634]
[910,3230,3325,24206]
[910,16570,17875,64623]
[912,19392,19623,32702]
[913,4539,5814,49662]
[913,9083,9169,11729]
[913,9083,25212,50292]
[913,14863,16544,39512]
[914,1547,3939,11253]
[914,12050,12339,60450]
[915,8265,9177,17575]
[915,29055,30350,61854]
[916,13175,16660,36640]
[919,18100,22831,33775]
[920,1771,2200,8096]
[923,8658,9328,38272]
[925,2738,3515,34565]
[925,2738,6845,34565]
[925,3179,7480,32021]
[925,3485,4675,25789]
[925,3485,5125,25789]
[925,3521,3875,14179]
[925,3521,5730,14970]
[925,4318,4675,6845]
[925,7316,7485,61605]
[925,9646,10235,21571]
[925,10933,16820,47125]
[925,11000,14392,64000]
[926,9010,11501,37774]
[927,35802,45448,56472]
[928,2600,2790,14703]
[928,2600,4690,14703]
[929,23556,36624,50076]
[929,25625,38375,46450]
[931,9625,10340,27500]
[931,11165,12369,13775]
[931,15943,19700,52460]
[931,16817,19700,52460]
[931,24500,27500,32144]
[934,17029,17318,34058]
[936,3621,3757,27813]
[937,23113,27173,32677]
[941,1435,4100,23525]
[943,3503,4961,8979]
[943,3864,4264,27232]
[943,5525,5535,7905]
[943,38703,38745,58065]
[944,2652,2773,52156]
[944,4292,6844,15281]
[944,37576,39785,50630]
[947,20162,20213,53963]
[947,20162,36499,39731]
[947,27025,35875,47197]
[949,4433,4526,5642]
[949,7221,26487,37467]
[951,5321,5811,7161]
[951,7651,9510,19674]
[951,48791,49021,64829]
[953,21113,21137,41297]
[954,6594,6837,12403]
[957,1682,1827,6723]
[957,7093,7548,29388]
[957,8899,12243,21843]
[957,12861,16907,47157]
[957,15108,15267,16957]
[957,18403,37191,60249]
[962,1342,2002,4477]
[962,20213,24272,43928]
[963,1923,2173,36537]
[964,2329,4097,27263]
[965,1546,6035,53075]
[967,10317,25277,34627]
[968,29088,38178,52497]
[969,1711,1719,42039]
[969,1711,1914,42039]
[969,4599,4641,15841]
[969,7339,8411,15781]
[969,7794,9367,24681]
[969,20241,23088,38743]
[970,5915,8008,19600]
[970,9810,9963,11799]
[971,47285,54725,64625]
[972,11817,12524,21216]
[973,1281,1295,25615]
[973,9523,12803,18193]
[975,1526,3375,6855]
[975,3528,4160,11640]
[975,12180,19025,36569]
[977,16303,16609,29299]
[978,6214,6555,10185]
[979,1681,3649,7999]
[979,8476,8604,37024]
[979,14707,14993,27343]
[981,1539,2507,5088]
[981,34773,35119,65073]
[984,3475,6765,23691]
[984,11424,15145,60520]
[984,45216,47239,51496]
[985,6375,7425,10047]
[986,4649,8294,27894]
[987,1350,2170,6762]
[987,3157,4059,4389]
[987,3337,4059,8037]
[988,32208,32292,38613]
[989,23464,24549,60571]
[992,3632,4354,6811]
[995,5125,9614,29725]
[995,8366,18245,27709]
[995,9155,9614,29725]
[999,1272,1528,39072]
[999,27900,30340,48960]
[999,32121,32615,33945]
[1000,2848,2850,33375]
[1000,2848,4698,33375]
[1000,9184,10045,20440]
[1001,5901,6441,22761]
[1001,19127,19180,34615]
[1002,5083,6579,26949]
[1003,3082,4043,6293]
[1003,4223,4613,30587]
[1003,6368,9877,14773]
[1004,28696,45251,64859]
[1005,5170,11938,54050]
[1007,1749,2332,7568]
[1007,4625,5425,6095]
[1007,6647,6936,18921]
[1007,6929,6943,15457]
[1007,6929,7735,25870]
[1007,6929,10865,19825]
[1007,11395,14575,22225]
[1007,13775,16907,37525]
[1009,3689,3892,28252]
[1009,11250,14050,18334]
[1010,5710,6386,6925]
[1012,9657,11988,46512]
[1012,13409,13780,20240]
[1014,2125,2925,15861]
[1014,2233,2808,24336]
[1015,10455,10962,24969]
[1015,16247,16478,20735]
[1017,1271,1908,12204]
[1017,7569,9592,10092]
[1017,9108,9492,12208]
[1017,9483,27577,62727]
[1020,4345,5497,25625]
[1021,28391,28457,35497]
[1022,2353,2408,20272]
[1023,35685,50752,56940]
[1024,2112,2376,29601]
[1024,33248,38577,48548]
[1025,1369,1375,7585]
[1025,1781,2405,17125]
[1025,2047,2625,10947]
[1025,8188,16380,21360]
[1025,20031,24490,33785]
[1025,20735,30225,34307]
[1027,2379,2730,50325]
[1028,3627,4509,30069]
[1028,31408,32461,58149]
[1033,2639,2665,51650]
[1033,17777,20660,52105]
[1034,10250,10285,13750]
[1036,2479,3441,5841]
[1037,3553,10412,43928]
[1037,3737,4292,6868]
[1037,3737,4403,7373]
[1037,7400,9760,56488]
[1037,8827,9394,21861]
[1037,13747,16371,29631]
[1037,14413,14942,18533]
[1040,9976,10426,54085]
[1043,1927,2323,5293]
[1043,11222,29141,33299]
[1044,2925,3445,7605]
[1044,15567,15856,47508]
[1044,19075,33120,58860]
[1049,19375,21935,52450]
[1051,32101,34691,61886]
[1053,1719,1830,14410]
[1053,16497,17437,38493]
[1060,10545,11900,20572]
[1061,8091,8189,28034]
[1064,1248,1911,6552]
[1064,11000,11011,26950]
[1066,10841,11174,24026]
[1066,10841,12136,44536]
[1067,2093,2112,41613]
[1067,5317,5792,42620]
[1067,12533,16951,48983]
[1068,2587,4819,37741]
[1068,8432,14892,34443]
[1069,25769,30889,39401]
[1071,1404,1456,18564]
[1071,8687,8721,23571]
[1071,11055,11305,27825]
[1071,17625,18095,49350]
[1072,4504,4747,64147]
[1073,2230,10952,32480]
[1073,2788,3239,11951]
[1073,3152,3737,5713]
[1073,3152,3737,20313]
[1073,3152,5713,20313]
[1073,3152,8729,51023]
[1073,6253,10323,38253]
[1073,9263,9301,26059]
[1073,11252,17168,21728]
[1074,1295,1425,17649]
[1075,5198,5280,17680]
[1078,1463,1672,18088]
[1078,5362,13981,29029]
[1078,8323,13981,29029]
[1078,14497,17098,24198]
[1078,21197,21242,62458]
[1078,27938,28017,40183]
[1079,15841,31682,36673]
[1079,31031,31682,36673]
[1080,8307,12032,13000]
[1082,7238,19082,33887]
[1082,26413,26474,29894]
[1085,5740,11200,20768]
[1085,19500,24453,28125]
[1086,19662,22939,52162]
[1088,2132,2537,5757]
[1088,3420,3825,15012]
[1088,4472,5083,44408]
[1088,9520,21238,38437]
[1089,2175,2755,19075]
[1089,17985,19075,53889]
[1090,13410,14715,25479]
[1090,34435,34725,49051]
[1092,2907,2912,5712]
[1092,11488,16401,36036]
[1093,14043,14117,17222]
[1095,3427,4470,12702]
[1095,5424,8249,13345]
[1096,1717,1792,10504]
[1096,1785,2329,18785]
[1096,6604,11297,43121]
[1097,1853,4388,28832]
[1098,1953,4488,12688]
[1099,4069,16562,49322]
[1099,9085,10350,54165]
[1100,3289,3380,22000]
[1100,8448,10452,47025]
[1102,6783,8526,26334]
[1102,7511,12152,37352]
[1102,17202,23547,28482]
[1103,25231,25347,26447]
[1104,6800,7245,23460]
[1105,7540,7888,22100]
[1105,10675,12125,17629]
[1105,10735,11591,13447]
[1106,19981,20034,36946]
[1107,9709,9943,26093]
[1109,11189,12345,22425]
[1111,8339,8989,12643]
[1113,5296,5313,36729]
[1113,13895,26838,54855]
[1115,39433,48183,62967]
[1116,5211,12352,25092]
[1118,10985,11118,28782]
[1119,1377,1769,3927]
[1119,25479,26657,58463]
[1121,5054,10241,36449]
[1121,14134,14342,37638]
[1122,33517,46536,53856]
[1125,1272,1325,8475]
[1125,2808,3080,18720]
[1125,4008,14592,45920]
[1125,5307,6225,9455]
[1125,5343,5350,11818]
[1125,5343,5350,20550]
[1127,21350,27335,53985]
[1128,4488,4490,6675]
[1128,8823,9688,11712]
[1130,13234,16159,39245]
[1130,23125,27750,49046]
[1131,1606,1752,27144]
[1131,1643,1719,14469]
[1131,1844,2028,44256]
[1131,4343,4344,47268]
[1131,5355,5831,8645]
[1131,5355,5831,15225]
[1131,7011,9804,15979]
[1132,9471,21132,34932]
[1133,21097,24156,63624]
[1133,57133,58793,63383]
[1136,8588,8611,23239]
[1136,9900,13905,41940]
[1139,3211,3666,25506]
[1139,8911,10184,18544]
[1139,11786,14261,16011]
[1139,14477,26677,38227]
[1140,10963,17613,43275]
[1141,5063,5112,50388]
[1141,49781,53277,56203]
[1142,4250,6950,24905]
[1144,6744,10494,21483]
[1145,5825,6058,57250]
[1145,20311,26564,59864]
[1146,4129,5481,37161]
[1147,3451,4403,9947]
[1148,4000,4060,10045]
[1148,5936,6148,15211]
[1148,6097,6396,6944]
[1148,6587,18820,28700]
[1150,2074,2415,40365]
[1150,9718,16445,38295]
[1155,4925,6027,10416]
[1156,1561,1564,15844]
[1157,2553,8277,56277]
[1157,5423,6239,8671]
[1157,10875,12155,15575]
[1157,21793,21947,23483]
[1157,47091,47259,56082]
[1158,6066,8425,56935]
[1159,2257,2318,19418]
[1159,7220,18791,31609]
[1159,39431,39466,51569]
[1160,18160,18321,21285]
[1164,31616,32991,34164]
[1166,3650,3875,19345]
[1167,6183,6513,20228]
[1167,16175,23020,26705]
[1168,30296,35843,50854]
[1169,2159,2193,7667]
[1169,6083,7667,24717]
[1169,10927,13715,29295]
[1169,10927,15981,51731]
[1169,11665,16331,20335]
[1173,1943,1952,5068]
[1173,8473,9435,14427]
[1173,25392,25472,35328]
[1177,4313,13946,18031]
[1178,10603,12198,36442]
[1179,12771,13794,51986]
[1180,13940,13949,17425]
[1181,5397,8070,17310]
[1183,1392,1417,53833]
[1183,2975,4225,7735]
[1183,3196,3392,11492]
[1183,4692,6188,10192]
[1183,5467,6512,14872]
[1183,5467,6512,40788]
[1183,5467,14872,40788]
[1183,8473,12194,20839]
[1183,8575,12675,18333]
[1183,17537,18037,20683]
[1185,19775,20685,21357]
[1186,9074,9394,10819]
[1190,16485,18000,64056]
[1191,6399,9287,12103]
[1192,9896,12008,13867]
[1192,23972,23989,46561]
[1193,15109,15509,43243]
[1196,8000,9100,18125]
[1196,8268,10971,39468]
[1196,12716,14196,22841]
[1197,1923,2451,12179]
[1197,2892,6517,32053]
[1197,9590,27797,65075]
[1198,4598,4717,9087]
[1198,6227,7083,27413]
[1199,3751,3844,37169]
[1199,3751,5159,6489]
[1199,6253,6690,28730]
[1200,4048,7227,18480]
[1200,9664,12240,29145]
[1202,42702,42705,56898]
[1203,9381,21253,33144]
[1207,1491,2343,7257]
[1208,4589,6136,22592]
[1208,4687,5681,10791]
[1209,2727,2891,27573]
[1209,15929,17281,18881]
[1211,4522,10528,23528]
[1212,8063,11312,14660]
[1212,12528,21917,45733]
[1218,5593,6288,22968]
[1219,2581,4002,42987]
[1219,11101,12559,34609]
[1219,13803,14628,27531]
[1219,16835,19981,38665]
[1220,6253,6972,15600]
[1220,7061,7100,10736]
[1220,19229,20096,30500]
[1220,19229,20096,46304]
[1220,19229,30500,46304]
[1221,1925,2079,27195]
[1223,1923,9348,23076]
[1224,7191,7224,16184]
[1224,10816,11934,47151]
[1224,10816,16434,17901]
[1225,17871,18630,60375]
[1230,26910,28786,39975]
[1233,1672,3256,48224]
[1235,16915,33575,46291]
[1239,3689,3717,10089]
[1239,5289,5369,23541]
[1239,15689,17661,34083]
[1239,46787,49837,63661]
[1240,3044,3885,6365]
[1241,6137,13515,36395]
[1241,6169,7169,37759]
[1241,6713,6987,34091]
[1241,7005,7191,30441]
[1241,11629,13634,62634]
[1241,29575,29835,44459]
[1243,2132,4672,13108]
[1243,28475,29945,36295]
[1245,1891,2745,15609]
[1245,8325,9021,9800]
[1245,17125,29130,56718]
[1245,48165,56784,60125]
[1247,1938,2208,18792]
[1247,2847,2849,61411]
[1247,4902,5719,36841]
[1248,1792,1911,25116]
[1248,15548,17220,19773]
[1249,7081,9409,42559]
[1249,8449,13739,25259]
[1250,5134,5975,18190]
[1250,8814,8875,36386]
[1250,17009,40775,64625]
[1251,8099,8541,31239]
[1251,36234,44957,62403]
[1253,11837,20837,31003]
[1254,13079,13161,18711]
[1255,12220,14268,15300]
[1257,11973,13031,36249]
[1258,5658,5661,43542]
[1259,5781,7719,35259]
[1261,1789,6014,46514]
[1265,2831,4081,40975]
[1265,7439,9515,9889]
[1265,13585,14575,32017]
[1267,4717,6675,19758]
[1267,6675,8145,13617]
[1267,6675,19758,62445]
[1267,7742,8142,32690]
[1268,6000,6420,52305]
[1268,26657,27632,31700]
[1269,1521,1551,55601]
[1269,4611,4972,9483]
[1269,14219,17549,22411]
[1270,8585,9775,14039]
[1271,12457,12507,37371]
[1271,24041,24969,50569]
[1272,2160,2650,11715]
[1272,8792,9891,25599]
[1273,2497,2599,22489]
[1273,4991,12505,42535]
[1273,6152,6169,9977]
[1273,7055,7695,56202]
[1273,13483,15111,27321]
[1273,15225,17545,20875]
[1274,7105,11270,60230]
[1274,8582,9195,11830]
[1274,20650,25025,32250]
[1275,1898,3798,24090]
[1275,3654,3910,10730]
[1275,4941,7750,59109]
[1275,6363,6565,15963]
[1276,4925,5120,6524]
[1276,6095,18905,38425]
[1279,22825,23480,36580]
[1280,16328,16470,27475]
[1281,2065,6300,42456]
[1281,4095,4575,13481]
[1281,5369,5616,49959]
[1281,6375,7100,20740]
[1282,6467,20512,60088]
[1283,4125,9375,39615]
[1283,8797,9953,20033]
[1287,23375,23562,39375]
[1289,3081,4329,50271]
[1290,4510,4625,9179]
[1295,5104,8975,24679]
[1295,6355,8225,22239]
[1296,1989,2704,17136]
[1298,2023,2312,20792]
[1300,5280,5577,36300]
[1300,5423,9280,26000]
[1300,8160,8177,8500]
[1302,3782,3843,11718]
[1302,3798,4123,12586]
[1302,14601,15190,27370]
[1303,22903,23267,33277]
[1305,1635,1767,3161]
[1305,16185,16675,21021]
[1306,4726,4774,11101]
[1309,2156,2464,7936]
[1309,2651,2896,10604]
[1309,2900,5684,14000]
[1309,3241,3604,21964]
[1309,10175,10241,22015]
[1309,19184,23936,33136]
[1309,21641,21964,33136]
[1309,26887,28809,35959]
[1309,26950,33605,36125]
[1309,27391,32305,52559]
[1310,39775,41810,43746]
[1311,2625,4675,8611]
[1311,5311,5336,6463]
[1311,9063,23161,37812]
[1312,1411,1763,7939]
[1312,9600,15375,27360]
[1312,22052,28823,38948]
[1313,2145,3105,7605]
[1313,2312,5576,64736]
[1313,2482,5518,36062]
[1313,2775,3030,8190]
[1313,11231,14780,56185]
[1313,18088,20888,64736]
[1313,23075,23230,47450]
[1313,35836,36764,64736]
[1313,36250,47450,64438]
[1314,1521,3729,10439]
[1315,7395,7881,26775]
[1320,5792,6808,17195]
[1321,11419,11429,18331]
[1322,6222,6283,28423]
[1324,3716,8051,13091]
[1324,11024,13091,42484]
[1324,12844,13091,42484]
[1325,24505,26130,39962]
[1326,2425,2535,16065]
[1326,31525,34125,47685]
[1332,5871,23532,52096]
[1332,6291,8832,34484]
[1332,17649,18832,23532]
[1332,19728,20276,25641]
[1335,5353,7275,42453]
[1335,11895,11919,19825]
[1336,25789,29563,31939]
[1337,1859,2366,40166]
[1337,5332,7168,64288]
[1339,14495,15089,20111]
[1340,25984,29465,37700]
[1342,5203,5547,13717]
[1342,37518,38591,65026]
[1343,3521,5457,16643]
[1345,5375,6399,7125]
[1345,17100,21456,23220]
[1347,2425,4230,13470]
[1347,2425,4230,43830]
[1347,2425,13470,43830]
[1348,13100,13775,42125]
[1349,27141,38908,47357]
[1350,2535,2794,9750]
[1351,16199,17081,18721]
[1353,1897,1947,9339]
[1353,7320,7503,7625]
[1353,7320,25728,32800]
[1353,8323,13448,58052]
[1353,9672,13448,15808]
[1353,9879,10285,12045]
[1353,40161,41239,49897]
[1353,56695,56703,65250]
[1356,6344,6771,13221]
[1356,11107,13456,28268]
[1357,1833,1888,51212]
[1357,3703,4071,41241]
[1357,3725,11125,21707]
[1357,13517,16733,63767]
[1359,8241,8321,9471]
[1360,2728,2747,11050]
[1360,6344,7735,25925]
[1360,15580,16133,31775]
[1361,16013,23313,40687]
[1363,3757,4147,4403]
[1363,3757,10387,14993]
[1363,4307,4387,30193]
[1363,5423,6851,8381]
[1363,5675,6940,13760]
[1364,13189,13516,42284]
[1365,11165,12597,47502]
[1367,19693,29318,35758]
[1368,44992,45288,50787]
[1369,9019,12199,24601]
[1371,2204,2332,10396]
[1373,3549,3627,32952]
[1375,3916,7616,8800]
[1375,7137,8235,43425]
[1375,7745,8125,48899]
[1376,5876,5891,19436]
[1378,5662,9842,47633]
[1378,10403,10706,26078]
[1378,21574,27199,50151]
[1379,10696,25216,28024]
[1379,21899,23851,28024]
[1380,9540,13261,15900]
[1381,25069,25531,30382]
[1382,2103,5478,12618]
[1382,37327,38592,62608]
[1383,12810,13258,19642]
[1384,7259,8296,28384]
[1384,10199,10793,33097]
[1384,17309,17371,28261]
[1384,19780,20291,36941]
[1384,21359,50752,60632]
[1387,4047,5781,14421]
[1387,10275,10380,24660]
[1387,11431,14455,27895]
[1387,19925,20075,27895]
[1387,23113,23287,27895]
[1391,1687,2359,43862]
[1391,4559,4753,11834]
[1392,3900,4292,5655]
[1392,22100,32955,59508]
[1394,6350,6355,35785]
[1394,7714,8323,16562]
[1394,9694,16206,55063]
[1394,23617,27167,50881]
[1395,15990,16523,58125]
[1397,19723,19987,29963]
[1402,11198,11603,35847]
[1403,3077,3097,18827]
[1403,10126,19520,29200]
[1403,10777,20724,32904]
[1405,9575,28841,35113]
[1405,35075,36557,37961]
[1407,2682,4280,18568]
[1407,4941,5110,21070]
[1407,28161,32207,49457]
[1409,5000,9641,56425]
[1411,3139,3179,4726]
[1411,8509,12616,19339]
[1411,9699,9911,54839]
[1412,24141,33888,48516]
[1413,5957,15337,40663]
[1413,8667,8673,36223]
[1413,8667,9823,36223]
[1413,22875,25175,44745]
[1413,24723,37229,38931]
[1414,5301,8856,14544]
[1417,2231,2258,9919]
[1417,3263,3626,9919]
[1417,4433,5239,6758]
[1417,5372,6832,38368]
[1417,18392,18857,38927]
[1417,23267,32393,45623]
[1419,8075,8085,25245]
[1419,9589,11223,46107]
[1421,30131,31117,60377]
[1425,2412,7820,17760]
[1425,5148,11280,60260]
[1425,6023,7695,9510]
[1425,17297,29178,39825]
[1426,1885,1976,50024]
[1428,9553,15252,26928]
[1428,40397,41580,47328]
[1430,6490,8437,20650]
[1431,9879,13727,46903]
[1431,25143,25193,39831]
[1435,2254,2829,33925]
[1435,29029,29315,36421]
[1435,29029,29315,39875]
[1435,29029,36421,39875]
[1437,10562,10563,15843]
[1437,17043,17332,35812]
[1441,4301,8096,12604]
[1441,21025,43491,48285]
[1441,24969,31233,64698]
[1442,14442,15487,19933]
[1443,1743,8547,15197]
[1443,4633,4662,60762]
[1443,6307,6993,38493]
[1443,6307,7791,38493]
[1443,14819,24507,55419]
[1443,26877,33411,63869]
[1445,4090,5317,38437]
[1445,17175,17574,39882]
[1447,8475,12105,38985]
[1448,24832,27874,37169]
[1449,2775,4025,9499]
[1449,43524,45136,54684]
[1455,21750,23750,56902]
[1456,3549,4032,8112]
[1456,4880,5950,27755]
[1456,6828,13356,35847]
[1456,23177,28352,34944]
[1457,1540,1568,11900]
[1457,8525,8625,9393]
[1457,8525,8625,51057]
[1457,10205,10207,46943]
[1457,21293,24991,51743]
[1457,47503,49373,64323]
[1460,9200,16425,22484]
[1462,10823,12154,38906]
[1463,15125,16137,41225]
[1464,29624,33912,59553]
[1465,1573,1577,21975]
[1465,6335,7783,61000]
[1465,32825,44137,51875]
[1465,42315,43056,59772]
[1466,4859,8616,36072]
[1466,17014,22591,51389]
[1467,5883,5975,30217]
[1467,5883,6943,11077]
[1467,5883,6943,15873]
[1467,5883,11077,15873]
[1468,3288,5093,6913]
[1468,5363,5572,11072]
[1468,8855,26432,62020]
[1469,3723,8030,15275]
[1469,4669,5537,7917]
[1469,10275,10305,47265]
[1469,13243,15293,41132]
[1469,27875,31075,55965]
[1470,7735,10062,13566]
[1472,45508,45617,46597]
[1473,5247,6527,42277]
[1475,1853,2035,6935]
[1476,23241,23729,45879]
[1479,2425,9135,35700]
[1479,3204,4988,18204]
[1480,3965,6968,18056]
[1481,5394,5481,13329]
[1481,27625,29620,58825]
[1482,25517,25688,36088]
[1484,8959,9449,17119]
[1484,16709,17613,18291]
[1487,8593,14941,25021]
[1488,9831,15312,33856]
[1489,3161,3801,13401]
[1492,5920,7733,13300]
[1493,15645,19125,32118]
[1493,16408,29720,46880]
[1493,22657,23471,28207]
[1496,6253,7072,16872]
[1496,11524,12129,25149]
[1496,16116,17019,27081]
[1496,23749,33496,46376]
[1500,3115,3204,5760]
[1500,6560,6596,35875]
[1500,6596,7275,7740]
[1500,7527,15440,55900]
[1501,29711,29932,35848]
[1503,18333,20769,33761]
[1503,36297,36804,42401]
[1507,2750,4030,47950]
[1507,4125,4380,6165]
[1507,8132,8768,34268]
[1508,2425,4420,30160]
[1508,4225,5092,13520]
[1508,8733,11232,14268]
[1513,2150,2185,12265]
[1513,2150,2225,12265]
[1513,4439,4539,5211]
[1513,6119,7106,14062]
[1513,6474,8688,15912]
[1513,6665,6675,21165]
[1513,7384,15912,50016]
[1513,7831,8569,15931]
[1513,9911,10261,11339]
[1513,11773,14282,21182]
[1515,6955,7125,11817]
[1515,8825,9765,24357]
[1517,2067,4797,9063]
[1517,3379,3404,9592]
[1517,3397,3565,17005]
[1517,5017,9063,14233]
[1517,5567,5587,12013]
[1517,10323,11767,28823]
[1518,1845,4368,12200]
[1518,6061,6432,22968]
[1519,27300,37856,45200]
[1521,2511,2604,5239]
[1521,5129,5239,12169]
[1521,9135,20475,29029]
[1521,9639,13104,20111]
[1521,16401,18928,54257]
[1521,18564,18928,35868]
[1521,22041,24505,33465]
[1522,2103,2967,18927]
[1525,3956,4000,45140]
[1525,4000,4085,22411]
[1525,5251,5320,11125]
[1525,6322,7453,33245]
[1526,2101,2104,7144]
[1526,12314,17331,21594]
[1527,26775,27285,52427]
[1529,6409,16588,34408]
[1529,14279,14298,17679]
[1530,3485,3654,37638]
[1530,6375,16426,17850]
[1530,12210,13209,54575]
[1530,21195,25850,48042]
[1530,49270,53703,59850]
[1533,5340,7300,50908]
[1533,10388,27156,37296]
[1533,21672,23453,26467]
[1534,11921,12519,20569]
[1535,5495,6386,11775]
[1535,6540,6825,12183]
[1537,3175,3335,37895]
[1537,4588,4876,47212]
[1537,4988,7708,24592]
[1537,6365,10063,18865]
[1537,7332,7872,46428]
[1539,6336,11461,14331]
[1540,3725,6556,31900]
[1540,28405,30101,54275]
[1541,13509,20131,22826]
[1541,15725,17765,30500]
[1542,8325,10280,22792]
[1542,10902,10951,20311]
[1545,2910,2914,4002]
[1546,14195,17779,53075]
[1547,3925,4745,34697]
[1547,5597,24157,43043]
[1547,5740,6240,13428]
[1547,15272,18088,51968]
[1548,21147,21200,24020]
[1551,2726,3384,23664]
[1551,7025,8275,44051]
[1551,8207,13825,16435]
[1552,5252,7439,45323]
[1555,19375,32767,42625]
[1556,4801,6132,57612]
[1557,16107,18338,51987]
[1558,4717,4838,26522]
[1558,5757,6363,51813]
[1558,8402,12603,31203]
[1560,6105,7400,31144]
[1560,34320,38041,46813]
[1561,3839,6631,15844]
[1562,1653,5283,9483]
[1562,7178,11803,14938]
[1562,9238,14567,54607]
[1564,9020,9061,18020]
[1564,11288,11339,20539]
[1564,13724,13731,19044]
[1566,16218,16907,18207]
[1566,17934,29841,56791]
[1566,19941,20184,50864]
[1570,2097,2128,9320]
[1573,5448,5805,44973]
[1573,9119,22594,31502]
[1573,16907,16949,31691]
[1574,4886,4906,10819]
[1575,3783,5005,50925]
[1575,4060,4176,23940]
[1575,4641,5185,16575]
[1575,6150,8673,18655]
[1576,6856,13483,30682]
[1576,10549,16096,48856]
[1576,17009,20504,20896]
[1577,11671,11877,37627]
[1580,11125,16672,35600]
[1580,31225,35600,64948]
[1581,3443,3519,27231]
[1581,9610,11594,40390]
[1581,53661,60829,65379]
[1582,2443,2792,3472]
[1584,7313,7488,48816]
[1586,1739,1891,5291]
[1587,3887,9361,40913]
[1587,4947,5217,5633]
[1588,6448,7657,12307]
[1591,3887,3913,41366]
[1591,19166,23569,38801]
[1591,26899,43363,60643]
[1595,8827,8845,10573]
[1596,3104,5301,22116]
[1598,10750,15895,21250]
[1598,20750,21250,29825]
[1599,15169,15747,30627]
[1603,8308,9149,36869]
[1607,29138,29697,48703]
[1610,11130,12075,21942]
[1612,3680,3887,25300]
[1612,7579,8480,29900]
[1614,4466,5649,8526]
[1614,6086,6307,43639]
[1615,14225,33299,48365]
[1616,14196,22932,46137]
[1618,19415,19600,19768]
[1618,22562,23461,28514]
[1621,13724,15088,51872]
[1623,6903,7981,13261]
[1624,2976,3069,5394]
[1624,4352,5474,8323]
[1624,6601,13079,28721]
[1624,19616,20229,22504]
[1625,2669,3094,20410]
[1625,4369,10030,14575]
[1625,4539,7735,20425]
[1625,6647,7735,20425]
[1625,6647,18122,20230]
[1625,7582,7943,43225]
[1625,9310,12065,35321]
[1625,14715,15403,23125]
[1625,18241,20050,24505]
[1625,25619,31510,43550]
[1629,26269,30629,43621]
[1630,26585,29575,29857]
[1631,2625,6960,31455]
[1631,5537,7119,13281]
[1631,7521,8451,57951]
[1631,10897,11594,37178]
[1631,12733,15844,33656]
[1633,4370,4608,11408]
[1633,8437,8492,17688]
[1633,10873,11834,30194]
[1633,13225,14145,35905]
[1635,20115,23635,48723]
[1636,2329,9316,50716]
[1638,4950,8470,15015]
[1638,26871,34138,34662]
[1639,12369,16986,24111]
[1640,3400,3485,3562]
[1640,34176,34200,54735]
[1643,12775,17225,19895]
[1643,33847,42347,63893]
[1645,3625,3811,11875]
[1647,10995,24922,53130]
[1648,3104,4171,50246]
[1648,3392,3497,9328]
[1649,2041,2223,10833]
[1649,6693,7857,14193]
[1649,14151,21624,39249]
[1651,8051,11661,13091]
[1653,4747,4773,20217]
[1653,6138,13717,14883]
[1653,6460,6960,39900]
[1653,20278,23403,42723]
[1653,23779,29397,53547]
[1655,17272,18953,41905]
[1656,4469,11336,38776]
[1658,9002,35647,38522]
[1658,13302,14922,29547]
[1659,2009,2091,6741]
[1659,3016,3384,26568]
[1659,7685,7791,25935]
[1661,8349,9207,29097]
[1661,14999,16214,33374]
[1662,27237,44098,59278]
[1663,2537,3378,31098]
[1664,22960,30275,45136]
[1669,9061,21697,28577]
[1670,3370,3475,10097]
[1670,14315,17512,42536]
[1670,36445,36957,62339]
[1672,24672,28728,43947]
[1675,2695,4747,6539]
[1677,5453,5499,6396]
[1677,7661,11505,55185]
[1679,3289,3358,19418]
[1679,3289,6097,19418]
[1679,5746,7566,24674]
[1679,5746,8177,38471]
[1679,8177,8671,62123]
[1680,18840,23550,28249]
[1681,11761,11773,21853]
[1681,23569,31265,46369]
[1682,1967,3074,9554]
[1682,5014,6239,24389]
[1682,23693,26187,34443]
[1684,6731,6736,46336]
[1687,6692,8687,11567]
[1688,4747,4867,12733]
[1688,16160,17675,50840]
[1689,4125,5170,30250]
[1690,2279,2650,3146]
[1690,8323,9802,14950]
[1690,18275,20475,28101]
[1691,6409,6773,20213]
[1691,10469,12673,20213]
[1692,2091,3740,9840]
[1692,5875,8917,15275]
[1693,13091,22009,25241]
[1696,2512,2529,13188]
[1696,8164,8321,11804]
[1696,22216,22472,27707]
[1700,3295,3332,5696]
[1700,3999,5175,9345]
[1700,5671,7420,18496]
[1700,8484,8585,21284]
[1703,16900,17020,18928]
[1706,6214,7831,11089]
[1707,4437,4611,16501]
[1707,5643,6042,21622]
[1707,10261,10989,15786]
[1708,13108,19967,29524]
[1708,40400,42100,43733]
[1709,4717,5459,22217]
[1711,3763,6063,11537]
[1711,8207,9425,17840]
[1711,11951,12369,25669]
[1711,11951,12383,45917]
[1715,5017,9715,38925]
[1717,2492,4444,24208]
[1717,2938,3926,22826]
[1717,4277,5831,9191]
[1717,6837,8109,11211]
[1717,7733,8908,11211]
[1717,10933,11803,39353]
[1721,13593,13596,52071]
[1722,14547,15288,20888]
[1725,2440,3000,5856]
[1725,6570,10074,12650]
[1727,5115,5148,47100]
[1729,2028,2079,10647]
[1729,2125,2275,47005]
[1729,11647,13496,24871]
[1729,11951,14911,56639]
[1729,17186,20384,37016]
[1730,26235,27000,30528]
[1731,3285,10965,12694]
[1733,2929,3596,41592]
[1734,36666,37281,42874]
[1736,8756,8873,15893]
[1738,7298,9307,14507]
[1738,25982,32637,37863]
[1739,3125,3811,23125]
[1740,7956,8500,12675]
[1741,5035,5459,17410]
[1742,2317,2398,17118]
[1742,2983,4082,7218]
[1743,8625,9975,12593]
[1744,6784,7631,12034]
[1744,35115,37456,61760]
[1745,3689,4886,5950]
[1745,12815,13393,35558]
[1748,5083,7072,8372]
[1749,20075,33165,44640]
[1750,4334,5075,6895]
[1751,3401,3995,26299]
[1751,4189,9065,42455]
[1752,3480,3723,10730]
[1752,10400,12045,32370]
[1754,9125,9179,12325]
[1760,7420,7579,14212]
[1763,9937,10730,49538]
[1763,13923,15057,37107]
[1764,8676,19551,47236]
[1767,2097,2108,43028]
[1767,3417,3472,8463]
[1767,4959,6808,18183]
[1767,11077,11176,24244]
[1768,3131,5656,8032]
[1768,3875,3965,60125]
[1768,4117,4264,49504]
[1769,3287,20587,40919]
[1769,5271,5481,62769]
[1771,3604,4876,29716]
[1771,4309,4403,17892]
[1771,4807,6118,20482]
[1773,32853,33196,45901]
[1775,5141,9275,15035]
[1777,4785,5873,9715]
[1781,4060,7600,20956]
[1781,4669,8099,27811]
[1781,5225,13015,55081]
[1781,11339,12733,46717]
[1782,1845,1968,20600]
[1784,7328,8659,19241]
[1784,14024,14553,23002]
[1785,6201,6625,18785]
[1785,6625,7208,28900]
[1785,18425,19113,23715]
[1786,8177,11248,23864]
[1787,3092,5901,9229]
[1787,37317,37381,37759]
[1791,18369,18611,42861]
[1792,7328,8651,42136]
[1793,4187,6187,16043]
[1793,34943,36542,48697]
[1796,4000,4700,11225]
[1798,3242,3647,29178]
[1798,47545,47802,57350]
[1799,3591,5643,61047]
[1799,6650,11455,48895]
[1799,11564,19532,41888]
[1800,4640,4698,14841]
[1801,2755,3245,9005]
[1801,5129,5161,13361]
[1802,2167,7208,26792]
[1802,4633,4922,11978]
[1802,5114,6986,28127]
[1802,7878,8109,11211]
[1804,9760,10004,19885]
[1805,10868,11180,13300]
[1807,8750,11375,12985]
[1808,2252,2373,16692]
[1808,3808,3842,12833]
[1808,6592,6862,15853]
[1808,16172,17236,21131]
[1808,17765,17792,27200]
[1813,8149,20513,39701]
[1815,9999,10185,44440]
[1818,5406,5757,6307]
[1819,14231,20009,63529]
[1820,6815,6844,7600]
[1824,2523,3552,7424]
[1824,5576,8721,18696]
[1824,9860,10251,13485]
[1825,6235,6351,10575]
[1825,9191,9220,58984]
[1825,11419,11500,24744]
[1825,11419,15515,29915]
[1826,16750,16885,26125]
[1827,2727,2793,20503]
[1827,20923,25317,34587]
[1828,15904,20597,48703]
[1830,2369,2544,8256]
[1832,18356,18993,36869]
[1836,4059,6068,9792]
[1837,4897,5267,5933]
[1840,3556,5019,40131]
[1840,10400,10465,31372]
[1840,13280,13289,16978]
[1843,8517,9531,34629]
[1843,8687,9409,42559]
[1843,13777,13848,29468]
[1843,19227,20358,25317]
[1846,4303,7471,22321]
[1847,11605,15303,50247]
[1849,21209,39997,57443]
[1850,1958,2035,22517]
[1850,2938,4230,9455]
[1850,4025,5375,18817]
[1850,6358,6655,9350]
[1850,6358,6655,15895]
[1850,7467,9990,65430]
[1850,7786,7955,13510]
[1850,7946,11375,25345]
[1850,13694,21275,28495]
[1850,17411,17720,60560]
[1850,20470,21275,22517]
[1851,2349,2523,4876]
[1853,4625,6205,19075]
[1853,7163,15587,32538]
[1853,7282,8094,20274]
[1853,7514,10472,11336]
[1853,9028,16592,18748]
[1853,11303,13031,59353]
[1853,18019,28231,59353]
[1853,23875,24525,55335]
[1854,17298,18327,33277]
[1855,6175,6307,35875]
[1855,15561,32489,49175]
[1856,24592,30083,52142]
[1857,3302,3558,37158]
[1859,2109,2541,15873]
[1859,3139,3861,33891]
[1859,5317,5616,17484]
[1859,8437,8866,58166]
[1859,10959,11336,13604]
[1861,15611,15639,49911]
[1862,24625,39400,55000]
[1864,3712,3713,13514]
[1864,7289,7352,14912]
[1865,4196,9271,26225]
[1865,4823,8827,18277]
[1867,28999,29620,32480]
[1869,3411,5567,7743]
[1870,3125,3128,20000]
[1870,10366,13175,16066]
[1871,7786,8598,11818]
[1872,6424,7801,12922]
[1872,10353,10897,22503]
[1872,26280,26845,31350]
[1875,2107,2118,34875]
[1875,6061,9625,55165]
[1875,8190,10325,54579]
[1875,10059,10280,55500]
[1879,20009,26246,56991]
[1880,7480,11125,35369]
[1881,11475,13330,44070]
[1881,18009,19437,51623]
[1883,11277,14526,42021]
[1885,8925,12789,35490]
[1887,6936,8288,30464]
[1887,7263,10693,11567]
[1888,4352,4484,19411]
[1888,11400,11970,13737]
[1891,2717,2759,24583]
[1891,3619,5359,20381]
[1891,10947,12259,36134]
[1892,3939,4836,10908]
[1893,12827,14508,61533]
[1893,14053,22428,48357]
[1897,24447,26593,27538]
[1898,5550,5655,40515]
[1898,8322,8541,47151]
[1898,9350,9373,23725]
[1899,11051,14381,51146]
[1900,21907,23060,34400]
[1903,3128,3193,11513]
[1903,3128,5536,20672]
[1903,4697,4712,11407]
[1903,4719,5265,28545]
[1903,7377,8401,18509]
[1903,10472,12512,23528]
[1903,14703,15051,57681]
[1903,22695,30225,44322]
[1904,2496,2499,6384]
[1904,3180,3604,14225]
[1904,9964,9977,40567]
[1904,13000,14225,26690]
[1906,28194,31449,40626]
[1908,37629,49396,58608]
[1909,44875,47541,59409]
[1911,3787,3913,15689]
[1911,4081,4329,18921]
[1911,5607,15689,35511]
[1911,7630,8175,17745]
[1911,11753,11997,50589]
[1911,15249,16464,33124]
[1912,21463,22737,65169]
[1914,9831,10527,53537]
[1914,11781,12586,17094]
[1917,3570,4942,11550]
[1919,14911,17347,37183]
[1920,3960,4321,7800]
[1921,10553,20679,33354]
[1921,11554,17384,41584]
[1922,8082,12123,24723]
[1923,15363,26887,44173]
[1923,22101,24124,33973]
[1924,16099,27824,46852]
[1925,2117,2233,39655]
[1925,4699,5375,11999]
[1925,17157,18755,42020]
[1925,18942,26235,46125]
[1926,34374,45849,51898]
[1927,4807,5073,56943]
[1927,4807,5177,7693]
[1927,5383,6109,31529]
[1927,7667,8323,33667]
[1927,7667,17917,33667]
[1927,12773,14023,50041]
[1928,8772,8917,15617]
[1934,12450,13125,19890]
[1935,2650,2826,14310]
[1937,7163,8178,11622]
[1937,15379,15520,22100]
[1937,15500,15520,22100]
[1937,19987,29392,55308]
[1938,2562,2926,8113]
[1940,5075,7308,28560]
[1940,6783,7308,28560]
[1943,2943,4833,51678]
[1943,21655,22345,46655]
[1945,4015,4199,12775]
[1945,11375,12775,51737]
[1946,5565,6435,51675]
[1946,13250,13395,51675]
[1952,4692,12997,25228]
[1952,10928,19190,20675]
[1953,2067,2093,12243]
[1953,4257,7007,12243]
[1953,4575,4697,41055]
[1953,6419,6622,14722]
[1955,2941,2975,23009]
[1955,6167,7225,48455]
[1955,15293,15920,54205]
[1955,20545,24045,50029]
[1957,10693,15067,43928]
[1957,10693,18207,26943]
[1957,12325,16957,43645]
[1957,41108,41261,44589]
[1958,12122,13083,17622]
[1959,31191,31655,50009]
[1961,3625,6875,7685]
[1961,4089,4551,6201]
[1961,4329,5291,17641]
[1961,4411,4439,9367]
[1961,5289,5291,15211]
[1961,15238,15688,35288]
[1961,30825,36305,51985]
[1961,34383,36567,55014]
[1962,23322,27683,36842]
[1965,6739,7011,33939]
[1967,2993,3091,16851]
[1967,10647,13158,45522]
[1967,16303,16851,23919]
[1968,12132,13817,29028]
[1968,42400,42435,47382]
[1969,5681,5687,9944]
[1969,5681,5719,8113]
[1971,8109,8319,42431]
[1971,13770,14454,20230]
[1972,4403,5453,7021]
[1972,8792,13659,23851]
[1972,11305,12180,47600]
[1972,23788,26605,35380]
[1974,36701,41949,44163]
[1975,10373,10375,37127]
[1975,13909,21830,61870]
[1975,25803,27180,39528]
[1977,11623,11803,25403]
[1982,5578,7427,16623]
[1982,7225,9785,53465]
[1984,30752,32116,48209]
[1985,3525,3573,4875]
[1987,10963,11238,35262]
[1989,2331,2405,2715]
[1989,2941,3114,11934]
[1989,4074,4182,20758]
[1989,4773,8177,22161]
[1989,6789,6929,48399]
[1989,6789,15301,48399]
[1989,14661,26299,50499]
[1989,21825,34875,46789]
[1991,2873,3077,6409]
[1991,5137,13937,27938]
[1991,11225,15709,62525]
[1992,2125,2355,21675]
[1995,8885,22575,37317]
[1995,19610,19875,59211]
[1996,23920,33325,51375]
[1998,5247,5362,19662]
[1998,26562,26563,55123]
[2000,3016,3225,11310]
[2001,4199,5046,57681]
[2001,4369,5916,22359]
[2001,6161,6969,37881]
[2001,13140,24249,50735]
[2001,24751,28449,48285]
[2001,36783,37149,42401]
[2002,4994,5394,5577]
[2002,28598,31243,35247]
[2004,18328,19021,30721]
[2004,22496,22671,26196]
[2005,4557,4650,37293]
[2005,13975,14774,62338]
[2007,13668,13888,50848]
[2008,12383,12617,26657]
[2009,2807,3609,16359]
[2009,3143,3157,19307]
[2009,16821,28917,45387]
[2009,17493,25707,40341]
[2013,3875,4575,10125]
[2015,2695,3289,22550]
[2015,5795,6175,26657]
[2015,5984,6409,31265]
[2016,3000,4225,18870]
[2016,5264,8514,12141]
[2017,2862,4544,59984]
[2018,21037,24216,36624]
[2021,3451,3479,15799]
[2021,7771,8071,34279]
[2022,4453,6118,13862]
[2023,3125,3502,21250]
[2023,4553,4727,34697]
[2023,4633,4753,13447]
[2023,4633,6441,20009]
[2023,4633,10251,20009]
[2023,6041,6441,34391]
[2023,6375,6545,8750]
[2023,7052,7072,16468]
[2023,7535,22673,47950]
[2023,7973,10251,15477]
[2023,9849,10251,15477]
[2023,11417,13583,27727]
[2023,12985,13923,22525]
[2023,15725,16102,21250]
[2023,17402,31647,63393]
[2023,42777,42921,44523]
[2024,32775,44551,64025]
[2026,14606,18155,29915]
[2029,4929,5071,60593]
[2029,30101,30739,42861]
[2030,9102,11655,28077]
[2030,9425,10258,41470]
[2030,9735,10137,46719]
[2030,9850,11655,39991]
[2030,16330,17825,26197]
[2031,9222,9478,11194]
[2032,13736,17289,28482]
[2033,2475,2880,45720]
[2033,3475,7183,8625]
[2033,34177,43586,64106]
[2035,5389,5661,14775]
[2035,6375,7854,61050]
[2035,7429,7854,61050]
[2035,10675,11285,17173]
[2037,31365,37490,43350]
[2037,50337,52338,62662]
[2040,2080,2125,10504]
[2040,2745,2873,4575]
[2040,26845,30816,42432]
[2041,2489,4239,10959]
[2041,3707,3735,30615]
[2041,3741,4686,12246]
[2041,3741,4686,41646]
[2041,5915,5966,14534]
[2041,13975,14534,40850]
[2041,17273,19209,34441]
[2043,9177,11036,22256]
[2044,8281,10304,15184]
[2044,9324,10449,13419]
[2045,3005,10225,61903]
[2047,4427,6363,12837]
[2047,12673,14763,22287]
[2047,32637,32922,52578]
[2050,4255,4577,23575]
[2050,6586,11075,16465]
[2051,6230,9376,30800]
[2054,11921,12136,63544]
[2055,24805,24924,46680]
[2057,4147,11661,16269]
[2059,2990,3016,22240]
[2059,5579,5744,16531]
[2059,17675,43935,45765]
[2061,6354,7102,9618]
[2061,8851,9918,21267]
[2061,18414,30738,47314]
[2066,25978,26909,60947]
[2067,2583,4823,63273]
[2067,3443,3519,30879]
[2067,4257,12243,64493]
[2067,10283,11187,17172]
[2067,11475,12725,54795]
[2070,12175,12679,17593]
[2071,5321,5371,5915]
[2071,35351,35929,52649]
[2072,2400,2405,7400]
[2072,7440,8547,23310]
[2072,23912,38553,46662]
[2074,2714,3094,6919]
[2075,3021,4770,26085]
[2075,3021,4965,26085]
[2077,34410,34875,48285]
[2086,17050,17395,26075]
[2086,17050,17395,39130]
[2088,11079,13288,16704]
[2088,13281,13288,54056]
[2090,4455,5177,26471]
[2090,15665,16400,53984]
[2091,2375,2665,15895]
[2091,3179,4257,15147]
[2091,3573,3927,7991]
[2091,4181,4797,5763]
[2091,5909,6573,8118]
[2091,24969,27511,34889]
[2093,2701,6643,22274]
[2093,3075,4290,57318]
[2093,3857,3887,23023]
[2093,5222,6552,8952]
[2093,5684,6032,11284]
[2093,10010,12243,14157]
[2093,19852,20352,34032]
[2093,22126,22274,54418]
[2096,15543,20304,61632]
[2097,3489,3953,42639]
[2097,31365,37740,65240]
[2100,6111,6305,14775]
[2100,6188,6305,22100]
[2100,6364,6405,44289]
[2100,6800,12852,44625]
[2100,48399,53105,57305]
[2101,17051,18080,33524]
[2101,32045,33524,52676]
[2106,3750,4485,34375]
[2107,4515,5418,12765]
[2108,27625,28860,61200]
[2109,6102,7152,33448]
[2109,10150,19005,58275]
[2109,15561,15827,37037]
[2112,15640,21663,38250]
[2113,27511,46486,65087]
[2114,17261,17549,20629]
[2115,27252,27525,41635]
[2117,2212,2277,8773]
[2117,2491,2555,7685]
[2117,3525,4845,13755]
[2117,6625,6842,9650]
[2117,7752,8928,22272]
[2117,8764,10208,58692]
[2117,9169,10933,27083]
[2119,15024,20263,52897]
[2121,8439,9517,49773]
[2121,12300,21804,51500]
[2121,26721,30401,41566]
[2123,2717,7334,19019]
[2123,5734,5798,7334]
[2123,5941,6541,26827]
[2123,13067,15433,55627]
[2125,3277,4165,49300]
[2125,3706,5555,59245]
[2125,7885,7957,18125]
[2125,10419,10925,17756]
[2125,12617,14467,47875]
[2125,16523,28730,49075]
[2125,23069,23120,31220]
[2128,6188,6253,40937]
[2132,16048,18316,35711]
[2132,16432,16523,36613]
[2132,38413,42389,57579]
[2134,2871,9504,14616]
[2134,13294,13583,18533]
[2139,9509,9653,17023]
[2141,22609,23359,26689]
[2142,15850,20655,31383]
[2145,3080,3575,19721]
[2147,4028,4123,41923]
[2147,4275,5085,17955]
[2147,6557,6897,23693]
[2147,10526,10528,43472]
[2149,2989,6256,20069]
[2151,8937,9113,10137]
[2152,4272,19313,26362]
[2152,38812,39401,47771]
[2155,5125,6250,17618]
[2155,8770,13333,25675]
[2156,6216,7161,22011]
[2158,31682,35113,36562]
[2160,57495,57856,61328]
[2165,5017,6583,10825]
[2165,50615,53573,60475]
[2167,5321,9471,20658]
[2167,7081,8525,13805]
[2169,4446,4929,38081]
[2169,8569,11609,36271]
[2169,8569,15129,19521]
[2171,7139,7267,32227]
[2171,19375,21125,50245]
[2171,21827,21854,26546]
[2171,31621,43771,63427]
[2173,3723,4182,18603]
[2173,4526,5248,30952]
[2173,6773,8957,22403]
[2173,8383,8959,15169]
[2173,8788,8901,10309]
[2173,25277,25543,58247]
[2174,19939,20992,32432]
[2175,3033,5945,10110]
[2175,4095,4097,5655]
[2175,5185,5307,9435]
[2175,5185,6039,11625]
[2175,5185,6039,22185]
[2175,8745,15370,26542]
[2175,10541,16625,31759]
[2175,15167,15370,65095]
[2175,23903,24470,57230]
[2176,5424,5538,20301]
[2179,16543,22120,59300]
[2183,3053,3107,23843]
[2183,5396,5767,33433]
[2183,7799,7801,26233]
[2185,4055,6603,47787]
[2185,6180,8016,8100]
[2185,16535,16600,24727]
[2185,19825,22310,36478]
[2189,32209,32307,42867]
[2191,3725,4400,6884]
[2191,7567,7809,23409]
[2191,32591,32809,56966]
[2191,32591,34989,36621]
[2192,8393,8768,13808]
[2192,23108,32155,43292]
[2192,23108,32155,58300]
[2192,23808,28633,53392]
[2193,3393,3887,5423]
[2193,11009,21359,43409]
[2196,8840,14965,19825]
[2196,17745,19825,44679]
[2197,5453,7238,16562]
[2197,10153,24167,53273]
[2197,21827,21860,61685]
[2198,10375,10745,38465]
[2198,16498,17983,44387]
[2200,9760,10121,12200]
[2200,18860,24827,53251]
[2204,2512,2812,15979]
[2204,4033,4292,12608]
[2205,10845,18075,30053]
[2210,3038,4165,16562]
[2210,4138,4165,46163]
[2210,12595,19694,34450]
[2211,7475,11661,58995]
[2211,10205,11661,18675]
[2212,2639,2912,25636]
[2213,18073,22154,48686]
[2214,3285,4611,11275]
[2215,6965,7285,20683]
[2215,18777,25875,42675]
[2218,3578,3590,8945]
[2219,8797,8875,11605]
[2219,8869,10794,11470]
[2219,19561,22344,25564]
[2220,5300,5676,7155]
[2220,9000,11825,14763]
[2220,28305,33337,61625]
[2221,8339,8471,32339]
[2222,4029,5797,12221]
[2222,16287,16383,26967]
[2224,28576,35506,57671]
[2225,3352,3375,22695]
[2225,12265,16600,46903]
[2227,17590,23477,59725]
[2228,13837,14933,17267]
[2231,14331,26486,54514]
[2231,15281,21534,29609]
[2233,4018,4865,5945]
[2233,4551,4599,22533]
[2233,8217,9548,20377]
[2233,8967,10527,42273]
[2233,19097,22939,46501]
[2235,6239,31110,61686]
[2235,6697,8928,10860]
[2236,5239,6080,12064]
[2236,6989,10556,42416]
[2238,2641,2984,28688]
[2238,10242,11074,34279]
[2242,26011,29008,54264]
[2244,4416,4453,22372]
[2244,4581,4828,24432]
[2244,5481,7644,15428]
[2244,13031,34884,58404]
[2244,33337,34119,55719]
[2245,8680,15539,19725]
[2248,10168,10234,11521]
[2248,14384,16298,18377]
[2249,10621,24339,46189]
[2254,12046,12121,15410]
[2255,4375,5225,9922]
[2255,10140,36036,46992]
[2255,16465,21073,62033]
[2257,7535,7825,8357]
[2257,7535,7825,9275]
[2257,7535,8357,9275]
[2257,9425,9455,13585]
[2257,12233,13481,34336]
[2257,13286,19418,37814]
[2257,18907,19418,37814]
[2258,7847,7903,12383]
[2258,15470,15725,29783]
[2259,42579,45267,51557]
[2260,34075,36499,63365]
[2261,2993,4161,11457]
[2261,9114,11517,33411]
[2261,10731,10773,11457]
[2261,12616,15232,45752]
[2261,22474,25347,41643]
[2262,4913,7722,29478]
[2263,11543,11753,29197]
[2263,13547,16492,18392]
[2268,4563,4732,39312]
[2271,7711,7837,13507]
[2272,9928,13832,47107]
[2272,16752,16772,33853]
[2273,18527,19043,35297]
[2275,2486,2555,60515]
[2275,3485,3731,6125]
[2275,3485,3731,7735]
[2275,5795,9821,22295]
[2275,6820,6916,57820]
[2275,9898,13000,56560]
[2275,10030,13000,53176]
[2275,14685,15561,24297]
[2275,15325,24605,55783]
[2275,17503,17875,64685]
[2277,5133,5819,58949]
[2277,8580,8877,32045]
[2277,13797,13938,40963]
[2278,4553,7888,35168]
[2278,20569,20703,60897]
[2279,13871,16999,41241]
[2279,14819,17885,53795]
[2279,16675,17885,53795]
[2279,17437,17885,53795]
[2279,27993,30996,51471]
[2281,2471,2570,22810]
[2285,5005,10054,34925]
[2285,18785,18840,38448]
[2289,4361,5481,58206]
[2289,5446,5487,10503]
[2289,10614,10682,35014]
[2289,21137,23436,53361]
[2290,5083,8350,51442]
[2291,4891,6061,58029]
[2291,6666,6984,22272]
[2291,15304,15381,37931]
[2293,8075,9845,47680]
[2295,4500,5104,40800]
[2297,2871,5778,41346]
[2299,19877,20801,55199]
[2299,22011,22701,46299]
[2299,32153,34340,47080]
[2300,10373,13325,57523]
[2300,11385,13248,16740]
[2301,4321,7446,25926]
[2301,8381,8619,25926]
[2301,19549,20241,58191]
[2301,19549,21411,22836]
[2303,5068,6697,20447]
[2303,5887,6697,16863]
[2303,10439,12103,44786]
[2303,33117,34111,48959]
[2307,8957,9853,44278]
[2307,28157,38497,55597]
[2310,9850,13002,45375]
[2311,4313,4336,16089]
[2312,5280,8712,14025]
[2312,10432,10693,34937]
[2312,14012,14025,20213]
[2312,14012,14705,35037]
[2313,7462,7488,55512]
[2314,8450,8455,20111]
[2316,5104,5597,19988]
[2317,12173,12403,41003]
[2318,4143,4527,37287]
[2319,11889,12121,64729]
[2320,2460,2581,16900]
[2320,4732,8668,16055]
[2320,4732,9425,16900]
[2320,22232,22570,29775]
[2323,32396,32752,40204]
[2325,2923,3885,45450]
[2325,4814,6750,10290]
[2325,10557,31970,48875]
[2328,16236,22011,43747]
[2329,16046,20001,57951]
[2329,16463,22321,65212]
[2331,21021,24581,43771]
[2332,5928,6049,14309]
[2332,9568,15847,51428]
[2332,17632,21197,57233]
[2336,17384,20951,34874]
[2336,24600,25461,27375]
[2337,6357,6897,34447]
[2337,18437,19633,46543]
[2343,6123,6908,22308]
[2343,34727,37023,42273]
[2345,3895,4532,19625]
[2345,21353,22747,46953]
[2346,3009,4543,29087]
[2346,28034,29087,61523]
[2349,26901,28341,33611]
[2350,23273,23375,48655]
[2353,3478,11222,18278]
[2353,5355,8645,31675]
[2353,8184,9528,16416]
[2354,6527,9202,11102]
[2354,10439,13618,36062]
[2354,15521,15664,46944]
[2354,17250,17985,56265]
[2356,11856,12369,14508]
[2356,15145,31980,62444]
[2356,23956,24521,46004]
[2358,7038,13629,21679]
[2359,15113,16137,19209]
[2359,15351,17187,42147]
[2359,24817,56791,61334]
[2361,36276,36281,43431]
[2363,2587,2678,11973]
[2363,7493,12449,32981]
[2364,18837,19236,45136]
[2366,5270,8645,60809]
[2366,6874,7171,15379]
[2366,8306,34814,53989]
[2368,6064,7714,21689]
[2373,4439,4539,19323]
[2373,10277,10783,35263]
[2375,3059,3325,29309]
[2375,4697,4935,50750]
[2375,10759,22855,29309]
[2375,18937,22855,39875]
[2375,19601,22274,57650]
[2377,16471,55748,59696]
[2377,17225,17227,28885]
[2378,3322,3402,3567]
[2378,7866,8091,36234]
[2379,15029,22509,57291]
[2379,17515,20679,51129]
[2379,18871,20679,51129]
[2379,33291,33293,50142]
[2379,40587,41021,46787]
[2382,12238,32706,46629]
[2384,14784,15741,19668]
[2385,6545,6831,42075]
[2385,7170,7950,12994]
[2385,10386,11289,14425]
[2387,2805,3213,17850]
[2387,2805,6930,17850]
[2387,5203,8091,13299]
[2387,13447,14012,29512]
[2387,14893,19703,24253]
[2387,21175,23005,34595]
[2392,3225,5280,11160]
[2392,3327,3328,8872]
[2392,56992,57013,58088]
[2397,4559,4653,4947]
[2398,5467,6853,19803]
[2398,7502,8393,12978]
[2400,23080,23850,29427]
[2403,2520,4325,10947]
[2403,4788,11837,58653]
[2403,4797,5577,29783]
[2403,11997,16093,29337]
[2403,21708,26208,38528]
[2403,29925,32485,35685]
[2405,17125,17197,44525]
[2405,33932,35668,44720]
[2406,3131,3141,8421]
[2409,4500,4745,8175]
[2413,7597,7847,49837]
[2413,13015,13862,17138]
[2414,10114,14393,35139]
[2415,3825,4165,4389]
[2415,3825,4165,37947]
[2415,4284,4416,39100]
[2415,4625,4761,32913]
[2418,4321,4329,44457]
[2419,10906,14632,58056]
[2419,12296,12704,55544]
[2420,6760,7163,54899]
[2423,3242,21744,38904]
[2424,34384,34398,48783]
[2425,2651,2695,13255]
[2425,3161,10875,16005]
[2425,4747,5335,11095]
[2425,10823,10835,64135]
[2425,14756,22780,31040]
[2425,15207,16005,23643]
[2425,18252,20020,40352]
[2427,4611,6148,42877]
[2429,4795,13700,49021]
[2431,2849,3003,22533]
[2431,4257,4293,11781]
[2431,4697,8281,12628]
[2431,10527,11781,19227]
[2435,17625,27000,60516]
[2435,25215,27000,60516]
[2436,3157,3805,41245]
[2436,4025,4380,46980]
[2436,14196,17745,30325]
[2437,8827,17059,43771]
[2438,9775,10070,24150]
[2439,3154,4288,9328]
[2439,4089,4361,9835]
[2440,2587,4288,24440]
[2440,4736,10065,12936]
[2440,13895,15200,25408]
[2442,12291,12358,47734]
[2443,10763,11247,24453]
[2443,35518,36765,43043]
[2444,2561,2704,13396]
[2444,3451,4147,49997]
[2448,16952,17433,54162]
[2449,13329,21267,39987]
[2450,19649,20050,45570]
[2451,5487,5676,9976]
[2451,8149,9976,12083]
[2452,8468,9108,10317]
[2452,9499,10373,14099]
[2453,2783,3157,19307]
[2457,3357,3367,7833]
[2457,28305,37305,61625]
[2460,6831,9156,22960]
[2460,13248,16100,36777]
[2461,4161,4266,9306]
[2461,11029,11836,15211]
[2461,30749,30751,48461]
[2465,2836,2864,49300]
[2465,3763,11375,32913]
[2465,8745,10017,60639]
[2465,10184,10400,43384]
[2465,10990,19625,40919]
[2465,11780,11900,15776]
[2465,22625,23171,47965]
[2470,5215,5225,9633]
[2470,7475,7904,11248]
[2470,17753,26650,58022]
[2470,27114,27175,60970]
[2471,5096,9696,59304]
[2471,8967,12708,19929]
[2471,10179,10237,26429]
[2472,28897,37152,52392]
[2473,4681,4923,7419]
[2475,4563,5005,62040]
[2475,7701,19635,50380]
[2475,8580,8619,11275]
[2475,8925,9163,28875]
[2475,9020,14256,36900]
[2475,15327,15375,27023]
[2478,5075,6960,42840]
[2478,32302,32823,39522]
[2480,3988,5612,24925]
[2480,36880,37125,44916]
[2482,4294,4407,11169]
[2482,7450,9685,62125]
[2482,9205,14600,39168]
[2482,16482,22557,61659]
[2483,5453,5459,15931]
[2484,2925,3445,19125]
[2484,16016,29484,47439]
[2485,3915,7525,17227]
[2485,24245,26483,35074]
[2487,14625,16580,40040]
[2489,20325,21810,28410]
[2492,4480,4895,16100]
[2492,39232,43076,50879]
[2495,10945,10959,14325]
[2496,21808,21879,41808]
[2498,21098,23423,36221]
[2499,5499,6627,20774]
[2499,5537,5763,20349]
[2499,12987,13026,13838]
[2499,19075,27825,53955]
[2500,3605,3875,6493]
[2500,34056,37631,53075]
[2501,3374,3515,14701]
[2501,4121,4667,12997]
[2501,4121,5626,20246]
[2501,11713,17663,32513]
[2501,14674,14701,48749]
[2501,14725,20801,44485]
[2502,5002,12627,15498]
[2502,8418,9379,20299]
[2502,16198,16758,50463]
[2504,3796,4069,10439]
[2504,27144,29754,36621]
[2506,30406,31067,42506]
[2507,4255,8625,60495]
[2507,10625,14645,46325]
[2509,3026,3224,21616]
[2509,5302,6266,9398]
[2509,11211,32301,63024]
[2509,11441,19966,27158]
[2509,11797,11966,13741]
[2509,11797,11966,15278]
[2512,6728,9401,15979]
[2513,7562,7783,41817]
[2513,12271,13329,36813]
[2515,29165,34489,39725]
[2516,8159,11767,18241]
[2516,14297,14384,15028]
[2519,13481,13969,26281]
[2519,13481,15801,18361]
[2520,8277,9600,45152]
[2520,8736,11480,11895]
[2521,14041,27731,43081]
[2522,4118,4147,39382]
[2522,5910,6003,14550]
[2522,8057,9409,35321]
[2522,8393,17654,63014]
[2522,24743,24986,44426]
[2523,5002,5307,19803]
[2523,21843,21844,23461]
[2525,2813,3535,26287]
[2525,4163,4625,9487]
[2525,4433,4545,5567]
[2525,6755,21917,33775]
[2525,9625,9696,18500]
[2525,15779,25555,63625]
[2525,22451,29965,47885]
[2528,8288,27528,49913]
[2529,3999,4433,26133]
[2529,13494,20218,38778]
[2529,14229,14632,15996]
[2530,21689,26064,37720]
[2530,21689,26064,46736]
[2532,5619,6256,29968]
[2533,2813,3298,10877]
[2533,3263,7748,11152]
[2533,7267,7293,10877]
[2533,10508,22253,41837]
[2533,12118,13112,39712]
[2534,18966,19341,22806]
[2535,8415,12025,34476]
[2536,7136,7656,18069]
[2537,2625,2655,34338]
[2537,23437,23923,38797]
[2540,14365,17676,50700]
[2541,4147,4641,20097]
[2541,6611,14553,37863]
[2541,9581,9639,15939]
[2541,12525,14259,18725]
[2541,13221,14469,26894]
[2545,9077,10955,52427]
[2545,14060,14375,29711]
[2546,4909,8034,29454]
[2547,3172,5148,26352]
[2548,7917,9333,49077]
[2549,15051,15294,16269]
[2550,3177,3530,12810]
[2550,17178,33755,38855]
[2551,63625,63801,65075]
[2552,10248,18183,48312]
[2552,12705,13920,15048]
[2552,24308,24427,47177]
[2553,4797,4807,26887]
[2553,5777,7194,17649]
[2553,7943,11223,19773]
[2553,14607,15322,32482]
[2553,35919,37522,65231]
[2554,3485,3515,29371]
[2555,7685,9275,21721]
[2555,32754,32805,34821]
[2557,12700,18020,51140]
[2561,6250,6305,14775]
[2561,14881,15871,30721]
[2561,21567,25308,34983]
[2565,3170,4050,17118]
[2567,4683,6411,23883]
[2567,5350,5375,18817]
[2567,18817,25058,51578]
[2567,28483,28638,28762]
[2568,23952,30193,46443]
[2569,35689,36757,53333]
[2570,11591,27775,48959]
[2571,5899,10013,24853]
[2571,7663,7713,31137]
[2571,17498,18096,61704]
[2572,5432,5731,47959]
[2573,14102,14125,15827]
[2573,20604,21421,53227]
[2574,23490,23751,35074]
[2576,20216,30659,62951]
[2576,22700,34705,48500]
[2576,32844,36951,62031]
[2578,3498,3663,42537]
[2578,8897,9023,37023]
[2580,8115,8656,15648]
[2580,20125,26100,49044]
[2581,5735,6956,23140]
[2581,12045,14580,15219]
[2583,7141,11992,35708]
[2583,8763,8866,10086]
[2583,9000,11480,20160]
[2584,3961,10336,35416]
[2584,9744,14577,21402]
[2585,36515,36519,57575]
[2590,4445,4512,22200]
[2592,5217,14208,31264]
[2593,7199,8643,39457]
[2596,10175,14980,22000]
[2596,31625,32220,46500]
[2597,14147,16037,19493]
[2597,17555,21253,51195]
[2599,3033,3051,8217]
[2599,4499,8217,23001]
[2599,19499,23817,26103]
[2599,21607,23001,46699]
[2599,21607,24335,62620]
[2600,3248,4277,14210]
[2600,5696,5785,47320]
[2600,14399,14824,17880]
[2600,28560,28611,58650]
[2601,4119,4841,5491]
[2601,4777,6885,12645]
[2601,10686,13481,53169]
[2601,13129,17629,63101]
[2601,13871,13961,43639]
[2603,17323,17487,35813]
[2603,29203,32528,47972]
[2604,28275,34645,47125]
[2605,11750,11850,28134]
[2605,27149,38199,55895]
[2608,5429,7808,41296]
[2608,35872,36993,65018]
[2610,3094,5481,37485]
[2611,5005,6314,53339]
[2613,2987,2997,17352]
[2613,5013,17313,50687]
[2613,6771,27885,45140]
[2613,6837,7473,11077]
[2613,11951,12699,59163]
[2613,14453,22797,41613]
[2616,4368,4465,18530]
[2618,11165,14790,57750]
[2619,7995,8245,22919]
[2619,7995,8475,17381]
[2619,7995,9581,17381]
[2622,8775,17272,48360]
[2623,3913,4257,54168]
[2623,16835,17023,56127]
[2624,6924,10004,13271]
[2625,3265,4025,9142]
[2625,7242,7350,9142]
[2625,7641,7700,52185]
[2625,17316,17500,43680]
[2625,24852,34048,50540]
[2627,3197,4309,36974]
[2627,3263,3626,14534]
[2627,5917,6499,29341]
[2627,7918,8066,23294]
[2627,10309,14534,29341]
[2627,12507,18748,53632]
[2629,25477,29198,42973]
[2630,11221,11450,60950]
[2631,8625,10319,58575]
[2635,10478,14365,19747]
[2635,24573,24725,28798]
[2635,34485,34875,42129]
[2636,6136,6357,11661]
[2637,37947,40083,49517]
[2639,3774,4017,9657]
[2639,12495,13311,30975]
[2639,14191,18067,56147]
[2639,16625,16675,48125]
[2641,19437,28688,56012]
[2641,23541,24795,63909]
[2645,15945,23381,53675]
[2645,18285,19251,31800]
[2650,4883,5750,10742]
[2650,39169,42506,64090]
[2650,40919,42506,64090]
[2651,5719,5776,53656]
[2651,10516,21516,43276]
[2651,12549,14418,51333]
[2651,29003,38078,52574]
[2652,3375,3975,8177]
[2652,10284,14365,55705]
[2653,4187,4192,30108]
[2653,10397,10745,58247]
[2661,5403,6364,19811]
[2664,15225,16095,21985]
[2665,3567,4625,17425]
[2665,5885,6253,44525]
[2665,10835,11129,35335]
[2665,15895,17425,21097]
[2666,2941,3114,26214]
[2667,13483,13717,22319]
[2668,5983,6512,22388]
[2668,7475,7540,23920]
[2668,17520,20075,32332]
[2669,3219,3451,15386]
[2669,6890,7850,21094]
[2669,9581,10274,22451]
[2669,22125,23494,25925]
[2670,11826,12045,51175]
[2672,4531,4720,63040]
[2674,10701,12789,45549]
[2674,18361,18544,27944]
[2675,20049,42001,59375]
[2676,4697,11424,15372]
[2676,20501,28747,39349]
[2679,4471,4601,6109]
[2679,4471,5529,11913]
[2680,17080,18056,22525]
[2684,4575,10980,20640]
[2689,4031,4717,34957]
[2691,28934,29187,61659]
[2694,9750,10075,24695]
[2694,14309,21069,63309]
[2695,3975,5225,6413]
[2695,4225,6820,58201]
[2695,9135,10759,30073]
[2696,9652,9773,28421]
[2697,4863,4884,19504]
[2697,13319,15353,42247]
[2697,25079,27435,36405]
[2701,5671,5704,50924]
[2701,8211,8319,11169]
[2701,8211,9180,47085]
[2701,13733,16058,17701]
[2703,5214,5511,12089]
[2703,6153,7049,13328]
[2703,7650,8840,12720]
[2703,8177,8959,21631]
[2704,5584,6916,62829]
[2704,17600,17680,28625]
[2705,18095,18513,19525]
[2709,4329,4459,33579]
[2709,13461,17157,27563]
[2712,3552,5032,12543]
[2712,16167,20288,21208]
[2715,13520,14573,24325]
[2717,13433,14003,24013]
[2717,15433,32093,47773]
[2717,16017,17043,32877]
[2719,7325,33695,49375]
[2720,5456,5494,29219]
[2720,5456,22100,29219]
[2720,5548,16500,55845]
[2721,47329,51429,64929]
[2724,16640,28860,38025]
[2725,4165,5375,20383]
[2725,5371,7625,22345]
[2725,5915,6253,7085]
[2725,5915,9919,16415]
[2725,42908,47685,58533]
[2726,3874,4321,21331]
[2728,5185,5800,27328]
[2728,7440,8547,30690]
[2728,12472,12878,60695]
[2732,5068,5133,23892]
[2734,25090,25441,45934]
[2734,26659,27101,31651]
[2736,16965,21840,22736]
[2737,5073,6099,15219]
[2737,6193,6497,24053]
[2737,6767,6987,42517]
[2737,8625,8925,36225]
[2737,11323,11573,29237]
[2737,12254,25721,29521]
[2737,16113,17063,30439]
[2737,21275,22015,36225]
[2737,23912,24472,50048]
[2738,14915,16835,18725]
[2738,16094,16306,20387]
[2739,3839,4464,34452]
[2740,17360,23275,49868]
[2742,4653,4664,23144]
[2743,16393,27313,36623]
[2745,14965,15867,49275]
[2747,3589,10189,29197]
[2747,11077,11111,34891]
[2750,21866,25375,43475]
[2751,6425,17874,34695]
[2752,19928,22936,27401]
[2755,6825,7047,21255]
[2755,8425,12806,13870]
[2755,21500,35844,60000]
[2756,6084,6237,9828]
[2756,6628,9828,34797]
[2756,8944,9828,25281]
[2756,34372,34797,37572]
[2757,5797,10277,37052]
[2759,13981,30814,51086]
[2759,16359,16821,20139]
[2759,17690,17800,26816]
[2761,4394,5015,16055]
[2761,24860,38500,45200]
[2761,36795,38500,45200]
[2762,4582,4634,15191]
[2763,16821,18963,27412]
[2764,17945,27839,51911]
[2765,5735,9610,35526]
[2765,10920,15725,21931]
[2765,29631,56610,61950]
[2765,30067,39283,47167]
[2768,4756,6068,34481]
[2768,4756,7093,8468]
[2768,10336,14039,23986]
[2768,11623,12608,38192]
[2768,33169,34481,44807]
[2770,3026,3145,4450]
[2770,3026,3145,10526]
[2771,3354,3366,6474]
[2772,2800,3115,19700]
[2773,14673,21264,52152]
[2774,17719,32209,55991]
[2775,3580,7920,36348]
[2775,4661,4725,17205]
[2775,7956,10000,37740]
[2775,10212,10455,20905]
[2775,11095,11097,35187]
[2775,22509,22755,25315]
[2777,28397,28724,29264]
[2779,5925,5955,10971]
[2779,38171,38724,45016]
[2781,23427,27148,40227]
[2783,4462,7826,22126]
[2783,5817,6032,14632]
[2783,6083,9933,46515]
[2783,7774,7826,22126]
[2783,31812,32033,43967]
[2786,3589,4514,10670]
[2787,28323,28799,43009]
[2788,11248,11951,19684]
[2788,11324,11951,36613]
[2788,17584,19684,34391]
[2788,19388,19684,20213]
[2793,24815,49182,63810]
[2799,14575,14625,39249]
[2800,4940,6188,15925]
[2800,6396,8245,15805]
[2800,6900,16863,31500]
[2805,3432,3445,7293]
[2805,5365,5451,15447]
[2805,13725,14091,20570]
[2805,14310,15125,40227]
[2805,20565,21009,54383]
[2807,3925,4010,4082]
[2809,9231,9593,62713]
[2812,6188,10619,13013]
[2813,3325,3395,3535]
[2813,4675,5335,7337]
[2813,4925,5713,19375]
[2813,9563,9603,10877]
[2813,12488,16261,60613]
[2813,18122,18139,35581]
[2813,18850,18915,30885]
[2813,22533,25123,27202]
[2815,30535,38116,49400]
[2817,14977,27459,47889]
[2818,11343,13024,39232]
[2820,19720,19981,44225]
[2821,4329,4459,6251]
[2821,13601,14196,14976]
[2821,19453,19971,23171]
[2821,30821,31031,49321]
[2822,15170,15947,40375]
[2822,37750,40375,48950]
[2825,4553,5925,13303]
[2825,6409,6625,26359]
[2825,8901,9180,20340]
[2825,13213,17063,42535]
[2825,13616,15625,43505]
[2825,13737,22200,64887]
[2828,2964,3003,6636]
[2828,12308,14868,26607]
[2828,12688,13172,40703]
[2828,16400,16835,40180]
[2829,4600,4920,26496]
[2829,20271,25116,34316]
[2831,3825,4131,6705]
[2831,15781,16298,27694]
[2831,31217,33583,54967]
[2834,2941,2946,17646]
[2834,6285,25035,38259]
[2835,9333,9933,19642]
[2835,11322,12950,25578]
[2839,13289,13311,46903]
[2839,22144,29929,55471]
[2839,24938,28886,52762]
[2840,7625,7808,26600]
[2840,7735,9568,44200]
[2842,12082,12217,30793]
[2842,21402,22678,31453]
[2845,23005,23075,24063]
[2847,3353,4089,16647]
[2847,6228,6708,21452]
[2847,8325,8395,40885]
[2847,16900,17820,24960]
[2848,15028,16473,41652]
[2848,27392,28078,31597]
[2848,30668,32283,62033]
[2849,3135,3885,4851]
[2849,4301,4851,20685]
[2849,4901,5291,8789]
[2849,14586,18369,39831]
[2849,16415,22951,48601]
[2849,53599,54901,61039]
[2852,4087,5936,42944]
[2853,8547,9028,15216]
[2853,41499,50403,54947]
[2856,7119,7345,32431]
[2856,7296,7345,10200]
[2858,5423,8591,15719]
[2858,24442,24698,52873]
[2860,9775,9776,24140]
[2860,17413,17888,24140]
[2862,10359,12384,15688]
[2863,48825,55215,63000]
[2864,3500,4025,44660]
[2865,6760,9135,32049]
[2867,5933,13262,49837]
[2870,13195,13450,16646]
[2870,24245,30586,58630]
[2871,8721,11849,38199]
[2871,10249,12188,28897]
[2871,14601,14839,40139]
[2871,22609,22644,44631]
[2873,5127,5967,30762]
[2873,5191,6045,13975]
[2873,7711,7752,36452]
[2873,11252,11687,29767]
[2873,13048,15368,21632]
[2873,13983,15642,52377]
[2873,15257,15642,24167]
[2873,15355,21675,56277]
[2873,16762,17238,30762]
[2873,31175,36465,56985]
[2875,3016,3059,36685]
[2875,8855,9625,19481]
[2875,16646,20155,40475]
[2875,20165,20659,29083]
[2875,20165,23125,50949]
[2875,20165,24827,40875]
[2875,20165,34335,50949]
[2875,20677,22475,24955]
[2875,26404,29520,64860]
[2876,42344,42377,43807]
[2877,5852,6532,8768]
[2877,7293,8075,28085]
[2877,15075,15645,33565]
[2880,6360,7950,25681]
[2881,3905,4081,15169]
[2881,17451,20881,61201]
[2882,4242,6363,16338]
[2883,3133,3367,59527]
[2888,28612,28613,60113]
[2891,5509,5536,40796]
[2891,20909,29141,34091]
[2892,28932,29149,45331]
[2893,5882,6358,49478]
[2893,9581,9782,48307]
[2896,42721,46879,58121]
[2899,11501,12051,16055]
[2900,3264,3540,11475]
[2900,5425,5684,14000]
[2900,5735,6032,6956]
[2900,6120,7569,11475]
[2900,7436,7540,21125]
[2900,14544,14645,42100]
[2905,6810,13857,52833]
[2905,19425,36519,49950]
[2907,3414,4389,10811]
[2907,5307,5423,21777]
[2907,9807,18283,30997]
[2907,11877,11885,52205]
[2907,23199,23793,60401]
[2908,5995,12317,26933]
[2910,8750,18333,55125]
[2910,19398,25123,31535]
[2910,21170,21243,30798]
[2911,6369,7007,30613]
[2912,16440,17190,25113]
[2913,6264,7288,34336]
[2915,9699,11925,31476]
[2915,11875,17875,23111]
[2919,4998,8400,35680]
[2919,9821,9831,19929]
[2921,4450,4585,7921]
[2921,4450,5000,14240]
[2921,10521,10535,21721]
[2921,12679,12921,18297]
[2923,17287,17963,33173]
[2923,29725,29835,52170]
[2925,4147,9295,55825]
[2925,4578,5005,41965]
[2925,11346,11635,39955]
[2926,11737,14162,14674]
[2926,12221,15939,22589]
[2926,18901,22589,30709]
[2926,21223,24574,37202]
[2927,15433,16394,25634]
[2928,11700,11895,33553]
[2928,22988,23267,49183]
[2929,6485,10325,27371]
[2929,15089,22214,26071]
[2929,15921,18009,55449]
[2929,16591,17081,58681]
[2929,24475,28815,49585]
[2931,14644,15632,26956]
[2933,30583,32368,55148]
[2934,32509,36261,51939]
[2935,10985,11913,38025]
[2937,5388,10591,13919]
[2938,4982,11978,15553]
[2938,7446,8262,13221]
[2938,23190,23963,53690]
[2941,4059,4131,18684]
[2941,5509,5536,7939]
[2941,10982,17690,31450]
[2941,23366,26704,60904]
[2941,29891,36989,49111]
[2943,6177,6667,9483]
[2943,31668,33072,42292]
[2944,3516,3780,13185]
[2945,11135,11191,21793]
[2945,14215,14216,45428]
[2945,18125,20863,42625]
[2945,18785,22019,37859]
[2945,34625,35203,53375]
[2947,5565,6315,11925]
[2947,18602,26523,40803]
[2948,3487,4448,13948]
[2948,3487,5888,13948]
[2948,8177,8288,11492]
[2948,8177,11248,46852]
[2948,11703,14953,40297]
[2948,22595,35077,52677]
[2950,3434,3910,15655]
[2950,3706,3910,30685]
[2950,3706,5450,30685]
[2950,22774,24125,33925]
[2955,3506,4875,47331]
[2955,3753,3772,9472]
[2955,17835,36975,63631]
[2955,18850,20488,50000]
[2959,4233,4842,7191]
[2959,5115,10491,15675]
[2960,3900,3996,13161]
[2960,3900,4292,12025]
[2960,3900,4983,9540]
[2960,3900,4983,13161]
[2960,12376,16835,31850]
[2964,11336,12831,31191]
[2968,3441,5607,7791]
[2968,34307,34344,63336]
[2975,3757,4845,19795]
[2975,10615,13260,26248]
[2975,10660,15457,35465]
[2975,11041,15385,52250]
[2975,14847,20475,25755]
[2975,15225,15457,25375]
[2975,18081,21465,58905]
[2975,19625,22750,37366]
[2977,3589,3614,14198]
[2977,4452,7632,24732]
[2977,11041,11765,44655]
[2977,11086,11102,30686]
[2979,11581,12456,23229]
[2980,7280,7469,54236]
[2980,7280,8183,54236]
[2981,8987,10669,25619]
[2983,3289,3439,3914]
[2983,10767,10833,18042]
[2985,5247,6625,40890]
[2985,6409,8109,13485]
[2985,15145,22425,27261]
[2985,20079,20265,55096]
[2987,3663,5588,16676]
[2987,9389,10763,20213]
[2988,45177,45424,58164]
[2989,6993,8785,30545]
[2992,6032,6188,14413]
[2992,7592,8033,9490]
[2993,5593,8687,14063]
[2993,8788,9703,19097]
[2993,10507,11457,62529]
[2993,14927,14993,31823]
[2993,34765,41610,61350]
[3000,8880,15769,18870]
[3000,13192,24735,30600]
[3000,14248,16965,53430]
[3000,14385,15544,27400]
[3001,7801,10689,27009]
[3003,4293,4543,41503]
[3003,6097,6177,9633]
[3003,13215,18850,33478]
[3003,22533,26765,37325]
[3005,12948,14400,28848]
[3007,5100,12393,24735]
[3007,11521,11543,17879]
[3009,12447,13091,14141]
[3013,5884,5965,20685]
[3013,8453,8487,38203]
[3013,8827,10043,15857]
[3013,17887,18373,44347]
[3016,4256,7511,9464]
[3016,7777,8352,22152]
[3016,13600,13625,19720]
[3016,15632,15707,56666]
[3017,22007,24539,43529]
[3021,5211,5883,60988]
[3021,7361,7395,19485]
[3021,9804,13072,22704]
[3021,11763,11771,12604]
[3021,18924,25728,44992]
[3021,34675,34821,57285]
[3021,43355,51675,64554]
[3025,5412,5500,15580]
[3025,9694,15744,42400]
[3025,10065,10431,18117]
[3025,16687,20735,32465]
[3025,22191,22245,26559]
[3026,3526,5549,14135]
[3026,7049,7056,50456]
[3026,12850,13795,45985]
[3026,12850,14135,45985]
[3026,13330,13795,26350]
[3026,21082,22599,59007]
[3026,24190,26350,34799]
[3029,5746,6851,47299]
[3029,5845,8155,24479]
[3029,25781,34251,42224]
[3030,11115,15450,34138]
[3031,10025,31625,61919]
[3031,13843,14194,19918]
[3033,4671,4767,5729]
[3033,7992,10656,51256]
[3033,22608,33217,50559]
[3034,5219,23611,25789]
[3034,5491,5576,13024]
[3034,6290,7585,8075]
[3034,6290,8075,15725]
[3034,7990,8075,15334]
[3034,26239,28426,63526]
[3036,5809,13188,30672]
[3039,13035,13090,22286]
[3040,7280,13300,19019]
[3042,11826,15730,25185]
[3043,11492,19941,49051]
[3044,6119,6201,37689]
[3047,8844,11328,15444]
[3048,6479,7104,33048]
[3048,10008,10472,14497]
[3050,4867,4880,50240]
[3050,21090,22575,28971]
[3051,7083,13133,53901]
[3053,21868,23572,33428]
[3059,7525,11109,21275]
[3059,10829,12719,26381]
[3059,11661,11799,28899]
[3059,22078,23240,63080]
[3059,26765,29309,33985]
[3060,3520,3564,12375]
[3063,19071,19738,26546]
[3066,11214,12059,20559]
[3069,15411,21571,25021]
[3074,8449,9911,12449]
[3074,13019,13733,21797]
[3075,7261,11289,20295]
[3075,13221,13260,42845]
[3075,28421,28700,34435]
[3075,42842,46200,48408]
[3077,3448,9248,18824]
[3077,11323,13052,38077]
[3077,14725,14773,27625]
[3077,17083,18239,26401]
[3077,47748,58528,62972]
[3079,28679,35641,35909]
[3088,5032,6713,14282]
[3093,40053,44427,49348]
[3094,3875,8925,12285]
[3094,4450,4795,38675]
[3094,11194,14861,48314]
[3097,15103,21889,33153]
[3098,7977,8152,24784]
[3100,5916,8091,31620]
[3100,14475,15125,35861]
[3100,15476,19345,24125]
[3100,16465,17024,35600]
[3101,18877,26377,37577]
[3103,10209,11041,11891]
[3104,4624,4785,8670]
[3104,10504,13871,14878]
[3104,29104,31913,50246]
[3105,8055,8344,23772]
[3106,12626,13231,15499]
[3108,36360,45325,55083]
[3108,42400,43845,54855]
[3109,17563,18109,21763]
[3111,10881,12121,53196]
[3111,18910,19090,22814]
[3112,5457,10503,35697]
[3115,7467,7533,33867]
[3115,27435,32725,50183]
[3116,11509,17068,62284]
[3120,3740,3757,4100]
[3120,5412,7813,30500]
[3120,6048,12675,46852]
[3120,7548,32523,46852]
[3120,7812,7813,8412]
[3125,11445,12103,14875]
[3127,5252,5577,48177]
[3127,11623,16112,46492]
[3128,6868,7429,58351]
[3128,16960,17425,22472]
[3128,22924,25449,29697]
[3129,9095,9905,22946]
[3129,19075,23625,47415]
[3129,32895,32929,33375]
[3131,4825,15655,41881]
[3132,3315,3757,28275]
[3133,4710,5733,18075]
[3133,24949,35174,51883]
[3135,30015,34075,59711]
[3136,3325,3520,14336]
[3136,9632,10318,56507]
[3137,23638,25096,36464]
[3138,6222,6466,15631]
[3138,10485,10640,38712]
[3139,7357,7843,11461]
[3143,14329,23307,28107]
[3143,34265,36757,48043]
[3145,5917,6100,13192]
[3145,5940,6800,23828]
[3145,10250,11951,17425]
[3145,25375,25432,34000]
[3145,38180,43900,48764]
[3146,9471,9594,14586]
[3148,10792,10897,11653]
[3149,10189,20069,61194]
[3149,12951,13096,21356]
[3149,39507,45585,48945]
[3150,38793,45682,48930]
[3151,5327,6849,16577]
[3151,10865,16851,27825]
[3151,11656,16192,25208]
[3151,17009,25241,45401]
[3152,14604,16148,41173]
[3152,19024,19376,27451]
[3152,19024,22852,27451]
[3152,20792,25597,44522]
[3156,27719,27732,51756]
[3157,17493,22869,25707]
[3157,19307,30422,40467]
[3157,19307,34573,50512]
[3157,23051,25543,45593]
[3157,23051,30457,45593]
[3157,26444,26732,27456]
[3157,40341,45441,63393]
[3157,40363,47253,58853]
[3159,10716,31876,64176]
[3160,13480,14168,58975]
[3161,6591,6786,31161]
[3161,6681,6786,33681]
[3161,8025,9961,12139]
[3161,9583,9592,10064]
[3161,21199,33681,55506]
[3164,3676,3772,38807]
[3165,5335,9540,14328]
[3165,45917,45933,58275]
[3169,7327,9527,12673]
[3169,21889,21919,56236]
[3172,4675,9520,20540]
[3172,4745,4880,31772]
[3172,7728,10017,53508]
[3173,5063,5232,13468]
[3173,7387,7485,18045]
[3173,12325,13300,15523]
[3173,29563,30107,50218]
[3174,19134,19303,22837]
[3175,11938,12065,37985]
[3175,19393,22550,37895]
[3177,8439,10573,49773]
[3179,6409,6903,25143]
[3179,6721,6929,41327]
[3179,19475,26750,59245]
[3179,39787,42075,54255]
[3182,5450,10175,13625]
[3182,7970,9250,24707]
[3182,9146,10175,22865]
[3182,13450,13625,22865]
[3190,7275,7366,24250]
[3190,15521,15690,26554]
[3192,3760,7458,13635]
[3192,9612,9709,35511]
[3192,12103,17784,31584]
[3193,7993,16971,34443]
[3193,19060,24185,40185]
[3193,22457,28993,42559]
[3195,15045,19250,40733]
[3195,18750,19250,21454]
[3196,3504,3531,11169]
[3196,4141,4484,23804]
[3196,7840,9604,13965]
[3197,3395,6895,16975]
[3197,4403,6413,25843]
[3197,9273,9438,55638]
[3197,16643,24857,39053]
[3197,33763,39678,55638]
[3198,17185,28823,48425]
[3199,30171,52497,56337]
[3200,6808,6845,16890]
[3200,15548,15875,18460]
[3201,6657,11865,19600]
[3201,16409,17754,36729]
[3204,6396,8245,14596]
[3204,10212,11396,16287]
[3204,10761,13296,42364]
[3206,17066,20839,30586]
[3211,5875,6760,57500]
[3211,12913,13262,15314]
[3211,13547,13585,21775]
[3212,6188,6643,33292]
[3212,9100,9125,17812]
[3212,48959,50516,54288]
[3213,5037,6643,42483]
[3213,5043,5406,9061]
[3213,10125,10395,14875]
[3213,10125,14875,37485]
[3213,19557,30422,46053]
[3219,4125,4205,16275]
[3219,4194,7944,21344]
[3219,5151,5406,54026]
[3219,6728,9472,21344]
[3219,14006,19206,22794]
[3219,20819,24429,34959]
[3219,24525,28231,45095]
[3220,5712,5780,18655]
[3220,48265,50288,55948]
[3222,10922,11178,52947]
[3223,6790,8790,22698]
[3223,8774,9376,19352]
[3225,8395,15941,48827]
[3225,11623,11652,42375]
[3225,11623,12505,34475]
[3225,20671,23850,44295]
[3230,9698,10098,27975]
[3230,12430,15029,19057]
[3230,14066,31730,51395]
[3230,28718,30818,37145]
[3233,5083,5092,13408]
[3233,5083,8533,23851]
[3233,7783,9889,11041]
[3233,10625,22525,42883]
[3233,13375,17985,45633]
[3233,14497,26657,35207]
[3233,16324,16951,27401]
[3233,16895,19075,62525]
[3233,19795,22525,42883]
[3236,6876,7281,11556]
[3239,6990,8200,65240]
[3239,9375,18450,30375]
[3239,10246,10489,28121]
[3239,27559,31108,47047]
[3241,28329,29127,37563]
[3242,14022,14589,18054]
[3245,5476,8880,23324]
[3247,6068,6191,6919]
[3247,6068,11152,26048]
[3247,10982,11152,26048]
[3247,32963,33176,35836]
[3248,5929,5952,18096]
[3249,4180,4320,17100]
[3250,3710,4290,4671]
[3250,3939,4040,21736]
[3255,3895,4025,34013]
[3256,5083,5408,9656]
[3256,16269,43296,50616]
[3260,18704,22029,31871]
[3262,8077,8621,28171]
[3266,3367,3458,6734]
[3266,5246,7998,9503]
[3266,12561,12576,35376]
[3267,5742,9858,21758]
[3269,33859,43036,62264]
[3270,3487,3488,19112]
[3270,7378,7395,29103]
[3275,21813,21995,58330]
[3276,4935,4940,7700]
[3276,4935,4940,15600]
[3276,5751,7049,16905]
[3276,7383,9492,10192]
[3276,13884,17355,33205]
[3277,6643,10283,32683]
[3277,10823,11782,11978]
[3277,19277,37177,59015]
[3277,24947,24973,50803]
[3278,4797,4968,42912]
[3279,6479,6643,7379]
[3279,35409,36047,42108]
[3280,4080,4756,13325]
[3280,17420,17425,24596]
[3281,4550,5000,40144]
[3281,5673,11223,12444]
[3285,6669,6840,12844]
[3287,12274,13015,14705]
[3289,4477,4514,14014]
[3289,6215,7475,28589]
[3289,7412,7436,41888]
[3289,10336,11264,41888]
[3289,11687,13013,60137]
[3289,12019,13481,14039]
[3289,19019,19418,38038]
[3289,37609,38038,42098]
[3289,41251,42098,53018]
[3291,18471,21209,42279]
[3293,4085,4107,11125]
[3293,4573,6919,7801]
[3293,5100,15525,28035]
[3293,5925,5955,65490]
[3293,17630,18245,28675]
[3294,4950,5355,10675]
[3296,14940,31185,44100]
[3296,25500,28260,54825]
[3297,8484,9472,17584]
[3297,9900,11775,12545]
[3298,28050,32802,48015]
[3298,30199,32495,38025]
[3300,5371,17220,29760]
[3300,8145,11584,18500]
[3300,9348,9375,30340]
[3302,13858,14573,23267]
[3304,14399,17024,28696]
[3306,8381,10469,38437]
[3306,10906,11571,12054]
[3306,12138,15162,38437]
[3306,14625,19430,30550]
[3310,8255,8351,17225]
[3311,9116,16324,52976]
[3311,29161,32879,38801]
[3311,44911,45595,53889]
[3311,44911,46081,55909]
[3315,4770,5512,15600]
[3315,5652,6123,24973]
[3315,6853,6925,7565]
[3315,7476,7565,9685]
[3315,9636,9685,35989]
[3315,15250,19125,36051]
[3315,34675,37825,38909]
[3321,4071,4379,11771]
[3321,5511,14637,21353]
[3321,29127,29829,32923]
[3324,4619,4768,12188]
[3324,5312,9801,18012]
[3324,13833,35008,58724]
[3325,5629,5635,15155]
[3325,5763,6215,7565]
[3325,8957,24115,33943]
[3325,9773,9800,34748]
[3327,8607,8673,11732]
[3330,3567,4175,7833]
[3330,8906,11205,17019]
[3332,13133,16796,17984]
[3333,18117,18483,45965]
[3333,18172,18180,24420]
[3333,31842,32219,51667]
[3335,4807,7843,11165]
[3335,9625,10777,38425]
[3335,14620,16100,21344]
[3335,26500,26800,43036]
[3335,37895,38636,55471]
[3335,38111,38686,49710]
[3336,22509,24461,53259]
[3337,41375,44737,51775]
[3337,50813,60199,65113]
[3339,9867,10439,19239]
[3339,15925,17955,31005]
[3341,7571,12593,14577]
[3341,11891,17061,29986]
[3341,15181,17061,29986]
[3341,15181,32623,53713]
[3341,29419,29986,51714]
[3344,5928,6006,6897]
[3346,14267,18158,30254]
[3349,7381,9062,32147]
[3349,8099,13949,17533]
[3349,13717,13949,17533]
[3350,3706,3770,5995]
[3350,3706,3910,9265]
[3351,7735,10075,17051]
[3353,6422,8528,42016]
[3355,4530,6050,9394]
[3355,6981,11895,34281]
[3355,16940,20944,61712]
[3357,3741,5307,6341]
[3357,6555,8195,18650]
[3360,10920,11281,13650]
[3360,17880,26075,32984]
[3363,7562,11043,26883]
[3363,31413,31453,36003]
[3364,25252,32548,44573]
[3364,38796,47415,57645]
[3366,8294,8613,35802]
[3366,34425,39270,56870]
[3367,4067,4147,4403]
[3367,4200,4825,5383]
[3367,6722,6734,47054]
[3367,20825,22015,33625]
[3368,10793,12008,15128]
[3371,12614,12616,14416]
[3372,17584,17703,29484]
[3372,18128,19497,32877]
[3372,19728,27948,44117]
[3374,16750,22925,30674]
[3374,29062,30115,60495]
[3375,4290,4433,5775]
[3375,30435,30450,52754]
[3376,9616,12354,14421]
[3377,5723,6913,25217]
[3377,8642,10447,19247]
[3379,9700,9875,39629]
[3381,8050,8280,16800]
[3381,15225,15785,40919]
[3381,24725,25806,55275]
[3382,17138,23263,62757]
[3383,3977,4947,5453]
[3383,5143,5549,16781]
[3383,10117,10603,52117]
[3385,12862,12863,13625]
[3388,7600,9275,11620]
[3392,7280,13780,54325]
[3392,14248,14522,42997]
[3392,16328,26376,47541]
[3393,4818,5577,23287]
[3393,34743,36308,40872]
[3394,33734,35435,42995]
[3395,4732,5200,15132]
[3395,4925,6125,15169]
[3395,5845,5922,23250]
[3395,5933,5980,19400]
[3395,19375,21886,23250]
[3396,10335,18096,42400]
[3397,12920,31003,40205]
[3397,19479,21371,40379]
[3399,14151,14729,64581]
[3400,6536,7625,8840]
[3403,5181,5781,8478]
[3403,10985,14553,39975]
[3404,3759,4044,10656]
[3404,10400,15729,22725]
[3408,4292,4717,13609]
[3408,11900,28305,54492]
[3408,21344,21667,59458]
[3410,12690,13357,16750]
[3414,7714,7749,11949]
[3414,10866,17711,46509]
[3415,5846,7904,15296]
[3416,6608,8033,19642]
[3417,4633,4797,5763]
[3419,18469,19261,27786]
[3419,18469,21091,37904]
[3421,4069,4382,13507]
[3421,9917,10033,36367]
[3422,4641,4959,61503]
[3423,19998,22624,36456]
[3424,8364,12669,22644]
[3425,6417,6750,32058]
[3425,7429,7630,12470]
[3425,7845,15918,51798]
[3425,9805,11951,36305]
[3427,4750,5000,14360]
[3427,7598,11107,60643]
[3427,18673,18676,32752]
[3431,7801,7805,14525]
[3431,7801,7805,39005]
[3431,10011,10152,27468]
[3431,20889,26179,56729]
[3431,22325,23735,28105]
[3432,8400,8475,12818]
[3433,5225,5355,63545]
[3434,5134,5491,5975]
[3434,18666,18887,43834]
[3435,4309,4650,63891]
[3435,7147,8478,15315]
[3435,8440,17685,23499]
[3435,21675,22253,22701]
[3437,8225,20930,34870]
[3437,22287,28718,54442]
[3439,7163,8930,55550]
[3439,11429,31666,46534]
[3439,15283,16733,21539]
[3439,19511,21698,26714]
[3440,27360,29450,33041]
[3441,3741,3784,11868]
[3441,7844,9328,16132]
[3441,13199,33687,52503]
[3441,32364,33232,47212]
[3441,34069,36239,42161]
[3441,55311,55583,60357]
[3443,6292,15024,27456]
[3443,8833,10879,22849]
[3445,11563,11713,13055]
[3445,29665,30175,33761]
[3449,25209,36983,52117]
[3450,12874,21195,24375]
[3451,3920,3955,12325]
[3451,4485,4901,12325]
[3451,7287,9588,53424]
[3451,7574,9197,18683]
[3451,8177,10101,44149]
[3451,11830,16549,38675]
[3451,11875,11890,36125]
[3451,13801,18309,46139]
[3451,14171,36482,44923]
[3451,18309,19229,30821]
[3451,26565,26775,34185]
[3454,5317,5954,25358]
[3454,25702,34571,48827]
[3458,6501,9024,18408]
[3458,15145,25480,52192]
[3463,49898,52761,57279]
[3464,5512,9864,34089]
[3465,4023,5215,8673]
[3465,12617,16100,36575]
[3468,12308,13937,23188]
[3471,21519,21801,53399]
[3471,27846,29904,37856]
[3472,13088,15133,24358]
[3473,29807,30385,40455]
[3475,14507,15130,21907]
[3477,5973,16925,33123]
[3478,4250,4325,5270]
[3479,20119,23881,28479]
[3480,13775,20520,52896]
[3483,17307,19737,27563]
[3484,5248,23452,34823]
[3484,5577,5616,33252]
[3485,8989,10235,29189]
[3485,8989,17675,51086]
[3485,12445,13243,33725]
[3488,6412,6713,37835]
[3490,37810,37837,51175]
[3492,6273,6396,43456]
[3492,11760,13892,22625]
[3493,5313,7743,24063]
[3493,5957,7337,18377]
[3496,9671,17081,58969]
[3496,11040,14421,15960]
[3498,5175,5290,36570]
[3498,6438,10582,16907]
[3498,18513,23002,50138]
[3500,14056,14375,24235]
[3501,5328,6224,35328]
[3501,18906,19488,34232]
[3503,4879,4947,8979]
[3503,5785,6215,12103]
[3503,8687,8701,14161]
[3503,8687,17813,22997]
[3503,8977,8979,12339]
[3503,10150,11865,16625]
[3505,5735,6032,34225]
[3509,9361,9867,17227]
[3509,10659,15276,54549]
[3509,14586,15776,52624]
[3510,10075,10125,31941]
[3514,9389,9429,16149]
[3515,5125,5225,28823]
[3515,9050,9768,41360]
[3515,30740,32500,34336]
[3515,31730,35150,44446]
[3515,41629,44446,65379]
[3516,5536,7093,17873]
[3517,9079,18158,33446]
[3519,4255,7245,11475]
[3519,4545,4830,59455]
[3519,4545,6969,59455]
[3519,6900,11220,62560]
[3519,8671,8874,29601]
[3520,5160,5775,7128]
[3521,20230,31679,46529]
[3525,5061,5115,20485]
[3529,4849,4898,7058]
[3530,10582,10943,21275]
[3533,11937,21198,30102]
[3534,13357,13616,16568]
[3534,13362,19437,34162]
[3535,9673,16150,62590]
[3535,14065,15631,41713]
[3535,14065,17675,41713]
[3536,9344,9367,64532]
[3536,24436,25181,36244]
[3537,7887,7955,13363]
[3538,4002,8418,14007]
[3538,8738,16226,48059]
[3542,15950,17125,59015]
[3543,17622,18896,26344]
[3543,38643,39117,42253]
[3544,7999,22313,59713]
[3545,4210,4254,7026]
[3546,8775,10650,25610]
[3549,6525,7735,33495]
[3549,6786,7656,8944]
[3549,7889,8878,54418]
[3549,8554,8736,19536]
[3549,11700,11760,23660]
[3549,14076,14501,37349]
[3551,13631,16801,24676]
[3551,13631,16801,34756]
[3551,13631,24676,34756]
[3553,4255,4403,5425]
[3553,5729,6647,38497]
[3553,6028,6688,10412]
[3553,10591,22253,41503]
[3553,15235,22610,31578]
[3553,15950,18722,19890]
[3553,18525,19890,60078]
[3554,13429,24878,64046]
[3555,10902,15800,52752]
[3557,16031,19244,55432]
[3557,17948,18533,44517]
[3558,22358,23897,49813]
[3560,18095,18200,39872]
[3560,29120,29575,64792]
[3561,26937,32964,62488]
[3567,3825,3875,7395]
[3567,5085,12317,29725]
[3567,7140,7985,17425]
[3567,8793,8896,21489]
[3567,9487,25323,49077]
[3567,11592,18368,29568]
[3567,20951,21576,26199]
[3567,25974,28249,61617]
[3572,6344,9119,22997]
[3572,13547,13589,28747]
[3572,15463,16967,62567]
[3572,16728,16767,45477]
[3575,4795,5291,37675]
[3575,5577,12675,28215]
[3575,5887,10450,20735]
[3575,6172,12220,33728]
[3575,13195,17589,23925]
[3575,15433,19825,23375]
[3575,15640,22360,33728]
[3575,19703,21655,62335]
[3575,51060,51185,52873]
[3576,11556,12403,20383]
[3577,10759,10873,15841]
[3577,10759,10873,41377]
[3577,15743,15744,19929]
[3578,20273,21071,33991]
[3579,6981,8903,12027]
[3579,19941,20281,21831]
[3581,31146,32229,42021]
[3584,4876,6004,7579]
[3585,25345,25893,54075]
[3586,12530,14211,51339]
[3588,8712,8917,21217]
[3588,11040,11063,20787]
[3588,14500,27300,54375]
[3588,14637,16224,16796]
[3588,24752,24843,27132]
[3588,24752,28676,48841]
[3589,5123,14198,25123]
[3589,5459,5476,12901]
[3589,6344,6771,13221]
[3589,12325,22910,46075]
[3589,20761,22358,44798]
[3591,10209,26754,35014]
[3591,26361,26999,40299]
[3595,4841,7641,37209]
[3596,4181,6512,22388]
[3596,10064,11252,21053]
[3596,10075,15500,23200]
[3596,10075,23200,32240]
[3596,19372,21053,35003]
[3597,8051,9099,53901]
[3597,8316,19184,32028]
[3599,4850,13255,29585]
[3599,9073,9855,20735]
[3599,15189,17019,40581]
[3599,25012,25376,27824]
[3600,4695,4864,34320]
[3600,19720,27405,43146]
[3601,10619,11634,20566]
[3602,15698,37202,41423]
[3602,22102,41423,46127]
[3604,16240,30740,47821]
[3605,5269,5781,21181]
[3605,20705,21266,25550]
[3607,5740,8300,20768]
[3608,4672,4961,6424]
[3608,15677,22616,42944]
[3609,4641,5369,24276]
[3609,4641,6834,13634]
[3611,6266,6349,22451]
[3612,6363,7392,59792]
[3612,7488,17043,20068]
[3616,10447,10545,11185]
[3616,30544,31706,39259]
[3617,11233,11267,21025]
[3619,4559,5642,12502]
[3619,5291,5642,16562]
[3619,5291,5698,16562]
[3619,11869,16562,19019]
[3619,28187,34237,38906]
[3623,33323,33947,40603]
[3624,14800,15045,32190]
[3625,4108,4640,5620]
[3625,4556,4640,21580]
[3625,4669,5075,7469]
[3625,5555,8525,24563]
[3625,5699,5750,48590]
[3625,6545,7106,17545]
[3625,10537,10925,59885]
[3625,10583,10585,19495]
[3625,13390,18850,28274]
[3625,17399,31949,59885]
[3625,20617,25285,33125]
[3625,20999,21049,32825]
[3625,23337,40745,64825]
[3625,30409,31250,39895]
[3626,5894,6499,22231]
[3626,40355,44326,48426]
[3627,8917,10127,47333]
[3629,35777,35898,58102]
[3631,38411,41536,44756]
[3636,6500,32825,40885]
[3636,9008,11817,26964]
[3636,9681,15857,32007]
[3636,16236,16564,40885]
[3636,25893,26989,54843]
[3636,32708,32825,40885]
[3639,6943,7632,11361]
[3640,19040,19769,23800]
[3641,30316,31376,55924]
[3644,8936,19981,56689]
[3647,22197,29697,48447]
[3648,6552,9048,9577]
[3649,7999,8241,8811]
[3649,8321,8323,16643]
[3649,8321,14601,61321]
[3649,15799,28609,51086]
[3650,7735,8687,18025]
[3650,32045,33579,42413]
[3652,14208,14223,14652]
[3654,6954,8113,11571]
[3654,17550,20735,44055]
[3655,7055,7225,9799]
[3655,9325,12682,27550]
[3657,13041,17066,44457]
[3658,7375,7670,13750]
[3659,16834,22910,54466]
[3660,18480,18483,54961]
[3660,29945,30687,63225]
[3661,15631,29729,64929]
[3663,4785,7215,7975]
[3663,5457,5476,65231]
[3663,6837,8769,11713]
[3663,18639,27489,44363]
[3665,9425,9802,21257]
[3672,20572,20833,43373]
[3675,6107,6375,32505]
[3680,8720,10900,13481]
[3682,24742,30709,47369]
[3683,17312,17437,26563]
[3683,18997,19307,27243]
[3687,4104,5896,29496]
[3687,25991,26488,34937]
[3689,4836,8928,10608]
[3689,9350,13775,27761]
[3689,11625,11935,34615]
[3689,15337,15589,15963]
[3689,17787,19737,40089]
[3689,46699,49449,51561]
[3693,14547,17193,33943]
[3696,5291,19008,40848]
[3699,7725,8745,13015]
[3699,12876,20276,27724]
[3699,13395,23975,41145]
[3699,25756,31588,43292]
[3700,5408,11020,60125]
[3700,17805,20467,25901]
[3704,12136,14798,15617]
[3704,14624,21501,32421]
[3705,5175,5434,14250]
[3706,9250,9265,16475]
[3706,19190,22781,30685]
[3707,16005,21725,38755]
[3710,5222,5247,5425]
[3710,10730,10759,22225]
[3711,4661,4699,40229]
[3711,7209,8170,19090]
[3712,9028,10212,43413]
[3712,11764,20587,38164]
[3713,5211,13514,25862]
[3716,4875,6525,31605]
[3716,10880,10925,14084]
[3717,3916,4365,36045]
[3717,13635,14490,22883]
[3721,16717,16946,62342]
[3723,5015,5110,19550]
[3723,5473,19227,26523]
[3723,5868,6132,6848]
[3723,9675,11985,14965]
[3723,23925,24125,31755]
[3723,28083,29261,55859]
[3723,38417,39201,53409]
[3725,6497,10147,32035]
[3725,9211,9500,45445]
[3725,10585,10877,15875]
[3725,13427,33125,56173]
[3726,4254,9217,23182]
[3728,7424,7910,11395]
[3728,24716,27028,44659]
[3729,4433,4485,48165]
[3729,6396,6929,20679]
[3730,17121,19071,38175]
[3731,5075,6765,24969]
[3731,5075,8645,13694]
[3731,5278,5330,46690]
[3731,6125,7175,8125]
[3731,6771,7007,11137]
[3731,6893,7119,31857]
[3731,8284,9212,33572]
[3734,42949,59240,64960]
[3737,4876,8588,22624]
[3737,7463,10201,49691]
[3738,24138,26522,28303]
[3740,6305,6400,6596]
[3740,6305,6400,11492]
[3740,6305,6596,11492]
[3740,9040,9775,15029]
[3742,5133,6867,26187]
[3743,6641,25807,53041]
[3743,9413,36001,59231]
[3743,9507,25352,49112]
[3743,24857,24961,34943]
[3744,4488,4719,26312]
[3744,9024,11140,20905]
[3744,14104,36549,38376]
[3745,5439,5550,6111]
[3750,9802,10295,14950]
[3751,4565,6424,23324]
[3751,6721,6727,14663]
[3751,19811,20119,55831]
[3751,28897,29822,47399]
[3752,20492,26553,50797]
[3757,5423,14993,41327]
[3757,7007,14993,41327]
[3757,7050,17493,20685]
[3757,7943,10013,13923]
[3757,8150,8725,8755]
[3757,8321,8957,40579]
[3757,8493,8517,11622]
[3757,12563,14993,16813]
[3757,13351,14807,38743]
[3757,18083,19363,31837]
[3757,29393,33453,60333]
[3759,27475,33041,44975]
[3760,11592,14742,22365]
[3763,4465,5215,45535]
[3766,16566,16709,25718]
[3770,7850,20619,25350]
[3775,9095,9407,22849]
[3775,13837,14740,29360]
[3775,17690,18328,24400]
[3776,49200,53505,63024]
[3777,11001,12352,59224]
[3782,4599,4768,35624]
[3783,25917,27248,38532]
[3784,16888,17434,20591]
[3785,14345,15423,16554]
[3787,25333,27083,44287]
[3789,11655,13875,23155]
[3791,6191,6291,15027]
[3791,16625,25615,35765]
[3791,20689,21747,53363]
[3791,21809,22095,62759]
[3795,5825,6291,27795]
[3795,17776,22400,61424]
[3795,26235,26818,39675]
[3795,37125,37275,61424]
[3796,5696,6319,12556]
[3797,14507,24797,49493]
[3800,4697,4840,21472]
[3800,6176,6251,16625]
[3800,6205,11200,39712]
[3800,7648,12125,42280]
[3800,13368,17845,33770]
[3801,8874,9849,36743]
[3807,4068,4768,14916]
[3807,5083,5488,54812]
[3808,4060,4292,5185]
[3808,4060,5775,15300]
[3808,4292,4508,7511]
[3808,5084,5117,19516]
[3808,7192,7208,14417]
[3808,7192,7511,27608]
[3808,15211,15392,36736]
[3809,9776,10816,32816]
[3809,13651,14943,63583]
[3809,14469,22561,33761]
[3809,23239,26809,43364]
[3810,6475,6750,6882]
[3812,5512,5597,23923]
[3813,4503,7378,15438]
[3815,8281,11935,35425]
[3815,43036,43164,48336]
[3816,4768,5841,31482]
[3819,22263,29705,33225]
[3825,4491,8866,14934]
[3825,6045,8866,23250]
[3825,6834,8050,8670]
[3825,8619,10875,12155]
[3825,17589,24395,46155]
[3825,20017,23715,34083]
[3825,27423,28050,30470]
[3827,7310,7565,33325]
[3827,10946,16840,44560]
[3827,28033,28147,49997]
[3828,4797,6032,34932]
[3828,6987,7124,7296]
[3828,7920,10455,18700]
[3828,11628,21228,30397]
[3831,28075,28094,35770]
[3833,13447,21131,65161]
[3835,5795,7259,10075]
[3835,7147,7150,10210]
[3838,10962,23058,57267]
[3838,18483,18963,57267]
[3838,20862,23058,31293]
[3839,4801,18962,33607]
[3839,4897,5761,9386]
[3840,4624,4785,6324]
[3842,21106,21131,33794]
[3842,28567,28832,65048]
[3843,4407,6893,17043]
[3843,10941,14659,16559]
[3843,20265,21507,23485]
[3844,18073,18656,39556]
[3845,9595,9845,22663]
[3848,8160,8177,25160]
[3848,13708,14027,24583]
[3848,17952,18018,43197]
[3848,20263,21632,63432]
[3850,5902,6265,25585]
[3850,7098,10230,15015]
[3850,24149,24875,55555]
[3850,24570,34749,51975]
[3850,37442,44583,52283]
[3850,41030,41403,52470]
[3851,7624,8056,30496]
[3854,17629,19909,26299]
[3855,7460,7975,30959]
[3855,12193,12593,49457]
[3855,14735,16191,59325]
[3855,16399,17649,36801]
[3856,30740,33740,55385]
[3857,4847,4979,5969]
[3857,11543,23959,37468]
[3857,18715,19285,34475]
[3859,9583,10100,54760]
[3859,12850,19091,21845]
[3864,4936,5673,43662]
[3864,7400,7585,19240]
[3864,15295,18239,33439]
[3865,19643,53257,57975]
[3867,9243,9633,16757]
[3869,5525,7285,9490]
[3869,8413,8769,16863]
[3869,9620,12581,31005]
[3869,28611,30438,33507]
[3869,32079,33443,45917]
[3872,4628,4747,38263]
[3874,4910,5215,24674]
[3874,11407,12665,24505]
[3874,21074,21331,25181]
[3875,5695,6072,7500]
[3875,7073,7277,51475]
[3875,7564,8835,22365]
[3875,12730,12731,26875]
[3875,13667,16405,17300]
[3875,13703,14455,15625]
[3875,28003,28025,47897]
[3875,28157,33695,49375]
[3876,5052,7999,22724]
[3876,15561,18564,22876]
[3876,16779,18564,63364]
[3877,19685,45848,53277]
[3880,14204,17925,18921]
[3885,4171,4365,9990]
[3885,4717,5883,23850]
[3885,5465,6558,14874]
[3885,6723,7252,8400]
[3885,18195,19437,22703]
[3885,19065,19437,33325]
[3887,5372,5408,8092]
[3887,5423,7345,26000]
[3887,5423,8671,34799]
[3887,5723,7046,41366]
[3887,5871,9971,19729]
[3887,6641,10166,57937]
[3887,7667,10754,14534]
[3887,20683,23777,29727]
[3887,23851,56212,61976]
[3891,10275,10750,28534]
[3892,4192,4235,11417]
[3892,10184,10483,18533]
[3893,10471,11782,14818]
[3893,23374,24157,64349]
[3894,8650,15130,62155]
[3894,13261,14829,46029]
[3895,7805,9875,14061]
[3895,13700,15344,28700]
[3895,17225,25211,28249]
[3897,17927,30141,31239]
[3898,6222,7869,17541]
[3899,8827,9223,21049]
[3900,4284,4420,5125]
[3900,5263,5265,20775]
[3900,8544,8900,24531]
[3900,9435,24531,58565]
[3900,14416,21305,58565]
[3900,15408,20235,24817]
[3900,15945,18500,22672]
[3900,18752,20775,60255]
[3901,7310,10435,41701]
[3905,14413,26625,47937]
[3905,17945,20350,22407]
[3906,19845,19856,26544]
[3910,4714,24035,54211]
[3910,9265,9775,27577]
[3913,5222,6097,7087]
[3913,8687,9417,21242]
[3913,9772,14924,54444]
[3913,10249,10637,22537]
[3913,11063,12337,45385]
[3914,8961,9064,15688]
[3915,10710,14960,35496]
[3916,28675,42720,53200]
[3918,12195,14000,45768]
[3920,9996,10004,15925]
[3921,6154,8975,42671]
[3922,4818,7326,19239]
[3924,7143,9524,14032]
[3924,9453,10028,48576]
[3927,5459,5523,31059]
[3927,7511,7735,26825]
[3927,7700,7735,14575]
[3927,12375,14575,26825]
[3927,16513,18207,37407]
[3928,15016,16697,48872]
[3933,5263,7112,22192]
[3933,10653,14885,21605]
[3933,12963,14885,21605]
[3933,21983,31388,53312]
[3936,48200,49080,62361]
[3938,8113,11438,16226]
[3939,5983,6786,26058]
[3939,22945,24570,52950]
[3940,25500,37575,40188]
[3944,14640,15606,23265]
[3950,5549,6251,23125]
[3951,7137,7313,45201]
[3952,10469,10944,43152]
[3952,17020,18980,23273]
[3953,7905,7922,31178]
[3955,8321,10170,34854]
[3955,8671,9379,10205]
[3955,10192,10283,32045]
[3956,9031,9401,14649]
[3956,13225,14000,18860]
[3958,26233,35642,43958]
[3959,5336,13024,44776]
[3959,11966,13024,44776]
[3959,34359,40247,63109]
[3959,39491,39516,41208]
[3960,6960,7085,7134]
[3961,8758,13514,40442]
[3961,9241,10923,27723]
[3961,15875,28925,52739]
[3961,16039,19339,32011]
[3961,27257,30361,33439]
[3963,5637,6123,9247]
[3965,5149,8775,26535]
[3965,5820,5917,10309]
[3968,9136,12886,54389]
[3971,6403,6897,11121]
[3971,38019,39501,44649]
[3971,47500,48925,55421]
[3973,12173,13837,31117]
[3973,13108,19436,20416]
[3975,5537,9255,27738]
[3975,7176,9120,13000]
[3976,19024,20377,28826]
[3977,16948,17072,30668]
[3977,17289,22473,33561]
[3978,4125,5000,9672]
[3978,4149,4278,15674]
[3978,16029,26304,49504]
[3978,17178,32487,41818]
[3978,26325,28730,45750]
[3979,15211,16907,21452]
[3979,15571,23874,39266]
[3980,6496,8145,18821]
[3981,13839,27231,48161]
[3985,11000,18400,25504]
[3987,10188,11277,42253]
[3989,11861,12439,32311]
[3991,15721,19769,33431]
[3995,12605,21275,47899]
[3995,15895,16779,52875]
[3995,18170,18331,21275]
[3996,4089,4292,6112]
[3996,23433,25404,29008]
[3997,8413,11771,48709]
[3999,6375,6450,16426]
[3999,9312,9399,44599]
[3999,10075,26325,27435]
[3999,10621,12126,13746]
[3999,10621,13746,48246]
[4000,5288,9915,59112]
[4000,9984,22620,63375]
[4002,39882,41251,46529]
[4004,4071,4356,6864]
[4004,4697,5247,6279]
[4004,5296,5313,36729]
[4004,6369,6948,13572]
[4004,10647,12096,13572]
[4004,11571,12096,13572]
[4006,6554,7526,7999]
[4008,36192,40513,51688]
[4009,8094,8241,14991]
[4010,27950,28575,57343]
[4012,4543,5428,20672]
[4012,6307,6572,20672]
[4012,18088,18091,19261]
[4012,18088,18091,33337]
[4012,22987,34868,49232]
[4015,8207,8600,61393]
[4015,9095,10777,12775]
[4017,4500,6540,12320]
[4018,9023,9184,20624]
[4018,10325,12382,18830]
[4022,51902,55027,62103]
[4023,4902,11622,18422]
[4023,18615,18625,20002]
[4023,18615,18923,59925]
[4025,4849,9890,42895]
[4025,5560,12616,20000]
[4025,9430,12673,41471]
[4025,34013,34638,40250]
[4026,5726,6909,8589]
[4026,6314,7686,15939]
[4026,15686,15939,61686]
[4028,7997,8132,33212]
[4028,11623,16112,59888]
[4028,18512,21983,31217]
[4028,21171,28228,36796]
[4029,40579,49929,58179]
[4030,5915,8525,15717]
[4030,12558,13950,15717]
[4031,27775,39656,48985]
[4032,6664,7735,10760]
[4033,8364,16983,52767]
[4033,9864,12608,25208]
[4033,17081,17767,22681]
[4034,4898,4991,62527]
[4036,5225,5911,25225]
[4037,6412,7412,43052]
[4038,21714,28939,41287]
[4039,8961,9657,16986]
[4039,9156,12768,20772]
[4039,14637,26937,32889]
[4039,16441,22857,26937]
[4041,4632,6568,16984]
[4041,14391,15561,19721]
[4042,11210,11267,14858]
[4043,4543,6566,13118]
[4043,6559,6566,13118]
[4043,27475,32620,48685]
[4044,5217,5392,14208]
[4044,7616,8364,51561]
[4044,8496,9676,59649]
[4044,10656,10804,25359]
[4045,7565,14875,30742]
[4046,25854,26491,37859]
[4046,27050,31255,64379]
[4047,7503,9393,26137]
[4047,29393,33453,37107]
[4048,6900,8073,32625]
[4048,9592,17342,27577]
[4050,11625,18750,23506]
[4050,14931,14994,23506]
[4053,4375,4697,4825]
[4053,40810,40875,45315]
[4056,5481,5824,12264]
[4056,19008,26169,49192]
[4059,6061,12708,24552]
[4059,7809,24149,36309]
[4059,12309,12340,37884]
[4059,15378,21197,28659]
[4060,4641,5185,6409]
[4060,5040,5075,6409]
[4060,5048,5523,52073]
[4060,19700,28565,41309]
[4062,11118,11509,60706]
[4063,8873,9761,13919]
[4063,9537,10013,22019]
[4063,11788,14348,31952]
[4067,6307,6308,27307]
[4068,9379,10396,18404]
[4069,8619,8874,24414]
[4069,15938,16562,19406]
[4069,21691,24089,30361]
[4072,14368,23923,44002]
[4074,32634,33229,43679]
[4075,5123,6040,23435]
[4080,6132,6205,16575]
[4080,11880,13325,14689]
[4081,6358,6545,12985]
[4081,7281,7511,22001]
[4081,11956,13664,23956]
[4082,7141,11618,49166]
[4082,7482,15093,60759]
[4084,4403,5453,7147]
[4084,15491,16336,32896]
[4085,5401,5835,50165]
[4085,11755,32897,48737]
[4085,35207,36043,46325]
[4088,4440,4662,9975]
[4088,6468,6897,8547]
[4088,6900,9975,16863]
[4088,8224,8249,47288]
[4088,8288,8547,13578]
[4088,11928,14697,26838]
[4088,13664,20561,35014]
[4089,5088,6112,11136]
[4089,11271,11339,14729]
[4095,8115,8300,28132]
[4095,14022,16905,48503]
[4097,6253,6512,12532]
[4097,27263,28033,33017]
[4100,7483,16892,21380]
[4100,9823,9840,38400]
[4100,9823,10945,56375]
[4100,16817,23408,60260]
[4103,4886,5222,23786]
[4103,12095,15655,37300]
[4103,13447,17578,36047]
[4104,9000,9150,12025]
[4104,9828,12025,52065]
[4105,8169,8855,11494]
[4107,5133,5476,10176]
[4107,6475,6882,18957]
[4107,11125,13875,18957]
[4107,14637,14678,35853]
[4108,6817,6868,20852]
[4109,10841,11929,12711]
[4110,17030,38025,58773]
[4112,20096,26985,49680]
[4114,8778,18411,24453]
[4114,10186,10439,26315]
[4117,36842,42133,52715]
[4118,6802,32007,42927]
[4121,13321,18166,41266]
[4121,25604,42809,54841]
[4122,21750,21755,30225]
[4123,12027,12673,31679]
[4123,17227,20252,62480]
[4123,24605,28675,41230]
[4125,4403,4515,58275]
[4125,5213,6015,11037]
[4125,5945,8118,47850]
[4125,6405,8357,22875]
[4125,6435,8357,10725]
[4125,9027,11550,22627]
[4125,10495,24792,61500]
[4125,10985,11037,29475]
[4125,11685,11875,43491]
[4125,12931,14375,26215]
[4127,25727,25802,32354]
[4128,16452,19651,36636]
[4134,10034,10203,20241]
[4134,10034,10203,26841]
[4137,6313,8897,18473]
[4137,14820,19625,43537]
[4137,22825,24625,34505]
[4138,44438,46163,57962]
[4138,51610,51725,57962]
[4140,15088,15525,19188]
[4141,8249,8802,24378]
[4141,9125,29684,58075]
[4141,12275,15180,28045]
[4141,14059,14291,26541]
[4141,26884,30304,36764]
[4142,8062,9483,49938]
[4142,10242,11538,22563]
[4142,22358,22427,40643]
[4142,45182,46113,49938]
[4142,58322,58642,61803]
[4143,6873,6951,13529]
[4143,14993,19452,28713]
[4144,6344,7686,10101]
[4144,8096,8349,14674]
[4144,11336,11914,28231]
[4144,23744,39431,46640]
[4147,4750,5365,30797]
[4147,4840,14872,52160]
[4147,5933,10846,36179]
[4147,10573,11323,39728]
[4147,10573,11737,15587]
[4147,10573,13871,22781]
[4147,13261,15347,26611]
[4147,15613,19981,34829]
[4147,18614,20072,28536]
[4147,19635,22997,27115]
[4147,25707,28536,36531]
[4148,5632,7381,54604]
[4148,8083,10292,41648]
[4149,11475,29965,54570]
[4149,24309,26101,29559]
[4150,5090,5111,12725]
[4150,13250,13395,14619]
[4155,5075,5220,63156]
[4158,9963,11726,46926]
[4160,8076,8340,30285]
[4161,8319,8321,9021]
[4161,8319,9204,34279]
[4163,5063,5246,17738]
[4163,8381,8780,24565]
[4164,10144,12997,13508]
[4165,18245,18275,25051]
[4165,24955,30157,49651]
[4171,5621,7081,11189]
[4173,8307,13783,39767]
[4176,11700,13780,16965]
[4176,18084,18879,40004]
[4176,23384,29754,47421]
[4180,4640,4675,14036]
[4180,29104,29300,33971]
[4181,5985,5994,34110]
[4182,18603,21624,40016]
[4183,9061,9367,13161]
[4183,16643,18601,57321]
[4184,7460,7665,38665]
[4186,7469,7654,17654]
[4187,15250,15963,22725]
[4187,23643,28197,52947]
[4188,7763,13308,26532]
[4189,10364,17371,21349]
[4194,12966,13603,15127]
[4194,24618,30057,64219]
[4196,4784,10244,32519]
[4199,5881,14291,64691]
[4199,7169,8294,15574]
[4199,8149,8294,33354]
[4199,12775,15351,53235]
[4199,24115,44135,48601]
[4199,33440,35815,40001]
[4200,4959,5920,33640]
[4200,6360,6409,7950]
[4200,18984,19825,31640]
[4203,10643,10701,20844]
[4205,6025,6375,20967]
[4205,7663,7962,15138]
[4205,12994,13456,24544]
[4205,15257,15368,20300]
[4205,20540,24544,37700]
[4209,7660,15616,59660]
[4209,9231,11041,56481]
[4209,11753,13578,19734]
[4209,20988,21359,29913]
[4209,26481,26657,29003]
[4214,23506,24881,33089]
[4216,5035,8160,25016]
[4218,7018,7866,31407]
[4221,8771,8901,46341]
[4221,11613,11663,19313]
[4223,17323,17978,42082]
[4223,24477,29391,55473]
[4225,5278,5330,7250]
[4225,5278,7250,18590]
[4225,6111,6435,65475]
[4225,10517,10625,32383]
[4225,13540,27391,50775]
[4225,15785,16159,18590]
[4230,11050,16506,19575]
[4230,26945,46800,52992]
[4232,29868,35665,45493]
[4233,12927,13642,24198]
[4234,4901,5568,7592]
[4234,6341,10469,13651]
[4234,7566,7743,8541]
[4234,51709,56869,63101]
[4235,15631,20619,28875]
[4235,36995,52309,59563]
[4240,5220,6148,17225]
[4240,9672,13197,15990]
[4240,11492,14365,17225]
[4242,9647,9696,12456]
[4244,32513,32800,48620]
[4246,6014,6755,55775]
[4246,8642,18029,44979]
[4246,13871,21146,38038]
[4247,10747,13015,38103]
[4248,24432,25998,49373]
[4248,31073,31392,41688]
[4249,12851,12989,27709]
[4250,5846,6035,12650]
[4250,7790,10165,13243]
[4250,8282,11110,13243]
[4251,5049,5429,6731]
[4251,6309,6407,16967]
[4251,13029,13039,17589]
[4251,21735,26999,57225]
[4251,26469,29237,44133]
[4251,29563,43401,45513]
[4255,10625,26125,34387]
[4255,13000,14456,59200]
[4256,6456,6726,45999]
[4260,19225,27684,36000]
[4262,5162,5418,7743]
[4263,6993,11951,45066]
[4263,8113,9048,56028]
[4264,7400,7585,27880]
[4265,5577,7677,12675]
[4266,11771,12069,14931]
[4268,15675,17460,19668]
[4269,43581,43870,50406]
[4270,28543,29768,60520]
[4272,10348,15041,19276]
[4272,13108,15411,16821]
[4272,15264,21147,38164]
[4275,10047,20145,24625]
[4275,12635,12654,15525]
[4275,14835,14933,25493]
[4277,8723,9768,25652]
[4277,9425,9802,27550]
[4279,10579,18029,21395]
[4279,11191,21607,41323]
[4279,30396,32676,63684]
[4280,9968,11125,61318]
[4282,8118,8487,38538]
[4284,10992,11067,11809]
[4285,9015,9575,30311]
[4288,5512,5513,36040]
[4290,6655,9464,17600]
[4292,4816,5117,34916]
[4292,10583,10592,24508]
[4292,11152,11339,47804]
[4292,11288,11339,15281]
[4292,12608,12673,14948]
[4292,12608,12673,22852]
[4292,12608,14467,34916]
[4293,5877,5883,58117]
[4297,23575,24178,52050]
[4301,5811,9919,17731]
[4301,10549,12604,17204]
[4301,17825,19251,58125]
[4301,19981,20033,34017]
[4301,19981,21199,25519]
[4301,19981,21199,57551]
[4305,5423,6273,36975]
[4305,10545,12975,41297]
[4305,18564,29575,45305]
[4307,31021,31171,41107]
[4309,5771,6059,15354]
[4309,8683,10483,16909]
[4309,12031,12719,25809]
[4311,10317,11536,26164]
[4312,10087,15128,28952]
[4312,13447,19688,25312]
[4312,13832,19450,41615]
[4312,22904,23485,44990]
[4313,23897,25199,27586]
[4316,4891,5252,37084]
[4316,7141,7844,25476]
[4318,7967,8162,8738]
[4318,17526,23749,59551]
[4319,5537,9255,11865]
[4321,5075,5215,25375]
[4321,7429,7446,21726]
[4321,11167,12367,15283]
[4321,14079,18179,54883]
[4321,21331,27267,47357]
[4323,5075,7098,42630]
[4323,7361,7752,62352]
[4323,28802,35043,43203]
[4324,13424,13801,32193]
[4324,20984,38771,64079]
[4325,5719,6055,46375]
[4325,5755,8023,19209]
[4325,9590,11200,53704]
[4325,26341,37541,46375]
[4325,27139,29315,38770]
[4328,10180,10397,16697]
[4329,5551,6039,24336]
[4329,18921,19721,26871]
[4329,25239,25273,34997]
[4332,5491,6384,14484]
[4335,5150,6617,23375]
[4335,5500,7548,28800]
[4335,6039,6710,14025]
[4335,13455,15827,22125]
[4335,17810,19458,41106]
[4335,29295,32657,36975]
[4335,32625,36975,41873]
[4336,10388,11289,45236]
[4338,18495,26880,58088]
[4340,5200,5243,7700]
[4340,8080,12524,33325]
[4341,49141,49617,58491]
[4342,5882,13494,28509]
[4343,6290,8585,38665]
[4343,10868,16192,57772]
[4343,27004,32207,39721]
[4345,5250,6264,20400]
[4345,14245,14427,14875]
[4345,14375,14875,23163]
[4346,11154,22035,33579]
[4346,14365,29510,45050]
[4347,7429,8721,35397]
[4347,8325,8835,32635]
[4347,8325,11640,32635]
[4347,8687,8721,41391]
[4347,11835,11928,47747]
[4350,18239,19314,45630]
[4351,9373,9427,38701]
[4351,10777,15751,59527]
[4354,32879,33184,41384]
[4355,9010,11024,13600]
[4355,9724,11024,13600]
[4355,11285,19832,53131]
[4360,8015,9937,38735]
[4361,11543,18139,26789]
[4361,26936,27768,41664]
[4362,26826,28399,35574]
[4365,4490,8010,24246]
[4365,5502,10050,32398]
[4366,4825,4895,35705]
[4366,12430,12441,17666]
[4366,22834,24211,34354]
[4367,9933,10692,14976]
[4367,13908,14292,20496]
[4368,6300,6643,8700]
[4368,6557,7488,12048]
[4368,9768,9915,40885]
[4368,31059,32595,40885]
[4368,31876,37401,40068]
[4369,5201,6566,35959]
[4369,5719,6566,61166]
[4369,28561,31603,41377]
[4369,42769,48059,51409]
[4375,5239,5915,42875]
[4375,9333,12375,64233]
[4375,12460,12500,15308]
[4375,28639,35230,46625]
[4377,19164,25552,48064]
[4380,13468,13505,26825]
[4381,13061,14467,14828]
[4381,18444,28645,56869]
[4381,21827,33098,41827]
[4384,6984,9864,26829]
[4384,8200,11645,26250]
[4384,11924,13132,16303]
[4384,28324,28421,40004]
[4385,9100,10740,31572]
[4386,7221,8096,42864]
[4386,8858,9911,13889]
[4386,19014,22183,26239]
[4387,11128,18083,59267]
[4388,7888,8381,31813]
[4389,8547,9435,14245]
[4389,11419,11571,12621]
[4390,7225,20519,27097]
[4392,4785,5017,26535]
[4392,4848,5723,18483]
[4393,36557,43523,61827]
[4395,13833,31058,59450]
[4396,15953,16271,58247]
[4397,10553,12802,61558]
[4399,7144,7153,37073]
[4399,7171,7514,10286]
[4399,21900,23055,25785]
[4400,5740,6923,24500]
[4400,7872,8235,36900]
[4400,37720,49654,56375]
[4401,5301,5681,33231]
[4402,30862,33263,42098]
[4403,7373,7511,12019]
[4403,12467,14525,31265]
[4403,14413,14467,48433]
[4403,24505,34697,41847]
[4407,8082,19127,39063]
[4408,4653,4664,60104]
[4410,11830,16731,40950]
[4410,16058,16650,18333]
[4411,5500,6160,25664]
[4411,10725,15639,38025]
[4416,5200,5785,34000]
[4420,6360,6409,6625]
[4420,16181,16580,22256]
[4424,8224,12936,16191]
[4424,16501,17429,57469]
[4424,38947,42976,51272]
[4429,14271,15921,23247]
[4431,6307,6732,26544]
[4431,12047,15750,25815]
[4431,12201,14513,59727]
[4432,5720,12375,30470]
[4433,6575,6583,27825]
[4433,12857,13351,36391]
[4433,26158,27608,49856]
[4433,47983,48165,53167]
[4437,7125,7163,33915]
[4437,7125,7225,54375]
[4437,7735,10062,22950]
[4437,9231,26245,33915]
[4437,11379,16779,43637]
[4437,18837,26418,58058]
[4439,7007,18914,40082]
[4439,7436,48841,52689]
[4439,13161,13250,62111]
[4439,15433,18914,39767]
[4439,21197,36378,43522]
[4439,21197,44339,56461]
[4439,25085,33389,54125]
[4440,6552,9435,33448]
[4440,8352,9435,27560]
[4443,8109,8141,13107]
[4443,14877,21604,35544]
[4443,15621,15729,60721]
[4444,16900,26455,63140]
[4444,24388,32956,63063]
[4445,4731,4806,15894]
[4445,13013,15275,47320]
[4446,7854,13794,46189]
[4446,14027,16029,60579]
[4446,38179,38403,60579]
[4450,12155,14893,38675]
[4450,12749,22000,39160]
[4450,13095,15714,24030]
[4450,25198,26077,38750]
[4453,4511,4514,13286]
[4453,5603,5629,6278]
[4453,6103,6532,8912]
[4453,6437,6499,56564]
[4453,15028,15827,16133]
[4453,15028,39712,45968]
[4453,26341,26797,37741]
[4453,28645,28853,31025]
[4453,31077,31349,43621]
[4454,7345,21329,61625]
[4459,24934,26549,50869]
[4464,11856,15700,61585]
[4465,6425,7050,12079]
[4465,18415,19493,21275]
[4466,5922,6003,19278]
[4466,26197,26941,52853]
[4466,47971,50344,62656]
[4469,5044,5141,18421]
[4469,5525,6625,9919]
[4469,10293,10332,33069]
[4469,16211,16646,17779]
[4469,20619,30411,41499]
[4470,4897,7872,10728]
[4471,7266,8721,57609]
[4471,11849,11913,24123]
[4471,28779,30634,45974]
[4472,5473,7904,26944]
[4473,7801,14299,61049]
[4473,14329,16821,21771]
[4473,35775,35820,55385]
[4475,13651,18326,44165]
[4475,15330,15525,33069]
[4475,19045,19287,21975]
[4477,5621,5698,21973]
[4477,7843,8977,11407]
[4477,9537,11407,19057]
[4477,13013,13468,24332]
[4477,34307,41995,50635]
[4480,7904,8225,25480]
[4484,11729,13948,16832]
[4485,15045,19277,44813]
[4485,18125,20787,34125]
[4488,11388,14235,35113]
[4488,12320,12600,21945]
[4488,12831,15288,30856]
[4495,5405,5425,28303]
[4495,22671,27995,29029]
[4495,58045,58575,62159]
[4498,9173,9342,55038]
[4499,9656,10624,55624]
[4499,12331,29141,40491]
[4499,21700,24540,33060]
[4500,5709,5740,10380]
[4500,6027,7052,14640]
[4500,43440,44175,54119]
[4500,46971,47500,62580]
[4503,7828,11392,29792]
[4503,22755,23005,64995]
[4505,6500,6800,22684]
[4505,7150,7225,12193]
[4505,7150,7225,17759]
[4505,7150,12193,17759]
[4505,17069,18275,31005]
[4505,23985,24089,38425]
[4507,5933,14309,20636]
[4509,14211,14601,22999]
[4509,18459,20140,35916]
[4509,28413,34300,51660]
[4510,32930,33374,36223]
[4511,15039,15041,32006]
[4511,18721,19303,30458]
[4514,5746,6222,8177]
[4514,30599,31598,60002]
[4516,12971,16132,56848]
[4518,12006,12643,16218]
[4518,14235,14600,16368]
[4520,5600,5650,13169]
[4521,8954,9864,19536]
[4523,14027,14133,40262]
[4524,5280,5655,22100]
[4524,5625,5824,9300]
[4524,7920,11401,29580]
[4524,43615,43849,44225]
[4525,6020,6400,7964]
[4525,13493,14260,37660]
[4526,5525,6205,10115]
[4527,6183,6567,34777]
[4528,6336,7353,9936]
[4531,7259,11186,56539]
[4531,18419,18791,33971]
[4537,9010,11713,39865]
[4537,12012,12564,40716]
[4539,5029,5211,5904]
[4539,5757,6307,8686]
[4539,6647,7735,20425]
[4543,6307,8092,20672]
[4543,6643,8241,11343]
[4543,10472,14168,34472]
[4543,28379,41846,65254]
[4544,20048,21106,29681]
[4545,7831,18881,36080]
[4545,10047,14178,19897]
[4545,12140,33300,35856]
[4545,32375,33300,35856]
[4550,5194,5565,13575]
[4550,6069,8160,32760]
[4550,8897,11770,26390]
[4550,25546,25610,37355]
[4550,33898,34895,43673]
[4550,35006,37355,46455]
[4550,45591,46455,61425]
[4551,4845,4899,34595]
[4551,6201,6279,10619]
[4551,6201,6519,10619]
[4551,6201,6981,10619]
[4551,6201,8249,28249]
[4551,24739,29756,48544]
[4551,32499,33411,45059]
[4552,6032,6106,16501]
[4552,6032,7954,16501]
[4553,7150,14703,30615]
[4553,12628,13079,28303]
[4553,12628,28208,31552]
[4553,14703,15543,30537]
[4556,5159,6164,9964]
[4556,8912,9044,9469]
[4556,9295,10256,21580]
[4556,16359,39444,62016]
[4558,6222,6466,17051]
[4559,4879,4947,24723]
[4559,9905,10325,37345]
[4559,18139,20273,42097]
[4560,13800,14761,27267]
[4560,13920,18338,23329]
[4561,28024,28928,36488]
[4563,24837,25194,26363]
[4565,11900,15008,23324]
[4573,5626,5627,21251]
[4575,5345,7137,9621]
[4575,7585,8325,35793]
[4575,26015,29097,35625]
[4575,47071,48129,61695]
[4576,5576,6409,9464]
[4576,9364,22069,33731]
[4576,13776,15826,20705]
[4579,31886,33712,39328]
[4580,15752,16075,39025]
[4580,15752,17523,60027]
[4581,44187,46319,64113]
[4582,21106,21743,35119]
[4584,4964,5049,6351]
[4587,15433,16119,60489]
[4588,13804,16037,17612]
[4588,13804,16037,39788]
[4588,16864,17612,33263]
[4588,26071,36704,47212]
[4588,45260,51615,59700]
[4589,7725,7995,30789]
[4590,11139,11986,54910]
[4590,19125,21250,49278]
[4590,31785,33150,42478]
[4592,22880,41255,55900]
[4598,44022,45402,50853]
[4599,8625,8855,24150]
[4599,11849,12699,37449]
[4601,8319,9177,39207]
[4602,10237,10282,18518]
[4602,28365,43050,55510]
[4607,8182,9143,23241]
[4608,9592,9810,24633]
[4608,11408,13617,19350]
[4611,5301,6148,6837]
[4611,6309,8332,23133]
[4611,10019,12879,20271]
[4611,12584,15264,29736]
[4611,12861,13186,13589]
[4611,18819,18921,26071]
[4612,18675,19413,51885]
[4615,8827,15548,40552]
[4615,43225,43301,54587]
[4616,52496,52629,63991]
[4617,12996,25308,39904]
[4620,9360,9425,35724]
[4620,15660,18444,23941]
[4623,40527,41173,42161]
[4624,6296,6647,15557]
[4624,12544,18785,39440]
[4624,17552,18649,33524]
[4624,24779,28288,49168]
[4625,6319,7475,16465]
[4625,6380,6919,55825]
[4625,8029,8140,50000]
[4625,9350,9361,23375]
[4625,11440,13616,41600]
[4625,19885,23606,47150]
[4625,23273,23375,34225]
[4625,36273,37515,39627]
[4627,7198,15603,41643]
[4627,8027,8827,34202]
[4627,8027,9772,18907]
[4627,26693,31067,62708]
[4632,5000,5115,35250]
[4632,8556,8557,25669]
[4633,4921,7421,12317]
[4633,14348,14464,19756]
[4633,23925,32670,37290]
[4633,30073,32103,38247]
[4634,12709,12859,21413]
[4634,15191,29001,60081]
[4636,5280,6039,31845]
[4641,7391,8449,35399]
[4641,11661,12376,24276]
[4641,13542,29008,44408]
[4645,8173,9125,11148]
[4645,21115,38089,45449]
[4645,23950,23966,46450]
[4646,16031,26726,57974]
[4649,24592,27392,50576]
[4650,15062,19462,28625]
[4655,7630,9177,17575]
[4655,9295,13325,37453]
[4655,19740,45600,52668]
[4655,25585,30193,31759]
[4659,14739,26401,55199]
[4661,9353,9990,45870]
[4664,24064,24824,40651]
[4668,7957,7968,18396]
[4668,20079,22407,23729]
[4669,11039,14497,52193]
[4669,22533,23069,49358]
[4671,14469,16203,29237]
[4672,14624,15995,54020]
[4675,4901,6370,6851]
[4675,7259,13090,23485]
[4675,9633,10065,32175]
[4675,10057,10115,23165]
[4675,11011,14875,35035]
[4675,11110,13736,24640]
[4675,11803,12155,17797]
[4675,14036,15664,20300]
[4675,14036,20300,29920]
[4675,17760,17797,18365]
[4676,11605,19600,22876]
[4680,22404,45825,59329]
[4683,25773,26069,36651]
[4686,9089,9729,28449]
[4686,9614,9729,16974]
[4687,17118,18722,39022]
[4687,29711,34639,44363]
[4688,12212,13268,14357]
[4689,7791,8051,35949]
[4692,5187,6188,10192]
[4692,6592,9537,25347]
[4693,9082,10184,59368]
[4696,32848,36954,62777]
[4697,4897,5063,25232]
[4697,6938,12383,50183]
[4697,8228,8668,12932]
[4697,11377,11424,35441]
[4697,13125,15705,32025]
[4697,14025,16578,20130]
[4697,21428,23188,27572]
[4697,25228,25232,34132]
[4697,26378,35623,42273]
[4697,26668,27572,46832]
[4697,33022,42273,50183]
[4699,21691,21809,38801]
[4700,6248,9215,29915]
[4706,29746,31602,51947]
[4708,9009,9216,20592]
[4708,11323,13724,31204]
[4711,5889,7449,8076]
[4714,9061,9331,40069]
[4714,9061,11341,40069]
[4715,8103,9225,51465]
[4715,11080,20125,44597]
[4715,32595,34317,44019]
[4717,7259,8366,12667]
[4718,12078,12089,57134]
[4720,5423,9280,26000]
[4720,29320,29925,44121]
[4724,6100,7125,53145]
[4725,5283,5908,14805]
[4725,13260,18173,46059]
[4725,44541,45045,52520]
[4726,15399,17226,33606]
[4728,16500,16745,24675]
[4729,23377,23498,46754]
[4731,20999,26809,59641]
[4732,7544,8435,17745]
[4732,19285,19332,21840]
[4732,24168,24843,43407]
[4734,22734,23155,27966]
[4736,10136,13394,26381]
[4736,19856,27632,45917]
[4738,6187,6923,22997]
[4739,5236,13984,18956]
[4741,14469,24843,56763]
[4743,5057,5058,10503]
[4743,5883,8313,33337]
[4743,6723,7031,8439]
[4743,9593,13213,33337]
[4745,6145,6175,21608]
[4745,54839,57889,62495]
[4746,14858,15029,31654]
[4746,20839,21984,27384]
[4747,5358,6768,16968]
[4747,11325,13050,55278]
[4750,5830,6175,7049]
[4750,5883,6030,58830]
[4750,6765,7571,44075]
[4752,7015,8473,46777]
[4752,10212,19844,23199]
[4757,5225,5335,37015]
[4757,15207,16537,26023]
[4757,28165,41632,65468]
[4758,5626,6351,11349]
[4758,27270,28275,61105]
[4760,5408,5525,6760]
[4762,19482,21482,26137]
[4763,6253,6331,16454]
[4763,9313,28036,42112]
[4765,7852,15248,61360]
[4767,49375,49383,56250]
[4768,21148,21167,33517]
[4769,9294,9872,12392]
[4773,5487,5676,9976]
[4773,12123,16613,59163]
[4773,15355,21627,35298]
[4774,7799,8239,14889]
[4775,5846,5850,11354]
[4777,9223,9273,16441]
[4777,10013,16013,24973]
[4778,39322,49430,54947]
[4779,6375,7990,46750]
[4779,15381,34547,43608]
[4780,15317,17408,39220]
[4781,20995,21245,35581]
[4783,15717,17418,47658]
[4784,11336,11914,32591]
[4784,14536,14899,16951]
[4785,6345,6486,25897]
[4785,6993,9768,11825]
[4788,5460,6188,10335]
[4788,7263,7532,45108]
[4790,21730,21951,26643]
[4793,5287,5322,18247]
[4794,18031,18104,23296]
[4794,18031,20586,40326]
[4795,6125,6368,17500]
[4796,18404,26596,47645]
[4797,6018,8227,19227]
[4797,6525,7685,7995]
[4797,24195,24805,34853]
[4800,5780,6732,7905]
[4800,6120,6649,10200]
[4800,23016,23290,25825]
[4806,11154,11323,14857]
[4807,5777,6992,47633]
[4807,7225,8505,30345]
[4807,7943,8911,41743]
[4807,8349,8505,11385]
[4807,9273,9867,58167]
[4807,10925,11165,24035]
[4807,11951,27132,52768]
[4810,20938,27565,39962]
[4812,6987,12733,46717]
[4813,24307,29509,50299]
[4813,37037,45617,61457]
[4814,5250,5795,7975]
[4814,7289,7474,11426]
[4814,7289,8584,25216]
[4818,17918,19941,33507]
[4818,24486,24893,30739]
[4819,7661,8181,20661]
[4819,13459,14291,42319]
[4823,6273,9503,16318]
[4823,8245,8827,42245]
[4823,11973,13013,56917]
[4823,13481,22631,35581]
[4823,24063,44424,55809]
[4824,8400,13205,30750]
[4825,5383,6755,26915]
[4825,12185,18073,39565]
[4825,30158,30175,35705]
[4826,5569,6410,55690]
[4827,9429,9579,30571]
[4827,11323,13663,32383]
[4832,38008,40133,49457]
[4833,5151,5249,6783]
[4841,5624,7928,23048]
[4842,7533,8339,21483]
[4843,7925,9193,16375]
[4843,25451,25957,30143]
[4844,5304,6201,15051]
[4844,11084,12084,26469]
[4844,11509,11764,21664]
[4844,19600,21625,38115]
[4844,30719,31756,47056]
[4845,7076,8845,15725]
[4845,7315,7497,20349]
[4845,10989,24739,34595]
[4845,16813,19475,40375]
[4845,22995,23579,61275]
[4847,5603,5846,63566]
[4847,8599,13801,24728]
[4848,14652,14948,19695]
[4848,42588,44732,54093]
[4849,6313,20137,39074]
[4849,12913,13801,22999]
[4850,12354,12555,30846]
[4850,13838,13875,64770]
[4854,9222,17347,46922]
[4862,6325,6800,13640]
[4862,7535,12337,60775]
[4862,12337,12848,14872]
[4862,15257,15847,47047]
[4863,15783,17831,19504]
[4863,20484,22116,25312]
[4864,6888,7011,12312]
[4865,9653,10010,25990]
[4870,25370,27071,38005]
[4871,9241,13085,46205]
[4872,7192,9207,16182]
[4875,7630,7950,25506]
[4875,8235,8463,19825]
[4875,9481,9531,32955]
[4875,13617,19135,25025]
[4875,15453,17675,40053]
[4875,18645,23691,36725]
[4876,7175,8720,13940]
[4876,15824,18791,20339]
[4876,24076,24311,29716]
[4879,5621,5986,11186]
[4879,5873,8577,39729]
[4879,6083,7667,27379]
[4879,6671,6783,8577]
[4879,7921,8979,43521]
[4879,8687,8979,14637]
[4879,16241,18081,61131]
[4879,17799,19754,60326]
[4879,20971,25666,42874]
[4879,26999,27511,43036]
[4879,39375,40375,61705]
[4880,9700,9821,38500]
[4883,10803,10959,40719]
[4884,8041,15984,54516]
[4884,8400,8940,40441]
[4886,12410,12614,12775]
[4886,12410,48314,63875]
[4887,6537,7387,29435]
[4887,19575,29435,34875]
[4890,24854,32775,50925]
[4891,5684,6061,58029]
[4895,7300,8188,22300]
[4895,8405,11825,55473]
[4895,9350,9520,31328]
[4897,6783,7075,18755]
[4897,27023,32352,64272]
[4899,12151,13735,18649]
[4899,34595,34845,43401]
[4900,43169,52860,62244]
[4901,6231,6474,17394]
[4901,7771,8099,12896]
[4901,8449,8789,25259]
[4901,15224,15301,55187]
[4901,15224,15379,18349]
[4901,15224,15379,65221]
[4901,15224,18349,65221]
[4901,17051,17394,23171]
[4901,17051,17394,63869]
[4901,17051,23171,63869]
[4902,10974,11227,25527]
[4905,7695,8284,9975]
[4905,7831,8405,11881]
[4905,8493,10218,32482]
[4905,14365,14950,44254]
[4913,13328,21008,36992]
[4913,14223,25143,38793]
[4913,17263,23987,46163]
[4917,7585,7733,11275]
[4917,8307,9238,36237]
[4917,8642,12963,25803]
[4917,10373,14091,21771]
[4917,12267,13688,31588]
[4917,18876,23408,41124]
[4917,34017,34684,41124]
[4920,12480,12792,27121]
[4921,8925,17955,65379]
[4921,11679,13671,26418]
[4921,13369,13601,41951]
[4925,6570,6950,28762]
[4925,7395,7425,10047]
[4925,7913,10237,24125]
[4925,11005,19375,42749]
[4927,5302,7952,30848]
[4928,29200,50297,62050]
[4928,49640,50297,62050]
[4929,6734,11544,57144]
[4929,10879,11221,27029]
[4929,10879,11221,64703]
[4929,10879,13889,18619]
[4929,10879,27029,64703]
[4929,13826,21328,53152]
[4929,21111,21328,53152]
[4931,6613,9163,40456]
[4932,6549,6576,13024]
[4932,6807,7168,52060]
[4932,9628,9693,38628]
[4932,10556,11645,37700]
[4932,11001,11868,13024]
[4932,20128,20273,26852]
[4935,8325,12075,18389]
[4936,27959,32689,39311]
[4939,11000,12925,35389]
[4940,9620,9701,19097]
[4945,7375,8509,11875]
[4945,8299,8555,16555]
[4945,17342,26680,30992]
[4946,15503,28178,42578]
[4947,10887,20039,59001]
[4947,17197,21243,58707]
[4947,42453,45474,55981]
[4949,26299,27092,33176]
[4949,26299,27092,48076]
[4949,26299,33176,48076]
[4950,7251,10410,24170]
[4953,17113,17703,25137]
[4955,5605,6683,21775]
[4956,6039,7888,50752]
[4961,9823,9840,20295]
[4961,9823,13939,32461]
[4961,21637,36811,40139]
[4961,36223,36811,40139]
[4961,36223,36811,47861]
[4963,14098,15598,30338]
[4964,38560,43435,55300]
[4966,31025,31535,59641]
[4980,5065,9300,39456]
[4981,8131,17646,57429]
[4986,20911,21114,34218]
[4988,7837,7888,9220]
[4988,7837,12512,53476]
[4988,13975,36335,53737]
[4991,16849,17473,49217]
[4991,20398,24800,54720]
[4994,6290,6325,6919]
[4994,13871,20878,37442]
[4995,5829,8029,18525]
[4995,6525,7511,13875]
[4995,7875,8325,9797]
[4995,12033,13505,45567]
[4995,31659,34891,38325]
[4995,32595,44733,62275]
[4996,10504,16237,39221]
[4997,18309,22953,38709]
[4998,7482,7546,12201]
[5000,7232,8475,29750]
[5000,13032,13050,24435]
[5000,23980,26827,32375]
[5002,5141,5302,11834]
[5002,8242,9061,11729]
[5002,11063,11382,25418]
[5002,11063,11382,58682]
[5002,11063,11729,14319]
[5002,11063,11729,37271]
[5002,11063,14319,37271]
[5002,11063,25418,58682]
[5002,32623,33128,48752]
[5005,11060,29744,61600]
[5005,11465,12298,50446]
[5005,12485,14651,15400]
[5005,19277,23495,58873]
[5005,26855,26969,51175]
[5008,5936,6164,12833]
[5008,8924,10051,15617]
[5012,24857,25228,26672]
[5015,5775,8265,31671]
[5016,5796,5917,6697]
[5016,19855,20520,26400]
[5017,5567,5882,7618]
[5017,6759,8033,23009]
[5017,13433,21917,53795]
[5017,14873,14877,60233]
[5024,9529,10439,60839]
[5024,11832,13624,19343]
[5024,18232,18249,43018]
[5025,6545,7455,18207]
[5025,6943,11875,13793]
[5025,10419,11256,46900]
[5025,17279,25221,44955]
[5026,10317,10350,16290]
[5027,10573,11102,27734]
[5029,18907,27645,44350]
[5031,17256,27456,42280]
[5032,13056,14025,39960]
[5032,18096,25143,31746]
[5032,26384,33259,36482]
[5032,40672,40936,50419]
[5032,43840,45032,58225]
[5035,26815,26939,64325]
[5037,8403,8417,16867]
[5037,9107,9847,52397]
[5037,11362,13432,45968]
[5037,11687,11817,44457]
[5037,11687,12702,22698]
[5037,18193,44781,50451]
[5037,33813,42483,45968]
[5042,5542,5567,57983]
[5043,7182,9118,15006]
[5043,13898,13899,62541]
[5045,7313,8312,32288]
[5046,8979,16646,22454]
[5046,14259,15704,45384]
[5046,15966,22843,33763]
[5046,16646,17661,39606]
[5047,5348,5888,37088]
[5049,7548,9248,17152]
[5049,30171,30329,54201]
[5050,15785,16625,41713]
[5050,23545,29593,34625]
[5054,15219,16821,27531]
[5057,13090,33215,34825]
[5060,40160,41525,45991]
[5061,7281,23618,33978]
[5061,12099,19106,26269]
[5062,30978,44667,46467]
[5063,39559,44591,50388]
[5064,29592,30414,31417]
[5068,11256,11269,22969]
[5070,14145,16951,41975]
[5070,28250,33787,41975]
[5070,28250,33787,46475]
[5071,9671,13369,55481]
[5074,8701,8704,13744]
[5075,6222,7480,53360]
[5075,6222,8235,17835]
[5075,10963,11935,20195]
[5075,12320,19488,23680]
[5075,13013,17875,22330]
[5076,11187,17424,19888]
[5080,11020,12325,53041]
[5080,14125,29267,54325]
[5080,29237,44288,54080]
[5083,9889,10283,58667]
[5083,11600,34000,41600]
[5083,24310,34000,41600]
[5083,32500,34000,41600]
[5085,17955,19775,62307]
[5085,20815,23587,29725]
[5085,33250,38574,50850]
[5092,8151,8892,16224]
[5092,13408,13667,32981]
[5100,12180,22789,43500]
[5100,15635,17013,20115]
[5100,25452,25755,26260]
[5104,5712,8585,13940]
[5104,7588,7612,13079]
[5104,14300,14500,20735]
[5106,6150,7585,17875]
[5106,11554,12099,18126]
[5108,14612,16601,28381]
[5109,5451,5549,16109]
[5110,44805,49275,58899]
[5111,12361,14089,16205]
[5111,45239,45999,50001]
[5117,6708,13923,17157]
[5117,6942,7293,19557]
[5117,16125,16133,18275]
[5121,7263,8037,43813]
[5121,7521,8004,13087]
[5121,9153,9879,64297]
[5121,32449,32967,47358]
[5123,7659,11684,19573]
[5123,10557,10856,34891]
[5124,16625,17820,25200]
[5125,6061,7790,46075]
[5125,8645,8653,13325]
[5125,9155,9614,29725]
[5125,9290,10373,42925]
[5125,16897,17425,31855]
[5125,32005,33517,37925]
[5125,32153,32375,48503]
[5125,44022,44730,55350]
[5128,6552,7866,51921]
[5129,18377,18423,22427]
[5131,13524,20916,35184]
[5133,15283,24273,37107]
[5133,17668,21141,25971]
[5134,12350,16555,27625]
[5135,10892,38740,62240]
[5135,21385,27626,49010]
[5136,11737,12912,51264]
[5141,6919,7178,52258]
[5141,9259,9559,10441]
[5141,14375,17755,31525]
[5143,9284,12032,13616]
[5143,12567,13064,28471]
[5145,30951,37105,38001]
[5148,7072,7812,33813]
[5150,21166,21725,33659]
[5151,24174,24494,29694]
[5151,28251,29716,35916]
[5152,5760,6552,6615]
[5155,7130,13450,33674]
[5157,22185,29493,35275]
[5159,23639,29216,44764]
[5160,5535,5656,24600]
[5161,13559,13949,23651]
[5161,19703,22347,60939]
[5162,8613,8883,22707]
[5166,6831,22960,40320]
[5166,7869,7872,43432]
[5166,9042,9717,11234]
[5168,6532,6935,23693]
[5168,8612,11356,36601]
[5168,13300,16660,29393]
[5168,15343,15409,30457]
[5170,30250,34357,64625]
[5173,6251,6601,14999]
[5175,6885,14490,47702]
[5177,8313,12573,29187]
[5180,5512,5513,9805]
[5181,15555,50325,60445]
[5183,10591,10659,19491]
[5183,12905,21025,64970]
[5183,25133,25217,59455]
[5185,6175,6307,35075]
[5185,10270,11426,39650]
[5185,23725,26815,32513]
[5185,26180,27328,32368]
[5185,43993,44225,46657]
[5185,44135,44225,46657]
[5187,6083,6084,7371]
[5187,7800,7995,9605]
[5187,9212,13536,51324]
[5187,22919,27612,41688]
[5188,12767,12991,22849]
[5191,15019,16027,44517]
[5194,8326,13575,14410]
[5194,9469,10523,44003]
[5194,10619,11766,33866]
[5198,21235,24973,51923]
[5199,48276,48524,63280]
[5200,12580,32708,54205]
[5202,7182,7567,42483]
[5202,15702,21777,49723]
[5202,19398,20003,54043]
[5203,12122,18560,35728]
[5206,12994,13053,33231]
[5206,28658,35483,60431]
[5207,5713,6168,17088]
[5207,8023,8249,30171]
[5207,26473,30171,44969]
[5207,37310,50225,65065]
[5207,48887,49082,55543]
[5208,17568,21049,26474]
[5209,7463,7913,40587]
[5210,8650,13025,16742]
[5210,29435,30218,52250]
[5213,42275,46475,62155]
[5215,5512,5513,11713]
[5215,11425,11473,30625]
[5215,30821,32929,46879]
[5216,39624,45591,54216]
[5217,6815,7567,26467]
[5217,7719,11944,57017]
[5217,13536,14208,34592]
[5217,25143,25158,36482]
[5217,37791,44733,59041]
[5218,8858,8939,9911]
[5219,9944,14464,30424]
[5220,12420,13572,17225]
[5220,16588,17225,47125]
[5220,22605,28400,47676]
[5220,23100,39324,47125]
[5221,7566,7813,20467]
[5221,31501,31790,32155]
[5221,33169,35596,53956]
[5223,40473,41323,62377]
[5225,6290,6479,38665]
[5225,9922,24928,58520]
[5225,12183,12667,19625]
[5225,14801,27170,56375]
[5234,9854,16766,34021]
[5235,31625,32457,52425]
[5236,5915,7085,9061]
[5236,11639,30736,38284]
[5236,27979,35389,46979]
[5236,31025,40460,56000]
[5238,10138,11097,21978]
[5238,26675,30070,48970]
[5239,6769,6921,26871]
[5239,10189,10478,21638]
[5239,14725,16055,26505]
[5239,37975,46345,58630]
[5242,18067,18347,38003]
[5244,52624,53751,62244]
[5246,9550,11970,21655]
[5247,6765,9222,22550]
[5247,9222,10070,40890]
[5247,18029,21571,36803]
[5248,17864,18502,32923]
[5249,9591,10092,10593]
[5252,6851,7548,27876]
[5252,11408,12028,40703]
[5252,14432,14443,22748]
[5252,14432,15908,53833]
[5257,15049,15410,16895]
[5260,18715,19700,55232]
[5263,12913,39627,44597]
[5264,22060,31311,53389]
[5266,5954,10706,36869]
[5266,28934,29029,44761]
[5267,6293,6412,7987]
[5267,10492,12992,18320]
[5267,22557,25517,48557]
[5269,11051,17176,32269]
[5270,7225,8959,24025]
[5270,8162,8645,17437]
[5278,5746,6647,14703]
[5278,8897,9737,15457]
[5278,13897,18590,40622]
[5278,28987,35653,55013]
[5282,15050,15057,59325]
[5285,23765,24150,63366]
[5288,7328,9009,15114]
[5289,5423,10336,18473]
[5289,7337,7455,9225]
[5289,10980,15036,16400]
[5289,16425,19065,24455]
[5289,22999,23001,56211]
[5289,35319,42711,54569]
[5291,6094,6622,7202]
[5291,7399,8487,19673]
[5291,12419,13013,14677]
[5291,15938,16562,45362]
[5291,24310,24634,47034]
[5291,37466,40934,46618]
[5292,18459,20140,48300]
[5296,13184,15043,44897]
[5299,26381,26441,28009]
[5300,5865,6000,11628]
[5300,7656,7685,14545]
[5300,14365,15028,40300]
[5300,14365,28832,45760]
[5301,7749,13189,20091]
[5302,11834,12191,23377]
[5302,27577,34408,40112]
[5304,7656,7950,32045]
[5304,17400,24625,45240]
[5304,18632,23290,41785]
[5304,20904,21146,60229]
[5304,21600,23290,24625]
[5304,25071,26129,41785]
[5304,38304,41785,45240]
[5307,5814,6061,24339]
[5307,9603,14973,20648]
[5311,11305,11564,19775]
[5311,11713,31161,44838]
[5311,13211,14289,39633]
[5311,13886,14464,22472]
[5313,10175,13505,26455]
[5315,48739,49565,50440]
[5317,16027,22572,38203]
[5317,21238,30266,63674]
[5319,5625,5775,24625]
[5319,16857,18444,29968]
[5319,25479,27537,29968]
[5325,10730,13398,27750]
[5329,9529,10134,31974]
[5330,12215,12350,30014]
[5332,15953,21328,41168]
[5334,11709,12054,18214]
[5336,15164,20711,64979]
[5338,13637,28288,58744]
[5338,40967,44838,50842]
[5339,15941,19028,22363]
[5340,8245,9675,25899]
[5341,18584,18595,35459]
[5341,28308,29659,36733]
[5343,6893,7137,45087]
[5343,10017,10263,11713]
[5343,14523,16523,24843]
[5344,10825,13856,21760]
[5344,32096,37288,63307]
[5344,32704,46498,50963]
[5345,5770,14966,36550]
[5347,18173,54188,64637]
[5352,7739,7848,25536]
[5353,6768,6921,19089]
[5353,13039,13130,50615]
[5353,15759,15822,46359]
[5353,18853,19147,27317]
[5353,19703,20723,30317]
[5353,19703,25517,61427]
[5355,5460,5525,27573]
[5355,5475,5621,7350]
[5355,7020,7395,17629]
[5355,8085,8099,12317]
[5355,10833,14817,36895]
[5355,13804,17629,25571]
[5355,15957,17325,23443]
[5355,32825,46359,59625]
[5356,10000,11500,36569]
[5356,11024,12084,12441]
[5356,17425,26720,50700]
[5357,29000,30200,56840]
[5359,11931,12218,45202]
[5360,11140,11300,17267]
[5363,12083,13455,20175]
[5365,8585,10693,22725]
[5365,12675,15834,56277]
[5365,13940,13949,20213]
[5365,15715,17141,26042]
[5365,21045,35409,47925]
[5365,30797,48100,65453]
[5368,9512,11726,19459]
[5368,28148,29933,57583]
[5369,6821,7051,16501]
[5369,12337,14287,40369]
[5369,13837,31613,40963]
[5369,19975,20956,39975]
[5373,7107,10469,22949]
[5373,12099,13948,18827]
[5375,5614,5650,12030]
[5375,14267,14450,64850]
[5375,18619,22715,26875]
[5375,18850,24375,46719]
[5376,13104,16825,21840]
[5377,10382,11618,44002]
[5377,16897,19228,27873]
[5378,5567,6071,24201]
[5378,10922,13445,31103]
[5379,11771,14304,51075]
[5379,14290,14304,34296]
[5379,21571,25234,39701]
[5380,16391,16409,19425]
[5383,14777,27473,47633]
[5383,22825,38450,62858]
[5386,11750,12275,13465]
[5389,9911,11849,22199]
[5389,16589,24089,39865]
[5390,15925,21021,34485]
[5394,6039,11368,24888]
[5395,9455,10400,18772]
[5397,6877,8853,9252]
[5397,7659,9509,14097]
[5397,13362,40341,52171]
[5397,15147,22102,32147]
[5400,8288,10530,19737]
[5401,5687,5762,14938]
[5402,6253,12506,25574]
[5402,9074,13727,25477]
[5402,10374,13651,32227]
[5402,12287,14282,51382]
[5403,8037,19811,24221]
[5403,37178,44283,48627]
[5404,6880,7396,24725]
[5405,21505,22701,43475]
[5406,7474,9333,33633]
[5406,8478,13197,24178]
[5407,33793,38168,64396]
[5408,8056,8281,49608]
[5408,10948,18981,26724]
[5411,9250,11230,17390]
[5411,21364,21644,22816]
[5412,5963,10947,24963]
[5412,6588,15613,30012]
[5412,7813,8112,21636]
[5412,13152,22468,39893]
[5412,14575,15840,49020]
[5412,29280,30500,59655]
[5416,15748,16109,26441]
[5423,7250,9280,26000]
[5423,7579,8671,15521]
[5423,10138,11737,52327]
[5423,11373,14467,39037]
[5423,14467,16872,42772]
[5423,28975,30073,51025]
[5424,9549,16176,16976]
[5425,11716,16665,19865]
[5425,49105,50353,62287]
[5429,7221,8235,23229]
[5429,11819,14801,35249]
[5439,21455,23489,34111]
[5439,23793,24257,57407]
[5439,27811,30414,37758]
[5440,8176,8249,22100]
[5446,10034,11281,20569]
[5447,6068,9932,24928]
[5452,14384,18377,39527]
[5452,15257,20300,23360]
[5452,40300,43927,53940]
[5453,11962,31283,41867]
[5453,19000,24928,39800]
[5455,23014,23375,35705]
[5456,15964,17171,60929]
[5456,20752,21298,29831]
[5456,25756,28644,46717]
[5457,7067,8588,21112]
[5457,10693,11067,11397]
[5458,6683,7667,13645]
[5459,7125,7155,8940]
[5459,7125,7155,37500]
[5459,7125,8940,37500]
[5459,9229,9331,54194]
[5459,22217,23108,41016]
[5460,7120,28925,32084]
[5460,8364,13325,57460]
[5460,14385,15207,23975]
[5460,21525,22165,25123]
[5460,35532,38415,41132]
[5461,16171,21917,23133]
[5463,28668,38224,49984]
[5465,28569,36069,38715]
[5472,11116,17353,46403]
[5473,9782,10234,53046]
[5473,18017,28223,38233]
[5474,7630,9775,17549]
[5474,7693,7982,28574]
[5474,22242,25949,34958]
[5475,8484,11680,14500]
[5475,10557,10585,26265]
[5475,16605,22081,44895]
[5476,13585,20176,52540]
[5478,6066,6403,7291]
[5480,34145,48224,54632]
[5480,45415,48224,56024]
[5481,8094,8120,40656]
[5481,10431,12383,18081]
[5481,11544,14729,35409]
[5487,9618,9703,21297]
[5487,11537,12213,48321]
[5487,26319,26412,45088]
[5487,26319,33263,45088]
[5490,7905,12750,24034]
[5491,7181,7259,8806]
[5491,16359,23086,31654]
[5491,21131,22253,50963]
[5491,26061,27183,35187]
[5492,16404,28308,37071]
[5495,10625,15386,53375]
[5495,23660,32656,38192]
[5495,47740,48356,64900]
[5496,9100,9145,14885]
[5497,13351,15080,18265]
[5499,13815,14074,32574]
[5500,5680,5852,6325]
[5500,8540,16109,30500]
[5500,10421,12260,29180]
[5502,18602,19257,40803]
[5512,6800,6970,11713]
[5512,20975,21137,37895]
[5512,23864,26312,42861]
[5513,18148,22607,54793]
[5513,20713,21399,34888]
[5513,30758,39377,50927]
[5516,7259,8204,13396]
[5520,17620,36225,60789]
[5521,5763,6579,16563]
[5521,8879,9271,38647]
[5523,14350,18048,54120]
[5523,17138,17184,55824]
[5523,26093,27389,47959]
[5525,5780,7072,15500]
[5525,7257,8585,61705]
[5525,8265,8874,12402]
[5525,10127,10540,21320]
[5525,12331,13244,44275]
[5525,13197,13715,49555]
[5525,21359,21409,26975]
[5525,34235,42347,47765]
[5526,19782,23482,32499]
[5528,10544,12731,35681]
[5529,10179,11481,36569]
[5535,10836,10864,51660]
[5536,20460,22836,27225]
[5536,24208,44436,61761]
[5537,12257,13281,13629]
[5537,18025,21000,55935]
[5537,27713,27738,33887]
[5538,6201,7774,13038]
[5538,7945,22737,36945]
[5542,13750,15125,42845]
[5543,5781,6507,25707]
[5543,5957,6118,23618]
[5543,10439,10586,17593]
[5543,11089,11618,27218]
[5543,19747,20003,36707]
[5543,22407,25707,33099]
[5543,23001,25707,33099]
[5544,7881,14504,35616]
[5544,8375,9585,30825]
[5544,9744,9919,11310]
[5546,10514,10583,12193]
[5546,19411,19418,38822]
[5548,11623,11792,32308]
[5550,10205,11304,15000]
[5550,10906,15105,18981]
[5550,11875,22533,34875]
[5551,11086,11102,16562]
[5551,13455,14101,30251]
[5551,24457,57218,60151]
[5553,17873,37637,55963]
[5555,20275,22161,54223]
[5555,34540,46816,62800]
[5558,10250,11850,21183]
[5558,15438,20687,41683]
[5561,7739,8299,52629]
[5561,29767,30033,49767]
[5562,8925,9030,56938]
[5565,7605,9800,19019]
[5568,8732,9348,54723]
[5576,26344,38826,53799]
[5577,6952,7488,28392]
[5577,7743,9889,54824]
[5577,31075,36195,48477]
[5585,19895,20425,64786]
[5586,17169,17312,18768]
[5587,7413,7437,19062]
[5587,13133,13231,31951]
[5590,8855,14000,22568]
[5590,27755,34307,46851]
[5592,26145,29400,52192]
[5593,6068,6919,19393]
[5593,9113,9146,22831]
[5593,14297,18377,39527]
[5593,15317,15351,44919]
[5593,22207,28798,60473]
[5596,10384,10741,25259]
[5597,7325,8497,11165]
[5597,14522,20458,33002]
[5597,19043,21781,38924]
[5597,19988,21808,47092]
[5597,31447,32617,63017]
[5597,31447,35207,58887]
[5599,22072,23585,63625]
[5600,7424,12915,34860]
[5600,12792,12915,52920]
[5603,11193,24647,44807]
[5605,15780,16261,65509]
[5605,22885,39349,64657]
[5609,5798,5840,24320]
[5609,8041,8109,13209]
[5609,12787,13712,61916]
[5609,18259,18349,22419]
[5609,28425,29545,46870]
[5610,35990,36550,53567]
[5611,17437,17738,42763]
[5614,32879,48254,50386]
[5615,8695,9225,22422]
[5616,8892,10659,62491]
[5617,10700,10960,20500]
[5620,6665,6700,17984]
[5621,6027,7227,9471]
[5621,10379,12901,60809]
[5621,14063,15521,16863]
[5621,34307,36725,55480]
[5622,10362,12874,40291]
[5624,9251,9472,9976]
[5625,10105,10125,11799]
[5625,12393,12470,23250]
[5625,14703,16625,44785]
[5625,14703,18850,44785]
[5625,29733,30475,35445]
[5629,31171,39403,54229]
[5629,32829,33774,41301]
[5633,6335,6517,15617]
[5634,6222,9703,10353]
[5635,21497,24978,37122]
[5635,22589,23800,57164]
[5636,20000,22436,35225]
[5636,20000,27125,54385]
[5642,13949,16576,44408]
[5645,7795,10161,17475]
[5645,8845,9075,20437]
[5645,8845,9075,57579]
[5645,25805,25967,46449]
[5650,6270,11187,30855]
[5654,7446,9018,39321]
[5655,11934,13650,18734]
[5655,13410,13650,18734]
[5655,18921,19345,27625]
[5655,19817,22533,46725]
[5655,20175,20503,34970]
[5655,21715,23175,51207]
[5656,7192,13433,27608]
[5656,30744,30861,34776]
[5656,32800,33320,44485]
[5661,8099,9477,29637]
[5661,9315,9361,29325]
[5661,14775,16665,36839]
[5661,17589,25789,35139]
[5662,10205,11920,26312]
[5662,12958,12963,50958]
[5662,17119,18088,38144]
[5662,23323,41869,44261]
[5664,8700,10011,16589]
[5665,9805,10527,53537]
[5666,16950,35595,62985]
[5667,21358,23163,51003]
[5668,11972,16777,49348]
[5668,15293,15392,53628]
[5670,7395,8400,17864]
[5672,22304,29971,41122]
[5673,8151,8723,23001]
[5673,8151,8723,56749]
[5673,8151,23001,56749]
[5675,25877,28625,54805]
[5678,12802,17646,18621]
[5681,14294,14801,19399]
[5681,20941,27808,43068]
[5684,12208,12441,46508]
[5687,13013,14663,24505]
[5694,17730,23506,27105]
[5694,23426,25623,61758]
[5694,23426,40443,61758]
[5694,39406,40443,58194]
[5695,6122,6647,15305]
[5696,7756,8587,15308]
[5696,13856,17577,51492]
[5698,6902,11803,22253]
[5698,7154,7245,27010]
[5698,15587,15618,21582]
[5699,7225,9020,37740]
[5699,11461,18468,35628]
[5699,11747,16801,22849]
[5699,17557,17574,21526]
[5700,6137,6375,12255]
[5700,12615,12740,25984]
[5704,7475,7904,34040]
[5709,6225,9384,33100]
[5712,7600,7888,10625]
[5712,30992,40677,58548]
[5713,19375,20387,36975]
[5713,26062,26328,48152]
[5714,20806,31635,58155]
[5714,32786,37714,50881]
[5718,13509,18107,59109]
[5719,6935,9044,46081]
[5719,7735,8075,19019]
[5719,9129,11043,14697]
[5719,10165,11210,24210]
[5719,21801,35217,63063]
[5720,6160,6161,7150]
[5723,18483,18666,43026]
[5723,42823,43026,51398]
[5724,33201,33231,56729]
[5725,10205,10795,32747]
[5725,12878,12880,27400]
[5725,13195,13282,46150]
[5725,14365,14885,26533]
[5727,12423,13648,16980]
[5727,18957,28083,49933]
[5728,9872,13593,63162]
[5729,11029,19499,41451]
[5733,38619,42183,55783]
[5734,27559,29768,43952]
[5738,10382,17009,20831]
[5740,7625,8300,10004]
[5746,8159,9248,29848]
[5746,20750,20995,27650]
[5746,20750,21875,33150]
[5750,7410,8277,8775]
[5750,8225,8330,36022]
[5750,18494,18755,26875]
[5751,12681,12751,35319]
[5754,18963,19221,41237]
[5757,6307,6365,19532]
[5757,8968,28728,41208]
[5757,15561,18786,26182]
[5758,32231,37442,43394]
[5761,9089,9401,27874]
[5762,14739,17136,55488]
[5763,16259,18063,61359]
[5767,15933,23668,63848]
[5768,20167,25208,59768]
[5769,9591,14743,29532]
[5770,28014,36975,53661]
[5771,7396,11389,16771]
[5772,9100,9620,25345]
[5772,17728,25953,30747]
[5772,48177,48544,63024]
[5775,8194,11970,36750]
[5775,11242,11385,27375]
[5775,12740,15385,20111]
[5775,36465,38033,60775]
[5777,7198,8143,24743]
[5777,11375,23435,58305]
[5777,11625,42135,54000]
[5778,7598,9106,22939]
[5780,23205,31200,41616]
[5781,6251,8037,25707]
[5781,9400,14400,54144]
[5781,12031,12369,35793]
[5781,19223,25944,30156]
[5785,11050,15194,22250]
[5785,23780,37825,51649]
[5785,23975,29593,60965]
[5792,17392,21417,33170]
[5793,10707,20093,51069]
[5795,9500,10000,12464]
[5795,15805,16169,40375]
[5797,6747,7047,7659]
[5797,12925,14960,16675]
[5797,13516,22672,58528]
[5797,22049,24497,42801]
[5797,27951,29547,51051]
[5798,20162,20213,36173]
[5800,7025,8992,17000]
[5800,10248,10602,14355]
[5808,16605,32592,42800]
[5809,7475,7645,10205]
[5809,8911,8949,23199]
[5809,9679,30821,33441]
[5809,17841,19311,56721]
[5809,28589,34726,45674]
[5809,48434,48441,62329]
[5810,18434,30315,63810]
[5812,12427,20757,31093]
[5817,10283,10858,50414]
[5817,23751,24099,24983]
[5820,10140,10309,15132]
[5820,11925,12125,34251]
[5822,21698,26322,40303]
[5823,16031,16227,18819]
[5823,23617,23779,29521]
[5824,11600,13195,21840]
[5824,13024,13220,13949]
[5825,14911,24415,53740]
[5825,15113,16310,44737]
[5828,18445,21700,47600]
[5828,27213,27792,29892]
[5830,5915,6149,8525]
[5830,8625,19375,47153]
[5831,11550,17280,28560]
[5831,13949,14134,18734]
[5835,14935,38686,41234]
[5837,9563,10292,16133]
[5840,17484,21716,23725]
[5841,6409,6534,21879]
[5848,6923,7912,12512]
[5848,10168,10234,13889]
[5848,13988,24973,35777]
[5850,11298,12727,27285]
[5850,18394,22570,24455]
[5851,20539,26789,55774]
[5852,16112,16324,19019]
[5856,19380,33745,35380]
[5858,10317,12747,47763]
[5858,31773,36336,51264]
[5859,13725,27755,55125]
[5860,17485,25824,28860]
[5863,10237,10904,18356]
[5863,10237,11687,25063]
[5863,16153,28249,46231]
[5863,28679,29971,37837]
[5864,10048,10777,15386]
[5865,22878,23025,34153]
[5868,14924,19557,26676]
[5873,50447,51127,57553]
[5875,8150,8170,25558]
[5875,11023,11165,11875]
[5875,17645,31761,45201]
[5876,17776,18161,48884]
[5877,9964,10252,10448]
[5877,15873,16027,24805]
[5877,16200,21000,26120]
[5882,8643,11526,63318]
[5882,13690,14282,37315]
[5882,22542,26469,49569]
[5882,22542,28509,49569]
[5883,6149,6201,10101]
[5883,7042,9858,24642]
[5883,12987,13727,52923]
[5883,13233,14837,17013]
[5883,16933,17015,30217]
[5883,18693,21867,32383]
[5887,6175,6213,24795]
[5887,7685,9275,29435]
[5887,9503,9541,26299]
[5887,12673,14007,46207]
[5887,20825,22862,61625]
[5889,15871,17663,21667]
[5889,17061,17384,37716]
[5890,11687,12350,34162]
[5890,11875,14136,31000]
[5891,11875,12065,54625]
[5891,11875,12095,58625]
[5891,17825,23391,54625]
[5891,24854,25456,27744]
[5891,28381,30439,64711]
[5893,13243,14587,37577]
[5893,25207,33782,50414]
[5894,6731,6736,15976]
[5899,8671,9329,17649]
[5901,30772,32499,61803]
[5902,23290,25585,30277]
[5910,16035,18410,38742]
[5911,7913,10537,11387]
[5913,5967,6408,12337]
[5913,12441,23287,41613]
[5915,7175,7462,8450]
[5915,7175,7462,39050]
[5915,11425,11882,21710]
[5915,13805,15301,39050]
[5915,14875,14893,21125]
[5915,14875,14893,38675]
[5915,18565,19071,26975]
[5915,28055,36725,57739]
[5915,46043,46982,61693]
[5916,7216,7524,23001]
[5916,23120,23409,23925]
[5917,10229,10379,23546]
[5917,15197,24583,53447]
[5917,26663,26962,30458]
[5919,6678,8106,27622]
[5920,7800,8125,8584]
[5920,8120,8125,8584]
[5921,9215,15035,59675]
[5922,13317,13328,31808]
[5922,14847,16008,45248]
[5925,11931,12125,63244]
[5925,19023,19050,25498]
[5928,10528,10647,13272]
[5929,16324,17696,21824]
[5930,8938,9430,14825]
[5930,10030,10081,13733]
[5933,9875,12215,15725]
[5933,15158,15317,58283]
[5936,9248,9911,35836]
[5936,14161,14416,23744]
[5936,29616,32701,35024]
[5940,12765,23828,27600]
[5941,16307,18434,37982]
[5941,18467,25909,45542]
[5943,12383,22008,43068]
[5945,7332,11193,38055]
[5945,33017,33292,36305]
[5949,6851,7909,14141]
[5949,27999,33711,44591]
[5950,6095,8066,13250]
[5950,10790,11375,46529]
[5950,22533,27010,43442]
[5951,6649,6818,7303]
[5953,33341,40922,42434]
[5954,10706,11921,42419]
[5954,21182,21271,36482]
[5955,6631,6681,15705]
[5955,12665,12679,17593]
[5955,12665,12814,13498]
[5956,9916,10268,10423]
[5957,6578,6734,33166]
[5957,7813,8029,54691]
[5957,9435,16065,19425]
[5957,9683,11788,21413]
[5957,10878,11448,18648]
[5957,15675,16065,19425]
[5960,10088,14938,26075]
[5962,40238,45567,46893]
[5964,7511,9744,27084]
[5966,7175,7216,41560]
[5967,7601,12501,28917]
[5967,8475,10283,10965]
[5967,10350,10370,36270]
[5967,23427,29729,32351]
[5969,7825,8125,37231]
[5969,9119,9809,29521]
[5969,11473,12290,16375]
[5973,11165,16290,37323]
[5973,16875,22625,27777]
[5975,28745,29737,51344]
[5977,10585,10877,38425]
[5983,13889,14861,30317]
[5985,10335,10825,26871]
[5985,26520,26871,49793]
[5985,43935,44425,49793]
[5986,10793,11310,53550]
[5989,10489,20114,23446]
[5989,10664,11808,39264]
[5989,10994,11021,20429]
[5989,11929,14967,16393]
[5989,12614,12616,13144]
[5989,19099,28333,32923]
[5992,51464,57886,61439]
[5994,11895,13431,28975]
[5995,6290,6325,44363]
[5995,11420,24416,38800]
[5995,37180,45344,52624]
[6000,17760,24375,31538]
[6001,8671,8874,20046]
[6001,16324,16444,24004]
[6001,26899,27181,29971]
[6003,9831,14297,38503]
[6003,13107,21845,34325]
[6003,25875,25897,50025]
[6006,17069,25389,40299]
[6008,11048,11153,14222]
[6009,9831,30973,46813]
[6012,7503,20496,41984]
[6014,9794,9889,17794]
[6021,10619,14381,37979]
[6025,6519,7275,13431]
[6026,10914,15827,48263]
[6027,10549,10701,33702]
[6027,27857,28842,30258]
[6028,24249,30976,48224]
[6031,7697,7747,9853]
[6031,9831,10449,25086]
[6031,16082,19855,56815]
[6032,8125,9280,26000]
[6032,9592,17342,41093]
[6032,40803,44928,57072]
[6037,12355,12395,16238]
[6039,10614,11407,34639]
[6039,10614,34639,58377]
[6039,13079,15921,18711]
[6041,18009,19879,30589]
[6042,24249,24592,25208]
[6045,18259,18525,47709]
[6048,10920,11102,12675]
[6050,51865,58466,63250]
[6051,16125,19975,50425]
[6052,12624,23877,40851]
[6056,14701,18549,54069]
[6060,9345,9424,44500]
[6061,6611,6699,17429]
[6061,8947,8961,19839]
[6061,9773,11165,54175]
[6061,10925,11165,16511]
[6061,14972,19228,34672]
[6061,15903,19228,34672]
[6061,22261,28589,34672]
[6062,10625,10825,17975]
[6062,14287,14289,16263]
[6063,40687,40977,47397]
[6064,21068,21689,40411]
[6068,7797,10956,42624]
[6068,13369,16031,17057]
[6068,20464,26011,49364]
[6068,44080,45100,63307]
[6069,8099,10738,28747]
[6069,9163,9537,46431]
[6069,30731,37859,44509]
[6075,6993,9135,47215]
[6075,9603,10170,12125]
[6075,12741,13145,14155]
[6076,11312,11315,46655]
[6083,13053,13083,19803]
[6084,11925,13091,31395]
[6084,16159,21424,43844]
[6084,22659,26076,51376]
[6085,8535,20484,24600]
[6085,14145,14604,24600]
[6088,9032,17537,24838]
[6093,36729,37235,43725]
[6094,10650,12331,52525]
[6094,12925,13640,44320]
[6094,26614,33511,54031]
[6097,7153,7157,44363]
[6097,12390,12753,15015]
[6097,15428,20160,22620]
[6100,11687,12688,23600]
[6100,13205,26400,50508]
[6100,13920,15921,26100]
[6100,30800,30805,38369]
[6102,6438,10282,12543]
[6104,11221,11224,12824]
[6104,18304,18421,21242]
[6105,6815,9657,27975]
[6105,9009,11175,45991]
[6105,11040,31487,32775]
[6108,9633,11388,16288]
[6109,15041,19034,38870]
[6110,13650,21150,23829]
[6111,8337,18538,23086]
[6111,17297,22239,30753]
[6111,21840,33215,64311]
[6111,25025,25155,42525]
[6111,28287,29211,46789]
[6111,30267,35308,38136]
[6112,12608,12673,31098]
[6119,6625,7175,29945]
[6119,32509,33027,36163]
[6120,31320,32689,34950]
[6120,31320,32689,52200]
[6123,13277,20358,36363]
[6124,10816,11037,37557]
[6125,8155,9338,51250]
[6125,12901,13125,15035]
[6125,21682,57325,62995]
[6132,12337,16224,34164]
[6137,13091,13566,28938]
[6140,20176,21749,36860]
[6141,7395,10591,21025]
[6141,23140,23941,35909]
[6141,58327,58473,60009]
[6149,8998,12298,35174]
[6149,9776,9971,28531]
[6149,9971,16598,21242]
[6149,15356,17101,27269]
[6150,19306,20295,53190]
[6153,14022,16905,48503]
[6156,7473,8656,20352]
[6157,10707,11799,15543]
[6159,23409,27455,54209]
[6160,7240,10850,29141]
[6161,6579,6588,7272]
[6161,8175,8289,10065]
[6161,11439,11529,17271]
[6161,32565,35685,64539]
[6161,38325,41755,51611]
[6162,7467,7592,41912]
[6162,15886,17875,57095]
[6165,23475,28966,53210]
[6167,22862,23074,44766]
[6168,33300,38107,47545]
[6174,10146,12549,25826]
[6175,6380,6409,6625]
[6175,9269,9295,15695]
[6175,9269,9500,12844]
[6175,9269,12635,48165]
[6175,11726,15785,20449]
[6175,11726,15785,42625]
[6175,11726,20449,42625]
[6175,14111,16815,33839]
[6175,15007,17745,47115]
[6175,16933,17835,21333]
[6175,43435,45125,54587]
[6177,18666,25498,30566]
[6177,26414,32190,50130]
[6177,43873,43935,54723]
[6181,7259,8611,18011]
[6181,17336,29944,57664]
[6181,37883,39931,42206]
[6182,12214,12314,55357]
[6182,18122,27674,62101]
[6184,15344,16714,44061]
[6185,22165,27214,29458]
[6188,10255,26663,43537]
[6188,11875,16000,24140]
[6188,13888,18377,47348]
[6188,15808,15827,20748]
[6188,18571,22763,40579]
[6188,22388,22967,33292]
[6191,7471,7667,35793]
[6191,17745,21525,36309]
[6191,20251,34102,48162]
[6193,10603,10943,19647]
[6195,8450,9675,31251]
[6195,9139,11025,33411]
[6195,9558,14042,24150]
[6195,13983,14042,32242]
[6195,32589,41055,52675]
[6196,23009,25631,29431]
[6200,8360,8938,10961]
[6201,6804,6864,52364]
[6201,7749,7774,13038]
[6201,7749,8379,10619]
[6201,7749,10619,14469]
[6201,7816,8793,22113]
[6201,10101,10619,14469]
[6201,10101,10619,43771]
[6201,16206,18759,42559]
[6205,12827,17170,33725]
[6205,13289,14600,46580]
[6205,13360,17600,59568]
[6205,42476,46580,51824]
[6207,11601,15468,23368]
[6213,9747,9916,32224]
[6213,49413,53645,59187]
[6215,8723,8877,22035]
[6215,12025,26617,36725]
[6216,7200,7240,8425]
[6216,7200,8425,22200]
[6216,10840,13965,25641]
[6216,22176,22200,22345]
[6222,6622,9394,15631]
[6222,9603,10653,31331]
[6222,10953,12322,24178]
[6222,13329,25071,27047]
[6223,14927,19007,38897]
[6225,7217,8058,34383]
[6225,17071,17535,25365]
[6226,26779,27886,37714]
[6227,8393,8414,15974]
[6230,7693,7770,7850]
[6231,17143,18144,44919]
[6232,10312,10906,24491]
[6235,6725,7801,7975]
[6235,9713,9860,12488]
[6237,10179,14787,28438]
[6237,28077,29357,65107]
[6239,8381,9112,52628]
[6239,9569,11747,63393]
[6239,45407,49457,63393]
[6240,10868,11385,42900]
[6240,36600,43489,61000]
[6240,37180,52377,63900]
[6248,7072,7913,18088]
[6248,22649,31640,48280]
[6250,7654,7830,55625]
[6250,10121,17450,37990]
[6251,12551,14151,32953]
[6251,16967,18025,31255]
[6251,19499,19705,29799]
[6253,7697,10908,35152]
[6253,8073,9088,10712]
[6253,8300,9620,16000]
[6253,28897,30303,33761]
[6253,34711,51872,63572]
[6253,38253,51507,59163]
[6254,6825,18135,63375]
[6254,17731,19822,38398]
[6256,27456,28359,60996]
[6256,31144,32062,36869]
[6258,7137,7198,21298]
[6258,8757,9118,9758]
[6259,14125,14225,25425]
[6259,22035,22191,25425]
[6262,22074,23313,35451]
[6264,10296,10440,12505]
[6264,12144,12505,14790]
[6266,10058,10166,63383]
[6266,11766,12291,18759]
[6266,19166,23569,38801]
[6267,14523,17267,61773]
[6273,7125,10625,12095]
[6273,39039,42823,62689]
[6273,47047,50922,53703]
[6279,7819,13404,40404]
[6279,8579,10764,26856]
[6279,13893,16107,20629]
[6279,32657,35055,53040]
[6280,9384,15525,21666]
[6283,14287,15409,46961]
[6283,23725,26765,44530]
[6290,12862,31790,44363]
[6290,12869,15725,18925]
[6290,14878,15725,18722]
[6290,28970,28997,49249]
[6291,28884,32016,34484]
[6293,7540,11165,15925]
[6293,8957,10868,16907]
[6293,10807,10868,11336]
[6293,11716,12341,19691]
[6293,15500,16240,30380]
[6300,6765,8036,10640]
[6300,7659,17860,24420]
[6300,15540,16501,19425]
[6300,18564,18915,20740]
[6300,29631,30660,57500]
[6304,8436,24909,44916]
[6304,10804,15549,57524]
[6305,9275,10282,28750]
[6305,30175,36375,41769]
[6307,7733,8162,9163]
[6307,8228,8432,12932]
[6307,11275,13930,62475]
[6307,14857,15143,20057]
[6307,15385,25175,39593]
[6307,35075,35105,53375]
[6307,49025,49343,53375]
[6308,13276,15301,41124]
[6308,14833,15008,34496]
[6314,11946,12054,15939]
[6314,12250,15375,24150]
[6315,11925,13065,22313]
[6319,7910,10535,32431]
[6319,12369,13281,15219]
[6320,7265,11600,23248]
[6322,6878,7602,18327]
[6322,18178,18327,56898]
[6322,18815,18850,38690]
[6322,20553,21582,62322]
[6323,31117,31309,34481]
[6324,27125,27540,37200]
[6325,7157,14735,46325]
[6325,15928,21472,65160]
[6325,17917,21045,37195]
[6325,30751,41360,55660]
[6325,36725,37881,45195]
[6325,44363,46325,50875]
[6327,7995,9102,9802]
[6327,10877,12307,41747]
[6327,16017,16169,31191]
[6327,16092,21456,30976]
[6327,30450,32977,42735]
[6335,10591,10675,16109]
[6335,33375,38125,44243]
[6336,8296,8723,25432]
[6342,15158,15717,28143]
[6344,7579,10296,18656]
[6345,16524,36720,47276]
[6351,15759,16133,24603]
[6351,20526,23161,34809]
[6354,46398,46546,51727]
[6355,7399,7724,14276]
[6355,7565,9487,17425]
[6355,14770,18850,31198]
[6356,48544,49364,61901]
[6358,12614,12985,20230]
[6358,13442,13583,49115]
[6358,26078,32279,37791]
[6360,38280,38425,50762]
[6360,40680,42375,45169]
[6360,40680,42375,47912]
[6360,40680,45169,47912]
[6362,42962,50883,64443]
[6363,11049,11687,61913]
[6363,30915,32963,52290]
[6363,40035,41650,46662]
[6364,6749,7548,25408]
[6364,15940,16700,29489]
[6365,10915,10925,19703]
[6365,10915,15725,28231]
[6365,12125,12901,30875]
[6369,13209,13703,22348]
[6370,10127,10450,29602]
[6370,10450,13794,40755]
[6370,16366,22050,40755]
[6371,6877,6923,7202]
[6372,8769,10428,58144]
[6375,6755,6963,13005]
[6375,7429,7854,61050]
[6375,27880,28033,31169]
[6376,23432,30401,40774]
[6380,15760,17204,23837]
[6380,17875,18700,19604]
[6380,19380,25245,65076]
[6384,13776,13780,18265]
[6386,28551,33511,40199]
[6387,13563,14190,46838]
[6396,7469,7812,32592]
[6396,8700,10660,15805]
[6396,10400,10500,23985]
[6396,11396,14596,19721]
[6397,24477,28413,32412]
[6399,34299,34671,40721]
[6400,7964,8015,16685]
[6400,8472,17650,28045]
[6401,8476,9916,35984]
[6401,12121,16089,35836]
[6401,13668,13840,51680]
[6401,29151,36371,49651]
[6402,11154,13871,51054]
[6403,9373,10121,35881]
[6403,25181,27719,56953]
[6405,16965,17357,28275]
[6405,22011,23345,64239]
[6408,10464,13350,41965]
[6408,10692,11253,35563]
[6408,15828,23521,35511]
[6408,19113,20488,26592]
[6409,6839,6851,12701]
[6409,10146,10752,15912]
[6409,27233,37842,58058]
[6412,7007,8897,9847]
[6412,10004,13271,28396]
[6412,15487,40052,44048]
[6412,16483,16652,43052]
[6417,11377,11501,36019]
[6417,13743,13813,15087]
[6417,22737,23023,40227]
[6422,14522,14573,39767]
[6424,13568,14632,38743]
[6424,20176,27001,57230]
[6425,7030,7050,19018]
[6425,7379,7750,11754]
[6426,35754,41713,47082]
[6432,13832,16632,61971]
[6435,8925,10829,20125]
[6435,8925,10829,25935]
[6435,8976,9435,29315]
[6435,41067,46475,57717]
[6437,9475,11350,23165]
[6437,12400,12560,17600]
[6437,12987,13727,21823]
[6437,34387,44588,61787]
[6439,23001,23206,32431]
[6439,24871,28633,31977]
[6439,24871,38759,48909]
[6439,40711,46040,54489]
[6441,13833,14916,37367]
[6441,13833,18208,37367]
[6441,14652,19695,20905]
[6442,11433,42856,62008]
[6445,36115,42537,52425]
[6446,6649,10361,24961]
[6448,20812,27937,53573]
[6450,39093,39120,43960]
[6452,11237,11291,51629]
[6453,7623,7626,29726]
[6454,7714,8759,50141]
[6454,16646,18901,35126]
[6460,8352,8415,14148]
[6460,8525,8636,33500]
[6461,17589,26691,40131]
[6464,8336,8484,10941]
[6466,10925,11520,40080]
[6466,28866,29097,33966]
[6467,19832,20512,60088]
[6468,41412,41755,43460]
[6472,7003,10579,54203]
[6472,8903,9657,46113]
[6475,7007,7585,10465]
[6475,8932,8960,9500]
[6475,8932,8960,17168]
[6475,8932,9500,17168]
[6475,11766,16650,39750]
[6475,13105,15726,39750]
[6475,33565,45621,64750]
[6477,7163,19227,56898]
[6477,7173,7277,37229]
[6478,9425,9950,49010]
[6478,18178,18327,33123]
[6479,8398,9152,11704]
[6479,16271,17329,58621]
[6485,23125,46813,59125]
[6492,7473,7844,20416]
[6495,14965,15375,20367]
[6497,11458,11543,29993]
[6500,8120,9625,16247]
[6500,8120,16247,35525]
[6500,23055,24804,40800]
[6501,7825,7905,32865]
[6503,13081,13231,41831]
[6505,20375,20429,32525]
[6506,9334,9389,42289]
[6507,8487,9881,10791]
[6510,22750,25389,60450]
[6512,12507,15341,22099]
[6512,17500,17675,36260]
[6517,17353,18772,56392]
[6519,7625,12915,43725]
[6519,8556,8944,11660]
[6519,16731,17589,19019]
[6525,7293,7395,11525]
[6525,7293,7995,11525]
[6525,9568,12285,16443]
[6525,10947,17835,24725]
[6525,38403,42253,54375]
[6527,8620,8873,19177]
[6531,15756,17836,22624]
[6532,8912,8924,12811]
[6533,10043,12707,29283]
[6535,9425,9802,11825]
[6540,35835,38224,61040]
[6540,51765,51884,58800]
[6543,7569,19343,65532]
[6545,9141,13566,58170]
[6545,15450,16920,24888]
[6545,20625,27489,29295]
[6549,12862,13024,13688]
[6549,16643,17476,23051]
[6552,7524,7605,11245]
[6552,8323,18792,61992]
[6552,8855,9577,14473]
[6552,11448,12402,14473]
[6554,7954,8569,10961]
[6554,24862,35471,45313]
[6554,32879,35929,57455]
[6555,15995,18650,27547]
[6555,17755,17917,21850]
[6557,39632,43493,58651]
[6558,9106,9367,63394]
[6559,6625,6895,44891]
[6559,10465,16975,51535]
[6559,14623,14659,19677]
[6560,16820,23500,26767]
[6560,26216,28250,36685]
[6562,7514,7735,58045]
[6565,8520,8888,30784]
[6565,10725,11817,15525]
[6565,17445,17877,38025]
[6565,25241,25334,46166]
[6566,35959,45649,54481]
[6568,14453,17731,33661]
[6570,13115,17179,60613]
[6570,17145,17400,56296]
[6572,12369,13356,18228]
[6572,16351,16976,18124]
[6574,11271,12354,17646]
[6574,20291,31717,48613]
[6574,31046,31863,34357]
[6575,25993,26010,28425]
[6579,39885,41471,50621]
[6583,21367,21983,45392]
[6583,29975,30955,32683]
[6585,22542,54808,62400]
[6585,48165,54808,62400]
[6585,51480,54808,62400]
[6586,13299,15219,24531]
[6586,39850,43835,57350]
[6588,22800,26180,33465]
[6591,27521,28731,38181]
[6592,7348,7453,15097]
[6593,15602,20041,28919]
[6593,18753,21497,49343]
[6596,37700,37925,56260]
[6597,9243,9529,9831]
[6600,26664,27625,33330]
[6601,13289,14147,24157]
[6603,6837,6853,7087]
[6603,12675,12740,17160]
[6603,23075,23165,34435]
[6604,7676,15597,29877]
[6608,9083,9408,32816]
[6611,7117,7942,12883]
[6611,9229,11891,25216]
[6611,13275,13500,27045]
[6612,10188,14993,24492]
[6612,18819,19680,24140]
[6612,21312,21460,31755]
[6615,28098,29865,34615]
[6617,15433,25783,38985]
[6620,14375,15871,18625]
[6622,18338,21267,40242]
[6623,22175,25145,30680]
[6623,26773,26795,60523]
[6624,30336,34180,43105]
[6625,7199,7685,7825]
[6625,11357,17425,31855]
[6625,11861,15035,43835]
[6625,11861,20450,36250]
[6625,18868,34185,46665]
[6625,19610,21942,27750]
[6625,20787,26650,45262]
[6625,22173,27750,46230]
[6630,25517,26325,60333]
[6631,11972,19856,44672]
[6631,13209,17289,38739]
[6631,19175,22685,24295]
[6631,54119,61081,63169]
[6634,15466,16826,37319]
[6641,15209,21936,32804]
[6641,25545,26441,37700]
[6641,34799,49922,56782]
[6642,19998,24846,42199]
[6642,25326,34317,38683]
[6643,8657,11507,29875]
[6643,9503,9802,13298]
[6643,40425,41370,63510]
[6643,42483,48399,64701]
[6643,43507,47117,56203]
[6647,10643,11309,14739]
[6647,16236,20336,27472]
[6647,16727,16762,16887]
[6647,17097,18528,37281]
[6647,26078,26967,36873]
[6648,9027,13317,32963]
[6649,8401,8474,9265]
[6649,14911,16058,24583]
[6650,14210,24679,32725]
[6657,32375,32382,34410]
[6657,48127,48501,56769]
[6660,8385,13468,44400]
[6660,30003,43840,51100]
[6662,17582,18543,29463]
[6663,9519,10144,64744]
[6665,7654,12104,17200]
[6665,23374,25376,35960]
[6667,19317,19323,38223]
[6668,12736,12905,62115]
[6670,15847,16472,23920]
[6670,25271,25304,32696]
[6675,7049,8010,13290]
[6675,11373,11375,31773]
[6682,11742,12087,46287]
[6687,16037,17612,31976]
[6688,12604,16113,44388]
[6693,8432,10368,17136]
[6697,13015,22625,26578]
[6702,7806,7819,14098]
[6705,14145,20172,32900]
[6707,16813,18003,20397]
[6708,9387,10164,29204]
[6710,26015,30272,51600]
[6713,8225,8750,19865]
[6715,10043,10693,14943]
[6715,12741,16541,52334]
[6716,12264,15111,44091]
[6716,12400,28060,41975]
[6720,9164,10836,15225]
[6720,12876,16095,62900]
[6721,11446,13946,17654]
[6721,17485,17646,33046]
[6721,22466,24769,38881]
[6721,24167,30758,42658]
[6721,30589,33904,56536]
[6724,7199,7216,8764]
[6724,11193,11232,14268]
[6725,8507,12643,33370]
[6725,8773,9145,58373]
[6725,13505,15871,18625]
[6727,12121,12152,37177]
[6727,20677,21850,32798]
[6728,10200,12615,26622]
[6728,11972,12593,64757]
[6728,26788,36163,51353]
[6730,21830,24475,49802]
[6731,20944,46336,57664]
[6732,9000,9605,19125]
[6732,10008,10659,47311]
[6732,13200,13260,15895]
[6732,13743,21312,34612]
[6732,37536,39468,47311]
[6734,9709,13160,43216]
[6734,33334,42291,50141]
[6739,9214,21488,44536]
[6739,9875,12215,21975]
[6739,9875,14135,27625]
[6739,15111,28829,41699]
[6739,29000,35061,51275]
[6739,42541,43949,46501]
[6741,7350,8600,13440]
[6747,6875,6903,58647]
[6747,6875,7125,58647]
[6747,7803,16133,35292]
[6747,10725,11245,15725]
[6747,11697,15743,50687]
[6747,14022,14186,35178]
[6749,16165,16835,19850]
[6749,27404,49708,55252]
[6750,7011,7150,18270]
[6750,40110,41246,65325]
[6751,13857,14193,21843]
[6752,37825,42977,44055]
[6755,7248,7600,12352]
[6755,9230,20072,41200]
[6755,10670,11656,59800]
[6758,7367,12408,31392]
[6758,18183,22887,24447]
[6758,31031,38192,56056]
[6760,9048,9135,25350]
[6762,16833,18202,46698]
[6764,10045,13420,24436]
[6764,14027,14261,25277]
[6765,8250,9222,22550]
[6765,11725,17343,50367]
[6767,17135,17675,18625]
[6771,7254,7696,17080]
[6771,8559,8769,13631]
[6771,8685,9071,10065]
[6771,9179,10686,18981]
[6771,13221,15006,38194]
[6771,13221,33189,38194]
[6771,34036,34188,37152]
[6775,10081,10100,25544]
[6775,23927,29673,35250]
[6776,9625,11400,36960]
[6776,15200,15425,58760]
[6777,15175,15695,19270]
[6777,16017,32824,42064]
[6777,41955,42420,44752]
[6780,16005,21244,23600]
[6780,24375,26432,45200]
[6783,8037,8092,18088]
[6783,13468,13884,20196]
[6783,14271,14329,22246]
[6783,19133,19152,35532]
[6783,42903,42946,44086]
[6784,12116,12349,29044]
[6784,17424,22896,41229]
[6785,18515,18753,36225]
[6786,35074,46574,53911]
[6788,20800,25455,33540]
[6789,9225,10086,18250]
[6789,26939,26961,60357]
[6795,20565,20907,22850]
[6795,32730,32806,57050]
[6799,22594,25159,40391]
[6800,9464,10010,38675]
[6800,11088,11713,14450]
[6800,11660,11713,29300]
[6800,12780,12852,48825]
[6800,17824,30226,47345]
[6800,19488,20580,51765]
[6801,8172,9328,56724]
[6805,10865,38991,44913]
[6806,8489,8554,53546]
[6813,20515,24610,42485]
[6815,7567,10810,17342]
[6815,41415,41625,41934]
[6817,9633,11817,15639]
[6818,34307,52718,54418]
[6825,8585,14061,59085]
[6825,9367,12240,27492]
[6825,9367,14875,35035]
[6825,27937,30420,38913]
[6831,18000,22960,40320]
[6832,9128,9394,9641]
[6832,9163,20272,33728]
[6832,11368,12122,12383]
[6832,11968,13237,57652]
[6832,14168,16093,22814]
[6832,19448,22295,55510]
[6837,15691,15963,47541]
[6839,12214,21494,35066]
[6842,10258,10319,11417]
[6842,16938,17658,59283]
[6844,7436,7439,50531]
[6844,19175,20060,37700]
[6844,19175,24544,37700]
[6845,8869,9050,11470]
[6845,10563,14787,36963]
[6845,13832,17720,61568]
[6845,23250,23976,46200]
[6845,36765,36963,58374]
[6847,17473,17487,48063]
[6850,17875,26285,29651]
[6851,7800,8125,9605]
[6853,11767,11781,18491]
[6853,14467,17501,33286]
[6853,15225,27753,44055]
[6853,21253,22428,51709]
[6853,21253,22428,58947]
[6853,21253,47197,57754]
[6853,21253,51709,58947]
[6859,19627,23759,25327]
[6862,9238,10105,33887]
[6862,51170,53363,62350]
[6864,8140,9265,21164]
[6864,9900,10439,19500]
[6864,10336,10476,15249]
[6867,7917,7925,9483]
[6868,7440,7575,8532]
[6870,19695,19750,28122]
[6873,11367,11623,36627]
[6873,13433,14269,55651]
[6873,14645,19998,39150]
[6875,8357,10275,22875]
[6875,11080,13019,14125]
[6875,12970,14267,50875]
[6875,24479,25250,44654]
[6875,26011,27805,30500]
[6875,30745,32164,43000]
[6878,9578,33523,37467]
[6880,21640,22722,23009]
[6882,12818,12834,51243]
[6885,14620,14981,17051]
[6887,10865,22737,23862]
[6887,10878,12321,41031]
[6887,14839,15314,18886]
[6888,8400,12775,36490]
[6890,16570,16826,21541]
[6890,17050,17875,33814]
[6893,11521,28943,31857]
[6893,12059,12091,14782]
[6893,17043,20001,21411]
[6893,18073,22631,26329]
[6893,22207,23363,41923]
[6895,14945,15400,21536]
[6898,10850,12423,16375]
[6900,11193,11705,39975]
[6900,12240,12308,39975]
[6902,11753,12614,26554]
[6902,16379,17371,20077]
[6905,11455,11818,13750]
[6908,9680,10492,43175]
[6911,46657,47239,49543]
[6913,23975,25415,37538]
[6915,17835,18290,18901]
[6915,17835,18901,29210]
[6916,8112,8316,8463]
[6916,8925,10140,64260]
[6916,17904,18012,63783]
[6916,25789,26117,32963]
[6919,7585,10175,38335]
[6919,9790,11960,26344]
[6919,10875,21675,37845]
[6919,23579,24794,29546]
[6919,28116,30384,43956]
[6920,17940,18369,43077]
[6921,14469,16149,62699]
[6921,26871,27401,62699]
[6921,26871,29991,62699]
[6925,7565,8213,46251]
[6928,23052,25697,40052]
[6928,26192,34817,53572]
[6929,7820,12025,45305]
[6929,9514,13287,19097]
[6929,11375,13325,44321]
[6929,11951,13013,20683]
[6929,12046,14001,38991]
[6929,18404,21988,53404]
[6930,7557,9125,18093]
[6935,9725,9875,28397]
[6935,17537,36062,56863]
[6936,25864,30634,38369]
[6939,21828,23664,50372]
[6942,15255,21583,21775]
[6948,7872,7913,30012]
[6948,9831,9852,33856]
[6948,20772,25813,30012]
[6950,13790,31175,49841]
[6955,8855,11800,23084]
[6955,28795,30075,64389]
[6964,10451,12256,27856]
[6964,27083,27136,29492]
[6965,20706,25840,40600]
[6969,19135,38456,51175]
[6969,31349,31993,37433]
[6970,14863,14905,24463]
[6970,31691,42845,61259]
[6973,16198,17416,46648]
[6973,17422,20131,41789]
[6973,38627,38657,57247]
[6984,9711,12337,22407]
[6986,12103,13178,23114]
[6987,7567,7809,51969]
[6987,7797,8175,14155]
[6987,8925,9163,9590]
[6988,27573,30261,44541]
[6989,8375,8435,29261]
[6989,13889,16736,32612]
[6992,12608,12673,49818]
[6993,10791,13584,16132]
[6993,17703,27993,46297]
[6995,14884,24400,65116]
[6996,9971,11024,19916]
[6996,11024,22737,24948]
[6996,11700,12325,13780]
[6996,16720,21571,26129]
[7002,8619,12048,19448]
[7002,20298,22173,25498]
[7002,23798,24327,40959]
[7002,23798,52515,64602]
[7006,7801,9744,25824]
[7007,10017,15521,19481]
[7008,30744,33320,38325]
[7009,9889,9991,35236]
[7011,8103,8614,35178]
[7011,11289,11609,16359]
[7011,12597,17589,26486]
[7011,12597,17589,33022]
[7011,20739,21311,35039]
[7015,9752,12200,31648]
[7015,10200,10431,26265]
[7015,21091,25784,43516]
[7016,7600,7625,43850]
[7020,10965,13611,17629]
[7020,12300,17629,31980]
[7021,8621,9786,11781]
[7025,19716,21465,30705]
[7026,24186,24187,35457]
[7028,28567,34132,38768]
[7029,13419,16401,33649]
[7029,18369,18997,37323]
[7030,10250,11951,38950]
[7031,7955,10925,55981]
[7031,19721,23051,28249]
[7032,18912,22155,55160]
[7033,9959,14066,31609]
[7033,14287,15148,23023]
[7035,11875,15075,26934]
[7035,14055,25550,39354]
[7037,9287,10877,46787]
[7038,13143,15288,39712]
[7038,38007,38722,49278]
[7047,12078,20097,20801]
[7049,7885,8010,18126]
[7049,8151,8379,14469]
[7049,8449,9044,47329]
[7049,16905,17250,25599]
[7049,17195,17250,18126]
[7049,18734,18898,34238]
[7049,42275,42370,51570]
[7049,48503,51701,62699]
[7051,16501,16711,23861]
[7052,16303,18004,26656]
[7052,18448,19188,24213]
[7055,20292,20775,22695]
[7055,21545,21775,28273]
[7055,21545,21775,31631]
[7055,21545,28273,31631]
[7056,7504,7524,29799]
[7058,12742,15143,45877]
[7059,12625,19695,61359]
[7059,14507,17316,32307]
[7059,16020,16109,49395]
[7059,34884,35659,48909]
[7061,10281,13064,34844]
[7061,11111,11191,17719]
[7063,23528,36992,39192]
[7065,8280,9576,31400]
[7065,9963,20313,43175]
[7067,11869,12506,13117]
[7068,10808,11537,29413]
[7068,16112,19716,22971]
[7070,13630,13717,27775]
[7072,9516,10647,42228]
[7072,11100,11153,12220]
[7072,16472,18408,32277]
[7073,29887,29971,30349]
[7076,7400,8845,15725]
[7076,10920,15725,51545]
[7076,24480,27999,30276]
[7081,8879,9726,64326]
[7081,11063,16681,35113]
[7081,11189,12848,15908]
[7081,15019,15257,19303]
[7081,18729,18907,24347]
[7081,29761,29882,59522]
[7083,13077,18964,53901]
[7084,18368,27559,34932]
[7084,23716,24245,41041]
[7085,8170,8294,36842]
[7085,16589,24089,30361]
[7085,20855,24089,30361]
[7090,11390,11425,26942]
[7090,27250,28750,31739]
[7092,12711,13236,24592]
[7092,17163,17184,18124]
[7093,14282,16502,25862]
[7093,14453,16781,57514]
[7093,17675,19895,57065]
[7095,10908,11280,19100]
[7097,38193,39948,40977]
[7098,11349,11398,42874]
[7098,11655,15873,29575]
[7098,35315,35373,38925]
[7100,19097,19775,24505]
[7102,8173,8277,42389]
[7104,10220,11655,19404]
[7104,12616,18817,51253]
[7104,13224,13345,42920]
[7106,11822,12215,21845]
[7107,19075,19257,27993]
[7108,31417,39536,44092]
[7116,7479,7756,13056]
[7116,14508,28500,38545]
[7119,24913,26163,43731]
[7120,16060,25149,38325]
[7120,31520,32325,55854]
[7123,10950,22995,44523]
[7123,22270,22355,25645]
[7124,7632,7668,65349]
[7125,12711,13175,14839]
[7125,13651,22995,25950]
[7125,54805,57555,64749]
[7128,9984,12584,18447]
[7130,10465,11625,27807]
[7134,12025,12095,20735]
[7134,16065,20416,49200]
[7134,17914,19557,58617]
[7136,18056,18069,28989]
[7139,29469,32571,52029]
[7140,7280,21437,36764]
[7140,8700,8989,9860]
[7140,11925,12000,12464]
[7140,12432,13515,18907]
[7140,14245,18907,56869]
[7140,14365,21437,29341]
[7140,42021,50235,65221]
[7140,47460,53788,56869]
[7141,19193,19493,32741]
[7141,27166,36091,44659]
[7141,46787,49166,49987]
[7144,26912,31169,36888]
[7150,9962,10255,47515]
[7150,10706,27775,35090]
[7150,13090,17017,22750]
[7150,47107,47515,65507]
[7152,9063,10176,26224]
[7155,19635,21675,35477]
[7156,20881,21071,33991]
[7157,7990,8075,10525]
[7157,15138,26478,51678]
[7157,44363,45843,62012]
[7158,15543,29359,39369]
[7163,8493,11622,24453]
[7163,9975,10005,11115]
[7163,16443,17081,20539]
[7163,22363,22591,29087]
[7163,26598,32538,33462]
[7163,31603,32538,33462]
[7163,55263,55302,56898]
[7167,51528,57336,58696]
[7168,9752,11224,13409]
[7171,16765,18221,35329]
[7174,25850,26495,48970]
[7174,25850,39215,49610]
[7175,7567,7708,18095]
[7175,9061,15925,24395]
[7175,13426,19865,42175]
[7175,13601,13735,21574]
[7175,14105,16523,27125]
[7175,15672,16072,56000]
[7175,17017,18655,21625]
[7178,10697,10961,17353]
[7178,10777,12986,17654]
[7178,18122,21238,61013]
[7181,32375,33750,61470]
[7183,24508,25952,28732]
[7189,8201,8619,29419]
[7191,19125,19684,35700]
[7191,32277,33602,56202]
[7191,39729,45854,56066]
[7192,8711,8992,10664]
[7192,11001,13024,44776]
[7193,23443,25568,28772]
[7194,7569,7656,9592]
[7194,13706,13734,20559]
[7199,13051,13826,65162]
[7200,7956,9620,34935]
[7200,15120,15300,21361]
[7200,18081,34935,50881]
[7203,23387,23901,27144]
[7205,10915,11286,30525]
[7208,46104,48025,61480]
[7209,7632,7791,10057]
[7209,10281,15689,35511]
[7209,18231,18761,35511]
[7210,46690,51625,57133]
[7215,7430,9639,32175]
[7216,16184,16951,34969]
[7221,7871,8949,19509]
[7221,31413,31588,35787]
[7222,7483,14966,38906]
[7224,17020,17425,30025]
[7225,9231,9585,17850]
[7225,9799,10540,31535]
[7225,9913,10013,27625]
[7225,11810,11815,12991]
[7225,44353,46240,52180]
[7228,29600,31265,61372]
[7231,8897,9153,16303]
[7231,8897,10619,42353]
[7231,9625,12950,51650]
[7232,13432,14457,29832]
[7241,23999,24698,56257]
[7245,13325,33579,55125]
[7245,13875,13973,36075]
[7245,13875,17871,28175]
[7245,23460,23851,36075]
[7249,15096,21312,55752]
[7250,10759,14840,40600]
[7250,13685,24157,27125]
[7250,16430,16907,55650]
[7250,18573,19885,22325]
[7252,11088,12321,23436]
[7252,18241,19159,52577]
[7252,27727,33552,59024]
[7257,15045,44795,60475]
[7257,24131,24957,50307]
[7259,10075,10309,32045]
[7259,14885,15691,22325]
[7259,20300,25925,32045]
[7259,21539,28384,35836]
[7259,25709,25774,48251]
[7259,35035,39809,57035]
[7261,9250,9275,36445]
[7261,18821,21571,42196]
[7263,11462,20713,63041]
[7265,24095,24503,25591]
[7265,25625,26375,63932]
[7267,8050,8645,23485]
[7267,11849,12308,17876]
[7267,13937,20111,62671]
[7267,14307,14637,29913]
[7267,15133,15457,64077]
[7267,18148,19517,32227]
[7268,17680,28900,47957]
[7271,10855,11895,16525]
[7275,7953,7980,19280]
[7275,8533,8567,8875]
[7275,8533,8567,25705]
[7275,8533,8875,25705]
[7275,25359,30400,48484]
[7276,20723,21200,39820]
[7279,13511,13529,22489]
[7279,13651,15023,18607]
[7280,8085,8099,54325]
[7280,36244,51220,54325]
[7285,10005,11484,46197]
[7285,12875,26329,43125]
[7285,18590,18659,39715]
[7286,16218,20511,53082]
[7287,54537,54813,55687]
[7289,29561,49841,65231]
[7293,7413,7766,15334]
[7293,7897,8502,15198]
[7293,8323,21301,50141]
[7293,10947,11525,18245]
[7293,19125,28050,44330]
[7294,14819,15109,33341]
[7298,7802,8327,18245]
[7298,8662,10107,17907]
[7298,12002,12023,30005]
[7298,16642,17741,28249]
[7298,19313,21182,57218]
[7298,21073,21263,62033]
[7300,11312,11315,16463]
[7300,14820,31317,58500]
[7300,18944,22265,23905]
[7301,9191,13559,30199]
[7301,9625,11175,18585]
[7301,16261,18725,39245]
[7301,16261,23989,30199]
[7301,29189,30199,43061]
[7301,56581,59353,64523]
[7303,7887,9858,23217]
[7303,18247,23947,34891]
[7308,8672,11183,33953]
[7308,9275,16717,24115]
[7308,10892,12573,15732]
[7310,13750,23375,41701]
[7310,27470,27977,39758]
[7310,32723,33325,64685]
[7314,7662,7714,14539]
[7316,14365,14384,40300]
[7316,18600,23715,33615]
[7316,28675,32116,38480]
[7319,14326,14534,43334]
[7320,36960,36966,59761]
[7321,17447,17522,51247]
[7321,28679,29284,58804]
[7325,8547,8925,30765]
[7325,18915,20125,28421]
[7325,38077,38090,40898]
[7326,13650,18590,30525]
[7328,10880,11880,20553]
[7328,15928,15947,16030]
[7328,25432,27959,31144]
[7329,18615,24990,53746]
[7329,28449,30363,37073]
[7337,13737,13979,25787]
[7339,25721,33286,57154]
[7339,29971,33286,57154]
[7345,14383,17875,29267]
[7347,18666,29109,32147]
[7348,44968,46157,47223]
[7353,13293,13603,53853]
[7359,24257,25315,49795]
[7360,13080,16677,47400]
[7367,9727,10553,14522]
[7367,12155,13780,17000]
[7370,8371,10120,48704]
[7371,8439,8827,22533]
[7373,30044,33444,35552]
[7375,10742,13625,60665]
[7375,26373,27777,30975]
[7375,27401,35465,50935]
[7379,11089,11618,11942]
[7379,12956,15072,33948]
[7379,18971,22099,27949]
[7380,17015,17712,47700]
[7381,13013,13237,19019]
[7381,15796,17824,32224]
[7381,27469,29582,58682]
[7381,45133,45506,51667]
[7382,29138,42347,60847]
[7387,14110,19525,23987]
[7387,14110,19525,64325]
[7387,31169,35140,38000]
[7389,8619,20683,64038]
[7392,8888,9702,27573]
[7393,14089,14282,15314]
[7395,8299,14475,18270]
[7395,10465,11025,23919]
[7395,17730,17864,30912]
[7395,20828,27675,36453]
[7398,12543,19536,26216]
[7398,15450,15755,19110]
[7399,14777,15499,16149]
[7399,20566,21177,60697]
[7400,13376,38665,48070]
[7400,15133,15392,16360]
[7401,36801,38824,41151]
[7403,8375,10553,16825]
[7403,9301,9422,22526]
[7403,12694,14806,29078]
[7404,23427,26304,27148]
[7409,10741,11966,18662]
[7409,19569,19757,24833]
[7412,8400,8415,58860]
[7414,8437,8762,15862]
[7416,7809,8768,11512]
[7416,11064,11189,11834]
[7420,18496,18921,27300]
[7424,8992,9476,15851]
[7424,12704,13243,16402]
[7424,20800,37520,47125]
[7425,9165,10032,14300]
[7425,14616,15840,36520]
[7429,16042,16133,22829]
[7429,30459,31775,54805]
[7436,29036,29045,41236]
[7437,8463,8547,9373]
[7437,11560,12000,45288]
[7439,8685,8690,31486]
[7439,11723,11727,22577]
[7440,34740,36300,58093]
[7440,34740,45725,61039]
[7441,18375,45000,56175]
[7442,16802,20447,26047]
[7442,41922,42578,53567]
[7446,9802,9945,14235]
[7446,10946,13221,21471]
[7448,7735,8015,8177]
[7448,8113,8360,24920]
[7448,8160,8177,11048]
[7448,38048,38171,53998]
[7450,8605,8800,13768]
[7453,11357,23901,56231]
[7453,11457,12077,32723]
[7453,15587,26245,50115]
[7456,15000,15345,23640]
[7462,21437,25123,63427]
[7462,29638,40223,48503]
[7467,8725,9095,45355]
[7471,11951,13279,32701]
[7472,17172,17273,25652]
[7473,14027,14223,43407]
[7473,15998,20416,37048]
[7473,20016,20352,20416]
[7475,10317,18005,33485]
[7475,24331,32045,43100]
[7477,41973,46347,55497]
[7482,12174,12201,36199]
[7488,8088,8137,10920]
[7488,8880,9100,20787]
[7488,10412,10413,64116]
[7488,35828,36729,64116]
[7493,37370,38245,41107]
[7494,19638,23119,38981]
[7498,10982,11271,29751]
[7500,8480,8487,10125]
[7501,8051,8078,12901]
[7501,13108,13717,25651]
[7502,11298,12978,39543]
[7503,9295,9425,51545]
[7503,16290,17040,20272]
[7503,19097,20679,53703]
[7503,26775,31415,46740]
[7506,25254,28137,44023]
[7506,25254,44023,60897]
[7511,8967,10614,11214]
[7511,11615,25250,38114]
[7511,14089,14342,21239]
[7511,14313,17661,63063]
[7511,17950,25250,38114]
[7511,22504,22673,61103]
[7514,23579,29466,32266]
[7514,27170,27455,58045]
[7519,8924,9409,42559]
[7520,17960,21103,47000]
[7524,15903,17424,19228]
[7524,16500,16775,29725]
[7525,10803,11080,39520]
[7527,33633,34151,35754]
[7531,33077,37777,60431]
[7535,10735,13625,15481]
[7535,11224,12576,35424]
[7535,12100,18084,35424]
[7535,16775,20625,25071]
[7535,22355,24734,28946]
[7535,25883,26715,44517]
[7540,8148,11252,38077]
[7540,11815,11948,22100]
[7540,21125,24128,25460]
[7540,24095,24128,32500]
[7542,17538,33667,41837]
[7543,14921,15355,59685]
[7544,19224,19393,32218]
[7546,29561,30745,46585]
[7553,20650,21850,49322]
[7557,25132,36869,45581]
[7560,21960,24888,36121]
[7560,31941,35685,58565]
[7565,10355,10925,28747]
[7565,22325,26315,28747]
[7565,34825,35511,45815]
[7565,53625,57150,61854]
[7567,8413,8554,65534]
[7567,11023,11067,13727]
[7567,19317,22017,26367]
[7568,15756,27231,49932]
[7569,34440,34481,36975]
[7570,12835,12869,45475]
[7570,12835,17411,26875]
[7570,18685,19075,37093]
[7574,10101,12984,24384]
[7575,8532,12000,22220]
[7575,12580,13056,20700]
[7575,14364,18620,63840]
[7575,22338,23630,44238]
[7575,26391,26445,36455]
[7579,9350,9971,12155]
[7579,10904,10912,51304]
[7579,11607,19929,59943]
[7579,11611,13639,17671]
[7579,13211,16907,63653]
[7579,13330,15496,33920]
[7579,19173,19929,36729]
[7579,38236,43516,56816]
[7581,9275,9315,11130]
[7584,10808,11016,16791]
[7585,8585,19415,63529]
[7585,9250,17825,28823]
[7585,12449,13801,38335]
[7585,16895,17427,24525]
[7587,11997,12645,39845]
[7587,14237,15947,17702]
[7589,20329,23834,45534]
[7590,9375,12826,52250]
[7590,10701,11275,12749]
[7592,12992,18907,37352]
[7592,15088,31217,58838]
[7592,19688,21827,37352]
[7592,20192,20878,38797]
[7595,11285,14911,47275]
[7595,14056,16000,25256]
[7598,14942,32103,56347]
[7598,25777,29502,32190]
[7600,9256,16910,28025]
[7600,10049,17840,56000]
[7600,14432,15580,23693]
[7600,15080,18850,23729]
[7602,8823,11032,20272]
[7602,10955,11298,40050]
[7602,33147,33901,41811]
[7605,8732,8957,15293]
[7605,17118,18525,38357]
[7605,36725,37881,60021]
[7608,19188,20377,53573]
[7611,16039,22661,26245]
[7613,8900,14240,23600]
[7613,9251,14575,46255]
[7616,20068,25109,30716]
[7618,10010,11725,14357]
[7618,14807,15529,20111]
[7623,46332,47967,55583]
[7624,27840,28590,63075]
[7625,8183,8245,15625]
[7625,8840,9673,19825]
[7625,9821,10004,47300]
[7625,9821,12200,47300]
[7625,13169,13400,20260]
[7625,14819,16675,41245]
[7625,24523,24775,41785]
[7627,21025,23055,44145]
[7632,7656,7685,7950]
[7632,10880,12393,18000]
[7632,24768,25857,34768]
[7633,13717,14510,45758]
[7633,17000,17960,29920]
[7636,12839,24191,48959]
[7637,43563,47957,54733]
[7644,12121,12528,38532]
[7644,15225,18655,29319]
[7644,15379,16224,21924]
[7644,18500,19260,36075]
[7644,20664,20787,23023]
[7650,22542,23375,48165]
[7650,22875,23600,24888]
[7652,19888,21043,61468]
[7656,29920,32045,37400]
[7657,8282,10168,50096]
[7657,10793,11408,22847]
[7657,30381,32110,38270]
[7659,14391,14421,31211]
[7659,14391,16974,22126]
[7659,23691,29415,40391]
[7661,17363,19886,40261]
[7663,24187,24824,29516]
[7663,31675,32038,56050]
[7666,12321,16983,34497]
[7667,9991,12716,41492]
[7667,10250,10285,11275]
[7667,14637,15609,23001]
[7670,9970,9971,58823]
[7676,35836,37468,58463]
[7678,20377,20447,51303]
[7678,28853,29768,30712]
[7679,12971,30716,60724]
[7679,43099,43804,60724]
[7682,39882,40443,50439]
[7683,15939,17336,17589]
[7683,23183,28959,52767]
[7683,29277,30959,42289]
[7685,11845,16675,26818]
[7685,28225,29435,48389]
[7685,35995,36967,38425]
[7687,44812,50932,52208]
[7689,9831,13529,26329]
[7689,10615,11385,17475]
[7689,12804,13980,18880]
[7692,11397,18444,28204]
[7693,10325,10355,43960]
[7693,10325,11970,17170]
[7697,20653,20822,47750]
[7700,10373,12155,13325]
[7700,10955,22000,24332]
[7700,11956,13325,42700]
[7701,20124,20336,21216]
[7701,21049,41451,44523]
[7709,9546,9594,24906]
[7709,9571,10081,36031]
[7711,11295,11455,12170]
[7711,11771,12618,42018]
[7711,16261,24139,62389]
[7712,14212,14219,26588]
[7712,31096,34463,56446]
[7714,9485,9589,14539]
[7714,16606,18354,25921]
[7714,25010,33611,35150]
[7715,36835,36875,37771]
[7719,9081,14681,23207]
[7719,11289,14469,24539]
[7722,26013,28608,39208]
[7722,47685,47872,57800]
[7725,16055,16089,29913]
[7725,23530,23595,28779]
[7728,8772,10948,15617]
[7730,12610,14291,16975]
[7733,14025,14133,28875]
[7733,15563,16027,26873]
[7733,20995,22525,42883]
[7733,32433,45771,56331]
[7733,38950,44992,60680]
[7735,11398,17425,41327]
[7735,13462,30362,51610]
[7735,22570,23569,25193]
[7737,21831,30063,58312]
[7738,10475,11395,34237]
[7738,11050,11395,14365]
[7738,11050,12410,14365]
[7739,18235,18975,29125]
[7739,18235,18975,56789]
[7739,18235,29125,56789]
[7740,36704,37629,53865]
[7742,10982,15663,34387]
[7743,9407,12888,42687]
[7743,10175,11075,16465]
[7743,10175,11857,16465]
[7743,12673,14007,18423]
[7743,14697,16906,39346]
[7743,23418,24969,37729]
[7743,26307,30847,64897]
[7747,17561,24211,60947]
[7748,24688,29601,34489]
[7748,39087,47268,64368]
[7749,12549,47971,63294]
[7749,14259,18491,35259]
[7749,21423,31652,35976]
[7750,11269,12950,35306]
[7751,14762,22874,26474]
[7751,15129,15147,45387]
[7751,15129,22507,27403]
[7754,17797,17846,54278]
[7755,10485,17475,28157]
[7755,11726,38130,64350]
[7756,18907,45260,56980]
[7760,19380,21675,54708]
[7762,16262,17963,20987]
[7763,14385,14490,19962]
[7769,9367,13481,14167]
[7769,9369,10721,25441]
[7769,26503,30619,32453]
[7770,32487,35105,47175]
[7772,12532,12673,44573]
[7772,21712,34417,46517]
[7772,38272,38468,44863]
[7774,15249,16184,40664]
[7774,21049,21086,32786]
[7775,38817,40033,45125]
[7777,13983,16872,24897]
[7777,14527,16577,41602]
[7777,20933,20972,41272]
[7777,41327,42218,48178]
[7780,15096,15171,42075]
[7780,27255,29175,34191]
[7781,10875,11385,64935]
[7783,15967,22842,41058]
[7784,14056,14661,44814]
[7785,12972,14160,28372]
[7785,18549,26535,29785]
[7785,31383,33285,51035]
[7787,17188,20061,55861]
[7790,10030,10450,13243]
[7790,15170,40375,57646]
[7790,31450,40375,62567]
[7791,24934,42294,60006]
[7791,39564,44103,58247]
[7797,16422,16611,52003]
[7797,21505,24495,25425]
[7797,27531,27797,52003]
[7799,27313,28138,30487]
[7800,11296,11505,42360]
[7800,12208,12558,34335]
[7800,16335,24999,38425]
[7800,18720,20280,24961]
[7800,19656,24050,38425]
[7800,33936,38425,39390]
[7800,38304,38425,51000]
[7801,15509,17342,40562]
[7801,20604,26361,58911]
[7802,12358,14150,18245]
[7803,29097,35929,62169]
[7803,29097,38743,52887]
[7803,29583,29707,61557]
[7803,33147,35547,42125]
[7807,10817,21261,30081]
[7807,22657,29057,43907]
[7808,9800,10120,11875]
[7808,13884,13892,21983]
[7809,12673,13409,18791]
[7809,25764,40128,49312]
[7811,24254,32867,48643]
[7811,28925,30875,32485]
[7813,9731,9763,22237]
[7819,14749,14819,33251]
[7820,20217,33695,45305]
[7821,12628,12672,42804]
[7821,24003,24220,50260]
[7825,17135,17263,22231]
[7825,18095,29155,41629]
[7828,7999,10260,42100]
[7828,8125,9100,28000]
[7828,42772,42959,52972]
[7831,13949,16809,23959]
[7831,38719,44767,62431]
[7832,9568,10648,12727]
[7832,10400,10670,65065]
[7832,14960,16643,22250]
[7833,10757,11333,31493]
[7833,29750,29840,33880]
[7837,13975,13987,20125]
[7842,35649,40542,56674]
[7843,20003,22747,48093]
[7844,9085,9275,9731]
[7844,25476,31524,51531]
[7848,16125,20000,34880]
[7848,23616,37777,48216]
[7849,8475,8535,15255]
[7849,14761,19511,32849]
[7850,21094,22250,41605]
[7852,13988,14443,22493]
[7865,9955,12617,58825]
[7865,22495,25575,31902]
[7866,27666,27807,34891]
[7871,8959,9367,40727]
[7875,9890,10000,14752]
[7875,12771,13300,24675]
[7875,14915,18369,31725]
[7875,17507,19215,46575]
[7875,31626,31800,47576]
[7878,8362,9594,11211]
[7880,16592,16942,17995]
[7881,13250,16695,27375]
[7882,8579,8582,36554]
[7888,9500,10625,31900]
[7888,9960,11775,13362]
[7888,12176,12937,50324]
[7888,17312,22892,34083]
[7888,42208,48566,65009]
[7889,47257,60207,63114]
[7889,57523,58420,61280]
[7896,8029,8064,11544]
[7897,10191,21615,40230]
[7897,29435,30247,46375]
[7902,9141,9259,41827]
[7903,23713,23903,31463]
[7903,28575,45235,58465]
[7904,13021,13949,40859]
[7904,16400,23780,43625]
[7904,17732,23529,57629]
[7904,35904,36024,37791]
[7904,37791,37856,41344]
[7905,10725,15125,51051]
[7906,10335,11415,35775]
[7909,9575,9591,39159]
[7911,8967,9083,12261]
[7917,10171,14196,56667]
[7917,10563,10579,22701]
[7917,10931,12831,38367]
[7917,16907,17226,45474]
[7917,16933,16992,35931]
[7920,13920,14268,39125]
[7921,19057,24321,59007]
[7922,13603,14213,16643]
[7922,13603,14523,25083]
[7923,29868,30368,34048]
[7924,21716,23903,30988]
[7925,7987,8000,12680]
[7925,10961,24735,37089]
[7925,25899,42795,47526]
[7925,26923,26945,35425]
[7929,9231,21144,54481]
[7929,29223,29954,35673]
[7930,9275,9555,24339]
[7931,10906,18981,26885]
[7938,8099,10738,50626]
[7938,33922,33938,55063]
[7940,40339,42315,52461]
[7943,12083,12221,23491]
[7943,20557,20618,61334]
[7943,24817,28574,43586]
[7943,24817,43586,61334]
[7943,42105,49855,57343]
[7946,14946,16029,50721]
[7950,42919,42930,61410]
[7952,17888,19257,57218]
[7953,21960,29585,44103]
[7956,11931,22796,62016]
[7956,22960,24085,36244]
[7956,32400,34935,36244]
[7957,13429,14007,65079]
[7957,13429,18421,29054]
[7957,14219,14681,17593]
[7957,16287,19947,42453]
[7957,18125,23725,31610]
[7961,32513,41236,58088]
[7964,10736,11041,11891]
[7967,19825,35720,63440]
[7967,35167,37829,47333]
[7967,35687,35720,63440]
[7967,35687,38023,45177]
[7967,49750,51400,63440]
[7969,18967,20842,33631]
[7973,14093,16592,19067]
[7973,15908,18139,30299]
[7973,22295,24752,47500]
[7975,8281,8294,13585]
[7975,10340,11968,13340]
[7975,11009,13625,23230]
[7975,12259,12505,35815]
[7975,12665,12963,32829]
[7975,16543,23432,40775]
[7975,20449,24505,28600]
[7975,20449,24505,47476]
[7975,21320,30176,60320]
[7975,21945,22707,61875]
[7976,10504,12961,20114]
[7979,10325,11515,20615]
[7979,10624,11229,17501]
[7980,13780,17225,35828]
[7980,16055,17225,23959]
[7980,16055,18928,53200]
[7980,22127,23980,30352]
[7983,22831,23825,59245]
[7984,39904,46793,49138]
[7987,38213,39928,40748]
[7988,20572,22387,24053]
[7990,22025,22865,27311]
[7992,17649,20424,24376]
[7995,48530,50875,53957]
[7998,8109,9552,17384]
[7998,16422,18879,60109]
[7999,17824,18657,49257]
[8000,9955,11584,19200]
[8000,22260,24129,52500]
[8000,39824,43301,56050]
[8000,50968,51245,57610]
[8003,12733,13293,26593]
[8004,11385,11679,24679]
[8004,18924,19885,30805]
[8004,22425,24679,61625]
[8007,11088,12624,42704]
[8008,15912,16027,40898]
[8008,17908,19943,34307]
[8009,11978,26216,64072]
[8010,35649,36426,57850]
[8015,17230,17266,30686]
[8020,9840,9900,10827]
[8021,16171,22471,38779]
[8023,12137,12512,12863]
[8025,11655,20202,43225]
[8025,12105,20569,33625]
[8029,13771,14098,65254]
[8029,24056,25123,65317]
[8029,24157,25585,45475]
[8029,24157,37555,45475]
[8029,32023,38221,47027]
[8036,10675,10736,11620]
[8036,10675,10736,22960]
[8036,10675,11285,15211]
[8036,10675,15164,19520]
[8036,28000,31565,46865]
[8037,10683,11183,27537]
[8037,17499,17501,39976]
[8040,15477,17085,23165]
[8041,10419,16348,34808]
[8041,10750,11825,15895]
[8041,14289,23382,46002]
[8041,14775,19635,58509]
[8043,10283,11592,42957]
[8043,10309,10716,19032]
[8046,16482,18850,24585]
[8046,37629,44104,58608]
[8049,19599,29681,58479]
[8050,17125,17250,56718]
[8050,43155,43470,56718]
[8051,9715,9785,53465]
[8051,9997,12901,28453]
[8056,23500,27075,63631]
[8058,19082,20619,42186]
[8062,9693,16443,29187]
[8062,10418,10707,29187]
[8063,28545,28587,29205]
[8072,19788,19817,37333]
[8073,9975,13145,57525]
[8073,11607,12091,14469]
[8073,15300,15652,19680]
[8075,16523,18655,58565]
[8075,18107,33915,42885]
[8075,18315,19125,35631]
[8075,22648,31160,47680]
[8075,28407,58485,61557]
[8077,11983,13222,42722]
[8077,15548,33293,37843]
[8078,38129,54896,62496]
[8080,10412,17125,18988]
[8080,20956,22725,27300]
[8080,36000,42525,48564]
[8082,16770,18525,54418]
[8085,11349,13299,26675]
[8085,15029,18585,42375]
[8085,22260,32277,54325]
[8088,10835,28875,33363]
[8088,21312,21608,37407]
[8091,13359,13420,46284]
[8091,13392,14384,43392]
[8091,16115,18459,23490]
[8091,24408,26216,43392]
[8092,8463,10140,15300]
[8092,9361,9408,52836]
[8092,10952,11849,42439]
[8092,13083,39648,54468]
[8094,21406,34041,57246]
[8097,27813,28261,43419]
[8099,10234,13528,24752]
[8099,15965,16465,22451]
[8099,47600,51805,52955]
[8103,27993,28877,40777]
[8104,23392,34442,38033]
[8105,12200,12968,14696]
[8105,18500,25936,38480]
[8105,26860,26864,51872]
[8107,14707,16192,34028]
[8109,9656,11339,19061]
[8109,24531,33337,64893]
[8112,10332,11869,27716]
[8112,43164,47437,59388]
[8113,13300,14000,23180]
[8113,13937,19703,24073]
[8113,13937,19703,32452]
[8113,14063,15211,55637]
[8113,15575,24920,27145]
[8115,10761,15689,18615]
[8115,15111,15689,18615]
[8118,12122,12177,21402]
[8118,26994,28457,50307]
[8119,15191,15561,38089]
[8120,8980,9625,28301]
[8120,10600,10759,14630]
[8120,14560,14681,21112]
[8120,14560,14681,29000]
[8120,14560,14681,59150]
[8125,8584,9280,37000]
[8125,13039,13325,21875]
[8125,13715,17043,22125]
[8125,19276,26000,58700]
[8125,28037,28355,38012]
[8125,28037,29085,34450]
[8125,33235,35075,35581]
[8125,34340,38012,58000]
[8125,34475,35750,41173]
[8126,33866,34009,59749]
[8127,18564,18785,20265]
[8127,23307,29083,60517]
[8131,15431,20541,50179]
[8132,11993,12032,20768]
[8134,18139,20301,25101]
[8136,14208,17750,62715]
[8136,60216,63688,65427]
[8138,23762,26923,37247]
[8138,33142,40001,55094]
[8140,13568,18860,58793]
[8148,17787,28896,35584]
[8149,12749,12789,17141]
[8149,14476,18676,39340]
[8149,17459,19720,23885]
[8149,18031,20513,56927]
[8149,18850,19720,29224]
[8151,12337,16425,45630]
[8151,21801,21905,22601]
[8151,36179,53911,61289]
[8153,11123,12972,32248]
[8155,17515,20038,23278]
[8155,20881,36581,50405]
[8160,10792,11160,13575]
[8160,12264,12410,57889]
[8160,12264,33150,57889]
[8160,14212,14535,39900]
[8160,27960,46600,57889]
[8162,24871,29087,56287]
[8169,15051,15081,30551]
[8174,37522,40049,55774]
[8176,11368,20951,43307]
[8176,16132,17549,19943]
[8176,21840,22100,33215]
[8177,12827,14763,31317]
[8178,11142,11303,28303]
[8181,23625,26950,53550]
[8183,8989,9614,26786]
[8183,39319,39867,53669]
[8188,13988,14257,16732]
[8195,13629,13671,39879]
[8200,8729,9280,10040]
[8200,10005,10059,15075]
[8200,10005,10059,46371]
[8200,10005,15075,46371]
[8200,13536,15075,20664]
[8200,43928,45305,60690]
[8201,15351,15561,25011]
[8204,11856,11907,12012]
[8206,30690,33550,35435]
[8207,8299,8399,9457]
[8208,10272,17818,54793]
[8208,12992,14877,18468]
[8211,12397,12903,43197]
[8211,32964,33936,34748]
[8213,18923,20827,31537]
[8214,10146,10509,15059]
[8214,19869,21571,25021]
[8215,14601,23715,30051]
[8215,15820,16119,17967]
[8216,36244,38369,48841]
[8217,8436,14036,19536]
[8218,19502,27083,60433]
[8220,10260,10275,19669]
[8224,44400,44975,49210]
[8225,18703,18850,34870]
[8227,15587,16454,53846]
[8228,19176,20349,34299]
[8233,21719,49567,57631]
[8235,12267,12383,30015]
[8235,14280,32725,37149]
[8235,15075,19125,28853]
[8235,30276,32725,37149]
[8235,37875,38125,49389]
[8239,47759,48364,60241]
[8241,21275,24705,40959]
[8242,8638,11723,33602]
[8245,23815,25026,51094]
[8245,30475,35987,49000]
[8245,38077,47125,53227]
[8245,47125,53227,63050]
[8247,12137,16717,46733]
[8249,15763,16724,40124]
[8250,31126,31875,53190]
[8251,12805,13949,19700]
[8255,22220,23572,30700]
[8257,12415,18343,34268]
[8265,8892,9367,19825]
[8265,9126,14326,51110]
[8265,18377,19227,27225]
[8265,26640,26825,32079]
[8265,32300,34800,46512]
[8268,9225,10455,10865]
[8268,9968,10143,13356]
[8272,10136,11222,41347]
[8272,10880,22372,31255]
[8272,19756,21103,35156]
[8274,21534,28446,39479]
[8277,10027,16687,63973]
[8280,16800,16950,32929]
[8280,17760,18975,37352]
[8281,11431,11891,27209]
[8281,11431,12121,27209]
[8281,11609,11891,17719]
[8281,11609,13377,34937]
[8282,8998,9407,58282]
[8282,14442,16171,54209]
[8282,31382,37269,42582]
[8284,8645,10355,13325]
[8284,10587,14116,26716]
[8286,13746,27058,45573]
[8290,33605,41925,60517]
[8294,10982,16907,53482]
[8294,16330,16675,61594]
[8294,36994,37011,53599]
[8300,10115,13888,25228]
[8303,14575,15805,52705]
[8304,18496,19836,26469]
[8304,41480,43605,45750]
[8307,11277,11999,52611]
[8310,27334,28810,48475]
[8313,10013,10098,19422]
[8313,11655,17225,29563]
[8314,43958,50339,60086]
[8316,8784,8845,13359]
[8319,9972,11344,17728]
[8319,16769,17343,57669]
[8319,16769,20801,45889]
[8321,8671,9379,10205]
[8321,9345,9729,11775]
[8321,9345,9729,43521]
[8321,9345,11775,43521]
[8321,11804,11932,44096]
[8322,14547,16352,18408]
[8322,15801,21378,27022]
[8322,18122,19431,30003]
[8323,10465,13202,14950]
[8323,14924,15252,38252]
[8323,14924,19024,38252]
[8323,16643,18245,21445]
[8323,17800,18245,41605]
[8323,33667,40297,48253]
[8325,10811,14175,51615]
[8325,19647,28497,54575]
[8325,23868,27232,30000]
[8325,25665,28497,54575]
[8325,30996,31365,37925]
[8325,33285,35187,55757]
[8327,8723,10598,12298]
[8330,10585,10975,14297]
[8330,15015,37128,40800]
[8331,38709,47209,48791]
[8333,13195,13325,24358]
[8340,8645,10868,58900]
[8345,18605,23366,33550]
[8347,42143,42347,48107]
[8352,9519,10144,14848]
[8352,23400,23475,27560]
[8359,15334,15841,45305]
[8362,11001,13024,44776]
[8364,24112,26964,41937]
[8371,16766,35006,39794]
[8372,9583,11792,53872]
[8372,10005,10397,16675]
[8372,14547,18252,35808]
[8372,25760,29900,48503]
[8375,9419,16825,43719]
[8375,10721,11480,25780]
[8375,25483,26000,61420]
[8377,48053,50262,56338]
[8379,13461,16789,22379]
[8381,13804,14147,24157]
[8381,15544,17731,24157]
[8381,17071,17374,23026]
[8381,25181,25926,28611]
[8381,37269,46699,48314]
[8381,37366,40006,56134]
[8385,22495,38514,56442]
[8385,35568,44400,45760]
[8388,11328,12388,20737]
[8393,11063,15799,17654]
[8393,11407,13808,15433]
[8393,15818,17802,45562]
[8393,19418,19558,26378]
[8395,12085,31293,38325]
[8395,14555,15563,22475]
[8395,22475,23725,40339]
[8395,25607,37207,63145]
[8397,11763,18483,25217]
[8398,11951,16473,17649]
[8398,24115,24648,43248]
[8399,10235,11765,23051]
[8400,10296,15625,37230]
[8400,15008,17250,21867]
[8400,15264,19875,34036]
[8400,17640,17850,40441]
[8400,19188,20500,24735]
[8400,19188,20500,47415]
[8400,24444,24735,25220]
[8402,20498,21005,21527]
[8404,17391,17721,39609]
[8405,11051,11275,21845]
[8405,17225,19822,20254]
[8405,32825,35282,43706]
[8407,11753,13211,14491]
[8407,24360,25568,60200]
[8410,26555,30736,40600]
[8411,10468,54957,61893]
[8412,20097,20329,27231]
[8415,9540,10335,18497]
[8415,16247,20097,53550]
[8415,16965,23925,26741]
[8415,17577,17710,42273]
[8418,12050,18910,63865]
[8421,25529,26571,49077]
[8424,8721,8775,9265]
[8425,18953,18955,52235]
[8425,24727,25245,29145]
[8427,10517,14469,41259]
[8427,21867,23547,47753]
[8432,10400,11470,47957]
[8435,20165,25179,30366]
[8435,26125,29653,30125]
[8437,20650,29205,32395]
[8437,20837,21147,28773]
[8437,24323,27206,44954]
[8439,9975,15375,41225]
[8439,11441,42874,57449]
[8439,26071,28809,50634]
[8439,26199,26939,35301]
[8440,36440,37001,49750]
[8441,23239,26937,48203]
[8449,10437,10863,50799]
[8450,9646,9675,11154]
[8450,15385,17200,22168]
[8450,15794,32955,55495]
[8455,9860,10268,10304]
[8455,16625,32754,42750]
[8455,25810,27056,63232]
[8455,30210,32754,42750]
[8459,14091,16149,23331]
[8463,12789,13237,35061]
[8463,14787,14973,53053]
[8468,18800,20805,21300]
[8468,22015,26860,63568]
[8470,13695,15400,43624]
[8473,12173,12194,31598]
[8473,12327,13972,46543]
[8473,20875,21755,55685]
[8473,23023,31598,38402]
[8475,31901,41610,64125]
[8479,10160,11529,24321]
[8481,38335,38394,40194]
[8483,13091,15317,23491]
[8487,21900,22265,23487]
[8487,29145,30012,61625]
[8489,21359,34609,44239]
[8491,59241,60116,63076]
[8492,10804,15695,47285]
[8492,30745,30880,34892]
[8493,13547,13984,21436]
[8494,31354,31647,43947]
[8497,10549,11078,34574]
[8497,11921,14703,22854]
[8500,8816,9140,12325]
[8500,9345,12816,19788]
[8500,11165,13804,44800]
[8500,15836,17015,47175]
[8500,16340,18275,54868]
[8500,17520,29525,31828]
[8500,25520,34375,54868]
[8500,32513,32800,48620]
[8500,42016,42925,53465]
[8502,9177,9592,10992]
[8503,23375,27055,31825]
[8507,17750,17893,28475]
[8507,26700,28960,56468]
[8509,20884,22924,29044]
[8510,10355,10432,37000]
[8510,14450,14467,43010]
[8514,10747,15822,17586]
[8519,10951,10953,11883]
[8519,12985,15015,25281]
[8525,11873,15023,19375]
[8525,12877,14102,17875]
[8525,32243,38643,45375]
[8525,32731,51500,55320]
[8528,9016,9259,10478]
[8528,12236,13489,17836]
[8536,13124,22581,26481]
[8536,14125,15520,31640]
[8540,10556,13481,37700]
[8541,28341,29419,64356]
[8544,11544,24531,26344]
[8547,13468,14652,48048]
[8547,16647,16698,37642]
[8547,35847,43428,50072]
[8548,18277,33197,40603]
[8549,17596,18592,63812]
[8550,19266,25935,29575]
[8550,28782,29575,36285]
[8552,12017,12608,14552]
[8554,9823,12502,44954]
[8554,16029,19229,41405]
[8555,14063,21025,53537]
[8555,21475,22333,26051]
[8555,26815,27550,41174]
[8556,29900,32085,65100]
[8557,21297,23484,57936]
[8567,10153,10249,22646]
[8568,9840,9843,10250]
[8568,16132,16137,53037]
[8569,8711,11521,14329]
[8569,11899,12649,37399]
[8569,13481,22919,30073]
[8569,13794,13959,16359]
[8569,46655,47481,54530]
[8575,28033,31135,53465]
[8576,16352,23852,53801]
[8579,11581,11651,13801]
[8579,18281,19624,28724]
[8579,20878,22046,61646]
[8580,8932,15457,19580]
[8580,15708,22308,32045]
[8580,15708,32045,56100]
[8584,9884,9889,13061]
[8584,10864,10989,13386]
[8584,12341,16576,30856]
[8584,13984,14536,24679]
[8584,15979,18531,36381]
[8584,20401,20416,38776]
[8584,22304,22678,43993]
[8584,22304,25912,43993]
[8584,22624,22629,29896]
[8584,25216,28024,50431]
[8584,25216,31126,50431]
[8585,14025,14399,27775]
[8585,14025,17578,27775]
[8585,15295,19992,53025]
[8585,15400,19040,45248]
[8585,19981,21200,57460]
[8585,21385,22321,26225]
[8587,21793,30747,43803]
[8587,40203,43739,48601]
[8591,26609,27081,49324]
[8593,11882,13082,25754]
[8596,14404,17451,30849]
[8600,12604,12685,53535]
[8600,30160,32250,48633]
[8601,11786,11976,16536]
[8601,30361,37399,46139]
[8601,30805,30926,63074]
[8603,16037,16039,35641]
[8610,10175,10209,14985]
[8613,10725,21505,25375]
[8613,11700,12325,16965]
[8613,14762,16443,18117]
[8614,9971,10266,32266]
[8619,10136,15912,19608]
[8619,11594,12168,23256]
[8619,14756,18005,19669]
[8619,30849,33908,53872]
[8621,23180,28304,48500]
[8621,25651,28589,36814]
[8624,22631,23744,30256]
[8625,10485,10718,13110]
[8625,11628,20400,42380]
[8625,32185,34383,47025]
[8631,20349,25619,33901]
[8633,12780,13095,20025]
[8633,13858,20176,29192]
[8633,13858,25543,46657]
[8634,10686,11049,20801]
[8635,16159,21109,36725]
[8635,18733,25740,41125]
[8639,10387,12337,54961]
[8639,23302,24823,27273]
[8640,19024,19575,19926]
[8642,18183,24882,29502]
[8642,40658,45147,60987]
[8645,28975,29393,49105]
[8645,38715,43953,45675]
[8648,24224,25699,65102]
[8649,20961,44649,61289]
[8650,28054,31775,40729]
[8650,28527,33670,64250]
[8651,10933,18733,48749]
[8653,29003,29013,47957]
[8655,21199,26001,36975]
[8655,35409,41325,47891]
[8656,18056,20017,64306]
[8658,11418,22737,55187]
[8659,16025,19230,22266]
[8660,13600,14289,18900]
[8662,11687,11873,25823]
[8662,12337,12480,54312]
[8662,12337,12506,58838]
[8666,9834,9849,18774]
[8668,17360,19943,23100]
[8668,24092,24131,62449]
[8671,10120,10880,31096]
[8671,10642,10985,17215]
[8671,15029,21489,57969]
[8671,21634,25897,33943]
[8671,23391,25277,51107]
[8673,43127,43329,47502]
[8675,16485,16956,36765]
[8675,18685,18761,45193]
[8675,19171,20155,28355]
[8676,9804,12449,30929]
[8679,22446,25927,50721]
[8680,10400,10486,13195]
[8680,11165,11200,13224]
[8680,16160,16601,20200]
[8680,19040,20561,27608]
[8683,16188,16452,26448]
[8683,19285,22850,31958]
[8684,10064,10101,47124]
[8685,12557,19343,33775]
[8687,9545,9588,16425]
[8687,10150,13600,20440]
[8687,12103,12236,18031]
[8687,13137,13797,21777]
[8687,16401,16863,18513]
[8687,16751,16863,28851]
[8687,19951,21637,26299]
[8687,21167,21431,26359]
[8687,21693,44019,48909]
[8688,10812,13213,33337]
[8690,18850,19250,29029]
[8692,20792,33497,47437]
[8692,22048,23903,33497]
[8692,22048,33497,35828]
[8692,27025,28208,56180]
[8692,27664,27764,32383]
[8695,9089,9680,14945]
[8700,18544,18705,24156]
[8700,22848,42500,54723]
[8701,10373,13926,27798]
[8701,14586,20792,25432]
[8701,19621,27424,56924]
[8701,23996,27424,56924]
[8702,15553,15863,37687]
[8702,47377,48248,62184]
[8704,18200,23345,31654]
[8708,11767,12608,53792]
[8708,17208,21083,24053]
[8708,21008,28028,41713]
[8711,13454,13671,14329]
[8711,14885,17175,30615]
[8717,50232,50688,62088]
[8720,10556,12644,13481]
[8721,14601,25764,50711]
[8721,18396,19856,28764]
[8722,20097,20178,26622]
[8723,9773,10797,13143]
[8723,12375,12573,43875]
[8723,13273,13481,29609]
[8723,15059,16709,19166]
[8723,16680,18200,33248]
[8723,17459,17641,29609]
[8723,18425,18605,22035]
[8723,21316,33909,40077]
[8723,23353,23546,26026]
[8723,24375,33123,43875]
[8723,29203,29609,42029]
[8725,46057,47582,50750]
[8729,9223,9546,32121]
[8729,9971,9994,32786]
[8729,14663,15996,37479]
[8729,38038,45087,51129]
[8730,11745,12375,15457]
[8735,18625,18821,26075]
[8736,10584,10920,14065]
[8736,11856,13130,14065]
[8736,13364,13377,21588]
[8736,14000,16250,24115]
[8738,9865,10537,37487]
[8739,12561,13283,37411]
[8742,21783,23002,25482]
[8745,17532,17993,22575]
[8745,27071,28380,35775]
[8750,10478,11375,42770]
[8759,45513,50409,53937]
[8760,8925,9125,17187]
[8760,48360,48361,53650]
[8764,9628,9947,63539]
[8767,25631,38885,49445]
[8768,13968,14697,19728]
[8768,13968,14697,53658]
[8769,11524,15984,34716]
[8769,11713,12987,16881]
[8769,13631,13869,35187]
[8769,20242,23058,39294]
[8771,11389,11509,16459]
[8772,15588,15617,22083]
[8772,22575,23055,50095]
[8774,13130,13325,57974]
[8775,14022,27265,61503]
[8775,14535,14625,53177]
[8775,15096,16440,54400]
[8775,15096,28704,54400]
[8775,22620,48380,54912]
[8775,27360,28704,54400]
[8775,27591,27625,35165]
[8776,33020,38395,61451]
[8777,10807,10943,30527]
[8777,18943,19348,21152]
[8777,33473,41633,58463]
[8777,37577,41633,58463]
[8778,14245,16872,47880]
[8784,9696,25591,36966]
[8784,13140,13359,59860]
[8786,11269,13179,42021]
[8787,18669,20319,21331]
[8787,33813,44642,60333]
[8787,48897,52717,57683]
[8787,51245,51813,64380]
[8789,12091,16789,40341]
[8789,12947,13064,15664]
[8789,25259,26741,41789]
[8789,25897,26197,42347]
[8792,10759,12383,13409]
[8798,23010,24927,39198]
[8800,9344,9425,11680]
[8800,11036,11165,19580]
[8800,26296,40579,55880]
[8806,13481,14746,51034]
[8806,13481,15799,20111]
[8811,10764,11856,21716]
[8811,15822,23147,62211]
[8815,13039,13325,51935]
[8816,17139,17168,50432]
[8820,24752,27027,34425]
[8820,24752,32148,34425]
[8823,32946,35698,46002]
[8826,24374,26166,36561]
[8827,26273,28652,30848]
[8827,27781,35723,36569]
[8827,27956,28652,30848]
[8827,48251,48373,62651]
[8829,15444,15587,24453]
[8833,16500,17520,23892]
[8833,17017,17238,40953]
[8835,33405,36579,41093]
[8835,53640,53789,55803]
[8840,17080,18056,19825]
[8845,9250,14579,22475]
[8845,10573,12325,13298]
[8845,13100,13408,34220]
[8845,15725,16095,38369]
[8845,15725,16775,24679]
[8845,15725,24679,61625]
[8845,19635,19703,42775]
[8845,19635,20703,65025]
[8850,9333,9390,10370]
[8853,13653,22607,25707]
[8853,21333,22607,25707]
[8855,10285,10857,14679]
[8855,18170,23575,31753]
[8856,14400,14760,27625]
[8856,28128,29953,56744]
[8857,10309,10716,19032]
[8857,13407,17767,42722]
[8864,36244,42381,51636]
[8865,9375,9394,9625]
[8866,11350,13559,63791]
[8866,18190,22066,32065]
[8869,13244,13756,14756]
[8869,14297,17719,33847]
[8874,10047,11849,41151]
[8874,13830,24225,64699]
[8874,15738,16762,37149]
[8875,9451,9715,44365]
[8875,10261,10625,11605]
[8875,13803,13805,23750]
[8875,14993,15125,25685]
[8875,15979,16100,18125]
[8875,16975,19691,34475]
[8875,19691,21025,38315]
[8875,19691,22330,50925]
[8875,27348,28125,37365]
[8876,24304,28427,39308]
[8877,11388,13651,64779]
[8878,25863,29358,53058]
[8880,10332,10693,21495]
[8880,11700,12876,13505]
[8883,44109,44933,60333]
[8892,21267,21828,28112]
[8892,28080,28100,42705]
[8895,17670,17750,27606]
[8897,12397,17347,43197]
[8897,12586,12710,26390]
[8897,24025,25830,34503]
[8897,32935,43378,63047]
[8897,37247,38499,43197]
[8900,10005,11484,33600]
[8900,14356,16465,33125]
[8900,14620,16125,45924]
[8900,25012,32705,50505]
[8901,12987,22425,29785]
[8901,14469,14651,25599]
[8903,9913,10317,16983]
[8903,19897,20503,37225]
[8905,15130,15912,29904]
[8906,26869,31094,40442]
[8910,11475,13090,13662]
[8911,18361,18544,30191]
[8911,19468,19520,63200]
[8912,11628,16308,45117]
[8917,10919,11033,14617]
[8917,15275,15665,16465]
[8917,22763,27676,53261]
[8918,54418,55143,57057]
[8921,34969,45951,49599]
[8924,9248,10948,64699]
[8924,14351,15196,23504]
[8924,29835,38165,51701]
[8925,9315,9435,9893]
[8925,9315,10626,13685]
[8925,9951,10626,12250]
[8925,9999,10626,65450]
[8925,13286,13770,26586]
[8925,15645,16613,26075]
[8925,17019,20230,44835]
[8925,19885,26010,36462]
[8925,20178,20370,32578]
[8927,12257,12291,20001]
[8928,13857,14304,22816]
[8931,10075,12285,20610]
[8931,12963,25181,46487]
[8932,11193,11676,14268]
[8934,12591,13169,28369]
[8936,25120,27925,38936]
[8938,9593,9664,37496]
[8938,14883,15867,22563]
[8938,18362,18618,27543]
[8938,21538,25543,35583]
[8939,22631,23002,43418]
[8942,41234,46291,52258]
[8945,22607,25507,40207]
[8947,10925,25375,44735]
[8947,22422,22992,28008]
[8947,25325,25375,35455]
[8947,29773,31731,44191]
[8947,31625,33580,46500]
[8949,36900,53124,62320]
[8954,34529,35002,43946]
[8957,11050,13520,18232]
[8957,14248,19043,29627]
[8957,14448,14469,31941]
[8957,15293,16523,16748]
[8957,15613,19043,28613]
[8957,43043,44088,48477]
[8959,9625,9810,19975]
[8959,13838,14288,65416]
[8961,10359,10527,15688]
[8967,9513,10199,54569]
[8967,13983,16170,32242]
[8967,23751,24583,37149]
[8970,9614,10725,15939]
[8975,28854,38070,61830]
[8979,11223,12702,16646]
[8981,13650,14781,28875]
[8982,14847,15352,17952]
[8985,11535,11550,26146]
[8987,10725,11115,11913]
[8987,12012,15312,19188]
[8987,20938,21197,52877]
[8989,21386,21624,29896]
[8992,10664,12083,40936]
[8995,12325,12880,24157]
[8998,21823,22207,53953]
[9000,15864,16215,33050]
[9000,21240,31898,54375]
[9008,13364,17236,43433]
[9009,10959,11011,64911]
[9009,12879,15158,25047]
[9017,25017,29233,43462]
[9019,9701,9799,28519]
[9019,20933,35383,62267]
[9020,19229,19600,26404]
[9020,22800,28875,51612]
[9021,15549,19437,23777]
[9024,9456,9794,14601]
[9025,36157,43250,57190]
[9028,36075,36260,37180]
[9029,38779,52936,65469]
[9030,11050,11151,51450]
[9031,17081,17241,18009]
[9031,17081,17241,31929]
[9031,17081,18009,31929]
[9039,15921,17342,29463]
[9042,13617,24386,35394]
[9044,22537,22640,32980]
[9044,28560,35956,43435]
[9048,12337,14016,16224]
[9048,12600,13850,19227]
[9048,13800,15080,40875]
[9048,40800,40875,44200]
[9050,11830,12559,18330]
[9050,11830,12559,35295]
[9052,9223,11228,33872]
[9055,19505,20100,56808]
[9061,11729,27716,48184]
[9061,12019,22372,28987]
[9061,14105,15925,24395]
[9061,14875,15925,20111]
[9061,14875,15925,24395]
[9061,23075,23790,62730]
[9061,25491,33176,56549]
[9061,27877,28577,48373]
[9061,29211,33579,46599]
[9061,29593,29643,59211]
[9063,14751,20988,26224]
[9063,15384,16984,20512]
[9063,15384,16984,36888]
[9063,15384,20512,36888]
[9063,17015,17712,47700]
[9063,21735,27825,33712]
[9063,22800,27455,29415]
[9063,25926,26224,36888]
[9063,27417,27455,29415]
[9065,40745,41588,44225]
[9070,17425,17575,45551]
[9071,9519,9701,19601]
[9071,21223,24704,41329]
[9073,12025,13180,16465]
[9074,14294,15315,19195]
[9074,34099,34304,37856]
[9075,44979,49115,57810]
[9076,15179,15424,36304]
[9076,25519,26481,36049]
[9077,29003,29479,30361]
[9078,17242,23051,33626]
[9078,29378,29637,51213]
[9082,16298,18298,57043]
[9085,10858,12040,24208]
[9085,17914,22525,53339]
[9086,10489,12784,19744]
[9086,15022,28014,41847]
[9089,12127,12673,14948]
[9089,17119,17629,21571]
[9089,17119,25517,61427]
[9089,18791,20513,57823]
[9093,22821,37671,51143]
[9095,11375,17550,48399]
[9095,19129,32079,39345]
[9099,14637,21526,34374]
[9100,10115,14365,18683]
[9100,11361,11440,54100]
[9100,13328,13580,41905]
[9100,13524,13580,14365]
[9100,16660,23660,31301]
[9100,16660,31301,59500]
[9100,20915,27040,29264]
[9100,26481,29100,40560]
[9100,37961,41905,57239]
[9103,57137,63859,64881]
[9107,30007,31261,57443]
[9109,19691,30962,52459]
[9116,11492,21359,56933]
[9116,12448,12516,13409]
[9118,16513,18722,65378]
[9125,11308,15200,59860]
[9125,15515,16225,40223]
[9125,20591,20625,26065]
[9125,35668,38560,61100]
[9126,16133,17901,61101]
[9128,15547,17768,18088]
[9129,9953,10047,22596]
[9129,17775,17850,19465]
[9131,15531,18571,29309]
[9132,11200,17780,26635]
[9139,9383,9386,32414]
[9139,12461,27121,37999]
[9142,21830,30858,48975]
[9146,12625,22865,47975]
[9146,14570,15221,41695]
[9147,29307,33539,39076]
[9150,9375,9394,21250]
[9156,26264,26781,60639]
[9163,13888,33728,55552]
[9163,17675,22795,47495]
[9163,18557,20272,29128]
[9163,24353,33728,53788]
[9165,11891,19665,42159]
[9167,28823,34153,55447]
[9169,11639,13321,16046]
[9172,15776,16051,18676]
[9174,17686,17706,65481]
[9176,9832,10507,35224]
[9176,11152,11174,11849]
[9177,17575,17577,29925]
[9177,17575,19665,63825]
[9180,9360,9425,47268]
[9180,18573,28320,31652]
[9180,28143,28832,29820]
[9181,45406,48786,62226]
[9184,9968,10918,25543]
[9184,26384,27839,48314]
[9189,11741,11749,12901]
[9191,11641,14245,47941]
[9191,21607,31409,39032]
[9191,25625,30135,43225]
[9193,11461,11861,38357]
[9193,16343,17407,20960]
[9193,16375,20605,39875]
[9193,22892,25776,41844]
[9194,15886,25181,59761]
[9197,44731,49772,53669]
[9198,18423,21672,27832]
[9200,9592,10810,12535]
[9200,10036,11700,25095]
[9200,20068,26815,43645]
[9204,41616,42419,63869]
[9208,20492,21823,43957]
[9215,14649,16074,33465]
[9217,26175,26367,34515]
[9218,13943,14807,21385]
[9219,21675,24395,56644]
[9222,10353,10759,39151]
[9222,19050,25125,38425]
[9222,33558,34874,39151]
[9225,12151,15399,60885]
[9225,15987,22345,51465]
[9225,31671,38335,52545]
[9229,27951,33528,47892]
[9238,9338,9367,9983]
[9238,12927,13144,24376]
[9240,9945,13575,18649]
[9240,25200,26250,53761]
[9240,30940,38675,48841]
[9246,16390,31571,48329]
[9246,27671,43215,63921]
[9248,10200,13005,37848]
[9248,13756,15385,17340]
[9248,17284,18241,58259]
[9248,31424,32524,64699]
[9248,57868,58259,64699]
[9250,10735,12066,17390]
[9250,11918,12625,35150]
[9250,14878,15725,18722]
[9250,15698,15725,28823]
[9250,20878,24375,40515]
[9250,21206,22475,43795]
[9252,12975,13220,35760]
[9254,13846,17366,60151]
[9255,18105,20978,35266]
[9256,9648,12402,64881]
[9256,10400,10625,11570]
[9256,11424,16465,60520]
[9258,14766,19459,23541]
[9259,12994,13067,17533]
[9260,18864,20385,47700]
[9264,9768,10057,14282]
[9264,13356,18471,33196]
[9264,26564,34916,41881]
[9264,35136,35319,40016]
[9265,15375,16350,30039]
[9265,21425,35137,62675]
[9266,10309,12136,23504]
[9266,20634,21271,43079]
[9267,17143,27801,54681]
[9268,20125,20500,34540]
[9269,11339,11661,16269]
[9269,11339,16269,28106]
[9269,13301,14027,57343]
[9269,20171,27187,64883]
[9270,36550,37881,40950]
[9271,32021,33079,42871]
[9273,14663,27907,58007]
[9273,21177,25571,39273]
[9275,10010,10725,12243]
[9275,11312,14080,55120]
[9275,11408,17600,62320]
[9275,11473,11920,38948]
[9275,11640,14259,56763]
[9275,12505,15211,27755]
[9275,12995,13650,16611]
[9275,13702,13715,49555]
[9275,15035,15211,16975]
[9275,17917,18020,37600]
[9275,25555,27707,43195]
[9275,25915,27083,35525]
[9275,25915,27083,60725]
[9276,14099,14189,49901]
[9280,12500,15283,32625]
[9280,26000,26441,37700]
[9280,43160,43575,57768]
[9282,18557,25347,28197]
[9282,19747,22274,43966]
[9282,22057,22464,32232]
[9288,20511,31863,46537]
[9290,14825,15793,56335]
[9292,12064,12383,15436]
[9292,27625,29620,35360]
[9295,11089,12795,32955]
[9295,11285,12993,16575]
[9295,14735,20075,60203]
[9296,18368,23821,41168]
[9297,14280,17272,24928]
[9297,16303,20961,37521]
[9300,16055,36800,49868]
[9300,27063,35412,62000]
[9301,34799,46331,57979]
[9303,12397,12992,46652]
[9309,11271,12818,28078]
[9309,12349,13833,30057]
[9309,19291,19395,40509]
[9312,20032,28809,61974]
[9313,12863,16037,38213]
[9316,11248,12284,16577]
[9316,26335,28016,57540]
[9316,30736,39324,40749]
[9322,14922,18567,27927]
[9324,10824,10857,22099]
[9324,16592,16983,32076]
[9324,35649,40076,61812]
[9325,15029,16300,22035]
[9325,15785,20888,28700]
[9328,10472,10553,19822]
[9329,9615,9879,51921]
[9331,19159,20167,40377]
[9333,10275,12810,15755]
[9333,11886,12139,18717]
[9334,18386,26791,54511]
[9344,12116,12844,17009]
[9345,18700,18720,41172]
[9345,26095,26433,54975]
[9345,27965,31809,34881]
[9346,13621,14416,37384]
[9348,9943,13359,32841]
[9348,14304,14596,18327]
[9348,25175,49200,60420]
[9350,14385,14400,55896]
[9350,22022,22253,29750]
[9353,20567,23933,53853]
[9360,11220,11271,22100]
[9360,14628,15140,21853]
[9361,10442,11914,21242]
[9361,13211,14674,55246]
[9361,17754,23313,50127]
[9361,18577,18961,52873]
[9361,19343,20539,24389]
[9361,21229,21242,29302]
[9364,10136,12489,21069]
[9367,9633,9918,43758]
[9367,10793,11082,51617]
[9367,13481,14167,15317]
[9367,15113,15133,19363]
[9367,19942,20111,45617]
[9369,16131,16169,47785]
[9372,15520,25628,46075]
[9372,26277,28141,48749]
[9375,16965,21228,45500]
[9376,19352,24026,32177]
[9383,15961,18361,59311]
[9383,24167,27885,33267]
[9387,12921,13090,29050]
[9389,13601,16351,59361]
[9389,13736,14656,30056]
[9390,11403,12360,21872]
[9393,14475,17115,19493]
[9394,9641,9680,26840]
[9394,14294,15281,62281]
[9394,24167,24206,42658]
[9398,16238,16523,23363]
[9398,17098,17510,35123]
[9399,18249,19481,55671]
[9400,30176,38130,50625]
[9401,15925,27625,58135]
[9407,12025,22420,26585]
[9407,13823,13825,47035]
[9409,37814,37976,57424]
[9410,10750,10754,11125]
[9414,11529,13334,54534]
[9417,13125,20350,24058]
[9417,13244,24156,45408]
[9417,18018,18031,20791]
[9418,9635,10693,11357]
[9418,10614,11407,13514]
[9418,19975,21185,38335]
[9418,38210,38335,64957]
[9425,10703,11825,57178]
[9425,11000,12064,33800]
[9425,11473,12665,14065]
[9425,11567,15985,33625]
[9425,12995,14950,57178]
[9425,14137,14287,17690]
[9425,14375,14500,22607]
[9425,14375,22607,40625]
[9425,17384,20416,64480]
[9425,21809,22035,53075]
[9425,26445,27555,46371]
[9425,29977,40625,42920]
[9425,35055,35750,40754]
[9425,36047,41470,57178]
[9425,51415,54665,57178]
[9427,22253,22363,26588]
[9430,32810,35834,48875]
[9433,26535,31465,51083]
[9434,13750,15130,29375]
[9435,13140,17612,20400]
[9435,13500,13600,39516]
[9435,30885,31525,33197]
[9438,26994,35506,58487]
[9442,49762,51058,54567]
[9443,10717,10787,18113]
[9445,47000,54400,60448]
[9452,15892,21964,39559]
[9455,13585,14079,28975]
[9456,15660,18715,36340]
[9457,12040,12232,22400]
[9457,16625,19825,33775]
[9460,13920,13949,19700]
[9464,17437,17864,27136]
[9465,12999,18424,50799]
[9469,11944,17824,47776]
[9469,18361,18621,27971]
[9469,25381,37876,47776]
[9471,12103,14196,32103]
[9471,16632,18655,28545]
[9471,35770,36225,44895]
[9472,12480,21645,30528]
[9472,20624,20720,45115]
[9475,27727,27965,57085]
[9481,44681,45106,50825]
[9482,26122,36314,56051]
[9483,20043,20213,38913]
[9487,30007,36132,49888]
[9488,14200,15375,65230]
[9492,29304,29317,30171]
[9494,21394,27985,45431]
[9500,9760,9821,11900]
[9503,13375,24650,33670]
[9503,13717,16082,24882]
[9503,13949,24650,33670]
[9503,17425,26978,41990]
[9503,18183,24882,48807]
[9503,23867,24882,61982]
[9503,43361,46547,50803]
[9503,48633,48807,57018]
[9504,12444,12749,27676]
[9504,21420,21825,31705]
[9505,18625,20741,47525]
[9509,14735,21390,49110]
[9509,28165,33041,44975]
[9509,32785,33041,44975]
[9512,12932,13079,43859]
[9512,16352,16409,16936]
[9512,44608,45059,58891]
[9515,35093,43307,47575]
[9515,39895,49478,55550]
[9516,14416,15860,48841]
[9520,15680,17125,24752]
[9520,16000,19721,34000]
[9520,16675,38437,43645]
[9520,16796,18020,19721]
[9523,17427,22977,41919]
[9529,13340,14660,31204]
[9531,33813,36006,45694]
[9532,13447,13532,16928]
[9536,12937,15113,31439]
[9537,12750,13090,41250]
[9541,12091,13301,22231]
[9541,18619,20541,40869]
[9541,28934,29029,30821]
[9543,19385,21075,34893]
[9548,11220,13780,42823]
[9548,13727,13728,48972]
[9553,16303,28322,37513]
[9555,17325,20213,34125]
[9558,16875,17000,24192]
[9564,16956,18331,19311]
[9568,14125,18080,64000]
[9570,14575,16430,26158]
[9570,18425,26367,34713]
[9573,16827,17983,28063]
[9575,10585,11741,52925]
[9576,11124,14091,25039]
[9576,16320,17320,53499]
[9576,23265,30025,52425]
[9577,17175,17270,26335]
[9577,31501,39101,45373]
[9581,23450,23595,33165]
[9582,15498,15707,41623]
[9583,16575,28305,55185]
[9585,18003,23550,24710]
[9588,29196,32079,51212]
[9589,14539,18259,41416]
[9589,15826,22082,36158]
[9590,20381,20550,27590]
[9591,17711,18278,26398]
[9592,28033,41633,64855]
[9593,13051,14457,49607]
[9593,13375,13575,37630]
[9593,16732,20272,22208]
[9594,13906,18819,62577]
[9601,18721,22083,28803]
[9603,12300,14160,28372]
[9603,17100,22000,64020]
[9605,15355,21855,40341]
[9605,26655,27425,52193]
[9611,16415,16436,27460]
[9612,11043,11997,54397]
[9620,11655,12025,19097]
[9620,12000,12675,23532]
[9620,12815,12825,14097]
[9620,13940,13949,36244]
[9621,34709,40379,65209]
[9625,10759,12775,38425]
[9625,13104,14400,41904]
[9625,13195,14674,42350]
[9625,15656,18200,56000]
[9625,26999,28700,30160]
[9625,40100,44912,56000]
[9633,15447,16492,18928]
[9633,16283,25688,29972]
[9633,16533,20449,32417]
[9633,19475,27885,64467]
[9633,20383,20553,26487]
[9633,28993,31171,50531]
[9633,40223,43719,57159]
[9633,40223,43719,63024]
[9633,40223,57159,63024]
[9635,24035,25175,35017]
[9636,18000,18980,27375]
[9637,12138,12229,38437]
[9637,12782,14126,34286]
[9639,13461,13566,21794]
[9639,19836,27132,27664]
[9639,25707,27132,27664]
[9646,9785,10535,25025]
[9646,10946,13091,44626]
[9646,12341,13091,19229]
[9647,23023,23114,31031]
[9648,15652,23157,23868]
[9652,13604,13621,25479]
[9652,30388,34348,38263]
[9653,14345,14372,34028]
[9653,20587,22288,42788]
[9653,22253,23443,34868]
[9653,25123,33187,53213]
[9653,27475,27580,35600]
[9657,11193,14105,19943]
[9657,13191,18232,35409]
[9657,14529,18232,24679]
[9660,23780,29841,44772]
[9662,10498,10818,21543]
[9672,11627,12672,37752]
[9672,14229,14365,17205]
[9673,40223,41537,55042]
[9674,18046,18079,45799]
[9675,15714,16555,37539]
[9675,18018,19285,31395]
[9675,34869,35819,42355]
[9683,13148,13472,18928]
[9685,24679,24700,44104]
[9693,12597,24752,34923]
[9694,54431,55063,56169]
[9695,13650,16191,19305]
[9695,27511,31570,39039]
[9695,27745,34681,60700]
[9696,10296,10504,12505]
[9696,14796,16564,20139]
[9698,25678,44447,60053]
[9699,19575,25315,61149]
[9699,27871,28449,60129]
[9699,43299,44509,54961]
[9700,13520,13871,24700]
[9700,17440,22127,24700]
[9700,27295,44700,55872]
[9700,43164,44145,59364]
[9701,11978,13197,37403]
[9702,58674,58949,65149]
[9703,11978,14464,22472]
[9703,20553,22338,58218]
[9705,33169,33170,40631]
[9709,11455,20291,52925]
[9709,12922,16016,18328]
[9709,17593,26809,59641]
[9709,19411,21049,28199]
[9709,41650,41741,47725]
[9709,41650,43435,47725]
[9711,12399,12831,28931]
[9712,10412,11948,16303]
[9715,20525,23809,43423]
[9716,21216,22659,23436]
[9717,12383,12789,14091]
[9718,27750,38295,44070]
[9721,30599,30607,41762]
[9724,11803,12155,21605]
[9725,19669,20995,63875]
[9725,19669,28469,49840]
[9725,22181,22340,35165]
[9727,11931,12177,17169]
[9727,15617,15811,17169]
[9729,11775,18471,36895]
[9731,11950,13394,15550]
[9731,14267,14294,18158]
[9735,11065,11407,50666]
[9741,9971,10431,13581]
[9741,11275,12750,12915]
[9741,12325,12750,50085]
[9744,10496,10701,21276]
[9744,18000,18125,51620]
[9745,11165,27434,42878]
[9750,11194,13455,14475]
[9750,12389,42885,60645]
[9750,15561,17200,48360]
[9750,19221,19370,24550]
[9750,19782,22243,30615]
[9750,19998,20735,35475]
[9750,28449,30615,51775]
[9751,13755,13801,27049]
[9752,12963,15264,39336]
[9752,29716,32775,55005]
[9756,17964,19339,38631]
[9757,28509,33507,54159]
[9758,18382,28987,45938]
[9760,14600,14803,61000]
[9765,11475,11515,11781]
[9766,16975,22310,35466]
[9768,11033,13209,13761]
[9768,12352,13317,19758]
[9775,15151,15440,24215]
[9775,31119,31365,48645]
[9776,13072,13497,55572]
[9776,35380,35549,41300]
[9779,13621,15194,38594]
[9785,16967,18025,48925]
[9785,22021,22154,32654]
[9790,16405,16643,48829]
[9790,24125,24475,48829]
[9792,34000,34425,39600]
[9793,26117,27707,29957]
[9795,25877,26773,52670]
[9797,10875,16005,43935]
[9799,10100,10201,31775]
[9799,10625,11500,60775]
[9799,13134,17241,54201]
[9800,10693,10720,25160]
[9800,17731,25160,41720]
[9800,20440,20458,43435]
[9802,14518,18067,21658]
[9804,13104,14847,17108]
[9804,15979,16704,37392]
[9805,9915,10050,10971]
[9805,11300,11413,11501]
[9805,34965,36450,52947]
[9807,44100,46500,61600]
[9812,38236,45113,65263]
[9820,18080,18500,28589]
[9821,11221,11224,29141]
[9821,11810,12200,18896]
[9821,11837,12200,23485]
[9821,15873,17202,65046]
[9823,11552,18377,59831]
[9823,17446,25498,44954]
[9823,18023,19007,29503]
[9823,20193,20677,50693]
[9823,29281,29469,43681]
[9823,31027,31108,35112]
[9825,18495,19005,27811]
[9826,25571,29189,46789]
[9826,40549,40584,62424]
[9827,13231,13277,46627]
[9831,9937,9944,10063]
[9831,14319,14577,25456]
[9831,16047,25456,36047]
[9831,18525,26650,37290]
[9834,14391,15496,18096]
[9834,14391,18327,25297]
[9835,28280,28381,32053]
[9835,28280,28381,35861]
[9840,20400,20910,42601]
[9840,20400,21372,42601]
[9841,17219,19761,42639]
[9841,27287,27638,28009]
[9842,28083,35123,41107]
[9843,15732,16212,28448]
[9843,18957,19669,57707]
[9845,16055,16203,46475]
[9847,15041,17228,23816]
[9847,17225,19435,33205]
[9849,17255,20475,28101]
[9855,12375,13950,40223]
[9855,15555,16714,21350]
[9858,13806,14469,39442]
[9858,26523,36478,49678]
[9860,11525,11600,24956]
[9860,11525,12512,53476]
[9860,14819,19856,23200]
[9860,33785,34800,36348]
[9861,24453,24739,51414]
[9861,28100,40464,41520]
[9863,16324,21312,50724]
[9863,45080,45088,56000]
[9873,12552,12928,61432]
[9875,25009,29041,44175]
[9875,25009,31250,41130]
[9875,28397,34715,50500]
[9875,28397,37315,59015]
[9877,10283,10603,13447]
[9877,12308,12341,21539]
[9879,12546,13489,37111]
[9880,11680,11729,47450]
[9880,12905,13528,31616]
[9881,10791,11439,13014]
[9881,16019,18791,34521]
[9889,10450,11310,21714]
[9889,11041,12749,21901]
[9889,11561,12201,52521]
[9889,13764,26784,32016]
[9889,14880,14911,58561]
[9889,16900,17545,25025]
[9889,17794,18879,52521]
[9889,23903,24211,47647]
[9894,11281,12744,18672]
[9894,12246,13871,27606]
[9899,13969,14059,26709]
[9900,33507,46000,52020]
[9902,18777,24543,49503]
[9911,10549,29044,39644]
[9911,13889,14399,27071]
[9911,14300,14960,25220]
[9911,15730,15895,17225]
[9911,18655,18889,24905]
[9911,21463,26061,46163]
[9911,29036,29044,33184]
[9912,13617,14008,17088]
[9913,14329,14421,21771]
[9913,18239,18262,34489]
[9915,40549,42025,60151]
[9917,14077,18173,31417]
[9918,10437,10496,20184]
[9918,21293,21582,26622]
[9919,11781,11934,13734]
[9919,16415,16531,29869]
[9919,28223,28231,36673]
[9920,11752,14125,37400]
[9922,17017,17358,25422]
[9922,24118,24723,49323]
[9925,11165,12460,19453]
[9925,14267,24375,32425]
[9925,27371,27554,29750]
[9926,28426,33755,43249]
[9928,14200,14280,16425]
[9932,18815,18832,23532]
[9933,10283,11187,12012]
[9933,11997,16093,43043]
[9933,14067,14091,40117]
[9933,27507,27605,45845]
[9933,28033,29427,51507]
[9937,20519,20815,41905]
[9938,33338,33743,34783]
[9940,24560,27685,34307]
[9943,15145,18407,22425]
[9943,18007,18407,22425]
[9943,21801,22425,44265]
[9943,24806,27632,50344]
[9944,19800,21131,28250]
[9944,29200,29606,39785]
[9945,13095,13817,14841]
[9945,24003,24500,37128]
[9945,24495,24684,27599]
[9945,25530,27608,30576]
[9947,12250,18125,45325]
[9947,16261,20503,58697]
[9951,41899,51285,60651]
[9953,14167,15457,33818]
[9953,16037,20444,26564]
[9953,23903,24857,43993]
[9953,33337,37842,62567]
[9955,10205,10275,57023]
[9955,14365,15275,30589]
[9955,14365,30589,40300]
[9955,16500,19200,23892]
[9956,26696,27347,30623]
[9961,12887,13363,39337]
[9961,30261,31179,47499]
[9963,14877,15498,20213]
[9968,36800,43120,59185]
[9971,10675,11415,11895]
[9971,10675,11415,36685]
[9971,21241,21242,38402]
[9975,12593,15255,26985]
[9975,12901,13110,20370]
[9975,20601,20615,44935]
[9975,20748,25935,44785]
[9975,30281,41919,56850]
[9976,18544,18601,40831]
[9982,25207,28847,49583]
[9989,43771,57239,62261]
[9997,15437,16247,17687]
[9999,12261,15144,24644]
[9999,22165,22725,57915]
[9999,54351,55449,56551]
[10000,39140,40375,62111]
[10001,13431,17673,24642]
[10003,18707,21971,63961]
[10003,44525,45347,49855]
[10004,26419,26477,57523]
[10005,24250,25800,41904]
[10005,24747,27347,50370]
[10005,35861,39411,51339]
[10009,14471,31325,50045]
[10010,11495,12103,36575]
[10010,14070,14157,34650]
[10011,16589,17733,23739]
[10013,10062,10098,19422]
[10013,10787,10873,11303]
[10013,14297,14858,31958]
[10013,16637,16643,20842]
[10016,40004,41756,42881]
[10017,11811,11836,33664]
[10017,35847,35903,40767]
[10019,11101,15519,35649]
[10019,28406,32464,49624]
[10023,13369,16731,26277]
[10023,31737,36907,38293]
[10023,35350,36135,43935]
[10025,13847,21253,36905]
[10025,37675,38375,54937]
[10028,36047,47008,48052]
[10034,12322,14003,20503]
[10034,14689,23026,62626]
[10034,16014,18683,20503]
[10040,39560,43250,58881]
[10041,22791,23759,26895]
[10043,25487,28853,31947]
[10045,14518,18368,24400]
[10045,15715,15841,16543]
[10045,17360,18368,24400]
[10045,35000,36344,43000]
[10045,50050,54670,59774]
[10048,23664,27248,50711]
[10048,23664,35325,44370]
[10048,23664,38686,50711]
[10048,36464,36498,41377]
[10049,20300,41876,61840]
[10051,18124,18176,40480]
[10054,10250,11425,13775]
[10059,14462,24288,49584]
[10059,19266,19376,37856]
[10064,10236,11396,14501]
[10064,10892,16317,29036]
[10064,11032,11186,56539]
[10064,11912,11914,12737]
[10064,17708,17908,19339]
[10065,16435,21725,47069]
[10065,18495,27473,51375]
[10066,37674,37687,42107]
[10070,12194,21731,56975]
[10070,16523,17702,31850]
[10070,24150,39273,54150]
[10070,24370,28675,44551]
[10071,10768,10921,40657]
[10073,19852,22688,62288]
[10074,12726,14746,43581]
[10074,41446,45333,49062]
[10075,12035,18083,23200]
[10075,14650,16837,34085]
[10075,24862,28613,34085]
[10081,14644,15124,18976]
[10087,11033,12977,18073]
[10087,13948,14212,20288]
[10087,14157,17782,44462]
[10087,14663,15128,18073]
[10089,12231,13161,49769]
[10090,36550,37825,38342]
[10092,12848,21973,39092]
[10092,19647,22591,39831]
[10098,20130,21777,32725]
[10100,12580,12625,63529]
[10100,17437,30380,56560]
[10100,28609,30380,56560]
[10100,38828,51060,60095]
[10101,10229,10989,19539]
[10101,11426,12963,21867]
[10101,12600,14475,16835]
[10101,12797,13653,18126]
[10101,19836,48256,55056]
[10112,25988,28124,63437]
[10114,19762,19839,59163]
[10114,25789,35139,59163]
[10115,16165,22525,42883]
[10115,21275,22525,42883]
[10116,12069,12627,21307]
[10120,26240,26488,56375]
[10121,17759,19544,43169]
[10125,14355,14375,20121]
[10127,13039,13325,58835]
[10127,13039,41123,51389]
[10127,15105,15498,22230]
[10127,19923,22671,28623]
[10127,20935,20977,24190]
[10127,23240,34727,42385]
[10128,15912,25194,58351]
[10132,11252,13804,40061]
[10136,11248,12502,24073]
[10136,40309,41347,42173]
[10137,42097,42988,44528]
[10140,11088,11713,12675]
[10140,12912,17485,35113]
[10140,13625,20800,26596]
[10140,25120,43524,58875]
[10140,42780,51207,57572]
[10142,36058,39237,42903]
[10143,19425,22625,50505]
[10144,14504,14899,19624]
[10144,24156,25677,32292]
[10144,29044,30316,43429]
[10146,16606,18354,55269]
[10147,24511,25197,35347]
[10150,12103,12122,17290]
[10150,20842,21590,52055]
[10150,25382,37555,46250]
[10161,17589,40492,58548]
[10165,17205,17271,46683]
[10166,31901,43654,54346]
[10168,27857,31328,57592]
[10170,36330,36875,39098]
[10175,11750,12617,51425]
[10175,18392,18920,19240]
[10175,20328,34200,39072]
[10175,31514,31561,48575]
[10175,31937,32145,36625]
[10175,31937,32145,57105]
[10175,31937,36625,57105]
[10176,26136,26305,61480]
[10177,43873,46277,55973]
[10179,11766,14181,56869]
[10187,10605,10675,24038]
[10187,12220,23088,61500]
[10187,53513,53874,55862]
[10191,11571,11679,12191]
[10192,24205,25792,26800]
[10199,11849,11914,34391]
[10199,11849,12699,24123]
[10199,26071,27683,39527]
[10200,11781,22875,34765]
[10200,11872,12495,19278]
[10200,18320,18549,21930]
[10200,22784,26265,32040]
[10201,23729,29561,39289]
[10205,11773,11775,12545]
[10205,17625,18675,27789]
[10207,12970,18857,32425]
[10208,10920,10933,17170]
[10208,18088,21736,60401]
[10208,49408,54560,61567]
[10212,24863,25668,30192]
[10215,16095,16354,51175]
[10218,13837,14746,24934]
[10220,10608,13108,16133]
[10220,18921,19345,27625]
[10220,20165,31283,45325]
[10229,15979,16279,26071]
[10229,16501,16907,21037]
[10234,13391,15304,21896]
[10235,17485,18640,23941]
[10235,17485,23941,46360]
[10237,32637,33323,55723]
[10239,15696,19648,54608]
[10241,11521,11729,33491]
[10241,34713,36288,63612]
[10242,11718,13087,13563]
[10242,13833,16008,18208]
[10246,18321,27066,46074]
[10248,11700,14945,30485]
[10249,14601,14681,19721]
[10249,14839,14911,22714]
[10249,34441,34521,35179]
[10250,10810,10925,20746]
[10250,12682,18650,25625]
[10255,14065,15631,51275]
[10255,18575,18625,26077]
[10256,14819,18589,48101]
[10258,12443,12557,64883]
[10261,24011,24039,41511]
[10262,12337,13286,34538]
[10262,34013,34390,52138]
[10266,23859,24056,44544]
[10266,34751,35046,38454]
[10272,25092,26691,32164]
[10275,15709,15975,16659]
[10275,46927,47265,60705]
[10279,16929,23804,27577]
[10279,17671,20971,37835]
[10279,19729,30681,58969]
[10279,21473,23048,27577]
[10282,20793,34047,34503]
[10283,15052,15728,17172]
[10283,17437,19773,63427]
[10283,20601,22999,39767]
[10283,34300,34320,47460]
[10285,15059,15741,47175]
[10287,32625,32637,53795]
[10295,10441,10759,39991]
[10295,18800,28304,41920]
[10296,15504,21745,38454]
[10297,16303,17447,24025]
[10300,17168,17980,20905]
[10302,24309,24341,36573]
[10302,24498,32623,46274]
[10302,25559,38784,53448]
[10302,26122,26159,29299]
[10304,24648,24696,34671]
[10305,16575,17175,27233]
[10305,17625,17633,18975]
[10307,14025,14055,58905]
[10309,16315,19435,25925]
[10312,17984,20513,45384]
[10312,29563,38437,47693]
[10319,10670,19705,51119]
[10323,16758,26133,41323]
[10323,19227,43419,62764]
[10323,24467,25461,56331]
[10324,12699,12816,56916]
[10324,14476,14819,32396]
[10328,18232,18249,28314]
[10329,12505,15375,42255]
[10332,14121,14596,16032]
[10332,22701,30176,62468]
[10335,13601,17649,28275]
[10335,18921,19721,26871]
[10335,21675,23712,36040]
[10335,32742,33800,36040]
[10340,16435,29261,41875]
[10347,16031,25953,37281]
[10348,19649,19952,20852]
[10351,27071,27649,60929]
[10353,11500,13920,29172]
[10353,16380,17255,64753]
[10353,16975,17835,19125]
[10353,17425,17835,19125]
[10353,17649,22695,38425]
[10353,18447,18473,18802]
[10353,21420,22503,50575]
[10353,41403,43268,47532]
[10355,12019,14875,47306]
[10355,14450,14824,37000]
[10355,22477,29575,56525]
[10355,24225,24525,26163]
[10355,24565,24614,31501]
[10359,12984,15688,47608]
[10360,23205,29933,48475]
[10363,29893,32637,61232]
[10365,22755,22847,28321]
[10366,43877,43966,52802]
[10367,10585,10658,24650]
[10368,25668,29233,49197]
[10368,28848,29233,58283]
[10372,13872,14017,22253]
[10372,18328,26977,55677]
[10373,17275,17815,45365]
[10373,20859,24123,40491]
[10373,32943,33669,37701]
[10374,35451,35754,37754]
[10375,11684,20000,56960]
[10375,12921,13529,29050]
[10375,29548,33200,56960]
[10375,37127,42275,55977]
[10379,17113,19404,46896]
[10382,16617,17487,46863]
[10384,13664,13724,23851]
[10385,16687,26825,33538]
[10387,13427,13481,35351]
[10387,13838,15317,41707]
[10387,15023,16182,21882]
[10387,15821,15863,37687]
[10387,19475,20213,25525]
[10387,19475,24765,45305]
[10387,23147,29708,34867]
[10387,24998,28373,49387]
[10393,10835,11018,49250]
[10395,37851,41699,48300]
[10395,44325,45507,48125]
[10396,14608,21329,34771]
[10396,23124,28413,30927]
[10397,12003,14893,52013]
[10400,12992,13195,56840]
[10400,18492,21033,32100]
[10400,18860,18975,27508]
[10400,45068,47380,47957]
[10403,26572,29088,61932]
[10403,30247,35148,45048]
[10404,16821,17136,17444]
[10407,21009,21016,38159]
[10411,13700,13795,20139]
[10411,24887,37812,52288]
[10413,11931,12610,18245]
[10413,26253,34239,37921]
[10414,11170,11275,18989]
[10418,15062,16151,57299]
[10421,11125,15325,36125]
[10421,12371,18156,53331]
[10423,30583,31269,48059]
[10430,13130,13375,15049]
[10431,11193,12844,15257]
[10431,25311,26273,40222]
[10434,20961,21566,30414]
[10434,25591,27454,43646]
[10438,19370,20995,35462]
[10438,21071,47687,53329]
[10439,22393,25039,44786]
[10440,17280,17400,22321]
[10440,21879,22185,22321]
[10440,22200,22321,32190]
[10441,10825,10835,31609]
[10441,19691,39991,53641]
[10448,15677,16448,16592]
[10450,14399,15470,33726]
[10452,12627,13908,21008]
[10455,10615,10701,11475]
[10455,11281,11670,24969]
[10455,19113,20213,23545]
[10455,19575,20213,21675]
[10455,27885,30381,38675]
[10455,29565,35916,62800]
[10455,34765,39933,50307]
[10460,29325,31824,37500]
[10461,13321,17292,55848]
[10461,16579,21329,61039]
[10465,11635,11638,25714]
[10465,13862,14950,38410]
[10465,14425,22785,36351]
[10468,29627,30349,34021]
[10469,14668,14725,39035]
[10469,27101,38338,41902]
[10469,38874,42408,43152]
[10471,15385,15521,19425]
[10472,12397,12512,14168]
[10478,29441,38800,54080]
[10483,15347,15403,61267]
[10485,15093,30057,47515]
[10488,22896,34238,65379]
[10491,12141,19099,23856]
[10491,22946,27987,30843]
[10491,23829,23856,65156]
[10492,14596,15196,26471]
[10492,24883,24932,49532]
[10495,21500,23264,34300]
[10498,13262,13307,22082]
[10498,14098,15827,48146]
[10498,18062,18419,23809]
[10498,23874,27202,32351]
[10500,26460,27300,62941]
[10500,26460,32375,62941]
[10503,35697,35788,56913]
[10503,35697,36177,44948]
[10503,35697,36177,64792]
[10503,35697,44948,64792]
[10504,18496,22321,41480]
[10508,21267,22253,41837]
[10509,23956,25972,49268]
[10515,19877,26235,55902]
[10519,14250,14344,54200]
[10523,17673,19595,45173]
[10526,16798,16910,42845]
[10534,11741,12824,18944]
[10534,24310,42575,53815]
[10538,11627,11907,18557]
[10541,16211,16393,21827]
[10545,11803,13775,34447]
[10545,13583,14025,52392]
[10545,13583,16425,16983]
[10545,19125,19684,22800]
[10545,22873,25098,28527]
[10549,12331,13409,27359]
[10549,12716,16096,17204]
[10549,15580,17276,61376]
[10549,16100,30140,38500]
[10549,21131,25619,61924]
[10549,25899,26433,38049]
[10549,28875,37675,58499]
[10549,30651,32606,49994]
[10553,21172,21452,26352]
[10553,55097,57263,63257]
[10556,10744,10829,39179]
[10556,12320,12644,13195]
[10556,17157,19344,29232]
[10556,26000,29575,61131]
[10557,11388,11888,59568]
[10557,26403,29044,57539]
[10557,31875,31970,48875]
[10561,11713,12337,54961]
[10563,18819,28613,39237]
[10563,29637,47526,52438]
[10563,40579,40887,49929]
[10570,24375,25911,41775]
[10573,27443,38606,52429]
[10575,16049,16625,20401]
[10575,18531,32545,44895]
[10575,38540,41904,60912]
[10575,56943,58315,61035]
[10576,40492,48601,63476]
[10578,12159,18528,58384]
[10582,17593,17834,19418]
[10585,17135,17212,17284]
[10591,12341,12513,17759]
[10591,15015,15041,28735]
[10591,16031,17017,25543]
[10591,16159,18081,40341]
[10591,16863,20559,46563]
[10591,17057,19055,39185]
[10591,20513,25009,45187]
[10592,26468,29013,30212]
[10592,26468,51409,60164]
[10593,26847,26977,55677]
[10598,46527,51402,64422]
[10600,11041,11160,25440]
[10602,23146,29754,60021]
[10603,27347,27413,57707]
[10604,29280,30125,58804]
[10604,29733,30125,58565]
[10604,38800,48015,52404]
[10604,50996,58565,58804]
[10604,55440,58565,58804]
[10605,17612,17675,26605]
[10605,19757,19770,24645]
[10605,28269,29694,41531]
[10605,28665,29127,32825]
[10607,11569,12194,13969]
[10608,11900,12665,16900]
[10608,18792,20017,22542]
[10608,23712,34645,49250]
[10608,25308,32708,43095]
[10614,25058,27267,60639]
[10615,30420,33449,50225]
[10619,19837,20387,21094]
[10619,21331,29674,31611]
[10621,12376,20672,25688]
[10621,18901,19147,59008]
[10621,23483,24904,53092]
[10621,23777,23875,34435]
[10621,31691,33066,48246]
[10621,36206,52288,63992]
[10621,40549,43043,46813]
[10622,16702,25538,48913]
[10624,19516,19529,28421]
[10624,42176,42392,44849]
[10625,11137,11245,12625]
[10625,11137,11245,15725]
[10625,11137,12625,15725]
[10625,18887,21505,27775]
[10625,19795,22525,42883]
[10625,21797,23697,30225]
[10625,24639,25125,52095]
[10625,31373,31375,35855]
[10625,39425,42883,59375]
[10626,17101,17171,42229]
[10626,25550,25875,50370]
[10629,41374,42661,47611]
[10633,22253,29799,34969]
[10634,11741,13064,22904]
[10638,35187,36888,58312]
[10642,11562,17841,24939]
[10647,11628,11648,55692]
[10647,20503,24947,60697]
[10647,24745,25025,40703]
[10647,37116,37609,53103]
[10649,16616,17240,39080]
[10653,12963,14885,21605]
[10659,16093,16275,21945]
[10659,16225,16275,32109]
[10659,25209,25251,53219]
[10659,25359,26609,37455]
[10659,40194,44814,53186]
[10660,11760,13377,44100]
[10660,14268,15457,18500]
[10660,21983,34465,53833]
[10661,18779,18941,20091]
[10672,13468,16356,22089]
[10673,18125,24970,39250]
[10675,19229,22960,30500]
[10675,28819,30500,43981]
[10675,31283,33245,35945]
[10675,47481,52500,62220]
[10676,21125,40300,50560]
[10678,14297,16762,28662]
[10678,19778,22127,61683]
[10680,11408,13617,19350]
[10693,11350,15725,24293]
[10693,28997,29193,43253]
[10693,39995,46495,64005]
[10695,14858,16575,24633]
[10701,12749,12789,22509]
[10701,13860,13875,18901]
[10701,16872,25760,42920]
[10701,19875,22150,35670]
[10701,21894,22150,35670]
[10703,12067,14578,30558]
[10703,13079,13946,30046]
[10703,20203,27772,37272]
[10703,44863,45617,48433]
[10704,26256,26599,30876]
[10707,12243,12397,33033]
[10707,15943,21267,52947]
[10707,24273,25456,61576]
[10721,21025,22040,33785]
[10721,33887,35075,52705]
[10725,12699,15895,51051]
[10725,15708,15725,16005]
[10725,24795,38573,59475]
[10725,26790,41613,59059]
[10725,35685,37349,53357]
[10725,35685,53357,59475]
[10728,31728,32333,39558]
[10742,13450,13625,51110]
[10745,38465,44702,65034]
[10747,16577,16988,42988]
[10750,15538,15895,22850]
[10750,15755,16184,25000]
[10755,13685,31482,38250]
[10759,12407,12985,22855]
[10759,21532,24857,28391]
[10759,40360,40441,42009]
[10760,16456,21369,39240]
[10763,31812,34237,55189]
[10766,15554,17017,25377]
[10767,15457,17394,27306]
[10767,21008,21312,60528]
[10767,32375,32745,36375]
[10767,41265,44517,50875]
[10773,17307,17442,24358]
[10775,12017,12040,30740]
[10775,14096,22025,43985]
[10775,17355,20475,22011]
[10780,26075,26224,30800]
[10788,11388,11413,18980]
[10788,23647,28041,62271]
[10788,30927,34684,49776]
[10790,47170,47291,61321]
[10791,23804,24569,58969]
[10791,31161,31501,44499]
[10795,20002,21973,22525]
[10797,27521,29565,62205]
[10797,40275,42090,54725]
[10800,39360,40729,49200]
[10803,44109,46397,55747]
[10805,14645,18025,23771]
[10807,12886,13736,43568]
[10807,41033,41287,58813]
[10811,13983,14175,51615]
[10813,24124,31099,62149]
[10816,12508,20617,22308]
[10816,15100,24505,31155]
[10816,17760,18759,23400]
[10816,19928,26728,53053]
[10817,21595,26158,42250]
[10817,25543,25664,28391]
[10817,37842,37961,49609]
[10819,13175,17450,36890]
[10822,13422,14467,39433]
[10823,12200,16960,55040]
[10823,24947,31613,40963]
[10824,11000,11275,61000]
[10824,22440,23001,40426]
[10825,22655,34207,54175]
[10827,13923,14027,20502]
[10827,13923,14027,40902]
[10829,25649,25652,47792]
[10829,38626,40222,42542]
[10832,29543,54832,60992]
[10833,28668,29999,48849]
[10835,24661,26611,39400]
[10835,26605,35821,54775]
[10845,11298,11352,11600]
[10846,22715,25840,63800]
[10846,24346,24679,33371]
[10849,11999,12685,16799]
[10850,12254,12446,19495]
[10850,13702,14875,25823]
[10850,31262,34162,40145]
[10856,19384,23491,36394]
[10856,21384,21386,25661]
[10856,23596,25783,55637]
[10857,15457,15903,16878]
[10857,21996,34320,51700]
[10858,42862,42987,47763]
[10863,10961,11187,17361]
[10863,11775,13362,26690]
[10863,14673,18615,25655]
[10865,19825,19885,32513]
[10865,20111,24115,29939]
[10865,20111,24115,50575]
[10865,24095,28897,60959]
[10868,14025,14080,57460]
[10868,37417,38896,44044]
[10871,15337,16637,41629]
[10871,22729,23009,26401]
[10873,14933,20053,23147]
[10873,24362,32743,44807]
[10875,14297,21675,37845]
[10875,14535,14725,28101]
[10875,20940,21344,23500]
[10875,27195,35525,62769]
[10878,25925,47085,64965]
[10879,25346,26657,32129]
[10879,28321,29154,38657]
[10881,12681,19809,43679]
[10900,15688,15745,20165]
[10900,15776,16660,17985]
[10900,16225,18000,41856]
[10900,25752,36105,53955]
[10906,11946,14299,36074]
[10906,38874,53466,59409]
[10911,30604,45396,52464]
[10912,12272,12958,46717]
[10912,15688,15953,32072]
[10913,41503,43712,58247]
[10916,16964,35477,55133]
[10917,27387,27390,42875]
[10920,11088,12675,19838]
[10920,14245,15379,15725]
[10920,34680,36125,50286]
[10920,35588,47437,53795]
[10920,38412,41295,47437]
[10921,21371,22361,24231]
[10923,18827,27719,35623]
[10925,12395,17020,49933]
[10925,15059,20535,33015]
[10925,16492,22420,44000]
[10925,16975,17347,58045]
[10925,16975,25375,49567]
[10925,35264,36811,47861]
[10925,35420,44000,61732]
[10928,21832,25553,29697]
[10931,11344,11776,45376]
[10933,24947,25584,30276]
[10933,26741,42891,48841]
[10933,33397,33831,41209]
[10935,21825,22098,26314]
[10944,13256,14913,19656]
[10944,18981,19456,21312]
[10947,14652,31524,58384]
[10947,34307,34443,40053]
[10948,11165,12325,16835]
[10948,23621,24752,26404]
[10949,46075,54745,56551]
[10950,26199,29930,32790]
[10951,16027,16215,28375]
[10951,18848,29824,34976]
[10952,11656,12173,44744]
[10952,21120,34650,45177]
[10952,38728,47077,52022]
[10953,28905,29725,42595]
[10956,11229,11572,20812]
[10956,12112,15444,24981]
[10959,19775,37375,60415]
[10959,25001,26004,60696]
[10960,24505,25375,28633]
[10962,13107,15934,50286]
[10965,27975,29467,39525]
[10965,32085,33925,45287]
[10965,35165,44574,52299]
[10967,36941,37417,52841]
[10967,38775,38883,41085]
[10968,12432,14018,16909]
[10968,31191,38184,40216]
[10972,21892,21983,54653]
[10974,11223,11352,19952]
[10977,20439,27314,46177]
[10980,16425,18020,53436]
[10982,11766,12291,16218]
[10982,13413,15181,30989]
[10982,16409,17816,34432]
[10983,18871,20730,39210]
[10985,11543,12265,14807]
[10985,27265,27322,32110]
[10988,13900,14388,53505]
[10988,16037,21868,33292]
[10988,17612,25789,42188]
[10988,18291,19188,23316]
[10988,20032,20172,21597]
[10988,21275,22720,56240]
[10988,33263,33292,44308]
[10989,12051,14883,37037]
[10989,13483,14300,51920]
[10989,25467,44517,57464]
[10989,30675,51245,52761]
[10989,34425,34595,56925]
[10990,14750,18526,28615]
[10991,15343,15409,25991]
[10995,28625,39825,50577]
[10998,21386,27639,35802]
[11000,13871,14080,19400]
[11000,27744,31875,55800]
[11000,35563,36600,63360]
[11001,11343,13024,14668]
[11005,23941,26900,28925]
[11009,18020,30175,39895]
[11009,19199,19241,64801]
[11011,17589,17739,37323]
[11011,35321,35378,38038]
[11016,33441,55544,64056]
[11020,35520,42772,52925]
[11020,40920,42601,52925]
[11023,12913,13505,22685]
[11023,12913,13727,25477]
[11024,12844,13091,15884]
[11024,13600,13625,13780]
[11024,13600,13625,13940]
[11024,13600,13625,23426]
[11025,22127,22275,34335]
[11029,20821,21229,31021]
[11032,27776,42749,46376]
[11033,17177,17533,22967]
[11033,22317,29898,57618]
[11034,24099,24288,34568]
[11039,12948,20448,58764]
[11039,17825,19875,48739]
[11039,25375,30305,43225]
[11041,11891,12749,21901]
[11041,14569,19711,34561]
[11041,17281,19711,34561]
[11041,18079,18100,22265]
[11041,18079,18209,19829]
[11041,19411,19459,30589]
[11044,25664,39961,46331]
[11050,18758,20230,51415]
[11050,19234,19575,23205]
[11051,15652,35776,42148]
[11051,17549,17779,32269]
[11051,19499,25466,54859]
[11053,18203,19003,27589]
[11055,22265,31537,40150]
[11055,29479,29570,37679]
[11058,20358,20375,21667]
[11058,20358,20375,53083]
[11058,20358,21667,53083]
[11061,17388,34412,41664]
[11063,11401,12974,32449]
[11063,15433,15799,18239]
[11063,15613,15847,27623]
[11063,20905,21275,33787]
[11063,21091,25438,47138]
[11063,22025,31265,45812]
[11063,22862,25438,47138]
[11063,23688,34632,48312]
[11063,52049,52762,64201]
[11065,16907,24343,46057]
[11065,31025,35399,47815]
[11067,12431,13233,20367]
[11067,15934,24242,52942]
[11067,19769,24633,50169]
[11067,21700,31283,41075]
[11067,27857,27921,47889]
[11070,14787,15438,63550]
[11072,13200,14553,54450]
[11072,13832,32697,42168]
[11072,41344,43928,52003]
[11075,20803,27795,36995]
[11077,15851,16123,24827]
[11077,20387,21571,24244]
[11077,27625,44370,62010]
[11077,28613,30257,48107]
[11077,30277,30328,64253]
[11077,41325,44370,62010]
[11084,15008,15316,42959]
[11085,25875,29719,64375]
[11086,31418,33189,44361]
[11088,11560,11713,14450]
[11089,26999,32617,50327]
[11090,22475,24400,35488]
[11092,12317,13108,19184]
[11095,11330,11377,45775]
[11095,21125,27262,41950]
[11095,23735,34643,55475]
[11095,27625,37723,49595]
[11095,33235,34391,63511]
[11100,11187,11285,22035]
[11100,31824,34225,41820]
[11102,14063,26201,54961]
[11102,16093,18683,23867]
[11104,44336,46018,49913]
[11105,19425,33075,46641]
[11107,12367,12383,13857]
[11110,16150,17765,42218]
[11110,19375,27750,44634]
[11115,20670,22525,23829]
[11115,20859,22100,50716]
[11115,28083,28490,54483]
[11115,44043,50700,59893]
[11116,12284,12921,14689]
[11121,14796,14828,39072]
[11121,23049,27186,34711]
[11124,15903,23472,34672]
[11125,14791,17970,64170]
[11125,16221,36846,39285]
[11125,16907,16965,24645]
[11125,19448,46280,62080]
[11125,22997,23140,36395]
[11125,26315,26413,29500]
[11125,30039,39961,48025]
[11125,34102,36125,49565]
[11129,14099,15379,18349]
[11130,15190,16275,29574]
[11130,16742,21783,34245]
[11139,14391,18942,24418]
[11142,32370,41745,63583]
[11148,28353,29728,44148]
[11151,29007,29193,46168]
[11152,13248,13653,22032]
[11153,11628,11648,40052]
[11153,14222,14873,43097]
[11154,26841,39208,63048]
[11155,15610,19691,34475]
[11155,30450,37845,41613]
[11160,29640,33361,39250]
[11163,14257,17754,51606]
[11165,12775,14960,22484]
[11165,28355,32383,44225]
[11168,26000,26015,52780]
[11168,41968,42067,42578]
[11169,11700,11895,13505]
[11169,16419,17629,19491]
[11169,21087,21505,36135]
[11169,45951,56059,63291]
[11174,11849,11951,39401]
[11174,30217,31176,59792]
[11175,14675,19625,40919]
[11176,13035,13160,13376]
[11178,15903,27784,61272]
[11179,19475,20254,29165]
[11180,27056,45305,55180]
[11183,13783,14828,39072]
[11184,31941,32816,34944]
[11187,12188,15437,34067]
[11187,26163,27455,45087]
[11187,27189,28589,33363]
[11187,34203,34917,40342]
[11187,45849,46474,48138]
[11193,15225,15457,18655]
[11193,15257,17511,62361]
[11193,16583,22287,41538]
[11193,16913,28689,46836]
[11193,17017,17238,22287]
[11193,22663,28413,54663]
[11193,31824,32185,33735]
[11193,42532,43428,48672]
[11200,21560,23800,50801]
[11200,26536,26825,49640]
[11203,24833,24893,26243]
[11204,18512,19396,36413]
[11211,11339,13209,14181]
[11211,14122,16678,17686]
[11211,22389,23349,63529]
[11211,22550,23125,29795]
[11214,11826,12994,44019]
[11214,13179,23763,36077]
[11214,14014,18837,31239]
[11217,27101,34751,51649]
[11220,13140,13429,14892]
[11220,13195,13429,20213]
[11220,13728,13780,14025]
[11220,15444,16269,22100]
[11220,17325,17875,20213]
[11221,13034,15190,60950]
[11222,11398,11403,38778]
[11223,25737,26315,63275]
[11225,18700,19756,44000]
[11225,23051,33226,35030]
[11225,24797,58370,64390]
[11229,14104,15336,56736]
[11229,17501,19503,28083]
[11229,18612,20812,26004]
[11231,17119,17441,61771]
[11231,19169,27101,31651]
[11232,14268,15132,43993]
[11232,32560,34668,64935]
[11234,13039,18368,19448]
[11234,18241,25976,48544]
[11234,24347,24416,33616]
[11237,12028,12036,42304]
[11237,15251,22213,37774]
[11238,23874,24063,24349]
[11242,12358,16198,18907]
[11242,21454,23933,45479]
[11242,30527,31078,55322]
[11247,16473,19652,47372]
[11247,16473,23128,47372]
[11248,13692,25308,42123]
[11248,38528,39809,40894]
[11250,19869,21090,56350]
[11250,25350,33271,34125]
[11252,12121,12673,37927]
[11252,13920,26100,44523]
[11256,11767,11808,19656]
[11263,18977,22357,63157]
[11265,19325,19338,31206]
[11266,31691,33136,63296]
[11267,14858,15418,21318]
[11267,34867,45068,59432]
[11271,11492,18496,22204]
[11271,13889,13959,14841]
[11271,21777,22204,58548]
[11271,22663,28713,54621]
[11271,24963,46163,57171]
[11271,25479,25721,32929]
[11275,42891,48585,58725]
[11277,21195,22050,33677]
[11277,24843,26026,61006]
[11281,12325,15544,54460]
[11281,14801,22243,40687]
[11281,20569,22649,39289]
[11284,11640,12125,47765]
[11289,19313,19314,22737]
[11289,21233,44217,48711]
[11296,15300,17945,48545]
[11297,19095,30030,47322]
[11298,14889,15598,30498]
[11298,23373,23672,54768]
[11300,24505,25636,26500]
[11305,12177,17425,44945]
[11305,13780,13900,20128]
[11305,14295,26775,60039]
[11305,15375,19000,43244]
[11305,15375,21033,48450]
[11312,19628,20503,25937]
[11312,34188,41588,45955]
[11315,15540,15725,35989]
[11315,15725,16775,33337]
[11319,40663,41181,65469]
[11322,12675,12950,41990]
[11322,29550,31875,60085]
[11324,20839,25369,48319]
[11325,17821,22310,25885]
[11327,36351,44451,57123]
[11330,41710,47847,52539]
[11333,20017,20351,28033]
[11336,15808,16055,20710]
[11336,20839,21984,30784]
[11336,21424,23951,31174]
[11339,11730,28014,36414]
[11339,15662,17136,32712]
[11339,19061,24679,31349]
[11339,20539,27531,37259]
[11339,24886,28106,35706]
[11339,26486,33784,55216]
[11339,39491,52003,64477]
[11340,20007,21465,33785]
[11342,32818,33231,61374]
[11346,13481,20553,51057]
[11349,24225,24901,60475]
[11349,35733,37949,59267]
[11352,22448,23177,57706]
[11352,28509,29848,46784]
[11356,12656,21131,24823]
[11356,22795,47600,55556]
[11357,18910,22160,47000]
[11365,17195,17196,45756]
[11368,18648,18792,21483]
[11368,33872,35757,45753]
[11375,14210,14350,17342]
[11375,14210,17342,50050]
[11375,15895,21658,31150]
[11375,16555,20625,27951]
[11375,17765,21386,34450]
[11375,31465,33250,38354]
[11375,31855,35217,40719]
[11375,34201,37999,58850]
[11375,54665,55825,57967]
[11376,13152,13298,16851]
[11377,13447,13838,25538]
[11377,13447,14161,32431]
[11377,26353,33759,53909]
[11382,17178,19303,31493]
[11384,12259,15589,24741]
[11388,18000,18015,18980]
[11388,24912,35113,37887]
[11388,25688,36297,60723]
[11390,14127,14450,19390]
[11390,15170,20350,25789]
[11390,18950,20651,57779]
[11390,26455,26600,56992]
[11390,36490,40139,40825]
[11390,39325,39950,40382]
[11391,26559,26579,39039]
[11395,14365,15113,17225]
[11395,14365,15113,30889]
[11395,14365,15113,48841]
[11395,14365,17225,48841]
[11395,14365,30889,48841]
[11395,19285,26912,58300]
[11396,13039,13568,15392]
[11396,18655,19721,32375]
[11396,21679,22244,43036]
[11400,12844,16055,30005]
[11400,36424,38280,61701]
[11401,34999,36673,54374]
[11403,15957,16153,21543]
[11407,13937,19703,33847]
[11407,15568,17777,18727]
[11407,18161,18239,22207]
[11408,13631,17792,55792]
[11408,15080,15295,17342]
[11408,25772,31349,50071]
[11408,29192,34817,62033]
[11408,36500,38617,44620]
[11413,18837,33787,44137]
[11416,38744,44362,46547]
[11417,14287,14630,20410]
[11417,24521,24871,26329]
[11419,18569,18699,19339]
[11424,14800,16465,29380]
[11424,19024,26129,47396]
[11425,15979,15995,18821]
[11425,15979,15995,52229]
[11425,15979,18821,52229]
[11425,38975,52229,57125]
[11425,45025,46235,52229]
[11427,11997,12013,14937]
[11427,18581,18819,42627]
[11430,15135,15478,16906]
[11432,15496,22057,37154]
[11433,25513,25527,43377]
[11433,40542,41008,51504]
[11438,28063,32338,58962]
[11438,55475,55790,58962]
[11439,14511,16241,31119]
[11440,12500,12675,39636]
[11440,19500,22815,26196]
[11440,28000,28028,48125]
[11441,23375,23555,25585]
[11445,13502,15075,21195]
[11445,14539,30411,35805]
[11446,15399,17226,18054]
[11446,16269,17226,40326]
[11446,36569,40326,42874]
[11448,18000,18810,33125]
[11452,20923,27812,32452]
[11455,18785,31059,37843]
[11456,13948,14265,31620]
[11458,19270,28645,55145]
[11461,13189,16799,23871]
[11461,14331,14586,61539]
[11461,34736,50224,57776]
[11462,14058,14067,15183]
[11462,15162,15183,21882]
[11462,31962,33663,47943]
[11466,16471,27216,39096]
[11470,11990,12099,42675]
[11470,12002,37727,57970]
[11473,14443,18318,26818]
[11473,14443,18318,30098]
[11473,14443,26818,30098]
[11473,22575,23785,32335]
[11473,50798,50897,60207]
[11475,14607,14625,45985]
[11475,15318,16280,28968]
[11475,18625,18643,25555]
[11475,21789,25555,46125]
[11477,13717,14061,27606]
[11479,22126,23127,34007]
[11480,16240,16646,42809]
[11480,19840,28121,41000]
[11484,32175,32625,37895]
[11488,17464,30562,33689]
[11492,48880,49517,57700]
[11493,11645,11782,14518]
[11500,23213,27412,53100]
[11500,24784,38725,52500]
[11500,28960,29725,41268]
[11501,17702,20723,59027]
[11501,22355,23275,62699]
[11504,15424,15475,29830]
[11505,14735,16425,49257]
[11505,16851,16926,22550]
[11509,16031,17969,25009]
[11509,16701,16779,32496]
[11513,18247,27633,63042]
[11515,15379,21125,26390]
[11515,18011,18239,33439]
[11517,54717,61445,63867]
[11520,14824,20520,24525]
[11521,17466,18081,56481]
[11529,14760,18729,19721]
[11534,21037,21616,25288]
[11542,26362,54069,57159]
[11543,11767,11781,11931]
[11543,11849,13005,19885]
[11543,13207,13243,27257]
[11543,13207,17051,27257]
[11543,18857,20013,63063]
[11543,18857,20587,60277]
[11543,21641,23959,37468]
[11543,32747,36569,52441]
[11544,22800,23425,38406]
[11554,38819,39022,63522]
[11556,16164,16836,24569]
[11557,17893,18067,56147]
[11562,22570,23430,59163]
[11563,11869,13013,19844]
[11563,12175,12200,36212]
[11563,22165,27962,32813]
[11565,52947,55315,56797]
[11567,16126,17808,52776]
[11567,20003,20801,45889]
[11568,21663,24447,52297]
[11568,27948,28033,33017]
[11571,12749,12789,24339]
[11571,12997,13572,27579]
[11571,15379,21924,44109]
[11571,22021,22043,38171]
[11571,25620,27755,47821]
[11571,36708,37555,41325]
[11575,11861,11890,59714]
[11590,13130,13439,19825]
[11591,18125,30275,52925]
[11592,17160,17992,26715]
[11592,46176,48776,55167]
[11594,12031,12169,43081]
[11594,16014,16027,63767]
[11595,11837,11925,12462]
[11600,13056,14160,16269]
[11600,15040,15275,19082]
[11600,19788,27063,45900]
[11600,21896,22625,24650]
[11600,21896,34510,51205]
[11601,14050,28000,51560]
[11605,21675,22253,48587]
[11607,16785,22007,51465]
[11609,12089,12103,41762]
[11613,21112,23688,38688]
[11615,17950,25250,38114]
[11615,23585,37683,56975]
[11615,24250,25048,44200]
[11615,37697,38203,38885]
[11618,14950,18055,46345]
[11618,23959,30818,47918]
[11620,28340,28781,35425]
[11622,13447,13593,25857]
[11622,27582,50451,59761]
[11624,44104,44114,53761]
[11625,13673,15255,35625]
[11625,22185,22475,30039]
[11627,14763,15281,53909]
[11627,16149,19173,25377]
[11627,29375,39902,57650]
[11629,16531,20451,37149]
[11629,37011,44109,62634]
[11629,40339,44109,62634]
[11641,20039,27001,48851]
[11644,13601,14976,19024]
[11644,30112,35588,38581]
[11645,21025,34250,42398]
[11645,29125,32606,63325]
[11645,38909,59641,60775]
[11648,27016,27027,57134]
[11651,12506,12709,29341]
[11651,12506,18278,20618]
[11651,18203,18278,39878]
[11651,18239,18278,20618]
[11655,12985,17649,22302]
[11655,15225,19097,25375]
[11655,38745,43911,50297]
[11656,12320,12331,24200]
[11660,14800,15476,16465]
[11661,22791,22839,27209]
[11661,24991,25549,64051]
[11663,12961,12986,19838]
[11663,36363,37584,56988]
[11670,13455,14393,18705]
[11673,24636,27136,32848]
[11675,51557,53325,65157]
[11679,13409,13969,17119]
[11682,12958,13662,31563]
[11683,17918,18563,19363]
[11685,15045,22591,24225]
[11687,12337,12702,14703]
[11687,12513,12702,22698]
[11687,19800,32000,55912]
[11692,26588,27323,46927]
[11696,12325,12880,18496]
[11696,12416,12427,33712]
[11696,30100,30740,47515]
[11700,17427,26260,55500]
[11700,28560,28628,51375]
[11703,17347,23584,40172]
[11703,21902,23584,27824]
[11704,17069,19392,41288]
[11704,20128,21571,64328]
[11705,18283,18908,20008]
[11712,15980,17388,24225]
[11712,19716,21412,29463]
[11713,13055,13825,44387]
[11713,13081,14450,40290]
[11713,13785,18590,45050]
[11713,16025,18785,27295]
[11713,22591,32513,36941]
[11713,37830,45050,62662]
[11713,43771,49979,54587]
[11713,48379,49979,54587]
[11715,11883,12342,20075]
[11716,15064,16409,30189]
[11716,15109,18821,52621]
[11716,26588,28612,39491]
[11716,28016,29116,39491]
[11725,15042,16365,24525]
[11725,22673,28810,51590]
[11726,13949,13981,29029]
[11726,28934,29029,39479]
[11730,31005,32450,41106]
[11737,19129,19162,19513]
[11737,20900,20988,23280]
[11739,20511,20769,33761]
[11739,34811,35451,59676]
[11742,26883,47064,47792]
[11745,14076,16124,44880]
[11748,15300,18020,43877]
[11748,15300,23140,43877]
[11750,17818,17825,22550]
[11750,31742,33625,51425]
[11760,15960,16801,17675]
[11765,13333,13575,33735]
[11765,13650,23829,40725]
[11765,15785,16325,25019]
[11765,17845,17875,39277]
[11765,19775,20453,33125]
[11767,29050,31430,64042]
[11770,18590,18659,24167]
[11771,24650,27565,59885]
[11771,53371,56661,64369]
[11771,53911,54534,62234]
[11772,44772,48253,53628]
[11773,16822,19126,47094]
[11774,14161,14297,43673]
[11774,20951,21576,27552]
[11775,12545,14625,16791]
[11775,15980,16500,41616]
[11781,28083,34408,36156]
[11782,20978,26531,53019]
[11787,14187,23023,33103]
[11788,13097,13472,25712]
[11788,26187,26544,40416]
[11796,12879,13168,32012]
[11799,18792,39008,48024]
[11808,14988,16419,51209]
[11808,27200,31365,37800]
[11809,12257,12291,16541]
[11809,12551,13396,13496]
[11814,12221,13029,15939]
[11817,23478,24745,25935]
[11817,27525,28583,39975]
[11819,13525,18815,56875]
[11819,13717,13719,13833]
[11820,15040,16383,26100]
[11823,14027,27878,30082]
[11825,49873,49973,51755]
[11826,16950,20001,51175]
[11827,23923,28977,38735]
[11830,15665,20384,26992]
[11830,24710,25025,31434]
[11830,35175,35295,46137]
[11833,16825,34375,53167]
[11834,14430,16055,16775]
[11834,28934,35014,39479]
[11836,17200,20925,28245]
[11837,13111,22211,35587]
[11837,17917,20102,62123]
[11838,22287,37487,47481]
[11840,23800,25160,35249]
[11842,40238,56637,64887]
[11844,27195,30044,46500]
[11849,13207,13243,17051]
[11849,14711,18778,37247]
[11849,15351,15867,24123]
[11849,17591,17753,35547]
[11849,33507,37449,56457]
[11850,13735,14982,29946]
[11851,22300,30620,33860]
[11856,20648,21177,21894]
[11856,25032,28106,29643]
[11858,12694,13717,30581]
[11859,19041,20099,46851]
[11862,12114,12787,15111]
[11865,18535,24153,31875]
[11865,41895,42375,45479]
[11865,49625,55257,59550]
[11866,16206,17289,38739]
[11868,26325,32032,59280]
[11869,30121,30371,57629]
[11869,30382,35906,43582]
[11872,13468,16907,25628]
[11872,16856,19928,20447]
[11875,15530,15675,29507]
[11875,19805,20125,41993]
[11877,13788,14768,20868]
[11877,14877,24824,52323]
[11878,12962,16683,45367]
[11880,13275,13600,14952]
[11883,14858,15029,22933]
[11883,18147,25661,29379]
[11883,21535,34017,53217]
[11885,19795,26757,29046]
[11889,25521,36889,64729]
[11890,15522,19890,58425]
[11890,16055,20254,27550]
[11892,51680,54417,54900]
[11895,14065,14703,20079]
[11895,15370,18486,19398]
[11900,12432,12580,13615]
[11900,35728,60095,61828]
[11904,34000,35620,37825]
[11913,12122,13224,49104]
[11913,15912,20128,32448]
[11918,13282,13287,13363]
[11919,22479,22577,35733]
[11919,22479,22577,52597]
[11919,22479,35733,52597]
[11925,12177,12190,21402]
[11925,15509,15741,53685]
[11925,19491,20085,37630]
[11925,23859,30125,32595]
[11925,33813,43845,58565]
[11929,22100,23696,47060]
[11929,24921,25051,62491]
[11931,17593,20043,29643]
[11935,14300,16016,17500]
[11936,26768,33943,40964]
[11938,25897,26353,52687]
[11950,33410,34450,63479]
[11951,13447,15022,33201]
[11956,15169,19276,22064]
[11956,18419,18544,23956]
[11957,14027,16133,21567]
[11960,16104,16165,35425]
[11966,24466,26341,65234]
[11968,13340,19465,32132]
[11968,32300,32307,42075]
[11972,35908,36668,65343]
[11972,40192,54107,64757]
[11973,56823,56917,57387]
[11978,15553,19578,60922]
[11983,22513,46138,54487]
[11985,16470,16592,24600]
[11985,51145,55350,57399]
[11988,19989,30636,35536]
[11988,30171,45696,52688]
[11990,29014,29975,33286]
[11993,13351,13545,19435]
[11999,13462,15210,39530]
[12000,12920,14136,21375]
[12000,17808,20670,33125]
[12000,21152,21620,48125]
[12000,26896,27675,49446]
[12000,48112,48125,56770]
[12006,18791,18792,36432]
[12010,48190,50125,63653]
[12012,14304,14900,24505]
[12012,17255,24505,44863]
[12013,15653,18669,45421]
[12013,37037,37083,62107]
[12015,14550,15194,22250]
[12017,38743,40687,43537]
[12019,14450,14645,33235]
[12020,17815,19664,50900]
[12023,24650,26102,54650]
[12025,14841,17459,25705]
[12025,15695,15728,18031]
[12025,15751,15805,53885]
[12025,21580,22420,25012]
[12025,23925,30000,38628]
[12025,24947,25250,44330]
[12027,18423,18887,49337]
[12028,20400,36195,49572]
[12028,20732,23644,53531]
[12028,20732,28324,53531]
[12028,31465,31900,42160]
[12031,18241,18389,35989]
[12031,18241,18389,44289]
[12031,18241,35989,44289]
[12045,21528,22400,43872]
[12045,32850,33726,63250]
[12047,14863,16465,25815]
[12047,16303,22253,30003]
[12047,31217,31703,34342]
[12047,40369,43731,60781]
[12053,14650,20803,48875]
[12054,26278,30422,43171]
[12054,34629,37654,45078]
[12056,29804,33197,51657]
[12062,19762,24455,29963]
[12064,15800,15805,25480]
[12064,24644,35689,40981]
[12065,19215,21217,25375]
[12069,21132,21307,27693]
[12069,55845,55875,58619]
[12069,55845,56575,56769]
[12069,55845,58619,60006]
[12072,19729,19872,49704]
[12075,21420,21539,21675]
[12075,51290,51957,56619]
[12077,34387,35551,63971]
[12078,20034,20097,57134]
[12078,27962,35883,47817]
[12078,46827,47422,59202]
[12084,14877,15052,26448]
[12084,14877,15052,49184]
[12084,14877,26448,49184]
[12087,28725,42690,51170]
[12087,29643,29884,60024]
[12089,14586,18369,30591]
[12089,17593,24893,29161]
[12095,13728,22753,44353]
[12095,21307,22350,47970]
[12099,13437,19324,44363]
[12099,18126,19184,47064]
[12099,26299,26301,31824]
[12103,22591,23028,32103]
[12103,30247,36803,50141]
[12114,18462,20863,29911]
[12116,22016,22231,40076]
[12121,17066,17119,43769]
[12121,17181,17629,23069]
[12121,26071,27094,38686]
[12121,44153,45735,50880]
[12122,14307,14523,14877]
[12123,21825,22450,24102]
[12125,13035,23787,29100]
[12125,24739,30275,32660]
[12125,24739,30275,51875]
[12125,24739,32660,51875]
[12127,26975,29865,33345]
[12130,12382,13343,43870]
[12135,42725,43686,60522]
[12136,12191,13024,43624]
[12136,14996,15617,46483]
[12136,19584,21114,40959]
[12136,21964,27761,53397]
[12136,25636,32513,60639]
[12141,17875,22995,61425]
[12145,23153,23975,60697]
[12145,26455,32375,48503]
[12151,45951,46206,64554]
[12152,14280,15873,32802]
[12152,37352,39377,54502]
[12155,12905,13050,51714]
[12155,38860,41548,53708]
[12159,15041,15219,36801]
[12159,15617,15633,18333]
[12159,16016,27792,48384]
[12167,50623,52417,55873]
[12168,13872,14586,48841]
[12168,24680,26325,33318]
[12168,34704,36582,40729]
[12173,14875,18900,47685]
[12173,17290,17325,20085]
[12175,28249,28574,31535]
[12177,12375,14700,15785]
[12177,17056,17425,44945]
[12177,19215,21285,24827]
[12180,31500,31501,43500]
[12181,22163,25363,34669]
[12183,48813,49187,57437]
[12188,17800,18425,56463]
[12190,31755,32400,47064]
[12192,20720,22155,41958]
[12192,30672,34393,38218]
[12193,15861,17889,20961]
[12194,43566,46306,54431]
[12204,13857,14304,14704]
[12205,16523,16525,53702]
[12208,35224,35742,51801]
[12209,35321,41679,48334]
[12213,24057,25669,41541]
[12215,31075,39437,41075]
[12217,13919,26425,49735]
[12217,25375,26425,49735]
[12218,20083,42763,47187]
[12220,16400,16875,43836]
[12220,16400,18655,43836]
[12221,13079,17081,58681]
[12221,23100,26235,62115]
[12223,14750,15625,33473]
[12224,13984,14421,25346]
[12224,23920,25025,61420]
[12225,12701,13185,14655]
[12229,24973,28702,33371]
[12231,16345,17144,27719]
[12233,13975,14115,18525]
[12236,13604,14973,39767]
[12236,44275,47564,49280]
[12238,16162,17458,24243]
[12240,22480,25009,58448]
[12243,17427,18683,22533]
[12243,21843,22363,28688]
[12243,21843,41811,62293]
[12243,22477,22743,39273]
[12243,29493,37842,45878]
[12249,22149,22357,25899]
[12250,23989,29800,35000]
[12255,17019,17995,32181]
[12257,28567,34132,53567]
[12261,25777,31445,43435]
[12264,29320,29925,30786]
[12267,26442,26603,38763]
[12271,21511,27330,36570]
[12272,13568,14469,16016]
[12272,31408,31772,46717]
[12274,31902,35598,43173]
[12276,16539,19668,27148]
[12283,12773,13148,51092]
[12283,12987,13727,34373]
[12283,13340,13840,21692]
[12283,45925,49305,50375]
[12285,52182,54693,64285]
[12285,59325,62715,64379]
[12291,26055,30125,53805]
[12296,13696,14152,16907]
[12298,17050,39130,44935]
[12300,14835,22540,45264]
[12305,23575,31648,36068]
[12307,13875,17865,26025]
[12308,18688,23188,34933]
[12308,28408,29713,35653]
[12308,28567,28832,38768]
[12309,14766,19459,43197]
[12309,40341,43197,60907]
[12310,17066,24810,44935]
[12320,29800,32201,63325]
[12320,33396,35596,63325]
[12321,14175,14575,18315]
[12321,20532,21904,46668]
[12324,15184,15429,18396]
[12324,18561,19344,20444]
[12325,13596,14355,34221]
[12325,14350,14750,60146]
[12325,16539,24795,60345]
[12325,17225,17250,27666]
[12325,18265,19108,44200]
[12325,19995,20349,23370]
[12325,20125,20349,30450]
[12325,22181,22325,45985]
[12325,22181,22325,50881]
[12325,22181,45985,50881]
[12325,23919,24206,29750]
[12325,24827,30073,53465]
[12325,29309,36890,43645]
[12325,31323,32625,61455]
[12327,25857,31577,44268]
[12328,13588,13867,39783]
[12331,21781,22991,43921]
[12331,26106,26109,56259]
[12334,23809,24969,43169]
[12337,13832,14016,16224]
[12337,13871,14162,14287]
[12337,13927,13962,35802]
[12337,16132,16796,30076]
[12337,18925,18980,60560]
[12337,20367,25623,35802]
[12337,29978,30134,47306]
[12337,37425,37635,43263]
[12341,13034,13091,34979]
[12341,13100,13120,24140]
[12342,13642,14227,17818]
[12349,15029,15211,36386]
[12349,31724,32224,49396]
[12350,15954,16315,31570]
[12352,20128,20273,26852]
[12352,20128,20273,57128]
[12353,18275,20445,57955]
[12355,17480,23288,56480]
[12357,17236,21968,41932]
[12358,16021,16058,16454]
[12361,18761,19881,27166]
[12361,19671,19803,28443]
[12363,15548,16068,30432]
[12365,12673,12865,61825]
[12366,12879,12978,27938]
[12366,49854,50635,52670]
[12367,17243,22507,52117]
[12372,33003,35648,39372]
[12375,15555,15609,16775]
[12375,20553,39325,43395]
[12376,13024,13949,14824]
[12376,15400,15470,49625]
[12376,20503,20672,22624]
[12383,12950,31465,56425]
[12383,13083,15486,33306]
[12383,16712,16777,17673]
[12383,19533,27512,59428]
[12383,22015,22533,22875]
[12383,23433,25578,48678]
[12383,39592,43127,58377]
[12392,17407,17537,20137]
[12392,25433,26912,49112]
[12393,17307,23643,35941]
[12396,16720,22196,36155]
[12397,19053,20093,49837]
[12397,30163,30353,36337]
[12398,16465,19025,53465]
[12400,14352,19995,31248]
[12400,17000,17391,23250]
[12400,33304,35865,38010]
[12403,12851,12874,20453]
[12403,15317,23722,51442]
[12405,20925,22101,23450]
[12408,45728,47157,51018]
[12410,29105,37319,43897]
[12410,32338,32375,53363]
[12412,25604,25879,33796]
[12416,42016,45344,45551]
[12419,14581,14606,65482]
[12423,16443,22386,41006]
[12423,23273,24038,45658]
[12425,23765,26384,41860]
[12426,17934,19947,24823]
[12426,22707,28776,50576]
[12426,22722,25651,60799]
[12427,16277,17473,27455]
[12427,19189,19227,44727]
[12430,39182,39550,43043]
[12431,13419,13489,33649]
[12441,14520,18241,60775]
[12441,48025,49985,51641]
[12443,14507,18603,40533]
[12443,38857,41846,53018]
[12444,33231,52049,54961]
[12444,50300,50325,53244]
[12446,21554,25970,40621]
[12448,18648,20313,28008]
[12448,26448,33843,38628]
[12452,16577,18172,35072]
[12457,50775,51625,54107]
[12460,15295,15308,61600]
[12460,17680,18292,19669]
[12461,15841,16159,48289]
[12461,16211,16269,49491]
[12461,34925,40315,60214]
[12462,36738,37267,46943]
[12463,36025,39215,58065]
[12474,23133,23430,35050]
[12483,15300,16133,40515]
[12489,29539,38375,43289]
[12495,14196,17745,22321]
[12502,22382,28623,43757]
[12505,13209,13725,22755]
[12505,16225,21750,55719]
[12505,16405,18700,63304]
[12505,22873,24475,55255]
[12506,17958,18031,60458]
[12506,18239,36873,53833]
[12506,18798,36873,56277]
[12506,26509,49136,56264]
[12506,35298,36873,56277]
[12507,19941,19943,54043]
[12508,13021,14204,41308]
[12508,21008,21127,37948]
[12508,21008,21412,32383]
[12508,21008,21883,37948]
[12508,21008,21917,22308]
[12508,21008,21917,28964]
[12508,21008,32383,40508]
[12508,24367,25252,39008]
[12512,24272,24679,64124]
[12513,15480,15520,16512]
[12516,13409,13431,14751]
[12518,14883,15363,28413]
[12519,24231,25019,28249]
[12528,38532,41093,56028]
[12535,18492,20700,26160]
[12537,16583,17739,22059]
[12540,29125,29232,63900]
[12543,13392,13504,19536]
[12543,15457,17589,29493]
[12543,21182,23391,59007]
[12543,37383,37758,54242]
[12548,21728,21959,30044]
[12558,37583,39312,53712]
[12561,38223,54352,58223]
[12561,38961,41181,61859]
[12561,47889,49767,54961]
[12572,14320,19300,24695]
[12573,41283,41385,49225]
[12581,17306,26299,56389]
[12582,18666,19459,23766]
[12582,18666,19459,40809]
[12586,15134,15211,19241]
[12586,15134,16289,19241]
[12586,22570,54839,57350]
[12591,17334,19450,23034]
[12593,15127,27008,60508]
[12593,22351,26049,39501]
[12593,27727,32809,59881]
[12595,22451,25905,28625]
[12595,44525,44655,51921]
[12597,14003,14157,21318]
[12597,14837,14859,62361]
[12597,16397,17238,28557]
[12597,17613,22317,33592]
[12597,22372,22997,40885]
[12597,38325,40885,52925]
[12600,13923,16835,19227]
[12600,14091,14475,16835]
[12600,31080,31921,33002]
[12600,31080,31921,38850]
[12600,33456,33625,37830]
[12601,22681,45362,47257]
[12604,15341,15344,37444]
[12604,42816,42881,51044]
[12605,15475,17324,20168]
[12608,25192,26792,39833]
[12614,14161,14416,23744]
[12614,21021,21114,55146]
[12615,24345,24389,47067]
[12615,33480,40504,50808]
[12615,41985,42050,45466]
[12617,26117,26192,32708]
[12621,15979,22707,37197]
[12621,30899,31111,37789]
[12623,13271,13298,56546]
[12625,19631,19695,27835]
[12625,19631,19695,54975]
[12625,19631,27835,54975]
[12625,25900,26159,37625]
[12626,21527,24400,33920]
[12629,20971,22849,33109]
[12636,42048,48348,57889]
[12640,18320,21068,53963]
[12645,39693,40400,64068]
[12648,18564,18785,46995]
[12649,46949,53911,57239]
[12650,14351,15440,37760]
[12650,38893,54165,64525]
[12656,16048,16244,21131]
[12661,21625,21639,32825]
[12661,23735,32825,39111]
[12663,16443,17081,23751]
[12670,13939,13950,19186]
[12673,12968,13079,47009]
[12673,14948,17168,18532]
[12673,14948,17168,44572]
[12673,14948,18532,44572]
[12673,28991,30591,32277]
[12675,13515,17589,44200]
[12675,18333,18375,44135]
[12675,18837,24288,28405]
[12675,22517,45045,58740]
[12675,26199,27625,49751]
[12675,28035,28925,53573]
[12675,44861,47589,53595]
[12679,17593,18079,29857]
[12682,18566,45443,58934]
[12683,24541,25608,41508]
[12688,16576,22570,51545]
[12688,25504,26638,37271]
[12688,36992,37271,38896]
[12690,16575,16592,32200]
[12697,25991,38091,43947]
[12705,30955,43050,48006]
[12705,38125,40863,62625]
[12707,19493,20827,39387]
[12711,24601,29273,30667]
[12716,15873,17952,26316]
[12716,20800,21641,57460]
[12717,40533,44758,49235]
[12719,23644,26404,28784]
[12720,20244,21556,30125]
[12720,30345,31280,55488]
[12725,14610,16797,18525]
[12725,27775,27995,32219]
[12725,37259,37666,61235]
[12726,17499,19018,50298]
[12727,16575,16577,24310]
[12733,32623,32627,42483]
[12738,35250,35485,45355]
[12741,12963,12984,20413]
[12742,14450,14467,31855]
[12749,17221,18139,22286]
[12749,21299,22509,33611]
[12751,16551,16684,18736]
[12752,14329,17177,34271]
[12753,15147,20383,52767]
[12753,16849,17199,61803]
[12753,20497,22378,24457]
[12756,37959,50612,64528]
[12760,15520,15576,23925]
[12760,18495,31529,44183]
[12760,26741,37400,43616]
[12769,14111,15481,24769]
[12769,15847,15980,29945]
[12773,21275,24327,39765]
[12775,14637,19710,46410]
[12775,16870,17255,17593]
[12780,19383,23217,26825]
[12784,16224,16284,17901]
[12785,22855,28175,35798]
[12787,13889,14212,45764]
[12787,21389,21535,23555]
[12788,30437,35173,40677]
[12789,15540,16835,35989]
[12792,21528,23725,31610]
[12800,15392,26845,40992]
[12801,23851,24021,28971]
[12803,40963,42644,55811]
[12805,13750,20150,35066]
[12805,13795,13949,17533]
[12805,14555,15695,19153]
[12805,18524,20176,38820]
[12811,16801,17435,34715]
[12815,15675,16065,53823]
[12818,13882,17017,61567]
[12818,15022,19943,34307]
[12818,19019,31331,51243]
[12818,21777,23664,52704]
[12818,23577,29058,43758]
[12824,26101,31144,33304]
[12825,14841,15000,36359]
[12831,17759,18759,26169]
[12831,19359,20081,26609]
[12831,28236,28960,40560]
[12835,16405,16643,17917]
[12837,25787,25972,58277]
[12839,17051,19430,34250]
[12844,22211,26068,52052]
[12844,29044,29181,35828]
[12845,21125,26117,50750]
[12847,22199,24728,25897]
[12848,19400,22795,57305]
[12850,13169,13400,41120]
[12850,16562,16962,19955]
[12850,18766,19650,39591]
[12850,44903,45985,51865]
[12851,17549,17752,26299]
[12851,17549,19729,28531]
[12852,13083,13216,18156]
[12852,13104,13140,13195]
[12852,15540,15725,58548]
[12852,18504,18975,21845]
[12852,25623,26572,34272]
[12852,25952,35653,61268]
[12857,18239,18361,25714]
[12857,53447,53482,57447]
[12859,16534,17381,61499]
[12859,17864,19099,30149]
[12864,13448,13489,15752]
[12869,15029,15221,21131]
[12871,18800,24320,28304]
[12873,28149,28198,29002]
[12874,13775,14326,29830]
[12876,42900,50125,62900]
[12876,46624,50431,53204]
[12879,25320,25575,36305]
[12882,14658,15007,39342]
[12883,39767,41449,43433]
[12892,15323,19964,32816]
[12900,14039,14140,43280]
[12903,30102,32351,35431]
[12903,30102,32351,42009]
[12903,30102,35431,42009]
[12905,27755,29467,39525]
[12905,30160,31616,41296]
[12905,33596,34780,41296]
[12913,15311,15314,21289]
[12915,13320,13325,13653]
[12915,19635,21525,22997]
[12922,29378,36127,63973]
[12925,13969,21375,39169]
[12925,14115,21375,25407]
[12925,21340,21500,51216]
[12925,22148,23165,26373]
[12926,17125,17320,61000]
[12930,23722,30675,41847]
[12932,14007,15921,25359]
[12932,59748,61692,64233]
[12935,28105,31753,41975]
[12937,33538,35113,46551]
[12939,21423,22348,28564]
[12945,31425,32111,32657]
[12947,19475,21375,32547]
[12949,20099,21373,36349]
[12950,14259,20685,53835]
[12950,35511,37590,37914]
[12950,53350,53835,56682]
[12954,16854,18921,23146]
[12961,15711,16289,22931]
[12963,14162,16878,22338]
[12963,17949,17963,20651]
[12963,25803,27376,32619]
[12963,37213,37323,44253]
[12968,14752,16961,22694]
[12971,14123,22127,30821]
[12971,17629,23851,35416]
[12971,19747,19754,48178]
[12971,20396,21376,60724]
[12975,13716,13840,33900]
[12985,21049,21390,64015]
[12986,15625,19055,59375]
[12986,23750,29450,59375]
[12987,15129,17271,19721]
[12987,16133,17901,61101]
[12992,20272,20532,36743]
[12992,20272,36743,54868]
[12992,21352,47299,61544]
[12997,21125,24635,28847]
[12997,22533,26307,40893]
[13000,14027,17800,27040]
[13000,27608,27625,35050]
[13005,28449,31501,52275]
[13005,34419,42245,54075]
[13007,23759,27891,55443]
[13013,13283,13286,22274]
[13013,15563,18759,26937]
[13013,19691,21437,22659]
[13013,19844,27388,29744]
[13013,20683,22274,50869]
[13013,21004,21021,52437]
[13013,22517,22737,26767]
[13013,23925,24255,39585]
[13013,28203,42942,60333]
[13019,47515,48931,52844]
[13020,20864,20900,23461]
[13021,24739,28891,40859]
[13025,13195,13546,33850]
[13026,25929,28489,51689]
[13035,18815,24144,29100]
[13035,40075,43281,44625]
[13038,19737,20193,21607]
[13039,15550,17255,22425]
[13039,15689,17719,33609]
[13039,15689,18394,33609]
[13039,18513,23987,26287]
[13039,49691,52309,56789]
[13040,27145,27328,35600]
[13050,15470,15561,27405]
[13050,15741,17110,24390]
[13050,34071,35670,49450]
[13053,27797,32747,53086]
[13054,21541,26832,39768]
[13054,26986,29183,34907]
[13055,26068,35168,37300]
[13055,37105,37375,45313]
[13060,18496,20060,28079]
[13061,18542,18880,37360]
[13061,24325,26085,44125]
[13070,18850,26013,51150]
[13072,15953,16112,52288]
[13078,29150,30875,37453]
[13079,15906,15921,55671]
[13079,18921,19721,26129]
[13079,19240,19721,26129]
[13079,32785,34121,34850]
[13083,22597,22695,54855]
[13083,53669,54417,57519]
[13085,15645,18375,54957]
[13090,32318,33215,60907]
[13090,36295,43848,49776]
[13091,13981,15211,24661]
[13091,18733,19942,24158]
[13091,43549,43771,50629]
[13098,26825,26970,36630]
[13104,22616,30069,34506]
[13104,29304,29745,52429]
[13105,26675,28831,54175]
[13108,26572,26593,41132]
[13113,20679,25529,45087]
[13113,54812,55008,62532]
[13115,18245,24973,47437]
[13117,42125,45158,50450]
[13123,50083,50759,61721]
[13125,16982,17325,18195]
[13125,17437,24675,44838]
[13125,35055,35098,50750]
[13125,57915,58539,61525]
[13128,42312,42872,51937]
[13129,23579,24174,52734]
[13133,39117,40683,43989]
[13135,15665,22243,26751]
[13136,13464,14319,44334]
[13137,14391,15538,15834]
[13139,24436,42763,48461]
[13140,22448,24948,40077]
[13144,21009,24168,42912]
[13148,18377,21199,29929]
[13148,40527,50768,62972]
[13152,20952,21073,40552]
[13156,18421,22781,28171]
[13158,18666,23359,31059]
[13158,22618,22661,56474]
[13160,24000,26166,45675]
[13164,24076,31980,49365]
[13167,18887,19089,19404]
[13172,33017,33511,40199]
[13172,33017,35668,61232]
[13172,36468,37481,38804]
[13172,50232,52773,61677]
[13175,15785,17507,27965]
[13175,22301,26825,42295]
[13175,32311,33755,42295]
[13175,48887,50713,64325]
[13181,35581,45689,59449]
[13182,40062,50531,63726]
[13184,21500,21565,25625]
[13185,17325,19924,25800]
[13188,15236,22113,24612]
[13191,18183,35409,48367]
[13195,14147,16555,32422]
[13195,15785,17589,23925]
[13195,17325,17675,20213]
[13195,23435,23925,41093]
[13195,27475,28574,63118]
[13195,28567,29680,55100]
[13200,14616,15630,17425]
[13200,22407,29568,33040]
[13200,24960,26000,41089]
[13202,18350,18625,42898]
[13203,35343,36081,46001]
[13205,18925,28766,55955]
[13207,17824,35968,39776]
[13209,32760,44135,47175]
[13211,32219,34829,44979]
[13212,15785,28700,64288]
[13213,33337,33443,45917]
[13213,33337,33485,63437]
[13216,15512,16066,55187]
[13221,23835,24415,43329]
[13221,32968,33371,35821]
[13224,16017,19608,65192]
[13231,27089,35321,48721]
[13231,43316,52832,64532]
[13233,15057,18557,55517]
[13236,20919,22889,39831]
[13237,18538,19032,58032]
[13237,24307,24428,32147]
[13237,37037,51667,63492]
[13237,54353,55208,63492]
[13243,16653,16677,18798]
[13243,19437,20172,28728]
[13243,53447,53618,55678]
[13244,16211,19968,44892]
[13250,19995,20475,52851]
[13250,20257,23960,43000]
[13250,44710,49751,58625]
[13260,16272,16385,17953]
[13260,26700,30260,30421]
[13261,24700,28000,44864]
[13261,24700,28000,60164]
[13261,24700,44864,60164]
[13263,33231,48631,64713]
[13264,18880,19536,20725]
[13272,13727,13728,18648]
[13273,17537,19399,24206]
[13273,26877,35139,64323]
[13275,17721,19671,37975]
[13277,14933,15317,26027]
[13277,18377,18407,21607]
[13281,17904,22656,26096]
[13282,25193,28623,46487]
[13283,33292,35728,64288]
[13283,35558,35728,64288]
[13286,30589,30758,37814]
[13288,17435,19987,26413]
[13288,31512,34584,54219]
[13294,22534,26307,35547]
[13298,13783,13952,16592]
[13298,17302,19947,46543]
[13298,18067,38003,50547]
[13298,30317,38003,50547]
[13298,30622,38003,41202]
[13298,41602,46543,52647]
[13298,41602,52647,57218]
[13299,16115,16701,21615]
[13299,16115,16701,34749]
[13300,14837,20720,60788]
[13300,24892,25915,39865]
[13303,18377,18487,55587]
[13303,26117,26182,65518]
[13308,16092,18012,37697]
[13311,13662,21087,37961]
[13311,25365,27115,29739]
[13311,27521,45441,57159]
[13317,17531,17756,18883]
[13317,29957,38793,52683]
[13317,31073,39951,57969]
[13320,25389,26936,33600]
[13320,35624,40626,54945]
[13321,22825,24220,34804]
[13325,13801,14760,37300]
[13325,18645,22509,41730]
[13325,22477,23125,34645]
[13325,33180,33579,55125]
[13328,23345,23975,41905]
[13329,14421,18411,28139]
[13329,43281,45153,63683]
[13329,44631,44752,64812]
[13332,13545,13580,16800]
[13333,20767,20769,53217]
[13333,26158,28072,50512]
[13333,26158,29493,63427]
[13333,30623,31611,48901]
[13340,37375,37700,42688]
[13340,37375,45279,50025]
[13342,15674,16201,22301]
[13343,14711,15218,38186]
[13345,21375,29187,35325]
[13345,21375,30719,42500]
[13348,22896,25327,28727]
[13351,15759,16497,28152]
[13351,17759,18759,62649]
[13351,23449,23471,44954]
[13356,19040,19769,40460]
[13357,21527,23161,34169]
[13359,18105,31025,48034]
[13359,20052,29127,33977]
[13359,47471,56721,59109]
[13363,30413,31997,62097]
[13364,13600,14135,20020]
[13366,13661,14074,21626]
[13375,13949,24650,33670]
[13376,16724,16756,35821]
[13379,25396,29716,64384]
[13395,32505,32775,49913]
[13398,14762,16443,28182]
[13407,17057,19393,50249]
[13407,30175,30193,37105]
[13408,30272,31244,32729]
[13409,44891,44896,53636]
[13410,24430,34551,52299]
[13410,48750,51106,55875]
[13413,15337,15963,35739]
[13416,15008,19383,38808]
[13419,15714,16544,44544]
[13423,14703,14899,28561]
[13426,15834,16029,42021]
[13426,26075,30280,61376]
[13429,19691,22407,50617]
[13429,24013,29054,38221]
[13430,21830,21857,24475]
[13431,23529,25069,26931]
[13431,23881,24531,24717]
[13433,17017,18887,47047]
[13433,19292,21008,39008]
[13439,17611,17711,27217]
[13447,15111,15147,17289]
[13447,15225,15255,19065]
[13447,15553,17402,28322]
[13447,16775,23375,36047]
[13447,21497,23273,29267]
[13447,23345,23375,36047]
[13447,34055,36125,59325]
[13448,21489,22464,28536]
[13450,17945,18234,46662]
[13450,18245,18491,29075]
[13455,19215,19825,22119]
[13455,19895,20241,46575]
[13455,28785,30199,63825]
[13455,54648,60273,61295]
[13456,37700,46945,50460]
[13459,15953,27391,37247]
[13459,16781,30361,50489]
[13460,17472,20835,26247]
[13461,17889,20559,31409]
[13462,18974,25175,44895]
[13464,16280,25345,61336]
[13464,18000,19210,20025]
[13468,17901,24124,45968]
[13471,18421,30709,35659]
[13472,22168,23009,31144]
[13473,23231,27331,45731]
[13475,18655,19987,32109]
[13481,15625,16165,21125]
[13481,15625,39650,49594]
[13481,15931,16043,19669]
[13481,19475,25415,36295]
[13481,36091,42517,57707]
[13488,18656,20988,27819]
[13488,25857,28951,47489]
[13489,20559,32307,55473]
[13489,23471,23779,55261]
[13489,23471,32307,51027]
[13489,24505,30914,42050]
[13489,27448,27552,60536]
[13489,27727,27839,51027]
[13489,31119,32307,55473]
[13490,15805,16094,55154]
[13494,15075,15610,60550]
[13496,14287,25263,40729]
[13497,21538,26433,35583]
[13500,25308,26175,32708]
[13500,61380,61500,63229]
[13502,25602,25823,39746]
[13505,17537,23725,51245]
[13505,23042,23433,29505]
[13505,30415,31025,31439]
[13505,32095,32125,63779]
[13505,41055,42273,52122]
[13510,15805,18203,24125]
[13510,29150,42029,62725]
[13511,20089,20239,36218]
[13515,26325,27625,39273]
[13515,28362,31610,55862]
[13516,38800,39500,52865]
[13520,14784,15145,16900]
[13528,16188,16401,52611]
[13528,25840,28747,64090]
[13528,30160,33553,64090]
[13532,30523,30989,54349]
[13533,13725,15067,18725]
[13545,27740,29700,42624]
[13547,14278,14283,25323]
[13547,19285,31465,45353]
[13547,34293,37582,62453]
[13550,18174,19175,61745]
[13559,23241,34419,65331]
[13559,31297,40528,62972]
[13561,17719,19721,26871]
[13561,18317,30461,62339]
[13566,28746,30121,51191]
[13568,19616,27232,41393]
[13570,17405,17917,23069]
[13570,18330,18471,38775]
[13570,25806,25875,61506]
[13570,27790,28025,46846]
[13572,17712,19292,56817]
[13572,31800,32045,44785]
[13575,14257,14310,20175]
[13575,16445,17043,62445]
[13579,18271,18908,35432]
[13579,21951,21989,22939]
[13580,27935,29008,65184]
[13585,15655,16016,29425]
[13585,49775,51585,62491]
[13594,34285,43840,54856]
[13600,14952,14977,15130]
[13600,15416,16625,34760]
[13600,28196,28220,30475]
[13601,33835,35525,37051]
[13610,41830,41837,52439]
[13611,22939,22997,39211]
[13613,29213,46412,51920]
[13616,16984,24274,64269]
[13617,15465,16910,48617]
[13617,18492,18512,56508]
[13617,27183,31603,47437]
[13617,30702,31506,42194]
[13621,16646,20776,28784]
[13621,21533,22154,31354]
[13625,14535,14725,35207]
[13625,15481,15781,29575]
[13625,15677,15810,19610]
[13625,25925,25942,28750]
[13626,24438,25738,55651]
[13629,30919,35581,58621]
[13630,38135,38594,45182]
[13635,15939,16611,17675]
[13635,18565,23717,60325]
[13635,31875,33725,36057]
[13638,28866,35741,38641]
[13639,18833,20842,29711]
[13648,22048,22178,24257]
[13651,16549,17275,24674]
[13651,18003,34947,40953]
[13651,20511,22338,23598]
[13651,21771,22338,23598]
[13653,15189,15211,47397]
[13653,18603,18837,25493]
[13653,18603,19557,25493]
[13653,18603,20943,25493]
[13653,18603,25493,31857]
[13653,21333,22607,25707]
[13653,22620,22755,29725]
[13653,38315,53253,64935]
[13655,44530,47950,63074]
[13657,21027,34717,64733]
[13659,17316,32656,35076]
[13659,18147,22278,45059]
[13659,18309,35119,56049]
[13659,23851,24021,28971]
[13662,15885,16238,17250]
[13664,46424,50181,50569]
[13667,20367,22072,61628]
[13667,52377,52772,61628]
[13671,16380,16575,17255]
[13673,23287,23963,24827]
[13677,16920,17427,22795]
[13677,22125,22840,28365]
[13678,29309,29310,33390]
[13685,14530,16675,33419]
[13685,43125,44625,57477]
[13688,33128,48734,64841]
[13690,37070,42125,50653]
[13699,16541,21791,27199]
[13700,16688,17020,20413]
[13702,16727,16762,30342]
[13702,28934,31434,61659]
[13702,31343,31658,57642]
[13712,14008,14569,16891]
[13716,23391,28720,33900]
[13717,41667,41877,46827]
[13724,15799,15921,17481]
[13725,19665,24541,26979]
[13725,19941,20130,55165]
[13725,20625,22143,42625]
[13725,22755,22875,27173]
[13727,27692,36528,48972]
[13727,32823,35298,51030]
[13728,16400,17835,39780]
[13728,36168,60280,62115]
[13728,37400,37895,49640]
[13734,20709,33136,36696]
[13735,18649,27425,58015]
[13735,27047,28897,41735]
[13739,13937,14014,17486]
[13739,21901,27478,39277]
[13740,24800,25740,62103]
[13741,44229,54672,62988]
[13746,46818,60146,65229]
[13750,18335,20474,48250]
[13750,30425,40161,53625]
[13753,15029,15371,28747]
[13755,21720,23667,31675]
[13764,28737,37312,60636]
[13764,32860,33189,44361]
[13765,39245,41107,56173]
[13767,19227,19415,43095]
[13767,48841,54009,61191]
[13769,14586,16017,20553]
[13769,20951,23534,31191]
[13774,18662,23575,40515]
[13774,35873,39576,59376]
[13775,14993,15125,16907]
[13775,15295,15631,16625]
[13775,16115,16154,22742]
[13775,23665,23861,61301]
[13775,48433,54625,59755]
[13776,14859,15104,18096]
[13776,15375,18265,25625]
[13776,18900,20705,36645]
[13777,33041,33098,44023]
[13780,36575,49588,65296]
[13794,16951,31383,51273]
[13795,18830,23941,25955]
[13796,18964,31457,34427]
[13797,23229,25578,31171]
[13797,31122,36613,54093]
[13797,33003,34277,42267]
[13800,17080,19950,34587]
[13800,21348,30135,38545]
[13801,16663,16951,32449]
[13801,19049,28971,47371]
[13803,24957,26572,28168]
[13804,18020,19229,24871]
[13804,29904,30260,59479]
[13804,38048,38171,57652]
[13805,18901,19475,23050]
[13805,18901,26445,55320]
[13806,32307,32331,52243]
[13810,36490,36611,62033]
[13811,37471,37487,39697]
[13813,20463,21508,25792]
[13813,36363,37563,45771]
[13816,28096,29279,31309]
[13817,16261,17861,31867]
[13817,18425,18535,21505]
[13817,21049,37433,41451]
[13817,47257,50183,56882]
[13825,14645,14847,18879]
[13826,21111,21328,53152]
[13832,16224,16632,24843]
[13832,34336,34632,41093]
[13833,15555,15933,22525]
[13833,16393,16587,30537]
[13833,33825,34945,46110]
[13833,33825,34945,59450]
[13833,33825,46110,59450]
[13833,58353,58724,64119]
[13837,19040,42925,54165]
[13837,25807,27935,39905]
[13840,23780,23932,34075]
[13843,24747,24966,52206]
[13845,19895,21798,33150]
[13846,14065,17690,21146]
[13850,17441,22160,54920]
[13853,17763,17831,35719]
[13853,25553,25748,37448]
[13858,28217,28223,43993]
[13858,29358,32643,52767]
[13858,37294,37433,55419]
[13865,16725,17622,36666]
[13865,17374,31025,34249]
[13871,14060,14560,33004]
[13871,19981,20451,28899]
[13871,22781,22849,27199]
[13871,25954,47918,56354]
[13871,26071,28809,31174]
[13871,27401,38121,61776]
[13871,27416,27456,34144]
[13872,24312,28033,34442]
[13872,44772,45305,59772]
[13875,20915,24525,29637]
[13875,22829,26550,45954]
[13875,30767,33315,58275]
[13875,32045,32079,42705]
[13875,32045,37575,45849]
[13875,49405,49518,56250]
[13879,21271,21321,52170]
[13888,18512,19313,45136]
[13889,22854,24905,33055]
[13890,17550,17794,22125]
[13895,18438,20550,26838]
[13899,32004,35588,37968]
[13899,53235,53300,58515]
[13902,17703,18546,33166]
[13906,20451,26299,52219]
[13912,18407,20801,30719]
[13912,27948,31457,45493]
[13914,29874,39457,55417]
[13922,17398,22203,48727]
[13923,16933,18122,35203]
[13923,20025,21720,30260]
[13923,21147,23426,29274]
[13923,36050,38448,47880]
[13936,14216,14378,15993]
[13936,20300,23345,27860]
[13936,20300,25665,32980]
[13937,17563,18142,32942]
[13937,17822,18142,32942]
[13937,46543,47072,53303]
[13939,15181,15311,16819]
[13939,20561,23686,38306]
[13939,30989,31857,41839]
[13940,16800,41076,44625]
[13940,39655,40052,56816]
[13941,20601,41529,44921]
[13943,25207,27391,36841]
[13949,16226,16549,42883]
[13949,17841,18096,33804]
[13949,19700,21460,40976]
[13949,22011,22330,52910]
[13949,26299,29029,30821]
[13949,28925,34125,36685]
[13949,28934,29029,30821]
[13949,31866,32741,51301]
[13949,31866,37629,41829]
[13950,22785,36750,51646]
[13951,15617,15633,33117]
[13952,23052,29293,49268]
[13961,52279,52603,58167]
[13965,53235,54925,62699]
[13969,20591,21289,29839]
[13969,36271,43493,57937]
[13973,32775,34375,53177]
[13974,16926,17459,19591]
[13975,19288,19375,30737]
[13975,49010,58377,63375]
[13977,29583,35119,65226]
[13977,36853,38311,51559]
[13981,14729,14749,25949]
[13981,27319,27346,61666]
[13981,60125,60625,65231]
[13984,23504,23569,51194]
[13985,19495,20825,39158]
[13986,21489,22126,26274]
[13987,20125,20335,30415]
[13992,18327,22048,27048]
[13992,29315,32483,58565]
[14000,20776,24115,41225]
[14000,22477,24752,27520]
[14000,31980,52500,57687]
[14000,40352,40450,41225]
[14003,14858,15181,62611]
[14004,48303,61072,64404]
[14007,15386,15543,19089]
[14007,27507,27993,34727]
[14007,33189,33670,53130]
[14016,24264,24601,64824]
[14016,38064,40273,49348]
[14018,21333,22667,39893]
[14025,14679,15405,36115]
[14025,15543,17225,25905]
[14027,26585,30277,42427]
[14035,39169,42506,64090]
[14035,40919,42506,64090]
[14045,31525,39000,61533]
[14053,19877,20294,23491]
[14053,22126,36478,49022]
[14053,30607,41643,58197]
[14058,15246,15871,45771]
[14058,18650,23850,63783]
[14058,27267,46248,54832]
[14061,18241,19647,38913]
[14062,16610,17765,21538]
[14062,19825,19838,54290]
[14063,46287,46737,49194]
[14065,19109,19691,28565]
[14065,23375,25636,41225]
[14066,41266,47827,54834]
[14080,16188,24420,32175]
[14089,15311,16279,23546]
[14089,24521,24528,31073]
[14091,22413,35309,45384]
[14091,24969,27511,37961]
[14092,23036,24717,40833]
[14094,28143,29256,35032]
[14097,19503,21867,22933]
[14099,16269,16659,50616]
[14099,33235,43401,45975]
[14101,28249,30955,62699]
[14101,30251,30955,62699]
[14104,18500,24675,57279]
[14104,29504,33497,39646]
[14105,21607,24395,37975]
[14105,21607,24395,47957]
[14120,17648,20827,38130]
[14122,44482,47357,58643]
[14123,27898,36163,54467]
[14124,17649,20176,62540]
[14127,24973,25857,52353]
[14135,16835,17975,19721]
[14144,16400,22610,36569]
[14144,19320,20281,23944]
[14145,15295,15457,23575]
[14145,22515,23104,64068]
[14147,19581,21525,33810]
[14150,27086,33975,46911]
[14151,17958,19783,45633]
[14152,25160,30073,31450]
[14155,14497,16625,21903]
[14155,16458,17030,23542]
[14155,22325,22363,26075]
[14157,21307,29502,43173]
[14161,17391,17523,18513]
[14161,21875,36125,60445]
[14162,52718,55093,63662]
[14165,23075,25259,45328]
[14167,17081,19592,63008]
[14170,15794,17331,32955]
[14170,17005,19499,32875]
[14174,19475,20126,63650]
[14175,36315,39375,54607]
[14178,22446,23171,38046]
[14179,33891,34803,56463]
[14196,24600,25129,34645]
[14196,26571,27404,39596]
[14197,14806,16406,57878]
[14200,33604,35179,57971]
[14203,15580,16400,40580]
[14203,28347,29087,33157]
[14210,30275,30734,43250]
[14212,21131,21760,24860]
[14213,16643,17629,33086]
[14213,25575,49500,61512]
[14213,31525,34385,58255]
[14219,18762,22656,26712]
[14220,22960,27675,45684]
[14222,19703,19998,28258]
[14223,43407,44733,52417]
[14225,14895,15057,15363]
[14227,17427,17457,22557]
[14227,22477,25139,35152]
[14229,17577,17710,19530]
[14229,17649,22479,49649]
[14229,28341,29419,64356]
[14235,28899,29640,31901]
[14235,43771,56721,61425]
[14238,20038,20057,20893]
[14238,38955,47912,54600]
[14240,38896,40885,57850]
[14241,25641,37471,55986]
[14241,33183,50759,55984]
[14245,15035,15617,19775]
[14245,17917,21667,32800]
[14245,48285,51282,60291]
[14246,23050,25355,44710]
[14248,18323,18707,42997]
[14248,24252,31877,36757]
[14248,40352,42997,47128]
[14252,15616,15677,63116]
[14257,29393,32011,56693]
[14259,14637,14766,14938]
[14260,18032,26068,28175]
[14261,17886,19746,36114]
[14263,15572,16112,53072]
[14264,18208,20083,31864]
[14268,22428,22695,23780]
[14272,18488,18761,29651]
[14272,42848,42849,50244]
[14274,23250,27755,28974]
[14275,27613,27715,48190]
[14280,14560,14875,42874]
[14280,15225,16095,28679]
[14280,15873,16095,23273]
[14280,19065,26112,57664]
[14282,18685,19493,21275]
[14282,27898,32617,61642]
[14287,27734,38038,39334]
[14287,32963,38038,39334]
[14287,32963,56287,61217]
[14288,17312,25427,59972]
[14290,25210,31097,63025]
[14291,30923,33235,41005]
[14297,15943,17677,56173]
[14297,18023,19099,21721]
[14297,31892,32249,41209]
[14297,38503,41905,51272]
[14297,56147,56173,62317]
[14300,18703,25220,36772]
[14300,26543,41860,44000]
[14300,34768,34980,48257]
[14300,40508,40625,43460]
[14304,15096,24505,44104]
[14304,22620,24505,30396]
[14308,15275,18460,36208]
[14308,18452,22173,33077]
[14309,14993,15007,15457]
[14309,16975,17125,19109]
[14309,19459,35301,51301]
[14311,33715,34936,59636]
[14314,20111,23576,51296]
[14317,23123,24403,51953]
[14319,19981,23706,35298]
[14319,40125,40145,62481]
[14322,28942,32067,56322]
[14326,22781,31174,48906]
[14329,15111,18423,28107]
[14329,20825,25721,29575]
[14334,24409,26279,42911]
[14346,30342,31083,33667]
[14350,16798,30955,38898]
[14350,23485,34013,62525]
[14350,30938,30955,59655]
[14351,19825,22035,43149]
[14352,28476,33124,37177]
[14352,33124,33276,47151]
[14352,57684,58305,62725]
[14355,25830,30624,39688]
[14355,27375,27550,34018]
[14356,50964,53019,57036]
[14364,20475,21660,27664]
[14365,16113,23010,37638]
[14365,43055,44525,55699]
[14365,48434,50115,60741]
[14375,14703,17400,36465]
[14375,15655,16377,21375]
[14375,17755,18073,46375]
[14375,26855,29500,44431]
[14375,29845,31125,38763]
[14381,31519,31789,50899]
[14384,16500,17300,29725]
[14384,29968,30268,31841]
[14385,17575,18906,27750]
[14385,28815,29991,48025]
[14391,25857,26818,54366]
[14393,35139,36414,37518]
[14396,29648,32700,46665]
[14399,18361,21244,22631]
[14399,33000,34335,40425]
[14400,25080,28920,51649]
[14400,45552,45625,51870]
[14406,28686,28689,29281]
[14415,20305,24497,56854]
[14416,15840,23409,23850]
[14427,18981,21823,25419]
[14427,18981,21823,49227]
[14427,19227,19923,28205]
[14430,16198,16445,36223]
[14432,15080,15457,18850]
[14432,27032,34771,53482]
[14432,44032,44772,53833]
[14432,56992,59488,61787]
[14439,62361,62569,63591]
[14440,32864,32936,33475]
[14443,18975,20907,34155]
[14443,21021,23829,39996]
[14443,25685,25707,43935]
[14443,32132,32240,33532]
[14444,15544,16169,22747]
[14445,45339,48930,65450]
[14446,40222,46046,54047]
[14448,17680,18320,30073]
[14448,29068,29799,31941]
[14448,29068,31941,46956]
[14450,17978,18685,28747]
[14450,31610,38617,46325]
[14453,23725,24250,31603]
[14454,36162,38763,45571]
[14455,19425,19647,37170]
[14456,31161,31304,32096]
[14460,23200,31089,39300]
[14463,19053,25912,28428]
[14467,28975,29750,47730]
[14469,20859,37219,50141]
[14469,23569,24804,27084]
[14469,29106,30459,44891]
[14471,33319,34307,42173]
[14476,21164,25925,26455]
[14491,32795,39455,41205]
[14497,18655,28275,58097]
[14497,20230,20503,21097]
[14497,20230,21097,64855]
[14497,26047,26657,57988]
[14500,14893,22480,26660]
[14500,21472,22803,40260]
[14500,24735,27775,32759]
[14504,38164,38541,51359]
[14504,43456,46331,50246]
[14515,21235,22515,26289]
[14516,15589,21964,24016]
[14518,16575,16905,18207]
[14518,17675,19190,20230]
[14521,19404,21996,40212]
[14522,29302,30263,44662]
[14524,18236,18281,18756]
[14525,22050,33390,54126]
[14525,26394,26406,37350]
[14526,37422,41426,64449]
[14529,21564,22359,23009]
[14535,20787,21437,36285]
[14535,21945,21983,47175]
[14535,27507,29410,39750]
[14535,33887,34713,35910]
[14536,41464,42586,53345]
[14541,21730,22509,43725]
[14541,32364,33901,40299]
[14547,15903,17711,54097]
[14550,20842,21395,62345]
[14550,20842,27585,38250]
[14553,16359,17391,41041]
[14553,26180,29953,45305]
[14560,15572,22403,51935]
[14560,17080,19825,24766]
[14560,20200,33125,39208]
[14560,21000,22815,26334]
[14562,27666,30691,52041]
[14569,17281,19711,34561]
[14570,19630,19975,38399]
[14573,35917,37453,57928]
[14575,15279,16695,63954]
[14575,16456,18656,19720]
[14575,19097,19175,24295]
[14575,19097,19175,25753]
[14575,19097,24295,25753]
[14575,19823,25355,33077]
[14575,30855,32625,63954]
[14575,32017,52305,58883]
[14577,15652,17028,17628]
[14577,16975,17250,44823]
[14577,22287,31025,43505]
[14577,24111,25086,27473]
[14582,15847,16031,16801]
[14586,15125,17680,35464]
[14592,22368,24217,38868]
[14596,18304,19844,33319]
[14596,25724,28036,40139]
[14596,33284,33319,33956]
[14596,33284,58972,63437]
[14601,18889,19019,33419]
[14602,15873,17082,33078]
[14603,27257,27368,30772]
[14605,17835,29203,51086]
[14605,23125,26604,49395]
[14612,20500,21300,54795]
[14615,15805,16169,29975]
[14615,17450,17464,19760]
[14616,15284,15921,34389]
[14616,16800,17425,24360]
[14616,29155,37184,45400]
[14620,25420,30749,38425]
[14625,17523,18995,40845]
[14625,25569,27935,43125]
[14630,27625,48650,52598]
[14637,15022,15283,29267]
[14637,16625,29050,34850]
[14637,17388,18768,41492]
[14637,17640,18088,24600]
[14637,17875,18037,54325]
[14637,21360,23763,42485]
[14637,22253,23001,29799]
[14637,34888,44352,57528]
[14637,41340,52275,54325]
[14640,25344,26169,30250]
[14645,31115,34104,34643]
[14645,33235,33368,34196]
[14645,33235,33368,42925]
[14645,33235,34196,42925]
[14651,28749,31941,55611]
[14656,17204,18377,21068]
[14658,21042,26873,36418]
[14658,21917,25128,31512]
[14661,17514,20634,26666]
[14673,21658,23944,51376]
[14677,35989,38386,40339]
[14678,17263,18649,43289]
[14678,36478,36805,42547]
[14679,14847,14921,37047]
[14681,15167,15370,65095]
[14681,34891,39886,50414]
[14682,24678,25498,49327]
[14685,39845,40050,60099]
[14690,25330,25675,26894]
[14692,21608,22557,33057]
[14701,17429,18483,22172]
[14701,25493,35668,43676]
[14703,15523,17238,63438]
[14703,15922,19422,24882]
[14703,20079,27521,49179]
[14703,23922,24128,50856]
[14703,25553,27209,43378]
[14703,26673,27202,41327]
[14703,28497,29003,42159]
[14703,29340,30160,37572]
[14705,19229,21279,40545]
[14705,19875,21279,40545]
[14705,32550,33048,64920]
[14707,22253,24332,41747]
[14715,27261,36814,44850]
[14715,35010,36814,44850]
[14719,23305,29930,32769]
[14719,46463,46487,55969]
[14725,16280,18400,29848]
[14734,22525,27560,34000]
[14734,23941,24016,55840]
[14735,17649,24975,59625]
[14735,25360,32015,42521]
[14737,20449,24938,29474]
[14739,16531,16796,43571]
[14748,24472,26461,48509]
[14749,27839,29283,34013]
[14750,17261,19475,23155]
[14751,36801,37697,41151]
[14751,42471,42614,62361]
[14756,15744,17391,45756]
[14756,16380,17500,18005]
[14756,23016,25619,39109]
[14758,39527,41078,48778]
[14760,24435,27048,36200]
[14763,23275,23310,31635]
[14763,25493,27797,34447]
[14763,26775,29512,37740]
[14763,37050,37240,43680]
[14775,23322,24495,58903]
[14775,26289,28000,43340]
[14784,15476,22260,31605]
[14784,22344,24045,54385]
[14785,26945,35187,62097]
[14796,48057,52432,57804]
[14800,18328,18335,22570]
[14800,20460,22836,40425]
[14807,21306,27081,33969]
[14807,25783,29783,47658]
[14807,31857,36777,49062]
[14809,24871,25559,35621]
[14817,21243,22213,48837]
[14819,16093,16107,16668]
[14819,16675,17885,53795]
[14819,17556,19488,27156]
[14819,31119,32226,44586]
[14819,33196,34277,42267]
[14819,33669,36859,60421]
[14820,15048,15555,26923]
[14820,25600,25929,58500]
[14820,28860,29103,48100]
[14823,41181,41331,61427]
[14824,27251,31144,52456]
[14824,52451,52456,59296]
[14825,22017,33208,39935]
[14826,20502,30351,47302]
[14832,30668,45108,56457]
[14837,17013,17797,21253]
[14841,16359,16646,23086]
[14841,16359,16646,29561]
[14841,16359,23086,29561]
[14841,22009,24921,45711]
[14841,22791,23001,36569]
[14841,29319,29561,32689]
[14841,45450,45465,60095]
[14858,20254,21717,23433]
[14858,20254,23433,39729]
[14861,21049,22407,23353]
[14861,23411,23779,26999]
[14861,29029,31668,50373]
[14871,30601,35101,45629]
[14872,40352,40898,43747]
[14875,15392,15725,21125]
[14875,22939,23450,39875]
[14875,25571,28100,37604]
[14875,29211,32025,42075]
[14877,15598,16443,24003]
[14878,15130,15397,15725]
[14880,21840,22083,22100]
[14883,25123,25953,34803]
[14885,15715,15718,16259]
[14885,32110,33488,45800]
[14885,55205,55689,58825]
[14892,15600,15860,23725]
[14893,18547,22607,47953]
[14893,38675,38743,40745]
[14893,39917,47806,53371]
[14895,17865,30358,35526]
[14904,35496,36579,53546]
[14906,24650,24795,26355]
[14909,15875,17765,21925]
[14909,28939,29612,35957]
[14911,18761,21567,23214]
[14911,39999,42419,52481]
[14920,17125,29467,38125]
[14924,15631,16588,23408]
[14924,26199,33696,42804]
[14924,27321,31668,62448]
[14924,47824,48251,53300]
[14926,27599,27601,35375]
[14927,22698,23377,62023]
[14927,41423,55913,59433]
[14928,15080,15225,15795]
[14933,22187,22577,54427]
[14935,17175,19875,35037]
[14938,20825,24038,30070]
[14938,33825,36375,39105]
[14942,18183,21183,32103]
[14943,15912,19432,42432]
[14943,17485,22610,35282]
[14943,19833,21682,36057]
[14943,24225,24905,44225]
[14945,26887,37088,62713]
[14946,15651,15688,32712]
[14946,29422,48222,50721]
[14948,21500,21715,44548]
[14950,15587,15675,48763]
[14950,21275,22496,23000]
[14953,25897,38185,45353]
[14960,36465,36569,60775]
[14965,29915,29925,42267]
[14965,46690,47075,58261]
[14972,15903,19228,34672]
[14972,34160,34447,39900]
[14973,18377,18423,41481]
[14977,16263,18343,24668]
[14979,34554,34944,39944]
[14980,18625,25628,38480]
[14980,39360,50225,53284]
[14988,24228,24613,33853]
[14989,35105,35875,40355]
[14993,16813,16946,20294]
[14993,23273,45617,48433]
[14994,30843,32232,38144]
[15000,16960,16974,29415]
[15004,32021,32736,57536]
[15005,37795,38819,63025]
[15006,17906,17934,59409]
[15007,16799,16951,54793]
[15007,25173,32908,54608]
[15008,35224,37433,39917]
[15015,19350,19360,26312]
[15015,19943,20735,22015]
[15015,21465,23425,59943]
[15015,24505,24843,45675]
[15021,16659,21983,38847]
[15021,24915,41725,48729]
[15023,23213,24582,62818]
[15028,18880,19747,25300]
[15028,39215,40300,42160]
[15029,16030,16046,34350]
[15029,17101,18221,26524]
[15029,21079,21755,38779]
[15029,36271,43624,58716]
[15035,25620,25925,47821]
[15038,15587,16133,21443]
[15041,15304,17217,24297]
[15041,19159,30527,43316]
[15041,21359,24721,31889]
[15041,28747,33553,56303]
[15045,21068,21093,51525]
[15049,19172,20503,33551]
[15050,22057,22218,42550]
[15051,23664,25085,46155]
[15051,46998,49776,65048]
[15052,20288,20291,37679]
[15054,37375,43425,50505]
[15056,37513,40463,44969]
[15057,41118,42097,60753]
[15059,18421,24307,47138]
[15059,38841,40392,49284]
[15064,18816,20223,20982]
[15067,20242,20293,49907]
[15075,19401,26125,30451]
[15075,21725,28853,53515]
[15075,28605,28829,47926]
[15080,22072,22330,33553]
[15084,49776,50779,50996]
[15085,15695,15841,25375]
[15093,27873,32433,59983]
[15105,18360,34656,49400]
[15105,20425,20511,49020]
[15105,24605,30846,63270]
[15105,29350,29520,39432]
[15106,17347,22078,24206]
[15109,16184,16672,20416]
[15109,54961,55226,58174]
[15111,23851,30889,52649]
[15111,35061,35513,44039]
[15113,23780,26912,47888]
[15120,18375,20224,33600]
[15125,20519,21356,36800]
[15130,15355,15397,15725]
[15130,17875,18005,19669]
[15130,19190,19619,60517]
[15130,19190,21850,32623]
[15132,43875,45885,56357]
[15133,31837,32227,42127]
[15133,41693,51943,57117]
[15136,16184,16577,19448]
[15142,18122,25789,49946]
[15145,18007,18407,22425]
[15145,21801,22425,52125]
[15145,21801,28899,52125]
[15147,15444,15456,43472]
[15151,15249,15369,21879]
[15155,30170,44250,58842]
[15155,41005,42067,44250]
[15169,17951,18113,37272]
[15169,29785,30535,36281]
[15169,32351,34081,35024]
[15169,34969,35836,36839]
[15170,16150,16169,19475]
[15170,16150,16169,40375]
[15170,17170,20705,25789]
[15170,17170,25789,38830]
[15170,24242,29233,35650]
[15175,24415,24426,33666]
[15176,26481,27144,61824]
[15180,15707,15820,26732]
[15180,23345,23700,24012]
[15183,20300,24592,26320]
[15183,30927,36121,40729]
[15183,36297,39482,57318]
[15184,33216,34404,37011]
[15184,53416,53801,59774]
[15191,25201,33143,38668]
[15197,19805,20125,21203]
[15201,31209,32873,57833]
[15202,33418,36707,42827]
[15204,46620,46879,54300]
[15207,15929,16029,36093]
[15207,16572,18084,22096]
[15207,31609,32907,33291]
[15210,25050,26026,29625]
[15211,17081,18071,28521]
[15211,19054,25859,38909]
[15211,19943,24857,43993]
[15211,30589,38531,38909]
[15211,36386,38909,46781]
[15211,36757,36811,40139]
[15216,25425,27120,44800]
[15221,23051,23086,35189]
[15222,21606,22081,26331]
[15224,17536,21293,25208]
[15225,15455,15750,17703]
[15225,20195,20772,22680]
[15225,22855,40513,53375]
[15228,17472,19588,20787]
[15228,24328,26677,57133]
[15229,22204,38308,57668]
[15230,37555,39059,41875]
[15235,16643,17765,28925]
[15235,22606,22781,24475]
[15238,20474,21962,31637]
[15244,23421,23668,57868]
[15249,15876,16464,33124]
[15249,33201,41905,46001]
[15250,30895,37888,40520]
[15252,17352,22413,29233]
[15252,32500,33300,36777]
[15255,21705,22475,27029]
[15255,22185,22475,29493]
[15257,17363,17447,19303]
[15260,45500,48749,54500]
[15265,22849,24101,30149]
[15270,39250,40211,41975]
[15270,41205,41738,46246]
[15275,18473,19877,38875]
[15275,20783,21242,29690]
[15275,34635,59865,62343]
[15281,16271,16403,19633]
[15281,16975,17169,51625]
[15281,32536,33497,52633]
[15283,15587,16371,19981]
[15283,15717,16182,19227]
[15283,18377,18972,40672]
[15283,21518,22163,55187]
[15283,29003,29682,33843]
[15283,29267,37961,42217]
[15283,37133,38007,41527]
[15290,29665,45719,62335]
[15295,17465,17504,19052]
[15300,21352,35325,52785]
[15300,22776,29665,40515]
[15300,23739,25440,42460]
[15301,25359,27071,41921]
[15311,23200,23375,26535]
[15312,19372,19437,27753]
[15312,19720,20213,36530]
[15312,21672,26187,53578]
[15312,22592,24273,27948]
[15314,42514,43043,50414]
[15317,15857,16184,41804]
[15317,17025,17967,20655]
[15317,17515,17967,32725]
[15317,23491,24284,35984]
[15317,25899,26010,57645]
[15318,37830,46657,53625]
[15327,16548,17472,60452]
[15333,33988,34277,63877]
[15333,37467,41583,48689]
[15333,37467,48689,63717]
[15333,50425,51270,60510]
[15334,27209,37961,41041]
[15334,30914,37961,41041]
[15337,15785,17215,30800]
[15343,42253,47027,64077]
[15343,42253,48739,59549]
[15351,48375,48399,56975]
[15366,16554,21883,53803]
[15368,28193,28928,34808]
[15369,26825,41819,61915]
[15369,31671,38399,48974]
[15370,32890,35563,39875]
[15371,17459,18733,55012]
[15372,22995,23028,25228]
[15372,24668,29997,55503]
[15375,15810,16728,19000]
[15375,16497,17825,18655]
[15375,18183,23370,31217]
[15375,22908,40580,49692]
[15375,24021,24335,39729]
[15375,29046,29110,36550]
[15375,30176,30225,38745]
[15375,31581,31710,59450]
[15375,39897,39975,64985]
[15379,18349,19097,44857]
[15379,18349,22912,36763]
[15379,20202,20979,56277]
[15381,23133,24981,30844]
[15381,38019,39307,43608]
[15384,16791,16984,20512]
[15385,15925,25925,37829]
[15386,17050,17375,20586]
[15392,20280,28083,49608]
[15392,24592,25493,28652]
[15397,36673,37202,49478]
[15399,19662,19888,30624]
[15399,19662,20001,29087]
[15400,18080,19775,30562]
[15400,30160,45617,52250]
[15405,18655,18942,40950]
[15407,17862,18888,43968]
[15410,36515,38525,42619]
[15412,25123,25213,38877]
[15412,25123,26971,40061]
[15421,20003,21571,49646]
[15424,19604,21580,34945]
[15428,28847,36772,47684]
[15433,15916,16608,50508]
[15433,18722,18914,30866]
[15433,18722,18914,46046]
[15433,21233,22448,28727]
[15433,22997,23851,31211]
[15433,32591,37634,39767]
[15440,20280,24897,36582]
[15440,29440,29737,31310]
[15444,58179,59444,59696]
[15447,16354,16497,32079]
[15453,18315,18685,19203]
[15455,19825,21918,49750]
[15456,23000,24150,57645]
[15456,34000,34845,62100]
[15457,15925,15950,17030]
[15457,29913,47705,58630]
[15457,31073,32617,63017]
[15457,32747,34481,50609]
[15457,52186,52993,53911]
[15470,16390,19817,20111]
[15470,18879,18975,48321]
[15476,16276,16589,30316]
[15476,38480,46355,50324]
[15477,25740,27115,28925]
[15481,17119,17176,23161]
[15481,24769,37538,49494]
[15481,25973,42827,50827]
[15483,15867,16107,16277]
[15484,19111,22361,32889]
[15496,24225,24905,32929]
[15498,23607,31626,35014]
[15500,15824,17300,19145]
[15500,18016,24875,29465]
[15500,19392,22725,37740]
[15515,28815,29375,31553]
[15523,24244,24805,49115]
[15526,23275,23875,60995]
[15529,19201,24486,28714]
[15529,28823,29725,54205]
[15531,38665,39294,52710]
[15532,27648,28532,38477]
[15535,25041,28215,42159]
[15539,33557,34357,47307]
[15540,22344,24531,28231]
[15543,32742,32791,39369]
[15548,19823,23972,30432]
[15548,22127,22672,37468]
[15549,31901,31977,37449]
[15553,16568,20928,41568]
[15555,30843,40443,45445]
[15555,55626,55930,61174]
[15561,18561,18564,24479]
[15561,19314,22386,39886]
[15561,20685,20739,29315]
[15561,21777,30039,32452]
[15564,55584,55892,61953]
[15565,26862,28363,48587]
[15570,42250,48375,60723]
[15570,48230,48375,60723]
[15572,16720,18700,62975]
[15572,17552,18091,33524]
[15575,19931,20470,31470]
[15575,28000,28800,59808]
[15577,20855,21050,26270]
[15580,16379,23821,24955]
[15580,24625,25625,51023]
[15580,26605,28796,32800]
[15587,18469,19838,22781]
[15587,25622,28667,48067]
[15587,53317,53846,57629]
[15589,21371,22316,24016]
[15589,21556,50720,62900]
[15594,20286,20923,34937]
[15597,27693,28779,29461]
[15600,16320,16441,17680]
[15600,16320,16441,26000]
[15600,18624,18625,23280]
[15600,19080,26871,31330]
[15600,19488,26535,29290]
[15600,19548,22477,35295]
[15600,19947,21120,22672]
[15600,23936,35600,39065]
[15600,28304,28340,55205]
[15602,21182,23941,44414]
[15602,30654,31473,34371]
[15603,28077,28103,52647]
[15610,24255,24521,57353]
[15613,22781,22819,48469]
[15613,31174,31226,32774]
[15613,31363,31483,51643]
[15617,26367,37521,54417]
[15622,24411,24600,53160]
[15623,18073,20677,41509]
[15625,19135,20114,29375]
[15631,18018,19656,22968]
[15631,19334,19352,44192]
[15632,16192,17296,22471]
[15635,18113,32963,46787]
[15635,20995,23426,32050]
[15635,28365,28767,32385]
[15635,29203,34397,59885]
[15640,21800,28762,46325]
[15645,36900,37520,47068]
[15650,19005,19875,48411]
[15652,16975,21340,41860]
[15652,21903,22512,42912]
[15652,23975,25760,35620]
[15657,17871,19721,48732]
[15660,18564,18785,36975]
[15660,18768,18785,43732]
[15663,22033,25491,41199]
[15665,27230,28258,34450]
[15666,26838,28609,48941]
[15675,21197,21222,23205]
[15675,36839,37125,50235]
[15675,36839,37125,55611]
[15675,36839,50235,55611]
[15677,34307,36764,52171]
[15678,18530,29575,36703]
[15680,39440,49300,61049]
[15687,43911,44239,59262]
[15688,25397,28885,64075]
[15688,50280,50562,59163]
[15691,17141,17629,25571]
[15691,17141,18239,33439]
[15691,25779,25844,46931]
[15695,24625,24673,25375]
[15696,22713,26329,55263]
[15700,20336,25460,32185]
[15700,36975,40977,45135]
[15703,29783,29899,33031]
[15705,17575,17577,41625]
[15707,21275,21357,39405]
[15708,21000,32045,44625]
[15715,28035,40410,56646]
[15717,22683,24843,52927]
[15718,18778,21402,37327]
[15721,20329,28681,42761]
[15722,21473,21527,30847]
[15725,16558,19085,59755]
[15725,24370,32875,41429]
[15725,26894,46750,59890]
[15725,27142,29165,46805]
[15725,31059,31635,57375]
[15725,43981,44319,63745]
[15730,33293,37518,49250]
[15735,24780,24800,54548]
[15741,18837,19734,30613]
[15741,22440,22525,47685]
[15743,25012,26988,43632]
[15743,25544,25760,48440]
[15744,26224,31857,32643]
[15747,25988,26064,51684]
[15756,35329,38112,43632]
[15760,39680,40409,40976]
[15763,28013,28237,30822]
[15768,17433,17721,19519]
[15776,28712,32338,49051]
[15781,42277,54444,57181]
[15785,24794,31119,60375]
[15785,30625,44073,60375]
[15792,31772,32571,44541]
[15792,31772,44541,51324]
[15794,36181,39538,53342]
[15795,16677,24795,50830]
[15799,16385,16724,55400]
[15800,28244,35625,48069]
[15810,18105,19074,35266]
[15810,19485,29928,58888]
[15826,20350,21230,34595]
[15827,24947,25327,31697]
[15827,31603,35853,57798]
[15836,17824,21723,30172]
[15839,20769,25921,58121]
[15839,41736,43136,55648]
[15841,18647,21697,42559]
[15841,23374,26071,27521]
[15844,17069,17776,48464]
[15846,18601,18639,26289]
[15847,22763,22839,27209]
[15847,28175,29625,54855]
[15848,21329,29521,41273]
[15851,20801,20971,32021]
[15851,34251,34711,53111]
[15853,26052,26059,36661]
[15857,18496,19057,42521]
[15873,29971,35802,57054]
[15875,27350,27370,36566]
[15876,24480,24525,28645]
[15878,24950,25625,35530]
[15894,25254,47107,53802]
[15895,17225,18020,48841]
[15895,18325,18550,24922]
[15895,18325,20825,60839]
[15895,24065,26588,33056]
[15897,18564,19072,27664]
[15897,18603,21147,37093]
[15900,18684,20125,31620]
[15900,28704,32775,41860]
[15900,30192,35105,54908]
[15903,21378,35743,47337]
[15906,21406,30366,43659]
[15908,27608,27839,36533]
[15910,16850,18437,18535]
[15912,22863,23392,60968]
[15912,24975,27495,53465]
[15915,18261,18561,50725]
[15916,21640,23009,23485]
[15921,24570,28600,51504]
[15925,18179,21021,31005]
[15925,28938,31005,34485]
[15925,28938,34485,42315]
[15925,47670,47920,48776]
[15928,20072,20553,23218]
[15931,32689,33221,49979]
[15933,25283,25317,33885]
[15939,22099,23828,46552]
[15939,22950,30555,52675]
[15939,28899,32706,50531]
[15941,19451,21629,57021]
[15941,57171,57684,64704]
[15943,16817,19700,52460]
[15949,17301,21006,36051]
[15949,36684,36757,63253]
[15950,21670,25375,62843]
[15950,33086,33785,52930]
[15950,39886,43586,59015]
[15951,30051,37219,41181]
[15953,18103,18232,22313]
[15953,18991,23359,51547]
[15953,23548,25201,35119]
[15953,29785,45103,49910]
[15953,33908,34132,41168]
[15960,18360,18850,22849]
[15965,28835,34456,52925]
[15975,42925,43430,51106]
[15977,24041,28459,35641]
[15979,20501,20539,24389]
[15985,31717,32683,34475]
[15987,37875,38885,53363]
[15989,18164,19389,22653]
[15993,33507,33763,35037]
[15998,27122,27365,53630]
[16000,32720,35894,47423]
[16005,33285,40061,59325]
[16011,29736,37056,52184]
[16013,17267,18483,19737]
[16013,21087,21197,52877]
[16016,24717,25584,48384]
[16017,29233,35283,48051]
[16019,17531,17756,29467]
[16020,17952,26700,41225]
[16020,24297,29103,41225]
[16023,28548,29212,36192]
[16025,18590,20512,26000]
[16031,16801,17219,22301]
[16031,18124,29716,53584]
[16031,32767,35683,52931]
[16036,16400,16725,17089]
[16039,22841,29757,44387]
[16042,25358,34765,50267]
[16043,19669,21593,42757]
[16043,34475,55693,60085]
[16050,41805,43486,46450]
[16051,29735,36390,46950]
[16060,39639,43440,53436]
[16064,18971,19067,20453]
[16065,23130,39984,57568]
[16065,24255,27839,36951]
[16066,28302,32409,42498]
[16066,29309,29362,30334]
[16066,34075,37555,43955]
[16066,34075,41550,50750]
[16066,35722,40103,47647]
[16071,26939,32263,60473]
[16072,18200,18250,18655]
[16072,36092,40439,52849]
[16075,18421,20905,22795]
[16077,43605,44270,54150]
[16080,25740,30225,42484]
[16089,17329,17391,20241]
[16093,22517,22736,32956]
[16095,18849,28675,37149]
[16095,22035,23142,38194]
[16095,38025,38194,38850]
[16096,17168,17179,57868]
[16100,16399,16400,19780]
[16100,62128,62340,65125]
[16104,19800,20130,35425]
[16104,26400,26840,60625]
[16104,35360,35425,60146]
[16104,50320,53550,61305]
[16112,20995,22525,54587]
[16112,26000,29055,63600]
[16112,30464,32300,55385]
[16116,16259,16592,43052]
[16123,17285,17525,38027]
[16124,16799,17584,34684]
[16125,47619,52325,64995]
[16128,20272,31257,45612]
[16132,17139,17168,50432]
[16133,17537,19019,55499]
[16133,18706,22192,38792]
[16133,19517,30212,34237]
[16133,21443,42211,57086]
[16133,21883,32963,38012]
[16133,26875,28475,61685]
[16133,30459,31941,63291]
[16133,30459,43641,63291]
[16133,38947,41021,41756]
[16133,39237,45617,65263]
[16150,26250,26775,28371]
[16151,20501,20569,29479]
[16151,33701,34279,45031]
[16154,18125,24650,62646]
[16154,28709,32219,64069]
[16154,56810,56854,64025]
[16159,23125,26555,41275]
[16159,23265,23391,32175]
[16159,23585,25175,51415]
[16159,26015,32175,61359]
[16164,56539,56736,57564]
[16165,21275,22525,42883]
[16169,18239,18278,26657]
[16169,23377,25802,64106]
[16173,46098,46357,47253]
[16175,24505,24625,30914]
[16176,18624,18914,32689]
[16176,18624,32689,37114]
[16182,23858,29187,39987]
[16182,40382,45423,47763]
[16184,20801,25559,55199]
[16184,21607,24416,39032]
[16188,32283,32452,56848]
[16191,40866,41054,64414]
[16206,29406,29419,30130]
[16209,18708,19092,28816]
[16213,21825,22450,52438]
[16213,26069,26419,29156]
[16214,22451,29078,63382]
[16215,22936,24111,40239]
[16224,20664,21320,30865]
[16224,34176,37024,44785]
[16225,17823,25135,30305]
[16226,26274,31689,37149]
[16227,26937,27018,49282]
[16235,38890,39235,50557]
[16236,29172,31980,38335]
[16236,40365,40885,46125]
[16240,21200,30740,42809]
[16240,23800,24161,34510]
[16240,26624,30576,48825]
[16240,30316,30740,42809]
[16241,17799,28408,46417]
[16241,21489,34866,46761]
[16245,20330,23850,33174]
[16250,24150,28875,32634]
[16250,52906,53370,63375]
[16252,25976,31501,34049]
[16260,26055,44004,61024]
[16261,19740,28260,33936]
[16261,20677,24035,36445]
[16261,21125,21311,31265]
[16261,21125,24475,29795]
[16261,24679,26866,65366]
[16263,23787,24668,36108]
[16264,31916,31959,53889]
[16265,17080,20984,33464]
[16269,17700,18480,19844]
[16269,24186,24563,56947]
[16269,28594,35496,50616]
[16269,33286,35496,43296]
[16269,44275,44835,58905]
[16275,20677,24795,43152]
[16275,39298,40845,49323]
[16280,20440,21608,24929]
[16280,24024,29800,34595]
[16281,39655,43831,53981]
[16283,28237,29138,36158]
[16288,37064,41738,53537]
[16295,35385,47047,49784]
[16296,18343,19304,52768]
[16297,24667,25256,61916]
[16298,16742,17703,25578]
[16303,17572,26588,29072]
[16303,17797,17810,51578]
[16303,20956,21372,32944]
[16303,27572,29072,33428]
[16305,27375,27921,38750]
[16317,16625,16650,17010]
[16321,18939,18966,27366]
[16325,27579,28565,58645]
[16328,28560,34697,50650]
[16330,16835,17000,24272]
[16335,35409,41325,63085]
[16335,38070,40984,64296]
[16336,52208,53092,53889]
[16343,39593,44863,58088]
[16348,28928,29039,64571]
[16353,18847,25263,31563]
[16353,24072,36937,44407]
[16354,26054,37791,44659]
[16368,21080,21170,21607]
[16375,17673,17727,30825]
[16375,36023,39095,58123]
[16377,16852,18868,47632]
[16379,31141,31269,32219]
[16380,17808,17967,19292]
[16380,29376,32625,53924]
[16385,19570,20792,23200]
[16385,33215,34025,42601]
[16388,20987,20988,29820]
[16388,25488,26857,28133]
[16388,25696,25787,27812]
[16390,16825,17985,22209]
[16390,18161,20111,35015]
[16393,20878,24674,48434]
[16393,24115,24857,44135]
[16393,25271,44954,46657]
[16393,53215,53375,62582]
[16399,26864,33511,47399]
[16399,36881,37066,47759]
[16400,23528,23530,35465]
[16400,29120,39729,44850]
[16401,32391,32879,57596]
[16403,24827,27284,51704]
[16403,28525,32375,64253]
[16403,34151,35126,42578]
[16405,19285,33003,35625]
[16405,23125,24125,36733]
[16405,31155,32742,40530]
[16405,50285,51531,58293]
[16408,26792,28714,31717]
[16408,35867,60256,64792]
[16409,22759,27169,43449]
[16422,19822,22253,31801]
[16425,16881,18250,20055]
[16425,18921,23579,24645]
[16425,23055,23287,43500]
[16425,25527,31595,43435]
[16428,17632,22572,48507]
[16428,23128,24833,58867]
[16430,20425,20919,28823]
[16430,20902,21123,28823]
[16432,24748,45461,63956]
[16439,21879,22523,46903]
[16441,17849,19721,31579]
[16441,18759,19721,55739]
[16441,37177,38095,51865]
[16445,20995,21125,34117]
[16445,36335,38771,54899]
[16448,34808,35266,39721]
[16450,17958,22995,30135]
[16452,18648,21027,38473]
[16454,21571,22629,54245]
[16456,25619,25864,28424]
[16456,25619,25864,48224]
[16465,18031,19669,20075]
[16465,20525,44500,51948]
[16465,25661,25715,26611]
[16465,32243,32782,50910]
[16468,18448,18833,31217]
[16470,19650,19951,22875]
[16471,30277,42196,49504]
[16473,17649,18870,45050]
[16473,29785,30073,53465]
[16478,21538,24717,43442]
[16478,36946,40222,56079]
[16482,42398,42893,43102]
[16485,17563,22765,62725]
[16498,21518,24433,55042]
[16498,34775,36640,37960]
[16500,16687,16775,30545]
[16500,25620,33428,48327]
[16502,31777,32232,54072]
[16511,22451,31603,47437]
[16513,20513,20557,27667]
[16523,17225,20923,58565]
[16523,18325,18327,21385]
[16524,19749,19856,26796]
[16531,20869,22509,24941]
[16536,19936,27145,37736]
[16536,27200,27825,60840]
[16539,19836,20764,27232]
[16539,21733,22311,39783]
[16543,24257,27637,57877]
[16548,50673,50692,59888]
[16554,21350,22250,22795]
[16555,34320,46813,52195]
[16560,20300,20925,42804]
[16562,22862,23998,50197]
[16564,19303,19897,27839]
[16569,20391,20413,35203]
[16572,17559,17728,18084]
[16575,17985,19019,23375]
[16575,20447,25155,38403]
[16575,27999,33855,37825]
[16577,20152,20672,36168]
[16577,20152,28897,52193]
[16577,26488,27423,35137]
[16579,21571,42957,44679]
[16583,17703,22059,27819]
[16583,19783,19918,36593]
[16583,29739,31467,40917]
[16585,23735,23875,28359]
[16587,25461,28413,40061]
[16587,33813,43095,55913]
[16587,36075,43095,56375]
[16587,55275,55913,56375]
[16588,33539,36588,45936]
[16589,20855,24089,30361]
[16591,32431,33839,39889]
[16592,22020,22692,26367]
[16592,25608,26367,48015]
[16598,17170,17177,20705]
[16604,27715,27840,37596]
[16609,33728,41472,62528]
[16613,35632,40147,48403]
[16623,38502,38824,46552]
[16625,17435,17600,27896]
[16625,20335,26250,39153]
[16625,27133,28340,49760]
[16625,27573,27777,30975]
[16625,27727,29125,42245]
[16625,47918,55055,64505]
[16625,48143,50615,60625]
[16627,19475,20377,25415]
[16629,25296,42416,62016]
[16632,19635,21675,57365]
[16632,24843,25080,32032]
[16641,19941,23791,32657]
[16643,17917,20387,59888]
[16643,17917,21689,26611]
[16643,19393,21648,23852]
[16643,22250,24475,57893]
[16644,20400,24565,54020]
[16646,33425,38570,58630]
[16646,37975,38570,58630]
[16653,30733,33507,49257]
[16653,40365,42303,43615]
[16659,19209,20894,48126]
[16660,40992,42175,42517]
[16660,41860,42175,61181]
[16666,20329,23834,52954]
[16675,17437,17885,53795]
[16675,22525,31625,35351]
[16675,24541,26675,36685]
[16675,42833,43183,55825]
[16684,17391,19788,20916]
[16687,19300,20305,38663]
[16687,27887,28567,41932]
[16687,37603,47804,63076]
[16688,19964,20615,37355]
[16688,24100,24287,37355]
[16688,24100,28220,32035]
[16691,18203,18278,23653]
[16692,18648,19789,23569]
[16695,36975,39759,54961]
[16698,18414,19877,25273]
[16700,20272,22625,24380]
[16700,29489,31439,55375]
[16701,17724,19236,32816]
[16701,34749,38571,52154]
[16702,23998,27950,36023]
[16704,31800,32045,46110]
[16717,52275,53815,56867]
[16720,17556,17575,23375]
[16721,23858,24529,25871]
[16724,40736,41633,55387]
[16728,39072,43297,51578]
[16731,18981,19019,23199]
[16731,19074,19266,34034]
[16731,21519,21576,37856]
[16732,29237,40612,54112]
[16732,35432,36053,41297]
[16744,17600,18850,28625]
[16744,20128,26381,41078]
[16744,22575,28625,60431]
[16746,23214,25737,33907]
[16753,31887,35383,53167]
[16769,18601,20041,32841]
[16769,24244,26912,48256]
[16769,29783,35583,48256]
[16775,16860,17616,31140]
[16775,17945,18139,24827]
[16775,19435,19648,49364]
[16775,23345,23375,36047]
[16775,33337,35563,46805]
[16776,33408,40542,42401]
[16777,30583,31297,39578]
[16778,42578,54027,63867]
[16779,18204,18352,22304]
[16779,21996,22525,23171]
[16779,21996,22525,23829]
[16779,33271,36729,65529]
[16779,46060,49021,64829]
[16781,23693,25085,40255]
[16784,37116,37259,38663]
[16784,44749,44821,63829]
[16785,38865,38875,40337]
[16791,22857,26441,31432]
[16791,26775,30885,36091]
[16796,32504,34099,48841]
[16797,25178,32067,45627]
[16799,21281,22451,29281]
[16800,30940,32929,46375]
[16800,31080,32929,51800]
[16800,36792,37960,46375]
[16800,49416,50440,58825]
[16801,20824,28568,48224]
[16801,21076,21556,55756]
[16801,45151,47329,59731]
[16803,23453,25757,36487]
[16804,17587,27413,54613]
[16806,24534,35409,43306]
[16810,21690,29315,39319]
[16810,26282,31693,43690]
[16813,19475,25415,33005]
[16813,20188,20672,45188]
[16815,26319,28981,56181]
[16819,19924,33109,35309]
[16821,28203,28747,52122]
[16822,34658,37843,58957]
[16825,26169,30285,50445]
[16825,27213,30285,50445]
[16832,19040,20043,25800]
[16835,19075,20165,21253]
[16835,19075,20165,43771]
[16835,19075,21253,43771]
[16835,19229,19721,51415]
[16835,23919,24381,49725]
[16835,24395,25789,63427]
[16835,28765,35113,56201]
[16835,28925,33575,42809]
[16837,23532,23564,23956]
[16837,37789,47912,55037]
[16856,21784,28034,38591]
[16856,42749,46624,48856]
[16861,41053,42997,47989]
[16864,23836,38361,45333]
[16864,25500,27900,30039]
[16872,21009,21016,57216]
[16872,27753,28072,39072]
[16872,34029,36328,39072]
[16873,19294,22802,36194]
[16874,29998,31349,53351]
[16881,26825,32215,38570]
[16887,24287,24447,29502]
[16891,40166,41190,53466]
[16892,25883,25957,39277]
[16898,26167,29648,58208]
[16900,30940,31061,43940]
[16900,36736,41405,63140]
[16900,37392,41340,46275]
[16905,20295,24108,24500]
[16905,32375,33327,63825]
[16906,29625,29750,37130]
[16913,27572,36428,49712]
[16919,17731,31421,40579]
[16920,53040,54366,56521]
[16925,42640,42651,43875]
[16933,33026,47117,50483]
[16940,40975,45551,52337]
[16950,37875,37968,59000]
[16958,32518,40687,56563]
[16962,17514,17787,19789]
[16966,19450,41990,46291]
[16969,18850,20280,21344]
[16969,23287,24365,34925]
[16975,24157,27615,30943]
[16975,24605,26270,50246]
[16975,26985,29610,35466]
[16983,51339,57239,59817]
[16991,37151,39463,59623]
[16994,27466,29591,57619]
[16999,19261,21417,42537]
[16999,23954,23961,40761]
[17000,21640,23250,33807]
[17000,29397,60000,64872]
[17003,17273,17372,51648]
[17003,20878,24206,50078]
[17008,21463,27209,46249]
[17015,37193,38432,45407]
[17017,20828,20944,23716]
[17017,24475,28985,48505]
[17017,24973,31603,56947]
[17017,30058,30736,33824]
[17019,51894,52150,61194]
[17028,24273,26912,46512]
[17031,17575,17625,18906]
[17037,17613,17877,36203]
[17040,24400,38775,63684]
[17050,22685,25477,58565]
[17051,28489,29478,33818]
[17055,18915,22294,33950]
[17056,24056,31331,61594]
[17056,35700,36244,44945]
[17056,35956,36244,44945]
[17063,30439,30461,62339]
[17068,29300,29580,62995]
[17069,17875,18525,35025]
[17069,17875,19695,35025]
[17069,45895,52520,63020]
[17072,34000,39600,47685]
[17080,20720,22525,24766]
[17081,24569,24583,27931]
[17081,25479,25551,33174]
[17081,29511,29737,48007]
[17090,27331,27344,36200]
[17091,25755,35350,52734]
[17092,20792,22979,29783]
[17098,21606,23706,27423]
[17100,24461,27980,59536]
[17101,42029,42067,42578]
[17110,31510,34799,49450]
[17112,25116,25415,28275]
[17113,20017,20881,37999]
[17116,19041,19839,21321]
[17119,18631,20434,22631]
[17119,19169,20519,35033]
[17119,20191,20434,22631]
[17119,20191,24035,42655]
[17125,29315,35875,55432]
[17127,28548,42212,65088]
[17130,35139,46536,55120]
[17135,18825,19817,20375]
[17139,18239,24034,59566]
[17139,24679,27666,43734]
[17139,30195,31175,36445]
[17141,17267,21166,30067]
[17141,20235,21075,31659]
[17141,50575,53375,54145]
[17141,53105,53375,54145]
[17145,18168,19807,32025]
[17153,34972,39968,54332]
[17153,39967,39968,54332]
[17155,18125,20291,52925]
[17155,23095,23405,44051]
[17155,33220,33275,42427]
[17157,34683,34937,65163]
[17158,22882,25079,39011]
[17160,17864,17875,30914]
[17160,18715,20160,42552]
[17160,26352,26715,48373]
[17160,39000,39961,48750]
[17168,18616,21641,30118]
[17168,36968,48881,64694]
[17169,48841,60489,64311]
[17170,18983,20383,20705]
[17170,33725,35045,39491]
[17171,26509,30353,36337]
[17172,17760,17797,21228]
[17173,31297,31704,37116]
[17175,19303,25950,61830]
[17175,24581,25950,61830]
[17177,18639,18914,22127]
[17177,19431,19669,44969]
[17179,20859,21112,21733]
[17184,22317,23883,41483]
[17187,26988,28308,29068]
[17193,18327,21361,45041]
[17195,17879,18820,53504]
[17199,18921,20553,22402]
[17199,18921,22402,28938]
[17200,17765,17792,27200]
[17200,36308,45300,51645]
[17204,24817,38896,41492]
[17204,30956,31501,60724]
[17220,18735,20416,39968]
[17220,27048,32595,53095]
[17220,31059,32595,61741]
[17220,53955,53956,64092]
[17222,31603,36842,54202]
[17225,28223,52052,57505]
[17225,30889,38285,49555]
[17233,19375,19895,34250]
[17233,19375,20305,42625]
[17238,17533,18512,29512]
[17238,39337,39624,46512]
[17250,27018,27025,47357]
[17255,19604,23200,48620]
[17255,22425,23177,38675]
[17255,32424,35224,62624]
[17259,40029,40060,58520]
[17266,19166,25123,45234]
[17270,31465,35168,49000]
[17270,37050,37125,56991]
[17272,24224,32651,34822]
[17272,34408,36593,39882]
[17273,26260,27248,30740]
[17279,26765,27485,35235]
[17279,32021,33616,49324]
[17287,34017,52740,63495]
[17287,47702,50048,53912]
[17290,23322,24453,26790]
[17296,18124,20539,37036]
[17297,39375,39825,44478]
[17297,45073,48361,64169]
[17300,23664,25085,44980]
[17300,30256,42105,56500]
[17301,24939,26061,28301]
[17301,30769,33109,49259]
[17302,29678,30613,34463]
[17307,20133,40383,54943]
[17307,21459,32691,37709]
[17309,25149,26397,27918]
[17316,21525,22755,40885]
[17316,22620,22755,37700]
[17316,40368,54665,63420]
[17328,22724,27324,30153]
[17329,22172,23503,40729]
[17330,35190,36099,42075]
[17331,19944,20056,26592]
[17331,21867,26356,28083]
[17336,27709,28424,37824]
[17340,18124,19125,36051]
[17340,45892,45917,50660]
[17342,43165,44317,57275]
[17343,18693,18753,32383]
[17347,21181,24206,46531]
[17347,23028,23331,24453]
[17352,19608,24898,29233]
[17352,19608,29233,61858]
[17352,24921,28671,59527]
[17353,33902,38994,48786]
[17353,42263,47987,59603]
[17355,25569,33150,48694]
[17355,28405,35511,55575]
[17357,40863,42143,54113]
[17358,30258,32021,33726]
[17363,20587,20928,21852]
[17368,20000,21125,22632]
[17369,22881,23256,31929]
[17372,19344,20181,37572]
[17372,27547,32357,49413]
[17375,34645,35425,36449]
[17378,30502,30845,43445]
[17384,33344,39861,47064]
[17388,23328,24633,40733]
[17388,49200,49215,53300]
[17390,25730,26350,26381]
[17391,19412,19788,20916]
[17391,21571,22831,30481]
[17391,23250,23870,28050]
[17391,25297,26741,47509]
[17391,29103,33666,46903]
[17391,33491,39471,47889]
[17391,34100,34255,49159]
[17391,36113,38775,63345]
[17399,41605,45895,48199]
[17400,22176,34945,45240]
[17400,30472,30765,32760]
[17402,21182,23391,35581]
[17404,28600,32045,53815]
[17404,35636,40677,54957]
[17423,29260,30800,35948]
[17423,52003,54961,60401]
[17425,21719,22185,58200]
[17425,25519,32431,52195]
[17425,27235,27265,28543]
[17425,30959,31705,51175]
[17425,38033,38755,44285]
[17425,44945,45551,51175]
[17429,20471,20791,29449]
[17433,21479,22329,37017]
[17437,19317,20398,50827]
[17437,29597,32813,47687]
[17441,34237,39713,44063]
[17447,30361,32239,51247]
[17451,22776,30464,46536]
[17458,18537,19023,27927]
[17458,34254,35971,44354]
[17460,19203,21728,49200]
[17460,25737,29488,37300]
[17460,30225,35308,40000]
[17463,21297,24090,56105]
[17464,27140,32265,39235]
[17475,21375,21850,26562]
[17475,23445,25008,34636]
[17475,25155,32637,50095]
[17475,31535,35649,49215]
[17478,38466,40603,41241]
[17484,19520,21716,23725]
[17499,30351,34725,49051]
[17500,17760,17787,39900]
[17500,19229,22960,30500]
[17501,18759,19129,35321]
[17501,31595,35076,44500]
[17501,31648,33024,33152]
[17502,33462,37921,55939]
[17503,35297,36577,42733]
[17507,24969,26535,38745]
[17511,28089,28091,34331]
[17515,18871,20679,51129]
[17515,40725,45765,51129]
[17523,17798,20493,21843]
[17523,19227,29522,34918]
[17525,31875,32085,46266]
[17528,20776,21574,34001]
[17536,20208,28633,30992]
[17543,33145,34105,46057]
[17549,19411,20951,31049]
[17550,19746,19929,37375]
[17550,26361,27550,28210]
[17550,26361,27550,63630]
[17550,26361,28210,63630]
[17554,35642,36045,48585]
[17556,35321,35815,37895]
[17557,40293,40363,61013]
[17561,21607,34089,39593]
[17563,17822,18142,32942]
[17563,20057,20874,45346]
[17563,20453,21983,34933]
[17563,36050,37765,39565]
[17574,18306,18943,20503]
[17589,24409,32712,48708]
[17589,29304,30784,44616]
[17592,48096,48504,51983]
[17593,30247,35909,51301]
[17600,21164,22005,56364]
[17608,42809,43040,46280]
[17612,20861,25364,52688]
[17612,26036,26075,29260]
[17621,49579,49879,63035]
[17622,27618,29503,52007]
[17625,18180,18800,56964]
[17629,21571,22831,54961]
[17629,24070,26554,36950]
[17629,25175,27625,36329]
[17629,25175,36040,45140]
[17630,19330,20275,26057]
[17632,24704,24800,27985]
[17633,18788,18848,25648]
[17633,19775,23617,25190]
[17633,22682,22687,46487]
[17633,30589,32942,37814]
[17639,20889,31095,46089]
[17640,60480,61321,63000]
[17641,21156,21168,63492]
[17641,22753,24991,30134]
[17641,26657,30134,37582]
[17645,18501,21174,47574]
[17646,19154,19703,26642]
[17647,30583,38807,42857]
[17649,18001,18981,34821]
[17649,19266,21359,53391]
[17649,19311,19331,41181]
[17649,28512,28576,35712]
[17649,29151,29169,38129]
[17649,32625,38425,39975]
[17649,36465,39975,53465]
[17650,28045,29299,30475]
[17651,18931,19509,36141]
[17654,26483,36554,50246]
[17654,29694,35451,46851]
[17655,22135,32775,39843]
[17661,21411,21489,56303]
[17667,33813,38688,49708]
[17667,34748,34821,50949]
[17667,39555,49517,51183]
[17673,24642,30414,50434]
[17675,25012,26260,48880]
[17675,29711,29825,36865]
[17680,19140,19300,19669]
[17685,24735,29973,32725]
[17689,35321,36179,46189]
[17696,23852,30527,34804]
[17700,24125,25476,33120]
[17708,21793,22496,34484]
[17716,34600,39405,51205]
[17719,19703,22069,22997]
[17719,19703,22069,28681]
[17719,20706,24681,57681]
[17719,21331,30914,56026]
[17719,21364,22156,45344]
[17719,25769,26071,27534]
[17719,32375,40885,48981]
[17723,50107,52045,56635]
[17725,31200,44667,51165]
[17727,39463,45182,56018]
[17730,21615,24625,61977]
[17731,18019,18241,19519]
[17731,23982,24381,48093]
[17738,31025,41905,52487]
[17738,41762,41905,52487]
[17739,22128,22589,24747]
[17745,19215,19825,20111]
[17745,19785,21175,30394]
[17748,25553,43616,48076]
[17748,46560,48500,58565]
[17751,33235,33550,42874]
[17752,40352,47336,53573]
[17753,27425,27500,46535]
[17753,30425,39403,49897]
[17754,22946,27707,37697]
[17754,45738,46762,47613]
[17755,19205,19783,26425]
[17759,25921,25973,26677]
[17765,27931,30875,56525]
[17766,28854,30457,46182]
[17767,39833,46543,49568]
[17771,32629,33234,41099]
[17773,33733,45228,47397]
[17779,26125,27165,57975]
[17793,44325,46268,54768]
[17794,27881,40894,46658]
[17797,29767,30566,46546]
[17799,44551,49539,55209]
[17809,37631,37664,46036]
[17819,22375,24056,40800]
[17823,37791,38845,39585]
[17825,24403,26128,42200]
[17834,31981,43862,63962]
[17835,19125,26671,36975]
[17835,32864,35061,42915]
[17835,56085,61585,63631]
[17843,47443,49303,61367]
[17847,24503,29083,35033]
[17848,20708,24679,48461]
[17848,24272,24346,45881]
[17848,24272,24679,31234]
[17850,25215,28696,31160]
[17858,60698,61103,62503]
[17860,21920,25756,46483]
[17860,36285,37156,52700]
[17869,21541,23198,26533]
[17871,21329,21896,29233]
[17873,27183,27249,27729]
[17873,47175,55998,56625]
[17875,27565,28675,44551]
[17879,21721,22681,27289]
[17880,31463,31488,42912]
[17888,20568,36851,40936]
[17888,26176,26312,36401]
[17893,21846,23446,30682]
[17894,45103,47847,62169]
[17901,18252,29376,51376]
[17901,49749,49776,52403]
[17904,21996,24628,52593]
[17905,36625,37873,41500]
[17914,19398,30927,35139]
[17914,23534,26659,35711]
[17914,37750,37895,40650]
[17917,23465,23575,39767]
[17917,23902,24272,43928]
[17917,32308,52972,59888]
[17918,24722,34523,41327]
[17918,31978,32147,47957]
[17927,20017,23569,30296]
[17930,37825,40375,54431]
[17935,21075,21315,28611]
[17940,22644,24531,49300]
[17941,24563,24816,60813]
[17941,25806,27261,28611]
[17945,19565,23959,27625]
[17945,24615,30789,51993]
[17945,43935,46662,64602]
[17952,42900,49555,56940]
[17955,26892,32300,59508]
[17958,24822,32218,43143]
[17958,26559,27209,45633]
[17967,51000,58760,64192]
[17974,32219,39259,54309]
[17978,30578,45867,55227]
[17978,41313,46359,63231]
[17980,18925,18980,39364]
[17980,18925,21808,39364]
[17980,23600,26129,26980]
[17980,24860,28589,31900]
[17984,21328,22378,40097]
[17984,21456,22761,22914]
[17985,18495,22575,27811]
[17986,34891,48093,56277]
[17986,47541,48093,56277]
[17992,42688,44854,65221]
[17995,19669,19825,25745]
[17999,18961,19539,56499]
[18000,30996,31005,63796]
[18005,19285,19474,44597]
[18005,40900,48880,52352]
[18009,28611,30378,34102]
[18018,20566,21357,37791]
[18031,18500,18544,27740]
[18031,30856,32224,60736]
[18032,20125,20240,22400]
[18040,27265,28864,35200]
[18040,37345,39200,52808]
[18044,42103,43472,54556]
[18048,31152,39073,41810]
[18056,26169,29304,64416]
[18056,35256,36984,37629]
[18067,47957,47996,55216]
[18069,23815,32475,57435]
[18069,36297,41844,55372]
[18070,50362,54587,64070]
[18073,31023,31823,49841]
[18075,19131,19135,32385]
[18075,19557,20805,49405]
[18080,21608,38170,52725]
[18080,27920,29316,52725]
[18083,23200,35875,43355]
[18083,23452,24928,31772]
[18083,31525,33400,35308]
[18088,44520,44863,58088]
[18091,20181,23525,25615]
[18095,21199,23345,25676]
[18095,35438,41470,44462]
[18095,41405,41470,46046]
[18096,19800,21270,21605]
[18103,24737,24992,32417]
[18104,22100,23595,33215]
[18104,33196,40549,61791]
[18105,35091,35266,48034]
[18105,38000,47583,59175]
[18107,34732,41932,48032]
[18117,31416,33184,33792]
[18117,32193,32414,33366]
[18122,25493,25789,30101]
[18122,25493,25789,42421]
[18122,25493,30101,42421]
[18122,30073,32513,44863]
[18122,39990,45135,55350]
[18124,18605,19125,36051]
[18125,20485,29925,48923]
[18125,20540,20787,34125]
[18125,21645,23751,30375]
[18125,25085,30275,30653]
[18125,26381,29125,49915]
[18125,27725,32161,39875]
[18125,28595,30275,30653]
[18128,39104,43265,56770]
[18135,23256,33865,57681]
[18148,25925,28060,62800]
[18153,21978,30858,52442]
[18154,29718,29754,36621]
[18156,34249,36108,56688]
[18158,32786,36114,50583]
[18166,18190,18315,25491]
[18168,21024,21576,22657]
[18175,21677,28175,62577]
[18180,22875,31900,34404]
[18193,18382,19097,35047]
[18193,23134,38759,54607]
[18200,18648,18655,19240]
[18200,33320,38675,62602]
[18204,20604,20605,63529]
[18204,43329,56129,63529]
[18204,44776,53847,54723]
[18207,23322,24752,48552]
[18207,26214,26314,39882]
[18207,27839,30555,31365]
[18208,27352,27881,29224]
[18212,23855,36337,51025]
[18212,26096,26404,31871]
[18216,26304,31784,54341]
[18221,19355,19454,31675]
[18221,35329,44289,50369]
[18228,19040,19075,22100]
[18228,21840,22100,24297]
[18228,42700,45140,61915]
[18231,23278,25456,36256]
[18231,33372,36256,50172]
[18232,36488,50171,59386]
[18241,18700,18785,20905]
[18241,21953,22591,28009]
[18241,23749,26741,42251]
[18245,24035,26158,33286]
[18245,35588,35600,48380]
[18245,41605,41919,49025]
[18247,28985,44975,61625]
[18247,30270,33153,41145]
[18249,22199,34839,59409]
[18249,23247,24976,30124]
[18252,22575,23520,25648]
[18252,24525,26400,28340]
[18259,28060,41060,57584]
[18259,40052,40460,47120]
[18265,25550,33439,37625]
[18270,26325,39208,48000]
[18270,51250,57375,64206]
[18275,20445,20475,28101]
[18275,21021,21029,22685]
[18275,43043,44935,60775]
[18278,24178,26243,40663]
[18278,40803,44733,50373]
[18283,29085,29835,30558]
[18284,35861,38837,60053]
[18285,19475,19557,22875]
[18285,25325,26117,33157]
[18285,26370,42400,44232]
[18285,27448,31800,42048]
[18285,37395,38226,49979]
[18285,44115,44689,47725]
[18290,18705,18894,31842]
[18291,18666,18672,22984]
[18291,18669,18753,41567]
[18291,19670,21075,45045]
[18291,19721,20041,27209]
[18291,23569,26962,30458]
[18291,24543,24609,31007]
[18297,30969,34719,42631]
[18300,23664,35989,56425]
[18304,32591,33319,37169]
[18310,20281,20519,26815]
[18312,24552,24563,44198]
[18315,34125,37037,46200]
[18319,23665,30415,33131]
[18322,37825,37985,55625]
[18326,23002,33110,49555]
[18340,24833,25392,40700]
[18343,19239,19293,35139]
[18343,30349,30668,54824]
[18343,48923,49164,57304]
[18349,25851,26291,29261]
[18352,29488,29904,32301]
[18356,41000,43645,49569]
[18356,41000,43645,50295]
[18356,41000,49569,50295]
[18361,25529,25543,34777]
[18361,32164,33184,33884]
[18368,43952,47771,60434]
[18368,47096,58696,64757]
[18369,21951,22451,22701]
[18370,21131,25806,63550]
[18375,20265,20951,35625]
[18375,27846,36295,58305]
[18375,27846,43225,58305]
[18376,28496,29861,33839]
[18376,32896,48237,63993]
[18377,41463,41481,46971]
[18389,24541,25382,45493]
[18394,23350,24565,52250]
[18396,18564,18615,18980]
[18400,19184,19625,54500]
[18403,23587,23837,33847]
[18405,20940,21200,34356]
[18419,22479,22908,57228]
[18421,18469,18542,19838]
[18421,19837,19838,22646]
[18421,23569,25051,59099]
[18421,25099,25311,43589]
[18421,27101,29068,42837]
[18421,29003,29354,33421]
[18423,22427,22508,43712]
[18424,26796,26829,29799]
[18426,27742,34151,42583]
[18430,19734,19875,26091]
[18431,18721,23474,37249]
[18442,27633,27663,35847]
[18445,20722,21805,39053]
[18446,24674,25842,26923]
[18450,24645,28480,59784]
[18459,21021,22854,62146]
[18459,36225,36625,42735]
[18459,60059,60743,63403]
[18464,44464,46052,51353]
[18469,23507,29918,39494]
[18476,36208,43508,52049]
[18483,19275,20435,62708]
[18483,20862,21109,24339]
[18483,30267,31108,44997]
[18491,28059,28101,40344]
[18492,31323,39072,56128]
[18495,19635,21098,44506]
[18495,38625,38659,54467]
[18495,39015,41922,44506]
[18500,27707,27725,49765]
[18500,29380,33988,36725]
[18501,23749,24849,29073]
[18504,20392,20817,36729]
[18504,23129,36729,62721]
[18505,18725,22206,27750]
[18509,27859,28595,31309]
[18511,20689,21199,46246]
[18512,23068,25988,40807]
[18512,29512,29822,46903]
[18518,26702,26923,38857]
[18518,30082,38181,62843]
[18525,19107,23525,37635]
[18525,23265,23500,51324]
[18525,43230,43901,47355]
[18528,21216,23160,51145]
[18530,20350,20383,27775]
[18530,20350,20383,34595]
[18530,46250,46325,52877]
[18535,18905,19003,25275]
[18538,24150,30225,64170]
[18544,20300,20660,25925]
[18550,19730,19875,33891]
[18555,19017,19792,30180]
[18557,23471,32307,49357]
[18557,30653,43307,57222]
[18560,28820,37100,50141]
[18564,30121,31772,41888]
[18564,33711,33796,55524]
[18564,35055,36975,45305]
[18564,44289,44511,57239]
[18564,46620,46995,53380]
[18573,29402,29643,34443]
[18577,23023,32428,50193]
[18581,19499,21641,34709]
[18582,20178,21793,32947]
[18590,20085,25168,61600]
[18590,25230,25317,37518]
[18601,24750,26255,58025]
[18601,26199,26289,32841]
[18601,29469,30067,61427]
[18601,53428,58128,60876]
[18603,21867,25493,31857]
[18603,22428,23797,42453]
[18612,39997,40608,41292]
[18615,24021,24990,50554]
[18615,25193,26718,52425]
[18615,28905,55883,59925]
[18615,31545,52122,53746]
[18615,43695,50554,52122]
[18625,18815,18821,26075]
[18625,19647,20115,28305]
[18626,20930,20975,23250]
[18631,20191,20434,22631]
[18639,19161,19668,22864]
[18639,29241,29748,47633]
[18645,33579,34645,36725]
[18645,44781,46669,64900]
[18647,26697,51927,58248]
[18650,22646,35435,55770]
[18655,19425,19721,32375]
[18655,19915,20447,23329]
[18655,22736,27839,56225]
[18655,24167,24220,29575]
[18655,25375,25389,28275]
[18655,25375,25389,33825]
[18655,28545,28577,56225]
[18655,38465,46943,64351]
[18656,32264,33785,53000]
[18657,27807,29393,62699]
[18659,24167,41366,56966]
[18659,29341,29378,41366]
[18662,33170,34937,38213]
[18665,30160,46400,59728]
[18666,21114,21777,28858]
[18666,22011,26587,46893]
[18685,20805,22275,31968]
[18685,26875,26917,57125]
[18685,46979,52429,57065]
[18693,32550,33418,39270]
[18699,19339,19987,34477]
[18703,21797,21953,23617]
[18705,28925,36045,44109]
[18715,25500,28368,39840]
[18715,36340,40660,59888]
[18721,27829,28304,29292]
[18722,24349,26222,40478]
[18726,26474,35563,40874]
[18737,24038,35552,62152]
[18746,23850,34875,45315]
[18752,25448,26663,55208]
[18752,38704,39329,48052]
[18752,38704,39329,64354]
[18759,19125,19166,33150]
[18759,23239,23241,43989]
[18759,23316,32864,55796]
[18759,26937,28841,35113]
[18759,26937,29315,32745]
[18760,36372,37625,41135]
[18761,21489,22359,45114]
[18761,21489,22359,46761]
[18761,21489,45114,46761]
[18761,27593,31611,38361]
[18775,21386,22385,36695]
[18778,19778,19923,20623]
[18780,19760,20049,20700]
[18784,28780,29341,61541]
[18785,19740,22032,60996]
[18785,30125,30175,34463]
[18786,28950,37875,45355]
[18788,19588,20740,20813]
[18788,20587,22372,42212]
[18788,22253,22372,45628]
[18791,28025,32509,45725]
[18791,31609,40891,58117]
[18791,32039,33497,56373]
[18795,20500,29428,45920]
[18802,19825,21777,59535]
[18805,23765,23851,27764]
[18810,42757,42768,46800]
[18811,26765,32890,51611]
[18817,25787,30912,40588]
[18819,20475,20485,31365]
[18821,21791,22513,42097]
[18821,21889,36917,63307]
[18824,21424,22499,27874]
[18824,24800,25415,26245]
[18827,19253,19389,31101]
[18836,27716,32409,38409]
[18837,25493,26649,31941]
[18837,28407,30212,46788]
[18837,34645,34987,40937]
[18837,49387,49595,51737]
[18846,28179,41646,54190]
[18846,28329,31759,43351]
[18847,35203,46013,64643]
[18848,27664,28861,33852]
[18849,22049,23919,35019]
[18850,23885,24128,29224]
[18854,27962,28171,35137]
[18860,21964,22100,25789]
[18860,44275,45100,47564]
[18863,23377,26551,51121]
[18867,24138,24883,26763]
[18868,20111,20332,57664]
[18868,23972,25757,45847]
[18868,39952,40492,44083]
[18875,35003,35685,49875]
[18877,24026,25051,26077]
[18879,26689,40703,63643]
[18886,51414,51471,52521]
[18887,31900,32320,42160]
[18887,37037,38742,44958]
[18900,20295,24108,24500]
[18901,19475,20500,36880]
[18910,22805,22814,63854]
[18912,37788,39597,56548]
[18921,26520,26871,27625]
[18921,27300,27625,31535]
[18927,36975,40223,41565]
[18928,24252,24759,25116]
[18929,23659,25103,38193]
[18937,22265,22325,23287]
[18938,19375,20230,61270]
[18941,48334,49949,60931]
[18945,20115,21456,31996]
[18963,50197,50292,57267]
[18972,37200,44795,53628]
[18972,41697,46512,53788]
[18975,19620,33136,55456]
[18975,20449,24495,29601]
[18975,23452,23760,61500]
[18975,42687,43010,53130]
[18980,24679,24700,48604]
[18981,19827,19848,27269]
[18981,23856,30144,43216]
[18989,20111,22321,41329]
[18991,30959,31571,43539]
[19000,19520,19642,59125]
[19006,27007,28594,32318]
[19007,26873,28967,31208]
[19008,28060,29700,31185]
[19018,21437,24347,56797]
[19018,24319,24415,24905]
[19018,41174,42143,54149]
[19019,26269,28994,32053]
[19024,20576,21907,33292]
[19024,22724,23452,23501]
[19025,27550,41810,49454]
[19027,43667,46583,63917]
[19032,25456,29082,38931]
[19032,33048,43681,58344]
[19033,31108,33408,57696]
[19040,20300,28449,28875]
[19040,20300,28449,31540]
[19040,42476,42700,64165]
[19053,20098,21779,56429]
[19053,28500,38325,64525]
[19053,31725,31755,36725]
[19053,40467,43357,48093]
[19053,45843,47523,52577]
[19056,38328,38906,51097]
[19057,34867,45068,59432]
[19062,22533,22592,36408]
[19065,24455,24675,26937]
[19065,28665,40225,60639]
[19074,26775,29040,37400]
[19076,20075,23360,42876]
[19076,26671,26720,45440]
[19080,23959,25705,35209]
[19082,20774,52207,53157]
[19082,27118,30247,32447]
[19082,27753,33082,55622]
[19089,28569,28785,32440]
[19097,44857,44903,46982]
[19108,22797,23851,41869]
[19113,51243,56666,64554]
[19116,29520,29725,64116]
[19117,21473,23322,25678]
[19118,38302,41118,47007]
[19125,37715,39600,42876]
[19127,21571,21677,22829]
[19127,33847,34969,47509]
[19135,35137,37825,47135]
[19150,26962,28975,29237]
[19151,22499,22513,30001]
[19152,29580,32277,36295]
[19153,29393,29596,48559]
[19153,33263,33892,42217]
[19154,23130,24021,38475]
[19159,25116,34884,46368]
[19159,26075,27416,38640]
[19159,29036,29716,39284]
[19159,40279,40377,43707]
[19162,31742,31787,44367]
[19166,23674,24079,24521]
[19175,22055,22321,52208]
[19175,23954,24190,25346]
[19175,32657,36465,51980]
[19182,22678,26071,31349]
[19188,22407,24735,45305]
[19188,26100,30740,47415]
[19189,29899,32967,34293]
[19193,30073,32741,37961]
[19199,19924,20009,22561]
[19199,19924,22304,60944]
[19200,23120,23925,26928]
[19201,23809,25201,25451]
[19203,19773,19812,29237]
[19203,19773,22663,46137]
[19203,20291,22059,43734]
[19209,34238,36087,63441]
[19209,35391,36016,38872]
[19210,33726,44415,62475]
[19215,25245,28798,34650]
[19215,25359,35441,44625]
[19215,46449,50325,61535]
[19221,25109,25431,53781]
[19225,28592,29375,58433]
[19225,39817,48055,49225]
[19226,25126,25295,25574]
[19227,20102,20358,47658]
[19227,29085,40165,43877]
[19227,32657,58667,62933]
[19227,51557,58667,62933]
[19228,34672,35972,49841]
[19229,19875,20075,59179]
[19229,19875,21279,40545]
[19240,21053,22760,29600]
[19240,22372,22997,40885]
[19240,22620,22997,26129]
[19240,24000,41625,47064]
[19240,30096,38025,45954]
[19240,44944,46865,56869]
[19250,27775,35000,62216]
[19256,21280,29725,46280]
[19256,31171,31749,39101]
[19256,43456,47096,53641]
[19261,20339,22144,25916]
[19265,28615,38816,51092]
[19266,35014,39975,52065]
[19270,19375,19434,56250]
[19270,29469,29520,30456]
[19272,37128,37960,49897]
[19273,27599,35402,42074]
[19278,28458,28861,33201]
[19285,40875,42183,54375]
[19292,35815,38425,39065]
[19296,25623,25696,29952]
[19300,38480,40700,42653]
[19303,24581,25950,61830]
[19303,47719,54681,61353]
[19305,20097,20300,25872]
[19311,20529,20541,25091]
[19311,42439,42681,52281]
[19313,29233,29971,52111]
[19317,25883,26715,37467]
[19320,35280,36127,37925]
[19325,24915,29374,37550]
[19325,27645,27828,52875]
[19337,33988,38692,55792]
[19337,46903,47233,61183]
[19338,29997,30838,46662]
[19343,20617,22562,24338]
[19343,27057,27232,28681]
[19344,39064,39897,47802]
[19345,38335,48175,59857]
[19345,48100,61457,62905]
[19350,26871,30250,48230]
[19363,27761,29087,44063]
[19363,29212,29648,36448]
[19363,35197,42001,46159]
[19363,38525,39865,55335]
[19364,22496,22873,26253]
[19370,26170,34021,48250]
[19370,33725,36803,61275]
[19376,27775,27840,46000]
[19376,40936,42731,44506]
[19380,20800,21437,35380]
[19380,33660,38701,56933]
[19380,38665,40128,43956]
[19382,36982,37002,39237]
[19390,30751,41360,55400]
[19396,23108,28421,40004]
[19396,23941,29488,50908]
[19396,25688,25737,46137]
[19398,31146,31354,32277]
[19401,37825,48024,58740]
[19411,22631,25756,60536]
[19414,37874,37905,60675]
[19418,22477,22776,25536]
[19418,22477,22776,51376]
[19418,33367,33418,42742]
[19425,20615,20646,32550]
[19425,20767,21825,32790]
[19425,23033,23175,59385]
[19425,24679,32121,51504]
[19425,45847,47178,65055]
[19430,58175,61750,62234]
[19435,23575,24297,39767]
[19435,25925,28060,37076]
[19436,38531,38533,44573]
[19437,21112,21576,38688]
[19439,22585,25489,55540]
[19448,24827,24888,33792]
[19448,30448,37673,64702]
[19459,26274,29541,37149]
[19459,27709,29541,46299]
[19459,30589,30951,63501]
[19459,35014,35301,37149]
[19461,40456,40845,60795]
[19468,22568,22971,37209]
[19468,25192,25709,39151]
[19474,32193,34720,37960]
[19475,22533,26117,50750]
[19475,32851,33005,43225]
[19475,34579,35405,35995]
[19475,35036,36880,38000]
[19475,36173,36295,63673]
[19488,21756,22015,22620]
[19488,37100,43513,53795]
[19488,43512,43513,60088]
[19488,48008,56127,60552]
[19491,22533,27010,33245]
[19495,30225,39897,51801]
[19499,20724,20829,24021]
[19499,23698,29550,44370]
[19499,27716,48093,56277]
[19499,46176,48093,56277]
[19499,55275,56525,58460]
[19500,21312,21460,40035]
[19500,39564,40035,40525]
[19500,54648,54735,57577]
[19502,25123,25752,32592]
[19502,29798,30227,36805]
[19504,21527,24400,33920]
[19504,22780,26500,40171]
[19509,22351,23018,24178]
[19513,22137,32967,55107]
[19513,35641,40655,47090]
[19517,22819,22919,47783]
[19519,24811,25967,32623]
[19525,22465,22500,53916]
[19525,22661,23135,58235]
[19525,28849,33940,47260]
[19532,27664,29260,62965]
[19536,25740,26260,29711]
[19548,32400,40725,42020]
[19549,24099,24157,31301]
[19549,27235,31075,45799]
[19549,27719,27977,64183]
[19549,28765,43265,49651]
[19550,27209,27625,61295]
[19557,25509,27507,31693]
[19557,36057,37842,52318]
[19565,26110,32200,38792]
[19565,26605,28483,29575]
[19580,26000,26675,64988]
[19581,23616,23739,27389]
[19588,24467,24629,57141]
[19588,31463,31488,42912]
[19596,24679,25056,30636]
[19599,24975,25345,37555]
[19600,44772,50020,57715]
[19601,31535,34590,40375]
[19604,25972,46228,50621]
[19604,26688,26988,46371]
[19616,29784,38106,38619]
[19619,21022,22178,23506]
[19620,27999,44225,51255]
[19620,34320,38041,46325]
[19623,32825,32877,37875]
[19625,25420,25748,57104]
[19625,29281,35600,41919]
[19625,40919,47575,56906]
[19627,32747,33663,40287]
[19631,29614,29886,38994]
[19633,20975,29435,44005]
[19635,20550,21098,26950]
[19635,21483,21525,27115]
[19635,22605,22997,25619]
[19635,27027,27885,38675]
[19635,32230,34867,54901]
[19635,37555,38157,54723]
[19642,27117,30317,32683]
[19646,32219,33229,44979]
[19649,23361,24753,40587]
[19652,26537,34391,39991]
[19656,30600,36040,65025]
[19657,21527,24075,30315]
[19668,21285,23840,25300]
[19669,20075,20995,63875]
[19669,24583,27931,35867]
[19669,30765,31860,42381]
[19669,34133,34481,35867]
[19673,41773,44243,54253]
[19680,27300,27716,29055]
[19691,21675,22185,36375]
[19691,23275,41515,64505]
[19691,53041,53311,59711]
[19696,33500,33925,34979]
[19703,31403,31598,34442]
[19711,47489,47559,51969]
[19720,23885,24128,57800]
[19720,30960,36018,53721]
[19721,24725,25454,31570]
[19721,26871,44361,62361]
[19729,28531,33572,49232]
[19729,30607,30629,43621]
[19740,27475,27972,28260]
[19741,24149,25149,56259]
[19746,36114,42783,58078]
[19747,36764,37572,45136]
[19749,27001,32023,39401]
[19750,22199,44240,56200]
[19757,38763,39078,64278]
[19760,20128,23972,27625]
[19760,20732,20740,25493]
[19760,29627,41075,45773]
[19760,36544,40740,48425]
[19760,55040,59450,62609]
[19762,41238,49887,54243]
[19762,49818,56279,60019]
[19769,25925,27755,48875]
[19769,42809,42889,53339]
[19778,22082,22446,40919]
[19780,34144,44345,60155]
[19788,24000,24020,24735]
[19789,43571,45733,51557]
[19800,24888,28250,55815]
[19800,38976,39000,50425]
[19800,54604,55845,63855]
[19803,20424,21128,30176]
[19803,34661,40689,50853]
[19809,20511,20559,29489]
[19811,25207,25214,50414]
[19811,39611,39622,50414]
[19811,39611,50414,53086]
[19812,29216,29559,36612]
[19817,22204,30992,38308]
[19817,25705,28567,31955]
[19817,34595,34717,55075]
[19822,20075,20405,20995]
[19822,25721,29904,64872]
[19822,29325,30210,44370]
[19823,25745,26277,39425]
[19823,38963,41693,43357]
[19825,26725,35685,41691]
[19825,28199,32810,40495]
[19825,32535,36632,54839]
[19825,35687,35720,63440]
[19825,51428,54172,63440]
[19832,35608,37289,43594]
[19836,43920,44225,47580]
[19838,21175,21800,22512]
[19838,40250,41965,65455]
[19840,22388,27913,37637]
[19844,24679,29156,59696]
[19849,42889,44233,53557]
[19856,27968,28543,61456]
[19863,42927,43625,46740]
[19864,23808,25389,55242]
[19864,55224,55242,57213]
[19865,27495,30825,57753]
[19865,48840,49025,51649]
[19875,21894,22150,35670]
[19875,48739,48875,64660]
[19877,40702,40898,47630]
[19877,47579,56705,62645]
[19877,51493,53159,63609]
[19883,20989,22692,24264]
[19885,39100,46240,53156]
[19888,20288,22148,28847]
[19890,23775,24769,39273]
[19893,32218,34202,54538]
[19893,39627,41531,56721]
[19895,20425,20473,20909]
[19895,20425,20473,21625]
[19895,20425,20909,21625]
[19895,20875,21175,30967]
[19897,20500,20705,45625]
[19906,25454,30349,41426]
[19912,27265,27512,35200]
[19918,34738,35778,38703]
[19920,22395,22400,23888]
[19925,22165,22425,31083]
[19925,24490,24707,28675]
[19928,25632,34344,39249]
[19928,27376,27401,42253]
[19929,43043,44968,61204]
[19930,35825,36250,37258]
[19941,26248,31416,55584]
[19942,32045,32080,39208]
[19942,41713,41808,49088]
[19943,33127,41239,63899]
[19951,21359,25571,47329]
[19955,21301,27795,59501]
[19971,31724,33012,45648]
[19981,26344,26611,39701]
[19981,26344,28768,33448]
[19984,32224,41217,42882]
[19985,23377,23765,55825]
[19987,22120,25675,35125]
[19987,27853,28083,29392]
[19987,30589,37037,41811]
[19987,35453,36797,46013]
[19992,26208,26233,27608]
[19992,26208,26233,28392]
[19995,23621,25071,32175]
[19998,28622,29997,35127]
[20000,20504,22135,41000]
[20001,21663,22024,22713]
[20001,30798,31152,39776]
[20006,23219,24211,44299]
[20007,29493,30058,42978]
[20025,25839,26255,32625]
[20032,23528,25048,52073]
[20033,20467,21583,65231]
[20033,32383,42757,50623]
[20036,26361,30969,45081]
[20048,24500,24525,34860]
[20050,34470,40959,61353]
[20052,29127,57232,64428]
[20062,29262,29357,64583]
[20068,22057,23068,24112]
[20068,44464,46364,52007]
[20069,22363,22890,32445]
[20069,23579,26999,40299]
[20069,28106,29939,61061]
[20075,26285,36716,42340]
[20075,44164,44640,54300]
[20077,24947,25553,43697]
[20079,22761,22833,60977]
[20079,26071,28809,50634]
[20079,26319,26726,38801]
[20085,24420,25168,61600]
[20087,35245,35987,42413]
[20087,41975,42413,45625]
[20097,21879,22185,26455]
[20097,28853,31842,39798]
[20097,31317,31668,44968]
[20097,35574,43078,44022]
[20102,25783,28842,47658]
[20111,22939,29029,59099]
[20111,37375,44030,59150]
[20119,29044,33839,35351]
[20119,33431,33839,35351]
[20124,39964,41769,54756]
[20125,22148,26075,41245]
[20125,28495,28750,30682]
[20126,25374,29603,34162]
[20128,42704,43078,46697]
[20130,21125,22120,44408]
[20130,25925,30866,46750]
[20139,34731,34771,60554]
[20140,35916,38909,40916]
[20145,48495,48975,54961]
[20148,25452,26077,35148]
[20150,25546,25830,26895]
[20150,31595,32250,43254]
[20159,25194,31863,42687]
[20159,46367,52417,63008]
[20162,24190,24313,32062]
[20163,29887,33345,43263]
[20165,20876,20915,31501]
[20165,23749,23775,50949]
[20165,24771,24960,30525]
[20165,26245,26483,27571]
[20165,31855,35425,43489]
[20172,26028,26413,29643]
[20175,57905,59718,64791]
[20176,21301,25899,34749]
[20176,23956,23959,30284]
[20181,21359,27984,29016]
[20181,23956,24221,33109]
[20191,23809,24211,36941]
[20195,24455,25975,42121]
[20200,25296,25755,30210]
[20208,27160,48285,65475]
[20208,35232,38732,44857]
[20213,22908,25092,33408]
[20213,25525,26350,47437]
[20213,28171,43537,49487]
[20213,37412,37468,53792]
[20214,32982,33157,50143]
[20216,23555,24584,32800]
[20216,45201,47112,60192]
[20218,39442,40183,48433]
[20221,20995,23725,31229]
[20221,20995,23725,51245]
[20221,20995,31229,51245]
[20225,21375,21843,35955]
[20225,29185,35471,37375]
[20230,31250,36125,52271]
[20235,28975,30225,33489]
[20237,20587,20723,38752]
[20237,22855,43645,51587]
[20241,50907,55835,59685]
[20243,31507,31868,32147]
[20246,33259,34325,37835]
[20251,23165,25676,56924]
[20251,35301,36982,43901]
[20252,25675,26300,39040]
[20253,20349,21622,44574]
[20257,31457,52705,56357]
[20258,32058,36863,53747]
[20264,23800,25330,26825]
[20265,24056,36600,63360]
[20271,20679,26329,29657]
[20271,45617,45621,62379]
[20273,26257,26477,44243]
[20273,26923,27742,45562]
[20273,37876,37927,59599]
[20275,37523,40240,61235]
[20276,29124,32769,65529]
[20280,21344,27144,27405]
[20280,23120,34125,51714]
[20281,23207,27243,60843]
[20288,25072,34333,55792]
[20292,20683,20832,23868]
[20294,46754,51701,53801]
[20295,20625,20636,24500]
[20295,22713,23025,24295]
[20298,23777,40833,52887]
[20300,30020,33989,38425]
[20300,50000,51156,56875]
[20313,23052,30073,45177]
[20313,28659,30012,41884]
[20313,48180,52287,57305]
[20319,48321,48453,50437]
[20328,32868,33271,51359]
[20329,21951,21953,30143]
[20332,21168,21411,30132]
[20332,25553,26260,57040]
[20332,31027,32396,49036]
[20336,21280,23345,49364]
[20342,34602,37411,51671]
[20345,23125,23162,60970]
[20350,21510,22177,25019]
[20355,27495,28243,33875]
[20370,33565,39867,52731]
[20375,31465,32857,35075]
[20375,60695,61273,64125]
[20377,28243,28567,50967]
[20377,29503,32761,45026]
[20383,21868,22508,38368]
[20383,22385,23217,23375]
[20383,22457,22508,31832]
[20387,24248,24568,28768]
[20387,29032,32984,34336]
[20387,34450,38512,53560]
[20394,21115,25750,54694]
[20400,21460,22100,42601]
[20400,21681,22695,31025]
[20400,22260,32500,35139]
[20400,30368,31025,54020]
[20401,23951,25201,27125]
[20405,35525,38500,58696]
[20410,31278,35325,37947]
[20413,21356,29044,41588]
[20418,47403,49323,60227]
[20421,22419,25968,52187]
[20425,29111,33325,37235]
[20425,46759,49020,53320]
[20429,33299,40964,48461]
[20435,24505,26962,38950]
[20439,25236,25769,64841]
[20439,30414,31794,32606]
[20439,35113,50135,64345]
[20445,20500,20709,25725]
[20448,25752,25777,42920]
[20449,36531,37466,49166]
[20458,42150,50085,50730]
[20463,30459,31020,34760]
[20468,22435,22525,27493]
[20468,26832,35217,55692]
[20470,21125,21450,26166]
[20475,22977,23310,27202]
[20475,25755,30056,33125]
[20475,26925,30875,55444]
[20475,28101,29435,44625]
[20475,39261,40125,45680]
[20485,27937,29087,31265]
[20487,23084,27316,42688]
[20496,23400,23790,36625]
[20496,23400,27030,36625]
[20496,23400,29890,34125]
[20496,23400,34125,60970]
[20496,33600,34160,36625]
[20498,26350,30498,37395]
[20498,26350,38750,63023]
[20500,21199,26100,27024]
[20500,24244,24805,34100]
[20500,36480,36621,37467]
[20500,46644,51660,54795]
[20500,47824,50225,64876]
[20503,21097,24157,36057]
[20503,30212,30304,36764]
[20510,26065,26663,47719]
[20511,23199,25493,40683]
[20511,26019,39329,59679]
[20515,26077,28925,56323]
[20519,28569,32079,38316]
[20519,35929,37924,60401]
[20535,22625,22977,27150]
[20535,38160,44400,47104]
[20536,26129,26312,28832]
[20540,29125,30989,54925]
[20547,21726,25874,42222]
[20547,49731,60119,64253]
[20553,21827,22338,32838]
[20553,25250,26095,57065]
[20553,37647,38967,54808]
[20557,28981,28982,43981]
[20559,32209,32307,42867]
[20561,33196,33728,34032]
[20564,28000,28355,41225]
[20565,21330,22850,23358]
[20565,28203,32725,36435]
[20565,31875,32725,46614]
[20566,21025,21866,45530]
[20566,31759,39786,54054]
[20581,42925,47515,52520]
[20586,31725,32120,42864]
[20592,23100,23140,24585]
[20592,31008,32604,39083]
[20604,21840,32825,34340]
[20604,24420,25604,32825]
[20604,39104,47799,51324]
[20608,21216,29058,45441]
[20608,28496,28658,47817]
[20608,42032,42238,55937]
[20615,24180,24583,46625]
[20615,25375,27550,49742]
[20618,28934,29341,31434]
[20618,29082,41847,48678]
[20621,37843,38771,39032]
[20621,44659,44881,48269]
[20625,23320,24000,24552]
[20641,27121,30842,41282]
[20646,24650,26010,28971]
[20651,33277,33598,35126]
[20652,25900,44415,59052]
[20657,22263,24311,35476]
[20657,31857,35298,36777]
[20661,25086,25123,26443]
[20661,43645,43650,51861]
[20672,23617,24320,36160]
[20677,28589,32339,45011]
[20677,32351,33698,45326]
[20685,31603,34935,38025]
[20689,22673,23123,46289]
[20689,25519,25557,25857]
[20700,28280,45349,54925]
[20702,23902,24242,34817]
[20706,21375,22110,35870]
[20706,25137,29512,32944]
[20709,38889,39527,39783]
[20711,21625,21725,25085]
[20713,36993,37122,41697]
[20720,22048,22052,22525]
[20720,22048,22525,39220]
[20729,50654,53534,59166]
[20732,24836,24893,32639]
[20735,25811,27550,36386]
[20735,26860,27404,48140]
[20737,27521,39121,47437]
[20744,27136,29256,32239]
[20746,25625,25800,30504]
[20746,34155,34496,37720]
[20748,24947,25389,40299]
[20748,26775,27625,33873]
[20750,21597,21600,37560]
[20757,20907,23273,27977]
[20757,21525,22755,40885]
[20757,21793,24187,41477]
[20757,22507,25632,35187]
[20757,25223,25641,61911]
[20757,33154,45621,58179]
[20767,21793,23161,40441]
[20769,39775,44505,58719]
[20772,25872,28273,64092]
[20775,33825,37582,43070]
[20792,22048,22472,33497]
[20805,41595,42675,43277]
[20808,21200,22410,34425]
[20808,31132,32813,62713]
[20812,29667,32364,53196]
[20815,21125,21358,24310]
[20819,34481,40979,58029]
[20823,29349,29801,49751]
[20824,21064,23697,25482]
[20825,23660,28000,42432]
[20826,28782,40495,52155]
[20827,29913,30798,33462]
[20827,31750,32965,38477]
[20828,39372,48093,59637]
[20829,39491,48177,51153]
[20839,27231,27356,32144]
[20839,30361,31831,36569]
[20839,30361,31831,44759]
[20839,30361,36569,44759]
[20842,30586,30650,38335]
[20844,22797,33003,41869]
[20844,30399,41008,53268]
[20845,28365,37774,39347]
[20862,31437,36478,48498]
[20862,37098,39121,46569]
[20863,31825,33345,63935]
[20865,22185,25375,38454]
[20865,22750,23177,27209]
[20868,27777,27824,29156]
[20868,50008,51243,61617]
[20869,42068,42107,47731]
[20876,21901,22444,29104]
[20878,24167,24206,28274]
[20878,24167,24674,28274]
[20878,24167,28274,48334]
[20880,24100,30125,60581]
[20880,28920,30125,41934]
[20884,37559,38284,43148]
[20905,22250,28826,46250]
[20905,22327,23275,62677]
[20907,54556,56419,59893]
[20909,30381,34203,43173]
[20917,29233,31003,55963]
[20920,23360,23729,38325]
[20920,27360,28809,30600]
[20923,37047,41078,57202]
[20923,43582,43792,53192]
[20933,34408,36312,45672]
[20933,37125,45100,54467]
[20937,46665,49665,55937]
[20940,21700,21987,28875]
[20944,24416,24425,28340]
[20944,26279,26576,38224]
[20951,38849,44713,63017]
[20961,28985,39015,51786]
[20961,38175,47895,62335]
[20965,21825,24529,63535]
[20978,26218,56147,58157]
[20978,36478,36482,37637]
[20989,26461,26537,42889]
[20996,28196,28779,46428]
[20999,23353,23522,27599]
[21000,21840,22681,22750]
[21000,25636,32045,52205]
[21000,31323,32045,52205]
[21000,31824,32045,33150]
[21000,31824,32045,34225]
[21000,31824,33150,34225]
[21000,45123,46280,64320]
[21000,60528,60675,63050]
[21004,30476,35689,38164]
[21006,23454,24507,32242]
[21006,40194,40887,59906]
[21008,24928,24947,40508]
[21008,42368,43329,55824]
[21009,31175,31290,34191]
[21009,48816,52432,57216]
[21014,35834,40033,43127]
[21021,22204,24156,36036]
[21024,28564,30132,33003]
[21024,28564,43956,64269]
[21027,28055,28125,33123]
[21030,23903,24600,50472]
[21033,26775,27455,46740]
[21037,21180,21555,60363]
[21037,23188,27968,55692]
[21043,23968,24405,62443]
[21043,25432,45912,55488]
[21049,23253,25899,41451]
[21049,23303,23353,24747]
[21049,24601,24747,41451]
[21049,25404,26912,30652]
[21050,37162,44813,52625]
[21054,22946,24969,34419]
[21054,26469,36482,42558]
[21056,27356,45919,53956]
[21070,23975,23986,40782]
[21074,26050,26450,28655]
[21080,24000,24552,39525]
[21082,23837,23872,29328]
[21083,21204,22604,24592]
[21090,25875,32200,50784]
[21097,22427,22826,25586]
[21097,28203,28251,35547]
[21097,31753,31901,52547]
[21105,23400,23520,64064]
[21109,26741,27489,34629]
[21109,26741,34629,43329]
[21111,29049,29319,53369]
[21114,31059,32277,58667]
[21125,22632,23400,25920]
[21125,30388,40300,50560]
[21125,30555,30625,36673]
[21125,33235,34100,37349]
[21125,38023,40727,52585]
[21131,25721,27346,44506]
[21131,27125,28819,40075]
[21131,31600,32240,36160]
[21131,33781,41295,48081]
[21131,39669,40474,53389]
[21137,38363,45787,63013]
[21142,29667,33147,62403]
[21147,22875,25175,44745]
[21147,25748,30381,34029]
[21153,31135,40053,48075]
[21159,36031,37966,43906]
[21164,23125,23920,25900]
[21170,35250,44457,48450]
[21176,31499,31869,41021]
[21177,23868,32448,55552]
[21177,24309,24425,38505]
[21177,40098,44526,51106]
[21182,24475,24920,47600]
[21197,33748,54612,59488]
[21200,30316,30740,42809]
[21200,33660,34425,40068]
[21201,22374,23754,29606]
[21203,35245,43225,48697]
[21204,27189,27348,43168]
[21209,36679,38019,57181]
[21209,36849,37148,59872]
[21210,22230,22477,46550]
[21216,46852,51145,58565]
[21216,50616,51145,65416]
[21220,22655,22720,46492]
[21225,29007,29350,55670]
[21229,28451,29578,32162]
[21233,34225,45917,55555]
[21236,32720,51125,54036]
[21238,40967,41402,42698]
[21250,21842,21845,36125]
[21250,42175,50750,57358]
[21252,25509,26048,58748]
[21253,32045,32080,33125]
[21255,26100,32448,43600]
[21259,31339,44807,57703]
[21259,33675,33741,63309]
[21267,24933,28112,54028]
[21271,23809,23896,62396]
[21271,25615,26600,38804]
[21279,25250,34600,38704]
[21280,22100,28125,31161]
[21285,26273,26325,27477]
[21285,47771,47854,53821]
[21289,29036,29716,30256]
[21294,29766,35061,44239]
[21294,32334,42081,45331]
[21299,24211,24497,47663]
[21305,29729,47950,59654]
[21307,28741,28757,30143]
[21307,30668,31603,32333]
[21311,21689,22119,37556]
[21311,27199,33449,46561]
[21312,31059,31755,40885]
[21315,31610,47088,52200]
[21315,34845,35139,38077]
[21320,25192,38458,39195]
[21329,33128,33896,37672]
[21331,25181,26728,53044]
[21340,29555,38800,42148]
[21340,37180,40661,55484]
[21349,22451,28574,52507]
[21352,25024,25277,33626]
[21359,26350,34255,43225]
[21360,23432,35235,58782]
[21361,27311,32597,56789]
[21361,27939,28368,38664]
[21361,34556,34768,35428]
[21367,21689,22839,38089]
[21372,27285,35972,41700]
[21373,35541,35748,37323]
[21373,48827,49170,58102]
[21375,28161,40975,43125]
[21378,35742,35743,58557]
[21390,23634,23735,41925]
[21390,27230,36639,53682]
[21393,34329,38032,58696]
[21412,40508,41287,44213]
[21413,24700,27885,52155]
[21416,23728,34891,37478]
[21420,21840,22100,64311]
[21420,21840,25228,64311]
[21420,22260,22261,25228]
[21420,24240,26967,44404]
[21425,44239,52535,53300]
[21437,26288,29488,44096]
[21437,26533,26702,28227]
[21437,26533,28227,44902]
[21437,26533,28899,49276]
[21437,28675,28712,40885]
[21439,22439,24801,40929]
[21443,46013,49901,60769]
[21448,25172,26939,37541]
[21449,22231,22359,33216]
[21455,28135,33425,60074]
[21461,33781,40279,58729]
[21463,25194,27081,33969]
[21465,30705,31825,62646]
[21470,23289,23586,59886]
[21471,41249,49257,52887]
[21471,44336,45047,64447]
[21471,48841,49257,52887]
[21480,23859,24909,37355]
[21484,22625,23600,29684]
[21489,22127,26923,33611]
[21497,25186,27328,34672]
[21509,52059,54270,58491]
[21515,23135,31775,42401]
[21518,25982,26129,62593]
[21518,26657,29512,61488]
[21525,23153,23985,32625]
[21525,25004,25571,26525]
[21525,26013,26390,27125]
[21525,27115,27225,39237]
[21525,31110,32096,39360]
[21525,31110,35275,42517]
[21525,38304,38400,45920]
[21528,23517,23528,28392]
[21535,28438,29087,44063]
[21551,31901,43654,54346]
[21551,42799,43521,64769]
[21576,32704,32829,48546]
[21582,56782,56898,61677]
[21588,43088,46452,56553]
[21590,23273,23375,34225]
[21590,28090,29939,45050]
[21590,32930,34225,55981]
[21595,24451,41251,61700]
[21595,36725,42250,53062]
[21605,42395,56173,57605]
[21607,21719,21968,36244]
[21607,22041,23157,63657]
[21607,33511,34089,43989]
[21615,23430,23638,27434]
[21616,23384,23546,36741]
[21619,35875,42250,54694]
[21622,23647,23738,58038]
[21624,31200,36040,44425]
[21624,41292,47545,48495]
[21625,24167,24220,29575]
[21625,41515,45000,58156]
[21629,26403,27105,30465]
[21632,21840,24843,29232]
[21632,51332,52897,57892]
[21637,36223,36811,40139]
[21638,48922,51567,63867]
[21640,37700,37765,48149]
[21641,24790,31825,38665]
[21641,26429,26554,32946]
[21641,27122,29047,31497]
[21645,27621,29304,33605]
[21648,26400,28275,40150]
[21653,37333,44396,47539]
[21658,35987,36176,51304]
[21659,32483,33566,41342]
[21663,27228,36304,51504]
[21665,39319,40415,60494]
[21666,49122,57309,62434]
[21672,30160,33553,35450]
[21675,32589,33235,33550]
[21675,36295,36375,52887]
[21675,36963,37300,50320]
[21675,41975,47067,55845]
[21675,56277,57165,65195]
[21677,35627,35642,44462]
[21679,33361,38179,47071]
[21682,23545,23705,29593]
[21682,23545,23705,34625]
[21682,23545,29593,34625]
[21682,24650,24905,27565]
[21684,23392,37791,64692]
[21691,23959,24089,30361]
[21692,25675,25808,29380]
[21692,36569,37120,40160]
[21692,44183,47872,54692]
[21692,44283,47328,54972]
[21698,26038,26441,35621]
[21700,25500,31671,58575]
[21715,31065,31575,57687]
[21716,22475,24400,52820]
[21716,23725,24400,52820]
[21719,33225,35469,49395]
[21720,26865,31200,40216]
[21720,36000,36200,36361]
[21731,27450,35050,50630]
[21736,35056,36621,42346]
[21749,28651,53209,60391]
[21774,29829,29957,51667]
[21775,25655,27470,49111]
[21777,23548,23664,28548]
[21777,32145,39270,43127]
[21779,29293,30243,43743]
[21791,36511,42291,45489]
[21793,23575,27232,37375]
[21795,33565,33675,45621]
[21800,22176,22345,50024]
[21800,37168,43055,55550]
[21801,30295,33705,48399]
[21804,31788,32012,36863]
[21805,27695,28625,37777]
[21805,28845,29637,31050]
[21808,32708,35853,41412]
[21809,25627,25916,26248]
[21812,27456,31863,38988]
[21812,28888,29193,29733]
[21812,29547,30667,53483]
[21812,30875,34580,58912]
[21813,22562,22563,26187]
[21813,26795,38212,62795]
[21813,28853,29051,40321]
[21825,23655,23777,37345]
[21827,27173,27448,32227]
[21835,50325,53625,55449]
[21836,24496,24553,48863]
[21836,26883,28564,47792]
[21840,23220,23244,40625]
[21840,24276,26299,34476]
[21840,27200,28496,32825]
[21840,28280,32825,41006]
[21840,29785,32449,33215]
[21843,24723,28567,50967]
[21843,25197,26697,31447]
[21844,33904,33971,46031]
[21845,26535,42919,46937]
[21847,26533,28574,43694]
[21850,31119,31160,48944]
[21853,35607,36504,60516]
[21853,38947,39353,48749]
[21854,33019,34048,35632]
[21855,48825,57575,61194]
[21861,26250,28560,42200]
[21867,25173,26356,31949]
[21867,43338,44736,45704]
[21867,45837,48462,54242]
[21868,25193,25228,33428]
[21868,25193,26257,27511]
[21872,34976,35249,35626]
[21879,24969,25051,28101]
[21879,24969,34153,63903]
[21889,48511,48685,59311]
[21894,34071,35670,49450]
[21900,32015,35697,41625]
[21901,24674,36062,42926]
[21901,36049,36062,42926]
[21901,44625,44799,55425]
[21902,27950,29627,50095]
[21905,36975,37407,43875]
[21905,44700,53583,60345]
[21913,29337,42537,53163]
[21915,55165,56210,57046]
[21917,27869,29290,32395]
[21917,33019,35581,58883]
[21918,27406,27819,38793]
[21920,26564,27811,43420]
[21924,41724,44125,50151]
[21930,25425,29146,44070]
[21935,22057,22468,42025]
[21935,22214,22550,22586]
[21935,22372,24272,37060]
[21941,23925,26055,62265]
[21941,28934,29341,30243]
[21941,34850,34891,45475]
[21949,22161,30906,48594]
[21967,25201,26767,33949]
[21971,31979,36386,44461]
[21975,39639,40125,45415]
[21976,46400,48024,52875]
[21980,31525,35987,53851]
[21983,22765,26390,30458]
[21983,23972,31809,61321]
[21983,25311,26433,33033]
[21983,32775,33642,41895]
[21987,32886,37062,63862]
[21988,29008,39617,46637]
[21990,42458,47642,50567]
[22000,27265,28864,35200]
[22000,27580,28700,50561]
[22011,30936,33459,37381]
[22011,32379,37559,47541]
[22015,37733,38110,41242]
[22018,28543,28776,36464]
[22035,23309,25425,28785]
[22035,27775,28785,31473]
[22040,25784,27835,38266]
[22048,24600,30210,31995]
[22048,26264,27048,33761]
[22050,32886,33495,46075]
[22052,25996,29477,32623]
[22052,33136,46361,64964]
[22059,36846,37118,45822]
[22068,23232,24396,37393]
[22069,32651,32947,48638]
[22081,23069,23715,59619]
[22083,45187,45333,49062]
[22089,53064,53536,63048]
[22100,25277,25285,45373]
[22100,27931,32045,33125]
[22100,37680,40820,45373]
[22101,24099,24124,24288]
[22101,25949,26286,27189]
[22102,22250,22550,22873]
[22113,24327,37206,53159]
[22113,25317,25802,47502]
[22125,27795,28659,46325]
[22126,33649,40071,51129]
[22126,48829,49022,54418]
[22127,41602,46543,52647]
[22135,25143,28275,56457]
[22135,34199,34251,46635]
[22143,28006,30744,53856]
[22144,33296,33307,57058]
[22145,25925,26078,28662]
[22151,34009,35929,51796]
[22154,23142,28710,53295]
[22156,29324,29844,55969]
[22165,27475,32813,36179]
[22167,23217,24058,29975]
[22176,44616,45240,46475]
[22178,23322,26871,43503]
[22183,27097,28681,45731]
[22187,28413,63396,64944]
[22197,24815,26190,29778]
[22200,23751,26535,31265]
[22200,24444,24605,44625]
[22200,26169,26535,31265]
[22200,47632,48618,65265]
[22207,23657,23903,26542]
[22207,23657,28577,61162]
[22217,25143,25857,46143]
[22223,27098,27727,61369]
[22231,24319,24321,30591]
[22236,36900,37060,50125]
[22242,23349,25949,29667]
[22243,22882,25283,61243]
[22253,22701,29799,40953]
[22253,30003,33702,39117]
[22253,50963,52003,56287]
[22256,33408,37881,58608]
[22260,24633,25392,54740]
[22260,30420,32500,35139]
[22263,43529,46371,55929]
[22265,23905,23975,62342]
[22267,34867,42448,45068]
[22268,37024,56068,56693]
[22272,23800,23953,25160]
[22275,30141,40515,52865]
[22275,32103,32390,39150]
[22281,39159,39257,40533]
[22287,27063,29807,54417]
[22287,35638,37487,55879]
[22287,36708,43792,48412]
[22287,38433,39192,45088]
[22289,27761,28141,60019]
[22289,34609,34933,47253]
[22294,24038,24335,42925]
[22304,32604,32929,47396]
[22310,38645,42517,46859]
[22319,29969,30007,61623]
[22321,23375,27775,34595]
[22321,29325,31960,50500]
[22321,29913,31512,32079]
[22325,23989,26075,28105]
[22325,40651,40815,46965]
[22330,56170,56677,59450]
[22331,23956,29044,30736]
[22333,28823,31578,55822]
[22336,23528,29665,30680]
[22338,29862,30033,45917]
[22345,37065,37433,44125]
[22348,31552,36593,43732]
[22359,26129,34481,59569]
[22368,30552,46833,51992]
[22372,38325,40885,63875]
[22373,30277,33031,37401]
[22375,27521,29600,35815]
[22375,27521,29600,42340]
[22375,27521,35815,42340]
[22383,25542,37521,63833]
[22385,22700,22740,46028]
[22385,27170,27808,35696]
[22388,29857,47444,54896]
[22393,29575,30107,57125]
[22393,29575,30745,33345]
[22400,39520,41125,49504]
[22400,41248,48125,56252]
[22401,27649,30970,46151]
[22401,42237,47025,56015]
[22406,25474,25531,33901]
[22407,29575,44135,45305]
[22407,39032,44135,45305]
[22411,29725,31755,40590]
[22411,29725,36395,59860]
[22412,29013,29068,57008]
[22413,25263,30877,35427]
[22413,25317,33402,48923]
[22413,48307,55269,61254]
[22419,33021,33028,61248]
[22422,28103,29472,50904]
[22423,41652,46228,61232]
[22425,22695,22989,38675]
[22425,22862,22962,39330]
[22425,30951,40001,54015]
[22428,31557,32452,52752]
[22432,42016,42084,51009]
[22441,27193,27482,44882]
[22446,25950,28130,30621]
[22448,47168,52948,61073]
[22451,25597,29078,33022]
[22451,30849,30861,44109]
[22451,33899,34226,38701]
[22468,26945,30432,36900]
[22471,26404,27356,28336]
[22471,33221,41477,50629]
[22475,27029,27260,28565]
[22475,37835,38775,53157]
[22493,34333,34629,46469]
[22495,44689,46255,49489]
[22496,37004,37259,41876]
[22496,37004,37996,39701]
[22496,39304,44744,47731]
[22500,28545,28576,28700]
[22500,28545,28576,51900]
[22504,26000,26245,26675]
[22504,28741,31117,32947]
[22504,31396,32947,56729]
[22504,39664,39961,50246]
[22508,24308,24367,54221]
[22509,26491,36859,54778]
[22517,32725,34265,36295]
[22517,38663,38709,40139]
[22525,23690,26486,34874]
[22525,24779,26750,27115]
[22525,26469,33019,44795]
[22525,29891,31625,35785]
[22525,32619,37365,49419]
[22526,25854,28014,33789]
[22533,23842,24531,42021]
[22533,24327,27202,37842]
[22533,28518,29563,35987]
[22533,34875,37325,49395]
[22534,25789,26307,35547]
[22542,25737,25792,60112]
[22550,30586,38335,41030]
[22568,23432,23657,49793]
[22568,37275,42432,63000]
[22570,53350,53354,65453]
[22575,27625,27846,30135]
[22575,32409,33240,40625]
[22576,36032,36043,49232]
[22591,35425,35534,40385]
[22591,35425,35534,41470]
[22591,35425,40385,41470]
[22591,41599,42254,59271]
[22593,35029,37332,51996]
[22600,28704,48025,58760]
[22600,37895,51272,53000]
[22607,46718,51982,60914]
[22607,57889,58682,60914]
[22608,23445,23600,25008]
[22609,32509,33087,44991]
[22610,36569,43225,47481]
[22616,48000,52200,65535]
[22620,34500,37700,53223]
[22625,24193,27915,28405]
[22625,24856,28960,32600]
[22625,27777,28125,33123]
[22625,36863,39525,59237]
[22630,27625,27671,31025]
[22630,27625,27671,50575]
[22630,31025,35399,59641]
[22630,44438,50575,57962]
[22631,24871,24893,52327]
[22631,25619,25756,25864]
[22631,34844,43036,47824]
[22632,24672,25256,31611]
[22640,34340,35275,51357]
[22644,24123,35520,40460]
[22644,34320,36075,45769]
[22646,38779,41866,53066]
[22652,39812,39813,47652]
[22656,34800,35425,58000]
[22659,23989,24024,52299]
[22659,29309,41181,52299]
[22660,23348,25025,34573]
[22661,23749,23987,30067]
[22661,25499,25585,38545]
[22661,32086,33824,35696]
[22668,25008,32113,50537]
[22678,25297,25487,43993]
[22678,40687,41447,60697]
[22684,25375,25984,51940]
[22684,26800,27045,60420]
[22685,24505,25688,34900]
[22690,23510,25225,55451]
[22698,32841,34710,39770]
[22701,40851,42364,45339]
[22703,49873,50297,63047]
[22704,29971,33456,49536]
[22707,28449,28776,50576]
[22713,45305,46475,62713]
[22724,29325,37099,63125]
[22725,32109,62216,63525]
[22729,24106,37577,52207]
[22729,24521,24871,30171]
[22737,42687,53992,57868]
[22742,28594,29369,49619]
[22743,25327,25480,29260]
[22750,25506,25650,53955]
[22750,27622,27825,29595]
[22755,23140,25632,61500]
[22755,31005,41245,59163]
[22755,31390,31611,49275]
[22765,24800,25984,36640]
[22765,26195,38779,42757]
[22770,59085,59150,64542]
[22776,23579,30464,41464]
[22776,24624,24674,29665]
[22779,32045,33350,43771]
[22781,23769,24244,33352]
[22781,38581,40221,46109]
[22790,28730,29627,36550]
[22792,26312,29302,65527]
[22792,55968,59829,65016]
[22814,30889,31537,37961]
[22815,24012,24375,63713]
[22816,58384,58466,63457]
[22824,33687,37824,40576]
[22825,45815,48363,59829]
[22829,30875,31460,61700]
[22831,25715,31450,35294]
[22834,27489,31688,39592]
[22848,24360,25375,25752]
[22848,24360,25375,31110]
[22849,41756,42559,44759]
[22855,42881,43194,45895]
[22857,24264,25664,31432]
[22863,28337,34637,38641]
[22866,28782,31857,54418]
[22875,25092,30192,59780]
[22875,31520,32325,36051]
[22880,31525,32000,40352]
[22880,33660,40700,42653]
[22892,32759,34608,62484]
[22893,33043,37219,60593]
[22900,41776,50355,64500]
[22911,24089,26286,33354]
[22918,30082,34799,63843]
[22919,54691,58297,62023]
[22920,39919,40081,46031]
[22925,26871,38054,62530]
[22925,36367,42608,47300]
[22932,31815,35425,36057]
[22939,29659,30199,32549]
[22940,30225,32185,33263]
[22945,33485,34209,39775]
[22946,24150,24585,25179]
[22946,34771,41811,48461]
[22949,29285,33125,40999]
[22960,32095,40016,44800]
[22960,41412,43460,61075]
[22962,28595,28638,35250]
[22969,23606,24992,58256]
[22971,26771,27816,50724]
[22971,37209,38779,47291]
[22977,24108,25772,39072]
[22979,28721,29246,38038]
[22981,37499,42644,49981]
[22984,28704,34983,39882]
[22984,34891,38909,40885]
[22984,38077,42016,43384]
[22984,38325,38909,40885]
[22987,33062,33123,44253]
[22997,28747,33553,56303]
[22997,42275,46280,47275]
[22997,43747,46172,61828]
[23000,29156,34475,56135]
[23001,25177,31977,48873]
[23002,32922,33127,48422]
[23018,23182,23207,25205]
[23023,45177,45188,50912]
[23025,26962,40430,54290]
[23028,28975,34160,64372]
[23028,37837,45216,49164]
[23033,32627,33283,42877]
[23042,28438,34563,55083]
[23047,26233,29936,44881]
[23047,49543,50946,54279]
[23048,34072,41034,62649]
[23051,24549,24564,35784]
[23051,30301,33781,53654]
[23055,35535,35751,38425]
[23056,24208,34969,50908]
[23058,23682,24338,35563]
[23067,23508,41008,43692]
[23067,26257,26312,26788]
[23067,29829,32671,58017]
[23069,27709,27738,30958]
[23069,32155,33925,42619]
[23070,35325,35374,49966]
[23075,38010,41925,53757]
[23079,32522,35910,51510]
[23079,46375,46905,49455]
[23091,24050,26640,48984]
[23091,40533,45150,49235]
[23100,37961,41615,57545]
[23100,41888,41965,61540]
[23103,39372,45548,50592]
[23108,26825,26865,60495]
[23113,40137,40647,56637]
[23115,29212,32700,48240]
[23124,36975,42000,45100]
[23125,31595,33575,42809]
[23129,26585,28175,59540]
[23130,31050,32125,34662]
[23133,24862,24867,60987]
[23133,25317,34365,40658]
[23141,55195,55475,55909]
[23153,29425,29455,64753]
[23153,33999,34645,43825]
[23153,35633,35653,45617]
[23160,26240,27000,34161]
[23161,27347,29203,45011]
[23161,33259,33701,45349]
[23161,40441,40684,59911]
[23161,45689,47481,60781]
[23161,46375,48125,53795]
[23165,26500,27136,28700]
[23165,28675,29267,30125]
[23177,27223,31112,37513]
[23177,27727,32368,42872]
[23177,34013,39732,61468]
[23188,39875,46640,49300]
[23199,28449,28776,38599]
[23199,29422,29826,55278]
[23199,39900,42465,62345]
[23200,23616,24300,53505]
[23200,24180,24820,25549]
[23200,29432,29435,54418]
[23200,43792,48875,50692]
[23200,49912,50760,61625]
[23205,27468,27795,51493]
[23205,29925,29933,38675]
[23205,31668,32045,48475]
[23229,26565,26950,47971]
[23230,26855,27577,37145]
[23230,34850,34891,37145]
[23240,24060,24675,25263]
[23241,23751,24583,48633]
[23249,23499,23569,43729]
[23250,23653,24525,31155]
[23257,29887,30134,33991]
[23263,26651,27638,32338]
[23273,33335,39627,47915]
[23273,35513,39593,64343]
[23273,41327,45617,48433]
[23275,24409,25109,58645]
[23280,61000,62403,65025]
[23283,44829,44958,50158]
[23287,53513,57577,58847]
[23290,42347,43350,55622]
[23310,28275,38773,42315]
[23322,45747,48552,62192]
[23331,24325,24381,44844]
[23344,25276,25531,33901]
[23345,32689,37345,43925]
[23345,34408,41905,51175]
[23345,54125,55857,60175]
[23353,37367,42696,49764]
[23363,35011,35563,62486]
[23374,47125,47200,53824]
[23375,24442,24640,64600]
[23375,24505,25636,26500]
[23375,25454,25721,36025]
[23375,26129,36685,49555]
[23375,26462,28985,61105]
[23377,27336,27936,29064]
[23377,29039,39673,64711]
[23377,41711,42389,45073]
[23377,47785,54225,63535]
[23384,26871,34944,48744]
[23392,34336,40936,46139]
[23393,26657,27683,40033]
[23400,25185,25696,48000]
[23400,26936,27010,31265]
[23407,38473,41308,46208]
[23408,23912,25498,42427]
[23412,24111,24112,37236]
[23413,24817,41423,51727]
[23424,29820,30500,39999]
[23424,31960,37224,59925]
[23425,25063,35300,45465]
[23426,26110,26350,42149]
[23426,37846,38889,46189]
[23427,38019,40227,59869]
[23427,41022,41088,58088]
[23432,24616,24682,30857]
[23433,36075,36425,62583]
[23435,25075,37771,46325]
[23435,30475,33019,59375]
[23436,39396,39565,50005]
[23443,33532,33728,34672]
[23450,23530,23595,27626]
[23450,33178,33425,40922]
[23452,24927,24928,31772]
[23460,28704,29325,48025]
[23460,28704,48025,60996]
[23463,24858,24871,31449]
[23463,31837,32153,34727]
[23471,35175,36240,39375]
[23475,23949,24101,46750]
[23477,29308,29648,44192]
[23485,26825,26925,65453]
[23485,36285,38019,48339]
[23500,28832,30345,47700]
[23500,33229,40400,50196]
[23504,32396,34804,44135]
[23504,53636,57629,64636]
[23508,26329,41008,41792]
[23526,24354,24487,43077]
[23532,33333,42476,47616]
[23534,31906,31939,51761]
[23544,40416,45889,49661]
[23545,25284,27984,29916]
[23545,31609,32045,36841]
[23550,23835,24178,41790]
[23555,32200,32800,37688]
[23555,38755,45187,57850]
[23560,25288,28462,35815]
[23560,25632,32218,36565]
[23562,30345,32912,46200]
[23570,40290,49497,50850]
[23571,42891,47821,62234]
[23572,28808,28907,34143]
[23575,25760,26240,31648]
[23575,56335,56375,60092]
[23577,28167,29561,39846]
[23579,24346,24794,37814]
[23579,24909,25019,25669]
[23585,29930,30952,49856]
[23585,33350,33814,48790]
[23585,34655,38425,45607]
[23591,27331,27892,37888]
[23595,32177,33345,59073]
[23595,32375,32859,51675]
[23600,27115,27472,46400]
[23607,38193,40768,42456]
[23616,25984,31816,45305]
[23616,43680,43800,45305]
[23621,25700,25829,29555]
[23621,43771,49413,53879]
[23634,44137,46359,57591]
[23635,34085,34328,35084]
[23638,45562,48723,54778]
[23647,26418,30498,42402]
[23647,39457,39776,54329]
[23650,34850,34969,46750]
[23653,26722,30597,48923]
[23659,37259,44511,51039]
[23660,29580,36244,47125]
[23660,36080,36244,47125]
[23664,31300,31875,57060]
[23664,56364,56425,58011]
[23674,42186,42189,54201]
[23681,29104,31913,34153]
[23681,30719,34629,38171]
[23691,32469,33441,38719]
[23698,27494,27727,29627]
[23698,35658,36703,60947]
[23700,37296,37779,40145]
[23702,25619,26027,28781]
[23702,25622,26298,32997]
[23712,27163,28288,37792]
[23712,46512,46513,50388]
[23712,46512,46513,60230]
[23713,43263,47475,53613]
[23715,48675,52899,57035]
[23716,29951,31396,43996]
[23725,31229,45500,49640]
[23732,37648,39636,52309]
[23735,26220,27456,60300]
[23735,29815,38775,55883]
[23735,34697,40703,62015]
[23739,29029,29328,50373]
[23749,26301,28611,57384]
[23750,30277,30875,35245]
[23750,39390,40391,47125]
[23751,49179,51207,53447]
[23759,27887,27891,33363]
[23765,41118,53550,58782]
[23776,31664,44918,52003]
[23779,26999,27028,31668]
[23780,28085,32800,34916]
[23790,33338,35075,36335]
[23800,23828,24395,26825]
[23809,45365,54491,64859]
[23816,27664,36309,60914]
[23821,37625,39130,53750]
[23821,49525,53750,65395]
[23824,37468,55651,57532]
[23825,26390,28390,55274]
[23825,38545,38675,39073]
[23829,25875,25900,26445]
[23837,38407,40647,53447]
[23842,51442,56693,56882]
[23850,29427,29440,44520]
[23851,35351,35929,62169]
[23851,41309,42212,64213]
[23856,30044,31524,43239]
[23868,37665,41540,58032]
[23870,52030,54782,62909]
[23871,27807,27971,29757]
[23871,28764,30889,39639]
[23871,40391,40734,51129]
[23871,52767,58533,60229]
[23874,26358,28567,48783]
[23875,38869,39331,64675]
[23877,34181,38781,48573]
[23883,36651,36917,39192]
[23885,25705,27257,30073]
[23896,48000,48285,63720]
[23902,31538,33219,44881]
[23912,33488,42137,45262]
[23919,24569,24679,26009]
[23919,28975,29219,33745]
[23925,24149,25215,28449]
[23925,30195,35563,36075]
[23926,47145,51270,54726]
[23928,40672,40877,41608]
[23928,55088,57826,60409]
[23936,24864,29304,33099]
[23937,32452,33687,63327]
[23940,48165,48412,56784]
[23941,25955,26900,28925]
[23941,35909,49021,64829]
[23944,36256,37741,46904]
[23944,44744,45994,50881]
[23951,27025,27125,30635]
[23954,31621,44114,54894]
[23959,44109,44551,54649]
[23968,44144,48994,60131]
[23973,40185,40565,42123]
[23975,41685,50022,61650]
[23978,41642,41734,46081]
[23983,24401,24751,54433]
[23985,25935,27857,39975]
[23986,48230,48375,57475]
[23989,25375,34190,43210]
[23994,24582,25594,55481]
[24012,27820,30537,36180]
[24013,25883,26011,51766]
[24024,25300,25705,34595]
[24031,27683,48931,60131]
[24038,26702,27587,36673]
[24063,30849,38363,51013]
[24070,31110,38454,65331]
[24075,28560,34544,48000]
[24089,30361,30889,33065]
[24089,30361,31719,38831]
[24089,30361,31719,52806]
[24098,32973,36147,54027]
[24100,54340,60581,62660]
[24101,26533,28483,46501]
[24101,31668,35757,44499]
[24108,48503,55104,59436]
[24115,35420,35987,36941]
[24115,39900,43248,58500]
[24118,27807,28008,28272]
[24123,25787,26307,29268]
[24123,30673,32331,39627]
[24125,27069,27606,59925]
[24125,28885,30635,42074]
[24125,32980,33196,62900]
[24125,35581,35705,46631]
[24128,31228,41921,52316]
[24128,31672,35113,60088]
[24149,27331,27334,29141]
[24149,33579,33649,38171]
[24150,27209,30225,42159]
[24156,29784,31317,33473]
[24156,36036,40260,42925]
[24160,25564,25965,54436]
[24174,28866,35003,65383]
[24178,27146,27475,40165]
[24178,27599,27874,41678]
[24186,41022,41347,56947]
[24206,26894,30849,51714]
[24207,26481,26657,26869]
[24217,45209,52033,56191]
[24220,29575,35984,44800]
[24220,34800,34829,45845]
[24220,35504,39625,57071]
[24221,32857,33746,33818]
[24224,25456,28009,31666]
[24224,27608,28217,42392]
[24225,33850,34527,36375]
[24231,26169,28171,32021]
[24242,33062,33077,47027]
[24242,36777,37128,62928]
[24249,30624,30976,48224]
[24249,34887,36399,54937]
[24249,49973,52923,65349]
[24268,38632,38683,48833]
[24270,39185,39646,39950]
[24272,39168,47952,63873]
[24273,24636,26148,32848]
[24273,25413,25456,61576]
[24276,33005,38675,59245]
[24278,27554,29321,43829]
[24295,36285,36612,51000]
[24297,31980,33553,41225]
[24297,34839,35561,57939]
[24297,37149,38003,42253]
[24297,37149,42253,50547]
[24300,31008,44835,59500]
[24309,52780,52925,58109]
[24325,27650,28046,28530]
[24327,28548,29415,30073]
[24335,35249,35325,57585]
[24336,27464,28314,30897]
[24336,30264,32786,33745]
[24336,51531,52496,64896]
[24341,30721,33157,47483]
[24345,38481,44625,55550]
[24346,37271,38064,41736]
[24350,35725,41170,54302]
[24352,33320,38070,52377]
[24354,41769,43758,53218]
[24357,27625,29975,42007]
[24360,25200,25375,38454]
[24360,27025,27264,33000]
[24360,29600,32625,39294]
[24360,31584,31784,51765]
[24375,28055,28125,33123]
[24375,29203,31005,40803]
[24380,55180,55709,58825]
[24383,49691,53909,56341]
[24386,28786,41477,53293]
[24386,32125,32485,48739]
[24395,32565,32850,33099]
[24398,30502,35443,63747]
[24400,38908,39125,41785]
[24400,39116,44935,60500]
[24402,25326,25327,41902]
[24411,34375,34395,46875]
[24412,46813,46852,62048]
[24415,34953,35460,36897]
[24420,30300,32701,32825]
[24420,32175,32825,35409]
[24420,48048,48100,48477]
[24427,30923,33813,64558]
[24428,28372,30247,34081]
[24428,33136,36839,45236]
[24428,37375,39520,42100]
[24433,42500,50065,57625]
[24435,29060,29141,52525]
[24444,32704,34524,37449]
[24453,30879,31621,46779]
[24459,35041,35184,59208]
[24464,37815,40336,49264]
[24467,34438,34592,51312]
[24471,33158,33496,58696]
[24475,28101,28815,30705]
[24476,34880,35925,39676]
[24477,34335,44835,54173]
[24479,27676,28897,50303]
[24479,34307,34970,58870]
[24486,26214,27489,39578]
[24487,31800,33480,37512]
[24492,27664,29211,39564]
[24492,28408,29673,31323]
[24495,27375,27641,34375]
[24505,31061,34900,42380]
[24507,46243,46782,52515]
[24510,24605,24642,25650]
[24518,29271,29718,48954]
[24521,52809,53771,62059]
[24525,29268,33600,41420]
[24525,48951,50685,52355]
[24541,35860,36084,39600]
[24544,26775,31625,39185]
[24544,28496,28938,47817]
[24549,25085,25251,56376]
[24552,28488,29593,32882]
[24556,30044,33801,46851]
[24563,49390,50288,52360]
[24565,34715,35547,44325]
[24566,32266,35802,37887]
[24596,25317,28304,35308]
[24596,38304,52884,61101]
[24600,30384,30625,40470]
[24605,25443,25957,37925]
[24605,27454,30846,38850]
[24605,27685,28250,37629]
[24616,31616,43928,65341]
[24625,26767,26825,27383]
[24625,36260,42500,59888]
[24633,31533,34937,58247]
[24633,37605,39767,64855]
[24644,28600,30805,44525]
[24656,37056,39951,45264]
[24674,27950,31390,36335]
[24679,25631,25852,39928]
[24679,31400,31871,61625]
[24681,31977,32775,36805]
[24700,25308,25875,33345]
[24700,48416,48505,50180]
[24705,26910,26962,42450]
[24705,35649,36295,37026]
[24710,33125,35526,37418]
[24716,36004,51127,63007]
[24719,53618,55943,63631]
[24723,27027,28413,28567]
[24723,47748,49692,52592]
[24735,26145,29325,35123]
[24739,37064,38909,49381]
[24745,35140,39100,45248]
[24747,26749,28476,29928]
[24748,27468,32373,41157]
[24752,28420,32123,46852]
[24753,34917,37444,38184]
[24765,29070,33592,48336]
[24769,30597,38097,48081]
[24780,33520,33525,65007]
[24795,27378,32955,52403]
[24795,29007,29982,55670]
[24800,28792,29875,56120]
[24800,39880,40200,50847]
[24822,32298,39187,59213]
[24838,31750,35530,62095]
[24843,30069,32357,47031]
[24854,25350,27846,32775]
[24854,31070,32775,50925]
[24855,46695,53286,56278]
[24857,30247,33814,55279]
[24862,36562,36743,37858]
[24863,39262,39278,48238]
[24864,28536,31117,44088]
[24864,42484,43365,49140]
[24871,26169,26901,51051]
[24871,26329,28589,33319]
[24871,27454,28798,36146]
[24871,28994,29087,35207]
[24871,29524,36652,40992]
[24875,31083,31125,34983]
[24882,26877,30498,33118]
[24882,51110,54015,60525]
[24885,34821,45771,54325]
[24885,44895,45771,54325]
[24887,37604,38212,46496]
[24893,32725,47275,57970]
[24912,34452,34713,61588]
[24924,33337,35076,39024]
[24938,26502,26623,35002]
[24939,30186,31824,33896]
[24941,27475,27995,41125]
[24947,25236,25389,29997]
[24950,34102,35530,51595]
[24960,30240,31200,42121]
[24961,34943,40561,45889]
[24961,43239,51666,59769]
[24963,33125,35325,56445]
[24963,58941,60791,62409]
[24969,29431,29449,64414]
[24969,34881,34916,44321]
[24969,37269,48314,57974]
[24973,52577,54353,57647]
[24975,28914,29464,31080]
[24975,29391,29415,48985]
[24975,29391,31605,53909]
[24983,33033,39624,45591]
[24984,30456,30561,36814]
[24985,29575,29602,35321]
[25000,26240,37769,51250]
[25003,32147,32572,65331]
[25007,30397,32449,34241]
[25009,26159,26166,59010]
[25009,48584,50641,60977]
[25011,32409,36841,45591]
[25012,29555,53612,64000]
[25016,30424,32951,47234]
[25016,42016,43834,47541]
[25016,42016,44616,47541]
[25016,42016,47541,57928]
[25020,33756,34500,41419]
[25025,27455,27625,55777]
[25025,28193,29125,33605]
[25025,28616,33215,43745]
[25025,29920,29975,55777]
[25025,30107,33150,43890]
[25025,46207,50625,55965]
[25025,52547,54910,64630]
[25036,27664,27881,28756]
[25039,45339,49713,62577]
[25048,38600,40602,49215]
[25049,28249,28379,35881]
[25051,41736,49856,63544]
[25051,46075,53300,55685]
[25056,28368,28565,35460]
[25075,27341,28165,30740]
[25075,31004,38165,42125]
[25080,25620,25925,33001]
[25085,28595,30275,30653]
[25095,33465,33775,38703]
[25109,31094,37757,42347]
[25123,34547,37828,59752]
[25123,38318,38850,41710]
[25123,38318,46851,60421]
[25132,28660,30093,51700]
[25137,27993,28679,36089]
[25143,30653,36018,57222]
[25143,32453,36297,61047]
[25162,29425,30063,60687]
[25175,35017,35625,51410]
[25179,28575,28885,38571]
[25179,34155,34496,45780]
[25185,49050,49377,56575]
[25194,29674,40902,42687]
[25200,27412,27700,58835]
[25200,31824,32045,39780]
[25200,31824,32045,47700]
[25200,32016,32045,32880]
[25200,45792,47300,59625]
[25201,29359,36163,45373]
[25201,29359,36163,51997]
[25201,29359,45373,51997]
[25207,38033,43962,60663]
[25208,26144,28633,33592]
[25215,28449,48749,52275]
[25216,32816,34896,51861]
[25216,50384,50431,63826]
[25217,30167,30377,58327]
[25230,27375,27550,34018]
[25235,26230,27206,44918]
[25239,33989,34619,41989]
[25245,28899,30349,32175]
[25251,34281,38969,43719]
[25254,28254,34221,61771]
[25256,25553,32825,37105]
[25256,26444,29029,54691]
[25256,32704,34727,50963]
[25256,32704,44968,50963]
[25276,27707,27740,55460]
[25277,31000,31400,44000]
[25277,33925,39330,40035]
[25296,33696,40044,46189]
[25317,27778,27918,29682]
[25317,35483,35518,37093]
[25317,35483,35757,40293]
[25327,52003,52497,57327]
[25331,26011,36062,63973]
[25333,27317,28999,55883]
[25345,31465,31647,52577]
[25345,35056,36905,42881]
[25346,38779,39026,44274]
[25347,26887,27778,59738]
[25350,26814,29315,46761]
[25350,40310,53911,61750]
[25355,31625,42873,51975]
[25355,47320,52000,62696]
[25358,30442,38037,42763]
[25365,25452,26077,62115]
[25375,26222,29225,46825]
[25375,29183,30305,34958]
[25375,29665,30363,36975]
[25375,33620,34000,38048]
[25375,36806,37800,51944]
[25376,25500,25700,25925]
[25382,32879,33418,49654]
[25384,32916,39641,47173]
[25389,31059,32045,35595]
[25400,26071,27840,28280]
[25400,44384,45225,64209]
[25408,40528,46846,58259]
[25415,33649,37050,44574]
[25416,44688,44737,51891]
[25425,32103,34500,36047]
[25429,28971,32881,39919]
[25431,32913,34594,54537]
[25433,28985,39083,48235]
[25441,30719,31691,40469]
[25443,39457,48977,53713]
[25454,42250,42471,50325]
[25484,32080,33684,36841]
[25487,35237,35263,53567]
[25493,25789,26307,35139]
[25493,32523,34281,43401]
[25493,44437,45103,63653]
[25499,43129,46254,48246]
[25500,25984,28305,41325]
[25500,26013,26715,29725]
[25500,27280,27900,30039]
[25500,36623,45648,48960]
[25500,45780,46325,50343]
[25502,26638,28741,34034]
[25504,28496,28692,29729]
[25504,40100,40545,45429]
[25505,34815,40634,55297]
[25517,26195,26325,60333]
[25517,26195,26350,64883]
[25520,33580,38325,48372]
[25521,30799,31611,34161]
[25543,32053,32396,39524]
[25543,32407,32420,46568]
[25543,32407,33642,59178]
[25549,33293,35351,35657]
[25551,54945,59976,62900]
[25553,26715,27153,30225]
[25563,31557,32097,59647]
[25568,36208,36754,47141]
[25571,32721,41699,54691]
[25571,39273,40950,59010]
[25575,25900,26640,42828]
[25578,27750,34447,52185]
[25584,28860,29341,64985]
[25593,29693,35022,54342]
[25597,27225,29997,34515]
[25604,26364,26532,41067]
[25608,35607,36608,52768]
[25612,33288,33793,60743]
[25619,28589,34661,49381]
[25619,30317,31535,33565]
[25619,36499,44251,49381]
[25620,31668,35380,40443]
[25625,26691,27880,65500]
[25625,31565,33500,48372]
[25625,33945,35055,38982]
[25628,27040,28028,32335]
[25628,29317,30541,33549]
[25628,33475,33860,41600]
[25631,32219,38885,49445]
[25636,26500,34340,38425]
[25636,33936,34340,38425]
[25636,36888,38425,52205]
[25641,31659,41866,46398]
[25641,36309,36556,44156]
[25649,28594,29406,43406]
[25651,37453,41949,53751]
[25664,26752,27064,31211]
[25665,42185,42775,53737]
[25675,39005,47125,57716]
[25688,32656,36738,37569]
[25688,58088,60010,63713]
[25691,29659,33891,37859]
[25696,26936,30082,35113]
[25700,39035,41884,62660]
[25705,32250,37296,58200]
[25705,33020,38800,46852]
[25705,37367,39867,51675]
[25705,58400,60625,63441]
[25707,26158,26187,28413]
[25707,29997,30349,33936]
[25711,33169,35793,46113]
[25721,38951,40103,64872]
[25723,40325,42485,46777]
[25730,35155,35650,61566]
[25731,44043,45744,48532]
[25737,29097,29467,29733]
[25740,29568,30075,49907]
[25750,31434,36795,38259]
[25752,31877,31968,64728]
[25755,42075,42925,49517]
[25760,40115,41747,44365]
[25767,39537,39673,60423]
[25777,40625,49305,54575]
[25784,42081,51831,62409]
[25784,48941,51979,52429]
[25789,29156,29563,65093]
[25789,31450,37925,60605]
[25802,40898,50307,65403]
[25803,29322,29667,48803]
[25823,36127,37151,44821]
[25825,31460,33056,37700]
[25825,31775,32023,42625]
[25840,28305,29376,58608]
[25840,36375,40239,57327]
[25844,26159,30784,44844]
[25850,29014,33286,39215]
[25857,37668,38532,53924]
[25857,45368,47736,58824]
[25863,27267,27565,38445]
[25863,37294,37312,54056]
[25864,53280,54961,62345]
[25872,28728,29353,45535]
[25872,34265,49728,63360]
[25874,28574,37289,58786]
[25875,27885,28275,29237]
[25875,29785,30429,58275]
[25875,39372,39565,46325]
[25877,30634,30923,41923]
[25877,50731,52327,58823]
[25883,26819,27331,28406]
[25883,39923,40166,43621]
[25888,42476,42763,48076]
[25896,31392,49704,61183]
[25899,26901,26923,26967]
[25899,27875,29370,61110]
[25899,37185,40940,46176]
[25899,41574,45123,51701]
[25900,30112,30380,32935]
[25901,39059,39349,54901]
[25925,26299,27755,31535]
[25925,51405,55266,55845]
[25929,33299,33929,42679]
[25937,29393,29563,30143]
[25942,36337,37009,63121]
[25949,29341,29829,39429]
[25957,27547,27573,28527]
[25957,37925,38107,47545]
[25957,37925,39693,52685]
[25974,28662,34138,43401]
[25974,55575,57424,65520]
[25984,40544,45305,50680]
[25987,28093,47047,49703]
[25995,43935,45489,51377]
[25996,30704,32623,51604]
[26001,28350,51840,64600]
[26009,28441,33511,52204]
[26011,28101,29393,33263]
[26013,31737,32108,51612]
[26019,27531,27939,41251]
[26047,39997,40092,43208]
[26050,27454,33971,50750]
[26051,50999,51401,64777]
[26070,30303,31200,46472]
[26071,27125,27550,41354]
[26078,28823,30226,63714]
[26080,40584,40705,45034]
[26087,43143,45309,64419]
[26091,30834,33934,63282]
[26092,27935,29008,40940]
[26092,34867,36332,45068]
[26095,27860,27948,32656]
[26096,49504,55454,57425]
[26100,34719,35980,59856]
[26103,32683,32853,63147]
[26106,32021,37269,57021]
[26117,31108,32004,49692]
[26125,26452,27340,31120]
[26125,28685,32065,63107]
[26125,29203,30305,32065]
[26129,27470,29150,55970]
[26137,28313,28841,35113]
[26154,26682,26746,27607]
[26156,43544,45839,57011]
[26158,29502,32103,37422]
[26158,30758,35321,39061]
[26158,35321,39208,46904]
[26169,28025,28815,29250]
[26169,28025,43719,50445]
[26169,37341,58438,63618]
[26169,50375,50445,59475]
[26180,28700,29267,45305]
[26180,34800,34829,35425]
[26182,29993,43343,44785]
[26182,31418,32118,44361]
[26196,36636,36805,52765]
[26208,31400,32445,52542]
[26216,32725,33320,45416]
[26220,41760,41876,42275]
[26225,28305,28323,48195]
[26226,30805,30926,63074]
[26228,49232,49691,57196]
[26233,36089,38286,39183]
[26235,31331,31525,56869]
[26235,32850,46866,50350]
[26235,34371,36765,50350]
[26235,56797,57800,62147]
[26239,29614,35906,59566]
[26245,39611,40339,51245]
[26248,27652,27795,48127]
[26250,36835,37125,46917]
[26260,27115,27472,30740]
[26262,28971,29304,44312]
[26269,42275,48505,60125]
[26273,27956,28652,30848]
[26286,38709,39416,64464]
[26289,36455,42161,64975]
[26299,28934,29029,30821]
[26299,29861,39049,43639]
[26299,31429,32487,53963]
[26299,39995,44275,50099]
[26304,32596,36396,59595]
[26307,30883,31037,42862]
[26311,29211,29353,36311]
[26311,36409,37949,39401]
[26312,36112,36478,39997]
[26329,36825,38985,45495]
[26329,38775,38985,45495]
[26329,39429,45495,52425]
[26329,39856,41008,41792]
[26333,36917,48203,58862]
[26341,33509,37741,47227]
[26341,37496,37504,46216]
[26350,29563,29605,44795]
[26353,33003,35648,58292]
[26361,26439,26461,38077]
[26361,28551,28681,47369]
[26361,47239,47369,47531]
[26362,40222,59449,65191]
[26363,28937,29253,37627]
[26364,40136,42039,46995]
[26373,37293,56976,59749]
[26375,36525,36576,50940]
[26381,31775,32431,40145]
[26381,41258,46731,48117]
[26381,52544,52621,59309]
[26384,47200,53705,62084]
[26390,27223,33110,38890]
[26390,41965,45344,54600]
[26404,33712,44321,47012]
[26404,35119,47601,54201]
[26418,28483,28638,39438]
[26424,30213,32824,42888]
[26432,31416,31535,34120]
[26435,42205,46599,64071]
[26441,29367,33291,33417]
[26473,30857,44283,48667]
[26477,29319,29348,29656]
[26481,27183,27742,48081]
[26486,34354,38007,59363]
[26494,36646,37351,43301]
[26500,29920,36575,39644]
[26500,33936,34340,38425]
[26500,49280,51625,54908]
[26502,29618,29627,32743]
[26505,33525,45125,59451]
[26505,47415,51243,64201]
[26528,27328,28450,40553]
[26533,30733,46501,53467]
[26533,40573,43694,53066]
[26533,44187,53911,63899]
[26535,28035,29463,31465]
[26535,30275,31465,52073]
[26537,37289,38811,41913]
[26537,39767,40733,45287]
[26553,35217,37842,41678]
[26553,39951,41676,45103]
[26555,27590,28717,52499]
[26555,30514,30736,40600]
[26564,27224,27347,29083]
[26565,39325,45315,46332]
[26585,30073,30277,42427]
[26588,45200,45220,47255]
[26600,37145,38304,48552]
[26607,32375,32382,34410]
[26611,33086,33464,48464]
[26611,36984,37024,57224]
[26620,28325,33872,38500]
[26622,53142,54511,63971]
[26623,29953,29987,32913]
[26623,41151,43073,58301]
[26625,31487,41475,48285]
[26628,39347,40348,55792]
[26635,38570,44138,58534]
[26649,44526,45031,46879]
[26650,29795,29848,34600]
[26650,42510,46475,49159]
[26657,35743,42233,51872]
[26657,57086,57889,58857]
[26675,41393,47700,64020]
[26684,27251,28196,64804]
[26691,30141,31109,62115]
[26703,28260,31260,47728]
[26705,30485,30751,35425]
[26705,37515,37638,39894]
[26709,35991,36292,43516]
[26712,37088,42029,56296]
[26714,32775,34650,41610]
[26714,37829,46816,47784]
[26715,34465,51285,62037]
[26715,50292,52608,61100]
[26725,39875,52381,53920]
[26728,40864,49803,58536]
[26733,29274,33592,43624]
[26741,35750,36125,46475]
[26741,49237,50609,62063]
[26756,28576,35137,36957]
[26765,27100,27772,40400]
[26773,40723,41139,63304]
[26775,31080,32375,49839]
[26775,31668,32393,34935]
[26775,36951,36975,61585]
[26779,34979,36701,39284]
[26789,31486,31832,64792]
[26789,47615,48990,52510]
[26790,28630,32379,38037]
[26792,51616,54842,65083]
[26797,42097,42173,47683]
[26825,27931,28645,56869]
[26825,29751,29785,33115]
[26825,33117,35640,47508]
[26825,35321,35335,47879]
[26826,33894,39223,53237]
[26840,32065,33000,48872]
[26840,32065,37312,48872]
[26841,38489,40713,41853]
[26845,42378,45405,57603]
[26847,30303,34697,41847]
[26855,29575,35875,38493]
[26855,32025,33497,38125]
[26860,28589,30736,48140]
[26866,30914,32509,36461]
[26866,36366,37506,61509]
[26869,34892,35733,54717]
[26871,28809,32637,53053]
[26871,33579,34662,56498]
[26873,29625,35973,36645]
[26873,36359,37209,39266]
[26877,29971,34170,48990]
[26877,31500,32300,50640]
[26885,29435,30247,35525]
[26890,42010,45713,46211]
[26899,27151,27181,29971]
[26912,31472,32596,52049]
[26912,32368,36801,50286]
[26912,32488,32731,36163]
[26922,41454,44229,62479]
[26928,27972,30492,65527]
[26928,36057,38784,40256]
[26931,44319,46274,50694]
[26936,34972,44289,48711]
[26936,35929,38591,49959]
[26936,47644,49231,56231]
[26944,30176,43784,52991]
[26945,46657,55775,56743]
[26950,39794,42575,60085]
[26962,31862,32147,33553]
[26966,27659,27811,29341]
[26967,36873,38203,64347]
[26977,28823,29378,30422]
[27004,30875,41200,49660]
[27032,42107,42968,45344]
[27040,27608,27625,39208]
[27047,38270,39775,44897]
[27055,36305,40969,56150]
[27056,40128,40656,55803]
[27064,39527,40352,52664]
[27069,48831,52849,57201]
[27070,46155,58275,63531]
[27071,31993,34454,49543]
[27083,44737,51042,57638]
[27098,32390,32677,33235]
[27115,30558,41667,55275]
[27115,31979,36725,47821]
[27125,27293,27307,30635]
[27125,28060,28100,31232]
[27132,38675,47243,59893]
[27132,45315,51357,58565]
[27140,56463,56640,62640]
[27144,35640,36360,42485]
[27156,31812,34237,38319]
[27169,33644,35956,50572]
[27169,48977,60398,65098]
[27175,32665,32683,55769]
[27176,46139,47360,49880]
[27181,31724,32224,50944]
[27192,29124,29865,44495]
[27192,36704,39105,48840]
[27200,28908,30260,41245]
[27200,31248,31977,49680]
[27203,33781,34622,45694]
[27203,33781,34622,65494]
[27209,30914,37961,41041]
[27209,37271,37291,43979]
[27217,33839,38233,62439]
[27219,27521,27594,29406]
[27219,27521,29565,62205]
[27243,40077,45654,61549]
[27251,35259,48090,55845]
[27251,45899,52939,61109]
[27252,40068,40121,40869]
[27255,31930,32150,47594]
[27257,29877,37458,50058]
[27257,30073,37927,46927]
[27261,35010,36814,44850]
[27263,27753,27792,35583]
[27265,28336,28864,35200]
[27265,28652,28823,48425]
[27265,32270,41656,51632]
[27265,33250,35200,43624]
[27265,40223,41325,51027]
[27267,29757,32591,45201]
[27267,35292,37468,46848]
[27267,38883,45201,60817]
[27267,47483,56242,63325]
[27300,31992,38233,51675]
[27313,28969,28994,35113]
[27314,36453,41165,43955]
[27318,31179,36618,50554]
[27328,29300,30353,64660]
[27328,29664,30753,39528]
[27328,32648,33215,36040]
[27332,58688,61028,61497]
[27336,29952,30498,38527]
[27343,38107,38437,47077]
[27346,28490,30229,31075]
[27347,31603,39923,46342]
[27375,31535,41075,47377]
[27376,29744,29756,35881]
[27376,36875,37760,58000]
[27387,34713,36267,39893]
[27387,35178,40854,63206]
[27393,39905,48507,53595]
[27396,28044,31201,32499]
[27400,27985,32625,52689]
[27404,30277,42196,49504]
[27405,45747,53397,56405]
[27412,33308,34067,50213]
[27417,48708,49312,56388]
[27450,37125,38125,58797]
[27455,29415,30073,31450]
[27455,35905,36125,61777]
[27456,45880,47619,59400]
[27462,32038,32103,55413]
[27467,34777,36411,48709]
[27467,48203,51743,63307]
[27470,37298,42845,54850]
[27475,31232,31243,36275]
[27475,53485,56069,63118]
[27483,37883,41407,64127]
[27485,37250,45917,53379]
[27489,28249,35751,39114]
[27491,31261,31901,41701]
[27492,27639,27808,40764]
[27500,52096,54575,56980]
[27512,31008,34680,51585]
[27521,28060,28304,29600]
[27522,35775,39870,59890]
[27536,40000,43025,59220]
[27537,49839,59511,61513]
[27549,48492,48976,50292]
[27552,36432,36530,37515]
[27552,39000,42675,51250]
[27560,27880,28249,34850]
[27565,31065,36951,46935]
[27573,31959,40066,40602]
[27573,32373,33027,50045]
[27579,35757,43429,45704]
[27580,47885,48068,55088]
[27591,57159,57837,58327]
[27591,57159,63291,64859]
[27600,28160,28215,35376]
[27608,34817,39712,50712]
[27615,42600,48000,52264]
[27625,39576,41225,51025]
[27642,28938,29733,31562]
[27643,42007,43772,52292]
[27646,31174,33701,37229]
[27650,29725,29810,30914]
[27652,37193,57220,61360]
[27657,35511,35600,61215]
[27664,48336,49686,57057]
[27666,30942,31059,52258]
[27666,34578,35934,36047]
[27671,52746,57879,63921]
[27676,46657,52768,57276]
[27684,34349,40757,46453]
[27685,32795,35606,48125]
[27685,46235,46275,55482]
[27693,35568,37648,42432]
[27716,37804,46231,51181]
[27720,28275,28587,29525]
[27720,29757,30243,49595]
[27720,36075,36125,38883]
[27727,33201,33777,35649]
[27729,33579,39249,41041]
[27734,32963,38038,39334]
[27738,34962,35263,44545]
[27740,34112,35260,59163]
[27750,28530,30875,35187]
[27750,30555,37848,38800]
[27753,31978,32538,55638]
[27761,31109,31892,38288]
[27761,40411,41451,60651]
[27768,28875,28925,31875]
[27768,30600,31875,46280]
[27776,50524,50876,55573]
[27777,40698,44128,58072]
[27807,30943,32883,64467]
[27811,43442,43645,46115]
[27819,29301,33109,53866]
[27819,30981,31429,39621]
[27819,50091,53789,61539]
[27820,36575,46592,54320]
[27824,30624,31581,46596]
[27835,32420,38768,51872]
[27835,40337,41525,61237]
[27839,29104,31913,34153]
[27839,34013,35987,50963]
[27852,39536,40527,51636]
[27857,40239,47889,49761]
[27861,32164,35076,39024]
[27863,40663,60643,63767]
[27877,28903,30086,57806]
[27880,34000,34121,34850]
[27880,51640,59450,65059]
[27885,55198,55275,56277]
[27896,29408,36455,37640]
[27898,29502,30247,31507]
[27909,53253,53447,61191]
[27931,30875,32045,33125]
[27931,30875,32305,35275]
[27931,31800,32045,33125]
[27931,31900,32045,33125]
[27938,39962,44137,56161]
[27938,49862,51667,61143]
[27962,36163,40426,59654]
[27965,36515,36519,57575]
[27976,28864,30381,43656]
[27984,31416,31659,37235]
[27984,36951,37312,57552]
[27991,30441,30879,40161]
[27995,30835,31716,44283]
[27999,31086,31977,53537]
[27999,31242,32208,46376]
[28008,36672,40643,53682]
[28033,61000,61567,65025]
[28035,29680,29725,33019]
[28035,45885,46725,53573]
[28054,46846,47375,56771]
[28060,35815,40560,63684]
[28063,32617,33761,45934]
[28063,35169,36019,47519]
[28067,28913,29054,45034]
[28067,28913,33898,35802]
[28067,42809,44642,45034]
[28072,39875,40600,59840]
[28075,42700,44000,45872]
[28077,29848,29952,40152]
[28078,52398,52578,62523]
[28080,33456,37830,50881]
[28083,29835,36075,38165]
[28083,30157,39261,44919]
[28085,29840,30272,54800]
[28086,38626,39249,39711]
[28101,36135,37510,46574]
[28105,48575,48624,54020]
[28125,50841,52125,64291]
[28126,29393,35224,42968]
[28145,41785,42250,55022]
[28149,34974,35026,37410]
[28152,34983,37128,38272]
[28152,44523,44608,48888]
[28165,32785,33041,44975]
[28171,30709,31652,38253]
[28175,34888,35000,39160]
[28175,39893,41265,58865]
[28193,28732,28892,28928]
[28193,46057,46134,64607]
[28195,41875,42067,43091]
[28203,29997,34643,49938]
[28203,34937,35938,51578]
[28217,45115,51490,58058]
[28222,35698,35787,43263]
[28245,40725,41583,48689]
[28249,30251,30955,62699]
[28249,31349,34891,47541]
[28249,34451,44713,63017]
[28250,42506,46895,50125]
[28251,31344,35259,63341]
[28251,37023,41902,52374]
[28259,31773,31977,32109]
[28267,31317,35953,49813]
[28275,28557,28595,58957]
[28275,31824,32045,37995]
[28275,32436,34645,53261]
[28275,34799,40495,55535]
[28275,41075,42029,47125]
[28275,42021,42029,42195]
[28287,44577,45018,52982]
[28302,35245,35298,40050]
[28303,54385,56575,60047]
[28305,43281,43475,44019]
[28311,37524,37748,61072]
[28322,29827,34088,47488]
[28322,43750,45625,50575]
[28352,28496,29729,35152]
[28355,30555,31050,46269]
[28355,33525,34596,64395]
[28356,42624,43059,46916]
[28359,33087,34113,35009]
[28365,33125,34875,39432]
[28379,30317,41846,43771]
[28379,31871,34671,42735]
[28391,33825,36490,52690]
[28391,54230,55216,60520]
[28391,54230,60520,63800]
[28392,31392,32617,34008]
[28395,34845,40299,53600]
[28405,37045,37375,48139]
[28413,32040,34563,46085]
[28413,33525,42763,44688]
[28421,28545,28700,37504]
[28441,38759,39271,42161]
[28443,42075,49175,62807]
[28449,28671,28673,37932]
[28455,49025,52281,58830]
[28470,32835,32923,59675]
[28481,30081,30083,34177]
[28481,52925,57670,61306]
[28482,29238,29481,39931]
[28490,32395,33744,41800]
[28490,33390,36225,51291]
[28492,30305,31892,46400]
[28496,33496,33839,59254]
[28513,48599,53162,57026]
[28533,36147,39696,48196]
[28536,35520,37000,52925]
[28543,43935,52925,64643]
[28543,46207,46209,48093]
[28543,46207,46209,55407]
[28560,30825,34697,51375]
[28560,39900,41412,53125]
[28560,42924,42925,43435]
[28561,30225,32955,52095]
[28565,45355,45419,54103]
[28567,32518,34808,38768]
[28577,42217,43297,51578]
[28589,37715,37975,44861]
[28595,34545,35250,45402]
[28608,38100,38740,47705]
[28611,30589,41769,47241]
[28616,36904,39991,44346]
[28625,35483,37925,60965]
[28625,37777,37870,64375]
[28625,37975,39788,56105]
[28625,39377,39825,45435]
[28671,29268,29296,37932]
[28671,34281,38753,41313]
[28679,35321,36121,40729]
[28679,36904,37184,45016]
[28679,38471,40953,52779]
[28679,40579,49929,55671]
[28679,59423,59527,60704]
[28688,38012,38097,43673]
[28700,34476,37349,45305]
[28700,34615,35260,38528]
[28704,47008,48025,58760]
[28710,52630,54954,62325]
[28712,29104,31913,50246]
[28712,31088,31117,39382]
[28714,35259,39699,45549]
[28714,46886,51429,57721]
[28727,51191,51209,53691]
[28743,43282,43758,48642]
[28747,32023,35122,46102]
[28747,45878,46458,53622]
[28749,48691,49329,56721]
[28749,49725,51340,57720]
[28750,56097,56128,64400]
[28757,49115,49643,57365]
[28768,30400,30875,38570]
[28768,42432,55913,64148]
[28770,29673,40552,46480]
[28773,41499,44149,59073]
[28779,31413,35137,46879]
[28779,34529,34821,49413]
[28781,30069,30474,32589]
[28782,37830,50925,61295]
[28782,39270,41943,60775]
[28791,36729,37769,44919]
[28809,30600,41225,47241]
[28811,34837,37238,57038]
[28815,41515,43166,56882]
[28821,29346,29419,35261]
[28825,47559,53390,63335]
[28832,49692,51612,51813]
[28832,60268,63308,65417]
[28835,41565,48399,56925]
[28847,56539,56736,57564]
[28853,33187,35563,38228]
[28860,39780,40309,48100]
[28860,40740,43068,53509]
[28860,41820,41847,52429]
[28884,32121,42828,54868]
[28885,30955,31283,41075]
[28900,43435,51100,56644]
[28905,56425,58575,64233]
[28906,29250,29585,40975]
[28907,43957,46443,51182]
[28925,30806,32485,58981]
[28925,33571,33575,36985]
[28934,34850,34891,37145]
[28938,32890,33462,34485]
[28951,44759,45747,53737]
[28964,33936,34293,36036]
[28964,33936,34293,46788]
[28971,36888,44312,54696]
[28971,39573,39629,54696]
[28980,47460,56869,59325]
[28981,33579,46449,47601]
[28987,45938,47672,54448]
[28991,45889,55499,65201]
[28998,33075,37152,58280]
[29000,32864,35061,54600]
[29000,46284,54205,61625]
[29003,36363,41613,45747]
[29003,46813,50869,61771]
[29008,36512,47523,61498]
[29025,40663,42390,64962]
[29028,31472,33153,34563]
[29029,30708,43821,64467]
[29029,30771,36504,50373]
[29029,30821,32045,43771]
[29029,33117,34083,46371]
[29029,37275,45045,52635]
[29029,38759,44408,52432]
[29036,34580,36295,41236]
[29068,40001,41132,49232]
[29072,36735,40097,46847]
[29079,34875,37000,40740]
[29085,37730,37800,39888]
[29087,30687,30753,32277]
[29087,32383,40579,50141]
[29088,38512,50292,57267]
[29100,41684,45975,54060]
[29103,35563,43258,61042]
[29104,37996,48929,57821]
[29128,31192,31622,34933]
[29128,35547,36408,58752]
[29141,29341,34741,36722]
[29141,33299,33304,33971]
[29150,30277,30875,35245]
[29150,36685,37312,39440]
[29154,33626,33847,34013]
[29156,29497,31520,45380]
[29161,32725,40970,57970]
[29164,50864,59279,65076]
[29169,47887,49581,61569]
[29178,41718,45898,59977]
[29185,31075,37375,45313]
[29185,36335,37375,45313]
[29189,34238,36461,38437]
[29200,29848,29930,34645]
[29203,31228,46748,54908]
[29204,36771,47124,57216]
[29211,31850,31995,34125]
[29212,38513,40448,64528]
[29222,34282,37846,46909]
[29222,38247,43833,51423]
[29225,35647,36297,39625]
[29230,29563,29605,64787]
[29232,37100,41580,51993]
[29233,47242,52808,61336]
[29237,32863,34417,41743]
[29237,36400,44288,54080]
[29264,40436,42731,60119]
[29264,51296,59540,64985]
[29267,29726,30510,32930]
[29267,36577,41041,44079]
[29274,31941,32448,33592]
[29279,32289,32461,35471]
[29279,47472,49728,56304]
[29279,50209,53041,63779]
[29283,49765,49950,55683]
[29299,32301,32499,39870]
[29304,45540,52429,62271]
[29305,37625,37975,41027]
[29309,31675,33390,47965]
[29312,34408,42823,59048]
[29315,58548,58565,65477]
[29318,42250,43043,45895]
[29325,37791,53295,61009]
[29325,41239,41961,60375]
[29344,40576,45076,50719]
[29358,29694,29842,48783]
[29359,40139,41327,62033]
[29359,41481,47223,48042]
[29365,37845,41209,61607]
[29391,33969,47893,63713]
[29393,31175,32305,50750]
[29393,32657,33787,41327]
[29397,42987,45101,51086]
[29402,50986,53261,63702]
[29407,31073,33439,46211]
[29410,37825,46903,54625]
[29410,43690,46903,54625]
[29425,32637,33075,54963]
[29435,36613,40987,57565]
[29452,47184,47277,57627]
[29459,32891,33019,36074]
[29464,41035,41789,46339]
[29465,30205,32732,42896]
[29466,51306,51667,55658]
[29469,34621,34656,65379]
[29475,36570,36573,43195]
[29484,38661,38688,46508]
[29488,31980,32513,41225]
[29493,45036,45936,52432]
[29505,40255,42993,61755]
[29526,32965,33174,34410]
[29563,41830,41837,43475]
[29564,35648,40661,56964]
[29568,41632,42933,46728]
[29580,32760,33843,56225]
[29580,34440,34481,36975]
[29580,36080,36244,47125]
[29588,57452,57469,57876]
[29624,36455,36800,40576]
[29625,32850,35391,45625]
[29631,31500,31575,33215]
[29650,30371,31429,43555]
[29651,31108,33376,34692]
[29667,37283,37323,53493]
[29680,40700,54908,64925]
[29685,31875,32725,46158]
[29696,42772,47821,52972]
[29711,31493,31682,62986]
[29713,46363,46433,63457]
[29716,29904,32841,40596]
[29716,35309,55284,60172]
[29716,43920,44084,48125]
[29725,37859,38335,49955]
[29725,43621,49405,54230]
[29729,31773,36579,53277]
[29729,44345,47929,51404]
[29733,51898,54378,57222]
[29737,35224,36312,42624]
[29744,31816,32786,51389]
[29744,36244,38171,61516]
[29750,42746,45110,53975]
[29756,34040,34081,39165]
[29757,37149,45201,46543]
[29757,37465,38675,41965]
[29760,30420,30597,37076]
[29766,36482,40959,42891]
[29767,30503,30733,49997]
[29776,33728,40528,42803]
[29783,38743,40687,43537]
[29784,39816,40369,56406]
[29785,34500,36225,55167]
[29786,42250,42575,43555]
[29798,41273,47233,50137]
[29812,33592,33611,63479]
[29818,35450,35530,35957]
[29825,39835,48316,62036]
[29835,32325,37050,42526]
[29835,39325,45968,51925]
[29840,45895,47744,54800]
[29865,30825,30885,35483]
[29865,31191,31675,45241]
[29865,43095,53679,58825]
[29896,45800,55045,57950]
[29900,37352,37375,39377]
[29900,37352,39377,43355]
[29913,38311,39039,61887]
[29925,37779,38000,54796]
[29933,42517,42568,47027]
[29939,42419,47138,65317]
[29949,33150,37250,42126]
[29957,39875,40400,43732]
[29977,33625,40625,42920]
[29984,36516,36543,54009]
[29988,35532,35875,38415]
[29988,44625,55695,62713]
[30030,51750,52325,64239]
[30037,35581,36780,45500]
[30044,30800,30940,38369]
[30044,32431,35076,38976]
[30048,42948,48913,62913]
[30049,40631,40658,53618]
[30051,30222,31901,33603]
[30053,45187,50592,57508]
[30056,37760,39494,40885]
[30069,32406,35997,38293]
[30083,34475,35920,44875]
[30083,41667,44523,45798]
[30098,32802,38178,50547]
[30100,41720,44849,59125]
[30107,31350,31365,61875]
[30107,32613,33099,51249]
[30107,33847,35972,41768]
[30107,35259,35343,55407]
[30125,57715,58447,60625]
[30134,44346,45513,45942]
[30160,31832,32250,34307]
[30160,39104,39715,57904]
[30172,33231,33372,33744]
[30176,37024,40139,62434]
[30176,40076,42721,52621]
[30184,32879,33184,34496]
[30192,42192,48433,59772]
[30192,45675,45917,59595]
[30195,35187,36445,55587]
[30195,35853,36075,65453]
[30199,35834,37168,42968]
[30199,41225,41470,60095]
[30227,35518,43214,56834]
[30227,38963,42807,51543]
[30233,36652,36848,46892]
[30247,37064,37465,53505]
[30256,40100,40260,42105]
[30260,31395,38909,43877]
[30260,37820,37825,38909]
[30267,33573,35596,43301]
[30267,45765,48735,53675]
[30275,32795,33475,36157]
[30276,35616,41668,44573]
[30277,41327,42757,59653]
[30277,42427,42757,43703]
[30277,42427,42757,59653]
[30277,42427,43703,59653]
[30285,35235,43662,53750]
[30296,41600,46760,52871]
[30300,33660,34340,46429]
[30303,39963,40341,42731]
[30321,38319,39299,44099]
[30340,35432,36593,44075]
[30345,38025,39593,43095]
[30345,38665,43197,51975]
[30351,31473,31501,34049]
[30351,45991,48138,49617]
[30359,32841,33723,47259]
[30360,33480,35689,44138]
[30360,44505,53464,55200]
[30362,39574,39995,44650]
[30368,41288,46163,57962]
[30381,31800,32045,32595]
[30381,32841,35511,45961]
[30388,34587,35717,37733]
[30401,37576,38369,39319]
[30401,40992,60192,61824]
[30414,38786,40689,46398]
[30414,42811,46509,53019]
[30420,35700,36661,50700]
[30420,39375,40768,65100]
[30429,41181,44069,48931]
[30441,39593,44457,48909]
[30443,32235,34293,65235]
[30444,31500,31980,38725]
[30448,44252,44807,59332]
[30464,57536,58261,60088]
[30470,33286,39611,57850]
[30470,39325,39611,41405]
[30475,34941,38160,41205]
[30475,37355,54225,58671]
[30475,41480,46400,59192]
[30475,53505,54225,58671]
[30485,58110,58557,63765]
[30487,39737,39738,63762]
[30496,44096,44776,50509]
[30498,37582,38571,39474]
[30498,37927,40158,43758]
[30515,30805,32486,42925]
[30515,31217,31283,46067]
[30525,33201,33320,44940]
[30548,58277,58437,64933]
[30549,35594,38403,40053]
[30567,41785,46717,62525]
[30567,46375,46717,62525]
[30583,37513,38199,41241]
[30583,37513,41241,49861]
[30589,35113,35114,37814]
[30589,36731,41522,43358]
[30600,31293,31365,33245]
[30600,32736,34680,39625]
[30634,44650,47541,49455]
[30652,51428,54223,58652]
[30660,30940,31025,32708]
[30668,36157,36805,41693]
[30680,47125,47144,60320]
[30687,34768,37056,53424]
[30704,37100,37471,37940]
[30704,53276,53977,63327]
[30705,32399,32949,35295]
[30710,38095,42550,62394]
[30716,40544,40589,44164]
[30716,46816,47171,50596]
[30733,37127,37961,49609]
[30736,31200,31265,38420]
[30736,41336,44911,45795]
[30740,42025,43375,63017]
[30745,31265,37625,58136]
[30750,38025,38704,55000]
[30751,44831,53191,61759]
[30765,32780,32816,47572]
[30772,31472,32596,51653]
[30780,33900,35269,49155]
[30783,32449,32967,47358]
[30784,43709,43771,57661]
[30793,39725,39750,58590]
[30800,31668,33807,40500]
[30800,33456,38369,53300]
[30800,36160,38369,52432]
[30800,38360,38369,47950]
[30805,36405,36423,55449]
[30825,52509,53270,64390]
[30832,32308,32759,37036]
[30837,34333,34827,42198]
[30843,41490,43010,63618]
[30849,33124,36036,51516]
[30849,38475,40110,55370]
[30849,44551,44954,49294]
[30875,35429,36395,49625]
[30883,56867,60467,62033]
[30888,33579,34645,37515]
[30888,43884,44891,55341]
[30889,37417,39867,44217]
[30889,52325,53690,60214]
[30895,54740,56816,62900]
[30899,31501,32581,53371]
[30899,50061,53669,56869]
[30912,40588,52437,55188]
[30914,36346,36859,65209]
[30923,54575,54760,59500]
[30925,46835,53125,60613]
[30940,32604,32929,47396]
[30940,35175,35399,61625]
[30943,31265,31525,41093]
[30943,36575,46657,56375]
[30943,42900,46657,56375]
[30951,42521,53757,60903]
[30969,58815,58919,62169]
[30973,39146,39254,60902]
[30975,32522,35910,51510]
[30975,35905,36456,61593]
[30989,39289,41006,59906]
[31018,32910,33215,34007]
[31025,41762,41905,52487]
[31027,60421,62054,63973]
[31037,36490,37925,41635]
[31047,37625,37647,61650]
[31047,54115,54510,61650]
[31059,40365,40885,44109]
[31059,53075,53505,57375]
[31065,53789,55714,64714]
[31075,36335,37375,45313]
[31076,37999,38896,51356]
[31083,37146,37158,65354]
[31096,61304,62519,63544]
[31101,31755,31901,63075]
[31115,37149,41724,46200]
[31116,41616,42051,44081]
[31117,36356,50692,59792]
[31117,48508,50692,59792]
[31144,41531,42136,47464]
[31150,31913,32430,58562]
[31150,32606,51170,58225]
[31150,36654,47970,55875]
[31161,45714,48464,54536]
[31165,43715,46453,53707]
[31171,35329,39091,54579]
[31171,37976,39101,60421]
[31171,38019,56637,60207]
[31174,34463,38038,52538]
[31175,31609,33341,45625]
[31191,32306,34672,65192]
[31196,35836,36159,36516]
[31200,35148,38077,58580]
[31200,42504,42760,61825]
[31201,40673,41123,43377]
[31211,49933,53314,61814]
[31218,36982,37023,38313]
[31221,43623,55504,63048]
[31224,38736,46806,57869]
[31250,40133,41000,62840]
[31264,42824,43094,51781]
[31265,44895,47151,59163]
[31265,46900,49868,64400]
[31291,35638,35984,49416]
[31303,49979,52521,53079]
[31309,48459,49824,53331]
[31313,41785,42212,58088]
[31313,58700,61588,63712]
[31320,37128,37570,41847]
[31323,36827,42603,63993]
[31323,42250,51675,60723]
[31323,48230,51675,60723]
[31330,33166,33650,48295]
[31330,36994,38319,45375]
[31348,48277,48547,61277]
[31365,35070,38675,57939]
[31374,39666,42067,49282]
[31378,33022,38802,47067]
[31393,46657,55969,62786]
[31395,34891,35075,38909]
[31395,35805,35875,63653]
[31403,34441,38905,46215]
[31408,33536,34114,59161]
[31416,38625,46560,54400]
[31416,42000,46725,64090]
[31442,35742,38003,64337]
[31447,33425,35465,58630]
[31447,36703,37247,46904]
[31447,41912,45167,56017]
[31450,39334,44659,63190]
[31450,41110,41558,42925]
[31455,32385,34950,42113]
[31456,36656,36785,58331]
[31463,35929,41571,61721]
[31464,34580,34675,48625]
[31487,34017,39627,54027]
[31488,34504,43337,60104]
[31494,35139,41514,45994]
[31520,32440,33096,44289]
[31527,31968,32544,34336]
[31535,52325,52500,60112]
[31537,47542,49654,56186]
[31545,47505,48369,53746]
[31551,32499,33971,55821]
[31558,31862,33674,45301]
[31558,40658,40803,65047]
[31581,42900,47380,51040]
[31591,35433,36009,40617]
[31595,39550,40000,47912]
[31603,32333,32929,42419]
[31603,34827,35853,57798]
[31603,37417,38896,44044]
[31620,53625,54111,56825]
[31635,41295,41325,52307]
[31640,39208,39767,40600]
[31648,42048,43492,53033]
[31652,45633,48636,55104]
[31666,40549,40584,62424]
[31668,41041,41615,49465]
[31671,40368,48832,63104]
[31680,38148,41820,60775]
[31682,42238,43778,45047]
[31683,34236,35139,47867]
[31688,35588,35819,37513]
[31693,34087,34163,36557]
[31712,34484,34891,54988]
[31719,47229,47242,62322]
[31725,36499,40230,45765]
[31735,41500,48896,57700]
[31742,33575,33625,51425]
[31759,33341,33774,43974]
[31759,43911,43974,47601]
[31773,32148,32368,52332]
[31773,32552,33048,42720]
[31773,50127,52948,57784]
[31777,36452,36673,43329]
[31800,38920,38955,48888]
[31815,33345,33633,35425]
[31815,62279,62721,64575]
[31824,33000,49810,54025]
[31824,39964,41769,54756]
[31825,50257,50315,60655]
[31842,35758,36603,47763]
[31847,43033,44329,45771]
[31850,36358,38955,62010]
[31850,36575,38038,52250]
[31857,36618,38458,61642]
[31857,45220,47345,53095]
[31860,59595,59732,64288]
[31863,46537,47671,54587]
[31863,46537,52221,63837]
[31871,35295,35325,36579]
[31871,36223,45479,52577]
[31872,34000,34020,42075]
[31892,37408,38437,63412]
[31903,41697,43173,45423]
[31913,37828,38703,40337]
[31920,32604,37700,38779]
[31933,37603,39353,62567]
[31934,47014,47027,62537]
[31936,37084,38563,44377]
[31939,41586,42021,52029]
[31955,36725,49907,55330]
[31959,34749,35321,36729]
[31975,33860,40100,54176]
[31977,41623,45828,54207]
[31986,36771,37317,49147]
[32005,40375,42731,59755]
[32005,43772,46797,58245]
[32021,37909,39463,57403]
[32025,34969,36669,46665]
[32028,34037,34884,63024]
[32035,35438,41912,46400]
[32045,33125,34075,37232]
[32045,43771,47821,52429]
[32053,32396,32704,50128]
[32058,41358,54353,62403]
[32074,40745,42630,43274]
[32079,45479,51442,52207]
[32095,32865,35175,49767]
[32095,33235,35459,47107]
[32103,42483,44157,47107]
[32116,37200,39060,42735]
[32136,36864,37011,44744]
[32144,35204,36777,41297]
[32147,33325,36295,50375]
[32147,46189,46903,54653]
[32148,62100,62900,63975]
[32154,32742,33558,43571]
[32155,35045,35557,45875]
[32163,41757,47047,60253]
[32175,32697,32825,33735]
[32175,38990,42471,55143]
[32184,38025,46345,46935]
[32185,33384,33441,39975]
[32185,42029,51850,65190]
[32186,37829,38171,41811]
[32197,36347,38028,40765]
[32200,32552,32865,32970]
[32200,43432,43610,53375]
[32207,35249,36575,38395]
[32227,32472,32488,34112]
[32231,33744,33968,42032]
[32231,34850,34969,41695]
[32231,35737,36463,41881]
[32239,36557,38335,59455]
[32274,32799,33582,35326]
[32277,40235,40725,48177]
[32279,35689,36491,42809]
[32280,33800,39405,62946]
[32287,37037,38412,63492]
[32292,38613,42848,65148]
[32300,41760,42075,47763]
[32307,56782,61677,65163]
[32308,33176,37349,63017]
[32312,47488,52979,55544]
[32333,35644,35908,38144]
[32333,37843,51937,59713]
[32336,33524,34357,56588]
[32339,37037,37814,41587]
[32349,43230,43901,47355]
[32350,56129,59696,65120]
[32356,46052,49252,56623]
[32360,33475,41600,53656]
[32364,46287,46288,47212]
[32368,35956,36057,52332]
[32368,38857,42224,42432]
[32375,44881,51319,60650]
[32375,45715,47900,48544]
[32382,33150,37843,65535]
[32383,33284,33441,55809]
[32396,42744,42987,43407]
[32400,42840,43650,46561]
[32402,48327,49232,53368]
[32417,33143,35167,38732]
[32449,38399,41219,50431]
[32450,41123,42845,55165]
[32461,32951,33098,34142]
[32466,40959,40969,43401]
[32472,33216,35953,38184]
[32472,51976,52353,53874]
[32481,46719,46917,49381]
[32487,34713,35225,44863]
[32489,39639,44749,64979]
[32489,45050,49040,57664]
[32500,34336,38025,43660]
[32501,42343,49232,65468]
[32515,35125,36075,50166]
[32517,35333,36127,39743]
[32522,43953,44352,55752]
[32538,39909,39963,56837]
[32551,33970,39775,64345]
[32560,35984,36091,38060]
[32565,34475,34476,40779]
[32565,40068,41440,46032]
[32572,35056,37247,53956]
[32574,46903,49776,57672]
[32595,42700,45364,51728]
[32595,47540,47541,64179]
[32596,38657,39904,48332]
[32606,34354,35873,39593]
[32615,44055,47575,52777]
[32623,39273,39729,48177]
[32625,34627,34650,42102]
[32625,36720,43152,54400]
[32625,41295,51875,56387]
[32637,43907,48093,59637]
[32657,34043,34571,35957]
[32657,35793,35987,50963]
[32657,51557,58667,62933]
[32672,50488,53011,56729]
[32689,40411,43624,57904]
[32699,44975,51630,59110]
[32700,36252,37695,51940]
[32704,37064,38909,41416]
[32708,32896,32967,40092]
[32708,37672,47957,57893]
[32723,35583,36528,44172]
[32725,34221,34515,43350]
[32725,36505,40375,53193]
[32747,39479,39754,49922]
[32760,39840,39928,47775]
[32766,46182,47859,56791]
[32773,41477,47899,63973]
[32773,53573,57983,61087]
[32795,37925,38417,61295]
[32800,43384,47560,48425]
[32810,51430,53654,56573]
[32813,36179,37829,38779]
[32813,36179,38779,43054]
[32813,45980,49837,63437]
[32823,54537,54793,56357]
[32825,33735,35625,51207]
[32825,40885,48581,50875]
[32825,40885,50875,54587]
[32835,35055,35644,37392]
[32841,34359,36121,40139]
[32841,63159,63591,64841]
[32844,44109,44336,54636]
[32870,47234,47575,62909]
[32877,46125,46325,54795]
[32883,41067,47918,61698]
[32889,35711,35774,44551]
[32895,37887,52887,63145]
[32901,55924,57211,61189]
[32929,39121,40081,44689]
[32930,41246,41921,42275]
[32942,44597,44707,52907]
[32963,40451,44149,59612]
[32997,34163,34587,37122]
[33000,33572,34335,40425]
[33005,38437,38675,59245]
[33005,40250,41000,52808]
[33012,42465,42612,59600]
[33017,43367,43712,58247]
[33027,36163,38913,43587]
[33031,33969,34974,62799]
[33041,44975,45920,56105]
[33046,43875,44485,57629]
[33046,51779,59696,63728]
[33065,33929,35525,62629]
[33072,36900,37047,43460]
[33077,36363,41613,52173]
[33078,47838,55759,58259]
[33088,42988,45919,47564]
[33117,42484,44541,46683]
[33125,38830,48008,60800]
[33128,57952,57974,64841]
[33143,43493,43586,61318]
[33147,35853,36022,36482]
[33182,37538,39319,44831]
[33184,42200,55205,65384]
[33187,34529,36113,56721]
[33195,37603,42805,60650]
[33201,34799,39699,40851]
[33201,46449,47243,51051]
[33205,35165,45571,54275]
[33220,41116,41316,53559]
[33234,36927,45727,58377]
[33235,36225,37485,39123]
[33237,39117,42573,46852]
[33245,37711,57005,62675]
[33250,36582,37107,47025]
[33264,35136,35380,38811]
[33269,34475,34694,37430]
[33284,37024,38779,61321]
[33300,35328,35860,40515]
[33300,35805,40848,50000]
[33304,33728,33847,37928]
[33306,42594,43239,49861]
[33321,37169,37367,44297]
[33325,35887,35987,37075]
[33325,40133,41267,62925]
[33327,43377,47397,58597]
[33335,38665,39627,47915]
[33337,40953,41181,44829]
[33345,42636,42655,43095]
[33356,35867,36244,44144]
[33356,35867,36244,60256]
[33356,35867,44144,60256]
[33361,48035,55464,64964]
[33363,37638,38998,61098]
[33368,34336,40936,46139]
[33411,44667,45917,50339]
[33415,37835,39790,57178]
[33425,35119,35465,38570]
[33433,34247,34279,35736]
[33434,38591,38849,51319]
[33465,37683,37942,51410]
[33496,39621,40704,60696]
[33524,37099,37859,44509]
[33524,55216,56588,58667]
[33525,37620,44688,56620]
[33525,40290,42018,46750]
[33539,48811,53941,57931]
[33554,34850,37145,56354]
[33561,38511,40386,55814]
[33561,43911,48025,62361]
[33565,33755,35325,38606]
[33572,36992,39644,49159]
[33579,45675,46371,53795]
[33625,34681,35019,36075]
[33625,41633,53400,61408]
[33625,47170,53400,61408]
[33631,39329,39403,41327]
[33649,36421,36613,42427]
[33653,44156,44256,61828]
[33660,34965,40035,42653]
[33660,38115,42075,56933]
[33667,35717,40092,40596]
[33667,36803,36907,38293]
[33667,36803,36907,52182]
[33667,36803,38293,52182]
[33669,37332,37556,40368]
[33670,45450,48581,60175]
[33674,47121,47128,47912]
[33687,36138,40576,59888]
[33693,40931,48169,62281]
[33720,44512,44655,49737]
[33735,44735,45153,47775]
[33743,34639,34660,41975]
[33744,34500,34669,47175]
[33744,44460,51319,57460]
[33745,43645,44863,52801]
[33755,38591,40370,49766]
[33756,43747,46172,61828]
[33777,38628,39324,39664]
[33781,46481,56006,64898]
[33787,40859,50737,62959]
[33800,38440,40762,55601]
[33801,34879,36801,46254]
[33807,55752,56608,59808]
[33813,34773,42731,45951]
[33813,36312,36992,38688]
[33813,36972,36992,55692]
[33813,47763,47821,65331]
[33821,37700,39620,60896]
[33835,47125,55651,57757]
[33839,46761,53846,58121]
[33847,37791,38522,51766]
[33847,58322,59768,63712]
[33852,37177,37968,48672]
[33902,41875,41877,55275]
[33908,37417,40052,41168]
[33908,38164,56917,64061]
[33915,35685,40443,43525]
[33915,47355,47693,52275]
[33925,34299,34965,50175]
[33935,34831,35169,35685]
[33935,40135,40496,46417]
[33936,38304,38425,42420]
[33936,52864,53631,54516]
[33947,34814,35872,42536]
[33968,42783,47671,64001]
[33973,36195,36570,48075]
[33976,47899,48224,54776]
[34000,37024,37825,42500]
[34000,37344,37500,52515]
[34001,39185,39440,49175]
[34013,55713,55917,59283]
[34021,35636,40677,54957]
[34021,44603,44954,49646]
[34034,42021,45747,63963]
[34063,39537,39987,43263]
[34069,58989,59346,62646]
[34078,44462,44921,46366]
[34118,36062,37297,46303]
[34121,36654,38889,43281]
[34125,35853,36075,58325]
[34125,54530,55432,60200]
[34133,35321,35867,47333]
[34133,41125,47600,52892]
[34138,34775,35750,53530]
[34181,51891,52950,53970]
[34188,35040,35187,36500]
[34188,58812,58837,59163]
[34196,42016,42117,64948]
[34216,46800,47250,53235]
[34219,42731,46189,46826]
[34221,40248,40885,58035]
[34221,41175,46970,61710]
[34224,40664,41106,44919]
[34225,37298,40273,44977]
[34238,34438,37247,41377]
[34238,42883,45262,49742]
[34242,34946,40833,42558]
[34247,50600,53728,59560]
[34249,44375,53125,64955]
[34250,35105,37825,39593]
[34250,39109,43155,59675]
[34250,39109,44150,64390]
[34275,39715,41535,53469]
[34275,42333,42958,60725]
[34300,40033,40592,42140]
[34307,36125,36295,43225]
[34307,41943,45756,62868]
[34320,46764,48300,54125]
[34336,37108,38164,64939]
[34340,39975,51207,65025]
[34357,39325,48075,58990]
[34373,47023,53882,58978]
[34374,39882,41251,45849]
[34386,36414,40117,62139]
[34386,41157,41261,62139]
[34427,36308,36859,54149]
[34440,35520,36408,37921]
[34440,61320,63875,65416]
[34441,36075,39390,45066]
[34441,37367,37433,39917]
[34443,40053,47697,56693]
[34465,46057,49025,56500]
[34476,40544,45305,47060]
[34476,45100,45305,47060]
[34485,41921,42129,42735]
[34498,43338,43343,45107]
[34500,36788,40575,53805]
[34500,48440,49875,55167]
[34500,52540,55167,63900]
[34510,45570,45675,55998]
[34523,35074,36176,39424]
[34523,35547,35739,49419]
[34525,44135,51097,56615]
[34529,46879,49413,56721]
[34532,40040,41093,43165]
[34541,38175,39855,48465]
[34551,42966,46417,63063]
[34551,43401,44659,49209]
[34552,40948,42573,45537]
[34553,44287,44408,45017]
[34580,44125,49420,53872]
[34595,35875,45325,64001]
[34606,37763,48062,62062]
[34625,38860,43216,43500]
[34629,38171,38703,39729]
[34629,38171,41031,43911]
[34629,46371,54096,63427]
[34639,41261,41906,51194]
[34639,53489,55954,65321]
[34645,43825,45578,59450]
[34655,47570,50399,55873]
[34658,37297,37703,56953]
[34662,39951,40138,42074]
[34671,35828,36729,43953]
[34684,37148,37677,49284]
[34695,43335,47925,52171]
[34697,36853,37127,42233]
[34713,43225,44863,45695]
[34717,37629,44104,49396]
[34727,41602,42273,52647]
[34727,44268,48416,54796]
[34750,36519,39975,40545]
[34771,44121,44631,46761]
[34775,38793,43875,55005]
[34780,49837,52720,55388]
[34789,42629,43289,47879]
[34799,36556,36608,42772]
[34799,40549,40584,45264]
[34799,44137,52924,55913]
[34800,39780,40092,41905]
[34813,38883,51623,58823]
[34821,44895,45771,54325]
[34829,39427,40796,46304]
[34829,45199,45260,48680]
[34850,36530,36613,41905]
[34860,42483,43792,49708]
[34869,55981,58509,63546]
[34874,35989,36533,53053]
[34875,51405,52850,55726]
[34891,38325,38909,40885]
[34891,47541,48093,56277]
[34891,47576,51496,60096]
[34916,44428,45359,48691]
[34920,35920,35955,36369]
[34928,54280,54575,64530]
[34930,41630,42354,59319]
[34937,42119,46375,48655]
[34947,37125,37950,44125]
[34965,38955,41181,42653]
[34983,40275,46750,53742]
[34983,41310,46750,53742]
[35008,43940,45617,59033]
[35014,36366,37149,39249]
[35020,47060,49661,58825]
[35036,58400,59100,61685]
[35037,40203,40533,41692]
[35040,53960,54264,62415]
[35072,35488,56992,65417]
[35075,49025,53375,56129]
[35076,39600,39775,41124]
[35092,35875,40180,41440]
[35113,36575,37170,39585]
[35113,39721,40663,43946]
[35113,40837,51038,61466]
[35113,51799,58201,63437]
[35119,40593,44457,64356]
[35125,44485,44500,46084]
[35139,40299,42347,44642]
[35150,36157,36400,39368]
[35150,39045,39330,44622]
[35150,44215,44622,50034]
[35168,46784,47257,55384]
[35175,52380,52671,61625]
[35183,40165,40542,42658]
[35186,39286,42175,42389]
[35187,45901,58312,58949]
[35211,38709,40501,53801]
[35224,38744,38773,61642]
[35244,46800,47125,54060]
[35245,35595,40050,53901]
[35260,52805,52900,55104]
[35286,58554,58559,64691]
[35293,43043,43757,57799]
[35293,43043,44573,47463]
[35298,50745,50880,55352]
[35300,38480,41301,49020]
[35321,36679,48621,51129]
[35321,40319,40326,57849]
[35325,40005,45059,47880]
[35332,37037,39347,43253]
[35333,39833,40891,58117]
[35345,39345,52155,63621]
[35351,36777,37149,40227]
[35360,37720,44200,50489]
[35360,41680,48100,48307]
[35405,37235,39347,42625]
[35425,36955,48625,58097]
[35425,37471,37605,51675]
[35441,48178,49159,56303]
[35442,38962,40337,61163]
[35453,45628,48068,51568]
[35465,46903,49997,50285]
[35466,42375,46560,51400]
[35472,38420,38475,39372]
[35483,37733,41477,53293]
[35496,42624,42920,49185]
[35511,42039,44489,54735]
[35520,48024,48750,52925]
[35547,42840,43928,44160]
[35563,39083,40052,61427]
[35568,41157,42048,55952]
[35574,41811,43078,44022]
[35581,53375,54925,57715]
[35585,43208,43817,48983]
[35587,41021,41287,43079]
[35594,36478,40053,50653]
[35600,36472,37525,45390]
[35607,38862,47056,48984]
[35616,37800,37825,44520]
[35625,41725,42375,45063]
[35631,44409,50052,54353]
[35632,38288,38294,40681]
[35632,38624,38726,64349]
[35632,48400,49915,62540]
[35641,37765,47966,56534]
[35649,48204,48464,51636]
[35650,38285,39928,47840]
[35706,37169,37191,37329]
[35720,43840,44369,44936]
[35750,38770,41875,50401]
[35750,39715,42757,48125]
[35750,40810,43225,53053]
[35750,57814,58175,60965]
[35751,42225,42415,49070]
[35758,36517,36699,37683]
[35777,40223,42427,58373]
[35777,44863,45689,59449]
[35827,40501,40902,58626]
[35828,36372,36729,43953]
[35828,43472,44308,51623]
[35828,45484,47541,64116]
[35836,36425,39200,42160]
[35844,38325,40885,50005]
[35853,44003,46788,54612]
[35854,40034,42994,49231]
[35867,48958,60256,64792]
[35881,37015,37235,48169]
[35898,37702,38107,39178]
[35904,38280,38454,39875]
[35917,45267,45326,53971]
[35931,43071,45733,53157]
[35945,43433,44975,57967]
[35952,44849,47376,61248]
[35987,47138,48888,59792]
[36040,43355,44096,54400]
[36062,56863,57512,61904]
[36063,47676,53724,56512]
[36074,41366,45623,57018]
[36080,46720,47125,47888]
[36081,36408,36519,38417]
[36124,41961,46492,52288]
[36134,36966,37149,37926]
[36141,45325,47250,49395]
[36162,42483,43214,64974]
[36167,40567,40633,55879]
[36177,36783,37149,42401]
[36179,36971,37037,43693]
[36192,36720,36975,37700]
[36192,40800,40885,47560]
[36200,46987,47000,57920]
[36206,42334,43363,49058]
[36244,43680,45305,62900]
[36245,37015,38361,43175]
[36259,38855,40355,41309]
[36297,36801,38628,42401]
[36297,39625,41625,42795]
[36344,41956,47509,64141]
[36347,38021,48829,56228]
[36363,38617,38709,45771]
[36366,47291,59451,64101]
[36385,56225,59375,62453]
[36391,56975,62960,64860]
[36400,37471,46640,50240]
[36400,49036,49405,57460]
[36408,38760,45510,62033]
[36419,55211,55627,63157]
[36432,37875,37968,40400]
[36480,39960,45889,47064]
[36490,40783,40825,62033]
[36510,36998,37727,44135]
[36519,38831,38961,39324]
[36550,37370,38342,63529]
[36550,47107,53360,57800]
[36556,37375,39520,56240]
[36567,41958,48433,63945]
[36569,53465,54119,57715]
[36570,50935,57225,63441]
[36575,42900,46657,56375]
[36627,42907,42942,46917]
[36636,37711,42096,57276]
[36639,37149,37743,40687]
[36640,44200,45800,58841]
[36656,45899,46531,49149]
[36661,55211,55794,61866]
[36666,36927,37023,49609]
[36672,54908,56836,60049]
[36673,37625,39130,44935]
[36685,37515,42517,47125]
[36704,48360,50375,51496]
[36719,38161,39457,50643]
[36731,39611,41522,46813]
[36743,40252,41209,46879]
[36743,50297,54119,59641]
[36750,46690,49266,63825]
[36752,48200,50610,57425]
[36757,40136,40139,40861]
[36788,40352,52477,61087]
[36792,41520,42558,63145]
[36805,57597,58680,61053]
[36806,41531,47464,59024]
[36813,42007,43911,57849]
[36818,47618,47863,49938]
[36822,38043,40918,59178]
[36839,47761,48844,63631]
[36844,39440,40919,42700]
[36844,40756,40919,42700]
[36846,50622,54379,60078]
[36862,41678,46487,58178]
[36862,45182,45806,49289]
[36869,41531,42136,56189]
[36875,40917,42750,60885]
[36889,41447,43253,48853]
[36900,40368,47355,56260]
[36900,41412,43460,52887]
[36907,58093,58643,62918]
[36917,39061,40535,58135]
[36924,40040,43165,58825]
[36928,47888,47891,51824]
[36937,43363,43507,49933]
[36946,40222,42978,46529]
[36982,56762,56863,57482]
[36984,45384,47066,48865]
[36991,42920,46400,54184]
[37000,44344,44585,50120]
[37011,40066,40077,41067]
[37024,41924,42757,43076]
[37024,46276,46501,54468]
[37037,41743,41924,50024]
[37037,44863,45617,48433]
[37037,60973,61061,62419]
[37050,43778,43947,45315]
[37056,41008,44969,48208]
[37101,40179,40557,42988]
[37101,40275,41720,53500]
[37128,39200,44005,61880]
[37149,41501,43371,44196]
[37149,41571,42253,60047]
[37230,39650,43554,49725]
[37248,53040,53227,63050]
[37271,38801,38857,43862]
[37281,41831,41921,46529]
[37310,45283,45310,64690]
[37323,39347,40716,57816]
[37323,52725,54723,57725]
[37333,52523,52939,54259]
[37349,44251,44791,48841]
[37355,53505,54225,58671]
[37375,45313,46163,46895]
[37375,45313,46163,50125]
[37375,45313,46895,50125]
[37399,37949,40826,57062]
[37402,48327,48447,56103]
[37415,45241,56200,65209]
[37417,38659,39165,46525]
[37421,38116,41781,50869]
[37449,47151,49454,65481]
[37477,48037,50246,62909]
[37497,52015,52722,54735]
[37500,49820,51708,59625]
[37515,39627,40515,62525]
[37515,45845,48267,52152]
[37518,53874,54093,65026]
[37522,42978,43433,47647]
[37544,39976,41658,55803]
[37555,38125,38369,48575]
[37555,39689,43364,60320]
[37599,46443,59551,64801]
[37629,43179,43957,50172]
[37635,62205,62211,62725]
[37642,45562,45563,50358]
[37668,58395,58400,61732]
[37675,38179,38485,40004]
[37675,46970,48125,58499]
[37683,55025,61217,65375]
[37700,37920,37947,40455]
[37700,42432,47125,50660]
[37700,53180,54556,55825]
[37702,40250,40395,40950]
[37725,38715,42275,42418]
[37740,39975,40385,43993]
[37740,49725,54723,60125]
[37746,40689,42978,63842]
[37774,46475,46750,49010]
[37800,52875,56000,59752]
[37802,48977,49327,51865]
[37824,39000,39400,48025]
[37825,43690,46903,54625]
[37856,48944,51545,63394]
[37859,44509,44795,47941]
[37873,42735,58275,65373]
[37875,40280,45792,65280]
[37875,46989,48925,58039]
[37895,44474,49025,51649]
[37895,49010,51272,53000]
[37905,39326,42030,55650]
[37925,41635,42476,60125]
[37925,45730,50875,51379]
[37929,41975,56340,58104]
[37961,42042,48111,57783]
[37995,39425,44625,49617]
[38000,47652,49500,53295]
[38006,41338,42269,51781]
[38021,46904,56069,56539]
[38025,43660,45396,56160]
[38065,44500,45479,48175]
[38073,43281,46102,49006]
[38077,41528,42016,43384]
[38135,52765,53977,62375]
[38148,54203,55309,60979]
[38157,46529,48093,54621]
[38160,38280,38425,38454]
[38160,39720,40369,55650]
[38194,41006,42601,55651]
[38208,39440,39450,39933]
[38227,51943,52761,60071]
[38243,50307,51537,62577]
[38247,41580,44103,44225]
[38272,38640,43953,49140]
[38272,50880,51728,60125]
[38272,56500,60628,64975]
[38304,41724,41785,52155]
[38313,41175,47270,60255]
[38325,39627,40515,40885]
[38325,40404,40515,40885]
[38325,46453,46647,52875]
[38335,44225,46543,48875]
[38335,44225,46543,58261]
[38335,47795,48433,50225]
[38346,42462,43387,44821]
[38346,42462,43387,51037]
[38357,54549,54593,64351]
[38364,47541,53636,57584]
[38368,40040,41093,47960]
[38369,39039,43371,55029]
[38369,39786,40833,58497]
[38372,47120,54653,57505]
[38399,39406,39634,42734]
[38430,42398,47502,48195]
[38437,42883,49742,50813]
[38454,44530,55845,59475]
[38500,39336,39625,40975]
[38504,38999,39337,50897]
[38505,43290,47625,57239]
[38525,43401,44505,55335]
[38532,43368,46189,64543]
[38606,43447,43456,51728]
[38617,47633,47742,55407]
[38622,51954,51979,54322]
[38632,38740,38885,60643]
[38657,46483,46655,56575]
[38658,39442,39483,44733]
[38675,43757,49875,62985]
[38675,57036,57715,59245]
[38680,41400,42453,64566]
[38701,40301,41561,48711]
[38709,42687,43010,53130]
[38743,52887,53363,58007]
[38775,40777,41085,45495]
[38775,42825,43365,50267]
[38776,39632,40457,59126]
[38789,40261,42845,53086]
[38793,41175,42195,55693]
[38824,44116,45551,59491]
[38825,39319,40385,62120]
[38830,46255,50350,52142]
[38831,43946,44199,48399]
[38849,50674,54431,56521]
[38850,39697,43470,58830]
[38871,39729,40836,41956]
[38874,45551,46959,59409]
[38893,45543,45752,46912]
[38896,43355,44096,54400]
[38900,56307,56320,63020]
[38907,44388,44484,48224]
[38909,41416,46904,60736]
[38918,62282,63623,64438]
[38955,45675,45917,53795]
[38961,40734,41128,45552]
[38961,47889,50927,53872]
[38983,40117,45067,61259]
[38986,42550,44390,58075]
[39000,39897,42328,52800]
[39015,39875,39933,65475]
[39022,47842,52647,55842]
[39032,41615,43993,44135]
[39057,42783,43212,58912]
[39057,47115,48475,50907]
[39063,42921,44104,57921]
[39063,53162,60407,64207]
[39066,51414,51559,57539]
[39072,51480,51578,53625]
[39072,51480,52520,53625]
[39083,39875,40267,59840]
[39087,42537,44457,51308]
[39092,45021,50796,64704]
[39136,42536,42539,59305]
[39169,40919,42506,64090]
[39175,60955,61079,65047]
[39208,48112,48334,51701]
[39215,50875,52624,57500]
[39216,45696,47481,48944]
[39235,43680,43771,52925]
[39237,41638,41883,47763]
[39237,41921,43263,57537]
[39257,49062,54111,62049]
[39259,39923,41366,49966]
[39284,39600,41580,43659]
[39284,41580,44225,59500]
[39287,42010,42025,45713]
[39296,52796,59831,61171]
[39312,47940,48100,50475]
[39319,44489,49723,61787]
[39321,50713,52171,63529]
[39324,39699,39776,52932]
[39338,40150,40495,41990]
[39347,51181,51319,54953]
[39349,50635,51775,57851]
[39360,40404,40729,45140]
[39406,40729,40737,44103]
[39406,40729,40737,44447]
[39411,40139,40851,42804]
[39433,41963,43734,64066]
[39437,41075,41245,43625]
[39440,40756,40919,42700]
[39463,50375,50445,55955]
[39479,39721,39754,40663]
[39483,49662,51086,63246]
[39495,43065,43125,50027]
[39515,44635,45125,63451]
[39539,56375,56414,60950]
[39545,45019,45719,65431]
[39565,39950,40139,53075]
[39592,43127,48783,58377]
[39593,39767,40963,55913]
[39611,42757,43043,49693]
[39611,44363,46238,60386]
[39648,40456,40677,65352]
[39691,41741,41780,52184]
[39710,40565,41800,42944]
[39721,43439,45962,63778]
[39721,43654,43946,50554]
[39742,48850,54485,63505]
[39744,46800,52065,55120]
[39754,55279,55385,63921]
[39780,40260,40443,48100]
[39780,41340,46852,52275]
[39780,41847,41905,43095]
[39780,45675,45917,46371]
[39786,46982,47239,49907]
[39812,42809,43040,48100]
[39813,40807,42121,62711]
[39831,48975,48994,50281]
[39836,41951,43831,61919]
[39848,45552,47138,56867]
[39858,50141,50808,52416]
[39875,47975,48125,58883]
[39875,50116,51040,52700]
[39879,45129,47929,54329]
[39923,52741,56798,63973]
[39964,47489,55484,60956]
[39988,44733,47892,58608]
[39991,43771,44044,63344]
[39991,55743,55841,61132]
[39997,53317,53354,56126]
[40000,43952,44240,46125]
[40001,40513,40687,43537]
[40018,50050,50575,56210]
[40040,41664,45710,58825]
[40044,41219,42096,45684]
[40057,41492,42988,50512]
[40075,40885,41533,42365]
[40089,44863,48636,58812]
[40091,42159,44356,44744]
[40092,59972,60444,61509]
[40097,46847,47243,59893]
[40100,45391,47780,64160]
[40103,40807,43473,56502]
[40103,55385,56953,63865]
[40112,56488,57857,65182]
[40125,46053,51170,63210]
[40165,46455,57333,62325]
[40180,41440,42476,56425]
[40181,49909,49931,53909]
[40198,44998,45147,47418]
[40223,41496,42048,52896]
[40248,41391,42048,65416]
[40250,46982,49530,65455]
[40281,47079,47170,56465]
[40299,40621,41811,54714]
[40299,44149,46359,52311]
[40331,47369,48137,62519]
[40337,43921,47671,55537]
[40339,45773,50948,60723]
[40341,45675,53795,57291]
[40369,42224,43152,65408]
[40369,49487,50369,50881]
[40391,42756,44967,59553]
[40404,52780,53095,55796]
[40415,47730,48087,50025]
[40416,51984,52204,53429]
[40425,43945,46305,54978]
[40442,41990,43225,47158]
[40443,43195,43407,47793]
[40454,42750,43055,45395]
[40463,46833,46911,63759]
[40463,53105,53637,61275]
[40508,42400,42435,44785]
[40515,44213,44238,45675]
[40533,44625,44758,45150]
[40544,45100,45305,47060]
[40548,42096,42973,51121]
[40560,44352,45435,46852]
[40572,47348,47637,50463]
[40589,51789,55947,60939]
[40606,46250,47545,59375]
[40606,48994,49181,62194]
[40606,52625,59375,65255]
[40673,42883,42994,55754]
[40687,43537,49647,54723]
[40687,44625,45162,46665]
[40690,48230,49767,51675]
[40700,41019,47460,64944]
[40703,48298,48887,62263]
[40703,51711,59153,60547]
[40716,47541,49184,50388]
[40725,42020,42400,44164]
[40736,44608,45961,63308]
[40766,41410,42625,49159]
[40800,40848,40885,41820]
[40800,44856,44931,47560]
[40800,47092,47895,55692]
[40825,45305,46306,54223]
[40832,43343,45017,46247]
[40832,45800,46255,55418]
[40836,44960,46165,53636]
[40851,43996,44213,45067]
[40875,42210,48125,60277]
[40875,45594,46410,52150]
[40880,47320,47450,48503]
[40902,51102,57343,61557]
[40905,46647,57378,60095]
[40931,42229,42578,44902]
[40951,42706,42991,50641]
[40953,53550,54978,56210]
[40959,48216,48544,62376]
[40975,41492,43508,51600]
[40976,44116,47476,59491]
[40976,49600,49625,51220]
[40977,49113,49191,55769]
[41000,41496,42025,46120]
[41008,41792,43262,58697]
[41008,56992,62033,63842]
[41022,50706,56947,58194]
[41032,41293,44512,49912]
[41041,44625,45305,49465]
[41041,49841,56539,61061]
[41075,42021,44730,50085]
[41075,45773,47285,50827]
[41075,46965,47125,53227]
[41093,55437,55653,57222]
[41128,43175,52865,58247]
[41173,55341,55548,58509]
[41174,52325,53125,54605]
[41181,42875,42930,58275]
[41202,43806,45577,48723]
[41218,46002,48459,52281]
[41223,41652,46228,52332]
[41225,56425,57035,61013]
[41234,47799,47912,54688]
[41236,58435,63440,63764]
[41248,52776,52849,57448]
[41249,48841,49257,52887]
[41251,49649,50861,65491]
[41323,50827,52961,55873]
[41360,47960,54050,56353]
[41366,56347,62234,62422]
[41377,47873,48573,49827]
[41393,62543,63297,64883]
[41400,47817,47880,52808]
[41400,58560,59089,61000]
[41410,42245,42925,43259]
[41410,53965,54035,62197]
[41412,42588,44437,44863]
[41412,42588,44437,58812]
[41412,42588,44863,58812]
[41447,52633,54999,61611]
[41463,44037,44268,45668]
[41464,51475,53960,60736]
[41488,59200,62480,64825]
[41496,48503,48672,55104]
[41522,45878,46313,52093]
[41528,42809,43040,46280]
[41580,46740,48308,56703]
[41615,56135,57400,61103]
[41633,47170,53400,61408]
[41638,42798,43007,49657]
[41666,56201,56303,61777]
[41692,50268,52644,58071]
[41693,48547,49135,62095]
[41695,45825,48555,49227]
[41697,49788,51072,53788]
[41718,46157,48442,58378]
[41741,43134,44589,45171]
[41743,54899,54925,57715]
[41785,46375,46717,62525]
[41805,53157,53243,60320]
[41837,50963,52003,59777]
[41853,42042,42182,51818]
[41870,46190,46375,47531]
[41888,44660,44863,47212]
[41888,44660,44863,57035]
[41915,42806,42925,53915]
[41919,49025,49395,61869]
[41919,49025,52281,54855]
[41922,52394,53019,53703]
[41925,44935,46569,55575]
[41949,48447,48510,53830]
[41964,49776,50303,64532]
[41992,45108,50373,53757]
[42000,45696,47600,51025]
[42007,46543,53303,58072]
[42016,42772,42925,53465]
[42016,43052,47541,48884]
[42016,51944,53032,64337]
[42016,55796,55981,65044]
[42018,48114,50482,58557]
[42021,51060,55315,65221]
[42063,49137,58447,64027]
[42075,48165,49517,51675]
[42082,48282,48323,60163]
[42111,55014,57889,60929]
[42125,45011,45495,51735]
[42127,45339,45489,62577]
[42143,43690,43775,54625]
[42143,48415,49585,60915]
[42148,45548,47027,49601]
[42177,51075,51170,51810]
[42183,54375,57275,58533]
[42185,46537,47575,56738]
[42195,49050,50576,51792]
[42195,55731,55825,60431]
[42206,55506,57246,63309]
[42228,45315,53253,58565]
[42250,48230,48375,60723]
[42251,43771,49036,54464]
[42255,46665,46950,48983]
[42267,46375,46775,51145]
[42330,49911,50086,51850]
[42369,58179,58424,63024]
[42383,42775,42908,47000]
[42401,51554,51689,57961]
[42432,44000,44200,47125]
[42435,43125,43148,61500]
[42460,48620,49349,53075]
[42521,45671,46231,49381]
[42559,60554,60809,61321]
[42599,43382,44426,45126]
[42607,47483,49232,60892]
[42614,44165,46189,49915]
[42625,56023,57375,61215]
[42632,53128,57224,58619]
[42653,59605,61178,62645]
[42681,52281,53751,63899]
[42731,44642,44733,52419]
[42735,47025,49875,54131]
[42775,45885,50861,53971]
[42804,51891,52244,59856]
[42809,50375,50505,60075]
[42845,47850,48298,52250]
[42904,43993,44807,49793]
[42918,50718,50721,58843]
[42925,43259,47515,52520]
[42993,43282,43758,45522]
[43050,57505,57687,59625]
[43056,50576,50580,59985]
[43061,47029,47107,49717]
[43125,45955,46662,55125]
[43129,44574,46254,57426]
[43165,47926,48950,64774]
[43166,55114,57323,59807]
[43276,57584,57585,64965]
[43290,49170,50325,60643]
[43418,51250,52357,59755]
[43425,44895,45355,61457]
[43433,52460,59540,62708]
[43435,50750,52925,58667]
[43475,49306,51245,55981]
[43493,48137,48613,62757]
[43516,44891,44896,53636]
[43537,48191,48913,65041]
[43549,43811,45493,50438]
[43571,45235,49629,54621]
[43571,56749,58124,63376]
[43589,46893,53157,58968]
[43602,45450,45955,48165]
[43641,47304,47744,49056]
[43663,47138,47632,59792]
[43680,45288,45305,45362]
[43731,50727,52519,53223]
[43745,50367,50475,52533]
[43758,45375,53040,55000]
[43763,44557,50307,57057]
[43771,46949,53911,57239]
[43771,48379,49979,54587]
[43792,44616,45591,46158]
[43803,46917,46943,54207]
[43847,47647,48958,50402]
[43848,51060,52275,52873]
[43860,50440,54417,60075]
[43872,47232,48544,56211]
[43877,52548,54468,57072]
[43928,51496,52003,57646]
[43983,52305,55475,62445]
[44004,46797,47472,62396]
[44018,50850,57743,59255]
[44061,50711,53694,60294]
[44073,44631,44969,56769]
[44104,52000,58110,60225]
[44128,46864,46886,50197]
[44278,44597,44707,46813]
[44353,46529,49571,51153]
[44408,50456,55510,58565]
[44437,45562,45638,53846]
[44437,49643,50203,56447]
[44457,47547,47959,51049]
[44548,45227,45232,53872]
[44556,47888,49713,55719]
[44564,45136,46956,53991]
[44583,45657,48521,49929]
[44619,47531,49665,59169]
[44625,46284,47985,61625]
[44663,47064,47912,54464]
[44720,52685,53456,54400]
[44737,44863,45617,48433]
[44737,51359,51541,52459]
[44759,54509,54841,62023]
[44766,49419,50286,61586]
[44795,60475,61295,63121]
[44805,46629,46671,51025]
[44821,45845,51625,56021]
[44844,50031,54944,56244]
[44850,45430,46761,47025]
[44863,46943,52693,61387]
[44880,46176,46324,47175]
[44880,49200,50172,59245]
[44881,50172,51356,53372]
[44944,50816,56816,60931]
[44951,47849,48199,63627]
[44997,50373,51724,56869]
[45036,48057,52432,53268]
[45045,46197,49725,61045]
[45067,47117,48548,54893]
[45067,50575,52955,59045]
[45084,49200,49215,59245]
[45084,51111,51376,52224]
[45125,47348,47500,48800]
[45153,45322,45882,52938]
[45182,51118,51127,51423]
[45240,45900,47125,48399]
[45240,51220,55709,64025]
[45240,62000,62002,64025]
[45271,48043,48080,61400]
[45279,60651,60687,64753]
[45315,49725,49733,58565]
[45325,46767,48285,48867]
[45356,50439,52896,56304]
[45370,48130,48475,62569]
[45375,50721,51150,55775]
[45387,59010,62115,63787]
[45446,45994,46970,47645]
[45467,48133,48613,55022]
[45496,47528,55297,57354]
[45510,45811,47989,50635]
[45552,50796,52377,54604]
[45575,47483,48617,55575]
[45645,46139,50286,61605]
[45650,46546,46750,46805]
[45658,47978,48743,60643]
[45687,51319,52281,60237]
[45747,51060,52275,55315]
[45747,52173,52275,56405]
[45762,55014,55187,57211]
[45771,51765,52779,52925]
[45771,54325,54696,57195]
[45843,62118,64176,65416]
[45889,49661,50941,60931]
[45895,47120,47744,54800]
[45899,55063,57851,59013]
[45900,47124,47125,52020]
[45920,52360,54569,57400]
[46003,52403,54839,56797]
[46032,53728,55407,56718]
[46043,53225,53557,63307]
[46081,54591,54739,61811]
[46110,46255,50350,52142]
[46115,46943,47725,62957]
[46155,51285,52503,58825]
[46213,46787,47138,47462]
[46214,60074,61306,62719]
[46284,54740,57260,61625]
[46291,51917,52305,56335]
[46315,60085,63125,64574]
[46331,46657,46694,47918]
[46355,47125,47200,52403]
[46379,64501,64523,65013]
[46397,53044,53053,64069]
[46428,49395,51072,54020]
[46453,50297,50422,56498]
[46475,46965,51207,63975]
[46475,48732,51168,51840]
[46513,54451,54812,61976]
[46529,50561,51493,53627]
[46531,49149,49166,53909]
[46531,49149,49609,65341]
[46543,49982,56498,64462]
[46600,54839,55264,56120]
[46647,47601,51322,53874]
[46657,47231,49543,58394]
[46657,50869,54782,58394]
[46657,54593,54649,54782]
[46665,49767,52258,53210]
[46701,50925,51895,55165]
[46725,54981,60475,64815]
[46800,48960,49300,49323]
[46852,50996,51545,58565]
[46860,55225,61056,61140]
[46895,51025,51127,57553]
[46900,55475,56000,59596]
[46949,52871,53911,57239]
[46965,55445,55449,63975]
[47000,56576,56680,65225]
[47012,52700,52925,62500]
[47025,47311,48195,55935]
[47027,47158,47222,51578]
[47056,52392,52419,54558]
[47064,47121,47128,47912]
[47066,53874,55687,56867]
[47120,53680,54131,62700]
[47151,53131,53798,55822]
[47182,47538,47682,47943]
[47209,49141,49986,53346]
[47212,52360,53737,59015]
[47280,53300,53625,63828]
[47282,57523,57694,60126]
[47296,48752,48804,55677]
[47320,55680,63336,63945]
[47348,48475,48752,49840]
[47348,48752,49217,54292]
[47348,53808,57939,63441]
[47369,49231,50313,53256]
[47379,47763,50813,59479]
[47386,50439,52896,58824]
[47386,51414,51471,52374]
[47397,56252,56388,61488]
[47411,54925,59995,65125]
[47415,48175,48625,58097]
[47415,48841,50141,61625]
[47415,50267,50358,52290]
[47444,54896,56851,59276]
[47450,47770,48230,62101]
[47466,55098,58159,58566]
[47472,52428,52887,53713]
[47529,58071,58091,61049]
[47571,51660,55104,60340]
[47575,53218,54120,55360]
[47575,54953,56647,59685]
[47580,48944,49025,51545]
[47580,54060,54961,59475]
[47589,48507,48689,55311]
[47632,49608,53586,61929]
[47671,49151,49153,51338]
[47680,52140,52809,54900]
[47685,53795,54621,55650]
[47730,48450,48875,63106]
[47912,55037,55968,65088]
[47915,50430,52029,52725]
[47915,62965,62974,64725]
[47937,49356,52044,53012]
[47956,60944,61556,63581]
[48000,57720,57800,59163]
[48025,60940,61472,62764]
[48026,53867,54374,56758]
[48031,55969,57319,60458]
[48100,49640,49765,50297]
[48125,49025,49343,53375]
[48125,55677,57000,62325]
[48175,51442,53465,62033]
[48198,51174,51799,58377]
[48199,50809,51271,60379]
[48199,52577,53223,64026]
[48205,53875,53947,57500]
[48230,53290,54166,62699]
[48231,49657,51957,56619]
[48265,48503,50050,58903]
[48269,51887,57187,59363]
[48300,54384,55180,62941]
[48321,59388,59415,60095]
[48332,57319,62944,63468]
[48339,49728,50739,62197]
[48433,50225,51025,53095]
[48433,50225,51025,62033]
[48433,50225,53095,62033]
[48480,53192,53550,58683]
[48503,53053,53742,59942]
[48548,55388,55876,65021]
[48581,50779,52279,63529]
[48622,49245,49278,53550]
[48655,55475,55775,57377]
[48720,55692,58667,62220]
[48724,56459,57772,59968]
[48750,50070,51739,58305]
[48777,52425,53375,53823]
[48818,51557,51568,53192]
[48924,59364,59451,63364]
[49011,60791,63603,64077]
[49077,49875,50635,51765]
[49077,52962,54366,63826]
[49129,51153,51820,57800]
[49130,49735,49793,55975]
[49160,59520,60600,62679]
[49213,54723,54831,58029]
[49235,55857,55890,59082]
[49309,51227,53102,60541]
[49387,51620,54112,58000]
[49465,51425,51748,61625]
[49469,55625,55981,60755]
[49473,61407,61473,64532]
[49693,55165,56582,60157]
[49755,55845,56575,64821]
[49764,54165,56811,59189]
[49764,58136,58145,59189]
[49830,50634,52041,53350]
[49841,50255,51359,54175]
[49841,54991,55041,55459]
[49841,54991,56639,61171]
[49907,52909,53066,63518]
[49929,52316,53244,64944]
[50061,57761,58384,59356]
[50083,57629,61721,63271]
[50127,60431,60819,61677]
[50141,57085,57159,63609]
[50149,51821,52283,61243]
[50268,51480,51493,56895]
[50286,55083,55811,58667]
[50344,51891,53656,53984]
[50440,57920,58006,58825]
[50481,57159,58784,61644]
[50499,52725,53576,62160]
[50575,52785,52969,60214]
[50575,52785,54621,59535]
[50623,56447,57288,61287]
[50700,50996,51545,58565]
[50702,53302,53627,55651]
[50713,52049,55087,58838]
[50727,53273,53469,54723]
[50827,57405,60075,61398]
[50904,53352,56680,59085]
[50996,55440,58565,58804]
[51051,57739,63063,64617]
[51095,57195,57598,58466]
[51129,54951,55614,64814]
[51148,51493,53632,56852]
[51272,58600,60203,61625]
[51357,51480,51493,51675]
[51425,51832,52360,54200]
[51442,59942,60467,62033]
[51450,54579,59496,63280]
[51475,52205,52258,62843]
[51506,53431,58344,64656]
[51538,52734,54009,63291]
[51591,59641,60486,63729]
[51620,53375,54656,55300]
[51657,56721,58793,61404]
[51725,53170,53794,62350]
[51766,52897,54266,61178]
[51887,56563,57187,59363]
[51975,58425,60385,60639]
[52207,52625,52675,57825]
[52207,57443,57553,65297]
[52295,53447,53795,62953]
[52305,57900,61264,62132]
[52390,55250,56875,63553]
[52417,58078,59039,62049]
[52425,56695,57375,58464]
[52461,53526,55448,59088]
[52500,52972,53125,53300]
[52520,53465,54400,61408]
[52520,54431,54944,61480]
[52544,55204,56649,57276]
[52560,52780,52925,53716]
[52577,55063,56129,56984]
[52722,54210,54665,55550]
[52766,58499,60304,64904]
[52767,56539,56736,57564]
[52808,53820,53833,56695]
[52836,55044,57596,59829]
[52882,57850,58093,62335]
[52939,56159,56564,59784]
[53025,54945,56055,61217]
[53025,55692,56055,61217]
[53095,56155,56459,57845]
[53200,53704,57190,65075]
[53218,55709,58082,59566]
[53280,54600,54961,57720]
[53364,56185,62625,65439]
[53428,54472,54481,62853]
[53505,54681,54694,54870]
[53901,62133,62376,63176]
[53912,58463,61336,63712]
[53992,56492,58667,63917]
[54056,62853,63072,64728]
[54060,54075,61851,63053]
[54188,59869,63020,65360]
[54211,57460,57536,61100]
[54230,54431,54944,61480]
[54385,55055,55169,56575]
[54400,55632,56115,62220]
[54417,60516,61008,62492]
[54600,55944,55965,57625]
[54600,55944,57625,57720]
[54612,55764,56364,57313]
[54668,58032,59337,60723]
[54689,55391,55777,56867]
[54694,58166,58261,59311]
[54925,57715,57785,61789]
[54945,55692,56055,61217]
[54964,55536,56511,57939]
[55084,58656,59220,65325]
[55187,57464,57536,61512]
[55293,62517,62699,65494]
[55332,56613,56956,59664]
[55380,56055,56400,57772]
[55386,60794,61523,62263]
[55407,63121,63393,65043]
[55440,58344,58565,63690]
[55660,57552,58548,60225]
[55892,60028,60097,64517]
[55965,62475,62525,63427]
[56055,57645,57950,58782]
[56055,62985,63017,63529]
[56135,57017,57225,59385]
[56661,57558,57739,58883]
[56661,60939,61079,63529]
[56829,58531,61149,61974]
[57011,59059,59437,63973]
[57102,63315,64498,65310]
[57159,61575,61625,64859]
[57321,61161,61567,64713]
[57442,62933,63037,63683]
[57545,58672,58697,61455]
[57609,59241,59339,59829]
[58011,58725,60085,61275]
[58110,60602,62015,62725]
[58138,60262,61418,61683]
[58667,62933,63427,64757]
[59015,59488,60775,63713]
[59109,59163,59245,59475]
[59184,61944,62665,63510]
[59276,61936,63437,64148]
[60320,61200,61625,64532]
[60723,62169,63856,64356]
[61788,61907,61916,63904]
[61815,63000,63400,64896]
[61880,62240,62629,65450]
[62826,63027,63048,63176]
[63603,64077,64087,64713]
