[5,110,133,731]
[7,943,968,1580]
[9,348,352,516]
[12,105,112,980]
[12,159,212,688]
[13,57,68,112]
[13,59,62,91]
[13,122,134,854]
[13,2507,2822,3597]
[17,28,32,68]
[18,75,80,168]
[19,525,531,1350]
[20,175,176,500]
[20,1168,1332,1825]
[21,1421,1566,2451]
[23,77,98,266]
[23,166,177,527]
[23,247,266,361]
[23,247,338,663]
[23,725,745,1705]
[25,74,95,185]
[25,136,255,711]
[25,623,625,1780]
[25,1127,1185,2585]
[26,37,38,74]
[26,1250,1395,2375]
[27,923,1183,8437]
[28,3239,3772,8864]
[29,69,99,174]
[29,745,755,1421]
[29,1037,1054,3538]
[31,319,374,1089]
[32,296,329,518]
[33,58,63,87]
[33,65,75,117]
[34,134,155,209]
[34,174,187,2023]
[34,925,995,3515]
[36,57,64,132]
[36,459,476,624]
[36,1911,1924,3504]
[37,170,187,205]
[37,194,206,962]
[37,667,713,5083]
[37,949,962,4526]
[38,82,87,207]
[38,87,102,522]
[38,430,437,10013]
[38,445,475,11837]
[39,324,336,676]
[39,511,551,3796]
[39,1071,1122,4433]
[39,1369,1961,10619]
[39,13465,17511,30285]
[41,330,384,4920]
[42,1762,5083,6887]
[43,875,893,1725]
[43,875,1015,4375]
[43,1343,1387,2773]
[44,296,299,551]
[47,187,203,437]
[47,275,303,1647]
[47,371,385,13825]
[47,425,578,1015]
[47,483,531,40851]
[47,767,914,1634]
[47,1073,1136,1969]
[50,154,171,375]
[50,1246,1330,15575]
[51,299,306,429]
[52,267,272,4628]
[52,731,748,1456]
[52,1600,1625,4180]
[53,172,189,253]
[53,172,308,848]
[53,339,636,1197]
[53,427,437,788]
[53,1387,1975,3415]
[54,225,250,630]
[55,183,217,667]
[55,595,777,1225]
[56,119,136,224]
[57,111,132,232]
[57,554,904,4432]
[57,603,629,2059]
[57,893,988,2752]
[57,1044,1644,4432]
[57,2842,3399,13311]
[58,202,203,303]
[58,481,506,1258]
[59,1841,1921,18561]
[60,63,65,87]
[61,74,122,182]
[61,186,189,549]
[61,511,589,2227]
[61,611,639,1311]
[61,1766,2109,15811]
[61,1766,2723,10147]
[61,3589,3811,5917]
[61,3589,4514,10670]
[62,575,640,3760]
[62,638,667,1218]
[63,267,273,623]
[63,267,294,1246]
[63,663,833,1092]
[64,1261,1651,4171]
[65,119,169,425]
[65,236,464,1300]
[65,1343,2065,3757]
[65,33847,38372,51935]
[66,221,306,1794]
[66,4466,5481,10626]
[67,7997,8851,11169]
[68,112,119,196]
[68,233,608,932]
[68,464,493,1564]
[69,169,174,1014]
[69,476,1152,5508]
[69,477,552,1219]
[69,1081,1173,3819]
[69,1147,1219,3956]
[69,1161,1504,2596]
[69,2024,3059,8909]
[70,147,150,378]
[70,3395,3450,5254]
[71,825,890,4465]
[71,6649,11023,16058]
[72,159,184,1272]
[72,897,952,1248]
[73,119,123,219]
[73,143,146,169]
[73,403,413,1763]
[73,598,602,1898]
[75,117,125,195]
[75,153,170,210]
[75,189,210,875]
[75,5073,6802,48298]
[75,5490,10126,12750]
[76,141,148,2668]
[76,221,272,308]
[76,365,400,876]
[76,969,1428,3648]
[76,13793,14924,16976]
[77,623,627,2739]
[77,698,2443,3507]
[77,748,1292,1408]
[77,833,952,1292]
[78,153,208,408]
[78,2806,3081,7503]
[79,196,209,2001]
[81,2664,3168,6808]
[82,170,205,425]
[82,3806,4706,7093]
[83,525,767,1375]
[83,1413,1798,5902]
[84,169,192,468]
[85,237,238,275]
[85,345,357,1125]
[85,1813,1837,6290]
[86,301,344,10744]
[87,108,116,276]
[87,178,183,783]
[87,303,399,2929]
[89,170,289,775]
[89,208,217,633]
[89,3239,3649,8321]
[91,280,325,595]
[91,649,938,5978]
[91,1734,1989,2829]
[91,2044,2288,51392]
[92,832,869,6161]
[93,247,282,1122]
[93,261,268,957]
[93,2307,4953,5383]
[94,850,935,1250]
[95,2625,2849,17500]
[96,1196,1521,2604]
[96,3400,4521,6630]
[97,169,194,481]
[97,475,497,625]
[97,1247,1253,1825]
[99,174,176,3872]
[99,174,187,957]
[99,357,374,1518]
[100,925,1125,2109]
[101,549,731,1271]
[101,1001,1115,4699]
[101,1775,1835,4949]
[102,414,427,561]
[102,522,561,986]
[102,522,986,6069]
[102,938,943,6757]
[102,2277,2299,16027]
[102,26793,26832,46648]
[103,222,464,1472]
[103,1767,1769,2651]
[103,5063,5187,10147]
[104,287,288,2496]
[104,1732,2093,5629]
[105,127,225,402]
[105,250,279,975]
[105,259,270,4230]
[105,910,975,10857]
[105,4625,5175,7881]
[106,638,731,1537]
[106,6086,6307,10298]
[106,9150,10519,19775]
[107,2116,2845,4125]
[108,249,276,592]
[108,333,396,592]
[109,1684,1696,6736]
[109,3245,3255,9495]
[109,4141,4223,11009]
[109,4141,4309,8341]
[109,4141,4469,21109]
[109,6929,8194,12506]
[110,943,968,7832]
[110,943,1640,2032]
[110,3445,3997,5525]
[111,175,186,375]
[111,265,375,1110]
[111,364,396,624]
[111,369,611,861]
[113,195,225,1695]
[113,399,465,2775]
[113,1075,1112,1700]
[113,2236,2288,3164]
[113,2317,2488,7808]
[114,261,264,464]
[114,2154,2409,2759]
[115,5555,5681,15663]
[116,325,340,416]
[116,325,340,2320]
[116,325,416,2320]
[116,325,500,1040]
[116,368,391,2668]
[116,819,864,10764]
[116,1816,2071,2989]
[116,16912,17045,18375]
[117,267,273,1157]
[117,609,667,741]
[117,1533,1547,4088]
[119,147,153,231]
[119,304,448,5712]
[119,483,567,969]
[119,713,731,969]
[119,925,935,1369]
[119,2281,2619,6843]
[119,22007,26743,58082]
[121,814,962,5698]
[122,203,427,483]
[122,362,483,3258]
[122,1102,1247,2523]
[123,595,1200,2277]
[123,900,960,1148]
[123,5627,5643,11193]
[124,957,965,3845]
[124,1199,1328,3488]
[124,1625,1820,5600]
[124,2392,2651,4601]
[125,161,164,200]
[125,253,275,847]
[125,315,414,675]
[125,370,414,1250]
[125,447,703,1025]
[125,533,550,4715]
[125,559,575,2241]
[125,629,925,3485]
[125,748,765,1477]
[125,899,1595,2275]
[125,1394,1819,3485]
[125,5530,5891,11875]
[125,6845,6875,26011]
[125,7300,9500,15184]
[126,525,715,5365]
[126,2330,2475,31455]
[127,575,595,705]
[127,1875,1898,2150]
[127,2668,4332,15252]
[127,3723,5202,10074]
[128,4624,5947,13328]
[128,8188,11063,11753]
[129,319,357,897]
[129,831,851,1599]
[130,185,200,592]
[130,725,754,1150]
[130,725,928,2600]
[131,24166,24168,58488]
[132,225,240,380]
[132,4732,8228,24167]
[133,406,595,3565]
[133,507,551,3211]
[133,1595,1925,2233]
[133,1595,2275,2842]
[134,8450,10309,18625]
[136,1184,3128,3857]
[136,3689,3857,14161]
[136,8236,8439,12905]
[137,375,475,713]
[137,375,585,2055]
[137,578,1271,2601]
[137,696,704,1096]
[138,954,1162,3021]
[139,1525,1595,4255]
[139,2479,2666,4066]
[139,3857,4235,10955]
[139,12614,12835,39061]
[140,205,400,1804]
[141,986,1107,1653]
[141,4275,5335,12685]
[143,350,418,7150]
[143,350,455,2065]
[143,409,559,818]
[143,525,2340,4632]
[143,616,984,3432]
[143,847,1001,6734]
[143,1073,1817,3367]
[143,3146,3718,17018]
[143,3237,3393,28737]
[143,3959,6734,7657]
[143,5698,6734,9394]
[144,500,945,3060]
[145,460,464,1300]
[145,845,1300,3848]
[145,2575,5075,8083]
[145,5185,5423,28975]
[148,203,213,437]
[148,1128,1273,2497]
[148,7475,7540,11248]
[148,7519,7540,16780]
[149,725,745,875]
[149,1251,1309,2461]
[150,315,336,1400]
[150,955,1254,3738]
[150,1731,1750,12694]
[151,1001,1209,3211]
[151,2761,3895,4610]
[152,169,273,681]
[152,4247,4384,5336]
[153,3276,3328,6324]
[153,11097,11247,16303]
[156,480,481,1020]
[156,684,685,1525]
[157,407,518,4082]
[157,1534,2366,4082]
[157,1859,1891,2366]
[157,5723,7046,15229]
[157,21983,22061,52909]
[158,850,1025,3230]
[159,215,225,1590]
[159,259,666,1590]
[159,351,371,429]
[159,516,688,9116]
[159,572,759,5247]
[159,2109,2368,4884]
[160,676,700,1001]
[161,289,323,561]
[161,437,460,3320]
[161,539,561,847]
[161,3050,3320,4880]
[162,774,799,1749]
[163,1727,1773,2413]
[163,2242,2686,9154]
[164,416,451,676]
[164,1904,2023,2212]
[164,3328,4797,14628]
[165,549,651,1525]
[165,549,1525,2001]
[166,419,422,3302]
[168,2093,2112,6552]
[169,279,299,1001]
[169,664,713,5577]
[169,781,806,1742]
[169,1037,1513,13481]
[169,2869,2990,8294]
[169,7081,7519,16393]
[170,250,425,506]
[170,305,550,854]
[170,3530,4975,6001]
[170,16910,17575,28747]
[171,221,234,459]
[171,837,1012,2712]
[171,4329,6251,14421]
[172,272,357,468]
[172,377,812,2288]
[173,646,723,7373]
[173,663,668,2032]
[173,663,702,1038]
[173,667,702,1542]
[173,1127,1763,2717]
[173,4151,4873,7223]
[173,6253,6344,7579]
[173,10708,12077,19667]
[174,1071,2023,10353]
[175,318,345,2385]
[175,365,385,511]
[175,365,403,851]
[175,365,490,1022]
[175,413,770,2470]
[175,441,450,945]
[175,471,490,5495]
[175,644,800,1540]
[175,791,2034,3255]
[175,1508,2233,3185]
[176,2255,2624,21120]
[177,775,798,8250]
[177,849,852,1073]
[178,902,3303,10947]
[179,3021,3069,4239]
[181,781,1267,1406]
[181,1106,1810,4670]
[181,1611,1639,1819]
[181,2197,2353,3569]
[181,2794,3933,8931]
[181,3275,3355,12455]
[182,209,232,416]
[182,407,438,1802]
[182,407,518,1274]
[182,511,1040,2920]
[182,3530,3575,6707]
[183,202,303,1647]
[183,558,658,1342]
[183,924,976,2976]
[183,2775,3515,6405]
[183,5097,6541,15789]
[185,266,310,1850]
[185,455,481,697]
[185,697,703,935]
[185,697,703,1025]
[185,697,935,1025]
[185,850,1496,2000]
[187,250,325,595]
[187,257,272,1028]
[187,775,812,2000]
[187,988,1148,4352]
[187,3763,4158,29733]
[188,3268,3772,15247]
[189,801,1311,3551]
[189,3381,3619,4061]
[190,370,475,1406]
[191,289,387,867]
[191,1577,1591,4041]
[192,2392,2691,3864]
[193,479,482,1057]
[193,703,1729,3914]
[193,850,865,1207]
[193,1859,1985,4225]
[193,10175,10285,13585]
[193,10175,11043,24125]
[193,17825,17990,42785]
[194,851,962,1358]
[194,10579,12749,26451]
[195,204,221,325]
[195,792,800,2392]
[195,1469,1695,2925]
[195,2142,2450,35742]
[196,1624,2001,11571]
[196,1904,2244,2331]
[197,1189,1247,2561]
[197,2353,2507,5963]
[197,3772,4292,12608]
[197,3772,4292,37052]
[197,20503,20677,22523]
[199,1869,2937,3897]
[200,408,425,1258]
[200,416,425,520]
[200,2257,2440,15200]
[200,7612,8375,11245]
[201,279,299,779]
[201,13239,19019,29081]
[202,218,282,327]
[202,741,909,4173]
[202,1098,1647,1818]
[202,2750,3905,31625]
[203,364,372,464]
[203,1139,1261,1972]
[203,1183,1547,20683]
[203,5439,5628,12972]
[204,300,325,340]
[204,407,768,1332]
[204,1044,1165,1740]
[204,1971,2261,10731]
[204,3471,3536,18156]
[204,10071,10444,18156]
[205,250,275,779]
[205,250,328,400]
[205,322,328,400]
[205,345,425,1577]
[205,403,455,697]
[205,425,455,697]
[205,1010,1517,1717]
[205,1060,1148,4000]
[205,1258,1517,1717]
[205,1631,2330,10250]
[206,4386,5247,6723]
[207,493,515,893]
[207,948,1168,6448]
[207,1431,1457,1743]
[207,2873,3042,5967]
[207,2873,3276,8721]
[207,4743,6448,7812]
[208,548,667,1577]
[208,548,676,1781]
[208,1952,1972,4697]
[209,335,341,3509]
[209,559,561,2871]
[209,2486,2584,16264]
[209,5500,9200,10780]
[209,10375,13959,18425]
[210,2355,2450,6594]
[211,1651,1711,3151]
[211,7379,8621,17461]
[212,327,436,1696]
[212,688,689,756]
[212,688,689,1012]
[212,2732,3337,4268]
[212,2777,8268,18832]
[212,3227,3632,8268]
[212,10013,10028,24752]
[213,437,473,697]
[215,289,340,511]
[215,765,775,10873]
[217,473,527,11408]
[217,1851,1899,31467]
[217,5185,5258,7225]
[218,342,387,1962]
[218,682,763,938]
[218,943,992,9592]
[218,5699,7526,12426]
[219,901,969,4599]
[219,3519,3621,4891]
[220,6565,7300,11312]
[221,259,319,481]
[221,319,403,493]
[221,494,507,837]
[221,644,740,2720]
[221,2173,2279,2873]
[221,2425,3104,4420]
[221,10877,10879,32929]
[222,261,264,464]
[222,1547,1653,5661]
[222,4930,7803,20445]
[222,10778,11097,35187]
[223,700,752,860]
[223,1919,3827,5523]
[223,4383,5699,7391]
[223,5727,5969,11473]
[225,259,270,666]
[225,567,630,833]
[225,567,833,2625]
[225,580,864,3420]
[225,915,1650,2074]
[225,984,1000,9184]
[225,1441,1475,1891]
[225,1443,2310,3250]
[225,3774,4255,10625]
[226,555,930,5550]
[226,901,904,1696]
[226,957,1243,9251]
[228,720,1095,6500]
[228,899,928,1124]
[229,1573,1829,2977]
[231,369,574,714]
[231,551,574,1519]
[231,5535,5656,7175]
[232,288,297,522]
[232,1088,1099,2584]
[232,13448,13486,18491]
[233,2627,3197,7747]
[234,350,495,3159]
[234,1445,2534,16150]
[234,1449,2016,8176]
[235,3861,8235,13689]
[236,1064,1133,1961]
[237,1513,1612,10808]
[237,3123,3127,6487]
[238,427,448,488]
[239,2533,6014,8786]
[240,364,365,436]
[240,612,740,975]
[240,1696,2385,5700]
[244,1520,1525,3956]
[244,8800,12125,43931]
[245,2030,2050,3458]
[246,1455,1920,2296]
[246,2022,3021,10447]
[246,6993,7104,10168]
[247,481,494,703]
[247,536,553,689]
[247,553,722,2185]
[247,671,1178,1729]
[247,688,689,1521]
[247,4225,5278,18522]
[247,26103,28841,54697]
[248,544,952,3427]
[249,591,592,1432]
[249,1081,1116,1809]
[249,3132,6976,19932]
[250,399,495,3975]
[250,590,625,779]
[250,646,779,950]
[250,1514,1850,17411]
[250,3435,3971,8125]
[250,16910,18125,31463]
[251,1925,3500,13699]
[252,507,868,4368]
[252,783,928,1872]
[253,323,363,638]
[253,969,1428,2556]
[254,1150,1955,4370]
[255,315,350,714]
[255,385,525,1071]
[255,420,425,663]
[255,700,828,3120]
[255,2440,2601,4575]
[255,2943,5995,11407]
[257,1482,1542,3978]
[257,2497,2623,3173]
[258,3317,3330,4158]
[258,3317,4747,15637]
[259,506,582,1798]
[259,650,1155,5915]
[259,1911,1924,3976]
[259,2041,4921,12089]
[259,2716,3171,3589]
[259,5123,5859,26341]
[260,348,377,1700]
[260,2160,2457,8100]
[261,432,464,768]
[261,621,667,828]
[261,744,768,10208]
[261,1020,1189,1275]
[261,2508,5808,10208]
[261,4884,5808,10208]
[261,5742,5808,10208]
[262,3937,4393,8983]
[262,9462,9513,22365]
[263,2873,4498,6513]
[263,6913,6919,17287]
[263,6919,7225,24905]
[264,817,864,1992]
[264,824,858,5313]
[264,1100,1105,1595]
[265,329,371,1015]
[265,725,1000,1484]
[265,841,1015,1325]
[266,959,966,1850]
[267,533,623,943]
[267,2222,7029,23331]
[267,2379,2967,37271]
[268,1643,1932,5364]
[270,357,368,600]
[270,1095,1102,1550]
[270,6786,7875,9139]
[271,1591,2130,3450]
[272,533,656,1664]
[272,916,1603,1972]
[272,1548,1577,2077]
[273,532,624,756]
[273,675,1300,1860]
[274,342,351,1233]
[275,365,385,803]
[275,429,495,975]
[275,561,765,1155]
[275,779,915,4100]
[275,915,975,1647]
[275,1363,1375,2387]
[275,1517,2035,7667]
[275,3380,3509,5005]
[275,12985,15609,30393]
[276,351,364,384]
[277,5291,7202,17773]
[278,1603,1878,4122]
[278,11107,13802,48298]
[279,372,496,3828]
[279,393,407,568]
[279,3198,3471,3977]
[280,2015,7007,12425]
[280,2465,3776,5800]
[281,1581,3417,6681]
[281,2535,3081,4215]
[283,525,558,795]
[283,553,572,2928]
[283,2233,2492,4760]
[283,38363,44804,51811]
[285,625,744,1500]
[286,861,864,1968]
[286,4763,6062,19886]
[287,325,338,410]
[287,357,369,399]
[287,703,742,833]
[287,1001,1599,6888]
[287,1387,1403,3077]
[287,2035,2050,2738]
[287,2037,2079,2337]
[288,713,817,1393]
[289,737,775,5780]
[289,775,935,1250]
[289,861,867,2211]
[289,1391,1734,3414]
[289,6911,8959,13756]
[289,12961,15606,18791]
[290,403,928,2600]
[290,475,1400,6728]
[290,2405,2600,7696]
[291,741,1859,4462]
[292,408,437,553]
[292,2173,2501,3869]
[294,8066,9339,19389]
[297,420,425,14703]
[297,444,528,1628]
[297,522,561,847]
[297,522,570,1978]
[297,522,847,2871]
[297,535,553,1147]
[297,9783,10797,11533]
[298,29602,30227,31415]
[299,394,451,1981]
[299,1325,2000,20876]
[299,2000,2224,4160]
[299,3029,3211,7261]
[299,6613,10795,25285]
[300,756,780,925]
[300,888,925,1887]
[301,476,544,644]
[301,539,544,644]
[301,851,931,1071]
[303,819,897,1919]
[303,1647,1717,3477]
[305,1235,1586,2950]
[305,1236,1305,3111]
[305,1540,1617,4697]
[305,1540,1892,2684]
[306,318,319,357]
[306,942,969,1267]
[306,1086,1267,2242]
[307,1869,2355,4005]
[308,525,533,875]
[308,583,748,848]
[308,875,880,7700]
[308,957,1044,1716]
[308,9191,11284,21008]
[309,715,741,1035]
[309,4675,4734,5355]
[310,455,506,650]
[310,1850,2294,3565]
[311,1859,1898,34658]
[311,13129,13379,19129]
[311,13129,15159,31734]
[311,13129,16153,26197]
[312,448,504,6279]
[312,500,675,2145]
[313,1325,1337,2425]
[313,1843,1878,2522]
[313,1843,2425,20345]
[313,2041,2191,4687]
[313,4988,5008,8932]
[315,1281,1419,1525]
[315,8070,11424,15064]
[318,518,527,1363]
[318,3178,3477,19623]
[318,6675,7832,9120]
[318,6675,9790,12750]
[318,9657,9768,18232]
[319,669,1012,6556]
[319,969,1089,1914]
[319,1326,1377,3393]
[319,1866,2241,3681]
[319,37947,55419,64197]
[322,18070,18447,27547]
[323,377,403,493]
[323,377,442,638]
[323,1107,1133,4717]
[323,1243,1358,3842]
[323,1533,1599,11169]
[323,1597,2323,7073]
[323,1653,1938,4437]
[323,2845,3427,7598]
[324,4368,4380,6565]
[325,406,410,1430]
[325,507,585,2565]
[325,865,950,3806]
[325,899,950,1885]
[325,962,1040,1480]
[325,1081,1250,2006]
[325,1243,1495,2825]
[325,1243,1495,16055]
[325,1243,2825,16055]
[325,1403,1480,2755]
[325,1403,1480,3965]
[325,1403,2755,3965]
[325,1435,1599,2175]
[325,2117,2175,3285]
[325,2117,2755,9125]
[325,4141,6565,10660]
[326,4525,4720,14080]
[327,513,856,1696]
[327,572,688,3488]
[327,1272,1696,2616]
[327,5423,5742,7887]
[327,8775,9265,14105]
[328,464,497,2378]
[328,629,779,1003]
[328,1212,1219,2759]
[328,3927,7953,12177]
[329,671,854,1729]
[329,1309,1316,17296]
[329,1309,1353,1463]
[330,585,1001,3025]
[330,1679,1800,3504]
[330,1695,1786,3450]
[332,3357,3419,5093]
[332,4292,5909,9869]
[333,435,483,925]
[333,525,555,725]
[333,795,1517,2067]
[333,3657,3763,7437]
[335,5550,7904,34040]
[336,500,625,3145]
[336,676,693,1092]
[336,1887,4288,10064]
[337,888,4992,34632]
[337,4271,5729,6387]
[337,4369,4381,5713]
[338,481,494,1106]
[338,481,663,2263]
[338,481,962,1106]
[338,2142,2983,7267]
[339,444,452,528]
[339,675,690,1130]
[339,1197,1311,2147]
[339,1769,1827,2013]
[339,1769,3654,6954]
[339,5883,5989,7067]
[339,15564,15648,19436]
[340,416,425,884]
[340,1092,1717,5785]
[340,27220,35700,44913]
[341,989,1034,4114]
[341,1331,1419,1909]
[341,2109,2123,3509]
[341,2926,4949,6699]
[342,390,525,1183]
[343,497,532,872]
[343,2275,2530,2870]
[343,4732,5148,34788]
[345,851,1449,2775]
[345,935,1071,1425]
[345,1580,1599,2625]
[346,1326,1557,1677]
[346,1354,1529,2195]
[347,1183,1192,2028]
[348,975,1073,2535]
[348,1360,1377,1860]
[348,2457,2464,7644]
[348,4023,7152,7744]
[349,1757,1807,6707]
[349,12181,13118,23413]
[350,442,455,833]
[350,2807,3080,12832]
[350,6994,7955,33625]
[351,1926,1961,2409]
[351,2325,2795,6699]
[352,548,572,1507]
[353,511,803,1411]
[353,703,705,978]
[353,3125,3128,5900]
[353,3553,3883,5423]
[353,10363,10933,27083]
[354,11749,12261,38661]
[356,559,572,9968]
[356,832,868,1157]
[356,832,1157,2532]
[356,5440,14685,19125]
[357,457,1371,2907]
[357,468,493,507]
[357,468,588,6188]
[357,511,657,2193]
[357,539,561,693]
[357,679,1530,2910]
[357,1125,1155,4165]
[357,1125,1275,1325]
[357,1449,1518,5474]
[357,3185,3393,16065]
[357,3647,3759,4689]
[359,3934,4334,18962]
[359,17516,18156,29076]
[360,480,481,600]
[360,2000,2961,4050]
[360,3248,3402,9765]
[361,2825,2839,4064]
[361,3689,3871,6601]
[361,24605,25650,28250]
[362,538,618,1267]
[363,638,792,1392]
[364,500,725,1300]
[364,1353,2028,4236]
[364,3784,3841,7261]
[365,1065,1175,1751]
[365,1247,1825,3103]
[365,2220,2925,2997]
[365,2561,3139,4925]
[366,414,418,427]
[366,522,609,1159]
[366,2754,3538,4123]
[368,472,473,2173]
[368,3052,4573,7257]
[369,527,531,6273]
[369,551,783,2232]
[369,591,689,861]
[369,663,1394,1738]
[369,1227,1230,4090]
[369,1227,1281,16769]
[369,10005,11919,28495]
[370,435,462,1566]
[370,470,475,713]
[370,575,713,4255]
[370,629,925,3179]
[370,2555,2992,4000]
[371,525,795,1554]
[371,1204,1216,1484]
[371,2021,2373,8379]
[372,1737,1744,2316]
[372,1737,1744,8464]
[372,1737,2316,8464]
[372,2871,3828,5104]
[374,410,451,550]
[374,742,901,2726]
[374,949,995,1501]
[374,949,1606,3146]
[375,703,705,1110]
[375,1705,2057,2750]
[375,1781,2055,5625]
[376,767,1001,2433]
[376,5969,6513,7567]
[377,575,580,1625]
[377,575,598,3335]
[377,1085,1102,1210]
[377,1273,1287,4017]
[377,1785,4425,16965]
[377,2043,2071,9449]
[377,2296,2552,3104]
[377,2448,2465,5473]
[377,3193,3233,7783]
[377,3193,3567,27492]
[377,3303,3556,9991]
[377,5327,9048,29679]
[377,6559,6695,9370]
[377,13481,22919,30073]
[379,2494,2504,14744]
[379,6875,13375,27935]
[381,697,969,1353]
[381,11169,12019,15987]
[382,437,459,949]
[382,957,987,1827]
[382,1218,1598,2263]
[383,1079,1183,1804]
[383,2055,2695,4658]
[385,565,575,4033]
[385,650,728,2240]
[385,1045,1071,1617]
[385,2057,2975,8932]
[385,2329,10471,20740]
[385,2465,2475,11253]
[386,1001,2702,3458]
[387,2077,2655,12735]
[388,404,437,679]
[388,888,917,2737]
[388,1313,1417,3007]
[389,1221,1236,4029]
[389,1914,2349,3501]
[389,2534,2790,5430]
[389,16261,16951,23621]
[389,17861,20617,34711]
[390,3145,4329,14025]
[391,1145,1275,4809]
[391,1273,1275,3145]
[391,1309,1564,3496]
[391,2255,5434,23375]
[391,2261,2601,11049]
[391,2500,3975,8415]
[391,3009,4089,11271]
[391,3184,3431,7801]
[391,8789,9701,17051]
[392,976,1342,1817]
[393,2057,2148,2337]
[395,2125,2200,3757]
[395,21770,24157,31395]
[396,1025,1620,5904]
[399,689,1113,2457]
[399,1295,1449,2775]
[399,2929,3649,6179]
[399,2929,3857,13433]
[399,4689,6405,18235]
[399,18300,47824,50820]
[400,564,805,1364]
[400,572,580,1625]
[400,680,689,850]
[400,1184,1625,2516]
[400,9563,9645,17005]
[403,425,455,697]
[403,437,438,1278]
[403,493,507,1222]
[403,920,928,2600]
[403,1159,1184,3172]
[403,2037,2067,25608]
[404,752,948,2121]
[404,1092,2121,5733]
[406,606,609,2121]
[406,1513,1562,5162]
[407,713,968,1463]
[407,1001,1274,2849]
[407,1155,1368,2220]
[407,1357,1452,2288]
[407,1582,1943,4105]
[407,2050,2057,2255]
[407,7785,8057,21625]
[408,672,680,915]
[409,697,747,2091]
[410,445,451,3293]
[410,12170,15719,32351]
[411,4611,5136,7261]
[411,5661,5891,8214]
[412,1037,3172,9248]
[412,5368,10697,42547]
[413,1501,2249,7849]
[413,2107,2128,5828]
[413,2987,3157,13867]
[413,2987,5418,6958]
[414,2862,2914,9063]
[415,712,737,1335]
[416,1096,1144,1781]
[417,1403,2222,4042]
[418,1003,1027,2627]
[418,4181,4907,11581]
[418,4422,4623,15477]
[420,900,949,1500]
[420,1220,1281,6468]
[424,3349,3496,6304]
[424,3609,3905,58625]
[425,506,520,544]
[425,1010,1111,1615]
[425,1258,1265,1615]
[425,1258,1265,3145]
[425,1276,1424,2720]
[425,1276,1424,9860]
[425,1276,2720,9860]
[425,1577,1785,2635]
[425,2121,2135,15554]
[425,3094,3185,11305]
[425,3194,7985,23375]
[425,3287,4345,21625]
[425,11895,19703,28730]
[426,1037,1224,11712]
[426,4199,5151,6201]
[427,598,602,854]
[427,637,693,732]
[427,1003,1113,1813]
[427,1120,1952,5120]
[427,1302,1872,15552]
[427,1365,1525,1885]
[427,1948,3317,5917]
[427,2023,2108,18088]
[427,2156,3619,7381]
[427,2773,2793,3003]
[428,2092,3053,6572]
[429,595,629,845]
[429,905,1629,2595]
[429,2529,2541,3091]
[429,2529,2886,7306]
[429,2529,4895,15521]
[429,4365,5775,13871]
[429,15405,15521,57629]
[430,1025,1271,1375]
[430,1270,1271,1375]
[433,719,817,3031]
[433,867,1299,1683]
[433,1133,1394,3942]
[434,1266,1806,12201]
[434,2150,2891,4025]
[434,4867,5208,17584]
[434,9889,10199,12201]
[435,525,533,725]
[435,545,589,2227]
[435,1037,2325,4437]
[435,1700,2325,4437]
[435,1700,2448,10500]
[435,1925,2125,3277]
[435,4180,4608,9744]
[435,4625,5850,10878]
[435,6390,7482,10550]
[436,1269,2452,4972]
[436,16564,17876,20099]
[436,19129,34009,44359]
[437,511,513,4161]
[437,668,707,2813]
[437,913,923,1253]
[437,927,932,1768]
[437,3021,3496,12604]
[437,3713,7077,11227]
[437,10013,12597,14773]
[437,19093,22379,38226]
[438,1802,1971,3111]
[438,2873,3111,10881]
[440,1595,3400,10208]
[442,1098,1674,1989]
[442,1250,1275,11375]
[442,4270,5355,8967]
[442,5410,5525,7033]
[444,899,928,1628]
[444,1456,1764,3549]
[444,13891,13892,46652]
[445,850,1000,2848]
[445,850,1445,1691]
[445,850,1691,3875]
[445,1040,1424,3328]
[445,2205,2250,2403]
[445,9435,13350,16317]
[447,2232,3256,3576]
[447,2725,2970,4578]
[447,4929,7897,8679]
[447,6222,12322,20130]
[448,5888,6279,9016]
[449,1599,2289,4059]
[449,2906,2913,12223]
[450,1241,1666,1970]
[451,893,899,2951]
[451,901,1166,1309]
[451,1981,2133,2627]
[451,3293,3649,4351]
[451,7633,7676,7976]
[451,8151,8866,15886]
[451,20570,21750,31350]
[453,1850,2070,9990]
[453,3003,3157,5313]
[455,697,1225,1547]
[455,966,1209,1575]
[456,819,896,2184]
[456,1653,1672,1856]
[458,917,1603,2667]
[459,949,1971,2754]
[459,7869,11339,29036]
[462,638,693,1218]
[462,1566,2541,4466]
[463,1517,1521,4559]
[463,6700,7340,18260]
[464,1036,1652,7511]
[464,1148,1189,6148]
[464,1300,1395,1740]
[464,1300,1395,2345]
[464,1300,1740,2345]
[464,1300,1885,3380]
[464,2856,2871,3354]
[465,1570,1575,4239]
[465,1908,3975,8785]
[468,561,615,1105]
[468,688,756,1521]
[468,2032,2457,5364]
[468,4095,4225,4575]
[469,755,781,2419]
[469,10261,17279,32021]
[470,533,550,1558]
[470,1343,1345,2057]
[470,1690,2275,2666]
[470,1870,2057,4675]
[471,1209,1529,2041]
[471,1804,3280,4396]
[472,725,928,2600]
[472,1292,1333,5597]
[473,705,948,1575]
[474,1098,1099,2074]
[474,2022,2074,6403]
[474,2751,3136,21616]
[474,2958,3283,3633]
[475,551,665,7975]
[475,783,817,16625]
[475,889,970,7130]
[475,2009,2684,8600]
[475,3265,4571,6875]
[475,3485,3515,13243]
[475,4187,5963,10625]
[475,10108,16400,33820]
[476,539,544,644]
[476,624,819,1596]
[476,2989,3856,14756]
[477,777,1113,3367]
[477,1053,1113,17437]
[477,1309,1323,4284]
[477,1443,1581,1961]
[477,1443,2067,3367]
[477,2130,2373,2525]
[477,6882,7104,18656]
[477,12207,12358,25042]
[481,511,518,1183]
[481,671,793,31598]
[481,697,728,1628]
[481,743,793,1106]
[481,831,851,1939]
[481,994,1001,7511]
[481,994,1184,2704]
[481,1463,3145,8905]
[481,2049,3731,22451]
[481,2263,2294,3937]
[481,2651,2678,4238]
[481,3358,3369,5217]
[481,3361,3367,6722]
[481,4033,4958,9919]
[481,4034,5217,18153]
[481,4319,4321,5291]
[481,12513,13937,22019]
[481,16393,23282,46657]
[482,2507,3422,4142]
[483,713,759,969]
[483,925,1575,3885]
[483,980,1008,2400]
[483,1183,1197,4563]
[483,1309,1683,2541]
[483,6348,8372,18228]
[484,825,960,1980]
[484,4400,4845,8316]
[484,5236,5335,14645]
[485,600,1125,4947]
[485,667,725,1067]
[485,845,884,6032]
[485,5500,6032,9700]
[487,5723,8473,10777]
[487,29348,31487,59777]
[488,800,915,2088]
[488,2464,2989,4186]
[488,13237,19032,55208]
[488,14128,19367,49933]
[490,665,666,1050]
[491,904,1096,3616]
[491,1175,1191,1625]
[491,1885,2059,2990]
[491,2057,2318,3018]
[492,1636,1845,6135]
[492,2912,3948,13923]
[493,596,629,1043]
[493,637,1363,3757]
[493,689,1411,8957]
[493,703,749,979]
[493,1043,1073,1937]
[493,2198,2291,2669]
[493,4819,5307,11781]
[493,24167,24882,62458]
[494,969,1026,1326]
[494,4589,4994,6786]
[495,1573,1755,2277]
[495,6475,6993,11025]
[495,6475,7992,17100]
[496,1023,1025,2015]
[496,1088,1121,1904]
[498,1394,1581,3198]
[500,869,944,980]
[500,976,1140,1525]
[500,1336,1875,8905]
[500,1424,1425,2349]
[500,2516,2525,3145]
[500,5584,7700,10545]
[501,2601,4199,15385]
[504,6204,6223,7021]
[505,825,847,1034]
[505,825,909,2925]
[505,8875,13029,21275]
[505,15225,15533,20503]
[506,649,682,938]
[506,1429,2858,12038]
[507,549,551,793]
[507,1343,1352,5312]
[507,1425,1680,3380]
[507,3312,4368,5312]
[508,1040,1540,2717]
[510,909,1010,5950]
[510,2015,2025,4641]
[510,8177,8510,14450]
[511,754,1168,1352]
[511,793,889,13286]
[511,833,861,1089]
[511,833,1089,1533]
[511,1537,2263,5911]
[511,3108,4592,4736]
[511,3422,3536,4672]
[511,6667,6764,7592]
[512,10088,10582,15617]
[513,954,1696,2088]
[513,1833,1888,3208]
[513,2697,3553,6612]
[514,795,3330,7950]
[514,1295,3330,7950]
[514,2775,2814,19650]
[517,763,927,1173]
[517,794,806,5558]
[517,1183,1358,2366]
[517,1859,2366,2717]
[517,2057,4488,7888]
[518,1183,2912,6512]
[518,5162,16643,65018]
[518,6902,8439,13209]
[519,1671,2249,3899]
[519,1989,2004,8996]
[519,1989,6096,8996]
[520,576,776,1105]
[520,952,1105,1352]
[520,952,1105,3400]
[520,2240,2275,2842]
[521,3979,4939,5771]
[522,2247,2368,11832]
[522,7353,7367,8103]
[523,3173,3702,7398]
[523,4807,5648,9932]
[523,6837,7021,14381]
[523,25317,26686,28054]
[524,880,1325,2324]
[525,558,658,1470]
[525,685,690,3699]
[525,773,795,6102]
[525,954,960,2120]
[525,1295,1350,1554]
[525,1430,3059,13195]
[525,2230,2259,4875]
[525,2295,2499,25795]
[525,3009,3066,3850]
[525,4059,4900,7035]
[525,7410,8736,13160]
[525,13797,20805,26572]
[527,6001,6273,7923]
[527,6897,7313,9913]
[527,15827,20691,36499]
[528,928,957,1188]
[529,2509,2513,3567]
[529,3818,5018,6118]
[529,4879,4947,16371]
[530,2002,2345,14098]
[530,2343,2655,3975]
[531,4851,5016,37741]
[532,800,875,3220]
[532,1824,2793,3276]
[532,24400,25193,46060]
[532,51471,55404,58032]
[533,765,925,3485]
[533,875,1025,2015]
[533,875,1183,1435]
[533,1105,1183,1633]
[533,1897,1978,3342]
[533,3179,4796,7667]
[533,3179,5083,6929]
[533,5825,6058,6670]
[533,5874,6642,13026]
[534,639,649,2249]
[536,1368,1386,13761]
[536,1589,1661,2109]
[536,13472,14314,15089]
[538,6063,6104,17512]
[539,1736,2021,3451]
[541,4611,4959,11361]
[543,1053,1072,2668]
[544,776,952,1073]
[544,880,900,969]
[544,1356,1921,2516]
[545,1275,3100,7412]
[545,17375,17441,29375]
[548,1808,2397,4753]
[548,5777,10823,14575]
[549,2001,2562,3422]
[550,1558,2255,3542]
[551,574,609,2009]
[551,583,667,901]
[551,606,609,14241]
[551,772,1276,6176]
[551,826,889,2009]
[551,985,1015,4925]
[551,2046,2088,4272]
[551,2959,5168,17708]
[551,10649,11111,16259]
[552,812,893,2257]
[552,2457,2496,2584]
[553,843,891,14331]
[554,1175,1385,2255]
[554,1903,2329,2471]
[554,2758,5817,7546]
[554,3839,3935,12215]
[556,1144,1501,1739]
[557,2537,3287,9943]
[559,1192,1209,1617]
[559,1450,1520,3016]
[559,1450,1625,4495]
[559,10074,15184,22184]
[560,1600,1649,2000]
[560,4148,9548,10675]
[561,750,770,4114]
[561,1073,1377,2289]
[561,1079,2652,6327]
[561,4002,5423,7161]
[561,4425,4439,5270]
[561,14003,26928,31164]
[562,1062,1287,7587]
[562,11902,12443,14018]
[564,591,592,788]
[564,6157,6164,9964]
[564,6405,12364,24400]
[564,10608,11092,31161]
[565,1995,2009,6923]
[565,1995,2325,3051]
[565,1995,2373,4725]
[565,1995,3051,13875]
[565,4205,4275,6554]
[565,6585,6725,8507]
[569,3306,3656,5672]
[572,2533,3757,8493]
[572,2544,3003,5247]
[574,4674,5166,19089]
[574,4849,6734,15666]
[574,12506,17381,23051]
[575,865,869,4325]
[575,3143,3175,8980]
[575,4033,4625,6867]
[575,4033,8175,13875]
[576,17904,19826,27221]
[577,2175,2177,2755]
[578,1398,1411,1631]
[578,1550,1922,2635]
[579,8125,8685,12675]
[580,960,1092,2175]
[580,1040,1508,4225]
[580,1625,1856,2500]
[580,1625,1856,5200]
[580,3325,3420,8816]
[581,869,871,1159]
[581,2156,2444,7308]
[582,3549,3718,5226]
[582,4662,4747,7178]
[583,1825,1855,5183]
[583,1892,1952,2332]
[583,1892,2332,12032]
[583,2392,2432,2968]
[583,4279,4471,20617]
[583,4669,4717,6931]
[583,5542,5658,14758]
[583,7733,8569,16967]
[585,2825,4617,5085]
[585,3045,5278,7350]
[586,1150,1955,6739]
[589,2227,2323,2773]
[589,5989,7006,27931]
[590,1930,3113,4825]
[590,3110,3131,4825]
[591,1081,1169,2159]
[591,1295,2109,3825]
[592,812,852,1073]
[592,812,1073,1748]
[592,920,925,1330]
[592,1256,1267,1406]
[592,1540,2567,4700]
[592,2176,3401,4292]
[593,1003,2372,3128]
[593,7667,7709,9571]
[595,728,845,1547]
[595,1875,2499,7875]
[595,4625,7875,14147]
[595,7955,8024,12325]
[596,1716,2277,19668]
[596,13817,14900,26960]
[596,20679,21456,42036]
[598,1679,1702,1898]
[598,2006,3450,7245]
[598,2650,2795,3498]
[598,3182,3335,51405]
[598,11106,11169,49977]
[598,13226,13702,16727]
[599,1033,1083,3099]
[599,2461,3961,8711]
[600,3264,3625,9010]
[601,1199,1202,2282]
[601,1199,1202,7826]
[601,1199,2282,7826]
[603,783,804,23584]
[603,4698,4726,11766]
[605,1501,1645,5895]
[606,3294,3333,4087]
[606,3294,3333,9394]
[606,3294,4087,9394]
[607,7709,7843,9443]
[609,909,1247,1313]
[609,1001,1092,3393]
[609,1025,2091,3915]
[609,1116,1276,3876]
[609,1159,2196,8004]
[609,2009,2196,4536]
[609,3549,3857,14703]
[609,4655,4984,23780]
[609,6426,6438,7498]
[611,989,1311,6785]
[611,1909,2198,4718]
[611,1941,3349,8299]
[611,2197,3211,3878]
[612,1312,2052,6273]
[612,1888,3013,3332]
[612,2688,3553,6148]
[612,5217,5513,6783]
[614,7261,10918,16714]
[615,2045,3431,4313]
[615,3625,4950,7134]
[615,4950,4961,9625]
[615,7375,8550,12177]
[615,16675,17625,32103]
[616,984,1066,5945]
[616,1615,4760,11816]
[616,9975,10080,12840]
[617,4075,6858,11550]
[617,8743,9992,36632]
[618,5038,5947,11603]
[619,8159,10363,22523]
[620,3700,3869,9620]
[623,943,979,1681]
[623,943,1681,22161]
[623,1225,1335,3150]
[623,1470,1602,3150]
[623,5177,5292,8512]
[624,1224,1326,1585]
[624,2324,3276,3507]
[625,922,1265,4625]
[625,1041,1075,2291]
[625,1111,1400,2020]
[625,1265,1311,2875]
[625,1615,2125,2737]
[625,4849,6099,7425]
[625,8215,9457,16625]
[626,3686,5947,35017]
[627,696,704,2552]
[627,1102,1107,1197]
[627,1102,1107,1653]
[629,1014,1053,1173]
[629,1035,1071,8325]
[629,1045,1071,1295]
[629,1421,1462,2146]
[629,2829,3219,8364]
[629,4292,5117,14467]
[629,5611,5621,35014]
[630,20410,36234,43875]
[632,1048,1118,1577]
[634,4602,4605,6090]
[635,4550,5536,6760]
[635,7565,7597,10925]
[636,1149,1392,2332]
[637,713,732,808]
[637,875,910,1045]
[637,2023,2093,3757]
[637,2023,2366,7514]
[637,2289,2639,4687]
[637,9443,11137,28193]
[638,4213,5032,19592]
[642,17802,30571,47731]
[644,819,1404,2016]
[645,4558,4770,6450]
[646,13494,20298,65403]
[648,3441,3448,3552]
[648,8073,8568,14728]
[648,8073,11232,14728]
[649,854,938,5978]
[649,937,938,1874]
[649,2926,2961,3311]
[650,742,795,858]
[650,1190,1225,1547]
[650,1645,2486,3770]
[651,1525,1715,13685]
[652,833,848,1292]
[654,979,981,1869]
[654,8181,9768,11312]
[655,9509,9916,10280]
[656,928,931,994]
[656,928,931,4756]
[656,1207,3056,18368]
[656,6164,6233,36593]
[656,6596,6724,11349]
[657,825,1265,4818]
[657,2703,2773,3723]
[657,3162,4234,10506]
[658,9462,11663,20467]
[659,3053,3091,10741]
[659,7519,8602,9542]
[660,1160,1189,2465]
[660,2431,2465,2519]
[663,1875,1885,8925]
[663,2263,2601,3213]
[663,2263,2601,5037]
[663,2263,2847,3978]
[663,2263,3213,5037]
[663,2833,5577,16998]
[663,11388,11492,52192]
[665,780,793,1025]
[666,6441,6554,9546]
[667,1883,1917,8742]
[667,1925,2233,2695]
[667,1925,2665,3625]
[667,3887,4002,9802]
[670,1003,1045,1853]
[671,889,916,1159]
[671,1121,1178,1729]
[671,1417,1729,4033]
[671,7421,11041,18079]
[671,9834,10281,17919]
[671,10175,11285,16555]
[672,1508,1617,9828]
[673,5951,12449,16152]
[673,8723,15314,19994]
[673,10591,11441,19491]
[674,782,899,3707]
[674,16043,16226,18926]
[675,858,1040,2208]
[675,1443,2793,7735]
[675,1719,2125,10419]
[675,3069,3875,5394]
[675,4068,6300,18080]
[676,1281,1284,5616]
[678,986,1003,4522]
[678,5046,6554,27753]
[678,8730,14145,28250]
[679,697,779,1003]
[679,985,1015,1379]
[679,3363,3546,5238]
[680,1120,1525,1768]
[680,4640,5800,7241]
[681,2679,2868,4727]
[682,942,943,2567]
[682,3798,3807,14202]
[683,1333,1817,2055]
[683,12617,14137,15047]
[685,854,1096,2440]
[685,2899,2925,3151]
[685,4901,5174,7685]
[685,5410,5525,6251]
[688,1640,2337,2610]
[689,836,1116,2544]
[689,861,931,21091]
[689,861,954,1326]
[689,1012,1040,13780]
[689,1096,1113,1233]
[689,1950,2385,3705]
[689,3825,4505,18265]
[689,4514,4921,5551]
[689,4514,7696,11224]
[690,1647,2065,4953]
[690,1962,2013,3815]
[692,1189,1211,1517]
[695,4030,4375,8137]
[696,753,928,1096]
[696,864,870,985]
[696,6527,6648,19296]
[697,850,935,1025]
[697,1148,2009,4921]
[697,1351,1353,5049]
[697,1628,1887,8487]
[697,1768,2176,4264]
[697,2812,3392,8092]
[697,3213,3321,5049]
[697,11469,27897,42681]
[697,23125,28905,56425]
[700,884,1105,1325]
[700,1001,1015,1105]
[700,1092,1105,1820]
[700,1159,1220,2000]
[700,1599,2625,6615]
[700,4264,4715,6175]
[700,8385,9412,27740]
[701,2563,4399,5699]
[703,1275,1665,2625]
[703,2375,3015,7030]
[703,3266,3959,9503]
[703,13051,13472,20276]
[705,1045,1080,6876]
[705,6500,6975,11991]
[707,2813,3451,16261]
[708,783,804,4292]
[708,3219,3408,4292]
[709,2046,4581,6381]
[711,27639,27808,40764]
[712,2412,4617,5607]
[712,6240,8313,14490]
[713,975,2562,4905]
[713,1168,1207,2537]
[713,2001,2070,8265]
[713,5083,5202,8602]
[714,5106,5203,11023]
[714,8789,9112,13064]
[715,1525,2173,3965]
[715,1903,1947,4325]
[715,2200,2464,4160]
[715,12460,12596,18512]
[715,12775,14965,20171]
[717,5267,5358,5709]
[720,6375,7600,26112]
[721,1105,1645,10829]
[722,1653,2403,3933]
[723,1677,1687,2167]
[723,4428,6027,32053]
[725,805,875,6293]
[725,940,1088,3500]
[725,969,1044,4080]
[725,1050,1080,2784]
[725,1067,1333,2125]
[725,1095,1102,3650]
[725,1352,1365,1827]
[725,1508,2320,6500]
[725,1643,1705,6293]
[725,1859,2600,4316]
[725,2012,2013,3875]
[725,2541,2784,4275]
[725,2993,3650,12470]
[725,3955,4205,9718]
[725,4343,10807,28105]
[725,17525,20329,28105]
[726,2431,2448,3432]
[728,768,819,1176]
[728,1533,2016,4056]
[728,1628,1813,2093]
[728,4400,7605,10810]
[728,5797,5848,6208]
[728,9024,10374,21903]
[729,5607,5629,23229]
[730,845,949,1075]
[730,845,949,10931]
[730,845,1075,10931]
[730,3925,4454,22922]
[731,969,1326,1914]
[731,1131,1326,1914]
[731,5814,10314,15606]
[731,15249,15606,20394]
[732,1376,1407,1476]
[732,10175,10800,20868]
[733,1885,3260,6365]
[735,1883,1890,4842]
[735,9847,11178,16722]
[736,944,946,1079]
[737,15128,15433,17633]
[737,34463,34706,39463]
[738,2454,2587,9313]
[738,4257,4368,8512]
[739,850,955,19261]
[740,975,999,2385]
[741,986,1014,3366]
[741,1316,1404,2064]
[741,1316,1659,13083]
[741,3289,3366,31086]
[741,4444,4848,7332]
[741,4964,5616,60384]
[741,7099,15429,24504]
[742,833,848,952]
[744,5775,8665,15385]
[745,1015,1043,1421]
[745,1239,1505,2086]
[745,1425,1431,1788]
[745,1460,1900,2384]
[745,3625,3725,7469]
[745,3625,4375,7469]
[746,847,854,5222]
[747,957,1102,1173]
[747,957,1276,1419]
[748,1000,1023,3025]
[748,1261,1548,3536]
[748,2827,2992,4112]
[748,5363,5389,12629]
[749,4152,6027,10899]
[750,10305,14062,34350]
[751,5899,5976,7268]
[752,1796,2173,8673]
[754,1521,1566,2574]
[754,3589,6208,8632]
[754,4669,4901,16549]
[755,1421,1495,2871]
[755,1430,1675,4811]
[755,3538,5075,13237]
[755,9044,10000,10956]
[756,825,980,3360]
[759,1334,1914,4554]
[760,1596,1615,1885]
[760,2400,3135,50616]
[760,4576,7865,19250]
[761,1976,2937,3353]
[763,1757,1853,3572]
[763,2501,2599,6649]
[765,780,901,3939]
[765,831,850,6094]
[765,925,999,1575]
[765,1155,1157,1275]
[765,1209,1235,1491]
[765,3075,3485,3653]
[765,7560,13600,21432]
[765,14250,14467,36125]
[767,1375,1508,4225]
[767,4417,4709,6533]
[767,8417,9842,10849]
[767,14209,21434,27391]
[768,1300,1332,1755]
[768,1300,1740,4875]
[769,18687,26915,50945]
[770,4810,7007,8547]
[771,1539,1541,1891]
[771,1989,2013,6682]
[772,2553,2592,7548]
[775,793,845,915]
[775,980,1100,1136]
[775,1482,1785,2457]
[775,1953,2015,2465]
[775,3869,4256,8900]
[776,1105,1649,9425]
[776,1776,1834,3589]
[776,2344,2349,4026]
[777,1225,1302,1665]
[777,1225,1665,2625]
[777,1855,2625,4770]
[777,1855,4770,7770]
[777,4277,4368,9768]
[777,12173,12690,31302]
[779,1769,2224,2924]
[780,1512,2595,11713]
[780,1880,2925,7371]
[781,1869,1881,2937]
[781,2419,2783,3069]
[781,2419,2829,12341]
[781,7526,9656,11224]
[782,1003,1122,2718]
[782,1066,1143,2091]
[782,2697,2718,8178]
[782,6463,6578,8178]
[782,8162,13838,16907]
[783,981,1044,1744]
[783,1308,1392,1744]
[783,1308,1767,3161]
[783,1329,1333,2033]
[783,1737,1744,2871]
[783,2142,2233,2961]
[783,3975,4495,10865]
[783,22968,23584,30624]
[785,4025,6908,7535]
[785,32465,36425,62583]
[786,2346,2373,4543]
[788,5100,5940,7515]
[788,5936,7289,10036]
[788,15088,15341,18124]
[788,15088,15341,21413]
[788,15088,19393,32308]
[788,15088,19393,53833]
[788,17888,18533,19393]
[790,902,1210,10373]
[790,3485,5125,10373]
[791,1207,1243,2907]
[791,2015,2825,6409]
[791,2465,2825,6409]
[791,2793,2907,6441]
[791,2793,2907,22743]
[791,2793,6441,22743]
[791,3239,4263,4697]
[791,5831,5936,7636]
[791,9065,19425,31866]
[791,9163,9605,24325]
[791,13949,15196,23504]
[792,1392,1417,2958]
[793,847,854,1519]
[793,901,1157,2501]
[793,1369,1519,2257]
[793,1457,1519,3782]
[793,1475,1495,2135]
[793,2353,2366,3439]
[793,2618,2688,23912]
[793,2865,3050,29510]
[793,3225,8307,11895]
[795,1900,1908,2580]
[795,7945,8439,14025]
[795,10245,11625,14089]
[796,1136,1391,4009]
[797,2929,3535,4495]
[797,12803,13279,18753]
[798,875,930,2898]
[798,902,903,1743]
[798,4386,4389,7714]
[798,5495,5550,22302]
[799,1631,2563,3553]
[799,1631,3553,9027]
[799,2911,2919,5031]
[799,4250,4255,10625]
[800,1144,2090,5005]
[800,4524,4980,12675]
[800,7208,17000,35245]
[801,858,1599,4183]
[801,959,963,2403]
[801,2191,4050,8010]
[801,18756,19551,46369]
[802,5590,5715,53785]
[803,1001,1022,4774]
[803,1067,1606,3686]
[803,1843,2774,3686]
[803,2275,2555,4165]
[803,2275,2665,4745]
[803,2522,2678,3686]
[803,2662,3686,4774]
[803,12441,13572,19272]
[803,19019,19272,29419]
[804,2871,3401,5609]
[804,2871,3401,6351]
[804,2871,5609,6351]
[805,1247,1253,2597]
[805,3876,7600,19076]
[806,850,875,1105]
[806,1625,1856,5200]
[807,3043,3817,4247]
[808,1312,1313,1558]
[808,5176,5267,18358]
[808,14200,14342,57155]
[810,867,1190,3750]
[812,1456,2900,5915]
[812,2257,2784,3404]
[812,4556,5887,9044]
[812,13475,14000,14260]
[812,26448,33573,47937]
[814,1010,1111,19525]
[814,1022,1035,1175]
[814,1859,2002,3182]
[815,4225,6591,8257]
[815,12177,12190,42935]
[816,2100,3315,4660]
[817,1829,1921,3071]
[817,3638,4298,5002]
[818,8378,10227,13823]
[819,5517,7969,15219]
[820,1007,1968,5300]
[820,1247,1353,2625]
[821,4279,4469,14539]
[824,3684,7479,13221]
[825,2040,2873,4575]
[825,2745,2873,4575]
[825,4545,6064,20200]
[825,4551,4575,7585]
[825,7979,8420,20200]
[825,13320,13728,20680]
[825,13838,14800,29920]
[826,1189,1701,5061]
[830,910,975,1026]
[830,2275,3080,37856]
[831,1017,1192,1356]
[831,2844,3504,14404]
[832,4028,4081,4676]
[833,1326,1976,2992]
[833,1687,2648,6748]
[833,1833,1887,3042]
[833,2625,4785,5355]
[833,18081,18333,18819]
[834,1275,1534,1870]
[834,7009,7152,14016]
[835,4335,8381,14915]
[837,2223,2337,2527]
[840,1752,1898,3723]
[840,2280,2522,3649]
[840,3560,3649,4450]
[841,1876,2929,15921]
[841,1886,2001,6601]
[841,2569,4361,17661]
[842,1678,1803,1967]
[842,6298,6554,7999]
[843,4396,4496,5332]
[845,915,975,4209]
[845,1101,2301,4275]
[845,1110,1144,2800]
[845,1195,1450,3718]
[845,1395,1521,4275]
[845,1682,1720,6032]
[845,2125,2275,2873]
[845,3565,3887,4209]
[845,3731,5655,17655]
[845,5185,5200,7076]
[845,5500,6032,16900]
[845,9205,10478,18250]
[845,10450,11454,15470]
[847,2513,2528,2737]
[847,5291,6734,12166]
[847,7678,10927,26873]
[847,7678,10927,38577]
[847,10439,10703,25039]
[848,988,1001,1209]
[848,988,1001,2756]
[848,988,1007,3268]
[848,988,1209,2756]
[848,1820,2873,3445]
[849,5871,7383,13792]
[850,1082,1105,13525]
[850,1526,1955,2725]
[850,1634,1691,3230]
[850,1634,1691,5225]
[850,1634,3230,5225]
[850,2002,2023,6370]
[850,2110,2125,2222]
[850,2398,2530,5995]
[850,2398,2590,7085]
[850,2930,4981,9775]
[850,3658,3875,12617]
[850,4469,4981,5995]
[850,7298,23698,30005]
[851,924,1776,7740]
[851,949,962,2701]
[851,2125,2295,2775]
[851,2125,3145,5225]
[851,2867,2899,3374]
[851,6611,7452,14053]
[851,9841,9842,10598]
[853,39913,43292,56808]
[855,1070,1457,2575]
[855,2204,2871,8721]
[858,1025,1665,9633]
[858,2583,2842,29274]
[858,5058,5551,7267]
[861,1009,1107,3027]
[861,1309,1353,6237]
[861,5096,5208,7488]
[861,8970,13475,49595]
[861,12614,14469,18819]
[863,2665,3362,5665]
[863,3999,6099,18849]
[865,1918,1943,3425]
[865,3230,3287,3553]
[865,3230,3392,4176]
[865,10980,13500,15264]
[867,945,1320,1700]
[867,1308,1853,5797]
[867,1309,1683,6633]
[867,1980,2108,2400]
[867,2533,2682,7293]
[867,3683,3723,7293]
[867,10305,23358,39950]
[869,1506,1869,2829]
[869,1885,2365,8294]
[869,2479,2603,12587]
[870,8062,16587,30537]
[871,1586,1593,2873]
[871,1802,2279,2873]
[871,9159,9659,28379]
[873,1239,1261,1577]
[873,1577,1602,2655]
[873,4233,4947,7597]
[873,17523,18034,39198]
[874,1358,1649,3683]
[874,1765,2824,6640]
[874,2645,4600,31800]
[874,2701,2899,5363]
[875,1105,1183,2975]
[875,1127,1150,2898]
[875,1334,1475,2755]
[875,1743,2250,10170]
[875,1785,1863,5625]
[875,2205,2250,2898]
[875,2877,2898,6165]
[875,4599,4601,7175]
[876,1224,1241,1311]
[876,1224,1241,1659]
[876,5200,7020,16185]
[877,2093,2821,6139]
[877,4235,10675,61390]
[879,3471,8099,16701]
[880,924,925,1276]
[880,1815,2112,3600]
[884,943,1232,2132]
[884,2059,2301,8381]
[884,3696,6804,59241]
[884,10176,11628,22737]
[888,2332,2703,2997]
[888,27213,28083,28757]
[889,1127,1611,2261]
[889,1771,3157,4587]
[889,2759,2884,7889]
[890,1462,1513,2890]
[890,1630,1919,4439]
[890,10550,11125,34102]
[891,1275,1309,4125]
[892,3833,6368,15332]
[893,3293,3363,7752]
[893,3553,4598,5698]
[894,1106,1134,3129]
[897,918,952,1248]
[897,1281,1403,5681]
[897,1288,2208,2808]
[897,1820,1953,6825]
[897,2227,2228,10148]
[897,4773,5313,6463]
[899,1081,1159,1991]
[899,1116,1628,2852]
[899,1221,1539,2436]
[899,1411,1477,1763]
[899,2951,2989,5459]
[899,54589,54653,64697]
[900,1971,2000,4380]
[900,2320,2349,9180]
[900,2460,2581,4100]
[901,1979,3901,16771]
[901,2726,2968,4624]
[901,5491,5883,8092]
[901,6875,7049,7625]
[901,7931,8056,12349]
[902,1175,2255,4873]
[902,3382,4223,6027]
[902,3485,4675,10373]
[902,4402,4623,13395]
[903,1333,2107,5957]
[903,2639,2961,14703]
[903,5700,8345,45305]
[904,1056,1224,3051]
[904,2444,3431,41971]
[905,1460,1904,5792]
[905,1570,2274,3550]
[909,2703,3434,4134]
[909,3366,3509,14091]
[909,4050,5950,7470]
[909,4941,6161,6579]
[909,4941,6161,11439]
[909,23400,37920,52520]
[910,1110,1617,10101]
[911,4057,5018,8114]
[912,999,1024,1776]
[912,1881,2112,3344]
[912,2223,2432,4368]
[912,2529,3712,4496]
[913,1001,1274,1463]
[913,2737,3029,8213]
[913,5775,6237,7875]
[914,2282,3311,22393]
[915,1751,2074,3290]
[915,6327,9177,17575]
[916,1141,1504,3664]
[917,1081,1106,47306]
[917,1268,1333,15893]
[917,1333,1813,3542]
[917,1767,2438,5122]
[917,1813,1827,3477]
[917,5955,5958,7275]
[917,51058,56387,64253]
[920,13020,25725,55209]
[921,2439,3811,7171]
[922,5278,5993,7163]
[923,3127,3732,12928]
[923,3298,3827,8827]
[923,3443,4069,5966]
[924,1624,1885,3451]
[924,1624,2079,3069]
[924,4005,4400,7876]
[925,1469,1495,2825]
[925,1469,1625,6215]
[925,3157,3280,4693]
[925,3179,3445,4250]
[925,3485,3515,25789]
[925,4005,6586,13250]
[925,10933,11285,16820]
[925,10933,11285,47125]
[925,37577,38135,51465]
[926,9010,9275,14450]
[927,8991,9159,13409]
[928,2072,2088,2553]
[928,2600,3480,14703]
[928,4316,6409,30628]
[928,6472,6478,23461]
[930,2470,4901,7475]
[931,2660,4256,10340]
[931,3549,6549,13944]
[932,7652,7689,63129]
[933,3475,3630,3717]
[935,1250,1273,1625]
[935,1250,1273,2975]
[935,1250,1600,5848]
[935,1369,1375,6919]
[935,2265,3025,4697]
[936,1344,1465,1560]
[936,12441,13224,50024]
[937,10793,11563,17543]
[940,1552,1652,10185]
[943,1258,1369,4879]
[943,5635,6532,7832]
[944,4140,5985,18900]
[944,4528,10672,31097]
[945,2436,2639,3111]
[945,2712,4200,25312]
[948,1935,1940,2400]
[949,1075,1235,1460]
[949,1326,2754,5694]
[949,2076,2236,4964]
[949,2299,2318,14174]
[949,4756,5408,12848]
[949,5134,8176,18824]
[949,7221,7227,14703]
[949,8418,9699,10293]
[949,10931,17069,23944]
[949,20541,20904,45771]
[950,1591,3450,11766]
[951,1044,1072,1268]
[951,2676,2800,8876]
[952,975,1073,1105]
[952,1015,1577,3825]
[952,1037,1088,1952]
[954,1554,1581,1961]
[954,1554,1961,4089]
[956,1781,1917,5181]
[956,10132,10207,10493]
[957,1118,1122,5742]
[957,1365,1443,1885]
[957,1682,2523,6723]
[957,2907,2958,12733]
[957,3843,3845,5307]
[957,3843,5767,12797]
[959,1131,1157,3973]
[959,1309,1564,3604]
[959,1309,1564,3836]
[959,1309,3604,3836]
[959,1921,1927,4807]
[959,1921,2881,21131]
[959,2047,2403,5891]
[959,2135,2740,3416]
[959,2809,3604,6439]
[959,4189,4209,7439]
[959,8635,21509,30725]
[962,1403,1406,1586]
[962,2041,5762,6734]
[962,2327,2366,7874]
[963,8487,9177,15847]
[963,8613,9373,10653]
[964,2989,3856,6256]
[965,1595,1925,2123]
[965,1632,2715,9843]
[965,1919,1925,3131]
[965,2395,3081,6441]
[965,2941,4325,7141]
[965,3845,4825,5383]
[967,10471,11417,19458]
[969,1463,1615,3145]
[969,1480,1769,3145]
[969,1711,1719,1914]
[969,2135,2635,4331]
[969,3959,4344,10209]
[969,3959,4959,6156]
[969,25519,25545,26010]
[970,6765,7275,9963]
[973,3367,4147,4403]
[973,4067,4147,4403]
[975,1015,1073,2225]
[975,1745,1755,3141]
[975,1745,1995,13611]
[975,3425,5343,14625]
[976,1624,1769,5394]
[979,1037,1079,1513]
[979,1460,1904,4460]
[979,1870,1904,2200]
[981,1539,2507,2568]
[981,1725,1995,2500]
[981,2460,2500,9156]
[984,1200,1230,1825]
[984,26680,26691,33930]
[985,2480,3008,3152]
[986,1038,1211,1363]
[986,1066,1309,2639]
[986,1463,1513,1711]
[986,3289,3366,8294]
[986,4551,5494,8806]
[987,3157,4428,4872]
[988,1197,1404,2736]
[988,1379,1404,10788]
[988,2960,3900,9213]
[988,3971,4004,14212]
[988,8413,9637,48741]
[989,19189,19248,27036]
[990,15873,19240,57200]
[997,2482,5982,20878]
[997,6262,7238,8378]
[997,9061,9089,12961]
[998,14297,27674,62234]
[999,6039,7961,11289]
[1000,1392,1875,2610]
[1000,1891,2080,12200]
[1000,2045,4800,9816]
[1000,2496,2520,5655]
[1001,1199,1463,1526]
[1001,1226,1274,8582]
[1001,1914,2697,3663]
[1001,2450,2480,3640]
[1001,2450,3465,9295]
[1001,2497,2849,14378]
[1001,2783,2849,3458]
[1001,3211,3289,3751]
[1001,4165,4199,12775]
[1001,6743,7007,8582]
[1001,7511,11011,17501]
[1003,1885,1972,5525]
[1003,2697,2718,5238]
[1003,7339,8503,13547]
[1005,1750,2475,10131]
[1005,9915,10266,11938]
[1005,14875,15050,19397]
[1007,1441,2465,6495]
[1007,2223,3591,6201]
[1007,3633,3763,5363]
[1007,6929,7579,9471]
[1008,1125,1520,4800]
[1008,8925,9200,16320]
[1010,1090,1150,1199]
[1010,1258,1517,1615]
[1010,1258,1517,1717]
[1010,1258,1615,1717]
[1010,4025,4031,27775]
[1011,3819,5429,7221]
[1012,1120,1463,4620]
[1012,1887,2832,11988]
[1012,5072,6164,7291]
[1012,6992,7659,11481]
[1013,7138,8238,12462]
[1014,5650,8395,9295]
[1014,6426,7514,8949]
[1014,6426,7514,21801]
[1015,1820,2639,3625]
[1015,2185,2233,5075]
[1015,3575,3625,10537]
[1015,6253,15022,64610]
[1016,15184,16145,32266]
[1017,1308,1792,12208]
[1017,1479,1921,6783]
[1017,3075,3540,4520]
[1017,9483,9592,10092]
[1017,15174,24426,30058]
[1020,1628,1853,2980]
[1020,2340,2652,2701]
[1020,3616,7684,13025]
[1021,7421,12851,29609]
[1022,1183,1344,2704]
[1022,2353,2993,19513]
[1023,2635,6510,7650]
[1025,1270,1271,1375]
[1025,1729,2275,10045]
[1025,1800,2296,8000]
[1025,3434,3455,8585]
[1025,3854,5904,9600]
[1025,5520,5904,9600]
[1025,6290,9176,11152]
[1025,11854,16895,56375]
[1025,13639,14250,20295]
[1033,8201,8215,52105]
[1034,2350,2585,10285]
[1035,2709,2716,23541]
[1035,16575,29211,45925]
[1036,1360,5525,7289]
[1036,3500,3700,5525]
[1036,3696,4884,5841]
[1036,7361,7511,21217]
[1037,1235,1625,7015]
[1037,1677,3843,7293]
[1037,1700,2325,4437]
[1037,3627,3699,7956]
[1038,8738,9163,10034]
[1040,1480,1769,1850]
[1040,2016,3460,4225]
[1043,1225,1232,2980]
[1043,1313,1332,2168]
[1043,1322,1323,4627]
[1043,1421,1729,4321]
[1043,3916,5684,9968]
[1043,5075,8932,21605]
[1043,7693,8557,14420]
[1043,8525,13857,21855]
[1043,9107,11473,16913]
[1044,1353,1428,1456]
[1044,2925,3219,3445]
[1044,3444,3445,4756]
[1044,4620,5100,9425]
[1044,23331,26004,48884]
[1045,1685,1925,3707]
[1045,3365,7403,15125]
[1045,4100,4125,17589]
[1050,1183,1833,4095]
[1053,1955,2275,3553]
[1054,1330,1479,1650]
[1054,1430,1445,1729]
[1054,6290,6479,12121]
[1055,2905,2914,3750]
[1056,1800,2425,3000]
[1057,2173,2849,12831]
[1057,3332,3337,11977]
[1057,4417,4419,16899]
[1058,5018,5183,9143]
[1059,1241,2409,3177]
[1059,5129,5453,9523]
[1060,1276,1325,14065]
[1060,2072,2275,2597]
[1060,8880,9225,10716]
[1061,2125,8200,12155]
[1064,1248,1302,1911]
[1064,1911,2016,4056]
[1064,2225,2264,3560]
[1066,2014,2093,2173]
[1066,2375,3050,8234]
[1067,1417,1742,5174]
[1067,2958,3298,10382]
[1067,2993,3007,5183]
[1067,4757,6479,7381]
[1067,6647,7147,15317]
[1068,5292,13083,26068]
[1068,37825,44055,57375]
[1071,1092,1095,1105]
[1071,1404,1456,1764]
[1071,1679,1683,1971]
[1071,1967,2079,2529]
[1071,3975,9775,17340]
[1072,2228,2772,11697]
[1072,2668,2921,9499]
[1073,1358,2072,21728]
[1073,1748,1972,2368]
[1073,2679,2898,4329]
[1073,2788,5168,14268]
[1073,3759,4773,8091]
[1073,4401,4435,5425]
[1075,3451,3995,60610]
[1075,5709,10755,20241]
[1075,11029,14795,16075]
[1075,26282,29165,31693]
[1076,2473,5652,29676]
[1076,7124,8339,19591]
[1077,1798,1827,3243]
[1077,2507,2533,3317]
[1078,3913,3976,6696]
[1078,19754,19847,51653]
[1079,1201,1322,2402]
[1079,2436,5568,13572]
[1079,3358,3479,4433]
[1079,4901,5568,13572]
[1081,8621,10013,12317]
[1081,9881,10013,22019]
[1082,3782,3787,5002]
[1082,5551,7574,26474]
[1082,9482,9738,12963]
[1082,11382,23263,30602]
[1085,1275,1309,1750]
[1085,2542,3608,4960]
[1086,2802,2814,3439]
[1086,5934,5973,7378]
[1088,1288,1313,2312]
[1089,1914,2090,3286]
[1090,1850,1853,2035]
[1090,2366,2535,3410]
[1090,5005,5966,8450]
[1090,7310,8066,9025]
[1092,1200,1220,2067]
[1092,1391,1392,6084]
[1092,1683,1717,2067]
[1092,3360,3367,3900]
[1092,9116,10017,12516]
[1093,7141,7334,7982]
[1093,19067,23183,43343]
[1093,25403,25427,51923]
[1095,1537,1550,7738]
[1095,3009,3066,3655]
[1095,4879,5329,8200]
[1095,5957,11193,11655]
[1096,12008,12029,14746]
[1097,25228,28832,40112]
[1098,4998,5194,20923]
[1098,5986,6273,17739]
[1099,8326,12341,21539]
[1100,3395,4000,5044]
[1100,3536,3540,9945]
[1100,4961,5280,5740]
[1101,41449,48146,51754]
[1102,2398,2407,6322]
[1102,3982,4018,9023]
[1102,5359,7134,21902]
[1102,17202,19778,22243]
[1105,2135,2257,9425]
[1107,1443,1517,2067]
[1107,1443,1702,3198]
[1111,3575,3939,6435]
[1111,6039,6435,10089]
[1111,10075,10089,44375]
[1113,1575,1625,1855]
[1113,2763,2983,4633]
[1115,5915,7839,10725]
[1116,1848,1909,2641]
[1117,1403,1406,3926]
[1117,3367,4328,5772]
[1118,2193,2322,5742]
[1119,15457,24231,24882]
[1121,1616,1633,3297]
[1121,5151,8401,13621]
[1122,1573,1584,5304]
[1122,3111,3553,4697]
[1122,15543,16082,38622]
[1123,1739,1964,2923]
[1124,7192,11567,12233]
[1125,1221,1295,1425]
[1125,1566,1710,8990]
[1125,1581,2550,4165]
[1125,2010,2086,2550]
[1125,3204,3685,6675]
[1125,5343,11818,20550]
[1125,10332,10500,45920]
[1127,1348,1535,2623]
[1127,2023,2093,6647]
[1128,1672,2046,3003]
[1128,4647,4648,12392]
[1129,2321,2481,10161]
[1130,1705,1975,3913]
[1130,14102,14125,44870]
[1131,1575,2730,14210]
[1131,1729,1752,2028]
[1131,1859,1914,3861]
[1131,2037,2231,3287]
[1131,2044,3869,5525]
[1131,3731,8424,10701]
[1131,4539,5046,5746]
[1131,5100,5525,7395]
[1131,5355,5525,7395]
[1131,5355,8645,15225]
[1131,6290,6994,14210]
[1131,7819,17719,32393]
[1131,13031,13419,19755]
[1132,2419,2432,3444]
[1132,2975,9968,19040]
[1133,1513,1529,8569]
[1133,1812,1909,14581]
[1133,2618,2838,24938]
[1133,4171,4292,6992]
[1133,6413,6952,7277]
[1134,2103,2616,11216]
[1137,3055,3195,3237]
[1139,1479,1734,3666]
[1139,1517,1683,1886]
[1139,1589,1651,2829]
[1139,4450,4811,7565]
[1139,4559,4692,21488]
[1139,5989,12091,13144]
[1139,8874,12906,30294]
[1139,12801,25506,30294]
[1140,2080,2409,4500]
[1140,2220,3700,4407]
[1140,2379,2704,15860]
[1140,3315,3349,21675]
[1140,4495,4800,14964]
[1141,1885,2059,2990]
[1141,2450,2990,4690]
[1143,1517,1561,2201]
[1144,2800,2825,3250]
[1144,6929,7872,41912]
[1145,1330,1374,1550]
[1146,1241,1377,2847]
[1147,2525,2828,16835]
[1147,3451,3655,5365]
[1147,3667,3956,7141]
[1148,1525,1660,3280]
[1148,1984,2573,5084]
[1148,2044,2573,6148]
[1148,4403,6477,13653]
[1150,2135,2318,36482]
[1152,2656,2673,3744]
[1155,5354,5475,40155]
[1156,8700,9045,10620]
[1156,11479,11849,12201]
[1157,1552,1573,1843]
[1157,1769,2107,3707]
[1157,1769,2581,4331]
[1157,1853,1859,11336]
[1157,2149,3332,22043]
[1157,4268,4272,6708]
[1157,5423,6032,9452]
[1158,1358,2123,3007]
[1158,3330,3367,6045]
[1159,1991,3439,4636]
[1160,2431,2465,13481]
[1160,2431,3400,4160]
[1160,3624,4590,21285]
[1161,4425,5375,21586]
[1161,4680,6336,9464]
[1162,3185,3190,4550]
[1164,7072,10764,19497]
[1165,1677,1725,2223]
[1165,6675,7689,10665]
[1167,1332,1356,1556]
[1168,1352,1457,1898]
[1168,1352,1457,3977]
[1168,1352,1898,3977]
[1169,2159,2534,4081]
[1169,7279,7749,41601]
[1170,1902,2002,24045]
[1170,9810,10725,16786]
[1172,3497,4304,4628]
[1173,1305,1445,2523]
[1173,1515,1610,2323]
[1173,1771,2277,6171]
[1173,3725,3870,5523]
[1173,44821,57627,64923]
[1175,1687,1715,8435]
[1175,1885,2233,2375]
[1175,3857,4785,8625]
[1175,5545,5549,16781]
[1177,1305,3625,6923]
[1177,3193,4067,9917]
[1177,3737,3751,5181]
[1177,4849,4898,5551]
[1177,14762,17177,18887]
[1178,1342,1467,2303]
[1178,5378,5667,8067]
[1183,1435,1690,7810]
[1183,1633,1729,3367]
[1183,2635,2865,5967]
[1183,4403,4433,6097]
[1183,7105,7475,7917]
[1184,1300,1484,2035]
[1184,1400,1480,1625]
[1184,1560,1625,4810]
[1184,1624,2072,3857]
[1184,1768,1809,4218]
[1184,2204,2556,3219]
[1184,2204,2812,3857]
[1185,2975,4185,6018]
[1188,1680,1695,1700]
[1188,2145,3713,9975]
[1188,2553,2812,2928]
[1188,5013,6603,11797]
[1188,14443,17372,43472]
[1189,1275,1305,3111]
[1189,1639,2059,4619]
[1189,2364,5084,10556]
[1189,7183,7192,7836]
[1190,1375,1400,7616]
[1190,5146,7021,31654]
[1191,2041,2171,3611]
[1191,9589,10184,13684]
[1195,3341,3859,12850]
[1196,1324,1364,2911]
[1196,3680,6929,7820]
[1196,4879,5068,15232]
[1196,8000,8055,9100]
[1196,8000,8055,18125]
[1196,13776,14196,51849]
[1197,1863,2233,8967]
[1197,2067,2183,3053]
[1197,8787,8885,14645]
[1197,30666,36309,43309]
[1198,2013,3843,30843]
[1198,2398,3843,4578]
[1198,4922,5363,5687]
[1199,1521,1843,6253]
[1199,1615,1635,2499]
[1199,2301,2504,15244]
[1199,4601,4687,7826]
[1199,5551,6001,6649]
[1200,1292,1683,2580]
[1200,3552,3700,4875]
[1201,2831,4565,6005]
[1202,10498,10818,62807]
[1203,3984,6416,7872]
[1204,2496,2499,3276]
[1204,2639,2668,2912]
[1204,7600,7980,8379]
[1205,1675,1687,3127]
[1205,6110,7200,25064]
[1206,2506,2714,5899]
[1207,11407,11408,25772]
[1208,4897,4929,13089]
[1209,1241,1314,1479]
[1209,1465,1965,3159]
[1209,6084,10416,20956]
[1209,8175,11375,23700]
[1209,13925,20009,28375]
[1211,1309,1316,2941]
[1211,1354,1384,5416]
[1211,3003,6314,18139]
[1211,4739,4844,5416]
[1216,1864,1909,3239]
[1216,1864,2888,4427]
[1218,2457,2912,9048]
[1218,2882,2898,6363]
[1218,25462,29087,33157]
[1219,15805,16169,32269]
[1220,1384,1425,5709]
[1221,2139,2279,3111]
[1221,5904,9472,15504]
[1221,6696,8096,9768]
[1224,5536,7785,29070]
[1225,2226,2385,3255]
[1225,2409,4859,9125]
[1225,5236,5460,6000]
[1225,7462,10250,17290]
[1226,2225,2255,3065]
[1227,2177,2241,6273]
[1227,3488,3523,32387]
[1227,5385,5577,18377]
[1227,8398,10923,13923]
[1227,31413,43663,55227]
[1230,1521,2200,5304]
[1230,3406,3650,3731]
[1232,9512,9922,11803]
[1233,1275,1290,1370]
[1233,2001,2967,3151]
[1233,3375,3425,4275]
[1233,3375,3425,6417]
[1233,13359,14385,31025]
[1234,2550,3255,27765]
[1235,5453,7175,12103]
[1235,6919,11050,12506]
[1235,15403,15572,21472]
[1237,13013,13607,48763]
[1238,16318,19497,37053]
[1239,6153,7597,9453]
[1240,1856,1885,2200]
[1240,3996,4579,5321]
[1241,1311,1377,2847]
[1241,1351,1387,2123]
[1241,1659,1989,6789]
[1241,1729,2044,8281]
[1241,1846,1927,2847]
[1241,1927,2091,2123]
[1241,2009,2091,2409]
[1241,2343,2457,3357]
[1241,2431,4114,10439]
[1241,3225,3285,13515]
[1242,1593,1656,14536]
[1242,2958,3451,9367]
[1243,2618,2728,15368]
[1243,33093,42047,61183]
[1244,3904,4247,5633]
[1245,3485,3825,7011]
[1245,4930,5600,20608]
[1246,2065,2225,2329]
[1246,2871,5481,23121]
[1246,5746,6734,10591]
[1247,3753,3807,26622]
[1248,1260,1275,1300]
[1248,1792,1911,2016]
[1248,10064,10323,14586]
[1249,7081,7178,10658]
[1250,3014,3055,3875]
[1250,8855,9193,16375]
[1251,6001,6354,8874]
[1253,11703,14942,27898]
[1254,5566,6831,13869]
[1255,14940,15552,27900]
[1256,3232,3657,6594]
[1258,1514,1850,3785]
[1258,3526,5735,6970]
[1258,3854,4067,4879]
[1258,5210,7733,13025]
[1258,6550,6970,7733]
[1258,7730,7733,30175]
[1260,2535,2548,8400]
[1261,1342,1358,3458]
[1261,1736,2496,3104]
[1261,2071,2134,2834]
[1261,2989,5239,17751]
[1261,3219,5529,10179]
[1261,3275,3880,5395]
[1261,8533,8536,9139]
[1261,10101,10476,10989]
[1265,2795,4223,11009]
[1265,13015,13032,16140]
[1267,1442,1448,8848]
[1267,7742,8142,12670]
[1267,11277,21483,44973]
[1271,1375,1804,5665]
[1271,2639,2665,3770]
[1271,2639,3479,16646]
[1271,2954,2961,9681]
[1271,3404,4144,4756]
[1271,6454,9681,24969]
[1271,10231,10249,57049]
[1272,3040,4275,30210]
[1273,1975,2120,11220]
[1273,5643,5719,44329]
[1274,1463,1624,2424]
[1274,1463,2424,2912]
[1274,2849,2886,3066]
[1274,2849,2886,12614]
[1274,3178,3549,24378]
[1275,2079,2380,9660]
[1275,3003,3315,3725]
[1275,23619,40035,58750]
[1276,1820,1924,3625]
[1276,3575,3625,9295]
[1276,6099,6645,10701]
[1281,1919,2121,11529]
[1281,2025,2310,2975]
[1281,3105,3355,6981]
[1281,4095,5655,13481]
[1281,4329,9028,17537]
[1281,4669,4941,11571]
[1281,5187,5681,8113]
[1281,12006,12383,25473]
[1284,3916,5561,23579]
[1285,2550,6090,13878]
[1285,3034,3035,15725]
[1285,5883,8325,19875]
[1285,6280,7693,15525]
[1285,9250,9509,15725]
[1285,17435,19775,26271]
[1287,1525,1863,2745]
[1287,1785,4025,5187]
[1287,1938,2706,4862]
[1288,1952,2530,7015]
[1288,2037,4032,25608]
[1289,3081,5133,6153]
[1290,3770,3825,7917]
[1292,1568,1591,2189]
[1292,2217,2272,6188]
[1293,2067,4183,7543]
[1295,2247,2478,3330]
[1295,2450,2478,3330]
[1295,3297,3330,8022]
[1295,6875,7375,15089]
[1297,9287,9361,10376]
[1299,2993,4182,11826]
[1300,1472,1495,5428]
[1300,1624,1625,1885]
[1300,1624,1925,7105]
[1300,1661,1664,2060]
[1300,1740,3276,4875]
[1300,1769,1780,15860]
[1300,5612,8500,32513]
[1302,1547,2856,3744]
[1302,3538,3843,14007]
[1302,4002,4123,7161]
[1304,2800,3185,4515]
[1304,3712,5921,9512]
[1304,7224,7946,12349]
[1305,1635,3161,6681]
[1305,2670,3154,4350]
[1308,5088,5777,7548]
[1308,6441,6784,14916]
[1309,1484,1904,3604]
[1309,2156,5236,7936]
[1309,2210,2275,4165]
[1309,2461,3157,8008]
[1309,2926,3496,11704]
[1309,3164,3836,7684]
[1309,3479,7684,16184]
[1309,4125,5859,17325]
[1311,2529,2553,6463]
[1311,5311,5439,7116]
[1312,1424,1426,3649]
[1312,1820,1937,2788]
[1313,1375,1425,1515]
[1313,1558,1616,5576]
[1313,2438,2977,5353]
[1313,2537,3081,9737]
[1313,4437,4438,5858]
[1314,2079,2793,4823]
[1314,2511,2530,4386]
[1315,9710,9725,13091]
[1316,1595,1600,1884]
[1316,4165,4484,7616]
[1320,1935,2400,3304]
[1320,4301,4499,5525]
[1325,1363,1375,1537]
[1325,1843,1855,3007]
[1325,1843,2425,4505]
[1325,2590,3922,5550]
[1325,3757,3965,4505]
[1325,3922,5550,13250]
[1325,4268,4300,7632]
[1325,4747,5000,7420]
[1326,1886,1887,3042]
[1326,8091,8421,10829]
[1327,5513,5532,6368]
[1331,7909,10582,14798]
[1332,2784,2900,3145]
[1332,2829,3157,6771]
[1332,3243,3404,8832]
[1333,2033,2047,3713]
[1333,5817,5957,46277]
[1334,2306,2387,16463]
[1335,1591,1665,7209]
[1335,1980,2492,9200]
[1335,5192,6408,9600]
[1336,25789,26936,39032]
[1339,2021,2025,5385]
[1340,1696,1785,3021]
[1341,1851,1870,15645]
[1341,2139,2208,3427]
[1341,14809,17149,65219]
[1342,2233,2303,4697]
[1342,2233,2303,5313]
[1342,8063,8066,9394]
[1343,15625,15640,30625]
[1344,2000,2100,2205]
[1348,3552,3553,8453]
[1350,2871,3690,5510]
[1351,4699,4823,12201]
[1351,5194,5377,8897]
[1351,7251,11001,21753]
[1351,13319,15275,29945]
[1352,2828,3689,8281]
[1352,3200,6045,7752]
[1352,8296,8723,8854]
[1352,8800,9295,37752]
[1353,1402,2103,4527]
[1353,1463,1617,2583]
[1353,1683,2618,4182]
[1353,2097,2128,2460]
[1353,6237,8008,24108]
[1355,17195,17250,19787]
[1356,3589,6771,13221]
[1357,8653,8903,12643]
[1358,1425,1458,2910]
[1358,1970,2242,4167]
[1358,4410,8225,9215]
[1358,6623,6734,9506]
[1359,1649,1683,7857]
[1360,7896,8925,9765]
[1363,1937,2552,4172]
[1363,2513,3053,8723]
[1363,3757,6851,8381]
[1363,10075,15080,25125]
[1365,1827,1885,8925]
[1365,4872,4875,5597]
[1365,5355,5597,8925]
[1370,4515,7398,15450]
[1370,11050,12502,17125]
[1371,1653,1828,1896]
[1371,15963,15995,51645]
[1374,6258,7099,8626]
[1375,1817,2055,5625]
[1375,2159,2216,4700]
[1375,6919,7030,9350]
[1375,7480,7616,8800]
[1375,7585,7733,11275]
[1376,9964,14444,19981]
[1377,1923,2193,10897]
[1377,2847,3425,18615]
[1378,2346,2379,2703]
[1378,4942,5618,6707]
[1379,1496,1504,1576]
[1379,3589,4187,5797]
[1379,3925,3940,16171]
[1380,1952,2052,2745]
[1383,3567,3658,5842]
[1384,1748,2009,5141]
[1384,2312,3034,5491]
[1384,2891,3736,5536]
[1384,3859,5491,7093]
[1384,5168,5882,11993]
[1385,1513,2225,5263]
[1385,3745,3878,8225]
[1385,8695,10249,14839]
[1386,4641,8151,14399]
[1387,2037,3007,5183]
[1387,2717,3102,4598]
[1387,2773,2774,9709]
[1387,2773,3059,4104]
[1387,2773,3102,10387]
[1387,2773,3477,6137]
[1387,3563,3937,4379]
[1387,5950,5963,6205]
[1391,1479,1521,1734]
[1391,1633,1634,11834]
[1391,7859,12084,18552]
[1391,11534,22776,24656]
[1392,1876,1908,2349]
[1392,3968,4437,5412]
[1392,24249,24592,30976]
[1393,3197,3648,5452]
[1394,4294,4633,53669]
[1394,12194,16562,53669]
[1395,15990,26832,41000]
[1397,3503,3553,4961]
[1397,6667,6853,8833]
[1400,1624,1625,2030]
[1400,21920,24934,37975]
[1403,2029,2078,14203]
[1403,2562,2989,7021]
[1403,2701,3926,4453]
[1403,5253,5797,7021]
[1403,6643,6811,16226]
[1403,9125,9595,18370]
[1403,18980,19520,29200]
[1404,2625,2704,3300]
[1405,1691,1780,6109]
[1405,4040,4579,5123]
[1406,1649,2072,6208]
[1406,3485,3515,33725]
[1407,9207,10793,16169]
[1413,8667,8673,9823]
[1413,21147,25175,44745]
[1414,1919,2121,11529]
[1414,7514,8041,17069]
[1415,3335,4061,5335]
[1415,10591,12460,23800]
[1417,2345,2405,2725]
[1417,2958,3042,24882]
[1417,2993,4687,12337]
[1417,3542,3626,7658]
[1417,11543,11881,23959]
[1419,1675,1755,6795]
[1419,5159,5412,7008]
[1420,2337,2388,12300]
[1420,2465,2576,2900]
[1421,2323,2479,2929]
[1421,3835,4325,4379]
[1422,5278,10098,12267]
[1424,10504,14039,20114]
[1425,1955,2205,2397]
[1425,3658,5450,10742]
[1425,5369,6080,13585]
[1425,12985,17649,21390]
[1428,2261,2275,3485]
[1430,2618,2695,4550]
[1431,1572,2272,2544]
[1431,4785,6150,8215]
[1431,9399,10101,11819]
[1431,14301,14541,20659]
[1435,1625,1739,3125]
[1435,2245,2263,18409]
[1435,3101,3325,3526]
[1435,5000,5192,6560]
[1439,46081,47647,54868]
[1440,12600,13000,19227]
[1443,1800,2307,2405]
[1443,2607,2717,8547]
[1443,3172,3552,5148]
[1443,3212,5328,12972]
[1443,4797,4807,7943]
[1443,4797,4807,11193]
[1443,6307,6993,7791]
[1443,11983,12321,20319]
[1445,3875,4046,4675]
[1445,3875,4046,6250]
[1445,5225,5863,34969]
[1445,9765,10413,11475]
[1447,3233,3358,4697]
[1448,42735,42848,63640]
[1449,2373,2599,9177]
[1449,2775,2945,3880]
[1449,11753,11799,13797]
[1449,33511,38313,51543]
[1450,2737,2895,30545]
[1450,7930,8954,47125]
[1450,8658,9855,48285]
[1455,1548,1552,1920]
[1455,1800,1920,2296]
[1455,2225,2670,7857]
[1456,1672,1694,3003]
[1456,2544,3003,13356]
[1456,2900,2919,5460]
[1457,1743,2107,3745]
[1457,1875,1905,8625]
[1457,2001,2024,3151]
[1457,3149,4465,8625]
[1457,3196,3760,11900]
[1457,3718,4687,12337]
[1457,8113,11543,36113]
[1457,11584,14041,28391]
[1460,7675,7788,31084]
[1462,2255,2438,10250]
[1462,2365,4675,8987]
[1462,3438,3451,19363]
[1463,1716,5184,7788]
[1463,2200,2240,4312]
[1463,2337,2583,2793]
[1463,5207,5236,5929]
[1463,5649,9513,12912]
[1463,17545,19437,42313]
[1464,23528,24522,35811]
[1465,11275,12892,22000]
[1467,5883,6307,6882]
[1469,4669,4901,5989]
[1469,25481,29744,56888]
[1473,1985,3573,4875]
[1473,5358,6303,13247]
[1475,1853,1955,2725]
[1475,1853,2125,3815]
[1475,2672,2875,3397]
[1475,2805,3014,32725]
[1475,26533,41405,58090]
[1476,13320,13325,45399]
[1479,1804,1836,3936]
[1479,2142,2233,6783]
[1479,2150,2625,20295]
[1479,4025,5865,23805]
[1479,6165,9179,12325]
[1479,7254,7514,8106]
[1482,2907,2912,3952]
[1482,2907,2912,7752]
[1482,5206,5343,6669]
[1483,10793,11684,14496]
[1484,1936,2132,7473]
[1484,2755,3600,8684]
[1488,1628,1887,2628]
[1491,3332,4032,21216]
[1491,3809,4056,31644]
[1491,13459,15141,21147]
[1491,20435,25725,49959]
[1492,1833,1872,58188]
[1492,17800,22517,57815]
[1494,2523,2552,3552]
[1495,1705,1725,4071]
[1495,2825,3692,6409]
[1495,3977,4123,7995]
[1496,2000,2046,2805]
[1496,2000,2225,4250]
[1496,2000,2805,6050]
[1496,2329,2584,4384]
[1496,2665,2679,4335]
[1496,3904,4745,8296]
[1499,2461,8702,12662]
[1500,2812,3420,31635]
[1500,2907,5520,11900]
[1500,4545,4700,4848]
[1500,7425,10032,14300]
[1500,9165,10032,14300]
[1501,5219,5597,9593]
[1501,12449,13622,41026]
[1501,15203,16624,18901]
[1503,9247,9522,23778]
[1504,4208,4242,6417]
[1505,1825,2380,3577]
[1505,2135,2623,13244]
[1505,5474,28424,36400]
[1505,18130,20370,29394]
[1507,5117,6713,62713]
[1508,4225,5092,6500]
[1511,5977,7277,8473]
[1513,1595,1780,3400]
[1513,1763,1958,3362]
[1513,2150,2185,2225]
[1513,3723,4263,16473]
[1513,4087,4318,9367]
[1513,9773,11543,29993]
[1514,2438,2886,6813]
[1515,2475,2525,5213]
[1515,3135,3724,12768]
[1515,4660,5141,6325]
[1515,6955,6969,8775]
[1515,12117,14140,31283]
[1515,12925,14948,17000]
[1515,13115,22725,28731]
[1516,4675,4880,9716]
[1517,1706,2067,4181]
[1517,1850,2035,3565]
[1517,2067,2093,2173]
[1517,2067,2093,2327]
[1517,2067,2173,2327]
[1517,2067,2553,4797]
[1517,2067,2553,9063]
[1517,3379,4033,8479]
[1517,3575,4633,5735]
[1517,6413,6519,7511]
[1518,5085,8960,10632]
[1519,3311,4921,7729]
[1519,13300,15855,19505]
[1520,1596,2125,2204]
[1521,1647,1653,2197]
[1521,1647,2197,2379]
[1521,3953,4097,6253]
[1521,5343,5921,8671]
[1521,6351,7917,12337]
[1522,13625,14465,21185]
[1524,2599,2604,21696]
[1525,2015,2379,3765]
[1525,2479,2850,16654]
[1525,2583,2983,12505]
[1525,3956,4880,5900]
[1525,38003,38125,54253]
[1526,4675,5576,13080]
[1529,3385,4829,12221]
[1533,1683,1734,3358]
[1533,2009,2409,2583]
[1533,3458,3504,4056]
[1533,3458,3504,18408]
[1533,3458,4056,18408]
[1533,5100,16592,24820]
[1533,5117,6579,9417]
[1533,26100,29760,30508]
[1536,3560,4539,6450]
[1537,2090,2650,8410]
[1537,4988,7708,8932]
[1537,5593,10553,19822]
[1538,4697,4712,8072]
[1540,2465,2576,11900]
[1541,1891,2216,4700]
[1541,2491,2555,5959]
[1541,2491,2555,9991]
[1541,2491,5959,9991]
[1541,3485,6716,64515]
[1543,11613,20361,33801]
[1544,2020,3131,4825]
[1545,3575,4719,12375]
[1547,1813,1817,2233]
[1547,1813,1817,3367]
[1547,4085,4165,7553]
[1547,4853,4949,7028]
[1548,6240,7125,9100]
[1551,1649,1683,3201]
[1551,2461,2580,16860]
[1551,9075,11165,25885]
[1551,10846,13464,23664]
[1551,13801,17538,51474]
[1552,3180,5325,15423]
[1552,5252,13433,15908]
[1554,3325,3330,5250]
[1554,12726,13321,15851]
[1554,18054,18109,39179]
[1555,42559,43070,48866]
[1557,5814,5882,8118]
[1558,1818,2538,6363]
[1558,3034,3895,8075]
[1558,3762,3933,6363]
[1558,14473,15416,22776]
[1560,1575,1599,1625]
[1560,1624,1625,3560]
[1560,1800,1921,1950]
[1560,2400,2600,2929]
[1560,2520,2600,4369]
[1560,2784,2834,7685]
[1561,8281,8729,9971]
[1562,2398,2407,4257]
[1562,8413,8451,11613]
[1563,6683,6773,26527]
[1563,24411,24887,27813]
[1564,1989,2405,9061]
[1564,4292,4508,11339]
[1564,5911,8004,17476]
[1565,3427,6573,11175]
[1566,1833,2184,4408]
[1566,2091,2144,7656]
[1566,4041,4608,7184]
[1566,25578,29841,56791]
[1569,1791,1793,1912]
[1573,1991,2002,2534]
[1573,2171,2821,5054]
[1573,6545,6902,50050]
[1573,8151,10824,16224]
[1574,4886,5418,51303]
[1575,1959,2009,7000]
[1575,4060,4176,6048]
[1575,4191,4935,7000]
[1575,5185,5831,14518]
[1576,2051,2181,2629]
[1576,4859,6304,18904]
[1577,7163,7657,14807]
[1578,3178,3383,4202]
[1580,1885,1888,2900]
[1581,1779,1919,10081]
[1581,3149,3473,11663]
[1581,3410,3906,4590]
[1582,2006,2907,4407]
[1582,2650,2765,6307]
[1582,4250,6307,19775]
[1584,2784,2834,7825]
[1584,2784,5916,7825]
[1584,3404,4977,11988]
[1584,5304,5305,6630]
[1584,5304,5577,6358]
[1585,11375,11725,15533]
[1586,1739,1742,4514]
[1586,1802,2873,3111]
[1586,1991,6878,27938]
[1586,2950,4655,9605]
[1586,3211,3416,4784]
[1589,3451,4661,10549]
[1590,2470,3021,8550]
[1590,3627,3648,5200]
[1591,1885,8584,16900]
[1591,5416,6351,8881]
[1591,5871,5978,10258]
[1591,6266,23569,38801]
[1591,9434,10001,16081]
[1593,1767,2279,11176]
[1593,13983,14536,18644]
[1595,2068,2668,7700]
[1595,2275,2530,2717]
[1595,2275,2842,5250]
[1595,2771,2779,3400]
[1595,2870,3475,14291]
[1595,4255,4257,16225]
[1596,1872,1885,2460]
[1597,4675,5053,5300]
[1598,1850,2627,15895]
[1599,1764,1776,2236]
[1599,2625,2665,2775]
[1599,2664,2665,2775]
[1599,2726,5751,7743]
[1599,4671,5421,6401]
[1599,6399,7379,9471]
[1599,11169,12155,14235]
[1600,1680,1764,2625]
[1600,2336,2625,9636]
[1602,2478,2563,2937]
[1603,2109,2115,9045]
[1603,3077,3812,4163]
[1603,7037,8771,11431]
[1603,10403,10535,21497]
[1604,5312,5621,9329]
[1605,10309,11895,14859]
[1606,1859,1862,1898]
[1606,1859,1862,3718]
[1606,1859,1898,3718]
[1607,42593,45313,62977]
[1609,5321,5327,5833]
[1610,2625,3450,8694]
[1614,5406,6307,11022]
[1615,2587,2737,5135]
[1615,3445,3775,11713]
[1615,3975,3990,17442]
[1616,4300,4545,5460]
[1616,4776,6363,9042]
[1616,5576,5587,8282]
[1617,9016,10865,26705]
[1619,4069,5317,19406]
[1624,4576,4669,5096]
[1625,1840,1856,5200]
[1625,3410,5000,14504]
[1625,5151,6201,10200]
[1633,3289,3367,5014]
[1635,2178,2240,2472]
[1635,2831,4131,11619]
[1636,19564,20041,25009]
[1637,2262,2598,41238]
[1638,4394,4563,5994]
[1639,1819,1829,2779]
[1639,1914,2079,3129]
[1640,2576,2849,14350]
[1640,4395,6048,21096]
[1642,4758,5287,5738]
[1643,3848,3904,4664]
[1644,1737,1744,1812]
[1644,1737,1744,3088]
[1644,1737,1812,3088]
[1645,2639,3770,4186]
[1645,2860,3500,8372]
[1647,2076,3399,10553]
[1647,7257,8052,10127]
[1649,2041,2054,3454]
[1649,5191,5457,11252]
[1649,8241,9009,13899]
[1649,10426,13039,16441]
[1650,19710,27375,57346]
[1651,1732,1749,2093]
[1651,3145,3395,6851]
[1651,3774,6069,6669]
[1652,6305,6448,12300]
[1652,7924,8549,18676]
[1652,8473,10848,47632]
[1653,3051,3676,7797]
[1653,3382,3477,6027]
[1653,3382,6027,14877]
[1653,5475,5510,8322]
[1653,7398,9456,26216]
[1653,29707,30219,43734]
[1653,40629,40979,58029]
[1657,1727,2041,3314]
[1659,3333,3395,4200]
[1659,3815,3959,6391]
[1661,5269,5379,12029]
[1662,2862,4929,5263]
[1664,1864,1976,3029]
[1665,1855,1863,3186]
[1665,2625,3381,6475]
[1670,3434,5050,23545]
[1672,3751,3905,5375]
[1673,2773,3818,6478]
[1673,8702,8898,31602]
[1674,2001,4726,7482]
[1675,1909,1935,2485]
[1675,2511,2530,9370]
[1675,5210,5731,11125]
[1675,6845,12284,28405]
[1677,2573,2717,4823]
[1679,2479,2546,6097]
[1679,3289,3358,6097]
[1679,3289,3887,6097]
[1679,3289,3887,19418]
[1679,3454,3504,18840]
[1679,4171,4234,7566]
[1679,5746,6161,10439]
[1679,6071,7154,16471]
[1681,2233,2808,3567]
[1681,9200,10640,13120]
[1681,10578,10640,13120]
[1682,2007,2368,13456]
[1682,2410,2465,5543]
[1682,4386,6443,7714]
[1683,3219,3317,6069]
[1683,3237,10230,12155]
[1685,5353,8425,20503]
[1685,6365,12956,22352]
[1685,11755,20503,33659]
[1687,3353,5719,9129]
[1687,4047,4554,13014]
[1687,16933,20277,27573]
[1688,3303,3641,4199]
[1688,4199,4576,9112]
[1689,11751,17531,30569]
[1690,3875,3899,21125]
[1690,8323,10400,14152]
[1690,9970,9971,12961]
[1690,20445,20475,28101]
[1691,7739,7809,59489]
[1694,2406,4221,8421]
[1695,2925,2938,5070]
[1695,5050,6399,6825]
[1695,32220,32900,52348]
[1696,1976,2120,3065]
[1696,2248,2529,3498]
[1696,2996,3893,10471]
[1696,3060,3065,3604]
[1700,1869,2044,12880]
[1700,2024,2465,8585]
[1700,2555,2992,4000]
[1700,4403,4572,8880]
[1700,4553,6140,21980]
[1700,4768,5340,6705]
[1700,5104,8585,14500]
[1700,6672,6705,8772]
[1702,3198,3627,4551]
[1702,3611,5798,11914]
[1702,4250,4255,8602]
[1703,1780,2047,2425]
[1703,2113,2119,4226]
[1704,3111,3416,5984]
[1708,2992,6188,14413]
[1708,6032,6188,14413]
[1708,6825,27360,65520]
[1708,16008,30561,57159]
[1711,14136,14193,18183]
[1712,1984,2009,3634]
[1712,4448,4462,5177]
[1715,2730,2925,3339]
[1716,2704,2772,5577]
[1716,4200,4875,6409]
[1716,4500,4525,4875]
[1717,2014,2414,5858]
[1717,2301,2424,8892]
[1717,3367,3737,7463]
[1717,5525,6545,12625]
[1717,7733,8109,8908]
[1717,7733,8109,11211]
[1717,7733,11803,18887]
[1717,12341,14167,32759]
[1722,2277,2829,4531]
[1722,2542,2583,4347]
[1722,39627,41123,62123]
[1725,2097,2460,9320]
[1725,2306,2595,31131]
[1725,2627,3885,6723]
[1725,3082,3318,18630]
[1727,2134,2198,2266]
[1727,5566,5698,5966]
[1729,2429,2431,14911]
[1729,4321,4619,11339]
[1729,4466,4512,21072]
[1729,5894,7049,7999]
[1729,6137,6188,24871]
[1729,7379,11266,20374]
[1730,1870,1903,7106]
[1734,3705,4216,4800]
[1734,3843,4893,7259]
[1734,4338,4913,12291]
[1734,6466,7259,10759]
[1734,7038,7259,10759]
[1734,7038,9537,10759]
[1734,7366,10759,16762]
[1735,5915,7175,46137]
[1736,2080,2639,3080]
[1736,15264,16777,22472]
[1737,1968,1984,9264]
[1737,2388,3088,5844]
[1737,2799,3088,4824]
[1739,3364,4736,4988]
[1739,12341,12397,20587]
[1740,1872,1885,1972]
[1740,6800,6885,17748]
[1743,2236,2364,7332]
[1744,9416,13189,30514]
[1745,21815,23383,35504]
[1748,3152,3572,3743]
[1749,2431,3003,4293]
[1749,4141,4179,5454]
[1750,2597,2650,3290]
[1750,2793,2982,12330]
[1750,2905,2982,3750]
[1750,4186,4650,6825]
[1750,6765,8358,43050]
[1751,3604,4624,4876]
[1751,4369,4624,4876]
[1751,5207,8249,13243]
[1752,2448,3723,5473]
[1752,10400,12045,14040]
[1753,19303,20243,35687]
[1757,3173,5382,6798]
[1758,4563,4688,4992]
[1762,8613,9691,24563]
[1763,2987,3157,4408]
[1764,7476,9345,9685]
[1765,1875,2118,3525]
[1767,4642,4767,11487]
[1767,4959,5092,6808]
[1767,6758,7192,29656]
[1768,2184,2210,3145]
[1768,2993,3608,4672]
[1768,3416,3965,15080]
[1768,3875,5800,6240]
[1769,2583,2745,3915]
[1769,3145,3355,12325]
[1769,6519,7259,36859]
[1769,27625,27755,31175]
[1771,5222,8579,13547]
[1773,2532,2716,6304]
[1773,4828,6304,10076]
[1773,5724,6148,6876]
[1773,14852,16832,32672]
[1776,2124,2139,2516]
[1776,2340,2701,7215]
[1776,8636,8769,9756]
[1778,7462,7597,7847]
[1781,2825,5625,15481]
[1781,3026,3349,8099]
[1781,4875,5625,7605]
[1781,4875,5625,26715]
[1781,5411,5752,10988]
[1785,1820,1825,9191]
[1785,12103,12285,15453]
[1785,13625,14550,18639]
[1786,2890,3914,17765]
[1788,31587,31588,42116]
[1789,7293,7407,8211]
[1792,4292,4708,9657]
[1793,2507,2696,12956]
[1793,3157,4862,9398]
[1793,9393,9407,22849]
[1794,2875,2925,3795]
[1794,8931,16445,36869]
[1795,7515,7614,12366]
[1796,2624,3751,4579]
[1796,2992,3196,7633]
[1796,5863,6304,6396]
[1797,2378,2523,6867]
[1797,8995,9000,10947]
[1798,2162,2173,2327]
[1798,2486,3277,3914]
[1798,11726,11999,51127]
[1799,3961,3977,5643]
[1799,5561,6606,11919]
[1800,4640,14841,18360]
[1800,5720,7722,12375]
[1800,8721,9735,17425]
[1800,10179,10205,10875]
[1801,3601,3602,4826]
[1801,3799,3824,14408]
[1802,2023,2312,3392]
[1802,2257,2279,3111]
[1803,16523,16687,36613]
[1804,1885,2021,3075]
[1804,3757,3796,5168]
[1807,4199,4551,6201]
[1808,2809,3233,4633]
[1810,2366,3666,7059]
[1813,1859,1862,4459]
[1813,4907,5593,6187]
[1813,5369,6188,6512]
[1814,2074,2282,5063]
[1815,3124,3600,27060]
[1815,4675,4935,5049]
[1815,8692,9225,21783]
[1817,4420,4700,5408]
[1817,6283,6486,14858]
[1818,2602,3131,14311]
[1819,3212,4012,9344]
[1819,6119,6308,9344]
[1820,6540,7425,12753]
[1820,7315,7600,55328]
[1824,2600,2665,3176]
[1824,7192,8424,12267]
[1825,2023,2380,3577]
[1825,2410,5840,7712]
[1825,3705,4191,14625]
[1826,11026,11077,20801]
[1827,2250,2280,2552]
[1827,2847,3549,14819]
[1827,3375,3885,5075]
[1827,4823,4914,10494]
[1829,2725,2795,5945]
[1829,21607,21771,31093]
[1830,5162,6675,8613]
[1830,12945,13066,21350]
[1832,2497,2793,3497]
[1832,29192,31114,40139]
[1833,2537,2583,3213]
[1834,32150,35690,47785]
[1835,6335,8257,12415]
[1835,25012,27040,29588]
[1836,16224,16585,34645]
[1837,2863,3206,12446]
[1838,12782,12803,48622]
[1841,48391,56516,61160]
[1843,3757,4505,5593]
[1843,5957,6693,15318]
[1844,20464,20863,36593]
[1845,2250,4042,6150]
[1845,2915,2916,11925]
[1845,12597,14025,31447]
[1848,1952,2013,2442]
[1848,2009,2016,2952]
[1850,6358,9350,15895]
[1850,21866,22475,28730]
[1853,2278,2312,3488]
[1853,4202,5014,33434]
[1853,4382,5027,11227]
[1853,4797,5967,6867]
[1855,3150,3186,4770]
[1855,5183,5217,5833]
[1855,5183,5425,27083]
[1855,5183,7105,12145]
[1855,5185,5551,6307]
[1855,9165,21021,30051]
[1856,2248,2369,2552]
[1856,4144,4176,6549]
[1856,4144,5106,6549]
[1856,6644,10849,13019]
[1859,2398,2834,8866]
[1859,2507,2834,4382]
[1859,3139,3182,7267]
[1859,3321,3641,35321]
[1859,3421,4382,6083]
[1859,5891,6591,12065]
[1859,8437,13013,58166]
[1859,8509,8515,15691]
[1859,8509,8789,11154]
[1859,14003,17484,44616]
[1859,16863,17484,44616]
[1863,3900,5412,13600]
[1864,3152,3495,5910]
[1865,2300,4476,16740]
[1865,2945,2984,3425]
[1868,2768,5513,12177]
[1869,2245,2694,4005]
[1869,2737,3213,15219]
[1869,3475,4806,9294]
[1869,3563,7635,9450]
[1869,6425,10794,22050]
[1869,16611,16653,31987]
[1869,16653,20769,25631]
[1869,39627,48552,55981]
[1870,2050,2057,2255]
[1870,2050,2057,2750]
[1870,4225,4745,6433]
[1870,7975,8120,11968]
[1870,8350,8525,13838]
[1872,2244,3553,13156]
[1872,3672,3978,5353]
[1872,3672,4755,5353]
[1872,3753,6448,16128]
[1872,7872,8528,10897]
[1875,2337,2415,4625]
[1875,3179,10285,13750]
[1875,4141,13635,26691]
[1875,4313,7400,13588]
[1879,11189,11288,24132]
[1880,35360,44200,55241]
[1881,2145,2175,2431]
[1881,2175,2375,3306]
[1881,3267,3610,6270]
[1881,3306,3344,7656]
[1883,2873,3497,6953]
[1883,5083,6527,13493]
[1883,5317,5513,6953]
[1885,2350,2691,10875]
[1885,2786,2990,6050]
[1885,2847,2925,19053]
[1885,4485,4901,12325]
[1885,6494,6760,13456]
[1885,6725,8125,8584]
[1885,8500,11600,21632]
[1885,8925,11271,22125]
[1885,15965,15979,52925]
[1885,30301,35325,37635]
[1885,30301,51025,58865]
[1887,2975,3213,3885]
[1887,3420,3588,6800]
[1887,3713,14337,40194]
[1887,4245,4588,6800]
[1887,5215,5513,11713]
[1887,5371,5562,7854]
[1887,5512,5513,11713]
[1887,6188,6305,11713]
[1887,6732,8556,10064]
[1887,12051,12099,21437]
[1890,3087,3312,3640]
[1891,3030,3141,6405]
[1891,5291,6371,8989]
[1895,3325,5593,11417]
[1897,9047,9212,11137]
[1898,2177,2198,13286]
[1898,2773,2774,3302]
[1898,3977,4823,5329]
[1898,8058,10547,20503]
[1900,3824,4301,6580]
[1900,3965,4000,7564]
[1900,4161,4560,21900]
[1900,6528,6555,11628]
[1901,10349,12549,28851]
[1903,2057,2068,2432]
[1904,2200,2210,3425]
[1904,2496,2499,3276]
[1904,3136,3425,4270]
[1904,19372,25004,30821]
[1907,6157,6325,16243]
[1908,2349,4176,4876]
[1908,3108,3133,5883]
[1909,2123,2509,10573]
[1909,3239,3278,3638]
[1909,4769,4981,11659]
[1911,2233,2436,2808]
[1914,3650,4161,7395]
[1914,5814,6061,8778]
[1914,6050,6955,55825]
[1914,8739,13114,20010]
[1914,17061,17094,25466]
[1916,2809,2816,6148]
[1917,3396,4579,5629]
[1917,3933,4807,9177]
[1919,2431,2499,3939]
[1919,2756,2977,5353]
[1919,3521,3699,12499]
[1919,10431,11529,17271]
[1920,6608,7455,15792]
[1921,3487,3955,6035]
[1921,3604,3616,14416]
[1921,4865,4879,15029]
[1922,2821,3472,5096]
[1923,8622,9637,23963]
[1924,2400,2405,3076]
[1925,2989,3080,3355]
[1925,3077,8075,11765]
[1925,4510,5125,6061]
[1925,11645,12250,27811]
[1925,27170,32851,51205]
[1927,2627,2697,9847]
[1927,2760,2952,4800]
[1927,3219,4002,5994]
[1927,3225,3402,5625]
[1927,4618,4633,30017]
[1927,21063,22407,29757]
[1928,3220,3297,9947]
[1930,2210,2275,2509]
[1930,2714,2875,22195]
[1935,4420,9504,31824]
[1937,2788,3652,8528]
[1937,3537,3859,4237]
[1937,5423,6109,6851]
[1937,6018,7449,8721]
[1938,3422,4959,10146]
[1942,2258,2547,3387]
[1945,2375,3101,9725]
[1945,10305,10503,13950]
[1950,2530,2574,4125]
[1950,4743,4840,6800]
[1950,10574,11250,15249]
[1952,3248,3977,4148]
[1953,2040,2272,9928]
[1953,2295,2303,3150]
[1953,4575,4697,5145]
[1953,4575,6603,9455]
[1955,2175,2250,2958]
[1955,15293,21607,31705]
[1955,20405,23275,25228]
[1957,4028,7844,8816]
[1957,10693,10812,16677]
[1958,3362,3649,4559]
[1958,5777,6417,28527]
[1960,2135,2200,3416]
[1960,13125,19200,22176]
[1961,2204,2332,2528]
[1961,2204,2332,4292]
[1961,2204,2528,4292]
[1961,2379,2664,6996]
[1961,2626,2703,11817]
[1961,3451,3478,16762]
[1961,3538,4264,13664]
[1961,3625,3655,6875]
[1961,3625,3655,7685]
[1961,3625,3975,4089]
[1961,3625,3975,23925]
[1961,3625,4089,23925]
[1961,3781,4600,6420]
[1961,4425,5661,19875]
[1961,32277,32361,52311]
[1962,11121,14600,17440]
[1967,8446,8642,23042]
[1968,2920,2993,3650]
[1969,2581,2944,3556]
[1970,2782,3250,3743]
[1971,3111,3139,4029]
[1971,8109,11169,42431]
[1972,2296,5453,7021]
[1972,2368,2516,3451]
[1972,4328,4917,5723]
[1972,6400,7975,10540]
[1972,9424,11476,25897]
[1972,11700,28628,33553]
[1974,4949,6666,7686]
[1974,4949,10101,13635]
[1976,2112,2376,2937]
[1976,2336,2774,3211]
[1976,4524,4901,5945]
[1980,2185,2304,8100]
[1980,2583,2825,3567]
[1980,3135,3344,5700]
[1980,17760,18204,49025]
[1989,2100,2125,3315]
[1989,2451,2924,11739]
[1989,2484,2924,3276]
[1989,3021,4182,19877]
[1989,4264,6669,15309]
[1989,6789,6929,15301]
[1989,6789,6989,24461]
[1991,2684,4636,7964]
[1991,2873,3055,8060]
[1991,27709,27938,51766]
[1992,14872,15246,16731]
[1993,4247,4731,7611]
[1995,2340,2352,4732]
[1995,6300,8512,9500]
[1995,19169,29745,33969]
[1999,8200,10585,20049]
[2000,2784,2805,3750]
[2000,2784,2805,5220]
[2001,4369,5251,7619]
[2001,4850,5775,13095]
[2001,13833,16849,43601]
[2001,36177,37149,42401]
[2002,2651,2926,3374]
[2002,3182,3367,6958]
[2002,6050,6370,7315]
[2005,2475,2727,3609]
[2005,13975,15400,20852]
[2006,8774,8851,26869]
[2007,2364,2368,3036]
[2007,8937,9553,11247]
[2007,10647,18879,33124]
[2008,18080,21608,23617]
[2009,2275,2665,4375]
[2009,7000,8600,9184]
[2013,3875,4575,5085]
[2013,3875,5085,10125]
[2013,5625,6100,24720]
[2013,13675,15480,30012]
[2014,5395,5486,21730]
[2015,2465,2825,6409]
[2015,3016,4640,13000]
[2015,5363,5487,11537]
[2015,5599,6175,19851]
[2015,9953,11297,17485]
[2015,14365,14384,40300]
[2016,3000,3750,4225]
[2016,8400,12180,12625]
[2021,3572,4371,5421]
[2021,6970,7429,15475]
[2021,7771,8071,12679]
[2021,7771,12679,34279]
[2023,2491,2552,19652]
[2023,2968,3392,3808]
[2023,3233,3392,4148]
[2023,3332,3392,3808]
[2023,3332,3392,8092]
[2023,3773,3808,4148]
[2023,4633,6441,10251]
[2023,7798,8912,18088]
[2023,10098,11662,17458]
[2023,17402,18088,20792]
[2023,21049,21301,44523]
[2025,2871,2875,3045]
[2025,5073,6230,8375]
[2028,5800,6045,9135]
[2032,7319,8169,8593]
[2033,13583,25783,39121]
[2034,2958,3009,3842]
[2034,3321,3406,5106]
[2035,3565,3575,13673]
[2035,5626,8051,9715]
[2037,4633,9412,12008]
[2037,4875,4925,7275]
[2037,7140,7275,21437]
[2038,6322,7367,14017]
[2038,41363,41643,55083]
[2039,5397,5403,6939]
[2040,4095,4097,4575]
[2040,4400,6171,8250]
[2041,2183,2191,5809]
[2041,3688,3809,6937]
[2041,3741,12246,41646]
[2041,6253,6734,9734]
[2041,7175,7345,18055]
[2041,22201,33246,53071]
[2044,3428,3431,4853]
[2044,5500,5525,7300]
[2045,2755,2863,3025]
[2046,5871,5896,9592]
[2046,20746,20769,22011]
[2047,2975,5395,7565]
[2047,3497,3728,9272]
[2047,3713,3729,5891]
[2050,3562,3575,4795]
[2051,3349,3496,4981]
[2055,2565,2603,7125]
[2055,14265,14329,21707]
[2056,11100,13505,32125]
[2057,2408,2432,22592]
[2057,4796,4905,5775]
[2057,4807,5385,9207]
[2057,5343,5538,6273]
[2057,29084,32809,50391]
[2059,2990,3016,3760]
[2059,2990,3760,22240]
[2061,4539,7099,7476]
[2064,5795,6400,10736]
[2067,2583,2793,4823]
[2067,2637,3223,5577]
[2067,11475,12725,13515]
[2067,12420,13920,21200]
[2068,2783,4588,7788]
[2071,2665,2725,5371]
[2071,2665,2725,5915]
[2071,2665,5371,5915]
[2071,2890,2929,9265]
[2071,4031,4033,5552]
[2071,6479,8393,11704]
[2071,6721,7562,14497]
[2072,2257,2553,16697]
[2072,6208,7178,10697]
[2075,3021,4770,4965]
[2075,3560,4000,11392]
[2077,11937,13268,14632]
[2078,7503,7505,9647]
[2080,2100,2125,2132]
[2080,2575,3200,25376]
[2080,3772,4797,28700]
[2082,12282,12283,24897]
[2083,28067,30173,60918]
[2086,17050,26075,39130]
[2088,2529,3096,3712]
[2091,2177,2241,6273]
[2091,2261,2337,2907]
[2091,4179,4181,50731]
[2091,5913,6580,12560]
[2091,6093,8755,13540]
[2091,6741,7709,17835]
[2091,10027,10059,22509]
[2091,11571,12054,20909]
[2093,4557,4563,6552]
[2094,3131,3141,13029]
[2096,16604,16676,21941]
[2097,2457,6552,27727]
[2097,2622,2944,10672]
[2098,2398,2943,3378]
[2100,2403,2640,4628]
[2100,2829,4704,6580]
[2100,2961,3975,8015]
[2100,3276,3315,3500]
[2100,3816,4309,8509]
[2100,3984,4141,4180]
[2100,4284,5125,13209]
[2100,6800,7245,12852]
[2103,12078,15422,28050]
[2104,28000,28025,61640]
[2105,3425,7146,11367]
[2105,5980,6736,7520]
[2107,5797,5828,6107]
[2107,12257,12943,47601]
[2107,13965,19035,28518]
[2108,3616,4305,9605]
[2109,2427,2616,2627]
[2109,3325,3330,3534]
[2109,3325,3330,7125]
[2109,3325,3591,7875]
[2109,4041,6099,8531]
[2109,4359,5812,8584]
[2109,4408,8584,13984]
[2109,4625,4995,7875]
[2109,11289,11609,16359]
[2109,12084,13984,15052]
[2117,3525,3625,14965]
[2119,3901,4041,11191]
[2120,4488,4505,5512]
[2120,6068,7995,37407]
[2121,2249,2847,6228]
[2121,2444,2496,5004]
[2121,2548,2604,4848]
[2121,2871,2929,5321]
[2121,8439,8787,9517]
[2123,2431,3281,5423]
[2123,2627,2702,2923]
[2123,17593,28009,34921]
[2124,2433,2608,12876]
[2124,3357,4224,5968]
[2124,4464,4503,34393]
[2125,2314,3275,6035]
[2125,2530,4301,6325]
[2125,3034,8075,15725]
[2125,5005,5225,31603]
[2125,6052,6675,10965]
[2125,6052,7120,13600]
[2125,6940,7475,8789]
[2125,7885,11875,28633]
[2125,13261,14685,51255]
[2127,7601,8177,11327]
[2130,4425,9042,21586]
[2130,5185,5202,9150]
[2132,2523,4524,5904]
[2132,3552,4329,9516]
[2134,5291,5984,10088]
[2135,3500,4592,6100]
[2135,4872,5600,9272]
[2137,6438,6512,17096]
[2139,8236,8613,15789]
[2139,35547,54961,58097]
[2142,2907,2912,5712]
[2142,6237,6256,11424]
[2144,3376,4066,8791]
[2144,3432,3993,5544]
[2145,2783,3105,9867]
[2145,4180,4225,16159]
[2145,4644,4700,5520]
[2145,8635,8949,9867]
[2145,11529,11895,19721]
[2146,3069,6318,15138]
[2146,4046,6919,8381]
[2146,7150,14430,30615]
[2147,3281,3619,5597]
[2147,5588,5603,17213]
[2150,2771,2995,3179]
[2150,2771,2995,6355]
[2150,2771,3179,6355]
[2150,2890,3179,3737]
[2150,2890,3179,4250]
[2150,2890,3737,4250]
[2156,3157,3168,3444]
[2158,5542,5777,7093]
[2159,2809,3286,4879]
[2162,4537,4697,9287]
[2162,7562,10235,16813]
[2164,3289,3751,5951]
[2166,5187,5434,6262]
[2167,10825,10955,11145]
[2171,5746,6021,6747]
[2172,3600,4525,6020]
[2173,3523,5863,7367]
[2173,3965,3977,4823]
[2173,4658,5891,5989]
[2173,4819,5002,10706]
[2173,5198,5373,5989]
[2173,5341,5777,6191]
[2173,6513,6943,15457]
[2175,2296,2465,2665]
[2175,2431,2465,2665]
[2175,3809,8790,22815]
[2175,4097,4335,10845]
[2175,4216,4416,18360]
[2175,14681,15370,65095]
[2177,3140,3152,4700]
[2184,2784,3016,3145]
[2184,3108,3145,3885]
[2184,3400,6280,7225]
[2184,3664,4809,5586]
[2184,6216,6734,8425]
[2184,7200,7800,8425]
[2185,3395,3450,4462]
[2185,4535,5075,57673]
[2187,17475,21850,26562]
[2187,21375,21850,26562]
[2189,4389,6789,15483]
[2189,7824,7893,9963]
[2190,5762,6237,27963]
[2190,14125,14238,17250]
[2191,2507,2534,4382]
[2191,12441,12559,16276]
[2192,2772,2849,42196]
[2192,3468,7412,13937]
[2192,3892,3973,4532]
[2192,3956,5069,6644]
[2193,6031,6069,7893]
[2196,9840,10004,14965]
[2197,3275,3380,8555]
[2197,3473,5822,7098]
[2197,3601,3878,10478]
[2197,3627,5895,11115]
[2197,4843,4859,5239]
[2197,6847,7436,9056]
[2197,7153,7212,12168]
[2197,17515,17975,21125]
[2198,5887,9576,20184]
[2201,4225,5785,35815]
[2201,5191,5380,5785]
[2201,14101,14816,21836]
[2204,3277,5104,10396]
[2204,23129,23836,26564]
[2205,7140,7259,18075]
[2208,3924,4033,5676]
[2210,6935,8528,14600]
[2212,8813,13988,18396]
[2212,24052,24087,25677]
[2214,2226,2263,2337]
[2216,3608,3816,5817]
[2217,5967,6188,7287]
[2218,11722,41027,52123]
[2219,2929,3071,19969]
[2220,2288,2405,3188]
[2220,3815,3924,33744]
[2220,5300,13780,33337]
[2220,9675,10956,11248]
[2220,12784,13209,18900]
[2222,2562,2583,4242]
[2222,2602,2727,3903]
[2223,3948,4368,7028]
[2223,3948,4368,16268]
[2223,3948,7028,16268]
[2223,5127,5457,13672]
[2223,7020,7025,63375]
[2225,3053,4422,5250]
[2225,3589,4430,6586]
[2225,5263,5587,8625]
[2225,5263,6875,11663]
[2225,7503,14685,25215]
[2225,10249,16465,19375]
[2227,4675,10115,23165]
[2227,10057,10115,23165]
[2231,2431,2574,3201]
[2231,2529,2574,15174]
[2231,3529,3913,24703]
[2231,3601,3913,25802]
[2231,3887,3913,4462]
[2231,3887,3913,11063]
[2231,5957,6118,9506]
[2231,6431,6794,9919]
[2231,6697,7081,13394]
[2231,25300,29440,32160]
[2233,3185,3190,3542]
[2233,4018,4494,7134]
[2233,9198,26622,55278]
[2233,15642,15687,20097]
[2238,10638,11229,11563]
[2241,2316,3088,3828]
[2241,2799,3088,3828]
[2244,5775,6375,12815]
[2245,15575,16169,49897]
[2247,2450,2478,3330]
[2247,2989,3572,6328]
[2249,5175,5265,7785]
[2249,7849,7859,9389]
[2249,15801,18684,32136]
[2250,6069,8330,26250]
[2252,3341,4309,6741]
[2255,2465,2550,4674]
[2255,4375,4900,6601]
[2256,5656,6006,6363]
[2257,3289,4514,19418]
[2257,3367,5551,6734]
[2257,3683,6721,24639]
[2257,4207,7353,19833]
[2257,4407,5002,11063]
[2257,7025,8845,14893]
[2257,7337,12544,17751]
[2257,9425,12905,22607]
[2257,14375,15200,22607]
[2257,37271,47671,58682]
[2259,6757,7884,8091]
[2261,2464,4256,41344]
[2261,2639,2821,6149]
[2261,2639,3451,6149]
[2261,2989,3059,4636]
[2261,5110,5461,19189]
[2261,5461,5474,7021]
[2262,3535,9425,14137]
[2262,5423,5529,57681]
[2262,9106,18369,33669]
[2262,15470,27405,32487]
[2263,3162,3978,13578]
[2263,3887,3978,14898]
[2263,4361,9563,18139]
[2268,4563,4732,7812]
[2270,6970,7313,8339]
[2271,4351,6399,18396]
[2275,2478,2565,3003]
[2275,2793,3015,11193]
[2275,11172,14875,15397]
[2275,25333,26642,46475]
[2276,3016,3053,3977]
[2276,4355,5020,11024]
[2277,7259,9891,12852]
[2278,3266,3609,3959]
[2278,4087,4288,26288]
[2278,4553,4582,5338]
[2279,2419,2482,2622]
[2279,3111,3233,3553]
[2279,3111,4941,8109]
[2279,6041,7081,15019]
[2279,7031,7130,12850]
[2279,12121,13261,46931]
[2279,12341,13244,30856]
[2280,3960,3961,6698]
[2283,9630,9725,14133]
[2286,3213,3339,9163]
[2288,8840,9350,13013]
[2288,10132,10591,13559]
[2288,15743,15744,35984]
[2295,3465,3471,3977]
[2295,3465,3825,3977]
[2295,5916,6409,10959]
[2296,2431,2465,2665]
[2296,5156,5453,9023]
[2299,6303,6853,21253]
[2299,13801,14174,18278]
[2300,4080,4347,14076]
[2301,6851,7446,8619]
[2303,2737,2751,2881]
[2305,6625,7781,11525]
[2310,5481,7656,20944]
[2310,12155,13050,21318]
[2312,6272,6664,7889]
[2312,10945,11305,22337]
[2313,6839,6939,13563]
[2313,11946,12079,22263]
[2314,3538,4575,12905]
[2314,3689,4361,20111]
[2315,2599,3451,6149]
[2316,2799,3088,3828]
[2317,7791,8815,18095]
[2318,4450,5185,5390]
[2318,5162,5307,5963]
[2318,8987,10318,17138]
[2318,8987,11362,14818]
[2318,13082,13243,37449]
[2320,6876,6975,21924]
[2320,6968,8555,23218]
[2321,3153,5075,7505]
[2323,5677,5933,19177]
[2324,4384,4404,4521]
[2324,23744,30793,40172]
[2325,4437,7395,12125]
[2325,4743,5270,25410]
[2325,5559,13516,31620]
[2327,3657,3658,6583]
[2329,2599,2603,4633]
[2329,5825,6050,12665]
[2331,2706,2814,17794]
[2331,3045,3219,5075]
[2331,4585,4631,5719]
[2331,5535,5781,11285]
[2334,4466,8169,31374]
[2334,4959,6441,7391]
[2336,2500,2625,5700]
[2336,2704,2914,3211]
[2336,2704,3211,3796]
[2336,2704,3211,7954]
[2340,2436,2465,5340]
[2340,2448,2465,2652]
[2340,2448,2465,3900]
[2345,4495,4753,11375]
[2345,15035,26174,53350]
[2346,3289,3366,19734]
[2346,3582,3621,4543]
[2346,4986,4998,8587]
[2346,9522,9821,13279]
[2346,9522,12903,13279]
[2350,2690,3197,6725]
[2353,4325,6565,6747]
[2353,16169,18278,55081]
[2354,21605,22946,50270]
[2355,2509,2691,2895]
[2356,22781,24244,52756]
[2358,7038,7119,21679]
[2360,3625,3712,5000]
[2363,8177,12376,13616]
[2363,9275,10965,11713]
[2363,9797,10387,32453]
[2364,5180,5439,6300]
[2364,8493,8668,9168]
[2365,4570,4675,5027]
[2365,5405,5727,21183]
[2365,6955,10450,13013]
[2366,5291,13024,29744]
[2367,6525,6785,10815]
[2367,13311,13833,37961]
[2368,3176,3182,3451]
[2368,3248,3451,4144]
[2368,3248,3451,7714]
[2368,5156,5668,47693]
[2368,5868,6013,30257]
[2369,3692,3700,12940]
[2369,19393,19519,57481]
[2371,8619,26724,52299]
[2373,3325,3402,5085]
[2373,8330,10170,15498]
[2373,11322,11877,14803]
[2373,17927,18837,21867]
[2375,3961,3995,8155]
[2375,3961,4335,24465]
[2375,4445,4514,6250]
[2375,4510,5248,6200]
[2375,5446,11670,15850]
[2375,22265,27375,30952]
[2376,11001,13024,27808]
[2377,4553,6601,10319]
[2378,5133,6003,6867]
[2378,5722,8323,8858]
[2378,6822,6867,21402]
[2378,7198,7503,37323]
[2379,3492,3904,6396]
[2379,3501,10114,11661]
[2379,5265,5746,9150]
[2379,17515,20679,24921]
[2379,17515,24921,51129]
[2380,2912,2975,3380]
[2380,3120,3380,3757]
[2380,3276,3380,3451]
[2380,4081,4505,10255]
[2382,9450,9925,18285]
[2384,2852,3427,6716]
[2384,16775,17616,19520]
[2385,5049,6201,7225]
[2385,5271,5300,5865]
[2385,5894,9990,23850]
[2385,7611,9889,15839]
[2385,8535,8626,10250]
[2387,2662,2667,3157]
[2387,2805,3213,6930]
[2387,3427,3432,4268]
[2387,7756,8587,23219]
[2387,10013,10323,39597]
[2388,10665,14540,16212]
[2392,8008,8633,13858]
[2394,2754,2793,4123]
[2397,2583,2893,5043]
[2397,2628,2652,9052]
[2397,6843,9052,11648]
[2398,2642,4578,19803]
[2398,3762,3843,4257]
[2398,3762,3843,21582]
[2398,5522,5523,6853]
[2398,16698,17457,19803]
[2400,2584,2745,3366]
[2400,2584,2745,5160]
[2400,3364,3625,44836]
[2400,13572,14500,32045]
[2400,15080,32045,45032]
[2403,2877,3471,4559]
[2405,2765,2812,2875]
[2405,3417,3458,4250]
[2405,8840,9061,15725]
[2405,11315,11323,13724]
[2407,3597,4611,8829]
[2407,9031,9760,35175]
[2408,2947,2968,3368]
[2409,5529,6231,7081]
[2409,39347,40716,57816]
[2412,2907,2912,3468]
[2412,3737,5328,25452]
[2412,3913,4212,18288]
[2412,12408,12463,13717]
[2415,2700,3444,3500]
[2415,4625,4725,5439]
[2418,2873,2958,3042]
[2419,4466,12341,20909]
[2420,7469,9856,13580]
[2421,6699,7801,16199]
[2424,12240,24510,38885]
[2425,4505,5141,6325]
[2431,3250,3400,4160]
[2431,3509,3887,4433]
[2431,3509,3887,5423]
[2431,3743,3757,4531]
[2431,3799,3944,14924]
[2431,6461,6721,10879]
[2431,12059,12308,20228]
[2431,15794,24544,40528]
[2431,18241,19227,22533]
[2431,46079,46699,60401]
[2432,3728,3952,4427]
[2436,3625,6825,9135]
[2436,6760,6825,9135]
[2440,2915,3000,3392]
[2440,6400,6536,7625]
[2440,9460,10175,26477]
[2440,12905,13664,17800]
[2441,20617,26841,27083]
[2443,3218,6027,21987]
[2443,4582,6027,21987]
[2443,13843,13892,16403]
[2444,2485,2640,3756]
[2444,3280,3375,3731]
[2444,12244,25844,39793]
[2448,4773,4947,5957]
[2449,5949,6544,17324]
[2451,3115,3126,6675]
[2451,3249,3268,9976]
[2452,12176,12199,19651]
[2453,13387,13547,17512]
[2455,2585,2599,3033]
[2455,9425,11977,22750]
[2457,3825,4505,7065]
[2457,16500,17945,61625]
[2460,2967,3567,8585]
[2460,4000,4836,9225]
[2460,4095,5824,39396]
[2461,3363,5085,8775]
[2461,3811,4301,8671]
[2464,6832,8855,13420]
[2464,20400,23780,31025]
[2465,2793,2943,3660]
[2465,10990,13377,42175]
[2466,3918,5343,18559]
[2466,4641,7616,30688]
[2473,3071,4154,5954]
[2473,4979,5954,64298]
[2475,3111,5610,22814]
[2475,6297,11500,20272]
[2475,6987,9163,18150]
[2475,7623,8085,19285]
[2475,10860,11500,20272]
[2475,12267,19285,30015]
[2475,12825,14763,19285]
[2476,13396,13708,19637]
[2479,3380,3404,10400]
[2479,4899,4927,6593]
[2482,2873,2992,7592]
[2482,3318,3337,37613]
[2482,10573,11554,15474]
[2483,3757,3887,4913]
[2485,7585,7775,11233]
[2485,24650,32669,51765]
[2486,4046,4403,5537]
[2489,3325,3330,4370]
[2489,9401,9418,13583]
[2489,25721,27761,57154]
[2491,4087,4340,8080]
[2491,6815,7685,9541]
[2493,2967,3283,3757]
[2493,15051,22493,24099]
[2495,5830,6175,14111]
[2496,10384,10758,12243]
[2497,9112,9641,14999]
[2500,2747,2800,3772]
[2500,4304,4345,6725]
[2501,10925,14555,19700]
[2501,18377,21224,28124]
[2504,6424,6886,10439]
[2505,4221,4354,7546]
[2507,2983,3239,8729]
[2507,7743,8757,9483]
[2507,11857,13432,36156]
[2507,15548,21827,26923]
[2508,3311,3564,4992]
[2508,9075,20020,24000]
[2508,12844,13167,15444]
[2509,4147,5597,6409]
[2509,4559,5404,8536]
[2509,8834,10829,39179]
[2509,9371,9398,17563]
[2509,11797,13741,15278]
[2509,13363,13741,17563]
[2510,3370,7073,8425]
[2511,7068,10432,13764]
[2512,3880,4450,5495]
[2514,13294,15283,43282]
[2516,3028,3116,6509]
[2516,8159,8769,11849]
[2516,17168,18241,20468]
[2516,33169,33456,61484]
[2519,2994,4209,4809]
[2519,3599,4209,6641]
[2519,8063,9394,18506]
[2520,5565,5600,10176]
[2520,21840,22750,32449]
[2522,3953,7663,12857]
[2522,4205,6003,6955]
[2522,6253,7178,12506]
[2523,2873,4089,11271]
[2523,3938,5307,22707]
[2523,4081,10731,32277]
[2523,6723,7192,8733]
[2523,18693,26071,33449]
[2525,2755,2929,6223]
[2525,3145,3737,4199]
[2525,3869,3875,19345]
[2525,39911,39914,49490]
[2527,2775,2802,3105]
[2527,3895,4100,9823]
[2529,3596,3712,4496]
[2530,6290,6325,18722]
[2532,3663,4272,9028]
[2533,4425,5508,8940]
[2533,4901,5083,9983]
[2533,7708,7748,11152]
[2534,4991,5249,7049]
[2534,6109,6384,30408]
[2535,8723,12627,22035]
[2535,32264,39936,48840]
[2536,2756,4121,7579]
[2536,4664,6974,7579]
[2540,7436,7700,13585]
[2542,4278,4347,6417]
[2542,8338,8798,16227]
[2544,2856,3385,5406]
[2544,2943,2944,5232]
[2544,19323,19981,26373]
[2545,6230,9434,25450]
[2548,3843,4176,29484]
[2552,4592,5278,8897]
[2553,4797,6253,8979]
[2553,16697,28359,35397]
[2556,5244,5365,10244]
[2556,11169,33796,44304]
[2561,2911,3731,4531]
[2561,3100,3940,5564]
[2561,3649,3731,15169]
[2561,4479,19409,48659]
[2562,7442,15067,53567]
[2567,4121,7608,11271]
[2567,4277,4278,11122]
[2569,4009,4087,5858]
[2569,9265,11881,14306]
[2570,3810,4275,5397]
[2570,4250,4369,31450]
[2570,13875,13878,16650]
[2573,6623,7228,9432]
[2573,7437,8007,19293]
[2581,4331,4669,5429]
[2581,4331,4669,7221]
[2581,4331,5429,7221]
[2581,16900,18044,23140]
[2581,16900,19435,20381]
[2581,16900,27260,33920]
[2582,11978,12059,16739]
[2583,2793,2825,4305]
[2583,2925,6765,18733]
[2583,5911,6633,6939]
[2583,7063,7749,9081]
[2583,22620,22767,41225]
[2584,3016,3034,6409]
[2584,3059,4256,12376]
[2584,7424,7448,13243]
[2585,3395,3773,18557]
[2587,17563,24969,62699]
[2590,2877,2898,5550]
[2590,3355,3848,12200]
[2590,5495,5550,7518]
[2595,6183,6942,11450]
[2597,2947,3290,4278]
[2597,3388,3392,4292]
[2597,4046,4130,9010]
[2597,4433,4972,5808]
[2597,4984,5459,6853]
[2599,4601,4876,9177]
[2599,7667,8217,23001]
[2600,3248,3850,4277]
[2600,3864,3880,26065]
[2600,9503,11560,14872]
[2601,2964,2976,3536]
[2601,2992,3024,9792]
[2601,3471,3536,4361]
[2601,4887,4913,33201]
[2601,19575,20026,33930]
[2601,19575,20026,43401]
[2601,27324,27951,41327]
[2602,4538,6807,12282]
[2603,9612,12404,50416]
[2604,34125,34645,47125]
[2605,3973,4123,5480]
[2607,3633,3763,5037]
[2607,4309,4907,17557]
[2608,6752,7002,12017]
[2613,7285,9525,16263]
[2616,4104,4360,12025]
[2618,2710,4550,5593]
[2618,3077,5792,7208]
[2618,5278,6171,12441]
[2618,5777,6992,7208]
[2619,7995,8475,9581]
[2623,24701,33952,50748]
[2625,2664,2665,2775]
[2625,3335,3425,8033]
[2625,3978,5185,6175]
[2625,7566,10185,14455]
[2625,12467,12915,22605]
[2625,14025,14399,19250]
[2627,3133,3139,4309]
[2627,3133,4097,6253]
[2628,15600,23725,32028]
[2631,3219,3256,3508]
[2631,3321,4305,8560]
[2632,4576,4774,7007]
[2635,4300,6800,22208]
[2637,4173,5577,26077]
[2639,3939,4836,9528]
[2639,4620,9425,17255]
[2640,2772,2775,2860]
[2640,3444,3485,4756]
[2640,17760,19450,23307]
[2643,5607,6167,10857]
[2644,2779,4627,21413]
[2649,6919,7641,30384]
[2650,3146,3445,4250]
[2650,4071,4455,10335]
[2650,14035,42506,64090]
[2651,5269,5776,6644]
[2652,2848,6052,8177]
[2652,3213,3332,4368]
[2652,3268,6783,8892]
[2652,5168,6783,8892]
[2652,6327,6448,12580]
[2652,21120,22620,25925]
[2655,16068,16700,60720]
[2656,8368,8793,9618]
[2660,6035,7840,10948]
[2660,18625,18656,50660]
[2664,4959,5568,6808]
[2665,3625,3627,17835]
[2665,3655,7175,32249]
[2665,5321,5371,5915]
[2665,5525,8165,9061]
[2665,10387,13650,48790]
[2668,2993,3212,3248]
[2668,7475,7540,11500]
[2669,3219,3451,7474]
[2669,3219,7474,15386]
[2669,7597,10075,12640]
[2675,12019,18281,19415]
[2679,2914,3008,4048]
[2679,3971,4048,9196]
[2682,3702,4042,4917]
[2682,3807,3816,4768]
[2682,7293,8448,13112]
[2684,5353,6528,27772]
[2691,4539,7752,8957]
[2691,20709,21476,30444]
[2694,3514,3654,9429]
[2696,7104,7106,12469]
[2696,7104,12469,16906]
[2697,3243,3621,4699]
[2697,3348,3596,4884]
[2697,4464,7936,14464]
[2697,6148,12644,19504]
[2697,10978,11223,11823]
[2698,7598,8027,18323]
[2700,6960,7540,7743]
[2701,3367,7742,16058]
[2701,12851,13394,18469]
[2703,2925,3550,4290]
[2703,11817,16393,16932]
[2704,39975,47871,58305]
[2712,3488,3496,8249]
[2715,5075,5250,8379]
[2715,7460,7525,16109]
[2716,9520,9605,9700]
[2717,2834,3458,4142]
[2717,2967,3102,12342]
[2717,3133,3458,4579]
[2717,5383,5662,29222]
[2717,6650,9880,21440]
[2717,10025,11635,26867]
[2723,3737,4668,13332]
[2725,2907,2943,6885]
[2725,4573,16677,59685]
[2725,35940,36421,45349]
[2727,6375,12625,17850]
[2727,7686,7777,42273]
[2728,3068,3103,4853]
[2728,3772,4149,6697]
[2736,8364,8989,14617]
[2737,2850,2888,25840]
[2737,3588,3808,4508]
[2737,3588,3887,7345]
[2737,3729,11187,18579]
[2737,4303,4361,27104]
[2737,5887,7567,19343]
[2738,4862,8177,9877]
[2738,5762,7463,31487]
[2738,13826,13949,15038]
[2739,3636,4949,28851]
[2739,3981,4429,14271]
[2739,34221,34529,44511]
[2740,5125,5740,22912]
[2747,3553,4142,6498]
[2747,4403,4429,10547]
[2747,6747,15743,30463]
[2747,7252,7696,9676]
[2747,16783,42622,56658]
[2750,7790,8569,10450]
[2751,4351,4485,12801]
[2754,3798,4123,17877]
[2755,3005,3245,4207]
[2755,4925,4995,17139]
[2755,10115,10621,16473]
[2756,3024,6237,9828]
[2756,3211,3971,10621]
[2756,3381,3516,3744]
[2756,3400,3445,3485]
[2756,3444,3445,3485]
[2756,5187,6237,14469]
[2756,5248,5915,9020]
[2756,8944,8957,25281]
[2756,8944,9116,10621]
[2756,8944,13156,25281]
[2758,9625,12705,54175]
[2759,3975,4005,16059]
[2759,7225,8959,24025]
[2763,18317,25362,37638]
[2765,21805,24332,35629]
[2768,4756,4844,34481]
[2768,7697,14393,23303]
[2768,10336,11764,14039]
[2769,3350,3495,5031]
[2770,3026,3230,3601]
[2771,3354,4437,5421]
[2772,4680,4797,6253]
[2772,6240,6253,6828]
[2774,3211,3306,4394]
[2774,3890,4015,15949]
[2774,6851,7446,20774]
[2774,17719,18031,23351]
[2775,3465,4125,4477]
[2775,6409,8541,48285]
[2775,6685,6771,10125]
[2775,10017,10360,11508]
[2775,11095,11097,13869]
[2775,11095,13869,35187]
[2775,11607,14045,15257]
[2779,3425,4110,7146]
[2779,4921,5161,7511]
[2782,9118,9373,11362]
[2784,3096,3145,11310]
[2784,3404,3540,16095]
[2784,7800,7825,8584]
[2784,7800,7825,11310]
[2784,7800,7825,20280]
[2786,7774,7906,17069]
[2788,3152,3196,3349]
[2788,4592,4879,19684]
[2792,4849,6617,7833]
[2793,7525,8370,12330]
[2793,7735,10985,11543]
[2795,3925,4167,6123]
[2795,6764,7061,13795]
[2795,32900,34000,34684]
[2796,3420,3795,5825]
[2800,4004,4420,11375]
[2800,8148,8245,19700]
[2801,12643,15968,37932]
[2804,4736,4884,6309]
[2805,5750,5814,17850]
[2806,25994,32131,51290]
[2807,7775,8020,12193]
[2808,2907,2912,5112]
[2808,11883,31688,37128]
[2811,5814,6936,7496]
[2813,3765,4662,7275]
[2813,9563,14162,30038]
[2817,3111,3130,5610]
[2821,3380,5100,12496]
[2824,6401,7785,11649]
[2825,4305,4375,6328]
[2825,5295,5750,14473]
[2825,6283,6758,9342]
[2825,7921,9790,16279]
[2825,16055,16159,17825]
[2828,12308,13804,21539]
[2829,9407,11043,48093]
[2830,4251,4275,13299]
[2831,2929,3419,4321]
[2831,3325,4081,16625]
[2831,6479,8151,15774]
[2831,21199,23691,25259]
[2835,12042,19642,20790]
[2839,7511,15979,19499]
[2842,3094,3306,7917]
[2845,5085,5121,7263]
[2845,7025,9104,14612]
[2847,3103,3393,4818]
[2847,3672,3808,7592]
[2847,3731,3744,27756]
[2847,6228,14892,21452]
[2847,9503,11169,14703]
[2847,9953,10491,13797]
[2847,11517,11568,13132]
[2848,3068,3204,7761]
[2848,6720,7448,15575]
[2849,3289,3367,4697]
[2849,8281,9633,30303]
[2849,9471,10395,11685]
[2849,38775,39201,54945]
[2850,4059,4066,7790]
[2850,4883,5358,7710]
[2856,2912,2920,2975]
[2856,3280,3281,6970]
[2857,29975,31465,38915]
[2858,3145,3383,7145]
[2858,11142,12267,25722]
[2862,15651,15688,42624]
[2863,4175,4235,14315]
[2867,9783,10381,12083]
[2869,4299,4619,42631]
[2870,7595,8200,25256]
[2871,8721,8874,11849]
[2871,14575,15620,30740]
[2873,3287,3368,4732]
[2873,4575,5785,11050]
[2873,5127,5177,18421]
[2873,5177,5863,7592]
[2873,5191,5252,5423]
[2873,5191,6409,7291]
[2873,14599,16327,29627]
[2873,35165,39098,54002]
[2875,5117,5530,8925]
[2875,5612,6900,9760]
[2875,9595,9625,15943]
[2875,10309,11285,47125]
[2877,20951,21399,44649]
[2877,28080,28227,30277]
[2880,3560,4743,5400]
[2880,5304,5525,7950]
[2880,14436,15620,30075]
[2881,8614,9888,44208]
[2882,3782,6527,11163]
[2884,3120,4005,6084]
[2884,11152,15827,19516]
[2886,4611,7579,13949]
[2886,9266,12423,12987]
[2888,7712,8435,12737]
[2889,3575,3645,21411]
[2890,3830,3914,6371]
[2890,7370,8602,20383]
[2893,3757,4653,6358]
[2895,17195,17286,35850]
[2898,3222,3663,7387]
[2900,3029,3040,4660]
[2900,3220,3341,3625]
[2900,4664,5035,5945]
[2900,6239,6345,28105]
[2900,9272,12145,39875]
[2900,36300,36801,43860]
[2907,3120,3757,5307]
[2907,3939,3982,7293]
[2907,12675,12818,44157]
[2907,12675,17670,20995]
[2910,3915,3950,4002]
[2910,3915,5800,6528]
[2910,8775,19400,24024]
[2911,6175,6215,8240]
[2911,9211,9269,16309]
[2911,12669,15457,27553]
[2912,5000,5005,12250]
[2915,5597,11165,14575]
[2919,8015,8244,10500]
[2919,17433,17731,19383]
[2920,3312,3330,5913]
[2920,5720,5729,7592]
[2921,8211,18297,41607]
[2923,3325,3330,3435]
[2923,6527,7163,11387]
[2925,3180,4368,9844]
[2925,3339,3445,4875]
[2925,3795,4875,7157]
[2925,3948,3952,12480]
[2925,4347,4365,13325]
[2925,4521,4740,5480]
[2925,5032,5480,9568]
[2926,6174,6319,7021]
[2928,3848,4662,7137]
[2928,5256,5353,8906]
[2928,7488,8976,10309]
[2928,34464,35689,56364]
[2929,4879,4949,19691]
[2929,5321,7076,22624]
[2929,5954,5959,6641]
[2929,7375,7729,10325]
[2929,9169,10325,14645]
[2934,3186,3441,6059]
[2935,4862,10738,18190]
[2937,3825,4505,5785]
[2938,3838,3939,4181]
[2938,10390,10735,11713]
[2940,7497,7503,9065]
[2941,5564,6052,7612]
[2941,8323,8477,9541]
[2941,8611,10207,20383]
[2941,20299,20434,23701]
[2942,12138,13987,15317]
[2943,3441,3784,16132]
[2945,3295,3296,5375]
[2945,18125,19500,61812]
[2948,3487,4448,5888]
[2948,4719,4752,5244]
[2953,6693,8859,11931]
[2955,4437,5713,36975]
[2958,6558,7651,9367]
[2958,18778,27347,29083]
[2959,4466,5649,15631]
[2960,3900,3996,4983]
[2960,3900,9540,13161]
[2964,17385,19760,41236]
[2967,5775,5992,10500]
[2968,5267,10712,16488]
[2968,12992,13019,13144]
[2969,6364,11396,47504]
[2975,3135,3213,3885]
[2975,6845,11322,15250]
[2975,8932,15457,25375]
[2975,9790,9968,19040]
[2975,11830,13832,17000]
[2975,19619,21590,42650]
[2976,5396,5649,6771]
[2977,3071,3073,5954]
[2977,6059,7073,15841]
[2977,7252,7328,7632]
[2980,7280,7469,8183]
[2983,3225,3375,4710]
[2983,7267,7472,16328]
[2983,13566,14841,18183]
[2987,3250,3712,6760]
[2987,3367,3737,6617]
[2989,5236,5516,6256]
[2990,3970,7479,15483]
[2992,5044,5083,6356]
[2992,7700,8500,12155]
[2993,3399,4182,11826]
[2993,4982,5002,7738]
[2993,5253,7089,21681]
[2993,11911,13136,39057]
[2993,17917,26289,31119]
[2996,4375,4400,5740]
[2997,3723,4747,8777]
[2998,4454,4571,6479]
[3000,3392,4050,5883]
[3000,4176,4350,6025]
[3000,8687,14600,40120]
[3000,8880,9250,15769]
[3000,9699,9760,14600]
[3002,3838,3857,8043]
[3003,3300,3315,3355]
[3003,4046,4947,5229]
[3003,4293,4823,6027]
[3005,22895,25300,34344]
[3006,3250,4375,12610]
[3007,5183,5911,7081]
[3007,5365,6032,9700]
[3007,6020,6032,9700]
[3007,7847,8048,12052]
[3009,6084,7383,11713]
[3013,3266,3634,6734]
[3013,5957,6734,41699]
[3013,11063,11362,17654]
[3014,10675,10736,11000]
[3016,3520,3575,4466]
[3016,15616,16211,25864]
[3017,4887,4939,5771]
[3021,4123,4452,8379]
[3021,7245,9275,33229]
[3025,8569,8856,10065]
[3025,8569,8856,45100]
[3025,10065,10431,10725]
[3026,3526,3649,5549]
[3026,3526,3649,14135]
[3026,3806,3819,4599]
[3026,5875,5899,7565]
[3026,12850,13795,14135]
[3027,3693,3749,11099]
[3029,5675,7579,12815]
[3034,3230,3895,8075]
[3034,3434,3441,4182]
[3034,3434,4141,7766]
[3034,5050,7585,8075]
[3034,5491,5494,8806]
[3034,5491,6283,9909]
[3034,5491,6283,30923]
[3034,5491,9909,30923]
[3034,6409,6929,7511]
[3034,15130,15334,15725]
[3035,3685,4407,5925]
[3036,5809,7548,13188]
[3036,5809,7548,30672]
[3042,3933,4472,15912]
[3042,4617,4847,14703]
[3042,12702,14703,20878]
[3044,3248,3556,5327]
[3044,5335,8119,19025]
[3044,7904,9893,11748]
[3044,7904,9893,13412]
[3045,3510,4147,5325]
[3045,4005,4361,6825]
[3045,4891,5475,9309]
[3045,20825,23625,25143]
[3047,3185,3375,8310]
[3047,4961,4986,12903]
[3050,5005,6630,9494]
[3050,11770,14906,48251]
[3050,12761,26840,50240]
[3050,19630,34255,47519]
[3051,4437,4495,17835]
[3052,4697,5612,6412]
[3053,6572,12403,19475]
[3055,4100,4736,6500]
[3055,8015,8384,32657]
[3056,6304,7474,15549]
[3059,3475,3745,7105]
[3059,3961,6524,12376]
[3059,8909,8911,11571]
[3059,11661,12376,14651]
[3060,3552,3700,4875]
[3060,5908,5967,24300]
[3060,6357,6868,7440]
[3063,3657,4343,7437]
[3063,5967,6188,14217]
[3066,7146,7543,7738]
[3069,17050,19530,22950]
[3070,3745,3775,21793]
[3074,6474,8905,45149]
[3074,12051,18067,25493]
[3074,13019,14734,16066]
[3074,13019,19981,31301]
[3075,4163,5187,8145]
[3075,4867,5133,7065]
[3075,7261,7380,19875]
[3076,4880,5124,11725]
[3077,3419,3440,7675]
[3077,4788,5068,7532]
[3077,5075,32480,43148]
[3077,5365,9050,34510]
[3077,11407,18239,40001]
[3078,21195,28728,60800]
[3081,4500,7540,8800]
[3084,5856,5911,7564]
[3088,3732,3801,20844]
[3091,4389,4851,5901]
[3091,12141,12645,13716]
[3094,4646,5151,9399]
[3094,7410,8925,12285]
[3094,11194,14703,23069]
[3096,3393,3496,5568]
[3097,3933,4472,6308]
[3098,5078,5738,20137]
[3100,13455,13468,14000]
[3102,4194,5781,21902]
[3103,5656,9344,16472]
[3104,3840,4785,7200]
[3104,4176,5301,9396]
[3104,6464,6479,9964]
[3105,5085,5198,10350]
[3108,14847,16576,20604]
[3108,16380,16575,19292]
[3109,5018,6218,7334]
[3111,6777,8364,9352]
[3111,10287,14289,26962]
[3112,16800,16830,20163]
[3112,34112,39208,51737]
[3114,12903,14047,27489]
[3115,5205,5777,8549]
[3120,3132,3495,3757]
[3120,3340,3348,3549]
[3120,5020,5031,5628]
[3120,17400,18850,32523]
[3123,6061,8177,42673]
[3127,5252,5353,10127]
[3127,5252,5577,7241]
[3127,5252,6148,6848]
[3127,5252,7241,48177]
[3127,5252,12928,15132]
[3128,3397,4984,7072]
[3128,8175,8753,9265]
[3129,5796,6396,22052]
[3133,3293,3367,5543]
[3133,8670,12050,27170]
[3135,6721,11115,14421]
[3135,6875,7125,14421]
[3140,19975,20096,43100]
[3141,29125,29710,51875]
[3145,3875,4958,9350]
[3145,4450,4625,6319]
[3145,9350,9361,15895]
[3145,10185,11475,14841]
[3146,5467,5642,7546]
[3148,9065,11248,27060]
[3149,18425,18755,25795]
[3150,3926,4455,5499]
[3150,8127,8680,9648]
[3151,3569,3599,6931]
[3151,4025,7535,11500]
[3151,4089,4956,7569]
[3152,4300,4925,7252]
[3152,5668,7957,8668]
[3152,9652,9653,11732]
[3157,4340,6160,14432]
[3157,6216,7616,10168]
[3159,9879,15659,22379]
[3161,4959,6786,10791]
[3161,6681,7194,7569]
[3161,38311,39611,62361]
[3164,6944,14012,22847]
[3166,13858,15041,29234]
[3168,5568,5668,10057]
[3168,5568,10057,11832]
[3168,5568,10057,15650]
[3168,13368,16153,17608]
[3169,3266,3458,6338]
[3171,3361,3363,10083]
[3171,4879,5229,8979]
[3172,4977,5148,26352]
[3173,4515,7398,7485]
[3177,13797,16425,19415]
[3179,4030,5525,10621]
[3179,4075,4335,5285]
[3179,4664,6307,7733]
[3179,5060,5440,12496]
[3179,5375,14450,16646]
[3179,5525,10115,10621]
[3179,7139,7984,12716]
[3179,9379,10115,10621]
[3179,12629,12971,14807]
[3179,15301,15317,17963]
[3180,5775,5777,14225]
[3180,5985,6000,6784]
[3180,7005,10400,44308]
[3180,7327,7820,64448]
[3182,5607,8082,14418]
[3183,6375,6450,6545]
[3185,4326,4935,6201]
[3185,4465,5225,14801]
[3186,3825,3870,8050]
[3188,11092,11109,25389]
[3190,4515,4731,6525]
[3192,4508,4743,8127]
[3193,5607,5643,34443]
[3197,12125,16975,38575]
[3198,4438,4521,7011]
[3198,10634,14391,20859]
[3199,6783,20349,26049]
[3201,11385,11865,29876]
[3201,27225,33465,52250]
[3204,4692,7429,22517]
[3205,4635,4887,5769]
[3206,4175,4230,6870]
[3211,3827,3861,7189]
[3211,5609,10414,19234]
[3211,8075,8645,18655]
[3212,6000,9125,10900]
[3212,9100,9125,10900]
[3216,13632,14934,16159]
[3218,4582,4827,6027]
[3218,4582,4827,21987]
[3218,4582,6027,21987]
[3219,3396,3408,4292]
[3219,5013,5069,18381]
[3219,5151,5406,7474]
[3219,5151,7474,54026]
[3219,5244,10212,21344]
[3219,6675,6845,11481]
[3219,9325,11745,12765]
[3219,21006,21344,31088]
[3221,4171,6030,9579]
[3225,3925,3995,8549]
[3225,10817,11190,25095]
[3225,26651,29900,59776]
[3230,4446,5355,12825]
[3232,4888,5555,19240]
[3233,3553,3843,6307]
[3233,4031,4717,6931]
[3234,9198,9709,10123]
[3237,4187,4263,6201]
[3239,11611,12556,16616]
[3239,28891,35239,47641]
[3241,3479,3483,3927]
[3241,3599,3604,3721]
[3241,6641,7049,12824]
[3243,4193,4257,8289]
[3243,7632,7709,12707]
[3245,5365,7326,9075]
[3246,4321,4328,13904]
[3247,5447,7847,14425]
[3248,4032,4158,4617]
[3248,4032,4617,7308]
[3248,5068,5133,13717]
[3249,6061,6952,19228]
[3249,9918,9976,13224]
[3250,3598,3627,3855]
[3250,3710,3975,4671]
[3250,3710,4823,5950]
[3250,4202,4225,4823]
[3250,5642,6125,7735]
[3250,6407,7943,18625]
[3255,7625,11144,30625]
[3262,5846,6321,9779]
[3263,7708,7748,11152]
[3263,12137,12649,14313]
[3264,3600,3625,4080]
[3264,7565,8811,11475]
[3264,9464,16731,25194]
[3268,3808,4113,54813]
[3273,12002,14647,26807]
[3276,4935,7700,15600]
[3276,24451,30996,43056]
[3277,3977,4237,13363]
[3277,3977,4633,6887]
[3277,6643,6667,10933]
[3277,19513,19888,21112]
[3278,3418,3427,5127]
[3279,3441,3448,3657]
[3280,5152,5698,7973]
[3280,5152,7973,28700]
[3280,5460,7124,13325]
[3281,5143,10057,14282]
[3282,8418,9211,11746]
[3283,7567,7571,26733]
[3285,4305,5125,6789]
[3285,4611,4650,5035]
[3285,4611,5035,23214]
[3287,4556,4656,4844]
[3287,6325,12265,47575]
[3288,3537,4384,7912]
[3289,5159,5499,8151]
[3289,6439,7015,12489]
[3289,7081,19418,42098]
[3289,13351,13481,15931]
[3289,14575,22000,44785]
[3291,6875,7685,15875]
[3293,3357,3367,4103]
[3293,6625,6675,7955]
[3293,6625,7585,12193]
[3293,11997,15525,28035]
[3293,13013,13024,24596]
[3294,11331,20496,56584]
[3295,4625,4626,7750]
[3296,5375,8471,54825]
[3300,5863,5945,10175]
[3300,7776,8149,11620]
[3300,12064,12325,54500]
[3305,6919,7225,13881]
[3305,29364,33711,36945]
[3309,11571,27071,33441]
[3311,3961,4369,5359]
[3311,4879,5203,9933]
[3312,3900,3913,5115]
[3313,18447,30221,58879]
[3315,4462,4563,6987]
[3315,20720,20757,26325]
[3317,24087,28427,49973]
[3320,17675,19307,23659]
[3322,5050,5995,11770]
[3322,5918,8127,12573]
[3325,3416,3520,7784]
[3325,3604,4596,9680]
[3325,6403,7315,11795]
[3325,13423,15155,24115]
[3325,22685,25935,46417]
[3325,23161,28861,48125]
[3330,13923,15045,32227]
[3332,4368,4732,40885]
[3333,56610,59792,62200]
[3335,4025,4669,13475]
[3335,4335,10353,10710]
[3335,7052,7585,8327]
[3335,8690,9625,15609]
[3335,21900,22656,44460]
[3337,7553,7826,40586]
[3339,3861,4081,9009]
[3339,4626,5397,6307]
[3339,9894,10379,20829]
[3341,6641,6751,17119]
[3341,6641,7453,12259]
[3341,6925,9141,11565]
[3341,16261,25957,27547]
[3346,11581,22274,30674]
[3348,7632,8533,13108]
[3349,3416,3496,6304]
[3349,5429,5439,8289]
[3350,3706,3875,3910]
[3350,3706,3875,9265]
[3355,6109,7216,7645]
[3355,12325,14355,34221]
[3358,4958,5217,16354]
[3360,12495,13024,30464]
[3361,19311,20664,40332]
[3362,3775,3895,5663]
[3363,13563,14213,19205]
[3364,4525,7085,57739]
[3366,3741,3984,6728]
[3367,3599,3626,5551]
[3367,3815,6475,19175]
[3367,5473,5894,8281]
[3367,5543,5551,8281]
[3367,5543,5611,6731]
[3367,5593,6279,12321]
[3367,9383,11942,59311]
[3367,23975,26455,35483]
[3368,4192,4213,9262]
[3370,8375,13478,19750]
[3372,22032,27948,37373]
[3375,4305,8177,15375]
[3375,4785,5075,6707]
[3375,4836,6400,15036]
[3375,5235,5584,5700]
[3375,5295,6707,7455]
[3376,5084,5225,13685]
[3377,12463,12752,31537]
[3379,4712,6104,19096]
[3379,9805,19075,28305]
[3379,10571,19096,28028]
[3380,7524,11245,44005]
[3381,10948,16835,27715]
[3382,5202,5267,13583]
[3383,3977,4559,4879]
[3383,26103,41019,49929]
[3384,3441,3552,3784]
[3384,9984,11739,12296]
[3384,15656,21897,33642]
[3388,9163,9328,10948]
[3390,5425,13950,63054]
[3390,8325,8360,10064]
[3390,23725,24747,34515]
[3392,6108,6308,8533]
[3392,7280,11492,54325]
[3393,4818,4872,7592]
[3393,11907,11919,19343]
[3393,13029,14443,38379]
[3393,14145,15457,16575]
[3395,3485,3567,3825]
[3395,3625,5075,7469]
[3395,24455,40061,63875]
[3396,4033,4292,4796]
[3400,3444,3445,3485]
[3400,4160,4250,5249]
[3400,4160,5249,8840]
[3400,10208,10285,13750]
[3402,13923,16762,33462]
[3403,5375,6747,15525]
[3406,21091,23842,47138]
[3408,33592,45543,57798]
[3411,3969,4031,19839]
[3414,4961,5121,7521]
[3416,3424,3473,3538]
[3416,3604,3965,4505]
[3416,3900,3965,4505]
[3416,5684,6061,18879]
[3416,10416,11346,18879]
[3417,4633,6273,12543]
[3417,6300,7167,20345]
[3417,8793,9163,53737]
[3417,8892,13988,21828]
[3420,4400,4455,11484]
[3420,9860,11484,21627]
[3420,27027,27300,28420]
[3423,3969,3973,4123]
[3425,4023,18625,20002]
[3425,9805,10138,16430]
[3425,18615,18625,20002]
[3427,3625,3725,13427]
[3427,4025,4048,5000]
[3429,8091,8763,40132]
[3431,7801,14525,39005]
[3432,12376,12410,14365]
[3432,17568,19032,24457]
[3434,4134,4182,7137]
[3434,4225,8480,22984]
[3434,4266,4522,8959]
[3434,6745,6800,12120]
[3435,8811,8850,9389]
[3441,13199,13542,33687]
[3441,13199,13542,52503]
[3443,4082,4382,5966]
[3443,5941,5966,6643]
[3443,24395,25075,26918]
[3444,4200,4305,18245]
[3445,4250,5525,6307]
[3445,7625,9275,10309]
[3447,11427,13363,28237]
[3451,4018,4130,11890]
[3451,6149,7569,8619]
[3456,4200,4825,6630]
[3465,4068,6300,7168]
[3465,5180,5513,7511]
[3465,11880,14112,15400]
[3465,12789,14036,46200]
[3471,4636,5616,41916]
[3471,5307,5429,7221]
[3471,7596,7904,10324]
[3471,8651,9983,42113]
[3472,4655,4720,4928]
[3474,5082,5551,9457]
[3477,10803,11398,25678]
[3481,8850,10370,13570]
[3482,8938,12187,21482]
[3483,4473,4503,5353]
[3484,4625,4784,5180]
[3484,5075,5165,18125]
[3485,3730,4675,6341]
[3485,4250,5125,13243]
[3485,48035,48739,53975]
[3487,8723,9263,11473]
[3487,9548,13024,21556]
[3487,47263,47377,48763]
[3488,4072,4142,4433]
[3490,7598,8027,8990]
[3491,18349,18954,23154]
[3492,7155,7275,8533]
[3493,4411,4582,9307]
[3495,5525,5750,6058]
[3496,5359,7456,16744]
[3496,5700,6305,10355]
[3496,6279,6305,8671]
[3497,6115,10222,12490]
[3498,5175,5777,11625]
[3500,5304,5525,24625]
[3501,7224,8544,24896]
[3501,9381,12837,15268]
[3501,24885,27251,61299]
[3502,5338,5491,16271]
[3504,7904,8541,18684]
[3504,9360,10804,14235]
[3514,3649,4361,6601]
[3514,4351,4361,6601]
[3515,4389,5439,5985]
[3515,4450,5550,8366]
[3515,4675,4750,23902]
[3519,4223,6273,11619]
[3525,5253,5405,9870]
[3526,4394,4901,7519]
[3530,11090,11111,13277]
[3531,3944,4611,5301]
[3535,14065,15631,17675]
[3535,20500,22304,36340]
[3536,3864,3906,4641]
[3536,4240,5300,14365]
[3536,4664,6851,9646]
[3536,6929,7216,10816]
[3538,5562,5887,6931]
[3542,3933,4477,7843]
[3543,16191,20791,51657]
[3549,3857,4032,4524]
[3549,3875,4275,9165]
[3549,4041,4173,5837]
[3549,4046,4386,4914]
[3549,4176,5712,5824]
[3549,4260,4576,16900]
[3549,4551,4921,6279]
[3549,5412,5712,5824]
[3549,5476,6084,19536]
[3549,6076,6084,8736]
[3549,10150,12810,33930]
[3550,10282,10865,12125]
[3551,16095,16851,17649]
[3551,29281,35091,51359]
[3552,4680,4875,5402]
[3552,14892,16428,21097]
[3553,3625,5440,7105]
[3553,4147,4301,19981]
[3553,4403,4433,5423]
[3553,5117,5168,19532]
[3557,5123,6644,8611]
[3557,10363,10604,17381]
[3560,7000,7448,15575]
[3560,8320,8321,9256]
[3563,6613,6617,14393]
[3563,8295,9162,9450]
[3564,5328,5445,8140]
[3565,7705,7843,27869]
[3567,3825,4625,17425]
[3567,4142,4263,5103]
[3567,11567,15599,30733]
[3567,14942,15183,32103]
[3570,5151,5474,7070]
[3572,8531,9728,19756]
[3572,14732,15197,16268]
[3573,8565,9925,16827]
[3575,5115,5175,5577]
[3575,6039,6435,21411]
[3575,9196,9200,48620]
[3575,9412,20188,57040]
[3575,28341,29250,43470]
[3576,12013,12024,42912]
[3580,16775,24289,25823]
[3584,14616,19314,27621]
[3585,4103,4825,7460]
[3588,6136,11661,53889]
[3588,6612,6613,6855]
[3588,6800,9860,27625]
[3588,9724,9860,27625]
[3588,14500,15012,16965]
[3589,5474,7469,10619]
[3591,4551,4879,15729]
[3596,12704,13804,17071]
[3597,4403,4773,16677]
[3597,9122,9483,13683]
[3597,10703,12831,63903]
[3599,5201,5379,10819]
[3599,15751,18544,63004]
[3600,4305,4592,33600]
[3600,4305,5104,7680]
[3600,6396,8405,11100]
[3601,6355,11726,12250]
[3601,9775,9776,13975]
[3601,10153,10249,10478]
[3601,10153,10249,11522]
[3601,10153,10478,11522]
[3604,3900,3965,4505]
[3604,4369,4624,4876]
[3604,5200,5805,13260]
[3604,47209,49396,53584]
[3605,3900,4000,4316]
[3608,5408,5863,14872]
[3608,15004,15521,28471]
[3609,4071,4623,9223]
[3611,9578,15386,24278]
[3611,19564,30144,43216]
[3611,22875,28575,48411]
[3615,4770,5673,6625]
[3616,4592,6017,9266]
[3617,4321,8671,10579]
[3619,5291,5642,5698]
[3619,14399,14476,21244]
[3619,15886,16562,51982]
[3620,4453,4572,4880]
[3621,3771,3775,4321]
[3625,4097,4930,5985]
[3625,4535,5750,10153]
[3625,4747,5000,7420]
[3625,5033,5625,6955]
[3625,5335,7469,7975]
[3625,6545,6902,14455]
[3625,7081,7469,8525]
[3625,7081,7469,10585]
[3625,7081,8525,10585]
[3625,9295,10153,15950]
[3625,17914,21489,51255]
[3627,12557,53692,64883]
[3627,25899,45123,51701]
[3634,15770,16309,16991]
[3636,4575,5200,10164]
[3637,14219,15181,16994]
[3639,9399,15769,19481]
[3640,7140,7735,16133]
[3640,13080,19075,62699]
[3641,5251,5734,8126]
[3647,5439,5670,7815]
[3649,4351,4361,6601]
[3649,4559,4879,7921]
[3649,5495,5599,7120]
[3649,5549,8323,16643]
[3649,8321,9345,9635]
[3650,13510,14089,18203]
[3653,5125,5135,7025]
[3653,5957,6391,10101]
[3653,10907,17407,23903]
[3654,4250,4995,8415]
[3654,5061,6061,13029]
[3654,7866,8113,16758]
[3657,4588,4876,15824]
[3657,4625,5175,15318]
[3658,5369,5642,25606]
[3658,7002,7578,10503]
[3660,3905,4500,5088]
[3663,6438,6512,7656]
[3663,6939,7786,23214]
[3663,8619,8769,11713]
[3663,9273,10582,62382]
[3667,4250,4525,16405]
[3667,7373,7511,14089]
[3667,16133,16672,17563]
[3669,34293,42581,49056]
[3672,3744,3770,3825]
[3672,22900,23355,55647]
[3675,3878,4155,20685]
[3675,5698,7245,13875]
[3675,6678,8480,15960]
[3675,6821,9021,13179]
[3681,16031,18819,62577]
[3683,6437,8323,54398]
[3683,7293,12879,57681]
[3683,14365,15283,20033]
[3685,4375,7250,15566]
[3685,4635,4675,5566]
[3686,7654,7809,15466]
[3686,11914,12838,25123]
[3689,6603,6789,7803]
[3689,8407,10089,13211]
[3689,10013,10089,30039]
[3696,6496,6699,12276]
[3697,22287,25787,48287]
[3699,6003,7395,14935]
[3699,7917,8176,11508]
[3699,9588,10412,11424]
[3699,12204,13108,19008]
[3699,12876,13108,20276]
[3699,12876,13108,27724]
[3700,5104,5365,13940]
[3700,9152,9460,15873]
[3700,9495,14256,30636]
[3704,5008,5321,15617]
[3705,3960,4216,4800]
[3705,4104,5529,12025]
[3705,13575,19193,35295]
[3705,17919,21281,35295]
[3706,4070,5555,6919]
[3707,9768,13317,29733]
[3710,8806,8925,14319]
[3712,5332,5921,10571]
[3712,6396,8671,38012]
[3718,14518,15067,16458]
[3723,5473,5572,6848]
[3723,8398,9928,14768]
[3723,22100,24125,45373]
[3725,5459,7155,8940]
[3725,6195,7599,8625]
[3725,6767,7105,18625]
[3725,8307,10485,15093]
[3725,10050,10485,15093]
[3726,9042,9217,16851]
[3729,4275,4396,12400]
[3729,4796,4807,5777]
[3730,9646,11154,19071]
[3731,4325,4844,5915]
[3731,5075,5125,8645]
[3731,5075,5125,13694]
[3731,5075,5655,6765]
[3731,5075,5655,24969]
[3731,5491,9212,22253]
[3731,6125,8125,14105]
[3731,10023,27756,32448]
[3731,26061,41769,65481]
[3737,4199,4551,5151]
[3737,7463,8177,15352]
[3740,7280,7293,29700]
[3741,5275,5334,6525]
[3741,8886,24349,42949]
[3744,4488,4719,7106]
[3744,5060,6300,16065]
[3745,5143,5550,6495]
[3745,10038,12150,13062]
[3749,5611,5660,15020]
[3750,8535,10250,13578]
[3751,5159,6479,12121]
[3751,9911,10249,14839]
[3757,3857,3887,5423]
[3757,4118,4147,5933]
[3757,4403,4641,5439]
[3762,5858,6363,6642]
[3763,8040,11925,36915]
[3770,21025,25623,53911]
[3774,7358,7701,8658]
[3774,13817,13826,49358]
[3774,16974,17986,34891]
[3775,4695,5025,5634]
[3775,6466,6834,9266]
[3777,10503,15544,26841]
[3778,13018,13029,22269]
[3780,4059,4141,4155]
[3780,4059,4900,6384]
[3781,24871,26901,40299]
[3782,10498,11041,32699]
[3786,21386,30666,37281]
[3787,12166,13370,27050]
[3792,5404,6300,20265]
[3792,7275,7760,9600]
[3796,4709,7756,19856]
[3796,8304,8601,20241]
[3796,14096,16739,24236]
[3800,3904,4760,11825]
[3800,7315,7448,11200]
[3800,13984,15295,23000]
[3801,5671,5967,7353]
[3804,4896,5389,14756]
[3806,12529,15224,25024]
[3807,5643,5985,21793]
[3808,4060,5775,6308]
[3808,4292,4508,5117]
[3808,4292,5117,7511]
[3808,4380,6300,6783]
[3808,5124,5185,8540]
[3808,13708,14161,16492]
[3808,20264,23989,27608]
[3808,25192,39151,50008]
[3810,6970,7803,9225]
[3813,4329,5863,32487]
[3813,47259,49487,51887]
[3822,4025,4095,4953]
[3822,7585,13975,15703]
[3822,9250,10530,30525]
[3825,4329,4335,4625]
[3825,5010,5250,6226]
[3825,7385,8050,14161]
[3825,19089,28611,29795]
[3827,4264,5248,7336]
[3827,7310,7565,12427]
[3828,5460,7540,10875]
[3828,10725,10875,11803]
[3836,21539,34661,45339]
[3837,13812,14077,30973]
[3838,18942,18963,23058]
[3839,5729,5771,7339]
[3839,11137,11189,12913]
[3841,19941,20808,23184]
[3842,12122,22253,38533]
[3843,5757,5959,6771]
[3843,11613,11935,14975]
[3843,17919,18582,22082]
[3845,9925,10766,11293]
[3848,4800,5070,8325]
[3848,10309,14541,19227]
[3854,22550,24035,38335]
[3855,4625,4626,24975]
[3855,7875,7967,9375]
[3856,15548,28223,47627]
[3857,5073,5607,9177]
[3857,5100,5945,9265]
[3859,8909,10281,23049]
[3859,20909,21679,57939]
[3861,4575,4686,6710]
[3861,5355,5525,5661]
[3861,5355,5525,7605]
[3861,20933,23355,57915]
[3869,3997,4453,5731]
[3871,8954,10426,33274]
[3872,5335,7040,21728]
[3874,7346,8626,47749]
[3875,4029,4046,4675]
[3875,6493,6520,6955]
[3875,6493,7843,14725]
[3875,19345,19375,26257]
[3879,8793,12093,59657]
[3883,5217,5252,6232]
[3885,5894,9990,23850]
[3887,5423,5577,7887]
[3887,13137,13688,53911]
[3893,4577,4619,17611]
[3893,5368,6392,7328]
[3895,5015,5083,5125]
[3895,5015,5083,7259]
[3895,5015,5125,7259]
[3895,5663,9025,17138]
[3895,10175,11020,21793]
[3897,7751,9099,15147]
[3899,10024,11480,17824]
[3900,4199,4225,4505]
[3900,4452,4505,6500]
[3900,14916,17125,29380]
[3903,8466,16728,20816]
[3904,13300,22021,38380]
[3910,7585,8257,17825]
[3912,5188,6557,48433]
[3914,11726,11803,18887]
[3914,12818,18955,20735]
[3920,12180,12325,22127]
[3922,8822,11713,14837]
[3924,6156,6213,10868]
[3925,6813,6965,7570]
[3925,10283,14125,22765]
[3925,21779,22765,27950]
[3927,4777,5049,9273]
[3927,5225,5355,8085]
[3927,6097,6903,10302]
[3927,6825,7625,7735]
[3927,7575,7777,12705]
[3927,12375,14025,26825]
[3927,12716,12852,14784]
[3927,26796,26825,33495]
[3933,7287,9523,12877]
[3933,27132,31388,53312]
[3936,5564,7236,11739]
[3936,10600,10865,13736]
[3937,4225,4255,5020]
[3937,5575,5985,9185]
[3938,5162,5307,22707]
[3938,9229,9262,11438]
[3938,15799,16226,47138]
[3938,19923,22707,30507]
[3939,5311,5889,34239]
[3939,10824,35144,47544]
[3940,10492,10500,12017]
[3942,3975,4150,6042]
[3942,5025,7590,18250]
[3942,7869,8906,14758]
[3944,4592,4669,10906]
[3944,4592,4669,14042]
[3944,4867,5219,18683]
[3950,4510,4514,5125]
[3952,5024,5652,18249]
[3952,5100,5525,6452]
[3952,6352,7543,30628]
[3952,9881,14144,30848]
[3953,6893,7201,11359]
[3955,4120,4307,6925]
[3955,8321,9379,10205]
[3955,20938,25312,38920]
[3956,4369,9401,14649]
[3959,4791,5291,11179]
[3959,6409,6919,13949]
[3960,5236,5335,7085]
[3960,7800,8584,16575]
[3960,14280,16575,24362]
[3961,6489,6524,12376]
[3961,7336,7456,10336]
[3961,11089,12376,58004]
[3965,4505,4823,13481]
[3965,4945,6100,6968]
[3965,5379,5421,5715]
[3965,10455,13338,27450]
[3971,5304,5661,6981]
[3971,15979,16131,17661]
[3973,4477,4932,17168]
[3973,7067,7672,11803]
[3973,12443,13583,16817]
[3975,4066,4770,9390]
[3975,4473,4823,5635]
[3975,4935,5151,6625]
[3975,11271,14615,33235]
[3977,6902,7178,18122]
[3977,10217,11753,13222]
[3977,12887,13184,19849]
[3977,13623,20672,26657]
[3978,4347,5083,12627]
[3978,11895,28730,45750]
[3979,6031,6107,7003]
[3979,59125,59675,64471]
[3983,4879,5121,9471]
[3991,9409,10088,12223]
[3995,9800,11528,16000]
[3999,5301,5681,6479]
[3999,5451,5681,17871]
[4000,4424,7025,25160]
[4000,9984,10080,63375]
[4000,20332,23220,38025]
[4002,5202,5406,5423]
[4002,15041,18798,27234]
[4004,4400,4420,7579]
[4004,4888,5313,13013]
[4004,5775,7975,11375]
[4004,17675,17696,64640]
[4005,4901,6201,34425]
[4005,7980,8000,8544]
[4008,15617,16296,24192]
[4012,4592,5548,8177]
[4015,5250,5913,6225]
[4015,7500,8928,10860]
[4015,8480,8928,20352]
[4015,10679,10860,16425]
[4020,6435,10621,18083]
[4025,4849,5776,6600]
[4025,5765,8071,12985]
[4028,5072,5092,6023]
[4028,5072,5397,7421]
[4028,7581,10269,21147]
[4028,11407,14396,27744]
[4029,29341,31293,54723]
[4030,5915,5966,6578]
[4030,5915,5966,8450]
[4030,24955,25346,35650]
[4031,5697,5795,6785]
[4032,6760,9135,63882]
[4039,4619,4631,13289]
[4039,4655,5425,8655]
[4041,4671,11169,13919]
[4042,4526,4883,6583]
[4043,5429,5725,7595]
[4044,10656,10659,10804]
[4044,13284,13361,15811]
[4046,5359,5593,11417]
[4046,27625,31255,50575]
[4047,4402,4473,7047]
[4047,8303,10863,24282]
[4050,5355,5950,14994]
[4050,5883,9640,12720]
[4050,11169,14994,23506]
[4050,11169,17730,23506]
[4053,6003,6148,18573]
[4053,32046,50622,62146]
[4056,6120,8619,9256]
[4059,6061,8613,12708]
[4059,35931,36309,39319]
[4060,4389,4589,5075]
[4060,5984,6409,8900]
[4060,5984,7315,23716]
[4061,9381,9693,22563]
[4063,5855,5912,6913]
[4066,9101,9390,26030]
[4067,9089,9683,25517]
[4068,5067,6096,10396]
[4069,4082,4382,4706]
[4069,9997,19406,49322]
[4069,23959,24089,30361]
[4071,5499,5876,7696]
[4074,32634,43679,50246]
[4080,9120,9698,13325]
[4080,12508,16092,40545]
[4081,5809,7693,12173]
[4081,10489,22831,23956]
[4081,13244,13376,13664]
[4081,14756,18172,39644]
[4082,5846,6929,7379]
[4082,6071,7154,11618]
[4088,6109,13112,44416]
[4088,11872,11891,12296]
[4088,56608,56648,58377]
[4089,41607,44311,51689]
[4092,5652,5797,45353]
[4095,5859,11284,27900]
[4095,6042,7350,19558]
[4095,8265,8554,13825]
[4097,4543,5543,8153]
[4097,6253,6463,17407]
[4100,4433,4592,6500]
[4100,4480,5145,10332]
[4100,8671,8960,16796]
[4102,4687,5063,9977]
[4102,6698,7347,9943]
[4104,10404,10621,16473]
[4107,6475,13875,18957]
[4107,8125,9250,9515]
[4108,6000,6540,6825]
[4108,6187,6188,8608]
[4108,6817,7072,44912]
[4112,10812,13107,27093]
[4113,6612,6996,7312]
[4113,6612,7312,31188]
[4122,6825,8015,55055]
[4123,4836,6355,9325]
[4123,5887,6251,15979]
[4125,5742,6270,7250]
[4125,6435,6875,8357]
[4125,12931,14625,24705]
[4125,13923,13925,14365]
[4125,15651,18825,24605]
[4131,6474,10166,31866]
[4134,6831,9177,15847]
[4134,10034,20241,26841]
[4137,6825,6895,19625]
[4140,5535,5904,10864]
[4140,12500,12789,31500]
[4141,7766,10504,12464]
[4141,10434,10504,12464]
[4142,5978,6001,6649]
[4144,4956,6549,23364]
[4147,4403,4433,4477]
[4147,4403,4433,5423]
[4147,4403,4477,5423]
[4147,4403,4641,4669]
[4147,4840,5800,14872]
[4147,4840,5800,52160]
[4147,5933,6409,7991]
[4147,31117,31603,45617]
[4148,4960,5673,9300]
[4148,5275,8173,20485]
[4148,21867,27084,49644]
[4149,7317,7383,8567]
[4151,5577,23127,38376]
[4155,13325,13530,16731]
[4158,5355,5808,7480]
[4161,5239,5694,6591]
[4161,5239,5694,20031]
[4161,5239,6591,20031]
[4163,8381,8787,9231]
[4163,10741,11966,29141]
[4163,21038,22082,28462]
[4171,4853,4947,5229]
[4171,5621,5911,7081]
[4171,5621,5911,11189]
[4173,4941,5909,8723]
[4173,8730,13677,14645]
[4175,14151,14415,35535]
[4175,17507,18532,35380]
[4179,10679,10696,15484]
[4180,18544,20119,29469]
[4181,4884,4972,6512]
[4181,5985,5994,6390]
[4181,5985,6390,34110]
[4181,7544,10848,16056]
[4187,5797,5921,9269]
[4187,21853,31291,49979]
[4188,6097,6396,37584]
[4194,6222,7922,13603]
[4195,5885,6463,8927]
[4199,4901,5046,5746]
[4199,4901,5046,8294]
[4199,4901,5083,17051]
[4199,5035,5525,6251]
[4199,6042,6201,9633]
[4199,6061,7106,8294]
[4200,4420,4825,6409]
[4200,5040,5250,6409]
[4200,6720,7000,10441]
[4200,7504,8190,8625]
[4200,8568,8925,10250]
[4200,12936,12950,19825]
[4205,22927,23548,38552]
[4205,24505,24544,37700]
[4207,6227,8414,15974]
[4207,13775,14315,21035]
[4207,13775,14315,31115]
[4207,13775,21035,31115]
[4209,6375,7590,9775]
[4209,9231,9291,11041]
[4209,15341,15921,17871]
[4213,4913,5173,12427]
[4213,6371,8587,9254]
[4213,11563,13013,19844]
[4217,8743,11659,13739]
[4218,5973,8106,8326]
[4223,7898,7944,10152]
[4225,5125,6929,11375]
[4225,5247,5265,7875]
[4225,18239,19435,21045]
[4233,19721,26871,27183]
[4234,7657,7665,11895]
[4240,7488,14365,21412]
[4242,14017,14544,27192]
[4246,4610,5071,6325]
[4248,5612,6943,20957]
[4248,6224,7002,8073]
[4250,4838,5125,5270]
[4250,5249,5430,10150]
[4250,5410,5951,7225]
[4250,12599,19375,24905]
[4250,19210,19775,20774]
[4255,10625,15725,34387]
[4257,6345,6768,8225]
[4263,6363,8729,11687]
[4263,6363,9191,11687]
[4263,8113,9048,15372]
[4263,9177,9345,11225]
[4264,4304,5111,5986]
[4264,7076,8723,15457]
[4267,4553,8007,9657]
[4268,5668,11737,15587]
[4272,10348,11853,41652]
[4275,4947,5335,5865]
[4275,4947,6305,7905]
[4275,5304,5525,8979]
[4275,5460,5525,5811]
[4275,9375,9443,11875]
[4275,24435,25493,40725]
[4278,11362,11439,19251]
[4278,17081,17670,49590]
[4284,4675,5125,6341]
[4284,4920,5125,10455]
[4284,8400,10115,15900]
[4287,15207,15396,15719]
[4288,5072,5913,7178]
[4288,6864,7161,7986]
[4288,6864,7161,11088]
[4288,15312,17028,27753]
[4288,16768,16872,27753]
[4290,6570,6643,7475]
[4292,6112,12673,14948]
[4292,11143,15836,21344]
[4292,11152,11339,12956]
[4292,12608,14012,15563]
[4292,12608,14467,15281]
[4292,12608,15281,34916]
[4292,17808,20097,27972]
[4300,13029,35604,48480]
[4301,5911,6003,13107]
[4301,12595,12925,27251]
[4301,19981,25519,57551]
[4304,7552,7571,8921]
[4304,10744,19363,23647]
[4305,4524,4551,5945]
[4305,5423,5945,8177]
[4305,5585,6273,8949]
[4305,29393,29575,45305]
[4306,26550,32175,58131]
[4311,5289,5369,5781]
[4312,17760,17787,48510]
[4313,7463,9143,17767]
[4313,13243,13547,17003]
[4315,13325,14924,21125]
[4316,16016,16709,33033]
[4319,7385,11106,11865]
[4321,6508,13708,13904]
[4321,6851,7446,21726]
[4321,8479,8671,15283]
[4323,7361,7395,19485]
[4325,4495,4498,4750]
[4325,4838,5125,5363]
[4325,7141,8875,14309]
[4325,10947,11453,11570]
[4328,9476,9751,14899]
[4329,4620,4625,9425]
[4329,4785,7215,9425]
[4329,4917,5883,11771]
[4329,5499,6251,23829]
[4329,9180,9425,28305]
[4329,10071,10101,13801]
[4329,13899,17524,18204]
[4334,8798,8891,10441]
[4335,12616,17400,19584]
[4335,32625,36125,37949]
[4343,5225,5240,8215]
[4343,6604,11232,13332]
[4345,21625,24750,28303]
[4346,4654,4929,6929]
[4346,4879,6314,12614]
[4347,8325,18125,21645]
[4347,10875,13325,18125]
[4347,13125,13325,18125]
[4350,11346,11455,15250]
[4351,9089,13969,24931]
[4355,5291,5980,6475]
[4360,8015,9937,23129]
[4360,8015,23129,38735]
[4360,30272,51128,62425]
[4361,4599,4617,5607]
[4361,6111,6210,11214]
[4365,13325,14125,51701]
[4365,22695,22989,64525]
[4366,4450,4625,4895]
[4367,7524,10692,14976]
[4367,9295,9925,10725]
[4367,17732,20644,32164]
[4368,6060,6565,6868]
[4369,4619,4626,10506]
[4369,4844,4876,8224]
[4369,5359,5457,7123]
[4369,7825,7905,8995]
[4369,9031,9401,14649]
[4369,10505,10794,20706]
[4369,14351,23187,60147]
[4371,5625,5680,20500]
[4375,4745,4859,9125]
[4375,5111,6125,16205]
[4375,6065,7625,9704]
[4375,6641,8500,53815]
[4375,7950,11250,14946]
[4375,9730,9922,10750]
[4375,21475,31815,62279]
[4378,7298,7503,18423]
[4379,4453,4747,5621]
[4380,6160,6300,6783]
[4382,4550,4695,5565]
[4382,8605,8800,13768]
[4383,4692,4912,6188]
[4384,10416,11346,43989]
[4386,7314,7714,9911]
[4386,9222,9911,10353]
[4389,5339,5901,8379]
[4389,6643,6789,8736]
[4389,7579,7791,9009]
[4395,14470,18173,25661]
[4395,18425,20217,29625]
[4399,33649,34001,35002]
[4403,12467,14467,23153]
[4403,19803,19964,30728]
[4407,8375,14007,25425]
[4407,17343,18532,21983]
[4407,36593,36612,64713]
[4420,6175,6409,6625]
[4420,6380,6409,6625]
[4420,8848,9877,11375]
[4424,9176,10507,32074]
[4425,5151,5185,7070]
[4425,6223,13098,23895]
[4425,7076,7625,14065]
[4425,8393,8757,11445]
[4427,9964,10252,16748]
[4427,10412,12116,48944]
[4429,13204,14176,52816]
[4432,15224,16199,45982]
[4433,5423,6851,9889]
[4433,5549,6225,9455]
[4433,11919,15669,19317]
[4435,5447,7097,34553]
[4437,5291,7191,12987]
[4437,9018,9478,25578]
[4437,9882,11403,22997]
[4437,11713,12987,56763]
[4437,12075,12125,21675]
[4439,6441,6649,8651]
[4439,6441,7337,12328]
[4439,10249,12742,65527]
[4440,5687,8088,21312]
[4448,4672,4961,17516]
[4450,4658,4750,4795]
[4450,4658,4750,5785]
[4450,4658,4795,5785]
[4453,17375,17400,39228]
[4454,10250,10285,18650]
[4459,7315,7475,9940]
[4461,9675,9700,10605]
[4462,9313,9503,9953]
[4464,5304,6145,6630]
[4464,8076,11532,20863]
[4465,5615,5621,12875]
[4466,4895,4984,9520]
[4469,14539,17719,21289]
[4469,21109,21115,55045]
[4472,6308,6461,15301]
[4475,6235,7163,8468]
[4477,4667,4771,8029]
[4477,5117,5133,5773]
[4479,5004,5104,5972]
[4480,4880,5321,6100]
[4482,5175,5518,7950]
[4485,12070,17901,24411]
[4488,13013,13923,15477]
[4488,23780,27225,39237]
[4489,11639,11895,13561]
[4495,4745,4880,10564]
[4496,6944,10633,14322]
[4499,8749,9301,14315]
[4500,10947,11760,13172]
[4501,13825,13910,15610]
[4503,6123,14763,59413]
[4503,6987,7378,10138]
[4505,4862,5512,6800]
[4505,4875,5175,5577]
[4508,5411,5600,15460]
[4509,4875,4900,5291]
[4511,5247,5411,8611]
[4511,6811,7656,9956]
[4512,4588,5652,8103]
[4512,5368,7686,10611]
[4514,5746,6734,10309]
[4515,5957,6300,9768]
[4515,8025,10234,12642]
[4522,10829,11571,12597]
[4524,7275,8245,15051]
[4525,5555,5681,12625]
[4525,27744,30285,46155]
[4526,5239,5394,5694]
[4532,9328,12925,13780]
[4532,11407,11468,11968]
[4537,4697,4886,18361]
[4537,4859,4888,5584]
[4537,6623,6631,6734]
[4539,6021,6461,8771]
[4539,13125,13375,27435]
[4543,5375,5607,8400]
[4543,7807,8833,58883]
[4543,20482,20672,23408]
[4545,6426,12726,29750]
[4550,5194,6006,13575]
[4550,7630,10791,17745]
[4551,7344,15457,27047]
[4553,6633,6821,7291]
[4553,13478,13962,54282]
[4553,22967,24649,26129]
[4553,25623,30537,43362]
[4553,27927,30537,43362]
[4554,5022,5029,5421]
[4556,8908,9044,11431]
[4557,5453,5529,7581]
[4557,7443,9367,13943]
[4558,6222,7106,17051]
[4558,7038,7106,10759]
[4559,4801,5642,9602]
[4559,5035,5141,10325]
[4559,5539,5549,6099]
[4560,4788,4940,6375]
[4560,6100,7125,13908]
[4561,10791,12249,41049]
[4563,8787,9191,13949]
[4563,14637,14645,20787]
[4570,7958,8683,12975]
[4573,7453,11297,56797]
[4573,8099,8755,17485]
[4573,8200,8323,14245]
[4575,5149,6625,7199]
[4575,5715,5734,8250]
[4575,6741,10066,12810]
[4575,12905,15753,19575]
[4576,12716,14196,21879]
[4579,17501,18411,37164]
[4587,5130,5187,22325]
[4589,4636,5456,9884]
[4589,5491,6647,16727]
[4589,6409,6422,12002]
[4589,6409,6647,59657]
[4589,6697,10136,24272]
[4590,9207,14850,16082]
[4592,4680,4725,8442]
[4592,4984,4991,5459]
[4592,6100,13205,18860]
[4599,6111,6231,7081]
[4599,8625,9065,32550]
[4600,5289,5320,6560]
[4600,5696,8710,42275]
[4601,11271,11961,28611]
[4605,5370,5446,11450]
[4607,5375,5475,12543]
[4611,8829,8843,9483]
[4611,8829,8843,11573]
[4611,8829,9483,11573]
[4614,5586,7881,8459]
[4620,5460,5989,9100]
[4620,8120,8323,9425]
[4620,8151,8745,9425]
[4620,9295,9425,13871]
[4625,4634,4775,5809]
[4625,6319,6935,13865]
[4625,6929,10075,43771]
[4625,14383,20467,30225]
[4626,5406,6307,8738]
[4628,6208,6292,6497]
[4628,6208,6497,7372]
[4631,6529,13058,25298]
[4631,24881,25298,58519]
[4633,6887,8569,10961]
[4633,6987,10251,13899]
[4633,8611,9664,14136]
[4640,5124,5485,53924]
[4640,12104,12154,15575]
[4641,8722,10047,24297]
[4641,10207,10209,20241]
[4641,14025,17225,48841]
[4641,21279,26117,39963]
[4645,5750,6400,7432]
[4646,13746,14123,31871]
[4648,6272,6363,12513]
[4654,7314,8658,53703]
[4658,5198,5989,10686]
[4658,6058,7223,8357]
[4661,5383,7739,53061]
[4661,8639,8651,13579]
[4664,5056,5896,7579]
[4668,13908,14043,28967]
[4669,6275,6494,37525]
[4669,10081,14994,24906]
[4669,10906,18998,54694]
[4669,13181,13419,23403]
[4669,13181,23403,61194]
[4671,5889,6593,6747]
[4671,20253,20760,25120]
[4672,5000,5075,7480]
[4675,4901,4930,6370]
[4675,4901,4930,6851]
[4675,4901,5300,14365]
[4675,5720,5984,8000]
[4675,7979,8000,8245]
[4675,9940,18032,20300]
[4675,17255,18032,20300]
[4676,24124,26529,37444]
[4677,11397,14141,20861]
[4680,4872,4875,4930]
[4680,8355,11000,35648]
[4680,8480,10125,11448]
[4681,49321,51499,54901]
[4683,17157,18437,32763]
[4685,19635,19677,26775]
[4688,9856,10255,26320]
[4688,19788,19817,23732]
[4690,14703,17400,64272]
[4692,6176,6540,8685]
[4692,7540,10100,10933]
[4692,10920,10933,36125]
[4692,16833,17612,20272]
[4693,20501,23901,28899]
[4697,5772,8052,20592]
[4697,8228,8316,11424]
[4699,6844,8288,29348]
[4700,5856,7625,19780]
[4700,6035,6069,50925]
[4700,10335,18960,25308]
[4705,5375,8549,23525]
[4706,9926,9955,10635]
[4709,5875,6925,7565]
[4711,11297,13689,26247]
[4712,7223,7456,9176]
[4712,23360,43688,50735]
[4714,9061,9331,11341]
[4725,8949,8965,58875]
[4725,15555,16555,17493]
[4725,15555,16555,43554]
[4727,5673,9027,37149]
[4732,14357,15236,32032]
[4735,7455,7777,26936]
[4743,5337,5757,6493]
[4743,5337,6493,30243]
[4743,7493,14382,57222]
[4744,5031,5337,10881]
[4745,10249,18005,20075]
[4745,42005,48503,50505]
[4747,5963,11709,33341]
[4747,32053,32463,37237]
[4747,36597,48453,56769]
[4750,7049,8930,17250]
[4750,27542,37985,55625]
[4753,4879,4947,5453]
[4753,4879,4947,7021]
[4753,7910,11978,32550]
[4755,22795,22824,50925]
[4756,6736,7157,8323]
[4756,7843,8144,14732]
[4756,10336,20387,52972]
[4758,6253,6771,8619]
[4758,6683,6771,15867]
[4761,8295,15239,29561]
[4763,5603,5629,5846]
[4763,5819,6062,6331]
[4763,15587,16454,31174]
[4771,13283,13621,16646]
[4771,45279,47996,53848]
[4774,13699,13706,20746]
[4775,5017,6055,12035]
[4775,5543,5620,17095]
[4784,17056,17069,23306]
[4785,11407,20757,32625]
[4788,8268,8660,10335]
[4794,7575,9494,15510]
[4795,6797,6853,21920]
[4797,6426,6474,18122]
[4797,6723,8487,10087]
[4807,7943,10043,14905]
[4807,8993,10488,13452]
[4807,18009,18091,29141]
[4807,29294,29456,52768]
[4809,6125,6510,12366]
[4809,6327,8473,16409]
[4809,8001,8225,9160]
[4810,7645,7672,14800]
[4810,10675,20618,28934]
[4815,5250,5425,6279]
[4816,9984,10416,10647]
[4824,5512,6201,12474]
[4824,21216,21223,62322]
[4825,10792,13575,25433]
[4827,10053,11263,13663]
[4828,7457,8672,29828]
[4836,5291,5328,8772]
[4836,7676,7812,9393]
[4836,9225,13120,21840]
[4843,22763,23247,50853]
[4844,11591,11764,58636]
[4844,14384,14477,21452]
[4845,6931,9675,16269]
[4845,7315,7497,9975]
[4847,6097,6253,7697]
[4847,9167,9583,18722]
[4849,10582,15782,23126]
[4850,9899,14750,15630]
[4851,5453,5499,7749]
[4853,6347,6596,7597]
[4853,15167,22043,32357]
[4862,9263,11112,16328]
[4862,13583,16456,43736]
[4865,10145,10194,27393]
[4867,24617,26733,46483]
[4872,40404,40515,53095]
[4873,12140,39648,43500]
[4875,9450,10731,20125]
[4875,12597,12675,52925]
[4875,15453,16150,17675]
[4875,15453,16150,40053]
[4875,23153,23985,32625]
[4876,6149,9328,11308]
[4876,8687,8720,13940]
[4876,48724,49661,52364]
[4879,4977,5229,6273]
[4879,6825,6895,6929]
[4879,39473,39729,56973]
[4880,11684,11725,14884]
[4883,5117,5168,19532]
[4887,8100,10505,13545]
[4895,7300,8188,9520]
[4895,31775,32307,55473]
[4897,7073,7263,8137]
[4899,18091,19158,62517]
[4900,8904,9275,10229]
[4901,5989,7067,12337]
[4901,6693,6699,11349]
[4902,10971,11077,11571]
[4904,5687,5705,5865]
[4904,7676,7787,8453]
[4904,11296,14696,17297]
[4905,6825,6953,8175]
[4913,6873,7569,19074]
[4913,15833,20292,31212]
[4914,5406,5529,5746]
[4914,5406,5529,7579]
[4914,5406,5746,7579]
[4915,26765,33727,42125]
[4917,8642,9387,25803]
[4920,6825,6929,10455]
[4920,24225,29920,39032]
[4921,6923,13570,23690]
[4921,38779,40663,62377]
[4925,6901,6950,13790]
[4925,7774,9490,11426]
[4928,6764,6853,10164]
[4928,12100,18620,32725]
[4929,49259,54929,57071]
[4930,6965,7075,11339]
[4932,5508,5537,6987]
[4932,11133,14307,27133]
[4932,12352,20273,26852]
[4939,5771,5891,8509]
[4940,8416,10075,15916]
[4940,18921,25440,45900]
[4945,8355,10147,11875]
[4945,17105,18239,33925]
[4945,32495,33775,42581]
[4947,5453,5662,13357]
[4947,6120,8245,14547]
[4949,5901,6003,16968]
[4949,19691,20503,28907]
[4950,13497,13530,23722]
[4959,5865,6135,6409]
[4959,5961,6177,6808]
[4959,6081,6086,9761]
[4959,6766,6786,8046]
[4959,7641,7984,9657]
[4959,8634,11049,20801]
[4959,10686,11049,20801]
[4959,34209,34241,47241]
[4961,8650,9336,9840]
[4961,9823,9889,13939]
[4964,7568,7811,10268]
[4964,8897,9020,11680]
[4969,11543,11931,14907]
[4972,7359,7700,9040]
[4972,12325,13253,14125]
[4972,30847,32528,49268]
[4978,7602,12978,58023]
[4978,20938,21033,23583]
[4979,5221,5222,8246]
[4981,5513,6919,17287]
[4981,5694,6786,11826]
[4981,8589,12019,28714]
[4981,11893,19318,20557]
[4982,6643,6656,13432]
[4982,13837,20824,36464]
[4986,5934,5947,16867]
[4991,7359,8321,14611]
[4992,6692,7644,13419]
[4994,13366,14861,29161]
[4995,6525,7245,7511]
[4995,7875,9797,10875]
[4995,8823,11245,15725]
[4995,10440,10875,13949]
[4996,5204,11133,26229]
[4997,5083,5118,5893]
[4997,15163,16878,24163]
[5000,5335,5600,7544]
[5000,5780,6375,22797]
[5000,9144,9625,48290]
[5001,10509,13501,55491]
[5002,5162,5307,5607]
[5002,6902,7462,12383]
[5002,10373,12627,19803]
[5005,10745,20995,30589]
[5005,12250,12298,14630]
[5005,15562,15925,35245]
[5005,16500,17875,19981]
[5008,9292,10051,15617]
[5013,5475,5570,6862]
[5013,14127,41775,56785]
[5014,7271,8858,29978]
[5014,10439,11414,15914]
[5017,13113,13298,13927]
[5017,18734,18745,19865]
[5021,11875,21875,25105]
[5024,5780,10676,24905]
[5024,8500,9420,22185]
[5025,40385,40875,53781]
[5029,6437,6745,8725]
[5029,11761,11791,33841]
[5032,9520,12950,54145]
[5034,7869,7909,9381]
[5035,8979,9840,58035]
[5035,9823,9840,16340]
[5037,6357,6412,6643]
[5037,6766,7085,11725]
[5040,5655,6409,7575]
[5042,5133,6003,7563]
[5043,6500,9020,11932]
[5044,9509,43956,53456]
[5044,11344,13471,13871]
[5045,8395,10825,11099]
[5045,10805,11099,15127]
[5047,9877,18249,39159]
[5050,21682,29593,34625]
[5053,10578,10872,31464]
[5057,6443,6613,14443]
[5058,5142,5143,9273]
[5063,6412,6432,10992]
[5063,9490,9760,14600]
[5064,7839,8736,11320]
[5066,5745,5750,10234]
[5066,7474,9683,13193]
[5068,6307,8432,11872]
[5073,6552,7832,9568]
[5073,14800,16465,35825]
[5075,5597,6755,11165]
[5075,7480,7616,32480]
[5075,12214,12470,25610]
[5075,18620,19292,22000]
[5080,7140,7383,19125]
[5083,7811,14600,26845]
[5083,9052,9709,65221]
[5083,34133,34518,52998]
[5083,42228,43355,58565]
[5084,8976,8979,10404]
[5084,10176,10404,10971]
[5084,26332,26684,29141]
[5085,7395,7397,8475]
[5085,7395,9831,29725]
[5085,17955,18081,19775]
[5089,19039,23069,27709]
[5090,8275,8600,44792]
[5096,8224,8232,12593]
[5097,17289,21353,25764]
[5100,8697,12400,15340]
[5111,12489,13861,21239]
[5112,11452,11957,29857]
[5120,10860,11700,11847]
[5124,15251,31856,44896]
[5124,21924,22620,26299]
[5125,6341,6355,9325]
[5125,7259,7291,25010]
[5125,7259,9425,21809]
[5125,8050,9614,15410]
[5125,8645,9614,11875]
[5125,9715,11803,59450]
[5125,11803,12025,13735]
[5125,31734,44730,55350]
[5130,5850,6106,7875]
[5130,5850,6106,17745]
[5133,10008,10176,10208]
[5134,5450,9265,10175]
[5134,9146,9265,10175]
[5134,9250,9265,10175]
[5135,7473,25623,50025]
[5141,6059,6351,11349]
[5141,6059,11315,16684]
[5141,6325,6391,9559]
[5141,6325,6625,9215]
[5142,5882,5999,12019]
[5144,20056,38779,40984]
[5147,19097,22308,23752]
[5148,19140,19227,23452]
[5149,5597,7172,8299]
[5149,26999,28471,31369]
[5151,6201,7878,23426]
[5151,8814,10849,13439]
[5157,23643,26817,32053]
[5161,5577,5955,12675]
[5161,8041,8151,13101]
[5161,14593,14689,29186]
[5168,13025,13057,19465]
[5168,17404,19465,20900]
[5168,20976,20995,24820]
[5174,16471,17014,17914]
[5175,15625,16875,28107]
[5175,19311,19625,20055]
[5180,6000,6300,8883]
[5180,7735,8177,27625]
[5181,27306,28454,34854]
[5183,6783,10659,12483]
[5185,6036,6039,11625]
[5185,6175,6307,8125]
[5185,14175,26657,32300]
[5185,16575,23409,35685]
[5191,7661,7843,20003]
[5200,6496,6500,8845]
[5200,6496,7540,8845]
[5200,7436,7700,13585]
[5200,11492,11620,29575]
[5200,16211,16640,44080]
[5200,18880,19175,21712]
[5200,20468,20825,27755]
[5202,11362,11439,11934]
[5206,5882,7807,14457]
[5214,28798,30723,63189]
[5215,11615,13375,15049]
[5215,15170,19152,51800]
[5215,15170,21825,35113]
[5220,6240,6396,17225]
[5220,8580,8700,21349]
[5220,9963,26187,29725]
[5221,6877,8246,21827]
[5225,9075,9405,31293]
[5225,14179,17900,54604]
[5225,16940,20064,28500]
[5229,6475,6750,7245]
[5229,7227,7277,8979]
[5236,6864,7436,9061]
[5236,7936,8084,8381]
[5238,19395,38520,48112]
[5239,5800,6080,12064]
[5247,8250,9222,22550]
[5249,12431,12737,19393]
[5250,5882,7785,59925]
[5250,8995,10800,18504]
[5252,9248,9252,9877]
[5253,6603,6622,9870]
[5254,5603,5846,6278]
[5256,6600,6625,8760]
[5256,19224,19418,58473]
[5259,9333,21675,61355]
[5270,31450,32395,38998]
[5274,10686,11427,20737]
[5275,7543,7920,17020]
[5278,5975,7250,18590]
[5278,6943,7904,12296]
[5278,8798,8866,9971]
[5280,8244,12595,13431]
[5283,9501,10901,11524]
[5289,5940,5964,6560]
[5291,6371,7202,18278]
[5291,6391,6622,6734]
[5291,6578,6622,6734]
[5291,6643,6734,9709]
[5291,7957,8066,9709]
[5291,8579,8917,11563]
[5291,14259,14356,15949]
[5291,26059,26677,29458]
[5300,6873,7335,15105]
[5301,5724,5808,6148]
[5301,9483,10033,24817]
[5302,9361,9398,37114]
[5302,9594,9881,50102]
[5304,6279,6664,8736]
[5304,8832,8993,31096]
[5304,9516,11895,41785]
[5304,15696,16562,16779]
[5317,28743,31493,42757]
[5320,5795,9272,17800]
[5320,11125,11837,23275]
[5320,12925,13192,16000]
[5321,7575,9435,14085]
[5325,5499,5950,6555]
[5325,5553,5610,6170]
[5328,6644,7956,18981]
[5335,5494,5600,7544]
[5335,9295,9724,16393]
[5336,10764,11339,15805]
[5336,15400,15805,61480]
[5338,6454,7837,9263]
[5339,6851,7306,8381]
[5340,8000,8100,11481]
[5341,7259,8611,9821]
[5341,7820,8016,9300]
[5353,11433,11457,23532]
[5355,5460,5475,6307]
[5355,5460,5525,6307]
[5355,5565,6307,19875]
[5355,7020,7605,17629]
[5355,8085,8925,12317]
[5355,9725,9877,27230]
[5355,19875,21624,48875]
[5358,13433,16968,19152]
[5359,42143,46609,65041]
[5362,8323,13981,29029]
[5363,8205,13455,14013]
[5363,15317,16915,19030]
[5364,11900,12665,22525]
[5365,5950,8066,15950]
[5365,6020,6032,9700]
[5365,10013,21675,37740]
[5365,15760,17168,34240]
[5365,23075,23125,25259]
[5367,9417,9483,14345]
[5368,11948,12089,25531]
[5369,11269,11438,25606]
[5375,10366,10520,29000]
[5378,8062,8067,13842]
[5380,14200,16425,18561]
[5382,9666,18285,24725]
[5383,18823,20503,50797]
[5385,8767,8865,9492]
[5388,6813,12112,19756]
[5392,8180,8425,9492]
[5397,5995,7453,33245]
[5400,6144,6440,6625]
[5402,12337,12506,13286]
[5405,10403,13803,38997]
[5406,8398,8619,12402]
[5408,5617,5863,23153]
[5408,6976,7085,9880]
[5408,7172,8957,19807]
[5409,49569,50061,53489]
[5411,7261,8056,13141]
[5411,10735,13914,17390]
[5412,5536,8388,13839]
[5412,9225,9380,9840]
[5412,9225,9380,15580]
[5418,8382,9877,14063]
[5421,8362,11187,14763]
[5423,10138,11919,21201]
[5423,15151,15249,22127]
[5423,18590,19448,26000]
[5424,5824,7119,7644]
[5425,7427,7952,21220]
[5425,16709,18040,47740]
[5425,18632,19865,41393]
[5432,7735,9568,10360]
[5433,47763,50874,53186]
[5436,9264,13124,15879]
[5439,7263,7437,8339]
[5439,10038,11914,16762]
[5444,14212,14219,23137]
[5445,6875,6903,12375]
[5445,7293,7568,14820]
[5447,8327,9841,13874]
[5450,9146,9265,10175]
[5450,10013,11560,25288]
[5450,10742,13625,29110]
[5453,6438,7029,10701]
[5453,6650,7040,10640]
[5456,9884,10943,12772]
[5459,21293,24309,36141]
[5460,5712,6188,8585]
[5460,5712,8585,9100]
[5460,7161,7175,10335]
[5460,7308,7540,7917]
[5460,8225,8585,9919]
[5460,18900,19500,38221]
[5467,25123,25408,60092]
[5475,7242,7350,12410]
[5475,9309,10585,17625]
[5475,15273,15330,16970]
[5476,20128,22372,39701]
[5481,6222,10353,15631]
[5485,13325,13735,18649]
[5492,5947,5957,10907]
[5494,7426,7449,9381]
[5495,7749,7799,15799]
[5495,10825,11666,47630]
[5499,9384,9624,12376]
[5499,11259,15249,25259]
[5500,6925,8864,18800]
[5500,13872,14355,56100]
[5506,10406,10419,12395]
[5508,9633,11388,11492]
[5508,9633,15504,15808]
[5512,6800,6890,11713]
[5512,6888,8178,12177]
[5512,8768,10553,14522]
[5513,8474,8687,10249]
[5516,7120,7316,9125]
[5516,27244,27811,53889]
[5525,9367,9730,46342]
[5525,9379,10115,10621]
[5529,10983,11033,13871]
[5530,7025,14000,15736]
[5535,5625,5628,7175]
[5537,18487,18762,27738]
[5538,7749,7774,13038]
[5539,6025,6989,11315]
[5539,6935,6989,11315]
[5539,10269,13279,19229]
[5542,11275,15125,42845]
[5543,20953,27715,34825]
[5544,8736,10585,10920]
[5545,6875,7975,12199]
[5548,10448,10868,12407]
[5549,8321,8323,16643]
[5549,11247,11380,14800]
[5551,10249,24073,25207]
[5559,6591,8502,48191]
[5559,15946,16544,19856]
[5565,6667,9558,27435]
[5565,11837,11925,42987]
[5565,12285,13253,14469]
[5566,15433,21758,56642]
[5568,8568,8593,11832]
[5576,6720,7749,17850]
[5576,7424,9976,13243]
[5578,21022,24347,56153]
[5586,8694,8711,20461]
[5592,6153,16408,17472]
[5592,20427,20504,48224]
[5593,11407,11468,13583]
[5597,9251,11165,14575]
[5600,6536,7625,8840]
[5600,12792,12915,21000]
[5600,61720,61907,64219]
[5605,8475,13395,19323]
[5607,5673,5842,6942]
[5609,8944,9263,11153]
[5618,12218,13703,36517]
[5620,10275,10380,13488]
[5621,16907,29029,44457]
[5624,9256,9499,12506]
[5625,7599,8625,10430]
[5625,14703,16625,18850]
[5626,11951,12416,43384]
[5626,45526,47821,63994]
[5628,14417,23121,23289]
[5628,23257,23289,37569]
[5629,8957,9093,16029]
[5633,8020,8225,26625]
[5634,6222,6466,9703]
[5634,6222,6466,10353]
[5635,33755,50525,54008]
[5640,8528,8610,8775]
[5642,10045,10742,11830]
[5642,10283,10742,11830]
[5643,13077,22517,36542]
[5644,18317,20492,22544]
[5645,8845,20437,57579]
[5645,9005,12607,16225]
[5645,11155,12607,16225]
[5653,32572,34748,41392]
[5655,6650,7280,18424]
[5656,22504,27608,61103]
[5661,31875,32375,58089]
[5662,7298,7343,25543]
[5668,11972,16777,18748]
[5670,14625,19600,30744]
[5673,10664,17225,57815]
[5673,11223,12383,23433]
[5678,7225,9785,11815]
[5681,5814,5967,7353]
[5687,24167,26026,33914]
[5691,9805,11766,15195]
[5694,6750,7665,25519]
[5696,7696,8099,8176]
[5698,7154,8225,27010]
[5699,9701,10947,12426]
[5699,9701,13795,17876]
[5699,17557,51701,59368]
[5700,16587,21340,38000]
[5705,9425,11223,19500]
[5712,9408,9520,10275]
[5716,22096,24293,31763]
[5719,8932,9744,32944]
[5720,8245,10088,26200]
[5720,21112,25025,31262]
[5724,13599,14628,17824]
[5725,6105,6183,6375]
[5725,6231,7965,8931]
[5727,6409,6948,26352]
[5729,12036,12132,22848]
[5733,6307,6851,9646]
[5733,14529,15717,17371]
[5734,9842,10395,22785]
[5735,17255,17593,18241]
[5740,7625,10004,16400]
[5742,8558,10503,51678]
[5742,8642,9387,10962]
[5746,10534,10591,48841]
[5747,18067,19201,23809]
[5762,7225,7463,18887]
[5763,6525,7685,49155]
[5764,11680,12036,20805]
[5765,12667,12683,12985]
[5767,8313,8541,9129]
[5770,7150,7501,8645]
[5772,7200,7215,9620]
[5773,14093,16093,25273]
[5773,24817,25714,28574]
[5775,7667,8415,16095]
[5775,8845,9882,17250]
[5775,11368,11375,15857]
[5775,12529,16065,35805]
[5776,7679,17552,23808]
[5776,26269,26992,64528]
[5777,7548,7632,11772]
[5778,6363,8379,12019]
[5780,8003,10720,25228]
[5782,13699,18275,21245]
[5785,5830,5831,6175]
[5785,8845,9338,10858]
[5785,27115,32857,60775]
[5792,47668,48076,59549]
[5797,9253,9262,12837]
[5797,23947,31868,51832]
[5798,26102,26243,31003]
[5800,6188,6205,12325]
[5800,7332,7605,15375]
[5800,14080,16104,17545]
[5801,26199,32841,52209]
[5803,6622,6632,6832]
[5803,8900,16580,23600]
[5808,25883,29568,34752]
[5811,7917,7967,9633]
[5817,8775,11625,15235]
[5817,10283,10858,16286]
[5817,10283,16286,50414]
[5819,6921,7124,10624]
[5819,10021,15067,55198]
[5820,7955,8100,12432]
[5822,18422,18827,28623]
[5824,11600,11676,13195]
[5825,6721,11115,31921]
[5825,8385,8625,9087]
[5825,8385,9087,11115]
[5825,20292,26433,59415]
[5831,7469,7623,8569]
[5833,6647,9195,21675]
[5840,19520,21716,23725]
[5841,7453,9153,16191]
[5842,8047,8082,41682]
[5848,48283,48723,64467]
[5850,13914,13975,32214]
[5852,7373,9052,9696]
[5856,15580,20069,21700]
[5858,14750,20210,45625]
[5863,9075,12825,15015]
[5863,9913,10087,14476]
[5863,16852,25584,29876]
[5865,7575,7913,12625]
[5875,8405,9000,20172]
[5875,18860,20172,57300]
[5882,11993,12257,22663]
[5883,12093,12099,12296]
[5883,12267,12296,12876]
[5887,8155,9338,10450]
[5887,9889,10450,20735]
[5887,13132,13456,13776]
[5888,6572,6956,7579]
[5888,7032,7112,12013]
[5890,9509,15934,21390]
[5891,5989,6016,7261]
[5891,8509,10096,19339]
[5891,17825,20984,21500]
[5900,13559,15145,40975]
[5901,7749,9554,10906]
[5901,8379,10678,15162]
[5901,8979,11521,14271]
[5901,9114,9894,10906]
[5901,13651,20513,55199]
[5901,19695,22776,28100]
[5909,12629,12909,19629]
[5913,12441,12905,14235]
[5915,13515,15525,16731]
[5915,14625,15525,16731]
[5916,9360,9425,9860]
[5916,10608,11245,43095]
[5916,16864,23001,57399]
[5916,23120,23925,31620]
[5917,9758,9925,14267]
[5917,14467,28033,38369]
[5917,15197,16226,17654]
[5917,17797,24686,29341]
[5918,11473,16527,60207]
[5918,33638,35013,60207]
[5920,7360,21275,38456]
[5920,9200,12580,34481]
[5922,6519,9106,25122]
[5936,8528,13161,17914]
[5936,25088,25487,26288]
[5941,6645,6855,14859]
[5942,16842,17178,25263]
[5950,6562,6755,7735]
[5950,11809,16184,19280]
[5950,11935,15950,28798]
[5951,7999,8841,11361]
[5951,20801,24769,28396]
[5957,6623,6734,9506]
[5957,9243,11448,12987]
[5957,14525,20125,44643]
[5959,18361,19209,31611]
[5963,6925,7120,9325]
[5965,7125,7158,7725]
[5967,6705,6825,9367]
[5967,10959,11609,21809]
[5967,12183,13888,20553]
[5973,6165,6177,6335]
[5976,12112,12537,13626]
[5977,7363,7421,14909]
[5977,8323,9082,28178]
[5980,8279,9980,12896]
[5980,16240,18473,45500]
[5980,23375,25636,40000]
[5980,27680,28275,31369]
[5983,7992,8192,12224]
[5984,14916,17289,20196]
[5985,6942,6958,8610]
[5985,7020,7056,7700]
[5985,7020,7700,14196]
[5986,36386,38909,43166]
[5999,6664,6856,6944]
[5999,14161,14231,14569]
[5999,39151,40279,63121]
[6000,6760,6825,7254]
[6001,27151,27181,29971]
[6003,6157,6164,7291]
[6003,18483,29747,54233]
[6006,6023,6144,22152]
[6006,12670,12705,17919]
[6018,7250,8265,11475]
[6024,20951,21024,21576]
[6025,6935,6989,11315]
[6025,12444,12465,61455]
[6025,15341,15635,20909]
[6025,22127,29402,43273]
[6027,10602,13408,31488]
[6028,8000,10900,17947]
[6028,11808,12692,14933]
[6028,32528,44428,56855]
[6032,7580,7943,8932]
[6032,7872,8323,25252]
[6034,29309,29310,31234]
[6035,18509,18535,62215]
[6035,21235,25619,26726]
[6040,22945,23400,33888]
[6042,6399,6783,7049]
[6044,8203,8253,12181]
[6045,12765,12773,19493]
[6048,6120,6273,7400]
[6048,12168,15457,64077]
[6049,11999,12441,22386]
[6050,9394,9625,12719]
[6052,7248,8277,9180]
[6052,15620,24475,41052]
[6052,20352,21837,40533]
[6059,50389,53799,64249]
[6060,6095,6225,9063]
[6060,15875,18900,22752]
[6061,17689,36179,46189]
[6061,21975,22190,25114]
[6069,8789,8806,14539]
[6069,9375,9394,26250]
[6069,12469,12495,21231]
[6075,6579,6630,6875]
[6075,9423,19195,21573]
[6076,9352,10199,20801]
[6077,19852,20492,48212]
[6083,10947,13083,19803]
[6083,45342,46288,53128]
[6084,9789,10788,18928]
[6084,10251,10416,13124]
[6084,15812,24516,31941]
[6084,37332,39843,42757]
[6089,17221,27307,32597]
[6090,29205,30653,40299]
[6095,7567,7595,8533]
[6095,7567,7595,23345]
[6095,8185,14016,28296]
[6097,18766,20472,37584]
[6099,12117,12958,21926]
[6100,11252,13115,26100]
[6100,15824,18476,21655]
[6100,38780,50691,63345]
[6105,6237,8855,24087]
[6105,7225,7659,19125]
[6111,6369,6371,18721]
[6111,33159,34111,61889]
[6112,12608,12673,14948]
[6118,9506,9869,11543]
[6118,9506,9869,25781]
[6119,6625,6650,9010]
[6119,8399,10351,20881]
[6120,6240,6375,7208]
[6123,9116,10205,13085]
[6123,10827,11618,14443]
[6123,13803,14287,14763]
[6125,7515,8325,12366]
[6125,9805,10481,14575]
[6125,26572,38325,46453]
[6127,11202,11545,18727]
[6127,18673,18837,27083]
[6128,9512,9758,10933]
[6132,12337,14016,16224]
[6132,16380,16575,18907]
[6136,6464,6479,10504]
[6136,15963,22536,23712]
[6141,7289,7326,8274]
[6141,7289,10323,39597]
[6142,8881,9842,15106]
[6144,8288,10137,11544]
[6145,14065,14257,16975]
[6147,12597,14133,24752]
[6148,6319,9169,47473]
[6149,7774,7826,52718]
[6149,13115,13975,17385]
[6150,8138,10038,14085]
[6161,17500,20740,30300]
[6161,19823,19939,46561]
[6165,10005,10275,10397]
[6165,10005,11919,12325]
[6165,10374,10549,15925]
[6175,6360,6409,6625]
[6175,6498,7280,8360]
[6175,7455,8151,21375]
[6175,17949,20124,31380]
[6176,9100,16625,27020]
[6177,7123,7277,8915]
[6179,6970,7075,7429]
[6182,11663,15478,20378]
[6183,19623,19703,31453]
[6187,10363,11963,25787]
[6188,7420,9275,11713]
[6188,25200,25245,49140]
[6192,14144,14256,45567]
[6195,7105,8625,20559]
[6195,9275,9381,15930]
[6200,6519,6560,8056]
[6200,19320,19425,35784]
[6205,6500,6716,12400]
[6205,6908,7300,8092]
[6208,8912,11537,12958]
[6208,13400,13475,27160]
[6208,16408,16856,38969]
[6210,15645,16296,16688]
[6212,9488,13977,17197]
[6213,9747,9916,16264]
[6213,14469,15587,23069]
[6215,14535,17289,43785]
[6216,7200,7215,7240]
[6216,7200,7215,8425]
[6222,13005,14450,20130]
[6222,13554,26047,34221]
[6223,13329,13423,23152]
[6223,15953,16305,49910]
[6223,22477,22607,60047]
[6224,40544,49956,64581]
[6228,12000,12975,21620]
[6231,7081,7913,15019]
[6231,22819,29056,34700]
[6232,7888,8241,12586]
[6239,29729,30787,49457]
[6248,17017,17248,27608]
[6250,7979,8875,18955]
[6251,13846,15029,20501]
[6253,6347,6422,7501]
[6253,7059,8547,14703]
[6253,7189,14378,20461]
[6253,7697,9464,21164]
[6253,12350,12880,19240]
[6253,12787,13858,14317]
[6254,16250,18135,63375]
[6255,17175,21634,32554]
[6258,17017,17433,21567]
[6259,14872,16341,57109]
[6260,11200,21385,24101]
[6262,9650,10013,25637]
[6270,7705,7775,8479]
[6273,6438,6496,10064]
[6273,6438,6496,15416]
[6273,6438,10064,15416]
[6273,9900,12545,18327]
[6281,17225,24969,48475]
[6283,8092,8132,16592]
[6286,9345,11214,13470]
[6290,12079,12121,26471]
[6291,6984,7176,7456]
[6291,9945,19805,28509]
[6292,6875,7540,8800]
[6293,12958,13237,31563]
[6297,10860,11500,20272]
[6297,11001,13024,13703]
[6300,11448,11825,12927]
[6300,11448,11825,25527]
[6300,13923,14235,14875]
[6300,16240,18067,20740]
[6302,8206,15602,19769]
[6304,9229,9376,25216]
[6305,13717,23125,32683]
[6305,38775,43359,53100]
[6307,8357,21582,31293]
[6307,10028,12773,16677]
[6307,11022,11077,13277]
[6307,11932,12773,26877]
[6307,14672,15568,20672]
[6307,16568,16677,19557]
[6307,20482,20672,56392]
[6307,25571,25857,47329]
[6308,12880,13167,18620]
[6313,9752,12200,16960]
[6314,6666,6699,7749]
[6315,14960,16157,16675]
[6320,12125,17072,30400]
[6321,9779,11151,15759]
[6322,6853,6867,18067]
[6322,6853,9019,9701]
[6322,15422,16123,18067]
[6324,11225,12240,37524]
[6325,6667,6800,9517]
[6325,7689,7755,10485]
[6325,7689,9020,18880]
[6325,9821,10120,12980]
[6325,21795,31966,42955]
[6328,10920,11978,13447]
[6336,10200,10825,26520]
[6341,15548,24752,28348]
[6342,7178,8717,9553]
[6344,10101,10656,60024]
[6350,15793,16465,23225]
[6351,7975,8990,10810]
[6351,8099,8541,9309]
[6351,9809,10293,12117]
[6351,10575,10810,13865]
[6351,15281,16491,19041]
[6351,16585,16599,19710]
[6357,21099,21801,27499]
[6358,6890,11050,12985]
[6360,6380,6409,6625]
[6360,9216,9275,13110]
[6360,14375,16377,21375]
[6360,15655,16377,21375]
[6368,12308,13804,18281]
[6369,12104,13896,15744]
[6369,19981,22737,57519]
[6375,6847,8178,11655]
[6375,11685,13685,16523]
[6380,8432,8468,17425]
[6380,17875,19604,22880]
[6384,12844,15561,27636]
[6391,6578,6622,6734]
[6394,34114,37293,65013]
[6396,17271,19721,22321]
[6401,6591,6721,15379]
[6401,6591,6747,25857]
[6402,9594,9727,11931]
[6405,7917,8845,28275]
[6408,7760,8633,16490]
[6408,12240,13617,16490]
[6409,6625,6815,18785]
[6409,7095,7345,41905]
[6409,7689,7917,11577]
[6409,11609,13254,15886]
[6412,7888,13804,46487]
[6413,6565,6812,7685]
[6413,7565,9487,14525]
[6414,34221,35277,51667]
[6420,7869,10900,18544]
[6422,7102,7263,20787]
[6422,8239,8528,13864]
[6424,15776,18615,52026]
[6435,12546,13904,22440]
[6435,13920,13949,21723]
[6437,9475,9635,17600]
[6437,12877,14501,26331]
[6438,9490,11687,13135]
[6438,10659,29563,43741]
[6439,14351,18769,32431]
[6441,8847,12328,14916]
[6441,12321,12328,12543]
[6441,13833,14916,18208]
[6441,14652,32452,39216]
[6457,20449,20618,49049]
[6460,14125,15804,56100]
[6461,12862,19586,19838]
[6463,16588,26912,31472]
[6466,7038,7259,10759]
[6466,10166,10309,11713]
[6468,10332,10693,11193]
[6472,11312,11326,12019]
[6475,11125,13875,18957]
[6475,25141,28341,37725]
[6476,6845,8325,13405]
[6476,13261,13973,32333]
[6479,14129,14465,21571]
[6483,9837,10327,15127]
[6486,11169,12264,20264]
[6486,32714,37089,65475]
[6489,16389,16409,17319]
[6490,10730,11222,12025]
[6492,7473,7844,8656]
[6492,7473,8656,20416]
[6493,11875,12643,18025]
[6494,21289,22336,30256]
[6496,7184,7222,9977]
[6498,11377,13904,19952]
[6500,10528,11725,16380]
[6501,6875,6895,11825]
[6507,8700,11165,12125]
[6507,25707,29405,29643]
[6511,6929,6943,7267]
[6512,7700,10388,14245]
[6519,6956,7089,17649]
[6519,8919,12299,17589]
[6525,7293,10285,20735]
[6525,12013,14650,15770]
[6528,12792,13155,21320]
[6533,6767,6923,7157]
[6544,17936,19313,21268]
[6545,14212,28420,41888]
[6545,16720,23375,26129]
[6549,12204,12236,19536]
[6553,10919,13106,17647]
[6554,9546,10650,37629]
[6565,7875,9797,25925]
[6565,12795,13774,24187]
[6565,39675,40185,51207]
[6572,8091,11572,14384]
[6572,20928,21364,39697]
[6573,11475,13090,13755]
[6575,15330,17625,63729]
[6576,16425,30160,37376]
[6578,6697,6734,6878]
[6578,8437,8866,15326]
[6578,8437,12194,15326]
[6583,8814,15561,16617]
[6586,9911,10064,14952]
[6591,9825,10965,19435]
[6591,10209,11661,17171]
[6592,15304,28695,56520]
[6593,12543,12573,14337]
[6601,8050,8200,12880]
[6601,14602,29848,52448]
[6601,22967,23001,25767]
[6602,7258,7322,9903]
[6612,7857,8272,22272]
[6615,11305,11475,18711]
[6623,9591,12673,28934]
[6624,8076,8556,15479]
[6625,6713,6850,7065]
[6625,9215,9375,10106]
[6625,9251,10070,11890]
[6625,11357,11890,13850]
[6625,19027,25375,57505]
[6625,35074,36040,57200]
[6628,7072,7812,37893]
[6632,7888,11606,16169]
[6632,31472,31502,34577]
[6633,11427,11778,13478]
[6633,11427,18759,38969]
[6633,13359,15433,17666]
[6642,12993,15006,17906]
[6643,8299,8307,8468]
[6643,18469,18907,39494]
[6643,36673,37107,64077]
[6647,8375,10115,15625]
[6649,14911,18056,36569]
[6649,17557,17751,18857]
[6660,7140,7501,7548]
[6666,7686,7777,8778]
[6667,19723,19978,24653]
[6669,12411,33293,40077]
[6675,16790,19272,25200]
[6681,9702,11594,13002]
[6682,11050,11115,38550]
[6685,7595,7714,11726]
[6688,10108,10241,15939]
[6693,10450,10800,11640]
[6697,13193,13197,19693]
[6698,16198,17927,19313]
[6699,9999,15554,16646]
[6699,12749,12789,14091]
[6700,7232,7345,13580]
[6705,9255,9350,35266]
[6705,9450,11473,22575]
[6708,10736,11895,17460]
[6713,13447,20167,23533]
[6713,42413,47517,62307]
[6714,20922,24403,35722]
[6720,25416,25466,61775]
[6721,9020,14300,26404]
[6725,7880,8584,25216]
[6725,13039,14161,22865]
[6730,11210,11875,25574]
[6730,13430,17546,24475]
[6731,8722,9256,9328]
[6731,24616,46336,57664]
[6734,8010,10591,60865]
[6734,8723,11102,19166]
[6735,7543,8082,21018]
[6741,48237,48484,63616]
[6747,6875,6903,7125]
[6747,19397,19929,32697]
[6749,10275,10549,21835]
[6750,18321,23650,29550]
[6751,10049,11169,12246]
[6757,7004,7021,8621]
[6757,8003,8126,12349]
[6757,8265,10485,23925]
[6757,10115,10982,22525]
[6757,18879,42021,58779]
[6758,9919,12208,56056]
[6765,9215,9300,10896]
[6765,38020,38709,62733]
[6771,10229,10989,13896]
[6771,19836,28672,43152]
[6771,41949,48676,51896]
[6775,23519,23585,61535]
[6783,7137,7259,11739]
[6783,30426,30583,41951]
[6784,24644,27511,43036]
[6786,7350,7375,28275]
[6787,9163,11723,14773]
[6794,14711,15407,17263]
[6795,8451,11349,15650]
[6802,17750,18923,21775]
[6806,8489,8528,41792]
[6806,13494,13533,26469]
[6812,7120,7163,8188]
[6812,7120,7163,9700]
[6812,10585,17212,44960]
[6813,13137,13213,26915]
[6815,12155,12506,16762]
[6817,7519,7619,11169]
[6821,7739,7991,9559]
[6825,8585,8619,31125]
[6825,8784,8905,13359]
[6825,10143,11960,15295]
[6831,12474,12512,36432]
[6831,15399,15456,43976]
[6832,8288,8547,9028]
[6832,11968,13237,24752]
[6832,27125,31232,39760]
[6834,15111,17374,26274]
[6837,7733,8109,11211]
[6837,8619,8769,11713]
[6839,8631,8793,13563]
[6839,10549,10747,13563]
[6839,11025,16695,17586]
[6844,7072,7569,8619]
[6845,7384,7400,10816]
[6849,9471,9849,10654]
[6850,12834,18495,38115]
[6851,17437,21624,26013]
[6867,20111,25942,29614]
[6868,7168,7924,11543]
[6868,7685,8268,13600]
[6868,7685,10060,11600]
[6868,11744,12019,17068]
[6868,11752,11817,15933]
[6870,11430,20839,36394]
[6873,8897,15138,26937]
[6875,7685,7750,11269]
[6875,8205,10054,19250]
[6881,7969,8281,8582]
[6885,11445,14875,29211]
[6886,10439,10879,22849]
[6887,19339,20188,20564]
[6888,12740,12775,32513]
[6890,8050,10075,13091]
[6890,9814,10515,14575]
[6900,8528,8775,31980]
[6902,7227,9018,16182]
[6903,7657,7722,8343]
[6919,7654,8544,15096]
[6919,14297,21675,37845]
[6921,26871,27401,29991]
[6925,8636,8864,18800]
[6929,9425,11890,16055]
[6929,11362,13287,14937]
[6929,11375,26195,44321]
[6929,27577,41327,62348]
[6935,8255,8671,8906]
[6935,16825,20713,49129]
[6942,7954,8633,13858]
[6943,11543,11662,13727]
[6950,16150,20995,38437]
[6952,8177,9248,11544]
[6953,11461,11861,15403]
[6956,12844,27636,55601]
[6958,15142,19113,27297]
[6968,8944,8957,13857]
[6968,10304,10582,10721]
[6969,14899,15219,46899]
[6970,12010,13211,17425]
[6970,13046,14905,20746]
[6975,16692,19220,29760]
[6976,12376,12905,14824]
[6976,14696,35098,39593]
[6979,28823,35046,48254]
[6986,19942,20111,48461]
[6987,11772,12733,14933]
[6989,10899,10967,42583]
[6996,7165,7200,17196]
[7000,20176,21749,52150]
[7002,11562,12549,36566]
[7007,7700,19040,34320]
[7007,37975,58630,61985]
[7009,8125,9375,11041]
[7011,7714,7749,8379]
[7011,29889,31119,37391]
[7015,7376,7425,32025]
[7015,11271,11475,34221]
[7018,9982,10143,29463]
[7020,13804,17629,19604]
[7021,7964,9316,11584]
[7030,7474,9595,11951]
[7031,12859,13141,16469]
[7033,9823,10279,10754]
[7033,16588,19476,21684]
[7035,13410,21400,28608]
[7038,13653,14467,65067]
[7049,7350,8010,11130]
[7049,7625,7735,9275]
[7049,18281,20459,31691]
[7049,32375,49025,60865]
[7050,9603,15520,57000]
[7051,51701,57031,58331]
[7072,8912,9588,11697]
[7072,11100,11985,21645]
[7072,16472,17017,18408]
[7072,16472,17017,32277]
[7075,11200,15875,38179]
[7075,13699,14895,57905]
[7076,9169,10553,11183]
[7076,22304,25636,31939]
[7081,15869,19418,58394]
[7085,8700,8757,9483]
[7090,19795,19806,38286]
[7091,8891,8896,17221]
[7093,13515,18075,19557]
[7095,9545,9675,19737]
[7095,11220,11407,41905]
[7099,19067,22983,29883]
[7101,37791,44382,65182]
[7107,7943,7952,8788]
[7120,11180,14196,20025]
[7129,13969,14258,15343]
[7134,7714,7749,8526]
[7134,9701,10701,12549]
[7134,12314,15311,20491]
[7137,12932,17568,20988]
[7139,8611,8639,22301]
[7140,7280,7300,21437]
[7140,8811,8989,13515]
[7140,8820,8925,11629]
[7140,9360,9860,11271]
[7140,23100,25500,29341]
[7141,11956,14668,47212]
[7142,21082,37466,41869]
[7150,8162,8645,13090]
[7150,11543,11568,17680]
[7150,13514,14375,15145]
[7150,23026,25805,45895]
[7155,50445,50861,64875]
[7161,22631,22971,51429]
[7163,7462,7488,9512]
[7163,8569,9512,12844]
[7169,29309,29312,44132]
[7171,8809,8816,9796]
[7175,8113,8815,14000]
[7175,8687,8720,13940]
[7175,9268,9632,20500]
[7175,11844,13120,18340]
[7176,12811,13064,17824]
[7191,8643,9193,16343]
[7191,16074,16184,19176]
[7191,21216,34944,38624]
[7192,8063,8352,41048]
[7192,8788,8873,11323]
[7194,36951,37312,57552]
[7200,10092,20300,28815]
[7200,28080,29250,50881]
[7203,8253,8897,18335]
[7204,17149,17296,48976]
[7205,13532,15045,42093]
[7215,9000,9768,18200]
[7215,17225,17649,18447]
[7216,7540,7585,9425]
[7216,8800,9020,9425]
[7216,11284,11316,25441]
[7216,15184,29744,53801]
[7218,10298,10827,20907]
[7221,9333,9867,12383]
[7223,8357,8905,22135]
[7224,11025,13000,19320]
[7225,8260,9401,25375]
[7225,8835,8904,13872]
[7225,12089,12775,14161]
[7225,12615,19125,25143]
[7227,9075,9125,10230]
[7238,11950,12425,35987]
[7239,7874,9906,48306]
[7239,19314,19406,20706]
[7241,8484,9009,11697]
[7254,8671,8874,9126]
[7257,7847,8673,62727]
[7259,7546,7616,8296]
[7259,8680,9184,12200]
[7259,8701,9821,16504]
[7259,10075,11375,13685]
[7259,27608,32045,61915]
[7261,9483,10411,14933]
[7261,27268,37264,43036]
[7265,25625,37625,40684]
[7267,7412,7436,17876]
[7267,37283,37323,47398]
[7275,9963,10005,19885]
[7275,12173,12690,13677]
[7275,15715,21534,40410]
[7280,12844,13300,19019]
[7281,12431,13455,32481]
[7291,12716,18224,21556]
[7291,13409,16031,16801]
[7293,8393,8502,10098]
[7293,12733,13338,33813]
[7294,14746,15183,20237]
[7298,7598,7743,32103]
[7300,14820,16764,31317]
[7300,27040,31317,58500]
[7302,10914,11189,20689]
[7308,7344,7395,7540]
[7313,8463,11200,13937]
[7313,9263,9522,17673]
[7315,14465,17325,23443]
[7319,17498,23306,49802]
[7320,7684,7695,8475]
[7325,8131,9825,13185]
[7325,10070,13478,19750]
[7325,14860,19244,32816]
[7326,9537,9826,32338]
[7326,24966,35409,58201]
[7328,7632,8244,9009]
[7336,10144,10461,10664]
[7337,7657,7722,11297]
[7344,15744,19225,33456]
[7345,17630,17927,32431]
[7347,19513,19592,48608]
[7353,8883,10633,26103]
[7353,13793,28647,63522]
[7361,9537,14289,28611]
[7361,21164,21216,27084]
[7362,14262,14315,29887]
[7365,14715,14725,16969]
[7371,13125,13179,21125]
[7372,9120,9603,17100]
[7380,28677,39120,48052]
[7381,12331,14927,32981]
[7383,19721,37629,46371]
[7384,13481,15128,28288]
[7387,10863,14418,17262]
[7391,8435,11809,15841]
[7392,12600,12792,16975]
[7392,21008,22932,27573]
[7395,8774,9350,11926]
[7395,15235,19113,19575]
[7397,8475,8535,8853]
[7397,8927,8987,9563]
[7397,9620,10400,11380]
[7400,32776,47005,64750]
[7403,11911,12114,12478]
[7409,12141,12193,17759]
[7410,11070,11375,18942]
[7412,8688,8717,12308]
[7413,8325,9060,14120]
[7414,19550,28645,44115]
[7424,8992,10208,15851]
[7424,10804,11049,26196]
[7424,20800,22320,47125]
[7424,20800,27840,47125]
[7425,9945,10625,25857]
[7425,13398,23200,27280]
[7426,36926,41726,55649]
[7429,9211,9291,11191]
[7429,11849,11914,17986]
[7429,16606,21726,44574]
[7429,20046,21726,29874]
[7437,8145,13213,32925]
[7439,9889,9966,19206]
[7439,13386,13494,19206]
[7440,8140,8547,9900]
[7440,10200,10249,11050]
[7445,8395,8425,10423]
[7450,8671,15496,19280]
[7455,7650,7854,9170]
[7456,13396,17708,23443]
[7462,16298,20951,65366]
[7469,8723,8827,20923]
[7469,19981,22649,56551]
[7471,11089,11809,16291]
[7473,10266,20352,20416]
[7474,10750,18685,22850]
[7474,14450,18685,37774]
[7476,16400,16724,18245]
[7479,8172,9328,9972]
[7480,9620,10175,11011]
[7480,16687,16775,33337]
[7485,19399,33849,63801]
[7491,10461,26985,52745]
[7493,12597,14382,57222]
[7494,35186,36221,40729]
[7496,7904,8346,8433]
[7496,10252,19677,38121]
[7503,10353,11407,20213]
[7503,11362,11439,20679]
[7511,9095,9164,10064]
[7511,9506,9513,10767]
[7511,10829,11011,23171]
[7511,11625,11970,19425]
[7514,8439,9306,9894]
[7514,8439,9711,30039]
[7515,10965,17125,29467]
[7521,8775,10140,13625]
[7521,15341,16146,18966]
[7524,10725,11245,13101]
[7524,14076,14151,44005]
[7527,10447,14154,15249]
[7527,15678,22402,29822]
[7535,12040,23872,27400]
[7539,10413,12863,16287]
[7540,8800,11165,14476]
[7540,14420,14476,15925]
[7544,8381,8584,22304]
[7548,8073,9724,11248]
[7553,17647,23423,57983]
[7556,17056,18491,58559]
[7563,9237,10084,17013]
[7564,15169,22687,25193]
[7564,21164,25484,29341]
[7564,21164,29341,35956]
[7565,8113,9185,16287]
[7566,10250,12259,14455]
[7568,8112,8316,16731]
[7569,9483,9592,10092]
[7571,9061,9266,10309]
[7575,19305,19695,46217]
[7579,9350,10600,11440]
[7579,18550,19355,24115]
[7579,21723,22321,29521]
[7579,44679,44891,63899]
[7584,8541,9344,11424]
[7584,9976,22707,52998]
[7585,8075,8165,9061]
[7587,11997,12083,22833]
[7588,12932,13079,14884]
[7600,8195,9536,10320]
[7600,8480,9275,11218]
[7605,7917,10192,16275]
[7605,12555,12675,15293]
[7616,8584,8840,18241]
[7616,8760,9709,41650]
[7616,13340,13700,18241]
[7616,18240,18241,53584]
[7625,8215,8347,9275]
[7625,9308,20260,24400]
[7625,15145,25925,30523]
[7625,15244,15860,18944]
[7630,10350,10791,16875]
[7633,27183,28287,38913]
[7644,23744,23751,24924]
[7656,7920,7950,7975]
[7656,10400,15080,18265]
[7656,11919,12056,61248]
[7657,9367,10013,11687]
[7659,11481,12053,13483]
[7659,27189,33327,45103]
[7663,9480,10112,19400]
[7663,11972,12992,15908]
[7667,10509,10659,14883]
[7667,11125,11275,22517]
[7667,11352,12672,16728]
[7667,11492,11968,23452]
[7667,17908,18573,20757]
[7667,23725,24017,61295]
[7671,12489,34579,54739]
[7678,26702,28994,58981]
[7683,10467,11193,11623]
[7684,10816,10829,13221]
[7685,9595,14219,38425]
[7685,14725,18073,27125]
[7695,8475,8930,12882]
[7696,12800,15504,21645]
[7697,9061,9464,21164]
[7700,9695,9972,12180]
[7700,12173,12180,14800]
[7700,27265,31724,35200]
[7701,12831,17787,27643]
[7708,12325,18880,21692]
[7709,33700,37084,40560]
[7711,11077,16123,48389]
[7716,15399,16121,18879]
[7719,23546,28296,55656]
[7722,9945,29575,41697]
[7724,13268,13301,18676]
[7725,8235,9150,10534]
[7733,8075,10545,13583]
[7733,8587,8651,10249]
[7733,9063,9196,26224]
[7733,14025,14133,18315]
[7735,8140,8177,9265]
[7735,25529,25721,29575]
[7738,8957,11395,14365]
[7738,11050,11395,12410]
[7743,10175,11075,11857]
[7748,11152,11492,14637]
[7749,22971,26117,27573]
[7750,10726,15051,15345]
[7751,8395,8425,8855]
[7760,13952,19760,20273]
[7771,13775,14315,15979]
[7775,16469,19781,28475]
[7775,28565,29435,38021]
[7777,8323,8352,8484]
[7787,12638,13373,60803]
[7791,27209,28119,31959]
[7797,12555,19775,27195]
[7799,7876,8096,11344]
[7799,8833,9217,9658]
[7800,8120,8125,8584]
[7800,8832,8840,13875]
[7800,9744,9750,14645]
[7800,9744,11310,14645]
[7800,10680,11521,17800]
[7800,19656,20280,38425]
[7801,12089,13181,14819]
[7801,16199,16849,28783]
[7803,8037,8092,13083]
[7809,26883,27492,31784]
[7810,8745,9000,10176]
[7812,8268,8281,18921]
[7812,9360,9860,10413]
[7820,9828,12025,36397]
[7820,11440,12025,18836]
[7820,11472,11628,14475]
[7821,7950,10229,21075]
[7821,8601,9196,19976]
[7825,8015,9390,20497]
[7825,9169,9515,10325]
[7826,8217,8424,13392]
[7828,8528,10127,29108]
[7828,11653,12283,14373]
[7830,11925,14122,21402]
[7833,12183,12322,32338]
[7837,9367,9401,13369]
[7837,9650,10013,11525]
[7837,21917,21931,56224]
[7840,19720,20825,59682]
[7847,8653,9303,44247]
[7848,24144,27169,28994]
[7849,9179,9312,26108]
[7850,9541,9555,16485]
[7852,11552,11573,32219]
[7865,9820,12319,43225]
[7874,11761,12606,46206]
[7875,8547,10175,12705]
[7875,17469,18125,23865]
[7888,17312,19668,34083]
[7888,26312,26657,31717]
[7897,10858,11943,27257]
[7900,11680,12125,37668]
[7904,9232,23529,30004]
[7905,17175,17633,24034]
[7913,11543,11931,21369]
[7917,9240,9483,38675]
[7917,9625,12750,40950]
[7920,10332,10455,11300]
[7921,19057,21271,36482]
[7922,12278,15611,48739]
[7923,9652,10355,21677]
[7931,14356,16909,19109]
[7938,27762,29698,50897]
[7939,32509,45149,49099]
[7943,12857,12943,17329]
[7943,12857,13442,37553]
[7945,14025,14805,15351]
[7946,33550,41785,45425]
[7953,10585,11710,13978]
[7953,15540,15665,29585]
[7954,17262,24354,27063]
[7955,34443,36045,42957]
[7956,9804,13260,14845]
[7957,8132,8267,12317]
[7957,20501,23725,31610]
[7965,10625,10669,14125]
[7973,8477,9688,10013]
[7973,11431,15477,18827]
[7975,10575,10890,25839]
[7975,10988,11020,12560]
[7975,11737,14065,14663]
[7975,11737,14065,23375]
[7975,16543,22143,42625]
[7975,20097,20735,52865]
[7975,21320,22591,29055]
[7975,22591,27830,41470]
[7975,24087,30500,46612]
[7980,9360,9425,9516]
[7990,9650,9671,10615]
[7991,9559,9796,30889]
[7994,9881,10521,13881]
[7995,12375,14300,15576]
[7995,13000,13125,15717]
[8001,9099,9160,12576]
[8004,16240,16385,19885]
[8004,22425,58305,61625]
[8007,12557,12648,15588]
[8007,19944,24344,35168]
[8008,16709,18291,23067]
[8008,17908,23023,34307]
[8019,14931,15939,22099]
[8023,12375,15525,18873]
[8024,40144,45934,48841]
[8027,8723,8827,9074]
[8027,11377,15423,18881]
[8029,13634,14467,21253]
[8029,20701,32339,45011]
[8033,9633,9639,32409]
[8037,15525,16188,20387]
[8037,15651,17501,18612]
[8037,15651,17501,32712]
[8041,11803,12441,13209]
[8041,38551,38967,64993]
[8043,8857,10716,19032]
[8052,9135,12615,30073]
[8060,19635,22500,29376]
[8062,16182,16443,29187]
[8075,8296,10115,11285]
[8075,8405,8449,18655]
[8075,11659,11875,21109]
[8075,12341,13685,18655]
[8075,26390,36890,65366]
[8075,26795,27727,35631]
[8075,31110,31125,54621]
[8077,27742,28171,40139]
[8077,58227,58487,61213]
[8084,30524,32733,55173]
[8085,9775,12078,61710]
[8088,9312,9457,18557]
[8090,11674,15715,16874]
[8091,9867,10059,10933]
[8091,10989,11803,14652]
[8091,11229,11572,12963]
[8091,14196,14381,17069]
[8092,9233,10948,13568]
[8095,10625,12307,13875]
[8099,13717,13949,17533]
[8109,11211,11234,11766]
[8109,15006,15211,26061]
[8112,9248,11271,14076]
[8119,9476,9884,13984]
[8125,15573,15860,22475]
[8127,9163,11557,54107]
[8131,13325,17300,18740]
[8136,8736,8814,14065]
[8140,13325,14924,15392]
[8144,14984,17777,24617]
[8149,20425,22750,35026]
[8151,11543,15026,49082]
[8151,15165,16835,16899]
[8160,9240,9529,10200]
[8162,8398,11662,13727]
[8162,8547,8658,37842]
[8162,12446,12463,17138]
[8162,19450,19875,26063]
[8166,23698,30873,43809]
[8169,15921,16023,38122]
[8169,43359,51689,57961]
[8174,15109,16104,17696]
[8177,10191,13041,28341]
[8177,19193,33592,58708]
[8178,11050,12285,23055]
[8183,14679,15579,23067]
[8188,8528,8633,9308]
[8194,12506,24531,36873]
[8204,29264,36332,45167]
[8206,11275,14920,25256]
[8207,12593,12679,17593]
[8211,10764,11339,22035]
[8211,18221,18297,45657]
[8215,20535,34410,44361]
[8216,20987,25888,37912]
[8226,22134,22387,23307]
[8228,9328,9537,10812]
[8228,13871,17479,62471]
[8229,24564,28896,32396]
[8244,8619,8684,21984]
[8245,15051,16199,34075]
[8250,14326,16650,16965]
[8250,26694,28231,29450]
[8253,8451,8601,9703]
[8257,19177,19632,30552]
[8259,14309,20172,21987]
[8265,12727,13923,20025]
[8265,38106,41610,58406]
[8277,16523,16687,19313]
[8277,16523,16687,29233]
[8277,56277,56337,63973]
[8281,11431,11891,12121]
[8285,10850,13090,23198]
[8288,9100,9620,11375]
[8295,10841,13209,18459]
[8296,13600,15555,18600]
[8302,11214,16011,21627]
[8303,19536,21072,36864]
[8321,12325,12945,31855]
[8323,8925,9135,15375]
[8323,8925,15375,21777]
[8323,9425,9802,14950]
[8323,9425,11890,14950]
[8323,10370,10400,14152]
[8323,10465,12173,13325]
[8323,22525,25085,41605]
[8325,16359,16905,32375]
[8325,16644,16880,24420]
[8330,9625,10439,51425]
[8330,10585,12986,24650]
[8340,15327,16160,16500]
[8344,11000,11825,16390]
[8346,16154,28171,56170]
[8351,11809,13601,42059]
[8355,39715,40313,51181]
[8357,17275,30500,48635]
[8360,9955,10136,20648]
[8362,11375,14170,16790]
[8380,11600,16269,17380]
[8385,10431,10865,19825]
[8388,12444,13281,13813]
[8392,24095,25720,56608]
[8398,11457,13832,27352]
[8399,12337,13201,35113]
[8400,15008,16380,21867]
[8400,15264,17236,19875]
[8402,17302,21005,21527]
[8405,9165,10413,43050]
[8405,9835,11051,11521]
[8405,16235,17425,17621]
[8406,10353,13447,15631]
[8415,16095,16575,18241]
[8415,34155,39100,63756]
[8418,8957,9243,9699]
[8420,13243,13893,15045]
[8421,8687,10479,18513]
[8425,10217,13545,35385]
[8425,20591,20670,47530]
[8428,17472,19877,39767]
[8436,9297,9472,16528]
[8437,8473,10286,12194]
[8437,12707,13429,15326]
[8439,14025,14065,15375]
[8450,9646,9675,10335]
[8450,15301,17875,31251]
[8450,18325,19058,49010]
[8451,10659,11951,17841]
[8463,10556,10788,19344]
[8463,12152,12168,20832]
[8463,22103,27342,41958]
[8469,11529,12233,23607]
[8471,9316,9456,10044]
[8473,10607,12194,13969]
[8473,11102,12194,31598]
[8473,11569,12194,13969]
[8475,11517,20242,59890]
[8475,14237,14238,16515]
[8477,13468,13968,14532]
[8477,16849,19376,22852]
[8477,17927,19376,22852]
[8478,19398,19411,30331]
[8484,25641,26159,31191]
[8489,18601,19669,47669]
[8490,35750,39897,43725]
[8493,11475,12665,22125]
[8493,15225,21625,62393]
[8494,12121,19778,36158]
[8494,12971,18632,31392]
[8497,21797,29233,47823]
[8500,25187,27412,58480]
[8500,43555,44400,57324]
[8503,15703,16483,18877]
[8504,35288,35713,40762]
[8506,13819,18139,18949]
[8507,10309,11041,15041]
[8509,11875,15075,26934]
[8517,22533,24157,25123]
[8520,17168,18270,26307]
[8524,32240,33100,35399]
[8528,10057,10127,13673]
[8533,11645,12117,28770]
[8533,11683,13013,20028]
[8533,13260,14365,15317]
[8534,9106,9263,9367]
[8535,8853,9750,21622]
[8536,15200,16005,19800]
[8536,23432,28886,30943]
[8541,9246,9256,9344]
[8541,11550,17885,22659]
[8541,14229,29419,64356]
[8544,48100,49395,61275]
[8547,8760,9125,27365]
[8547,8925,9125,9435]
[8547,11165,11803,16835]
[8547,12975,15510,49478]
[8549,37851,39475,45901]
[8550,20094,21675,22655]
[8552,26416,27873,41691]
[8560,10745,10783,14241]
[8568,8736,8840,8925]
[8568,9879,12104,14496]
[8568,12432,15457,26418]
[8580,12432,12580,15457]
[8585,14473,19415,32623]
[8586,9978,10186,10653]
[8586,17271,22743,32623]
[8586,30634,32623,42347]
[8589,9779,9933,13497]
[8593,9071,9079,9457]
[8601,9774,9889,11041]
[8602,11063,16687,23023]
[8610,8775,8897,15015]
[8610,15925,19125,23331]
[8613,15138,15312,19184]
[8613,15789,36564,47212]
[8613,30747,44525,51245]
[8619,8671,8874,9126]
[8621,16354,17941,19499]
[8625,11339,11730,13050]
[8625,19590,24150,30038]
[8626,10250,10925,11951]
[8632,18759,21216,50616]
[8635,12155,13837,22451]
[8636,9564,9796,13549]
[8645,9120,9139,13325]
[8649,9399,9401,13255]
[8650,36038,38225,64010]
[8651,10249,11001,23033]
[8653,12586,12760,20360]
[8664,13281,13288,16872]
[8671,13060,13065,18879]
[8673,12257,13629,20001]
[8692,30296,49979,61133]
[8695,12062,12305,19055]
[8695,12095,13175,14839]
[8695,12937,13175,16687]
[8700,9792,9860,10875]
[8700,17205,33205,54723]
[8700,21756,21925,22620]
[8701,20999,27335,32249]
[8705,12615,13398,31338]
[8706,9879,10063,12593]
[8715,27475,27789,37590]
[8717,15295,15308,16192]
[8720,12444,12644,13481]
[8723,9071,10095,16815]
[8723,10573,11102,52429]
[8723,12913,15314,19166]
[8723,13189,13298,24827]
[8723,15059,19166,24827]
[8723,39094,46202,58102]
[8723,41875,43875,52765]
[8725,9635,9686,11275]
[8725,16430,22525,24779]
[8729,10585,11165,12775]
[8729,12455,12775,18179]
[8734,18590,18659,34034]
[8735,18815,18821,26075]
[8736,10440,14065,17400]
[8738,10250,10537,10925]
[8740,46189,50635,53261]
[8743,10947,11241,13161]
[8743,11407,13583,21233]
[8745,11020,11223,15825]
[8745,13095,13550,15622]
[8745,16588,16687,17225]
[8755,19955,19975,20723]
[8763,10373,10557,14832]
[8768,11088,11097,30672]
[8769,9471,10212,27047]
[8769,12395,14319,50031]
[8778,14342,14847,35658]
[8784,9696,11446,25591]
[8784,20224,25029,48546]
[8785,56287,57340,63840]
[8788,8977,9009,28561]
[8788,16960,29575,54188]
[8789,13387,20689,31889]
[8795,9509,16191,17205]
[8801,21471,24839,46036]
[8806,12818,15219,24531]
[8806,13083,15219,22533]
[8806,22154,23002,34153]
[8809,11991,13281,63474]
[8811,36855,48950,57486]
[8814,12699,13056,21944]
[8815,36139,37714,62186]
[8816,9216,10665,11484]
[8820,13020,13625,28483]
[8820,24752,27027,32148]
[8827,21125,23765,56875]
[8827,22019,24206,25123]
[8829,10281,11026,12426]
[8833,11193,17238,26937]
[8833,21183,22523,29893]
[8840,12760,12818,49241]
[8840,12760,13250,49241]
[8841,12375,12425,17416]
[8843,14089,14261,16011]
[8853,16875,24897,30875]
[8855,9800,9856,11000]
[8865,10335,10441,20417]
[8873,10441,10700,23895]
[8874,23886,27643,44517]
[8877,9075,9415,9625]
[8877,12627,12643,12993]
[8879,14711,16393,23162]
[8880,17980,19323,29025]
[8881,9709,9842,57722]
[8888,9805,10475,11413]
[8892,10800,19825,58820]
[8892,11475,11520,17680]
[8897,10759,15841,47647]
[8897,18473,18879,20336]
[8901,9858,11067,11501]
[8904,28496,39319,49714]
[8908,9768,10413,27513]
[8917,25427,40034,62419]
[8925,10388,10512,26880]
[8925,42365,42375,59769]
[8928,16152,17112,20863]
[8931,11705,11955,21069]
[8931,12963,17719,25181]
[8931,12963,17719,46487]
[8932,11193,11232,11676]
[8932,11193,11232,14268]
[8932,12432,13468,15457]
[8937,18062,18063,22167]
[8947,9715,9725,25375]
[8949,10101,13949,29045]
[8949,11925,12351,13345]
[8957,11050,11395,14365]
[8957,22403,22984,65411]
[8957,22795,34450,47918]
[8959,10200,10625,42241]
[8959,10593,11016,18207]
[8959,11201,11271,14846]
[8961,10305,10695,13511]
[8976,9324,9435,10676]
[8976,26364,26367,31603]
[8979,9585,10950,12710]
[8979,29475,29930,37410]
[8987,28939,29612,32164]
[8989,26013,26361,44589]
[8998,23023,25767,29337]
[9000,10176,10600,12025]
[9000,25632,25810,30675]
[9005,11155,12607,16225]
[9005,23125,24875,34219]
[9008,13364,26964,43433]
[9009,15799,16983,42822]
[9019,12869,13199,27499]
[9023,11480,22400,41248]
[9025,9272,9760,21128]
[9025,13566,13680,15000]
[9030,21275,22776,36000]
[9040,10968,12650,18193]
[9040,38280,38475,58986]
[9048,12848,19053,24297]
[9048,14952,14977,20648]
[9050,23862,27750,30555]
[9051,10074,12824,49784]
[9056,16144,16991,19171]
[9061,12019,12546,13029]
[9061,24637,25286,32062]
[9062,35738,37467,52118]
[9063,11324,16112,26224]
[9063,15633,16984,17649]
[9063,16791,16984,20512]
[9065,10591,16150,19166]
[9074,11581,13262,17822]
[9074,13651,17101,23725]
[9075,16810,18000,26568]
[9075,25707,26125,46740]
[9076,10064,10132,15883]
[9077,12649,13124,21076]
[9086,10974,11151,12789]
[9113,25063,46967,59657]
[9120,17536,18495,24900]
[9125,12702,13870,27730]
[9125,31301,32449,38399]
[9135,9180,9425,17799]
[9135,9828,10353,12025]
[9144,12136,12231,21114]
[9146,9250,9265,10175]
[9158,29750,33325,40970]
[9163,17227,18445,28390]
[9163,29512,33728,55552]
[9165,12595,12675,13053]
[9167,18383,19253,31903]
[9169,17429,30794,63706]
[9180,9360,9425,10812]
[9184,12200,12505,17384]
[9184,16128,16416,23247]
[9207,20988,21903,36047]
[9211,10849,11026,12914]
[9215,17119,22525,31331]
[9215,29055,42927,50925]
[9229,12947,17171,34579]
[9238,12927,21793,35807]
[9243,19572,19852,61152]
[9250,10185,10350,15762]
[9250,32110,47138,56875]
[9256,12444,16133,59719]
[9259,10325,10835,10925]
[9262,13013,16082,42942]
[9263,17071,19921,62329]
[9264,36312,37635,37825]
[9265,10175,10625,11137]
[9265,13160,21800,31552]
[9275,10793,11943,21465]
[9275,11515,11750,17437]
[9275,12901,13125,55750]
[9275,13253,15995,35525]
[9280,11440,11600,22049]
[9280,13260,18100,30421]
[9282,23058,26962,29463]
[9282,25158,29463,43763]
[9290,20210,28013,56335]
[9295,9393,12795,61893]
[9300,23436,28675,29580]
[9305,10855,10925,11097]
[9306,23331,24486,57974]
[9309,12349,12879,20271]
[9312,13824,14065,36960]
[9324,36176,36297,59724]
[9325,11990,12309,27885]
[9325,28531,31705,65095]
[9330,9425,10353,13455]
[9333,10362,10848,21352]
[9333,10557,10659,14429]
[9333,12726,21917,44149]
[9338,28942,29677,44573]
[9344,9576,13833,15768]
[9350,11926,15290,18601]
[9350,11926,15290,23375]
[9350,11926,18601,23375]
[9350,42425,54304,58480]
[9353,46325,47685,63547]
[9361,9647,9847,10978]
[9361,10043,10582,22718]
[9361,11375,11615,55315]
[9361,13246,14402,22718]
[9364,14539,16387,18389]
[9367,9983,12818,15198]
[9375,11041,11160,13575]
[9375,20705,20907,21525]
[9378,32466,35947,48453]
[9387,46893,58029,60494]
[9393,16143,16618,20375]
[9394,11221,11224,12824]
[9394,19747,23331,24453]
[9396,10971,19504,24012]
[9400,10180,11625,35121]
[9400,28704,33720,36855]
[9401,13369,15151,17244]
[9405,12015,13871,17391]
[9407,12673,13915,28225]
[9410,23350,23525,27071]
[9418,19975,21185,23545]
[9423,16185,17450,21190]
[9424,12416,14338,19007]
[9425,11023,11165,11875]
[9425,14137,14612,33800]
[9425,15600,16113,17745]
[9425,17017,23345,37583]
[9425,17143,20410,21257]
[9429,11691,13847,50107]
[9432,18288,20003,29397]
[9435,10491,13566,62725]
[9436,12264,22379,24601]
[9440,29768,30600,31293]
[9447,12857,13554,55449]
[9450,13727,14310,51030]
[9460,13940,13949,19700]
[9464,10868,11011,64911]
[9471,14399,14586,43911]
[9471,16353,16415,17220]
[9477,17595,20125,30498]
[9483,17577,17767,23577]
[9486,17019,17950,30690]
[9487,15857,21147,47647]
[9494,11009,14241,15369]
[9499,12749,12901,16226]
[9499,12749,16709,56364]
[9500,15457,16400,17732]
[9500,15616,17145,18300]
[9503,12769,13447,15553]
[9507,11613,19599,60211]
[9509,17391,18581,27499]
[9513,11543,11628,34047]
[9515,21845,39083,65021]
[9520,20553,21903,26775]
[9537,12737,13255,29887]
[9537,18343,45084,51111]
[9538,16378,16383,17917]
[9540,15744,17331,43460]
[9541,13949,29029,30821]
[9541,28934,39469,55981]
[9553,12369,12595,25825]
[9553,13847,14042,15433]
[9553,16303,18769,44897]
[9563,11227,12307,15707]
[9568,12168,12285,16443]
[9572,14672,16751,22372]
[9579,14137,18988,28712]
[9579,29291,29544,45069]
[9581,27403,28944,47853]
[9593,40877,47806,61814]
[9605,27963,29563,43225]
[9612,10176,10388,25599]
[9618,18498,20311,24274]
[9620,10225,10400,21268]
[9620,13568,23532,31005]
[9620,29260,48581,62900]
[9626,20182,26474,52943]
[9628,9776,9797,16124]
[9633,10906,10944,12792]
[9644,14999,15052,28688]
[9646,11842,11858,11921]
[9647,11803,14652,21048]
[9651,35187,35387,58949]
[9657,10503,11281,12561]
[9657,22368,28416,53344]
[9657,22815,23310,35815]
[9672,11765,12800,15928]
[9678,21322,21527,24803]
[9681,23569,24804,25641]
[9682,16598,16617,23533]
[9682,43287,43616,46096]
[9683,11492,13472,18928]
[9685,30005,55913,59657]
[9695,20995,32963,35581]
[9696,9752,9798,10971]
[9696,9856,9999,15576]
[9696,10136,10203,14118]
[9699,11466,12296,20904]
[9701,19097,22672,40228]
[9703,11978,12769,15847]
[9703,17753,17841,27279]
[9707,14443,15257,36421]
[9709,10541,10619,12166]
[9711,12129,13409,25441]
[9711,12561,12831,13409]
[9717,12383,18792,32208]
[9727,20387,21199,55759]
[9731,19939,23393,27713]
[9735,17875,18018,24150]
[9737,13213,18980,27512]
[9746,18971,19154,19838]
[9750,10586,10710,15825]
[9750,15921,16120,20496]
[9750,17450,26767,38870]
[9770,11310,16425,20517]
[9773,10835,11165,54175]
[9775,12625,14375,25553]
[9775,28655,30345,59394]
[9776,22652,28548,31551]
[9779,14739,14863,32657]
[9782,17119,18232,19856]
[9785,10275,13488,24660]
[9785,28600,29024,35000]
[9786,9898,16261,24698]
[9796,15725,17760,25680]
[9799,10625,10650,14535]
[9808,18920,21455,22150]
[9815,18473,19065,19435]
[9815,18473,19065,37323]
[9821,29946,30744,43056]
[9822,11342,11459,12031]
[9828,11655,12025,30303]
[9841,14183,14383,14534]
[9843,13532,16043,19669]
[9847,15433,21068,26657]
[9847,20447,21068,26657]
[9847,35639,35647,36722]
[9853,12247,12947,15341]
[9855,11235,11242,21350]
[9860,12680,14529,23775]
[9861,10764,11764,14196]
[9861,25125,26815,27775]
[9864,19536,20065,30414]
[9867,25875,27170,37950]
[9875,14061,15111,20925]
[9884,11956,12411,16761]
[9889,11041,11049,13601]
[9889,11041,11407,13937]
[9893,25051,31201,40651]
[9900,12441,12545,28391]
[9904,16500,37620,44385]
[9911,19383,25917,31161]
[9915,16020,16059,58829]
[9918,10947,11803,19293]
[9919,12383,12581,15067]
[9919,18879,20001,28449]
[9925,18285,18675,51213]
[9933,10803,10857,16093]
[9933,24723,28567,65527]
[9943,14168,14263,17873]
[9945,10680,15041,22695]
[9945,12255,12350,16473]
[9947,16027,20837,27263]
[9947,16261,17353,58697]
[9947,24766,28670,34510]
[9953,17578,28897,50303]
[9963,20820,21812,25680]
[9971,10189,10213,10478]
[9971,10675,11895,36685]
[9971,14053,18746,24254]
[9971,23579,32266,37349]
[9975,10578,12320,16072]
[9975,15228,18480,19460]
[9982,14129,14471,35271]
[9982,25543,28658,43378]
[9983,12557,12559,14351]
[9986,31154,33259,64066]
[9991,14637,14841,15609]
[9999,10701,16646,24846]
[10000,15916,16125,41205]
[10001,22673,23123,25377]
[10008,13485,14592,52640]
[10010,14118,14157,29865]
[10013,18392,23579,47141]
[10013,22019,22525,44030]
[10013,22630,29512,58400]
[10016,11764,12172,20587]
[10019,11639,13529,26329]
[10023,11502,11822,13182]
[10023,19923,21008,29812]
[10023,35673,38617,48783]
[10028,11700,12753,15660]
[10030,16169,16280,18800]
[10031,11281,12059,32219]
[10033,13617,20239,28667]
[10033,14992,16721,21583]
[10033,19343,23287,47212]
[10035,11245,20241,40527]
[10036,25676,30589,38324]
[10045,10283,10742,11830]
[10045,11375,12173,13325]
[10048,10948,11853,13668]
[10054,10250,10285,20746]
[10059,10933,12267,25584]
[10064,32308,40589,56539]
[10065,12769,16815,25425]
[10070,13205,13206,14250]
[10071,10656,12672,27232]
[10076,32224,36179,39644]
[10080,20280,21125,30264]
[10080,26260,26325,55449]
[10081,15164,16604,18496]
[10087,12314,12838,18662]
[10088,40832,43043,49082]
[10092,13113,13456,16816]
[10095,23485,27500,59224]
[10097,13157,15573,38827]
[10100,12580,12625,12701]
[10100,12580,12701,63529]
[10100,25544,26381,31775]
[10101,14091,14475,16835]
[10106,22550,33210,41319]
[10114,15317,15933,35139]
[10115,10621,10675,10829]
[10115,14455,18343,24871]
[10125,11715,11750,38014]
[10132,15257,15943,28543]
[10136,13139,13160,60064]
[10147,12155,16422,28470]
[10147,14053,20294,23491]
[10150,10505,12122,35750]
[10150,14615,15631,32375]
[10150,23690,30599,44225]
[10153,13937,14014,16471]
[10153,13975,14697,35997]
[10161,45489,46961,62095]
[10166,18009,18954,21114]
[10166,21551,43654,54346]
[10176,17320,17649,38376]
[10179,11339,11934,21141]
[10184,17347,18565,21755]
[10185,10615,10701,11475]
[10185,11856,14065,24625]
[10185,13375,14175,21756]
[10188,12687,14388,16916]
[10188,13563,14388,24112]
[10189,14017,18483,34317]
[10191,16241,16539,18639]
[10192,15708,19292,32045]
[10192,18221,20608,28496]
[10192,20300,32045,39092]
[10199,12201,12699,15687]
[10199,18377,21573,24123]
[10199,23529,24123,41943]
[10207,20383,31832,35207]
[10208,27916,28391,52492]
[10212,19188,20413,59163]
[10229,11849,11972,26248]
[10241,11521,13769,18081]
[10245,29637,32005,64113]
[10249,11851,11911,22009]
[10249,14839,24073,37183]
[10250,11849,11951,17425]
[10250,12682,12710,25625]
[10251,10374,10416,12376]
[10251,10374,10659,20501]
[10256,14819,14949,18589]
[10256,14819,14949,48101]
[10266,14809,16614,35046]
[10275,13437,13475,14930]
[10275,15709,17815,19885]
[10283,12308,12656,15764]
[10283,13717,14703,17967]
[10283,21749,26167,39767]
[10283,31746,37629,44733]
[10302,11538,12499,13461]
[10302,21106,21131,43127]
[10307,11581,11894,12181]
[10309,12803,19747,65534]
[10309,14774,15379,26779]
[10312,26928,26937,34803]
[10317,11628,12308,15808]
[10320,17316,18241,37700]
[10324,10675,14640,16300]
[10327,11713,11999,15266]
[10327,11977,12571,17723]
[10335,11270,16599,35775]
[10335,22995,23214,24050]
[10351,24310,27599,32935]
[10353,21903,21905,30247]
[10355,13325,17395,18421]
[10355,15015,15042,60450]
[10370,12818,13005,19825]
[10387,42300,44612,48880]
[10400,11560,12597,16744]
[10400,12992,13195,15400]
[10400,12992,13195,17108]
[10400,14872,15400,65065]
[10402,18421,21021,54173]
[10404,21525,21540,32096]
[10405,34307,34970,45782]
[10413,10512,10608,11392]
[10413,10650,10680,11440]
[10413,15957,18957,33293]
[10413,24087,24297,40663]
[10418,23858,29187,45762]
[10422,11250,14475,15625]
[10423,11902,11912,17312]
[10425,11655,12679,13875]
[10431,10751,10787,12353]
[10438,19109,20488,26384]
[10438,21463,26063,44785]
[10439,11275,40139,61685]
[10439,14689,15914,24217]
[10439,31789,34814,47918]
[10440,12376,13949,24650]
[10440,13080,15481,18966]
[10440,21896,22321,24650]
[10446,10614,11407,12187]
[10447,15967,20529,39729]
[10452,15952,17283,38883]
[10455,29565,32900,35916]
[10469,27493,27619,49381]
[10471,14279,14315,15979]
[10475,19261,23750,27285]
[10476,11700,12325,17460]
[10490,11525,11539,14725]
[10490,13667,14725,20933]
[10498,14450,14645,15385]
[10500,13524,15225,23725]
[10503,38916,42480,62240]
[10504,11252,13871,38077]
[10504,11336,11371,20254]
[10504,11456,11528,11817]
[10506,19719,34881,37247]
[10506,26622,28303,37247]
[10511,12617,14167,16058]
[10511,15067,15536,20108]
[10511,20303,21747,26353]
[10519,14569,14807,57419]
[10519,19775,20720,38465]
[10519,33269,38075,51781]
[10525,23135,30406,31154]
[10528,18848,19096,44919]
[10532,11908,12741,19236]
[10538,40178,40467,60267]
[10547,11618,14453,41547]
[10549,34300,38500,48224]
[10556,12444,12644,13481]
[10556,13420,13481,21025]
[10557,12669,13243,14981]
[10557,48348,48848,59568]
[10560,17000,17391,19800]
[10568,13192,24346,25099]
[10573,11099,11102,11227]
[10573,20167,22022,35378]
[10582,15257,15466,19418]
[10582,42082,43043,48037]
[10583,11857,12792,35232]
[10585,36163,36938,42050]
[10591,17057,18241,31809]
[10591,20513,22865,32485]
[10591,31073,35066,45934]
[10604,23001,23136,42636]
[10608,11200,11245,17680]
[10611,20511,20812,23736]
[10619,17119,27454,45346]
[10621,20421,25181,58994]
[10625,17995,26962,29050]
[10633,15799,16058,20801]
[10634,13897,14534,14966]
[10647,12987,13013,14763]
[10647,15247,15652,22967]
[10647,24332,24336,29484]
[10653,21153,21286,33522]
[10656,12644,12987,53244]
[10659,11766,11786,12614]
[10659,18734,21054,63954]
[10664,40672,40936,54653]
[10666,21250,21275,26665]
[10675,10970,11000,17552]
[10675,16109,20915,42716]
[10678,18562,58167,64967]
[10686,19106,20737,28907]
[10693,13825,14450,17582]
[10697,12083,12104,12284]
[10701,11433,11517,13949]
[10701,11475,11625,11849]
[10701,11475,11849,22185]
[10701,14835,15375,16849]
[10719,18369,21021,45059]
[10725,13797,14235,20525]
[10725,15392,15725,21125]
[10735,14763,15390,16950]
[10736,17589,18928,28864]
[10744,11096,11122,15203]
[10759,15841,21889,27521]
[10761,15111,15689,18615]
[10763,11413,12135,19513]
[10776,19400,19470,20205]
[10777,12775,31995,39785]
[10783,11542,11543,15457]
[10794,12614,13621,16646]
[10795,16465,19669,20075]
[10795,18031,19669,20075]
[10795,22100,23500,28288]
[10797,26093,33489,42771]
[10800,11628,11645,11700]
[10804,11700,13505,22685]
[10804,13136,13772,30377]
[10808,17072,17081,18721]
[10811,20990,42011,55739]
[10815,16575,16625,20111]
[10816,14160,14384,15275]
[10816,21960,22984,29585]
[10819,24797,26719,63169]
[10825,12260,12873,22385]
[10825,13485,13542,59874]
[10829,14196,17748,26208]
[10841,24854,27968,39848]
[10846,13958,15283,38883]
[10848,13512,14357,15368]
[10849,17933,23108,30192]
[10849,20831,20941,21409]
[10850,13702,14105,14875]
[10850,24926,31650,48199]
[10850,54166,58765,62275]
[10855,12325,12441,16473]
[10863,14937,15249,26386]
[10863,18507,21988,29632]
[10865,19825,24115,32513]
[10865,20111,29939,50575]
[10865,30121,41990,59254]
[10875,21795,21886,54750]
[10877,15875,16425,51405]
[10878,15453,17952,37592]
[10879,11063,11137,13846]
[10879,16577,17279,32021]
[10879,22849,27371,62901]
[10892,40588,40948,58277]
[10893,27507,34903,64183]
[10900,23815,28400,32908]
[10904,14248,14385,16965]
[10906,20406,24969,27531]
[10914,15606,15827,32767]
[10917,31413,31538,32042]
[10925,11849,11890,15130]
[10925,16435,16511,17887]
[10925,25783,26220,40080]
[10933,11193,13716,25584]
[10933,14268,25584,30276]
[10933,27083,27521,32383]
[10934,12851,12922,17738]
[10940,11600,12060,16269]
[10946,12441,16434,21054]
[10947,15807,21197,32307]
[10950,11193,11865,33215]
[10951,13975,15145,28375]
[10952,11680,13320,14673]
[10970,18530,18649,19375]
[10971,46125,47150,48645]
[10974,14562,23074,31551]
[10985,16375,16571,21125]
[10985,18135,19773,29475]
[10988,17612,17716,25789]
[10990,23275,25277,45365]
[11001,11196,11868,12352]
[11001,16884,21616,26124]
[11007,18183,19239,20416]
[11020,36500,36941,52925]
[11024,12300,12349,13940]
[11024,22704,22737,24948]
[11033,13287,13301,13609]
[11033,20735,21008,21692]
[11033,20735,21008,60775]
[11039,19434,20448,31488]
[11040,37444,38775,45540]
[11041,14751,15433,33847]
[11041,15041,19459,30589]
[11041,18079,18422,19367]
[11041,26516,26529,42761]
[11050,16054,16055,64565]
[11050,18758,21242,51415]
[11063,12023,14209,14911]
[11077,19285,22715,42427]
[11085,25875,25897,29719]
[11085,25875,25897,64375]
[11088,11712,12937,17812]
[11088,14280,14450,14637]
[11088,19488,22620,54775]
[11095,41230,41713,55375]
[11096,16211,16587,54093]
[11097,22407,24523,29973]
[11100,13860,13875,13988]
[11100,32565,41440,46032]
[11102,12173,12432,19032]
[11102,14377,16226,21266]
[11102,24827,37037,51667]
[11111,18625,19815,32800]
[11115,15555,18411,52858]
[11121,12546,20366,27634]
[11121,15857,20557,21779]
[11125,14219,14375,17755]
[11125,15155,17800,26413]
[11125,23569,25810,57350]
[11128,14432,17589,29304]
[11135,19060,20468,21744]
[11137,17537,20683,34357]
[11137,19383,22113,33633]
[11141,17459,17576,58276]
[11147,17063,17284,48496]
[11152,15589,15827,38227]
[11152,19823,22128,57072]
[11165,15925,15950,19019]
[11168,11568,16388,39437]
[11169,11256,12296,14016]
[11169,14931,14994,23506]
[11169,18469,23579,47141]
[11169,32589,33796,44304]
[11169,45951,47141,56059]
[11169,56775,56794,58650]
[11172,22477,23712,42588]
[11174,11849,11914,15334]
[11174,11849,12136,19584]
[11174,18275,18755,20165]
[11180,27056,28244,45305]
[11182,22018,22418,35207]
[11184,15276,17043,17708]
[11193,13601,14268,23751]
[11211,15179,15503,35653]
[11212,16243,17453,29997]
[11214,37989,41741,44019]
[11220,12753,12972,13600]
[11220,13860,14025,14701]
[11220,54900,62220,65509]
[11223,11919,17673,28681]
[11223,13498,14058,20358]
[11224,13216,14091,19026]
[11225,26219,29830,42206]
[11228,17671,18847,23903]
[11229,16821,17501,19491]
[11231,17119,17357,19981]
[11236,16484,16801,24676]
[11242,14806,18469,22058]
[11242,28126,30149,63683]
[11247,16473,19652,23128]
[11252,19680,21900,23055]
[11266,23650,24035,26015]
[11267,15617,18317,30067]
[11271,12159,12194,47481]
[11271,15921,21777,22204]
[11271,17626,35802,59658]
[11284,14651,14784,16224]
[11285,22330,22837,28675]
[11285,26675,26677,41419]
[11286,37791,47959,61161]
[11293,19067,25699,31234]
[11297,24505,30728,52572]
[11298,22879,24210,26850]
[11300,11480,11501,12887]
[11300,23375,25636,26500]
[11303,13949,13978,20826]
[11305,12844,13481,16055]
[11305,15785,16473,19475]
[11305,17056,17425,44945]
[11322,13758,14803,20617]
[11323,18693,20033,32383]
[11323,29341,29627,55227]
[11325,22725,30646,34845]
[11328,20272,20532,32037]
[11336,13072,13185,35970]
[11336,21416,23474,34801]
[11336,23664,24089,25114]
[11339,11661,11934,12006]
[11341,17459,24284,31291]
[11341,27181,28589,30064]
[11343,18126,18232,20976]
[11345,44625,47649,58275]
[11349,12276,12688,18624]
[11349,16107,16151,16393]
[11349,16107,16151,20501]
[11357,15410,22160,47000]
[11361,16383,16415,43260]
[11367,25857,30312,38012]
[11368,15841,20440,27840]
[11374,15587,16126,19838]
[11375,19135,21658,31150]
[11377,14597,14987,20213]
[11380,14800,21053,27380]
[11381,20425,23750,32306]
[11385,12423,13115,30135]
[11387,20165,20513,28613]
[11389,28861,28939,36661]
[11390,13838,17765,20350]
[11392,13088,13156,20041]
[11395,14365,17225,30889]
[11395,21275,25123,26500]
[11397,17925,19285,40875]
[11400,15640,21735,25806]
[11400,17748,19805,28275]
[11401,15351,23751,55251]
[11403,34587,34725,55205]
[11407,11623,12017,21233]
[11407,15532,15572,21472]
[11407,18193,19345,32657]
[11407,18193,21131,38357]
[11408,14432,14467,19182]
[11413,11883,12349,15029]
[11424,25284,25721,40579]
[11425,25705,25824,27420]
[11427,17085,17290,54723]
[11427,30732,32448,55948]
[11431,14375,14455,20125]
[11431,18361,20679,22204]
[11431,18809,18827,41707]
[11448,18981,23544,62752]
[11452,46508,47953,54397]
[11461,16564,16571,22451]
[11462,12218,30218,33907]
[11465,39295,41825,64204]
[11468,13865,14100,17568]
[11473,14025,14065,40975]
[11473,57377,59226,61202]
[11475,13035,13090,18678]
[11475,17043,21660,30875]
[11475,18291,18445,22750]
[11475,25389,32045,59085]
[11480,12064,12136,12325]
[11480,13664,13725,19950]
[11480,21200,21730,42809]
[11500,16297,28105,62505]
[11501,13321,13667,17437]
[11507,13243,19493,51578]
[11521,14271,15129,17703]
[11523,12132,12144,31004]
[11525,24331,25355,36875]
[11529,13221,13334,14274]
[11539,15725,15735,33405]
[11543,13207,13243,17051]
[11543,33304,33368,59296]
[11543,57687,58089,58491]
[11544,12760,19240,56869]
[11553,15903,15947,20705]
[11557,19468,20933,26533]
[11557,26117,32004,64389]
[11560,16125,19176,43200]
[11563,11725,14920,57165]
[11563,16997,17003,17813]
[11564,12448,12461,19039]
[11567,11825,13717,14795]
[11567,26471,30404,62696]
[11571,14189,14541,36816]
[11581,15875,15975,19719]
[11584,11816,11946,12221]
[11600,12116,15275,27209]
[11600,12376,12410,12905]
[11600,12376,12905,24650]
[11600,13056,16269,45900]
[11600,22336,23780,43625]
[11600,23660,24500,27209]
[11603,25967,45518,59882]
[11605,41180,43989,45067]
[11607,22563,38586,54166]
[11617,19299,20067,34851]
[11622,14350,16605,55875]
[11625,17631,20319,32650]
[11625,20181,23506,32550]
[11629,23901,24173,50797]
[11635,16211,20339,25714]
[11639,29764,30736,56764]
[11645,12995,13625,15481]
[11645,17836,18000,22836]
[11645,23075,23153,29425]
[11645,29125,30250,32606]
[11647,26828,33972,39536]
[11649,38739,39427,43907]
[11650,34970,37375,48697]
[11655,12012,12025,16737]
[11655,12985,13041,17649]
[11655,13311,13345,16095]
[11655,15225,16095,19097]
[11655,19143,23632,60207]
[11660,12325,13300,14416]
[11661,12013,12636,14064]
[11661,14739,15379,24276]
[11661,18843,18957,33293]
[11661,19251,19964,22661]
[11679,16701,16717,34867]
[11679,34821,35441,48399]
[11683,14233,14328,30288]
[11685,11832,13440,14432]
[11687,31527,34069,42601]
[11690,22385,25273,28025]
[11700,12180,12325,12876]
[11700,12312,12337,36075]
[11700,13356,13515,13780]
[11700,17556,18356,18925]
[11700,30160,33553,51301]
[11704,18400,19625,25160]
[11704,21004,21021,52437]
[11715,15300,15325,16133]
[11716,17264,20111,39091]
[11723,23427,27148,41648]
[11725,26180,35475,51051]
[11725,28469,30150,34706]
[11725,47915,49284,57165]
[11750,47498,48730,51425]
[11759,28391,28569,31001]
[11764,13283,13667,25789]
[11764,14039,14161,19895]
[11772,14175,15260,23940]
[11773,12419,12931,14677]
[11774,14681,14734,16066]
[11774,20951,26866,30914]
[11776,13144,16616,21359]
[11799,12681,14697,32407]
[11799,13801,16951,19688]
[11802,16758,17633,26133]
[11817,12952,12969,19089]
[11832,14007,16745,25143]
[11832,16744,16745,18850]
[11844,14637,14756,15744]
[11845,15875,15952,18500]
[11856,14060,14065,36556]
[11856,19276,21684,32391]
[11865,17945,17967,20079]
[11869,24827,25123,30173]
[11875,15295,20125,52003]
[11875,15529,16215,19625]
[11877,44325,49765,51023]
[11884,32384,37931,47759]
[11895,13221,13520,16104]
[11895,15283,17442,25230]
[11900,42385,47056,55328]
[11902,16718,16771,18626]
[11911,21479,23411,28339]
[11913,45999,50825,56490]
[11919,19569,20755,21235]
[11919,22479,23368,25527]
[11920,14260,14725,18476]
[11925,13359,13409,21535]
[11925,15355,16686,35298]
[11925,24727,28170,35298]
[11925,27115,27135,41499]
[11930,14110,14117,20281]
[11931,17371,17819,22879]
[11931,37125,39770,46875]
[11934,12711,13858,18258]
[11934,16059,17051,30381]
[11937,23052,25312,30448]
[11946,14179,15939,27069]
[11951,15409,16549,18299]
[11951,22577,33201,47226]
[11951,28271,29189,49489]
[11952,17973,28416,31952]
[11960,15904,17710,52325]
[11968,41760,42075,62568]
[11972,17343,18396,35424]
[11977,41623,42427,62629]
[11983,20623,21299,29939]
[11983,26657,27343,29233]
[11988,14892,15860,18615]
[11993,16583,16906,22329]
[11994,20766,24487,60367]
[11997,15407,16093,19747]
[11999,18025,18655,59290]
[11999,50623,53599,57226]
[12000,15048,23560,35625]
[12000,22317,26880,27680]
[12002,13598,13838,21533]
[12015,12720,12848,24000]
[12017,29783,40687,43537]
[12025,13231,15281,21250]
[12025,16892,17020,42640]
[12045,16907,20075,25493]
[12050,34815,36873,62625]
[12051,34821,39858,50693]
[12053,21827,22338,22763]
[12056,33561,35329,63679]
[12068,12556,12581,13943]
[12069,13125,14500,36005]
[12070,48635,51238,60634]
[12075,21805,22701,31050]
[12075,26923,28773,37605]
[12079,13744,14833,22737]
[12079,17000,17105,25721]
[12087,14637,18768,20008]
[12089,16288,38489,53537]
[12089,23871,27612,51993]
[12089,29639,39721,51799]
[12099,12925,14615,15805]
[12110,13630,13825,35119]
[12110,15170,16450,49651]
[12122,13053,13083,14877]
[12122,15598,18777,24003]
[12130,20474,27899,30005]
[12136,12416,15617,19352]
[12139,13021,13091,15709]
[12140,32375,33300,35856]
[12141,15620,15691,17141]
[12155,16250,17238,27450]
[12170,16250,21450,47463]
[12175,32195,32881,43727]
[12176,13528,15049,16401]
[12180,12240,12325,23732]
[12180,15561,15689,19761]
[12185,37105,38225,63362]
[12191,13725,13730,20570]
[12191,31265,40515,43875]
[12193,18207,20961,44451]
[12210,22997,41085,62403]
[12215,14875,15225,17799]
[12218,14326,14351,15457]
[12221,13124,13317,15453]
[12233,12733,15997,25987]
[12235,49805,52984,63764]
[12236,13889,14672,27664]
[12236,38640,52564,58765]
[12238,17138,17458,19343]
[12243,28987,32118,56763]
[12254,18221,18349,20659]
[12255,13914,13975,33239]
[12259,12765,13041,23985]
[12267,14942,14958,18270]
[12278,13858,15457,35957]
[12285,23250,23296,27160]
[12308,17040,17460,22083]
[12308,41800,42535,58667]
[12317,13612,14252,56048]
[12321,24375,42250,45695]
[12324,14381,15184,33884]
[12325,13872,14355,15045]
[12325,15080,15776,44200]
[12325,16835,24206,29750]
[12331,12779,13357,31597]
[12331,24875,26085,31375]
[12337,49781,49855,53185]
[12350,18354,20475,21945]
[12351,20801,21971,26129]
[12355,17745,30989,54925]
[12355,21965,23288,25124]
[12357,12987,13653,15103]
[12363,26613,32527,34827]
[12363,35475,36010,55475]
[12375,16745,16875,17577]
[12375,20115,22946,28050]
[12375,31863,38825,43095]
[12383,19558,20378,40138]
[12384,15336,16491,19039]
[12389,18139,24871,31449]
[12393,13743,14252,25623]
[12395,31571,45325,53020]
[12410,22570,28294,32375]
[12423,19175,19227,21285]
[12426,17934,18003,24823]
[12429,15207,16132,22096]
[12432,13356,13515,18685]
[12435,34437,35788,48912]
[12441,13209,18241,18759]
[12441,17316,18241,18759]
[12443,22243,26883,31378]
[12444,18400,34645,36356]
[12445,15910,16166,16650]
[12445,16995,18425,35629]
[12452,18139,25636,28336]
[12461,15763,16211,24361]
[12463,17391,17655,30135]
[12464,16604,24313,36572]
[12464,17612,17689,21812]
[12483,12597,13528,14892]
[12483,15717,21827,23998]
[12483,20748,24528,37772]
[12495,17271,20175,22321]
[12506,15929,18393,36543]
[12508,21008,21127,21883]
[12529,13231,13357,19027]
[12529,39185,51171,59075]
[12533,15481,18080,19180]
[12540,13080,13407,44581]
[12543,15975,21855,34465]
[12556,18656,18676,21889]
[12558,40775,40833,58695]
[12562,12638,12643,14007]
[12562,13737,14007,17367]
[12572,18368,18409,20461]
[12575,18421,19504,50500]
[12586,13286,14819,21866]
[12595,37555,39325,47641]
[12597,15523,16587,17238]
[12600,13920,13969,17400]
[12614,13426,16303,17177]
[12617,13717,13833,37961]
[12617,21417,22103,27962]
[12638,29522,29726,31049]
[12639,14186,15096,58776]
[12644,26619,28828,56548]
[12650,27931,33275,40205]
[12652,42419,42581,64077]
[12665,28441,28475,31141]
[12675,28215,29172,30800]
[12679,27911,28054,63089]
[12682,17425,25625,31705]
[12691,20141,21631,48749]
[12699,23766,24854,32554]
[12702,14297,21024,23664]
[12707,13949,14849,46657]
[12707,15587,17222,29003]
[12716,25636,26299,26999]
[12725,14645,14761,32219]
[12750,24034,30141,33285]
[12753,22425,28497,38870]
[12753,24273,30411,63829]
[12760,16756,18569,35525]
[12760,26741,43616,45760]
[12760,34000,36975,55042]
[12772,14948,14981,16996]
[12775,14181,14235,49755]
[12775,20148,24255,29127]
[12792,13320,13325,22200]
[12802,37723,49997,65243]
[12804,15840,21340,36375]
[12811,13631,13925,17435]
[12815,14210,14225,14351]
[12815,26875,27071,45375]
[12818,14582,14993,17459]
[12818,14965,15093,16675]
[12818,18722,19943,59653]
[12818,23246,23443,26129]
[12825,16380,17328,24700]
[12831,17220,17225,24969]
[12833,15587,18748,32552]
[12833,20148,21648,26292]
[12833,25604,26896,28796]
[12835,13156,15600,28956]
[12835,20605,21556,23075]
[12843,15447,19198,21802]
[12844,13175,14960,21580]
[12852,13104,13195,13260]
[12852,13875,14060,17952]
[12852,13875,14060,23120]
[12852,13875,17952,23120]
[12852,28413,30668,36432]
[12863,30362,31142,47158]
[12869,26625,32750,53270]
[12871,18460,18800,22204]
[12873,17625,18840,35500]
[12875,27445,30875,51207]
[12876,31749,31776,47212]
[12878,18122,20687,22253]
[12881,29945,32544,38319]
[12882,19893,20242,22078]
[12882,38715,38893,43035]
[12896,13020,13175,44225]
[12896,26000,26650,44225]
[12901,22253,29197,31501]
[12905,13660,14500,31616]
[12905,22607,27625,30082]
[12915,13881,16525,17331]
[12915,14541,15540,16709]
[12915,29750,40698,55350]
[12921,14329,15753,21771]
[12925,17612,18685,36125]
[12931,13725,14625,24705]
[12933,18683,19108,22661]
[12937,16465,16687,19025]
[12944,13736,13753,24038]
[12948,13727,13728,23532]
[12949,17624,18019,22429]
[12950,14259,14490,14550]
[12950,23779,24346,27750]
[12957,30723,30793,32457]
[12958,14762,15167,16137]
[12958,14762,15167,25333]
[12958,16390,17765,19817]
[12961,20213,21361,28913]
[12963,13503,16241,21489]
[12968,47008,47009,53336]
[12971,15181,15317,22357]
[12975,17748,17777,33735]
[12985,21049,21825,25599]
[12988,16769,19712,27812]
[12997,14833,18122,23458]
[12998,17197,18976,22504]
[13000,16240,21385,32494]
[13013,13213,13237,13286]
[13013,20188,21632,37408]
[13024,22236,23139,31524]
[13025,13529,13546,15065]
[13025,23959,23966,27935]
[13029,20069,26901,40299]
[13031,17945,27331,43831]
[13032,18288,18462,21413]
[13035,15895,21714,38250]
[13039,15689,17719,18394]
[13039,15689,19280,25636]
[13041,23100,24815,39975]
[13055,33761,34689,39039]
[13055,36725,37375,45313]
[13061,19375,22945,39775]
[13076,19376,22836,38591]
[13077,25731,25752,33419]
[13079,16054,28536,47464]
[13080,15400,15750,16023]
[13083,41412,43877,61523]
[13088,26588,31493,32708]
[13104,13800,16825,18870]
[13120,13764,14436,22755]
[13120,37040,38409,49200]
[13134,24015,25616,28200]
[13137,17425,18270,22263]
[13137,28971,29087,44063]
[13143,30943,31233,34047]
[13143,32232,35048,39712]
[13148,13923,18928,62972]
[13172,24852,38804,45301]
[13175,15130,15575,16303]
[13195,13940,13949,20213]
[13195,14651,14674,20930]
[13195,25333,46475,58058]
[13195,30835,32422,44050]
[13207,18095,30268,49175]
[13209,20559,21182,33041]
[13216,53284,55187,64988]
[13224,13419,16544,44544]
[13243,13756,14432,41344]
[13253,14268,16452,26448]
[13255,17543,18557,24893]
[13260,14145,15457,16575]
[13260,15075,15171,27557]
[13260,15540,18100,35113]
[13271,14679,14819,17689]
[13281,30305,38445,47025]
[13289,32539,37289,45079]
[13294,25789,26307,35547]
[13298,14378,14497,20923]
[13298,50358,50547,52647]
[13300,26768,28140,62325]
[13315,18045,18369,32481]
[13317,15617,15633,20079]
[13317,17043,17112,17563]
[13321,14399,17024,32351]
[13325,14225,14605,24307]
[13340,20176,27676,46475]
[13375,14345,14750,16554]
[13386,29706,30794,43989]
[13391,22321,24869,27169]
[13392,24228,25647,49517]
[13400,14824,17850,52649]
[13403,14299,15325,18020]
[13407,14335,14915,17507]
[13414,22834,23067,56127]
[13423,14297,15138,19338]
[13423,14703,15138,16887]
[13427,35405,40223,63155]
[13433,14467,14518,52318]
[13433,15457,18988,31088]
[13447,15113,16928,29512]
[13447,15929,17803,25721]
[13447,17297,18193,27887]
[13447,18403,23732,29512]
[13450,51034,51110,59755]
[13452,19024,21373,31124]
[13456,18100,18125,19756]
[13456,37700,40455,46945]
[13456,46944,53244,59985]
[13468,16800,16835,19300]
[13475,21539,22015,22625]
[13488,38592,39026,39621]
[13493,15275,15407,16625]
[13497,21895,22475,27403]
[13498,28730,29627,52598]
[13500,18081,18400,21156]
[13500,18081,18400,43920]
[13500,24480,24525,32708]
[13507,38293,42662,50362]
[13515,17589,25789,35139]
[13515,33525,36413,39485]
[13528,17472,20328,24297]
[13543,16643,17917,30397]
[13547,20125,20203,24725]
[13554,22326,26047,58807]
[13554,25254,26047,34221]
[13555,21970,23998,26050]
[13575,17127,17195,18165]
[13583,29410,29425,29767]
[13601,29409,43553,58003]
[13611,19539,19544,19981]
[13611,19947,21289,22997]
[13615,28625,29175,45873]
[13617,14268,16732,31008]
[13617,15664,15665,16465]
[13632,15368,16159,16376]
[13635,14409,14490,16010]
[13635,21279,22490,25250]
[13640,15257,15368,23360]
[13645,21637,28100,46213]
[13651,16211,16269,20306]
[13653,14703,15621,17797]
[13653,15753,36757,55637]
[13653,31447,36757,55637]
[13656,13833,13992,18208]
[13667,21497,22458,57622]
[13674,22375,23850,43674]
[13674,34578,34699,51153]
[13674,54481,54567,60273]
[13680,16359,16400,29184]
[13685,25675,26167,27625]
[13686,18031,18104,23296]
[13690,29045,29574,39738]
[13717,15695,16555,20075]
[13724,36593,46768,61376]
[13725,13923,14365,15555]
[13725,15051,16995,52765]
[13728,19272,20878,22753]
[13734,14637,14938,15334]
[13735,18460,19900,25584]
[13735,29785,35563,47975]
[13746,16646,17661,18081]
[13750,16714,17125,21350]
[13756,14756,15428,24073]
[13761,13833,13992,14036]
[13775,14575,15125,16907]
[13783,13937,13952,24073]
[13797,26829,30003,63821]
[13819,14108,14469,17933]
[13823,19297,19389,31779]
[13825,16705,19789,38675]
[13826,26746,28701,51379]
[13827,31218,32923,34907]
[13833,19839,20489,20617]
[13833,21735,24360,37100]
[13837,16627,17069,32469]
[13837,18023,20806,25286]
[13837,23387,24947,31373]
[13837,29489,31411,62963]
[13838,30687,31648,57128]
[13842,16958,17687,26962]
[13856,17816,18088,23393]
[13862,17138,17343,28987]
[13870,17595,22338,58050]
[13871,15059,16058,20878]
[13871,18421,21146,22646]
[13871,32879,33271,38857]
[13875,14685,14691,20125]
[13875,18957,19375,20145]
[13876,18772,25428,45097]
[13881,23495,29745,41625]
[13884,25784,27261,36039]
[13885,16613,16662,20925]
[13896,15651,15688,50952]
[13919,20319,21361,22001]
[13919,25375,26425,49735]
[13920,13940,13949,19700]
[13923,14091,15555,16835]
[13923,14352,15232,18928]
[13937,31537,33123,44253]
[13937,39375,51475,64813]
[13938,22562,22563,53682]
[13940,15312,17812,20213]
[13943,16393,21631,24674]
[13949,16226,16576,44408]
[13949,17576,31621,43771]
[13949,23651,23959,30711]
[13952,34936,35098,35777]
[13959,14329,14921,23579]
[13959,15933,24816,54692]
[13975,15873,16895,19240]
[13979,14725,17125,39940]
[13983,15257,15495,19065]
[14003,16027,17587,24013]
[14003,16863,17484,44616]
[14025,20748,27625,55095]
[14025,21257,21375,21990]
[14027,15827,15886,62702]
[14027,16402,18083,19613]
[14027,30073,30277,42427]
[14042,26026,30849,35242]
[14045,51475,51491,53795]
[14053,25987,33908,49792]
[14060,14640,14763,17100]
[14060,17800,19075,23051]
[14062,17113,17543,20383]
[14065,14663,14938,15950]
[14089,17976,18528,22392]
[14099,15638,18662,60074]
[14099,17023,17324,27224]
[14105,31331,36550,58006]
[14125,21830,30058,43450]
[14127,21073,25857,53493]
[14152,17680,30073,31450]
[14161,15407,18207,26643]
[14161,32431,32657,45087]
[14162,20587,21182,26642]
[14162,20587,27472,65048]
[14175,17631,18081,22855]
[14175,17631,22855,63000]
[14190,35750,38025,38247]
[14195,24415,24634,31058]
[14196,16736,16884,36309]
[14208,16452,16909,18204]
[14209,14911,15041,19411]
[14209,18241,18581,19499]
[14209,36059,36069,58149]
[14220,20265,21616,26124]
[14224,16060,16100,20951]
[14224,21308,21449,41249]
[14224,37344,37548,57183]
[14226,51714,52377,54418]
[14231,19159,21091,30659]
[14231,26381,30073,42631]
[14235,23205,23725,26093]
[14241,19125,19291,23205]
[14248,19425,21473,25345]
[14250,16285,18090,19542]
[14268,15300,17835,18500]
[14268,20400,22695,23780]
[14268,24947,25584,30276]
[14280,14752,15873,19350]
[14280,23720,29325,46254]
[14280,25604,29325,31095]
[14280,30276,32725,37149]
[14282,14705,31943,35705]
[14297,38503,39527,62317]
[14307,21827,22673,30193]
[14310,14355,14362,16182]
[14329,22425,28035,45885]
[14337,15903,20511,41441]
[14339,29725,30914,32750]
[14350,24115,24272,40600]
[14352,18135,18240,26000]
[14355,25230,27550,34018]
[14356,15544,16169,45473]
[14375,26233,33625,63655]
[14376,31096,34953,37518]
[14378,15457,15872,25168]
[14384,17296,18377,30268]
[14391,19947,23241,48503]
[14393,23892,27084,37344]
[14396,23460,32700,46665]
[14425,19015,19897,40390]
[14425,20995,23657,27625]
[14432,15080,15170,15457]
[14433,41921,42021,49317]
[14443,15748,17776,26884]
[14444,20125,21620,34540]
[14448,17792,17802,22833]
[14448,29952,30073,45552]
[14450,16910,28747,54910]
[14450,25375,25432,34000]
[14453,17612,17731,19691]
[14455,16325,16750,16978]
[14457,16422,22448,46552]
[14467,39037,41699,60421]
[14469,15876,16016,16284]
[14469,16500,16635,19981]
[14469,29106,42718,56994]
[14476,32351,32524,35156]
[14484,22509,29036,43296]
[14497,18655,19825,28275]
[14497,18655,19825,58097]
[14500,47323,48800,63452]
[14518,15314,26657,33839]
[14527,35929,38471,41602]
[14528,16936,17411,18328]
[14534,17101,40053,63307]
[14535,32025,35875,50813]
[14541,21730,23616,63600]
[14550,17658,20467,29190]
[14550,21074,23575,36751]
[14556,19401,19408,29348]
[14560,16720,16769,16900]
[14564,16761,18204,29376]
[14575,19823,19865,57625]
[14578,19222,22703,27347]
[14578,19422,19503,20979]
[14592,22368,22908,24217]
[14600,17152,17155,17848]
[14600,23620,24801,35625]
[14623,24857,41192,58492]
[14624,19720,19826,38845]
[14634,16986,18986,21009]
[14637,17982,18768,30488]
[14637,20313,22326,28934]
[14652,15792,21511,52836]
[14656,30056,31144,53465]
[14659,16995,17025,18495]
[14668,22232,22237,46937]
[14674,18139,58174,63826]
[14687,31863,34047,39423]
[14689,24961,25011,38739]
[14690,18250,19775,21827]
[14697,16362,16399,35121]
[14700,30660,30687,33215]
[14700,33579,35875,37515]
[14735,20090,20566,21050]
[14743,25143,27693,32691]
[14761,20636,20764,26468]
[14766,15147,19459,43197]
[14781,30660,38544,43300]
[14784,31416,35409,61880]
[14796,20828,23821,24797]
[14796,29493,31668,32704]
[14800,16208,17500,35455]
[14800,23744,39220,45425]
[14800,29920,31450,41369]
[14816,21463,22737,27209]
[14816,22516,22737,27209]
[14819,24675,27405,44019]
[14826,33174,34241,58566]
[14828,16728,17187,33087]
[14837,17013,17931,27213]
[14841,19513,19691,20537]
[14847,15743,15873,17127]
[14861,26061,44583,55539]
[14875,16549,29315,51901]
[14877,16074,24824,43776]
[14877,42408,43776,49184]
[14878,15355,15397,15725]
[14892,23517,23579,28067]
[14903,34307,34476,40544]
[14915,16445,22451,32153]
[14916,16016,16159,27716]
[14924,36889,48052,63808]
[14924,49200,55965,61740]
[14931,15606,15827,65331]
[14948,25937,26159,41359]
[14960,23848,31625,38998]
[14963,46291,46835,50570]
[14975,18955,20746,24726]
[14993,15609,17775,19140]
[14996,19280,20325,26975]
[15022,16822,17563,58793]
[15022,24297,33201,41847]
[15028,19888,25908,44183]
[15041,19411,19459,30589]
[15041,22997,23140,35380]
[15051,17501,21141,37164]
[15062,16354,16371,25671]
[15065,19088,20313,29825]
[15067,26117,26705,57967]
[15067,26191,27633,52559]
[15080,17600,17875,28952]
[15080,29216,30459,47850]
[15096,22880,24050,24505]
[15109,16571,16891,22071]
[15109,34121,36859,40379]
[15113,19663,19703,47753]
[15119,28561,29402,41743]
[15127,19479,21855,32415]
[15129,27513,32021,57771]
[15134,30866,32879,46046]
[15138,26162,30537,34254]
[15147,17685,32725,43065]
[15148,16543,16592,17708]
[15151,20625,21875,30451]
[15155,21805,22701,24450]
[15158,17525,22165,23133]
[15159,21801,22379,23829]
[15168,17424,17593,19824]
[15169,21539,35836,50456]
[15170,15490,20350,26333]
[15189,18286,18389,35075]
[15190,19425,20646,32550]
[15196,17473,18079,43423]
[15207,26883,28564,31784]
[15211,19261,20501,23426]
[15211,23940,27136,28700]
[15224,46299,48312,49824]
[15225,20195,32889,58695]
[15235,22250,24475,57893]
[15247,19349,20651,36203]
[15249,18791,20079,38454]
[15249,34800,41905,59449]
[15257,17255,17593,24505]
[15260,16280,17501,29975]
[15281,25883,28406,32942]
[15295,22729,26450,46529]
[15300,17271,34340,46020]
[15300,17808,17835,18020]
[15300,20592,23140,27795]
[15300,21063,23120,28860]
[15302,27538,34427,37177]
[15308,16156,16733,31781]
[15312,27132,28028,43197]
[15317,16043,16813,21862]
[15325,18020,19616,27200]
[15337,21923,26918,51818]
[15340,17069,17900,29744]
[15344,20944,21905,32606]
[15350,20894,21181,32775]
[15372,18921,19703,20271]
[15372,30825,32300,58560]
[15377,26852,31712,61508]
[15379,15500,15520,22100]
[15386,20650,22250,27475]
[15399,17361,17487,19888]
[15405,22017,24383,26367]
[15408,16968,17538,18887]
[15419,18772,18928,21556]
[15433,17633,21068,45793]
[15457,16511,16907,17589]
[15458,26158,26978,37903]
[15463,15587,15742,41658]
[15476,16465,17024,35600]
[15496,22007,22057,28721]
[15498,15795,15925,27027]
[15500,42636,49300,63461]
[15525,16095,17871,23345]
[15535,22895,23749,31313]
[15540,46655,46657,49175]
[15543,35793,36568,42420]
[15555,30843,37570,47382]
[15561,29916,30576,31024]
[15578,18038,23367,58842]
[15587,17173,17174,18421]
[15587,39611,47414,56914]
[15587,44515,44525,53737]
[15594,16218,21131,32793]
[15596,35819,36176,37876]
[15600,17340,18785,32028]
[15600,22680,22750,36309]
[15600,26352,26535,35600]
[15606,17154,17193,19363]
[15606,19962,37706,65331]
[15609,29051,29568,35292]
[15611,18122,18139,21203]
[15613,17475,18015,31455]
[15616,17596,22631,34844]
[15617,19775,33465,47495]
[15617,26367,26433,37521]
[15617,26367,26433,54417]
[15631,16702,20281,22127]
[15632,18368,30832,40057]
[15652,23975,29120,52060]
[15660,18241,18785,24041]
[15665,35321,36335,48200]
[15675,24645,24653,39437]
[15686,40139,43896,46376]
[15688,17632,18278,29203]
[15691,35987,36941,39091]
[15695,17371,17429,20075]
[15708,20592,21692,27183]
[15708,27792,33572,44583]
[15709,39866,41595,43259]
[15717,17400,17875,29435]
[15717,18317,19227,38043]
[15722,24346,24679,29078]
[15725,34387,35445,44363]
[15730,20150,28223,39493]
[15744,17240,18081,20760]
[15751,16226,16359,17409]
[15756,18900,20705,62220]
[15756,29000,29835,34845]
[15759,17415,19866,25585]
[15764,51475,56436,61520]
[15776,19000,19285,28424]
[15779,18717,20833,30017]
[15780,19000,22125,64167]
[15785,20881,22825,25256]
[15793,23268,26012,62048]
[15799,23177,23199,42273]
[15799,27676,27972,35868]
[15801,23975,29625,61830]
[15805,40125,42183,54375]
[15810,16775,17000,18512]
[15825,29916,37500,57616]
[15827,18193,18221,36499]
[15827,37037,43043,61457]
[15827,38227,53365,62923]
[15839,20701,20769,25631]
[15840,27840,28536,50285]
[15844,33744,34276,57551]
[15848,22792,34453,61478]
[15857,21103,21147,58107]
[15860,19780,19825,20621]
[15870,23023,25200,27048]
[15871,18163,18354,20646]
[15873,21437,26316,30264]
[15875,45571,45629,62425]
[15890,19355,19454,21378]
[15895,16215,16779,52875]
[15895,17225,17719,18020]
[15895,17225,17719,48841]
[15895,19135,21658,31150]
[15900,19264,19625,23585]
[15910,16150,16169,26410]
[15912,16500,16575,24905]
[15918,20242,21987,49938]
[15921,31951,44225,59185]
[15929,27521,27591,32266]
[15949,28907,29174,53293]
[15951,17192,17199,25767]
[15984,25188,37884,51541]
[15984,36516,36651,37444]
[15995,18281,20200,42044]
[15995,20041,22850,28630]
[15996,19844,33201,43524]
[15999,37089,37331,37869]
[16013,20787,21197,48503]
[16017,36375,49175,62040]
[16029,18306,18318,30962]
[16031,17503,23069,43747]
[16031,34945,58081,62930]
[16039,17425,17575,31705]
[16048,23392,23653,28322]
[16055,21115,21483,23829]
[16058,32375,34410,54250]
[16059,17051,17271,18921]
[16065,20664,22185,27839]
[16065,26705,28350,37638]
[16068,28171,28368,28704]
[16072,21252,22737,28413]
[16079,17969,20673,22253]
[16082,26818,37842,59697]
[16095,18655,19721,22345]
[16100,21689,22960,36064]
[16100,26657,27632,28060]
[16100,26657,27632,46000]
[16104,45000,45750,60625]
[16114,18018,25389,29682]
[16115,33165,34749,39663]
[16133,17043,17082,18258]
[16133,55942,56283,64467]
[16147,24278,29402,34858]
[16150,34133,34280,47600]
[16151,33899,35378,53126]
[16153,17427,20052,27528]
[16159,17825,19435,23391]
[16164,28847,56736,57564]
[16165,28792,56392,61000]
[16169,26410,26825,28785]
[16175,18331,19925,21035]
[16198,27434,27898,45123]
[16198,27434,35066,45123]
[16198,41245,41923,42245]
[16201,28756,34612,41932]
[16203,20757,21527,27977]
[16212,35244,41588,51531]
[16218,16269,16907,21131]
[16225,26207,26307,33375]
[16233,44649,46001,53751]
[16242,18078,19401,29011]
[16250,22022,24115,29750]
[16287,21663,22997,28747]
[16289,20539,21014,27398]
[16300,39691,40016,41780]
[16303,18193,20677,23023]
[16308,19227,19604,23244]
[16309,20651,20683,29078]
[16315,20165,20203,24725]
[16320,17400,18125,32776]
[16320,17784,19695,22984]
[16320,24528,24747,24820]
[16324,16751,17596,54656]
[16327,27507,28952,40132]
[16353,17097,17220,17872]
[16368,19220,21780,25575]
[16380,17136,17255,25755]
[16380,21225,23296,34692]
[16400,27560,28249,34850]
[16409,17319,17982,19503]
[16422,22149,22253,22701]
[16423,41173,45017,52327]
[16428,19503,19536,21428]
[16456,24949,26176,53176]
[16465,16905,17175,19092]
[16471,27404,42196,49504]
[16485,16625,16650,21666]
[16485,20453,20478,35325]
[16488,17000,19800,30915]
[16490,17854,17885,31525]
[16500,18444,19981,21900]
[16523,17639,20336,31864]
[16523,34307,35061,45756]
[16539,18639,18748,19668]
[16543,22132,22143,42625]
[16543,24497,25777,27727]
[16549,45331,53066,60766]
[16564,18473,20336,35148]
[16571,25103,26353,28721]
[16575,27871,29315,40579]
[16576,22372,27676,29953]
[16577,28225,29273,33727]
[16588,23660,24563,35035]
[16617,21516,22192,23084]
[16625,30210,32754,42750]
[16643,20989,22389,34443]
[16643,25347,28611,57321]
[16643,28577,28798,36982]
[16646,17779,17864,32144]
[16646,42809,43706,45994]
[16654,25375,26495,42665]
[16666,18369,18486,34614]
[16672,24400,31260,38775]
[16675,19370,19459,21125]
[16675,20432,25957,37925]
[16677,19205,19295,21473]
[16678,16933,16947,19803]
[16687,19118,20562,25938]
[16704,20900,21060,26145]
[16709,36421,36581,54131]
[16728,24768,29971,44376]
[16757,19307,19335,25593]
[16758,26082,26133,28207]
[16758,26082,28207,61383]
[16762,47731,51544,61712]
[16769,21112,26912,48256]
[16775,19448,43615,48025]
[16776,24888,26562,53449]
[16776,24888,27626,53449]
[16776,46176,51726,55585]
[16779,19314,20184,21584]
[16779,28171,28959,31941]
[16786,19495,32264,48736]
[16800,58824,58825,61176]
[16821,18471,28569,41369]
[16828,19312,19351,24641]
[16833,20839,22842,31239]
[16836,18204,18788,20413]
[16841,24009,36297,47241]
[16849,17927,19376,22852]
[16867,32637,35459,43676]
[16900,19292,41405,63140]
[16905,26775,30345,32393]
[16906,18031,20294,28106]
[16907,25077,38871,47541]
[16919,26344,33681,64943]
[16925,17228,17520,20628]
[16926,21049,30264,41664]
[16949,34333,38883,47133]
[16960,31920,43529,51566]
[16965,23391,23691,36725]
[16965,27195,28275,36173]
[16967,18557,18889,21449]
[16969,18850,24375,27985]
[17000,20996,26245,36125]
[17004,30171,32396,49268]
[17009,28231,29014,29711]
[17013,18550,18630,18762]
[17017,18700,19500,46240]
[17017,24327,30051,41769]
[17043,32853,33022,47082]
[17050,25330,25477,26075]
[17062,17238,17511,20241]
[17066,45370,46995,55491]
[17071,24089,30966,54609]
[17081,34476,37791,49191]
[17082,20250,21775,22995]
[17100,44080,44631,57420]
[17101,19729,19910,59330]
[17104,22936,22991,65209]
[17118,26226,42418,48501]
[17125,19747,21315,40278]
[17134,19573,20498,36734]
[17139,19323,22011,24364]
[17157,20475,30875,45885]
[17160,31416,36465,64090]
[17169,32625,34925,50381]
[17170,20735,21008,29000]
[17170,33725,35552,46920]
[17216,26784,27864,50841]
[17219,35867,36494,37558]
[17241,49959,50081,60249]
[17255,20860,22400,40528]
[17255,23569,24505,28231]
[17271,21300,22220,25620]
[17271,35121,37841,51409]
[17273,25652,27248,30740]
[17284,20299,24592,25628]
[17289,34503,34553,50439]
[17296,38500,43865,49375]
[17302,20498,21005,21527]
[17303,20273,23959,55594]
[17307,23643,23717,30303]
[17310,40599,41560,53976]
[17313,17631,17656,18937]
[17325,26411,27405,33300]
[17329,23621,24174,59566]
[17331,18573,18606,20069]
[17340,18605,19125,36051]
[17352,22632,29233,33258]
[17355,25415,25721,29575]
[17402,18130,19775,28823]
[17404,34021,40677,54957]
[17411,27491,29657,39737]
[17411,42957,53132,57532]
[17420,43355,44096,54400]
[17425,17621,17680,18860]
[17425,17810,17918,24190]
[17440,18200,18281,21800]
[17440,24888,27450,28815]
[17446,36179,44954,49654]
[17447,36103,36613,39707]
[17459,23780,25500,25584]
[17472,22784,23184,24297]
[17473,21423,22422,24318]
[17473,27455,28323,45373]
[17475,39875,50025,60813]
[17500,19472,19475,56447]
[17515,23829,24921,51129]
[17520,20928,21097,31828]
[17527,20777,24823,30752]
[17541,29883,29891,40816]
[17549,18469,19838,21413]
[17550,26361,27495,64135]
[17556,20020,20300,37895]
[17556,41800,42845,54805]
[17576,26299,33176,43928]
[17577,21924,22185,26825]
[17587,20213,21197,23722]
[17589,32436,34645,35139]
[17593,24505,26057,31755]
[17595,21275,22977,57375]
[17596,20944,21931,23471]
[17612,18908,19691,30821]
[17629,20253,20496,24021]
[17629,30296,33184,35416]
[17629,33086,33184,35416]
[17639,21489,22191,29406]
[17649,23985,38425,39975]
[17650,29375,33182,35250]
[17654,36698,39221,44198]
[17664,18512,18837,24564]
[17667,40391,40690,56330]
[17675,19061,25375,44735]
[17692,23236,23239,62308]
[17719,19703,22997,28681]
[17732,19375,21700,26000]
[17745,26775,27183,40495]
[17748,19500,21460,28275]
[17755,38995,41650,44667]
[17759,18721,18758,21607]
[17765,24563,35525,52360]
[17767,34663,37017,58962]
[17779,23821,24192,32571]
[17797,18683,18953,20683]
[17797,18904,20128,21528]
[17797,21253,25493,57343]
[17798,37642,37653,46922]
[17802,30078,40279,49629]
[17834,48659,50579,53261]
[17835,19125,19375,26671]
[17841,29391,29479,30361]
[17848,19448,21437,29512]
[17850,18081,18400,37744]
[17864,21489,22464,28536]
[17875,26862,36075,46035]
[17876,19504,19511,20564]
[17877,20139,20539,21111]
[17914,21686,23491,24569]
[17917,45448,46144,55936]
[17919,33727,35905,39235]
[17920,44000,46816,55825]
[17922,35313,36367,38033]
[17940,20880,49300,52287]
[17952,22620,22852,41225]
[17963,21538,22168,22968]
[17980,18925,18980,21808]
[17982,26271,27454,32718]
[17990,21450,21615,25443]
[18001,39151,40749,48977]
[18005,20075,20221,20995]
[18009,18471,18509,19529]
[18018,23331,27269,34307]
[18023,22325,22327,28105]
[18034,27186,30189,50034]
[18060,25620,25863,29036]
[18067,38857,45994,48594]
[18083,24927,24928,31772]
[18084,23100,23125,30140]
[18085,21605,22243,22648]
[18103,27775,29470,40703]
[18125,20485,24650,48923]
[18125,20501,23725,31610]
[18126,41877,41976,52448]
[18130,19985,29394,38850]
[18130,25529,26050,27454]
[18147,25897,26617,36103]
[18156,19024,20532,35547]
[18156,24624,24852,28747]
[18156,25740,28925,49260]
[18164,37001,47369,57769]
[18173,33123,37393,56657]
[18174,23322,25051,30049]
[18175,25143,25375,30668]
[18183,30096,30305,48865]
[18183,55233,56202,59143]
[18193,24817,26013,46787]
[18193,34937,35047,60697]
[18198,23142,27753,31978]
[18200,28424,30625,46410]
[18200,31017,32992,62440]
[18204,29376,29733,61828]
[18207,20502,20832,24752]
[18208,22184,22191,53992]
[18212,24196,26404,61387]
[18213,18747,18791,55751]
[18216,44616,44785,48334]
[18241,20159,20401,30769]
[18245,20842,22117,25133]
[18250,20230,21097,24650]
[18270,28815,37177,55825]
[18278,22850,22997,32375]
[18291,25929,27209,42679]
[18333,21252,22116,29344]
[18352,20456,20794,31027]
[18356,26381,28240,36556]
[18356,32080,36569,41420]
[18369,21125,21195,22581]
[18369,25476,25584,32284]
[18377,25527,26567,43363]
[18377,26167,37401,49929]
[18392,19184,19855,20710]
[18394,24050,24531,35035]
[18396,25056,27521,32604]
[18400,32640,32775,34776]
[18415,35167,38817,39585]
[18460,36395,36400,39776]
[18469,27781,29918,39931]
[18469,34500,34669,62675]
[18473,18796,19604,26048]
[18473,27013,28457,47593]
[18473,27573,33852,35148]
[18480,22099,22451,24395]
[18486,36234,45227,58422]
[18492,49653,51492,55472]
[18499,22100,22220,25424]
[18500,20040,21027,24375]
[18500,27707,27740,55460]
[18500,54580,56425,57309]
[18509,22477,27716,40891]
[18511,36271,39729,52896]
[18513,19437,19778,23002]
[18525,32349,43901,47355]
[18528,22392,22403,22733]
[18530,20306,23650,30481]
[18530,26830,27250,52877]
[18532,21200,32595,51300]
[18538,27209,30225,39215]
[18544,21756,23199,41724]
[18557,34307,34463,37037]
[18564,29295,29575,36975]
[18580,25652,33100,34373]
[18603,36873,43862,50562]
[18612,20604,21063,21421]
[18612,33263,33552,50112]
[18615,25455,25550,57698]
[18618,18666,20191,21318]
[18632,38477,48008,53192]
[18642,19550,27495,57630]
[18676,22472,25901,29203]
[18676,32300,33524,43325]
[18694,19834,21962,25553]
[18696,19000,19475,19720]
[18700,23920,25364,38545]
[18721,24650,32471,49215]
[18724,44176,47879,61921]
[18753,19098,19209,20159]
[18788,23837,34672,42212]
[18802,29298,29421,47502]
[18814,25594,25707,32487]
[18837,19872,20608,26208]
[18865,27825,32175,36729]
[18879,33124,41412,54288]
[18887,20213,20503,21097]
[18887,21533,24004,29336]
[18907,19703,19902,20698]
[18907,20860,23068,29600]
[18921,19240,19721,26129]
[18921,27242,28567,30583]
[18935,20951,21099,21525]
[18941,19129,20398,29822]
[18941,23491,24583,30659]
[18966,20387,23384,25288]
[18977,30595,30752,37700]
[18995,25491,28130,39245]
[18997,27511,27572,55264]
[18998,20558,20703,30447]
[18998,33362,38123,52487]
[19000,28520,34138,47125]
[19005,30275,30951,34125]
[19019,21917,26908,29419]
[19019,26809,31559,50809]
[19020,29805,56000,59596]
[19023,35127,36428,58953]
[19039,24961,25397,55189]
[19040,21164,21460,25925]
[19053,36499,47601,60003]
[19058,25350,25655,26195]
[19080,40392,40545,57800]
[19082,24050,24605,34307]
[19090,19277,19552,20840]
[19103,22849,22947,26499]
[19106,40105,44270,50594]
[19107,26718,28178,30622]
[19107,40232,41688,47232]
[19123,38627,38998,44722]
[19125,19221,20145,26671]
[19125,27768,28925,31875]
[19125,34170,35462,40250]
[19125,36175,42673,56335]
[19154,26606,26642,38927]
[19171,38771,41372,44396]
[19172,21008,21229,40804]
[19176,22425,24505,40001]
[19200,21472,25080,54747]
[19203,19773,20163,22663]
[19203,26535,26925,65453]
[19204,46064,54491,57109]
[19227,22797,23244,26299]
[19228,22632,22743,35397]
[19240,26820,36207,41625]
[19275,43641,48059,54085]
[19277,23606,37555,59915]
[19278,25143,28248,31552]
[19282,29481,33232,64768]
[19291,23141,26311,51611]
[19305,19500,19504,20300]
[19313,29233,29971,30349]
[19335,31620,36092,42800]
[19343,26675,26785,30943]
[19355,21147,21378,24645]
[19355,33005,47084,55300]
[19363,19741,19805,55335]
[19368,44520,54607,56350]
[19376,19924,20217,43077]
[19399,23611,26361,49351]
[19415,23055,25175,26071]
[19459,27971,28294,40619]
[19459,34595,35409,41905]
[19465,44945,46359,48900]
[19472,20128,20689,21206]
[19475,34138,35750,43238]
[19482,25353,26314,31926]
[19488,23828,24012,53613]
[19493,22243,23982,37635]
[19500,21164,21460,60125]
[19500,22048,26325,47700]
[19500,24680,26325,30921]
[19516,30625,33500,45920]
[19516,33728,34153,34916]
[19536,25740,25789,26260]
[19536,25740,25789,29711]
[19552,26977,30177,35681]
[19557,22331,48357,53019]
[19557,22533,37842,52318]
[19560,41600,41886,47775]
[19589,28899,32899,62339]
[19604,28325,30125,43355]
[19616,20368,22068,43641]
[19621,23996,27424,56924]
[19625,40919,41605,61625]
[19635,24024,24115,27885]
[19637,61525,62225,63215]
[19647,25191,32153,46216]
[19652,22852,24252,26877]
[19663,21567,22308,26712]
[19674,23754,25493,31697]
[19684,22544,22843,30847]
[19691,22357,22407,22841]
[19696,43731,44149,64949]
[19703,45313,52658,61183]
[19710,19875,20000,21624]
[19712,21004,21021,27412]
[19721,26871,33189,44361]
[19722,23377,27936,29064]
[19722,23517,23528,28392]
[19747,20503,25172,37572]
[19749,42075,42105,61625]
[19755,28125,28182,31250]
[19762,22462,23483,23618]
[19775,20090,20566,61910]
[19789,20531,20539,23219]
[19789,30989,32809,59881]
[19800,22869,23520,25256]
[19807,25472,26057,29193]
[19809,20511,21261,29489]
[19822,32053,32072,36632]
[19833,36158,52287,60903]
[19844,25296,33201,43524]
[19845,26565,27251,33293]
[19879,27623,27971,41021]
[19923,26028,26187,37837]
[19925,32743,33120,56780]
[19928,27553,27672,30528]
[19941,21971,23154,37434]
[19975,21983,22695,24242]
[19975,25504,40545,51225]
[19976,23287,23288,30624]
[19980,41760,47175,55796]
[19987,26413,28037,57339]
[20007,37233,38612,39312]
[20009,27731,27863,42857]
[20020,24520,24605,55783]
[20045,22795,29684,41920]
[20060,21072,21828,25065]
[20064,24544,24552,47817]
[20079,25175,26129,29585]
[20097,41811,43078,44022]
[20111,20909,21199,36751]
[20115,22110,22946,28050]
[20121,23769,34751,60799]
[20125,37597,37675,41300]
[20128,20264,20803,21386]
[20128,22100,27625,45140]
[20128,42704,46697,47804]
[20140,27572,29097,57300]
[20140,43225,49343,53375]
[20148,21348,21877,63373]
[20150,29946,35805,46410]
[20167,39431,39530,43215]
[20197,23749,25599,29151]
[20213,31790,32925,33813]
[20217,27642,28128,29512]
[20217,29107,29512,30788]
[20240,23956,24885,25281]
[20254,50999,51153,53743]
[20264,45256,49013,51022]
[20295,24750,27666,44462]
[20300,21164,21460,25925]
[20300,21576,22945,32045]
[20300,23205,23387,25925]
[20300,23205,23387,32045]
[20300,25789,25925,33989]
[20301,22126,23634,25086]
[20303,42375,47215,51400]
[20304,30096,30396,48865]
[20340,21840,22035,23956]
[20345,28900,31280,38812]
[20352,23576,24024,26523]
[20376,24249,33832,48224]
[20377,24843,26208,61308]
[20382,23142,23541,24871]
[20392,26528,36729,54714]
[20400,22428,22695,23780]
[20400,25740,26475,44948]
[20400,30420,32500,35139]
[20400,40920,42601,43350]
[20405,26975,27121,56975]
[20421,27451,28826,36701]
[20440,34272,38690,40103]
[20459,22584,38581,59101]
[20475,30996,31365,42445]
[20475,41325,42770,55419]
[20484,45621,52348,60828]
[20488,43800,44325,59130]
[20497,33124,48672,63024]
[20501,23852,23901,27573]
[20503,39767,39997,40733]
[20515,21730,23872,27400]
[20535,44233,48825,61383]
[20535,48825,51800,57036]
[20539,39131,39961,42119]
[20553,23479,26871,27897]
[20561,24089,24106,25041]
[20561,24089,24106,38831]
[20561,24089,25041,38831]
[20570,21615,21750,23562]
[20581,43259,47515,52520]
[20600,24940,25929,37367]
[20604,24375,28000,36380]
[20609,23617,24508,45991]
[20615,23585,24025,31527]
[20615,24700,25760,27664]
[20618,23426,27507,37349]
[20618,23426,27507,40443]
[20664,21000,21320,21525]
[20664,30660,35465,38325]
[20677,21244,21344,25852]
[20677,24599,24648,30852]
[20677,24863,28427,36363]
[20687,22829,23560,38180]
[20688,26793,26832,29312]
[20691,47949,48199,50809]
[20706,23214,26129,38471]
[20711,35037,35462,38014]
[20720,21692,22525,32708]
[20721,20775,21250,21329]
[20725,29185,29685,32331]
[20735,30932,30943,31265]
[20748,20951,21024,27552]
[20748,25500,27625,29175]
[20750,32062,33790,37213]
[20754,44778,44779,49471]
[20757,26109,26332,37259]
[20801,21675,21726,31110]
[20824,37127,37401,49401]
[20839,24089,24961,30361]
[20855,25375,33950,48314]
[20860,28420,30247,46852]
[20888,23975,31840,38360]
[20896,24240,24900,29385]
[20905,23865,25086,31950]
[20927,36803,41038,50362]
[20943,46057,49608,54432]
[20951,27625,27755,32725]
[20955,30536,35000,37664]
[20956,21500,22725,27300]
[20956,44175,44640,58500]
[20984,26176,26962,27403]
[20988,30441,30784,37788]
[20995,47747,48503,56525]
[21008,40228,40508,51353]
[21010,23725,24115,29291]
[21012,21177,23168,30732]
[21030,45390,55675,60431]
[21033,22692,27552,41968]
[21037,21299,22388,26924]
[21083,30290,30400,39208]
[21090,31465,34800,41976]
[21090,47151,50024,62400]
[21102,32298,36143,42907]
[21114,36814,38911,58667]
[21115,42245,42275,65518]
[21125,24095,24128,32500]
[21182,34250,37825,39593]
[21197,22413,23001,23859]
[21197,44795,51920,59653]
[21199,21641,22046,26554]
[21199,41576,42417,57551]
[21210,29127,29200,45248]
[21216,30528,31800,58565]
[21243,24453,28685,35405]
[21250,27370,30659,48875]
[21252,26923,30108,31392]
[21293,35657,35828,50192]
[21318,37257,38038,42902]
[21320,25984,31816,45305]
[21325,26239,29539,42211]
[21325,39603,41085,43503]
[21329,23751,24273,36792]
[21335,25250,27472,53960]
[21357,30537,31122,45878]
[21373,30837,32538,53163]
[21386,22714,23414,25789]
[21389,25259,25491,37741]
[21400,27880,27898,59245]
[21420,22425,22503,25625]
[21451,24871,26486,38386]
[21462,50022,55853,57962]
[21473,31073,35397,55407]
[21479,22873,22923,25177]
[21507,22823,23257,32743]
[21518,29042,32393,55042]
[21519,26082,35343,61369]
[21525,22836,22960,24780]
[21539,40811,48614,57739]
[21560,36400,37310,41441]
[21565,25415,26350,38726]
[21567,31871,36729,48633]
[21567,31937,31941,43071]
[21567,45955,48783,63375]
[21571,27639,27808,47212]
[21571,38918,39875,61915]
[21595,22163,22212,23845]
[21597,37228,37392,63852]
[21607,24153,27839,30719]
[21632,32368,32657,45968]
[21632,32376,39618,58149]
[21645,34336,40589,47125]
[21653,21975,22553,45415]
[21654,28914,30075,65335]
[21660,26080,26093,53701]
[21675,25365,25721,27115]
[21677,29913,30082,38318]
[21689,29593,35143,54457]
[21696,26404,26691,28476]
[21711,25039,31537,43811]
[21750,25594,25935,31050]
[21777,35875,36190,51850]
[21793,35807,49457,61693]
[21800,25135,25615,51641]
[21801,23750,24975,33495]
[21827,22723,22763,51883]
[21827,24541,25277,34627]
[21828,33235,34272,50640]
[21840,31080,31450,37149]
[21847,37420,37472,62420]
[21868,23205,26093,38675]
[21870,23175,23214,25198]
[21873,24628,24656,29164]
[21895,23325,23358,62826]
[21901,34069,39277,44702]
[21917,38824,39592,56224]
[21924,26640,26825,28860]
[21942,22011,28589,29733]
[21979,23717,26233,31979]
[21981,33763,34881,35037]
[21983,27132,31388,53312]
[21983,29089,31217,45517]
[22029,28321,28323,30243]
[22048,22440,22525,27560]
[22048,32552,33497,60632]
[22072,30288,44367,58017]
[22100,29876,32980,33125]
[22125,22608,22645,59125]
[22127,23606,24198,31494]
[22134,22794,23002,30597]
[22140,27024,27265,45276]
[22167,27666,28408,30816]
[22177,26273,34977,52929]
[22200,44384,49875,50616]
[22220,22575,23220,59856]
[22236,27297,29820,53920]
[22250,23290,25721,36550]
[22250,23998,25925,40495]
[22260,37467,40492,42240]
[22264,33319,34056,44736]
[22272,44520,51675,61480]
[22289,28365,30225,33489]
[22317,23283,25017,38233]
[22319,23716,23936,32464]
[22327,33943,34827,59307]
[22365,28125,28329,62125]
[22375,27521,30745,33580]
[22437,23763,29092,63368]
[22444,25265,29140,31856]
[22451,36454,43082,44902]
[22475,37195,37541,49445]
[22479,50286,51153,52687]
[22484,22736,23287,24332]
[22503,32597,34359,36297]
[22509,26859,27816,36941]
[22509,29529,29971,45741]
[22525,42883,46640,57035]
[22525,42883,59755,61142]
[22555,22875,23241,24375]
[22561,29036,32816,36844]
[22570,27911,28250,50986]
[22575,29785,33327,63825]
[22591,29986,36801,54849]
[22607,27307,28294,31682]
[22616,26125,29555,37675]
[22645,34075,55013,59675]
[22663,29319,29431,34037]
[22695,32250,33286,43350]
[22707,24198,28776,50576]
[22713,25012,25452,29328]
[22725,24168,25755,26765]
[22725,36859,37125,53505]
[22736,25144,25277,26042]
[22753,33875,39165,43005]
[22755,23452,27173,32677]
[22765,26195,26246,38779]
[22765,26195,26246,42757]
[22780,32489,37664,47600]
[22785,24115,25599,25857]
[22791,24850,26625,27495]
[22800,24548,25500,31977]
[22800,27417,27455,29415]
[22800,27768,31875,36490]
[22828,31112,34833,49533]
[22833,52156,52569,57681]
[22849,32349,40152,64176]
[22852,32147,32164,53584]
[22880,25288,26312,29975]
[22882,27678,30285,36210]
[22977,28543,28917,45333]
[22995,23205,23725,24531]
[22997,33756,46172,61828]
[23001,23591,25113,25707]
[23052,23400,24973,28815]
[23055,23985,28249,38425]
[23055,28815,38425,38897]
[23086,23941,24667,26093]
[23100,47124,47125,56375]
[23161,47705,48125,53795]
[23205,27347,27525,28278]
[23218,48175,48880,55432]
[23229,25575,26071,41385]
[23256,24400,24705,26010]
[23275,25277,29323,31400]
[23342,28490,28567,37135]
[23345,25935,26013,36225]
[23351,48399,54774,62679]
[23375,27593,27630,54825]
[23409,34476,41327,43737]
[23413,38033,39538,53342]
[23421,25155,25675,40404]
[23432,44832,47937,59598]
[23441,41225,48920,55380]
[23457,26988,30832,54668]
[23460,23668,24293,29585]
[23460,29648,32700,46665]
[23485,25725,26169,51975]
[23493,24118,24507,24723]
[23500,29267,30155,36725]
[23504,38324,38961,42036]
[23506,46375,47495,62169]
[23527,36953,41188,57137]
[23534,24641,24969,29449]
[23545,24245,25484,46252]
[23556,28237,28885,30955]
[23575,37030,39200,52808]
[23587,42661,50838,62262]
[23643,28197,30303,32053]
[23643,29643,32053,35893]
[23681,27839,28033,28413]
[23696,23904,24057,26658]
[23715,23937,24038,24450]
[23725,26093,27335,57305]
[23725,30142,44750,55042]
[23744,44080,48080,56869]
[23750,27931,30875,56525]
[23751,26169,26535,31265]
[23751,31065,31174,40310]
[23775,28449,30115,60495]
[23776,41344,52003,61408]
[23782,29375,34968,45000]
[23785,33410,34697,55575]
[23791,27716,30044,51824]
[23800,29120,33800,36743]
[23840,27676,28601,50660]
[23840,28520,28601,29800]
[23865,30800,30912,37296]
[23871,32766,40766,42254]
[23881,25207,28275,38985]
[23902,25994,28577,48269]
[23920,24564,25364,26611]
[23936,24864,24871,27104]
[23941,35909,40081,46031]
[23956,36951,37312,49268]
[23985,27825,28249,38425]
[24003,33285,36772,51800]
[24013,24475,26565,29637]
[24038,32725,35530,64438]
[24038,47215,49063,54937]
[24045,33005,46371,58275]
[24050,27965,29379,35035]
[24056,32792,32806,46169]
[24067,45123,51623,58877]
[24072,36344,40120,61625]
[24081,32481,33041,51729]
[24089,30361,38831,52806]
[24153,25375,28985,53447]
[24156,27300,28860,42925]
[24156,41769,42588,45472]
[24190,26255,26609,34799]
[24213,24719,26088,55344]
[24217,57046,61535,64825]
[24222,43703,44847,47889]
[24225,29055,29146,48127]
[24244,27639,27808,47212]
[24272,43928,44897,57646]
[24273,36792,38728,39672]
[24278,27022,27267,29083]
[24297,26160,29103,39785]
[24310,30150,57375,61659]
[24310,31625,33350,60214]
[24320,27040,27209,28600]
[24336,32424,32617,33098]
[24339,46189,47481,49959]
[24360,30240,34475,38454]
[24372,38152,39689,50941]
[24390,36075,42886,57750]
[24415,31675,33666,38550]
[24424,24900,24955,28145]
[24428,33325,33653,56203]
[24431,24766,30681,46641]
[24453,47430,49555,50853]
[24475,30629,30875,48505]
[24485,25789,26860,31261]
[24487,30073,31291,31781]
[24500,30256,30260,62525]
[24505,28600,28633,47047]
[24507,31293,35788,48312]
[24525,25389,25935,26705]
[24592,46544,46556,63017]
[24600,43776,45625,63960]
[24605,30171,30846,37629]
[24625,26216,28391,64975]
[24633,32292,33488,34272]
[24640,29036,53389,60140]
[24650,32554,32595,57565]
[24653,26125,26315,28747]
[24674,25277,25298,28574]
[24675,26937,28105,30135]
[24679,28441,31059,33929]
[24712,39128,41337,43878]
[24736,29380,29939,43505]
[24769,50561,55454,62279]
[24804,40404,40729,57565]
[24843,34293,34307,46443]
[24843,42455,45045,47307]
[24843,54691,55893,56784]
[24860,38225,38500,40736]
[24885,45633,48117,54325]
[24939,32595,37875,40280]
[24973,25666,42827,59891]
[24973,37271,38905,46215]
[24992,38148,41633,61523]
[25003,33900,37772,45460]
[25015,29705,52603,57125]
[25025,39776,42601,43745]
[25070,27825,28551,32175]
[25071,32175,33735,41785]
[25075,45017,51625,64855]
[25086,34125,46200,63280]
[25120,30740,38889,43725]
[25123,32900,34435,43645]
[25143,30668,31977,56463]
[25160,29785,30073,53465]
[25200,27132,27300,32045]
[25216,32816,42064,51861]
[25251,34029,34861,45011]
[25256,27200,27880,32825]
[25265,31759,32110,43625]
[25283,26076,27792,64092]
[25317,29733,41923,54723]
[25350,27354,33271,49375]
[25375,40415,40425,44457]
[25400,45825,50049,54495]
[25415,34365,39933,47619]
[25440,26180,26775,31164]
[25440,31320,31681,36888]
[25441,37884,40092,44784]
[25460,29625,35040,40788]
[25461,25875,33005,36900]
[25479,40641,64308,65113]
[25479,43329,44551,59826]
[25487,31369,32594,40937]
[25500,45344,46325,55145]
[25520,27400,28769,39730]
[25533,44496,45392,52608]
[25542,26445,26600,28208]
[25550,28322,34510,45625]
[25592,29008,29073,58443]
[25599,25857,26818,27807]
[25599,26622,26999,37247]
[25625,26269,31694,44690]
[25636,31323,32045,52205]
[25641,31575,37785,50941]
[25647,42993,43522,57007]
[25681,31031,32838,59319]
[25702,35098,43927,46698]
[25702,35777,35903,54943]
[25705,29735,29801,34153]
[25705,43795,44717,52205]
[25707,25753,25776,28536]
[25707,28438,34563,58563]
[25740,26796,27115,46371]
[25789,26564,27376,47396]
[25795,36091,36670,37859]
[25803,29322,33123,48803]
[25825,44385,44419,47075]
[25826,31902,35598,45399]
[25857,34943,39663,64413]
[25859,42755,47175,61245]
[25883,33625,33975,58825]
[25896,58464,59241,63784]
[25899,47655,48950,49470]
[25900,31059,37555,40885]
[25937,30816,31185,31545]
[26000,27284,27391,27500]
[26037,45387,48363,58835]
[26050,39767,44175,49495]
[26071,38468,41296,42332]
[26075,44489,45211,57125]
[26076,53040,53924,63325]
[26096,30125,34704,55680]
[26104,28841,31017,59593]
[26117,30275,30940,45592]
[26129,32239,32277,62913]
[26158,34562,41217,49938]
[26158,36058,39237,42763]
[26158,36158,36203,36562]
[26163,34983,35773,45123]
[26163,43368,46189,50901]
[26180,33852,34748,35425]
[26180,34320,41327,45305]
[26195,28365,30225,30927]
[26199,27786,28913,31857]
[26299,27269,28509,28934]
[26299,39921,40222,41822]
[26300,28645,30532,33700]
[26300,41020,45508,53789]
[26336,39184,39713,51322]
[26400,28424,29070,47025]
[26400,33456,33625,34850]
[26401,28199,29046,45006]
[26414,29818,29893,33439]
[26418,31269,33118,42994]
[26537,50071,52987,57513]
[26553,43803,44103,58247]
[26588,30328,34891,39491]
[26603,31125,31195,40625]
[26623,35002,36223,40777]
[26676,29100,32005,54249]
[26695,42627,44398,59930]
[26707,36031,37375,60415]
[26710,47450,51415,56234]
[26718,32430,39055,39650]
[26738,29062,30383,40107]
[26751,32757,32776,54168]
[26753,27775,29025,43935]
[26793,32607,32612,33663]
[26809,35309,37252,63784]
[26820,39585,40800,48256]
[26850,28782,31710,61295]
[26858,34894,37467,58881]
[26894,31034,36047,36363]
[26901,37674,38709,42389]
[26924,38936,38939,57451]
[26936,34624,42994,49231]
[26980,30368,34675,53732]
[26988,35788,38220,45513]
[27025,35048,35385,36335]
[27047,38522,41567,55777]
[27090,33345,38766,50750]
[27115,31570,32062,32450]
[27115,37037,40885,44363]
[27118,27489,27807,28161]
[27125,35245,41075,46221]
[27132,31668,31857,32045]
[27144,45225,45344,55680]
[27151,43076,45728,53072]
[27155,30490,35819,39637]
[27156,35700,37740,39925]
[27157,29900,37600,41780]
[27181,35308,38133,41419]
[27209,30625,37375,46690]
[27213,37247,39951,49521]
[27232,30072,39816,41181]
[27263,37637,37812,44424]
[27268,28991,33284,50016]
[27289,38755,41114,47050]
[27322,38247,38817,58527]
[27354,27846,28461,31331]
[27357,31218,31262,31502]
[27378,39117,44232,45968]
[27391,36673,39130,44935]
[27430,42186,44055,56550]
[27448,29495,29673,31025]
[27468,27675,27757,27795]
[27550,31598,33698,36295]
[27606,29374,30751,32519]
[27613,33787,34907,36517]
[27625,36201,39375,54249]
[27625,39497,39603,51475]
[27645,27900,29600,32592]
[27675,29733,30125,32595]
[27713,38537,40938,48063]
[27716,29029,30044,37856]
[27716,46176,48093,56277]
[27725,36077,38815,58975]
[27775,41075,42867,65395]
[27811,42211,45151,51649]
[27816,38176,43432,48913]
[27819,28260,29500,30144]
[27825,29193,32375,51940]
[27825,36394,43695,61575]
[27839,30719,34629,38171]
[27860,29920,30107,44044]
[27863,31625,32725,37995]
[27869,39820,40544,41300]
[27869,40375,40544,41300]
[27870,35438,43663,54050]
[27898,28675,30160,48248]
[27924,30015,30624,40300]
[27931,30875,31535,32305]
[27931,30875,31535,35275]
[28024,28416,30846,37629]
[28035,33565,35325,55818]
[28072,28985,30360,47328]
[28079,29521,29884,34609]
[28080,42300,51012,51545]
[28083,49197,52417,61697]
[28120,33440,35150,40001]
[28125,51339,52611,65155]
[28171,38350,38379,46475]
[28182,28923,29158,33258]
[28187,52173,54756,60741]
[28199,29991,30121,38779]
[28215,33609,35035,50215]
[28254,34281,34697,43377]
[28261,32239,39246,47386]
[28280,29640,29896,32825]
[28322,28567,28832,30968]
[28322,34174,41497,55199]
[28325,28914,28920,57480]
[28359,29325,34935,56695]
[28413,34563,34727,53053]
[28424,41276,41891,43061]
[28426,51150,56295,59415]
[28435,31053,32153,32935]
[28435,51465,51708,56400]
[28444,37600,37695,58500]
[28455,35033,44442,49575]
[28560,36036,37065,42925]
[28578,44238,44599,52341]
[28625,48790,58400,62288]
[28679,35239,35909,39259]
[28679,43531,44283,51333]
[28681,47369,49735,58681]
[28712,31088,31913,32338]
[28782,30282,31243,41943]
[28801,30401,31691,44161]
[28802,29158,30247,43203]
[28834,45898,56723,58777]
[28847,29778,30528,51048]
[28847,52767,56736,57564]
[28872,30132,30877,31473]
[28899,31959,35321,40071]
[28899,39444,42484,56784]
[28930,40565,40568,42944]
[28951,29261,29406,34306]
[28975,39349,47730,56430]
[28985,38425,39015,52258]
[28985,39083,39525,59675]
[28986,46719,48329,50721]
[29011,34250,34640,44936]
[29029,31429,34394,35906]
[29036,40352,41652,64311]
[29044,33431,33839,35351]
[29084,37609,38831,60151]
[29134,30954,32759,34579]
[29145,29785,32412,32625]
[29175,34551,36735,43625]
[29185,31871,31879,32185]
[29189,35139,37789,44642]
[29189,46789,48263,50407]
[29219,43259,44707,64477]
[29250,43935,45448,46400]
[29253,29997,50853,57772]
[29267,34307,34387,37037]
[29312,32200,33663,40950]
[29351,35929,36182,37073]
[29353,37700,38103,56145]
[29393,35055,35207,45305]
[29400,32424,33775,61374]
[29402,34858,35114,36661]
[29455,29945,29950,30962]
[29486,34578,36047,45511]
[29546,35155,35629,53845]
[29555,39565,47027,49601]
[29563,31857,32634,39606]
[29564,39932,44164,57961]
[29565,34731,43435,60894]
[29575,39032,44135,45305]
[29636,32448,33852,59427]
[29640,34875,34944,37000]
[29657,52043,57332,64384]
[29694,34425,34744,46920]
[29711,38077,39664,49348]
[29725,33019,43645,60844]
[29733,32967,33337,40953]
[29757,37149,37743,46543]
[29775,31671,33879,45655]
[29775,40284,52220,64000]
[29784,31464,31901,44574]
[29788,32092,38212,59717]
[29812,38512,46893,57267]
[29826,39429,43136,45864]
[29835,35055,35125,64821]
[29848,39468,40467,46683]
[29865,30825,31675,35483]
[29971,43725,45105,58671]
[29972,31421,38672,62828]
[30003,37485,39347,40278]
[30025,33379,34829,35315]
[30056,37760,40885,50600]
[30084,39951,44004,63296]
[30160,31416,31841,64090]
[30186,46422,47847,57622]
[30192,32883,39437,61013]
[30192,39780,45917,48100]
[30247,32447,33823,40223]
[30267,32922,35557,60357]
[30300,32224,32701,34340]
[30345,32305,33558,55575]
[30345,41847,41905,43095]
[30349,39525,45390,56730]
[30357,43563,48853,58447]
[30381,31059,32045,32595]
[30414,36686,38961,41922]
[30419,36557,40769,60319]
[30420,31059,32045,44109]
[30420,32016,32045,32500]
[30420,35112,35113,59137]
[30451,31450,31501,32395]
[30488,31775,37720,48160]
[30525,32307,44275,49395]
[30532,50864,52635,55165]
[30562,36138,36223,45547]
[30562,46787,47138,50386]
[30599,40546,41762,60002]
[30617,31303,34219,40139]
[30634,47574,49147,62458]
[30673,33852,39792,51012]
[30687,35588,53424,65436]
[30688,38304,38360,41785]
[30740,41800,42427,55385]
[30769,36925,37135,37681]
[30807,32079,32368,33929]
[30848,31792,32053,32153]
[30952,60352,60632,62893]
[30989,36309,36348,37107]
[31031,40260,50831,62281]
[31050,32190,33189,36685]
[31059,31800,32045,32595]
[31059,37037,37555,40885]
[31060,32185,32308,62800]
[31075,39485,48127,52735]
[31096,31328,31878,36179]
[31096,42021,42029,55315]
[31103,38285,40925,52003]
[31160,39220,41287,54131]
[31212,31773,32368,52332]
[31229,36134,36227,43877]
[31295,55935,56331,65151]
[31332,37583,39312,53712]
[31348,48248,48433,61313]
[31490,34030,34373,39917]
[31493,55803,60123,61677]
[31494,33831,36743,47481]
[31494,36057,36743,47481]
[31525,31916,32000,32980]
[31616,37352,44109,55848]
[31625,32431,37769,51250]
[31675,38525,38552,38915]
[31692,34689,35536,35808]
[31725,45765,48222,53110]
[31749,32301,32306,34854]
[31781,43877,43931,46369]
[31789,32786,34814,47918]
[31790,40898,41327,55250]
[31824,33000,33150,54025]
[31824,33600,33735,34000]
[31875,41541,41565,43750]
[31928,42536,47853,60522]
[31977,43625,47115,48825]
[31997,32375,32650,54250]
[32025,32487,32513,36295]
[32025,38503,45465,52353]
[32032,47672,49049,62216]
[32035,48100,51356,52000]
[32062,37518,41379,51714]
[32084,33400,33475,33935]
[32090,35275,35299,61525]
[32100,45903,46545,61745]
[32103,33072,34112,40368]
[32125,32747,33397,40075]
[32171,36139,39704,53389]
[32186,43175,43960,49280]
[32219,36366,36531,61509]
[32239,52084,55303,64207]
[32240,34820,40043,43225]
[32285,33235,33325,40749]
[32333,41358,46488,48312]
[32357,43803,51678,55107]
[32364,56784,57524,60099]
[32375,44233,52325,58825]
[32389,52211,52219,64216]
[32396,34880,38804,64525]
[32396,35700,48375,62604]
[32409,37209,37211,38779]
[32431,33621,37023,52833]
[32461,34099,34142,38227]
[32513,35394,36162,45006]
[32549,35685,36315,38025]
[32591,38617,47633,53258]
[32612,39208,45513,63167]
[32619,47671,48026,51374]
[32657,49036,49268,64064]
[32699,40850,42750,51630]
[32720,36160,36201,37968]
[32774,41354,44479,46646]
[32810,34595,36091,56573]
[32825,41470,42016,42800]
[32877,51987,53041,57629]
[32879,34279,35441,35524]
[32895,34935,35346,36550]
[32912,36685,37312,39440]
[32923,34907,35667,64083]
[33003,38250,38600,65280]
[33015,35625,35875,63133]
[33077,57013,59701,65021]
[33079,34846,35511,36561]
[33085,40905,43228,44792]
[33201,46746,50778,55862]
[33210,44361,51264,57400]
[33215,51585,51903,63531]
[33221,49979,50721,62805]
[33229,39347,40796,44603]
[33307,42450,46782,52590]
[33338,45650,46805,56045]
[33345,46665,55233,57950]
[33473,37577,41633,48212]
[33473,37577,41633,58463]
[33473,37577,48212,58463]
[33507,42075,50435,64515]
[33660,35616,37825,41340]
[33712,38360,40850,41237]
[33734,38998,39302,39491]
[33756,49569,55844,63632]
[33813,36075,36125,40885]
[33813,51888,52224,55744]
[33825,49503,54055,59450]
[33840,46240,51858,65025]
[33843,34218,34232,36384]
[33891,40950,41405,54075]
[33892,39895,40145,53833]
[33925,35941,36134,62875]
[34021,45091,46781,52494]
[34089,59004,60160,61980]
[34091,44821,45917,47517]
[34162,41078,46483,61617]
[34240,49060,56353,64075]
[34251,49266,51554,55454]
[34255,40600,40625,44081]
[34265,35435,36050,48902]
[34282,45298,48923,51423]
[34307,41923,42601,49469]
[34317,45084,47260,49200]
[34333,38243,39083,46132]
[34335,35508,45600,59540]
[34368,41440,41475,65268]
[34374,38259,38634,42874]
[34391,43297,43384,49153]
[34408,49760,51275,51442]
[34410,38898,39923,57225]
[34425,35793,36540,41480]
[34440,36192,36975,47560]
[34498,40533,41678,47422]
[34521,52071,55146,57071]
[34540,35575,36500,57776]
[34563,62883,63119,64911]
[34650,54166,57159,64170]
[34671,39249,42613,42987]
[34675,35853,50730,55845]
[34675,36461,36575,36865]
[34771,44109,44631,59319]
[34850,40610,40765,43214]
[34861,44141,44663,53357]
[34874,44114,45269,57581]
[34891,46001,48052,48248]
[34951,43673,43701,54923]
[34972,39967,39968,54332]
[34980,43065,50721,61625]
[34989,37250,48555,51405]
[35048,49840,51898,59423]
[35075,35611,36214,36750]
[35075,36920,37000,37088]
[35075,38077,38885,41125]
[35165,35875,35949,39975]
[35187,41837,43746,53613]
[35190,47970,48093,54625]
[35207,40807,40953,48178]
[35244,45900,47125,54060]
[35280,37884,37925,38780]
[35295,47025,47784,60500]
[35343,37665,37800,40460]
[35530,39870,40273,53975]
[35620,37635,38532,55584]
[35638,45758,46081,50059]
[35649,38399,40001,47299]
[35651,38269,39349,54901]
[35700,35956,36244,44945]
[35789,43213,45875,53015]
[35850,36278,36375,38097]
[35890,36875,37000,37072]
[35909,48581,48659,62419]
[35995,52808,53792,57592]
[36040,43424,44040,45951]
[36050,39479,39575,47471]
[36069,37851,40441,42009]
[36112,36224,36249,56388]
[36121,37829,37883,49979]
[36134,36366,37149,39249]
[36250,37870,41591,42775]
[36270,47250,48825,62062]
[36289,48983,50842,57889]
[36297,40689,43164,43703]
[36315,60635,63531,65367]
[36335,51770,52559,64657]
[36453,39987,42949,49396]
[36477,45123,56693,64428]
[36490,39950,40139,43217]
[36540,39312,39585,48100]
[36540,39780,48100,57681]
[36575,42900,43615,46657]
[36575,55556,56000,61180]
[36579,44229,45154,49270]
[36673,38077,38657,40703]
[36725,37105,37375,45313]
[36725,40821,45195,60021]
[36729,44625,50735,60420]
[36803,54772,54789,62341]
[36921,39897,40579,56771]
[36966,41658,42009,52591]
[37088,57500,58865,60412]
[37198,43894,45169,63269]
[37219,39997,40922,41678]
[37297,40834,41041,43847]
[37344,49356,51641,63796]
[37597,41405,46345,48503]
[37620,53040,56225,60684]
[37648,50968,51042,61217]
[37740,42205,42476,54400]
[37741,46098,46827,58509]
[37794,45410,45715,53410]
[37848,45248,45258,51813]
[37859,37876,38437,44003]
[37895,46750,51272,53000]
[37895,46750,51272,57200]
[37961,39039,53911,57239]
[37961,49609,54085,61285]
[37968,38080,38420,57743]
[37975,41041,42350,58630]
[37975,45370,47722,58630]
[38000,48944,49025,55100]
[38036,39800,39805,48645]
[38129,39421,40479,50913]
[38144,39648,40677,51744]
[38259,43956,51264,54064]
[38302,38918,40043,44957]
[38316,39153,39184,40416]
[38335,44225,48875,58261]
[38352,47528,50337,64437]
[38407,43911,44239,49657]
[38471,41819,42174,57226]
[38525,43061,48875,58190]
[38668,41657,44192,52592]
[38675,40610,44331,53235]
[38778,55062,57937,65347]
[38805,47275,48555,62037]
[38844,50112,58812,62881]
[38848,41648,43472,49457]
[38850,42777,42920,54320]
[38955,42028,42653,53795]
[38961,41211,44486,53502]
[39125,43243,44075,50393]
[39150,39390,39458,47125]
[39160,51000,52173,59400]
[39262,51102,51143,57343]
[39292,44175,53808,58500]
[39300,41697,44000,56580]
[39353,44122,44863,52607]
[39406,40729,44103,44447]
[39491,41492,43515,62115]
[39552,41048,46179,52248]
[39583,47647,48501,52271]
[39650,52026,52155,53625]
[39715,41520,42147,47229]
[39820,40375,40544,41300]
[39889,47429,47611,56389]
[40040,41135,41568,59904]
[40049,45201,45573,49851]
[40052,47257,57868,63632]
[40081,46031,49021,64829]
[40138,45798,46618,52643]
[40144,48516,48636,51189]
[40223,56405,56498,62698]
[40269,42891,50228,60333]
[40275,41310,46750,53742]
[40293,54417,57387,61013]
[40349,52751,54636,63736]
[40404,42700,45140,45445]
[40432,42772,43077,45373]
[40590,42675,51250,64866]
[40703,44557,44844,62904]
[40748,46852,47397,51357]
[40749,48251,59109,62376]
[40775,47047,48697,55055]
[40851,41151,43521,59969]
[40875,43605,46325,61277]
[40937,43979,46475,62155]
[40975,52598,54073,58735]
[41225,44588,44620,46240]
[41241,54009,56441,60010]
[41287,44213,49979,54587]
[41446,41741,42294,44506]
[41580,44649,45920,53900]
[41666,45694,46786,57461]
[41667,51075,51425,61183]
[41820,43848,43877,52275]
[41821,44363,45038,56462]
[41873,49036,51536,52052]
[41873,54223,54355,56723]
[41905,44943,48345,48807]
[41975,44670,44713,63991]
[42007,46543,47302,53737]
[42059,52756,54064,58636]
[42114,46806,47443,54607]
[42517,44213,44239,44591]
[42607,49775,51375,51585]
[42757,50879,50882,58682]
[42949,57998,59240,64960]
[43079,45625,46825,48125]
[43214,46854,46863,62883]
[43225,43301,44149,44555]
[43225,50654,50960,58520]
[43250,43690,43775,44461]
[43384,61880,64525,65416]
[43610,49567,58400,64792]
[43615,43745,50475,52533]
[43615,44270,44286,50050]
[43615,50367,50475,52533]
[43725,53363,53445,56763]
[43758,51057,51129,52751]
[43771,46657,50246,54782]
[43869,49731,52279,64759]
[43993,44135,44225,46657]
[44192,51212,51761,58349]
[44231,44473,45881,52273]
[44275,51405,53193,60375]
[44280,46800,47970,53689]
[44408,50996,51545,58565]
[44505,49290,60600,64448]
[44523,47061,52785,54805]
[44585,54595,56425,63383]
[44631,46761,47329,58121]
[45214,51414,51507,59163]
[45235,46340,46357,47275]
[45240,46720,47125,55432]
[45258,52026,56074,63917]
[45489,54964,57396,59904]
[45600,49096,51000,52155]
[45633,52577,52947,54003]
[45969,51119,54417,65043]
[45991,51884,58751,61831]
[46056,46424,46872,52227]
[46139,46956,47515,49765]
[46158,51966,51967,64066]
[46332,46800,52065,54020]
[46400,52972,53505,60180]
[46546,55954,63529,64046]
[46561,62689,63259,65311]
[46620,48048,48100,50505]
[46665,48639,49665,51850]
[46793,46982,47343,55991]
[46816,50020,53009,65395]
[47089,51119,51507,57133]
[47151,47541,48972,55432]
[47175,52155,54168,61472]
[47192,48256,52233,58344]
[47229,56259,56917,62322]
[47390,56615,58023,60025]
[47447,54397,54953,59305]
[47466,52767,53033,57441]
[47600,54080,54161,55250]
[47710,50462,52962,60335]
[47821,51566,56066,59566]
[47827,50600,51352,60320]
[47879,48369,48399,61074]
[47898,50382,52591,64539]
[47943,58800,60880,64960]
[47975,52345,55651,63581]
[48042,52722,54931,61509]
[48180,48375,48399,48425]
[48269,56563,57187,59363]
[48909,51531,55211,56661]
[49118,55993,56007,61887]
[49368,55968,56257,60632]
[49500,55968,58300,59943]
[49651,50042,51208,51824]
[49698,60450,61490,65175]
[49723,53863,55159,64521]
[49979,58156,58957,64397]
[50369,53567,53675,59185]
[50561,60319,63683,65373]
[50584,54752,54809,55448]
[50660,51051,51101,63325]
[50719,54823,56210,64345]
[50737,54417,55539,60819]
[50953,58697,58807,64043]
[51359,54625,55825,61985]
[51408,55500,58035,62900]
[51491,52459,53251,59901]
[51504,55404,55581,60236]
[51795,57915,61204,63525]
[51894,62031,62744,64032]
[52000,52972,53125,53300]
[52160,52896,52965,59160]
[52809,55735,56265,60759]
[53295,54225,54353,61455]
[53445,59590,60819,64539]
[54223,55699,60152,62348]
[54433,56447,56456,64639]
[54765,60750,60850,61662]
[54995,59126,59755,62675]
[55454,61586,61659,63609]
[55651,57969,57974,58406]
[55750,60170,60239,64375]
[55811,58548,58565,65275]
[56580,57511,57664,62000]
[56653,60800,61035,62445]
[57726,58194,60609,65209]
[58425,59160,60639,61625]
[58888,61113,61919,64313]
[59007,60060,60065,61143]
[59550,60663,61138,62050]
[63085,63181,63665,65231]
