Loading "coleman.m"
Loading "auxpolys.m"
Loading "coho.m"
Loading "froblift.m"
Loading "reductions.m"
Loading "singleintegrals.m"
Loading "applications.m"
coleman_data ready, g=4, N=20
z -> -1120535203902040230623248122259 + O(37^20) (mod 7: 2), lam^2 = -3 + 
O(37^20)
den deg 2, sq deg 2, f2sf deg 6
consistency s^2-(2A+2u) val: 20
D1 point 1/1: X val 0, model err val 20
D1 point 1/-1: X val 0, model err val 20
consistency s^2-(2A+2u) val: 20
D1 point 2/1: X val 0, model err val 20
D1 point 2/-1: X val 0, model err val 20
transported infinity finite points: X=-2/3, Y=+-2*lam/3
Dinf finite pt: X=-7707494555553719575562084595601 + O(37^20) model err val 20
Dinf finite pt: X=-7707494555553719575562084595601 + O(37^20) model err val 20
rational points: 2
bad-disk point at X val 0: using set_bad_point
IP1P2 before rounding ((-4561189084387047898266248313*a^98 - 
    8167096841185991471066986777*a^96 + 4496452996317390597033641958*a^94 + 
    4435495446155634604427820124*a^92 - 5093599729016452080354266181*a^90 + 
    6542434634362987210741529587*a^88 - 7297427097172285570234120455*a^86 - 
    2751636392273286096209244441*a^84 + 8063135941089146200303317203*a^82 + 
    1085379770179144803923447746*a^80 - 2426573176275054002177409977*a^78 + 
    6370334565062589765794442402*a^76 - 2883827231051160797759485874*a^74 - 
    40397089971373872048233380667*a^72 + 88306645219098645227180125131*a^70 - 
    298385371870399359024195889909*a^68 - 256620184644347224492144852048*a^66 - 
    220752324801892992714252797213*a^64 - 187287932999449730425545320972*a^62 - 
    42025204364778236285858910035*a^60 + 227852716907779517607906170054*a^58 - 
    6376758339193874340861255142*a^56 - 93869643183083489242554263614*a^54 + 
    203669592092751171354731864864*a^52 + 43170152822801950247444881337*a^50 + 
    160848258860367140771686718261*a^48 - 988232319287180927645950800*a^46 - 
    164255625092217126269511911789*a^44 + 127391123943655909425130215226*a^42 + 
    182430739325261177431554074305*a^40 - 302510107039000491455549132338*a^38 + 
    237305630671103866788605153637*a^36 - 47269746711841678708293191696*a^34 - 
    92228562501812080706253038391*a^32 - 46722440438909554827682700639*a^30 + 
    311235766032713793955743917381*a^28 + 156565282456688427688133250055*a^26 - 
    72054328165294840241448857253*a^24 - 10575504725205298682978996170*a^22 + 
    228578744051971065491299323431*a^20 + 27715574296031762285050557662*a^18 + 
    99501721113489059886279539162*a^16 + 61711778306123945017597879615*a^14 + 
    299481186500026991097806966976*a^12 - 24506408248320849934474838542*a^10 - 
    251797240321786493222436875611*a^8 - 229339926998788204437951171803*a^6 + 
    32825945132601703547074261986*a^4 - 86942981683655084759786899489*a^2 + 
    274234584082515693919477893029)*a^100 + O(a^1973) 
    (-5514255849774995068442066435*a^98 - 4778372437802667136916488173*a^96 - 
    3274228789138821269197631387*a^94 - 1228507072319696409635515614*a^92 - 
    85700053150447517606447510*a^90 - 2330077288515086439030584387*a^88 + 
    7617893418024692785071843608*a^86 + 4871382521548881895732464548*a^84 + 
    5972330558742871655083053615*a^82 - 4756829402165482600489811457*a^80 + 
    4618283527602193433764328096*a^78 + 7735936745158491737721783681*a^76 + 
    6106114898641607104987633048*a^74 + 49678786388105615103017765009*a^72 + 
    35830315358064997763900909786*a^70 - 190713824032824547781775723104*a^68 + 
    269044764034768550104429958964*a^66 - 283209629398482463723264670763*a^64 - 
    84636220368525798109841243616*a^62 + 41778935861628039342636023009*a^60 - 
    63384238153139609649743002424*a^58 + 80656079791333582635418421001*a^56 + 
    135021121945023099592821000018*a^54 - 151690132376436812137337348651*a^52 + 
    53595187680799634573317146715*a^50 + 251396082189494721371915549398*a^48 - 
    183764658110021609658550172826*a^46 - 257555424487878348874336125896*a^44 + 
    2271341525410754199469744984*a^42 - 302434361901632876661976166833*a^40 + 
    50470079711804274716359873474*a^38 + 259431625242441672292073927071*a^36 - 
    121833571270514452722104782737*a^34 - 199004674234646322669853591766*a^32 + 
    193448925565465952545070731841*a^30 + 15910062169266530252262310739*a^28 - 
    142969625852259902285239784271*a^26 + 80290246797681867390485273257*a^24 + 
    268616461265014180565622920418*a^22 - 252736874468896710812299637199*a^20 - 
    265523510665219481076100573880*a^18 + 170050767177863347728453749691*a^16 + 
    46927319435686460569842070937*a^14 - 284419988836897065965012696425*a^12 - 
    226642557001155306128463693751*a^10 - 276041508517747985869781859855*a^8 + 
    239355516168179733644453123919*a^6 - 123539334429550553936140304199*a^4 + 
    279150621146675410130696734266*a^2 - 124511035097258265393121215243)*a^100 +
    O(a^1973) (1232973291359771275284015832*a^99 + 
    316807914515222795044272222*a^97 - 2221519216056909123487344120*a^95 - 
    5018046659702816559893402229*a^93 + 6257086840705846157998927284*a^91 + 
    5025788521178455316220992015*a^89 - 396366618025004694785618564*a^87 - 
    2919344874216640306515555106*a^85 + 4157585536022441223173100460*a^83 - 
    5592389544663616789892788235*a^81 - 61583466900238442672476713*a^79 - 
    626145575760433850243242714*a^77 - 7002413867716041084791607949*a^75 + 
    5608548650038958436362461559*a^73 + 68437314296980026779935679*a^71 - 
    1550558601063845480339942505*a^69 + 63797042623079709063337654*a^67 + 
    1814237423175535390411411821*a^65 - 6009236516054047785233383506*a^63 - 
    8391524800232829240838476398*a^61 - 8161316626244618246720821236*a^59 + 
    5351567378022209205935403995*a^57 + 3519790375830875936709135822*a^55 + 
    796807502551046046003350636*a^53 + 4417578964424969667129282228*a^51 - 
    5535855452996474602575572891*a^49 + 3711825919034345116352530494*a^47 + 
    8123560282461564209818219419*a^45 + 5769040179949578612524498175*a^43 - 
    6516389053017567651664247479*a^41 + 5401197499922348740516102007*a^39 + 
    5923330472286627348332173981*a^37 + 128827306233491901138964782854*a^35 - 
    284206539731675093176324269255*a^33 - 92170146704161174866098148179*a^31 + 
    244460001288055038742524553869*a^29 - 92632230698293437073317332929*a^27 + 
    68738408016347409775061088013*a^25 + 169130847059013647699488299275*a^23 - 
    75380305111631289499271831567*a^21 - 135364792401817272235165652422*a^19 - 
    106123948148281504670146042325*a^17 + 287876469118717832161951850918*a^15 - 
    46411340699034422861712279081*a^13 + 52617959990866595489708097362*a^11 - 
    10782170045351906286846835394*a^9 - 94937357860209987858158402318*a^7 + 
    193755614792951524990432629521*a^5 - 284736480814898144578892142027*a^3 - 
    231672995829363105787631054069*a - 62537127336778538822504875360)*a^100 + 
    O(a^1936) (4619057869101333563936545561*a^99 + 
    4913639642111646890083619855*a^97 - 3062985000585310651369188473*a^95 - 
    150699755570790174148521707*a^93 + 3010799233745793910403443915*a^91 - 
    3378481713297578179491307051*a^89 - 7752791036659594076319698508*a^87 + 
    4803801903458721219242734332*a^85 + 539303855395187790089619367*a^83 - 
    8261864945502438283658194324*a^81 + 2595375999429270205074482565*a^79 - 
    1855021108109481886518538627*a^77 + 1911582541741923694276583483*a^75 - 
    2007998674280750787910633916*a^73 + 6399130823952673008355351595*a^71 - 
    3356131764972326897080681341*a^69 + 6258040504600260830140828271*a^67 + 
    7620973333283975010939808417*a^65 + 3048802048759184260498329806*a^63 + 
    4136895629683300688637111690*a^61 - 2076304913714181032000233727*a^59 + 
    3598608623984077049954810918*a^57 + 2445146874155194879937326186*a^55 + 
    2918586068016896806353935822*a^53 + 7577261539527020569782170951*a^51 - 
    1369191713834473510536797867*a^49 - 5633695097882782511433493797*a^47 + 
    2728196400013549235644780449*a^45 + 5536154224134840824314498985*a^43 + 
    3761011125391852748455440358*a^41 + 150854400422310424747880549*a^39 - 
    4031892595630371825531165285*a^37 + 15272511259498118607265285352*a^35 - 
    68765236232430307581515709560*a^33 + 40910191206213503034428878852*a^31 + 
    119574515118449336189932283222*a^29 + 186401206077338209552762676589*a^27 - 
    240291819501106443284649825060*a^25 - 195678618480407542364862470712*a^23 + 
    207182305827155279574650250049*a^21 + 113011185697583684156441195746*a^19 - 
    95008463706868993941314918836*a^17 - 127125493467581559066004286881*a^15 + 
    221702687847777595502017420190*a^13 + 128852563803485432235200457507*a^11 - 
    223303946946638605157794784006*a^9 + 7609079277103329499335695915*a^7 + 
    186623559458035123963503168637*a^5 - 122088710200853185866544821273*a^3 - 
    192942194587188633720913903796*a - 287432129675109854504386530163)*a^100 + 
    O(a^1936) 248247272335409479109011004735*a^98 + 
    164524295849299135248474725394*a^96 - 199979345075620322604921956492*a^94 + 
    63372340416577673104472752893*a^92 - 213214820238786930400206905690*a^90 - 
    244432894318395892916074583691*a^88 - 38385893821112697425249828362*a^86 - 
    199446467936076121427455495744*a^84 - 304096475586872192202636629744*a^82 - 
    192168995944114156968433850471*a^80 + 207334464368293617882598272257*a^78 + 
    193192022345239700183920268379*a^76 - 150037236169095255852804099892*a^74 - 
    5925312529997773232957574995842*a^72 + 82645619487907237631884513286*a^70 + 
    73950640083408945480696564415*a^68 + 8045195614226569568105304754756*a^66 - 
    5112680763165411692048789051391*a^64 + 7792163328657920668820858214974*a^62 
    + 10656417407133976843855414314673*a^60 + 
    8936313909973753360844273858951*a^58 - 2419293497669188389492094464563*a^56 
    + 8338135537173625898271624806284*a^54 - 
    5066638446846785655912591463291*a^52 - 6509293679326702512638702341990*a^50 
    - 809187257725160465812327530316*a^48 - 
    10006145743983947530640253471119*a^46 + 4328796116487657244132687979380*a^44
    - 5167916620660093375345987196853*a^42 - 
    11019567805835313505310320007489*a^40 - 
    10482956373387108075162048605309*a^38 - 7150364816263039354953357477438*a^36
    - 367955148673758449345640224732*a^34 + 
    11130928951415786976367466421210*a^32 - 6677836680821847303255619126232*a^30
    + 1145750078399640147170350279926*a^28 - 
    4084813250839643242918044316694*a^26 - 11226669907796311101709473124076*a^24
    - 4498565249871519513818947473315*a^22 - 
    10644544332610022238254183268114*a^20 - 7491500379777085216475836706412*a^18
    - 94094093243116231396241244542*a^16 - 6475228262248435913859425679983*a^14 
    - 3681496171658165401228226520040*a^12 + 
    11444302377216599448120019512985*a^10 - 9350526630963495026547212205181*a^8 
    + 5587711298281545067259319832647*a^6 + 9617545560110438195480493813476*a^4 
    + 8817659644967311337836295177425*a^2 + 5978366874648522197752089785415 + 
    O(a^1973) -171503595925133838104298662137*a^98 + 
    272041835575283554166292915877*a^96 + 194480729108233266901550335126*a^94 + 
    221431519711930048012292009897*a^92 - 209384304967994475999529592837*a^90 + 
    275947683094159702887339094889*a^88 + 123472549242989446759749289636*a^86 - 
    24588445587935285767090700870*a^84 - 209441762602864196511853593260*a^82 + 
    309026437723157907281076626343*a^80 + 55158774292831574870430642998*a^78 - 
    74858769843289063152244544049*a^76 - 106949062602589384372040927224*a^74 + 
    9896408084679470038185131462523*a^72 + 10239985764350834453238970753768*a^70
    - 8940665747095624689204940623274*a^68 - 
    4238750596106844484815073558564*a^66 + 4455390377548977663453354975132*a^64 
    - 10351709457119629117174045749303*a^62 + 
    9798636600057438030796521782550*a^60 + 7069669879408065511011747319459*a^58 
    + 4473312271023916406069032466987*a^56 - 
    9016501126678256490461083429503*a^54 + 8488239681926914657377692588535*a^52 
    - 6093168129369951017091531886718*a^50 - 
    5416632136949351294988702986424*a^48 + 2480347618297006372517715245804*a^46 
    - 2196844407873163283905702153282*a^44 + 
    10121747715485739867900815264146*a^42 - 4251326375694404831925523459906*a^40
    + 3647511545296010889018424070879*a^38 - 
    8357447278279377159690908970522*a^36 - 433565090188138268417579312599*a^34 -
    4752485713479056228214748330801*a^32 - 7707393714472184196486999881844*a^30 
    + 763718705652212092096175257844*a^28 - 4256672800140489978989518657787*a^26
    - 2242339587837501167557525561418*a^24 + 
    9375062727643951711611782595491*a^22 - 671069068839275465585032396041*a^20 -
    8323782405173733961909064638998*a^18 - 9623009624607296537294415867677*a^16 
    - 10383764271425632215233282431128*a^14 - 
    5270595879899201942811502424059*a^12 + 2178807631865032240098801300079*a^10 
    - 5205386138279892918108387163515*a^8 + 3527634321954489403789854246885*a^6 
    + 6769561654186001783929569338199*a^4 + 11418401948804168734131671384880*a^2
    - 4430379274270532624886331608172 + O(a^1973) 
    298516713411448576605273481008*a^99 - 128743032420491253676240000199*a^97 + 
    129705933419576141671727526242*a^95 + 78384071745624969090823417979*a^93 - 
    145338255425771199127288588601*a^91 + 109890719368046386005682501475*a^89 - 
    138305446872721086142143797605*a^87 - 214112183934572146238906997471*a^85 + 
    139811411093190677115647400254*a^83 - 60892224232992741931440815408*a^81 + 
    58480297481528566249847001896*a^79 + 261862560886771709566231479817*a^77 + 
    234591812280485911109106329472*a^75 + 289787221029433482081593539431*a^73 + 
    37046117178339342389339856502*a^71 + 60411323085356329502508054776*a^69 + 
    273612845750041917085667554880*a^67 - 92915728177639983113212403992*a^65 - 
    221330859271356748226948097458*a^63 + 254307893930363792293267462508*a^61 - 
    30883683792448669584093067117*a^59 - 31397588350670663866665118388*a^57 - 
    152036293530858457390305259753*a^55 - 80469481373006252304945182386*a^53 + 
    19614204402174730034573787496*a^51 + 147683231876022662830890583441*a^49 + 
    290017917146798432039361717020*a^47 - 21197573023524999652884309591*a^45 + 
    5313033614666232379342722986*a^43 - 308680920426625898796416992229*a^41 + 
    6120271688016686540803281030*a^39 + 37804294595007790112496269148*a^37 - 
    9620549439245865506407672838289*a^35 + 6527037681271507340023383705442*a^33 
    - 2094387326496180588888258529692*a^31 - 
    5255109438569147408144088701318*a^29 - 4443568794098324498461490832002*a^27 
    + 137600892653124607360950071268*a^25 - 8774764325108517389507090901612*a^23
    - 9449990280573288475729326401031*a^21 - 
    5196066251005905705459971998693*a^19 - 3353429589926242231928302821097*a^17 
    - 5181884443359822608424260789812*a^15 + 
    1831071139305976647901013309728*a^13 + 7292917127094100671251978623972*a^11 
    - 10825811015629135934578616242496*a^9 + 9466151262591466322605942138488*a^7
    + 8002054212990656098820861199503*a^5 + 6668084199211830634347986028484*a^3 
    + 9524588382511776177649086459464*a + 1016625484246497735950633703222 + 
    O(a^1936) 16622988790693743217749345091*a^99 + 
    155826139421798623654884939629*a^97 + 253986667543287777634473402380*a^95 - 
    132381571901540932843988808009*a^93 + 102853319179949088800488100562*a^91 - 
    233207979589126772813651398893*a^89 - 261302692492360039377416223020*a^87 + 
    227018906690440995256769524910*a^85 + 209814341470167723088437916090*a^83 + 
    119244671338032016086625152159*a^81 + 114137236404270067255798288687*a^79 - 
    22059515479512145039193660299*a^77 + 283919227475348879908489840441*a^75 - 
    143164275108724519863164199208*a^73 + 140864745292330742292851429014*a^71 - 
    206335746897227451557178531016*a^69 - 100094766077595457681207192383*a^67 - 
    71443819671764438604526120391*a^65 + 270033694422299295828641929103*a^63 - 
    277269057384877930723954182231*a^61 + 64919068120092346037479829191*a^59 - 
    236634254497727015758334976934*a^57 + 29563710377019576466149269801*a^55 + 
    45283431658190226425378168193*a^53 + 97657664682698115855379853291*a^51 - 
    295327967069156508261867656704*a^49 - 191227110931319201249637021555*a^47 + 
    201007984480886125465186703144*a^45 + 173382355861842176549172823107*a^43 - 
    170467035215798662842043589693*a^41 + 255930285813313224022113156811*a^39 - 
    15437202095177421982103915871*a^37 - 1018373040851872500738260236588*a^35 + 
    10785205010475102547914589658367*a^33 + 7379923688897963714117959369718*a^31
    + 3685717217432904078213600168164*a^29 + 336754098749345015732770309332*a^27
    + 3019494599041365577768319373734*a^25 - 
    8342695800439730203356651269724*a^23 - 2349779655577921647210212857341*a^21 
    - 6322002991763825154644026651352*a^19 - 593104677809057569625514090180*a^17
    + 2232047142449070650249480080855*a^15 + 
    7990793367623707234258578269539*a^13 - 10545205775238166102195009080820*a^11
    + 4059863776195361523267154297386*a^9 + 5944534764040439995865310860904*a^7 
    + 1990828139589290047879324845692*a^5 + 7978322784762501672551302876054*a^3 
    + 8061664371493186912021173800529*a - 803486551913066008391062050953 + 
    O(a^1936))
IP1P2 after rounding  (274234584082515693919477893029*37 + O(37^20) 
    -124511035097258265393121215243*37 + O(37^20) 
    -62537127336778538822504875360*37 + O(37^20) 
    -287432129675109854504386530163*37 + O(37^20) 
    5978366874648522197752089785415 + O(37^20) -4430379274270532624886331608172 
    + O(37^20) 1016625484246497735950633703222 + O(37^20) 
    -803486551913066008391062050953 + O(37^20))
point 1: integrals (basis 3,4) = -832629*37 + O(37^5) , 632368*37 + O(37^5)  
(prec 5)
IP1P2 before rounding ((5602016650510363038926326930*a^99 - 
    4594137424054429864691216694*a^98 - 5807953560635395011754833338*a^97 - 
    6379440492728448448772747831*a^96 - 2151477403653673180734875625*a^95 + 
    5414285891869553785152857369*a^94 + 3582058103010526200260142410*a^93 + 
    6941825686169801829938614888*a^92 - 4724438440644391608150073709*a^91 - 
    3664607831709160559184104027*a^90 + 6875839850700109371517665470*a^89 + 
    5367088420077596278572641323*a^88 + 823066930347964002465793827*a^87 - 
    5214496893151295719114511746*a^86 + 6116863777458571275103595047*a^85 + 
    3343817650376691632149954306*a^84 + 1980962627564393789509514026*a^83 + 
    5937525589047220854201602978*a^82 + 1549765940704059652532570001*a^81 - 
    7719461354775669083979473549*a^80 + 6237225945297190012978576567*a^79 - 
    1215585964548572324752389497*a^78 + 434618590891345863236466478*a^77 + 
    2074697307958367134982733223*a^76 + 609547328461869079878232511*a^75 - 
    7228281606349667308124083381*a^74 + 774599821128878631748760988*a^73 - 
    188259845179155252231756872*a^72 + 6002260316788093347532114798*a^71 + 
    375929297953183211813101948*a^70 + 53493647299232640616510728*a^69 - 
    6115252412476464726478626811*a^68 + 4382930274940248225934245406*a^67 + 
    6768640737817339977650211553*a^66 - 6186730148009608901068892115*a^65 + 
    316582673459589245191919096*a^64 - 5032125558150786804623696180*a^63 - 
    171581617384080826716384903*a^62 + 6704129149719929021082804601*a^61 + 
    4843018979616522257465544636*a^60 + 5622122802830952118524238486*a^59 - 
    6582614391338465133014388325*a^58 + 7234998747375519517691698172*a^57 - 
    8363144522673887612798044167*a^56 + 4022033511850056339646205109*a^55 - 
    3782017290307438569016790118*a^54 - 4480210848815254234984585618*a^53 + 
    1265531642119357697715502463*a^52 - 2939754123860733209944288957*a^51 + 
    2058880940333284441012078561*a^50 + 696701268270867292575387051*a^49 - 
    3673920521094930131934391916*a^48 - 2562539440594184956601176645*a^47 + 
    4108568174969701945999810790*a^46 - 1217624960224818325159699524*a^45 - 
    2869577034501555696148811025*a^44 - 3253885595901437485596105254*a^43 + 
    7204856683812316931198995289*a^42 - 44127192782003234017469093*a^41 - 
    7629852725775265594864563461*a^40 + 4470877763281742431524383372*a^39 - 
    169471864329185937409666040*a^38 + 2087724377061234979453737860*a^37 - 
    3281800103724682413382951397*a^36 + 217532504718436790687312103770*a^35 - 
    89593945515785427838697476*a^34 - 226053651999455062899892144873*a^33 - 
    61045712922068648608299936955*a^32 + 51893593812927704601584587982*a^31 + 
    94347563659925539756225171124*a^30 - 263792992461505967416068186345*a^29 - 
    171801040478786752268672616633*a^28 - 19128009980136445166006905610*a^27 - 
    218897495308563494830609689262*a^26 + 257816707097495949627187523818*a^25 - 
    3519755891902544929297637924*a^24 - 293226862293474352258292343862*a^23 + 
    97360899005755284306425093217*a^22 - 156540847508566397421834583661*a^21 - 
    227932096421817213228937103318*a^20 + 139806540141320482405316373030*a^19 + 
    69614801143762298677288344333*a^18 + 173162395964876822894507085524*a^17 - 
    206171131276022350649190402193*a^16 - 42807264119792401438497850933*a^15 + 
    231565053507846952804558760607*a^14 - 170727427123311931602014114614*a^13 + 
    14737359480350148161995279436*a^12 + 140293380704591428748673872499*a^11 + 
    100208416889929543637074439131*a^10 + 118332276051016920808518635026*a^9 - 
    172492407665918339461377130516*a^8 - 280843325782218539388631591139*a^7 + 
    262079069820607666966072498623*a^6 + 78093341255847544795332552825*a^5 + 
    112506292358551377313965448333*a^4 + 70393282879507377788937176512*a^3 + 
    162845591958081295578863369660*a^2 + 54683268375041663425745018243*a - 
    157323781872744071289565769709)*a^100 + O(a^1936) 
    (-7129432192061906638713057417*a^99 + 3336597206618806090619485939*a^98 - 
    4209584276520489128975090203*a^97 + 3559024271913199610221612954*a^96 + 
    2676541041711624947267020907*a^95 + 2181546219890740177073977376*a^94 - 
    8015067428295721822990538001*a^93 - 1966262907609081070560788603*a^92 + 
    3633998509366932890392136469*a^91 - 19325490997771633235321834*a^90 - 
    948714550352071704667890247*a^89 + 3288233168818435574901580255*a^88 - 
    4376224570628355291515360599*a^87 - 1293652704797719945831144020*a^86 + 
    2907289756241868597073144415*a^85 - 4744194841777956878550527449*a^84 + 
    6723806863775122013664522834*a^83 - 7829884885297699637196046885*a^82 + 
    3072407525460968058733519288*a^81 - 6072121237054913639650210835*a^80 - 
    6393185511685764817556024240*a^79 - 2867556933886051144940913702*a^78 + 
    6274923154129112916614870257*a^77 - 5405992003908413281464002856*a^76 + 
    8302155896510163023466736182*a^75 - 4934637388679832980328644716*a^74 - 
    7722819920343159804384725963*a^73 - 1115118195824249309317740055*a^72 - 
    4710569121879079506458157735*a^71 - 658724845194052687833813818*a^70 - 
    5833319485025698273702228613*a^69 - 37634393796708215852791347*a^68 + 
    4005130538397132945295569500*a^67 + 1635759676827110538047983012*a^66 + 
    1271640576371546028013676023*a^65 - 2148289918621818495879638261*a^64 - 
    3154478906268249302830954629*a^63 + 4628563895434688436437928278*a^62 + 
    6922538160212937559794905295*a^61 - 5807974296658130867894244083*a^60 + 
    8325196327274883234550765397*a^59 - 697368371032196428459009955*a^58 + 
    7145210849975848601757980474*a^57 - 2268681841233886295508508255*a^56 - 
    7065200551943883837666814547*a^55 - 7767371175392000540762303013*a^54 + 
    1255161656937982831215736591*a^53 + 5981303309342253332067675951*a^52 - 
    7229916919081475197335895164*a^51 - 6836344831894574669960246153*a^50 - 
    65496982237825343427780285*a^49 + 2569914611342047100272146660*a^48 - 
    978791208865946072502227998*a^47 + 1349929832731592807288345417*a^46 - 
    7840894973166389538802029653*a^45 - 2286828520841696195461976634*a^44 + 
    956398185099192205527944009*a^43 + 4560598488557513876147236202*a^42 - 
    1718526531240534826196462406*a^41 - 7598223616747870686210130945*a^40 + 
    3656802677984163502609930594*a^39 - 3212651106894982465774461817*a^38 - 
    7216497472673290197815047449*a^37 - 3790015198497870834021857318*a^36 - 
    242849637914210767753213427020*a^35 - 243314970871266783853792608553*a^34 + 
    273715019610680183693793384053*a^33 + 232521686249925746730839632101*a^32 + 
    288372227090425169197399273964*a^31 - 55642033423408750196108911507*a^30 - 
    277587907892327558535543233358*a^29 + 37020554405357253339043102258*a^28 + 
    264551456552238203309578312274*a^27 - 109017820439322003887207237585*a^26 + 
    294818969090270014404548601358*a^25 - 23904826722430275888327826847*a^24 + 
    231682991027691864859251380278*a^23 + 88002081935092045258185997684*a^22 + 
    188617143833133478647610552868*a^21 + 129233945337135414960047114090*a^20 + 
    199040773301981481092288140627*a^19 + 3035456340305670509208341981*a^18 - 
    147284424170530484472099516426*a^17 + 96008257353952599213748405476*a^16 + 
    297177272326389876161436117945*a^15 + 232509606567087140197490854610*a^14 - 
    101545878969480154644028221975*a^13 - 52195832540441996852373291386*a^12 - 
    123650924266074294856746092156*a^11 - 261275674248070427153952728837*a^10 + 
    199547350279490656503821959006*a^9 - 125844647486129498570463549610*a^8 + 
    265744175828579254673017252357*a^7 + 83288036191246770028568004672*a^6 - 
    125040872503878196976823726004*a^5 - 53648915558298401615317474198*a^4 - 
    201236679193547512799615261434*a^3 + 96441216939334611238839409391*a^2 - 
    57984981223810170636468878417*a + 250879514164643009340078125491)*a^100 + 
    O(a^1936) (-4780155327782067836176218503*a^99 - 
    4340712421306874853269783396*a^98 - 3002662960759294366372837370*a^97 - 
    843088320578525885769427227*a^96 - 7482133897044886991646995839*a^95 - 
    7265937397373894597265835906*a^94 - 6210221315258520765533474620*a^93 + 
    4411089556521093601732497973*a^92 - 6928594004537769329994016966*a^91 - 
    6991711576321080434446347898*a^90 + 366154839036666948428760317*a^89 + 
    1771419049694402178151253338*a^88 - 7238434377941433312903462999*a^87 - 
    3282242899261570535495645582*a^86 - 1218436922809775721544984695*a^85 - 
    5130716778021299547178377649*a^84 + 3197434192747303420810294078*a^83 - 
    7534704344973577945868766350*a^82 - 2284655664672488049299514221*a^81 - 
    3766835562162226664485636138*a^80 + 1872644315767694746363987938*a^79 + 
    3342039874514291144214525273*a^78 - 7370205951236795672695442289*a^77 - 
    7352643169810335220361059966*a^76 + 5473059065066252753997769409*a^75 + 
    7296684114823587404771320804*a^74 - 1242953276639031658957324877*a^73 + 
    7378158263893090817507922701*a^72 + 5016178071148881247067535812*a^71 + 
    5252283395673666807108547334*a^70 + 7317759099413921356562490960*a^69 + 
    5963011084859465573817831424*a^68 - 2136837501861883000726760511*a^67 + 
    4691194651508035535101658767*a^66 - 1365535659889105523822410464*a^65 + 
    5654821727612736817692480339*a^64 + 6380787948627208842159229106*a^63 - 
    3763715440400018662963500568*a^62 - 5968885919936204416187312422*a^61 - 
    7975431592761695075684272059*a^60 + 1375375241727685626939328180*a^59 + 
    7676242421165542792434963050*a^58 + 5247704345862763599606709858*a^57 - 
    8314690943065219431767687390*a^56 + 5845364728154374416427846725*a^55 - 
    6172548329929627567062151790*a^54 - 7758453109734033649885372699*a^53 + 
    1350492702742363325497679215*a^52 - 1542047482494789240868752484*a^51 - 
    4126185660678646434484405485*a^50 + 5883728086532635867707737074*a^49 + 
    6114831435851712292691362479*a^48 - 1635504520728266234235866562*a^47 - 
    3217956456068099116155688387*a^46 - 6174822234014411395083337077*a^45 - 
    6660480326894286170749135216*a^44 + 1394481135676412884975442262*a^43 + 
    507605326773815706805204513*a^42 + 1352303988570154814360130990*a^41 - 
    4373414025350125929332384616*a^40 + 6491431615205344869570978782*a^39 + 
    3284595777967497880905780602*a^38 - 2636642960917809304734675907*a^37 + 
    4127349921570399303124203145*a^36 - 116316865571108267692407561389*a^35 + 
    39283157711591934814986900542*a^34 + 206784879839532295058920656566*a^33 - 
    110171376908244753057710362009*a^32 + 311413596767274691700745356068*a^31 + 
    138773406446408910648848325759*a^30 - 115331099281484332178333104185*a^29 + 
    177722327751485673188992025433*a^28 - 231985500204670554541192548015*a^27 + 
    187330861336417407108004241587*a^26 - 259819014947739117201033222645*a^25 + 
    227343395127708796522685536730*a^24 + 250629675049453082226115631109*a^23 - 
    64257628223538984273284813709*a^22 - 288501045343226683823554182277*a^21 - 
    203045048425263167160039155863*a^20 + 300428860214960097550505010146*a^19 + 
    39963255840124888709298595691*a^18 + 301465872858695246966108414958*a^17 - 
    189974495445229766822668211603*a^16 - 2827736976781597373091548064*a^15 - 
    1899751533257043744582740889*a^14 - 146764139909721686341969573413*a^13 + 
    174418037453186511405894454205*a^12 - 162091822936683822678008616584*a^11 + 
    98322850427886979850768946460*a^10 + 110978600532745579509155684658*a^9 + 
    85798040843755149231002268973*a^8 + 255470627813594372286287160539*a^7 + 
    112641024161676633142140536191*a^6 - 240759406567150073017678157727*a^5 - 
    139362551929511992326423894756*a^4 - 272444128339835209203207642606*a^3 + 
    298237496277557208912853030350*a^2 + 284801333805158087691187974157*a + 
    248806817663190219784780167736)*a^100 + O(a^1936) 
    (-3072202543290924369626585715*a^99 + 297359782399633349124789671*a^98 + 
    6186917076082397048709951809*a^97 - 3780381177428555594122679499*a^96 + 
    496907085175431069693299952*a^95 + 5372065138050978623232767803*a^94 - 
    7073400863594728292336737595*a^93 + 1282373697805851866817300225*a^92 - 
    1787140117413387688951060896*a^91 - 2860764380878233826522736460*a^90 - 
    2573121291273226423602653536*a^89 + 7018926783588864279104881693*a^88 + 
    4496242651876511239199944463*a^87 - 7348584088688774225406618961*a^86 + 
    3144552814315654100340739816*a^85 - 1526067873033956021923968886*a^84 + 
    3596868515901652070153550872*a^83 + 5483779380583805394359628838*a^82 + 
    5860173696210318672217239569*a^81 + 6804439481174958865490978096*a^80 - 
    5577292164687794378329268095*a^79 + 1096058099003226849148224442*a^78 - 
    8232462792280367640656311581*a^77 + 4921801121611336993425430427*a^76 + 
    7428726765366520554093409572*a^75 - 6959762114042208617454812614*a^74 + 
    2636941207271754042970912963*a^73 - 6521713094197003465113134788*a^72 + 
    3162054670922059941888609502*a^71 - 1779229340438115041290113540*a^70 + 
    4727992166203914081534708703*a^69 - 247471933895695576153376131*a^68 + 
    2029263973820249381985817180*a^67 + 5709716141520436141896329214*a^66 + 
    1030169149376613706656455212*a^65 - 2186136817121173118330257931*a^64 + 
    7485320232288436750514274579*a^63 + 2110657880936524330844697792*a^62 + 
    7550640822391460872672681381*a^61 - 7311039696504714892349338405*a^60 - 
    4631671240655202394157468722*a^59 - 5343971133022223157224361632*a^58 + 
    8261624995511778354916396152*a^57 + 6969102750221671119435482167*a^56 + 
    6871140187936846280665761192*a^55 - 1341071932288133732767534049*a^54 - 
    3249257235208548718131862119*a^53 + 3011986769425030065791517880*a^52 - 
    5612210217122294007647972207*a^51 - 3939232397647023715957800356*a^50 + 
    4448564915609938248157089431*a^49 - 6956842206182306234765713378*a^48 + 
    8115736216008697585071717436*a^47 - 36706856366260317048549488*a^46 - 
    2900204643140796594607371109*a^45 - 8323364443139554087052874560*a^44 + 
    5637897960474382307204933825*a^43 - 3638407843032916610263738360*a^42 + 
    6541365024002734789302243620*a^41 - 3736640529005383281136875445*a^40 - 
    6680460752521875068061907924*a^39 + 7337821008239889808602430928*a^38 - 
    4345498445285217797725934856*a^37 + 3274351987104642149444698973*a^36 + 
    31027919516711759827262977114*a^35 + 209724459195832751385925051316*a^34 + 
    61459337880659034189255930488*a^33 - 81081632636863937607409828957*a^32 + 
    264451532854061445480600121817*a^31 + 173804054729151667485444942324*a^30 + 
    200576409036966309963906463907*a^29 - 258793731698778656461981707375*a^28 - 
    198602722090535292207935704229*a^27 - 9607298932534182602875158761*a^26 - 
    94960038651579197260843924264*a^25 - 53377195391719586847912589918*a^24 - 
    274565904312309655401381025059*a^23 + 153078440594829003218118968928*a^22 + 
    286810653459427062143652230866*a^21 - 129271287281260285787838837317*a^20 - 
    205648939213524836844702263820*a^19 - 305258468799060264058841941446*a^18 - 
    191909958863335529068081815283*a^17 - 203400781520799978122652779760*a^16 - 
    118783091410308051848040277404*a^15 - 307030690652917682440975783296*a^14 + 
    71322188043130617918576347192*a^13 + 195560684723981344682288536076*a^12 + 
    77256223820344826987372811501*a^11 + 185247453006009281089282138567*a^10 - 
    227632259745879087743969416926*a^9 - 100967764249403370856611472314*a^8 + 
    280216255204728142817856610887*a^7 + 47176455629071517382319873157*a^6 - 
    142579280299886677521989969134*a^5 + 231675420896203229052279641518*a^4 + 
    143803092203815763037429636593*a^3 + 125991131283111798636967833231*a^2 + 
    219649915235110883192215727961*a + 115314787377745674270382356873)*a^100 + 
    O(a^1936) -111515210428397048720318487244*a^99 + 
    300357380920973463784995620942*a^98 - 165469243993889302873526241146*a^97 + 
    27159780993538308227149979761*a^96 - 202609044899762928658500202043*a^95 - 
    304936099992347371995208171498*a^94 + 97960114960723180766706464210*a^93 + 
    50684385486804444849456805439*a^92 + 145154017940463744485094535271*a^91 + 
    193282802023544298195183342616*a^90 - 289299946704357487341785859002*a^89 - 
    258484103760414286076584486175*a^88 - 268554911577941953831574055811*a^87 + 
    21164960089060493888314912872*a^86 + 232145381868666776745091823490*a^85 + 
    25852063447387519727005707819*a^84 - 96268974622345829474244924293*a^83 - 
    183793829490282810764498890825*a^82 + 231061681497823376997054221240*a^81 + 
    63755502715429496736117772151*a^80 - 124901437891506562208410937796*a^79 + 
    181021994062683472125037797402*a^78 - 38392841074868686548019689618*a^77 + 
    228179016203064657200313191428*a^76 - 118553774493549886122508391268*a^75 + 
    219958527815983326796073602288*a^74 + 67685266604796429734980228280*a^73 - 
    111140387285106659010643953739*a^72 + 112147983300234042233072850690*a^71 + 
    143736589613259495888824606175*a^70 + 247711717079890442690962040032*a^69 + 
    85752411989763096584579193432*a^68 + 141254517041809296383835704349*a^67 + 
    158625086270481117125917747063*a^66 - 13845049527811211350646216920*a^65 + 
    53872227184526408366045179581*a^64 - 245609131083044439294578198820*a^63 - 
    50534303990430450963634215981*a^62 + 219858797112833278174719125029*a^61 - 
    115520195699095007298969552694*a^60 - 73500533469630904710570347444*a^59 + 
    211629612104069613601113577578*a^58 - 114647947127865649525423178668*a^57 - 
    112296899810046182315603720975*a^56 + 105825553673906152170409433362*a^55 - 
    44797400620734453999439178072*a^54 - 27588001413200095252265257159*a^53 + 
    188579897817086549553907287650*a^52 + 72457315278129114539814948182*a^51 + 
    71968691913316568877626047066*a^50 - 242210069948156594004201098068*a^49 - 
    166830392146144213546551921309*a^48 - 46772489981478541135286313732*a^47 - 
    299102254280066959385000025775*a^46 + 108077685815897896734518313840*a^45 + 
    183297910233962310586786354263*a^44 + 258637210218189815157832708823*a^43 + 
    30866483876611849096282095178*a^42 + 95973099637937017356757834734*a^41 + 
    257696464505372934670188705130*a^40 + 281405732479456403876581982873*a^39 + 
    182261991060101915582667588056*a^38 - 189879075740227771674791104471*a^37 - 
    261916296312746677102883669836*a^36 + 1070295830871736772692644831400*a^35 +
    9186332379024647708073482023171*a^34 - 4361648909637739401600639013895*a^33 
    - 1047895216990574577632746583104*a^32 - 
    8640597142790605474367804170916*a^31 - 8375615366634257590795768058455*a^30 
    + 8915188477217585620678642713951*a^29 + 
    8131399041603710106562908267483*a^28 + 5964887575775379206013830056786*a^27 
    - 11500477522210785788669686673488*a^26 - 
    2703113515100578257551734822842*a^25 - 7243049365581812665570365712774*a^24 
    - 4777761842555096952361282844483*a^23 + 
    3691295566768951667376679196358*a^22 + 620491487040527803303779668092*a^21 -
    9030123879322886259333086700961*a^20 - 1066647928700343913233096717980*a^19 
    + 5498398824241539842301733759595*a^18 - 777410633846116183189010296906*a^17
    - 436536741504271515469981785682*a^16 + 1211017825211565724036051912739*a^15
    - 1359746704371453189434003709212*a^14 + 
    9583349776170772892099100429816*a^13 + 1909133980538239918631935701490*a^12 
    - 3773680437788159856089042599051*a^11 + 
    4707036538671032855531758695649*a^10 + 11237750436985331526340107307669*a^9 
    - 7527138736013635912826827959858*a^8 + 7676541627689800432112545359725*a^7 
    + 5998728838778330928312344401702*a^6 - 1672428099845105577003439163405*a^5 
    + 8925540185428552515080752140167*a^4 - 2376603262968428660665989565735*a^3 
    + 6003892319293191122442551041026*a^2 + 7507945192580539480173075706051*a + 
    11019191145505228175541617695722 + O(a^1936) 
    283104010370380183215616876478*a^99 - 258922392908544617612941899937*a^98 + 
    199147712369873551589422693477*a^97 + 144699453845572855974886313364*a^96 + 
    117555454391424743083102042604*a^95 - 240991832776629096733410708061*a^94 + 
    49788736776635110463109225142*a^93 + 218709931272907331475835730031*a^92 + 
    137539258724290170232255715343*a^91 + 291089533402368492008581701272*a^90 + 
    105220375733757495373068717634*a^89 + 203067053272835110817671154999*a^88 + 
    165974934622991555965189719842*a^87 - 219951719770709501603018276451*a^86 + 
    14840314541157012082238971013*a^85 - 115830934010378603367175785724*a^84 + 
    281076539904436298213410943081*a^83 + 178272542999779803994976254308*a^82 + 
    264194272514832737150628438448*a^81 + 115011141270213786622018759987*a^80 - 
    140504109733875680027745500386*a^79 + 292136369356043099095765910154*a^78 + 
    173059379092202303954633340565*a^77 - 52561253953596357547270215895*a^76 - 
    2753482123949242870828879237*a^75 - 48169956561498725594220053505*a^74 + 
    253110536592236988333023530506*a^73 - 110597494411875826746244998656*a^72 - 
    214398154859996206775721768015*a^71 + 293337150028465941123549615495*a^70 - 
    43259795765709494785258434379*a^69 + 180680823892760950345711117499*a^68 + 
    281410986511191968966420701560*a^67 - 308530076835328390879901849417*a^66 + 
    4929597528909269539929883000*a^65 - 70837570513494035286918330017*a^64 + 
    16712633359829047021557458586*a^63 + 230320651290410326803158513221*a^62 + 
    283405193458892336392992482858*a^61 + 204467116028842725150541571204*a^60 + 
    90720699085466502614541391443*a^59 - 158240522493548213932319993466*a^58 - 
    224056299842362393215423772114*a^57 + 62454604826306948759419013234*a^56 + 
    121091426761521344539568018644*a^55 + 189182494836884067550066498008*a^54 - 
    57098401669694069704970373664*a^53 - 247997375583453602895021615096*a^52 + 
    134688932989654165002238378112*a^51 - 79263835048858113000585462975*a^50 - 
    105579587484954560408886021485*a^49 - 6073828980787914941328110139*a^48 - 
    29587822875087867569007744704*a^47 + 38314221882184593018618128704*a^46 + 
    294326342783647039265862701551*a^45 + 60076932744560243508807352787*a^44 + 
    76042691768250360631779819320*a^43 - 272641381498380500757750959856*a^42 + 
    311827982109940449264057932087*a^41 - 202579100089104244902725827113*a^40 - 
    1038396738708432841315065647*a^39 + 240762094747694113130742437333*a^38 - 
    310341379514737000679966133714*a^37 + 254266199045503017081383655705*a^36 - 
    7706546790111444532520903402330*a^35 + 5266973142533688014337809557116*a^34 
    + 257694945137325761070050425739*a^33 - 
    10616785221171554925061649412221*a^32 + 5841464106924354529171559815301*a^31
    - 6241211134404511085931085028250*a^30 + 
    4083601071197170737816521152422*a^29 + 2601562496656586254824766940196*a^28 
    - 1232480094248284316276802764684*a^27 + 
    9085607418155594219089564883225*a^26 - 9603962424116750258937389801597*a^25 
    - 3496647741678447217466955254868*a^24 - 
    5603473168652837438227982617918*a^23 + 3177880142746208323730060978748*a^22 
    + 2991484849996935123243312427595*a^21 + 
    10142811474697335430505631468381*a^20 - 1520461630457405509874393921120*a^19
    - 4185071335487094901028799894494*a^18 - 
    10149400157935343713845156022784*a^17 + 2130832273600457130591906480742*a^16
    - 9904832992367280921415179566455*a^15 + 
    7143396320263967342960845683661*a^14 + 8311259599752492435493255581662*a^13 
    - 3071009237198353474219581137234*a^12 + 
    1570662632990087207987180719256*a^11 + 4530909263064361511999928400174*a^10 
    - 11394087386607076036699161427705*a^9 + 2537158510580825739519868677616*a^8
    + 11051074211781455196634992475042*a^7 + 1139622861820625286022446070141*a^6
    + 2832160888706878251363359587265*a^5 + 1949551169142605976714253165137*a^4 
    - 1180989654997432948371504764117*a^3 + 6063983799039757570551769250578*a^2 
    + 3930461537838816184437138591763*a + 223379598484855235094406786005 + 
    O(a^1936) 155153698460583104099609339463*a^99 + 
    50041606204539434400990198793*a^98 + 262770024350471679276765568608*a^97 + 
    286489634521875699948619140931*a^96 + 23768377847883363538169557988*a^95 - 
    48438585801514322299683017918*a^94 - 62257192549114458968235049298*a^93 - 
    62283112629770365939847852876*a^92 + 33058147474471012697495274965*a^91 + 
    131137568018864004071596533260*a^90 + 47583886992944961203989867151*a^89 + 
    80220719433318830459548838476*a^88 + 213199856396544922207880197581*a^87 + 
    230687122206239232462102547022*a^86 - 182981793563632701084266385704*a^85 - 
    55135358429955253017098916928*a^84 + 37872507118530884164661441300*a^83 + 
    30652543844841901829566201920*a^82 - 200387199391188084909820340330*a^81 + 
    106934208442478162096428874453*a^80 + 225093565418176744647911993297*a^79 - 
    20116173489181001831059504771*a^78 - 203389762754660623324504084396*a^77 - 
    244021908823471206442820372762*a^76 + 230964736982748096113738797331*a^75 - 
    66824236244454474652011341842*a^74 - 68594257972492829616068263688*a^73 - 
    311728335748190632457288270814*a^72 + 86094296830037359040430437758*a^71 - 
    14795128065818893110624330367*a^70 + 111693583720270212716083239443*a^69 - 
    84526826513525981345273037700*a^68 + 157824160915390515404678042281*a^67 - 
    261762340737924596175932462731*a^66 + 135642096282071916747906023622*a^65 + 
    49584784817445447430278963383*a^64 + 6763042296959920596918939814*a^63 - 
    168906341873107628284879359006*a^62 + 87289795188238222127372141538*a^61 + 
    271811073571812914813050401427*a^60 + 110174154023636831738610224496*a^59 - 
    254763754176680792630559979111*a^58 - 254734266086486559674350424163*a^57 + 
    304154500302362171537138338635*a^56 + 147780323163166884861844176244*a^55 - 
    3200435303924115307451955192*a^54 - 160030761245113240022180877665*a^53 + 
    63796832517413463503913415450*a^52 + 143764928575663612056612331903*a^51 - 
    186348916149667086998678427836*a^50 + 255897017841612676180750800559*a^49 - 
    291934541715689964063125240951*a^48 + 161472794728585536035286920256*a^47 + 
    230357289774867111153342229311*a^46 - 87203378921383687626159394898*a^45 + 
    236368343671357077684243092*a^44 - 182286954908233473661515131208*a^43 + 
    96092500438047655221720414295*a^42 - 172379125863011395143808172854*a^41 + 
    7867205077196986425329708196*a^40 - 235293591656700044475128593577*a^39 - 
    282147497220607161019712785085*a^38 - 43486345767432863727399947097*a^37 + 
    194232937733242400109495355706*a^36 + 3648090171111864136546838289152*a^35 -
    9050058823001128165197953831633*a^34 - 10715414816221453995442840988692*a^33
    - 6394565436319284555282140871107*a^32 + 
    10197499134877138884917063973118*a^31 + 9686185605545916588251112936495*a^30
    - 5199493602091196181259491865355*a^29 + 
    10816569454241374334727025471974*a^28 - 9952666665532759650324217276130*a^27
    + 9048477287352232705196433109334*a^26 + 
    9231344844664888047755874459324*a^25 - 7559584015420629405890028086003*a^24 
    + 10548376212090373871425975687872*a^23 - 
    8654102383535189897935502314402*a^22 + 6877612700687981298718074216936*a^21 
    + 4100294058263374515719985288988*a^20 + 
    3058973641077374765627549486183*a^19 + 2975997271189377157674973193224*a^18 
    + 1798621020157016077225514176984*a^17 - 
    2716273638957832552276596376073*a^16 - 8622065928685830770606290406969*a^15 
    - 789439041069942016761613504895*a^14 - 7610556970613647750564028736735*a^13
    - 7372709723133589697892502688534*a^12 + 400243653675571277565519316591*a^11
    - 8564926513972960267653677011961*a^10 - 4815221961260816826205851512116*a^9
    - 7293479888851826814590512955297*a^8 - 5246946236584339760017054346611*a^7 
    + 8467236760851116937135961217751*a^6 + 4420502513779920656338444470615*a^5 
    + 7838375439038730617808953286866*a^4 + 11464683421782329488852619108016*a^3
    - 4196938123888920953434671569150*a^2 + 4812791881699318895673813096678*a + 
    1463266179847330510844598358588 + O(a^1936) 
    136030818309142484286802663511*a^99 - 102911891172481894022061881839*a^98 - 
    253969148786640761960339997696*a^97 + 136087415649505374395175817443*a^96 + 
    249303513842578787591506814774*a^95 + 112013018670265220988776708226*a^94 + 
    281003283892660784974222966633*a^93 + 243548054640527788906422725142*a^92 + 
    103110216999252722507079035196*a^91 + 262148651757438718201706931405*a^90 + 
    87357060766361397071830523359*a^89 + 300854670974404527283149113462*a^88 + 
    64570262713181974501408226763*a^87 + 139065874871647836653198132876*a^86 - 
    45806243963750049327495967905*a^85 - 15742115466802048582755650487*a^84 + 
    247162513411665964269365956517*a^83 - 238226702807081616355705361312*a^82 + 
    191471286859044954408976361630*a^81 - 308017412232154879904700432217*a^80 - 
    246602861255921466024041520134*a^79 - 289809227300255461255809584081*a^78 - 
    47065894777677622228905107451*a^77 + 246128442103164855652839477756*a^76 - 
    28961020935634538514656378664*a^75 + 239035201862129216535295360569*a^74 + 
    21169581176388937080668753112*a^73 + 109253777839147837307644327718*a^72 - 
    24961210945376720190136131969*a^71 - 89457298212380962401007990533*a^70 + 
    284492851762545194863115913642*a^69 + 275771454841629396652674517896*a^68 + 
    276763790729118875727983279565*a^67 + 135478975343167567404830614297*a^66 - 
    100356269661269144256546871746*a^65 + 100963483520287773227669120039*a^64 - 
    211143788662918040258424268876*a^63 - 110016270321279382969864414630*a^62 - 
    14057496082005673258357031099*a^61 - 58120213292787181138038346787*a^60 - 
    1035549269605090288653022596*a^59 + 136926862123043421433266948726*a^58 - 
    6124372500996117124462413475*a^57 - 295356980137579620405031734969*a^56 - 
    308203949110960889042144201967*a^55 - 50584709066481277581162656689*a^54 + 
    225330609874265027900449264645*a^53 + 254997139528063175360497025144*a^52 - 
    153580967645686453308706975336*a^51 + 247650624316364892529698448301*a^50 - 
    93282482410477331452380206587*a^49 - 83839846092993577857596044919*a^48 - 
    113794245623732538622572076162*a^47 - 22308402459738267575000352466*a^46 - 
    62174530948429140088660550341*a^45 + 243115007071132636767606069314*a^44 - 
    215874147742140265747949604275*a^43 + 275259750001242800081418176476*a^42 - 
    62794396494849261755554797958*a^41 - 91046935704381521914990133243*a^40 - 
    232423844140234184984310780050*a^39 - 265495244671461280553763242799*a^38 - 
    128009004614039517465494540853*a^37 + 66295904150976767290442074217*a^36 + 
    10192477952251518132963711252278*a^35 + 
    10967052646484489175430041501127*a^34 - 9594507376099164671301973567623*a^33
    - 4423616230627636806454657464522*a^32 + 
    1460221416892735000367690999362*a^31 + 7964537502088443553768341321360*a^30 
    + 4603912200070956202208443094600*a^29 - 
    7312643379317285592104195736500*a^28 - 8992114820860889663041305678772*a^27 
    + 9768947969590361002916398164574*a^26 + 
    10787762626796959075446609918857*a^25 - 4025321332484552458443594345882*a^24
    - 4788169254353953487883142721500*a^23 + 
    1628883351713278016050752862535*a^22 - 7652576321708176379469131213327*a^21 
    + 10469200470817498931306359535252*a^20 - 
    2494788755994805206447847766630*a^19 - 8800200198606938015659790079887*a^18 
    + 2418298918450247192802036555263*a^17 + 
    6659027006572156504378938085295*a^16 + 6375443799092968619824952328995*a^15 
    - 100325312423734478704943242882*a^14 - 1810444538216303707550348291676*a^13
    - 1987631189031009116825813622882*a^12 - 
    5803564166212681591158780152069*a^11 + 3402901192230191355403614834278*a^10 
    - 3792349682963369429785971448980*a^9 + 8417837029700323451206108068294*a^8 
    + 11277628691523064618741596779363*a^7 + 9357162835784750063026455884633*a^6
    + 10254604990785443983643179024154*a^5 + 5631972487728411140709529026135*a^4
    + 9708613815485285759793808229749*a^3 + 2082089514370131405202534831429*a^2 
    - 5820867157369768205679221541548*a - 7919840445065840949062514992403 + 
    O(a^1936))
IP1P2 after rounding  (-157323781872744071289565769709*37 + O(37^20) 
    250879514164643009340078125491*37 + O(37^20) 
    248806817663190219784780167736*37 + O(37^20) 
    115314787377745674270382356873*37 + O(37^20) 
    11019191145505228175541617695722 + O(37^20) 223379598484855235094406786005 +
    O(37^20) 1463266179847330510844598358588 + O(37^20) 
    -7919840445065840949062514992403 + O(37^20))
point 2: integrals (basis 3,4) = -216461*37 + O(37^5) , 931212*37 + O(37^5)  
(prec 5)
IP1P2 before rounding ((-4561189084387047898266248313*a^98 - 
    8167096841185991471066986777*a^96 + 4496452996317390597033641958*a^94 + 
    4435495446155634604427820124*a^92 - 5093599729016452080354266181*a^90 + 
    6542434634362987210741529587*a^88 - 7297427097172285570234120455*a^86 - 
    2751636392273286096209244441*a^84 + 8063135941089146200303317203*a^82 + 
    1085379770179144803923447746*a^80 - 2426573176275054002177409977*a^78 + 
    6370334565062589765794442402*a^76 - 2883827231051160797759485874*a^74 - 
    40397089971373872048233380667*a^72 + 88306645219098645227180125131*a^70 - 
    298385371870399359024195889909*a^68 - 256620184644347224492144852048*a^66 - 
    220752324801892992714252797213*a^64 - 187287932999449730425545320972*a^62 - 
    42025204364778236285858910035*a^60 + 227852716907779517607906170054*a^58 - 
    6376758339193874340861255142*a^56 - 93869643183083489242554263614*a^54 + 
    203669592092751171354731864864*a^52 + 43170152822801950247444881337*a^50 + 
    160848258860367140771686718261*a^48 - 988232319287180927645950800*a^46 - 
    164255625092217126269511911789*a^44 + 127391123943655909425130215226*a^42 + 
    182430739325261177431554074305*a^40 - 302510107039000491455549132338*a^38 + 
    237305630671103866788605153637*a^36 - 47269746711841678708293191696*a^34 - 
    92228562501812080706253038391*a^32 - 46722440438909554827682700639*a^30 + 
    311235766032713793955743917381*a^28 + 156565282456688427688133250055*a^26 - 
    72054328165294840241448857253*a^24 - 10575504725205298682978996170*a^22 + 
    228578744051971065491299323431*a^20 + 27715574296031762285050557662*a^18 + 
    99501721113489059886279539162*a^16 + 61711778306123945017597879615*a^14 + 
    299481186500026991097806966976*a^12 - 24506408248320849934474838542*a^10 - 
    251797240321786493222436875611*a^8 - 229339926998788204437951171803*a^6 + 
    32825945132601703547074261986*a^4 - 86942981683655084759786899489*a^2 + 
    165656635264448312081749433866)*a^100 + O(a^1973) 
    (-5514255849774995068442066435*a^98 - 4778372437802667136916488173*a^96 - 
    3274228789138821269197631387*a^94 - 1228507072319696409635515614*a^92 - 
    85700053150447517606447510*a^90 - 2330077288515086439030584387*a^88 + 
    7617893418024692785071843608*a^86 + 4871382521548881895732464548*a^84 + 
    5972330558742871655083053615*a^82 - 4756829402165482600489811457*a^80 + 
    4618283527602193433764328096*a^78 + 7735936745158491737721783681*a^76 + 
    6106114898641607104987633048*a^74 + 49678786388105615103017765009*a^72 + 
    35830315358064997763900909786*a^70 - 190713824032824547781775723104*a^68 + 
    269044764034768550104429958964*a^66 - 283209629398482463723264670763*a^64 - 
    84636220368525798109841243616*a^62 + 41778935861628039342636023009*a^60 - 
    63384238153139609649743002424*a^58 + 80656079791333582635418421001*a^56 + 
    135021121945023099592821000018*a^54 - 151690132376436812137337348651*a^52 + 
    53595187680799634573317146715*a^50 + 251396082189494721371915549398*a^48 - 
    183764658110021609658550172826*a^46 - 257555424487878348874336125896*a^44 + 
    2271341525410754199469744984*a^42 - 302434361901632876661976166833*a^40 + 
    50470079711804274716359873474*a^38 + 259431625242441672292073927071*a^36 - 
    121833571270514452722104782737*a^34 - 199004674234646322669853591766*a^32 + 
    193448925565465952545070731841*a^30 + 15910062169266530252262310739*a^28 - 
    142969625852259902285239784271*a^26 + 80290246797681867390485273257*a^24 + 
    268616461265014180565622920418*a^22 - 252736874468896710812299637199*a^20 - 
    265523510665219481076100573880*a^18 + 170050767177863347728453749691*a^16 + 
    46927319435686460569842070937*a^14 - 284419988836897065965012696425*a^12 - 
    226642557001155306128463693751*a^10 - 276041508517747985869781859855*a^8 + 
    239355516168179733644453123919*a^6 - 123539334429550553936140304199*a^4 + 
    279150621146675410130696734266*a^2 - 202235567581667875356467878488)*a^100 +
    O(a^1973) (1232973291359771275284015832*a^99 + 
    316807914515222795044272222*a^97 - 2221519216056909123487344120*a^95 - 
    5018046659702816559893402229*a^93 + 6257086840705846157998927284*a^91 + 
    5025788521178455316220992015*a^89 - 396366618025004694785618564*a^87 - 
    2919344874216640306515555106*a^85 + 4157585536022441223173100460*a^83 - 
    5592389544663616789892788235*a^81 - 61583466900238442672476713*a^79 - 
    626145575760433850243242714*a^77 - 7002413867716041084791607949*a^75 + 
    5608548650038958436362461559*a^73 + 68437314296980026779935679*a^71 - 
    1550558601063845480339942505*a^69 + 63797042623079709063337654*a^67 + 
    1814237423175535390411411821*a^65 - 6009236516054047785233383506*a^63 - 
    8391524800232829240838476398*a^61 - 8161316626244618246720821236*a^59 + 
    5351567378022209205935403995*a^57 + 3519790375830875936709135822*a^55 + 
    796807502551046046003350636*a^53 + 4417578964424969667129282228*a^51 - 
    5535855452996474602575572891*a^49 + 3711825919034345116352530494*a^47 + 
    8123560282461564209818219419*a^45 + 5769040179949578612524498175*a^43 - 
    6516389053017567651664247479*a^41 + 5401197499922348740516102007*a^39 + 
    5923330472286627348332173981*a^37 + 128827306233491901138964782854*a^35 - 
    284206539731675093176324269255*a^33 - 92170146704161174866098148179*a^31 + 
    244460001288055038742524553869*a^29 - 92632230698293437073317332929*a^27 + 
    68738408016347409775061088013*a^25 + 169130847059013647699488299275*a^23 - 
    75380305111631289499271831567*a^21 - 135364792401817272235165652422*a^19 - 
    106123948148281504670146042325*a^17 + 287876469118717832161951850918*a^15 - 
    46411340699034422861712279081*a^13 + 52617959990866595489708097362*a^11 - 
    10782170045351906286846835394*a^9 - 94937357860209987858158402318*a^7 + 
    193755614792951524990432629521*a^5 - 284736480814898144578892142027*a^3 - 
    231672995829363105787631054069*a - 289127491891630488458479429189)*a^100 + 
    O(a^1936) (4619057869101333563936545561*a^99 + 
    4913639642111646890083619855*a^97 - 3062985000585310651369188473*a^95 - 
    150699755570790174148521707*a^93 + 3010799233745793910403443915*a^91 - 
    3378481713297578179491307051*a^89 - 7752791036659594076319698508*a^87 + 
    4803801903458721219242734332*a^85 + 539303855395187790089619367*a^83 - 
    8261864945502438283658194324*a^81 + 2595375999429270205074482565*a^79 - 
    1855021108109481886518538627*a^77 + 1911582541741923694276583483*a^75 - 
    2007998674280750787910633916*a^73 + 6399130823952673008355351595*a^71 - 
    3356131764972326897080681341*a^69 + 6258040504600260830140828271*a^67 + 
    7620973333283975010939808417*a^65 + 3048802048759184260498329806*a^63 + 
    4136895629683300688637111690*a^61 - 2076304913714181032000233727*a^59 + 
    3598608623984077049954810918*a^57 + 2445146874155194879937326186*a^55 + 
    2918586068016896806353935822*a^53 + 7577261539527020569782170951*a^51 - 
    1369191713834473510536797867*a^49 - 5633695097882782511433493797*a^47 + 
    2728196400013549235644780449*a^45 + 5536154224134840824314498985*a^43 + 
    3761011125391852748455440358*a^41 + 150854400422310424747880549*a^39 - 
    4031892595630371825531165285*a^37 + 15272511259498118607265285352*a^35 - 
    68765236232430307581515709560*a^33 + 40910191206213503034428878852*a^31 + 
    119574515118449336189932283222*a^29 + 186401206077338209552762676589*a^27 - 
    240291819501106443284649825060*a^25 - 195678618480407542364862470712*a^23 + 
    207182305827155279574650250049*a^21 + 113011185697583684156441195746*a^19 - 
    95008463706868993941314918836*a^17 - 127125493467581559066004286881*a^15 + 
    221702687847777595502017420190*a^13 + 128852563803485432235200457507*a^11 - 
    223303946946638605157794784006*a^9 + 7609079277103329499335695915*a^7 + 
    186623559458035123963503168637*a^5 - 122088710200853185866544821273*a^3 - 
    192942194587188633720913903796*a + 141933885815782738155594543699)*a^100 + 
    O(a^1936) 248247272335409479109011004735*a^98 + 
    164524295849299135248474725394*a^96 - 199979345075620322604921956492*a^94 + 
    63372340416577673104472752893*a^92 - 213214820238786930400206905690*a^90 - 
    244432894318395892916074583691*a^88 - 38385893821112697425249828362*a^86 - 
    199446467936076121427455495744*a^84 - 304096475586872192202636629744*a^82 - 
    192168995944114156968433850471*a^80 + 207334464368293617882598272257*a^78 + 
    193192022345239700183920268379*a^76 - 150037236169095255852804099892*a^74 - 
    5925312529997773232957574995842*a^72 + 82645619487907237631884513286*a^70 + 
    73950640083408945480696564415*a^68 + 8045195614226569568105304754756*a^66 - 
    5112680763165411692048789051391*a^64 + 7792163328657920668820858214974*a^62 
    + 10656417407133976843855414314673*a^60 + 
    8936313909973753360844273858951*a^58 - 2419293497669188389492094464563*a^56 
    + 8338135537173625898271624806284*a^54 - 
    5066638446846785655912591463291*a^52 - 6509293679326702512638702341990*a^50 
    - 809187257725160465812327530316*a^48 - 
    10006145743983947530640253471119*a^46 + 4328796116487657244132687979380*a^44
    - 5167916620660093375345987196853*a^42 - 
    11019567805835313505310320007489*a^40 - 
    10482956373387108075162048605309*a^38 - 7150364816263039354953357477438*a^36
    - 367955148673758449345640224732*a^34 + 
    11130928951415786976367466421210*a^32 - 6677836680821847303255619126232*a^30
    + 1145750078399640147170350279926*a^28 - 
    4084813250839643242918044316694*a^26 - 11226669907796311101709473124076*a^24
    - 4498565249871519513818947473315*a^22 - 
    10644544332610022238254183268114*a^20 - 7491500379777085216475836706412*a^18
    - 94094093243116231396241244542*a^16 - 6475228262248435913859425679983*a^14 
    - 3681496171658165401228226520040*a^12 + 
    11444302377216599448120019512985*a^10 - 9350526630963495026547212205181*a^8 
    + 5587711298281545067259319832647*a^6 + 9617545560110438195480493813476*a^4 
    + 8817659644967311337836295177425*a^2 + 3677756175509448582846963747012 + 
    O(a^1973) -171503595925133838104298662137*a^98 + 
    272041835575283554166292915877*a^96 + 194480729108233266901550335126*a^94 + 
    221431519711930048012292009897*a^92 - 209384304967994475999529592837*a^90 + 
    275947683094159702887339094889*a^88 + 123472549242989446759749289636*a^86 - 
    24588445587935285767090700870*a^84 - 209441762602864196511853593260*a^82 + 
    309026437723157907281076626343*a^80 + 55158774292831574870430642998*a^78 - 
    74858769843289063152244544049*a^76 - 106949062602589384372040927224*a^74 + 
    9896408084679470038185131462523*a^72 + 10239985764350834453238970753768*a^70
    - 8940665747095624689204940623274*a^68 - 
    4238750596106844484815073558564*a^66 + 4455390377548977663453354975132*a^64 
    - 10351709457119629117174045749303*a^62 + 
    9798636600057438030796521782550*a^60 + 7069669879408065511011747319459*a^58 
    + 4473312271023916406069032466987*a^56 - 
    9016501126678256490461083429503*a^54 + 8488239681926914657377692588535*a^52 
    - 6093168129369951017091531886718*a^50 - 
    5416632136949351294988702986424*a^48 + 2480347618297006372517715245804*a^46 
    - 2196844407873163283905702153282*a^44 + 
    10121747715485739867900815264146*a^42 - 4251326375694404831925523459906*a^40
    + 3647511545296010889018424070879*a^38 - 
    8357447278279377159690908970522*a^36 - 433565090188138268417579312599*a^34 -
    4752485713479056228214748330801*a^32 - 7707393714472184196486999881844*a^30 
    + 763718705652212092096175257844*a^28 - 4256672800140489978989518657787*a^26
    - 2242339587837501167557525561418*a^24 + 
    9375062727643951711611782595491*a^22 - 671069068839275465585032396041*a^20 -
    8323782405173733961909064638998*a^18 - 9623009624607296537294415867677*a^16 
    - 10383764271425632215233282431128*a^14 - 
    5270595879899201942811502424059*a^12 + 2178807631865032240098801300079*a^10 
    - 5205386138279892918108387163515*a^8 + 3527634321954489403789854246885*a^6 
    + 6769561654186001783929569338199*a^4 + 11418401948804168734131671384880*a^2
    + 5032880081978620095231706442423 + O(a^1973) 
    298516713411448576605273481008*a^99 - 128743032420491253676240000199*a^97 + 
    129705933419576141671727526242*a^95 + 78384071745624969090823417979*a^93 - 
    145338255425771199127288588601*a^91 + 109890719368046386005682501475*a^89 - 
    138305446872721086142143797605*a^87 - 214112183934572146238906997471*a^85 + 
    139811411093190677115647400254*a^83 - 60892224232992741931440815408*a^81 + 
    58480297481528566249847001896*a^79 + 261862560886771709566231479817*a^77 + 
    234591812280485911109106329472*a^75 + 289787221029433482081593539431*a^73 + 
    37046117178339342389339856502*a^71 + 60411323085356329502508054776*a^69 + 
    273612845750041917085667554880*a^67 - 92915728177639983113212403992*a^65 - 
    221330859271356748226948097458*a^63 + 254307893930363792293267462508*a^61 - 
    30883683792448669584093067117*a^59 - 31397588350670663866665118388*a^57 - 
    152036293530858457390305259753*a^55 - 80469481373006252304945182386*a^53 + 
    19614204402174730034573787496*a^51 + 147683231876022662830890583441*a^49 + 
    290017917146798432039361717020*a^47 - 21197573023524999652884309591*a^45 + 
    5313033614666232379342722986*a^43 - 308680920426625898796416992229*a^41 + 
    6120271688016686540803281030*a^39 + 37804294595007790112496269148*a^37 - 
    9620549439245865506407672838289*a^35 + 6527037681271507340023383705442*a^33 
    - 2094387326496180588888258529692*a^31 - 
    5255109438569147408144088701318*a^29 - 4443568794098324498461490832002*a^27 
    + 137600892653124607360950071268*a^25 - 8774764325108517389507090901612*a^23
    - 9449990280573288475729326401031*a^21 - 
    5196066251005905705459971998693*a^19 - 3353429589926242231928302821097*a^17 
    - 5181884443359822608424260789812*a^15 + 
    1831071139305976647901013309728*a^13 + 7292917127094100671251978623972*a^11 
    - 10825811015629135934578616242496*a^9 + 9466151262591466322605942138488*a^7
    + 8002054212990656098820861199503*a^5 + 6668084199211830634347986028484*a^3 
    + 9524588382511776177649086459464*a - 10510351754425704927686685379273 + 
    O(a^1936) 16622988790693743217749345091*a^99 + 
    155826139421798623654884939629*a^97 + 253986667543287777634473402380*a^95 - 
    132381571901540932843988808009*a^93 + 102853319179949088800488100562*a^91 - 
    233207979589126772813651398893*a^89 - 261302692492360039377416223020*a^87 + 
    227018906690440995256769524910*a^85 + 209814341470167723088437916090*a^83 + 
    119244671338032016086625152159*a^81 + 114137236404270067255798288687*a^79 - 
    22059515479512145039193660299*a^77 + 283919227475348879908489840441*a^75 - 
    143164275108724519863164199208*a^73 + 140864745292330742292851429014*a^71 - 
    206335746897227451557178531016*a^69 - 100094766077595457681207192383*a^67 - 
    71443819671764438604526120391*a^65 + 270033694422299295828641929103*a^63 - 
    277269057384877930723954182231*a^61 + 64919068120092346037479829191*a^59 - 
    236634254497727015758334976934*a^57 + 29563710377019576466149269801*a^55 + 
    45283431658190226425378168193*a^53 + 97657664682698115855379853291*a^51 - 
    295327967069156508261867656704*a^49 - 191227110931319201249637021555*a^47 + 
    201007984480886125465186703144*a^45 + 173382355861842176549172823107*a^43 - 
    170467035215798662842043589693*a^41 + 255930285813313224022113156811*a^39 - 
    15437202095177421982103915871*a^37 - 1018373040851872500738260236588*a^35 + 
    10785205010475102547914589658367*a^33 + 7379923688897963714117959369718*a^31
    + 3685717217432904078213600168164*a^29 + 336754098749345015732770309332*a^27
    + 3019494599041365577768319373734*a^25 - 
    8342695800439730203356651269724*a^23 - 2349779655577921647210212857341*a^21 
    - 6322002991763825154644026651352*a^19 - 593104677809057569625514090180*a^17
    + 2232047142449070650249480080855*a^15 + 
    7990793367623707234258578269539*a^13 - 10545205775238166102195009080820*a^11
    + 4059863776195361523267154297386*a^9 + 5944534764040439995865310860904*a^7 
    + 1990828139589290047879324845692*a^5 + 7978322784762501672551302876054*a^3 
    + 8061664371493186912021173800529*a - 8823163159148204332106972106785 + 
    O(a^1936))
IP1P2 after rounding  (165656635264448312081749433866*37 + O(37^20) 
    -202235567581667875356467878488*37 + O(37^20) 
    -289127491891630488458479429189*37 + O(37^20) 
    141933885815782738155594543699*37 + O(37^20) 3677756175509448582846963747012
    + O(37^20) 5032880081978620095231706442423 + O(37^20) 
    -10510351754425704927686685379273 + O(37^20) 
    -8823163159148204332106972106785 + O(37^20))
point 3: integrals (basis 3,4) = -116063*37 + O(37^5) , -248793*37 + O(37^5)  
(prec 5)
IP1P2 before rounding ((-4561189084387047898266248313*a^98 - 
    8167096841185991471066986777*a^96 + 4496452996317390597033641958*a^94 + 
    4435495446155634604427820124*a^92 - 5093599729016452080354266181*a^90 + 
    6542434634362987210741529587*a^88 - 7297427097172285570234120455*a^86 - 
    2751636392273286096209244441*a^84 + 8063135941089146200303317203*a^82 + 
    1085379770179144803923447746*a^80 - 2426573176275054002177409977*a^78 + 
    6370334565062589765794442402*a^76 - 2883827231051160797759485874*a^74 - 
    40397089971373872048233380667*a^72 + 88306645219098645227180125131*a^70 - 
    298385371870399359024195889909*a^68 - 256620184644347224492144852048*a^66 - 
    220752324801892992714252797213*a^64 - 187287932999449730425545320972*a^62 - 
    42025204364778236285858910035*a^60 + 227852716907779517607906170054*a^58 - 
    6376758339193874340861255142*a^56 - 93869643183083489242554263614*a^54 + 
    203669592092751171354731864864*a^52 + 43170152822801950247444881337*a^50 + 
    160848258860367140771686718261*a^48 - 988232319287180927645950800*a^46 - 
    164255625092217126269511911789*a^44 + 127391123943655909425130215226*a^42 + 
    182430739325261177431554074305*a^40 - 302510107039000491455549132338*a^38 + 
    237305630671103866788605153637*a^36 - 47269746711841678708293191696*a^34 - 
    92228562501812080706253038391*a^32 - 46722440438909554827682700639*a^30 + 
    311235766032713793955743917381*a^28 + 156565282456688427688133250055*a^26 - 
    72054328165294840241448857253*a^24 - 10575504725205298682978996170*a^22 + 
    228578744051971065491299323431*a^20 + 27715574296031762285050557662*a^18 + 
    99501721113489059886279539162*a^16 + 61711778306123945017597879615*a^14 + 
    299481186500026991097806966976*a^12 - 24506408248320849934474838542*a^10 - 
    251797240321786493222436875611*a^8 - 229339926998788204437951171803*a^6 + 
    32825945132601703547074261986*a^4 - 86942981683655084759786899489*a^2 - 
    56863181163577464245349494761)*a^100 + O(a^1973) 
    (-5514255849774995068442066435*a^98 - 4778372437802667136916488173*a^96 - 
    3274228789138821269197631387*a^94 - 1228507072319696409635515614*a^92 - 
    85700053150447517606447510*a^90 - 2330077288515086439030584387*a^88 + 
    7617893418024692785071843608*a^86 + 4871382521548881895732464548*a^84 + 
    5972330558742871655083053615*a^82 - 4756829402165482600489811457*a^80 + 
    4618283527602193433764328096*a^78 + 7735936745158491737721783681*a^76 + 
    6106114898641607104987633048*a^74 + 49678786388105615103017765009*a^72 + 
    35830315358064997763900909786*a^70 - 190713824032824547781775723104*a^68 + 
    269044764034768550104429958964*a^66 - 283209629398482463723264670763*a^64 - 
    84636220368525798109841243616*a^62 + 41778935861628039342636023009*a^60 - 
    63384238153139609649743002424*a^58 + 80656079791333582635418421001*a^56 + 
    135021121945023099592821000018*a^54 - 151690132376436812137337348651*a^52 + 
    53595187680799634573317146715*a^50 + 251396082189494721371915549398*a^48 - 
    183764658110021609658550172826*a^46 - 257555424487878348874336125896*a^44 + 
    2271341525410754199469744984*a^42 - 302434361901632876661976166833*a^40 + 
    50470079711804274716359873474*a^38 + 259431625242441672292073927071*a^36 - 
    121833571270514452722104782737*a^34 - 199004674234646322669853591766*a^32 + 
    193448925565465952545070731841*a^30 + 15910062169266530252262310739*a^28 - 
    142969625852259902285239784271*a^26 + 80290246797681867390485273257*a^24 + 
    268616461265014180565622920418*a^22 - 252736874468896710812299637199*a^20 - 
    265523510665219481076100573880*a^18 + 170050767177863347728453749691*a^16 + 
    46927319435686460569842070937*a^14 - 284419988836897065965012696425*a^12 - 
    226642557001155306128463693751*a^10 - 276041508517747985869781859855*a^8 + 
    239355516168179733644453123919*a^6 - 123539334429550553936140304199*a^4 + 
    279150621146675410130696734266*a^2 + 140259873270110580961478533684)*a^100 +
    O(a^1973) (1232973291359771275284015832*a^99 + 
    316807914515222795044272222*a^97 - 2221519216056909123487344120*a^95 - 
    5018046659702816559893402229*a^93 + 6257086840705846157998927284*a^91 + 
    5025788521178455316220992015*a^89 - 396366618025004694785618564*a^87 - 
    2919344874216640306515555106*a^85 + 4157585536022441223173100460*a^83 - 
    5592389544663616789892788235*a^81 - 61583466900238442672476713*a^79 - 
    626145575760433850243242714*a^77 - 7002413867716041084791607949*a^75 + 
    5608548650038958436362461559*a^73 + 68437314296980026779935679*a^71 - 
    1550558601063845480339942505*a^69 + 63797042623079709063337654*a^67 + 
    1814237423175535390411411821*a^65 - 6009236516054047785233383506*a^63 - 
    8391524800232829240838476398*a^61 - 8161316626244618246720821236*a^59 + 
    5351567378022209205935403995*a^57 + 3519790375830875936709135822*a^55 + 
    796807502551046046003350636*a^53 + 4417578964424969667129282228*a^51 - 
    5535855452996474602575572891*a^49 + 3711825919034345116352530494*a^47 + 
    8123560282461564209818219419*a^45 + 5769040179949578612524498175*a^43 - 
    6516389053017567651664247479*a^41 + 5401197499922348740516102007*a^39 + 
    5923330472286627348332173981*a^37 + 128827306233491901138964782854*a^35 - 
    284206539731675093176324269255*a^33 - 92170146704161174866098148179*a^31 + 
    244460001288055038742524553869*a^29 - 92632230698293437073317332929*a^27 + 
    68738408016347409775061088013*a^25 + 169130847059013647699488299275*a^23 - 
    75380305111631289499271831567*a^21 - 135364792401817272235165652422*a^19 - 
    106123948148281504670146042325*a^17 + 287876469118717832161951850918*a^15 - 
    46411340699034422861712279081*a^13 + 52617959990866595489708097362*a^11 - 
    10782170045351906286846835394*a^9 - 94937357860209987858158402318*a^7 + 
    193755614792951524990432629521*a^5 - 284736480814898144578892142027*a^3 - 
    231672995829363105787631054069*a - 92313886261025488760188499557)*a^100 + 
    O(a^1936) (4619057869101333563936545561*a^99 + 
    4913639642111646890083619855*a^97 - 3062985000585310651369188473*a^95 - 
    150699755570790174148521707*a^93 + 3010799233745793910403443915*a^91 - 
    3378481713297578179491307051*a^89 - 7752791036659594076319698508*a^87 + 
    4803801903458721219242734332*a^85 + 539303855395187790089619367*a^83 - 
    8261864945502438283658194324*a^81 + 2595375999429270205074482565*a^79 - 
    1855021108109481886518538627*a^77 + 1911582541741923694276583483*a^75 - 
    2007998674280750787910633916*a^73 + 6399130823952673008355351595*a^71 - 
    3356131764972326897080681341*a^69 + 6258040504600260830140828271*a^67 + 
    7620973333283975010939808417*a^65 + 3048802048759184260498329806*a^63 + 
    4136895629683300688637111690*a^61 - 2076304913714181032000233727*a^59 + 
    3598608623984077049954810918*a^57 + 2445146874155194879937326186*a^55 + 
    2918586068016896806353935822*a^53 + 7577261539527020569782170951*a^51 - 
    1369191713834473510536797867*a^49 - 5633695097882782511433493797*a^47 + 
    2728196400013549235644780449*a^45 + 5536154224134840824314498985*a^43 + 
    3761011125391852748455440358*a^41 + 150854400422310424747880549*a^39 - 
    4031892595630371825531165285*a^37 + 15272511259498118607265285352*a^35 - 
    68765236232430307581515709560*a^33 + 40910191206213503034428878852*a^31 + 
    119574515118449336189932283222*a^29 + 186401206077338209552762676589*a^27 - 
    240291819501106443284649825060*a^25 - 195678618480407542364862470712*a^23 + 
    207182305827155279574650250049*a^21 + 113011185697583684156441195746*a^19 - 
    95008463706868993941314918836*a^17 - 127125493467581559066004286881*a^15 + 
    221702687847777595502017420190*a^13 + 128852563803485432235200457507*a^11 - 
    223303946946638605157794784006*a^9 + 7609079277103329499335695915*a^7 + 
    186623559458035123963503168637*a^5 - 122088710200853185866544821273*a^3 - 
    192942194587188633720913903796*a - 53790909290392163355795695669)*a^100 + 
    O(a^1936) 248247272335409479109011004735*a^98 + 
    164524295849299135248474725394*a^96 - 199979345075620322604921956492*a^94 + 
    63372340416577673104472752893*a^92 - 213214820238786930400206905690*a^90 - 
    244432894318395892916074583691*a^88 - 38385893821112697425249828362*a^86 - 
    199446467936076121427455495744*a^84 - 304096475586872192202636629744*a^82 - 
    192168995944114156968433850471*a^80 + 207334464368293617882598272257*a^78 + 
    193192022345239700183920268379*a^76 - 150037236169095255852804099892*a^74 - 
    5925312529997773232957574995842*a^72 + 82645619487907237631884513286*a^70 + 
    73950640083408945480696564415*a^68 + 8045195614226569568105304754756*a^66 - 
    5112680763165411692048789051391*a^64 + 7792163328657920668820858214974*a^62 
    + 10656417407133976843855414314673*a^60 + 
    8936313909973753360844273858951*a^58 - 2419293497669188389492094464563*a^56 
    + 8338135537173625898271624806284*a^54 - 
    5066638446846785655912591463291*a^52 - 6509293679326702512638702341990*a^50 
    - 809187257725160465812327530316*a^48 - 
    10006145743983947530640253471119*a^46 + 4328796116487657244132687979380*a^44
    - 5167916620660093375345987196853*a^42 - 
    11019567805835313505310320007489*a^40 - 
    10482956373387108075162048605309*a^38 - 7150364816263039354953357477438*a^36
    - 367955148673758449345640224732*a^34 + 
    11130928951415786976367466421210*a^32 - 6677836680821847303255619126232*a^30
    + 1145750078399640147170350279926*a^28 - 
    4084813250839643242918044316694*a^26 - 11226669907796311101709473124076*a^24
    - 4498565249871519513818947473315*a^22 - 
    10644544332610022238254183268114*a^20 - 7491500379777085216475836706412*a^18
    - 94094093243116231396241244542*a^16 - 6475228262248435913859425679983*a^14 
    - 3681496171658165401228226520040*a^12 + 
    11444302377216599448120019512985*a^10 - 9350526630963495026547212205181*a^8 
    + 5587711298281545067259319832647*a^6 + 9617545560110438195480493813476*a^4 
    + 8817659644967311337836295177425*a^2 + 4423362246842819862157921063751 + 
    O(a^1973) -171503595925133838104298662137*a^98 + 
    272041835575283554166292915877*a^96 + 194480729108233266901550335126*a^94 + 
    221431519711930048012292009897*a^92 - 209384304967994475999529592837*a^90 + 
    275947683094159702887339094889*a^88 + 123472549242989446759749289636*a^86 - 
    24588445587935285767090700870*a^84 - 209441762602864196511853593260*a^82 + 
    309026437723157907281076626343*a^80 + 55158774292831574870430642998*a^78 - 
    74858769843289063152244544049*a^76 - 106949062602589384372040927224*a^74 + 
    9896408084679470038185131462523*a^72 + 10239985764350834453238970753768*a^70
    - 8940665747095624689204940623274*a^68 - 
    4238750596106844484815073558564*a^66 + 4455390377548977663453354975132*a^64 
    - 10351709457119629117174045749303*a^62 + 
    9798636600057438030796521782550*a^60 + 7069669879408065511011747319459*a^58 
    + 4473312271023916406069032466987*a^56 - 
    9016501126678256490461083429503*a^54 + 8488239681926914657377692588535*a^52 
    - 6093168129369951017091531886718*a^50 - 
    5416632136949351294988702986424*a^48 + 2480347618297006372517715245804*a^46 
    - 2196844407873163283905702153282*a^44 + 
    10121747715485739867900815264146*a^42 - 4251326375694404831925523459906*a^40
    + 3647511545296010889018424070879*a^38 - 
    8357447278279377159690908970522*a^36 - 433565090188138268417579312599*a^34 -
    4752485713479056228214748330801*a^32 - 7707393714472184196486999881844*a^30 
    + 763718705652212092096175257844*a^28 - 4256672800140489978989518657787*a^26
    - 2242339587837501167557525561418*a^24 + 
    9375062727643951711611782595491*a^22 - 671069068839275465585032396041*a^20 -
    8323782405173733961909064638998*a^18 - 9623009624607296537294415867677*a^16 
    - 10383764271425632215233282431128*a^14 - 
    5270595879899201942811502424059*a^12 + 2178807631865032240098801300079*a^10 
    - 5205386138279892918108387163515*a^8 + 3527634321954489403789854246885*a^6 
    + 6769561654186001783929569338199*a^4 + 11418401948804168734131671384880*a^2
    + 1794826417251771708740650601908 + O(a^1973) 
    298516713411448576605273481008*a^99 - 128743032420491253676240000199*a^97 + 
    129705933419576141671727526242*a^95 + 78384071745624969090823417979*a^93 - 
    145338255425771199127288588601*a^91 + 109890719368046386005682501475*a^89 - 
    138305446872721086142143797605*a^87 - 214112183934572146238906997471*a^85 + 
    139811411093190677115647400254*a^83 - 60892224232992741931440815408*a^81 + 
    58480297481528566249847001896*a^79 + 261862560886771709566231479817*a^77 + 
    234591812280485911109106329472*a^75 + 289787221029433482081593539431*a^73 + 
    37046117178339342389339856502*a^71 + 60411323085356329502508054776*a^69 + 
    273612845750041917085667554880*a^67 - 92915728177639983113212403992*a^65 - 
    221330859271356748226948097458*a^63 + 254307893930363792293267462508*a^61 - 
    30883683792448669584093067117*a^59 - 31397588350670663866665118388*a^57 - 
    152036293530858457390305259753*a^55 - 80469481373006252304945182386*a^53 + 
    19614204402174730034573787496*a^51 + 147683231876022662830890583441*a^49 + 
    290017917146798432039361717020*a^47 - 21197573023524999652884309591*a^45 + 
    5313033614666232379342722986*a^43 - 308680920426625898796416992229*a^41 + 
    6120271688016686540803281030*a^39 + 37804294595007790112496269148*a^37 - 
    9620549439245865506407672838289*a^35 + 6527037681271507340023383705442*a^33 
    - 2094387326496180588888258529692*a^31 - 
    5255109438569147408144088701318*a^29 - 4443568794098324498461490832002*a^27 
    + 137600892653124607360950071268*a^25 - 8774764325108517389507090901612*a^23
    - 9449990280573288475729326401031*a^21 - 
    5196066251005905705459971998693*a^19 - 3353429589926242231928302821097*a^17 
    - 5181884443359822608424260789812*a^15 + 
    1831071139305976647901013309728*a^13 + 7292917127094100671251978623972*a^11 
    - 10825811015629135934578616242496*a^9 + 9466151262591466322605942138488*a^7
    + 8002054212990656098820861199503*a^5 + 6668084199211830634347986028484*a^3 
    + 9524588382511776177649086459464*a + 447116530607735326002630531983 + 
    O(a^1936) 16622988790693743217749345091*a^99 + 
    155826139421798623654884939629*a^97 + 253986667543287777634473402380*a^95 - 
    132381571901540932843988808009*a^93 + 102853319179949088800488100562*a^91 - 
    233207979589126772813651398893*a^89 - 261302692492360039377416223020*a^87 + 
    227018906690440995256769524910*a^85 + 209814341470167723088437916090*a^83 + 
    119244671338032016086625152159*a^81 + 114137236404270067255798288687*a^79 - 
    22059515479512145039193660299*a^77 + 283919227475348879908489840441*a^75 - 
    143164275108724519863164199208*a^73 + 140864745292330742292851429014*a^71 - 
    206335746897227451557178531016*a^69 - 100094766077595457681207192383*a^67 - 
    71443819671764438604526120391*a^65 + 270033694422299295828641929103*a^63 - 
    277269057384877930723954182231*a^61 + 64919068120092346037479829191*a^59 - 
    236634254497727015758334976934*a^57 + 29563710377019576466149269801*a^55 + 
    45283431658190226425378168193*a^53 + 97657664682698115855379853291*a^51 - 
    295327967069156508261867656704*a^49 - 191227110931319201249637021555*a^47 + 
    201007984480886125465186703144*a^45 + 173382355861842176549172823107*a^43 - 
    170467035215798662842043589693*a^41 + 255930285813313224022113156811*a^39 - 
    15437202095177421982103915871*a^37 - 1018373040851872500738260236588*a^35 + 
    10785205010475102547914589658367*a^33 + 7379923688897963714117959369718*a^31
    + 3685717217432904078213600168164*a^29 + 336754098749345015732770309332*a^27
    + 3019494599041365577768319373734*a^25 - 
    8342695800439730203356651269724*a^23 - 2349779655577921647210212857341*a^21 
    - 6322002991763825154644026651352*a^19 - 593104677809057569625514090180*a^17
    + 2232047142449070650249480080855*a^15 + 
    7990793367623707234258578269539*a^13 - 10545205775238166102195009080820*a^11
    + 4059863776195361523267154297386*a^9 + 5944534764040439995865310860904*a^7 
    + 1990828139589290047879324845692*a^5 + 7978322784762501672551302876054*a^3 
    + 8061664371493186912021173800529*a - 1906454608168547491915394416056 + 
    O(a^1936))
IP1P2 after rounding  (-56863181163577464245349494761*37 + O(37^20) 
    140259873270110580961478533684*37 + O(37^20) 
    -92313886261025488760188499557*37 + O(37^20) 
    -53790909290392163355795695669*37 + O(37^20) 4423362246842819862157921063751
    + O(37^20) 1794826417251771708740650601908 + O(37^20) 
    447116530607735326002630531983 + O(37^20) -1906454608168547491915394416056 +
    O(37^20))
point 4: integrals (basis 3,4) = -914380*37 + O(37^5) , -841052*37 + O(37^5)  
(prec 5)
IP1P2 before rounding ((-4561189084387047898266248313*a^98 - 
    8167096841185991471066986777*a^96 + 4496452996317390597033641958*a^94 + 
    4435495446155634604427820124*a^92 - 5093599729016452080354266181*a^90 + 
    6542434634362987210741529587*a^88 - 7297427097172285570234120455*a^86 - 
    2751636392273286096209244441*a^84 + 8063135941089146200303317203*a^82 + 
    1085379770179144803923447746*a^80 - 2426573176275054002177409977*a^78 + 
    6370334565062589765794442402*a^76 - 2883827231051160797759485874*a^74 - 
    40397089971373872048233380667*a^72 + 88306645219098645227180125131*a^70 - 
    298385371870399359024195889909*a^68 - 256620184644347224492144852048*a^66 - 
    220752324801892992714252797213*a^64 - 187287932999449730425545320972*a^62 - 
    42025204364778236285858910035*a^60 + 227852716907779517607906170054*a^58 - 
    6376758339193874340861255142*a^56 - 93869643183083489242554263614*a^54 + 
    203669592092751171354731864864*a^52 + 43170152822801950247444881337*a^50 + 
    160848258860367140771686718261*a^48 - 988232319287180927645950800*a^46 - 
    164255625092217126269511911789*a^44 + 127391123943655909425130215226*a^42 + 
    182430739325261177431554074305*a^40 - 302510107039000491455549132338*a^38 + 
    237305630671103866788605153637*a^36 - 47269746711841678708293191696*a^34 - 
    92228562501812080706253038391*a^32 - 46722440438909554827682700639*a^30 + 
    311235766032713793955743917381*a^28 + 156565282456688427688133250055*a^26 - 
    72054328165294840241448857253*a^24 - 10575504725205298682978996170*a^22 + 
    228578744051971065491299323431*a^20 + 27715574296031762285050557662*a^18 + 
    99501721113489059886279539162*a^16 + 61711778306123945017597879615*a^14 + 
    299481186500026991097806966976*a^12 - 24506408248320849934474838542*a^10 - 
    251797240321786493222436875611*a^8 - 229339926998788204437951171803*a^6 + 
    32825945132601703547074261986*a^4 - 86942981683655084759786899489*a^2 + 
    112061917385834305770323001125)*a^100 + O(a^1973) 
    (-5514255849774995068442066435*a^98 - 4778372437802667136916488173*a^96 - 
    3274228789138821269197631387*a^94 - 1228507072319696409635515614*a^92 - 
    85700053150447517606447510*a^90 - 2330077288515086439030584387*a^88 + 
    7617893418024692785071843608*a^86 + 4871382521548881895732464548*a^84 + 
    5972330558742871655083053615*a^82 - 4756829402165482600489811457*a^80 + 
    4618283527602193433764328096*a^78 + 7735936745158491737721783681*a^76 + 
    6106114898641607104987633048*a^74 + 49678786388105615103017765009*a^72 + 
    35830315358064997763900909786*a^70 - 190713824032824547781775723104*a^68 + 
    269044764034768550104429958964*a^66 - 283209629398482463723264670763*a^64 - 
    84636220368525798109841243616*a^62 + 41778935861628039342636023009*a^60 - 
    63384238153139609649743002424*a^58 + 80656079791333582635418421001*a^56 + 
    135021121945023099592821000018*a^54 - 151690132376436812137337348651*a^52 + 
    53595187680799634573317146715*a^50 + 251396082189494721371915549398*a^48 - 
    183764658110021609658550172826*a^46 - 257555424487878348874336125896*a^44 + 
    2271341525410754199469744984*a^42 - 302434361901632876661976166833*a^40 + 
    50470079711804274716359873474*a^38 + 259431625242441672292073927071*a^36 - 
    121833571270514452722104782737*a^34 - 199004674234646322669853591766*a^32 + 
    193448925565465952545070731841*a^30 + 15910062169266530252262310739*a^28 - 
    142969625852259902285239784271*a^26 + 80290246797681867390485273257*a^24 + 
    268616461265014180565622920418*a^22 - 252736874468896710812299637199*a^20 - 
    265523510665219481076100573880*a^18 + 170050767177863347728453749691*a^16 + 
    46927319435686460569842070937*a^14 - 284419988836897065965012696425*a^12 - 
    226642557001155306128463693751*a^10 - 276041508517747985869781859855*a^8 + 
    239355516168179733644453123919*a^6 - 123539334429550553936140304199*a^4 + 
    279150621146675410130696734266*a^2 - 171984925968745795892303516493)*a^100 +
    O(a^1973) (-80647107355924565855*a^98 - 888087002307042309*a^96 - 
    9029562240880396402*a^94 - 100980880968705623257*a^92 + 
    80880135669773768987*a^90 + 986925425916782147*a^88 - 
    22360399783125232965*a^86 + 920008684002265822*a^84 + 
    26162877079188535353*a^82 - 86658402203007362058*a^80 - 
    121013065352368473014*a^78 - 117693263830395750948*a^76 + 
    77174242854675991535*a^74 + 50758429834496983446*a^72 + 
    11490655235481385148*a^70 + 63705319908769695204*a^68 - 
    79831836723659634863*a^66 + 53527748914506639942*a^64 + 
    117148784608031009967*a^62 + 83194562720866630275*a^60 - 
    93971981625126579547*a^58 + 77889952255282298651*a^56 + 
    85419562547989976233*a^54 + 1857801484179679869422*a^52 - 
    4098504787254570620715*a^50 - 1329173452045160544647*a^48 + 
    3525325231844716313817*a^46 - 1335837103992975726397*a^44 + 
    991267458480158693209*a^42 + 2439013497009027732575*a^40 - 
    1087049374924354107731*a^38 - 1952077704504478627246*a^36 - 
    1530399370608191636225*a^34 + 4151428351842076623374*a^32 - 
    669291784128131350533*a^30 + 758796617142379046666*a^28 - 
    155488243126245395642*a^26 - 1369079036839648303574*a^24 + 
    2794124004099614981453*a^22 - 4106146997277616340511*a^20 - 
    3340925523320844032417*a^18 + 657880134822873421912*a^16 + 
    169039860777821539902*a^14 - 1185340648992754156920*a^12 - 
    2677489639205391937989*a^10 + 3338606897009299712244*a^8 + 
    2681620480406141903615*a^6 - 211490164412238166724*a^4 - 
    1557680943214932071746*a^2 + 2218371599890533002860)*a^583 + O(a^1936) 
    (-119143257796817656132*a^98 + 37427572808244418545*a^96 - 
    26751013186476824311*a^94 + 27566678113594291919*a^92 - 
    28957082363799210188*a^90 + 92281016267252718335*a^88 - 
    48398330729414920713*a^86 + 90246371498532465203*a^84 + 
    109901044921390554781*a^82 + 43966369683218167958*a^80 + 
    59657622793047427170*a^78 - 29942117576506068611*a^76 + 
    51895057329711903374*a^74 + 35261138532304911298*a^72 + 
    42088542308263383446*a^70 + 109270682945408214443*a^68 - 
    19744931974886773631*a^66 - 81242769256487375121*a^64 + 
    39342958176060665757*a^62 + 79836145262590665605*a^60 + 
    54237042247125481294*a^58 + 2175451285860575057*a^56 - 
    58143387975831431505*a^54 + 220242857780644369736*a^52 - 
    991654344623429949080*a^50 + 589960437449704565236*a^48 + 
    1724368211615748091646*a^46 + 2688067052149017246777*a^44 - 
    3465216435530300690580*a^42 - 2821855385039644368216*a^40 + 
    2987748533403642938557*a^38 + 1629719309176193740378*a^36 - 
    1370104444816568427748*a^34 - 1833259868160992875933*a^32 + 
    3197145035259202117670*a^30 + 1858165720244165360151*a^28 - 
    3220236580191675608558*a^26 + 109729522315885860095*a^24 + 
    2691273580739488575241*a^22 - 1760625085194564046389*a^20 - 
    2782393779276089389028*a^18 + 2464600356693653087401*a^16 + 
    2621780968717013581055*a^14 - 1634323305513939651593*a^12 - 
    80409183400353637787*a^10 + 1606478436882313691515*a^8 - 
    1802663545606582454491*a^6 - 4136672909456334902028*a^4 + 
    2563174617046625780412*a^2 + 287757484759947405847)*a^583 + O(a^1936) 
    248247272335409479109011004735*a^98 + 164524295849299135248474725394*a^96 - 
    199979345075620322604921956492*a^94 + 63372340416577673104472752893*a^92 - 
    213214820238786930400206905690*a^90 - 244432894318395892916074583691*a^88 - 
    38385893821112697425249828362*a^86 - 199446467936076121427455495744*a^84 - 
    304096475586872192202636629744*a^82 - 192168995944114156968433850471*a^80 + 
    207334464368293617882598272257*a^78 + 193192022345239700183920268379*a^76 - 
    150037236169095255852804099892*a^74 - 5925312529997773232957574995842*a^72 +
    82645619487907237631884513286*a^70 + 73950640083408945480696564415*a^68 + 
    8045195614226569568105304754756*a^66 - 5112680763165411692048789051391*a^64 
    + 7792163328657920668820858214974*a^62 + 
    10656417407133976843855414314673*a^60 + 8936313909973753360844273858951*a^58
    - 2419293497669188389492094464563*a^56 + 
    8338135537173625898271624806284*a^54 - 5066638446846785655912591463291*a^52 
    - 6509293679326702512638702341990*a^50 - 809187257725160465812327530316*a^48
    - 10006145743983947530640253471119*a^46 + 
    4328796116487657244132687979380*a^44 - 5167916620660093375345987196853*a^42 
    - 11019567805835313505310320007489*a^40 - 
    10482956373387108075162048605309*a^38 - 7150364816263039354953357477438*a^36
    - 367955148673758449345640224732*a^34 + 
    11130928951415786976367466421210*a^32 - 6677836680821847303255619126232*a^30
    + 1145750078399640147170350279926*a^28 - 
    4084813250839643242918044316694*a^26 - 11226669907796311101709473124076*a^24
    - 4498565249871519513818947473315*a^22 - 
    10644544332610022238254183268114*a^20 - 7491500379777085216475836706412*a^18
    - 94094093243116231396241244542*a^16 - 6475228262248435913859425679983*a^14 
    - 3681496171658165401228226520040*a^12 + 
    11444302377216599448120019512985*a^10 - 9350526630963495026547212205181*a^8 
    + 5587711298281545067259319832647*a^6 + 9617545560110438195480493813476*a^4 
    + 8817659644967311337836295177425*a^2 - 2015425183443147401350584299033 + 
    O(a^1973) -171503595925133838104298662137*a^98 + 
    272041835575283554166292915877*a^96 + 194480729108233266901550335126*a^94 + 
    221431519711930048012292009897*a^92 - 209384304967994475999529592837*a^90 + 
    275947683094159702887339094889*a^88 + 123472549242989446759749289636*a^86 - 
    24588445587935285767090700870*a^84 - 209441762602864196511853593260*a^82 + 
    309026437723157907281076626343*a^80 + 55158774292831574870430642998*a^78 - 
    74858769843289063152244544049*a^76 - 106949062602589384372040927224*a^74 + 
    9896408084679470038185131462523*a^72 + 10239985764350834453238970753768*a^70
    - 8940665747095624689204940623274*a^68 - 
    4238750596106844484815073558564*a^66 + 4455390377548977663453354975132*a^64 
    - 10351709457119629117174045749303*a^62 + 
    9798636600057438030796521782550*a^60 + 7069669879408065511011747319459*a^58 
    + 4473312271023916406069032466987*a^56 - 
    9016501126678256490461083429503*a^54 + 8488239681926914657377692588535*a^52 
    - 6093168129369951017091531886718*a^50 - 
    5416632136949351294988702986424*a^48 + 2480347618297006372517715245804*a^46 
    - 2196844407873163283905702153282*a^44 + 
    10121747715485739867900815264146*a^42 - 4251326375694404831925523459906*a^40
    + 3647511545296010889018424070879*a^38 - 
    8357447278279377159690908970522*a^36 - 433565090188138268417579312599*a^34 -
    4752485713479056228214748330801*a^32 - 7707393714472184196486999881844*a^30 
    + 763718705652212092096175257844*a^28 - 4256672800140489978989518657787*a^26
    - 2242339587837501167557525561418*a^24 + 
    9375062727643951711611782595491*a^22 - 671069068839275465585032396041*a^20 -
    8323782405173733961909064638998*a^18 - 9623009624607296537294415867677*a^16 
    - 10383764271425632215233282431128*a^14 - 
    5270595879899201942811502424059*a^12 + 2178807631865032240098801300079*a^10 
    - 5205386138279892918108387163515*a^8 + 3527634321954489403789854246885*a^6 
    + 6769561654186001783929569338199*a^4 + 11418401948804168734131671384880*a^2
    - 7864061297777930552592187628219 + O(a^1973) 
    298516713411448576605273481008*a^99 - 128743032420491253676240000199*a^97 + 
    129705933419576141671727526242*a^95 + 78384071745624969090823417979*a^93 - 
    145338255425771199127288588601*a^91 + 109890719368046386005682501475*a^89 - 
    138305446872721086142143797605*a^87 - 214112183934572146238906997471*a^85 + 
    139811411093190677115647400254*a^83 - 60892224232992741931440815408*a^81 + 
    58480297481528566249847001896*a^79 + 261862560886771709566231479817*a^77 + 
    234591812280485911109106329472*a^75 + 289787221029433482081593539431*a^73 + 
    37046117178339342389339856502*a^71 + 60411323085356329502508054776*a^69 + 
    273612845750041917085667554880*a^67 - 92915728177639983113212403992*a^65 - 
    221330859271356748226948097458*a^63 + 254307893930363792293267462508*a^61 - 
    30883683792448669584093067117*a^59 - 31397588350670663866665118388*a^57 - 
    152036293530858457390305259753*a^55 - 80469481373006252304945182386*a^53 + 
    19614204402174730034573787496*a^51 + 147683231876022662830890583441*a^49 + 
    290017917146798432039361717020*a^47 - 21197573023524999652884309591*a^45 + 
    5313033614666232379342722986*a^43 - 308680920426625898796416992229*a^41 + 
    6120271688016686540803281030*a^39 + 37804294595007790112496269148*a^37 - 
    9620549439245865506407672838289*a^35 + 6527037681271507340023383705442*a^33 
    - 2094387326496180588888258529692*a^31 - 
    5255109438569147408144088701318*a^29 - 4443568794098324498461490832002*a^27 
    + 137600892653124607360950071268*a^25 - 8774764325108517389507090901612*a^23
    - 9449990280573288475729326401031*a^21 - 
    5196066251005905705459971998693*a^19 - 3353429589926242231928302821097*a^17 
    - 5181884443359822608424260789812*a^15 + 
    1831071139305976647901013309728*a^13 + 7292917127094100671251978623972*a^11 
    - 10825811015629135934578616242496*a^9 + 9466151262591466322605942138488*a^7
    + 8002054212990656098820861199503*a^5 + 6668084199211830634347986028484*a^3 
    + 9524588382511776177649086459464*a + 6044954208143650037400210436987 + 
    O(a^1936) 16622988790693743217749345091*a^99 + 
    155826139421798623654884939629*a^97 + 253986667543287777634473402380*a^95 - 
    132381571901540932843988808009*a^93 + 102853319179949088800488100562*a^91 - 
    233207979589126772813651398893*a^89 - 261302692492360039377416223020*a^87 + 
    227018906690440995256769524910*a^85 + 209814341470167723088437916090*a^83 + 
    119244671338032016086625152159*a^81 + 114137236404270067255798288687*a^79 - 
    22059515479512145039193660299*a^77 + 283919227475348879908489840441*a^75 - 
    143164275108724519863164199208*a^73 + 140864745292330742292851429014*a^71 - 
    206335746897227451557178531016*a^69 - 100094766077595457681207192383*a^67 - 
    71443819671764438604526120391*a^65 + 270033694422299295828641929103*a^63 - 
    277269057384877930723954182231*a^61 + 64919068120092346037479829191*a^59 - 
    236634254497727015758334976934*a^57 + 29563710377019576466149269801*a^55 + 
    45283431658190226425378168193*a^53 + 97657664682698115855379853291*a^51 - 
    295327967069156508261867656704*a^49 - 191227110931319201249637021555*a^47 + 
    201007984480886125465186703144*a^45 + 173382355861842176549172823107*a^43 - 
    170467035215798662842043589693*a^41 + 255930285813313224022113156811*a^39 - 
    15437202095177421982103915871*a^37 - 1018373040851872500738260236588*a^35 + 
    10785205010475102547914589658367*a^33 + 7379923688897963714117959369718*a^31
    + 3685717217432904078213600168164*a^29 + 336754098749345015732770309332*a^27
    + 3019494599041365577768319373734*a^25 - 
    8342695800439730203356651269724*a^23 - 2349779655577921647210212857341*a^21 
    - 6322002991763825154644026651352*a^19 - 593104677809057569625514090180*a^17
    + 2232047142449070650249480080855*a^15 + 
    7990793367623707234258578269539*a^13 - 10545205775238166102195009080820*a^11
    + 4059863776195361523267154297386*a^9 + 5944534764040439995865310860904*a^7 
    + 1990828139589290047879324845692*a^5 + 7978322784762501672551302876054*a^3 
    + 8061664371493186912021173800529*a - 8351313880610100499951724580226 + 
    O(a^1936))
IP1P2 after rounding  (112061917385834305770323001125*37 + O(37^20) 
    -171984925968745795892303516493*37 + O(37^20) O(37^20) O(37^20) 
    -2015425183443147401350584299033 + O(37^20) -7864061297777930552592187628219
    + O(37^20) 6044954208143650037400210436987 + O(37^20) 
    -8351313880610100499951724580226 + O(37^20))
point 5: integrals (basis 3,4) = O(37^5) , O(37^5)  (prec 5)
IP1P2 before rounding ((-4561189084387047898266248313*a^98 - 
    8167096841185991471066986777*a^96 + 4496452996317390597033641958*a^94 + 
    4435495446155634604427820124*a^92 - 5093599729016452080354266181*a^90 + 
    6542434634362987210741529587*a^88 - 7297427097172285570234120455*a^86 - 
    2751636392273286096209244441*a^84 + 8063135941089146200303317203*a^82 + 
    1085379770179144803923447746*a^80 - 2426573176275054002177409977*a^78 + 
    6370334565062589765794442402*a^76 - 2883827231051160797759485874*a^74 - 
    40397089971373872048233380667*a^72 + 88306645219098645227180125131*a^70 - 
    298385371870399359024195889909*a^68 - 256620184644347224492144852048*a^66 - 
    220752324801892992714252797213*a^64 - 187287932999449730425545320972*a^62 - 
    42025204364778236285858910035*a^60 + 227852716907779517607906170054*a^58 - 
    6376758339193874340861255142*a^56 - 93869643183083489242554263614*a^54 + 
    203669592092751171354731864864*a^52 + 43170152822801950247444881337*a^50 + 
    160848258860367140771686718261*a^48 - 988232319287180927645950800*a^46 - 
    164255625092217126269511911789*a^44 + 127391123943655909425130215226*a^42 + 
    182430739325261177431554074305*a^40 - 302510107039000491455549132338*a^38 + 
    237305630671103866788605153637*a^36 - 47269746711841678708293191696*a^34 - 
    92228562501812080706253038391*a^32 - 46722440438909554827682700639*a^30 + 
    311235766032713793955743917381*a^28 + 156565282456688427688133250055*a^26 - 
    72054328165294840241448857253*a^24 - 10575504725205298682978996170*a^22 + 
    228578744051971065491299323431*a^20 + 27715574296031762285050557662*a^18 + 
    99501721113489059886279539162*a^16 + 61711778306123945017597879615*a^14 + 
    299481186500026991097806966976*a^12 - 24506408248320849934474838542*a^10 - 
    251797240321786493222436875611*a^8 - 229339926998788204437951171803*a^6 + 
    32825945132601703547074261986*a^4 - 86942981683655084759786899489*a^2 + 
    112061917385834305770323001125)*a^100 + O(a^1973) 
    (-5514255849774995068442066435*a^98 - 4778372437802667136916488173*a^96 - 
    3274228789138821269197631387*a^94 - 1228507072319696409635515614*a^92 - 
    85700053150447517606447510*a^90 - 2330077288515086439030584387*a^88 + 
    7617893418024692785071843608*a^86 + 4871382521548881895732464548*a^84 + 
    5972330558742871655083053615*a^82 - 4756829402165482600489811457*a^80 + 
    4618283527602193433764328096*a^78 + 7735936745158491737721783681*a^76 + 
    6106114898641607104987633048*a^74 + 49678786388105615103017765009*a^72 + 
    35830315358064997763900909786*a^70 - 190713824032824547781775723104*a^68 + 
    269044764034768550104429958964*a^66 - 283209629398482463723264670763*a^64 - 
    84636220368525798109841243616*a^62 + 41778935861628039342636023009*a^60 - 
    63384238153139609649743002424*a^58 + 80656079791333582635418421001*a^56 + 
    135021121945023099592821000018*a^54 - 151690132376436812137337348651*a^52 + 
    53595187680799634573317146715*a^50 + 251396082189494721371915549398*a^48 - 
    183764658110021609658550172826*a^46 - 257555424487878348874336125896*a^44 + 
    2271341525410754199469744984*a^42 - 302434361901632876661976166833*a^40 + 
    50470079711804274716359873474*a^38 + 259431625242441672292073927071*a^36 - 
    121833571270514452722104782737*a^34 - 199004674234646322669853591766*a^32 + 
    193448925565465952545070731841*a^30 + 15910062169266530252262310739*a^28 - 
    142969625852259902285239784271*a^26 + 80290246797681867390485273257*a^24 + 
    268616461265014180565622920418*a^22 - 252736874468896710812299637199*a^20 - 
    265523510665219481076100573880*a^18 + 170050767177863347728453749691*a^16 + 
    46927319435686460569842070937*a^14 - 284419988836897065965012696425*a^12 - 
    226642557001155306128463693751*a^10 - 276041508517747985869781859855*a^8 + 
    239355516168179733644453123919*a^6 - 123539334429550553936140304199*a^4 + 
    279150621146675410130696734266*a^2 - 171984925968745795892303516493)*a^100 +
    O(a^1973) (-80647107355924565855*a^98 - 888087002307042309*a^96 - 
    9029562240880396402*a^94 - 100980880968705623257*a^92 + 
    80880135669773768987*a^90 + 986925425916782147*a^88 - 
    22360399783125232965*a^86 + 920008684002265822*a^84 + 
    26162877079188535353*a^82 - 86658402203007362058*a^80 - 
    121013065352368473014*a^78 - 117693263830395750948*a^76 + 
    77174242854675991535*a^74 + 50758429834496983446*a^72 + 
    11490655235481385148*a^70 + 63705319908769695204*a^68 - 
    79831836723659634863*a^66 + 53527748914506639942*a^64 + 
    117148784608031009967*a^62 + 83194562720866630275*a^60 - 
    93971981625126579547*a^58 + 77889952255282298651*a^56 + 
    85419562547989976233*a^54 + 1857801484179679869422*a^52 - 
    4098504787254570620715*a^50 - 1329173452045160544647*a^48 + 
    3525325231844716313817*a^46 - 1335837103992975726397*a^44 + 
    991267458480158693209*a^42 + 2439013497009027732575*a^40 - 
    1087049374924354107731*a^38 - 1952077704504478627246*a^36 - 
    1530399370608191636225*a^34 + 4151428351842076623374*a^32 - 
    669291784128131350533*a^30 + 758796617142379046666*a^28 - 
    155488243126245395642*a^26 - 1369079036839648303574*a^24 + 
    2794124004099614981453*a^22 - 4106146997277616340511*a^20 - 
    3340925523320844032417*a^18 + 657880134822873421912*a^16 + 
    169039860777821539902*a^14 - 1185340648992754156920*a^12 - 
    2677489639205391937989*a^10 + 3338606897009299712244*a^8 + 
    2681620480406141903615*a^6 - 211490164412238166724*a^4 - 
    1557680943214932071746*a^2 + 2218371599890533002860)*a^583 + O(a^1936) 
    (-119143257796817656132*a^98 + 37427572808244418545*a^96 - 
    26751013186476824311*a^94 + 27566678113594291919*a^92 - 
    28957082363799210188*a^90 + 92281016267252718335*a^88 - 
    48398330729414920713*a^86 + 90246371498532465203*a^84 + 
    109901044921390554781*a^82 + 43966369683218167958*a^80 + 
    59657622793047427170*a^78 - 29942117576506068611*a^76 + 
    51895057329711903374*a^74 + 35261138532304911298*a^72 + 
    42088542308263383446*a^70 + 109270682945408214443*a^68 - 
    19744931974886773631*a^66 - 81242769256487375121*a^64 + 
    39342958176060665757*a^62 + 79836145262590665605*a^60 + 
    54237042247125481294*a^58 + 2175451285860575057*a^56 - 
    58143387975831431505*a^54 + 220242857780644369736*a^52 - 
    991654344623429949080*a^50 + 589960437449704565236*a^48 + 
    1724368211615748091646*a^46 + 2688067052149017246777*a^44 - 
    3465216435530300690580*a^42 - 2821855385039644368216*a^40 + 
    2987748533403642938557*a^38 + 1629719309176193740378*a^36 - 
    1370104444816568427748*a^34 - 1833259868160992875933*a^32 + 
    3197145035259202117670*a^30 + 1858165720244165360151*a^28 - 
    3220236580191675608558*a^26 + 109729522315885860095*a^24 + 
    2691273580739488575241*a^22 - 1760625085194564046389*a^20 - 
    2782393779276089389028*a^18 + 2464600356693653087401*a^16 + 
    2621780968717013581055*a^14 - 1634323305513939651593*a^12 - 
    80409183400353637787*a^10 + 1606478436882313691515*a^8 - 
    1802663545606582454491*a^6 - 4136672909456334902028*a^4 + 
    2563174617046625780412*a^2 + 287757484759947405847)*a^583 + O(a^1936) 
    248247272335409479109011004735*a^98 + 164524295849299135248474725394*a^96 - 
    199979345075620322604921956492*a^94 + 63372340416577673104472752893*a^92 - 
    213214820238786930400206905690*a^90 - 244432894318395892916074583691*a^88 - 
    38385893821112697425249828362*a^86 - 199446467936076121427455495744*a^84 - 
    304096475586872192202636629744*a^82 - 192168995944114156968433850471*a^80 + 
    207334464368293617882598272257*a^78 + 193192022345239700183920268379*a^76 - 
    150037236169095255852804099892*a^74 - 5925312529997773232957574995842*a^72 +
    82645619487907237631884513286*a^70 + 73950640083408945480696564415*a^68 + 
    8045195614226569568105304754756*a^66 - 5112680763165411692048789051391*a^64 
    + 7792163328657920668820858214974*a^62 + 
    10656417407133976843855414314673*a^60 + 8936313909973753360844273858951*a^58
    - 2419293497669188389492094464563*a^56 + 
    8338135537173625898271624806284*a^54 - 5066638446846785655912591463291*a^52 
    - 6509293679326702512638702341990*a^50 - 809187257725160465812327530316*a^48
    - 10006145743983947530640253471119*a^46 + 
    4328796116487657244132687979380*a^44 - 5167916620660093375345987196853*a^42 
    - 11019567805835313505310320007489*a^40 - 
    10482956373387108075162048605309*a^38 - 7150364816263039354953357477438*a^36
    - 367955148673758449345640224732*a^34 + 
    11130928951415786976367466421210*a^32 - 6677836680821847303255619126232*a^30
    + 1145750078399640147170350279926*a^28 - 
    4084813250839643242918044316694*a^26 - 11226669907796311101709473124076*a^24
    - 4498565249871519513818947473315*a^22 - 
    10644544332610022238254183268114*a^20 - 7491500379777085216475836706412*a^18
    - 94094093243116231396241244542*a^16 - 6475228262248435913859425679983*a^14 
    - 3681496171658165401228226520040*a^12 + 
    11444302377216599448120019512985*a^10 - 9350526630963495026547212205181*a^8 
    + 5587711298281545067259319832647*a^6 + 9617545560110438195480493813476*a^4 
    + 8817659644967311337836295177425*a^2 - 2015425183443147401350584299033 + 
    O(a^1973) -171503595925133838104298662137*a^98 + 
    272041835575283554166292915877*a^96 + 194480729108233266901550335126*a^94 + 
    221431519711930048012292009897*a^92 - 209384304967994475999529592837*a^90 + 
    275947683094159702887339094889*a^88 + 123472549242989446759749289636*a^86 - 
    24588445587935285767090700870*a^84 - 209441762602864196511853593260*a^82 + 
    309026437723157907281076626343*a^80 + 55158774292831574870430642998*a^78 - 
    74858769843289063152244544049*a^76 - 106949062602589384372040927224*a^74 + 
    9896408084679470038185131462523*a^72 + 10239985764350834453238970753768*a^70
    - 8940665747095624689204940623274*a^68 - 
    4238750596106844484815073558564*a^66 + 4455390377548977663453354975132*a^64 
    - 10351709457119629117174045749303*a^62 + 
    9798636600057438030796521782550*a^60 + 7069669879408065511011747319459*a^58 
    + 4473312271023916406069032466987*a^56 - 
    9016501126678256490461083429503*a^54 + 8488239681926914657377692588535*a^52 
    - 6093168129369951017091531886718*a^50 - 
    5416632136949351294988702986424*a^48 + 2480347618297006372517715245804*a^46 
    - 2196844407873163283905702153282*a^44 + 
    10121747715485739867900815264146*a^42 - 4251326375694404831925523459906*a^40
    + 3647511545296010889018424070879*a^38 - 
    8357447278279377159690908970522*a^36 - 433565090188138268417579312599*a^34 -
    4752485713479056228214748330801*a^32 - 7707393714472184196486999881844*a^30 
    + 763718705652212092096175257844*a^28 - 4256672800140489978989518657787*a^26
    - 2242339587837501167557525561418*a^24 + 
    9375062727643951711611782595491*a^22 - 671069068839275465585032396041*a^20 -
    8323782405173733961909064638998*a^18 - 9623009624607296537294415867677*a^16 
    - 10383764271425632215233282431128*a^14 - 
    5270595879899201942811502424059*a^12 + 2178807631865032240098801300079*a^10 
    - 5205386138279892918108387163515*a^8 + 3527634321954489403789854246885*a^6 
    + 6769561654186001783929569338199*a^4 + 11418401948804168734131671384880*a^2
    - 7864061297777930552592187628219 + O(a^1973) 
    298516713411448576605273481008*a^99 - 128743032420491253676240000199*a^97 + 
    129705933419576141671727526242*a^95 + 78384071745624969090823417979*a^93 - 
    145338255425771199127288588601*a^91 + 109890719368046386005682501475*a^89 - 
    138305446872721086142143797605*a^87 - 214112183934572146238906997471*a^85 + 
    139811411093190677115647400254*a^83 - 60892224232992741931440815408*a^81 + 
    58480297481528566249847001896*a^79 + 261862560886771709566231479817*a^77 + 
    234591812280485911109106329472*a^75 + 289787221029433482081593539431*a^73 + 
    37046117178339342389339856502*a^71 + 60411323085356329502508054776*a^69 + 
    273612845750041917085667554880*a^67 - 92915728177639983113212403992*a^65 - 
    221330859271356748226948097458*a^63 + 254307893930363792293267462508*a^61 - 
    30883683792448669584093067117*a^59 - 31397588350670663866665118388*a^57 - 
    152036293530858457390305259753*a^55 - 80469481373006252304945182386*a^53 + 
    19614204402174730034573787496*a^51 + 147683231876022662830890583441*a^49 + 
    290017917146798432039361717020*a^47 - 21197573023524999652884309591*a^45 + 
    5313033614666232379342722986*a^43 - 308680920426625898796416992229*a^41 + 
    6120271688016686540803281030*a^39 + 37804294595007790112496269148*a^37 - 
    9620549439245865506407672838289*a^35 + 6527037681271507340023383705442*a^33 
    - 2094387326496180588888258529692*a^31 - 
    5255109438569147408144088701318*a^29 - 4443568794098324498461490832002*a^27 
    + 137600892653124607360950071268*a^25 - 8774764325108517389507090901612*a^23
    - 9449990280573288475729326401031*a^21 - 
    5196066251005905705459971998693*a^19 - 3353429589926242231928302821097*a^17 
    - 5181884443359822608424260789812*a^15 + 
    1831071139305976647901013309728*a^13 + 7292917127094100671251978623972*a^11 
    - 10825811015629135934578616242496*a^9 + 9466151262591466322605942138488*a^7
    + 8002054212990656098820861199503*a^5 + 6668084199211830634347986028484*a^3 
    + 9524588382511776177649086459464*a - 6044954208143650037400210436987 + 
    O(a^1936) 16622988790693743217749345091*a^99 + 
    155826139421798623654884939629*a^97 + 253986667543287777634473402380*a^95 - 
    132381571901540932843988808009*a^93 + 102853319179949088800488100562*a^91 - 
    233207979589126772813651398893*a^89 - 261302692492360039377416223020*a^87 + 
    227018906690440995256769524910*a^85 + 209814341470167723088437916090*a^83 + 
    119244671338032016086625152159*a^81 + 114137236404270067255798288687*a^79 - 
    22059515479512145039193660299*a^77 + 283919227475348879908489840441*a^75 - 
    143164275108724519863164199208*a^73 + 140864745292330742292851429014*a^71 - 
    206335746897227451557178531016*a^69 - 100094766077595457681207192383*a^67 - 
    71443819671764438604526120391*a^65 + 270033694422299295828641929103*a^63 - 
    277269057384877930723954182231*a^61 + 64919068120092346037479829191*a^59 - 
    236634254497727015758334976934*a^57 + 29563710377019576466149269801*a^55 + 
    45283431658190226425378168193*a^53 + 97657664682698115855379853291*a^51 - 
    295327967069156508261867656704*a^49 - 191227110931319201249637021555*a^47 + 
    201007984480886125465186703144*a^45 + 173382355861842176549172823107*a^43 - 
    170467035215798662842043589693*a^41 + 255930285813313224022113156811*a^39 - 
    15437202095177421982103915871*a^37 - 1018373040851872500738260236588*a^35 + 
    10785205010475102547914589658367*a^33 + 7379923688897963714117959369718*a^31
    + 3685717217432904078213600168164*a^29 + 336754098749345015732770309332*a^27
    + 3019494599041365577768319373734*a^25 - 
    8342695800439730203356651269724*a^23 - 2349779655577921647210212857341*a^21 
    - 6322002991763825154644026651352*a^19 - 593104677809057569625514090180*a^17
    + 2232047142449070650249480080855*a^15 + 
    7990793367623707234258578269539*a^13 - 10545205775238166102195009080820*a^11
    + 4059863776195361523267154297386*a^9 + 5944534764040439995865310860904*a^7 
    + 1990828139589290047879324845692*a^5 + 7978322784762501672551302876054*a^3 
    + 8061664371493186912021173800529*a + 8351313880610100499951724580226 + 
    O(a^1936))
IP1P2 after rounding  (112061917385834305770323001125*37 + O(37^20) 
    -171984925968745795892303516493*37 + O(37^20) O(37^20) O(37^20) 
    -2015425183443147401350584299033 + O(37^20) -7864061297777930552592187628219
    + O(37^20) -6044954208143650037400210436987 + O(37^20) 
    8351313880610100499951724580226 + O(37^20))
point 6: integrals (basis 3,4) = O(37^5) , O(37^5)  (prec 5)
IP1P2 before rounding ((-335410077310230789949811640*a^298 - 
    2175728782634616640246475660*a^296 + 6790213123703260467673880658*a^294 + 
    1702720679606157255924296285*a^292 + 7959150261200161407549050216*a^290 - 
    7064217673563662592353940924*a^288 + 1546963023195666009351734730*a^286 + 
    2218345818032922949072523411*a^284 + 5405944187445394664445029700*a^282 + 
    689828319758755188726723934*a^280 - 6606462193120681788694027012*a^278 - 
    1875762280998163694116515332*a^276 - 1770732559013454977492212489*a^274 - 
    2249394172532649745681515797*a^272 - 4726139139070241778303155812*a^270 + 
    7937756841471507949105890531*a^268 - 5268622849238317864922201783*a^266 + 
    582874365571782136567822407*a^264 + 3021417787320507988458270336*a^262 - 
    157526608510518553899717766*a^260 + 5526089549247178582048774221*a^258 - 
    7145375790062363400989500957*a^256 + 4377884370089890461144365523*a^254 - 
    5101244293852199020922639943*a^252 - 3607008733075481076418618348*a^250 - 
    4866256796881866410805832426*a^248 - 5468045182153303014090536276*a^246 - 
    1897836309794445586923762811*a^244 - 2128791557167012573283867579*a^242 + 
    6359916407815330186917537337*a^240 - 7894357908270281182614649426*a^238 + 
    492306175736287581442627202*a^236 - 6204010917940442009706553468*a^234 - 
    4556717945456771247192039365*a^232 + 1440486480390750641588185183*a^230 - 
    477658931512902210981175371*a^228 + 4711452191731454133839932733*a^226 + 
    2806348949409440612564727360*a^224 + 5280158412258522788868906650*a^222 + 
    4164434647623385476315983890*a^220 + 7759668154172245710825702235*a^218 + 
    2812797743389735073382253698*a^216 + 5738808152103358962110160563*a^214 + 
    4108592812833640948378538549*a^212 + 802840759749478965078976310*a^210 + 
    3150444262656705512335599774*a^208 - 5884673525151448293044447156*a^206 + 
    1474558641041741739478281745*a^204 - 7393605104569739390154105597*a^202 + 
    302487272228211182523595900*a^200 + 6062756508480969071955370892*a^198 + 
    3608098871398156706954255391*a^196 - 3621752143734220894363492403*a^194 - 
    6779814192382903737513782257*a^192 - 2825454813712645923295877300*a^190 + 
    5091126099499890950797860937*a^188 - 5546919695541897616234954032*a^186 + 
    4741643654755280224483190059*a^184 + 7811568213073615115366079557*a^182 + 
    4248185577688789204830619888*a^180 + 6109287047633886582192082654*a^178 - 
    8443910308318727312641369404*a^176 - 6201858860989035550269756989*a^174 + 
    1894275663215332370705574744*a^172 + 4725292158214170174761682483*a^170 - 
    5754152982601963174977719408*a^168 - 2017862193335417168544930010*a^166 - 
    1145055378842736847478046653*a^164 - 7752444181718470499945282475*a^162 - 
    7297069040515681562112921755*a^160 - 5200208788050010151652871617*a^158 + 
    2699977303337137513557788423*a^156 - 7838443674123436293024798175*a^154 + 
    6869726664533612103484743218*a^152 + 8101288148099036775273884496*a^150 - 
    4807991409678971037072852433*a^148 - 5026254613344928638289731501*a^146 - 
    1179555328288002410374741637*a^144 + 3069348073572606887858033991*a^142 - 
    591593635887188713929591830*a^140 - 6853049203253287242588264511*a^138 + 
    4410573167521363023915814058*a^136 + 7677033063388621787423797644*a^134 + 
    4567387458589094883966052477*a^132 - 1615004989514285699801182202*a^130 + 
    7101758186658376177449160162*a^128 - 1816558796305954573129564114*a^126 + 
    1432755372314307937411349969*a^124 + 6811318513925244434933067855*a^122 - 
    2338254188854883244992720150*a^120 - 4445580538622962249103939368*a^118 - 
    8409152036202609424434122934*a^116 + 3211855253419828491803142435*a^114 + 
    1923190582223273009442435511*a^112 - 1507519384520142596732217526*a^110 - 
    930155847500315234635145272*a^108 + 2976307199194365758667598263*a^106 + 
    8087905691787710724085401671*a^104 - 5733086600095159912501209437*a^102 + 
    1599914876785777005102441273*a^100 - 2771533209266003128553032574*a^98 - 
    4790083320453733936961176095*a^96 + 7632109940475471729758243594*a^94 + 
    2693307880496723664295363942*a^92 + 4045199215857063301314211788*a^90 + 
    4498714887673375043695427457*a^88 + 2873979107681833688816697096*a^86 + 
    7927796031482336581960907856*a^84 - 5556079547870968620870389683*a^82 - 
    3553772194868582440232830669*a^80 + 6988756258998043081909096749*a^78 - 
    5551550495526923451764765187*a^76 + 1121084756063206554929785978*a^74 + 
    26454266425473460482633991711*a^72 + 299173331117451673129725740210*a^70 + 
    101468572084654599929242293905*a^68 + 232703511756474890083879103845*a^66 + 
    265356517100952748959186054562*a^64 - 179214965255316524592003683413*a^62 + 
    23835946296669192659182178830*a^60 - 66063337595111314784187911221*a^58 + 
    298061118506116566510099165040*a^56 - 232391712947590668562052302058*a^54 - 
    143135147653750548478046491494*a^52 - 211714202042504148185789797885*a^50 + 
    133904507352267786084192086500*a^48 - 62621951930061602400194252515*a^46 + 
    89462560682865396542280261229*a^44 + 69489263207911889218578894070*a^42 - 
    24871087835546251374373989608*a^40 - 168170564404263688500556520348*a^38 - 
    210107031602862310047557742306*a^36 - 90136821636159751664205119082*a^34 + 
    122882577740043584033209489095*a^32 + 38146155599950447930974007083*a^30 + 
    101262250296171743188732174635*a^28 + 233891004842991440695759426195*a^26 - 
    84178588943625184160466445730*a^24 + 107719745583073560774593157240*a^22 - 
    191143310141432182426431287750*a^20 - 111510190133412660271446186078*a^18 - 
    166586402023837416984233931713*a^16 + 189628559975313540928350278346*a^14 - 
    55097957036577834684913369436*a^12 + 238164338591648073153030588100*a^10 + 
    114431231747396224225351948773*a^8 + 20398154909786292118169401638*a^6 + 
    127291666871681406105981722996*a^4 - 77397555044541868248454827762*a^2 + 
    286925171047425787921665532929)*a^300 + O(a^5773) 
    (-87284037173548705714286570*a^298 - 210974350781844573150373740*a^296 + 
    93306797617449275034772246*a^294 - 21521269574593251492596235*a^292 - 
    20811695293375975354372730*a^290 - 146572857773570693508784240*a^288 + 
    181420507477590641289226184*a^286 - 73457995871789151339580370*a^284 + 
    122562264693936106849573335*a^282 + 152484920946411250908058126*a^280 - 
    41236379708773095233000458*a^278 + 117283361418295491328619196*a^276 + 
    160170791942877030471281681*a^274 + 168202695106184205808541902*a^272 + 
    191942298050955671163059075*a^270 + 99488986614350606504012929*a^268 - 
    204781116113820536041373457*a^266 - 201180627508844596625090732*a^264 + 
    226356491741701191984826368*a^262 - 60659237265276001540579787*a^260 - 
    186545848432856589089204876*a^258 + 44926181784527569839179021*a^256 - 
    76279130254238456457796607*a^254 - 136103988792126223345933498*a^252 - 
    151356665932829268501860359*a^250 - 24868546479178298745964079*a^248 + 
    215050623920390302764523024*a^246 + 108600685012753711923103175*a^244 - 
    68113341355845366011260379*a^242 + 133035976485865552215790500*a^240 + 
    219919542517208226893459938*a^238 - 38328509125920909675819968*a^236 + 
    130260536009571532512262666*a^234 + 107214428315827923515710956*a^232 - 
    185856109367117143651571849*a^230 - 3596505174631681962124357*a^228 - 
    53587395338424339207422824*a^226 - 185883955968232888905764769*a^224 - 
    199352917572254311787759659*a^222 - 177475469315890774643833900*a^220 + 
    88857469116345488700871654*a^218 - 35875949195461204958398994*a^216 - 
    148255446919032545391927370*a^214 - 125135502381602239873699551*a^212 - 
    102713329596135470486209512*a^210 - 115459710539413411642848932*a^208 - 
    225587991296650130399624871*a^206 + 7295320778183726115950622*a^204 - 
    51258100928231914606723814*a^202 + 184618735246404570355221626*a^200 - 
    84374273351341381554749556*a^198 + 7718933952425299998768228*a^196 - 
    51164421925085645297744405*a^194 - 29991308840055781728119996*a^192 - 
    67820864556714793288259005*a^190 + 81596714297367153424496905*a^188 + 
    113009429544003604090557833*a^186 + 198007465383177402522572049*a^184 - 
    97752525044605944401998*a^182 - 94906182061329405849121531*a^180 + 
    98613984959327601379080806*a^178 - 144171649790147391200143880*a^176 - 
    48474536971944226019362231*a^174 + 205912623560933511773033112*a^172 - 
    210664070199934301725030271*a^170 + 7365789204235564432745803*a^168 - 
    99376963729175646472855273*a^166 + 218344104858059327411303447*a^164 + 
    123533812401395244733087187*a^162 + 227781878387058746224437221*a^160 - 
    150386941455290085762407261*a^158 - 51261547342876479964883222*a^156 + 
    98413402059395709800736643*a^154 - 102064465217057683401221269*a^152 - 
    183997304436201661775868792*a^150 - 126843218145920228303569459*a^148 + 
    63952612297905160298254455*a^146 - 95664247893084405390947197*a^144 + 
    68019533323857517008516230*a^142 + 162726972762688586855734250*a^140 + 
    13937565830594264988678829*a^138 - 127252548260686622211597397*a^136 - 
    151394586080022641029312227*a^134 + 128409415055726512803612854*a^132 - 
    116531705387772432041783710*a^130 - 33769715948120853074663339*a^128 + 
    150246760687490164992581703*a^126 - 196898753163000496658563454*a^124 - 
    219570247297594932991082804*a^122 - 182824122210273527573769701*a^120 - 
    45247999773341211768971418*a^118 - 158649517487024223658151130*a^116 + 
    8401764574307810522327024*a^114 - 130034639841284925101607250*a^112 - 
    16257949925344059148047215*a^110 + 221366896292435713310329138*a^108 - 
    157937996098565016508388405*a^106 - 43594129586206541913410019*a^104 - 
    27407655835643892108488829*a^102 + 134101642393318428967426180*a^100 - 
    158327118520968972509331907*a^98 + 177953829194836620302481936*a^96 - 
    157929434005942343996894850*a^94 - 12854031053342541046716513*a^92 + 
    145898948386423523566205087*a^90 - 88742683128162225815874279*a^88 - 
    201249935061121557218619998*a^86 - 144379201635645720042791550*a^84 - 
    223453393437448189424729552*a^82 + 64012587357511633584767666*a^80 - 
    124657970977606133122618270*a^78 + 216224142049228820553603643*a^76 - 
    89412239307605579768237908*a^74 + 6857902556812293022626891178*a^72 - 
    197737417345572058279538039*a^70 - 5850104355002853387662311541*a^68 + 
    4834035446493502507589847849*a^66 + 3924958504064009327875370332*a^64 + 
    1026900838416814903847160127*a^62 - 6395483036835155812115412377*a^60 + 
    8050957034370165306508525111*a^58 + 6358458298397102266048175704*a^56 + 
    3986427511290540696731567799*a^54 + 4115850116153370960638642407*a^52 - 
    4377964162881179033303840327*a^50 + 6642384020444279964371127500*a^48 + 
    1050212427648673866543956212*a^46 + 8006940004682620647931534216*a^44 - 
    6013129988325889020270301759*a^42 - 1251221767223508863663902337*a^40 + 
    2048013629177873779301828901*a^38 + 7159387327726301958374987436*a^36 + 
    4507439393592602734071415720*a^34 - 4953259552473899989081506649*a^32 - 
    3830503300679995930783169580*a^30 + 7127600244044162236758444264*a^28 - 
    1007941947821866292641625816*a^26 - 6811855419907739740252969925*a^24 + 
    937149910513471641331139238*a^22 - 5720942276362702732056255686*a^20 - 
    8036526998879203989898032981*a^18 + 2875837675075992779901396388*a^16 + 
    690733036115920096025288131*a^14 - 7551567756078919152906713309*a^12 + 
    1940893699868451118135521628*a^10 + 409264751030203661042132172*a^8 - 
    1185635013115512275970612086*a^6 - 7344753213945233178725225151*a^4 - 
    7174200226800805939305922913*a^2 + 660870928616826879297108381)*a^600 + 
    O(a^5773) (-97737489822411437690*a^298 + 51737748106977323584*a^296 - 
    67318508992756049194*a^294 - 49079008396628905713*a^292 + 
    30572214683903524373*a^290 - 69305819996689182253*a^288 - 
    104949099032634257203*a^286 - 118358246628901527489*a^284 + 
    108872938729884463649*a^282 - 64427442869578886328*a^280 + 
    2129323725286779679*a^278 - 101561389622519311830*a^276 + 
    46171217108423461660*a^274 - 34802422301672614263*a^272 + 
    44926660693449319202*a^270 + 105154609185041795442*a^268 - 
    78633252562620026419*a^266 - 61916163153928518554*a^264 + 
    39926379435584782629*a^262 - 45551307262424704334*a^260 + 
    18951134640950936404*a^258 + 105078400731586304275*a^256 + 
    7811360599966496239*a^254 - 96798808515307416538*a^252 + 
    53926629066321098904*a^250 - 100825106461302413975*a^248 - 
    91350332545397224799*a^246 + 66113819404391323474*a^244 + 
    88532964838586007796*a^242 - 97888889862623540208*a^240 - 
    49182097077158907639*a^238 - 103103705827883016841*a^236 - 
    103211879147725439456*a^234 + 111127803479238135660*a^232 - 
    107698960808252949851*a^230 - 61452872228482833476*a^228 - 
    112670158037845902347*a^226 + 52390233163565589339*a^224 + 
    46982003043997252051*a^222 + 15780272122294870311*a^220 + 
    92317005494020046913*a^218 + 101711387171433304002*a^216 - 
    40133269875161049767*a^214 - 2034610088502157605*a^212 + 
    71277782966717437672*a^210 - 72475158195866022284*a^208 - 
    79117779953395440271*a^206 - 69076976961555567422*a^204 - 
    5662035231300261467*a^202 + 121652099645902363326*a^200 + 
    10889660668669566090*a^198 - 39495622661325613649*a^196 - 
    82404814037761988984*a^194 - 93926475203317899454*a^192 - 
    98693594359264373468*a^190 - 21538215357252804884*a^188 - 
    16145986915248507994*a^186 + 63099466046301397996*a^184 + 
    49143987762067258953*a^182 - 3828485559153613578*a^180 - 
    77026257986516746315*a^178 - 115147656931164804846*a^176 - 
    83316468366790531665*a^174 - 67163387740363554612*a^172 + 
    74498233582078413860*a^170 + 109091941226034692904*a^168 - 
    86263467124798405521*a^166 - 22139854415184513204*a^164 - 
    103404030931630485784*a^162 - 739081704850548519*a^160 + 
    81305896242489918066*a^158 - 9584024125926666811*a^156 + 
    115371322094963347526*a^154 + 108194465375631118033*a^152 - 
    46013584659311827372*a^150 + 36924115039400907223*a^148 + 
    52673408005032391363*a^146 - 92966388944663625409*a^144 + 
    17625207475107264266*a^142 + 51168206247935011195*a^140 + 
    61272350157989555243*a^138 - 109689079769999308414*a^136 + 
    49317747902893564820*a^134 - 91450543228247792054*a^132 + 
    66814422131575651597*a^130 + 71367972419604708337*a^128 - 
    31515266411383503407*a^126 - 117403194996715624281*a^124 + 
    117281250765065944834*a^122 - 31932425204708255960*a^120 + 
    52317120973555265641*a^118 - 69535170604895126598*a^116 - 
    82588467477709321020*a^114 + 16857186398315964224*a^112 + 
    45727936810417518876*a^110 - 65458279040126042766*a^108 - 
    90653730310021292531*a^106 + 66296840704509920772*a^104 + 
    86203178458110880601*a^102 - 93748284676166525949*a^100 + 
    48685997074702483378*a^98 + 34083079104872493703*a^96 - 
    76434216054749436773*a^94 - 77343836098987671466*a^92 + 
    47004033935074599454*a^90 + 105887271047278392388*a^88 + 
    2020244451529833436630*a^86 + 3979860027268879516871*a^84 + 
    3767406095126530792907*a^82 - 1446490923316980931686*a^80 + 
    1283413436317149574269*a^78 - 3714554426880587349335*a^76 - 
    2621549918910449112817*a^74 + 2858675126013718960459*a^72 + 
    2452754513640595552192*a^70 + 1412082666782075985401*a^68 + 
    3861791085448008163527*a^66 + 779315094026815598037*a^64 - 
    2462534892913012611274*a^62 - 970878113802866189067*a^60 - 
    3896309545496948152943*a^58 + 1348938112762226928089*a^56 + 
    2718020083109246123216*a^54 - 1067455876899003808258*a^52 + 
    1822271815893917247548*a^50 - 3852756776355344297095*a^48 + 
    988526105161080602572*a^46 - 1768788331218961363344*a^44 + 
    2484846356748751780769*a^42 - 1643996479311238413656*a^40 + 
    3605130171753747641576*a^38 + 2669332982687038702769*a^36 - 
    213743993076963375707*a^34 + 3233120270617483345038*a^32 - 
    4395179010581509859756*a^30 + 608398856990302250037*a^28 + 
    3066257094536942116650*a^26 + 1971550814538968127730*a^24 - 
    2499611497989358375665*a^22 + 3777903778688890747246*a^20 + 
    1482510868717889384515*a^18 + 971602820001404338749*a^16 + 
    715696361216170226872*a^14 - 1323462320623341283977*a^12 + 
    2742959117383559248098*a^10 + 57114220093935710017*a^8 - 
    3107235239835678417446*a^6 + 1184027568917895022124*a^4 + 
    4260670744930093705590*a^2 - 1534031197553182208267)*a^1749 + O(a^5736) 
    (-8085679393074491583*a^298 + 106951661739934880473*a^296 - 
    94830862723422746131*a^294 - 39960363994352756864*a^292 + 
    57759319751510013660*a^290 + 65455164173553180664*a^288 + 
    28905766780081046891*a^286 - 93462954540066587895*a^284 - 
    83180105869980596860*a^282 + 104336479734026447227*a^280 + 
    30039350437949619420*a^278 - 28513400153986005976*a^276 + 
    53300134274083781921*a^274 + 10379580408230500409*a^272 - 
    29123042261396969918*a^270 + 8468959551582604750*a^268 - 
    73944349420102532873*a^266 + 120401516718250091346*a^264 - 
    76503689226127665526*a^262 - 11759892089841114624*a^260 + 
    107999763366083829331*a^258 + 57840754891420684350*a^256 - 
    6742082940388821758*a^254 - 38111866890815090372*a^252 + 
    13852475148758132582*a^250 + 79167867088086888193*a^248 + 
    4656685645763964871*a^246 - 118376670255281386763*a^244 + 
    54476181158682516634*a^242 - 61629561902605096624*a^240 + 
    24783060883905487151*a^238 - 99524962496092002230*a^236 - 
    23558395734889147325*a^234 - 79726041061014988977*a^232 + 
    119022077186324409010*a^230 + 29950089513353349714*a^228 + 
    98557249015780986238*a^226 - 37570955354342163465*a^224 - 
    43661787473516718824*a^222 - 43529841331758980070*a^220 + 
    17021600971287918997*a^218 + 99068596133069943941*a^216 + 
    104186098144555397514*a^214 + 59232433859241046054*a^212 - 
    87753794649933823845*a^210 + 90014581906126131816*a^208 - 
    13035648658275793279*a^206 + 33044312132290158548*a^204 + 
    101143140821526920087*a^202 + 11254305977237813326*a^200 + 
    104535803107146324608*a^198 - 90925805445658912494*a^196 - 
    53895627080643937909*a^194 + 56457649521898457514*a^192 - 
    74988927322135719498*a^190 + 94260955647583283545*a^188 + 
    46838547520238015534*a^186 + 92450592790607899899*a^184 - 
    16025339417527391246*a^182 - 90825927408834796671*a^180 + 
    59277193548679125302*a^178 - 32986569427063322043*a^176 - 
    77225449579357519199*a^174 - 105066990148288552330*a^172 - 
    119062564746137512006*a^170 + 80520178589210218684*a^168 - 
    24498558902441039794*a^166 + 48369503377621818890*a^164 + 
    118233150147823885752*a^162 + 43707412239206788861*a^160 + 
    22244210372085306648*a^158 + 68017688459249463128*a^156 + 
    26388116588379890906*a^154 + 40975140372047682112*a^152 + 
    102942166239703640871*a^150 - 8800129542913337359*a^148 - 
    113483288596859207044*a^146 + 97226134214718230141*a^144 + 
    68315117127745507600*a^142 + 34764151722659928442*a^140 - 
    6005628190398021898*a^138 - 70286274977106532234*a^136 + 
    87657975650335351793*a^134 - 42319711629956370525*a^132 + 
    13870976316572498788*a^130 - 74998430188763977566*a^128 + 
    113058606454450680340*a^126 + 21800794290096320343*a^124 - 
    71534572609666769516*a^122 + 65722406972301148383*a^120 - 
    29334837578686047338*a^118 - 43845910002777333457*a^116 + 
    2763503776564983257*a^114 + 18538827424696354880*a^112 - 
    36754911457694262845*a^110 + 89037972466962562834*a^108 - 
    26827658748284584240*a^106 + 64216805350786880118*a^104 + 
    5098409546908140521*a^102 - 60899740544358819650*a^100 - 
    26563443733796527242*a^98 - 82401185338453287807*a^96 - 
    55278868778167438968*a^94 + 59508849998927461675*a^92 - 
    61930831658177283575*a^90 - 83179972205319994467*a^88 - 
    1965721236595022761658*a^86 - 549021717199347028026*a^84 - 
    3632293605726504220014*a^82 + 220044824880896528567*a^80 - 
    710218406298793933416*a^78 + 3359887775765674616842*a^76 + 
    3620748817858488779353*a^74 + 2204482961146229931116*a^72 - 
    1173150104441399657554*a^70 - 3136372186038798819682*a^68 + 
    3177684898021339997877*a^66 - 951390020604969308939*a^64 + 
    2278169447520768100787*a^62 - 2217962441563042309350*a^60 - 
    4189829887299865772780*a^58 + 3591841732683227527651*a^56 + 
    1722901700556802415047*a^54 - 1857976877005006030097*a^52 - 
    2011687523797209931910*a^50 + 2731893082724104821750*a^48 + 
    2251442115068598151371*a^46 + 1400851546746540950443*a^44 + 
    620702424683979391493*a^42 - 3820160649282821719727*a^40 + 
    3447688335373608199566*a^38 + 3381707200607458315955*a^36 - 
    4102613462779363931927*a^34 + 3839399354392091121798*a^32 + 
    59758970318167150094*a^30 - 909675528004973969604*a^28 + 
    2990096106790668315548*a^26 + 4021727242467627116016*a^24 + 
    1766262572790524092841*a^22 - 3014734052851641975911*a^20 - 
    1325458831475190405756*a^18 + 3362473939572295200745*a^16 + 
    3635969501442892562658*a^14 - 2662672994949481651214*a^12 + 
    4346190297800904352178*a^10 + 567321839817351978012*a^8 - 
    2303859210942922133847*a^6 - 4251526237012959077820*a^4 + 
    13292889681439498037*a^2 - 683922283640572442773)*a^1749 + O(a^5736) 
    -28936784872042304863397580226*a^298 - 181432572631269002616473045479*a^296 
    - 52947408133591928707429682562*a^294 - 214741323300297371607362154960*a^292
    - 263451361210081814124957375508*a^290 - 
    177359260296934996236258242053*a^288 + 123842647231265826305913352158*a^286 
    + 138991383280781029914178738415*a^284 + 56657789441443872953694187828*a^282
    - 161129120421110842085759578347*a^280 - 
    233080389859808657103136811068*a^278 - 188847728254833848135587294059*a^276 
    + 93484229414308096169544339062*a^274 + 48667677601348442375048605222*a^272 
    + 23650945405540458060719565852*a^270 + 185103602346305407834607110497*a^268
    + 258016582574794325110971426828*a^266 - 
    208234127016934412046591493602*a^264 - 191021289893777836503478635150*a^262 
    + 101389698322118592331403002707*a^260 + 
    273000692830287006358470644399*a^258 + 95665595191375555729152540580*a^256 +
    132030904017659779390740710560*a^254 - 246413170353652957128843649991*a^252 
    - 185926889699106198209518512827*a^250 - 
    143476773629175608817727483904*a^248 - 17803193855773286566019975545*a^246 +
    5884924704172734800925940609*a^244 + 269091361121967132410961475320*a^242 - 
    209041197586466788287764914299*a^240 + 87019343370824953294952486778*a^238 +
    289777565054373671368995510837*a^236 - 233372640134987402140234788917*a^234 
    - 69714532351035732490509539210*a^232 - 297804657399183729987907640872*a^230
    + 244100236350144997482567923027*a^228 - 
    173180602621745633412052710090*a^226 - 241118631856652717399968904730*a^224 
    + 226587663628306849443497476061*a^222 - 
    271124601096148916012100190835*a^220 + 8760638911715068182253530486*a^218 - 
    199280315275867731172470141472*a^216 + 147468463482026562685945768264*a^214 
    + 236422920778845845500112456695*a^212 + 72672381293782577958642022152*a^210
    + 211870763263266835714686618583*a^208 + 
    290387974421333610746452691535*a^206 - 79115075082993059114875143758*a^204 +
    104588591642334277188863304771*a^202 + 269349124859856211358544201336*a^200 
    - 102266136829728052859476513553*a^198 - 
    116974469317115644655904129709*a^196 + 180953909736962073359056295435*a^194 
    - 36226430685365044618396571477*a^192 - 212812302168854248643328765737*a^190
    + 275534329351779839323719178483*a^188 + 37009836024794330382795756847*a^186
    - 273316472762627378573838274297*a^184 + 
    137527845147152625820601503416*a^182 + 137531048795034757865193910244*a^180 
    - 7739491277458082318974761740*a^178 - 241513428152265707752049796759*a^176 
    + 214559289378759654675297256914*a^174 + 
    106675102998963838082001427433*a^172 - 208640211884410513413301716033*a^170 
    + 21298010324750741416182132789*a^168 + 294836849492962840136240560563*a^166
    + 70032238991367751884589880082*a^164 - 282958047122534530000769706344*a^162
    + 87456723956916662584767574343*a^160 - 82280837118942728331310926848*a^158 
    - 55916866040397942903688788510*a^156 - 94833238591034419933259884784*a^154 
    + 119023645985558535957435516333*a^152 + 98547825433218116445506628439*a^150
    - 284728685200104732096546114359*a^148 + 
    107405055946096599874912364230*a^146 - 14336869034612721598580866365*a^144 -
    259728499113736927744928658994*a^142 - 66474926477448800944567585300*a^140 -
    289983489705608231370973241846*a^138 + 144176843848486229696802533756*a^136 
    + 261476164716349134987891355773*a^134 + 
    284253283387372106943534250584*a^132 - 100021393730821563194752783379*a^130 
    - 297876526587801761037131949437*a^128 + 
    201569811016952727845744067951*a^126 - 192173158209424994356911417643*a^124 
    - 213470597471223877622542628907*a^122 - 30707100190498092038221694427*a^120
    - 257521713424829157529054469117*a^118 - 
    164174496608244678108891535135*a^116 + 222613673185354837771709094574*a^114 
    - 87851682546134147181534129224*a^112 + 102113745065397541659772261193*a^110
    - 12580729311718714546105224057*a^108 + 31399914378888996381579850948*a^106 
    - 100969508999783433681908966128*a^104 + 
    176337873055685255463699230778*a^102 + 68510532025168070091400924727*a^100 +
    283738141271604022521613723820*a^98 - 283564029845315572731566358436*a^96 + 
    297187499318815810962704465049*a^94 + 67583516816987346154688930278*a^92 + 
    101992870136621426227543627637*a^90 + 243979317689145533885228922572*a^88 - 
    49804022006894867100064787107*a^86 - 66268752073008633161482141709*a^84 + 
    187596240041836917362616469361*a^82 - 151481788712444399324583136977*a^80 - 
    43649743485545873073292566208*a^78 - 255998806012851122325710948227*a^76 + 
    124104222273215127981968854905*a^74 + 6850946943822246869745835600908*a^72 +
    3686613807122778772204531028525*a^70 - 9331272336469753231094510559617*a^68 
    - 11210271485913271665118709232703*a^66 - 
    8529510505994495845444383266127*a^64 - 9886393616695074568888746815045*a^62 
    - 1491051888446124874823602611306*a^60 + 
    9658655980055185709748512632148*a^58 - 5152539253339680740863033051859*a^56 
    - 1477535060283277788941878922499*a^54 - 
    5390941147187325031957348268915*a^52 + 10649849801872322991446716191406*a^50
    - 10570325194551623559248758269666*a^48 - 
    7581417868494647046517243603498*a^46 + 8291262423070810168832989947787*a^44 
    - 362753285216443551822487401527*a^42 + 9634173737479860419586168144749*a^40
    + 1868507238589359478135569524135*a^38 + 
    5227560006056228253063433247882*a^36 + 9613328553953394686417213790557*a^34 
    - 1046427529651786948490551541099*a^32 - 595227749498573812261110302757*a^30
    + 5681613348532899982761651934883*a^28 - 
    8230024543291147760736621750774*a^26 + 10539663655028593774459199876421*a^24
    + 6507109308251520952112874244150*a^22 + 
    2359943787393828345651951769003*a^20 + 3931384158153138127612343631553*a^18 
    + 1936614519189217013214654798507*a^16 + 
    2173088013248939481348588672259*a^14 + 720151747422244256104187728622*a^12 +
    1206350370933478227981973937649*a^10 + 2086564857900804687680369211168*a^8 -
    3783811212166972440074585161455*a^6 + 3487660727446996353005956816434*a^4 - 
    5327468273353280572376317128046*a^2 - 4946743467313575301805341152696 + 
    O(a^5773) -208150026554888577203521882394*a^298 + 
    155080157726796339848358012377*a^296 - 254936046138796767416323733105*a^294 
    - 84491823738193692796294117693*a^292 + 45995865756325571547111705260*a^290 
    + 119371322323373127390663286911*a^288 + 7074718765768207842945893849*a^286 
    - 128407460689321585477618098916*a^284 - 
    193229264918273502999646373154*a^282 + 241510858410235855067882097248*a^280 
    + 104281030717857864362908861751*a^278 - 
    245592860643612420473012361333*a^276 - 304921655589363078390174597887*a^274 
    - 280032627288552836038707577392*a^272 - 
    298128493487503973711172396168*a^270 + 17264446851745478065569467131*a^268 +
    287561797414944706469204321070*a^266 + 289346576335722147235317686380*a^264 
    + 98423576664472139410495287728*a^262 - 95895850193051867202547816294*a^260 
    + 194375321624863146637153723811*a^258 + 22059406517555372226209454806*a^256
    - 135852167657785465972104495178*a^254 + 
    121750354232208229452456103314*a^252 + 207909156044256383975928428154*a^250 
    - 310652606337813824160772354537*a^248 + 
    216415737171926124641800428426*a^246 - 5449969965942835325975743785*a^244 + 
    56419602773102350763918461033*a^242 - 247363385742801300821020525495*a^240 +
    68425429278849264860375792470*a^238 + 129510152048028383799880592993*a^236 -
    265304379040571195552079254284*a^234 - 98443538301586911628861756132*a^232 -
    97022126972653435989881692535*a^230 - 288330164919648696060967829723*a^228 -
    231591500351032912696748926452*a^226 - 44605363869285258401263061847*a^224 -
    116455005105303233747325456844*a^222 - 114842765209440315218802602022*a^220 
    - 65888769917460385463869346980*a^218 + 291005514368923603429774612476*a^216
    - 308926129395096957056877988411*a^214 + 
    180123806059781453649331751751*a^212 + 48826674265268138839034508322*a^210 -
    84913696203675777973987008271*a^208 - 92299450111212398610944837783*a^206 - 
    96721673737756188984501087511*a^204 - 108735781521933627244463417351*a^202 +
    52869135324256388925604964478*a^200 - 170610593272095132927894128212*a^198 -
    102621219069078709355006236047*a^196 - 24549800326088608697922353702*a^194 +
    246438509926928284521488950260*a^192 + 94153237816300075125516932489*a^190 +
    312191199863000809220198377568*a^188 - 2361102238020584757994347110*a^186 + 
    167288183796076066956745737130*a^184 - 216513238269324705647747873130*a^182 
    + 2875703396236354683888877943*a^180 + 286950796170212732387625447353*a^178 
    + 4683670879387098461676645825*a^176 - 252914199339746206207930492821*a^174 
    + 62652752830366365588412531030*a^172 - 151686677701213640610220753640*a^170
    + 307782306054755073412392242229*a^168 - 2562961280712101800594519279*a^166 
    - 244862693913979832797722874003*a^164 - 
    203440351416522118672071818607*a^162 - 146023812371665502217834732693*a^160 
    - 145277792668195326449193980674*a^158 + 
    266167376281877642903922703154*a^156 - 255712187150558642595589863814*a^154 
    - 258000541733575343663555917854*a^152 - 
    136286546164489464337033717121*a^150 + 157422437874915331144940426423*a^148 
    - 169158166387759295705827272480*a^146 + 
    283099626061395530490168863296*a^144 + 37854185438321153441294457853*a^142 +
    85684412588663177733665137999*a^140 + 95002973494884516537393515734*a^138 - 
    142286630868331791133989670895*a^136 + 201706869203687494543055657580*a^134 
    - 45065618870590302484060478373*a^132 + 68668967139619752889531330624*a^130 
    + 219016435926127941147574912846*a^128 + 
    152493839823805634784321163536*a^126 - 10131120350364886730713231054*a^124 -
    223218577257325583966178412960*a^122 - 17624670186514096411641776949*a^120 +
    147859232064787350499645056246*a^118 + 139670755542370953150774332865*a^116 
    + 90235289087958376797371528931*a^114 + 295950793295874540234027393631*a^112
    - 260643805281759097158992023681*a^110 - 
    296955757397539468499904266765*a^108 + 282973250262070065783337289204*a^106 
    - 245252071584281112136579834495*a^104 + 
    223378791384855452435570536371*a^102 + 71082405483375293388484383736*a^100 +
    2359980335112744223516468738*a^98 + 55313112371606891364478637132*a^96 + 
    292983201842042737128579176386*a^94 - 171369145861961776159368390092*a^92 + 
    18418678858383752785155132076*a^90 + 275320002443930707579990197885*a^88 - 
    42411454959197778444364890197*a^86 + 3162353831747199822047665537*a^84 - 
    213523715558925417229710705888*a^82 - 49977500061632802060523380974*a^80 + 
    226462764225876230273703473615*a^78 - 21894125288217406238877278615*a^76 - 
    241549607218962502669583027711*a^74 + 6641441921245227351290863986468*a^72 -
    1910999357876083631412863189303*a^70 - 4703273886916735989522946980705*a^68 
    + 1914355430089283348480885988148*a^66 + 
    2534145630906139596100452896595*a^64 - 9897006964453014073522935003046*a^62 
    - 9629748704108632145061810650203*a^60 + 
    7211363599554894716649436034865*a^58 - 11348342464850557404430685653399*a^56
    - 4306021460830734600258967723018*a^54 + 382597534799814997229467370139*a^52
    - 4222688480326444936509347093650*a^50 + 
    3645946258514975627559280982316*a^48 + 2362870485174839892248931080334*a^46 
    + 8744649295096565910665492560714*a^44 - 
    3037314293687000312685485495870*a^42 - 9133172366057309972266907188358*a^40 
    - 11179720426623833960961919070440*a^38 + 
    6648915564845351092324552515886*a^36 + 1216921027314380947216770308858*a^34 
    - 241235515276335123136479170265*a^32 - 4614988603761328435628406796875*a^30
    + 1364537016524506214739858356695*a^28 - 
    10851827941241031714037262424065*a^26 - 6842823242311542555979123856197*a^24
    - 9512039269971263536285858143148*a^22 + 
    11368013257889782832658212479420*a^20 - 7595174553235982939315473900599*a^18
    - 4019024928744150075766677886315*a^16 - 
    5016269178036017572592786140460*a^14 - 1258680026347739501233413040425*a^12 
    + 5943799528200859876869553642534*a^10 - 4646682335139548300651023396531*a^8
    + 9902400439557053252810852468549*a^6 + 5602987254630982179227888546472*a^4 
    + 3478847682305994181990123565086*a^2 - 8542239450354000842735245542566 + 
    O(a^5773) (-107419690640209658719*a^298 - 41394812752973315476*a^296 + 
    56235657959232908978*a^294 - 63877220252283775574*a^292 + 
    35999982327993478809*a^290 - 3275855520450967913*a^288 - 
    49592372928560366093*a^286 + 91043834603930043660*a^284 - 
    20381694916225781470*a^282 + 53385281490178292032*a^280 - 
    35111138397663203107*a^278 + 45471446203170420017*a^276 - 
    109000109376303743923*a^274 + 34839613070547083848*a^272 + 
    11162100700492292278*a^270 - 51789540163761762153*a^268 + 
    1844864917205271746*a^266 - 111762168625796854606*a^264 + 
    96524904725541967498*a^262 - 109048907673718664766*a^260 - 
    22356711669571902913*a^258 + 104888443453004424829*a^256 - 
    4889376959032886184*a^254 + 25279158670935292268*a^252 + 
    27364659156977951566*a^250 - 93673252446754104342*a^248 + 
    105834680064084135836*a^246 + 88801110123888073988*a^244 - 
    100315275218258181947*a^242 + 9850444573141217689*a^240 + 
    103148340831007411861*a^238 - 56156164946947217363*a^236 - 
    116128879454114739493*a^234 + 110883892592709186661*a^232 - 
    46966440659809896513*a^230 - 87143413632240807490*a^228 + 
    36190945941162190459*a^226 + 96869650077512705236*a^224 + 
    16114825229663832776*a^222 - 25186919152472223243*a^220 + 
    45180877769514855719*a^218 + 43706530937470084301*a^216 - 
    119988437338736865846*a^214 + 14113230005146348513*a^212 + 
    60441518961611807561*a^210 + 72925225579171973015*a^208 + 
    101039808322656505085*a^206 + 44635755871671209293*a^204 + 
    54635858464815519429*a^202 - 71230908170533284024*a^200 - 
    50209299383400122498*a^198 + 95309249672243638902*a^196 + 
    425088616269134318*a^194 + 47721464217750151758*a^192 + 
    54464982739171400261*a^190 - 48926672687935510033*a^188 + 
    107742765135408735142*a^186 - 49601062141732245612*a^184 + 
    85172921075572607010*a^182 + 33910126913282994146*a^180 - 
    47668459844181494341*a^178 + 114722854932668129836*a^176 + 
    68433702754305054311*a^174 - 115077233044849185865*a^172 - 
    9234858541178207785*a^170 + 22142720139959899005*a^168 - 
    30533282275496608810*a^166 - 22726313119667806640*a^164 - 
    47551310972632057687*a^162 + 33694380774076743075*a^160 + 
    88576138219163652828*a^158 - 67321209017829804084*a^156 + 
    83263400655598322417*a^154 + 73592036155102039631*a^152 + 
    48482702275011070595*a^150 + 55333073895283062645*a^148 + 
    87145155853012595151*a^146 + 30915788631572110917*a^144 - 
    3113308511751554350*a^142 + 57402424764868413920*a^140 - 
    109572501052453688474*a^138 + 83719950812771166051*a^136 + 
    61090335453686296928*a^134 + 106366930760768920405*a^132 - 
    87007027001462413742*a^130 - 58303713505783782297*a^128 - 
    111516849293230786656*a^126 + 13926612576508925473*a^124 - 
    63481084807006105045*a^122 + 56469926239541683305*a^120 + 
    116791302479699191308*a^118 - 5875904454555083121*a^116 + 
    46415262737876237054*a^114 + 2213520791933995727*a^112 + 
    54583186145430055508*a^110 - 79847777616964705785*a^108 + 
    77128565291792963144*a^106 + 109849445570826507283*a^104 - 
    36590843644771557740*a^102 - 1466567992454372219*a^100 + 
    106416115371452648593*a^98 + 113191034041785167815*a^96 + 
    97861414427621254619*a^94 - 28160680617457561605*a^92 - 
    271929346649410059*a^90 + 3124363593184748797*a^88 - 
    3200521971201402234502*a^86 + 2681015061214435849555*a^84 + 
    2409233340679285490485*a^82 + 3640637421811083725602*a^80 - 
    4446680068021722796112*a^78 + 1289341679107296260876*a^76 - 
    3290839191689069752304*a^74 - 2435524533771960453392*a^72 + 
    3774552921999894581160*a^70 + 3498016713370788919726*a^68 + 
    32633923172553878065*a^66 - 4354637562343154721814*a^64 + 
    177957536999374734441*a^62 + 3036166605210916587437*a^60 + 
    3295837825675955069781*a^58 + 2631156903499661935024*a^56 + 
    2220259240701179251368*a^54 + 868929344253572739106*a^52 + 
    1951202957841892639364*a^50 + 1252018450788746110854*a^48 - 
    4182745192217934525827*a^46 + 1125930842754886843281*a^44 + 
    1609968617333683282725*a^42 - 3873938351438842019939*a^40 + 
    580741784368800570819*a^38 + 1039087566117494143921*a^36 - 
    1307495146898065985433*a^34 - 3678935384150119133484*a^32 + 
    1105419516112768727275*a^30 - 4360797451298230768607*a^28 - 
    57245405981370543470*a^26 + 1440840818990917013125*a^24 + 
    1697297203115547205784*a^22 - 2527454989288291315538*a^20 + 
    2864735910749774063380*a^18 + 4159737550500785966332*a^16 + 
    2113163196340767698829*a^14 - 459367732693809819635*a^12 - 
    3940337724212317385486*a^10 + 703424518871709016052*a^8 + 
    2512917044497547915488*a^6 - 1293666743569722217859*a^4 + 
    1267979580667362988670*a^2 - 2705756926352053279771)*a^1749 + O(a^5736) 
    (73144139523110544600*a^298 + 100088597668944950230*a^296 - 
    27649677996243926710*a^294 + 96066085064087391146*a^292 - 
    82516969516940548254*a^290 + 38914749105709011952*a^288 + 
    29467344412604449224*a^286 + 85158768456736107796*a^284 - 
    40787661891906476666*a^282 - 22464941056208050601*a^280 + 
    47897448511041873618*a^278 - 13606472369982408769*a^276 + 
    83261947039280322799*a^274 + 106744122707277179788*a^272 + 
    107358710540000533194*a^270 + 94746223656135590775*a^268 + 
    61456001366302175822*a^266 - 91773575180593338743*a^264 + 
    43673925184370952775*a^262 + 69515680204721585297*a^260 + 
    109164032595399616786*a^258 + 119968023732723826383*a^256 + 
    36234304461490339874*a^254 + 76918134210886932174*a^252 - 
    2129728418730001841*a^250 - 79723390599853557203*a^248 + 
    92675779579356791428*a^246 - 8245329538379956838*a^244 - 
    51926686192851386349*a^242 + 25717205222611083801*a^240 + 
    42253474648929677381*a^238 + 22562235577902183479*a^236 + 
    34085446247282469731*a^234 - 18558124950005707672*a^232 - 
    111435220989333978671*a^230 - 762658855571481040*a^228 - 
    63046410548809263340*a^226 - 24169206573228468441*a^224 + 
    86413497870947597621*a^222 + 53718568818844812849*a^220 - 
    104884702110155772825*a^218 + 88437632727018922025*a^216 + 
    34479638072533869187*a^214 - 9790093366403709849*a^212 + 
    56392685935263457542*a^210 - 105529122342172412390*a^208 + 
    41419318803002990535*a^206 - 56160670012802112852*a^204 - 
    49066295185794127445*a^202 + 11087551535353885390*a^200 - 
    51430597249697293421*a^198 + 58161837458173224568*a^196 + 
    44594281751497708196*a^194 + 63272561988382034919*a^192 + 
    30416454807757480645*a^190 - 40431883950878101676*a^188 - 
    79555561627802015210*a^186 - 3668206685899433880*a^184 - 
    79250194828129328301*a^182 + 92138258092946180551*a^180 - 
    13157526876790204209*a^178 + 70738931662091071286*a^176 + 
    112642909108018195569*a^174 - 11604945490432730414*a^172 - 
    28435417746232172375*a^170 - 2305224447472167122*a^168 - 
    20322717182394433115*a^166 - 67271040934121898740*a^164 - 
    80823245369225106816*a^162 - 91919241473893088255*a^160 - 
    65123707986267643613*a^158 - 73320102569407277620*a^156 + 
    23500608012918281322*a^154 - 34579329733384090700*a^152 + 
    115846980577399935033*a^150 - 27396465601892664235*a^148 + 
    81182812626701970328*a^146 - 8439599466863666749*a^144 - 
    54656134599142225928*a^142 + 54155514232320626541*a^140 - 
    111467833115156757077*a^138 + 118227057353172497352*a^136 - 
    19129832292185892241*a^134 + 82694391753379702440*a^132 - 
    30649183725247208844*a^130 - 99170274971062981514*a^128 + 
    9876050879527529238*a^126 + 103255983082867291157*a^124 + 
    93801434288308725274*a^122 + 59174141370523846995*a^120 + 
    116927689276371519691*a^118 + 51477191248953852225*a^116 - 
    51847283799547275380*a^114 + 5897793519730408607*a^112 - 
    23217735564163422540*a^110 - 120540764291332798152*a^108 - 
    50731086018142287092*a^106 + 87202596971159165743*a^104 - 
    33284796959430776903*a^102 - 102070111547078569817*a^100 + 
    94263349527967326286*a^98 + 81017893904699316642*a^96 + 
    98926374663752416471*a^94 - 2149950152039794097*a^92 + 
    101813910122360826568*a^90 - 117362587721964623992*a^88 - 
    3296533001147955438328*a^86 + 3835583936277881537943*a^84 - 
    3462619738504959820927*a^82 - 1058867890528989654046*a^80 - 
    3223669822546840166209*a^78 - 122394213413800675343*a^76 + 
    3626259247233893638882*a^74 + 2025082255522450143038*a^72 - 
    671852754700041916506*a^70 - 2334853848444018050448*a^68 + 
    3253660537993891882924*a^66 - 2124506227051220578734*a^64 - 
    1504405632708259375927*a^62 - 3221387531884591093805*a^60 - 
    512584445675510049*a^58 - 974133673124947199206*a^56 - 
    1814181366570409585811*a^54 - 4097913235795941727691*a^52 + 
    1814093018482013595019*a^50 + 740815346067250941504*a^48 + 
    3173737522270574518274*a^46 + 2680684784150449989628*a^44 + 
    4232603550570452903793*a^42 - 2246519544148434439073*a^40 - 
    2836303080540124540535*a^38 + 3349370840833473303085*a^36 - 
    4312463039736942094592*a^34 + 397877857473262231899*a^32 + 
    798129475937779061780*a^30 + 4017108199836321995147*a^28 - 
    3536994613862914812742*a^26 + 4188514328005947269742*a^24 - 
    2887786736198201374812*a^22 + 2633094036143318329147*a^20 - 
    3349684840515965138280*a^18 + 4386964394357109838574*a^16 - 
    3074374353505478224875*a^14 + 1742645060466290703386*a^12 - 
    3778174031059536976958*a^10 - 1086279525650778834325*a^8 + 
    4371510993867135952164*a^6 + 1126280538082195328189*a^4 - 
    1802770772357151321600*a^2 - 4135286758426086251647)*a^1749 + O(a^5736))
IP1P2 after rounding  (286925171047425787921665532929*37 + O(37^20) 
    660870928616826879297108381*37^2 + O(37^20) O(37^20) O(37^20) 
    -4946743467313575301805341152696 + O(37^20) -8542239450354000842735245542566
    + O(37^20) O(37^20) O(37^20))
b -> other boundary point: basis3,4 = O(37^5), O(37^5)
PAIRING basis[3] = -205372*37 + O(37^5)
PAIRING basis[4] = 473735*37 + O(37^5)
omega_ann coefficients (basis3, basis4): 473735 + O(37^4) , 205372 + O(37^4)
residue disks to sweep: 42
IP1P2 before rounding (O(a^5773) O(a^5773) O(a^5736) O(a^5736) O(a^5773) 
    O(a^5773) O(a^5736) O(a^5736))
IP1P2 after rounding  (O(37^20) O(37^20) O(37^20) O(37^20) O(37^20) O(37^20) 
    O(37^20) O(37^20))
ZERO in disk 1 : x = O(37^20) , inf = false
IP1P2 before rounding ((-335410077310230789949811640*a^298 - 
    2175728782634616640246475660*a^296 + 6790213123703260467673880658*a^294 + 
    1702720679606157255924296285*a^292 + 7959150261200161407549050216*a^290 - 
    7064217673563662592353940924*a^288 + 1546963023195666009351734730*a^286 + 
    2218345818032922949072523411*a^284 + 5405944187445394664445029700*a^282 + 
    689828319758755188726723934*a^280 - 6606462193120681788694027012*a^278 - 
    1875762280998163694116515332*a^276 - 1770732559013454977492212489*a^274 - 
    2249394172532649745681515797*a^272 - 4726139139070241778303155812*a^270 + 
    7937756841471507949105890531*a^268 - 5268622849238317864922201783*a^266 + 
    582874365571782136567822407*a^264 + 3021417787320507988458270336*a^262 - 
    157526608510518553899717766*a^260 + 5526089549247178582048774221*a^258 - 
    7145375790062363400989500957*a^256 + 4377884370089890461144365523*a^254 - 
    5101244293852199020922639943*a^252 - 3607008733075481076418618348*a^250 - 
    4866256796881866410805832426*a^248 - 5468045182153303014090536276*a^246 - 
    1897836309794445586923762811*a^244 - 2128791557167012573283867579*a^242 + 
    6359916407815330186917537337*a^240 - 7894357908270281182614649426*a^238 + 
    492306175736287581442627202*a^236 - 6204010917940442009706553468*a^234 - 
    4556717945456771247192039365*a^232 + 1440486480390750641588185183*a^230 - 
    477658931512902210981175371*a^228 + 4711452191731454133839932733*a^226 + 
    2806348949409440612564727360*a^224 + 5280158412258522788868906650*a^222 + 
    4164434647623385476315983890*a^220 + 7759668154172245710825702235*a^218 + 
    2812797743389735073382253698*a^216 + 5738808152103358962110160563*a^214 + 
    4108592812833640948378538549*a^212 + 802840759749478965078976310*a^210 + 
    3150444262656705512335599774*a^208 - 5884673525151448293044447156*a^206 + 
    1474558641041741739478281745*a^204 - 7393605104569739390154105597*a^202 + 
    302487272228211182523595900*a^200 + 6062756508480969071955370892*a^198 + 
    3608098871398156706954255391*a^196 - 3621752143734220894363492403*a^194 - 
    6779814192382903737513782257*a^192 - 2825454813712645923295877300*a^190 + 
    5091126099499890950797860937*a^188 - 5546919695541897616234954032*a^186 + 
    4741643654755280224483190059*a^184 + 7811568213073615115366079557*a^182 + 
    4248185577688789204830619888*a^180 + 6109287047633886582192082654*a^178 - 
    8443910308318727312641369404*a^176 - 6201858860989035550269756989*a^174 + 
    1894275663215332370705574744*a^172 + 4725292158214170174761682483*a^170 - 
    5754152982601963174977719408*a^168 - 2017862193335417168544930010*a^166 - 
    1145055378842736847478046653*a^164 - 7752444181718470499945282475*a^162 - 
    7297069040515681562112921755*a^160 - 5200208788050010151652871617*a^158 + 
    2699977303337137513557788423*a^156 - 7838443674123436293024798175*a^154 + 
    6869726664533612103484743218*a^152 + 8101288148099036775273884496*a^150 - 
    4807991409678971037072852433*a^148 - 5026254613344928638289731501*a^146 - 
    1179555328288002410374741637*a^144 + 3069348073572606887858033991*a^142 - 
    591593635887188713929591830*a^140 - 6853049203253287242588264511*a^138 + 
    4410573167521363023915814058*a^136 + 7677033063388621787423797644*a^134 + 
    4567387458589094883966052477*a^132 - 1615004989514285699801182202*a^130 + 
    7101758186658376177449160162*a^128 - 1816558796305954573129564114*a^126 + 
    1432755372314307937411349969*a^124 + 6811318513925244434933067855*a^122 - 
    2338254188854883244992720150*a^120 - 4445580538622962249103939368*a^118 - 
    8409152036202609424434122934*a^116 + 3211855253419828491803142435*a^114 + 
    1923190582223273009442435511*a^112 - 1507519384520142596732217526*a^110 - 
    930155847500315234635145272*a^108 + 2976307199194365758667598263*a^106 + 
    8087905691787710724085401671*a^104 - 5733086600095159912501209437*a^102 + 
    1599914876785777005102441273*a^100 - 2771533209266003128553032574*a^98 - 
    4790083320453733936961176095*a^96 + 7632109940475471729758243594*a^94 + 
    2693307880496723664295363942*a^92 + 4045199215857063301314211788*a^90 + 
    4498714887673375043695427457*a^88 + 2873979107681833688816697096*a^86 + 
    7927796031482336581960907856*a^84 - 5556079547870968620870389683*a^82 - 
    3553772194868582440232830669*a^80 + 6988756258998043081909096749*a^78 - 
    5551550495526923451764765187*a^76 + 1121084756063206554929785978*a^74 + 
    26454266425473460482633991711*a^72 + 299173331117451673129725740210*a^70 + 
    101468572084654599929242293905*a^68 + 232703511756474890083879103845*a^66 + 
    265356517100952748959186054562*a^64 - 179214965255316524592003683413*a^62 + 
    23835946296669192659182178830*a^60 - 66063337595111314784187911221*a^58 + 
    298061118506116566510099165040*a^56 - 232391712947590668562052302058*a^54 - 
    143135147653750548478046491494*a^52 - 211714202042504148185789797885*a^50 + 
    133904507352267786084192086500*a^48 - 62621951930061602400194252515*a^46 + 
    89462560682865396542280261229*a^44 + 69489263207911889218578894070*a^42 - 
    24871087835546251374373989608*a^40 - 168170564404263688500556520348*a^38 - 
    210107031602862310047557742306*a^36 - 90136821636159751664205119082*a^34 + 
    122882577740043584033209489095*a^32 + 38146155599950447930974007083*a^30 + 
    101262250296171743188732174635*a^28 + 233891004842991440695759426195*a^26 - 
    84178588943625184160466445730*a^24 + 107719745583073560774593157240*a^22 - 
    191143310141432182426431287750*a^20 - 111510190133412660271446186078*a^18 - 
    166586402023837416984233931713*a^16 + 189628559975313540928350278346*a^14 - 
    55097957036577834684913369436*a^12 + 238164338591648073153030588100*a^10 + 
    114431231747396224225351948773*a^8 + 20398154909786292118169401638*a^6 + 
    127291666871681406105981722996*a^4 - 77397555044541868248454827762*a^2 + 
    286925171047425787921665532929)*a^300 + O(a^5773) 
    (-87284037173548705714286570*a^298 - 210974350781844573150373740*a^296 + 
    93306797617449275034772246*a^294 - 21521269574593251492596235*a^292 - 
    20811695293375975354372730*a^290 - 146572857773570693508784240*a^288 + 
    181420507477590641289226184*a^286 - 73457995871789151339580370*a^284 + 
    122562264693936106849573335*a^282 + 152484920946411250908058126*a^280 - 
    41236379708773095233000458*a^278 + 117283361418295491328619196*a^276 + 
    160170791942877030471281681*a^274 + 168202695106184205808541902*a^272 + 
    191942298050955671163059075*a^270 + 99488986614350606504012929*a^268 - 
    204781116113820536041373457*a^266 - 201180627508844596625090732*a^264 + 
    226356491741701191984826368*a^262 - 60659237265276001540579787*a^260 - 
    186545848432856589089204876*a^258 + 44926181784527569839179021*a^256 - 
    76279130254238456457796607*a^254 - 136103988792126223345933498*a^252 - 
    151356665932829268501860359*a^250 - 24868546479178298745964079*a^248 + 
    215050623920390302764523024*a^246 + 108600685012753711923103175*a^244 - 
    68113341355845366011260379*a^242 + 133035976485865552215790500*a^240 + 
    219919542517208226893459938*a^238 - 38328509125920909675819968*a^236 + 
    130260536009571532512262666*a^234 + 107214428315827923515710956*a^232 - 
    185856109367117143651571849*a^230 - 3596505174631681962124357*a^228 - 
    53587395338424339207422824*a^226 - 185883955968232888905764769*a^224 - 
    199352917572254311787759659*a^222 - 177475469315890774643833900*a^220 + 
    88857469116345488700871654*a^218 - 35875949195461204958398994*a^216 - 
    148255446919032545391927370*a^214 - 125135502381602239873699551*a^212 - 
    102713329596135470486209512*a^210 - 115459710539413411642848932*a^208 - 
    225587991296650130399624871*a^206 + 7295320778183726115950622*a^204 - 
    51258100928231914606723814*a^202 + 184618735246404570355221626*a^200 - 
    84374273351341381554749556*a^198 + 7718933952425299998768228*a^196 - 
    51164421925085645297744405*a^194 - 29991308840055781728119996*a^192 - 
    67820864556714793288259005*a^190 + 81596714297367153424496905*a^188 + 
    113009429544003604090557833*a^186 + 198007465383177402522572049*a^184 - 
    97752525044605944401998*a^182 - 94906182061329405849121531*a^180 + 
    98613984959327601379080806*a^178 - 144171649790147391200143880*a^176 - 
    48474536971944226019362231*a^174 + 205912623560933511773033112*a^172 - 
    210664070199934301725030271*a^170 + 7365789204235564432745803*a^168 - 
    99376963729175646472855273*a^166 + 218344104858059327411303447*a^164 + 
    123533812401395244733087187*a^162 + 227781878387058746224437221*a^160 - 
    150386941455290085762407261*a^158 - 51261547342876479964883222*a^156 + 
    98413402059395709800736643*a^154 - 102064465217057683401221269*a^152 - 
    183997304436201661775868792*a^150 - 126843218145920228303569459*a^148 + 
    63952612297905160298254455*a^146 - 95664247893084405390947197*a^144 + 
    68019533323857517008516230*a^142 + 162726972762688586855734250*a^140 + 
    13937565830594264988678829*a^138 - 127252548260686622211597397*a^136 - 
    151394586080022641029312227*a^134 + 128409415055726512803612854*a^132 - 
    116531705387772432041783710*a^130 - 33769715948120853074663339*a^128 + 
    150246760687490164992581703*a^126 - 196898753163000496658563454*a^124 - 
    219570247297594932991082804*a^122 - 182824122210273527573769701*a^120 - 
    45247999773341211768971418*a^118 - 158649517487024223658151130*a^116 + 
    8401764574307810522327024*a^114 - 130034639841284925101607250*a^112 - 
    16257949925344059148047215*a^110 + 221366896292435713310329138*a^108 - 
    157937996098565016508388405*a^106 - 43594129586206541913410019*a^104 - 
    27407655835643892108488829*a^102 + 134101642393318428967426180*a^100 - 
    158327118520968972509331907*a^98 + 177953829194836620302481936*a^96 - 
    157929434005942343996894850*a^94 - 12854031053342541046716513*a^92 + 
    145898948386423523566205087*a^90 - 88742683128162225815874279*a^88 - 
    201249935061121557218619998*a^86 - 144379201635645720042791550*a^84 - 
    223453393437448189424729552*a^82 + 64012587357511633584767666*a^80 - 
    124657970977606133122618270*a^78 + 216224142049228820553603643*a^76 - 
    89412239307605579768237908*a^74 + 6857902556812293022626891178*a^72 - 
    197737417345572058279538039*a^70 - 5850104355002853387662311541*a^68 + 
    4834035446493502507589847849*a^66 + 3924958504064009327875370332*a^64 + 
    1026900838416814903847160127*a^62 - 6395483036835155812115412377*a^60 + 
    8050957034370165306508525111*a^58 + 6358458298397102266048175704*a^56 + 
    3986427511290540696731567799*a^54 + 4115850116153370960638642407*a^52 - 
    4377964162881179033303840327*a^50 + 6642384020444279964371127500*a^48 + 
    1050212427648673866543956212*a^46 + 8006940004682620647931534216*a^44 - 
    6013129988325889020270301759*a^42 - 1251221767223508863663902337*a^40 + 
    2048013629177873779301828901*a^38 + 7159387327726301958374987436*a^36 + 
    4507439393592602734071415720*a^34 - 4953259552473899989081506649*a^32 - 
    3830503300679995930783169580*a^30 + 7127600244044162236758444264*a^28 - 
    1007941947821866292641625816*a^26 - 6811855419907739740252969925*a^24 + 
    937149910513471641331139238*a^22 - 5720942276362702732056255686*a^20 - 
    8036526998879203989898032981*a^18 + 2875837675075992779901396388*a^16 + 
    690733036115920096025288131*a^14 - 7551567756078919152906713309*a^12 + 
    1940893699868451118135521628*a^10 + 409264751030203661042132172*a^8 - 
    1185635013115512275970612086*a^6 - 7344753213945233178725225151*a^4 - 
    7174200226800805939305922913*a^2 + 660870928616826879297108381)*a^600 + 
    O(a^5773) (-97737489822411437690*a^298 + 51737748106977323584*a^296 - 
    67318508992756049194*a^294 - 49079008396628905713*a^292 + 
    30572214683903524373*a^290 - 69305819996689182253*a^288 - 
    104949099032634257203*a^286 - 118358246628901527489*a^284 + 
    108872938729884463649*a^282 - 64427442869578886328*a^280 + 
    2129323725286779679*a^278 - 101561389622519311830*a^276 + 
    46171217108423461660*a^274 - 34802422301672614263*a^272 + 
    44926660693449319202*a^270 + 105154609185041795442*a^268 - 
    78633252562620026419*a^266 - 61916163153928518554*a^264 + 
    39926379435584782629*a^262 - 45551307262424704334*a^260 + 
    18951134640950936404*a^258 + 105078400731586304275*a^256 + 
    7811360599966496239*a^254 - 96798808515307416538*a^252 + 
    53926629066321098904*a^250 - 100825106461302413975*a^248 - 
    91350332545397224799*a^246 + 66113819404391323474*a^244 + 
    88532964838586007796*a^242 - 97888889862623540208*a^240 - 
    49182097077158907639*a^238 - 103103705827883016841*a^236 - 
    103211879147725439456*a^234 + 111127803479238135660*a^232 - 
    107698960808252949851*a^230 - 61452872228482833476*a^228 - 
    112670158037845902347*a^226 + 52390233163565589339*a^224 + 
    46982003043997252051*a^222 + 15780272122294870311*a^220 + 
    92317005494020046913*a^218 + 101711387171433304002*a^216 - 
    40133269875161049767*a^214 - 2034610088502157605*a^212 + 
    71277782966717437672*a^210 - 72475158195866022284*a^208 - 
    79117779953395440271*a^206 - 69076976961555567422*a^204 - 
    5662035231300261467*a^202 + 121652099645902363326*a^200 + 
    10889660668669566090*a^198 - 39495622661325613649*a^196 - 
    82404814037761988984*a^194 - 93926475203317899454*a^192 - 
    98693594359264373468*a^190 - 21538215357252804884*a^188 - 
    16145986915248507994*a^186 + 63099466046301397996*a^184 + 
    49143987762067258953*a^182 - 3828485559153613578*a^180 - 
    77026257986516746315*a^178 - 115147656931164804846*a^176 - 
    83316468366790531665*a^174 - 67163387740363554612*a^172 + 
    74498233582078413860*a^170 + 109091941226034692904*a^168 - 
    86263467124798405521*a^166 - 22139854415184513204*a^164 - 
    103404030931630485784*a^162 - 739081704850548519*a^160 + 
    81305896242489918066*a^158 - 9584024125926666811*a^156 + 
    115371322094963347526*a^154 + 108194465375631118033*a^152 - 
    46013584659311827372*a^150 + 36924115039400907223*a^148 + 
    52673408005032391363*a^146 - 92966388944663625409*a^144 + 
    17625207475107264266*a^142 + 51168206247935011195*a^140 + 
    61272350157989555243*a^138 - 109689079769999308414*a^136 + 
    49317747902893564820*a^134 - 91450543228247792054*a^132 + 
    66814422131575651597*a^130 + 71367972419604708337*a^128 - 
    31515266411383503407*a^126 - 117403194996715624281*a^124 + 
    117281250765065944834*a^122 - 31932425204708255960*a^120 + 
    52317120973555265641*a^118 - 69535170604895126598*a^116 - 
    82588467477709321020*a^114 + 16857186398315964224*a^112 + 
    45727936810417518876*a^110 - 65458279040126042766*a^108 - 
    90653730310021292531*a^106 + 66296840704509920772*a^104 + 
    86203178458110880601*a^102 - 93748284676166525949*a^100 + 
    48685997074702483378*a^98 + 34083079104872493703*a^96 - 
    76434216054749436773*a^94 - 77343836098987671466*a^92 + 
    47004033935074599454*a^90 + 105887271047278392388*a^88 + 
    2020244451529833436630*a^86 + 3979860027268879516871*a^84 + 
    3767406095126530792907*a^82 - 1446490923316980931686*a^80 + 
    1283413436317149574269*a^78 - 3714554426880587349335*a^76 - 
    2621549918910449112817*a^74 + 2858675126013718960459*a^72 + 
    2452754513640595552192*a^70 + 1412082666782075985401*a^68 + 
    3861791085448008163527*a^66 + 779315094026815598037*a^64 - 
    2462534892913012611274*a^62 - 970878113802866189067*a^60 - 
    3896309545496948152943*a^58 + 1348938112762226928089*a^56 + 
    2718020083109246123216*a^54 - 1067455876899003808258*a^52 + 
    1822271815893917247548*a^50 - 3852756776355344297095*a^48 + 
    988526105161080602572*a^46 - 1768788331218961363344*a^44 + 
    2484846356748751780769*a^42 - 1643996479311238413656*a^40 + 
    3605130171753747641576*a^38 + 2669332982687038702769*a^36 - 
    213743993076963375707*a^34 + 3233120270617483345038*a^32 - 
    4395179010581509859756*a^30 + 608398856990302250037*a^28 + 
    3066257094536942116650*a^26 + 1971550814538968127730*a^24 - 
    2499611497989358375665*a^22 + 3777903778688890747246*a^20 + 
    1482510868717889384515*a^18 + 971602820001404338749*a^16 + 
    715696361216170226872*a^14 - 1323462320623341283977*a^12 + 
    2742959117383559248098*a^10 + 57114220093935710017*a^8 - 
    3107235239835678417446*a^6 + 1184027568917895022124*a^4 + 
    4260670744930093705590*a^2 - 1534031197553182208267)*a^1749 + O(a^5736) 
    (-8085679393074491583*a^298 + 106951661739934880473*a^296 - 
    94830862723422746131*a^294 - 39960363994352756864*a^292 + 
    57759319751510013660*a^290 + 65455164173553180664*a^288 + 
    28905766780081046891*a^286 - 93462954540066587895*a^284 - 
    83180105869980596860*a^282 + 104336479734026447227*a^280 + 
    30039350437949619420*a^278 - 28513400153986005976*a^276 + 
    53300134274083781921*a^274 + 10379580408230500409*a^272 - 
    29123042261396969918*a^270 + 8468959551582604750*a^268 - 
    73944349420102532873*a^266 + 120401516718250091346*a^264 - 
    76503689226127665526*a^262 - 11759892089841114624*a^260 + 
    107999763366083829331*a^258 + 57840754891420684350*a^256 - 
    6742082940388821758*a^254 - 38111866890815090372*a^252 + 
    13852475148758132582*a^250 + 79167867088086888193*a^248 + 
    4656685645763964871*a^246 - 118376670255281386763*a^244 + 
    54476181158682516634*a^242 - 61629561902605096624*a^240 + 
    24783060883905487151*a^238 - 99524962496092002230*a^236 - 
    23558395734889147325*a^234 - 79726041061014988977*a^232 + 
    119022077186324409010*a^230 + 29950089513353349714*a^228 + 
    98557249015780986238*a^226 - 37570955354342163465*a^224 - 
    43661787473516718824*a^222 - 43529841331758980070*a^220 + 
    17021600971287918997*a^218 + 99068596133069943941*a^216 + 
    104186098144555397514*a^214 + 59232433859241046054*a^212 - 
    87753794649933823845*a^210 + 90014581906126131816*a^208 - 
    13035648658275793279*a^206 + 33044312132290158548*a^204 + 
    101143140821526920087*a^202 + 11254305977237813326*a^200 + 
    104535803107146324608*a^198 - 90925805445658912494*a^196 - 
    53895627080643937909*a^194 + 56457649521898457514*a^192 - 
    74988927322135719498*a^190 + 94260955647583283545*a^188 + 
    46838547520238015534*a^186 + 92450592790607899899*a^184 - 
    16025339417527391246*a^182 - 90825927408834796671*a^180 + 
    59277193548679125302*a^178 - 32986569427063322043*a^176 - 
    77225449579357519199*a^174 - 105066990148288552330*a^172 - 
    119062564746137512006*a^170 + 80520178589210218684*a^168 - 
    24498558902441039794*a^166 + 48369503377621818890*a^164 + 
    118233150147823885752*a^162 + 43707412239206788861*a^160 + 
    22244210372085306648*a^158 + 68017688459249463128*a^156 + 
    26388116588379890906*a^154 + 40975140372047682112*a^152 + 
    102942166239703640871*a^150 - 8800129542913337359*a^148 - 
    113483288596859207044*a^146 + 97226134214718230141*a^144 + 
    68315117127745507600*a^142 + 34764151722659928442*a^140 - 
    6005628190398021898*a^138 - 70286274977106532234*a^136 + 
    87657975650335351793*a^134 - 42319711629956370525*a^132 + 
    13870976316572498788*a^130 - 74998430188763977566*a^128 + 
    113058606454450680340*a^126 + 21800794290096320343*a^124 - 
    71534572609666769516*a^122 + 65722406972301148383*a^120 - 
    29334837578686047338*a^118 - 43845910002777333457*a^116 + 
    2763503776564983257*a^114 + 18538827424696354880*a^112 - 
    36754911457694262845*a^110 + 89037972466962562834*a^108 - 
    26827658748284584240*a^106 + 64216805350786880118*a^104 + 
    5098409546908140521*a^102 - 60899740544358819650*a^100 - 
    26563443733796527242*a^98 - 82401185338453287807*a^96 - 
    55278868778167438968*a^94 + 59508849998927461675*a^92 - 
    61930831658177283575*a^90 - 83179972205319994467*a^88 - 
    1965721236595022761658*a^86 - 549021717199347028026*a^84 - 
    3632293605726504220014*a^82 + 220044824880896528567*a^80 - 
    710218406298793933416*a^78 + 3359887775765674616842*a^76 + 
    3620748817858488779353*a^74 + 2204482961146229931116*a^72 - 
    1173150104441399657554*a^70 - 3136372186038798819682*a^68 + 
    3177684898021339997877*a^66 - 951390020604969308939*a^64 + 
    2278169447520768100787*a^62 - 2217962441563042309350*a^60 - 
    4189829887299865772780*a^58 + 3591841732683227527651*a^56 + 
    1722901700556802415047*a^54 - 1857976877005006030097*a^52 - 
    2011687523797209931910*a^50 + 2731893082724104821750*a^48 + 
    2251442115068598151371*a^46 + 1400851546746540950443*a^44 + 
    620702424683979391493*a^42 - 3820160649282821719727*a^40 + 
    3447688335373608199566*a^38 + 3381707200607458315955*a^36 - 
    4102613462779363931927*a^34 + 3839399354392091121798*a^32 + 
    59758970318167150094*a^30 - 909675528004973969604*a^28 + 
    2990096106790668315548*a^26 + 4021727242467627116016*a^24 + 
    1766262572790524092841*a^22 - 3014734052851641975911*a^20 - 
    1325458831475190405756*a^18 + 3362473939572295200745*a^16 + 
    3635969501442892562658*a^14 - 2662672994949481651214*a^12 + 
    4346190297800904352178*a^10 + 567321839817351978012*a^8 - 
    2303859210942922133847*a^6 - 4251526237012959077820*a^4 + 
    13292889681439498037*a^2 - 683922283640572442773)*a^1749 + O(a^5736) 
    -28936784872042304863397580226*a^298 - 181432572631269002616473045479*a^296 
    - 52947408133591928707429682562*a^294 - 214741323300297371607362154960*a^292
    - 263451361210081814124957375508*a^290 - 
    177359260296934996236258242053*a^288 + 123842647231265826305913352158*a^286 
    + 138991383280781029914178738415*a^284 + 56657789441443872953694187828*a^282
    - 161129120421110842085759578347*a^280 - 
    233080389859808657103136811068*a^278 - 188847728254833848135587294059*a^276 
    + 93484229414308096169544339062*a^274 + 48667677601348442375048605222*a^272 
    + 23650945405540458060719565852*a^270 + 185103602346305407834607110497*a^268
    + 258016582574794325110971426828*a^266 - 
    208234127016934412046591493602*a^264 - 191021289893777836503478635150*a^262 
    + 101389698322118592331403002707*a^260 + 
    273000692830287006358470644399*a^258 + 95665595191375555729152540580*a^256 +
    132030904017659779390740710560*a^254 - 246413170353652957128843649991*a^252 
    - 185926889699106198209518512827*a^250 - 
    143476773629175608817727483904*a^248 - 17803193855773286566019975545*a^246 +
    5884924704172734800925940609*a^244 + 269091361121967132410961475320*a^242 - 
    209041197586466788287764914299*a^240 + 87019343370824953294952486778*a^238 +
    289777565054373671368995510837*a^236 - 233372640134987402140234788917*a^234 
    - 69714532351035732490509539210*a^232 - 297804657399183729987907640872*a^230
    + 244100236350144997482567923027*a^228 - 
    173180602621745633412052710090*a^226 - 241118631856652717399968904730*a^224 
    + 226587663628306849443497476061*a^222 - 
    271124601096148916012100190835*a^220 + 8760638911715068182253530486*a^218 - 
    199280315275867731172470141472*a^216 + 147468463482026562685945768264*a^214 
    + 236422920778845845500112456695*a^212 + 72672381293782577958642022152*a^210
    + 211870763263266835714686618583*a^208 + 
    290387974421333610746452691535*a^206 - 79115075082993059114875143758*a^204 +
    104588591642334277188863304771*a^202 + 269349124859856211358544201336*a^200 
    - 102266136829728052859476513553*a^198 - 
    116974469317115644655904129709*a^196 + 180953909736962073359056295435*a^194 
    - 36226430685365044618396571477*a^192 - 212812302168854248643328765737*a^190
    + 275534329351779839323719178483*a^188 + 37009836024794330382795756847*a^186
    - 273316472762627378573838274297*a^184 + 
    137527845147152625820601503416*a^182 + 137531048795034757865193910244*a^180 
    - 7739491277458082318974761740*a^178 - 241513428152265707752049796759*a^176 
    + 214559289378759654675297256914*a^174 + 
    106675102998963838082001427433*a^172 - 208640211884410513413301716033*a^170 
    + 21298010324750741416182132789*a^168 + 294836849492962840136240560563*a^166
    + 70032238991367751884589880082*a^164 - 282958047122534530000769706344*a^162
    + 87456723956916662584767574343*a^160 - 82280837118942728331310926848*a^158 
    - 55916866040397942903688788510*a^156 - 94833238591034419933259884784*a^154 
    + 119023645985558535957435516333*a^152 + 98547825433218116445506628439*a^150
    - 284728685200104732096546114359*a^148 + 
    107405055946096599874912364230*a^146 - 14336869034612721598580866365*a^144 -
    259728499113736927744928658994*a^142 - 66474926477448800944567585300*a^140 -
    289983489705608231370973241846*a^138 + 144176843848486229696802533756*a^136 
    + 261476164716349134987891355773*a^134 + 
    284253283387372106943534250584*a^132 - 100021393730821563194752783379*a^130 
    - 297876526587801761037131949437*a^128 + 
    201569811016952727845744067951*a^126 - 192173158209424994356911417643*a^124 
    - 213470597471223877622542628907*a^122 - 30707100190498092038221694427*a^120
    - 257521713424829157529054469117*a^118 - 
    164174496608244678108891535135*a^116 + 222613673185354837771709094574*a^114 
    - 87851682546134147181534129224*a^112 + 102113745065397541659772261193*a^110
    - 12580729311718714546105224057*a^108 + 31399914378888996381579850948*a^106 
    - 100969508999783433681908966128*a^104 + 
    176337873055685255463699230778*a^102 + 68510532025168070091400924727*a^100 +
    283738141271604022521613723820*a^98 - 283564029845315572731566358436*a^96 + 
    297187499318815810962704465049*a^94 + 67583516816987346154688930278*a^92 + 
    101992870136621426227543627637*a^90 + 243979317689145533885228922572*a^88 - 
    49804022006894867100064787107*a^86 - 66268752073008633161482141709*a^84 + 
    187596240041836917362616469361*a^82 - 151481788712444399324583136977*a^80 - 
    43649743485545873073292566208*a^78 - 255998806012851122325710948227*a^76 + 
    124104222273215127981968854905*a^74 + 6850946943822246869745835600908*a^72 +
    3686613807122778772204531028525*a^70 - 9331272336469753231094510559617*a^68 
    - 11210271485913271665118709232703*a^66 - 
    8529510505994495845444383266127*a^64 - 9886393616695074568888746815045*a^62 
    - 1491051888446124874823602611306*a^60 + 
    9658655980055185709748512632148*a^58 - 5152539253339680740863033051859*a^56 
    - 1477535060283277788941878922499*a^54 - 
    5390941147187325031957348268915*a^52 + 10649849801872322991446716191406*a^50
    - 10570325194551623559248758269666*a^48 - 
    7581417868494647046517243603498*a^46 + 8291262423070810168832989947787*a^44 
    - 362753285216443551822487401527*a^42 + 9634173737479860419586168144749*a^40
    + 1868507238589359478135569524135*a^38 + 
    5227560006056228253063433247882*a^36 + 9613328553953394686417213790557*a^34 
    - 1046427529651786948490551541099*a^32 - 595227749498573812261110302757*a^30
    + 5681613348532899982761651934883*a^28 - 
    8230024543291147760736621750774*a^26 + 10539663655028593774459199876421*a^24
    + 6507109308251520952112874244150*a^22 + 
    2359943787393828345651951769003*a^20 + 3931384158153138127612343631553*a^18 
    + 1936614519189217013214654798507*a^16 + 
    2173088013248939481348588672259*a^14 + 720151747422244256104187728622*a^12 +
    1206350370933478227981973937649*a^10 + 2086564857900804687680369211168*a^8 -
    3783811212166972440074585161455*a^6 + 3487660727446996353005956816434*a^4 - 
    5327468273353280572376317128046*a^2 - 4946743467313575301805341152696 + 
    O(a^5773) -208150026554888577203521882394*a^298 + 
    155080157726796339848358012377*a^296 - 254936046138796767416323733105*a^294 
    - 84491823738193692796294117693*a^292 + 45995865756325571547111705260*a^290 
    + 119371322323373127390663286911*a^288 + 7074718765768207842945893849*a^286 
    - 128407460689321585477618098916*a^284 - 
    193229264918273502999646373154*a^282 + 241510858410235855067882097248*a^280 
    + 104281030717857864362908861751*a^278 - 
    245592860643612420473012361333*a^276 - 304921655589363078390174597887*a^274 
    - 280032627288552836038707577392*a^272 - 
    298128493487503973711172396168*a^270 + 17264446851745478065569467131*a^268 +
    287561797414944706469204321070*a^266 + 289346576335722147235317686380*a^264 
    + 98423576664472139410495287728*a^262 - 95895850193051867202547816294*a^260 
    + 194375321624863146637153723811*a^258 + 22059406517555372226209454806*a^256
    - 135852167657785465972104495178*a^254 + 
    121750354232208229452456103314*a^252 + 207909156044256383975928428154*a^250 
    - 310652606337813824160772354537*a^248 + 
    216415737171926124641800428426*a^246 - 5449969965942835325975743785*a^244 + 
    56419602773102350763918461033*a^242 - 247363385742801300821020525495*a^240 +
    68425429278849264860375792470*a^238 + 129510152048028383799880592993*a^236 -
    265304379040571195552079254284*a^234 - 98443538301586911628861756132*a^232 -
    97022126972653435989881692535*a^230 - 288330164919648696060967829723*a^228 -
    231591500351032912696748926452*a^226 - 44605363869285258401263061847*a^224 -
    116455005105303233747325456844*a^222 - 114842765209440315218802602022*a^220 
    - 65888769917460385463869346980*a^218 + 291005514368923603429774612476*a^216
    - 308926129395096957056877988411*a^214 + 
    180123806059781453649331751751*a^212 + 48826674265268138839034508322*a^210 -
    84913696203675777973987008271*a^208 - 92299450111212398610944837783*a^206 - 
    96721673737756188984501087511*a^204 - 108735781521933627244463417351*a^202 +
    52869135324256388925604964478*a^200 - 170610593272095132927894128212*a^198 -
    102621219069078709355006236047*a^196 - 24549800326088608697922353702*a^194 +
    246438509926928284521488950260*a^192 + 94153237816300075125516932489*a^190 +
    312191199863000809220198377568*a^188 - 2361102238020584757994347110*a^186 + 
    167288183796076066956745737130*a^184 - 216513238269324705647747873130*a^182 
    + 2875703396236354683888877943*a^180 + 286950796170212732387625447353*a^178 
    + 4683670879387098461676645825*a^176 - 252914199339746206207930492821*a^174 
    + 62652752830366365588412531030*a^172 - 151686677701213640610220753640*a^170
    + 307782306054755073412392242229*a^168 - 2562961280712101800594519279*a^166 
    - 244862693913979832797722874003*a^164 - 
    203440351416522118672071818607*a^162 - 146023812371665502217834732693*a^160 
    - 145277792668195326449193980674*a^158 + 
    266167376281877642903922703154*a^156 - 255712187150558642595589863814*a^154 
    - 258000541733575343663555917854*a^152 - 
    136286546164489464337033717121*a^150 + 157422437874915331144940426423*a^148 
    - 169158166387759295705827272480*a^146 + 
    283099626061395530490168863296*a^144 + 37854185438321153441294457853*a^142 +
    85684412588663177733665137999*a^140 + 95002973494884516537393515734*a^138 - 
    142286630868331791133989670895*a^136 + 201706869203687494543055657580*a^134 
    - 45065618870590302484060478373*a^132 + 68668967139619752889531330624*a^130 
    + 219016435926127941147574912846*a^128 + 
    152493839823805634784321163536*a^126 - 10131120350364886730713231054*a^124 -
    223218577257325583966178412960*a^122 - 17624670186514096411641776949*a^120 +
    147859232064787350499645056246*a^118 + 139670755542370953150774332865*a^116 
    + 90235289087958376797371528931*a^114 + 295950793295874540234027393631*a^112
    - 260643805281759097158992023681*a^110 - 
    296955757397539468499904266765*a^108 + 282973250262070065783337289204*a^106 
    - 245252071584281112136579834495*a^104 + 
    223378791384855452435570536371*a^102 + 71082405483375293388484383736*a^100 +
    2359980335112744223516468738*a^98 + 55313112371606891364478637132*a^96 + 
    292983201842042737128579176386*a^94 - 171369145861961776159368390092*a^92 + 
    18418678858383752785155132076*a^90 + 275320002443930707579990197885*a^88 - 
    42411454959197778444364890197*a^86 + 3162353831747199822047665537*a^84 - 
    213523715558925417229710705888*a^82 - 49977500061632802060523380974*a^80 + 
    226462764225876230273703473615*a^78 - 21894125288217406238877278615*a^76 - 
    241549607218962502669583027711*a^74 + 6641441921245227351290863986468*a^72 -
    1910999357876083631412863189303*a^70 - 4703273886916735989522946980705*a^68 
    + 1914355430089283348480885988148*a^66 + 
    2534145630906139596100452896595*a^64 - 9897006964453014073522935003046*a^62 
    - 9629748704108632145061810650203*a^60 + 
    7211363599554894716649436034865*a^58 - 11348342464850557404430685653399*a^56
    - 4306021460830734600258967723018*a^54 + 382597534799814997229467370139*a^52
    - 4222688480326444936509347093650*a^50 + 
    3645946258514975627559280982316*a^48 + 2362870485174839892248931080334*a^46 
    + 8744649295096565910665492560714*a^44 - 
    3037314293687000312685485495870*a^42 - 9133172366057309972266907188358*a^40 
    - 11179720426623833960961919070440*a^38 + 
    6648915564845351092324552515886*a^36 + 1216921027314380947216770308858*a^34 
    - 241235515276335123136479170265*a^32 - 4614988603761328435628406796875*a^30
    + 1364537016524506214739858356695*a^28 - 
    10851827941241031714037262424065*a^26 - 6842823242311542555979123856197*a^24
    - 9512039269971263536285858143148*a^22 + 
    11368013257889782832658212479420*a^20 - 7595174553235982939315473900599*a^18
    - 4019024928744150075766677886315*a^16 - 
    5016269178036017572592786140460*a^14 - 1258680026347739501233413040425*a^12 
    + 5943799528200859876869553642534*a^10 - 4646682335139548300651023396531*a^8
    + 9902400439557053252810852468549*a^6 + 5602987254630982179227888546472*a^4 
    + 3478847682305994181990123565086*a^2 - 8542239450354000842735245542566 + 
    O(a^5773) (-107419690640209658719*a^298 - 41394812752973315476*a^296 + 
    56235657959232908978*a^294 - 63877220252283775574*a^292 + 
    35999982327993478809*a^290 - 3275855520450967913*a^288 - 
    49592372928560366093*a^286 + 91043834603930043660*a^284 - 
    20381694916225781470*a^282 + 53385281490178292032*a^280 - 
    35111138397663203107*a^278 + 45471446203170420017*a^276 - 
    109000109376303743923*a^274 + 34839613070547083848*a^272 + 
    11162100700492292278*a^270 - 51789540163761762153*a^268 + 
    1844864917205271746*a^266 - 111762168625796854606*a^264 + 
    96524904725541967498*a^262 - 109048907673718664766*a^260 - 
    22356711669571902913*a^258 + 104888443453004424829*a^256 - 
    4889376959032886184*a^254 + 25279158670935292268*a^252 + 
    27364659156977951566*a^250 - 93673252446754104342*a^248 + 
    105834680064084135836*a^246 + 88801110123888073988*a^244 - 
    100315275218258181947*a^242 + 9850444573141217689*a^240 + 
    103148340831007411861*a^238 - 56156164946947217363*a^236 - 
    116128879454114739493*a^234 + 110883892592709186661*a^232 - 
    46966440659809896513*a^230 - 87143413632240807490*a^228 + 
    36190945941162190459*a^226 + 96869650077512705236*a^224 + 
    16114825229663832776*a^222 - 25186919152472223243*a^220 + 
    45180877769514855719*a^218 + 43706530937470084301*a^216 - 
    119988437338736865846*a^214 + 14113230005146348513*a^212 + 
    60441518961611807561*a^210 + 72925225579171973015*a^208 + 
    101039808322656505085*a^206 + 44635755871671209293*a^204 + 
    54635858464815519429*a^202 - 71230908170533284024*a^200 - 
    50209299383400122498*a^198 + 95309249672243638902*a^196 + 
    425088616269134318*a^194 + 47721464217750151758*a^192 + 
    54464982739171400261*a^190 - 48926672687935510033*a^188 + 
    107742765135408735142*a^186 - 49601062141732245612*a^184 + 
    85172921075572607010*a^182 + 33910126913282994146*a^180 - 
    47668459844181494341*a^178 + 114722854932668129836*a^176 + 
    68433702754305054311*a^174 - 115077233044849185865*a^172 - 
    9234858541178207785*a^170 + 22142720139959899005*a^168 - 
    30533282275496608810*a^166 - 22726313119667806640*a^164 - 
    47551310972632057687*a^162 + 33694380774076743075*a^160 + 
    88576138219163652828*a^158 - 67321209017829804084*a^156 + 
    83263400655598322417*a^154 + 73592036155102039631*a^152 + 
    48482702275011070595*a^150 + 55333073895283062645*a^148 + 
    87145155853012595151*a^146 + 30915788631572110917*a^144 - 
    3113308511751554350*a^142 + 57402424764868413920*a^140 - 
    109572501052453688474*a^138 + 83719950812771166051*a^136 + 
    61090335453686296928*a^134 + 106366930760768920405*a^132 - 
    87007027001462413742*a^130 - 58303713505783782297*a^128 - 
    111516849293230786656*a^126 + 13926612576508925473*a^124 - 
    63481084807006105045*a^122 + 56469926239541683305*a^120 + 
    116791302479699191308*a^118 - 5875904454555083121*a^116 + 
    46415262737876237054*a^114 + 2213520791933995727*a^112 + 
    54583186145430055508*a^110 - 79847777616964705785*a^108 + 
    77128565291792963144*a^106 + 109849445570826507283*a^104 - 
    36590843644771557740*a^102 - 1466567992454372219*a^100 + 
    106416115371452648593*a^98 + 113191034041785167815*a^96 + 
    97861414427621254619*a^94 - 28160680617457561605*a^92 - 
    271929346649410059*a^90 + 3124363593184748797*a^88 - 
    3200521971201402234502*a^86 + 2681015061214435849555*a^84 + 
    2409233340679285490485*a^82 + 3640637421811083725602*a^80 - 
    4446680068021722796112*a^78 + 1289341679107296260876*a^76 - 
    3290839191689069752304*a^74 - 2435524533771960453392*a^72 + 
    3774552921999894581160*a^70 + 3498016713370788919726*a^68 + 
    32633923172553878065*a^66 - 4354637562343154721814*a^64 + 
    177957536999374734441*a^62 + 3036166605210916587437*a^60 + 
    3295837825675955069781*a^58 + 2631156903499661935024*a^56 + 
    2220259240701179251368*a^54 + 868929344253572739106*a^52 + 
    1951202957841892639364*a^50 + 1252018450788746110854*a^48 - 
    4182745192217934525827*a^46 + 1125930842754886843281*a^44 + 
    1609968617333683282725*a^42 - 3873938351438842019939*a^40 + 
    580741784368800570819*a^38 + 1039087566117494143921*a^36 - 
    1307495146898065985433*a^34 - 3678935384150119133484*a^32 + 
    1105419516112768727275*a^30 - 4360797451298230768607*a^28 - 
    57245405981370543470*a^26 + 1440840818990917013125*a^24 + 
    1697297203115547205784*a^22 - 2527454989288291315538*a^20 + 
    2864735910749774063380*a^18 + 4159737550500785966332*a^16 + 
    2113163196340767698829*a^14 - 459367732693809819635*a^12 - 
    3940337724212317385486*a^10 + 703424518871709016052*a^8 + 
    2512917044497547915488*a^6 - 1293666743569722217859*a^4 + 
    1267979580667362988670*a^2 - 2705756926352053279771)*a^1749 + O(a^5736) 
    (73144139523110544600*a^298 + 100088597668944950230*a^296 - 
    27649677996243926710*a^294 + 96066085064087391146*a^292 - 
    82516969516940548254*a^290 + 38914749105709011952*a^288 + 
    29467344412604449224*a^286 + 85158768456736107796*a^284 - 
    40787661891906476666*a^282 - 22464941056208050601*a^280 + 
    47897448511041873618*a^278 - 13606472369982408769*a^276 + 
    83261947039280322799*a^274 + 106744122707277179788*a^272 + 
    107358710540000533194*a^270 + 94746223656135590775*a^268 + 
    61456001366302175822*a^266 - 91773575180593338743*a^264 + 
    43673925184370952775*a^262 + 69515680204721585297*a^260 + 
    109164032595399616786*a^258 + 119968023732723826383*a^256 + 
    36234304461490339874*a^254 + 76918134210886932174*a^252 - 
    2129728418730001841*a^250 - 79723390599853557203*a^248 + 
    92675779579356791428*a^246 - 8245329538379956838*a^244 - 
    51926686192851386349*a^242 + 25717205222611083801*a^240 + 
    42253474648929677381*a^238 + 22562235577902183479*a^236 + 
    34085446247282469731*a^234 - 18558124950005707672*a^232 - 
    111435220989333978671*a^230 - 762658855571481040*a^228 - 
    63046410548809263340*a^226 - 24169206573228468441*a^224 + 
    86413497870947597621*a^222 + 53718568818844812849*a^220 - 
    104884702110155772825*a^218 + 88437632727018922025*a^216 + 
    34479638072533869187*a^214 - 9790093366403709849*a^212 + 
    56392685935263457542*a^210 - 105529122342172412390*a^208 + 
    41419318803002990535*a^206 - 56160670012802112852*a^204 - 
    49066295185794127445*a^202 + 11087551535353885390*a^200 - 
    51430597249697293421*a^198 + 58161837458173224568*a^196 + 
    44594281751497708196*a^194 + 63272561988382034919*a^192 + 
    30416454807757480645*a^190 - 40431883950878101676*a^188 - 
    79555561627802015210*a^186 - 3668206685899433880*a^184 - 
    79250194828129328301*a^182 + 92138258092946180551*a^180 - 
    13157526876790204209*a^178 + 70738931662091071286*a^176 + 
    112642909108018195569*a^174 - 11604945490432730414*a^172 - 
    28435417746232172375*a^170 - 2305224447472167122*a^168 - 
    20322717182394433115*a^166 - 67271040934121898740*a^164 - 
    80823245369225106816*a^162 - 91919241473893088255*a^160 - 
    65123707986267643613*a^158 - 73320102569407277620*a^156 + 
    23500608012918281322*a^154 - 34579329733384090700*a^152 + 
    115846980577399935033*a^150 - 27396465601892664235*a^148 + 
    81182812626701970328*a^146 - 8439599466863666749*a^144 - 
    54656134599142225928*a^142 + 54155514232320626541*a^140 - 
    111467833115156757077*a^138 + 118227057353172497352*a^136 - 
    19129832292185892241*a^134 + 82694391753379702440*a^132 - 
    30649183725247208844*a^130 - 99170274971062981514*a^128 + 
    9876050879527529238*a^126 + 103255983082867291157*a^124 + 
    93801434288308725274*a^122 + 59174141370523846995*a^120 + 
    116927689276371519691*a^118 + 51477191248953852225*a^116 - 
    51847283799547275380*a^114 + 5897793519730408607*a^112 - 
    23217735564163422540*a^110 - 120540764291332798152*a^108 - 
    50731086018142287092*a^106 + 87202596971159165743*a^104 - 
    33284796959430776903*a^102 - 102070111547078569817*a^100 + 
    94263349527967326286*a^98 + 81017893904699316642*a^96 + 
    98926374663752416471*a^94 - 2149950152039794097*a^92 + 
    101813910122360826568*a^90 - 117362587721964623992*a^88 - 
    3296533001147955438328*a^86 + 3835583936277881537943*a^84 - 
    3462619738504959820927*a^82 - 1058867890528989654046*a^80 - 
    3223669822546840166209*a^78 - 122394213413800675343*a^76 + 
    3626259247233893638882*a^74 + 2025082255522450143038*a^72 - 
    671852754700041916506*a^70 - 2334853848444018050448*a^68 + 
    3253660537993891882924*a^66 - 2124506227051220578734*a^64 - 
    1504405632708259375927*a^62 - 3221387531884591093805*a^60 - 
    512584445675510049*a^58 - 974133673124947199206*a^56 - 
    1814181366570409585811*a^54 - 4097913235795941727691*a^52 + 
    1814093018482013595019*a^50 + 740815346067250941504*a^48 + 
    3173737522270574518274*a^46 + 2680684784150449989628*a^44 + 
    4232603550570452903793*a^42 - 2246519544148434439073*a^40 - 
    2836303080540124540535*a^38 + 3349370840833473303085*a^36 - 
    4312463039736942094592*a^34 + 397877857473262231899*a^32 + 
    798129475937779061780*a^30 + 4017108199836321995147*a^28 - 
    3536994613862914812742*a^26 + 4188514328005947269742*a^24 - 
    2887786736198201374812*a^22 + 2633094036143318329147*a^20 - 
    3349684840515965138280*a^18 + 4386964394357109838574*a^16 - 
    3074374353505478224875*a^14 + 1742645060466290703386*a^12 - 
    3778174031059536976958*a^10 - 1086279525650778834325*a^8 + 
    4371510993867135952164*a^6 + 1126280538082195328189*a^4 - 
    1802770772357151321600*a^2 - 4135286758426086251647)*a^1749 + O(a^5736))
IP1P2 after rounding  (286925171047425787921665532929*37 + O(37^20) 
    660870928616826879297108381*37^2 + O(37^20) O(37^20) O(37^20) 
    -4946743467313575301805341152696 + O(37^20) -8542239450354000842735245542566
    + O(37^20) O(37^20) O(37^20))
ZERO in disk 2 : x = O(37^20) , inf = false
IP1P2 before rounding ((3106051985971159585529312295*a^298 - 
    2052695225511375030436762908*a^296 + 4964014590998674476626395291*a^294 - 
    114038623639520835024264606*a^292 - 317440847090128172348245336*a^290 - 
    6947352992776071923188751655*a^288 - 5327471023066153161352852661*a^286 - 
    1806611879762935333805455074*a^284 + 7344154051638732138624058325*a^282 + 
    1196071763143161506526424391*a^280 - 6967359768853180841614061235*a^278 + 
    4299789625238658384906117235*a^276 - 6351151065678226154114526171*a^274 + 
    3281778169181766252364948106*a^272 - 2738927644956210932424881502*a^270 + 
    7908345137013203638217788481*a^268 - 2183739608816438446122540657*a^266 + 
    2652565061556690767888961815*a^264 + 4268779122319139561346887386*a^262 + 
    6403168683478709342020331079*a^260 + 727913202938812815374180219*a^258 + 
    7168094422160173656481334021*a^256 - 505837988482903820853243881*a^254 - 
    4811629646544694881286953990*a^252 + 7970032696584289470029159686*a^250 - 
    308437797855429159056856025*a^248 + 3121390514296943089655382973*a^246 - 
    6909006671961613162873574960*a^244 - 7121078498378967698181856508*a^242 - 
    764925738681464314461002942*a^240 + 8315483030182370128172838434*a^238 - 
    962325929308938976257390798*a^236 - 4996692325257952376721067605*a^234 + 
    4034366395949013400463676807*a^232 - 2726590133041993766062607261*a^230 + 
    1616214060762448793457925571*a^228 - 6279793564336537678397588669*a^226 + 
    2961002859412119926945817840*a^224 - 5712268016282548025732973583*a^222 + 
    6785631552819441499250832550*a^220 + 4972017301429518043996519123*a^218 - 
    6822644088562092998337655273*a^216 + 3799953669578887239580466228*a^214 + 
    1936989370532095118877055837*a^212 + 1813614251389923455254313427*a^210 + 
    3491515871723458080523610203*a^208 + 2948665347497902760583543599*a^206 - 
    7896007625098986471855514240*a^204 - 8278470494439718629086015711*a^202 - 
    1455826405877625630748360438*a^200 - 4922667253772649378547422159*a^198 - 
    2270102192215958610658460344*a^196 - 4811629646544694881286953990*a^194 + 
    5675255480539896526646150860*a^192 - 1283101239078585301676521064*a^190 - 
    6378493659650275009295782597*a^188 + 5724605528196765192095247824*a^186 - 
    3701253574265149908682272300*a^184 + 7414844660444516983726818841*a^182 - 
    5724605528196765192095247824*a^180 - 8438858149324541791795580844*a^178 + 
    6477193754964012340193976525*a^176 + 1283101239078585301676521064*a^174 - 
    925313393566287477170568075*a^172 - 6649918921763052669265815899*a^170 + 
    6086394728924484800286262729*a^168 - 6390831171564492175658056838*a^166 - 
    5613567920968810694834779655*a^164 - 6181093469022800347499394741*a^162 + 
    579863059968206819026889327*a^160 - 4194754050833836563173241940*a^158 + 
    5157079980142775539430632738*a^156 + 1406476358220756965299263474*a^154 - 
    5083054908657472541256987292*a^152 - 2689577597299342266975784538*a^150 + 
    3898653764892624570478660156*a^148 + 4453841801032397056781001001*a^146 + 
    2763602668784645265149429984*a^144 - 1122713584193762138966955931*a^142 + 
    7057056814932219159220865852*a^140 + 8093407815726461133651902096*a^138 + 
    838950810166767312634648388*a^136 + 6193430980937017513861668982*a^134 + 
    3232428121524897586915851142*a^132 - 555188036139772486302340845*a^130 - 
    4786954622716260548562405508*a^128 + 3220090609610680420553576901*a^126 - 
    2516852430500301937903945164*a^124 - 7402507148530299817364544600*a^122 - 
    1196738655679065137140601377*a^120 + 5638242944797245027559328137*a^118 + 
    3355803240667069250538593552*a^116 + 4367479217632876892245081314*a^114 - 
    8068732791898026800927353614*a^112 + 678563155281944149925083255*a^110 - 
    900638369737853144446019593*a^108 + 4157741515091185064086419217*a^106 + 
    1505176453534494296197457402*a^104 + 4182416538919619396810967699*a^102 - 
    5884993183081588354804812957*a^100 + 320775309769646325419130266*a^98 + 
    7908345137013203638217788481*a^96 - 390799026039527539907713796*a^94 - 
    2812952716441513930598526948*a^92 - 4231766586576488062260064663*a^90 - 
    6144080933280148848412572018*a^88 - 752588226767247148098728701*a^86 - 
    2985677883240554259670366322*a^84 - 222075214455908994520936338*a^82 - 
    7723282458299946142783674866*a^80 + 4046703907863230566825951048*a^78 - 
    2504514918586084771541670923*a^76 + 1221413679507499469865149859*a^74 - 
    17642642037330547898052164630*a^72 - 177080308504758988797722181073*a^70 - 
    82056791741458373475485976891*a^68 + 145730690730733169071183334692*a^66 - 
    67547877730338985833451469475*a^64 + 54346739982126617825818031605*a^62 + 
    299678164396334970939641313890*a^60 - 70434855518265802762223641869*a^58 - 
    222593389956306115508151856122*a^56 + 288488041090140001049058577303*a^54 + 
    54075314720013840165847998303*a^52 - 178091984481724796439428668835*a^50 + 
    28573677593326957295027142156*a^48 + 93543015333594555358763295262*a^46 - 
    127446498073863328522292909530*a^44 - 244467798580213151468464085415*a^42 - 
    288549728649711086880869948508*a^40 + 137489232772036101941184141704*a^38 + 
    259963713544469912419480532111*a^36 - 38912512577440942706612956114*a^34 + 
    272276550434858644449030224629*a^32 - 259420863020244357099540465507*a^30 + 
    28820427831611300622272626976*a^28 - 21602983361794258300342195991*a^26 - 
    101525385542093061995154729189*a^24 - 159585716610399046896017307335*a^22 - 
    265409891438926911830156888280*a^20 - 238767868075844820609093386073*a^18 + 
    141116461274815948851692768558*a^16 + 229156946294669648012881752334*a^14 + 
    121265404604840528174793514789*a^12 - 244393773508727848470290439969*a^10 + 
    265108456012698470792548890608*a^8 - 65512188264493153383676219710*a^6 - 
    237052953919768634484737266574*a^4 + 210675353447172332802194939316*a^2 - 
    311841613186176084003014837905)*a^300 + O(a^5773) 
    (3807622933741778991643501567*a^298 + 2309782298102224632201991011*a^296 + 
    149383928042413257575644864*a^294 - 7908345137013203638217788481*a^292 - 
    5626905771686883307118319375*a^290 - 2101044934364388249964594393*a^288 + 
    7329148969580900449805076140*a^286 - 5330472039477719499116649098*a^284 - 
    5540209742019411327275311195*a^282 - 3858306766470454918320952503*a^280 + 
    6594233395015099512982037568*a^278 - 2291442753364874790312123896*a^276 - 
    931648872657371968005249442*a^274 + 4848642182287346380373776713*a^272 - 
    3318790704924417751451770829*a^270 + 2183739608816438446122540657*a^268 - 
    6884331648133178830149026478*a^266 - 3602553478951412577784078372*a^264 - 
    2208414632644872778847089139*a^262 - 2738927644956210932424881502*a^260 - 
    7686269922557294643696852143*a^258 - 7673932410643077477334577902*a^256 - 
    5564217873311942029385682691*a^254 + 592200571882423985389163568*a^252 - 
    6144080933280148848412572018*a^250 + 6884331648133178830149026478*a^248 + 
    283762774026994826332307543*a^246 - 2714252621127776599700333020*a^244 + 
    6816308609471008507502973906*a^242 - 6082393373709063016601200813*a^240 + 
    6970694231532698994684946165*a^238 - 8278470494439718629086015711*a^236 - 
    308437797855429159056856025*a^234 - 6538881314535098172005347730*a^232 - 
    222075214455908994520936338*a^230 + 8118082839554895466376450578*a^228 + 
    3047365442811640091481737527*a^226 + 3701253574265149908682272300*a^224 - 
    7377832124701865484639996118*a^222 + 333112821683863491781404507*a^220 - 
    616875595710858318113712050*a^218 - 5835643135424719689355715993*a^216 + 
    6773294040905224332888558309*a^214 + 6662256433677269835628090140*a^212 + 
    6526543802620881005643073489*a^210 + 4737604575059391883113308544*a^208 + 
    8303145518268152961810564193*a^206 + 6946019207704264661960397683*a^202 + 
    2553864966242953436990767887*a^200 - 1295438750992802468038795305*a^198 - 
    1566864013105580128008828607*a^196 + 2109714537331135447948895211*a^194 - 
    5564217873311942029385682691*a^192 + 3713591086179367075044546541*a^190 - 
    4959679789515300877634244882*a^188 - 3170740561953811755104479937*a^186 + 
    6094730885623280182963475054*a^184 - 2023351953931615283412975524*a^182 - 
    3824628693407321572305014710*a^180 - 1332451286735453967125618028*a^178 + 
    1505176453534494296197457402*a^176 + 518175500397120987215518122*a^174 + 
    4009691372120579067739128325*a^172 + 6637581409848835502903541658*a^170 - 
    6237445888306657134397350058*a^168 - 7007706767275350493771768888*a^166 - 
    7118744374503304991032237057*a^164 - 6144080933280148848412572018*a^162 + 
    1135051096107979305329230172*a^160 + 7118744374503304991032237057*a^158 + 
    949988417394721809895116557*a^156 - 1887639322875226453427958873*a^154 + 
    2122052049245352614311169452*a^152 + 7143419398331739323756785539*a^150 + 
    8303145518268152961810564193*a^148 - 8204445422954415630912370265*a^146 - 
    7476532220015602815538190046*a^144 + 5416167730341336033038391799*a^142 - 
    1517513965448711462559731643*a^140 - 5033704861000603875807890328*a^138 - 
    6440181219221360841107153802*a^136 - 135712631056388829985016651*a^134 + 
    5144742468228558373068358497*a^132 + 5465517777998204698487488763*a^130 + 
    5551880361397724863023408450*a^128 - 1221413679507499469865149859*a^126 - 
    1270763727164368135314246823*a^124 + 6316806100079189177484411392*a^122 + 
    6489531266878229506556250766*a^120 - 370125357426514990868227230*a^116 - 
    8007045232326940969115982409*a^114 + 5243442563542295703966552425*a^112 + 
    4737604575059391883113308544*a^110 - 1899976834789443619790233114*a^108 + 
    5971355766481108519340732644*a^106 + 5835643135424719689355715993*a^104 + 
    1085701048451110639880133208*a^102 + 2652565061556690767888961815*a^100 + 
    2590877501985604936077590610*a^98 + 1677901620333534625269296776*a^96 + 
    7822649446149587104296045780*a^94 - 2233089656473307111571637621*a^92 + 
    2961002859412119926945817840*a^90 + 7525882267672471480987287010*a^88 - 
    1468163917791842797110634679*a^86 + 6649918921763052669265815899*a^84 - 
    7266794517473910987379527949*a^82 + 4429166777203962724056452519*a^80 - 
    7612244851071991645523206697*a^78 - 5687592992454113693008425101*a^76 - 
    1246088703335933802589698341*a^74 - 85671682732324003219632329504*a^72 - 
    131271126767270650094597924240*a^70 - 56419441983715101774680104093*a^68 + 
    185728904356625222417676424014*a^66 + 21047795325654485814039855146*a^64 - 
    236263353157258735837551715150*a^62 + 40824826924144603492765463469*a^60 - 
    192884661266871178907795483794*a^58 - 107743491546858513841740946653*a^56 - 
    292238644712062019623189946567*a^54 - 74901034831212416985366917111*a^52 + 
    39874838506749881682870346912*a^50 - 8525220732724061956331500531*a^48 - 
    81538616241061252488270458769*a^46 + 75628948034151229800741097330*a^44 + 
    137045082343124283952142269028*a^42 + 217411634952334905635996674902*a^40 + 
    128149736252973707004942541267*a^38 - 120142691020646766035826558858*a^36 + 
    56135679209688106948347796550*a^34 - 167864187104838765525103323046*a^32 + 
    19752356574661683346001059841*a^30 - 256657260351459711834391035523*a^28 - 
    261172789712063194722983407729*a^26 - 121475142307382220002952176886*a^24 + 
    175932919896736792326030676660*a^22 + 190635899635804136476790687002*a^20 + 
    270734361445581498653745944504*a^18 + 61773922154485351975907124687*a^16 + 
    217485660023820208634170320348*a^14 + 225184267458291720444229446732*a^12 + 
    115442098981330025651800073037*a^10 + 239026955826043381102701145134*a^8 - 
    212476630186648039091086978502*a^6 + 238804880611587472108180208796*a^4 + 
    307487809438034437246960908443*a^2 - 191995942699471198261158754568)*a^300 +
    O(a^5773) (-3678912674312378283107343269*a^299 + 
    2677906977921028731227687283*a^297 - 7833986619259948824737054542*a^295 + 
    1405142573148949704070909502*a^293 + 8124084872378028141904043452*a^291 - 
    8050393247160676959037486499*a^289 + 4915664882145661257098563806*a^287 - 
    6193764427204969329168757475*a^285 - 1899336978437427974200955195*a^283 + 
    7088067317851737982780095701*a^281 + 841618380310381835091356332*a^279 + 
    2799948311991393133622075721*a^277 - 7093735904406918843000600082*a^275 - 
    5613567920968810694834779655*a^273 - 6884331648133178830149026478*a^271 - 
    4762279598887826215837857026*a^269 + 5243442563542295703966552425*a^267 - 
    1246088703335933802589698341*a^265 - 7834320065527900640044143035*a^263 - 
    6193430980937017513861668982*a^261 + 3651903526608281243233175336*a^259 + 
    2220752144559089945209363380*a^257 + 7427182172358734150089093082*a^255 + 
    8266132982525501462723741470*a^253 + 3898653764892624570478660156*a^251 - 
    2159064584988004113397992175*a^249 - 777263250595681480823277183*a^247 - 
    6637581409848835502903541658*a^245 - 3664241038522498409595449577*a^243 + 
    3331128216838634917814045070*a^241 + 8229120446782849963636918747*a^239 - 
    1468163917791842797110634679*a^237 - 4972017301429518043996519123*a^235 + 
    4293454146147573894071435868*a^233 - 3257103145353331919640399624*a^231 - 
    5959018254566891352978458403*a^229 + 962325929308938976257390798*a^227 + 
    863625833995201645359196870*a^225 + 518175500397120987215518122*a^223 - 
    6267456052422320512035314428*a^221 + 4959679789515300877634244882*a^219 + 
    1838289275218357787978861909*a^217 + 4441504289118179890418726760*a^215 - 
    1603876548848231627095651330*a^213 + 7501207243844037148262738528*a^211 - 
    7747957482128380475508223348*a^209 + 4083716443605882065912773771*a^207 - 
    991669200888698723281178182*a^205 - 1443488893963408464386086197*a^203 - 
    3318790704924417751451770829*a^201 - 7353157100873431151915447636*a^199 + 
    1924651858617877952514781596*a^197 + 4170079027005402230448693458*a^195 + 
    7094069350674870658307688575*a^193 - 246750238284343327245484820*a^191 - 
    6711606481334138501077187104*a^189 + 1085701048451110639880133208*a^187 + 
    1739589179904620457080667981*a^185 - 4959679789515300877634244882*a^183 - 
    246750238284343327245484820*a^181 - 5786293087767851023906619029*a^179 - 
    4281116634233356727709161627*a^177 - 7377832124701865484639996118*a^175 + 
    8068732791898026800927353614*a^173 + 1838289275218357787978861909*a^171 - 
    8204445422954415630912370265*a^169 + 8130420351469112632738724819*a^167 + 
    4318129169976008226795984350*a^165 + 974663441223156142619665039*a^163 - 
    1862964299046792120703410391*a^161 + 320775309769646325419130266*a^159 + 
    4947342277601083711271970641*a^157 - 542850524225555319940066604*a^155 - 
    6070055861794845850238926572*a^153 + 37012535742651499086822723*a^151 + 
    5551880361397724863023408450*a^149 - 7772632505956814808232771830*a^147 - 
    7994707720412723802753708168*a^145 - 5428505242255553199400666040*a^143 + 
    1246088703335933802589698341*a^141 + 5021367349086386709445616087*a^139 - 
    6871994136218961663786752237*a^137 + 7575232315329340146436383974*a^135 - 
    2442827359014998939730299718*a^133 + 7625735906832096172947841130*a^131 - 
    777263250595681480823277183*a^129 + 2800615204527296764236252707*a^127 - 
    7254457005559693821017253708*a^125 - 4305791658061791060433710109*a^123 + 
    4811629646544694881286953990*a^121 - 1875301810961009287065684632*a^119 + 
    1714914156076186124356119499*a^117 + 8266132982525501462723741470*a^115 - 
    8142757863383329799100999060*a^113 - 3010352907068988592394914804*a^111 + 
    6489531266878229506556250766*a^109 - 3047365442811640091481737527*a^107 - 
    6218106004765451846586217464*a^105 - 7649257386814643144610029420*a^103 + 
    493500476568686654490969640*a^101 + 4046703907863230566825951048*a^99 + 
    3836966205321538738667288951*a^97 - 7970032696584289470029159686*a^95 + 
    1036351000794241974431036244*a^93 + 6033043326052194351152103849*a^91 + 
    6612906386020401170178993176*a^89 + 1665564108419317458907022535*a^87 - 
    703238179110378482649631737*a^85 + 900638369737853144446019593*a^83 - 
    456487940826035155404146917*a^81 - 345450333598080658143678748*a^79 - 
    1776601715647271956167490704*a^77 + 1936989370532095118877055837*a^75 + 
    4762279598887826215837857026*a^73 - 6600568874106184003816718935*a^71 - 
    1579201525019797294371102848*a^69 - 7402507148530299817364544600*a^67 - 
    4947342277601083711271970641*a^65 + 5551880361397724863023408450*a^63 - 
    4478516824860831389505549483*a^61 - 86362583399520164535919687*a^59 + 
    7228448196659452227064351254*a^57 - 1949326882446312285239330078*a^55 + 
    7599907339157774479160932456*a^53 + 7402507148530299817364544600*a^51 + 
    2862302764098382596047623912*a^49 - 4515529360603482888592372206*a^47 - 
    2973340371326337093308092081*a^45 - 6871994136218961663786752237*a^43 + 
    2282439704130175777020734585*a^41 + 616875595710858318113712050*a^39 + 
    5144742468228558373068358497*a^37 - 210983791245027761961251795341*a^35 + 
    77788012619139233914139089505*a^33 + 181238050019850173861808600290*a^31 - 
    230588097676718839310905564290*a^29 + 65709588455120628045472607566*a^27 - 
    192859986243042744575070935312*a^25 - 86547646078233422031353800615*a^23 + 
    27870439414216578812377510419*a^21 + 149123506507142889820808750967*a^19 + 
    302417092041291181872066195392*a^17 + 116244037255754141465347898702*a^15 + 
    192526873421358881083289530805*a^13 - 172478416560755985744593889180*a^11 - 
    106275327629066671044630311974*a^9 - 204827372799833395946476949082*a^7 + 
    274213539805390739567907280466*a^5 - 14212813725178175649339925632*a^3 + 
    48054608905875862981058168695*a - 10206633540230522676767424819)*a^300 + 
    O(a^5736) (2172735881974028540988620388*a^299 + 
    1702243197894017142686756765*a^297 - 1039018570937856496887744188*a^295 + 
    1572866045928712803536421481*a^293 + 1022679703808217546840408031*a^291 + 
    2025686077807277990562594975*a^289 + 7605575925712955339381436837*a^287 - 
    7470530187192470140010597172*a^285 + 4082463767085738759759117000*a^283 + 
    7526882606476326926908552489*a^281 + 5353479831966394755305755115*a^279 - 
    5538542510679652250739868730*a^277 + 8329821219704298186377643633*a^275 + 
    7439519684272951316451367323*a^273 - 7168094422160173656481334021*a^271 - 
    8401845613581890292708758121*a^269 - 8377170589753455959984209639*a^267 - 
    8414183125496107459071032362*a^265 + 5255780075456512870328826666*a^263 - 
    5860318159253154022080264475*a^261 + 3392815776409720749625416275*a^259 - 
    8253795470611284296361467229*a^257 + 3047365442811640091481737527*a^255 - 
    2627890037728256435164413333*a^253 - 8204445422954415630912370265*a^251 - 
    3664241038522498409595449577*a^249 - 1468163917791842797110634679*a^247 + 
    8290808006353935795448289952*a^245 + 6131743421365931682050297777*a^243 - 
    2442827359014998939730299718*a^241 + 7205106957902825155568156744*a^239 - 
    1665564108419317458907022535*a^237 + 357787845512297824505952989*a^235 - 
    4034366395949013400463676807*a^233 + 493500476568686654490969640*a^231 + 
    7205106957902825155568156744*a^229 - 2220752144559089945209363380*a^227 + 
    542850524225555319940066604*a^225 + 2245427168387524277933911862*a^223 - 
    5724605528196765192095247824*a^221 + 2072702001588483948862072488*a^219 - 
    7020044279189567660134043129*a^217 + 987000953137373308981939280*a^215 + 
    172725166799040329071839374*a^213 + 6255118540508103345673040187*a^211 + 
    8278470494439718629086015711*a^209 + 7933020160841637970942336963*a^207 - 
    2720921546486812905842102880*a^205 - 6119405909451714515688023536*a^203 - 
    3220090609610680420553576901*a^201 - 5329805146941815868502472112*a^199 - 
    3787616157664670073218191987*a^197 + 2936327835583685594221269358*a^195 + 
    5502530313740856197574311486*a^193 - 4009691372120579067739128325*a^191 - 
    2652565061556690767888961815*a^189 + 3133728026211160256017657214*a^187 + 
    8241457958697067129999192988*a^185 + 1073363536536893473517858967*a^183 + 
    2011014442017398117050701283*a^181 - 7192769445988607989205882503*a^179 + 
    5860318159253154022080264475*a^177 - 5823305623510502522993441752*a^175 + 
    160387654884823162709565133*a^173 + 2627890037728256435164413333*a^171 - 
    1369463822478105466212440751*a^169 + 4564879408260351554041469170*a^167 - 
    1455826405877625630748360438*a^165 - 2344127263701261608832105790*a^163 + 
    6600568874106184003816718935*a^161 + 4219429074662270895897790422*a^159 - 
    2652565061556690767888961815*a^157 + 7032381791103784826496317370*a^155 - 
    7180431934074390822843608262*a^153 - 4823967158458912047649228231*a^151 - 
    2159064584988004113397992175*a^149 - 1233751191421716636227424100*a^147 + 
    3133728026211160256017657214*a^145 - 2159064584988004113397992175*a^143 + 
    3738266110007801407769095023*a^141 - 8377170589753455959984209639*a^139 + 
    7575232315329340146436383974*a^137 + 8192107911040198464550096024*a^135 - 
    3701253574265149908682272300*a^133 + 831110316839251655413918958*a^131 - 
    4157741515091185064086419217*a^129 - 4972017301429518043996519123*a^127 - 
    4318129169976008226795984350*a^125 + 8414183125496107459071032362*a^123 + 
    3281778169181766252364948106*a^121 - 5712268016282548025732973583*a^119 - 
    1431151382049191298023811956*a^117 + 7575232315329340146436383974*a^115 + 
    6723943993248355667439461345*a^113 + 2442827359014998939730299718*a^111 + 
    715575691024595649011905978*a^109 + 1924651858617877952514781596*a^107 + 
    2738927644956210932424881502*a^105 + 2196077120730655612484814898*a^103 + 
    6785631552819441499250832550*a^101 - 5551880361397724863023408450*a^99 - 
    3910991276806841736840934397*a^97 - 7513544755758254314625012769*a^95 + 
    2973340371326337093308092081*a^93 - 3775278645750452906855917746*a^91 - 
    3133728026211160256017657214*a^89 - 3985016348292144735014579843*a^87 - 
    123375119142171663622742410*a^85 + 3651903526608281243233175336*a^83 - 
    7390169636616082651002270359*a^81 - 8204445422954415630912370265*a^79 + 
    3207753097696463254191302660*a^77 - 7020044279189567660134043129*a^75 - 
    7143419398331739323756785539*a^73 + 5687592992454113693008425101*a^71 - 
    1665564108419317458907022535*a^69 - 4897992229944215045822873677*a^67 - 
    1135051096107979305329230172*a^65 - 1061026024622676307155584726*a^63 + 
    6526543802620881005643073489*a^61 + 1517513965448711462559731643*a^59 - 
    1594873499613532613804262019*a^57 + 1492838941620277129835183161*a^55 + 
    666225643367726983562809014*a^53 + 5810968111596285356631167511*a^51 + 
    4404491753375528391331904037*a^49 + 3281778169181766252364948106*a^47 - 
    7192769445988607989205882503*a^45 + 5773955575853633857544344788*a^43 + 
    4564879408260351554041469170*a^41 + 4157741515091185064086419217*a^39 - 
    246750238284343327245484820*a^37 + 48054608905875862981058168695*a^35 + 
    100081896648129653530768642992*a^33 + 199189129855036150918917620945*a^31 + 
    305193032221990044303577899617*a^29 + 140487248167190873367216782267*a^27 - 
    118267389209685756748760874226*a^25 + 6625243897934618336541267417*a^23 - 
    304539144090536534486377364844*a^21 - 142103462227953322160674707838*a^19 + 
    261999403010315744869255781876*a^17 - 242888597055193354174092982567*a^15 - 
    300159327360989440427770009289*a^13 - 272054475220402735454509288291*a^11 - 
    103079912043284424956801283555*a^9 - 95344292073070261647655334448*a^7 + 
    120956966806985099015736658764*a^5 + 309708561582593527192170271823*a^3 - 
    184347103022232899785101709022*a + 181176111524200202068533918675)*a^300 + 
    O(a^5736) -257545561209283347812474780875*a^298 - 
    169480401165601214318561248617*a^296 + 259692288282357134759510498809*a^294 
    + 102364336352259829307789377577*a^292 + 
    282368635180688286533370553767*a^290 + 53557139219616719178632480181*a^288 +
    66215426443603531866325851447*a^286 + 16791353715249563419055242001*a^284 + 
    11942711532962217038681465288*a^282 - 88262560234309608155709920114*a^280 - 
    50744186503175205248033953233*a^278 + 49041609859013236290040107975*a^276 + 
    9179108864177571773532035304*a^274 - 273892764495621093242488150200*a^272 - 
    131012039017072089600990165179*a^270 + 300825553004357167411332818303*a^268 
    - 210440940720802206641311728737*a^266 + 
    140141797833592792709073103519*a^264 + 10499222638998808574295379091*a^262 +
    33780107621126601499906871858*a^260 + 185334103975370273094083648302*a^258 -
    54778552899124218648497630040*a^256 + 189442495442804589492720970555*a^254 +
    236460753347886210499348103006*a^252 + 45648794082603515540414691700*a^250 -
    1369463822478105466212440751*a^248 - 178943272803805780918425591464*a^246 - 
    170270001928111112965746800041*a^244 + 116404424910638964628057463835*a^242 
    + 170270001928111112965746800041*a^240 - 
    222309627182279120681819548579*a^238 - 191268447206108730114337558223*a^236 
    - 113209009324856718540228435416*a^234 - 11412198520650878885103672925*a^232
    + 182595176330414062161658766800*a^230 - 
    305390432412617518965374287473*a^228 - 81711341407860292817342298143*a^226 -
    197202790436847187134591468144*a^224 - 75320510236295800641684241305*a^222 -
    141511261656070898175285544270*a^220 + 57060992603254394425518364625*a^218 +
    293065258010314569769462320714*a^216 + 241938608637798632364197866010*a^214 
    - 150641020472591601283368482610*a^212 - 
    281196571548837655728954500872*a^210 - 285761450957098007282995970042*a^208 
    + 189442495442804589492720970555*a^206 + 
    227787482472191542546669311583*a^204 + 298999601241053026789716230635*a^202 
    - 91297588165207031080829383400*a^200 + 82624317289512363128150591977*a^198 
    + 147902092827635390350943601108*a^196 - 
    148815068709287460661751894942*a^194 - 262024078034144179201980330358*a^192 
    - 127360135490463808357756989843*a^190 + 14151126165607089817528554427*a^188
    - 300825553004357167411332818303*a^186 - 
    305390432412617518965374287473*a^184 + 237373729229538280810156396840*a^182 
    - 9586246757346738263487085257*a^180 + 53865577017472148337689336206*a^178 +
    134207454602854335688819193598*a^176 - 263393541856622284668192771109*a^174 
    - 92667051987685136547041824151*a^172 - 202680645726759608999441231148*a^170
    + 255275459017067389201816320531*a^168 - 47474745845907656162031279368*a^166
    - 2282439704130175777020734585*a^164 - 214549332188236523039949050990*a^162 
    - 47474745845907656162031279368*a^160 - 67103727301427167844409596799*a^158 
    + 7760294994042597641870497589*a^156 + 54322064958298183493093483123*a^154 -
    218201235714844804283182226326*a^152 - 244221048341928808141218600595*a^150 
    - 301738528886009237722141112137*a^148 + 63451823774818886601176421463*a^146
    + 245590512164406913607431041346*a^144 - 
    307672872116747694742395022058*a^142 + 293978233891966640080270614548*a^140 
    + 17803029692215371060761729763*a^138 - 295347697714444745546483055299*a^136
    + 211810404543280312107524169488*a^134 - 
    141511261656070898175285544270*a^132 + 111839545502378613074015994665*a^130 
    - 86276220816120644371383767313*a^128 - 237373729229538280810156396840*a^126
    + 81711341407860292817342298143*a^124 - 141054773715244863019881397353*a^122
    - 279827107726359550262742060121*a^120 - 
    298543113300226991634312083718*a^118 - 89015148461076855303808648815*a^116 +
    2738927644956210932424881502*a^114 - 34236595561952636655311018775*a^112 - 
    133294478721202265378010899764*a^110 + 194463862791890976202166586642*a^108 
    + 136033406366158476310435781266*a^106 + 
    299912577122705097100524524469*a^104 - 160683755170764374702259714784*a^102 
    - 305390432412617518965374287473*a^100 - 33780107621126601499906871858*a^98 
    + 127816623431289843513161136760*a^96 + 199300167462264105416178089114*a^94 
    + 239656168933668456587177131425*a^92 + 295804185655270780701887202216*a^90 
    - 44735818200951445229606397866*a^88 - 293065258010314569769462320714*a^86 -
    168900538105633007499534359290*a^84 + 294891209773618710391078908382*a^82 + 
    54322064958298183493093483123*a^80 - 277088180081403339330317178619*a^78 - 
    99514371100075663878104027906*a^76 - 37432011147734882743140047194*a^74 + 
    3341491726846577337558355432440*a^72 + 4450300935113016730035028293833*a^70 
    + 6871056485313481159143219394684*a^68 + 
    3317754353923623509477339792756*a^66 + 6239277175210248504063880061556*a^64 
    - 2234964958284268120858703305632*a^62 + 
    1198280844668342282935885657125*a^60 - 2769968824932381322992363492356*a^58 
    - 1863383774451875504359727715194*a^56 - 
    2426689893431202886128445010772*a^54 + 6355225112180061433536533378474*a^52 
    - 1477651464453875798043223570329*a^50 - 
    6708546778379412643819343092232*a^48 - 1067725293592096228490299638863*a^46 
    - 849980545818077459362521559454*a^44 - 1796280047150448336515318118395*a^42
    + 6693482676332153483691006243971*a^40 + 
    2505662307194106968013362427413*a^38 + 8325427064785229164260831472246*a^36 
    - 8895124014936121038205206824662*a^34 + 
    7092453136614108209514230649429*a^32 - 9741452657227590216324495208780*a^30 
    + 10842501570499987011159297572584*a^28 - 
    8221347814276893148828685975170*a^26 - 117773888733117070094269904586*a^24 -
    7578156305653009614864242969117*a^22 - 6881444670345252013220254305606*a^20 
    + 2029545384912552300926837192982*a^18 + 
    8787392860901176741529828152250*a^16 - 2667259038246523413026430436031*a^14 
    + 4208362326475218097670830427823*a^12 - 
    9838228100682709669270174355184*a^10 + 3769677415341398313327445240586*a^8 -
    3447396929118217493612117517184*a^6 - 6359333503647495749935170700727*a^4 - 
    8552301571375768636496692489995*a^2 + 6587850180421611143203874890735 + 
    O(a^5773) 130308800837961711118340533442*a^298 + 
    213377268556385892235532998095*a^296 - 30066516534947234424862325317*a^294 -
    32682069060761273693664464409*a^292 + 122079680391178861154703614695*a^290 -
    70940693506748706583076885750*a^288 - 182151025901502244172616894124*a^286 +
    299678164396334970939641313890*a^284 + 205666323610000163259111597470*a^282 
    + 169825851499199294976704927365*a^280 + 35186583979347358465206135332*a^278
    + 97528031681886700093777875105*a^276 + 27932126973787664644188881624*a^274 
    + 280283595667185585418146207038*a^272 + 
    216375283951540663661565638658*a^270 - 60256408189036640513347393044*a^268 +
    201311181904281503533228790397*a^266 + 215918796010714628506161491741*a^264 
    + 77602949940425976418704975890*a^262 + 304020968590139413499161846722*a^260
    - 246959975986885019073643482097*a^258 + 89928124342728925614616942649*a^256
    - 61625872011514745979559833795*a^254 - 262024078034144179201980330358*a^252
    + 239656168933668456587177131425*a^250 - 
    106361690212466191209166231661*a^248 + 139228821951940722398264809685*a^246 
    + 12781662343128984351316113676*a^244 - 35680084455916045119697104972*a^242 
    - 218657723655670839438586373243*a^240 + 
    297630137418574921323503789884*a^238 - 220483675418974980060202960911*a^236 
    + 212266892484106347262928316405*a^234 - 
    271610324791490917465467415615*a^232 + 219570699537322909749394667077*a^230 
    - 169357026046459042654938506207*a^228 + 23737372922953828081015639684*a^226
    + 83993781111990468594363032728*a^224 - 129642575194593984134777724428*a^222
    - 111383057561552577918611847748*a^220 - 58430456425732499891730805376*a^218
    - 271610324791490917465467415615*a^216 - 
    210897428661628241796715875654*a^214 - 11868686461476914040507819842*a^212 +
    198572254259325292600803908895*a^210 + 148358580768461425506347748025*a^208 
    - 73951046413817695175471800554*a^206 - 240112656874494491742581278342*a^204
    - 62538847893166816290368127629*a^202 - 167987562223980937188726065456*a^200
    + 64364799656470956911984715297*a^198 + 206332549253367890242674406484*a^196
    + 58430456425732499891730805376*a^194 + 110470081679900507607803553914*a^192
    - 145163165182679179418518719606*a^190 + 
    120969304318899316182098933005*a^188 + 210897428661628241796715875654*a^186 
    + 59799920248210605357943246127*a^184 - 7760294994042597641870497589*a^182 -
    278001155963055409641125472453*a^180 - 147445604886809355195539454191*a^178 
    - 53865577017472148337689336206*a^176 - 131925014898724159911798459013*a^174
    - 236460753347886210499348103006*a^172 + 26932788508736074168844668103*a^170
    + 8019382744241158135478256650*a^168 - 196289814555195116823783174310*a^166 
    - 22824397041301757770207345850*a^164 + 180312736626283886384638032215*a^162
    + 204050109549237714465653671899*a^160 + 
    172552441632241288742767534626*a^158 + 79885389644556152195725710475*a^156 +
    23280884982127792925611492767*a^154 + 131925014898724159911798459013*a^152 +
    143337213419375038796902131938*a^150 + 80341877585382187351129857392*a^148 -
    69842654946383378776834478301*a^146 + 16890053810563300749953435929*a^144 - 
    156575363703330058303622392531*a^142 - 286674426838750077593804263876*a^140 
    + 49300697609211796783647867036*a^138 - 202680645726759608999441231148*a^136
    - 258372174507535897958747155022*a^134 - 
    285304963016271972127591823125*a^132 - 248785927750189159695260069765*a^130 
    - 38801474970212988209352487945*a^128 + 130099063135420019290181871345*a^126
    + 164335658697372655945492890120*a^124 - 23737372922953828081015639684*a^122
    + 76689974058773906107896682056*a^120 - 89015148461076855303808648815*a^118 
    - 95862467573467382634870852570*a^116 + 113665497265682753695632582333*a^114
    + 131925014898724159911798459013*a^112 - 23280884982127792925611492767*a^110
    - 289413354483706288526229145378*a^108 - 
    233265337762103964411519074587*a^106 - 44735818200951445229606397866*a^104 +
    179399760744631816073829738381*a^102 + 16433565869737265594549289012*a^100 -
    160227267229938339546855567867*a^98 + 256089734803405722181726420437*a^96 - 
    67190089884826688008945516486*a^94 - 122795256082203456803715520673*a^92 - 
    167531074283154902033321918539*a^90 - 78972413762904081884917416641*a^88 + 
    81254853467034257661938151226*a^86 - 136489894306984511465839928183*a^84 - 
    163422682815720585634684596286*a^82 - 106818178153292226364570378578*a^80 + 
    174378393395545429364384122294*a^78 + 293978233891966640080270614548*a^76 - 
    23737372922953828081015639684*a^74 + 8246911138963151117531318202522*a^72 + 
    1441588917128619020766295963886*a^70 - 11161586641137385584786796267567*a^68
    + 917084273119504627206931156253*a^66 + 9192297664413869924373306467629*a^64
    - 2656303327666698569296730910023*a^62 + 
    8186654730774114477017970809478*a^60 - 4736518874010940772473428410792*a^58 
    - 6804409245952880026454213944802*a^56 + 
    5768638108218606258842204590129*a^54 + 3413616821497090892112210645326*a^52 
    - 6551971414676082585515720699701*a^50 - 
    6584382058474731081549415130808*a^48 - 4196493640013741183630322607981*a^46 
    - 1178651863212822771253507339694*a^44 - 
    1548863583222737282286270489381*a^42 + 1510062108252524294076918001436*a^40 
    - 5198941158067714384897829237713*a^38 - 
    5987752319815103133436195110289*a^36 - 5308498263865962822194824497793*a^34 
    + 9382196647797500549021431585101*a^32 + 
    7260897186778915181858360861802*a^30 - 5889607412537505575024303523134*a^28 
    - 5201223597771844560674849972298*a^26 + 
    9337917317537375138947229334152*a^24 + 465617699642555858512229855340*a^22 +
    6894386720343265820734279984415*a^20 + 8094444166727255375626333132244*a^18 
    - 6286751921056156160225911340924*a^16 + 164792146638198691100897037037*a^14
    + 3175786604326726576146650101569*a^12 + 
    1959246242025342886994598567764*a^10 + 5810178510833775457983981959576*a^8 +
    2229030615053529663838449395711*a^6 - 6541472192037083776941425320610*a^4 - 
    566501534565109627856546323997*a^2 - 2608071739240021252564822084215 + 
    O(a^5773) 98749445361394199563643024964*a^299 - 
    263430554392364936167279593832*a^297 + 133343828768859134043459996728*a^295 
    + 228774483425328915855651250863*a^293 - 
    225307642577433892107852189142*a^291 - 286921177077034420921049748696*a^289 
    + 130432175957103882781963275852*a^287 + 
    311460488274412364815613214045*a^285 - 84224192483145172971561181391*a^283 -
    292744482700544923444043190448*a^281 - 301491778647724894394895627317*a^279 
    + 184815928474973152106868130180*a^277 - 
    266107794477750061267893104129*a^275 + 143337213419375038796902131938*a^273 
    - 311324775643355975985628197394*a^271 - 12781662343128984351316113676*a^269
    + 266588957442404530756021799528*a^267 - 
    254263783040101581560109832769*a^265 - 295347697714444745546483055299*a^263 
    - 164335658697372655945492890120*a^261 - 
    132837990780376230222606752847*a^259 - 174378393395545429364384122294*a^257 
    + 230069922176321718323690046168*a^255 - 80798365526208222506534004309*a^253
    - 38801474970212988209352487945*a^251 - 234178313643756034722327368421*a^249
    + 296260673596096815857291349133*a^247 + 89928124342728925614616942649*a^245
    - 254263783040101581560109832769*a^243 + 71212118768861484243046919052*a^241
    - 99970859040901699033508174823*a^239 - 280283595667185585418146207038*a^237
    + 101796810804205839655124762491*a^235 + 
    120969304318899316182098933005*a^233 + 135120430484506405999627487432*a^231 
    + 226874506590539472235861017749*a^229 - 68473191123905273310622037550*a^227
    + 267958421264882636222234240279*a^225 + 
    307216384175921659586990875141*a^223 - 284848475075445936972187676208*a^221 
    - 157031851644156093459026539448*a^219 + 
    168444050164806972344130212373*a^217 + 275718716258925233864104737868*a^215 
    + 76233486117947870952492535139*a^213 - 44735818200951445229606397866*a^211 
    + 97688419336771523256487440238*a^209 + 120512816378073281026694786088*a^207
    + 262135115641372133699240798527*a^205 + 57517480544080429580922511542*a^203
    - 256089734803405722181726420437*a^201 + 1825951763304140621616587668*a^199 
    + 35149571443604706966119312609*a^197 + 47931233786733691317435426285*a^195 
    + 200398206022629433222420496563*a^193 - 83993781111990468594363032728*a^191
    - 106361690212466191209166231661*a^189 - 80341877585382187351129857392*a^187
    + 207702013075845995708886847235*a^185 - 
    153836436058373847371197511029*a^183 - 278914131844707479951933766287*a^181 
    - 275262228318099198708700590951*a^179 - 
    118230376673943105249674051503*a^177 + 139228821951940722398264809685*a^175 
    - 131468526957898124756394312096*a^173 + 
    135120430484506405999627487432*a^171 + 281653059489663690884358647789*a^169 
    - 112296033443204648229420141582*a^167 - 
    267958421264882636222234240279*a^165 - 99057883159249628722699880989*a^163 -
    201767669845107538688632937314*a^161 + 172095953691415253587363387709*a^159 
    + 150641020472591601283368482610*a^157 + 
    280740083608011620573550353955*a^155 + 123251744023029491959119667590*a^153 
    - 268871397146534706533042534113*a^151 - 
    231439385998799823789902486919*a^149 - 122338768141377421648311373756*a^147 
    + 155205899880851952837409951780*a^145 - 
    269784373028186776843850827947*a^143 + 14151126165607089817528554427*a^141 +
    259285150389187968269555448856*a^139 + 52496113194994042871476895455*a^137 +
    26476300567910039013440521186*a^135 + 108644129916596366986186966246*a^133 +
    300026282300076666120241700582*a^131 - 7303807053216562486466350672*a^129 - 
    32867131739474531189098578024*a^127 - 191724935146934765269741705140*a^125 -
    147902092827635390350943601108*a^123 - 135576918425332441155031634349*a^121 
    + 199941718081803398067016349646*a^119 + 
    195833326614369081668379027393*a^117 + 78972413762904081884917416641*a^115 -
    248785927750189159695260069765*a^113 + 87189196697772714682192061147*a^111 +
    103166274626683945121337203242*a^109 + 130099063135420019290181871345*a^107 
    + 284391987134619901816783529291*a^105 - 
    179856248685457851229233885298*a^103 + 111383057561552577918611847748*a^101 
    - 193550886910238905891358292808*a^99 + 155205899880851952837409951780*a^97 
    - 151097508413417636438772629527*a^95 + 5477855289912421864849763004*a^93 - 
    76689974058773906107896682056*a^91 + 218657723655670839438586373243*a^89 - 
    161596731052416445013068008618*a^87 - 110926569620726542763207700831*a^85 - 
    287587402720402147904612557710*a^83 + 197202790436847187134591468144*a^81 + 
    2738927644956210932424881502*a^79 + 245590512164406913607431041346*a^77 + 
    24650348804605898391823933518*a^75 + 201767669845107538688632937314*a^73 - 
    16433565869737265594549289012*a^71 + 45192306141777480385010544783*a^69 - 
    41996890555995234297181516364*a^67 + 66190751419775097533601302965*a^65 - 
    311781263584182011141032344311*a^63 - 247416463927711054229047629014*a^61 + 
    111383057561552577918611847748*a^59 + 192058047968618628761523109647*a^57 + 
    37432011147734882743140047194*a^55 - 170270001928111112965746800041*a^53 + 
    136033406366158476310435781266*a^51 + 193094398969412870735954145891*a^49 - 
    228700458353843612857477605417*a^47 + 296717161536922851012695496050*a^45 + 
    258828662448361933114151301939*a^43 - 52039625254168007716072748538*a^41 + 
    285304963016271972127591823125*a^39 + 302651504767661308032949405971*a^37 + 
    10679991863565918495835421270132*a^35 + 
    10001650783498430254904858951470*a^33 - 2005351524048772437690417406381*a^31
    - 419968905559952342971815163640*a^29 + 1610945943175078063421234470093*a^27
    + 11455564875029352224867066882115*a^25 + 
    3652360014549107278388579482917*a^23 - 3954555031375942551266124741971*a^21 
    - 6742326886000539245319249964090*a^19 + 
    4872552280377099248783864192058*a^17 - 2401126568744944917425812783420*a^15 
    - 269784373028186776843850827947*a^13 - 2323067130863692905851703660613*a^11
    - 6055769022998182371591413000922*a^9 - 4541598523278223761115857677233*a^7 
    - 6096396449731699500422382076535*a^5 + 6638247635492203229887104467014*a^3 
    - 9861965473605663497351189994868*a + 3455881641522528184987204420766 + 
    O(a^5736) (4490854336775048555867823724*a^299 + 
    5420502531824709632030542208*a^297 - 1719915850095463353962446894*a^295 - 
    8144758540991040690943530018*a^293 - 6459187656494614313611197903*a^291 - 
    5130737724974582130170641791*a^289 + 4637904140941799106293849137*a^287 + 
    1159059227400510007439601668*a^285 - 6079446429665272648887202510*a^283 + 
    2746930355387054499795005334*a^281 - 2101044934364388249964594393*a^279 - 
    3277776813966344468679886190*a^277 - 7142419059527883877835520060*a^275 + 
    1159726119936413638053778654*a^273 - 2566202478157170603353042128*a^271 - 
    7772632505956814808232771830*a^269 - 5724605528196765192095247824*a^267 + 
    1011675976965807641706487762*a^265 + 2479839894757650438817122441*a^263 + 
    8216782934868632797274644506*a^261 - 7340819588959213985553173395*a^259 + 
    5046042372914821042170164569*a^257 + 4626566967831437385852840375*a^255 - 
    6378493659650275009295782597*a^253 + 6551218826449315338367621971*a^251 - 
    8389508101667673126346483880*a^249 + 3170740561953811755104479937*a^247 + 
    7057056814932219159220865852*a^245 + 3059702954725857257844011768*a^243 - 
    5625905432883027861197053896*a^241 - 3960341324463710402290031361*a^239 - 
    3898653764892624570478660156*a^237 + 5847980647338936855717990234*a^235 - 
    6859656624304744497424477996*a^233 - 5502530313740856197574311486*a^231 + 
    5613567920968810694834779655*a^229 + 3812291181493104405942740469*a^227 - 
    7340819588959213985553173395*a^225 - 1677901620333534625269296776*a^223 - 
    185062678713257495434113615*a^221 + 6649918921763052669265815899*a^219 - 
    5601230409054593528472505414*a^217 - 8266132982525501462723741470*a^215 - 
    1591539036934014460733377089*a^213 - 5095392420571689707619261533*a^211 - 
    4256441610404922394984613145*a^209 - 3281778169181766252364948106*a^207 + 
    5576221938958207380440868439*a^205 + 7155756910245956490119059780*a^203 + 
    5613567920968810694834779655*a^201 - 4133066491262750731361870735*a^199 + 
    1085701048451110639880133208*a^197 - 3220090609610680420553576901*a^195 + 
    3688916062350932742319998059*a^193 - 4972017301429518043996519123*a^191 - 
    5379155194598684533951569076*a^189 + 2751265156870428098787155743*a^187 - 
    6119405909451714515688023536*a^185 + 5329805146941815868502472112*a^183 + 
    703238179110378482649631737*a^181 + 5009029837172169543083341846*a^179 - 
    5231105051628078537604278184*a^177 - 7858995089356334972768691517*a^175 - 
    2677240085385125100613510297*a^173 + 4885654718029997879460599436*a^171 - 
    7205106957902825155568156744*a^169 - 4651241991659871718577388857*a^167 - 
    394800381254949323592775712*a^165 + 6797969064733658665613106791*a^163 - 
    6477193754964012340193976525*a^161 + 5366817682684467367589294835*a^159 - 
    2689577597299342266975784538*a^157 - 3331128216838634917814045070*a^155 + 
    3750603621922018574131369264*a^153 - 3405153288323937915987690516*a^151 - 
    2504514918586084771541670923*a^149 + 1899976834789443619790233114*a^147 + 
    6501868778792446672918525007*a^145 + 3972678836377927568652305602*a^143 - 
    4897992229944215045822873677*a^141 - 6884331648133178830149026478*a^139 - 
    925313393566287477170568075*a^137 + 6094730885623280182963475054*a^135 - 
    1887639322875226453427958873*a^133 - 7875388028853749892865825808*a^131 - 
    8179770399125981298187821783*a^129 - 3035027930897422925119463286*a^127 + 
    4503191848689265722230097965*a^125 + 3109053002382725923293108732*a^123 + 
    6649918921763052669265815899*a^121 + 814275786338332979910099906*a^119 + 
    4564879408260351554041469170*a^117 - 4984354813343735210358793364*a^115 - 
    271425262112777659970033302*a^113 - 3195415585782246087829028419*a^111 - 
    7883670113184769305493239999*a^109 + 7920682648927420804580062722*a^107 + 
    3688916062350932742319998059*a^105 - 24675023828434332724548482*a^103 - 
    3935666300635276069565482879*a^101 + 7032381791103784826496317370*a^99 + 
    5009029837172169543083341846*a^97 + 6131743421365931682050297777*a^95 - 
    1924651858617877952514781596*a^93 - 2775940180698862431511704225*a^91 - 
    4885654718029997879460599436*a^89 + 370125357426514990868227230*a^87 + 
    4700592039316740384026485821*a^85 + 5416167730341336033038391799*a^83 + 
    3355803240667069250538593552*a^81 + 4022028884034796234101402566*a^79 + 
    7970032696584289470029159686*a^77 - 567525548053989652664615086*a^75 + 
    579863059968206819026889327*a^73 + 5872655671167371188442538716*a^71 + 
    3935666300635276069565482879*a^69 - 5268117587370730036691100907*a^67 + 
    5157079980142775539430632738*a^65 - 4811629646544694881286953990*a^63 + 
    370125357426514990868227230*a^61 + 4478516824860831389505549483*a^59 + 
    421142636423142732852766659*a^57 + 5428505242255553199400666040*a^55 + 
    1850626787132574954341136150*a^53 - 5773955575853633857544344788*a^51 - 
    3096715490468508756930834491*a^49 - 1073363536536893473517858967*a^47 + 
    3676578550436715575957723818*a^45 - 1653226596505100292544748294*a^43 + 
    3602553478951412577784078372*a^41 - 7131081886417522157394511298*a^39 - 
    1727251667990403290718393740*a^37 - 155205899880851952837409951780*a^35 - 
    87065821578630543018569318737*a^33 - 103968212901108060934885028907*a^31 + 
    67967353135422369489768793669*a^29 - 231784836332397904448046165667*a^27 - 
    204222834716036754794725511273*a^25 + 170023251689826769638501315221*a^23 - 
    257607248768854433644286152080*a^21 + 133652266566714563202516852753*a^19 + 
    142683325287921528979701597165*a^17 + 197967716175528651449052471086*a^15 - 
    187826281382042140699263044984*a^13 + 25810074924542312029877712172*a^11 - 
    219644724608808212747568312523*a^9 + 167481724235498033367872821575*a^7 + 
    181571162841534037353590004797*a^5 + 131653589636611382251828425711*a^3 - 
    208689014028983369017868786515*a + 45094754408060880227547545920)*a^300 + 
    O(a^5736))
IP1P2 after rounding  (-311841613186176084003014837905*37 + O(37^20) 
    -191995942699471198261158754568*37 + O(37^20) 
    -10206633540230522676767424819*37 + O(37^20) 
    181176111524200202068533918675*37 + O(37^20) 6587850180421611143203874890735
    + O(37^20) -2608071739240021252564822084215 + O(37^20) 
    3455881641522528184987204420766 + O(37^20) 45094754408060880227547545920*37 
    + O(37^20))
ZERO in disk 3 : x = 88352498486135861135531652593 + O(37^19) , inf = false
IP1P2 before rounding ((3106051985971159585529312295*a^298 - 
    2052695225511375030436762908*a^296 + 4964014590998674476626395291*a^294 - 
    114038623639520835024264606*a^292 - 317440847090128172348245336*a^290 - 
    6947352992776071923188751655*a^288 - 5327471023066153161352852661*a^286 - 
    1806611879762935333805455074*a^284 + 7344154051638732138624058325*a^282 + 
    1196071763143161506526424391*a^280 - 6967359768853180841614061235*a^278 + 
    4299789625238658384906117235*a^276 - 6351151065678226154114526171*a^274 + 
    3281778169181766252364948106*a^272 - 2738927644956210932424881502*a^270 + 
    7908345137013203638217788481*a^268 - 2183739608816438446122540657*a^266 + 
    2652565061556690767888961815*a^264 + 4268779122319139561346887386*a^262 + 
    6403168683478709342020331079*a^260 + 727913202938812815374180219*a^258 + 
    7168094422160173656481334021*a^256 - 505837988482903820853243881*a^254 - 
    4811629646544694881286953990*a^252 + 7970032696584289470029159686*a^250 - 
    308437797855429159056856025*a^248 + 3121390514296943089655382973*a^246 - 
    6909006671961613162873574960*a^244 - 7121078498378967698181856508*a^242 - 
    764925738681464314461002942*a^240 + 8315483030182370128172838434*a^238 - 
    962325929308938976257390798*a^236 - 4996692325257952376721067605*a^234 + 
    4034366395949013400463676807*a^232 - 2726590133041993766062607261*a^230 + 
    1616214060762448793457925571*a^228 - 6279793564336537678397588669*a^226 + 
    2961002859412119926945817840*a^224 - 5712268016282548025732973583*a^222 + 
    6785631552819441499250832550*a^220 + 4972017301429518043996519123*a^218 - 
    6822644088562092998337655273*a^216 + 3799953669578887239580466228*a^214 + 
    1936989370532095118877055837*a^212 + 1813614251389923455254313427*a^210 + 
    3491515871723458080523610203*a^208 + 2948665347497902760583543599*a^206 - 
    7896007625098986471855514240*a^204 - 8278470494439718629086015711*a^202 - 
    1455826405877625630748360438*a^200 - 4922667253772649378547422159*a^198 - 
    2270102192215958610658460344*a^196 - 4811629646544694881286953990*a^194 + 
    5675255480539896526646150860*a^192 - 1283101239078585301676521064*a^190 - 
    6378493659650275009295782597*a^188 + 5724605528196765192095247824*a^186 - 
    3701253574265149908682272300*a^184 + 7414844660444516983726818841*a^182 - 
    5724605528196765192095247824*a^180 - 8438858149324541791795580844*a^178 + 
    6477193754964012340193976525*a^176 + 1283101239078585301676521064*a^174 - 
    925313393566287477170568075*a^172 - 6649918921763052669265815899*a^170 + 
    6086394728924484800286262729*a^168 - 6390831171564492175658056838*a^166 - 
    5613567920968810694834779655*a^164 - 6181093469022800347499394741*a^162 + 
    579863059968206819026889327*a^160 - 4194754050833836563173241940*a^158 + 
    5157079980142775539430632738*a^156 + 1406476358220756965299263474*a^154 - 
    5083054908657472541256987292*a^152 - 2689577597299342266975784538*a^150 + 
    3898653764892624570478660156*a^148 + 4453841801032397056781001001*a^146 + 
    2763602668784645265149429984*a^144 - 1122713584193762138966955931*a^142 + 
    7057056814932219159220865852*a^140 + 8093407815726461133651902096*a^138 + 
    838950810166767312634648388*a^136 + 6193430980937017513861668982*a^134 + 
    3232428121524897586915851142*a^132 - 555188036139772486302340845*a^130 - 
    4786954622716260548562405508*a^128 + 3220090609610680420553576901*a^126 - 
    2516852430500301937903945164*a^124 - 7402507148530299817364544600*a^122 - 
    1196738655679065137140601377*a^120 + 5638242944797245027559328137*a^118 + 
    3355803240667069250538593552*a^116 + 4367479217632876892245081314*a^114 - 
    8068732791898026800927353614*a^112 + 678563155281944149925083255*a^110 - 
    900638369737853144446019593*a^108 + 4157741515091185064086419217*a^106 + 
    1505176453534494296197457402*a^104 + 4182416538919619396810967699*a^102 - 
    5884993183081588354804812957*a^100 + 320775309769646325419130266*a^98 + 
    7908345137013203638217788481*a^96 - 390799026039527539907713796*a^94 - 
    2812952716441513930598526948*a^92 - 4231766586576488062260064663*a^90 - 
    6144080933280148848412572018*a^88 - 752588226767247148098728701*a^86 - 
    2985677883240554259670366322*a^84 - 222075214455908994520936338*a^82 - 
    7723282458299946142783674866*a^80 + 4046703907863230566825951048*a^78 - 
    2504514918586084771541670923*a^76 + 1221413679507499469865149859*a^74 - 
    17642642037330547898052164630*a^72 - 177080308504758988797722181073*a^70 - 
    82056791741458373475485976891*a^68 + 145730690730733169071183334692*a^66 - 
    67547877730338985833451469475*a^64 + 54346739982126617825818031605*a^62 + 
    299678164396334970939641313890*a^60 - 70434855518265802762223641869*a^58 - 
    222593389956306115508151856122*a^56 + 288488041090140001049058577303*a^54 + 
    54075314720013840165847998303*a^52 - 178091984481724796439428668835*a^50 + 
    28573677593326957295027142156*a^48 + 93543015333594555358763295262*a^46 - 
    127446498073863328522292909530*a^44 - 244467798580213151468464085415*a^42 - 
    288549728649711086880869948508*a^40 + 137489232772036101941184141704*a^38 + 
    259963713544469912419480532111*a^36 - 38912512577440942706612956114*a^34 + 
    272276550434858644449030224629*a^32 - 259420863020244357099540465507*a^30 + 
    28820427831611300622272626976*a^28 - 21602983361794258300342195991*a^26 - 
    101525385542093061995154729189*a^24 - 159585716610399046896017307335*a^22 - 
    265409891438926911830156888280*a^20 - 238767868075844820609093386073*a^18 + 
    141116461274815948851692768558*a^16 + 229156946294669648012881752334*a^14 + 
    121265404604840528174793514789*a^12 - 244393773508727848470290439969*a^10 + 
    265108456012698470792548890608*a^8 - 65512188264493153383676219710*a^6 - 
    237052953919768634484737266574*a^4 + 210675353447172332802194939316*a^2 - 
    311841613186176084003014837905)*a^300 + O(a^5773) 
    (3807622933741778991643501567*a^298 + 2309782298102224632201991011*a^296 + 
    149383928042413257575644864*a^294 - 7908345137013203638217788481*a^292 - 
    5626905771686883307118319375*a^290 - 2101044934364388249964594393*a^288 + 
    7329148969580900449805076140*a^286 - 5330472039477719499116649098*a^284 - 
    5540209742019411327275311195*a^282 - 3858306766470454918320952503*a^280 + 
    6594233395015099512982037568*a^278 - 2291442753364874790312123896*a^276 - 
    931648872657371968005249442*a^274 + 4848642182287346380373776713*a^272 - 
    3318790704924417751451770829*a^270 + 2183739608816438446122540657*a^268 - 
    6884331648133178830149026478*a^266 - 3602553478951412577784078372*a^264 - 
    2208414632644872778847089139*a^262 - 2738927644956210932424881502*a^260 - 
    7686269922557294643696852143*a^258 - 7673932410643077477334577902*a^256 - 
    5564217873311942029385682691*a^254 + 592200571882423985389163568*a^252 - 
    6144080933280148848412572018*a^250 + 6884331648133178830149026478*a^248 + 
    283762774026994826332307543*a^246 - 2714252621127776599700333020*a^244 + 
    6816308609471008507502973906*a^242 - 6082393373709063016601200813*a^240 + 
    6970694231532698994684946165*a^238 - 8278470494439718629086015711*a^236 - 
    308437797855429159056856025*a^234 - 6538881314535098172005347730*a^232 - 
    222075214455908994520936338*a^230 + 8118082839554895466376450578*a^228 + 
    3047365442811640091481737527*a^226 + 3701253574265149908682272300*a^224 - 
    7377832124701865484639996118*a^222 + 333112821683863491781404507*a^220 - 
    616875595710858318113712050*a^218 - 5835643135424719689355715993*a^216 + 
    6773294040905224332888558309*a^214 + 6662256433677269835628090140*a^212 + 
    6526543802620881005643073489*a^210 + 4737604575059391883113308544*a^208 + 
    8303145518268152961810564193*a^206 + 6946019207704264661960397683*a^202 + 
    2553864966242953436990767887*a^200 - 1295438750992802468038795305*a^198 - 
    1566864013105580128008828607*a^196 + 2109714537331135447948895211*a^194 - 
    5564217873311942029385682691*a^192 + 3713591086179367075044546541*a^190 - 
    4959679789515300877634244882*a^188 - 3170740561953811755104479937*a^186 + 
    6094730885623280182963475054*a^184 - 2023351953931615283412975524*a^182 - 
    3824628693407321572305014710*a^180 - 1332451286735453967125618028*a^178 + 
    1505176453534494296197457402*a^176 + 518175500397120987215518122*a^174 + 
    4009691372120579067739128325*a^172 + 6637581409848835502903541658*a^170 - 
    6237445888306657134397350058*a^168 - 7007706767275350493771768888*a^166 - 
    7118744374503304991032237057*a^164 - 6144080933280148848412572018*a^162 + 
    1135051096107979305329230172*a^160 + 7118744374503304991032237057*a^158 + 
    949988417394721809895116557*a^156 - 1887639322875226453427958873*a^154 + 
    2122052049245352614311169452*a^152 + 7143419398331739323756785539*a^150 + 
    8303145518268152961810564193*a^148 - 8204445422954415630912370265*a^146 - 
    7476532220015602815538190046*a^144 + 5416167730341336033038391799*a^142 - 
    1517513965448711462559731643*a^140 - 5033704861000603875807890328*a^138 - 
    6440181219221360841107153802*a^136 - 135712631056388829985016651*a^134 + 
    5144742468228558373068358497*a^132 + 5465517777998204698487488763*a^130 + 
    5551880361397724863023408450*a^128 - 1221413679507499469865149859*a^126 - 
    1270763727164368135314246823*a^124 + 6316806100079189177484411392*a^122 + 
    6489531266878229506556250766*a^120 - 370125357426514990868227230*a^116 - 
    8007045232326940969115982409*a^114 + 5243442563542295703966552425*a^112 + 
    4737604575059391883113308544*a^110 - 1899976834789443619790233114*a^108 + 
    5971355766481108519340732644*a^106 + 5835643135424719689355715993*a^104 + 
    1085701048451110639880133208*a^102 + 2652565061556690767888961815*a^100 + 
    2590877501985604936077590610*a^98 + 1677901620333534625269296776*a^96 + 
    7822649446149587104296045780*a^94 - 2233089656473307111571637621*a^92 + 
    2961002859412119926945817840*a^90 + 7525882267672471480987287010*a^88 - 
    1468163917791842797110634679*a^86 + 6649918921763052669265815899*a^84 - 
    7266794517473910987379527949*a^82 + 4429166777203962724056452519*a^80 - 
    7612244851071991645523206697*a^78 - 5687592992454113693008425101*a^76 - 
    1246088703335933802589698341*a^74 - 85671682732324003219632329504*a^72 - 
    131271126767270650094597924240*a^70 - 56419441983715101774680104093*a^68 + 
    185728904356625222417676424014*a^66 + 21047795325654485814039855146*a^64 - 
    236263353157258735837551715150*a^62 + 40824826924144603492765463469*a^60 - 
    192884661266871178907795483794*a^58 - 107743491546858513841740946653*a^56 - 
    292238644712062019623189946567*a^54 - 74901034831212416985366917111*a^52 + 
    39874838506749881682870346912*a^50 - 8525220732724061956331500531*a^48 - 
    81538616241061252488270458769*a^46 + 75628948034151229800741097330*a^44 + 
    137045082343124283952142269028*a^42 + 217411634952334905635996674902*a^40 + 
    128149736252973707004942541267*a^38 - 120142691020646766035826558858*a^36 + 
    56135679209688106948347796550*a^34 - 167864187104838765525103323046*a^32 + 
    19752356574661683346001059841*a^30 - 256657260351459711834391035523*a^28 - 
    261172789712063194722983407729*a^26 - 121475142307382220002952176886*a^24 + 
    175932919896736792326030676660*a^22 + 190635899635804136476790687002*a^20 + 
    270734361445581498653745944504*a^18 + 61773922154485351975907124687*a^16 + 
    217485660023820208634170320348*a^14 + 225184267458291720444229446732*a^12 + 
    115442098981330025651800073037*a^10 + 239026955826043381102701145134*a^8 - 
    212476630186648039091086978502*a^6 + 238804880611587472108180208796*a^4 + 
    307487809438034437246960908443*a^2 - 191995942699471198261158754568)*a^300 +
    O(a^5773) (-3678912674312378283107343269*a^299 + 
    2677906977921028731227687283*a^297 - 7833986619259948824737054542*a^295 + 
    1405142573148949704070909502*a^293 + 8124084872378028141904043452*a^291 - 
    8050393247160676959037486499*a^289 + 4915664882145661257098563806*a^287 - 
    6193764427204969329168757475*a^285 - 1899336978437427974200955195*a^283 + 
    7088067317851737982780095701*a^281 + 841618380310381835091356332*a^279 + 
    2799948311991393133622075721*a^277 - 7093735904406918843000600082*a^275 - 
    5613567920968810694834779655*a^273 - 6884331648133178830149026478*a^271 - 
    4762279598887826215837857026*a^269 + 5243442563542295703966552425*a^267 - 
    1246088703335933802589698341*a^265 - 7834320065527900640044143035*a^263 - 
    6193430980937017513861668982*a^261 + 3651903526608281243233175336*a^259 + 
    2220752144559089945209363380*a^257 + 7427182172358734150089093082*a^255 + 
    8266132982525501462723741470*a^253 + 3898653764892624570478660156*a^251 - 
    2159064584988004113397992175*a^249 - 777263250595681480823277183*a^247 - 
    6637581409848835502903541658*a^245 - 3664241038522498409595449577*a^243 + 
    3331128216838634917814045070*a^241 + 8229120446782849963636918747*a^239 - 
    1468163917791842797110634679*a^237 - 4972017301429518043996519123*a^235 + 
    4293454146147573894071435868*a^233 - 3257103145353331919640399624*a^231 - 
    5959018254566891352978458403*a^229 + 962325929308938976257390798*a^227 + 
    863625833995201645359196870*a^225 + 518175500397120987215518122*a^223 - 
    6267456052422320512035314428*a^221 + 4959679789515300877634244882*a^219 + 
    1838289275218357787978861909*a^217 + 4441504289118179890418726760*a^215 - 
    1603876548848231627095651330*a^213 + 7501207243844037148262738528*a^211 - 
    7747957482128380475508223348*a^209 + 4083716443605882065912773771*a^207 - 
    991669200888698723281178182*a^205 - 1443488893963408464386086197*a^203 - 
    3318790704924417751451770829*a^201 - 7353157100873431151915447636*a^199 + 
    1924651858617877952514781596*a^197 + 4170079027005402230448693458*a^195 + 
    7094069350674870658307688575*a^193 - 246750238284343327245484820*a^191 - 
    6711606481334138501077187104*a^189 + 1085701048451110639880133208*a^187 + 
    1739589179904620457080667981*a^185 - 4959679789515300877634244882*a^183 - 
    246750238284343327245484820*a^181 - 5786293087767851023906619029*a^179 - 
    4281116634233356727709161627*a^177 - 7377832124701865484639996118*a^175 + 
    8068732791898026800927353614*a^173 + 1838289275218357787978861909*a^171 - 
    8204445422954415630912370265*a^169 + 8130420351469112632738724819*a^167 + 
    4318129169976008226795984350*a^165 + 974663441223156142619665039*a^163 - 
    1862964299046792120703410391*a^161 + 320775309769646325419130266*a^159 + 
    4947342277601083711271970641*a^157 - 542850524225555319940066604*a^155 - 
    6070055861794845850238926572*a^153 + 37012535742651499086822723*a^151 + 
    5551880361397724863023408450*a^149 - 7772632505956814808232771830*a^147 - 
    7994707720412723802753708168*a^145 - 5428505242255553199400666040*a^143 + 
    1246088703335933802589698341*a^141 + 5021367349086386709445616087*a^139 - 
    6871994136218961663786752237*a^137 + 7575232315329340146436383974*a^135 - 
    2442827359014998939730299718*a^133 + 7625735906832096172947841130*a^131 - 
    777263250595681480823277183*a^129 + 2800615204527296764236252707*a^127 - 
    7254457005559693821017253708*a^125 - 4305791658061791060433710109*a^123 + 
    4811629646544694881286953990*a^121 - 1875301810961009287065684632*a^119 + 
    1714914156076186124356119499*a^117 + 8266132982525501462723741470*a^115 - 
    8142757863383329799100999060*a^113 - 3010352907068988592394914804*a^111 + 
    6489531266878229506556250766*a^109 - 3047365442811640091481737527*a^107 - 
    6218106004765451846586217464*a^105 - 7649257386814643144610029420*a^103 + 
    493500476568686654490969640*a^101 + 4046703907863230566825951048*a^99 + 
    3836966205321538738667288951*a^97 - 7970032696584289470029159686*a^95 + 
    1036351000794241974431036244*a^93 + 6033043326052194351152103849*a^91 + 
    6612906386020401170178993176*a^89 + 1665564108419317458907022535*a^87 - 
    703238179110378482649631737*a^85 + 900638369737853144446019593*a^83 - 
    456487940826035155404146917*a^81 - 345450333598080658143678748*a^79 - 
    1776601715647271956167490704*a^77 + 1936989370532095118877055837*a^75 + 
    4762279598887826215837857026*a^73 - 6600568874106184003816718935*a^71 - 
    1579201525019797294371102848*a^69 - 7402507148530299817364544600*a^67 - 
    4947342277601083711271970641*a^65 + 5551880361397724863023408450*a^63 - 
    4478516824860831389505549483*a^61 - 86362583399520164535919687*a^59 + 
    7228448196659452227064351254*a^57 - 1949326882446312285239330078*a^55 + 
    7599907339157774479160932456*a^53 + 7402507148530299817364544600*a^51 + 
    2862302764098382596047623912*a^49 - 4515529360603482888592372206*a^47 - 
    2973340371326337093308092081*a^45 - 6871994136218961663786752237*a^43 + 
    2282439704130175777020734585*a^41 + 616875595710858318113712050*a^39 + 
    5144742468228558373068358497*a^37 - 210983791245027761961251795341*a^35 + 
    77788012619139233914139089505*a^33 + 181238050019850173861808600290*a^31 - 
    230588097676718839310905564290*a^29 + 65709588455120628045472607566*a^27 - 
    192859986243042744575070935312*a^25 - 86547646078233422031353800615*a^23 + 
    27870439414216578812377510419*a^21 + 149123506507142889820808750967*a^19 + 
    302417092041291181872066195392*a^17 + 116244037255754141465347898702*a^15 + 
    192526873421358881083289530805*a^13 - 172478416560755985744593889180*a^11 - 
    106275327629066671044630311974*a^9 - 204827372799833395946476949082*a^7 + 
    274213539805390739567907280466*a^5 - 14212813725178175649339925632*a^3 + 
    48054608905875862981058168695*a + 10206633540230522676767424819)*a^300 + 
    O(a^5736) (2172735881974028540988620388*a^299 + 
    1702243197894017142686756765*a^297 - 1039018570937856496887744188*a^295 + 
    1572866045928712803536421481*a^293 + 1022679703808217546840408031*a^291 + 
    2025686077807277990562594975*a^289 + 7605575925712955339381436837*a^287 - 
    7470530187192470140010597172*a^285 + 4082463767085738759759117000*a^283 + 
    7526882606476326926908552489*a^281 + 5353479831966394755305755115*a^279 - 
    5538542510679652250739868730*a^277 + 8329821219704298186377643633*a^275 + 
    7439519684272951316451367323*a^273 - 7168094422160173656481334021*a^271 - 
    8401845613581890292708758121*a^269 - 8377170589753455959984209639*a^267 - 
    8414183125496107459071032362*a^265 + 5255780075456512870328826666*a^263 - 
    5860318159253154022080264475*a^261 + 3392815776409720749625416275*a^259 - 
    8253795470611284296361467229*a^257 + 3047365442811640091481737527*a^255 - 
    2627890037728256435164413333*a^253 - 8204445422954415630912370265*a^251 - 
    3664241038522498409595449577*a^249 - 1468163917791842797110634679*a^247 + 
    8290808006353935795448289952*a^245 + 6131743421365931682050297777*a^243 - 
    2442827359014998939730299718*a^241 + 7205106957902825155568156744*a^239 - 
    1665564108419317458907022535*a^237 + 357787845512297824505952989*a^235 - 
    4034366395949013400463676807*a^233 + 493500476568686654490969640*a^231 + 
    7205106957902825155568156744*a^229 - 2220752144559089945209363380*a^227 + 
    542850524225555319940066604*a^225 + 2245427168387524277933911862*a^223 - 
    5724605528196765192095247824*a^221 + 2072702001588483948862072488*a^219 - 
    7020044279189567660134043129*a^217 + 987000953137373308981939280*a^215 + 
    172725166799040329071839374*a^213 + 6255118540508103345673040187*a^211 + 
    8278470494439718629086015711*a^209 + 7933020160841637970942336963*a^207 - 
    2720921546486812905842102880*a^205 - 6119405909451714515688023536*a^203 - 
    3220090609610680420553576901*a^201 - 5329805146941815868502472112*a^199 - 
    3787616157664670073218191987*a^197 + 2936327835583685594221269358*a^195 + 
    5502530313740856197574311486*a^193 - 4009691372120579067739128325*a^191 - 
    2652565061556690767888961815*a^189 + 3133728026211160256017657214*a^187 + 
    8241457958697067129999192988*a^185 + 1073363536536893473517858967*a^183 + 
    2011014442017398117050701283*a^181 - 7192769445988607989205882503*a^179 + 
    5860318159253154022080264475*a^177 - 5823305623510502522993441752*a^175 + 
    160387654884823162709565133*a^173 + 2627890037728256435164413333*a^171 - 
    1369463822478105466212440751*a^169 + 4564879408260351554041469170*a^167 - 
    1455826405877625630748360438*a^165 - 2344127263701261608832105790*a^163 + 
    6600568874106184003816718935*a^161 + 4219429074662270895897790422*a^159 - 
    2652565061556690767888961815*a^157 + 7032381791103784826496317370*a^155 - 
    7180431934074390822843608262*a^153 - 4823967158458912047649228231*a^151 - 
    2159064584988004113397992175*a^149 - 1233751191421716636227424100*a^147 + 
    3133728026211160256017657214*a^145 - 2159064584988004113397992175*a^143 + 
    3738266110007801407769095023*a^141 - 8377170589753455959984209639*a^139 + 
    7575232315329340146436383974*a^137 + 8192107911040198464550096024*a^135 - 
    3701253574265149908682272300*a^133 + 831110316839251655413918958*a^131 - 
    4157741515091185064086419217*a^129 - 4972017301429518043996519123*a^127 - 
    4318129169976008226795984350*a^125 + 8414183125496107459071032362*a^123 + 
    3281778169181766252364948106*a^121 - 5712268016282548025732973583*a^119 - 
    1431151382049191298023811956*a^117 + 7575232315329340146436383974*a^115 + 
    6723943993248355667439461345*a^113 + 2442827359014998939730299718*a^111 + 
    715575691024595649011905978*a^109 + 1924651858617877952514781596*a^107 + 
    2738927644956210932424881502*a^105 + 2196077120730655612484814898*a^103 + 
    6785631552819441499250832550*a^101 - 5551880361397724863023408450*a^99 - 
    3910991276806841736840934397*a^97 - 7513544755758254314625012769*a^95 + 
    2973340371326337093308092081*a^93 - 3775278645750452906855917746*a^91 - 
    3133728026211160256017657214*a^89 - 3985016348292144735014579843*a^87 - 
    123375119142171663622742410*a^85 + 3651903526608281243233175336*a^83 - 
    7390169636616082651002270359*a^81 - 8204445422954415630912370265*a^79 + 
    3207753097696463254191302660*a^77 - 7020044279189567660134043129*a^75 - 
    7143419398331739323756785539*a^73 + 5687592992454113693008425101*a^71 - 
    1665564108419317458907022535*a^69 - 4897992229944215045822873677*a^67 - 
    1135051096107979305329230172*a^65 - 1061026024622676307155584726*a^63 + 
    6526543802620881005643073489*a^61 + 1517513965448711462559731643*a^59 - 
    1594873499613532613804262019*a^57 + 1492838941620277129835183161*a^55 + 
    666225643367726983562809014*a^53 + 5810968111596285356631167511*a^51 + 
    4404491753375528391331904037*a^49 + 3281778169181766252364948106*a^47 - 
    7192769445988607989205882503*a^45 + 5773955575853633857544344788*a^43 + 
    4564879408260351554041469170*a^41 + 4157741515091185064086419217*a^39 - 
    246750238284343327245484820*a^37 + 48054608905875862981058168695*a^35 + 
    100081896648129653530768642992*a^33 + 199189129855036150918917620945*a^31 + 
    305193032221990044303577899617*a^29 + 140487248167190873367216782267*a^27 - 
    118267389209685756748760874226*a^25 + 6625243897934618336541267417*a^23 - 
    304539144090536534486377364844*a^21 - 142103462227953322160674707838*a^19 + 
    261999403010315744869255781876*a^17 - 242888597055193354174092982567*a^15 - 
    300159327360989440427770009289*a^13 - 272054475220402735454509288291*a^11 - 
    103079912043284424956801283555*a^9 - 95344292073070261647655334448*a^7 + 
    120956966806985099015736658764*a^5 + 309708561582593527192170271823*a^3 - 
    184347103022232899785101709022*a - 181176111524200202068533918675)*a^300 + 
    O(a^5736) -257545561209283347812474780875*a^298 - 
    169480401165601214318561248617*a^296 + 259692288282357134759510498809*a^294 
    + 102364336352259829307789377577*a^292 + 
    282368635180688286533370553767*a^290 + 53557139219616719178632480181*a^288 +
    66215426443603531866325851447*a^286 + 16791353715249563419055242001*a^284 + 
    11942711532962217038681465288*a^282 - 88262560234309608155709920114*a^280 - 
    50744186503175205248033953233*a^278 + 49041609859013236290040107975*a^276 + 
    9179108864177571773532035304*a^274 - 273892764495621093242488150200*a^272 - 
    131012039017072089600990165179*a^270 + 300825553004357167411332818303*a^268 
    - 210440940720802206641311728737*a^266 + 
    140141797833592792709073103519*a^264 + 10499222638998808574295379091*a^262 +
    33780107621126601499906871858*a^260 + 185334103975370273094083648302*a^258 -
    54778552899124218648497630040*a^256 + 189442495442804589492720970555*a^254 +
    236460753347886210499348103006*a^252 + 45648794082603515540414691700*a^250 -
    1369463822478105466212440751*a^248 - 178943272803805780918425591464*a^246 - 
    170270001928111112965746800041*a^244 + 116404424910638964628057463835*a^242 
    + 170270001928111112965746800041*a^240 - 
    222309627182279120681819548579*a^238 - 191268447206108730114337558223*a^236 
    - 113209009324856718540228435416*a^234 - 11412198520650878885103672925*a^232
    + 182595176330414062161658766800*a^230 - 
    305390432412617518965374287473*a^228 - 81711341407860292817342298143*a^226 -
    197202790436847187134591468144*a^224 - 75320510236295800641684241305*a^222 -
    141511261656070898175285544270*a^220 + 57060992603254394425518364625*a^218 +
    293065258010314569769462320714*a^216 + 241938608637798632364197866010*a^214 
    - 150641020472591601283368482610*a^212 - 
    281196571548837655728954500872*a^210 - 285761450957098007282995970042*a^208 
    + 189442495442804589492720970555*a^206 + 
    227787482472191542546669311583*a^204 + 298999601241053026789716230635*a^202 
    - 91297588165207031080829383400*a^200 + 82624317289512363128150591977*a^198 
    + 147902092827635390350943601108*a^196 - 
    148815068709287460661751894942*a^194 - 262024078034144179201980330358*a^192 
    - 127360135490463808357756989843*a^190 + 14151126165607089817528554427*a^188
    - 300825553004357167411332818303*a^186 - 
    305390432412617518965374287473*a^184 + 237373729229538280810156396840*a^182 
    - 9586246757346738263487085257*a^180 + 53865577017472148337689336206*a^178 +
    134207454602854335688819193598*a^176 - 263393541856622284668192771109*a^174 
    - 92667051987685136547041824151*a^172 - 202680645726759608999441231148*a^170
    + 255275459017067389201816320531*a^168 - 47474745845907656162031279368*a^166
    - 2282439704130175777020734585*a^164 - 214549332188236523039949050990*a^162 
    - 47474745845907656162031279368*a^160 - 67103727301427167844409596799*a^158 
    + 7760294994042597641870497589*a^156 + 54322064958298183493093483123*a^154 -
    218201235714844804283182226326*a^152 - 244221048341928808141218600595*a^150 
    - 301738528886009237722141112137*a^148 + 63451823774818886601176421463*a^146
    + 245590512164406913607431041346*a^144 - 
    307672872116747694742395022058*a^142 + 293978233891966640080270614548*a^140 
    + 17803029692215371060761729763*a^138 - 295347697714444745546483055299*a^136
    + 211810404543280312107524169488*a^134 - 
    141511261656070898175285544270*a^132 + 111839545502378613074015994665*a^130 
    - 86276220816120644371383767313*a^128 - 237373729229538280810156396840*a^126
    + 81711341407860292817342298143*a^124 - 141054773715244863019881397353*a^122
    - 279827107726359550262742060121*a^120 - 
    298543113300226991634312083718*a^118 - 89015148461076855303808648815*a^116 +
    2738927644956210932424881502*a^114 - 34236595561952636655311018775*a^112 - 
    133294478721202265378010899764*a^110 + 194463862791890976202166586642*a^108 
    + 136033406366158476310435781266*a^106 + 
    299912577122705097100524524469*a^104 - 160683755170764374702259714784*a^102 
    - 305390432412617518965374287473*a^100 - 33780107621126601499906871858*a^98 
    + 127816623431289843513161136760*a^96 + 199300167462264105416178089114*a^94 
    + 239656168933668456587177131425*a^92 + 295804185655270780701887202216*a^90 
    - 44735818200951445229606397866*a^88 - 293065258010314569769462320714*a^86 -
    168900538105633007499534359290*a^84 + 294891209773618710391078908382*a^82 + 
    54322064958298183493093483123*a^80 - 277088180081403339330317178619*a^78 - 
    99514371100075663878104027906*a^76 - 37432011147734882743140047194*a^74 + 
    3341491726846577337558355432440*a^72 + 4450300935113016730035028293833*a^70 
    + 6871056485313481159143219394684*a^68 + 
    3317754353923623509477339792756*a^66 + 6239277175210248504063880061556*a^64 
    - 2234964958284268120858703305632*a^62 + 
    1198280844668342282935885657125*a^60 - 2769968824932381322992363492356*a^58 
    - 1863383774451875504359727715194*a^56 - 
    2426689893431202886128445010772*a^54 + 6355225112180061433536533378474*a^52 
    - 1477651464453875798043223570329*a^50 - 
    6708546778379412643819343092232*a^48 - 1067725293592096228490299638863*a^46 
    - 849980545818077459362521559454*a^44 - 1796280047150448336515318118395*a^42
    + 6693482676332153483691006243971*a^40 + 
    2505662307194106968013362427413*a^38 + 8325427064785229164260831472246*a^36 
    - 8895124014936121038205206824662*a^34 + 
    7092453136614108209514230649429*a^32 - 9741452657227590216324495208780*a^30 
    + 10842501570499987011159297572584*a^28 - 
    8221347814276893148828685975170*a^26 - 117773888733117070094269904586*a^24 -
    7578156305653009614864242969117*a^22 - 6881444670345252013220254305606*a^20 
    + 2029545384912552300926837192982*a^18 + 
    8787392860901176741529828152250*a^16 - 2667259038246523413026430436031*a^14 
    + 4208362326475218097670830427823*a^12 - 
    9838228100682709669270174355184*a^10 + 3769677415341398313327445240586*a^8 -
    3447396929118217493612117517184*a^6 - 6359333503647495749935170700727*a^4 - 
    8552301571375768636496692489995*a^2 + 6587850180421611143203874890735 + 
    O(a^5773) 130308800837961711118340533442*a^298 + 
    213377268556385892235532998095*a^296 - 30066516534947234424862325317*a^294 -
    32682069060761273693664464409*a^292 + 122079680391178861154703614695*a^290 -
    70940693506748706583076885750*a^288 - 182151025901502244172616894124*a^286 +
    299678164396334970939641313890*a^284 + 205666323610000163259111597470*a^282 
    + 169825851499199294976704927365*a^280 + 35186583979347358465206135332*a^278
    + 97528031681886700093777875105*a^276 + 27932126973787664644188881624*a^274 
    + 280283595667185585418146207038*a^272 + 
    216375283951540663661565638658*a^270 - 60256408189036640513347393044*a^268 +
    201311181904281503533228790397*a^266 + 215918796010714628506161491741*a^264 
    + 77602949940425976418704975890*a^262 + 304020968590139413499161846722*a^260
    - 246959975986885019073643482097*a^258 + 89928124342728925614616942649*a^256
    - 61625872011514745979559833795*a^254 - 262024078034144179201980330358*a^252
    + 239656168933668456587177131425*a^250 - 
    106361690212466191209166231661*a^248 + 139228821951940722398264809685*a^246 
    + 12781662343128984351316113676*a^244 - 35680084455916045119697104972*a^242 
    - 218657723655670839438586373243*a^240 + 
    297630137418574921323503789884*a^238 - 220483675418974980060202960911*a^236 
    + 212266892484106347262928316405*a^234 - 
    271610324791490917465467415615*a^232 + 219570699537322909749394667077*a^230 
    - 169357026046459042654938506207*a^228 + 23737372922953828081015639684*a^226
    + 83993781111990468594363032728*a^224 - 129642575194593984134777724428*a^222
    - 111383057561552577918611847748*a^220 - 58430456425732499891730805376*a^218
    - 271610324791490917465467415615*a^216 - 
    210897428661628241796715875654*a^214 - 11868686461476914040507819842*a^212 +
    198572254259325292600803908895*a^210 + 148358580768461425506347748025*a^208 
    - 73951046413817695175471800554*a^206 - 240112656874494491742581278342*a^204
    - 62538847893166816290368127629*a^202 - 167987562223980937188726065456*a^200
    + 64364799656470956911984715297*a^198 + 206332549253367890242674406484*a^196
    + 58430456425732499891730805376*a^194 + 110470081679900507607803553914*a^192
    - 145163165182679179418518719606*a^190 + 
    120969304318899316182098933005*a^188 + 210897428661628241796715875654*a^186 
    + 59799920248210605357943246127*a^184 - 7760294994042597641870497589*a^182 -
    278001155963055409641125472453*a^180 - 147445604886809355195539454191*a^178 
    - 53865577017472148337689336206*a^176 - 131925014898724159911798459013*a^174
    - 236460753347886210499348103006*a^172 + 26932788508736074168844668103*a^170
    + 8019382744241158135478256650*a^168 - 196289814555195116823783174310*a^166 
    - 22824397041301757770207345850*a^164 + 180312736626283886384638032215*a^162
    + 204050109549237714465653671899*a^160 + 
    172552441632241288742767534626*a^158 + 79885389644556152195725710475*a^156 +
    23280884982127792925611492767*a^154 + 131925014898724159911798459013*a^152 +
    143337213419375038796902131938*a^150 + 80341877585382187351129857392*a^148 -
    69842654946383378776834478301*a^146 + 16890053810563300749953435929*a^144 - 
    156575363703330058303622392531*a^142 - 286674426838750077593804263876*a^140 
    + 49300697609211796783647867036*a^138 - 202680645726759608999441231148*a^136
    - 258372174507535897958747155022*a^134 - 
    285304963016271972127591823125*a^132 - 248785927750189159695260069765*a^130 
    - 38801474970212988209352487945*a^128 + 130099063135420019290181871345*a^126
    + 164335658697372655945492890120*a^124 - 23737372922953828081015639684*a^122
    + 76689974058773906107896682056*a^120 - 89015148461076855303808648815*a^118 
    - 95862467573467382634870852570*a^116 + 113665497265682753695632582333*a^114
    + 131925014898724159911798459013*a^112 - 23280884982127792925611492767*a^110
    - 289413354483706288526229145378*a^108 - 
    233265337762103964411519074587*a^106 - 44735818200951445229606397866*a^104 +
    179399760744631816073829738381*a^102 + 16433565869737265594549289012*a^100 -
    160227267229938339546855567867*a^98 + 256089734803405722181726420437*a^96 - 
    67190089884826688008945516486*a^94 - 122795256082203456803715520673*a^92 - 
    167531074283154902033321918539*a^90 - 78972413762904081884917416641*a^88 + 
    81254853467034257661938151226*a^86 - 136489894306984511465839928183*a^84 - 
    163422682815720585634684596286*a^82 - 106818178153292226364570378578*a^80 + 
    174378393395545429364384122294*a^78 + 293978233891966640080270614548*a^76 - 
    23737372922953828081015639684*a^74 + 8246911138963151117531318202522*a^72 + 
    1441588917128619020766295963886*a^70 - 11161586641137385584786796267567*a^68
    + 917084273119504627206931156253*a^66 + 9192297664413869924373306467629*a^64
    - 2656303327666698569296730910023*a^62 + 
    8186654730774114477017970809478*a^60 - 4736518874010940772473428410792*a^58 
    - 6804409245952880026454213944802*a^56 + 
    5768638108218606258842204590129*a^54 + 3413616821497090892112210645326*a^52 
    - 6551971414676082585515720699701*a^50 - 
    6584382058474731081549415130808*a^48 - 4196493640013741183630322607981*a^46 
    - 1178651863212822771253507339694*a^44 - 
    1548863583222737282286270489381*a^42 + 1510062108252524294076918001436*a^40 
    - 5198941158067714384897829237713*a^38 - 
    5987752319815103133436195110289*a^36 - 5308498263865962822194824497793*a^34 
    + 9382196647797500549021431585101*a^32 + 
    7260897186778915181858360861802*a^30 - 5889607412537505575024303523134*a^28 
    - 5201223597771844560674849972298*a^26 + 
    9337917317537375138947229334152*a^24 + 465617699642555858512229855340*a^22 +
    6894386720343265820734279984415*a^20 + 8094444166727255375626333132244*a^18 
    - 6286751921056156160225911340924*a^16 + 164792146638198691100897037037*a^14
    + 3175786604326726576146650101569*a^12 + 
    1959246242025342886994598567764*a^10 + 5810178510833775457983981959576*a^8 +
    2229030615053529663838449395711*a^6 - 6541472192037083776941425320610*a^4 - 
    566501534565109627856546323997*a^2 - 2608071739240021252564822084215 + 
    O(a^5773) 98749445361394199563643024964*a^299 - 
    263430554392364936167279593832*a^297 + 133343828768859134043459996728*a^295 
    + 228774483425328915855651250863*a^293 - 
    225307642577433892107852189142*a^291 - 286921177077034420921049748696*a^289 
    + 130432175957103882781963275852*a^287 + 
    311460488274412364815613214045*a^285 - 84224192483145172971561181391*a^283 -
    292744482700544923444043190448*a^281 - 301491778647724894394895627317*a^279 
    + 184815928474973152106868130180*a^277 - 
    266107794477750061267893104129*a^275 + 143337213419375038796902131938*a^273 
    - 311324775643355975985628197394*a^271 - 12781662343128984351316113676*a^269
    + 266588957442404530756021799528*a^267 - 
    254263783040101581560109832769*a^265 - 295347697714444745546483055299*a^263 
    - 164335658697372655945492890120*a^261 - 
    132837990780376230222606752847*a^259 - 174378393395545429364384122294*a^257 
    + 230069922176321718323690046168*a^255 - 80798365526208222506534004309*a^253
    - 38801474970212988209352487945*a^251 - 234178313643756034722327368421*a^249
    + 296260673596096815857291349133*a^247 + 89928124342728925614616942649*a^245
    - 254263783040101581560109832769*a^243 + 71212118768861484243046919052*a^241
    - 99970859040901699033508174823*a^239 - 280283595667185585418146207038*a^237
    + 101796810804205839655124762491*a^235 + 
    120969304318899316182098933005*a^233 + 135120430484506405999627487432*a^231 
    + 226874506590539472235861017749*a^229 - 68473191123905273310622037550*a^227
    + 267958421264882636222234240279*a^225 + 
    307216384175921659586990875141*a^223 - 284848475075445936972187676208*a^221 
    - 157031851644156093459026539448*a^219 + 
    168444050164806972344130212373*a^217 + 275718716258925233864104737868*a^215 
    + 76233486117947870952492535139*a^213 - 44735818200951445229606397866*a^211 
    + 97688419336771523256487440238*a^209 + 120512816378073281026694786088*a^207
    + 262135115641372133699240798527*a^205 + 57517480544080429580922511542*a^203
    - 256089734803405722181726420437*a^201 + 1825951763304140621616587668*a^199 
    + 35149571443604706966119312609*a^197 + 47931233786733691317435426285*a^195 
    + 200398206022629433222420496563*a^193 - 83993781111990468594363032728*a^191
    - 106361690212466191209166231661*a^189 - 80341877585382187351129857392*a^187
    + 207702013075845995708886847235*a^185 - 
    153836436058373847371197511029*a^183 - 278914131844707479951933766287*a^181 
    - 275262228318099198708700590951*a^179 - 
    118230376673943105249674051503*a^177 + 139228821951940722398264809685*a^175 
    - 131468526957898124756394312096*a^173 + 
    135120430484506405999627487432*a^171 + 281653059489663690884358647789*a^169 
    - 112296033443204648229420141582*a^167 - 
    267958421264882636222234240279*a^165 - 99057883159249628722699880989*a^163 -
    201767669845107538688632937314*a^161 + 172095953691415253587363387709*a^159 
    + 150641020472591601283368482610*a^157 + 
    280740083608011620573550353955*a^155 + 123251744023029491959119667590*a^153 
    - 268871397146534706533042534113*a^151 - 
    231439385998799823789902486919*a^149 - 122338768141377421648311373756*a^147 
    + 155205899880851952837409951780*a^145 - 
    269784373028186776843850827947*a^143 + 14151126165607089817528554427*a^141 +
    259285150389187968269555448856*a^139 + 52496113194994042871476895455*a^137 +
    26476300567910039013440521186*a^135 + 108644129916596366986186966246*a^133 +
    300026282300076666120241700582*a^131 - 7303807053216562486466350672*a^129 - 
    32867131739474531189098578024*a^127 - 191724935146934765269741705140*a^125 -
    147902092827635390350943601108*a^123 - 135576918425332441155031634349*a^121 
    + 199941718081803398067016349646*a^119 + 
    195833326614369081668379027393*a^117 + 78972413762904081884917416641*a^115 -
    248785927750189159695260069765*a^113 + 87189196697772714682192061147*a^111 +
    103166274626683945121337203242*a^109 + 130099063135420019290181871345*a^107 
    + 284391987134619901816783529291*a^105 - 
    179856248685457851229233885298*a^103 + 111383057561552577918611847748*a^101 
    - 193550886910238905891358292808*a^99 + 155205899880851952837409951780*a^97 
    - 151097508413417636438772629527*a^95 + 5477855289912421864849763004*a^93 - 
    76689974058773906107896682056*a^91 + 218657723655670839438586373243*a^89 - 
    161596731052416445013068008618*a^87 - 110926569620726542763207700831*a^85 - 
    287587402720402147904612557710*a^83 + 197202790436847187134591468144*a^81 + 
    2738927644956210932424881502*a^79 + 245590512164406913607431041346*a^77 + 
    24650348804605898391823933518*a^75 + 201767669845107538688632937314*a^73 - 
    16433565869737265594549289012*a^71 + 45192306141777480385010544783*a^69 - 
    41996890555995234297181516364*a^67 + 66190751419775097533601302965*a^65 - 
    311781263584182011141032344311*a^63 - 247416463927711054229047629014*a^61 + 
    111383057561552577918611847748*a^59 + 192058047968618628761523109647*a^57 + 
    37432011147734882743140047194*a^55 - 170270001928111112965746800041*a^53 + 
    136033406366158476310435781266*a^51 + 193094398969412870735954145891*a^49 - 
    228700458353843612857477605417*a^47 + 296717161536922851012695496050*a^45 + 
    258828662448361933114151301939*a^43 - 52039625254168007716072748538*a^41 + 
    285304963016271972127591823125*a^39 + 302651504767661308032949405971*a^37 + 
    10679991863565918495835421270132*a^35 + 
    10001650783498430254904858951470*a^33 - 2005351524048772437690417406381*a^31
    - 419968905559952342971815163640*a^29 + 1610945943175078063421234470093*a^27
    + 11455564875029352224867066882115*a^25 + 
    3652360014549107278388579482917*a^23 - 3954555031375942551266124741971*a^21 
    - 6742326886000539245319249964090*a^19 + 
    4872552280377099248783864192058*a^17 - 2401126568744944917425812783420*a^15 
    - 269784373028186776843850827947*a^13 - 2323067130863692905851703660613*a^11
    - 6055769022998182371591413000922*a^9 - 4541598523278223761115857677233*a^7 
    - 6096396449731699500422382076535*a^5 + 6638247635492203229887104467014*a^3 
    - 9861965473605663497351189994868*a - 3455881641522528184987204420766 + 
    O(a^5736) (4490854336775048555867823724*a^299 + 
    5420502531824709632030542208*a^297 - 1719915850095463353962446894*a^295 - 
    8144758540991040690943530018*a^293 - 6459187656494614313611197903*a^291 - 
    5130737724974582130170641791*a^289 + 4637904140941799106293849137*a^287 + 
    1159059227400510007439601668*a^285 - 6079446429665272648887202510*a^283 + 
    2746930355387054499795005334*a^281 - 2101044934364388249964594393*a^279 - 
    3277776813966344468679886190*a^277 - 7142419059527883877835520060*a^275 + 
    1159726119936413638053778654*a^273 - 2566202478157170603353042128*a^271 - 
    7772632505956814808232771830*a^269 - 5724605528196765192095247824*a^267 + 
    1011675976965807641706487762*a^265 + 2479839894757650438817122441*a^263 + 
    8216782934868632797274644506*a^261 - 7340819588959213985553173395*a^259 + 
    5046042372914821042170164569*a^257 + 4626566967831437385852840375*a^255 - 
    6378493659650275009295782597*a^253 + 6551218826449315338367621971*a^251 - 
    8389508101667673126346483880*a^249 + 3170740561953811755104479937*a^247 + 
    7057056814932219159220865852*a^245 + 3059702954725857257844011768*a^243 - 
    5625905432883027861197053896*a^241 - 3960341324463710402290031361*a^239 - 
    3898653764892624570478660156*a^237 + 5847980647338936855717990234*a^235 - 
    6859656624304744497424477996*a^233 - 5502530313740856197574311486*a^231 + 
    5613567920968810694834779655*a^229 + 3812291181493104405942740469*a^227 - 
    7340819588959213985553173395*a^225 - 1677901620333534625269296776*a^223 - 
    185062678713257495434113615*a^221 + 6649918921763052669265815899*a^219 - 
    5601230409054593528472505414*a^217 - 8266132982525501462723741470*a^215 - 
    1591539036934014460733377089*a^213 - 5095392420571689707619261533*a^211 - 
    4256441610404922394984613145*a^209 - 3281778169181766252364948106*a^207 + 
    5576221938958207380440868439*a^205 + 7155756910245956490119059780*a^203 + 
    5613567920968810694834779655*a^201 - 4133066491262750731361870735*a^199 + 
    1085701048451110639880133208*a^197 - 3220090609610680420553576901*a^195 + 
    3688916062350932742319998059*a^193 - 4972017301429518043996519123*a^191 - 
    5379155194598684533951569076*a^189 + 2751265156870428098787155743*a^187 - 
    6119405909451714515688023536*a^185 + 5329805146941815868502472112*a^183 + 
    703238179110378482649631737*a^181 + 5009029837172169543083341846*a^179 - 
    5231105051628078537604278184*a^177 - 7858995089356334972768691517*a^175 - 
    2677240085385125100613510297*a^173 + 4885654718029997879460599436*a^171 - 
    7205106957902825155568156744*a^169 - 4651241991659871718577388857*a^167 - 
    394800381254949323592775712*a^165 + 6797969064733658665613106791*a^163 - 
    6477193754964012340193976525*a^161 + 5366817682684467367589294835*a^159 - 
    2689577597299342266975784538*a^157 - 3331128216838634917814045070*a^155 + 
    3750603621922018574131369264*a^153 - 3405153288323937915987690516*a^151 - 
    2504514918586084771541670923*a^149 + 1899976834789443619790233114*a^147 + 
    6501868778792446672918525007*a^145 + 3972678836377927568652305602*a^143 - 
    4897992229944215045822873677*a^141 - 6884331648133178830149026478*a^139 - 
    925313393566287477170568075*a^137 + 6094730885623280182963475054*a^135 - 
    1887639322875226453427958873*a^133 - 7875388028853749892865825808*a^131 - 
    8179770399125981298187821783*a^129 - 3035027930897422925119463286*a^127 + 
    4503191848689265722230097965*a^125 + 3109053002382725923293108732*a^123 + 
    6649918921763052669265815899*a^121 + 814275786338332979910099906*a^119 + 
    4564879408260351554041469170*a^117 - 4984354813343735210358793364*a^115 - 
    271425262112777659970033302*a^113 - 3195415585782246087829028419*a^111 - 
    7883670113184769305493239999*a^109 + 7920682648927420804580062722*a^107 + 
    3688916062350932742319998059*a^105 - 24675023828434332724548482*a^103 - 
    3935666300635276069565482879*a^101 + 7032381791103784826496317370*a^99 + 
    5009029837172169543083341846*a^97 + 6131743421365931682050297777*a^95 - 
    1924651858617877952514781596*a^93 - 2775940180698862431511704225*a^91 - 
    4885654718029997879460599436*a^89 + 370125357426514990868227230*a^87 + 
    4700592039316740384026485821*a^85 + 5416167730341336033038391799*a^83 + 
    3355803240667069250538593552*a^81 + 4022028884034796234101402566*a^79 + 
    7970032696584289470029159686*a^77 - 567525548053989652664615086*a^75 + 
    579863059968206819026889327*a^73 + 5872655671167371188442538716*a^71 + 
    3935666300635276069565482879*a^69 - 5268117587370730036691100907*a^67 + 
    5157079980142775539430632738*a^65 - 4811629646544694881286953990*a^63 + 
    370125357426514990868227230*a^61 + 4478516824860831389505549483*a^59 + 
    421142636423142732852766659*a^57 + 5428505242255553199400666040*a^55 + 
    1850626787132574954341136150*a^53 - 5773955575853633857544344788*a^51 - 
    3096715490468508756930834491*a^49 - 1073363536536893473517858967*a^47 + 
    3676578550436715575957723818*a^45 - 1653226596505100292544748294*a^43 + 
    3602553478951412577784078372*a^41 - 7131081886417522157394511298*a^39 - 
    1727251667990403290718393740*a^37 - 155205899880851952837409951780*a^35 - 
    87065821578630543018569318737*a^33 - 103968212901108060934885028907*a^31 + 
    67967353135422369489768793669*a^29 - 231784836332397904448046165667*a^27 - 
    204222834716036754794725511273*a^25 + 170023251689826769638501315221*a^23 - 
    257607248768854433644286152080*a^21 + 133652266566714563202516852753*a^19 + 
    142683325287921528979701597165*a^17 + 197967716175528651449052471086*a^15 - 
    187826281382042140699263044984*a^13 + 25810074924542312029877712172*a^11 - 
    219644724608808212747568312523*a^9 + 167481724235498033367872821575*a^7 + 
    181571162841534037353590004797*a^5 + 131653589636611382251828425711*a^3 - 
    208689014028983369017868786515*a - 45094754408060880227547545920)*a^300 + 
    O(a^5736))
IP1P2 after rounding  (-311841613186176084003014837905*37 + O(37^20) 
    -191995942699471198261158754568*37 + O(37^20) 
    10206633540230522676767424819*37 + O(37^20) 
    -181176111524200202068533918675*37 + O(37^20) 
    6587850180421611143203874890735 + O(37^20) -2608071739240021252564822084215 
    + O(37^20) -3455881641522528184987204420766 + O(37^20) 
    -45094754408060880227547545920*37 + O(37^20))
ZERO in disk 4 : x = 88352498486135861135531652593 + O(37^19) , inf = false
IP1P2 before rounding ((3106051985971159585529312295*a^298 - 
    2052695225511375030436762908*a^296 + 4964014590998674476626395291*a^294 - 
    114038623639520835024264606*a^292 - 317440847090128172348245336*a^290 - 
    6947352992776071923188751655*a^288 - 5327471023066153161352852661*a^286 - 
    1806611879762935333805455074*a^284 + 7344154051638732138624058325*a^282 + 
    1196071763143161506526424391*a^280 - 6967359768853180841614061235*a^278 + 
    4299789625238658384906117235*a^276 - 6351151065678226154114526171*a^274 + 
    3281778169181766252364948106*a^272 - 2738927644956210932424881502*a^270 + 
    7908345137013203638217788481*a^268 - 2183739608816438446122540657*a^266 + 
    2652565061556690767888961815*a^264 + 4268779122319139561346887386*a^262 + 
    6403168683478709342020331079*a^260 + 727913202938812815374180219*a^258 + 
    7168094422160173656481334021*a^256 - 505837988482903820853243881*a^254 - 
    4811629646544694881286953990*a^252 + 7970032696584289470029159686*a^250 - 
    308437797855429159056856025*a^248 + 3121390514296943089655382973*a^246 - 
    6909006671961613162873574960*a^244 - 7121078498378967698181856508*a^242 - 
    764925738681464314461002942*a^240 + 8315483030182370128172838434*a^238 - 
    962325929308938976257390798*a^236 - 4996692325257952376721067605*a^234 + 
    4034366395949013400463676807*a^232 - 2726590133041993766062607261*a^230 + 
    1616214060762448793457925571*a^228 - 6279793564336537678397588669*a^226 + 
    2961002859412119926945817840*a^224 - 5712268016282548025732973583*a^222 + 
    6785631552819441499250832550*a^220 + 4972017301429518043996519123*a^218 - 
    6822644088562092998337655273*a^216 + 3799953669578887239580466228*a^214 + 
    1936989370532095118877055837*a^212 + 1813614251389923455254313427*a^210 + 
    3491515871723458080523610203*a^208 + 2948665347497902760583543599*a^206 - 
    7896007625098986471855514240*a^204 - 8278470494439718629086015711*a^202 - 
    1455826405877625630748360438*a^200 - 4922667253772649378547422159*a^198 - 
    2270102192215958610658460344*a^196 - 4811629646544694881286953990*a^194 + 
    5675255480539896526646150860*a^192 - 1283101239078585301676521064*a^190 - 
    6378493659650275009295782597*a^188 + 5724605528196765192095247824*a^186 - 
    3701253574265149908682272300*a^184 + 7414844660444516983726818841*a^182 - 
    5724605528196765192095247824*a^180 - 8438858149324541791795580844*a^178 + 
    6477193754964012340193976525*a^176 + 1283101239078585301676521064*a^174 - 
    925313393566287477170568075*a^172 - 6649918921763052669265815899*a^170 + 
    6086394728924484800286262729*a^168 - 6390831171564492175658056838*a^166 - 
    5613567920968810694834779655*a^164 - 6181093469022800347499394741*a^162 + 
    579863059968206819026889327*a^160 - 4194754050833836563173241940*a^158 + 
    5157079980142775539430632738*a^156 + 1406476358220756965299263474*a^154 - 
    5083054908657472541256987292*a^152 - 2689577597299342266975784538*a^150 + 
    3898653764892624570478660156*a^148 + 4453841801032397056781001001*a^146 + 
    2763602668784645265149429984*a^144 - 1122713584193762138966955931*a^142 + 
    7057056814932219159220865852*a^140 + 8093407815726461133651902096*a^138 + 
    838950810166767312634648388*a^136 + 6193430980937017513861668982*a^134 + 
    3232428121524897586915851142*a^132 - 555188036139772486302340845*a^130 - 
    4786954622716260548562405508*a^128 + 3220090609610680420553576901*a^126 - 
    2516852430500301937903945164*a^124 - 7402507148530299817364544600*a^122 - 
    1196738655679065137140601377*a^120 + 5638242944797245027559328137*a^118 + 
    3355803240667069250538593552*a^116 + 4367479217632876892245081314*a^114 - 
    8068732791898026800927353614*a^112 + 678563155281944149925083255*a^110 - 
    900638369737853144446019593*a^108 + 4157741515091185064086419217*a^106 + 
    1505176453534494296197457402*a^104 + 4182416538919619396810967699*a^102 - 
    5884993183081588354804812957*a^100 + 320775309769646325419130266*a^98 + 
    7908345137013203638217788481*a^96 - 390799026039527539907713796*a^94 - 
    2812952716441513930598526948*a^92 - 4231766586576488062260064663*a^90 - 
    6144080933280148848412572018*a^88 - 752588226767247148098728701*a^86 - 
    2985677883240554259670366322*a^84 - 222075214455908994520936338*a^82 - 
    7723282458299946142783674866*a^80 + 4046703907863230566825951048*a^78 - 
    2504514918586084771541670923*a^76 + 1221413679507499469865149859*a^74 - 
    17642642037330547898052164630*a^72 - 177080308504758988797722181073*a^70 - 
    82056791741458373475485976891*a^68 + 145730690730733169071183334692*a^66 - 
    67547877730338985833451469475*a^64 + 54346739982126617825818031605*a^62 + 
    299678164396334970939641313890*a^60 - 70434855518265802762223641869*a^58 - 
    222593389956306115508151856122*a^56 + 288488041090140001049058577303*a^54 + 
    54075314720013840165847998303*a^52 - 178091984481724796439428668835*a^50 + 
    28573677593326957295027142156*a^48 + 93543015333594555358763295262*a^46 - 
    127446498073863328522292909530*a^44 - 244467798580213151468464085415*a^42 - 
    288549728649711086880869948508*a^40 + 137489232772036101941184141704*a^38 + 
    259963713544469912419480532111*a^36 - 38912512577440942706612956114*a^34 + 
    272276550434858644449030224629*a^32 - 259420863020244357099540465507*a^30 + 
    28820427831611300622272626976*a^28 - 21602983361794258300342195991*a^26 - 
    101525385542093061995154729189*a^24 - 159585716610399046896017307335*a^22 - 
    265409891438926911830156888280*a^20 - 238767868075844820609093386073*a^18 + 
    141116461274815948851692768558*a^16 + 229156946294669648012881752334*a^14 + 
    121265404604840528174793514789*a^12 - 244393773508727848470290439969*a^10 + 
    265108456012698470792548890608*a^8 - 65512188264493153383676219710*a^6 - 
    237052953919768634484737266574*a^4 + 210675353447172332802194939316*a^2 - 
    146680547485048068855122420513)*a^300 + O(a^5773) 
    (3807622933741778991643501567*a^298 + 2309782298102224632201991011*a^296 + 
    149383928042413257575644864*a^294 - 7908345137013203638217788481*a^292 - 
    5626905771686883307118319375*a^290 - 2101044934364388249964594393*a^288 + 
    7329148969580900449805076140*a^286 - 5330472039477719499116649098*a^284 - 
    5540209742019411327275311195*a^282 - 3858306766470454918320952503*a^280 + 
    6594233395015099512982037568*a^278 - 2291442753364874790312123896*a^276 - 
    931648872657371968005249442*a^274 + 4848642182287346380373776713*a^272 - 
    3318790704924417751451770829*a^270 + 2183739608816438446122540657*a^268 - 
    6884331648133178830149026478*a^266 - 3602553478951412577784078372*a^264 - 
    2208414632644872778847089139*a^262 - 2738927644956210932424881502*a^260 - 
    7686269922557294643696852143*a^258 - 7673932410643077477334577902*a^256 - 
    5564217873311942029385682691*a^254 + 592200571882423985389163568*a^252 - 
    6144080933280148848412572018*a^250 + 6884331648133178830149026478*a^248 + 
    283762774026994826332307543*a^246 - 2714252621127776599700333020*a^244 + 
    6816308609471008507502973906*a^242 - 6082393373709063016601200813*a^240 + 
    6970694231532698994684946165*a^238 - 8278470494439718629086015711*a^236 - 
    308437797855429159056856025*a^234 - 6538881314535098172005347730*a^232 - 
    222075214455908994520936338*a^230 + 8118082839554895466376450578*a^228 + 
    3047365442811640091481737527*a^226 + 3701253574265149908682272300*a^224 - 
    7377832124701865484639996118*a^222 + 333112821683863491781404507*a^220 - 
    616875595710858318113712050*a^218 - 5835643135424719689355715993*a^216 + 
    6773294040905224332888558309*a^214 + 6662256433677269835628090140*a^212 + 
    6526543802620881005643073489*a^210 + 4737604575059391883113308544*a^208 + 
    8303145518268152961810564193*a^206 + 6946019207704264661960397683*a^202 + 
    2553864966242953436990767887*a^200 - 1295438750992802468038795305*a^198 - 
    1566864013105580128008828607*a^196 + 2109714537331135447948895211*a^194 - 
    5564217873311942029385682691*a^192 + 3713591086179367075044546541*a^190 - 
    4959679789515300877634244882*a^188 - 3170740561953811755104479937*a^186 + 
    6094730885623280182963475054*a^184 - 2023351953931615283412975524*a^182 - 
    3824628693407321572305014710*a^180 - 1332451286735453967125618028*a^178 + 
    1505176453534494296197457402*a^176 + 518175500397120987215518122*a^174 + 
    4009691372120579067739128325*a^172 + 6637581409848835502903541658*a^170 - 
    6237445888306657134397350058*a^168 - 7007706767275350493771768888*a^166 - 
    7118744374503304991032237057*a^164 - 6144080933280148848412572018*a^162 + 
    1135051096107979305329230172*a^160 + 7118744374503304991032237057*a^158 + 
    949988417394721809895116557*a^156 - 1887639322875226453427958873*a^154 + 
    2122052049245352614311169452*a^152 + 7143419398331739323756785539*a^150 + 
    8303145518268152961810564193*a^148 - 8204445422954415630912370265*a^146 - 
    7476532220015602815538190046*a^144 + 5416167730341336033038391799*a^142 - 
    1517513965448711462559731643*a^140 - 5033704861000603875807890328*a^138 - 
    6440181219221360841107153802*a^136 - 135712631056388829985016651*a^134 + 
    5144742468228558373068358497*a^132 + 5465517777998204698487488763*a^130 + 
    5551880361397724863023408450*a^128 - 1221413679507499469865149859*a^126 - 
    1270763727164368135314246823*a^124 + 6316806100079189177484411392*a^122 + 
    6489531266878229506556250766*a^120 - 370125357426514990868227230*a^116 - 
    8007045232326940969115982409*a^114 + 5243442563542295703966552425*a^112 + 
    4737604575059391883113308544*a^110 - 1899976834789443619790233114*a^108 + 
    5971355766481108519340732644*a^106 + 5835643135424719689355715993*a^104 + 
    1085701048451110639880133208*a^102 + 2652565061556690767888961815*a^100 + 
    2590877501985604936077590610*a^98 + 1677901620333534625269296776*a^96 + 
    7822649446149587104296045780*a^94 - 2233089656473307111571637621*a^92 + 
    2961002859412119926945817840*a^90 + 7525882267672471480987287010*a^88 - 
    1468163917791842797110634679*a^86 + 6649918921763052669265815899*a^84 - 
    7266794517473910987379527949*a^82 + 4429166777203962724056452519*a^80 - 
    7612244851071991645523206697*a^78 - 5687592992454113693008425101*a^76 - 
    1246088703335933802589698341*a^74 - 85671682732324003219632329504*a^72 - 
    131271126767270650094597924240*a^70 - 56419441983715101774680104093*a^68 + 
    185728904356625222417676424014*a^66 + 21047795325654485814039855146*a^64 - 
    236263353157258735837551715150*a^62 + 40824826924144603492765463469*a^60 - 
    192884661266871178907795483794*a^58 - 107743491546858513841740946653*a^56 - 
    292238644712062019623189946567*a^54 - 74901034831212416985366917111*a^52 + 
    39874838506749881682870346912*a^50 - 8525220732724061956331500531*a^48 - 
    81538616241061252488270458769*a^46 + 75628948034151229800741097330*a^44 + 
    137045082343124283952142269028*a^42 + 217411634952334905635996674902*a^40 + 
    128149736252973707004942541267*a^38 - 120142691020646766035826558858*a^36 + 
    56135679209688106948347796550*a^34 - 167864187104838765525103323046*a^32 + 
    19752356574661683346001059841*a^30 - 256657260351459711834391035523*a^28 - 
    261172789712063194722983407729*a^26 - 121475142307382220002952176886*a^24 + 
    175932919896736792326030676660*a^22 + 190635899635804136476790687002*a^20 + 
    270734361445581498653745944504*a^18 + 61773922154485351975907124687*a^16 + 
    217485660023820208634170320348*a^14 + 225184267458291720444229446732*a^12 + 
    115442098981330025651800073037*a^10 + 239026955826043381102701145134*a^8 - 
    212476630186648039091086978502*a^6 + 238804880611587472108180208796*a^4 + 
    307487809438034437246960908443*a^2 + 249595144454626378802448363532)*a^300 +
    O(a^5773) (-3678912674312378283107343269*a^299 + 
    2677906977921028731227687283*a^297 - 7833986619259948824737054542*a^295 + 
    1405142573148949704070909502*a^293 + 8124084872378028141904043452*a^291 - 
    8050393247160676959037486499*a^289 + 4915664882145661257098563806*a^287 - 
    6193764427204969329168757475*a^285 - 1899336978437427974200955195*a^283 + 
    7088067317851737982780095701*a^281 + 841618380310381835091356332*a^279 + 
    2799948311991393133622075721*a^277 - 7093735904406918843000600082*a^275 - 
    5613567920968810694834779655*a^273 - 6884331648133178830149026478*a^271 - 
    4762279598887826215837857026*a^269 + 5243442563542295703966552425*a^267 - 
    1246088703335933802589698341*a^265 - 7834320065527900640044143035*a^263 - 
    6193430980937017513861668982*a^261 + 3651903526608281243233175336*a^259 + 
    2220752144559089945209363380*a^257 + 7427182172358734150089093082*a^255 + 
    8266132982525501462723741470*a^253 + 3898653764892624570478660156*a^251 - 
    2159064584988004113397992175*a^249 - 777263250595681480823277183*a^247 - 
    6637581409848835502903541658*a^245 - 3664241038522498409595449577*a^243 + 
    3331128216838634917814045070*a^241 + 8229120446782849963636918747*a^239 - 
    1468163917791842797110634679*a^237 - 4972017301429518043996519123*a^235 + 
    4293454146147573894071435868*a^233 - 3257103145353331919640399624*a^231 - 
    5959018254566891352978458403*a^229 + 962325929308938976257390798*a^227 + 
    863625833995201645359196870*a^225 + 518175500397120987215518122*a^223 - 
    6267456052422320512035314428*a^221 + 4959679789515300877634244882*a^219 + 
    1838289275218357787978861909*a^217 + 4441504289118179890418726760*a^215 - 
    1603876548848231627095651330*a^213 + 7501207243844037148262738528*a^211 - 
    7747957482128380475508223348*a^209 + 4083716443605882065912773771*a^207 - 
    991669200888698723281178182*a^205 - 1443488893963408464386086197*a^203 - 
    3318790704924417751451770829*a^201 - 7353157100873431151915447636*a^199 + 
    1924651858617877952514781596*a^197 + 4170079027005402230448693458*a^195 + 
    7094069350674870658307688575*a^193 - 246750238284343327245484820*a^191 - 
    6711606481334138501077187104*a^189 + 1085701048451110639880133208*a^187 + 
    1739589179904620457080667981*a^185 - 4959679789515300877634244882*a^183 - 
    246750238284343327245484820*a^181 - 5786293087767851023906619029*a^179 - 
    4281116634233356727709161627*a^177 - 7377832124701865484639996118*a^175 + 
    8068732791898026800927353614*a^173 + 1838289275218357787978861909*a^171 - 
    8204445422954415630912370265*a^169 + 8130420351469112632738724819*a^167 + 
    4318129169976008226795984350*a^165 + 974663441223156142619665039*a^163 - 
    1862964299046792120703410391*a^161 + 320775309769646325419130266*a^159 + 
    4947342277601083711271970641*a^157 - 542850524225555319940066604*a^155 - 
    6070055861794845850238926572*a^153 + 37012535742651499086822723*a^151 + 
    5551880361397724863023408450*a^149 - 7772632505956814808232771830*a^147 - 
    7994707720412723802753708168*a^145 - 5428505242255553199400666040*a^143 + 
    1246088703335933802589698341*a^141 + 5021367349086386709445616087*a^139 - 
    6871994136218961663786752237*a^137 + 7575232315329340146436383974*a^135 - 
    2442827359014998939730299718*a^133 + 7625735906832096172947841130*a^131 - 
    777263250595681480823277183*a^129 + 2800615204527296764236252707*a^127 - 
    7254457005559693821017253708*a^125 - 4305791658061791060433710109*a^123 + 
    4811629646544694881286953990*a^121 - 1875301810961009287065684632*a^119 + 
    1714914156076186124356119499*a^117 + 8266132982525501462723741470*a^115 - 
    8142757863383329799100999060*a^113 - 3010352907068988592394914804*a^111 + 
    6489531266878229506556250766*a^109 - 3047365442811640091481737527*a^107 - 
    6218106004765451846586217464*a^105 - 7649257386814643144610029420*a^103 + 
    493500476568686654490969640*a^101 + 4046703907863230566825951048*a^99 + 
    3836966205321538738667288951*a^97 - 7970032696584289470029159686*a^95 + 
    1036351000794241974431036244*a^93 + 6033043326052194351152103849*a^91 + 
    6612906386020401170178993176*a^89 + 1665564108419317458907022535*a^87 - 
    703238179110378482649631737*a^85 + 900638369737853144446019593*a^83 - 
    456487940826035155404146917*a^81 - 345450333598080658143678748*a^79 - 
    1776601715647271956167490704*a^77 + 1936989370532095118877055837*a^75 + 
    4762279598887826215837857026*a^73 - 6600568874106184003816718935*a^71 - 
    1579201525019797294371102848*a^69 - 7402507148530299817364544600*a^67 - 
    4947342277601083711271970641*a^65 + 5551880361397724863023408450*a^63 - 
    4478516824860831389505549483*a^61 - 86362583399520164535919687*a^59 + 
    7228448196659452227064351254*a^57 - 1949326882446312285239330078*a^55 + 
    7599907339157774479160932456*a^53 + 7402507148530299817364544600*a^51 + 
    2862302764098382596047623912*a^49 - 4515529360603482888592372206*a^47 - 
    2973340371326337093308092081*a^45 - 6871994136218961663786752237*a^43 + 
    2282439704130175777020734585*a^41 + 616875595710858318113712050*a^39 + 
    5144742468228558373068358497*a^37 - 210983791245027761961251795341*a^35 + 
    77788012619139233914139089505*a^33 + 181238050019850173861808600290*a^31 - 
    230588097676718839310905564290*a^29 + 65709588455120628045472607566*a^27 - 
    192859986243042744575070935312*a^25 - 86547646078233422031353800615*a^23 + 
    27870439414216578812377510419*a^21 + 149123506507142889820808750967*a^19 + 
    302417092041291181872066195392*a^17 + 116244037255754141465347898702*a^15 + 
    192526873421358881083289530805*a^13 - 172478416560755985744593889180*a^11 - 
    106275327629066671044630311974*a^9 - 204827372799833395946476949082*a^7 + 
    274213539805390739567907280466*a^5 - 14212813725178175649339925632*a^3 + 
    48054608905875862981058168695*a - 201628594054952485343775688634)*a^300 + 
    O(a^5736) (2172735881974028540988620388*a^299 + 
    1702243197894017142686756765*a^297 - 1039018570937856496887744188*a^295 + 
    1572866045928712803536421481*a^293 + 1022679703808217546840408031*a^291 + 
    2025686077807277990562594975*a^289 + 7605575925712955339381436837*a^287 - 
    7470530187192470140010597172*a^285 + 4082463767085738759759117000*a^283 + 
    7526882606476326926908552489*a^281 + 5353479831966394755305755115*a^279 - 
    5538542510679652250739868730*a^277 + 8329821219704298186377643633*a^275 + 
    7439519684272951316451367323*a^273 - 7168094422160173656481334021*a^271 - 
    8401845613581890292708758121*a^269 - 8377170589753455959984209639*a^267 - 
    8414183125496107459071032362*a^265 + 5255780075456512870328826666*a^263 - 
    5860318159253154022080264475*a^261 + 3392815776409720749625416275*a^259 - 
    8253795470611284296361467229*a^257 + 3047365442811640091481737527*a^255 - 
    2627890037728256435164413333*a^253 - 8204445422954415630912370265*a^251 - 
    3664241038522498409595449577*a^249 - 1468163917791842797110634679*a^247 + 
    8290808006353935795448289952*a^245 + 6131743421365931682050297777*a^243 - 
    2442827359014998939730299718*a^241 + 7205106957902825155568156744*a^239 - 
    1665564108419317458907022535*a^237 + 357787845512297824505952989*a^235 - 
    4034366395949013400463676807*a^233 + 493500476568686654490969640*a^231 + 
    7205106957902825155568156744*a^229 - 2220752144559089945209363380*a^227 + 
    542850524225555319940066604*a^225 + 2245427168387524277933911862*a^223 - 
    5724605528196765192095247824*a^221 + 2072702001588483948862072488*a^219 - 
    7020044279189567660134043129*a^217 + 987000953137373308981939280*a^215 + 
    172725166799040329071839374*a^213 + 6255118540508103345673040187*a^211 + 
    8278470494439718629086015711*a^209 + 7933020160841637970942336963*a^207 - 
    2720921546486812905842102880*a^205 - 6119405909451714515688023536*a^203 - 
    3220090609610680420553576901*a^201 - 5329805146941815868502472112*a^199 - 
    3787616157664670073218191987*a^197 + 2936327835583685594221269358*a^195 + 
    5502530313740856197574311486*a^193 - 4009691372120579067739128325*a^191 - 
    2652565061556690767888961815*a^189 + 3133728026211160256017657214*a^187 + 
    8241457958697067129999192988*a^185 + 1073363536536893473517858967*a^183 + 
    2011014442017398117050701283*a^181 - 7192769445988607989205882503*a^179 + 
    5860318159253154022080264475*a^177 - 5823305623510502522993441752*a^175 + 
    160387654884823162709565133*a^173 + 2627890037728256435164413333*a^171 - 
    1369463822478105466212440751*a^169 + 4564879408260351554041469170*a^167 - 
    1455826405877625630748360438*a^165 - 2344127263701261608832105790*a^163 + 
    6600568874106184003816718935*a^161 + 4219429074662270895897790422*a^159 - 
    2652565061556690767888961815*a^157 + 7032381791103784826496317370*a^155 - 
    7180431934074390822843608262*a^153 - 4823967158458912047649228231*a^151 - 
    2159064584988004113397992175*a^149 - 1233751191421716636227424100*a^147 + 
    3133728026211160256017657214*a^145 - 2159064584988004113397992175*a^143 + 
    3738266110007801407769095023*a^141 - 8377170589753455959984209639*a^139 + 
    7575232315329340146436383974*a^137 + 8192107911040198464550096024*a^135 - 
    3701253574265149908682272300*a^133 + 831110316839251655413918958*a^131 - 
    4157741515091185064086419217*a^129 - 4972017301429518043996519123*a^127 - 
    4318129169976008226795984350*a^125 + 8414183125496107459071032362*a^123 + 
    3281778169181766252364948106*a^121 - 5712268016282548025732973583*a^119 - 
    1431151382049191298023811956*a^117 + 7575232315329340146436383974*a^115 + 
    6723943993248355667439461345*a^113 + 2442827359014998939730299718*a^111 + 
    715575691024595649011905978*a^109 + 1924651858617877952514781596*a^107 + 
    2738927644956210932424881502*a^105 + 2196077120730655612484814898*a^103 + 
    6785631552819441499250832550*a^101 - 5551880361397724863023408450*a^99 - 
    3910991276806841736840934397*a^97 - 7513544755758254314625012769*a^95 + 
    2973340371326337093308092081*a^93 - 3775278645750452906855917746*a^91 - 
    3133728026211160256017657214*a^89 - 3985016348292144735014579843*a^87 - 
    123375119142171663622742410*a^85 + 3651903526608281243233175336*a^83 - 
    7390169636616082651002270359*a^81 - 8204445422954415630912370265*a^79 + 
    3207753097696463254191302660*a^77 - 7020044279189567660134043129*a^75 - 
    7143419398331739323756785539*a^73 + 5687592992454113693008425101*a^71 - 
    1665564108419317458907022535*a^69 - 4897992229944215045822873677*a^67 - 
    1135051096107979305329230172*a^65 - 1061026024622676307155584726*a^63 + 
    6526543802620881005643073489*a^61 + 1517513965448711462559731643*a^59 - 
    1594873499613532613804262019*a^57 + 1492838941620277129835183161*a^55 + 
    666225643367726983562809014*a^53 + 5810968111596285356631167511*a^51 + 
    4404491753375528391331904037*a^49 + 3281778169181766252364948106*a^47 - 
    7192769445988607989205882503*a^45 + 5773955575853633857544344788*a^43 + 
    4564879408260351554041469170*a^41 + 4157741515091185064086419217*a^39 - 
    246750238284343327245484820*a^37 + 48054608905875862981058168695*a^35 + 
    100081896648129653530768642992*a^33 + 199189129855036150918917620945*a^31 + 
    305193032221990044303577899617*a^29 + 140487248167190873367216782267*a^27 - 
    118267389209685756748760874226*a^25 + 6625243897934618336541267417*a^23 - 
    304539144090536534486377364844*a^21 - 142103462227953322160674707838*a^19 + 
    261999403010315744869255781876*a^17 - 242888597055193354174092982567*a^15 - 
    300159327360989440427770009289*a^13 - 272054475220402735454509288291*a^11 - 
    103079912043284424956801283555*a^9 - 95344292073070261647655334448*a^7 + 
    120956966806985099015736658764*a^5 + 309708561582593527192170271823*a^3 - 
    184347103022232899785101709022*a - 193133401481659568880531915894)*a^300 + 
    O(a^5736) -257545561209283347812474780875*a^298 - 
    169480401165601214318561248617*a^296 + 259692288282357134759510498809*a^294 
    + 102364336352259829307789377577*a^292 + 
    282368635180688286533370553767*a^290 + 53557139219616719178632480181*a^288 +
    66215426443603531866325851447*a^286 + 16791353715249563419055242001*a^284 + 
    11942711532962217038681465288*a^282 - 88262560234309608155709920114*a^280 - 
    50744186503175205248033953233*a^278 + 49041609859013236290040107975*a^276 + 
    9179108864177571773532035304*a^274 - 273892764495621093242488150200*a^272 - 
    131012039017072089600990165179*a^270 + 300825553004357167411332818303*a^268 
    - 210440940720802206641311728737*a^266 + 
    140141797833592792709073103519*a^264 + 10499222638998808574295379091*a^262 +
    33780107621126601499906871858*a^260 + 185334103975370273094083648302*a^258 -
    54778552899124218648497630040*a^256 + 189442495442804589492720970555*a^254 +
    236460753347886210499348103006*a^252 + 45648794082603515540414691700*a^250 -
    1369463822478105466212440751*a^248 - 178943272803805780918425591464*a^246 - 
    170270001928111112965746800041*a^244 + 116404424910638964628057463835*a^242 
    + 170270001928111112965746800041*a^240 - 
    222309627182279120681819548579*a^238 - 191268447206108730114337558223*a^236 
    - 113209009324856718540228435416*a^234 - 11412198520650878885103672925*a^232
    + 182595176330414062161658766800*a^230 - 
    305390432412617518965374287473*a^228 - 81711341407860292817342298143*a^226 -
    197202790436847187134591468144*a^224 - 75320510236295800641684241305*a^222 -
    141511261656070898175285544270*a^220 + 57060992603254394425518364625*a^218 +
    293065258010314569769462320714*a^216 + 241938608637798632364197866010*a^214 
    - 150641020472591601283368482610*a^212 - 
    281196571548837655728954500872*a^210 - 285761450957098007282995970042*a^208 
    + 189442495442804589492720970555*a^206 + 
    227787482472191542546669311583*a^204 + 298999601241053026789716230635*a^202 
    - 91297588165207031080829383400*a^200 + 82624317289512363128150591977*a^198 
    + 147902092827635390350943601108*a^196 - 
    148815068709287460661751894942*a^194 - 262024078034144179201980330358*a^192 
    - 127360135490463808357756989843*a^190 + 14151126165607089817528554427*a^188
    - 300825553004357167411332818303*a^186 - 
    305390432412617518965374287473*a^184 + 237373729229538280810156396840*a^182 
    - 9586246757346738263487085257*a^180 + 53865577017472148337689336206*a^178 +
    134207454602854335688819193598*a^176 - 263393541856622284668192771109*a^174 
    - 92667051987685136547041824151*a^172 - 202680645726759608999441231148*a^170
    + 255275459017067389201816320531*a^168 - 47474745845907656162031279368*a^166
    - 2282439704130175777020734585*a^164 - 214549332188236523039949050990*a^162 
    - 47474745845907656162031279368*a^160 - 67103727301427167844409596799*a^158 
    + 7760294994042597641870497589*a^156 + 54322064958298183493093483123*a^154 -
    218201235714844804283182226326*a^152 - 244221048341928808141218600595*a^150 
    - 301738528886009237722141112137*a^148 + 63451823774818886601176421463*a^146
    + 245590512164406913607431041346*a^144 - 
    307672872116747694742395022058*a^142 + 293978233891966640080270614548*a^140 
    + 17803029692215371060761729763*a^138 - 295347697714444745546483055299*a^136
    + 211810404543280312107524169488*a^134 - 
    141511261656070898175285544270*a^132 + 111839545502378613074015994665*a^130 
    - 86276220816120644371383767313*a^128 - 237373729229538280810156396840*a^126
    + 81711341407860292817342298143*a^124 - 141054773715244863019881397353*a^122
    - 279827107726359550262742060121*a^120 - 
    298543113300226991634312083718*a^118 - 89015148461076855303808648815*a^116 +
    2738927644956210932424881502*a^114 - 34236595561952636655311018775*a^112 - 
    133294478721202265378010899764*a^110 + 194463862791890976202166586642*a^108 
    + 136033406366158476310435781266*a^106 + 
    299912577122705097100524524469*a^104 - 160683755170764374702259714784*a^102 
    - 305390432412617518965374287473*a^100 - 33780107621126601499906871858*a^98 
    + 127816623431289843513161136760*a^96 + 199300167462264105416178089114*a^94 
    + 239656168933668456587177131425*a^92 + 295804185655270780701887202216*a^90 
    - 44735818200951445229606397866*a^88 - 293065258010314569769462320714*a^86 -
    168900538105633007499534359290*a^84 + 294891209773618710391078908382*a^82 + 
    54322064958298183493093483123*a^80 - 277088180081403339330317178619*a^78 - 
    99514371100075663878104027906*a^76 - 37432011147734882743140047194*a^74 + 
    3341491726846577337558355432440*a^72 + 4450300935113016730035028293833*a^70 
    + 6871056485313481159143219394684*a^68 + 
    3317754353923623509477339792756*a^66 + 6239277175210248504063880061556*a^64 
    - 2234964958284268120858703305632*a^62 + 
    1198280844668342282935885657125*a^60 - 2769968824932381322992363492356*a^58 
    - 1863383774451875504359727715194*a^56 - 
    2426689893431202886128445010772*a^54 + 6355225112180061433536533378474*a^52 
    - 1477651464453875798043223570329*a^50 - 
    6708546778379412643819343092232*a^48 - 1067725293592096228490299638863*a^46 
    - 849980545818077459362521559454*a^44 - 1796280047150448336515318118395*a^42
    + 6693482676332153483691006243971*a^40 + 
    2505662307194106968013362427413*a^38 + 8325427064785229164260831472246*a^36 
    - 8895124014936121038205206824662*a^34 + 
    7092453136614108209514230649429*a^32 - 9741452657227590216324495208780*a^30 
    + 10842501570499987011159297572584*a^28 - 
    8221347814276893148828685975170*a^26 - 117773888733117070094269904586*a^24 -
    7578156305653009614864242969117*a^22 - 6881444670345252013220254305606*a^20 
    + 2029545384912552300926837192982*a^18 + 
    8787392860901176741529828152250*a^16 - 2667259038246523413026430436031*a^14 
    + 4208362326475218097670830427823*a^12 - 
    9838228100682709669270174355184*a^10 + 3769677415341398313327445240586*a^8 -
    3447396929118217493612117517184*a^6 - 6359333503647495749935170700727*a^4 - 
    8552301571375768636496692489995*a^2 - 11351183969589693091292297575452 + 
    O(a^5773) 130308800837961711118340533442*a^298 + 
    213377268556385892235532998095*a^296 - 30066516534947234424862325317*a^294 -
    32682069060761273693664464409*a^292 + 122079680391178861154703614695*a^290 -
    70940693506748706583076885750*a^288 - 182151025901502244172616894124*a^286 +
    299678164396334970939641313890*a^284 + 205666323610000163259111597470*a^282 
    + 169825851499199294976704927365*a^280 + 35186583979347358465206135332*a^278
    + 97528031681886700093777875105*a^276 + 27932126973787664644188881624*a^274 
    + 280283595667185585418146207038*a^272 + 
    216375283951540663661565638658*a^270 - 60256408189036640513347393044*a^268 +
    201311181904281503533228790397*a^266 + 215918796010714628506161491741*a^264 
    + 77602949940425976418704975890*a^262 + 304020968590139413499161846722*a^260
    - 246959975986885019073643482097*a^258 + 89928124342728925614616942649*a^256
    - 61625872011514745979559833795*a^254 - 262024078034144179201980330358*a^252
    + 239656168933668456587177131425*a^250 - 
    106361690212466191209166231661*a^248 + 139228821951940722398264809685*a^246 
    + 12781662343128984351316113676*a^244 - 35680084455916045119697104972*a^242 
    - 218657723655670839438586373243*a^240 + 
    297630137418574921323503789884*a^238 - 220483675418974980060202960911*a^236 
    + 212266892484106347262928316405*a^234 - 
    271610324791490917465467415615*a^232 + 219570699537322909749394667077*a^230 
    - 169357026046459042654938506207*a^228 + 23737372922953828081015639684*a^226
    + 83993781111990468594363032728*a^224 - 129642575194593984134777724428*a^222
    - 111383057561552577918611847748*a^220 - 58430456425732499891730805376*a^218
    - 271610324791490917465467415615*a^216 - 
    210897428661628241796715875654*a^214 - 11868686461476914040507819842*a^212 +
    198572254259325292600803908895*a^210 + 148358580768461425506347748025*a^208 
    - 73951046413817695175471800554*a^206 - 240112656874494491742581278342*a^204
    - 62538847893166816290368127629*a^202 - 167987562223980937188726065456*a^200
    + 64364799656470956911984715297*a^198 + 206332549253367890242674406484*a^196
    + 58430456425732499891730805376*a^194 + 110470081679900507607803553914*a^192
    - 145163165182679179418518719606*a^190 + 
    120969304318899316182098933005*a^188 + 210897428661628241796715875654*a^186 
    + 59799920248210605357943246127*a^184 - 7760294994042597641870497589*a^182 -
    278001155963055409641125472453*a^180 - 147445604886809355195539454191*a^178 
    - 53865577017472148337689336206*a^176 - 131925014898724159911798459013*a^174
    - 236460753347886210499348103006*a^172 + 26932788508736074168844668103*a^170
    + 8019382744241158135478256650*a^168 - 196289814555195116823783174310*a^166 
    - 22824397041301757770207345850*a^164 + 180312736626283886384638032215*a^162
    + 204050109549237714465653671899*a^160 + 
    172552441632241288742767534626*a^158 + 79885389644556152195725710475*a^156 +
    23280884982127792925611492767*a^154 + 131925014898724159911798459013*a^152 +
    143337213419375038796902131938*a^150 + 80341877585382187351129857392*a^148 -
    69842654946383378776834478301*a^146 + 16890053810563300749953435929*a^144 - 
    156575363703330058303622392531*a^142 - 286674426838750077593804263876*a^140 
    + 49300697609211796783647867036*a^138 - 202680645726759608999441231148*a^136
    - 258372174507535897958747155022*a^134 - 
    285304963016271972127591823125*a^132 - 248785927750189159695260069765*a^130 
    - 38801474970212988209352487945*a^128 + 130099063135420019290181871345*a^126
    + 164335658697372655945492890120*a^124 - 23737372922953828081015639684*a^122
    + 76689974058773906107896682056*a^120 - 89015148461076855303808648815*a^118 
    - 95862467573467382634870852570*a^116 + 113665497265682753695632582333*a^114
    + 131925014898724159911798459013*a^112 - 23280884982127792925611492767*a^110
    - 289413354483706288526229145378*a^108 - 
    233265337762103964411519074587*a^106 - 44735818200951445229606397866*a^104 +
    179399760744631816073829738381*a^102 + 16433565869737265594549289012*a^100 -
    160227267229938339546855567867*a^98 + 256089734803405722181726420437*a^96 - 
    67190089884826688008945516486*a^94 - 122795256082203456803715520673*a^92 - 
    167531074283154902033321918539*a^90 - 78972413762904081884917416641*a^88 + 
    81254853467034257661938151226*a^86 - 136489894306984511465839928183*a^84 - 
    163422682815720585634684596286*a^82 - 106818178153292226364570378578*a^80 + 
    174378393395545429364384122294*a^78 + 293978233891966640080270614548*a^76 - 
    23737372922953828081015639684*a^74 + 8246911138963151117531318202522*a^72 + 
    1441588917128619020766295963886*a^70 - 11161586641137385584786796267567*a^68
    + 917084273119504627206931156253*a^66 + 9192297664413869924373306467629*a^64
    - 2656303327666698569296730910023*a^62 + 
    8186654730774114477017970809478*a^60 - 4736518874010940772473428410792*a^58 
    - 6804409245952880026454213944802*a^56 + 
    5768638108218606258842204590129*a^54 + 3413616821497090892112210645326*a^52 
    - 6551971414676082585515720699701*a^50 - 
    6584382058474731081549415130808*a^48 - 4196493640013741183630322607981*a^46 
    - 1178651863212822771253507339694*a^44 - 
    1548863583222737282286270489381*a^42 + 1510062108252524294076918001436*a^40 
    - 5198941158067714384897829237713*a^38 - 
    5987752319815103133436195110289*a^36 - 5308498263865962822194824497793*a^34 
    + 9382196647797500549021431585101*a^32 + 
    7260897186778915181858360861802*a^30 - 5889607412537505575024303523134*a^28 
    - 5201223597771844560674849972298*a^26 + 
    9337917317537375138947229334152*a^24 + 465617699642555858512229855340*a^22 +
    6894386720343265820734279984415*a^20 + 8094444166727255375626333132244*a^18 
    - 6286751921056156160225911340924*a^16 + 164792146638198691100897037037*a^14
    + 3175786604326726576146650101569*a^12 + 
    1959246242025342886994598567764*a^10 + 5810178510833775457983981959576*a^8 +
    2229030615053529663838449395711*a^6 - 6541472192037083776941425320610*a^4 - 
    566501534565109627856546323997*a^2 + 1764348183959166165625170165660 + 
    O(a^5773) 98749445361394199563643024964*a^299 - 
    263430554392364936167279593832*a^297 + 133343828768859134043459996728*a^295 
    + 228774483425328915855651250863*a^293 - 
    225307642577433892107852189142*a^291 - 286921177077034420921049748696*a^289 
    + 130432175957103882781963275852*a^287 + 
    311460488274412364815613214045*a^285 - 84224192483145172971561181391*a^283 -
    292744482700544923444043190448*a^281 - 301491778647724894394895627317*a^279 
    + 184815928474973152106868130180*a^277 - 
    266107794477750061267893104129*a^275 + 143337213419375038796902131938*a^273 
    - 311324775643355975985628197394*a^271 - 12781662343128984351316113676*a^269
    + 266588957442404530756021799528*a^267 - 
    254263783040101581560109832769*a^265 - 295347697714444745546483055299*a^263 
    - 164335658697372655945492890120*a^261 - 
    132837990780376230222606752847*a^259 - 174378393395545429364384122294*a^257 
    + 230069922176321718323690046168*a^255 - 80798365526208222506534004309*a^253
    - 38801474970212988209352487945*a^251 - 234178313643756034722327368421*a^249
    + 296260673596096815857291349133*a^247 + 89928124342728925614616942649*a^245
    - 254263783040101581560109832769*a^243 + 71212118768861484243046919052*a^241
    - 99970859040901699033508174823*a^239 - 280283595667185585418146207038*a^237
    + 101796810804205839655124762491*a^235 + 
    120969304318899316182098933005*a^233 + 135120430484506405999627487432*a^231 
    + 226874506590539472235861017749*a^229 - 68473191123905273310622037550*a^227
    + 267958421264882636222234240279*a^225 + 
    307216384175921659586990875141*a^223 - 284848475075445936972187676208*a^221 
    - 157031851644156093459026539448*a^219 + 
    168444050164806972344130212373*a^217 + 275718716258925233864104737868*a^215 
    + 76233486117947870952492535139*a^213 - 44735818200951445229606397866*a^211 
    + 97688419336771523256487440238*a^209 + 120512816378073281026694786088*a^207
    + 262135115641372133699240798527*a^205 + 57517480544080429580922511542*a^203
    - 256089734803405722181726420437*a^201 + 1825951763304140621616587668*a^199 
    + 35149571443604706966119312609*a^197 + 47931233786733691317435426285*a^195 
    + 200398206022629433222420496563*a^193 - 83993781111990468594363032728*a^191
    - 106361690212466191209166231661*a^189 - 80341877585382187351129857392*a^187
    + 207702013075845995708886847235*a^185 - 
    153836436058373847371197511029*a^183 - 278914131844707479951933766287*a^181 
    - 275262228318099198708700590951*a^179 - 
    118230376673943105249674051503*a^177 + 139228821951940722398264809685*a^175 
    - 131468526957898124756394312096*a^173 + 
    135120430484506405999627487432*a^171 + 281653059489663690884358647789*a^169 
    - 112296033443204648229420141582*a^167 - 
    267958421264882636222234240279*a^165 - 99057883159249628722699880989*a^163 -
    201767669845107538688632937314*a^161 + 172095953691415253587363387709*a^159 
    + 150641020472591601283368482610*a^157 + 
    280740083608011620573550353955*a^155 + 123251744023029491959119667590*a^153 
    - 268871397146534706533042534113*a^151 - 
    231439385998799823789902486919*a^149 - 122338768141377421648311373756*a^147 
    + 155205899880851952837409951780*a^145 - 
    269784373028186776843850827947*a^143 + 14151126165607089817528554427*a^141 +
    259285150389187968269555448856*a^139 + 52496113194994042871476895455*a^137 +
    26476300567910039013440521186*a^135 + 108644129916596366986186966246*a^133 +
    300026282300076666120241700582*a^131 - 7303807053216562486466350672*a^129 - 
    32867131739474531189098578024*a^127 - 191724935146934765269741705140*a^125 -
    147902092827635390350943601108*a^123 - 135576918425332441155031634349*a^121 
    + 199941718081803398067016349646*a^119 + 
    195833326614369081668379027393*a^117 + 78972413762904081884917416641*a^115 -
    248785927750189159695260069765*a^113 + 87189196697772714682192061147*a^111 +
    103166274626683945121337203242*a^109 + 130099063135420019290181871345*a^107 
    + 284391987134619901816783529291*a^105 - 
    179856248685457851229233885298*a^103 + 111383057561552577918611847748*a^101 
    - 193550886910238905891358292808*a^99 + 155205899880851952837409951780*a^97 
    - 151097508413417636438772629527*a^95 + 5477855289912421864849763004*a^93 - 
    76689974058773906107896682056*a^91 + 218657723655670839438586373243*a^89 - 
    161596731052416445013068008618*a^87 - 110926569620726542763207700831*a^85 - 
    287587402720402147904612557710*a^83 + 197202790436847187134591468144*a^81 + 
    2738927644956210932424881502*a^79 + 245590512164406913607431041346*a^77 + 
    24650348804605898391823933518*a^75 + 201767669845107538688632937314*a^73 - 
    16433565869737265594549289012*a^71 + 45192306141777480385010544783*a^69 - 
    41996890555995234297181516364*a^67 + 66190751419775097533601302965*a^65 - 
    311781263584182011141032344311*a^63 - 247416463927711054229047629014*a^61 + 
    111383057561552577918611847748*a^59 + 192058047968618628761523109647*a^57 + 
    37432011147734882743140047194*a^55 - 170270001928111112965746800041*a^53 + 
    136033406366158476310435781266*a^51 + 193094398969412870735954145891*a^49 - 
    228700458353843612857477605417*a^47 + 296717161536922851012695496050*a^45 + 
    258828662448361933114151301939*a^43 - 52039625254168007716072748538*a^41 + 
    285304963016271972127591823125*a^39 + 302651504767661308032949405971*a^37 + 
    10679991863565918495835421270132*a^35 + 
    10001650783498430254904858951470*a^33 - 2005351524048772437690417406381*a^31
    - 419968905559952342971815163640*a^29 + 1610945943175078063421234470093*a^27
    + 11455564875029352224867066882115*a^25 + 
    3652360014549107278388579482917*a^23 - 3954555031375942551266124741971*a^21 
    - 6742326886000539245319249964090*a^19 + 
    4872552280377099248783864192058*a^17 - 2401126568744944917425812783420*a^15 
    - 269784373028186776843850827947*a^13 - 2323067130863692905851703660613*a^11
    - 6055769022998182371591413000922*a^9 - 4541598523278223761115857677233*a^7 
    - 6096396449731699500422382076535*a^5 + 6638247635492203229887104467014*a^3 
    - 9861965473605663497351189994868*a + 10396396451697977191982207457932 + 
    O(a^5736) 166161610460676796567109477788*a^299 + 
    200558593677514256385130061696*a^297 - 63636886453532144096610535078*a^295 -
    301356066016668505564910610666*a^293 - 238989943290300729603614322411*a^291 
    - 189837295824059538816313746267*a^289 + 
    171602453214846566932872418069*a^287 + 42885191413818870275265261716*a^285 -
    224939517897615088008826492870*a^283 + 101636423149321016492415197358*a^281 
    - 77738662571482365248689992541*a^279 - 121277742116754745341155789030*a^277
    - 264269505202531703479914242220*a^275 + 42909866437647304607989810198*a^273
    - 94949491691815312324062558736*a^271 - 287587402720402147904612557710*a^269
    - 211810404543280312107524169488*a^267 + 37432011147734882743140047194*a^265
    + 91754076106033066236233530317*a^263 + 304020968590139413499161846722*a^261
    - 271610324791490917465467415615*a^259 + 
    186703567797848378560296089053*a^257 + 171182977809763183276555093875*a^255 
    - 236004265407060175343943956089*a^253 + 
    242395096578624667519602012927*a^251 - 310411799761703905674819903560*a^249 
    + 117317400792291034938865757669*a^247 + 
    261111102152492108891172036524*a^245 + 113209009324856718540228435416*a^243 
    - 208158501016672030864290994152*a^241 - 
    146532629005157284884731160357*a^239 - 144250189301027109107710425772*a^237 
    + 216375283951540663661565638658*a^235 - 
    253807295099275546404705685852*a^233 - 203593621608411679310249524982*a^231 
    + 207702013075845995708886847235*a^229 + 
    141054773715244863019881397353*a^227 - 271610324791490917465467415615*a^225 
    - 62082359952340781134963980712*a^223 - 6847319112390527331062203755*a^221 +
    246047000105232948762835188263*a^219 - 207245525135019960553482700318*a^217 
    - 305846920353443554120778434390*a^215 - 58886944366558535047134952293*a^213
    - 188529519561152519181912676721*a^211 - 
    157488339584982128614430686365*a^209 - 121425792259725351337503079922*a^207 
    + 206320211741453673076312132243*a^205 + 
    264763005679100390134405211860*a^203 + 207702013075845995708886847235*a^201 
    - 152923460176721777060389217195*a^199 + 40170938792691093675564928696*a^197
    - 119143352555595175560482345337*a^195 + 
    136489894306984511465839928183*a^193 - 183964640152892167627871207551*a^191 
    - 199028742200151327756208055812*a^189 + 
    101796810804205839655124762491*a^187 - 226418018649713437080456870832*a^185 
    + 197202790436847187134591468144*a^183 + 26019812627084003858036374269*a^181
    + 185334103975370273094083648302*a^179 - 
    193550886910238905891358292808*a^177 - 290782818306184393992441586129*a^175 
    - 99057883159249628722699880989*a^173 + 180769224567109921540042179132*a^171
    - 266588957442404530756021799528*a^169 - 
    172095953691415253587363387709*a^167 - 14607614106433124972932701344*a^165 +
    251524855395145370627684951267*a^163 - 239656168933668456587177131425*a^161 
    + 198572254259325292600803908895*a^159 - 99514371100075663878104027906*a^157
    - 123251744023029491959119667590*a^155 + 
    138772334011114687242860662768*a^153 - 125990671667985702891544549092*a^151 
    - 92667051987685136547041824151*a^149 + 70299142887209413932238625218*a^147 
    + 240569144815320526897985425259*a^145 + 
    146989116945983320040135307274*a^143 - 181225712507935956695446326049*a^141 
    - 254720270980927616715513979686*a^139 - 34236595561952636655311018775*a^137
    + 225505042768061366769648576998*a^135 - 69842654946383378776834478301*a^133
    - 291389357067588746036035554896*a^131 - 
    302651504767661308032949405971*a^129 - 112296033443204648229420141582*a^127 
    + 166618098401502831722513624705*a^125 + 
    115034961088160859161845023084*a^123 + 246047000105232948762835188263*a^121 
    + 30128204094518320256673696522*a^119 + 168900538105633007499534359290*a^117
    - 184421128093718202783275354468*a^115 - 10042734698172773418891232174*a^113
    - 118230376673943105249674051503*a^111 - 
    291695794187836464303249879963*a^109 + 293065258010314569769462320714*a^107 
    + 136489894306984511465839928183*a^105 - 912975881652070310808293834*a^103 -
    145619653123505214573922866523*a^101 + 260198126270840038580363742690*a^99 +
    185334103975370273094083648302*a^97 + 226874506590539472235861017749*a^95 - 
    71212118768861484243046919052*a^93 - 102709786685857909965933056325*a^91 - 
    180769224567109921540042179132*a^89 + 13694638224781054662124407510*a^87 + 
    173921905454719394208979975377*a^85 + 200398206022629433222420496563*a^83 + 
    124164719904681562269927961424*a^81 + 148815068709287460661751894942*a^79 + 
    294891209773618710391078908382*a^77 - 20998445277997617148590758182*a^75 + 
    21454933218823652303994905099*a^73 + 217288259833192733972373932492*a^71 + 
    145619653123505214573922866523*a^69 - 194920350732717011357570733559*a^67 + 
    190811959265282694958933411306*a^65 - 178030296922153710607617297630*a^63 + 
    13694638224781054662124407510*a^61 + 165705122519850761411705330871*a^59 + 
    15582277547656281115552366383*a^57 + 200854693963455468377824643480*a^55 + 
    68473191123905273310622037550*a^53 - 213636356306584452729140757156*a^51 - 
    114578473147334824006440876167*a^49 - 39714450851865058520160781779*a^47 + 
    136033406366158476310435781266*a^45 - 61169384070688710824155686878*a^43 + 
    133294478721202265378010899764*a^41 - 263850029797448319823596918026*a^39 - 
    63908311715644921756580568380*a^37 - 5742618295591522254984168215860*a^35 - 
    3221435398409330091687064793269*a^33 - 3846823877340998254590746069559*a^31 
    + 2514792066010627671121445365753*a^29 - 
    8576038944298722464577708129679*a^27 - 7556244884493359927404843917101*a^25 
    + 6290860312523590476624548663177*a^23 - 
    9531468204447614044838587626960*a^21 + 4945133862968438838493123551861*a^19 
    + 5279283035653096572248959095105*a^17 + 
    7324805498494560103614941430182*a^15 - 6949572411135559205872732664408*a^13 
    + 954972772208065545105475350364*a^11 - 8126854810525903871660027563351*a^9 
    + 6196823796713427234611294398275*a^7 + 6718133025136759382082830177489*a^5 
    + 4871182816554621143317651751307*a^3 - 7721493519072384653661145101055*a + 
    9221407466719003292860657155407 + O(a^5736))
IP1P2 after rounding  (-146680547485048068855122420513*37 + O(37^20) 
    249595144454626378802448363532*37 + O(37^20) 
    -201628594054952485343775688634*37 + O(37^20) 
    -193133401481659568880531915894*37 + O(37^20) 
    -11351183969589693091292297575452 + O(37^20) 1764348183959166165625170165660
    + O(37^20) 10396396451697977191982207457932 + O(37^20) 
    9221407466719003292860657155407 + O(37^20))
ZERO in disk 5 : x = 134319148334472215395358558405 + O(37^19) , inf = false
IP1P2 before rounding ((3106051985971159585529312295*a^298 - 
    2052695225511375030436762908*a^296 + 4964014590998674476626395291*a^294 - 
    114038623639520835024264606*a^292 - 317440847090128172348245336*a^290 - 
    6947352992776071923188751655*a^288 - 5327471023066153161352852661*a^286 - 
    1806611879762935333805455074*a^284 + 7344154051638732138624058325*a^282 + 
    1196071763143161506526424391*a^280 - 6967359768853180841614061235*a^278 + 
    4299789625238658384906117235*a^276 - 6351151065678226154114526171*a^274 + 
    3281778169181766252364948106*a^272 - 2738927644956210932424881502*a^270 + 
    7908345137013203638217788481*a^268 - 2183739608816438446122540657*a^266 + 
    2652565061556690767888961815*a^264 + 4268779122319139561346887386*a^262 + 
    6403168683478709342020331079*a^260 + 727913202938812815374180219*a^258 + 
    7168094422160173656481334021*a^256 - 505837988482903820853243881*a^254 - 
    4811629646544694881286953990*a^252 + 7970032696584289470029159686*a^250 - 
    308437797855429159056856025*a^248 + 3121390514296943089655382973*a^246 - 
    6909006671961613162873574960*a^244 - 7121078498378967698181856508*a^242 - 
    764925738681464314461002942*a^240 + 8315483030182370128172838434*a^238 - 
    962325929308938976257390798*a^236 - 4996692325257952376721067605*a^234 + 
    4034366395949013400463676807*a^232 - 2726590133041993766062607261*a^230 + 
    1616214060762448793457925571*a^228 - 6279793564336537678397588669*a^226 + 
    2961002859412119926945817840*a^224 - 5712268016282548025732973583*a^222 + 
    6785631552819441499250832550*a^220 + 4972017301429518043996519123*a^218 - 
    6822644088562092998337655273*a^216 + 3799953669578887239580466228*a^214 + 
    1936989370532095118877055837*a^212 + 1813614251389923455254313427*a^210 + 
    3491515871723458080523610203*a^208 + 2948665347497902760583543599*a^206 - 
    7896007625098986471855514240*a^204 - 8278470494439718629086015711*a^202 - 
    1455826405877625630748360438*a^200 - 4922667253772649378547422159*a^198 - 
    2270102192215958610658460344*a^196 - 4811629646544694881286953990*a^194 + 
    5675255480539896526646150860*a^192 - 1283101239078585301676521064*a^190 - 
    6378493659650275009295782597*a^188 + 5724605528196765192095247824*a^186 - 
    3701253574265149908682272300*a^184 + 7414844660444516983726818841*a^182 - 
    5724605528196765192095247824*a^180 - 8438858149324541791795580844*a^178 + 
    6477193754964012340193976525*a^176 + 1283101239078585301676521064*a^174 - 
    925313393566287477170568075*a^172 - 6649918921763052669265815899*a^170 + 
    6086394728924484800286262729*a^168 - 6390831171564492175658056838*a^166 - 
    5613567920968810694834779655*a^164 - 6181093469022800347499394741*a^162 + 
    579863059968206819026889327*a^160 - 4194754050833836563173241940*a^158 + 
    5157079980142775539430632738*a^156 + 1406476358220756965299263474*a^154 - 
    5083054908657472541256987292*a^152 - 2689577597299342266975784538*a^150 + 
    3898653764892624570478660156*a^148 + 4453841801032397056781001001*a^146 + 
    2763602668784645265149429984*a^144 - 1122713584193762138966955931*a^142 + 
    7057056814932219159220865852*a^140 + 8093407815726461133651902096*a^138 + 
    838950810166767312634648388*a^136 + 6193430980937017513861668982*a^134 + 
    3232428121524897586915851142*a^132 - 555188036139772486302340845*a^130 - 
    4786954622716260548562405508*a^128 + 3220090609610680420553576901*a^126 - 
    2516852430500301937903945164*a^124 - 7402507148530299817364544600*a^122 - 
    1196738655679065137140601377*a^120 + 5638242944797245027559328137*a^118 + 
    3355803240667069250538593552*a^116 + 4367479217632876892245081314*a^114 - 
    8068732791898026800927353614*a^112 + 678563155281944149925083255*a^110 - 
    900638369737853144446019593*a^108 + 4157741515091185064086419217*a^106 + 
    1505176453534494296197457402*a^104 + 4182416538919619396810967699*a^102 - 
    5884993183081588354804812957*a^100 + 320775309769646325419130266*a^98 + 
    7908345137013203638217788481*a^96 - 390799026039527539907713796*a^94 - 
    2812952716441513930598526948*a^92 - 4231766586576488062260064663*a^90 - 
    6144080933280148848412572018*a^88 - 752588226767247148098728701*a^86 - 
    2985677883240554259670366322*a^84 - 222075214455908994520936338*a^82 - 
    7723282458299946142783674866*a^80 + 4046703907863230566825951048*a^78 - 
    2504514918586084771541670923*a^76 + 1221413679507499469865149859*a^74 - 
    17642642037330547898052164630*a^72 - 177080308504758988797722181073*a^70 - 
    82056791741458373475485976891*a^68 + 145730690730733169071183334692*a^66 - 
    67547877730338985833451469475*a^64 + 54346739982126617825818031605*a^62 + 
    299678164396334970939641313890*a^60 - 70434855518265802762223641869*a^58 - 
    222593389956306115508151856122*a^56 + 288488041090140001049058577303*a^54 + 
    54075314720013840165847998303*a^52 - 178091984481724796439428668835*a^50 + 
    28573677593326957295027142156*a^48 + 93543015333594555358763295262*a^46 - 
    127446498073863328522292909530*a^44 - 244467798580213151468464085415*a^42 - 
    288549728649711086880869948508*a^40 + 137489232772036101941184141704*a^38 + 
    259963713544469912419480532111*a^36 - 38912512577440942706612956114*a^34 + 
    272276550434858644449030224629*a^32 - 259420863020244357099540465507*a^30 + 
    28820427831611300622272626976*a^28 - 21602983361794258300342195991*a^26 - 
    101525385542093061995154729189*a^24 - 159585716610399046896017307335*a^22 - 
    265409891438926911830156888280*a^20 - 238767868075844820609093386073*a^18 + 
    141116461274815948851692768558*a^16 + 229156946294669648012881752334*a^14 + 
    121265404604840528174793514789*a^12 - 244393773508727848470290439969*a^10 + 
    265108456012698470792548890608*a^8 - 65512188264493153383676219710*a^6 - 
    237052953919768634484737266574*a^4 + 210675353447172332802194939316*a^2 - 
    214680167792518817871166765727)*a^300 + O(a^5773) 
    (3807622933741778991643501567*a^298 + 2309782298102224632201991011*a^296 + 
    149383928042413257575644864*a^294 - 7908345137013203638217788481*a^292 - 
    5626905771686883307118319375*a^290 - 2101044934364388249964594393*a^288 + 
    7329148969580900449805076140*a^286 - 5330472039477719499116649098*a^284 - 
    5540209742019411327275311195*a^282 - 3858306766470454918320952503*a^280 + 
    6594233395015099512982037568*a^278 - 2291442753364874790312123896*a^276 - 
    931648872657371968005249442*a^274 + 4848642182287346380373776713*a^272 - 
    3318790704924417751451770829*a^270 + 2183739608816438446122540657*a^268 - 
    6884331648133178830149026478*a^266 - 3602553478951412577784078372*a^264 - 
    2208414632644872778847089139*a^262 - 2738927644956210932424881502*a^260 - 
    7686269922557294643696852143*a^258 - 7673932410643077477334577902*a^256 - 
    5564217873311942029385682691*a^254 + 592200571882423985389163568*a^252 - 
    6144080933280148848412572018*a^250 + 6884331648133178830149026478*a^248 + 
    283762774026994826332307543*a^246 - 2714252621127776599700333020*a^244 + 
    6816308609471008507502973906*a^242 - 6082393373709063016601200813*a^240 + 
    6970694231532698994684946165*a^238 - 8278470494439718629086015711*a^236 - 
    308437797855429159056856025*a^234 - 6538881314535098172005347730*a^232 - 
    222075214455908994520936338*a^230 + 8118082839554895466376450578*a^228 + 
    3047365442811640091481737527*a^226 + 3701253574265149908682272300*a^224 - 
    7377832124701865484639996118*a^222 + 333112821683863491781404507*a^220 - 
    616875595710858318113712050*a^218 - 5835643135424719689355715993*a^216 + 
    6773294040905224332888558309*a^214 + 6662256433677269835628090140*a^212 + 
    6526543802620881005643073489*a^210 + 4737604575059391883113308544*a^208 + 
    8303145518268152961810564193*a^206 + 6946019207704264661960397683*a^202 + 
    2553864966242953436990767887*a^200 - 1295438750992802468038795305*a^198 - 
    1566864013105580128008828607*a^196 + 2109714537331135447948895211*a^194 - 
    5564217873311942029385682691*a^192 + 3713591086179367075044546541*a^190 - 
    4959679789515300877634244882*a^188 - 3170740561953811755104479937*a^186 + 
    6094730885623280182963475054*a^184 - 2023351953931615283412975524*a^182 - 
    3824628693407321572305014710*a^180 - 1332451286735453967125618028*a^178 + 
    1505176453534494296197457402*a^176 + 518175500397120987215518122*a^174 + 
    4009691372120579067739128325*a^172 + 6637581409848835502903541658*a^170 - 
    6237445888306657134397350058*a^168 - 7007706767275350493771768888*a^166 - 
    7118744374503304991032237057*a^164 - 6144080933280148848412572018*a^162 + 
    1135051096107979305329230172*a^160 + 7118744374503304991032237057*a^158 + 
    949988417394721809895116557*a^156 - 1887639322875226453427958873*a^154 + 
    2122052049245352614311169452*a^152 + 7143419398331739323756785539*a^150 + 
    8303145518268152961810564193*a^148 - 8204445422954415630912370265*a^146 - 
    7476532220015602815538190046*a^144 + 5416167730341336033038391799*a^142 - 
    1517513965448711462559731643*a^140 - 5033704861000603875807890328*a^138 - 
    6440181219221360841107153802*a^136 - 135712631056388829985016651*a^134 + 
    5144742468228558373068358497*a^132 + 5465517777998204698487488763*a^130 + 
    5551880361397724863023408450*a^128 - 1221413679507499469865149859*a^126 - 
    1270763727164368135314246823*a^124 + 6316806100079189177484411392*a^122 + 
    6489531266878229506556250766*a^120 - 370125357426514990868227230*a^116 - 
    8007045232326940969115982409*a^114 + 5243442563542295703966552425*a^112 + 
    4737604575059391883113308544*a^110 - 1899976834789443619790233114*a^108 + 
    5971355766481108519340732644*a^106 + 5835643135424719689355715993*a^104 + 
    1085701048451110639880133208*a^102 + 2652565061556690767888961815*a^100 + 
    2590877501985604936077590610*a^98 + 1677901620333534625269296776*a^96 + 
    7822649446149587104296045780*a^94 - 2233089656473307111571637621*a^92 + 
    2961002859412119926945817840*a^90 + 7525882267672471480987287010*a^88 - 
    1468163917791842797110634679*a^86 + 6649918921763052669265815899*a^84 - 
    7266794517473910987379527949*a^82 + 4429166777203962724056452519*a^80 - 
    7612244851071991645523206697*a^78 - 5687592992454113693008425101*a^76 - 
    1246088703335933802589698341*a^74 - 85671682732324003219632329504*a^72 - 
    131271126767270650094597924240*a^70 - 56419441983715101774680104093*a^68 + 
    185728904356625222417676424014*a^66 + 21047795325654485814039855146*a^64 - 
    236263353157258735837551715150*a^62 + 40824826924144603492765463469*a^60 - 
    192884661266871178907795483794*a^58 - 107743491546858513841740946653*a^56 - 
    292238644712062019623189946567*a^54 - 74901034831212416985366917111*a^52 + 
    39874838506749881682870346912*a^50 - 8525220732724061956331500531*a^48 - 
    81538616241061252488270458769*a^46 + 75628948034151229800741097330*a^44 + 
    137045082343124283952142269028*a^42 + 217411634952334905635996674902*a^40 + 
    128149736252973707004942541267*a^38 - 120142691020646766035826558858*a^36 + 
    56135679209688106948347796550*a^34 - 167864187104838765525103323046*a^32 + 
    19752356574661683346001059841*a^30 - 256657260351459711834391035523*a^28 - 
    261172789712063194722983407729*a^26 - 121475142307382220002952176886*a^24 + 
    175932919896736792326030676660*a^22 + 190635899635804136476790687002*a^20 + 
    270734361445581498653745944504*a^18 + 61773922154485351975907124687*a^16 + 
    217485660023820208634170320348*a^14 + 225184267458291720444229446732*a^12 + 
    115442098981330025651800073037*a^10 + 239026955826043381102701145134*a^8 - 
    212476630186648039091086978502*a^6 + 238804880611587472108180208796*a^4 + 
    307487809438034437246960908443*a^2 + 36313132427340857962240991693)*a^300 + 
    O(a^5773) (-3678912674312378283107343269*a^299 + 
    2677906977921028731227687283*a^297 - 7833986619259948824737054542*a^295 + 
    1405142573148949704070909502*a^293 + 8124084872378028141904043452*a^291 - 
    8050393247160676959037486499*a^289 + 4915664882145661257098563806*a^287 - 
    6193764427204969329168757475*a^285 - 1899336978437427974200955195*a^283 + 
    7088067317851737982780095701*a^281 + 841618380310381835091356332*a^279 + 
    2799948311991393133622075721*a^277 - 7093735904406918843000600082*a^275 - 
    5613567920968810694834779655*a^273 - 6884331648133178830149026478*a^271 - 
    4762279598887826215837857026*a^269 + 5243442563542295703966552425*a^267 - 
    1246088703335933802589698341*a^265 - 7834320065527900640044143035*a^263 - 
    6193430980937017513861668982*a^261 + 3651903526608281243233175336*a^259 + 
    2220752144559089945209363380*a^257 + 7427182172358734150089093082*a^255 + 
    8266132982525501462723741470*a^253 + 3898653764892624570478660156*a^251 - 
    2159064584988004113397992175*a^249 - 777263250595681480823277183*a^247 - 
    6637581409848835502903541658*a^245 - 3664241038522498409595449577*a^243 + 
    3331128216838634917814045070*a^241 + 8229120446782849963636918747*a^239 - 
    1468163917791842797110634679*a^237 - 4972017301429518043996519123*a^235 + 
    4293454146147573894071435868*a^233 - 3257103145353331919640399624*a^231 - 
    5959018254566891352978458403*a^229 + 962325929308938976257390798*a^227 + 
    863625833995201645359196870*a^225 + 518175500397120987215518122*a^223 - 
    6267456052422320512035314428*a^221 + 4959679789515300877634244882*a^219 + 
    1838289275218357787978861909*a^217 + 4441504289118179890418726760*a^215 - 
    1603876548848231627095651330*a^213 + 7501207243844037148262738528*a^211 - 
    7747957482128380475508223348*a^209 + 4083716443605882065912773771*a^207 - 
    991669200888698723281178182*a^205 - 1443488893963408464386086197*a^203 - 
    3318790704924417751451770829*a^201 - 7353157100873431151915447636*a^199 + 
    1924651858617877952514781596*a^197 + 4170079027005402230448693458*a^195 + 
    7094069350674870658307688575*a^193 - 246750238284343327245484820*a^191 - 
    6711606481334138501077187104*a^189 + 1085701048451110639880133208*a^187 + 
    1739589179904620457080667981*a^185 - 4959679789515300877634244882*a^183 - 
    246750238284343327245484820*a^181 - 5786293087767851023906619029*a^179 - 
    4281116634233356727709161627*a^177 - 7377832124701865484639996118*a^175 + 
    8068732791898026800927353614*a^173 + 1838289275218357787978861909*a^171 - 
    8204445422954415630912370265*a^169 + 8130420351469112632738724819*a^167 + 
    4318129169976008226795984350*a^165 + 974663441223156142619665039*a^163 - 
    1862964299046792120703410391*a^161 + 320775309769646325419130266*a^159 + 
    4947342277601083711271970641*a^157 - 542850524225555319940066604*a^155 - 
    6070055861794845850238926572*a^153 + 37012535742651499086822723*a^151 + 
    5551880361397724863023408450*a^149 - 7772632505956814808232771830*a^147 - 
    7994707720412723802753708168*a^145 - 5428505242255553199400666040*a^143 + 
    1246088703335933802589698341*a^141 + 5021367349086386709445616087*a^139 - 
    6871994136218961663786752237*a^137 + 7575232315329340146436383974*a^135 - 
    2442827359014998939730299718*a^133 + 7625735906832096172947841130*a^131 - 
    777263250595681480823277183*a^129 + 2800615204527296764236252707*a^127 - 
    7254457005559693821017253708*a^125 - 4305791658061791060433710109*a^123 + 
    4811629646544694881286953990*a^121 - 1875301810961009287065684632*a^119 + 
    1714914156076186124356119499*a^117 + 8266132982525501462723741470*a^115 - 
    8142757863383329799100999060*a^113 - 3010352907068988592394914804*a^111 + 
    6489531266878229506556250766*a^109 - 3047365442811640091481737527*a^107 - 
    6218106004765451846586217464*a^105 - 7649257386814643144610029420*a^103 + 
    493500476568686654490969640*a^101 + 4046703907863230566825951048*a^99 + 
    3836966205321538738667288951*a^97 - 7970032696584289470029159686*a^95 + 
    1036351000794241974431036244*a^93 + 6033043326052194351152103849*a^91 + 
    6612906386020401170178993176*a^89 + 1665564108419317458907022535*a^87 - 
    703238179110378482649631737*a^85 + 900638369737853144446019593*a^83 - 
    456487940826035155404146917*a^81 - 345450333598080658143678748*a^79 - 
    1776601715647271956167490704*a^77 + 1936989370532095118877055837*a^75 + 
    4762279598887826215837857026*a^73 - 6600568874106184003816718935*a^71 - 
    1579201525019797294371102848*a^69 - 7402507148530299817364544600*a^67 - 
    4947342277601083711271970641*a^65 + 5551880361397724863023408450*a^63 - 
    4478516824860831389505549483*a^61 - 86362583399520164535919687*a^59 + 
    7228448196659452227064351254*a^57 - 1949326882446312285239330078*a^55 + 
    7599907339157774479160932456*a^53 + 7402507148530299817364544600*a^51 + 
    2862302764098382596047623912*a^49 - 4515529360603482888592372206*a^47 - 
    2973340371326337093308092081*a^45 - 6871994136218961663786752237*a^43 + 
    2282439704130175777020734585*a^41 + 616875595710858318113712050*a^39 + 
    5144742468228558373068358497*a^37 - 210983791245027761961251795341*a^35 + 
    77788012619139233914139089505*a^33 + 181238050019850173861808600290*a^31 - 
    230588097676718839310905564290*a^29 + 65709588455120628045472607566*a^27 - 
    192859986243042744575070935312*a^25 - 86547646078233422031353800615*a^23 + 
    27870439414216578812377510419*a^21 + 149123506507142889820808750967*a^19 + 
    302417092041291181872066195392*a^17 + 116244037255754141465347898702*a^15 + 
    192526873421358881083289530805*a^13 - 172478416560755985744593889180*a^11 - 
    106275327629066671044630311974*a^9 - 204827372799833395946476949082*a^7 + 
    274213539805390739567907280466*a^5 - 14212813725178175649339925632*a^3 + 
    48054608905875862981058168695*a - 210591635600694722516040884301)*a^300 + 
    O(a^5736) (2172735881974028540988620388*a^299 + 
    1702243197894017142686756765*a^297 - 1039018570937856496887744188*a^295 + 
    1572866045928712803536421481*a^293 + 1022679703808217546840408031*a^291 + 
    2025686077807277990562594975*a^289 + 7605575925712955339381436837*a^287 - 
    7470530187192470140010597172*a^285 + 4082463767085738759759117000*a^283 + 
    7526882606476326926908552489*a^281 + 5353479831966394755305755115*a^279 - 
    5538542510679652250739868730*a^277 + 8329821219704298186377643633*a^275 + 
    7439519684272951316451367323*a^273 - 7168094422160173656481334021*a^271 - 
    8401845613581890292708758121*a^269 - 8377170589753455959984209639*a^267 - 
    8414183125496107459071032362*a^265 + 5255780075456512870328826666*a^263 - 
    5860318159253154022080264475*a^261 + 3392815776409720749625416275*a^259 - 
    8253795470611284296361467229*a^257 + 3047365442811640091481737527*a^255 - 
    2627890037728256435164413333*a^253 - 8204445422954415630912370265*a^251 - 
    3664241038522498409595449577*a^249 - 1468163917791842797110634679*a^247 + 
    8290808006353935795448289952*a^245 + 6131743421365931682050297777*a^243 - 
    2442827359014998939730299718*a^241 + 7205106957902825155568156744*a^239 - 
    1665564108419317458907022535*a^237 + 357787845512297824505952989*a^235 - 
    4034366395949013400463676807*a^233 + 493500476568686654490969640*a^231 + 
    7205106957902825155568156744*a^229 - 2220752144559089945209363380*a^227 + 
    542850524225555319940066604*a^225 + 2245427168387524277933911862*a^223 - 
    5724605528196765192095247824*a^221 + 2072702001588483948862072488*a^219 - 
    7020044279189567660134043129*a^217 + 987000953137373308981939280*a^215 + 
    172725166799040329071839374*a^213 + 6255118540508103345673040187*a^211 + 
    8278470494439718629086015711*a^209 + 7933020160841637970942336963*a^207 - 
    2720921546486812905842102880*a^205 - 6119405909451714515688023536*a^203 - 
    3220090609610680420553576901*a^201 - 5329805146941815868502472112*a^199 - 
    3787616157664670073218191987*a^197 + 2936327835583685594221269358*a^195 + 
    5502530313740856197574311486*a^193 - 4009691372120579067739128325*a^191 - 
    2652565061556690767888961815*a^189 + 3133728026211160256017657214*a^187 + 
    8241457958697067129999192988*a^185 + 1073363536536893473517858967*a^183 + 
    2011014442017398117050701283*a^181 - 7192769445988607989205882503*a^179 + 
    5860318159253154022080264475*a^177 - 5823305623510502522993441752*a^175 + 
    160387654884823162709565133*a^173 + 2627890037728256435164413333*a^171 - 
    1369463822478105466212440751*a^169 + 4564879408260351554041469170*a^167 - 
    1455826405877625630748360438*a^165 - 2344127263701261608832105790*a^163 + 
    6600568874106184003816718935*a^161 + 4219429074662270895897790422*a^159 - 
    2652565061556690767888961815*a^157 + 7032381791103784826496317370*a^155 - 
    7180431934074390822843608262*a^153 - 4823967158458912047649228231*a^151 - 
    2159064584988004113397992175*a^149 - 1233751191421716636227424100*a^147 + 
    3133728026211160256017657214*a^145 - 2159064584988004113397992175*a^143 + 
    3738266110007801407769095023*a^141 - 8377170589753455959984209639*a^139 + 
    7575232315329340146436383974*a^137 + 8192107911040198464550096024*a^135 - 
    3701253574265149908682272300*a^133 + 831110316839251655413918958*a^131 - 
    4157741515091185064086419217*a^129 - 4972017301429518043996519123*a^127 - 
    4318129169976008226795984350*a^125 + 8414183125496107459071032362*a^123 + 
    3281778169181766252364948106*a^121 - 5712268016282548025732973583*a^119 - 
    1431151382049191298023811956*a^117 + 7575232315329340146436383974*a^115 + 
    6723943993248355667439461345*a^113 + 2442827359014998939730299718*a^111 + 
    715575691024595649011905978*a^109 + 1924651858617877952514781596*a^107 + 
    2738927644956210932424881502*a^105 + 2196077120730655612484814898*a^103 + 
    6785631552819441499250832550*a^101 - 5551880361397724863023408450*a^99 - 
    3910991276806841736840934397*a^97 - 7513544755758254314625012769*a^95 + 
    2973340371326337093308092081*a^93 - 3775278645750452906855917746*a^91 - 
    3133728026211160256017657214*a^89 - 3985016348292144735014579843*a^87 - 
    123375119142171663622742410*a^85 + 3651903526608281243233175336*a^83 - 
    7390169636616082651002270359*a^81 - 8204445422954415630912370265*a^79 + 
    3207753097696463254191302660*a^77 - 7020044279189567660134043129*a^75 - 
    7143419398331739323756785539*a^73 + 5687592992454113693008425101*a^71 - 
    1665564108419317458907022535*a^69 - 4897992229944215045822873677*a^67 - 
    1135051096107979305329230172*a^65 - 1061026024622676307155584726*a^63 + 
    6526543802620881005643073489*a^61 + 1517513965448711462559731643*a^59 - 
    1594873499613532613804262019*a^57 + 1492838941620277129835183161*a^55 + 
    666225643367726983562809014*a^53 + 5810968111596285356631167511*a^51 + 
    4404491753375528391331904037*a^49 + 3281778169181766252364948106*a^47 - 
    7192769445988607989205882503*a^45 + 5773955575853633857544344788*a^43 + 
    4564879408260351554041469170*a^41 + 4157741515091185064086419217*a^39 - 
    246750238284343327245484820*a^37 + 48054608905875862981058168695*a^35 + 
    100081896648129653530768642992*a^33 + 199189129855036150918917620945*a^31 + 
    305193032221990044303577899617*a^29 + 140487248167190873367216782267*a^27 - 
    118267389209685756748760874226*a^25 + 6625243897934618336541267417*a^23 - 
    304539144090536534486377364844*a^21 - 142103462227953322160674707838*a^19 + 
    261999403010315744869255781876*a^17 - 242888597055193354174092982567*a^15 - 
    300159327360989440427770009289*a^13 - 272054475220402735454509288291*a^11 - 
    103079912043284424956801283555*a^9 - 95344292073070261647655334448*a^7 + 
    120956966806985099015736658764*a^5 + 309708561582593527192170271823*a^3 - 
    184347103022232899785101709022*a + 235593162520305264498895571389)*a^300 + 
    O(a^5736) -257545561209283347812474780875*a^298 - 
    169480401165601214318561248617*a^296 + 259692288282357134759510498809*a^294 
    + 102364336352259829307789377577*a^292 + 
    282368635180688286533370553767*a^290 + 53557139219616719178632480181*a^288 +
    66215426443603531866325851447*a^286 + 16791353715249563419055242001*a^284 + 
    11942711532962217038681465288*a^282 - 88262560234309608155709920114*a^280 - 
    50744186503175205248033953233*a^278 + 49041609859013236290040107975*a^276 + 
    9179108864177571773532035304*a^274 - 273892764495621093242488150200*a^272 - 
    131012039017072089600990165179*a^270 + 300825553004357167411332818303*a^268 
    - 210440940720802206641311728737*a^266 + 
    140141797833592792709073103519*a^264 + 10499222638998808574295379091*a^262 +
    33780107621126601499906871858*a^260 + 185334103975370273094083648302*a^258 -
    54778552899124218648497630040*a^256 + 189442495442804589492720970555*a^254 +
    236460753347886210499348103006*a^252 + 45648794082603515540414691700*a^250 -
    1369463822478105466212440751*a^248 - 178943272803805780918425591464*a^246 - 
    170270001928111112965746800041*a^244 + 116404424910638964628057463835*a^242 
    + 170270001928111112965746800041*a^240 - 
    222309627182279120681819548579*a^238 - 191268447206108730114337558223*a^236 
    - 113209009324856718540228435416*a^234 - 11412198520650878885103672925*a^232
    + 182595176330414062161658766800*a^230 - 
    305390432412617518965374287473*a^228 - 81711341407860292817342298143*a^226 -
    197202790436847187134591468144*a^224 - 75320510236295800641684241305*a^222 -
    141511261656070898175285544270*a^220 + 57060992603254394425518364625*a^218 +
    293065258010314569769462320714*a^216 + 241938608637798632364197866010*a^214 
    - 150641020472591601283368482610*a^212 - 
    281196571548837655728954500872*a^210 - 285761450957098007282995970042*a^208 
    + 189442495442804589492720970555*a^206 + 
    227787482472191542546669311583*a^204 + 298999601241053026789716230635*a^202 
    - 91297588165207031080829383400*a^200 + 82624317289512363128150591977*a^198 
    + 147902092827635390350943601108*a^196 - 
    148815068709287460661751894942*a^194 - 262024078034144179201980330358*a^192 
    - 127360135490463808357756989843*a^190 + 14151126165607089817528554427*a^188
    - 300825553004357167411332818303*a^186 - 
    305390432412617518965374287473*a^184 + 237373729229538280810156396840*a^182 
    - 9586246757346738263487085257*a^180 + 53865577017472148337689336206*a^178 +
    134207454602854335688819193598*a^176 - 263393541856622284668192771109*a^174 
    - 92667051987685136547041824151*a^172 - 202680645726759608999441231148*a^170
    + 255275459017067389201816320531*a^168 - 47474745845907656162031279368*a^166
    - 2282439704130175777020734585*a^164 - 214549332188236523039949050990*a^162 
    - 47474745845907656162031279368*a^160 - 67103727301427167844409596799*a^158 
    + 7760294994042597641870497589*a^156 + 54322064958298183493093483123*a^154 -
    218201235714844804283182226326*a^152 - 244221048341928808141218600595*a^150 
    - 301738528886009237722141112137*a^148 + 63451823774818886601176421463*a^146
    + 245590512164406913607431041346*a^144 - 
    307672872116747694742395022058*a^142 + 293978233891966640080270614548*a^140 
    + 17803029692215371060761729763*a^138 - 295347697714444745546483055299*a^136
    + 211810404543280312107524169488*a^134 - 
    141511261656070898175285544270*a^132 + 111839545502378613074015994665*a^130 
    - 86276220816120644371383767313*a^128 - 237373729229538280810156396840*a^126
    + 81711341407860292817342298143*a^124 - 141054773715244863019881397353*a^122
    - 279827107726359550262742060121*a^120 - 
    298543113300226991634312083718*a^118 - 89015148461076855303808648815*a^116 +
    2738927644956210932424881502*a^114 - 34236595561952636655311018775*a^112 - 
    133294478721202265378010899764*a^110 + 194463862791890976202166586642*a^108 
    + 136033406366158476310435781266*a^106 + 
    299912577122705097100524524469*a^104 - 160683755170764374702259714784*a^102 
    - 305390432412617518965374287473*a^100 - 33780107621126601499906871858*a^98 
    + 127816623431289843513161136760*a^96 + 199300167462264105416178089114*a^94 
    + 239656168933668456587177131425*a^92 + 295804185655270780701887202216*a^90 
    - 44735818200951445229606397866*a^88 - 293065258010314569769462320714*a^86 -
    168900538105633007499534359290*a^84 + 294891209773618710391078908382*a^82 + 
    54322064958298183493093483123*a^80 - 277088180081403339330317178619*a^78 - 
    99514371100075663878104027906*a^76 - 37432011147734882743140047194*a^74 + 
    3341491726846577337558355432440*a^72 + 4450300935113016730035028293833*a^70 
    + 6871056485313481159143219394684*a^68 + 
    3317754353923623509477339792756*a^66 + 6239277175210248504063880061556*a^64 
    - 2234964958284268120858703305632*a^62 + 
    1198280844668342282935885657125*a^60 - 2769968824932381322992363492356*a^58 
    - 1863383774451875504359727715194*a^56 - 
    2426689893431202886128445010772*a^54 + 6355225112180061433536533378474*a^52 
    - 1477651464453875798043223570329*a^50 - 
    6708546778379412643819343092232*a^48 - 1067725293592096228490299638863*a^46 
    - 849980545818077459362521559454*a^44 - 1796280047150448336515318118395*a^42
    + 6693482676332153483691006243971*a^40 + 
    2505662307194106968013362427413*a^38 + 8325427064785229164260831472246*a^36 
    - 8895124014936121038205206824662*a^34 + 
    7092453136614108209514230649429*a^32 - 9741452657227590216324495208780*a^30 
    + 10842501570499987011159297572584*a^28 - 
    8221347814276893148828685975170*a^26 - 117773888733117070094269904586*a^24 -
    7578156305653009614864242969117*a^22 - 6881444670345252013220254305606*a^20 
    + 2029545384912552300926837192982*a^18 + 
    8787392860901176741529828152250*a^16 - 2667259038246523413026430436031*a^14 
    + 4208362326475218097670830427823*a^12 - 
    9838228100682709669270174355184*a^10 + 3769677415341398313327445240586*a^8 -
    3447396929118217493612117517184*a^6 - 6359333503647495749935170700727*a^4 - 
    8552301571375768636496692489995*a^2 + 1236248013834967358357755619481 + 
    O(a^5773) 130308800837961711118340533442*a^298 + 
    213377268556385892235532998095*a^296 - 30066516534947234424862325317*a^294 -
    32682069060761273693664464409*a^292 + 122079680391178861154703614695*a^290 -
    70940693506748706583076885750*a^288 - 182151025901502244172616894124*a^286 +
    299678164396334970939641313890*a^284 + 205666323610000163259111597470*a^282 
    + 169825851499199294976704927365*a^280 + 35186583979347358465206135332*a^278
    + 97528031681886700093777875105*a^276 + 27932126973787664644188881624*a^274 
    + 280283595667185585418146207038*a^272 + 
    216375283951540663661565638658*a^270 - 60256408189036640513347393044*a^268 +
    201311181904281503533228790397*a^266 + 215918796010714628506161491741*a^264 
    + 77602949940425976418704975890*a^262 + 304020968590139413499161846722*a^260
    - 246959975986885019073643482097*a^258 + 89928124342728925614616942649*a^256
    - 61625872011514745979559833795*a^254 - 262024078034144179201980330358*a^252
    + 239656168933668456587177131425*a^250 - 
    106361690212466191209166231661*a^248 + 139228821951940722398264809685*a^246 
    + 12781662343128984351316113676*a^244 - 35680084455916045119697104972*a^242 
    - 218657723655670839438586373243*a^240 + 
    297630137418574921323503789884*a^238 - 220483675418974980060202960911*a^236 
    + 212266892484106347262928316405*a^234 - 
    271610324791490917465467415615*a^232 + 219570699537322909749394667077*a^230 
    - 169357026046459042654938506207*a^228 + 23737372922953828081015639684*a^226
    + 83993781111990468594363032728*a^224 - 129642575194593984134777724428*a^222
    - 111383057561552577918611847748*a^220 - 58430456425732499891730805376*a^218
    - 271610324791490917465467415615*a^216 - 
    210897428661628241796715875654*a^214 - 11868686461476914040507819842*a^212 +
    198572254259325292600803908895*a^210 + 148358580768461425506347748025*a^208 
    - 73951046413817695175471800554*a^206 - 240112656874494491742581278342*a^204
    - 62538847893166816290368127629*a^202 - 167987562223980937188726065456*a^200
    + 64364799656470956911984715297*a^198 + 206332549253367890242674406484*a^196
    + 58430456425732499891730805376*a^194 + 110470081679900507607803553914*a^192
    - 145163165182679179418518719606*a^190 + 
    120969304318899316182098933005*a^188 + 210897428661628241796715875654*a^186 
    + 59799920248210605357943246127*a^184 - 7760294994042597641870497589*a^182 -
    278001155963055409641125472453*a^180 - 147445604886809355195539454191*a^178 
    - 53865577017472148337689336206*a^176 - 131925014898724159911798459013*a^174
    - 236460753347886210499348103006*a^172 + 26932788508736074168844668103*a^170
    + 8019382744241158135478256650*a^168 - 196289814555195116823783174310*a^166 
    - 22824397041301757770207345850*a^164 + 180312736626283886384638032215*a^162
    + 204050109549237714465653671899*a^160 + 
    172552441632241288742767534626*a^158 + 79885389644556152195725710475*a^156 +
    23280884982127792925611492767*a^154 + 131925014898724159911798459013*a^152 +
    143337213419375038796902131938*a^150 + 80341877585382187351129857392*a^148 -
    69842654946383378776834478301*a^146 + 16890053810563300749953435929*a^144 - 
    156575363703330058303622392531*a^142 - 286674426838750077593804263876*a^140 
    + 49300697609211796783647867036*a^138 - 202680645726759608999441231148*a^136
    - 258372174507535897958747155022*a^134 - 
    285304963016271972127591823125*a^132 - 248785927750189159695260069765*a^130 
    - 38801474970212988209352487945*a^128 + 130099063135420019290181871345*a^126
    + 164335658697372655945492890120*a^124 - 23737372922953828081015639684*a^122
    + 76689974058773906107896682056*a^120 - 89015148461076855303808648815*a^118 
    - 95862467573467382634870852570*a^116 + 113665497265682753695632582333*a^114
    + 131925014898724159911798459013*a^112 - 23280884982127792925611492767*a^110
    - 289413354483706288526229145378*a^108 - 
    233265337762103964411519074587*a^106 - 44735818200951445229606397866*a^104 +
    179399760744631816073829738381*a^102 + 16433565869737265594549289012*a^100 -
    160227267229938339546855567867*a^98 + 256089734803405722181726420437*a^96 - 
    67190089884826688008945516486*a^94 - 122795256082203456803715520673*a^92 - 
    167531074283154902033321918539*a^90 - 78972413762904081884917416641*a^88 + 
    81254853467034257661938151226*a^86 - 136489894306984511465839928183*a^84 - 
    163422682815720585634684596286*a^82 - 106818178153292226364570378578*a^80 + 
    174378393395545429364384122294*a^78 + 293978233891966640080270614548*a^76 - 
    23737372922953828081015639684*a^74 + 8246911138963151117531318202522*a^72 + 
    1441588917128619020766295963886*a^70 - 11161586641137385584786796267567*a^68
    + 917084273119504627206931156253*a^66 + 9192297664413869924373306467629*a^64
    - 2656303327666698569296730910023*a^62 + 
    8186654730774114477017970809478*a^60 - 4736518874010940772473428410792*a^58 
    - 6804409245952880026454213944802*a^56 + 
    5768638108218606258842204590129*a^54 + 3413616821497090892112210645326*a^52 
    - 6551971414676082585515720699701*a^50 - 
    6584382058474731081549415130808*a^48 - 4196493640013741183630322607981*a^46 
    - 1178651863212822771253507339694*a^44 - 
    1548863583222737282286270489381*a^42 + 1510062108252524294076918001436*a^40 
    - 5198941158067714384897829237713*a^38 - 
    5987752319815103133436195110289*a^36 - 5308498263865962822194824497793*a^34 
    + 9382196647797500549021431585101*a^32 + 
    7260897186778915181858360861802*a^30 - 5889607412537505575024303523134*a^28 
    - 5201223597771844560674849972298*a^26 + 
    9337917317537375138947229334152*a^24 + 465617699642555858512229855340*a^22 +
    6894386720343265820734279984415*a^20 + 8094444166727255375626333132244*a^18 
    - 6286751921056156160225911340924*a^16 + 164792146638198691100897037037*a^14
    + 3175786604326726576146650101569*a^12 + 
    1959246242025342886994598567764*a^10 + 5810178510833775457983981959576*a^8 +
    2229030615053529663838449395711*a^6 - 6541472192037083776941425320610*a^4 - 
    566501534565109627856546323997*a^2 - 9816807669809489600007216957209 + 
    O(a^5773) 98749445361394199563643024964*a^299 - 
    263430554392364936167279593832*a^297 + 133343828768859134043459996728*a^295 
    + 228774483425328915855651250863*a^293 - 
    225307642577433892107852189142*a^291 - 286921177077034420921049748696*a^289 
    + 130432175957103882781963275852*a^287 + 
    311460488274412364815613214045*a^285 - 84224192483145172971561181391*a^283 -
    292744482700544923444043190448*a^281 - 301491778647724894394895627317*a^279 
    + 184815928474973152106868130180*a^277 - 
    266107794477750061267893104129*a^275 + 143337213419375038796902131938*a^273 
    - 311324775643355975985628197394*a^271 - 12781662343128984351316113676*a^269
    + 266588957442404530756021799528*a^267 - 
    254263783040101581560109832769*a^265 - 295347697714444745546483055299*a^263 
    - 164335658697372655945492890120*a^261 - 
    132837990780376230222606752847*a^259 - 174378393395545429364384122294*a^257 
    + 230069922176321718323690046168*a^255 - 80798365526208222506534004309*a^253
    - 38801474970212988209352487945*a^251 - 234178313643756034722327368421*a^249
    + 296260673596096815857291349133*a^247 + 89928124342728925614616942649*a^245
    - 254263783040101581560109832769*a^243 + 71212118768861484243046919052*a^241
    - 99970859040901699033508174823*a^239 - 280283595667185585418146207038*a^237
    + 101796810804205839655124762491*a^235 + 
    120969304318899316182098933005*a^233 + 135120430484506405999627487432*a^231 
    + 226874506590539472235861017749*a^229 - 68473191123905273310622037550*a^227
    + 267958421264882636222234240279*a^225 + 
    307216384175921659586990875141*a^223 - 284848475075445936972187676208*a^221 
    - 157031851644156093459026539448*a^219 + 
    168444050164806972344130212373*a^217 + 275718716258925233864104737868*a^215 
    + 76233486117947870952492535139*a^213 - 44735818200951445229606397866*a^211 
    + 97688419336771523256487440238*a^209 + 120512816378073281026694786088*a^207
    + 262135115641372133699240798527*a^205 + 57517480544080429580922511542*a^203
    - 256089734803405722181726420437*a^201 + 1825951763304140621616587668*a^199 
    + 35149571443604706966119312609*a^197 + 47931233786733691317435426285*a^195 
    + 200398206022629433222420496563*a^193 - 83993781111990468594363032728*a^191
    - 106361690212466191209166231661*a^189 - 80341877585382187351129857392*a^187
    + 207702013075845995708886847235*a^185 - 
    153836436058373847371197511029*a^183 - 278914131844707479951933766287*a^181 
    - 275262228318099198708700590951*a^179 - 
    118230376673943105249674051503*a^177 + 139228821951940722398264809685*a^175 
    - 131468526957898124756394312096*a^173 + 
    135120430484506405999627487432*a^171 + 281653059489663690884358647789*a^169 
    - 112296033443204648229420141582*a^167 - 
    267958421264882636222234240279*a^165 - 99057883159249628722699880989*a^163 -
    201767669845107538688632937314*a^161 + 172095953691415253587363387709*a^159 
    + 150641020472591601283368482610*a^157 + 
    280740083608011620573550353955*a^155 + 123251744023029491959119667590*a^153 
    - 268871397146534706533042534113*a^151 - 
    231439385998799823789902486919*a^149 - 122338768141377421648311373756*a^147 
    + 155205899880851952837409951780*a^145 - 
    269784373028186776843850827947*a^143 + 14151126165607089817528554427*a^141 +
    259285150389187968269555448856*a^139 + 52496113194994042871476895455*a^137 +
    26476300567910039013440521186*a^135 + 108644129916596366986186966246*a^133 +
    300026282300076666120241700582*a^131 - 7303807053216562486466350672*a^129 - 
    32867131739474531189098578024*a^127 - 191724935146934765269741705140*a^125 -
    147902092827635390350943601108*a^123 - 135576918425332441155031634349*a^121 
    + 199941718081803398067016349646*a^119 + 
    195833326614369081668379027393*a^117 + 78972413762904081884917416641*a^115 -
    248785927750189159695260069765*a^113 + 87189196697772714682192061147*a^111 +
    103166274626683945121337203242*a^109 + 130099063135420019290181871345*a^107 
    + 284391987134619901816783529291*a^105 - 
    179856248685457851229233885298*a^103 + 111383057561552577918611847748*a^101 
    - 193550886910238905891358292808*a^99 + 155205899880851952837409951780*a^97 
    - 151097508413417636438772629527*a^95 + 5477855289912421864849763004*a^93 - 
    76689974058773906107896682056*a^91 + 218657723655670839438586373243*a^89 - 
    161596731052416445013068008618*a^87 - 110926569620726542763207700831*a^85 - 
    287587402720402147904612557710*a^83 + 197202790436847187134591468144*a^81 + 
    2738927644956210932424881502*a^79 + 245590512164406913607431041346*a^77 + 
    24650348804605898391823933518*a^75 + 201767669845107538688632937314*a^73 - 
    16433565869737265594549289012*a^71 + 45192306141777480385010544783*a^69 - 
    41996890555995234297181516364*a^67 + 66190751419775097533601302965*a^65 - 
    311781263584182011141032344311*a^63 - 247416463927711054229047629014*a^61 + 
    111383057561552577918611847748*a^59 + 192058047968618628761523109647*a^57 + 
    37432011147734882743140047194*a^55 - 170270001928111112965746800041*a^53 + 
    136033406366158476310435781266*a^51 + 193094398969412870735954145891*a^49 - 
    228700458353843612857477605417*a^47 + 296717161536922851012695496050*a^45 + 
    258828662448361933114151301939*a^43 - 52039625254168007716072748538*a^41 + 
    285304963016271972127591823125*a^39 + 302651504767661308032949405971*a^37 + 
    10679991863565918495835421270132*a^35 + 
    10001650783498430254904858951470*a^33 - 2005351524048772437690417406381*a^31
    - 419968905559952342971815163640*a^29 + 1610945943175078063421234470093*a^27
    + 11455564875029352224867066882115*a^25 + 
    3652360014549107278388579482917*a^23 - 3954555031375942551266124741971*a^21 
    - 6742326886000539245319249964090*a^19 + 
    4872552280377099248783864192058*a^17 - 2401126568744944917425812783420*a^15 
    - 269784373028186776843850827947*a^13 - 2323067130863692905851703660613*a^11
    - 6055769022998182371591413000922*a^9 - 4541598523278223761115857677233*a^7 
    - 6096396449731699500422382076535*a^5 + 6638247635492203229887104467014*a^3 
    - 9861965473605663497351189994868*a - 4551792591700318131539867650371 + 
    O(a^5736) 166161610460676796567109477788*a^299 + 
    200558593677514256385130061696*a^297 - 63636886453532144096610535078*a^295 -
    301356066016668505564910610666*a^293 - 238989943290300729603614322411*a^291 
    - 189837295824059538816313746267*a^289 + 
    171602453214846566932872418069*a^287 + 42885191413818870275265261716*a^285 -
    224939517897615088008826492870*a^283 + 101636423149321016492415197358*a^281 
    - 77738662571482365248689992541*a^279 - 121277742116754745341155789030*a^277
    - 264269505202531703479914242220*a^275 + 42909866437647304607989810198*a^273
    - 94949491691815312324062558736*a^271 - 287587402720402147904612557710*a^269
    - 211810404543280312107524169488*a^267 + 37432011147734882743140047194*a^265
    + 91754076106033066236233530317*a^263 + 304020968590139413499161846722*a^261
    - 271610324791490917465467415615*a^259 + 
    186703567797848378560296089053*a^257 + 171182977809763183276555093875*a^255 
    - 236004265407060175343943956089*a^253 + 
    242395096578624667519602012927*a^251 - 310411799761703905674819903560*a^249 
    + 117317400792291034938865757669*a^247 + 
    261111102152492108891172036524*a^245 + 113209009324856718540228435416*a^243 
    - 208158501016672030864290994152*a^241 - 
    146532629005157284884731160357*a^239 - 144250189301027109107710425772*a^237 
    + 216375283951540663661565638658*a^235 - 
    253807295099275546404705685852*a^233 - 203593621608411679310249524982*a^231 
    + 207702013075845995708886847235*a^229 + 
    141054773715244863019881397353*a^227 - 271610324791490917465467415615*a^225 
    - 62082359952340781134963980712*a^223 - 6847319112390527331062203755*a^221 +
    246047000105232948762835188263*a^219 - 207245525135019960553482700318*a^217 
    - 305846920353443554120778434390*a^215 - 58886944366558535047134952293*a^213
    - 188529519561152519181912676721*a^211 - 
    157488339584982128614430686365*a^209 - 121425792259725351337503079922*a^207 
    + 206320211741453673076312132243*a^205 + 
    264763005679100390134405211860*a^203 + 207702013075845995708886847235*a^201 
    - 152923460176721777060389217195*a^199 + 40170938792691093675564928696*a^197
    - 119143352555595175560482345337*a^195 + 
    136489894306984511465839928183*a^193 - 183964640152892167627871207551*a^191 
    - 199028742200151327756208055812*a^189 + 
    101796810804205839655124762491*a^187 - 226418018649713437080456870832*a^185 
    + 197202790436847187134591468144*a^183 + 26019812627084003858036374269*a^181
    + 185334103975370273094083648302*a^179 - 
    193550886910238905891358292808*a^177 - 290782818306184393992441586129*a^175 
    - 99057883159249628722699880989*a^173 + 180769224567109921540042179132*a^171
    - 266588957442404530756021799528*a^169 - 
    172095953691415253587363387709*a^167 - 14607614106433124972932701344*a^165 +
    251524855395145370627684951267*a^163 - 239656168933668456587177131425*a^161 
    + 198572254259325292600803908895*a^159 - 99514371100075663878104027906*a^157
    - 123251744023029491959119667590*a^155 + 
    138772334011114687242860662768*a^153 - 125990671667985702891544549092*a^151 
    - 92667051987685136547041824151*a^149 + 70299142887209413932238625218*a^147 
    + 240569144815320526897985425259*a^145 + 
    146989116945983320040135307274*a^143 - 181225712507935956695446326049*a^141 
    - 254720270980927616715513979686*a^139 - 34236595561952636655311018775*a^137
    + 225505042768061366769648576998*a^135 - 69842654946383378776834478301*a^133
    - 291389357067588746036035554896*a^131 - 
    302651504767661308032949405971*a^129 - 112296033443204648229420141582*a^127 
    + 166618098401502831722513624705*a^125 + 
    115034961088160859161845023084*a^123 + 246047000105232948762835188263*a^121 
    + 30128204094518320256673696522*a^119 + 168900538105633007499534359290*a^117
    - 184421128093718202783275354468*a^115 - 10042734698172773418891232174*a^113
    - 118230376673943105249674051503*a^111 - 
    291695794187836464303249879963*a^109 + 293065258010314569769462320714*a^107 
    + 136489894306984511465839928183*a^105 - 912975881652070310808293834*a^103 -
    145619653123505214573922866523*a^101 + 260198126270840038580363742690*a^99 +
    185334103975370273094083648302*a^97 + 226874506590539472235861017749*a^95 - 
    71212118768861484243046919052*a^93 - 102709786685857909965933056325*a^91 - 
    180769224567109921540042179132*a^89 + 13694638224781054662124407510*a^87 + 
    173921905454719394208979975377*a^85 + 200398206022629433222420496563*a^83 + 
    124164719904681562269927961424*a^81 + 148815068709287460661751894942*a^79 + 
    294891209773618710391078908382*a^77 - 20998445277997617148590758182*a^75 + 
    21454933218823652303994905099*a^73 + 217288259833192733972373932492*a^71 + 
    145619653123505214573922866523*a^69 - 194920350732717011357570733559*a^67 + 
    190811959265282694958933411306*a^65 - 178030296922153710607617297630*a^63 + 
    13694638224781054662124407510*a^61 + 165705122519850761411705330871*a^59 + 
    15582277547656281115552366383*a^57 + 200854693963455468377824643480*a^55 + 
    68473191123905273310622037550*a^53 - 213636356306584452729140757156*a^51 - 
    114578473147334824006440876167*a^49 - 39714450851865058520160781779*a^47 + 
    136033406366158476310435781266*a^45 - 61169384070688710824155686878*a^43 + 
    133294478721202265378010899764*a^41 - 263850029797448319823596918026*a^39 - 
    63908311715644921756580568380*a^37 - 5742618295591522254984168215860*a^35 - 
    3221435398409330091687064793269*a^33 - 3846823877340998254590746069559*a^31 
    + 2514792066010627671121445365753*a^29 - 
    8576038944298722464577708129679*a^27 - 7556244884493359927404843917101*a^25 
    + 6290860312523590476624548663177*a^23 - 
    9531468204447614044838587626960*a^21 + 4945133862968438838493123551861*a^19 
    + 5279283035653096572248959095105*a^17 + 
    7324805498494560103614941430182*a^15 - 6949572411135559205872732664408*a^13 
    + 954972772208065545105475350364*a^11 - 8126854810525903871660027563351*a^9 
    + 6196823796713427234611294398275*a^7 + 6718133025136759382082830177489*a^5 
    + 4871182816554621143317651751307*a^3 - 7721493519072384653661145101055*a - 
    159345097739472133945400660776 + O(a^5736))
IP1P2 after rounding  (-214680167792518817871166765727*37 + O(37^20) 
    36313132427340857962240991693*37 + O(37^20) 
    -210591635600694722516040884301*37 + O(37^20) 
    235593162520305264498895571389*37 + O(37^20) 1236248013834967358357755619481
    + O(37^20) -9816807669809489600007216957209 + O(37^20) 
    -4551792591700318131539867650371 + O(37^20) -159345097739472133945400660776 
    + O(37^20))
ZERO in disk 6 : x = 280575387510444933745106120459 + O(37^19) , inf = false
IP1P2 before rounding ((3106051985971159585529312295*a^298 - 
    2052695225511375030436762908*a^296 + 4964014590998674476626395291*a^294 - 
    114038623639520835024264606*a^292 - 317440847090128172348245336*a^290 - 
    6947352992776071923188751655*a^288 - 5327471023066153161352852661*a^286 - 
    1806611879762935333805455074*a^284 + 7344154051638732138624058325*a^282 + 
    1196071763143161506526424391*a^280 - 6967359768853180841614061235*a^278 + 
    4299789625238658384906117235*a^276 - 6351151065678226154114526171*a^274 + 
    3281778169181766252364948106*a^272 - 2738927644956210932424881502*a^270 + 
    7908345137013203638217788481*a^268 - 2183739608816438446122540657*a^266 + 
    2652565061556690767888961815*a^264 + 4268779122319139561346887386*a^262 + 
    6403168683478709342020331079*a^260 + 727913202938812815374180219*a^258 + 
    7168094422160173656481334021*a^256 - 505837988482903820853243881*a^254 - 
    4811629646544694881286953990*a^252 + 7970032696584289470029159686*a^250 - 
    308437797855429159056856025*a^248 + 3121390514296943089655382973*a^246 - 
    6909006671961613162873574960*a^244 - 7121078498378967698181856508*a^242 - 
    764925738681464314461002942*a^240 + 8315483030182370128172838434*a^238 - 
    962325929308938976257390798*a^236 - 4996692325257952376721067605*a^234 + 
    4034366395949013400463676807*a^232 - 2726590133041993766062607261*a^230 + 
    1616214060762448793457925571*a^228 - 6279793564336537678397588669*a^226 + 
    2961002859412119926945817840*a^224 - 5712268016282548025732973583*a^222 + 
    6785631552819441499250832550*a^220 + 4972017301429518043996519123*a^218 - 
    6822644088562092998337655273*a^216 + 3799953669578887239580466228*a^214 + 
    1936989370532095118877055837*a^212 + 1813614251389923455254313427*a^210 + 
    3491515871723458080523610203*a^208 + 2948665347497902760583543599*a^206 - 
    7896007625098986471855514240*a^204 - 8278470494439718629086015711*a^202 - 
    1455826405877625630748360438*a^200 - 4922667253772649378547422159*a^198 - 
    2270102192215958610658460344*a^196 - 4811629646544694881286953990*a^194 + 
    5675255480539896526646150860*a^192 - 1283101239078585301676521064*a^190 - 
    6378493659650275009295782597*a^188 + 5724605528196765192095247824*a^186 - 
    3701253574265149908682272300*a^184 + 7414844660444516983726818841*a^182 - 
    5724605528196765192095247824*a^180 - 8438858149324541791795580844*a^178 + 
    6477193754964012340193976525*a^176 + 1283101239078585301676521064*a^174 - 
    925313393566287477170568075*a^172 - 6649918921763052669265815899*a^170 + 
    6086394728924484800286262729*a^168 - 6390831171564492175658056838*a^166 - 
    5613567920968810694834779655*a^164 - 6181093469022800347499394741*a^162 + 
    579863059968206819026889327*a^160 - 4194754050833836563173241940*a^158 + 
    5157079980142775539430632738*a^156 + 1406476358220756965299263474*a^154 - 
    5083054908657472541256987292*a^152 - 2689577597299342266975784538*a^150 + 
    3898653764892624570478660156*a^148 + 4453841801032397056781001001*a^146 + 
    2763602668784645265149429984*a^144 - 1122713584193762138966955931*a^142 + 
    7057056814932219159220865852*a^140 + 8093407815726461133651902096*a^138 + 
    838950810166767312634648388*a^136 + 6193430980937017513861668982*a^134 + 
    3232428121524897586915851142*a^132 - 555188036139772486302340845*a^130 - 
    4786954622716260548562405508*a^128 + 3220090609610680420553576901*a^126 - 
    2516852430500301937903945164*a^124 - 7402507148530299817364544600*a^122 - 
    1196738655679065137140601377*a^120 + 5638242944797245027559328137*a^118 + 
    3355803240667069250538593552*a^116 + 4367479217632876892245081314*a^114 - 
    8068732791898026800927353614*a^112 + 678563155281944149925083255*a^110 - 
    900638369737853144446019593*a^108 + 4157741515091185064086419217*a^106 + 
    1505176453534494296197457402*a^104 + 4182416538919619396810967699*a^102 - 
    5884993183081588354804812957*a^100 + 320775309769646325419130266*a^98 + 
    7908345137013203638217788481*a^96 - 390799026039527539907713796*a^94 - 
    2812952716441513930598526948*a^92 - 4231766586576488062260064663*a^90 - 
    6144080933280148848412572018*a^88 - 752588226767247148098728701*a^86 - 
    2985677883240554259670366322*a^84 - 222075214455908994520936338*a^82 - 
    7723282458299946142783674866*a^80 + 4046703907863230566825951048*a^78 - 
    2504514918586084771541670923*a^76 + 1221413679507499469865149859*a^74 - 
    17642642037330547898052164630*a^72 - 177080308504758988797722181073*a^70 - 
    82056791741458373475485976891*a^68 + 145730690730733169071183334692*a^66 - 
    67547877730338985833451469475*a^64 + 54346739982126617825818031605*a^62 + 
    299678164396334970939641313890*a^60 - 70434855518265802762223641869*a^58 - 
    222593389956306115508151856122*a^56 + 288488041090140001049058577303*a^54 + 
    54075314720013840165847998303*a^52 - 178091984481724796439428668835*a^50 + 
    28573677593326957295027142156*a^48 + 93543015333594555358763295262*a^46 - 
    127446498073863328522292909530*a^44 - 244467798580213151468464085415*a^42 - 
    288549728649711086880869948508*a^40 + 137489232772036101941184141704*a^38 + 
    259963713544469912419480532111*a^36 - 38912512577440942706612956114*a^34 + 
    272276550434858644449030224629*a^32 - 259420863020244357099540465507*a^30 + 
    28820427831611300622272626976*a^28 - 21602983361794258300342195991*a^26 - 
    101525385542093061995154729189*a^24 - 159585716610399046896017307335*a^22 - 
    265409891438926911830156888280*a^20 - 238767868075844820609093386073*a^18 + 
    141116461274815948851692768558*a^16 + 229156946294669648012881752334*a^14 + 
    121265404604840528174793514789*a^12 - 244393773508727848470290439969*a^10 + 
    265108456012698470792548890608*a^8 - 65512188264493153383676219710*a^6 - 
    237052953919768634484737266574*a^4 + 210675353447172332802194939316*a^2 + 
    222182620532245630101396498391)*a^300 + O(a^5773) 
    (3807622933741778991643501567*a^298 + 2309782298102224632201991011*a^296 + 
    149383928042413257575644864*a^294 - 7908345137013203638217788481*a^292 - 
    5626905771686883307118319375*a^290 - 2101044934364388249964594393*a^288 + 
    7329148969580900449805076140*a^286 - 5330472039477719499116649098*a^284 - 
    5540209742019411327275311195*a^282 - 3858306766470454918320952503*a^280 + 
    6594233395015099512982037568*a^278 - 2291442753364874790312123896*a^276 - 
    931648872657371968005249442*a^274 + 4848642182287346380373776713*a^272 - 
    3318790704924417751451770829*a^270 + 2183739608816438446122540657*a^268 - 
    6884331648133178830149026478*a^266 - 3602553478951412577784078372*a^264 - 
    2208414632644872778847089139*a^262 - 2738927644956210932424881502*a^260 - 
    7686269922557294643696852143*a^258 - 7673932410643077477334577902*a^256 - 
    5564217873311942029385682691*a^254 + 592200571882423985389163568*a^252 - 
    6144080933280148848412572018*a^250 + 6884331648133178830149026478*a^248 + 
    283762774026994826332307543*a^246 - 2714252621127776599700333020*a^244 + 
    6816308609471008507502973906*a^242 - 6082393373709063016601200813*a^240 + 
    6970694231532698994684946165*a^238 - 8278470494439718629086015711*a^236 - 
    308437797855429159056856025*a^234 - 6538881314535098172005347730*a^232 - 
    222075214455908994520936338*a^230 + 8118082839554895466376450578*a^228 + 
    3047365442811640091481737527*a^226 + 3701253574265149908682272300*a^224 - 
    7377832124701865484639996118*a^222 + 333112821683863491781404507*a^220 - 
    616875595710858318113712050*a^218 - 5835643135424719689355715993*a^216 + 
    6773294040905224332888558309*a^214 + 6662256433677269835628090140*a^212 + 
    6526543802620881005643073489*a^210 + 4737604575059391883113308544*a^208 + 
    8303145518268152961810564193*a^206 + 6946019207704264661960397683*a^202 + 
    2553864966242953436990767887*a^200 - 1295438750992802468038795305*a^198 - 
    1566864013105580128008828607*a^196 + 2109714537331135447948895211*a^194 - 
    5564217873311942029385682691*a^192 + 3713591086179367075044546541*a^190 - 
    4959679789515300877634244882*a^188 - 3170740561953811755104479937*a^186 + 
    6094730885623280182963475054*a^184 - 2023351953931615283412975524*a^182 - 
    3824628693407321572305014710*a^180 - 1332451286735453967125618028*a^178 + 
    1505176453534494296197457402*a^176 + 518175500397120987215518122*a^174 + 
    4009691372120579067739128325*a^172 + 6637581409848835502903541658*a^170 - 
    6237445888306657134397350058*a^168 - 7007706767275350493771768888*a^166 - 
    7118744374503304991032237057*a^164 - 6144080933280148848412572018*a^162 + 
    1135051096107979305329230172*a^160 + 7118744374503304991032237057*a^158 + 
    949988417394721809895116557*a^156 - 1887639322875226453427958873*a^154 + 
    2122052049245352614311169452*a^152 + 7143419398331739323756785539*a^150 + 
    8303145518268152961810564193*a^148 - 8204445422954415630912370265*a^146 - 
    7476532220015602815538190046*a^144 + 5416167730341336033038391799*a^142 - 
    1517513965448711462559731643*a^140 - 5033704861000603875807890328*a^138 - 
    6440181219221360841107153802*a^136 - 135712631056388829985016651*a^134 + 
    5144742468228558373068358497*a^132 + 5465517777998204698487488763*a^130 + 
    5551880361397724863023408450*a^128 - 1221413679507499469865149859*a^126 - 
    1270763727164368135314246823*a^124 + 6316806100079189177484411392*a^122 + 
    6489531266878229506556250766*a^120 - 370125357426514990868227230*a^116 - 
    8007045232326940969115982409*a^114 + 5243442563542295703966552425*a^112 + 
    4737604575059391883113308544*a^110 - 1899976834789443619790233114*a^108 + 
    5971355766481108519340732644*a^106 + 5835643135424719689355715993*a^104 + 
    1085701048451110639880133208*a^102 + 2652565061556690767888961815*a^100 + 
    2590877501985604936077590610*a^98 + 1677901620333534625269296776*a^96 + 
    7822649446149587104296045780*a^94 - 2233089656473307111571637621*a^92 + 
    2961002859412119926945817840*a^90 + 7525882267672471480987287010*a^88 - 
    1468163917791842797110634679*a^86 + 6649918921763052669265815899*a^84 - 
    7266794517473910987379527949*a^82 + 4429166777203962724056452519*a^80 - 
    7612244851071991645523206697*a^78 - 5687592992454113693008425101*a^76 - 
    1246088703335933802589698341*a^74 - 85671682732324003219632329504*a^72 - 
    131271126767270650094597924240*a^70 - 56419441983715101774680104093*a^68 + 
    185728904356625222417676424014*a^66 + 21047795325654485814039855146*a^64 - 
    236263353157258735837551715150*a^62 + 40824826924144603492765463469*a^60 - 
    192884661266871178907795483794*a^58 - 107743491546858513841740946653*a^56 - 
    292238644712062019623189946567*a^54 - 74901034831212416985366917111*a^52 + 
    39874838506749881682870346912*a^50 - 8525220732724061956331500531*a^48 - 
    81538616241061252488270458769*a^46 + 75628948034151229800741097330*a^44 + 
    137045082343124283952142269028*a^42 + 217411634952334905635996674902*a^40 + 
    128149736252973707004942541267*a^38 - 120142691020646766035826558858*a^36 + 
    56135679209688106948347796550*a^34 - 167864187104838765525103323046*a^32 + 
    19752356574661683346001059841*a^30 - 256657260351459711834391035523*a^28 - 
    261172789712063194722983407729*a^26 - 121475142307382220002952176886*a^24 + 
    175932919896736792326030676660*a^22 + 190635899635804136476790687002*a^20 + 
    270734361445581498653745944504*a^18 + 61773922154485351975907124687*a^16 + 
    217485660023820208634170320348*a^14 + 225184267458291720444229446732*a^12 + 
    115442098981330025651800073037*a^10 + 239026955826043381102701145134*a^8 - 
    212476630186648039091086978502*a^6 + 238804880611587472108180208796*a^4 + 
    307487809438034437246960908443*a^2 + 120829184036375368320865383319)*a^300 +
    O(a^5773) (-3678912674312378283107343269*a^299 + 
    2677906977921028731227687283*a^297 - 7833986619259948824737054542*a^295 + 
    1405142573148949704070909502*a^293 + 8124084872378028141904043452*a^291 - 
    8050393247160676959037486499*a^289 + 4915664882145661257098563806*a^287 - 
    6193764427204969329168757475*a^285 - 1899336978437427974200955195*a^283 + 
    7088067317851737982780095701*a^281 + 841618380310381835091356332*a^279 + 
    2799948311991393133622075721*a^277 - 7093735904406918843000600082*a^275 - 
    5613567920968810694834779655*a^273 - 6884331648133178830149026478*a^271 - 
    4762279598887826215837857026*a^269 + 5243442563542295703966552425*a^267 - 
    1246088703335933802589698341*a^265 - 7834320065527900640044143035*a^263 - 
    6193430980937017513861668982*a^261 + 3651903526608281243233175336*a^259 + 
    2220752144559089945209363380*a^257 + 7427182172358734150089093082*a^255 + 
    8266132982525501462723741470*a^253 + 3898653764892624570478660156*a^251 - 
    2159064584988004113397992175*a^249 - 777263250595681480823277183*a^247 - 
    6637581409848835502903541658*a^245 - 3664241038522498409595449577*a^243 + 
    3331128216838634917814045070*a^241 + 8229120446782849963636918747*a^239 - 
    1468163917791842797110634679*a^237 - 4972017301429518043996519123*a^235 + 
    4293454146147573894071435868*a^233 - 3257103145353331919640399624*a^231 - 
    5959018254566891352978458403*a^229 + 962325929308938976257390798*a^227 + 
    863625833995201645359196870*a^225 + 518175500397120987215518122*a^223 - 
    6267456052422320512035314428*a^221 + 4959679789515300877634244882*a^219 + 
    1838289275218357787978861909*a^217 + 4441504289118179890418726760*a^215 - 
    1603876548848231627095651330*a^213 + 7501207243844037148262738528*a^211 - 
    7747957482128380475508223348*a^209 + 4083716443605882065912773771*a^207 - 
    991669200888698723281178182*a^205 - 1443488893963408464386086197*a^203 - 
    3318790704924417751451770829*a^201 - 7353157100873431151915447636*a^199 + 
    1924651858617877952514781596*a^197 + 4170079027005402230448693458*a^195 + 
    7094069350674870658307688575*a^193 - 246750238284343327245484820*a^191 - 
    6711606481334138501077187104*a^189 + 1085701048451110639880133208*a^187 + 
    1739589179904620457080667981*a^185 - 4959679789515300877634244882*a^183 - 
    246750238284343327245484820*a^181 - 5786293087767851023906619029*a^179 - 
    4281116634233356727709161627*a^177 - 7377832124701865484639996118*a^175 + 
    8068732791898026800927353614*a^173 + 1838289275218357787978861909*a^171 - 
    8204445422954415630912370265*a^169 + 8130420351469112632738724819*a^167 + 
    4318129169976008226795984350*a^165 + 974663441223156142619665039*a^163 - 
    1862964299046792120703410391*a^161 + 320775309769646325419130266*a^159 + 
    4947342277601083711271970641*a^157 - 542850524225555319940066604*a^155 - 
    6070055861794845850238926572*a^153 + 37012535742651499086822723*a^151 + 
    5551880361397724863023408450*a^149 - 7772632505956814808232771830*a^147 - 
    7994707720412723802753708168*a^145 - 5428505242255553199400666040*a^143 + 
    1246088703335933802589698341*a^141 + 5021367349086386709445616087*a^139 - 
    6871994136218961663786752237*a^137 + 7575232315329340146436383974*a^135 - 
    2442827359014998939730299718*a^133 + 7625735906832096172947841130*a^131 - 
    777263250595681480823277183*a^129 + 2800615204527296764236252707*a^127 - 
    7254457005559693821017253708*a^125 - 4305791658061791060433710109*a^123 + 
    4811629646544694881286953990*a^121 - 1875301810961009287065684632*a^119 + 
    1714914156076186124356119499*a^117 + 8266132982525501462723741470*a^115 - 
    8142757863383329799100999060*a^113 - 3010352907068988592394914804*a^111 + 
    6489531266878229506556250766*a^109 - 3047365442811640091481737527*a^107 - 
    6218106004765451846586217464*a^105 - 7649257386814643144610029420*a^103 + 
    493500476568686654490969640*a^101 + 4046703907863230566825951048*a^99 + 
    3836966205321538738667288951*a^97 - 7970032696584289470029159686*a^95 + 
    1036351000794241974431036244*a^93 + 6033043326052194351152103849*a^91 + 
    6612906386020401170178993176*a^89 + 1665564108419317458907022535*a^87 - 
    703238179110378482649631737*a^85 + 900638369737853144446019593*a^83 - 
    456487940826035155404146917*a^81 - 345450333598080658143678748*a^79 - 
    1776601715647271956167490704*a^77 + 1936989370532095118877055837*a^75 + 
    4762279598887826215837857026*a^73 - 6600568874106184003816718935*a^71 - 
    1579201525019797294371102848*a^69 - 7402507148530299817364544600*a^67 - 
    4947342277601083711271970641*a^65 + 5551880361397724863023408450*a^63 - 
    4478516824860831389505549483*a^61 - 86362583399520164535919687*a^59 + 
    7228448196659452227064351254*a^57 - 1949326882446312285239330078*a^55 + 
    7599907339157774479160932456*a^53 + 7402507148530299817364544600*a^51 + 
    2862302764098382596047623912*a^49 - 4515529360603482888592372206*a^47 - 
    2973340371326337093308092081*a^45 - 6871994136218961663786752237*a^43 + 
    2282439704130175777020734585*a^41 + 616875595710858318113712050*a^39 + 
    5144742468228558373068358497*a^37 - 210983791245027761961251795341*a^35 + 
    77788012619139233914139089505*a^33 + 181238050019850173861808600290*a^31 - 
    230588097676718839310905564290*a^29 + 65709588455120628045472607566*a^27 - 
    192859986243042744575070935312*a^25 - 86547646078233422031353800615*a^23 + 
    27870439414216578812377510419*a^21 + 149123506507142889820808750967*a^19 + 
    302417092041291181872066195392*a^17 + 116244037255754141465347898702*a^15 + 
    192526873421358881083289530805*a^13 - 172478416560755985744593889180*a^11 - 
    106275327629066671044630311974*a^9 - 204827372799833395946476949082*a^7 + 
    274213539805390739567907280466*a^5 - 14212813725178175649339925632*a^3 + 
    48054608905875862981058168695*a - 78124200130331088277357897659)*a^300 + 
    O(a^5736) (2172735881974028540988620388*a^299 + 
    1702243197894017142686756765*a^297 - 1039018570937856496887744188*a^295 + 
    1572866045928712803536421481*a^293 + 1022679703808217546840408031*a^291 + 
    2025686077807277990562594975*a^289 + 7605575925712955339381436837*a^287 - 
    7470530187192470140010597172*a^285 + 4082463767085738759759117000*a^283 + 
    7526882606476326926908552489*a^281 + 5353479831966394755305755115*a^279 - 
    5538542510679652250739868730*a^277 + 8329821219704298186377643633*a^275 + 
    7439519684272951316451367323*a^273 - 7168094422160173656481334021*a^271 - 
    8401845613581890292708758121*a^269 - 8377170589753455959984209639*a^267 - 
    8414183125496107459071032362*a^265 + 5255780075456512870328826666*a^263 - 
    5860318159253154022080264475*a^261 + 3392815776409720749625416275*a^259 - 
    8253795470611284296361467229*a^257 + 3047365442811640091481737527*a^255 - 
    2627890037728256435164413333*a^253 - 8204445422954415630912370265*a^251 - 
    3664241038522498409595449577*a^249 - 1468163917791842797110634679*a^247 + 
    8290808006353935795448289952*a^245 + 6131743421365931682050297777*a^243 - 
    2442827359014998939730299718*a^241 + 7205106957902825155568156744*a^239 - 
    1665564108419317458907022535*a^237 + 357787845512297824505952989*a^235 - 
    4034366395949013400463676807*a^233 + 493500476568686654490969640*a^231 + 
    7205106957902825155568156744*a^229 - 2220752144559089945209363380*a^227 + 
    542850524225555319940066604*a^225 + 2245427168387524277933911862*a^223 - 
    5724605528196765192095247824*a^221 + 2072702001588483948862072488*a^219 - 
    7020044279189567660134043129*a^217 + 987000953137373308981939280*a^215 + 
    172725166799040329071839374*a^213 + 6255118540508103345673040187*a^211 + 
    8278470494439718629086015711*a^209 + 7933020160841637970942336963*a^207 - 
    2720921546486812905842102880*a^205 - 6119405909451714515688023536*a^203 - 
    3220090609610680420553576901*a^201 - 5329805146941815868502472112*a^199 - 
    3787616157664670073218191987*a^197 + 2936327835583685594221269358*a^195 + 
    5502530313740856197574311486*a^193 - 4009691372120579067739128325*a^191 - 
    2652565061556690767888961815*a^189 + 3133728026211160256017657214*a^187 + 
    8241457958697067129999192988*a^185 + 1073363536536893473517858967*a^183 + 
    2011014442017398117050701283*a^181 - 7192769445988607989205882503*a^179 + 
    5860318159253154022080264475*a^177 - 5823305623510502522993441752*a^175 + 
    160387654884823162709565133*a^173 + 2627890037728256435164413333*a^171 - 
    1369463822478105466212440751*a^169 + 4564879408260351554041469170*a^167 - 
    1455826405877625630748360438*a^165 - 2344127263701261608832105790*a^163 + 
    6600568874106184003816718935*a^161 + 4219429074662270895897790422*a^159 - 
    2652565061556690767888961815*a^157 + 7032381791103784826496317370*a^155 - 
    7180431934074390822843608262*a^153 - 4823967158458912047649228231*a^151 - 
    2159064584988004113397992175*a^149 - 1233751191421716636227424100*a^147 + 
    3133728026211160256017657214*a^145 - 2159064584988004113397992175*a^143 + 
    3738266110007801407769095023*a^141 - 8377170589753455959984209639*a^139 + 
    7575232315329340146436383974*a^137 + 8192107911040198464550096024*a^135 - 
    3701253574265149908682272300*a^133 + 831110316839251655413918958*a^131 - 
    4157741515091185064086419217*a^129 - 4972017301429518043996519123*a^127 - 
    4318129169976008226795984350*a^125 + 8414183125496107459071032362*a^123 + 
    3281778169181766252364948106*a^121 - 5712268016282548025732973583*a^119 - 
    1431151382049191298023811956*a^117 + 7575232315329340146436383974*a^115 + 
    6723943993248355667439461345*a^113 + 2442827359014998939730299718*a^111 + 
    715575691024595649011905978*a^109 + 1924651858617877952514781596*a^107 + 
    2738927644956210932424881502*a^105 + 2196077120730655612484814898*a^103 + 
    6785631552819441499250832550*a^101 - 5551880361397724863023408450*a^99 - 
    3910991276806841736840934397*a^97 - 7513544755758254314625012769*a^95 + 
    2973340371326337093308092081*a^93 - 3775278645750452906855917746*a^91 - 
    3133728026211160256017657214*a^89 - 3985016348292144735014579843*a^87 - 
    123375119142171663622742410*a^85 + 3651903526608281243233175336*a^83 - 
    7390169636616082651002270359*a^81 - 8204445422954415630912370265*a^79 + 
    3207753097696463254191302660*a^77 - 7020044279189567660134043129*a^75 - 
    7143419398331739323756785539*a^73 + 5687592992454113693008425101*a^71 - 
    1665564108419317458907022535*a^69 - 4897992229944215045822873677*a^67 - 
    1135051096107979305329230172*a^65 - 1061026024622676307155584726*a^63 + 
    6526543802620881005643073489*a^61 + 1517513965448711462559731643*a^59 - 
    1594873499613532613804262019*a^57 + 1492838941620277129835183161*a^55 + 
    666225643367726983562809014*a^53 + 5810968111596285356631167511*a^51 + 
    4404491753375528391331904037*a^49 + 3281778169181766252364948106*a^47 - 
    7192769445988607989205882503*a^45 + 5773955575853633857544344788*a^43 + 
    4564879408260351554041469170*a^41 + 4157741515091185064086419217*a^39 - 
    246750238284343327245484820*a^37 + 48054608905875862981058168695*a^35 + 
    100081896648129653530768642992*a^33 + 199189129855036150918917620945*a^31 + 
    305193032221990044303577899617*a^29 + 140487248167190873367216782267*a^27 - 
    118267389209685756748760874226*a^25 + 6625243897934618336541267417*a^23 - 
    304539144090536534486377364844*a^21 - 142103462227953322160674707838*a^19 + 
    261999403010315744869255781876*a^17 - 242888597055193354174092982567*a^15 - 
    300159327360989440427770009289*a^13 - 272054475220402735454509288291*a^11 - 
    103079912043284424956801283555*a^9 - 95344292073070261647655334448*a^7 + 
    120956966806985099015736658764*a^5 + 309708561582593527192170271823*a^3 - 
    184347103022232899785101709022*a + 61997772081634470985231289606)*a^300 + 
    O(a^5736) -257545561209283347812474780875*a^298 - 
    169480401165601214318561248617*a^296 + 259692288282357134759510498809*a^294 
    + 102364336352259829307789377577*a^292 + 
    282368635180688286533370553767*a^290 + 53557139219616719178632480181*a^288 +
    66215426443603531866325851447*a^286 + 16791353715249563419055242001*a^284 + 
    11942711532962217038681465288*a^282 - 88262560234309608155709920114*a^280 - 
    50744186503175205248033953233*a^278 + 49041609859013236290040107975*a^276 + 
    9179108864177571773532035304*a^274 - 273892764495621093242488150200*a^272 - 
    131012039017072089600990165179*a^270 + 300825553004357167411332818303*a^268 
    - 210440940720802206641311728737*a^266 + 
    140141797833592792709073103519*a^264 + 10499222638998808574295379091*a^262 +
    33780107621126601499906871858*a^260 + 185334103975370273094083648302*a^258 -
    54778552899124218648497630040*a^256 + 189442495442804589492720970555*a^254 +
    236460753347886210499348103006*a^252 + 45648794082603515540414691700*a^250 -
    1369463822478105466212440751*a^248 - 178943272803805780918425591464*a^246 - 
    170270001928111112965746800041*a^244 + 116404424910638964628057463835*a^242 
    + 170270001928111112965746800041*a^240 - 
    222309627182279120681819548579*a^238 - 191268447206108730114337558223*a^236 
    - 113209009324856718540228435416*a^234 - 11412198520650878885103672925*a^232
    + 182595176330414062161658766800*a^230 - 
    305390432412617518965374287473*a^228 - 81711341407860292817342298143*a^226 -
    197202790436847187134591468144*a^224 - 75320510236295800641684241305*a^222 -
    141511261656070898175285544270*a^220 + 57060992603254394425518364625*a^218 +
    293065258010314569769462320714*a^216 + 241938608637798632364197866010*a^214 
    - 150641020472591601283368482610*a^212 - 
    281196571548837655728954500872*a^210 - 285761450957098007282995970042*a^208 
    + 189442495442804589492720970555*a^206 + 
    227787482472191542546669311583*a^204 + 298999601241053026789716230635*a^202 
    - 91297588165207031080829383400*a^200 + 82624317289512363128150591977*a^198 
    + 147902092827635390350943601108*a^196 - 
    148815068709287460661751894942*a^194 - 262024078034144179201980330358*a^192 
    - 127360135490463808357756989843*a^190 + 14151126165607089817528554427*a^188
    - 300825553004357167411332818303*a^186 - 
    305390432412617518965374287473*a^184 + 237373729229538280810156396840*a^182 
    - 9586246757346738263487085257*a^180 + 53865577017472148337689336206*a^178 +
    134207454602854335688819193598*a^176 - 263393541856622284668192771109*a^174 
    - 92667051987685136547041824151*a^172 - 202680645726759608999441231148*a^170
    + 255275459017067389201816320531*a^168 - 47474745845907656162031279368*a^166
    - 2282439704130175777020734585*a^164 - 214549332188236523039949050990*a^162 
    - 47474745845907656162031279368*a^160 - 67103727301427167844409596799*a^158 
    + 7760294994042597641870497589*a^156 + 54322064958298183493093483123*a^154 -
    218201235714844804283182226326*a^152 - 244221048341928808141218600595*a^150 
    - 301738528886009237722141112137*a^148 + 63451823774818886601176421463*a^146
    + 245590512164406913607431041346*a^144 - 
    307672872116747694742395022058*a^142 + 293978233891966640080270614548*a^140 
    + 17803029692215371060761729763*a^138 - 295347697714444745546483055299*a^136
    + 211810404543280312107524169488*a^134 - 
    141511261656070898175285544270*a^132 + 111839545502378613074015994665*a^130 
    - 86276220816120644371383767313*a^128 - 237373729229538280810156396840*a^126
    + 81711341407860292817342298143*a^124 - 141054773715244863019881397353*a^122
    - 279827107726359550262742060121*a^120 - 
    298543113300226991634312083718*a^118 - 89015148461076855303808648815*a^116 +
    2738927644956210932424881502*a^114 - 34236595561952636655311018775*a^112 - 
    133294478721202265378010899764*a^110 + 194463862791890976202166586642*a^108 
    + 136033406366158476310435781266*a^106 + 
    299912577122705097100524524469*a^104 - 160683755170764374702259714784*a^102 
    - 305390432412617518965374287473*a^100 - 33780107621126601499906871858*a^98 
    + 127816623431289843513161136760*a^96 + 199300167462264105416178089114*a^94 
    + 239656168933668456587177131425*a^92 + 295804185655270780701887202216*a^90 
    - 44735818200951445229606397866*a^88 - 293065258010314569769462320714*a^86 -
    168900538105633007499534359290*a^84 + 294891209773618710391078908382*a^82 + 
    54322064958298183493093483123*a^80 - 277088180081403339330317178619*a^78 - 
    99514371100075663878104027906*a^76 - 37432011147734882743140047194*a^74 + 
    3341491726846577337558355432440*a^72 + 4450300935113016730035028293833*a^70 
    + 6871056485313481159143219394684*a^68 + 
    3317754353923623509477339792756*a^66 + 6239277175210248504063880061556*a^64 
    - 2234964958284268120858703305632*a^62 + 
    1198280844668342282935885657125*a^60 - 2769968824932381322992363492356*a^58 
    - 1863383774451875504359727715194*a^56 - 
    2426689893431202886128445010772*a^54 + 6355225112180061433536533378474*a^52 
    - 1477651464453875798043223570329*a^50 - 
    6708546778379412643819343092232*a^48 - 1067725293592096228490299638863*a^46 
    - 849980545818077459362521559454*a^44 - 1796280047150448336515318118395*a^42
    + 6693482676332153483691006243971*a^40 + 
    2505662307194106968013362427413*a^38 + 8325427064785229164260831472246*a^36 
    - 8895124014936121038205206824662*a^34 + 
    7092453136614108209514230649429*a^32 - 9741452657227590216324495208780*a^30 
    + 10842501570499987011159297572584*a^28 - 
    8221347814276893148828685975170*a^26 - 117773888733117070094269904586*a^24 -
    7578156305653009614864242969117*a^22 - 6881444670345252013220254305606*a^20 
    + 2029545384912552300926837192982*a^18 + 
    8787392860901176741529828152250*a^16 - 2667259038246523413026430436031*a^14 
    + 4208362326475218097670830427823*a^12 - 
    9838228100682709669270174355184*a^10 + 3769677415341398313327445240586*a^8 -
    3447396929118217493612117517184*a^6 - 6359333503647495749935170700727*a^4 - 
    8552301571375768636496692489995*a^2 + 3745515495917401713476507465102 + 
    O(a^5773) 130308800837961711118340533442*a^298 + 
    213377268556385892235532998095*a^296 - 30066516534947234424862325317*a^294 -
    32682069060761273693664464409*a^292 + 122079680391178861154703614695*a^290 -
    70940693506748706583076885750*a^288 - 182151025901502244172616894124*a^286 +
    299678164396334970939641313890*a^284 + 205666323610000163259111597470*a^282 
    + 169825851499199294976704927365*a^280 + 35186583979347358465206135332*a^278
    + 97528031681886700093777875105*a^276 + 27932126973787664644188881624*a^274 
    + 280283595667185585418146207038*a^272 + 
    216375283951540663661565638658*a^270 - 60256408189036640513347393044*a^268 +
    201311181904281503533228790397*a^266 + 215918796010714628506161491741*a^264 
    + 77602949940425976418704975890*a^262 + 304020968590139413499161846722*a^260
    - 246959975986885019073643482097*a^258 + 89928124342728925614616942649*a^256
    - 61625872011514745979559833795*a^254 - 262024078034144179201980330358*a^252
    + 239656168933668456587177131425*a^250 - 
    106361690212466191209166231661*a^248 + 139228821951940722398264809685*a^246 
    + 12781662343128984351316113676*a^244 - 35680084455916045119697104972*a^242 
    - 218657723655670839438586373243*a^240 + 
    297630137418574921323503789884*a^238 - 220483675418974980060202960911*a^236 
    + 212266892484106347262928316405*a^234 - 
    271610324791490917465467415615*a^232 + 219570699537322909749394667077*a^230 
    - 169357026046459042654938506207*a^228 + 23737372922953828081015639684*a^226
    + 83993781111990468594363032728*a^224 - 129642575194593984134777724428*a^222
    - 111383057561552577918611847748*a^220 - 58430456425732499891730805376*a^218
    - 271610324791490917465467415615*a^216 - 
    210897428661628241796715875654*a^214 - 11868686461476914040507819842*a^212 +
    198572254259325292600803908895*a^210 + 148358580768461425506347748025*a^208 
    - 73951046413817695175471800554*a^206 - 240112656874494491742581278342*a^204
    - 62538847893166816290368127629*a^202 - 167987562223980937188726065456*a^200
    + 64364799656470956911984715297*a^198 + 206332549253367890242674406484*a^196
    + 58430456425732499891730805376*a^194 + 110470081679900507607803553914*a^192
    - 145163165182679179418518719606*a^190 + 
    120969304318899316182098933005*a^188 + 210897428661628241796715875654*a^186 
    + 59799920248210605357943246127*a^184 - 7760294994042597641870497589*a^182 -
    278001155963055409641125472453*a^180 - 147445604886809355195539454191*a^178 
    - 53865577017472148337689336206*a^176 - 131925014898724159911798459013*a^174
    - 236460753347886210499348103006*a^172 + 26932788508736074168844668103*a^170
    + 8019382744241158135478256650*a^168 - 196289814555195116823783174310*a^166 
    - 22824397041301757770207345850*a^164 + 180312736626283886384638032215*a^162
    + 204050109549237714465653671899*a^160 + 
    172552441632241288742767534626*a^158 + 79885389644556152195725710475*a^156 +
    23280884982127792925611492767*a^154 + 131925014898724159911798459013*a^152 +
    143337213419375038796902131938*a^150 + 80341877585382187351129857392*a^148 -
    69842654946383378776834478301*a^146 + 16890053810563300749953435929*a^144 - 
    156575363703330058303622392531*a^142 - 286674426838750077593804263876*a^140 
    + 49300697609211796783647867036*a^138 - 202680645726759608999441231148*a^136
    - 258372174507535897958747155022*a^134 - 
    285304963016271972127591823125*a^132 - 248785927750189159695260069765*a^130 
    - 38801474970212988209352487945*a^128 + 130099063135420019290181871345*a^126
    + 164335658697372655945492890120*a^124 - 23737372922953828081015639684*a^122
    + 76689974058773906107896682056*a^120 - 89015148461076855303808648815*a^118 
    - 95862467573467382634870852570*a^116 + 113665497265682753695632582333*a^114
    + 131925014898724159911798459013*a^112 - 23280884982127792925611492767*a^110
    - 289413354483706288526229145378*a^108 - 
    233265337762103964411519074587*a^106 - 44735818200951445229606397866*a^104 +
    179399760744631816073829738381*a^102 + 16433565869737265594549289012*a^100 -
    160227267229938339546855567867*a^98 + 256089734803405722181726420437*a^96 - 
    67190089884826688008945516486*a^94 - 122795256082203456803715520673*a^92 - 
    167531074283154902033321918539*a^90 - 78972413762904081884917416641*a^88 + 
    81254853467034257661938151226*a^86 - 136489894306984511465839928183*a^84 - 
    163422682815720585634684596286*a^82 - 106818178153292226364570378578*a^80 + 
    174378393395545429364384122294*a^78 + 293978233891966640080270614548*a^76 - 
    23737372922953828081015639684*a^74 + 8246911138963151117531318202522*a^72 + 
    1441588917128619020766295963886*a^70 - 11161586641137385584786796267567*a^68
    + 917084273119504627206931156253*a^66 + 9192297664413869924373306467629*a^64
    - 2656303327666698569296730910023*a^62 + 
    8186654730774114477017970809478*a^60 - 4736518874010940772473428410792*a^58 
    - 6804409245952880026454213944802*a^56 + 
    5768638108218606258842204590129*a^54 + 3413616821497090892112210645326*a^52 
    - 6551971414676082585515720699701*a^50 - 
    6584382058474731081549415130808*a^48 - 4196493640013741183630322607981*a^46 
    - 1178651863212822771253507339694*a^44 - 
    1548863583222737282286270489381*a^42 + 1510062108252524294076918001436*a^40 
    - 5198941158067714384897829237713*a^38 - 
    5987752319815103133436195110289*a^36 - 5308498263865962822194824497793*a^34 
    + 9382196647797500549021431585101*a^32 + 
    7260897186778915181858360861802*a^30 - 5889607412537505575024303523134*a^28 
    - 5201223597771844560674849972298*a^26 + 
    9337917317537375138947229334152*a^24 + 465617699642555858512229855340*a^22 +
    6894386720343265820734279984415*a^20 + 8094444166727255375626333132244*a^18 
    - 6286751921056156160225911340924*a^16 + 164792146638198691100897037037*a^14
    + 3175786604326726576146650101569*a^12 + 
    1959246242025342886994598567764*a^10 + 5810178510833775457983981959576*a^8 +
    2229030615053529663838449395711*a^6 - 6541472192037083776941425320610*a^4 - 
    566501534565109627856546323997*a^2 + 2037174982955744681236636767380 + 
    O(a^5773) 98749445361394199563643024964*a^299 - 
    263430554392364936167279593832*a^297 + 133343828768859134043459996728*a^295 
    + 228774483425328915855651250863*a^293 - 
    225307642577433892107852189142*a^291 - 286921177077034420921049748696*a^289 
    + 130432175957103882781963275852*a^287 + 
    311460488274412364815613214045*a^285 - 84224192483145172971561181391*a^283 -
    292744482700544923444043190448*a^281 - 301491778647724894394895627317*a^279 
    + 184815928474973152106868130180*a^277 - 
    266107794477750061267893104129*a^275 + 143337213419375038796902131938*a^273 
    - 311324775643355975985628197394*a^271 - 12781662343128984351316113676*a^269
    + 266588957442404530756021799528*a^267 - 
    254263783040101581560109832769*a^265 - 295347697714444745546483055299*a^263 
    - 164335658697372655945492890120*a^261 - 
    132837990780376230222606752847*a^259 - 174378393395545429364384122294*a^257 
    + 230069922176321718323690046168*a^255 - 80798365526208222506534004309*a^253
    - 38801474970212988209352487945*a^251 - 234178313643756034722327368421*a^249
    + 296260673596096815857291349133*a^247 + 89928124342728925614616942649*a^245
    - 254263783040101581560109832769*a^243 + 71212118768861484243046919052*a^241
    - 99970859040901699033508174823*a^239 - 280283595667185585418146207038*a^237
    + 101796810804205839655124762491*a^235 + 
    120969304318899316182098933005*a^233 + 135120430484506405999627487432*a^231 
    + 226874506590539472235861017749*a^229 - 68473191123905273310622037550*a^227
    + 267958421264882636222234240279*a^225 + 
    307216384175921659586990875141*a^223 - 284848475075445936972187676208*a^221 
    - 157031851644156093459026539448*a^219 + 
    168444050164806972344130212373*a^217 + 275718716258925233864104737868*a^215 
    + 76233486117947870952492535139*a^213 - 44735818200951445229606397866*a^211 
    + 97688419336771523256487440238*a^209 + 120512816378073281026694786088*a^207
    + 262135115641372133699240798527*a^205 + 57517480544080429580922511542*a^203
    - 256089734803405722181726420437*a^201 + 1825951763304140621616587668*a^199 
    + 35149571443604706966119312609*a^197 + 47931233786733691317435426285*a^195 
    + 200398206022629433222420496563*a^193 - 83993781111990468594363032728*a^191
    - 106361690212466191209166231661*a^189 - 80341877585382187351129857392*a^187
    + 207702013075845995708886847235*a^185 - 
    153836436058373847371197511029*a^183 - 278914131844707479951933766287*a^181 
    - 275262228318099198708700590951*a^179 - 
    118230376673943105249674051503*a^177 + 139228821951940722398264809685*a^175 
    - 131468526957898124756394312096*a^173 + 
    135120430484506405999627487432*a^171 + 281653059489663690884358647789*a^169 
    - 112296033443204648229420141582*a^167 - 
    267958421264882636222234240279*a^165 - 99057883159249628722699880989*a^163 -
    201767669845107538688632937314*a^161 + 172095953691415253587363387709*a^159 
    + 150641020472591601283368482610*a^157 + 
    280740083608011620573550353955*a^155 + 123251744023029491959119667590*a^153 
    - 268871397146534706533042534113*a^151 - 
    231439385998799823789902486919*a^149 - 122338768141377421648311373756*a^147 
    + 155205899880851952837409951780*a^145 - 
    269784373028186776843850827947*a^143 + 14151126165607089817528554427*a^141 +
    259285150389187968269555448856*a^139 + 52496113194994042871476895455*a^137 +
    26476300567910039013440521186*a^135 + 108644129916596366986186966246*a^133 +
    300026282300076666120241700582*a^131 - 7303807053216562486466350672*a^129 - 
    32867131739474531189098578024*a^127 - 191724935146934765269741705140*a^125 -
    147902092827635390350943601108*a^123 - 135576918425332441155031634349*a^121 
    + 199941718081803398067016349646*a^119 + 
    195833326614369081668379027393*a^117 + 78972413762904081884917416641*a^115 -
    248785927750189159695260069765*a^113 + 87189196697772714682192061147*a^111 +
    103166274626683945121337203242*a^109 + 130099063135420019290181871345*a^107 
    + 284391987134619901816783529291*a^105 - 
    179856248685457851229233885298*a^103 + 111383057561552577918611847748*a^101 
    - 193550886910238905891358292808*a^99 + 155205899880851952837409951780*a^97 
    - 151097508413417636438772629527*a^95 + 5477855289912421864849763004*a^93 - 
    76689974058773906107896682056*a^91 + 218657723655670839438586373243*a^89 - 
    161596731052416445013068008618*a^87 - 110926569620726542763207700831*a^85 - 
    287587402720402147904612557710*a^83 + 197202790436847187134591468144*a^81 + 
    2738927644956210932424881502*a^79 + 245590512164406913607431041346*a^77 + 
    24650348804605898391823933518*a^75 + 201767669845107538688632937314*a^73 - 
    16433565869737265594549289012*a^71 + 45192306141777480385010544783*a^69 - 
    41996890555995234297181516364*a^67 + 66190751419775097533601302965*a^65 - 
    311781263584182011141032344311*a^63 - 247416463927711054229047629014*a^61 + 
    111383057561552577918611847748*a^59 + 192058047968618628761523109647*a^57 + 
    37432011147734882743140047194*a^55 - 170270001928111112965746800041*a^53 + 
    136033406366158476310435781266*a^51 + 193094398969412870735954145891*a^49 - 
    228700458353843612857477605417*a^47 + 296717161536922851012695496050*a^45 + 
    258828662448361933114151301939*a^43 - 52039625254168007716072748538*a^41 + 
    285304963016271972127591823125*a^39 + 302651504767661308032949405971*a^37 + 
    10679991863565918495835421270132*a^35 + 
    10001650783498430254904858951470*a^33 - 2005351524048772437690417406381*a^31
    - 419968905559952342971815163640*a^29 + 1610945943175078063421234470093*a^27
    + 11455564875029352224867066882115*a^25 + 
    3652360014549107278388579482917*a^23 - 3954555031375942551266124741971*a^21 
    - 6742326886000539245319249964090*a^19 + 
    4872552280377099248783864192058*a^17 - 2401126568744944917425812783420*a^15 
    - 269784373028186776843850827947*a^13 - 2323067130863692905851703660613*a^11
    - 6055769022998182371591413000922*a^9 - 4541598523278223761115857677233*a^7 
    - 6096396449731699500422382076535*a^5 + 6638247635492203229887104467014*a^3 
    - 9861965473605663497351189994868*a - 6947732085662742904346713088459 + 
    O(a^5736) 166161610460676796567109477788*a^299 + 
    200558593677514256385130061696*a^297 - 63636886453532144096610535078*a^295 -
    301356066016668505564910610666*a^293 - 238989943290300729603614322411*a^291 
    - 189837295824059538816313746267*a^289 + 
    171602453214846566932872418069*a^287 + 42885191413818870275265261716*a^285 -
    224939517897615088008826492870*a^283 + 101636423149321016492415197358*a^281 
    - 77738662571482365248689992541*a^279 - 121277742116754745341155789030*a^277
    - 264269505202531703479914242220*a^275 + 42909866437647304607989810198*a^273
    - 94949491691815312324062558736*a^271 - 287587402720402147904612557710*a^269
    - 211810404543280312107524169488*a^267 + 37432011147734882743140047194*a^265
    + 91754076106033066236233530317*a^263 + 304020968590139413499161846722*a^261
    - 271610324791490917465467415615*a^259 + 
    186703567797848378560296089053*a^257 + 171182977809763183276555093875*a^255 
    - 236004265407060175343943956089*a^253 + 
    242395096578624667519602012927*a^251 - 310411799761703905674819903560*a^249 
    + 117317400792291034938865757669*a^247 + 
    261111102152492108891172036524*a^245 + 113209009324856718540228435416*a^243 
    - 208158501016672030864290994152*a^241 - 
    146532629005157284884731160357*a^239 - 144250189301027109107710425772*a^237 
    + 216375283951540663661565638658*a^235 - 
    253807295099275546404705685852*a^233 - 203593621608411679310249524982*a^231 
    + 207702013075845995708886847235*a^229 + 
    141054773715244863019881397353*a^227 - 271610324791490917465467415615*a^225 
    - 62082359952340781134963980712*a^223 - 6847319112390527331062203755*a^221 +
    246047000105232948762835188263*a^219 - 207245525135019960553482700318*a^217 
    - 305846920353443554120778434390*a^215 - 58886944366558535047134952293*a^213
    - 188529519561152519181912676721*a^211 - 
    157488339584982128614430686365*a^209 - 121425792259725351337503079922*a^207 
    + 206320211741453673076312132243*a^205 + 
    264763005679100390134405211860*a^203 + 207702013075845995708886847235*a^201 
    - 152923460176721777060389217195*a^199 + 40170938792691093675564928696*a^197
    - 119143352555595175560482345337*a^195 + 
    136489894306984511465839928183*a^193 - 183964640152892167627871207551*a^191 
    - 199028742200151327756208055812*a^189 + 
    101796810804205839655124762491*a^187 - 226418018649713437080456870832*a^185 
    + 197202790436847187134591468144*a^183 + 26019812627084003858036374269*a^181
    + 185334103975370273094083648302*a^179 - 
    193550886910238905891358292808*a^177 - 290782818306184393992441586129*a^175 
    - 99057883159249628722699880989*a^173 + 180769224567109921540042179132*a^171
    - 266588957442404530756021799528*a^169 - 
    172095953691415253587363387709*a^167 - 14607614106433124972932701344*a^165 +
    251524855395145370627684951267*a^163 - 239656168933668456587177131425*a^161 
    + 198572254259325292600803908895*a^159 - 99514371100075663878104027906*a^157
    - 123251744023029491959119667590*a^155 + 
    138772334011114687242860662768*a^153 - 125990671667985702891544549092*a^151 
    - 92667051987685136547041824151*a^149 + 70299142887209413932238625218*a^147 
    + 240569144815320526897985425259*a^145 + 
    146989116945983320040135307274*a^143 - 181225712507935956695446326049*a^141 
    - 254720270980927616715513979686*a^139 - 34236595561952636655311018775*a^137
    + 225505042768061366769648576998*a^135 - 69842654946383378776834478301*a^133
    - 291389357067588746036035554896*a^131 - 
    302651504767661308032949405971*a^129 - 112296033443204648229420141582*a^127 
    + 166618098401502831722513624705*a^125 + 
    115034961088160859161845023084*a^123 + 246047000105232948762835188263*a^121 
    + 30128204094518320256673696522*a^119 + 168900538105633007499534359290*a^117
    - 184421128093718202783275354468*a^115 - 10042734698172773418891232174*a^113
    - 118230376673943105249674051503*a^111 - 
    291695794187836464303249879963*a^109 + 293065258010314569769462320714*a^107 
    + 136489894306984511465839928183*a^105 - 912975881652070310808293834*a^103 -
    145619653123505214573922866523*a^101 + 260198126270840038580363742690*a^99 +
    185334103975370273094083648302*a^97 + 226874506590539472235861017749*a^95 - 
    71212118768861484243046919052*a^93 - 102709786685857909965933056325*a^91 - 
    180769224567109921540042179132*a^89 + 13694638224781054662124407510*a^87 + 
    173921905454719394208979975377*a^85 + 200398206022629433222420496563*a^83 + 
    124164719904681562269927961424*a^81 + 148815068709287460661751894942*a^79 + 
    294891209773618710391078908382*a^77 - 20998445277997617148590758182*a^75 + 
    21454933218823652303994905099*a^73 + 217288259833192733972373932492*a^71 + 
    145619653123505214573922866523*a^69 - 194920350732717011357570733559*a^67 + 
    190811959265282694958933411306*a^65 - 178030296922153710607617297630*a^63 + 
    13694638224781054662124407510*a^61 + 165705122519850761411705330871*a^59 + 
    15582277547656281115552366383*a^57 + 200854693963455468377824643480*a^55 + 
    68473191123905273310622037550*a^53 - 213636356306584452729140757156*a^51 - 
    114578473147334824006440876167*a^49 - 39714450851865058520160781779*a^47 + 
    136033406366158476310435781266*a^45 - 61169384070688710824155686878*a^43 + 
    133294478721202265378010899764*a^41 - 263850029797448319823596918026*a^39 - 
    63908311715644921756580568380*a^37 - 5742618295591522254984168215860*a^35 - 
    3221435398409330091687064793269*a^33 - 3846823877340998254590746069559*a^31 
    + 2514792066010627671121445365753*a^29 - 
    8576038944298722464577708129679*a^27 - 7556244884493359927404843917101*a^25 
    + 6290860312523590476624548663177*a^23 - 
    9531468204447614044838587626960*a^21 + 4945133862968438838493123551861*a^19 
    + 5279283035653096572248959095105*a^17 + 
    7324805498494560103614941430182*a^15 - 6949572411135559205872732664408*a^13 
    + 954972772208065545105475350364*a^11 - 8126854810525903871660027563351*a^9 
    + 6196823796713427234611294398275*a^7 + 6718133025136759382082830177489*a^5 
    + 4871182816554621143317651751307*a^3 - 7721493519072384653661145101055*a + 
    1997154264215284663804009621907 + O(a^5736))
IP1P2 after rounding  (222182620532245630101396498391*37 + O(37^20) 
    120829184036375368320865383319*37 + O(37^20) 
    -78124200130331088277357897659*37 + O(37^20) 
    61997772081634470985231289606*37 + O(37^20) 3745515495917401713476507465102 
    + O(37^20) 2037174982955744681236636767380 + O(37^20) 
    -6947732085662742904346713088459 + O(37^20) 1997154264215284663804009621907 
    + O(37^20))
ZERO in disk 7 : x = 205762229656726767047448567374 + O(37^19) , inf = false
IP1P2 before rounding ((3106051985971159585529312295*a^298 - 
    2052695225511375030436762908*a^296 + 4964014590998674476626395291*a^294 - 
    114038623639520835024264606*a^292 - 317440847090128172348245336*a^290 - 
    6947352992776071923188751655*a^288 - 5327471023066153161352852661*a^286 - 
    1806611879762935333805455074*a^284 + 7344154051638732138624058325*a^282 + 
    1196071763143161506526424391*a^280 - 6967359768853180841614061235*a^278 + 
    4299789625238658384906117235*a^276 - 6351151065678226154114526171*a^274 + 
    3281778169181766252364948106*a^272 - 2738927644956210932424881502*a^270 + 
    7908345137013203638217788481*a^268 - 2183739608816438446122540657*a^266 + 
    2652565061556690767888961815*a^264 + 4268779122319139561346887386*a^262 + 
    6403168683478709342020331079*a^260 + 727913202938812815374180219*a^258 + 
    7168094422160173656481334021*a^256 - 505837988482903820853243881*a^254 - 
    4811629646544694881286953990*a^252 + 7970032696584289470029159686*a^250 - 
    308437797855429159056856025*a^248 + 3121390514296943089655382973*a^246 - 
    6909006671961613162873574960*a^244 - 7121078498378967698181856508*a^242 - 
    764925738681464314461002942*a^240 + 8315483030182370128172838434*a^238 - 
    962325929308938976257390798*a^236 - 4996692325257952376721067605*a^234 + 
    4034366395949013400463676807*a^232 - 2726590133041993766062607261*a^230 + 
    1616214060762448793457925571*a^228 - 6279793564336537678397588669*a^226 + 
    2961002859412119926945817840*a^224 - 5712268016282548025732973583*a^222 + 
    6785631552819441499250832550*a^220 + 4972017301429518043996519123*a^218 - 
    6822644088562092998337655273*a^216 + 3799953669578887239580466228*a^214 + 
    1936989370532095118877055837*a^212 + 1813614251389923455254313427*a^210 + 
    3491515871723458080523610203*a^208 + 2948665347497902760583543599*a^206 - 
    7896007625098986471855514240*a^204 - 8278470494439718629086015711*a^202 - 
    1455826405877625630748360438*a^200 - 4922667253772649378547422159*a^198 - 
    2270102192215958610658460344*a^196 - 4811629646544694881286953990*a^194 + 
    5675255480539896526646150860*a^192 - 1283101239078585301676521064*a^190 - 
    6378493659650275009295782597*a^188 + 5724605528196765192095247824*a^186 - 
    3701253574265149908682272300*a^184 + 7414844660444516983726818841*a^182 - 
    5724605528196765192095247824*a^180 - 8438858149324541791795580844*a^178 + 
    6477193754964012340193976525*a^176 + 1283101239078585301676521064*a^174 - 
    925313393566287477170568075*a^172 - 6649918921763052669265815899*a^170 + 
    6086394728924484800286262729*a^168 - 6390831171564492175658056838*a^166 - 
    5613567920968810694834779655*a^164 - 6181093469022800347499394741*a^162 + 
    579863059968206819026889327*a^160 - 4194754050833836563173241940*a^158 + 
    5157079980142775539430632738*a^156 + 1406476358220756965299263474*a^154 - 
    5083054908657472541256987292*a^152 - 2689577597299342266975784538*a^150 + 
    3898653764892624570478660156*a^148 + 4453841801032397056781001001*a^146 + 
    2763602668784645265149429984*a^144 - 1122713584193762138966955931*a^142 + 
    7057056814932219159220865852*a^140 + 8093407815726461133651902096*a^138 + 
    838950810166767312634648388*a^136 + 6193430980937017513861668982*a^134 + 
    3232428121524897586915851142*a^132 - 555188036139772486302340845*a^130 - 
    4786954622716260548562405508*a^128 + 3220090609610680420553576901*a^126 - 
    2516852430500301937903945164*a^124 - 7402507148530299817364544600*a^122 - 
    1196738655679065137140601377*a^120 + 5638242944797245027559328137*a^118 + 
    3355803240667069250538593552*a^116 + 4367479217632876892245081314*a^114 - 
    8068732791898026800927353614*a^112 + 678563155281944149925083255*a^110 - 
    900638369737853144446019593*a^108 + 4157741515091185064086419217*a^106 + 
    1505176453534494296197457402*a^104 + 4182416538919619396810967699*a^102 - 
    5884993183081588354804812957*a^100 + 320775309769646325419130266*a^98 + 
    7908345137013203638217788481*a^96 - 390799026039527539907713796*a^94 - 
    2812952716441513930598526948*a^92 - 4231766586576488062260064663*a^90 - 
    6144080933280148848412572018*a^88 - 752588226767247148098728701*a^86 - 
    2985677883240554259670366322*a^84 - 222075214455908994520936338*a^82 - 
    7723282458299946142783674866*a^80 + 4046703907863230566825951048*a^78 - 
    2504514918586084771541670923*a^76 + 1221413679507499469865149859*a^74 - 
    17642642037330547898052164630*a^72 - 177080308504758988797722181073*a^70 - 
    82056791741458373475485976891*a^68 + 145730690730733169071183334692*a^66 - 
    67547877730338985833451469475*a^64 + 54346739982126617825818031605*a^62 + 
    299678164396334970939641313890*a^60 - 70434855518265802762223641869*a^58 - 
    222593389956306115508151856122*a^56 + 288488041090140001049058577303*a^54 + 
    54075314720013840165847998303*a^52 - 178091984481724796439428668835*a^50 + 
    28573677593326957295027142156*a^48 + 93543015333594555358763295262*a^46 - 
    127446498073863328522292909530*a^44 - 244467798580213151468464085415*a^42 - 
    288549728649711086880869948508*a^40 + 137489232772036101941184141704*a^38 + 
    259963713544469912419480532111*a^36 - 38912512577440942706612956114*a^34 + 
    272276550434858644449030224629*a^32 - 259420863020244357099540465507*a^30 + 
    28820427831611300622272626976*a^28 - 21602983361794258300342195991*a^26 - 
    101525385542093061995154729189*a^24 - 159585716610399046896017307335*a^22 - 
    265409891438926911830156888280*a^20 - 238767868075844820609093386073*a^18 + 
    141116461274815948851692768558*a^16 + 229156946294669648012881752334*a^14 + 
    121265404604840528174793514789*a^12 - 244393773508727848470290439969*a^10 + 
    265108456012698470792548890608*a^8 - 65512188264493153383676219710*a^6 - 
    237052953919768634484737266574*a^4 + 210675353447172332802194939316*a^2 + 
    155658021268913501717501867931)*a^300 + O(a^5773) 
    (3807622933741778991643501567*a^298 + 2309782298102224632201991011*a^296 + 
    149383928042413257575644864*a^294 - 7908345137013203638217788481*a^292 - 
    5626905771686883307118319375*a^290 - 2101044934364388249964594393*a^288 + 
    7329148969580900449805076140*a^286 - 5330472039477719499116649098*a^284 - 
    5540209742019411327275311195*a^282 - 3858306766470454918320952503*a^280 + 
    6594233395015099512982037568*a^278 - 2291442753364874790312123896*a^276 - 
    931648872657371968005249442*a^274 + 4848642182287346380373776713*a^272 - 
    3318790704924417751451770829*a^270 + 2183739608816438446122540657*a^268 - 
    6884331648133178830149026478*a^266 - 3602553478951412577784078372*a^264 - 
    2208414632644872778847089139*a^262 - 2738927644956210932424881502*a^260 - 
    7686269922557294643696852143*a^258 - 7673932410643077477334577902*a^256 - 
    5564217873311942029385682691*a^254 + 592200571882423985389163568*a^252 - 
    6144080933280148848412572018*a^250 + 6884331648133178830149026478*a^248 + 
    283762774026994826332307543*a^246 - 2714252621127776599700333020*a^244 + 
    6816308609471008507502973906*a^242 - 6082393373709063016601200813*a^240 + 
    6970694231532698994684946165*a^238 - 8278470494439718629086015711*a^236 - 
    308437797855429159056856025*a^234 - 6538881314535098172005347730*a^232 - 
    222075214455908994520936338*a^230 + 8118082839554895466376450578*a^228 + 
    3047365442811640091481737527*a^226 + 3701253574265149908682272300*a^224 - 
    7377832124701865484639996118*a^222 + 333112821683863491781404507*a^220 - 
    616875595710858318113712050*a^218 - 5835643135424719689355715993*a^216 + 
    6773294040905224332888558309*a^214 + 6662256433677269835628090140*a^212 + 
    6526543802620881005643073489*a^210 + 4737604575059391883113308544*a^208 + 
    8303145518268152961810564193*a^206 + 6946019207704264661960397683*a^202 + 
    2553864966242953436990767887*a^200 - 1295438750992802468038795305*a^198 - 
    1566864013105580128008828607*a^196 + 2109714537331135447948895211*a^194 - 
    5564217873311942029385682691*a^192 + 3713591086179367075044546541*a^190 - 
    4959679789515300877634244882*a^188 - 3170740561953811755104479937*a^186 + 
    6094730885623280182963475054*a^184 - 2023351953931615283412975524*a^182 - 
    3824628693407321572305014710*a^180 - 1332451286735453967125618028*a^178 + 
    1505176453534494296197457402*a^176 + 518175500397120987215518122*a^174 + 
    4009691372120579067739128325*a^172 + 6637581409848835502903541658*a^170 - 
    6237445888306657134397350058*a^168 - 7007706767275350493771768888*a^166 - 
    7118744374503304991032237057*a^164 - 6144080933280148848412572018*a^162 + 
    1135051096107979305329230172*a^160 + 7118744374503304991032237057*a^158 + 
    949988417394721809895116557*a^156 - 1887639322875226453427958873*a^154 + 
    2122052049245352614311169452*a^152 + 7143419398331739323756785539*a^150 + 
    8303145518268152961810564193*a^148 - 8204445422954415630912370265*a^146 - 
    7476532220015602815538190046*a^144 + 5416167730341336033038391799*a^142 - 
    1517513965448711462559731643*a^140 - 5033704861000603875807890328*a^138 - 
    6440181219221360841107153802*a^136 - 135712631056388829985016651*a^134 + 
    5144742468228558373068358497*a^132 + 5465517777998204698487488763*a^130 + 
    5551880361397724863023408450*a^128 - 1221413679507499469865149859*a^126 - 
    1270763727164368135314246823*a^124 + 6316806100079189177484411392*a^122 + 
    6489531266878229506556250766*a^120 - 370125357426514990868227230*a^116 - 
    8007045232326940969115982409*a^114 + 5243442563542295703966552425*a^112 + 
    4737604575059391883113308544*a^110 - 1899976834789443619790233114*a^108 + 
    5971355766481108519340732644*a^106 + 5835643135424719689355715993*a^104 + 
    1085701048451110639880133208*a^102 + 2652565061556690767888961815*a^100 + 
    2590877501985604936077590610*a^98 + 1677901620333534625269296776*a^96 + 
    7822649446149587104296045780*a^94 - 2233089656473307111571637621*a^92 + 
    2961002859412119926945817840*a^90 + 7525882267672471480987287010*a^88 - 
    1468163917791842797110634679*a^86 + 6649918921763052669265815899*a^84 - 
    7266794517473910987379527949*a^82 + 4429166777203962724056452519*a^80 - 
    7612244851071991645523206697*a^78 - 5687592992454113693008425101*a^76 - 
    1246088703335933802589698341*a^74 - 85671682732324003219632329504*a^72 - 
    131271126767270650094597924240*a^70 - 56419441983715101774680104093*a^68 + 
    185728904356625222417676424014*a^66 + 21047795325654485814039855146*a^64 - 
    236263353157258735837551715150*a^62 + 40824826924144603492765463469*a^60 - 
    192884661266871178907795483794*a^58 - 107743491546858513841740946653*a^56 - 
    292238644712062019623189946567*a^54 - 74901034831212416985366917111*a^52 + 
    39874838506749881682870346912*a^50 - 8525220732724061956331500531*a^48 - 
    81538616241061252488270458769*a^46 + 75628948034151229800741097330*a^44 + 
    137045082343124283952142269028*a^42 + 217411634952334905635996674902*a^40 + 
    128149736252973707004942541267*a^38 - 120142691020646766035826558858*a^36 + 
    56135679209688106948347796550*a^34 - 167864187104838765525103323046*a^32 + 
    19752356574661683346001059841*a^30 - 256657260351459711834391035523*a^28 - 
    261172789712063194722983407729*a^26 - 121475142307382220002952176886*a^24 + 
    175932919896736792326030676660*a^22 + 190635899635804136476790687002*a^20 + 
    270734361445581498653745944504*a^18 + 61773922154485351975907124687*a^16 + 
    217485660023820208634170320348*a^14 + 225184267458291720444229446732*a^12 + 
    115442098981330025651800073037*a^10 + 239026955826043381102701145134*a^8 - 
    212476630186648039091086978502*a^6 + 238804880611587472108180208796*a^4 + 
    307487809438034437246960908443*a^2 - 203998538105361551131300177915)*a^300 +
    O(a^5773) (-3678912674312378283107343269*a^299 + 
    2677906977921028731227687283*a^297 - 7833986619259948824737054542*a^295 + 
    1405142573148949704070909502*a^293 + 8124084872378028141904043452*a^291 - 
    8050393247160676959037486499*a^289 + 4915664882145661257098563806*a^287 - 
    6193764427204969329168757475*a^285 - 1899336978437427974200955195*a^283 + 
    7088067317851737982780095701*a^281 + 841618380310381835091356332*a^279 + 
    2799948311991393133622075721*a^277 - 7093735904406918843000600082*a^275 - 
    5613567920968810694834779655*a^273 - 6884331648133178830149026478*a^271 - 
    4762279598887826215837857026*a^269 + 5243442563542295703966552425*a^267 - 
    1246088703335933802589698341*a^265 - 7834320065527900640044143035*a^263 - 
    6193430980937017513861668982*a^261 + 3651903526608281243233175336*a^259 + 
    2220752144559089945209363380*a^257 + 7427182172358734150089093082*a^255 + 
    8266132982525501462723741470*a^253 + 3898653764892624570478660156*a^251 - 
    2159064584988004113397992175*a^249 - 777263250595681480823277183*a^247 - 
    6637581409848835502903541658*a^245 - 3664241038522498409595449577*a^243 + 
    3331128216838634917814045070*a^241 + 8229120446782849963636918747*a^239 - 
    1468163917791842797110634679*a^237 - 4972017301429518043996519123*a^235 + 
    4293454146147573894071435868*a^233 - 3257103145353331919640399624*a^231 - 
    5959018254566891352978458403*a^229 + 962325929308938976257390798*a^227 + 
    863625833995201645359196870*a^225 + 518175500397120987215518122*a^223 - 
    6267456052422320512035314428*a^221 + 4959679789515300877634244882*a^219 + 
    1838289275218357787978861909*a^217 + 4441504289118179890418726760*a^215 - 
    1603876548848231627095651330*a^213 + 7501207243844037148262738528*a^211 - 
    7747957482128380475508223348*a^209 + 4083716443605882065912773771*a^207 - 
    991669200888698723281178182*a^205 - 1443488893963408464386086197*a^203 - 
    3318790704924417751451770829*a^201 - 7353157100873431151915447636*a^199 + 
    1924651858617877952514781596*a^197 + 4170079027005402230448693458*a^195 + 
    7094069350674870658307688575*a^193 - 246750238284343327245484820*a^191 - 
    6711606481334138501077187104*a^189 + 1085701048451110639880133208*a^187 + 
    1739589179904620457080667981*a^185 - 4959679789515300877634244882*a^183 - 
    246750238284343327245484820*a^181 - 5786293087767851023906619029*a^179 - 
    4281116634233356727709161627*a^177 - 7377832124701865484639996118*a^175 + 
    8068732791898026800927353614*a^173 + 1838289275218357787978861909*a^171 - 
    8204445422954415630912370265*a^169 + 8130420351469112632738724819*a^167 + 
    4318129169976008226795984350*a^165 + 974663441223156142619665039*a^163 - 
    1862964299046792120703410391*a^161 + 320775309769646325419130266*a^159 + 
    4947342277601083711271970641*a^157 - 542850524225555319940066604*a^155 - 
    6070055861794845850238926572*a^153 + 37012535742651499086822723*a^151 + 
    5551880361397724863023408450*a^149 - 7772632505956814808232771830*a^147 - 
    7994707720412723802753708168*a^145 - 5428505242255553199400666040*a^143 + 
    1246088703335933802589698341*a^141 + 5021367349086386709445616087*a^139 - 
    6871994136218961663786752237*a^137 + 7575232315329340146436383974*a^135 - 
    2442827359014998939730299718*a^133 + 7625735906832096172947841130*a^131 - 
    777263250595681480823277183*a^129 + 2800615204527296764236252707*a^127 - 
    7254457005559693821017253708*a^125 - 4305791658061791060433710109*a^123 + 
    4811629646544694881286953990*a^121 - 1875301810961009287065684632*a^119 + 
    1714914156076186124356119499*a^117 + 8266132982525501462723741470*a^115 - 
    8142757863383329799100999060*a^113 - 3010352907068988592394914804*a^111 + 
    6489531266878229506556250766*a^109 - 3047365442811640091481737527*a^107 - 
    6218106004765451846586217464*a^105 - 7649257386814643144610029420*a^103 + 
    493500476568686654490969640*a^101 + 4046703907863230566825951048*a^99 + 
    3836966205321538738667288951*a^97 - 7970032696584289470029159686*a^95 + 
    1036351000794241974431036244*a^93 + 6033043326052194351152103849*a^91 + 
    6612906386020401170178993176*a^89 + 1665564108419317458907022535*a^87 - 
    703238179110378482649631737*a^85 + 900638369737853144446019593*a^83 - 
    456487940826035155404146917*a^81 - 345450333598080658143678748*a^79 - 
    1776601715647271956167490704*a^77 + 1936989370532095118877055837*a^75 + 
    4762279598887826215837857026*a^73 - 6600568874106184003816718935*a^71 - 
    1579201525019797294371102848*a^69 - 7402507148530299817364544600*a^67 - 
    4947342277601083711271970641*a^65 + 5551880361397724863023408450*a^63 - 
    4478516824860831389505549483*a^61 - 86362583399520164535919687*a^59 + 
    7228448196659452227064351254*a^57 - 1949326882446312285239330078*a^55 + 
    7599907339157774479160932456*a^53 + 7402507148530299817364544600*a^51 + 
    2862302764098382596047623912*a^49 - 4515529360603482888592372206*a^47 - 
    2973340371326337093308092081*a^45 - 6871994136218961663786752237*a^43 + 
    2282439704130175777020734585*a^41 + 616875595710858318113712050*a^39 + 
    5144742468228558373068358497*a^37 - 210983791245027761961251795341*a^35 + 
    77788012619139233914139089505*a^33 + 181238050019850173861808600290*a^31 - 
    230588097676718839310905564290*a^29 + 65709588455120628045472607566*a^27 - 
    192859986243042744575070935312*a^25 - 86547646078233422031353800615*a^23 + 
    27870439414216578812377510419*a^21 + 149123506507142889820808750967*a^19 + 
    302417092041291181872066195392*a^17 + 116244037255754141465347898702*a^15 + 
    192526873421358881083289530805*a^13 - 172478416560755985744593889180*a^11 - 
    106275327629066671044630311974*a^9 - 204827372799833395946476949082*a^7 + 
    274213539805390739567907280466*a^5 - 14212813725178175649339925632*a^3 + 
    48054608905875862981058168695*a + 194921964862714096496759619092)*a^300 + 
    O(a^5736) (2172735881974028540988620388*a^299 + 
    1702243197894017142686756765*a^297 - 1039018570937856496887744188*a^295 + 
    1572866045928712803536421481*a^293 + 1022679703808217546840408031*a^291 + 
    2025686077807277990562594975*a^289 + 7605575925712955339381436837*a^287 - 
    7470530187192470140010597172*a^285 + 4082463767085738759759117000*a^283 + 
    7526882606476326926908552489*a^281 + 5353479831966394755305755115*a^279 - 
    5538542510679652250739868730*a^277 + 8329821219704298186377643633*a^275 + 
    7439519684272951316451367323*a^273 - 7168094422160173656481334021*a^271 - 
    8401845613581890292708758121*a^269 - 8377170589753455959984209639*a^267 - 
    8414183125496107459071032362*a^265 + 5255780075456512870328826666*a^263 - 
    5860318159253154022080264475*a^261 + 3392815776409720749625416275*a^259 - 
    8253795470611284296361467229*a^257 + 3047365442811640091481737527*a^255 - 
    2627890037728256435164413333*a^253 - 8204445422954415630912370265*a^251 - 
    3664241038522498409595449577*a^249 - 1468163917791842797110634679*a^247 + 
    8290808006353935795448289952*a^245 + 6131743421365931682050297777*a^243 - 
    2442827359014998939730299718*a^241 + 7205106957902825155568156744*a^239 - 
    1665564108419317458907022535*a^237 + 357787845512297824505952989*a^235 - 
    4034366395949013400463676807*a^233 + 493500476568686654490969640*a^231 + 
    7205106957902825155568156744*a^229 - 2220752144559089945209363380*a^227 + 
    542850524225555319940066604*a^225 + 2245427168387524277933911862*a^223 - 
    5724605528196765192095247824*a^221 + 2072702001588483948862072488*a^219 - 
    7020044279189567660134043129*a^217 + 987000953137373308981939280*a^215 + 
    172725166799040329071839374*a^213 + 6255118540508103345673040187*a^211 + 
    8278470494439718629086015711*a^209 + 7933020160841637970942336963*a^207 - 
    2720921546486812905842102880*a^205 - 6119405909451714515688023536*a^203 - 
    3220090609610680420553576901*a^201 - 5329805146941815868502472112*a^199 - 
    3787616157664670073218191987*a^197 + 2936327835583685594221269358*a^195 + 
    5502530313740856197574311486*a^193 - 4009691372120579067739128325*a^191 - 
    2652565061556690767888961815*a^189 + 3133728026211160256017657214*a^187 + 
    8241457958697067129999192988*a^185 + 1073363536536893473517858967*a^183 + 
    2011014442017398117050701283*a^181 - 7192769445988607989205882503*a^179 + 
    5860318159253154022080264475*a^177 - 5823305623510502522993441752*a^175 + 
    160387654884823162709565133*a^173 + 2627890037728256435164413333*a^171 - 
    1369463822478105466212440751*a^169 + 4564879408260351554041469170*a^167 - 
    1455826405877625630748360438*a^165 - 2344127263701261608832105790*a^163 + 
    6600568874106184003816718935*a^161 + 4219429074662270895897790422*a^159 - 
    2652565061556690767888961815*a^157 + 7032381791103784826496317370*a^155 - 
    7180431934074390822843608262*a^153 - 4823967158458912047649228231*a^151 - 
    2159064584988004113397992175*a^149 - 1233751191421716636227424100*a^147 + 
    3133728026211160256017657214*a^145 - 2159064584988004113397992175*a^143 + 
    3738266110007801407769095023*a^141 - 8377170589753455959984209639*a^139 + 
    7575232315329340146436383974*a^137 + 8192107911040198464550096024*a^135 - 
    3701253574265149908682272300*a^133 + 831110316839251655413918958*a^131 - 
    4157741515091185064086419217*a^129 - 4972017301429518043996519123*a^127 - 
    4318129169976008226795984350*a^125 + 8414183125496107459071032362*a^123 + 
    3281778169181766252364948106*a^121 - 5712268016282548025732973583*a^119 - 
    1431151382049191298023811956*a^117 + 7575232315329340146436383974*a^115 + 
    6723943993248355667439461345*a^113 + 2442827359014998939730299718*a^111 + 
    715575691024595649011905978*a^109 + 1924651858617877952514781596*a^107 + 
    2738927644956210932424881502*a^105 + 2196077120730655612484814898*a^103 + 
    6785631552819441499250832550*a^101 - 5551880361397724863023408450*a^99 - 
    3910991276806841736840934397*a^97 - 7513544755758254314625012769*a^95 + 
    2973340371326337093308092081*a^93 - 3775278645750452906855917746*a^91 - 
    3133728026211160256017657214*a^89 - 3985016348292144735014579843*a^87 - 
    123375119142171663622742410*a^85 + 3651903526608281243233175336*a^83 - 
    7390169636616082651002270359*a^81 - 8204445422954415630912370265*a^79 + 
    3207753097696463254191302660*a^77 - 7020044279189567660134043129*a^75 - 
    7143419398331739323756785539*a^73 + 5687592992454113693008425101*a^71 - 
    1665564108419317458907022535*a^69 - 4897992229944215045822873677*a^67 - 
    1135051096107979305329230172*a^65 - 1061026024622676307155584726*a^63 + 
    6526543802620881005643073489*a^61 + 1517513965448711462559731643*a^59 - 
    1594873499613532613804262019*a^57 + 1492838941620277129835183161*a^55 + 
    666225643367726983562809014*a^53 + 5810968111596285356631167511*a^51 + 
    4404491753375528391331904037*a^49 + 3281778169181766252364948106*a^47 - 
    7192769445988607989205882503*a^45 + 5773955575853633857544344788*a^43 + 
    4564879408260351554041469170*a^41 + 4157741515091185064086419217*a^39 - 
    246750238284343327245484820*a^37 + 48054608905875862981058168695*a^35 + 
    100081896648129653530768642992*a^33 + 199189129855036150918917620945*a^31 + 
    305193032221990044303577899617*a^29 + 140487248167190873367216782267*a^27 - 
    118267389209685756748760874226*a^25 + 6625243897934618336541267417*a^23 - 
    304539144090536534486377364844*a^21 - 142103462227953322160674707838*a^19 + 
    261999403010315744869255781876*a^17 - 242888597055193354174092982567*a^15 - 
    300159327360989440427770009289*a^13 - 272054475220402735454509288291*a^11 - 
    103079912043284424956801283555*a^9 - 95344292073070261647655334448*a^7 + 
    120956966806985099015736658764*a^5 + 309708561582593527192170271823*a^3 - 
    184347103022232899785101709022*a - 189797098754124290461696845596)*a^300 + 
    O(a^5736) -257545561209283347812474780875*a^298 - 
    169480401165601214318561248617*a^296 + 259692288282357134759510498809*a^294 
    + 102364336352259829307789377577*a^292 + 
    282368635180688286533370553767*a^290 + 53557139219616719178632480181*a^288 +
    66215426443603531866325851447*a^286 + 16791353715249563419055242001*a^284 + 
    11942711532962217038681465288*a^282 - 88262560234309608155709920114*a^280 - 
    50744186503175205248033953233*a^278 + 49041609859013236290040107975*a^276 + 
    9179108864177571773532035304*a^274 - 273892764495621093242488150200*a^272 - 
    131012039017072089600990165179*a^270 + 300825553004357167411332818303*a^268 
    - 210440940720802206641311728737*a^266 + 
    140141797833592792709073103519*a^264 + 10499222638998808574295379091*a^262 +
    33780107621126601499906871858*a^260 + 185334103975370273094083648302*a^258 -
    54778552899124218648497630040*a^256 + 189442495442804589492720970555*a^254 +
    236460753347886210499348103006*a^252 + 45648794082603515540414691700*a^250 -
    1369463822478105466212440751*a^248 - 178943272803805780918425591464*a^246 - 
    170270001928111112965746800041*a^244 + 116404424910638964628057463835*a^242 
    + 170270001928111112965746800041*a^240 - 
    222309627182279120681819548579*a^238 - 191268447206108730114337558223*a^236 
    - 113209009324856718540228435416*a^234 - 11412198520650878885103672925*a^232
    + 182595176330414062161658766800*a^230 - 
    305390432412617518965374287473*a^228 - 81711341407860292817342298143*a^226 -
    197202790436847187134591468144*a^224 - 75320510236295800641684241305*a^222 -
    141511261656070898175285544270*a^220 + 57060992603254394425518364625*a^218 +
    293065258010314569769462320714*a^216 + 241938608637798632364197866010*a^214 
    - 150641020472591601283368482610*a^212 - 
    281196571548837655728954500872*a^210 - 285761450957098007282995970042*a^208 
    + 189442495442804589492720970555*a^206 + 
    227787482472191542546669311583*a^204 + 298999601241053026789716230635*a^202 
    - 91297588165207031080829383400*a^200 + 82624317289512363128150591977*a^198 
    + 147902092827635390350943601108*a^196 - 
    148815068709287460661751894942*a^194 - 262024078034144179201980330358*a^192 
    - 127360135490463808357756989843*a^190 + 14151126165607089817528554427*a^188
    - 300825553004357167411332818303*a^186 - 
    305390432412617518965374287473*a^184 + 237373729229538280810156396840*a^182 
    - 9586246757346738263487085257*a^180 + 53865577017472148337689336206*a^178 +
    134207454602854335688819193598*a^176 - 263393541856622284668192771109*a^174 
    - 92667051987685136547041824151*a^172 - 202680645726759608999441231148*a^170
    + 255275459017067389201816320531*a^168 - 47474745845907656162031279368*a^166
    - 2282439704130175777020734585*a^164 - 214549332188236523039949050990*a^162 
    - 47474745845907656162031279368*a^160 - 67103727301427167844409596799*a^158 
    + 7760294994042597641870497589*a^156 + 54322064958298183493093483123*a^154 -
    218201235714844804283182226326*a^152 - 244221048341928808141218600595*a^150 
    - 301738528886009237722141112137*a^148 + 63451823774818886601176421463*a^146
    + 245590512164406913607431041346*a^144 - 
    307672872116747694742395022058*a^142 + 293978233891966640080270614548*a^140 
    + 17803029692215371060761729763*a^138 - 295347697714444745546483055299*a^136
    + 211810404543280312107524169488*a^134 - 
    141511261656070898175285544270*a^132 + 111839545502378613074015994665*a^130 
    - 86276220816120644371383767313*a^128 - 237373729229538280810156396840*a^126
    + 81711341407860292817342298143*a^124 - 141054773715244863019881397353*a^122
    - 279827107726359550262742060121*a^120 - 
    298543113300226991634312083718*a^118 - 89015148461076855303808648815*a^116 +
    2738927644956210932424881502*a^114 - 34236595561952636655311018775*a^112 - 
    133294478721202265378010899764*a^110 + 194463862791890976202166586642*a^108 
    + 136033406366158476310435781266*a^106 + 
    299912577122705097100524524469*a^104 - 160683755170764374702259714784*a^102 
    - 305390432412617518965374287473*a^100 - 33780107621126601499906871858*a^98 
    + 127816623431289843513161136760*a^96 + 199300167462264105416178089114*a^94 
    + 239656168933668456587177131425*a^92 + 295804185655270780701887202216*a^90 
    - 44735818200951445229606397866*a^88 - 293065258010314569769462320714*a^86 -
    168900538105633007499534359290*a^84 + 294891209773618710391078908382*a^82 + 
    54322064958298183493093483123*a^80 - 277088180081403339330317178619*a^78 - 
    99514371100075663878104027906*a^76 - 37432011147734882743140047194*a^74 + 
    3341491726846577337558355432440*a^72 + 4450300935113016730035028293833*a^70 
    + 6871056485313481159143219394684*a^68 + 
    3317754353923623509477339792756*a^66 + 6239277175210248504063880061556*a^64 
    - 2234964958284268120858703305632*a^62 + 
    1198280844668342282935885657125*a^60 - 2769968824932381322992363492356*a^58 
    - 1863383774451875504359727715194*a^56 - 
    2426689893431202886128445010772*a^54 + 6355225112180061433536533378474*a^52 
    - 1477651464453875798043223570329*a^50 - 
    6708546778379412643819343092232*a^48 - 1067725293592096228490299638863*a^46 
    - 849980545818077459362521559454*a^44 - 1796280047150448336515318118395*a^42
    + 6693482676332153483691006243971*a^40 + 
    2505662307194106968013362427413*a^38 + 8325427064785229164260831472246*a^36 
    - 8895124014936121038205206824662*a^34 + 
    7092453136614108209514230649429*a^32 - 9741452657227590216324495208780*a^30 
    + 10842501570499987011159297572584*a^28 - 
    8221347814276893148828685975170*a^26 - 117773888733117070094269904586*a^24 -
    7578156305653009614864242969117*a^22 - 6881444670345252013220254305606*a^20 
    + 2029545384912552300926837192982*a^18 + 
    8787392860901176741529828152250*a^16 - 2667259038246523413026430436031*a^14 
    + 4208362326475218097670830427823*a^12 - 
    9838228100682709669270174355184*a^10 + 3769677415341398313327445240586*a^8 -
    3447396929118217493612117517184*a^6 - 6359333503647495749935170700727*a^4 - 
    8552301571375768636496692489995*a^2 - 8456312935067194972296247850117 + 
    O(a^5773) 130308800837961711118340533442*a^298 + 
    213377268556385892235532998095*a^296 - 30066516534947234424862325317*a^294 -
    32682069060761273693664464409*a^292 + 122079680391178861154703614695*a^290 -
    70940693506748706583076885750*a^288 - 182151025901502244172616894124*a^286 +
    299678164396334970939641313890*a^284 + 205666323610000163259111597470*a^282 
    + 169825851499199294976704927365*a^280 + 35186583979347358465206135332*a^278
    + 97528031681886700093777875105*a^276 + 27932126973787664644188881624*a^274 
    + 280283595667185585418146207038*a^272 + 
    216375283951540663661565638658*a^270 - 60256408189036640513347393044*a^268 +
    201311181904281503533228790397*a^266 + 215918796010714628506161491741*a^264 
    + 77602949940425976418704975890*a^262 + 304020968590139413499161846722*a^260
    - 246959975986885019073643482097*a^258 + 89928124342728925614616942649*a^256
    - 61625872011514745979559833795*a^254 - 262024078034144179201980330358*a^252
    + 239656168933668456587177131425*a^250 - 
    106361690212466191209166231661*a^248 + 139228821951940722398264809685*a^246 
    + 12781662343128984351316113676*a^244 - 35680084455916045119697104972*a^242 
    - 218657723655670839438586373243*a^240 + 
    297630137418574921323503789884*a^238 - 220483675418974980060202960911*a^236 
    + 212266892484106347262928316405*a^234 - 
    271610324791490917465467415615*a^232 + 219570699537322909749394667077*a^230 
    - 169357026046459042654938506207*a^228 + 23737372922953828081015639684*a^226
    + 83993781111990468594363032728*a^224 - 129642575194593984134777724428*a^222
    - 111383057561552577918611847748*a^220 - 58430456425732499891730805376*a^218
    - 271610324791490917465467415615*a^216 - 
    210897428661628241796715875654*a^214 - 11868686461476914040507819842*a^212 +
    198572254259325292600803908895*a^210 + 148358580768461425506347748025*a^208 
    - 73951046413817695175471800554*a^206 - 240112656874494491742581278342*a^204
    - 62538847893166816290368127629*a^202 - 167987562223980937188726065456*a^200
    + 64364799656470956911984715297*a^198 + 206332549253367890242674406484*a^196
    + 58430456425732499891730805376*a^194 + 110470081679900507607803553914*a^192
    - 145163165182679179418518719606*a^190 + 
    120969304318899316182098933005*a^188 + 210897428661628241796715875654*a^186 
    + 59799920248210605357943246127*a^184 - 7760294994042597641870497589*a^182 -
    278001155963055409641125472453*a^180 - 147445604886809355195539454191*a^178 
    - 53865577017472148337689336206*a^176 - 131925014898724159911798459013*a^174
    - 236460753347886210499348103006*a^172 + 26932788508736074168844668103*a^170
    + 8019382744241158135478256650*a^168 - 196289814555195116823783174310*a^166 
    - 22824397041301757770207345850*a^164 + 180312736626283886384638032215*a^162
    + 204050109549237714465653671899*a^160 + 
    172552441632241288742767534626*a^158 + 79885389644556152195725710475*a^156 +
    23280884982127792925611492767*a^154 + 131925014898724159911798459013*a^152 +
    143337213419375038796902131938*a^150 + 80341877585382187351129857392*a^148 -
    69842654946383378776834478301*a^146 + 16890053810563300749953435929*a^144 - 
    156575363703330058303622392531*a^142 - 286674426838750077593804263876*a^140 
    + 49300697609211796783647867036*a^138 - 202680645726759608999441231148*a^136
    - 258372174507535897958747155022*a^134 - 
    285304963016271972127591823125*a^132 - 248785927750189159695260069765*a^130 
    - 38801474970212988209352487945*a^128 + 130099063135420019290181871345*a^126
    + 164335658697372655945492890120*a^124 - 23737372922953828081015639684*a^122
    + 76689974058773906107896682056*a^120 - 89015148461076855303808648815*a^118 
    - 95862467573467382634870852570*a^116 + 113665497265682753695632582333*a^114
    + 131925014898724159911798459013*a^112 - 23280884982127792925611492767*a^110
    - 289413354483706288526229145378*a^108 - 
    233265337762103964411519074587*a^106 - 44735818200951445229606397866*a^104 +
    179399760744631816073829738381*a^102 + 16433565869737265594549289012*a^100 -
    160227267229938339546855567867*a^98 + 256089734803405722181726420437*a^96 - 
    67190089884826688008945516486*a^94 - 122795256082203456803715520673*a^92 - 
    167531074283154902033321918539*a^90 - 78972413762904081884917416641*a^88 + 
    81254853467034257661938151226*a^86 - 136489894306984511465839928183*a^84 - 
    163422682815720585634684596286*a^82 - 106818178153292226364570378578*a^80 + 
    174378393395545429364384122294*a^78 + 293978233891966640080270614548*a^76 - 
    23737372922953828081015639684*a^74 + 8246911138963151117531318202522*a^72 + 
    1441588917128619020766295963886*a^70 - 11161586641137385584786796267567*a^68
    + 917084273119504627206931156253*a^66 + 9192297664413869924373306467629*a^64
    - 2656303327666698569296730910023*a^62 + 
    8186654730774114477017970809478*a^60 - 4736518874010940772473428410792*a^58 
    - 6804409245952880026454213944802*a^56 + 
    5768638108218606258842204590129*a^54 + 3413616821497090892112210645326*a^52 
    - 6551971414676082585515720699701*a^50 - 
    6584382058474731081549415130808*a^48 - 4196493640013741183630322607981*a^46 
    - 1178651863212822771253507339694*a^44 - 
    1548863583222737282286270489381*a^42 + 1510062108252524294076918001436*a^40 
    - 5198941158067714384897829237713*a^38 - 
    5987752319815103133436195110289*a^36 - 5308498263865962822194824497793*a^34 
    + 9382196647797500549021431585101*a^32 + 
    7260897186778915181858360861802*a^30 - 5889607412537505575024303523134*a^28 
    - 5201223597771844560674849972298*a^26 + 
    9337917317537375138947229334152*a^24 + 465617699642555858512229855340*a^22 +
    6894386720343265820734279984415*a^20 + 8094444166727255375626333132244*a^18 
    - 6286751921056156160225911340924*a^16 + 164792146638198691100897037037*a^14
    + 3175786604326726576146650101569*a^12 + 
    1959246242025342886994598567764*a^10 + 5810178510833775457983981959576*a^8 +
    2229030615053529663838449395711*a^6 - 6541472192037083776941425320610*a^4 - 
    566501534565109627856546323997*a^2 + 4054105206478124433243301705967 + 
    O(a^5773) 98749445361394199563643024964*a^299 - 
    263430554392364936167279593832*a^297 + 133343828768859134043459996728*a^295 
    + 228774483425328915855651250863*a^293 - 
    225307642577433892107852189142*a^291 - 286921177077034420921049748696*a^289 
    + 130432175957103882781963275852*a^287 + 
    311460488274412364815613214045*a^285 - 84224192483145172971561181391*a^283 -
    292744482700544923444043190448*a^281 - 301491778647724894394895627317*a^279 
    + 184815928474973152106868130180*a^277 - 
    266107794477750061267893104129*a^275 + 143337213419375038796902131938*a^273 
    - 311324775643355975985628197394*a^271 - 12781662343128984351316113676*a^269
    + 266588957442404530756021799528*a^267 - 
    254263783040101581560109832769*a^265 - 295347697714444745546483055299*a^263 
    - 164335658697372655945492890120*a^261 - 
    132837990780376230222606752847*a^259 - 174378393395545429364384122294*a^257 
    + 230069922176321718323690046168*a^255 - 80798365526208222506534004309*a^253
    - 38801474970212988209352487945*a^251 - 234178313643756034722327368421*a^249
    + 296260673596096815857291349133*a^247 + 89928124342728925614616942649*a^245
    - 254263783040101581560109832769*a^243 + 71212118768861484243046919052*a^241
    - 99970859040901699033508174823*a^239 - 280283595667185585418146207038*a^237
    + 101796810804205839655124762491*a^235 + 
    120969304318899316182098933005*a^233 + 135120430484506405999627487432*a^231 
    + 226874506590539472235861017749*a^229 - 68473191123905273310622037550*a^227
    + 267958421264882636222234240279*a^225 + 
    307216384175921659586990875141*a^223 - 284848475075445936972187676208*a^221 
    - 157031851644156093459026539448*a^219 + 
    168444050164806972344130212373*a^217 + 275718716258925233864104737868*a^215 
    + 76233486117947870952492535139*a^213 - 44735818200951445229606397866*a^211 
    + 97688419336771523256487440238*a^209 + 120512816378073281026694786088*a^207
    + 262135115641372133699240798527*a^205 + 57517480544080429580922511542*a^203
    - 256089734803405722181726420437*a^201 + 1825951763304140621616587668*a^199 
    + 35149571443604706966119312609*a^197 + 47931233786733691317435426285*a^195 
    + 200398206022629433222420496563*a^193 - 83993781111990468594363032728*a^191
    - 106361690212466191209166231661*a^189 - 80341877585382187351129857392*a^187
    + 207702013075845995708886847235*a^185 - 
    153836436058373847371197511029*a^183 - 278914131844707479951933766287*a^181 
    - 275262228318099198708700590951*a^179 - 
    118230376673943105249674051503*a^177 + 139228821951940722398264809685*a^175 
    - 131468526957898124756394312096*a^173 + 
    135120430484506405999627487432*a^171 + 281653059489663690884358647789*a^169 
    - 112296033443204648229420141582*a^167 - 
    267958421264882636222234240279*a^165 - 99057883159249628722699880989*a^163 -
    201767669845107538688632937314*a^161 + 172095953691415253587363387709*a^159 
    + 150641020472591601283368482610*a^157 + 
    280740083608011620573550353955*a^155 + 123251744023029491959119667590*a^153 
    - 268871397146534706533042534113*a^151 - 
    231439385998799823789902486919*a^149 - 122338768141377421648311373756*a^147 
    + 155205899880851952837409951780*a^145 - 
    269784373028186776843850827947*a^143 + 14151126165607089817528554427*a^141 +
    259285150389187968269555448856*a^139 + 52496113194994042871476895455*a^137 +
    26476300567910039013440521186*a^135 + 108644129916596366986186966246*a^133 +
    300026282300076666120241700582*a^131 - 7303807053216562486466350672*a^129 - 
    32867131739474531189098578024*a^127 - 191724935146934765269741705140*a^125 -
    147902092827635390350943601108*a^123 - 135576918425332441155031634349*a^121 
    + 199941718081803398067016349646*a^119 + 
    195833326614369081668379027393*a^117 + 78972413762904081884917416641*a^115 -
    248785927750189159695260069765*a^113 + 87189196697772714682192061147*a^111 +
    103166274626683945121337203242*a^109 + 130099063135420019290181871345*a^107 
    + 284391987134619901816783529291*a^105 - 
    179856248685457851229233885298*a^103 + 111383057561552577918611847748*a^101 
    - 193550886910238905891358292808*a^99 + 155205899880851952837409951780*a^97 
    - 151097508413417636438772629527*a^95 + 5477855289912421864849763004*a^93 - 
    76689974058773906107896682056*a^91 + 218657723655670839438586373243*a^89 - 
    161596731052416445013068008618*a^87 - 110926569620726542763207700831*a^85 - 
    287587402720402147904612557710*a^83 + 197202790436847187134591468144*a^81 + 
    2738927644956210932424881502*a^79 + 245590512164406913607431041346*a^77 + 
    24650348804605898391823933518*a^75 + 201767669845107538688632937314*a^73 - 
    16433565869737265594549289012*a^71 + 45192306141777480385010544783*a^69 - 
    41996890555995234297181516364*a^67 + 66190751419775097533601302965*a^65 - 
    311781263584182011141032344311*a^63 - 247416463927711054229047629014*a^61 + 
    111383057561552577918611847748*a^59 + 192058047968618628761523109647*a^57 + 
    37432011147734882743140047194*a^55 - 170270001928111112965746800041*a^53 + 
    136033406366158476310435781266*a^51 + 193094398969412870735954145891*a^49 - 
    228700458353843612857477605417*a^47 + 296717161536922851012695496050*a^45 + 
    258828662448361933114151301939*a^43 - 52039625254168007716072748538*a^41 + 
    285304963016271972127591823125*a^39 + 302651504767661308032949405971*a^37 + 
    10679991863565918495835421270132*a^35 + 
    10001650783498430254904858951470*a^33 - 2005351524048772437690417406381*a^31
    - 419968905559952342971815163640*a^29 + 1610945943175078063421234470093*a^27
    + 11455564875029352224867066882115*a^25 + 
    3652360014549107278388579482917*a^23 - 3954555031375942551266124741971*a^21 
    - 6742326886000539245319249964090*a^19 + 
    4872552280377099248783864192058*a^17 - 2401126568744944917425812783420*a^15 
    - 269784373028186776843850827947*a^13 - 2323067130863692905851703660613*a^11
    - 6055769022998182371591413000922*a^9 - 4541598523278223761115857677233*a^7 
    - 6096396449731699500422382076535*a^5 + 6638247635492203229887104467014*a^3 
    - 9861965473605663497351189994868*a - 10868539477925663087614899561306 + 
    O(a^5736) 166161610460676796567109477788*a^299 + 
    200558593677514256385130061696*a^297 - 63636886453532144096610535078*a^295 -
    301356066016668505564910610666*a^293 - 238989943290300729603614322411*a^291 
    - 189837295824059538816313746267*a^289 + 
    171602453214846566932872418069*a^287 + 42885191413818870275265261716*a^285 -
    224939517897615088008826492870*a^283 + 101636423149321016492415197358*a^281 
    - 77738662571482365248689992541*a^279 - 121277742116754745341155789030*a^277
    - 264269505202531703479914242220*a^275 + 42909866437647304607989810198*a^273
    - 94949491691815312324062558736*a^271 - 287587402720402147904612557710*a^269
    - 211810404543280312107524169488*a^267 + 37432011147734882743140047194*a^265
    + 91754076106033066236233530317*a^263 + 304020968590139413499161846722*a^261
    - 271610324791490917465467415615*a^259 + 
    186703567797848378560296089053*a^257 + 171182977809763183276555093875*a^255 
    - 236004265407060175343943956089*a^253 + 
    242395096578624667519602012927*a^251 - 310411799761703905674819903560*a^249 
    + 117317400792291034938865757669*a^247 + 
    261111102152492108891172036524*a^245 + 113209009324856718540228435416*a^243 
    - 208158501016672030864290994152*a^241 - 
    146532629005157284884731160357*a^239 - 144250189301027109107710425772*a^237 
    + 216375283951540663661565638658*a^235 - 
    253807295099275546404705685852*a^233 - 203593621608411679310249524982*a^231 
    + 207702013075845995708886847235*a^229 + 
    141054773715244863019881397353*a^227 - 271610324791490917465467415615*a^225 
    - 62082359952340781134963980712*a^223 - 6847319112390527331062203755*a^221 +
    246047000105232948762835188263*a^219 - 207245525135019960553482700318*a^217 
    - 305846920353443554120778434390*a^215 - 58886944366558535047134952293*a^213
    - 188529519561152519181912676721*a^211 - 
    157488339584982128614430686365*a^209 - 121425792259725351337503079922*a^207 
    + 206320211741453673076312132243*a^205 + 
    264763005679100390134405211860*a^203 + 207702013075845995708886847235*a^201 
    - 152923460176721777060389217195*a^199 + 40170938792691093675564928696*a^197
    - 119143352555595175560482345337*a^195 + 
    136489894306984511465839928183*a^193 - 183964640152892167627871207551*a^191 
    - 199028742200151327756208055812*a^189 + 
    101796810804205839655124762491*a^187 - 226418018649713437080456870832*a^185 
    + 197202790436847187134591468144*a^183 + 26019812627084003858036374269*a^181
    + 185334103975370273094083648302*a^179 - 
    193550886910238905891358292808*a^177 - 290782818306184393992441586129*a^175 
    - 99057883159249628722699880989*a^173 + 180769224567109921540042179132*a^171
    - 266588957442404530756021799528*a^169 - 
    172095953691415253587363387709*a^167 - 14607614106433124972932701344*a^165 +
    251524855395145370627684951267*a^163 - 239656168933668456587177131425*a^161 
    + 198572254259325292600803908895*a^159 - 99514371100075663878104027906*a^157
    - 123251744023029491959119667590*a^155 + 
    138772334011114687242860662768*a^153 - 125990671667985702891544549092*a^151 
    - 92667051987685136547041824151*a^149 + 70299142887209413932238625218*a^147 
    + 240569144815320526897985425259*a^145 + 
    146989116945983320040135307274*a^143 - 181225712507935956695446326049*a^141 
    - 254720270980927616715513979686*a^139 - 34236595561952636655311018775*a^137
    + 225505042768061366769648576998*a^135 - 69842654946383378776834478301*a^133
    - 291389357067588746036035554896*a^131 - 
    302651504767661308032949405971*a^129 - 112296033443204648229420141582*a^127 
    + 166618098401502831722513624705*a^125 + 
    115034961088160859161845023084*a^123 + 246047000105232948762835188263*a^121 
    + 30128204094518320256673696522*a^119 + 168900538105633007499534359290*a^117
    - 184421128093718202783275354468*a^115 - 10042734698172773418891232174*a^113
    - 118230376673943105249674051503*a^111 - 
    291695794187836464303249879963*a^109 + 293065258010314569769462320714*a^107 
    + 136489894306984511465839928183*a^105 - 912975881652070310808293834*a^103 -
    145619653123505214573922866523*a^101 + 260198126270840038580363742690*a^99 +
    185334103975370273094083648302*a^97 + 226874506590539472235861017749*a^95 - 
    71212118768861484243046919052*a^93 - 102709786685857909965933056325*a^91 - 
    180769224567109921540042179132*a^89 + 13694638224781054662124407510*a^87 + 
    173921905454719394208979975377*a^85 + 200398206022629433222420496563*a^83 + 
    124164719904681562269927961424*a^81 + 148815068709287460661751894942*a^79 + 
    294891209773618710391078908382*a^77 - 20998445277997617148590758182*a^75 + 
    21454933218823652303994905099*a^73 + 217288259833192733972373932492*a^71 + 
    145619653123505214573922866523*a^69 - 194920350732717011357570733559*a^67 + 
    190811959265282694958933411306*a^65 - 178030296922153710607617297630*a^63 + 
    13694638224781054662124407510*a^61 + 165705122519850761411705330871*a^59 + 
    15582277547656281115552366383*a^57 + 200854693963455468377824643480*a^55 + 
    68473191123905273310622037550*a^53 - 213636356306584452729140757156*a^51 - 
    114578473147334824006440876167*a^49 - 39714450851865058520160781779*a^47 + 
    136033406366158476310435781266*a^45 - 61169384070688710824155686878*a^43 + 
    133294478721202265378010899764*a^41 - 263850029797448319823596918026*a^39 - 
    63908311715644921756580568380*a^37 - 5742618295591522254984168215860*a^35 - 
    3221435398409330091687064793269*a^33 - 3846823877340998254590746069559*a^31 
    + 2514792066010627671121445365753*a^29 - 
    8576038944298722464577708129679*a^27 - 7556244884493359927404843917101*a^25 
    + 6290860312523590476624548663177*a^23 - 
    9531468204447614044838587626960*a^21 + 4945133862968438838493123551861*a^19 
    + 5279283035653096572248959095105*a^17 + 
    7324805498494560103614941430182*a^15 - 6949572411135559205872732664408*a^13 
    + 954972772208065545105475350364*a^11 - 8126854810525903871660027563351*a^9 
    + 6196823796713427234611294398275*a^7 + 6718133025136759382082830177489*a^5 
    + 4871182816554621143317651751307*a^3 - 7721493519072384653661145101055*a + 
    8450499560369444521467267441133 + O(a^5736))
IP1P2 after rounding  (155658021268913501717501867931*37 + O(37^20) 
    -203998538105361551131300177915*37 + O(37^20) 
    194921964862714096496759619092*37 + O(37^20) 
    -189797098754124290461696845596*37 + O(37^20) 
    -8456312935067194972296247850117 + O(37^20) 4054105206478124433243301705967 
    + O(37^20) -10868539477925663087614899561306 + O(37^20) 
    8450499560369444521467267441133 + O(37^20))
ZERO in disk 8 : x = 276765355712788295934949020538 + O(37^19) , inf = false
IP1P2 before rounding ((3106051985971159585529312295*a^298 - 
    2052695225511375030436762908*a^296 + 4964014590998674476626395291*a^294 - 
    114038623639520835024264606*a^292 - 317440847090128172348245336*a^290 - 
    6947352992776071923188751655*a^288 - 5327471023066153161352852661*a^286 - 
    1806611879762935333805455074*a^284 + 7344154051638732138624058325*a^282 + 
    1196071763143161506526424391*a^280 - 6967359768853180841614061235*a^278 + 
    4299789625238658384906117235*a^276 - 6351151065678226154114526171*a^274 + 
    3281778169181766252364948106*a^272 - 2738927644956210932424881502*a^270 + 
    7908345137013203638217788481*a^268 - 2183739608816438446122540657*a^266 + 
    2652565061556690767888961815*a^264 + 4268779122319139561346887386*a^262 + 
    6403168683478709342020331079*a^260 + 727913202938812815374180219*a^258 + 
    7168094422160173656481334021*a^256 - 505837988482903820853243881*a^254 - 
    4811629646544694881286953990*a^252 + 7970032696584289470029159686*a^250 - 
    308437797855429159056856025*a^248 + 3121390514296943089655382973*a^246 - 
    6909006671961613162873574960*a^244 - 7121078498378967698181856508*a^242 - 
    764925738681464314461002942*a^240 + 8315483030182370128172838434*a^238 - 
    962325929308938976257390798*a^236 - 4996692325257952376721067605*a^234 + 
    4034366395949013400463676807*a^232 - 2726590133041993766062607261*a^230 + 
    1616214060762448793457925571*a^228 - 6279793564336537678397588669*a^226 + 
    2961002859412119926945817840*a^224 - 5712268016282548025732973583*a^222 + 
    6785631552819441499250832550*a^220 + 4972017301429518043996519123*a^218 - 
    6822644088562092998337655273*a^216 + 3799953669578887239580466228*a^214 + 
    1936989370532095118877055837*a^212 + 1813614251389923455254313427*a^210 + 
    3491515871723458080523610203*a^208 + 2948665347497902760583543599*a^206 - 
    7896007625098986471855514240*a^204 - 8278470494439718629086015711*a^202 - 
    1455826405877625630748360438*a^200 - 4922667253772649378547422159*a^198 - 
    2270102192215958610658460344*a^196 - 4811629646544694881286953990*a^194 + 
    5675255480539896526646150860*a^192 - 1283101239078585301676521064*a^190 - 
    6378493659650275009295782597*a^188 + 5724605528196765192095247824*a^186 - 
    3701253574265149908682272300*a^184 + 7414844660444516983726818841*a^182 - 
    5724605528196765192095247824*a^180 - 8438858149324541791795580844*a^178 + 
    6477193754964012340193976525*a^176 + 1283101239078585301676521064*a^174 - 
    925313393566287477170568075*a^172 - 6649918921763052669265815899*a^170 + 
    6086394728924484800286262729*a^168 - 6390831171564492175658056838*a^166 - 
    5613567920968810694834779655*a^164 - 6181093469022800347499394741*a^162 + 
    579863059968206819026889327*a^160 - 4194754050833836563173241940*a^158 + 
    5157079980142775539430632738*a^156 + 1406476358220756965299263474*a^154 - 
    5083054908657472541256987292*a^152 - 2689577597299342266975784538*a^150 + 
    3898653764892624570478660156*a^148 + 4453841801032397056781001001*a^146 + 
    2763602668784645265149429984*a^144 - 1122713584193762138966955931*a^142 + 
    7057056814932219159220865852*a^140 + 8093407815726461133651902096*a^138 + 
    838950810166767312634648388*a^136 + 6193430980937017513861668982*a^134 + 
    3232428121524897586915851142*a^132 - 555188036139772486302340845*a^130 - 
    4786954622716260548562405508*a^128 + 3220090609610680420553576901*a^126 - 
    2516852430500301937903945164*a^124 - 7402507148530299817364544600*a^122 - 
    1196738655679065137140601377*a^120 + 5638242944797245027559328137*a^118 + 
    3355803240667069250538593552*a^116 + 4367479217632876892245081314*a^114 - 
    8068732791898026800927353614*a^112 + 678563155281944149925083255*a^110 - 
    900638369737853144446019593*a^108 + 4157741515091185064086419217*a^106 + 
    1505176453534494296197457402*a^104 + 4182416538919619396810967699*a^102 - 
    5884993183081588354804812957*a^100 + 320775309769646325419130266*a^98 + 
    7908345137013203638217788481*a^96 - 390799026039527539907713796*a^94 - 
    2812952716441513930598526948*a^92 - 4231766586576488062260064663*a^90 - 
    6144080933280148848412572018*a^88 - 752588226767247148098728701*a^86 - 
    2985677883240554259670366322*a^84 - 222075214455908994520936338*a^82 - 
    7723282458299946142783674866*a^80 + 4046703907863230566825951048*a^78 - 
    2504514918586084771541670923*a^76 + 1221413679507499469865149859*a^74 - 
    17642642037330547898052164630*a^72 - 177080308504758988797722181073*a^70 - 
    82056791741458373475485976891*a^68 + 145730690730733169071183334692*a^66 - 
    67547877730338985833451469475*a^64 + 54346739982126617825818031605*a^62 + 
    299678164396334970939641313890*a^60 - 70434855518265802762223641869*a^58 - 
    222593389956306115508151856122*a^56 + 288488041090140001049058577303*a^54 + 
    54075314720013840165847998303*a^52 - 178091984481724796439428668835*a^50 + 
    28573677593326957295027142156*a^48 + 93543015333594555358763295262*a^46 - 
    127446498073863328522292909530*a^44 - 244467798580213151468464085415*a^42 - 
    288549728649711086880869948508*a^40 + 137489232772036101941184141704*a^38 + 
    259963713544469912419480532111*a^36 - 38912512577440942706612956114*a^34 + 
    272276550434858644449030224629*a^32 - 259420863020244357099540465507*a^30 + 
    28820427831611300622272626976*a^28 - 21602983361794258300342195991*a^26 - 
    101525385542093061995154729189*a^24 - 159585716610399046896017307335*a^22 - 
    265409891438926911830156888280*a^20 - 238767868075844820609093386073*a^18 + 
    141116461274815948851692768558*a^16 + 229156946294669648012881752334*a^14 + 
    121265404604840528174793514789*a^12 - 244393773508727848470290439969*a^10 + 
    265108456012698470792548890608*a^8 - 65512188264493153383676219710*a^6 - 
    237052953919768634484737266574*a^4 + 210675353447172332802194939316*a^2 + 
    155658021268913501717501867931)*a^300 + O(a^5773) 
    (3807622933741778991643501567*a^298 + 2309782298102224632201991011*a^296 + 
    149383928042413257575644864*a^294 - 7908345137013203638217788481*a^292 - 
    5626905771686883307118319375*a^290 - 2101044934364388249964594393*a^288 + 
    7329148969580900449805076140*a^286 - 5330472039477719499116649098*a^284 - 
    5540209742019411327275311195*a^282 - 3858306766470454918320952503*a^280 + 
    6594233395015099512982037568*a^278 - 2291442753364874790312123896*a^276 - 
    931648872657371968005249442*a^274 + 4848642182287346380373776713*a^272 - 
    3318790704924417751451770829*a^270 + 2183739608816438446122540657*a^268 - 
    6884331648133178830149026478*a^266 - 3602553478951412577784078372*a^264 - 
    2208414632644872778847089139*a^262 - 2738927644956210932424881502*a^260 - 
    7686269922557294643696852143*a^258 - 7673932410643077477334577902*a^256 - 
    5564217873311942029385682691*a^254 + 592200571882423985389163568*a^252 - 
    6144080933280148848412572018*a^250 + 6884331648133178830149026478*a^248 + 
    283762774026994826332307543*a^246 - 2714252621127776599700333020*a^244 + 
    6816308609471008507502973906*a^242 - 6082393373709063016601200813*a^240 + 
    6970694231532698994684946165*a^238 - 8278470494439718629086015711*a^236 - 
    308437797855429159056856025*a^234 - 6538881314535098172005347730*a^232 - 
    222075214455908994520936338*a^230 + 8118082839554895466376450578*a^228 + 
    3047365442811640091481737527*a^226 + 3701253574265149908682272300*a^224 - 
    7377832124701865484639996118*a^222 + 333112821683863491781404507*a^220 - 
    616875595710858318113712050*a^218 - 5835643135424719689355715993*a^216 + 
    6773294040905224332888558309*a^214 + 6662256433677269835628090140*a^212 + 
    6526543802620881005643073489*a^210 + 4737604575059391883113308544*a^208 + 
    8303145518268152961810564193*a^206 + 6946019207704264661960397683*a^202 + 
    2553864966242953436990767887*a^200 - 1295438750992802468038795305*a^198 - 
    1566864013105580128008828607*a^196 + 2109714537331135447948895211*a^194 - 
    5564217873311942029385682691*a^192 + 3713591086179367075044546541*a^190 - 
    4959679789515300877634244882*a^188 - 3170740561953811755104479937*a^186 + 
    6094730885623280182963475054*a^184 - 2023351953931615283412975524*a^182 - 
    3824628693407321572305014710*a^180 - 1332451286735453967125618028*a^178 + 
    1505176453534494296197457402*a^176 + 518175500397120987215518122*a^174 + 
    4009691372120579067739128325*a^172 + 6637581409848835502903541658*a^170 - 
    6237445888306657134397350058*a^168 - 7007706767275350493771768888*a^166 - 
    7118744374503304991032237057*a^164 - 6144080933280148848412572018*a^162 + 
    1135051096107979305329230172*a^160 + 7118744374503304991032237057*a^158 + 
    949988417394721809895116557*a^156 - 1887639322875226453427958873*a^154 + 
    2122052049245352614311169452*a^152 + 7143419398331739323756785539*a^150 + 
    8303145518268152961810564193*a^148 - 8204445422954415630912370265*a^146 - 
    7476532220015602815538190046*a^144 + 5416167730341336033038391799*a^142 - 
    1517513965448711462559731643*a^140 - 5033704861000603875807890328*a^138 - 
    6440181219221360841107153802*a^136 - 135712631056388829985016651*a^134 + 
    5144742468228558373068358497*a^132 + 5465517777998204698487488763*a^130 + 
    5551880361397724863023408450*a^128 - 1221413679507499469865149859*a^126 - 
    1270763727164368135314246823*a^124 + 6316806100079189177484411392*a^122 + 
    6489531266878229506556250766*a^120 - 370125357426514990868227230*a^116 - 
    8007045232326940969115982409*a^114 + 5243442563542295703966552425*a^112 + 
    4737604575059391883113308544*a^110 - 1899976834789443619790233114*a^108 + 
    5971355766481108519340732644*a^106 + 5835643135424719689355715993*a^104 + 
    1085701048451110639880133208*a^102 + 2652565061556690767888961815*a^100 + 
    2590877501985604936077590610*a^98 + 1677901620333534625269296776*a^96 + 
    7822649446149587104296045780*a^94 - 2233089656473307111571637621*a^92 + 
    2961002859412119926945817840*a^90 + 7525882267672471480987287010*a^88 - 
    1468163917791842797110634679*a^86 + 6649918921763052669265815899*a^84 - 
    7266794517473910987379527949*a^82 + 4429166777203962724056452519*a^80 - 
    7612244851071991645523206697*a^78 - 5687592992454113693008425101*a^76 - 
    1246088703335933802589698341*a^74 - 85671682732324003219632329504*a^72 - 
    131271126767270650094597924240*a^70 - 56419441983715101774680104093*a^68 + 
    185728904356625222417676424014*a^66 + 21047795325654485814039855146*a^64 - 
    236263353157258735837551715150*a^62 + 40824826924144603492765463469*a^60 - 
    192884661266871178907795483794*a^58 - 107743491546858513841740946653*a^56 - 
    292238644712062019623189946567*a^54 - 74901034831212416985366917111*a^52 + 
    39874838506749881682870346912*a^50 - 8525220732724061956331500531*a^48 - 
    81538616241061252488270458769*a^46 + 75628948034151229800741097330*a^44 + 
    137045082343124283952142269028*a^42 + 217411634952334905635996674902*a^40 + 
    128149736252973707004942541267*a^38 - 120142691020646766035826558858*a^36 + 
    56135679209688106948347796550*a^34 - 167864187104838765525103323046*a^32 + 
    19752356574661683346001059841*a^30 - 256657260351459711834391035523*a^28 - 
    261172789712063194722983407729*a^26 - 121475142307382220002952176886*a^24 + 
    175932919896736792326030676660*a^22 + 190635899635804136476790687002*a^20 + 
    270734361445581498653745944504*a^18 + 61773922154485351975907124687*a^16 + 
    217485660023820208634170320348*a^14 + 225184267458291720444229446732*a^12 + 
    115442098981330025651800073037*a^10 + 239026955826043381102701145134*a^8 - 
    212476630186648039091086978502*a^6 + 238804880611587472108180208796*a^4 + 
    307487809438034437246960908443*a^2 - 203998538105361551131300177915)*a^300 +
    O(a^5773) (-3678912674312378283107343269*a^299 + 
    2677906977921028731227687283*a^297 - 7833986619259948824737054542*a^295 + 
    1405142573148949704070909502*a^293 + 8124084872378028141904043452*a^291 - 
    8050393247160676959037486499*a^289 + 4915664882145661257098563806*a^287 - 
    6193764427204969329168757475*a^285 - 1899336978437427974200955195*a^283 + 
    7088067317851737982780095701*a^281 + 841618380310381835091356332*a^279 + 
    2799948311991393133622075721*a^277 - 7093735904406918843000600082*a^275 - 
    5613567920968810694834779655*a^273 - 6884331648133178830149026478*a^271 - 
    4762279598887826215837857026*a^269 + 5243442563542295703966552425*a^267 - 
    1246088703335933802589698341*a^265 - 7834320065527900640044143035*a^263 - 
    6193430980937017513861668982*a^261 + 3651903526608281243233175336*a^259 + 
    2220752144559089945209363380*a^257 + 7427182172358734150089093082*a^255 + 
    8266132982525501462723741470*a^253 + 3898653764892624570478660156*a^251 - 
    2159064584988004113397992175*a^249 - 777263250595681480823277183*a^247 - 
    6637581409848835502903541658*a^245 - 3664241038522498409595449577*a^243 + 
    3331128216838634917814045070*a^241 + 8229120446782849963636918747*a^239 - 
    1468163917791842797110634679*a^237 - 4972017301429518043996519123*a^235 + 
    4293454146147573894071435868*a^233 - 3257103145353331919640399624*a^231 - 
    5959018254566891352978458403*a^229 + 962325929308938976257390798*a^227 + 
    863625833995201645359196870*a^225 + 518175500397120987215518122*a^223 - 
    6267456052422320512035314428*a^221 + 4959679789515300877634244882*a^219 + 
    1838289275218357787978861909*a^217 + 4441504289118179890418726760*a^215 - 
    1603876548848231627095651330*a^213 + 7501207243844037148262738528*a^211 - 
    7747957482128380475508223348*a^209 + 4083716443605882065912773771*a^207 - 
    991669200888698723281178182*a^205 - 1443488893963408464386086197*a^203 - 
    3318790704924417751451770829*a^201 - 7353157100873431151915447636*a^199 + 
    1924651858617877952514781596*a^197 + 4170079027005402230448693458*a^195 + 
    7094069350674870658307688575*a^193 - 246750238284343327245484820*a^191 - 
    6711606481334138501077187104*a^189 + 1085701048451110639880133208*a^187 + 
    1739589179904620457080667981*a^185 - 4959679789515300877634244882*a^183 - 
    246750238284343327245484820*a^181 - 5786293087767851023906619029*a^179 - 
    4281116634233356727709161627*a^177 - 7377832124701865484639996118*a^175 + 
    8068732791898026800927353614*a^173 + 1838289275218357787978861909*a^171 - 
    8204445422954415630912370265*a^169 + 8130420351469112632738724819*a^167 + 
    4318129169976008226795984350*a^165 + 974663441223156142619665039*a^163 - 
    1862964299046792120703410391*a^161 + 320775309769646325419130266*a^159 + 
    4947342277601083711271970641*a^157 - 542850524225555319940066604*a^155 - 
    6070055861794845850238926572*a^153 + 37012535742651499086822723*a^151 + 
    5551880361397724863023408450*a^149 - 7772632505956814808232771830*a^147 - 
    7994707720412723802753708168*a^145 - 5428505242255553199400666040*a^143 + 
    1246088703335933802589698341*a^141 + 5021367349086386709445616087*a^139 - 
    6871994136218961663786752237*a^137 + 7575232315329340146436383974*a^135 - 
    2442827359014998939730299718*a^133 + 7625735906832096172947841130*a^131 - 
    777263250595681480823277183*a^129 + 2800615204527296764236252707*a^127 - 
    7254457005559693821017253708*a^125 - 4305791658061791060433710109*a^123 + 
    4811629646544694881286953990*a^121 - 1875301810961009287065684632*a^119 + 
    1714914156076186124356119499*a^117 + 8266132982525501462723741470*a^115 - 
    8142757863383329799100999060*a^113 - 3010352907068988592394914804*a^111 + 
    6489531266878229506556250766*a^109 - 3047365442811640091481737527*a^107 - 
    6218106004765451846586217464*a^105 - 7649257386814643144610029420*a^103 + 
    493500476568686654490969640*a^101 + 4046703907863230566825951048*a^99 + 
    3836966205321538738667288951*a^97 - 7970032696584289470029159686*a^95 + 
    1036351000794241974431036244*a^93 + 6033043326052194351152103849*a^91 + 
    6612906386020401170178993176*a^89 + 1665564108419317458907022535*a^87 - 
    703238179110378482649631737*a^85 + 900638369737853144446019593*a^83 - 
    456487940826035155404146917*a^81 - 345450333598080658143678748*a^79 - 
    1776601715647271956167490704*a^77 + 1936989370532095118877055837*a^75 + 
    4762279598887826215837857026*a^73 - 6600568874106184003816718935*a^71 - 
    1579201525019797294371102848*a^69 - 7402507148530299817364544600*a^67 - 
    4947342277601083711271970641*a^65 + 5551880361397724863023408450*a^63 - 
    4478516824860831389505549483*a^61 - 86362583399520164535919687*a^59 + 
    7228448196659452227064351254*a^57 - 1949326882446312285239330078*a^55 + 
    7599907339157774479160932456*a^53 + 7402507148530299817364544600*a^51 + 
    2862302764098382596047623912*a^49 - 4515529360603482888592372206*a^47 - 
    2973340371326337093308092081*a^45 - 6871994136218961663786752237*a^43 + 
    2282439704130175777020734585*a^41 + 616875595710858318113712050*a^39 + 
    5144742468228558373068358497*a^37 - 210983791245027761961251795341*a^35 + 
    77788012619139233914139089505*a^33 + 181238050019850173861808600290*a^31 - 
    230588097676718839310905564290*a^29 + 65709588455120628045472607566*a^27 - 
    192859986243042744575070935312*a^25 - 86547646078233422031353800615*a^23 + 
    27870439414216578812377510419*a^21 + 149123506507142889820808750967*a^19 + 
    302417092041291181872066195392*a^17 + 116244037255754141465347898702*a^15 + 
    192526873421358881083289530805*a^13 - 172478416560755985744593889180*a^11 - 
    106275327629066671044630311974*a^9 - 204827372799833395946476949082*a^7 + 
    274213539805390739567907280466*a^5 - 14212813725178175649339925632*a^3 + 
    48054608905875862981058168695*a - 194921964862714096496759619092)*a^300 + 
    O(a^5736) (2172735881974028540988620388*a^299 + 
    1702243197894017142686756765*a^297 - 1039018570937856496887744188*a^295 + 
    1572866045928712803536421481*a^293 + 1022679703808217546840408031*a^291 + 
    2025686077807277990562594975*a^289 + 7605575925712955339381436837*a^287 - 
    7470530187192470140010597172*a^285 + 4082463767085738759759117000*a^283 + 
    7526882606476326926908552489*a^281 + 5353479831966394755305755115*a^279 - 
    5538542510679652250739868730*a^277 + 8329821219704298186377643633*a^275 + 
    7439519684272951316451367323*a^273 - 7168094422160173656481334021*a^271 - 
    8401845613581890292708758121*a^269 - 8377170589753455959984209639*a^267 - 
    8414183125496107459071032362*a^265 + 5255780075456512870328826666*a^263 - 
    5860318159253154022080264475*a^261 + 3392815776409720749625416275*a^259 - 
    8253795470611284296361467229*a^257 + 3047365442811640091481737527*a^255 - 
    2627890037728256435164413333*a^253 - 8204445422954415630912370265*a^251 - 
    3664241038522498409595449577*a^249 - 1468163917791842797110634679*a^247 + 
    8290808006353935795448289952*a^245 + 6131743421365931682050297777*a^243 - 
    2442827359014998939730299718*a^241 + 7205106957902825155568156744*a^239 - 
    1665564108419317458907022535*a^237 + 357787845512297824505952989*a^235 - 
    4034366395949013400463676807*a^233 + 493500476568686654490969640*a^231 + 
    7205106957902825155568156744*a^229 - 2220752144559089945209363380*a^227 + 
    542850524225555319940066604*a^225 + 2245427168387524277933911862*a^223 - 
    5724605528196765192095247824*a^221 + 2072702001588483948862072488*a^219 - 
    7020044279189567660134043129*a^217 + 987000953137373308981939280*a^215 + 
    172725166799040329071839374*a^213 + 6255118540508103345673040187*a^211 + 
    8278470494439718629086015711*a^209 + 7933020160841637970942336963*a^207 - 
    2720921546486812905842102880*a^205 - 6119405909451714515688023536*a^203 - 
    3220090609610680420553576901*a^201 - 5329805146941815868502472112*a^199 - 
    3787616157664670073218191987*a^197 + 2936327835583685594221269358*a^195 + 
    5502530313740856197574311486*a^193 - 4009691372120579067739128325*a^191 - 
    2652565061556690767888961815*a^189 + 3133728026211160256017657214*a^187 + 
    8241457958697067129999192988*a^185 + 1073363536536893473517858967*a^183 + 
    2011014442017398117050701283*a^181 - 7192769445988607989205882503*a^179 + 
    5860318159253154022080264475*a^177 - 5823305623510502522993441752*a^175 + 
    160387654884823162709565133*a^173 + 2627890037728256435164413333*a^171 - 
    1369463822478105466212440751*a^169 + 4564879408260351554041469170*a^167 - 
    1455826405877625630748360438*a^165 - 2344127263701261608832105790*a^163 + 
    6600568874106184003816718935*a^161 + 4219429074662270895897790422*a^159 - 
    2652565061556690767888961815*a^157 + 7032381791103784826496317370*a^155 - 
    7180431934074390822843608262*a^153 - 4823967158458912047649228231*a^151 - 
    2159064584988004113397992175*a^149 - 1233751191421716636227424100*a^147 + 
    3133728026211160256017657214*a^145 - 2159064584988004113397992175*a^143 + 
    3738266110007801407769095023*a^141 - 8377170589753455959984209639*a^139 + 
    7575232315329340146436383974*a^137 + 8192107911040198464550096024*a^135 - 
    3701253574265149908682272300*a^133 + 831110316839251655413918958*a^131 - 
    4157741515091185064086419217*a^129 - 4972017301429518043996519123*a^127 - 
    4318129169976008226795984350*a^125 + 8414183125496107459071032362*a^123 + 
    3281778169181766252364948106*a^121 - 5712268016282548025732973583*a^119 - 
    1431151382049191298023811956*a^117 + 7575232315329340146436383974*a^115 + 
    6723943993248355667439461345*a^113 + 2442827359014998939730299718*a^111 + 
    715575691024595649011905978*a^109 + 1924651858617877952514781596*a^107 + 
    2738927644956210932424881502*a^105 + 2196077120730655612484814898*a^103 + 
    6785631552819441499250832550*a^101 - 5551880361397724863023408450*a^99 - 
    3910991276806841736840934397*a^97 - 7513544755758254314625012769*a^95 + 
    2973340371326337093308092081*a^93 - 3775278645750452906855917746*a^91 - 
    3133728026211160256017657214*a^89 - 3985016348292144735014579843*a^87 - 
    123375119142171663622742410*a^85 + 3651903526608281243233175336*a^83 - 
    7390169636616082651002270359*a^81 - 8204445422954415630912370265*a^79 + 
    3207753097696463254191302660*a^77 - 7020044279189567660134043129*a^75 - 
    7143419398331739323756785539*a^73 + 5687592992454113693008425101*a^71 - 
    1665564108419317458907022535*a^69 - 4897992229944215045822873677*a^67 - 
    1135051096107979305329230172*a^65 - 1061026024622676307155584726*a^63 + 
    6526543802620881005643073489*a^61 + 1517513965448711462559731643*a^59 - 
    1594873499613532613804262019*a^57 + 1492838941620277129835183161*a^55 + 
    666225643367726983562809014*a^53 + 5810968111596285356631167511*a^51 + 
    4404491753375528391331904037*a^49 + 3281778169181766252364948106*a^47 - 
    7192769445988607989205882503*a^45 + 5773955575853633857544344788*a^43 + 
    4564879408260351554041469170*a^41 + 4157741515091185064086419217*a^39 - 
    246750238284343327245484820*a^37 + 48054608905875862981058168695*a^35 + 
    100081896648129653530768642992*a^33 + 199189129855036150918917620945*a^31 + 
    305193032221990044303577899617*a^29 + 140487248167190873367216782267*a^27 - 
    118267389209685756748760874226*a^25 + 6625243897934618336541267417*a^23 - 
    304539144090536534486377364844*a^21 - 142103462227953322160674707838*a^19 + 
    261999403010315744869255781876*a^17 - 242888597055193354174092982567*a^15 - 
    300159327360989440427770009289*a^13 - 272054475220402735454509288291*a^11 - 
    103079912043284424956801283555*a^9 - 95344292073070261647655334448*a^7 + 
    120956966806985099015736658764*a^5 + 309708561582593527192170271823*a^3 - 
    184347103022232899785101709022*a + 189797098754124290461696845596)*a^300 + 
    O(a^5736) -257545561209283347812474780875*a^298 - 
    169480401165601214318561248617*a^296 + 259692288282357134759510498809*a^294 
    + 102364336352259829307789377577*a^292 + 
    282368635180688286533370553767*a^290 + 53557139219616719178632480181*a^288 +
    66215426443603531866325851447*a^286 + 16791353715249563419055242001*a^284 + 
    11942711532962217038681465288*a^282 - 88262560234309608155709920114*a^280 - 
    50744186503175205248033953233*a^278 + 49041609859013236290040107975*a^276 + 
    9179108864177571773532035304*a^274 - 273892764495621093242488150200*a^272 - 
    131012039017072089600990165179*a^270 + 300825553004357167411332818303*a^268 
    - 210440940720802206641311728737*a^266 + 
    140141797833592792709073103519*a^264 + 10499222638998808574295379091*a^262 +
    33780107621126601499906871858*a^260 + 185334103975370273094083648302*a^258 -
    54778552899124218648497630040*a^256 + 189442495442804589492720970555*a^254 +
    236460753347886210499348103006*a^252 + 45648794082603515540414691700*a^250 -
    1369463822478105466212440751*a^248 - 178943272803805780918425591464*a^246 - 
    170270001928111112965746800041*a^244 + 116404424910638964628057463835*a^242 
    + 170270001928111112965746800041*a^240 - 
    222309627182279120681819548579*a^238 - 191268447206108730114337558223*a^236 
    - 113209009324856718540228435416*a^234 - 11412198520650878885103672925*a^232
    + 182595176330414062161658766800*a^230 - 
    305390432412617518965374287473*a^228 - 81711341407860292817342298143*a^226 -
    197202790436847187134591468144*a^224 - 75320510236295800641684241305*a^222 -
    141511261656070898175285544270*a^220 + 57060992603254394425518364625*a^218 +
    293065258010314569769462320714*a^216 + 241938608637798632364197866010*a^214 
    - 150641020472591601283368482610*a^212 - 
    281196571548837655728954500872*a^210 - 285761450957098007282995970042*a^208 
    + 189442495442804589492720970555*a^206 + 
    227787482472191542546669311583*a^204 + 298999601241053026789716230635*a^202 
    - 91297588165207031080829383400*a^200 + 82624317289512363128150591977*a^198 
    + 147902092827635390350943601108*a^196 - 
    148815068709287460661751894942*a^194 - 262024078034144179201980330358*a^192 
    - 127360135490463808357756989843*a^190 + 14151126165607089817528554427*a^188
    - 300825553004357167411332818303*a^186 - 
    305390432412617518965374287473*a^184 + 237373729229538280810156396840*a^182 
    - 9586246757346738263487085257*a^180 + 53865577017472148337689336206*a^178 +
    134207454602854335688819193598*a^176 - 263393541856622284668192771109*a^174 
    - 92667051987685136547041824151*a^172 - 202680645726759608999441231148*a^170
    + 255275459017067389201816320531*a^168 - 47474745845907656162031279368*a^166
    - 2282439704130175777020734585*a^164 - 214549332188236523039949050990*a^162 
    - 47474745845907656162031279368*a^160 - 67103727301427167844409596799*a^158 
    + 7760294994042597641870497589*a^156 + 54322064958298183493093483123*a^154 -
    218201235714844804283182226326*a^152 - 244221048341928808141218600595*a^150 
    - 301738528886009237722141112137*a^148 + 63451823774818886601176421463*a^146
    + 245590512164406913607431041346*a^144 - 
    307672872116747694742395022058*a^142 + 293978233891966640080270614548*a^140 
    + 17803029692215371060761729763*a^138 - 295347697714444745546483055299*a^136
    + 211810404543280312107524169488*a^134 - 
    141511261656070898175285544270*a^132 + 111839545502378613074015994665*a^130 
    - 86276220816120644371383767313*a^128 - 237373729229538280810156396840*a^126
    + 81711341407860292817342298143*a^124 - 141054773715244863019881397353*a^122
    - 279827107726359550262742060121*a^120 - 
    298543113300226991634312083718*a^118 - 89015148461076855303808648815*a^116 +
    2738927644956210932424881502*a^114 - 34236595561952636655311018775*a^112 - 
    133294478721202265378010899764*a^110 + 194463862791890976202166586642*a^108 
    + 136033406366158476310435781266*a^106 + 
    299912577122705097100524524469*a^104 - 160683755170764374702259714784*a^102 
    - 305390432412617518965374287473*a^100 - 33780107621126601499906871858*a^98 
    + 127816623431289843513161136760*a^96 + 199300167462264105416178089114*a^94 
    + 239656168933668456587177131425*a^92 + 295804185655270780701887202216*a^90 
    - 44735818200951445229606397866*a^88 - 293065258010314569769462320714*a^86 -
    168900538105633007499534359290*a^84 + 294891209773618710391078908382*a^82 + 
    54322064958298183493093483123*a^80 - 277088180081403339330317178619*a^78 - 
    99514371100075663878104027906*a^76 - 37432011147734882743140047194*a^74 + 
    3341491726846577337558355432440*a^72 + 4450300935113016730035028293833*a^70 
    + 6871056485313481159143219394684*a^68 + 
    3317754353923623509477339792756*a^66 + 6239277175210248504063880061556*a^64 
    - 2234964958284268120858703305632*a^62 + 
    1198280844668342282935885657125*a^60 - 2769968824932381322992363492356*a^58 
    - 1863383774451875504359727715194*a^56 - 
    2426689893431202886128445010772*a^54 + 6355225112180061433536533378474*a^52 
    - 1477651464453875798043223570329*a^50 - 
    6708546778379412643819343092232*a^48 - 1067725293592096228490299638863*a^46 
    - 849980545818077459362521559454*a^44 - 1796280047150448336515318118395*a^42
    + 6693482676332153483691006243971*a^40 + 
    2505662307194106968013362427413*a^38 + 8325427064785229164260831472246*a^36 
    - 8895124014936121038205206824662*a^34 + 
    7092453136614108209514230649429*a^32 - 9741452657227590216324495208780*a^30 
    + 10842501570499987011159297572584*a^28 - 
    8221347814276893148828685975170*a^26 - 117773888733117070094269904586*a^24 -
    7578156305653009614864242969117*a^22 - 6881444670345252013220254305606*a^20 
    + 2029545384912552300926837192982*a^18 + 
    8787392860901176741529828152250*a^16 - 2667259038246523413026430436031*a^14 
    + 4208362326475218097670830427823*a^12 - 
    9838228100682709669270174355184*a^10 + 3769677415341398313327445240586*a^8 -
    3447396929118217493612117517184*a^6 - 6359333503647495749935170700727*a^4 - 
    8552301571375768636496692489995*a^2 - 8456312935067194972296247850117 + 
    O(a^5773) 130308800837961711118340533442*a^298 + 
    213377268556385892235532998095*a^296 - 30066516534947234424862325317*a^294 -
    32682069060761273693664464409*a^292 + 122079680391178861154703614695*a^290 -
    70940693506748706583076885750*a^288 - 182151025901502244172616894124*a^286 +
    299678164396334970939641313890*a^284 + 205666323610000163259111597470*a^282 
    + 169825851499199294976704927365*a^280 + 35186583979347358465206135332*a^278
    + 97528031681886700093777875105*a^276 + 27932126973787664644188881624*a^274 
    + 280283595667185585418146207038*a^272 + 
    216375283951540663661565638658*a^270 - 60256408189036640513347393044*a^268 +
    201311181904281503533228790397*a^266 + 215918796010714628506161491741*a^264 
    + 77602949940425976418704975890*a^262 + 304020968590139413499161846722*a^260
    - 246959975986885019073643482097*a^258 + 89928124342728925614616942649*a^256
    - 61625872011514745979559833795*a^254 - 262024078034144179201980330358*a^252
    + 239656168933668456587177131425*a^250 - 
    106361690212466191209166231661*a^248 + 139228821951940722398264809685*a^246 
    + 12781662343128984351316113676*a^244 - 35680084455916045119697104972*a^242 
    - 218657723655670839438586373243*a^240 + 
    297630137418574921323503789884*a^238 - 220483675418974980060202960911*a^236 
    + 212266892484106347262928316405*a^234 - 
    271610324791490917465467415615*a^232 + 219570699537322909749394667077*a^230 
    - 169357026046459042654938506207*a^228 + 23737372922953828081015639684*a^226
    + 83993781111990468594363032728*a^224 - 129642575194593984134777724428*a^222
    - 111383057561552577918611847748*a^220 - 58430456425732499891730805376*a^218
    - 271610324791490917465467415615*a^216 - 
    210897428661628241796715875654*a^214 - 11868686461476914040507819842*a^212 +
    198572254259325292600803908895*a^210 + 148358580768461425506347748025*a^208 
    - 73951046413817695175471800554*a^206 - 240112656874494491742581278342*a^204
    - 62538847893166816290368127629*a^202 - 167987562223980937188726065456*a^200
    + 64364799656470956911984715297*a^198 + 206332549253367890242674406484*a^196
    + 58430456425732499891730805376*a^194 + 110470081679900507607803553914*a^192
    - 145163165182679179418518719606*a^190 + 
    120969304318899316182098933005*a^188 + 210897428661628241796715875654*a^186 
    + 59799920248210605357943246127*a^184 - 7760294994042597641870497589*a^182 -
    278001155963055409641125472453*a^180 - 147445604886809355195539454191*a^178 
    - 53865577017472148337689336206*a^176 - 131925014898724159911798459013*a^174
    - 236460753347886210499348103006*a^172 + 26932788508736074168844668103*a^170
    + 8019382744241158135478256650*a^168 - 196289814555195116823783174310*a^166 
    - 22824397041301757770207345850*a^164 + 180312736626283886384638032215*a^162
    + 204050109549237714465653671899*a^160 + 
    172552441632241288742767534626*a^158 + 79885389644556152195725710475*a^156 +
    23280884982127792925611492767*a^154 + 131925014898724159911798459013*a^152 +
    143337213419375038796902131938*a^150 + 80341877585382187351129857392*a^148 -
    69842654946383378776834478301*a^146 + 16890053810563300749953435929*a^144 - 
    156575363703330058303622392531*a^142 - 286674426838750077593804263876*a^140 
    + 49300697609211796783647867036*a^138 - 202680645726759608999441231148*a^136
    - 258372174507535897958747155022*a^134 - 
    285304963016271972127591823125*a^132 - 248785927750189159695260069765*a^130 
    - 38801474970212988209352487945*a^128 + 130099063135420019290181871345*a^126
    + 164335658697372655945492890120*a^124 - 23737372922953828081015639684*a^122
    + 76689974058773906107896682056*a^120 - 89015148461076855303808648815*a^118 
    - 95862467573467382634870852570*a^116 + 113665497265682753695632582333*a^114
    + 131925014898724159911798459013*a^112 - 23280884982127792925611492767*a^110
    - 289413354483706288526229145378*a^108 - 
    233265337762103964411519074587*a^106 - 44735818200951445229606397866*a^104 +
    179399760744631816073829738381*a^102 + 16433565869737265594549289012*a^100 -
    160227267229938339546855567867*a^98 + 256089734803405722181726420437*a^96 - 
    67190089884826688008945516486*a^94 - 122795256082203456803715520673*a^92 - 
    167531074283154902033321918539*a^90 - 78972413762904081884917416641*a^88 + 
    81254853467034257661938151226*a^86 - 136489894306984511465839928183*a^84 - 
    163422682815720585634684596286*a^82 - 106818178153292226364570378578*a^80 + 
    174378393395545429364384122294*a^78 + 293978233891966640080270614548*a^76 - 
    23737372922953828081015639684*a^74 + 8246911138963151117531318202522*a^72 + 
    1441588917128619020766295963886*a^70 - 11161586641137385584786796267567*a^68
    + 917084273119504627206931156253*a^66 + 9192297664413869924373306467629*a^64
    - 2656303327666698569296730910023*a^62 + 
    8186654730774114477017970809478*a^60 - 4736518874010940772473428410792*a^58 
    - 6804409245952880026454213944802*a^56 + 
    5768638108218606258842204590129*a^54 + 3413616821497090892112210645326*a^52 
    - 6551971414676082585515720699701*a^50 - 
    6584382058474731081549415130808*a^48 - 4196493640013741183630322607981*a^46 
    - 1178651863212822771253507339694*a^44 - 
    1548863583222737282286270489381*a^42 + 1510062108252524294076918001436*a^40 
    - 5198941158067714384897829237713*a^38 - 
    5987752319815103133436195110289*a^36 - 5308498263865962822194824497793*a^34 
    + 9382196647797500549021431585101*a^32 + 
    7260897186778915181858360861802*a^30 - 5889607412537505575024303523134*a^28 
    - 5201223597771844560674849972298*a^26 + 
    9337917317537375138947229334152*a^24 + 465617699642555858512229855340*a^22 +
    6894386720343265820734279984415*a^20 + 8094444166727255375626333132244*a^18 
    - 6286751921056156160225911340924*a^16 + 164792146638198691100897037037*a^14
    + 3175786604326726576146650101569*a^12 + 
    1959246242025342886994598567764*a^10 + 5810178510833775457983981959576*a^8 +
    2229030615053529663838449395711*a^6 - 6541472192037083776941425320610*a^4 - 
    566501534565109627856546323997*a^2 + 4054105206478124433243301705967 + 
    O(a^5773) 98749445361394199563643024964*a^299 - 
    263430554392364936167279593832*a^297 + 133343828768859134043459996728*a^295 
    + 228774483425328915855651250863*a^293 - 
    225307642577433892107852189142*a^291 - 286921177077034420921049748696*a^289 
    + 130432175957103882781963275852*a^287 + 
    311460488274412364815613214045*a^285 - 84224192483145172971561181391*a^283 -
    292744482700544923444043190448*a^281 - 301491778647724894394895627317*a^279 
    + 184815928474973152106868130180*a^277 - 
    266107794477750061267893104129*a^275 + 143337213419375038796902131938*a^273 
    - 311324775643355975985628197394*a^271 - 12781662343128984351316113676*a^269
    + 266588957442404530756021799528*a^267 - 
    254263783040101581560109832769*a^265 - 295347697714444745546483055299*a^263 
    - 164335658697372655945492890120*a^261 - 
    132837990780376230222606752847*a^259 - 174378393395545429364384122294*a^257 
    + 230069922176321718323690046168*a^255 - 80798365526208222506534004309*a^253
    - 38801474970212988209352487945*a^251 - 234178313643756034722327368421*a^249
    + 296260673596096815857291349133*a^247 + 89928124342728925614616942649*a^245
    - 254263783040101581560109832769*a^243 + 71212118768861484243046919052*a^241
    - 99970859040901699033508174823*a^239 - 280283595667185585418146207038*a^237
    + 101796810804205839655124762491*a^235 + 
    120969304318899316182098933005*a^233 + 135120430484506405999627487432*a^231 
    + 226874506590539472235861017749*a^229 - 68473191123905273310622037550*a^227
    + 267958421264882636222234240279*a^225 + 
    307216384175921659586990875141*a^223 - 284848475075445936972187676208*a^221 
    - 157031851644156093459026539448*a^219 + 
    168444050164806972344130212373*a^217 + 275718716258925233864104737868*a^215 
    + 76233486117947870952492535139*a^213 - 44735818200951445229606397866*a^211 
    + 97688419336771523256487440238*a^209 + 120512816378073281026694786088*a^207
    + 262135115641372133699240798527*a^205 + 57517480544080429580922511542*a^203
    - 256089734803405722181726420437*a^201 + 1825951763304140621616587668*a^199 
    + 35149571443604706966119312609*a^197 + 47931233786733691317435426285*a^195 
    + 200398206022629433222420496563*a^193 - 83993781111990468594363032728*a^191
    - 106361690212466191209166231661*a^189 - 80341877585382187351129857392*a^187
    + 207702013075845995708886847235*a^185 - 
    153836436058373847371197511029*a^183 - 278914131844707479951933766287*a^181 
    - 275262228318099198708700590951*a^179 - 
    118230376673943105249674051503*a^177 + 139228821951940722398264809685*a^175 
    - 131468526957898124756394312096*a^173 + 
    135120430484506405999627487432*a^171 + 281653059489663690884358647789*a^169 
    - 112296033443204648229420141582*a^167 - 
    267958421264882636222234240279*a^165 - 99057883159249628722699880989*a^163 -
    201767669845107538688632937314*a^161 + 172095953691415253587363387709*a^159 
    + 150641020472591601283368482610*a^157 + 
    280740083608011620573550353955*a^155 + 123251744023029491959119667590*a^153 
    - 268871397146534706533042534113*a^151 - 
    231439385998799823789902486919*a^149 - 122338768141377421648311373756*a^147 
    + 155205899880851952837409951780*a^145 - 
    269784373028186776843850827947*a^143 + 14151126165607089817528554427*a^141 +
    259285150389187968269555448856*a^139 + 52496113194994042871476895455*a^137 +
    26476300567910039013440521186*a^135 + 108644129916596366986186966246*a^133 +
    300026282300076666120241700582*a^131 - 7303807053216562486466350672*a^129 - 
    32867131739474531189098578024*a^127 - 191724935146934765269741705140*a^125 -
    147902092827635390350943601108*a^123 - 135576918425332441155031634349*a^121 
    + 199941718081803398067016349646*a^119 + 
    195833326614369081668379027393*a^117 + 78972413762904081884917416641*a^115 -
    248785927750189159695260069765*a^113 + 87189196697772714682192061147*a^111 +
    103166274626683945121337203242*a^109 + 130099063135420019290181871345*a^107 
    + 284391987134619901816783529291*a^105 - 
    179856248685457851229233885298*a^103 + 111383057561552577918611847748*a^101 
    - 193550886910238905891358292808*a^99 + 155205899880851952837409951780*a^97 
    - 151097508413417636438772629527*a^95 + 5477855289912421864849763004*a^93 - 
    76689974058773906107896682056*a^91 + 218657723655670839438586373243*a^89 - 
    161596731052416445013068008618*a^87 - 110926569620726542763207700831*a^85 - 
    287587402720402147904612557710*a^83 + 197202790436847187134591468144*a^81 + 
    2738927644956210932424881502*a^79 + 245590512164406913607431041346*a^77 + 
    24650348804605898391823933518*a^75 + 201767669845107538688632937314*a^73 - 
    16433565869737265594549289012*a^71 + 45192306141777480385010544783*a^69 - 
    41996890555995234297181516364*a^67 + 66190751419775097533601302965*a^65 - 
    311781263584182011141032344311*a^63 - 247416463927711054229047629014*a^61 + 
    111383057561552577918611847748*a^59 + 192058047968618628761523109647*a^57 + 
    37432011147734882743140047194*a^55 - 170270001928111112965746800041*a^53 + 
    136033406366158476310435781266*a^51 + 193094398969412870735954145891*a^49 - 
    228700458353843612857477605417*a^47 + 296717161536922851012695496050*a^45 + 
    258828662448361933114151301939*a^43 - 52039625254168007716072748538*a^41 + 
    285304963016271972127591823125*a^39 + 302651504767661308032949405971*a^37 + 
    10679991863565918495835421270132*a^35 + 
    10001650783498430254904858951470*a^33 - 2005351524048772437690417406381*a^31
    - 419968905559952342971815163640*a^29 + 1610945943175078063421234470093*a^27
    + 11455564875029352224867066882115*a^25 + 
    3652360014549107278388579482917*a^23 - 3954555031375942551266124741971*a^21 
    - 6742326886000539245319249964090*a^19 + 
    4872552280377099248783864192058*a^17 - 2401126568744944917425812783420*a^15 
    - 269784373028186776843850827947*a^13 - 2323067130863692905851703660613*a^11
    - 6055769022998182371591413000922*a^9 - 4541598523278223761115857677233*a^7 
    - 6096396449731699500422382076535*a^5 + 6638247635492203229887104467014*a^3 
    - 9861965473605663497351189994868*a + 10868539477925663087614899561306 + 
    O(a^5736) 166161610460676796567109477788*a^299 + 
    200558593677514256385130061696*a^297 - 63636886453532144096610535078*a^295 -
    301356066016668505564910610666*a^293 - 238989943290300729603614322411*a^291 
    - 189837295824059538816313746267*a^289 + 
    171602453214846566932872418069*a^287 + 42885191413818870275265261716*a^285 -
    224939517897615088008826492870*a^283 + 101636423149321016492415197358*a^281 
    - 77738662571482365248689992541*a^279 - 121277742116754745341155789030*a^277
    - 264269505202531703479914242220*a^275 + 42909866437647304607989810198*a^273
    - 94949491691815312324062558736*a^271 - 287587402720402147904612557710*a^269
    - 211810404543280312107524169488*a^267 + 37432011147734882743140047194*a^265
    + 91754076106033066236233530317*a^263 + 304020968590139413499161846722*a^261
    - 271610324791490917465467415615*a^259 + 
    186703567797848378560296089053*a^257 + 171182977809763183276555093875*a^255 
    - 236004265407060175343943956089*a^253 + 
    242395096578624667519602012927*a^251 - 310411799761703905674819903560*a^249 
    + 117317400792291034938865757669*a^247 + 
    261111102152492108891172036524*a^245 + 113209009324856718540228435416*a^243 
    - 208158501016672030864290994152*a^241 - 
    146532629005157284884731160357*a^239 - 144250189301027109107710425772*a^237 
    + 216375283951540663661565638658*a^235 - 
    253807295099275546404705685852*a^233 - 203593621608411679310249524982*a^231 
    + 207702013075845995708886847235*a^229 + 
    141054773715244863019881397353*a^227 - 271610324791490917465467415615*a^225 
    - 62082359952340781134963980712*a^223 - 6847319112390527331062203755*a^221 +
    246047000105232948762835188263*a^219 - 207245525135019960553482700318*a^217 
    - 305846920353443554120778434390*a^215 - 58886944366558535047134952293*a^213
    - 188529519561152519181912676721*a^211 - 
    157488339584982128614430686365*a^209 - 121425792259725351337503079922*a^207 
    + 206320211741453673076312132243*a^205 + 
    264763005679100390134405211860*a^203 + 207702013075845995708886847235*a^201 
    - 152923460176721777060389217195*a^199 + 40170938792691093675564928696*a^197
    - 119143352555595175560482345337*a^195 + 
    136489894306984511465839928183*a^193 - 183964640152892167627871207551*a^191 
    - 199028742200151327756208055812*a^189 + 
    101796810804205839655124762491*a^187 - 226418018649713437080456870832*a^185 
    + 197202790436847187134591468144*a^183 + 26019812627084003858036374269*a^181
    + 185334103975370273094083648302*a^179 - 
    193550886910238905891358292808*a^177 - 290782818306184393992441586129*a^175 
    - 99057883159249628722699880989*a^173 + 180769224567109921540042179132*a^171
    - 266588957442404530756021799528*a^169 - 
    172095953691415253587363387709*a^167 - 14607614106433124972932701344*a^165 +
    251524855395145370627684951267*a^163 - 239656168933668456587177131425*a^161 
    + 198572254259325292600803908895*a^159 - 99514371100075663878104027906*a^157
    - 123251744023029491959119667590*a^155 + 
    138772334011114687242860662768*a^153 - 125990671667985702891544549092*a^151 
    - 92667051987685136547041824151*a^149 + 70299142887209413932238625218*a^147 
    + 240569144815320526897985425259*a^145 + 
    146989116945983320040135307274*a^143 - 181225712507935956695446326049*a^141 
    - 254720270980927616715513979686*a^139 - 34236595561952636655311018775*a^137
    + 225505042768061366769648576998*a^135 - 69842654946383378776834478301*a^133
    - 291389357067588746036035554896*a^131 - 
    302651504767661308032949405971*a^129 - 112296033443204648229420141582*a^127 
    + 166618098401502831722513624705*a^125 + 
    115034961088160859161845023084*a^123 + 246047000105232948762835188263*a^121 
    + 30128204094518320256673696522*a^119 + 168900538105633007499534359290*a^117
    - 184421128093718202783275354468*a^115 - 10042734698172773418891232174*a^113
    - 118230376673943105249674051503*a^111 - 
    291695794187836464303249879963*a^109 + 293065258010314569769462320714*a^107 
    + 136489894306984511465839928183*a^105 - 912975881652070310808293834*a^103 -
    145619653123505214573922866523*a^101 + 260198126270840038580363742690*a^99 +
    185334103975370273094083648302*a^97 + 226874506590539472235861017749*a^95 - 
    71212118768861484243046919052*a^93 - 102709786685857909965933056325*a^91 - 
    180769224567109921540042179132*a^89 + 13694638224781054662124407510*a^87 + 
    173921905454719394208979975377*a^85 + 200398206022629433222420496563*a^83 + 
    124164719904681562269927961424*a^81 + 148815068709287460661751894942*a^79 + 
    294891209773618710391078908382*a^77 - 20998445277997617148590758182*a^75 + 
    21454933218823652303994905099*a^73 + 217288259833192733972373932492*a^71 + 
    145619653123505214573922866523*a^69 - 194920350732717011357570733559*a^67 + 
    190811959265282694958933411306*a^65 - 178030296922153710607617297630*a^63 + 
    13694638224781054662124407510*a^61 + 165705122519850761411705330871*a^59 + 
    15582277547656281115552366383*a^57 + 200854693963455468377824643480*a^55 + 
    68473191123905273310622037550*a^53 - 213636356306584452729140757156*a^51 - 
    114578473147334824006440876167*a^49 - 39714450851865058520160781779*a^47 + 
    136033406366158476310435781266*a^45 - 61169384070688710824155686878*a^43 + 
    133294478721202265378010899764*a^41 - 263850029797448319823596918026*a^39 - 
    63908311715644921756580568380*a^37 - 5742618295591522254984168215860*a^35 - 
    3221435398409330091687064793269*a^33 - 3846823877340998254590746069559*a^31 
    + 2514792066010627671121445365753*a^29 - 
    8576038944298722464577708129679*a^27 - 7556244884493359927404843917101*a^25 
    + 6290860312523590476624548663177*a^23 - 
    9531468204447614044838587626960*a^21 + 4945133862968438838493123551861*a^19 
    + 5279283035653096572248959095105*a^17 + 
    7324805498494560103614941430182*a^15 - 6949572411135559205872732664408*a^13 
    + 954972772208065545105475350364*a^11 - 8126854810525903871660027563351*a^9 
    + 6196823796713427234611294398275*a^7 + 6718133025136759382082830177489*a^5 
    + 4871182816554621143317651751307*a^3 - 7721493519072384653661145101055*a - 
    8450499560369444521467267441133 + O(a^5736))
IP1P2 after rounding  (155658021268913501717501867931*37 + O(37^20) 
    -203998538105361551131300177915*37 + O(37^20) 
    -194921964862714096496759619092*37 + O(37^20) 
    189797098754124290461696845596*37 + O(37^20) 
    -8456312935067194972296247850117 + O(37^20) 4054105206478124433243301705967 
    + O(37^20) 10868539477925663087614899561306 + O(37^20) 
    -8450499560369444521467267441133 + O(37^20))
ZERO in disk 9 : x = 276765355712788295934949020538 + O(37^19) , inf = false
IP1P2 before rounding ((3106051985971159585529312295*a^298 - 
    2052695225511375030436762908*a^296 + 4964014590998674476626395291*a^294 - 
    114038623639520835024264606*a^292 - 317440847090128172348245336*a^290 - 
    6947352992776071923188751655*a^288 - 5327471023066153161352852661*a^286 - 
    1806611879762935333805455074*a^284 + 7344154051638732138624058325*a^282 + 
    1196071763143161506526424391*a^280 - 6967359768853180841614061235*a^278 + 
    4299789625238658384906117235*a^276 - 6351151065678226154114526171*a^274 + 
    3281778169181766252364948106*a^272 - 2738927644956210932424881502*a^270 + 
    7908345137013203638217788481*a^268 - 2183739608816438446122540657*a^266 + 
    2652565061556690767888961815*a^264 + 4268779122319139561346887386*a^262 + 
    6403168683478709342020331079*a^260 + 727913202938812815374180219*a^258 + 
    7168094422160173656481334021*a^256 - 505837988482903820853243881*a^254 - 
    4811629646544694881286953990*a^252 + 7970032696584289470029159686*a^250 - 
    308437797855429159056856025*a^248 + 3121390514296943089655382973*a^246 - 
    6909006671961613162873574960*a^244 - 7121078498378967698181856508*a^242 - 
    764925738681464314461002942*a^240 + 8315483030182370128172838434*a^238 - 
    962325929308938976257390798*a^236 - 4996692325257952376721067605*a^234 + 
    4034366395949013400463676807*a^232 - 2726590133041993766062607261*a^230 + 
    1616214060762448793457925571*a^228 - 6279793564336537678397588669*a^226 + 
    2961002859412119926945817840*a^224 - 5712268016282548025732973583*a^222 + 
    6785631552819441499250832550*a^220 + 4972017301429518043996519123*a^218 - 
    6822644088562092998337655273*a^216 + 3799953669578887239580466228*a^214 + 
    1936989370532095118877055837*a^212 + 1813614251389923455254313427*a^210 + 
    3491515871723458080523610203*a^208 + 2948665347497902760583543599*a^206 - 
    7896007625098986471855514240*a^204 - 8278470494439718629086015711*a^202 - 
    1455826405877625630748360438*a^200 - 4922667253772649378547422159*a^198 - 
    2270102192215958610658460344*a^196 - 4811629646544694881286953990*a^194 + 
    5675255480539896526646150860*a^192 - 1283101239078585301676521064*a^190 - 
    6378493659650275009295782597*a^188 + 5724605528196765192095247824*a^186 - 
    3701253574265149908682272300*a^184 + 7414844660444516983726818841*a^182 - 
    5724605528196765192095247824*a^180 - 8438858149324541791795580844*a^178 + 
    6477193754964012340193976525*a^176 + 1283101239078585301676521064*a^174 - 
    925313393566287477170568075*a^172 - 6649918921763052669265815899*a^170 + 
    6086394728924484800286262729*a^168 - 6390831171564492175658056838*a^166 - 
    5613567920968810694834779655*a^164 - 6181093469022800347499394741*a^162 + 
    579863059968206819026889327*a^160 - 4194754050833836563173241940*a^158 + 
    5157079980142775539430632738*a^156 + 1406476358220756965299263474*a^154 - 
    5083054908657472541256987292*a^152 - 2689577597299342266975784538*a^150 + 
    3898653764892624570478660156*a^148 + 4453841801032397056781001001*a^146 + 
    2763602668784645265149429984*a^144 - 1122713584193762138966955931*a^142 + 
    7057056814932219159220865852*a^140 + 8093407815726461133651902096*a^138 + 
    838950810166767312634648388*a^136 + 6193430980937017513861668982*a^134 + 
    3232428121524897586915851142*a^132 - 555188036139772486302340845*a^130 - 
    4786954622716260548562405508*a^128 + 3220090609610680420553576901*a^126 - 
    2516852430500301937903945164*a^124 - 7402507148530299817364544600*a^122 - 
    1196738655679065137140601377*a^120 + 5638242944797245027559328137*a^118 + 
    3355803240667069250538593552*a^116 + 4367479217632876892245081314*a^114 - 
    8068732791898026800927353614*a^112 + 678563155281944149925083255*a^110 - 
    900638369737853144446019593*a^108 + 4157741515091185064086419217*a^106 + 
    1505176453534494296197457402*a^104 + 4182416538919619396810967699*a^102 - 
    5884993183081588354804812957*a^100 + 320775309769646325419130266*a^98 + 
    7908345137013203638217788481*a^96 - 390799026039527539907713796*a^94 - 
    2812952716441513930598526948*a^92 - 4231766586576488062260064663*a^90 - 
    6144080933280148848412572018*a^88 - 752588226767247148098728701*a^86 - 
    2985677883240554259670366322*a^84 - 222075214455908994520936338*a^82 - 
    7723282458299946142783674866*a^80 + 4046703907863230566825951048*a^78 - 
    2504514918586084771541670923*a^76 + 1221413679507499469865149859*a^74 - 
    17642642037330547898052164630*a^72 - 177080308504758988797722181073*a^70 - 
    82056791741458373475485976891*a^68 + 145730690730733169071183334692*a^66 - 
    67547877730338985833451469475*a^64 + 54346739982126617825818031605*a^62 + 
    299678164396334970939641313890*a^60 - 70434855518265802762223641869*a^58 - 
    222593389956306115508151856122*a^56 + 288488041090140001049058577303*a^54 + 
    54075314720013840165847998303*a^52 - 178091984481724796439428668835*a^50 + 
    28573677593326957295027142156*a^48 + 93543015333594555358763295262*a^46 - 
    127446498073863328522292909530*a^44 - 244467798580213151468464085415*a^42 - 
    288549728649711086880869948508*a^40 + 137489232772036101941184141704*a^38 + 
    259963713544469912419480532111*a^36 - 38912512577440942706612956114*a^34 + 
    272276550434858644449030224629*a^32 - 259420863020244357099540465507*a^30 + 
    28820427831611300622272626976*a^28 - 21602983361794258300342195991*a^26 - 
    101525385542093061995154729189*a^24 - 159585716610399046896017307335*a^22 - 
    265409891438926911830156888280*a^20 - 238767868075844820609093386073*a^18 + 
    141116461274815948851692768558*a^16 + 229156946294669648012881752334*a^14 + 
    121265404604840528174793514789*a^12 - 244393773508727848470290439969*a^10 + 
    265108456012698470792548890608*a^8 - 65512188264493153383676219710*a^6 - 
    237052953919768634484737266574*a^4 + 210675353447172332802194939316*a^2 + 
    222182620532245630101396498391)*a^300 + O(a^5773) 
    (3807622933741778991643501567*a^298 + 2309782298102224632201991011*a^296 + 
    149383928042413257575644864*a^294 - 7908345137013203638217788481*a^292 - 
    5626905771686883307118319375*a^290 - 2101044934364388249964594393*a^288 + 
    7329148969580900449805076140*a^286 - 5330472039477719499116649098*a^284 - 
    5540209742019411327275311195*a^282 - 3858306766470454918320952503*a^280 + 
    6594233395015099512982037568*a^278 - 2291442753364874790312123896*a^276 - 
    931648872657371968005249442*a^274 + 4848642182287346380373776713*a^272 - 
    3318790704924417751451770829*a^270 + 2183739608816438446122540657*a^268 - 
    6884331648133178830149026478*a^266 - 3602553478951412577784078372*a^264 - 
    2208414632644872778847089139*a^262 - 2738927644956210932424881502*a^260 - 
    7686269922557294643696852143*a^258 - 7673932410643077477334577902*a^256 - 
    5564217873311942029385682691*a^254 + 592200571882423985389163568*a^252 - 
    6144080933280148848412572018*a^250 + 6884331648133178830149026478*a^248 + 
    283762774026994826332307543*a^246 - 2714252621127776599700333020*a^244 + 
    6816308609471008507502973906*a^242 - 6082393373709063016601200813*a^240 + 
    6970694231532698994684946165*a^238 - 8278470494439718629086015711*a^236 - 
    308437797855429159056856025*a^234 - 6538881314535098172005347730*a^232 - 
    222075214455908994520936338*a^230 + 8118082839554895466376450578*a^228 + 
    3047365442811640091481737527*a^226 + 3701253574265149908682272300*a^224 - 
    7377832124701865484639996118*a^222 + 333112821683863491781404507*a^220 - 
    616875595710858318113712050*a^218 - 5835643135424719689355715993*a^216 + 
    6773294040905224332888558309*a^214 + 6662256433677269835628090140*a^212 + 
    6526543802620881005643073489*a^210 + 4737604575059391883113308544*a^208 + 
    8303145518268152961810564193*a^206 + 6946019207704264661960397683*a^202 + 
    2553864966242953436990767887*a^200 - 1295438750992802468038795305*a^198 - 
    1566864013105580128008828607*a^196 + 2109714537331135447948895211*a^194 - 
    5564217873311942029385682691*a^192 + 3713591086179367075044546541*a^190 - 
    4959679789515300877634244882*a^188 - 3170740561953811755104479937*a^186 + 
    6094730885623280182963475054*a^184 - 2023351953931615283412975524*a^182 - 
    3824628693407321572305014710*a^180 - 1332451286735453967125618028*a^178 + 
    1505176453534494296197457402*a^176 + 518175500397120987215518122*a^174 + 
    4009691372120579067739128325*a^172 + 6637581409848835502903541658*a^170 - 
    6237445888306657134397350058*a^168 - 7007706767275350493771768888*a^166 - 
    7118744374503304991032237057*a^164 - 6144080933280148848412572018*a^162 + 
    1135051096107979305329230172*a^160 + 7118744374503304991032237057*a^158 + 
    949988417394721809895116557*a^156 - 1887639322875226453427958873*a^154 + 
    2122052049245352614311169452*a^152 + 7143419398331739323756785539*a^150 + 
    8303145518268152961810564193*a^148 - 8204445422954415630912370265*a^146 - 
    7476532220015602815538190046*a^144 + 5416167730341336033038391799*a^142 - 
    1517513965448711462559731643*a^140 - 5033704861000603875807890328*a^138 - 
    6440181219221360841107153802*a^136 - 135712631056388829985016651*a^134 + 
    5144742468228558373068358497*a^132 + 5465517777998204698487488763*a^130 + 
    5551880361397724863023408450*a^128 - 1221413679507499469865149859*a^126 - 
    1270763727164368135314246823*a^124 + 6316806100079189177484411392*a^122 + 
    6489531266878229506556250766*a^120 - 370125357426514990868227230*a^116 - 
    8007045232326940969115982409*a^114 + 5243442563542295703966552425*a^112 + 
    4737604575059391883113308544*a^110 - 1899976834789443619790233114*a^108 + 
    5971355766481108519340732644*a^106 + 5835643135424719689355715993*a^104 + 
    1085701048451110639880133208*a^102 + 2652565061556690767888961815*a^100 + 
    2590877501985604936077590610*a^98 + 1677901620333534625269296776*a^96 + 
    7822649446149587104296045780*a^94 - 2233089656473307111571637621*a^92 + 
    2961002859412119926945817840*a^90 + 7525882267672471480987287010*a^88 - 
    1468163917791842797110634679*a^86 + 6649918921763052669265815899*a^84 - 
    7266794517473910987379527949*a^82 + 4429166777203962724056452519*a^80 - 
    7612244851071991645523206697*a^78 - 5687592992454113693008425101*a^76 - 
    1246088703335933802589698341*a^74 - 85671682732324003219632329504*a^72 - 
    131271126767270650094597924240*a^70 - 56419441983715101774680104093*a^68 + 
    185728904356625222417676424014*a^66 + 21047795325654485814039855146*a^64 - 
    236263353157258735837551715150*a^62 + 40824826924144603492765463469*a^60 - 
    192884661266871178907795483794*a^58 - 107743491546858513841740946653*a^56 - 
    292238644712062019623189946567*a^54 - 74901034831212416985366917111*a^52 + 
    39874838506749881682870346912*a^50 - 8525220732724061956331500531*a^48 - 
    81538616241061252488270458769*a^46 + 75628948034151229800741097330*a^44 + 
    137045082343124283952142269028*a^42 + 217411634952334905635996674902*a^40 + 
    128149736252973707004942541267*a^38 - 120142691020646766035826558858*a^36 + 
    56135679209688106948347796550*a^34 - 167864187104838765525103323046*a^32 + 
    19752356574661683346001059841*a^30 - 256657260351459711834391035523*a^28 - 
    261172789712063194722983407729*a^26 - 121475142307382220002952176886*a^24 + 
    175932919896736792326030676660*a^22 + 190635899635804136476790687002*a^20 + 
    270734361445581498653745944504*a^18 + 61773922154485351975907124687*a^16 + 
    217485660023820208634170320348*a^14 + 225184267458291720444229446732*a^12 + 
    115442098981330025651800073037*a^10 + 239026955826043381102701145134*a^8 - 
    212476630186648039091086978502*a^6 + 238804880611587472108180208796*a^4 + 
    307487809438034437246960908443*a^2 + 120829184036375368320865383319)*a^300 +
    O(a^5773) (-3678912674312378283107343269*a^299 + 
    2677906977921028731227687283*a^297 - 7833986619259948824737054542*a^295 + 
    1405142573148949704070909502*a^293 + 8124084872378028141904043452*a^291 - 
    8050393247160676959037486499*a^289 + 4915664882145661257098563806*a^287 - 
    6193764427204969329168757475*a^285 - 1899336978437427974200955195*a^283 + 
    7088067317851737982780095701*a^281 + 841618380310381835091356332*a^279 + 
    2799948311991393133622075721*a^277 - 7093735904406918843000600082*a^275 - 
    5613567920968810694834779655*a^273 - 6884331648133178830149026478*a^271 - 
    4762279598887826215837857026*a^269 + 5243442563542295703966552425*a^267 - 
    1246088703335933802589698341*a^265 - 7834320065527900640044143035*a^263 - 
    6193430980937017513861668982*a^261 + 3651903526608281243233175336*a^259 + 
    2220752144559089945209363380*a^257 + 7427182172358734150089093082*a^255 + 
    8266132982525501462723741470*a^253 + 3898653764892624570478660156*a^251 - 
    2159064584988004113397992175*a^249 - 777263250595681480823277183*a^247 - 
    6637581409848835502903541658*a^245 - 3664241038522498409595449577*a^243 + 
    3331128216838634917814045070*a^241 + 8229120446782849963636918747*a^239 - 
    1468163917791842797110634679*a^237 - 4972017301429518043996519123*a^235 + 
    4293454146147573894071435868*a^233 - 3257103145353331919640399624*a^231 - 
    5959018254566891352978458403*a^229 + 962325929308938976257390798*a^227 + 
    863625833995201645359196870*a^225 + 518175500397120987215518122*a^223 - 
    6267456052422320512035314428*a^221 + 4959679789515300877634244882*a^219 + 
    1838289275218357787978861909*a^217 + 4441504289118179890418726760*a^215 - 
    1603876548848231627095651330*a^213 + 7501207243844037148262738528*a^211 - 
    7747957482128380475508223348*a^209 + 4083716443605882065912773771*a^207 - 
    991669200888698723281178182*a^205 - 1443488893963408464386086197*a^203 - 
    3318790704924417751451770829*a^201 - 7353157100873431151915447636*a^199 + 
    1924651858617877952514781596*a^197 + 4170079027005402230448693458*a^195 + 
    7094069350674870658307688575*a^193 - 246750238284343327245484820*a^191 - 
    6711606481334138501077187104*a^189 + 1085701048451110639880133208*a^187 + 
    1739589179904620457080667981*a^185 - 4959679789515300877634244882*a^183 - 
    246750238284343327245484820*a^181 - 5786293087767851023906619029*a^179 - 
    4281116634233356727709161627*a^177 - 7377832124701865484639996118*a^175 + 
    8068732791898026800927353614*a^173 + 1838289275218357787978861909*a^171 - 
    8204445422954415630912370265*a^169 + 8130420351469112632738724819*a^167 + 
    4318129169976008226795984350*a^165 + 974663441223156142619665039*a^163 - 
    1862964299046792120703410391*a^161 + 320775309769646325419130266*a^159 + 
    4947342277601083711271970641*a^157 - 542850524225555319940066604*a^155 - 
    6070055861794845850238926572*a^153 + 37012535742651499086822723*a^151 + 
    5551880361397724863023408450*a^149 - 7772632505956814808232771830*a^147 - 
    7994707720412723802753708168*a^145 - 5428505242255553199400666040*a^143 + 
    1246088703335933802589698341*a^141 + 5021367349086386709445616087*a^139 - 
    6871994136218961663786752237*a^137 + 7575232315329340146436383974*a^135 - 
    2442827359014998939730299718*a^133 + 7625735906832096172947841130*a^131 - 
    777263250595681480823277183*a^129 + 2800615204527296764236252707*a^127 - 
    7254457005559693821017253708*a^125 - 4305791658061791060433710109*a^123 + 
    4811629646544694881286953990*a^121 - 1875301810961009287065684632*a^119 + 
    1714914156076186124356119499*a^117 + 8266132982525501462723741470*a^115 - 
    8142757863383329799100999060*a^113 - 3010352907068988592394914804*a^111 + 
    6489531266878229506556250766*a^109 - 3047365442811640091481737527*a^107 - 
    6218106004765451846586217464*a^105 - 7649257386814643144610029420*a^103 + 
    493500476568686654490969640*a^101 + 4046703907863230566825951048*a^99 + 
    3836966205321538738667288951*a^97 - 7970032696584289470029159686*a^95 + 
    1036351000794241974431036244*a^93 + 6033043326052194351152103849*a^91 + 
    6612906386020401170178993176*a^89 + 1665564108419317458907022535*a^87 - 
    703238179110378482649631737*a^85 + 900638369737853144446019593*a^83 - 
    456487940826035155404146917*a^81 - 345450333598080658143678748*a^79 - 
    1776601715647271956167490704*a^77 + 1936989370532095118877055837*a^75 + 
    4762279598887826215837857026*a^73 - 6600568874106184003816718935*a^71 - 
    1579201525019797294371102848*a^69 - 7402507148530299817364544600*a^67 - 
    4947342277601083711271970641*a^65 + 5551880361397724863023408450*a^63 - 
    4478516824860831389505549483*a^61 - 86362583399520164535919687*a^59 + 
    7228448196659452227064351254*a^57 - 1949326882446312285239330078*a^55 + 
    7599907339157774479160932456*a^53 + 7402507148530299817364544600*a^51 + 
    2862302764098382596047623912*a^49 - 4515529360603482888592372206*a^47 - 
    2973340371326337093308092081*a^45 - 6871994136218961663786752237*a^43 + 
    2282439704130175777020734585*a^41 + 616875595710858318113712050*a^39 + 
    5144742468228558373068358497*a^37 - 210983791245027761961251795341*a^35 + 
    77788012619139233914139089505*a^33 + 181238050019850173861808600290*a^31 - 
    230588097676718839310905564290*a^29 + 65709588455120628045472607566*a^27 - 
    192859986243042744575070935312*a^25 - 86547646078233422031353800615*a^23 + 
    27870439414216578812377510419*a^21 + 149123506507142889820808750967*a^19 + 
    302417092041291181872066195392*a^17 + 116244037255754141465347898702*a^15 + 
    192526873421358881083289530805*a^13 - 172478416560755985744593889180*a^11 - 
    106275327629066671044630311974*a^9 - 204827372799833395946476949082*a^7 + 
    274213539805390739567907280466*a^5 - 14212813725178175649339925632*a^3 + 
    48054608905875862981058168695*a + 78124200130331088277357897659)*a^300 + 
    O(a^5736) (2172735881974028540988620388*a^299 + 
    1702243197894017142686756765*a^297 - 1039018570937856496887744188*a^295 + 
    1572866045928712803536421481*a^293 + 1022679703808217546840408031*a^291 + 
    2025686077807277990562594975*a^289 + 7605575925712955339381436837*a^287 - 
    7470530187192470140010597172*a^285 + 4082463767085738759759117000*a^283 + 
    7526882606476326926908552489*a^281 + 5353479831966394755305755115*a^279 - 
    5538542510679652250739868730*a^277 + 8329821219704298186377643633*a^275 + 
    7439519684272951316451367323*a^273 - 7168094422160173656481334021*a^271 - 
    8401845613581890292708758121*a^269 - 8377170589753455959984209639*a^267 - 
    8414183125496107459071032362*a^265 + 5255780075456512870328826666*a^263 - 
    5860318159253154022080264475*a^261 + 3392815776409720749625416275*a^259 - 
    8253795470611284296361467229*a^257 + 3047365442811640091481737527*a^255 - 
    2627890037728256435164413333*a^253 - 8204445422954415630912370265*a^251 - 
    3664241038522498409595449577*a^249 - 1468163917791842797110634679*a^247 + 
    8290808006353935795448289952*a^245 + 6131743421365931682050297777*a^243 - 
    2442827359014998939730299718*a^241 + 7205106957902825155568156744*a^239 - 
    1665564108419317458907022535*a^237 + 357787845512297824505952989*a^235 - 
    4034366395949013400463676807*a^233 + 493500476568686654490969640*a^231 + 
    7205106957902825155568156744*a^229 - 2220752144559089945209363380*a^227 + 
    542850524225555319940066604*a^225 + 2245427168387524277933911862*a^223 - 
    5724605528196765192095247824*a^221 + 2072702001588483948862072488*a^219 - 
    7020044279189567660134043129*a^217 + 987000953137373308981939280*a^215 + 
    172725166799040329071839374*a^213 + 6255118540508103345673040187*a^211 + 
    8278470494439718629086015711*a^209 + 7933020160841637970942336963*a^207 - 
    2720921546486812905842102880*a^205 - 6119405909451714515688023536*a^203 - 
    3220090609610680420553576901*a^201 - 5329805146941815868502472112*a^199 - 
    3787616157664670073218191987*a^197 + 2936327835583685594221269358*a^195 + 
    5502530313740856197574311486*a^193 - 4009691372120579067739128325*a^191 - 
    2652565061556690767888961815*a^189 + 3133728026211160256017657214*a^187 + 
    8241457958697067129999192988*a^185 + 1073363536536893473517858967*a^183 + 
    2011014442017398117050701283*a^181 - 7192769445988607989205882503*a^179 + 
    5860318159253154022080264475*a^177 - 5823305623510502522993441752*a^175 + 
    160387654884823162709565133*a^173 + 2627890037728256435164413333*a^171 - 
    1369463822478105466212440751*a^169 + 4564879408260351554041469170*a^167 - 
    1455826405877625630748360438*a^165 - 2344127263701261608832105790*a^163 + 
    6600568874106184003816718935*a^161 + 4219429074662270895897790422*a^159 - 
    2652565061556690767888961815*a^157 + 7032381791103784826496317370*a^155 - 
    7180431934074390822843608262*a^153 - 4823967158458912047649228231*a^151 - 
    2159064584988004113397992175*a^149 - 1233751191421716636227424100*a^147 + 
    3133728026211160256017657214*a^145 - 2159064584988004113397992175*a^143 + 
    3738266110007801407769095023*a^141 - 8377170589753455959984209639*a^139 + 
    7575232315329340146436383974*a^137 + 8192107911040198464550096024*a^135 - 
    3701253574265149908682272300*a^133 + 831110316839251655413918958*a^131 - 
    4157741515091185064086419217*a^129 - 4972017301429518043996519123*a^127 - 
    4318129169976008226795984350*a^125 + 8414183125496107459071032362*a^123 + 
    3281778169181766252364948106*a^121 - 5712268016282548025732973583*a^119 - 
    1431151382049191298023811956*a^117 + 7575232315329340146436383974*a^115 + 
    6723943993248355667439461345*a^113 + 2442827359014998939730299718*a^111 + 
    715575691024595649011905978*a^109 + 1924651858617877952514781596*a^107 + 
    2738927644956210932424881502*a^105 + 2196077120730655612484814898*a^103 + 
    6785631552819441499250832550*a^101 - 5551880361397724863023408450*a^99 - 
    3910991276806841736840934397*a^97 - 7513544755758254314625012769*a^95 + 
    2973340371326337093308092081*a^93 - 3775278645750452906855917746*a^91 - 
    3133728026211160256017657214*a^89 - 3985016348292144735014579843*a^87 - 
    123375119142171663622742410*a^85 + 3651903526608281243233175336*a^83 - 
    7390169636616082651002270359*a^81 - 8204445422954415630912370265*a^79 + 
    3207753097696463254191302660*a^77 - 7020044279189567660134043129*a^75 - 
    7143419398331739323756785539*a^73 + 5687592992454113693008425101*a^71 - 
    1665564108419317458907022535*a^69 - 4897992229944215045822873677*a^67 - 
    1135051096107979305329230172*a^65 - 1061026024622676307155584726*a^63 + 
    6526543802620881005643073489*a^61 + 1517513965448711462559731643*a^59 - 
    1594873499613532613804262019*a^57 + 1492838941620277129835183161*a^55 + 
    666225643367726983562809014*a^53 + 5810968111596285356631167511*a^51 + 
    4404491753375528391331904037*a^49 + 3281778169181766252364948106*a^47 - 
    7192769445988607989205882503*a^45 + 5773955575853633857544344788*a^43 + 
    4564879408260351554041469170*a^41 + 4157741515091185064086419217*a^39 - 
    246750238284343327245484820*a^37 + 48054608905875862981058168695*a^35 + 
    100081896648129653530768642992*a^33 + 199189129855036150918917620945*a^31 + 
    305193032221990044303577899617*a^29 + 140487248167190873367216782267*a^27 - 
    118267389209685756748760874226*a^25 + 6625243897934618336541267417*a^23 - 
    304539144090536534486377364844*a^21 - 142103462227953322160674707838*a^19 + 
    261999403010315744869255781876*a^17 - 242888597055193354174092982567*a^15 - 
    300159327360989440427770009289*a^13 - 272054475220402735454509288291*a^11 - 
    103079912043284424956801283555*a^9 - 95344292073070261647655334448*a^7 + 
    120956966806985099015736658764*a^5 + 309708561582593527192170271823*a^3 - 
    184347103022232899785101709022*a - 61997772081634470985231289606)*a^300 + 
    O(a^5736) -257545561209283347812474780875*a^298 - 
    169480401165601214318561248617*a^296 + 259692288282357134759510498809*a^294 
    + 102364336352259829307789377577*a^292 + 
    282368635180688286533370553767*a^290 + 53557139219616719178632480181*a^288 +
    66215426443603531866325851447*a^286 + 16791353715249563419055242001*a^284 + 
    11942711532962217038681465288*a^282 - 88262560234309608155709920114*a^280 - 
    50744186503175205248033953233*a^278 + 49041609859013236290040107975*a^276 + 
    9179108864177571773532035304*a^274 - 273892764495621093242488150200*a^272 - 
    131012039017072089600990165179*a^270 + 300825553004357167411332818303*a^268 
    - 210440940720802206641311728737*a^266 + 
    140141797833592792709073103519*a^264 + 10499222638998808574295379091*a^262 +
    33780107621126601499906871858*a^260 + 185334103975370273094083648302*a^258 -
    54778552899124218648497630040*a^256 + 189442495442804589492720970555*a^254 +
    236460753347886210499348103006*a^252 + 45648794082603515540414691700*a^250 -
    1369463822478105466212440751*a^248 - 178943272803805780918425591464*a^246 - 
    170270001928111112965746800041*a^244 + 116404424910638964628057463835*a^242 
    + 170270001928111112965746800041*a^240 - 
    222309627182279120681819548579*a^238 - 191268447206108730114337558223*a^236 
    - 113209009324856718540228435416*a^234 - 11412198520650878885103672925*a^232
    + 182595176330414062161658766800*a^230 - 
    305390432412617518965374287473*a^228 - 81711341407860292817342298143*a^226 -
    197202790436847187134591468144*a^224 - 75320510236295800641684241305*a^222 -
    141511261656070898175285544270*a^220 + 57060992603254394425518364625*a^218 +
    293065258010314569769462320714*a^216 + 241938608637798632364197866010*a^214 
    - 150641020472591601283368482610*a^212 - 
    281196571548837655728954500872*a^210 - 285761450957098007282995970042*a^208 
    + 189442495442804589492720970555*a^206 + 
    227787482472191542546669311583*a^204 + 298999601241053026789716230635*a^202 
    - 91297588165207031080829383400*a^200 + 82624317289512363128150591977*a^198 
    + 147902092827635390350943601108*a^196 - 
    148815068709287460661751894942*a^194 - 262024078034144179201980330358*a^192 
    - 127360135490463808357756989843*a^190 + 14151126165607089817528554427*a^188
    - 300825553004357167411332818303*a^186 - 
    305390432412617518965374287473*a^184 + 237373729229538280810156396840*a^182 
    - 9586246757346738263487085257*a^180 + 53865577017472148337689336206*a^178 +
    134207454602854335688819193598*a^176 - 263393541856622284668192771109*a^174 
    - 92667051987685136547041824151*a^172 - 202680645726759608999441231148*a^170
    + 255275459017067389201816320531*a^168 - 47474745845907656162031279368*a^166
    - 2282439704130175777020734585*a^164 - 214549332188236523039949050990*a^162 
    - 47474745845907656162031279368*a^160 - 67103727301427167844409596799*a^158 
    + 7760294994042597641870497589*a^156 + 54322064958298183493093483123*a^154 -
    218201235714844804283182226326*a^152 - 244221048341928808141218600595*a^150 
    - 301738528886009237722141112137*a^148 + 63451823774818886601176421463*a^146
    + 245590512164406913607431041346*a^144 - 
    307672872116747694742395022058*a^142 + 293978233891966640080270614548*a^140 
    + 17803029692215371060761729763*a^138 - 295347697714444745546483055299*a^136
    + 211810404543280312107524169488*a^134 - 
    141511261656070898175285544270*a^132 + 111839545502378613074015994665*a^130 
    - 86276220816120644371383767313*a^128 - 237373729229538280810156396840*a^126
    + 81711341407860292817342298143*a^124 - 141054773715244863019881397353*a^122
    - 279827107726359550262742060121*a^120 - 
    298543113300226991634312083718*a^118 - 89015148461076855303808648815*a^116 +
    2738927644956210932424881502*a^114 - 34236595561952636655311018775*a^112 - 
    133294478721202265378010899764*a^110 + 194463862791890976202166586642*a^108 
    + 136033406366158476310435781266*a^106 + 
    299912577122705097100524524469*a^104 - 160683755170764374702259714784*a^102 
    - 305390432412617518965374287473*a^100 - 33780107621126601499906871858*a^98 
    + 127816623431289843513161136760*a^96 + 199300167462264105416178089114*a^94 
    + 239656168933668456587177131425*a^92 + 295804185655270780701887202216*a^90 
    - 44735818200951445229606397866*a^88 - 293065258010314569769462320714*a^86 -
    168900538105633007499534359290*a^84 + 294891209773618710391078908382*a^82 + 
    54322064958298183493093483123*a^80 - 277088180081403339330317178619*a^78 - 
    99514371100075663878104027906*a^76 - 37432011147734882743140047194*a^74 + 
    3341491726846577337558355432440*a^72 + 4450300935113016730035028293833*a^70 
    + 6871056485313481159143219394684*a^68 + 
    3317754353923623509477339792756*a^66 + 6239277175210248504063880061556*a^64 
    - 2234964958284268120858703305632*a^62 + 
    1198280844668342282935885657125*a^60 - 2769968824932381322992363492356*a^58 
    - 1863383774451875504359727715194*a^56 - 
    2426689893431202886128445010772*a^54 + 6355225112180061433536533378474*a^52 
    - 1477651464453875798043223570329*a^50 - 
    6708546778379412643819343092232*a^48 - 1067725293592096228490299638863*a^46 
    - 849980545818077459362521559454*a^44 - 1796280047150448336515318118395*a^42
    + 6693482676332153483691006243971*a^40 + 
    2505662307194106968013362427413*a^38 + 8325427064785229164260831472246*a^36 
    - 8895124014936121038205206824662*a^34 + 
    7092453136614108209514230649429*a^32 - 9741452657227590216324495208780*a^30 
    + 10842501570499987011159297572584*a^28 - 
    8221347814276893148828685975170*a^26 - 117773888733117070094269904586*a^24 -
    7578156305653009614864242969117*a^22 - 6881444670345252013220254305606*a^20 
    + 2029545384912552300926837192982*a^18 + 
    8787392860901176741529828152250*a^16 - 2667259038246523413026430436031*a^14 
    + 4208362326475218097670830427823*a^12 - 
    9838228100682709669270174355184*a^10 + 3769677415341398313327445240586*a^8 -
    3447396929118217493612117517184*a^6 - 6359333503647495749935170700727*a^4 - 
    8552301571375768636496692489995*a^2 + 3745515495917401713476507465102 + 
    O(a^5773) 130308800837961711118340533442*a^298 + 
    213377268556385892235532998095*a^296 - 30066516534947234424862325317*a^294 -
    32682069060761273693664464409*a^292 + 122079680391178861154703614695*a^290 -
    70940693506748706583076885750*a^288 - 182151025901502244172616894124*a^286 +
    299678164396334970939641313890*a^284 + 205666323610000163259111597470*a^282 
    + 169825851499199294976704927365*a^280 + 35186583979347358465206135332*a^278
    + 97528031681886700093777875105*a^276 + 27932126973787664644188881624*a^274 
    + 280283595667185585418146207038*a^272 + 
    216375283951540663661565638658*a^270 - 60256408189036640513347393044*a^268 +
    201311181904281503533228790397*a^266 + 215918796010714628506161491741*a^264 
    + 77602949940425976418704975890*a^262 + 304020968590139413499161846722*a^260
    - 246959975986885019073643482097*a^258 + 89928124342728925614616942649*a^256
    - 61625872011514745979559833795*a^254 - 262024078034144179201980330358*a^252
    + 239656168933668456587177131425*a^250 - 
    106361690212466191209166231661*a^248 + 139228821951940722398264809685*a^246 
    + 12781662343128984351316113676*a^244 - 35680084455916045119697104972*a^242 
    - 218657723655670839438586373243*a^240 + 
    297630137418574921323503789884*a^238 - 220483675418974980060202960911*a^236 
    + 212266892484106347262928316405*a^234 - 
    271610324791490917465467415615*a^232 + 219570699537322909749394667077*a^230 
    - 169357026046459042654938506207*a^228 + 23737372922953828081015639684*a^226
    + 83993781111990468594363032728*a^224 - 129642575194593984134777724428*a^222
    - 111383057561552577918611847748*a^220 - 58430456425732499891730805376*a^218
    - 271610324791490917465467415615*a^216 - 
    210897428661628241796715875654*a^214 - 11868686461476914040507819842*a^212 +
    198572254259325292600803908895*a^210 + 148358580768461425506347748025*a^208 
    - 73951046413817695175471800554*a^206 - 240112656874494491742581278342*a^204
    - 62538847893166816290368127629*a^202 - 167987562223980937188726065456*a^200
    + 64364799656470956911984715297*a^198 + 206332549253367890242674406484*a^196
    + 58430456425732499891730805376*a^194 + 110470081679900507607803553914*a^192
    - 145163165182679179418518719606*a^190 + 
    120969304318899316182098933005*a^188 + 210897428661628241796715875654*a^186 
    + 59799920248210605357943246127*a^184 - 7760294994042597641870497589*a^182 -
    278001155963055409641125472453*a^180 - 147445604886809355195539454191*a^178 
    - 53865577017472148337689336206*a^176 - 131925014898724159911798459013*a^174
    - 236460753347886210499348103006*a^172 + 26932788508736074168844668103*a^170
    + 8019382744241158135478256650*a^168 - 196289814555195116823783174310*a^166 
    - 22824397041301757770207345850*a^164 + 180312736626283886384638032215*a^162
    + 204050109549237714465653671899*a^160 + 
    172552441632241288742767534626*a^158 + 79885389644556152195725710475*a^156 +
    23280884982127792925611492767*a^154 + 131925014898724159911798459013*a^152 +
    143337213419375038796902131938*a^150 + 80341877585382187351129857392*a^148 -
    69842654946383378776834478301*a^146 + 16890053810563300749953435929*a^144 - 
    156575363703330058303622392531*a^142 - 286674426838750077593804263876*a^140 
    + 49300697609211796783647867036*a^138 - 202680645726759608999441231148*a^136
    - 258372174507535897958747155022*a^134 - 
    285304963016271972127591823125*a^132 - 248785927750189159695260069765*a^130 
    - 38801474970212988209352487945*a^128 + 130099063135420019290181871345*a^126
    + 164335658697372655945492890120*a^124 - 23737372922953828081015639684*a^122
    + 76689974058773906107896682056*a^120 - 89015148461076855303808648815*a^118 
    - 95862467573467382634870852570*a^116 + 113665497265682753695632582333*a^114
    + 131925014898724159911798459013*a^112 - 23280884982127792925611492767*a^110
    - 289413354483706288526229145378*a^108 - 
    233265337762103964411519074587*a^106 - 44735818200951445229606397866*a^104 +
    179399760744631816073829738381*a^102 + 16433565869737265594549289012*a^100 -
    160227267229938339546855567867*a^98 + 256089734803405722181726420437*a^96 - 
    67190089884826688008945516486*a^94 - 122795256082203456803715520673*a^92 - 
    167531074283154902033321918539*a^90 - 78972413762904081884917416641*a^88 + 
    81254853467034257661938151226*a^86 - 136489894306984511465839928183*a^84 - 
    163422682815720585634684596286*a^82 - 106818178153292226364570378578*a^80 + 
    174378393395545429364384122294*a^78 + 293978233891966640080270614548*a^76 - 
    23737372922953828081015639684*a^74 + 8246911138963151117531318202522*a^72 + 
    1441588917128619020766295963886*a^70 - 11161586641137385584786796267567*a^68
    + 917084273119504627206931156253*a^66 + 9192297664413869924373306467629*a^64
    - 2656303327666698569296730910023*a^62 + 
    8186654730774114477017970809478*a^60 - 4736518874010940772473428410792*a^58 
    - 6804409245952880026454213944802*a^56 + 
    5768638108218606258842204590129*a^54 + 3413616821497090892112210645326*a^52 
    - 6551971414676082585515720699701*a^50 - 
    6584382058474731081549415130808*a^48 - 4196493640013741183630322607981*a^46 
    - 1178651863212822771253507339694*a^44 - 
    1548863583222737282286270489381*a^42 + 1510062108252524294076918001436*a^40 
    - 5198941158067714384897829237713*a^38 - 
    5987752319815103133436195110289*a^36 - 5308498263865962822194824497793*a^34 
    + 9382196647797500549021431585101*a^32 + 
    7260897186778915181858360861802*a^30 - 5889607412537505575024303523134*a^28 
    - 5201223597771844560674849972298*a^26 + 
    9337917317537375138947229334152*a^24 + 465617699642555858512229855340*a^22 +
    6894386720343265820734279984415*a^20 + 8094444166727255375626333132244*a^18 
    - 6286751921056156160225911340924*a^16 + 164792146638198691100897037037*a^14
    + 3175786604326726576146650101569*a^12 + 
    1959246242025342886994598567764*a^10 + 5810178510833775457983981959576*a^8 +
    2229030615053529663838449395711*a^6 - 6541472192037083776941425320610*a^4 - 
    566501534565109627856546323997*a^2 + 2037174982955744681236636767380 + 
    O(a^5773) 98749445361394199563643024964*a^299 - 
    263430554392364936167279593832*a^297 + 133343828768859134043459996728*a^295 
    + 228774483425328915855651250863*a^293 - 
    225307642577433892107852189142*a^291 - 286921177077034420921049748696*a^289 
    + 130432175957103882781963275852*a^287 + 
    311460488274412364815613214045*a^285 - 84224192483145172971561181391*a^283 -
    292744482700544923444043190448*a^281 - 301491778647724894394895627317*a^279 
    + 184815928474973152106868130180*a^277 - 
    266107794477750061267893104129*a^275 + 143337213419375038796902131938*a^273 
    - 311324775643355975985628197394*a^271 - 12781662343128984351316113676*a^269
    + 266588957442404530756021799528*a^267 - 
    254263783040101581560109832769*a^265 - 295347697714444745546483055299*a^263 
    - 164335658697372655945492890120*a^261 - 
    132837990780376230222606752847*a^259 - 174378393395545429364384122294*a^257 
    + 230069922176321718323690046168*a^255 - 80798365526208222506534004309*a^253
    - 38801474970212988209352487945*a^251 - 234178313643756034722327368421*a^249
    + 296260673596096815857291349133*a^247 + 89928124342728925614616942649*a^245
    - 254263783040101581560109832769*a^243 + 71212118768861484243046919052*a^241
    - 99970859040901699033508174823*a^239 - 280283595667185585418146207038*a^237
    + 101796810804205839655124762491*a^235 + 
    120969304318899316182098933005*a^233 + 135120430484506405999627487432*a^231 
    + 226874506590539472235861017749*a^229 - 68473191123905273310622037550*a^227
    + 267958421264882636222234240279*a^225 + 
    307216384175921659586990875141*a^223 - 284848475075445936972187676208*a^221 
    - 157031851644156093459026539448*a^219 + 
    168444050164806972344130212373*a^217 + 275718716258925233864104737868*a^215 
    + 76233486117947870952492535139*a^213 - 44735818200951445229606397866*a^211 
    + 97688419336771523256487440238*a^209 + 120512816378073281026694786088*a^207
    + 262135115641372133699240798527*a^205 + 57517480544080429580922511542*a^203
    - 256089734803405722181726420437*a^201 + 1825951763304140621616587668*a^199 
    + 35149571443604706966119312609*a^197 + 47931233786733691317435426285*a^195 
    + 200398206022629433222420496563*a^193 - 83993781111990468594363032728*a^191
    - 106361690212466191209166231661*a^189 - 80341877585382187351129857392*a^187
    + 207702013075845995708886847235*a^185 - 
    153836436058373847371197511029*a^183 - 278914131844707479951933766287*a^181 
    - 275262228318099198708700590951*a^179 - 
    118230376673943105249674051503*a^177 + 139228821951940722398264809685*a^175 
    - 131468526957898124756394312096*a^173 + 
    135120430484506405999627487432*a^171 + 281653059489663690884358647789*a^169 
    - 112296033443204648229420141582*a^167 - 
    267958421264882636222234240279*a^165 - 99057883159249628722699880989*a^163 -
    201767669845107538688632937314*a^161 + 172095953691415253587363387709*a^159 
    + 150641020472591601283368482610*a^157 + 
    280740083608011620573550353955*a^155 + 123251744023029491959119667590*a^153 
    - 268871397146534706533042534113*a^151 - 
    231439385998799823789902486919*a^149 - 122338768141377421648311373756*a^147 
    + 155205899880851952837409951780*a^145 - 
    269784373028186776843850827947*a^143 + 14151126165607089817528554427*a^141 +
    259285150389187968269555448856*a^139 + 52496113194994042871476895455*a^137 +
    26476300567910039013440521186*a^135 + 108644129916596366986186966246*a^133 +
    300026282300076666120241700582*a^131 - 7303807053216562486466350672*a^129 - 
    32867131739474531189098578024*a^127 - 191724935146934765269741705140*a^125 -
    147902092827635390350943601108*a^123 - 135576918425332441155031634349*a^121 
    + 199941718081803398067016349646*a^119 + 
    195833326614369081668379027393*a^117 + 78972413762904081884917416641*a^115 -
    248785927750189159695260069765*a^113 + 87189196697772714682192061147*a^111 +
    103166274626683945121337203242*a^109 + 130099063135420019290181871345*a^107 
    + 284391987134619901816783529291*a^105 - 
    179856248685457851229233885298*a^103 + 111383057561552577918611847748*a^101 
    - 193550886910238905891358292808*a^99 + 155205899880851952837409951780*a^97 
    - 151097508413417636438772629527*a^95 + 5477855289912421864849763004*a^93 - 
    76689974058773906107896682056*a^91 + 218657723655670839438586373243*a^89 - 
    161596731052416445013068008618*a^87 - 110926569620726542763207700831*a^85 - 
    287587402720402147904612557710*a^83 + 197202790436847187134591468144*a^81 + 
    2738927644956210932424881502*a^79 + 245590512164406913607431041346*a^77 + 
    24650348804605898391823933518*a^75 + 201767669845107538688632937314*a^73 - 
    16433565869737265594549289012*a^71 + 45192306141777480385010544783*a^69 - 
    41996890555995234297181516364*a^67 + 66190751419775097533601302965*a^65 - 
    311781263584182011141032344311*a^63 - 247416463927711054229047629014*a^61 + 
    111383057561552577918611847748*a^59 + 192058047968618628761523109647*a^57 + 
    37432011147734882743140047194*a^55 - 170270001928111112965746800041*a^53 + 
    136033406366158476310435781266*a^51 + 193094398969412870735954145891*a^49 - 
    228700458353843612857477605417*a^47 + 296717161536922851012695496050*a^45 + 
    258828662448361933114151301939*a^43 - 52039625254168007716072748538*a^41 + 
    285304963016271972127591823125*a^39 + 302651504767661308032949405971*a^37 + 
    10679991863565918495835421270132*a^35 + 
    10001650783498430254904858951470*a^33 - 2005351524048772437690417406381*a^31
    - 419968905559952342971815163640*a^29 + 1610945943175078063421234470093*a^27
    + 11455564875029352224867066882115*a^25 + 
    3652360014549107278388579482917*a^23 - 3954555031375942551266124741971*a^21 
    - 6742326886000539245319249964090*a^19 + 
    4872552280377099248783864192058*a^17 - 2401126568744944917425812783420*a^15 
    - 269784373028186776843850827947*a^13 - 2323067130863692905851703660613*a^11
    - 6055769022998182371591413000922*a^9 - 4541598523278223761115857677233*a^7 
    - 6096396449731699500422382076535*a^5 + 6638247635492203229887104467014*a^3 
    - 9861965473605663497351189994868*a + 6947732085662742904346713088459 + 
    O(a^5736) 166161610460676796567109477788*a^299 + 
    200558593677514256385130061696*a^297 - 63636886453532144096610535078*a^295 -
    301356066016668505564910610666*a^293 - 238989943290300729603614322411*a^291 
    - 189837295824059538816313746267*a^289 + 
    171602453214846566932872418069*a^287 + 42885191413818870275265261716*a^285 -
    224939517897615088008826492870*a^283 + 101636423149321016492415197358*a^281 
    - 77738662571482365248689992541*a^279 - 121277742116754745341155789030*a^277
    - 264269505202531703479914242220*a^275 + 42909866437647304607989810198*a^273
    - 94949491691815312324062558736*a^271 - 287587402720402147904612557710*a^269
    - 211810404543280312107524169488*a^267 + 37432011147734882743140047194*a^265
    + 91754076106033066236233530317*a^263 + 304020968590139413499161846722*a^261
    - 271610324791490917465467415615*a^259 + 
    186703567797848378560296089053*a^257 + 171182977809763183276555093875*a^255 
    - 236004265407060175343943956089*a^253 + 
    242395096578624667519602012927*a^251 - 310411799761703905674819903560*a^249 
    + 117317400792291034938865757669*a^247 + 
    261111102152492108891172036524*a^245 + 113209009324856718540228435416*a^243 
    - 208158501016672030864290994152*a^241 - 
    146532629005157284884731160357*a^239 - 144250189301027109107710425772*a^237 
    + 216375283951540663661565638658*a^235 - 
    253807295099275546404705685852*a^233 - 203593621608411679310249524982*a^231 
    + 207702013075845995708886847235*a^229 + 
    141054773715244863019881397353*a^227 - 271610324791490917465467415615*a^225 
    - 62082359952340781134963980712*a^223 - 6847319112390527331062203755*a^221 +
    246047000105232948762835188263*a^219 - 207245525135019960553482700318*a^217 
    - 305846920353443554120778434390*a^215 - 58886944366558535047134952293*a^213
    - 188529519561152519181912676721*a^211 - 
    157488339584982128614430686365*a^209 - 121425792259725351337503079922*a^207 
    + 206320211741453673076312132243*a^205 + 
    264763005679100390134405211860*a^203 + 207702013075845995708886847235*a^201 
    - 152923460176721777060389217195*a^199 + 40170938792691093675564928696*a^197
    - 119143352555595175560482345337*a^195 + 
    136489894306984511465839928183*a^193 - 183964640152892167627871207551*a^191 
    - 199028742200151327756208055812*a^189 + 
    101796810804205839655124762491*a^187 - 226418018649713437080456870832*a^185 
    + 197202790436847187134591468144*a^183 + 26019812627084003858036374269*a^181
    + 185334103975370273094083648302*a^179 - 
    193550886910238905891358292808*a^177 - 290782818306184393992441586129*a^175 
    - 99057883159249628722699880989*a^173 + 180769224567109921540042179132*a^171
    - 266588957442404530756021799528*a^169 - 
    172095953691415253587363387709*a^167 - 14607614106433124972932701344*a^165 +
    251524855395145370627684951267*a^163 - 239656168933668456587177131425*a^161 
    + 198572254259325292600803908895*a^159 - 99514371100075663878104027906*a^157
    - 123251744023029491959119667590*a^155 + 
    138772334011114687242860662768*a^153 - 125990671667985702891544549092*a^151 
    - 92667051987685136547041824151*a^149 + 70299142887209413932238625218*a^147 
    + 240569144815320526897985425259*a^145 + 
    146989116945983320040135307274*a^143 - 181225712507935956695446326049*a^141 
    - 254720270980927616715513979686*a^139 - 34236595561952636655311018775*a^137
    + 225505042768061366769648576998*a^135 - 69842654946383378776834478301*a^133
    - 291389357067588746036035554896*a^131 - 
    302651504767661308032949405971*a^129 - 112296033443204648229420141582*a^127 
    + 166618098401502831722513624705*a^125 + 
    115034961088160859161845023084*a^123 + 246047000105232948762835188263*a^121 
    + 30128204094518320256673696522*a^119 + 168900538105633007499534359290*a^117
    - 184421128093718202783275354468*a^115 - 10042734698172773418891232174*a^113
    - 118230376673943105249674051503*a^111 - 
    291695794187836464303249879963*a^109 + 293065258010314569769462320714*a^107 
    + 136489894306984511465839928183*a^105 - 912975881652070310808293834*a^103 -
    145619653123505214573922866523*a^101 + 260198126270840038580363742690*a^99 +
    185334103975370273094083648302*a^97 + 226874506590539472235861017749*a^95 - 
    71212118768861484243046919052*a^93 - 102709786685857909965933056325*a^91 - 
    180769224567109921540042179132*a^89 + 13694638224781054662124407510*a^87 + 
    173921905454719394208979975377*a^85 + 200398206022629433222420496563*a^83 + 
    124164719904681562269927961424*a^81 + 148815068709287460661751894942*a^79 + 
    294891209773618710391078908382*a^77 - 20998445277997617148590758182*a^75 + 
    21454933218823652303994905099*a^73 + 217288259833192733972373932492*a^71 + 
    145619653123505214573922866523*a^69 - 194920350732717011357570733559*a^67 + 
    190811959265282694958933411306*a^65 - 178030296922153710607617297630*a^63 + 
    13694638224781054662124407510*a^61 + 165705122519850761411705330871*a^59 + 
    15582277547656281115552366383*a^57 + 200854693963455468377824643480*a^55 + 
    68473191123905273310622037550*a^53 - 213636356306584452729140757156*a^51 - 
    114578473147334824006440876167*a^49 - 39714450851865058520160781779*a^47 + 
    136033406366158476310435781266*a^45 - 61169384070688710824155686878*a^43 + 
    133294478721202265378010899764*a^41 - 263850029797448319823596918026*a^39 - 
    63908311715644921756580568380*a^37 - 5742618295591522254984168215860*a^35 - 
    3221435398409330091687064793269*a^33 - 3846823877340998254590746069559*a^31 
    + 2514792066010627671121445365753*a^29 - 
    8576038944298722464577708129679*a^27 - 7556244884493359927404843917101*a^25 
    + 6290860312523590476624548663177*a^23 - 
    9531468204447614044838587626960*a^21 + 4945133862968438838493123551861*a^19 
    + 5279283035653096572248959095105*a^17 + 
    7324805498494560103614941430182*a^15 - 6949572411135559205872732664408*a^13 
    + 954972772208065545105475350364*a^11 - 8126854810525903871660027563351*a^9 
    + 6196823796713427234611294398275*a^7 + 6718133025136759382082830177489*a^5 
    + 4871182816554621143317651751307*a^3 - 7721493519072384653661145101055*a - 
    1997154264215284663804009621907 + O(a^5736))
IP1P2 after rounding  (222182620532245630101396498391*37 + O(37^20) 
    120829184036375368320865383319*37 + O(37^20) 
    78124200130331088277357897659*37 + O(37^20) 
    -61997772081634470985231289606*37 + O(37^20) 3745515495917401713476507465102
    + O(37^20) 2037174982955744681236636767380 + O(37^20) 
    6947732085662742904346713088459 + O(37^20) -1997154264215284663804009621907 
    + O(37^20))
ZERO in disk 10 : x = 205762229656726767047448567374 + O(37^19) , inf = false
IP1P2 before rounding ((3106051985971159585529312295*a^298 - 
    2052695225511375030436762908*a^296 + 4964014590998674476626395291*a^294 - 
    114038623639520835024264606*a^292 - 317440847090128172348245336*a^290 - 
    6947352992776071923188751655*a^288 - 5327471023066153161352852661*a^286 - 
    1806611879762935333805455074*a^284 + 7344154051638732138624058325*a^282 + 
    1196071763143161506526424391*a^280 - 6967359768853180841614061235*a^278 + 
    4299789625238658384906117235*a^276 - 6351151065678226154114526171*a^274 + 
    3281778169181766252364948106*a^272 - 2738927644956210932424881502*a^270 + 
    7908345137013203638217788481*a^268 - 2183739608816438446122540657*a^266 + 
    2652565061556690767888961815*a^264 + 4268779122319139561346887386*a^262 + 
    6403168683478709342020331079*a^260 + 727913202938812815374180219*a^258 + 
    7168094422160173656481334021*a^256 - 505837988482903820853243881*a^254 - 
    4811629646544694881286953990*a^252 + 7970032696584289470029159686*a^250 - 
    308437797855429159056856025*a^248 + 3121390514296943089655382973*a^246 - 
    6909006671961613162873574960*a^244 - 7121078498378967698181856508*a^242 - 
    764925738681464314461002942*a^240 + 8315483030182370128172838434*a^238 - 
    962325929308938976257390798*a^236 - 4996692325257952376721067605*a^234 + 
    4034366395949013400463676807*a^232 - 2726590133041993766062607261*a^230 + 
    1616214060762448793457925571*a^228 - 6279793564336537678397588669*a^226 + 
    2961002859412119926945817840*a^224 - 5712268016282548025732973583*a^222 + 
    6785631552819441499250832550*a^220 + 4972017301429518043996519123*a^218 - 
    6822644088562092998337655273*a^216 + 3799953669578887239580466228*a^214 + 
    1936989370532095118877055837*a^212 + 1813614251389923455254313427*a^210 + 
    3491515871723458080523610203*a^208 + 2948665347497902760583543599*a^206 - 
    7896007625098986471855514240*a^204 - 8278470494439718629086015711*a^202 - 
    1455826405877625630748360438*a^200 - 4922667253772649378547422159*a^198 - 
    2270102192215958610658460344*a^196 - 4811629646544694881286953990*a^194 + 
    5675255480539896526646150860*a^192 - 1283101239078585301676521064*a^190 - 
    6378493659650275009295782597*a^188 + 5724605528196765192095247824*a^186 - 
    3701253574265149908682272300*a^184 + 7414844660444516983726818841*a^182 - 
    5724605528196765192095247824*a^180 - 8438858149324541791795580844*a^178 + 
    6477193754964012340193976525*a^176 + 1283101239078585301676521064*a^174 - 
    925313393566287477170568075*a^172 - 6649918921763052669265815899*a^170 + 
    6086394728924484800286262729*a^168 - 6390831171564492175658056838*a^166 - 
    5613567920968810694834779655*a^164 - 6181093469022800347499394741*a^162 + 
    579863059968206819026889327*a^160 - 4194754050833836563173241940*a^158 + 
    5157079980142775539430632738*a^156 + 1406476358220756965299263474*a^154 - 
    5083054908657472541256987292*a^152 - 2689577597299342266975784538*a^150 + 
    3898653764892624570478660156*a^148 + 4453841801032397056781001001*a^146 + 
    2763602668784645265149429984*a^144 - 1122713584193762138966955931*a^142 + 
    7057056814932219159220865852*a^140 + 8093407815726461133651902096*a^138 + 
    838950810166767312634648388*a^136 + 6193430980937017513861668982*a^134 + 
    3232428121524897586915851142*a^132 - 555188036139772486302340845*a^130 - 
    4786954622716260548562405508*a^128 + 3220090609610680420553576901*a^126 - 
    2516852430500301937903945164*a^124 - 7402507148530299817364544600*a^122 - 
    1196738655679065137140601377*a^120 + 5638242944797245027559328137*a^118 + 
    3355803240667069250538593552*a^116 + 4367479217632876892245081314*a^114 - 
    8068732791898026800927353614*a^112 + 678563155281944149925083255*a^110 - 
    900638369737853144446019593*a^108 + 4157741515091185064086419217*a^106 + 
    1505176453534494296197457402*a^104 + 4182416538919619396810967699*a^102 - 
    5884993183081588354804812957*a^100 + 320775309769646325419130266*a^98 + 
    7908345137013203638217788481*a^96 - 390799026039527539907713796*a^94 - 
    2812952716441513930598526948*a^92 - 4231766586576488062260064663*a^90 - 
    6144080933280148848412572018*a^88 - 752588226767247148098728701*a^86 - 
    2985677883240554259670366322*a^84 - 222075214455908994520936338*a^82 - 
    7723282458299946142783674866*a^80 + 4046703907863230566825951048*a^78 - 
    2504514918586084771541670923*a^76 + 1221413679507499469865149859*a^74 - 
    17642642037330547898052164630*a^72 - 177080308504758988797722181073*a^70 - 
    82056791741458373475485976891*a^68 + 145730690730733169071183334692*a^66 - 
    67547877730338985833451469475*a^64 + 54346739982126617825818031605*a^62 + 
    299678164396334970939641313890*a^60 - 70434855518265802762223641869*a^58 - 
    222593389956306115508151856122*a^56 + 288488041090140001049058577303*a^54 + 
    54075314720013840165847998303*a^52 - 178091984481724796439428668835*a^50 + 
    28573677593326957295027142156*a^48 + 93543015333594555358763295262*a^46 - 
    127446498073863328522292909530*a^44 - 244467798580213151468464085415*a^42 - 
    288549728649711086880869948508*a^40 + 137489232772036101941184141704*a^38 + 
    259963713544469912419480532111*a^36 - 38912512577440942706612956114*a^34 + 
    272276550434858644449030224629*a^32 - 259420863020244357099540465507*a^30 + 
    28820427831611300622272626976*a^28 - 21602983361794258300342195991*a^26 - 
    101525385542093061995154729189*a^24 - 159585716610399046896017307335*a^22 - 
    265409891438926911830156888280*a^20 - 238767868075844820609093386073*a^18 + 
    141116461274815948851692768558*a^16 + 229156946294669648012881752334*a^14 + 
    121265404604840528174793514789*a^12 - 244393773508727848470290439969*a^10 + 
    265108456012698470792548890608*a^8 - 65512188264493153383676219710*a^6 - 
    237052953919768634484737266574*a^4 + 210675353447172332802194939316*a^2 - 
    214680167792518817871166765727)*a^300 + O(a^5773) 
    (3807622933741778991643501567*a^298 + 2309782298102224632201991011*a^296 + 
    149383928042413257575644864*a^294 - 7908345137013203638217788481*a^292 - 
    5626905771686883307118319375*a^290 - 2101044934364388249964594393*a^288 + 
    7329148969580900449805076140*a^286 - 5330472039477719499116649098*a^284 - 
    5540209742019411327275311195*a^282 - 3858306766470454918320952503*a^280 + 
    6594233395015099512982037568*a^278 - 2291442753364874790312123896*a^276 - 
    931648872657371968005249442*a^274 + 4848642182287346380373776713*a^272 - 
    3318790704924417751451770829*a^270 + 2183739608816438446122540657*a^268 - 
    6884331648133178830149026478*a^266 - 3602553478951412577784078372*a^264 - 
    2208414632644872778847089139*a^262 - 2738927644956210932424881502*a^260 - 
    7686269922557294643696852143*a^258 - 7673932410643077477334577902*a^256 - 
    5564217873311942029385682691*a^254 + 592200571882423985389163568*a^252 - 
    6144080933280148848412572018*a^250 + 6884331648133178830149026478*a^248 + 
    283762774026994826332307543*a^246 - 2714252621127776599700333020*a^244 + 
    6816308609471008507502973906*a^242 - 6082393373709063016601200813*a^240 + 
    6970694231532698994684946165*a^238 - 8278470494439718629086015711*a^236 - 
    308437797855429159056856025*a^234 - 6538881314535098172005347730*a^232 - 
    222075214455908994520936338*a^230 + 8118082839554895466376450578*a^228 + 
    3047365442811640091481737527*a^226 + 3701253574265149908682272300*a^224 - 
    7377832124701865484639996118*a^222 + 333112821683863491781404507*a^220 - 
    616875595710858318113712050*a^218 - 5835643135424719689355715993*a^216 + 
    6773294040905224332888558309*a^214 + 6662256433677269835628090140*a^212 + 
    6526543802620881005643073489*a^210 + 4737604575059391883113308544*a^208 + 
    8303145518268152961810564193*a^206 + 6946019207704264661960397683*a^202 + 
    2553864966242953436990767887*a^200 - 1295438750992802468038795305*a^198 - 
    1566864013105580128008828607*a^196 + 2109714537331135447948895211*a^194 - 
    5564217873311942029385682691*a^192 + 3713591086179367075044546541*a^190 - 
    4959679789515300877634244882*a^188 - 3170740561953811755104479937*a^186 + 
    6094730885623280182963475054*a^184 - 2023351953931615283412975524*a^182 - 
    3824628693407321572305014710*a^180 - 1332451286735453967125618028*a^178 + 
    1505176453534494296197457402*a^176 + 518175500397120987215518122*a^174 + 
    4009691372120579067739128325*a^172 + 6637581409848835502903541658*a^170 - 
    6237445888306657134397350058*a^168 - 7007706767275350493771768888*a^166 - 
    7118744374503304991032237057*a^164 - 6144080933280148848412572018*a^162 + 
    1135051096107979305329230172*a^160 + 7118744374503304991032237057*a^158 + 
    949988417394721809895116557*a^156 - 1887639322875226453427958873*a^154 + 
    2122052049245352614311169452*a^152 + 7143419398331739323756785539*a^150 + 
    8303145518268152961810564193*a^148 - 8204445422954415630912370265*a^146 - 
    7476532220015602815538190046*a^144 + 5416167730341336033038391799*a^142 - 
    1517513965448711462559731643*a^140 - 5033704861000603875807890328*a^138 - 
    6440181219221360841107153802*a^136 - 135712631056388829985016651*a^134 + 
    5144742468228558373068358497*a^132 + 5465517777998204698487488763*a^130 + 
    5551880361397724863023408450*a^128 - 1221413679507499469865149859*a^126 - 
    1270763727164368135314246823*a^124 + 6316806100079189177484411392*a^122 + 
    6489531266878229506556250766*a^120 - 370125357426514990868227230*a^116 - 
    8007045232326940969115982409*a^114 + 5243442563542295703966552425*a^112 + 
    4737604575059391883113308544*a^110 - 1899976834789443619790233114*a^108 + 
    5971355766481108519340732644*a^106 + 5835643135424719689355715993*a^104 + 
    1085701048451110639880133208*a^102 + 2652565061556690767888961815*a^100 + 
    2590877501985604936077590610*a^98 + 1677901620333534625269296776*a^96 + 
    7822649446149587104296045780*a^94 - 2233089656473307111571637621*a^92 + 
    2961002859412119926945817840*a^90 + 7525882267672471480987287010*a^88 - 
    1468163917791842797110634679*a^86 + 6649918921763052669265815899*a^84 - 
    7266794517473910987379527949*a^82 + 4429166777203962724056452519*a^80 - 
    7612244851071991645523206697*a^78 - 5687592992454113693008425101*a^76 - 
    1246088703335933802589698341*a^74 - 85671682732324003219632329504*a^72 - 
    131271126767270650094597924240*a^70 - 56419441983715101774680104093*a^68 + 
    185728904356625222417676424014*a^66 + 21047795325654485814039855146*a^64 - 
    236263353157258735837551715150*a^62 + 40824826924144603492765463469*a^60 - 
    192884661266871178907795483794*a^58 - 107743491546858513841740946653*a^56 - 
    292238644712062019623189946567*a^54 - 74901034831212416985366917111*a^52 + 
    39874838506749881682870346912*a^50 - 8525220732724061956331500531*a^48 - 
    81538616241061252488270458769*a^46 + 75628948034151229800741097330*a^44 + 
    137045082343124283952142269028*a^42 + 217411634952334905635996674902*a^40 + 
    128149736252973707004942541267*a^38 - 120142691020646766035826558858*a^36 + 
    56135679209688106948347796550*a^34 - 167864187104838765525103323046*a^32 + 
    19752356574661683346001059841*a^30 - 256657260351459711834391035523*a^28 - 
    261172789712063194722983407729*a^26 - 121475142307382220002952176886*a^24 + 
    175932919896736792326030676660*a^22 + 190635899635804136476790687002*a^20 + 
    270734361445581498653745944504*a^18 + 61773922154485351975907124687*a^16 + 
    217485660023820208634170320348*a^14 + 225184267458291720444229446732*a^12 + 
    115442098981330025651800073037*a^10 + 239026955826043381102701145134*a^8 - 
    212476630186648039091086978502*a^6 + 238804880611587472108180208796*a^4 + 
    307487809438034437246960908443*a^2 + 36313132427340857962240991693)*a^300 + 
    O(a^5773) (-3678912674312378283107343269*a^299 + 
    2677906977921028731227687283*a^297 - 7833986619259948824737054542*a^295 + 
    1405142573148949704070909502*a^293 + 8124084872378028141904043452*a^291 - 
    8050393247160676959037486499*a^289 + 4915664882145661257098563806*a^287 - 
    6193764427204969329168757475*a^285 - 1899336978437427974200955195*a^283 + 
    7088067317851737982780095701*a^281 + 841618380310381835091356332*a^279 + 
    2799948311991393133622075721*a^277 - 7093735904406918843000600082*a^275 - 
    5613567920968810694834779655*a^273 - 6884331648133178830149026478*a^271 - 
    4762279598887826215837857026*a^269 + 5243442563542295703966552425*a^267 - 
    1246088703335933802589698341*a^265 - 7834320065527900640044143035*a^263 - 
    6193430980937017513861668982*a^261 + 3651903526608281243233175336*a^259 + 
    2220752144559089945209363380*a^257 + 7427182172358734150089093082*a^255 + 
    8266132982525501462723741470*a^253 + 3898653764892624570478660156*a^251 - 
    2159064584988004113397992175*a^249 - 777263250595681480823277183*a^247 - 
    6637581409848835502903541658*a^245 - 3664241038522498409595449577*a^243 + 
    3331128216838634917814045070*a^241 + 8229120446782849963636918747*a^239 - 
    1468163917791842797110634679*a^237 - 4972017301429518043996519123*a^235 + 
    4293454146147573894071435868*a^233 - 3257103145353331919640399624*a^231 - 
    5959018254566891352978458403*a^229 + 962325929308938976257390798*a^227 + 
    863625833995201645359196870*a^225 + 518175500397120987215518122*a^223 - 
    6267456052422320512035314428*a^221 + 4959679789515300877634244882*a^219 + 
    1838289275218357787978861909*a^217 + 4441504289118179890418726760*a^215 - 
    1603876548848231627095651330*a^213 + 7501207243844037148262738528*a^211 - 
    7747957482128380475508223348*a^209 + 4083716443605882065912773771*a^207 - 
    991669200888698723281178182*a^205 - 1443488893963408464386086197*a^203 - 
    3318790704924417751451770829*a^201 - 7353157100873431151915447636*a^199 + 
    1924651858617877952514781596*a^197 + 4170079027005402230448693458*a^195 + 
    7094069350674870658307688575*a^193 - 246750238284343327245484820*a^191 - 
    6711606481334138501077187104*a^189 + 1085701048451110639880133208*a^187 + 
    1739589179904620457080667981*a^185 - 4959679789515300877634244882*a^183 - 
    246750238284343327245484820*a^181 - 5786293087767851023906619029*a^179 - 
    4281116634233356727709161627*a^177 - 7377832124701865484639996118*a^175 + 
    8068732791898026800927353614*a^173 + 1838289275218357787978861909*a^171 - 
    8204445422954415630912370265*a^169 + 8130420351469112632738724819*a^167 + 
    4318129169976008226795984350*a^165 + 974663441223156142619665039*a^163 - 
    1862964299046792120703410391*a^161 + 320775309769646325419130266*a^159 + 
    4947342277601083711271970641*a^157 - 542850524225555319940066604*a^155 - 
    6070055861794845850238926572*a^153 + 37012535742651499086822723*a^151 + 
    5551880361397724863023408450*a^149 - 7772632505956814808232771830*a^147 - 
    7994707720412723802753708168*a^145 - 5428505242255553199400666040*a^143 + 
    1246088703335933802589698341*a^141 + 5021367349086386709445616087*a^139 - 
    6871994136218961663786752237*a^137 + 7575232315329340146436383974*a^135 - 
    2442827359014998939730299718*a^133 + 7625735906832096172947841130*a^131 - 
    777263250595681480823277183*a^129 + 2800615204527296764236252707*a^127 - 
    7254457005559693821017253708*a^125 - 4305791658061791060433710109*a^123 + 
    4811629646544694881286953990*a^121 - 1875301810961009287065684632*a^119 + 
    1714914156076186124356119499*a^117 + 8266132982525501462723741470*a^115 - 
    8142757863383329799100999060*a^113 - 3010352907068988592394914804*a^111 + 
    6489531266878229506556250766*a^109 - 3047365442811640091481737527*a^107 - 
    6218106004765451846586217464*a^105 - 7649257386814643144610029420*a^103 + 
    493500476568686654490969640*a^101 + 4046703907863230566825951048*a^99 + 
    3836966205321538738667288951*a^97 - 7970032696584289470029159686*a^95 + 
    1036351000794241974431036244*a^93 + 6033043326052194351152103849*a^91 + 
    6612906386020401170178993176*a^89 + 1665564108419317458907022535*a^87 - 
    703238179110378482649631737*a^85 + 900638369737853144446019593*a^83 - 
    456487940826035155404146917*a^81 - 345450333598080658143678748*a^79 - 
    1776601715647271956167490704*a^77 + 1936989370532095118877055837*a^75 + 
    4762279598887826215837857026*a^73 - 6600568874106184003816718935*a^71 - 
    1579201525019797294371102848*a^69 - 7402507148530299817364544600*a^67 - 
    4947342277601083711271970641*a^65 + 5551880361397724863023408450*a^63 - 
    4478516824860831389505549483*a^61 - 86362583399520164535919687*a^59 + 
    7228448196659452227064351254*a^57 - 1949326882446312285239330078*a^55 + 
    7599907339157774479160932456*a^53 + 7402507148530299817364544600*a^51 + 
    2862302764098382596047623912*a^49 - 4515529360603482888592372206*a^47 - 
    2973340371326337093308092081*a^45 - 6871994136218961663786752237*a^43 + 
    2282439704130175777020734585*a^41 + 616875595710858318113712050*a^39 + 
    5144742468228558373068358497*a^37 - 210983791245027761961251795341*a^35 + 
    77788012619139233914139089505*a^33 + 181238050019850173861808600290*a^31 - 
    230588097676718839310905564290*a^29 + 65709588455120628045472607566*a^27 - 
    192859986243042744575070935312*a^25 - 86547646078233422031353800615*a^23 + 
    27870439414216578812377510419*a^21 + 149123506507142889820808750967*a^19 + 
    302417092041291181872066195392*a^17 + 116244037255754141465347898702*a^15 + 
    192526873421358881083289530805*a^13 - 172478416560755985744593889180*a^11 - 
    106275327629066671044630311974*a^9 - 204827372799833395946476949082*a^7 + 
    274213539805390739567907280466*a^5 - 14212813725178175649339925632*a^3 + 
    48054608905875862981058168695*a + 210591635600694722516040884301)*a^300 + 
    O(a^5736) (2172735881974028540988620388*a^299 + 
    1702243197894017142686756765*a^297 - 1039018570937856496887744188*a^295 + 
    1572866045928712803536421481*a^293 + 1022679703808217546840408031*a^291 + 
    2025686077807277990562594975*a^289 + 7605575925712955339381436837*a^287 - 
    7470530187192470140010597172*a^285 + 4082463767085738759759117000*a^283 + 
    7526882606476326926908552489*a^281 + 5353479831966394755305755115*a^279 - 
    5538542510679652250739868730*a^277 + 8329821219704298186377643633*a^275 + 
    7439519684272951316451367323*a^273 - 7168094422160173656481334021*a^271 - 
    8401845613581890292708758121*a^269 - 8377170589753455959984209639*a^267 - 
    8414183125496107459071032362*a^265 + 5255780075456512870328826666*a^263 - 
    5860318159253154022080264475*a^261 + 3392815776409720749625416275*a^259 - 
    8253795470611284296361467229*a^257 + 3047365442811640091481737527*a^255 - 
    2627890037728256435164413333*a^253 - 8204445422954415630912370265*a^251 - 
    3664241038522498409595449577*a^249 - 1468163917791842797110634679*a^247 + 
    8290808006353935795448289952*a^245 + 6131743421365931682050297777*a^243 - 
    2442827359014998939730299718*a^241 + 7205106957902825155568156744*a^239 - 
    1665564108419317458907022535*a^237 + 357787845512297824505952989*a^235 - 
    4034366395949013400463676807*a^233 + 493500476568686654490969640*a^231 + 
    7205106957902825155568156744*a^229 - 2220752144559089945209363380*a^227 + 
    542850524225555319940066604*a^225 + 2245427168387524277933911862*a^223 - 
    5724605528196765192095247824*a^221 + 2072702001588483948862072488*a^219 - 
    7020044279189567660134043129*a^217 + 987000953137373308981939280*a^215 + 
    172725166799040329071839374*a^213 + 6255118540508103345673040187*a^211 + 
    8278470494439718629086015711*a^209 + 7933020160841637970942336963*a^207 - 
    2720921546486812905842102880*a^205 - 6119405909451714515688023536*a^203 - 
    3220090609610680420553576901*a^201 - 5329805146941815868502472112*a^199 - 
    3787616157664670073218191987*a^197 + 2936327835583685594221269358*a^195 + 
    5502530313740856197574311486*a^193 - 4009691372120579067739128325*a^191 - 
    2652565061556690767888961815*a^189 + 3133728026211160256017657214*a^187 + 
    8241457958697067129999192988*a^185 + 1073363536536893473517858967*a^183 + 
    2011014442017398117050701283*a^181 - 7192769445988607989205882503*a^179 + 
    5860318159253154022080264475*a^177 - 5823305623510502522993441752*a^175 + 
    160387654884823162709565133*a^173 + 2627890037728256435164413333*a^171 - 
    1369463822478105466212440751*a^169 + 4564879408260351554041469170*a^167 - 
    1455826405877625630748360438*a^165 - 2344127263701261608832105790*a^163 + 
    6600568874106184003816718935*a^161 + 4219429074662270895897790422*a^159 - 
    2652565061556690767888961815*a^157 + 7032381791103784826496317370*a^155 - 
    7180431934074390822843608262*a^153 - 4823967158458912047649228231*a^151 - 
    2159064584988004113397992175*a^149 - 1233751191421716636227424100*a^147 + 
    3133728026211160256017657214*a^145 - 2159064584988004113397992175*a^143 + 
    3738266110007801407769095023*a^141 - 8377170589753455959984209639*a^139 + 
    7575232315329340146436383974*a^137 + 8192107911040198464550096024*a^135 - 
    3701253574265149908682272300*a^133 + 831110316839251655413918958*a^131 - 
    4157741515091185064086419217*a^129 - 4972017301429518043996519123*a^127 - 
    4318129169976008226795984350*a^125 + 8414183125496107459071032362*a^123 + 
    3281778169181766252364948106*a^121 - 5712268016282548025732973583*a^119 - 
    1431151382049191298023811956*a^117 + 7575232315329340146436383974*a^115 + 
    6723943993248355667439461345*a^113 + 2442827359014998939730299718*a^111 + 
    715575691024595649011905978*a^109 + 1924651858617877952514781596*a^107 + 
    2738927644956210932424881502*a^105 + 2196077120730655612484814898*a^103 + 
    6785631552819441499250832550*a^101 - 5551880361397724863023408450*a^99 - 
    3910991276806841736840934397*a^97 - 7513544755758254314625012769*a^95 + 
    2973340371326337093308092081*a^93 - 3775278645750452906855917746*a^91 - 
    3133728026211160256017657214*a^89 - 3985016348292144735014579843*a^87 - 
    123375119142171663622742410*a^85 + 3651903526608281243233175336*a^83 - 
    7390169636616082651002270359*a^81 - 8204445422954415630912370265*a^79 + 
    3207753097696463254191302660*a^77 - 7020044279189567660134043129*a^75 - 
    7143419398331739323756785539*a^73 + 5687592992454113693008425101*a^71 - 
    1665564108419317458907022535*a^69 - 4897992229944215045822873677*a^67 - 
    1135051096107979305329230172*a^65 - 1061026024622676307155584726*a^63 + 
    6526543802620881005643073489*a^61 + 1517513965448711462559731643*a^59 - 
    1594873499613532613804262019*a^57 + 1492838941620277129835183161*a^55 + 
    666225643367726983562809014*a^53 + 5810968111596285356631167511*a^51 + 
    4404491753375528391331904037*a^49 + 3281778169181766252364948106*a^47 - 
    7192769445988607989205882503*a^45 + 5773955575853633857544344788*a^43 + 
    4564879408260351554041469170*a^41 + 4157741515091185064086419217*a^39 - 
    246750238284343327245484820*a^37 + 48054608905875862981058168695*a^35 + 
    100081896648129653530768642992*a^33 + 199189129855036150918917620945*a^31 + 
    305193032221990044303577899617*a^29 + 140487248167190873367216782267*a^27 - 
    118267389209685756748760874226*a^25 + 6625243897934618336541267417*a^23 - 
    304539144090536534486377364844*a^21 - 142103462227953322160674707838*a^19 + 
    261999403010315744869255781876*a^17 - 242888597055193354174092982567*a^15 - 
    300159327360989440427770009289*a^13 - 272054475220402735454509288291*a^11 - 
    103079912043284424956801283555*a^9 - 95344292073070261647655334448*a^7 + 
    120956966806985099015736658764*a^5 + 309708561582593527192170271823*a^3 - 
    184347103022232899785101709022*a - 235593162520305264498895571389)*a^300 + 
    O(a^5736) -257545561209283347812474780875*a^298 - 
    169480401165601214318561248617*a^296 + 259692288282357134759510498809*a^294 
    + 102364336352259829307789377577*a^292 + 
    282368635180688286533370553767*a^290 + 53557139219616719178632480181*a^288 +
    66215426443603531866325851447*a^286 + 16791353715249563419055242001*a^284 + 
    11942711532962217038681465288*a^282 - 88262560234309608155709920114*a^280 - 
    50744186503175205248033953233*a^278 + 49041609859013236290040107975*a^276 + 
    9179108864177571773532035304*a^274 - 273892764495621093242488150200*a^272 - 
    131012039017072089600990165179*a^270 + 300825553004357167411332818303*a^268 
    - 210440940720802206641311728737*a^266 + 
    140141797833592792709073103519*a^264 + 10499222638998808574295379091*a^262 +
    33780107621126601499906871858*a^260 + 185334103975370273094083648302*a^258 -
    54778552899124218648497630040*a^256 + 189442495442804589492720970555*a^254 +
    236460753347886210499348103006*a^252 + 45648794082603515540414691700*a^250 -
    1369463822478105466212440751*a^248 - 178943272803805780918425591464*a^246 - 
    170270001928111112965746800041*a^244 + 116404424910638964628057463835*a^242 
    + 170270001928111112965746800041*a^240 - 
    222309627182279120681819548579*a^238 - 191268447206108730114337558223*a^236 
    - 113209009324856718540228435416*a^234 - 11412198520650878885103672925*a^232
    + 182595176330414062161658766800*a^230 - 
    305390432412617518965374287473*a^228 - 81711341407860292817342298143*a^226 -
    197202790436847187134591468144*a^224 - 75320510236295800641684241305*a^222 -
    141511261656070898175285544270*a^220 + 57060992603254394425518364625*a^218 +
    293065258010314569769462320714*a^216 + 241938608637798632364197866010*a^214 
    - 150641020472591601283368482610*a^212 - 
    281196571548837655728954500872*a^210 - 285761450957098007282995970042*a^208 
    + 189442495442804589492720970555*a^206 + 
    227787482472191542546669311583*a^204 + 298999601241053026789716230635*a^202 
    - 91297588165207031080829383400*a^200 + 82624317289512363128150591977*a^198 
    + 147902092827635390350943601108*a^196 - 
    148815068709287460661751894942*a^194 - 262024078034144179201980330358*a^192 
    - 127360135490463808357756989843*a^190 + 14151126165607089817528554427*a^188
    - 300825553004357167411332818303*a^186 - 
    305390432412617518965374287473*a^184 + 237373729229538280810156396840*a^182 
    - 9586246757346738263487085257*a^180 + 53865577017472148337689336206*a^178 +
    134207454602854335688819193598*a^176 - 263393541856622284668192771109*a^174 
    - 92667051987685136547041824151*a^172 - 202680645726759608999441231148*a^170
    + 255275459017067389201816320531*a^168 - 47474745845907656162031279368*a^166
    - 2282439704130175777020734585*a^164 - 214549332188236523039949050990*a^162 
    - 47474745845907656162031279368*a^160 - 67103727301427167844409596799*a^158 
    + 7760294994042597641870497589*a^156 + 54322064958298183493093483123*a^154 -
    218201235714844804283182226326*a^152 - 244221048341928808141218600595*a^150 
    - 301738528886009237722141112137*a^148 + 63451823774818886601176421463*a^146
    + 245590512164406913607431041346*a^144 - 
    307672872116747694742395022058*a^142 + 293978233891966640080270614548*a^140 
    + 17803029692215371060761729763*a^138 - 295347697714444745546483055299*a^136
    + 211810404543280312107524169488*a^134 - 
    141511261656070898175285544270*a^132 + 111839545502378613074015994665*a^130 
    - 86276220816120644371383767313*a^128 - 237373729229538280810156396840*a^126
    + 81711341407860292817342298143*a^124 - 141054773715244863019881397353*a^122
    - 279827107726359550262742060121*a^120 - 
    298543113300226991634312083718*a^118 - 89015148461076855303808648815*a^116 +
    2738927644956210932424881502*a^114 - 34236595561952636655311018775*a^112 - 
    133294478721202265378010899764*a^110 + 194463862791890976202166586642*a^108 
    + 136033406366158476310435781266*a^106 + 
    299912577122705097100524524469*a^104 - 160683755170764374702259714784*a^102 
    - 305390432412617518965374287473*a^100 - 33780107621126601499906871858*a^98 
    + 127816623431289843513161136760*a^96 + 199300167462264105416178089114*a^94 
    + 239656168933668456587177131425*a^92 + 295804185655270780701887202216*a^90 
    - 44735818200951445229606397866*a^88 - 293065258010314569769462320714*a^86 -
    168900538105633007499534359290*a^84 + 294891209773618710391078908382*a^82 + 
    54322064958298183493093483123*a^80 - 277088180081403339330317178619*a^78 - 
    99514371100075663878104027906*a^76 - 37432011147734882743140047194*a^74 + 
    3341491726846577337558355432440*a^72 + 4450300935113016730035028293833*a^70 
    + 6871056485313481159143219394684*a^68 + 
    3317754353923623509477339792756*a^66 + 6239277175210248504063880061556*a^64 
    - 2234964958284268120858703305632*a^62 + 
    1198280844668342282935885657125*a^60 - 2769968824932381322992363492356*a^58 
    - 1863383774451875504359727715194*a^56 - 
    2426689893431202886128445010772*a^54 + 6355225112180061433536533378474*a^52 
    - 1477651464453875798043223570329*a^50 - 
    6708546778379412643819343092232*a^48 - 1067725293592096228490299638863*a^46 
    - 849980545818077459362521559454*a^44 - 1796280047150448336515318118395*a^42
    + 6693482676332153483691006243971*a^40 + 
    2505662307194106968013362427413*a^38 + 8325427064785229164260831472246*a^36 
    - 8895124014936121038205206824662*a^34 + 
    7092453136614108209514230649429*a^32 - 9741452657227590216324495208780*a^30 
    + 10842501570499987011159297572584*a^28 - 
    8221347814276893148828685975170*a^26 - 117773888733117070094269904586*a^24 -
    7578156305653009614864242969117*a^22 - 6881444670345252013220254305606*a^20 
    + 2029545384912552300926837192982*a^18 + 
    8787392860901176741529828152250*a^16 - 2667259038246523413026430436031*a^14 
    + 4208362326475218097670830427823*a^12 - 
    9838228100682709669270174355184*a^10 + 3769677415341398313327445240586*a^8 -
    3447396929118217493612117517184*a^6 - 6359333503647495749935170700727*a^4 - 
    8552301571375768636496692489995*a^2 + 1236248013834967358357755619481 + 
    O(a^5773) 130308800837961711118340533442*a^298 + 
    213377268556385892235532998095*a^296 - 30066516534947234424862325317*a^294 -
    32682069060761273693664464409*a^292 + 122079680391178861154703614695*a^290 -
    70940693506748706583076885750*a^288 - 182151025901502244172616894124*a^286 +
    299678164396334970939641313890*a^284 + 205666323610000163259111597470*a^282 
    + 169825851499199294976704927365*a^280 + 35186583979347358465206135332*a^278
    + 97528031681886700093777875105*a^276 + 27932126973787664644188881624*a^274 
    + 280283595667185585418146207038*a^272 + 
    216375283951540663661565638658*a^270 - 60256408189036640513347393044*a^268 +
    201311181904281503533228790397*a^266 + 215918796010714628506161491741*a^264 
    + 77602949940425976418704975890*a^262 + 304020968590139413499161846722*a^260
    - 246959975986885019073643482097*a^258 + 89928124342728925614616942649*a^256
    - 61625872011514745979559833795*a^254 - 262024078034144179201980330358*a^252
    + 239656168933668456587177131425*a^250 - 
    106361690212466191209166231661*a^248 + 139228821951940722398264809685*a^246 
    + 12781662343128984351316113676*a^244 - 35680084455916045119697104972*a^242 
    - 218657723655670839438586373243*a^240 + 
    297630137418574921323503789884*a^238 - 220483675418974980060202960911*a^236 
    + 212266892484106347262928316405*a^234 - 
    271610324791490917465467415615*a^232 + 219570699537322909749394667077*a^230 
    - 169357026046459042654938506207*a^228 + 23737372922953828081015639684*a^226
    + 83993781111990468594363032728*a^224 - 129642575194593984134777724428*a^222
    - 111383057561552577918611847748*a^220 - 58430456425732499891730805376*a^218
    - 271610324791490917465467415615*a^216 - 
    210897428661628241796715875654*a^214 - 11868686461476914040507819842*a^212 +
    198572254259325292600803908895*a^210 + 148358580768461425506347748025*a^208 
    - 73951046413817695175471800554*a^206 - 240112656874494491742581278342*a^204
    - 62538847893166816290368127629*a^202 - 167987562223980937188726065456*a^200
    + 64364799656470956911984715297*a^198 + 206332549253367890242674406484*a^196
    + 58430456425732499891730805376*a^194 + 110470081679900507607803553914*a^192
    - 145163165182679179418518719606*a^190 + 
    120969304318899316182098933005*a^188 + 210897428661628241796715875654*a^186 
    + 59799920248210605357943246127*a^184 - 7760294994042597641870497589*a^182 -
    278001155963055409641125472453*a^180 - 147445604886809355195539454191*a^178 
    - 53865577017472148337689336206*a^176 - 131925014898724159911798459013*a^174
    - 236460753347886210499348103006*a^172 + 26932788508736074168844668103*a^170
    + 8019382744241158135478256650*a^168 - 196289814555195116823783174310*a^166 
    - 22824397041301757770207345850*a^164 + 180312736626283886384638032215*a^162
    + 204050109549237714465653671899*a^160 + 
    172552441632241288742767534626*a^158 + 79885389644556152195725710475*a^156 +
    23280884982127792925611492767*a^154 + 131925014898724159911798459013*a^152 +
    143337213419375038796902131938*a^150 + 80341877585382187351129857392*a^148 -
    69842654946383378776834478301*a^146 + 16890053810563300749953435929*a^144 - 
    156575363703330058303622392531*a^142 - 286674426838750077593804263876*a^140 
    + 49300697609211796783647867036*a^138 - 202680645726759608999441231148*a^136
    - 258372174507535897958747155022*a^134 - 
    285304963016271972127591823125*a^132 - 248785927750189159695260069765*a^130 
    - 38801474970212988209352487945*a^128 + 130099063135420019290181871345*a^126
    + 164335658697372655945492890120*a^124 - 23737372922953828081015639684*a^122
    + 76689974058773906107896682056*a^120 - 89015148461076855303808648815*a^118 
    - 95862467573467382634870852570*a^116 + 113665497265682753695632582333*a^114
    + 131925014898724159911798459013*a^112 - 23280884982127792925611492767*a^110
    - 289413354483706288526229145378*a^108 - 
    233265337762103964411519074587*a^106 - 44735818200951445229606397866*a^104 +
    179399760744631816073829738381*a^102 + 16433565869737265594549289012*a^100 -
    160227267229938339546855567867*a^98 + 256089734803405722181726420437*a^96 - 
    67190089884826688008945516486*a^94 - 122795256082203456803715520673*a^92 - 
    167531074283154902033321918539*a^90 - 78972413762904081884917416641*a^88 + 
    81254853467034257661938151226*a^86 - 136489894306984511465839928183*a^84 - 
    163422682815720585634684596286*a^82 - 106818178153292226364570378578*a^80 + 
    174378393395545429364384122294*a^78 + 293978233891966640080270614548*a^76 - 
    23737372922953828081015639684*a^74 + 8246911138963151117531318202522*a^72 + 
    1441588917128619020766295963886*a^70 - 11161586641137385584786796267567*a^68
    + 917084273119504627206931156253*a^66 + 9192297664413869924373306467629*a^64
    - 2656303327666698569296730910023*a^62 + 
    8186654730774114477017970809478*a^60 - 4736518874010940772473428410792*a^58 
    - 6804409245952880026454213944802*a^56 + 
    5768638108218606258842204590129*a^54 + 3413616821497090892112210645326*a^52 
    - 6551971414676082585515720699701*a^50 - 
    6584382058474731081549415130808*a^48 - 4196493640013741183630322607981*a^46 
    - 1178651863212822771253507339694*a^44 - 
    1548863583222737282286270489381*a^42 + 1510062108252524294076918001436*a^40 
    - 5198941158067714384897829237713*a^38 - 
    5987752319815103133436195110289*a^36 - 5308498263865962822194824497793*a^34 
    + 9382196647797500549021431585101*a^32 + 
    7260897186778915181858360861802*a^30 - 5889607412537505575024303523134*a^28 
    - 5201223597771844560674849972298*a^26 + 
    9337917317537375138947229334152*a^24 + 465617699642555858512229855340*a^22 +
    6894386720343265820734279984415*a^20 + 8094444166727255375626333132244*a^18 
    - 6286751921056156160225911340924*a^16 + 164792146638198691100897037037*a^14
    + 3175786604326726576146650101569*a^12 + 
    1959246242025342886994598567764*a^10 + 5810178510833775457983981959576*a^8 +
    2229030615053529663838449395711*a^6 - 6541472192037083776941425320610*a^4 - 
    566501534565109627856546323997*a^2 - 9816807669809489600007216957209 + 
    O(a^5773) 98749445361394199563643024964*a^299 - 
    263430554392364936167279593832*a^297 + 133343828768859134043459996728*a^295 
    + 228774483425328915855651250863*a^293 - 
    225307642577433892107852189142*a^291 - 286921177077034420921049748696*a^289 
    + 130432175957103882781963275852*a^287 + 
    311460488274412364815613214045*a^285 - 84224192483145172971561181391*a^283 -
    292744482700544923444043190448*a^281 - 301491778647724894394895627317*a^279 
    + 184815928474973152106868130180*a^277 - 
    266107794477750061267893104129*a^275 + 143337213419375038796902131938*a^273 
    - 311324775643355975985628197394*a^271 - 12781662343128984351316113676*a^269
    + 266588957442404530756021799528*a^267 - 
    254263783040101581560109832769*a^265 - 295347697714444745546483055299*a^263 
    - 164335658697372655945492890120*a^261 - 
    132837990780376230222606752847*a^259 - 174378393395545429364384122294*a^257 
    + 230069922176321718323690046168*a^255 - 80798365526208222506534004309*a^253
    - 38801474970212988209352487945*a^251 - 234178313643756034722327368421*a^249
    + 296260673596096815857291349133*a^247 + 89928124342728925614616942649*a^245
    - 254263783040101581560109832769*a^243 + 71212118768861484243046919052*a^241
    - 99970859040901699033508174823*a^239 - 280283595667185585418146207038*a^237
    + 101796810804205839655124762491*a^235 + 
    120969304318899316182098933005*a^233 + 135120430484506405999627487432*a^231 
    + 226874506590539472235861017749*a^229 - 68473191123905273310622037550*a^227
    + 267958421264882636222234240279*a^225 + 
    307216384175921659586990875141*a^223 - 284848475075445936972187676208*a^221 
    - 157031851644156093459026539448*a^219 + 
    168444050164806972344130212373*a^217 + 275718716258925233864104737868*a^215 
    + 76233486117947870952492535139*a^213 - 44735818200951445229606397866*a^211 
    + 97688419336771523256487440238*a^209 + 120512816378073281026694786088*a^207
    + 262135115641372133699240798527*a^205 + 57517480544080429580922511542*a^203
    - 256089734803405722181726420437*a^201 + 1825951763304140621616587668*a^199 
    + 35149571443604706966119312609*a^197 + 47931233786733691317435426285*a^195 
    + 200398206022629433222420496563*a^193 - 83993781111990468594363032728*a^191
    - 106361690212466191209166231661*a^189 - 80341877585382187351129857392*a^187
    + 207702013075845995708886847235*a^185 - 
    153836436058373847371197511029*a^183 - 278914131844707479951933766287*a^181 
    - 275262228318099198708700590951*a^179 - 
    118230376673943105249674051503*a^177 + 139228821951940722398264809685*a^175 
    - 131468526957898124756394312096*a^173 + 
    135120430484506405999627487432*a^171 + 281653059489663690884358647789*a^169 
    - 112296033443204648229420141582*a^167 - 
    267958421264882636222234240279*a^165 - 99057883159249628722699880989*a^163 -
    201767669845107538688632937314*a^161 + 172095953691415253587363387709*a^159 
    + 150641020472591601283368482610*a^157 + 
    280740083608011620573550353955*a^155 + 123251744023029491959119667590*a^153 
    - 268871397146534706533042534113*a^151 - 
    231439385998799823789902486919*a^149 - 122338768141377421648311373756*a^147 
    + 155205899880851952837409951780*a^145 - 
    269784373028186776843850827947*a^143 + 14151126165607089817528554427*a^141 +
    259285150389187968269555448856*a^139 + 52496113194994042871476895455*a^137 +
    26476300567910039013440521186*a^135 + 108644129916596366986186966246*a^133 +
    300026282300076666120241700582*a^131 - 7303807053216562486466350672*a^129 - 
    32867131739474531189098578024*a^127 - 191724935146934765269741705140*a^125 -
    147902092827635390350943601108*a^123 - 135576918425332441155031634349*a^121 
    + 199941718081803398067016349646*a^119 + 
    195833326614369081668379027393*a^117 + 78972413762904081884917416641*a^115 -
    248785927750189159695260069765*a^113 + 87189196697772714682192061147*a^111 +
    103166274626683945121337203242*a^109 + 130099063135420019290181871345*a^107 
    + 284391987134619901816783529291*a^105 - 
    179856248685457851229233885298*a^103 + 111383057561552577918611847748*a^101 
    - 193550886910238905891358292808*a^99 + 155205899880851952837409951780*a^97 
    - 151097508413417636438772629527*a^95 + 5477855289912421864849763004*a^93 - 
    76689974058773906107896682056*a^91 + 218657723655670839438586373243*a^89 - 
    161596731052416445013068008618*a^87 - 110926569620726542763207700831*a^85 - 
    287587402720402147904612557710*a^83 + 197202790436847187134591468144*a^81 + 
    2738927644956210932424881502*a^79 + 245590512164406913607431041346*a^77 + 
    24650348804605898391823933518*a^75 + 201767669845107538688632937314*a^73 - 
    16433565869737265594549289012*a^71 + 45192306141777480385010544783*a^69 - 
    41996890555995234297181516364*a^67 + 66190751419775097533601302965*a^65 - 
    311781263584182011141032344311*a^63 - 247416463927711054229047629014*a^61 + 
    111383057561552577918611847748*a^59 + 192058047968618628761523109647*a^57 + 
    37432011147734882743140047194*a^55 - 170270001928111112965746800041*a^53 + 
    136033406366158476310435781266*a^51 + 193094398969412870735954145891*a^49 - 
    228700458353843612857477605417*a^47 + 296717161536922851012695496050*a^45 + 
    258828662448361933114151301939*a^43 - 52039625254168007716072748538*a^41 + 
    285304963016271972127591823125*a^39 + 302651504767661308032949405971*a^37 + 
    10679991863565918495835421270132*a^35 + 
    10001650783498430254904858951470*a^33 - 2005351524048772437690417406381*a^31
    - 419968905559952342971815163640*a^29 + 1610945943175078063421234470093*a^27
    + 11455564875029352224867066882115*a^25 + 
    3652360014549107278388579482917*a^23 - 3954555031375942551266124741971*a^21 
    - 6742326886000539245319249964090*a^19 + 
    4872552280377099248783864192058*a^17 - 2401126568744944917425812783420*a^15 
    - 269784373028186776843850827947*a^13 - 2323067130863692905851703660613*a^11
    - 6055769022998182371591413000922*a^9 - 4541598523278223761115857677233*a^7 
    - 6096396449731699500422382076535*a^5 + 6638247635492203229887104467014*a^3 
    - 9861965473605663497351189994868*a + 4551792591700318131539867650371 + 
    O(a^5736) 166161610460676796567109477788*a^299 + 
    200558593677514256385130061696*a^297 - 63636886453532144096610535078*a^295 -
    301356066016668505564910610666*a^293 - 238989943290300729603614322411*a^291 
    - 189837295824059538816313746267*a^289 + 
    171602453214846566932872418069*a^287 + 42885191413818870275265261716*a^285 -
    224939517897615088008826492870*a^283 + 101636423149321016492415197358*a^281 
    - 77738662571482365248689992541*a^279 - 121277742116754745341155789030*a^277
    - 264269505202531703479914242220*a^275 + 42909866437647304607989810198*a^273
    - 94949491691815312324062558736*a^271 - 287587402720402147904612557710*a^269
    - 211810404543280312107524169488*a^267 + 37432011147734882743140047194*a^265
    + 91754076106033066236233530317*a^263 + 304020968590139413499161846722*a^261
    - 271610324791490917465467415615*a^259 + 
    186703567797848378560296089053*a^257 + 171182977809763183276555093875*a^255 
    - 236004265407060175343943956089*a^253 + 
    242395096578624667519602012927*a^251 - 310411799761703905674819903560*a^249 
    + 117317400792291034938865757669*a^247 + 
    261111102152492108891172036524*a^245 + 113209009324856718540228435416*a^243 
    - 208158501016672030864290994152*a^241 - 
    146532629005157284884731160357*a^239 - 144250189301027109107710425772*a^237 
    + 216375283951540663661565638658*a^235 - 
    253807295099275546404705685852*a^233 - 203593621608411679310249524982*a^231 
    + 207702013075845995708886847235*a^229 + 
    141054773715244863019881397353*a^227 - 271610324791490917465467415615*a^225 
    - 62082359952340781134963980712*a^223 - 6847319112390527331062203755*a^221 +
    246047000105232948762835188263*a^219 - 207245525135019960553482700318*a^217 
    - 305846920353443554120778434390*a^215 - 58886944366558535047134952293*a^213
    - 188529519561152519181912676721*a^211 - 
    157488339584982128614430686365*a^209 - 121425792259725351337503079922*a^207 
    + 206320211741453673076312132243*a^205 + 
    264763005679100390134405211860*a^203 + 207702013075845995708886847235*a^201 
    - 152923460176721777060389217195*a^199 + 40170938792691093675564928696*a^197
    - 119143352555595175560482345337*a^195 + 
    136489894306984511465839928183*a^193 - 183964640152892167627871207551*a^191 
    - 199028742200151327756208055812*a^189 + 
    101796810804205839655124762491*a^187 - 226418018649713437080456870832*a^185 
    + 197202790436847187134591468144*a^183 + 26019812627084003858036374269*a^181
    + 185334103975370273094083648302*a^179 - 
    193550886910238905891358292808*a^177 - 290782818306184393992441586129*a^175 
    - 99057883159249628722699880989*a^173 + 180769224567109921540042179132*a^171
    - 266588957442404530756021799528*a^169 - 
    172095953691415253587363387709*a^167 - 14607614106433124972932701344*a^165 +
    251524855395145370627684951267*a^163 - 239656168933668456587177131425*a^161 
    + 198572254259325292600803908895*a^159 - 99514371100075663878104027906*a^157
    - 123251744023029491959119667590*a^155 + 
    138772334011114687242860662768*a^153 - 125990671667985702891544549092*a^151 
    - 92667051987685136547041824151*a^149 + 70299142887209413932238625218*a^147 
    + 240569144815320526897985425259*a^145 + 
    146989116945983320040135307274*a^143 - 181225712507935956695446326049*a^141 
    - 254720270980927616715513979686*a^139 - 34236595561952636655311018775*a^137
    + 225505042768061366769648576998*a^135 - 69842654946383378776834478301*a^133
    - 291389357067588746036035554896*a^131 - 
    302651504767661308032949405971*a^129 - 112296033443204648229420141582*a^127 
    + 166618098401502831722513624705*a^125 + 
    115034961088160859161845023084*a^123 + 246047000105232948762835188263*a^121 
    + 30128204094518320256673696522*a^119 + 168900538105633007499534359290*a^117
    - 184421128093718202783275354468*a^115 - 10042734698172773418891232174*a^113
    - 118230376673943105249674051503*a^111 - 
    291695794187836464303249879963*a^109 + 293065258010314569769462320714*a^107 
    + 136489894306984511465839928183*a^105 - 912975881652070310808293834*a^103 -
    145619653123505214573922866523*a^101 + 260198126270840038580363742690*a^99 +
    185334103975370273094083648302*a^97 + 226874506590539472235861017749*a^95 - 
    71212118768861484243046919052*a^93 - 102709786685857909965933056325*a^91 - 
    180769224567109921540042179132*a^89 + 13694638224781054662124407510*a^87 + 
    173921905454719394208979975377*a^85 + 200398206022629433222420496563*a^83 + 
    124164719904681562269927961424*a^81 + 148815068709287460661751894942*a^79 + 
    294891209773618710391078908382*a^77 - 20998445277997617148590758182*a^75 + 
    21454933218823652303994905099*a^73 + 217288259833192733972373932492*a^71 + 
    145619653123505214573922866523*a^69 - 194920350732717011357570733559*a^67 + 
    190811959265282694958933411306*a^65 - 178030296922153710607617297630*a^63 + 
    13694638224781054662124407510*a^61 + 165705122519850761411705330871*a^59 + 
    15582277547656281115552366383*a^57 + 200854693963455468377824643480*a^55 + 
    68473191123905273310622037550*a^53 - 213636356306584452729140757156*a^51 - 
    114578473147334824006440876167*a^49 - 39714450851865058520160781779*a^47 + 
    136033406366158476310435781266*a^45 - 61169384070688710824155686878*a^43 + 
    133294478721202265378010899764*a^41 - 263850029797448319823596918026*a^39 - 
    63908311715644921756580568380*a^37 - 5742618295591522254984168215860*a^35 - 
    3221435398409330091687064793269*a^33 - 3846823877340998254590746069559*a^31 
    + 2514792066010627671121445365753*a^29 - 
    8576038944298722464577708129679*a^27 - 7556244884493359927404843917101*a^25 
    + 6290860312523590476624548663177*a^23 - 
    9531468204447614044838587626960*a^21 + 4945133862968438838493123551861*a^19 
    + 5279283035653096572248959095105*a^17 + 
    7324805498494560103614941430182*a^15 - 6949572411135559205872732664408*a^13 
    + 954972772208065545105475350364*a^11 - 8126854810525903871660027563351*a^9 
    + 6196823796713427234611294398275*a^7 + 6718133025136759382082830177489*a^5 
    + 4871182816554621143317651751307*a^3 - 7721493519072384653661145101055*a + 
    159345097739472133945400660776 + O(a^5736))
IP1P2 after rounding  (-214680167792518817871166765727*37 + O(37^20) 
    36313132427340857962240991693*37 + O(37^20) 
    210591635600694722516040884301*37 + O(37^20) 
    -235593162520305264498895571389*37 + O(37^20) 
    1236248013834967358357755619481 + O(37^20) -9816807669809489600007216957209 
    + O(37^20) 4551792591700318131539867650371 + O(37^20) 
    159345097739472133945400660776 + O(37^20))
ZERO in disk 11 : x = 280575387510444933745106120459 + O(37^19) , inf = false
IP1P2 before rounding ((3106051985971159585529312295*a^298 - 
    2052695225511375030436762908*a^296 + 4964014590998674476626395291*a^294 - 
    114038623639520835024264606*a^292 - 317440847090128172348245336*a^290 - 
    6947352992776071923188751655*a^288 - 5327471023066153161352852661*a^286 - 
    1806611879762935333805455074*a^284 + 7344154051638732138624058325*a^282 + 
    1196071763143161506526424391*a^280 - 6967359768853180841614061235*a^278 + 
    4299789625238658384906117235*a^276 - 6351151065678226154114526171*a^274 + 
    3281778169181766252364948106*a^272 - 2738927644956210932424881502*a^270 + 
    7908345137013203638217788481*a^268 - 2183739608816438446122540657*a^266 + 
    2652565061556690767888961815*a^264 + 4268779122319139561346887386*a^262 + 
    6403168683478709342020331079*a^260 + 727913202938812815374180219*a^258 + 
    7168094422160173656481334021*a^256 - 505837988482903820853243881*a^254 - 
    4811629646544694881286953990*a^252 + 7970032696584289470029159686*a^250 - 
    308437797855429159056856025*a^248 + 3121390514296943089655382973*a^246 - 
    6909006671961613162873574960*a^244 - 7121078498378967698181856508*a^242 - 
    764925738681464314461002942*a^240 + 8315483030182370128172838434*a^238 - 
    962325929308938976257390798*a^236 - 4996692325257952376721067605*a^234 + 
    4034366395949013400463676807*a^232 - 2726590133041993766062607261*a^230 + 
    1616214060762448793457925571*a^228 - 6279793564336537678397588669*a^226 + 
    2961002859412119926945817840*a^224 - 5712268016282548025732973583*a^222 + 
    6785631552819441499250832550*a^220 + 4972017301429518043996519123*a^218 - 
    6822644088562092998337655273*a^216 + 3799953669578887239580466228*a^214 + 
    1936989370532095118877055837*a^212 + 1813614251389923455254313427*a^210 + 
    3491515871723458080523610203*a^208 + 2948665347497902760583543599*a^206 - 
    7896007625098986471855514240*a^204 - 8278470494439718629086015711*a^202 - 
    1455826405877625630748360438*a^200 - 4922667253772649378547422159*a^198 - 
    2270102192215958610658460344*a^196 - 4811629646544694881286953990*a^194 + 
    5675255480539896526646150860*a^192 - 1283101239078585301676521064*a^190 - 
    6378493659650275009295782597*a^188 + 5724605528196765192095247824*a^186 - 
    3701253574265149908682272300*a^184 + 7414844660444516983726818841*a^182 - 
    5724605528196765192095247824*a^180 - 8438858149324541791795580844*a^178 + 
    6477193754964012340193976525*a^176 + 1283101239078585301676521064*a^174 - 
    925313393566287477170568075*a^172 - 6649918921763052669265815899*a^170 + 
    6086394728924484800286262729*a^168 - 6390831171564492175658056838*a^166 - 
    5613567920968810694834779655*a^164 - 6181093469022800347499394741*a^162 + 
    579863059968206819026889327*a^160 - 4194754050833836563173241940*a^158 + 
    5157079980142775539430632738*a^156 + 1406476358220756965299263474*a^154 - 
    5083054908657472541256987292*a^152 - 2689577597299342266975784538*a^150 + 
    3898653764892624570478660156*a^148 + 4453841801032397056781001001*a^146 + 
    2763602668784645265149429984*a^144 - 1122713584193762138966955931*a^142 + 
    7057056814932219159220865852*a^140 + 8093407815726461133651902096*a^138 + 
    838950810166767312634648388*a^136 + 6193430980937017513861668982*a^134 + 
    3232428121524897586915851142*a^132 - 555188036139772486302340845*a^130 - 
    4786954622716260548562405508*a^128 + 3220090609610680420553576901*a^126 - 
    2516852430500301937903945164*a^124 - 7402507148530299817364544600*a^122 - 
    1196738655679065137140601377*a^120 + 5638242944797245027559328137*a^118 + 
    3355803240667069250538593552*a^116 + 4367479217632876892245081314*a^114 - 
    8068732791898026800927353614*a^112 + 678563155281944149925083255*a^110 - 
    900638369737853144446019593*a^108 + 4157741515091185064086419217*a^106 + 
    1505176453534494296197457402*a^104 + 4182416538919619396810967699*a^102 - 
    5884993183081588354804812957*a^100 + 320775309769646325419130266*a^98 + 
    7908345137013203638217788481*a^96 - 390799026039527539907713796*a^94 - 
    2812952716441513930598526948*a^92 - 4231766586576488062260064663*a^90 - 
    6144080933280148848412572018*a^88 - 752588226767247148098728701*a^86 - 
    2985677883240554259670366322*a^84 - 222075214455908994520936338*a^82 - 
    7723282458299946142783674866*a^80 + 4046703907863230566825951048*a^78 - 
    2504514918586084771541670923*a^76 + 1221413679507499469865149859*a^74 - 
    17642642037330547898052164630*a^72 - 177080308504758988797722181073*a^70 - 
    82056791741458373475485976891*a^68 + 145730690730733169071183334692*a^66 - 
    67547877730338985833451469475*a^64 + 54346739982126617825818031605*a^62 + 
    299678164396334970939641313890*a^60 - 70434855518265802762223641869*a^58 - 
    222593389956306115508151856122*a^56 + 288488041090140001049058577303*a^54 + 
    54075314720013840165847998303*a^52 - 178091984481724796439428668835*a^50 + 
    28573677593326957295027142156*a^48 + 93543015333594555358763295262*a^46 - 
    127446498073863328522292909530*a^44 - 244467798580213151468464085415*a^42 - 
    288549728649711086880869948508*a^40 + 137489232772036101941184141704*a^38 + 
    259963713544469912419480532111*a^36 - 38912512577440942706612956114*a^34 + 
    272276550434858644449030224629*a^32 - 259420863020244357099540465507*a^30 + 
    28820427831611300622272626976*a^28 - 21602983361794258300342195991*a^26 - 
    101525385542093061995154729189*a^24 - 159585716610399046896017307335*a^22 - 
    265409891438926911830156888280*a^20 - 238767868075844820609093386073*a^18 + 
    141116461274815948851692768558*a^16 + 229156946294669648012881752334*a^14 + 
    121265404604840528174793514789*a^12 - 244393773508727848470290439969*a^10 + 
    265108456012698470792548890608*a^8 - 65512188264493153383676219710*a^6 - 
    237052953919768634484737266574*a^4 + 210675353447172332802194939316*a^2 - 
    146680547485048068855122420513)*a^300 + O(a^5773) 
    (3807622933741778991643501567*a^298 + 2309782298102224632201991011*a^296 + 
    149383928042413257575644864*a^294 - 7908345137013203638217788481*a^292 - 
    5626905771686883307118319375*a^290 - 2101044934364388249964594393*a^288 + 
    7329148969580900449805076140*a^286 - 5330472039477719499116649098*a^284 - 
    5540209742019411327275311195*a^282 - 3858306766470454918320952503*a^280 + 
    6594233395015099512982037568*a^278 - 2291442753364874790312123896*a^276 - 
    931648872657371968005249442*a^274 + 4848642182287346380373776713*a^272 - 
    3318790704924417751451770829*a^270 + 2183739608816438446122540657*a^268 - 
    6884331648133178830149026478*a^266 - 3602553478951412577784078372*a^264 - 
    2208414632644872778847089139*a^262 - 2738927644956210932424881502*a^260 - 
    7686269922557294643696852143*a^258 - 7673932410643077477334577902*a^256 - 
    5564217873311942029385682691*a^254 + 592200571882423985389163568*a^252 - 
    6144080933280148848412572018*a^250 + 6884331648133178830149026478*a^248 + 
    283762774026994826332307543*a^246 - 2714252621127776599700333020*a^244 + 
    6816308609471008507502973906*a^242 - 6082393373709063016601200813*a^240 + 
    6970694231532698994684946165*a^238 - 8278470494439718629086015711*a^236 - 
    308437797855429159056856025*a^234 - 6538881314535098172005347730*a^232 - 
    222075214455908994520936338*a^230 + 8118082839554895466376450578*a^228 + 
    3047365442811640091481737527*a^226 + 3701253574265149908682272300*a^224 - 
    7377832124701865484639996118*a^222 + 333112821683863491781404507*a^220 - 
    616875595710858318113712050*a^218 - 5835643135424719689355715993*a^216 + 
    6773294040905224332888558309*a^214 + 6662256433677269835628090140*a^212 + 
    6526543802620881005643073489*a^210 + 4737604575059391883113308544*a^208 + 
    8303145518268152961810564193*a^206 + 6946019207704264661960397683*a^202 + 
    2553864966242953436990767887*a^200 - 1295438750992802468038795305*a^198 - 
    1566864013105580128008828607*a^196 + 2109714537331135447948895211*a^194 - 
    5564217873311942029385682691*a^192 + 3713591086179367075044546541*a^190 - 
    4959679789515300877634244882*a^188 - 3170740561953811755104479937*a^186 + 
    6094730885623280182963475054*a^184 - 2023351953931615283412975524*a^182 - 
    3824628693407321572305014710*a^180 - 1332451286735453967125618028*a^178 + 
    1505176453534494296197457402*a^176 + 518175500397120987215518122*a^174 + 
    4009691372120579067739128325*a^172 + 6637581409848835502903541658*a^170 - 
    6237445888306657134397350058*a^168 - 7007706767275350493771768888*a^166 - 
    7118744374503304991032237057*a^164 - 6144080933280148848412572018*a^162 + 
    1135051096107979305329230172*a^160 + 7118744374503304991032237057*a^158 + 
    949988417394721809895116557*a^156 - 1887639322875226453427958873*a^154 + 
    2122052049245352614311169452*a^152 + 7143419398331739323756785539*a^150 + 
    8303145518268152961810564193*a^148 - 8204445422954415630912370265*a^146 - 
    7476532220015602815538190046*a^144 + 5416167730341336033038391799*a^142 - 
    1517513965448711462559731643*a^140 - 5033704861000603875807890328*a^138 - 
    6440181219221360841107153802*a^136 - 135712631056388829985016651*a^134 + 
    5144742468228558373068358497*a^132 + 5465517777998204698487488763*a^130 + 
    5551880361397724863023408450*a^128 - 1221413679507499469865149859*a^126 - 
    1270763727164368135314246823*a^124 + 6316806100079189177484411392*a^122 + 
    6489531266878229506556250766*a^120 - 370125357426514990868227230*a^116 - 
    8007045232326940969115982409*a^114 + 5243442563542295703966552425*a^112 + 
    4737604575059391883113308544*a^110 - 1899976834789443619790233114*a^108 + 
    5971355766481108519340732644*a^106 + 5835643135424719689355715993*a^104 + 
    1085701048451110639880133208*a^102 + 2652565061556690767888961815*a^100 + 
    2590877501985604936077590610*a^98 + 1677901620333534625269296776*a^96 + 
    7822649446149587104296045780*a^94 - 2233089656473307111571637621*a^92 + 
    2961002859412119926945817840*a^90 + 7525882267672471480987287010*a^88 - 
    1468163917791842797110634679*a^86 + 6649918921763052669265815899*a^84 - 
    7266794517473910987379527949*a^82 + 4429166777203962724056452519*a^80 - 
    7612244851071991645523206697*a^78 - 5687592992454113693008425101*a^76 - 
    1246088703335933802589698341*a^74 - 85671682732324003219632329504*a^72 - 
    131271126767270650094597924240*a^70 - 56419441983715101774680104093*a^68 + 
    185728904356625222417676424014*a^66 + 21047795325654485814039855146*a^64 - 
    236263353157258735837551715150*a^62 + 40824826924144603492765463469*a^60 - 
    192884661266871178907795483794*a^58 - 107743491546858513841740946653*a^56 - 
    292238644712062019623189946567*a^54 - 74901034831212416985366917111*a^52 + 
    39874838506749881682870346912*a^50 - 8525220732724061956331500531*a^48 - 
    81538616241061252488270458769*a^46 + 75628948034151229800741097330*a^44 + 
    137045082343124283952142269028*a^42 + 217411634952334905635996674902*a^40 + 
    128149736252973707004942541267*a^38 - 120142691020646766035826558858*a^36 + 
    56135679209688106948347796550*a^34 - 167864187104838765525103323046*a^32 + 
    19752356574661683346001059841*a^30 - 256657260351459711834391035523*a^28 - 
    261172789712063194722983407729*a^26 - 121475142307382220002952176886*a^24 + 
    175932919896736792326030676660*a^22 + 190635899635804136476790687002*a^20 + 
    270734361445581498653745944504*a^18 + 61773922154485351975907124687*a^16 + 
    217485660023820208634170320348*a^14 + 225184267458291720444229446732*a^12 + 
    115442098981330025651800073037*a^10 + 239026955826043381102701145134*a^8 - 
    212476630186648039091086978502*a^6 + 238804880611587472108180208796*a^4 + 
    307487809438034437246960908443*a^2 + 249595144454626378802448363532)*a^300 +
    O(a^5773) (-3678912674312378283107343269*a^299 + 
    2677906977921028731227687283*a^297 - 7833986619259948824737054542*a^295 + 
    1405142573148949704070909502*a^293 + 8124084872378028141904043452*a^291 - 
    8050393247160676959037486499*a^289 + 4915664882145661257098563806*a^287 - 
    6193764427204969329168757475*a^285 - 1899336978437427974200955195*a^283 + 
    7088067317851737982780095701*a^281 + 841618380310381835091356332*a^279 + 
    2799948311991393133622075721*a^277 - 7093735904406918843000600082*a^275 - 
    5613567920968810694834779655*a^273 - 6884331648133178830149026478*a^271 - 
    4762279598887826215837857026*a^269 + 5243442563542295703966552425*a^267 - 
    1246088703335933802589698341*a^265 - 7834320065527900640044143035*a^263 - 
    6193430980937017513861668982*a^261 + 3651903526608281243233175336*a^259 + 
    2220752144559089945209363380*a^257 + 7427182172358734150089093082*a^255 + 
    8266132982525501462723741470*a^253 + 3898653764892624570478660156*a^251 - 
    2159064584988004113397992175*a^249 - 777263250595681480823277183*a^247 - 
    6637581409848835502903541658*a^245 - 3664241038522498409595449577*a^243 + 
    3331128216838634917814045070*a^241 + 8229120446782849963636918747*a^239 - 
    1468163917791842797110634679*a^237 - 4972017301429518043996519123*a^235 + 
    4293454146147573894071435868*a^233 - 3257103145353331919640399624*a^231 - 
    5959018254566891352978458403*a^229 + 962325929308938976257390798*a^227 + 
    863625833995201645359196870*a^225 + 518175500397120987215518122*a^223 - 
    6267456052422320512035314428*a^221 + 4959679789515300877634244882*a^219 + 
    1838289275218357787978861909*a^217 + 4441504289118179890418726760*a^215 - 
    1603876548848231627095651330*a^213 + 7501207243844037148262738528*a^211 - 
    7747957482128380475508223348*a^209 + 4083716443605882065912773771*a^207 - 
    991669200888698723281178182*a^205 - 1443488893963408464386086197*a^203 - 
    3318790704924417751451770829*a^201 - 7353157100873431151915447636*a^199 + 
    1924651858617877952514781596*a^197 + 4170079027005402230448693458*a^195 + 
    7094069350674870658307688575*a^193 - 246750238284343327245484820*a^191 - 
    6711606481334138501077187104*a^189 + 1085701048451110639880133208*a^187 + 
    1739589179904620457080667981*a^185 - 4959679789515300877634244882*a^183 - 
    246750238284343327245484820*a^181 - 5786293087767851023906619029*a^179 - 
    4281116634233356727709161627*a^177 - 7377832124701865484639996118*a^175 + 
    8068732791898026800927353614*a^173 + 1838289275218357787978861909*a^171 - 
    8204445422954415630912370265*a^169 + 8130420351469112632738724819*a^167 + 
    4318129169976008226795984350*a^165 + 974663441223156142619665039*a^163 - 
    1862964299046792120703410391*a^161 + 320775309769646325419130266*a^159 + 
    4947342277601083711271970641*a^157 - 542850524225555319940066604*a^155 - 
    6070055861794845850238926572*a^153 + 37012535742651499086822723*a^151 + 
    5551880361397724863023408450*a^149 - 7772632505956814808232771830*a^147 - 
    7994707720412723802753708168*a^145 - 5428505242255553199400666040*a^143 + 
    1246088703335933802589698341*a^141 + 5021367349086386709445616087*a^139 - 
    6871994136218961663786752237*a^137 + 7575232315329340146436383974*a^135 - 
    2442827359014998939730299718*a^133 + 7625735906832096172947841130*a^131 - 
    777263250595681480823277183*a^129 + 2800615204527296764236252707*a^127 - 
    7254457005559693821017253708*a^125 - 4305791658061791060433710109*a^123 + 
    4811629646544694881286953990*a^121 - 1875301810961009287065684632*a^119 + 
    1714914156076186124356119499*a^117 + 8266132982525501462723741470*a^115 - 
    8142757863383329799100999060*a^113 - 3010352907068988592394914804*a^111 + 
    6489531266878229506556250766*a^109 - 3047365442811640091481737527*a^107 - 
    6218106004765451846586217464*a^105 - 7649257386814643144610029420*a^103 + 
    493500476568686654490969640*a^101 + 4046703907863230566825951048*a^99 + 
    3836966205321538738667288951*a^97 - 7970032696584289470029159686*a^95 + 
    1036351000794241974431036244*a^93 + 6033043326052194351152103849*a^91 + 
    6612906386020401170178993176*a^89 + 1665564108419317458907022535*a^87 - 
    703238179110378482649631737*a^85 + 900638369737853144446019593*a^83 - 
    456487940826035155404146917*a^81 - 345450333598080658143678748*a^79 - 
    1776601715647271956167490704*a^77 + 1936989370532095118877055837*a^75 + 
    4762279598887826215837857026*a^73 - 6600568874106184003816718935*a^71 - 
    1579201525019797294371102848*a^69 - 7402507148530299817364544600*a^67 - 
    4947342277601083711271970641*a^65 + 5551880361397724863023408450*a^63 - 
    4478516824860831389505549483*a^61 - 86362583399520164535919687*a^59 + 
    7228448196659452227064351254*a^57 - 1949326882446312285239330078*a^55 + 
    7599907339157774479160932456*a^53 + 7402507148530299817364544600*a^51 + 
    2862302764098382596047623912*a^49 - 4515529360603482888592372206*a^47 - 
    2973340371326337093308092081*a^45 - 6871994136218961663786752237*a^43 + 
    2282439704130175777020734585*a^41 + 616875595710858318113712050*a^39 + 
    5144742468228558373068358497*a^37 - 210983791245027761961251795341*a^35 + 
    77788012619139233914139089505*a^33 + 181238050019850173861808600290*a^31 - 
    230588097676718839310905564290*a^29 + 65709588455120628045472607566*a^27 - 
    192859986243042744575070935312*a^25 - 86547646078233422031353800615*a^23 + 
    27870439414216578812377510419*a^21 + 149123506507142889820808750967*a^19 + 
    302417092041291181872066195392*a^17 + 116244037255754141465347898702*a^15 + 
    192526873421358881083289530805*a^13 - 172478416560755985744593889180*a^11 - 
    106275327629066671044630311974*a^9 - 204827372799833395946476949082*a^7 + 
    274213539805390739567907280466*a^5 - 14212813725178175649339925632*a^3 + 
    48054608905875862981058168695*a + 201628594054952485343775688634)*a^300 + 
    O(a^5736) (2172735881974028540988620388*a^299 + 
    1702243197894017142686756765*a^297 - 1039018570937856496887744188*a^295 + 
    1572866045928712803536421481*a^293 + 1022679703808217546840408031*a^291 + 
    2025686077807277990562594975*a^289 + 7605575925712955339381436837*a^287 - 
    7470530187192470140010597172*a^285 + 4082463767085738759759117000*a^283 + 
    7526882606476326926908552489*a^281 + 5353479831966394755305755115*a^279 - 
    5538542510679652250739868730*a^277 + 8329821219704298186377643633*a^275 + 
    7439519684272951316451367323*a^273 - 7168094422160173656481334021*a^271 - 
    8401845613581890292708758121*a^269 - 8377170589753455959984209639*a^267 - 
    8414183125496107459071032362*a^265 + 5255780075456512870328826666*a^263 - 
    5860318159253154022080264475*a^261 + 3392815776409720749625416275*a^259 - 
    8253795470611284296361467229*a^257 + 3047365442811640091481737527*a^255 - 
    2627890037728256435164413333*a^253 - 8204445422954415630912370265*a^251 - 
    3664241038522498409595449577*a^249 - 1468163917791842797110634679*a^247 + 
    8290808006353935795448289952*a^245 + 6131743421365931682050297777*a^243 - 
    2442827359014998939730299718*a^241 + 7205106957902825155568156744*a^239 - 
    1665564108419317458907022535*a^237 + 357787845512297824505952989*a^235 - 
    4034366395949013400463676807*a^233 + 493500476568686654490969640*a^231 + 
    7205106957902825155568156744*a^229 - 2220752144559089945209363380*a^227 + 
    542850524225555319940066604*a^225 + 2245427168387524277933911862*a^223 - 
    5724605528196765192095247824*a^221 + 2072702001588483948862072488*a^219 - 
    7020044279189567660134043129*a^217 + 987000953137373308981939280*a^215 + 
    172725166799040329071839374*a^213 + 6255118540508103345673040187*a^211 + 
    8278470494439718629086015711*a^209 + 7933020160841637970942336963*a^207 - 
    2720921546486812905842102880*a^205 - 6119405909451714515688023536*a^203 - 
    3220090609610680420553576901*a^201 - 5329805146941815868502472112*a^199 - 
    3787616157664670073218191987*a^197 + 2936327835583685594221269358*a^195 + 
    5502530313740856197574311486*a^193 - 4009691372120579067739128325*a^191 - 
    2652565061556690767888961815*a^189 + 3133728026211160256017657214*a^187 + 
    8241457958697067129999192988*a^185 + 1073363536536893473517858967*a^183 + 
    2011014442017398117050701283*a^181 - 7192769445988607989205882503*a^179 + 
    5860318159253154022080264475*a^177 - 5823305623510502522993441752*a^175 + 
    160387654884823162709565133*a^173 + 2627890037728256435164413333*a^171 - 
    1369463822478105466212440751*a^169 + 4564879408260351554041469170*a^167 - 
    1455826405877625630748360438*a^165 - 2344127263701261608832105790*a^163 + 
    6600568874106184003816718935*a^161 + 4219429074662270895897790422*a^159 - 
    2652565061556690767888961815*a^157 + 7032381791103784826496317370*a^155 - 
    7180431934074390822843608262*a^153 - 4823967158458912047649228231*a^151 - 
    2159064584988004113397992175*a^149 - 1233751191421716636227424100*a^147 + 
    3133728026211160256017657214*a^145 - 2159064584988004113397992175*a^143 + 
    3738266110007801407769095023*a^141 - 8377170589753455959984209639*a^139 + 
    7575232315329340146436383974*a^137 + 8192107911040198464550096024*a^135 - 
    3701253574265149908682272300*a^133 + 831110316839251655413918958*a^131 - 
    4157741515091185064086419217*a^129 - 4972017301429518043996519123*a^127 - 
    4318129169976008226795984350*a^125 + 8414183125496107459071032362*a^123 + 
    3281778169181766252364948106*a^121 - 5712268016282548025732973583*a^119 - 
    1431151382049191298023811956*a^117 + 7575232315329340146436383974*a^115 + 
    6723943993248355667439461345*a^113 + 2442827359014998939730299718*a^111 + 
    715575691024595649011905978*a^109 + 1924651858617877952514781596*a^107 + 
    2738927644956210932424881502*a^105 + 2196077120730655612484814898*a^103 + 
    6785631552819441499250832550*a^101 - 5551880361397724863023408450*a^99 - 
    3910991276806841736840934397*a^97 - 7513544755758254314625012769*a^95 + 
    2973340371326337093308092081*a^93 - 3775278645750452906855917746*a^91 - 
    3133728026211160256017657214*a^89 - 3985016348292144735014579843*a^87 - 
    123375119142171663622742410*a^85 + 3651903526608281243233175336*a^83 - 
    7390169636616082651002270359*a^81 - 8204445422954415630912370265*a^79 + 
    3207753097696463254191302660*a^77 - 7020044279189567660134043129*a^75 - 
    7143419398331739323756785539*a^73 + 5687592992454113693008425101*a^71 - 
    1665564108419317458907022535*a^69 - 4897992229944215045822873677*a^67 - 
    1135051096107979305329230172*a^65 - 1061026024622676307155584726*a^63 + 
    6526543802620881005643073489*a^61 + 1517513965448711462559731643*a^59 - 
    1594873499613532613804262019*a^57 + 1492838941620277129835183161*a^55 + 
    666225643367726983562809014*a^53 + 5810968111596285356631167511*a^51 + 
    4404491753375528391331904037*a^49 + 3281778169181766252364948106*a^47 - 
    7192769445988607989205882503*a^45 + 5773955575853633857544344788*a^43 + 
    4564879408260351554041469170*a^41 + 4157741515091185064086419217*a^39 - 
    246750238284343327245484820*a^37 + 48054608905875862981058168695*a^35 + 
    100081896648129653530768642992*a^33 + 199189129855036150918917620945*a^31 + 
    305193032221990044303577899617*a^29 + 140487248167190873367216782267*a^27 - 
    118267389209685756748760874226*a^25 + 6625243897934618336541267417*a^23 - 
    304539144090536534486377364844*a^21 - 142103462227953322160674707838*a^19 + 
    261999403010315744869255781876*a^17 - 242888597055193354174092982567*a^15 - 
    300159327360989440427770009289*a^13 - 272054475220402735454509288291*a^11 - 
    103079912043284424956801283555*a^9 - 95344292073070261647655334448*a^7 + 
    120956966806985099015736658764*a^5 + 309708561582593527192170271823*a^3 - 
    184347103022232899785101709022*a + 193133401481659568880531915894)*a^300 + 
    O(a^5736) -257545561209283347812474780875*a^298 - 
    169480401165601214318561248617*a^296 + 259692288282357134759510498809*a^294 
    + 102364336352259829307789377577*a^292 + 
    282368635180688286533370553767*a^290 + 53557139219616719178632480181*a^288 +
    66215426443603531866325851447*a^286 + 16791353715249563419055242001*a^284 + 
    11942711532962217038681465288*a^282 - 88262560234309608155709920114*a^280 - 
    50744186503175205248033953233*a^278 + 49041609859013236290040107975*a^276 + 
    9179108864177571773532035304*a^274 - 273892764495621093242488150200*a^272 - 
    131012039017072089600990165179*a^270 + 300825553004357167411332818303*a^268 
    - 210440940720802206641311728737*a^266 + 
    140141797833592792709073103519*a^264 + 10499222638998808574295379091*a^262 +
    33780107621126601499906871858*a^260 + 185334103975370273094083648302*a^258 -
    54778552899124218648497630040*a^256 + 189442495442804589492720970555*a^254 +
    236460753347886210499348103006*a^252 + 45648794082603515540414691700*a^250 -
    1369463822478105466212440751*a^248 - 178943272803805780918425591464*a^246 - 
    170270001928111112965746800041*a^244 + 116404424910638964628057463835*a^242 
    + 170270001928111112965746800041*a^240 - 
    222309627182279120681819548579*a^238 - 191268447206108730114337558223*a^236 
    - 113209009324856718540228435416*a^234 - 11412198520650878885103672925*a^232
    + 182595176330414062161658766800*a^230 - 
    305390432412617518965374287473*a^228 - 81711341407860292817342298143*a^226 -
    197202790436847187134591468144*a^224 - 75320510236295800641684241305*a^222 -
    141511261656070898175285544270*a^220 + 57060992603254394425518364625*a^218 +
    293065258010314569769462320714*a^216 + 241938608637798632364197866010*a^214 
    - 150641020472591601283368482610*a^212 - 
    281196571548837655728954500872*a^210 - 285761450957098007282995970042*a^208 
    + 189442495442804589492720970555*a^206 + 
    227787482472191542546669311583*a^204 + 298999601241053026789716230635*a^202 
    - 91297588165207031080829383400*a^200 + 82624317289512363128150591977*a^198 
    + 147902092827635390350943601108*a^196 - 
    148815068709287460661751894942*a^194 - 262024078034144179201980330358*a^192 
    - 127360135490463808357756989843*a^190 + 14151126165607089817528554427*a^188
    - 300825553004357167411332818303*a^186 - 
    305390432412617518965374287473*a^184 + 237373729229538280810156396840*a^182 
    - 9586246757346738263487085257*a^180 + 53865577017472148337689336206*a^178 +
    134207454602854335688819193598*a^176 - 263393541856622284668192771109*a^174 
    - 92667051987685136547041824151*a^172 - 202680645726759608999441231148*a^170
    + 255275459017067389201816320531*a^168 - 47474745845907656162031279368*a^166
    - 2282439704130175777020734585*a^164 - 214549332188236523039949050990*a^162 
    - 47474745845907656162031279368*a^160 - 67103727301427167844409596799*a^158 
    + 7760294994042597641870497589*a^156 + 54322064958298183493093483123*a^154 -
    218201235714844804283182226326*a^152 - 244221048341928808141218600595*a^150 
    - 301738528886009237722141112137*a^148 + 63451823774818886601176421463*a^146
    + 245590512164406913607431041346*a^144 - 
    307672872116747694742395022058*a^142 + 293978233891966640080270614548*a^140 
    + 17803029692215371060761729763*a^138 - 295347697714444745546483055299*a^136
    + 211810404543280312107524169488*a^134 - 
    141511261656070898175285544270*a^132 + 111839545502378613074015994665*a^130 
    - 86276220816120644371383767313*a^128 - 237373729229538280810156396840*a^126
    + 81711341407860292817342298143*a^124 - 141054773715244863019881397353*a^122
    - 279827107726359550262742060121*a^120 - 
    298543113300226991634312083718*a^118 - 89015148461076855303808648815*a^116 +
    2738927644956210932424881502*a^114 - 34236595561952636655311018775*a^112 - 
    133294478721202265378010899764*a^110 + 194463862791890976202166586642*a^108 
    + 136033406366158476310435781266*a^106 + 
    299912577122705097100524524469*a^104 - 160683755170764374702259714784*a^102 
    - 305390432412617518965374287473*a^100 - 33780107621126601499906871858*a^98 
    + 127816623431289843513161136760*a^96 + 199300167462264105416178089114*a^94 
    + 239656168933668456587177131425*a^92 + 295804185655270780701887202216*a^90 
    - 44735818200951445229606397866*a^88 - 293065258010314569769462320714*a^86 -
    168900538105633007499534359290*a^84 + 294891209773618710391078908382*a^82 + 
    54322064958298183493093483123*a^80 - 277088180081403339330317178619*a^78 - 
    99514371100075663878104027906*a^76 - 37432011147734882743140047194*a^74 + 
    3341491726846577337558355432440*a^72 + 4450300935113016730035028293833*a^70 
    + 6871056485313481159143219394684*a^68 + 
    3317754353923623509477339792756*a^66 + 6239277175210248504063880061556*a^64 
    - 2234964958284268120858703305632*a^62 + 
    1198280844668342282935885657125*a^60 - 2769968824932381322992363492356*a^58 
    - 1863383774451875504359727715194*a^56 - 
    2426689893431202886128445010772*a^54 + 6355225112180061433536533378474*a^52 
    - 1477651464453875798043223570329*a^50 - 
    6708546778379412643819343092232*a^48 - 1067725293592096228490299638863*a^46 
    - 849980545818077459362521559454*a^44 - 1796280047150448336515318118395*a^42
    + 6693482676332153483691006243971*a^40 + 
    2505662307194106968013362427413*a^38 + 8325427064785229164260831472246*a^36 
    - 8895124014936121038205206824662*a^34 + 
    7092453136614108209514230649429*a^32 - 9741452657227590216324495208780*a^30 
    + 10842501570499987011159297572584*a^28 - 
    8221347814276893148828685975170*a^26 - 117773888733117070094269904586*a^24 -
    7578156305653009614864242969117*a^22 - 6881444670345252013220254305606*a^20 
    + 2029545384912552300926837192982*a^18 + 
    8787392860901176741529828152250*a^16 - 2667259038246523413026430436031*a^14 
    + 4208362326475218097670830427823*a^12 - 
    9838228100682709669270174355184*a^10 + 3769677415341398313327445240586*a^8 -
    3447396929118217493612117517184*a^6 - 6359333503647495749935170700727*a^4 - 
    8552301571375768636496692489995*a^2 - 11351183969589693091292297575452 + 
    O(a^5773) 130308800837961711118340533442*a^298 + 
    213377268556385892235532998095*a^296 - 30066516534947234424862325317*a^294 -
    32682069060761273693664464409*a^292 + 122079680391178861154703614695*a^290 -
    70940693506748706583076885750*a^288 - 182151025901502244172616894124*a^286 +
    299678164396334970939641313890*a^284 + 205666323610000163259111597470*a^282 
    + 169825851499199294976704927365*a^280 + 35186583979347358465206135332*a^278
    + 97528031681886700093777875105*a^276 + 27932126973787664644188881624*a^274 
    + 280283595667185585418146207038*a^272 + 
    216375283951540663661565638658*a^270 - 60256408189036640513347393044*a^268 +
    201311181904281503533228790397*a^266 + 215918796010714628506161491741*a^264 
    + 77602949940425976418704975890*a^262 + 304020968590139413499161846722*a^260
    - 246959975986885019073643482097*a^258 + 89928124342728925614616942649*a^256
    - 61625872011514745979559833795*a^254 - 262024078034144179201980330358*a^252
    + 239656168933668456587177131425*a^250 - 
    106361690212466191209166231661*a^248 + 139228821951940722398264809685*a^246 
    + 12781662343128984351316113676*a^244 - 35680084455916045119697104972*a^242 
    - 218657723655670839438586373243*a^240 + 
    297630137418574921323503789884*a^238 - 220483675418974980060202960911*a^236 
    + 212266892484106347262928316405*a^234 - 
    271610324791490917465467415615*a^232 + 219570699537322909749394667077*a^230 
    - 169357026046459042654938506207*a^228 + 23737372922953828081015639684*a^226
    + 83993781111990468594363032728*a^224 - 129642575194593984134777724428*a^222
    - 111383057561552577918611847748*a^220 - 58430456425732499891730805376*a^218
    - 271610324791490917465467415615*a^216 - 
    210897428661628241796715875654*a^214 - 11868686461476914040507819842*a^212 +
    198572254259325292600803908895*a^210 + 148358580768461425506347748025*a^208 
    - 73951046413817695175471800554*a^206 - 240112656874494491742581278342*a^204
    - 62538847893166816290368127629*a^202 - 167987562223980937188726065456*a^200
    + 64364799656470956911984715297*a^198 + 206332549253367890242674406484*a^196
    + 58430456425732499891730805376*a^194 + 110470081679900507607803553914*a^192
    - 145163165182679179418518719606*a^190 + 
    120969304318899316182098933005*a^188 + 210897428661628241796715875654*a^186 
    + 59799920248210605357943246127*a^184 - 7760294994042597641870497589*a^182 -
    278001155963055409641125472453*a^180 - 147445604886809355195539454191*a^178 
    - 53865577017472148337689336206*a^176 - 131925014898724159911798459013*a^174
    - 236460753347886210499348103006*a^172 + 26932788508736074168844668103*a^170
    + 8019382744241158135478256650*a^168 - 196289814555195116823783174310*a^166 
    - 22824397041301757770207345850*a^164 + 180312736626283886384638032215*a^162
    + 204050109549237714465653671899*a^160 + 
    172552441632241288742767534626*a^158 + 79885389644556152195725710475*a^156 +
    23280884982127792925611492767*a^154 + 131925014898724159911798459013*a^152 +
    143337213419375038796902131938*a^150 + 80341877585382187351129857392*a^148 -
    69842654946383378776834478301*a^146 + 16890053810563300749953435929*a^144 - 
    156575363703330058303622392531*a^142 - 286674426838750077593804263876*a^140 
    + 49300697609211796783647867036*a^138 - 202680645726759608999441231148*a^136
    - 258372174507535897958747155022*a^134 - 
    285304963016271972127591823125*a^132 - 248785927750189159695260069765*a^130 
    - 38801474970212988209352487945*a^128 + 130099063135420019290181871345*a^126
    + 164335658697372655945492890120*a^124 - 23737372922953828081015639684*a^122
    + 76689974058773906107896682056*a^120 - 89015148461076855303808648815*a^118 
    - 95862467573467382634870852570*a^116 + 113665497265682753695632582333*a^114
    + 131925014898724159911798459013*a^112 - 23280884982127792925611492767*a^110
    - 289413354483706288526229145378*a^108 - 
    233265337762103964411519074587*a^106 - 44735818200951445229606397866*a^104 +
    179399760744631816073829738381*a^102 + 16433565869737265594549289012*a^100 -
    160227267229938339546855567867*a^98 + 256089734803405722181726420437*a^96 - 
    67190089884826688008945516486*a^94 - 122795256082203456803715520673*a^92 - 
    167531074283154902033321918539*a^90 - 78972413762904081884917416641*a^88 + 
    81254853467034257661938151226*a^86 - 136489894306984511465839928183*a^84 - 
    163422682815720585634684596286*a^82 - 106818178153292226364570378578*a^80 + 
    174378393395545429364384122294*a^78 + 293978233891966640080270614548*a^76 - 
    23737372922953828081015639684*a^74 + 8246911138963151117531318202522*a^72 + 
    1441588917128619020766295963886*a^70 - 11161586641137385584786796267567*a^68
    + 917084273119504627206931156253*a^66 + 9192297664413869924373306467629*a^64
    - 2656303327666698569296730910023*a^62 + 
    8186654730774114477017970809478*a^60 - 4736518874010940772473428410792*a^58 
    - 6804409245952880026454213944802*a^56 + 
    5768638108218606258842204590129*a^54 + 3413616821497090892112210645326*a^52 
    - 6551971414676082585515720699701*a^50 - 
    6584382058474731081549415130808*a^48 - 4196493640013741183630322607981*a^46 
    - 1178651863212822771253507339694*a^44 - 
    1548863583222737282286270489381*a^42 + 1510062108252524294076918001436*a^40 
    - 5198941158067714384897829237713*a^38 - 
    5987752319815103133436195110289*a^36 - 5308498263865962822194824497793*a^34 
    + 9382196647797500549021431585101*a^32 + 
    7260897186778915181858360861802*a^30 - 5889607412537505575024303523134*a^28 
    - 5201223597771844560674849972298*a^26 + 
    9337917317537375138947229334152*a^24 + 465617699642555858512229855340*a^22 +
    6894386720343265820734279984415*a^20 + 8094444166727255375626333132244*a^18 
    - 6286751921056156160225911340924*a^16 + 164792146638198691100897037037*a^14
    + 3175786604326726576146650101569*a^12 + 
    1959246242025342886994598567764*a^10 + 5810178510833775457983981959576*a^8 +
    2229030615053529663838449395711*a^6 - 6541472192037083776941425320610*a^4 - 
    566501534565109627856546323997*a^2 + 1764348183959166165625170165660 + 
    O(a^5773) 98749445361394199563643024964*a^299 - 
    263430554392364936167279593832*a^297 + 133343828768859134043459996728*a^295 
    + 228774483425328915855651250863*a^293 - 
    225307642577433892107852189142*a^291 - 286921177077034420921049748696*a^289 
    + 130432175957103882781963275852*a^287 + 
    311460488274412364815613214045*a^285 - 84224192483145172971561181391*a^283 -
    292744482700544923444043190448*a^281 - 301491778647724894394895627317*a^279 
    + 184815928474973152106868130180*a^277 - 
    266107794477750061267893104129*a^275 + 143337213419375038796902131938*a^273 
    - 311324775643355975985628197394*a^271 - 12781662343128984351316113676*a^269
    + 266588957442404530756021799528*a^267 - 
    254263783040101581560109832769*a^265 - 295347697714444745546483055299*a^263 
    - 164335658697372655945492890120*a^261 - 
    132837990780376230222606752847*a^259 - 174378393395545429364384122294*a^257 
    + 230069922176321718323690046168*a^255 - 80798365526208222506534004309*a^253
    - 38801474970212988209352487945*a^251 - 234178313643756034722327368421*a^249
    + 296260673596096815857291349133*a^247 + 89928124342728925614616942649*a^245
    - 254263783040101581560109832769*a^243 + 71212118768861484243046919052*a^241
    - 99970859040901699033508174823*a^239 - 280283595667185585418146207038*a^237
    + 101796810804205839655124762491*a^235 + 
    120969304318899316182098933005*a^233 + 135120430484506405999627487432*a^231 
    + 226874506590539472235861017749*a^229 - 68473191123905273310622037550*a^227
    + 267958421264882636222234240279*a^225 + 
    307216384175921659586990875141*a^223 - 284848475075445936972187676208*a^221 
    - 157031851644156093459026539448*a^219 + 
    168444050164806972344130212373*a^217 + 275718716258925233864104737868*a^215 
    + 76233486117947870952492535139*a^213 - 44735818200951445229606397866*a^211 
    + 97688419336771523256487440238*a^209 + 120512816378073281026694786088*a^207
    + 262135115641372133699240798527*a^205 + 57517480544080429580922511542*a^203
    - 256089734803405722181726420437*a^201 + 1825951763304140621616587668*a^199 
    + 35149571443604706966119312609*a^197 + 47931233786733691317435426285*a^195 
    + 200398206022629433222420496563*a^193 - 83993781111990468594363032728*a^191
    - 106361690212466191209166231661*a^189 - 80341877585382187351129857392*a^187
    + 207702013075845995708886847235*a^185 - 
    153836436058373847371197511029*a^183 - 278914131844707479951933766287*a^181 
    - 275262228318099198708700590951*a^179 - 
    118230376673943105249674051503*a^177 + 139228821951940722398264809685*a^175 
    - 131468526957898124756394312096*a^173 + 
    135120430484506405999627487432*a^171 + 281653059489663690884358647789*a^169 
    - 112296033443204648229420141582*a^167 - 
    267958421264882636222234240279*a^165 - 99057883159249628722699880989*a^163 -
    201767669845107538688632937314*a^161 + 172095953691415253587363387709*a^159 
    + 150641020472591601283368482610*a^157 + 
    280740083608011620573550353955*a^155 + 123251744023029491959119667590*a^153 
    - 268871397146534706533042534113*a^151 - 
    231439385998799823789902486919*a^149 - 122338768141377421648311373756*a^147 
    + 155205899880851952837409951780*a^145 - 
    269784373028186776843850827947*a^143 + 14151126165607089817528554427*a^141 +
    259285150389187968269555448856*a^139 + 52496113194994042871476895455*a^137 +
    26476300567910039013440521186*a^135 + 108644129916596366986186966246*a^133 +
    300026282300076666120241700582*a^131 - 7303807053216562486466350672*a^129 - 
    32867131739474531189098578024*a^127 - 191724935146934765269741705140*a^125 -
    147902092827635390350943601108*a^123 - 135576918425332441155031634349*a^121 
    + 199941718081803398067016349646*a^119 + 
    195833326614369081668379027393*a^117 + 78972413762904081884917416641*a^115 -
    248785927750189159695260069765*a^113 + 87189196697772714682192061147*a^111 +
    103166274626683945121337203242*a^109 + 130099063135420019290181871345*a^107 
    + 284391987134619901816783529291*a^105 - 
    179856248685457851229233885298*a^103 + 111383057561552577918611847748*a^101 
    - 193550886910238905891358292808*a^99 + 155205899880851952837409951780*a^97 
    - 151097508413417636438772629527*a^95 + 5477855289912421864849763004*a^93 - 
    76689974058773906107896682056*a^91 + 218657723655670839438586373243*a^89 - 
    161596731052416445013068008618*a^87 - 110926569620726542763207700831*a^85 - 
    287587402720402147904612557710*a^83 + 197202790436847187134591468144*a^81 + 
    2738927644956210932424881502*a^79 + 245590512164406913607431041346*a^77 + 
    24650348804605898391823933518*a^75 + 201767669845107538688632937314*a^73 - 
    16433565869737265594549289012*a^71 + 45192306141777480385010544783*a^69 - 
    41996890555995234297181516364*a^67 + 66190751419775097533601302965*a^65 - 
    311781263584182011141032344311*a^63 - 247416463927711054229047629014*a^61 + 
    111383057561552577918611847748*a^59 + 192058047968618628761523109647*a^57 + 
    37432011147734882743140047194*a^55 - 170270001928111112965746800041*a^53 + 
    136033406366158476310435781266*a^51 + 193094398969412870735954145891*a^49 - 
    228700458353843612857477605417*a^47 + 296717161536922851012695496050*a^45 + 
    258828662448361933114151301939*a^43 - 52039625254168007716072748538*a^41 + 
    285304963016271972127591823125*a^39 + 302651504767661308032949405971*a^37 + 
    10679991863565918495835421270132*a^35 + 
    10001650783498430254904858951470*a^33 - 2005351524048772437690417406381*a^31
    - 419968905559952342971815163640*a^29 + 1610945943175078063421234470093*a^27
    + 11455564875029352224867066882115*a^25 + 
    3652360014549107278388579482917*a^23 - 3954555031375942551266124741971*a^21 
    - 6742326886000539245319249964090*a^19 + 
    4872552280377099248783864192058*a^17 - 2401126568744944917425812783420*a^15 
    - 269784373028186776843850827947*a^13 - 2323067130863692905851703660613*a^11
    - 6055769022998182371591413000922*a^9 - 4541598523278223761115857677233*a^7 
    - 6096396449731699500422382076535*a^5 + 6638247635492203229887104467014*a^3 
    - 9861965473605663497351189994868*a - 10396396451697977191982207457932 + 
    O(a^5736) 166161610460676796567109477788*a^299 + 
    200558593677514256385130061696*a^297 - 63636886453532144096610535078*a^295 -
    301356066016668505564910610666*a^293 - 238989943290300729603614322411*a^291 
    - 189837295824059538816313746267*a^289 + 
    171602453214846566932872418069*a^287 + 42885191413818870275265261716*a^285 -
    224939517897615088008826492870*a^283 + 101636423149321016492415197358*a^281 
    - 77738662571482365248689992541*a^279 - 121277742116754745341155789030*a^277
    - 264269505202531703479914242220*a^275 + 42909866437647304607989810198*a^273
    - 94949491691815312324062558736*a^271 - 287587402720402147904612557710*a^269
    - 211810404543280312107524169488*a^267 + 37432011147734882743140047194*a^265
    + 91754076106033066236233530317*a^263 + 304020968590139413499161846722*a^261
    - 271610324791490917465467415615*a^259 + 
    186703567797848378560296089053*a^257 + 171182977809763183276555093875*a^255 
    - 236004265407060175343943956089*a^253 + 
    242395096578624667519602012927*a^251 - 310411799761703905674819903560*a^249 
    + 117317400792291034938865757669*a^247 + 
    261111102152492108891172036524*a^245 + 113209009324856718540228435416*a^243 
    - 208158501016672030864290994152*a^241 - 
    146532629005157284884731160357*a^239 - 144250189301027109107710425772*a^237 
    + 216375283951540663661565638658*a^235 - 
    253807295099275546404705685852*a^233 - 203593621608411679310249524982*a^231 
    + 207702013075845995708886847235*a^229 + 
    141054773715244863019881397353*a^227 - 271610324791490917465467415615*a^225 
    - 62082359952340781134963980712*a^223 - 6847319112390527331062203755*a^221 +
    246047000105232948762835188263*a^219 - 207245525135019960553482700318*a^217 
    - 305846920353443554120778434390*a^215 - 58886944366558535047134952293*a^213
    - 188529519561152519181912676721*a^211 - 
    157488339584982128614430686365*a^209 - 121425792259725351337503079922*a^207 
    + 206320211741453673076312132243*a^205 + 
    264763005679100390134405211860*a^203 + 207702013075845995708886847235*a^201 
    - 152923460176721777060389217195*a^199 + 40170938792691093675564928696*a^197
    - 119143352555595175560482345337*a^195 + 
    136489894306984511465839928183*a^193 - 183964640152892167627871207551*a^191 
    - 199028742200151327756208055812*a^189 + 
    101796810804205839655124762491*a^187 - 226418018649713437080456870832*a^185 
    + 197202790436847187134591468144*a^183 + 26019812627084003858036374269*a^181
    + 185334103975370273094083648302*a^179 - 
    193550886910238905891358292808*a^177 - 290782818306184393992441586129*a^175 
    - 99057883159249628722699880989*a^173 + 180769224567109921540042179132*a^171
    - 266588957442404530756021799528*a^169 - 
    172095953691415253587363387709*a^167 - 14607614106433124972932701344*a^165 +
    251524855395145370627684951267*a^163 - 239656168933668456587177131425*a^161 
    + 198572254259325292600803908895*a^159 - 99514371100075663878104027906*a^157
    - 123251744023029491959119667590*a^155 + 
    138772334011114687242860662768*a^153 - 125990671667985702891544549092*a^151 
    - 92667051987685136547041824151*a^149 + 70299142887209413932238625218*a^147 
    + 240569144815320526897985425259*a^145 + 
    146989116945983320040135307274*a^143 - 181225712507935956695446326049*a^141 
    - 254720270980927616715513979686*a^139 - 34236595561952636655311018775*a^137
    + 225505042768061366769648576998*a^135 - 69842654946383378776834478301*a^133
    - 291389357067588746036035554896*a^131 - 
    302651504767661308032949405971*a^129 - 112296033443204648229420141582*a^127 
    + 166618098401502831722513624705*a^125 + 
    115034961088160859161845023084*a^123 + 246047000105232948762835188263*a^121 
    + 30128204094518320256673696522*a^119 + 168900538105633007499534359290*a^117
    - 184421128093718202783275354468*a^115 - 10042734698172773418891232174*a^113
    - 118230376673943105249674051503*a^111 - 
    291695794187836464303249879963*a^109 + 293065258010314569769462320714*a^107 
    + 136489894306984511465839928183*a^105 - 912975881652070310808293834*a^103 -
    145619653123505214573922866523*a^101 + 260198126270840038580363742690*a^99 +
    185334103975370273094083648302*a^97 + 226874506590539472235861017749*a^95 - 
    71212118768861484243046919052*a^93 - 102709786685857909965933056325*a^91 - 
    180769224567109921540042179132*a^89 + 13694638224781054662124407510*a^87 + 
    173921905454719394208979975377*a^85 + 200398206022629433222420496563*a^83 + 
    124164719904681562269927961424*a^81 + 148815068709287460661751894942*a^79 + 
    294891209773618710391078908382*a^77 - 20998445277997617148590758182*a^75 + 
    21454933218823652303994905099*a^73 + 217288259833192733972373932492*a^71 + 
    145619653123505214573922866523*a^69 - 194920350732717011357570733559*a^67 + 
    190811959265282694958933411306*a^65 - 178030296922153710607617297630*a^63 + 
    13694638224781054662124407510*a^61 + 165705122519850761411705330871*a^59 + 
    15582277547656281115552366383*a^57 + 200854693963455468377824643480*a^55 + 
    68473191123905273310622037550*a^53 - 213636356306584452729140757156*a^51 - 
    114578473147334824006440876167*a^49 - 39714450851865058520160781779*a^47 + 
    136033406366158476310435781266*a^45 - 61169384070688710824155686878*a^43 + 
    133294478721202265378010899764*a^41 - 263850029797448319823596918026*a^39 - 
    63908311715644921756580568380*a^37 - 5742618295591522254984168215860*a^35 - 
    3221435398409330091687064793269*a^33 - 3846823877340998254590746069559*a^31 
    + 2514792066010627671121445365753*a^29 - 
    8576038944298722464577708129679*a^27 - 7556244884493359927404843917101*a^25 
    + 6290860312523590476624548663177*a^23 - 
    9531468204447614044838587626960*a^21 + 4945133862968438838493123551861*a^19 
    + 5279283035653096572248959095105*a^17 + 
    7324805498494560103614941430182*a^15 - 6949572411135559205872732664408*a^13 
    + 954972772208065545105475350364*a^11 - 8126854810525903871660027563351*a^9 
    + 6196823796713427234611294398275*a^7 + 6718133025136759382082830177489*a^5 
    + 4871182816554621143317651751307*a^3 - 7721493519072384653661145101055*a - 
    9221407466719003292860657155407 + O(a^5736))
IP1P2 after rounding  (-146680547485048068855122420513*37 + O(37^20) 
    249595144454626378802448363532*37 + O(37^20) 
    201628594054952485343775688634*37 + O(37^20) 
    193133401481659568880531915894*37 + O(37^20) 
    -11351183969589693091292297575452 + O(37^20) 1764348183959166165625170165660
    + O(37^20) -10396396451697977191982207457932 + O(37^20) 
    -9221407466719003292860657155407 + O(37^20))
ZERO in disk 12 : x = 134319148334472215395358558405 + O(37^19) , inf = false
IP1P2 before rounding ((3106051985971159585529312295*a^298 - 
    2052695225511375030436762908*a^296 + 4964014590998674476626395291*a^294 - 
    114038623639520835024264606*a^292 - 317440847090128172348245336*a^290 - 
    6947352992776071923188751655*a^288 - 5327471023066153161352852661*a^286 - 
    1806611879762935333805455074*a^284 + 7344154051638732138624058325*a^282 + 
    1196071763143161506526424391*a^280 - 6967359768853180841614061235*a^278 + 
    4299789625238658384906117235*a^276 - 6351151065678226154114526171*a^274 + 
    3281778169181766252364948106*a^272 - 2738927644956210932424881502*a^270 + 
    7908345137013203638217788481*a^268 - 2183739608816438446122540657*a^266 + 
    2652565061556690767888961815*a^264 + 4268779122319139561346887386*a^262 + 
    6403168683478709342020331079*a^260 + 727913202938812815374180219*a^258 + 
    7168094422160173656481334021*a^256 - 505837988482903820853243881*a^254 - 
    4811629646544694881286953990*a^252 + 7970032696584289470029159686*a^250 - 
    308437797855429159056856025*a^248 + 3121390514296943089655382973*a^246 - 
    6909006671961613162873574960*a^244 - 7121078498378967698181856508*a^242 - 
    764925738681464314461002942*a^240 + 8315483030182370128172838434*a^238 - 
    962325929308938976257390798*a^236 - 4996692325257952376721067605*a^234 + 
    4034366395949013400463676807*a^232 - 2726590133041993766062607261*a^230 + 
    1616214060762448793457925571*a^228 - 6279793564336537678397588669*a^226 + 
    2961002859412119926945817840*a^224 - 5712268016282548025732973583*a^222 + 
    6785631552819441499250832550*a^220 + 4972017301429518043996519123*a^218 - 
    6822644088562092998337655273*a^216 + 3799953669578887239580466228*a^214 + 
    1936989370532095118877055837*a^212 + 1813614251389923455254313427*a^210 + 
    3491515871723458080523610203*a^208 + 2948665347497902760583543599*a^206 - 
    7896007625098986471855514240*a^204 - 8278470494439718629086015711*a^202 - 
    1455826405877625630748360438*a^200 - 4922667253772649378547422159*a^198 - 
    2270102192215958610658460344*a^196 - 4811629646544694881286953990*a^194 + 
    5675255480539896526646150860*a^192 - 1283101239078585301676521064*a^190 - 
    6378493659650275009295782597*a^188 + 5724605528196765192095247824*a^186 - 
    3701253574265149908682272300*a^184 + 7414844660444516983726818841*a^182 - 
    5724605528196765192095247824*a^180 - 8438858149324541791795580844*a^178 + 
    6477193754964012340193976525*a^176 + 1283101239078585301676521064*a^174 - 
    925313393566287477170568075*a^172 - 6649918921763052669265815899*a^170 + 
    6086394728924484800286262729*a^168 - 6390831171564492175658056838*a^166 - 
    5613567920968810694834779655*a^164 - 6181093469022800347499394741*a^162 + 
    579863059968206819026889327*a^160 - 4194754050833836563173241940*a^158 + 
    5157079980142775539430632738*a^156 + 1406476358220756965299263474*a^154 - 
    5083054908657472541256987292*a^152 - 2689577597299342266975784538*a^150 + 
    3898653764892624570478660156*a^148 + 4453841801032397056781001001*a^146 + 
    2763602668784645265149429984*a^144 - 1122713584193762138966955931*a^142 + 
    7057056814932219159220865852*a^140 + 8093407815726461133651902096*a^138 + 
    838950810166767312634648388*a^136 + 6193430980937017513861668982*a^134 + 
    3232428121524897586915851142*a^132 - 555188036139772486302340845*a^130 - 
    4786954622716260548562405508*a^128 + 3220090609610680420553576901*a^126 - 
    2516852430500301937903945164*a^124 - 7402507148530299817364544600*a^122 - 
    1196738655679065137140601377*a^120 + 5638242944797245027559328137*a^118 + 
    3355803240667069250538593552*a^116 + 4367479217632876892245081314*a^114 - 
    8068732791898026800927353614*a^112 + 678563155281944149925083255*a^110 - 
    900638369737853144446019593*a^108 + 4157741515091185064086419217*a^106 + 
    1505176453534494296197457402*a^104 + 4182416538919619396810967699*a^102 - 
    5884993183081588354804812957*a^100 + 320775309769646325419130266*a^98 + 
    7908345137013203638217788481*a^96 - 390799026039527539907713796*a^94 - 
    2812952716441513930598526948*a^92 - 4231766586576488062260064663*a^90 - 
    6144080933280148848412572018*a^88 - 752588226767247148098728701*a^86 - 
    2985677883240554259670366322*a^84 - 222075214455908994520936338*a^82 - 
    7723282458299946142783674866*a^80 + 4046703907863230566825951048*a^78 - 
    2504514918586084771541670923*a^76 + 1221413679507499469865149859*a^74 - 
    17642642037330547898052164630*a^72 - 177080308504758988797722181073*a^70 - 
    82056791741458373475485976891*a^68 + 145730690730733169071183334692*a^66 - 
    67547877730338985833451469475*a^64 + 54346739982126617825818031605*a^62 + 
    299678164396334970939641313890*a^60 - 70434855518265802762223641869*a^58 - 
    222593389956306115508151856122*a^56 + 288488041090140001049058577303*a^54 + 
    54075314720013840165847998303*a^52 - 178091984481724796439428668835*a^50 + 
    28573677593326957295027142156*a^48 + 93543015333594555358763295262*a^46 - 
    127446498073863328522292909530*a^44 - 244467798580213151468464085415*a^42 - 
    288549728649711086880869948508*a^40 + 137489232772036101941184141704*a^38 + 
    259963713544469912419480532111*a^36 - 38912512577440942706612956114*a^34 + 
    272276550434858644449030224629*a^32 - 259420863020244357099540465507*a^30 + 
    28820427831611300622272626976*a^28 - 21602983361794258300342195991*a^26 - 
    101525385542093061995154729189*a^24 - 159585716610399046896017307335*a^22 - 
    265409891438926911830156888280*a^20 - 238767868075844820609093386073*a^18 + 
    141116461274815948851692768558*a^16 + 229156946294669648012881752334*a^14 + 
    121265404604840528174793514789*a^12 - 244393773508727848470290439969*a^10 + 
    265108456012698470792548890608*a^8 - 65512188264493153383676219710*a^6 - 
    237052953919768634484737266574*a^4 + 210675353447172332802194939316*a^2 - 
    250894623701038377366283293284)*a^300 + O(a^5773) 
    (3807622933741778991643501567*a^298 + 2309782298102224632201991011*a^296 + 
    149383928042413257575644864*a^294 - 7908345137013203638217788481*a^292 - 
    5626905771686883307118319375*a^290 - 2101044934364388249964594393*a^288 + 
    7329148969580900449805076140*a^286 - 5330472039477719499116649098*a^284 - 
    5540209742019411327275311195*a^282 - 3858306766470454918320952503*a^280 + 
    6594233395015099512982037568*a^278 - 2291442753364874790312123896*a^276 - 
    931648872657371968005249442*a^274 + 4848642182287346380373776713*a^272 - 
    3318790704924417751451770829*a^270 + 2183739608816438446122540657*a^268 - 
    6884331648133178830149026478*a^266 - 3602553478951412577784078372*a^264 - 
    2208414632644872778847089139*a^262 - 2738927644956210932424881502*a^260 - 
    7686269922557294643696852143*a^258 - 7673932410643077477334577902*a^256 - 
    5564217873311942029385682691*a^254 + 592200571882423985389163568*a^252 - 
    6144080933280148848412572018*a^250 + 6884331648133178830149026478*a^248 + 
    283762774026994826332307543*a^246 - 2714252621127776599700333020*a^244 + 
    6816308609471008507502973906*a^242 - 6082393373709063016601200813*a^240 + 
    6970694231532698994684946165*a^238 - 8278470494439718629086015711*a^236 - 
    308437797855429159056856025*a^234 - 6538881314535098172005347730*a^232 - 
    222075214455908994520936338*a^230 + 8118082839554895466376450578*a^228 + 
    3047365442811640091481737527*a^226 + 3701253574265149908682272300*a^224 - 
    7377832124701865484639996118*a^222 + 333112821683863491781404507*a^220 - 
    616875595710858318113712050*a^218 - 5835643135424719689355715993*a^216 + 
    6773294040905224332888558309*a^214 + 6662256433677269835628090140*a^212 + 
    6526543802620881005643073489*a^210 + 4737604575059391883113308544*a^208 + 
    8303145518268152961810564193*a^206 + 6946019207704264661960397683*a^202 + 
    2553864966242953436990767887*a^200 - 1295438750992802468038795305*a^198 - 
    1566864013105580128008828607*a^196 + 2109714537331135447948895211*a^194 - 
    5564217873311942029385682691*a^192 + 3713591086179367075044546541*a^190 - 
    4959679789515300877634244882*a^188 - 3170740561953811755104479937*a^186 + 
    6094730885623280182963475054*a^184 - 2023351953931615283412975524*a^182 - 
    3824628693407321572305014710*a^180 - 1332451286735453967125618028*a^178 + 
    1505176453534494296197457402*a^176 + 518175500397120987215518122*a^174 + 
    4009691372120579067739128325*a^172 + 6637581409848835502903541658*a^170 - 
    6237445888306657134397350058*a^168 - 7007706767275350493771768888*a^166 - 
    7118744374503304991032237057*a^164 - 6144080933280148848412572018*a^162 + 
    1135051096107979305329230172*a^160 + 7118744374503304991032237057*a^158 + 
    949988417394721809895116557*a^156 - 1887639322875226453427958873*a^154 + 
    2122052049245352614311169452*a^152 + 7143419398331739323756785539*a^150 + 
    8303145518268152961810564193*a^148 - 8204445422954415630912370265*a^146 - 
    7476532220015602815538190046*a^144 + 5416167730341336033038391799*a^142 - 
    1517513965448711462559731643*a^140 - 5033704861000603875807890328*a^138 - 
    6440181219221360841107153802*a^136 - 135712631056388829985016651*a^134 + 
    5144742468228558373068358497*a^132 + 5465517777998204698487488763*a^130 + 
    5551880361397724863023408450*a^128 - 1221413679507499469865149859*a^126 - 
    1270763727164368135314246823*a^124 + 6316806100079189177484411392*a^122 + 
    6489531266878229506556250766*a^120 - 370125357426514990868227230*a^116 - 
    8007045232326940969115982409*a^114 + 5243442563542295703966552425*a^112 + 
    4737604575059391883113308544*a^110 - 1899976834789443619790233114*a^108 + 
    5971355766481108519340732644*a^106 + 5835643135424719689355715993*a^104 + 
    1085701048451110639880133208*a^102 + 2652565061556690767888961815*a^100 + 
    2590877501985604936077590610*a^98 + 1677901620333534625269296776*a^96 + 
    7822649446149587104296045780*a^94 - 2233089656473307111571637621*a^92 + 
    2961002859412119926945817840*a^90 + 7525882267672471480987287010*a^88 - 
    1468163917791842797110634679*a^86 + 6649918921763052669265815899*a^84 - 
    7266794517473910987379527949*a^82 + 4429166777203962724056452519*a^80 - 
    7612244851071991645523206697*a^78 - 5687592992454113693008425101*a^76 - 
    1246088703335933802589698341*a^74 - 85671682732324003219632329504*a^72 - 
    131271126767270650094597924240*a^70 - 56419441983715101774680104093*a^68 + 
    185728904356625222417676424014*a^66 + 21047795325654485814039855146*a^64 - 
    236263353157258735837551715150*a^62 + 40824826924144603492765463469*a^60 - 
    192884661266871178907795483794*a^58 - 107743491546858513841740946653*a^56 - 
    292238644712062019623189946567*a^54 - 74901034831212416985366917111*a^52 + 
    39874838506749881682870346912*a^50 - 8525220732724061956331500531*a^48 - 
    81538616241061252488270458769*a^46 + 75628948034151229800741097330*a^44 + 
    137045082343124283952142269028*a^42 + 217411634952334905635996674902*a^40 + 
    128149736252973707004942541267*a^38 - 120142691020646766035826558858*a^36 + 
    56135679209688106948347796550*a^34 - 167864187104838765525103323046*a^32 + 
    19752356574661683346001059841*a^30 - 256657260351459711834391035523*a^28 - 
    261172789712063194722983407729*a^26 - 121475142307382220002952176886*a^24 + 
    175932919896736792326030676660*a^22 + 190635899635804136476790687002*a^20 + 
    270734361445581498653745944504*a^18 + 61773922154485351975907124687*a^16 + 
    217485660023820208634170320348*a^14 + 225184267458291720444229446732*a^12 + 
    115442098981330025651800073037*a^10 + 239026955826043381102701145134*a^8 - 
    212476630186648039091086978502*a^6 + 238804880611587472108180208796*a^4 + 
    307487809438034437246960908443*a^2 + 36942301881821849335784580838)*a^300 + 
    O(a^5773) (-3678912674312378283107343269*a^299 + 
    2677906977921028731227687283*a^297 - 7833986619259948824737054542*a^295 + 
    1405142573148949704070909502*a^293 + 8124084872378028141904043452*a^291 - 
    8050393247160676959037486499*a^289 + 4915664882145661257098563806*a^287 - 
    6193764427204969329168757475*a^285 - 1899336978437427974200955195*a^283 + 
    7088067317851737982780095701*a^281 + 841618380310381835091356332*a^279 + 
    2799948311991393133622075721*a^277 - 7093735904406918843000600082*a^275 - 
    5613567920968810694834779655*a^273 - 6884331648133178830149026478*a^271 - 
    4762279598887826215837857026*a^269 + 5243442563542295703966552425*a^267 - 
    1246088703335933802589698341*a^265 - 7834320065527900640044143035*a^263 - 
    6193430980937017513861668982*a^261 + 3651903526608281243233175336*a^259 + 
    2220752144559089945209363380*a^257 + 7427182172358734150089093082*a^255 + 
    8266132982525501462723741470*a^253 + 3898653764892624570478660156*a^251 - 
    2159064584988004113397992175*a^249 - 777263250595681480823277183*a^247 - 
    6637581409848835502903541658*a^245 - 3664241038522498409595449577*a^243 + 
    3331128216838634917814045070*a^241 + 8229120446782849963636918747*a^239 - 
    1468163917791842797110634679*a^237 - 4972017301429518043996519123*a^235 + 
    4293454146147573894071435868*a^233 - 3257103145353331919640399624*a^231 - 
    5959018254566891352978458403*a^229 + 962325929308938976257390798*a^227 + 
    863625833995201645359196870*a^225 + 518175500397120987215518122*a^223 - 
    6267456052422320512035314428*a^221 + 4959679789515300877634244882*a^219 + 
    1838289275218357787978861909*a^217 + 4441504289118179890418726760*a^215 - 
    1603876548848231627095651330*a^213 + 7501207243844037148262738528*a^211 - 
    7747957482128380475508223348*a^209 + 4083716443605882065912773771*a^207 - 
    991669200888698723281178182*a^205 - 1443488893963408464386086197*a^203 - 
    3318790704924417751451770829*a^201 - 7353157100873431151915447636*a^199 + 
    1924651858617877952514781596*a^197 + 4170079027005402230448693458*a^195 + 
    7094069350674870658307688575*a^193 - 246750238284343327245484820*a^191 - 
    6711606481334138501077187104*a^189 + 1085701048451110639880133208*a^187 + 
    1739589179904620457080667981*a^185 - 4959679789515300877634244882*a^183 - 
    246750238284343327245484820*a^181 - 5786293087767851023906619029*a^179 - 
    4281116634233356727709161627*a^177 - 7377832124701865484639996118*a^175 + 
    8068732791898026800927353614*a^173 + 1838289275218357787978861909*a^171 - 
    8204445422954415630912370265*a^169 + 8130420351469112632738724819*a^167 + 
    4318129169976008226795984350*a^165 + 974663441223156142619665039*a^163 - 
    1862964299046792120703410391*a^161 + 320775309769646325419130266*a^159 + 
    4947342277601083711271970641*a^157 - 542850524225555319940066604*a^155 - 
    6070055861794845850238926572*a^153 + 37012535742651499086822723*a^151 + 
    5551880361397724863023408450*a^149 - 7772632505956814808232771830*a^147 - 
    7994707720412723802753708168*a^145 - 5428505242255553199400666040*a^143 + 
    1246088703335933802589698341*a^141 + 5021367349086386709445616087*a^139 - 
    6871994136218961663786752237*a^137 + 7575232315329340146436383974*a^135 - 
    2442827359014998939730299718*a^133 + 7625735906832096172947841130*a^131 - 
    777263250595681480823277183*a^129 + 2800615204527296764236252707*a^127 - 
    7254457005559693821017253708*a^125 - 4305791658061791060433710109*a^123 + 
    4811629646544694881286953990*a^121 - 1875301810961009287065684632*a^119 + 
    1714914156076186124356119499*a^117 + 8266132982525501462723741470*a^115 - 
    8142757863383329799100999060*a^113 - 3010352907068988592394914804*a^111 + 
    6489531266878229506556250766*a^109 - 3047365442811640091481737527*a^107 - 
    6218106004765451846586217464*a^105 - 7649257386814643144610029420*a^103 + 
    493500476568686654490969640*a^101 + 4046703907863230566825951048*a^99 + 
    3836966205321538738667288951*a^97 - 7970032696584289470029159686*a^95 + 
    1036351000794241974431036244*a^93 + 6033043326052194351152103849*a^91 + 
    6612906386020401170178993176*a^89 + 1665564108419317458907022535*a^87 - 
    703238179110378482649631737*a^85 + 900638369737853144446019593*a^83 - 
    456487940826035155404146917*a^81 - 345450333598080658143678748*a^79 - 
    1776601715647271956167490704*a^77 + 1936989370532095118877055837*a^75 + 
    4762279598887826215837857026*a^73 - 6600568874106184003816718935*a^71 - 
    1579201525019797294371102848*a^69 - 7402507148530299817364544600*a^67 - 
    4947342277601083711271970641*a^65 + 5551880361397724863023408450*a^63 - 
    4478516824860831389505549483*a^61 - 86362583399520164535919687*a^59 + 
    7228448196659452227064351254*a^57 - 1949326882446312285239330078*a^55 + 
    7599907339157774479160932456*a^53 + 7402507148530299817364544600*a^51 + 
    2862302764098382596047623912*a^49 - 4515529360603482888592372206*a^47 - 
    2973340371326337093308092081*a^45 - 6871994136218961663786752237*a^43 + 
    2282439704130175777020734585*a^41 + 616875595710858318113712050*a^39 + 
    5144742468228558373068358497*a^37 - 210983791245027761961251795341*a^35 + 
    77788012619139233914139089505*a^33 + 181238050019850173861808600290*a^31 - 
    230588097676718839310905564290*a^29 + 65709588455120628045472607566*a^27 - 
    192859986243042744575070935312*a^25 - 86547646078233422031353800615*a^23 + 
    27870439414216578812377510419*a^21 + 149123506507142889820808750967*a^19 + 
    302417092041291181872066195392*a^17 + 116244037255754141465347898702*a^15 + 
    192526873421358881083289530805*a^13 - 172478416560755985744593889180*a^11 - 
    106275327629066671044630311974*a^9 - 204827372799833395946476949082*a^7 + 
    274213539805390739567907280466*a^5 - 14212813725178175649339925632*a^3 + 
    48054608905875862981058168695*a - 195938229847573780048425345281)*a^300 + 
    O(a^5736) (2172735881974028540988620388*a^299 + 
    1702243197894017142686756765*a^297 - 1039018570937856496887744188*a^295 + 
    1572866045928712803536421481*a^293 + 1022679703808217546840408031*a^291 + 
    2025686077807277990562594975*a^289 + 7605575925712955339381436837*a^287 - 
    7470530187192470140010597172*a^285 + 4082463767085738759759117000*a^283 + 
    7526882606476326926908552489*a^281 + 5353479831966394755305755115*a^279 - 
    5538542510679652250739868730*a^277 + 8329821219704298186377643633*a^275 + 
    7439519684272951316451367323*a^273 - 7168094422160173656481334021*a^271 - 
    8401845613581890292708758121*a^269 - 8377170589753455959984209639*a^267 - 
    8414183125496107459071032362*a^265 + 5255780075456512870328826666*a^263 - 
    5860318159253154022080264475*a^261 + 3392815776409720749625416275*a^259 - 
    8253795470611284296361467229*a^257 + 3047365442811640091481737527*a^255 - 
    2627890037728256435164413333*a^253 - 8204445422954415630912370265*a^251 - 
    3664241038522498409595449577*a^249 - 1468163917791842797110634679*a^247 + 
    8290808006353935795448289952*a^245 + 6131743421365931682050297777*a^243 - 
    2442827359014998939730299718*a^241 + 7205106957902825155568156744*a^239 - 
    1665564108419317458907022535*a^237 + 357787845512297824505952989*a^235 - 
    4034366395949013400463676807*a^233 + 493500476568686654490969640*a^231 + 
    7205106957902825155568156744*a^229 - 2220752144559089945209363380*a^227 + 
    542850524225555319940066604*a^225 + 2245427168387524277933911862*a^223 - 
    5724605528196765192095247824*a^221 + 2072702001588483948862072488*a^219 - 
    7020044279189567660134043129*a^217 + 987000953137373308981939280*a^215 + 
    172725166799040329071839374*a^213 + 6255118540508103345673040187*a^211 + 
    8278470494439718629086015711*a^209 + 7933020160841637970942336963*a^207 - 
    2720921546486812905842102880*a^205 - 6119405909451714515688023536*a^203 - 
    3220090609610680420553576901*a^201 - 5329805146941815868502472112*a^199 - 
    3787616157664670073218191987*a^197 + 2936327835583685594221269358*a^195 + 
    5502530313740856197574311486*a^193 - 4009691372120579067739128325*a^191 - 
    2652565061556690767888961815*a^189 + 3133728026211160256017657214*a^187 + 
    8241457958697067129999192988*a^185 + 1073363536536893473517858967*a^183 + 
    2011014442017398117050701283*a^181 - 7192769445988607989205882503*a^179 + 
    5860318159253154022080264475*a^177 - 5823305623510502522993441752*a^175 + 
    160387654884823162709565133*a^173 + 2627890037728256435164413333*a^171 - 
    1369463822478105466212440751*a^169 + 4564879408260351554041469170*a^167 - 
    1455826405877625630748360438*a^165 - 2344127263701261608832105790*a^163 + 
    6600568874106184003816718935*a^161 + 4219429074662270895897790422*a^159 - 
    2652565061556690767888961815*a^157 + 7032381791103784826496317370*a^155 - 
    7180431934074390822843608262*a^153 - 4823967158458912047649228231*a^151 - 
    2159064584988004113397992175*a^149 - 1233751191421716636227424100*a^147 + 
    3133728026211160256017657214*a^145 - 2159064584988004113397992175*a^143 + 
    3738266110007801407769095023*a^141 - 8377170589753455959984209639*a^139 + 
    7575232315329340146436383974*a^137 + 8192107911040198464550096024*a^135 - 
    3701253574265149908682272300*a^133 + 831110316839251655413918958*a^131 - 
    4157741515091185064086419217*a^129 - 4972017301429518043996519123*a^127 - 
    4318129169976008226795984350*a^125 + 8414183125496107459071032362*a^123 + 
    3281778169181766252364948106*a^121 - 5712268016282548025732973583*a^119 - 
    1431151382049191298023811956*a^117 + 7575232315329340146436383974*a^115 + 
    6723943993248355667439461345*a^113 + 2442827359014998939730299718*a^111 + 
    715575691024595649011905978*a^109 + 1924651858617877952514781596*a^107 + 
    2738927644956210932424881502*a^105 + 2196077120730655612484814898*a^103 + 
    6785631552819441499250832550*a^101 - 5551880361397724863023408450*a^99 - 
    3910991276806841736840934397*a^97 - 7513544755758254314625012769*a^95 + 
    2973340371326337093308092081*a^93 - 3775278645750452906855917746*a^91 - 
    3133728026211160256017657214*a^89 - 3985016348292144735014579843*a^87 - 
    123375119142171663622742410*a^85 + 3651903526608281243233175336*a^83 - 
    7390169636616082651002270359*a^81 - 8204445422954415630912370265*a^79 + 
    3207753097696463254191302660*a^77 - 7020044279189567660134043129*a^75 - 
    7143419398331739323756785539*a^73 + 5687592992454113693008425101*a^71 - 
    1665564108419317458907022535*a^69 - 4897992229944215045822873677*a^67 - 
    1135051096107979305329230172*a^65 - 1061026024622676307155584726*a^63 + 
    6526543802620881005643073489*a^61 + 1517513965448711462559731643*a^59 - 
    1594873499613532613804262019*a^57 + 1492838941620277129835183161*a^55 + 
    666225643367726983562809014*a^53 + 5810968111596285356631167511*a^51 + 
    4404491753375528391331904037*a^49 + 3281778169181766252364948106*a^47 - 
    7192769445988607989205882503*a^45 + 5773955575853633857544344788*a^43 + 
    4564879408260351554041469170*a^41 + 4157741515091185064086419217*a^39 - 
    246750238284343327245484820*a^37 + 48054608905875862981058168695*a^35 + 
    100081896648129653530768642992*a^33 + 199189129855036150918917620945*a^31 + 
    305193032221990044303577899617*a^29 + 140487248167190873367216782267*a^27 - 
    118267389209685756748760874226*a^25 + 6625243897934618336541267417*a^23 - 
    304539144090536534486377364844*a^21 - 142103462227953322160674707838*a^19 + 
    261999403010315744869255781876*a^17 - 242888597055193354174092982567*a^15 - 
    300159327360989440427770009289*a^13 - 272054475220402735454509288291*a^11 - 
    103079912043284424956801283555*a^9 - 95344292073070261647655334448*a^7 + 
    120956966806985099015736658764*a^5 + 309708561582593527192170271823*a^3 - 
    184347103022232899785101709022*a + 155189661889333146332417090222)*a^300 + 
    O(a^5736) -257545561209283347812474780875*a^298 - 
    169480401165601214318561248617*a^296 + 259692288282357134759510498809*a^294 
    + 102364336352259829307789377577*a^292 + 
    282368635180688286533370553767*a^290 + 53557139219616719178632480181*a^288 +
    66215426443603531866325851447*a^286 + 16791353715249563419055242001*a^284 + 
    11942711532962217038681465288*a^282 - 88262560234309608155709920114*a^280 - 
    50744186503175205248033953233*a^278 + 49041609859013236290040107975*a^276 + 
    9179108864177571773532035304*a^274 - 273892764495621093242488150200*a^272 - 
    131012039017072089600990165179*a^270 + 300825553004357167411332818303*a^268 
    - 210440940720802206641311728737*a^266 + 
    140141797833592792709073103519*a^264 + 10499222638998808574295379091*a^262 +
    33780107621126601499906871858*a^260 + 185334103975370273094083648302*a^258 -
    54778552899124218648497630040*a^256 + 189442495442804589492720970555*a^254 +
    236460753347886210499348103006*a^252 + 45648794082603515540414691700*a^250 -
    1369463822478105466212440751*a^248 - 178943272803805780918425591464*a^246 - 
    170270001928111112965746800041*a^244 + 116404424910638964628057463835*a^242 
    + 170270001928111112965746800041*a^240 - 
    222309627182279120681819548579*a^238 - 191268447206108730114337558223*a^236 
    - 113209009324856718540228435416*a^234 - 11412198520650878885103672925*a^232
    + 182595176330414062161658766800*a^230 - 
    305390432412617518965374287473*a^228 - 81711341407860292817342298143*a^226 -
    197202790436847187134591468144*a^224 - 75320510236295800641684241305*a^222 -
    141511261656070898175285544270*a^220 + 57060992603254394425518364625*a^218 +
    293065258010314569769462320714*a^216 + 241938608637798632364197866010*a^214 
    - 150641020472591601283368482610*a^212 - 
    281196571548837655728954500872*a^210 - 285761450957098007282995970042*a^208 
    + 189442495442804589492720970555*a^206 + 
    227787482472191542546669311583*a^204 + 298999601241053026789716230635*a^202 
    - 91297588165207031080829383400*a^200 + 82624317289512363128150591977*a^198 
    + 147902092827635390350943601108*a^196 - 
    148815068709287460661751894942*a^194 - 262024078034144179201980330358*a^192 
    - 127360135490463808357756989843*a^190 + 14151126165607089817528554427*a^188
    - 300825553004357167411332818303*a^186 - 
    305390432412617518965374287473*a^184 + 237373729229538280810156396840*a^182 
    - 9586246757346738263487085257*a^180 + 53865577017472148337689336206*a^178 +
    134207454602854335688819193598*a^176 - 263393541856622284668192771109*a^174 
    - 92667051987685136547041824151*a^172 - 202680645726759608999441231148*a^170
    + 255275459017067389201816320531*a^168 - 47474745845907656162031279368*a^166
    - 2282439704130175777020734585*a^164 - 214549332188236523039949050990*a^162 
    - 47474745845907656162031279368*a^160 - 67103727301427167844409596799*a^158 
    + 7760294994042597641870497589*a^156 + 54322064958298183493093483123*a^154 -
    218201235714844804283182226326*a^152 - 244221048341928808141218600595*a^150 
    - 301738528886009237722141112137*a^148 + 63451823774818886601176421463*a^146
    + 245590512164406913607431041346*a^144 - 
    307672872116747694742395022058*a^142 + 293978233891966640080270614548*a^140 
    + 17803029692215371060761729763*a^138 - 295347697714444745546483055299*a^136
    + 211810404543280312107524169488*a^134 - 
    141511261656070898175285544270*a^132 + 111839545502378613074015994665*a^130 
    - 86276220816120644371383767313*a^128 - 237373729229538280810156396840*a^126
    + 81711341407860292817342298143*a^124 - 141054773715244863019881397353*a^122
    - 279827107726359550262742060121*a^120 - 
    298543113300226991634312083718*a^118 - 89015148461076855303808648815*a^116 +
    2738927644956210932424881502*a^114 - 34236595561952636655311018775*a^112 - 
    133294478721202265378010899764*a^110 + 194463862791890976202166586642*a^108 
    + 136033406366158476310435781266*a^106 + 
    299912577122705097100524524469*a^104 - 160683755170764374702259714784*a^102 
    - 305390432412617518965374287473*a^100 - 33780107621126601499906871858*a^98 
    + 127816623431289843513161136760*a^96 + 199300167462264105416178089114*a^94 
    + 239656168933668456587177131425*a^92 + 295804185655270780701887202216*a^90 
    - 44735818200951445229606397866*a^88 - 293065258010314569769462320714*a^86 -
    168900538105633007499534359290*a^84 + 294891209773618710391078908382*a^82 + 
    54322064958298183493093483123*a^80 - 277088180081403339330317178619*a^78 - 
    99514371100075663878104027906*a^76 - 37432011147734882743140047194*a^74 + 
    3341491726846577337558355432440*a^72 + 4450300935113016730035028293833*a^70 
    + 6871056485313481159143219394684*a^68 + 
    3317754353923623509477339792756*a^66 + 6239277175210248504063880061556*a^64 
    - 2234964958284268120858703305632*a^62 + 
    1198280844668342282935885657125*a^60 - 2769968824932381322992363492356*a^58 
    - 1863383774451875504359727715194*a^56 - 
    2426689893431202886128445010772*a^54 + 6355225112180061433536533378474*a^52 
    - 1477651464453875798043223570329*a^50 - 
    6708546778379412643819343092232*a^48 - 1067725293592096228490299638863*a^46 
    - 849980545818077459362521559454*a^44 - 1796280047150448336515318118395*a^42
    + 6693482676332153483691006243971*a^40 + 
    2505662307194106968013362427413*a^38 + 8325427064785229164260831472246*a^36 
    - 8895124014936121038205206824662*a^34 + 
    7092453136614108209514230649429*a^32 - 9741452657227590216324495208780*a^30 
    + 10842501570499987011159297572584*a^28 - 
    8221347814276893148828685975170*a^26 - 117773888733117070094269904586*a^24 -
    7578156305653009614864242969117*a^22 - 6881444670345252013220254305606*a^20 
    + 2029545384912552300926837192982*a^18 + 
    8787392860901176741529828152250*a^16 - 2667259038246523413026430436031*a^14 
    + 4208362326475218097670830427823*a^12 - 
    9838228100682709669270174355184*a^10 + 3769677415341398313327445240586*a^8 -
    3447396929118217493612117517184*a^6 - 6359333503647495749935170700727*a^4 - 
    8552301571375768636496692489995*a^2 + 8573538741029153076351781792114 + 
    O(a^5773) 130308800837961711118340533442*a^298 + 
    213377268556385892235532998095*a^296 - 30066516534947234424862325317*a^294 -
    32682069060761273693664464409*a^292 + 122079680391178861154703614695*a^290 -
    70940693506748706583076885750*a^288 - 182151025901502244172616894124*a^286 +
    299678164396334970939641313890*a^284 + 205666323610000163259111597470*a^282 
    + 169825851499199294976704927365*a^280 + 35186583979347358465206135332*a^278
    + 97528031681886700093777875105*a^276 + 27932126973787664644188881624*a^274 
    + 280283595667185585418146207038*a^272 + 
    216375283951540663661565638658*a^270 - 60256408189036640513347393044*a^268 +
    201311181904281503533228790397*a^266 + 215918796010714628506161491741*a^264 
    + 77602949940425976418704975890*a^262 + 304020968590139413499161846722*a^260
    - 246959975986885019073643482097*a^258 + 89928124342728925614616942649*a^256
    - 61625872011514745979559833795*a^254 - 262024078034144179201980330358*a^252
    + 239656168933668456587177131425*a^250 - 
    106361690212466191209166231661*a^248 + 139228821951940722398264809685*a^246 
    + 12781662343128984351316113676*a^244 - 35680084455916045119697104972*a^242 
    - 218657723655670839438586373243*a^240 + 
    297630137418574921323503789884*a^238 - 220483675418974980060202960911*a^236 
    + 212266892484106347262928316405*a^234 - 
    271610324791490917465467415615*a^232 + 219570699537322909749394667077*a^230 
    - 169357026046459042654938506207*a^228 + 23737372922953828081015639684*a^226
    + 83993781111990468594363032728*a^224 - 129642575194593984134777724428*a^222
    - 111383057561552577918611847748*a^220 - 58430456425732499891730805376*a^218
    - 271610324791490917465467415615*a^216 - 
    210897428661628241796715875654*a^214 - 11868686461476914040507819842*a^212 +
    198572254259325292600803908895*a^210 + 148358580768461425506347748025*a^208 
    - 73951046413817695175471800554*a^206 - 240112656874494491742581278342*a^204
    - 62538847893166816290368127629*a^202 - 167987562223980937188726065456*a^200
    + 64364799656470956911984715297*a^198 + 206332549253367890242674406484*a^196
    + 58430456425732499891730805376*a^194 + 110470081679900507607803553914*a^192
    - 145163165182679179418518719606*a^190 + 
    120969304318899316182098933005*a^188 + 210897428661628241796715875654*a^186 
    + 59799920248210605357943246127*a^184 - 7760294994042597641870497589*a^182 -
    278001155963055409641125472453*a^180 - 147445604886809355195539454191*a^178 
    - 53865577017472148337689336206*a^176 - 131925014898724159911798459013*a^174
    - 236460753347886210499348103006*a^172 + 26932788508736074168844668103*a^170
    + 8019382744241158135478256650*a^168 - 196289814555195116823783174310*a^166 
    - 22824397041301757770207345850*a^164 + 180312736626283886384638032215*a^162
    + 204050109549237714465653671899*a^160 + 
    172552441632241288742767534626*a^158 + 79885389644556152195725710475*a^156 +
    23280884982127792925611492767*a^154 + 131925014898724159911798459013*a^152 +
    143337213419375038796902131938*a^150 + 80341877585382187351129857392*a^148 -
    69842654946383378776834478301*a^146 + 16890053810563300749953435929*a^144 - 
    156575363703330058303622392531*a^142 - 286674426838750077593804263876*a^140 
    + 49300697609211796783647867036*a^138 - 202680645726759608999441231148*a^136
    - 258372174507535897958747155022*a^134 - 
    285304963016271972127591823125*a^132 - 248785927750189159695260069765*a^130 
    - 38801474970212988209352487945*a^128 + 130099063135420019290181871345*a^126
    + 164335658697372655945492890120*a^124 - 23737372922953828081015639684*a^122
    + 76689974058773906107896682056*a^120 - 89015148461076855303808648815*a^118 
    - 95862467573467382634870852570*a^116 + 113665497265682753695632582333*a^114
    + 131925014898724159911798459013*a^112 - 23280884982127792925611492767*a^110
    - 289413354483706288526229145378*a^108 - 
    233265337762103964411519074587*a^106 - 44735818200951445229606397866*a^104 +
    179399760744631816073829738381*a^102 + 16433565869737265594549289012*a^100 -
    160227267229938339546855567867*a^98 + 256089734803405722181726420437*a^96 - 
    67190089884826688008945516486*a^94 - 122795256082203456803715520673*a^92 - 
    167531074283154902033321918539*a^90 - 78972413762904081884917416641*a^88 + 
    81254853467034257661938151226*a^86 - 136489894306984511465839928183*a^84 - 
    163422682815720585634684596286*a^82 - 106818178153292226364570378578*a^80 + 
    174378393395545429364384122294*a^78 + 293978233891966640080270614548*a^76 - 
    23737372922953828081015639684*a^74 + 8246911138963151117531318202522*a^72 + 
    1441588917128619020766295963886*a^70 - 11161586641137385584786796267567*a^68
    + 917084273119504627206931156253*a^66 + 9192297664413869924373306467629*a^64
    - 2656303327666698569296730910023*a^62 + 
    8186654730774114477017970809478*a^60 - 4736518874010940772473428410792*a^58 
    - 6804409245952880026454213944802*a^56 + 
    5768638108218606258842204590129*a^54 + 3413616821497090892112210645326*a^52 
    - 6551971414676082585515720699701*a^50 - 
    6584382058474731081549415130808*a^48 - 4196493640013741183630322607981*a^46 
    - 1178651863212822771253507339694*a^44 - 
    1548863583222737282286270489381*a^42 + 1510062108252524294076918001436*a^40 
    - 5198941158067714384897829237713*a^38 - 
    5987752319815103133436195110289*a^36 - 5308498263865962822194824497793*a^34 
    + 9382196647797500549021431585101*a^32 + 
    7260897186778915181858360861802*a^30 - 5889607412537505575024303523134*a^28 
    - 5201223597771844560674849972298*a^26 + 
    9337917317537375138947229334152*a^24 + 465617699642555858512229855340*a^22 +
    6894386720343265820734279984415*a^20 + 8094444166727255375626333132244*a^18 
    - 6286751921056156160225911340924*a^16 + 164792146638198691100897037037*a^14
    + 3175786604326726576146650101569*a^12 + 
    1959246242025342886994598567764*a^10 + 5810178510833775457983981959576*a^8 +
    2229030615053529663838449395711*a^6 - 6541472192037083776941425320610*a^4 - 
    566501534565109627856546323997*a^2 + 294869804216392952698551176745 + 
    O(a^5773) 98749445361394199563643024964*a^299 - 
    263430554392364936167279593832*a^297 + 133343828768859134043459996728*a^295 
    + 228774483425328915855651250863*a^293 - 
    225307642577433892107852189142*a^291 - 286921177077034420921049748696*a^289 
    + 130432175957103882781963275852*a^287 + 
    311460488274412364815613214045*a^285 - 84224192483145172971561181391*a^283 -
    292744482700544923444043190448*a^281 - 301491778647724894394895627317*a^279 
    + 184815928474973152106868130180*a^277 - 
    266107794477750061267893104129*a^275 + 143337213419375038796902131938*a^273 
    - 311324775643355975985628197394*a^271 - 12781662343128984351316113676*a^269
    + 266588957442404530756021799528*a^267 - 
    254263783040101581560109832769*a^265 - 295347697714444745546483055299*a^263 
    - 164335658697372655945492890120*a^261 - 
    132837990780376230222606752847*a^259 - 174378393395545429364384122294*a^257 
    + 230069922176321718323690046168*a^255 - 80798365526208222506534004309*a^253
    - 38801474970212988209352487945*a^251 - 234178313643756034722327368421*a^249
    + 296260673596096815857291349133*a^247 + 89928124342728925614616942649*a^245
    - 254263783040101581560109832769*a^243 + 71212118768861484243046919052*a^241
    - 99970859040901699033508174823*a^239 - 280283595667185585418146207038*a^237
    + 101796810804205839655124762491*a^235 + 
    120969304318899316182098933005*a^233 + 135120430484506405999627487432*a^231 
    + 226874506590539472235861017749*a^229 - 68473191123905273310622037550*a^227
    + 267958421264882636222234240279*a^225 + 
    307216384175921659586990875141*a^223 - 284848475075445936972187676208*a^221 
    - 157031851644156093459026539448*a^219 + 
    168444050164806972344130212373*a^217 + 275718716258925233864104737868*a^215 
    + 76233486117947870952492535139*a^213 - 44735818200951445229606397866*a^211 
    + 97688419336771523256487440238*a^209 + 120512816378073281026694786088*a^207
    + 262135115641372133699240798527*a^205 + 57517480544080429580922511542*a^203
    - 256089734803405722181726420437*a^201 + 1825951763304140621616587668*a^199 
    + 35149571443604706966119312609*a^197 + 47931233786733691317435426285*a^195 
    + 200398206022629433222420496563*a^193 - 83993781111990468594363032728*a^191
    - 106361690212466191209166231661*a^189 - 80341877585382187351129857392*a^187
    + 207702013075845995708886847235*a^185 - 
    153836436058373847371197511029*a^183 - 278914131844707479951933766287*a^181 
    - 275262228318099198708700590951*a^179 - 
    118230376673943105249674051503*a^177 + 139228821951940722398264809685*a^175 
    - 131468526957898124756394312096*a^173 + 
    135120430484506405999627487432*a^171 + 281653059489663690884358647789*a^169 
    - 112296033443204648229420141582*a^167 - 
    267958421264882636222234240279*a^165 - 99057883159249628722699880989*a^163 -
    201767669845107538688632937314*a^161 + 172095953691415253587363387709*a^159 
    + 150641020472591601283368482610*a^157 + 
    280740083608011620573550353955*a^155 + 123251744023029491959119667590*a^153 
    - 268871397146534706533042534113*a^151 - 
    231439385998799823789902486919*a^149 - 122338768141377421648311373756*a^147 
    + 155205899880851952837409951780*a^145 - 
    269784373028186776843850827947*a^143 + 14151126165607089817528554427*a^141 +
    259285150389187968269555448856*a^139 + 52496113194994042871476895455*a^137 +
    26476300567910039013440521186*a^135 + 108644129916596366986186966246*a^133 +
    300026282300076666120241700582*a^131 - 7303807053216562486466350672*a^129 - 
    32867131739474531189098578024*a^127 - 191724935146934765269741705140*a^125 -
    147902092827635390350943601108*a^123 - 135576918425332441155031634349*a^121 
    + 199941718081803398067016349646*a^119 + 
    195833326614369081668379027393*a^117 + 78972413762904081884917416641*a^115 -
    248785927750189159695260069765*a^113 + 87189196697772714682192061147*a^111 +
    103166274626683945121337203242*a^109 + 130099063135420019290181871345*a^107 
    + 284391987134619901816783529291*a^105 - 
    179856248685457851229233885298*a^103 + 111383057561552577918611847748*a^101 
    - 193550886910238905891358292808*a^99 + 155205899880851952837409951780*a^97 
    - 151097508413417636438772629527*a^95 + 5477855289912421864849763004*a^93 - 
    76689974058773906107896682056*a^91 + 218657723655670839438586373243*a^89 - 
    161596731052416445013068008618*a^87 - 110926569620726542763207700831*a^85 - 
    287587402720402147904612557710*a^83 + 197202790436847187134591468144*a^81 + 
    2738927644956210932424881502*a^79 + 245590512164406913607431041346*a^77 + 
    24650348804605898391823933518*a^75 + 201767669845107538688632937314*a^73 - 
    16433565869737265594549289012*a^71 + 45192306141777480385010544783*a^69 - 
    41996890555995234297181516364*a^67 + 66190751419775097533601302965*a^65 - 
    311781263584182011141032344311*a^63 - 247416463927711054229047629014*a^61 + 
    111383057561552577918611847748*a^59 + 192058047968618628761523109647*a^57 + 
    37432011147734882743140047194*a^55 - 170270001928111112965746800041*a^53 + 
    136033406366158476310435781266*a^51 + 193094398969412870735954145891*a^49 - 
    228700458353843612857477605417*a^47 + 296717161536922851012695496050*a^45 + 
    258828662448361933114151301939*a^43 - 52039625254168007716072748538*a^41 + 
    285304963016271972127591823125*a^39 + 302651504767661308032949405971*a^37 + 
    10679991863565918495835421270132*a^35 + 
    10001650783498430254904858951470*a^33 - 2005351524048772437690417406381*a^31
    - 419968905559952342971815163640*a^29 + 1610945943175078063421234470093*a^27
    + 11455564875029352224867066882115*a^25 + 
    3652360014549107278388579482917*a^23 - 3954555031375942551266124741971*a^21 
    - 6742326886000539245319249964090*a^19 + 
    4872552280377099248783864192058*a^17 - 2401126568744944917425812783420*a^15 
    - 269784373028186776843850827947*a^13 - 2323067130863692905851703660613*a^11
    - 6055769022998182371591413000922*a^9 - 4541598523278223761115857677233*a^7 
    - 6096396449731699500422382076535*a^5 + 6638247635492203229887104467014*a^3 
    - 9861965473605663497351189994868*a - 11100565043222001211921900417890 + 
    O(a^5736) 166161610460676796567109477788*a^299 + 
    200558593677514256385130061696*a^297 - 63636886453532144096610535078*a^295 -
    301356066016668505564910610666*a^293 - 238989943290300729603614322411*a^291 
    - 189837295824059538816313746267*a^289 + 
    171602453214846566932872418069*a^287 + 42885191413818870275265261716*a^285 -
    224939517897615088008826492870*a^283 + 101636423149321016492415197358*a^281 
    - 77738662571482365248689992541*a^279 - 121277742116754745341155789030*a^277
    - 264269505202531703479914242220*a^275 + 42909866437647304607989810198*a^273
    - 94949491691815312324062558736*a^271 - 287587402720402147904612557710*a^269
    - 211810404543280312107524169488*a^267 + 37432011147734882743140047194*a^265
    + 91754076106033066236233530317*a^263 + 304020968590139413499161846722*a^261
    - 271610324791490917465467415615*a^259 + 
    186703567797848378560296089053*a^257 + 171182977809763183276555093875*a^255 
    - 236004265407060175343943956089*a^253 + 
    242395096578624667519602012927*a^251 - 310411799761703905674819903560*a^249 
    + 117317400792291034938865757669*a^247 + 
    261111102152492108891172036524*a^245 + 113209009324856718540228435416*a^243 
    - 208158501016672030864290994152*a^241 - 
    146532629005157284884731160357*a^239 - 144250189301027109107710425772*a^237 
    + 216375283951540663661565638658*a^235 - 
    253807295099275546404705685852*a^233 - 203593621608411679310249524982*a^231 
    + 207702013075845995708886847235*a^229 + 
    141054773715244863019881397353*a^227 - 271610324791490917465467415615*a^225 
    - 62082359952340781134963980712*a^223 - 6847319112390527331062203755*a^221 +
    246047000105232948762835188263*a^219 - 207245525135019960553482700318*a^217 
    - 305846920353443554120778434390*a^215 - 58886944366558535047134952293*a^213
    - 188529519561152519181912676721*a^211 - 
    157488339584982128614430686365*a^209 - 121425792259725351337503079922*a^207 
    + 206320211741453673076312132243*a^205 + 
    264763005679100390134405211860*a^203 + 207702013075845995708886847235*a^201 
    - 152923460176721777060389217195*a^199 + 40170938792691093675564928696*a^197
    - 119143352555595175560482345337*a^195 + 
    136489894306984511465839928183*a^193 - 183964640152892167627871207551*a^191 
    - 199028742200151327756208055812*a^189 + 
    101796810804205839655124762491*a^187 - 226418018649713437080456870832*a^185 
    + 197202790436847187134591468144*a^183 + 26019812627084003858036374269*a^181
    + 185334103975370273094083648302*a^179 - 
    193550886910238905891358292808*a^177 - 290782818306184393992441586129*a^175 
    - 99057883159249628722699880989*a^173 + 180769224567109921540042179132*a^171
    - 266588957442404530756021799528*a^169 - 
    172095953691415253587363387709*a^167 - 14607614106433124972932701344*a^165 +
    251524855395145370627684951267*a^163 - 239656168933668456587177131425*a^161 
    + 198572254259325292600803908895*a^159 - 99514371100075663878104027906*a^157
    - 123251744023029491959119667590*a^155 + 
    138772334011114687242860662768*a^153 - 125990671667985702891544549092*a^151 
    - 92667051987685136547041824151*a^149 + 70299142887209413932238625218*a^147 
    + 240569144815320526897985425259*a^145 + 
    146989116945983320040135307274*a^143 - 181225712507935956695446326049*a^141 
    - 254720270980927616715513979686*a^139 - 34236595561952636655311018775*a^137
    + 225505042768061366769648576998*a^135 - 69842654946383378776834478301*a^133
    - 291389357067588746036035554896*a^131 - 
    302651504767661308032949405971*a^129 - 112296033443204648229420141582*a^127 
    + 166618098401502831722513624705*a^125 + 
    115034961088160859161845023084*a^123 + 246047000105232948762835188263*a^121 
    + 30128204094518320256673696522*a^119 + 168900538105633007499534359290*a^117
    - 184421128093718202783275354468*a^115 - 10042734698172773418891232174*a^113
    - 118230376673943105249674051503*a^111 - 
    291695794187836464303249879963*a^109 + 293065258010314569769462320714*a^107 
    + 136489894306984511465839928183*a^105 - 912975881652070310808293834*a^103 -
    145619653123505214573922866523*a^101 + 260198126270840038580363742690*a^99 +
    185334103975370273094083648302*a^97 + 226874506590539472235861017749*a^95 - 
    71212118768861484243046919052*a^93 - 102709786685857909965933056325*a^91 - 
    180769224567109921540042179132*a^89 + 13694638224781054662124407510*a^87 + 
    173921905454719394208979975377*a^85 + 200398206022629433222420496563*a^83 + 
    124164719904681562269927961424*a^81 + 148815068709287460661751894942*a^79 + 
    294891209773618710391078908382*a^77 - 20998445277997617148590758182*a^75 + 
    21454933218823652303994905099*a^73 + 217288259833192733972373932492*a^71 + 
    145619653123505214573922866523*a^69 - 194920350732717011357570733559*a^67 + 
    190811959265282694958933411306*a^65 - 178030296922153710607617297630*a^63 + 
    13694638224781054662124407510*a^61 + 165705122519850761411705330871*a^59 + 
    15582277547656281115552366383*a^57 + 200854693963455468377824643480*a^55 + 
    68473191123905273310622037550*a^53 - 213636356306584452729140757156*a^51 - 
    114578473147334824006440876167*a^49 - 39714450851865058520160781779*a^47 + 
    136033406366158476310435781266*a^45 - 61169384070688710824155686878*a^43 + 
    133294478721202265378010899764*a^41 - 263850029797448319823596918026*a^39 - 
    63908311715644921756580568380*a^37 - 5742618295591522254984168215860*a^35 - 
    3221435398409330091687064793269*a^33 - 3846823877340998254590746069559*a^31 
    + 2514792066010627671121445365753*a^29 - 
    8576038944298722464577708129679*a^27 - 7556244884493359927404843917101*a^25 
    + 6290860312523590476624548663177*a^23 - 
    9531468204447614044838587626960*a^21 + 4945133862968438838493123551861*a^19 
    + 5279283035653096572248959095105*a^17 + 
    7324805498494560103614941430182*a^15 - 6949572411135559205872732664408*a^13 
    + 954972772208065545105475350364*a^11 - 8126854810525903871660027563351*a^9 
    + 6196823796713427234611294398275*a^7 + 6718133025136759382082830177489*a^5 
    + 4871182816554621143317651751307*a^3 - 7721493519072384653661145101055*a + 
    1536665928354735697503152330734 + O(a^5736))
IP1P2 after rounding  (-250894623701038377366283293284*37 + O(37^20) 
    36942301881821849335784580838*37 + O(37^20) 
    -195938229847573780048425345281*37 + O(37^20) 
    155189661889333146332417090222*37 + O(37^20) 8573538741029153076351781792114
    + O(37^20) 294869804216392952698551176745 + O(37^20) 
    -11100565043222001211921900417890 + O(37^20) 1536665928354735697503152330734
    + O(37^20))
ZERO in disk 13 : x = 2936496624387710303949917871 + O(37^19) , inf = false
IP1P2 before rounding ((3106051985971159585529312295*a^298 - 
    2052695225511375030436762908*a^296 + 4964014590998674476626395291*a^294 - 
    114038623639520835024264606*a^292 - 317440847090128172348245336*a^290 - 
    6947352992776071923188751655*a^288 - 5327471023066153161352852661*a^286 - 
    1806611879762935333805455074*a^284 + 7344154051638732138624058325*a^282 + 
    1196071763143161506526424391*a^280 - 6967359768853180841614061235*a^278 + 
    4299789625238658384906117235*a^276 - 6351151065678226154114526171*a^274 + 
    3281778169181766252364948106*a^272 - 2738927644956210932424881502*a^270 + 
    7908345137013203638217788481*a^268 - 2183739608816438446122540657*a^266 + 
    2652565061556690767888961815*a^264 + 4268779122319139561346887386*a^262 + 
    6403168683478709342020331079*a^260 + 727913202938812815374180219*a^258 + 
    7168094422160173656481334021*a^256 - 505837988482903820853243881*a^254 - 
    4811629646544694881286953990*a^252 + 7970032696584289470029159686*a^250 - 
    308437797855429159056856025*a^248 + 3121390514296943089655382973*a^246 - 
    6909006671961613162873574960*a^244 - 7121078498378967698181856508*a^242 - 
    764925738681464314461002942*a^240 + 8315483030182370128172838434*a^238 - 
    962325929308938976257390798*a^236 - 4996692325257952376721067605*a^234 + 
    4034366395949013400463676807*a^232 - 2726590133041993766062607261*a^230 + 
    1616214060762448793457925571*a^228 - 6279793564336537678397588669*a^226 + 
    2961002859412119926945817840*a^224 - 5712268016282548025732973583*a^222 + 
    6785631552819441499250832550*a^220 + 4972017301429518043996519123*a^218 - 
    6822644088562092998337655273*a^216 + 3799953669578887239580466228*a^214 + 
    1936989370532095118877055837*a^212 + 1813614251389923455254313427*a^210 + 
    3491515871723458080523610203*a^208 + 2948665347497902760583543599*a^206 - 
    7896007625098986471855514240*a^204 - 8278470494439718629086015711*a^202 - 
    1455826405877625630748360438*a^200 - 4922667253772649378547422159*a^198 - 
    2270102192215958610658460344*a^196 - 4811629646544694881286953990*a^194 + 
    5675255480539896526646150860*a^192 - 1283101239078585301676521064*a^190 - 
    6378493659650275009295782597*a^188 + 5724605528196765192095247824*a^186 - 
    3701253574265149908682272300*a^184 + 7414844660444516983726818841*a^182 - 
    5724605528196765192095247824*a^180 - 8438858149324541791795580844*a^178 + 
    6477193754964012340193976525*a^176 + 1283101239078585301676521064*a^174 - 
    925313393566287477170568075*a^172 - 6649918921763052669265815899*a^170 + 
    6086394728924484800286262729*a^168 - 6390831171564492175658056838*a^166 - 
    5613567920968810694834779655*a^164 - 6181093469022800347499394741*a^162 + 
    579863059968206819026889327*a^160 - 4194754050833836563173241940*a^158 + 
    5157079980142775539430632738*a^156 + 1406476358220756965299263474*a^154 - 
    5083054908657472541256987292*a^152 - 2689577597299342266975784538*a^150 + 
    3898653764892624570478660156*a^148 + 4453841801032397056781001001*a^146 + 
    2763602668784645265149429984*a^144 - 1122713584193762138966955931*a^142 + 
    7057056814932219159220865852*a^140 + 8093407815726461133651902096*a^138 + 
    838950810166767312634648388*a^136 + 6193430980937017513861668982*a^134 + 
    3232428121524897586915851142*a^132 - 555188036139772486302340845*a^130 - 
    4786954622716260548562405508*a^128 + 3220090609610680420553576901*a^126 - 
    2516852430500301937903945164*a^124 - 7402507148530299817364544600*a^122 - 
    1196738655679065137140601377*a^120 + 5638242944797245027559328137*a^118 + 
    3355803240667069250538593552*a^116 + 4367479217632876892245081314*a^114 - 
    8068732791898026800927353614*a^112 + 678563155281944149925083255*a^110 - 
    900638369737853144446019593*a^108 + 4157741515091185064086419217*a^106 + 
    1505176453534494296197457402*a^104 + 4182416538919619396810967699*a^102 - 
    5884993183081588354804812957*a^100 + 320775309769646325419130266*a^98 + 
    7908345137013203638217788481*a^96 - 390799026039527539907713796*a^94 - 
    2812952716441513930598526948*a^92 - 4231766586576488062260064663*a^90 - 
    6144080933280148848412572018*a^88 - 752588226767247148098728701*a^86 - 
    2985677883240554259670366322*a^84 - 222075214455908994520936338*a^82 - 
    7723282458299946142783674866*a^80 + 4046703907863230566825951048*a^78 - 
    2504514918586084771541670923*a^76 + 1221413679507499469865149859*a^74 - 
    17642642037330547898052164630*a^72 - 177080308504758988797722181073*a^70 - 
    82056791741458373475485976891*a^68 + 145730690730733169071183334692*a^66 - 
    67547877730338985833451469475*a^64 + 54346739982126617825818031605*a^62 + 
    299678164396334970939641313890*a^60 - 70434855518265802762223641869*a^58 - 
    222593389956306115508151856122*a^56 + 288488041090140001049058577303*a^54 + 
    54075314720013840165847998303*a^52 - 178091984481724796439428668835*a^50 + 
    28573677593326957295027142156*a^48 + 93543015333594555358763295262*a^46 - 
    127446498073863328522292909530*a^44 - 244467798580213151468464085415*a^42 - 
    288549728649711086880869948508*a^40 + 137489232772036101941184141704*a^38 + 
    259963713544469912419480532111*a^36 - 38912512577440942706612956114*a^34 + 
    272276550434858644449030224629*a^32 - 259420863020244357099540465507*a^30 + 
    28820427831611300622272626976*a^28 - 21602983361794258300342195991*a^26 - 
    101525385542093061995154729189*a^24 - 159585716610399046896017307335*a^22 - 
    265409891438926911830156888280*a^20 - 238767868075844820609093386073*a^18 + 
    141116461274815948851692768558*a^16 + 229156946294669648012881752334*a^14 + 
    121265404604840528174793514789*a^12 - 244393773508727848470290439969*a^10 + 
    265108456012698470792548890608*a^8 - 65512188264493153383676219710*a^6 - 
    237052953919768634484737266574*a^4 + 210675353447172332802194939316*a^2 - 
    250894623701038377366283293284)*a^300 + O(a^5773) 
    (3807622933741778991643501567*a^298 + 2309782298102224632201991011*a^296 + 
    149383928042413257575644864*a^294 - 7908345137013203638217788481*a^292 - 
    5626905771686883307118319375*a^290 - 2101044934364388249964594393*a^288 + 
    7329148969580900449805076140*a^286 - 5330472039477719499116649098*a^284 - 
    5540209742019411327275311195*a^282 - 3858306766470454918320952503*a^280 + 
    6594233395015099512982037568*a^278 - 2291442753364874790312123896*a^276 - 
    931648872657371968005249442*a^274 + 4848642182287346380373776713*a^272 - 
    3318790704924417751451770829*a^270 + 2183739608816438446122540657*a^268 - 
    6884331648133178830149026478*a^266 - 3602553478951412577784078372*a^264 - 
    2208414632644872778847089139*a^262 - 2738927644956210932424881502*a^260 - 
    7686269922557294643696852143*a^258 - 7673932410643077477334577902*a^256 - 
    5564217873311942029385682691*a^254 + 592200571882423985389163568*a^252 - 
    6144080933280148848412572018*a^250 + 6884331648133178830149026478*a^248 + 
    283762774026994826332307543*a^246 - 2714252621127776599700333020*a^244 + 
    6816308609471008507502973906*a^242 - 6082393373709063016601200813*a^240 + 
    6970694231532698994684946165*a^238 - 8278470494439718629086015711*a^236 - 
    308437797855429159056856025*a^234 - 6538881314535098172005347730*a^232 - 
    222075214455908994520936338*a^230 + 8118082839554895466376450578*a^228 + 
    3047365442811640091481737527*a^226 + 3701253574265149908682272300*a^224 - 
    7377832124701865484639996118*a^222 + 333112821683863491781404507*a^220 - 
    616875595710858318113712050*a^218 - 5835643135424719689355715993*a^216 + 
    6773294040905224332888558309*a^214 + 6662256433677269835628090140*a^212 + 
    6526543802620881005643073489*a^210 + 4737604575059391883113308544*a^208 + 
    8303145518268152961810564193*a^206 + 6946019207704264661960397683*a^202 + 
    2553864966242953436990767887*a^200 - 1295438750992802468038795305*a^198 - 
    1566864013105580128008828607*a^196 + 2109714537331135447948895211*a^194 - 
    5564217873311942029385682691*a^192 + 3713591086179367075044546541*a^190 - 
    4959679789515300877634244882*a^188 - 3170740561953811755104479937*a^186 + 
    6094730885623280182963475054*a^184 - 2023351953931615283412975524*a^182 - 
    3824628693407321572305014710*a^180 - 1332451286735453967125618028*a^178 + 
    1505176453534494296197457402*a^176 + 518175500397120987215518122*a^174 + 
    4009691372120579067739128325*a^172 + 6637581409848835502903541658*a^170 - 
    6237445888306657134397350058*a^168 - 7007706767275350493771768888*a^166 - 
    7118744374503304991032237057*a^164 - 6144080933280148848412572018*a^162 + 
    1135051096107979305329230172*a^160 + 7118744374503304991032237057*a^158 + 
    949988417394721809895116557*a^156 - 1887639322875226453427958873*a^154 + 
    2122052049245352614311169452*a^152 + 7143419398331739323756785539*a^150 + 
    8303145518268152961810564193*a^148 - 8204445422954415630912370265*a^146 - 
    7476532220015602815538190046*a^144 + 5416167730341336033038391799*a^142 - 
    1517513965448711462559731643*a^140 - 5033704861000603875807890328*a^138 - 
    6440181219221360841107153802*a^136 - 135712631056388829985016651*a^134 + 
    5144742468228558373068358497*a^132 + 5465517777998204698487488763*a^130 + 
    5551880361397724863023408450*a^128 - 1221413679507499469865149859*a^126 - 
    1270763727164368135314246823*a^124 + 6316806100079189177484411392*a^122 + 
    6489531266878229506556250766*a^120 - 370125357426514990868227230*a^116 - 
    8007045232326940969115982409*a^114 + 5243442563542295703966552425*a^112 + 
    4737604575059391883113308544*a^110 - 1899976834789443619790233114*a^108 + 
    5971355766481108519340732644*a^106 + 5835643135424719689355715993*a^104 + 
    1085701048451110639880133208*a^102 + 2652565061556690767888961815*a^100 + 
    2590877501985604936077590610*a^98 + 1677901620333534625269296776*a^96 + 
    7822649446149587104296045780*a^94 - 2233089656473307111571637621*a^92 + 
    2961002859412119926945817840*a^90 + 7525882267672471480987287010*a^88 - 
    1468163917791842797110634679*a^86 + 6649918921763052669265815899*a^84 - 
    7266794517473910987379527949*a^82 + 4429166777203962724056452519*a^80 - 
    7612244851071991645523206697*a^78 - 5687592992454113693008425101*a^76 - 
    1246088703335933802589698341*a^74 - 85671682732324003219632329504*a^72 - 
    131271126767270650094597924240*a^70 - 56419441983715101774680104093*a^68 + 
    185728904356625222417676424014*a^66 + 21047795325654485814039855146*a^64 - 
    236263353157258735837551715150*a^62 + 40824826924144603492765463469*a^60 - 
    192884661266871178907795483794*a^58 - 107743491546858513841740946653*a^56 - 
    292238644712062019623189946567*a^54 - 74901034831212416985366917111*a^52 + 
    39874838506749881682870346912*a^50 - 8525220732724061956331500531*a^48 - 
    81538616241061252488270458769*a^46 + 75628948034151229800741097330*a^44 + 
    137045082343124283952142269028*a^42 + 217411634952334905635996674902*a^40 + 
    128149736252973707004942541267*a^38 - 120142691020646766035826558858*a^36 + 
    56135679209688106948347796550*a^34 - 167864187104838765525103323046*a^32 + 
    19752356574661683346001059841*a^30 - 256657260351459711834391035523*a^28 - 
    261172789712063194722983407729*a^26 - 121475142307382220002952176886*a^24 + 
    175932919896736792326030676660*a^22 + 190635899635804136476790687002*a^20 + 
    270734361445581498653745944504*a^18 + 61773922154485351975907124687*a^16 + 
    217485660023820208634170320348*a^14 + 225184267458291720444229446732*a^12 + 
    115442098981330025651800073037*a^10 + 239026955826043381102701145134*a^8 - 
    212476630186648039091086978502*a^6 + 238804880611587472108180208796*a^4 + 
    307487809438034437246960908443*a^2 + 36942301881821849335784580838)*a^300 + 
    O(a^5773) (-3678912674312378283107343269*a^299 + 
    2677906977921028731227687283*a^297 - 7833986619259948824737054542*a^295 + 
    1405142573148949704070909502*a^293 + 8124084872378028141904043452*a^291 - 
    8050393247160676959037486499*a^289 + 4915664882145661257098563806*a^287 - 
    6193764427204969329168757475*a^285 - 1899336978437427974200955195*a^283 + 
    7088067317851737982780095701*a^281 + 841618380310381835091356332*a^279 + 
    2799948311991393133622075721*a^277 - 7093735904406918843000600082*a^275 - 
    5613567920968810694834779655*a^273 - 6884331648133178830149026478*a^271 - 
    4762279598887826215837857026*a^269 + 5243442563542295703966552425*a^267 - 
    1246088703335933802589698341*a^265 - 7834320065527900640044143035*a^263 - 
    6193430980937017513861668982*a^261 + 3651903526608281243233175336*a^259 + 
    2220752144559089945209363380*a^257 + 7427182172358734150089093082*a^255 + 
    8266132982525501462723741470*a^253 + 3898653764892624570478660156*a^251 - 
    2159064584988004113397992175*a^249 - 777263250595681480823277183*a^247 - 
    6637581409848835502903541658*a^245 - 3664241038522498409595449577*a^243 + 
    3331128216838634917814045070*a^241 + 8229120446782849963636918747*a^239 - 
    1468163917791842797110634679*a^237 - 4972017301429518043996519123*a^235 + 
    4293454146147573894071435868*a^233 - 3257103145353331919640399624*a^231 - 
    5959018254566891352978458403*a^229 + 962325929308938976257390798*a^227 + 
    863625833995201645359196870*a^225 + 518175500397120987215518122*a^223 - 
    6267456052422320512035314428*a^221 + 4959679789515300877634244882*a^219 + 
    1838289275218357787978861909*a^217 + 4441504289118179890418726760*a^215 - 
    1603876548848231627095651330*a^213 + 7501207243844037148262738528*a^211 - 
    7747957482128380475508223348*a^209 + 4083716443605882065912773771*a^207 - 
    991669200888698723281178182*a^205 - 1443488893963408464386086197*a^203 - 
    3318790704924417751451770829*a^201 - 7353157100873431151915447636*a^199 + 
    1924651858617877952514781596*a^197 + 4170079027005402230448693458*a^195 + 
    7094069350674870658307688575*a^193 - 246750238284343327245484820*a^191 - 
    6711606481334138501077187104*a^189 + 1085701048451110639880133208*a^187 + 
    1739589179904620457080667981*a^185 - 4959679789515300877634244882*a^183 - 
    246750238284343327245484820*a^181 - 5786293087767851023906619029*a^179 - 
    4281116634233356727709161627*a^177 - 7377832124701865484639996118*a^175 + 
    8068732791898026800927353614*a^173 + 1838289275218357787978861909*a^171 - 
    8204445422954415630912370265*a^169 + 8130420351469112632738724819*a^167 + 
    4318129169976008226795984350*a^165 + 974663441223156142619665039*a^163 - 
    1862964299046792120703410391*a^161 + 320775309769646325419130266*a^159 + 
    4947342277601083711271970641*a^157 - 542850524225555319940066604*a^155 - 
    6070055861794845850238926572*a^153 + 37012535742651499086822723*a^151 + 
    5551880361397724863023408450*a^149 - 7772632505956814808232771830*a^147 - 
    7994707720412723802753708168*a^145 - 5428505242255553199400666040*a^143 + 
    1246088703335933802589698341*a^141 + 5021367349086386709445616087*a^139 - 
    6871994136218961663786752237*a^137 + 7575232315329340146436383974*a^135 - 
    2442827359014998939730299718*a^133 + 7625735906832096172947841130*a^131 - 
    777263250595681480823277183*a^129 + 2800615204527296764236252707*a^127 - 
    7254457005559693821017253708*a^125 - 4305791658061791060433710109*a^123 + 
    4811629646544694881286953990*a^121 - 1875301810961009287065684632*a^119 + 
    1714914156076186124356119499*a^117 + 8266132982525501462723741470*a^115 - 
    8142757863383329799100999060*a^113 - 3010352907068988592394914804*a^111 + 
    6489531266878229506556250766*a^109 - 3047365442811640091481737527*a^107 - 
    6218106004765451846586217464*a^105 - 7649257386814643144610029420*a^103 + 
    493500476568686654490969640*a^101 + 4046703907863230566825951048*a^99 + 
    3836966205321538738667288951*a^97 - 7970032696584289470029159686*a^95 + 
    1036351000794241974431036244*a^93 + 6033043326052194351152103849*a^91 + 
    6612906386020401170178993176*a^89 + 1665564108419317458907022535*a^87 - 
    703238179110378482649631737*a^85 + 900638369737853144446019593*a^83 - 
    456487940826035155404146917*a^81 - 345450333598080658143678748*a^79 - 
    1776601715647271956167490704*a^77 + 1936989370532095118877055837*a^75 + 
    4762279598887826215837857026*a^73 - 6600568874106184003816718935*a^71 - 
    1579201525019797294371102848*a^69 - 7402507148530299817364544600*a^67 - 
    4947342277601083711271970641*a^65 + 5551880361397724863023408450*a^63 - 
    4478516824860831389505549483*a^61 - 86362583399520164535919687*a^59 + 
    7228448196659452227064351254*a^57 - 1949326882446312285239330078*a^55 + 
    7599907339157774479160932456*a^53 + 7402507148530299817364544600*a^51 + 
    2862302764098382596047623912*a^49 - 4515529360603482888592372206*a^47 - 
    2973340371326337093308092081*a^45 - 6871994136218961663786752237*a^43 + 
    2282439704130175777020734585*a^41 + 616875595710858318113712050*a^39 + 
    5144742468228558373068358497*a^37 - 210983791245027761961251795341*a^35 + 
    77788012619139233914139089505*a^33 + 181238050019850173861808600290*a^31 - 
    230588097676718839310905564290*a^29 + 65709588455120628045472607566*a^27 - 
    192859986243042744575070935312*a^25 - 86547646078233422031353800615*a^23 + 
    27870439414216578812377510419*a^21 + 149123506507142889820808750967*a^19 + 
    302417092041291181872066195392*a^17 + 116244037255754141465347898702*a^15 + 
    192526873421358881083289530805*a^13 - 172478416560755985744593889180*a^11 - 
    106275327629066671044630311974*a^9 - 204827372799833395946476949082*a^7 + 
    274213539805390739567907280466*a^5 - 14212813725178175649339925632*a^3 + 
    48054608905875862981058168695*a + 195938229847573780048425345281)*a^300 + 
    O(a^5736) (2172735881974028540988620388*a^299 + 
    1702243197894017142686756765*a^297 - 1039018570937856496887744188*a^295 + 
    1572866045928712803536421481*a^293 + 1022679703808217546840408031*a^291 + 
    2025686077807277990562594975*a^289 + 7605575925712955339381436837*a^287 - 
    7470530187192470140010597172*a^285 + 4082463767085738759759117000*a^283 + 
    7526882606476326926908552489*a^281 + 5353479831966394755305755115*a^279 - 
    5538542510679652250739868730*a^277 + 8329821219704298186377643633*a^275 + 
    7439519684272951316451367323*a^273 - 7168094422160173656481334021*a^271 - 
    8401845613581890292708758121*a^269 - 8377170589753455959984209639*a^267 - 
    8414183125496107459071032362*a^265 + 5255780075456512870328826666*a^263 - 
    5860318159253154022080264475*a^261 + 3392815776409720749625416275*a^259 - 
    8253795470611284296361467229*a^257 + 3047365442811640091481737527*a^255 - 
    2627890037728256435164413333*a^253 - 8204445422954415630912370265*a^251 - 
    3664241038522498409595449577*a^249 - 1468163917791842797110634679*a^247 + 
    8290808006353935795448289952*a^245 + 6131743421365931682050297777*a^243 - 
    2442827359014998939730299718*a^241 + 7205106957902825155568156744*a^239 - 
    1665564108419317458907022535*a^237 + 357787845512297824505952989*a^235 - 
    4034366395949013400463676807*a^233 + 493500476568686654490969640*a^231 + 
    7205106957902825155568156744*a^229 - 2220752144559089945209363380*a^227 + 
    542850524225555319940066604*a^225 + 2245427168387524277933911862*a^223 - 
    5724605528196765192095247824*a^221 + 2072702001588483948862072488*a^219 - 
    7020044279189567660134043129*a^217 + 987000953137373308981939280*a^215 + 
    172725166799040329071839374*a^213 + 6255118540508103345673040187*a^211 + 
    8278470494439718629086015711*a^209 + 7933020160841637970942336963*a^207 - 
    2720921546486812905842102880*a^205 - 6119405909451714515688023536*a^203 - 
    3220090609610680420553576901*a^201 - 5329805146941815868502472112*a^199 - 
    3787616157664670073218191987*a^197 + 2936327835583685594221269358*a^195 + 
    5502530313740856197574311486*a^193 - 4009691372120579067739128325*a^191 - 
    2652565061556690767888961815*a^189 + 3133728026211160256017657214*a^187 + 
    8241457958697067129999192988*a^185 + 1073363536536893473517858967*a^183 + 
    2011014442017398117050701283*a^181 - 7192769445988607989205882503*a^179 + 
    5860318159253154022080264475*a^177 - 5823305623510502522993441752*a^175 + 
    160387654884823162709565133*a^173 + 2627890037728256435164413333*a^171 - 
    1369463822478105466212440751*a^169 + 4564879408260351554041469170*a^167 - 
    1455826405877625630748360438*a^165 - 2344127263701261608832105790*a^163 + 
    6600568874106184003816718935*a^161 + 4219429074662270895897790422*a^159 - 
    2652565061556690767888961815*a^157 + 7032381791103784826496317370*a^155 - 
    7180431934074390822843608262*a^153 - 4823967158458912047649228231*a^151 - 
    2159064584988004113397992175*a^149 - 1233751191421716636227424100*a^147 + 
    3133728026211160256017657214*a^145 - 2159064584988004113397992175*a^143 + 
    3738266110007801407769095023*a^141 - 8377170589753455959984209639*a^139 + 
    7575232315329340146436383974*a^137 + 8192107911040198464550096024*a^135 - 
    3701253574265149908682272300*a^133 + 831110316839251655413918958*a^131 - 
    4157741515091185064086419217*a^129 - 4972017301429518043996519123*a^127 - 
    4318129169976008226795984350*a^125 + 8414183125496107459071032362*a^123 + 
    3281778169181766252364948106*a^121 - 5712268016282548025732973583*a^119 - 
    1431151382049191298023811956*a^117 + 7575232315329340146436383974*a^115 + 
    6723943993248355667439461345*a^113 + 2442827359014998939730299718*a^111 + 
    715575691024595649011905978*a^109 + 1924651858617877952514781596*a^107 + 
    2738927644956210932424881502*a^105 + 2196077120730655612484814898*a^103 + 
    6785631552819441499250832550*a^101 - 5551880361397724863023408450*a^99 - 
    3910991276806841736840934397*a^97 - 7513544755758254314625012769*a^95 + 
    2973340371326337093308092081*a^93 - 3775278645750452906855917746*a^91 - 
    3133728026211160256017657214*a^89 - 3985016348292144735014579843*a^87 - 
    123375119142171663622742410*a^85 + 3651903526608281243233175336*a^83 - 
    7390169636616082651002270359*a^81 - 8204445422954415630912370265*a^79 + 
    3207753097696463254191302660*a^77 - 7020044279189567660134043129*a^75 - 
    7143419398331739323756785539*a^73 + 5687592992454113693008425101*a^71 - 
    1665564108419317458907022535*a^69 - 4897992229944215045822873677*a^67 - 
    1135051096107979305329230172*a^65 - 1061026024622676307155584726*a^63 + 
    6526543802620881005643073489*a^61 + 1517513965448711462559731643*a^59 - 
    1594873499613532613804262019*a^57 + 1492838941620277129835183161*a^55 + 
    666225643367726983562809014*a^53 + 5810968111596285356631167511*a^51 + 
    4404491753375528391331904037*a^49 + 3281778169181766252364948106*a^47 - 
    7192769445988607989205882503*a^45 + 5773955575853633857544344788*a^43 + 
    4564879408260351554041469170*a^41 + 4157741515091185064086419217*a^39 - 
    246750238284343327245484820*a^37 + 48054608905875862981058168695*a^35 + 
    100081896648129653530768642992*a^33 + 199189129855036150918917620945*a^31 + 
    305193032221990044303577899617*a^29 + 140487248167190873367216782267*a^27 - 
    118267389209685756748760874226*a^25 + 6625243897934618336541267417*a^23 - 
    304539144090536534486377364844*a^21 - 142103462227953322160674707838*a^19 + 
    261999403010315744869255781876*a^17 - 242888597055193354174092982567*a^15 - 
    300159327360989440427770009289*a^13 - 272054475220402735454509288291*a^11 - 
    103079912043284424956801283555*a^9 - 95344292073070261647655334448*a^7 + 
    120956966806985099015736658764*a^5 + 309708561582593527192170271823*a^3 - 
    184347103022232899785101709022*a - 155189661889333146332417090222)*a^300 + 
    O(a^5736) -257545561209283347812474780875*a^298 - 
    169480401165601214318561248617*a^296 + 259692288282357134759510498809*a^294 
    + 102364336352259829307789377577*a^292 + 
    282368635180688286533370553767*a^290 + 53557139219616719178632480181*a^288 +
    66215426443603531866325851447*a^286 + 16791353715249563419055242001*a^284 + 
    11942711532962217038681465288*a^282 - 88262560234309608155709920114*a^280 - 
    50744186503175205248033953233*a^278 + 49041609859013236290040107975*a^276 + 
    9179108864177571773532035304*a^274 - 273892764495621093242488150200*a^272 - 
    131012039017072089600990165179*a^270 + 300825553004357167411332818303*a^268 
    - 210440940720802206641311728737*a^266 + 
    140141797833592792709073103519*a^264 + 10499222638998808574295379091*a^262 +
    33780107621126601499906871858*a^260 + 185334103975370273094083648302*a^258 -
    54778552899124218648497630040*a^256 + 189442495442804589492720970555*a^254 +
    236460753347886210499348103006*a^252 + 45648794082603515540414691700*a^250 -
    1369463822478105466212440751*a^248 - 178943272803805780918425591464*a^246 - 
    170270001928111112965746800041*a^244 + 116404424910638964628057463835*a^242 
    + 170270001928111112965746800041*a^240 - 
    222309627182279120681819548579*a^238 - 191268447206108730114337558223*a^236 
    - 113209009324856718540228435416*a^234 - 11412198520650878885103672925*a^232
    + 182595176330414062161658766800*a^230 - 
    305390432412617518965374287473*a^228 - 81711341407860292817342298143*a^226 -
    197202790436847187134591468144*a^224 - 75320510236295800641684241305*a^222 -
    141511261656070898175285544270*a^220 + 57060992603254394425518364625*a^218 +
    293065258010314569769462320714*a^216 + 241938608637798632364197866010*a^214 
    - 150641020472591601283368482610*a^212 - 
    281196571548837655728954500872*a^210 - 285761450957098007282995970042*a^208 
    + 189442495442804589492720970555*a^206 + 
    227787482472191542546669311583*a^204 + 298999601241053026789716230635*a^202 
    - 91297588165207031080829383400*a^200 + 82624317289512363128150591977*a^198 
    + 147902092827635390350943601108*a^196 - 
    148815068709287460661751894942*a^194 - 262024078034144179201980330358*a^192 
    - 127360135490463808357756989843*a^190 + 14151126165607089817528554427*a^188
    - 300825553004357167411332818303*a^186 - 
    305390432412617518965374287473*a^184 + 237373729229538280810156396840*a^182 
    - 9586246757346738263487085257*a^180 + 53865577017472148337689336206*a^178 +
    134207454602854335688819193598*a^176 - 263393541856622284668192771109*a^174 
    - 92667051987685136547041824151*a^172 - 202680645726759608999441231148*a^170
    + 255275459017067389201816320531*a^168 - 47474745845907656162031279368*a^166
    - 2282439704130175777020734585*a^164 - 214549332188236523039949050990*a^162 
    - 47474745845907656162031279368*a^160 - 67103727301427167844409596799*a^158 
    + 7760294994042597641870497589*a^156 + 54322064958298183493093483123*a^154 -
    218201235714844804283182226326*a^152 - 244221048341928808141218600595*a^150 
    - 301738528886009237722141112137*a^148 + 63451823774818886601176421463*a^146
    + 245590512164406913607431041346*a^144 - 
    307672872116747694742395022058*a^142 + 293978233891966640080270614548*a^140 
    + 17803029692215371060761729763*a^138 - 295347697714444745546483055299*a^136
    + 211810404543280312107524169488*a^134 - 
    141511261656070898175285544270*a^132 + 111839545502378613074015994665*a^130 
    - 86276220816120644371383767313*a^128 - 237373729229538280810156396840*a^126
    + 81711341407860292817342298143*a^124 - 141054773715244863019881397353*a^122
    - 279827107726359550262742060121*a^120 - 
    298543113300226991634312083718*a^118 - 89015148461076855303808648815*a^116 +
    2738927644956210932424881502*a^114 - 34236595561952636655311018775*a^112 - 
    133294478721202265378010899764*a^110 + 194463862791890976202166586642*a^108 
    + 136033406366158476310435781266*a^106 + 
    299912577122705097100524524469*a^104 - 160683755170764374702259714784*a^102 
    - 305390432412617518965374287473*a^100 - 33780107621126601499906871858*a^98 
    + 127816623431289843513161136760*a^96 + 199300167462264105416178089114*a^94 
    + 239656168933668456587177131425*a^92 + 295804185655270780701887202216*a^90 
    - 44735818200951445229606397866*a^88 - 293065258010314569769462320714*a^86 -
    168900538105633007499534359290*a^84 + 294891209773618710391078908382*a^82 + 
    54322064958298183493093483123*a^80 - 277088180081403339330317178619*a^78 - 
    99514371100075663878104027906*a^76 - 37432011147734882743140047194*a^74 + 
    3341491726846577337558355432440*a^72 + 4450300935113016730035028293833*a^70 
    + 6871056485313481159143219394684*a^68 + 
    3317754353923623509477339792756*a^66 + 6239277175210248504063880061556*a^64 
    - 2234964958284268120858703305632*a^62 + 
    1198280844668342282935885657125*a^60 - 2769968824932381322992363492356*a^58 
    - 1863383774451875504359727715194*a^56 - 
    2426689893431202886128445010772*a^54 + 6355225112180061433536533378474*a^52 
    - 1477651464453875798043223570329*a^50 - 
    6708546778379412643819343092232*a^48 - 1067725293592096228490299638863*a^46 
    - 849980545818077459362521559454*a^44 - 1796280047150448336515318118395*a^42
    + 6693482676332153483691006243971*a^40 + 
    2505662307194106968013362427413*a^38 + 8325427064785229164260831472246*a^36 
    - 8895124014936121038205206824662*a^34 + 
    7092453136614108209514230649429*a^32 - 9741452657227590216324495208780*a^30 
    + 10842501570499987011159297572584*a^28 - 
    8221347814276893148828685975170*a^26 - 117773888733117070094269904586*a^24 -
    7578156305653009614864242969117*a^22 - 6881444670345252013220254305606*a^20 
    + 2029545384912552300926837192982*a^18 + 
    8787392860901176741529828152250*a^16 - 2667259038246523413026430436031*a^14 
    + 4208362326475218097670830427823*a^12 - 
    9838228100682709669270174355184*a^10 + 3769677415341398313327445240586*a^8 -
    3447396929118217493612117517184*a^6 - 6359333503647495749935170700727*a^4 - 
    8552301571375768636496692489995*a^2 + 8573538741029153076351781792114 + 
    O(a^5773) 130308800837961711118340533442*a^298 + 
    213377268556385892235532998095*a^296 - 30066516534947234424862325317*a^294 -
    32682069060761273693664464409*a^292 + 122079680391178861154703614695*a^290 -
    70940693506748706583076885750*a^288 - 182151025901502244172616894124*a^286 +
    299678164396334970939641313890*a^284 + 205666323610000163259111597470*a^282 
    + 169825851499199294976704927365*a^280 + 35186583979347358465206135332*a^278
    + 97528031681886700093777875105*a^276 + 27932126973787664644188881624*a^274 
    + 280283595667185585418146207038*a^272 + 
    216375283951540663661565638658*a^270 - 60256408189036640513347393044*a^268 +
    201311181904281503533228790397*a^266 + 215918796010714628506161491741*a^264 
    + 77602949940425976418704975890*a^262 + 304020968590139413499161846722*a^260
    - 246959975986885019073643482097*a^258 + 89928124342728925614616942649*a^256
    - 61625872011514745979559833795*a^254 - 262024078034144179201980330358*a^252
    + 239656168933668456587177131425*a^250 - 
    106361690212466191209166231661*a^248 + 139228821951940722398264809685*a^246 
    + 12781662343128984351316113676*a^244 - 35680084455916045119697104972*a^242 
    - 218657723655670839438586373243*a^240 + 
    297630137418574921323503789884*a^238 - 220483675418974980060202960911*a^236 
    + 212266892484106347262928316405*a^234 - 
    271610324791490917465467415615*a^232 + 219570699537322909749394667077*a^230 
    - 169357026046459042654938506207*a^228 + 23737372922953828081015639684*a^226
    + 83993781111990468594363032728*a^224 - 129642575194593984134777724428*a^222
    - 111383057561552577918611847748*a^220 - 58430456425732499891730805376*a^218
    - 271610324791490917465467415615*a^216 - 
    210897428661628241796715875654*a^214 - 11868686461476914040507819842*a^212 +
    198572254259325292600803908895*a^210 + 148358580768461425506347748025*a^208 
    - 73951046413817695175471800554*a^206 - 240112656874494491742581278342*a^204
    - 62538847893166816290368127629*a^202 - 167987562223980937188726065456*a^200
    + 64364799656470956911984715297*a^198 + 206332549253367890242674406484*a^196
    + 58430456425732499891730805376*a^194 + 110470081679900507607803553914*a^192
    - 145163165182679179418518719606*a^190 + 
    120969304318899316182098933005*a^188 + 210897428661628241796715875654*a^186 
    + 59799920248210605357943246127*a^184 - 7760294994042597641870497589*a^182 -
    278001155963055409641125472453*a^180 - 147445604886809355195539454191*a^178 
    - 53865577017472148337689336206*a^176 - 131925014898724159911798459013*a^174
    - 236460753347886210499348103006*a^172 + 26932788508736074168844668103*a^170
    + 8019382744241158135478256650*a^168 - 196289814555195116823783174310*a^166 
    - 22824397041301757770207345850*a^164 + 180312736626283886384638032215*a^162
    + 204050109549237714465653671899*a^160 + 
    172552441632241288742767534626*a^158 + 79885389644556152195725710475*a^156 +
    23280884982127792925611492767*a^154 + 131925014898724159911798459013*a^152 +
    143337213419375038796902131938*a^150 + 80341877585382187351129857392*a^148 -
    69842654946383378776834478301*a^146 + 16890053810563300749953435929*a^144 - 
    156575363703330058303622392531*a^142 - 286674426838750077593804263876*a^140 
    + 49300697609211796783647867036*a^138 - 202680645726759608999441231148*a^136
    - 258372174507535897958747155022*a^134 - 
    285304963016271972127591823125*a^132 - 248785927750189159695260069765*a^130 
    - 38801474970212988209352487945*a^128 + 130099063135420019290181871345*a^126
    + 164335658697372655945492890120*a^124 - 23737372922953828081015639684*a^122
    + 76689974058773906107896682056*a^120 - 89015148461076855303808648815*a^118 
    - 95862467573467382634870852570*a^116 + 113665497265682753695632582333*a^114
    + 131925014898724159911798459013*a^112 - 23280884982127792925611492767*a^110
    - 289413354483706288526229145378*a^108 - 
    233265337762103964411519074587*a^106 - 44735818200951445229606397866*a^104 +
    179399760744631816073829738381*a^102 + 16433565869737265594549289012*a^100 -
    160227267229938339546855567867*a^98 + 256089734803405722181726420437*a^96 - 
    67190089884826688008945516486*a^94 - 122795256082203456803715520673*a^92 - 
    167531074283154902033321918539*a^90 - 78972413762904081884917416641*a^88 + 
    81254853467034257661938151226*a^86 - 136489894306984511465839928183*a^84 - 
    163422682815720585634684596286*a^82 - 106818178153292226364570378578*a^80 + 
    174378393395545429364384122294*a^78 + 293978233891966640080270614548*a^76 - 
    23737372922953828081015639684*a^74 + 8246911138963151117531318202522*a^72 + 
    1441588917128619020766295963886*a^70 - 11161586641137385584786796267567*a^68
    + 917084273119504627206931156253*a^66 + 9192297664413869924373306467629*a^64
    - 2656303327666698569296730910023*a^62 + 
    8186654730774114477017970809478*a^60 - 4736518874010940772473428410792*a^58 
    - 6804409245952880026454213944802*a^56 + 
    5768638108218606258842204590129*a^54 + 3413616821497090892112210645326*a^52 
    - 6551971414676082585515720699701*a^50 - 
    6584382058474731081549415130808*a^48 - 4196493640013741183630322607981*a^46 
    - 1178651863212822771253507339694*a^44 - 
    1548863583222737282286270489381*a^42 + 1510062108252524294076918001436*a^40 
    - 5198941158067714384897829237713*a^38 - 
    5987752319815103133436195110289*a^36 - 5308498263865962822194824497793*a^34 
    + 9382196647797500549021431585101*a^32 + 
    7260897186778915181858360861802*a^30 - 5889607412537505575024303523134*a^28 
    - 5201223597771844560674849972298*a^26 + 
    9337917317537375138947229334152*a^24 + 465617699642555858512229855340*a^22 +
    6894386720343265820734279984415*a^20 + 8094444166727255375626333132244*a^18 
    - 6286751921056156160225911340924*a^16 + 164792146638198691100897037037*a^14
    + 3175786604326726576146650101569*a^12 + 
    1959246242025342886994598567764*a^10 + 5810178510833775457983981959576*a^8 +
    2229030615053529663838449395711*a^6 - 6541472192037083776941425320610*a^4 - 
    566501534565109627856546323997*a^2 + 294869804216392952698551176745 + 
    O(a^5773) 98749445361394199563643024964*a^299 - 
    263430554392364936167279593832*a^297 + 133343828768859134043459996728*a^295 
    + 228774483425328915855651250863*a^293 - 
    225307642577433892107852189142*a^291 - 286921177077034420921049748696*a^289 
    + 130432175957103882781963275852*a^287 + 
    311460488274412364815613214045*a^285 - 84224192483145172971561181391*a^283 -
    292744482700544923444043190448*a^281 - 301491778647724894394895627317*a^279 
    + 184815928474973152106868130180*a^277 - 
    266107794477750061267893104129*a^275 + 143337213419375038796902131938*a^273 
    - 311324775643355975985628197394*a^271 - 12781662343128984351316113676*a^269
    + 266588957442404530756021799528*a^267 - 
    254263783040101581560109832769*a^265 - 295347697714444745546483055299*a^263 
    - 164335658697372655945492890120*a^261 - 
    132837990780376230222606752847*a^259 - 174378393395545429364384122294*a^257 
    + 230069922176321718323690046168*a^255 - 80798365526208222506534004309*a^253
    - 38801474970212988209352487945*a^251 - 234178313643756034722327368421*a^249
    + 296260673596096815857291349133*a^247 + 89928124342728925614616942649*a^245
    - 254263783040101581560109832769*a^243 + 71212118768861484243046919052*a^241
    - 99970859040901699033508174823*a^239 - 280283595667185585418146207038*a^237
    + 101796810804205839655124762491*a^235 + 
    120969304318899316182098933005*a^233 + 135120430484506405999627487432*a^231 
    + 226874506590539472235861017749*a^229 - 68473191123905273310622037550*a^227
    + 267958421264882636222234240279*a^225 + 
    307216384175921659586990875141*a^223 - 284848475075445936972187676208*a^221 
    - 157031851644156093459026539448*a^219 + 
    168444050164806972344130212373*a^217 + 275718716258925233864104737868*a^215 
    + 76233486117947870952492535139*a^213 - 44735818200951445229606397866*a^211 
    + 97688419336771523256487440238*a^209 + 120512816378073281026694786088*a^207
    + 262135115641372133699240798527*a^205 + 57517480544080429580922511542*a^203
    - 256089734803405722181726420437*a^201 + 1825951763304140621616587668*a^199 
    + 35149571443604706966119312609*a^197 + 47931233786733691317435426285*a^195 
    + 200398206022629433222420496563*a^193 - 83993781111990468594363032728*a^191
    - 106361690212466191209166231661*a^189 - 80341877585382187351129857392*a^187
    + 207702013075845995708886847235*a^185 - 
    153836436058373847371197511029*a^183 - 278914131844707479951933766287*a^181 
    - 275262228318099198708700590951*a^179 - 
    118230376673943105249674051503*a^177 + 139228821951940722398264809685*a^175 
    - 131468526957898124756394312096*a^173 + 
    135120430484506405999627487432*a^171 + 281653059489663690884358647789*a^169 
    - 112296033443204648229420141582*a^167 - 
    267958421264882636222234240279*a^165 - 99057883159249628722699880989*a^163 -
    201767669845107538688632937314*a^161 + 172095953691415253587363387709*a^159 
    + 150641020472591601283368482610*a^157 + 
    280740083608011620573550353955*a^155 + 123251744023029491959119667590*a^153 
    - 268871397146534706533042534113*a^151 - 
    231439385998799823789902486919*a^149 - 122338768141377421648311373756*a^147 
    + 155205899880851952837409951780*a^145 - 
    269784373028186776843850827947*a^143 + 14151126165607089817528554427*a^141 +
    259285150389187968269555448856*a^139 + 52496113194994042871476895455*a^137 +
    26476300567910039013440521186*a^135 + 108644129916596366986186966246*a^133 +
    300026282300076666120241700582*a^131 - 7303807053216562486466350672*a^129 - 
    32867131739474531189098578024*a^127 - 191724935146934765269741705140*a^125 -
    147902092827635390350943601108*a^123 - 135576918425332441155031634349*a^121 
    + 199941718081803398067016349646*a^119 + 
    195833326614369081668379027393*a^117 + 78972413762904081884917416641*a^115 -
    248785927750189159695260069765*a^113 + 87189196697772714682192061147*a^111 +
    103166274626683945121337203242*a^109 + 130099063135420019290181871345*a^107 
    + 284391987134619901816783529291*a^105 - 
    179856248685457851229233885298*a^103 + 111383057561552577918611847748*a^101 
    - 193550886910238905891358292808*a^99 + 155205899880851952837409951780*a^97 
    - 151097508413417636438772629527*a^95 + 5477855289912421864849763004*a^93 - 
    76689974058773906107896682056*a^91 + 218657723655670839438586373243*a^89 - 
    161596731052416445013068008618*a^87 - 110926569620726542763207700831*a^85 - 
    287587402720402147904612557710*a^83 + 197202790436847187134591468144*a^81 + 
    2738927644956210932424881502*a^79 + 245590512164406913607431041346*a^77 + 
    24650348804605898391823933518*a^75 + 201767669845107538688632937314*a^73 - 
    16433565869737265594549289012*a^71 + 45192306141777480385010544783*a^69 - 
    41996890555995234297181516364*a^67 + 66190751419775097533601302965*a^65 - 
    311781263584182011141032344311*a^63 - 247416463927711054229047629014*a^61 + 
    111383057561552577918611847748*a^59 + 192058047968618628761523109647*a^57 + 
    37432011147734882743140047194*a^55 - 170270001928111112965746800041*a^53 + 
    136033406366158476310435781266*a^51 + 193094398969412870735954145891*a^49 - 
    228700458353843612857477605417*a^47 + 296717161536922851012695496050*a^45 + 
    258828662448361933114151301939*a^43 - 52039625254168007716072748538*a^41 + 
    285304963016271972127591823125*a^39 + 302651504767661308032949405971*a^37 + 
    10679991863565918495835421270132*a^35 + 
    10001650783498430254904858951470*a^33 - 2005351524048772437690417406381*a^31
    - 419968905559952342971815163640*a^29 + 1610945943175078063421234470093*a^27
    + 11455564875029352224867066882115*a^25 + 
    3652360014549107278388579482917*a^23 - 3954555031375942551266124741971*a^21 
    - 6742326886000539245319249964090*a^19 + 
    4872552280377099248783864192058*a^17 - 2401126568744944917425812783420*a^15 
    - 269784373028186776843850827947*a^13 - 2323067130863692905851703660613*a^11
    - 6055769022998182371591413000922*a^9 - 4541598523278223761115857677233*a^7 
    - 6096396449731699500422382076535*a^5 + 6638247635492203229887104467014*a^3 
    - 9861965473605663497351189994868*a + 11100565043222001211921900417890 + 
    O(a^5736) 166161610460676796567109477788*a^299 + 
    200558593677514256385130061696*a^297 - 63636886453532144096610535078*a^295 -
    301356066016668505564910610666*a^293 - 238989943290300729603614322411*a^291 
    - 189837295824059538816313746267*a^289 + 
    171602453214846566932872418069*a^287 + 42885191413818870275265261716*a^285 -
    224939517897615088008826492870*a^283 + 101636423149321016492415197358*a^281 
    - 77738662571482365248689992541*a^279 - 121277742116754745341155789030*a^277
    - 264269505202531703479914242220*a^275 + 42909866437647304607989810198*a^273
    - 94949491691815312324062558736*a^271 - 287587402720402147904612557710*a^269
    - 211810404543280312107524169488*a^267 + 37432011147734882743140047194*a^265
    + 91754076106033066236233530317*a^263 + 304020968590139413499161846722*a^261
    - 271610324791490917465467415615*a^259 + 
    186703567797848378560296089053*a^257 + 171182977809763183276555093875*a^255 
    - 236004265407060175343943956089*a^253 + 
    242395096578624667519602012927*a^251 - 310411799761703905674819903560*a^249 
    + 117317400792291034938865757669*a^247 + 
    261111102152492108891172036524*a^245 + 113209009324856718540228435416*a^243 
    - 208158501016672030864290994152*a^241 - 
    146532629005157284884731160357*a^239 - 144250189301027109107710425772*a^237 
    + 216375283951540663661565638658*a^235 - 
    253807295099275546404705685852*a^233 - 203593621608411679310249524982*a^231 
    + 207702013075845995708886847235*a^229 + 
    141054773715244863019881397353*a^227 - 271610324791490917465467415615*a^225 
    - 62082359952340781134963980712*a^223 - 6847319112390527331062203755*a^221 +
    246047000105232948762835188263*a^219 - 207245525135019960553482700318*a^217 
    - 305846920353443554120778434390*a^215 - 58886944366558535047134952293*a^213
    - 188529519561152519181912676721*a^211 - 
    157488339584982128614430686365*a^209 - 121425792259725351337503079922*a^207 
    + 206320211741453673076312132243*a^205 + 
    264763005679100390134405211860*a^203 + 207702013075845995708886847235*a^201 
    - 152923460176721777060389217195*a^199 + 40170938792691093675564928696*a^197
    - 119143352555595175560482345337*a^195 + 
    136489894306984511465839928183*a^193 - 183964640152892167627871207551*a^191 
    - 199028742200151327756208055812*a^189 + 
    101796810804205839655124762491*a^187 - 226418018649713437080456870832*a^185 
    + 197202790436847187134591468144*a^183 + 26019812627084003858036374269*a^181
    + 185334103975370273094083648302*a^179 - 
    193550886910238905891358292808*a^177 - 290782818306184393992441586129*a^175 
    - 99057883159249628722699880989*a^173 + 180769224567109921540042179132*a^171
    - 266588957442404530756021799528*a^169 - 
    172095953691415253587363387709*a^167 - 14607614106433124972932701344*a^165 +
    251524855395145370627684951267*a^163 - 239656168933668456587177131425*a^161 
    + 198572254259325292600803908895*a^159 - 99514371100075663878104027906*a^157
    - 123251744023029491959119667590*a^155 + 
    138772334011114687242860662768*a^153 - 125990671667985702891544549092*a^151 
    - 92667051987685136547041824151*a^149 + 70299142887209413932238625218*a^147 
    + 240569144815320526897985425259*a^145 + 
    146989116945983320040135307274*a^143 - 181225712507935956695446326049*a^141 
    - 254720270980927616715513979686*a^139 - 34236595561952636655311018775*a^137
    + 225505042768061366769648576998*a^135 - 69842654946383378776834478301*a^133
    - 291389357067588746036035554896*a^131 - 
    302651504767661308032949405971*a^129 - 112296033443204648229420141582*a^127 
    + 166618098401502831722513624705*a^125 + 
    115034961088160859161845023084*a^123 + 246047000105232948762835188263*a^121 
    + 30128204094518320256673696522*a^119 + 168900538105633007499534359290*a^117
    - 184421128093718202783275354468*a^115 - 10042734698172773418891232174*a^113
    - 118230376673943105249674051503*a^111 - 
    291695794187836464303249879963*a^109 + 293065258010314569769462320714*a^107 
    + 136489894306984511465839928183*a^105 - 912975881652070310808293834*a^103 -
    145619653123505214573922866523*a^101 + 260198126270840038580363742690*a^99 +
    185334103975370273094083648302*a^97 + 226874506590539472235861017749*a^95 - 
    71212118768861484243046919052*a^93 - 102709786685857909965933056325*a^91 - 
    180769224567109921540042179132*a^89 + 13694638224781054662124407510*a^87 + 
    173921905454719394208979975377*a^85 + 200398206022629433222420496563*a^83 + 
    124164719904681562269927961424*a^81 + 148815068709287460661751894942*a^79 + 
    294891209773618710391078908382*a^77 - 20998445277997617148590758182*a^75 + 
    21454933218823652303994905099*a^73 + 217288259833192733972373932492*a^71 + 
    145619653123505214573922866523*a^69 - 194920350732717011357570733559*a^67 + 
    190811959265282694958933411306*a^65 - 178030296922153710607617297630*a^63 + 
    13694638224781054662124407510*a^61 + 165705122519850761411705330871*a^59 + 
    15582277547656281115552366383*a^57 + 200854693963455468377824643480*a^55 + 
    68473191123905273310622037550*a^53 - 213636356306584452729140757156*a^51 - 
    114578473147334824006440876167*a^49 - 39714450851865058520160781779*a^47 + 
    136033406366158476310435781266*a^45 - 61169384070688710824155686878*a^43 + 
    133294478721202265378010899764*a^41 - 263850029797448319823596918026*a^39 - 
    63908311715644921756580568380*a^37 - 5742618295591522254984168215860*a^35 - 
    3221435398409330091687064793269*a^33 - 3846823877340998254590746069559*a^31 
    + 2514792066010627671121445365753*a^29 - 
    8576038944298722464577708129679*a^27 - 7556244884493359927404843917101*a^25 
    + 6290860312523590476624548663177*a^23 - 
    9531468204447614044838587626960*a^21 + 4945133862968438838493123551861*a^19 
    + 5279283035653096572248959095105*a^17 + 
    7324805498494560103614941430182*a^15 - 6949572411135559205872732664408*a^13 
    + 954972772208065545105475350364*a^11 - 8126854810525903871660027563351*a^9 
    + 6196823796713427234611294398275*a^7 + 6718133025136759382082830177489*a^5 
    + 4871182816554621143317651751307*a^3 - 7721493519072384653661145101055*a - 
    1536665928354735697503152330734 + O(a^5736))
IP1P2 after rounding  (-250894623701038377366283293284*37 + O(37^20) 
    36942301881821849335784580838*37 + O(37^20) 
    195938229847573780048425345281*37 + O(37^20) 
    -155189661889333146332417090222*37 + O(37^20) 
    8573538741029153076351781792114 + O(37^20) 294869804216392952698551176745 + 
    O(37^20) 11100565043222001211921900417890 + O(37^20) 
    -1536665928354735697503152330734 + O(37^20))
ZERO in disk 14 : x = 2936496624387710303949917871 + O(37^19) , inf = false
IP1P2 before rounding ((3106051985971159585529312295*a^298 - 
    2052695225511375030436762908*a^296 + 4964014590998674476626395291*a^294 - 
    114038623639520835024264606*a^292 - 317440847090128172348245336*a^290 - 
    6947352992776071923188751655*a^288 - 5327471023066153161352852661*a^286 - 
    1806611879762935333805455074*a^284 + 7344154051638732138624058325*a^282 + 
    1196071763143161506526424391*a^280 - 6967359768853180841614061235*a^278 + 
    4299789625238658384906117235*a^276 - 6351151065678226154114526171*a^274 + 
    3281778169181766252364948106*a^272 - 2738927644956210932424881502*a^270 + 
    7908345137013203638217788481*a^268 - 2183739608816438446122540657*a^266 + 
    2652565061556690767888961815*a^264 + 4268779122319139561346887386*a^262 + 
    6403168683478709342020331079*a^260 + 727913202938812815374180219*a^258 + 
    7168094422160173656481334021*a^256 - 505837988482903820853243881*a^254 - 
    4811629646544694881286953990*a^252 + 7970032696584289470029159686*a^250 - 
    308437797855429159056856025*a^248 + 3121390514296943089655382973*a^246 - 
    6909006671961613162873574960*a^244 - 7121078498378967698181856508*a^242 - 
    764925738681464314461002942*a^240 + 8315483030182370128172838434*a^238 - 
    962325929308938976257390798*a^236 - 4996692325257952376721067605*a^234 + 
    4034366395949013400463676807*a^232 - 2726590133041993766062607261*a^230 + 
    1616214060762448793457925571*a^228 - 6279793564336537678397588669*a^226 + 
    2961002859412119926945817840*a^224 - 5712268016282548025732973583*a^222 + 
    6785631552819441499250832550*a^220 + 4972017301429518043996519123*a^218 - 
    6822644088562092998337655273*a^216 + 3799953669578887239580466228*a^214 + 
    1936989370532095118877055837*a^212 + 1813614251389923455254313427*a^210 + 
    3491515871723458080523610203*a^208 + 2948665347497902760583543599*a^206 - 
    7896007625098986471855514240*a^204 - 8278470494439718629086015711*a^202 - 
    1455826405877625630748360438*a^200 - 4922667253772649378547422159*a^198 - 
    2270102192215958610658460344*a^196 - 4811629646544694881286953990*a^194 + 
    5675255480539896526646150860*a^192 - 1283101239078585301676521064*a^190 - 
    6378493659650275009295782597*a^188 + 5724605528196765192095247824*a^186 - 
    3701253574265149908682272300*a^184 + 7414844660444516983726818841*a^182 - 
    5724605528196765192095247824*a^180 - 8438858149324541791795580844*a^178 + 
    6477193754964012340193976525*a^176 + 1283101239078585301676521064*a^174 - 
    925313393566287477170568075*a^172 - 6649918921763052669265815899*a^170 + 
    6086394728924484800286262729*a^168 - 6390831171564492175658056838*a^166 - 
    5613567920968810694834779655*a^164 - 6181093469022800347499394741*a^162 + 
    579863059968206819026889327*a^160 - 4194754050833836563173241940*a^158 + 
    5157079980142775539430632738*a^156 + 1406476358220756965299263474*a^154 - 
    5083054908657472541256987292*a^152 - 2689577597299342266975784538*a^150 + 
    3898653764892624570478660156*a^148 + 4453841801032397056781001001*a^146 + 
    2763602668784645265149429984*a^144 - 1122713584193762138966955931*a^142 + 
    7057056814932219159220865852*a^140 + 8093407815726461133651902096*a^138 + 
    838950810166767312634648388*a^136 + 6193430980937017513861668982*a^134 + 
    3232428121524897586915851142*a^132 - 555188036139772486302340845*a^130 - 
    4786954622716260548562405508*a^128 + 3220090609610680420553576901*a^126 - 
    2516852430500301937903945164*a^124 - 7402507148530299817364544600*a^122 - 
    1196738655679065137140601377*a^120 + 5638242944797245027559328137*a^118 + 
    3355803240667069250538593552*a^116 + 4367479217632876892245081314*a^114 - 
    8068732791898026800927353614*a^112 + 678563155281944149925083255*a^110 - 
    900638369737853144446019593*a^108 + 4157741515091185064086419217*a^106 + 
    1505176453534494296197457402*a^104 + 4182416538919619396810967699*a^102 - 
    5884993183081588354804812957*a^100 + 320775309769646325419130266*a^98 + 
    7908345137013203638217788481*a^96 - 390799026039527539907713796*a^94 - 
    2812952716441513930598526948*a^92 - 4231766586576488062260064663*a^90 - 
    6144080933280148848412572018*a^88 - 752588226767247148098728701*a^86 - 
    2985677883240554259670366322*a^84 - 222075214455908994520936338*a^82 - 
    7723282458299946142783674866*a^80 + 4046703907863230566825951048*a^78 - 
    2504514918586084771541670923*a^76 + 1221413679507499469865149859*a^74 - 
    17642642037330547898052164630*a^72 - 177080308504758988797722181073*a^70 - 
    82056791741458373475485976891*a^68 + 145730690730733169071183334692*a^66 - 
    67547877730338985833451469475*a^64 + 54346739982126617825818031605*a^62 + 
    299678164396334970939641313890*a^60 - 70434855518265802762223641869*a^58 - 
    222593389956306115508151856122*a^56 + 288488041090140001049058577303*a^54 + 
    54075314720013840165847998303*a^52 - 178091984481724796439428668835*a^50 + 
    28573677593326957295027142156*a^48 + 93543015333594555358763295262*a^46 - 
    127446498073863328522292909530*a^44 - 244467798580213151468464085415*a^42 - 
    288549728649711086880869948508*a^40 + 137489232772036101941184141704*a^38 + 
    259963713544469912419480532111*a^36 - 38912512577440942706612956114*a^34 + 
    272276550434858644449030224629*a^32 - 259420863020244357099540465507*a^30 + 
    28820427831611300622272626976*a^28 - 21602983361794258300342195991*a^26 - 
    101525385542093061995154729189*a^24 - 159585716610399046896017307335*a^22 - 
    265409891438926911830156888280*a^20 - 238767868075844820609093386073*a^18 + 
    141116461274815948851692768558*a^16 + 229156946294669648012881752334*a^14 + 
    121265404604840528174793514789*a^12 - 244393773508727848470290439969*a^10 + 
    265108456012698470792548890608*a^8 - 65512188264493153383676219710*a^6 - 
    237052953919768634484737266574*a^4 + 210675353447172332802194939316*a^2 + 
    309121599373189605246422649919)*a^300 + O(a^5773) 
    (3807622933741778991643501567*a^298 + 2309782298102224632201991011*a^296 + 
    149383928042413257575644864*a^294 - 7908345137013203638217788481*a^292 - 
    5626905771686883307118319375*a^290 - 2101044934364388249964594393*a^288 + 
    7329148969580900449805076140*a^286 - 5330472039477719499116649098*a^284 - 
    5540209742019411327275311195*a^282 - 3858306766470454918320952503*a^280 + 
    6594233395015099512982037568*a^278 - 2291442753364874790312123896*a^276 - 
    931648872657371968005249442*a^274 + 4848642182287346380373776713*a^272 - 
    3318790704924417751451770829*a^270 + 2183739608816438446122540657*a^268 - 
    6884331648133178830149026478*a^266 - 3602553478951412577784078372*a^264 - 
    2208414632644872778847089139*a^262 - 2738927644956210932424881502*a^260 - 
    7686269922557294643696852143*a^258 - 7673932410643077477334577902*a^256 - 
    5564217873311942029385682691*a^254 + 592200571882423985389163568*a^252 - 
    6144080933280148848412572018*a^250 + 6884331648133178830149026478*a^248 + 
    283762774026994826332307543*a^246 - 2714252621127776599700333020*a^244 + 
    6816308609471008507502973906*a^242 - 6082393373709063016601200813*a^240 + 
    6970694231532698994684946165*a^238 - 8278470494439718629086015711*a^236 - 
    308437797855429159056856025*a^234 - 6538881314535098172005347730*a^232 - 
    222075214455908994520936338*a^230 + 8118082839554895466376450578*a^228 + 
    3047365442811640091481737527*a^226 + 3701253574265149908682272300*a^224 - 
    7377832124701865484639996118*a^222 + 333112821683863491781404507*a^220 - 
    616875595710858318113712050*a^218 - 5835643135424719689355715993*a^216 + 
    6773294040905224332888558309*a^214 + 6662256433677269835628090140*a^212 + 
    6526543802620881005643073489*a^210 + 4737604575059391883113308544*a^208 + 
    8303145518268152961810564193*a^206 + 6946019207704264661960397683*a^202 + 
    2553864966242953436990767887*a^200 - 1295438750992802468038795305*a^198 - 
    1566864013105580128008828607*a^196 + 2109714537331135447948895211*a^194 - 
    5564217873311942029385682691*a^192 + 3713591086179367075044546541*a^190 - 
    4959679789515300877634244882*a^188 - 3170740561953811755104479937*a^186 + 
    6094730885623280182963475054*a^184 - 2023351953931615283412975524*a^182 - 
    3824628693407321572305014710*a^180 - 1332451286735453967125618028*a^178 + 
    1505176453534494296197457402*a^176 + 518175500397120987215518122*a^174 + 
    4009691372120579067739128325*a^172 + 6637581409848835502903541658*a^170 - 
    6237445888306657134397350058*a^168 - 7007706767275350493771768888*a^166 - 
    7118744374503304991032237057*a^164 - 6144080933280148848412572018*a^162 + 
    1135051096107979305329230172*a^160 + 7118744374503304991032237057*a^158 + 
    949988417394721809895116557*a^156 - 1887639322875226453427958873*a^154 + 
    2122052049245352614311169452*a^152 + 7143419398331739323756785539*a^150 + 
    8303145518268152961810564193*a^148 - 8204445422954415630912370265*a^146 - 
    7476532220015602815538190046*a^144 + 5416167730341336033038391799*a^142 - 
    1517513965448711462559731643*a^140 - 5033704861000603875807890328*a^138 - 
    6440181219221360841107153802*a^136 - 135712631056388829985016651*a^134 + 
    5144742468228558373068358497*a^132 + 5465517777998204698487488763*a^130 + 
    5551880361397724863023408450*a^128 - 1221413679507499469865149859*a^126 - 
    1270763727164368135314246823*a^124 + 6316806100079189177484411392*a^122 + 
    6489531266878229506556250766*a^120 - 370125357426514990868227230*a^116 - 
    8007045232326940969115982409*a^114 + 5243442563542295703966552425*a^112 + 
    4737604575059391883113308544*a^110 - 1899976834789443619790233114*a^108 + 
    5971355766481108519340732644*a^106 + 5835643135424719689355715993*a^104 + 
    1085701048451110639880133208*a^102 + 2652565061556690767888961815*a^100 + 
    2590877501985604936077590610*a^98 + 1677901620333534625269296776*a^96 + 
    7822649446149587104296045780*a^94 - 2233089656473307111571637621*a^92 + 
    2961002859412119926945817840*a^90 + 7525882267672471480987287010*a^88 - 
    1468163917791842797110634679*a^86 + 6649918921763052669265815899*a^84 - 
    7266794517473910987379527949*a^82 + 4429166777203962724056452519*a^80 - 
    7612244851071991645523206697*a^78 - 5687592992454113693008425101*a^76 - 
    1246088703335933802589698341*a^74 - 85671682732324003219632329504*a^72 - 
    131271126767270650094597924240*a^70 - 56419441983715101774680104093*a^68 + 
    185728904356625222417676424014*a^66 + 21047795325654485814039855146*a^64 - 
    236263353157258735837551715150*a^62 + 40824826924144603492765463469*a^60 - 
    192884661266871178907795483794*a^58 - 107743491546858513841740946653*a^56 - 
    292238644712062019623189946567*a^54 - 74901034831212416985366917111*a^52 + 
    39874838506749881682870346912*a^50 - 8525220732724061956331500531*a^48 - 
    81538616241061252488270458769*a^46 + 75628948034151229800741097330*a^44 + 
    137045082343124283952142269028*a^42 + 217411634952334905635996674902*a^40 + 
    128149736252973707004942541267*a^38 - 120142691020646766035826558858*a^36 + 
    56135679209688106948347796550*a^34 - 167864187104838765525103323046*a^32 + 
    19752356574661683346001059841*a^30 - 256657260351459711834391035523*a^28 - 
    261172789712063194722983407729*a^26 - 121475142307382220002952176886*a^24 + 
    175932919896736792326030676660*a^22 + 190635899635804136476790687002*a^20 + 
    270734361445581498653745944504*a^18 + 61773922154485351975907124687*a^16 + 
    217485660023820208634170320348*a^14 + 225184267458291720444229446732*a^12 + 
    115442098981330025651800073037*a^10 + 239026955826043381102701145134*a^8 - 
    212476630186648039091086978502*a^6 + 238804880611587472108180208796*a^4 + 
    307487809438034437246960908443*a^2 - 78027752231061578430126712700)*a^300 + 
    O(a^5773) (-3678912674312378283107343269*a^299 + 
    2677906977921028731227687283*a^297 - 7833986619259948824737054542*a^295 + 
    1405142573148949704070909502*a^293 + 8124084872378028141904043452*a^291 - 
    8050393247160676959037486499*a^289 + 4915664882145661257098563806*a^287 - 
    6193764427204969329168757475*a^285 - 1899336978437427974200955195*a^283 + 
    7088067317851737982780095701*a^281 + 841618380310381835091356332*a^279 + 
    2799948311991393133622075721*a^277 - 7093735904406918843000600082*a^275 - 
    5613567920968810694834779655*a^273 - 6884331648133178830149026478*a^271 - 
    4762279598887826215837857026*a^269 + 5243442563542295703966552425*a^267 - 
    1246088703335933802589698341*a^265 - 7834320065527900640044143035*a^263 - 
    6193430980937017513861668982*a^261 + 3651903526608281243233175336*a^259 + 
    2220752144559089945209363380*a^257 + 7427182172358734150089093082*a^255 + 
    8266132982525501462723741470*a^253 + 3898653764892624570478660156*a^251 - 
    2159064584988004113397992175*a^249 - 777263250595681480823277183*a^247 - 
    6637581409848835502903541658*a^245 - 3664241038522498409595449577*a^243 + 
    3331128216838634917814045070*a^241 + 8229120446782849963636918747*a^239 - 
    1468163917791842797110634679*a^237 - 4972017301429518043996519123*a^235 + 
    4293454146147573894071435868*a^233 - 3257103145353331919640399624*a^231 - 
    5959018254566891352978458403*a^229 + 962325929308938976257390798*a^227 + 
    863625833995201645359196870*a^225 + 518175500397120987215518122*a^223 - 
    6267456052422320512035314428*a^221 + 4959679789515300877634244882*a^219 + 
    1838289275218357787978861909*a^217 + 4441504289118179890418726760*a^215 - 
    1603876548848231627095651330*a^213 + 7501207243844037148262738528*a^211 - 
    7747957482128380475508223348*a^209 + 4083716443605882065912773771*a^207 - 
    991669200888698723281178182*a^205 - 1443488893963408464386086197*a^203 - 
    3318790704924417751451770829*a^201 - 7353157100873431151915447636*a^199 + 
    1924651858617877952514781596*a^197 + 4170079027005402230448693458*a^195 + 
    7094069350674870658307688575*a^193 - 246750238284343327245484820*a^191 - 
    6711606481334138501077187104*a^189 + 1085701048451110639880133208*a^187 + 
    1739589179904620457080667981*a^185 - 4959679789515300877634244882*a^183 - 
    246750238284343327245484820*a^181 - 5786293087767851023906619029*a^179 - 
    4281116634233356727709161627*a^177 - 7377832124701865484639996118*a^175 + 
    8068732791898026800927353614*a^173 + 1838289275218357787978861909*a^171 - 
    8204445422954415630912370265*a^169 + 8130420351469112632738724819*a^167 + 
    4318129169976008226795984350*a^165 + 974663441223156142619665039*a^163 - 
    1862964299046792120703410391*a^161 + 320775309769646325419130266*a^159 + 
    4947342277601083711271970641*a^157 - 542850524225555319940066604*a^155 - 
    6070055861794845850238926572*a^153 + 37012535742651499086822723*a^151 + 
    5551880361397724863023408450*a^149 - 7772632505956814808232771830*a^147 - 
    7994707720412723802753708168*a^145 - 5428505242255553199400666040*a^143 + 
    1246088703335933802589698341*a^141 + 5021367349086386709445616087*a^139 - 
    6871994136218961663786752237*a^137 + 7575232315329340146436383974*a^135 - 
    2442827359014998939730299718*a^133 + 7625735906832096172947841130*a^131 - 
    777263250595681480823277183*a^129 + 2800615204527296764236252707*a^127 - 
    7254457005559693821017253708*a^125 - 4305791658061791060433710109*a^123 + 
    4811629646544694881286953990*a^121 - 1875301810961009287065684632*a^119 + 
    1714914156076186124356119499*a^117 + 8266132982525501462723741470*a^115 - 
    8142757863383329799100999060*a^113 - 3010352907068988592394914804*a^111 + 
    6489531266878229506556250766*a^109 - 3047365442811640091481737527*a^107 - 
    6218106004765451846586217464*a^105 - 7649257386814643144610029420*a^103 + 
    493500476568686654490969640*a^101 + 4046703907863230566825951048*a^99 + 
    3836966205321538738667288951*a^97 - 7970032696584289470029159686*a^95 + 
    1036351000794241974431036244*a^93 + 6033043326052194351152103849*a^91 + 
    6612906386020401170178993176*a^89 + 1665564108419317458907022535*a^87 - 
    703238179110378482649631737*a^85 + 900638369737853144446019593*a^83 - 
    456487940826035155404146917*a^81 - 345450333598080658143678748*a^79 - 
    1776601715647271956167490704*a^77 + 1936989370532095118877055837*a^75 + 
    4762279598887826215837857026*a^73 - 6600568874106184003816718935*a^71 - 
    1579201525019797294371102848*a^69 - 7402507148530299817364544600*a^67 - 
    4947342277601083711271970641*a^65 + 5551880361397724863023408450*a^63 - 
    4478516824860831389505549483*a^61 - 86362583399520164535919687*a^59 + 
    7228448196659452227064351254*a^57 - 1949326882446312285239330078*a^55 + 
    7599907339157774479160932456*a^53 + 7402507148530299817364544600*a^51 + 
    2862302764098382596047623912*a^49 - 4515529360603482888592372206*a^47 - 
    2973340371326337093308092081*a^45 - 6871994136218961663786752237*a^43 + 
    2282439704130175777020734585*a^41 + 616875595710858318113712050*a^39 + 
    5144742468228558373068358497*a^37 - 210983791245027761961251795341*a^35 + 
    77788012619139233914139089505*a^33 + 181238050019850173861808600290*a^31 - 
    230588097676718839310905564290*a^29 + 65709588455120628045472607566*a^27 - 
    192859986243042744575070935312*a^25 - 86547646078233422031353800615*a^23 + 
    27870439414216578812377510419*a^21 + 149123506507142889820808750967*a^19 + 
    302417092041291181872066195392*a^17 + 116244037255754141465347898702*a^15 + 
    192526873421358881083289530805*a^13 - 172478416560755985744593889180*a^11 - 
    106275327629066671044630311974*a^9 - 204827372799833395946476949082*a^7 + 
    274213539805390739567907280466*a^5 - 14212813725178175649339925632*a^3 + 
    48054608905875862981058168695*a - 216473014218278438097319988172)*a^300 + 
    O(a^5736) (2172735881974028540988620388*a^299 + 
    1702243197894017142686756765*a^297 - 1039018570937856496887744188*a^295 + 
    1572866045928712803536421481*a^293 + 1022679703808217546840408031*a^291 + 
    2025686077807277990562594975*a^289 + 7605575925712955339381436837*a^287 - 
    7470530187192470140010597172*a^285 + 4082463767085738759759117000*a^283 + 
    7526882606476326926908552489*a^281 + 5353479831966394755305755115*a^279 - 
    5538542510679652250739868730*a^277 + 8329821219704298186377643633*a^275 + 
    7439519684272951316451367323*a^273 - 7168094422160173656481334021*a^271 - 
    8401845613581890292708758121*a^269 - 8377170589753455959984209639*a^267 - 
    8414183125496107459071032362*a^265 + 5255780075456512870328826666*a^263 - 
    5860318159253154022080264475*a^261 + 3392815776409720749625416275*a^259 - 
    8253795470611284296361467229*a^257 + 3047365442811640091481737527*a^255 - 
    2627890037728256435164413333*a^253 - 8204445422954415630912370265*a^251 - 
    3664241038522498409595449577*a^249 - 1468163917791842797110634679*a^247 + 
    8290808006353935795448289952*a^245 + 6131743421365931682050297777*a^243 - 
    2442827359014998939730299718*a^241 + 7205106957902825155568156744*a^239 - 
    1665564108419317458907022535*a^237 + 357787845512297824505952989*a^235 - 
    4034366395949013400463676807*a^233 + 493500476568686654490969640*a^231 + 
    7205106957902825155568156744*a^229 - 2220752144559089945209363380*a^227 + 
    542850524225555319940066604*a^225 + 2245427168387524277933911862*a^223 - 
    5724605528196765192095247824*a^221 + 2072702001588483948862072488*a^219 - 
    7020044279189567660134043129*a^217 + 987000953137373308981939280*a^215 + 
    172725166799040329071839374*a^213 + 6255118540508103345673040187*a^211 + 
    8278470494439718629086015711*a^209 + 7933020160841637970942336963*a^207 - 
    2720921546486812905842102880*a^205 - 6119405909451714515688023536*a^203 - 
    3220090609610680420553576901*a^201 - 5329805146941815868502472112*a^199 - 
    3787616157664670073218191987*a^197 + 2936327835583685594221269358*a^195 + 
    5502530313740856197574311486*a^193 - 4009691372120579067739128325*a^191 - 
    2652565061556690767888961815*a^189 + 3133728026211160256017657214*a^187 + 
    8241457958697067129999192988*a^185 + 1073363536536893473517858967*a^183 + 
    2011014442017398117050701283*a^181 - 7192769445988607989205882503*a^179 + 
    5860318159253154022080264475*a^177 - 5823305623510502522993441752*a^175 + 
    160387654884823162709565133*a^173 + 2627890037728256435164413333*a^171 - 
    1369463822478105466212440751*a^169 + 4564879408260351554041469170*a^167 - 
    1455826405877625630748360438*a^165 - 2344127263701261608832105790*a^163 + 
    6600568874106184003816718935*a^161 + 4219429074662270895897790422*a^159 - 
    2652565061556690767888961815*a^157 + 7032381791103784826496317370*a^155 - 
    7180431934074390822843608262*a^153 - 4823967158458912047649228231*a^151 - 
    2159064584988004113397992175*a^149 - 1233751191421716636227424100*a^147 + 
    3133728026211160256017657214*a^145 - 2159064584988004113397992175*a^143 + 
    3738266110007801407769095023*a^141 - 8377170589753455959984209639*a^139 + 
    7575232315329340146436383974*a^137 + 8192107911040198464550096024*a^135 - 
    3701253574265149908682272300*a^133 + 831110316839251655413918958*a^131 - 
    4157741515091185064086419217*a^129 - 4972017301429518043996519123*a^127 - 
    4318129169976008226795984350*a^125 + 8414183125496107459071032362*a^123 + 
    3281778169181766252364948106*a^121 - 5712268016282548025732973583*a^119 - 
    1431151382049191298023811956*a^117 + 7575232315329340146436383974*a^115 + 
    6723943993248355667439461345*a^113 + 2442827359014998939730299718*a^111 + 
    715575691024595649011905978*a^109 + 1924651858617877952514781596*a^107 + 
    2738927644956210932424881502*a^105 + 2196077120730655612484814898*a^103 + 
    6785631552819441499250832550*a^101 - 5551880361397724863023408450*a^99 - 
    3910991276806841736840934397*a^97 - 7513544755758254314625012769*a^95 + 
    2973340371326337093308092081*a^93 - 3775278645750452906855917746*a^91 - 
    3133728026211160256017657214*a^89 - 3985016348292144735014579843*a^87 - 
    123375119142171663622742410*a^85 + 3651903526608281243233175336*a^83 - 
    7390169636616082651002270359*a^81 - 8204445422954415630912370265*a^79 + 
    3207753097696463254191302660*a^77 - 7020044279189567660134043129*a^75 - 
    7143419398331739323756785539*a^73 + 5687592992454113693008425101*a^71 - 
    1665564108419317458907022535*a^69 - 4897992229944215045822873677*a^67 - 
    1135051096107979305329230172*a^65 - 1061026024622676307155584726*a^63 + 
    6526543802620881005643073489*a^61 + 1517513965448711462559731643*a^59 - 
    1594873499613532613804262019*a^57 + 1492838941620277129835183161*a^55 + 
    666225643367726983562809014*a^53 + 5810968111596285356631167511*a^51 + 
    4404491753375528391331904037*a^49 + 3281778169181766252364948106*a^47 - 
    7192769445988607989205882503*a^45 + 5773955575853633857544344788*a^43 + 
    4564879408260351554041469170*a^41 + 4157741515091185064086419217*a^39 - 
    246750238284343327245484820*a^37 + 48054608905875862981058168695*a^35 + 
    100081896648129653530768642992*a^33 + 199189129855036150918917620945*a^31 + 
    305193032221990044303577899617*a^29 + 140487248167190873367216782267*a^27 - 
    118267389209685756748760874226*a^25 + 6625243897934618336541267417*a^23 - 
    304539144090536534486377364844*a^21 - 142103462227953322160674707838*a^19 + 
    261999403010315744869255781876*a^17 - 242888597055193354174092982567*a^15 - 
    300159327360989440427770009289*a^13 - 272054475220402735454509288291*a^11 - 
    103079912043284424956801283555*a^9 - 95344292073070261647655334448*a^7 + 
    120956966806985099015736658764*a^5 + 309708561582593527192170271823*a^3 - 
    184347103022232899785101709022*a - 53588314129549903794983566289)*a^300 + 
    O(a^5736) -257545561209283347812474780875*a^298 - 
    169480401165601214318561248617*a^296 + 259692288282357134759510498809*a^294 
    + 102364336352259829307789377577*a^292 + 
    282368635180688286533370553767*a^290 + 53557139219616719178632480181*a^288 +
    66215426443603531866325851447*a^286 + 16791353715249563419055242001*a^284 + 
    11942711532962217038681465288*a^282 - 88262560234309608155709920114*a^280 - 
    50744186503175205248033953233*a^278 + 49041609859013236290040107975*a^276 + 
    9179108864177571773532035304*a^274 - 273892764495621093242488150200*a^272 - 
    131012039017072089600990165179*a^270 + 300825553004357167411332818303*a^268 
    - 210440940720802206641311728737*a^266 + 
    140141797833592792709073103519*a^264 + 10499222638998808574295379091*a^262 +
    33780107621126601499906871858*a^260 + 185334103975370273094083648302*a^258 -
    54778552899124218648497630040*a^256 + 189442495442804589492720970555*a^254 +
    236460753347886210499348103006*a^252 + 45648794082603515540414691700*a^250 -
    1369463822478105466212440751*a^248 - 178943272803805780918425591464*a^246 - 
    170270001928111112965746800041*a^244 + 116404424910638964628057463835*a^242 
    + 170270001928111112965746800041*a^240 - 
    222309627182279120681819548579*a^238 - 191268447206108730114337558223*a^236 
    - 113209009324856718540228435416*a^234 - 11412198520650878885103672925*a^232
    + 182595176330414062161658766800*a^230 - 
    305390432412617518965374287473*a^228 - 81711341407860292817342298143*a^226 -
    197202790436847187134591468144*a^224 - 75320510236295800641684241305*a^222 -
    141511261656070898175285544270*a^220 + 57060992603254394425518364625*a^218 +
    293065258010314569769462320714*a^216 + 241938608637798632364197866010*a^214 
    - 150641020472591601283368482610*a^212 - 
    281196571548837655728954500872*a^210 - 285761450957098007282995970042*a^208 
    + 189442495442804589492720970555*a^206 + 
    227787482472191542546669311583*a^204 + 298999601241053026789716230635*a^202 
    - 91297588165207031080829383400*a^200 + 82624317289512363128150591977*a^198 
    + 147902092827635390350943601108*a^196 - 
    148815068709287460661751894942*a^194 - 262024078034144179201980330358*a^192 
    - 127360135490463808357756989843*a^190 + 14151126165607089817528554427*a^188
    - 300825553004357167411332818303*a^186 - 
    305390432412617518965374287473*a^184 + 237373729229538280810156396840*a^182 
    - 9586246757346738263487085257*a^180 + 53865577017472148337689336206*a^178 +
    134207454602854335688819193598*a^176 - 263393541856622284668192771109*a^174 
    - 92667051987685136547041824151*a^172 - 202680645726759608999441231148*a^170
    + 255275459017067389201816320531*a^168 - 47474745845907656162031279368*a^166
    - 2282439704130175777020734585*a^164 - 214549332188236523039949050990*a^162 
    - 47474745845907656162031279368*a^160 - 67103727301427167844409596799*a^158 
    + 7760294994042597641870497589*a^156 + 54322064958298183493093483123*a^154 -
    218201235714844804283182226326*a^152 - 244221048341928808141218600595*a^150 
    - 301738528886009237722141112137*a^148 + 63451823774818886601176421463*a^146
    + 245590512164406913607431041346*a^144 - 
    307672872116747694742395022058*a^142 + 293978233891966640080270614548*a^140 
    + 17803029692215371060761729763*a^138 - 295347697714444745546483055299*a^136
    + 211810404543280312107524169488*a^134 - 
    141511261656070898175285544270*a^132 + 111839545502378613074015994665*a^130 
    - 86276220816120644371383767313*a^128 - 237373729229538280810156396840*a^126
    + 81711341407860292817342298143*a^124 - 141054773715244863019881397353*a^122
    - 279827107726359550262742060121*a^120 - 
    298543113300226991634312083718*a^118 - 89015148461076855303808648815*a^116 +
    2738927644956210932424881502*a^114 - 34236595561952636655311018775*a^112 - 
    133294478721202265378010899764*a^110 + 194463862791890976202166586642*a^108 
    + 136033406366158476310435781266*a^106 + 
    299912577122705097100524524469*a^104 - 160683755170764374702259714784*a^102 
    - 305390432412617518965374287473*a^100 - 33780107621126601499906871858*a^98 
    + 127816623431289843513161136760*a^96 + 199300167462264105416178089114*a^94 
    + 239656168933668456587177131425*a^92 + 295804185655270780701887202216*a^90 
    - 44735818200951445229606397866*a^88 - 293065258010314569769462320714*a^86 -
    168900538105633007499534359290*a^84 + 294891209773618710391078908382*a^82 + 
    54322064958298183493093483123*a^80 - 277088180081403339330317178619*a^78 - 
    99514371100075663878104027906*a^76 - 37432011147734882743140047194*a^74 + 
    3341491726846577337558355432440*a^72 + 4450300935113016730035028293833*a^70 
    + 6871056485313481159143219394684*a^68 + 
    3317754353923623509477339792756*a^66 + 6239277175210248504063880061556*a^64 
    - 2234964958284268120858703305632*a^62 + 
    1198280844668342282935885657125*a^60 - 2769968824932381322992363492356*a^58 
    - 1863383774451875504359727715194*a^56 - 
    2426689893431202886128445010772*a^54 + 6355225112180061433536533378474*a^52 
    - 1477651464453875798043223570329*a^50 - 
    6708546778379412643819343092232*a^48 - 1067725293592096228490299638863*a^46 
    - 849980545818077459362521559454*a^44 - 1796280047150448336515318118395*a^42
    + 6693482676332153483691006243971*a^40 + 
    2505662307194106968013362427413*a^38 + 8325427064785229164260831472246*a^36 
    - 8895124014936121038205206824662*a^34 + 
    7092453136614108209514230649429*a^32 - 9741452657227590216324495208780*a^30 
    + 10842501570499987011159297572584*a^28 - 
    8221347814276893148828685975170*a^26 - 117773888733117070094269904586*a^24 -
    7578156305653009614864242969117*a^22 - 6881444670345252013220254305606*a^20 
    + 2029545384912552300926837192982*a^18 + 
    8787392860901176741529828152250*a^16 - 2667259038246523413026430436031*a^14 
    + 4208362326475218097670830427823*a^12 - 
    9838228100682709669270174355184*a^10 + 3769677415341398313327445240586*a^8 -
    3447396929118217493612117517184*a^6 - 6359333503647495749935170700727*a^4 - 
    8552301571375768636496692489995*a^2 + 3910318823754390478451111297420 + 
    O(a^5773) (3521859482107073273468663066*a^298 + 
    5766953204226645736095486435*a^296 - 812608554998573903374657441*a^294 - 
    883299163804358748477417957*a^292 + 3299450821383212463640638235*a^290 - 
    1917316040722938015758834750*a^288 - 4923000700040601193854510652*a^286 + 
    8099409848549593809179494970*a^284 + 5558549286756761169165178310*a^282 + 
    4589887878356737702073106145*a^280 + 950988756198577255816382036*a^278 + 
    2635892748159100002534537165*a^276 + 754922350642909855248348152*a^274 + 
    7575232315329340146436383974*a^272 + 5847980647338936855717990234*a^270 - 
    1628551572676665959820199812*a^268 + 5440842754169770365762940281*a^266 + 
    5835643135424719689355715993*a^264 + 2097377025416918281586620970*a^262 + 
    8216782934868632797274644506*a^260 - 6674593945591487001990364381*a^258 + 
    2430489847100781773368025477*a^256 - 1665564108419317458907022535*a^254 - 
    7081731838760653491945414334*a^252 + 6477193754964012340193976525*a^250 - 
    2874640276012599762409898153*a^248 + 3762941133836235740493643505*a^246 + 
    345450333598080658143678748*a^244 - 964326606916649868099921756*a^242 - 
    5909668206910022687529361439*a^240 + 8044057768069592468202805132*a^238 - 
    5959018254566891352978458403*a^236 + 5736943040110982358457522065*a^234 - 
    7340819588959213985553173395*a^232 + 5934343230738457020253909921*a^230 - 
    4577216920174568720403743411*a^228 + 641550619539292650838260532*a^226 + 
    2270102192215958610658460344*a^224 - 3503853383637675246885884444*a^222 - 
    3010352907068988592394914804*a^220 - 1579201525019797294371102848*a^218 - 
    7340819588959213985553173395*a^216 - 5699930504368330859370699342*a^214 - 
    320775309769646325419130266*a^212 + 5366817682684467367589294835*a^210 + 
    4009691372120579067739128325*a^208 - 1998676930103180950688427042*a^206 - 
    6489531266878229506556250766*a^204 - 1690239132247751791631571017*a^202 - 
    4540204384431917221316920688*a^200 + 1739589179904620457080667981*a^198 + 
    5576555385226159195747956932*a^196 + 1579201525019797294371102848*a^194 + 
    2985677883240554259670366322*a^192 - 3923328788721058903203208638*a^190 + 
    3269440657267549086002673865*a^188 + 5699930504368330859370699342*a^186 + 
    1616214060762448793457925571*a^184 - 209737702541691828158662097*a^182 - 
    7513544755758254314625012769*a^180 - 3985016348292144735014579843*a^178 - 
    1455826405877625630748360438*a^176 - 3565540943208761078697255649*a^174 - 
    6390831171564492175658056838*a^172 + 727913202938812815374180219*a^170 + 
    216740074168679949607520450*a^168 - 5305130123113381535777923630*a^166 - 
    616875595710858318113712050*a^164 + 4873317206115780713098325195*a^162 + 
    5514867825655073363936585727*a^160 + 4663579503574088884939663098*a^158 + 
    2159064584988004113397992175*a^156 + 629213107625075484475986291*a^154 + 
    3565540943208761078697255649*a^152 + 3873978741064190237754111674*a^150 + 
    2171402096902221279760266416*a^148 - 1887639322875226453427958873*a^146 + 
    456487940826035155404146917*a^144 - 4231766586576488062260064663*a^142 - 
    7747957482128380475508223348*a^140 + 1332451286735453967125618028*a^138 - 
    5477855289912421864849763004*a^136 - 6983031743446916161047220406*a^134 - 
    7710944946385728976421400625*a^132 - 6723943993248355667439461345*a^130 - 
    1048688512708459140793310485*a^128 + 3516190895551892413248158685*a^126 + 
    4441504289118179890418726760*a^124 - 641550619539292650838260532*a^122 + 
    2072702001588483948862072488*a^120 - 2405814823272347440643476995*a^118 - 
    2590877501985604936077590610*a^116 + 3072040466640074424206286009*a^114 + 
    3565540943208761078697255649*a^112 - 629213107625075484475986291*a^110 - 
    7821982553613683473681868794*a^108 - 6304468588164972011122137151*a^106 - 
    1209076167593282303502875618*a^104 + 4848642182287346380373776713*a^102 + 
    444150428911817989041872676*a^100 - 4330466681890225393158258591*a^98 + 
    6921344183875830329235849201*a^96 - 1815948375265586162403932878*a^94 - 
    3318790704924417751451770829*a^92 - 4527866872517700054954646447*a^90 - 
    2134389561159569780673443693*a^88 + 2196077120730655612484814898*a^86 - 
    3688916062350932742319998059*a^84 - 4416829265289745557694178278*a^82 - 
    2886977787926816928772172394*a^80 + 4712929551230957550388760062*a^78 + 
    7945357672755855137304611204*a^76 - 641550619539292650838260532*a^74 + 
    222889490242247327500846437906*a^72 + 38961862625097811372062053078*a^70 - 
    301664503814523934723967466691*a^68 + 24786061435662287221808950169*a^66 + 
    248440477416591079037116391017*a^64 - 71791981828829691062073808379*a^62 + 
    221260938669570661541026238094*a^60 - 128014023621917318174957524616*a^58 - 
    183902952593321081796059836346*a^56 + 155909138059962331320059583517*a^54 + 
    92259914094515970057086774198*a^52 - 177080308504758988797722181073*a^50 - 
    177956271850668407609443652184*a^48 - 113418747027398410368387097513*a^46 - 
    31855455762508723547392090262*a^44 - 41861177924938845467196499713*a^42 + 
    40812489412230386326403189228*a^40 - 140511923191019307699941330749*a^38 - 
    161831143778786571173951219197*a^36 - 143472926050431427626887148589*a^34 + 
    253572882372905420243822475273*a^32 + 196240464507538248158334077346*a^30 - 
    159178578717229880406062257382*a^28 - 140573610750590393531752701954*a^26 + 
    252376143717226355106681873896*a^24 + 12584262152501509689519725820*a^22 + 
    186334776225493670830656215795*a^20 + 218768761262898793935846841412*a^18 - 
    169912214082598815141240847052*a^16 + 4453841801032397056781001001*a^14 + 
    85832070387208826382341894637*a^12 + 52952601135820078026881042372*a^10 + 
    157031851644156093459026539448*a^8 + 60244070677122423346985118803*a^6 - 
    176796545730731993971389873530*a^4 - 15310852285543503455582333081*a^2 - 
    27955238493682059091769675017)*a^300 + O(a^5773) 
    98749445361394199563643024964*a^299 - 263430554392364936167279593832*a^297 +
    133343828768859134043459996728*a^295 + 228774483425328915855651250863*a^293 
    - 225307642577433892107852189142*a^291 - 
    286921177077034420921049748696*a^289 + 130432175957103882781963275852*a^287 
    + 311460488274412364815613214045*a^285 - 84224192483145172971561181391*a^283
    - 292744482700544923444043190448*a^281 - 
    301491778647724894394895627317*a^279 + 184815928474973152106868130180*a^277 
    - 266107794477750061267893104129*a^275 + 
    143337213419375038796902131938*a^273 - 311324775643355975985628197394*a^271 
    - 12781662343128984351316113676*a^269 + 266588957442404530756021799528*a^267
    - 254263783040101581560109832769*a^265 - 
    295347697714444745546483055299*a^263 - 164335658697372655945492890120*a^261 
    - 132837990780376230222606752847*a^259 - 
    174378393395545429364384122294*a^257 + 230069922176321718323690046168*a^255 
    - 80798365526208222506534004309*a^253 - 38801474970212988209352487945*a^251 
    - 234178313643756034722327368421*a^249 + 
    296260673596096815857291349133*a^247 + 89928124342728925614616942649*a^245 -
    254263783040101581560109832769*a^243 + 71212118768861484243046919052*a^241 -
    99970859040901699033508174823*a^239 - 280283595667185585418146207038*a^237 +
    101796810804205839655124762491*a^235 + 120969304318899316182098933005*a^233 
    + 135120430484506405999627487432*a^231 + 
    226874506590539472235861017749*a^229 - 68473191123905273310622037550*a^227 +
    267958421264882636222234240279*a^225 + 307216384175921659586990875141*a^223 
    - 284848475075445936972187676208*a^221 - 
    157031851644156093459026539448*a^219 + 168444050164806972344130212373*a^217 
    + 275718716258925233864104737868*a^215 + 76233486117947870952492535139*a^213
    - 44735818200951445229606397866*a^211 + 97688419336771523256487440238*a^209 
    + 120512816378073281026694786088*a^207 + 
    262135115641372133699240798527*a^205 + 57517480544080429580922511542*a^203 -
    256089734803405722181726420437*a^201 + 1825951763304140621616587668*a^199 + 
    35149571443604706966119312609*a^197 + 47931233786733691317435426285*a^195 + 
    200398206022629433222420496563*a^193 - 83993781111990468594363032728*a^191 -
    106361690212466191209166231661*a^189 - 80341877585382187351129857392*a^187 +
    207702013075845995708886847235*a^185 - 153836436058373847371197511029*a^183 
    - 278914131844707479951933766287*a^181 - 
    275262228318099198708700590951*a^179 - 118230376673943105249674051503*a^177 
    + 139228821951940722398264809685*a^175 - 
    131468526957898124756394312096*a^173 + 135120430484506405999627487432*a^171 
    + 281653059489663690884358647789*a^169 - 
    112296033443204648229420141582*a^167 - 267958421264882636222234240279*a^165 
    - 99057883159249628722699880989*a^163 - 201767669845107538688632937314*a^161
    + 172095953691415253587363387709*a^159 + 
    150641020472591601283368482610*a^157 + 280740083608011620573550353955*a^155 
    + 123251744023029491959119667590*a^153 - 
    268871397146534706533042534113*a^151 - 231439385998799823789902486919*a^149 
    - 122338768141377421648311373756*a^147 + 
    155205899880851952837409951780*a^145 - 269784373028186776843850827947*a^143 
    + 14151126165607089817528554427*a^141 + 259285150389187968269555448856*a^139
    + 52496113194994042871476895455*a^137 + 26476300567910039013440521186*a^135 
    + 108644129916596366986186966246*a^133 + 
    300026282300076666120241700582*a^131 - 7303807053216562486466350672*a^129 - 
    32867131739474531189098578024*a^127 - 191724935146934765269741705140*a^125 -
    147902092827635390350943601108*a^123 - 135576918425332441155031634349*a^121 
    + 199941718081803398067016349646*a^119 + 
    195833326614369081668379027393*a^117 + 78972413762904081884917416641*a^115 -
    248785927750189159695260069765*a^113 + 87189196697772714682192061147*a^111 +
    103166274626683945121337203242*a^109 + 130099063135420019290181871345*a^107 
    + 284391987134619901816783529291*a^105 - 
    179856248685457851229233885298*a^103 + 111383057561552577918611847748*a^101 
    - 193550886910238905891358292808*a^99 + 155205899880851952837409951780*a^97 
    - 151097508413417636438772629527*a^95 + 5477855289912421864849763004*a^93 - 
    76689974058773906107896682056*a^91 + 218657723655670839438586373243*a^89 - 
    161596731052416445013068008618*a^87 - 110926569620726542763207700831*a^85 - 
    287587402720402147904612557710*a^83 + 197202790436847187134591468144*a^81 + 
    2738927644956210932424881502*a^79 + 245590512164406913607431041346*a^77 + 
    24650348804605898391823933518*a^75 + 201767669845107538688632937314*a^73 - 
    16433565869737265594549289012*a^71 + 45192306141777480385010544783*a^69 - 
    41996890555995234297181516364*a^67 + 66190751419775097533601302965*a^65 - 
    311781263584182011141032344311*a^63 - 247416463927711054229047629014*a^61 + 
    111383057561552577918611847748*a^59 + 192058047968618628761523109647*a^57 + 
    37432011147734882743140047194*a^55 - 170270001928111112965746800041*a^53 + 
    136033406366158476310435781266*a^51 + 193094398969412870735954145891*a^49 - 
    228700458353843612857477605417*a^47 + 296717161536922851012695496050*a^45 + 
    258828662448361933114151301939*a^43 - 52039625254168007716072748538*a^41 + 
    285304963016271972127591823125*a^39 + 302651504767661308032949405971*a^37 + 
    10679991863565918495835421270132*a^35 + 
    10001650783498430254904858951470*a^33 - 2005351524048772437690417406381*a^31
    - 419968905559952342971815163640*a^29 + 1610945943175078063421234470093*a^27
    + 11455564875029352224867066882115*a^25 + 
    3652360014549107278388579482917*a^23 - 3954555031375942551266124741971*a^21 
    - 6742326886000539245319249964090*a^19 + 
    4872552280377099248783864192058*a^17 - 2401126568744944917425812783420*a^15 
    - 269784373028186776843850827947*a^13 - 2323067130863692905851703660613*a^11
    - 6055769022998182371591413000922*a^9 - 4541598523278223761115857677233*a^7 
    - 6096396449731699500422382076535*a^5 + 6638247635492203229887104467014*a^3 
    - 9861965473605663497351189994868*a + 395079210371533009349535168536 + 
    O(a^5736) 166161610460676796567109477788*a^299 + 
    200558593677514256385130061696*a^297 - 63636886453532144096610535078*a^295 -
    301356066016668505564910610666*a^293 - 238989943290300729603614322411*a^291 
    - 189837295824059538816313746267*a^289 + 
    171602453214846566932872418069*a^287 + 42885191413818870275265261716*a^285 -
    224939517897615088008826492870*a^283 + 101636423149321016492415197358*a^281 
    - 77738662571482365248689992541*a^279 - 121277742116754745341155789030*a^277
    - 264269505202531703479914242220*a^275 + 42909866437647304607989810198*a^273
    - 94949491691815312324062558736*a^271 - 287587402720402147904612557710*a^269
    - 211810404543280312107524169488*a^267 + 37432011147734882743140047194*a^265
    + 91754076106033066236233530317*a^263 + 304020968590139413499161846722*a^261
    - 271610324791490917465467415615*a^259 + 
    186703567797848378560296089053*a^257 + 171182977809763183276555093875*a^255 
    - 236004265407060175343943956089*a^253 + 
    242395096578624667519602012927*a^251 - 310411799761703905674819903560*a^249 
    + 117317400792291034938865757669*a^247 + 
    261111102152492108891172036524*a^245 + 113209009324856718540228435416*a^243 
    - 208158501016672030864290994152*a^241 - 
    146532629005157284884731160357*a^239 - 144250189301027109107710425772*a^237 
    + 216375283951540663661565638658*a^235 - 
    253807295099275546404705685852*a^233 - 203593621608411679310249524982*a^231 
    + 207702013075845995708886847235*a^229 + 
    141054773715244863019881397353*a^227 - 271610324791490917465467415615*a^225 
    - 62082359952340781134963980712*a^223 - 6847319112390527331062203755*a^221 +
    246047000105232948762835188263*a^219 - 207245525135019960553482700318*a^217 
    - 305846920353443554120778434390*a^215 - 58886944366558535047134952293*a^213
    - 188529519561152519181912676721*a^211 - 
    157488339584982128614430686365*a^209 - 121425792259725351337503079922*a^207 
    + 206320211741453673076312132243*a^205 + 
    264763005679100390134405211860*a^203 + 207702013075845995708886847235*a^201 
    - 152923460176721777060389217195*a^199 + 40170938792691093675564928696*a^197
    - 119143352555595175560482345337*a^195 + 
    136489894306984511465839928183*a^193 - 183964640152892167627871207551*a^191 
    - 199028742200151327756208055812*a^189 + 
    101796810804205839655124762491*a^187 - 226418018649713437080456870832*a^185 
    + 197202790436847187134591468144*a^183 + 26019812627084003858036374269*a^181
    + 185334103975370273094083648302*a^179 - 
    193550886910238905891358292808*a^177 - 290782818306184393992441586129*a^175 
    - 99057883159249628722699880989*a^173 + 180769224567109921540042179132*a^171
    - 266588957442404530756021799528*a^169 - 
    172095953691415253587363387709*a^167 - 14607614106433124972932701344*a^165 +
    251524855395145370627684951267*a^163 - 239656168933668456587177131425*a^161 
    + 198572254259325292600803908895*a^159 - 99514371100075663878104027906*a^157
    - 123251744023029491959119667590*a^155 + 
    138772334011114687242860662768*a^153 - 125990671667985702891544549092*a^151 
    - 92667051987685136547041824151*a^149 + 70299142887209413932238625218*a^147 
    + 240569144815320526897985425259*a^145 + 
    146989116945983320040135307274*a^143 - 181225712507935956695446326049*a^141 
    - 254720270980927616715513979686*a^139 - 34236595561952636655311018775*a^137
    + 225505042768061366769648576998*a^135 - 69842654946383378776834478301*a^133
    - 291389357067588746036035554896*a^131 - 
    302651504767661308032949405971*a^129 - 112296033443204648229420141582*a^127 
    + 166618098401502831722513624705*a^125 + 
    115034961088160859161845023084*a^123 + 246047000105232948762835188263*a^121 
    + 30128204094518320256673696522*a^119 + 168900538105633007499534359290*a^117
    - 184421128093718202783275354468*a^115 - 10042734698172773418891232174*a^113
    - 118230376673943105249674051503*a^111 - 
    291695794187836464303249879963*a^109 + 293065258010314569769462320714*a^107 
    + 136489894306984511465839928183*a^105 - 912975881652070310808293834*a^103 -
    145619653123505214573922866523*a^101 + 260198126270840038580363742690*a^99 +
    185334103975370273094083648302*a^97 + 226874506590539472235861017749*a^95 - 
    71212118768861484243046919052*a^93 - 102709786685857909965933056325*a^91 - 
    180769224567109921540042179132*a^89 + 13694638224781054662124407510*a^87 + 
    173921905454719394208979975377*a^85 + 200398206022629433222420496563*a^83 + 
    124164719904681562269927961424*a^81 + 148815068709287460661751894942*a^79 + 
    294891209773618710391078908382*a^77 - 20998445277997617148590758182*a^75 + 
    21454933218823652303994905099*a^73 + 217288259833192733972373932492*a^71 + 
    145619653123505214573922866523*a^69 - 194920350732717011357570733559*a^67 + 
    190811959265282694958933411306*a^65 - 178030296922153710607617297630*a^63 + 
    13694638224781054662124407510*a^61 + 165705122519850761411705330871*a^59 + 
    15582277547656281115552366383*a^57 + 200854693963455468377824643480*a^55 + 
    68473191123905273310622037550*a^53 - 213636356306584452729140757156*a^51 - 
    114578473147334824006440876167*a^49 - 39714450851865058520160781779*a^47 + 
    136033406366158476310435781266*a^45 - 61169384070688710824155686878*a^43 + 
    133294478721202265378010899764*a^41 - 263850029797448319823596918026*a^39 - 
    63908311715644921756580568380*a^37 - 5742618295591522254984168215860*a^35 - 
    3221435398409330091687064793269*a^33 - 3846823877340998254590746069559*a^31 
    + 2514792066010627671121445365753*a^29 - 
    8576038944298722464577708129679*a^27 - 7556244884493359927404843917101*a^25 
    + 6290860312523590476624548663177*a^23 - 
    9531468204447614044838587626960*a^21 + 4945133862968438838493123551861*a^19 
    + 5279283035653096572248959095105*a^17 + 
    7324805498494560103614941430182*a^15 - 6949572411135559205872732664408*a^13 
    + 954972772208065545105475350364*a^11 - 8126854810525903871660027563351*a^9 
    + 6196823796713427234611294398275*a^7 + 6718133025136759382082830177489*a^5 
    + 4871182816554621143317651751307*a^3 - 7721493519072384653661145101055*a + 
    811084262882376329951944239474 + O(a^5736))
IP1P2 after rounding  (309121599373189605246422649919*37 + O(37^20) 
    -78027752231061578430126712700*37 + O(37^20) 
    -216473014218278438097319988172*37 + O(37^20) 
    -53588314129549903794983566289*37 + O(37^20) 3910318823754390478451111297420
    + O(37^20) -27955238493682059091769675017*37 + O(37^20) 
    395079210371533009349535168536 + O(37^20) 811084262882376329951944239474 + 
    O(37^20))
ZERO in disk 15 : x = 7494022954506354364926487168 + O(37^19) , inf = false
