prime	torsion_coset	m	n	ord_g1	ord_g2	state	t
11	1	0	0	8	8	3	1
11	1	0	1	8	8	3	inf
11	1	0	2	8	8	3	inf
11	1	0	3	8	8	3	inf
11	1	0	4	8	8	3	inf
11	1	0	5	8	8	3	inf
11	1	0	6	8	8	3	inf
11	1	0	7	8	8	3	inf
11	1	1	0	8	8	3	inf
11	1	1	1	8	8	3	inf
11	1	1	2	8	8	3	inf
11	1	1	3	8	8	3	1
11	1	1	4	8	8	3	inf
11	1	1	5	8	8	3	inf
11	1	1	6	8	8	3	inf
11	1	1	7	8	8	3	inf
11	1	2	0	8	8	3	inf
11	1	2	1	8	8	3	inf
11	1	2	2	8	8	3	inf
11	1	2	3	8	8	3	inf
11	1	2	4	8	8	3	inf
11	1	2	5	8	8	3	inf
11	1	2	6	8	8	3	1
11	1	2	7	8	8	3	inf
11	1	3	0	8	8	3	inf
11	1	3	1	8	8	3	1
11	1	3	2	8	8	3	inf
11	1	3	3	8	8	3	inf
11	1	3	4	8	8	3	inf
11	1	3	5	8	8	3	inf
11	1	3	6	8	8	3	inf
11	1	3	7	8	8	3	inf
11	1	4	0	8	8	3	inf
11	1	4	1	8	8	3	inf
11	1	4	2	8	8	3	inf
11	1	4	3	8	8	3	inf
11	1	4	4	8	8	3	1
11	1	4	5	8	8	3	inf
11	1	4	6	8	8	3	inf
11	1	4	7	8	8	3	inf
11	1	5	0	8	8	3	inf
11	1	5	1	8	8	3	inf
11	1	5	2	8	8	3	inf
11	1	5	3	8	8	3	inf
11	1	5	4	8	8	3	inf
11	1	5	5	8	8	3	inf
11	1	5	6	8	8	3	inf
11	1	5	7	8	8	3	1
11	1	6	0	8	8	3	inf
11	1	6	1	8	8	3	inf
11	1	6	2	8	8	3	1
11	1	6	3	8	8	3	inf
11	1	6	4	8	8	3	inf
11	1	6	5	8	8	3	inf
11	1	6	6	8	8	3	inf
11	1	6	7	8	8	3	inf
11	1	7	0	8	8	3	inf
11	1	7	1	8	8	3	inf
11	1	7	2	8	8	3	inf
11	1	7	3	8	8	3	inf
11	1	7	4	8	8	3	inf
11	1	7	5	8	8	3	1
11	1	7	6	8	8	3	inf
11	1	7	7	8	8	3	inf
11	2	0	0	8	8	3	inf
11	2	0	1	8	8	3	inf
11	2	0	2	8	8	3	inf
11	2	0	3	8	8	3	inf
11	2	0	4	8	8	3	1
11	2	0	5	8	8	3	inf
11	2	0	6	8	8	3	inf
11	2	0	7	8	8	3	inf
11	2	1	0	8	8	3	inf
11	2	1	1	8	8	3	inf
11	2	1	2	8	8	3	inf
11	2	1	3	8	8	3	inf
11	2	1	4	8	8	3	inf
11	2	1	5	8	8	3	inf
11	2	1	6	8	8	3	inf
11	2	1	7	8	8	3	1
11	2	2	0	8	8	3	inf
11	2	2	1	8	8	3	inf
11	2	2	2	8	8	3	1
11	2	2	3	8	8	3	inf
11	2	2	4	8	8	3	inf
11	2	2	5	8	8	3	inf
11	2	2	6	8	8	3	inf
11	2	2	7	8	8	3	inf
11	2	3	0	8	8	3	inf
11	2	3	1	8	8	3	inf
11	2	3	2	8	8	3	inf
11	2	3	3	8	8	3	inf
11	2	3	4	8	8	3	inf
11	2	3	5	8	8	3	1
11	2	3	6	8	8	3	inf
11	2	3	7	8	8	3	inf
11	2	4	0	8	8	3	1
11	2	4	1	8	8	3	inf
11	2	4	2	8	8	3	inf
11	2	4	3	8	8	3	inf
11	2	4	4	8	8	3	inf
11	2	4	5	8	8	3	inf
11	2	4	6	8	8	3	inf
11	2	4	7	8	8	3	inf
11	2	5	0	8	8	3	inf
11	2	5	1	8	8	3	inf
11	2	5	2	8	8	3	inf
11	2	5	3	8	8	3	1
11	2	5	4	8	8	3	inf
11	2	5	5	8	8	3	inf
11	2	5	6	8	8	3	inf
11	2	5	7	8	8	3	inf
11	2	6	0	8	8	3	inf
11	2	6	1	8	8	3	inf
11	2	6	2	8	8	3	inf
11	2	6	3	8	8	3	inf
11	2	6	4	8	8	3	inf
11	2	6	5	8	8	3	inf
11	2	6	6	8	8	3	1
11	2	6	7	8	8	3	inf
11	2	7	0	8	8	3	inf
11	2	7	1	8	8	3	1
11	2	7	2	8	8	3	inf
11	2	7	3	8	8	3	inf
11	2	7	4	8	8	3	inf
11	2	7	5	8	8	3	inf
11	2	7	6	8	8	3	inf
11	2	7	7	8	8	3	inf
47	1	0	1	15	30	3	14
47	1	0	2	15	30	3	37
47	1	0	5	15	30	3	inf
47	1	0	8	15	30	3	10
47	1	0	9	15	30	3	33
47	1	0	16	15	30	3	33
47	1	0	17	15	30	3	10
47	1	0	20	15	30	3	inf
47	1	0	23	15	30	3	37
47	1	0	24	15	30	3	14
47	1	1	5	15	30	3	14
47	1	1	6	15	30	3	37
47	1	1	9	15	30	3	inf
47	1	1	12	15	30	3	10
47	1	1	13	15	30	3	33
47	1	1	20	15	30	3	33
47	1	1	21	15	30	3	10
47	1	1	24	15	30	3	inf
47	1	1	27	15	30	3	37
47	1	1	28	15	30	3	14
47	1	2	1	15	30	3	37
47	1	2	2	15	30	3	14
47	1	2	9	15	30	3	14
47	1	2	10	15	30	3	37
47	1	2	13	15	30	3	inf
47	1	2	16	15	30	3	10
47	1	2	17	15	30	3	33
47	1	2	24	15	30	3	33
47	1	2	25	15	30	3	10
47	1	2	28	15	30	3	inf
47	1	3	2	15	30	3	inf
47	1	3	5	15	30	3	37
47	1	3	6	15	30	3	14
47	1	3	13	15	30	3	14
47	1	3	14	15	30	3	37
47	1	3	17	15	30	3	inf
47	1	3	20	15	30	3	10
47	1	3	21	15	30	3	33
47	1	3	28	15	30	3	33
47	1	3	29	15	30	3	10
47	1	4	2	15	30	3	33
47	1	4	3	15	30	3	10
47	1	4	6	15	30	3	inf
47	1	4	9	15	30	3	37
47	1	4	10	15	30	3	14
47	1	4	17	15	30	3	14
47	1	4	18	15	30	3	37
47	1	4	21	15	30	3	inf
47	1	4	24	15	30	3	10
47	1	4	25	15	30	3	33
47	1	5	6	15	30	3	33
47	1	5	7	15	30	3	10
47	1	5	10	15	30	3	inf
47	1	5	13	15	30	3	37
47	1	5	14	15	30	3	14
47	1	5	21	15	30	3	14
47	1	5	22	15	30	3	37
47	1	5	25	15	30	3	inf
47	1	5	28	15	30	3	10
47	1	5	29	15	30	3	33
47	1	6	2	15	30	3	10
47	1	6	3	15	30	3	33
47	1	6	10	15	30	3	33
47	1	6	11	15	30	3	10
47	1	6	14	15	30	3	inf
47	1	6	17	15	30	3	37
47	1	6	18	15	30	3	14
47	1	6	25	15	30	3	14
47	1	6	26	15	30	3	37
47	1	6	29	15	30	3	inf
47	1	7	0	15	30	3	37
47	1	7	3	15	30	3	inf
47	1	7	6	15	30	3	10
47	1	7	7	15	30	3	33
47	1	7	14	15	30	3	33
47	1	7	15	15	30	3	10
47	1	7	18	15	30	3	inf
47	1	7	21	15	30	3	37
47	1	7	22	15	30	3	14
47	1	7	29	15	30	3	14
47	1	8	3	15	30	3	14
47	1	8	4	15	30	3	37
47	1	8	7	15	30	3	inf
47	1	8	10	15	30	3	10
47	1	8	11	15	30	3	33
47	1	8	18	15	30	3	33
47	1	8	19	15	30	3	10
47	1	8	22	15	30	3	inf
47	1	8	25	15	30	3	37
47	1	8	26	15	30	3	14
47	1	9	0	15	30	3	14
47	1	9	7	15	30	3	14
47	1	9	8	15	30	3	37
47	1	9	11	15	30	3	inf
47	1	9	14	15	30	3	10
47	1	9	15	15	30	3	33
47	1	9	22	15	30	3	33
47	1	9	23	15	30	3	10
47	1	9	26	15	30	3	inf
47	1	9	29	15	30	3	37
47	1	10	0	15	30	3	inf
47	1	10	3	15	30	3	37
47	1	10	4	15	30	3	14
47	1	10	11	15	30	3	14
47	1	10	12	15	30	3	37
47	1	10	15	15	30	3	inf
47	1	10	18	15	30	3	10
47	1	10	19	15	30	3	33
47	1	10	26	15	30	3	33
47	1	10	27	15	30	3	10
47	1	11	0	15	30	3	33
47	1	11	1	15	30	3	10
47	1	11	4	15	30	3	inf
47	1	11	7	15	30	3	37
47	1	11	8	15	30	3	14
47	1	11	15	15	30	3	14
47	1	11	16	15	30	3	37
47	1	11	19	15	30	3	inf
47	1	11	22	15	30	3	10
47	1	11	23	15	30	3	33
47	1	12	4	15	30	3	33
47	1	12	5	15	30	3	10
47	1	12	8	15	30	3	inf
47	1	12	11	15	30	3	37
47	1	12	12	15	30	3	14
47	1	12	19	15	30	3	14
47	1	12	20	15	30	3	37
47	1	12	23	15	30	3	inf
47	1	12	26	15	30	3	10
47	1	12	27	15	30	3	33
47	1	13	0	15	30	3	10
47	1	13	1	15	30	3	33
47	1	13	8	15	30	3	33
47	1	13	9	15	30	3	10
47	1	13	12	15	30	3	inf
47	1	13	15	15	30	3	37
47	1	13	16	15	30	3	14
47	1	13	23	15	30	3	14
47	1	13	24	15	30	3	37
47	1	13	27	15	30	3	inf
47	1	14	1	15	30	3	inf
47	1	14	4	15	30	3	10
47	1	14	5	15	30	3	33
47	1	14	12	15	30	3	33
47	1	14	13	15	30	3	10
47	1	14	16	15	30	3	inf
47	1	14	19	15	30	3	37
47	1	14	20	15	30	3	14
47	1	14	27	15	30	3	14
47	1	14	28	15	30	3	37
47	2	0	1	15	30	3	33
47	2	0	2	15	30	3	10
47	2	0	5	15	30	3	inf
47	2	0	8	15	30	3	37
47	2	0	9	15	30	3	14
47	2	0	16	15	30	3	14
47	2	0	17	15	30	3	37
47	2	0	20	15	30	3	inf
47	2	0	23	15	30	3	10
47	2	0	24	15	30	3	33
47	2	1	5	15	30	3	33
47	2	1	6	15	30	3	10
47	2	1	9	15	30	3	inf
47	2	1	12	15	30	3	37
47	2	1	13	15	30	3	14
47	2	1	20	15	30	3	14
47	2	1	21	15	30	3	37
47	2	1	24	15	30	3	inf
47	2	1	27	15	30	3	10
47	2	1	28	15	30	3	33
47	2	2	1	15	30	3	10
47	2	2	2	15	30	3	33
47	2	2	9	15	30	3	33
47	2	2	10	15	30	3	10
47	2	2	13	15	30	3	inf
47	2	2	16	15	30	3	37
47	2	2	17	15	30	3	14
47	2	2	24	15	30	3	14
47	2	2	25	15	30	3	37
47	2	2	28	15	30	3	inf
47	2	3	2	15	30	3	inf
47	2	3	5	15	30	3	10
47	2	3	6	15	30	3	33
47	2	3	13	15	30	3	33
47	2	3	14	15	30	3	10
47	2	3	17	15	30	3	inf
47	2	3	20	15	30	3	37
47	2	3	21	15	30	3	14
47	2	3	28	15	30	3	14
47	2	3	29	15	30	3	37
47	2	4	2	15	30	3	14
47	2	4	3	15	30	3	37
47	2	4	6	15	30	3	inf
47	2	4	9	15	30	3	10
47	2	4	10	15	30	3	33
47	2	4	17	15	30	3	33
47	2	4	18	15	30	3	10
47	2	4	21	15	30	3	inf
47	2	4	24	15	30	3	37
47	2	4	25	15	30	3	14
47	2	5	6	15	30	3	14
47	2	5	7	15	30	3	37
47	2	5	10	15	30	3	inf
47	2	5	13	15	30	3	10
47	2	5	14	15	30	3	33
47	2	5	21	15	30	3	33
47	2	5	22	15	30	3	10
47	2	5	25	15	30	3	inf
47	2	5	28	15	30	3	37
47	2	5	29	15	30	3	14
47	2	6	2	15	30	3	37
47	2	6	3	15	30	3	14
47	2	6	10	15	30	3	14
47	2	6	11	15	30	3	37
47	2	6	14	15	30	3	inf
47	2	6	17	15	30	3	10
47	2	6	18	15	30	3	33
47	2	6	25	15	30	3	33
47	2	6	26	15	30	3	10
47	2	6	29	15	30	3	inf
47	2	7	0	15	30	3	10
47	2	7	3	15	30	3	inf
47	2	7	6	15	30	3	37
47	2	7	7	15	30	3	14
47	2	7	14	15	30	3	14
47	2	7	15	15	30	3	37
47	2	7	18	15	30	3	inf
47	2	7	21	15	30	3	10
47	2	7	22	15	30	3	33
47	2	7	29	15	30	3	33
47	2	8	3	15	30	3	33
47	2	8	4	15	30	3	10
47	2	8	7	15	30	3	inf
47	2	8	10	15	30	3	37
47	2	8	11	15	30	3	14
47	2	8	18	15	30	3	14
47	2	8	19	15	30	3	37
47	2	8	22	15	30	3	inf
47	2	8	25	15	30	3	10
47	2	8	26	15	30	3	33
47	2	9	0	15	30	3	33
47	2	9	7	15	30	3	33
47	2	9	8	15	30	3	10
47	2	9	11	15	30	3	inf
47	2	9	14	15	30	3	37
47	2	9	15	15	30	3	14
47	2	9	22	15	30	3	14
47	2	9	23	15	30	3	37
47	2	9	26	15	30	3	inf
47	2	9	29	15	30	3	10
47	2	10	0	15	30	3	inf
47	2	10	3	15	30	3	10
47	2	10	4	15	30	3	33
47	2	10	11	15	30	3	33
47	2	10	12	15	30	3	10
47	2	10	15	15	30	3	inf
47	2	10	18	15	30	3	37
47	2	10	19	15	30	3	14
47	2	10	26	15	30	3	14
47	2	10	27	15	30	3	37
47	2	11	0	15	30	3	14
47	2	11	1	15	30	3	37
47	2	11	4	15	30	3	inf
47	2	11	7	15	30	3	10
47	2	11	8	15	30	3	33
47	2	11	15	15	30	3	33
47	2	11	16	15	30	3	10
47	2	11	19	15	30	3	inf
47	2	11	22	15	30	3	37
47	2	11	23	15	30	3	14
47	2	12	4	15	30	3	14
47	2	12	5	15	30	3	37
47	2	12	8	15	30	3	inf
47	2	12	11	15	30	3	10
47	2	12	12	15	30	3	33
47	2	12	19	15	30	3	33
47	2	12	20	15	30	3	10
47	2	12	23	15	30	3	inf
47	2	12	26	15	30	3	37
47	2	12	27	15	30	3	14
47	2	13	0	15	30	3	37
47	2	13	1	15	30	3	14
47	2	13	8	15	30	3	14
47	2	13	9	15	30	3	37
47	2	13	12	15	30	3	inf
47	2	13	15	15	30	3	10
47	2	13	16	15	30	3	33
47	2	13	23	15	30	3	33
47	2	13	24	15	30	3	10
47	2	13	27	15	30	3	inf
47	2	14	1	15	30	3	inf
47	2	14	4	15	30	3	37
47	2	14	5	15	30	3	14
47	2	14	12	15	30	3	14
47	2	14	13	15	30	3	37
47	2	14	16	15	30	3	inf
47	2	14	19	15	30	3	10
47	2	14	20	15	30	3	33
47	2	14	27	15	30	3	33
47	2	14	28	15	30	3	10
41	1	0	0	26	26	3	1
41	1	0	1	26	26	3	33
41	1	0	2	26	26	3	22
41	1	0	3	26	26	3	24
41	1	0	4	26	26	3	22
41	1	0	5	26	26	3	33
41	1	0	6	26	26	3	1
41	1	0	7	26	26	3	11
41	1	0	8	26	26	3	16
41	1	0	9	26	26	3	5
41	1	0	10	26	26	3	36
41	1	0	11	26	26	3	25
41	1	0	12	26	26	3	30
41	1	0	13	26	26	3	40
41	1	0	14	26	26	3	8
41	1	0	15	26	26	3	19
41	1	0	16	26	26	3	17
41	1	0	17	26	26	3	19
41	1	0	18	26	26	3	8
41	1	0	19	26	26	3	40
41	1	0	20	26	26	3	inf
41	1	0	21	26	26	3	25
41	1	0	22	26	26	3	36
41	1	0	23	26	26	3	5
41	1	0	24	26	26	3	16
41	1	0	25	26	26	3	11
41	1	1	0	26	26	3	11
41	1	1	1	26	26	3	16
41	1	1	2	26	26	3	5
41	1	1	3	26	26	3	36
41	1	1	4	26	26	3	25
41	1	1	5	26	26	3	30
41	1	1	6	26	26	3	40
41	1	1	7	26	26	3	8
41	1	1	8	26	26	3	19
41	1	1	9	26	26	3	17
41	1	1	10	26	26	3	19
41	1	1	11	26	26	3	8
41	1	1	12	26	26	3	40
41	1	1	13	26	26	3	inf
41	1	1	14	26	26	3	25
41	1	1	15	26	26	3	36
41	1	1	16	26	26	3	5
41	1	1	17	26	26	3	16
41	1	1	18	26	26	3	11
41	1	1	19	26	26	3	1
41	1	1	20	26	26	3	33
41	1	1	21	26	26	3	22
41	1	1	22	26	26	3	24
41	1	1	23	26	26	3	22
41	1	1	24	26	26	3	33
41	1	1	25	26	26	3	1
41	1	2	0	26	26	3	8
41	1	2	1	26	26	3	19
41	1	2	2	26	26	3	17
41	1	2	3	26	26	3	19
41	1	2	4	26	26	3	8
41	1	2	5	26	26	3	40
41	1	2	6	26	26	3	inf
41	1	2	7	26	26	3	25
41	1	2	8	26	26	3	36
41	1	2	9	26	26	3	5
41	1	2	10	26	26	3	16
41	1	2	11	26	26	3	11
41	1	2	12	26	26	3	1
41	1	2	13	26	26	3	33
41	1	2	14	26	26	3	22
41	1	2	15	26	26	3	24
41	1	2	16	26	26	3	22
41	1	2	17	26	26	3	33
41	1	2	18	26	26	3	1
41	1	2	19	26	26	3	11
41	1	2	20	26	26	3	16
41	1	2	21	26	26	3	5
41	1	2	22	26	26	3	36
41	1	2	23	26	26	3	25
41	1	2	24	26	26	3	30
41	1	2	25	26	26	3	40
41	1	3	0	26	26	3	25
41	1	3	1	26	26	3	36
41	1	3	2	26	26	3	5
41	1	3	3	26	26	3	16
41	1	3	4	26	26	3	11
41	1	3	5	26	26	3	1
41	1	3	6	26	26	3	33
41	1	3	7	26	26	3	22
41	1	3	8	26	26	3	24
41	1	3	9	26	26	3	22
41	1	3	10	26	26	3	33
41	1	3	11	26	26	3	1
41	1	3	12	26	26	3	11
41	1	3	13	26	26	3	16
41	1	3	14	26	26	3	5
41	1	3	15	26	26	3	36
41	1	3	16	26	26	3	25
41	1	3	17	26	26	3	30
41	1	3	18	26	26	3	40
41	1	3	19	26	26	3	8
41	1	3	20	26	26	3	19
41	1	3	21	26	26	3	17
41	1	3	22	26	26	3	19
41	1	3	23	26	26	3	8
41	1	3	24	26	26	3	40
41	1	3	25	26	26	3	inf
41	1	4	0	26	26	3	22
41	1	4	1	26	26	3	24
41	1	4	2	26	26	3	22
41	1	4	3	26	26	3	33
41	1	4	4	26	26	3	1
41	1	4	5	26	26	3	11
41	1	4	6	26	26	3	16
41	1	4	7	26	26	3	5
41	1	4	8	26	26	3	36
41	1	4	9	26	26	3	25
41	1	4	10	26	26	3	30
41	1	4	11	26	26	3	40
41	1	4	12	26	26	3	8
41	1	4	13	26	26	3	19
41	1	4	14	26	26	3	17
41	1	4	15	26	26	3	19
41	1	4	16	26	26	3	8
41	1	4	17	26	26	3	40
41	1	4	18	26	26	3	inf
41	1	4	19	26	26	3	25
41	1	4	20	26	26	3	36
41	1	4	21	26	26	3	5
41	1	4	22	26	26	3	16
41	1	4	23	26	26	3	11
41	1	4	24	26	26	3	1
41	1	4	25	26	26	3	33
41	1	5	0	26	26	3	5
41	1	5	1	26	26	3	36
41	1	5	2	26	26	3	25
41	1	5	3	26	26	3	30
41	1	5	4	26	26	3	40
41	1	5	5	26	26	3	8
41	1	5	6	26	26	3	19
41	1	5	7	26	26	3	17
41	1	5	8	26	26	3	19
41	1	5	9	26	26	3	8
41	1	5	10	26	26	3	40
41	1	5	11	26	26	3	inf
41	1	5	12	26	26	3	25
41	1	5	13	26	26	3	36
41	1	5	14	26	26	3	5
41	1	5	15	26	26	3	16
41	1	5	16	26	26	3	11
41	1	5	17	26	26	3	1
41	1	5	18	26	26	3	33
41	1	5	19	26	26	3	22
41	1	5	20	26	26	3	24
41	1	5	21	26	26	3	22
41	1	5	22	26	26	3	33
41	1	5	23	26	26	3	1
41	1	5	24	26	26	3	11
41	1	5	25	26	26	3	16
41	1	6	0	26	26	3	17
41	1	6	1	26	26	3	19
41	1	6	2	26	26	3	8
41	1	6	3	26	26	3	40
41	1	6	4	26	26	3	inf
41	1	6	5	26	26	3	25
41	1	6	6	26	26	3	36
41	1	6	7	26	26	3	5
41	1	6	8	26	26	3	16
41	1	6	9	26	26	3	11
41	1	6	10	26	26	3	1
41	1	6	11	26	26	3	33
41	1	6	12	26	26	3	22
41	1	6	13	26	26	3	24
41	1	6	14	26	26	3	22
41	1	6	15	26	26	3	33
41	1	6	16	26	26	3	1
41	1	6	17	26	26	3	11
41	1	6	18	26	26	3	16
41	1	6	19	26	26	3	5
41	1	6	20	26	26	3	36
41	1	6	21	26	26	3	25
41	1	6	22	26	26	3	30
41	1	6	23	26	26	3	40
41	1	6	24	26	26	3	8
41	1	6	25	26	26	3	19
41	1	7	0	26	26	3	5
41	1	7	1	26	26	3	16
41	1	7	2	26	26	3	11
41	1	7	3	26	26	3	1
41	1	7	4	26	26	3	33
41	1	7	5	26	26	3	22
41	1	7	6	26	26	3	24
41	1	7	7	26	26	3	22
41	1	7	8	26	26	3	33
41	1	7	9	26	26	3	1
41	1	7	10	26	26	3	11
41	1	7	11	26	26	3	16
41	1	7	12	26	26	3	5
41	1	7	13	26	26	3	36
41	1	7	14	26	26	3	25
41	1	7	15	26	26	3	30
41	1	7	16	26	26	3	40
41	1	7	17	26	26	3	8
41	1	7	18	26	26	3	19
41	1	7	19	26	26	3	17
41	1	7	20	26	26	3	19
41	1	7	21	26	26	3	8
41	1	7	22	26	26	3	40
41	1	7	23	26	26	3	inf
41	1	7	24	26	26	3	25
41	1	7	25	26	26	3	36
41	1	8	0	26	26	3	22
41	1	8	1	26	26	3	33
41	1	8	2	26	26	3	1
41	1	8	3	26	26	3	11
41	1	8	4	26	26	3	16
41	1	8	5	26	26	3	5
41	1	8	6	26	26	3	36
41	1	8	7	26	26	3	25
41	1	8	8	26	26	3	30
41	1	8	9	26	26	3	40
41	1	8	10	26	26	3	8
41	1	8	11	26	26	3	19
41	1	8	12	26	26	3	17
41	1	8	13	26	26	3	19
41	1	8	14	26	26	3	8
41	1	8	15	26	26	3	40
41	1	8	16	26	26	3	inf
41	1	8	17	26	26	3	25
41	1	8	18	26	26	3	36
41	1	8	19	26	26	3	5
41	1	8	20	26	26	3	16
41	1	8	21	26	26	3	11
41	1	8	22	26	26	3	1
41	1	8	23	26	26	3	33
41	1	8	24	26	26	3	22
41	1	8	25	26	26	3	24
41	1	9	0	26	26	3	25
41	1	9	1	26	26	3	30
41	1	9	2	26	26	3	40
41	1	9	3	26	26	3	8
41	1	9	4	26	26	3	19
41	1	9	5	26	26	3	17
41	1	9	6	26	26	3	19
41	1	9	7	26	26	3	8
41	1	9	8	26	26	3	40
41	1	9	9	26	26	3	inf
41	1	9	10	26	26	3	25
41	1	9	11	26	26	3	36
41	1	9	12	26	26	3	5
41	1	9	13	26	26	3	16
41	1	9	14	26	26	3	11
41	1	9	15	26	26	3	1
41	1	9	16	26	26	3	33
41	1	9	17	26	26	3	22
41	1	9	18	26	26	3	24
41	1	9	19	26	26	3	22
41	1	9	20	26	26	3	33
41	1	9	21	26	26	3	1
41	1	9	22	26	26	3	11
41	1	9	23	26	26	3	16
41	1	9	24	26	26	3	5
41	1	9	25	26	26	3	36
41	1	10	0	26	26	3	8
41	1	10	1	26	26	3	40
41	1	10	2	26	26	3	inf
41	1	10	3	26	26	3	25
41	1	10	4	26	26	3	36
41	1	10	5	26	26	3	5
41	1	10	6	26	26	3	16
41	1	10	7	26	26	3	11
41	1	10	8	26	26	3	1
41	1	10	9	26	26	3	33
41	1	10	10	26	26	3	22
41	1	10	11	26	26	3	24
41	1	10	12	26	26	3	22
41	1	10	13	26	26	3	33
41	1	10	14	26	26	3	1
41	1	10	15	26	26	3	11
41	1	10	16	26	26	3	16
41	1	10	17	26	26	3	5
41	1	10	18	26	26	3	36
41	1	10	19	26	26	3	25
41	1	10	20	26	26	3	30
41	1	10	21	26	26	3	40
41	1	10	22	26	26	3	8
41	1	10	23	26	26	3	19
41	1	10	24	26	26	3	17
41	1	10	25	26	26	3	19
41	1	11	0	26	26	3	11
41	1	11	1	26	26	3	1
41	1	11	2	26	26	3	33
41	1	11	3	26	26	3	22
41	1	11	4	26	26	3	24
41	1	11	5	26	26	3	22
41	1	11	6	26	26	3	33
41	1	11	7	26	26	3	1
41	1	11	8	26	26	3	11
41	1	11	9	26	26	3	16
41	1	11	10	26	26	3	5
41	1	11	11	26	26	3	36
41	1	11	12	26	26	3	25
41	1	11	13	26	26	3	30
41	1	11	14	26	26	3	40
41	1	11	15	26	26	3	8
41	1	11	16	26	26	3	19
41	1	11	17	26	26	3	17
41	1	11	18	26	26	3	19
41	1	11	19	26	26	3	8
41	1	11	20	26	26	3	40
41	1	11	21	26	26	3	inf
41	1	11	22	26	26	3	25
41	1	11	23	26	26	3	36
41	1	11	24	26	26	3	5
41	1	11	25	26	26	3	16
41	1	12	0	26	26	3	1
41	1	12	1	26	26	3	11
41	1	12	2	26	26	3	16
41	1	12	3	26	26	3	5
41	1	12	4	26	26	3	36
41	1	12	5	26	26	3	25
41	1	12	6	26	26	3	30
41	1	12	7	26	26	3	40
41	1	12	8	26	26	3	8
41	1	12	9	26	26	3	19
41	1	12	10	26	26	3	17
41	1	12	11	26	26	3	19
41	1	12	12	26	26	3	8
41	1	12	13	26	26	3	40
41	1	12	14	26	26	3	inf
41	1	12	15	26	26	3	25
41	1	12	16	26	26	3	36
41	1	12	17	26	26	3	5
41	1	12	18	26	26	3	16
41	1	12	19	26	26	3	11
41	1	12	20	26	26	3	1
41	1	12	21	26	26	3	33
41	1	12	22	26	26	3	22
41	1	12	23	26	26	3	24
41	1	12	24	26	26	3	22
41	1	12	25	26	26	3	33
41	1	13	0	26	26	3	40
41	1	13	1	26	26	3	8
41	1	13	2	26	26	3	19
41	1	13	3	26	26	3	17
41	1	13	4	26	26	3	19
41	1	13	5	26	26	3	8
41	1	13	6	26	26	3	40
41	1	13	7	26	26	3	inf
41	1	13	8	26	26	3	25
41	1	13	9	26	26	3	36
41	1	13	10	26	26	3	5
41	1	13	11	26	26	3	16
41	1	13	12	26	26	3	11
41	1	13	13	26	26	3	1
41	1	13	14	26	26	3	33
41	1	13	15	26	26	3	22
41	1	13	16	26	26	3	24
41	1	13	17	26	26	3	22
41	1	13	18	26	26	3	33
41	1	13	19	26	26	3	1
41	1	13	20	26	26	3	11
41	1	13	21	26	26	3	16
41	1	13	22	26	26	3	5
41	1	13	23	26	26	3	36
41	1	13	24	26	26	3	25
41	1	13	25	26	26	3	30
41	1	14	0	26	26	3	inf
41	1	14	1	26	26	3	25
41	1	14	2	26	26	3	36
41	1	14	3	26	26	3	5
41	1	14	4	26	26	3	16
41	1	14	5	26	26	3	11
41	1	14	6	26	26	3	1
41	1	14	7	26	26	3	33
41	1	14	8	26	26	3	22
41	1	14	9	26	26	3	24
41	1	14	10	26	26	3	22
41	1	14	11	26	26	3	33
41	1	14	12	26	26	3	1
41	1	14	13	26	26	3	11
41	1	14	14	26	26	3	16
41	1	14	15	26	26	3	5
41	1	14	16	26	26	3	36
41	1	14	17	26	26	3	25
41	1	14	18	26	26	3	30
41	1	14	19	26	26	3	40
41	1	14	20	26	26	3	8
41	1	14	21	26	26	3	19
41	1	14	22	26	26	3	17
41	1	14	23	26	26	3	19
41	1	14	24	26	26	3	8
41	1	14	25	26	26	3	40
41	1	15	0	26	26	3	33
41	1	15	1	26	26	3	22
41	1	15	2	26	26	3	24
41	1	15	3	26	26	3	22
41	1	15	4	26	26	3	33
41	1	15	5	26	26	3	1
41	1	15	6	26	26	3	11
41	1	15	7	26	26	3	16
41	1	15	8	26	26	3	5
41	1	15	9	26	26	3	36
41	1	15	10	26	26	3	25
41	1	15	11	26	26	3	30
41	1	15	12	26	26	3	40
41	1	15	13	26	26	3	8
41	1	15	14	26	26	3	19
41	1	15	15	26	26	3	17
41	1	15	16	26	26	3	19
41	1	15	17	26	26	3	8
41	1	15	18	26	26	3	40
41	1	15	19	26	26	3	inf
41	1	15	20	26	26	3	25
41	1	15	21	26	26	3	36
41	1	15	22	26	26	3	5
41	1	15	23	26	26	3	16
41	1	15	24	26	26	3	11
41	1	15	25	26	26	3	1
41	1	16	0	26	26	3	16
41	1	16	1	26	26	3	5
41	1	16	2	26	26	3	36
41	1	16	3	26	26	3	25
41	1	16	4	26	26	3	30
41	1	16	5	26	26	3	40
41	1	16	6	26	26	3	8
41	1	16	7	26	26	3	19
41	1	16	8	26	26	3	17
41	1	16	9	26	26	3	19
41	1	16	10	26	26	3	8
41	1	16	11	26	26	3	40
41	1	16	12	26	26	3	inf
41	1	16	13	26	26	3	25
41	1	16	14	26	26	3	36
41	1	16	15	26	26	3	5
41	1	16	16	26	26	3	16
41	1	16	17	26	26	3	11
41	1	16	18	26	26	3	1
41	1	16	19	26	26	3	33
41	1	16	20	26	26	3	22
41	1	16	21	26	26	3	24
41	1	16	22	26	26	3	22
41	1	16	23	26	26	3	33
41	1	16	24	26	26	3	1
41	1	16	25	26	26	3	11
41	1	17	0	26	26	3	19
41	1	17	1	26	26	3	17
41	1	17	2	26	26	3	19
41	1	17	3	26	26	3	8
41	1	17	4	26	26	3	40
41	1	17	5	26	26	3	inf
41	1	17	6	26	26	3	25
41	1	17	7	26	26	3	36
41	1	17	8	26	26	3	5
41	1	17	9	26	26	3	16
41	1	17	10	26	26	3	11
41	1	17	11	26	26	3	1
41	1	17	12	26	26	3	33
41	1	17	13	26	26	3	22
41	1	17	14	26	26	3	24
41	1	17	15	26	26	3	22
41	1	17	16	26	26	3	33
41	1	17	17	26	26	3	1
41	1	17	18	26	26	3	11
41	1	17	19	26	26	3	16
41	1	17	20	26	26	3	5
41	1	17	21	26	26	3	36
41	1	17	22	26	26	3	25
41	1	17	23	26	26	3	30
41	1	17	24	26	26	3	40
41	1	17	25	26	26	3	8
41	1	18	0	26	26	3	36
41	1	18	1	26	26	3	5
41	1	18	2	26	26	3	16
41	1	18	3	26	26	3	11
41	1	18	4	26	26	3	1
41	1	18	5	26	26	3	33
41	1	18	6	26	26	3	22
41	1	18	7	26	26	3	24
41	1	18	8	26	26	3	22
41	1	18	9	26	26	3	33
41	1	18	10	26	26	3	1
41	1	18	11	26	26	3	11
41	1	18	12	26	26	3	16
41	1	18	13	26	26	3	5
41	1	18	14	26	26	3	36
41	1	18	15	26	26	3	25
41	1	18	16	26	26	3	30
41	1	18	17	26	26	3	40
41	1	18	18	26	26	3	8
41	1	18	19	26	26	3	19
41	1	18	20	26	26	3	17
41	1	18	21	26	26	3	19
41	1	18	22	26	26	3	8
41	1	18	23	26	26	3	40
41	1	18	24	26	26	3	inf
41	1	18	25	26	26	3	25
41	1	19	0	26	26	3	24
41	1	19	1	26	26	3	22
41	1	19	2	26	26	3	33
41	1	19	3	26	26	3	1
41	1	19	4	26	26	3	11
41	1	19	5	26	26	3	16
41	1	19	6	26	26	3	5
41	1	19	7	26	26	3	36
41	1	19	8	26	26	3	25
41	1	19	9	26	26	3	30
41	1	19	10	26	26	3	40
41	1	19	11	26	26	3	8
41	1	19	12	26	26	3	19
41	1	19	13	26	26	3	17
41	1	19	14	26	26	3	19
41	1	19	15	26	26	3	8
41	1	19	16	26	26	3	40
41	1	19	17	26	26	3	inf
41	1	19	18	26	26	3	25
41	1	19	19	26	26	3	36
41	1	19	20	26	26	3	5
41	1	19	21	26	26	3	16
41	1	19	22	26	26	3	11
41	1	19	23	26	26	3	1
41	1	19	24	26	26	3	33
41	1	19	25	26	26	3	22
41	1	20	0	26	26	3	36
41	1	20	1	26	26	3	25
41	1	20	2	26	26	3	30
41	1	20	3	26	26	3	40
41	1	20	4	26	26	3	8
41	1	20	5	26	26	3	19
41	1	20	6	26	26	3	17
41	1	20	7	26	26	3	19
41	1	20	8	26	26	3	8
41	1	20	9	26	26	3	40
41	1	20	10	26	26	3	inf
41	1	20	11	26	26	3	25
41	1	20	12	26	26	3	36
41	1	20	13	26	26	3	5
41	1	20	14	26	26	3	16
41	1	20	15	26	26	3	11
41	1	20	16	26	26	3	1
41	1	20	17	26	26	3	33
41	1	20	18	26	26	3	22
41	1	20	19	26	26	3	24
41	1	20	20	26	26	3	22
41	1	20	21	26	26	3	33
41	1	20	22	26	26	3	1
41	1	20	23	26	26	3	11
41	1	20	24	26	26	3	16
41	1	20	25	26	26	3	5
41	1	21	0	26	26	3	19
41	1	21	1	26	26	3	8
41	1	21	2	26	26	3	40
41	1	21	3	26	26	3	inf
41	1	21	4	26	26	3	25
41	1	21	5	26	26	3	36
41	1	21	6	26	26	3	5
41	1	21	7	26	26	3	16
41	1	21	8	26	26	3	11
41	1	21	9	26	26	3	1
41	1	21	10	26	26	3	33
41	1	21	11	26	26	3	22
41	1	21	12	26	26	3	24
41	1	21	13	26	26	3	22
41	1	21	14	26	26	3	33
41	1	21	15	26	26	3	1
41	1	21	16	26	26	3	11
41	1	21	17	26	26	3	16
41	1	21	18	26	26	3	5
41	1	21	19	26	26	3	36
41	1	21	20	26	26	3	25
41	1	21	21	26	26	3	30
41	1	21	22	26	26	3	40
41	1	21	23	26	26	3	8
41	1	21	24	26	26	3	19
41	1	21	25	26	26	3	17
41	1	22	0	26	26	3	16
41	1	22	1	26	26	3	11
41	1	22	2	26	26	3	1
41	1	22	3	26	26	3	33
41	1	22	4	26	26	3	22
41	1	22	5	26	26	3	24
41	1	22	6	26	26	3	22
41	1	22	7	26	26	3	33
41	1	22	8	26	26	3	1
41	1	22	9	26	26	3	11
41	1	22	10	26	26	3	16
41	1	22	11	26	26	3	5
41	1	22	12	26	26	3	36
41	1	22	13	26	26	3	25
41	1	22	14	26	26	3	30
41	1	22	15	26	26	3	40
41	1	22	16	26	26	3	8
41	1	22	17	26	26	3	19
41	1	22	18	26	26	3	17
41	1	22	19	26	26	3	19
41	1	22	20	26	26	3	8
41	1	22	21	26	26	3	40
41	1	22	22	26	26	3	inf
41	1	22	23	26	26	3	25
41	1	22	24	26	26	3	36
41	1	22	25	26	26	3	5
41	1	23	0	26	26	3	33
41	1	23	1	26	26	3	1
41	1	23	2	26	26	3	11
41	1	23	3	26	26	3	16
41	1	23	4	26	26	3	5
41	1	23	5	26	26	3	36
41	1	23	6	26	26	3	25
41	1	23	7	26	26	3	30
41	1	23	8	26	26	3	40
41	1	23	9	26	26	3	8
41	1	23	10	26	26	3	19
41	1	23	11	26	26	3	17
41	1	23	12	26	26	3	19
41	1	23	13	26	26	3	8
41	1	23	14	26	26	3	40
41	1	23	15	26	26	3	inf
41	1	23	16	26	26	3	25
41	1	23	17	26	26	3	36
41	1	23	18	26	26	3	5
41	1	23	19	26	26	3	16
41	1	23	20	26	26	3	11
41	1	23	21	26	26	3	1
41	1	23	22	26	26	3	33
41	1	23	23	26	26	3	22
41	1	23	24	26	26	3	24
41	1	23	25	26	26	3	22
41	1	24	0	26	26	3	30
41	1	24	1	26	26	3	40
41	1	24	2	26	26	3	8
41	1	24	3	26	26	3	19
41	1	24	4	26	26	3	17
41	1	24	5	26	26	3	19
41	1	24	6	26	26	3	8
41	1	24	7	26	26	3	40
41	1	24	8	26	26	3	inf
41	1	24	9	26	26	3	25
41	1	24	10	26	26	3	36
41	1	24	11	26	26	3	5
41	1	24	12	26	26	3	16
41	1	24	13	26	26	3	11
41	1	24	14	26	26	3	1
41	1	24	15	26	26	3	33
41	1	24	16	26	26	3	22
41	1	24	17	26	26	3	24
41	1	24	18	26	26	3	22
41	1	24	19	26	26	3	33
41	1	24	20	26	26	3	1
41	1	24	21	26	26	3	11
41	1	24	22	26	26	3	16
41	1	24	23	26	26	3	5
41	1	24	24	26	26	3	36
41	1	24	25	26	26	3	25
41	1	25	0	26	26	3	40
41	1	25	1	26	26	3	inf
41	1	25	2	26	26	3	25
41	1	25	3	26	26	3	36
41	1	25	4	26	26	3	5
41	1	25	5	26	26	3	16
41	1	25	6	26	26	3	11
41	1	25	7	26	26	3	1
41	1	25	8	26	26	3	33
41	1	25	9	26	26	3	22
41	1	25	10	26	26	3	24
41	1	25	11	26	26	3	22
41	1	25	12	26	26	3	33
41	1	25	13	26	26	3	1
41	1	25	14	26	26	3	11
41	1	25	15	26	26	3	16
41	1	25	16	26	26	3	5
41	1	25	17	26	26	3	36
41	1	25	18	26	26	3	25
41	1	25	19	26	26	3	30
41	1	25	20	26	26	3	40
41	1	25	21	26	26	3	8
41	1	25	22	26	26	3	19
41	1	25	23	26	26	3	17
41	1	25	24	26	26	3	19
41	1	25	25	26	26	3	8
41	2	0	0	26	26	3	40
41	2	0	1	26	26	3	8
41	2	0	2	26	26	3	19
41	2	0	3	26	26	3	17
41	2	0	4	26	26	3	19
41	2	0	5	26	26	3	8
41	2	0	6	26	26	3	40
41	2	0	7	26	26	3	inf
41	2	0	8	26	26	3	25
41	2	0	9	26	26	3	36
41	2	0	10	26	26	3	5
41	2	0	11	26	26	3	16
41	2	0	12	26	26	3	11
41	2	0	13	26	26	3	1
41	2	0	14	26	26	3	33
41	2	0	15	26	26	3	22
41	2	0	16	26	26	3	24
41	2	0	17	26	26	3	22
41	2	0	18	26	26	3	33
41	2	0	19	26	26	3	1
41	2	0	20	26	26	3	11
41	2	0	21	26	26	3	16
41	2	0	22	26	26	3	5
41	2	0	23	26	26	3	36
41	2	0	24	26	26	3	25
41	2	0	25	26	26	3	30
41	2	1	0	26	26	3	inf
41	2	1	1	26	26	3	25
41	2	1	2	26	26	3	36
41	2	1	3	26	26	3	5
41	2	1	4	26	26	3	16
41	2	1	5	26	26	3	11
41	2	1	6	26	26	3	1
41	2	1	7	26	26	3	33
41	2	1	8	26	26	3	22
41	2	1	9	26	26	3	24
41	2	1	10	26	26	3	22
41	2	1	11	26	26	3	33
41	2	1	12	26	26	3	1
41	2	1	13	26	26	3	11
41	2	1	14	26	26	3	16
41	2	1	15	26	26	3	5
41	2	1	16	26	26	3	36
41	2	1	17	26	26	3	25
41	2	1	18	26	26	3	30
41	2	1	19	26	26	3	40
41	2	1	20	26	26	3	8
41	2	1	21	26	26	3	19
41	2	1	22	26	26	3	17
41	2	1	23	26	26	3	19
41	2	1	24	26	26	3	8
41	2	1	25	26	26	3	40
41	2	2	0	26	26	3	33
41	2	2	1	26	26	3	22
41	2	2	2	26	26	3	24
41	2	2	3	26	26	3	22
41	2	2	4	26	26	3	33
41	2	2	5	26	26	3	1
41	2	2	6	26	26	3	11
41	2	2	7	26	26	3	16
41	2	2	8	26	26	3	5
41	2	2	9	26	26	3	36
41	2	2	10	26	26	3	25
41	2	2	11	26	26	3	30
41	2	2	12	26	26	3	40
41	2	2	13	26	26	3	8
41	2	2	14	26	26	3	19
41	2	2	15	26	26	3	17
41	2	2	16	26	26	3	19
41	2	2	17	26	26	3	8
41	2	2	18	26	26	3	40
41	2	2	19	26	26	3	inf
41	2	2	20	26	26	3	25
41	2	2	21	26	26	3	36
41	2	2	22	26	26	3	5
41	2	2	23	26	26	3	16
41	2	2	24	26	26	3	11
41	2	2	25	26	26	3	1
41	2	3	0	26	26	3	16
41	2	3	1	26	26	3	5
41	2	3	2	26	26	3	36
41	2	3	3	26	26	3	25
41	2	3	4	26	26	3	30
41	2	3	5	26	26	3	40
41	2	3	6	26	26	3	8
41	2	3	7	26	26	3	19
41	2	3	8	26	26	3	17
41	2	3	9	26	26	3	19
41	2	3	10	26	26	3	8
41	2	3	11	26	26	3	40
41	2	3	12	26	26	3	inf
41	2	3	13	26	26	3	25
41	2	3	14	26	26	3	36
41	2	3	15	26	26	3	5
41	2	3	16	26	26	3	16
41	2	3	17	26	26	3	11
41	2	3	18	26	26	3	1
41	2	3	19	26	26	3	33
41	2	3	20	26	26	3	22
41	2	3	21	26	26	3	24
41	2	3	22	26	26	3	22
41	2	3	23	26	26	3	33
41	2	3	24	26	26	3	1
41	2	3	25	26	26	3	11
41	2	4	0	26	26	3	19
41	2	4	1	26	26	3	17
41	2	4	2	26	26	3	19
41	2	4	3	26	26	3	8
41	2	4	4	26	26	3	40
41	2	4	5	26	26	3	inf
41	2	4	6	26	26	3	25
41	2	4	7	26	26	3	36
41	2	4	8	26	26	3	5
41	2	4	9	26	26	3	16
41	2	4	10	26	26	3	11
41	2	4	11	26	26	3	1
41	2	4	12	26	26	3	33
41	2	4	13	26	26	3	22
41	2	4	14	26	26	3	24
41	2	4	15	26	26	3	22
41	2	4	16	26	26	3	33
41	2	4	17	26	26	3	1
41	2	4	18	26	26	3	11
41	2	4	19	26	26	3	16
41	2	4	20	26	26	3	5
41	2	4	21	26	26	3	36
41	2	4	22	26	26	3	25
41	2	4	23	26	26	3	30
41	2	4	24	26	26	3	40
41	2	4	25	26	26	3	8
41	2	5	0	26	26	3	36
41	2	5	1	26	26	3	5
41	2	5	2	26	26	3	16
41	2	5	3	26	26	3	11
41	2	5	4	26	26	3	1
41	2	5	5	26	26	3	33
41	2	5	6	26	26	3	22
41	2	5	7	26	26	3	24
41	2	5	8	26	26	3	22
41	2	5	9	26	26	3	33
41	2	5	10	26	26	3	1
41	2	5	11	26	26	3	11
41	2	5	12	26	26	3	16
41	2	5	13	26	26	3	5
41	2	5	14	26	26	3	36
41	2	5	15	26	26	3	25
41	2	5	16	26	26	3	30
41	2	5	17	26	26	3	40
41	2	5	18	26	26	3	8
41	2	5	19	26	26	3	19
41	2	5	20	26	26	3	17
41	2	5	21	26	26	3	19
41	2	5	22	26	26	3	8
41	2	5	23	26	26	3	40
41	2	5	24	26	26	3	inf
41	2	5	25	26	26	3	25
41	2	6	0	26	26	3	24
41	2	6	1	26	26	3	22
41	2	6	2	26	26	3	33
41	2	6	3	26	26	3	1
41	2	6	4	26	26	3	11
41	2	6	5	26	26	3	16
41	2	6	6	26	26	3	5
41	2	6	7	26	26	3	36
41	2	6	8	26	26	3	25
41	2	6	9	26	26	3	30
41	2	6	10	26	26	3	40
41	2	6	11	26	26	3	8
41	2	6	12	26	26	3	19
41	2	6	13	26	26	3	17
41	2	6	14	26	26	3	19
41	2	6	15	26	26	3	8
41	2	6	16	26	26	3	40
41	2	6	17	26	26	3	inf
41	2	6	18	26	26	3	25
41	2	6	19	26	26	3	36
41	2	6	20	26	26	3	5
41	2	6	21	26	26	3	16
41	2	6	22	26	26	3	11
41	2	6	23	26	26	3	1
41	2	6	24	26	26	3	33
41	2	6	25	26	26	3	22
41	2	7	0	26	26	3	36
41	2	7	1	26	26	3	25
41	2	7	2	26	26	3	30
41	2	7	3	26	26	3	40
41	2	7	4	26	26	3	8
41	2	7	5	26	26	3	19
41	2	7	6	26	26	3	17
41	2	7	7	26	26	3	19
41	2	7	8	26	26	3	8
41	2	7	9	26	26	3	40
41	2	7	10	26	26	3	inf
41	2	7	11	26	26	3	25
41	2	7	12	26	26	3	36
41	2	7	13	26	26	3	5
41	2	7	14	26	26	3	16
41	2	7	15	26	26	3	11
41	2	7	16	26	26	3	1
41	2	7	17	26	26	3	33
41	2	7	18	26	26	3	22
41	2	7	19	26	26	3	24
41	2	7	20	26	26	3	22
41	2	7	21	26	26	3	33
41	2	7	22	26	26	3	1
41	2	7	23	26	26	3	11
41	2	7	24	26	26	3	16
41	2	7	25	26	26	3	5
41	2	8	0	26	26	3	19
41	2	8	1	26	26	3	8
41	2	8	2	26	26	3	40
41	2	8	3	26	26	3	inf
41	2	8	4	26	26	3	25
41	2	8	5	26	26	3	36
41	2	8	6	26	26	3	5
41	2	8	7	26	26	3	16
41	2	8	8	26	26	3	11
41	2	8	9	26	26	3	1
41	2	8	10	26	26	3	33
41	2	8	11	26	26	3	22
41	2	8	12	26	26	3	24
41	2	8	13	26	26	3	22
41	2	8	14	26	26	3	33
41	2	8	15	26	26	3	1
41	2	8	16	26	26	3	11
41	2	8	17	26	26	3	16
41	2	8	18	26	26	3	5
41	2	8	19	26	26	3	36
41	2	8	20	26	26	3	25
41	2	8	21	26	26	3	30
41	2	8	22	26	26	3	40
41	2	8	23	26	26	3	8
41	2	8	24	26	26	3	19
41	2	8	25	26	26	3	17
41	2	9	0	26	26	3	16
41	2	9	1	26	26	3	11
41	2	9	2	26	26	3	1
41	2	9	3	26	26	3	33
41	2	9	4	26	26	3	22
41	2	9	5	26	26	3	24
41	2	9	6	26	26	3	22
41	2	9	7	26	26	3	33
41	2	9	8	26	26	3	1
41	2	9	9	26	26	3	11
41	2	9	10	26	26	3	16
41	2	9	11	26	26	3	5
41	2	9	12	26	26	3	36
41	2	9	13	26	26	3	25
41	2	9	14	26	26	3	30
41	2	9	15	26	26	3	40
41	2	9	16	26	26	3	8
41	2	9	17	26	26	3	19
41	2	9	18	26	26	3	17
41	2	9	19	26	26	3	19
41	2	9	20	26	26	3	8
41	2	9	21	26	26	3	40
41	2	9	22	26	26	3	inf
41	2	9	23	26	26	3	25
41	2	9	24	26	26	3	36
41	2	9	25	26	26	3	5
41	2	10	0	26	26	3	33
41	2	10	1	26	26	3	1
41	2	10	2	26	26	3	11
41	2	10	3	26	26	3	16
41	2	10	4	26	26	3	5
41	2	10	5	26	26	3	36
41	2	10	6	26	26	3	25
41	2	10	7	26	26	3	30
41	2	10	8	26	26	3	40
41	2	10	9	26	26	3	8
41	2	10	10	26	26	3	19
41	2	10	11	26	26	3	17
41	2	10	12	26	26	3	19
41	2	10	13	26	26	3	8
41	2	10	14	26	26	3	40
41	2	10	15	26	26	3	inf
41	2	10	16	26	26	3	25
41	2	10	17	26	26	3	36
41	2	10	18	26	26	3	5
41	2	10	19	26	26	3	16
41	2	10	20	26	26	3	11
41	2	10	21	26	26	3	1
41	2	10	22	26	26	3	33
41	2	10	23	26	26	3	22
41	2	10	24	26	26	3	24
41	2	10	25	26	26	3	22
41	2	11	0	26	26	3	30
41	2	11	1	26	26	3	40
41	2	11	2	26	26	3	8
41	2	11	3	26	26	3	19
41	2	11	4	26	26	3	17
41	2	11	5	26	26	3	19
41	2	11	6	26	26	3	8
41	2	11	7	26	26	3	40
41	2	11	8	26	26	3	inf
41	2	11	9	26	26	3	25
41	2	11	10	26	26	3	36
41	2	11	11	26	26	3	5
41	2	11	12	26	26	3	16
41	2	11	13	26	26	3	11
41	2	11	14	26	26	3	1
41	2	11	15	26	26	3	33
41	2	11	16	26	26	3	22
41	2	11	17	26	26	3	24
41	2	11	18	26	26	3	22
41	2	11	19	26	26	3	33
41	2	11	20	26	26	3	1
41	2	11	21	26	26	3	11
41	2	11	22	26	26	3	16
41	2	11	23	26	26	3	5
41	2	11	24	26	26	3	36
41	2	11	25	26	26	3	25
41	2	12	0	26	26	3	40
41	2	12	1	26	26	3	inf
41	2	12	2	26	26	3	25
41	2	12	3	26	26	3	36
41	2	12	4	26	26	3	5
41	2	12	5	26	26	3	16
41	2	12	6	26	26	3	11
41	2	12	7	26	26	3	1
41	2	12	8	26	26	3	33
41	2	12	9	26	26	3	22
41	2	12	10	26	26	3	24
41	2	12	11	26	26	3	22
41	2	12	12	26	26	3	33
41	2	12	13	26	26	3	1
41	2	12	14	26	26	3	11
41	2	12	15	26	26	3	16
41	2	12	16	26	26	3	5
41	2	12	17	26	26	3	36
41	2	12	18	26	26	3	25
41	2	12	19	26	26	3	30
41	2	12	20	26	26	3	40
41	2	12	21	26	26	3	8
41	2	12	22	26	26	3	19
41	2	12	23	26	26	3	17
41	2	12	24	26	26	3	19
41	2	12	25	26	26	3	8
41	2	13	0	26	26	3	1
41	2	13	1	26	26	3	33
41	2	13	2	26	26	3	22
41	2	13	3	26	26	3	24
41	2	13	4	26	26	3	22
41	2	13	5	26	26	3	33
41	2	13	6	26	26	3	1
41	2	13	7	26	26	3	11
41	2	13	8	26	26	3	16
41	2	13	9	26	26	3	5
41	2	13	10	26	26	3	36
41	2	13	11	26	26	3	25
41	2	13	12	26	26	3	30
41	2	13	13	26	26	3	40
41	2	13	14	26	26	3	8
41	2	13	15	26	26	3	19
41	2	13	16	26	26	3	17
41	2	13	17	26	26	3	19
41	2	13	18	26	26	3	8
41	2	13	19	26	26	3	40
41	2	13	20	26	26	3	inf
41	2	13	21	26	26	3	25
41	2	13	22	26	26	3	36
41	2	13	23	26	26	3	5
41	2	13	24	26	26	3	16
41	2	13	25	26	26	3	11
41	2	14	0	26	26	3	11
41	2	14	1	26	26	3	16
41	2	14	2	26	26	3	5
41	2	14	3	26	26	3	36
41	2	14	4	26	26	3	25
41	2	14	5	26	26	3	30
41	2	14	6	26	26	3	40
41	2	14	7	26	26	3	8
41	2	14	8	26	26	3	19
41	2	14	9	26	26	3	17
41	2	14	10	26	26	3	19
41	2	14	11	26	26	3	8
41	2	14	12	26	26	3	40
41	2	14	13	26	26	3	inf
41	2	14	14	26	26	3	25
41	2	14	15	26	26	3	36
41	2	14	16	26	26	3	5
41	2	14	17	26	26	3	16
41	2	14	18	26	26	3	11
41	2	14	19	26	26	3	1
41	2	14	20	26	26	3	33
41	2	14	21	26	26	3	22
41	2	14	22	26	26	3	24
41	2	14	23	26	26	3	22
41	2	14	24	26	26	3	33
41	2	14	25	26	26	3	1
41	2	15	0	26	26	3	8
41	2	15	1	26	26	3	19
41	2	15	2	26	26	3	17
41	2	15	3	26	26	3	19
41	2	15	4	26	26	3	8
41	2	15	5	26	26	3	40
41	2	15	6	26	26	3	inf
41	2	15	7	26	26	3	25
41	2	15	8	26	26	3	36
41	2	15	9	26	26	3	5
41	2	15	10	26	26	3	16
41	2	15	11	26	26	3	11
41	2	15	12	26	26	3	1
41	2	15	13	26	26	3	33
41	2	15	14	26	26	3	22
41	2	15	15	26	26	3	24
41	2	15	16	26	26	3	22
41	2	15	17	26	26	3	33
41	2	15	18	26	26	3	1
41	2	15	19	26	26	3	11
41	2	15	20	26	26	3	16
41	2	15	21	26	26	3	5
41	2	15	22	26	26	3	36
41	2	15	23	26	26	3	25
41	2	15	24	26	26	3	30
41	2	15	25	26	26	3	40
41	2	16	0	26	26	3	25
41	2	16	1	26	26	3	36
41	2	16	2	26	26	3	5
41	2	16	3	26	26	3	16
41	2	16	4	26	26	3	11
41	2	16	5	26	26	3	1
41	2	16	6	26	26	3	33
41	2	16	7	26	26	3	22
41	2	16	8	26	26	3	24
41	2	16	9	26	26	3	22
41	2	16	10	26	26	3	33
41	2	16	11	26	26	3	1
41	2	16	12	26	26	3	11
41	2	16	13	26	26	3	16
41	2	16	14	26	26	3	5
41	2	16	15	26	26	3	36
41	2	16	16	26	26	3	25
41	2	16	17	26	26	3	30
41	2	16	18	26	26	3	40
41	2	16	19	26	26	3	8
41	2	16	20	26	26	3	19
41	2	16	21	26	26	3	17
41	2	16	22	26	26	3	19
41	2	16	23	26	26	3	8
41	2	16	24	26	26	3	40
41	2	16	25	26	26	3	inf
41	2	17	0	26	26	3	22
41	2	17	1	26	26	3	24
41	2	17	2	26	26	3	22
41	2	17	3	26	26	3	33
41	2	17	4	26	26	3	1
41	2	17	5	26	26	3	11
41	2	17	6	26	26	3	16
41	2	17	7	26	26	3	5
41	2	17	8	26	26	3	36
41	2	17	9	26	26	3	25
41	2	17	10	26	26	3	30
41	2	17	11	26	26	3	40
41	2	17	12	26	26	3	8
41	2	17	13	26	26	3	19
41	2	17	14	26	26	3	17
41	2	17	15	26	26	3	19
41	2	17	16	26	26	3	8
41	2	17	17	26	26	3	40
41	2	17	18	26	26	3	inf
41	2	17	19	26	26	3	25
41	2	17	20	26	26	3	36
41	2	17	21	26	26	3	5
41	2	17	22	26	26	3	16
41	2	17	23	26	26	3	11
41	2	17	24	26	26	3	1
41	2	17	25	26	26	3	33
41	2	18	0	26	26	3	5
41	2	18	1	26	26	3	36
41	2	18	2	26	26	3	25
41	2	18	3	26	26	3	30
41	2	18	4	26	26	3	40
41	2	18	5	26	26	3	8
41	2	18	6	26	26	3	19
41	2	18	7	26	26	3	17
41	2	18	8	26	26	3	19
41	2	18	9	26	26	3	8
41	2	18	10	26	26	3	40
41	2	18	11	26	26	3	inf
41	2	18	12	26	26	3	25
41	2	18	13	26	26	3	36
41	2	18	14	26	26	3	5
41	2	18	15	26	26	3	16
41	2	18	16	26	26	3	11
41	2	18	17	26	26	3	1
41	2	18	18	26	26	3	33
41	2	18	19	26	26	3	22
41	2	18	20	26	26	3	24
41	2	18	21	26	26	3	22
41	2	18	22	26	26	3	33
41	2	18	23	26	26	3	1
41	2	18	24	26	26	3	11
41	2	18	25	26	26	3	16
41	2	19	0	26	26	3	17
41	2	19	1	26	26	3	19
41	2	19	2	26	26	3	8
41	2	19	3	26	26	3	40
41	2	19	4	26	26	3	inf
41	2	19	5	26	26	3	25
41	2	19	6	26	26	3	36
41	2	19	7	26	26	3	5
41	2	19	8	26	26	3	16
41	2	19	9	26	26	3	11
41	2	19	10	26	26	3	1
41	2	19	11	26	26	3	33
41	2	19	12	26	26	3	22
41	2	19	13	26	26	3	24
41	2	19	14	26	26	3	22
41	2	19	15	26	26	3	33
41	2	19	16	26	26	3	1
41	2	19	17	26	26	3	11
41	2	19	18	26	26	3	16
41	2	19	19	26	26	3	5
41	2	19	20	26	26	3	36
41	2	19	21	26	26	3	25
41	2	19	22	26	26	3	30
41	2	19	23	26	26	3	40
41	2	19	24	26	26	3	8
41	2	19	25	26	26	3	19
41	2	20	0	26	26	3	5
41	2	20	1	26	26	3	16
41	2	20	2	26	26	3	11
41	2	20	3	26	26	3	1
41	2	20	4	26	26	3	33
41	2	20	5	26	26	3	22
41	2	20	6	26	26	3	24
41	2	20	7	26	26	3	22
41	2	20	8	26	26	3	33
41	2	20	9	26	26	3	1
41	2	20	10	26	26	3	11
41	2	20	11	26	26	3	16
41	2	20	12	26	26	3	5
41	2	20	13	26	26	3	36
41	2	20	14	26	26	3	25
41	2	20	15	26	26	3	30
41	2	20	16	26	26	3	40
41	2	20	17	26	26	3	8
41	2	20	18	26	26	3	19
41	2	20	19	26	26	3	17
41	2	20	20	26	26	3	19
41	2	20	21	26	26	3	8
41	2	20	22	26	26	3	40
41	2	20	23	26	26	3	inf
41	2	20	24	26	26	3	25
41	2	20	25	26	26	3	36
41	2	21	0	26	26	3	22
41	2	21	1	26	26	3	33
41	2	21	2	26	26	3	1
41	2	21	3	26	26	3	11
41	2	21	4	26	26	3	16
41	2	21	5	26	26	3	5
41	2	21	6	26	26	3	36
41	2	21	7	26	26	3	25
41	2	21	8	26	26	3	30
41	2	21	9	26	26	3	40
41	2	21	10	26	26	3	8
41	2	21	11	26	26	3	19
41	2	21	12	26	26	3	17
41	2	21	13	26	26	3	19
41	2	21	14	26	26	3	8
41	2	21	15	26	26	3	40
41	2	21	16	26	26	3	inf
41	2	21	17	26	26	3	25
41	2	21	18	26	26	3	36
41	2	21	19	26	26	3	5
41	2	21	20	26	26	3	16
41	2	21	21	26	26	3	11
41	2	21	22	26	26	3	1
41	2	21	23	26	26	3	33
41	2	21	24	26	26	3	22
41	2	21	25	26	26	3	24
41	2	22	0	26	26	3	25
41	2	22	1	26	26	3	30
41	2	22	2	26	26	3	40
41	2	22	3	26	26	3	8
41	2	22	4	26	26	3	19
41	2	22	5	26	26	3	17
41	2	22	6	26	26	3	19
41	2	22	7	26	26	3	8
41	2	22	8	26	26	3	40
41	2	22	9	26	26	3	inf
41	2	22	10	26	26	3	25
41	2	22	11	26	26	3	36
41	2	22	12	26	26	3	5
41	2	22	13	26	26	3	16
41	2	22	14	26	26	3	11
41	2	22	15	26	26	3	1
41	2	22	16	26	26	3	33
41	2	22	17	26	26	3	22
41	2	22	18	26	26	3	24
41	2	22	19	26	26	3	22
41	2	22	20	26	26	3	33
41	2	22	21	26	26	3	1
41	2	22	22	26	26	3	11
41	2	22	23	26	26	3	16
41	2	22	24	26	26	3	5
41	2	22	25	26	26	3	36
41	2	23	0	26	26	3	8
41	2	23	1	26	26	3	40
41	2	23	2	26	26	3	inf
41	2	23	3	26	26	3	25
41	2	23	4	26	26	3	36
41	2	23	5	26	26	3	5
41	2	23	6	26	26	3	16
41	2	23	7	26	26	3	11
41	2	23	8	26	26	3	1
41	2	23	9	26	26	3	33
41	2	23	10	26	26	3	22
41	2	23	11	26	26	3	24
41	2	23	12	26	26	3	22
41	2	23	13	26	26	3	33
41	2	23	14	26	26	3	1
41	2	23	15	26	26	3	11
41	2	23	16	26	26	3	16
41	2	23	17	26	26	3	5
41	2	23	18	26	26	3	36
41	2	23	19	26	26	3	25
41	2	23	20	26	26	3	30
41	2	23	21	26	26	3	40
41	2	23	22	26	26	3	8
41	2	23	23	26	26	3	19
41	2	23	24	26	26	3	17
41	2	23	25	26	26	3	19
41	2	24	0	26	26	3	11
41	2	24	1	26	26	3	1
41	2	24	2	26	26	3	33
41	2	24	3	26	26	3	22
41	2	24	4	26	26	3	24
41	2	24	5	26	26	3	22
41	2	24	6	26	26	3	33
41	2	24	7	26	26	3	1
41	2	24	8	26	26	3	11
41	2	24	9	26	26	3	16
41	2	24	10	26	26	3	5
41	2	24	11	26	26	3	36
41	2	24	12	26	26	3	25
41	2	24	13	26	26	3	30
41	2	24	14	26	26	3	40
41	2	24	15	26	26	3	8
41	2	24	16	26	26	3	19
41	2	24	17	26	26	3	17
41	2	24	18	26	26	3	19
41	2	24	19	26	26	3	8
41	2	24	20	26	26	3	40
41	2	24	21	26	26	3	inf
41	2	24	22	26	26	3	25
41	2	24	23	26	26	3	36
41	2	24	24	26	26	3	5
41	2	24	25	26	26	3	16
41	2	25	0	26	26	3	1
41	2	25	1	26	26	3	11
41	2	25	2	26	26	3	16
41	2	25	3	26	26	3	5
41	2	25	4	26	26	3	36
41	2	25	5	26	26	3	25
41	2	25	6	26	26	3	30
41	2	25	7	26	26	3	40
41	2	25	8	26	26	3	8
41	2	25	9	26	26	3	19
41	2	25	10	26	26	3	17
41	2	25	11	26	26	3	19
41	2	25	12	26	26	3	8
41	2	25	13	26	26	3	40
41	2	25	14	26	26	3	inf
41	2	25	15	26	26	3	25
41	2	25	16	26	26	3	36
41	2	25	17	26	26	3	5
41	2	25	18	26	26	3	16
41	2	25	19	26	26	3	11
41	2	25	20	26	26	3	1
41	2	25	21	26	26	3	33
41	2	25	22	26	26	3	22
41	2	25	23	26	26	3	24
41	2	25	24	26	26	3	22
41	2	25	25	26	26	3	33
43	1	0	0	26	26	2	1
43	1	0	1	26	26	3	18
43	1	0	2	26	26	2	1
43	1	0	4	26	26	2	9
43	1	0	5	26	26	2	30
43	1	0	10	26	26	2	13
43	1	0	11	26	26	2	34
43	1	0	13	26	26	2	42
43	1	0	14	26	26	3	25
43	1	0	15	26	26	2	42
43	1	0	17	26	26	2	34
43	1	0	18	26	26	2	13
43	1	0	23	26	26	2	30
43	1	0	24	26	26	3	inf
43	1	1	1	26	26	2	9
43	1	1	2	26	26	2	30
43	1	1	7	26	26	2	13
43	1	1	8	26	26	2	34
43	1	1	10	26	26	2	42
43	1	1	11	26	26	3	25
43	1	1	12	26	26	2	42
43	1	1	14	26	26	2	34
43	1	1	15	26	26	2	13
43	1	1	20	26	26	2	30
43	1	1	21	26	26	3	inf
43	1	1	23	26	26	2	1
43	1	1	24	26	26	3	18
43	1	1	25	26	26	2	1
43	1	2	4	26	26	2	13
43	1	2	5	26	26	2	34
43	1	2	7	26	26	2	42
43	1	2	8	26	26	3	25
43	1	2	9	26	26	2	42
43	1	2	11	26	26	2	34
43	1	2	12	26	26	2	13
43	1	2	17	26	26	2	30
43	1	2	18	26	26	3	inf
43	1	2	20	26	26	2	1
43	1	2	21	26	26	3	18
43	1	2	22	26	26	2	1
43	1	2	24	26	26	2	9
43	1	2	25	26	26	2	30
43	1	3	1	26	26	2	13
43	1	3	2	26	26	2	34
43	1	3	4	26	26	2	42
43	1	3	5	26	26	3	25
43	1	3	6	26	26	2	42
43	1	3	8	26	26	2	34
43	1	3	9	26	26	2	13
43	1	3	14	26	26	2	30
43	1	3	15	26	26	3	inf
43	1	3	17	26	26	2	1
43	1	3	18	26	26	3	18
43	1	3	19	26	26	2	1
43	1	3	21	26	26	2	9
43	1	3	22	26	26	2	30
43	1	4	1	26	26	2	42
43	1	4	2	26	26	3	25
43	1	4	3	26	26	2	42
43	1	4	5	26	26	2	34
43	1	4	6	26	26	2	13
43	1	4	11	26	26	2	30
43	1	4	12	26	26	3	inf
43	1	4	14	26	26	2	1
43	1	4	15	26	26	3	18
43	1	4	16	26	26	2	1
43	1	4	18	26	26	2	9
43	1	4	19	26	26	2	30
43	1	4	24	26	26	2	13
43	1	4	25	26	26	2	34
43	1	5	0	26	26	2	42
43	1	5	2	26	26	2	34
43	1	5	3	26	26	2	13
43	1	5	8	26	26	2	30
43	1	5	9	26	26	3	inf
43	1	5	11	26	26	2	1
43	1	5	12	26	26	3	18
43	1	5	13	26	26	2	1
43	1	5	15	26	26	2	9
43	1	5	16	26	26	2	30
43	1	5	21	26	26	2	13
43	1	5	22	26	26	2	34
43	1	5	24	26	26	2	42
43	1	5	25	26	26	3	25
43	1	6	0	26	26	2	13
43	1	6	5	26	26	2	30
43	1	6	6	26	26	3	inf
43	1	6	8	26	26	2	1
43	1	6	9	26	26	3	18
43	1	6	10	26	26	2	1
43	1	6	12	26	26	2	9
43	1	6	13	26	26	2	30
43	1	6	18	26	26	2	13
43	1	6	19	26	26	2	34
43	1	6	21	26	26	2	42
43	1	6	22	26	26	3	25
43	1	6	23	26	26	2	42
43	1	6	25	26	26	2	34
43	1	7	2	26	26	2	30
43	1	7	3	26	26	3	inf
43	1	7	5	26	26	2	1
43	1	7	6	26	26	3	18
43	1	7	7	26	26	2	1
43	1	7	9	26	26	2	9
43	1	7	10	26	26	2	30
43	1	7	15	26	26	2	13
43	1	7	16	26	26	2	34
43	1	7	18	26	26	2	42
43	1	7	19	26	26	3	25
43	1	7	20	26	26	2	42
43	1	7	22	26	26	2	34
43	1	7	23	26	26	2	13
43	1	8	0	26	26	3	inf
43	1	8	2	26	26	2	1
43	1	8	3	26	26	3	18
43	1	8	4	26	26	2	1
43	1	8	6	26	26	2	9
43	1	8	7	26	26	2	30
43	1	8	12	26	26	2	13
43	1	8	13	26	26	2	34
43	1	8	15	26	26	2	42
43	1	8	16	26	26	3	25
43	1	8	17	26	26	2	42
43	1	8	19	26	26	2	34
43	1	8	20	26	26	2	13
43	1	8	25	26	26	2	30
43	1	9	0	26	26	3	18
43	1	9	1	26	26	2	1
43	1	9	3	26	26	2	9
43	1	9	4	26	26	2	30
43	1	9	9	26	26	2	13
43	1	9	10	26	26	2	34
43	1	9	12	26	26	2	42
43	1	9	13	26	26	3	25
43	1	9	14	26	26	2	42
43	1	9	16	26	26	2	34
43	1	9	17	26	26	2	13
43	1	9	22	26	26	2	30
43	1	9	23	26	26	3	inf
43	1	9	25	26	26	2	1
43	1	10	0	26	26	2	9
43	1	10	1	26	26	2	30
43	1	10	6	26	26	2	13
43	1	10	7	26	26	2	34
43	1	10	9	26	26	2	42
43	1	10	10	26	26	3	25
43	1	10	11	26	26	2	42
43	1	10	13	26	26	2	34
43	1	10	14	26	26	2	13
43	1	10	19	26	26	2	30
43	1	10	20	26	26	3	inf
43	1	10	22	26	26	2	1
43	1	10	23	26	26	3	18
43	1	10	24	26	26	2	1
43	1	11	3	26	26	2	13
43	1	11	4	26	26	2	34
43	1	11	6	26	26	2	42
43	1	11	7	26	26	3	25
43	1	11	8	26	26	2	42
43	1	11	10	26	26	2	34
43	1	11	11	26	26	2	13
43	1	11	16	26	26	2	30
43	1	11	17	26	26	3	inf
43	1	11	19	26	26	2	1
43	1	11	20	26	26	3	18
43	1	11	21	26	26	2	1
43	1	11	23	26	26	2	9
43	1	11	24	26	26	2	30
43	1	12	0	26	26	2	13
43	1	12	1	26	26	2	34
43	1	12	3	26	26	2	42
43	1	12	4	26	26	3	25
43	1	12	5	26	26	2	42
43	1	12	7	26	26	2	34
43	1	12	8	26	26	2	13
43	1	12	13	26	26	2	30
43	1	12	14	26	26	3	inf
43	1	12	16	26	26	2	1
43	1	12	17	26	26	3	18
43	1	12	18	26	26	2	1
43	1	12	20	26	26	2	9
43	1	12	21	26	26	2	30
43	1	13	0	26	26	2	42
43	1	13	1	26	26	3	25
43	1	13	2	26	26	2	42
43	1	13	4	26	26	2	34
43	1	13	5	26	26	2	13
43	1	13	10	26	26	2	30
43	1	13	11	26	26	3	inf
43	1	13	13	26	26	2	1
43	1	13	14	26	26	3	18
43	1	13	15	26	26	2	1
43	1	13	17	26	26	2	9
43	1	13	18	26	26	2	30
43	1	13	23	26	26	2	13
43	1	13	24	26	26	2	34
43	1	14	1	26	26	2	34
43	1	14	2	26	26	2	13
43	1	14	7	26	26	2	30
43	1	14	8	26	26	3	inf
43	1	14	10	26	26	2	1
43	1	14	11	26	26	3	18
43	1	14	12	26	26	2	1
43	1	14	14	26	26	2	9
43	1	14	15	26	26	2	30
43	1	14	20	26	26	2	13
43	1	14	21	26	26	2	34
43	1	14	23	26	26	2	42
43	1	14	24	26	26	3	25
43	1	14	25	26	26	2	42
43	1	15	4	26	26	2	30
43	1	15	5	26	26	3	inf
43	1	15	7	26	26	2	1
43	1	15	8	26	26	3	18
43	1	15	9	26	26	2	1
43	1	15	11	26	26	2	9
43	1	15	12	26	26	2	30
43	1	15	17	26	26	2	13
43	1	15	18	26	26	2	34
43	1	15	20	26	26	2	42
43	1	15	21	26	26	3	25
43	1	15	22	26	26	2	42
43	1	15	24	26	26	2	34
43	1	15	25	26	26	2	13
43	1	16	1	26	26	2	30
43	1	16	2	26	26	3	inf
43	1	16	4	26	26	2	1
43	1	16	5	26	26	3	18
43	1	16	6	26	26	2	1
43	1	16	8	26	26	2	9
43	1	16	9	26	26	2	30
43	1	16	14	26	26	2	13
43	1	16	15	26	26	2	34
43	1	16	17	26	26	2	42
43	1	16	18	26	26	3	25
43	1	16	19	26	26	2	42
43	1	16	21	26	26	2	34
43	1	16	22	26	26	2	13
43	1	17	1	26	26	2	1
43	1	17	2	26	26	3	18
43	1	17	3	26	26	2	1
43	1	17	5	26	26	2	9
43	1	17	6	26	26	2	30
43	1	17	11	26	26	2	13
43	1	17	12	26	26	2	34
43	1	17	14	26	26	2	42
43	1	17	15	26	26	3	25
43	1	17	16	26	26	2	42
43	1	17	18	26	26	2	34
43	1	17	19	26	26	2	13
43	1	17	24	26	26	2	30
43	1	17	25	26	26	3	inf
43	1	18	0	26	26	2	1
43	1	18	2	26	26	2	9
43	1	18	3	26	26	2	30
43	1	18	8	26	26	2	13
43	1	18	9	26	26	2	34
43	1	18	11	26	26	2	42
43	1	18	12	26	26	3	25
43	1	18	13	26	26	2	42
43	1	18	15	26	26	2	34
43	1	18	16	26	26	2	13
43	1	18	21	26	26	2	30
43	1	18	22	26	26	3	inf
43	1	18	24	26	26	2	1
43	1	18	25	26	26	3	18
43	1	19	0	26	26	2	30
43	1	19	5	26	26	2	13
43	1	19	6	26	26	2	34
43	1	19	8	26	26	2	42
43	1	19	9	26	26	3	25
43	1	19	10	26	26	2	42
43	1	19	12	26	26	2	34
43	1	19	13	26	26	2	13
43	1	19	18	26	26	2	30
43	1	19	19	26	26	3	inf
43	1	19	21	26	26	2	1
43	1	19	22	26	26	3	18
43	1	19	23	26	26	2	1
43	1	19	25	26	26	2	9
43	1	20	2	26	26	2	13
43	1	20	3	26	26	2	34
43	1	20	5	26	26	2	42
43	1	20	6	26	26	3	25
43	1	20	7	26	26	2	42
43	1	20	9	26	26	2	34
43	1	20	10	26	26	2	13
43	1	20	15	26	26	2	30
43	1	20	16	26	26	3	inf
43	1	20	18	26	26	2	1
43	1	20	19	26	26	3	18
43	1	20	20	26	26	2	1
43	1	20	22	26	26	2	9
43	1	20	23	26	26	2	30
43	1	21	0	26	26	2	34
43	1	21	2	26	26	2	42
43	1	21	3	26	26	3	25
43	1	21	4	26	26	2	42
43	1	21	6	26	26	2	34
43	1	21	7	26	26	2	13
43	1	21	12	26	26	2	30
43	1	21	13	26	26	3	inf
43	1	21	15	26	26	2	1
43	1	21	16	26	26	3	18
43	1	21	17	26	26	2	1
43	1	21	19	26	26	2	9
43	1	21	20	26	26	2	30
43	1	21	25	26	26	2	13
43	1	22	0	26	26	3	25
43	1	22	1	26	26	2	42
43	1	22	3	26	26	2	34
43	1	22	4	26	26	2	13
43	1	22	9	26	26	2	30
43	1	22	10	26	26	3	inf
43	1	22	12	26	26	2	1
43	1	22	13	26	26	3	18
43	1	22	14	26	26	2	1
43	1	22	16	26	26	2	9
43	1	22	17	26	26	2	30
43	1	22	22	26	26	2	13
43	1	22	23	26	26	2	34
43	1	22	25	26	26	2	42
43	1	23	0	26	26	2	34
43	1	23	1	26	26	2	13
43	1	23	6	26	26	2	30
43	1	23	7	26	26	3	inf
43	1	23	9	26	26	2	1
43	1	23	10	26	26	3	18
43	1	23	11	26	26	2	1
43	1	23	13	26	26	2	9
43	1	23	14	26	26	2	30
43	1	23	19	26	26	2	13
43	1	23	20	26	26	2	34
43	1	23	22	26	26	2	42
43	1	23	23	26	26	3	25
43	1	23	24	26	26	2	42
43	1	24	3	26	26	2	30
43	1	24	4	26	26	3	inf
43	1	24	6	26	26	2	1
43	1	24	7	26	26	3	18
43	1	24	8	26	26	2	1
43	1	24	10	26	26	2	9
43	1	24	11	26	26	2	30
43	1	24	16	26	26	2	13
43	1	24	17	26	26	2	34
43	1	24	19	26	26	2	42
43	1	24	20	26	26	3	25
43	1	24	21	26	26	2	42
43	1	24	23	26	26	2	34
43	1	24	24	26	26	2	13
43	1	25	0	26	26	2	30
43	1	25	1	26	26	3	inf
43	1	25	3	26	26	2	1
43	1	25	4	26	26	3	18
43	1	25	5	26	26	2	1
43	1	25	7	26	26	2	9
43	1	25	8	26	26	2	30
43	1	25	13	26	26	2	13
43	1	25	14	26	26	2	34
43	1	25	16	26	26	2	42
43	1	25	17	26	26	3	25
43	1	25	18	26	26	2	42
43	1	25	20	26	26	2	34
43	1	25	21	26	26	2	13
43	2	0	0	26	26	2	42
43	2	0	1	26	26	3	25
43	2	0	2	26	26	2	42
43	2	0	4	26	26	2	34
43	2	0	5	26	26	2	13
43	2	0	10	26	26	2	30
43	2	0	11	26	26	3	inf
43	2	0	13	26	26	2	1
43	2	0	14	26	26	3	18
43	2	0	15	26	26	2	1
43	2	0	17	26	26	2	9
43	2	0	18	26	26	2	30
43	2	0	23	26	26	2	13
43	2	0	24	26	26	2	34
43	2	1	1	26	26	2	34
43	2	1	2	26	26	2	13
43	2	1	7	26	26	2	30
43	2	1	8	26	26	3	inf
43	2	1	10	26	26	2	1
43	2	1	11	26	26	3	18
43	2	1	12	26	26	2	1
43	2	1	14	26	26	2	9
43	2	1	15	26	26	2	30
43	2	1	20	26	26	2	13
43	2	1	21	26	26	2	34
43	2	1	23	26	26	2	42
43	2	1	24	26	26	3	25
43	2	1	25	26	26	2	42
43	2	2	4	26	26	2	30
43	2	2	5	26	26	3	inf
43	2	2	7	26	26	2	1
43	2	2	8	26	26	3	18
43	2	2	9	26	26	2	1
43	2	2	11	26	26	2	9
43	2	2	12	26	26	2	30
43	2	2	17	26	26	2	13
43	2	2	18	26	26	2	34
43	2	2	20	26	26	2	42
43	2	2	21	26	26	3	25
43	2	2	22	26	26	2	42
43	2	2	24	26	26	2	34
43	2	2	25	26	26	2	13
43	2	3	1	26	26	2	30
43	2	3	2	26	26	3	inf
43	2	3	4	26	26	2	1
43	2	3	5	26	26	3	18
43	2	3	6	26	26	2	1
43	2	3	8	26	26	2	9
43	2	3	9	26	26	2	30
43	2	3	14	26	26	2	13
43	2	3	15	26	26	2	34
43	2	3	17	26	26	2	42
43	2	3	18	26	26	3	25
43	2	3	19	26	26	2	42
43	2	3	21	26	26	2	34
43	2	3	22	26	26	2	13
43	2	4	1	26	26	2	1
43	2	4	2	26	26	3	18
43	2	4	3	26	26	2	1
43	2	4	5	26	26	2	9
43	2	4	6	26	26	2	30
43	2	4	11	26	26	2	13
43	2	4	12	26	26	2	34
43	2	4	14	26	26	2	42
43	2	4	15	26	26	3	25
43	2	4	16	26	26	2	42
43	2	4	18	26	26	2	34
43	2	4	19	26	26	2	13
43	2	4	24	26	26	2	30
43	2	4	25	26	26	3	inf
43	2	5	0	26	26	2	1
43	2	5	2	26	26	2	9
43	2	5	3	26	26	2	30
43	2	5	8	26	26	2	13
43	2	5	9	26	26	2	34
43	2	5	11	26	26	2	42
43	2	5	12	26	26	3	25
43	2	5	13	26	26	2	42
43	2	5	15	26	26	2	34
43	2	5	16	26	26	2	13
43	2	5	21	26	26	2	30
43	2	5	22	26	26	3	inf
43	2	5	24	26	26	2	1
43	2	5	25	26	26	3	18
43	2	6	0	26	26	2	30
43	2	6	5	26	26	2	13
43	2	6	6	26	26	2	34
43	2	6	8	26	26	2	42
43	2	6	9	26	26	3	25
43	2	6	10	26	26	2	42
43	2	6	12	26	26	2	34
43	2	6	13	26	26	2	13
43	2	6	18	26	26	2	30
43	2	6	19	26	26	3	inf
43	2	6	21	26	26	2	1
43	2	6	22	26	26	3	18
43	2	6	23	26	26	2	1
43	2	6	25	26	26	2	9
43	2	7	2	26	26	2	13
43	2	7	3	26	26	2	34
43	2	7	5	26	26	2	42
43	2	7	6	26	26	3	25
43	2	7	7	26	26	2	42
43	2	7	9	26	26	2	34
43	2	7	10	26	26	2	13
43	2	7	15	26	26	2	30
43	2	7	16	26	26	3	inf
43	2	7	18	26	26	2	1
43	2	7	19	26	26	3	18
43	2	7	20	26	26	2	1
43	2	7	22	26	26	2	9
43	2	7	23	26	26	2	30
43	2	8	0	26	26	2	34
43	2	8	2	26	26	2	42
43	2	8	3	26	26	3	25
43	2	8	4	26	26	2	42
43	2	8	6	26	26	2	34
43	2	8	7	26	26	2	13
43	2	8	12	26	26	2	30
43	2	8	13	26	26	3	inf
43	2	8	15	26	26	2	1
43	2	8	16	26	26	3	18
43	2	8	17	26	26	2	1
43	2	8	19	26	26	2	9
43	2	8	20	26	26	2	30
43	2	8	25	26	26	2	13
43	2	9	0	26	26	3	25
43	2	9	1	26	26	2	42
43	2	9	3	26	26	2	34
43	2	9	4	26	26	2	13
43	2	9	9	26	26	2	30
43	2	9	10	26	26	3	inf
43	2	9	12	26	26	2	1
43	2	9	13	26	26	3	18
43	2	9	14	26	26	2	1
43	2	9	16	26	26	2	9
43	2	9	17	26	26	2	30
43	2	9	22	26	26	2	13
43	2	9	23	26	26	2	34
43	2	9	25	26	26	2	42
43	2	10	0	26	26	2	34
43	2	10	1	26	26	2	13
43	2	10	6	26	26	2	30
43	2	10	7	26	26	3	inf
43	2	10	9	26	26	2	1
43	2	10	10	26	26	3	18
43	2	10	11	26	26	2	1
43	2	10	13	26	26	2	9
43	2	10	14	26	26	2	30
43	2	10	19	26	26	2	13
43	2	10	20	26	26	2	34
43	2	10	22	26	26	2	42
43	2	10	23	26	26	3	25
43	2	10	24	26	26	2	42
43	2	11	3	26	26	2	30
43	2	11	4	26	26	3	inf
43	2	11	6	26	26	2	1
43	2	11	7	26	26	3	18
43	2	11	8	26	26	2	1
43	2	11	10	26	26	2	9
43	2	11	11	26	26	2	30
43	2	11	16	26	26	2	13
43	2	11	17	26	26	2	34
43	2	11	19	26	26	2	42
43	2	11	20	26	26	3	25
43	2	11	21	26	26	2	42
43	2	11	23	26	26	2	34
43	2	11	24	26	26	2	13
43	2	12	0	26	26	2	30
43	2	12	1	26	26	3	inf
43	2	12	3	26	26	2	1
43	2	12	4	26	26	3	18
43	2	12	5	26	26	2	1
43	2	12	7	26	26	2	9
43	2	12	8	26	26	2	30
43	2	12	13	26	26	2	13
43	2	12	14	26	26	2	34
43	2	12	16	26	26	2	42
43	2	12	17	26	26	3	25
43	2	12	18	26	26	2	42
43	2	12	20	26	26	2	34
43	2	12	21	26	26	2	13
43	2	13	0	26	26	2	1
43	2	13	1	26	26	3	18
43	2	13	2	26	26	2	1
43	2	13	4	26	26	2	9
43	2	13	5	26	26	2	30
43	2	13	10	26	26	2	13
43	2	13	11	26	26	2	34
43	2	13	13	26	26	2	42
43	2	13	14	26	26	3	25
43	2	13	15	26	26	2	42
43	2	13	17	26	26	2	34
43	2	13	18	26	26	2	13
43	2	13	23	26	26	2	30
43	2	13	24	26	26	3	inf
43	2	14	1	26	26	2	9
43	2	14	2	26	26	2	30
43	2	14	7	26	26	2	13
43	2	14	8	26	26	2	34
43	2	14	10	26	26	2	42
43	2	14	11	26	26	3	25
43	2	14	12	26	26	2	42
43	2	14	14	26	26	2	34
43	2	14	15	26	26	2	13
43	2	14	20	26	26	2	30
43	2	14	21	26	26	3	inf
43	2	14	23	26	26	2	1
43	2	14	24	26	26	3	18
43	2	14	25	26	26	2	1
43	2	15	4	26	26	2	13
43	2	15	5	26	26	2	34
43	2	15	7	26	26	2	42
43	2	15	8	26	26	3	25
43	2	15	9	26	26	2	42
43	2	15	11	26	26	2	34
43	2	15	12	26	26	2	13
43	2	15	17	26	26	2	30
43	2	15	18	26	26	3	inf
43	2	15	20	26	26	2	1
43	2	15	21	26	26	3	18
43	2	15	22	26	26	2	1
43	2	15	24	26	26	2	9
43	2	15	25	26	26	2	30
43	2	16	1	26	26	2	13
43	2	16	2	26	26	2	34
43	2	16	4	26	26	2	42
43	2	16	5	26	26	3	25
43	2	16	6	26	26	2	42
43	2	16	8	26	26	2	34
43	2	16	9	26	26	2	13
43	2	16	14	26	26	2	30
43	2	16	15	26	26	3	inf
43	2	16	17	26	26	2	1
43	2	16	18	26	26	3	18
43	2	16	19	26	26	2	1
43	2	16	21	26	26	2	9
43	2	16	22	26	26	2	30
43	2	17	1	26	26	2	42
43	2	17	2	26	26	3	25
43	2	17	3	26	26	2	42
43	2	17	5	26	26	2	34
43	2	17	6	26	26	2	13
43	2	17	11	26	26	2	30
43	2	17	12	26	26	3	inf
43	2	17	14	26	26	2	1
43	2	17	15	26	26	3	18
43	2	17	16	26	26	2	1
43	2	17	18	26	26	2	9
43	2	17	19	26	26	2	30
43	2	17	24	26	26	2	13
43	2	17	25	26	26	2	34
43	2	18	0	26	26	2	42
43	2	18	2	26	26	2	34
43	2	18	3	26	26	2	13
43	2	18	8	26	26	2	30
43	2	18	9	26	26	3	inf
43	2	18	11	26	26	2	1
43	2	18	12	26	26	3	18
43	2	18	13	26	26	2	1
43	2	18	15	26	26	2	9
43	2	18	16	26	26	2	30
43	2	18	21	26	26	2	13
43	2	18	22	26	26	2	34
43	2	18	24	26	26	2	42
43	2	18	25	26	26	3	25
43	2	19	0	26	26	2	13
43	2	19	5	26	26	2	30
43	2	19	6	26	26	3	inf
43	2	19	8	26	26	2	1
43	2	19	9	26	26	3	18
43	2	19	10	26	26	2	1
43	2	19	12	26	26	2	9
43	2	19	13	26	26	2	30
43	2	19	18	26	26	2	13
43	2	19	19	26	26	2	34
43	2	19	21	26	26	2	42
43	2	19	22	26	26	3	25
43	2	19	23	26	26	2	42
43	2	19	25	26	26	2	34
43	2	20	2	26	26	2	30
43	2	20	3	26	26	3	inf
43	2	20	5	26	26	2	1
43	2	20	6	26	26	3	18
43	2	20	7	26	26	2	1
43	2	20	9	26	26	2	9
43	2	20	10	26	26	2	30
43	2	20	15	26	26	2	13
43	2	20	16	26	26	2	34
43	2	20	18	26	26	2	42
43	2	20	19	26	26	3	25
43	2	20	20	26	26	2	42
43	2	20	22	26	26	2	34
43	2	20	23	26	26	2	13
43	2	21	0	26	26	3	inf
43	2	21	2	26	26	2	1
43	2	21	3	26	26	3	18
43	2	21	4	26	26	2	1
43	2	21	6	26	26	2	9
43	2	21	7	26	26	2	30
43	2	21	12	26	26	2	13
43	2	21	13	26	26	2	34
43	2	21	15	26	26	2	42
43	2	21	16	26	26	3	25
43	2	21	17	26	26	2	42
43	2	21	19	26	26	2	34
43	2	21	20	26	26	2	13
43	2	21	25	26	26	2	30
43	2	22	0	26	26	3	18
43	2	22	1	26	26	2	1
43	2	22	3	26	26	2	9
43	2	22	4	26	26	2	30
43	2	22	9	26	26	2	13
43	2	22	10	26	26	2	34
43	2	22	12	26	26	2	42
43	2	22	13	26	26	3	25
43	2	22	14	26	26	2	42
43	2	22	16	26	26	2	34
43	2	22	17	26	26	2	13
43	2	22	22	26	26	2	30
43	2	22	23	26	26	3	inf
43	2	22	25	26	26	2	1
43	2	23	0	26	26	2	9
43	2	23	1	26	26	2	30
43	2	23	6	26	26	2	13
43	2	23	7	26	26	2	34
43	2	23	9	26	26	2	42
43	2	23	10	26	26	3	25
43	2	23	11	26	26	2	42
43	2	23	13	26	26	2	34
43	2	23	14	26	26	2	13
43	2	23	19	26	26	2	30
43	2	23	20	26	26	3	inf
43	2	23	22	26	26	2	1
43	2	23	23	26	26	3	18
43	2	23	24	26	26	2	1
43	2	24	3	26	26	2	13
43	2	24	4	26	26	2	34
43	2	24	6	26	26	2	42
43	2	24	7	26	26	3	25
43	2	24	8	26	26	2	42
43	2	24	10	26	26	2	34
43	2	24	11	26	26	2	13
43	2	24	16	26	26	2	30
43	2	24	17	26	26	3	inf
43	2	24	19	26	26	2	1
43	2	24	20	26	26	3	18
43	2	24	21	26	26	2	1
43	2	24	23	26	26	2	9
43	2	24	24	26	26	2	30
43	2	25	0	26	26	2	13
43	2	25	1	26	26	2	34
43	2	25	3	26	26	2	42
43	2	25	4	26	26	3	25
43	2	25	5	26	26	2	42
43	2	25	7	26	26	2	34
43	2	25	8	26	26	2	13
43	2	25	13	26	26	2	30
43	2	25	14	26	26	3	inf
43	2	25	16	26	26	2	1
43	2	25	17	26	26	3	18
43	2	25	18	26	26	2	1
43	2	25	20	26	26	2	9
43	2	25	21	26	26	2	30
17	1	0	3	10	5	3	0
17	1	1	1	10	5	3	0
17	1	1	2	10	5	3	inf
17	1	2	4	10	5	3	0
17	1	3	2	10	5	3	0
17	1	3	3	10	5	3	inf
17	1	4	0	10	5	3	0
17	1	5	3	10	5	3	0
17	1	5	4	10	5	3	inf
17	1	6	1	10	5	3	0
17	1	7	0	10	5	3	inf
17	1	7	4	10	5	3	0
17	1	8	2	10	5	3	0
17	1	9	0	10	5	3	0
17	1	9	1	10	5	3	inf
17	2	0	3	10	5	3	0
17	2	0	4	10	5	3	inf
17	2	1	1	10	5	3	0
17	2	2	0	10	5	3	inf
17	2	2	4	10	5	3	0
17	2	3	2	10	5	3	0
17	2	4	0	10	5	3	0
17	2	4	1	10	5	3	inf
17	2	5	3	10	5	3	0
17	2	6	1	10	5	3	0
17	2	6	2	10	5	3	inf
17	2	7	4	10	5	3	0
17	2	8	2	10	5	3	0
17	2	8	3	10	5	3	inf
17	2	9	0	10	5	3	0
19	1	3	0	12	3	3	inf
19	1	7	2	12	3	3	inf
19	1	11	1	12	3	3	inf
19	2	1	2	12	3	3	inf
19	2	5	1	12	3	3	inf
19	2	9	0	12	3	3	inf
23	1	0	0	6	12	2	1
23	1	0	1	6	12	2	1
23	1	0	6	6	12	2	22
23	1	0	7	6	12	2	22
23	1	0	11	6	12	3	inf
23	1	1	4	6	12	2	22
23	1	1	5	6	12	2	22
23	1	1	9	6	12	3	inf
23	1	1	10	6	12	2	1
23	1	1	11	6	12	2	1
23	1	2	2	6	12	2	22
23	1	2	3	6	12	2	22
23	1	2	7	6	12	3	inf
23	1	2	8	6	12	2	1
23	1	2	9	6	12	2	1
23	1	3	0	6	12	2	22
23	1	3	1	6	12	2	22
23	1	3	5	6	12	3	inf
23	1	3	6	6	12	2	1
23	1	3	7	6	12	2	1
23	1	4	3	6	12	3	inf
23	1	4	4	6	12	2	1
23	1	4	5	6	12	2	1
23	1	4	10	6	12	2	22
23	1	4	11	6	12	2	22
23	1	5	1	6	12	3	inf
23	1	5	2	6	12	2	1
23	1	5	3	6	12	2	1
23	1	5	8	6	12	2	22
23	1	5	9	6	12	2	22
23	2	0	0	6	12	2	22
23	2	0	1	6	12	2	22
23	2	0	5	6	12	3	inf
23	2	0	6	6	12	2	1
23	2	0	7	6	12	2	1
23	2	1	3	6	12	3	inf
23	2	1	4	6	12	2	1
23	2	1	5	6	12	2	1
23	2	1	10	6	12	2	22
23	2	1	11	6	12	2	22
23	2	2	1	6	12	3	inf
23	2	2	2	6	12	2	1
23	2	2	3	6	12	2	1
23	2	2	8	6	12	2	22
23	2	2	9	6	12	2	22
23	2	3	0	6	12	2	1
23	2	3	1	6	12	2	1
23	2	3	6	6	12	2	22
23	2	3	7	6	12	2	22
23	2	3	11	6	12	3	inf
23	2	4	4	6	12	2	22
23	2	4	5	6	12	2	22
23	2	4	9	6	12	3	inf
23	2	4	10	6	12	2	1
23	2	4	11	6	12	2	1
23	2	5	2	6	12	2	22
23	2	5	3	6	12	2	22
23	2	5	7	6	12	3	inf
23	2	5	8	6	12	2	1
23	2	5	9	6	12	2	1
29	1	0	0	2	3	3	1
29	1	1	1	2	3	3	inf
29	1	1	2	2	3	3	1
29	2	0	0	2	3	3	28
29	2	1	2	2	3	3	28
31	1	2	1	6	6	3	22
31	1	2	4	6	6	3	inf
31	1	5	1	6	6	3	inf
31	1	5	4	6	6	3	22
31	2	2	1	6	6	3	inf
31	2	2	4	6	6	3	22
31	2	5	1	6	6	3	22
31	2	5	4	6	6	3	inf
37	1	0	0	11	11	2	1
37	1	0	2	11	11	3	12
37	1	0	3	11	11	3	33
37	1	0	4	11	11	3	12
37	1	0	5	11	11	3	inf
37	1	0	6	11	11	2	1
37	1	0	8	11	11	2	11
37	1	0	9	11	11	2	11
37	1	1	1	11	11	2	11
37	1	1	2	11	11	2	11
37	1	1	4	11	11	2	1
37	1	1	6	11	11	3	12
37	1	1	7	11	11	3	33
37	1	1	8	11	11	3	12
37	1	1	9	11	11	3	inf
37	1	1	10	11	11	2	1
37	1	2	0	11	11	3	33
37	1	2	1	11	11	3	12
37	1	2	2	11	11	3	inf
37	1	2	3	11	11	2	1
37	1	2	5	11	11	2	11
37	1	2	6	11	11	2	11
37	1	2	8	11	11	2	1
37	1	2	10	11	11	3	12
37	1	3	1	11	11	2	1
37	1	3	3	11	11	3	12
37	1	3	4	11	11	3	33
37	1	3	5	11	11	3	12
37	1	3	6	11	11	3	inf
37	1	3	7	11	11	2	1
37	1	3	9	11	11	2	11
37	1	3	10	11	11	2	11
37	1	4	0	11	11	2	1
37	1	4	2	11	11	2	11
37	1	4	3	11	11	2	11
37	1	4	5	11	11	2	1
37	1	4	7	11	11	3	12
37	1	4	8	11	11	3	33
37	1	4	9	11	11	3	12
37	1	4	10	11	11	3	inf
37	1	5	0	11	11	3	12
37	1	5	1	11	11	3	33
37	1	5	2	11	11	3	12
37	1	5	3	11	11	3	inf
37	1	5	4	11	11	2	1
37	1	5	6	11	11	2	11
37	1	5	7	11	11	2	11
37	1	5	9	11	11	2	1
37	1	6	0	11	11	2	11
37	1	6	2	11	11	2	1
37	1	6	4	11	11	3	12
37	1	6	5	11	11	3	33
37	1	6	6	11	11	3	12
37	1	6	7	11	11	3	inf
37	1	6	8	11	11	2	1
37	1	6	10	11	11	2	11
37	1	7	0	11	11	3	inf
37	1	7	1	11	11	2	1
37	1	7	3	11	11	2	11
37	1	7	4	11	11	2	11
37	1	7	6	11	11	2	1
37	1	7	8	11	11	3	12
37	1	7	9	11	11	3	33
37	1	7	10	11	11	3	12
37	1	8	1	11	11	3	12
37	1	8	2	11	11	3	33
37	1	8	3	11	11	3	12
37	1	8	4	11	11	3	inf
37	1	8	5	11	11	2	1
37	1	8	7	11	11	2	11
37	1	8	8	11	11	2	11
37	1	8	10	11	11	2	1
37	1	9	0	11	11	2	11
37	1	9	1	11	11	2	11
37	1	9	3	11	11	2	1
37	1	9	5	11	11	3	12
37	1	9	6	11	11	3	33
37	1	9	7	11	11	3	12
37	1	9	8	11	11	3	inf
37	1	9	9	11	11	2	1
37	1	10	0	11	11	3	12
37	1	10	1	11	11	3	inf
37	1	10	2	11	11	2	1
37	1	10	4	11	11	2	11
37	1	10	5	11	11	2	11
37	1	10	7	11	11	2	1
37	1	10	9	11	11	3	12
37	1	10	10	11	11	3	33
37	2	0	0	11	11	2	36
37	2	0	2	11	11	3	25
37	2	0	3	11	11	3	4
37	2	0	4	11	11	3	25
37	2	0	6	11	11	2	36
37	2	0	8	11	11	2	26
37	2	0	9	11	11	2	26
37	2	1	1	11	11	2	26
37	2	1	2	11	11	2	26
37	2	1	4	11	11	2	36
37	2	1	6	11	11	3	25
37	2	1	7	11	11	3	4
37	2	1	8	11	11	3	25
37	2	1	10	11	11	2	36
37	2	2	0	11	11	3	4
37	2	2	1	11	11	3	25
37	2	2	3	11	11	2	36
37	2	2	5	11	11	2	26
37	2	2	6	11	11	2	26
37	2	2	8	11	11	2	36
37	2	2	10	11	11	3	25
37	2	3	1	11	11	2	36
37	2	3	3	11	11	3	25
37	2	3	4	11	11	3	4
37	2	3	5	11	11	3	25
37	2	3	7	11	11	2	36
37	2	3	9	11	11	2	26
37	2	3	10	11	11	2	26
37	2	4	0	11	11	2	36
37	2	4	2	11	11	2	26
37	2	4	3	11	11	2	26
37	2	4	5	11	11	2	36
37	2	4	7	11	11	3	25
37	2	4	8	11	11	3	4
37	2	4	9	11	11	3	25
37	2	5	0	11	11	3	25
37	2	5	1	11	11	3	4
37	2	5	2	11	11	3	25
37	2	5	4	11	11	2	36
37	2	5	6	11	11	2	26
37	2	5	7	11	11	2	26
37	2	5	9	11	11	2	36
37	2	6	0	11	11	2	26
37	2	6	2	11	11	2	36
37	2	6	4	11	11	3	25
37	2	6	5	11	11	3	4
37	2	6	6	11	11	3	25
37	2	6	8	11	11	2	36
37	2	6	10	11	11	2	26
37	2	7	1	11	11	2	36
37	2	7	3	11	11	2	26
37	2	7	4	11	11	2	26
37	2	7	6	11	11	2	36
37	2	7	8	11	11	3	25
37	2	7	9	11	11	3	4
37	2	7	10	11	11	3	25
37	2	8	1	11	11	3	25
37	2	8	2	11	11	3	4
37	2	8	3	11	11	3	25
37	2	8	5	11	11	2	36
37	2	8	7	11	11	2	26
37	2	8	8	11	11	2	26
37	2	8	10	11	11	2	36
37	2	9	0	11	11	2	26
37	2	9	1	11	11	2	26
37	2	9	3	11	11	2	36
37	2	9	5	11	11	3	25
37	2	9	6	11	11	3	4
37	2	9	7	11	11	3	25
37	2	9	9	11	11	2	36
37	2	10	0	11	11	3	25
37	2	10	2	11	11	2	36
37	2	10	4	11	11	2	26
37	2	10	5	11	11	2	26
37	2	10	7	11	11	2	36
37	2	10	9	11	11	3	25
37	2	10	10	11	11	3	4
53	1	0	2	16	16	3	29
53	1	0	5	16	16	2	48
53	1	0	6	16	16	2	45
53	1	0	9	16	16	2	49
53	1	0	11	16	16	2	49
53	1	0	12	16	16	3	inf
53	1	0	14	16	16	2	45
53	1	0	15	16	16	2	48
53	1	1	0	16	16	2	48
53	1	1	1	16	16	2	45
53	1	1	4	16	16	2	49
53	1	1	6	16	16	2	49
53	1	1	7	16	16	3	inf
53	1	1	9	16	16	2	45
53	1	1	10	16	16	2	48
53	1	1	13	16	16	3	29
53	1	2	1	16	16	2	49
53	1	2	2	16	16	3	inf
53	1	2	4	16	16	2	45
53	1	2	5	16	16	2	48
53	1	2	8	16	16	3	29
53	1	2	11	16	16	2	48
53	1	2	12	16	16	2	45
53	1	2	15	16	16	2	49
53	1	3	0	16	16	2	48
53	1	3	3	16	16	3	29
53	1	3	6	16	16	2	48
53	1	3	7	16	16	2	45
53	1	3	10	16	16	2	49
53	1	3	12	16	16	2	49
53	1	3	13	16	16	3	inf
53	1	3	15	16	16	2	45
53	1	4	1	16	16	2	48
53	1	4	2	16	16	2	45
53	1	4	5	16	16	2	49
53	1	4	7	16	16	2	49
53	1	4	8	16	16	3	inf
53	1	4	10	16	16	2	45
53	1	4	11	16	16	2	48
53	1	4	14	16	16	3	29
53	1	5	0	16	16	2	49
53	1	5	2	16	16	2	49
53	1	5	3	16	16	3	inf
53	1	5	5	16	16	2	45
53	1	5	6	16	16	2	48
53	1	5	9	16	16	3	29
53	1	5	12	16	16	2	48
53	1	5	13	16	16	2	45
53	1	6	0	16	16	2	45
53	1	6	1	16	16	2	48
53	1	6	4	16	16	3	29
53	1	6	7	16	16	2	48
53	1	6	8	16	16	2	45
53	1	6	11	16	16	2	49
53	1	6	13	16	16	2	49
53	1	6	14	16	16	3	inf
53	1	7	2	16	16	2	48
53	1	7	3	16	16	2	45
53	1	7	6	16	16	2	49
53	1	7	8	16	16	2	49
53	1	7	9	16	16	3	inf
53	1	7	11	16	16	2	45
53	1	7	12	16	16	2	48
53	1	7	15	16	16	3	29
53	1	8	1	16	16	2	49
53	1	8	3	16	16	2	49
53	1	8	4	16	16	3	inf
53	1	8	6	16	16	2	45
53	1	8	7	16	16	2	48
53	1	8	10	16	16	3	29
53	1	8	13	16	16	2	48
53	1	8	14	16	16	2	45
53	1	9	1	16	16	2	45
53	1	9	2	16	16	2	48
53	1	9	5	16	16	3	29
53	1	9	8	16	16	2	48
53	1	9	9	16	16	2	45
53	1	9	12	16	16	2	49
53	1	9	14	16	16	2	49
53	1	9	15	16	16	3	inf
53	1	10	0	16	16	3	29
53	1	10	3	16	16	2	48
53	1	10	4	16	16	2	45
53	1	10	7	16	16	2	49
53	1	10	9	16	16	2	49
53	1	10	10	16	16	3	inf
53	1	10	12	16	16	2	45
53	1	10	13	16	16	2	48
53	1	11	2	16	16	2	49
53	1	11	4	16	16	2	49
53	1	11	5	16	16	3	inf
53	1	11	7	16	16	2	45
53	1	11	8	16	16	2	48
53	1	11	11	16	16	3	29
53	1	11	14	16	16	2	48
53	1	11	15	16	16	2	45
53	1	12	0	16	16	3	inf
53	1	12	2	16	16	2	45
53	1	12	3	16	16	2	48
53	1	12	6	16	16	3	29
53	1	12	9	16	16	2	48
53	1	12	10	16	16	2	45
53	1	12	13	16	16	2	49
53	1	12	15	16	16	2	49
53	1	13	1	16	16	3	29
53	1	13	4	16	16	2	48
53	1	13	5	16	16	2	45
53	1	13	8	16	16	2	49
53	1	13	10	16	16	2	49
53	1	13	11	16	16	3	inf
53	1	13	13	16	16	2	45
53	1	13	14	16	16	2	48
53	1	14	0	16	16	2	45
53	1	14	3	16	16	2	49
53	1	14	5	16	16	2	49
53	1	14	6	16	16	3	inf
53	1	14	8	16	16	2	45
53	1	14	9	16	16	2	48
53	1	14	12	16	16	3	29
53	1	14	15	16	16	2	48
53	1	15	0	16	16	2	49
53	1	15	1	16	16	3	inf
53	1	15	3	16	16	2	45
53	1	15	4	16	16	2	48
53	1	15	7	16	16	3	29
53	1	15	10	16	16	2	48
53	1	15	11	16	16	2	45
53	1	15	14	16	16	2	49
53	2	0	2	16	16	3	24
53	2	0	5	16	16	2	5
53	2	0	6	16	16	2	8
53	2	0	9	16	16	2	4
53	2	0	11	16	16	2	4
53	2	0	14	16	16	2	8
53	2	0	15	16	16	2	5
53	2	1	0	16	16	2	5
53	2	1	1	16	16	2	8
53	2	1	4	16	16	2	4
53	2	1	6	16	16	2	4
53	2	1	9	16	16	2	8
53	2	1	10	16	16	2	5
53	2	1	13	16	16	3	24
53	2	2	1	16	16	2	4
53	2	2	4	16	16	2	8
53	2	2	5	16	16	2	5
53	2	2	8	16	16	3	24
53	2	2	11	16	16	2	5
53	2	2	12	16	16	2	8
53	2	2	15	16	16	2	4
53	2	3	0	16	16	2	5
53	2	3	3	16	16	3	24
53	2	3	6	16	16	2	5
53	2	3	7	16	16	2	8
53	2	3	10	16	16	2	4
53	2	3	12	16	16	2	4
53	2	3	15	16	16	2	8
53	2	4	1	16	16	2	5
53	2	4	2	16	16	2	8
53	2	4	5	16	16	2	4
53	2	4	7	16	16	2	4
53	2	4	10	16	16	2	8
53	2	4	11	16	16	2	5
53	2	4	14	16	16	3	24
53	2	5	0	16	16	2	4
53	2	5	2	16	16	2	4
53	2	5	5	16	16	2	8
53	2	5	6	16	16	2	5
53	2	5	9	16	16	3	24
53	2	5	12	16	16	2	5
53	2	5	13	16	16	2	8
53	2	6	0	16	16	2	8
53	2	6	1	16	16	2	5
53	2	6	4	16	16	3	24
53	2	6	7	16	16	2	5
53	2	6	8	16	16	2	8
53	2	6	11	16	16	2	4
53	2	6	13	16	16	2	4
53	2	7	2	16	16	2	5
53	2	7	3	16	16	2	8
53	2	7	6	16	16	2	4
53	2	7	8	16	16	2	4
53	2	7	11	16	16	2	8
53	2	7	12	16	16	2	5
53	2	7	15	16	16	3	24
53	2	8	1	16	16	2	4
53	2	8	3	16	16	2	4
53	2	8	6	16	16	2	8
53	2	8	7	16	16	2	5
53	2	8	10	16	16	3	24
53	2	8	13	16	16	2	5
53	2	8	14	16	16	2	8
53	2	9	1	16	16	2	8
53	2	9	2	16	16	2	5
53	2	9	5	16	16	3	24
53	2	9	8	16	16	2	5
53	2	9	9	16	16	2	8
53	2	9	12	16	16	2	4
53	2	9	14	16	16	2	4
53	2	10	0	16	16	3	24
53	2	10	3	16	16	2	5
53	2	10	4	16	16	2	8
53	2	10	7	16	16	2	4
53	2	10	9	16	16	2	4
53	2	10	12	16	16	2	8
53	2	10	13	16	16	2	5
53	2	11	2	16	16	2	4
53	2	11	4	16	16	2	4
53	2	11	7	16	16	2	8
53	2	11	8	16	16	2	5
53	2	11	11	16	16	3	24
53	2	11	14	16	16	2	5
53	2	11	15	16	16	2	8
53	2	12	2	16	16	2	8
53	2	12	3	16	16	2	5
53	2	12	6	16	16	3	24
53	2	12	9	16	16	2	5
53	2	12	10	16	16	2	8
53	2	12	13	16	16	2	4
53	2	12	15	16	16	2	4
53	2	13	1	16	16	3	24
53	2	13	4	16	16	2	5
53	2	13	5	16	16	2	8
53	2	13	8	16	16	2	4
53	2	13	10	16	16	2	4
53	2	13	13	16	16	2	8
53	2	13	14	16	16	2	5
53	2	14	0	16	16	2	8
53	2	14	3	16	16	2	4
53	2	14	5	16	16	2	4
53	2	14	8	16	16	2	8
53	2	14	9	16	16	2	5
53	2	14	12	16	16	3	24
53	2	14	15	16	16	2	5
53	2	15	0	16	16	2	4
53	2	15	3	16	16	2	8
53	2	15	4	16	16	2	5
53	2	15	7	16	16	3	24
53	2	15	10	16	16	2	5
53	2	15	11	16	16	2	8
53	2	15	14	16	16	2	4
59	1	0	3	24	8	2	27
59	1	0	7	24	8	2	32
59	1	1	0	24	8	2	32
59	1	1	4	24	8	2	27
59	1	2	3	24	8	3	0
59	1	2	4	24	8	3	inf
59	1	2	7	24	8	3	0
59	1	3	2	24	8	2	32
59	1	3	6	24	8	2	27
59	1	4	3	24	8	2	32
59	1	4	7	24	8	2	27
59	1	5	2	24	8	3	0
59	1	5	6	24	8	3	0
59	1	5	7	24	8	3	inf
59	1	6	1	24	8	2	27
59	1	6	5	24	8	2	32
59	1	7	2	24	8	2	27
59	1	7	6	24	8	2	32
59	1	8	1	24	8	3	0
59	1	8	2	24	8	3	inf
59	1	8	5	24	8	3	0
59	1	9	0	24	8	2	32
59	1	9	4	24	8	2	27
59	1	10	1	24	8	2	32
59	1	10	5	24	8	2	27
59	1	11	0	24	8	3	0
59	1	11	4	24	8	3	0
59	1	11	5	24	8	3	inf
59	1	12	3	24	8	2	32
59	1	12	7	24	8	2	27
59	1	13	0	24	8	2	27
59	1	13	4	24	8	2	32
59	1	14	0	24	8	3	inf
59	1	14	3	24	8	3	0
59	1	14	7	24	8	3	0
59	1	15	2	24	8	2	27
59	1	15	6	24	8	2	32
59	1	16	3	24	8	2	27
59	1	16	7	24	8	2	32
59	1	17	2	24	8	3	0
59	1	17	3	24	8	3	inf
59	1	17	6	24	8	3	0
59	1	18	1	24	8	2	32
59	1	18	5	24	8	2	27
59	1	19	2	24	8	2	32
59	1	19	6	24	8	2	27
59	1	20	1	24	8	3	0
59	1	20	5	24	8	3	0
59	1	20	6	24	8	3	inf
59	1	21	0	24	8	2	27
59	1	21	4	24	8	2	32
59	1	22	1	24	8	2	27
59	1	22	5	24	8	2	32
59	1	23	0	24	8	3	0
59	1	23	1	24	8	3	inf
59	1	23	4	24	8	3	0
59	2	0	3	24	8	2	32
59	2	0	7	24	8	2	27
59	2	1	0	24	8	2	27
59	2	1	4	24	8	2	32
59	2	2	0	24	8	3	inf
59	2	2	3	24	8	3	0
59	2	2	7	24	8	3	0
59	2	3	2	24	8	2	27
59	2	3	6	24	8	2	32
59	2	4	3	24	8	2	27
59	2	4	7	24	8	2	32
59	2	5	2	24	8	3	0
59	2	5	3	24	8	3	inf
59	2	5	6	24	8	3	0
59	2	6	1	24	8	2	32
59	2	6	5	24	8	2	27
59	2	7	2	24	8	2	32
59	2	7	6	24	8	2	27
59	2	8	1	24	8	3	0
59	2	8	5	24	8	3	0
59	2	8	6	24	8	3	inf
59	2	9	0	24	8	2	27
59	2	9	4	24	8	2	32
59	2	10	1	24	8	2	27
59	2	10	5	24	8	2	32
59	2	11	0	24	8	3	0
59	2	11	1	24	8	3	inf
59	2	11	4	24	8	3	0
59	2	12	3	24	8	2	27
59	2	12	7	24	8	2	32
59	2	13	0	24	8	2	32
59	2	13	4	24	8	2	27
59	2	14	3	24	8	3	0
59	2	14	4	24	8	3	inf
59	2	14	7	24	8	3	0
59	2	15	2	24	8	2	32
59	2	15	6	24	8	2	27
59	2	16	3	24	8	2	32
59	2	16	7	24	8	2	27
59	2	17	2	24	8	3	0
59	2	17	6	24	8	3	0
59	2	17	7	24	8	3	inf
59	2	18	1	24	8	2	27
59	2	18	5	24	8	2	32
59	2	19	2	24	8	2	27
59	2	19	6	24	8	2	32
59	2	20	1	24	8	3	0
59	2	20	2	24	8	3	inf
59	2	20	5	24	8	3	0
59	2	21	0	24	8	2	32
59	2	21	4	24	8	2	27
59	2	22	1	24	8	2	32
59	2	22	5	24	8	2	27
59	2	23	0	24	8	3	0
59	2	23	4	24	8	3	0
59	2	23	5	24	8	3	inf
61	1	0	5	17	34	3	inf
61	1	0	7	17	34	3	inf
61	1	0	22	17	34	3	inf
61	1	1	11	17	34	3	inf
61	1	1	13	17	34	3	inf
61	1	1	28	17	34	3	inf
61	1	2	0	17	34	3	inf
61	1	2	17	17	34	3	inf
61	1	2	19	17	34	3	inf
61	1	3	6	17	34	3	inf
61	1	3	23	17	34	3	inf
61	1	3	25	17	34	3	inf
61	1	4	12	17	34	3	inf
61	1	4	29	17	34	3	inf
61	1	4	31	17	34	3	inf
61	1	5	1	17	34	3	inf
61	1	5	3	17	34	3	inf
61	1	5	18	17	34	3	inf
61	1	6	7	17	34	3	inf
61	1	6	9	17	34	3	inf
61	1	6	24	17	34	3	inf
61	1	7	13	17	34	3	inf
61	1	7	15	17	34	3	inf
61	1	7	30	17	34	3	inf
61	1	8	2	17	34	3	inf
61	1	8	19	17	34	3	inf
61	1	8	21	17	34	3	inf
61	1	9	8	17	34	3	inf
61	1	9	25	17	34	3	inf
61	1	9	27	17	34	3	inf
61	1	10	14	17	34	3	inf
61	1	10	31	17	34	3	inf
61	1	10	33	17	34	3	inf
61	1	11	3	17	34	3	inf
61	1	11	5	17	34	3	inf
61	1	11	20	17	34	3	inf
61	1	12	9	17	34	3	inf
61	1	12	11	17	34	3	inf
61	1	12	26	17	34	3	inf
61	1	13	15	17	34	3	inf
61	1	13	17	17	34	3	inf
61	1	13	32	17	34	3	inf
61	1	14	4	17	34	3	inf
61	1	14	21	17	34	3	inf
61	1	14	23	17	34	3	inf
61	1	15	10	17	34	3	inf
61	1	15	27	17	34	3	inf
61	1	15	29	17	34	3	inf
61	1	16	1	17	34	3	inf
61	1	16	16	17	34	3	inf
61	1	16	33	17	34	3	inf
61	2	0	5	17	34	3	inf
61	2	0	22	17	34	3	inf
61	2	0	24	17	34	3	inf
61	2	1	11	17	34	3	inf
61	2	1	28	17	34	3	inf
61	2	1	30	17	34	3	inf
61	2	2	0	17	34	3	inf
61	2	2	2	17	34	3	inf
61	2	2	17	17	34	3	inf
61	2	3	6	17	34	3	inf
61	2	3	8	17	34	3	inf
61	2	3	23	17	34	3	inf
61	2	4	12	17	34	3	inf
61	2	4	14	17	34	3	inf
61	2	4	29	17	34	3	inf
61	2	5	1	17	34	3	inf
61	2	5	18	17	34	3	inf
61	2	5	20	17	34	3	inf
61	2	6	7	17	34	3	inf
61	2	6	24	17	34	3	inf
61	2	6	26	17	34	3	inf
61	2	7	13	17	34	3	inf
61	2	7	30	17	34	3	inf
61	2	7	32	17	34	3	inf
61	2	8	2	17	34	3	inf
61	2	8	4	17	34	3	inf
61	2	8	19	17	34	3	inf
61	2	9	8	17	34	3	inf
61	2	9	10	17	34	3	inf
61	2	9	25	17	34	3	inf
61	2	10	14	17	34	3	inf
61	2	10	16	17	34	3	inf
61	2	10	31	17	34	3	inf
61	2	11	3	17	34	3	inf
61	2	11	20	17	34	3	inf
61	2	11	22	17	34	3	inf
61	2	12	9	17	34	3	inf
61	2	12	26	17	34	3	inf
61	2	12	28	17	34	3	inf
61	2	13	0	17	34	3	inf
61	2	13	15	17	34	3	inf
61	2	13	32	17	34	3	inf
61	2	14	4	17	34	3	inf
61	2	14	6	17	34	3	inf
61	2	14	21	17	34	3	inf
61	2	15	10	17	34	3	inf
61	2	15	12	17	34	3	inf
61	2	15	27	17	34	3	inf
61	2	16	16	17	34	3	inf
61	2	16	18	17	34	3	inf
61	2	16	33	17	34	3	inf
67	1	0	1	36	12	2	43
67	1	0	7	36	12	2	24
67	1	1	4	36	12	2	24
67	1	1	10	36	12	2	43
67	1	2	2	36	12	3	47
67	1	2	5	36	12	3	0
67	1	2	6	36	12	3	inf
67	1	2	8	36	12	3	20
67	1	2	11	36	12	3	0
67	1	3	0	36	12	2	24
67	1	3	6	36	12	2	43
67	1	4	3	36	12	2	43
67	1	4	9	36	12	2	24
67	1	5	1	36	12	3	20
67	1	5	4	36	12	3	0
67	1	5	7	36	12	3	47
67	1	5	10	36	12	3	0
67	1	5	11	36	12	3	inf
67	1	6	5	36	12	2	24
67	1	6	11	36	12	2	43
67	1	7	2	36	12	2	24
67	1	7	8	36	12	2	43
67	1	8	0	36	12	3	47
67	1	8	3	36	12	3	0
67	1	8	4	36	12	3	inf
67	1	8	6	36	12	3	20
67	1	8	9	36	12	3	0
67	1	9	4	36	12	2	43
67	1	9	10	36	12	2	24
67	1	10	1	36	12	2	43
67	1	10	7	36	12	2	24
67	1	11	2	36	12	3	0
67	1	11	5	36	12	3	47
67	1	11	8	36	12	3	0
67	1	11	9	36	12	3	inf
67	1	11	11	36	12	3	20
67	1	12	3	36	12	2	24
67	1	12	9	36	12	2	43
67	1	13	0	36	12	2	24
67	1	13	6	36	12	2	43
67	1	14	1	36	12	3	0
67	1	14	2	36	12	3	inf
67	1	14	4	36	12	3	20
67	1	14	7	36	12	3	0
67	1	14	10	36	12	3	47
67	1	15	2	36	12	2	43
67	1	15	8	36	12	2	24
67	1	16	5	36	12	2	24
67	1	16	11	36	12	2	43
67	1	17	0	36	12	3	0
67	1	17	3	36	12	3	47
67	1	17	6	36	12	3	0
67	1	17	7	36	12	3	inf
67	1	17	9	36	12	3	20
67	1	18	1	36	12	2	24
67	1	18	7	36	12	2	43
67	1	19	4	36	12	2	43
67	1	19	10	36	12	2	24
67	1	20	0	36	12	3	inf
67	1	20	2	36	12	3	20
67	1	20	5	36	12	3	0
67	1	20	8	36	12	3	47
67	1	20	11	36	12	3	0
67	1	21	0	36	12	2	43
67	1	21	6	36	12	2	24
67	1	22	3	36	12	2	24
67	1	22	9	36	12	2	43
67	1	23	1	36	12	3	47
67	1	23	4	36	12	3	0
67	1	23	5	36	12	3	inf
67	1	23	7	36	12	3	20
67	1	23	10	36	12	3	0
67	1	24	5	36	12	2	43
67	1	24	11	36	12	2	24
67	1	25	2	36	12	2	43
67	1	25	8	36	12	2	24
67	1	26	0	36	12	3	20
67	1	26	3	36	12	3	0
67	1	26	6	36	12	3	47
67	1	26	9	36	12	3	0
67	1	26	10	36	12	3	inf
67	1	27	4	36	12	2	24
67	1	27	10	36	12	2	43
67	1	28	1	36	12	2	24
67	1	28	7	36	12	2	43
67	1	29	2	36	12	3	0
67	1	29	3	36	12	3	inf
67	1	29	5	36	12	3	20
67	1	29	8	36	12	3	0
67	1	29	11	36	12	3	47
67	1	30	3	36	12	2	43
67	1	30	9	36	12	2	24
67	1	31	0	36	12	2	43
67	1	31	6	36	12	2	24
67	1	32	1	36	12	3	0
67	1	32	4	36	12	3	47
67	1	32	7	36	12	3	0
67	1	32	8	36	12	3	inf
67	1	32	10	36	12	3	20
67	1	33	2	36	12	2	24
67	1	33	8	36	12	2	43
67	1	34	5	36	12	2	43
67	1	34	11	36	12	2	24
67	1	35	0	36	12	3	0
67	1	35	1	36	12	3	inf
67	1	35	3	36	12	3	20
67	1	35	6	36	12	3	0
67	1	35	9	36	12	3	47
67	2	0	1	36	12	2	24
67	2	0	7	36	12	2	43
67	2	1	4	36	12	2	43
67	2	1	10	36	12	2	24
67	2	2	0	36	12	3	inf
67	2	2	2	36	12	3	20
67	2	2	5	36	12	3	0
67	2	2	8	36	12	3	47
67	2	2	11	36	12	3	0
67	2	3	0	36	12	2	43
67	2	3	6	36	12	2	24
67	2	4	3	36	12	2	24
67	2	4	9	36	12	2	43
67	2	5	1	36	12	3	47
67	2	5	4	36	12	3	0
67	2	5	5	36	12	3	inf
67	2	5	7	36	12	3	20
67	2	5	10	36	12	3	0
67	2	6	5	36	12	2	43
67	2	6	11	36	12	2	24
67	2	7	2	36	12	2	43
67	2	7	8	36	12	2	24
67	2	8	0	36	12	3	20
67	2	8	3	36	12	3	0
67	2	8	6	36	12	3	47
67	2	8	9	36	12	3	0
67	2	8	10	36	12	3	inf
67	2	9	4	36	12	2	24
67	2	9	10	36	12	2	43
67	2	10	1	36	12	2	24
67	2	10	7	36	12	2	43
67	2	11	2	36	12	3	0
67	2	11	3	36	12	3	inf
67	2	11	5	36	12	3	20
67	2	11	8	36	12	3	0
67	2	11	11	36	12	3	47
67	2	12	3	36	12	2	43
67	2	12	9	36	12	2	24
67	2	13	0	36	12	2	43
67	2	13	6	36	12	2	24
67	2	14	1	36	12	3	0
67	2	14	4	36	12	3	47
67	2	14	7	36	12	3	0
67	2	14	8	36	12	3	inf
67	2	14	10	36	12	3	20
67	2	15	2	36	12	2	24
67	2	15	8	36	12	2	43
67	2	16	5	36	12	2	43
67	2	16	11	36	12	2	24
67	2	17	0	36	12	3	0
67	2	17	1	36	12	3	inf
67	2	17	3	36	12	3	20
67	2	17	6	36	12	3	0
67	2	17	9	36	12	3	47
67	2	18	1	36	12	2	43
67	2	18	7	36	12	2	24
67	2	19	4	36	12	2	24
67	2	19	10	36	12	2	43
67	2	20	2	36	12	3	47
67	2	20	5	36	12	3	0
67	2	20	6	36	12	3	inf
67	2	20	8	36	12	3	20
67	2	20	11	36	12	3	0
67	2	21	0	36	12	2	24
67	2	21	6	36	12	2	43
67	2	22	3	36	12	2	43
67	2	22	9	36	12	2	24
67	2	23	1	36	12	3	20
67	2	23	4	36	12	3	0
67	2	23	7	36	12	3	47
67	2	23	10	36	12	3	0
67	2	23	11	36	12	3	inf
67	2	24	5	36	12	2	24
67	2	24	11	36	12	2	43
67	2	25	2	36	12	2	24
67	2	25	8	36	12	2	43
67	2	26	0	36	12	3	47
67	2	26	3	36	12	3	0
67	2	26	4	36	12	3	inf
67	2	26	6	36	12	3	20
67	2	26	9	36	12	3	0
67	2	27	4	36	12	2	43
67	2	27	10	36	12	2	24
67	2	28	1	36	12	2	43
67	2	28	7	36	12	2	24
67	2	29	2	36	12	3	0
67	2	29	5	36	12	3	47
67	2	29	8	36	12	3	0
67	2	29	9	36	12	3	inf
67	2	29	11	36	12	3	20
67	2	30	3	36	12	2	24
67	2	30	9	36	12	2	43
67	2	31	0	36	12	2	24
67	2	31	6	36	12	2	43
67	2	32	1	36	12	3	0
67	2	32	2	36	12	3	inf
67	2	32	4	36	12	3	20
67	2	32	7	36	12	3	0
67	2	32	10	36	12	3	47
67	2	33	2	36	12	2	43
67	2	33	8	36	12	2	24
67	2	34	5	36	12	2	24
67	2	34	11	36	12	2	43
67	2	35	0	36	12	3	0
67	2	35	3	36	12	3	47
67	2	35	6	36	12	3	0
67	2	35	7	36	12	3	inf
67	2	35	9	36	12	3	20
71	1	0	0	17	17	2	1
71	1	0	4	17	17	3	5
71	1	0	6	17	17	3	inf
71	1	0	7	17	17	3	5
71	1	0	11	17	17	2	1
71	1	0	14	17	17	3	29
71	1	1	2	17	17	3	29
71	1	1	5	17	17	2	1
71	1	1	9	17	17	3	5
71	1	1	11	17	17	3	inf
71	1	1	12	17	17	3	5
71	1	1	16	17	17	2	1
71	1	2	0	17	17	3	5
71	1	2	4	17	17	2	1
71	1	2	7	17	17	3	29
71	1	2	10	17	17	2	1
71	1	2	14	17	17	3	5
71	1	2	16	17	17	3	inf
71	1	3	2	17	17	3	5
71	1	3	4	17	17	3	inf
71	1	3	5	17	17	3	5
71	1	3	9	17	17	2	1
71	1	3	12	17	17	3	29
71	1	3	15	17	17	2	1
71	1	4	0	17	17	3	29
71	1	4	3	17	17	2	1
71	1	4	7	17	17	3	5
71	1	4	9	17	17	3	inf
71	1	4	10	17	17	3	5
71	1	4	14	17	17	2	1
71	1	5	2	17	17	2	1
71	1	5	5	17	17	3	29
71	1	5	8	17	17	2	1
71	1	5	12	17	17	3	5
71	1	5	14	17	17	3	inf
71	1	5	15	17	17	3	5
71	1	6	0	17	17	3	5
71	1	6	2	17	17	3	inf
71	1	6	3	17	17	3	5
71	1	6	7	17	17	2	1
71	1	6	10	17	17	3	29
71	1	6	13	17	17	2	1
71	1	7	1	17	17	2	1
71	1	7	5	17	17	3	5
71	1	7	7	17	17	3	inf
71	1	7	8	17	17	3	5
71	1	7	12	17	17	2	1
71	1	7	15	17	17	3	29
71	1	8	0	17	17	2	1
71	1	8	3	17	17	3	29
71	1	8	6	17	17	2	1
71	1	8	10	17	17	3	5
71	1	8	12	17	17	3	inf
71	1	8	13	17	17	3	5
71	1	9	0	17	17	3	inf
71	1	9	1	17	17	3	5
71	1	9	5	17	17	2	1
71	1	9	8	17	17	3	29
71	1	9	11	17	17	2	1
71	1	9	15	17	17	3	5
71	1	10	3	17	17	3	5
71	1	10	5	17	17	3	inf
71	1	10	6	17	17	3	5
71	1	10	10	17	17	2	1
71	1	10	13	17	17	3	29
71	1	10	16	17	17	2	1
71	1	11	1	17	17	3	29
71	1	11	4	17	17	2	1
71	1	11	8	17	17	3	5
71	1	11	10	17	17	3	inf
71	1	11	11	17	17	3	5
71	1	11	15	17	17	2	1
71	1	12	3	17	17	2	1
71	1	12	6	17	17	3	29
71	1	12	9	17	17	2	1
71	1	12	13	17	17	3	5
71	1	12	15	17	17	3	inf
71	1	12	16	17	17	3	5
71	1	13	1	17	17	3	5
71	1	13	3	17	17	3	inf
71	1	13	4	17	17	3	5
71	1	13	8	17	17	2	1
71	1	13	11	17	17	3	29
71	1	13	14	17	17	2	1
71	1	14	2	17	17	2	1
71	1	14	6	17	17	3	5
71	1	14	8	17	17	3	inf
71	1	14	9	17	17	3	5
71	1	14	13	17	17	2	1
71	1	14	16	17	17	3	29
71	1	15	1	17	17	2	1
71	1	15	4	17	17	3	29
71	1	15	7	17	17	2	1
71	1	15	11	17	17	3	5
71	1	15	13	17	17	3	inf
71	1	15	14	17	17	3	5
71	1	16	1	17	17	3	inf
71	1	16	2	17	17	3	5
71	1	16	6	17	17	2	1
71	1	16	9	17	17	3	29
71	1	16	12	17	17	2	1
71	1	16	16	17	17	3	5
71	2	0	0	17	17	2	70
71	2	0	4	17	17	3	66
71	2	0	7	17	17	3	66
71	2	0	11	17	17	2	70
71	2	0	14	17	17	3	42
71	2	1	2	17	17	3	42
71	2	1	5	17	17	2	70
71	2	1	9	17	17	3	66
71	2	1	12	17	17	3	66
71	2	1	16	17	17	2	70
71	2	2	0	17	17	3	66
71	2	2	4	17	17	2	70
71	2	2	7	17	17	3	42
71	2	2	10	17	17	2	70
71	2	2	14	17	17	3	66
71	2	3	2	17	17	3	66
71	2	3	5	17	17	3	66
71	2	3	9	17	17	2	70
71	2	3	12	17	17	3	42
71	2	3	15	17	17	2	70
71	2	4	0	17	17	3	42
71	2	4	3	17	17	2	70
71	2	4	7	17	17	3	66
71	2	4	10	17	17	3	66
71	2	4	14	17	17	2	70
71	2	5	2	17	17	2	70
71	2	5	5	17	17	3	42
71	2	5	8	17	17	2	70
71	2	5	12	17	17	3	66
71	2	5	15	17	17	3	66
71	2	6	0	17	17	3	66
71	2	6	3	17	17	3	66
71	2	6	7	17	17	2	70
71	2	6	10	17	17	3	42
71	2	6	13	17	17	2	70
71	2	7	1	17	17	2	70
71	2	7	5	17	17	3	66
71	2	7	8	17	17	3	66
71	2	7	12	17	17	2	70
71	2	7	15	17	17	3	42
71	2	8	0	17	17	2	70
71	2	8	3	17	17	3	42
71	2	8	6	17	17	2	70
71	2	8	10	17	17	3	66
71	2	8	13	17	17	3	66
71	2	9	1	17	17	3	66
71	2	9	5	17	17	2	70
71	2	9	8	17	17	3	42
71	2	9	11	17	17	2	70
71	2	9	15	17	17	3	66
71	2	10	3	17	17	3	66
71	2	10	6	17	17	3	66
71	2	10	10	17	17	2	70
71	2	10	13	17	17	3	42
71	2	10	16	17	17	2	70
71	2	11	1	17	17	3	42
71	2	11	4	17	17	2	70
71	2	11	8	17	17	3	66
71	2	11	11	17	17	3	66
71	2	11	15	17	17	2	70
71	2	12	3	17	17	2	70
71	2	12	6	17	17	3	42
71	2	12	9	17	17	2	70
71	2	12	13	17	17	3	66
71	2	12	16	17	17	3	66
71	2	13	1	17	17	3	66
71	2	13	4	17	17	3	66
71	2	13	8	17	17	2	70
71	2	13	11	17	17	3	42
71	2	13	14	17	17	2	70
71	2	14	2	17	17	2	70
71	2	14	6	17	17	3	66
71	2	14	9	17	17	3	66
71	2	14	13	17	17	2	70
71	2	14	16	17	17	3	42
71	2	15	1	17	17	2	70
71	2	15	4	17	17	3	42
71	2	15	7	17	17	2	70
71	2	15	11	17	17	3	66
71	2	15	14	17	17	3	66
71	2	16	2	17	17	3	66
71	2	16	6	17	17	2	70
71	2	16	9	17	17	3	42
71	2	16	12	17	17	2	70
71	2	16	16	17	17	3	66
73	1	0	3	9	6	2	18
73	1	1	2	9	6	2	18
73	1	2	3	9	6	3	inf
73	1	2	4	9	6	2	48
73	1	3	5	9	6	2	18
73	1	4	4	9	6	2	18
73	1	5	0	9	6	2	48
73	1	5	5	9	6	3	inf
73	1	6	1	9	6	2	18
73	1	7	0	9	6	2	18
73	1	8	1	9	6	3	inf
73	1	8	2	9	6	2	48
73	2	0	3	9	6	2	55
73	2	1	2	9	6	2	55
73	2	2	3	9	6	2	25
73	2	2	4	9	6	2	25
73	2	3	5	9	6	2	55
73	2	4	4	9	6	2	55
73	2	5	0	9	6	2	25
73	2	5	5	9	6	2	25
73	2	6	1	9	6	2	55
73	2	7	0	9	6	2	55
73	2	8	1	9	6	2	25
73	2	8	2	9	6	2	25
79	1	0	1	4	44	3	49
79	1	0	5	4	44	3	inf
79	1	0	9	4	44	3	30
79	1	0	11	4	44	2	72
79	1	0	12	4	44	3	inf
79	1	0	16	4	44	3	71
79	1	0	21	4	44	2	72
79	1	0	23	4	44	3	30
79	1	0	27	4	44	3	inf
79	1	0	31	4	44	3	49
79	1	0	33	4	44	2	7
79	1	0	38	4	44	3	8
79	1	0	43	4	44	2	7
79	1	1	0	4	44	2	7
79	1	1	5	4	44	3	8
79	1	1	10	4	44	2	7
79	1	1	12	4	44	3	49
79	1	1	16	4	44	3	inf
79	1	1	20	4	44	3	30
79	1	1	22	4	44	2	72
79	1	1	23	4	44	3	inf
79	1	1	27	4	44	3	71
79	1	1	32	4	44	2	72
79	1	1	34	4	44	3	30
79	1	1	38	4	44	3	inf
79	1	1	42	4	44	3	49
79	1	2	1	4	44	3	30
79	1	2	5	4	44	3	inf
79	1	2	9	4	44	3	49
79	1	2	11	4	44	2	7
79	1	2	16	4	44	3	8
79	1	2	21	4	44	2	7
79	1	2	23	4	44	3	49
79	1	2	27	4	44	3	inf
79	1	2	31	4	44	3	30
79	1	2	33	4	44	2	72
79	1	2	34	4	44	3	inf
79	1	2	38	4	44	3	71
79	1	2	43	4	44	2	72
79	1	3	0	4	44	2	72
79	1	3	1	4	44	3	inf
79	1	3	5	4	44	3	71
79	1	3	10	4	44	2	72
79	1	3	12	4	44	3	30
79	1	3	16	4	44	3	inf
79	1	3	20	4	44	3	49
79	1	3	22	4	44	2	7
79	1	3	27	4	44	3	8
79	1	3	32	4	44	2	7
79	1	3	34	4	44	3	49
79	1	3	38	4	44	3	inf
79	1	3	42	4	44	3	30
79	2	0	1	4	44	3	30
79	2	0	5	4	44	3	inf
79	2	0	9	4	44	3	49
79	2	0	11	4	44	2	7
79	2	0	16	4	44	3	8
79	2	0	21	4	44	2	7
79	2	0	23	4	44	3	49
79	2	0	27	4	44	3	inf
79	2	0	31	4	44	3	30
79	2	0	33	4	44	2	72
79	2	0	34	4	44	3	inf
79	2	0	38	4	44	3	71
79	2	0	43	4	44	2	72
79	2	1	0	4	44	2	72
79	2	1	1	4	44	3	inf
79	2	1	5	4	44	3	71
79	2	1	10	4	44	2	72
79	2	1	12	4	44	3	30
79	2	1	16	4	44	3	inf
79	2	1	20	4	44	3	49
79	2	1	22	4	44	2	7
79	2	1	27	4	44	3	8
79	2	1	32	4	44	2	7
79	2	1	34	4	44	3	49
79	2	1	38	4	44	3	inf
79	2	1	42	4	44	3	30
79	2	2	1	4	44	3	49
79	2	2	5	4	44	3	inf
79	2	2	9	4	44	3	30
79	2	2	11	4	44	2	72
79	2	2	12	4	44	3	inf
79	2	2	16	4	44	3	71
79	2	2	21	4	44	2	72
79	2	2	23	4	44	3	30
79	2	2	27	4	44	3	inf
79	2	2	31	4	44	3	49
79	2	2	33	4	44	2	7
79	2	2	38	4	44	3	8
79	2	2	43	4	44	2	7
79	2	3	0	4	44	2	7
79	2	3	5	4	44	3	8
79	2	3	10	4	44	2	7
79	2	3	12	4	44	3	49
79	2	3	16	4	44	3	inf
79	2	3	20	4	44	3	30
79	2	3	22	4	44	2	72
79	2	3	23	4	44	3	inf
79	2	3	27	4	44	3	71
79	2	3	32	4	44	2	72
79	2	3	34	4	44	3	30
79	2	3	38	4	44	3	inf
79	2	3	42	4	44	3	49
83	1	0	8	48	48	3	71
83	1	0	20	48	48	3	inf
83	1	0	32	48	48	3	inf
83	1	0	44	48	48	3	inf
83	1	1	3	48	48	3	inf
83	1	1	15	48	48	3	inf
83	1	1	27	48	48	3	inf
83	1	1	39	48	48	3	71
83	1	2	10	48	48	3	inf
83	1	2	22	48	48	3	71
83	1	2	34	48	48	3	inf
83	1	2	46	48	48	3	inf
83	1	3	5	48	48	3	71
83	1	3	17	48	48	3	inf
83	1	3	29	48	48	3	inf
83	1	3	41	48	48	3	inf
83	1	4	0	48	48	3	inf
83	1	4	12	48	48	3	inf
83	1	4	24	48	48	3	inf
83	1	4	36	48	48	3	71
83	1	5	7	48	48	3	inf
83	1	5	19	48	48	3	71
83	1	5	31	48	48	3	inf
83	1	5	43	48	48	3	inf
83	1	6	2	48	48	3	71
83	1	6	14	48	48	3	inf
83	1	6	26	48	48	3	inf
83	1	6	38	48	48	3	inf
83	1	7	9	48	48	3	inf
83	1	7	21	48	48	3	inf
83	1	7	33	48	48	3	71
83	1	7	45	48	48	3	inf
83	1	8	4	48	48	3	inf
83	1	8	16	48	48	3	71
83	1	8	28	48	48	3	inf
83	1	8	40	48	48	3	inf
83	1	9	11	48	48	3	inf
83	1	9	23	48	48	3	inf
83	1	9	35	48	48	3	inf
83	1	9	47	48	48	3	71
83	1	10	6	48	48	3	inf
83	1	10	18	48	48	3	inf
83	1	10	30	48	48	3	71
83	1	10	42	48	48	3	inf
83	1	11	1	48	48	3	inf
83	1	11	13	48	48	3	71
83	1	11	25	48	48	3	inf
83	1	11	37	48	48	3	inf
83	1	12	8	48	48	3	inf
83	1	12	20	48	48	3	inf
83	1	12	32	48	48	3	inf
83	1	12	44	48	48	3	71
83	1	13	3	48	48	3	inf
83	1	13	15	48	48	3	inf
83	1	13	27	48	48	3	71
83	1	13	39	48	48	3	inf
83	1	14	10	48	48	3	71
83	1	14	22	48	48	3	inf
83	1	14	34	48	48	3	inf
83	1	14	46	48	48	3	inf
83	1	15	5	48	48	3	inf
83	1	15	17	48	48	3	inf
83	1	15	29	48	48	3	inf
83	1	15	41	48	48	3	71
83	1	16	0	48	48	3	inf
83	1	16	12	48	48	3	inf
83	1	16	24	48	48	3	71
83	1	16	36	48	48	3	inf
83	1	17	7	48	48	3	71
83	1	17	19	48	48	3	inf
83	1	17	31	48	48	3	inf
83	1	17	43	48	48	3	inf
83	1	18	2	48	48	3	inf
83	1	18	14	48	48	3	inf
83	1	18	26	48	48	3	inf
83	1	18	38	48	48	3	71
83	1	19	9	48	48	3	inf
83	1	19	21	48	48	3	71
83	1	19	33	48	48	3	inf
83	1	19	45	48	48	3	inf
83	1	20	4	48	48	3	71
83	1	20	16	48	48	3	inf
83	1	20	28	48	48	3	inf
83	1	20	40	48	48	3	inf
83	1	21	11	48	48	3	inf
83	1	21	23	48	48	3	inf
83	1	21	35	48	48	3	71
83	1	21	47	48	48	3	inf
83	1	22	6	48	48	3	inf
83	1	22	18	48	48	3	71
83	1	22	30	48	48	3	inf
83	1	22	42	48	48	3	inf
83	1	23	1	48	48	3	71
83	1	23	13	48	48	3	inf
83	1	23	25	48	48	3	inf
83	1	23	37	48	48	3	inf
83	1	24	8	48	48	3	inf
83	1	24	20	48	48	3	inf
83	1	24	32	48	48	3	71
83	1	24	44	48	48	3	inf
83	1	25	3	48	48	3	inf
83	1	25	15	48	48	3	71
83	1	25	27	48	48	3	inf
83	1	25	39	48	48	3	inf
83	1	26	10	48	48	3	inf
83	1	26	22	48	48	3	inf
83	1	26	34	48	48	3	inf
83	1	26	46	48	48	3	71
83	1	27	5	48	48	3	inf
83	1	27	17	48	48	3	inf
83	1	27	29	48	48	3	71
83	1	27	41	48	48	3	inf
83	1	28	0	48	48	3	inf
83	1	28	12	48	48	3	71
83	1	28	24	48	48	3	inf
83	1	28	36	48	48	3	inf
83	1	29	7	48	48	3	inf
83	1	29	19	48	48	3	inf
83	1	29	31	48	48	3	inf
83	1	29	43	48	48	3	71
83	1	30	2	48	48	3	inf
83	1	30	14	48	48	3	inf
83	1	30	26	48	48	3	71
83	1	30	38	48	48	3	inf
83	1	31	9	48	48	3	71
83	1	31	21	48	48	3	inf
83	1	31	33	48	48	3	inf
83	1	31	45	48	48	3	inf
83	1	32	4	48	48	3	inf
83	1	32	16	48	48	3	inf
83	1	32	28	48	48	3	inf
83	1	32	40	48	48	3	71
83	1	33	11	48	48	3	inf
83	1	33	23	48	48	3	71
83	1	33	35	48	48	3	inf
83	1	33	47	48	48	3	inf
83	1	34	6	48	48	3	71
83	1	34	18	48	48	3	inf
83	1	34	30	48	48	3	inf
83	1	34	42	48	48	3	inf
83	1	35	1	48	48	3	inf
83	1	35	13	48	48	3	inf
83	1	35	25	48	48	3	inf
83	1	35	37	48	48	3	71
83	1	36	8	48	48	3	inf
83	1	36	20	48	48	3	71
83	1	36	32	48	48	3	inf
83	1	36	44	48	48	3	inf
83	1	37	3	48	48	3	71
83	1	37	15	48	48	3	inf
83	1	37	27	48	48	3	inf
83	1	37	39	48	48	3	inf
83	1	38	10	48	48	3	inf
83	1	38	22	48	48	3	inf
83	1	38	34	48	48	3	71
83	1	38	46	48	48	3	inf
83	1	39	5	48	48	3	inf
83	1	39	17	48	48	3	71
83	1	39	29	48	48	3	inf
83	1	39	41	48	48	3	inf
83	1	40	0	48	48	3	71
83	1	40	12	48	48	3	inf
83	1	40	24	48	48	3	inf
83	1	40	36	48	48	3	inf
83	1	41	7	48	48	3	inf
83	1	41	19	48	48	3	inf
83	1	41	31	48	48	3	71
83	1	41	43	48	48	3	inf
83	1	42	2	48	48	3	inf
83	1	42	14	48	48	3	71
83	1	42	26	48	48	3	inf
83	1	42	38	48	48	3	inf
83	1	43	9	48	48	3	inf
83	1	43	21	48	48	3	inf
83	1	43	33	48	48	3	inf
83	1	43	45	48	48	3	71
83	1	44	4	48	48	3	inf
83	1	44	16	48	48	3	inf
83	1	44	28	48	48	3	71
83	1	44	40	48	48	3	inf
83	1	45	11	48	48	3	71
83	1	45	23	48	48	3	inf
83	1	45	35	48	48	3	inf
83	1	45	47	48	48	3	inf
83	1	46	6	48	48	3	inf
83	1	46	18	48	48	3	inf
83	1	46	30	48	48	3	inf
83	1	46	42	48	48	3	71
83	1	47	1	48	48	3	inf
83	1	47	13	48	48	3	inf
83	1	47	25	48	48	3	71
83	1	47	37	48	48	3	inf
83	2	0	8	48	48	3	inf
83	2	0	20	48	48	3	inf
83	2	0	32	48	48	3	71
83	2	0	44	48	48	3	inf
83	2	1	3	48	48	3	inf
83	2	1	15	48	48	3	71
83	2	1	27	48	48	3	inf
83	2	1	39	48	48	3	inf
83	2	2	10	48	48	3	inf
83	2	2	22	48	48	3	inf
83	2	2	34	48	48	3	inf
83	2	2	46	48	48	3	71
83	2	3	5	48	48	3	inf
83	2	3	17	48	48	3	inf
83	2	3	29	48	48	3	71
83	2	3	41	48	48	3	inf
83	2	4	0	48	48	3	inf
83	2	4	12	48	48	3	71
83	2	4	24	48	48	3	inf
83	2	4	36	48	48	3	inf
83	2	5	7	48	48	3	inf
83	2	5	19	48	48	3	inf
83	2	5	31	48	48	3	inf
83	2	5	43	48	48	3	71
83	2	6	2	48	48	3	inf
83	2	6	14	48	48	3	inf
83	2	6	26	48	48	3	71
83	2	6	38	48	48	3	inf
83	2	7	9	48	48	3	71
83	2	7	21	48	48	3	inf
83	2	7	33	48	48	3	inf
83	2	7	45	48	48	3	inf
83	2	8	4	48	48	3	inf
83	2	8	16	48	48	3	inf
83	2	8	28	48	48	3	inf
83	2	8	40	48	48	3	71
83	2	9	11	48	48	3	inf
83	2	9	23	48	48	3	71
83	2	9	35	48	48	3	inf
83	2	9	47	48	48	3	inf
83	2	10	6	48	48	3	71
83	2	10	18	48	48	3	inf
83	2	10	30	48	48	3	inf
83	2	10	42	48	48	3	inf
83	2	11	1	48	48	3	inf
83	2	11	13	48	48	3	inf
83	2	11	25	48	48	3	inf
83	2	11	37	48	48	3	71
83	2	12	8	48	48	3	inf
83	2	12	20	48	48	3	71
83	2	12	32	48	48	3	inf
83	2	12	44	48	48	3	inf
83	2	13	3	48	48	3	71
83	2	13	15	48	48	3	inf
83	2	13	27	48	48	3	inf
83	2	13	39	48	48	3	inf
83	2	14	10	48	48	3	inf
83	2	14	22	48	48	3	inf
83	2	14	34	48	48	3	71
83	2	14	46	48	48	3	inf
83	2	15	5	48	48	3	inf
83	2	15	17	48	48	3	71
83	2	15	29	48	48	3	inf
83	2	15	41	48	48	3	inf
83	2	16	0	48	48	3	71
83	2	16	12	48	48	3	inf
83	2	16	24	48	48	3	inf
83	2	16	36	48	48	3	inf
83	2	17	7	48	48	3	inf
83	2	17	19	48	48	3	inf
83	2	17	31	48	48	3	71
83	2	17	43	48	48	3	inf
83	2	18	2	48	48	3	inf
83	2	18	14	48	48	3	71
83	2	18	26	48	48	3	inf
83	2	18	38	48	48	3	inf
83	2	19	9	48	48	3	inf
83	2	19	21	48	48	3	inf
83	2	19	33	48	48	3	inf
83	2	19	45	48	48	3	71
83	2	20	4	48	48	3	inf
83	2	20	16	48	48	3	inf
83	2	20	28	48	48	3	71
83	2	20	40	48	48	3	inf
83	2	21	11	48	48	3	71
83	2	21	23	48	48	3	inf
83	2	21	35	48	48	3	inf
83	2	21	47	48	48	3	inf
83	2	22	6	48	48	3	inf
83	2	22	18	48	48	3	inf
83	2	22	30	48	48	3	inf
83	2	22	42	48	48	3	71
83	2	23	1	48	48	3	inf
83	2	23	13	48	48	3	inf
83	2	23	25	48	48	3	71
83	2	23	37	48	48	3	inf
83	2	24	8	48	48	3	71
83	2	24	20	48	48	3	inf
83	2	24	32	48	48	3	inf
83	2	24	44	48	48	3	inf
83	2	25	3	48	48	3	inf
83	2	25	15	48	48	3	inf
83	2	25	27	48	48	3	inf
83	2	25	39	48	48	3	71
83	2	26	10	48	48	3	inf
83	2	26	22	48	48	3	71
83	2	26	34	48	48	3	inf
83	2	26	46	48	48	3	inf
83	2	27	5	48	48	3	71
83	2	27	17	48	48	3	inf
83	2	27	29	48	48	3	inf
83	2	27	41	48	48	3	inf
83	2	28	0	48	48	3	inf
83	2	28	12	48	48	3	inf
83	2	28	24	48	48	3	inf
83	2	28	36	48	48	3	71
83	2	29	7	48	48	3	inf
83	2	29	19	48	48	3	71
83	2	29	31	48	48	3	inf
83	2	29	43	48	48	3	inf
83	2	30	2	48	48	3	71
83	2	30	14	48	48	3	inf
83	2	30	26	48	48	3	inf
83	2	30	38	48	48	3	inf
83	2	31	9	48	48	3	inf
83	2	31	21	48	48	3	inf
83	2	31	33	48	48	3	71
83	2	31	45	48	48	3	inf
83	2	32	4	48	48	3	inf
83	2	32	16	48	48	3	71
83	2	32	28	48	48	3	inf
83	2	32	40	48	48	3	inf
83	2	33	11	48	48	3	inf
83	2	33	23	48	48	3	inf
83	2	33	35	48	48	3	inf
83	2	33	47	48	48	3	71
83	2	34	6	48	48	3	inf
83	2	34	18	48	48	3	inf
83	2	34	30	48	48	3	71
83	2	34	42	48	48	3	inf
83	2	35	1	48	48	3	inf
83	2	35	13	48	48	3	71
83	2	35	25	48	48	3	inf
83	2	35	37	48	48	3	inf
83	2	36	8	48	48	3	inf
83	2	36	20	48	48	3	inf
83	2	36	32	48	48	3	inf
83	2	36	44	48	48	3	71
83	2	37	3	48	48	3	inf
83	2	37	15	48	48	3	inf
83	2	37	27	48	48	3	71
83	2	37	39	48	48	3	inf
83	2	38	10	48	48	3	71
83	2	38	22	48	48	3	inf
83	2	38	34	48	48	3	inf
83	2	38	46	48	48	3	inf
83	2	39	5	48	48	3	inf
83	2	39	17	48	48	3	inf
83	2	39	29	48	48	3	inf
83	2	39	41	48	48	3	71
83	2	40	0	48	48	3	inf
83	2	40	12	48	48	3	inf
83	2	40	24	48	48	3	71
83	2	40	36	48	48	3	inf
83	2	41	7	48	48	3	71
83	2	41	19	48	48	3	inf
83	2	41	31	48	48	3	inf
83	2	41	43	48	48	3	inf
83	2	42	2	48	48	3	inf
83	2	42	14	48	48	3	inf
83	2	42	26	48	48	3	inf
83	2	42	38	48	48	3	71
83	2	43	9	48	48	3	inf
83	2	43	21	48	48	3	71
83	2	43	33	48	48	3	inf
83	2	43	45	48	48	3	inf
83	2	44	4	48	48	3	71
83	2	44	16	48	48	3	inf
83	2	44	28	48	48	3	inf
83	2	44	40	48	48	3	inf
83	2	45	11	48	48	3	inf
83	2	45	23	48	48	3	inf
83	2	45	35	48	48	3	71
83	2	45	47	48	48	3	inf
83	2	46	6	48	48	3	inf
83	2	46	18	48	48	3	71
83	2	46	30	48	48	3	inf
83	2	46	42	48	48	3	inf
83	2	47	1	48	48	3	71
83	2	47	13	48	48	3	inf
83	2	47	25	48	48	3	inf
83	2	47	37	48	48	3	inf
89	1	0	2	42	42	2	73
89	1	0	5	42	42	3	23
89	1	0	11	42	42	3	19
89	1	0	17	42	42	3	23
89	1	0	20	42	42	3	inf
89	1	0	23	42	42	2	16
89	1	0	26	42	42	3	66
89	1	0	32	42	42	3	70
89	1	0	38	42	42	3	66
89	1	0	41	42	42	2	16
89	1	1	0	42	42	2	16
89	1	1	3	42	42	3	66
89	1	1	9	42	42	3	70
89	1	1	15	42	42	3	66
89	1	1	18	42	42	2	16
89	1	1	21	42	42	2	73
89	1	1	24	42	42	3	23
89	1	1	30	42	42	3	19
89	1	1	36	42	42	3	23
89	1	1	39	42	42	3	inf
89	1	2	1	42	42	3	23
89	1	2	7	42	42	3	19
89	1	2	13	42	42	3	23
89	1	2	16	42	42	3	inf
89	1	2	19	42	42	2	16
89	1	2	22	42	42	3	66
89	1	2	28	42	42	3	70
89	1	2	34	42	42	3	66
89	1	2	37	42	42	2	16
89	1	2	40	42	42	2	73
89	1	3	5	42	42	3	70
89	1	3	11	42	42	3	66
89	1	3	14	42	42	2	16
89	1	3	17	42	42	2	73
89	1	3	20	42	42	3	23
89	1	3	26	42	42	3	19
89	1	3	32	42	42	3	23
89	1	3	35	42	42	3	inf
89	1	3	38	42	42	2	16
89	1	3	41	42	42	3	66
89	1	4	3	42	42	3	19
89	1	4	9	42	42	3	23
89	1	4	12	42	42	3	inf
89	1	4	15	42	42	2	16
89	1	4	18	42	42	3	66
89	1	4	24	42	42	3	70
89	1	4	30	42	42	3	66
89	1	4	33	42	42	2	16
89	1	4	36	42	42	2	73
89	1	4	39	42	42	3	23
89	1	5	1	42	42	3	70
89	1	5	7	42	42	3	66
89	1	5	10	42	42	2	16
89	1	5	13	42	42	2	73
89	1	5	16	42	42	3	23
89	1	5	22	42	42	3	19
89	1	5	28	42	42	3	23
89	1	5	31	42	42	3	inf
89	1	5	34	42	42	2	16
89	1	5	37	42	42	3	66
89	1	6	5	42	42	3	23
89	1	6	8	42	42	3	inf
89	1	6	11	42	42	2	16
89	1	6	14	42	42	3	66
89	1	6	20	42	42	3	70
89	1	6	26	42	42	3	66
89	1	6	29	42	42	2	16
89	1	6	32	42	42	2	73
89	1	6	35	42	42	3	23
89	1	6	41	42	42	3	19
89	1	7	3	42	42	3	66
89	1	7	6	42	42	2	16
89	1	7	9	42	42	2	73
89	1	7	12	42	42	3	23
89	1	7	18	42	42	3	19
89	1	7	24	42	42	3	23
89	1	7	27	42	42	3	inf
89	1	7	30	42	42	2	16
89	1	7	33	42	42	3	66
89	1	7	39	42	42	3	70
89	1	8	1	42	42	3	23
89	1	8	4	42	42	3	inf
89	1	8	7	42	42	2	16
89	1	8	10	42	42	3	66
89	1	8	16	42	42	3	70
89	1	8	22	42	42	3	66
89	1	8	25	42	42	2	16
89	1	8	28	42	42	2	73
89	1	8	31	42	42	3	23
89	1	8	37	42	42	3	19
89	1	9	2	42	42	2	16
89	1	9	5	42	42	2	73
89	1	9	8	42	42	3	23
89	1	9	14	42	42	3	19
89	1	9	20	42	42	3	23
89	1	9	23	42	42	3	inf
89	1	9	26	42	42	2	16
89	1	9	29	42	42	3	66
89	1	9	35	42	42	3	70
89	1	9	41	42	42	3	66
89	1	10	0	42	42	3	inf
89	1	10	3	42	42	2	16
89	1	10	6	42	42	3	66
89	1	10	12	42	42	3	70
89	1	10	18	42	42	3	66
89	1	10	21	42	42	2	16
89	1	10	24	42	42	2	73
89	1	10	27	42	42	3	23
89	1	10	33	42	42	3	19
89	1	10	39	42	42	3	23
89	1	11	1	42	42	2	73
89	1	11	4	42	42	3	23
89	1	11	10	42	42	3	19
89	1	11	16	42	42	3	23
89	1	11	19	42	42	3	inf
89	1	11	22	42	42	2	16
89	1	11	25	42	42	3	66
89	1	11	31	42	42	3	70
89	1	11	37	42	42	3	66
89	1	11	40	42	42	2	16
89	1	12	2	42	42	3	66
89	1	12	8	42	42	3	70
89	1	12	14	42	42	3	66
89	1	12	17	42	42	2	16
89	1	12	20	42	42	2	73
89	1	12	23	42	42	3	23
89	1	12	29	42	42	3	19
89	1	12	35	42	42	3	23
89	1	12	38	42	42	3	inf
89	1	12	41	42	42	2	16
89	1	13	0	42	42	3	23
89	1	13	6	42	42	3	19
89	1	13	12	42	42	3	23
89	1	13	15	42	42	3	inf
89	1	13	18	42	42	2	16
89	1	13	21	42	42	3	66
89	1	13	27	42	42	3	70
89	1	13	33	42	42	3	66
89	1	13	36	42	42	2	16
89	1	13	39	42	42	2	73
89	1	14	4	42	42	3	70
89	1	14	10	42	42	3	66
89	1	14	13	42	42	2	16
89	1	14	16	42	42	2	73
89	1	14	19	42	42	3	23
89	1	14	25	42	42	3	19
89	1	14	31	42	42	3	23
89	1	14	34	42	42	3	inf
89	1	14	37	42	42	2	16
89	1	14	40	42	42	3	66
89	1	15	2	42	42	3	19
89	1	15	8	42	42	3	23
89	1	15	11	42	42	3	inf
89	1	15	14	42	42	2	16
89	1	15	17	42	42	3	66
89	1	15	23	42	42	3	70
89	1	15	29	42	42	3	66
89	1	15	32	42	42	2	16
89	1	15	35	42	42	2	73
89	1	15	38	42	42	3	23
89	1	16	0	42	42	3	70
89	1	16	6	42	42	3	66
89	1	16	9	42	42	2	16
89	1	16	12	42	42	2	73
89	1	16	15	42	42	3	23
89	1	16	21	42	42	3	19
89	1	16	27	42	42	3	23
89	1	16	30	42	42	3	inf
89	1	16	33	42	42	2	16
89	1	16	36	42	42	3	66
89	1	17	4	42	42	3	23
89	1	17	7	42	42	3	inf
89	1	17	10	42	42	2	16
89	1	17	13	42	42	3	66
89	1	17	19	42	42	3	70
89	1	17	25	42	42	3	66
89	1	17	28	42	42	2	16
89	1	17	31	42	42	2	73
89	1	17	34	42	42	3	23
89	1	17	40	42	42	3	19
89	1	18	2	42	42	3	66
89	1	18	5	42	42	2	16
89	1	18	8	42	42	2	73
89	1	18	11	42	42	3	23
89	1	18	17	42	42	3	19
89	1	18	23	42	42	3	23
89	1	18	26	42	42	3	inf
89	1	18	29	42	42	2	16
89	1	18	32	42	42	3	66
89	1	18	38	42	42	3	70
89	1	19	0	42	42	3	23
89	1	19	3	42	42	3	inf
89	1	19	6	42	42	2	16
89	1	19	9	42	42	3	66
89	1	19	15	42	42	3	70
89	1	19	21	42	42	3	66
89	1	19	24	42	42	2	16
89	1	19	27	42	42	2	73
89	1	19	30	42	42	3	23
89	1	19	36	42	42	3	19
89	1	20	1	42	42	2	16
89	1	20	4	42	42	2	73
89	1	20	7	42	42	3	23
89	1	20	13	42	42	3	19
89	1	20	19	42	42	3	23
89	1	20	22	42	42	3	inf
89	1	20	25	42	42	2	16
89	1	20	28	42	42	3	66
89	1	20	34	42	42	3	70
89	1	20	40	42	42	3	66
89	1	21	2	42	42	2	16
89	1	21	5	42	42	3	66
89	1	21	11	42	42	3	70
89	1	21	17	42	42	3	66
89	1	21	20	42	42	2	16
89	1	21	23	42	42	2	73
89	1	21	26	42	42	3	23
89	1	21	32	42	42	3	19
89	1	21	38	42	42	3	23
89	1	21	41	42	42	3	inf
89	1	22	0	42	42	2	73
89	1	22	3	42	42	3	23
89	1	22	9	42	42	3	19
89	1	22	15	42	42	3	23
89	1	22	18	42	42	3	inf
89	1	22	21	42	42	2	16
89	1	22	24	42	42	3	66
89	1	22	30	42	42	3	70
89	1	22	36	42	42	3	66
89	1	22	39	42	42	2	16
89	1	23	1	42	42	3	66
89	1	23	7	42	42	3	70
89	1	23	13	42	42	3	66
89	1	23	16	42	42	2	16
89	1	23	19	42	42	2	73
89	1	23	22	42	42	3	23
89	1	23	28	42	42	3	19
89	1	23	34	42	42	3	23
89	1	23	37	42	42	3	inf
89	1	23	40	42	42	2	16
89	1	24	5	42	42	3	19
89	1	24	11	42	42	3	23
89	1	24	14	42	42	3	inf
89	1	24	17	42	42	2	16
89	1	24	20	42	42	3	66
89	1	24	26	42	42	3	70
89	1	24	32	42	42	3	66
89	1	24	35	42	42	2	16
89	1	24	38	42	42	2	73
89	1	24	41	42	42	3	23
89	1	25	3	42	42	3	70
89	1	25	9	42	42	3	66
89	1	25	12	42	42	2	16
89	1	25	15	42	42	2	73
89	1	25	18	42	42	3	23
89	1	25	24	42	42	3	19
89	1	25	30	42	42	3	23
89	1	25	33	42	42	3	inf
89	1	25	36	42	42	2	16
89	1	25	39	42	42	3	66
89	1	26	1	42	42	3	19
89	1	26	7	42	42	3	23
89	1	26	10	42	42	3	inf
89	1	26	13	42	42	2	16
89	1	26	16	42	42	3	66
89	1	26	22	42	42	3	70
89	1	26	28	42	42	3	66
89	1	26	31	42	42	2	16
89	1	26	34	42	42	2	73
89	1	26	37	42	42	3	23
89	1	27	5	42	42	3	66
89	1	27	8	42	42	2	16
89	1	27	11	42	42	2	73
89	1	27	14	42	42	3	23
89	1	27	20	42	42	3	19
89	1	27	26	42	42	3	23
89	1	27	29	42	42	3	inf
89	1	27	32	42	42	2	16
89	1	27	35	42	42	3	66
89	1	27	41	42	42	3	70
89	1	28	3	42	42	3	23
89	1	28	6	42	42	3	inf
89	1	28	9	42	42	2	16
89	1	28	12	42	42	3	66
89	1	28	18	42	42	3	70
89	1	28	24	42	42	3	66
89	1	28	27	42	42	2	16
89	1	28	30	42	42	2	73
89	1	28	33	42	42	3	23
89	1	28	39	42	42	3	19
89	1	29	1	42	42	3	66
89	1	29	4	42	42	2	16
89	1	29	7	42	42	2	73
89	1	29	10	42	42	3	23
89	1	29	16	42	42	3	19
89	1	29	22	42	42	3	23
89	1	29	25	42	42	3	inf
89	1	29	28	42	42	2	16
89	1	29	31	42	42	3	66
89	1	29	37	42	42	3	70
89	1	30	2	42	42	3	inf
89	1	30	5	42	42	2	16
89	1	30	8	42	42	3	66
89	1	30	14	42	42	3	70
89	1	30	20	42	42	3	66
89	1	30	23	42	42	2	16
89	1	30	26	42	42	2	73
89	1	30	29	42	42	3	23
89	1	30	35	42	42	3	19
89	1	30	41	42	42	3	23
89	1	31	0	42	42	2	16
89	1	31	3	42	42	2	73
89	1	31	6	42	42	3	23
89	1	31	12	42	42	3	19
89	1	31	18	42	42	3	23
89	1	31	21	42	42	3	inf
89	1	31	24	42	42	2	16
89	1	31	27	42	42	3	66
89	1	31	33	42	42	3	70
89	1	31	39	42	42	3	66
89	1	32	1	42	42	2	16
89	1	32	4	42	42	3	66
89	1	32	10	42	42	3	70
89	1	32	16	42	42	3	66
89	1	32	19	42	42	2	16
89	1	32	22	42	42	2	73
89	1	32	25	42	42	3	23
89	1	32	31	42	42	3	19
89	1	32	37	42	42	3	23
89	1	32	40	42	42	3	inf
89	1	33	2	42	42	3	23
89	1	33	8	42	42	3	19
89	1	33	14	42	42	3	23
89	1	33	17	42	42	3	inf
89	1	33	20	42	42	2	16
89	1	33	23	42	42	3	66
89	1	33	29	42	42	3	70
89	1	33	35	42	42	3	66
89	1	33	38	42	42	2	16
89	1	33	41	42	42	2	73
89	1	34	0	42	42	3	66
89	1	34	6	42	42	3	70
89	1	34	12	42	42	3	66
89	1	34	15	42	42	2	16
89	1	34	18	42	42	2	73
89	1	34	21	42	42	3	23
89	1	34	27	42	42	3	19
89	1	34	33	42	42	3	23
89	1	34	36	42	42	3	inf
89	1	34	39	42	42	2	16
89	1	35	4	42	42	3	19
89	1	35	10	42	42	3	23
89	1	35	13	42	42	3	inf
89	1	35	16	42	42	2	16
89	1	35	19	42	42	3	66
89	1	35	25	42	42	3	70
89	1	35	31	42	42	3	66
89	1	35	34	42	42	2	16
89	1	35	37	42	42	2	73
89	1	35	40	42	42	3	23
89	1	36	2	42	42	3	70
89	1	36	8	42	42	3	66
89	1	36	11	42	42	2	16
89	1	36	14	42	42	2	73
89	1	36	17	42	42	3	23
89	1	36	23	42	42	3	19
89	1	36	29	42	42	3	23
89	1	36	32	42	42	3	inf
89	1	36	35	42	42	2	16
89	1	36	38	42	42	3	66
89	1	37	0	42	42	3	19
89	1	37	6	42	42	3	23
89	1	37	9	42	42	3	inf
89	1	37	12	42	42	2	16
89	1	37	15	42	42	3	66
89	1	37	21	42	42	3	70
89	1	37	27	42	42	3	66
89	1	37	30	42	42	2	16
89	1	37	33	42	42	2	73
89	1	37	36	42	42	3	23
89	1	38	4	42	42	3	66
89	1	38	7	42	42	2	16
89	1	38	10	42	42	2	73
89	1	38	13	42	42	3	23
89	1	38	19	42	42	3	19
89	1	38	25	42	42	3	23
89	1	38	28	42	42	3	inf
89	1	38	31	42	42	2	16
89	1	38	34	42	42	3	66
89	1	38	40	42	42	3	70
89	1	39	2	42	42	3	23
89	1	39	5	42	42	3	inf
89	1	39	8	42	42	2	16
89	1	39	11	42	42	3	66
89	1	39	17	42	42	3	70
89	1	39	23	42	42	3	66
89	1	39	26	42	42	2	16
89	1	39	29	42	42	2	73
89	1	39	32	42	42	3	23
89	1	39	38	42	42	3	19
89	1	40	0	42	42	3	66
89	1	40	3	42	42	2	16
89	1	40	6	42	42	2	73
89	1	40	9	42	42	3	23
89	1	40	15	42	42	3	19
89	1	40	21	42	42	3	23
89	1	40	24	42	42	3	inf
89	1	40	27	42	42	2	16
89	1	40	30	42	42	3	66
89	1	40	36	42	42	3	70
89	1	41	1	42	42	3	inf
89	1	41	4	42	42	2	16
89	1	41	7	42	42	3	66
89	1	41	13	42	42	3	70
89	1	41	19	42	42	3	66
89	1	41	22	42	42	2	16
89	1	41	25	42	42	2	73
89	1	41	28	42	42	3	23
89	1	41	34	42	42	3	19
89	1	41	40	42	42	3	23
89	2	0	2	42	42	2	16
89	2	0	5	42	42	3	66
89	2	0	11	42	42	3	70
89	2	0	17	42	42	3	66
89	2	0	20	42	42	2	16
89	2	0	23	42	42	2	73
89	2	0	26	42	42	3	23
89	2	0	32	42	42	3	19
89	2	0	38	42	42	3	23
89	2	0	41	42	42	3	inf
89	2	1	0	42	42	2	73
89	2	1	3	42	42	3	23
89	2	1	9	42	42	3	19
89	2	1	15	42	42	3	23
89	2	1	18	42	42	3	inf
89	2	1	21	42	42	2	16
89	2	1	24	42	42	3	66
89	2	1	30	42	42	3	70
89	2	1	36	42	42	3	66
89	2	1	39	42	42	2	16
89	2	2	1	42	42	3	66
89	2	2	7	42	42	3	70
89	2	2	13	42	42	3	66
89	2	2	16	42	42	2	16
89	2	2	19	42	42	2	73
89	2	2	22	42	42	3	23
89	2	2	28	42	42	3	19
89	2	2	34	42	42	3	23
89	2	2	37	42	42	3	inf
89	2	2	40	42	42	2	16
89	2	3	5	42	42	3	19
89	2	3	11	42	42	3	23
89	2	3	14	42	42	3	inf
89	2	3	17	42	42	2	16
89	2	3	20	42	42	3	66
89	2	3	26	42	42	3	70
89	2	3	32	42	42	3	66
89	2	3	35	42	42	2	16
89	2	3	38	42	42	2	73
89	2	3	41	42	42	3	23
89	2	4	3	42	42	3	70
89	2	4	9	42	42	3	66
89	2	4	12	42	42	2	16
89	2	4	15	42	42	2	73
89	2	4	18	42	42	3	23
89	2	4	24	42	42	3	19
89	2	4	30	42	42	3	23
89	2	4	33	42	42	3	inf
89	2	4	36	42	42	2	16
89	2	4	39	42	42	3	66
89	2	5	1	42	42	3	19
89	2	5	7	42	42	3	23
89	2	5	10	42	42	3	inf
89	2	5	13	42	42	2	16
89	2	5	16	42	42	3	66
89	2	5	22	42	42	3	70
89	2	5	28	42	42	3	66
89	2	5	31	42	42	2	16
89	2	5	34	42	42	2	73
89	2	5	37	42	42	3	23
89	2	6	5	42	42	3	66
89	2	6	8	42	42	2	16
89	2	6	11	42	42	2	73
89	2	6	14	42	42	3	23
89	2	6	20	42	42	3	19
89	2	6	26	42	42	3	23
89	2	6	29	42	42	3	inf
89	2	6	32	42	42	2	16
89	2	6	35	42	42	3	66
89	2	6	41	42	42	3	70
89	2	7	3	42	42	3	23
89	2	7	6	42	42	3	inf
89	2	7	9	42	42	2	16
89	2	7	12	42	42	3	66
89	2	7	18	42	42	3	70
89	2	7	24	42	42	3	66
89	2	7	27	42	42	2	16
89	2	7	30	42	42	2	73
89	2	7	33	42	42	3	23
89	2	7	39	42	42	3	19
89	2	8	1	42	42	3	66
89	2	8	4	42	42	2	16
89	2	8	7	42	42	2	73
89	2	8	10	42	42	3	23
89	2	8	16	42	42	3	19
89	2	8	22	42	42	3	23
89	2	8	25	42	42	3	inf
89	2	8	28	42	42	2	16
89	2	8	31	42	42	3	66
89	2	8	37	42	42	3	70
89	2	9	2	42	42	3	inf
89	2	9	5	42	42	2	16
89	2	9	8	42	42	3	66
89	2	9	14	42	42	3	70
89	2	9	20	42	42	3	66
89	2	9	23	42	42	2	16
89	2	9	26	42	42	2	73
89	2	9	29	42	42	3	23
89	2	9	35	42	42	3	19
89	2	9	41	42	42	3	23
89	2	10	0	42	42	2	16
89	2	10	3	42	42	2	73
89	2	10	6	42	42	3	23
89	2	10	12	42	42	3	19
89	2	10	18	42	42	3	23
89	2	10	21	42	42	3	inf
89	2	10	24	42	42	2	16
89	2	10	27	42	42	3	66
89	2	10	33	42	42	3	70
89	2	10	39	42	42	3	66
89	2	11	1	42	42	2	16
89	2	11	4	42	42	3	66
89	2	11	10	42	42	3	70
89	2	11	16	42	42	3	66
89	2	11	19	42	42	2	16
89	2	11	22	42	42	2	73
89	2	11	25	42	42	3	23
89	2	11	31	42	42	3	19
89	2	11	37	42	42	3	23
89	2	11	40	42	42	3	inf
89	2	12	2	42	42	3	23
89	2	12	8	42	42	3	19
89	2	12	14	42	42	3	23
89	2	12	17	42	42	3	inf
89	2	12	20	42	42	2	16
89	2	12	23	42	42	3	66
89	2	12	29	42	42	3	70
89	2	12	35	42	42	3	66
89	2	12	38	42	42	2	16
89	2	12	41	42	42	2	73
89	2	13	0	42	42	3	66
89	2	13	6	42	42	3	70
89	2	13	12	42	42	3	66
89	2	13	15	42	42	2	16
89	2	13	18	42	42	2	73
89	2	13	21	42	42	3	23
89	2	13	27	42	42	3	19
89	2	13	33	42	42	3	23
89	2	13	36	42	42	3	inf
89	2	13	39	42	42	2	16
89	2	14	4	42	42	3	19
89	2	14	10	42	42	3	23
89	2	14	13	42	42	3	inf
89	2	14	16	42	42	2	16
89	2	14	19	42	42	3	66
89	2	14	25	42	42	3	70
89	2	14	31	42	42	3	66
89	2	14	34	42	42	2	16
89	2	14	37	42	42	2	73
89	2	14	40	42	42	3	23
89	2	15	2	42	42	3	70
89	2	15	8	42	42	3	66
89	2	15	11	42	42	2	16
89	2	15	14	42	42	2	73
89	2	15	17	42	42	3	23
89	2	15	23	42	42	3	19
89	2	15	29	42	42	3	23
89	2	15	32	42	42	3	inf
89	2	15	35	42	42	2	16
89	2	15	38	42	42	3	66
89	2	16	0	42	42	3	19
89	2	16	6	42	42	3	23
89	2	16	9	42	42	3	inf
89	2	16	12	42	42	2	16
89	2	16	15	42	42	3	66
89	2	16	21	42	42	3	70
89	2	16	27	42	42	3	66
89	2	16	30	42	42	2	16
89	2	16	33	42	42	2	73
89	2	16	36	42	42	3	23
89	2	17	4	42	42	3	66
89	2	17	7	42	42	2	16
89	2	17	10	42	42	2	73
89	2	17	13	42	42	3	23
89	2	17	19	42	42	3	19
89	2	17	25	42	42	3	23
89	2	17	28	42	42	3	inf
89	2	17	31	42	42	2	16
89	2	17	34	42	42	3	66
89	2	17	40	42	42	3	70
89	2	18	2	42	42	3	23
89	2	18	5	42	42	3	inf
89	2	18	8	42	42	2	16
89	2	18	11	42	42	3	66
89	2	18	17	42	42	3	70
89	2	18	23	42	42	3	66
89	2	18	26	42	42	2	16
89	2	18	29	42	42	2	73
89	2	18	32	42	42	3	23
89	2	18	38	42	42	3	19
89	2	19	0	42	42	3	66
89	2	19	3	42	42	2	16
89	2	19	6	42	42	2	73
89	2	19	9	42	42	3	23
89	2	19	15	42	42	3	19
89	2	19	21	42	42	3	23
89	2	19	24	42	42	3	inf
89	2	19	27	42	42	2	16
89	2	19	30	42	42	3	66
89	2	19	36	42	42	3	70
89	2	20	1	42	42	3	inf
89	2	20	4	42	42	2	16
89	2	20	7	42	42	3	66
89	2	20	13	42	42	3	70
89	2	20	19	42	42	3	66
89	2	20	22	42	42	2	16
89	2	20	25	42	42	2	73
89	2	20	28	42	42	3	23
89	2	20	34	42	42	3	19
89	2	20	40	42	42	3	23
89	2	21	2	42	42	2	73
89	2	21	5	42	42	3	23
89	2	21	11	42	42	3	19
89	2	21	17	42	42	3	23
89	2	21	20	42	42	3	inf
89	2	21	23	42	42	2	16
89	2	21	26	42	42	3	66
89	2	21	32	42	42	3	70
89	2	21	38	42	42	3	66
89	2	21	41	42	42	2	16
89	2	22	0	42	42	2	16
89	2	22	3	42	42	3	66
89	2	22	9	42	42	3	70
89	2	22	15	42	42	3	66
89	2	22	18	42	42	2	16
89	2	22	21	42	42	2	73
89	2	22	24	42	42	3	23
89	2	22	30	42	42	3	19
89	2	22	36	42	42	3	23
89	2	22	39	42	42	3	inf
89	2	23	1	42	42	3	23
89	2	23	7	42	42	3	19
89	2	23	13	42	42	3	23
89	2	23	16	42	42	3	inf
89	2	23	19	42	42	2	16
89	2	23	22	42	42	3	66
89	2	23	28	42	42	3	70
89	2	23	34	42	42	3	66
89	2	23	37	42	42	2	16
89	2	23	40	42	42	2	73
89	2	24	5	42	42	3	70
89	2	24	11	42	42	3	66
89	2	24	14	42	42	2	16
89	2	24	17	42	42	2	73
89	2	24	20	42	42	3	23
89	2	24	26	42	42	3	19
89	2	24	32	42	42	3	23
89	2	24	35	42	42	3	inf
89	2	24	38	42	42	2	16
89	2	24	41	42	42	3	66
89	2	25	3	42	42	3	19
89	2	25	9	42	42	3	23
89	2	25	12	42	42	3	inf
89	2	25	15	42	42	2	16
89	2	25	18	42	42	3	66
89	2	25	24	42	42	3	70
89	2	25	30	42	42	3	66
89	2	25	33	42	42	2	16
89	2	25	36	42	42	2	73
89	2	25	39	42	42	3	23
89	2	26	1	42	42	3	70
89	2	26	7	42	42	3	66
89	2	26	10	42	42	2	16
89	2	26	13	42	42	2	73
89	2	26	16	42	42	3	23
89	2	26	22	42	42	3	19
89	2	26	28	42	42	3	23
89	2	26	31	42	42	3	inf
89	2	26	34	42	42	2	16
89	2	26	37	42	42	3	66
89	2	27	5	42	42	3	23
89	2	27	8	42	42	3	inf
89	2	27	11	42	42	2	16
89	2	27	14	42	42	3	66
89	2	27	20	42	42	3	70
89	2	27	26	42	42	3	66
89	2	27	29	42	42	2	16
89	2	27	32	42	42	2	73
89	2	27	35	42	42	3	23
89	2	27	41	42	42	3	19
89	2	28	3	42	42	3	66
89	2	28	6	42	42	2	16
89	2	28	9	42	42	2	73
89	2	28	12	42	42	3	23
89	2	28	18	42	42	3	19
89	2	28	24	42	42	3	23
89	2	28	27	42	42	3	inf
89	2	28	30	42	42	2	16
89	2	28	33	42	42	3	66
89	2	28	39	42	42	3	70
89	2	29	1	42	42	3	23
89	2	29	4	42	42	3	inf
89	2	29	7	42	42	2	16
89	2	29	10	42	42	3	66
89	2	29	16	42	42	3	70
89	2	29	22	42	42	3	66
89	2	29	25	42	42	2	16
89	2	29	28	42	42	2	73
89	2	29	31	42	42	3	23
89	2	29	37	42	42	3	19
89	2	30	2	42	42	2	16
89	2	30	5	42	42	2	73
89	2	30	8	42	42	3	23
89	2	30	14	42	42	3	19
89	2	30	20	42	42	3	23
89	2	30	23	42	42	3	inf
89	2	30	26	42	42	2	16
89	2	30	29	42	42	3	66
89	2	30	35	42	42	3	70
89	2	30	41	42	42	3	66
89	2	31	0	42	42	3	inf
89	2	31	3	42	42	2	16
89	2	31	6	42	42	3	66
89	2	31	12	42	42	3	70
89	2	31	18	42	42	3	66
89	2	31	21	42	42	2	16
89	2	31	24	42	42	2	73
89	2	31	27	42	42	3	23
89	2	31	33	42	42	3	19
89	2	31	39	42	42	3	23
89	2	32	1	42	42	2	73
89	2	32	4	42	42	3	23
89	2	32	10	42	42	3	19
89	2	32	16	42	42	3	23
89	2	32	19	42	42	3	inf
89	2	32	22	42	42	2	16
89	2	32	25	42	42	3	66
89	2	32	31	42	42	3	70
89	2	32	37	42	42	3	66
89	2	32	40	42	42	2	16
89	2	33	2	42	42	3	66
89	2	33	8	42	42	3	70
89	2	33	14	42	42	3	66
89	2	33	17	42	42	2	16
89	2	33	20	42	42	2	73
89	2	33	23	42	42	3	23
89	2	33	29	42	42	3	19
89	2	33	35	42	42	3	23
89	2	33	38	42	42	3	inf
89	2	33	41	42	42	2	16
89	2	34	0	42	42	3	23
89	2	34	6	42	42	3	19
89	2	34	12	42	42	3	23
89	2	34	15	42	42	3	inf
89	2	34	18	42	42	2	16
89	2	34	21	42	42	3	66
89	2	34	27	42	42	3	70
89	2	34	33	42	42	3	66
89	2	34	36	42	42	2	16
89	2	34	39	42	42	2	73
89	2	35	4	42	42	3	70
89	2	35	10	42	42	3	66
89	2	35	13	42	42	2	16
89	2	35	16	42	42	2	73
89	2	35	19	42	42	3	23
89	2	35	25	42	42	3	19
89	2	35	31	42	42	3	23
89	2	35	34	42	42	3	inf
89	2	35	37	42	42	2	16
89	2	35	40	42	42	3	66
89	2	36	2	42	42	3	19
89	2	36	8	42	42	3	23
89	2	36	11	42	42	3	inf
89	2	36	14	42	42	2	16
89	2	36	17	42	42	3	66
89	2	36	23	42	42	3	70
89	2	36	29	42	42	3	66
89	2	36	32	42	42	2	16
89	2	36	35	42	42	2	73
89	2	36	38	42	42	3	23
89	2	37	0	42	42	3	70
89	2	37	6	42	42	3	66
89	2	37	9	42	42	2	16
89	2	37	12	42	42	2	73
89	2	37	15	42	42	3	23
89	2	37	21	42	42	3	19
89	2	37	27	42	42	3	23
89	2	37	30	42	42	3	inf
89	2	37	33	42	42	2	16
89	2	37	36	42	42	3	66
89	2	38	4	42	42	3	23
89	2	38	7	42	42	3	inf
89	2	38	10	42	42	2	16
89	2	38	13	42	42	3	66
89	2	38	19	42	42	3	70
89	2	38	25	42	42	3	66
89	2	38	28	42	42	2	16
89	2	38	31	42	42	2	73
89	2	38	34	42	42	3	23
89	2	38	40	42	42	3	19
89	2	39	2	42	42	3	66
89	2	39	5	42	42	2	16
89	2	39	8	42	42	2	73
89	2	39	11	42	42	3	23
89	2	39	17	42	42	3	19
89	2	39	23	42	42	3	23
89	2	39	26	42	42	3	inf
89	2	39	29	42	42	2	16
89	2	39	32	42	42	3	66
89	2	39	38	42	42	3	70
89	2	40	0	42	42	3	23
89	2	40	3	42	42	3	inf
89	2	40	6	42	42	2	16
89	2	40	9	42	42	3	66
89	2	40	15	42	42	3	70
89	2	40	21	42	42	3	66
89	2	40	24	42	42	2	16
89	2	40	27	42	42	2	73
89	2	40	30	42	42	3	23
89	2	40	36	42	42	3	19
89	2	41	1	42	42	2	16
89	2	41	4	42	42	2	73
89	2	41	7	42	42	3	23
89	2	41	13	42	42	3	19
89	2	41	19	42	42	3	23
89	2	41	22	42	42	3	inf
89	2	41	25	42	42	2	16
89	2	41	28	42	42	3	66
89	2	41	34	42	42	3	70
89	2	41	40	42	42	3	66
97	1	0	1	11	22	2	17
97	1	0	2	11	22	2	17
97	1	0	5	11	22	2	83
97	1	0	19	11	22	3	inf
97	1	0	20	11	22	2	83
97	1	1	1	11	22	2	83
97	1	1	15	11	22	3	inf
97	1	1	16	11	22	2	83
97	1	1	19	11	22	2	17
97	1	1	20	11	22	2	17
97	1	2	11	11	22	3	inf
97	1	2	12	11	22	2	83
97	1	2	15	11	22	2	17
97	1	2	16	11	22	2	17
97	1	2	19	11	22	2	83
97	1	3	7	11	22	3	inf
97	1	3	8	11	22	2	83
97	1	3	11	11	22	2	17
97	1	3	12	11	22	2	17
97	1	3	15	11	22	2	83
97	1	4	3	11	22	3	inf
97	1	4	4	11	22	2	83
97	1	4	7	11	22	2	17
97	1	4	8	11	22	2	17
97	1	4	11	11	22	2	83
97	1	5	0	11	22	2	83
97	1	5	3	11	22	2	17
97	1	5	4	11	22	2	17
97	1	5	7	11	22	2	83
97	1	5	21	11	22	3	inf
97	1	6	0	11	22	2	17
97	1	6	3	11	22	2	83
97	1	6	17	11	22	3	inf
97	1	6	18	11	22	2	83
97	1	6	21	11	22	2	17
97	1	7	13	11	22	3	inf
97	1	7	14	11	22	2	83
97	1	7	17	11	22	2	17
97	1	7	18	11	22	2	17
97	1	7	21	11	22	2	83
97	1	8	9	11	22	3	inf
97	1	8	10	11	22	2	83
97	1	8	13	11	22	2	17
97	1	8	14	11	22	2	17
97	1	8	17	11	22	2	83
97	1	9	5	11	22	3	inf
97	1	9	6	11	22	2	83
97	1	9	9	11	22	2	17
97	1	9	10	11	22	2	17
97	1	9	13	11	22	2	83
97	1	10	1	11	22	3	inf
97	1	10	2	11	22	2	83
97	1	10	5	11	22	2	17
97	1	10	6	11	22	2	17
97	1	10	9	11	22	2	83
97	2	0	1	11	22	2	80
97	2	0	2	11	22	2	80
97	2	0	5	11	22	2	14
97	2	0	20	11	22	2	14
97	2	1	1	11	22	2	14
97	2	1	16	11	22	2	14
97	2	1	19	11	22	2	80
97	2	1	20	11	22	2	80
97	2	2	12	11	22	2	14
97	2	2	15	11	22	2	80
97	2	2	16	11	22	2	80
97	2	2	19	11	22	2	14
97	2	3	8	11	22	2	14
97	2	3	11	11	22	2	80
97	2	3	12	11	22	2	80
97	2	3	15	11	22	2	14
97	2	4	4	11	22	2	14
97	2	4	7	11	22	2	80
97	2	4	8	11	22	2	80
97	2	4	11	11	22	2	14
97	2	5	0	11	22	2	14
97	2	5	3	11	22	2	80
97	2	5	4	11	22	2	80
97	2	5	7	11	22	2	14
97	2	6	0	11	22	2	80
97	2	6	3	11	22	2	14
97	2	6	18	11	22	2	14
97	2	6	21	11	22	2	80
97	2	7	14	11	22	2	14
97	2	7	17	11	22	2	80
97	2	7	18	11	22	2	80
97	2	7	21	11	22	2	14
97	2	8	10	11	22	2	14
97	2	8	13	11	22	2	80
97	2	8	14	11	22	2	80
97	2	8	17	11	22	2	14
97	2	9	6	11	22	2	14
97	2	9	9	11	22	2	80
97	2	9	10	11	22	2	80
97	2	9	13	11	22	2	14
97	2	10	2	11	22	2	14
97	2	10	5	11	22	2	80
97	2	10	6	11	22	2	80
97	2	10	9	11	22	2	14
