prime	torsion_coset	m	n	ord_g1	ord_g2	state	t
13	1	0	1	8	16	3	inf
13	1	0	6	8	16	3	inf
13	1	0	9	8	16	3	inf
13	1	1	3	8	16	3	inf
13	1	1	8	8	16	3	inf
13	1	1	11	8	16	3	inf
13	1	2	5	8	16	3	inf
13	1	2	10	8	16	3	inf
13	1	2	13	8	16	3	inf
13	1	3	7	8	16	3	inf
13	1	3	12	8	16	3	inf
13	1	3	15	8	16	3	inf
13	1	4	1	8	16	3	inf
13	1	4	9	8	16	3	inf
13	1	4	14	8	16	3	inf
13	1	5	0	8	16	3	inf
13	1	5	3	8	16	3	inf
13	1	5	11	8	16	3	inf
13	1	6	2	8	16	3	inf
13	1	6	5	8	16	3	inf
13	1	6	13	8	16	3	inf
13	1	7	4	8	16	3	inf
13	1	7	7	8	16	3	inf
13	1	7	15	8	16	3	inf
13	2	0	1	8	16	3	inf
13	2	0	9	8	16	3	inf
13	2	0	14	8	16	3	inf
13	2	1	0	8	16	3	inf
13	2	1	3	8	16	3	inf
13	2	1	11	8	16	3	inf
13	2	2	2	8	16	3	inf
13	2	2	5	8	16	3	inf
13	2	2	13	8	16	3	inf
13	2	3	4	8	16	3	inf
13	2	3	7	8	16	3	inf
13	2	3	15	8	16	3	inf
13	2	4	1	8	16	3	inf
13	2	4	6	8	16	3	inf
13	2	4	9	8	16	3	inf
13	2	5	3	8	16	3	inf
13	2	5	8	8	16	3	inf
13	2	5	11	8	16	3	inf
13	2	6	5	8	16	3	inf
13	2	6	10	8	16	3	inf
13	2	6	13	8	16	3	inf
13	2	7	7	8	16	3	inf
13	2	7	12	8	16	3	inf
13	2	7	15	8	16	3	inf
11	1	0	2	16	8	3	9
11	1	0	3	16	8	3	2
11	1	0	6	16	8	3	2
11	1	0	7	16	8	3	inf
11	1	2	0	16	8	3	2
11	1	2	3	16	8	3	2
11	1	2	4	16	8	3	inf
11	1	2	7	16	8	3	9
11	1	4	0	16	8	3	2
11	1	4	1	16	8	3	inf
11	1	4	4	16	8	3	9
11	1	4	5	16	8	3	2
11	1	6	1	16	8	3	9
11	1	6	2	16	8	3	2
11	1	6	5	16	8	3	2
11	1	6	6	16	8	3	inf
11	1	8	2	16	8	3	2
11	1	8	3	16	8	3	inf
11	1	8	6	16	8	3	9
11	1	8	7	16	8	3	2
11	1	10	0	16	8	3	inf
11	1	10	3	16	8	3	9
11	1	10	4	16	8	3	2
11	1	10	7	16	8	3	2
11	1	12	0	16	8	3	9
11	1	12	1	16	8	3	2
11	1	12	4	16	8	3	2
11	1	12	5	16	8	3	inf
11	1	14	1	16	8	3	2
11	1	14	2	16	8	3	inf
11	1	14	5	16	8	3	9
11	1	14	6	16	8	3	2
11	2	0	2	16	8	3	2
11	2	0	3	16	8	3	inf
11	2	0	6	16	8	3	9
11	2	0	7	16	8	3	2
11	2	2	0	16	8	3	inf
11	2	2	3	16	8	3	9
11	2	2	4	16	8	3	2
11	2	2	7	16	8	3	2
11	2	4	0	16	8	3	9
11	2	4	1	16	8	3	2
11	2	4	4	16	8	3	2
11	2	4	5	16	8	3	inf
11	2	6	1	16	8	3	2
11	2	6	2	16	8	3	inf
11	2	6	5	16	8	3	9
11	2	6	6	16	8	3	2
11	2	8	2	16	8	3	9
11	2	8	3	16	8	3	2
11	2	8	6	16	8	3	2
11	2	8	7	16	8	3	inf
11	2	10	0	16	8	3	2
11	2	10	3	16	8	3	2
11	2	10	4	16	8	3	inf
11	2	10	7	16	8	3	9
11	2	12	0	16	8	3	2
11	2	12	1	16	8	3	inf
11	2	12	4	16	8	3	9
11	2	12	5	16	8	3	2
11	2	14	1	16	8	3	9
11	2	14	2	16	8	3	2
11	2	14	5	16	8	3	2
11	2	14	6	16	8	3	inf
41	1	0	0	12	6	3	1
41	1	0	1	12	6	3	inf
41	1	0	2	12	6	3	inf
41	1	0	3	12	6	3	inf
41	1	0	4	12	6	3	inf
41	1	0	5	12	6	3	inf
41	1	1	0	12	6	3	inf
41	1	1	1	12	6	3	inf
41	1	1	2	12	6	3	inf
41	1	1	3	12	6	3	inf
41	1	1	4	12	6	3	inf
41	1	1	5	12	6	3	inf
41	1	2	0	12	6	3	inf
41	1	2	1	12	6	3	inf
41	1	2	2	12	6	3	inf
41	1	2	3	12	6	3	inf
41	1	2	4	12	6	3	inf
41	1	2	5	12	6	3	inf
41	1	3	0	12	6	3	inf
41	1	3	1	12	6	3	inf
41	1	3	2	12	6	3	inf
41	1	3	3	12	6	3	inf
41	1	3	4	12	6	3	inf
41	1	3	5	12	6	3	inf
41	1	4	0	12	6	3	inf
41	1	4	1	12	6	3	inf
41	1	4	2	12	6	3	1
41	1	4	3	12	6	3	inf
41	1	4	4	12	6	3	inf
41	1	4	5	12	6	3	inf
41	1	5	0	12	6	3	inf
41	1	5	1	12	6	3	inf
41	1	5	2	12	6	3	inf
41	1	5	3	12	6	3	inf
41	1	5	4	12	6	3	inf
41	1	5	5	12	6	3	inf
41	1	6	0	12	6	3	inf
41	1	6	1	12	6	3	inf
41	1	6	2	12	6	3	inf
41	1	6	3	12	6	3	inf
41	1	6	4	12	6	3	inf
41	1	6	5	12	6	3	inf
41	1	7	0	12	6	3	inf
41	1	7	1	12	6	3	inf
41	1	7	2	12	6	3	inf
41	1	7	3	12	6	3	inf
41	1	7	4	12	6	3	inf
41	1	7	5	12	6	3	inf
41	1	8	0	12	6	3	inf
41	1	8	1	12	6	3	inf
41	1	8	2	12	6	3	inf
41	1	8	3	12	6	3	inf
41	1	8	4	12	6	3	1
41	1	8	5	12	6	3	inf
41	1	9	0	12	6	3	inf
41	1	9	1	12	6	3	inf
41	1	9	2	12	6	3	inf
41	1	9	3	12	6	3	inf
41	1	9	4	12	6	3	inf
41	1	9	5	12	6	3	inf
41	1	10	0	12	6	3	inf
41	1	10	1	12	6	3	inf
41	1	10	2	12	6	3	inf
41	1	10	3	12	6	3	inf
41	1	10	4	12	6	3	inf
41	1	10	5	12	6	3	inf
41	1	11	0	12	6	3	inf
41	1	11	1	12	6	3	inf
41	1	11	2	12	6	3	inf
41	1	11	3	12	6	3	inf
41	1	11	4	12	6	3	inf
41	1	11	5	12	6	3	inf
41	2	0	0	12	6	3	inf
41	2	0	1	12	6	3	inf
41	2	0	2	12	6	3	inf
41	2	0	3	12	6	3	inf
41	2	0	4	12	6	3	inf
41	2	0	5	12	6	3	inf
41	2	1	0	12	6	3	inf
41	2	1	1	12	6	3	inf
41	2	1	2	12	6	3	inf
41	2	1	3	12	6	3	inf
41	2	1	4	12	6	3	inf
41	2	1	5	12	6	3	inf
41	2	2	0	12	6	3	inf
41	2	2	1	12	6	3	inf
41	2	2	2	12	6	3	inf
41	2	2	3	12	6	3	inf
41	2	2	4	12	6	3	1
41	2	2	5	12	6	3	inf
41	2	3	0	12	6	3	inf
41	2	3	1	12	6	3	inf
41	2	3	2	12	6	3	inf
41	2	3	3	12	6	3	inf
41	2	3	4	12	6	3	inf
41	2	3	5	12	6	3	inf
41	2	4	0	12	6	3	inf
41	2	4	1	12	6	3	inf
41	2	4	2	12	6	3	inf
41	2	4	3	12	6	3	inf
41	2	4	4	12	6	3	inf
41	2	4	5	12	6	3	inf
41	2	5	0	12	6	3	inf
41	2	5	1	12	6	3	inf
41	2	5	2	12	6	3	inf
41	2	5	3	12	6	3	inf
41	2	5	4	12	6	3	inf
41	2	5	5	12	6	3	inf
41	2	6	0	12	6	3	1
41	2	6	1	12	6	3	inf
41	2	6	2	12	6	3	inf
41	2	6	3	12	6	3	inf
41	2	6	4	12	6	3	inf
41	2	6	5	12	6	3	inf
41	2	7	0	12	6	3	inf
41	2	7	1	12	6	3	inf
41	2	7	2	12	6	3	inf
41	2	7	3	12	6	3	inf
41	2	7	4	12	6	3	inf
41	2	7	5	12	6	3	inf
41	2	8	0	12	6	3	inf
41	2	8	1	12	6	3	inf
41	2	8	2	12	6	3	inf
41	2	8	3	12	6	3	inf
41	2	8	4	12	6	3	inf
41	2	8	5	12	6	3	inf
41	2	9	0	12	6	3	inf
41	2	9	1	12	6	3	inf
41	2	9	2	12	6	3	inf
41	2	9	3	12	6	3	inf
41	2	9	4	12	6	3	inf
41	2	9	5	12	6	3	inf
41	2	10	0	12	6	3	inf
41	2	10	1	12	6	3	inf
41	2	10	2	12	6	3	1
41	2	10	3	12	6	3	inf
41	2	10	4	12	6	3	inf
41	2	10	5	12	6	3	inf
41	2	11	0	12	6	3	inf
41	2	11	1	12	6	3	inf
41	2	11	2	12	6	3	inf
41	2	11	3	12	6	3	inf
41	2	11	4	12	6	3	inf
41	2	11	5	12	6	3	inf
43	1	0	0	40	10	2	1
43	1	0	1	40	10	3	21
43	1	0	3	40	10	2	34
43	1	0	4	40	10	2	39
43	1	0	5	40	10	2	42
43	1	0	6	40	10	3	22
43	1	0	8	40	10	2	9
43	1	0	9	40	10	2	4
43	1	1	4	40	10	3	18
43	1	1	9	40	10	3	25
43	1	2	0	40	10	2	9
43	1	2	2	40	10	3	22
43	1	2	3	40	10	2	42
43	1	2	4	40	10	2	39
43	1	2	5	40	10	3	inf
43	1	2	7	40	10	3	21
43	1	2	8	40	10	2	1
43	1	2	9	40	10	2	4
43	1	3	3	40	10	3	0
43	1	3	8	40	10	3	0
43	1	4	1	40	10	2	9
43	1	4	2	40	10	2	4
43	1	4	3	40	10	2	1
43	1	4	4	40	10	3	21
43	1	4	6	40	10	2	34
43	1	4	7	40	10	2	39
43	1	4	8	40	10	2	42
43	1	4	9	40	10	3	22
43	1	5	2	40	10	3	25
43	1	5	7	40	10	3	18
43	1	6	0	40	10	3	21
43	1	6	1	40	10	2	1
43	1	6	2	40	10	2	4
43	1	6	3	40	10	2	9
43	1	6	5	40	10	3	22
43	1	6	6	40	10	2	42
43	1	6	7	40	10	2	39
43	1	6	8	40	10	3	inf
43	1	7	1	40	10	3	0
43	1	7	6	40	10	3	0
43	1	8	0	40	10	2	39
43	1	8	1	40	10	2	42
43	1	8	2	40	10	3	22
43	1	8	4	40	10	2	9
43	1	8	5	40	10	2	4
43	1	8	6	40	10	2	1
43	1	8	7	40	10	3	21
43	1	8	9	40	10	2	34
43	1	9	0	40	10	3	18
43	1	9	5	40	10	3	25
43	1	10	0	40	10	2	39
43	1	10	1	40	10	3	inf
43	1	10	3	40	10	3	21
43	1	10	4	40	10	2	1
43	1	10	5	40	10	2	4
43	1	10	6	40	10	2	9
43	1	10	8	40	10	3	22
43	1	10	9	40	10	2	42
43	1	11	4	40	10	3	0
43	1	11	9	40	10	3	0
43	1	12	0	40	10	3	21
43	1	12	2	40	10	2	34
43	1	12	3	40	10	2	39
43	1	12	4	40	10	2	42
43	1	12	5	40	10	3	22
43	1	12	7	40	10	2	9
43	1	12	8	40	10	2	4
43	1	12	9	40	10	2	1
43	1	13	3	40	10	3	18
43	1	13	8	40	10	3	25
43	1	14	1	40	10	3	22
43	1	14	2	40	10	2	42
43	1	14	3	40	10	2	39
43	1	14	4	40	10	3	inf
43	1	14	6	40	10	3	21
43	1	14	7	40	10	2	1
43	1	14	8	40	10	2	4
43	1	14	9	40	10	2	9
43	1	15	2	40	10	3	0
43	1	15	7	40	10	3	0
43	1	16	0	40	10	2	9
43	1	16	1	40	10	2	4
43	1	16	2	40	10	2	1
43	1	16	3	40	10	3	21
43	1	16	5	40	10	2	34
43	1	16	6	40	10	2	39
43	1	16	7	40	10	2	42
43	1	16	8	40	10	3	22
43	1	17	1	40	10	3	25
43	1	17	6	40	10	3	18
43	1	18	0	40	10	2	1
43	1	18	1	40	10	2	4
43	1	18	2	40	10	2	9
43	1	18	4	40	10	3	22
43	1	18	5	40	10	2	42
43	1	18	6	40	10	2	39
43	1	18	7	40	10	3	inf
43	1	18	9	40	10	3	21
43	1	19	0	40	10	3	0
43	1	19	5	40	10	3	0
43	1	20	0	40	10	2	42
43	1	20	1	40	10	3	22
43	1	20	3	40	10	2	9
43	1	20	4	40	10	2	4
43	1	20	5	40	10	2	1
43	1	20	6	40	10	3	21
43	1	20	8	40	10	2	34
43	1	20	9	40	10	2	39
43	1	21	4	40	10	3	25
43	1	21	9	40	10	3	18
43	1	22	0	40	10	3	inf
43	1	22	2	40	10	3	21
43	1	22	3	40	10	2	1
43	1	22	4	40	10	2	4
43	1	22	5	40	10	2	9
43	1	22	7	40	10	3	22
43	1	22	8	40	10	2	42
43	1	22	9	40	10	2	39
43	1	23	3	40	10	3	0
43	1	23	8	40	10	3	0
43	1	24	1	40	10	2	34
43	1	24	2	40	10	2	39
43	1	24	3	40	10	2	42
43	1	24	4	40	10	3	22
43	1	24	6	40	10	2	9
43	1	24	7	40	10	2	4
43	1	24	8	40	10	2	1
43	1	24	9	40	10	3	21
43	1	25	2	40	10	3	18
43	1	25	7	40	10	3	25
43	1	26	0	40	10	3	22
43	1	26	1	40	10	2	42
43	1	26	2	40	10	2	39
43	1	26	3	40	10	3	inf
43	1	26	5	40	10	3	21
43	1	26	6	40	10	2	1
43	1	26	7	40	10	2	4
43	1	26	8	40	10	2	9
43	1	27	1	40	10	3	0
43	1	27	6	40	10	3	0
43	1	28	0	40	10	2	4
43	1	28	1	40	10	2	1
43	1	28	2	40	10	3	21
43	1	28	4	40	10	2	34
43	1	28	5	40	10	2	39
43	1	28	6	40	10	2	42
43	1	28	7	40	10	3	22
43	1	28	9	40	10	2	9
43	1	29	0	40	10	3	25
43	1	29	5	40	10	3	18
43	1	30	0	40	10	2	4
43	1	30	1	40	10	2	9
43	1	30	3	40	10	3	22
43	1	30	4	40	10	2	42
43	1	30	5	40	10	2	39
43	1	30	6	40	10	3	inf
43	1	30	8	40	10	3	21
43	1	30	9	40	10	2	1
43	1	31	4	40	10	3	0
43	1	31	9	40	10	3	0
43	1	32	0	40	10	3	22
43	1	32	2	40	10	2	9
43	1	32	3	40	10	2	4
43	1	32	4	40	10	2	1
43	1	32	5	40	10	3	21
43	1	32	7	40	10	2	34
43	1	32	8	40	10	2	39
43	1	32	9	40	10	2	42
43	1	33	3	40	10	3	25
43	1	33	8	40	10	3	18
43	1	34	1	40	10	3	21
43	1	34	2	40	10	2	1
43	1	34	3	40	10	2	4
43	1	34	4	40	10	2	9
43	1	34	6	40	10	3	22
43	1	34	7	40	10	2	42
43	1	34	8	40	10	2	39
43	1	34	9	40	10	3	inf
43	1	35	2	40	10	3	0
43	1	35	7	40	10	3	0
43	1	36	0	40	10	2	34
43	1	36	1	40	10	2	39
43	1	36	2	40	10	2	42
43	1	36	3	40	10	3	22
43	1	36	5	40	10	2	9
43	1	36	6	40	10	2	4
43	1	36	7	40	10	2	1
43	1	36	8	40	10	3	21
43	1	37	1	40	10	3	18
43	1	37	6	40	10	3	25
43	1	38	0	40	10	2	42
43	1	38	1	40	10	2	39
43	1	38	2	40	10	3	inf
43	1	38	4	40	10	3	21
43	1	38	5	40	10	2	1
43	1	38	6	40	10	2	4
43	1	38	7	40	10	2	9
43	1	38	9	40	10	3	22
43	1	39	0	40	10	3	0
43	1	39	5	40	10	3	0
43	2	0	0	40	10	2	42
43	2	0	1	40	10	3	22
43	2	0	3	40	10	2	9
43	2	0	4	40	10	2	4
43	2	0	5	40	10	2	1
43	2	0	6	40	10	3	21
43	2	0	8	40	10	2	34
43	2	0	9	40	10	2	39
43	2	1	4	40	10	3	25
43	2	1	9	40	10	3	18
43	2	2	0	40	10	3	inf
43	2	2	2	40	10	3	21
43	2	2	3	40	10	2	1
43	2	2	4	40	10	2	4
43	2	2	5	40	10	2	9
43	2	2	7	40	10	3	22
43	2	2	8	40	10	2	42
43	2	2	9	40	10	2	39
43	2	3	3	40	10	3	0
43	2	3	8	40	10	3	0
43	2	4	1	40	10	2	34
43	2	4	2	40	10	2	39
43	2	4	3	40	10	2	42
43	2	4	4	40	10	3	22
43	2	4	6	40	10	2	9
43	2	4	7	40	10	2	4
43	2	4	8	40	10	2	1
43	2	4	9	40	10	3	21
43	2	5	2	40	10	3	18
43	2	5	7	40	10	3	25
43	2	6	0	40	10	3	22
43	2	6	1	40	10	2	42
43	2	6	2	40	10	2	39
43	2	6	3	40	10	3	inf
43	2	6	5	40	10	3	21
43	2	6	6	40	10	2	1
43	2	6	7	40	10	2	4
43	2	6	8	40	10	2	9
43	2	7	1	40	10	3	0
43	2	7	6	40	10	3	0
43	2	8	0	40	10	2	4
43	2	8	1	40	10	2	1
43	2	8	2	40	10	3	21
43	2	8	4	40	10	2	34
43	2	8	5	40	10	2	39
43	2	8	6	40	10	2	42
43	2	8	7	40	10	3	22
43	2	8	9	40	10	2	9
43	2	9	0	40	10	3	25
43	2	9	5	40	10	3	18
43	2	10	0	40	10	2	4
43	2	10	1	40	10	2	9
43	2	10	3	40	10	3	22
43	2	10	4	40	10	2	42
43	2	10	5	40	10	2	39
43	2	10	6	40	10	3	inf
43	2	10	8	40	10	3	21
43	2	10	9	40	10	2	1
43	2	11	4	40	10	3	0
43	2	11	9	40	10	3	0
43	2	12	0	40	10	3	22
43	2	12	2	40	10	2	9
43	2	12	3	40	10	2	4
43	2	12	4	40	10	2	1
43	2	12	5	40	10	3	21
43	2	12	7	40	10	2	34
43	2	12	8	40	10	2	39
43	2	12	9	40	10	2	42
43	2	13	3	40	10	3	25
43	2	13	8	40	10	3	18
43	2	14	1	40	10	3	21
43	2	14	2	40	10	2	1
43	2	14	3	40	10	2	4
43	2	14	4	40	10	2	9
43	2	14	6	40	10	3	22
43	2	14	7	40	10	2	42
43	2	14	8	40	10	2	39
43	2	14	9	40	10	3	inf
43	2	15	2	40	10	3	0
43	2	15	7	40	10	3	0
43	2	16	0	40	10	2	34
43	2	16	1	40	10	2	39
43	2	16	2	40	10	2	42
43	2	16	3	40	10	3	22
43	2	16	5	40	10	2	9
43	2	16	6	40	10	2	4
43	2	16	7	40	10	2	1
43	2	16	8	40	10	3	21
43	2	17	1	40	10	3	18
43	2	17	6	40	10	3	25
43	2	18	0	40	10	2	42
43	2	18	1	40	10	2	39
43	2	18	2	40	10	3	inf
43	2	18	4	40	10	3	21
43	2	18	5	40	10	2	1
43	2	18	6	40	10	2	4
43	2	18	7	40	10	2	9
43	2	18	9	40	10	3	22
43	2	19	0	40	10	3	0
43	2	19	5	40	10	3	0
43	2	20	0	40	10	2	1
43	2	20	1	40	10	3	21
43	2	20	3	40	10	2	34
43	2	20	4	40	10	2	39
43	2	20	5	40	10	2	42
43	2	20	6	40	10	3	22
43	2	20	8	40	10	2	9
43	2	20	9	40	10	2	4
43	2	21	4	40	10	3	18
43	2	21	9	40	10	3	25
43	2	22	0	40	10	2	9
43	2	22	2	40	10	3	22
43	2	22	3	40	10	2	42
43	2	22	4	40	10	2	39
43	2	22	5	40	10	3	inf
43	2	22	7	40	10	3	21
43	2	22	8	40	10	2	1
43	2	22	9	40	10	2	4
43	2	23	3	40	10	3	0
43	2	23	8	40	10	3	0
43	2	24	1	40	10	2	9
43	2	24	2	40	10	2	4
43	2	24	3	40	10	2	1
43	2	24	4	40	10	3	21
43	2	24	6	40	10	2	34
43	2	24	7	40	10	2	39
43	2	24	8	40	10	2	42
43	2	24	9	40	10	3	22
43	2	25	2	40	10	3	25
43	2	25	7	40	10	3	18
43	2	26	0	40	10	3	21
43	2	26	1	40	10	2	1
43	2	26	2	40	10	2	4
43	2	26	3	40	10	2	9
43	2	26	5	40	10	3	22
43	2	26	6	40	10	2	42
43	2	26	7	40	10	2	39
43	2	26	8	40	10	3	inf
43	2	27	1	40	10	3	0
43	2	27	6	40	10	3	0
43	2	28	0	40	10	2	39
43	2	28	1	40	10	2	42
43	2	28	2	40	10	3	22
43	2	28	4	40	10	2	9
43	2	28	5	40	10	2	4
43	2	28	6	40	10	2	1
43	2	28	7	40	10	3	21
43	2	28	9	40	10	2	34
43	2	29	0	40	10	3	18
43	2	29	5	40	10	3	25
43	2	30	0	40	10	2	39
43	2	30	1	40	10	3	inf
43	2	30	3	40	10	3	21
43	2	30	4	40	10	2	1
43	2	30	5	40	10	2	4
43	2	30	6	40	10	2	9
43	2	30	8	40	10	3	22
43	2	30	9	40	10	2	42
43	2	31	4	40	10	3	0
43	2	31	9	40	10	3	0
43	2	32	0	40	10	3	21
43	2	32	2	40	10	2	34
43	2	32	3	40	10	2	39
43	2	32	4	40	10	2	42
43	2	32	5	40	10	3	22
43	2	32	7	40	10	2	9
43	2	32	8	40	10	2	4
43	2	32	9	40	10	2	1
43	2	33	3	40	10	3	18
43	2	33	8	40	10	3	25
43	2	34	1	40	10	3	22
43	2	34	2	40	10	2	42
43	2	34	3	40	10	2	39
43	2	34	4	40	10	3	inf
43	2	34	6	40	10	3	21
43	2	34	7	40	10	2	1
43	2	34	8	40	10	2	4
43	2	34	9	40	10	2	9
43	2	35	2	40	10	3	0
43	2	35	7	40	10	3	0
43	2	36	0	40	10	2	9
43	2	36	1	40	10	2	4
43	2	36	2	40	10	2	1
43	2	36	3	40	10	3	21
43	2	36	5	40	10	2	34
43	2	36	6	40	10	2	39
43	2	36	7	40	10	2	42
43	2	36	8	40	10	3	22
43	2	37	1	40	10	3	25
43	2	37	6	40	10	3	18
43	2	38	0	40	10	2	1
43	2	38	1	40	10	2	4
43	2	38	2	40	10	2	9
43	2	38	4	40	10	3	22
43	2	38	5	40	10	2	42
43	2	38	6	40	10	2	39
43	2	38	7	40	10	3	inf
43	2	38	9	40	10	3	21
43	2	39	0	40	10	3	0
43	2	39	5	40	10	3	0
19	1	0	1	16	8	3	inf
19	1	1	1	16	8	3	0
19	1	1	3	16	8	3	15
19	1	1	5	16	8	3	0
19	1	1	7	16	8	3	4
19	1	2	0	16	8	3	inf
19	1	3	0	16	8	3	0
19	1	3	2	16	8	3	15
19	1	3	4	16	8	3	0
19	1	3	6	16	8	3	4
19	1	4	7	16	8	3	inf
19	1	5	1	16	8	3	15
19	1	5	3	16	8	3	0
19	1	5	5	16	8	3	4
19	1	5	7	16	8	3	0
19	1	6	6	16	8	3	inf
19	1	7	0	16	8	3	15
19	1	7	2	16	8	3	0
19	1	7	4	16	8	3	4
19	1	7	6	16	8	3	0
19	1	8	5	16	8	3	inf
19	1	9	1	16	8	3	0
19	1	9	3	16	8	3	4
19	1	9	5	16	8	3	0
19	1	9	7	16	8	3	15
19	1	10	4	16	8	3	inf
19	1	11	0	16	8	3	0
19	1	11	2	16	8	3	4
19	1	11	4	16	8	3	0
19	1	11	6	16	8	3	15
19	1	12	3	16	8	3	inf
19	1	13	1	16	8	3	4
19	1	13	3	16	8	3	0
19	1	13	5	16	8	3	15
19	1	13	7	16	8	3	0
19	1	14	2	16	8	3	inf
19	1	15	0	16	8	3	4
19	1	15	2	16	8	3	0
19	1	15	4	16	8	3	15
19	1	15	6	16	8	3	0
19	2	0	5	16	8	3	inf
19	2	1	1	16	8	3	0
19	2	1	3	16	8	3	4
19	2	1	5	16	8	3	0
19	2	1	7	16	8	3	15
19	2	2	4	16	8	3	inf
19	2	3	0	16	8	3	0
19	2	3	2	16	8	3	4
19	2	3	4	16	8	3	0
19	2	3	6	16	8	3	15
19	2	4	3	16	8	3	inf
19	2	5	1	16	8	3	4
19	2	5	3	16	8	3	0
19	2	5	5	16	8	3	15
19	2	5	7	16	8	3	0
19	2	6	2	16	8	3	inf
19	2	7	0	16	8	3	4
19	2	7	2	16	8	3	0
19	2	7	4	16	8	3	15
19	2	7	6	16	8	3	0
19	2	8	1	16	8	3	inf
19	2	9	1	16	8	3	0
19	2	9	3	16	8	3	15
19	2	9	5	16	8	3	0
19	2	9	7	16	8	3	4
19	2	10	0	16	8	3	inf
19	2	11	0	16	8	3	0
19	2	11	2	16	8	3	15
19	2	11	4	16	8	3	0
19	2	11	6	16	8	3	4
19	2	12	7	16	8	3	inf
19	2	13	1	16	8	3	15
19	2	13	3	16	8	3	0
19	2	13	5	16	8	3	4
19	2	13	7	16	8	3	0
19	2	14	6	16	8	3	inf
19	2	15	0	16	8	3	15
19	2	15	2	16	8	3	0
19	2	15	4	16	8	3	4
19	2	15	6	16	8	3	0
23	1	0	1	3	12	3	13
23	1	0	4	3	12	2	3
23	1	0	7	3	12	3	6
23	1	0	10	3	12	3	inf
23	1	1	2	3	12	3	inf
23	1	1	5	3	12	3	13
23	1	1	8	3	12	2	3
23	1	1	11	3	12	3	6
23	1	2	0	3	12	2	3
23	1	2	3	3	12	3	6
23	1	2	6	3	12	3	inf
23	1	2	9	3	12	3	13
23	2	0	1	3	12	3	10
23	2	0	4	3	12	2	20
23	2	0	7	3	12	3	17
23	2	0	10	3	12	2	20
23	2	1	2	3	12	2	20
23	2	1	5	3	12	3	10
23	2	1	8	3	12	2	20
23	2	1	11	3	12	3	17
23	2	2	0	3	12	2	20
23	2	2	3	3	12	3	17
23	2	2	6	3	12	2	20
23	2	2	9	3	12	3	10
29	1	0	0	16	32	2	1
29	1	0	1	16	32	3	3
29	1	0	2	16	32	2	1
29	1	0	4	16	32	3	7
29	1	0	9	16	32	3	inf
29	1	0	14	16	32	3	22
29	1	0	16	16	32	2	28
29	1	0	17	16	32	3	26
29	1	0	18	16	32	2	28
29	1	0	20	16	32	3	22
29	1	0	25	16	32	3	inf
29	1	0	30	16	32	3	inf
29	1	1	0	16	32	2	28
29	1	1	2	16	32	3	22
29	1	1	7	16	32	3	inf
29	1	1	12	16	32	3	inf
29	1	1	14	16	32	2	1
29	1	1	15	16	32	3	3
29	1	1	16	16	32	2	1
29	1	1	18	16	32	3	7
29	1	1	23	16	32	3	inf
29	1	1	28	16	32	3	22
29	1	1	30	16	32	2	28
29	1	1	31	16	32	3	26
29	1	2	0	16	32	3	7
29	1	2	5	16	32	3	inf
29	1	2	10	16	32	3	22
29	1	2	12	16	32	2	28
29	1	2	13	16	32	3	26
29	1	2	14	16	32	2	28
29	1	2	16	16	32	3	22
29	1	2	21	16	32	3	inf
29	1	2	26	16	32	3	inf
29	1	2	28	16	32	2	1
29	1	2	29	16	32	3	3
29	1	2	30	16	32	2	1
29	1	3	3	16	32	3	inf
29	1	3	8	16	32	3	inf
29	1	3	10	16	32	2	1
29	1	3	11	16	32	3	3
29	1	3	12	16	32	2	1
29	1	3	14	16	32	3	7
29	1	3	19	16	32	3	inf
29	1	3	24	16	32	3	22
29	1	3	26	16	32	2	28
29	1	3	27	16	32	3	26
29	1	3	28	16	32	2	28
29	1	3	30	16	32	3	22
29	1	4	1	16	32	3	inf
29	1	4	6	16	32	3	22
29	1	4	8	16	32	2	28
29	1	4	9	16	32	3	26
29	1	4	10	16	32	2	28
29	1	4	12	16	32	3	22
29	1	4	17	16	32	3	inf
29	1	4	22	16	32	3	inf
29	1	4	24	16	32	2	1
29	1	4	25	16	32	3	3
29	1	4	26	16	32	2	1
29	1	4	28	16	32	3	7
29	1	5	4	16	32	3	inf
29	1	5	6	16	32	2	1
29	1	5	7	16	32	3	3
29	1	5	8	16	32	2	1
29	1	5	10	16	32	3	7
29	1	5	15	16	32	3	inf
29	1	5	20	16	32	3	22
29	1	5	22	16	32	2	28
29	1	5	23	16	32	3	26
29	1	5	24	16	32	2	28
29	1	5	26	16	32	3	22
29	1	5	31	16	32	3	inf
29	1	6	2	16	32	3	22
29	1	6	4	16	32	2	28
29	1	6	5	16	32	3	26
29	1	6	6	16	32	2	28
29	1	6	8	16	32	3	22
29	1	6	13	16	32	3	inf
29	1	6	18	16	32	3	inf
29	1	6	20	16	32	2	1
29	1	6	21	16	32	3	3
29	1	6	22	16	32	2	1
29	1	6	24	16	32	3	7
29	1	6	29	16	32	3	inf
29	1	7	0	16	32	3	inf
29	1	7	2	16	32	2	1
29	1	7	3	16	32	3	3
29	1	7	4	16	32	2	1
29	1	7	6	16	32	3	7
29	1	7	11	16	32	3	inf
29	1	7	16	16	32	3	22
29	1	7	18	16	32	2	28
29	1	7	19	16	32	3	26
29	1	7	20	16	32	2	28
29	1	7	22	16	32	3	22
29	1	7	27	16	32	3	inf
29	1	8	0	16	32	2	28
29	1	8	1	16	32	3	26
29	1	8	2	16	32	2	28
29	1	8	4	16	32	3	22
29	1	8	9	16	32	3	inf
29	1	8	14	16	32	3	inf
29	1	8	16	16	32	2	1
29	1	8	17	16	32	3	3
29	1	8	18	16	32	2	1
29	1	8	20	16	32	3	7
29	1	8	25	16	32	3	inf
29	1	8	30	16	32	3	22
29	1	9	0	16	32	2	1
29	1	9	2	16	32	3	7
29	1	9	7	16	32	3	inf
29	1	9	12	16	32	3	22
29	1	9	14	16	32	2	28
29	1	9	15	16	32	3	26
29	1	9	16	16	32	2	28
29	1	9	18	16	32	3	22
29	1	9	23	16	32	3	inf
29	1	9	28	16	32	3	inf
29	1	9	30	16	32	2	1
29	1	9	31	16	32	3	3
29	1	10	0	16	32	3	22
29	1	10	5	16	32	3	inf
29	1	10	10	16	32	3	inf
29	1	10	12	16	32	2	1
29	1	10	13	16	32	3	3
29	1	10	14	16	32	2	1
29	1	10	16	16	32	3	7
29	1	10	21	16	32	3	inf
29	1	10	26	16	32	3	22
29	1	10	28	16	32	2	28
29	1	10	29	16	32	3	26
29	1	10	30	16	32	2	28
29	1	11	3	16	32	3	inf
29	1	11	8	16	32	3	22
29	1	11	10	16	32	2	28
29	1	11	11	16	32	3	26
29	1	11	12	16	32	2	28
29	1	11	14	16	32	3	22
29	1	11	19	16	32	3	inf
29	1	11	24	16	32	3	inf
29	1	11	26	16	32	2	1
29	1	11	27	16	32	3	3
29	1	11	28	16	32	2	1
29	1	11	30	16	32	3	7
29	1	12	1	16	32	3	inf
29	1	12	6	16	32	3	inf
29	1	12	8	16	32	2	1
29	1	12	9	16	32	3	3
29	1	12	10	16	32	2	1
29	1	12	12	16	32	3	7
29	1	12	17	16	32	3	inf
29	1	12	22	16	32	3	22
29	1	12	24	16	32	2	28
29	1	12	25	16	32	3	26
29	1	12	26	16	32	2	28
29	1	12	28	16	32	3	22
29	1	13	4	16	32	3	22
29	1	13	6	16	32	2	28
29	1	13	7	16	32	3	26
29	1	13	8	16	32	2	28
29	1	13	10	16	32	3	22
29	1	13	15	16	32	3	inf
29	1	13	20	16	32	3	inf
29	1	13	22	16	32	2	1
29	1	13	23	16	32	3	3
29	1	13	24	16	32	2	1
29	1	13	26	16	32	3	7
29	1	13	31	16	32	3	inf
29	1	14	2	16	32	3	inf
29	1	14	4	16	32	2	1
29	1	14	5	16	32	3	3
29	1	14	6	16	32	2	1
29	1	14	8	16	32	3	7
29	1	14	13	16	32	3	inf
29	1	14	18	16	32	3	22
29	1	14	20	16	32	2	28
29	1	14	21	16	32	3	26
29	1	14	22	16	32	2	28
29	1	14	24	16	32	3	22
29	1	14	29	16	32	3	inf
29	1	15	0	16	32	3	22
29	1	15	2	16	32	2	28
29	1	15	3	16	32	3	26
29	1	15	4	16	32	2	28
29	1	15	6	16	32	3	22
29	1	15	11	16	32	3	inf
29	1	15	16	16	32	3	inf
29	1	15	18	16	32	2	1
29	1	15	19	16	32	3	3
29	1	15	20	16	32	2	1
29	1	15	22	16	32	3	7
29	1	15	27	16	32	3	inf
29	2	0	0	16	32	2	28
29	2	0	1	16	32	3	26
29	2	0	2	16	32	2	28
29	2	0	4	16	32	3	22
29	2	0	9	16	32	3	inf
29	2	0	14	16	32	3	inf
29	2	0	16	16	32	2	1
29	2	0	17	16	32	3	3
29	2	0	18	16	32	2	1
29	2	0	20	16	32	3	7
29	2	0	25	16	32	3	inf
29	2	0	30	16	32	3	22
29	2	1	0	16	32	2	1
29	2	1	2	16	32	3	7
29	2	1	7	16	32	3	inf
29	2	1	12	16	32	3	22
29	2	1	14	16	32	2	28
29	2	1	15	16	32	3	26
29	2	1	16	16	32	2	28
29	2	1	18	16	32	3	22
29	2	1	23	16	32	3	inf
29	2	1	28	16	32	3	inf
29	2	1	30	16	32	2	1
29	2	1	31	16	32	3	3
29	2	2	0	16	32	3	22
29	2	2	5	16	32	3	inf
29	2	2	10	16	32	3	inf
29	2	2	12	16	32	2	1
29	2	2	13	16	32	3	3
29	2	2	14	16	32	2	1
29	2	2	16	16	32	3	7
29	2	2	21	16	32	3	inf
29	2	2	26	16	32	3	22
29	2	2	28	16	32	2	28
29	2	2	29	16	32	3	26
29	2	2	30	16	32	2	28
29	2	3	3	16	32	3	inf
29	2	3	8	16	32	3	22
29	2	3	10	16	32	2	28
29	2	3	11	16	32	3	26
29	2	3	12	16	32	2	28
29	2	3	14	16	32	3	22
29	2	3	19	16	32	3	inf
29	2	3	24	16	32	3	inf
29	2	3	26	16	32	2	1
29	2	3	27	16	32	3	3
29	2	3	28	16	32	2	1
29	2	3	30	16	32	3	7
29	2	4	1	16	32	3	inf
29	2	4	6	16	32	3	inf
29	2	4	8	16	32	2	1
29	2	4	9	16	32	3	3
29	2	4	10	16	32	2	1
29	2	4	12	16	32	3	7
29	2	4	17	16	32	3	inf
29	2	4	22	16	32	3	22
29	2	4	24	16	32	2	28
29	2	4	25	16	32	3	26
29	2	4	26	16	32	2	28
29	2	4	28	16	32	3	22
29	2	5	4	16	32	3	22
29	2	5	6	16	32	2	28
29	2	5	7	16	32	3	26
29	2	5	8	16	32	2	28
29	2	5	10	16	32	3	22
29	2	5	15	16	32	3	inf
29	2	5	20	16	32	3	inf
29	2	5	22	16	32	2	1
29	2	5	23	16	32	3	3
29	2	5	24	16	32	2	1
29	2	5	26	16	32	3	7
29	2	5	31	16	32	3	inf
29	2	6	2	16	32	3	inf
29	2	6	4	16	32	2	1
29	2	6	5	16	32	3	3
29	2	6	6	16	32	2	1
29	2	6	8	16	32	3	7
29	2	6	13	16	32	3	inf
29	2	6	18	16	32	3	22
29	2	6	20	16	32	2	28
29	2	6	21	16	32	3	26
29	2	6	22	16	32	2	28
29	2	6	24	16	32	3	22
29	2	6	29	16	32	3	inf
29	2	7	0	16	32	3	22
29	2	7	2	16	32	2	28
29	2	7	3	16	32	3	26
29	2	7	4	16	32	2	28
29	2	7	6	16	32	3	22
29	2	7	11	16	32	3	inf
29	2	7	16	16	32	3	inf
29	2	7	18	16	32	2	1
29	2	7	19	16	32	3	3
29	2	7	20	16	32	2	1
29	2	7	22	16	32	3	7
29	2	7	27	16	32	3	inf
29	2	8	0	16	32	2	1
29	2	8	1	16	32	3	3
29	2	8	2	16	32	2	1
29	2	8	4	16	32	3	7
29	2	8	9	16	32	3	inf
29	2	8	14	16	32	3	22
29	2	8	16	16	32	2	28
29	2	8	17	16	32	3	26
29	2	8	18	16	32	2	28
29	2	8	20	16	32	3	22
29	2	8	25	16	32	3	inf
29	2	8	30	16	32	3	inf
29	2	9	0	16	32	2	28
29	2	9	2	16	32	3	22
29	2	9	7	16	32	3	inf
29	2	9	12	16	32	3	inf
29	2	9	14	16	32	2	1
29	2	9	15	16	32	3	3
29	2	9	16	16	32	2	1
29	2	9	18	16	32	3	7
29	2	9	23	16	32	3	inf
29	2	9	28	16	32	3	22
29	2	9	30	16	32	2	28
29	2	9	31	16	32	3	26
29	2	10	0	16	32	3	7
29	2	10	5	16	32	3	inf
29	2	10	10	16	32	3	22
29	2	10	12	16	32	2	28
29	2	10	13	16	32	3	26
29	2	10	14	16	32	2	28
29	2	10	16	16	32	3	22
29	2	10	21	16	32	3	inf
29	2	10	26	16	32	3	inf
29	2	10	28	16	32	2	1
29	2	10	29	16	32	3	3
29	2	10	30	16	32	2	1
29	2	11	3	16	32	3	inf
29	2	11	8	16	32	3	inf
29	2	11	10	16	32	2	1
29	2	11	11	16	32	3	3
29	2	11	12	16	32	2	1
29	2	11	14	16	32	3	7
29	2	11	19	16	32	3	inf
29	2	11	24	16	32	3	22
29	2	11	26	16	32	2	28
29	2	11	27	16	32	3	26
29	2	11	28	16	32	2	28
29	2	11	30	16	32	3	22
29	2	12	1	16	32	3	inf
29	2	12	6	16	32	3	22
29	2	12	8	16	32	2	28
29	2	12	9	16	32	3	26
29	2	12	10	16	32	2	28
29	2	12	12	16	32	3	22
29	2	12	17	16	32	3	inf
29	2	12	22	16	32	3	inf
29	2	12	24	16	32	2	1
29	2	12	25	16	32	3	3
29	2	12	26	16	32	2	1
29	2	12	28	16	32	3	7
29	2	13	4	16	32	3	inf
29	2	13	6	16	32	2	1
29	2	13	7	16	32	3	3
29	2	13	8	16	32	2	1
29	2	13	10	16	32	3	7
29	2	13	15	16	32	3	inf
29	2	13	20	16	32	3	22
29	2	13	22	16	32	2	28
29	2	13	23	16	32	3	26
29	2	13	24	16	32	2	28
29	2	13	26	16	32	3	22
29	2	13	31	16	32	3	inf
29	2	14	2	16	32	3	22
29	2	14	4	16	32	2	28
29	2	14	5	16	32	3	26
29	2	14	6	16	32	2	28
29	2	14	8	16	32	3	22
29	2	14	13	16	32	3	inf
29	2	14	18	16	32	3	inf
29	2	14	20	16	32	2	1
29	2	14	21	16	32	3	3
29	2	14	22	16	32	2	1
29	2	14	24	16	32	3	7
29	2	14	29	16	32	3	inf
29	2	15	0	16	32	3	inf
29	2	15	2	16	32	2	1
29	2	15	3	16	32	3	3
29	2	15	4	16	32	2	1
29	2	15	6	16	32	3	7
29	2	15	11	16	32	3	inf
29	2	15	16	16	32	3	22
29	2	15	18	16	32	2	28
29	2	15	19	16	32	3	26
29	2	15	20	16	32	2	28
29	2	15	22	16	32	3	22
29	2	15	27	16	32	3	inf
37	1	0	6	48	48	3	0
37	1	0	12	48	48	3	inf
37	1	0	13	48	48	2	33
37	1	0	18	48	48	3	26
37	1	0	23	48	48	2	33
37	1	0	30	48	48	3	0
37	1	0	37	48	48	2	4
37	1	0	42	48	48	3	11
37	1	0	47	48	48	2	4
37	1	1	4	48	48	2	33
37	1	1	11	48	48	3	0
37	1	1	18	48	48	2	4
37	1	1	23	48	48	3	11
37	1	1	28	48	48	2	4
37	1	1	35	48	48	3	0
37	1	1	41	48	48	3	inf
37	1	1	42	48	48	2	33
37	1	1	47	48	48	3	26
37	1	2	4	48	48	3	11
37	1	2	9	48	48	2	4
37	1	2	16	48	48	3	0
37	1	2	22	48	48	3	inf
37	1	2	23	48	48	2	33
37	1	2	28	48	48	3	26
37	1	2	33	48	48	2	33
37	1	2	40	48	48	3	0
37	1	2	47	48	48	2	4
37	1	3	3	48	48	3	inf
37	1	3	4	48	48	2	33
37	1	3	9	48	48	3	26
37	1	3	14	48	48	2	33
37	1	3	21	48	48	3	0
37	1	3	28	48	48	2	4
37	1	3	33	48	48	3	11
37	1	3	38	48	48	2	4
37	1	3	45	48	48	3	0
37	1	4	2	48	48	3	0
37	1	4	9	48	48	2	4
37	1	4	14	48	48	3	11
37	1	4	19	48	48	2	4
37	1	4	26	48	48	3	0
37	1	4	32	48	48	3	inf
37	1	4	33	48	48	2	33
37	1	4	38	48	48	3	26
37	1	4	43	48	48	2	33
37	1	5	0	48	48	2	4
37	1	5	7	48	48	3	0
37	1	5	13	48	48	3	inf
37	1	5	14	48	48	2	33
37	1	5	19	48	48	3	26
37	1	5	24	48	48	2	33
37	1	5	31	48	48	3	0
37	1	5	38	48	48	2	4
37	1	5	43	48	48	3	11
37	1	6	0	48	48	3	26
37	1	6	5	48	48	2	33
37	1	6	12	48	48	3	0
37	1	6	19	48	48	2	4
37	1	6	24	48	48	3	11
37	1	6	29	48	48	2	4
37	1	6	36	48	48	3	0
37	1	6	42	48	48	3	inf
37	1	6	43	48	48	2	33
37	1	7	0	48	48	2	4
37	1	7	5	48	48	3	11
37	1	7	10	48	48	2	4
37	1	7	17	48	48	3	0
37	1	7	23	48	48	3	inf
37	1	7	24	48	48	2	33
37	1	7	29	48	48	3	26
37	1	7	34	48	48	2	33
37	1	7	41	48	48	3	0
37	1	8	4	48	48	3	inf
37	1	8	5	48	48	2	33
37	1	8	10	48	48	3	26
37	1	8	15	48	48	2	33
37	1	8	22	48	48	3	0
37	1	8	29	48	48	2	4
37	1	8	34	48	48	3	11
37	1	8	39	48	48	2	4
37	1	8	46	48	48	3	0
37	1	9	3	48	48	3	0
37	1	9	10	48	48	2	4
37	1	9	15	48	48	3	11
37	1	9	20	48	48	2	4
37	1	9	27	48	48	3	0
37	1	9	33	48	48	3	inf
37	1	9	34	48	48	2	33
37	1	9	39	48	48	3	26
37	1	9	44	48	48	2	33
37	1	10	1	48	48	2	4
37	1	10	8	48	48	3	0
37	1	10	14	48	48	3	inf
37	1	10	15	48	48	2	33
37	1	10	20	48	48	3	26
37	1	10	25	48	48	2	33
37	1	10	32	48	48	3	0
37	1	10	39	48	48	2	4
37	1	10	44	48	48	3	11
37	1	11	1	48	48	3	26
37	1	11	6	48	48	2	33
37	1	11	13	48	48	3	0
37	1	11	20	48	48	2	4
37	1	11	25	48	48	3	11
37	1	11	30	48	48	2	4
37	1	11	37	48	48	3	0
37	1	11	43	48	48	3	inf
37	1	11	44	48	48	2	33
37	1	12	1	48	48	2	4
37	1	12	6	48	48	3	11
37	1	12	11	48	48	2	4
37	1	12	18	48	48	3	0
37	1	12	24	48	48	3	inf
37	1	12	25	48	48	2	33
37	1	12	30	48	48	3	26
37	1	12	35	48	48	2	33
37	1	12	42	48	48	3	0
37	1	13	5	48	48	3	inf
37	1	13	6	48	48	2	33
37	1	13	11	48	48	3	26
37	1	13	16	48	48	2	33
37	1	13	23	48	48	3	0
37	1	13	30	48	48	2	4
37	1	13	35	48	48	3	11
37	1	13	40	48	48	2	4
37	1	13	47	48	48	3	0
37	1	14	4	48	48	3	0
37	1	14	11	48	48	2	4
37	1	14	16	48	48	3	11
37	1	14	21	48	48	2	4
37	1	14	28	48	48	3	0
37	1	14	34	48	48	3	inf
37	1	14	35	48	48	2	33
37	1	14	40	48	48	3	26
37	1	14	45	48	48	2	33
37	1	15	2	48	48	2	4
37	1	15	9	48	48	3	0
37	1	15	15	48	48	3	inf
37	1	15	16	48	48	2	33
37	1	15	21	48	48	3	26
37	1	15	26	48	48	2	33
37	1	15	33	48	48	3	0
37	1	15	40	48	48	2	4
37	1	15	45	48	48	3	11
37	1	16	2	48	48	3	26
37	1	16	7	48	48	2	33
37	1	16	14	48	48	3	0
37	1	16	21	48	48	2	4
37	1	16	26	48	48	3	11
37	1	16	31	48	48	2	4
37	1	16	38	48	48	3	0
37	1	16	44	48	48	3	inf
37	1	16	45	48	48	2	33
37	1	17	2	48	48	2	4
37	1	17	7	48	48	3	11
37	1	17	12	48	48	2	4
37	1	17	19	48	48	3	0
37	1	17	25	48	48	3	inf
37	1	17	26	48	48	2	33
37	1	17	31	48	48	3	26
37	1	17	36	48	48	2	33
37	1	17	43	48	48	3	0
37	1	18	0	48	48	3	0
37	1	18	6	48	48	3	inf
37	1	18	7	48	48	2	33
37	1	18	12	48	48	3	26
37	1	18	17	48	48	2	33
37	1	18	24	48	48	3	0
37	1	18	31	48	48	2	4
37	1	18	36	48	48	3	11
37	1	18	41	48	48	2	4
37	1	19	5	48	48	3	0
37	1	19	12	48	48	2	4
37	1	19	17	48	48	3	11
37	1	19	22	48	48	2	4
37	1	19	29	48	48	3	0
37	1	19	35	48	48	3	inf
37	1	19	36	48	48	2	33
37	1	19	41	48	48	3	26
37	1	19	46	48	48	2	33
37	1	20	3	48	48	2	4
37	1	20	10	48	48	3	0
37	1	20	16	48	48	3	inf
37	1	20	17	48	48	2	33
37	1	20	22	48	48	3	26
37	1	20	27	48	48	2	33
37	1	20	34	48	48	3	0
37	1	20	41	48	48	2	4
37	1	20	46	48	48	3	11
37	1	21	3	48	48	3	26
37	1	21	8	48	48	2	33
37	1	21	15	48	48	3	0
37	1	21	22	48	48	2	4
37	1	21	27	48	48	3	11
37	1	21	32	48	48	2	4
37	1	21	39	48	48	3	0
37	1	21	45	48	48	3	inf
37	1	21	46	48	48	2	33
37	1	22	3	48	48	2	4
37	1	22	8	48	48	3	11
37	1	22	13	48	48	2	4
37	1	22	20	48	48	3	0
37	1	22	26	48	48	3	inf
37	1	22	27	48	48	2	33
37	1	22	32	48	48	3	26
37	1	22	37	48	48	2	33
37	1	22	44	48	48	3	0
37	1	23	1	48	48	3	0
37	1	23	7	48	48	3	inf
37	1	23	8	48	48	2	33
37	1	23	13	48	48	3	26
37	1	23	18	48	48	2	33
37	1	23	25	48	48	3	0
37	1	23	32	48	48	2	4
37	1	23	37	48	48	3	11
37	1	23	42	48	48	2	4
37	1	24	6	48	48	3	0
37	1	24	13	48	48	2	4
37	1	24	18	48	48	3	11
37	1	24	23	48	48	2	4
37	1	24	30	48	48	3	0
37	1	24	36	48	48	3	inf
37	1	24	37	48	48	2	33
37	1	24	42	48	48	3	26
37	1	24	47	48	48	2	33
37	1	25	4	48	48	2	4
37	1	25	11	48	48	3	0
37	1	25	17	48	48	3	inf
37	1	25	18	48	48	2	33
37	1	25	23	48	48	3	26
37	1	25	28	48	48	2	33
37	1	25	35	48	48	3	0
37	1	25	42	48	48	2	4
37	1	25	47	48	48	3	11
37	1	26	4	48	48	3	26
37	1	26	9	48	48	2	33
37	1	26	16	48	48	3	0
37	1	26	23	48	48	2	4
37	1	26	28	48	48	3	11
37	1	26	33	48	48	2	4
37	1	26	40	48	48	3	0
37	1	26	46	48	48	3	inf
37	1	26	47	48	48	2	33
37	1	27	4	48	48	2	4
37	1	27	9	48	48	3	11
37	1	27	14	48	48	2	4
37	1	27	21	48	48	3	0
37	1	27	27	48	48	3	inf
37	1	27	28	48	48	2	33
37	1	27	33	48	48	3	26
37	1	27	38	48	48	2	33
37	1	27	45	48	48	3	0
37	1	28	2	48	48	3	0
37	1	28	8	48	48	3	inf
37	1	28	9	48	48	2	33
37	1	28	14	48	48	3	26
37	1	28	19	48	48	2	33
37	1	28	26	48	48	3	0
37	1	28	33	48	48	2	4
37	1	28	38	48	48	3	11
37	1	28	43	48	48	2	4
37	1	29	0	48	48	2	33
37	1	29	7	48	48	3	0
37	1	29	14	48	48	2	4
37	1	29	19	48	48	3	11
37	1	29	24	48	48	2	4
37	1	29	31	48	48	3	0
37	1	29	37	48	48	3	inf
37	1	29	38	48	48	2	33
37	1	29	43	48	48	3	26
37	1	30	0	48	48	3	11
37	1	30	5	48	48	2	4
37	1	30	12	48	48	3	0
37	1	30	18	48	48	3	inf
37	1	30	19	48	48	2	33
37	1	30	24	48	48	3	26
37	1	30	29	48	48	2	33
37	1	30	36	48	48	3	0
37	1	30	43	48	48	2	4
37	1	31	0	48	48	2	33
37	1	31	5	48	48	3	26
37	1	31	10	48	48	2	33
37	1	31	17	48	48	3	0
37	1	31	24	48	48	2	4
37	1	31	29	48	48	3	11
37	1	31	34	48	48	2	4
37	1	31	41	48	48	3	0
37	1	31	47	48	48	3	inf
37	1	32	5	48	48	2	4
37	1	32	10	48	48	3	11
37	1	32	15	48	48	2	4
37	1	32	22	48	48	3	0
37	1	32	28	48	48	3	inf
37	1	32	29	48	48	2	33
37	1	32	34	48	48	3	26
37	1	32	39	48	48	2	33
37	1	32	46	48	48	3	0
37	1	33	3	48	48	3	0
37	1	33	9	48	48	3	inf
37	1	33	10	48	48	2	33
37	1	33	15	48	48	3	26
37	1	33	20	48	48	2	33
37	1	33	27	48	48	3	0
37	1	33	34	48	48	2	4
37	1	33	39	48	48	3	11
37	1	33	44	48	48	2	4
37	1	34	1	48	48	2	33
37	1	34	8	48	48	3	0
37	1	34	15	48	48	2	4
37	1	34	20	48	48	3	11
37	1	34	25	48	48	2	4
37	1	34	32	48	48	3	0
37	1	34	38	48	48	3	inf
37	1	34	39	48	48	2	33
37	1	34	44	48	48	3	26
37	1	35	1	48	48	3	11
37	1	35	6	48	48	2	4
37	1	35	13	48	48	3	0
37	1	35	19	48	48	3	inf
37	1	35	20	48	48	2	33
37	1	35	25	48	48	3	26
37	1	35	30	48	48	2	33
37	1	35	37	48	48	3	0
37	1	35	44	48	48	2	4
37	1	36	0	48	48	3	inf
37	1	36	1	48	48	2	33
37	1	36	6	48	48	3	26
37	1	36	11	48	48	2	33
37	1	36	18	48	48	3	0
37	1	36	25	48	48	2	4
37	1	36	30	48	48	3	11
37	1	36	35	48	48	2	4
37	1	36	42	48	48	3	0
37	1	37	6	48	48	2	4
37	1	37	11	48	48	3	11
37	1	37	16	48	48	2	4
37	1	37	23	48	48	3	0
37	1	37	29	48	48	3	inf
37	1	37	30	48	48	2	33
37	1	37	35	48	48	3	26
37	1	37	40	48	48	2	33
37	1	37	47	48	48	3	0
37	1	38	4	48	48	3	0
37	1	38	10	48	48	3	inf
37	1	38	11	48	48	2	33
37	1	38	16	48	48	3	26
37	1	38	21	48	48	2	33
37	1	38	28	48	48	3	0
37	1	38	35	48	48	2	4
37	1	38	40	48	48	3	11
37	1	38	45	48	48	2	4
37	1	39	2	48	48	2	33
37	1	39	9	48	48	3	0
37	1	39	16	48	48	2	4
37	1	39	21	48	48	3	11
37	1	39	26	48	48	2	4
37	1	39	33	48	48	3	0
37	1	39	39	48	48	3	inf
37	1	39	40	48	48	2	33
37	1	39	45	48	48	3	26
37	1	40	2	48	48	3	11
37	1	40	7	48	48	2	4
37	1	40	14	48	48	3	0
37	1	40	20	48	48	3	inf
37	1	40	21	48	48	2	33
37	1	40	26	48	48	3	26
37	1	40	31	48	48	2	33
37	1	40	38	48	48	3	0
37	1	40	45	48	48	2	4
37	1	41	1	48	48	3	inf
37	1	41	2	48	48	2	33
37	1	41	7	48	48	3	26
37	1	41	12	48	48	2	33
37	1	41	19	48	48	3	0
37	1	41	26	48	48	2	4
37	1	41	31	48	48	3	11
37	1	41	36	48	48	2	4
37	1	41	43	48	48	3	0
37	1	42	0	48	48	3	0
37	1	42	7	48	48	2	4
37	1	42	12	48	48	3	11
37	1	42	17	48	48	2	4
37	1	42	24	48	48	3	0
37	1	42	30	48	48	3	inf
37	1	42	31	48	48	2	33
37	1	42	36	48	48	3	26
37	1	42	41	48	48	2	33
37	1	43	5	48	48	3	0
37	1	43	11	48	48	3	inf
37	1	43	12	48	48	2	33
37	1	43	17	48	48	3	26
37	1	43	22	48	48	2	33
37	1	43	29	48	48	3	0
37	1	43	36	48	48	2	4
37	1	43	41	48	48	3	11
37	1	43	46	48	48	2	4
37	1	44	3	48	48	2	33
37	1	44	10	48	48	3	0
37	1	44	17	48	48	2	4
37	1	44	22	48	48	3	11
37	1	44	27	48	48	2	4
37	1	44	34	48	48	3	0
37	1	44	40	48	48	3	inf
37	1	44	41	48	48	2	33
37	1	44	46	48	48	3	26
37	1	45	3	48	48	3	11
37	1	45	8	48	48	2	4
37	1	45	15	48	48	3	0
37	1	45	21	48	48	3	inf
37	1	45	22	48	48	2	33
37	1	45	27	48	48	3	26
37	1	45	32	48	48	2	33
37	1	45	39	48	48	3	0
37	1	45	46	48	48	2	4
37	1	46	2	48	48	3	inf
37	1	46	3	48	48	2	33
37	1	46	8	48	48	3	26
37	1	46	13	48	48	2	33
37	1	46	20	48	48	3	0
37	1	46	27	48	48	2	4
37	1	46	32	48	48	3	11
37	1	46	37	48	48	2	4
37	1	46	44	48	48	3	0
37	1	47	1	48	48	3	0
37	1	47	8	48	48	2	4
37	1	47	13	48	48	3	11
37	1	47	18	48	48	2	4
37	1	47	25	48	48	3	0
37	1	47	31	48	48	3	inf
37	1	47	32	48	48	2	33
37	1	47	37	48	48	3	26
37	1	47	42	48	48	2	33
37	2	0	6	48	48	3	0
37	2	0	13	48	48	2	4
37	2	0	18	48	48	3	11
37	2	0	23	48	48	2	4
37	2	0	30	48	48	3	0
37	2	0	36	48	48	3	inf
37	2	0	37	48	48	2	33
37	2	0	42	48	48	3	26
37	2	0	47	48	48	2	33
37	2	1	4	48	48	2	4
37	2	1	11	48	48	3	0
37	2	1	17	48	48	3	inf
37	2	1	18	48	48	2	33
37	2	1	23	48	48	3	26
37	2	1	28	48	48	2	33
37	2	1	35	48	48	3	0
37	2	1	42	48	48	2	4
37	2	1	47	48	48	3	11
37	2	2	4	48	48	3	26
37	2	2	9	48	48	2	33
37	2	2	16	48	48	3	0
37	2	2	23	48	48	2	4
37	2	2	28	48	48	3	11
37	2	2	33	48	48	2	4
37	2	2	40	48	48	3	0
37	2	2	46	48	48	3	inf
37	2	2	47	48	48	2	33
37	2	3	4	48	48	2	4
37	2	3	9	48	48	3	11
37	2	3	14	48	48	2	4
37	2	3	21	48	48	3	0
37	2	3	27	48	48	3	inf
37	2	3	28	48	48	2	33
37	2	3	33	48	48	3	26
37	2	3	38	48	48	2	33
37	2	3	45	48	48	3	0
37	2	4	2	48	48	3	0
37	2	4	8	48	48	3	inf
37	2	4	9	48	48	2	33
37	2	4	14	48	48	3	26
37	2	4	19	48	48	2	33
37	2	4	26	48	48	3	0
37	2	4	33	48	48	2	4
37	2	4	38	48	48	3	11
37	2	4	43	48	48	2	4
37	2	5	0	48	48	2	33
37	2	5	7	48	48	3	0
37	2	5	14	48	48	2	4
37	2	5	19	48	48	3	11
37	2	5	24	48	48	2	4
37	2	5	31	48	48	3	0
37	2	5	37	48	48	3	inf
37	2	5	38	48	48	2	33
37	2	5	43	48	48	3	26
37	2	6	0	48	48	3	11
37	2	6	5	48	48	2	4
37	2	6	12	48	48	3	0
37	2	6	18	48	48	3	inf
37	2	6	19	48	48	2	33
37	2	6	24	48	48	3	26
37	2	6	29	48	48	2	33
37	2	6	36	48	48	3	0
37	2	6	43	48	48	2	4
37	2	7	0	48	48	2	33
37	2	7	5	48	48	3	26
37	2	7	10	48	48	2	33
37	2	7	17	48	48	3	0
37	2	7	24	48	48	2	4
37	2	7	29	48	48	3	11
37	2	7	34	48	48	2	4
37	2	7	41	48	48	3	0
37	2	7	47	48	48	3	inf
37	2	8	5	48	48	2	4
37	2	8	10	48	48	3	11
37	2	8	15	48	48	2	4
37	2	8	22	48	48	3	0
37	2	8	28	48	48	3	inf
37	2	8	29	48	48	2	33
37	2	8	34	48	48	3	26
37	2	8	39	48	48	2	33
37	2	8	46	48	48	3	0
37	2	9	3	48	48	3	0
37	2	9	9	48	48	3	inf
37	2	9	10	48	48	2	33
37	2	9	15	48	48	3	26
37	2	9	20	48	48	2	33
37	2	9	27	48	48	3	0
37	2	9	34	48	48	2	4
37	2	9	39	48	48	3	11
37	2	9	44	48	48	2	4
37	2	10	1	48	48	2	33
37	2	10	8	48	48	3	0
37	2	10	15	48	48	2	4
37	2	10	20	48	48	3	11
37	2	10	25	48	48	2	4
37	2	10	32	48	48	3	0
37	2	10	38	48	48	3	inf
37	2	10	39	48	48	2	33
37	2	10	44	48	48	3	26
37	2	11	1	48	48	3	11
37	2	11	6	48	48	2	4
37	2	11	13	48	48	3	0
37	2	11	19	48	48	3	inf
37	2	11	20	48	48	2	33
37	2	11	25	48	48	3	26
37	2	11	30	48	48	2	33
37	2	11	37	48	48	3	0
37	2	11	44	48	48	2	4
37	2	12	0	48	48	3	inf
37	2	12	1	48	48	2	33
37	2	12	6	48	48	3	26
37	2	12	11	48	48	2	33
37	2	12	18	48	48	3	0
37	2	12	25	48	48	2	4
37	2	12	30	48	48	3	11
37	2	12	35	48	48	2	4
37	2	12	42	48	48	3	0
37	2	13	6	48	48	2	4
37	2	13	11	48	48	3	11
37	2	13	16	48	48	2	4
37	2	13	23	48	48	3	0
37	2	13	29	48	48	3	inf
37	2	13	30	48	48	2	33
37	2	13	35	48	48	3	26
37	2	13	40	48	48	2	33
37	2	13	47	48	48	3	0
37	2	14	4	48	48	3	0
37	2	14	10	48	48	3	inf
37	2	14	11	48	48	2	33
37	2	14	16	48	48	3	26
37	2	14	21	48	48	2	33
37	2	14	28	48	48	3	0
37	2	14	35	48	48	2	4
37	2	14	40	48	48	3	11
37	2	14	45	48	48	2	4
37	2	15	2	48	48	2	33
37	2	15	9	48	48	3	0
37	2	15	16	48	48	2	4
37	2	15	21	48	48	3	11
37	2	15	26	48	48	2	4
37	2	15	33	48	48	3	0
37	2	15	39	48	48	3	inf
37	2	15	40	48	48	2	33
37	2	15	45	48	48	3	26
37	2	16	2	48	48	3	11
37	2	16	7	48	48	2	4
37	2	16	14	48	48	3	0
37	2	16	20	48	48	3	inf
37	2	16	21	48	48	2	33
37	2	16	26	48	48	3	26
37	2	16	31	48	48	2	33
37	2	16	38	48	48	3	0
37	2	16	45	48	48	2	4
37	2	17	1	48	48	3	inf
37	2	17	2	48	48	2	33
37	2	17	7	48	48	3	26
37	2	17	12	48	48	2	33
37	2	17	19	48	48	3	0
37	2	17	26	48	48	2	4
37	2	17	31	48	48	3	11
37	2	17	36	48	48	2	4
37	2	17	43	48	48	3	0
37	2	18	0	48	48	3	0
37	2	18	7	48	48	2	4
37	2	18	12	48	48	3	11
37	2	18	17	48	48	2	4
37	2	18	24	48	48	3	0
37	2	18	30	48	48	3	inf
37	2	18	31	48	48	2	33
37	2	18	36	48	48	3	26
37	2	18	41	48	48	2	33
37	2	19	5	48	48	3	0
37	2	19	11	48	48	3	inf
37	2	19	12	48	48	2	33
37	2	19	17	48	48	3	26
37	2	19	22	48	48	2	33
37	2	19	29	48	48	3	0
37	2	19	36	48	48	2	4
37	2	19	41	48	48	3	11
37	2	19	46	48	48	2	4
37	2	20	3	48	48	2	33
37	2	20	10	48	48	3	0
37	2	20	17	48	48	2	4
37	2	20	22	48	48	3	11
37	2	20	27	48	48	2	4
37	2	20	34	48	48	3	0
37	2	20	40	48	48	3	inf
37	2	20	41	48	48	2	33
37	2	20	46	48	48	3	26
37	2	21	3	48	48	3	11
37	2	21	8	48	48	2	4
37	2	21	15	48	48	3	0
37	2	21	21	48	48	3	inf
37	2	21	22	48	48	2	33
37	2	21	27	48	48	3	26
37	2	21	32	48	48	2	33
37	2	21	39	48	48	3	0
37	2	21	46	48	48	2	4
37	2	22	2	48	48	3	inf
37	2	22	3	48	48	2	33
37	2	22	8	48	48	3	26
37	2	22	13	48	48	2	33
37	2	22	20	48	48	3	0
37	2	22	27	48	48	2	4
37	2	22	32	48	48	3	11
37	2	22	37	48	48	2	4
37	2	22	44	48	48	3	0
37	2	23	1	48	48	3	0
37	2	23	8	48	48	2	4
37	2	23	13	48	48	3	11
37	2	23	18	48	48	2	4
37	2	23	25	48	48	3	0
37	2	23	31	48	48	3	inf
37	2	23	32	48	48	2	33
37	2	23	37	48	48	3	26
37	2	23	42	48	48	2	33
37	2	24	6	48	48	3	0
37	2	24	12	48	48	3	inf
37	2	24	13	48	48	2	33
37	2	24	18	48	48	3	26
37	2	24	23	48	48	2	33
37	2	24	30	48	48	3	0
37	2	24	37	48	48	2	4
37	2	24	42	48	48	3	11
37	2	24	47	48	48	2	4
37	2	25	4	48	48	2	33
37	2	25	11	48	48	3	0
37	2	25	18	48	48	2	4
37	2	25	23	48	48	3	11
37	2	25	28	48	48	2	4
37	2	25	35	48	48	3	0
37	2	25	41	48	48	3	inf
37	2	25	42	48	48	2	33
37	2	25	47	48	48	3	26
37	2	26	4	48	48	3	11
37	2	26	9	48	48	2	4
37	2	26	16	48	48	3	0
37	2	26	22	48	48	3	inf
37	2	26	23	48	48	2	33
37	2	26	28	48	48	3	26
37	2	26	33	48	48	2	33
37	2	26	40	48	48	3	0
37	2	26	47	48	48	2	4
37	2	27	3	48	48	3	inf
37	2	27	4	48	48	2	33
37	2	27	9	48	48	3	26
37	2	27	14	48	48	2	33
37	2	27	21	48	48	3	0
37	2	27	28	48	48	2	4
37	2	27	33	48	48	3	11
37	2	27	38	48	48	2	4
37	2	27	45	48	48	3	0
37	2	28	2	48	48	3	0
37	2	28	9	48	48	2	4
37	2	28	14	48	48	3	11
37	2	28	19	48	48	2	4
37	2	28	26	48	48	3	0
37	2	28	32	48	48	3	inf
37	2	28	33	48	48	2	33
37	2	28	38	48	48	3	26
37	2	28	43	48	48	2	33
37	2	29	0	48	48	2	4
37	2	29	7	48	48	3	0
37	2	29	13	48	48	3	inf
37	2	29	14	48	48	2	33
37	2	29	19	48	48	3	26
37	2	29	24	48	48	2	33
37	2	29	31	48	48	3	0
37	2	29	38	48	48	2	4
37	2	29	43	48	48	3	11
37	2	30	0	48	48	3	26
37	2	30	5	48	48	2	33
37	2	30	12	48	48	3	0
37	2	30	19	48	48	2	4
37	2	30	24	48	48	3	11
37	2	30	29	48	48	2	4
37	2	30	36	48	48	3	0
37	2	30	42	48	48	3	inf
37	2	30	43	48	48	2	33
37	2	31	0	48	48	2	4
37	2	31	5	48	48	3	11
37	2	31	10	48	48	2	4
37	2	31	17	48	48	3	0
37	2	31	23	48	48	3	inf
37	2	31	24	48	48	2	33
37	2	31	29	48	48	3	26
37	2	31	34	48	48	2	33
37	2	31	41	48	48	3	0
37	2	32	4	48	48	3	inf
37	2	32	5	48	48	2	33
37	2	32	10	48	48	3	26
37	2	32	15	48	48	2	33
37	2	32	22	48	48	3	0
37	2	32	29	48	48	2	4
37	2	32	34	48	48	3	11
37	2	32	39	48	48	2	4
37	2	32	46	48	48	3	0
37	2	33	3	48	48	3	0
37	2	33	10	48	48	2	4
37	2	33	15	48	48	3	11
37	2	33	20	48	48	2	4
37	2	33	27	48	48	3	0
37	2	33	33	48	48	3	inf
37	2	33	34	48	48	2	33
37	2	33	39	48	48	3	26
37	2	33	44	48	48	2	33
37	2	34	1	48	48	2	4
37	2	34	8	48	48	3	0
37	2	34	14	48	48	3	inf
37	2	34	15	48	48	2	33
37	2	34	20	48	48	3	26
37	2	34	25	48	48	2	33
37	2	34	32	48	48	3	0
37	2	34	39	48	48	2	4
37	2	34	44	48	48	3	11
37	2	35	1	48	48	3	26
37	2	35	6	48	48	2	33
37	2	35	13	48	48	3	0
37	2	35	20	48	48	2	4
37	2	35	25	48	48	3	11
37	2	35	30	48	48	2	4
37	2	35	37	48	48	3	0
37	2	35	43	48	48	3	inf
37	2	35	44	48	48	2	33
37	2	36	1	48	48	2	4
37	2	36	6	48	48	3	11
37	2	36	11	48	48	2	4
37	2	36	18	48	48	3	0
37	2	36	24	48	48	3	inf
37	2	36	25	48	48	2	33
37	2	36	30	48	48	3	26
37	2	36	35	48	48	2	33
37	2	36	42	48	48	3	0
37	2	37	5	48	48	3	inf
37	2	37	6	48	48	2	33
37	2	37	11	48	48	3	26
37	2	37	16	48	48	2	33
37	2	37	23	48	48	3	0
37	2	37	30	48	48	2	4
37	2	37	35	48	48	3	11
37	2	37	40	48	48	2	4
37	2	37	47	48	48	3	0
37	2	38	4	48	48	3	0
37	2	38	11	48	48	2	4
37	2	38	16	48	48	3	11
37	2	38	21	48	48	2	4
37	2	38	28	48	48	3	0
37	2	38	34	48	48	3	inf
37	2	38	35	48	48	2	33
37	2	38	40	48	48	3	26
37	2	38	45	48	48	2	33
37	2	39	2	48	48	2	4
37	2	39	9	48	48	3	0
37	2	39	15	48	48	3	inf
37	2	39	16	48	48	2	33
37	2	39	21	48	48	3	26
37	2	39	26	48	48	2	33
37	2	39	33	48	48	3	0
37	2	39	40	48	48	2	4
37	2	39	45	48	48	3	11
37	2	40	2	48	48	3	26
37	2	40	7	48	48	2	33
37	2	40	14	48	48	3	0
37	2	40	21	48	48	2	4
37	2	40	26	48	48	3	11
37	2	40	31	48	48	2	4
37	2	40	38	48	48	3	0
37	2	40	44	48	48	3	inf
37	2	40	45	48	48	2	33
37	2	41	2	48	48	2	4
37	2	41	7	48	48	3	11
37	2	41	12	48	48	2	4
37	2	41	19	48	48	3	0
37	2	41	25	48	48	3	inf
37	2	41	26	48	48	2	33
37	2	41	31	48	48	3	26
37	2	41	36	48	48	2	33
37	2	41	43	48	48	3	0
37	2	42	0	48	48	3	0
37	2	42	6	48	48	3	inf
37	2	42	7	48	48	2	33
37	2	42	12	48	48	3	26
37	2	42	17	48	48	2	33
37	2	42	24	48	48	3	0
37	2	42	31	48	48	2	4
37	2	42	36	48	48	3	11
37	2	42	41	48	48	2	4
37	2	43	5	48	48	3	0
37	2	43	12	48	48	2	4
37	2	43	17	48	48	3	11
37	2	43	22	48	48	2	4
37	2	43	29	48	48	3	0
37	2	43	35	48	48	3	inf
37	2	43	36	48	48	2	33
37	2	43	41	48	48	3	26
37	2	43	46	48	48	2	33
37	2	44	3	48	48	2	4
37	2	44	10	48	48	3	0
37	2	44	16	48	48	3	inf
37	2	44	17	48	48	2	33
37	2	44	22	48	48	3	26
37	2	44	27	48	48	2	33
37	2	44	34	48	48	3	0
37	2	44	41	48	48	2	4
37	2	44	46	48	48	3	11
37	2	45	3	48	48	3	26
37	2	45	8	48	48	2	33
37	2	45	15	48	48	3	0
37	2	45	22	48	48	2	4
37	2	45	27	48	48	3	11
37	2	45	32	48	48	2	4
37	2	45	39	48	48	3	0
37	2	45	45	48	48	3	inf
37	2	45	46	48	48	2	33
37	2	46	3	48	48	2	4
37	2	46	8	48	48	3	11
37	2	46	13	48	48	2	4
37	2	46	20	48	48	3	0
37	2	46	26	48	48	3	inf
37	2	46	27	48	48	2	33
37	2	46	32	48	48	3	26
37	2	46	37	48	48	2	33
37	2	46	44	48	48	3	0
37	2	47	1	48	48	3	0
37	2	47	7	48	48	3	inf
37	2	47	8	48	48	2	33
37	2	47	13	48	48	3	26
37	2	47	18	48	48	2	33
37	2	47	25	48	48	3	0
37	2	47	32	48	48	2	4
37	2	47	37	48	48	3	11
37	2	47	42	48	48	2	4
53	1	0	0	64	64	2	1
53	1	0	10	64	64	3	0
53	1	0	12	64	64	3	inf
53	1	0	20	64	64	2	52
53	1	0	21	64	64	2	30
53	1	0	24	64	64	2	28
53	1	0	26	64	64	3	5
53	1	0	28	64	64	2	28
53	1	0	31	64	64	2	30
53	1	0	32	64	64	2	52
53	1	0	42	64	64	3	0
53	1	0	52	64	64	2	1
53	1	0	53	64	64	2	23
53	1	0	56	64	64	2	25
53	1	0	58	64	64	3	48
53	1	0	60	64	64	2	25
53	1	0	63	64	64	2	23
53	1	1	1	64	64	2	28
53	1	1	4	64	64	2	30
53	1	1	5	64	64	2	52
53	1	1	15	64	64	3	0
53	1	1	25	64	64	2	1
53	1	1	26	64	64	2	23
53	1	1	29	64	64	2	25
53	1	1	31	64	64	3	48
53	1	1	33	64	64	2	25
53	1	1	36	64	64	2	23
53	1	1	37	64	64	2	1
53	1	1	47	64	64	3	0
53	1	1	49	64	64	3	inf
53	1	1	57	64	64	2	52
53	1	1	58	64	64	2	30
53	1	1	61	64	64	2	28
53	1	1	63	64	64	3	5
53	1	2	2	64	64	2	25
53	1	2	4	64	64	3	48
53	1	2	6	64	64	2	25
53	1	2	9	64	64	2	23
53	1	2	10	64	64	2	1
53	1	2	20	64	64	3	0
53	1	2	22	64	64	3	inf
53	1	2	30	64	64	2	52
53	1	2	31	64	64	2	30
53	1	2	34	64	64	2	28
53	1	2	36	64	64	3	5
53	1	2	38	64	64	2	28
53	1	2	41	64	64	2	30
53	1	2	42	64	64	2	52
53	1	2	52	64	64	3	0
53	1	2	62	64	64	2	1
53	1	2	63	64	64	2	23
53	1	3	3	64	64	2	52
53	1	3	4	64	64	2	30
53	1	3	7	64	64	2	28
53	1	3	9	64	64	3	5
53	1	3	11	64	64	2	28
53	1	3	14	64	64	2	30
53	1	3	15	64	64	2	52
53	1	3	25	64	64	3	0
53	1	3	35	64	64	2	1
53	1	3	36	64	64	2	23
53	1	3	39	64	64	2	25
53	1	3	41	64	64	3	48
53	1	3	43	64	64	2	25
53	1	3	46	64	64	2	23
53	1	3	47	64	64	2	1
53	1	3	57	64	64	3	0
53	1	3	59	64	64	3	inf
53	1	4	8	64	64	2	1
53	1	4	9	64	64	2	23
53	1	4	12	64	64	2	25
53	1	4	14	64	64	3	48
53	1	4	16	64	64	2	25
53	1	4	19	64	64	2	23
53	1	4	20	64	64	2	1
53	1	4	30	64	64	3	0
53	1	4	32	64	64	3	inf
53	1	4	40	64	64	2	52
53	1	4	41	64	64	2	30
53	1	4	44	64	64	2	28
53	1	4	46	64	64	3	5
53	1	4	48	64	64	2	28
53	1	4	51	64	64	2	30
53	1	4	52	64	64	2	52
53	1	4	62	64	64	3	0
53	1	5	3	64	64	3	0
53	1	5	5	64	64	3	inf
53	1	5	13	64	64	2	52
53	1	5	14	64	64	2	30
53	1	5	17	64	64	2	28
53	1	5	19	64	64	3	5
53	1	5	21	64	64	2	28
53	1	5	24	64	64	2	30
53	1	5	25	64	64	2	52
53	1	5	35	64	64	3	0
53	1	5	45	64	64	2	1
53	1	5	46	64	64	2	23
53	1	5	49	64	64	2	25
53	1	5	51	64	64	3	48
53	1	5	53	64	64	2	25
53	1	5	56	64	64	2	23
53	1	5	57	64	64	2	1
53	1	6	8	64	64	3	0
53	1	6	18	64	64	2	1
53	1	6	19	64	64	2	23
53	1	6	22	64	64	2	25
53	1	6	24	64	64	3	48
53	1	6	26	64	64	2	25
53	1	6	29	64	64	2	23
53	1	6	30	64	64	2	1
53	1	6	40	64	64	3	0
53	1	6	42	64	64	3	inf
53	1	6	50	64	64	2	52
53	1	6	51	64	64	2	30
53	1	6	54	64	64	2	28
53	1	6	56	64	64	3	5
53	1	6	58	64	64	2	28
53	1	6	61	64	64	2	30
53	1	6	62	64	64	2	52
53	1	7	2	64	64	2	23
53	1	7	3	64	64	2	1
53	1	7	13	64	64	3	0
53	1	7	15	64	64	3	inf
53	1	7	23	64	64	2	52
53	1	7	24	64	64	2	30
53	1	7	27	64	64	2	28
53	1	7	29	64	64	3	5
53	1	7	31	64	64	2	28
53	1	7	34	64	64	2	30
53	1	7	35	64	64	2	52
53	1	7	45	64	64	3	0
53	1	7	55	64	64	2	1
53	1	7	56	64	64	2	23
53	1	7	59	64	64	2	25
53	1	7	61	64	64	3	48
53	1	7	63	64	64	2	25
53	1	8	0	64	64	2	28
53	1	8	2	64	64	3	5
53	1	8	4	64	64	2	28
53	1	8	7	64	64	2	30
53	1	8	8	64	64	2	52
53	1	8	18	64	64	3	0
53	1	8	28	64	64	2	1
53	1	8	29	64	64	2	23
53	1	8	32	64	64	2	25
53	1	8	34	64	64	3	48
53	1	8	36	64	64	2	25
53	1	8	39	64	64	2	23
53	1	8	40	64	64	2	1
53	1	8	50	64	64	3	0
53	1	8	52	64	64	3	inf
53	1	8	60	64	64	2	52
53	1	8	61	64	64	2	30
53	1	9	1	64	64	2	1
53	1	9	2	64	64	2	23
53	1	9	5	64	64	2	25
53	1	9	7	64	64	3	48
53	1	9	9	64	64	2	25
53	1	9	12	64	64	2	23
53	1	9	13	64	64	2	1
53	1	9	23	64	64	3	0
53	1	9	25	64	64	3	inf
53	1	9	33	64	64	2	52
53	1	9	34	64	64	2	30
53	1	9	37	64	64	2	28
53	1	9	39	64	64	3	5
53	1	9	41	64	64	2	28
53	1	9	44	64	64	2	30
53	1	9	45	64	64	2	52
53	1	9	55	64	64	3	0
53	1	10	6	64	64	2	52
53	1	10	7	64	64	2	30
53	1	10	10	64	64	2	28
53	1	10	12	64	64	3	5
53	1	10	14	64	64	2	28
53	1	10	17	64	64	2	30
53	1	10	18	64	64	2	52
53	1	10	28	64	64	3	0
53	1	10	38	64	64	2	1
53	1	10	39	64	64	2	23
53	1	10	42	64	64	2	25
53	1	10	44	64	64	3	48
53	1	10	46	64	64	2	25
53	1	10	49	64	64	2	23
53	1	10	50	64	64	2	1
53	1	10	60	64	64	3	0
53	1	10	62	64	64	3	inf
53	1	11	1	64	64	3	0
53	1	11	11	64	64	2	1
53	1	11	12	64	64	2	23
53	1	11	15	64	64	2	25
53	1	11	17	64	64	3	48
53	1	11	19	64	64	2	25
53	1	11	22	64	64	2	23
53	1	11	23	64	64	2	1
53	1	11	33	64	64	3	0
53	1	11	35	64	64	3	inf
53	1	11	43	64	64	2	52
53	1	11	44	64	64	2	30
53	1	11	47	64	64	2	28
53	1	11	49	64	64	3	5
53	1	11	51	64	64	2	28
53	1	11	54	64	64	2	30
53	1	11	55	64	64	2	52
53	1	12	6	64	64	3	0
53	1	12	8	64	64	3	inf
53	1	12	16	64	64	2	52
53	1	12	17	64	64	2	30
53	1	12	20	64	64	2	28
53	1	12	22	64	64	3	5
53	1	12	24	64	64	2	28
53	1	12	27	64	64	2	30
53	1	12	28	64	64	2	52
53	1	12	38	64	64	3	0
53	1	12	48	64	64	2	1
53	1	12	49	64	64	2	23
53	1	12	52	64	64	2	25
53	1	12	54	64	64	3	48
53	1	12	56	64	64	2	25
53	1	12	59	64	64	2	23
53	1	12	60	64	64	2	1
53	1	13	0	64	64	2	30
53	1	13	1	64	64	2	52
53	1	13	11	64	64	3	0
53	1	13	21	64	64	2	1
53	1	13	22	64	64	2	23
53	1	13	25	64	64	2	25
53	1	13	27	64	64	3	48
53	1	13	29	64	64	2	25
53	1	13	32	64	64	2	23
53	1	13	33	64	64	2	1
53	1	13	43	64	64	3	0
53	1	13	45	64	64	3	inf
53	1	13	53	64	64	2	52
53	1	13	54	64	64	2	30
53	1	13	57	64	64	2	28
53	1	13	59	64	64	3	5
53	1	13	61	64	64	2	28
53	1	14	0	64	64	3	48
53	1	14	2	64	64	2	25
53	1	14	5	64	64	2	23
53	1	14	6	64	64	2	1
53	1	14	16	64	64	3	0
53	1	14	18	64	64	3	inf
53	1	14	26	64	64	2	52
53	1	14	27	64	64	2	30
53	1	14	30	64	64	2	28
53	1	14	32	64	64	3	5
53	1	14	34	64	64	2	28
53	1	14	37	64	64	2	30
53	1	14	38	64	64	2	52
53	1	14	48	64	64	3	0
53	1	14	58	64	64	2	1
53	1	14	59	64	64	2	23
53	1	14	62	64	64	2	25
53	1	15	0	64	64	2	30
53	1	15	3	64	64	2	28
53	1	15	5	64	64	3	5
53	1	15	7	64	64	2	28
53	1	15	10	64	64	2	30
53	1	15	11	64	64	2	52
53	1	15	21	64	64	3	0
53	1	15	31	64	64	2	1
53	1	15	32	64	64	2	23
53	1	15	35	64	64	2	25
53	1	15	37	64	64	3	48
53	1	15	39	64	64	2	25
53	1	15	42	64	64	2	23
53	1	15	43	64	64	2	1
53	1	15	53	64	64	3	0
53	1	15	55	64	64	3	inf
53	1	15	63	64	64	2	52
53	1	16	4	64	64	2	1
53	1	16	5	64	64	2	23
53	1	16	8	64	64	2	25
53	1	16	10	64	64	3	48
53	1	16	12	64	64	2	25
53	1	16	15	64	64	2	23
53	1	16	16	64	64	2	1
53	1	16	26	64	64	3	0
53	1	16	28	64	64	3	inf
53	1	16	36	64	64	2	52
53	1	16	37	64	64	2	30
53	1	16	40	64	64	2	28
53	1	16	42	64	64	3	5
53	1	16	44	64	64	2	28
53	1	16	47	64	64	2	30
53	1	16	48	64	64	2	52
53	1	16	58	64	64	3	0
53	1	17	1	64	64	3	inf
53	1	17	9	64	64	2	52
53	1	17	10	64	64	2	30
53	1	17	13	64	64	2	28
53	1	17	15	64	64	3	5
53	1	17	17	64	64	2	28
53	1	17	20	64	64	2	30
53	1	17	21	64	64	2	52
53	1	17	31	64	64	3	0
53	1	17	41	64	64	2	1
53	1	17	42	64	64	2	23
53	1	17	45	64	64	2	25
53	1	17	47	64	64	3	48
53	1	17	49	64	64	2	25
53	1	17	52	64	64	2	23
53	1	17	53	64	64	2	1
53	1	17	63	64	64	3	0
53	1	18	4	64	64	3	0
53	1	18	14	64	64	2	1
53	1	18	15	64	64	2	23
53	1	18	18	64	64	2	25
53	1	18	20	64	64	3	48
53	1	18	22	64	64	2	25
53	1	18	25	64	64	2	23
53	1	18	26	64	64	2	1
53	1	18	36	64	64	3	0
53	1	18	38	64	64	3	inf
53	1	18	46	64	64	2	52
53	1	18	47	64	64	2	30
53	1	18	50	64	64	2	28
53	1	18	52	64	64	3	5
53	1	18	54	64	64	2	28
53	1	18	57	64	64	2	30
53	1	18	58	64	64	2	52
53	1	19	9	64	64	3	0
53	1	19	11	64	64	3	inf
53	1	19	19	64	64	2	52
53	1	19	20	64	64	2	30
53	1	19	23	64	64	2	28
53	1	19	25	64	64	3	5
53	1	19	27	64	64	2	28
53	1	19	30	64	64	2	30
53	1	19	31	64	64	2	52
53	1	19	41	64	64	3	0
53	1	19	51	64	64	2	1
53	1	19	52	64	64	2	23
53	1	19	55	64	64	2	25
53	1	19	57	64	64	3	48
53	1	19	59	64	64	2	25
53	1	19	62	64	64	2	23
53	1	19	63	64	64	2	1
53	1	20	0	64	64	2	28
53	1	20	3	64	64	2	30
53	1	20	4	64	64	2	52
53	1	20	14	64	64	3	0
53	1	20	24	64	64	2	1
53	1	20	25	64	64	2	23
53	1	20	28	64	64	2	25
53	1	20	30	64	64	3	48
53	1	20	32	64	64	2	25
53	1	20	35	64	64	2	23
53	1	20	36	64	64	2	1
53	1	20	46	64	64	3	0
53	1	20	48	64	64	3	inf
53	1	20	56	64	64	2	52
53	1	20	57	64	64	2	30
53	1	20	60	64	64	2	28
53	1	20	62	64	64	3	5
53	1	21	1	64	64	2	25
53	1	21	3	64	64	3	48
53	1	21	5	64	64	2	25
53	1	21	8	64	64	2	23
53	1	21	9	64	64	2	1
53	1	21	19	64	64	3	0
53	1	21	21	64	64	3	inf
53	1	21	29	64	64	2	52
53	1	21	30	64	64	2	30
53	1	21	33	64	64	2	28
53	1	21	35	64	64	3	5
53	1	21	37	64	64	2	28
53	1	21	40	64	64	2	30
53	1	21	41	64	64	2	52
53	1	21	51	64	64	3	0
53	1	21	61	64	64	2	1
53	1	21	62	64	64	2	23
53	1	22	2	64	64	2	52
53	1	22	3	64	64	2	30
53	1	22	6	64	64	2	28
53	1	22	8	64	64	3	5
53	1	22	10	64	64	2	28
53	1	22	13	64	64	2	30
53	1	22	14	64	64	2	52
53	1	22	24	64	64	3	0
53	1	22	34	64	64	2	1
53	1	22	35	64	64	2	23
53	1	22	38	64	64	2	25
53	1	22	40	64	64	3	48
53	1	22	42	64	64	2	25
53	1	22	45	64	64	2	23
53	1	22	46	64	64	2	1
53	1	22	56	64	64	3	0
53	1	22	58	64	64	3	inf
53	1	23	7	64	64	2	1
53	1	23	8	64	64	2	23
53	1	23	11	64	64	2	25
53	1	23	13	64	64	3	48
53	1	23	15	64	64	2	25
53	1	23	18	64	64	2	23
53	1	23	19	64	64	2	1
53	1	23	29	64	64	3	0
53	1	23	31	64	64	3	inf
53	1	23	39	64	64	2	52
53	1	23	40	64	64	2	30
53	1	23	43	64	64	2	28
53	1	23	45	64	64	3	5
53	1	23	47	64	64	2	28
53	1	23	50	64	64	2	30
53	1	23	51	64	64	2	52
53	1	23	61	64	64	3	0
53	1	24	2	64	64	3	0
53	1	24	4	64	64	3	inf
53	1	24	12	64	64	2	52
53	1	24	13	64	64	2	30
53	1	24	16	64	64	2	28
53	1	24	18	64	64	3	5
53	1	24	20	64	64	2	28
53	1	24	23	64	64	2	30
53	1	24	24	64	64	2	52
53	1	24	34	64	64	3	0
53	1	24	44	64	64	2	1
53	1	24	45	64	64	2	23
53	1	24	48	64	64	2	25
53	1	24	50	64	64	3	48
53	1	24	52	64	64	2	25
53	1	24	55	64	64	2	23
53	1	24	56	64	64	2	1
53	1	25	7	64	64	3	0
53	1	25	17	64	64	2	1
53	1	25	18	64	64	2	23
53	1	25	21	64	64	2	25
53	1	25	23	64	64	3	48
53	1	25	25	64	64	2	25
53	1	25	28	64	64	2	23
53	1	25	29	64	64	2	1
53	1	25	39	64	64	3	0
53	1	25	41	64	64	3	inf
53	1	25	49	64	64	2	52
53	1	25	50	64	64	2	30
53	1	25	53	64	64	2	28
53	1	25	55	64	64	3	5
53	1	25	57	64	64	2	28
53	1	25	60	64	64	2	30
53	1	25	61	64	64	2	52
53	1	26	1	64	64	2	23
53	1	26	2	64	64	2	1
53	1	26	12	64	64	3	0
53	1	26	14	64	64	3	inf
53	1	26	22	64	64	2	52
53	1	26	23	64	64	2	30
53	1	26	26	64	64	2	28
53	1	26	28	64	64	3	5
53	1	26	30	64	64	2	28
53	1	26	33	64	64	2	30
53	1	26	34	64	64	2	52
53	1	26	44	64	64	3	0
53	1	26	54	64	64	2	1
53	1	26	55	64	64	2	23
53	1	26	58	64	64	2	25
53	1	26	60	64	64	3	48
53	1	26	62	64	64	2	25
53	1	27	1	64	64	3	5
53	1	27	3	64	64	2	28
53	1	27	6	64	64	2	30
53	1	27	7	64	64	2	52
53	1	27	17	64	64	3	0
53	1	27	27	64	64	2	1
53	1	27	28	64	64	2	23
53	1	27	31	64	64	2	25
53	1	27	33	64	64	3	48
53	1	27	35	64	64	2	25
53	1	27	38	64	64	2	23
53	1	27	39	64	64	2	1
53	1	27	49	64	64	3	0
53	1	27	51	64	64	3	inf
53	1	27	59	64	64	2	52
53	1	27	60	64	64	2	30
53	1	27	63	64	64	2	28
53	1	28	0	64	64	2	1
53	1	28	1	64	64	2	23
53	1	28	4	64	64	2	25
53	1	28	6	64	64	3	48
53	1	28	8	64	64	2	25
53	1	28	11	64	64	2	23
53	1	28	12	64	64	2	1
53	1	28	22	64	64	3	0
53	1	28	24	64	64	3	inf
53	1	28	32	64	64	2	52
53	1	28	33	64	64	2	30
53	1	28	36	64	64	2	28
53	1	28	38	64	64	3	5
53	1	28	40	64	64	2	28
53	1	28	43	64	64	2	30
53	1	28	44	64	64	2	52
53	1	28	54	64	64	3	0
53	1	29	5	64	64	2	52
53	1	29	6	64	64	2	30
53	1	29	9	64	64	2	28
53	1	29	11	64	64	3	5
53	1	29	13	64	64	2	28
53	1	29	16	64	64	2	30
53	1	29	17	64	64	2	52
53	1	29	27	64	64	3	0
53	1	29	37	64	64	2	1
53	1	29	38	64	64	2	23
53	1	29	41	64	64	2	25
53	1	29	43	64	64	3	48
53	1	29	45	64	64	2	25
53	1	29	48	64	64	2	23
53	1	29	49	64	64	2	1
53	1	29	59	64	64	3	0
53	1	29	61	64	64	3	inf
53	1	30	0	64	64	3	0
53	1	30	10	64	64	2	1
53	1	30	11	64	64	2	23
53	1	30	14	64	64	2	25
53	1	30	16	64	64	3	48
53	1	30	18	64	64	2	25
53	1	30	21	64	64	2	23
53	1	30	22	64	64	2	1
53	1	30	32	64	64	3	0
53	1	30	34	64	64	3	inf
53	1	30	42	64	64	2	52
53	1	30	43	64	64	2	30
53	1	30	46	64	64	2	28
53	1	30	48	64	64	3	5
53	1	30	50	64	64	2	28
53	1	30	53	64	64	2	30
53	1	30	54	64	64	2	52
53	1	31	5	64	64	3	0
53	1	31	7	64	64	3	inf
53	1	31	15	64	64	2	52
53	1	31	16	64	64	2	30
53	1	31	19	64	64	2	28
53	1	31	21	64	64	3	5
53	1	31	23	64	64	2	28
53	1	31	26	64	64	2	30
53	1	31	27	64	64	2	52
53	1	31	37	64	64	3	0
53	1	31	47	64	64	2	1
53	1	31	48	64	64	2	23
53	1	31	51	64	64	2	25
53	1	31	53	64	64	3	48
53	1	31	55	64	64	2	25
53	1	31	58	64	64	2	23
53	1	31	59	64	64	2	1
53	1	32	0	64	64	2	52
53	1	32	10	64	64	3	0
53	1	32	20	64	64	2	1
53	1	32	21	64	64	2	23
53	1	32	24	64	64	2	25
53	1	32	26	64	64	3	48
53	1	32	28	64	64	2	25
53	1	32	31	64	64	2	23
53	1	32	32	64	64	2	1
53	1	32	42	64	64	3	0
53	1	32	44	64	64	3	inf
53	1	32	52	64	64	2	52
53	1	32	53	64	64	2	30
53	1	32	56	64	64	2	28
53	1	32	58	64	64	3	5
53	1	32	60	64	64	2	28
53	1	32	63	64	64	2	30
53	1	33	1	64	64	2	25
53	1	33	4	64	64	2	23
53	1	33	5	64	64	2	1
53	1	33	15	64	64	3	0
53	1	33	17	64	64	3	inf
53	1	33	25	64	64	2	52
53	1	33	26	64	64	2	30
53	1	33	29	64	64	2	28
53	1	33	31	64	64	3	5
53	1	33	33	64	64	2	28
53	1	33	36	64	64	2	30
53	1	33	37	64	64	2	52
53	1	33	47	64	64	3	0
53	1	33	57	64	64	2	1
53	1	33	58	64	64	2	23
53	1	33	61	64	64	2	25
53	1	33	63	64	64	3	48
53	1	34	2	64	64	2	28
53	1	34	4	64	64	3	5
53	1	34	6	64	64	2	28
53	1	34	9	64	64	2	30
53	1	34	10	64	64	2	52
53	1	34	20	64	64	3	0
53	1	34	30	64	64	2	1
53	1	34	31	64	64	2	23
53	1	34	34	64	64	2	25
53	1	34	36	64	64	3	48
53	1	34	38	64	64	2	25
53	1	34	41	64	64	2	23
53	1	34	42	64	64	2	1
53	1	34	52	64	64	3	0
53	1	34	54	64	64	3	inf
53	1	34	62	64	64	2	52
53	1	34	63	64	64	2	30
53	1	35	3	64	64	2	1
53	1	35	4	64	64	2	23
53	1	35	7	64	64	2	25
53	1	35	9	64	64	3	48
53	1	35	11	64	64	2	25
53	1	35	14	64	64	2	23
53	1	35	15	64	64	2	1
53	1	35	25	64	64	3	0
53	1	35	27	64	64	3	inf
53	1	35	35	64	64	2	52
53	1	35	36	64	64	2	30
53	1	35	39	64	64	2	28
53	1	35	41	64	64	3	5
53	1	35	43	64	64	2	28
53	1	35	46	64	64	2	30
53	1	35	47	64	64	2	52
53	1	35	57	64	64	3	0
53	1	36	0	64	64	3	inf
53	1	36	8	64	64	2	52
53	1	36	9	64	64	2	30
53	1	36	12	64	64	2	28
53	1	36	14	64	64	3	5
53	1	36	16	64	64	2	28
53	1	36	19	64	64	2	30
53	1	36	20	64	64	2	52
53	1	36	30	64	64	3	0
53	1	36	40	64	64	2	1
53	1	36	41	64	64	2	23
53	1	36	44	64	64	2	25
53	1	36	46	64	64	3	48
53	1	36	48	64	64	2	25
53	1	36	51	64	64	2	23
53	1	36	52	64	64	2	1
53	1	36	62	64	64	3	0
53	1	37	3	64	64	3	0
53	1	37	13	64	64	2	1
53	1	37	14	64	64	2	23
53	1	37	17	64	64	2	25
53	1	37	19	64	64	3	48
53	1	37	21	64	64	2	25
53	1	37	24	64	64	2	23
53	1	37	25	64	64	2	1
53	1	37	35	64	64	3	0
53	1	37	37	64	64	3	inf
53	1	37	45	64	64	2	52
53	1	37	46	64	64	2	30
53	1	37	49	64	64	2	28
53	1	37	51	64	64	3	5
53	1	37	53	64	64	2	28
53	1	37	56	64	64	2	30
53	1	37	57	64	64	2	52
53	1	38	8	64	64	3	0
53	1	38	10	64	64	3	inf
53	1	38	18	64	64	2	52
53	1	38	19	64	64	2	30
53	1	38	22	64	64	2	28
53	1	38	24	64	64	3	5
53	1	38	26	64	64	2	28
53	1	38	29	64	64	2	30
53	1	38	30	64	64	2	52
53	1	38	40	64	64	3	0
53	1	38	50	64	64	2	1
53	1	38	51	64	64	2	23
53	1	38	54	64	64	2	25
53	1	38	56	64	64	3	48
53	1	38	58	64	64	2	25
53	1	38	61	64	64	2	23
53	1	38	62	64	64	2	1
53	1	39	2	64	64	2	30
53	1	39	3	64	64	2	52
53	1	39	13	64	64	3	0
53	1	39	23	64	64	2	1
53	1	39	24	64	64	2	23
53	1	39	27	64	64	2	25
53	1	39	29	64	64	3	48
53	1	39	31	64	64	2	25
53	1	39	34	64	64	2	23
53	1	39	35	64	64	2	1
53	1	39	45	64	64	3	0
53	1	39	47	64	64	3	inf
53	1	39	55	64	64	2	52
53	1	39	56	64	64	2	30
53	1	39	59	64	64	2	28
53	1	39	61	64	64	3	5
53	1	39	63	64	64	2	28
53	1	40	0	64	64	2	25
53	1	40	2	64	64	3	48
53	1	40	4	64	64	2	25
53	1	40	7	64	64	2	23
53	1	40	8	64	64	2	1
53	1	40	18	64	64	3	0
53	1	40	20	64	64	3	inf
53	1	40	28	64	64	2	52
53	1	40	29	64	64	2	30
53	1	40	32	64	64	2	28
53	1	40	34	64	64	3	5
53	1	40	36	64	64	2	28
53	1	40	39	64	64	2	30
53	1	40	40	64	64	2	52
53	1	40	50	64	64	3	0
53	1	40	60	64	64	2	1
53	1	40	61	64	64	2	23
53	1	41	1	64	64	2	52
53	1	41	2	64	64	2	30
53	1	41	5	64	64	2	28
53	1	41	7	64	64	3	5
53	1	41	9	64	64	2	28
53	1	41	12	64	64	2	30
53	1	41	13	64	64	2	52
53	1	41	23	64	64	3	0
53	1	41	33	64	64	2	1
53	1	41	34	64	64	2	23
53	1	41	37	64	64	2	25
53	1	41	39	64	64	3	48
53	1	41	41	64	64	2	25
53	1	41	44	64	64	2	23
53	1	41	45	64	64	2	1
53	1	41	55	64	64	3	0
53	1	41	57	64	64	3	inf
53	1	42	6	64	64	2	1
53	1	42	7	64	64	2	23
53	1	42	10	64	64	2	25
53	1	42	12	64	64	3	48
53	1	42	14	64	64	2	25
53	1	42	17	64	64	2	23
53	1	42	18	64	64	2	1
53	1	42	28	64	64	3	0
53	1	42	30	64	64	3	inf
53	1	42	38	64	64	2	52
53	1	42	39	64	64	2	30
53	1	42	42	64	64	2	28
53	1	42	44	64	64	3	5
53	1	42	46	64	64	2	28
53	1	42	49	64	64	2	30
53	1	42	50	64	64	2	52
53	1	42	60	64	64	3	0
53	1	43	1	64	64	3	0
53	1	43	3	64	64	3	inf
53	1	43	11	64	64	2	52
53	1	43	12	64	64	2	30
53	1	43	15	64	64	2	28
53	1	43	17	64	64	3	5
53	1	43	19	64	64	2	28
53	1	43	22	64	64	2	30
53	1	43	23	64	64	2	52
53	1	43	33	64	64	3	0
53	1	43	43	64	64	2	1
53	1	43	44	64	64	2	23
53	1	43	47	64	64	2	25
53	1	43	49	64	64	3	48
53	1	43	51	64	64	2	25
53	1	43	54	64	64	2	23
53	1	43	55	64	64	2	1
53	1	44	6	64	64	3	0
53	1	44	16	64	64	2	1
53	1	44	17	64	64	2	23
53	1	44	20	64	64	2	25
53	1	44	22	64	64	3	48
53	1	44	24	64	64	2	25
53	1	44	27	64	64	2	23
53	1	44	28	64	64	2	1
53	1	44	38	64	64	3	0
53	1	44	40	64	64	3	inf
53	1	44	48	64	64	2	52
53	1	44	49	64	64	2	30
53	1	44	52	64	64	2	28
53	1	44	54	64	64	3	5
53	1	44	56	64	64	2	28
53	1	44	59	64	64	2	30
53	1	44	60	64	64	2	52
53	1	45	0	64	64	2	23
53	1	45	1	64	64	2	1
53	1	45	11	64	64	3	0
53	1	45	13	64	64	3	inf
53	1	45	21	64	64	2	52
53	1	45	22	64	64	2	30
53	1	45	25	64	64	2	28
53	1	45	27	64	64	3	5
53	1	45	29	64	64	2	28
53	1	45	32	64	64	2	30
53	1	45	33	64	64	2	52
53	1	45	43	64	64	3	0
53	1	45	53	64	64	2	1
53	1	45	54	64	64	2	23
53	1	45	57	64	64	2	25
53	1	45	59	64	64	3	48
53	1	45	61	64	64	2	25
53	1	46	0	64	64	3	5
53	1	46	2	64	64	2	28
53	1	46	5	64	64	2	30
53	1	46	6	64	64	2	52
53	1	46	16	64	64	3	0
53	1	46	26	64	64	2	1
53	1	46	27	64	64	2	23
53	1	46	30	64	64	2	25
53	1	46	32	64	64	3	48
53	1	46	34	64	64	2	25
53	1	46	37	64	64	2	23
53	1	46	38	64	64	2	1
53	1	46	48	64	64	3	0
53	1	46	50	64	64	3	inf
53	1	46	58	64	64	2	52
53	1	46	59	64	64	2	30
53	1	46	62	64	64	2	28
53	1	47	0	64	64	2	23
53	1	47	3	64	64	2	25
53	1	47	5	64	64	3	48
53	1	47	7	64	64	2	25
53	1	47	10	64	64	2	23
53	1	47	11	64	64	2	1
53	1	47	21	64	64	3	0
53	1	47	23	64	64	3	inf
53	1	47	31	64	64	2	52
53	1	47	32	64	64	2	30
53	1	47	35	64	64	2	28
53	1	47	37	64	64	3	5
53	1	47	39	64	64	2	28
53	1	47	42	64	64	2	30
53	1	47	43	64	64	2	52
53	1	47	53	64	64	3	0
53	1	47	63	64	64	2	1
53	1	48	4	64	64	2	52
53	1	48	5	64	64	2	30
53	1	48	8	64	64	2	28
53	1	48	10	64	64	3	5
53	1	48	12	64	64	2	28
53	1	48	15	64	64	2	30
53	1	48	16	64	64	2	52
53	1	48	26	64	64	3	0
53	1	48	36	64	64	2	1
53	1	48	37	64	64	2	23
53	1	48	40	64	64	2	25
53	1	48	42	64	64	3	48
53	1	48	44	64	64	2	25
53	1	48	47	64	64	2	23
53	1	48	48	64	64	2	1
53	1	48	58	64	64	3	0
53	1	48	60	64	64	3	inf
53	1	49	9	64	64	2	1
53	1	49	10	64	64	2	23
53	1	49	13	64	64	2	25
53	1	49	15	64	64	3	48
53	1	49	17	64	64	2	25
53	1	49	20	64	64	2	23
53	1	49	21	64	64	2	1
53	1	49	31	64	64	3	0
53	1	49	33	64	64	3	inf
53	1	49	41	64	64	2	52
53	1	49	42	64	64	2	30
53	1	49	45	64	64	2	28
53	1	49	47	64	64	3	5
53	1	49	49	64	64	2	28
53	1	49	52	64	64	2	30
53	1	49	53	64	64	2	52
53	1	49	63	64	64	3	0
53	1	50	4	64	64	3	0
53	1	50	6	64	64	3	inf
53	1	50	14	64	64	2	52
53	1	50	15	64	64	2	30
53	1	50	18	64	64	2	28
53	1	50	20	64	64	3	5
53	1	50	22	64	64	2	28
53	1	50	25	64	64	2	30
53	1	50	26	64	64	2	52
53	1	50	36	64	64	3	0
53	1	50	46	64	64	2	1
53	1	50	47	64	64	2	23
53	1	50	50	64	64	2	25
53	1	50	52	64	64	3	48
53	1	50	54	64	64	2	25
53	1	50	57	64	64	2	23
53	1	50	58	64	64	2	1
53	1	51	9	64	64	3	0
53	1	51	19	64	64	2	1
53	1	51	20	64	64	2	23
53	1	51	23	64	64	2	25
53	1	51	25	64	64	3	48
53	1	51	27	64	64	2	25
53	1	51	30	64	64	2	23
53	1	51	31	64	64	2	1
53	1	51	41	64	64	3	0
53	1	51	43	64	64	3	inf
53	1	51	51	64	64	2	52
53	1	51	52	64	64	2	30
53	1	51	55	64	64	2	28
53	1	51	57	64	64	3	5
53	1	51	59	64	64	2	28
53	1	51	62	64	64	2	30
53	1	51	63	64	64	2	52
53	1	52	0	64	64	2	25
53	1	52	3	64	64	2	23
53	1	52	4	64	64	2	1
53	1	52	14	64	64	3	0
53	1	52	16	64	64	3	inf
53	1	52	24	64	64	2	52
53	1	52	25	64	64	2	30
53	1	52	28	64	64	2	28
53	1	52	30	64	64	3	5
53	1	52	32	64	64	2	28
53	1	52	35	64	64	2	30
53	1	52	36	64	64	2	52
53	1	52	46	64	64	3	0
53	1	52	56	64	64	2	1
53	1	52	57	64	64	2	23
53	1	52	60	64	64	2	25
53	1	52	62	64	64	3	48
53	1	53	1	64	64	2	28
53	1	53	3	64	64	3	5
53	1	53	5	64	64	2	28
53	1	53	8	64	64	2	30
53	1	53	9	64	64	2	52
53	1	53	19	64	64	3	0
53	1	53	29	64	64	2	1
53	1	53	30	64	64	2	23
53	1	53	33	64	64	2	25
53	1	53	35	64	64	3	48
53	1	53	37	64	64	2	25
53	1	53	40	64	64	2	23
53	1	53	41	64	64	2	1
53	1	53	51	64	64	3	0
53	1	53	53	64	64	3	inf
53	1	53	61	64	64	2	52
53	1	53	62	64	64	2	30
53	1	54	2	64	64	2	1
53	1	54	3	64	64	2	23
53	1	54	6	64	64	2	25
53	1	54	8	64	64	3	48
53	1	54	10	64	64	2	25
53	1	54	13	64	64	2	23
53	1	54	14	64	64	2	1
53	1	54	24	64	64	3	0
53	1	54	26	64	64	3	inf
53	1	54	34	64	64	2	52
53	1	54	35	64	64	2	30
53	1	54	38	64	64	2	28
53	1	54	40	64	64	3	5
53	1	54	42	64	64	2	28
53	1	54	45	64	64	2	30
53	1	54	46	64	64	2	52
53	1	54	56	64	64	3	0
53	1	55	7	64	64	2	52
53	1	55	8	64	64	2	30
53	1	55	11	64	64	2	28
53	1	55	13	64	64	3	5
53	1	55	15	64	64	2	28
53	1	55	18	64	64	2	30
53	1	55	19	64	64	2	52
53	1	55	29	64	64	3	0
53	1	55	39	64	64	2	1
53	1	55	40	64	64	2	23
53	1	55	43	64	64	2	25
53	1	55	45	64	64	3	48
53	1	55	47	64	64	2	25
53	1	55	50	64	64	2	23
53	1	55	51	64	64	2	1
53	1	55	61	64	64	3	0
53	1	55	63	64	64	3	inf
53	1	56	2	64	64	3	0
53	1	56	12	64	64	2	1
53	1	56	13	64	64	2	23
53	1	56	16	64	64	2	25
53	1	56	18	64	64	3	48
53	1	56	20	64	64	2	25
53	1	56	23	64	64	2	23
53	1	56	24	64	64	2	1
53	1	56	34	64	64	3	0
53	1	56	36	64	64	3	inf
53	1	56	44	64	64	2	52
53	1	56	45	64	64	2	30
53	1	56	48	64	64	2	28
53	1	56	50	64	64	3	5
53	1	56	52	64	64	2	28
53	1	56	55	64	64	2	30
53	1	56	56	64	64	2	52
53	1	57	7	64	64	3	0
53	1	57	9	64	64	3	inf
53	1	57	17	64	64	2	52
53	1	57	18	64	64	2	30
53	1	57	21	64	64	2	28
53	1	57	23	64	64	3	5
53	1	57	25	64	64	2	28
53	1	57	28	64	64	2	30
53	1	57	29	64	64	2	52
53	1	57	39	64	64	3	0
53	1	57	49	64	64	2	1
53	1	57	50	64	64	2	23
53	1	57	53	64	64	2	25
53	1	57	55	64	64	3	48
53	1	57	57	64	64	2	25
53	1	57	60	64	64	2	23
53	1	57	61	64	64	2	1
53	1	58	1	64	64	2	30
53	1	58	2	64	64	2	52
53	1	58	12	64	64	3	0
53	1	58	22	64	64	2	1
53	1	58	23	64	64	2	23
53	1	58	26	64	64	2	25
53	1	58	28	64	64	3	48
53	1	58	30	64	64	2	25
53	1	58	33	64	64	2	23
53	1	58	34	64	64	2	1
53	1	58	44	64	64	3	0
53	1	58	46	64	64	3	inf
53	1	58	54	64	64	2	52
53	1	58	55	64	64	2	30
53	1	58	58	64	64	2	28
53	1	58	60	64	64	3	5
53	1	58	62	64	64	2	28
53	1	59	1	64	64	3	48
53	1	59	3	64	64	2	25
53	1	59	6	64	64	2	23
53	1	59	7	64	64	2	1
53	1	59	17	64	64	3	0
53	1	59	19	64	64	3	inf
53	1	59	27	64	64	2	52
53	1	59	28	64	64	2	30
53	1	59	31	64	64	2	28
53	1	59	33	64	64	3	5
53	1	59	35	64	64	2	28
53	1	59	38	64	64	2	30
53	1	59	39	64	64	2	52
53	1	59	49	64	64	3	0
53	1	59	59	64	64	2	1
53	1	59	60	64	64	2	23
53	1	59	63	64	64	2	25
53	1	60	0	64	64	2	52
53	1	60	1	64	64	2	30
53	1	60	4	64	64	2	28
53	1	60	6	64	64	3	5
53	1	60	8	64	64	2	28
53	1	60	11	64	64	2	30
53	1	60	12	64	64	2	52
53	1	60	22	64	64	3	0
53	1	60	32	64	64	2	1
53	1	60	33	64	64	2	23
53	1	60	36	64	64	2	25
53	1	60	38	64	64	3	48
53	1	60	40	64	64	2	25
53	1	60	43	64	64	2	23
53	1	60	44	64	64	2	1
53	1	60	54	64	64	3	0
53	1	60	56	64	64	3	inf
53	1	61	5	64	64	2	1
53	1	61	6	64	64	2	23
53	1	61	9	64	64	2	25
53	1	61	11	64	64	3	48
53	1	61	13	64	64	2	25
53	1	61	16	64	64	2	23
53	1	61	17	64	64	2	1
53	1	61	27	64	64	3	0
53	1	61	29	64	64	3	inf
53	1	61	37	64	64	2	52
53	1	61	38	64	64	2	30
53	1	61	41	64	64	2	28
53	1	61	43	64	64	3	5
53	1	61	45	64	64	2	28
53	1	61	48	64	64	2	30
53	1	61	49	64	64	2	52
53	1	61	59	64	64	3	0
53	1	62	0	64	64	3	0
53	1	62	2	64	64	3	inf
53	1	62	10	64	64	2	52
53	1	62	11	64	64	2	30
53	1	62	14	64	64	2	28
53	1	62	16	64	64	3	5
53	1	62	18	64	64	2	28
53	1	62	21	64	64	2	30
53	1	62	22	64	64	2	52
53	1	62	32	64	64	3	0
53	1	62	42	64	64	2	1
53	1	62	43	64	64	2	23
53	1	62	46	64	64	2	25
53	1	62	48	64	64	3	48
53	1	62	50	64	64	2	25
53	1	62	53	64	64	2	23
53	1	62	54	64	64	2	1
53	1	63	5	64	64	3	0
53	1	63	15	64	64	2	1
53	1	63	16	64	64	2	23
53	1	63	19	64	64	2	25
53	1	63	21	64	64	3	48
53	1	63	23	64	64	2	25
53	1	63	26	64	64	2	23
53	1	63	27	64	64	2	1
53	1	63	37	64	64	3	0
53	1	63	39	64	64	3	inf
53	1	63	47	64	64	2	52
53	1	63	48	64	64	2	30
53	1	63	51	64	64	2	28
53	1	63	53	64	64	3	5
53	1	63	55	64	64	2	28
53	1	63	58	64	64	2	30
53	1	63	59	64	64	2	52
53	2	0	0	64	64	2	52
53	2	0	10	64	64	3	0
53	2	0	20	64	64	2	1
53	2	0	21	64	64	2	23
53	2	0	24	64	64	2	25
53	2	0	26	64	64	3	48
53	2	0	28	64	64	2	25
53	2	0	31	64	64	2	23
53	2	0	32	64	64	2	1
53	2	0	42	64	64	3	0
53	2	0	44	64	64	3	inf
53	2	0	52	64	64	2	52
53	2	0	53	64	64	2	30
53	2	0	56	64	64	2	28
53	2	0	58	64	64	3	5
53	2	0	60	64	64	2	28
53	2	0	63	64	64	2	30
53	2	1	1	64	64	2	25
53	2	1	4	64	64	2	23
53	2	1	5	64	64	2	1
53	2	1	15	64	64	3	0
53	2	1	17	64	64	3	inf
53	2	1	25	64	64	2	52
53	2	1	26	64	64	2	30
53	2	1	29	64	64	2	28
53	2	1	31	64	64	3	5
53	2	1	33	64	64	2	28
53	2	1	36	64	64	2	30
53	2	1	37	64	64	2	52
53	2	1	47	64	64	3	0
53	2	1	57	64	64	2	1
53	2	1	58	64	64	2	23
53	2	1	61	64	64	2	25
53	2	1	63	64	64	3	48
53	2	2	2	64	64	2	28
53	2	2	4	64	64	3	5
53	2	2	6	64	64	2	28
53	2	2	9	64	64	2	30
53	2	2	10	64	64	2	52
53	2	2	20	64	64	3	0
53	2	2	30	64	64	2	1
53	2	2	31	64	64	2	23
53	2	2	34	64	64	2	25
53	2	2	36	64	64	3	48
53	2	2	38	64	64	2	25
53	2	2	41	64	64	2	23
53	2	2	42	64	64	2	1
53	2	2	52	64	64	3	0
53	2	2	54	64	64	3	inf
53	2	2	62	64	64	2	52
53	2	2	63	64	64	2	30
53	2	3	3	64	64	2	1
53	2	3	4	64	64	2	23
53	2	3	7	64	64	2	25
53	2	3	9	64	64	3	48
53	2	3	11	64	64	2	25
53	2	3	14	64	64	2	23
53	2	3	15	64	64	2	1
53	2	3	25	64	64	3	0
53	2	3	27	64	64	3	inf
53	2	3	35	64	64	2	52
53	2	3	36	64	64	2	30
53	2	3	39	64	64	2	28
53	2	3	41	64	64	3	5
53	2	3	43	64	64	2	28
53	2	3	46	64	64	2	30
53	2	3	47	64	64	2	52
53	2	3	57	64	64	3	0
53	2	4	0	64	64	3	inf
53	2	4	8	64	64	2	52
53	2	4	9	64	64	2	30
53	2	4	12	64	64	2	28
53	2	4	14	64	64	3	5
53	2	4	16	64	64	2	28
53	2	4	19	64	64	2	30
53	2	4	20	64	64	2	52
53	2	4	30	64	64	3	0
53	2	4	40	64	64	2	1
53	2	4	41	64	64	2	23
53	2	4	44	64	64	2	25
53	2	4	46	64	64	3	48
53	2	4	48	64	64	2	25
53	2	4	51	64	64	2	23
53	2	4	52	64	64	2	1
53	2	4	62	64	64	3	0
53	2	5	3	64	64	3	0
53	2	5	13	64	64	2	1
53	2	5	14	64	64	2	23
53	2	5	17	64	64	2	25
53	2	5	19	64	64	3	48
53	2	5	21	64	64	2	25
53	2	5	24	64	64	2	23
53	2	5	25	64	64	2	1
53	2	5	35	64	64	3	0
53	2	5	37	64	64	3	inf
53	2	5	45	64	64	2	52
53	2	5	46	64	64	2	30
53	2	5	49	64	64	2	28
53	2	5	51	64	64	3	5
53	2	5	53	64	64	2	28
53	2	5	56	64	64	2	30
53	2	5	57	64	64	2	52
53	2	6	8	64	64	3	0
53	2	6	10	64	64	3	inf
53	2	6	18	64	64	2	52
53	2	6	19	64	64	2	30
53	2	6	22	64	64	2	28
53	2	6	24	64	64	3	5
53	2	6	26	64	64	2	28
53	2	6	29	64	64	2	30
53	2	6	30	64	64	2	52
53	2	6	40	64	64	3	0
53	2	6	50	64	64	2	1
53	2	6	51	64	64	2	23
53	2	6	54	64	64	2	25
53	2	6	56	64	64	3	48
53	2	6	58	64	64	2	25
53	2	6	61	64	64	2	23
53	2	6	62	64	64	2	1
53	2	7	2	64	64	2	30
53	2	7	3	64	64	2	52
53	2	7	13	64	64	3	0
53	2	7	23	64	64	2	1
53	2	7	24	64	64	2	23
53	2	7	27	64	64	2	25
53	2	7	29	64	64	3	48
53	2	7	31	64	64	2	25
53	2	7	34	64	64	2	23
53	2	7	35	64	64	2	1
53	2	7	45	64	64	3	0
53	2	7	47	64	64	3	inf
53	2	7	55	64	64	2	52
53	2	7	56	64	64	2	30
53	2	7	59	64	64	2	28
53	2	7	61	64	64	3	5
53	2	7	63	64	64	2	28
53	2	8	0	64	64	2	25
53	2	8	2	64	64	3	48
53	2	8	4	64	64	2	25
53	2	8	7	64	64	2	23
53	2	8	8	64	64	2	1
53	2	8	18	64	64	3	0
53	2	8	20	64	64	3	inf
53	2	8	28	64	64	2	52
53	2	8	29	64	64	2	30
53	2	8	32	64	64	2	28
53	2	8	34	64	64	3	5
53	2	8	36	64	64	2	28
53	2	8	39	64	64	2	30
53	2	8	40	64	64	2	52
53	2	8	50	64	64	3	0
53	2	8	60	64	64	2	1
53	2	8	61	64	64	2	23
53	2	9	1	64	64	2	52
53	2	9	2	64	64	2	30
53	2	9	5	64	64	2	28
53	2	9	7	64	64	3	5
53	2	9	9	64	64	2	28
53	2	9	12	64	64	2	30
53	2	9	13	64	64	2	52
53	2	9	23	64	64	3	0
53	2	9	33	64	64	2	1
53	2	9	34	64	64	2	23
53	2	9	37	64	64	2	25
53	2	9	39	64	64	3	48
53	2	9	41	64	64	2	25
53	2	9	44	64	64	2	23
53	2	9	45	64	64	2	1
53	2	9	55	64	64	3	0
53	2	9	57	64	64	3	inf
53	2	10	6	64	64	2	1
53	2	10	7	64	64	2	23
53	2	10	10	64	64	2	25
53	2	10	12	64	64	3	48
53	2	10	14	64	64	2	25
53	2	10	17	64	64	2	23
53	2	10	18	64	64	2	1
53	2	10	28	64	64	3	0
53	2	10	30	64	64	3	inf
53	2	10	38	64	64	2	52
53	2	10	39	64	64	2	30
53	2	10	42	64	64	2	28
53	2	10	44	64	64	3	5
53	2	10	46	64	64	2	28
53	2	10	49	64	64	2	30
53	2	10	50	64	64	2	52
53	2	10	60	64	64	3	0
53	2	11	1	64	64	3	0
53	2	11	3	64	64	3	inf
53	2	11	11	64	64	2	52
53	2	11	12	64	64	2	30
53	2	11	15	64	64	2	28
53	2	11	17	64	64	3	5
53	2	11	19	64	64	2	28
53	2	11	22	64	64	2	30
53	2	11	23	64	64	2	52
53	2	11	33	64	64	3	0
53	2	11	43	64	64	2	1
53	2	11	44	64	64	2	23
53	2	11	47	64	64	2	25
53	2	11	49	64	64	3	48
53	2	11	51	64	64	2	25
53	2	11	54	64	64	2	23
53	2	11	55	64	64	2	1
53	2	12	6	64	64	3	0
53	2	12	16	64	64	2	1
53	2	12	17	64	64	2	23
53	2	12	20	64	64	2	25
53	2	12	22	64	64	3	48
53	2	12	24	64	64	2	25
53	2	12	27	64	64	2	23
53	2	12	28	64	64	2	1
53	2	12	38	64	64	3	0
53	2	12	40	64	64	3	inf
53	2	12	48	64	64	2	52
53	2	12	49	64	64	2	30
53	2	12	52	64	64	2	28
53	2	12	54	64	64	3	5
53	2	12	56	64	64	2	28
53	2	12	59	64	64	2	30
53	2	12	60	64	64	2	52
53	2	13	0	64	64	2	23
53	2	13	1	64	64	2	1
53	2	13	11	64	64	3	0
53	2	13	13	64	64	3	inf
53	2	13	21	64	64	2	52
53	2	13	22	64	64	2	30
53	2	13	25	64	64	2	28
53	2	13	27	64	64	3	5
53	2	13	29	64	64	2	28
53	2	13	32	64	64	2	30
53	2	13	33	64	64	2	52
53	2	13	43	64	64	3	0
53	2	13	53	64	64	2	1
53	2	13	54	64	64	2	23
53	2	13	57	64	64	2	25
53	2	13	59	64	64	3	48
53	2	13	61	64	64	2	25
53	2	14	0	64	64	3	5
53	2	14	2	64	64	2	28
53	2	14	5	64	64	2	30
53	2	14	6	64	64	2	52
53	2	14	16	64	64	3	0
53	2	14	26	64	64	2	1
53	2	14	27	64	64	2	23
53	2	14	30	64	64	2	25
53	2	14	32	64	64	3	48
53	2	14	34	64	64	2	25
53	2	14	37	64	64	2	23
53	2	14	38	64	64	2	1
53	2	14	48	64	64	3	0
53	2	14	50	64	64	3	inf
53	2	14	58	64	64	2	52
53	2	14	59	64	64	2	30
53	2	14	62	64	64	2	28
53	2	15	0	64	64	2	23
53	2	15	3	64	64	2	25
53	2	15	5	64	64	3	48
53	2	15	7	64	64	2	25
53	2	15	10	64	64	2	23
53	2	15	11	64	64	2	1
53	2	15	21	64	64	3	0
53	2	15	23	64	64	3	inf
53	2	15	31	64	64	2	52
53	2	15	32	64	64	2	30
53	2	15	35	64	64	2	28
53	2	15	37	64	64	3	5
53	2	15	39	64	64	2	28
53	2	15	42	64	64	2	30
53	2	15	43	64	64	2	52
53	2	15	53	64	64	3	0
53	2	15	63	64	64	2	1
53	2	16	4	64	64	2	52
53	2	16	5	64	64	2	30
53	2	16	8	64	64	2	28
53	2	16	10	64	64	3	5
53	2	16	12	64	64	2	28
53	2	16	15	64	64	2	30
53	2	16	16	64	64	2	52
53	2	16	26	64	64	3	0
53	2	16	36	64	64	2	1
53	2	16	37	64	64	2	23
53	2	16	40	64	64	2	25
53	2	16	42	64	64	3	48
53	2	16	44	64	64	2	25
53	2	16	47	64	64	2	23
53	2	16	48	64	64	2	1
53	2	16	58	64	64	3	0
53	2	16	60	64	64	3	inf
53	2	17	9	64	64	2	1
53	2	17	10	64	64	2	23
53	2	17	13	64	64	2	25
53	2	17	15	64	64	3	48
53	2	17	17	64	64	2	25
53	2	17	20	64	64	2	23
53	2	17	21	64	64	2	1
53	2	17	31	64	64	3	0
53	2	17	33	64	64	3	inf
53	2	17	41	64	64	2	52
53	2	17	42	64	64	2	30
53	2	17	45	64	64	2	28
53	2	17	47	64	64	3	5
53	2	17	49	64	64	2	28
53	2	17	52	64	64	2	30
53	2	17	53	64	64	2	52
53	2	17	63	64	64	3	0
53	2	18	4	64	64	3	0
53	2	18	6	64	64	3	inf
53	2	18	14	64	64	2	52
53	2	18	15	64	64	2	30
53	2	18	18	64	64	2	28
53	2	18	20	64	64	3	5
53	2	18	22	64	64	2	28
53	2	18	25	64	64	2	30
53	2	18	26	64	64	2	52
53	2	18	36	64	64	3	0
53	2	18	46	64	64	2	1
53	2	18	47	64	64	2	23
53	2	18	50	64	64	2	25
53	2	18	52	64	64	3	48
53	2	18	54	64	64	2	25
53	2	18	57	64	64	2	23
53	2	18	58	64	64	2	1
53	2	19	9	64	64	3	0
53	2	19	19	64	64	2	1
53	2	19	20	64	64	2	23
53	2	19	23	64	64	2	25
53	2	19	25	64	64	3	48
53	2	19	27	64	64	2	25
53	2	19	30	64	64	2	23
53	2	19	31	64	64	2	1
53	2	19	41	64	64	3	0
53	2	19	43	64	64	3	inf
53	2	19	51	64	64	2	52
53	2	19	52	64	64	2	30
53	2	19	55	64	64	2	28
53	2	19	57	64	64	3	5
53	2	19	59	64	64	2	28
53	2	19	62	64	64	2	30
53	2	19	63	64	64	2	52
53	2	20	0	64	64	2	25
53	2	20	3	64	64	2	23
53	2	20	4	64	64	2	1
53	2	20	14	64	64	3	0
53	2	20	16	64	64	3	inf
53	2	20	24	64	64	2	52
53	2	20	25	64	64	2	30
53	2	20	28	64	64	2	28
53	2	20	30	64	64	3	5
53	2	20	32	64	64	2	28
53	2	20	35	64	64	2	30
53	2	20	36	64	64	2	52
53	2	20	46	64	64	3	0
53	2	20	56	64	64	2	1
53	2	20	57	64	64	2	23
53	2	20	60	64	64	2	25
53	2	20	62	64	64	3	48
53	2	21	1	64	64	2	28
53	2	21	3	64	64	3	5
53	2	21	5	64	64	2	28
53	2	21	8	64	64	2	30
53	2	21	9	64	64	2	52
53	2	21	19	64	64	3	0
53	2	21	29	64	64	2	1
53	2	21	30	64	64	2	23
53	2	21	33	64	64	2	25
53	2	21	35	64	64	3	48
53	2	21	37	64	64	2	25
53	2	21	40	64	64	2	23
53	2	21	41	64	64	2	1
53	2	21	51	64	64	3	0
53	2	21	53	64	64	3	inf
53	2	21	61	64	64	2	52
53	2	21	62	64	64	2	30
53	2	22	2	64	64	2	1
53	2	22	3	64	64	2	23
53	2	22	6	64	64	2	25
53	2	22	8	64	64	3	48
53	2	22	10	64	64	2	25
53	2	22	13	64	64	2	23
53	2	22	14	64	64	2	1
53	2	22	24	64	64	3	0
53	2	22	26	64	64	3	inf
53	2	22	34	64	64	2	52
53	2	22	35	64	64	2	30
53	2	22	38	64	64	2	28
53	2	22	40	64	64	3	5
53	2	22	42	64	64	2	28
53	2	22	45	64	64	2	30
53	2	22	46	64	64	2	52
53	2	22	56	64	64	3	0
53	2	23	7	64	64	2	52
53	2	23	8	64	64	2	30
53	2	23	11	64	64	2	28
53	2	23	13	64	64	3	5
53	2	23	15	64	64	2	28
53	2	23	18	64	64	2	30
53	2	23	19	64	64	2	52
53	2	23	29	64	64	3	0
53	2	23	39	64	64	2	1
53	2	23	40	64	64	2	23
53	2	23	43	64	64	2	25
53	2	23	45	64	64	3	48
53	2	23	47	64	64	2	25
53	2	23	50	64	64	2	23
53	2	23	51	64	64	2	1
53	2	23	61	64	64	3	0
53	2	23	63	64	64	3	inf
53	2	24	2	64	64	3	0
53	2	24	12	64	64	2	1
53	2	24	13	64	64	2	23
53	2	24	16	64	64	2	25
53	2	24	18	64	64	3	48
53	2	24	20	64	64	2	25
53	2	24	23	64	64	2	23
53	2	24	24	64	64	2	1
53	2	24	34	64	64	3	0
53	2	24	36	64	64	3	inf
53	2	24	44	64	64	2	52
53	2	24	45	64	64	2	30
53	2	24	48	64	64	2	28
53	2	24	50	64	64	3	5
53	2	24	52	64	64	2	28
53	2	24	55	64	64	2	30
53	2	24	56	64	64	2	52
53	2	25	7	64	64	3	0
53	2	25	9	64	64	3	inf
53	2	25	17	64	64	2	52
53	2	25	18	64	64	2	30
53	2	25	21	64	64	2	28
53	2	25	23	64	64	3	5
53	2	25	25	64	64	2	28
53	2	25	28	64	64	2	30
53	2	25	29	64	64	2	52
53	2	25	39	64	64	3	0
53	2	25	49	64	64	2	1
53	2	25	50	64	64	2	23
53	2	25	53	64	64	2	25
53	2	25	55	64	64	3	48
53	2	25	57	64	64	2	25
53	2	25	60	64	64	2	23
53	2	25	61	64	64	2	1
53	2	26	1	64	64	2	30
53	2	26	2	64	64	2	52
53	2	26	12	64	64	3	0
53	2	26	22	64	64	2	1
53	2	26	23	64	64	2	23
53	2	26	26	64	64	2	25
53	2	26	28	64	64	3	48
53	2	26	30	64	64	2	25
53	2	26	33	64	64	2	23
53	2	26	34	64	64	2	1
53	2	26	44	64	64	3	0
53	2	26	46	64	64	3	inf
53	2	26	54	64	64	2	52
53	2	26	55	64	64	2	30
53	2	26	58	64	64	2	28
53	2	26	60	64	64	3	5
53	2	26	62	64	64	2	28
53	2	27	1	64	64	3	48
53	2	27	3	64	64	2	25
53	2	27	6	64	64	2	23
53	2	27	7	64	64	2	1
53	2	27	17	64	64	3	0
53	2	27	19	64	64	3	inf
53	2	27	27	64	64	2	52
53	2	27	28	64	64	2	30
53	2	27	31	64	64	2	28
53	2	27	33	64	64	3	5
53	2	27	35	64	64	2	28
53	2	27	38	64	64	2	30
53	2	27	39	64	64	2	52
53	2	27	49	64	64	3	0
53	2	27	59	64	64	2	1
53	2	27	60	64	64	2	23
53	2	27	63	64	64	2	25
53	2	28	0	64	64	2	52
53	2	28	1	64	64	2	30
53	2	28	4	64	64	2	28
53	2	28	6	64	64	3	5
53	2	28	8	64	64	2	28
53	2	28	11	64	64	2	30
53	2	28	12	64	64	2	52
53	2	28	22	64	64	3	0
53	2	28	32	64	64	2	1
53	2	28	33	64	64	2	23
53	2	28	36	64	64	2	25
53	2	28	38	64	64	3	48
53	2	28	40	64	64	2	25
53	2	28	43	64	64	2	23
53	2	28	44	64	64	2	1
53	2	28	54	64	64	3	0
53	2	28	56	64	64	3	inf
53	2	29	5	64	64	2	1
53	2	29	6	64	64	2	23
53	2	29	9	64	64	2	25
53	2	29	11	64	64	3	48
53	2	29	13	64	64	2	25
53	2	29	16	64	64	2	23
53	2	29	17	64	64	2	1
53	2	29	27	64	64	3	0
53	2	29	29	64	64	3	inf
53	2	29	37	64	64	2	52
53	2	29	38	64	64	2	30
53	2	29	41	64	64	2	28
53	2	29	43	64	64	3	5
53	2	29	45	64	64	2	28
53	2	29	48	64	64	2	30
53	2	29	49	64	64	2	52
53	2	29	59	64	64	3	0
53	2	30	0	64	64	3	0
53	2	30	2	64	64	3	inf
53	2	30	10	64	64	2	52
53	2	30	11	64	64	2	30
53	2	30	14	64	64	2	28
53	2	30	16	64	64	3	5
53	2	30	18	64	64	2	28
53	2	30	21	64	64	2	30
53	2	30	22	64	64	2	52
53	2	30	32	64	64	3	0
53	2	30	42	64	64	2	1
53	2	30	43	64	64	2	23
53	2	30	46	64	64	2	25
53	2	30	48	64	64	3	48
53	2	30	50	64	64	2	25
53	2	30	53	64	64	2	23
53	2	30	54	64	64	2	1
53	2	31	5	64	64	3	0
53	2	31	15	64	64	2	1
53	2	31	16	64	64	2	23
53	2	31	19	64	64	2	25
53	2	31	21	64	64	3	48
53	2	31	23	64	64	2	25
53	2	31	26	64	64	2	23
53	2	31	27	64	64	2	1
53	2	31	37	64	64	3	0
53	2	31	39	64	64	3	inf
53	2	31	47	64	64	2	52
53	2	31	48	64	64	2	30
53	2	31	51	64	64	2	28
53	2	31	53	64	64	3	5
53	2	31	55	64	64	2	28
53	2	31	58	64	64	2	30
53	2	31	59	64	64	2	52
53	2	32	0	64	64	2	1
53	2	32	10	64	64	3	0
53	2	32	12	64	64	3	inf
53	2	32	20	64	64	2	52
53	2	32	21	64	64	2	30
53	2	32	24	64	64	2	28
53	2	32	26	64	64	3	5
53	2	32	28	64	64	2	28
53	2	32	31	64	64	2	30
53	2	32	32	64	64	2	52
53	2	32	42	64	64	3	0
53	2	32	52	64	64	2	1
53	2	32	53	64	64	2	23
53	2	32	56	64	64	2	25
53	2	32	58	64	64	3	48
53	2	32	60	64	64	2	25
53	2	32	63	64	64	2	23
53	2	33	1	64	64	2	28
53	2	33	4	64	64	2	30
53	2	33	5	64	64	2	52
53	2	33	15	64	64	3	0
53	2	33	25	64	64	2	1
53	2	33	26	64	64	2	23
53	2	33	29	64	64	2	25
53	2	33	31	64	64	3	48
53	2	33	33	64	64	2	25
53	2	33	36	64	64	2	23
53	2	33	37	64	64	2	1
53	2	33	47	64	64	3	0
53	2	33	49	64	64	3	inf
53	2	33	57	64	64	2	52
53	2	33	58	64	64	2	30
53	2	33	61	64	64	2	28
53	2	33	63	64	64	3	5
53	2	34	2	64	64	2	25
53	2	34	4	64	64	3	48
53	2	34	6	64	64	2	25
53	2	34	9	64	64	2	23
53	2	34	10	64	64	2	1
53	2	34	20	64	64	3	0
53	2	34	22	64	64	3	inf
53	2	34	30	64	64	2	52
53	2	34	31	64	64	2	30
53	2	34	34	64	64	2	28
53	2	34	36	64	64	3	5
53	2	34	38	64	64	2	28
53	2	34	41	64	64	2	30
53	2	34	42	64	64	2	52
53	2	34	52	64	64	3	0
53	2	34	62	64	64	2	1
53	2	34	63	64	64	2	23
53	2	35	3	64	64	2	52
53	2	35	4	64	64	2	30
53	2	35	7	64	64	2	28
53	2	35	9	64	64	3	5
53	2	35	11	64	64	2	28
53	2	35	14	64	64	2	30
53	2	35	15	64	64	2	52
53	2	35	25	64	64	3	0
53	2	35	35	64	64	2	1
53	2	35	36	64	64	2	23
53	2	35	39	64	64	2	25
53	2	35	41	64	64	3	48
53	2	35	43	64	64	2	25
53	2	35	46	64	64	2	23
53	2	35	47	64	64	2	1
53	2	35	57	64	64	3	0
53	2	35	59	64	64	3	inf
53	2	36	8	64	64	2	1
53	2	36	9	64	64	2	23
53	2	36	12	64	64	2	25
53	2	36	14	64	64	3	48
53	2	36	16	64	64	2	25
53	2	36	19	64	64	2	23
53	2	36	20	64	64	2	1
53	2	36	30	64	64	3	0
53	2	36	32	64	64	3	inf
53	2	36	40	64	64	2	52
53	2	36	41	64	64	2	30
53	2	36	44	64	64	2	28
53	2	36	46	64	64	3	5
53	2	36	48	64	64	2	28
53	2	36	51	64	64	2	30
53	2	36	52	64	64	2	52
53	2	36	62	64	64	3	0
53	2	37	3	64	64	3	0
53	2	37	5	64	64	3	inf
53	2	37	13	64	64	2	52
53	2	37	14	64	64	2	30
53	2	37	17	64	64	2	28
53	2	37	19	64	64	3	5
53	2	37	21	64	64	2	28
53	2	37	24	64	64	2	30
53	2	37	25	64	64	2	52
53	2	37	35	64	64	3	0
53	2	37	45	64	64	2	1
53	2	37	46	64	64	2	23
53	2	37	49	64	64	2	25
53	2	37	51	64	64	3	48
53	2	37	53	64	64	2	25
53	2	37	56	64	64	2	23
53	2	37	57	64	64	2	1
53	2	38	8	64	64	3	0
53	2	38	18	64	64	2	1
53	2	38	19	64	64	2	23
53	2	38	22	64	64	2	25
53	2	38	24	64	64	3	48
53	2	38	26	64	64	2	25
53	2	38	29	64	64	2	23
53	2	38	30	64	64	2	1
53	2	38	40	64	64	3	0
53	2	38	42	64	64	3	inf
53	2	38	50	64	64	2	52
53	2	38	51	64	64	2	30
53	2	38	54	64	64	2	28
53	2	38	56	64	64	3	5
53	2	38	58	64	64	2	28
53	2	38	61	64	64	2	30
53	2	38	62	64	64	2	52
53	2	39	2	64	64	2	23
53	2	39	3	64	64	2	1
53	2	39	13	64	64	3	0
53	2	39	15	64	64	3	inf
53	2	39	23	64	64	2	52
53	2	39	24	64	64	2	30
53	2	39	27	64	64	2	28
53	2	39	29	64	64	3	5
53	2	39	31	64	64	2	28
53	2	39	34	64	64	2	30
53	2	39	35	64	64	2	52
53	2	39	45	64	64	3	0
53	2	39	55	64	64	2	1
53	2	39	56	64	64	2	23
53	2	39	59	64	64	2	25
53	2	39	61	64	64	3	48
53	2	39	63	64	64	2	25
53	2	40	0	64	64	2	28
53	2	40	2	64	64	3	5
53	2	40	4	64	64	2	28
53	2	40	7	64	64	2	30
53	2	40	8	64	64	2	52
53	2	40	18	64	64	3	0
53	2	40	28	64	64	2	1
53	2	40	29	64	64	2	23
53	2	40	32	64	64	2	25
53	2	40	34	64	64	3	48
53	2	40	36	64	64	2	25
53	2	40	39	64	64	2	23
53	2	40	40	64	64	2	1
53	2	40	50	64	64	3	0
53	2	40	52	64	64	3	inf
53	2	40	60	64	64	2	52
53	2	40	61	64	64	2	30
53	2	41	1	64	64	2	1
53	2	41	2	64	64	2	23
53	2	41	5	64	64	2	25
53	2	41	7	64	64	3	48
53	2	41	9	64	64	2	25
53	2	41	12	64	64	2	23
53	2	41	13	64	64	2	1
53	2	41	23	64	64	3	0
53	2	41	25	64	64	3	inf
53	2	41	33	64	64	2	52
53	2	41	34	64	64	2	30
53	2	41	37	64	64	2	28
53	2	41	39	64	64	3	5
53	2	41	41	64	64	2	28
53	2	41	44	64	64	2	30
53	2	41	45	64	64	2	52
53	2	41	55	64	64	3	0
53	2	42	6	64	64	2	52
53	2	42	7	64	64	2	30
53	2	42	10	64	64	2	28
53	2	42	12	64	64	3	5
53	2	42	14	64	64	2	28
53	2	42	17	64	64	2	30
53	2	42	18	64	64	2	52
53	2	42	28	64	64	3	0
53	2	42	38	64	64	2	1
53	2	42	39	64	64	2	23
53	2	42	42	64	64	2	25
53	2	42	44	64	64	3	48
53	2	42	46	64	64	2	25
53	2	42	49	64	64	2	23
53	2	42	50	64	64	2	1
53	2	42	60	64	64	3	0
53	2	42	62	64	64	3	inf
53	2	43	1	64	64	3	0
53	2	43	11	64	64	2	1
53	2	43	12	64	64	2	23
53	2	43	15	64	64	2	25
53	2	43	17	64	64	3	48
53	2	43	19	64	64	2	25
53	2	43	22	64	64	2	23
53	2	43	23	64	64	2	1
53	2	43	33	64	64	3	0
53	2	43	35	64	64	3	inf
53	2	43	43	64	64	2	52
53	2	43	44	64	64	2	30
53	2	43	47	64	64	2	28
53	2	43	49	64	64	3	5
53	2	43	51	64	64	2	28
53	2	43	54	64	64	2	30
53	2	43	55	64	64	2	52
53	2	44	6	64	64	3	0
53	2	44	8	64	64	3	inf
53	2	44	16	64	64	2	52
53	2	44	17	64	64	2	30
53	2	44	20	64	64	2	28
53	2	44	22	64	64	3	5
53	2	44	24	64	64	2	28
53	2	44	27	64	64	2	30
53	2	44	28	64	64	2	52
53	2	44	38	64	64	3	0
53	2	44	48	64	64	2	1
53	2	44	49	64	64	2	23
53	2	44	52	64	64	2	25
53	2	44	54	64	64	3	48
53	2	44	56	64	64	2	25
53	2	44	59	64	64	2	23
53	2	44	60	64	64	2	1
53	2	45	0	64	64	2	30
53	2	45	1	64	64	2	52
53	2	45	11	64	64	3	0
53	2	45	21	64	64	2	1
53	2	45	22	64	64	2	23
53	2	45	25	64	64	2	25
53	2	45	27	64	64	3	48
53	2	45	29	64	64	2	25
53	2	45	32	64	64	2	23
53	2	45	33	64	64	2	1
53	2	45	43	64	64	3	0
53	2	45	45	64	64	3	inf
53	2	45	53	64	64	2	52
53	2	45	54	64	64	2	30
53	2	45	57	64	64	2	28
53	2	45	59	64	64	3	5
53	2	45	61	64	64	2	28
53	2	46	0	64	64	3	48
53	2	46	2	64	64	2	25
53	2	46	5	64	64	2	23
53	2	46	6	64	64	2	1
53	2	46	16	64	64	3	0
53	2	46	18	64	64	3	inf
53	2	46	26	64	64	2	52
53	2	46	27	64	64	2	30
53	2	46	30	64	64	2	28
53	2	46	32	64	64	3	5
53	2	46	34	64	64	2	28
53	2	46	37	64	64	2	30
53	2	46	38	64	64	2	52
53	2	46	48	64	64	3	0
53	2	46	58	64	64	2	1
53	2	46	59	64	64	2	23
53	2	46	62	64	64	2	25
53	2	47	0	64	64	2	30
53	2	47	3	64	64	2	28
53	2	47	5	64	64	3	5
53	2	47	7	64	64	2	28
53	2	47	10	64	64	2	30
53	2	47	11	64	64	2	52
53	2	47	21	64	64	3	0
53	2	47	31	64	64	2	1
53	2	47	32	64	64	2	23
53	2	47	35	64	64	2	25
53	2	47	37	64	64	3	48
53	2	47	39	64	64	2	25
53	2	47	42	64	64	2	23
53	2	47	43	64	64	2	1
53	2	47	53	64	64	3	0
53	2	47	55	64	64	3	inf
53	2	47	63	64	64	2	52
53	2	48	4	64	64	2	1
53	2	48	5	64	64	2	23
53	2	48	8	64	64	2	25
53	2	48	10	64	64	3	48
53	2	48	12	64	64	2	25
53	2	48	15	64	64	2	23
53	2	48	16	64	64	2	1
53	2	48	26	64	64	3	0
53	2	48	28	64	64	3	inf
53	2	48	36	64	64	2	52
53	2	48	37	64	64	2	30
53	2	48	40	64	64	2	28
53	2	48	42	64	64	3	5
53	2	48	44	64	64	2	28
53	2	48	47	64	64	2	30
53	2	48	48	64	64	2	52
53	2	48	58	64	64	3	0
53	2	49	1	64	64	3	inf
53	2	49	9	64	64	2	52
53	2	49	10	64	64	2	30
53	2	49	13	64	64	2	28
53	2	49	15	64	64	3	5
53	2	49	17	64	64	2	28
53	2	49	20	64	64	2	30
53	2	49	21	64	64	2	52
53	2	49	31	64	64	3	0
53	2	49	41	64	64	2	1
53	2	49	42	64	64	2	23
53	2	49	45	64	64	2	25
53	2	49	47	64	64	3	48
53	2	49	49	64	64	2	25
53	2	49	52	64	64	2	23
53	2	49	53	64	64	2	1
53	2	49	63	64	64	3	0
53	2	50	4	64	64	3	0
53	2	50	14	64	64	2	1
53	2	50	15	64	64	2	23
53	2	50	18	64	64	2	25
53	2	50	20	64	64	3	48
53	2	50	22	64	64	2	25
53	2	50	25	64	64	2	23
53	2	50	26	64	64	2	1
53	2	50	36	64	64	3	0
53	2	50	38	64	64	3	inf
53	2	50	46	64	64	2	52
53	2	50	47	64	64	2	30
53	2	50	50	64	64	2	28
53	2	50	52	64	64	3	5
53	2	50	54	64	64	2	28
53	2	50	57	64	64	2	30
53	2	50	58	64	64	2	52
53	2	51	9	64	64	3	0
53	2	51	11	64	64	3	inf
53	2	51	19	64	64	2	52
53	2	51	20	64	64	2	30
53	2	51	23	64	64	2	28
53	2	51	25	64	64	3	5
53	2	51	27	64	64	2	28
53	2	51	30	64	64	2	30
53	2	51	31	64	64	2	52
53	2	51	41	64	64	3	0
53	2	51	51	64	64	2	1
53	2	51	52	64	64	2	23
53	2	51	55	64	64	2	25
53	2	51	57	64	64	3	48
53	2	51	59	64	64	2	25
53	2	51	62	64	64	2	23
53	2	51	63	64	64	2	1
53	2	52	0	64	64	2	28
53	2	52	3	64	64	2	30
53	2	52	4	64	64	2	52
53	2	52	14	64	64	3	0
53	2	52	24	64	64	2	1
53	2	52	25	64	64	2	23
53	2	52	28	64	64	2	25
53	2	52	30	64	64	3	48
53	2	52	32	64	64	2	25
53	2	52	35	64	64	2	23
53	2	52	36	64	64	2	1
53	2	52	46	64	64	3	0
53	2	52	48	64	64	3	inf
53	2	52	56	64	64	2	52
53	2	52	57	64	64	2	30
53	2	52	60	64	64	2	28
53	2	52	62	64	64	3	5
53	2	53	1	64	64	2	25
53	2	53	3	64	64	3	48
53	2	53	5	64	64	2	25
53	2	53	8	64	64	2	23
53	2	53	9	64	64	2	1
53	2	53	19	64	64	3	0
53	2	53	21	64	64	3	inf
53	2	53	29	64	64	2	52
53	2	53	30	64	64	2	30
53	2	53	33	64	64	2	28
53	2	53	35	64	64	3	5
53	2	53	37	64	64	2	28
53	2	53	40	64	64	2	30
53	2	53	41	64	64	2	52
53	2	53	51	64	64	3	0
53	2	53	61	64	64	2	1
53	2	53	62	64	64	2	23
53	2	54	2	64	64	2	52
53	2	54	3	64	64	2	30
53	2	54	6	64	64	2	28
53	2	54	8	64	64	3	5
53	2	54	10	64	64	2	28
53	2	54	13	64	64	2	30
53	2	54	14	64	64	2	52
53	2	54	24	64	64	3	0
53	2	54	34	64	64	2	1
53	2	54	35	64	64	2	23
53	2	54	38	64	64	2	25
53	2	54	40	64	64	3	48
53	2	54	42	64	64	2	25
53	2	54	45	64	64	2	23
53	2	54	46	64	64	2	1
53	2	54	56	64	64	3	0
53	2	54	58	64	64	3	inf
53	2	55	7	64	64	2	1
53	2	55	8	64	64	2	23
53	2	55	11	64	64	2	25
53	2	55	13	64	64	3	48
53	2	55	15	64	64	2	25
53	2	55	18	64	64	2	23
53	2	55	19	64	64	2	1
53	2	55	29	64	64	3	0
53	2	55	31	64	64	3	inf
53	2	55	39	64	64	2	52
53	2	55	40	64	64	2	30
53	2	55	43	64	64	2	28
53	2	55	45	64	64	3	5
53	2	55	47	64	64	2	28
53	2	55	50	64	64	2	30
53	2	55	51	64	64	2	52
53	2	55	61	64	64	3	0
53	2	56	2	64	64	3	0
53	2	56	4	64	64	3	inf
53	2	56	12	64	64	2	52
53	2	56	13	64	64	2	30
53	2	56	16	64	64	2	28
53	2	56	18	64	64	3	5
53	2	56	20	64	64	2	28
53	2	56	23	64	64	2	30
53	2	56	24	64	64	2	52
53	2	56	34	64	64	3	0
53	2	56	44	64	64	2	1
53	2	56	45	64	64	2	23
53	2	56	48	64	64	2	25
53	2	56	50	64	64	3	48
53	2	56	52	64	64	2	25
53	2	56	55	64	64	2	23
53	2	56	56	64	64	2	1
53	2	57	7	64	64	3	0
53	2	57	17	64	64	2	1
53	2	57	18	64	64	2	23
53	2	57	21	64	64	2	25
53	2	57	23	64	64	3	48
53	2	57	25	64	64	2	25
53	2	57	28	64	64	2	23
53	2	57	29	64	64	2	1
53	2	57	39	64	64	3	0
53	2	57	41	64	64	3	inf
53	2	57	49	64	64	2	52
53	2	57	50	64	64	2	30
53	2	57	53	64	64	2	28
53	2	57	55	64	64	3	5
53	2	57	57	64	64	2	28
53	2	57	60	64	64	2	30
53	2	57	61	64	64	2	52
53	2	58	1	64	64	2	23
53	2	58	2	64	64	2	1
53	2	58	12	64	64	3	0
53	2	58	14	64	64	3	inf
53	2	58	22	64	64	2	52
53	2	58	23	64	64	2	30
53	2	58	26	64	64	2	28
53	2	58	28	64	64	3	5
53	2	58	30	64	64	2	28
53	2	58	33	64	64	2	30
53	2	58	34	64	64	2	52
53	2	58	44	64	64	3	0
53	2	58	54	64	64	2	1
53	2	58	55	64	64	2	23
53	2	58	58	64	64	2	25
53	2	58	60	64	64	3	48
53	2	58	62	64	64	2	25
53	2	59	1	64	64	3	5
53	2	59	3	64	64	2	28
53	2	59	6	64	64	2	30
53	2	59	7	64	64	2	52
53	2	59	17	64	64	3	0
53	2	59	27	64	64	2	1
53	2	59	28	64	64	2	23
53	2	59	31	64	64	2	25
53	2	59	33	64	64	3	48
53	2	59	35	64	64	2	25
53	2	59	38	64	64	2	23
53	2	59	39	64	64	2	1
53	2	59	49	64	64	3	0
53	2	59	51	64	64	3	inf
53	2	59	59	64	64	2	52
53	2	59	60	64	64	2	30
53	2	59	63	64	64	2	28
53	2	60	0	64	64	2	1
53	2	60	1	64	64	2	23
53	2	60	4	64	64	2	25
53	2	60	6	64	64	3	48
53	2	60	8	64	64	2	25
53	2	60	11	64	64	2	23
53	2	60	12	64	64	2	1
53	2	60	22	64	64	3	0
53	2	60	24	64	64	3	inf
53	2	60	32	64	64	2	52
53	2	60	33	64	64	2	30
53	2	60	36	64	64	2	28
53	2	60	38	64	64	3	5
53	2	60	40	64	64	2	28
53	2	60	43	64	64	2	30
53	2	60	44	64	64	2	52
53	2	60	54	64	64	3	0
53	2	61	5	64	64	2	52
53	2	61	6	64	64	2	30
53	2	61	9	64	64	2	28
53	2	61	11	64	64	3	5
53	2	61	13	64	64	2	28
53	2	61	16	64	64	2	30
53	2	61	17	64	64	2	52
53	2	61	27	64	64	3	0
53	2	61	37	64	64	2	1
53	2	61	38	64	64	2	23
53	2	61	41	64	64	2	25
53	2	61	43	64	64	3	48
53	2	61	45	64	64	2	25
53	2	61	48	64	64	2	23
53	2	61	49	64	64	2	1
53	2	61	59	64	64	3	0
53	2	61	61	64	64	3	inf
53	2	62	0	64	64	3	0
53	2	62	10	64	64	2	1
53	2	62	11	64	64	2	23
53	2	62	14	64	64	2	25
53	2	62	16	64	64	3	48
53	2	62	18	64	64	2	25
53	2	62	21	64	64	2	23
53	2	62	22	64	64	2	1
53	2	62	32	64	64	3	0
53	2	62	34	64	64	3	inf
53	2	62	42	64	64	2	52
53	2	62	43	64	64	2	30
53	2	62	46	64	64	2	28
53	2	62	48	64	64	3	5
53	2	62	50	64	64	2	28
53	2	62	53	64	64	2	30
53	2	62	54	64	64	2	52
53	2	63	5	64	64	3	0
53	2	63	7	64	64	3	inf
53	2	63	15	64	64	2	52
53	2	63	16	64	64	2	30
53	2	63	19	64	64	2	28
53	2	63	21	64	64	3	5
53	2	63	23	64	64	2	28
53	2	63	26	64	64	2	30
53	2	63	27	64	64	2	52
53	2	63	37	64	64	3	0
53	2	63	47	64	64	2	1
53	2	63	48	64	64	2	23
53	2	63	51	64	64	2	25
53	2	63	53	64	64	3	48
53	2	63	55	64	64	2	25
53	2	63	58	64	64	2	23
53	2	63	59	64	64	2	1
59	1	0	0	17	34	2	1
59	1	0	5	17	34	2	58
59	1	0	7	17	34	2	13
59	1	0	8	17	34	3	48
59	1	0	11	17	34	3	43
59	1	0	12	17	34	3	inf
59	1	0	14	17	34	3	48
59	1	0	15	17	34	2	13
59	1	0	17	17	34	2	58
59	1	0	22	17	34	2	1
59	1	0	24	17	34	2	46
59	1	0	25	17	34	3	11
59	1	0	28	17	34	3	16
59	1	0	31	17	34	3	11
59	1	0	32	17	34	2	46
59	1	1	0	17	34	3	inf
59	1	1	2	17	34	3	48
59	1	1	3	17	34	2	13
59	1	1	5	17	34	2	58
59	1	1	10	17	34	2	1
59	1	1	12	17	34	2	46
59	1	1	13	17	34	3	11
59	1	1	16	17	34	3	16
59	1	1	19	17	34	3	11
59	1	1	20	17	34	2	46
59	1	1	22	17	34	2	1
59	1	1	27	17	34	2	58
59	1	1	29	17	34	2	13
59	1	1	30	17	34	3	48
59	1	1	33	17	34	3	43
59	1	2	0	17	34	2	46
59	1	2	1	17	34	3	11
59	1	2	4	17	34	3	16
59	1	2	7	17	34	3	11
59	1	2	8	17	34	2	46
59	1	2	10	17	34	2	1
59	1	2	15	17	34	2	58
59	1	2	17	17	34	2	13
59	1	2	18	17	34	3	48
59	1	2	21	17	34	3	43
59	1	2	22	17	34	3	inf
59	1	2	24	17	34	3	48
59	1	2	25	17	34	2	13
59	1	2	27	17	34	2	58
59	1	2	32	17	34	2	1
59	1	3	3	17	34	2	58
59	1	3	5	17	34	2	13
59	1	3	6	17	34	3	48
59	1	3	9	17	34	3	43
59	1	3	10	17	34	3	inf
59	1	3	12	17	34	3	48
59	1	3	13	17	34	2	13
59	1	3	15	17	34	2	58
59	1	3	20	17	34	2	1
59	1	3	22	17	34	2	46
59	1	3	23	17	34	3	11
59	1	3	26	17	34	3	16
59	1	3	29	17	34	3	11
59	1	3	30	17	34	2	46
59	1	3	32	17	34	2	1
59	1	4	0	17	34	3	48
59	1	4	1	17	34	2	13
59	1	4	3	17	34	2	58
59	1	4	8	17	34	2	1
59	1	4	10	17	34	2	46
59	1	4	11	17	34	3	11
59	1	4	14	17	34	3	16
59	1	4	17	17	34	3	11
59	1	4	18	17	34	2	46
59	1	4	20	17	34	2	1
59	1	4	25	17	34	2	58
59	1	4	27	17	34	2	13
59	1	4	28	17	34	3	48
59	1	4	31	17	34	3	43
59	1	4	32	17	34	3	inf
59	1	5	2	17	34	3	16
59	1	5	5	17	34	3	11
59	1	5	6	17	34	2	46
59	1	5	8	17	34	2	1
59	1	5	13	17	34	2	58
59	1	5	15	17	34	2	13
59	1	5	16	17	34	3	48
59	1	5	19	17	34	3	43
59	1	5	20	17	34	3	inf
59	1	5	22	17	34	3	48
59	1	5	23	17	34	2	13
59	1	5	25	17	34	2	58
59	1	5	30	17	34	2	1
59	1	5	32	17	34	2	46
59	1	5	33	17	34	3	11
59	1	6	1	17	34	2	58
59	1	6	3	17	34	2	13
59	1	6	4	17	34	3	48
59	1	6	7	17	34	3	43
59	1	6	8	17	34	3	inf
59	1	6	10	17	34	3	48
59	1	6	11	17	34	2	13
59	1	6	13	17	34	2	58
59	1	6	18	17	34	2	1
59	1	6	20	17	34	2	46
59	1	6	21	17	34	3	11
59	1	6	24	17	34	3	16
59	1	6	27	17	34	3	11
59	1	6	28	17	34	2	46
59	1	6	30	17	34	2	1
59	1	7	1	17	34	2	58
59	1	7	6	17	34	2	1
59	1	7	8	17	34	2	46
59	1	7	9	17	34	3	11
59	1	7	12	17	34	3	16
59	1	7	15	17	34	3	11
59	1	7	16	17	34	2	46
59	1	7	18	17	34	2	1
59	1	7	23	17	34	2	58
59	1	7	25	17	34	2	13
59	1	7	26	17	34	3	48
59	1	7	29	17	34	3	43
59	1	7	30	17	34	3	inf
59	1	7	32	17	34	3	48
59	1	7	33	17	34	2	13
59	1	8	0	17	34	3	16
59	1	8	3	17	34	3	11
59	1	8	4	17	34	2	46
59	1	8	6	17	34	2	1
59	1	8	11	17	34	2	58
59	1	8	13	17	34	2	13
59	1	8	14	17	34	3	48
59	1	8	17	17	34	3	43
59	1	8	18	17	34	3	inf
59	1	8	20	17	34	3	48
59	1	8	21	17	34	2	13
59	1	8	23	17	34	2	58
59	1	8	28	17	34	2	1
59	1	8	30	17	34	2	46
59	1	8	31	17	34	3	11
59	1	9	1	17	34	2	13
59	1	9	2	17	34	3	48
59	1	9	5	17	34	3	43
59	1	9	6	17	34	3	inf
59	1	9	8	17	34	3	48
59	1	9	9	17	34	2	13
59	1	9	11	17	34	2	58
59	1	9	16	17	34	2	1
59	1	9	18	17	34	2	46
59	1	9	19	17	34	3	11
59	1	9	22	17	34	3	16
59	1	9	25	17	34	3	11
59	1	9	26	17	34	2	46
59	1	9	28	17	34	2	1
59	1	9	33	17	34	2	58
59	1	10	4	17	34	2	1
59	1	10	6	17	34	2	46
59	1	10	7	17	34	3	11
59	1	10	10	17	34	3	16
59	1	10	13	17	34	3	11
59	1	10	14	17	34	2	46
59	1	10	16	17	34	2	1
59	1	10	21	17	34	2	58
59	1	10	23	17	34	2	13
59	1	10	24	17	34	3	48
59	1	10	27	17	34	3	43
59	1	10	28	17	34	3	inf
59	1	10	30	17	34	3	48
59	1	10	31	17	34	2	13
59	1	10	33	17	34	2	58
59	1	11	1	17	34	3	11
59	1	11	2	17	34	2	46
59	1	11	4	17	34	2	1
59	1	11	9	17	34	2	58
59	1	11	11	17	34	2	13
59	1	11	12	17	34	3	48
59	1	11	15	17	34	3	43
59	1	11	16	17	34	3	inf
59	1	11	18	17	34	3	48
59	1	11	19	17	34	2	13
59	1	11	21	17	34	2	58
59	1	11	26	17	34	2	1
59	1	11	28	17	34	2	46
59	1	11	29	17	34	3	11
59	1	11	32	17	34	3	16
59	1	12	0	17	34	3	48
59	1	12	3	17	34	3	43
59	1	12	4	17	34	3	inf
59	1	12	6	17	34	3	48
59	1	12	7	17	34	2	13
59	1	12	9	17	34	2	58
59	1	12	14	17	34	2	1
59	1	12	16	17	34	2	46
59	1	12	17	17	34	3	11
59	1	12	20	17	34	3	16
59	1	12	23	17	34	3	11
59	1	12	24	17	34	2	46
59	1	12	26	17	34	2	1
59	1	12	31	17	34	2	58
59	1	12	33	17	34	2	13
59	1	13	2	17	34	2	1
59	1	13	4	17	34	2	46
59	1	13	5	17	34	3	11
59	1	13	8	17	34	3	16
59	1	13	11	17	34	3	11
59	1	13	12	17	34	2	46
59	1	13	14	17	34	2	1
59	1	13	19	17	34	2	58
59	1	13	21	17	34	2	13
59	1	13	22	17	34	3	48
59	1	13	25	17	34	3	43
59	1	13	26	17	34	3	inf
59	1	13	28	17	34	3	48
59	1	13	29	17	34	2	13
59	1	13	31	17	34	2	58
59	1	14	0	17	34	2	46
59	1	14	2	17	34	2	1
59	1	14	7	17	34	2	58
59	1	14	9	17	34	2	13
59	1	14	10	17	34	3	48
59	1	14	13	17	34	3	43
59	1	14	14	17	34	3	inf
59	1	14	16	17	34	3	48
59	1	14	17	17	34	2	13
59	1	14	19	17	34	2	58
59	1	14	24	17	34	2	1
59	1	14	26	17	34	2	46
59	1	14	27	17	34	3	11
59	1	14	30	17	34	3	16
59	1	14	33	17	34	3	11
59	1	15	1	17	34	3	43
59	1	15	2	17	34	3	inf
59	1	15	4	17	34	3	48
59	1	15	5	17	34	2	13
59	1	15	7	17	34	2	58
59	1	15	12	17	34	2	1
59	1	15	14	17	34	2	46
59	1	15	15	17	34	3	11
59	1	15	18	17	34	3	16
59	1	15	21	17	34	3	11
59	1	15	22	17	34	2	46
59	1	15	24	17	34	2	1
59	1	15	29	17	34	2	58
59	1	15	31	17	34	2	13
59	1	15	32	17	34	3	48
59	1	16	0	17	34	2	1
59	1	16	2	17	34	2	46
59	1	16	3	17	34	3	11
59	1	16	6	17	34	3	16
59	1	16	9	17	34	3	11
59	1	16	10	17	34	2	46
59	1	16	12	17	34	2	1
59	1	16	17	17	34	2	58
59	1	16	19	17	34	2	13
59	1	16	20	17	34	3	48
59	1	16	23	17	34	3	43
59	1	16	24	17	34	3	inf
59	1	16	26	17	34	3	48
59	1	16	27	17	34	2	13
59	1	16	29	17	34	2	58
59	2	0	0	17	34	2	58
59	2	0	5	17	34	2	1
59	2	0	7	17	34	2	46
59	2	0	8	17	34	3	11
59	2	0	11	17	34	3	16
59	2	0	14	17	34	3	11
59	2	0	15	17	34	2	46
59	2	0	17	17	34	2	1
59	2	0	22	17	34	2	58
59	2	0	24	17	34	2	13
59	2	0	25	17	34	3	48
59	2	0	28	17	34	3	43
59	2	0	29	17	34	3	inf
59	2	0	31	17	34	3	48
59	2	0	32	17	34	2	13
59	2	1	2	17	34	3	11
59	2	1	3	17	34	2	46
59	2	1	5	17	34	2	1
59	2	1	10	17	34	2	58
59	2	1	12	17	34	2	13
59	2	1	13	17	34	3	48
59	2	1	16	17	34	3	43
59	2	1	17	17	34	3	inf
59	2	1	19	17	34	3	48
59	2	1	20	17	34	2	13
59	2	1	22	17	34	2	58
59	2	1	27	17	34	2	1
59	2	1	29	17	34	2	46
59	2	1	30	17	34	3	11
59	2	1	33	17	34	3	16
59	2	2	0	17	34	2	13
59	2	2	1	17	34	3	48
59	2	2	4	17	34	3	43
59	2	2	5	17	34	3	inf
59	2	2	7	17	34	3	48
59	2	2	8	17	34	2	13
59	2	2	10	17	34	2	58
59	2	2	15	17	34	2	1
59	2	2	17	17	34	2	46
59	2	2	18	17	34	3	11
59	2	2	21	17	34	3	16
59	2	2	24	17	34	3	11
59	2	2	25	17	34	2	46
59	2	2	27	17	34	2	1
59	2	2	32	17	34	2	58
59	2	3	3	17	34	2	1
59	2	3	5	17	34	2	46
59	2	3	6	17	34	3	11
59	2	3	9	17	34	3	16
59	2	3	12	17	34	3	11
59	2	3	13	17	34	2	46
59	2	3	15	17	34	2	1
59	2	3	20	17	34	2	58
59	2	3	22	17	34	2	13
59	2	3	23	17	34	3	48
59	2	3	26	17	34	3	43
59	2	3	27	17	34	3	inf
59	2	3	29	17	34	3	48
59	2	3	30	17	34	2	13
59	2	3	32	17	34	2	58
59	2	4	0	17	34	3	11
59	2	4	1	17	34	2	46
59	2	4	3	17	34	2	1
59	2	4	8	17	34	2	58
59	2	4	10	17	34	2	13
59	2	4	11	17	34	3	48
59	2	4	14	17	34	3	43
59	2	4	15	17	34	3	inf
59	2	4	17	17	34	3	48
59	2	4	18	17	34	2	13
59	2	4	20	17	34	2	58
59	2	4	25	17	34	2	1
59	2	4	27	17	34	2	46
59	2	4	28	17	34	3	11
59	2	4	31	17	34	3	16
59	2	5	2	17	34	3	43
59	2	5	3	17	34	3	inf
59	2	5	5	17	34	3	48
59	2	5	6	17	34	2	13
59	2	5	8	17	34	2	58
59	2	5	13	17	34	2	1
59	2	5	15	17	34	2	46
59	2	5	16	17	34	3	11
59	2	5	19	17	34	3	16
59	2	5	22	17	34	3	11
59	2	5	23	17	34	2	46
59	2	5	25	17	34	2	1
59	2	5	30	17	34	2	58
59	2	5	32	17	34	2	13
59	2	5	33	17	34	3	48
59	2	6	1	17	34	2	1
59	2	6	3	17	34	2	46
59	2	6	4	17	34	3	11
59	2	6	7	17	34	3	16
59	2	6	10	17	34	3	11
59	2	6	11	17	34	2	46
59	2	6	13	17	34	2	1
59	2	6	18	17	34	2	58
59	2	6	20	17	34	2	13
59	2	6	21	17	34	3	48
59	2	6	24	17	34	3	43
59	2	6	25	17	34	3	inf
59	2	6	27	17	34	3	48
59	2	6	28	17	34	2	13
59	2	6	30	17	34	2	58
59	2	7	1	17	34	2	1
59	2	7	6	17	34	2	58
59	2	7	8	17	34	2	13
59	2	7	9	17	34	3	48
59	2	7	12	17	34	3	43
59	2	7	13	17	34	3	inf
59	2	7	15	17	34	3	48
59	2	7	16	17	34	2	13
59	2	7	18	17	34	2	58
59	2	7	23	17	34	2	1
59	2	7	25	17	34	2	46
59	2	7	26	17	34	3	11
59	2	7	29	17	34	3	16
59	2	7	32	17	34	3	11
59	2	7	33	17	34	2	46
59	2	8	0	17	34	3	43
59	2	8	1	17	34	3	inf
59	2	8	3	17	34	3	48
59	2	8	4	17	34	2	13
59	2	8	6	17	34	2	58
59	2	8	11	17	34	2	1
59	2	8	13	17	34	2	46
59	2	8	14	17	34	3	11
59	2	8	17	17	34	3	16
59	2	8	20	17	34	3	11
59	2	8	21	17	34	2	46
59	2	8	23	17	34	2	1
59	2	8	28	17	34	2	58
59	2	8	30	17	34	2	13
59	2	8	31	17	34	3	48
59	2	9	1	17	34	2	46
59	2	9	2	17	34	3	11
59	2	9	5	17	34	3	16
59	2	9	8	17	34	3	11
59	2	9	9	17	34	2	46
59	2	9	11	17	34	2	1
59	2	9	16	17	34	2	58
59	2	9	18	17	34	2	13
59	2	9	19	17	34	3	48
59	2	9	22	17	34	3	43
59	2	9	23	17	34	3	inf
59	2	9	25	17	34	3	48
59	2	9	26	17	34	2	13
59	2	9	28	17	34	2	58
59	2	9	33	17	34	2	1
59	2	10	4	17	34	2	58
59	2	10	6	17	34	2	13
59	2	10	7	17	34	3	48
59	2	10	10	17	34	3	43
59	2	10	11	17	34	3	inf
59	2	10	13	17	34	3	48
59	2	10	14	17	34	2	13
59	2	10	16	17	34	2	58
59	2	10	21	17	34	2	1
59	2	10	23	17	34	2	46
59	2	10	24	17	34	3	11
59	2	10	27	17	34	3	16
59	2	10	30	17	34	3	11
59	2	10	31	17	34	2	46
59	2	10	33	17	34	2	1
59	2	11	1	17	34	3	48
59	2	11	2	17	34	2	13
59	2	11	4	17	34	2	58
59	2	11	9	17	34	2	1
59	2	11	11	17	34	2	46
59	2	11	12	17	34	3	11
59	2	11	15	17	34	3	16
59	2	11	18	17	34	3	11
59	2	11	19	17	34	2	46
59	2	11	21	17	34	2	1
59	2	11	26	17	34	2	58
59	2	11	28	17	34	2	13
59	2	11	29	17	34	3	48
59	2	11	32	17	34	3	43
59	2	11	33	17	34	3	inf
59	2	12	0	17	34	3	11
59	2	12	3	17	34	3	16
59	2	12	6	17	34	3	11
59	2	12	7	17	34	2	46
59	2	12	9	17	34	2	1
59	2	12	14	17	34	2	58
59	2	12	16	17	34	2	13
59	2	12	17	17	34	3	48
59	2	12	20	17	34	3	43
59	2	12	21	17	34	3	inf
59	2	12	23	17	34	3	48
59	2	12	24	17	34	2	13
59	2	12	26	17	34	2	58
59	2	12	31	17	34	2	1
59	2	12	33	17	34	2	46
59	2	13	2	17	34	2	58
59	2	13	4	17	34	2	13
59	2	13	5	17	34	3	48
59	2	13	8	17	34	3	43
59	2	13	9	17	34	3	inf
59	2	13	11	17	34	3	48
59	2	13	12	17	34	2	13
59	2	13	14	17	34	2	58
59	2	13	19	17	34	2	1
59	2	13	21	17	34	2	46
59	2	13	22	17	34	3	11
59	2	13	25	17	34	3	16
59	2	13	28	17	34	3	11
59	2	13	29	17	34	2	46
59	2	13	31	17	34	2	1
59	2	14	0	17	34	2	13
59	2	14	2	17	34	2	58
59	2	14	7	17	34	2	1
59	2	14	9	17	34	2	46
59	2	14	10	17	34	3	11
59	2	14	13	17	34	3	16
59	2	14	16	17	34	3	11
59	2	14	17	17	34	2	46
59	2	14	19	17	34	2	1
59	2	14	24	17	34	2	58
59	2	14	26	17	34	2	13
59	2	14	27	17	34	3	48
59	2	14	30	17	34	3	43
59	2	14	31	17	34	3	inf
59	2	14	33	17	34	3	48
59	2	15	1	17	34	3	16
59	2	15	4	17	34	3	11
59	2	15	5	17	34	2	46
59	2	15	7	17	34	2	1
59	2	15	12	17	34	2	58
59	2	15	14	17	34	2	13
59	2	15	15	17	34	3	48
59	2	15	18	17	34	3	43
59	2	15	19	17	34	3	inf
59	2	15	21	17	34	3	48
59	2	15	22	17	34	2	13
59	2	15	24	17	34	2	58
59	2	15	29	17	34	2	1
59	2	15	31	17	34	2	46
59	2	15	32	17	34	3	11
59	2	16	0	17	34	2	58
59	2	16	2	17	34	2	13
59	2	16	3	17	34	3	48
59	2	16	6	17	34	3	43
59	2	16	7	17	34	3	inf
59	2	16	9	17	34	3	48
59	2	16	10	17	34	2	13
59	2	16	12	17	34	2	58
59	2	16	17	17	34	2	1
59	2	16	19	17	34	2	46
59	2	16	20	17	34	3	11
59	2	16	23	17	34	3	16
59	2	16	26	17	34	3	11
59	2	16	27	17	34	2	46
59	2	16	29	17	34	2	1
61	1	0	9	72	72	2	34
61	1	0	14	72	72	2	25
61	1	0	16	72	72	3	21
61	1	0	18	72	72	2	25
61	1	0	23	72	72	2	34
61	1	0	34	72	72	3	0
61	1	0	40	72	72	3	inf
61	1	0	45	72	72	2	27
61	1	0	50	72	72	2	36
61	1	0	52	72	72	3	40
61	1	0	54	72	72	2	36
61	1	0	59	72	72	2	27
61	1	0	70	72	72	3	0
61	1	1	1	72	72	2	36
61	1	1	6	72	72	2	27
61	1	1	17	72	72	3	0
61	1	1	28	72	72	2	34
61	1	1	33	72	72	2	25
61	1	1	35	72	72	3	21
61	1	1	37	72	72	2	25
61	1	1	42	72	72	2	34
61	1	1	53	72	72	3	0
61	1	1	59	72	72	3	inf
61	1	1	64	72	72	2	27
61	1	1	69	72	72	2	36
61	1	1	71	72	72	3	40
61	1	2	0	72	72	3	0
61	1	2	6	72	72	3	inf
61	1	2	11	72	72	2	27
61	1	2	16	72	72	2	36
61	1	2	18	72	72	3	40
61	1	2	20	72	72	2	36
61	1	2	25	72	72	2	27
61	1	2	36	72	72	3	0
61	1	2	47	72	72	2	34
61	1	2	52	72	72	2	25
61	1	2	54	72	72	3	21
61	1	2	56	72	72	2	25
61	1	2	61	72	72	2	34
61	1	3	1	72	72	3	21
61	1	3	3	72	72	2	25
61	1	3	8	72	72	2	34
61	1	3	19	72	72	3	0
61	1	3	25	72	72	3	inf
61	1	3	30	72	72	2	27
61	1	3	35	72	72	2	36
61	1	3	37	72	72	3	40
61	1	3	39	72	72	2	36
61	1	3	44	72	72	2	27
61	1	3	55	72	72	3	0
61	1	3	66	72	72	2	34
61	1	3	71	72	72	2	25
61	1	4	2	72	72	3	0
61	1	4	13	72	72	2	34
61	1	4	18	72	72	2	25
61	1	4	20	72	72	3	21
61	1	4	22	72	72	2	25
61	1	4	27	72	72	2	34
61	1	4	38	72	72	3	0
61	1	4	44	72	72	3	inf
61	1	4	49	72	72	2	27
61	1	4	54	72	72	2	36
61	1	4	56	72	72	3	40
61	1	4	58	72	72	2	36
61	1	4	63	72	72	2	27
61	1	5	1	72	72	2	36
61	1	5	3	72	72	3	40
61	1	5	5	72	72	2	36
61	1	5	10	72	72	2	27
61	1	5	21	72	72	3	0
61	1	5	32	72	72	2	34
61	1	5	37	72	72	2	25
61	1	5	39	72	72	3	21
61	1	5	41	72	72	2	25
61	1	5	46	72	72	2	34
61	1	5	57	72	72	3	0
61	1	5	63	72	72	3	inf
61	1	5	68	72	72	2	27
61	1	6	4	72	72	3	0
61	1	6	10	72	72	3	inf
61	1	6	15	72	72	2	27
61	1	6	20	72	72	2	36
61	1	6	22	72	72	3	40
61	1	6	24	72	72	2	36
61	1	6	29	72	72	2	27
61	1	6	40	72	72	3	0
61	1	6	51	72	72	2	34
61	1	6	56	72	72	2	25
61	1	6	58	72	72	3	21
61	1	6	60	72	72	2	25
61	1	6	65	72	72	2	34
61	1	7	3	72	72	2	25
61	1	7	5	72	72	3	21
61	1	7	7	72	72	2	25
61	1	7	12	72	72	2	34
61	1	7	23	72	72	3	0
61	1	7	29	72	72	3	inf
61	1	7	34	72	72	2	27
61	1	7	39	72	72	2	36
61	1	7	41	72	72	3	40
61	1	7	43	72	72	2	36
61	1	7	48	72	72	2	27
61	1	7	59	72	72	3	0
61	1	7	70	72	72	2	34
61	1	8	6	72	72	3	0
61	1	8	17	72	72	2	34
61	1	8	22	72	72	2	25
61	1	8	24	72	72	3	21
61	1	8	26	72	72	2	25
61	1	8	31	72	72	2	34
61	1	8	42	72	72	3	0
61	1	8	48	72	72	3	inf
61	1	8	53	72	72	2	27
61	1	8	58	72	72	2	36
61	1	8	60	72	72	3	40
61	1	8	62	72	72	2	36
61	1	8	67	72	72	2	27
61	1	9	0	72	72	2	27
61	1	9	5	72	72	2	36
61	1	9	7	72	72	3	40
61	1	9	9	72	72	2	36
61	1	9	14	72	72	2	27
61	1	9	25	72	72	3	0
61	1	9	36	72	72	2	34
61	1	9	41	72	72	2	25
61	1	9	43	72	72	3	21
61	1	9	45	72	72	2	25
61	1	9	50	72	72	2	34
61	1	9	61	72	72	3	0
61	1	9	67	72	72	3	inf
61	1	10	8	72	72	3	0
61	1	10	14	72	72	3	inf
61	1	10	19	72	72	2	27
61	1	10	24	72	72	2	36
61	1	10	26	72	72	3	40
61	1	10	28	72	72	2	36
61	1	10	33	72	72	2	27
61	1	10	44	72	72	3	0
61	1	10	55	72	72	2	34
61	1	10	60	72	72	2	25
61	1	10	62	72	72	3	21
61	1	10	64	72	72	2	25
61	1	10	69	72	72	2	34
61	1	11	2	72	72	2	34
61	1	11	7	72	72	2	25
61	1	11	9	72	72	3	21
61	1	11	11	72	72	2	25
61	1	11	16	72	72	2	34
61	1	11	27	72	72	3	0
61	1	11	33	72	72	3	inf
61	1	11	38	72	72	2	27
61	1	11	43	72	72	2	36
61	1	11	45	72	72	3	40
61	1	11	47	72	72	2	36
61	1	11	52	72	72	2	27
61	1	11	63	72	72	3	0
61	1	12	10	72	72	3	0
61	1	12	21	72	72	2	34
61	1	12	26	72	72	2	25
61	1	12	28	72	72	3	21
61	1	12	30	72	72	2	25
61	1	12	35	72	72	2	34
61	1	12	46	72	72	3	0
61	1	12	52	72	72	3	inf
61	1	12	57	72	72	2	27
61	1	12	62	72	72	2	36
61	1	12	64	72	72	3	40
61	1	12	66	72	72	2	36
61	1	12	71	72	72	2	27
61	1	13	4	72	72	2	27
61	1	13	9	72	72	2	36
61	1	13	11	72	72	3	40
61	1	13	13	72	72	2	36
61	1	13	18	72	72	2	27
61	1	13	29	72	72	3	0
61	1	13	40	72	72	2	34
61	1	13	45	72	72	2	25
61	1	13	47	72	72	3	21
61	1	13	49	72	72	2	25
61	1	13	54	72	72	2	34
61	1	13	65	72	72	3	0
61	1	13	71	72	72	3	inf
61	1	14	1	72	72	2	34
61	1	14	12	72	72	3	0
61	1	14	18	72	72	3	inf
61	1	14	23	72	72	2	27
61	1	14	28	72	72	2	36
61	1	14	30	72	72	3	40
61	1	14	32	72	72	2	36
61	1	14	37	72	72	2	27
61	1	14	48	72	72	3	0
61	1	14	59	72	72	2	34
61	1	14	64	72	72	2	25
61	1	14	66	72	72	3	21
61	1	14	68	72	72	2	25
61	1	15	6	72	72	2	34
61	1	15	11	72	72	2	25
61	1	15	13	72	72	3	21
61	1	15	15	72	72	2	25
61	1	15	20	72	72	2	34
61	1	15	31	72	72	3	0
61	1	15	37	72	72	3	inf
61	1	15	42	72	72	2	27
61	1	15	47	72	72	2	36
61	1	15	49	72	72	3	40
61	1	15	51	72	72	2	36
61	1	15	56	72	72	2	27
61	1	15	67	72	72	3	0
61	1	16	3	72	72	2	27
61	1	16	14	72	72	3	0
61	1	16	25	72	72	2	34
61	1	16	30	72	72	2	25
61	1	16	32	72	72	3	21
61	1	16	34	72	72	2	25
61	1	16	39	72	72	2	34
61	1	16	50	72	72	3	0
61	1	16	56	72	72	3	inf
61	1	16	61	72	72	2	27
61	1	16	66	72	72	2	36
61	1	16	68	72	72	3	40
61	1	16	70	72	72	2	36
61	1	17	3	72	72	3	inf
61	1	17	8	72	72	2	27
61	1	17	13	72	72	2	36
61	1	17	15	72	72	3	40
61	1	17	17	72	72	2	36
61	1	17	22	72	72	2	27
61	1	17	33	72	72	3	0
61	1	17	44	72	72	2	34
61	1	17	49	72	72	2	25
61	1	17	51	72	72	3	21
61	1	17	53	72	72	2	25
61	1	17	58	72	72	2	34
61	1	17	69	72	72	3	0
61	1	18	0	72	72	2	25
61	1	18	5	72	72	2	34
61	1	18	16	72	72	3	0
61	1	18	22	72	72	3	inf
61	1	18	27	72	72	2	27
61	1	18	32	72	72	2	36
61	1	18	34	72	72	3	40
61	1	18	36	72	72	2	36
61	1	18	41	72	72	2	27
61	1	18	52	72	72	3	0
61	1	18	63	72	72	2	34
61	1	18	68	72	72	2	25
61	1	18	70	72	72	3	21
61	1	19	10	72	72	2	34
61	1	19	15	72	72	2	25
61	1	19	17	72	72	3	21
61	1	19	19	72	72	2	25
61	1	19	24	72	72	2	34
61	1	19	35	72	72	3	0
61	1	19	41	72	72	3	inf
61	1	19	46	72	72	2	27
61	1	19	51	72	72	2	36
61	1	19	53	72	72	3	40
61	1	19	55	72	72	2	36
61	1	19	60	72	72	2	27
61	1	19	71	72	72	3	0
61	1	20	0	72	72	3	40
61	1	20	2	72	72	2	36
61	1	20	7	72	72	2	27
61	1	20	18	72	72	3	0
61	1	20	29	72	72	2	34
61	1	20	34	72	72	2	25
61	1	20	36	72	72	3	21
61	1	20	38	72	72	2	25
61	1	20	43	72	72	2	34
61	1	20	54	72	72	3	0
61	1	20	60	72	72	3	inf
61	1	20	65	72	72	2	27
61	1	20	70	72	72	2	36
61	1	21	1	72	72	3	0
61	1	21	7	72	72	3	inf
61	1	21	12	72	72	2	27
61	1	21	17	72	72	2	36
61	1	21	19	72	72	3	40
61	1	21	21	72	72	2	36
61	1	21	26	72	72	2	27
61	1	21	37	72	72	3	0
61	1	21	48	72	72	2	34
61	1	21	53	72	72	2	25
61	1	21	55	72	72	3	21
61	1	21	57	72	72	2	25
61	1	21	62	72	72	2	34
61	1	22	0	72	72	2	25
61	1	22	2	72	72	3	21
61	1	22	4	72	72	2	25
61	1	22	9	72	72	2	34
61	1	22	20	72	72	3	0
61	1	22	26	72	72	3	inf
61	1	22	31	72	72	2	27
61	1	22	36	72	72	2	36
61	1	22	38	72	72	3	40
61	1	22	40	72	72	2	36
61	1	22	45	72	72	2	27
61	1	22	56	72	72	3	0
61	1	22	67	72	72	2	34
61	1	23	3	72	72	3	0
61	1	23	14	72	72	2	34
61	1	23	19	72	72	2	25
61	1	23	21	72	72	3	21
61	1	23	23	72	72	2	25
61	1	23	28	72	72	2	34
61	1	23	39	72	72	3	0
61	1	23	45	72	72	3	inf
61	1	23	50	72	72	2	27
61	1	23	55	72	72	2	36
61	1	23	57	72	72	3	40
61	1	23	59	72	72	2	36
61	1	23	64	72	72	2	27
61	1	24	2	72	72	2	36
61	1	24	4	72	72	3	40
61	1	24	6	72	72	2	36
61	1	24	11	72	72	2	27
61	1	24	22	72	72	3	0
61	1	24	33	72	72	2	34
61	1	24	38	72	72	2	25
61	1	24	40	72	72	3	21
61	1	24	42	72	72	2	25
61	1	24	47	72	72	2	34
61	1	24	58	72	72	3	0
61	1	24	64	72	72	3	inf
61	1	24	69	72	72	2	27
61	1	25	5	72	72	3	0
61	1	25	11	72	72	3	inf
61	1	25	16	72	72	2	27
61	1	25	21	72	72	2	36
61	1	25	23	72	72	3	40
61	1	25	25	72	72	2	36
61	1	25	30	72	72	2	27
61	1	25	41	72	72	3	0
61	1	25	52	72	72	2	34
61	1	25	57	72	72	2	25
61	1	25	59	72	72	3	21
61	1	25	61	72	72	2	25
61	1	25	66	72	72	2	34
61	1	26	4	72	72	2	25
61	1	26	6	72	72	3	21
61	1	26	8	72	72	2	25
61	1	26	13	72	72	2	34
61	1	26	24	72	72	3	0
61	1	26	30	72	72	3	inf
61	1	26	35	72	72	2	27
61	1	26	40	72	72	2	36
61	1	26	42	72	72	3	40
61	1	26	44	72	72	2	36
61	1	26	49	72	72	2	27
61	1	26	60	72	72	3	0
61	1	26	71	72	72	2	34
61	1	27	7	72	72	3	0
61	1	27	18	72	72	2	34
61	1	27	23	72	72	2	25
61	1	27	25	72	72	3	21
61	1	27	27	72	72	2	25
61	1	27	32	72	72	2	34
61	1	27	43	72	72	3	0
61	1	27	49	72	72	3	inf
61	1	27	54	72	72	2	27
61	1	27	59	72	72	2	36
61	1	27	61	72	72	3	40
61	1	27	63	72	72	2	36
61	1	27	68	72	72	2	27
61	1	28	1	72	72	2	27
61	1	28	6	72	72	2	36
61	1	28	8	72	72	3	40
61	1	28	10	72	72	2	36
61	1	28	15	72	72	2	27
61	1	28	26	72	72	3	0
61	1	28	37	72	72	2	34
61	1	28	42	72	72	2	25
61	1	28	44	72	72	3	21
61	1	28	46	72	72	2	25
61	1	28	51	72	72	2	34
61	1	28	62	72	72	3	0
61	1	28	68	72	72	3	inf
61	1	29	9	72	72	3	0
61	1	29	15	72	72	3	inf
61	1	29	20	72	72	2	27
61	1	29	25	72	72	2	36
61	1	29	27	72	72	3	40
61	1	29	29	72	72	2	36
61	1	29	34	72	72	2	27
61	1	29	45	72	72	3	0
61	1	29	56	72	72	2	34
61	1	29	61	72	72	2	25
61	1	29	63	72	72	3	21
61	1	29	65	72	72	2	25
61	1	29	70	72	72	2	34
61	1	30	3	72	72	2	34
61	1	30	8	72	72	2	25
61	1	30	10	72	72	3	21
61	1	30	12	72	72	2	25
61	1	30	17	72	72	2	34
61	1	30	28	72	72	3	0
61	1	30	34	72	72	3	inf
61	1	30	39	72	72	2	27
61	1	30	44	72	72	2	36
61	1	30	46	72	72	3	40
61	1	30	48	72	72	2	36
61	1	30	53	72	72	2	27
61	1	30	64	72	72	3	0
61	1	31	0	72	72	2	27
61	1	31	11	72	72	3	0
61	1	31	22	72	72	2	34
61	1	31	27	72	72	2	25
61	1	31	29	72	72	3	21
61	1	31	31	72	72	2	25
61	1	31	36	72	72	2	34
61	1	31	47	72	72	3	0
61	1	31	53	72	72	3	inf
61	1	31	58	72	72	2	27
61	1	31	63	72	72	2	36
61	1	31	65	72	72	3	40
61	1	31	67	72	72	2	36
61	1	32	0	72	72	3	inf
61	1	32	5	72	72	2	27
61	1	32	10	72	72	2	36
61	1	32	12	72	72	3	40
61	1	32	14	72	72	2	36
61	1	32	19	72	72	2	27
61	1	32	30	72	72	3	0
61	1	32	41	72	72	2	34
61	1	32	46	72	72	2	25
61	1	32	48	72	72	3	21
61	1	32	50	72	72	2	25
61	1	32	55	72	72	2	34
61	1	32	66	72	72	3	0
61	1	33	2	72	72	2	34
61	1	33	13	72	72	3	0
61	1	33	19	72	72	3	inf
61	1	33	24	72	72	2	27
61	1	33	29	72	72	2	36
61	1	33	31	72	72	3	40
61	1	33	33	72	72	2	36
61	1	33	38	72	72	2	27
61	1	33	49	72	72	3	0
61	1	33	60	72	72	2	34
61	1	33	65	72	72	2	25
61	1	33	67	72	72	3	21
61	1	33	69	72	72	2	25
61	1	34	7	72	72	2	34
61	1	34	12	72	72	2	25
61	1	34	14	72	72	3	21
61	1	34	16	72	72	2	25
61	1	34	21	72	72	2	34
61	1	34	32	72	72	3	0
61	1	34	38	72	72	3	inf
61	1	34	43	72	72	2	27
61	1	34	48	72	72	2	36
61	1	34	50	72	72	3	40
61	1	34	52	72	72	2	36
61	1	34	57	72	72	2	27
61	1	34	68	72	72	3	0
61	1	35	4	72	72	2	27
61	1	35	15	72	72	3	0
61	1	35	26	72	72	2	34
61	1	35	31	72	72	2	25
61	1	35	33	72	72	3	21
61	1	35	35	72	72	2	25
61	1	35	40	72	72	2	34
61	1	35	51	72	72	3	0
61	1	35	57	72	72	3	inf
61	1	35	62	72	72	2	27
61	1	35	67	72	72	2	36
61	1	35	69	72	72	3	40
61	1	35	71	72	72	2	36
61	1	36	4	72	72	3	inf
61	1	36	9	72	72	2	27
61	1	36	14	72	72	2	36
61	1	36	16	72	72	3	40
61	1	36	18	72	72	2	36
61	1	36	23	72	72	2	27
61	1	36	34	72	72	3	0
61	1	36	45	72	72	2	34
61	1	36	50	72	72	2	25
61	1	36	52	72	72	3	21
61	1	36	54	72	72	2	25
61	1	36	59	72	72	2	34
61	1	36	70	72	72	3	0
61	1	37	1	72	72	2	25
61	1	37	6	72	72	2	34
61	1	37	17	72	72	3	0
61	1	37	23	72	72	3	inf
61	1	37	28	72	72	2	27
61	1	37	33	72	72	2	36
61	1	37	35	72	72	3	40
61	1	37	37	72	72	2	36
61	1	37	42	72	72	2	27
61	1	37	53	72	72	3	0
61	1	37	64	72	72	2	34
61	1	37	69	72	72	2	25
61	1	37	71	72	72	3	21
61	1	38	0	72	72	3	0
61	1	38	11	72	72	2	34
61	1	38	16	72	72	2	25
61	1	38	18	72	72	3	21
61	1	38	20	72	72	2	25
61	1	38	25	72	72	2	34
61	1	38	36	72	72	3	0
61	1	38	42	72	72	3	inf
61	1	38	47	72	72	2	27
61	1	38	52	72	72	2	36
61	1	38	54	72	72	3	40
61	1	38	56	72	72	2	36
61	1	38	61	72	72	2	27
61	1	39	1	72	72	3	40
61	1	39	3	72	72	2	36
61	1	39	8	72	72	2	27
61	1	39	19	72	72	3	0
61	1	39	30	72	72	2	34
61	1	39	35	72	72	2	25
61	1	39	37	72	72	3	21
61	1	39	39	72	72	2	25
61	1	39	44	72	72	2	34
61	1	39	55	72	72	3	0
61	1	39	61	72	72	3	inf
61	1	39	66	72	72	2	27
61	1	39	71	72	72	2	36
61	1	40	2	72	72	3	0
61	1	40	8	72	72	3	inf
61	1	40	13	72	72	2	27
61	1	40	18	72	72	2	36
61	1	40	20	72	72	3	40
61	1	40	22	72	72	2	36
61	1	40	27	72	72	2	27
61	1	40	38	72	72	3	0
61	1	40	49	72	72	2	34
61	1	40	54	72	72	2	25
61	1	40	56	72	72	3	21
61	1	40	58	72	72	2	25
61	1	40	63	72	72	2	34
61	1	41	1	72	72	2	25
61	1	41	3	72	72	3	21
61	1	41	5	72	72	2	25
61	1	41	10	72	72	2	34
61	1	41	21	72	72	3	0
61	1	41	27	72	72	3	inf
61	1	41	32	72	72	2	27
61	1	41	37	72	72	2	36
61	1	41	39	72	72	3	40
61	1	41	41	72	72	2	36
61	1	41	46	72	72	2	27
61	1	41	57	72	72	3	0
61	1	41	68	72	72	2	34
61	1	42	4	72	72	3	0
61	1	42	15	72	72	2	34
61	1	42	20	72	72	2	25
61	1	42	22	72	72	3	21
61	1	42	24	72	72	2	25
61	1	42	29	72	72	2	34
61	1	42	40	72	72	3	0
61	1	42	46	72	72	3	inf
61	1	42	51	72	72	2	27
61	1	42	56	72	72	2	36
61	1	42	58	72	72	3	40
61	1	42	60	72	72	2	36
61	1	42	65	72	72	2	27
61	1	43	3	72	72	2	36
61	1	43	5	72	72	3	40
61	1	43	7	72	72	2	36
61	1	43	12	72	72	2	27
61	1	43	23	72	72	3	0
61	1	43	34	72	72	2	34
61	1	43	39	72	72	2	25
61	1	43	41	72	72	3	21
61	1	43	43	72	72	2	25
61	1	43	48	72	72	2	34
61	1	43	59	72	72	3	0
61	1	43	65	72	72	3	inf
61	1	43	70	72	72	2	27
61	1	44	6	72	72	3	0
61	1	44	12	72	72	3	inf
61	1	44	17	72	72	2	27
61	1	44	22	72	72	2	36
61	1	44	24	72	72	3	40
61	1	44	26	72	72	2	36
61	1	44	31	72	72	2	27
61	1	44	42	72	72	3	0
61	1	44	53	72	72	2	34
61	1	44	58	72	72	2	25
61	1	44	60	72	72	3	21
61	1	44	62	72	72	2	25
61	1	44	67	72	72	2	34
61	1	45	0	72	72	2	34
61	1	45	5	72	72	2	25
61	1	45	7	72	72	3	21
61	1	45	9	72	72	2	25
61	1	45	14	72	72	2	34
61	1	45	25	72	72	3	0
61	1	45	31	72	72	3	inf
61	1	45	36	72	72	2	27
61	1	45	41	72	72	2	36
61	1	45	43	72	72	3	40
61	1	45	45	72	72	2	36
61	1	45	50	72	72	2	27
61	1	45	61	72	72	3	0
61	1	46	8	72	72	3	0
61	1	46	19	72	72	2	34
61	1	46	24	72	72	2	25
61	1	46	26	72	72	3	21
61	1	46	28	72	72	2	25
61	1	46	33	72	72	2	34
61	1	46	44	72	72	3	0
61	1	46	50	72	72	3	inf
61	1	46	55	72	72	2	27
61	1	46	60	72	72	2	36
61	1	46	62	72	72	3	40
61	1	46	64	72	72	2	36
61	1	46	69	72	72	2	27
61	1	47	2	72	72	2	27
61	1	47	7	72	72	2	36
61	1	47	9	72	72	3	40
61	1	47	11	72	72	2	36
61	1	47	16	72	72	2	27
61	1	47	27	72	72	3	0
61	1	47	38	72	72	2	34
61	1	47	43	72	72	2	25
61	1	47	45	72	72	3	21
61	1	47	47	72	72	2	25
61	1	47	52	72	72	2	34
61	1	47	63	72	72	3	0
61	1	47	69	72	72	3	inf
61	1	48	10	72	72	3	0
61	1	48	16	72	72	3	inf
61	1	48	21	72	72	2	27
61	1	48	26	72	72	2	36
61	1	48	28	72	72	3	40
61	1	48	30	72	72	2	36
61	1	48	35	72	72	2	27
61	1	48	46	72	72	3	0
61	1	48	57	72	72	2	34
61	1	48	62	72	72	2	25
61	1	48	64	72	72	3	21
61	1	48	66	72	72	2	25
61	1	48	71	72	72	2	34
61	1	49	4	72	72	2	34
61	1	49	9	72	72	2	25
61	1	49	11	72	72	3	21
61	1	49	13	72	72	2	25
61	1	49	18	72	72	2	34
61	1	49	29	72	72	3	0
61	1	49	35	72	72	3	inf
61	1	49	40	72	72	2	27
61	1	49	45	72	72	2	36
61	1	49	47	72	72	3	40
61	1	49	49	72	72	2	36
61	1	49	54	72	72	2	27
61	1	49	65	72	72	3	0
61	1	50	1	72	72	2	27
61	1	50	12	72	72	3	0
61	1	50	23	72	72	2	34
61	1	50	28	72	72	2	25
61	1	50	30	72	72	3	21
61	1	50	32	72	72	2	25
61	1	50	37	72	72	2	34
61	1	50	48	72	72	3	0
61	1	50	54	72	72	3	inf
61	1	50	59	72	72	2	27
61	1	50	64	72	72	2	36
61	1	50	66	72	72	3	40
61	1	50	68	72	72	2	36
61	1	51	1	72	72	3	inf
61	1	51	6	72	72	2	27
61	1	51	11	72	72	2	36
61	1	51	13	72	72	3	40
61	1	51	15	72	72	2	36
61	1	51	20	72	72	2	27
61	1	51	31	72	72	3	0
61	1	51	42	72	72	2	34
61	1	51	47	72	72	2	25
61	1	51	49	72	72	3	21
61	1	51	51	72	72	2	25
61	1	51	56	72	72	2	34
61	1	51	67	72	72	3	0
61	1	52	3	72	72	2	34
61	1	52	14	72	72	3	0
61	1	52	20	72	72	3	inf
61	1	52	25	72	72	2	27
61	1	52	30	72	72	2	36
61	1	52	32	72	72	3	40
61	1	52	34	72	72	2	36
61	1	52	39	72	72	2	27
61	1	52	50	72	72	3	0
61	1	52	61	72	72	2	34
61	1	52	66	72	72	2	25
61	1	52	68	72	72	3	21
61	1	52	70	72	72	2	25
61	1	53	8	72	72	2	34
61	1	53	13	72	72	2	25
61	1	53	15	72	72	3	21
61	1	53	17	72	72	2	25
61	1	53	22	72	72	2	34
61	1	53	33	72	72	3	0
61	1	53	39	72	72	3	inf
61	1	53	44	72	72	2	27
61	1	53	49	72	72	2	36
61	1	53	51	72	72	3	40
61	1	53	53	72	72	2	36
61	1	53	58	72	72	2	27
61	1	53	69	72	72	3	0
61	1	54	0	72	72	2	36
61	1	54	5	72	72	2	27
61	1	54	16	72	72	3	0
61	1	54	27	72	72	2	34
61	1	54	32	72	72	2	25
61	1	54	34	72	72	3	21
61	1	54	36	72	72	2	25
61	1	54	41	72	72	2	34
61	1	54	52	72	72	3	0
61	1	54	58	72	72	3	inf
61	1	54	63	72	72	2	27
61	1	54	68	72	72	2	36
61	1	54	70	72	72	3	40
61	1	55	5	72	72	3	inf
61	1	55	10	72	72	2	27
61	1	55	15	72	72	2	36
61	1	55	17	72	72	3	40
61	1	55	19	72	72	2	36
61	1	55	24	72	72	2	27
61	1	55	35	72	72	3	0
61	1	55	46	72	72	2	34
61	1	55	51	72	72	2	25
61	1	55	53	72	72	3	21
61	1	55	55	72	72	2	25
61	1	55	60	72	72	2	34
61	1	55	71	72	72	3	0
61	1	56	0	72	72	3	21
61	1	56	2	72	72	2	25
61	1	56	7	72	72	2	34
61	1	56	18	72	72	3	0
61	1	56	24	72	72	3	inf
61	1	56	29	72	72	2	27
61	1	56	34	72	72	2	36
61	1	56	36	72	72	3	40
61	1	56	38	72	72	2	36
61	1	56	43	72	72	2	27
61	1	56	54	72	72	3	0
61	1	56	65	72	72	2	34
61	1	56	70	72	72	2	25
61	1	57	1	72	72	3	0
61	1	57	12	72	72	2	34
61	1	57	17	72	72	2	25
61	1	57	19	72	72	3	21
61	1	57	21	72	72	2	25
61	1	57	26	72	72	2	34
61	1	57	37	72	72	3	0
61	1	57	43	72	72	3	inf
61	1	57	48	72	72	2	27
61	1	57	53	72	72	2	36
61	1	57	55	72	72	3	40
61	1	57	57	72	72	2	36
61	1	57	62	72	72	2	27
61	1	58	0	72	72	2	36
61	1	58	2	72	72	3	40
61	1	58	4	72	72	2	36
61	1	58	9	72	72	2	27
61	1	58	20	72	72	3	0
61	1	58	31	72	72	2	34
61	1	58	36	72	72	2	25
61	1	58	38	72	72	3	21
61	1	58	40	72	72	2	25
61	1	58	45	72	72	2	34
61	1	58	56	72	72	3	0
61	1	58	62	72	72	3	inf
61	1	58	67	72	72	2	27
61	1	59	3	72	72	3	0
61	1	59	9	72	72	3	inf
61	1	59	14	72	72	2	27
61	1	59	19	72	72	2	36
61	1	59	21	72	72	3	40
61	1	59	23	72	72	2	36
61	1	59	28	72	72	2	27
61	1	59	39	72	72	3	0
61	1	59	50	72	72	2	34
61	1	59	55	72	72	2	25
61	1	59	57	72	72	3	21
61	1	59	59	72	72	2	25
61	1	59	64	72	72	2	34
61	1	60	2	72	72	2	25
61	1	60	4	72	72	3	21
61	1	60	6	72	72	2	25
61	1	60	11	72	72	2	34
61	1	60	22	72	72	3	0
61	1	60	28	72	72	3	inf
61	1	60	33	72	72	2	27
61	1	60	38	72	72	2	36
61	1	60	40	72	72	3	40
61	1	60	42	72	72	2	36
61	1	60	47	72	72	2	27
61	1	60	58	72	72	3	0
61	1	60	69	72	72	2	34
61	1	61	5	72	72	3	0
61	1	61	16	72	72	2	34
61	1	61	21	72	72	2	25
61	1	61	23	72	72	3	21
61	1	61	25	72	72	2	25
61	1	61	30	72	72	2	34
61	1	61	41	72	72	3	0
61	1	61	47	72	72	3	inf
61	1	61	52	72	72	2	27
61	1	61	57	72	72	2	36
61	1	61	59	72	72	3	40
61	1	61	61	72	72	2	36
61	1	61	66	72	72	2	27
61	1	62	4	72	72	2	36
61	1	62	6	72	72	3	40
61	1	62	8	72	72	2	36
61	1	62	13	72	72	2	27
61	1	62	24	72	72	3	0
61	1	62	35	72	72	2	34
61	1	62	40	72	72	2	25
61	1	62	42	72	72	3	21
61	1	62	44	72	72	2	25
61	1	62	49	72	72	2	34
61	1	62	60	72	72	3	0
61	1	62	66	72	72	3	inf
61	1	62	71	72	72	2	27
61	1	63	7	72	72	3	0
61	1	63	13	72	72	3	inf
61	1	63	18	72	72	2	27
61	1	63	23	72	72	2	36
61	1	63	25	72	72	3	40
61	1	63	27	72	72	2	36
61	1	63	32	72	72	2	27
61	1	63	43	72	72	3	0
61	1	63	54	72	72	2	34
61	1	63	59	72	72	2	25
61	1	63	61	72	72	3	21
61	1	63	63	72	72	2	25
61	1	63	68	72	72	2	34
61	1	64	1	72	72	2	34
61	1	64	6	72	72	2	25
61	1	64	8	72	72	3	21
61	1	64	10	72	72	2	25
61	1	64	15	72	72	2	34
61	1	64	26	72	72	3	0
61	1	64	32	72	72	3	inf
61	1	64	37	72	72	2	27
61	1	64	42	72	72	2	36
61	1	64	44	72	72	3	40
61	1	64	46	72	72	2	36
61	1	64	51	72	72	2	27
61	1	64	62	72	72	3	0
61	1	65	9	72	72	3	0
61	1	65	20	72	72	2	34
61	1	65	25	72	72	2	25
61	1	65	27	72	72	3	21
61	1	65	29	72	72	2	25
61	1	65	34	72	72	2	34
61	1	65	45	72	72	3	0
61	1	65	51	72	72	3	inf
61	1	65	56	72	72	2	27
61	1	65	61	72	72	2	36
61	1	65	63	72	72	3	40
61	1	65	65	72	72	2	36
61	1	65	70	72	72	2	27
61	1	66	3	72	72	2	27
61	1	66	8	72	72	2	36
61	1	66	10	72	72	3	40
61	1	66	12	72	72	2	36
61	1	66	17	72	72	2	27
61	1	66	28	72	72	3	0
61	1	66	39	72	72	2	34
61	1	66	44	72	72	2	25
61	1	66	46	72	72	3	21
61	1	66	48	72	72	2	25
61	1	66	53	72	72	2	34
61	1	66	64	72	72	3	0
61	1	66	70	72	72	3	inf
61	1	67	0	72	72	2	34
61	1	67	11	72	72	3	0
61	1	67	17	72	72	3	inf
61	1	67	22	72	72	2	27
61	1	67	27	72	72	2	36
61	1	67	29	72	72	3	40
61	1	67	31	72	72	2	36
61	1	67	36	72	72	2	27
61	1	67	47	72	72	3	0
61	1	67	58	72	72	2	34
61	1	67	63	72	72	2	25
61	1	67	65	72	72	3	21
61	1	67	67	72	72	2	25
61	1	68	5	72	72	2	34
61	1	68	10	72	72	2	25
61	1	68	12	72	72	3	21
61	1	68	14	72	72	2	25
61	1	68	19	72	72	2	34
61	1	68	30	72	72	3	0
61	1	68	36	72	72	3	inf
61	1	68	41	72	72	2	27
61	1	68	46	72	72	2	36
61	1	68	48	72	72	3	40
61	1	68	50	72	72	2	36
61	1	68	55	72	72	2	27
61	1	68	66	72	72	3	0
61	1	69	2	72	72	2	27
61	1	69	13	72	72	3	0
61	1	69	24	72	72	2	34
61	1	69	29	72	72	2	25
61	1	69	31	72	72	3	21
61	1	69	33	72	72	2	25
61	1	69	38	72	72	2	34
61	1	69	49	72	72	3	0
61	1	69	55	72	72	3	inf
61	1	69	60	72	72	2	27
61	1	69	65	72	72	2	36
61	1	69	67	72	72	3	40
61	1	69	69	72	72	2	36
61	1	70	2	72	72	3	inf
61	1	70	7	72	72	2	27
61	1	70	12	72	72	2	36
61	1	70	14	72	72	3	40
61	1	70	16	72	72	2	36
61	1	70	21	72	72	2	27
61	1	70	32	72	72	3	0
61	1	70	43	72	72	2	34
61	1	70	48	72	72	2	25
61	1	70	50	72	72	3	21
61	1	70	52	72	72	2	25
61	1	70	57	72	72	2	34
61	1	70	68	72	72	3	0
61	1	71	4	72	72	2	34
61	1	71	15	72	72	3	0
61	1	71	21	72	72	3	inf
61	1	71	26	72	72	2	27
61	1	71	31	72	72	2	36
61	1	71	33	72	72	3	40
61	1	71	35	72	72	2	36
61	1	71	40	72	72	2	27
61	1	71	51	72	72	3	0
61	1	71	62	72	72	2	34
61	1	71	67	72	72	2	25
61	1	71	69	72	72	3	21
61	1	71	71	72	72	2	25
61	2	0	4	72	72	3	inf
61	2	0	9	72	72	2	27
61	2	0	14	72	72	2	36
61	2	0	16	72	72	3	40
61	2	0	18	72	72	2	36
61	2	0	23	72	72	2	27
61	2	0	34	72	72	3	0
61	2	0	45	72	72	2	34
61	2	0	50	72	72	2	25
61	2	0	52	72	72	3	21
61	2	0	54	72	72	2	25
61	2	0	59	72	72	2	34
61	2	0	70	72	72	3	0
61	2	1	1	72	72	2	25
61	2	1	6	72	72	2	34
61	2	1	17	72	72	3	0
61	2	1	23	72	72	3	inf
61	2	1	28	72	72	2	27
61	2	1	33	72	72	2	36
61	2	1	35	72	72	3	40
61	2	1	37	72	72	2	36
61	2	1	42	72	72	2	27
61	2	1	53	72	72	3	0
61	2	1	64	72	72	2	34
61	2	1	69	72	72	2	25
61	2	1	71	72	72	3	21
61	2	2	0	72	72	3	0
61	2	2	11	72	72	2	34
61	2	2	16	72	72	2	25
61	2	2	18	72	72	3	21
61	2	2	20	72	72	2	25
61	2	2	25	72	72	2	34
61	2	2	36	72	72	3	0
61	2	2	42	72	72	3	inf
61	2	2	47	72	72	2	27
61	2	2	52	72	72	2	36
61	2	2	54	72	72	3	40
61	2	2	56	72	72	2	36
61	2	2	61	72	72	2	27
61	2	3	1	72	72	3	40
61	2	3	3	72	72	2	36
61	2	3	8	72	72	2	27
61	2	3	19	72	72	3	0
61	2	3	30	72	72	2	34
61	2	3	35	72	72	2	25
61	2	3	37	72	72	3	21
61	2	3	39	72	72	2	25
61	2	3	44	72	72	2	34
61	2	3	55	72	72	3	0
61	2	3	61	72	72	3	inf
61	2	3	66	72	72	2	27
61	2	3	71	72	72	2	36
61	2	4	2	72	72	3	0
61	2	4	8	72	72	3	inf
61	2	4	13	72	72	2	27
61	2	4	18	72	72	2	36
61	2	4	20	72	72	3	40
61	2	4	22	72	72	2	36
61	2	4	27	72	72	2	27
61	2	4	38	72	72	3	0
61	2	4	49	72	72	2	34
61	2	4	54	72	72	2	25
61	2	4	56	72	72	3	21
61	2	4	58	72	72	2	25
61	2	4	63	72	72	2	34
61	2	5	1	72	72	2	25
61	2	5	3	72	72	3	21
61	2	5	5	72	72	2	25
61	2	5	10	72	72	2	34
61	2	5	21	72	72	3	0
61	2	5	27	72	72	3	inf
61	2	5	32	72	72	2	27
61	2	5	37	72	72	2	36
61	2	5	39	72	72	3	40
61	2	5	41	72	72	2	36
61	2	5	46	72	72	2	27
61	2	5	57	72	72	3	0
61	2	5	68	72	72	2	34
61	2	6	4	72	72	3	0
61	2	6	15	72	72	2	34
61	2	6	20	72	72	2	25
61	2	6	22	72	72	3	21
61	2	6	24	72	72	2	25
61	2	6	29	72	72	2	34
61	2	6	40	72	72	3	0
61	2	6	46	72	72	3	inf
61	2	6	51	72	72	2	27
61	2	6	56	72	72	2	36
61	2	6	58	72	72	3	40
61	2	6	60	72	72	2	36
61	2	6	65	72	72	2	27
61	2	7	3	72	72	2	36
61	2	7	5	72	72	3	40
61	2	7	7	72	72	2	36
61	2	7	12	72	72	2	27
61	2	7	23	72	72	3	0
61	2	7	34	72	72	2	34
61	2	7	39	72	72	2	25
61	2	7	41	72	72	3	21
61	2	7	43	72	72	2	25
61	2	7	48	72	72	2	34
61	2	7	59	72	72	3	0
61	2	7	65	72	72	3	inf
61	2	7	70	72	72	2	27
61	2	8	6	72	72	3	0
61	2	8	12	72	72	3	inf
61	2	8	17	72	72	2	27
61	2	8	22	72	72	2	36
61	2	8	24	72	72	3	40
61	2	8	26	72	72	2	36
61	2	8	31	72	72	2	27
61	2	8	42	72	72	3	0
61	2	8	53	72	72	2	34
61	2	8	58	72	72	2	25
61	2	8	60	72	72	3	21
61	2	8	62	72	72	2	25
61	2	8	67	72	72	2	34
61	2	9	0	72	72	2	34
61	2	9	5	72	72	2	25
61	2	9	7	72	72	3	21
61	2	9	9	72	72	2	25
61	2	9	14	72	72	2	34
61	2	9	25	72	72	3	0
61	2	9	31	72	72	3	inf
61	2	9	36	72	72	2	27
61	2	9	41	72	72	2	36
61	2	9	43	72	72	3	40
61	2	9	45	72	72	2	36
61	2	9	50	72	72	2	27
61	2	9	61	72	72	3	0
61	2	10	8	72	72	3	0
61	2	10	19	72	72	2	34
61	2	10	24	72	72	2	25
61	2	10	26	72	72	3	21
61	2	10	28	72	72	2	25
61	2	10	33	72	72	2	34
61	2	10	44	72	72	3	0
61	2	10	50	72	72	3	inf
61	2	10	55	72	72	2	27
61	2	10	60	72	72	2	36
61	2	10	62	72	72	3	40
61	2	10	64	72	72	2	36
61	2	10	69	72	72	2	27
61	2	11	2	72	72	2	27
61	2	11	7	72	72	2	36
61	2	11	9	72	72	3	40
61	2	11	11	72	72	2	36
61	2	11	16	72	72	2	27
61	2	11	27	72	72	3	0
61	2	11	38	72	72	2	34
61	2	11	43	72	72	2	25
61	2	11	45	72	72	3	21
61	2	11	47	72	72	2	25
61	2	11	52	72	72	2	34
61	2	11	63	72	72	3	0
61	2	11	69	72	72	3	inf
61	2	12	10	72	72	3	0
61	2	12	16	72	72	3	inf
61	2	12	21	72	72	2	27
61	2	12	26	72	72	2	36
61	2	12	28	72	72	3	40
61	2	12	30	72	72	2	36
61	2	12	35	72	72	2	27
61	2	12	46	72	72	3	0
61	2	12	57	72	72	2	34
61	2	12	62	72	72	2	25
61	2	12	64	72	72	3	21
61	2	12	66	72	72	2	25
61	2	12	71	72	72	2	34
61	2	13	4	72	72	2	34
61	2	13	9	72	72	2	25
61	2	13	11	72	72	3	21
61	2	13	13	72	72	2	25
61	2	13	18	72	72	2	34
61	2	13	29	72	72	3	0
61	2	13	35	72	72	3	inf
61	2	13	40	72	72	2	27
61	2	13	45	72	72	2	36
61	2	13	47	72	72	3	40
61	2	13	49	72	72	2	36
61	2	13	54	72	72	2	27
61	2	13	65	72	72	3	0
61	2	14	1	72	72	2	27
61	2	14	12	72	72	3	0
61	2	14	23	72	72	2	34
61	2	14	28	72	72	2	25
61	2	14	30	72	72	3	21
61	2	14	32	72	72	2	25
61	2	14	37	72	72	2	34
61	2	14	48	72	72	3	0
61	2	14	54	72	72	3	inf
61	2	14	59	72	72	2	27
61	2	14	64	72	72	2	36
61	2	14	66	72	72	3	40
61	2	14	68	72	72	2	36
61	2	15	1	72	72	3	inf
61	2	15	6	72	72	2	27
61	2	15	11	72	72	2	36
61	2	15	13	72	72	3	40
61	2	15	15	72	72	2	36
61	2	15	20	72	72	2	27
61	2	15	31	72	72	3	0
61	2	15	42	72	72	2	34
61	2	15	47	72	72	2	25
61	2	15	49	72	72	3	21
61	2	15	51	72	72	2	25
61	2	15	56	72	72	2	34
61	2	15	67	72	72	3	0
61	2	16	3	72	72	2	34
61	2	16	14	72	72	3	0
61	2	16	20	72	72	3	inf
61	2	16	25	72	72	2	27
61	2	16	30	72	72	2	36
61	2	16	32	72	72	3	40
61	2	16	34	72	72	2	36
61	2	16	39	72	72	2	27
61	2	16	50	72	72	3	0
61	2	16	61	72	72	2	34
61	2	16	66	72	72	2	25
61	2	16	68	72	72	3	21
61	2	16	70	72	72	2	25
61	2	17	8	72	72	2	34
61	2	17	13	72	72	2	25
61	2	17	15	72	72	3	21
61	2	17	17	72	72	2	25
61	2	17	22	72	72	2	34
61	2	17	33	72	72	3	0
61	2	17	39	72	72	3	inf
61	2	17	44	72	72	2	27
61	2	17	49	72	72	2	36
61	2	17	51	72	72	3	40
61	2	17	53	72	72	2	36
61	2	17	58	72	72	2	27
61	2	17	69	72	72	3	0
61	2	18	0	72	72	2	36
61	2	18	5	72	72	2	27
61	2	18	16	72	72	3	0
61	2	18	27	72	72	2	34
61	2	18	32	72	72	2	25
61	2	18	34	72	72	3	21
61	2	18	36	72	72	2	25
61	2	18	41	72	72	2	34
61	2	18	52	72	72	3	0
61	2	18	58	72	72	3	inf
61	2	18	63	72	72	2	27
61	2	18	68	72	72	2	36
61	2	18	70	72	72	3	40
61	2	19	5	72	72	3	inf
61	2	19	10	72	72	2	27
61	2	19	15	72	72	2	36
61	2	19	17	72	72	3	40
61	2	19	19	72	72	2	36
61	2	19	24	72	72	2	27
61	2	19	35	72	72	3	0
61	2	19	46	72	72	2	34
61	2	19	51	72	72	2	25
61	2	19	53	72	72	3	21
61	2	19	55	72	72	2	25
61	2	19	60	72	72	2	34
61	2	19	71	72	72	3	0
61	2	20	0	72	72	3	21
61	2	20	2	72	72	2	25
61	2	20	7	72	72	2	34
61	2	20	18	72	72	3	0
61	2	20	24	72	72	3	inf
61	2	20	29	72	72	2	27
61	2	20	34	72	72	2	36
61	2	20	36	72	72	3	40
61	2	20	38	72	72	2	36
61	2	20	43	72	72	2	27
61	2	20	54	72	72	3	0
61	2	20	65	72	72	2	34
61	2	20	70	72	72	2	25
61	2	21	1	72	72	3	0
61	2	21	12	72	72	2	34
61	2	21	17	72	72	2	25
61	2	21	19	72	72	3	21
61	2	21	21	72	72	2	25
61	2	21	26	72	72	2	34
61	2	21	37	72	72	3	0
61	2	21	43	72	72	3	inf
61	2	21	48	72	72	2	27
61	2	21	53	72	72	2	36
61	2	21	55	72	72	3	40
61	2	21	57	72	72	2	36
61	2	21	62	72	72	2	27
61	2	22	0	72	72	2	36
61	2	22	2	72	72	3	40
61	2	22	4	72	72	2	36
61	2	22	9	72	72	2	27
61	2	22	20	72	72	3	0
61	2	22	31	72	72	2	34
61	2	22	36	72	72	2	25
61	2	22	38	72	72	3	21
61	2	22	40	72	72	2	25
61	2	22	45	72	72	2	34
61	2	22	56	72	72	3	0
61	2	22	62	72	72	3	inf
61	2	22	67	72	72	2	27
61	2	23	3	72	72	3	0
61	2	23	9	72	72	3	inf
61	2	23	14	72	72	2	27
61	2	23	19	72	72	2	36
61	2	23	21	72	72	3	40
61	2	23	23	72	72	2	36
61	2	23	28	72	72	2	27
61	2	23	39	72	72	3	0
61	2	23	50	72	72	2	34
61	2	23	55	72	72	2	25
61	2	23	57	72	72	3	21
61	2	23	59	72	72	2	25
61	2	23	64	72	72	2	34
61	2	24	2	72	72	2	25
61	2	24	4	72	72	3	21
61	2	24	6	72	72	2	25
61	2	24	11	72	72	2	34
61	2	24	22	72	72	3	0
61	2	24	28	72	72	3	inf
61	2	24	33	72	72	2	27
61	2	24	38	72	72	2	36
61	2	24	40	72	72	3	40
61	2	24	42	72	72	2	36
61	2	24	47	72	72	2	27
61	2	24	58	72	72	3	0
61	2	24	69	72	72	2	34
61	2	25	5	72	72	3	0
61	2	25	16	72	72	2	34
61	2	25	21	72	72	2	25
61	2	25	23	72	72	3	21
61	2	25	25	72	72	2	25
61	2	25	30	72	72	2	34
61	2	25	41	72	72	3	0
61	2	25	47	72	72	3	inf
61	2	25	52	72	72	2	27
61	2	25	57	72	72	2	36
61	2	25	59	72	72	3	40
61	2	25	61	72	72	2	36
61	2	25	66	72	72	2	27
61	2	26	4	72	72	2	36
61	2	26	6	72	72	3	40
61	2	26	8	72	72	2	36
61	2	26	13	72	72	2	27
61	2	26	24	72	72	3	0
61	2	26	35	72	72	2	34
61	2	26	40	72	72	2	25
61	2	26	42	72	72	3	21
61	2	26	44	72	72	2	25
61	2	26	49	72	72	2	34
61	2	26	60	72	72	3	0
61	2	26	66	72	72	3	inf
61	2	26	71	72	72	2	27
61	2	27	7	72	72	3	0
61	2	27	13	72	72	3	inf
61	2	27	18	72	72	2	27
61	2	27	23	72	72	2	36
61	2	27	25	72	72	3	40
61	2	27	27	72	72	2	36
61	2	27	32	72	72	2	27
61	2	27	43	72	72	3	0
61	2	27	54	72	72	2	34
61	2	27	59	72	72	2	25
61	2	27	61	72	72	3	21
61	2	27	63	72	72	2	25
61	2	27	68	72	72	2	34
61	2	28	1	72	72	2	34
61	2	28	6	72	72	2	25
61	2	28	8	72	72	3	21
61	2	28	10	72	72	2	25
61	2	28	15	72	72	2	34
61	2	28	26	72	72	3	0
61	2	28	32	72	72	3	inf
61	2	28	37	72	72	2	27
61	2	28	42	72	72	2	36
61	2	28	44	72	72	3	40
61	2	28	46	72	72	2	36
61	2	28	51	72	72	2	27
61	2	28	62	72	72	3	0
61	2	29	9	72	72	3	0
61	2	29	20	72	72	2	34
61	2	29	25	72	72	2	25
61	2	29	27	72	72	3	21
61	2	29	29	72	72	2	25
61	2	29	34	72	72	2	34
61	2	29	45	72	72	3	0
61	2	29	51	72	72	3	inf
61	2	29	56	72	72	2	27
61	2	29	61	72	72	2	36
61	2	29	63	72	72	3	40
61	2	29	65	72	72	2	36
61	2	29	70	72	72	2	27
61	2	30	3	72	72	2	27
61	2	30	8	72	72	2	36
61	2	30	10	72	72	3	40
61	2	30	12	72	72	2	36
61	2	30	17	72	72	2	27
61	2	30	28	72	72	3	0
61	2	30	39	72	72	2	34
61	2	30	44	72	72	2	25
61	2	30	46	72	72	3	21
61	2	30	48	72	72	2	25
61	2	30	53	72	72	2	34
61	2	30	64	72	72	3	0
61	2	30	70	72	72	3	inf
61	2	31	0	72	72	2	34
61	2	31	11	72	72	3	0
61	2	31	17	72	72	3	inf
61	2	31	22	72	72	2	27
61	2	31	27	72	72	2	36
61	2	31	29	72	72	3	40
61	2	31	31	72	72	2	36
61	2	31	36	72	72	2	27
61	2	31	47	72	72	3	0
61	2	31	58	72	72	2	34
61	2	31	63	72	72	2	25
61	2	31	65	72	72	3	21
61	2	31	67	72	72	2	25
61	2	32	5	72	72	2	34
61	2	32	10	72	72	2	25
61	2	32	12	72	72	3	21
61	2	32	14	72	72	2	25
61	2	32	19	72	72	2	34
61	2	32	30	72	72	3	0
61	2	32	36	72	72	3	inf
61	2	32	41	72	72	2	27
61	2	32	46	72	72	2	36
61	2	32	48	72	72	3	40
61	2	32	50	72	72	2	36
61	2	32	55	72	72	2	27
61	2	32	66	72	72	3	0
61	2	33	2	72	72	2	27
61	2	33	13	72	72	3	0
61	2	33	24	72	72	2	34
61	2	33	29	72	72	2	25
61	2	33	31	72	72	3	21
61	2	33	33	72	72	2	25
61	2	33	38	72	72	2	34
61	2	33	49	72	72	3	0
61	2	33	55	72	72	3	inf
61	2	33	60	72	72	2	27
61	2	33	65	72	72	2	36
61	2	33	67	72	72	3	40
61	2	33	69	72	72	2	36
61	2	34	2	72	72	3	inf
61	2	34	7	72	72	2	27
61	2	34	12	72	72	2	36
61	2	34	14	72	72	3	40
61	2	34	16	72	72	2	36
61	2	34	21	72	72	2	27
61	2	34	32	72	72	3	0
61	2	34	43	72	72	2	34
61	2	34	48	72	72	2	25
61	2	34	50	72	72	3	21
61	2	34	52	72	72	2	25
61	2	34	57	72	72	2	34
61	2	34	68	72	72	3	0
61	2	35	4	72	72	2	34
61	2	35	15	72	72	3	0
61	2	35	21	72	72	3	inf
61	2	35	26	72	72	2	27
61	2	35	31	72	72	2	36
61	2	35	33	72	72	3	40
61	2	35	35	72	72	2	36
61	2	35	40	72	72	2	27
61	2	35	51	72	72	3	0
61	2	35	62	72	72	2	34
61	2	35	67	72	72	2	25
61	2	35	69	72	72	3	21
61	2	35	71	72	72	2	25
61	2	36	9	72	72	2	34
61	2	36	14	72	72	2	25
61	2	36	16	72	72	3	21
61	2	36	18	72	72	2	25
61	2	36	23	72	72	2	34
61	2	36	34	72	72	3	0
61	2	36	40	72	72	3	inf
61	2	36	45	72	72	2	27
61	2	36	50	72	72	2	36
61	2	36	52	72	72	3	40
61	2	36	54	72	72	2	36
61	2	36	59	72	72	2	27
61	2	36	70	72	72	3	0
61	2	37	1	72	72	2	36
61	2	37	6	72	72	2	27
61	2	37	17	72	72	3	0
61	2	37	28	72	72	2	34
61	2	37	33	72	72	2	25
61	2	37	35	72	72	3	21
61	2	37	37	72	72	2	25
61	2	37	42	72	72	2	34
61	2	37	53	72	72	3	0
61	2	37	59	72	72	3	inf
61	2	37	64	72	72	2	27
61	2	37	69	72	72	2	36
61	2	37	71	72	72	3	40
61	2	38	0	72	72	3	0
61	2	38	6	72	72	3	inf
61	2	38	11	72	72	2	27
61	2	38	16	72	72	2	36
61	2	38	18	72	72	3	40
61	2	38	20	72	72	2	36
61	2	38	25	72	72	2	27
61	2	38	36	72	72	3	0
61	2	38	47	72	72	2	34
61	2	38	52	72	72	2	25
61	2	38	54	72	72	3	21
61	2	38	56	72	72	2	25
61	2	38	61	72	72	2	34
61	2	39	1	72	72	3	21
61	2	39	3	72	72	2	25
61	2	39	8	72	72	2	34
61	2	39	19	72	72	3	0
61	2	39	25	72	72	3	inf
61	2	39	30	72	72	2	27
61	2	39	35	72	72	2	36
61	2	39	37	72	72	3	40
61	2	39	39	72	72	2	36
61	2	39	44	72	72	2	27
61	2	39	55	72	72	3	0
61	2	39	66	72	72	2	34
61	2	39	71	72	72	2	25
61	2	40	2	72	72	3	0
61	2	40	13	72	72	2	34
61	2	40	18	72	72	2	25
61	2	40	20	72	72	3	21
61	2	40	22	72	72	2	25
61	2	40	27	72	72	2	34
61	2	40	38	72	72	3	0
61	2	40	44	72	72	3	inf
61	2	40	49	72	72	2	27
61	2	40	54	72	72	2	36
61	2	40	56	72	72	3	40
61	2	40	58	72	72	2	36
61	2	40	63	72	72	2	27
61	2	41	1	72	72	2	36
61	2	41	3	72	72	3	40
61	2	41	5	72	72	2	36
61	2	41	10	72	72	2	27
61	2	41	21	72	72	3	0
61	2	41	32	72	72	2	34
61	2	41	37	72	72	2	25
61	2	41	39	72	72	3	21
61	2	41	41	72	72	2	25
61	2	41	46	72	72	2	34
61	2	41	57	72	72	3	0
61	2	41	63	72	72	3	inf
61	2	41	68	72	72	2	27
61	2	42	4	72	72	3	0
61	2	42	10	72	72	3	inf
61	2	42	15	72	72	2	27
61	2	42	20	72	72	2	36
61	2	42	22	72	72	3	40
61	2	42	24	72	72	2	36
61	2	42	29	72	72	2	27
61	2	42	40	72	72	3	0
61	2	42	51	72	72	2	34
61	2	42	56	72	72	2	25
61	2	42	58	72	72	3	21
61	2	42	60	72	72	2	25
61	2	42	65	72	72	2	34
61	2	43	3	72	72	2	25
61	2	43	5	72	72	3	21
61	2	43	7	72	72	2	25
61	2	43	12	72	72	2	34
61	2	43	23	72	72	3	0
61	2	43	29	72	72	3	inf
61	2	43	34	72	72	2	27
61	2	43	39	72	72	2	36
61	2	43	41	72	72	3	40
61	2	43	43	72	72	2	36
61	2	43	48	72	72	2	27
61	2	43	59	72	72	3	0
61	2	43	70	72	72	2	34
61	2	44	6	72	72	3	0
61	2	44	17	72	72	2	34
61	2	44	22	72	72	2	25
61	2	44	24	72	72	3	21
61	2	44	26	72	72	2	25
61	2	44	31	72	72	2	34
61	2	44	42	72	72	3	0
61	2	44	48	72	72	3	inf
61	2	44	53	72	72	2	27
61	2	44	58	72	72	2	36
61	2	44	60	72	72	3	40
61	2	44	62	72	72	2	36
61	2	44	67	72	72	2	27
61	2	45	0	72	72	2	27
61	2	45	5	72	72	2	36
61	2	45	7	72	72	3	40
61	2	45	9	72	72	2	36
61	2	45	14	72	72	2	27
61	2	45	25	72	72	3	0
61	2	45	36	72	72	2	34
61	2	45	41	72	72	2	25
61	2	45	43	72	72	3	21
61	2	45	45	72	72	2	25
61	2	45	50	72	72	2	34
61	2	45	61	72	72	3	0
61	2	45	67	72	72	3	inf
61	2	46	8	72	72	3	0
61	2	46	14	72	72	3	inf
61	2	46	19	72	72	2	27
61	2	46	24	72	72	2	36
61	2	46	26	72	72	3	40
61	2	46	28	72	72	2	36
61	2	46	33	72	72	2	27
61	2	46	44	72	72	3	0
61	2	46	55	72	72	2	34
61	2	46	60	72	72	2	25
61	2	46	62	72	72	3	21
61	2	46	64	72	72	2	25
61	2	46	69	72	72	2	34
61	2	47	2	72	72	2	34
61	2	47	7	72	72	2	25
61	2	47	9	72	72	3	21
61	2	47	11	72	72	2	25
61	2	47	16	72	72	2	34
61	2	47	27	72	72	3	0
61	2	47	33	72	72	3	inf
61	2	47	38	72	72	2	27
61	2	47	43	72	72	2	36
61	2	47	45	72	72	3	40
61	2	47	47	72	72	2	36
61	2	47	52	72	72	2	27
61	2	47	63	72	72	3	0
61	2	48	10	72	72	3	0
61	2	48	21	72	72	2	34
61	2	48	26	72	72	2	25
61	2	48	28	72	72	3	21
61	2	48	30	72	72	2	25
61	2	48	35	72	72	2	34
61	2	48	46	72	72	3	0
61	2	48	52	72	72	3	inf
61	2	48	57	72	72	2	27
61	2	48	62	72	72	2	36
61	2	48	64	72	72	3	40
61	2	48	66	72	72	2	36
61	2	48	71	72	72	2	27
61	2	49	4	72	72	2	27
61	2	49	9	72	72	2	36
61	2	49	11	72	72	3	40
61	2	49	13	72	72	2	36
61	2	49	18	72	72	2	27
61	2	49	29	72	72	3	0
61	2	49	40	72	72	2	34
61	2	49	45	72	72	2	25
61	2	49	47	72	72	3	21
61	2	49	49	72	72	2	25
61	2	49	54	72	72	2	34
61	2	49	65	72	72	3	0
61	2	49	71	72	72	3	inf
61	2	50	1	72	72	2	34
61	2	50	12	72	72	3	0
61	2	50	18	72	72	3	inf
61	2	50	23	72	72	2	27
61	2	50	28	72	72	2	36
61	2	50	30	72	72	3	40
61	2	50	32	72	72	2	36
61	2	50	37	72	72	2	27
61	2	50	48	72	72	3	0
61	2	50	59	72	72	2	34
61	2	50	64	72	72	2	25
61	2	50	66	72	72	3	21
61	2	50	68	72	72	2	25
61	2	51	6	72	72	2	34
61	2	51	11	72	72	2	25
61	2	51	13	72	72	3	21
61	2	51	15	72	72	2	25
61	2	51	20	72	72	2	34
61	2	51	31	72	72	3	0
61	2	51	37	72	72	3	inf
61	2	51	42	72	72	2	27
61	2	51	47	72	72	2	36
61	2	51	49	72	72	3	40
61	2	51	51	72	72	2	36
61	2	51	56	72	72	2	27
61	2	51	67	72	72	3	0
61	2	52	3	72	72	2	27
61	2	52	14	72	72	3	0
61	2	52	25	72	72	2	34
61	2	52	30	72	72	2	25
61	2	52	32	72	72	3	21
61	2	52	34	72	72	2	25
61	2	52	39	72	72	2	34
61	2	52	50	72	72	3	0
61	2	52	56	72	72	3	inf
61	2	52	61	72	72	2	27
61	2	52	66	72	72	2	36
61	2	52	68	72	72	3	40
61	2	52	70	72	72	2	36
61	2	53	3	72	72	3	inf
61	2	53	8	72	72	2	27
61	2	53	13	72	72	2	36
61	2	53	15	72	72	3	40
61	2	53	17	72	72	2	36
61	2	53	22	72	72	2	27
61	2	53	33	72	72	3	0
61	2	53	44	72	72	2	34
61	2	53	49	72	72	2	25
61	2	53	51	72	72	3	21
61	2	53	53	72	72	2	25
61	2	53	58	72	72	2	34
61	2	53	69	72	72	3	0
61	2	54	0	72	72	2	25
61	2	54	5	72	72	2	34
61	2	54	16	72	72	3	0
61	2	54	22	72	72	3	inf
61	2	54	27	72	72	2	27
61	2	54	32	72	72	2	36
61	2	54	34	72	72	3	40
61	2	54	36	72	72	2	36
61	2	54	41	72	72	2	27
61	2	54	52	72	72	3	0
61	2	54	63	72	72	2	34
61	2	54	68	72	72	2	25
61	2	54	70	72	72	3	21
61	2	55	10	72	72	2	34
61	2	55	15	72	72	2	25
61	2	55	17	72	72	3	21
61	2	55	19	72	72	2	25
61	2	55	24	72	72	2	34
61	2	55	35	72	72	3	0
61	2	55	41	72	72	3	inf
61	2	55	46	72	72	2	27
61	2	55	51	72	72	2	36
61	2	55	53	72	72	3	40
61	2	55	55	72	72	2	36
61	2	55	60	72	72	2	27
61	2	55	71	72	72	3	0
61	2	56	0	72	72	3	40
61	2	56	2	72	72	2	36
61	2	56	7	72	72	2	27
61	2	56	18	72	72	3	0
61	2	56	29	72	72	2	34
61	2	56	34	72	72	2	25
61	2	56	36	72	72	3	21
61	2	56	38	72	72	2	25
61	2	56	43	72	72	2	34
61	2	56	54	72	72	3	0
61	2	56	60	72	72	3	inf
61	2	56	65	72	72	2	27
61	2	56	70	72	72	2	36
61	2	57	1	72	72	3	0
61	2	57	7	72	72	3	inf
61	2	57	12	72	72	2	27
61	2	57	17	72	72	2	36
61	2	57	19	72	72	3	40
61	2	57	21	72	72	2	36
61	2	57	26	72	72	2	27
61	2	57	37	72	72	3	0
61	2	57	48	72	72	2	34
61	2	57	53	72	72	2	25
61	2	57	55	72	72	3	21
61	2	57	57	72	72	2	25
61	2	57	62	72	72	2	34
61	2	58	0	72	72	2	25
61	2	58	2	72	72	3	21
61	2	58	4	72	72	2	25
61	2	58	9	72	72	2	34
61	2	58	20	72	72	3	0
61	2	58	26	72	72	3	inf
61	2	58	31	72	72	2	27
61	2	58	36	72	72	2	36
61	2	58	38	72	72	3	40
61	2	58	40	72	72	2	36
61	2	58	45	72	72	2	27
61	2	58	56	72	72	3	0
61	2	58	67	72	72	2	34
61	2	59	3	72	72	3	0
61	2	59	14	72	72	2	34
61	2	59	19	72	72	2	25
61	2	59	21	72	72	3	21
61	2	59	23	72	72	2	25
61	2	59	28	72	72	2	34
61	2	59	39	72	72	3	0
61	2	59	45	72	72	3	inf
61	2	59	50	72	72	2	27
61	2	59	55	72	72	2	36
61	2	59	57	72	72	3	40
61	2	59	59	72	72	2	36
61	2	59	64	72	72	2	27
61	2	60	2	72	72	2	36
61	2	60	4	72	72	3	40
61	2	60	6	72	72	2	36
61	2	60	11	72	72	2	27
61	2	60	22	72	72	3	0
61	2	60	33	72	72	2	34
61	2	60	38	72	72	2	25
61	2	60	40	72	72	3	21
61	2	60	42	72	72	2	25
61	2	60	47	72	72	2	34
61	2	60	58	72	72	3	0
61	2	60	64	72	72	3	inf
61	2	60	69	72	72	2	27
61	2	61	5	72	72	3	0
61	2	61	11	72	72	3	inf
61	2	61	16	72	72	2	27
61	2	61	21	72	72	2	36
61	2	61	23	72	72	3	40
61	2	61	25	72	72	2	36
61	2	61	30	72	72	2	27
61	2	61	41	72	72	3	0
61	2	61	52	72	72	2	34
61	2	61	57	72	72	2	25
61	2	61	59	72	72	3	21
61	2	61	61	72	72	2	25
61	2	61	66	72	72	2	34
61	2	62	4	72	72	2	25
61	2	62	6	72	72	3	21
61	2	62	8	72	72	2	25
61	2	62	13	72	72	2	34
61	2	62	24	72	72	3	0
61	2	62	30	72	72	3	inf
61	2	62	35	72	72	2	27
61	2	62	40	72	72	2	36
61	2	62	42	72	72	3	40
61	2	62	44	72	72	2	36
61	2	62	49	72	72	2	27
61	2	62	60	72	72	3	0
61	2	62	71	72	72	2	34
61	2	63	7	72	72	3	0
61	2	63	18	72	72	2	34
61	2	63	23	72	72	2	25
61	2	63	25	72	72	3	21
61	2	63	27	72	72	2	25
61	2	63	32	72	72	2	34
61	2	63	43	72	72	3	0
61	2	63	49	72	72	3	inf
61	2	63	54	72	72	2	27
61	2	63	59	72	72	2	36
61	2	63	61	72	72	3	40
61	2	63	63	72	72	2	36
61	2	63	68	72	72	2	27
61	2	64	1	72	72	2	27
61	2	64	6	72	72	2	36
61	2	64	8	72	72	3	40
61	2	64	10	72	72	2	36
61	2	64	15	72	72	2	27
61	2	64	26	72	72	3	0
61	2	64	37	72	72	2	34
61	2	64	42	72	72	2	25
61	2	64	44	72	72	3	21
61	2	64	46	72	72	2	25
61	2	64	51	72	72	2	34
61	2	64	62	72	72	3	0
61	2	64	68	72	72	3	inf
61	2	65	9	72	72	3	0
61	2	65	15	72	72	3	inf
61	2	65	20	72	72	2	27
61	2	65	25	72	72	2	36
61	2	65	27	72	72	3	40
61	2	65	29	72	72	2	36
61	2	65	34	72	72	2	27
61	2	65	45	72	72	3	0
61	2	65	56	72	72	2	34
61	2	65	61	72	72	2	25
61	2	65	63	72	72	3	21
61	2	65	65	72	72	2	25
61	2	65	70	72	72	2	34
61	2	66	3	72	72	2	34
61	2	66	8	72	72	2	25
61	2	66	10	72	72	3	21
61	2	66	12	72	72	2	25
61	2	66	17	72	72	2	34
61	2	66	28	72	72	3	0
61	2	66	34	72	72	3	inf
61	2	66	39	72	72	2	27
61	2	66	44	72	72	2	36
61	2	66	46	72	72	3	40
61	2	66	48	72	72	2	36
61	2	66	53	72	72	2	27
61	2	66	64	72	72	3	0
61	2	67	0	72	72	2	27
61	2	67	11	72	72	3	0
61	2	67	22	72	72	2	34
61	2	67	27	72	72	2	25
61	2	67	29	72	72	3	21
61	2	67	31	72	72	2	25
61	2	67	36	72	72	2	34
61	2	67	47	72	72	3	0
61	2	67	53	72	72	3	inf
61	2	67	58	72	72	2	27
61	2	67	63	72	72	2	36
61	2	67	65	72	72	3	40
61	2	67	67	72	72	2	36
61	2	68	0	72	72	3	inf
61	2	68	5	72	72	2	27
61	2	68	10	72	72	2	36
61	2	68	12	72	72	3	40
61	2	68	14	72	72	2	36
61	2	68	19	72	72	2	27
61	2	68	30	72	72	3	0
61	2	68	41	72	72	2	34
61	2	68	46	72	72	2	25
61	2	68	48	72	72	3	21
61	2	68	50	72	72	2	25
61	2	68	55	72	72	2	34
61	2	68	66	72	72	3	0
61	2	69	2	72	72	2	34
61	2	69	13	72	72	3	0
61	2	69	19	72	72	3	inf
61	2	69	24	72	72	2	27
61	2	69	29	72	72	2	36
61	2	69	31	72	72	3	40
61	2	69	33	72	72	2	36
61	2	69	38	72	72	2	27
61	2	69	49	72	72	3	0
61	2	69	60	72	72	2	34
61	2	69	65	72	72	2	25
61	2	69	67	72	72	3	21
61	2	69	69	72	72	2	25
61	2	70	7	72	72	2	34
61	2	70	12	72	72	2	25
61	2	70	14	72	72	3	21
61	2	70	16	72	72	2	25
61	2	70	21	72	72	2	34
61	2	70	32	72	72	3	0
61	2	70	38	72	72	3	inf
61	2	70	43	72	72	2	27
61	2	70	48	72	72	2	36
61	2	70	50	72	72	3	40
61	2	70	52	72	72	2	36
61	2	70	57	72	72	2	27
61	2	70	68	72	72	3	0
61	2	71	4	72	72	2	27
61	2	71	15	72	72	3	0
61	2	71	26	72	72	2	34
61	2	71	31	72	72	2	25
61	2	71	33	72	72	3	21
61	2	71	35	72	72	2	25
61	2	71	40	72	72	2	34
61	2	71	51	72	72	3	0
61	2	71	57	72	72	3	inf
61	2	71	62	72	72	2	27
61	2	71	67	72	72	2	36
61	2	71	69	72	72	3	40
61	2	71	71	72	72	2	36
67	1	0	1	56	14	2	50
67	1	0	8	56	14	2	17
67	1	1	1	56	14	2	23
67	1	1	4	56	14	2	44
67	1	1	6	56	14	3	59
67	1	1	8	56	14	2	44
67	1	1	11	56	14	2	23
67	1	1	13	56	14	3	8
67	1	2	4	56	14	2	17
67	1	2	5	56	14	3	inf
67	1	2	11	56	14	2	50
67	1	3	3	56	14	2	15
67	1	3	4	56	14	3	0
67	1	3	5	56	14	2	52
67	1	3	10	56	14	2	52
67	1	3	11	56	14	3	0
67	1	3	12	56	14	2	15
67	1	4	4	56	14	2	50
67	1	4	11	56	14	2	17
67	1	5	0	56	14	2	23
67	1	5	2	56	14	3	8
67	1	5	4	56	14	2	23
67	1	5	7	56	14	2	44
67	1	5	9	56	14	3	59
67	1	5	11	56	14	2	44
67	1	6	0	56	14	2	50
67	1	6	7	56	14	2	17
67	1	6	8	56	14	3	inf
67	1	7	0	56	14	3	0
67	1	7	1	56	14	2	15
67	1	7	6	56	14	2	15
67	1	7	7	56	14	3	0
67	1	7	8	56	14	2	52
67	1	7	13	56	14	2	52
67	1	8	0	56	14	2	17
67	1	8	7	56	14	2	50
67	1	9	0	56	14	2	44
67	1	9	3	56	14	2	23
67	1	9	5	56	14	3	8
67	1	9	7	56	14	2	23
67	1	9	10	56	14	2	44
67	1	9	12	56	14	3	59
67	1	10	3	56	14	2	50
67	1	10	10	56	14	2	17
67	1	10	11	56	14	3	inf
67	1	11	2	56	14	2	52
67	1	11	3	56	14	3	0
67	1	11	4	56	14	2	15
67	1	11	9	56	14	2	15
67	1	11	10	56	14	3	0
67	1	11	11	56	14	2	52
67	1	12	3	56	14	2	17
67	1	12	10	56	14	2	50
67	1	13	1	56	14	3	59
67	1	13	3	56	14	2	44
67	1	13	6	56	14	2	23
67	1	13	8	56	14	3	8
67	1	13	10	56	14	2	23
67	1	13	13	56	14	2	44
67	1	14	0	56	14	3	inf
67	1	14	6	56	14	2	50
67	1	14	13	56	14	2	17
67	1	15	0	56	14	2	52
67	1	15	5	56	14	2	52
67	1	15	6	56	14	3	0
67	1	15	7	56	14	2	15
67	1	15	12	56	14	2	15
67	1	15	13	56	14	3	0
67	1	16	6	56	14	2	17
67	1	16	13	56	14	2	50
67	1	17	2	56	14	2	44
67	1	17	4	56	14	3	59
67	1	17	6	56	14	2	44
67	1	17	9	56	14	2	23
67	1	17	11	56	14	3	8
67	1	17	13	56	14	2	23
67	1	18	2	56	14	2	17
67	1	18	3	56	14	3	inf
67	1	18	9	56	14	2	50
67	1	19	1	56	14	2	15
67	1	19	2	56	14	3	0
67	1	19	3	56	14	2	52
67	1	19	8	56	14	2	52
67	1	19	9	56	14	3	0
67	1	19	10	56	14	2	15
67	1	20	2	56	14	2	50
67	1	20	9	56	14	2	17
67	1	21	0	56	14	3	8
67	1	21	2	56	14	2	23
67	1	21	5	56	14	2	44
67	1	21	7	56	14	3	59
67	1	21	9	56	14	2	44
67	1	21	12	56	14	2	23
67	1	22	5	56	14	2	17
67	1	22	6	56	14	3	inf
67	1	22	12	56	14	2	50
67	1	23	4	56	14	2	15
67	1	23	5	56	14	3	0
67	1	23	6	56	14	2	52
67	1	23	11	56	14	2	52
67	1	23	12	56	14	3	0
67	1	23	13	56	14	2	15
67	1	24	5	56	14	2	50
67	1	24	12	56	14	2	17
67	1	25	1	56	14	2	23
67	1	25	3	56	14	3	8
67	1	25	5	56	14	2	23
67	1	25	8	56	14	2	44
67	1	25	10	56	14	3	59
67	1	25	12	56	14	2	44
67	1	26	1	56	14	2	50
67	1	26	8	56	14	2	17
67	1	26	9	56	14	3	inf
67	1	27	0	56	14	2	52
67	1	27	1	56	14	3	0
67	1	27	2	56	14	2	15
67	1	27	7	56	14	2	15
67	1	27	8	56	14	3	0
67	1	27	9	56	14	2	52
67	1	28	1	56	14	2	17
67	1	28	8	56	14	2	50
67	1	29	1	56	14	2	44
67	1	29	4	56	14	2	23
67	1	29	6	56	14	3	8
67	1	29	8	56	14	2	23
67	1	29	11	56	14	2	44
67	1	29	13	56	14	3	59
67	1	30	4	56	14	2	50
67	1	30	11	56	14	2	17
67	1	30	12	56	14	3	inf
67	1	31	3	56	14	2	52
67	1	31	4	56	14	3	0
67	1	31	5	56	14	2	15
67	1	31	10	56	14	2	15
67	1	31	11	56	14	3	0
67	1	31	12	56	14	2	52
67	1	32	4	56	14	2	17
67	1	32	11	56	14	2	50
67	1	33	0	56	14	2	44
67	1	33	2	56	14	3	59
67	1	33	4	56	14	2	44
67	1	33	7	56	14	2	23
67	1	33	9	56	14	3	8
67	1	33	11	56	14	2	23
67	1	34	0	56	14	2	17
67	1	34	1	56	14	3	inf
67	1	34	7	56	14	2	50
67	1	35	0	56	14	3	0
67	1	35	1	56	14	2	52
67	1	35	6	56	14	2	52
67	1	35	7	56	14	3	0
67	1	35	8	56	14	2	15
67	1	35	13	56	14	2	15
67	1	36	0	56	14	2	50
67	1	36	7	56	14	2	17
67	1	37	0	56	14	2	23
67	1	37	3	56	14	2	44
67	1	37	5	56	14	3	59
67	1	37	7	56	14	2	44
67	1	37	10	56	14	2	23
67	1	37	12	56	14	3	8
67	1	38	3	56	14	2	17
67	1	38	4	56	14	3	inf
67	1	38	10	56	14	2	50
67	1	39	2	56	14	2	15
67	1	39	3	56	14	3	0
67	1	39	4	56	14	2	52
67	1	39	9	56	14	2	52
67	1	39	10	56	14	3	0
67	1	39	11	56	14	2	15
67	1	40	3	56	14	2	50
67	1	40	10	56	14	2	17
67	1	41	1	56	14	3	8
67	1	41	3	56	14	2	23
67	1	41	6	56	14	2	44
67	1	41	8	56	14	3	59
67	1	41	10	56	14	2	44
67	1	41	13	56	14	2	23
67	1	42	6	56	14	2	17
67	1	42	7	56	14	3	inf
67	1	42	13	56	14	2	50
67	1	43	0	56	14	2	15
67	1	43	5	56	14	2	15
67	1	43	6	56	14	3	0
67	1	43	7	56	14	2	52
67	1	43	12	56	14	2	52
67	1	43	13	56	14	3	0
67	1	44	6	56	14	2	50
67	1	44	13	56	14	2	17
67	1	45	2	56	14	2	23
67	1	45	4	56	14	3	8
67	1	45	6	56	14	2	23
67	1	45	9	56	14	2	44
67	1	45	11	56	14	3	59
67	1	45	13	56	14	2	44
67	1	46	2	56	14	2	50
67	1	46	9	56	14	2	17
67	1	46	10	56	14	3	inf
67	1	47	1	56	14	2	52
67	1	47	2	56	14	3	0
67	1	47	3	56	14	2	15
67	1	47	8	56	14	2	15
67	1	47	9	56	14	3	0
67	1	47	10	56	14	2	52
67	1	48	2	56	14	2	17
67	1	48	9	56	14	2	50
67	1	49	0	56	14	3	59
67	1	49	2	56	14	2	44
67	1	49	5	56	14	2	23
67	1	49	7	56	14	3	8
67	1	49	9	56	14	2	23
67	1	49	12	56	14	2	44
67	1	50	5	56	14	2	50
67	1	50	12	56	14	2	17
67	1	50	13	56	14	3	inf
67	1	51	4	56	14	2	52
67	1	51	5	56	14	3	0
67	1	51	6	56	14	2	15
67	1	51	11	56	14	2	15
67	1	51	12	56	14	3	0
67	1	51	13	56	14	2	52
67	1	52	5	56	14	2	17
67	1	52	12	56	14	2	50
67	1	53	1	56	14	2	44
67	1	53	3	56	14	3	59
67	1	53	5	56	14	2	44
67	1	53	8	56	14	2	23
67	1	53	10	56	14	3	8
67	1	53	12	56	14	2	23
67	1	54	1	56	14	2	17
67	1	54	2	56	14	3	inf
67	1	54	8	56	14	2	50
67	1	55	0	56	14	2	15
67	1	55	1	56	14	3	0
67	1	55	2	56	14	2	52
67	1	55	7	56	14	2	52
67	1	55	8	56	14	3	0
67	1	55	9	56	14	2	15
67	2	0	1	56	14	2	17
67	2	0	8	56	14	2	50
67	2	1	1	56	14	2	44
67	2	1	4	56	14	2	23
67	2	1	6	56	14	3	8
67	2	1	8	56	14	2	23
67	2	1	11	56	14	2	44
67	2	1	13	56	14	3	59
67	2	2	4	56	14	2	50
67	2	2	11	56	14	2	17
67	2	2	12	56	14	3	inf
67	2	3	3	56	14	2	52
67	2	3	4	56	14	3	0
67	2	3	5	56	14	2	15
67	2	3	10	56	14	2	15
67	2	3	11	56	14	3	0
67	2	3	12	56	14	2	52
67	2	4	4	56	14	2	17
67	2	4	11	56	14	2	50
67	2	5	0	56	14	2	44
67	2	5	2	56	14	3	59
67	2	5	4	56	14	2	44
67	2	5	7	56	14	2	23
67	2	5	9	56	14	3	8
67	2	5	11	56	14	2	23
67	2	6	0	56	14	2	17
67	2	6	1	56	14	3	inf
67	2	6	7	56	14	2	50
67	2	7	0	56	14	3	0
67	2	7	1	56	14	2	52
67	2	7	6	56	14	2	52
67	2	7	7	56	14	3	0
67	2	7	8	56	14	2	15
67	2	7	13	56	14	2	15
67	2	8	0	56	14	2	50
67	2	8	7	56	14	2	17
67	2	9	0	56	14	2	23
67	2	9	3	56	14	2	44
67	2	9	5	56	14	3	59
67	2	9	7	56	14	2	44
67	2	9	10	56	14	2	23
67	2	9	12	56	14	3	8
67	2	10	3	56	14	2	17
67	2	10	4	56	14	3	inf
67	2	10	10	56	14	2	50
67	2	11	2	56	14	2	15
67	2	11	3	56	14	3	0
67	2	11	4	56	14	2	52
67	2	11	9	56	14	2	52
67	2	11	10	56	14	3	0
67	2	11	11	56	14	2	15
67	2	12	3	56	14	2	50
67	2	12	10	56	14	2	17
67	2	13	1	56	14	3	8
67	2	13	3	56	14	2	23
67	2	13	6	56	14	2	44
67	2	13	8	56	14	3	59
67	2	13	10	56	14	2	44
67	2	13	13	56	14	2	23
67	2	14	6	56	14	2	17
67	2	14	7	56	14	3	inf
67	2	14	13	56	14	2	50
67	2	15	0	56	14	2	15
67	2	15	5	56	14	2	15
67	2	15	6	56	14	3	0
67	2	15	7	56	14	2	52
67	2	15	12	56	14	2	52
67	2	15	13	56	14	3	0
67	2	16	6	56	14	2	50
67	2	16	13	56	14	2	17
67	2	17	2	56	14	2	23
67	2	17	4	56	14	3	8
67	2	17	6	56	14	2	23
67	2	17	9	56	14	2	44
67	2	17	11	56	14	3	59
67	2	17	13	56	14	2	44
67	2	18	2	56	14	2	50
67	2	18	9	56	14	2	17
67	2	18	10	56	14	3	inf
67	2	19	1	56	14	2	52
67	2	19	2	56	14	3	0
67	2	19	3	56	14	2	15
67	2	19	8	56	14	2	15
67	2	19	9	56	14	3	0
67	2	19	10	56	14	2	52
67	2	20	2	56	14	2	17
67	2	20	9	56	14	2	50
67	2	21	0	56	14	3	59
67	2	21	2	56	14	2	44
67	2	21	5	56	14	2	23
67	2	21	7	56	14	3	8
67	2	21	9	56	14	2	23
67	2	21	12	56	14	2	44
67	2	22	5	56	14	2	50
67	2	22	12	56	14	2	17
67	2	22	13	56	14	3	inf
67	2	23	4	56	14	2	52
67	2	23	5	56	14	3	0
67	2	23	6	56	14	2	15
67	2	23	11	56	14	2	15
67	2	23	12	56	14	3	0
67	2	23	13	56	14	2	52
67	2	24	5	56	14	2	17
67	2	24	12	56	14	2	50
67	2	25	1	56	14	2	44
67	2	25	3	56	14	3	59
67	2	25	5	56	14	2	44
67	2	25	8	56	14	2	23
67	2	25	10	56	14	3	8
67	2	25	12	56	14	2	23
67	2	26	1	56	14	2	17
67	2	26	2	56	14	3	inf
67	2	26	8	56	14	2	50
67	2	27	0	56	14	2	15
67	2	27	1	56	14	3	0
67	2	27	2	56	14	2	52
67	2	27	7	56	14	2	52
67	2	27	8	56	14	3	0
67	2	27	9	56	14	2	15
67	2	28	1	56	14	2	50
67	2	28	8	56	14	2	17
67	2	29	1	56	14	2	23
67	2	29	4	56	14	2	44
67	2	29	6	56	14	3	59
67	2	29	8	56	14	2	44
67	2	29	11	56	14	2	23
67	2	29	13	56	14	3	8
67	2	30	4	56	14	2	17
67	2	30	5	56	14	3	inf
67	2	30	11	56	14	2	50
67	2	31	3	56	14	2	15
67	2	31	4	56	14	3	0
67	2	31	5	56	14	2	52
67	2	31	10	56	14	2	52
67	2	31	11	56	14	3	0
67	2	31	12	56	14	2	15
67	2	32	4	56	14	2	50
67	2	32	11	56	14	2	17
67	2	33	0	56	14	2	23
67	2	33	2	56	14	3	8
67	2	33	4	56	14	2	23
67	2	33	7	56	14	2	44
67	2	33	9	56	14	3	59
67	2	33	11	56	14	2	44
67	2	34	0	56	14	2	50
67	2	34	7	56	14	2	17
67	2	34	8	56	14	3	inf
67	2	35	0	56	14	3	0
67	2	35	1	56	14	2	15
67	2	35	6	56	14	2	15
67	2	35	7	56	14	3	0
67	2	35	8	56	14	2	52
67	2	35	13	56	14	2	52
67	2	36	0	56	14	2	17
67	2	36	7	56	14	2	50
67	2	37	0	56	14	2	44
67	2	37	3	56	14	2	23
67	2	37	5	56	14	3	8
67	2	37	7	56	14	2	23
67	2	37	10	56	14	2	44
67	2	37	12	56	14	3	59
67	2	38	3	56	14	2	50
67	2	38	10	56	14	2	17
67	2	38	11	56	14	3	inf
67	2	39	2	56	14	2	52
67	2	39	3	56	14	3	0
67	2	39	4	56	14	2	15
67	2	39	9	56	14	2	15
67	2	39	10	56	14	3	0
67	2	39	11	56	14	2	52
67	2	40	3	56	14	2	17
67	2	40	10	56	14	2	50
67	2	41	1	56	14	3	59
67	2	41	3	56	14	2	44
67	2	41	6	56	14	2	23
67	2	41	8	56	14	3	8
67	2	41	10	56	14	2	23
67	2	41	13	56	14	2	44
67	2	42	0	56	14	3	inf
67	2	42	6	56	14	2	50
67	2	42	13	56	14	2	17
67	2	43	0	56	14	2	52
67	2	43	5	56	14	2	52
67	2	43	6	56	14	3	0
67	2	43	7	56	14	2	15
67	2	43	12	56	14	2	15
67	2	43	13	56	14	3	0
67	2	44	6	56	14	2	17
67	2	44	13	56	14	2	50
67	2	45	2	56	14	2	44
67	2	45	4	56	14	3	59
67	2	45	6	56	14	2	44
67	2	45	9	56	14	2	23
67	2	45	11	56	14	3	8
67	2	45	13	56	14	2	23
67	2	46	2	56	14	2	17
67	2	46	3	56	14	3	inf
67	2	46	9	56	14	2	50
67	2	47	1	56	14	2	15
67	2	47	2	56	14	3	0
67	2	47	3	56	14	2	52
67	2	47	8	56	14	2	52
67	2	47	9	56	14	3	0
67	2	47	10	56	14	2	15
67	2	48	2	56	14	2	50
67	2	48	9	56	14	2	17
67	2	49	0	56	14	3	8
67	2	49	2	56	14	2	23
67	2	49	5	56	14	2	44
67	2	49	7	56	14	3	59
67	2	49	9	56	14	2	44
67	2	49	12	56	14	2	23
67	2	50	5	56	14	2	17
67	2	50	6	56	14	3	inf
67	2	50	12	56	14	2	50
67	2	51	4	56	14	2	15
67	2	51	5	56	14	3	0
67	2	51	6	56	14	2	52
67	2	51	11	56	14	2	52
67	2	51	12	56	14	3	0
67	2	51	13	56	14	2	15
67	2	52	5	56	14	2	50
67	2	52	12	56	14	2	17
67	2	53	1	56	14	2	23
67	2	53	3	56	14	3	8
67	2	53	5	56	14	2	23
67	2	53	8	56	14	2	44
67	2	53	10	56	14	3	59
67	2	53	12	56	14	2	44
67	2	54	1	56	14	2	50
67	2	54	8	56	14	2	17
67	2	54	9	56	14	3	inf
67	2	55	0	56	14	2	52
67	2	55	1	56	14	3	0
67	2	55	2	56	14	2	15
67	2	55	7	56	14	2	15
67	2	55	8	56	14	3	0
67	2	55	9	56	14	2	52
71	1	0	2	32	32	2	20
71	1	0	4	32	32	3	inf
71	1	0	14	32	32	3	31
71	1	0	26	32	32	2	20
71	1	0	30	32	32	3	47
71	1	1	11	32	32	2	20
71	1	1	15	32	32	3	47
71	1	1	19	32	32	2	20
71	1	1	21	32	32	3	inf
71	1	1	31	32	32	3	31
71	1	2	0	32	32	3	47
71	1	2	4	32	32	2	20
71	1	2	6	32	32	3	inf
71	1	2	16	32	32	3	31
71	1	2	28	32	32	2	20
71	1	3	1	32	32	3	31
71	1	3	13	32	32	2	20
71	1	3	17	32	32	3	47
71	1	3	21	32	32	2	20
71	1	3	23	32	32	3	inf
71	1	4	2	32	32	3	47
71	1	4	6	32	32	2	20
71	1	4	8	32	32	3	inf
71	1	4	18	32	32	3	31
71	1	4	30	32	32	2	20
71	1	5	3	32	32	3	31
71	1	5	15	32	32	2	20
71	1	5	19	32	32	3	47
71	1	5	23	32	32	2	20
71	1	5	25	32	32	3	inf
71	1	6	0	32	32	2	20
71	1	6	4	32	32	3	47
71	1	6	8	32	32	2	20
71	1	6	10	32	32	3	inf
71	1	6	20	32	32	3	31
71	1	7	5	32	32	3	31
71	1	7	17	32	32	2	20
71	1	7	21	32	32	3	47
71	1	7	25	32	32	2	20
71	1	7	27	32	32	3	inf
71	1	8	2	32	32	2	20
71	1	8	6	32	32	3	47
71	1	8	10	32	32	2	20
71	1	8	12	32	32	3	inf
71	1	8	22	32	32	3	31
71	1	9	7	32	32	3	31
71	1	9	19	32	32	2	20
71	1	9	23	32	32	3	47
71	1	9	27	32	32	2	20
71	1	9	29	32	32	3	inf
71	1	10	4	32	32	2	20
71	1	10	8	32	32	3	47
71	1	10	12	32	32	2	20
71	1	10	14	32	32	3	inf
71	1	10	24	32	32	3	31
71	1	11	9	32	32	3	31
71	1	11	21	32	32	2	20
71	1	11	25	32	32	3	47
71	1	11	29	32	32	2	20
71	1	11	31	32	32	3	inf
71	1	12	6	32	32	2	20
71	1	12	10	32	32	3	47
71	1	12	14	32	32	2	20
71	1	12	16	32	32	3	inf
71	1	12	26	32	32	3	31
71	1	13	1	32	32	3	inf
71	1	13	11	32	32	3	31
71	1	13	23	32	32	2	20
71	1	13	27	32	32	3	47
71	1	13	31	32	32	2	20
71	1	14	8	32	32	2	20
71	1	14	12	32	32	3	47
71	1	14	16	32	32	2	20
71	1	14	18	32	32	3	inf
71	1	14	28	32	32	3	31
71	1	15	1	32	32	2	20
71	1	15	3	32	32	3	inf
71	1	15	13	32	32	3	31
71	1	15	25	32	32	2	20
71	1	15	29	32	32	3	47
71	1	16	10	32	32	2	20
71	1	16	14	32	32	3	47
71	1	16	18	32	32	2	20
71	1	16	20	32	32	3	inf
71	1	16	30	32	32	3	31
71	1	17	3	32	32	2	20
71	1	17	5	32	32	3	inf
71	1	17	15	32	32	3	31
71	1	17	27	32	32	2	20
71	1	17	31	32	32	3	47
71	1	18	0	32	32	3	31
71	1	18	12	32	32	2	20
71	1	18	16	32	32	3	47
71	1	18	20	32	32	2	20
71	1	18	22	32	32	3	inf
71	1	19	1	32	32	3	47
71	1	19	5	32	32	2	20
71	1	19	7	32	32	3	inf
71	1	19	17	32	32	3	31
71	1	19	29	32	32	2	20
71	1	20	2	32	32	3	31
71	1	20	14	32	32	2	20
71	1	20	18	32	32	3	47
71	1	20	22	32	32	2	20
71	1	20	24	32	32	3	inf
71	1	21	3	32	32	3	47
71	1	21	7	32	32	2	20
71	1	21	9	32	32	3	inf
71	1	21	19	32	32	3	31
71	1	21	31	32	32	2	20
71	1	22	4	32	32	3	31
71	1	22	16	32	32	2	20
71	1	22	20	32	32	3	47
71	1	22	24	32	32	2	20
71	1	22	26	32	32	3	inf
71	1	23	1	32	32	2	20
71	1	23	5	32	32	3	47
71	1	23	9	32	32	2	20
71	1	23	11	32	32	3	inf
71	1	23	21	32	32	3	31
71	1	24	6	32	32	3	31
71	1	24	18	32	32	2	20
71	1	24	22	32	32	3	47
71	1	24	26	32	32	2	20
71	1	24	28	32	32	3	inf
71	1	25	3	32	32	2	20
71	1	25	7	32	32	3	47
71	1	25	11	32	32	2	20
71	1	25	13	32	32	3	inf
71	1	25	23	32	32	3	31
71	1	26	8	32	32	3	31
71	1	26	20	32	32	2	20
71	1	26	24	32	32	3	47
71	1	26	28	32	32	2	20
71	1	26	30	32	32	3	inf
71	1	27	5	32	32	2	20
71	1	27	9	32	32	3	47
71	1	27	13	32	32	2	20
71	1	27	15	32	32	3	inf
71	1	27	25	32	32	3	31
71	1	28	0	32	32	3	inf
71	1	28	10	32	32	3	31
71	1	28	22	32	32	2	20
71	1	28	26	32	32	3	47
71	1	28	30	32	32	2	20
71	1	29	7	32	32	2	20
71	1	29	11	32	32	3	47
71	1	29	15	32	32	2	20
71	1	29	17	32	32	3	inf
71	1	29	27	32	32	3	31
71	1	30	0	32	32	2	20
71	1	30	2	32	32	3	inf
71	1	30	12	32	32	3	31
71	1	30	24	32	32	2	20
71	1	30	28	32	32	3	47
71	1	31	9	32	32	2	20
71	1	31	13	32	32	3	47
71	1	31	17	32	32	2	20
71	1	31	19	32	32	3	inf
71	1	31	29	32	32	3	31
71	2	0	2	32	32	2	51
71	2	0	14	32	32	3	40
71	2	0	26	32	32	2	51
71	2	0	30	32	32	3	24
71	2	1	11	32	32	2	51
71	2	1	15	32	32	3	24
71	2	1	19	32	32	2	51
71	2	1	31	32	32	3	40
71	2	2	0	32	32	3	24
71	2	2	4	32	32	2	51
71	2	2	16	32	32	3	40
71	2	2	28	32	32	2	51
71	2	3	1	32	32	3	40
71	2	3	13	32	32	2	51
71	2	3	17	32	32	3	24
71	2	3	21	32	32	2	51
71	2	4	2	32	32	3	24
71	2	4	6	32	32	2	51
71	2	4	18	32	32	3	40
71	2	4	30	32	32	2	51
71	2	5	3	32	32	3	40
71	2	5	15	32	32	2	51
71	2	5	19	32	32	3	24
71	2	5	23	32	32	2	51
71	2	6	0	32	32	2	51
71	2	6	4	32	32	3	24
71	2	6	8	32	32	2	51
71	2	6	20	32	32	3	40
71	2	7	5	32	32	3	40
71	2	7	17	32	32	2	51
71	2	7	21	32	32	3	24
71	2	7	25	32	32	2	51
71	2	8	2	32	32	2	51
71	2	8	6	32	32	3	24
71	2	8	10	32	32	2	51
71	2	8	22	32	32	3	40
71	2	9	7	32	32	3	40
71	2	9	19	32	32	2	51
71	2	9	23	32	32	3	24
71	2	9	27	32	32	2	51
71	2	10	4	32	32	2	51
71	2	10	8	32	32	3	24
71	2	10	12	32	32	2	51
71	2	10	24	32	32	3	40
71	2	11	9	32	32	3	40
71	2	11	21	32	32	2	51
71	2	11	25	32	32	3	24
71	2	11	29	32	32	2	51
71	2	12	6	32	32	2	51
71	2	12	10	32	32	3	24
71	2	12	14	32	32	2	51
71	2	12	26	32	32	3	40
71	2	13	11	32	32	3	40
71	2	13	23	32	32	2	51
71	2	13	27	32	32	3	24
71	2	13	31	32	32	2	51
71	2	14	8	32	32	2	51
71	2	14	12	32	32	3	24
71	2	14	16	32	32	2	51
71	2	14	28	32	32	3	40
71	2	15	1	32	32	2	51
71	2	15	13	32	32	3	40
71	2	15	25	32	32	2	51
71	2	15	29	32	32	3	24
71	2	16	10	32	32	2	51
71	2	16	14	32	32	3	24
71	2	16	18	32	32	2	51
71	2	16	30	32	32	3	40
71	2	17	3	32	32	2	51
71	2	17	15	32	32	3	40
71	2	17	27	32	32	2	51
71	2	17	31	32	32	3	24
71	2	18	0	32	32	3	40
71	2	18	12	32	32	2	51
71	2	18	16	32	32	3	24
71	2	18	20	32	32	2	51
71	2	19	1	32	32	3	24
71	2	19	5	32	32	2	51
71	2	19	17	32	32	3	40
71	2	19	29	32	32	2	51
71	2	20	2	32	32	3	40
71	2	20	14	32	32	2	51
71	2	20	18	32	32	3	24
71	2	20	22	32	32	2	51
71	2	21	3	32	32	3	24
71	2	21	7	32	32	2	51
71	2	21	19	32	32	3	40
71	2	21	31	32	32	2	51
71	2	22	4	32	32	3	40
71	2	22	16	32	32	2	51
71	2	22	20	32	32	3	24
71	2	22	24	32	32	2	51
71	2	23	1	32	32	2	51
71	2	23	5	32	32	3	24
71	2	23	9	32	32	2	51
71	2	23	21	32	32	3	40
71	2	24	6	32	32	3	40
71	2	24	18	32	32	2	51
71	2	24	22	32	32	3	24
71	2	24	26	32	32	2	51
71	2	25	3	32	32	2	51
71	2	25	7	32	32	3	24
71	2	25	11	32	32	2	51
71	2	25	23	32	32	3	40
71	2	26	8	32	32	3	40
71	2	26	20	32	32	2	51
71	2	26	24	32	32	3	24
71	2	26	28	32	32	2	51
71	2	27	5	32	32	2	51
71	2	27	9	32	32	3	24
71	2	27	13	32	32	2	51
71	2	27	25	32	32	3	40
71	2	28	10	32	32	3	40
71	2	28	22	32	32	2	51
71	2	28	26	32	32	3	24
71	2	28	30	32	32	2	51
71	2	29	7	32	32	2	51
71	2	29	11	32	32	3	24
71	2	29	15	32	32	2	51
71	2	29	27	32	32	3	40
71	2	30	0	32	32	2	51
71	2	30	12	32	32	3	40
71	2	30	24	32	32	2	51
71	2	30	28	32	32	3	24
71	2	31	9	32	32	2	51
71	2	31	13	32	32	3	24
71	2	31	17	32	32	2	51
71	2	31	29	32	32	3	40
73	1	0	0	30	15	2	1
73	1	0	2	30	15	2	1
73	1	0	4	30	15	2	27
73	1	0	6	30	15	3	69
73	1	0	8	30	15	3	41
73	1	0	9	30	15	3	41
73	1	0	11	30	15	3	69
73	1	0	13	30	15	3	inf
73	1	1	2	30	15	2	7
73	1	1	11	30	15	2	7
73	1	1	14	30	15	3	39
73	1	2	0	30	15	2	27
73	1	2	2	30	15	3	69
73	1	2	4	30	15	3	41
73	1	2	5	30	15	3	41
73	1	2	7	30	15	3	69
73	1	2	9	30	15	3	inf
73	1	2	11	30	15	2	1
73	1	2	13	30	15	2	1
73	1	3	7	30	15	2	7
73	1	3	10	30	15	3	39
73	1	3	13	30	15	2	7
73	1	4	0	30	15	3	41
73	1	4	1	30	15	3	41
73	1	4	3	30	15	3	69
73	1	4	5	30	15	3	inf
73	1	4	7	30	15	2	1
73	1	4	9	30	15	2	1
73	1	4	11	30	15	2	27
73	1	4	13	30	15	3	69
73	1	5	3	30	15	2	7
73	1	5	6	30	15	3	39
73	1	5	9	30	15	2	7
73	1	6	1	30	15	3	inf
73	1	6	3	30	15	2	1
73	1	6	5	30	15	2	1
73	1	6	7	30	15	2	27
73	1	6	9	30	15	3	69
73	1	6	11	30	15	3	41
73	1	6	12	30	15	3	41
73	1	6	14	30	15	3	69
73	1	7	2	30	15	3	39
73	1	7	5	30	15	2	7
73	1	7	14	30	15	2	7
73	1	8	1	30	15	2	1
73	1	8	3	30	15	2	27
73	1	8	5	30	15	3	69
73	1	8	7	30	15	3	41
73	1	8	8	30	15	3	41
73	1	8	10	30	15	3	69
73	1	8	12	30	15	3	inf
73	1	8	14	30	15	2	1
73	1	9	1	30	15	2	7
73	1	9	10	30	15	2	7
73	1	9	13	30	15	3	39
73	1	10	1	30	15	3	69
73	1	10	3	30	15	3	41
73	1	10	4	30	15	3	41
73	1	10	6	30	15	3	69
73	1	10	8	30	15	3	inf
73	1	10	10	30	15	2	1
73	1	10	12	30	15	2	1
73	1	10	14	30	15	2	27
73	1	11	6	30	15	2	7
73	1	11	9	30	15	3	39
73	1	11	12	30	15	2	7
73	1	12	0	30	15	3	41
73	1	12	2	30	15	3	69
73	1	12	4	30	15	3	inf
73	1	12	6	30	15	2	1
73	1	12	8	30	15	2	1
73	1	12	10	30	15	2	27
73	1	12	12	30	15	3	69
73	1	12	14	30	15	3	41
73	1	13	2	30	15	2	7
73	1	13	5	30	15	3	39
73	1	13	8	30	15	2	7
73	1	14	0	30	15	3	inf
73	1	14	2	30	15	2	1
73	1	14	4	30	15	2	1
73	1	14	6	30	15	2	27
73	1	14	8	30	15	3	69
73	1	14	10	30	15	3	41
73	1	14	11	30	15	3	41
73	1	14	13	30	15	3	69
73	1	15	1	30	15	3	39
73	1	15	4	30	15	2	7
73	1	15	13	30	15	2	7
73	1	16	0	30	15	2	1
73	1	16	2	30	15	2	27
73	1	16	4	30	15	3	69
73	1	16	6	30	15	3	41
73	1	16	7	30	15	3	41
73	1	16	9	30	15	3	69
73	1	16	11	30	15	3	inf
73	1	16	13	30	15	2	1
73	1	17	0	30	15	2	7
73	1	17	9	30	15	2	7
73	1	17	12	30	15	3	39
73	1	18	0	30	15	3	69
73	1	18	2	30	15	3	41
73	1	18	3	30	15	3	41
73	1	18	5	30	15	3	69
73	1	18	7	30	15	3	inf
73	1	18	9	30	15	2	1
73	1	18	11	30	15	2	1
73	1	18	13	30	15	2	27
73	1	19	5	30	15	2	7
73	1	19	8	30	15	3	39
73	1	19	11	30	15	2	7
73	1	20	1	30	15	3	69
73	1	20	3	30	15	3	inf
73	1	20	5	30	15	2	1
73	1	20	7	30	15	2	1
73	1	20	9	30	15	2	27
73	1	20	11	30	15	3	69
73	1	20	13	30	15	3	41
73	1	20	14	30	15	3	41
73	1	21	1	30	15	2	7
73	1	21	4	30	15	3	39
73	1	21	7	30	15	2	7
73	1	22	1	30	15	2	1
73	1	22	3	30	15	2	1
73	1	22	5	30	15	2	27
73	1	22	7	30	15	3	69
73	1	22	9	30	15	3	41
73	1	22	10	30	15	3	41
73	1	22	12	30	15	3	69
73	1	22	14	30	15	3	inf
73	1	23	0	30	15	3	39
73	1	23	3	30	15	2	7
73	1	23	12	30	15	2	7
73	1	24	1	30	15	2	27
73	1	24	3	30	15	3	69
73	1	24	5	30	15	3	41
73	1	24	6	30	15	3	41
73	1	24	8	30	15	3	69
73	1	24	10	30	15	3	inf
73	1	24	12	30	15	2	1
73	1	24	14	30	15	2	1
73	1	25	8	30	15	2	7
73	1	25	11	30	15	3	39
73	1	25	14	30	15	2	7
73	1	26	1	30	15	3	41
73	1	26	2	30	15	3	41
73	1	26	4	30	15	3	69
73	1	26	6	30	15	3	inf
73	1	26	8	30	15	2	1
73	1	26	10	30	15	2	1
73	1	26	12	30	15	2	27
73	1	26	14	30	15	3	69
73	1	27	4	30	15	2	7
73	1	27	7	30	15	3	39
73	1	27	10	30	15	2	7
73	1	28	0	30	15	3	69
73	1	28	2	30	15	3	inf
73	1	28	4	30	15	2	1
73	1	28	6	30	15	2	1
73	1	28	8	30	15	2	27
73	1	28	10	30	15	3	69
73	1	28	12	30	15	3	41
73	1	28	13	30	15	3	41
73	1	29	0	30	15	2	7
73	1	29	3	30	15	3	39
73	1	29	6	30	15	2	7
73	2	0	0	30	15	2	72
73	2	0	2	30	15	2	72
73	2	0	4	30	15	2	46
73	2	0	6	30	15	3	4
73	2	0	8	30	15	3	32
73	2	0	9	30	15	3	32
73	2	0	11	30	15	3	4
73	2	0	13	30	15	2	46
73	2	1	2	30	15	2	66
73	2	1	11	30	15	2	66
73	2	1	14	30	15	3	34
73	2	2	0	30	15	2	46
73	2	2	2	30	15	3	4
73	2	2	4	30	15	3	32
73	2	2	5	30	15	3	32
73	2	2	7	30	15	3	4
73	2	2	9	30	15	2	46
73	2	2	11	30	15	2	72
73	2	2	13	30	15	2	72
73	2	3	7	30	15	2	66
73	2	3	10	30	15	3	34
73	2	3	13	30	15	2	66
73	2	4	0	30	15	3	32
73	2	4	1	30	15	3	32
73	2	4	3	30	15	3	4
73	2	4	5	30	15	2	46
73	2	4	7	30	15	2	72
73	2	4	9	30	15	2	72
73	2	4	11	30	15	2	46
73	2	4	13	30	15	3	4
73	2	5	3	30	15	2	66
73	2	5	6	30	15	3	34
73	2	5	9	30	15	2	66
73	2	6	1	30	15	2	46
73	2	6	3	30	15	2	72
73	2	6	5	30	15	2	72
73	2	6	7	30	15	2	46
73	2	6	9	30	15	3	4
73	2	6	11	30	15	3	32
73	2	6	12	30	15	3	32
73	2	6	14	30	15	3	4
73	2	7	2	30	15	3	34
73	2	7	5	30	15	2	66
73	2	7	14	30	15	2	66
73	2	8	1	30	15	2	72
73	2	8	3	30	15	2	46
73	2	8	5	30	15	3	4
73	2	8	7	30	15	3	32
73	2	8	8	30	15	3	32
73	2	8	10	30	15	3	4
73	2	8	12	30	15	2	46
73	2	8	14	30	15	2	72
73	2	9	1	30	15	2	66
73	2	9	10	30	15	2	66
73	2	9	13	30	15	3	34
73	2	10	1	30	15	3	4
73	2	10	3	30	15	3	32
73	2	10	4	30	15	3	32
73	2	10	6	30	15	3	4
73	2	10	8	30	15	2	46
73	2	10	10	30	15	2	72
73	2	10	12	30	15	2	72
73	2	10	14	30	15	2	46
73	2	11	6	30	15	2	66
73	2	11	9	30	15	3	34
73	2	11	12	30	15	2	66
73	2	12	0	30	15	3	32
73	2	12	2	30	15	3	4
73	2	12	4	30	15	2	46
73	2	12	6	30	15	2	72
73	2	12	8	30	15	2	72
73	2	12	10	30	15	2	46
73	2	12	12	30	15	3	4
73	2	12	14	30	15	3	32
73	2	13	2	30	15	2	66
73	2	13	5	30	15	3	34
73	2	13	8	30	15	2	66
73	2	14	0	30	15	2	46
73	2	14	2	30	15	2	72
73	2	14	4	30	15	2	72
73	2	14	6	30	15	2	46
73	2	14	8	30	15	3	4
73	2	14	10	30	15	3	32
73	2	14	11	30	15	3	32
73	2	14	13	30	15	3	4
73	2	15	1	30	15	3	34
73	2	15	4	30	15	2	66
73	2	15	13	30	15	2	66
73	2	16	0	30	15	2	72
73	2	16	2	30	15	2	46
73	2	16	4	30	15	3	4
73	2	16	6	30	15	3	32
73	2	16	7	30	15	3	32
73	2	16	9	30	15	3	4
73	2	16	11	30	15	2	46
73	2	16	13	30	15	2	72
73	2	17	0	30	15	2	66
73	2	17	9	30	15	2	66
73	2	17	12	30	15	3	34
73	2	18	0	30	15	3	4
73	2	18	2	30	15	3	32
73	2	18	3	30	15	3	32
73	2	18	5	30	15	3	4
73	2	18	7	30	15	2	46
73	2	18	9	30	15	2	72
73	2	18	11	30	15	2	72
73	2	18	13	30	15	2	46
73	2	19	5	30	15	2	66
73	2	19	8	30	15	3	34
73	2	19	11	30	15	2	66
73	2	20	1	30	15	3	4
73	2	20	3	30	15	2	46
73	2	20	5	30	15	2	72
73	2	20	7	30	15	2	72
73	2	20	9	30	15	2	46
73	2	20	11	30	15	3	4
73	2	20	13	30	15	3	32
73	2	20	14	30	15	3	32
73	2	21	1	30	15	2	66
73	2	21	4	30	15	3	34
73	2	21	7	30	15	2	66
73	2	22	1	30	15	2	72
73	2	22	3	30	15	2	72
73	2	22	5	30	15	2	46
73	2	22	7	30	15	3	4
73	2	22	9	30	15	3	32
73	2	22	10	30	15	3	32
73	2	22	12	30	15	3	4
73	2	22	14	30	15	2	46
73	2	23	0	30	15	3	34
73	2	23	3	30	15	2	66
73	2	23	12	30	15	2	66
73	2	24	1	30	15	2	46
73	2	24	3	30	15	3	4
73	2	24	5	30	15	3	32
73	2	24	6	30	15	3	32
73	2	24	8	30	15	3	4
73	2	24	10	30	15	2	46
73	2	24	12	30	15	2	72
73	2	24	14	30	15	2	72
73	2	25	8	30	15	2	66
73	2	25	11	30	15	3	34
73	2	25	14	30	15	2	66
73	2	26	1	30	15	3	32
73	2	26	2	30	15	3	32
73	2	26	4	30	15	3	4
73	2	26	6	30	15	2	46
73	2	26	8	30	15	2	72
73	2	26	10	30	15	2	72
73	2	26	12	30	15	2	46
73	2	26	14	30	15	3	4
73	2	27	4	30	15	2	66
73	2	27	7	30	15	3	34
73	2	27	10	30	15	2	66
73	2	28	0	30	15	3	4
73	2	28	2	30	15	2	46
73	2	28	4	30	15	2	72
73	2	28	6	30	15	2	72
73	2	28	8	30	15	2	46
73	2	28	10	30	15	3	4
73	2	28	12	30	15	3	32
73	2	28	13	30	15	3	32
73	2	29	0	30	15	2	66
73	2	29	3	30	15	3	34
73	2	29	6	30	15	2	66
79	1	0	4	40	10	3	27
79	1	0	8	40	10	2	12
79	1	0	9	40	10	2	77
79	1	1	0	40	10	2	70
79	1	1	8	40	10	2	70
79	1	1	9	40	10	3	48
79	1	2	0	40	10	2	12
79	1	2	4	40	10	3	27
79	1	2	9	40	10	2	77
79	1	3	1	40	10	3	inf
79	1	3	6	40	10	3	0
79	1	4	2	40	10	2	67
79	1	4	3	40	10	2	2
79	1	4	8	40	10	3	52
79	1	5	2	40	10	2	9
79	1	5	3	40	10	3	31
79	1	5	4	40	10	2	9
79	1	6	0	40	10	3	inf
79	1	6	3	40	10	2	2
79	1	6	4	40	10	2	67
79	1	6	8	40	10	3	52
79	1	7	0	40	10	3	0
79	1	7	5	40	10	3	inf
79	1	8	2	40	10	3	27
79	1	8	6	40	10	2	12
79	1	8	7	40	10	2	77
79	1	9	6	40	10	2	70
79	1	9	7	40	10	3	48
79	1	9	8	40	10	2	70
79	1	10	2	40	10	3	27
79	1	10	7	40	10	2	77
79	1	10	8	40	10	2	12
79	1	11	4	40	10	3	0
79	1	11	9	40	10	3	inf
79	1	12	0	40	10	2	67
79	1	12	1	40	10	2	2
79	1	12	6	40	10	3	52
79	1	13	0	40	10	2	9
79	1	13	1	40	10	3	31
79	1	13	2	40	10	2	9
79	1	14	1	40	10	2	2
79	1	14	2	40	10	2	67
79	1	14	6	40	10	3	52
79	1	14	8	40	10	3	inf
79	1	15	3	40	10	3	inf
79	1	15	8	40	10	3	0
79	1	16	0	40	10	3	27
79	1	16	4	40	10	2	12
79	1	16	5	40	10	2	77
79	1	17	4	40	10	2	70
79	1	17	5	40	10	3	48
79	1	17	6	40	10	2	70
79	1	18	0	40	10	3	27
79	1	18	5	40	10	2	77
79	1	18	6	40	10	2	12
79	1	19	2	40	10	3	0
79	1	19	7	40	10	3	inf
79	1	20	4	40	10	3	52
79	1	20	8	40	10	2	67
79	1	20	9	40	10	2	2
79	1	21	0	40	10	2	9
79	1	21	8	40	10	2	9
79	1	21	9	40	10	3	31
79	1	22	0	40	10	2	67
79	1	22	4	40	10	3	52
79	1	22	6	40	10	3	inf
79	1	22	9	40	10	2	2
79	1	23	1	40	10	3	inf
79	1	23	6	40	10	3	0
79	1	24	2	40	10	2	12
79	1	24	3	40	10	2	77
79	1	24	8	40	10	3	27
79	1	25	2	40	10	2	70
79	1	25	3	40	10	3	48
79	1	25	4	40	10	2	70
79	1	26	3	40	10	2	77
79	1	26	4	40	10	2	12
79	1	26	8	40	10	3	27
79	1	27	0	40	10	3	0
79	1	27	5	40	10	3	inf
79	1	28	2	40	10	3	52
79	1	28	6	40	10	2	67
79	1	28	7	40	10	2	2
79	1	29	6	40	10	2	9
79	1	29	7	40	10	3	31
79	1	29	8	40	10	2	9
79	1	30	2	40	10	3	52
79	1	30	4	40	10	3	inf
79	1	30	7	40	10	2	2
79	1	30	8	40	10	2	67
79	1	31	4	40	10	3	0
79	1	31	9	40	10	3	inf
79	1	32	0	40	10	2	12
79	1	32	1	40	10	2	77
79	1	32	6	40	10	3	27
79	1	33	0	40	10	2	70
79	1	33	1	40	10	3	48
79	1	33	2	40	10	2	70
79	1	34	1	40	10	2	77
79	1	34	2	40	10	2	12
79	1	34	6	40	10	3	27
79	1	35	3	40	10	3	inf
79	1	35	8	40	10	3	0
79	1	36	0	40	10	3	52
79	1	36	4	40	10	2	67
79	1	36	5	40	10	2	2
79	1	37	4	40	10	2	9
79	1	37	5	40	10	3	31
79	1	37	6	40	10	2	9
79	1	38	0	40	10	3	52
79	1	38	2	40	10	3	inf
79	1	38	5	40	10	2	2
79	1	38	6	40	10	2	67
79	1	39	2	40	10	3	0
79	1	39	7	40	10	3	inf
79	2	0	4	40	10	3	52
79	2	0	8	40	10	2	67
79	2	0	9	40	10	2	2
79	2	1	0	40	10	2	9
79	2	1	8	40	10	2	9
79	2	1	9	40	10	3	31
79	2	2	0	40	10	2	67
79	2	2	4	40	10	3	52
79	2	2	6	40	10	3	inf
79	2	2	9	40	10	2	2
79	2	3	1	40	10	3	inf
79	2	3	6	40	10	3	0
79	2	4	2	40	10	2	12
79	2	4	3	40	10	2	77
79	2	4	8	40	10	3	27
79	2	5	2	40	10	2	70
79	2	5	3	40	10	3	48
79	2	5	4	40	10	2	70
79	2	6	3	40	10	2	77
79	2	6	4	40	10	2	12
79	2	6	8	40	10	3	27
79	2	7	0	40	10	3	0
79	2	7	5	40	10	3	inf
79	2	8	2	40	10	3	52
79	2	8	6	40	10	2	67
79	2	8	7	40	10	2	2
79	2	9	6	40	10	2	9
79	2	9	7	40	10	3	31
79	2	9	8	40	10	2	9
79	2	10	2	40	10	3	52
79	2	10	4	40	10	3	inf
79	2	10	7	40	10	2	2
79	2	10	8	40	10	2	67
79	2	11	4	40	10	3	0
79	2	11	9	40	10	3	inf
79	2	12	0	40	10	2	12
79	2	12	1	40	10	2	77
79	2	12	6	40	10	3	27
79	2	13	0	40	10	2	70
79	2	13	1	40	10	3	48
79	2	13	2	40	10	2	70
79	2	14	1	40	10	2	77
79	2	14	2	40	10	2	12
79	2	14	6	40	10	3	27
79	2	15	3	40	10	3	inf
79	2	15	8	40	10	3	0
79	2	16	0	40	10	3	52
79	2	16	4	40	10	2	67
79	2	16	5	40	10	2	2
79	2	17	4	40	10	2	9
79	2	17	5	40	10	3	31
79	2	17	6	40	10	2	9
79	2	18	0	40	10	3	52
79	2	18	2	40	10	3	inf
79	2	18	5	40	10	2	2
79	2	18	6	40	10	2	67
79	2	19	2	40	10	3	0
79	2	19	7	40	10	3	inf
79	2	20	4	40	10	3	27
79	2	20	8	40	10	2	12
79	2	20	9	40	10	2	77
79	2	21	0	40	10	2	70
79	2	21	8	40	10	2	70
79	2	21	9	40	10	3	48
79	2	22	0	40	10	2	12
79	2	22	4	40	10	3	27
79	2	22	9	40	10	2	77
79	2	23	1	40	10	3	inf
79	2	23	6	40	10	3	0
79	2	24	2	40	10	2	67
79	2	24	3	40	10	2	2
79	2	24	8	40	10	3	52
79	2	25	2	40	10	2	9
79	2	25	3	40	10	3	31
79	2	25	4	40	10	2	9
79	2	26	0	40	10	3	inf
79	2	26	3	40	10	2	2
79	2	26	4	40	10	2	67
79	2	26	8	40	10	3	52
79	2	27	0	40	10	3	0
79	2	27	5	40	10	3	inf
79	2	28	2	40	10	3	27
79	2	28	6	40	10	2	12
79	2	28	7	40	10	2	77
79	2	29	6	40	10	2	70
79	2	29	7	40	10	3	48
79	2	29	8	40	10	2	70
79	2	30	2	40	10	3	27
79	2	30	7	40	10	2	77
79	2	30	8	40	10	2	12
79	2	31	4	40	10	3	0
79	2	31	9	40	10	3	inf
79	2	32	0	40	10	2	67
79	2	32	1	40	10	2	2
79	2	32	6	40	10	3	52
79	2	33	0	40	10	2	9
79	2	33	1	40	10	3	31
79	2	33	2	40	10	2	9
79	2	34	1	40	10	2	2
79	2	34	2	40	10	2	67
79	2	34	6	40	10	3	52
79	2	34	8	40	10	3	inf
79	2	35	3	40	10	3	inf
79	2	35	8	40	10	3	0
79	2	36	0	40	10	3	27
79	2	36	4	40	10	2	12
79	2	36	5	40	10	2	77
79	2	37	4	40	10	2	70
79	2	37	5	40	10	3	48
79	2	37	6	40	10	2	70
79	2	38	0	40	10	3	27
79	2	38	5	40	10	2	77
79	2	38	6	40	10	2	12
79	2	39	2	40	10	3	0
79	2	39	7	40	10	3	inf
83	1	0	0	3	21	2	1
83	1	0	1	3	21	3	49
83	1	0	3	3	21	2	8
83	1	0	4	3	21	2	70
83	1	0	5	3	21	2	11
83	1	0	6	3	21	3	14
83	1	0	7	3	21	2	11
83	1	0	8	3	21	2	70
83	1	0	9	3	21	3	inf
83	1	0	11	3	21	3	49
83	1	0	12	3	21	2	1
83	1	0	13	3	21	2	40
83	1	0	20	3	21	2	40
83	1	1	0	3	21	2	11
83	1	1	1	3	21	2	70
83	1	1	2	3	21	3	inf
83	1	1	4	3	21	3	49
83	1	1	5	3	21	2	1
83	1	1	6	3	21	2	40
83	1	1	13	3	21	2	40
83	1	1	14	3	21	2	1
83	1	1	15	3	21	3	49
83	1	1	17	3	21	2	8
83	1	1	18	3	21	2	70
83	1	1	19	3	21	2	11
83	1	1	20	3	21	3	14
83	1	2	6	3	21	2	40
83	1	2	7	3	21	2	1
83	1	2	8	3	21	3	49
83	1	2	10	3	21	2	8
83	1	2	11	3	21	2	70
83	1	2	12	3	21	2	11
83	1	2	13	3	21	3	14
83	1	2	14	3	21	2	11
83	1	2	15	3	21	2	70
83	1	2	16	3	21	3	inf
83	1	2	18	3	21	3	49
83	1	2	19	3	21	2	1
83	1	2	20	3	21	2	40
83	2	0	0	3	21	2	82
83	2	0	1	3	21	3	34
83	2	0	3	3	21	2	75
83	2	0	4	3	21	2	13
83	2	0	5	3	21	2	72
83	2	0	6	3	21	3	69
83	2	0	7	3	21	2	72
83	2	0	8	3	21	2	13
83	2	0	9	3	21	2	75
83	2	0	11	3	21	3	34
83	2	0	12	3	21	2	82
83	2	0	13	3	21	2	43
83	2	0	20	3	21	2	43
83	2	1	0	3	21	2	72
83	2	1	1	3	21	2	13
83	2	1	2	3	21	2	75
83	2	1	4	3	21	3	34
83	2	1	5	3	21	2	82
83	2	1	6	3	21	2	43
83	2	1	13	3	21	2	43
83	2	1	14	3	21	2	82
83	2	1	15	3	21	3	34
83	2	1	17	3	21	2	75
83	2	1	18	3	21	2	13
83	2	1	19	3	21	2	72
83	2	1	20	3	21	3	69
83	2	2	6	3	21	2	43
83	2	2	7	3	21	2	82
83	2	2	8	3	21	3	34
83	2	2	10	3	21	2	75
83	2	2	11	3	21	2	13
83	2	2	12	3	21	2	72
83	2	2	13	3	21	3	69
83	2	2	14	3	21	2	72
83	2	2	15	3	21	2	13
83	2	2	16	3	21	2	75
83	2	2	18	3	21	3	34
83	2	2	19	3	21	2	82
83	2	2	20	3	21	2	43
89	1	0	5	50	25	3	inf
89	1	0	6	50	25	3	13
89	1	0	8	50	25	2	79
89	1	0	10	50	25	3	87
89	1	0	12	50	25	2	79
89	1	0	14	50	25	3	13
89	1	1	1	50	25	2	10
89	1	1	3	50	25	3	76
89	1	1	20	50	25	3	76
89	1	1	22	50	25	2	10
89	1	1	24	50	25	3	2
89	1	2	8	50	25	3	inf
89	1	2	9	50	25	3	13
89	1	2	11	50	25	2	79
89	1	2	13	50	25	3	87
89	1	2	15	50	25	2	79
89	1	2	17	50	25	3	13
89	1	3	0	50	25	2	10
89	1	3	2	50	25	3	2
89	1	3	4	50	25	2	10
89	1	3	6	50	25	3	76
89	1	3	23	50	25	3	76
89	1	4	11	50	25	3	inf
89	1	4	12	50	25	3	13
89	1	4	14	50	25	2	79
89	1	4	16	50	25	3	87
89	1	4	18	50	25	2	79
89	1	4	20	50	25	3	13
89	1	5	1	50	25	3	76
89	1	5	3	50	25	2	10
89	1	5	5	50	25	3	2
89	1	5	7	50	25	2	10
89	1	5	9	50	25	3	76
89	1	6	14	50	25	3	inf
89	1	6	15	50	25	3	13
89	1	6	17	50	25	2	79
89	1	6	19	50	25	3	87
89	1	6	21	50	25	2	79
89	1	6	23	50	25	3	13
89	1	7	4	50	25	3	76
89	1	7	6	50	25	2	10
89	1	7	8	50	25	3	2
89	1	7	10	50	25	2	10
89	1	7	12	50	25	3	76
89	1	8	1	50	25	3	13
89	1	8	17	50	25	3	inf
89	1	8	18	50	25	3	13
89	1	8	20	50	25	2	79
89	1	8	22	50	25	3	87
89	1	8	24	50	25	2	79
89	1	9	7	50	25	3	76
89	1	9	9	50	25	2	10
89	1	9	11	50	25	3	2
89	1	9	13	50	25	2	10
89	1	9	15	50	25	3	76
89	1	10	0	50	25	3	87
89	1	10	2	50	25	2	79
89	1	10	4	50	25	3	13
89	1	10	20	50	25	3	inf
89	1	10	21	50	25	3	13
89	1	10	23	50	25	2	79
89	1	11	10	50	25	3	76
89	1	11	12	50	25	2	10
89	1	11	14	50	25	3	2
89	1	11	16	50	25	2	10
89	1	11	18	50	25	3	76
89	1	12	1	50	25	2	79
89	1	12	3	50	25	3	87
89	1	12	5	50	25	2	79
89	1	12	7	50	25	3	13
89	1	12	23	50	25	3	inf
89	1	12	24	50	25	3	13
89	1	13	13	50	25	3	76
89	1	13	15	50	25	2	10
89	1	13	17	50	25	3	2
89	1	13	19	50	25	2	10
89	1	13	21	50	25	3	76
89	1	14	1	50	25	3	inf
89	1	14	2	50	25	3	13
89	1	14	4	50	25	2	79
89	1	14	6	50	25	3	87
89	1	14	8	50	25	2	79
89	1	14	10	50	25	3	13
89	1	15	16	50	25	3	76
89	1	15	18	50	25	2	10
89	1	15	20	50	25	3	2
89	1	15	22	50	25	2	10
89	1	15	24	50	25	3	76
89	1	16	4	50	25	3	inf
89	1	16	5	50	25	3	13
89	1	16	7	50	25	2	79
89	1	16	9	50	25	3	87
89	1	16	11	50	25	2	79
89	1	16	13	50	25	3	13
89	1	17	0	50	25	2	10
89	1	17	2	50	25	3	76
89	1	17	19	50	25	3	76
89	1	17	21	50	25	2	10
89	1	17	23	50	25	3	2
89	1	18	7	50	25	3	inf
89	1	18	8	50	25	3	13
89	1	18	10	50	25	2	79
89	1	18	12	50	25	3	87
89	1	18	14	50	25	2	79
89	1	18	16	50	25	3	13
89	1	19	1	50	25	3	2
89	1	19	3	50	25	2	10
89	1	19	5	50	25	3	76
89	1	19	22	50	25	3	76
89	1	19	24	50	25	2	10
89	1	20	10	50	25	3	inf
89	1	20	11	50	25	3	13
89	1	20	13	50	25	2	79
89	1	20	15	50	25	3	87
89	1	20	17	50	25	2	79
89	1	20	19	50	25	3	13
89	1	21	0	50	25	3	76
89	1	21	2	50	25	2	10
89	1	21	4	50	25	3	2
89	1	21	6	50	25	2	10
89	1	21	8	50	25	3	76
89	1	22	13	50	25	3	inf
89	1	22	14	50	25	3	13
89	1	22	16	50	25	2	79
89	1	22	18	50	25	3	87
89	1	22	20	50	25	2	79
89	1	22	22	50	25	3	13
89	1	23	3	50	25	3	76
89	1	23	5	50	25	2	10
89	1	23	7	50	25	3	2
89	1	23	9	50	25	2	10
89	1	23	11	50	25	3	76
89	1	24	0	50	25	3	13
89	1	24	16	50	25	3	inf
89	1	24	17	50	25	3	13
89	1	24	19	50	25	2	79
89	1	24	21	50	25	3	87
89	1	24	23	50	25	2	79
89	1	25	6	50	25	3	76
89	1	25	8	50	25	2	10
89	1	25	10	50	25	3	2
89	1	25	12	50	25	2	10
89	1	25	14	50	25	3	76
89	1	26	1	50	25	2	79
89	1	26	3	50	25	3	13
89	1	26	19	50	25	3	inf
89	1	26	20	50	25	3	13
89	1	26	22	50	25	2	79
89	1	26	24	50	25	3	87
89	1	27	9	50	25	3	76
89	1	27	11	50	25	2	10
89	1	27	13	50	25	3	2
89	1	27	15	50	25	2	10
89	1	27	17	50	25	3	76
89	1	28	0	50	25	2	79
89	1	28	2	50	25	3	87
89	1	28	4	50	25	2	79
89	1	28	6	50	25	3	13
89	1	28	22	50	25	3	inf
89	1	28	23	50	25	3	13
89	1	29	12	50	25	3	76
89	1	29	14	50	25	2	10
89	1	29	16	50	25	3	2
89	1	29	18	50	25	2	10
89	1	29	20	50	25	3	76
89	1	30	0	50	25	3	inf
89	1	30	1	50	25	3	13
89	1	30	3	50	25	2	79
89	1	30	5	50	25	3	87
89	1	30	7	50	25	2	79
89	1	30	9	50	25	3	13
89	1	31	15	50	25	3	76
89	1	31	17	50	25	2	10
89	1	31	19	50	25	3	2
89	1	31	21	50	25	2	10
89	1	31	23	50	25	3	76
89	1	32	3	50	25	3	inf
89	1	32	4	50	25	3	13
89	1	32	6	50	25	2	79
89	1	32	8	50	25	3	87
89	1	32	10	50	25	2	79
89	1	32	12	50	25	3	13
89	1	33	1	50	25	3	76
89	1	33	18	50	25	3	76
89	1	33	20	50	25	2	10
89	1	33	22	50	25	3	2
89	1	33	24	50	25	2	10
89	1	34	6	50	25	3	inf
89	1	34	7	50	25	3	13
89	1	34	9	50	25	2	79
89	1	34	11	50	25	3	87
89	1	34	13	50	25	2	79
89	1	34	15	50	25	3	13
89	1	35	0	50	25	3	2
89	1	35	2	50	25	2	10
89	1	35	4	50	25	3	76
89	1	35	21	50	25	3	76
89	1	35	23	50	25	2	10
89	1	36	9	50	25	3	inf
89	1	36	10	50	25	3	13
89	1	36	12	50	25	2	79
89	1	36	14	50	25	3	87
89	1	36	16	50	25	2	79
89	1	36	18	50	25	3	13
89	1	37	1	50	25	2	10
89	1	37	3	50	25	3	2
89	1	37	5	50	25	2	10
89	1	37	7	50	25	3	76
89	1	37	24	50	25	3	76
89	1	38	12	50	25	3	inf
89	1	38	13	50	25	3	13
89	1	38	15	50	25	2	79
89	1	38	17	50	25	3	87
89	1	38	19	50	25	2	79
89	1	38	21	50	25	3	13
89	1	39	2	50	25	3	76
89	1	39	4	50	25	2	10
89	1	39	6	50	25	3	2
89	1	39	8	50	25	2	10
89	1	39	10	50	25	3	76
89	1	40	15	50	25	3	inf
89	1	40	16	50	25	3	13
89	1	40	18	50	25	2	79
89	1	40	20	50	25	3	87
89	1	40	22	50	25	2	79
89	1	40	24	50	25	3	13
89	1	41	5	50	25	3	76
89	1	41	7	50	25	2	10
89	1	41	9	50	25	3	2
89	1	41	11	50	25	2	10
89	1	41	13	50	25	3	76
89	1	42	0	50	25	2	79
89	1	42	2	50	25	3	13
89	1	42	18	50	25	3	inf
89	1	42	19	50	25	3	13
89	1	42	21	50	25	2	79
89	1	42	23	50	25	3	87
89	1	43	8	50	25	3	76
89	1	43	10	50	25	2	10
89	1	43	12	50	25	3	2
89	1	43	14	50	25	2	10
89	1	43	16	50	25	3	76
89	1	44	1	50	25	3	87
89	1	44	3	50	25	2	79
89	1	44	5	50	25	3	13
89	1	44	21	50	25	3	inf
89	1	44	22	50	25	3	13
89	1	44	24	50	25	2	79
89	1	45	11	50	25	3	76
89	1	45	13	50	25	2	10
89	1	45	15	50	25	3	2
89	1	45	17	50	25	2	10
89	1	45	19	50	25	3	76
89	1	46	0	50	25	3	13
89	1	46	2	50	25	2	79
89	1	46	4	50	25	3	87
89	1	46	6	50	25	2	79
89	1	46	8	50	25	3	13
89	1	46	24	50	25	3	inf
89	1	47	14	50	25	3	76
89	1	47	16	50	25	2	10
89	1	47	18	50	25	3	2
89	1	47	20	50	25	2	10
89	1	47	22	50	25	3	76
89	1	48	2	50	25	3	inf
89	1	48	3	50	25	3	13
89	1	48	5	50	25	2	79
89	1	48	7	50	25	3	87
89	1	48	9	50	25	2	79
89	1	48	11	50	25	3	13
89	1	49	0	50	25	3	76
89	1	49	17	50	25	3	76
89	1	49	19	50	25	2	10
89	1	49	21	50	25	3	2
89	1	49	23	50	25	2	10
89	2	0	6	50	25	3	76
89	2	0	8	50	25	2	10
89	2	0	10	50	25	3	2
89	2	0	12	50	25	2	10
89	2	0	14	50	25	3	76
89	2	1	1	50	25	2	79
89	2	1	3	50	25	3	13
89	2	1	19	50	25	3	inf
89	2	1	20	50	25	3	13
89	2	1	22	50	25	2	79
89	2	1	24	50	25	3	87
89	2	2	9	50	25	3	76
89	2	2	11	50	25	2	10
89	2	2	13	50	25	3	2
89	2	2	15	50	25	2	10
89	2	2	17	50	25	3	76
89	2	3	0	50	25	2	79
89	2	3	2	50	25	3	87
89	2	3	4	50	25	2	79
89	2	3	6	50	25	3	13
89	2	3	22	50	25	3	inf
89	2	3	23	50	25	3	13
89	2	4	12	50	25	3	76
89	2	4	14	50	25	2	10
89	2	4	16	50	25	3	2
89	2	4	18	50	25	2	10
89	2	4	20	50	25	3	76
89	2	5	0	50	25	3	inf
89	2	5	1	50	25	3	13
89	2	5	3	50	25	2	79
89	2	5	5	50	25	3	87
89	2	5	7	50	25	2	79
89	2	5	9	50	25	3	13
89	2	6	15	50	25	3	76
89	2	6	17	50	25	2	10
89	2	6	19	50	25	3	2
89	2	6	21	50	25	2	10
89	2	6	23	50	25	3	76
89	2	7	3	50	25	3	inf
89	2	7	4	50	25	3	13
89	2	7	6	50	25	2	79
89	2	7	8	50	25	3	87
89	2	7	10	50	25	2	79
89	2	7	12	50	25	3	13
89	2	8	1	50	25	3	76
89	2	8	18	50	25	3	76
89	2	8	20	50	25	2	10
89	2	8	22	50	25	3	2
89	2	8	24	50	25	2	10
89	2	9	6	50	25	3	inf
89	2	9	7	50	25	3	13
89	2	9	9	50	25	2	79
89	2	9	11	50	25	3	87
89	2	9	13	50	25	2	79
89	2	9	15	50	25	3	13
89	2	10	0	50	25	3	2
89	2	10	2	50	25	2	10
89	2	10	4	50	25	3	76
89	2	10	21	50	25	3	76
89	2	10	23	50	25	2	10
89	2	11	9	50	25	3	inf
89	2	11	10	50	25	3	13
89	2	11	12	50	25	2	79
89	2	11	14	50	25	3	87
89	2	11	16	50	25	2	79
89	2	11	18	50	25	3	13
89	2	12	1	50	25	2	10
89	2	12	3	50	25	3	2
89	2	12	5	50	25	2	10
89	2	12	7	50	25	3	76
89	2	12	24	50	25	3	76
89	2	13	12	50	25	3	inf
89	2	13	13	50	25	3	13
89	2	13	15	50	25	2	79
89	2	13	17	50	25	3	87
89	2	13	19	50	25	2	79
89	2	13	21	50	25	3	13
89	2	14	2	50	25	3	76
89	2	14	4	50	25	2	10
89	2	14	6	50	25	3	2
89	2	14	8	50	25	2	10
89	2	14	10	50	25	3	76
89	2	15	15	50	25	3	inf
89	2	15	16	50	25	3	13
89	2	15	18	50	25	2	79
89	2	15	20	50	25	3	87
89	2	15	22	50	25	2	79
89	2	15	24	50	25	3	13
89	2	16	5	50	25	3	76
89	2	16	7	50	25	2	10
89	2	16	9	50	25	3	2
89	2	16	11	50	25	2	10
89	2	16	13	50	25	3	76
89	2	17	0	50	25	2	79
89	2	17	2	50	25	3	13
89	2	17	18	50	25	3	inf
89	2	17	19	50	25	3	13
89	2	17	21	50	25	2	79
89	2	17	23	50	25	3	87
89	2	18	8	50	25	3	76
89	2	18	10	50	25	2	10
89	2	18	12	50	25	3	2
89	2	18	14	50	25	2	10
89	2	18	16	50	25	3	76
89	2	19	1	50	25	3	87
89	2	19	3	50	25	2	79
89	2	19	5	50	25	3	13
89	2	19	21	50	25	3	inf
89	2	19	22	50	25	3	13
89	2	19	24	50	25	2	79
89	2	20	11	50	25	3	76
89	2	20	13	50	25	2	10
89	2	20	15	50	25	3	2
89	2	20	17	50	25	2	10
89	2	20	19	50	25	3	76
89	2	21	0	50	25	3	13
89	2	21	2	50	25	2	79
89	2	21	4	50	25	3	87
89	2	21	6	50	25	2	79
89	2	21	8	50	25	3	13
89	2	21	24	50	25	3	inf
89	2	22	14	50	25	3	76
89	2	22	16	50	25	2	10
89	2	22	18	50	25	3	2
89	2	22	20	50	25	2	10
89	2	22	22	50	25	3	76
89	2	23	2	50	25	3	inf
89	2	23	3	50	25	3	13
89	2	23	5	50	25	2	79
89	2	23	7	50	25	3	87
89	2	23	9	50	25	2	79
89	2	23	11	50	25	3	13
89	2	24	0	50	25	3	76
89	2	24	17	50	25	3	76
89	2	24	19	50	25	2	10
89	2	24	21	50	25	3	2
89	2	24	23	50	25	2	10
89	2	25	5	50	25	3	inf
89	2	25	6	50	25	3	13
89	2	25	8	50	25	2	79
89	2	25	10	50	25	3	87
89	2	25	12	50	25	2	79
89	2	25	14	50	25	3	13
89	2	26	1	50	25	2	10
89	2	26	3	50	25	3	76
89	2	26	20	50	25	3	76
89	2	26	22	50	25	2	10
89	2	26	24	50	25	3	2
89	2	27	8	50	25	3	inf
89	2	27	9	50	25	3	13
89	2	27	11	50	25	2	79
89	2	27	13	50	25	3	87
89	2	27	15	50	25	2	79
89	2	27	17	50	25	3	13
89	2	28	0	50	25	2	10
89	2	28	2	50	25	3	2
89	2	28	4	50	25	2	10
89	2	28	6	50	25	3	76
89	2	28	23	50	25	3	76
89	2	29	11	50	25	3	inf
89	2	29	12	50	25	3	13
89	2	29	14	50	25	2	79
89	2	29	16	50	25	3	87
89	2	29	18	50	25	2	79
89	2	29	20	50	25	3	13
89	2	30	1	50	25	3	76
89	2	30	3	50	25	2	10
89	2	30	5	50	25	3	2
89	2	30	7	50	25	2	10
89	2	30	9	50	25	3	76
89	2	31	14	50	25	3	inf
89	2	31	15	50	25	3	13
89	2	31	17	50	25	2	79
89	2	31	19	50	25	3	87
89	2	31	21	50	25	2	79
89	2	31	23	50	25	3	13
89	2	32	4	50	25	3	76
89	2	32	6	50	25	2	10
89	2	32	8	50	25	3	2
89	2	32	10	50	25	2	10
89	2	32	12	50	25	3	76
89	2	33	1	50	25	3	13
89	2	33	17	50	25	3	inf
89	2	33	18	50	25	3	13
89	2	33	20	50	25	2	79
89	2	33	22	50	25	3	87
89	2	33	24	50	25	2	79
89	2	34	7	50	25	3	76
89	2	34	9	50	25	2	10
89	2	34	11	50	25	3	2
89	2	34	13	50	25	2	10
89	2	34	15	50	25	3	76
89	2	35	0	50	25	3	87
89	2	35	2	50	25	2	79
89	2	35	4	50	25	3	13
89	2	35	20	50	25	3	inf
89	2	35	21	50	25	3	13
89	2	35	23	50	25	2	79
89	2	36	10	50	25	3	76
89	2	36	12	50	25	2	10
89	2	36	14	50	25	3	2
89	2	36	16	50	25	2	10
89	2	36	18	50	25	3	76
89	2	37	1	50	25	2	79
89	2	37	3	50	25	3	87
89	2	37	5	50	25	2	79
89	2	37	7	50	25	3	13
89	2	37	23	50	25	3	inf
89	2	37	24	50	25	3	13
89	2	38	13	50	25	3	76
89	2	38	15	50	25	2	10
89	2	38	17	50	25	3	2
89	2	38	19	50	25	2	10
89	2	38	21	50	25	3	76
89	2	39	1	50	25	3	inf
89	2	39	2	50	25	3	13
89	2	39	4	50	25	2	79
89	2	39	6	50	25	3	87
89	2	39	8	50	25	2	79
89	2	39	10	50	25	3	13
89	2	40	16	50	25	3	76
89	2	40	18	50	25	2	10
89	2	40	20	50	25	3	2
89	2	40	22	50	25	2	10
89	2	40	24	50	25	3	76
89	2	41	4	50	25	3	inf
89	2	41	5	50	25	3	13
89	2	41	7	50	25	2	79
89	2	41	9	50	25	3	87
89	2	41	11	50	25	2	79
89	2	41	13	50	25	3	13
89	2	42	0	50	25	2	10
89	2	42	2	50	25	3	76
89	2	42	19	50	25	3	76
89	2	42	21	50	25	2	10
89	2	42	23	50	25	3	2
89	2	43	7	50	25	3	inf
89	2	43	8	50	25	3	13
89	2	43	10	50	25	2	79
89	2	43	12	50	25	3	87
89	2	43	14	50	25	2	79
89	2	43	16	50	25	3	13
89	2	44	1	50	25	3	2
89	2	44	3	50	25	2	10
89	2	44	5	50	25	3	76
89	2	44	22	50	25	3	76
89	2	44	24	50	25	2	10
89	2	45	10	50	25	3	inf
89	2	45	11	50	25	3	13
89	2	45	13	50	25	2	79
89	2	45	15	50	25	3	87
89	2	45	17	50	25	2	79
89	2	45	19	50	25	3	13
89	2	46	0	50	25	3	76
89	2	46	2	50	25	2	10
89	2	46	4	50	25	3	2
89	2	46	6	50	25	2	10
89	2	46	8	50	25	3	76
89	2	47	13	50	25	3	inf
89	2	47	14	50	25	3	13
89	2	47	16	50	25	2	79
89	2	47	18	50	25	3	87
89	2	47	20	50	25	2	79
89	2	47	22	50	25	3	13
89	2	48	3	50	25	3	76
89	2	48	5	50	25	2	10
89	2	48	7	50	25	3	2
89	2	48	9	50	25	2	10
89	2	48	11	50	25	3	76
89	2	49	0	50	25	3	13
89	2	49	16	50	25	3	inf
89	2	49	17	50	25	3	13
89	2	49	19	50	25	2	79
89	2	49	21	50	25	3	87
89	2	49	23	50	25	2	79
97	1	0	0	25	10	2	1
97	1	0	4	25	10	2	11
97	1	0	5	25	10	2	96
97	1	0	9	25	10	2	86
97	1	1	4	25	10	3	12
97	1	1	9	25	10	3	85
97	1	2	3	25	10	2	96
97	1	2	4	25	10	2	11
97	1	2	8	25	10	2	1
97	1	2	9	25	10	2	86
97	1	3	0	25	10	2	65
97	1	3	3	25	10	3	35
97	1	3	4	25	10	3	inf
97	1	3	5	25	10	2	32
97	1	3	8	25	10	3	62
97	1	4	0	25	10	2	65
97	1	4	2	25	10	3	62
97	1	4	5	25	10	2	32
97	1	4	7	25	10	3	35
97	1	5	1	25	10	2	86
97	1	5	2	25	10	2	1
97	1	5	6	25	10	2	11
97	1	5	7	25	10	2	96
97	1	6	1	25	10	3	85
97	1	6	6	25	10	3	12
97	1	7	0	25	10	2	1
97	1	7	1	25	10	2	86
97	1	7	5	25	10	2	96
97	1	7	6	25	10	2	11
97	1	8	0	25	10	3	62
97	1	8	2	25	10	2	65
97	1	8	5	25	10	3	35
97	1	8	6	25	10	3	inf
97	1	8	7	25	10	2	32
97	1	9	2	25	10	2	65
97	1	9	4	25	10	3	62
97	1	9	7	25	10	2	32
97	1	9	9	25	10	3	35
97	1	10	3	25	10	2	86
97	1	10	4	25	10	2	1
97	1	10	8	25	10	2	11
97	1	10	9	25	10	2	96
97	1	11	3	25	10	3	85
97	1	11	8	25	10	3	12
97	1	12	2	25	10	2	1
97	1	12	3	25	10	2	86
97	1	12	7	25	10	2	96
97	1	12	8	25	10	2	11
97	1	13	2	25	10	3	62
97	1	13	4	25	10	2	65
97	1	13	7	25	10	3	35
97	1	13	8	25	10	3	inf
97	1	13	9	25	10	2	32
97	1	14	1	25	10	3	35
97	1	14	4	25	10	2	65
97	1	14	6	25	10	3	62
97	1	14	9	25	10	2	32
97	1	15	0	25	10	2	11
97	1	15	1	25	10	2	96
97	1	15	5	25	10	2	86
97	1	15	6	25	10	2	1
97	1	16	0	25	10	3	12
97	1	16	5	25	10	3	85
97	1	17	0	25	10	2	11
97	1	17	4	25	10	2	1
97	1	17	5	25	10	2	86
97	1	17	9	25	10	2	96
97	1	18	0	25	10	3	inf
97	1	18	1	25	10	2	32
97	1	18	4	25	10	3	62
97	1	18	6	25	10	2	65
97	1	18	9	25	10	3	35
97	1	19	1	25	10	2	32
97	1	19	3	25	10	3	35
97	1	19	6	25	10	2	65
97	1	19	8	25	10	3	62
97	1	20	2	25	10	2	11
97	1	20	3	25	10	2	96
97	1	20	7	25	10	2	86
97	1	20	8	25	10	2	1
97	1	21	2	25	10	3	12
97	1	21	7	25	10	3	85
97	1	22	1	25	10	2	96
97	1	22	2	25	10	2	11
97	1	22	6	25	10	2	1
97	1	22	7	25	10	2	86
97	1	23	1	25	10	3	35
97	1	23	2	25	10	3	inf
97	1	23	3	25	10	2	32
97	1	23	6	25	10	3	62
97	1	23	8	25	10	2	65
97	1	24	0	25	10	3	62
97	1	24	3	25	10	2	32
97	1	24	5	25	10	3	35
97	1	24	8	25	10	2	65
97	2	0	0	25	10	2	96
97	2	0	4	25	10	2	86
97	2	0	5	25	10	2	1
97	2	0	9	25	10	2	11
97	2	1	4	25	10	3	85
97	2	1	9	25	10	3	12
97	2	2	3	25	10	2	1
97	2	2	4	25	10	2	86
97	2	2	8	25	10	2	96
97	2	2	9	25	10	2	11
97	2	3	0	25	10	2	32
97	2	3	3	25	10	3	62
97	2	3	5	25	10	2	65
97	2	3	8	25	10	3	35
97	2	3	9	25	10	3	inf
97	2	4	0	25	10	2	32
97	2	4	2	25	10	3	35
97	2	4	5	25	10	2	65
97	2	4	7	25	10	3	62
97	2	5	1	25	10	2	11
97	2	5	2	25	10	2	96
97	2	5	6	25	10	2	86
97	2	5	7	25	10	2	1
97	2	6	1	25	10	3	12
97	2	6	6	25	10	3	85
97	2	7	0	25	10	2	96
97	2	7	1	25	10	2	11
97	2	7	5	25	10	2	1
97	2	7	6	25	10	2	86
97	2	8	0	25	10	3	35
97	2	8	1	25	10	3	inf
97	2	8	2	25	10	2	32
97	2	8	5	25	10	3	62
97	2	8	7	25	10	2	65
97	2	9	2	25	10	2	32
97	2	9	4	25	10	3	35
97	2	9	7	25	10	2	65
97	2	9	9	25	10	3	62
97	2	10	3	25	10	2	11
97	2	10	4	25	10	2	96
97	2	10	8	25	10	2	86
97	2	10	9	25	10	2	1
97	2	11	3	25	10	3	12
97	2	11	8	25	10	3	85
97	2	12	2	25	10	2	96
97	2	12	3	25	10	2	11
97	2	12	7	25	10	2	1
97	2	12	8	25	10	2	86
97	2	13	2	25	10	3	35
97	2	13	3	25	10	3	inf
97	2	13	4	25	10	2	32
97	2	13	7	25	10	3	62
97	2	13	9	25	10	2	65
97	2	14	1	25	10	3	62
97	2	14	4	25	10	2	32
97	2	14	6	25	10	3	35
97	2	14	9	25	10	2	65
97	2	15	0	25	10	2	86
97	2	15	1	25	10	2	1
97	2	15	5	25	10	2	11
97	2	15	6	25	10	2	96
97	2	16	0	25	10	3	85
97	2	16	5	25	10	3	12
97	2	17	0	25	10	2	86
97	2	17	4	25	10	2	96
97	2	17	5	25	10	2	11
97	2	17	9	25	10	2	1
97	2	18	1	25	10	2	65
97	2	18	4	25	10	3	35
97	2	18	5	25	10	3	inf
97	2	18	6	25	10	2	32
97	2	18	9	25	10	3	62
97	2	19	1	25	10	2	65
97	2	19	3	25	10	3	62
97	2	19	6	25	10	2	32
97	2	19	8	25	10	3	35
97	2	20	2	25	10	2	86
97	2	20	3	25	10	2	1
97	2	20	7	25	10	2	11
97	2	20	8	25	10	2	96
97	2	21	2	25	10	3	85
97	2	21	7	25	10	3	12
97	2	22	1	25	10	2	1
97	2	22	2	25	10	2	86
97	2	22	6	25	10	2	96
97	2	22	7	25	10	2	11
97	2	23	1	25	10	3	62
97	2	23	3	25	10	2	65
97	2	23	6	25	10	3	35
97	2	23	7	25	10	3	inf
97	2	23	8	25	10	2	32
97	2	24	0	25	10	3	35
97	2	24	3	25	10	2	65
97	2	24	5	25	10	3	62
97	2	24	8	25	10	2	32
