prime	torsion_coset	m	n	ord_g1	ord_g2	state	t
211	1	0	0	104	26	3	inf
211	1	0	1	104	26	3	80
211	1	0	6	104	26	2	207
211	1	0	9	104	26	2	4
211	1	0	14	104	26	3	131
211	1	0	19	104	26	2	4
211	1	0	22	104	26	2	207
211	1	0	24	104	26	3	inf
211	1	1	4	104	26	2	178
211	1	1	9	104	26	2	49
211	1	1	10	104	26	2	139
211	1	1	17	104	26	2	33
211	1	1	22	104	26	2	162
211	1	1	23	104	26	2	72
211	1	2	4	104	26	2	37
211	1	2	7	104	26	2	37
211	1	2	12	104	26	3	0
211	1	2	17	104	26	2	174
211	1	2	20	104	26	2	174
211	1	2	25	104	26	3	0
211	1	3	1	104	26	2	139
211	1	3	2	104	26	2	49
211	1	3	7	104	26	2	178
211	1	3	14	104	26	2	72
211	1	3	15	104	26	2	162
211	1	3	20	104	26	2	33
211	1	4	2	104	26	2	4
211	1	4	5	104	26	2	207
211	1	4	7	104	26	3	inf
211	1	4	9	104	26	3	inf
211	1	4	10	104	26	3	80
211	1	4	15	104	26	2	207
211	1	4	18	104	26	2	4
211	1	4	23	104	26	3	131
211	1	5	0	104	26	2	33
211	1	5	5	104	26	2	162
211	1	5	6	104	26	2	72
211	1	5	13	104	26	2	178
211	1	5	18	104	26	2	49
211	1	5	19	104	26	2	139
211	1	6	0	104	26	2	174
211	1	6	3	104	26	2	174
211	1	6	8	104	26	3	0
211	1	6	13	104	26	2	37
211	1	6	16	104	26	2	37
211	1	6	21	104	26	3	0
211	1	7	3	104	26	2	33
211	1	7	10	104	26	2	139
211	1	7	11	104	26	2	49
211	1	7	16	104	26	2	178
211	1	7	23	104	26	2	72
211	1	7	24	104	26	2	162
211	1	8	1	104	26	2	4
211	1	8	6	104	26	3	131
211	1	8	11	104	26	2	4
211	1	8	14	104	26	2	207
211	1	8	16	104	26	3	inf
211	1	8	18	104	26	3	inf
211	1	8	19	104	26	3	80
211	1	8	24	104	26	2	207
211	1	9	1	104	26	2	49
211	1	9	2	104	26	2	139
211	1	9	9	104	26	2	33
211	1	9	14	104	26	2	162
211	1	9	15	104	26	2	72
211	1	9	22	104	26	2	178
211	1	10	4	104	26	3	0
211	1	10	9	104	26	2	174
211	1	10	12	104	26	2	174
211	1	10	17	104	26	3	0
211	1	10	22	104	26	2	37
211	1	10	25	104	26	2	37
211	1	11	6	104	26	2	72
211	1	11	7	104	26	2	162
211	1	11	12	104	26	2	33
211	1	11	19	104	26	2	139
211	1	11	20	104	26	2	49
211	1	11	25	104	26	2	178
211	1	12	1	104	26	3	inf
211	1	12	2	104	26	3	80
211	1	12	7	104	26	2	207
211	1	12	10	104	26	2	4
211	1	12	15	104	26	3	131
211	1	12	20	104	26	2	4
211	1	12	23	104	26	2	207
211	1	12	25	104	26	3	inf
211	1	13	5	104	26	2	178
211	1	13	10	104	26	2	49
211	1	13	11	104	26	2	139
211	1	13	18	104	26	2	33
211	1	13	23	104	26	2	162
211	1	13	24	104	26	2	72
211	1	14	0	104	26	3	0
211	1	14	5	104	26	2	37
211	1	14	8	104	26	2	37
211	1	14	13	104	26	3	0
211	1	14	18	104	26	2	174
211	1	14	21	104	26	2	174
211	1	15	2	104	26	2	139
211	1	15	3	104	26	2	49
211	1	15	8	104	26	2	178
211	1	15	15	104	26	2	72
211	1	15	16	104	26	2	162
211	1	15	21	104	26	2	33
211	1	16	3	104	26	2	4
211	1	16	6	104	26	2	207
211	1	16	8	104	26	3	inf
211	1	16	10	104	26	3	inf
211	1	16	11	104	26	3	80
211	1	16	16	104	26	2	207
211	1	16	19	104	26	2	4
211	1	16	24	104	26	3	131
211	1	17	1	104	26	2	33
211	1	17	6	104	26	2	162
211	1	17	7	104	26	2	72
211	1	17	14	104	26	2	178
211	1	17	19	104	26	2	49
211	1	17	20	104	26	2	139
211	1	18	1	104	26	2	174
211	1	18	4	104	26	2	174
211	1	18	9	104	26	3	0
211	1	18	14	104	26	2	37
211	1	18	17	104	26	2	37
211	1	18	22	104	26	3	0
211	1	19	4	104	26	2	33
211	1	19	11	104	26	2	139
211	1	19	12	104	26	2	49
211	1	19	17	104	26	2	178
211	1	19	24	104	26	2	72
211	1	19	25	104	26	2	162
211	1	20	2	104	26	2	4
211	1	20	7	104	26	3	131
211	1	20	12	104	26	2	4
211	1	20	15	104	26	2	207
211	1	20	17	104	26	3	inf
211	1	20	19	104	26	3	inf
211	1	20	20	104	26	3	80
211	1	20	25	104	26	2	207
211	1	21	2	104	26	2	49
211	1	21	3	104	26	2	139
211	1	21	10	104	26	2	33
211	1	21	15	104	26	2	162
211	1	21	16	104	26	2	72
211	1	21	23	104	26	2	178
211	1	22	0	104	26	2	37
211	1	22	5	104	26	3	0
211	1	22	10	104	26	2	174
211	1	22	13	104	26	2	174
211	1	22	18	104	26	3	0
211	1	22	23	104	26	2	37
211	1	23	0	104	26	2	178
211	1	23	7	104	26	2	72
211	1	23	8	104	26	2	162
211	1	23	13	104	26	2	33
211	1	23	20	104	26	2	139
211	1	23	21	104	26	2	49
211	1	24	0	104	26	3	inf
211	1	24	2	104	26	3	inf
211	1	24	3	104	26	3	80
211	1	24	8	104	26	2	207
211	1	24	11	104	26	2	4
211	1	24	16	104	26	3	131
211	1	24	21	104	26	2	4
211	1	24	24	104	26	2	207
211	1	25	6	104	26	2	178
211	1	25	11	104	26	2	49
211	1	25	12	104	26	2	139
211	1	25	19	104	26	2	33
211	1	25	24	104	26	2	162
211	1	25	25	104	26	2	72
211	1	26	1	104	26	3	0
211	1	26	6	104	26	2	37
211	1	26	9	104	26	2	37
211	1	26	14	104	26	3	0
211	1	26	19	104	26	2	174
211	1	26	22	104	26	2	174
211	1	27	3	104	26	2	139
211	1	27	4	104	26	2	49
211	1	27	9	104	26	2	178
211	1	27	16	104	26	2	72
211	1	27	17	104	26	2	162
211	1	27	22	104	26	2	33
211	1	28	4	104	26	2	4
211	1	28	7	104	26	2	207
211	1	28	9	104	26	3	inf
211	1	28	11	104	26	3	inf
211	1	28	12	104	26	3	80
211	1	28	17	104	26	2	207
211	1	28	20	104	26	2	4
211	1	28	25	104	26	3	131
211	1	29	2	104	26	2	33
211	1	29	7	104	26	2	162
211	1	29	8	104	26	2	72
211	1	29	15	104	26	2	178
211	1	29	20	104	26	2	49
211	1	29	21	104	26	2	139
211	1	30	2	104	26	2	174
211	1	30	5	104	26	2	174
211	1	30	10	104	26	3	0
211	1	30	15	104	26	2	37
211	1	30	18	104	26	2	37
211	1	30	23	104	26	3	0
211	1	31	0	104	26	2	162
211	1	31	5	104	26	2	33
211	1	31	12	104	26	2	139
211	1	31	13	104	26	2	49
211	1	31	18	104	26	2	178
211	1	31	25	104	26	2	72
211	1	32	0	104	26	2	207
211	1	32	3	104	26	2	4
211	1	32	8	104	26	3	131
211	1	32	13	104	26	2	4
211	1	32	16	104	26	2	207
211	1	32	18	104	26	3	inf
211	1	32	20	104	26	3	inf
211	1	32	21	104	26	3	80
211	1	33	3	104	26	2	49
211	1	33	4	104	26	2	139
211	1	33	11	104	26	2	33
211	1	33	16	104	26	2	162
211	1	33	17	104	26	2	72
211	1	33	24	104	26	2	178
211	1	34	1	104	26	2	37
211	1	34	6	104	26	3	0
211	1	34	11	104	26	2	174
211	1	34	14	104	26	2	174
211	1	34	19	104	26	3	0
211	1	34	24	104	26	2	37
211	1	35	1	104	26	2	178
211	1	35	8	104	26	2	72
211	1	35	9	104	26	2	162
211	1	35	14	104	26	2	33
211	1	35	21	104	26	2	139
211	1	35	22	104	26	2	49
211	1	36	1	104	26	3	inf
211	1	36	3	104	26	3	inf
211	1	36	4	104	26	3	80
211	1	36	9	104	26	2	207
211	1	36	12	104	26	2	4
211	1	36	17	104	26	3	131
211	1	36	22	104	26	2	4
211	1	36	25	104	26	2	207
211	1	37	0	104	26	2	72
211	1	37	7	104	26	2	178
211	1	37	12	104	26	2	49
211	1	37	13	104	26	2	139
211	1	37	20	104	26	2	33
211	1	37	25	104	26	2	162
211	1	38	2	104	26	3	0
211	1	38	7	104	26	2	37
211	1	38	10	104	26	2	37
211	1	38	15	104	26	3	0
211	1	38	20	104	26	2	174
211	1	38	23	104	26	2	174
211	1	39	4	104	26	2	139
211	1	39	5	104	26	2	49
211	1	39	10	104	26	2	178
211	1	39	17	104	26	2	72
211	1	39	18	104	26	2	162
211	1	39	23	104	26	2	33
211	1	40	0	104	26	3	131
211	1	40	5	104	26	2	4
211	1	40	8	104	26	2	207
211	1	40	10	104	26	3	inf
211	1	40	12	104	26	3	inf
211	1	40	13	104	26	3	80
211	1	40	18	104	26	2	207
211	1	40	21	104	26	2	4
211	1	41	3	104	26	2	33
211	1	41	8	104	26	2	162
211	1	41	9	104	26	2	72
211	1	41	16	104	26	2	178
211	1	41	21	104	26	2	49
211	1	41	22	104	26	2	139
211	1	42	3	104	26	2	174
211	1	42	6	104	26	2	174
211	1	42	11	104	26	3	0
211	1	42	16	104	26	2	37
211	1	42	19	104	26	2	37
211	1	42	24	104	26	3	0
211	1	43	0	104	26	2	72
211	1	43	1	104	26	2	162
211	1	43	6	104	26	2	33
211	1	43	13	104	26	2	139
211	1	43	14	104	26	2	49
211	1	43	19	104	26	2	178
211	1	44	1	104	26	2	207
211	1	44	4	104	26	2	4
211	1	44	9	104	26	3	131
211	1	44	14	104	26	2	4
211	1	44	17	104	26	2	207
211	1	44	19	104	26	3	inf
211	1	44	21	104	26	3	inf
211	1	44	22	104	26	3	80
211	1	45	4	104	26	2	49
211	1	45	5	104	26	2	139
211	1	45	12	104	26	2	33
211	1	45	17	104	26	2	162
211	1	45	18	104	26	2	72
211	1	45	25	104	26	2	178
211	1	46	2	104	26	2	37
211	1	46	7	104	26	3	0
211	1	46	12	104	26	2	174
211	1	46	15	104	26	2	174
211	1	46	20	104	26	3	0
211	1	46	25	104	26	2	37
211	1	47	2	104	26	2	178
211	1	47	9	104	26	2	72
211	1	47	10	104	26	2	162
211	1	47	15	104	26	2	33
211	1	47	22	104	26	2	139
211	1	47	23	104	26	2	49
211	1	48	0	104	26	2	207
211	1	48	2	104	26	3	inf
211	1	48	4	104	26	3	inf
211	1	48	5	104	26	3	80
211	1	48	10	104	26	2	207
211	1	48	13	104	26	2	4
211	1	48	18	104	26	3	131
211	1	48	23	104	26	2	4
211	1	49	0	104	26	2	162
211	1	49	1	104	26	2	72
211	1	49	8	104	26	2	178
211	1	49	13	104	26	2	49
211	1	49	14	104	26	2	139
211	1	49	21	104	26	2	33
211	1	50	3	104	26	3	0
211	1	50	8	104	26	2	37
211	1	50	11	104	26	2	37
211	1	50	16	104	26	3	0
211	1	50	21	104	26	2	174
211	1	50	24	104	26	2	174
211	1	51	5	104	26	2	139
211	1	51	6	104	26	2	49
211	1	51	11	104	26	2	178
211	1	51	18	104	26	2	72
211	1	51	19	104	26	2	162
211	1	51	24	104	26	2	33
211	1	52	1	104	26	3	131
211	1	52	6	104	26	2	4
211	1	52	9	104	26	2	207
211	1	52	11	104	26	3	inf
211	1	52	13	104	26	3	inf
211	1	52	14	104	26	3	80
211	1	52	19	104	26	2	207
211	1	52	22	104	26	2	4
211	1	53	4	104	26	2	33
211	1	53	9	104	26	2	162
211	1	53	10	104	26	2	72
211	1	53	17	104	26	2	178
211	1	53	22	104	26	2	49
211	1	53	23	104	26	2	139
211	1	54	4	104	26	2	174
211	1	54	7	104	26	2	174
211	1	54	12	104	26	3	0
211	1	54	17	104	26	2	37
211	1	54	20	104	26	2	37
211	1	54	25	104	26	3	0
211	1	55	1	104	26	2	72
211	1	55	2	104	26	2	162
211	1	55	7	104	26	2	33
211	1	55	14	104	26	2	139
211	1	55	15	104	26	2	49
211	1	55	20	104	26	2	178
211	1	56	2	104	26	2	207
211	1	56	5	104	26	2	4
211	1	56	10	104	26	3	131
211	1	56	15	104	26	2	4
211	1	56	18	104	26	2	207
211	1	56	20	104	26	3	inf
211	1	56	22	104	26	3	inf
211	1	56	23	104	26	3	80
211	1	57	0	104	26	2	178
211	1	57	5	104	26	2	49
211	1	57	6	104	26	2	139
211	1	57	13	104	26	2	33
211	1	57	18	104	26	2	162
211	1	57	19	104	26	2	72
211	1	58	0	104	26	2	37
211	1	58	3	104	26	2	37
211	1	58	8	104	26	3	0
211	1	58	13	104	26	2	174
211	1	58	16	104	26	2	174
211	1	58	21	104	26	3	0
211	1	59	3	104	26	2	178
211	1	59	10	104	26	2	72
211	1	59	11	104	26	2	162
211	1	59	16	104	26	2	33
211	1	59	23	104	26	2	139
211	1	59	24	104	26	2	49
211	1	60	1	104	26	2	207
211	1	60	3	104	26	3	inf
211	1	60	5	104	26	3	inf
211	1	60	6	104	26	3	80
211	1	60	11	104	26	2	207
211	1	60	14	104	26	2	4
211	1	60	19	104	26	3	131
211	1	60	24	104	26	2	4
211	1	61	1	104	26	2	162
211	1	61	2	104	26	2	72
211	1	61	9	104	26	2	178
211	1	61	14	104	26	2	49
211	1	61	15	104	26	2	139
211	1	61	22	104	26	2	33
211	1	62	4	104	26	3	0
211	1	62	9	104	26	2	37
211	1	62	12	104	26	2	37
211	1	62	17	104	26	3	0
211	1	62	22	104	26	2	174
211	1	62	25	104	26	2	174
211	1	63	6	104	26	2	139
211	1	63	7	104	26	2	49
211	1	63	12	104	26	2	178
211	1	63	19	104	26	2	72
211	1	63	20	104	26	2	162
211	1	63	25	104	26	2	33
211	1	64	2	104	26	3	131
211	1	64	7	104	26	2	4
211	1	64	10	104	26	2	207
211	1	64	12	104	26	3	inf
211	1	64	14	104	26	3	inf
211	1	64	15	104	26	3	80
211	1	64	20	104	26	2	207
211	1	64	23	104	26	2	4
211	1	65	5	104	26	2	33
211	1	65	10	104	26	2	162
211	1	65	11	104	26	2	72
211	1	65	18	104	26	2	178
211	1	65	23	104	26	2	49
211	1	65	24	104	26	2	139
211	1	66	0	104	26	3	0
211	1	66	5	104	26	2	174
211	1	66	8	104	26	2	174
211	1	66	13	104	26	3	0
211	1	66	18	104	26	2	37
211	1	66	21	104	26	2	37
211	1	67	2	104	26	2	72
211	1	67	3	104	26	2	162
211	1	67	8	104	26	2	33
211	1	67	15	104	26	2	139
211	1	67	16	104	26	2	49
211	1	67	21	104	26	2	178
211	1	68	3	104	26	2	207
211	1	68	6	104	26	2	4
211	1	68	11	104	26	3	131
211	1	68	16	104	26	2	4
211	1	68	19	104	26	2	207
211	1	68	21	104	26	3	inf
211	1	68	23	104	26	3	inf
211	1	68	24	104	26	3	80
211	1	69	1	104	26	2	178
211	1	69	6	104	26	2	49
211	1	69	7	104	26	2	139
211	1	69	14	104	26	2	33
211	1	69	19	104	26	2	162
211	1	69	20	104	26	2	72
211	1	70	1	104	26	2	37
211	1	70	4	104	26	2	37
211	1	70	9	104	26	3	0
211	1	70	14	104	26	2	174
211	1	70	17	104	26	2	174
211	1	70	22	104	26	3	0
211	1	71	4	104	26	2	178
211	1	71	11	104	26	2	72
211	1	71	12	104	26	2	162
211	1	71	17	104	26	2	33
211	1	71	24	104	26	2	139
211	1	71	25	104	26	2	49
211	1	72	2	104	26	2	207
211	1	72	4	104	26	3	inf
211	1	72	6	104	26	3	inf
211	1	72	7	104	26	3	80
211	1	72	12	104	26	2	207
211	1	72	15	104	26	2	4
211	1	72	20	104	26	3	131
211	1	72	25	104	26	2	4
211	1	73	2	104	26	2	162
211	1	73	3	104	26	2	72
211	1	73	10	104	26	2	178
211	1	73	15	104	26	2	49
211	1	73	16	104	26	2	139
211	1	73	23	104	26	2	33
211	1	74	0	104	26	2	174
211	1	74	5	104	26	3	0
211	1	74	10	104	26	2	37
211	1	74	13	104	26	2	37
211	1	74	18	104	26	3	0
211	1	74	23	104	26	2	174
211	1	75	0	104	26	2	33
211	1	75	7	104	26	2	139
211	1	75	8	104	26	2	49
211	1	75	13	104	26	2	178
211	1	75	20	104	26	2	72
211	1	75	21	104	26	2	162
211	1	76	3	104	26	3	131
211	1	76	8	104	26	2	4
211	1	76	11	104	26	2	207
211	1	76	13	104	26	3	inf
211	1	76	15	104	26	3	inf
211	1	76	16	104	26	3	80
211	1	76	21	104	26	2	207
211	1	76	24	104	26	2	4
211	1	77	6	104	26	2	33
211	1	77	11	104	26	2	162
211	1	77	12	104	26	2	72
211	1	77	19	104	26	2	178
211	1	77	24	104	26	2	49
211	1	77	25	104	26	2	139
211	1	78	1	104	26	3	0
211	1	78	6	104	26	2	174
211	1	78	9	104	26	2	174
211	1	78	14	104	26	3	0
211	1	78	19	104	26	2	37
211	1	78	22	104	26	2	37
211	1	79	3	104	26	2	72
211	1	79	4	104	26	2	162
211	1	79	9	104	26	2	33
211	1	79	16	104	26	2	139
211	1	79	17	104	26	2	49
211	1	79	22	104	26	2	178
211	1	80	4	104	26	2	207
211	1	80	7	104	26	2	4
211	1	80	12	104	26	3	131
211	1	80	17	104	26	2	4
211	1	80	20	104	26	2	207
211	1	80	22	104	26	3	inf
211	1	80	24	104	26	3	inf
211	1	80	25	104	26	3	80
211	1	81	2	104	26	2	178
211	1	81	7	104	26	2	49
211	1	81	8	104	26	2	139
211	1	81	15	104	26	2	33
211	1	81	20	104	26	2	162
211	1	81	21	104	26	2	72
211	1	82	2	104	26	2	37
211	1	82	5	104	26	2	37
211	1	82	10	104	26	3	0
211	1	82	15	104	26	2	174
211	1	82	18	104	26	2	174
211	1	82	23	104	26	3	0
211	1	83	0	104	26	2	49
211	1	83	5	104	26	2	178
211	1	83	12	104	26	2	72
211	1	83	13	104	26	2	162
211	1	83	18	104	26	2	33
211	1	83	25	104	26	2	139
211	1	84	0	104	26	2	4
211	1	84	3	104	26	2	207
211	1	84	5	104	26	3	inf
211	1	84	7	104	26	3	inf
211	1	84	8	104	26	3	80
211	1	84	13	104	26	2	207
211	1	84	16	104	26	2	4
211	1	84	21	104	26	3	131
211	1	85	3	104	26	2	162
211	1	85	4	104	26	2	72
211	1	85	11	104	26	2	178
211	1	85	16	104	26	2	49
211	1	85	17	104	26	2	139
211	1	85	24	104	26	2	33
211	1	86	1	104	26	2	174
211	1	86	6	104	26	3	0
211	1	86	11	104	26	2	37
211	1	86	14	104	26	2	37
211	1	86	19	104	26	3	0
211	1	86	24	104	26	2	174
211	1	87	1	104	26	2	33
211	1	87	8	104	26	2	139
211	1	87	9	104	26	2	49
211	1	87	14	104	26	2	178
211	1	87	21	104	26	2	72
211	1	87	22	104	26	2	162
211	1	88	4	104	26	3	131
211	1	88	9	104	26	2	4
211	1	88	12	104	26	2	207
211	1	88	14	104	26	3	inf
211	1	88	16	104	26	3	inf
211	1	88	17	104	26	3	80
211	1	88	22	104	26	2	207
211	1	88	25	104	26	2	4
211	1	89	0	104	26	2	139
211	1	89	7	104	26	2	33
211	1	89	12	104	26	2	162
211	1	89	13	104	26	2	72
211	1	89	20	104	26	2	178
211	1	89	25	104	26	2	49
211	1	90	2	104	26	3	0
211	1	90	7	104	26	2	174
211	1	90	10	104	26	2	174
211	1	90	15	104	26	3	0
211	1	90	20	104	26	2	37
211	1	90	23	104	26	2	37
211	1	91	4	104	26	2	72
211	1	91	5	104	26	2	162
211	1	91	10	104	26	2	33
211	1	91	17	104	26	2	139
211	1	91	18	104	26	2	49
211	1	91	23	104	26	2	178
211	1	92	0	104	26	3	80
211	1	92	5	104	26	2	207
211	1	92	8	104	26	2	4
211	1	92	13	104	26	3	131
211	1	92	18	104	26	2	4
211	1	92	21	104	26	2	207
211	1	92	23	104	26	3	inf
211	1	92	25	104	26	3	inf
211	1	93	3	104	26	2	178
211	1	93	8	104	26	2	49
211	1	93	9	104	26	2	139
211	1	93	16	104	26	2	33
211	1	93	21	104	26	2	162
211	1	93	22	104	26	2	72
211	1	94	3	104	26	2	37
211	1	94	6	104	26	2	37
211	1	94	11	104	26	3	0
211	1	94	16	104	26	2	174
211	1	94	19	104	26	2	174
211	1	94	24	104	26	3	0
211	1	95	0	104	26	2	139
211	1	95	1	104	26	2	49
211	1	95	6	104	26	2	178
211	1	95	13	104	26	2	72
211	1	95	14	104	26	2	162
211	1	95	19	104	26	2	33
211	1	96	1	104	26	2	4
211	1	96	4	104	26	2	207
211	1	96	6	104	26	3	inf
211	1	96	8	104	26	3	inf
211	1	96	9	104	26	3	80
211	1	96	14	104	26	2	207
211	1	96	17	104	26	2	4
211	1	96	22	104	26	3	131
211	1	97	4	104	26	2	162
211	1	97	5	104	26	2	72
211	1	97	12	104	26	2	178
211	1	97	17	104	26	2	49
211	1	97	18	104	26	2	139
211	1	97	25	104	26	2	33
211	1	98	2	104	26	2	174
211	1	98	7	104	26	3	0
211	1	98	12	104	26	2	37
211	1	98	15	104	26	2	37
211	1	98	20	104	26	3	0
211	1	98	25	104	26	2	174
211	1	99	2	104	26	2	33
211	1	99	9	104	26	2	139
211	1	99	10	104	26	2	49
211	1	99	15	104	26	2	178
211	1	99	22	104	26	2	72
211	1	99	23	104	26	2	162
211	1	100	0	104	26	2	4
211	1	100	5	104	26	3	131
211	1	100	10	104	26	2	4
211	1	100	13	104	26	2	207
211	1	100	15	104	26	3	inf
211	1	100	17	104	26	3	inf
211	1	100	18	104	26	3	80
211	1	100	23	104	26	2	207
211	1	101	0	104	26	2	49
211	1	101	1	104	26	2	139
211	1	101	8	104	26	2	33
211	1	101	13	104	26	2	162
211	1	101	14	104	26	2	72
211	1	101	21	104	26	2	178
211	1	102	3	104	26	3	0
211	1	102	8	104	26	2	174
211	1	102	11	104	26	2	174
211	1	102	16	104	26	3	0
211	1	102	21	104	26	2	37
211	1	102	24	104	26	2	37
211	1	103	5	104	26	2	72
211	1	103	6	104	26	2	162
211	1	103	11	104	26	2	33
211	1	103	18	104	26	2	139
211	1	103	19	104	26	2	49
211	1	103	24	104	26	2	178
211	2	0	1	104	26	3	inf
211	2	0	14	104	26	3	inf
211	2	1	5	104	26	2	99
211	2	1	12	104	26	2	124
211	2	1	18	104	26	2	112
211	2	1	25	104	26	2	87
211	2	2	0	104	26	2	135
211	2	2	3	104	26	2	45
211	2	2	4	104	26	2	180
211	2	2	5	104	26	2	145
211	2	2	6	104	26	2	66
211	2	2	7	104	26	2	31
211	2	2	8	104	26	2	166
211	2	2	11	104	26	2	76
211	2	2	13	104	26	2	76
211	2	2	16	104	26	2	166
211	2	2	17	104	26	2	31
211	2	2	18	104	26	2	66
211	2	2	19	104	26	2	145
211	2	2	20	104	26	2	180
211	2	2	21	104	26	2	45
211	2	2	24	104	26	2	135
211	2	3	6	104	26	2	112
211	2	3	12	104	26	2	124
211	2	3	19	104	26	2	99
211	2	3	25	104	26	2	87
211	2	4	10	104	26	3	inf
211	2	4	23	104	26	3	inf
211	2	5	1	104	26	2	112
211	2	5	8	104	26	2	87
211	2	5	14	104	26	2	99
211	2	5	21	104	26	2	124
211	2	6	0	104	26	2	31
211	2	6	1	104	26	2	66
211	2	6	2	104	26	2	145
211	2	6	3	104	26	2	180
211	2	6	4	104	26	2	45
211	2	6	7	104	26	2	135
211	2	6	9	104	26	2	135
211	2	6	12	104	26	2	45
211	2	6	13	104	26	2	180
211	2	6	14	104	26	2	145
211	2	6	15	104	26	2	66
211	2	6	16	104	26	2	31
211	2	6	17	104	26	2	166
211	2	6	20	104	26	2	76
211	2	6	22	104	26	2	76
211	2	6	25	104	26	2	166
211	2	7	2	104	26	2	99
211	2	7	8	104	26	2	87
211	2	7	15	104	26	2	112
211	2	7	21	104	26	2	124
211	2	8	6	104	26	3	inf
211	2	8	19	104	26	3	inf
211	2	9	4	104	26	2	124
211	2	9	10	104	26	2	112
211	2	9	17	104	26	2	87
211	2	9	23	104	26	2	99
211	2	10	0	104	26	2	166
211	2	10	3	104	26	2	76
211	2	10	5	104	26	2	76
211	2	10	8	104	26	2	166
211	2	10	9	104	26	2	31
211	2	10	10	104	26	2	66
211	2	10	11	104	26	2	145
211	2	10	12	104	26	2	180
211	2	10	13	104	26	2	45
211	2	10	16	104	26	2	135
211	2	10	18	104	26	2	135
211	2	10	21	104	26	2	45
211	2	10	22	104	26	2	180
211	2	10	23	104	26	2	145
211	2	10	24	104	26	2	66
211	2	10	25	104	26	2	31
211	2	11	4	104	26	2	124
211	2	11	11	104	26	2	99
211	2	11	17	104	26	2	87
211	2	11	24	104	26	2	112
211	2	12	2	104	26	3	inf
211	2	12	15	104	26	3	inf
211	2	13	0	104	26	2	87
211	2	13	6	104	26	2	99
211	2	13	13	104	26	2	124
211	2	13	19	104	26	2	112
211	2	14	1	104	26	2	135
211	2	14	4	104	26	2	45
211	2	14	5	104	26	2	180
211	2	14	6	104	26	2	145
211	2	14	7	104	26	2	66
211	2	14	8	104	26	2	31
211	2	14	9	104	26	2	166
211	2	14	12	104	26	2	76
211	2	14	14	104	26	2	76
211	2	14	17	104	26	2	166
211	2	14	18	104	26	2	31
211	2	14	19	104	26	2	66
211	2	14	20	104	26	2	145
211	2	14	21	104	26	2	180
211	2	14	22	104	26	2	45
211	2	14	25	104	26	2	135
211	2	15	0	104	26	2	87
211	2	15	7	104	26	2	112
211	2	15	13	104	26	2	124
211	2	15	20	104	26	2	99
211	2	16	11	104	26	3	inf
211	2	16	24	104	26	3	inf
211	2	17	2	104	26	2	112
211	2	17	9	104	26	2	87
211	2	17	15	104	26	2	99
211	2	17	22	104	26	2	124
211	2	18	0	104	26	2	166
211	2	18	1	104	26	2	31
211	2	18	2	104	26	2	66
211	2	18	3	104	26	2	145
211	2	18	4	104	26	2	180
211	2	18	5	104	26	2	45
211	2	18	8	104	26	2	135
211	2	18	10	104	26	2	135
211	2	18	13	104	26	2	45
211	2	18	14	104	26	2	180
211	2	18	15	104	26	2	145
211	2	18	16	104	26	2	66
211	2	18	17	104	26	2	31
211	2	18	18	104	26	2	166
211	2	18	21	104	26	2	76
211	2	18	23	104	26	2	76
211	2	19	3	104	26	2	99
211	2	19	9	104	26	2	87
211	2	19	16	104	26	2	112
211	2	19	22	104	26	2	124
211	2	20	7	104	26	3	inf
211	2	20	20	104	26	3	inf
211	2	21	5	104	26	2	124
211	2	21	11	104	26	2	112
211	2	21	18	104	26	2	87
211	2	21	24	104	26	2	99
211	2	22	0	104	26	2	31
211	2	22	1	104	26	2	166
211	2	22	4	104	26	2	76
211	2	22	6	104	26	2	76
211	2	22	9	104	26	2	166
211	2	22	10	104	26	2	31
211	2	22	11	104	26	2	66
211	2	22	12	104	26	2	145
211	2	22	13	104	26	2	180
211	2	22	14	104	26	2	45
211	2	22	17	104	26	2	135
211	2	22	19	104	26	2	135
211	2	22	22	104	26	2	45
211	2	22	23	104	26	2	180
211	2	22	24	104	26	2	145
211	2	22	25	104	26	2	66
211	2	23	5	104	26	2	124
211	2	23	12	104	26	2	99
211	2	23	18	104	26	2	87
211	2	23	25	104	26	2	112
211	2	24	3	104	26	3	inf
211	2	24	16	104	26	3	inf
211	2	25	1	104	26	2	87
211	2	25	7	104	26	2	99
211	2	25	14	104	26	2	124
211	2	25	20	104	26	2	112
211	2	26	0	104	26	2	135
211	2	26	2	104	26	2	135
211	2	26	5	104	26	2	45
211	2	26	6	104	26	2	180
211	2	26	7	104	26	2	145
211	2	26	8	104	26	2	66
211	2	26	9	104	26	2	31
211	2	26	10	104	26	2	166
211	2	26	13	104	26	2	76
211	2	26	15	104	26	2	76
211	2	26	18	104	26	2	166
211	2	26	19	104	26	2	31
211	2	26	20	104	26	2	66
211	2	26	21	104	26	2	145
211	2	26	22	104	26	2	180
211	2	26	23	104	26	2	45
211	2	27	1	104	26	2	87
211	2	27	8	104	26	2	112
211	2	27	14	104	26	2	124
211	2	27	21	104	26	2	99
211	2	28	12	104	26	3	inf
211	2	28	25	104	26	3	inf
211	2	29	3	104	26	2	112
211	2	29	10	104	26	2	87
211	2	29	16	104	26	2	99
211	2	29	23	104	26	2	124
211	2	30	1	104	26	2	166
211	2	30	2	104	26	2	31
211	2	30	3	104	26	2	66
211	2	30	4	104	26	2	145
211	2	30	5	104	26	2	180
211	2	30	6	104	26	2	45
211	2	30	9	104	26	2	135
211	2	30	11	104	26	2	135
211	2	30	14	104	26	2	45
211	2	30	15	104	26	2	180
211	2	30	16	104	26	2	145
211	2	30	17	104	26	2	66
211	2	30	18	104	26	2	31
211	2	30	19	104	26	2	166
211	2	30	22	104	26	2	76
211	2	30	24	104	26	2	76
211	2	31	4	104	26	2	99
211	2	31	10	104	26	2	87
211	2	31	17	104	26	2	112
211	2	31	23	104	26	2	124
211	2	32	8	104	26	3	inf
211	2	32	21	104	26	3	inf
211	2	33	6	104	26	2	124
211	2	33	12	104	26	2	112
211	2	33	19	104	26	2	87
211	2	33	25	104	26	2	99
211	2	34	0	104	26	2	66
211	2	34	1	104	26	2	31
211	2	34	2	104	26	2	166
211	2	34	5	104	26	2	76
211	2	34	7	104	26	2	76
211	2	34	10	104	26	2	166
211	2	34	11	104	26	2	31
211	2	34	12	104	26	2	66
211	2	34	13	104	26	2	145
211	2	34	14	104	26	2	180
211	2	34	15	104	26	2	45
211	2	34	18	104	26	2	135
211	2	34	20	104	26	2	135
211	2	34	23	104	26	2	45
211	2	34	24	104	26	2	180
211	2	34	25	104	26	2	145
211	2	35	0	104	26	2	112
211	2	35	6	104	26	2	124
211	2	35	13	104	26	2	99
211	2	35	19	104	26	2	87
211	2	36	4	104	26	3	inf
211	2	36	17	104	26	3	inf
211	2	37	2	104	26	2	87
211	2	37	8	104	26	2	99
211	2	37	15	104	26	2	124
211	2	37	21	104	26	2	112
211	2	38	1	104	26	2	135
211	2	38	3	104	26	2	135
211	2	38	6	104	26	2	45
211	2	38	7	104	26	2	180
211	2	38	8	104	26	2	145
211	2	38	9	104	26	2	66
211	2	38	10	104	26	2	31
211	2	38	11	104	26	2	166
211	2	38	14	104	26	2	76
211	2	38	16	104	26	2	76
211	2	38	19	104	26	2	166
211	2	38	20	104	26	2	31
211	2	38	21	104	26	2	66
211	2	38	22	104	26	2	145
211	2	38	23	104	26	2	180
211	2	38	24	104	26	2	45
211	2	39	2	104	26	2	87
211	2	39	9	104	26	2	112
211	2	39	15	104	26	2	124
211	2	39	22	104	26	2	99
211	2	40	0	104	26	3	inf
211	2	40	13	104	26	3	inf
211	2	41	4	104	26	2	112
211	2	41	11	104	26	2	87
211	2	41	17	104	26	2	99
211	2	41	24	104	26	2	124
211	2	42	2	104	26	2	166
211	2	42	3	104	26	2	31
211	2	42	4	104	26	2	66
211	2	42	5	104	26	2	145
211	2	42	6	104	26	2	180
211	2	42	7	104	26	2	45
211	2	42	10	104	26	2	135
211	2	42	12	104	26	2	135
211	2	42	15	104	26	2	45
211	2	42	16	104	26	2	180
211	2	42	17	104	26	2	145
211	2	42	18	104	26	2	66
211	2	42	19	104	26	2	31
211	2	42	20	104	26	2	166
211	2	42	23	104	26	2	76
211	2	42	25	104	26	2	76
211	2	43	5	104	26	2	99
211	2	43	11	104	26	2	87
211	2	43	18	104	26	2	112
211	2	43	24	104	26	2	124
211	2	44	9	104	26	3	inf
211	2	44	22	104	26	3	inf
211	2	45	0	104	26	2	99
211	2	45	7	104	26	2	124
211	2	45	13	104	26	2	112
211	2	45	20	104	26	2	87
211	2	46	0	104	26	2	145
211	2	46	1	104	26	2	66
211	2	46	2	104	26	2	31
211	2	46	3	104	26	2	166
211	2	46	6	104	26	2	76
211	2	46	8	104	26	2	76
211	2	46	11	104	26	2	166
211	2	46	12	104	26	2	31
211	2	46	13	104	26	2	66
211	2	46	14	104	26	2	145
211	2	46	15	104	26	2	180
211	2	46	16	104	26	2	45
211	2	46	19	104	26	2	135
211	2	46	21	104	26	2	135
211	2	46	24	104	26	2	45
211	2	46	25	104	26	2	180
211	2	47	1	104	26	2	112
211	2	47	7	104	26	2	124
211	2	47	14	104	26	2	99
211	2	47	20	104	26	2	87
211	2	48	5	104	26	3	inf
211	2	48	18	104	26	3	inf
211	2	49	3	104	26	2	87
211	2	49	9	104	26	2	99
211	2	49	16	104	26	2	124
211	2	49	22	104	26	2	112
211	2	50	2	104	26	2	135
211	2	50	4	104	26	2	135
211	2	50	7	104	26	2	45
211	2	50	8	104	26	2	180
211	2	50	9	104	26	2	145
211	2	50	10	104	26	2	66
211	2	50	11	104	26	2	31
211	2	50	12	104	26	2	166
211	2	50	15	104	26	2	76
211	2	50	17	104	26	2	76
211	2	50	20	104	26	2	166
211	2	50	21	104	26	2	31
211	2	50	22	104	26	2	66
211	2	50	23	104	26	2	145
211	2	50	24	104	26	2	180
211	2	50	25	104	26	2	45
211	2	51	3	104	26	2	87
211	2	51	10	104	26	2	112
211	2	51	16	104	26	2	124
211	2	51	23	104	26	2	99
211	2	52	1	104	26	3	inf
211	2	52	14	104	26	3	inf
211	2	53	5	104	26	2	112
211	2	53	12	104	26	2	87
211	2	53	18	104	26	2	99
211	2	53	25	104	26	2	124
211	2	54	0	104	26	2	76
211	2	54	3	104	26	2	166
211	2	54	4	104	26	2	31
211	2	54	5	104	26	2	66
211	2	54	6	104	26	2	145
211	2	54	7	104	26	2	180
211	2	54	8	104	26	2	45
211	2	54	11	104	26	2	135
211	2	54	13	104	26	2	135
211	2	54	16	104	26	2	45
211	2	54	17	104	26	2	180
211	2	54	18	104	26	2	145
211	2	54	19	104	26	2	66
211	2	54	20	104	26	2	31
211	2	54	21	104	26	2	166
211	2	54	24	104	26	2	76
211	2	55	6	104	26	2	99
211	2	55	12	104	26	2	87
211	2	55	19	104	26	2	112
211	2	55	25	104	26	2	124
211	2	56	10	104	26	3	inf
211	2	56	23	104	26	3	inf
211	2	57	1	104	26	2	99
211	2	57	8	104	26	2	124
211	2	57	14	104	26	2	112
211	2	57	21	104	26	2	87
211	2	58	0	104	26	2	180
211	2	58	1	104	26	2	145
211	2	58	2	104	26	2	66
211	2	58	3	104	26	2	31
211	2	58	4	104	26	2	166
211	2	58	7	104	26	2	76
211	2	58	9	104	26	2	76
211	2	58	12	104	26	2	166
211	2	58	13	104	26	2	31
211	2	58	14	104	26	2	66
211	2	58	15	104	26	2	145
211	2	58	16	104	26	2	180
211	2	58	17	104	26	2	45
211	2	58	20	104	26	2	135
211	2	58	22	104	26	2	135
211	2	58	25	104	26	2	45
211	2	59	2	104	26	2	112
211	2	59	8	104	26	2	124
211	2	59	15	104	26	2	99
211	2	59	21	104	26	2	87
211	2	60	6	104	26	3	inf
211	2	60	19	104	26	3	inf
211	2	61	4	104	26	2	87
211	2	61	10	104	26	2	99
211	2	61	17	104	26	2	124
211	2	61	23	104	26	2	112
211	2	62	0	104	26	2	45
211	2	62	3	104	26	2	135
211	2	62	5	104	26	2	135
211	2	62	8	104	26	2	45
211	2	62	9	104	26	2	180
211	2	62	10	104	26	2	145
211	2	62	11	104	26	2	66
211	2	62	12	104	26	2	31
211	2	62	13	104	26	2	166
211	2	62	16	104	26	2	76
211	2	62	18	104	26	2	76
211	2	62	21	104	26	2	166
211	2	62	22	104	26	2	31
211	2	62	23	104	26	2	66
211	2	62	24	104	26	2	145
211	2	62	25	104	26	2	180
211	2	63	4	104	26	2	87
211	2	63	11	104	26	2	112
211	2	63	17	104	26	2	124
211	2	63	24	104	26	2	99
211	2	64	2	104	26	3	inf
211	2	64	15	104	26	3	inf
211	2	65	0	104	26	2	124
211	2	65	6	104	26	2	112
211	2	65	13	104	26	2	87
211	2	65	19	104	26	2	99
211	2	66	1	104	26	2	76
211	2	66	4	104	26	2	166
211	2	66	5	104	26	2	31
211	2	66	6	104	26	2	66
211	2	66	7	104	26	2	145
211	2	66	8	104	26	2	180
211	2	66	9	104	26	2	45
211	2	66	12	104	26	2	135
211	2	66	14	104	26	2	135
211	2	66	17	104	26	2	45
211	2	66	18	104	26	2	180
211	2	66	19	104	26	2	145
211	2	66	20	104	26	2	66
211	2	66	21	104	26	2	31
211	2	66	22	104	26	2	166
211	2	66	25	104	26	2	76
211	2	67	0	104	26	2	124
211	2	67	7	104	26	2	99
211	2	67	13	104	26	2	87
211	2	67	20	104	26	2	112
211	2	68	11	104	26	3	inf
211	2	68	24	104	26	3	inf
211	2	69	2	104	26	2	99
211	2	69	9	104	26	2	124
211	2	69	15	104	26	2	112
211	2	69	22	104	26	2	87
211	2	70	0	104	26	2	45
211	2	70	1	104	26	2	180
211	2	70	2	104	26	2	145
211	2	70	3	104	26	2	66
211	2	70	4	104	26	2	31
211	2	70	5	104	26	2	166
211	2	70	8	104	26	2	76
211	2	70	10	104	26	2	76
211	2	70	13	104	26	2	166
211	2	70	14	104	26	2	31
211	2	70	15	104	26	2	66
211	2	70	16	104	26	2	145
211	2	70	17	104	26	2	180
211	2	70	18	104	26	2	45
211	2	70	21	104	26	2	135
211	2	70	23	104	26	2	135
211	2	71	3	104	26	2	112
211	2	71	9	104	26	2	124
211	2	71	16	104	26	2	99
211	2	71	22	104	26	2	87
211	2	72	7	104	26	3	inf
211	2	72	20	104	26	3	inf
211	2	73	5	104	26	2	87
211	2	73	11	104	26	2	99
211	2	73	18	104	26	2	124
211	2	73	24	104	26	2	112
211	2	74	0	104	26	2	180
211	2	74	1	104	26	2	45
211	2	74	4	104	26	2	135
211	2	74	6	104	26	2	135
211	2	74	9	104	26	2	45
211	2	74	10	104	26	2	180
211	2	74	11	104	26	2	145
211	2	74	12	104	26	2	66
211	2	74	13	104	26	2	31
211	2	74	14	104	26	2	166
211	2	74	17	104	26	2	76
211	2	74	19	104	26	2	76
211	2	74	22	104	26	2	166
211	2	74	23	104	26	2	31
211	2	74	24	104	26	2	66
211	2	74	25	104	26	2	145
211	2	75	5	104	26	2	87
211	2	75	12	104	26	2	112
211	2	75	18	104	26	2	124
211	2	75	25	104	26	2	99
211	2	76	3	104	26	3	inf
211	2	76	16	104	26	3	inf
211	2	77	1	104	26	2	124
211	2	77	7	104	26	2	112
211	2	77	14	104	26	2	87
211	2	77	20	104	26	2	99
211	2	78	0	104	26	2	76
211	2	78	2	104	26	2	76
211	2	78	5	104	26	2	166
211	2	78	6	104	26	2	31
211	2	78	7	104	26	2	66
211	2	78	8	104	26	2	145
211	2	78	9	104	26	2	180
211	2	78	10	104	26	2	45
211	2	78	13	104	26	2	135
211	2	78	15	104	26	2	135
211	2	78	18	104	26	2	45
211	2	78	19	104	26	2	180
211	2	78	20	104	26	2	145
211	2	78	21	104	26	2	66
211	2	78	22	104	26	2	31
211	2	78	23	104	26	2	166
211	2	79	1	104	26	2	124
211	2	79	8	104	26	2	99
211	2	79	14	104	26	2	87
211	2	79	21	104	26	2	112
211	2	80	12	104	26	3	inf
211	2	80	25	104	26	3	inf
211	2	81	3	104	26	2	99
211	2	81	10	104	26	2	124
211	2	81	16	104	26	2	112
211	2	81	23	104	26	2	87
211	2	82	1	104	26	2	45
211	2	82	2	104	26	2	180
211	2	82	3	104	26	2	145
211	2	82	4	104	26	2	66
211	2	82	5	104	26	2	31
211	2	82	6	104	26	2	166
211	2	82	9	104	26	2	76
211	2	82	11	104	26	2	76
211	2	82	14	104	26	2	166
211	2	82	15	104	26	2	31
211	2	82	16	104	26	2	66
211	2	82	17	104	26	2	145
211	2	82	18	104	26	2	180
211	2	82	19	104	26	2	45
211	2	82	22	104	26	2	135
211	2	82	24	104	26	2	135
211	2	83	4	104	26	2	112
211	2	83	10	104	26	2	124
211	2	83	17	104	26	2	99
211	2	83	23	104	26	2	87
211	2	84	8	104	26	3	inf
211	2	84	21	104	26	3	inf
211	2	85	6	104	26	2	87
211	2	85	12	104	26	2	99
211	2	85	19	104	26	2	124
211	2	85	25	104	26	2	112
211	2	86	0	104	26	2	145
211	2	86	1	104	26	2	180
211	2	86	2	104	26	2	45
211	2	86	5	104	26	2	135
211	2	86	7	104	26	2	135
211	2	86	10	104	26	2	45
211	2	86	11	104	26	2	180
211	2	86	12	104	26	2	145
211	2	86	13	104	26	2	66
211	2	86	14	104	26	2	31
211	2	86	15	104	26	2	166
211	2	86	18	104	26	2	76
211	2	86	20	104	26	2	76
211	2	86	23	104	26	2	166
211	2	86	24	104	26	2	31
211	2	86	25	104	26	2	66
211	2	87	0	104	26	2	99
211	2	87	6	104	26	2	87
211	2	87	13	104	26	2	112
211	2	87	19	104	26	2	124
211	2	88	4	104	26	3	inf
211	2	88	17	104	26	3	inf
211	2	89	2	104	26	2	124
211	2	89	8	104	26	2	112
211	2	89	15	104	26	2	87
211	2	89	21	104	26	2	99
211	2	90	1	104	26	2	76
211	2	90	3	104	26	2	76
211	2	90	6	104	26	2	166
211	2	90	7	104	26	2	31
211	2	90	8	104	26	2	66
211	2	90	9	104	26	2	145
211	2	90	10	104	26	2	180
211	2	90	11	104	26	2	45
211	2	90	14	104	26	2	135
211	2	90	16	104	26	2	135
211	2	90	19	104	26	2	45
211	2	90	20	104	26	2	180
211	2	90	21	104	26	2	145
211	2	90	22	104	26	2	66
211	2	90	23	104	26	2	31
211	2	90	24	104	26	2	166
211	2	91	2	104	26	2	124
211	2	91	9	104	26	2	99
211	2	91	15	104	26	2	87
211	2	91	22	104	26	2	112
211	2	92	0	104	26	3	inf
211	2	92	13	104	26	3	inf
211	2	93	4	104	26	2	99
211	2	93	11	104	26	2	124
211	2	93	17	104	26	2	112
211	2	93	24	104	26	2	87
211	2	94	2	104	26	2	45
211	2	94	3	104	26	2	180
211	2	94	4	104	26	2	145
211	2	94	5	104	26	2	66
211	2	94	6	104	26	2	31
211	2	94	7	104	26	2	166
211	2	94	10	104	26	2	76
211	2	94	12	104	26	2	76
211	2	94	15	104	26	2	166
211	2	94	16	104	26	2	31
211	2	94	17	104	26	2	66
211	2	94	18	104	26	2	145
211	2	94	19	104	26	2	180
211	2	94	20	104	26	2	45
211	2	94	23	104	26	2	135
211	2	94	25	104	26	2	135
211	2	95	5	104	26	2	112
211	2	95	11	104	26	2	124
211	2	95	18	104	26	2	99
211	2	95	24	104	26	2	87
211	2	96	9	104	26	3	inf
211	2	96	22	104	26	3	inf
211	2	97	0	104	26	2	112
211	2	97	7	104	26	2	87
211	2	97	13	104	26	2	99
211	2	97	20	104	26	2	124
211	2	98	0	104	26	2	66
211	2	98	1	104	26	2	145
211	2	98	2	104	26	2	180
211	2	98	3	104	26	2	45
211	2	98	6	104	26	2	135
211	2	98	8	104	26	2	135
211	2	98	11	104	26	2	45
211	2	98	12	104	26	2	180
211	2	98	13	104	26	2	145
211	2	98	14	104	26	2	66
211	2	98	15	104	26	2	31
211	2	98	16	104	26	2	166
211	2	98	19	104	26	2	76
211	2	98	21	104	26	2	76
211	2	98	24	104	26	2	166
211	2	98	25	104	26	2	31
211	2	99	1	104	26	2	99
211	2	99	7	104	26	2	87
211	2	99	14	104	26	2	112
211	2	99	20	104	26	2	124
211	2	100	5	104	26	3	inf
211	2	100	18	104	26	3	inf
211	2	101	3	104	26	2	124
211	2	101	9	104	26	2	112
211	2	101	16	104	26	2	87
211	2	101	22	104	26	2	99
211	2	102	2	104	26	2	76
211	2	102	4	104	26	2	76
211	2	102	7	104	26	2	166
211	2	102	8	104	26	2	31
211	2	102	9	104	26	2	66
211	2	102	10	104	26	2	145
211	2	102	11	104	26	2	180
211	2	102	12	104	26	2	45
211	2	102	15	104	26	2	135
211	2	102	17	104	26	2	135
211	2	102	20	104	26	2	45
211	2	102	21	104	26	2	180
211	2	102	22	104	26	2	145
211	2	102	23	104	26	2	66
211	2	102	24	104	26	2	31
211	2	102	25	104	26	2	166
211	2	103	3	104	26	2	124
211	2	103	10	104	26	2	99
211	2	103	16	104	26	2	87
211	2	103	23	104	26	2	112
211	3	0	1	104	26	3	131
211	3	0	6	104	26	2	4
211	3	0	9	104	26	2	207
211	3	0	11	104	26	3	inf
211	3	0	13	104	26	3	inf
211	3	0	14	104	26	3	80
211	3	0	19	104	26	2	207
211	3	0	22	104	26	2	4
211	3	1	4	104	26	2	33
211	3	1	9	104	26	2	162
211	3	1	10	104	26	2	72
211	3	1	17	104	26	2	178
211	3	1	22	104	26	2	49
211	3	1	23	104	26	2	139
211	3	2	4	104	26	2	174
211	3	2	7	104	26	2	174
211	3	2	12	104	26	3	0
211	3	2	17	104	26	2	37
211	3	2	20	104	26	2	37
211	3	2	25	104	26	3	0
211	3	3	1	104	26	2	72
211	3	3	2	104	26	2	162
211	3	3	7	104	26	2	33
211	3	3	14	104	26	2	139
211	3	3	15	104	26	2	49
211	3	3	20	104	26	2	178
211	3	4	2	104	26	2	207
211	3	4	5	104	26	2	4
211	3	4	10	104	26	3	131
211	3	4	15	104	26	2	4
211	3	4	18	104	26	2	207
211	3	4	20	104	26	3	inf
211	3	4	22	104	26	3	inf
211	3	4	23	104	26	3	80
211	3	5	0	104	26	2	178
211	3	5	5	104	26	2	49
211	3	5	6	104	26	2	139
211	3	5	13	104	26	2	33
211	3	5	18	104	26	2	162
211	3	5	19	104	26	2	72
211	3	6	0	104	26	2	37
211	3	6	3	104	26	2	37
211	3	6	8	104	26	3	0
211	3	6	13	104	26	2	174
211	3	6	16	104	26	2	174
211	3	6	21	104	26	3	0
211	3	7	3	104	26	2	178
211	3	7	10	104	26	2	72
211	3	7	11	104	26	2	162
211	3	7	16	104	26	2	33
211	3	7	23	104	26	2	139
211	3	7	24	104	26	2	49
211	3	8	1	104	26	2	207
211	3	8	3	104	26	3	inf
211	3	8	5	104	26	3	inf
211	3	8	6	104	26	3	80
211	3	8	11	104	26	2	207
211	3	8	14	104	26	2	4
211	3	8	19	104	26	3	131
211	3	8	24	104	26	2	4
211	3	9	1	104	26	2	162
211	3	9	2	104	26	2	72
211	3	9	9	104	26	2	178
211	3	9	14	104	26	2	49
211	3	9	15	104	26	2	139
211	3	9	22	104	26	2	33
211	3	10	4	104	26	3	0
211	3	10	9	104	26	2	37
211	3	10	12	104	26	2	37
211	3	10	17	104	26	3	0
211	3	10	22	104	26	2	174
211	3	10	25	104	26	2	174
211	3	11	6	104	26	2	139
211	3	11	7	104	26	2	49
211	3	11	12	104	26	2	178
211	3	11	19	104	26	2	72
211	3	11	20	104	26	2	162
211	3	11	25	104	26	2	33
211	3	12	2	104	26	3	131
211	3	12	7	104	26	2	4
211	3	12	10	104	26	2	207
211	3	12	12	104	26	3	inf
211	3	12	14	104	26	3	inf
211	3	12	15	104	26	3	80
211	3	12	20	104	26	2	207
211	3	12	23	104	26	2	4
211	3	13	5	104	26	2	33
211	3	13	10	104	26	2	162
211	3	13	11	104	26	2	72
211	3	13	18	104	26	2	178
211	3	13	23	104	26	2	49
211	3	13	24	104	26	2	139
211	3	14	0	104	26	3	0
211	3	14	5	104	26	2	174
211	3	14	8	104	26	2	174
211	3	14	13	104	26	3	0
211	3	14	18	104	26	2	37
211	3	14	21	104	26	2	37
211	3	15	2	104	26	2	72
211	3	15	3	104	26	2	162
211	3	15	8	104	26	2	33
211	3	15	15	104	26	2	139
211	3	15	16	104	26	2	49
211	3	15	21	104	26	2	178
211	3	16	3	104	26	2	207
211	3	16	6	104	26	2	4
211	3	16	11	104	26	3	131
211	3	16	16	104	26	2	4
211	3	16	19	104	26	2	207
211	3	16	21	104	26	3	inf
211	3	16	23	104	26	3	inf
211	3	16	24	104	26	3	80
211	3	17	1	104	26	2	178
211	3	17	6	104	26	2	49
211	3	17	7	104	26	2	139
211	3	17	14	104	26	2	33
211	3	17	19	104	26	2	162
211	3	17	20	104	26	2	72
211	3	18	1	104	26	2	37
211	3	18	4	104	26	2	37
211	3	18	9	104	26	3	0
211	3	18	14	104	26	2	174
211	3	18	17	104	26	2	174
211	3	18	22	104	26	3	0
211	3	19	4	104	26	2	178
211	3	19	11	104	26	2	72
211	3	19	12	104	26	2	162
211	3	19	17	104	26	2	33
211	3	19	24	104	26	2	139
211	3	19	25	104	26	2	49
211	3	20	2	104	26	2	207
211	3	20	4	104	26	3	inf
211	3	20	6	104	26	3	inf
211	3	20	7	104	26	3	80
211	3	20	12	104	26	2	207
211	3	20	15	104	26	2	4
211	3	20	20	104	26	3	131
211	3	20	25	104	26	2	4
211	3	21	2	104	26	2	162
211	3	21	3	104	26	2	72
211	3	21	10	104	26	2	178
211	3	21	15	104	26	2	49
211	3	21	16	104	26	2	139
211	3	21	23	104	26	2	33
211	3	22	0	104	26	2	174
211	3	22	5	104	26	3	0
211	3	22	10	104	26	2	37
211	3	22	13	104	26	2	37
211	3	22	18	104	26	3	0
211	3	22	23	104	26	2	174
211	3	23	0	104	26	2	33
211	3	23	7	104	26	2	139
211	3	23	8	104	26	2	49
211	3	23	13	104	26	2	178
211	3	23	20	104	26	2	72
211	3	23	21	104	26	2	162
211	3	24	3	104	26	3	131
211	3	24	8	104	26	2	4
211	3	24	11	104	26	2	207
211	3	24	13	104	26	3	inf
211	3	24	15	104	26	3	inf
211	3	24	16	104	26	3	80
211	3	24	21	104	26	2	207
211	3	24	24	104	26	2	4
211	3	25	6	104	26	2	33
211	3	25	11	104	26	2	162
211	3	25	12	104	26	2	72
211	3	25	19	104	26	2	178
211	3	25	24	104	26	2	49
211	3	25	25	104	26	2	139
211	3	26	1	104	26	3	0
211	3	26	6	104	26	2	174
211	3	26	9	104	26	2	174
211	3	26	14	104	26	3	0
211	3	26	19	104	26	2	37
211	3	26	22	104	26	2	37
211	3	27	3	104	26	2	72
211	3	27	4	104	26	2	162
211	3	27	9	104	26	2	33
211	3	27	16	104	26	2	139
211	3	27	17	104	26	2	49
211	3	27	22	104	26	2	178
211	3	28	4	104	26	2	207
211	3	28	7	104	26	2	4
211	3	28	12	104	26	3	131
211	3	28	17	104	26	2	4
211	3	28	20	104	26	2	207
211	3	28	22	104	26	3	inf
211	3	28	24	104	26	3	inf
211	3	28	25	104	26	3	80
211	3	29	2	104	26	2	178
211	3	29	7	104	26	2	49
211	3	29	8	104	26	2	139
211	3	29	15	104	26	2	33
211	3	29	20	104	26	2	162
211	3	29	21	104	26	2	72
211	3	30	2	104	26	2	37
211	3	30	5	104	26	2	37
211	3	30	10	104	26	3	0
211	3	30	15	104	26	2	174
211	3	30	18	104	26	2	174
211	3	30	23	104	26	3	0
211	3	31	0	104	26	2	49
211	3	31	5	104	26	2	178
211	3	31	12	104	26	2	72
211	3	31	13	104	26	2	162
211	3	31	18	104	26	2	33
211	3	31	25	104	26	2	139
211	3	32	0	104	26	2	4
211	3	32	3	104	26	2	207
211	3	32	5	104	26	3	inf
211	3	32	7	104	26	3	inf
211	3	32	8	104	26	3	80
211	3	32	13	104	26	2	207
211	3	32	16	104	26	2	4
211	3	32	21	104	26	3	131
211	3	33	3	104	26	2	162
211	3	33	4	104	26	2	72
211	3	33	11	104	26	2	178
211	3	33	16	104	26	2	49
211	3	33	17	104	26	2	139
211	3	33	24	104	26	2	33
211	3	34	1	104	26	2	174
211	3	34	6	104	26	3	0
211	3	34	11	104	26	2	37
211	3	34	14	104	26	2	37
211	3	34	19	104	26	3	0
211	3	34	24	104	26	2	174
211	3	35	1	104	26	2	33
211	3	35	8	104	26	2	139
211	3	35	9	104	26	2	49
211	3	35	14	104	26	2	178
211	3	35	21	104	26	2	72
211	3	35	22	104	26	2	162
211	3	36	4	104	26	3	131
211	3	36	9	104	26	2	4
211	3	36	12	104	26	2	207
211	3	36	14	104	26	3	inf
211	3	36	16	104	26	3	inf
211	3	36	17	104	26	3	80
211	3	36	22	104	26	2	207
211	3	36	25	104	26	2	4
211	3	37	0	104	26	2	139
211	3	37	7	104	26	2	33
211	3	37	12	104	26	2	162
211	3	37	13	104	26	2	72
211	3	37	20	104	26	2	178
211	3	37	25	104	26	2	49
211	3	38	2	104	26	3	0
211	3	38	7	104	26	2	174
211	3	38	10	104	26	2	174
211	3	38	15	104	26	3	0
211	3	38	20	104	26	2	37
211	3	38	23	104	26	2	37
211	3	39	4	104	26	2	72
211	3	39	5	104	26	2	162
211	3	39	10	104	26	2	33
211	3	39	17	104	26	2	139
211	3	39	18	104	26	2	49
211	3	39	23	104	26	2	178
211	3	40	0	104	26	3	80
211	3	40	5	104	26	2	207
211	3	40	8	104	26	2	4
211	3	40	13	104	26	3	131
211	3	40	18	104	26	2	4
211	3	40	21	104	26	2	207
211	3	40	23	104	26	3	inf
211	3	40	25	104	26	3	inf
211	3	41	3	104	26	2	178
211	3	41	8	104	26	2	49
211	3	41	9	104	26	2	139
211	3	41	16	104	26	2	33
211	3	41	21	104	26	2	162
211	3	41	22	104	26	2	72
211	3	42	3	104	26	2	37
211	3	42	6	104	26	2	37
211	3	42	11	104	26	3	0
211	3	42	16	104	26	2	174
211	3	42	19	104	26	2	174
211	3	42	24	104	26	3	0
211	3	43	0	104	26	2	139
211	3	43	1	104	26	2	49
211	3	43	6	104	26	2	178
211	3	43	13	104	26	2	72
211	3	43	14	104	26	2	162
211	3	43	19	104	26	2	33
211	3	44	1	104	26	2	4
211	3	44	4	104	26	2	207
211	3	44	6	104	26	3	inf
211	3	44	8	104	26	3	inf
211	3	44	9	104	26	3	80
211	3	44	14	104	26	2	207
211	3	44	17	104	26	2	4
211	3	44	22	104	26	3	131
211	3	45	4	104	26	2	162
211	3	45	5	104	26	2	72
211	3	45	12	104	26	2	178
211	3	45	17	104	26	2	49
211	3	45	18	104	26	2	139
211	3	45	25	104	26	2	33
211	3	46	2	104	26	2	174
211	3	46	7	104	26	3	0
211	3	46	12	104	26	2	37
211	3	46	15	104	26	2	37
211	3	46	20	104	26	3	0
211	3	46	25	104	26	2	174
211	3	47	2	104	26	2	33
211	3	47	9	104	26	2	139
211	3	47	10	104	26	2	49
211	3	47	15	104	26	2	178
211	3	47	22	104	26	2	72
211	3	47	23	104	26	2	162
211	3	48	0	104	26	2	4
211	3	48	5	104	26	3	131
211	3	48	10	104	26	2	4
211	3	48	13	104	26	2	207
211	3	48	15	104	26	3	inf
211	3	48	17	104	26	3	inf
211	3	48	18	104	26	3	80
211	3	48	23	104	26	2	207
211	3	49	0	104	26	2	49
211	3	49	1	104	26	2	139
211	3	49	8	104	26	2	33
211	3	49	13	104	26	2	162
211	3	49	14	104	26	2	72
211	3	49	21	104	26	2	178
211	3	50	3	104	26	3	0
211	3	50	8	104	26	2	174
211	3	50	11	104	26	2	174
211	3	50	16	104	26	3	0
211	3	50	21	104	26	2	37
211	3	50	24	104	26	2	37
211	3	51	5	104	26	2	72
211	3	51	6	104	26	2	162
211	3	51	11	104	26	2	33
211	3	51	18	104	26	2	139
211	3	51	19	104	26	2	49
211	3	51	24	104	26	2	178
211	3	52	0	104	26	3	inf
211	3	52	1	104	26	3	80
211	3	52	6	104	26	2	207
211	3	52	9	104	26	2	4
211	3	52	14	104	26	3	131
211	3	52	19	104	26	2	4
211	3	52	22	104	26	2	207
211	3	52	24	104	26	3	inf
211	3	53	4	104	26	2	178
211	3	53	9	104	26	2	49
211	3	53	10	104	26	2	139
211	3	53	17	104	26	2	33
211	3	53	22	104	26	2	162
211	3	53	23	104	26	2	72
211	3	54	4	104	26	2	37
211	3	54	7	104	26	2	37
211	3	54	12	104	26	3	0
211	3	54	17	104	26	2	174
211	3	54	20	104	26	2	174
211	3	54	25	104	26	3	0
211	3	55	1	104	26	2	139
211	3	55	2	104	26	2	49
211	3	55	7	104	26	2	178
211	3	55	14	104	26	2	72
211	3	55	15	104	26	2	162
211	3	55	20	104	26	2	33
211	3	56	2	104	26	2	4
211	3	56	5	104	26	2	207
211	3	56	7	104	26	3	inf
211	3	56	9	104	26	3	inf
211	3	56	10	104	26	3	80
211	3	56	15	104	26	2	207
211	3	56	18	104	26	2	4
211	3	56	23	104	26	3	131
211	3	57	0	104	26	2	33
211	3	57	5	104	26	2	162
211	3	57	6	104	26	2	72
211	3	57	13	104	26	2	178
211	3	57	18	104	26	2	49
211	3	57	19	104	26	2	139
211	3	58	0	104	26	2	174
211	3	58	3	104	26	2	174
211	3	58	8	104	26	3	0
211	3	58	13	104	26	2	37
211	3	58	16	104	26	2	37
211	3	58	21	104	26	3	0
211	3	59	3	104	26	2	33
211	3	59	10	104	26	2	139
211	3	59	11	104	26	2	49
211	3	59	16	104	26	2	178
211	3	59	23	104	26	2	72
211	3	59	24	104	26	2	162
211	3	60	1	104	26	2	4
211	3	60	6	104	26	3	131
211	3	60	11	104	26	2	4
211	3	60	14	104	26	2	207
211	3	60	16	104	26	3	inf
211	3	60	18	104	26	3	inf
211	3	60	19	104	26	3	80
211	3	60	24	104	26	2	207
211	3	61	1	104	26	2	49
211	3	61	2	104	26	2	139
211	3	61	9	104	26	2	33
211	3	61	14	104	26	2	162
211	3	61	15	104	26	2	72
211	3	61	22	104	26	2	178
211	3	62	4	104	26	3	0
211	3	62	9	104	26	2	174
211	3	62	12	104	26	2	174
211	3	62	17	104	26	3	0
211	3	62	22	104	26	2	37
211	3	62	25	104	26	2	37
211	3	63	6	104	26	2	72
211	3	63	7	104	26	2	162
211	3	63	12	104	26	2	33
211	3	63	19	104	26	2	139
211	3	63	20	104	26	2	49
211	3	63	25	104	26	2	178
211	3	64	1	104	26	3	inf
211	3	64	2	104	26	3	80
211	3	64	7	104	26	2	207
211	3	64	10	104	26	2	4
211	3	64	15	104	26	3	131
211	3	64	20	104	26	2	4
211	3	64	23	104	26	2	207
211	3	64	25	104	26	3	inf
211	3	65	5	104	26	2	178
211	3	65	10	104	26	2	49
211	3	65	11	104	26	2	139
211	3	65	18	104	26	2	33
211	3	65	23	104	26	2	162
211	3	65	24	104	26	2	72
211	3	66	0	104	26	3	0
211	3	66	5	104	26	2	37
211	3	66	8	104	26	2	37
211	3	66	13	104	26	3	0
211	3	66	18	104	26	2	174
211	3	66	21	104	26	2	174
211	3	67	2	104	26	2	139
211	3	67	3	104	26	2	49
211	3	67	8	104	26	2	178
211	3	67	15	104	26	2	72
211	3	67	16	104	26	2	162
211	3	67	21	104	26	2	33
211	3	68	3	104	26	2	4
211	3	68	6	104	26	2	207
211	3	68	8	104	26	3	inf
211	3	68	10	104	26	3	inf
211	3	68	11	104	26	3	80
211	3	68	16	104	26	2	207
211	3	68	19	104	26	2	4
211	3	68	24	104	26	3	131
211	3	69	1	104	26	2	33
211	3	69	6	104	26	2	162
211	3	69	7	104	26	2	72
211	3	69	14	104	26	2	178
211	3	69	19	104	26	2	49
211	3	69	20	104	26	2	139
211	3	70	1	104	26	2	174
211	3	70	4	104	26	2	174
211	3	70	9	104	26	3	0
211	3	70	14	104	26	2	37
211	3	70	17	104	26	2	37
211	3	70	22	104	26	3	0
211	3	71	4	104	26	2	33
211	3	71	11	104	26	2	139
211	3	71	12	104	26	2	49
211	3	71	17	104	26	2	178
211	3	71	24	104	26	2	72
211	3	71	25	104	26	2	162
211	3	72	2	104	26	2	4
211	3	72	7	104	26	3	131
211	3	72	12	104	26	2	4
211	3	72	15	104	26	2	207
211	3	72	17	104	26	3	inf
211	3	72	19	104	26	3	inf
211	3	72	20	104	26	3	80
211	3	72	25	104	26	2	207
211	3	73	2	104	26	2	49
211	3	73	3	104	26	2	139
211	3	73	10	104	26	2	33
211	3	73	15	104	26	2	162
211	3	73	16	104	26	2	72
211	3	73	23	104	26	2	178
211	3	74	0	104	26	2	37
211	3	74	5	104	26	3	0
211	3	74	10	104	26	2	174
211	3	74	13	104	26	2	174
211	3	74	18	104	26	3	0
211	3	74	23	104	26	2	37
211	3	75	0	104	26	2	178
211	3	75	7	104	26	2	72
211	3	75	8	104	26	2	162
211	3	75	13	104	26	2	33
211	3	75	20	104	26	2	139
211	3	75	21	104	26	2	49
211	3	76	0	104	26	3	inf
211	3	76	2	104	26	3	inf
211	3	76	3	104	26	3	80
211	3	76	8	104	26	2	207
211	3	76	11	104	26	2	4
211	3	76	16	104	26	3	131
211	3	76	21	104	26	2	4
211	3	76	24	104	26	2	207
211	3	77	6	104	26	2	178
211	3	77	11	104	26	2	49
211	3	77	12	104	26	2	139
211	3	77	19	104	26	2	33
211	3	77	24	104	26	2	162
211	3	77	25	104	26	2	72
211	3	78	1	104	26	3	0
211	3	78	6	104	26	2	37
211	3	78	9	104	26	2	37
211	3	78	14	104	26	3	0
211	3	78	19	104	26	2	174
211	3	78	22	104	26	2	174
211	3	79	3	104	26	2	139
211	3	79	4	104	26	2	49
211	3	79	9	104	26	2	178
211	3	79	16	104	26	2	72
211	3	79	17	104	26	2	162
211	3	79	22	104	26	2	33
211	3	80	4	104	26	2	4
211	3	80	7	104	26	2	207
211	3	80	9	104	26	3	inf
211	3	80	11	104	26	3	inf
211	3	80	12	104	26	3	80
211	3	80	17	104	26	2	207
211	3	80	20	104	26	2	4
211	3	80	25	104	26	3	131
211	3	81	2	104	26	2	33
211	3	81	7	104	26	2	162
211	3	81	8	104	26	2	72
211	3	81	15	104	26	2	178
211	3	81	20	104	26	2	49
211	3	81	21	104	26	2	139
211	3	82	2	104	26	2	174
211	3	82	5	104	26	2	174
211	3	82	10	104	26	3	0
211	3	82	15	104	26	2	37
211	3	82	18	104	26	2	37
211	3	82	23	104	26	3	0
211	3	83	0	104	26	2	162
211	3	83	5	104	26	2	33
211	3	83	12	104	26	2	139
211	3	83	13	104	26	2	49
211	3	83	18	104	26	2	178
211	3	83	25	104	26	2	72
211	3	84	0	104	26	2	207
211	3	84	3	104	26	2	4
211	3	84	8	104	26	3	131
211	3	84	13	104	26	2	4
211	3	84	16	104	26	2	207
211	3	84	18	104	26	3	inf
211	3	84	20	104	26	3	inf
211	3	84	21	104	26	3	80
211	3	85	3	104	26	2	49
211	3	85	4	104	26	2	139
211	3	85	11	104	26	2	33
211	3	85	16	104	26	2	162
211	3	85	17	104	26	2	72
211	3	85	24	104	26	2	178
211	3	86	1	104	26	2	37
211	3	86	6	104	26	3	0
211	3	86	11	104	26	2	174
211	3	86	14	104	26	2	174
211	3	86	19	104	26	3	0
211	3	86	24	104	26	2	37
211	3	87	1	104	26	2	178
211	3	87	8	104	26	2	72
211	3	87	9	104	26	2	162
211	3	87	14	104	26	2	33
211	3	87	21	104	26	2	139
211	3	87	22	104	26	2	49
211	3	88	1	104	26	3	inf
211	3	88	3	104	26	3	inf
211	3	88	4	104	26	3	80
211	3	88	9	104	26	2	207
211	3	88	12	104	26	2	4
211	3	88	17	104	26	3	131
211	3	88	22	104	26	2	4
211	3	88	25	104	26	2	207
211	3	89	0	104	26	2	72
211	3	89	7	104	26	2	178
211	3	89	12	104	26	2	49
211	3	89	13	104	26	2	139
211	3	89	20	104	26	2	33
211	3	89	25	104	26	2	162
211	3	90	2	104	26	3	0
211	3	90	7	104	26	2	37
211	3	90	10	104	26	2	37
211	3	90	15	104	26	3	0
211	3	90	20	104	26	2	174
211	3	90	23	104	26	2	174
211	3	91	4	104	26	2	139
211	3	91	5	104	26	2	49
211	3	91	10	104	26	2	178
211	3	91	17	104	26	2	72
211	3	91	18	104	26	2	162
211	3	91	23	104	26	2	33
211	3	92	0	104	26	3	131
211	3	92	5	104	26	2	4
211	3	92	8	104	26	2	207
211	3	92	10	104	26	3	inf
211	3	92	12	104	26	3	inf
211	3	92	13	104	26	3	80
211	3	92	18	104	26	2	207
211	3	92	21	104	26	2	4
211	3	93	3	104	26	2	33
211	3	93	8	104	26	2	162
211	3	93	9	104	26	2	72
211	3	93	16	104	26	2	178
211	3	93	21	104	26	2	49
211	3	93	22	104	26	2	139
211	3	94	3	104	26	2	174
211	3	94	6	104	26	2	174
211	3	94	11	104	26	3	0
211	3	94	16	104	26	2	37
211	3	94	19	104	26	2	37
211	3	94	24	104	26	3	0
211	3	95	0	104	26	2	72
211	3	95	1	104	26	2	162
211	3	95	6	104	26	2	33
211	3	95	13	104	26	2	139
211	3	95	14	104	26	2	49
211	3	95	19	104	26	2	178
211	3	96	1	104	26	2	207
211	3	96	4	104	26	2	4
211	3	96	9	104	26	3	131
211	3	96	14	104	26	2	4
211	3	96	17	104	26	2	207
211	3	96	19	104	26	3	inf
211	3	96	21	104	26	3	inf
211	3	96	22	104	26	3	80
211	3	97	4	104	26	2	49
211	3	97	5	104	26	2	139
211	3	97	12	104	26	2	33
211	3	97	17	104	26	2	162
211	3	97	18	104	26	2	72
211	3	97	25	104	26	2	178
211	3	98	2	104	26	2	37
211	3	98	7	104	26	3	0
211	3	98	12	104	26	2	174
211	3	98	15	104	26	2	174
211	3	98	20	104	26	3	0
211	3	98	25	104	26	2	37
211	3	99	2	104	26	2	178
211	3	99	9	104	26	2	72
211	3	99	10	104	26	2	162
211	3	99	15	104	26	2	33
211	3	99	22	104	26	2	139
211	3	99	23	104	26	2	49
211	3	100	0	104	26	2	207
211	3	100	2	104	26	3	inf
211	3	100	4	104	26	3	inf
211	3	100	5	104	26	3	80
211	3	100	10	104	26	2	207
211	3	100	13	104	26	2	4
211	3	100	18	104	26	3	131
211	3	100	23	104	26	2	4
211	3	101	0	104	26	2	162
211	3	101	1	104	26	2	72
211	3	101	8	104	26	2	178
211	3	101	13	104	26	2	49
211	3	101	14	104	26	2	139
211	3	101	21	104	26	2	33
211	3	102	3	104	26	3	0
211	3	102	8	104	26	2	37
211	3	102	11	104	26	2	37
211	3	102	16	104	26	3	0
211	3	102	21	104	26	2	174
211	3	102	24	104	26	2	174
211	3	103	5	104	26	2	139
211	3	103	6	104	26	2	49
211	3	103	11	104	26	2	178
211	3	103	18	104	26	2	72
211	3	103	19	104	26	2	162
211	3	103	24	104	26	2	33
211	4	0	1	104	26	3	inf
211	4	0	14	104	26	3	inf
211	4	1	5	104	26	2	112
211	4	1	12	104	26	2	87
211	4	1	18	104	26	2	99
211	4	1	25	104	26	2	124
211	4	2	0	104	26	2	76
211	4	2	3	104	26	2	166
211	4	2	4	104	26	2	31
211	4	2	5	104	26	2	66
211	4	2	6	104	26	2	145
211	4	2	7	104	26	2	180
211	4	2	8	104	26	2	45
211	4	2	11	104	26	2	135
211	4	2	13	104	26	2	135
211	4	2	16	104	26	2	45
211	4	2	17	104	26	2	180
211	4	2	18	104	26	2	145
211	4	2	19	104	26	2	66
211	4	2	20	104	26	2	31
211	4	2	21	104	26	2	166
211	4	2	24	104	26	2	76
211	4	3	6	104	26	2	99
211	4	3	12	104	26	2	87
211	4	3	19	104	26	2	112
211	4	3	25	104	26	2	124
211	4	4	10	104	26	3	inf
211	4	4	23	104	26	3	inf
211	4	5	1	104	26	2	99
211	4	5	8	104	26	2	124
211	4	5	14	104	26	2	112
211	4	5	21	104	26	2	87
211	4	6	0	104	26	2	180
211	4	6	1	104	26	2	145
211	4	6	2	104	26	2	66
211	4	6	3	104	26	2	31
211	4	6	4	104	26	2	166
211	4	6	7	104	26	2	76
211	4	6	9	104	26	2	76
211	4	6	12	104	26	2	166
211	4	6	13	104	26	2	31
211	4	6	14	104	26	2	66
211	4	6	15	104	26	2	145
211	4	6	16	104	26	2	180
211	4	6	17	104	26	2	45
211	4	6	20	104	26	2	135
211	4	6	22	104	26	2	135
211	4	6	25	104	26	2	45
211	4	7	2	104	26	2	112
211	4	7	8	104	26	2	124
211	4	7	15	104	26	2	99
211	4	7	21	104	26	2	87
211	4	8	6	104	26	3	inf
211	4	8	19	104	26	3	inf
211	4	9	4	104	26	2	87
211	4	9	10	104	26	2	99
211	4	9	17	104	26	2	124
211	4	9	23	104	26	2	112
211	4	10	0	104	26	2	45
211	4	10	3	104	26	2	135
211	4	10	5	104	26	2	135
211	4	10	8	104	26	2	45
211	4	10	9	104	26	2	180
211	4	10	10	104	26	2	145
211	4	10	11	104	26	2	66
211	4	10	12	104	26	2	31
211	4	10	13	104	26	2	166
211	4	10	16	104	26	2	76
211	4	10	18	104	26	2	76
211	4	10	21	104	26	2	166
211	4	10	22	104	26	2	31
211	4	10	23	104	26	2	66
211	4	10	24	104	26	2	145
211	4	10	25	104	26	2	180
211	4	11	4	104	26	2	87
211	4	11	11	104	26	2	112
211	4	11	17	104	26	2	124
211	4	11	24	104	26	2	99
211	4	12	2	104	26	3	inf
211	4	12	15	104	26	3	inf
211	4	13	0	104	26	2	124
211	4	13	6	104	26	2	112
211	4	13	13	104	26	2	87
211	4	13	19	104	26	2	99
211	4	14	1	104	26	2	76
211	4	14	4	104	26	2	166
211	4	14	5	104	26	2	31
211	4	14	6	104	26	2	66
211	4	14	7	104	26	2	145
211	4	14	8	104	26	2	180
211	4	14	9	104	26	2	45
211	4	14	12	104	26	2	135
211	4	14	14	104	26	2	135
211	4	14	17	104	26	2	45
211	4	14	18	104	26	2	180
211	4	14	19	104	26	2	145
211	4	14	20	104	26	2	66
211	4	14	21	104	26	2	31
211	4	14	22	104	26	2	166
211	4	14	25	104	26	2	76
211	4	15	0	104	26	2	124
211	4	15	7	104	26	2	99
211	4	15	13	104	26	2	87
211	4	15	20	104	26	2	112
211	4	16	11	104	26	3	inf
211	4	16	24	104	26	3	inf
211	4	17	2	104	26	2	99
211	4	17	9	104	26	2	124
211	4	17	15	104	26	2	112
211	4	17	22	104	26	2	87
211	4	18	0	104	26	2	45
211	4	18	1	104	26	2	180
211	4	18	2	104	26	2	145
211	4	18	3	104	26	2	66
211	4	18	4	104	26	2	31
211	4	18	5	104	26	2	166
211	4	18	8	104	26	2	76
211	4	18	10	104	26	2	76
211	4	18	13	104	26	2	166
211	4	18	14	104	26	2	31
211	4	18	15	104	26	2	66
211	4	18	16	104	26	2	145
211	4	18	17	104	26	2	180
211	4	18	18	104	26	2	45
211	4	18	21	104	26	2	135
211	4	18	23	104	26	2	135
211	4	19	3	104	26	2	112
211	4	19	9	104	26	2	124
211	4	19	16	104	26	2	99
211	4	19	22	104	26	2	87
211	4	20	7	104	26	3	inf
211	4	20	20	104	26	3	inf
211	4	21	5	104	26	2	87
211	4	21	11	104	26	2	99
211	4	21	18	104	26	2	124
211	4	21	24	104	26	2	112
211	4	22	0	104	26	2	180
211	4	22	1	104	26	2	45
211	4	22	4	104	26	2	135
211	4	22	6	104	26	2	135
211	4	22	9	104	26	2	45
211	4	22	10	104	26	2	180
211	4	22	11	104	26	2	145
211	4	22	12	104	26	2	66
211	4	22	13	104	26	2	31
211	4	22	14	104	26	2	166
211	4	22	17	104	26	2	76
211	4	22	19	104	26	2	76
211	4	22	22	104	26	2	166
211	4	22	23	104	26	2	31
211	4	22	24	104	26	2	66
211	4	22	25	104	26	2	145
211	4	23	5	104	26	2	87
211	4	23	12	104	26	2	112
211	4	23	18	104	26	2	124
211	4	23	25	104	26	2	99
211	4	24	3	104	26	3	inf
211	4	24	16	104	26	3	inf
211	4	25	1	104	26	2	124
211	4	25	7	104	26	2	112
211	4	25	14	104	26	2	87
211	4	25	20	104	26	2	99
211	4	26	0	104	26	2	76
211	4	26	2	104	26	2	76
211	4	26	5	104	26	2	166
211	4	26	6	104	26	2	31
211	4	26	7	104	26	2	66
211	4	26	8	104	26	2	145
211	4	26	9	104	26	2	180
211	4	26	10	104	26	2	45
211	4	26	13	104	26	2	135
211	4	26	15	104	26	2	135
211	4	26	18	104	26	2	45
211	4	26	19	104	26	2	180
211	4	26	20	104	26	2	145
211	4	26	21	104	26	2	66
211	4	26	22	104	26	2	31
211	4	26	23	104	26	2	166
211	4	27	1	104	26	2	124
211	4	27	8	104	26	2	99
211	4	27	14	104	26	2	87
211	4	27	21	104	26	2	112
211	4	28	12	104	26	3	inf
211	4	28	25	104	26	3	inf
211	4	29	3	104	26	2	99
211	4	29	10	104	26	2	124
211	4	29	16	104	26	2	112
211	4	29	23	104	26	2	87
211	4	30	1	104	26	2	45
211	4	30	2	104	26	2	180
211	4	30	3	104	26	2	145
211	4	30	4	104	26	2	66
211	4	30	5	104	26	2	31
211	4	30	6	104	26	2	166
211	4	30	9	104	26	2	76
211	4	30	11	104	26	2	76
211	4	30	14	104	26	2	166
211	4	30	15	104	26	2	31
211	4	30	16	104	26	2	66
211	4	30	17	104	26	2	145
211	4	30	18	104	26	2	180
211	4	30	19	104	26	2	45
211	4	30	22	104	26	2	135
211	4	30	24	104	26	2	135
211	4	31	4	104	26	2	112
211	4	31	10	104	26	2	124
211	4	31	17	104	26	2	99
211	4	31	23	104	26	2	87
211	4	32	8	104	26	3	inf
211	4	32	21	104	26	3	inf
211	4	33	6	104	26	2	87
211	4	33	12	104	26	2	99
211	4	33	19	104	26	2	124
211	4	33	25	104	26	2	112
211	4	34	0	104	26	2	145
211	4	34	1	104	26	2	180
211	4	34	2	104	26	2	45
211	4	34	5	104	26	2	135
211	4	34	7	104	26	2	135
211	4	34	10	104	26	2	45
211	4	34	11	104	26	2	180
211	4	34	12	104	26	2	145
211	4	34	13	104	26	2	66
211	4	34	14	104	26	2	31
211	4	34	15	104	26	2	166
211	4	34	18	104	26	2	76
211	4	34	20	104	26	2	76
211	4	34	23	104	26	2	166
211	4	34	24	104	26	2	31
211	4	34	25	104	26	2	66
211	4	35	0	104	26	2	99
211	4	35	6	104	26	2	87
211	4	35	13	104	26	2	112
211	4	35	19	104	26	2	124
211	4	36	4	104	26	3	inf
211	4	36	17	104	26	3	inf
211	4	37	2	104	26	2	124
211	4	37	8	104	26	2	112
211	4	37	15	104	26	2	87
211	4	37	21	104	26	2	99
211	4	38	1	104	26	2	76
211	4	38	3	104	26	2	76
211	4	38	6	104	26	2	166
211	4	38	7	104	26	2	31
211	4	38	8	104	26	2	66
211	4	38	9	104	26	2	145
211	4	38	10	104	26	2	180
211	4	38	11	104	26	2	45
211	4	38	14	104	26	2	135
211	4	38	16	104	26	2	135
211	4	38	19	104	26	2	45
211	4	38	20	104	26	2	180
211	4	38	21	104	26	2	145
211	4	38	22	104	26	2	66
211	4	38	23	104	26	2	31
211	4	38	24	104	26	2	166
211	4	39	2	104	26	2	124
211	4	39	9	104	26	2	99
211	4	39	15	104	26	2	87
211	4	39	22	104	26	2	112
211	4	40	0	104	26	3	inf
211	4	40	13	104	26	3	inf
211	4	41	4	104	26	2	99
211	4	41	11	104	26	2	124
211	4	41	17	104	26	2	112
211	4	41	24	104	26	2	87
211	4	42	2	104	26	2	45
211	4	42	3	104	26	2	180
211	4	42	4	104	26	2	145
211	4	42	5	104	26	2	66
211	4	42	6	104	26	2	31
211	4	42	7	104	26	2	166
211	4	42	10	104	26	2	76
211	4	42	12	104	26	2	76
211	4	42	15	104	26	2	166
211	4	42	16	104	26	2	31
211	4	42	17	104	26	2	66
211	4	42	18	104	26	2	145
211	4	42	19	104	26	2	180
211	4	42	20	104	26	2	45
211	4	42	23	104	26	2	135
211	4	42	25	104	26	2	135
211	4	43	5	104	26	2	112
211	4	43	11	104	26	2	124
211	4	43	18	104	26	2	99
211	4	43	24	104	26	2	87
211	4	44	9	104	26	3	inf
211	4	44	22	104	26	3	inf
211	4	45	0	104	26	2	112
211	4	45	7	104	26	2	87
211	4	45	13	104	26	2	99
211	4	45	20	104	26	2	124
211	4	46	0	104	26	2	66
211	4	46	1	104	26	2	145
211	4	46	2	104	26	2	180
211	4	46	3	104	26	2	45
211	4	46	6	104	26	2	135
211	4	46	8	104	26	2	135
211	4	46	11	104	26	2	45
211	4	46	12	104	26	2	180
211	4	46	13	104	26	2	145
211	4	46	14	104	26	2	66
211	4	46	15	104	26	2	31
211	4	46	16	104	26	2	166
211	4	46	19	104	26	2	76
211	4	46	21	104	26	2	76
211	4	46	24	104	26	2	166
211	4	46	25	104	26	2	31
211	4	47	1	104	26	2	99
211	4	47	7	104	26	2	87
211	4	47	14	104	26	2	112
211	4	47	20	104	26	2	124
211	4	48	5	104	26	3	inf
211	4	48	18	104	26	3	inf
211	4	49	3	104	26	2	124
211	4	49	9	104	26	2	112
211	4	49	16	104	26	2	87
211	4	49	22	104	26	2	99
211	4	50	2	104	26	2	76
211	4	50	4	104	26	2	76
211	4	50	7	104	26	2	166
211	4	50	8	104	26	2	31
211	4	50	9	104	26	2	66
211	4	50	10	104	26	2	145
211	4	50	11	104	26	2	180
211	4	50	12	104	26	2	45
211	4	50	15	104	26	2	135
211	4	50	17	104	26	2	135
211	4	50	20	104	26	2	45
211	4	50	21	104	26	2	180
211	4	50	22	104	26	2	145
211	4	50	23	104	26	2	66
211	4	50	24	104	26	2	31
211	4	50	25	104	26	2	166
211	4	51	3	104	26	2	124
211	4	51	10	104	26	2	99
211	4	51	16	104	26	2	87
211	4	51	23	104	26	2	112
211	4	52	1	104	26	3	inf
211	4	52	14	104	26	3	inf
211	4	53	5	104	26	2	99
211	4	53	12	104	26	2	124
211	4	53	18	104	26	2	112
211	4	53	25	104	26	2	87
211	4	54	0	104	26	2	135
211	4	54	3	104	26	2	45
211	4	54	4	104	26	2	180
211	4	54	5	104	26	2	145
211	4	54	6	104	26	2	66
211	4	54	7	104	26	2	31
211	4	54	8	104	26	2	166
211	4	54	11	104	26	2	76
211	4	54	13	104	26	2	76
211	4	54	16	104	26	2	166
211	4	54	17	104	26	2	31
211	4	54	18	104	26	2	66
211	4	54	19	104	26	2	145
211	4	54	20	104	26	2	180
211	4	54	21	104	26	2	45
211	4	54	24	104	26	2	135
211	4	55	6	104	26	2	112
211	4	55	12	104	26	2	124
211	4	55	19	104	26	2	99
211	4	55	25	104	26	2	87
211	4	56	10	104	26	3	inf
211	4	56	23	104	26	3	inf
211	4	57	1	104	26	2	112
211	4	57	8	104	26	2	87
211	4	57	14	104	26	2	99
211	4	57	21	104	26	2	124
211	4	58	0	104	26	2	31
211	4	58	1	104	26	2	66
211	4	58	2	104	26	2	145
211	4	58	3	104	26	2	180
211	4	58	4	104	26	2	45
211	4	58	7	104	26	2	135
211	4	58	9	104	26	2	135
211	4	58	12	104	26	2	45
211	4	58	13	104	26	2	180
211	4	58	14	104	26	2	145
211	4	58	15	104	26	2	66
211	4	58	16	104	26	2	31
211	4	58	17	104	26	2	166
211	4	58	20	104	26	2	76
211	4	58	22	104	26	2	76
211	4	58	25	104	26	2	166
211	4	59	2	104	26	2	99
211	4	59	8	104	26	2	87
211	4	59	15	104	26	2	112
211	4	59	21	104	26	2	124
211	4	60	6	104	26	3	inf
211	4	60	19	104	26	3	inf
211	4	61	4	104	26	2	124
211	4	61	10	104	26	2	112
211	4	61	17	104	26	2	87
211	4	61	23	104	26	2	99
211	4	62	0	104	26	2	166
211	4	62	3	104	26	2	76
211	4	62	5	104	26	2	76
211	4	62	8	104	26	2	166
211	4	62	9	104	26	2	31
211	4	62	10	104	26	2	66
211	4	62	11	104	26	2	145
211	4	62	12	104	26	2	180
211	4	62	13	104	26	2	45
211	4	62	16	104	26	2	135
211	4	62	18	104	26	2	135
211	4	62	21	104	26	2	45
211	4	62	22	104	26	2	180
211	4	62	23	104	26	2	145
211	4	62	24	104	26	2	66
211	4	62	25	104	26	2	31
211	4	63	4	104	26	2	124
211	4	63	11	104	26	2	99
211	4	63	17	104	26	2	87
211	4	63	24	104	26	2	112
211	4	64	2	104	26	3	inf
211	4	64	15	104	26	3	inf
211	4	65	0	104	26	2	87
211	4	65	6	104	26	2	99
211	4	65	13	104	26	2	124
211	4	65	19	104	26	2	112
211	4	66	1	104	26	2	135
211	4	66	4	104	26	2	45
211	4	66	5	104	26	2	180
211	4	66	6	104	26	2	145
211	4	66	7	104	26	2	66
211	4	66	8	104	26	2	31
211	4	66	9	104	26	2	166
211	4	66	12	104	26	2	76
211	4	66	14	104	26	2	76
211	4	66	17	104	26	2	166
211	4	66	18	104	26	2	31
211	4	66	19	104	26	2	66
211	4	66	20	104	26	2	145
211	4	66	21	104	26	2	180
211	4	66	22	104	26	2	45
211	4	66	25	104	26	2	135
211	4	67	0	104	26	2	87
211	4	67	7	104	26	2	112
211	4	67	13	104	26	2	124
211	4	67	20	104	26	2	99
211	4	68	11	104	26	3	inf
211	4	68	24	104	26	3	inf
211	4	69	2	104	26	2	112
211	4	69	9	104	26	2	87
211	4	69	15	104	26	2	99
211	4	69	22	104	26	2	124
211	4	70	0	104	26	2	166
211	4	70	1	104	26	2	31
211	4	70	2	104	26	2	66
211	4	70	3	104	26	2	145
211	4	70	4	104	26	2	180
211	4	70	5	104	26	2	45
211	4	70	8	104	26	2	135
211	4	70	10	104	26	2	135
211	4	70	13	104	26	2	45
211	4	70	14	104	26	2	180
211	4	70	15	104	26	2	145
211	4	70	16	104	26	2	66
211	4	70	17	104	26	2	31
211	4	70	18	104	26	2	166
211	4	70	21	104	26	2	76
211	4	70	23	104	26	2	76
211	4	71	3	104	26	2	99
211	4	71	9	104	26	2	87
211	4	71	16	104	26	2	112
211	4	71	22	104	26	2	124
211	4	72	7	104	26	3	inf
211	4	72	20	104	26	3	inf
211	4	73	5	104	26	2	124
211	4	73	11	104	26	2	112
211	4	73	18	104	26	2	87
211	4	73	24	104	26	2	99
211	4	74	0	104	26	2	31
211	4	74	1	104	26	2	166
211	4	74	4	104	26	2	76
211	4	74	6	104	26	2	76
211	4	74	9	104	26	2	166
211	4	74	10	104	26	2	31
211	4	74	11	104	26	2	66
211	4	74	12	104	26	2	145
211	4	74	13	104	26	2	180
211	4	74	14	104	26	2	45
211	4	74	17	104	26	2	135
211	4	74	19	104	26	2	135
211	4	74	22	104	26	2	45
211	4	74	23	104	26	2	180
211	4	74	24	104	26	2	145
211	4	74	25	104	26	2	66
211	4	75	5	104	26	2	124
211	4	75	12	104	26	2	99
211	4	75	18	104	26	2	87
211	4	75	25	104	26	2	112
211	4	76	3	104	26	3	inf
211	4	76	16	104	26	3	inf
211	4	77	1	104	26	2	87
211	4	77	7	104	26	2	99
211	4	77	14	104	26	2	124
211	4	77	20	104	26	2	112
211	4	78	0	104	26	2	135
211	4	78	2	104	26	2	135
211	4	78	5	104	26	2	45
211	4	78	6	104	26	2	180
211	4	78	7	104	26	2	145
211	4	78	8	104	26	2	66
211	4	78	9	104	26	2	31
211	4	78	10	104	26	2	166
211	4	78	13	104	26	2	76
211	4	78	15	104	26	2	76
211	4	78	18	104	26	2	166
211	4	78	19	104	26	2	31
211	4	78	20	104	26	2	66
211	4	78	21	104	26	2	145
211	4	78	22	104	26	2	180
211	4	78	23	104	26	2	45
211	4	79	1	104	26	2	87
211	4	79	8	104	26	2	112
211	4	79	14	104	26	2	124
211	4	79	21	104	26	2	99
211	4	80	12	104	26	3	inf
211	4	80	25	104	26	3	inf
211	4	81	3	104	26	2	112
211	4	81	10	104	26	2	87
211	4	81	16	104	26	2	99
211	4	81	23	104	26	2	124
211	4	82	1	104	26	2	166
211	4	82	2	104	26	2	31
211	4	82	3	104	26	2	66
211	4	82	4	104	26	2	145
211	4	82	5	104	26	2	180
211	4	82	6	104	26	2	45
211	4	82	9	104	26	2	135
211	4	82	11	104	26	2	135
211	4	82	14	104	26	2	45
211	4	82	15	104	26	2	180
211	4	82	16	104	26	2	145
211	4	82	17	104	26	2	66
211	4	82	18	104	26	2	31
211	4	82	19	104	26	2	166
211	4	82	22	104	26	2	76
211	4	82	24	104	26	2	76
211	4	83	4	104	26	2	99
211	4	83	10	104	26	2	87
211	4	83	17	104	26	2	112
211	4	83	23	104	26	2	124
211	4	84	8	104	26	3	inf
211	4	84	21	104	26	3	inf
211	4	85	6	104	26	2	124
211	4	85	12	104	26	2	112
211	4	85	19	104	26	2	87
211	4	85	25	104	26	2	99
211	4	86	0	104	26	2	66
211	4	86	1	104	26	2	31
211	4	86	2	104	26	2	166
211	4	86	5	104	26	2	76
211	4	86	7	104	26	2	76
211	4	86	10	104	26	2	166
211	4	86	11	104	26	2	31
211	4	86	12	104	26	2	66
211	4	86	13	104	26	2	145
211	4	86	14	104	26	2	180
211	4	86	15	104	26	2	45
211	4	86	18	104	26	2	135
211	4	86	20	104	26	2	135
211	4	86	23	104	26	2	45
211	4	86	24	104	26	2	180
211	4	86	25	104	26	2	145
211	4	87	0	104	26	2	112
211	4	87	6	104	26	2	124
211	4	87	13	104	26	2	99
211	4	87	19	104	26	2	87
211	4	88	4	104	26	3	inf
211	4	88	17	104	26	3	inf
211	4	89	2	104	26	2	87
211	4	89	8	104	26	2	99
211	4	89	15	104	26	2	124
211	4	89	21	104	26	2	112
211	4	90	1	104	26	2	135
211	4	90	3	104	26	2	135
211	4	90	6	104	26	2	45
211	4	90	7	104	26	2	180
211	4	90	8	104	26	2	145
211	4	90	9	104	26	2	66
211	4	90	10	104	26	2	31
211	4	90	11	104	26	2	166
211	4	90	14	104	26	2	76
211	4	90	16	104	26	2	76
211	4	90	19	104	26	2	166
211	4	90	20	104	26	2	31
211	4	90	21	104	26	2	66
211	4	90	22	104	26	2	145
211	4	90	23	104	26	2	180
211	4	90	24	104	26	2	45
211	4	91	2	104	26	2	87
211	4	91	9	104	26	2	112
211	4	91	15	104	26	2	124
211	4	91	22	104	26	2	99
211	4	92	0	104	26	3	inf
211	4	92	13	104	26	3	inf
211	4	93	4	104	26	2	112
211	4	93	11	104	26	2	87
211	4	93	17	104	26	2	99
211	4	93	24	104	26	2	124
211	4	94	2	104	26	2	166
211	4	94	3	104	26	2	31
211	4	94	4	104	26	2	66
211	4	94	5	104	26	2	145
211	4	94	6	104	26	2	180
211	4	94	7	104	26	2	45
211	4	94	10	104	26	2	135
211	4	94	12	104	26	2	135
211	4	94	15	104	26	2	45
211	4	94	16	104	26	2	180
211	4	94	17	104	26	2	145
211	4	94	18	104	26	2	66
211	4	94	19	104	26	2	31
211	4	94	20	104	26	2	166
211	4	94	23	104	26	2	76
211	4	94	25	104	26	2	76
211	4	95	5	104	26	2	99
211	4	95	11	104	26	2	87
211	4	95	18	104	26	2	112
211	4	95	24	104	26	2	124
211	4	96	9	104	26	3	inf
211	4	96	22	104	26	3	inf
211	4	97	0	104	26	2	99
211	4	97	7	104	26	2	124
211	4	97	13	104	26	2	112
211	4	97	20	104	26	2	87
211	4	98	0	104	26	2	145
211	4	98	1	104	26	2	66
211	4	98	2	104	26	2	31
211	4	98	3	104	26	2	166
211	4	98	6	104	26	2	76
211	4	98	8	104	26	2	76
211	4	98	11	104	26	2	166
211	4	98	12	104	26	2	31
211	4	98	13	104	26	2	66
211	4	98	14	104	26	2	145
211	4	98	15	104	26	2	180
211	4	98	16	104	26	2	45
211	4	98	19	104	26	2	135
211	4	98	21	104	26	2	135
211	4	98	24	104	26	2	45
211	4	98	25	104	26	2	180
211	4	99	1	104	26	2	112
211	4	99	7	104	26	2	124
211	4	99	14	104	26	2	99
211	4	99	20	104	26	2	87
211	4	100	5	104	26	3	inf
211	4	100	18	104	26	3	inf
211	4	101	3	104	26	2	87
211	4	101	9	104	26	2	99
211	4	101	16	104	26	2	124
211	4	101	22	104	26	2	112
211	4	102	2	104	26	2	135
211	4	102	4	104	26	2	135
211	4	102	7	104	26	2	45
211	4	102	8	104	26	2	180
211	4	102	9	104	26	2	145
211	4	102	10	104	26	2	66
211	4	102	11	104	26	2	31
211	4	102	12	104	26	2	166
211	4	102	15	104	26	2	76
211	4	102	17	104	26	2	76
211	4	102	20	104	26	2	166
211	4	102	21	104	26	2	31
211	4	102	22	104	26	2	66
211	4	102	23	104	26	2	145
211	4	102	24	104	26	2	180
211	4	102	25	104	26	2	45
211	4	103	3	104	26	2	87
211	4	103	10	104	26	2	112
211	4	103	16	104	26	2	124
211	4	103	23	104	26	2	99
223	1	0	0	56	7	3	inf
223	1	0	2	56	7	2	103
223	1	0	5	56	7	3	inf
223	1	1	0	56	7	3	14
223	1	1	1	56	7	2	222
223	1	1	4	56	7	2	39
223	1	2	0	56	7	3	0
223	1	2	2	56	7	2	56
223	1	2	5	56	7	2	167
223	1	3	0	56	7	3	209
223	1	3	3	56	7	2	184
223	1	3	6	56	7	2	1
223	1	4	0	56	7	2	120
223	1	4	5	56	7	2	120
223	1	5	2	56	7	2	184
223	1	5	5	56	7	3	209
223	1	5	6	56	7	2	1
223	1	6	0	56	7	2	167
223	1	6	3	56	7	2	56
223	1	6	5	56	7	3	0
223	1	7	1	56	7	2	39
223	1	7	4	56	7	2	222
223	1	7	5	56	7	3	14
223	1	8	1	56	7	3	inf
223	1	8	3	56	7	3	inf
223	1	8	5	56	7	2	103
223	1	9	0	56	7	2	39
223	1	9	3	56	7	3	14
223	1	9	4	56	7	2	222
223	1	10	1	56	7	2	167
223	1	10	3	56	7	3	0
223	1	10	5	56	7	2	56
223	1	11	2	56	7	2	1
223	1	11	3	56	7	3	209
223	1	11	6	56	7	2	184
223	1	12	1	56	7	2	120
223	1	12	3	56	7	2	120
223	1	13	1	56	7	3	209
223	1	13	2	56	7	2	1
223	1	13	5	56	7	2	184
223	1	14	1	56	7	3	0
223	1	14	3	56	7	2	167
223	1	14	6	56	7	2	56
223	1	15	0	56	7	2	222
223	1	15	1	56	7	3	14
223	1	15	4	56	7	2	39
223	1	16	1	56	7	2	103
223	1	16	4	56	7	3	inf
223	1	16	6	56	7	3	inf
223	1	17	0	56	7	2	222
223	1	17	3	56	7	2	39
223	1	17	6	56	7	3	14
223	1	18	1	56	7	2	56
223	1	18	4	56	7	2	167
223	1	18	6	56	7	3	0
223	1	19	2	56	7	2	184
223	1	19	5	56	7	2	1
223	1	19	6	56	7	3	209
223	1	20	4	56	7	2	120
223	1	20	6	56	7	2	120
223	1	21	1	56	7	2	184
223	1	21	4	56	7	3	209
223	1	21	5	56	7	2	1
223	1	22	2	56	7	2	56
223	1	22	4	56	7	3	0
223	1	22	6	56	7	2	167
223	1	23	0	56	7	2	39
223	1	23	3	56	7	2	222
223	1	23	4	56	7	3	14
223	1	24	0	56	7	3	inf
223	1	24	2	56	7	3	inf
223	1	24	4	56	7	2	103
223	1	25	2	56	7	3	14
223	1	25	3	56	7	2	222
223	1	25	6	56	7	2	39
223	1	26	0	56	7	2	167
223	1	26	2	56	7	3	0
223	1	26	4	56	7	2	56
223	1	27	1	56	7	2	1
223	1	27	2	56	7	3	209
223	1	27	5	56	7	2	184
223	1	28	0	56	7	2	120
223	1	28	2	56	7	2	120
223	1	29	0	56	7	3	209
223	1	29	1	56	7	2	1
223	1	29	4	56	7	2	184
223	1	30	0	56	7	3	0
223	1	30	2	56	7	2	167
223	1	30	5	56	7	2	56
223	1	31	0	56	7	3	14
223	1	31	3	56	7	2	39
223	1	31	6	56	7	2	222
223	1	32	0	56	7	2	103
223	1	32	3	56	7	3	inf
223	1	32	5	56	7	3	inf
223	1	33	2	56	7	2	39
223	1	33	5	56	7	3	14
223	1	33	6	56	7	2	222
223	1	34	0	56	7	2	56
223	1	34	3	56	7	2	167
223	1	34	5	56	7	3	0
223	1	35	1	56	7	2	184
223	1	35	4	56	7	2	1
223	1	35	5	56	7	3	209
223	1	36	3	56	7	2	120
223	1	36	5	56	7	2	120
223	1	37	0	56	7	2	184
223	1	37	3	56	7	3	209
223	1	37	4	56	7	2	1
223	1	38	1	56	7	2	56
223	1	38	3	56	7	3	0
223	1	38	5	56	7	2	167
223	1	39	2	56	7	2	222
223	1	39	3	56	7	3	14
223	1	39	6	56	7	2	39
223	1	40	1	56	7	3	inf
223	1	40	3	56	7	2	103
223	1	40	6	56	7	3	inf
223	1	41	1	56	7	3	14
223	1	41	2	56	7	2	222
223	1	41	5	56	7	2	39
223	1	42	1	56	7	3	0
223	1	42	3	56	7	2	56
223	1	42	6	56	7	2	167
223	1	43	0	56	7	2	1
223	1	43	1	56	7	3	209
223	1	43	4	56	7	2	184
223	1	44	1	56	7	2	120
223	1	44	6	56	7	2	120
223	1	45	0	56	7	2	1
223	1	45	3	56	7	2	184
223	1	45	6	56	7	3	209
223	1	46	1	56	7	2	167
223	1	46	4	56	7	2	56
223	1	46	6	56	7	3	0
223	1	47	2	56	7	2	39
223	1	47	5	56	7	2	222
223	1	47	6	56	7	3	14
223	1	48	2	56	7	3	inf
223	1	48	4	56	7	3	inf
223	1	48	6	56	7	2	103
223	1	49	1	56	7	2	39
223	1	49	4	56	7	3	14
223	1	49	5	56	7	2	222
223	1	50	2	56	7	2	167
223	1	50	4	56	7	3	0
223	1	50	6	56	7	2	56
223	1	51	0	56	7	2	184
223	1	51	3	56	7	2	1
223	1	51	4	56	7	3	209
223	1	52	2	56	7	2	120
223	1	52	4	56	7	2	120
223	1	53	2	56	7	3	209
223	1	53	3	56	7	2	1
223	1	53	6	56	7	2	184
223	1	54	0	56	7	2	56
223	1	54	2	56	7	3	0
223	1	54	4	56	7	2	167
223	1	55	1	56	7	2	222
223	1	55	2	56	7	3	14
223	1	55	5	56	7	2	39
223	2	0	1	56	7	3	inf
223	2	1	6	56	7	2	200
223	2	3	1	56	7	2	200
223	2	4	6	56	7	3	inf
223	2	5	4	56	7	2	23
223	2	7	6	56	7	2	23
223	2	8	4	56	7	3	inf
223	2	9	2	56	7	2	200
223	2	11	4	56	7	2	200
223	2	12	2	56	7	3	inf
223	2	13	0	56	7	2	23
223	2	15	2	56	7	2	23
223	2	16	0	56	7	3	inf
223	2	17	5	56	7	2	200
223	2	19	0	56	7	2	200
223	2	20	5	56	7	3	inf
223	2	21	3	56	7	2	23
223	2	23	5	56	7	2	23
223	2	24	3	56	7	3	inf
223	2	25	1	56	7	2	200
223	2	27	3	56	7	2	200
223	2	28	1	56	7	3	inf
223	2	29	6	56	7	2	23
223	2	31	1	56	7	2	23
223	2	32	6	56	7	3	inf
223	2	33	4	56	7	2	200
223	2	35	6	56	7	2	200
223	2	36	4	56	7	3	inf
223	2	37	2	56	7	2	23
223	2	39	4	56	7	2	23
223	2	40	2	56	7	3	inf
223	2	41	0	56	7	2	200
223	2	43	2	56	7	2	200
223	2	44	0	56	7	3	inf
223	2	45	5	56	7	2	23
223	2	47	0	56	7	2	23
223	2	48	5	56	7	3	inf
223	2	49	3	56	7	2	200
223	2	51	5	56	7	2	200
223	2	52	3	56	7	3	inf
223	2	53	1	56	7	2	23
223	2	55	3	56	7	2	23
223	3	0	0	56	7	2	120
223	3	0	2	56	7	2	120
223	3	1	0	56	7	3	209
223	3	1	1	56	7	2	1
223	3	1	4	56	7	2	184
223	3	2	0	56	7	3	0
223	3	2	2	56	7	2	167
223	3	2	5	56	7	2	56
223	3	3	0	56	7	3	14
223	3	3	3	56	7	2	39
223	3	3	6	56	7	2	222
223	3	4	0	56	7	2	103
223	3	4	3	56	7	3	inf
223	3	4	5	56	7	3	inf
223	3	5	2	56	7	2	39
223	3	5	5	56	7	3	14
223	3	5	6	56	7	2	222
223	3	6	0	56	7	2	56
223	3	6	3	56	7	2	167
223	3	6	5	56	7	3	0
223	3	7	1	56	7	2	184
223	3	7	4	56	7	2	1
223	3	7	5	56	7	3	209
223	3	8	3	56	7	2	120
223	3	8	5	56	7	2	120
223	3	9	0	56	7	2	184
223	3	9	3	56	7	3	209
223	3	9	4	56	7	2	1
223	3	10	1	56	7	2	56
223	3	10	3	56	7	3	0
223	3	10	5	56	7	2	167
223	3	11	2	56	7	2	222
223	3	11	3	56	7	3	14
223	3	11	6	56	7	2	39
223	3	12	1	56	7	3	inf
223	3	12	3	56	7	2	103
223	3	12	6	56	7	3	inf
223	3	13	1	56	7	3	14
223	3	13	2	56	7	2	222
223	3	13	5	56	7	2	39
223	3	14	1	56	7	3	0
223	3	14	3	56	7	2	56
223	3	14	6	56	7	2	167
223	3	15	0	56	7	2	1
223	3	15	1	56	7	3	209
223	3	15	4	56	7	2	184
223	3	16	1	56	7	2	120
223	3	16	6	56	7	2	120
223	3	17	0	56	7	2	1
223	3	17	3	56	7	2	184
223	3	17	6	56	7	3	209
223	3	18	1	56	7	2	167
223	3	18	4	56	7	2	56
223	3	18	6	56	7	3	0
223	3	19	2	56	7	2	39
223	3	19	5	56	7	2	222
223	3	19	6	56	7	3	14
223	3	20	2	56	7	3	inf
223	3	20	4	56	7	3	inf
223	3	20	6	56	7	2	103
223	3	21	1	56	7	2	39
223	3	21	4	56	7	3	14
223	3	21	5	56	7	2	222
223	3	22	2	56	7	2	167
223	3	22	4	56	7	3	0
223	3	22	6	56	7	2	56
223	3	23	0	56	7	2	184
223	3	23	3	56	7	2	1
223	3	23	4	56	7	3	209
223	3	24	2	56	7	2	120
223	3	24	4	56	7	2	120
223	3	25	2	56	7	3	209
223	3	25	3	56	7	2	1
223	3	25	6	56	7	2	184
223	3	26	0	56	7	2	56
223	3	26	2	56	7	3	0
223	3	26	4	56	7	2	167
223	3	27	1	56	7	2	222
223	3	27	2	56	7	3	14
223	3	27	5	56	7	2	39
223	3	28	0	56	7	3	inf
223	3	28	2	56	7	2	103
223	3	28	5	56	7	3	inf
223	3	29	0	56	7	3	14
223	3	29	1	56	7	2	222
223	3	29	4	56	7	2	39
223	3	30	0	56	7	3	0
223	3	30	2	56	7	2	56
223	3	30	5	56	7	2	167
223	3	31	0	56	7	3	209
223	3	31	3	56	7	2	184
223	3	31	6	56	7	2	1
223	3	32	0	56	7	2	120
223	3	32	5	56	7	2	120
223	3	33	2	56	7	2	184
223	3	33	5	56	7	3	209
223	3	33	6	56	7	2	1
223	3	34	0	56	7	2	167
223	3	34	3	56	7	2	56
223	3	34	5	56	7	3	0
223	3	35	1	56	7	2	39
223	3	35	4	56	7	2	222
223	3	35	5	56	7	3	14
223	3	36	1	56	7	3	inf
223	3	36	3	56	7	3	inf
223	3	36	5	56	7	2	103
223	3	37	0	56	7	2	39
223	3	37	3	56	7	3	14
223	3	37	4	56	7	2	222
223	3	38	1	56	7	2	167
223	3	38	3	56	7	3	0
223	3	38	5	56	7	2	56
223	3	39	2	56	7	2	1
223	3	39	3	56	7	3	209
223	3	39	6	56	7	2	184
223	3	40	1	56	7	2	120
223	3	40	3	56	7	2	120
223	3	41	1	56	7	3	209
223	3	41	2	56	7	2	1
223	3	41	5	56	7	2	184
223	3	42	1	56	7	3	0
223	3	42	3	56	7	2	167
223	3	42	6	56	7	2	56
223	3	43	0	56	7	2	222
223	3	43	1	56	7	3	14
223	3	43	4	56	7	2	39
223	3	44	1	56	7	2	103
223	3	44	4	56	7	3	inf
223	3	44	6	56	7	3	inf
223	3	45	0	56	7	2	222
223	3	45	3	56	7	2	39
223	3	45	6	56	7	3	14
223	3	46	1	56	7	2	56
223	3	46	4	56	7	2	167
223	3	46	6	56	7	3	0
223	3	47	2	56	7	2	184
223	3	47	5	56	7	2	1
223	3	47	6	56	7	3	209
223	3	48	4	56	7	2	120
223	3	48	6	56	7	2	120
223	3	49	1	56	7	2	184
223	3	49	4	56	7	3	209
223	3	49	5	56	7	2	1
223	3	50	2	56	7	2	56
223	3	50	4	56	7	3	0
223	3	50	6	56	7	2	167
223	3	51	0	56	7	2	39
223	3	51	3	56	7	2	222
223	3	51	4	56	7	3	14
223	3	52	0	56	7	3	inf
223	3	52	2	56	7	3	inf
223	3	52	4	56	7	2	103
223	3	53	2	56	7	3	14
223	3	53	3	56	7	2	222
223	3	53	6	56	7	2	39
223	3	54	0	56	7	2	167
223	3	54	2	56	7	3	0
223	3	54	4	56	7	2	56
223	3	55	1	56	7	2	1
223	3	55	2	56	7	3	209
223	3	55	5	56	7	2	184
223	4	0	1	56	7	3	inf
223	4	1	6	56	7	2	23
223	4	3	1	56	7	2	23
223	4	4	6	56	7	3	inf
223	4	5	4	56	7	2	200
223	4	7	6	56	7	2	200
223	4	8	4	56	7	3	inf
223	4	9	2	56	7	2	23
223	4	11	4	56	7	2	23
223	4	12	2	56	7	3	inf
223	4	13	0	56	7	2	200
223	4	15	2	56	7	2	200
223	4	16	0	56	7	3	inf
223	4	17	5	56	7	2	23
223	4	19	0	56	7	2	23
223	4	20	5	56	7	3	inf
223	4	21	3	56	7	2	200
223	4	23	5	56	7	2	200
223	4	24	3	56	7	3	inf
223	4	25	1	56	7	2	23
223	4	27	3	56	7	2	23
223	4	28	1	56	7	3	inf
223	4	29	6	56	7	2	200
223	4	31	1	56	7	2	200
223	4	32	6	56	7	3	inf
223	4	33	4	56	7	2	23
223	4	35	6	56	7	2	23
223	4	36	4	56	7	3	inf
223	4	37	2	56	7	2	200
223	4	39	4	56	7	2	200
223	4	40	2	56	7	3	inf
223	4	41	0	56	7	2	23
223	4	43	2	56	7	2	23
223	4	44	0	56	7	3	inf
223	4	45	5	56	7	2	200
223	4	47	0	56	7	2	200
223	4	48	5	56	7	3	inf
223	4	49	3	56	7	2	23
223	4	51	5	56	7	2	23
223	4	52	3	56	7	3	inf
223	4	53	1	56	7	2	200
223	4	55	3	56	7	2	200
227	1	0	0	16	14	3	inf
227	1	0	12	16	14	3	inf
227	1	1	1	16	14	2	226
227	1	1	11	16	14	2	96
227	1	2	0	16	14	2	142
227	1	2	1	16	14	2	8
227	1	2	2	16	14	2	9
227	1	2	9	16	14	2	171
227	1	3	7	16	14	2	216
227	1	3	8	16	14	2	87
227	1	3	13	16	14	2	12
227	1	4	0	16	14	2	148
227	1	4	1	16	14	3	0
227	1	4	2	16	14	2	79
227	1	4	4	16	14	2	214
227	1	4	8	16	14	3	inf
227	1	4	12	16	14	2	13
227	1	5	3	16	14	2	215
227	1	5	8	16	14	2	140
227	1	5	9	16	14	2	11
227	1	6	0	16	14	2	218
227	1	6	1	16	14	2	219
227	1	6	2	16	14	2	85
227	1	6	7	16	14	2	56
227	1	7	1	16	14	2	1
227	1	7	5	16	14	2	131
227	1	9	1	16	14	2	1
227	1	9	11	16	14	2	131
227	1	10	0	16	14	2	85
227	1	10	1	16	14	2	219
227	1	10	2	16	14	2	218
227	1	10	9	16	14	2	56
227	1	11	7	16	14	2	11
227	1	11	8	16	14	2	140
227	1	11	13	16	14	2	215
227	1	12	0	16	14	2	79
227	1	12	1	16	14	3	0
227	1	12	2	16	14	2	148
227	1	12	4	16	14	2	13
227	1	12	8	16	14	3	inf
227	1	12	12	16	14	2	214
227	1	13	3	16	14	2	12
227	1	13	8	16	14	2	87
227	1	13	9	16	14	2	216
227	1	14	0	16	14	2	9
227	1	14	1	16	14	2	8
227	1	14	2	16	14	2	142
227	1	14	7	16	14	2	171
227	1	15	1	16	14	2	226
227	1	15	5	16	14	2	96
227	2	0	1	16	14	3	inf
227	2	0	5	16	14	2	214
227	2	0	7	16	14	2	79
227	2	0	8	16	14	3	0
227	2	0	9	16	14	2	148
227	2	0	11	16	14	2	13
227	2	1	1	16	14	2	87
227	2	1	2	16	14	2	216
227	2	1	10	16	14	2	12
227	2	2	0	16	14	2	171
227	2	2	7	16	14	2	9
227	2	2	8	16	14	2	8
227	2	2	9	16	14	2	142
227	2	3	8	16	14	2	226
227	2	3	12	16	14	2	96
227	2	4	5	16	14	3	inf
227	2	4	7	16	14	3	inf
227	2	5	4	16	14	2	96
227	2	5	8	16	14	2	226
227	2	6	2	16	14	2	171
227	2	6	7	16	14	2	142
227	2	6	8	16	14	2	8
227	2	6	9	16	14	2	9
227	2	7	0	16	14	2	216
227	2	7	1	16	14	2	87
227	2	7	6	16	14	2	12
227	2	8	1	16	14	3	inf
227	2	8	5	16	14	2	13
227	2	8	7	16	14	2	148
227	2	8	8	16	14	3	0
227	2	8	9	16	14	2	79
227	2	8	11	16	14	2	214
227	2	9	1	16	14	2	140
227	2	9	2	16	14	2	11
227	2	9	10	16	14	2	215
227	2	10	0	16	14	2	56
227	2	10	7	16	14	2	218
227	2	10	8	16	14	2	219
227	2	10	9	16	14	2	85
227	2	11	8	16	14	2	1
227	2	11	12	16	14	2	131
227	2	13	4	16	14	2	131
227	2	13	8	16	14	2	1
227	2	14	2	16	14	2	56
227	2	14	7	16	14	2	85
227	2	14	8	16	14	2	219
227	2	14	9	16	14	2	218
227	2	15	0	16	14	2	11
227	2	15	1	16	14	2	140
227	2	15	6	16	14	2	215
227	3	1	1	16	14	2	1
227	3	1	11	16	14	2	131
227	3	2	0	16	14	2	85
227	3	2	1	16	14	2	219
227	3	2	2	16	14	2	218
227	3	2	9	16	14	2	56
227	3	3	7	16	14	2	11
227	3	3	8	16	14	2	140
227	3	3	13	16	14	2	215
227	3	4	0	16	14	2	79
227	3	4	1	16	14	3	0
227	3	4	2	16	14	2	148
227	3	4	4	16	14	2	13
227	3	4	8	16	14	3	inf
227	3	4	12	16	14	2	214
227	3	5	3	16	14	2	12
227	3	5	8	16	14	2	87
227	3	5	9	16	14	2	216
227	3	6	0	16	14	2	9
227	3	6	1	16	14	2	8
227	3	6	2	16	14	2	142
227	3	6	7	16	14	2	171
227	3	7	1	16	14	2	226
227	3	7	5	16	14	2	96
227	3	8	0	16	14	3	inf
227	3	8	12	16	14	3	inf
227	3	9	1	16	14	2	226
227	3	9	11	16	14	2	96
227	3	10	0	16	14	2	142
227	3	10	1	16	14	2	8
227	3	10	2	16	14	2	9
227	3	10	9	16	14	2	171
227	3	11	7	16	14	2	216
227	3	11	8	16	14	2	87
227	3	11	13	16	14	2	12
227	3	12	0	16	14	2	148
227	3	12	1	16	14	3	0
227	3	12	2	16	14	2	79
227	3	12	4	16	14	2	214
227	3	12	8	16	14	3	inf
227	3	12	12	16	14	2	13
227	3	13	3	16	14	2	215
227	3	13	8	16	14	2	140
227	3	13	9	16	14	2	11
227	3	14	0	16	14	2	218
227	3	14	1	16	14	2	219
227	3	14	2	16	14	2	85
227	3	14	7	16	14	2	56
227	3	15	1	16	14	2	1
227	3	15	5	16	14	2	131
227	4	0	1	16	14	3	inf
227	4	0	5	16	14	2	13
227	4	0	7	16	14	2	148
227	4	0	8	16	14	3	0
227	4	0	9	16	14	2	79
227	4	0	11	16	14	2	214
227	4	1	1	16	14	2	140
227	4	1	2	16	14	2	11
227	4	1	10	16	14	2	215
227	4	2	0	16	14	2	56
227	4	2	7	16	14	2	218
227	4	2	8	16	14	2	219
227	4	2	9	16	14	2	85
227	4	3	8	16	14	2	1
227	4	3	12	16	14	2	131
227	4	5	4	16	14	2	131
227	4	5	8	16	14	2	1
227	4	6	2	16	14	2	56
227	4	6	7	16	14	2	85
227	4	6	8	16	14	2	219
227	4	6	9	16	14	2	218
227	4	7	0	16	14	2	11
227	4	7	1	16	14	2	140
227	4	7	6	16	14	2	215
227	4	8	1	16	14	3	inf
227	4	8	5	16	14	2	214
227	4	8	7	16	14	2	79
227	4	8	8	16	14	3	0
227	4	8	9	16	14	2	148
227	4	8	11	16	14	2	13
227	4	9	1	16	14	2	87
227	4	9	2	16	14	2	216
227	4	9	10	16	14	2	12
227	4	10	0	16	14	2	171
227	4	10	7	16	14	2	9
227	4	10	8	16	14	2	8
227	4	10	9	16	14	2	142
227	4	11	8	16	14	2	226
227	4	11	12	16	14	2	96
227	4	12	5	16	14	3	inf
227	4	12	7	16	14	3	inf
227	4	13	4	16	14	2	96
227	4	13	8	16	14	2	226
227	4	14	2	16	14	2	171
227	4	14	7	16	14	2	142
227	4	14	8	16	14	2	8
227	4	14	9	16	14	2	9
227	4	15	0	16	14	2	216
227	4	15	1	16	14	2	87
227	4	15	6	16	14	2	12
229	1	0	0	220	44	3	inf
229	1	0	3	220	44	2	93
229	1	0	9	220	44	2	104
229	1	0	12	220	44	3	inf
229	1	0	15	220	44	2	125
229	1	0	21	220	44	2	136
229	1	0	25	220	44	2	136
229	1	0	31	220	44	2	125
229	1	0	34	220	44	3	inf
229	1	0	37	220	44	2	104
229	1	0	42	220	44	3	inf
229	1	0	43	220	44	2	93
229	1	1	1	220	44	2	228
229	1	1	2	220	44	2	188
229	1	1	6	220	44	2	161
229	1	1	12	220	44	2	84
229	1	1	13	220	44	2	221
229	1	1	19	220	44	2	47
229	1	1	21	220	44	2	147
229	1	1	23	220	44	2	1
229	1	1	24	220	44	2	41
229	1	1	28	220	44	2	68
229	1	1	34	220	44	2	145
229	1	1	35	220	44	2	8
229	1	1	41	220	44	2	182
229	1	1	43	220	44	2	82
229	1	2	14	220	44	2	107
229	1	2	20	220	44	2	28
229	1	2	36	220	44	2	122
229	1	2	42	220	44	2	201
229	1	3	7	220	44	2	201
229	1	3	13	220	44	2	122
229	1	3	29	220	44	2	28
229	1	3	35	220	44	2	107
229	1	4	3	220	44	2	188
229	1	4	4	220	44	2	228
229	1	4	6	220	44	2	82
229	1	4	8	220	44	2	182
229	1	4	14	220	44	2	8
229	1	4	15	220	44	2	145
229	1	4	21	220	44	2	68
229	1	4	25	220	44	2	41
229	1	4	26	220	44	2	1
229	1	4	28	220	44	2	147
229	1	4	30	220	44	2	47
229	1	4	36	220	44	2	221
229	1	4	37	220	44	2	84
229	1	4	43	220	44	2	161
229	1	5	1	220	44	3	inf
229	1	5	2	220	44	2	93
229	1	5	3	220	44	3	inf
229	1	5	6	220	44	2	93
229	1	5	12	220	44	2	104
229	1	5	15	220	44	3	inf
229	1	5	18	220	44	2	125
229	1	5	24	220	44	2	136
229	1	5	28	220	44	2	136
229	1	5	34	220	44	2	125
229	1	5	37	220	44	3	inf
229	1	5	40	220	44	2	104
229	1	6	0	220	44	2	182
229	1	6	2	220	44	2	82
229	1	6	4	220	44	2	228
229	1	6	5	220	44	2	188
229	1	6	9	220	44	2	161
229	1	6	15	220	44	2	84
229	1	6	16	220	44	2	221
229	1	6	22	220	44	2	47
229	1	6	24	220	44	2	147
229	1	6	26	220	44	2	1
229	1	6	27	220	44	2	41
229	1	6	31	220	44	2	68
229	1	6	37	220	44	2	145
229	1	6	38	220	44	2	8
229	1	7	1	220	44	2	201
229	1	7	17	220	44	2	107
229	1	7	23	220	44	2	28
229	1	7	39	220	44	2	122
229	1	8	10	220	44	2	201
229	1	8	16	220	44	2	122
229	1	8	32	220	44	2	28
229	1	8	38	220	44	2	107
229	1	9	2	220	44	2	161
229	1	9	6	220	44	2	188
229	1	9	7	220	44	2	228
229	1	9	9	220	44	2	82
229	1	9	11	220	44	2	182
229	1	9	17	220	44	2	8
229	1	9	18	220	44	2	145
229	1	9	24	220	44	2	68
229	1	9	28	220	44	2	41
229	1	9	29	220	44	2	1
229	1	9	31	220	44	2	147
229	1	9	33	220	44	2	47
229	1	9	39	220	44	2	221
229	1	9	40	220	44	2	84
229	1	10	4	220	44	3	inf
229	1	10	5	220	44	2	93
229	1	10	6	220	44	3	inf
229	1	10	9	220	44	2	93
229	1	10	15	220	44	2	104
229	1	10	18	220	44	3	inf
229	1	10	21	220	44	2	125
229	1	10	27	220	44	2	136
229	1	10	31	220	44	2	136
229	1	10	37	220	44	2	125
229	1	10	40	220	44	3	inf
229	1	10	43	220	44	2	104
229	1	11	3	220	44	2	182
229	1	11	5	220	44	2	82
229	1	11	7	220	44	2	228
229	1	11	8	220	44	2	188
229	1	11	12	220	44	2	161
229	1	11	18	220	44	2	84
229	1	11	19	220	44	2	221
229	1	11	25	220	44	2	47
229	1	11	27	220	44	2	147
229	1	11	29	220	44	2	1
229	1	11	30	220	44	2	41
229	1	11	34	220	44	2	68
229	1	11	40	220	44	2	145
229	1	11	41	220	44	2	8
229	1	12	4	220	44	2	201
229	1	12	20	220	44	2	107
229	1	12	26	220	44	2	28
229	1	12	42	220	44	2	122
229	1	13	13	220	44	2	201
229	1	13	19	220	44	2	122
229	1	13	35	220	44	2	28
229	1	13	41	220	44	2	107
229	1	14	5	220	44	2	161
229	1	14	9	220	44	2	188
229	1	14	10	220	44	2	228
229	1	14	12	220	44	2	82
229	1	14	14	220	44	2	182
229	1	14	20	220	44	2	8
229	1	14	21	220	44	2	145
229	1	14	27	220	44	2	68
229	1	14	31	220	44	2	41
229	1	14	32	220	44	2	1
229	1	14	34	220	44	2	147
229	1	14	36	220	44	2	47
229	1	14	42	220	44	2	221
229	1	14	43	220	44	2	84
229	1	15	2	220	44	2	104
229	1	15	7	220	44	3	inf
229	1	15	8	220	44	2	93
229	1	15	9	220	44	3	inf
229	1	15	12	220	44	2	93
229	1	15	18	220	44	2	104
229	1	15	21	220	44	3	inf
229	1	15	24	220	44	2	125
229	1	15	30	220	44	2	136
229	1	15	34	220	44	2	136
229	1	15	40	220	44	2	125
229	1	15	43	220	44	3	inf
229	1	16	0	220	44	2	8
229	1	16	6	220	44	2	182
229	1	16	8	220	44	2	82
229	1	16	10	220	44	2	228
229	1	16	11	220	44	2	188
229	1	16	15	220	44	2	161
229	1	16	21	220	44	2	84
229	1	16	22	220	44	2	221
229	1	16	28	220	44	2	47
229	1	16	30	220	44	2	147
229	1	16	32	220	44	2	1
229	1	16	33	220	44	2	41
229	1	16	37	220	44	2	68
229	1	16	43	220	44	2	145
229	1	17	1	220	44	2	122
229	1	17	7	220	44	2	201
229	1	17	23	220	44	2	107
229	1	17	29	220	44	2	28
229	1	18	0	220	44	2	107
229	1	18	16	220	44	2	201
229	1	18	22	220	44	2	122
229	1	18	38	220	44	2	28
229	1	19	1	220	44	2	221
229	1	19	2	220	44	2	84
229	1	19	8	220	44	2	161
229	1	19	12	220	44	2	188
229	1	19	13	220	44	2	228
229	1	19	15	220	44	2	82
229	1	19	17	220	44	2	182
229	1	19	23	220	44	2	8
229	1	19	24	220	44	2	145
229	1	19	30	220	44	2	68
229	1	19	34	220	44	2	41
229	1	19	35	220	44	2	1
229	1	19	37	220	44	2	147
229	1	19	39	220	44	2	47
229	1	20	2	220	44	3	inf
229	1	20	5	220	44	2	104
229	1	20	10	220	44	3	inf
229	1	20	11	220	44	2	93
229	1	20	12	220	44	3	inf
229	1	20	15	220	44	2	93
229	1	20	21	220	44	2	104
229	1	20	24	220	44	3	inf
229	1	20	27	220	44	2	125
229	1	20	33	220	44	2	136
229	1	20	37	220	44	2	136
229	1	20	43	220	44	2	125
229	1	21	2	220	44	2	145
229	1	21	3	220	44	2	8
229	1	21	9	220	44	2	182
229	1	21	11	220	44	2	82
229	1	21	13	220	44	2	228
229	1	21	14	220	44	2	188
229	1	21	18	220	44	2	161
229	1	21	24	220	44	2	84
229	1	21	25	220	44	2	221
229	1	21	31	220	44	2	47
229	1	21	33	220	44	2	147
229	1	21	35	220	44	2	1
229	1	21	36	220	44	2	41
229	1	21	40	220	44	2	68
229	1	22	4	220	44	2	122
229	1	22	10	220	44	2	201
229	1	22	26	220	44	2	107
229	1	22	32	220	44	2	28
229	1	23	3	220	44	2	107
229	1	23	19	220	44	2	201
229	1	23	25	220	44	2	122
229	1	23	41	220	44	2	28
229	1	24	4	220	44	2	221
229	1	24	5	220	44	2	84
229	1	24	11	220	44	2	161
229	1	24	15	220	44	2	188
229	1	24	16	220	44	2	228
229	1	24	18	220	44	2	82
229	1	24	20	220	44	2	182
229	1	24	26	220	44	2	8
229	1	24	27	220	44	2	145
229	1	24	33	220	44	2	68
229	1	24	37	220	44	2	41
229	1	24	38	220	44	2	1
229	1	24	40	220	44	2	147
229	1	24	42	220	44	2	47
229	1	25	2	220	44	2	125
229	1	25	5	220	44	3	inf
229	1	25	8	220	44	2	104
229	1	25	13	220	44	3	inf
229	1	25	14	220	44	2	93
229	1	25	15	220	44	3	inf
229	1	25	18	220	44	2	93
229	1	25	24	220	44	2	104
229	1	25	27	220	44	3	inf
229	1	25	30	220	44	2	125
229	1	25	36	220	44	2	136
229	1	25	40	220	44	2	136
229	1	26	5	220	44	2	145
229	1	26	6	220	44	2	8
229	1	26	12	220	44	2	182
229	1	26	14	220	44	2	82
229	1	26	16	220	44	2	228
229	1	26	17	220	44	2	188
229	1	26	21	220	44	2	161
229	1	26	27	220	44	2	84
229	1	26	28	220	44	2	221
229	1	26	34	220	44	2	47
229	1	26	36	220	44	2	147
229	1	26	38	220	44	2	1
229	1	26	39	220	44	2	41
229	1	26	43	220	44	2	68
229	1	27	7	220	44	2	122
229	1	27	13	220	44	2	201
229	1	27	29	220	44	2	107
229	1	27	35	220	44	2	28
229	1	28	0	220	44	2	28
229	1	28	6	220	44	2	107
229	1	28	22	220	44	2	201
229	1	28	28	220	44	2	122
229	1	29	1	220	44	2	47
229	1	29	7	220	44	2	221
229	1	29	8	220	44	2	84
229	1	29	14	220	44	2	161
229	1	29	18	220	44	2	188
229	1	29	19	220	44	2	228
229	1	29	21	220	44	2	82
229	1	29	23	220	44	2	182
229	1	29	29	220	44	2	8
229	1	29	30	220	44	2	145
229	1	29	36	220	44	2	68
229	1	29	40	220	44	2	41
229	1	29	41	220	44	2	1
229	1	29	43	220	44	2	147
229	1	30	5	220	44	2	125
229	1	30	8	220	44	3	inf
229	1	30	11	220	44	2	104
229	1	30	16	220	44	3	inf
229	1	30	17	220	44	2	93
229	1	30	18	220	44	3	inf
229	1	30	21	220	44	2	93
229	1	30	27	220	44	2	104
229	1	30	30	220	44	3	inf
229	1	30	33	220	44	2	125
229	1	30	39	220	44	2	136
229	1	30	43	220	44	2	136
229	1	31	2	220	44	2	68
229	1	31	8	220	44	2	145
229	1	31	9	220	44	2	8
229	1	31	15	220	44	2	182
229	1	31	17	220	44	2	82
229	1	31	19	220	44	2	228
229	1	31	20	220	44	2	188
229	1	31	24	220	44	2	161
229	1	31	30	220	44	2	84
229	1	31	31	220	44	2	221
229	1	31	37	220	44	2	47
229	1	31	39	220	44	2	147
229	1	31	41	220	44	2	1
229	1	31	42	220	44	2	41
229	1	32	10	220	44	2	122
229	1	32	16	220	44	2	201
229	1	32	32	220	44	2	107
229	1	32	38	220	44	2	28
229	1	33	3	220	44	2	28
229	1	33	9	220	44	2	107
229	1	33	25	220	44	2	201
229	1	33	31	220	44	2	122
229	1	34	0	220	44	2	1
229	1	34	2	220	44	2	147
229	1	34	4	220	44	2	47
229	1	34	10	220	44	2	221
229	1	34	11	220	44	2	84
229	1	34	17	220	44	2	161
229	1	34	21	220	44	2	188
229	1	34	22	220	44	2	228
229	1	34	24	220	44	2	82
229	1	34	26	220	44	2	182
229	1	34	32	220	44	2	8
229	1	34	33	220	44	2	145
229	1	34	39	220	44	2	68
229	1	34	43	220	44	2	41
229	1	35	2	220	44	2	136
229	1	35	8	220	44	2	125
229	1	35	11	220	44	3	inf
229	1	35	14	220	44	2	104
229	1	35	19	220	44	3	inf
229	1	35	20	220	44	2	93
229	1	35	21	220	44	3	inf
229	1	35	24	220	44	2	93
229	1	35	30	220	44	2	104
229	1	35	33	220	44	3	inf
229	1	35	36	220	44	2	125
229	1	35	42	220	44	2	136
229	1	36	0	220	44	2	1
229	1	36	1	220	44	2	41
229	1	36	5	220	44	2	68
229	1	36	11	220	44	2	145
229	1	36	12	220	44	2	8
229	1	36	18	220	44	2	182
229	1	36	20	220	44	2	82
229	1	36	22	220	44	2	228
229	1	36	23	220	44	2	188
229	1	36	27	220	44	2	161
229	1	36	33	220	44	2	84
229	1	36	34	220	44	2	221
229	1	36	40	220	44	2	47
229	1	36	42	220	44	2	147
229	1	37	13	220	44	2	122
229	1	37	19	220	44	2	201
229	1	37	35	220	44	2	107
229	1	37	41	220	44	2	28
229	1	38	6	220	44	2	28
229	1	38	12	220	44	2	107
229	1	38	28	220	44	2	201
229	1	38	34	220	44	2	122
229	1	39	2	220	44	2	41
229	1	39	3	220	44	2	1
229	1	39	5	220	44	2	147
229	1	39	7	220	44	2	47
229	1	39	13	220	44	2	221
229	1	39	14	220	44	2	84
229	1	39	20	220	44	2	161
229	1	39	24	220	44	2	188
229	1	39	25	220	44	2	228
229	1	39	27	220	44	2	82
229	1	39	29	220	44	2	182
229	1	39	35	220	44	2	8
229	1	39	36	220	44	2	145
229	1	39	42	220	44	2	68
229	1	40	1	220	44	2	136
229	1	40	5	220	44	2	136
229	1	40	11	220	44	2	125
229	1	40	14	220	44	3	inf
229	1	40	17	220	44	2	104
229	1	40	22	220	44	3	inf
229	1	40	23	220	44	2	93
229	1	40	24	220	44	3	inf
229	1	40	27	220	44	2	93
229	1	40	33	220	44	2	104
229	1	40	36	220	44	3	inf
229	1	40	39	220	44	2	125
229	1	41	1	220	44	2	147
229	1	41	3	220	44	2	1
229	1	41	4	220	44	2	41
229	1	41	8	220	44	2	68
229	1	41	14	220	44	2	145
229	1	41	15	220	44	2	8
229	1	41	21	220	44	2	182
229	1	41	23	220	44	2	82
229	1	41	25	220	44	2	228
229	1	41	26	220	44	2	188
229	1	41	30	220	44	2	161
229	1	41	36	220	44	2	84
229	1	41	37	220	44	2	221
229	1	41	43	220	44	2	47
229	1	42	0	220	44	2	28
229	1	42	16	220	44	2	122
229	1	42	22	220	44	2	201
229	1	42	38	220	44	2	107
229	1	43	9	220	44	2	28
229	1	43	15	220	44	2	107
229	1	43	31	220	44	2	201
229	1	43	37	220	44	2	122
229	1	44	1	220	44	2	68
229	1	44	5	220	44	2	41
229	1	44	6	220	44	2	1
229	1	44	8	220	44	2	147
229	1	44	10	220	44	2	47
229	1	44	16	220	44	2	221
229	1	44	17	220	44	2	84
229	1	44	23	220	44	2	161
229	1	44	27	220	44	2	188
229	1	44	28	220	44	2	228
229	1	44	30	220	44	2	82
229	1	44	32	220	44	2	182
229	1	44	38	220	44	2	8
229	1	44	39	220	44	2	145
229	1	45	4	220	44	2	136
229	1	45	8	220	44	2	136
229	1	45	14	220	44	2	125
229	1	45	17	220	44	3	inf
229	1	45	20	220	44	2	104
229	1	45	25	220	44	3	inf
229	1	45	26	220	44	2	93
229	1	45	27	220	44	3	inf
229	1	45	30	220	44	2	93
229	1	45	36	220	44	2	104
229	1	45	39	220	44	3	inf
229	1	45	42	220	44	2	125
229	1	46	2	220	44	2	47
229	1	46	4	220	44	2	147
229	1	46	6	220	44	2	1
229	1	46	7	220	44	2	41
229	1	46	11	220	44	2	68
229	1	46	17	220	44	2	145
229	1	46	18	220	44	2	8
229	1	46	24	220	44	2	182
229	1	46	26	220	44	2	82
229	1	46	28	220	44	2	228
229	1	46	29	220	44	2	188
229	1	46	33	220	44	2	161
229	1	46	39	220	44	2	84
229	1	46	40	220	44	2	221
229	1	47	3	220	44	2	28
229	1	47	19	220	44	2	122
229	1	47	25	220	44	2	201
229	1	47	41	220	44	2	107
229	1	48	12	220	44	2	28
229	1	48	18	220	44	2	107
229	1	48	34	220	44	2	201
229	1	48	40	220	44	2	122
229	1	49	4	220	44	2	68
229	1	49	8	220	44	2	41
229	1	49	9	220	44	2	1
229	1	49	11	220	44	2	147
229	1	49	13	220	44	2	47
229	1	49	19	220	44	2	221
229	1	49	20	220	44	2	84
229	1	49	26	220	44	2	161
229	1	49	30	220	44	2	188
229	1	49	31	220	44	2	228
229	1	49	33	220	44	2	82
229	1	49	35	220	44	2	182
229	1	49	41	220	44	2	8
229	1	49	42	220	44	2	145
229	1	50	1	220	44	2	125
229	1	50	7	220	44	2	136
229	1	50	11	220	44	2	136
229	1	50	17	220	44	2	125
229	1	50	20	220	44	3	inf
229	1	50	23	220	44	2	104
229	1	50	28	220	44	3	inf
229	1	50	29	220	44	2	93
229	1	50	30	220	44	3	inf
229	1	50	33	220	44	2	93
229	1	50	39	220	44	2	104
229	1	50	42	220	44	3	inf
229	1	51	5	220	44	2	47
229	1	51	7	220	44	2	147
229	1	51	9	220	44	2	1
229	1	51	10	220	44	2	41
229	1	51	14	220	44	2	68
229	1	51	20	220	44	2	145
229	1	51	21	220	44	2	8
229	1	51	27	220	44	2	182
229	1	51	29	220	44	2	82
229	1	51	31	220	44	2	228
229	1	51	32	220	44	2	188
229	1	51	36	220	44	2	161
229	1	51	42	220	44	2	84
229	1	51	43	220	44	2	221
229	1	52	0	220	44	2	107
229	1	52	6	220	44	2	28
229	1	52	22	220	44	2	122
229	1	52	28	220	44	2	201
229	1	53	15	220	44	2	28
229	1	53	21	220	44	2	107
229	1	53	37	220	44	2	201
229	1	53	43	220	44	2	122
229	1	54	0	220	44	2	8
229	1	54	1	220	44	2	145
229	1	54	7	220	44	2	68
229	1	54	11	220	44	2	41
229	1	54	12	220	44	2	1
229	1	54	14	220	44	2	147
229	1	54	16	220	44	2	47
229	1	54	22	220	44	2	221
229	1	54	23	220	44	2	84
229	1	54	29	220	44	2	161
229	1	54	33	220	44	2	188
229	1	54	34	220	44	2	228
229	1	54	36	220	44	2	82
229	1	54	38	220	44	2	182
229	1	55	1	220	44	3	inf
229	1	55	4	220	44	2	125
229	1	55	10	220	44	2	136
229	1	55	14	220	44	2	136
229	1	55	20	220	44	2	125
229	1	55	23	220	44	3	inf
229	1	55	26	220	44	2	104
229	1	55	31	220	44	3	inf
229	1	55	32	220	44	2	93
229	1	55	33	220	44	3	inf
229	1	55	36	220	44	2	93
229	1	55	42	220	44	2	104
229	1	56	1	220	44	2	84
229	1	56	2	220	44	2	221
229	1	56	8	220	44	2	47
229	1	56	10	220	44	2	147
229	1	56	12	220	44	2	1
229	1	56	13	220	44	2	41
229	1	56	17	220	44	2	68
229	1	56	23	220	44	2	145
229	1	56	24	220	44	2	8
229	1	56	30	220	44	2	182
229	1	56	32	220	44	2	82
229	1	56	34	220	44	2	228
229	1	56	35	220	44	2	188
229	1	56	39	220	44	2	161
229	1	57	3	220	44	2	107
229	1	57	9	220	44	2	28
229	1	57	25	220	44	2	122
229	1	57	31	220	44	2	201
229	1	58	2	220	44	2	122
229	1	58	18	220	44	2	28
229	1	58	24	220	44	2	107
229	1	58	40	220	44	2	201
229	1	59	3	220	44	2	8
229	1	59	4	220	44	2	145
229	1	59	10	220	44	2	68
229	1	59	14	220	44	2	41
229	1	59	15	220	44	2	1
229	1	59	17	220	44	2	147
229	1	59	19	220	44	2	47
229	1	59	25	220	44	2	221
229	1	59	26	220	44	2	84
229	1	59	32	220	44	2	161
229	1	59	36	220	44	2	188
229	1	59	37	220	44	2	228
229	1	59	39	220	44	2	82
229	1	59	41	220	44	2	182
229	1	60	1	220	44	2	104
229	1	60	4	220	44	3	inf
229	1	60	7	220	44	2	125
229	1	60	13	220	44	2	136
229	1	60	17	220	44	2	136
229	1	60	23	220	44	2	125
229	1	60	26	220	44	3	inf
229	1	60	29	220	44	2	104
229	1	60	34	220	44	3	inf
229	1	60	35	220	44	2	93
229	1	60	36	220	44	3	inf
229	1	60	39	220	44	2	93
229	1	61	4	220	44	2	84
229	1	61	5	220	44	2	221
229	1	61	11	220	44	2	47
229	1	61	13	220	44	2	147
229	1	61	15	220	44	2	1
229	1	61	16	220	44	2	41
229	1	61	20	220	44	2	68
229	1	61	26	220	44	2	145
229	1	61	27	220	44	2	8
229	1	61	33	220	44	2	182
229	1	61	35	220	44	2	82
229	1	61	37	220	44	2	228
229	1	61	38	220	44	2	188
229	1	61	42	220	44	2	161
229	1	62	6	220	44	2	107
229	1	62	12	220	44	2	28
229	1	62	28	220	44	2	122
229	1	62	34	220	44	2	201
229	1	63	5	220	44	2	122
229	1	63	21	220	44	2	28
229	1	63	27	220	44	2	107
229	1	63	43	220	44	2	201
229	1	64	0	220	44	2	182
229	1	64	6	220	44	2	8
229	1	64	7	220	44	2	145
229	1	64	13	220	44	2	68
229	1	64	17	220	44	2	41
229	1	64	18	220	44	2	1
229	1	64	20	220	44	2	147
229	1	64	22	220	44	2	47
229	1	64	28	220	44	2	221
229	1	64	29	220	44	2	84
229	1	64	35	220	44	2	161
229	1	64	39	220	44	2	188
229	1	64	40	220	44	2	228
229	1	64	42	220	44	2	82
229	1	65	4	220	44	2	104
229	1	65	7	220	44	3	inf
229	1	65	10	220	44	2	125
229	1	65	16	220	44	2	136
229	1	65	20	220	44	2	136
229	1	65	26	220	44	2	125
229	1	65	29	220	44	3	inf
229	1	65	32	220	44	2	104
229	1	65	37	220	44	3	inf
229	1	65	38	220	44	2	93
229	1	65	39	220	44	3	inf
229	1	65	42	220	44	2	93
229	1	66	1	220	44	2	161
229	1	66	7	220	44	2	84
229	1	66	8	220	44	2	221
229	1	66	14	220	44	2	47
229	1	66	16	220	44	2	147
229	1	66	18	220	44	2	1
229	1	66	19	220	44	2	41
229	1	66	23	220	44	2	68
229	1	66	29	220	44	2	145
229	1	66	30	220	44	2	8
229	1	66	36	220	44	2	182
229	1	66	38	220	44	2	82
229	1	66	40	220	44	2	228
229	1	66	41	220	44	2	188
229	1	67	9	220	44	2	107
229	1	67	15	220	44	2	28
229	1	67	31	220	44	2	122
229	1	67	37	220	44	2	201
229	1	68	2	220	44	2	201
229	1	68	8	220	44	2	122
229	1	68	24	220	44	2	28
229	1	68	30	220	44	2	107
229	1	69	1	220	44	2	82
229	1	69	3	220	44	2	182
229	1	69	9	220	44	2	8
229	1	69	10	220	44	2	145
229	1	69	16	220	44	2	68
229	1	69	20	220	44	2	41
229	1	69	21	220	44	2	1
229	1	69	23	220	44	2	147
229	1	69	25	220	44	2	47
229	1	69	31	220	44	2	221
229	1	69	32	220	44	2	84
229	1	69	38	220	44	2	161
229	1	69	42	220	44	2	188
229	1	69	43	220	44	2	228
229	1	70	1	220	44	2	93
229	1	70	7	220	44	2	104
229	1	70	10	220	44	3	inf
229	1	70	13	220	44	2	125
229	1	70	19	220	44	2	136
229	1	70	23	220	44	2	136
229	1	70	29	220	44	2	125
229	1	70	32	220	44	3	inf
229	1	70	35	220	44	2	104
229	1	70	40	220	44	3	inf
229	1	70	41	220	44	2	93
229	1	70	42	220	44	3	inf
229	1	71	0	220	44	2	188
229	1	71	4	220	44	2	161
229	1	71	10	220	44	2	84
229	1	71	11	220	44	2	221
229	1	71	17	220	44	2	47
229	1	71	19	220	44	2	147
229	1	71	21	220	44	2	1
229	1	71	22	220	44	2	41
229	1	71	26	220	44	2	68
229	1	71	32	220	44	2	145
229	1	71	33	220	44	2	8
229	1	71	39	220	44	2	182
229	1	71	41	220	44	2	82
229	1	71	43	220	44	2	228
229	1	72	12	220	44	2	107
229	1	72	18	220	44	2	28
229	1	72	34	220	44	2	122
229	1	72	40	220	44	2	201
229	1	73	5	220	44	2	201
229	1	73	11	220	44	2	122
229	1	73	27	220	44	2	28
229	1	73	33	220	44	2	107
229	1	74	1	220	44	2	188
229	1	74	2	220	44	2	228
229	1	74	4	220	44	2	82
229	1	74	6	220	44	2	182
229	1	74	12	220	44	2	8
229	1	74	13	220	44	2	145
229	1	74	19	220	44	2	68
229	1	74	23	220	44	2	41
229	1	74	24	220	44	2	1
229	1	74	26	220	44	2	147
229	1	74	28	220	44	2	47
229	1	74	34	220	44	2	221
229	1	74	35	220	44	2	84
229	1	74	41	220	44	2	161
229	1	75	0	220	44	2	93
229	1	75	1	220	44	3	inf
229	1	75	4	220	44	2	93
229	1	75	10	220	44	2	104
229	1	75	13	220	44	3	inf
229	1	75	16	220	44	2	125
229	1	75	22	220	44	2	136
229	1	75	26	220	44	2	136
229	1	75	32	220	44	2	125
229	1	75	35	220	44	3	inf
229	1	75	38	220	44	2	104
229	1	75	43	220	44	3	inf
229	1	76	0	220	44	2	82
229	1	76	2	220	44	2	228
229	1	76	3	220	44	2	188
229	1	76	7	220	44	2	161
229	1	76	13	220	44	2	84
229	1	76	14	220	44	2	221
229	1	76	20	220	44	2	47
229	1	76	22	220	44	2	147
229	1	76	24	220	44	2	1
229	1	76	25	220	44	2	41
229	1	76	29	220	44	2	68
229	1	76	35	220	44	2	145
229	1	76	36	220	44	2	8
229	1	76	42	220	44	2	182
229	1	77	15	220	44	2	107
229	1	77	21	220	44	2	28
229	1	77	37	220	44	2	122
229	1	77	43	220	44	2	201
229	1	78	8	220	44	2	201
229	1	78	14	220	44	2	122
229	1	78	30	220	44	2	28
229	1	78	36	220	44	2	107
229	1	79	0	220	44	2	161
229	1	79	4	220	44	2	188
229	1	79	5	220	44	2	228
229	1	79	7	220	44	2	82
229	1	79	9	220	44	2	182
229	1	79	15	220	44	2	8
229	1	79	16	220	44	2	145
229	1	79	22	220	44	2	68
229	1	79	26	220	44	2	41
229	1	79	27	220	44	2	1
229	1	79	29	220	44	2	147
229	1	79	31	220	44	2	47
229	1	79	37	220	44	2	221
229	1	79	38	220	44	2	84
229	1	80	2	220	44	3	inf
229	1	80	3	220	44	2	93
229	1	80	4	220	44	3	inf
229	1	80	7	220	44	2	93
229	1	80	13	220	44	2	104
229	1	80	16	220	44	3	inf
229	1	80	19	220	44	2	125
229	1	80	25	220	44	2	136
229	1	80	29	220	44	2	136
229	1	80	35	220	44	2	125
229	1	80	38	220	44	3	inf
229	1	80	41	220	44	2	104
229	1	81	1	220	44	2	182
229	1	81	3	220	44	2	82
229	1	81	5	220	44	2	228
229	1	81	6	220	44	2	188
229	1	81	10	220	44	2	161
229	1	81	16	220	44	2	84
229	1	81	17	220	44	2	221
229	1	81	23	220	44	2	47
229	1	81	25	220	44	2	147
229	1	81	27	220	44	2	1
229	1	81	28	220	44	2	41
229	1	81	32	220	44	2	68
229	1	81	38	220	44	2	145
229	1	81	39	220	44	2	8
229	1	82	2	220	44	2	201
229	1	82	18	220	44	2	107
229	1	82	24	220	44	2	28
229	1	82	40	220	44	2	122
229	1	83	11	220	44	2	201
229	1	83	17	220	44	2	122
229	1	83	33	220	44	2	28
229	1	83	39	220	44	2	107
229	1	84	3	220	44	2	161
229	1	84	7	220	44	2	188
229	1	84	8	220	44	2	228
229	1	84	10	220	44	2	82
229	1	84	12	220	44	2	182
229	1	84	18	220	44	2	8
229	1	84	19	220	44	2	145
229	1	84	25	220	44	2	68
229	1	84	29	220	44	2	41
229	1	84	30	220	44	2	1
229	1	84	32	220	44	2	147
229	1	84	34	220	44	2	47
229	1	84	40	220	44	2	221
229	1	84	41	220	44	2	84
229	1	85	0	220	44	2	104
229	1	85	5	220	44	3	inf
229	1	85	6	220	44	2	93
229	1	85	7	220	44	3	inf
229	1	85	10	220	44	2	93
229	1	85	16	220	44	2	104
229	1	85	19	220	44	3	inf
229	1	85	22	220	44	2	125
229	1	85	28	220	44	2	136
229	1	85	32	220	44	2	136
229	1	85	38	220	44	2	125
229	1	85	41	220	44	3	inf
229	1	86	4	220	44	2	182
229	1	86	6	220	44	2	82
229	1	86	8	220	44	2	228
229	1	86	9	220	44	2	188
229	1	86	13	220	44	2	161
229	1	86	19	220	44	2	84
229	1	86	20	220	44	2	221
229	1	86	26	220	44	2	47
229	1	86	28	220	44	2	147
229	1	86	30	220	44	2	1
229	1	86	31	220	44	2	41
229	1	86	35	220	44	2	68
229	1	86	41	220	44	2	145
229	1	86	42	220	44	2	8
229	1	87	5	220	44	2	201
229	1	87	21	220	44	2	107
229	1	87	27	220	44	2	28
229	1	87	43	220	44	2	122
229	1	88	14	220	44	2	201
229	1	88	20	220	44	2	122
229	1	88	36	220	44	2	28
229	1	88	42	220	44	2	107
229	1	89	0	220	44	2	84
229	1	89	6	220	44	2	161
229	1	89	10	220	44	2	188
229	1	89	11	220	44	2	228
229	1	89	13	220	44	2	82
229	1	89	15	220	44	2	182
229	1	89	21	220	44	2	8
229	1	89	22	220	44	2	145
229	1	89	28	220	44	2	68
229	1	89	32	220	44	2	41
229	1	89	33	220	44	2	1
229	1	89	35	220	44	2	147
229	1	89	37	220	44	2	47
229	1	89	43	220	44	2	221
229	1	90	0	220	44	3	inf
229	1	90	3	220	44	2	104
229	1	90	8	220	44	3	inf
229	1	90	9	220	44	2	93
229	1	90	10	220	44	3	inf
229	1	90	13	220	44	2	93
229	1	90	19	220	44	2	104
229	1	90	22	220	44	3	inf
229	1	90	25	220	44	2	125
229	1	90	31	220	44	2	136
229	1	90	35	220	44	2	136
229	1	90	41	220	44	2	125
229	1	91	0	220	44	2	145
229	1	91	1	220	44	2	8
229	1	91	7	220	44	2	182
229	1	91	9	220	44	2	82
229	1	91	11	220	44	2	228
229	1	91	12	220	44	2	188
229	1	91	16	220	44	2	161
229	1	91	22	220	44	2	84
229	1	91	23	220	44	2	221
229	1	91	29	220	44	2	47
229	1	91	31	220	44	2	147
229	1	91	33	220	44	2	1
229	1	91	34	220	44	2	41
229	1	91	38	220	44	2	68
229	1	92	2	220	44	2	122
229	1	92	8	220	44	2	201
229	1	92	24	220	44	2	107
229	1	92	30	220	44	2	28
229	1	93	1	220	44	2	107
229	1	93	17	220	44	2	201
229	1	93	23	220	44	2	122
229	1	93	39	220	44	2	28
229	1	94	2	220	44	2	221
229	1	94	3	220	44	2	84
229	1	94	9	220	44	2	161
229	1	94	13	220	44	2	188
229	1	94	14	220	44	2	228
229	1	94	16	220	44	2	82
229	1	94	18	220	44	2	182
229	1	94	24	220	44	2	8
229	1	94	25	220	44	2	145
229	1	94	31	220	44	2	68
229	1	94	35	220	44	2	41
229	1	94	36	220	44	2	1
229	1	94	38	220	44	2	147
229	1	94	40	220	44	2	47
229	1	95	0	220	44	2	125
229	1	95	3	220	44	3	inf
229	1	95	6	220	44	2	104
229	1	95	11	220	44	3	inf
229	1	95	12	220	44	2	93
229	1	95	13	220	44	3	inf
229	1	95	16	220	44	2	93
229	1	95	22	220	44	2	104
229	1	95	25	220	44	3	inf
229	1	95	28	220	44	2	125
229	1	95	34	220	44	2	136
229	1	95	38	220	44	2	136
229	1	96	3	220	44	2	145
229	1	96	4	220	44	2	8
229	1	96	10	220	44	2	182
229	1	96	12	220	44	2	82
229	1	96	14	220	44	2	228
229	1	96	15	220	44	2	188
229	1	96	19	220	44	2	161
229	1	96	25	220	44	2	84
229	1	96	26	220	44	2	221
229	1	96	32	220	44	2	47
229	1	96	34	220	44	2	147
229	1	96	36	220	44	2	1
229	1	96	37	220	44	2	41
229	1	96	41	220	44	2	68
229	1	97	5	220	44	2	122
229	1	97	11	220	44	2	201
229	1	97	27	220	44	2	107
229	1	97	33	220	44	2	28
229	1	98	4	220	44	2	107
229	1	98	20	220	44	2	201
229	1	98	26	220	44	2	122
229	1	98	42	220	44	2	28
229	1	99	5	220	44	2	221
229	1	99	6	220	44	2	84
229	1	99	12	220	44	2	161
229	1	99	16	220	44	2	188
229	1	99	17	220	44	2	228
229	1	99	19	220	44	2	82
229	1	99	21	220	44	2	182
229	1	99	27	220	44	2	8
229	1	99	28	220	44	2	145
229	1	99	34	220	44	2	68
229	1	99	38	220	44	2	41
229	1	99	39	220	44	2	1
229	1	99	41	220	44	2	147
229	1	99	43	220	44	2	47
229	1	100	3	220	44	2	125
229	1	100	6	220	44	3	inf
229	1	100	9	220	44	2	104
229	1	100	14	220	44	3	inf
229	1	100	15	220	44	2	93
229	1	100	16	220	44	3	inf
229	1	100	19	220	44	2	93
229	1	100	25	220	44	2	104
229	1	100	28	220	44	3	inf
229	1	100	31	220	44	2	125
229	1	100	37	220	44	2	136
229	1	100	41	220	44	2	136
229	1	101	0	220	44	2	68
229	1	101	6	220	44	2	145
229	1	101	7	220	44	2	8
229	1	101	13	220	44	2	182
229	1	101	15	220	44	2	82
229	1	101	17	220	44	2	228
229	1	101	18	220	44	2	188
229	1	101	22	220	44	2	161
229	1	101	28	220	44	2	84
229	1	101	29	220	44	2	221
229	1	101	35	220	44	2	47
229	1	101	37	220	44	2	147
229	1	101	39	220	44	2	1
229	1	101	40	220	44	2	41
229	1	102	8	220	44	2	122
229	1	102	14	220	44	2	201
229	1	102	30	220	44	2	107
229	1	102	36	220	44	2	28
229	1	103	1	220	44	2	28
229	1	103	7	220	44	2	107
229	1	103	23	220	44	2	201
229	1	103	29	220	44	2	122
229	1	104	0	220	44	2	147
229	1	104	2	220	44	2	47
229	1	104	8	220	44	2	221
229	1	104	9	220	44	2	84
229	1	104	15	220	44	2	161
229	1	104	19	220	44	2	188
229	1	104	20	220	44	2	228
229	1	104	22	220	44	2	82
229	1	104	24	220	44	2	182
229	1	104	30	220	44	2	8
229	1	104	31	220	44	2	145
229	1	104	37	220	44	2	68
229	1	104	41	220	44	2	41
229	1	104	42	220	44	2	1
229	1	105	0	220	44	2	136
229	1	105	6	220	44	2	125
229	1	105	9	220	44	3	inf
229	1	105	12	220	44	2	104
229	1	105	17	220	44	3	inf
229	1	105	18	220	44	2	93
229	1	105	19	220	44	3	inf
229	1	105	22	220	44	2	93
229	1	105	28	220	44	2	104
229	1	105	31	220	44	3	inf
229	1	105	34	220	44	2	125
229	1	105	40	220	44	2	136
229	1	106	3	220	44	2	68
229	1	106	9	220	44	2	145
229	1	106	10	220	44	2	8
229	1	106	16	220	44	2	182
229	1	106	18	220	44	2	82
229	1	106	20	220	44	2	228
229	1	106	21	220	44	2	188
229	1	106	25	220	44	2	161
229	1	106	31	220	44	2	84
229	1	106	32	220	44	2	221
229	1	106	38	220	44	2	47
229	1	106	40	220	44	2	147
229	1	106	42	220	44	2	1
229	1	106	43	220	44	2	41
229	1	107	11	220	44	2	122
229	1	107	17	220	44	2	201
229	1	107	33	220	44	2	107
229	1	107	39	220	44	2	28
229	1	108	4	220	44	2	28
229	1	108	10	220	44	2	107
229	1	108	26	220	44	2	201
229	1	108	32	220	44	2	122
229	1	109	0	220	44	2	41
229	1	109	1	220	44	2	1
229	1	109	3	220	44	2	147
229	1	109	5	220	44	2	47
229	1	109	11	220	44	2	221
229	1	109	12	220	44	2	84
229	1	109	18	220	44	2	161
229	1	109	22	220	44	2	188
229	1	109	23	220	44	2	228
229	1	109	25	220	44	2	82
229	1	109	27	220	44	2	182
229	1	109	33	220	44	2	8
229	1	109	34	220	44	2	145
229	1	109	40	220	44	2	68
229	1	110	3	220	44	2	136
229	1	110	9	220	44	2	125
229	1	110	12	220	44	3	inf
229	1	110	15	220	44	2	104
229	1	110	20	220	44	3	inf
229	1	110	21	220	44	2	93
229	1	110	22	220	44	3	inf
229	1	110	25	220	44	2	93
229	1	110	31	220	44	2	104
229	1	110	34	220	44	3	inf
229	1	110	37	220	44	2	125
229	1	110	43	220	44	2	136
229	1	111	1	220	44	2	1
229	1	111	2	220	44	2	41
229	1	111	6	220	44	2	68
229	1	111	12	220	44	2	145
229	1	111	13	220	44	2	8
229	1	111	19	220	44	2	182
229	1	111	21	220	44	2	82
229	1	111	23	220	44	2	228
229	1	111	24	220	44	2	188
229	1	111	28	220	44	2	161
229	1	111	34	220	44	2	84
229	1	111	35	220	44	2	221
229	1	111	41	220	44	2	47
229	1	111	43	220	44	2	147
229	1	112	14	220	44	2	122
229	1	112	20	220	44	2	201
229	1	112	36	220	44	2	107
229	1	112	42	220	44	2	28
229	1	113	7	220	44	2	28
229	1	113	13	220	44	2	107
229	1	113	29	220	44	2	201
229	1	113	35	220	44	2	122
229	1	114	3	220	44	2	41
229	1	114	4	220	44	2	1
229	1	114	6	220	44	2	147
229	1	114	8	220	44	2	47
229	1	114	14	220	44	2	221
229	1	114	15	220	44	2	84
229	1	114	21	220	44	2	161
229	1	114	25	220	44	2	188
229	1	114	26	220	44	2	228
229	1	114	28	220	44	2	82
229	1	114	30	220	44	2	182
229	1	114	36	220	44	2	8
229	1	114	37	220	44	2	145
229	1	114	43	220	44	2	68
229	1	115	2	220	44	2	136
229	1	115	6	220	44	2	136
229	1	115	12	220	44	2	125
229	1	115	15	220	44	3	inf
229	1	115	18	220	44	2	104
229	1	115	23	220	44	3	inf
229	1	115	24	220	44	2	93
229	1	115	25	220	44	3	inf
229	1	115	28	220	44	2	93
229	1	115	34	220	44	2	104
229	1	115	37	220	44	3	inf
229	1	115	40	220	44	2	125
229	1	116	0	220	44	2	47
229	1	116	2	220	44	2	147
229	1	116	4	220	44	2	1
229	1	116	5	220	44	2	41
229	1	116	9	220	44	2	68
229	1	116	15	220	44	2	145
229	1	116	16	220	44	2	8
229	1	116	22	220	44	2	182
229	1	116	24	220	44	2	82
229	1	116	26	220	44	2	228
229	1	116	27	220	44	2	188
229	1	116	31	220	44	2	161
229	1	116	37	220	44	2	84
229	1	116	38	220	44	2	221
229	1	117	1	220	44	2	28
229	1	117	17	220	44	2	122
229	1	117	23	220	44	2	201
229	1	117	39	220	44	2	107
229	1	118	10	220	44	2	28
229	1	118	16	220	44	2	107
229	1	118	32	220	44	2	201
229	1	118	38	220	44	2	122
229	1	119	2	220	44	2	68
229	1	119	6	220	44	2	41
229	1	119	7	220	44	2	1
229	1	119	9	220	44	2	147
229	1	119	11	220	44	2	47
229	1	119	17	220	44	2	221
229	1	119	18	220	44	2	84
229	1	119	24	220	44	2	161
229	1	119	28	220	44	2	188
229	1	119	29	220	44	2	228
229	1	119	31	220	44	2	82
229	1	119	33	220	44	2	182
229	1	119	39	220	44	2	8
229	1	119	40	220	44	2	145
229	1	120	5	220	44	2	136
229	1	120	9	220	44	2	136
229	1	120	15	220	44	2	125
229	1	120	18	220	44	3	inf
229	1	120	21	220	44	2	104
229	1	120	26	220	44	3	inf
229	1	120	27	220	44	2	93
229	1	120	28	220	44	3	inf
229	1	120	31	220	44	2	93
229	1	120	37	220	44	2	104
229	1	120	40	220	44	3	inf
229	1	120	43	220	44	2	125
229	1	121	3	220	44	2	47
229	1	121	5	220	44	2	147
229	1	121	7	220	44	2	1
229	1	121	8	220	44	2	41
229	1	121	12	220	44	2	68
229	1	121	18	220	44	2	145
229	1	121	19	220	44	2	8
229	1	121	25	220	44	2	182
229	1	121	27	220	44	2	82
229	1	121	29	220	44	2	228
229	1	121	30	220	44	2	188
229	1	121	34	220	44	2	161
229	1	121	40	220	44	2	84
229	1	121	41	220	44	2	221
229	1	122	4	220	44	2	28
229	1	122	20	220	44	2	122
229	1	122	26	220	44	2	201
229	1	122	42	220	44	2	107
229	1	123	13	220	44	2	28
229	1	123	19	220	44	2	107
229	1	123	35	220	44	2	201
229	1	123	41	220	44	2	122
229	1	124	5	220	44	2	68
229	1	124	9	220	44	2	41
229	1	124	10	220	44	2	1
229	1	124	12	220	44	2	147
229	1	124	14	220	44	2	47
229	1	124	20	220	44	2	221
229	1	124	21	220	44	2	84
229	1	124	27	220	44	2	161
229	1	124	31	220	44	2	188
229	1	124	32	220	44	2	228
229	1	124	34	220	44	2	82
229	1	124	36	220	44	2	182
229	1	124	42	220	44	2	8
229	1	124	43	220	44	2	145
229	1	125	2	220	44	2	125
229	1	125	8	220	44	2	136
229	1	125	12	220	44	2	136
229	1	125	18	220	44	2	125
229	1	125	21	220	44	3	inf
229	1	125	24	220	44	2	104
229	1	125	29	220	44	3	inf
229	1	125	30	220	44	2	93
229	1	125	31	220	44	3	inf
229	1	125	34	220	44	2	93
229	1	125	40	220	44	2	104
229	1	125	43	220	44	3	inf
229	1	126	0	220	44	2	221
229	1	126	6	220	44	2	47
229	1	126	8	220	44	2	147
229	1	126	10	220	44	2	1
229	1	126	11	220	44	2	41
229	1	126	15	220	44	2	68
229	1	126	21	220	44	2	145
229	1	126	22	220	44	2	8
229	1	126	28	220	44	2	182
229	1	126	30	220	44	2	82
229	1	126	32	220	44	2	228
229	1	126	33	220	44	2	188
229	1	126	37	220	44	2	161
229	1	126	43	220	44	2	84
229	1	127	1	220	44	2	107
229	1	127	7	220	44	2	28
229	1	127	23	220	44	2	122
229	1	127	29	220	44	2	201
229	1	128	0	220	44	2	122
229	1	128	16	220	44	2	28
229	1	128	22	220	44	2	107
229	1	128	38	220	44	2	201
229	1	129	1	220	44	2	8
229	1	129	2	220	44	2	145
229	1	129	8	220	44	2	68
229	1	129	12	220	44	2	41
229	1	129	13	220	44	2	1
229	1	129	15	220	44	2	147
229	1	129	17	220	44	2	47
229	1	129	23	220	44	2	221
229	1	129	24	220	44	2	84
229	1	129	30	220	44	2	161
229	1	129	34	220	44	2	188
229	1	129	35	220	44	2	228
229	1	129	37	220	44	2	82
229	1	129	39	220	44	2	182
229	1	130	2	220	44	3	inf
229	1	130	5	220	44	2	125
229	1	130	11	220	44	2	136
229	1	130	15	220	44	2	136
229	1	130	21	220	44	2	125
229	1	130	24	220	44	3	inf
229	1	130	27	220	44	2	104
229	1	130	32	220	44	3	inf
229	1	130	33	220	44	2	93
229	1	130	34	220	44	3	inf
229	1	130	37	220	44	2	93
229	1	130	43	220	44	2	104
229	1	131	2	220	44	2	84
229	1	131	3	220	44	2	221
229	1	131	9	220	44	2	47
229	1	131	11	220	44	2	147
229	1	131	13	220	44	2	1
229	1	131	14	220	44	2	41
229	1	131	18	220	44	2	68
229	1	131	24	220	44	2	145
229	1	131	25	220	44	2	8
229	1	131	31	220	44	2	182
229	1	131	33	220	44	2	82
229	1	131	35	220	44	2	228
229	1	131	36	220	44	2	188
229	1	131	40	220	44	2	161
229	1	132	4	220	44	2	107
229	1	132	10	220	44	2	28
229	1	132	26	220	44	2	122
229	1	132	32	220	44	2	201
229	1	133	3	220	44	2	122
229	1	133	19	220	44	2	28
229	1	133	25	220	44	2	107
229	1	133	41	220	44	2	201
229	1	134	4	220	44	2	8
229	1	134	5	220	44	2	145
229	1	134	11	220	44	2	68
229	1	134	15	220	44	2	41
229	1	134	16	220	44	2	1
229	1	134	18	220	44	2	147
229	1	134	20	220	44	2	47
229	1	134	26	220	44	2	221
229	1	134	27	220	44	2	84
229	1	134	33	220	44	2	161
229	1	134	37	220	44	2	188
229	1	134	38	220	44	2	228
229	1	134	40	220	44	2	82
229	1	134	42	220	44	2	182
229	1	135	2	220	44	2	104
229	1	135	5	220	44	3	inf
229	1	135	8	220	44	2	125
229	1	135	14	220	44	2	136
229	1	135	18	220	44	2	136
229	1	135	24	220	44	2	125
229	1	135	27	220	44	3	inf
229	1	135	30	220	44	2	104
229	1	135	35	220	44	3	inf
229	1	135	36	220	44	2	93
229	1	135	37	220	44	3	inf
229	1	135	40	220	44	2	93
229	1	136	5	220	44	2	84
229	1	136	6	220	44	2	221
229	1	136	12	220	44	2	47
229	1	136	14	220	44	2	147
229	1	136	16	220	44	2	1
229	1	136	17	220	44	2	41
229	1	136	21	220	44	2	68
229	1	136	27	220	44	2	145
229	1	136	28	220	44	2	8
229	1	136	34	220	44	2	182
229	1	136	36	220	44	2	82
229	1	136	38	220	44	2	228
229	1	136	39	220	44	2	188
229	1	136	43	220	44	2	161
229	1	137	7	220	44	2	107
229	1	137	13	220	44	2	28
229	1	137	29	220	44	2	122
229	1	137	35	220	44	2	201
229	1	138	0	220	44	2	201
229	1	138	6	220	44	2	122
229	1	138	22	220	44	2	28
229	1	138	28	220	44	2	107
229	1	139	1	220	44	2	182
229	1	139	7	220	44	2	8
229	1	139	8	220	44	2	145
229	1	139	14	220	44	2	68
229	1	139	18	220	44	2	41
229	1	139	19	220	44	2	1
229	1	139	21	220	44	2	147
229	1	139	23	220	44	2	47
229	1	139	29	220	44	2	221
229	1	139	30	220	44	2	84
229	1	139	36	220	44	2	161
229	1	139	40	220	44	2	188
229	1	139	41	220	44	2	228
229	1	139	43	220	44	2	82
229	1	140	5	220	44	2	104
229	1	140	8	220	44	3	inf
229	1	140	11	220	44	2	125
229	1	140	17	220	44	2	136
229	1	140	21	220	44	2	136
229	1	140	27	220	44	2	125
229	1	140	30	220	44	3	inf
229	1	140	33	220	44	2	104
229	1	140	38	220	44	3	inf
229	1	140	39	220	44	2	93
229	1	140	40	220	44	3	inf
229	1	140	43	220	44	2	93
229	1	141	2	220	44	2	161
229	1	141	8	220	44	2	84
229	1	141	9	220	44	2	221
229	1	141	15	220	44	2	47
229	1	141	17	220	44	2	147
229	1	141	19	220	44	2	1
229	1	141	20	220	44	2	41
229	1	141	24	220	44	2	68
229	1	141	30	220	44	2	145
229	1	141	31	220	44	2	8
229	1	141	37	220	44	2	182
229	1	141	39	220	44	2	82
229	1	141	41	220	44	2	228
229	1	141	42	220	44	2	188
229	1	142	10	220	44	2	107
229	1	142	16	220	44	2	28
229	1	142	32	220	44	2	122
229	1	142	38	220	44	2	201
229	1	143	3	220	44	2	201
229	1	143	9	220	44	2	122
229	1	143	25	220	44	2	28
229	1	143	31	220	44	2	107
229	1	144	0	220	44	2	228
229	1	144	2	220	44	2	82
229	1	144	4	220	44	2	182
229	1	144	10	220	44	2	8
229	1	144	11	220	44	2	145
229	1	144	17	220	44	2	68
229	1	144	21	220	44	2	41
229	1	144	22	220	44	2	1
229	1	144	24	220	44	2	147
229	1	144	26	220	44	2	47
229	1	144	32	220	44	2	221
229	1	144	33	220	44	2	84
229	1	144	39	220	44	2	161
229	1	144	43	220	44	2	188
229	1	145	2	220	44	2	93
229	1	145	8	220	44	2	104
229	1	145	11	220	44	3	inf
229	1	145	14	220	44	2	125
229	1	145	20	220	44	2	136
229	1	145	24	220	44	2	136
229	1	145	30	220	44	2	125
229	1	145	33	220	44	3	inf
229	1	145	36	220	44	2	104
229	1	145	41	220	44	3	inf
229	1	145	42	220	44	2	93
229	1	145	43	220	44	3	inf
229	1	146	0	220	44	2	228
229	1	146	1	220	44	2	188
229	1	146	5	220	44	2	161
229	1	146	11	220	44	2	84
229	1	146	12	220	44	2	221
229	1	146	18	220	44	2	47
229	1	146	20	220	44	2	147
229	1	146	22	220	44	2	1
229	1	146	23	220	44	2	41
229	1	146	27	220	44	2	68
229	1	146	33	220	44	2	145
229	1	146	34	220	44	2	8
229	1	146	40	220	44	2	182
229	1	146	42	220	44	2	82
229	1	147	13	220	44	2	107
229	1	147	19	220	44	2	28
229	1	147	35	220	44	2	122
229	1	147	41	220	44	2	201
229	1	148	6	220	44	2	201
229	1	148	12	220	44	2	122
229	1	148	28	220	44	2	28
229	1	148	34	220	44	2	107
229	1	149	2	220	44	2	188
229	1	149	3	220	44	2	228
229	1	149	5	220	44	2	82
229	1	149	7	220	44	2	182
229	1	149	13	220	44	2	8
229	1	149	14	220	44	2	145
229	1	149	20	220	44	2	68
229	1	149	24	220	44	2	41
229	1	149	25	220	44	2	1
229	1	149	27	220	44	2	147
229	1	149	29	220	44	2	47
229	1	149	35	220	44	2	221
229	1	149	36	220	44	2	84
229	1	149	42	220	44	2	161
229	1	150	0	220	44	3	inf
229	1	150	1	220	44	2	93
229	1	150	2	220	44	3	inf
229	1	150	5	220	44	2	93
229	1	150	11	220	44	2	104
229	1	150	14	220	44	3	inf
229	1	150	17	220	44	2	125
229	1	150	23	220	44	2	136
229	1	150	27	220	44	2	136
229	1	150	33	220	44	2	125
229	1	150	36	220	44	3	inf
229	1	150	39	220	44	2	104
229	1	151	1	220	44	2	82
229	1	151	3	220	44	2	228
229	1	151	4	220	44	2	188
229	1	151	8	220	44	2	161
229	1	151	14	220	44	2	84
229	1	151	15	220	44	2	221
229	1	151	21	220	44	2	47
229	1	151	23	220	44	2	147
229	1	151	25	220	44	2	1
229	1	151	26	220	44	2	41
229	1	151	30	220	44	2	68
229	1	151	36	220	44	2	145
229	1	151	37	220	44	2	8
229	1	151	43	220	44	2	182
229	1	152	0	220	44	2	201
229	1	152	16	220	44	2	107
229	1	152	22	220	44	2	28
229	1	152	38	220	44	2	122
229	1	153	9	220	44	2	201
229	1	153	15	220	44	2	122
229	1	153	31	220	44	2	28
229	1	153	37	220	44	2	107
229	1	154	1	220	44	2	161
229	1	154	5	220	44	2	188
229	1	154	6	220	44	2	228
229	1	154	8	220	44	2	82
229	1	154	10	220	44	2	182
229	1	154	16	220	44	2	8
229	1	154	17	220	44	2	145
229	1	154	23	220	44	2	68
229	1	154	27	220	44	2	41
229	1	154	28	220	44	2	1
229	1	154	30	220	44	2	147
229	1	154	32	220	44	2	47
229	1	154	38	220	44	2	221
229	1	154	39	220	44	2	84
229	1	155	3	220	44	3	inf
229	1	155	4	220	44	2	93
229	1	155	5	220	44	3	inf
229	1	155	8	220	44	2	93
229	1	155	14	220	44	2	104
229	1	155	17	220	44	3	inf
229	1	155	20	220	44	2	125
229	1	155	26	220	44	2	136
229	1	155	30	220	44	2	136
229	1	155	36	220	44	2	125
229	1	155	39	220	44	3	inf
229	1	155	42	220	44	2	104
229	1	156	2	220	44	2	182
229	1	156	4	220	44	2	82
229	1	156	6	220	44	2	228
229	1	156	7	220	44	2	188
229	1	156	11	220	44	2	161
229	1	156	17	220	44	2	84
229	1	156	18	220	44	2	221
229	1	156	24	220	44	2	47
229	1	156	26	220	44	2	147
229	1	156	28	220	44	2	1
229	1	156	29	220	44	2	41
229	1	156	33	220	44	2	68
229	1	156	39	220	44	2	145
229	1	156	40	220	44	2	8
229	1	157	3	220	44	2	201
229	1	157	19	220	44	2	107
229	1	157	25	220	44	2	28
229	1	157	41	220	44	2	122
229	1	158	12	220	44	2	201
229	1	158	18	220	44	2	122
229	1	158	34	220	44	2	28
229	1	158	40	220	44	2	107
229	1	159	4	220	44	2	161
229	1	159	8	220	44	2	188
229	1	159	9	220	44	2	228
229	1	159	11	220	44	2	82
229	1	159	13	220	44	2	182
229	1	159	19	220	44	2	8
229	1	159	20	220	44	2	145
229	1	159	26	220	44	2	68
229	1	159	30	220	44	2	41
229	1	159	31	220	44	2	1
229	1	159	33	220	44	2	147
229	1	159	35	220	44	2	47
229	1	159	41	220	44	2	221
229	1	159	42	220	44	2	84
229	1	160	1	220	44	2	104
229	1	160	6	220	44	3	inf
229	1	160	7	220	44	2	93
229	1	160	8	220	44	3	inf
229	1	160	11	220	44	2	93
229	1	160	17	220	44	2	104
229	1	160	20	220	44	3	inf
229	1	160	23	220	44	2	125
229	1	160	29	220	44	2	136
229	1	160	33	220	44	2	136
229	1	160	39	220	44	2	125
229	1	160	42	220	44	3	inf
229	1	161	5	220	44	2	182
229	1	161	7	220	44	2	82
229	1	161	9	220	44	2	228
229	1	161	10	220	44	2	188
229	1	161	14	220	44	2	161
229	1	161	20	220	44	2	84
229	1	161	21	220	44	2	221
229	1	161	27	220	44	2	47
229	1	161	29	220	44	2	147
229	1	161	31	220	44	2	1
229	1	161	32	220	44	2	41
229	1	161	36	220	44	2	68
229	1	161	42	220	44	2	145
229	1	161	43	220	44	2	8
229	1	162	0	220	44	2	122
229	1	162	6	220	44	2	201
229	1	162	22	220	44	2	107
229	1	162	28	220	44	2	28
229	1	163	15	220	44	2	201
229	1	163	21	220	44	2	122
229	1	163	37	220	44	2	28
229	1	163	43	220	44	2	107
229	1	164	0	220	44	2	221
229	1	164	1	220	44	2	84
229	1	164	7	220	44	2	161
229	1	164	11	220	44	2	188
229	1	164	12	220	44	2	228
229	1	164	14	220	44	2	82
229	1	164	16	220	44	2	182
229	1	164	22	220	44	2	8
229	1	164	23	220	44	2	145
229	1	164	29	220	44	2	68
229	1	164	33	220	44	2	41
229	1	164	34	220	44	2	1
229	1	164	36	220	44	2	147
229	1	164	38	220	44	2	47
229	1	165	1	220	44	3	inf
229	1	165	4	220	44	2	104
229	1	165	9	220	44	3	inf
229	1	165	10	220	44	2	93
229	1	165	11	220	44	3	inf
229	1	165	14	220	44	2	93
229	1	165	20	220	44	2	104
229	1	165	23	220	44	3	inf
229	1	165	26	220	44	2	125
229	1	165	32	220	44	2	136
229	1	165	36	220	44	2	136
229	1	165	42	220	44	2	125
229	1	166	1	220	44	2	145
229	1	166	2	220	44	2	8
229	1	166	8	220	44	2	182
229	1	166	10	220	44	2	82
229	1	166	12	220	44	2	228
229	1	166	13	220	44	2	188
229	1	166	17	220	44	2	161
229	1	166	23	220	44	2	84
229	1	166	24	220	44	2	221
229	1	166	30	220	44	2	47
229	1	166	32	220	44	2	147
229	1	166	34	220	44	2	1
229	1	166	35	220	44	2	41
229	1	166	39	220	44	2	68
229	1	167	3	220	44	2	122
229	1	167	9	220	44	2	201
229	1	167	25	220	44	2	107
229	1	167	31	220	44	2	28
229	1	168	2	220	44	2	107
229	1	168	18	220	44	2	201
229	1	168	24	220	44	2	122
229	1	168	40	220	44	2	28
229	1	169	3	220	44	2	221
229	1	169	4	220	44	2	84
229	1	169	10	220	44	2	161
229	1	169	14	220	44	2	188
229	1	169	15	220	44	2	228
229	1	169	17	220	44	2	82
229	1	169	19	220	44	2	182
229	1	169	25	220	44	2	8
229	1	169	26	220	44	2	145
229	1	169	32	220	44	2	68
229	1	169	36	220	44	2	41
229	1	169	37	220	44	2	1
229	1	169	39	220	44	2	147
229	1	169	41	220	44	2	47
229	1	170	1	220	44	2	125
229	1	170	4	220	44	3	inf
229	1	170	7	220	44	2	104
229	1	170	12	220	44	3	inf
229	1	170	13	220	44	2	93
229	1	170	14	220	44	3	inf
229	1	170	17	220	44	2	93
229	1	170	23	220	44	2	104
229	1	170	26	220	44	3	inf
229	1	170	29	220	44	2	125
229	1	170	35	220	44	2	136
229	1	170	39	220	44	2	136
229	1	171	4	220	44	2	145
229	1	171	5	220	44	2	8
229	1	171	11	220	44	2	182
229	1	171	13	220	44	2	82
229	1	171	15	220	44	2	228
229	1	171	16	220	44	2	188
229	1	171	20	220	44	2	161
229	1	171	26	220	44	2	84
229	1	171	27	220	44	2	221
229	1	171	33	220	44	2	47
229	1	171	35	220	44	2	147
229	1	171	37	220	44	2	1
229	1	171	38	220	44	2	41
229	1	171	42	220	44	2	68
229	1	172	6	220	44	2	122
229	1	172	12	220	44	2	201
229	1	172	28	220	44	2	107
229	1	172	34	220	44	2	28
229	1	173	5	220	44	2	107
229	1	173	21	220	44	2	201
229	1	173	27	220	44	2	122
229	1	173	43	220	44	2	28
229	1	174	0	220	44	2	47
229	1	174	6	220	44	2	221
229	1	174	7	220	44	2	84
229	1	174	13	220	44	2	161
229	1	174	17	220	44	2	188
229	1	174	18	220	44	2	228
229	1	174	20	220	44	2	82
229	1	174	22	220	44	2	182
229	1	174	28	220	44	2	8
229	1	174	29	220	44	2	145
229	1	174	35	220	44	2	68
229	1	174	39	220	44	2	41
229	1	174	40	220	44	2	1
229	1	174	42	220	44	2	147
229	1	175	4	220	44	2	125
229	1	175	7	220	44	3	inf
229	1	175	10	220	44	2	104
229	1	175	15	220	44	3	inf
229	1	175	16	220	44	2	93
229	1	175	17	220	44	3	inf
229	1	175	20	220	44	2	93
229	1	175	26	220	44	2	104
229	1	175	29	220	44	3	inf
229	1	175	32	220	44	2	125
229	1	175	38	220	44	2	136
229	1	175	42	220	44	2	136
229	1	176	1	220	44	2	68
229	1	176	7	220	44	2	145
229	1	176	8	220	44	2	8
229	1	176	14	220	44	2	182
229	1	176	16	220	44	2	82
229	1	176	18	220	44	2	228
229	1	176	19	220	44	2	188
229	1	176	23	220	44	2	161
229	1	176	29	220	44	2	84
229	1	176	30	220	44	2	221
229	1	176	36	220	44	2	47
229	1	176	38	220	44	2	147
229	1	176	40	220	44	2	1
229	1	176	41	220	44	2	41
229	1	177	9	220	44	2	122
229	1	177	15	220	44	2	201
229	1	177	31	220	44	2	107
229	1	177	37	220	44	2	28
229	1	178	2	220	44	2	28
229	1	178	8	220	44	2	107
229	1	178	24	220	44	2	201
229	1	178	30	220	44	2	122
229	1	179	1	220	44	2	147
229	1	179	3	220	44	2	47
229	1	179	9	220	44	2	221
229	1	179	10	220	44	2	84
229	1	179	16	220	44	2	161
229	1	179	20	220	44	2	188
229	1	179	21	220	44	2	228
229	1	179	23	220	44	2	82
229	1	179	25	220	44	2	182
229	1	179	31	220	44	2	8
229	1	179	32	220	44	2	145
229	1	179	38	220	44	2	68
229	1	179	42	220	44	2	41
229	1	179	43	220	44	2	1
229	1	180	1	220	44	2	136
229	1	180	7	220	44	2	125
229	1	180	10	220	44	3	inf
229	1	180	13	220	44	2	104
229	1	180	18	220	44	3	inf
229	1	180	19	220	44	2	93
229	1	180	20	220	44	3	inf
229	1	180	23	220	44	2	93
229	1	180	29	220	44	2	104
229	1	180	32	220	44	3	inf
229	1	180	35	220	44	2	125
229	1	180	41	220	44	2	136
229	1	181	0	220	44	2	41
229	1	181	4	220	44	2	68
229	1	181	10	220	44	2	145
229	1	181	11	220	44	2	8
229	1	181	17	220	44	2	182
229	1	181	19	220	44	2	82
229	1	181	21	220	44	2	228
229	1	181	22	220	44	2	188
229	1	181	26	220	44	2	161
229	1	181	32	220	44	2	84
229	1	181	33	220	44	2	221
229	1	181	39	220	44	2	47
229	1	181	41	220	44	2	147
229	1	181	43	220	44	2	1
229	1	182	12	220	44	2	122
229	1	182	18	220	44	2	201
229	1	182	34	220	44	2	107
229	1	182	40	220	44	2	28
229	1	183	5	220	44	2	28
229	1	183	11	220	44	2	107
229	1	183	27	220	44	2	201
229	1	183	33	220	44	2	122
229	1	184	1	220	44	2	41
229	1	184	2	220	44	2	1
229	1	184	4	220	44	2	147
229	1	184	6	220	44	2	47
229	1	184	12	220	44	2	221
229	1	184	13	220	44	2	84
229	1	184	19	220	44	2	161
229	1	184	23	220	44	2	188
229	1	184	24	220	44	2	228
229	1	184	26	220	44	2	82
229	1	184	28	220	44	2	182
229	1	184	34	220	44	2	8
229	1	184	35	220	44	2	145
229	1	184	41	220	44	2	68
229	1	185	0	220	44	2	136
229	1	185	4	220	44	2	136
229	1	185	10	220	44	2	125
229	1	185	13	220	44	3	inf
229	1	185	16	220	44	2	104
229	1	185	21	220	44	3	inf
229	1	185	22	220	44	2	93
229	1	185	23	220	44	3	inf
229	1	185	26	220	44	2	93
229	1	185	32	220	44	2	104
229	1	185	35	220	44	3	inf
229	1	185	38	220	44	2	125
229	1	186	0	220	44	2	147
229	1	186	2	220	44	2	1
229	1	186	3	220	44	2	41
229	1	186	7	220	44	2	68
229	1	186	13	220	44	2	145
229	1	186	14	220	44	2	8
229	1	186	20	220	44	2	182
229	1	186	22	220	44	2	82
229	1	186	24	220	44	2	228
229	1	186	25	220	44	2	188
229	1	186	29	220	44	2	161
229	1	186	35	220	44	2	84
229	1	186	36	220	44	2	221
229	1	186	42	220	44	2	47
229	1	187	15	220	44	2	122
229	1	187	21	220	44	2	201
229	1	187	37	220	44	2	107
229	1	187	43	220	44	2	28
229	1	188	8	220	44	2	28
229	1	188	14	220	44	2	107
229	1	188	30	220	44	2	201
229	1	188	36	220	44	2	122
229	1	189	0	220	44	2	68
229	1	189	4	220	44	2	41
229	1	189	5	220	44	2	1
229	1	189	7	220	44	2	147
229	1	189	9	220	44	2	47
229	1	189	15	220	44	2	221
229	1	189	16	220	44	2	84
229	1	189	22	220	44	2	161
229	1	189	26	220	44	2	188
229	1	189	27	220	44	2	228
229	1	189	29	220	44	2	82
229	1	189	31	220	44	2	182
229	1	189	37	220	44	2	8
229	1	189	38	220	44	2	145
229	1	190	3	220	44	2	136
229	1	190	7	220	44	2	136
229	1	190	13	220	44	2	125
229	1	190	16	220	44	3	inf
229	1	190	19	220	44	2	104
229	1	190	24	220	44	3	inf
229	1	190	25	220	44	2	93
229	1	190	26	220	44	3	inf
229	1	190	29	220	44	2	93
229	1	190	35	220	44	2	104
229	1	190	38	220	44	3	inf
229	1	190	41	220	44	2	125
229	1	191	1	220	44	2	47
229	1	191	3	220	44	2	147
229	1	191	5	220	44	2	1
229	1	191	6	220	44	2	41
229	1	191	10	220	44	2	68
229	1	191	16	220	44	2	145
229	1	191	17	220	44	2	8
229	1	191	23	220	44	2	182
229	1	191	25	220	44	2	82
229	1	191	27	220	44	2	228
229	1	191	28	220	44	2	188
229	1	191	32	220	44	2	161
229	1	191	38	220	44	2	84
229	1	191	39	220	44	2	221
229	1	192	2	220	44	2	28
229	1	192	18	220	44	2	122
229	1	192	24	220	44	2	201
229	1	192	40	220	44	2	107
229	1	193	11	220	44	2	28
229	1	193	17	220	44	2	107
229	1	193	33	220	44	2	201
229	1	193	39	220	44	2	122
229	1	194	3	220	44	2	68
229	1	194	7	220	44	2	41
229	1	194	8	220	44	2	1
229	1	194	10	220	44	2	147
229	1	194	12	220	44	2	47
229	1	194	18	220	44	2	221
229	1	194	19	220	44	2	84
229	1	194	25	220	44	2	161
229	1	194	29	220	44	2	188
229	1	194	30	220	44	2	228
229	1	194	32	220	44	2	82
229	1	194	34	220	44	2	182
229	1	194	40	220	44	2	8
229	1	194	41	220	44	2	145
229	1	195	0	220	44	2	125
229	1	195	6	220	44	2	136
229	1	195	10	220	44	2	136
229	1	195	16	220	44	2	125
229	1	195	19	220	44	3	inf
229	1	195	22	220	44	2	104
229	1	195	27	220	44	3	inf
229	1	195	28	220	44	2	93
229	1	195	29	220	44	3	inf
229	1	195	32	220	44	2	93
229	1	195	38	220	44	2	104
229	1	195	41	220	44	3	inf
229	1	196	4	220	44	2	47
229	1	196	6	220	44	2	147
229	1	196	8	220	44	2	1
229	1	196	9	220	44	2	41
229	1	196	13	220	44	2	68
229	1	196	19	220	44	2	145
229	1	196	20	220	44	2	8
229	1	196	26	220	44	2	182
229	1	196	28	220	44	2	82
229	1	196	30	220	44	2	228
229	1	196	31	220	44	2	188
229	1	196	35	220	44	2	161
229	1	196	41	220	44	2	84
229	1	196	42	220	44	2	221
229	1	197	5	220	44	2	28
229	1	197	21	220	44	2	122
229	1	197	27	220	44	2	201
229	1	197	43	220	44	2	107
229	1	198	14	220	44	2	28
229	1	198	20	220	44	2	107
229	1	198	36	220	44	2	201
229	1	198	42	220	44	2	122
229	1	199	0	220	44	2	145
229	1	199	6	220	44	2	68
229	1	199	10	220	44	2	41
229	1	199	11	220	44	2	1
229	1	199	13	220	44	2	147
229	1	199	15	220	44	2	47
229	1	199	21	220	44	2	221
229	1	199	22	220	44	2	84
229	1	199	28	220	44	2	161
229	1	199	32	220	44	2	188
229	1	199	33	220	44	2	228
229	1	199	35	220	44	2	82
229	1	199	37	220	44	2	182
229	1	199	43	220	44	2	8
229	1	200	0	220	44	3	inf
229	1	200	3	220	44	2	125
229	1	200	9	220	44	2	136
229	1	200	13	220	44	2	136
229	1	200	19	220	44	2	125
229	1	200	22	220	44	3	inf
229	1	200	25	220	44	2	104
229	1	200	30	220	44	3	inf
229	1	200	31	220	44	2	93
229	1	200	32	220	44	3	inf
229	1	200	35	220	44	2	93
229	1	200	41	220	44	2	104
229	1	201	0	220	44	2	84
229	1	201	1	220	44	2	221
229	1	201	7	220	44	2	47
229	1	201	9	220	44	2	147
229	1	201	11	220	44	2	1
229	1	201	12	220	44	2	41
229	1	201	16	220	44	2	68
229	1	201	22	220	44	2	145
229	1	201	23	220	44	2	8
229	1	201	29	220	44	2	182
229	1	201	31	220	44	2	82
229	1	201	33	220	44	2	228
229	1	201	34	220	44	2	188
229	1	201	38	220	44	2	161
229	1	202	2	220	44	2	107
229	1	202	8	220	44	2	28
229	1	202	24	220	44	2	122
229	1	202	30	220	44	2	201
229	1	203	1	220	44	2	122
229	1	203	17	220	44	2	28
229	1	203	23	220	44	2	107
229	1	203	39	220	44	2	201
229	1	204	2	220	44	2	8
229	1	204	3	220	44	2	145
229	1	204	9	220	44	2	68
229	1	204	13	220	44	2	41
229	1	204	14	220	44	2	1
229	1	204	16	220	44	2	147
229	1	204	18	220	44	2	47
229	1	204	24	220	44	2	221
229	1	204	25	220	44	2	84
229	1	204	31	220	44	2	161
229	1	204	35	220	44	2	188
229	1	204	36	220	44	2	228
229	1	204	38	220	44	2	82
229	1	204	40	220	44	2	182
229	1	205	0	220	44	2	104
229	1	205	3	220	44	3	inf
229	1	205	6	220	44	2	125
229	1	205	12	220	44	2	136
229	1	205	16	220	44	2	136
229	1	205	22	220	44	2	125
229	1	205	25	220	44	3	inf
229	1	205	28	220	44	2	104
229	1	205	33	220	44	3	inf
229	1	205	34	220	44	2	93
229	1	205	35	220	44	3	inf
229	1	205	38	220	44	2	93
229	1	206	3	220	44	2	84
229	1	206	4	220	44	2	221
229	1	206	10	220	44	2	47
229	1	206	12	220	44	2	147
229	1	206	14	220	44	2	1
229	1	206	15	220	44	2	41
229	1	206	19	220	44	2	68
229	1	206	25	220	44	2	145
229	1	206	26	220	44	2	8
229	1	206	32	220	44	2	182
229	1	206	34	220	44	2	82
229	1	206	36	220	44	2	228
229	1	206	37	220	44	2	188
229	1	206	41	220	44	2	161
229	1	207	5	220	44	2	107
229	1	207	11	220	44	2	28
229	1	207	27	220	44	2	122
229	1	207	33	220	44	2	201
229	1	208	4	220	44	2	122
229	1	208	20	220	44	2	28
229	1	208	26	220	44	2	107
229	1	208	42	220	44	2	201
229	1	209	5	220	44	2	8
229	1	209	6	220	44	2	145
229	1	209	12	220	44	2	68
229	1	209	16	220	44	2	41
229	1	209	17	220	44	2	1
229	1	209	19	220	44	2	147
229	1	209	21	220	44	2	47
229	1	209	27	220	44	2	221
229	1	209	28	220	44	2	84
229	1	209	34	220	44	2	161
229	1	209	38	220	44	2	188
229	1	209	39	220	44	2	228
229	1	209	41	220	44	2	82
229	1	209	43	220	44	2	182
229	1	210	3	220	44	2	104
229	1	210	6	220	44	3	inf
229	1	210	9	220	44	2	125
229	1	210	15	220	44	2	136
229	1	210	19	220	44	2	136
229	1	210	25	220	44	2	125
229	1	210	28	220	44	3	inf
229	1	210	31	220	44	2	104
229	1	210	36	220	44	3	inf
229	1	210	37	220	44	2	93
229	1	210	38	220	44	3	inf
229	1	210	41	220	44	2	93
229	1	211	0	220	44	2	161
229	1	211	6	220	44	2	84
229	1	211	7	220	44	2	221
229	1	211	13	220	44	2	47
229	1	211	15	220	44	2	147
229	1	211	17	220	44	2	1
229	1	211	18	220	44	2	41
229	1	211	22	220	44	2	68
229	1	211	28	220	44	2	145
229	1	211	29	220	44	2	8
229	1	211	35	220	44	2	182
229	1	211	37	220	44	2	82
229	1	211	39	220	44	2	228
229	1	211	40	220	44	2	188
229	1	212	8	220	44	2	107
229	1	212	14	220	44	2	28
229	1	212	30	220	44	2	122
229	1	212	36	220	44	2	201
229	1	213	1	220	44	2	201
229	1	213	7	220	44	2	122
229	1	213	23	220	44	2	28
229	1	213	29	220	44	2	107
229	1	214	0	220	44	2	82
229	1	214	2	220	44	2	182
229	1	214	8	220	44	2	8
229	1	214	9	220	44	2	145
229	1	214	15	220	44	2	68
229	1	214	19	220	44	2	41
229	1	214	20	220	44	2	1
229	1	214	22	220	44	2	147
229	1	214	24	220	44	2	47
229	1	214	30	220	44	2	221
229	1	214	31	220	44	2	84
229	1	214	37	220	44	2	161
229	1	214	41	220	44	2	188
229	1	214	42	220	44	2	228
229	1	215	0	220	44	2	93
229	1	215	6	220	44	2	104
229	1	215	9	220	44	3	inf
229	1	215	12	220	44	2	125
229	1	215	18	220	44	2	136
229	1	215	22	220	44	2	136
229	1	215	28	220	44	2	125
229	1	215	31	220	44	3	inf
229	1	215	34	220	44	2	104
229	1	215	39	220	44	3	inf
229	1	215	40	220	44	2	93
229	1	215	41	220	44	3	inf
229	1	216	3	220	44	2	161
229	1	216	9	220	44	2	84
229	1	216	10	220	44	2	221
229	1	216	16	220	44	2	47
229	1	216	18	220	44	2	147
229	1	216	20	220	44	2	1
229	1	216	21	220	44	2	41
229	1	216	25	220	44	2	68
229	1	216	31	220	44	2	145
229	1	216	32	220	44	2	8
229	1	216	38	220	44	2	182
229	1	216	40	220	44	2	82
229	1	216	42	220	44	2	228
229	1	216	43	220	44	2	188
229	1	217	11	220	44	2	107
229	1	217	17	220	44	2	28
229	1	217	33	220	44	2	122
229	1	217	39	220	44	2	201
229	1	218	4	220	44	2	201
229	1	218	10	220	44	2	122
229	1	218	26	220	44	2	28
229	1	218	32	220	44	2	107
229	1	219	0	220	44	2	188
229	1	219	1	220	44	2	228
229	1	219	3	220	44	2	82
229	1	219	5	220	44	2	182
229	1	219	11	220	44	2	8
229	1	219	12	220	44	2	145
229	1	219	18	220	44	2	68
229	1	219	22	220	44	2	41
229	1	219	23	220	44	2	1
229	1	219	25	220	44	2	147
229	1	219	27	220	44	2	47
229	1	219	33	220	44	2	221
229	1	219	34	220	44	2	84
229	1	219	40	220	44	2	161
229	2	0	1	220	44	3	inf
229	2	0	4	220	44	2	104
229	2	0	9	220	44	3	inf
229	2	0	10	220	44	2	93
229	2	0	11	220	44	3	inf
229	2	0	14	220	44	2	93
229	2	0	20	220	44	2	104
229	2	0	23	220	44	3	inf
229	2	0	26	220	44	2	125
229	2	0	32	220	44	2	136
229	2	0	36	220	44	2	136
229	2	0	42	220	44	2	125
229	2	1	1	220	44	2	145
229	2	1	2	220	44	2	8
229	2	1	8	220	44	2	182
229	2	1	10	220	44	2	82
229	2	1	12	220	44	2	228
229	2	1	13	220	44	2	188
229	2	1	17	220	44	2	161
229	2	1	23	220	44	2	84
229	2	1	24	220	44	2	221
229	2	1	30	220	44	2	47
229	2	1	32	220	44	2	147
229	2	1	34	220	44	2	1
229	2	1	35	220	44	2	41
229	2	1	39	220	44	2	68
229	2	2	3	220	44	2	122
229	2	2	9	220	44	2	201
229	2	2	25	220	44	2	107
229	2	2	31	220	44	2	28
229	2	3	2	220	44	2	107
229	2	3	18	220	44	2	201
229	2	3	24	220	44	2	122
229	2	3	40	220	44	2	28
229	2	4	3	220	44	2	221
229	2	4	4	220	44	2	84
229	2	4	10	220	44	2	161
229	2	4	14	220	44	2	188
229	2	4	15	220	44	2	228
229	2	4	17	220	44	2	82
229	2	4	19	220	44	2	182
229	2	4	25	220	44	2	8
229	2	4	26	220	44	2	145
229	2	4	32	220	44	2	68
229	2	4	36	220	44	2	41
229	2	4	37	220	44	2	1
229	2	4	39	220	44	2	147
229	2	4	41	220	44	2	47
229	2	5	1	220	44	2	125
229	2	5	4	220	44	3	inf
229	2	5	7	220	44	2	104
229	2	5	12	220	44	3	inf
229	2	5	13	220	44	2	93
229	2	5	14	220	44	3	inf
229	2	5	17	220	44	2	93
229	2	5	23	220	44	2	104
229	2	5	26	220	44	3	inf
229	2	5	29	220	44	2	125
229	2	5	35	220	44	2	136
229	2	5	39	220	44	2	136
229	2	6	4	220	44	2	145
229	2	6	5	220	44	2	8
229	2	6	11	220	44	2	182
229	2	6	13	220	44	2	82
229	2	6	15	220	44	2	228
229	2	6	16	220	44	2	188
229	2	6	20	220	44	2	161
229	2	6	26	220	44	2	84
229	2	6	27	220	44	2	221
229	2	6	33	220	44	2	47
229	2	6	35	220	44	2	147
229	2	6	37	220	44	2	1
229	2	6	38	220	44	2	41
229	2	6	42	220	44	2	68
229	2	7	6	220	44	2	122
229	2	7	12	220	44	2	201
229	2	7	28	220	44	2	107
229	2	7	34	220	44	2	28
229	2	8	5	220	44	2	107
229	2	8	21	220	44	2	201
229	2	8	27	220	44	2	122
229	2	8	43	220	44	2	28
229	2	9	0	220	44	2	47
229	2	9	6	220	44	2	221
229	2	9	7	220	44	2	84
229	2	9	13	220	44	2	161
229	2	9	17	220	44	2	188
229	2	9	18	220	44	2	228
229	2	9	20	220	44	2	82
229	2	9	22	220	44	2	182
229	2	9	28	220	44	2	8
229	2	9	29	220	44	2	145
229	2	9	35	220	44	2	68
229	2	9	39	220	44	2	41
229	2	9	40	220	44	2	1
229	2	9	42	220	44	2	147
229	2	10	4	220	44	2	125
229	2	10	7	220	44	3	inf
229	2	10	10	220	44	2	104
229	2	10	15	220	44	3	inf
229	2	10	16	220	44	2	93
229	2	10	17	220	44	3	inf
229	2	10	20	220	44	2	93
229	2	10	26	220	44	2	104
229	2	10	29	220	44	3	inf
229	2	10	32	220	44	2	125
229	2	10	38	220	44	2	136
229	2	10	42	220	44	2	136
229	2	11	1	220	44	2	68
229	2	11	7	220	44	2	145
229	2	11	8	220	44	2	8
229	2	11	14	220	44	2	182
229	2	11	16	220	44	2	82
229	2	11	18	220	44	2	228
229	2	11	19	220	44	2	188
229	2	11	23	220	44	2	161
229	2	11	29	220	44	2	84
229	2	11	30	220	44	2	221
229	2	11	36	220	44	2	47
229	2	11	38	220	44	2	147
229	2	11	40	220	44	2	1
229	2	11	41	220	44	2	41
229	2	12	9	220	44	2	122
229	2	12	15	220	44	2	201
229	2	12	31	220	44	2	107
229	2	12	37	220	44	2	28
229	2	13	2	220	44	2	28
229	2	13	8	220	44	2	107
229	2	13	24	220	44	2	201
229	2	13	30	220	44	2	122
229	2	14	1	220	44	2	147
229	2	14	3	220	44	2	47
229	2	14	9	220	44	2	221
229	2	14	10	220	44	2	84
229	2	14	16	220	44	2	161
229	2	14	20	220	44	2	188
229	2	14	21	220	44	2	228
229	2	14	23	220	44	2	82
229	2	14	25	220	44	2	182
229	2	14	31	220	44	2	8
229	2	14	32	220	44	2	145
229	2	14	38	220	44	2	68
229	2	14	42	220	44	2	41
229	2	14	43	220	44	2	1
229	2	15	1	220	44	2	136
229	2	15	7	220	44	2	125
229	2	15	10	220	44	3	inf
229	2	15	13	220	44	2	104
229	2	15	18	220	44	3	inf
229	2	15	19	220	44	2	93
229	2	15	20	220	44	3	inf
229	2	15	23	220	44	2	93
229	2	15	29	220	44	2	104
229	2	15	32	220	44	3	inf
229	2	15	35	220	44	2	125
229	2	15	41	220	44	2	136
229	2	16	0	220	44	2	41
229	2	16	4	220	44	2	68
229	2	16	10	220	44	2	145
229	2	16	11	220	44	2	8
229	2	16	17	220	44	2	182
229	2	16	19	220	44	2	82
229	2	16	21	220	44	2	228
229	2	16	22	220	44	2	188
229	2	16	26	220	44	2	161
229	2	16	32	220	44	2	84
229	2	16	33	220	44	2	221
229	2	16	39	220	44	2	47
229	2	16	41	220	44	2	147
229	2	16	43	220	44	2	1
229	2	17	12	220	44	2	122
229	2	17	18	220	44	2	201
229	2	17	34	220	44	2	107
229	2	17	40	220	44	2	28
229	2	18	5	220	44	2	28
229	2	18	11	220	44	2	107
229	2	18	27	220	44	2	201
229	2	18	33	220	44	2	122
229	2	19	1	220	44	2	41
229	2	19	2	220	44	2	1
229	2	19	4	220	44	2	147
229	2	19	6	220	44	2	47
229	2	19	12	220	44	2	221
229	2	19	13	220	44	2	84
229	2	19	19	220	44	2	161
229	2	19	23	220	44	2	188
229	2	19	24	220	44	2	228
229	2	19	26	220	44	2	82
229	2	19	28	220	44	2	182
229	2	19	34	220	44	2	8
229	2	19	35	220	44	2	145
229	2	19	41	220	44	2	68
229	2	20	0	220	44	2	136
229	2	20	4	220	44	2	136
229	2	20	10	220	44	2	125
229	2	20	13	220	44	3	inf
229	2	20	16	220	44	2	104
229	2	20	21	220	44	3	inf
229	2	20	22	220	44	2	93
229	2	20	23	220	44	3	inf
229	2	20	26	220	44	2	93
229	2	20	32	220	44	2	104
229	2	20	35	220	44	3	inf
229	2	20	38	220	44	2	125
229	2	21	0	220	44	2	147
229	2	21	2	220	44	2	1
229	2	21	3	220	44	2	41
229	2	21	7	220	44	2	68
229	2	21	13	220	44	2	145
229	2	21	14	220	44	2	8
229	2	21	20	220	44	2	182
229	2	21	22	220	44	2	82
229	2	21	24	220	44	2	228
229	2	21	25	220	44	2	188
229	2	21	29	220	44	2	161
229	2	21	35	220	44	2	84
229	2	21	36	220	44	2	221
229	2	21	42	220	44	2	47
229	2	22	15	220	44	2	122
229	2	22	21	220	44	2	201
229	2	22	37	220	44	2	107
229	2	22	43	220	44	2	28
229	2	23	8	220	44	2	28
229	2	23	14	220	44	2	107
229	2	23	30	220	44	2	201
229	2	23	36	220	44	2	122
229	2	24	0	220	44	2	68
229	2	24	4	220	44	2	41
229	2	24	5	220	44	2	1
229	2	24	7	220	44	2	147
229	2	24	9	220	44	2	47
229	2	24	15	220	44	2	221
229	2	24	16	220	44	2	84
229	2	24	22	220	44	2	161
229	2	24	26	220	44	2	188
229	2	24	27	220	44	2	228
229	2	24	29	220	44	2	82
229	2	24	31	220	44	2	182
229	2	24	37	220	44	2	8
229	2	24	38	220	44	2	145
229	2	25	3	220	44	2	136
229	2	25	7	220	44	2	136
229	2	25	13	220	44	2	125
229	2	25	16	220	44	3	inf
229	2	25	19	220	44	2	104
229	2	25	24	220	44	3	inf
229	2	25	25	220	44	2	93
229	2	25	26	220	44	3	inf
229	2	25	29	220	44	2	93
229	2	25	35	220	44	2	104
229	2	25	38	220	44	3	inf
229	2	25	41	220	44	2	125
229	2	26	1	220	44	2	47
229	2	26	3	220	44	2	147
229	2	26	5	220	44	2	1
229	2	26	6	220	44	2	41
229	2	26	10	220	44	2	68
229	2	26	16	220	44	2	145
229	2	26	17	220	44	2	8
229	2	26	23	220	44	2	182
229	2	26	25	220	44	2	82
229	2	26	27	220	44	2	228
229	2	26	28	220	44	2	188
229	2	26	32	220	44	2	161
229	2	26	38	220	44	2	84
229	2	26	39	220	44	2	221
229	2	27	2	220	44	2	28
229	2	27	18	220	44	2	122
229	2	27	24	220	44	2	201
229	2	27	40	220	44	2	107
229	2	28	11	220	44	2	28
229	2	28	17	220	44	2	107
229	2	28	33	220	44	2	201
229	2	28	39	220	44	2	122
229	2	29	3	220	44	2	68
229	2	29	7	220	44	2	41
229	2	29	8	220	44	2	1
229	2	29	10	220	44	2	147
229	2	29	12	220	44	2	47
229	2	29	18	220	44	2	221
229	2	29	19	220	44	2	84
229	2	29	25	220	44	2	161
229	2	29	29	220	44	2	188
229	2	29	30	220	44	2	228
229	2	29	32	220	44	2	82
229	2	29	34	220	44	2	182
229	2	29	40	220	44	2	8
229	2	29	41	220	44	2	145
229	2	30	0	220	44	2	125
229	2	30	6	220	44	2	136
229	2	30	10	220	44	2	136
229	2	30	16	220	44	2	125
229	2	30	19	220	44	3	inf
229	2	30	22	220	44	2	104
229	2	30	27	220	44	3	inf
229	2	30	28	220	44	2	93
229	2	30	29	220	44	3	inf
229	2	30	32	220	44	2	93
229	2	30	38	220	44	2	104
229	2	30	41	220	44	3	inf
229	2	31	4	220	44	2	47
229	2	31	6	220	44	2	147
229	2	31	8	220	44	2	1
229	2	31	9	220	44	2	41
229	2	31	13	220	44	2	68
229	2	31	19	220	44	2	145
229	2	31	20	220	44	2	8
229	2	31	26	220	44	2	182
229	2	31	28	220	44	2	82
229	2	31	30	220	44	2	228
229	2	31	31	220	44	2	188
229	2	31	35	220	44	2	161
229	2	31	41	220	44	2	84
229	2	31	42	220	44	2	221
229	2	32	5	220	44	2	28
229	2	32	21	220	44	2	122
229	2	32	27	220	44	2	201
229	2	32	43	220	44	2	107
229	2	33	14	220	44	2	28
229	2	33	20	220	44	2	107
229	2	33	36	220	44	2	201
229	2	33	42	220	44	2	122
229	2	34	0	220	44	2	145
229	2	34	6	220	44	2	68
229	2	34	10	220	44	2	41
229	2	34	11	220	44	2	1
229	2	34	13	220	44	2	147
229	2	34	15	220	44	2	47
229	2	34	21	220	44	2	221
229	2	34	22	220	44	2	84
229	2	34	28	220	44	2	161
229	2	34	32	220	44	2	188
229	2	34	33	220	44	2	228
229	2	34	35	220	44	2	82
229	2	34	37	220	44	2	182
229	2	34	43	220	44	2	8
229	2	35	0	220	44	3	inf
229	2	35	3	220	44	2	125
229	2	35	9	220	44	2	136
229	2	35	13	220	44	2	136
229	2	35	19	220	44	2	125
229	2	35	22	220	44	3	inf
229	2	35	25	220	44	2	104
229	2	35	30	220	44	3	inf
229	2	35	31	220	44	2	93
229	2	35	32	220	44	3	inf
229	2	35	35	220	44	2	93
229	2	35	41	220	44	2	104
229	2	36	0	220	44	2	84
229	2	36	1	220	44	2	221
229	2	36	7	220	44	2	47
229	2	36	9	220	44	2	147
229	2	36	11	220	44	2	1
229	2	36	12	220	44	2	41
229	2	36	16	220	44	2	68
229	2	36	22	220	44	2	145
229	2	36	23	220	44	2	8
229	2	36	29	220	44	2	182
229	2	36	31	220	44	2	82
229	2	36	33	220	44	2	228
229	2	36	34	220	44	2	188
229	2	36	38	220	44	2	161
229	2	37	2	220	44	2	107
229	2	37	8	220	44	2	28
229	2	37	24	220	44	2	122
229	2	37	30	220	44	2	201
229	2	38	1	220	44	2	122
229	2	38	17	220	44	2	28
229	2	38	23	220	44	2	107
229	2	38	39	220	44	2	201
229	2	39	2	220	44	2	8
229	2	39	3	220	44	2	145
229	2	39	9	220	44	2	68
229	2	39	13	220	44	2	41
229	2	39	14	220	44	2	1
229	2	39	16	220	44	2	147
229	2	39	18	220	44	2	47
229	2	39	24	220	44	2	221
229	2	39	25	220	44	2	84
229	2	39	31	220	44	2	161
229	2	39	35	220	44	2	188
229	2	39	36	220	44	2	228
229	2	39	38	220	44	2	82
229	2	39	40	220	44	2	182
229	2	40	0	220	44	2	104
229	2	40	3	220	44	3	inf
229	2	40	6	220	44	2	125
229	2	40	12	220	44	2	136
229	2	40	16	220	44	2	136
229	2	40	22	220	44	2	125
229	2	40	25	220	44	3	inf
229	2	40	28	220	44	2	104
229	2	40	33	220	44	3	inf
229	2	40	34	220	44	2	93
229	2	40	35	220	44	3	inf
229	2	40	38	220	44	2	93
229	2	41	3	220	44	2	84
229	2	41	4	220	44	2	221
229	2	41	10	220	44	2	47
229	2	41	12	220	44	2	147
229	2	41	14	220	44	2	1
229	2	41	15	220	44	2	41
229	2	41	19	220	44	2	68
229	2	41	25	220	44	2	145
229	2	41	26	220	44	2	8
229	2	41	32	220	44	2	182
229	2	41	34	220	44	2	82
229	2	41	36	220	44	2	228
229	2	41	37	220	44	2	188
229	2	41	41	220	44	2	161
229	2	42	5	220	44	2	107
229	2	42	11	220	44	2	28
229	2	42	27	220	44	2	122
229	2	42	33	220	44	2	201
229	2	43	4	220	44	2	122
229	2	43	20	220	44	2	28
229	2	43	26	220	44	2	107
229	2	43	42	220	44	2	201
229	2	44	5	220	44	2	8
229	2	44	6	220	44	2	145
229	2	44	12	220	44	2	68
229	2	44	16	220	44	2	41
229	2	44	17	220	44	2	1
229	2	44	19	220	44	2	147
229	2	44	21	220	44	2	47
229	2	44	27	220	44	2	221
229	2	44	28	220	44	2	84
229	2	44	34	220	44	2	161
229	2	44	38	220	44	2	188
229	2	44	39	220	44	2	228
229	2	44	41	220	44	2	82
229	2	44	43	220	44	2	182
229	2	45	3	220	44	2	104
229	2	45	6	220	44	3	inf
229	2	45	9	220	44	2	125
229	2	45	15	220	44	2	136
229	2	45	19	220	44	2	136
229	2	45	25	220	44	2	125
229	2	45	28	220	44	3	inf
229	2	45	31	220	44	2	104
229	2	45	36	220	44	3	inf
229	2	45	37	220	44	2	93
229	2	45	38	220	44	3	inf
229	2	45	41	220	44	2	93
229	2	46	0	220	44	2	161
229	2	46	6	220	44	2	84
229	2	46	7	220	44	2	221
229	2	46	13	220	44	2	47
229	2	46	15	220	44	2	147
229	2	46	17	220	44	2	1
229	2	46	18	220	44	2	41
229	2	46	22	220	44	2	68
229	2	46	28	220	44	2	145
229	2	46	29	220	44	2	8
229	2	46	35	220	44	2	182
229	2	46	37	220	44	2	82
229	2	46	39	220	44	2	228
229	2	46	40	220	44	2	188
229	2	47	8	220	44	2	107
229	2	47	14	220	44	2	28
229	2	47	30	220	44	2	122
229	2	47	36	220	44	2	201
229	2	48	1	220	44	2	201
229	2	48	7	220	44	2	122
229	2	48	23	220	44	2	28
229	2	48	29	220	44	2	107
229	2	49	0	220	44	2	82
229	2	49	2	220	44	2	182
229	2	49	8	220	44	2	8
229	2	49	9	220	44	2	145
229	2	49	15	220	44	2	68
229	2	49	19	220	44	2	41
229	2	49	20	220	44	2	1
229	2	49	22	220	44	2	147
229	2	49	24	220	44	2	47
229	2	49	30	220	44	2	221
229	2	49	31	220	44	2	84
229	2	49	37	220	44	2	161
229	2	49	41	220	44	2	188
229	2	49	42	220	44	2	228
229	2	50	0	220	44	2	93
229	2	50	6	220	44	2	104
229	2	50	9	220	44	3	inf
229	2	50	12	220	44	2	125
229	2	50	18	220	44	2	136
229	2	50	22	220	44	2	136
229	2	50	28	220	44	2	125
229	2	50	31	220	44	3	inf
229	2	50	34	220	44	2	104
229	2	50	39	220	44	3	inf
229	2	50	40	220	44	2	93
229	2	50	41	220	44	3	inf
229	2	51	3	220	44	2	161
229	2	51	9	220	44	2	84
229	2	51	10	220	44	2	221
229	2	51	16	220	44	2	47
229	2	51	18	220	44	2	147
229	2	51	20	220	44	2	1
229	2	51	21	220	44	2	41
229	2	51	25	220	44	2	68
229	2	51	31	220	44	2	145
229	2	51	32	220	44	2	8
229	2	51	38	220	44	2	182
229	2	51	40	220	44	2	82
229	2	51	42	220	44	2	228
229	2	51	43	220	44	2	188
229	2	52	11	220	44	2	107
229	2	52	17	220	44	2	28
229	2	52	33	220	44	2	122
229	2	52	39	220	44	2	201
229	2	53	4	220	44	2	201
229	2	53	10	220	44	2	122
229	2	53	26	220	44	2	28
229	2	53	32	220	44	2	107
229	2	54	0	220	44	2	188
229	2	54	1	220	44	2	228
229	2	54	3	220	44	2	82
229	2	54	5	220	44	2	182
229	2	54	11	220	44	2	8
229	2	54	12	220	44	2	145
229	2	54	18	220	44	2	68
229	2	54	22	220	44	2	41
229	2	54	23	220	44	2	1
229	2	54	25	220	44	2	147
229	2	54	27	220	44	2	47
229	2	54	33	220	44	2	221
229	2	54	34	220	44	2	84
229	2	54	40	220	44	2	161
229	2	55	0	220	44	3	inf
229	2	55	3	220	44	2	93
229	2	55	9	220	44	2	104
229	2	55	12	220	44	3	inf
229	2	55	15	220	44	2	125
229	2	55	21	220	44	2	136
229	2	55	25	220	44	2	136
229	2	55	31	220	44	2	125
229	2	55	34	220	44	3	inf
229	2	55	37	220	44	2	104
229	2	55	42	220	44	3	inf
229	2	55	43	220	44	2	93
229	2	56	1	220	44	2	228
229	2	56	2	220	44	2	188
229	2	56	6	220	44	2	161
229	2	56	12	220	44	2	84
229	2	56	13	220	44	2	221
229	2	56	19	220	44	2	47
229	2	56	21	220	44	2	147
229	2	56	23	220	44	2	1
229	2	56	24	220	44	2	41
229	2	56	28	220	44	2	68
229	2	56	34	220	44	2	145
229	2	56	35	220	44	2	8
229	2	56	41	220	44	2	182
229	2	56	43	220	44	2	82
229	2	57	14	220	44	2	107
229	2	57	20	220	44	2	28
229	2	57	36	220	44	2	122
229	2	57	42	220	44	2	201
229	2	58	7	220	44	2	201
229	2	58	13	220	44	2	122
229	2	58	29	220	44	2	28
229	2	58	35	220	44	2	107
229	2	59	3	220	44	2	188
229	2	59	4	220	44	2	228
229	2	59	6	220	44	2	82
229	2	59	8	220	44	2	182
229	2	59	14	220	44	2	8
229	2	59	15	220	44	2	145
229	2	59	21	220	44	2	68
229	2	59	25	220	44	2	41
229	2	59	26	220	44	2	1
229	2	59	28	220	44	2	147
229	2	59	30	220	44	2	47
229	2	59	36	220	44	2	221
229	2	59	37	220	44	2	84
229	2	59	43	220	44	2	161
229	2	60	1	220	44	3	inf
229	2	60	2	220	44	2	93
229	2	60	3	220	44	3	inf
229	2	60	6	220	44	2	93
229	2	60	12	220	44	2	104
229	2	60	15	220	44	3	inf
229	2	60	18	220	44	2	125
229	2	60	24	220	44	2	136
229	2	60	28	220	44	2	136
229	2	60	34	220	44	2	125
229	2	60	37	220	44	3	inf
229	2	60	40	220	44	2	104
229	2	61	0	220	44	2	182
229	2	61	2	220	44	2	82
229	2	61	4	220	44	2	228
229	2	61	5	220	44	2	188
229	2	61	9	220	44	2	161
229	2	61	15	220	44	2	84
229	2	61	16	220	44	2	221
229	2	61	22	220	44	2	47
229	2	61	24	220	44	2	147
229	2	61	26	220	44	2	1
229	2	61	27	220	44	2	41
229	2	61	31	220	44	2	68
229	2	61	37	220	44	2	145
229	2	61	38	220	44	2	8
229	2	62	1	220	44	2	201
229	2	62	17	220	44	2	107
229	2	62	23	220	44	2	28
229	2	62	39	220	44	2	122
229	2	63	10	220	44	2	201
229	2	63	16	220	44	2	122
229	2	63	32	220	44	2	28
229	2	63	38	220	44	2	107
229	2	64	2	220	44	2	161
229	2	64	6	220	44	2	188
229	2	64	7	220	44	2	228
229	2	64	9	220	44	2	82
229	2	64	11	220	44	2	182
229	2	64	17	220	44	2	8
229	2	64	18	220	44	2	145
229	2	64	24	220	44	2	68
229	2	64	28	220	44	2	41
229	2	64	29	220	44	2	1
229	2	64	31	220	44	2	147
229	2	64	33	220	44	2	47
229	2	64	39	220	44	2	221
229	2	64	40	220	44	2	84
229	2	65	4	220	44	3	inf
229	2	65	5	220	44	2	93
229	2	65	6	220	44	3	inf
229	2	65	9	220	44	2	93
229	2	65	15	220	44	2	104
229	2	65	18	220	44	3	inf
229	2	65	21	220	44	2	125
229	2	65	27	220	44	2	136
229	2	65	31	220	44	2	136
229	2	65	37	220	44	2	125
229	2	65	40	220	44	3	inf
229	2	65	43	220	44	2	104
229	2	66	3	220	44	2	182
229	2	66	5	220	44	2	82
229	2	66	7	220	44	2	228
229	2	66	8	220	44	2	188
229	2	66	12	220	44	2	161
229	2	66	18	220	44	2	84
229	2	66	19	220	44	2	221
229	2	66	25	220	44	2	47
229	2	66	27	220	44	2	147
229	2	66	29	220	44	2	1
229	2	66	30	220	44	2	41
229	2	66	34	220	44	2	68
229	2	66	40	220	44	2	145
229	2	66	41	220	44	2	8
229	2	67	4	220	44	2	201
229	2	67	20	220	44	2	107
229	2	67	26	220	44	2	28
229	2	67	42	220	44	2	122
229	2	68	13	220	44	2	201
229	2	68	19	220	44	2	122
229	2	68	35	220	44	2	28
229	2	68	41	220	44	2	107
229	2	69	5	220	44	2	161
229	2	69	9	220	44	2	188
229	2	69	10	220	44	2	228
229	2	69	12	220	44	2	82
229	2	69	14	220	44	2	182
229	2	69	20	220	44	2	8
229	2	69	21	220	44	2	145
229	2	69	27	220	44	2	68
229	2	69	31	220	44	2	41
229	2	69	32	220	44	2	1
229	2	69	34	220	44	2	147
229	2	69	36	220	44	2	47
229	2	69	42	220	44	2	221
229	2	69	43	220	44	2	84
229	2	70	2	220	44	2	104
229	2	70	7	220	44	3	inf
229	2	70	8	220	44	2	93
229	2	70	9	220	44	3	inf
229	2	70	12	220	44	2	93
229	2	70	18	220	44	2	104
229	2	70	21	220	44	3	inf
229	2	70	24	220	44	2	125
229	2	70	30	220	44	2	136
229	2	70	34	220	44	2	136
229	2	70	40	220	44	2	125
229	2	70	43	220	44	3	inf
229	2	71	0	220	44	2	8
229	2	71	6	220	44	2	182
229	2	71	8	220	44	2	82
229	2	71	10	220	44	2	228
229	2	71	11	220	44	2	188
229	2	71	15	220	44	2	161
229	2	71	21	220	44	2	84
229	2	71	22	220	44	2	221
229	2	71	28	220	44	2	47
229	2	71	30	220	44	2	147
229	2	71	32	220	44	2	1
229	2	71	33	220	44	2	41
229	2	71	37	220	44	2	68
229	2	71	43	220	44	2	145
229	2	72	1	220	44	2	122
229	2	72	7	220	44	2	201
229	2	72	23	220	44	2	107
229	2	72	29	220	44	2	28
229	2	73	0	220	44	2	107
229	2	73	16	220	44	2	201
229	2	73	22	220	44	2	122
229	2	73	38	220	44	2	28
229	2	74	1	220	44	2	221
229	2	74	2	220	44	2	84
229	2	74	8	220	44	2	161
229	2	74	12	220	44	2	188
229	2	74	13	220	44	2	228
229	2	74	15	220	44	2	82
229	2	74	17	220	44	2	182
229	2	74	23	220	44	2	8
229	2	74	24	220	44	2	145
229	2	74	30	220	44	2	68
229	2	74	34	220	44	2	41
229	2	74	35	220	44	2	1
229	2	74	37	220	44	2	147
229	2	74	39	220	44	2	47
229	2	75	2	220	44	3	inf
229	2	75	5	220	44	2	104
229	2	75	10	220	44	3	inf
229	2	75	11	220	44	2	93
229	2	75	12	220	44	3	inf
229	2	75	15	220	44	2	93
229	2	75	21	220	44	2	104
229	2	75	24	220	44	3	inf
229	2	75	27	220	44	2	125
229	2	75	33	220	44	2	136
229	2	75	37	220	44	2	136
229	2	75	43	220	44	2	125
229	2	76	2	220	44	2	145
229	2	76	3	220	44	2	8
229	2	76	9	220	44	2	182
229	2	76	11	220	44	2	82
229	2	76	13	220	44	2	228
229	2	76	14	220	44	2	188
229	2	76	18	220	44	2	161
229	2	76	24	220	44	2	84
229	2	76	25	220	44	2	221
229	2	76	31	220	44	2	47
229	2	76	33	220	44	2	147
229	2	76	35	220	44	2	1
229	2	76	36	220	44	2	41
229	2	76	40	220	44	2	68
229	2	77	4	220	44	2	122
229	2	77	10	220	44	2	201
229	2	77	26	220	44	2	107
229	2	77	32	220	44	2	28
229	2	78	3	220	44	2	107
229	2	78	19	220	44	2	201
229	2	78	25	220	44	2	122
229	2	78	41	220	44	2	28
229	2	79	4	220	44	2	221
229	2	79	5	220	44	2	84
229	2	79	11	220	44	2	161
229	2	79	15	220	44	2	188
229	2	79	16	220	44	2	228
229	2	79	18	220	44	2	82
229	2	79	20	220	44	2	182
229	2	79	26	220	44	2	8
229	2	79	27	220	44	2	145
229	2	79	33	220	44	2	68
229	2	79	37	220	44	2	41
229	2	79	38	220	44	2	1
229	2	79	40	220	44	2	147
229	2	79	42	220	44	2	47
229	2	80	2	220	44	2	125
229	2	80	5	220	44	3	inf
229	2	80	8	220	44	2	104
229	2	80	13	220	44	3	inf
229	2	80	14	220	44	2	93
229	2	80	15	220	44	3	inf
229	2	80	18	220	44	2	93
229	2	80	24	220	44	2	104
229	2	80	27	220	44	3	inf
229	2	80	30	220	44	2	125
229	2	80	36	220	44	2	136
229	2	80	40	220	44	2	136
229	2	81	5	220	44	2	145
229	2	81	6	220	44	2	8
229	2	81	12	220	44	2	182
229	2	81	14	220	44	2	82
229	2	81	16	220	44	2	228
229	2	81	17	220	44	2	188
229	2	81	21	220	44	2	161
229	2	81	27	220	44	2	84
229	2	81	28	220	44	2	221
229	2	81	34	220	44	2	47
229	2	81	36	220	44	2	147
229	2	81	38	220	44	2	1
229	2	81	39	220	44	2	41
229	2	81	43	220	44	2	68
229	2	82	7	220	44	2	122
229	2	82	13	220	44	2	201
229	2	82	29	220	44	2	107
229	2	82	35	220	44	2	28
229	2	83	0	220	44	2	28
229	2	83	6	220	44	2	107
229	2	83	22	220	44	2	201
229	2	83	28	220	44	2	122
229	2	84	1	220	44	2	47
229	2	84	7	220	44	2	221
229	2	84	8	220	44	2	84
229	2	84	14	220	44	2	161
229	2	84	18	220	44	2	188
229	2	84	19	220	44	2	228
229	2	84	21	220	44	2	82
229	2	84	23	220	44	2	182
229	2	84	29	220	44	2	8
229	2	84	30	220	44	2	145
229	2	84	36	220	44	2	68
229	2	84	40	220	44	2	41
229	2	84	41	220	44	2	1
229	2	84	43	220	44	2	147
229	2	85	5	220	44	2	125
229	2	85	8	220	44	3	inf
229	2	85	11	220	44	2	104
229	2	85	16	220	44	3	inf
229	2	85	17	220	44	2	93
229	2	85	18	220	44	3	inf
229	2	85	21	220	44	2	93
229	2	85	27	220	44	2	104
229	2	85	30	220	44	3	inf
229	2	85	33	220	44	2	125
229	2	85	39	220	44	2	136
229	2	85	43	220	44	2	136
229	2	86	2	220	44	2	68
229	2	86	8	220	44	2	145
229	2	86	9	220	44	2	8
229	2	86	15	220	44	2	182
229	2	86	17	220	44	2	82
229	2	86	19	220	44	2	228
229	2	86	20	220	44	2	188
229	2	86	24	220	44	2	161
229	2	86	30	220	44	2	84
229	2	86	31	220	44	2	221
229	2	86	37	220	44	2	47
229	2	86	39	220	44	2	147
229	2	86	41	220	44	2	1
229	2	86	42	220	44	2	41
229	2	87	10	220	44	2	122
229	2	87	16	220	44	2	201
229	2	87	32	220	44	2	107
229	2	87	38	220	44	2	28
229	2	88	3	220	44	2	28
229	2	88	9	220	44	2	107
229	2	88	25	220	44	2	201
229	2	88	31	220	44	2	122
229	2	89	0	220	44	2	1
229	2	89	2	220	44	2	147
229	2	89	4	220	44	2	47
229	2	89	10	220	44	2	221
229	2	89	11	220	44	2	84
229	2	89	17	220	44	2	161
229	2	89	21	220	44	2	188
229	2	89	22	220	44	2	228
229	2	89	24	220	44	2	82
229	2	89	26	220	44	2	182
229	2	89	32	220	44	2	8
229	2	89	33	220	44	2	145
229	2	89	39	220	44	2	68
229	2	89	43	220	44	2	41
229	2	90	2	220	44	2	136
229	2	90	8	220	44	2	125
229	2	90	11	220	44	3	inf
229	2	90	14	220	44	2	104
229	2	90	19	220	44	3	inf
229	2	90	20	220	44	2	93
229	2	90	21	220	44	3	inf
229	2	90	24	220	44	2	93
229	2	90	30	220	44	2	104
229	2	90	33	220	44	3	inf
229	2	90	36	220	44	2	125
229	2	90	42	220	44	2	136
229	2	91	0	220	44	2	1
229	2	91	1	220	44	2	41
229	2	91	5	220	44	2	68
229	2	91	11	220	44	2	145
229	2	91	12	220	44	2	8
229	2	91	18	220	44	2	182
229	2	91	20	220	44	2	82
229	2	91	22	220	44	2	228
229	2	91	23	220	44	2	188
229	2	91	27	220	44	2	161
229	2	91	33	220	44	2	84
229	2	91	34	220	44	2	221
229	2	91	40	220	44	2	47
229	2	91	42	220	44	2	147
229	2	92	13	220	44	2	122
229	2	92	19	220	44	2	201
229	2	92	35	220	44	2	107
229	2	92	41	220	44	2	28
229	2	93	6	220	44	2	28
229	2	93	12	220	44	2	107
229	2	93	28	220	44	2	201
229	2	93	34	220	44	2	122
229	2	94	2	220	44	2	41
229	2	94	3	220	44	2	1
229	2	94	5	220	44	2	147
229	2	94	7	220	44	2	47
229	2	94	13	220	44	2	221
229	2	94	14	220	44	2	84
229	2	94	20	220	44	2	161
229	2	94	24	220	44	2	188
229	2	94	25	220	44	2	228
229	2	94	27	220	44	2	82
229	2	94	29	220	44	2	182
229	2	94	35	220	44	2	8
229	2	94	36	220	44	2	145
229	2	94	42	220	44	2	68
229	2	95	1	220	44	2	136
229	2	95	5	220	44	2	136
229	2	95	11	220	44	2	125
229	2	95	14	220	44	3	inf
229	2	95	17	220	44	2	104
229	2	95	22	220	44	3	inf
229	2	95	23	220	44	2	93
229	2	95	24	220	44	3	inf
229	2	95	27	220	44	2	93
229	2	95	33	220	44	2	104
229	2	95	36	220	44	3	inf
229	2	95	39	220	44	2	125
229	2	96	1	220	44	2	147
229	2	96	3	220	44	2	1
229	2	96	4	220	44	2	41
229	2	96	8	220	44	2	68
229	2	96	14	220	44	2	145
229	2	96	15	220	44	2	8
229	2	96	21	220	44	2	182
229	2	96	23	220	44	2	82
229	2	96	25	220	44	2	228
229	2	96	26	220	44	2	188
229	2	96	30	220	44	2	161
229	2	96	36	220	44	2	84
229	2	96	37	220	44	2	221
229	2	96	43	220	44	2	47
229	2	97	0	220	44	2	28
229	2	97	16	220	44	2	122
229	2	97	22	220	44	2	201
229	2	97	38	220	44	2	107
229	2	98	9	220	44	2	28
229	2	98	15	220	44	2	107
229	2	98	31	220	44	2	201
229	2	98	37	220	44	2	122
229	2	99	1	220	44	2	68
229	2	99	5	220	44	2	41
229	2	99	6	220	44	2	1
229	2	99	8	220	44	2	147
229	2	99	10	220	44	2	47
229	2	99	16	220	44	2	221
229	2	99	17	220	44	2	84
229	2	99	23	220	44	2	161
229	2	99	27	220	44	2	188
229	2	99	28	220	44	2	228
229	2	99	30	220	44	2	82
229	2	99	32	220	44	2	182
229	2	99	38	220	44	2	8
229	2	99	39	220	44	2	145
229	2	100	4	220	44	2	136
229	2	100	8	220	44	2	136
229	2	100	14	220	44	2	125
229	2	100	17	220	44	3	inf
229	2	100	20	220	44	2	104
229	2	100	25	220	44	3	inf
229	2	100	26	220	44	2	93
229	2	100	27	220	44	3	inf
229	2	100	30	220	44	2	93
229	2	100	36	220	44	2	104
229	2	100	39	220	44	3	inf
229	2	100	42	220	44	2	125
229	2	101	2	220	44	2	47
229	2	101	4	220	44	2	147
229	2	101	6	220	44	2	1
229	2	101	7	220	44	2	41
229	2	101	11	220	44	2	68
229	2	101	17	220	44	2	145
229	2	101	18	220	44	2	8
229	2	101	24	220	44	2	182
229	2	101	26	220	44	2	82
229	2	101	28	220	44	2	228
229	2	101	29	220	44	2	188
229	2	101	33	220	44	2	161
229	2	101	39	220	44	2	84
229	2	101	40	220	44	2	221
229	2	102	3	220	44	2	28
229	2	102	19	220	44	2	122
229	2	102	25	220	44	2	201
229	2	102	41	220	44	2	107
229	2	103	12	220	44	2	28
229	2	103	18	220	44	2	107
229	2	103	34	220	44	2	201
229	2	103	40	220	44	2	122
229	2	104	4	220	44	2	68
229	2	104	8	220	44	2	41
229	2	104	9	220	44	2	1
229	2	104	11	220	44	2	147
229	2	104	13	220	44	2	47
229	2	104	19	220	44	2	221
229	2	104	20	220	44	2	84
229	2	104	26	220	44	2	161
229	2	104	30	220	44	2	188
229	2	104	31	220	44	2	228
229	2	104	33	220	44	2	82
229	2	104	35	220	44	2	182
229	2	104	41	220	44	2	8
229	2	104	42	220	44	2	145
229	2	105	1	220	44	2	125
229	2	105	7	220	44	2	136
229	2	105	11	220	44	2	136
229	2	105	17	220	44	2	125
229	2	105	20	220	44	3	inf
229	2	105	23	220	44	2	104
229	2	105	28	220	44	3	inf
229	2	105	29	220	44	2	93
229	2	105	30	220	44	3	inf
229	2	105	33	220	44	2	93
229	2	105	39	220	44	2	104
229	2	105	42	220	44	3	inf
229	2	106	5	220	44	2	47
229	2	106	7	220	44	2	147
229	2	106	9	220	44	2	1
229	2	106	10	220	44	2	41
229	2	106	14	220	44	2	68
229	2	106	20	220	44	2	145
229	2	106	21	220	44	2	8
229	2	106	27	220	44	2	182
229	2	106	29	220	44	2	82
229	2	106	31	220	44	2	228
229	2	106	32	220	44	2	188
229	2	106	36	220	44	2	161
229	2	106	42	220	44	2	84
229	2	106	43	220	44	2	221
229	2	107	0	220	44	2	107
229	2	107	6	220	44	2	28
229	2	107	22	220	44	2	122
229	2	107	28	220	44	2	201
229	2	108	15	220	44	2	28
229	2	108	21	220	44	2	107
229	2	108	37	220	44	2	201
229	2	108	43	220	44	2	122
229	2	109	0	220	44	2	8
229	2	109	1	220	44	2	145
229	2	109	7	220	44	2	68
229	2	109	11	220	44	2	41
229	2	109	12	220	44	2	1
229	2	109	14	220	44	2	147
229	2	109	16	220	44	2	47
229	2	109	22	220	44	2	221
229	2	109	23	220	44	2	84
229	2	109	29	220	44	2	161
229	2	109	33	220	44	2	188
229	2	109	34	220	44	2	228
229	2	109	36	220	44	2	82
229	2	109	38	220	44	2	182
229	2	110	1	220	44	3	inf
229	2	110	4	220	44	2	125
229	2	110	10	220	44	2	136
229	2	110	14	220	44	2	136
229	2	110	20	220	44	2	125
229	2	110	23	220	44	3	inf
229	2	110	26	220	44	2	104
229	2	110	31	220	44	3	inf
229	2	110	32	220	44	2	93
229	2	110	33	220	44	3	inf
229	2	110	36	220	44	2	93
229	2	110	42	220	44	2	104
229	2	111	1	220	44	2	84
229	2	111	2	220	44	2	221
229	2	111	8	220	44	2	47
229	2	111	10	220	44	2	147
229	2	111	12	220	44	2	1
229	2	111	13	220	44	2	41
229	2	111	17	220	44	2	68
229	2	111	23	220	44	2	145
229	2	111	24	220	44	2	8
229	2	111	30	220	44	2	182
229	2	111	32	220	44	2	82
229	2	111	34	220	44	2	228
229	2	111	35	220	44	2	188
229	2	111	39	220	44	2	161
229	2	112	3	220	44	2	107
229	2	112	9	220	44	2	28
229	2	112	25	220	44	2	122
229	2	112	31	220	44	2	201
229	2	113	2	220	44	2	122
229	2	113	18	220	44	2	28
229	2	113	24	220	44	2	107
229	2	113	40	220	44	2	201
229	2	114	3	220	44	2	8
229	2	114	4	220	44	2	145
229	2	114	10	220	44	2	68
229	2	114	14	220	44	2	41
229	2	114	15	220	44	2	1
229	2	114	17	220	44	2	147
229	2	114	19	220	44	2	47
229	2	114	25	220	44	2	221
229	2	114	26	220	44	2	84
229	2	114	32	220	44	2	161
229	2	114	36	220	44	2	188
229	2	114	37	220	44	2	228
229	2	114	39	220	44	2	82
229	2	114	41	220	44	2	182
229	2	115	1	220	44	2	104
229	2	115	4	220	44	3	inf
229	2	115	7	220	44	2	125
229	2	115	13	220	44	2	136
229	2	115	17	220	44	2	136
229	2	115	23	220	44	2	125
229	2	115	26	220	44	3	inf
229	2	115	29	220	44	2	104
229	2	115	34	220	44	3	inf
229	2	115	35	220	44	2	93
229	2	115	36	220	44	3	inf
229	2	115	39	220	44	2	93
229	2	116	4	220	44	2	84
229	2	116	5	220	44	2	221
229	2	116	11	220	44	2	47
229	2	116	13	220	44	2	147
229	2	116	15	220	44	2	1
229	2	116	16	220	44	2	41
229	2	116	20	220	44	2	68
229	2	116	26	220	44	2	145
229	2	116	27	220	44	2	8
229	2	116	33	220	44	2	182
229	2	116	35	220	44	2	82
229	2	116	37	220	44	2	228
229	2	116	38	220	44	2	188
229	2	116	42	220	44	2	161
229	2	117	6	220	44	2	107
229	2	117	12	220	44	2	28
229	2	117	28	220	44	2	122
229	2	117	34	220	44	2	201
229	2	118	5	220	44	2	122
229	2	118	21	220	44	2	28
229	2	118	27	220	44	2	107
229	2	118	43	220	44	2	201
229	2	119	0	220	44	2	182
229	2	119	6	220	44	2	8
229	2	119	7	220	44	2	145
229	2	119	13	220	44	2	68
229	2	119	17	220	44	2	41
229	2	119	18	220	44	2	1
229	2	119	20	220	44	2	147
229	2	119	22	220	44	2	47
229	2	119	28	220	44	2	221
229	2	119	29	220	44	2	84
229	2	119	35	220	44	2	161
229	2	119	39	220	44	2	188
229	2	119	40	220	44	2	228
229	2	119	42	220	44	2	82
229	2	120	4	220	44	2	104
229	2	120	7	220	44	3	inf
229	2	120	10	220	44	2	125
229	2	120	16	220	44	2	136
229	2	120	20	220	44	2	136
229	2	120	26	220	44	2	125
229	2	120	29	220	44	3	inf
229	2	120	32	220	44	2	104
229	2	120	37	220	44	3	inf
229	2	120	38	220	44	2	93
229	2	120	39	220	44	3	inf
229	2	120	42	220	44	2	93
229	2	121	1	220	44	2	161
229	2	121	7	220	44	2	84
229	2	121	8	220	44	2	221
229	2	121	14	220	44	2	47
229	2	121	16	220	44	2	147
229	2	121	18	220	44	2	1
229	2	121	19	220	44	2	41
229	2	121	23	220	44	2	68
229	2	121	29	220	44	2	145
229	2	121	30	220	44	2	8
229	2	121	36	220	44	2	182
229	2	121	38	220	44	2	82
229	2	121	40	220	44	2	228
229	2	121	41	220	44	2	188
229	2	122	9	220	44	2	107
229	2	122	15	220	44	2	28
229	2	122	31	220	44	2	122
229	2	122	37	220	44	2	201
229	2	123	2	220	44	2	201
229	2	123	8	220	44	2	122
229	2	123	24	220	44	2	28
229	2	123	30	220	44	2	107
229	2	124	1	220	44	2	82
229	2	124	3	220	44	2	182
229	2	124	9	220	44	2	8
229	2	124	10	220	44	2	145
229	2	124	16	220	44	2	68
229	2	124	20	220	44	2	41
229	2	124	21	220	44	2	1
229	2	124	23	220	44	2	147
229	2	124	25	220	44	2	47
229	2	124	31	220	44	2	221
229	2	124	32	220	44	2	84
229	2	124	38	220	44	2	161
229	2	124	42	220	44	2	188
229	2	124	43	220	44	2	228
229	2	125	1	220	44	2	93
229	2	125	7	220	44	2	104
229	2	125	10	220	44	3	inf
229	2	125	13	220	44	2	125
229	2	125	19	220	44	2	136
229	2	125	23	220	44	2	136
229	2	125	29	220	44	2	125
229	2	125	32	220	44	3	inf
229	2	125	35	220	44	2	104
229	2	125	40	220	44	3	inf
229	2	125	41	220	44	2	93
229	2	125	42	220	44	3	inf
229	2	126	0	220	44	2	188
229	2	126	4	220	44	2	161
229	2	126	10	220	44	2	84
229	2	126	11	220	44	2	221
229	2	126	17	220	44	2	47
229	2	126	19	220	44	2	147
229	2	126	21	220	44	2	1
229	2	126	22	220	44	2	41
229	2	126	26	220	44	2	68
229	2	126	32	220	44	2	145
229	2	126	33	220	44	2	8
229	2	126	39	220	44	2	182
229	2	126	41	220	44	2	82
229	2	126	43	220	44	2	228
229	2	127	12	220	44	2	107
229	2	127	18	220	44	2	28
229	2	127	34	220	44	2	122
229	2	127	40	220	44	2	201
229	2	128	5	220	44	2	201
229	2	128	11	220	44	2	122
229	2	128	27	220	44	2	28
229	2	128	33	220	44	2	107
229	2	129	1	220	44	2	188
229	2	129	2	220	44	2	228
229	2	129	4	220	44	2	82
229	2	129	6	220	44	2	182
229	2	129	12	220	44	2	8
229	2	129	13	220	44	2	145
229	2	129	19	220	44	2	68
229	2	129	23	220	44	2	41
229	2	129	24	220	44	2	1
229	2	129	26	220	44	2	147
229	2	129	28	220	44	2	47
229	2	129	34	220	44	2	221
229	2	129	35	220	44	2	84
229	2	129	41	220	44	2	161
229	2	130	0	220	44	2	93
229	2	130	1	220	44	3	inf
229	2	130	4	220	44	2	93
229	2	130	10	220	44	2	104
229	2	130	13	220	44	3	inf
229	2	130	16	220	44	2	125
229	2	130	22	220	44	2	136
229	2	130	26	220	44	2	136
229	2	130	32	220	44	2	125
229	2	130	35	220	44	3	inf
229	2	130	38	220	44	2	104
229	2	130	43	220	44	3	inf
229	2	131	0	220	44	2	82
229	2	131	2	220	44	2	228
229	2	131	3	220	44	2	188
229	2	131	7	220	44	2	161
229	2	131	13	220	44	2	84
229	2	131	14	220	44	2	221
229	2	131	20	220	44	2	47
229	2	131	22	220	44	2	147
229	2	131	24	220	44	2	1
229	2	131	25	220	44	2	41
229	2	131	29	220	44	2	68
229	2	131	35	220	44	2	145
229	2	131	36	220	44	2	8
229	2	131	42	220	44	2	182
229	2	132	15	220	44	2	107
229	2	132	21	220	44	2	28
229	2	132	37	220	44	2	122
229	2	132	43	220	44	2	201
229	2	133	8	220	44	2	201
229	2	133	14	220	44	2	122
229	2	133	30	220	44	2	28
229	2	133	36	220	44	2	107
229	2	134	0	220	44	2	161
229	2	134	4	220	44	2	188
229	2	134	5	220	44	2	228
229	2	134	7	220	44	2	82
229	2	134	9	220	44	2	182
229	2	134	15	220	44	2	8
229	2	134	16	220	44	2	145
229	2	134	22	220	44	2	68
229	2	134	26	220	44	2	41
229	2	134	27	220	44	2	1
229	2	134	29	220	44	2	147
229	2	134	31	220	44	2	47
229	2	134	37	220	44	2	221
229	2	134	38	220	44	2	84
229	2	135	2	220	44	3	inf
229	2	135	3	220	44	2	93
229	2	135	4	220	44	3	inf
229	2	135	7	220	44	2	93
229	2	135	13	220	44	2	104
229	2	135	16	220	44	3	inf
229	2	135	19	220	44	2	125
229	2	135	25	220	44	2	136
229	2	135	29	220	44	2	136
229	2	135	35	220	44	2	125
229	2	135	38	220	44	3	inf
229	2	135	41	220	44	2	104
229	2	136	1	220	44	2	182
229	2	136	3	220	44	2	82
229	2	136	5	220	44	2	228
229	2	136	6	220	44	2	188
229	2	136	10	220	44	2	161
229	2	136	16	220	44	2	84
229	2	136	17	220	44	2	221
229	2	136	23	220	44	2	47
229	2	136	25	220	44	2	147
229	2	136	27	220	44	2	1
229	2	136	28	220	44	2	41
229	2	136	32	220	44	2	68
229	2	136	38	220	44	2	145
229	2	136	39	220	44	2	8
229	2	137	2	220	44	2	201
229	2	137	18	220	44	2	107
229	2	137	24	220	44	2	28
229	2	137	40	220	44	2	122
229	2	138	11	220	44	2	201
229	2	138	17	220	44	2	122
229	2	138	33	220	44	2	28
229	2	138	39	220	44	2	107
229	2	139	3	220	44	2	161
229	2	139	7	220	44	2	188
229	2	139	8	220	44	2	228
229	2	139	10	220	44	2	82
229	2	139	12	220	44	2	182
229	2	139	18	220	44	2	8
229	2	139	19	220	44	2	145
229	2	139	25	220	44	2	68
229	2	139	29	220	44	2	41
229	2	139	30	220	44	2	1
229	2	139	32	220	44	2	147
229	2	139	34	220	44	2	47
229	2	139	40	220	44	2	221
229	2	139	41	220	44	2	84
229	2	140	0	220	44	2	104
229	2	140	5	220	44	3	inf
229	2	140	6	220	44	2	93
229	2	140	7	220	44	3	inf
229	2	140	10	220	44	2	93
229	2	140	16	220	44	2	104
229	2	140	19	220	44	3	inf
229	2	140	22	220	44	2	125
229	2	140	28	220	44	2	136
229	2	140	32	220	44	2	136
229	2	140	38	220	44	2	125
229	2	140	41	220	44	3	inf
229	2	141	4	220	44	2	182
229	2	141	6	220	44	2	82
229	2	141	8	220	44	2	228
229	2	141	9	220	44	2	188
229	2	141	13	220	44	2	161
229	2	141	19	220	44	2	84
229	2	141	20	220	44	2	221
229	2	141	26	220	44	2	47
229	2	141	28	220	44	2	147
229	2	141	30	220	44	2	1
229	2	141	31	220	44	2	41
229	2	141	35	220	44	2	68
229	2	141	41	220	44	2	145
229	2	141	42	220	44	2	8
229	2	142	5	220	44	2	201
229	2	142	21	220	44	2	107
229	2	142	27	220	44	2	28
229	2	142	43	220	44	2	122
229	2	143	14	220	44	2	201
229	2	143	20	220	44	2	122
229	2	143	36	220	44	2	28
229	2	143	42	220	44	2	107
229	2	144	0	220	44	2	84
229	2	144	6	220	44	2	161
229	2	144	10	220	44	2	188
229	2	144	11	220	44	2	228
229	2	144	13	220	44	2	82
229	2	144	15	220	44	2	182
229	2	144	21	220	44	2	8
229	2	144	22	220	44	2	145
229	2	144	28	220	44	2	68
229	2	144	32	220	44	2	41
229	2	144	33	220	44	2	1
229	2	144	35	220	44	2	147
229	2	144	37	220	44	2	47
229	2	144	43	220	44	2	221
229	2	145	0	220	44	3	inf
229	2	145	3	220	44	2	104
229	2	145	8	220	44	3	inf
229	2	145	9	220	44	2	93
229	2	145	10	220	44	3	inf
229	2	145	13	220	44	2	93
229	2	145	19	220	44	2	104
229	2	145	22	220	44	3	inf
229	2	145	25	220	44	2	125
229	2	145	31	220	44	2	136
229	2	145	35	220	44	2	136
229	2	145	41	220	44	2	125
229	2	146	0	220	44	2	145
229	2	146	1	220	44	2	8
229	2	146	7	220	44	2	182
229	2	146	9	220	44	2	82
229	2	146	11	220	44	2	228
229	2	146	12	220	44	2	188
229	2	146	16	220	44	2	161
229	2	146	22	220	44	2	84
229	2	146	23	220	44	2	221
229	2	146	29	220	44	2	47
229	2	146	31	220	44	2	147
229	2	146	33	220	44	2	1
229	2	146	34	220	44	2	41
229	2	146	38	220	44	2	68
229	2	147	2	220	44	2	122
229	2	147	8	220	44	2	201
229	2	147	24	220	44	2	107
229	2	147	30	220	44	2	28
229	2	148	1	220	44	2	107
229	2	148	17	220	44	2	201
229	2	148	23	220	44	2	122
229	2	148	39	220	44	2	28
229	2	149	2	220	44	2	221
229	2	149	3	220	44	2	84
229	2	149	9	220	44	2	161
229	2	149	13	220	44	2	188
229	2	149	14	220	44	2	228
229	2	149	16	220	44	2	82
229	2	149	18	220	44	2	182
229	2	149	24	220	44	2	8
229	2	149	25	220	44	2	145
229	2	149	31	220	44	2	68
229	2	149	35	220	44	2	41
229	2	149	36	220	44	2	1
229	2	149	38	220	44	2	147
229	2	149	40	220	44	2	47
229	2	150	0	220	44	2	125
229	2	150	3	220	44	3	inf
229	2	150	6	220	44	2	104
229	2	150	11	220	44	3	inf
229	2	150	12	220	44	2	93
229	2	150	13	220	44	3	inf
229	2	150	16	220	44	2	93
229	2	150	22	220	44	2	104
229	2	150	25	220	44	3	inf
229	2	150	28	220	44	2	125
229	2	150	34	220	44	2	136
229	2	150	38	220	44	2	136
229	2	151	3	220	44	2	145
229	2	151	4	220	44	2	8
229	2	151	10	220	44	2	182
229	2	151	12	220	44	2	82
229	2	151	14	220	44	2	228
229	2	151	15	220	44	2	188
229	2	151	19	220	44	2	161
229	2	151	25	220	44	2	84
229	2	151	26	220	44	2	221
229	2	151	32	220	44	2	47
229	2	151	34	220	44	2	147
229	2	151	36	220	44	2	1
229	2	151	37	220	44	2	41
229	2	151	41	220	44	2	68
229	2	152	5	220	44	2	122
229	2	152	11	220	44	2	201
229	2	152	27	220	44	2	107
229	2	152	33	220	44	2	28
229	2	153	4	220	44	2	107
229	2	153	20	220	44	2	201
229	2	153	26	220	44	2	122
229	2	153	42	220	44	2	28
229	2	154	5	220	44	2	221
229	2	154	6	220	44	2	84
229	2	154	12	220	44	2	161
229	2	154	16	220	44	2	188
229	2	154	17	220	44	2	228
229	2	154	19	220	44	2	82
229	2	154	21	220	44	2	182
229	2	154	27	220	44	2	8
229	2	154	28	220	44	2	145
229	2	154	34	220	44	2	68
229	2	154	38	220	44	2	41
229	2	154	39	220	44	2	1
229	2	154	41	220	44	2	147
229	2	154	43	220	44	2	47
229	2	155	3	220	44	2	125
229	2	155	6	220	44	3	inf
229	2	155	9	220	44	2	104
229	2	155	14	220	44	3	inf
229	2	155	15	220	44	2	93
229	2	155	16	220	44	3	inf
229	2	155	19	220	44	2	93
229	2	155	25	220	44	2	104
229	2	155	28	220	44	3	inf
229	2	155	31	220	44	2	125
229	2	155	37	220	44	2	136
229	2	155	41	220	44	2	136
229	2	156	0	220	44	2	68
229	2	156	6	220	44	2	145
229	2	156	7	220	44	2	8
229	2	156	13	220	44	2	182
229	2	156	15	220	44	2	82
229	2	156	17	220	44	2	228
229	2	156	18	220	44	2	188
229	2	156	22	220	44	2	161
229	2	156	28	220	44	2	84
229	2	156	29	220	44	2	221
229	2	156	35	220	44	2	47
229	2	156	37	220	44	2	147
229	2	156	39	220	44	2	1
229	2	156	40	220	44	2	41
229	2	157	8	220	44	2	122
229	2	157	14	220	44	2	201
229	2	157	30	220	44	2	107
229	2	157	36	220	44	2	28
229	2	158	1	220	44	2	28
229	2	158	7	220	44	2	107
229	2	158	23	220	44	2	201
229	2	158	29	220	44	2	122
229	2	159	0	220	44	2	147
229	2	159	2	220	44	2	47
229	2	159	8	220	44	2	221
229	2	159	9	220	44	2	84
229	2	159	15	220	44	2	161
229	2	159	19	220	44	2	188
229	2	159	20	220	44	2	228
229	2	159	22	220	44	2	82
229	2	159	24	220	44	2	182
229	2	159	30	220	44	2	8
229	2	159	31	220	44	2	145
229	2	159	37	220	44	2	68
229	2	159	41	220	44	2	41
229	2	159	42	220	44	2	1
229	2	160	0	220	44	2	136
229	2	160	6	220	44	2	125
229	2	160	9	220	44	3	inf
229	2	160	12	220	44	2	104
229	2	160	17	220	44	3	inf
229	2	160	18	220	44	2	93
229	2	160	19	220	44	3	inf
229	2	160	22	220	44	2	93
229	2	160	28	220	44	2	104
229	2	160	31	220	44	3	inf
229	2	160	34	220	44	2	125
229	2	160	40	220	44	2	136
229	2	161	3	220	44	2	68
229	2	161	9	220	44	2	145
229	2	161	10	220	44	2	8
229	2	161	16	220	44	2	182
229	2	161	18	220	44	2	82
229	2	161	20	220	44	2	228
229	2	161	21	220	44	2	188
229	2	161	25	220	44	2	161
229	2	161	31	220	44	2	84
229	2	161	32	220	44	2	221
229	2	161	38	220	44	2	47
229	2	161	40	220	44	2	147
229	2	161	42	220	44	2	1
229	2	161	43	220	44	2	41
229	2	162	11	220	44	2	122
229	2	162	17	220	44	2	201
229	2	162	33	220	44	2	107
229	2	162	39	220	44	2	28
229	2	163	4	220	44	2	28
229	2	163	10	220	44	2	107
229	2	163	26	220	44	2	201
229	2	163	32	220	44	2	122
229	2	164	0	220	44	2	41
229	2	164	1	220	44	2	1
229	2	164	3	220	44	2	147
229	2	164	5	220	44	2	47
229	2	164	11	220	44	2	221
229	2	164	12	220	44	2	84
229	2	164	18	220	44	2	161
229	2	164	22	220	44	2	188
229	2	164	23	220	44	2	228
229	2	164	25	220	44	2	82
229	2	164	27	220	44	2	182
229	2	164	33	220	44	2	8
229	2	164	34	220	44	2	145
229	2	164	40	220	44	2	68
229	2	165	3	220	44	2	136
229	2	165	9	220	44	2	125
229	2	165	12	220	44	3	inf
229	2	165	15	220	44	2	104
229	2	165	20	220	44	3	inf
229	2	165	21	220	44	2	93
229	2	165	22	220	44	3	inf
229	2	165	25	220	44	2	93
229	2	165	31	220	44	2	104
229	2	165	34	220	44	3	inf
229	2	165	37	220	44	2	125
229	2	165	43	220	44	2	136
229	2	166	1	220	44	2	1
229	2	166	2	220	44	2	41
229	2	166	6	220	44	2	68
229	2	166	12	220	44	2	145
229	2	166	13	220	44	2	8
229	2	166	19	220	44	2	182
229	2	166	21	220	44	2	82
229	2	166	23	220	44	2	228
229	2	166	24	220	44	2	188
229	2	166	28	220	44	2	161
229	2	166	34	220	44	2	84
229	2	166	35	220	44	2	221
229	2	166	41	220	44	2	47
229	2	166	43	220	44	2	147
229	2	167	14	220	44	2	122
229	2	167	20	220	44	2	201
229	2	167	36	220	44	2	107
229	2	167	42	220	44	2	28
229	2	168	7	220	44	2	28
229	2	168	13	220	44	2	107
229	2	168	29	220	44	2	201
229	2	168	35	220	44	2	122
229	2	169	3	220	44	2	41
229	2	169	4	220	44	2	1
229	2	169	6	220	44	2	147
229	2	169	8	220	44	2	47
229	2	169	14	220	44	2	221
229	2	169	15	220	44	2	84
229	2	169	21	220	44	2	161
229	2	169	25	220	44	2	188
229	2	169	26	220	44	2	228
229	2	169	28	220	44	2	82
229	2	169	30	220	44	2	182
229	2	169	36	220	44	2	8
229	2	169	37	220	44	2	145
229	2	169	43	220	44	2	68
229	2	170	2	220	44	2	136
229	2	170	6	220	44	2	136
229	2	170	12	220	44	2	125
229	2	170	15	220	44	3	inf
229	2	170	18	220	44	2	104
229	2	170	23	220	44	3	inf
229	2	170	24	220	44	2	93
229	2	170	25	220	44	3	inf
229	2	170	28	220	44	2	93
229	2	170	34	220	44	2	104
229	2	170	37	220	44	3	inf
229	2	170	40	220	44	2	125
229	2	171	0	220	44	2	47
229	2	171	2	220	44	2	147
229	2	171	4	220	44	2	1
229	2	171	5	220	44	2	41
229	2	171	9	220	44	2	68
229	2	171	15	220	44	2	145
229	2	171	16	220	44	2	8
229	2	171	22	220	44	2	182
229	2	171	24	220	44	2	82
229	2	171	26	220	44	2	228
229	2	171	27	220	44	2	188
229	2	171	31	220	44	2	161
229	2	171	37	220	44	2	84
229	2	171	38	220	44	2	221
229	2	172	1	220	44	2	28
229	2	172	17	220	44	2	122
229	2	172	23	220	44	2	201
229	2	172	39	220	44	2	107
229	2	173	10	220	44	2	28
229	2	173	16	220	44	2	107
229	2	173	32	220	44	2	201
229	2	173	38	220	44	2	122
229	2	174	2	220	44	2	68
229	2	174	6	220	44	2	41
229	2	174	7	220	44	2	1
229	2	174	9	220	44	2	147
229	2	174	11	220	44	2	47
229	2	174	17	220	44	2	221
229	2	174	18	220	44	2	84
229	2	174	24	220	44	2	161
229	2	174	28	220	44	2	188
229	2	174	29	220	44	2	228
229	2	174	31	220	44	2	82
229	2	174	33	220	44	2	182
229	2	174	39	220	44	2	8
229	2	174	40	220	44	2	145
229	2	175	5	220	44	2	136
229	2	175	9	220	44	2	136
229	2	175	15	220	44	2	125
229	2	175	18	220	44	3	inf
229	2	175	21	220	44	2	104
229	2	175	26	220	44	3	inf
229	2	175	27	220	44	2	93
229	2	175	28	220	44	3	inf
229	2	175	31	220	44	2	93
229	2	175	37	220	44	2	104
229	2	175	40	220	44	3	inf
229	2	175	43	220	44	2	125
229	2	176	3	220	44	2	47
229	2	176	5	220	44	2	147
229	2	176	7	220	44	2	1
229	2	176	8	220	44	2	41
229	2	176	12	220	44	2	68
229	2	176	18	220	44	2	145
229	2	176	19	220	44	2	8
229	2	176	25	220	44	2	182
229	2	176	27	220	44	2	82
229	2	176	29	220	44	2	228
229	2	176	30	220	44	2	188
229	2	176	34	220	44	2	161
229	2	176	40	220	44	2	84
229	2	176	41	220	44	2	221
229	2	177	4	220	44	2	28
229	2	177	20	220	44	2	122
229	2	177	26	220	44	2	201
229	2	177	42	220	44	2	107
229	2	178	13	220	44	2	28
229	2	178	19	220	44	2	107
229	2	178	35	220	44	2	201
229	2	178	41	220	44	2	122
229	2	179	5	220	44	2	68
229	2	179	9	220	44	2	41
229	2	179	10	220	44	2	1
229	2	179	12	220	44	2	147
229	2	179	14	220	44	2	47
229	2	179	20	220	44	2	221
229	2	179	21	220	44	2	84
229	2	179	27	220	44	2	161
229	2	179	31	220	44	2	188
229	2	179	32	220	44	2	228
229	2	179	34	220	44	2	82
229	2	179	36	220	44	2	182
229	2	179	42	220	44	2	8
229	2	179	43	220	44	2	145
229	2	180	2	220	44	2	125
229	2	180	8	220	44	2	136
229	2	180	12	220	44	2	136
229	2	180	18	220	44	2	125
229	2	180	21	220	44	3	inf
229	2	180	24	220	44	2	104
229	2	180	29	220	44	3	inf
229	2	180	30	220	44	2	93
229	2	180	31	220	44	3	inf
229	2	180	34	220	44	2	93
229	2	180	40	220	44	2	104
229	2	180	43	220	44	3	inf
229	2	181	0	220	44	2	221
229	2	181	6	220	44	2	47
229	2	181	8	220	44	2	147
229	2	181	10	220	44	2	1
229	2	181	11	220	44	2	41
229	2	181	15	220	44	2	68
229	2	181	21	220	44	2	145
229	2	181	22	220	44	2	8
229	2	181	28	220	44	2	182
229	2	181	30	220	44	2	82
229	2	181	32	220	44	2	228
229	2	181	33	220	44	2	188
229	2	181	37	220	44	2	161
229	2	181	43	220	44	2	84
229	2	182	1	220	44	2	107
229	2	182	7	220	44	2	28
229	2	182	23	220	44	2	122
229	2	182	29	220	44	2	201
229	2	183	0	220	44	2	122
229	2	183	16	220	44	2	28
229	2	183	22	220	44	2	107
229	2	183	38	220	44	2	201
229	2	184	1	220	44	2	8
229	2	184	2	220	44	2	145
229	2	184	8	220	44	2	68
229	2	184	12	220	44	2	41
229	2	184	13	220	44	2	1
229	2	184	15	220	44	2	147
229	2	184	17	220	44	2	47
229	2	184	23	220	44	2	221
229	2	184	24	220	44	2	84
229	2	184	30	220	44	2	161
229	2	184	34	220	44	2	188
229	2	184	35	220	44	2	228
229	2	184	37	220	44	2	82
229	2	184	39	220	44	2	182
229	2	185	2	220	44	3	inf
229	2	185	5	220	44	2	125
229	2	185	11	220	44	2	136
229	2	185	15	220	44	2	136
229	2	185	21	220	44	2	125
229	2	185	24	220	44	3	inf
229	2	185	27	220	44	2	104
229	2	185	32	220	44	3	inf
229	2	185	33	220	44	2	93
229	2	185	34	220	44	3	inf
229	2	185	37	220	44	2	93
229	2	185	43	220	44	2	104
229	2	186	2	220	44	2	84
229	2	186	3	220	44	2	221
229	2	186	9	220	44	2	47
229	2	186	11	220	44	2	147
229	2	186	13	220	44	2	1
229	2	186	14	220	44	2	41
229	2	186	18	220	44	2	68
229	2	186	24	220	44	2	145
229	2	186	25	220	44	2	8
229	2	186	31	220	44	2	182
229	2	186	33	220	44	2	82
229	2	186	35	220	44	2	228
229	2	186	36	220	44	2	188
229	2	186	40	220	44	2	161
229	2	187	4	220	44	2	107
229	2	187	10	220	44	2	28
229	2	187	26	220	44	2	122
229	2	187	32	220	44	2	201
229	2	188	3	220	44	2	122
229	2	188	19	220	44	2	28
229	2	188	25	220	44	2	107
229	2	188	41	220	44	2	201
229	2	189	4	220	44	2	8
229	2	189	5	220	44	2	145
229	2	189	11	220	44	2	68
229	2	189	15	220	44	2	41
229	2	189	16	220	44	2	1
229	2	189	18	220	44	2	147
229	2	189	20	220	44	2	47
229	2	189	26	220	44	2	221
229	2	189	27	220	44	2	84
229	2	189	33	220	44	2	161
229	2	189	37	220	44	2	188
229	2	189	38	220	44	2	228
229	2	189	40	220	44	2	82
229	2	189	42	220	44	2	182
229	2	190	2	220	44	2	104
229	2	190	5	220	44	3	inf
229	2	190	8	220	44	2	125
229	2	190	14	220	44	2	136
229	2	190	18	220	44	2	136
229	2	190	24	220	44	2	125
229	2	190	27	220	44	3	inf
229	2	190	30	220	44	2	104
229	2	190	35	220	44	3	inf
229	2	190	36	220	44	2	93
229	2	190	37	220	44	3	inf
229	2	190	40	220	44	2	93
229	2	191	5	220	44	2	84
229	2	191	6	220	44	2	221
229	2	191	12	220	44	2	47
229	2	191	14	220	44	2	147
229	2	191	16	220	44	2	1
229	2	191	17	220	44	2	41
229	2	191	21	220	44	2	68
229	2	191	27	220	44	2	145
229	2	191	28	220	44	2	8
229	2	191	34	220	44	2	182
229	2	191	36	220	44	2	82
229	2	191	38	220	44	2	228
229	2	191	39	220	44	2	188
229	2	191	43	220	44	2	161
229	2	192	7	220	44	2	107
229	2	192	13	220	44	2	28
229	2	192	29	220	44	2	122
229	2	192	35	220	44	2	201
229	2	193	0	220	44	2	201
229	2	193	6	220	44	2	122
229	2	193	22	220	44	2	28
229	2	193	28	220	44	2	107
229	2	194	1	220	44	2	182
229	2	194	7	220	44	2	8
229	2	194	8	220	44	2	145
229	2	194	14	220	44	2	68
229	2	194	18	220	44	2	41
229	2	194	19	220	44	2	1
229	2	194	21	220	44	2	147
229	2	194	23	220	44	2	47
229	2	194	29	220	44	2	221
229	2	194	30	220	44	2	84
229	2	194	36	220	44	2	161
229	2	194	40	220	44	2	188
229	2	194	41	220	44	2	228
229	2	194	43	220	44	2	82
229	2	195	5	220	44	2	104
229	2	195	8	220	44	3	inf
229	2	195	11	220	44	2	125
229	2	195	17	220	44	2	136
229	2	195	21	220	44	2	136
229	2	195	27	220	44	2	125
229	2	195	30	220	44	3	inf
229	2	195	33	220	44	2	104
229	2	195	38	220	44	3	inf
229	2	195	39	220	44	2	93
229	2	195	40	220	44	3	inf
229	2	195	43	220	44	2	93
229	2	196	2	220	44	2	161
229	2	196	8	220	44	2	84
229	2	196	9	220	44	2	221
229	2	196	15	220	44	2	47
229	2	196	17	220	44	2	147
229	2	196	19	220	44	2	1
229	2	196	20	220	44	2	41
229	2	196	24	220	44	2	68
229	2	196	30	220	44	2	145
229	2	196	31	220	44	2	8
229	2	196	37	220	44	2	182
229	2	196	39	220	44	2	82
229	2	196	41	220	44	2	228
229	2	196	42	220	44	2	188
229	2	197	10	220	44	2	107
229	2	197	16	220	44	2	28
229	2	197	32	220	44	2	122
229	2	197	38	220	44	2	201
229	2	198	3	220	44	2	201
229	2	198	9	220	44	2	122
229	2	198	25	220	44	2	28
229	2	198	31	220	44	2	107
229	2	199	0	220	44	2	228
229	2	199	2	220	44	2	82
229	2	199	4	220	44	2	182
229	2	199	10	220	44	2	8
229	2	199	11	220	44	2	145
229	2	199	17	220	44	2	68
229	2	199	21	220	44	2	41
229	2	199	22	220	44	2	1
229	2	199	24	220	44	2	147
229	2	199	26	220	44	2	47
229	2	199	32	220	44	2	221
229	2	199	33	220	44	2	84
229	2	199	39	220	44	2	161
229	2	199	43	220	44	2	188
229	2	200	2	220	44	2	93
229	2	200	8	220	44	2	104
229	2	200	11	220	44	3	inf
229	2	200	14	220	44	2	125
229	2	200	20	220	44	2	136
229	2	200	24	220	44	2	136
229	2	200	30	220	44	2	125
229	2	200	33	220	44	3	inf
229	2	200	36	220	44	2	104
229	2	200	41	220	44	3	inf
229	2	200	42	220	44	2	93
229	2	200	43	220	44	3	inf
229	2	201	0	220	44	2	228
229	2	201	1	220	44	2	188
229	2	201	5	220	44	2	161
229	2	201	11	220	44	2	84
229	2	201	12	220	44	2	221
229	2	201	18	220	44	2	47
229	2	201	20	220	44	2	147
229	2	201	22	220	44	2	1
229	2	201	23	220	44	2	41
229	2	201	27	220	44	2	68
229	2	201	33	220	44	2	145
229	2	201	34	220	44	2	8
229	2	201	40	220	44	2	182
229	2	201	42	220	44	2	82
229	2	202	13	220	44	2	107
229	2	202	19	220	44	2	28
229	2	202	35	220	44	2	122
229	2	202	41	220	44	2	201
229	2	203	6	220	44	2	201
229	2	203	12	220	44	2	122
229	2	203	28	220	44	2	28
229	2	203	34	220	44	2	107
229	2	204	2	220	44	2	188
229	2	204	3	220	44	2	228
229	2	204	5	220	44	2	82
229	2	204	7	220	44	2	182
229	2	204	13	220	44	2	8
229	2	204	14	220	44	2	145
229	2	204	20	220	44	2	68
229	2	204	24	220	44	2	41
229	2	204	25	220	44	2	1
229	2	204	27	220	44	2	147
229	2	204	29	220	44	2	47
229	2	204	35	220	44	2	221
229	2	204	36	220	44	2	84
229	2	204	42	220	44	2	161
229	2	205	0	220	44	3	inf
229	2	205	1	220	44	2	93
229	2	205	2	220	44	3	inf
229	2	205	5	220	44	2	93
229	2	205	11	220	44	2	104
229	2	205	14	220	44	3	inf
229	2	205	17	220	44	2	125
229	2	205	23	220	44	2	136
229	2	205	27	220	44	2	136
229	2	205	33	220	44	2	125
229	2	205	36	220	44	3	inf
229	2	205	39	220	44	2	104
229	2	206	1	220	44	2	82
229	2	206	3	220	44	2	228
229	2	206	4	220	44	2	188
229	2	206	8	220	44	2	161
229	2	206	14	220	44	2	84
229	2	206	15	220	44	2	221
229	2	206	21	220	44	2	47
229	2	206	23	220	44	2	147
229	2	206	25	220	44	2	1
229	2	206	26	220	44	2	41
229	2	206	30	220	44	2	68
229	2	206	36	220	44	2	145
229	2	206	37	220	44	2	8
229	2	206	43	220	44	2	182
229	2	207	0	220	44	2	201
229	2	207	16	220	44	2	107
229	2	207	22	220	44	2	28
229	2	207	38	220	44	2	122
229	2	208	9	220	44	2	201
229	2	208	15	220	44	2	122
229	2	208	31	220	44	2	28
229	2	208	37	220	44	2	107
229	2	209	1	220	44	2	161
229	2	209	5	220	44	2	188
229	2	209	6	220	44	2	228
229	2	209	8	220	44	2	82
229	2	209	10	220	44	2	182
229	2	209	16	220	44	2	8
229	2	209	17	220	44	2	145
229	2	209	23	220	44	2	68
229	2	209	27	220	44	2	41
229	2	209	28	220	44	2	1
229	2	209	30	220	44	2	147
229	2	209	32	220	44	2	47
229	2	209	38	220	44	2	221
229	2	209	39	220	44	2	84
229	2	210	3	220	44	3	inf
229	2	210	4	220	44	2	93
229	2	210	5	220	44	3	inf
229	2	210	8	220	44	2	93
229	2	210	14	220	44	2	104
229	2	210	17	220	44	3	inf
229	2	210	20	220	44	2	125
229	2	210	26	220	44	2	136
229	2	210	30	220	44	2	136
229	2	210	36	220	44	2	125
229	2	210	39	220	44	3	inf
229	2	210	42	220	44	2	104
229	2	211	2	220	44	2	182
229	2	211	4	220	44	2	82
229	2	211	6	220	44	2	228
229	2	211	7	220	44	2	188
229	2	211	11	220	44	2	161
229	2	211	17	220	44	2	84
229	2	211	18	220	44	2	221
229	2	211	24	220	44	2	47
229	2	211	26	220	44	2	147
229	2	211	28	220	44	2	1
229	2	211	29	220	44	2	41
229	2	211	33	220	44	2	68
229	2	211	39	220	44	2	145
229	2	211	40	220	44	2	8
229	2	212	3	220	44	2	201
229	2	212	19	220	44	2	107
229	2	212	25	220	44	2	28
229	2	212	41	220	44	2	122
229	2	213	12	220	44	2	201
229	2	213	18	220	44	2	122
229	2	213	34	220	44	2	28
229	2	213	40	220	44	2	107
229	2	214	4	220	44	2	161
229	2	214	8	220	44	2	188
229	2	214	9	220	44	2	228
229	2	214	11	220	44	2	82
229	2	214	13	220	44	2	182
229	2	214	19	220	44	2	8
229	2	214	20	220	44	2	145
229	2	214	26	220	44	2	68
229	2	214	30	220	44	2	41
229	2	214	31	220	44	2	1
229	2	214	33	220	44	2	147
229	2	214	35	220	44	2	47
229	2	214	41	220	44	2	221
229	2	214	42	220	44	2	84
229	2	215	1	220	44	2	104
229	2	215	6	220	44	3	inf
229	2	215	7	220	44	2	93
229	2	215	8	220	44	3	inf
229	2	215	11	220	44	2	93
229	2	215	17	220	44	2	104
229	2	215	20	220	44	3	inf
229	2	215	23	220	44	2	125
229	2	215	29	220	44	2	136
229	2	215	33	220	44	2	136
229	2	215	39	220	44	2	125
229	2	215	42	220	44	3	inf
229	2	216	5	220	44	2	182
229	2	216	7	220	44	2	82
229	2	216	9	220	44	2	228
229	2	216	10	220	44	2	188
229	2	216	14	220	44	2	161
229	2	216	20	220	44	2	84
229	2	216	21	220	44	2	221
229	2	216	27	220	44	2	47
229	2	216	29	220	44	2	147
229	2	216	31	220	44	2	1
229	2	216	32	220	44	2	41
229	2	216	36	220	44	2	68
229	2	216	42	220	44	2	145
229	2	216	43	220	44	2	8
229	2	217	0	220	44	2	122
229	2	217	6	220	44	2	201
229	2	217	22	220	44	2	107
229	2	217	28	220	44	2	28
229	2	218	15	220	44	2	201
229	2	218	21	220	44	2	122
229	2	218	37	220	44	2	28
229	2	218	43	220	44	2	107
229	2	219	0	220	44	2	221
229	2	219	1	220	44	2	84
229	2	219	7	220	44	2	161
229	2	219	11	220	44	2	188
229	2	219	12	220	44	2	228
229	2	219	14	220	44	2	82
229	2	219	16	220	44	2	182
229	2	219	22	220	44	2	8
229	2	219	23	220	44	2	145
229	2	219	29	220	44	2	68
229	2	219	33	220	44	2	41
229	2	219	34	220	44	2	1
229	2	219	36	220	44	2	147
229	2	219	38	220	44	2	47
229	3	0	3	220	44	2	136
229	3	0	9	220	44	2	125
229	3	0	12	220	44	3	inf
229	3	0	15	220	44	2	104
229	3	0	20	220	44	3	inf
229	3	0	21	220	44	2	93
229	3	0	22	220	44	3	inf
229	3	0	25	220	44	2	93
229	3	0	31	220	44	2	104
229	3	0	34	220	44	3	inf
229	3	0	37	220	44	2	125
229	3	0	43	220	44	2	136
229	3	1	1	220	44	2	1
229	3	1	2	220	44	2	41
229	3	1	6	220	44	2	68
229	3	1	12	220	44	2	145
229	3	1	13	220	44	2	8
229	3	1	19	220	44	2	182
229	3	1	21	220	44	2	82
229	3	1	23	220	44	2	228
229	3	1	24	220	44	2	188
229	3	1	28	220	44	2	161
229	3	1	34	220	44	2	84
229	3	1	35	220	44	2	221
229	3	1	41	220	44	2	47
229	3	1	43	220	44	2	147
229	3	2	14	220	44	2	122
229	3	2	20	220	44	2	201
229	3	2	36	220	44	2	107
229	3	2	42	220	44	2	28
229	3	3	7	220	44	2	28
229	3	3	13	220	44	2	107
229	3	3	29	220	44	2	201
229	3	3	35	220	44	2	122
229	3	4	3	220	44	2	41
229	3	4	4	220	44	2	1
229	3	4	6	220	44	2	147
229	3	4	8	220	44	2	47
229	3	4	14	220	44	2	221
229	3	4	15	220	44	2	84
229	3	4	21	220	44	2	161
229	3	4	25	220	44	2	188
229	3	4	26	220	44	2	228
229	3	4	28	220	44	2	82
229	3	4	30	220	44	2	182
229	3	4	36	220	44	2	8
229	3	4	37	220	44	2	145
229	3	4	43	220	44	2	68
229	3	5	2	220	44	2	136
229	3	5	6	220	44	2	136
229	3	5	12	220	44	2	125
229	3	5	15	220	44	3	inf
229	3	5	18	220	44	2	104
229	3	5	23	220	44	3	inf
229	3	5	24	220	44	2	93
229	3	5	25	220	44	3	inf
229	3	5	28	220	44	2	93
229	3	5	34	220	44	2	104
229	3	5	37	220	44	3	inf
229	3	5	40	220	44	2	125
229	3	6	0	220	44	2	47
229	3	6	2	220	44	2	147
229	3	6	4	220	44	2	1
229	3	6	5	220	44	2	41
229	3	6	9	220	44	2	68
229	3	6	15	220	44	2	145
229	3	6	16	220	44	2	8
229	3	6	22	220	44	2	182
229	3	6	24	220	44	2	82
229	3	6	26	220	44	2	228
229	3	6	27	220	44	2	188
229	3	6	31	220	44	2	161
229	3	6	37	220	44	2	84
229	3	6	38	220	44	2	221
229	3	7	1	220	44	2	28
229	3	7	17	220	44	2	122
229	3	7	23	220	44	2	201
229	3	7	39	220	44	2	107
229	3	8	10	220	44	2	28
229	3	8	16	220	44	2	107
229	3	8	32	220	44	2	201
229	3	8	38	220	44	2	122
229	3	9	2	220	44	2	68
229	3	9	6	220	44	2	41
229	3	9	7	220	44	2	1
229	3	9	9	220	44	2	147
229	3	9	11	220	44	2	47
229	3	9	17	220	44	2	221
229	3	9	18	220	44	2	84
229	3	9	24	220	44	2	161
229	3	9	28	220	44	2	188
229	3	9	29	220	44	2	228
229	3	9	31	220	44	2	82
229	3	9	33	220	44	2	182
229	3	9	39	220	44	2	8
229	3	9	40	220	44	2	145
229	3	10	5	220	44	2	136
229	3	10	9	220	44	2	136
229	3	10	15	220	44	2	125
229	3	10	18	220	44	3	inf
229	3	10	21	220	44	2	104
229	3	10	26	220	44	3	inf
229	3	10	27	220	44	2	93
229	3	10	28	220	44	3	inf
229	3	10	31	220	44	2	93
229	3	10	37	220	44	2	104
229	3	10	40	220	44	3	inf
229	3	10	43	220	44	2	125
229	3	11	3	220	44	2	47
229	3	11	5	220	44	2	147
229	3	11	7	220	44	2	1
229	3	11	8	220	44	2	41
229	3	11	12	220	44	2	68
229	3	11	18	220	44	2	145
229	3	11	19	220	44	2	8
229	3	11	25	220	44	2	182
229	3	11	27	220	44	2	82
229	3	11	29	220	44	2	228
229	3	11	30	220	44	2	188
229	3	11	34	220	44	2	161
229	3	11	40	220	44	2	84
229	3	11	41	220	44	2	221
229	3	12	4	220	44	2	28
229	3	12	20	220	44	2	122
229	3	12	26	220	44	2	201
229	3	12	42	220	44	2	107
229	3	13	13	220	44	2	28
229	3	13	19	220	44	2	107
229	3	13	35	220	44	2	201
229	3	13	41	220	44	2	122
229	3	14	5	220	44	2	68
229	3	14	9	220	44	2	41
229	3	14	10	220	44	2	1
229	3	14	12	220	44	2	147
229	3	14	14	220	44	2	47
229	3	14	20	220	44	2	221
229	3	14	21	220	44	2	84
229	3	14	27	220	44	2	161
229	3	14	31	220	44	2	188
229	3	14	32	220	44	2	228
229	3	14	34	220	44	2	82
229	3	14	36	220	44	2	182
229	3	14	42	220	44	2	8
229	3	14	43	220	44	2	145
229	3	15	2	220	44	2	125
229	3	15	8	220	44	2	136
229	3	15	12	220	44	2	136
229	3	15	18	220	44	2	125
229	3	15	21	220	44	3	inf
229	3	15	24	220	44	2	104
229	3	15	29	220	44	3	inf
229	3	15	30	220	44	2	93
229	3	15	31	220	44	3	inf
229	3	15	34	220	44	2	93
229	3	15	40	220	44	2	104
229	3	15	43	220	44	3	inf
229	3	16	0	220	44	2	221
229	3	16	6	220	44	2	47
229	3	16	8	220	44	2	147
229	3	16	10	220	44	2	1
229	3	16	11	220	44	2	41
229	3	16	15	220	44	2	68
229	3	16	21	220	44	2	145
229	3	16	22	220	44	2	8
229	3	16	28	220	44	2	182
229	3	16	30	220	44	2	82
229	3	16	32	220	44	2	228
229	3	16	33	220	44	2	188
229	3	16	37	220	44	2	161
229	3	16	43	220	44	2	84
229	3	17	1	220	44	2	107
229	3	17	7	220	44	2	28
229	3	17	23	220	44	2	122
229	3	17	29	220	44	2	201
229	3	18	0	220	44	2	122
229	3	18	16	220	44	2	28
229	3	18	22	220	44	2	107
229	3	18	38	220	44	2	201
229	3	19	1	220	44	2	8
229	3	19	2	220	44	2	145
229	3	19	8	220	44	2	68
229	3	19	12	220	44	2	41
229	3	19	13	220	44	2	1
229	3	19	15	220	44	2	147
229	3	19	17	220	44	2	47
229	3	19	23	220	44	2	221
229	3	19	24	220	44	2	84
229	3	19	30	220	44	2	161
229	3	19	34	220	44	2	188
229	3	19	35	220	44	2	228
229	3	19	37	220	44	2	82
229	3	19	39	220	44	2	182
229	3	20	2	220	44	3	inf
229	3	20	5	220	44	2	125
229	3	20	11	220	44	2	136
229	3	20	15	220	44	2	136
229	3	20	21	220	44	2	125
229	3	20	24	220	44	3	inf
229	3	20	27	220	44	2	104
229	3	20	32	220	44	3	inf
229	3	20	33	220	44	2	93
229	3	20	34	220	44	3	inf
229	3	20	37	220	44	2	93
229	3	20	43	220	44	2	104
229	3	21	2	220	44	2	84
229	3	21	3	220	44	2	221
229	3	21	9	220	44	2	47
229	3	21	11	220	44	2	147
229	3	21	13	220	44	2	1
229	3	21	14	220	44	2	41
229	3	21	18	220	44	2	68
229	3	21	24	220	44	2	145
229	3	21	25	220	44	2	8
229	3	21	31	220	44	2	182
229	3	21	33	220	44	2	82
229	3	21	35	220	44	2	228
229	3	21	36	220	44	2	188
229	3	21	40	220	44	2	161
229	3	22	4	220	44	2	107
229	3	22	10	220	44	2	28
229	3	22	26	220	44	2	122
229	3	22	32	220	44	2	201
229	3	23	3	220	44	2	122
229	3	23	19	220	44	2	28
229	3	23	25	220	44	2	107
229	3	23	41	220	44	2	201
229	3	24	4	220	44	2	8
229	3	24	5	220	44	2	145
229	3	24	11	220	44	2	68
229	3	24	15	220	44	2	41
229	3	24	16	220	44	2	1
229	3	24	18	220	44	2	147
229	3	24	20	220	44	2	47
229	3	24	26	220	44	2	221
229	3	24	27	220	44	2	84
229	3	24	33	220	44	2	161
229	3	24	37	220	44	2	188
229	3	24	38	220	44	2	228
229	3	24	40	220	44	2	82
229	3	24	42	220	44	2	182
229	3	25	2	220	44	2	104
229	3	25	5	220	44	3	inf
229	3	25	8	220	44	2	125
229	3	25	14	220	44	2	136
229	3	25	18	220	44	2	136
229	3	25	24	220	44	2	125
229	3	25	27	220	44	3	inf
229	3	25	30	220	44	2	104
229	3	25	35	220	44	3	inf
229	3	25	36	220	44	2	93
229	3	25	37	220	44	3	inf
229	3	25	40	220	44	2	93
229	3	26	5	220	44	2	84
229	3	26	6	220	44	2	221
229	3	26	12	220	44	2	47
229	3	26	14	220	44	2	147
229	3	26	16	220	44	2	1
229	3	26	17	220	44	2	41
229	3	26	21	220	44	2	68
229	3	26	27	220	44	2	145
229	3	26	28	220	44	2	8
229	3	26	34	220	44	2	182
229	3	26	36	220	44	2	82
229	3	26	38	220	44	2	228
229	3	26	39	220	44	2	188
229	3	26	43	220	44	2	161
229	3	27	7	220	44	2	107
229	3	27	13	220	44	2	28
229	3	27	29	220	44	2	122
229	3	27	35	220	44	2	201
229	3	28	0	220	44	2	201
229	3	28	6	220	44	2	122
229	3	28	22	220	44	2	28
229	3	28	28	220	44	2	107
229	3	29	1	220	44	2	182
229	3	29	7	220	44	2	8
229	3	29	8	220	44	2	145
229	3	29	14	220	44	2	68
229	3	29	18	220	44	2	41
229	3	29	19	220	44	2	1
229	3	29	21	220	44	2	147
229	3	29	23	220	44	2	47
229	3	29	29	220	44	2	221
229	3	29	30	220	44	2	84
229	3	29	36	220	44	2	161
229	3	29	40	220	44	2	188
229	3	29	41	220	44	2	228
229	3	29	43	220	44	2	82
229	3	30	5	220	44	2	104
229	3	30	8	220	44	3	inf
229	3	30	11	220	44	2	125
229	3	30	17	220	44	2	136
229	3	30	21	220	44	2	136
229	3	30	27	220	44	2	125
229	3	30	30	220	44	3	inf
229	3	30	33	220	44	2	104
229	3	30	38	220	44	3	inf
229	3	30	39	220	44	2	93
229	3	30	40	220	44	3	inf
229	3	30	43	220	44	2	93
229	3	31	2	220	44	2	161
229	3	31	8	220	44	2	84
229	3	31	9	220	44	2	221
229	3	31	15	220	44	2	47
229	3	31	17	220	44	2	147
229	3	31	19	220	44	2	1
229	3	31	20	220	44	2	41
229	3	31	24	220	44	2	68
229	3	31	30	220	44	2	145
229	3	31	31	220	44	2	8
229	3	31	37	220	44	2	182
229	3	31	39	220	44	2	82
229	3	31	41	220	44	2	228
229	3	31	42	220	44	2	188
229	3	32	10	220	44	2	107
229	3	32	16	220	44	2	28
229	3	32	32	220	44	2	122
229	3	32	38	220	44	2	201
229	3	33	3	220	44	2	201
229	3	33	9	220	44	2	122
229	3	33	25	220	44	2	28
229	3	33	31	220	44	2	107
229	3	34	0	220	44	2	228
229	3	34	2	220	44	2	82
229	3	34	4	220	44	2	182
229	3	34	10	220	44	2	8
229	3	34	11	220	44	2	145
229	3	34	17	220	44	2	68
229	3	34	21	220	44	2	41
229	3	34	22	220	44	2	1
229	3	34	24	220	44	2	147
229	3	34	26	220	44	2	47
229	3	34	32	220	44	2	221
229	3	34	33	220	44	2	84
229	3	34	39	220	44	2	161
229	3	34	43	220	44	2	188
229	3	35	2	220	44	2	93
229	3	35	8	220	44	2	104
229	3	35	11	220	44	3	inf
229	3	35	14	220	44	2	125
229	3	35	20	220	44	2	136
229	3	35	24	220	44	2	136
229	3	35	30	220	44	2	125
229	3	35	33	220	44	3	inf
229	3	35	36	220	44	2	104
229	3	35	41	220	44	3	inf
229	3	35	42	220	44	2	93
229	3	35	43	220	44	3	inf
229	3	36	0	220	44	2	228
229	3	36	1	220	44	2	188
229	3	36	5	220	44	2	161
229	3	36	11	220	44	2	84
229	3	36	12	220	44	2	221
229	3	36	18	220	44	2	47
229	3	36	20	220	44	2	147
229	3	36	22	220	44	2	1
229	3	36	23	220	44	2	41
229	3	36	27	220	44	2	68
229	3	36	33	220	44	2	145
229	3	36	34	220	44	2	8
229	3	36	40	220	44	2	182
229	3	36	42	220	44	2	82
229	3	37	13	220	44	2	107
229	3	37	19	220	44	2	28
229	3	37	35	220	44	2	122
229	3	37	41	220	44	2	201
229	3	38	6	220	44	2	201
229	3	38	12	220	44	2	122
229	3	38	28	220	44	2	28
229	3	38	34	220	44	2	107
229	3	39	2	220	44	2	188
229	3	39	3	220	44	2	228
229	3	39	5	220	44	2	82
229	3	39	7	220	44	2	182
229	3	39	13	220	44	2	8
229	3	39	14	220	44	2	145
229	3	39	20	220	44	2	68
229	3	39	24	220	44	2	41
229	3	39	25	220	44	2	1
229	3	39	27	220	44	2	147
229	3	39	29	220	44	2	47
229	3	39	35	220	44	2	221
229	3	39	36	220	44	2	84
229	3	39	42	220	44	2	161
229	3	40	0	220	44	3	inf
229	3	40	1	220	44	2	93
229	3	40	2	220	44	3	inf
229	3	40	5	220	44	2	93
229	3	40	11	220	44	2	104
229	3	40	14	220	44	3	inf
229	3	40	17	220	44	2	125
229	3	40	23	220	44	2	136
229	3	40	27	220	44	2	136
229	3	40	33	220	44	2	125
229	3	40	36	220	44	3	inf
229	3	40	39	220	44	2	104
229	3	41	1	220	44	2	82
229	3	41	3	220	44	2	228
229	3	41	4	220	44	2	188
229	3	41	8	220	44	2	161
229	3	41	14	220	44	2	84
229	3	41	15	220	44	2	221
229	3	41	21	220	44	2	47
229	3	41	23	220	44	2	147
229	3	41	25	220	44	2	1
229	3	41	26	220	44	2	41
229	3	41	30	220	44	2	68
229	3	41	36	220	44	2	145
229	3	41	37	220	44	2	8
229	3	41	43	220	44	2	182
229	3	42	0	220	44	2	201
229	3	42	16	220	44	2	107
229	3	42	22	220	44	2	28
229	3	42	38	220	44	2	122
229	3	43	9	220	44	2	201
229	3	43	15	220	44	2	122
229	3	43	31	220	44	2	28
229	3	43	37	220	44	2	107
229	3	44	1	220	44	2	161
229	3	44	5	220	44	2	188
229	3	44	6	220	44	2	228
229	3	44	8	220	44	2	82
229	3	44	10	220	44	2	182
229	3	44	16	220	44	2	8
229	3	44	17	220	44	2	145
229	3	44	23	220	44	2	68
229	3	44	27	220	44	2	41
229	3	44	28	220	44	2	1
229	3	44	30	220	44	2	147
229	3	44	32	220	44	2	47
229	3	44	38	220	44	2	221
229	3	44	39	220	44	2	84
229	3	45	3	220	44	3	inf
229	3	45	4	220	44	2	93
229	3	45	5	220	44	3	inf
229	3	45	8	220	44	2	93
229	3	45	14	220	44	2	104
229	3	45	17	220	44	3	inf
229	3	45	20	220	44	2	125
229	3	45	26	220	44	2	136
229	3	45	30	220	44	2	136
229	3	45	36	220	44	2	125
229	3	45	39	220	44	3	inf
229	3	45	42	220	44	2	104
229	3	46	2	220	44	2	182
229	3	46	4	220	44	2	82
229	3	46	6	220	44	2	228
229	3	46	7	220	44	2	188
229	3	46	11	220	44	2	161
229	3	46	17	220	44	2	84
229	3	46	18	220	44	2	221
229	3	46	24	220	44	2	47
229	3	46	26	220	44	2	147
229	3	46	28	220	44	2	1
229	3	46	29	220	44	2	41
229	3	46	33	220	44	2	68
229	3	46	39	220	44	2	145
229	3	46	40	220	44	2	8
229	3	47	3	220	44	2	201
229	3	47	19	220	44	2	107
229	3	47	25	220	44	2	28
229	3	47	41	220	44	2	122
229	3	48	12	220	44	2	201
229	3	48	18	220	44	2	122
229	3	48	34	220	44	2	28
229	3	48	40	220	44	2	107
229	3	49	4	220	44	2	161
229	3	49	8	220	44	2	188
229	3	49	9	220	44	2	228
229	3	49	11	220	44	2	82
229	3	49	13	220	44	2	182
229	3	49	19	220	44	2	8
229	3	49	20	220	44	2	145
229	3	49	26	220	44	2	68
229	3	49	30	220	44	2	41
229	3	49	31	220	44	2	1
229	3	49	33	220	44	2	147
229	3	49	35	220	44	2	47
229	3	49	41	220	44	2	221
229	3	49	42	220	44	2	84
229	3	50	1	220	44	2	104
229	3	50	6	220	44	3	inf
229	3	50	7	220	44	2	93
229	3	50	8	220	44	3	inf
229	3	50	11	220	44	2	93
229	3	50	17	220	44	2	104
229	3	50	20	220	44	3	inf
229	3	50	23	220	44	2	125
229	3	50	29	220	44	2	136
229	3	50	33	220	44	2	136
229	3	50	39	220	44	2	125
229	3	50	42	220	44	3	inf
229	3	51	5	220	44	2	182
229	3	51	7	220	44	2	82
229	3	51	9	220	44	2	228
229	3	51	10	220	44	2	188
229	3	51	14	220	44	2	161
229	3	51	20	220	44	2	84
229	3	51	21	220	44	2	221
229	3	51	27	220	44	2	47
229	3	51	29	220	44	2	147
229	3	51	31	220	44	2	1
229	3	51	32	220	44	2	41
229	3	51	36	220	44	2	68
229	3	51	42	220	44	2	145
229	3	51	43	220	44	2	8
229	3	52	0	220	44	2	122
229	3	52	6	220	44	2	201
229	3	52	22	220	44	2	107
229	3	52	28	220	44	2	28
229	3	53	15	220	44	2	201
229	3	53	21	220	44	2	122
229	3	53	37	220	44	2	28
229	3	53	43	220	44	2	107
229	3	54	0	220	44	2	221
229	3	54	1	220	44	2	84
229	3	54	7	220	44	2	161
229	3	54	11	220	44	2	188
229	3	54	12	220	44	2	228
229	3	54	14	220	44	2	82
229	3	54	16	220	44	2	182
229	3	54	22	220	44	2	8
229	3	54	23	220	44	2	145
229	3	54	29	220	44	2	68
229	3	54	33	220	44	2	41
229	3	54	34	220	44	2	1
229	3	54	36	220	44	2	147
229	3	54	38	220	44	2	47
229	3	55	1	220	44	3	inf
229	3	55	4	220	44	2	104
229	3	55	9	220	44	3	inf
229	3	55	10	220	44	2	93
229	3	55	11	220	44	3	inf
229	3	55	14	220	44	2	93
229	3	55	20	220	44	2	104
229	3	55	23	220	44	3	inf
229	3	55	26	220	44	2	125
229	3	55	32	220	44	2	136
229	3	55	36	220	44	2	136
229	3	55	42	220	44	2	125
229	3	56	1	220	44	2	145
229	3	56	2	220	44	2	8
229	3	56	8	220	44	2	182
229	3	56	10	220	44	2	82
229	3	56	12	220	44	2	228
229	3	56	13	220	44	2	188
229	3	56	17	220	44	2	161
229	3	56	23	220	44	2	84
229	3	56	24	220	44	2	221
229	3	56	30	220	44	2	47
229	3	56	32	220	44	2	147
229	3	56	34	220	44	2	1
229	3	56	35	220	44	2	41
229	3	56	39	220	44	2	68
229	3	57	3	220	44	2	122
229	3	57	9	220	44	2	201
229	3	57	25	220	44	2	107
229	3	57	31	220	44	2	28
229	3	58	2	220	44	2	107
229	3	58	18	220	44	2	201
229	3	58	24	220	44	2	122
229	3	58	40	220	44	2	28
229	3	59	3	220	44	2	221
229	3	59	4	220	44	2	84
229	3	59	10	220	44	2	161
229	3	59	14	220	44	2	188
229	3	59	15	220	44	2	228
229	3	59	17	220	44	2	82
229	3	59	19	220	44	2	182
229	3	59	25	220	44	2	8
229	3	59	26	220	44	2	145
229	3	59	32	220	44	2	68
229	3	59	36	220	44	2	41
229	3	59	37	220	44	2	1
229	3	59	39	220	44	2	147
229	3	59	41	220	44	2	47
229	3	60	1	220	44	2	125
229	3	60	4	220	44	3	inf
229	3	60	7	220	44	2	104
229	3	60	12	220	44	3	inf
229	3	60	13	220	44	2	93
229	3	60	14	220	44	3	inf
229	3	60	17	220	44	2	93
229	3	60	23	220	44	2	104
229	3	60	26	220	44	3	inf
229	3	60	29	220	44	2	125
229	3	60	35	220	44	2	136
229	3	60	39	220	44	2	136
229	3	61	4	220	44	2	145
229	3	61	5	220	44	2	8
229	3	61	11	220	44	2	182
229	3	61	13	220	44	2	82
229	3	61	15	220	44	2	228
229	3	61	16	220	44	2	188
229	3	61	20	220	44	2	161
229	3	61	26	220	44	2	84
229	3	61	27	220	44	2	221
229	3	61	33	220	44	2	47
229	3	61	35	220	44	2	147
229	3	61	37	220	44	2	1
229	3	61	38	220	44	2	41
229	3	61	42	220	44	2	68
229	3	62	6	220	44	2	122
229	3	62	12	220	44	2	201
229	3	62	28	220	44	2	107
229	3	62	34	220	44	2	28
229	3	63	5	220	44	2	107
229	3	63	21	220	44	2	201
229	3	63	27	220	44	2	122
229	3	63	43	220	44	2	28
229	3	64	0	220	44	2	47
229	3	64	6	220	44	2	221
229	3	64	7	220	44	2	84
229	3	64	13	220	44	2	161
229	3	64	17	220	44	2	188
229	3	64	18	220	44	2	228
229	3	64	20	220	44	2	82
229	3	64	22	220	44	2	182
229	3	64	28	220	44	2	8
229	3	64	29	220	44	2	145
229	3	64	35	220	44	2	68
229	3	64	39	220	44	2	41
229	3	64	40	220	44	2	1
229	3	64	42	220	44	2	147
229	3	65	4	220	44	2	125
229	3	65	7	220	44	3	inf
229	3	65	10	220	44	2	104
229	3	65	15	220	44	3	inf
229	3	65	16	220	44	2	93
229	3	65	17	220	44	3	inf
229	3	65	20	220	44	2	93
229	3	65	26	220	44	2	104
229	3	65	29	220	44	3	inf
229	3	65	32	220	44	2	125
229	3	65	38	220	44	2	136
229	3	65	42	220	44	2	136
229	3	66	1	220	44	2	68
229	3	66	7	220	44	2	145
229	3	66	8	220	44	2	8
229	3	66	14	220	44	2	182
229	3	66	16	220	44	2	82
229	3	66	18	220	44	2	228
229	3	66	19	220	44	2	188
229	3	66	23	220	44	2	161
229	3	66	29	220	44	2	84
229	3	66	30	220	44	2	221
229	3	66	36	220	44	2	47
229	3	66	38	220	44	2	147
229	3	66	40	220	44	2	1
229	3	66	41	220	44	2	41
229	3	67	9	220	44	2	122
229	3	67	15	220	44	2	201
229	3	67	31	220	44	2	107
229	3	67	37	220	44	2	28
229	3	68	2	220	44	2	28
229	3	68	8	220	44	2	107
229	3	68	24	220	44	2	201
229	3	68	30	220	44	2	122
229	3	69	1	220	44	2	147
229	3	69	3	220	44	2	47
229	3	69	9	220	44	2	221
229	3	69	10	220	44	2	84
229	3	69	16	220	44	2	161
229	3	69	20	220	44	2	188
229	3	69	21	220	44	2	228
229	3	69	23	220	44	2	82
229	3	69	25	220	44	2	182
229	3	69	31	220	44	2	8
229	3	69	32	220	44	2	145
229	3	69	38	220	44	2	68
229	3	69	42	220	44	2	41
229	3	69	43	220	44	2	1
229	3	70	1	220	44	2	136
229	3	70	7	220	44	2	125
229	3	70	10	220	44	3	inf
229	3	70	13	220	44	2	104
229	3	70	18	220	44	3	inf
229	3	70	19	220	44	2	93
229	3	70	20	220	44	3	inf
229	3	70	23	220	44	2	93
229	3	70	29	220	44	2	104
229	3	70	32	220	44	3	inf
229	3	70	35	220	44	2	125
229	3	70	41	220	44	2	136
229	3	71	0	220	44	2	41
229	3	71	4	220	44	2	68
229	3	71	10	220	44	2	145
229	3	71	11	220	44	2	8
229	3	71	17	220	44	2	182
229	3	71	19	220	44	2	82
229	3	71	21	220	44	2	228
229	3	71	22	220	44	2	188
229	3	71	26	220	44	2	161
229	3	71	32	220	44	2	84
229	3	71	33	220	44	2	221
229	3	71	39	220	44	2	47
229	3	71	41	220	44	2	147
229	3	71	43	220	44	2	1
229	3	72	12	220	44	2	122
229	3	72	18	220	44	2	201
229	3	72	34	220	44	2	107
229	3	72	40	220	44	2	28
229	3	73	5	220	44	2	28
229	3	73	11	220	44	2	107
229	3	73	27	220	44	2	201
229	3	73	33	220	44	2	122
229	3	74	1	220	44	2	41
229	3	74	2	220	44	2	1
229	3	74	4	220	44	2	147
229	3	74	6	220	44	2	47
229	3	74	12	220	44	2	221
229	3	74	13	220	44	2	84
229	3	74	19	220	44	2	161
229	3	74	23	220	44	2	188
229	3	74	24	220	44	2	228
229	3	74	26	220	44	2	82
229	3	74	28	220	44	2	182
229	3	74	34	220	44	2	8
229	3	74	35	220	44	2	145
229	3	74	41	220	44	2	68
229	3	75	0	220	44	2	136
229	3	75	4	220	44	2	136
229	3	75	10	220	44	2	125
229	3	75	13	220	44	3	inf
229	3	75	16	220	44	2	104
229	3	75	21	220	44	3	inf
229	3	75	22	220	44	2	93
229	3	75	23	220	44	3	inf
229	3	75	26	220	44	2	93
229	3	75	32	220	44	2	104
229	3	75	35	220	44	3	inf
229	3	75	38	220	44	2	125
229	3	76	0	220	44	2	147
229	3	76	2	220	44	2	1
229	3	76	3	220	44	2	41
229	3	76	7	220	44	2	68
229	3	76	13	220	44	2	145
229	3	76	14	220	44	2	8
229	3	76	20	220	44	2	182
229	3	76	22	220	44	2	82
229	3	76	24	220	44	2	228
229	3	76	25	220	44	2	188
229	3	76	29	220	44	2	161
229	3	76	35	220	44	2	84
229	3	76	36	220	44	2	221
229	3	76	42	220	44	2	47
229	3	77	15	220	44	2	122
229	3	77	21	220	44	2	201
229	3	77	37	220	44	2	107
229	3	77	43	220	44	2	28
229	3	78	8	220	44	2	28
229	3	78	14	220	44	2	107
229	3	78	30	220	44	2	201
229	3	78	36	220	44	2	122
229	3	79	0	220	44	2	68
229	3	79	4	220	44	2	41
229	3	79	5	220	44	2	1
229	3	79	7	220	44	2	147
229	3	79	9	220	44	2	47
229	3	79	15	220	44	2	221
229	3	79	16	220	44	2	84
229	3	79	22	220	44	2	161
229	3	79	26	220	44	2	188
229	3	79	27	220	44	2	228
229	3	79	29	220	44	2	82
229	3	79	31	220	44	2	182
229	3	79	37	220	44	2	8
229	3	79	38	220	44	2	145
229	3	80	3	220	44	2	136
229	3	80	7	220	44	2	136
229	3	80	13	220	44	2	125
229	3	80	16	220	44	3	inf
229	3	80	19	220	44	2	104
229	3	80	24	220	44	3	inf
229	3	80	25	220	44	2	93
229	3	80	26	220	44	3	inf
229	3	80	29	220	44	2	93
229	3	80	35	220	44	2	104
229	3	80	38	220	44	3	inf
229	3	80	41	220	44	2	125
229	3	81	1	220	44	2	47
229	3	81	3	220	44	2	147
229	3	81	5	220	44	2	1
229	3	81	6	220	44	2	41
229	3	81	10	220	44	2	68
229	3	81	16	220	44	2	145
229	3	81	17	220	44	2	8
229	3	81	23	220	44	2	182
229	3	81	25	220	44	2	82
229	3	81	27	220	44	2	228
229	3	81	28	220	44	2	188
229	3	81	32	220	44	2	161
229	3	81	38	220	44	2	84
229	3	81	39	220	44	2	221
229	3	82	2	220	44	2	28
229	3	82	18	220	44	2	122
229	3	82	24	220	44	2	201
229	3	82	40	220	44	2	107
229	3	83	11	220	44	2	28
229	3	83	17	220	44	2	107
229	3	83	33	220	44	2	201
229	3	83	39	220	44	2	122
229	3	84	3	220	44	2	68
229	3	84	7	220	44	2	41
229	3	84	8	220	44	2	1
229	3	84	10	220	44	2	147
229	3	84	12	220	44	2	47
229	3	84	18	220	44	2	221
229	3	84	19	220	44	2	84
229	3	84	25	220	44	2	161
229	3	84	29	220	44	2	188
229	3	84	30	220	44	2	228
229	3	84	32	220	44	2	82
229	3	84	34	220	44	2	182
229	3	84	40	220	44	2	8
229	3	84	41	220	44	2	145
229	3	85	0	220	44	2	125
229	3	85	6	220	44	2	136
229	3	85	10	220	44	2	136
229	3	85	16	220	44	2	125
229	3	85	19	220	44	3	inf
229	3	85	22	220	44	2	104
229	3	85	27	220	44	3	inf
229	3	85	28	220	44	2	93
229	3	85	29	220	44	3	inf
229	3	85	32	220	44	2	93
229	3	85	38	220	44	2	104
229	3	85	41	220	44	3	inf
229	3	86	4	220	44	2	47
229	3	86	6	220	44	2	147
229	3	86	8	220	44	2	1
229	3	86	9	220	44	2	41
229	3	86	13	220	44	2	68
229	3	86	19	220	44	2	145
229	3	86	20	220	44	2	8
229	3	86	26	220	44	2	182
229	3	86	28	220	44	2	82
229	3	86	30	220	44	2	228
229	3	86	31	220	44	2	188
229	3	86	35	220	44	2	161
229	3	86	41	220	44	2	84
229	3	86	42	220	44	2	221
229	3	87	5	220	44	2	28
229	3	87	21	220	44	2	122
229	3	87	27	220	44	2	201
229	3	87	43	220	44	2	107
229	3	88	14	220	44	2	28
229	3	88	20	220	44	2	107
229	3	88	36	220	44	2	201
229	3	88	42	220	44	2	122
229	3	89	0	220	44	2	145
229	3	89	6	220	44	2	68
229	3	89	10	220	44	2	41
229	3	89	11	220	44	2	1
229	3	89	13	220	44	2	147
229	3	89	15	220	44	2	47
229	3	89	21	220	44	2	221
229	3	89	22	220	44	2	84
229	3	89	28	220	44	2	161
229	3	89	32	220	44	2	188
229	3	89	33	220	44	2	228
229	3	89	35	220	44	2	82
229	3	89	37	220	44	2	182
229	3	89	43	220	44	2	8
229	3	90	0	220	44	3	inf
229	3	90	3	220	44	2	125
229	3	90	9	220	44	2	136
229	3	90	13	220	44	2	136
229	3	90	19	220	44	2	125
229	3	90	22	220	44	3	inf
229	3	90	25	220	44	2	104
229	3	90	30	220	44	3	inf
229	3	90	31	220	44	2	93
229	3	90	32	220	44	3	inf
229	3	90	35	220	44	2	93
229	3	90	41	220	44	2	104
229	3	91	0	220	44	2	84
229	3	91	1	220	44	2	221
229	3	91	7	220	44	2	47
229	3	91	9	220	44	2	147
229	3	91	11	220	44	2	1
229	3	91	12	220	44	2	41
229	3	91	16	220	44	2	68
229	3	91	22	220	44	2	145
229	3	91	23	220	44	2	8
229	3	91	29	220	44	2	182
229	3	91	31	220	44	2	82
229	3	91	33	220	44	2	228
229	3	91	34	220	44	2	188
229	3	91	38	220	44	2	161
229	3	92	2	220	44	2	107
229	3	92	8	220	44	2	28
229	3	92	24	220	44	2	122
229	3	92	30	220	44	2	201
229	3	93	1	220	44	2	122
229	3	93	17	220	44	2	28
229	3	93	23	220	44	2	107
229	3	93	39	220	44	2	201
229	3	94	2	220	44	2	8
229	3	94	3	220	44	2	145
229	3	94	9	220	44	2	68
229	3	94	13	220	44	2	41
229	3	94	14	220	44	2	1
229	3	94	16	220	44	2	147
229	3	94	18	220	44	2	47
229	3	94	24	220	44	2	221
229	3	94	25	220	44	2	84
229	3	94	31	220	44	2	161
229	3	94	35	220	44	2	188
229	3	94	36	220	44	2	228
229	3	94	38	220	44	2	82
229	3	94	40	220	44	2	182
229	3	95	0	220	44	2	104
229	3	95	3	220	44	3	inf
229	3	95	6	220	44	2	125
229	3	95	12	220	44	2	136
229	3	95	16	220	44	2	136
229	3	95	22	220	44	2	125
229	3	95	25	220	44	3	inf
229	3	95	28	220	44	2	104
229	3	95	33	220	44	3	inf
229	3	95	34	220	44	2	93
229	3	95	35	220	44	3	inf
229	3	95	38	220	44	2	93
229	3	96	3	220	44	2	84
229	3	96	4	220	44	2	221
229	3	96	10	220	44	2	47
229	3	96	12	220	44	2	147
229	3	96	14	220	44	2	1
229	3	96	15	220	44	2	41
229	3	96	19	220	44	2	68
229	3	96	25	220	44	2	145
229	3	96	26	220	44	2	8
229	3	96	32	220	44	2	182
229	3	96	34	220	44	2	82
229	3	96	36	220	44	2	228
229	3	96	37	220	44	2	188
229	3	96	41	220	44	2	161
229	3	97	5	220	44	2	107
229	3	97	11	220	44	2	28
229	3	97	27	220	44	2	122
229	3	97	33	220	44	2	201
229	3	98	4	220	44	2	122
229	3	98	20	220	44	2	28
229	3	98	26	220	44	2	107
229	3	98	42	220	44	2	201
229	3	99	5	220	44	2	8
229	3	99	6	220	44	2	145
229	3	99	12	220	44	2	68
229	3	99	16	220	44	2	41
229	3	99	17	220	44	2	1
229	3	99	19	220	44	2	147
229	3	99	21	220	44	2	47
229	3	99	27	220	44	2	221
229	3	99	28	220	44	2	84
229	3	99	34	220	44	2	161
229	3	99	38	220	44	2	188
229	3	99	39	220	44	2	228
229	3	99	41	220	44	2	82
229	3	99	43	220	44	2	182
229	3	100	3	220	44	2	104
229	3	100	6	220	44	3	inf
229	3	100	9	220	44	2	125
229	3	100	15	220	44	2	136
229	3	100	19	220	44	2	136
229	3	100	25	220	44	2	125
229	3	100	28	220	44	3	inf
229	3	100	31	220	44	2	104
229	3	100	36	220	44	3	inf
229	3	100	37	220	44	2	93
229	3	100	38	220	44	3	inf
229	3	100	41	220	44	2	93
229	3	101	0	220	44	2	161
229	3	101	6	220	44	2	84
229	3	101	7	220	44	2	221
229	3	101	13	220	44	2	47
229	3	101	15	220	44	2	147
229	3	101	17	220	44	2	1
229	3	101	18	220	44	2	41
229	3	101	22	220	44	2	68
229	3	101	28	220	44	2	145
229	3	101	29	220	44	2	8
229	3	101	35	220	44	2	182
229	3	101	37	220	44	2	82
229	3	101	39	220	44	2	228
229	3	101	40	220	44	2	188
229	3	102	8	220	44	2	107
229	3	102	14	220	44	2	28
229	3	102	30	220	44	2	122
229	3	102	36	220	44	2	201
229	3	103	1	220	44	2	201
229	3	103	7	220	44	2	122
229	3	103	23	220	44	2	28
229	3	103	29	220	44	2	107
229	3	104	0	220	44	2	82
229	3	104	2	220	44	2	182
229	3	104	8	220	44	2	8
229	3	104	9	220	44	2	145
229	3	104	15	220	44	2	68
229	3	104	19	220	44	2	41
229	3	104	20	220	44	2	1
229	3	104	22	220	44	2	147
229	3	104	24	220	44	2	47
229	3	104	30	220	44	2	221
229	3	104	31	220	44	2	84
229	3	104	37	220	44	2	161
229	3	104	41	220	44	2	188
229	3	104	42	220	44	2	228
229	3	105	0	220	44	2	93
229	3	105	6	220	44	2	104
229	3	105	9	220	44	3	inf
229	3	105	12	220	44	2	125
229	3	105	18	220	44	2	136
229	3	105	22	220	44	2	136
229	3	105	28	220	44	2	125
229	3	105	31	220	44	3	inf
229	3	105	34	220	44	2	104
229	3	105	39	220	44	3	inf
229	3	105	40	220	44	2	93
229	3	105	41	220	44	3	inf
229	3	106	3	220	44	2	161
229	3	106	9	220	44	2	84
229	3	106	10	220	44	2	221
229	3	106	16	220	44	2	47
229	3	106	18	220	44	2	147
229	3	106	20	220	44	2	1
229	3	106	21	220	44	2	41
229	3	106	25	220	44	2	68
229	3	106	31	220	44	2	145
229	3	106	32	220	44	2	8
229	3	106	38	220	44	2	182
229	3	106	40	220	44	2	82
229	3	106	42	220	44	2	228
229	3	106	43	220	44	2	188
229	3	107	11	220	44	2	107
229	3	107	17	220	44	2	28
229	3	107	33	220	44	2	122
229	3	107	39	220	44	2	201
229	3	108	4	220	44	2	201
229	3	108	10	220	44	2	122
229	3	108	26	220	44	2	28
229	3	108	32	220	44	2	107
229	3	109	0	220	44	2	188
229	3	109	1	220	44	2	228
229	3	109	3	220	44	2	82
229	3	109	5	220	44	2	182
229	3	109	11	220	44	2	8
229	3	109	12	220	44	2	145
229	3	109	18	220	44	2	68
229	3	109	22	220	44	2	41
229	3	109	23	220	44	2	1
229	3	109	25	220	44	2	147
229	3	109	27	220	44	2	47
229	3	109	33	220	44	2	221
229	3	109	34	220	44	2	84
229	3	109	40	220	44	2	161
229	3	110	0	220	44	3	inf
229	3	110	3	220	44	2	93
229	3	110	9	220	44	2	104
229	3	110	12	220	44	3	inf
229	3	110	15	220	44	2	125
229	3	110	21	220	44	2	136
229	3	110	25	220	44	2	136
229	3	110	31	220	44	2	125
229	3	110	34	220	44	3	inf
229	3	110	37	220	44	2	104
229	3	110	42	220	44	3	inf
229	3	110	43	220	44	2	93
229	3	111	1	220	44	2	228
229	3	111	2	220	44	2	188
229	3	111	6	220	44	2	161
229	3	111	12	220	44	2	84
229	3	111	13	220	44	2	221
229	3	111	19	220	44	2	47
229	3	111	21	220	44	2	147
229	3	111	23	220	44	2	1
229	3	111	24	220	44	2	41
229	3	111	28	220	44	2	68
229	3	111	34	220	44	2	145
229	3	111	35	220	44	2	8
229	3	111	41	220	44	2	182
229	3	111	43	220	44	2	82
229	3	112	14	220	44	2	107
229	3	112	20	220	44	2	28
229	3	112	36	220	44	2	122
229	3	112	42	220	44	2	201
229	3	113	7	220	44	2	201
229	3	113	13	220	44	2	122
229	3	113	29	220	44	2	28
229	3	113	35	220	44	2	107
229	3	114	3	220	44	2	188
229	3	114	4	220	44	2	228
229	3	114	6	220	44	2	82
229	3	114	8	220	44	2	182
229	3	114	14	220	44	2	8
229	3	114	15	220	44	2	145
229	3	114	21	220	44	2	68
229	3	114	25	220	44	2	41
229	3	114	26	220	44	2	1
229	3	114	28	220	44	2	147
229	3	114	30	220	44	2	47
229	3	114	36	220	44	2	221
229	3	114	37	220	44	2	84
229	3	114	43	220	44	2	161
229	3	115	1	220	44	3	inf
229	3	115	2	220	44	2	93
229	3	115	3	220	44	3	inf
229	3	115	6	220	44	2	93
229	3	115	12	220	44	2	104
229	3	115	15	220	44	3	inf
229	3	115	18	220	44	2	125
229	3	115	24	220	44	2	136
229	3	115	28	220	44	2	136
229	3	115	34	220	44	2	125
229	3	115	37	220	44	3	inf
229	3	115	40	220	44	2	104
229	3	116	0	220	44	2	182
229	3	116	2	220	44	2	82
229	3	116	4	220	44	2	228
229	3	116	5	220	44	2	188
229	3	116	9	220	44	2	161
229	3	116	15	220	44	2	84
229	3	116	16	220	44	2	221
229	3	116	22	220	44	2	47
229	3	116	24	220	44	2	147
229	3	116	26	220	44	2	1
229	3	116	27	220	44	2	41
229	3	116	31	220	44	2	68
229	3	116	37	220	44	2	145
229	3	116	38	220	44	2	8
229	3	117	1	220	44	2	201
229	3	117	17	220	44	2	107
229	3	117	23	220	44	2	28
229	3	117	39	220	44	2	122
229	3	118	10	220	44	2	201
229	3	118	16	220	44	2	122
229	3	118	32	220	44	2	28
229	3	118	38	220	44	2	107
229	3	119	2	220	44	2	161
229	3	119	6	220	44	2	188
229	3	119	7	220	44	2	228
229	3	119	9	220	44	2	82
229	3	119	11	220	44	2	182
229	3	119	17	220	44	2	8
229	3	119	18	220	44	2	145
229	3	119	24	220	44	2	68
229	3	119	28	220	44	2	41
229	3	119	29	220	44	2	1
229	3	119	31	220	44	2	147
229	3	119	33	220	44	2	47
229	3	119	39	220	44	2	221
229	3	119	40	220	44	2	84
229	3	120	4	220	44	3	inf
229	3	120	5	220	44	2	93
229	3	120	6	220	44	3	inf
229	3	120	9	220	44	2	93
229	3	120	15	220	44	2	104
229	3	120	18	220	44	3	inf
229	3	120	21	220	44	2	125
229	3	120	27	220	44	2	136
229	3	120	31	220	44	2	136
229	3	120	37	220	44	2	125
229	3	120	40	220	44	3	inf
229	3	120	43	220	44	2	104
229	3	121	3	220	44	2	182
229	3	121	5	220	44	2	82
229	3	121	7	220	44	2	228
229	3	121	8	220	44	2	188
229	3	121	12	220	44	2	161
229	3	121	18	220	44	2	84
229	3	121	19	220	44	2	221
229	3	121	25	220	44	2	47
229	3	121	27	220	44	2	147
229	3	121	29	220	44	2	1
229	3	121	30	220	44	2	41
229	3	121	34	220	44	2	68
229	3	121	40	220	44	2	145
229	3	121	41	220	44	2	8
229	3	122	4	220	44	2	201
229	3	122	20	220	44	2	107
229	3	122	26	220	44	2	28
229	3	122	42	220	44	2	122
229	3	123	13	220	44	2	201
229	3	123	19	220	44	2	122
229	3	123	35	220	44	2	28
229	3	123	41	220	44	2	107
229	3	124	5	220	44	2	161
229	3	124	9	220	44	2	188
229	3	124	10	220	44	2	228
229	3	124	12	220	44	2	82
229	3	124	14	220	44	2	182
229	3	124	20	220	44	2	8
229	3	124	21	220	44	2	145
229	3	124	27	220	44	2	68
229	3	124	31	220	44	2	41
229	3	124	32	220	44	2	1
229	3	124	34	220	44	2	147
229	3	124	36	220	44	2	47
229	3	124	42	220	44	2	221
229	3	124	43	220	44	2	84
229	3	125	2	220	44	2	104
229	3	125	7	220	44	3	inf
229	3	125	8	220	44	2	93
229	3	125	9	220	44	3	inf
229	3	125	12	220	44	2	93
229	3	125	18	220	44	2	104
229	3	125	21	220	44	3	inf
229	3	125	24	220	44	2	125
229	3	125	30	220	44	2	136
229	3	125	34	220	44	2	136
229	3	125	40	220	44	2	125
229	3	125	43	220	44	3	inf
229	3	126	0	220	44	2	8
229	3	126	6	220	44	2	182
229	3	126	8	220	44	2	82
229	3	126	10	220	44	2	228
229	3	126	11	220	44	2	188
229	3	126	15	220	44	2	161
229	3	126	21	220	44	2	84
229	3	126	22	220	44	2	221
229	3	126	28	220	44	2	47
229	3	126	30	220	44	2	147
229	3	126	32	220	44	2	1
229	3	126	33	220	44	2	41
229	3	126	37	220	44	2	68
229	3	126	43	220	44	2	145
229	3	127	1	220	44	2	122
229	3	127	7	220	44	2	201
229	3	127	23	220	44	2	107
229	3	127	29	220	44	2	28
229	3	128	0	220	44	2	107
229	3	128	16	220	44	2	201
229	3	128	22	220	44	2	122
229	3	128	38	220	44	2	28
229	3	129	1	220	44	2	221
229	3	129	2	220	44	2	84
229	3	129	8	220	44	2	161
229	3	129	12	220	44	2	188
229	3	129	13	220	44	2	228
229	3	129	15	220	44	2	82
229	3	129	17	220	44	2	182
229	3	129	23	220	44	2	8
229	3	129	24	220	44	2	145
229	3	129	30	220	44	2	68
229	3	129	34	220	44	2	41
229	3	129	35	220	44	2	1
229	3	129	37	220	44	2	147
229	3	129	39	220	44	2	47
229	3	130	2	220	44	3	inf
229	3	130	5	220	44	2	104
229	3	130	10	220	44	3	inf
229	3	130	11	220	44	2	93
229	3	130	12	220	44	3	inf
229	3	130	15	220	44	2	93
229	3	130	21	220	44	2	104
229	3	130	24	220	44	3	inf
229	3	130	27	220	44	2	125
229	3	130	33	220	44	2	136
229	3	130	37	220	44	2	136
229	3	130	43	220	44	2	125
229	3	131	2	220	44	2	145
229	3	131	3	220	44	2	8
229	3	131	9	220	44	2	182
229	3	131	11	220	44	2	82
229	3	131	13	220	44	2	228
229	3	131	14	220	44	2	188
229	3	131	18	220	44	2	161
229	3	131	24	220	44	2	84
229	3	131	25	220	44	2	221
229	3	131	31	220	44	2	47
229	3	131	33	220	44	2	147
229	3	131	35	220	44	2	1
229	3	131	36	220	44	2	41
229	3	131	40	220	44	2	68
229	3	132	4	220	44	2	122
229	3	132	10	220	44	2	201
229	3	132	26	220	44	2	107
229	3	132	32	220	44	2	28
229	3	133	3	220	44	2	107
229	3	133	19	220	44	2	201
229	3	133	25	220	44	2	122
229	3	133	41	220	44	2	28
229	3	134	4	220	44	2	221
229	3	134	5	220	44	2	84
229	3	134	11	220	44	2	161
229	3	134	15	220	44	2	188
229	3	134	16	220	44	2	228
229	3	134	18	220	44	2	82
229	3	134	20	220	44	2	182
229	3	134	26	220	44	2	8
229	3	134	27	220	44	2	145
229	3	134	33	220	44	2	68
229	3	134	37	220	44	2	41
229	3	134	38	220	44	2	1
229	3	134	40	220	44	2	147
229	3	134	42	220	44	2	47
229	3	135	2	220	44	2	125
229	3	135	5	220	44	3	inf
229	3	135	8	220	44	2	104
229	3	135	13	220	44	3	inf
229	3	135	14	220	44	2	93
229	3	135	15	220	44	3	inf
229	3	135	18	220	44	2	93
229	3	135	24	220	44	2	104
229	3	135	27	220	44	3	inf
229	3	135	30	220	44	2	125
229	3	135	36	220	44	2	136
229	3	135	40	220	44	2	136
229	3	136	5	220	44	2	145
229	3	136	6	220	44	2	8
229	3	136	12	220	44	2	182
229	3	136	14	220	44	2	82
229	3	136	16	220	44	2	228
229	3	136	17	220	44	2	188
229	3	136	21	220	44	2	161
229	3	136	27	220	44	2	84
229	3	136	28	220	44	2	221
229	3	136	34	220	44	2	47
229	3	136	36	220	44	2	147
229	3	136	38	220	44	2	1
229	3	136	39	220	44	2	41
229	3	136	43	220	44	2	68
229	3	137	7	220	44	2	122
229	3	137	13	220	44	2	201
229	3	137	29	220	44	2	107
229	3	137	35	220	44	2	28
229	3	138	0	220	44	2	28
229	3	138	6	220	44	2	107
229	3	138	22	220	44	2	201
229	3	138	28	220	44	2	122
229	3	139	1	220	44	2	47
229	3	139	7	220	44	2	221
229	3	139	8	220	44	2	84
229	3	139	14	220	44	2	161
229	3	139	18	220	44	2	188
229	3	139	19	220	44	2	228
229	3	139	21	220	44	2	82
229	3	139	23	220	44	2	182
229	3	139	29	220	44	2	8
229	3	139	30	220	44	2	145
229	3	139	36	220	44	2	68
229	3	139	40	220	44	2	41
229	3	139	41	220	44	2	1
229	3	139	43	220	44	2	147
229	3	140	5	220	44	2	125
229	3	140	8	220	44	3	inf
229	3	140	11	220	44	2	104
229	3	140	16	220	44	3	inf
229	3	140	17	220	44	2	93
229	3	140	18	220	44	3	inf
229	3	140	21	220	44	2	93
229	3	140	27	220	44	2	104
229	3	140	30	220	44	3	inf
229	3	140	33	220	44	2	125
229	3	140	39	220	44	2	136
229	3	140	43	220	44	2	136
229	3	141	2	220	44	2	68
229	3	141	8	220	44	2	145
229	3	141	9	220	44	2	8
229	3	141	15	220	44	2	182
229	3	141	17	220	44	2	82
229	3	141	19	220	44	2	228
229	3	141	20	220	44	2	188
229	3	141	24	220	44	2	161
229	3	141	30	220	44	2	84
229	3	141	31	220	44	2	221
229	3	141	37	220	44	2	47
229	3	141	39	220	44	2	147
229	3	141	41	220	44	2	1
229	3	141	42	220	44	2	41
229	3	142	10	220	44	2	122
229	3	142	16	220	44	2	201
229	3	142	32	220	44	2	107
229	3	142	38	220	44	2	28
229	3	143	3	220	44	2	28
229	3	143	9	220	44	2	107
229	3	143	25	220	44	2	201
229	3	143	31	220	44	2	122
229	3	144	0	220	44	2	1
229	3	144	2	220	44	2	147
229	3	144	4	220	44	2	47
229	3	144	10	220	44	2	221
229	3	144	11	220	44	2	84
229	3	144	17	220	44	2	161
229	3	144	21	220	44	2	188
229	3	144	22	220	44	2	228
229	3	144	24	220	44	2	82
229	3	144	26	220	44	2	182
229	3	144	32	220	44	2	8
229	3	144	33	220	44	2	145
229	3	144	39	220	44	2	68
229	3	144	43	220	44	2	41
229	3	145	2	220	44	2	136
229	3	145	8	220	44	2	125
229	3	145	11	220	44	3	inf
229	3	145	14	220	44	2	104
229	3	145	19	220	44	3	inf
229	3	145	20	220	44	2	93
229	3	145	21	220	44	3	inf
229	3	145	24	220	44	2	93
229	3	145	30	220	44	2	104
229	3	145	33	220	44	3	inf
229	3	145	36	220	44	2	125
229	3	145	42	220	44	2	136
229	3	146	0	220	44	2	1
229	3	146	1	220	44	2	41
229	3	146	5	220	44	2	68
229	3	146	11	220	44	2	145
229	3	146	12	220	44	2	8
229	3	146	18	220	44	2	182
229	3	146	20	220	44	2	82
229	3	146	22	220	44	2	228
229	3	146	23	220	44	2	188
229	3	146	27	220	44	2	161
229	3	146	33	220	44	2	84
229	3	146	34	220	44	2	221
229	3	146	40	220	44	2	47
229	3	146	42	220	44	2	147
229	3	147	13	220	44	2	122
229	3	147	19	220	44	2	201
229	3	147	35	220	44	2	107
229	3	147	41	220	44	2	28
229	3	148	6	220	44	2	28
229	3	148	12	220	44	2	107
229	3	148	28	220	44	2	201
229	3	148	34	220	44	2	122
229	3	149	2	220	44	2	41
229	3	149	3	220	44	2	1
229	3	149	5	220	44	2	147
229	3	149	7	220	44	2	47
229	3	149	13	220	44	2	221
229	3	149	14	220	44	2	84
229	3	149	20	220	44	2	161
229	3	149	24	220	44	2	188
229	3	149	25	220	44	2	228
229	3	149	27	220	44	2	82
229	3	149	29	220	44	2	182
229	3	149	35	220	44	2	8
229	3	149	36	220	44	2	145
229	3	149	42	220	44	2	68
229	3	150	1	220	44	2	136
229	3	150	5	220	44	2	136
229	3	150	11	220	44	2	125
229	3	150	14	220	44	3	inf
229	3	150	17	220	44	2	104
229	3	150	22	220	44	3	inf
229	3	150	23	220	44	2	93
229	3	150	24	220	44	3	inf
229	3	150	27	220	44	2	93
229	3	150	33	220	44	2	104
229	3	150	36	220	44	3	inf
229	3	150	39	220	44	2	125
229	3	151	1	220	44	2	147
229	3	151	3	220	44	2	1
229	3	151	4	220	44	2	41
229	3	151	8	220	44	2	68
229	3	151	14	220	44	2	145
229	3	151	15	220	44	2	8
229	3	151	21	220	44	2	182
229	3	151	23	220	44	2	82
229	3	151	25	220	44	2	228
229	3	151	26	220	44	2	188
229	3	151	30	220	44	2	161
229	3	151	36	220	44	2	84
229	3	151	37	220	44	2	221
229	3	151	43	220	44	2	47
229	3	152	0	220	44	2	28
229	3	152	16	220	44	2	122
229	3	152	22	220	44	2	201
229	3	152	38	220	44	2	107
229	3	153	9	220	44	2	28
229	3	153	15	220	44	2	107
229	3	153	31	220	44	2	201
229	3	153	37	220	44	2	122
229	3	154	1	220	44	2	68
229	3	154	5	220	44	2	41
229	3	154	6	220	44	2	1
229	3	154	8	220	44	2	147
229	3	154	10	220	44	2	47
229	3	154	16	220	44	2	221
229	3	154	17	220	44	2	84
229	3	154	23	220	44	2	161
229	3	154	27	220	44	2	188
229	3	154	28	220	44	2	228
229	3	154	30	220	44	2	82
229	3	154	32	220	44	2	182
229	3	154	38	220	44	2	8
229	3	154	39	220	44	2	145
229	3	155	4	220	44	2	136
229	3	155	8	220	44	2	136
229	3	155	14	220	44	2	125
229	3	155	17	220	44	3	inf
229	3	155	20	220	44	2	104
229	3	155	25	220	44	3	inf
229	3	155	26	220	44	2	93
229	3	155	27	220	44	3	inf
229	3	155	30	220	44	2	93
229	3	155	36	220	44	2	104
229	3	155	39	220	44	3	inf
229	3	155	42	220	44	2	125
229	3	156	2	220	44	2	47
229	3	156	4	220	44	2	147
229	3	156	6	220	44	2	1
229	3	156	7	220	44	2	41
229	3	156	11	220	44	2	68
229	3	156	17	220	44	2	145
229	3	156	18	220	44	2	8
229	3	156	24	220	44	2	182
229	3	156	26	220	44	2	82
229	3	156	28	220	44	2	228
229	3	156	29	220	44	2	188
229	3	156	33	220	44	2	161
229	3	156	39	220	44	2	84
229	3	156	40	220	44	2	221
229	3	157	3	220	44	2	28
229	3	157	19	220	44	2	122
229	3	157	25	220	44	2	201
229	3	157	41	220	44	2	107
229	3	158	12	220	44	2	28
229	3	158	18	220	44	2	107
229	3	158	34	220	44	2	201
229	3	158	40	220	44	2	122
229	3	159	4	220	44	2	68
229	3	159	8	220	44	2	41
229	3	159	9	220	44	2	1
229	3	159	11	220	44	2	147
229	3	159	13	220	44	2	47
229	3	159	19	220	44	2	221
229	3	159	20	220	44	2	84
229	3	159	26	220	44	2	161
229	3	159	30	220	44	2	188
229	3	159	31	220	44	2	228
229	3	159	33	220	44	2	82
229	3	159	35	220	44	2	182
229	3	159	41	220	44	2	8
229	3	159	42	220	44	2	145
229	3	160	1	220	44	2	125
229	3	160	7	220	44	2	136
229	3	160	11	220	44	2	136
229	3	160	17	220	44	2	125
229	3	160	20	220	44	3	inf
229	3	160	23	220	44	2	104
229	3	160	28	220	44	3	inf
229	3	160	29	220	44	2	93
229	3	160	30	220	44	3	inf
229	3	160	33	220	44	2	93
229	3	160	39	220	44	2	104
229	3	160	42	220	44	3	inf
229	3	161	5	220	44	2	47
229	3	161	7	220	44	2	147
229	3	161	9	220	44	2	1
229	3	161	10	220	44	2	41
229	3	161	14	220	44	2	68
229	3	161	20	220	44	2	145
229	3	161	21	220	44	2	8
229	3	161	27	220	44	2	182
229	3	161	29	220	44	2	82
229	3	161	31	220	44	2	228
229	3	161	32	220	44	2	188
229	3	161	36	220	44	2	161
229	3	161	42	220	44	2	84
229	3	161	43	220	44	2	221
229	3	162	0	220	44	2	107
229	3	162	6	220	44	2	28
229	3	162	22	220	44	2	122
229	3	162	28	220	44	2	201
229	3	163	15	220	44	2	28
229	3	163	21	220	44	2	107
229	3	163	37	220	44	2	201
229	3	163	43	220	44	2	122
229	3	164	0	220	44	2	8
229	3	164	1	220	44	2	145
229	3	164	7	220	44	2	68
229	3	164	11	220	44	2	41
229	3	164	12	220	44	2	1
229	3	164	14	220	44	2	147
229	3	164	16	220	44	2	47
229	3	164	22	220	44	2	221
229	3	164	23	220	44	2	84
229	3	164	29	220	44	2	161
229	3	164	33	220	44	2	188
229	3	164	34	220	44	2	228
229	3	164	36	220	44	2	82
229	3	164	38	220	44	2	182
229	3	165	1	220	44	3	inf
229	3	165	4	220	44	2	125
229	3	165	10	220	44	2	136
229	3	165	14	220	44	2	136
229	3	165	20	220	44	2	125
229	3	165	23	220	44	3	inf
229	3	165	26	220	44	2	104
229	3	165	31	220	44	3	inf
229	3	165	32	220	44	2	93
229	3	165	33	220	44	3	inf
229	3	165	36	220	44	2	93
229	3	165	42	220	44	2	104
229	3	166	1	220	44	2	84
229	3	166	2	220	44	2	221
229	3	166	8	220	44	2	47
229	3	166	10	220	44	2	147
229	3	166	12	220	44	2	1
229	3	166	13	220	44	2	41
229	3	166	17	220	44	2	68
229	3	166	23	220	44	2	145
229	3	166	24	220	44	2	8
229	3	166	30	220	44	2	182
229	3	166	32	220	44	2	82
229	3	166	34	220	44	2	228
229	3	166	35	220	44	2	188
229	3	166	39	220	44	2	161
229	3	167	3	220	44	2	107
229	3	167	9	220	44	2	28
229	3	167	25	220	44	2	122
229	3	167	31	220	44	2	201
229	3	168	2	220	44	2	122
229	3	168	18	220	44	2	28
229	3	168	24	220	44	2	107
229	3	168	40	220	44	2	201
229	3	169	3	220	44	2	8
229	3	169	4	220	44	2	145
229	3	169	10	220	44	2	68
229	3	169	14	220	44	2	41
229	3	169	15	220	44	2	1
229	3	169	17	220	44	2	147
229	3	169	19	220	44	2	47
229	3	169	25	220	44	2	221
229	3	169	26	220	44	2	84
229	3	169	32	220	44	2	161
229	3	169	36	220	44	2	188
229	3	169	37	220	44	2	228
229	3	169	39	220	44	2	82
229	3	169	41	220	44	2	182
229	3	170	1	220	44	2	104
229	3	170	4	220	44	3	inf
229	3	170	7	220	44	2	125
229	3	170	13	220	44	2	136
229	3	170	17	220	44	2	136
229	3	170	23	220	44	2	125
229	3	170	26	220	44	3	inf
229	3	170	29	220	44	2	104
229	3	170	34	220	44	3	inf
229	3	170	35	220	44	2	93
229	3	170	36	220	44	3	inf
229	3	170	39	220	44	2	93
229	3	171	4	220	44	2	84
229	3	171	5	220	44	2	221
229	3	171	11	220	44	2	47
229	3	171	13	220	44	2	147
229	3	171	15	220	44	2	1
229	3	171	16	220	44	2	41
229	3	171	20	220	44	2	68
229	3	171	26	220	44	2	145
229	3	171	27	220	44	2	8
229	3	171	33	220	44	2	182
229	3	171	35	220	44	2	82
229	3	171	37	220	44	2	228
229	3	171	38	220	44	2	188
229	3	171	42	220	44	2	161
229	3	172	6	220	44	2	107
229	3	172	12	220	44	2	28
229	3	172	28	220	44	2	122
229	3	172	34	220	44	2	201
229	3	173	5	220	44	2	122
229	3	173	21	220	44	2	28
229	3	173	27	220	44	2	107
229	3	173	43	220	44	2	201
229	3	174	0	220	44	2	182
229	3	174	6	220	44	2	8
229	3	174	7	220	44	2	145
229	3	174	13	220	44	2	68
229	3	174	17	220	44	2	41
229	3	174	18	220	44	2	1
229	3	174	20	220	44	2	147
229	3	174	22	220	44	2	47
229	3	174	28	220	44	2	221
229	3	174	29	220	44	2	84
229	3	174	35	220	44	2	161
229	3	174	39	220	44	2	188
229	3	174	40	220	44	2	228
229	3	174	42	220	44	2	82
229	3	175	4	220	44	2	104
229	3	175	7	220	44	3	inf
229	3	175	10	220	44	2	125
229	3	175	16	220	44	2	136
229	3	175	20	220	44	2	136
229	3	175	26	220	44	2	125
229	3	175	29	220	44	3	inf
229	3	175	32	220	44	2	104
229	3	175	37	220	44	3	inf
229	3	175	38	220	44	2	93
229	3	175	39	220	44	3	inf
229	3	175	42	220	44	2	93
229	3	176	1	220	44	2	161
229	3	176	7	220	44	2	84
229	3	176	8	220	44	2	221
229	3	176	14	220	44	2	47
229	3	176	16	220	44	2	147
229	3	176	18	220	44	2	1
229	3	176	19	220	44	2	41
229	3	176	23	220	44	2	68
229	3	176	29	220	44	2	145
229	3	176	30	220	44	2	8
229	3	176	36	220	44	2	182
229	3	176	38	220	44	2	82
229	3	176	40	220	44	2	228
229	3	176	41	220	44	2	188
229	3	177	9	220	44	2	107
229	3	177	15	220	44	2	28
229	3	177	31	220	44	2	122
229	3	177	37	220	44	2	201
229	3	178	2	220	44	2	201
229	3	178	8	220	44	2	122
229	3	178	24	220	44	2	28
229	3	178	30	220	44	2	107
229	3	179	1	220	44	2	82
229	3	179	3	220	44	2	182
229	3	179	9	220	44	2	8
229	3	179	10	220	44	2	145
229	3	179	16	220	44	2	68
229	3	179	20	220	44	2	41
229	3	179	21	220	44	2	1
229	3	179	23	220	44	2	147
229	3	179	25	220	44	2	47
229	3	179	31	220	44	2	221
229	3	179	32	220	44	2	84
229	3	179	38	220	44	2	161
229	3	179	42	220	44	2	188
229	3	179	43	220	44	2	228
229	3	180	1	220	44	2	93
229	3	180	7	220	44	2	104
229	3	180	10	220	44	3	inf
229	3	180	13	220	44	2	125
229	3	180	19	220	44	2	136
229	3	180	23	220	44	2	136
229	3	180	29	220	44	2	125
229	3	180	32	220	44	3	inf
229	3	180	35	220	44	2	104
229	3	180	40	220	44	3	inf
229	3	180	41	220	44	2	93
229	3	180	42	220	44	3	inf
229	3	181	0	220	44	2	188
229	3	181	4	220	44	2	161
229	3	181	10	220	44	2	84
229	3	181	11	220	44	2	221
229	3	181	17	220	44	2	47
229	3	181	19	220	44	2	147
229	3	181	21	220	44	2	1
229	3	181	22	220	44	2	41
229	3	181	26	220	44	2	68
229	3	181	32	220	44	2	145
229	3	181	33	220	44	2	8
229	3	181	39	220	44	2	182
229	3	181	41	220	44	2	82
229	3	181	43	220	44	2	228
229	3	182	12	220	44	2	107
229	3	182	18	220	44	2	28
229	3	182	34	220	44	2	122
229	3	182	40	220	44	2	201
229	3	183	5	220	44	2	201
229	3	183	11	220	44	2	122
229	3	183	27	220	44	2	28
229	3	183	33	220	44	2	107
229	3	184	1	220	44	2	188
229	3	184	2	220	44	2	228
229	3	184	4	220	44	2	82
229	3	184	6	220	44	2	182
229	3	184	12	220	44	2	8
229	3	184	13	220	44	2	145
229	3	184	19	220	44	2	68
229	3	184	23	220	44	2	41
229	3	184	24	220	44	2	1
229	3	184	26	220	44	2	147
229	3	184	28	220	44	2	47
229	3	184	34	220	44	2	221
229	3	184	35	220	44	2	84
229	3	184	41	220	44	2	161
229	3	185	0	220	44	2	93
229	3	185	1	220	44	3	inf
229	3	185	4	220	44	2	93
229	3	185	10	220	44	2	104
229	3	185	13	220	44	3	inf
229	3	185	16	220	44	2	125
229	3	185	22	220	44	2	136
229	3	185	26	220	44	2	136
229	3	185	32	220	44	2	125
229	3	185	35	220	44	3	inf
229	3	185	38	220	44	2	104
229	3	185	43	220	44	3	inf
229	3	186	0	220	44	2	82
229	3	186	2	220	44	2	228
229	3	186	3	220	44	2	188
229	3	186	7	220	44	2	161
229	3	186	13	220	44	2	84
229	3	186	14	220	44	2	221
229	3	186	20	220	44	2	47
229	3	186	22	220	44	2	147
229	3	186	24	220	44	2	1
229	3	186	25	220	44	2	41
229	3	186	29	220	44	2	68
229	3	186	35	220	44	2	145
229	3	186	36	220	44	2	8
229	3	186	42	220	44	2	182
229	3	187	15	220	44	2	107
229	3	187	21	220	44	2	28
229	3	187	37	220	44	2	122
229	3	187	43	220	44	2	201
229	3	188	8	220	44	2	201
229	3	188	14	220	44	2	122
229	3	188	30	220	44	2	28
229	3	188	36	220	44	2	107
229	3	189	0	220	44	2	161
229	3	189	4	220	44	2	188
229	3	189	5	220	44	2	228
229	3	189	7	220	44	2	82
229	3	189	9	220	44	2	182
229	3	189	15	220	44	2	8
229	3	189	16	220	44	2	145
229	3	189	22	220	44	2	68
229	3	189	26	220	44	2	41
229	3	189	27	220	44	2	1
229	3	189	29	220	44	2	147
229	3	189	31	220	44	2	47
229	3	189	37	220	44	2	221
229	3	189	38	220	44	2	84
229	3	190	2	220	44	3	inf
229	3	190	3	220	44	2	93
229	3	190	4	220	44	3	inf
229	3	190	7	220	44	2	93
229	3	190	13	220	44	2	104
229	3	190	16	220	44	3	inf
229	3	190	19	220	44	2	125
229	3	190	25	220	44	2	136
229	3	190	29	220	44	2	136
229	3	190	35	220	44	2	125
229	3	190	38	220	44	3	inf
229	3	190	41	220	44	2	104
229	3	191	1	220	44	2	182
229	3	191	3	220	44	2	82
229	3	191	5	220	44	2	228
229	3	191	6	220	44	2	188
229	3	191	10	220	44	2	161
229	3	191	16	220	44	2	84
229	3	191	17	220	44	2	221
229	3	191	23	220	44	2	47
229	3	191	25	220	44	2	147
229	3	191	27	220	44	2	1
229	3	191	28	220	44	2	41
229	3	191	32	220	44	2	68
229	3	191	38	220	44	2	145
229	3	191	39	220	44	2	8
229	3	192	2	220	44	2	201
229	3	192	18	220	44	2	107
229	3	192	24	220	44	2	28
229	3	192	40	220	44	2	122
229	3	193	11	220	44	2	201
229	3	193	17	220	44	2	122
229	3	193	33	220	44	2	28
229	3	193	39	220	44	2	107
229	3	194	3	220	44	2	161
229	3	194	7	220	44	2	188
229	3	194	8	220	44	2	228
229	3	194	10	220	44	2	82
229	3	194	12	220	44	2	182
229	3	194	18	220	44	2	8
229	3	194	19	220	44	2	145
229	3	194	25	220	44	2	68
229	3	194	29	220	44	2	41
229	3	194	30	220	44	2	1
229	3	194	32	220	44	2	147
229	3	194	34	220	44	2	47
229	3	194	40	220	44	2	221
229	3	194	41	220	44	2	84
229	3	195	0	220	44	2	104
229	3	195	5	220	44	3	inf
229	3	195	6	220	44	2	93
229	3	195	7	220	44	3	inf
229	3	195	10	220	44	2	93
229	3	195	16	220	44	2	104
229	3	195	19	220	44	3	inf
229	3	195	22	220	44	2	125
229	3	195	28	220	44	2	136
229	3	195	32	220	44	2	136
229	3	195	38	220	44	2	125
229	3	195	41	220	44	3	inf
229	3	196	4	220	44	2	182
229	3	196	6	220	44	2	82
229	3	196	8	220	44	2	228
229	3	196	9	220	44	2	188
229	3	196	13	220	44	2	161
229	3	196	19	220	44	2	84
229	3	196	20	220	44	2	221
229	3	196	26	220	44	2	47
229	3	196	28	220	44	2	147
229	3	196	30	220	44	2	1
229	3	196	31	220	44	2	41
229	3	196	35	220	44	2	68
229	3	196	41	220	44	2	145
229	3	196	42	220	44	2	8
229	3	197	5	220	44	2	201
229	3	197	21	220	44	2	107
229	3	197	27	220	44	2	28
229	3	197	43	220	44	2	122
229	3	198	14	220	44	2	201
229	3	198	20	220	44	2	122
229	3	198	36	220	44	2	28
229	3	198	42	220	44	2	107
229	3	199	0	220	44	2	84
229	3	199	6	220	44	2	161
229	3	199	10	220	44	2	188
229	3	199	11	220	44	2	228
229	3	199	13	220	44	2	82
229	3	199	15	220	44	2	182
229	3	199	21	220	44	2	8
229	3	199	22	220	44	2	145
229	3	199	28	220	44	2	68
229	3	199	32	220	44	2	41
229	3	199	33	220	44	2	1
229	3	199	35	220	44	2	147
229	3	199	37	220	44	2	47
229	3	199	43	220	44	2	221
229	3	200	0	220	44	3	inf
229	3	200	3	220	44	2	104
229	3	200	8	220	44	3	inf
229	3	200	9	220	44	2	93
229	3	200	10	220	44	3	inf
229	3	200	13	220	44	2	93
229	3	200	19	220	44	2	104
229	3	200	22	220	44	3	inf
229	3	200	25	220	44	2	125
229	3	200	31	220	44	2	136
229	3	200	35	220	44	2	136
229	3	200	41	220	44	2	125
229	3	201	0	220	44	2	145
229	3	201	1	220	44	2	8
229	3	201	7	220	44	2	182
229	3	201	9	220	44	2	82
229	3	201	11	220	44	2	228
229	3	201	12	220	44	2	188
229	3	201	16	220	44	2	161
229	3	201	22	220	44	2	84
229	3	201	23	220	44	2	221
229	3	201	29	220	44	2	47
229	3	201	31	220	44	2	147
229	3	201	33	220	44	2	1
229	3	201	34	220	44	2	41
229	3	201	38	220	44	2	68
229	3	202	2	220	44	2	122
229	3	202	8	220	44	2	201
229	3	202	24	220	44	2	107
229	3	202	30	220	44	2	28
229	3	203	1	220	44	2	107
229	3	203	17	220	44	2	201
229	3	203	23	220	44	2	122
229	3	203	39	220	44	2	28
229	3	204	2	220	44	2	221
229	3	204	3	220	44	2	84
229	3	204	9	220	44	2	161
229	3	204	13	220	44	2	188
229	3	204	14	220	44	2	228
229	3	204	16	220	44	2	82
229	3	204	18	220	44	2	182
229	3	204	24	220	44	2	8
229	3	204	25	220	44	2	145
229	3	204	31	220	44	2	68
229	3	204	35	220	44	2	41
229	3	204	36	220	44	2	1
229	3	204	38	220	44	2	147
229	3	204	40	220	44	2	47
229	3	205	0	220	44	2	125
229	3	205	3	220	44	3	inf
229	3	205	6	220	44	2	104
229	3	205	11	220	44	3	inf
229	3	205	12	220	44	2	93
229	3	205	13	220	44	3	inf
229	3	205	16	220	44	2	93
229	3	205	22	220	44	2	104
229	3	205	25	220	44	3	inf
229	3	205	28	220	44	2	125
229	3	205	34	220	44	2	136
229	3	205	38	220	44	2	136
229	3	206	3	220	44	2	145
229	3	206	4	220	44	2	8
229	3	206	10	220	44	2	182
229	3	206	12	220	44	2	82
229	3	206	14	220	44	2	228
229	3	206	15	220	44	2	188
229	3	206	19	220	44	2	161
229	3	206	25	220	44	2	84
229	3	206	26	220	44	2	221
229	3	206	32	220	44	2	47
229	3	206	34	220	44	2	147
229	3	206	36	220	44	2	1
229	3	206	37	220	44	2	41
229	3	206	41	220	44	2	68
229	3	207	5	220	44	2	122
229	3	207	11	220	44	2	201
229	3	207	27	220	44	2	107
229	3	207	33	220	44	2	28
229	3	208	4	220	44	2	107
229	3	208	20	220	44	2	201
229	3	208	26	220	44	2	122
229	3	208	42	220	44	2	28
229	3	209	5	220	44	2	221
229	3	209	6	220	44	2	84
229	3	209	12	220	44	2	161
229	3	209	16	220	44	2	188
229	3	209	17	220	44	2	228
229	3	209	19	220	44	2	82
229	3	209	21	220	44	2	182
229	3	209	27	220	44	2	8
229	3	209	28	220	44	2	145
229	3	209	34	220	44	2	68
229	3	209	38	220	44	2	41
229	3	209	39	220	44	2	1
229	3	209	41	220	44	2	147
229	3	209	43	220	44	2	47
229	3	210	3	220	44	2	125
229	3	210	6	220	44	3	inf
229	3	210	9	220	44	2	104
229	3	210	14	220	44	3	inf
229	3	210	15	220	44	2	93
229	3	210	16	220	44	3	inf
229	3	210	19	220	44	2	93
229	3	210	25	220	44	2	104
229	3	210	28	220	44	3	inf
229	3	210	31	220	44	2	125
229	3	210	37	220	44	2	136
229	3	210	41	220	44	2	136
229	3	211	0	220	44	2	68
229	3	211	6	220	44	2	145
229	3	211	7	220	44	2	8
229	3	211	13	220	44	2	182
229	3	211	15	220	44	2	82
229	3	211	17	220	44	2	228
229	3	211	18	220	44	2	188
229	3	211	22	220	44	2	161
229	3	211	28	220	44	2	84
229	3	211	29	220	44	2	221
229	3	211	35	220	44	2	47
229	3	211	37	220	44	2	147
229	3	211	39	220	44	2	1
229	3	211	40	220	44	2	41
229	3	212	8	220	44	2	122
229	3	212	14	220	44	2	201
229	3	212	30	220	44	2	107
229	3	212	36	220	44	2	28
229	3	213	1	220	44	2	28
229	3	213	7	220	44	2	107
229	3	213	23	220	44	2	201
229	3	213	29	220	44	2	122
229	3	214	0	220	44	2	147
229	3	214	2	220	44	2	47
229	3	214	8	220	44	2	221
229	3	214	9	220	44	2	84
229	3	214	15	220	44	2	161
229	3	214	19	220	44	2	188
229	3	214	20	220	44	2	228
229	3	214	22	220	44	2	82
229	3	214	24	220	44	2	182
229	3	214	30	220	44	2	8
229	3	214	31	220	44	2	145
229	3	214	37	220	44	2	68
229	3	214	41	220	44	2	41
229	3	214	42	220	44	2	1
229	3	215	0	220	44	2	136
229	3	215	6	220	44	2	125
229	3	215	9	220	44	3	inf
229	3	215	12	220	44	2	104
229	3	215	17	220	44	3	inf
229	3	215	18	220	44	2	93
229	3	215	19	220	44	3	inf
229	3	215	22	220	44	2	93
229	3	215	28	220	44	2	104
229	3	215	31	220	44	3	inf
229	3	215	34	220	44	2	125
229	3	215	40	220	44	2	136
229	3	216	3	220	44	2	68
229	3	216	9	220	44	2	145
229	3	216	10	220	44	2	8
229	3	216	16	220	44	2	182
229	3	216	18	220	44	2	82
229	3	216	20	220	44	2	228
229	3	216	21	220	44	2	188
229	3	216	25	220	44	2	161
229	3	216	31	220	44	2	84
229	3	216	32	220	44	2	221
229	3	216	38	220	44	2	47
229	3	216	40	220	44	2	147
229	3	216	42	220	44	2	1
229	3	216	43	220	44	2	41
229	3	217	11	220	44	2	122
229	3	217	17	220	44	2	201
229	3	217	33	220	44	2	107
229	3	217	39	220	44	2	28
229	3	218	4	220	44	2	28
229	3	218	10	220	44	2	107
229	3	218	26	220	44	2	201
229	3	218	32	220	44	2	122
229	3	219	0	220	44	2	41
229	3	219	1	220	44	2	1
229	3	219	3	220	44	2	147
229	3	219	5	220	44	2	47
229	3	219	11	220	44	2	221
229	3	219	12	220	44	2	84
229	3	219	18	220	44	2	161
229	3	219	22	220	44	2	188
229	3	219	23	220	44	2	228
229	3	219	25	220	44	2	82
229	3	219	27	220	44	2	182
229	3	219	33	220	44	2	8
229	3	219	34	220	44	2	145
229	3	219	40	220	44	2	68
229	4	0	1	220	44	3	inf
229	4	0	4	220	44	2	125
229	4	0	10	220	44	2	136
229	4	0	14	220	44	2	136
229	4	0	20	220	44	2	125
229	4	0	23	220	44	3	inf
229	4	0	26	220	44	2	104
229	4	0	31	220	44	3	inf
229	4	0	32	220	44	2	93
229	4	0	33	220	44	3	inf
229	4	0	36	220	44	2	93
229	4	0	42	220	44	2	104
229	4	1	1	220	44	2	84
229	4	1	2	220	44	2	221
229	4	1	8	220	44	2	47
229	4	1	10	220	44	2	147
229	4	1	12	220	44	2	1
229	4	1	13	220	44	2	41
229	4	1	17	220	44	2	68
229	4	1	23	220	44	2	145
229	4	1	24	220	44	2	8
229	4	1	30	220	44	2	182
229	4	1	32	220	44	2	82
229	4	1	34	220	44	2	228
229	4	1	35	220	44	2	188
229	4	1	39	220	44	2	161
229	4	2	3	220	44	2	107
229	4	2	9	220	44	2	28
229	4	2	25	220	44	2	122
229	4	2	31	220	44	2	201
229	4	3	2	220	44	2	122
229	4	3	18	220	44	2	28
229	4	3	24	220	44	2	107
229	4	3	40	220	44	2	201
229	4	4	3	220	44	2	8
229	4	4	4	220	44	2	145
229	4	4	10	220	44	2	68
229	4	4	14	220	44	2	41
229	4	4	15	220	44	2	1
229	4	4	17	220	44	2	147
229	4	4	19	220	44	2	47
229	4	4	25	220	44	2	221
229	4	4	26	220	44	2	84
229	4	4	32	220	44	2	161
229	4	4	36	220	44	2	188
229	4	4	37	220	44	2	228
229	4	4	39	220	44	2	82
229	4	4	41	220	44	2	182
229	4	5	1	220	44	2	104
229	4	5	4	220	44	3	inf
229	4	5	7	220	44	2	125
229	4	5	13	220	44	2	136
229	4	5	17	220	44	2	136
229	4	5	23	220	44	2	125
229	4	5	26	220	44	3	inf
229	4	5	29	220	44	2	104
229	4	5	34	220	44	3	inf
229	4	5	35	220	44	2	93
229	4	5	36	220	44	3	inf
229	4	5	39	220	44	2	93
229	4	6	4	220	44	2	84
229	4	6	5	220	44	2	221
229	4	6	11	220	44	2	47
229	4	6	13	220	44	2	147
229	4	6	15	220	44	2	1
229	4	6	16	220	44	2	41
229	4	6	20	220	44	2	68
229	4	6	26	220	44	2	145
229	4	6	27	220	44	2	8
229	4	6	33	220	44	2	182
229	4	6	35	220	44	2	82
229	4	6	37	220	44	2	228
229	4	6	38	220	44	2	188
229	4	6	42	220	44	2	161
229	4	7	6	220	44	2	107
229	4	7	12	220	44	2	28
229	4	7	28	220	44	2	122
229	4	7	34	220	44	2	201
229	4	8	5	220	44	2	122
229	4	8	21	220	44	2	28
229	4	8	27	220	44	2	107
229	4	8	43	220	44	2	201
229	4	9	0	220	44	2	182
229	4	9	6	220	44	2	8
229	4	9	7	220	44	2	145
229	4	9	13	220	44	2	68
229	4	9	17	220	44	2	41
229	4	9	18	220	44	2	1
229	4	9	20	220	44	2	147
229	4	9	22	220	44	2	47
229	4	9	28	220	44	2	221
229	4	9	29	220	44	2	84
229	4	9	35	220	44	2	161
229	4	9	39	220	44	2	188
229	4	9	40	220	44	2	228
229	4	9	42	220	44	2	82
229	4	10	4	220	44	2	104
229	4	10	7	220	44	3	inf
229	4	10	10	220	44	2	125
229	4	10	16	220	44	2	136
229	4	10	20	220	44	2	136
229	4	10	26	220	44	2	125
229	4	10	29	220	44	3	inf
229	4	10	32	220	44	2	104
229	4	10	37	220	44	3	inf
229	4	10	38	220	44	2	93
229	4	10	39	220	44	3	inf
229	4	10	42	220	44	2	93
229	4	11	1	220	44	2	161
229	4	11	7	220	44	2	84
229	4	11	8	220	44	2	221
229	4	11	14	220	44	2	47
229	4	11	16	220	44	2	147
229	4	11	18	220	44	2	1
229	4	11	19	220	44	2	41
229	4	11	23	220	44	2	68
229	4	11	29	220	44	2	145
229	4	11	30	220	44	2	8
229	4	11	36	220	44	2	182
229	4	11	38	220	44	2	82
229	4	11	40	220	44	2	228
229	4	11	41	220	44	2	188
229	4	12	9	220	44	2	107
229	4	12	15	220	44	2	28
229	4	12	31	220	44	2	122
229	4	12	37	220	44	2	201
229	4	13	2	220	44	2	201
229	4	13	8	220	44	2	122
229	4	13	24	220	44	2	28
229	4	13	30	220	44	2	107
229	4	14	1	220	44	2	82
229	4	14	3	220	44	2	182
229	4	14	9	220	44	2	8
229	4	14	10	220	44	2	145
229	4	14	16	220	44	2	68
229	4	14	20	220	44	2	41
229	4	14	21	220	44	2	1
229	4	14	23	220	44	2	147
229	4	14	25	220	44	2	47
229	4	14	31	220	44	2	221
229	4	14	32	220	44	2	84
229	4	14	38	220	44	2	161
229	4	14	42	220	44	2	188
229	4	14	43	220	44	2	228
229	4	15	1	220	44	2	93
229	4	15	7	220	44	2	104
229	4	15	10	220	44	3	inf
229	4	15	13	220	44	2	125
229	4	15	19	220	44	2	136
229	4	15	23	220	44	2	136
229	4	15	29	220	44	2	125
229	4	15	32	220	44	3	inf
229	4	15	35	220	44	2	104
229	4	15	40	220	44	3	inf
229	4	15	41	220	44	2	93
229	4	15	42	220	44	3	inf
229	4	16	0	220	44	2	188
229	4	16	4	220	44	2	161
229	4	16	10	220	44	2	84
229	4	16	11	220	44	2	221
229	4	16	17	220	44	2	47
229	4	16	19	220	44	2	147
229	4	16	21	220	44	2	1
229	4	16	22	220	44	2	41
229	4	16	26	220	44	2	68
229	4	16	32	220	44	2	145
229	4	16	33	220	44	2	8
229	4	16	39	220	44	2	182
229	4	16	41	220	44	2	82
229	4	16	43	220	44	2	228
229	4	17	12	220	44	2	107
229	4	17	18	220	44	2	28
229	4	17	34	220	44	2	122
229	4	17	40	220	44	2	201
229	4	18	5	220	44	2	201
229	4	18	11	220	44	2	122
229	4	18	27	220	44	2	28
229	4	18	33	220	44	2	107
229	4	19	1	220	44	2	188
229	4	19	2	220	44	2	228
229	4	19	4	220	44	2	82
229	4	19	6	220	44	2	182
229	4	19	12	220	44	2	8
229	4	19	13	220	44	2	145
229	4	19	19	220	44	2	68
229	4	19	23	220	44	2	41
229	4	19	24	220	44	2	1
229	4	19	26	220	44	2	147
229	4	19	28	220	44	2	47
229	4	19	34	220	44	2	221
229	4	19	35	220	44	2	84
229	4	19	41	220	44	2	161
229	4	20	0	220	44	2	93
229	4	20	1	220	44	3	inf
229	4	20	4	220	44	2	93
229	4	20	10	220	44	2	104
229	4	20	13	220	44	3	inf
229	4	20	16	220	44	2	125
229	4	20	22	220	44	2	136
229	4	20	26	220	44	2	136
229	4	20	32	220	44	2	125
229	4	20	35	220	44	3	inf
229	4	20	38	220	44	2	104
229	4	20	43	220	44	3	inf
229	4	21	0	220	44	2	82
229	4	21	2	220	44	2	228
229	4	21	3	220	44	2	188
229	4	21	7	220	44	2	161
229	4	21	13	220	44	2	84
229	4	21	14	220	44	2	221
229	4	21	20	220	44	2	47
229	4	21	22	220	44	2	147
229	4	21	24	220	44	2	1
229	4	21	25	220	44	2	41
229	4	21	29	220	44	2	68
229	4	21	35	220	44	2	145
229	4	21	36	220	44	2	8
229	4	21	42	220	44	2	182
229	4	22	15	220	44	2	107
229	4	22	21	220	44	2	28
229	4	22	37	220	44	2	122
229	4	22	43	220	44	2	201
229	4	23	8	220	44	2	201
229	4	23	14	220	44	2	122
229	4	23	30	220	44	2	28
229	4	23	36	220	44	2	107
229	4	24	0	220	44	2	161
229	4	24	4	220	44	2	188
229	4	24	5	220	44	2	228
229	4	24	7	220	44	2	82
229	4	24	9	220	44	2	182
229	4	24	15	220	44	2	8
229	4	24	16	220	44	2	145
229	4	24	22	220	44	2	68
229	4	24	26	220	44	2	41
229	4	24	27	220	44	2	1
229	4	24	29	220	44	2	147
229	4	24	31	220	44	2	47
229	4	24	37	220	44	2	221
229	4	24	38	220	44	2	84
229	4	25	2	220	44	3	inf
229	4	25	3	220	44	2	93
229	4	25	4	220	44	3	inf
229	4	25	7	220	44	2	93
229	4	25	13	220	44	2	104
229	4	25	16	220	44	3	inf
229	4	25	19	220	44	2	125
229	4	25	25	220	44	2	136
229	4	25	29	220	44	2	136
229	4	25	35	220	44	2	125
229	4	25	38	220	44	3	inf
229	4	25	41	220	44	2	104
229	4	26	1	220	44	2	182
229	4	26	3	220	44	2	82
229	4	26	5	220	44	2	228
229	4	26	6	220	44	2	188
229	4	26	10	220	44	2	161
229	4	26	16	220	44	2	84
229	4	26	17	220	44	2	221
229	4	26	23	220	44	2	47
229	4	26	25	220	44	2	147
229	4	26	27	220	44	2	1
229	4	26	28	220	44	2	41
229	4	26	32	220	44	2	68
229	4	26	38	220	44	2	145
229	4	26	39	220	44	2	8
229	4	27	2	220	44	2	201
229	4	27	18	220	44	2	107
229	4	27	24	220	44	2	28
229	4	27	40	220	44	2	122
229	4	28	11	220	44	2	201
229	4	28	17	220	44	2	122
229	4	28	33	220	44	2	28
229	4	28	39	220	44	2	107
229	4	29	3	220	44	2	161
229	4	29	7	220	44	2	188
229	4	29	8	220	44	2	228
229	4	29	10	220	44	2	82
229	4	29	12	220	44	2	182
229	4	29	18	220	44	2	8
229	4	29	19	220	44	2	145
229	4	29	25	220	44	2	68
229	4	29	29	220	44	2	41
229	4	29	30	220	44	2	1
229	4	29	32	220	44	2	147
229	4	29	34	220	44	2	47
229	4	29	40	220	44	2	221
229	4	29	41	220	44	2	84
229	4	30	0	220	44	2	104
229	4	30	5	220	44	3	inf
229	4	30	6	220	44	2	93
229	4	30	7	220	44	3	inf
229	4	30	10	220	44	2	93
229	4	30	16	220	44	2	104
229	4	30	19	220	44	3	inf
229	4	30	22	220	44	2	125
229	4	30	28	220	44	2	136
229	4	30	32	220	44	2	136
229	4	30	38	220	44	2	125
229	4	30	41	220	44	3	inf
229	4	31	4	220	44	2	182
229	4	31	6	220	44	2	82
229	4	31	8	220	44	2	228
229	4	31	9	220	44	2	188
229	4	31	13	220	44	2	161
229	4	31	19	220	44	2	84
229	4	31	20	220	44	2	221
229	4	31	26	220	44	2	47
229	4	31	28	220	44	2	147
229	4	31	30	220	44	2	1
229	4	31	31	220	44	2	41
229	4	31	35	220	44	2	68
229	4	31	41	220	44	2	145
229	4	31	42	220	44	2	8
229	4	32	5	220	44	2	201
229	4	32	21	220	44	2	107
229	4	32	27	220	44	2	28
229	4	32	43	220	44	2	122
229	4	33	14	220	44	2	201
229	4	33	20	220	44	2	122
229	4	33	36	220	44	2	28
229	4	33	42	220	44	2	107
229	4	34	0	220	44	2	84
229	4	34	6	220	44	2	161
229	4	34	10	220	44	2	188
229	4	34	11	220	44	2	228
229	4	34	13	220	44	2	82
229	4	34	15	220	44	2	182
229	4	34	21	220	44	2	8
229	4	34	22	220	44	2	145
229	4	34	28	220	44	2	68
229	4	34	32	220	44	2	41
229	4	34	33	220	44	2	1
229	4	34	35	220	44	2	147
229	4	34	37	220	44	2	47
229	4	34	43	220	44	2	221
229	4	35	0	220	44	3	inf
229	4	35	3	220	44	2	104
229	4	35	8	220	44	3	inf
229	4	35	9	220	44	2	93
229	4	35	10	220	44	3	inf
229	4	35	13	220	44	2	93
229	4	35	19	220	44	2	104
229	4	35	22	220	44	3	inf
229	4	35	25	220	44	2	125
229	4	35	31	220	44	2	136
229	4	35	35	220	44	2	136
229	4	35	41	220	44	2	125
229	4	36	0	220	44	2	145
229	4	36	1	220	44	2	8
229	4	36	7	220	44	2	182
229	4	36	9	220	44	2	82
229	4	36	11	220	44	2	228
229	4	36	12	220	44	2	188
229	4	36	16	220	44	2	161
229	4	36	22	220	44	2	84
229	4	36	23	220	44	2	221
229	4	36	29	220	44	2	47
229	4	36	31	220	44	2	147
229	4	36	33	220	44	2	1
229	4	36	34	220	44	2	41
229	4	36	38	220	44	2	68
229	4	37	2	220	44	2	122
229	4	37	8	220	44	2	201
229	4	37	24	220	44	2	107
229	4	37	30	220	44	2	28
229	4	38	1	220	44	2	107
229	4	38	17	220	44	2	201
229	4	38	23	220	44	2	122
229	4	38	39	220	44	2	28
229	4	39	2	220	44	2	221
229	4	39	3	220	44	2	84
229	4	39	9	220	44	2	161
229	4	39	13	220	44	2	188
229	4	39	14	220	44	2	228
229	4	39	16	220	44	2	82
229	4	39	18	220	44	2	182
229	4	39	24	220	44	2	8
229	4	39	25	220	44	2	145
229	4	39	31	220	44	2	68
229	4	39	35	220	44	2	41
229	4	39	36	220	44	2	1
229	4	39	38	220	44	2	147
229	4	39	40	220	44	2	47
229	4	40	0	220	44	2	125
229	4	40	3	220	44	3	inf
229	4	40	6	220	44	2	104
229	4	40	11	220	44	3	inf
229	4	40	12	220	44	2	93
229	4	40	13	220	44	3	inf
229	4	40	16	220	44	2	93
229	4	40	22	220	44	2	104
229	4	40	25	220	44	3	inf
229	4	40	28	220	44	2	125
229	4	40	34	220	44	2	136
229	4	40	38	220	44	2	136
229	4	41	3	220	44	2	145
229	4	41	4	220	44	2	8
229	4	41	10	220	44	2	182
229	4	41	12	220	44	2	82
229	4	41	14	220	44	2	228
229	4	41	15	220	44	2	188
229	4	41	19	220	44	2	161
229	4	41	25	220	44	2	84
229	4	41	26	220	44	2	221
229	4	41	32	220	44	2	47
229	4	41	34	220	44	2	147
229	4	41	36	220	44	2	1
229	4	41	37	220	44	2	41
229	4	41	41	220	44	2	68
229	4	42	5	220	44	2	122
229	4	42	11	220	44	2	201
229	4	42	27	220	44	2	107
229	4	42	33	220	44	2	28
229	4	43	4	220	44	2	107
229	4	43	20	220	44	2	201
229	4	43	26	220	44	2	122
229	4	43	42	220	44	2	28
229	4	44	5	220	44	2	221
229	4	44	6	220	44	2	84
229	4	44	12	220	44	2	161
229	4	44	16	220	44	2	188
229	4	44	17	220	44	2	228
229	4	44	19	220	44	2	82
229	4	44	21	220	44	2	182
229	4	44	27	220	44	2	8
229	4	44	28	220	44	2	145
229	4	44	34	220	44	2	68
229	4	44	38	220	44	2	41
229	4	44	39	220	44	2	1
229	4	44	41	220	44	2	147
229	4	44	43	220	44	2	47
229	4	45	3	220	44	2	125
229	4	45	6	220	44	3	inf
229	4	45	9	220	44	2	104
229	4	45	14	220	44	3	inf
229	4	45	15	220	44	2	93
229	4	45	16	220	44	3	inf
229	4	45	19	220	44	2	93
229	4	45	25	220	44	2	104
229	4	45	28	220	44	3	inf
229	4	45	31	220	44	2	125
229	4	45	37	220	44	2	136
229	4	45	41	220	44	2	136
229	4	46	0	220	44	2	68
229	4	46	6	220	44	2	145
229	4	46	7	220	44	2	8
229	4	46	13	220	44	2	182
229	4	46	15	220	44	2	82
229	4	46	17	220	44	2	228
229	4	46	18	220	44	2	188
229	4	46	22	220	44	2	161
229	4	46	28	220	44	2	84
229	4	46	29	220	44	2	221
229	4	46	35	220	44	2	47
229	4	46	37	220	44	2	147
229	4	46	39	220	44	2	1
229	4	46	40	220	44	2	41
229	4	47	8	220	44	2	122
229	4	47	14	220	44	2	201
229	4	47	30	220	44	2	107
229	4	47	36	220	44	2	28
229	4	48	1	220	44	2	28
229	4	48	7	220	44	2	107
229	4	48	23	220	44	2	201
229	4	48	29	220	44	2	122
229	4	49	0	220	44	2	147
229	4	49	2	220	44	2	47
229	4	49	8	220	44	2	221
229	4	49	9	220	44	2	84
229	4	49	15	220	44	2	161
229	4	49	19	220	44	2	188
229	4	49	20	220	44	2	228
229	4	49	22	220	44	2	82
229	4	49	24	220	44	2	182
229	4	49	30	220	44	2	8
229	4	49	31	220	44	2	145
229	4	49	37	220	44	2	68
229	4	49	41	220	44	2	41
229	4	49	42	220	44	2	1
229	4	50	0	220	44	2	136
229	4	50	6	220	44	2	125
229	4	50	9	220	44	3	inf
229	4	50	12	220	44	2	104
229	4	50	17	220	44	3	inf
229	4	50	18	220	44	2	93
229	4	50	19	220	44	3	inf
229	4	50	22	220	44	2	93
229	4	50	28	220	44	2	104
229	4	50	31	220	44	3	inf
229	4	50	34	220	44	2	125
229	4	50	40	220	44	2	136
229	4	51	3	220	44	2	68
229	4	51	9	220	44	2	145
229	4	51	10	220	44	2	8
229	4	51	16	220	44	2	182
229	4	51	18	220	44	2	82
229	4	51	20	220	44	2	228
229	4	51	21	220	44	2	188
229	4	51	25	220	44	2	161
229	4	51	31	220	44	2	84
229	4	51	32	220	44	2	221
229	4	51	38	220	44	2	47
229	4	51	40	220	44	2	147
229	4	51	42	220	44	2	1
229	4	51	43	220	44	2	41
229	4	52	11	220	44	2	122
229	4	52	17	220	44	2	201
229	4	52	33	220	44	2	107
229	4	52	39	220	44	2	28
229	4	53	4	220	44	2	28
229	4	53	10	220	44	2	107
229	4	53	26	220	44	2	201
229	4	53	32	220	44	2	122
229	4	54	0	220	44	2	41
229	4	54	1	220	44	2	1
229	4	54	3	220	44	2	147
229	4	54	5	220	44	2	47
229	4	54	11	220	44	2	221
229	4	54	12	220	44	2	84
229	4	54	18	220	44	2	161
229	4	54	22	220	44	2	188
229	4	54	23	220	44	2	228
229	4	54	25	220	44	2	82
229	4	54	27	220	44	2	182
229	4	54	33	220	44	2	8
229	4	54	34	220	44	2	145
229	4	54	40	220	44	2	68
229	4	55	3	220	44	2	136
229	4	55	9	220	44	2	125
229	4	55	12	220	44	3	inf
229	4	55	15	220	44	2	104
229	4	55	20	220	44	3	inf
229	4	55	21	220	44	2	93
229	4	55	22	220	44	3	inf
229	4	55	25	220	44	2	93
229	4	55	31	220	44	2	104
229	4	55	34	220	44	3	inf
229	4	55	37	220	44	2	125
229	4	55	43	220	44	2	136
229	4	56	1	220	44	2	1
229	4	56	2	220	44	2	41
229	4	56	6	220	44	2	68
229	4	56	12	220	44	2	145
229	4	56	13	220	44	2	8
229	4	56	19	220	44	2	182
229	4	56	21	220	44	2	82
229	4	56	23	220	44	2	228
229	4	56	24	220	44	2	188
229	4	56	28	220	44	2	161
229	4	56	34	220	44	2	84
229	4	56	35	220	44	2	221
229	4	56	41	220	44	2	47
229	4	56	43	220	44	2	147
229	4	57	14	220	44	2	122
229	4	57	20	220	44	2	201
229	4	57	36	220	44	2	107
229	4	57	42	220	44	2	28
229	4	58	7	220	44	2	28
229	4	58	13	220	44	2	107
229	4	58	29	220	44	2	201
229	4	58	35	220	44	2	122
229	4	59	3	220	44	2	41
229	4	59	4	220	44	2	1
229	4	59	6	220	44	2	147
229	4	59	8	220	44	2	47
229	4	59	14	220	44	2	221
229	4	59	15	220	44	2	84
229	4	59	21	220	44	2	161
229	4	59	25	220	44	2	188
229	4	59	26	220	44	2	228
229	4	59	28	220	44	2	82
229	4	59	30	220	44	2	182
229	4	59	36	220	44	2	8
229	4	59	37	220	44	2	145
229	4	59	43	220	44	2	68
229	4	60	2	220	44	2	136
229	4	60	6	220	44	2	136
229	4	60	12	220	44	2	125
229	4	60	15	220	44	3	inf
229	4	60	18	220	44	2	104
229	4	60	23	220	44	3	inf
229	4	60	24	220	44	2	93
229	4	60	25	220	44	3	inf
229	4	60	28	220	44	2	93
229	4	60	34	220	44	2	104
229	4	60	37	220	44	3	inf
229	4	60	40	220	44	2	125
229	4	61	0	220	44	2	47
229	4	61	2	220	44	2	147
229	4	61	4	220	44	2	1
229	4	61	5	220	44	2	41
229	4	61	9	220	44	2	68
229	4	61	15	220	44	2	145
229	4	61	16	220	44	2	8
229	4	61	22	220	44	2	182
229	4	61	24	220	44	2	82
229	4	61	26	220	44	2	228
229	4	61	27	220	44	2	188
229	4	61	31	220	44	2	161
229	4	61	37	220	44	2	84
229	4	61	38	220	44	2	221
229	4	62	1	220	44	2	28
229	4	62	17	220	44	2	122
229	4	62	23	220	44	2	201
229	4	62	39	220	44	2	107
229	4	63	10	220	44	2	28
229	4	63	16	220	44	2	107
229	4	63	32	220	44	2	201
229	4	63	38	220	44	2	122
229	4	64	2	220	44	2	68
229	4	64	6	220	44	2	41
229	4	64	7	220	44	2	1
229	4	64	9	220	44	2	147
229	4	64	11	220	44	2	47
229	4	64	17	220	44	2	221
229	4	64	18	220	44	2	84
229	4	64	24	220	44	2	161
229	4	64	28	220	44	2	188
229	4	64	29	220	44	2	228
229	4	64	31	220	44	2	82
229	4	64	33	220	44	2	182
229	4	64	39	220	44	2	8
229	4	64	40	220	44	2	145
229	4	65	5	220	44	2	136
229	4	65	9	220	44	2	136
229	4	65	15	220	44	2	125
229	4	65	18	220	44	3	inf
229	4	65	21	220	44	2	104
229	4	65	26	220	44	3	inf
229	4	65	27	220	44	2	93
229	4	65	28	220	44	3	inf
229	4	65	31	220	44	2	93
229	4	65	37	220	44	2	104
229	4	65	40	220	44	3	inf
229	4	65	43	220	44	2	125
229	4	66	3	220	44	2	47
229	4	66	5	220	44	2	147
229	4	66	7	220	44	2	1
229	4	66	8	220	44	2	41
229	4	66	12	220	44	2	68
229	4	66	18	220	44	2	145
229	4	66	19	220	44	2	8
229	4	66	25	220	44	2	182
229	4	66	27	220	44	2	82
229	4	66	29	220	44	2	228
229	4	66	30	220	44	2	188
229	4	66	34	220	44	2	161
229	4	66	40	220	44	2	84
229	4	66	41	220	44	2	221
229	4	67	4	220	44	2	28
229	4	67	20	220	44	2	122
229	4	67	26	220	44	2	201
229	4	67	42	220	44	2	107
229	4	68	13	220	44	2	28
229	4	68	19	220	44	2	107
229	4	68	35	220	44	2	201
229	4	68	41	220	44	2	122
229	4	69	5	220	44	2	68
229	4	69	9	220	44	2	41
229	4	69	10	220	44	2	1
229	4	69	12	220	44	2	147
229	4	69	14	220	44	2	47
229	4	69	20	220	44	2	221
229	4	69	21	220	44	2	84
229	4	69	27	220	44	2	161
229	4	69	31	220	44	2	188
229	4	69	32	220	44	2	228
229	4	69	34	220	44	2	82
229	4	69	36	220	44	2	182
229	4	69	42	220	44	2	8
229	4	69	43	220	44	2	145
229	4	70	2	220	44	2	125
229	4	70	8	220	44	2	136
229	4	70	12	220	44	2	136
229	4	70	18	220	44	2	125
229	4	70	21	220	44	3	inf
229	4	70	24	220	44	2	104
229	4	70	29	220	44	3	inf
229	4	70	30	220	44	2	93
229	4	70	31	220	44	3	inf
229	4	70	34	220	44	2	93
229	4	70	40	220	44	2	104
229	4	70	43	220	44	3	inf
229	4	71	0	220	44	2	221
229	4	71	6	220	44	2	47
229	4	71	8	220	44	2	147
229	4	71	10	220	44	2	1
229	4	71	11	220	44	2	41
229	4	71	15	220	44	2	68
229	4	71	21	220	44	2	145
229	4	71	22	220	44	2	8
229	4	71	28	220	44	2	182
229	4	71	30	220	44	2	82
229	4	71	32	220	44	2	228
229	4	71	33	220	44	2	188
229	4	71	37	220	44	2	161
229	4	71	43	220	44	2	84
229	4	72	1	220	44	2	107
229	4	72	7	220	44	2	28
229	4	72	23	220	44	2	122
229	4	72	29	220	44	2	201
229	4	73	0	220	44	2	122
229	4	73	16	220	44	2	28
229	4	73	22	220	44	2	107
229	4	73	38	220	44	2	201
229	4	74	1	220	44	2	8
229	4	74	2	220	44	2	145
229	4	74	8	220	44	2	68
229	4	74	12	220	44	2	41
229	4	74	13	220	44	2	1
229	4	74	15	220	44	2	147
229	4	74	17	220	44	2	47
229	4	74	23	220	44	2	221
229	4	74	24	220	44	2	84
229	4	74	30	220	44	2	161
229	4	74	34	220	44	2	188
229	4	74	35	220	44	2	228
229	4	74	37	220	44	2	82
229	4	74	39	220	44	2	182
229	4	75	2	220	44	3	inf
229	4	75	5	220	44	2	125
229	4	75	11	220	44	2	136
229	4	75	15	220	44	2	136
229	4	75	21	220	44	2	125
229	4	75	24	220	44	3	inf
229	4	75	27	220	44	2	104
229	4	75	32	220	44	3	inf
229	4	75	33	220	44	2	93
229	4	75	34	220	44	3	inf
229	4	75	37	220	44	2	93
229	4	75	43	220	44	2	104
229	4	76	2	220	44	2	84
229	4	76	3	220	44	2	221
229	4	76	9	220	44	2	47
229	4	76	11	220	44	2	147
229	4	76	13	220	44	2	1
229	4	76	14	220	44	2	41
229	4	76	18	220	44	2	68
229	4	76	24	220	44	2	145
229	4	76	25	220	44	2	8
229	4	76	31	220	44	2	182
229	4	76	33	220	44	2	82
229	4	76	35	220	44	2	228
229	4	76	36	220	44	2	188
229	4	76	40	220	44	2	161
229	4	77	4	220	44	2	107
229	4	77	10	220	44	2	28
229	4	77	26	220	44	2	122
229	4	77	32	220	44	2	201
229	4	78	3	220	44	2	122
229	4	78	19	220	44	2	28
229	4	78	25	220	44	2	107
229	4	78	41	220	44	2	201
229	4	79	4	220	44	2	8
229	4	79	5	220	44	2	145
229	4	79	11	220	44	2	68
229	4	79	15	220	44	2	41
229	4	79	16	220	44	2	1
229	4	79	18	220	44	2	147
229	4	79	20	220	44	2	47
229	4	79	26	220	44	2	221
229	4	79	27	220	44	2	84
229	4	79	33	220	44	2	161
229	4	79	37	220	44	2	188
229	4	79	38	220	44	2	228
229	4	79	40	220	44	2	82
229	4	79	42	220	44	2	182
229	4	80	2	220	44	2	104
229	4	80	5	220	44	3	inf
229	4	80	8	220	44	2	125
229	4	80	14	220	44	2	136
229	4	80	18	220	44	2	136
229	4	80	24	220	44	2	125
229	4	80	27	220	44	3	inf
229	4	80	30	220	44	2	104
229	4	80	35	220	44	3	inf
229	4	80	36	220	44	2	93
229	4	80	37	220	44	3	inf
229	4	80	40	220	44	2	93
229	4	81	5	220	44	2	84
229	4	81	6	220	44	2	221
229	4	81	12	220	44	2	47
229	4	81	14	220	44	2	147
229	4	81	16	220	44	2	1
229	4	81	17	220	44	2	41
229	4	81	21	220	44	2	68
229	4	81	27	220	44	2	145
229	4	81	28	220	44	2	8
229	4	81	34	220	44	2	182
229	4	81	36	220	44	2	82
229	4	81	38	220	44	2	228
229	4	81	39	220	44	2	188
229	4	81	43	220	44	2	161
229	4	82	7	220	44	2	107
229	4	82	13	220	44	2	28
229	4	82	29	220	44	2	122
229	4	82	35	220	44	2	201
229	4	83	0	220	44	2	201
229	4	83	6	220	44	2	122
229	4	83	22	220	44	2	28
229	4	83	28	220	44	2	107
229	4	84	1	220	44	2	182
229	4	84	7	220	44	2	8
229	4	84	8	220	44	2	145
229	4	84	14	220	44	2	68
229	4	84	18	220	44	2	41
229	4	84	19	220	44	2	1
229	4	84	21	220	44	2	147
229	4	84	23	220	44	2	47
229	4	84	29	220	44	2	221
229	4	84	30	220	44	2	84
229	4	84	36	220	44	2	161
229	4	84	40	220	44	2	188
229	4	84	41	220	44	2	228
229	4	84	43	220	44	2	82
229	4	85	5	220	44	2	104
229	4	85	8	220	44	3	inf
229	4	85	11	220	44	2	125
229	4	85	17	220	44	2	136
229	4	85	21	220	44	2	136
229	4	85	27	220	44	2	125
229	4	85	30	220	44	3	inf
229	4	85	33	220	44	2	104
229	4	85	38	220	44	3	inf
229	4	85	39	220	44	2	93
229	4	85	40	220	44	3	inf
229	4	85	43	220	44	2	93
229	4	86	2	220	44	2	161
229	4	86	8	220	44	2	84
229	4	86	9	220	44	2	221
229	4	86	15	220	44	2	47
229	4	86	17	220	44	2	147
229	4	86	19	220	44	2	1
229	4	86	20	220	44	2	41
229	4	86	24	220	44	2	68
229	4	86	30	220	44	2	145
229	4	86	31	220	44	2	8
229	4	86	37	220	44	2	182
229	4	86	39	220	44	2	82
229	4	86	41	220	44	2	228
229	4	86	42	220	44	2	188
229	4	87	10	220	44	2	107
229	4	87	16	220	44	2	28
229	4	87	32	220	44	2	122
229	4	87	38	220	44	2	201
229	4	88	3	220	44	2	201
229	4	88	9	220	44	2	122
229	4	88	25	220	44	2	28
229	4	88	31	220	44	2	107
229	4	89	0	220	44	2	228
229	4	89	2	220	44	2	82
229	4	89	4	220	44	2	182
229	4	89	10	220	44	2	8
229	4	89	11	220	44	2	145
229	4	89	17	220	44	2	68
229	4	89	21	220	44	2	41
229	4	89	22	220	44	2	1
229	4	89	24	220	44	2	147
229	4	89	26	220	44	2	47
229	4	89	32	220	44	2	221
229	4	89	33	220	44	2	84
229	4	89	39	220	44	2	161
229	4	89	43	220	44	2	188
229	4	90	2	220	44	2	93
229	4	90	8	220	44	2	104
229	4	90	11	220	44	3	inf
229	4	90	14	220	44	2	125
229	4	90	20	220	44	2	136
229	4	90	24	220	44	2	136
229	4	90	30	220	44	2	125
229	4	90	33	220	44	3	inf
229	4	90	36	220	44	2	104
229	4	90	41	220	44	3	inf
229	4	90	42	220	44	2	93
229	4	90	43	220	44	3	inf
229	4	91	0	220	44	2	228
229	4	91	1	220	44	2	188
229	4	91	5	220	44	2	161
229	4	91	11	220	44	2	84
229	4	91	12	220	44	2	221
229	4	91	18	220	44	2	47
229	4	91	20	220	44	2	147
229	4	91	22	220	44	2	1
229	4	91	23	220	44	2	41
229	4	91	27	220	44	2	68
229	4	91	33	220	44	2	145
229	4	91	34	220	44	2	8
229	4	91	40	220	44	2	182
229	4	91	42	220	44	2	82
229	4	92	13	220	44	2	107
229	4	92	19	220	44	2	28
229	4	92	35	220	44	2	122
229	4	92	41	220	44	2	201
229	4	93	6	220	44	2	201
229	4	93	12	220	44	2	122
229	4	93	28	220	44	2	28
229	4	93	34	220	44	2	107
229	4	94	2	220	44	2	188
229	4	94	3	220	44	2	228
229	4	94	5	220	44	2	82
229	4	94	7	220	44	2	182
229	4	94	13	220	44	2	8
229	4	94	14	220	44	2	145
229	4	94	20	220	44	2	68
229	4	94	24	220	44	2	41
229	4	94	25	220	44	2	1
229	4	94	27	220	44	2	147
229	4	94	29	220	44	2	47
229	4	94	35	220	44	2	221
229	4	94	36	220	44	2	84
229	4	94	42	220	44	2	161
229	4	95	0	220	44	3	inf
229	4	95	1	220	44	2	93
229	4	95	2	220	44	3	inf
229	4	95	5	220	44	2	93
229	4	95	11	220	44	2	104
229	4	95	14	220	44	3	inf
229	4	95	17	220	44	2	125
229	4	95	23	220	44	2	136
229	4	95	27	220	44	2	136
229	4	95	33	220	44	2	125
229	4	95	36	220	44	3	inf
229	4	95	39	220	44	2	104
229	4	96	1	220	44	2	82
229	4	96	3	220	44	2	228
229	4	96	4	220	44	2	188
229	4	96	8	220	44	2	161
229	4	96	14	220	44	2	84
229	4	96	15	220	44	2	221
229	4	96	21	220	44	2	47
229	4	96	23	220	44	2	147
229	4	96	25	220	44	2	1
229	4	96	26	220	44	2	41
229	4	96	30	220	44	2	68
229	4	96	36	220	44	2	145
229	4	96	37	220	44	2	8
229	4	96	43	220	44	2	182
229	4	97	0	220	44	2	201
229	4	97	16	220	44	2	107
229	4	97	22	220	44	2	28
229	4	97	38	220	44	2	122
229	4	98	9	220	44	2	201
229	4	98	15	220	44	2	122
229	4	98	31	220	44	2	28
229	4	98	37	220	44	2	107
229	4	99	1	220	44	2	161
229	4	99	5	220	44	2	188
229	4	99	6	220	44	2	228
229	4	99	8	220	44	2	82
229	4	99	10	220	44	2	182
229	4	99	16	220	44	2	8
229	4	99	17	220	44	2	145
229	4	99	23	220	44	2	68
229	4	99	27	220	44	2	41
229	4	99	28	220	44	2	1
229	4	99	30	220	44	2	147
229	4	99	32	220	44	2	47
229	4	99	38	220	44	2	221
229	4	99	39	220	44	2	84
229	4	100	3	220	44	3	inf
229	4	100	4	220	44	2	93
229	4	100	5	220	44	3	inf
229	4	100	8	220	44	2	93
229	4	100	14	220	44	2	104
229	4	100	17	220	44	3	inf
229	4	100	20	220	44	2	125
229	4	100	26	220	44	2	136
229	4	100	30	220	44	2	136
229	4	100	36	220	44	2	125
229	4	100	39	220	44	3	inf
229	4	100	42	220	44	2	104
229	4	101	2	220	44	2	182
229	4	101	4	220	44	2	82
229	4	101	6	220	44	2	228
229	4	101	7	220	44	2	188
229	4	101	11	220	44	2	161
229	4	101	17	220	44	2	84
229	4	101	18	220	44	2	221
229	4	101	24	220	44	2	47
229	4	101	26	220	44	2	147
229	4	101	28	220	44	2	1
229	4	101	29	220	44	2	41
229	4	101	33	220	44	2	68
229	4	101	39	220	44	2	145
229	4	101	40	220	44	2	8
229	4	102	3	220	44	2	201
229	4	102	19	220	44	2	107
229	4	102	25	220	44	2	28
229	4	102	41	220	44	2	122
229	4	103	12	220	44	2	201
229	4	103	18	220	44	2	122
229	4	103	34	220	44	2	28
229	4	103	40	220	44	2	107
229	4	104	4	220	44	2	161
229	4	104	8	220	44	2	188
229	4	104	9	220	44	2	228
229	4	104	11	220	44	2	82
229	4	104	13	220	44	2	182
229	4	104	19	220	44	2	8
229	4	104	20	220	44	2	145
229	4	104	26	220	44	2	68
229	4	104	30	220	44	2	41
229	4	104	31	220	44	2	1
229	4	104	33	220	44	2	147
229	4	104	35	220	44	2	47
229	4	104	41	220	44	2	221
229	4	104	42	220	44	2	84
229	4	105	1	220	44	2	104
229	4	105	6	220	44	3	inf
229	4	105	7	220	44	2	93
229	4	105	8	220	44	3	inf
229	4	105	11	220	44	2	93
229	4	105	17	220	44	2	104
229	4	105	20	220	44	3	inf
229	4	105	23	220	44	2	125
229	4	105	29	220	44	2	136
229	4	105	33	220	44	2	136
229	4	105	39	220	44	2	125
229	4	105	42	220	44	3	inf
229	4	106	5	220	44	2	182
229	4	106	7	220	44	2	82
229	4	106	9	220	44	2	228
229	4	106	10	220	44	2	188
229	4	106	14	220	44	2	161
229	4	106	20	220	44	2	84
229	4	106	21	220	44	2	221
229	4	106	27	220	44	2	47
229	4	106	29	220	44	2	147
229	4	106	31	220	44	2	1
229	4	106	32	220	44	2	41
229	4	106	36	220	44	2	68
229	4	106	42	220	44	2	145
229	4	106	43	220	44	2	8
229	4	107	0	220	44	2	122
229	4	107	6	220	44	2	201
229	4	107	22	220	44	2	107
229	4	107	28	220	44	2	28
229	4	108	15	220	44	2	201
229	4	108	21	220	44	2	122
229	4	108	37	220	44	2	28
229	4	108	43	220	44	2	107
229	4	109	0	220	44	2	221
229	4	109	1	220	44	2	84
229	4	109	7	220	44	2	161
229	4	109	11	220	44	2	188
229	4	109	12	220	44	2	228
229	4	109	14	220	44	2	82
229	4	109	16	220	44	2	182
229	4	109	22	220	44	2	8
229	4	109	23	220	44	2	145
229	4	109	29	220	44	2	68
229	4	109	33	220	44	2	41
229	4	109	34	220	44	2	1
229	4	109	36	220	44	2	147
229	4	109	38	220	44	2	47
229	4	110	1	220	44	3	inf
229	4	110	4	220	44	2	104
229	4	110	9	220	44	3	inf
229	4	110	10	220	44	2	93
229	4	110	11	220	44	3	inf
229	4	110	14	220	44	2	93
229	4	110	20	220	44	2	104
229	4	110	23	220	44	3	inf
229	4	110	26	220	44	2	125
229	4	110	32	220	44	2	136
229	4	110	36	220	44	2	136
229	4	110	42	220	44	2	125
229	4	111	1	220	44	2	145
229	4	111	2	220	44	2	8
229	4	111	8	220	44	2	182
229	4	111	10	220	44	2	82
229	4	111	12	220	44	2	228
229	4	111	13	220	44	2	188
229	4	111	17	220	44	2	161
229	4	111	23	220	44	2	84
229	4	111	24	220	44	2	221
229	4	111	30	220	44	2	47
229	4	111	32	220	44	2	147
229	4	111	34	220	44	2	1
229	4	111	35	220	44	2	41
229	4	111	39	220	44	2	68
229	4	112	3	220	44	2	122
229	4	112	9	220	44	2	201
229	4	112	25	220	44	2	107
229	4	112	31	220	44	2	28
229	4	113	2	220	44	2	107
229	4	113	18	220	44	2	201
229	4	113	24	220	44	2	122
229	4	113	40	220	44	2	28
229	4	114	3	220	44	2	221
229	4	114	4	220	44	2	84
229	4	114	10	220	44	2	161
229	4	114	14	220	44	2	188
229	4	114	15	220	44	2	228
229	4	114	17	220	44	2	82
229	4	114	19	220	44	2	182
229	4	114	25	220	44	2	8
229	4	114	26	220	44	2	145
229	4	114	32	220	44	2	68
229	4	114	36	220	44	2	41
229	4	114	37	220	44	2	1
229	4	114	39	220	44	2	147
229	4	114	41	220	44	2	47
229	4	115	1	220	44	2	125
229	4	115	4	220	44	3	inf
229	4	115	7	220	44	2	104
229	4	115	12	220	44	3	inf
229	4	115	13	220	44	2	93
229	4	115	14	220	44	3	inf
229	4	115	17	220	44	2	93
229	4	115	23	220	44	2	104
229	4	115	26	220	44	3	inf
229	4	115	29	220	44	2	125
229	4	115	35	220	44	2	136
229	4	115	39	220	44	2	136
229	4	116	4	220	44	2	145
229	4	116	5	220	44	2	8
229	4	116	11	220	44	2	182
229	4	116	13	220	44	2	82
229	4	116	15	220	44	2	228
229	4	116	16	220	44	2	188
229	4	116	20	220	44	2	161
229	4	116	26	220	44	2	84
229	4	116	27	220	44	2	221
229	4	116	33	220	44	2	47
229	4	116	35	220	44	2	147
229	4	116	37	220	44	2	1
229	4	116	38	220	44	2	41
229	4	116	42	220	44	2	68
229	4	117	6	220	44	2	122
229	4	117	12	220	44	2	201
229	4	117	28	220	44	2	107
229	4	117	34	220	44	2	28
229	4	118	5	220	44	2	107
229	4	118	21	220	44	2	201
229	4	118	27	220	44	2	122
229	4	118	43	220	44	2	28
229	4	119	0	220	44	2	47
229	4	119	6	220	44	2	221
229	4	119	7	220	44	2	84
229	4	119	13	220	44	2	161
229	4	119	17	220	44	2	188
229	4	119	18	220	44	2	228
229	4	119	20	220	44	2	82
229	4	119	22	220	44	2	182
229	4	119	28	220	44	2	8
229	4	119	29	220	44	2	145
229	4	119	35	220	44	2	68
229	4	119	39	220	44	2	41
229	4	119	40	220	44	2	1
229	4	119	42	220	44	2	147
229	4	120	4	220	44	2	125
229	4	120	7	220	44	3	inf
229	4	120	10	220	44	2	104
229	4	120	15	220	44	3	inf
229	4	120	16	220	44	2	93
229	4	120	17	220	44	3	inf
229	4	120	20	220	44	2	93
229	4	120	26	220	44	2	104
229	4	120	29	220	44	3	inf
229	4	120	32	220	44	2	125
229	4	120	38	220	44	2	136
229	4	120	42	220	44	2	136
229	4	121	1	220	44	2	68
229	4	121	7	220	44	2	145
229	4	121	8	220	44	2	8
229	4	121	14	220	44	2	182
229	4	121	16	220	44	2	82
229	4	121	18	220	44	2	228
229	4	121	19	220	44	2	188
229	4	121	23	220	44	2	161
229	4	121	29	220	44	2	84
229	4	121	30	220	44	2	221
229	4	121	36	220	44	2	47
229	4	121	38	220	44	2	147
229	4	121	40	220	44	2	1
229	4	121	41	220	44	2	41
229	4	122	9	220	44	2	122
229	4	122	15	220	44	2	201
229	4	122	31	220	44	2	107
229	4	122	37	220	44	2	28
229	4	123	2	220	44	2	28
229	4	123	8	220	44	2	107
229	4	123	24	220	44	2	201
229	4	123	30	220	44	2	122
229	4	124	1	220	44	2	147
229	4	124	3	220	44	2	47
229	4	124	9	220	44	2	221
229	4	124	10	220	44	2	84
229	4	124	16	220	44	2	161
229	4	124	20	220	44	2	188
229	4	124	21	220	44	2	228
229	4	124	23	220	44	2	82
229	4	124	25	220	44	2	182
229	4	124	31	220	44	2	8
229	4	124	32	220	44	2	145
229	4	124	38	220	44	2	68
229	4	124	42	220	44	2	41
229	4	124	43	220	44	2	1
229	4	125	1	220	44	2	136
229	4	125	7	220	44	2	125
229	4	125	10	220	44	3	inf
229	4	125	13	220	44	2	104
229	4	125	18	220	44	3	inf
229	4	125	19	220	44	2	93
229	4	125	20	220	44	3	inf
229	4	125	23	220	44	2	93
229	4	125	29	220	44	2	104
229	4	125	32	220	44	3	inf
229	4	125	35	220	44	2	125
229	4	125	41	220	44	2	136
229	4	126	0	220	44	2	41
229	4	126	4	220	44	2	68
229	4	126	10	220	44	2	145
229	4	126	11	220	44	2	8
229	4	126	17	220	44	2	182
229	4	126	19	220	44	2	82
229	4	126	21	220	44	2	228
229	4	126	22	220	44	2	188
229	4	126	26	220	44	2	161
229	4	126	32	220	44	2	84
229	4	126	33	220	44	2	221
229	4	126	39	220	44	2	47
229	4	126	41	220	44	2	147
229	4	126	43	220	44	2	1
229	4	127	12	220	44	2	122
229	4	127	18	220	44	2	201
229	4	127	34	220	44	2	107
229	4	127	40	220	44	2	28
229	4	128	5	220	44	2	28
229	4	128	11	220	44	2	107
229	4	128	27	220	44	2	201
229	4	128	33	220	44	2	122
229	4	129	1	220	44	2	41
229	4	129	2	220	44	2	1
229	4	129	4	220	44	2	147
229	4	129	6	220	44	2	47
229	4	129	12	220	44	2	221
229	4	129	13	220	44	2	84
229	4	129	19	220	44	2	161
229	4	129	23	220	44	2	188
229	4	129	24	220	44	2	228
229	4	129	26	220	44	2	82
229	4	129	28	220	44	2	182
229	4	129	34	220	44	2	8
229	4	129	35	220	44	2	145
229	4	129	41	220	44	2	68
229	4	130	0	220	44	2	136
229	4	130	4	220	44	2	136
229	4	130	10	220	44	2	125
229	4	130	13	220	44	3	inf
229	4	130	16	220	44	2	104
229	4	130	21	220	44	3	inf
229	4	130	22	220	44	2	93
229	4	130	23	220	44	3	inf
229	4	130	26	220	44	2	93
229	4	130	32	220	44	2	104
229	4	130	35	220	44	3	inf
229	4	130	38	220	44	2	125
229	4	131	0	220	44	2	147
229	4	131	2	220	44	2	1
229	4	131	3	220	44	2	41
229	4	131	7	220	44	2	68
229	4	131	13	220	44	2	145
229	4	131	14	220	44	2	8
229	4	131	20	220	44	2	182
229	4	131	22	220	44	2	82
229	4	131	24	220	44	2	228
229	4	131	25	220	44	2	188
229	4	131	29	220	44	2	161
229	4	131	35	220	44	2	84
229	4	131	36	220	44	2	221
229	4	131	42	220	44	2	47
229	4	132	15	220	44	2	122
229	4	132	21	220	44	2	201
229	4	132	37	220	44	2	107
229	4	132	43	220	44	2	28
229	4	133	8	220	44	2	28
229	4	133	14	220	44	2	107
229	4	133	30	220	44	2	201
229	4	133	36	220	44	2	122
229	4	134	0	220	44	2	68
229	4	134	4	220	44	2	41
229	4	134	5	220	44	2	1
229	4	134	7	220	44	2	147
229	4	134	9	220	44	2	47
229	4	134	15	220	44	2	221
229	4	134	16	220	44	2	84
229	4	134	22	220	44	2	161
229	4	134	26	220	44	2	188
229	4	134	27	220	44	2	228
229	4	134	29	220	44	2	82
229	4	134	31	220	44	2	182
229	4	134	37	220	44	2	8
229	4	134	38	220	44	2	145
229	4	135	3	220	44	2	136
229	4	135	7	220	44	2	136
229	4	135	13	220	44	2	125
229	4	135	16	220	44	3	inf
229	4	135	19	220	44	2	104
229	4	135	24	220	44	3	inf
229	4	135	25	220	44	2	93
229	4	135	26	220	44	3	inf
229	4	135	29	220	44	2	93
229	4	135	35	220	44	2	104
229	4	135	38	220	44	3	inf
229	4	135	41	220	44	2	125
229	4	136	1	220	44	2	47
229	4	136	3	220	44	2	147
229	4	136	5	220	44	2	1
229	4	136	6	220	44	2	41
229	4	136	10	220	44	2	68
229	4	136	16	220	44	2	145
229	4	136	17	220	44	2	8
229	4	136	23	220	44	2	182
229	4	136	25	220	44	2	82
229	4	136	27	220	44	2	228
229	4	136	28	220	44	2	188
229	4	136	32	220	44	2	161
229	4	136	38	220	44	2	84
229	4	136	39	220	44	2	221
229	4	137	2	220	44	2	28
229	4	137	18	220	44	2	122
229	4	137	24	220	44	2	201
229	4	137	40	220	44	2	107
229	4	138	11	220	44	2	28
229	4	138	17	220	44	2	107
229	4	138	33	220	44	2	201
229	4	138	39	220	44	2	122
229	4	139	3	220	44	2	68
229	4	139	7	220	44	2	41
229	4	139	8	220	44	2	1
229	4	139	10	220	44	2	147
229	4	139	12	220	44	2	47
229	4	139	18	220	44	2	221
229	4	139	19	220	44	2	84
229	4	139	25	220	44	2	161
229	4	139	29	220	44	2	188
229	4	139	30	220	44	2	228
229	4	139	32	220	44	2	82
229	4	139	34	220	44	2	182
229	4	139	40	220	44	2	8
229	4	139	41	220	44	2	145
229	4	140	0	220	44	2	125
229	4	140	6	220	44	2	136
229	4	140	10	220	44	2	136
229	4	140	16	220	44	2	125
229	4	140	19	220	44	3	inf
229	4	140	22	220	44	2	104
229	4	140	27	220	44	3	inf
229	4	140	28	220	44	2	93
229	4	140	29	220	44	3	inf
229	4	140	32	220	44	2	93
229	4	140	38	220	44	2	104
229	4	140	41	220	44	3	inf
229	4	141	4	220	44	2	47
229	4	141	6	220	44	2	147
229	4	141	8	220	44	2	1
229	4	141	9	220	44	2	41
229	4	141	13	220	44	2	68
229	4	141	19	220	44	2	145
229	4	141	20	220	44	2	8
229	4	141	26	220	44	2	182
229	4	141	28	220	44	2	82
229	4	141	30	220	44	2	228
229	4	141	31	220	44	2	188
229	4	141	35	220	44	2	161
229	4	141	41	220	44	2	84
229	4	141	42	220	44	2	221
229	4	142	5	220	44	2	28
229	4	142	21	220	44	2	122
229	4	142	27	220	44	2	201
229	4	142	43	220	44	2	107
229	4	143	14	220	44	2	28
229	4	143	20	220	44	2	107
229	4	143	36	220	44	2	201
229	4	143	42	220	44	2	122
229	4	144	0	220	44	2	145
229	4	144	6	220	44	2	68
229	4	144	10	220	44	2	41
229	4	144	11	220	44	2	1
229	4	144	13	220	44	2	147
229	4	144	15	220	44	2	47
229	4	144	21	220	44	2	221
229	4	144	22	220	44	2	84
229	4	144	28	220	44	2	161
229	4	144	32	220	44	2	188
229	4	144	33	220	44	2	228
229	4	144	35	220	44	2	82
229	4	144	37	220	44	2	182
229	4	144	43	220	44	2	8
229	4	145	0	220	44	3	inf
229	4	145	3	220	44	2	125
229	4	145	9	220	44	2	136
229	4	145	13	220	44	2	136
229	4	145	19	220	44	2	125
229	4	145	22	220	44	3	inf
229	4	145	25	220	44	2	104
229	4	145	30	220	44	3	inf
229	4	145	31	220	44	2	93
229	4	145	32	220	44	3	inf
229	4	145	35	220	44	2	93
229	4	145	41	220	44	2	104
229	4	146	0	220	44	2	84
229	4	146	1	220	44	2	221
229	4	146	7	220	44	2	47
229	4	146	9	220	44	2	147
229	4	146	11	220	44	2	1
229	4	146	12	220	44	2	41
229	4	146	16	220	44	2	68
229	4	146	22	220	44	2	145
229	4	146	23	220	44	2	8
229	4	146	29	220	44	2	182
229	4	146	31	220	44	2	82
229	4	146	33	220	44	2	228
229	4	146	34	220	44	2	188
229	4	146	38	220	44	2	161
229	4	147	2	220	44	2	107
229	4	147	8	220	44	2	28
229	4	147	24	220	44	2	122
229	4	147	30	220	44	2	201
229	4	148	1	220	44	2	122
229	4	148	17	220	44	2	28
229	4	148	23	220	44	2	107
229	4	148	39	220	44	2	201
229	4	149	2	220	44	2	8
229	4	149	3	220	44	2	145
229	4	149	9	220	44	2	68
229	4	149	13	220	44	2	41
229	4	149	14	220	44	2	1
229	4	149	16	220	44	2	147
229	4	149	18	220	44	2	47
229	4	149	24	220	44	2	221
229	4	149	25	220	44	2	84
229	4	149	31	220	44	2	161
229	4	149	35	220	44	2	188
229	4	149	36	220	44	2	228
229	4	149	38	220	44	2	82
229	4	149	40	220	44	2	182
229	4	150	0	220	44	2	104
229	4	150	3	220	44	3	inf
229	4	150	6	220	44	2	125
229	4	150	12	220	44	2	136
229	4	150	16	220	44	2	136
229	4	150	22	220	44	2	125
229	4	150	25	220	44	3	inf
229	4	150	28	220	44	2	104
229	4	150	33	220	44	3	inf
229	4	150	34	220	44	2	93
229	4	150	35	220	44	3	inf
229	4	150	38	220	44	2	93
229	4	151	3	220	44	2	84
229	4	151	4	220	44	2	221
229	4	151	10	220	44	2	47
229	4	151	12	220	44	2	147
229	4	151	14	220	44	2	1
229	4	151	15	220	44	2	41
229	4	151	19	220	44	2	68
229	4	151	25	220	44	2	145
229	4	151	26	220	44	2	8
229	4	151	32	220	44	2	182
229	4	151	34	220	44	2	82
229	4	151	36	220	44	2	228
229	4	151	37	220	44	2	188
229	4	151	41	220	44	2	161
229	4	152	5	220	44	2	107
229	4	152	11	220	44	2	28
229	4	152	27	220	44	2	122
229	4	152	33	220	44	2	201
229	4	153	4	220	44	2	122
229	4	153	20	220	44	2	28
229	4	153	26	220	44	2	107
229	4	153	42	220	44	2	201
229	4	154	5	220	44	2	8
229	4	154	6	220	44	2	145
229	4	154	12	220	44	2	68
229	4	154	16	220	44	2	41
229	4	154	17	220	44	2	1
229	4	154	19	220	44	2	147
229	4	154	21	220	44	2	47
229	4	154	27	220	44	2	221
229	4	154	28	220	44	2	84
229	4	154	34	220	44	2	161
229	4	154	38	220	44	2	188
229	4	154	39	220	44	2	228
229	4	154	41	220	44	2	82
229	4	154	43	220	44	2	182
229	4	155	3	220	44	2	104
229	4	155	6	220	44	3	inf
229	4	155	9	220	44	2	125
229	4	155	15	220	44	2	136
229	4	155	19	220	44	2	136
229	4	155	25	220	44	2	125
229	4	155	28	220	44	3	inf
229	4	155	31	220	44	2	104
229	4	155	36	220	44	3	inf
229	4	155	37	220	44	2	93
229	4	155	38	220	44	3	inf
229	4	155	41	220	44	2	93
229	4	156	0	220	44	2	161
229	4	156	6	220	44	2	84
229	4	156	7	220	44	2	221
229	4	156	13	220	44	2	47
229	4	156	15	220	44	2	147
229	4	156	17	220	44	2	1
229	4	156	18	220	44	2	41
229	4	156	22	220	44	2	68
229	4	156	28	220	44	2	145
229	4	156	29	220	44	2	8
229	4	156	35	220	44	2	182
229	4	156	37	220	44	2	82
229	4	156	39	220	44	2	228
229	4	156	40	220	44	2	188
229	4	157	8	220	44	2	107
229	4	157	14	220	44	2	28
229	4	157	30	220	44	2	122
229	4	157	36	220	44	2	201
229	4	158	1	220	44	2	201
229	4	158	7	220	44	2	122
229	4	158	23	220	44	2	28
229	4	158	29	220	44	2	107
229	4	159	0	220	44	2	82
229	4	159	2	220	44	2	182
229	4	159	8	220	44	2	8
229	4	159	9	220	44	2	145
229	4	159	15	220	44	2	68
229	4	159	19	220	44	2	41
229	4	159	20	220	44	2	1
229	4	159	22	220	44	2	147
229	4	159	24	220	44	2	47
229	4	159	30	220	44	2	221
229	4	159	31	220	44	2	84
229	4	159	37	220	44	2	161
229	4	159	41	220	44	2	188
229	4	159	42	220	44	2	228
229	4	160	0	220	44	2	93
229	4	160	6	220	44	2	104
229	4	160	9	220	44	3	inf
229	4	160	12	220	44	2	125
229	4	160	18	220	44	2	136
229	4	160	22	220	44	2	136
229	4	160	28	220	44	2	125
229	4	160	31	220	44	3	inf
229	4	160	34	220	44	2	104
229	4	160	39	220	44	3	inf
229	4	160	40	220	44	2	93
229	4	160	41	220	44	3	inf
229	4	161	3	220	44	2	161
229	4	161	9	220	44	2	84
229	4	161	10	220	44	2	221
229	4	161	16	220	44	2	47
229	4	161	18	220	44	2	147
229	4	161	20	220	44	2	1
229	4	161	21	220	44	2	41
229	4	161	25	220	44	2	68
229	4	161	31	220	44	2	145
229	4	161	32	220	44	2	8
229	4	161	38	220	44	2	182
229	4	161	40	220	44	2	82
229	4	161	42	220	44	2	228
229	4	161	43	220	44	2	188
229	4	162	11	220	44	2	107
229	4	162	17	220	44	2	28
229	4	162	33	220	44	2	122
229	4	162	39	220	44	2	201
229	4	163	4	220	44	2	201
229	4	163	10	220	44	2	122
229	4	163	26	220	44	2	28
229	4	163	32	220	44	2	107
229	4	164	0	220	44	2	188
229	4	164	1	220	44	2	228
229	4	164	3	220	44	2	82
229	4	164	5	220	44	2	182
229	4	164	11	220	44	2	8
229	4	164	12	220	44	2	145
229	4	164	18	220	44	2	68
229	4	164	22	220	44	2	41
229	4	164	23	220	44	2	1
229	4	164	25	220	44	2	147
229	4	164	27	220	44	2	47
229	4	164	33	220	44	2	221
229	4	164	34	220	44	2	84
229	4	164	40	220	44	2	161
229	4	165	0	220	44	3	inf
229	4	165	3	220	44	2	93
229	4	165	9	220	44	2	104
229	4	165	12	220	44	3	inf
229	4	165	15	220	44	2	125
229	4	165	21	220	44	2	136
229	4	165	25	220	44	2	136
229	4	165	31	220	44	2	125
229	4	165	34	220	44	3	inf
229	4	165	37	220	44	2	104
229	4	165	42	220	44	3	inf
229	4	165	43	220	44	2	93
229	4	166	1	220	44	2	228
229	4	166	2	220	44	2	188
229	4	166	6	220	44	2	161
229	4	166	12	220	44	2	84
229	4	166	13	220	44	2	221
229	4	166	19	220	44	2	47
229	4	166	21	220	44	2	147
229	4	166	23	220	44	2	1
229	4	166	24	220	44	2	41
229	4	166	28	220	44	2	68
229	4	166	34	220	44	2	145
229	4	166	35	220	44	2	8
229	4	166	41	220	44	2	182
229	4	166	43	220	44	2	82
229	4	167	14	220	44	2	107
229	4	167	20	220	44	2	28
229	4	167	36	220	44	2	122
229	4	167	42	220	44	2	201
229	4	168	7	220	44	2	201
229	4	168	13	220	44	2	122
229	4	168	29	220	44	2	28
229	4	168	35	220	44	2	107
229	4	169	3	220	44	2	188
229	4	169	4	220	44	2	228
229	4	169	6	220	44	2	82
229	4	169	8	220	44	2	182
229	4	169	14	220	44	2	8
229	4	169	15	220	44	2	145
229	4	169	21	220	44	2	68
229	4	169	25	220	44	2	41
229	4	169	26	220	44	2	1
229	4	169	28	220	44	2	147
229	4	169	30	220	44	2	47
229	4	169	36	220	44	2	221
229	4	169	37	220	44	2	84
229	4	169	43	220	44	2	161
229	4	170	1	220	44	3	inf
229	4	170	2	220	44	2	93
229	4	170	3	220	44	3	inf
229	4	170	6	220	44	2	93
229	4	170	12	220	44	2	104
229	4	170	15	220	44	3	inf
229	4	170	18	220	44	2	125
229	4	170	24	220	44	2	136
229	4	170	28	220	44	2	136
229	4	170	34	220	44	2	125
229	4	170	37	220	44	3	inf
229	4	170	40	220	44	2	104
229	4	171	0	220	44	2	182
229	4	171	2	220	44	2	82
229	4	171	4	220	44	2	228
229	4	171	5	220	44	2	188
229	4	171	9	220	44	2	161
229	4	171	15	220	44	2	84
229	4	171	16	220	44	2	221
229	4	171	22	220	44	2	47
229	4	171	24	220	44	2	147
229	4	171	26	220	44	2	1
229	4	171	27	220	44	2	41
229	4	171	31	220	44	2	68
229	4	171	37	220	44	2	145
229	4	171	38	220	44	2	8
229	4	172	1	220	44	2	201
229	4	172	17	220	44	2	107
229	4	172	23	220	44	2	28
229	4	172	39	220	44	2	122
229	4	173	10	220	44	2	201
229	4	173	16	220	44	2	122
229	4	173	32	220	44	2	28
229	4	173	38	220	44	2	107
229	4	174	2	220	44	2	161
229	4	174	6	220	44	2	188
229	4	174	7	220	44	2	228
229	4	174	9	220	44	2	82
229	4	174	11	220	44	2	182
229	4	174	17	220	44	2	8
229	4	174	18	220	44	2	145
229	4	174	24	220	44	2	68
229	4	174	28	220	44	2	41
229	4	174	29	220	44	2	1
229	4	174	31	220	44	2	147
229	4	174	33	220	44	2	47
229	4	174	39	220	44	2	221
229	4	174	40	220	44	2	84
229	4	175	4	220	44	3	inf
229	4	175	5	220	44	2	93
229	4	175	6	220	44	3	inf
229	4	175	9	220	44	2	93
229	4	175	15	220	44	2	104
229	4	175	18	220	44	3	inf
229	4	175	21	220	44	2	125
229	4	175	27	220	44	2	136
229	4	175	31	220	44	2	136
229	4	175	37	220	44	2	125
229	4	175	40	220	44	3	inf
229	4	175	43	220	44	2	104
229	4	176	3	220	44	2	182
229	4	176	5	220	44	2	82
229	4	176	7	220	44	2	228
229	4	176	8	220	44	2	188
229	4	176	12	220	44	2	161
229	4	176	18	220	44	2	84
229	4	176	19	220	44	2	221
229	4	176	25	220	44	2	47
229	4	176	27	220	44	2	147
229	4	176	29	220	44	2	1
229	4	176	30	220	44	2	41
229	4	176	34	220	44	2	68
229	4	176	40	220	44	2	145
229	4	176	41	220	44	2	8
229	4	177	4	220	44	2	201
229	4	177	20	220	44	2	107
229	4	177	26	220	44	2	28
229	4	177	42	220	44	2	122
229	4	178	13	220	44	2	201
229	4	178	19	220	44	2	122
229	4	178	35	220	44	2	28
229	4	178	41	220	44	2	107
229	4	179	5	220	44	2	161
229	4	179	9	220	44	2	188
229	4	179	10	220	44	2	228
229	4	179	12	220	44	2	82
229	4	179	14	220	44	2	182
229	4	179	20	220	44	2	8
229	4	179	21	220	44	2	145
229	4	179	27	220	44	2	68
229	4	179	31	220	44	2	41
229	4	179	32	220	44	2	1
229	4	179	34	220	44	2	147
229	4	179	36	220	44	2	47
229	4	179	42	220	44	2	221
229	4	179	43	220	44	2	84
229	4	180	2	220	44	2	104
229	4	180	7	220	44	3	inf
229	4	180	8	220	44	2	93
229	4	180	9	220	44	3	inf
229	4	180	12	220	44	2	93
229	4	180	18	220	44	2	104
229	4	180	21	220	44	3	inf
229	4	180	24	220	44	2	125
229	4	180	30	220	44	2	136
229	4	180	34	220	44	2	136
229	4	180	40	220	44	2	125
229	4	180	43	220	44	3	inf
229	4	181	0	220	44	2	8
229	4	181	6	220	44	2	182
229	4	181	8	220	44	2	82
229	4	181	10	220	44	2	228
229	4	181	11	220	44	2	188
229	4	181	15	220	44	2	161
229	4	181	21	220	44	2	84
229	4	181	22	220	44	2	221
229	4	181	28	220	44	2	47
229	4	181	30	220	44	2	147
229	4	181	32	220	44	2	1
229	4	181	33	220	44	2	41
229	4	181	37	220	44	2	68
229	4	181	43	220	44	2	145
229	4	182	1	220	44	2	122
229	4	182	7	220	44	2	201
229	4	182	23	220	44	2	107
229	4	182	29	220	44	2	28
229	4	183	0	220	44	2	107
229	4	183	16	220	44	2	201
229	4	183	22	220	44	2	122
229	4	183	38	220	44	2	28
229	4	184	1	220	44	2	221
229	4	184	2	220	44	2	84
229	4	184	8	220	44	2	161
229	4	184	12	220	44	2	188
229	4	184	13	220	44	2	228
229	4	184	15	220	44	2	82
229	4	184	17	220	44	2	182
229	4	184	23	220	44	2	8
229	4	184	24	220	44	2	145
229	4	184	30	220	44	2	68
229	4	184	34	220	44	2	41
229	4	184	35	220	44	2	1
229	4	184	37	220	44	2	147
229	4	184	39	220	44	2	47
229	4	185	2	220	44	3	inf
229	4	185	5	220	44	2	104
229	4	185	10	220	44	3	inf
229	4	185	11	220	44	2	93
229	4	185	12	220	44	3	inf
229	4	185	15	220	44	2	93
229	4	185	21	220	44	2	104
229	4	185	24	220	44	3	inf
229	4	185	27	220	44	2	125
229	4	185	33	220	44	2	136
229	4	185	37	220	44	2	136
229	4	185	43	220	44	2	125
229	4	186	2	220	44	2	145
229	4	186	3	220	44	2	8
229	4	186	9	220	44	2	182
229	4	186	11	220	44	2	82
229	4	186	13	220	44	2	228
229	4	186	14	220	44	2	188
229	4	186	18	220	44	2	161
229	4	186	24	220	44	2	84
229	4	186	25	220	44	2	221
229	4	186	31	220	44	2	47
229	4	186	33	220	44	2	147
229	4	186	35	220	44	2	1
229	4	186	36	220	44	2	41
229	4	186	40	220	44	2	68
229	4	187	4	220	44	2	122
229	4	187	10	220	44	2	201
229	4	187	26	220	44	2	107
229	4	187	32	220	44	2	28
229	4	188	3	220	44	2	107
229	4	188	19	220	44	2	201
229	4	188	25	220	44	2	122
229	4	188	41	220	44	2	28
229	4	189	4	220	44	2	221
229	4	189	5	220	44	2	84
229	4	189	11	220	44	2	161
229	4	189	15	220	44	2	188
229	4	189	16	220	44	2	228
229	4	189	18	220	44	2	82
229	4	189	20	220	44	2	182
229	4	189	26	220	44	2	8
229	4	189	27	220	44	2	145
229	4	189	33	220	44	2	68
229	4	189	37	220	44	2	41
229	4	189	38	220	44	2	1
229	4	189	40	220	44	2	147
229	4	189	42	220	44	2	47
229	4	190	2	220	44	2	125
229	4	190	5	220	44	3	inf
229	4	190	8	220	44	2	104
229	4	190	13	220	44	3	inf
229	4	190	14	220	44	2	93
229	4	190	15	220	44	3	inf
229	4	190	18	220	44	2	93
229	4	190	24	220	44	2	104
229	4	190	27	220	44	3	inf
229	4	190	30	220	44	2	125
229	4	190	36	220	44	2	136
229	4	190	40	220	44	2	136
229	4	191	5	220	44	2	145
229	4	191	6	220	44	2	8
229	4	191	12	220	44	2	182
229	4	191	14	220	44	2	82
229	4	191	16	220	44	2	228
229	4	191	17	220	44	2	188
229	4	191	21	220	44	2	161
229	4	191	27	220	44	2	84
229	4	191	28	220	44	2	221
229	4	191	34	220	44	2	47
229	4	191	36	220	44	2	147
229	4	191	38	220	44	2	1
229	4	191	39	220	44	2	41
229	4	191	43	220	44	2	68
229	4	192	7	220	44	2	122
229	4	192	13	220	44	2	201
229	4	192	29	220	44	2	107
229	4	192	35	220	44	2	28
229	4	193	0	220	44	2	28
229	4	193	6	220	44	2	107
229	4	193	22	220	44	2	201
229	4	193	28	220	44	2	122
229	4	194	1	220	44	2	47
229	4	194	7	220	44	2	221
229	4	194	8	220	44	2	84
229	4	194	14	220	44	2	161
229	4	194	18	220	44	2	188
229	4	194	19	220	44	2	228
229	4	194	21	220	44	2	82
229	4	194	23	220	44	2	182
229	4	194	29	220	44	2	8
229	4	194	30	220	44	2	145
229	4	194	36	220	44	2	68
229	4	194	40	220	44	2	41
229	4	194	41	220	44	2	1
229	4	194	43	220	44	2	147
229	4	195	5	220	44	2	125
229	4	195	8	220	44	3	inf
229	4	195	11	220	44	2	104
229	4	195	16	220	44	3	inf
229	4	195	17	220	44	2	93
229	4	195	18	220	44	3	inf
229	4	195	21	220	44	2	93
229	4	195	27	220	44	2	104
229	4	195	30	220	44	3	inf
229	4	195	33	220	44	2	125
229	4	195	39	220	44	2	136
229	4	195	43	220	44	2	136
229	4	196	2	220	44	2	68
229	4	196	8	220	44	2	145
229	4	196	9	220	44	2	8
229	4	196	15	220	44	2	182
229	4	196	17	220	44	2	82
229	4	196	19	220	44	2	228
229	4	196	20	220	44	2	188
229	4	196	24	220	44	2	161
229	4	196	30	220	44	2	84
229	4	196	31	220	44	2	221
229	4	196	37	220	44	2	47
229	4	196	39	220	44	2	147
229	4	196	41	220	44	2	1
229	4	196	42	220	44	2	41
229	4	197	10	220	44	2	122
229	4	197	16	220	44	2	201
229	4	197	32	220	44	2	107
229	4	197	38	220	44	2	28
229	4	198	3	220	44	2	28
229	4	198	9	220	44	2	107
229	4	198	25	220	44	2	201
229	4	198	31	220	44	2	122
229	4	199	0	220	44	2	1
229	4	199	2	220	44	2	147
229	4	199	4	220	44	2	47
229	4	199	10	220	44	2	221
229	4	199	11	220	44	2	84
229	4	199	17	220	44	2	161
229	4	199	21	220	44	2	188
229	4	199	22	220	44	2	228
229	4	199	24	220	44	2	82
229	4	199	26	220	44	2	182
229	4	199	32	220	44	2	8
229	4	199	33	220	44	2	145
229	4	199	39	220	44	2	68
229	4	199	43	220	44	2	41
229	4	200	2	220	44	2	136
229	4	200	8	220	44	2	125
229	4	200	11	220	44	3	inf
229	4	200	14	220	44	2	104
229	4	200	19	220	44	3	inf
229	4	200	20	220	44	2	93
229	4	200	21	220	44	3	inf
229	4	200	24	220	44	2	93
229	4	200	30	220	44	2	104
229	4	200	33	220	44	3	inf
229	4	200	36	220	44	2	125
229	4	200	42	220	44	2	136
229	4	201	0	220	44	2	1
229	4	201	1	220	44	2	41
229	4	201	5	220	44	2	68
229	4	201	11	220	44	2	145
229	4	201	12	220	44	2	8
229	4	201	18	220	44	2	182
229	4	201	20	220	44	2	82
229	4	201	22	220	44	2	228
229	4	201	23	220	44	2	188
229	4	201	27	220	44	2	161
229	4	201	33	220	44	2	84
229	4	201	34	220	44	2	221
229	4	201	40	220	44	2	47
229	4	201	42	220	44	2	147
229	4	202	13	220	44	2	122
229	4	202	19	220	44	2	201
229	4	202	35	220	44	2	107
229	4	202	41	220	44	2	28
229	4	203	6	220	44	2	28
229	4	203	12	220	44	2	107
229	4	203	28	220	44	2	201
229	4	203	34	220	44	2	122
229	4	204	2	220	44	2	41
229	4	204	3	220	44	2	1
229	4	204	5	220	44	2	147
229	4	204	7	220	44	2	47
229	4	204	13	220	44	2	221
229	4	204	14	220	44	2	84
229	4	204	20	220	44	2	161
229	4	204	24	220	44	2	188
229	4	204	25	220	44	2	228
229	4	204	27	220	44	2	82
229	4	204	29	220	44	2	182
229	4	204	35	220	44	2	8
229	4	204	36	220	44	2	145
229	4	204	42	220	44	2	68
229	4	205	1	220	44	2	136
229	4	205	5	220	44	2	136
229	4	205	11	220	44	2	125
229	4	205	14	220	44	3	inf
229	4	205	17	220	44	2	104
229	4	205	22	220	44	3	inf
229	4	205	23	220	44	2	93
229	4	205	24	220	44	3	inf
229	4	205	27	220	44	2	93
229	4	205	33	220	44	2	104
229	4	205	36	220	44	3	inf
229	4	205	39	220	44	2	125
229	4	206	1	220	44	2	147
229	4	206	3	220	44	2	1
229	4	206	4	220	44	2	41
229	4	206	8	220	44	2	68
229	4	206	14	220	44	2	145
229	4	206	15	220	44	2	8
229	4	206	21	220	44	2	182
229	4	206	23	220	44	2	82
229	4	206	25	220	44	2	228
229	4	206	26	220	44	2	188
229	4	206	30	220	44	2	161
229	4	206	36	220	44	2	84
229	4	206	37	220	44	2	221
229	4	206	43	220	44	2	47
229	4	207	0	220	44	2	28
229	4	207	16	220	44	2	122
229	4	207	22	220	44	2	201
229	4	207	38	220	44	2	107
229	4	208	9	220	44	2	28
229	4	208	15	220	44	2	107
229	4	208	31	220	44	2	201
229	4	208	37	220	44	2	122
229	4	209	1	220	44	2	68
229	4	209	5	220	44	2	41
229	4	209	6	220	44	2	1
229	4	209	8	220	44	2	147
229	4	209	10	220	44	2	47
229	4	209	16	220	44	2	221
229	4	209	17	220	44	2	84
229	4	209	23	220	44	2	161
229	4	209	27	220	44	2	188
229	4	209	28	220	44	2	228
229	4	209	30	220	44	2	82
229	4	209	32	220	44	2	182
229	4	209	38	220	44	2	8
229	4	209	39	220	44	2	145
229	4	210	4	220	44	2	136
229	4	210	8	220	44	2	136
229	4	210	14	220	44	2	125
229	4	210	17	220	44	3	inf
229	4	210	20	220	44	2	104
229	4	210	25	220	44	3	inf
229	4	210	26	220	44	2	93
229	4	210	27	220	44	3	inf
229	4	210	30	220	44	2	93
229	4	210	36	220	44	2	104
229	4	210	39	220	44	3	inf
229	4	210	42	220	44	2	125
229	4	211	2	220	44	2	47
229	4	211	4	220	44	2	147
229	4	211	6	220	44	2	1
229	4	211	7	220	44	2	41
229	4	211	11	220	44	2	68
229	4	211	17	220	44	2	145
229	4	211	18	220	44	2	8
229	4	211	24	220	44	2	182
229	4	211	26	220	44	2	82
229	4	211	28	220	44	2	228
229	4	211	29	220	44	2	188
229	4	211	33	220	44	2	161
229	4	211	39	220	44	2	84
229	4	211	40	220	44	2	221
229	4	212	3	220	44	2	28
229	4	212	19	220	44	2	122
229	4	212	25	220	44	2	201
229	4	212	41	220	44	2	107
229	4	213	12	220	44	2	28
229	4	213	18	220	44	2	107
229	4	213	34	220	44	2	201
229	4	213	40	220	44	2	122
229	4	214	4	220	44	2	68
229	4	214	8	220	44	2	41
229	4	214	9	220	44	2	1
229	4	214	11	220	44	2	147
229	4	214	13	220	44	2	47
229	4	214	19	220	44	2	221
229	4	214	20	220	44	2	84
229	4	214	26	220	44	2	161
229	4	214	30	220	44	2	188
229	4	214	31	220	44	2	228
229	4	214	33	220	44	2	82
229	4	214	35	220	44	2	182
229	4	214	41	220	44	2	8
229	4	214	42	220	44	2	145
229	4	215	1	220	44	2	125
229	4	215	7	220	44	2	136
229	4	215	11	220	44	2	136
229	4	215	17	220	44	2	125
229	4	215	20	220	44	3	inf
229	4	215	23	220	44	2	104
229	4	215	28	220	44	3	inf
229	4	215	29	220	44	2	93
229	4	215	30	220	44	3	inf
229	4	215	33	220	44	2	93
229	4	215	39	220	44	2	104
229	4	215	42	220	44	3	inf
229	4	216	5	220	44	2	47
229	4	216	7	220	44	2	147
229	4	216	9	220	44	2	1
229	4	216	10	220	44	2	41
229	4	216	14	220	44	2	68
229	4	216	20	220	44	2	145
229	4	216	21	220	44	2	8
229	4	216	27	220	44	2	182
229	4	216	29	220	44	2	82
229	4	216	31	220	44	2	228
229	4	216	32	220	44	2	188
229	4	216	36	220	44	2	161
229	4	216	42	220	44	2	84
229	4	216	43	220	44	2	221
229	4	217	0	220	44	2	107
229	4	217	6	220	44	2	28
229	4	217	22	220	44	2	122
229	4	217	28	220	44	2	201
229	4	218	15	220	44	2	28
229	4	218	21	220	44	2	107
229	4	218	37	220	44	2	201
229	4	218	43	220	44	2	122
229	4	219	0	220	44	2	8
229	4	219	1	220	44	2	145
229	4	219	7	220	44	2	68
229	4	219	11	220	44	2	41
229	4	219	12	220	44	2	1
229	4	219	14	220	44	2	147
229	4	219	16	220	44	2	47
229	4	219	22	220	44	2	221
229	4	219	23	220	44	2	84
229	4	219	29	220	44	2	161
229	4	219	33	220	44	2	188
229	4	219	34	220	44	2	228
229	4	219	36	220	44	2	82
229	4	219	38	220	44	2	182
233	1	0	0	20	60	3	inf
233	1	0	1	20	60	3	196
233	1	0	2	20	60	3	18
233	1	0	3	20	60	3	216
233	1	0	4	20	60	3	212
233	1	0	5	20	60	3	83
233	1	0	6	20	60	3	89
233	1	0	7	20	60	3	31
233	1	0	8	20	60	3	47
233	1	0	9	20	60	3	194
233	1	0	10	20	60	3	158
233	1	0	11	20	60	3	85
233	1	0	12	20	60	3	12
233	1	0	13	20	60	3	224
233	1	0	14	20	60	3	102
233	1	0	15	20	60	3	67
233	1	0	16	20	60	3	0
233	1	0	17	20	60	3	166
233	1	0	18	20	60	3	131
233	1	0	19	20	60	3	9
233	1	0	20	20	60	3	221
233	1	0	21	20	60	3	148
233	1	0	22	20	60	3	75
233	1	0	23	20	60	3	39
233	1	0	24	20	60	3	186
233	1	0	25	20	60	3	202
233	1	0	26	20	60	3	144
233	1	0	27	20	60	3	150
233	1	0	28	20	60	3	21
233	1	0	29	20	60	3	17
233	1	0	30	20	60	3	215
233	1	0	31	20	60	3	37
233	1	0	32	20	60	3	215
233	1	0	33	20	60	3	17
233	1	0	34	20	60	3	21
233	1	0	35	20	60	3	150
233	1	0	36	20	60	3	144
233	1	0	37	20	60	3	202
233	1	0	38	20	60	3	186
233	1	0	39	20	60	3	39
233	1	0	40	20	60	3	75
233	1	0	41	20	60	3	148
233	1	0	42	20	60	3	221
233	1	0	43	20	60	3	9
233	1	0	44	20	60	3	131
233	1	0	45	20	60	3	166
233	1	0	46	20	60	3	0
233	1	0	47	20	60	3	67
233	1	0	48	20	60	3	102
233	1	0	49	20	60	3	224
233	1	0	50	20	60	3	12
233	1	0	51	20	60	3	85
233	1	0	52	20	60	3	158
233	1	0	53	20	60	3	194
233	1	0	54	20	60	3	47
233	1	0	55	20	60	3	31
233	1	0	56	20	60	3	89
233	1	0	57	20	60	3	83
233	1	0	58	20	60	3	inf
233	1	0	59	20	60	3	216
233	1	1	0	20	60	3	42
233	1	1	1	20	60	3	232
233	1	1	2	20	60	3	16
233	1	1	3	20	60	3	71
233	1	1	4	20	60	3	40
233	1	1	5	20	60	3	82
233	1	1	6	20	60	3	116
233	1	1	7	20	60	3	63
233	1	1	8	20	60	3	23
233	1	1	9	20	60	3	43
233	1	1	10	20	60	3	168
233	1	1	11	20	60	3	43
233	1	1	12	20	60	3	23
233	1	1	13	20	60	3	63
233	1	1	14	20	60	3	116
233	1	1	15	20	60	3	82
233	1	1	16	20	60	3	40
233	1	1	17	20	60	3	71
233	1	1	18	20	60	3	16
233	1	1	19	20	60	3	232
233	1	1	20	20	60	3	42
233	1	1	21	20	60	3	181
233	1	1	22	20	60	3	147
233	1	1	23	20	60	3	35
233	1	1	24	20	60	3	175
233	1	1	25	20	60	3	inf
233	1	1	26	20	60	3	58
233	1	1	27	20	60	3	198
233	1	1	28	20	60	3	86
233	1	1	29	20	60	3	52
233	1	1	30	20	60	3	191
233	1	1	31	20	60	3	1
233	1	1	32	20	60	3	217
233	1	1	33	20	60	3	162
233	1	1	34	20	60	3	193
233	1	1	35	20	60	3	151
233	1	1	36	20	60	3	117
233	1	1	37	20	60	3	170
233	1	1	38	20	60	3	210
233	1	1	39	20	60	3	190
233	1	1	40	20	60	3	65
233	1	1	41	20	60	3	190
233	1	1	42	20	60	3	210
233	1	1	43	20	60	3	170
233	1	1	44	20	60	3	117
233	1	1	45	20	60	3	151
233	1	1	46	20	60	3	193
233	1	1	47	20	60	3	162
233	1	1	48	20	60	3	217
233	1	1	49	20	60	3	1
233	1	1	50	20	60	3	191
233	1	1	51	20	60	3	52
233	1	1	52	20	60	3	86
233	1	1	53	20	60	3	198
233	1	1	54	20	60	3	58
233	1	1	55	20	60	3	inf
233	1	1	56	20	60	3	175
233	1	1	57	20	60	3	35
233	1	1	58	20	60	3	147
233	1	1	59	20	60	3	181
233	1	2	0	20	60	3	221
233	1	2	1	20	60	3	9
233	1	2	2	20	60	3	131
233	1	2	3	20	60	3	166
233	1	2	4	20	60	3	0
233	1	2	5	20	60	3	67
233	1	2	6	20	60	3	102
233	1	2	7	20	60	3	224
233	1	2	8	20	60	3	12
233	1	2	9	20	60	3	85
233	1	2	10	20	60	3	158
233	1	2	11	20	60	3	194
233	1	2	12	20	60	3	47
233	1	2	13	20	60	3	31
233	1	2	14	20	60	3	89
233	1	2	15	20	60	3	83
233	1	2	16	20	60	3	inf
233	1	2	17	20	60	3	216
233	1	2	18	20	60	3	inf
233	1	2	19	20	60	3	196
233	1	2	20	20	60	3	18
233	1	2	21	20	60	3	216
233	1	2	22	20	60	3	212
233	1	2	23	20	60	3	83
233	1	2	24	20	60	3	89
233	1	2	25	20	60	3	31
233	1	2	26	20	60	3	47
233	1	2	27	20	60	3	194
233	1	2	28	20	60	3	158
233	1	2	29	20	60	3	85
233	1	2	30	20	60	3	12
233	1	2	31	20	60	3	224
233	1	2	32	20	60	3	102
233	1	2	33	20	60	3	67
233	1	2	34	20	60	3	0
233	1	2	35	20	60	3	166
233	1	2	36	20	60	3	131
233	1	2	37	20	60	3	9
233	1	2	38	20	60	3	221
233	1	2	39	20	60	3	148
233	1	2	40	20	60	3	75
233	1	2	41	20	60	3	39
233	1	2	42	20	60	3	186
233	1	2	43	20	60	3	202
233	1	2	44	20	60	3	144
233	1	2	45	20	60	3	150
233	1	2	46	20	60	3	21
233	1	2	47	20	60	3	17
233	1	2	48	20	60	3	215
233	1	2	49	20	60	3	37
233	1	2	50	20	60	3	215
233	1	2	51	20	60	3	17
233	1	2	52	20	60	3	21
233	1	2	53	20	60	3	150
233	1	2	54	20	60	3	144
233	1	2	55	20	60	3	202
233	1	2	56	20	60	3	186
233	1	2	57	20	60	3	39
233	1	2	58	20	60	3	75
233	1	2	59	20	60	3	148
233	1	3	0	20	60	3	210
233	1	3	1	20	60	3	170
233	1	3	2	20	60	3	117
233	1	3	3	20	60	3	151
233	1	3	4	20	60	3	193
233	1	3	5	20	60	3	162
233	1	3	6	20	60	3	217
233	1	3	7	20	60	3	1
233	1	3	8	20	60	3	191
233	1	3	9	20	60	3	52
233	1	3	10	20	60	3	86
233	1	3	11	20	60	3	198
233	1	3	12	20	60	3	58
233	1	3	13	20	60	3	inf
233	1	3	14	20	60	3	175
233	1	3	15	20	60	3	35
233	1	3	16	20	60	3	147
233	1	3	17	20	60	3	181
233	1	3	18	20	60	3	42
233	1	3	19	20	60	3	232
233	1	3	20	20	60	3	16
233	1	3	21	20	60	3	71
233	1	3	22	20	60	3	40
233	1	3	23	20	60	3	82
233	1	3	24	20	60	3	116
233	1	3	25	20	60	3	63
233	1	3	26	20	60	3	23
233	1	3	27	20	60	3	43
233	1	3	28	20	60	3	168
233	1	3	29	20	60	3	43
233	1	3	30	20	60	3	23
233	1	3	31	20	60	3	63
233	1	3	32	20	60	3	116
233	1	3	33	20	60	3	82
233	1	3	34	20	60	3	40
233	1	3	35	20	60	3	71
233	1	3	36	20	60	3	16
233	1	3	37	20	60	3	232
233	1	3	38	20	60	3	42
233	1	3	39	20	60	3	181
233	1	3	40	20	60	3	147
233	1	3	41	20	60	3	35
233	1	3	42	20	60	3	175
233	1	3	43	20	60	3	inf
233	1	3	44	20	60	3	58
233	1	3	45	20	60	3	198
233	1	3	46	20	60	3	86
233	1	3	47	20	60	3	52
233	1	3	48	20	60	3	191
233	1	3	49	20	60	3	1
233	1	3	50	20	60	3	217
233	1	3	51	20	60	3	162
233	1	3	52	20	60	3	193
233	1	3	53	20	60	3	151
233	1	3	54	20	60	3	117
233	1	3	55	20	60	3	170
233	1	3	56	20	60	3	210
233	1	3	57	20	60	3	190
233	1	3	58	20	60	3	65
233	1	3	59	20	60	3	190
233	1	4	0	20	60	3	186
233	1	4	1	20	60	3	202
233	1	4	2	20	60	3	144
233	1	4	3	20	60	3	150
233	1	4	4	20	60	3	21
233	1	4	5	20	60	3	17
233	1	4	6	20	60	3	215
233	1	4	7	20	60	3	37
233	1	4	8	20	60	3	215
233	1	4	9	20	60	3	17
233	1	4	10	20	60	3	21
233	1	4	11	20	60	3	150
233	1	4	12	20	60	3	144
233	1	4	13	20	60	3	202
233	1	4	14	20	60	3	186
233	1	4	15	20	60	3	39
233	1	4	16	20	60	3	75
233	1	4	17	20	60	3	148
233	1	4	18	20	60	3	221
233	1	4	19	20	60	3	9
233	1	4	20	20	60	3	131
233	1	4	21	20	60	3	166
233	1	4	22	20	60	3	0
233	1	4	23	20	60	3	67
233	1	4	24	20	60	3	102
233	1	4	25	20	60	3	224
233	1	4	26	20	60	3	12
233	1	4	27	20	60	3	85
233	1	4	28	20	60	3	158
233	1	4	29	20	60	3	194
233	1	4	30	20	60	3	47
233	1	4	31	20	60	3	31
233	1	4	32	20	60	3	89
233	1	4	33	20	60	3	83
233	1	4	34	20	60	3	inf
233	1	4	35	20	60	3	216
233	1	4	36	20	60	3	inf
233	1	4	37	20	60	3	196
233	1	4	38	20	60	3	18
233	1	4	39	20	60	3	216
233	1	4	40	20	60	3	212
233	1	4	41	20	60	3	83
233	1	4	42	20	60	3	89
233	1	4	43	20	60	3	31
233	1	4	44	20	60	3	47
233	1	4	45	20	60	3	194
233	1	4	46	20	60	3	158
233	1	4	47	20	60	3	85
233	1	4	48	20	60	3	12
233	1	4	49	20	60	3	224
233	1	4	50	20	60	3	102
233	1	4	51	20	60	3	67
233	1	4	52	20	60	3	0
233	1	4	53	20	60	3	166
233	1	4	54	20	60	3	131
233	1	4	55	20	60	3	9
233	1	4	56	20	60	3	221
233	1	4	57	20	60	3	148
233	1	4	58	20	60	3	75
233	1	4	59	20	60	3	39
233	1	5	0	20	60	3	175
233	1	5	1	20	60	3	inf
233	1	5	2	20	60	3	58
233	1	5	3	20	60	3	198
233	1	5	4	20	60	3	86
233	1	5	5	20	60	3	52
233	1	5	6	20	60	3	191
233	1	5	7	20	60	3	1
233	1	5	8	20	60	3	217
233	1	5	9	20	60	3	162
233	1	5	10	20	60	3	193
233	1	5	11	20	60	3	151
233	1	5	12	20	60	3	117
233	1	5	13	20	60	3	170
233	1	5	14	20	60	3	210
233	1	5	15	20	60	3	190
233	1	5	16	20	60	3	65
233	1	5	17	20	60	3	190
233	1	5	18	20	60	3	210
233	1	5	19	20	60	3	170
233	1	5	20	20	60	3	117
233	1	5	21	20	60	3	151
233	1	5	22	20	60	3	193
233	1	5	23	20	60	3	162
233	1	5	24	20	60	3	217
233	1	5	25	20	60	3	1
233	1	5	26	20	60	3	191
233	1	5	27	20	60	3	52
233	1	5	28	20	60	3	86
233	1	5	29	20	60	3	198
233	1	5	30	20	60	3	58
233	1	5	31	20	60	3	inf
233	1	5	32	20	60	3	175
233	1	5	33	20	60	3	35
233	1	5	34	20	60	3	147
233	1	5	35	20	60	3	181
233	1	5	36	20	60	3	42
233	1	5	37	20	60	3	232
233	1	5	38	20	60	3	16
233	1	5	39	20	60	3	71
233	1	5	40	20	60	3	40
233	1	5	41	20	60	3	82
233	1	5	42	20	60	3	116
233	1	5	43	20	60	3	63
233	1	5	44	20	60	3	23
233	1	5	45	20	60	3	43
233	1	5	46	20	60	3	168
233	1	5	47	20	60	3	43
233	1	5	48	20	60	3	23
233	1	5	49	20	60	3	63
233	1	5	50	20	60	3	116
233	1	5	51	20	60	3	82
233	1	5	52	20	60	3	40
233	1	5	53	20	60	3	71
233	1	5	54	20	60	3	16
233	1	5	55	20	60	3	232
233	1	5	56	20	60	3	42
233	1	5	57	20	60	3	181
233	1	5	58	20	60	3	147
233	1	5	59	20	60	3	35
233	1	6	0	20	60	3	89
233	1	6	1	20	60	3	31
233	1	6	2	20	60	3	47
233	1	6	3	20	60	3	194
233	1	6	4	20	60	3	158
233	1	6	5	20	60	3	85
233	1	6	6	20	60	3	12
233	1	6	7	20	60	3	224
233	1	6	8	20	60	3	102
233	1	6	9	20	60	3	67
233	1	6	10	20	60	3	0
233	1	6	11	20	60	3	166
233	1	6	12	20	60	3	131
233	1	6	13	20	60	3	9
233	1	6	14	20	60	3	221
233	1	6	15	20	60	3	148
233	1	6	16	20	60	3	75
233	1	6	17	20	60	3	39
233	1	6	18	20	60	3	186
233	1	6	19	20	60	3	202
233	1	6	20	20	60	3	144
233	1	6	21	20	60	3	150
233	1	6	22	20	60	3	21
233	1	6	23	20	60	3	17
233	1	6	24	20	60	3	215
233	1	6	25	20	60	3	37
233	1	6	26	20	60	3	215
233	1	6	27	20	60	3	17
233	1	6	28	20	60	3	21
233	1	6	29	20	60	3	150
233	1	6	30	20	60	3	144
233	1	6	31	20	60	3	202
233	1	6	32	20	60	3	186
233	1	6	33	20	60	3	39
233	1	6	34	20	60	3	75
233	1	6	35	20	60	3	148
233	1	6	36	20	60	3	221
233	1	6	37	20	60	3	9
233	1	6	38	20	60	3	131
233	1	6	39	20	60	3	166
233	1	6	40	20	60	3	0
233	1	6	41	20	60	3	67
233	1	6	42	20	60	3	102
233	1	6	43	20	60	3	224
233	1	6	44	20	60	3	12
233	1	6	45	20	60	3	85
233	1	6	46	20	60	3	158
233	1	6	47	20	60	3	194
233	1	6	48	20	60	3	47
233	1	6	49	20	60	3	31
233	1	6	50	20	60	3	89
233	1	6	51	20	60	3	83
233	1	6	52	20	60	3	inf
233	1	6	53	20	60	3	216
233	1	6	54	20	60	3	inf
233	1	6	55	20	60	3	196
233	1	6	56	20	60	3	18
233	1	6	57	20	60	3	216
233	1	6	58	20	60	3	212
233	1	6	59	20	60	3	83
233	1	7	0	20	60	3	116
233	1	7	1	20	60	3	63
233	1	7	2	20	60	3	23
233	1	7	3	20	60	3	43
233	1	7	4	20	60	3	168
233	1	7	5	20	60	3	43
233	1	7	6	20	60	3	23
233	1	7	7	20	60	3	63
233	1	7	8	20	60	3	116
233	1	7	9	20	60	3	82
233	1	7	10	20	60	3	40
233	1	7	11	20	60	3	71
233	1	7	12	20	60	3	16
233	1	7	13	20	60	3	232
233	1	7	14	20	60	3	42
233	1	7	15	20	60	3	181
233	1	7	16	20	60	3	147
233	1	7	17	20	60	3	35
233	1	7	18	20	60	3	175
233	1	7	19	20	60	3	inf
233	1	7	20	20	60	3	58
233	1	7	21	20	60	3	198
233	1	7	22	20	60	3	86
233	1	7	23	20	60	3	52
233	1	7	24	20	60	3	191
233	1	7	25	20	60	3	1
233	1	7	26	20	60	3	217
233	1	7	27	20	60	3	162
233	1	7	28	20	60	3	193
233	1	7	29	20	60	3	151
233	1	7	30	20	60	3	117
233	1	7	31	20	60	3	170
233	1	7	32	20	60	3	210
233	1	7	33	20	60	3	190
233	1	7	34	20	60	3	65
233	1	7	35	20	60	3	190
233	1	7	36	20	60	3	210
233	1	7	37	20	60	3	170
233	1	7	38	20	60	3	117
233	1	7	39	20	60	3	151
233	1	7	40	20	60	3	193
233	1	7	41	20	60	3	162
233	1	7	42	20	60	3	217
233	1	7	43	20	60	3	1
233	1	7	44	20	60	3	191
233	1	7	45	20	60	3	52
233	1	7	46	20	60	3	86
233	1	7	47	20	60	3	198
233	1	7	48	20	60	3	58
233	1	7	49	20	60	3	inf
233	1	7	50	20	60	3	175
233	1	7	51	20	60	3	35
233	1	7	52	20	60	3	147
233	1	7	53	20	60	3	181
233	1	7	54	20	60	3	42
233	1	7	55	20	60	3	232
233	1	7	56	20	60	3	16
233	1	7	57	20	60	3	71
233	1	7	58	20	60	3	40
233	1	7	59	20	60	3	82
233	1	8	0	20	60	3	102
233	1	8	1	20	60	3	224
233	1	8	2	20	60	3	12
233	1	8	3	20	60	3	85
233	1	8	4	20	60	3	158
233	1	8	5	20	60	3	194
233	1	8	6	20	60	3	47
233	1	8	7	20	60	3	31
233	1	8	8	20	60	3	89
233	1	8	9	20	60	3	83
233	1	8	10	20	60	3	inf
233	1	8	11	20	60	3	216
233	1	8	12	20	60	3	inf
233	1	8	13	20	60	3	196
233	1	8	14	20	60	3	18
233	1	8	15	20	60	3	216
233	1	8	16	20	60	3	212
233	1	8	17	20	60	3	83
233	1	8	18	20	60	3	89
233	1	8	19	20	60	3	31
233	1	8	20	20	60	3	47
233	1	8	21	20	60	3	194
233	1	8	22	20	60	3	158
233	1	8	23	20	60	3	85
233	1	8	24	20	60	3	12
233	1	8	25	20	60	3	224
233	1	8	26	20	60	3	102
233	1	8	27	20	60	3	67
233	1	8	28	20	60	3	0
233	1	8	29	20	60	3	166
233	1	8	30	20	60	3	131
233	1	8	31	20	60	3	9
233	1	8	32	20	60	3	221
233	1	8	33	20	60	3	148
233	1	8	34	20	60	3	75
233	1	8	35	20	60	3	39
233	1	8	36	20	60	3	186
233	1	8	37	20	60	3	202
233	1	8	38	20	60	3	144
233	1	8	39	20	60	3	150
233	1	8	40	20	60	3	21
233	1	8	41	20	60	3	17
233	1	8	42	20	60	3	215
233	1	8	43	20	60	3	37
233	1	8	44	20	60	3	215
233	1	8	45	20	60	3	17
233	1	8	46	20	60	3	21
233	1	8	47	20	60	3	150
233	1	8	48	20	60	3	144
233	1	8	49	20	60	3	202
233	1	8	50	20	60	3	186
233	1	8	51	20	60	3	39
233	1	8	52	20	60	3	75
233	1	8	53	20	60	3	148
233	1	8	54	20	60	3	221
233	1	8	55	20	60	3	9
233	1	8	56	20	60	3	131
233	1	8	57	20	60	3	166
233	1	8	58	20	60	3	0
233	1	8	59	20	60	3	67
233	1	9	0	20	60	3	217
233	1	9	1	20	60	3	1
233	1	9	2	20	60	3	191
233	1	9	3	20	60	3	52
233	1	9	4	20	60	3	86
233	1	9	5	20	60	3	198
233	1	9	6	20	60	3	58
233	1	9	7	20	60	3	inf
233	1	9	8	20	60	3	175
233	1	9	9	20	60	3	35
233	1	9	10	20	60	3	147
233	1	9	11	20	60	3	181
233	1	9	12	20	60	3	42
233	1	9	13	20	60	3	232
233	1	9	14	20	60	3	16
233	1	9	15	20	60	3	71
233	1	9	16	20	60	3	40
233	1	9	17	20	60	3	82
233	1	9	18	20	60	3	116
233	1	9	19	20	60	3	63
233	1	9	20	20	60	3	23
233	1	9	21	20	60	3	43
233	1	9	22	20	60	3	168
233	1	9	23	20	60	3	43
233	1	9	24	20	60	3	23
233	1	9	25	20	60	3	63
233	1	9	26	20	60	3	116
233	1	9	27	20	60	3	82
233	1	9	28	20	60	3	40
233	1	9	29	20	60	3	71
233	1	9	30	20	60	3	16
233	1	9	31	20	60	3	232
233	1	9	32	20	60	3	42
233	1	9	33	20	60	3	181
233	1	9	34	20	60	3	147
233	1	9	35	20	60	3	35
233	1	9	36	20	60	3	175
233	1	9	37	20	60	3	inf
233	1	9	38	20	60	3	58
233	1	9	39	20	60	3	198
233	1	9	40	20	60	3	86
233	1	9	41	20	60	3	52
233	1	9	42	20	60	3	191
233	1	9	43	20	60	3	1
233	1	9	44	20	60	3	217
233	1	9	45	20	60	3	162
233	1	9	46	20	60	3	193
233	1	9	47	20	60	3	151
233	1	9	48	20	60	3	117
233	1	9	49	20	60	3	170
233	1	9	50	20	60	3	210
233	1	9	51	20	60	3	190
233	1	9	52	20	60	3	65
233	1	9	53	20	60	3	190
233	1	9	54	20	60	3	210
233	1	9	55	20	60	3	170
233	1	9	56	20	60	3	117
233	1	9	57	20	60	3	151
233	1	9	58	20	60	3	193
233	1	9	59	20	60	3	162
233	1	10	0	20	60	3	215
233	1	10	1	20	60	3	37
233	1	10	2	20	60	3	215
233	1	10	3	20	60	3	17
233	1	10	4	20	60	3	21
233	1	10	5	20	60	3	150
233	1	10	6	20	60	3	144
233	1	10	7	20	60	3	202
233	1	10	8	20	60	3	186
233	1	10	9	20	60	3	39
233	1	10	10	20	60	3	75
233	1	10	11	20	60	3	148
233	1	10	12	20	60	3	221
233	1	10	13	20	60	3	9
233	1	10	14	20	60	3	131
233	1	10	15	20	60	3	166
233	1	10	16	20	60	3	0
233	1	10	17	20	60	3	67
233	1	10	18	20	60	3	102
233	1	10	19	20	60	3	224
233	1	10	20	20	60	3	12
233	1	10	21	20	60	3	85
233	1	10	22	20	60	3	158
233	1	10	23	20	60	3	194
233	1	10	24	20	60	3	47
233	1	10	25	20	60	3	31
233	1	10	26	20	60	3	89
233	1	10	27	20	60	3	83
233	1	10	28	20	60	3	inf
233	1	10	29	20	60	3	216
233	1	10	30	20	60	3	inf
233	1	10	31	20	60	3	196
233	1	10	32	20	60	3	18
233	1	10	33	20	60	3	216
233	1	10	34	20	60	3	212
233	1	10	35	20	60	3	83
233	1	10	36	20	60	3	89
233	1	10	37	20	60	3	31
233	1	10	38	20	60	3	47
233	1	10	39	20	60	3	194
233	1	10	40	20	60	3	158
233	1	10	41	20	60	3	85
233	1	10	42	20	60	3	12
233	1	10	43	20	60	3	224
233	1	10	44	20	60	3	102
233	1	10	45	20	60	3	67
233	1	10	46	20	60	3	0
233	1	10	47	20	60	3	166
233	1	10	48	20	60	3	131
233	1	10	49	20	60	3	9
233	1	10	50	20	60	3	221
233	1	10	51	20	60	3	148
233	1	10	52	20	60	3	75
233	1	10	53	20	60	3	39
233	1	10	54	20	60	3	186
233	1	10	55	20	60	3	202
233	1	10	56	20	60	3	144
233	1	10	57	20	60	3	150
233	1	10	58	20	60	3	21
233	1	10	59	20	60	3	17
233	1	11	0	20	60	3	191
233	1	11	1	20	60	3	1
233	1	11	2	20	60	3	217
233	1	11	3	20	60	3	162
233	1	11	4	20	60	3	193
233	1	11	5	20	60	3	151
233	1	11	6	20	60	3	117
233	1	11	7	20	60	3	170
233	1	11	8	20	60	3	210
233	1	11	9	20	60	3	190
233	1	11	10	20	60	3	65
233	1	11	11	20	60	3	190
233	1	11	12	20	60	3	210
233	1	11	13	20	60	3	170
233	1	11	14	20	60	3	117
233	1	11	15	20	60	3	151
233	1	11	16	20	60	3	193
233	1	11	17	20	60	3	162
233	1	11	18	20	60	3	217
233	1	11	19	20	60	3	1
233	1	11	20	20	60	3	191
233	1	11	21	20	60	3	52
233	1	11	22	20	60	3	86
233	1	11	23	20	60	3	198
233	1	11	24	20	60	3	58
233	1	11	25	20	60	3	inf
233	1	11	26	20	60	3	175
233	1	11	27	20	60	3	35
233	1	11	28	20	60	3	147
233	1	11	29	20	60	3	181
233	1	11	30	20	60	3	42
233	1	11	31	20	60	3	232
233	1	11	32	20	60	3	16
233	1	11	33	20	60	3	71
233	1	11	34	20	60	3	40
233	1	11	35	20	60	3	82
233	1	11	36	20	60	3	116
233	1	11	37	20	60	3	63
233	1	11	38	20	60	3	23
233	1	11	39	20	60	3	43
233	1	11	40	20	60	3	168
233	1	11	41	20	60	3	43
233	1	11	42	20	60	3	23
233	1	11	43	20	60	3	63
233	1	11	44	20	60	3	116
233	1	11	45	20	60	3	82
233	1	11	46	20	60	3	40
233	1	11	47	20	60	3	71
233	1	11	48	20	60	3	16
233	1	11	49	20	60	3	232
233	1	11	50	20	60	3	42
233	1	11	51	20	60	3	181
233	1	11	52	20	60	3	147
233	1	11	53	20	60	3	35
233	1	11	54	20	60	3	175
233	1	11	55	20	60	3	inf
233	1	11	56	20	60	3	58
233	1	11	57	20	60	3	198
233	1	11	58	20	60	3	86
233	1	11	59	20	60	3	52
233	1	12	0	20	60	3	12
233	1	12	1	20	60	3	224
233	1	12	2	20	60	3	102
233	1	12	3	20	60	3	67
233	1	12	4	20	60	3	0
233	1	12	5	20	60	3	166
233	1	12	6	20	60	3	131
233	1	12	7	20	60	3	9
233	1	12	8	20	60	3	221
233	1	12	9	20	60	3	148
233	1	12	10	20	60	3	75
233	1	12	11	20	60	3	39
233	1	12	12	20	60	3	186
233	1	12	13	20	60	3	202
233	1	12	14	20	60	3	144
233	1	12	15	20	60	3	150
233	1	12	16	20	60	3	21
233	1	12	17	20	60	3	17
233	1	12	18	20	60	3	215
233	1	12	19	20	60	3	37
233	1	12	20	20	60	3	215
233	1	12	21	20	60	3	17
233	1	12	22	20	60	3	21
233	1	12	23	20	60	3	150
233	1	12	24	20	60	3	144
233	1	12	25	20	60	3	202
233	1	12	26	20	60	3	186
233	1	12	27	20	60	3	39
233	1	12	28	20	60	3	75
233	1	12	29	20	60	3	148
233	1	12	30	20	60	3	221
233	1	12	31	20	60	3	9
233	1	12	32	20	60	3	131
233	1	12	33	20	60	3	166
233	1	12	34	20	60	3	0
233	1	12	35	20	60	3	67
233	1	12	36	20	60	3	102
233	1	12	37	20	60	3	224
233	1	12	38	20	60	3	12
233	1	12	39	20	60	3	85
233	1	12	40	20	60	3	158
233	1	12	41	20	60	3	194
233	1	12	42	20	60	3	47
233	1	12	43	20	60	3	31
233	1	12	44	20	60	3	89
233	1	12	45	20	60	3	83
233	1	12	46	20	60	3	inf
233	1	12	47	20	60	3	216
233	1	12	48	20	60	3	inf
233	1	12	49	20	60	3	196
233	1	12	50	20	60	3	18
233	1	12	51	20	60	3	216
233	1	12	52	20	60	3	212
233	1	12	53	20	60	3	83
233	1	12	54	20	60	3	89
233	1	12	55	20	60	3	31
233	1	12	56	20	60	3	47
233	1	12	57	20	60	3	194
233	1	12	58	20	60	3	158
233	1	12	59	20	60	3	85
233	1	13	0	20	60	3	23
233	1	13	1	20	60	3	63
233	1	13	2	20	60	3	116
233	1	13	3	20	60	3	82
233	1	13	4	20	60	3	40
233	1	13	5	20	60	3	71
233	1	13	6	20	60	3	16
233	1	13	7	20	60	3	232
233	1	13	8	20	60	3	42
233	1	13	9	20	60	3	181
233	1	13	10	20	60	3	147
233	1	13	11	20	60	3	35
233	1	13	12	20	60	3	175
233	1	13	13	20	60	3	inf
233	1	13	14	20	60	3	58
233	1	13	15	20	60	3	198
233	1	13	16	20	60	3	86
233	1	13	17	20	60	3	52
233	1	13	18	20	60	3	191
233	1	13	19	20	60	3	1
233	1	13	20	20	60	3	217
233	1	13	21	20	60	3	162
233	1	13	22	20	60	3	193
233	1	13	23	20	60	3	151
233	1	13	24	20	60	3	117
233	1	13	25	20	60	3	170
233	1	13	26	20	60	3	210
233	1	13	27	20	60	3	190
233	1	13	28	20	60	3	65
233	1	13	29	20	60	3	190
233	1	13	30	20	60	3	210
233	1	13	31	20	60	3	170
233	1	13	32	20	60	3	117
233	1	13	33	20	60	3	151
233	1	13	34	20	60	3	193
233	1	13	35	20	60	3	162
233	1	13	36	20	60	3	217
233	1	13	37	20	60	3	1
233	1	13	38	20	60	3	191
233	1	13	39	20	60	3	52
233	1	13	40	20	60	3	86
233	1	13	41	20	60	3	198
233	1	13	42	20	60	3	58
233	1	13	43	20	60	3	inf
233	1	13	44	20	60	3	175
233	1	13	45	20	60	3	35
233	1	13	46	20	60	3	147
233	1	13	47	20	60	3	181
233	1	13	48	20	60	3	42
233	1	13	49	20	60	3	232
233	1	13	50	20	60	3	16
233	1	13	51	20	60	3	71
233	1	13	52	20	60	3	40
233	1	13	53	20	60	3	82
233	1	13	54	20	60	3	116
233	1	13	55	20	60	3	63
233	1	13	56	20	60	3	23
233	1	13	57	20	60	3	43
233	1	13	58	20	60	3	168
233	1	13	59	20	60	3	43
233	1	14	0	20	60	3	47
233	1	14	1	20	60	3	31
233	1	14	2	20	60	3	89
233	1	14	3	20	60	3	83
233	1	14	4	20	60	3	inf
233	1	14	5	20	60	3	216
233	1	14	6	20	60	3	inf
233	1	14	7	20	60	3	196
233	1	14	8	20	60	3	18
233	1	14	9	20	60	3	216
233	1	14	10	20	60	3	212
233	1	14	11	20	60	3	83
233	1	14	12	20	60	3	89
233	1	14	13	20	60	3	31
233	1	14	14	20	60	3	47
233	1	14	15	20	60	3	194
233	1	14	16	20	60	3	158
233	1	14	17	20	60	3	85
233	1	14	18	20	60	3	12
233	1	14	19	20	60	3	224
233	1	14	20	20	60	3	102
233	1	14	21	20	60	3	67
233	1	14	22	20	60	3	0
233	1	14	23	20	60	3	166
233	1	14	24	20	60	3	131
233	1	14	25	20	60	3	9
233	1	14	26	20	60	3	221
233	1	14	27	20	60	3	148
233	1	14	28	20	60	3	75
233	1	14	29	20	60	3	39
233	1	14	30	20	60	3	186
233	1	14	31	20	60	3	202
233	1	14	32	20	60	3	144
233	1	14	33	20	60	3	150
233	1	14	34	20	60	3	21
233	1	14	35	20	60	3	17
233	1	14	36	20	60	3	215
233	1	14	37	20	60	3	37
233	1	14	38	20	60	3	215
233	1	14	39	20	60	3	17
233	1	14	40	20	60	3	21
233	1	14	41	20	60	3	150
233	1	14	42	20	60	3	144
233	1	14	43	20	60	3	202
233	1	14	44	20	60	3	186
233	1	14	45	20	60	3	39
233	1	14	46	20	60	3	75
233	1	14	47	20	60	3	148
233	1	14	48	20	60	3	221
233	1	14	49	20	60	3	9
233	1	14	50	20	60	3	131
233	1	14	51	20	60	3	166
233	1	14	52	20	60	3	0
233	1	14	53	20	60	3	67
233	1	14	54	20	60	3	102
233	1	14	55	20	60	3	224
233	1	14	56	20	60	3	12
233	1	14	57	20	60	3	85
233	1	14	58	20	60	3	158
233	1	14	59	20	60	3	194
233	1	15	0	20	60	3	58
233	1	15	1	20	60	3	inf
233	1	15	2	20	60	3	175
233	1	15	3	20	60	3	35
233	1	15	4	20	60	3	147
233	1	15	5	20	60	3	181
233	1	15	6	20	60	3	42
233	1	15	7	20	60	3	232
233	1	15	8	20	60	3	16
233	1	15	9	20	60	3	71
233	1	15	10	20	60	3	40
233	1	15	11	20	60	3	82
233	1	15	12	20	60	3	116
233	1	15	13	20	60	3	63
233	1	15	14	20	60	3	23
233	1	15	15	20	60	3	43
233	1	15	16	20	60	3	168
233	1	15	17	20	60	3	43
233	1	15	18	20	60	3	23
233	1	15	19	20	60	3	63
233	1	15	20	20	60	3	116
233	1	15	21	20	60	3	82
233	1	15	22	20	60	3	40
233	1	15	23	20	60	3	71
233	1	15	24	20	60	3	16
233	1	15	25	20	60	3	232
233	1	15	26	20	60	3	42
233	1	15	27	20	60	3	181
233	1	15	28	20	60	3	147
233	1	15	29	20	60	3	35
233	1	15	30	20	60	3	175
233	1	15	31	20	60	3	inf
233	1	15	32	20	60	3	58
233	1	15	33	20	60	3	198
233	1	15	34	20	60	3	86
233	1	15	35	20	60	3	52
233	1	15	36	20	60	3	191
233	1	15	37	20	60	3	1
233	1	15	38	20	60	3	217
233	1	15	39	20	60	3	162
233	1	15	40	20	60	3	193
233	1	15	41	20	60	3	151
233	1	15	42	20	60	3	117
233	1	15	43	20	60	3	170
233	1	15	44	20	60	3	210
233	1	15	45	20	60	3	190
233	1	15	46	20	60	3	65
233	1	15	47	20	60	3	190
233	1	15	48	20	60	3	210
233	1	15	49	20	60	3	170
233	1	15	50	20	60	3	117
233	1	15	51	20	60	3	151
233	1	15	52	20	60	3	193
233	1	15	53	20	60	3	162
233	1	15	54	20	60	3	217
233	1	15	55	20	60	3	1
233	1	15	56	20	60	3	191
233	1	15	57	20	60	3	52
233	1	15	58	20	60	3	86
233	1	15	59	20	60	3	198
233	1	16	0	20	60	3	144
233	1	16	1	20	60	3	202
233	1	16	2	20	60	3	186
233	1	16	3	20	60	3	39
233	1	16	4	20	60	3	75
233	1	16	5	20	60	3	148
233	1	16	6	20	60	3	221
233	1	16	7	20	60	3	9
233	1	16	8	20	60	3	131
233	1	16	9	20	60	3	166
233	1	16	10	20	60	3	0
233	1	16	11	20	60	3	67
233	1	16	12	20	60	3	102
233	1	16	13	20	60	3	224
233	1	16	14	20	60	3	12
233	1	16	15	20	60	3	85
233	1	16	16	20	60	3	158
233	1	16	17	20	60	3	194
233	1	16	18	20	60	3	47
233	1	16	19	20	60	3	31
233	1	16	20	20	60	3	89
233	1	16	21	20	60	3	83
233	1	16	22	20	60	3	inf
233	1	16	23	20	60	3	216
233	1	16	24	20	60	3	inf
233	1	16	25	20	60	3	196
233	1	16	26	20	60	3	18
233	1	16	27	20	60	3	216
233	1	16	28	20	60	3	212
233	1	16	29	20	60	3	83
233	1	16	30	20	60	3	89
233	1	16	31	20	60	3	31
233	1	16	32	20	60	3	47
233	1	16	33	20	60	3	194
233	1	16	34	20	60	3	158
233	1	16	35	20	60	3	85
233	1	16	36	20	60	3	12
233	1	16	37	20	60	3	224
233	1	16	38	20	60	3	102
233	1	16	39	20	60	3	67
233	1	16	40	20	60	3	0
233	1	16	41	20	60	3	166
233	1	16	42	20	60	3	131
233	1	16	43	20	60	3	9
233	1	16	44	20	60	3	221
233	1	16	45	20	60	3	148
233	1	16	46	20	60	3	75
233	1	16	47	20	60	3	39
233	1	16	48	20	60	3	186
233	1	16	49	20	60	3	202
233	1	16	50	20	60	3	144
233	1	16	51	20	60	3	150
233	1	16	52	20	60	3	21
233	1	16	53	20	60	3	17
233	1	16	54	20	60	3	215
233	1	16	55	20	60	3	37
233	1	16	56	20	60	3	215
233	1	16	57	20	60	3	17
233	1	16	58	20	60	3	21
233	1	16	59	20	60	3	150
233	1	17	0	20	60	3	117
233	1	17	1	20	60	3	170
233	1	17	2	20	60	3	210
233	1	17	3	20	60	3	190
233	1	17	4	20	60	3	65
233	1	17	5	20	60	3	190
233	1	17	6	20	60	3	210
233	1	17	7	20	60	3	170
233	1	17	8	20	60	3	117
233	1	17	9	20	60	3	151
233	1	17	10	20	60	3	193
233	1	17	11	20	60	3	162
233	1	17	12	20	60	3	217
233	1	17	13	20	60	3	1
233	1	17	14	20	60	3	191
233	1	17	15	20	60	3	52
233	1	17	16	20	60	3	86
233	1	17	17	20	60	3	198
233	1	17	18	20	60	3	58
233	1	17	19	20	60	3	inf
233	1	17	20	20	60	3	175
233	1	17	21	20	60	3	35
233	1	17	22	20	60	3	147
233	1	17	23	20	60	3	181
233	1	17	24	20	60	3	42
233	1	17	25	20	60	3	232
233	1	17	26	20	60	3	16
233	1	17	27	20	60	3	71
233	1	17	28	20	60	3	40
233	1	17	29	20	60	3	82
233	1	17	30	20	60	3	116
233	1	17	31	20	60	3	63
233	1	17	32	20	60	3	23
233	1	17	33	20	60	3	43
233	1	17	34	20	60	3	168
233	1	17	35	20	60	3	43
233	1	17	36	20	60	3	23
233	1	17	37	20	60	3	63
233	1	17	38	20	60	3	116
233	1	17	39	20	60	3	82
233	1	17	40	20	60	3	40
233	1	17	41	20	60	3	71
233	1	17	42	20	60	3	16
233	1	17	43	20	60	3	232
233	1	17	44	20	60	3	42
233	1	17	45	20	60	3	181
233	1	17	46	20	60	3	147
233	1	17	47	20	60	3	35
233	1	17	48	20	60	3	175
233	1	17	49	20	60	3	inf
233	1	17	50	20	60	3	58
233	1	17	51	20	60	3	198
233	1	17	52	20	60	3	86
233	1	17	53	20	60	3	52
233	1	17	54	20	60	3	191
233	1	17	55	20	60	3	1
233	1	17	56	20	60	3	217
233	1	17	57	20	60	3	162
233	1	17	58	20	60	3	193
233	1	17	59	20	60	3	151
233	1	18	0	20	60	3	131
233	1	18	1	20	60	3	9
233	1	18	2	20	60	3	221
233	1	18	3	20	60	3	148
233	1	18	4	20	60	3	75
233	1	18	5	20	60	3	39
233	1	18	6	20	60	3	186
233	1	18	7	20	60	3	202
233	1	18	8	20	60	3	144
233	1	18	9	20	60	3	150
233	1	18	10	20	60	3	21
233	1	18	11	20	60	3	17
233	1	18	12	20	60	3	215
233	1	18	13	20	60	3	37
233	1	18	14	20	60	3	215
233	1	18	15	20	60	3	17
233	1	18	16	20	60	3	21
233	1	18	17	20	60	3	150
233	1	18	18	20	60	3	144
233	1	18	19	20	60	3	202
233	1	18	20	20	60	3	186
233	1	18	21	20	60	3	39
233	1	18	22	20	60	3	75
233	1	18	23	20	60	3	148
233	1	18	24	20	60	3	221
233	1	18	25	20	60	3	9
233	1	18	26	20	60	3	131
233	1	18	27	20	60	3	166
233	1	18	28	20	60	3	0
233	1	18	29	20	60	3	67
233	1	18	30	20	60	3	102
233	1	18	31	20	60	3	224
233	1	18	32	20	60	3	12
233	1	18	33	20	60	3	85
233	1	18	34	20	60	3	158
233	1	18	35	20	60	3	194
233	1	18	36	20	60	3	47
233	1	18	37	20	60	3	31
233	1	18	38	20	60	3	89
233	1	18	39	20	60	3	83
233	1	18	40	20	60	3	inf
233	1	18	41	20	60	3	216
233	1	18	42	20	60	3	inf
233	1	18	43	20	60	3	196
233	1	18	44	20	60	3	18
233	1	18	45	20	60	3	216
233	1	18	46	20	60	3	212
233	1	18	47	20	60	3	83
233	1	18	48	20	60	3	89
233	1	18	49	20	60	3	31
233	1	18	50	20	60	3	47
233	1	18	51	20	60	3	194
233	1	18	52	20	60	3	158
233	1	18	53	20	60	3	85
233	1	18	54	20	60	3	12
233	1	18	55	20	60	3	224
233	1	18	56	20	60	3	102
233	1	18	57	20	60	3	67
233	1	18	58	20	60	3	0
233	1	18	59	20	60	3	166
233	1	19	0	20	60	3	16
233	1	19	1	20	60	3	232
233	1	19	2	20	60	3	42
233	1	19	3	20	60	3	181
233	1	19	4	20	60	3	147
233	1	19	5	20	60	3	35
233	1	19	6	20	60	3	175
233	1	19	7	20	60	3	inf
233	1	19	8	20	60	3	58
233	1	19	9	20	60	3	198
233	1	19	10	20	60	3	86
233	1	19	11	20	60	3	52
233	1	19	12	20	60	3	191
233	1	19	13	20	60	3	1
233	1	19	14	20	60	3	217
233	1	19	15	20	60	3	162
233	1	19	16	20	60	3	193
233	1	19	17	20	60	3	151
233	1	19	18	20	60	3	117
233	1	19	19	20	60	3	170
233	1	19	20	20	60	3	210
233	1	19	21	20	60	3	190
233	1	19	22	20	60	3	65
233	1	19	23	20	60	3	190
233	1	19	24	20	60	3	210
233	1	19	25	20	60	3	170
233	1	19	26	20	60	3	117
233	1	19	27	20	60	3	151
233	1	19	28	20	60	3	193
233	1	19	29	20	60	3	162
233	1	19	30	20	60	3	217
233	1	19	31	20	60	3	1
233	1	19	32	20	60	3	191
233	1	19	33	20	60	3	52
233	1	19	34	20	60	3	86
233	1	19	35	20	60	3	198
233	1	19	36	20	60	3	58
233	1	19	37	20	60	3	inf
233	1	19	38	20	60	3	175
233	1	19	39	20	60	3	35
233	1	19	40	20	60	3	147
233	1	19	41	20	60	3	181
233	1	19	42	20	60	3	42
233	1	19	43	20	60	3	232
233	1	19	44	20	60	3	16
233	1	19	45	20	60	3	71
233	1	19	46	20	60	3	40
233	1	19	47	20	60	3	82
233	1	19	48	20	60	3	116
233	1	19	49	20	60	3	63
233	1	19	50	20	60	3	23
233	1	19	51	20	60	3	43
233	1	19	52	20	60	3	168
233	1	19	53	20	60	3	43
233	1	19	54	20	60	3	23
233	1	19	55	20	60	3	63
233	1	19	56	20	60	3	116
233	1	19	57	20	60	3	82
233	1	19	58	20	60	3	40
233	1	19	59	20	60	3	71
233	2	0	0	20	60	3	175
233	2	0	1	20	60	3	inf
233	2	0	2	20	60	3	58
233	2	0	3	20	60	3	198
233	2	0	4	20	60	3	86
233	2	0	5	20	60	3	52
233	2	0	6	20	60	3	191
233	2	0	7	20	60	3	1
233	2	0	8	20	60	3	217
233	2	0	9	20	60	3	162
233	2	0	10	20	60	3	193
233	2	0	11	20	60	3	151
233	2	0	12	20	60	3	117
233	2	0	13	20	60	3	170
233	2	0	14	20	60	3	210
233	2	0	15	20	60	3	190
233	2	0	16	20	60	3	65
233	2	0	17	20	60	3	190
233	2	0	18	20	60	3	210
233	2	0	19	20	60	3	170
233	2	0	20	20	60	3	117
233	2	0	21	20	60	3	151
233	2	0	22	20	60	3	193
233	2	0	23	20	60	3	162
233	2	0	24	20	60	3	217
233	2	0	25	20	60	3	1
233	2	0	26	20	60	3	191
233	2	0	27	20	60	3	52
233	2	0	28	20	60	3	86
233	2	0	29	20	60	3	198
233	2	0	30	20	60	3	58
233	2	0	31	20	60	3	inf
233	2	0	32	20	60	3	175
233	2	0	33	20	60	3	35
233	2	0	34	20	60	3	147
233	2	0	35	20	60	3	181
233	2	0	36	20	60	3	42
233	2	0	37	20	60	3	232
233	2	0	38	20	60	3	16
233	2	0	39	20	60	3	71
233	2	0	40	20	60	3	40
233	2	0	41	20	60	3	82
233	2	0	42	20	60	3	116
233	2	0	43	20	60	3	63
233	2	0	44	20	60	3	23
233	2	0	45	20	60	3	43
233	2	0	46	20	60	3	168
233	2	0	47	20	60	3	43
233	2	0	48	20	60	3	23
233	2	0	49	20	60	3	63
233	2	0	50	20	60	3	116
233	2	0	51	20	60	3	82
233	2	0	52	20	60	3	40
233	2	0	53	20	60	3	71
233	2	0	54	20	60	3	16
233	2	0	55	20	60	3	232
233	2	0	56	20	60	3	42
233	2	0	57	20	60	3	181
233	2	0	58	20	60	3	147
233	2	0	59	20	60	3	35
233	2	1	0	20	60	3	89
233	2	1	1	20	60	3	31
233	2	1	2	20	60	3	47
233	2	1	3	20	60	3	194
233	2	1	4	20	60	3	158
233	2	1	5	20	60	3	85
233	2	1	6	20	60	3	12
233	2	1	7	20	60	3	224
233	2	1	8	20	60	3	102
233	2	1	9	20	60	3	67
233	2	1	10	20	60	3	0
233	2	1	11	20	60	3	166
233	2	1	12	20	60	3	131
233	2	1	13	20	60	3	9
233	2	1	14	20	60	3	221
233	2	1	15	20	60	3	148
233	2	1	16	20	60	3	75
233	2	1	17	20	60	3	39
233	2	1	18	20	60	3	186
233	2	1	19	20	60	3	202
233	2	1	20	20	60	3	144
233	2	1	21	20	60	3	150
233	2	1	22	20	60	3	21
233	2	1	23	20	60	3	17
233	2	1	24	20	60	3	215
233	2	1	25	20	60	3	37
233	2	1	26	20	60	3	215
233	2	1	27	20	60	3	17
233	2	1	28	20	60	3	21
233	2	1	29	20	60	3	150
233	2	1	30	20	60	3	144
233	2	1	31	20	60	3	202
233	2	1	32	20	60	3	186
233	2	1	33	20	60	3	39
233	2	1	34	20	60	3	75
233	2	1	35	20	60	3	148
233	2	1	36	20	60	3	221
233	2	1	37	20	60	3	9
233	2	1	38	20	60	3	131
233	2	1	39	20	60	3	166
233	2	1	40	20	60	3	0
233	2	1	41	20	60	3	67
233	2	1	42	20	60	3	102
233	2	1	43	20	60	3	224
233	2	1	44	20	60	3	12
233	2	1	45	20	60	3	85
233	2	1	46	20	60	3	158
233	2	1	47	20	60	3	194
233	2	1	48	20	60	3	47
233	2	1	49	20	60	3	31
233	2	1	50	20	60	3	89
233	2	1	51	20	60	3	83
233	2	1	52	20	60	3	inf
233	2	1	53	20	60	3	216
233	2	1	54	20	60	3	inf
233	2	1	55	20	60	3	196
233	2	1	56	20	60	3	18
233	2	1	57	20	60	3	216
233	2	1	58	20	60	3	212
233	2	1	59	20	60	3	83
233	2	2	0	20	60	3	116
233	2	2	1	20	60	3	63
233	2	2	2	20	60	3	23
233	2	2	3	20	60	3	43
233	2	2	4	20	60	3	168
233	2	2	5	20	60	3	43
233	2	2	6	20	60	3	23
233	2	2	7	20	60	3	63
233	2	2	8	20	60	3	116
233	2	2	9	20	60	3	82
233	2	2	10	20	60	3	40
233	2	2	11	20	60	3	71
233	2	2	12	20	60	3	16
233	2	2	13	20	60	3	232
233	2	2	14	20	60	3	42
233	2	2	15	20	60	3	181
233	2	2	16	20	60	3	147
233	2	2	17	20	60	3	35
233	2	2	18	20	60	3	175
233	2	2	19	20	60	3	inf
233	2	2	20	20	60	3	58
233	2	2	21	20	60	3	198
233	2	2	22	20	60	3	86
233	2	2	23	20	60	3	52
233	2	2	24	20	60	3	191
233	2	2	25	20	60	3	1
233	2	2	26	20	60	3	217
233	2	2	27	20	60	3	162
233	2	2	28	20	60	3	193
233	2	2	29	20	60	3	151
233	2	2	30	20	60	3	117
233	2	2	31	20	60	3	170
233	2	2	32	20	60	3	210
233	2	2	33	20	60	3	190
233	2	2	34	20	60	3	65
233	2	2	35	20	60	3	190
233	2	2	36	20	60	3	210
233	2	2	37	20	60	3	170
233	2	2	38	20	60	3	117
233	2	2	39	20	60	3	151
233	2	2	40	20	60	3	193
233	2	2	41	20	60	3	162
233	2	2	42	20	60	3	217
233	2	2	43	20	60	3	1
233	2	2	44	20	60	3	191
233	2	2	45	20	60	3	52
233	2	2	46	20	60	3	86
233	2	2	47	20	60	3	198
233	2	2	48	20	60	3	58
233	2	2	49	20	60	3	inf
233	2	2	50	20	60	3	175
233	2	2	51	20	60	3	35
233	2	2	52	20	60	3	147
233	2	2	53	20	60	3	181
233	2	2	54	20	60	3	42
233	2	2	55	20	60	3	232
233	2	2	56	20	60	3	16
233	2	2	57	20	60	3	71
233	2	2	58	20	60	3	40
233	2	2	59	20	60	3	82
233	2	3	0	20	60	3	102
233	2	3	1	20	60	3	224
233	2	3	2	20	60	3	12
233	2	3	3	20	60	3	85
233	2	3	4	20	60	3	158
233	2	3	5	20	60	3	194
233	2	3	6	20	60	3	47
233	2	3	7	20	60	3	31
233	2	3	8	20	60	3	89
233	2	3	9	20	60	3	83
233	2	3	10	20	60	3	inf
233	2	3	11	20	60	3	216
233	2	3	12	20	60	3	inf
233	2	3	13	20	60	3	196
233	2	3	14	20	60	3	18
233	2	3	15	20	60	3	216
233	2	3	16	20	60	3	212
233	2	3	17	20	60	3	83
233	2	3	18	20	60	3	89
233	2	3	19	20	60	3	31
233	2	3	20	20	60	3	47
233	2	3	21	20	60	3	194
233	2	3	22	20	60	3	158
233	2	3	23	20	60	3	85
233	2	3	24	20	60	3	12
233	2	3	25	20	60	3	224
233	2	3	26	20	60	3	102
233	2	3	27	20	60	3	67
233	2	3	28	20	60	3	0
233	2	3	29	20	60	3	166
233	2	3	30	20	60	3	131
233	2	3	31	20	60	3	9
233	2	3	32	20	60	3	221
233	2	3	33	20	60	3	148
233	2	3	34	20	60	3	75
233	2	3	35	20	60	3	39
233	2	3	36	20	60	3	186
233	2	3	37	20	60	3	202
233	2	3	38	20	60	3	144
233	2	3	39	20	60	3	150
233	2	3	40	20	60	3	21
233	2	3	41	20	60	3	17
233	2	3	42	20	60	3	215
233	2	3	43	20	60	3	37
233	2	3	44	20	60	3	215
233	2	3	45	20	60	3	17
233	2	3	46	20	60	3	21
233	2	3	47	20	60	3	150
233	2	3	48	20	60	3	144
233	2	3	49	20	60	3	202
233	2	3	50	20	60	3	186
233	2	3	51	20	60	3	39
233	2	3	52	20	60	3	75
233	2	3	53	20	60	3	148
233	2	3	54	20	60	3	221
233	2	3	55	20	60	3	9
233	2	3	56	20	60	3	131
233	2	3	57	20	60	3	166
233	2	3	58	20	60	3	0
233	2	3	59	20	60	3	67
233	2	4	0	20	60	3	217
233	2	4	1	20	60	3	1
233	2	4	2	20	60	3	191
233	2	4	3	20	60	3	52
233	2	4	4	20	60	3	86
233	2	4	5	20	60	3	198
233	2	4	6	20	60	3	58
233	2	4	7	20	60	3	inf
233	2	4	8	20	60	3	175
233	2	4	9	20	60	3	35
233	2	4	10	20	60	3	147
233	2	4	11	20	60	3	181
233	2	4	12	20	60	3	42
233	2	4	13	20	60	3	232
233	2	4	14	20	60	3	16
233	2	4	15	20	60	3	71
233	2	4	16	20	60	3	40
233	2	4	17	20	60	3	82
233	2	4	18	20	60	3	116
233	2	4	19	20	60	3	63
233	2	4	20	20	60	3	23
233	2	4	21	20	60	3	43
233	2	4	22	20	60	3	168
233	2	4	23	20	60	3	43
233	2	4	24	20	60	3	23
233	2	4	25	20	60	3	63
233	2	4	26	20	60	3	116
233	2	4	27	20	60	3	82
233	2	4	28	20	60	3	40
233	2	4	29	20	60	3	71
233	2	4	30	20	60	3	16
233	2	4	31	20	60	3	232
233	2	4	32	20	60	3	42
233	2	4	33	20	60	3	181
233	2	4	34	20	60	3	147
233	2	4	35	20	60	3	35
233	2	4	36	20	60	3	175
233	2	4	37	20	60	3	inf
233	2	4	38	20	60	3	58
233	2	4	39	20	60	3	198
233	2	4	40	20	60	3	86
233	2	4	41	20	60	3	52
233	2	4	42	20	60	3	191
233	2	4	43	20	60	3	1
233	2	4	44	20	60	3	217
233	2	4	45	20	60	3	162
233	2	4	46	20	60	3	193
233	2	4	47	20	60	3	151
233	2	4	48	20	60	3	117
233	2	4	49	20	60	3	170
233	2	4	50	20	60	3	210
233	2	4	51	20	60	3	190
233	2	4	52	20	60	3	65
233	2	4	53	20	60	3	190
233	2	4	54	20	60	3	210
233	2	4	55	20	60	3	170
233	2	4	56	20	60	3	117
233	2	4	57	20	60	3	151
233	2	4	58	20	60	3	193
233	2	4	59	20	60	3	162
233	2	5	0	20	60	3	215
233	2	5	1	20	60	3	37
233	2	5	2	20	60	3	215
233	2	5	3	20	60	3	17
233	2	5	4	20	60	3	21
233	2	5	5	20	60	3	150
233	2	5	6	20	60	3	144
233	2	5	7	20	60	3	202
233	2	5	8	20	60	3	186
233	2	5	9	20	60	3	39
233	2	5	10	20	60	3	75
233	2	5	11	20	60	3	148
233	2	5	12	20	60	3	221
233	2	5	13	20	60	3	9
233	2	5	14	20	60	3	131
233	2	5	15	20	60	3	166
233	2	5	16	20	60	3	0
233	2	5	17	20	60	3	67
233	2	5	18	20	60	3	102
233	2	5	19	20	60	3	224
233	2	5	20	20	60	3	12
233	2	5	21	20	60	3	85
233	2	5	22	20	60	3	158
233	2	5	23	20	60	3	194
233	2	5	24	20	60	3	47
233	2	5	25	20	60	3	31
233	2	5	26	20	60	3	89
233	2	5	27	20	60	3	83
233	2	5	28	20	60	3	inf
233	2	5	29	20	60	3	216
233	2	5	30	20	60	3	inf
233	2	5	31	20	60	3	196
233	2	5	32	20	60	3	18
233	2	5	33	20	60	3	216
233	2	5	34	20	60	3	212
233	2	5	35	20	60	3	83
233	2	5	36	20	60	3	89
233	2	5	37	20	60	3	31
233	2	5	38	20	60	3	47
233	2	5	39	20	60	3	194
233	2	5	40	20	60	3	158
233	2	5	41	20	60	3	85
233	2	5	42	20	60	3	12
233	2	5	43	20	60	3	224
233	2	5	44	20	60	3	102
233	2	5	45	20	60	3	67
233	2	5	46	20	60	3	0
233	2	5	47	20	60	3	166
233	2	5	48	20	60	3	131
233	2	5	49	20	60	3	9
233	2	5	50	20	60	3	221
233	2	5	51	20	60	3	148
233	2	5	52	20	60	3	75
233	2	5	53	20	60	3	39
233	2	5	54	20	60	3	186
233	2	5	55	20	60	3	202
233	2	5	56	20	60	3	144
233	2	5	57	20	60	3	150
233	2	5	58	20	60	3	21
233	2	5	59	20	60	3	17
233	2	6	0	20	60	3	191
233	2	6	1	20	60	3	1
233	2	6	2	20	60	3	217
233	2	6	3	20	60	3	162
233	2	6	4	20	60	3	193
233	2	6	5	20	60	3	151
233	2	6	6	20	60	3	117
233	2	6	7	20	60	3	170
233	2	6	8	20	60	3	210
233	2	6	9	20	60	3	190
233	2	6	10	20	60	3	65
233	2	6	11	20	60	3	190
233	2	6	12	20	60	3	210
233	2	6	13	20	60	3	170
233	2	6	14	20	60	3	117
233	2	6	15	20	60	3	151
233	2	6	16	20	60	3	193
233	2	6	17	20	60	3	162
233	2	6	18	20	60	3	217
233	2	6	19	20	60	3	1
233	2	6	20	20	60	3	191
233	2	6	21	20	60	3	52
233	2	6	22	20	60	3	86
233	2	6	23	20	60	3	198
233	2	6	24	20	60	3	58
233	2	6	25	20	60	3	inf
233	2	6	26	20	60	3	175
233	2	6	27	20	60	3	35
233	2	6	28	20	60	3	147
233	2	6	29	20	60	3	181
233	2	6	30	20	60	3	42
233	2	6	31	20	60	3	232
233	2	6	32	20	60	3	16
233	2	6	33	20	60	3	71
233	2	6	34	20	60	3	40
233	2	6	35	20	60	3	82
233	2	6	36	20	60	3	116
233	2	6	37	20	60	3	63
233	2	6	38	20	60	3	23
233	2	6	39	20	60	3	43
233	2	6	40	20	60	3	168
233	2	6	41	20	60	3	43
233	2	6	42	20	60	3	23
233	2	6	43	20	60	3	63
233	2	6	44	20	60	3	116
233	2	6	45	20	60	3	82
233	2	6	46	20	60	3	40
233	2	6	47	20	60	3	71
233	2	6	48	20	60	3	16
233	2	6	49	20	60	3	232
233	2	6	50	20	60	3	42
233	2	6	51	20	60	3	181
233	2	6	52	20	60	3	147
233	2	6	53	20	60	3	35
233	2	6	54	20	60	3	175
233	2	6	55	20	60	3	inf
233	2	6	56	20	60	3	58
233	2	6	57	20	60	3	198
233	2	6	58	20	60	3	86
233	2	6	59	20	60	3	52
233	2	7	0	20	60	3	12
233	2	7	1	20	60	3	224
233	2	7	2	20	60	3	102
233	2	7	3	20	60	3	67
233	2	7	4	20	60	3	0
233	2	7	5	20	60	3	166
233	2	7	6	20	60	3	131
233	2	7	7	20	60	3	9
233	2	7	8	20	60	3	221
233	2	7	9	20	60	3	148
233	2	7	10	20	60	3	75
233	2	7	11	20	60	3	39
233	2	7	12	20	60	3	186
233	2	7	13	20	60	3	202
233	2	7	14	20	60	3	144
233	2	7	15	20	60	3	150
233	2	7	16	20	60	3	21
233	2	7	17	20	60	3	17
233	2	7	18	20	60	3	215
233	2	7	19	20	60	3	37
233	2	7	20	20	60	3	215
233	2	7	21	20	60	3	17
233	2	7	22	20	60	3	21
233	2	7	23	20	60	3	150
233	2	7	24	20	60	3	144
233	2	7	25	20	60	3	202
233	2	7	26	20	60	3	186
233	2	7	27	20	60	3	39
233	2	7	28	20	60	3	75
233	2	7	29	20	60	3	148
233	2	7	30	20	60	3	221
233	2	7	31	20	60	3	9
233	2	7	32	20	60	3	131
233	2	7	33	20	60	3	166
233	2	7	34	20	60	3	0
233	2	7	35	20	60	3	67
233	2	7	36	20	60	3	102
233	2	7	37	20	60	3	224
233	2	7	38	20	60	3	12
233	2	7	39	20	60	3	85
233	2	7	40	20	60	3	158
233	2	7	41	20	60	3	194
233	2	7	42	20	60	3	47
233	2	7	43	20	60	3	31
233	2	7	44	20	60	3	89
233	2	7	45	20	60	3	83
233	2	7	46	20	60	3	inf
233	2	7	47	20	60	3	216
233	2	7	48	20	60	3	inf
233	2	7	49	20	60	3	196
233	2	7	50	20	60	3	18
233	2	7	51	20	60	3	216
233	2	7	52	20	60	3	212
233	2	7	53	20	60	3	83
233	2	7	54	20	60	3	89
233	2	7	55	20	60	3	31
233	2	7	56	20	60	3	47
233	2	7	57	20	60	3	194
233	2	7	58	20	60	3	158
233	2	7	59	20	60	3	85
233	2	8	0	20	60	3	23
233	2	8	1	20	60	3	63
233	2	8	2	20	60	3	116
233	2	8	3	20	60	3	82
233	2	8	4	20	60	3	40
233	2	8	5	20	60	3	71
233	2	8	6	20	60	3	16
233	2	8	7	20	60	3	232
233	2	8	8	20	60	3	42
233	2	8	9	20	60	3	181
233	2	8	10	20	60	3	147
233	2	8	11	20	60	3	35
233	2	8	12	20	60	3	175
233	2	8	13	20	60	3	inf
233	2	8	14	20	60	3	58
233	2	8	15	20	60	3	198
233	2	8	16	20	60	3	86
233	2	8	17	20	60	3	52
233	2	8	18	20	60	3	191
233	2	8	19	20	60	3	1
233	2	8	20	20	60	3	217
233	2	8	21	20	60	3	162
233	2	8	22	20	60	3	193
233	2	8	23	20	60	3	151
233	2	8	24	20	60	3	117
233	2	8	25	20	60	3	170
233	2	8	26	20	60	3	210
233	2	8	27	20	60	3	190
233	2	8	28	20	60	3	65
233	2	8	29	20	60	3	190
233	2	8	30	20	60	3	210
233	2	8	31	20	60	3	170
233	2	8	32	20	60	3	117
233	2	8	33	20	60	3	151
233	2	8	34	20	60	3	193
233	2	8	35	20	60	3	162
233	2	8	36	20	60	3	217
233	2	8	37	20	60	3	1
233	2	8	38	20	60	3	191
233	2	8	39	20	60	3	52
233	2	8	40	20	60	3	86
233	2	8	41	20	60	3	198
233	2	8	42	20	60	3	58
233	2	8	43	20	60	3	inf
233	2	8	44	20	60	3	175
233	2	8	45	20	60	3	35
233	2	8	46	20	60	3	147
233	2	8	47	20	60	3	181
233	2	8	48	20	60	3	42
233	2	8	49	20	60	3	232
233	2	8	50	20	60	3	16
233	2	8	51	20	60	3	71
233	2	8	52	20	60	3	40
233	2	8	53	20	60	3	82
233	2	8	54	20	60	3	116
233	2	8	55	20	60	3	63
233	2	8	56	20	60	3	23
233	2	8	57	20	60	3	43
233	2	8	58	20	60	3	168
233	2	8	59	20	60	3	43
233	2	9	0	20	60	3	47
233	2	9	1	20	60	3	31
233	2	9	2	20	60	3	89
233	2	9	3	20	60	3	83
233	2	9	4	20	60	3	inf
233	2	9	5	20	60	3	216
233	2	9	6	20	60	3	inf
233	2	9	7	20	60	3	196
233	2	9	8	20	60	3	18
233	2	9	9	20	60	3	216
233	2	9	10	20	60	3	212
233	2	9	11	20	60	3	83
233	2	9	12	20	60	3	89
233	2	9	13	20	60	3	31
233	2	9	14	20	60	3	47
233	2	9	15	20	60	3	194
233	2	9	16	20	60	3	158
233	2	9	17	20	60	3	85
233	2	9	18	20	60	3	12
233	2	9	19	20	60	3	224
233	2	9	20	20	60	3	102
233	2	9	21	20	60	3	67
233	2	9	22	20	60	3	0
233	2	9	23	20	60	3	166
233	2	9	24	20	60	3	131
233	2	9	25	20	60	3	9
233	2	9	26	20	60	3	221
233	2	9	27	20	60	3	148
233	2	9	28	20	60	3	75
233	2	9	29	20	60	3	39
233	2	9	30	20	60	3	186
233	2	9	31	20	60	3	202
233	2	9	32	20	60	3	144
233	2	9	33	20	60	3	150
233	2	9	34	20	60	3	21
233	2	9	35	20	60	3	17
233	2	9	36	20	60	3	215
233	2	9	37	20	60	3	37
233	2	9	38	20	60	3	215
233	2	9	39	20	60	3	17
233	2	9	40	20	60	3	21
233	2	9	41	20	60	3	150
233	2	9	42	20	60	3	144
233	2	9	43	20	60	3	202
233	2	9	44	20	60	3	186
233	2	9	45	20	60	3	39
233	2	9	46	20	60	3	75
233	2	9	47	20	60	3	148
233	2	9	48	20	60	3	221
233	2	9	49	20	60	3	9
233	2	9	50	20	60	3	131
233	2	9	51	20	60	3	166
233	2	9	52	20	60	3	0
233	2	9	53	20	60	3	67
233	2	9	54	20	60	3	102
233	2	9	55	20	60	3	224
233	2	9	56	20	60	3	12
233	2	9	57	20	60	3	85
233	2	9	58	20	60	3	158
233	2	9	59	20	60	3	194
233	2	10	0	20	60	3	58
233	2	10	1	20	60	3	inf
233	2	10	2	20	60	3	175
233	2	10	3	20	60	3	35
233	2	10	4	20	60	3	147
233	2	10	5	20	60	3	181
233	2	10	6	20	60	3	42
233	2	10	7	20	60	3	232
233	2	10	8	20	60	3	16
233	2	10	9	20	60	3	71
233	2	10	10	20	60	3	40
233	2	10	11	20	60	3	82
233	2	10	12	20	60	3	116
233	2	10	13	20	60	3	63
233	2	10	14	20	60	3	23
233	2	10	15	20	60	3	43
233	2	10	16	20	60	3	168
233	2	10	17	20	60	3	43
233	2	10	18	20	60	3	23
233	2	10	19	20	60	3	63
233	2	10	20	20	60	3	116
233	2	10	21	20	60	3	82
233	2	10	22	20	60	3	40
233	2	10	23	20	60	3	71
233	2	10	24	20	60	3	16
233	2	10	25	20	60	3	232
233	2	10	26	20	60	3	42
233	2	10	27	20	60	3	181
233	2	10	28	20	60	3	147
233	2	10	29	20	60	3	35
233	2	10	30	20	60	3	175
233	2	10	31	20	60	3	inf
233	2	10	32	20	60	3	58
233	2	10	33	20	60	3	198
233	2	10	34	20	60	3	86
233	2	10	35	20	60	3	52
233	2	10	36	20	60	3	191
233	2	10	37	20	60	3	1
233	2	10	38	20	60	3	217
233	2	10	39	20	60	3	162
233	2	10	40	20	60	3	193
233	2	10	41	20	60	3	151
233	2	10	42	20	60	3	117
233	2	10	43	20	60	3	170
233	2	10	44	20	60	3	210
233	2	10	45	20	60	3	190
233	2	10	46	20	60	3	65
233	2	10	47	20	60	3	190
233	2	10	48	20	60	3	210
233	2	10	49	20	60	3	170
233	2	10	50	20	60	3	117
233	2	10	51	20	60	3	151
233	2	10	52	20	60	3	193
233	2	10	53	20	60	3	162
233	2	10	54	20	60	3	217
233	2	10	55	20	60	3	1
233	2	10	56	20	60	3	191
233	2	10	57	20	60	3	52
233	2	10	58	20	60	3	86
233	2	10	59	20	60	3	198
233	2	11	0	20	60	3	144
233	2	11	1	20	60	3	202
233	2	11	2	20	60	3	186
233	2	11	3	20	60	3	39
233	2	11	4	20	60	3	75
233	2	11	5	20	60	3	148
233	2	11	6	20	60	3	221
233	2	11	7	20	60	3	9
233	2	11	8	20	60	3	131
233	2	11	9	20	60	3	166
233	2	11	10	20	60	3	0
233	2	11	11	20	60	3	67
233	2	11	12	20	60	3	102
233	2	11	13	20	60	3	224
233	2	11	14	20	60	3	12
233	2	11	15	20	60	3	85
233	2	11	16	20	60	3	158
233	2	11	17	20	60	3	194
233	2	11	18	20	60	3	47
233	2	11	19	20	60	3	31
233	2	11	20	20	60	3	89
233	2	11	21	20	60	3	83
233	2	11	22	20	60	3	inf
233	2	11	23	20	60	3	216
233	2	11	24	20	60	3	inf
233	2	11	25	20	60	3	196
233	2	11	26	20	60	3	18
233	2	11	27	20	60	3	216
233	2	11	28	20	60	3	212
233	2	11	29	20	60	3	83
233	2	11	30	20	60	3	89
233	2	11	31	20	60	3	31
233	2	11	32	20	60	3	47
233	2	11	33	20	60	3	194
233	2	11	34	20	60	3	158
233	2	11	35	20	60	3	85
233	2	11	36	20	60	3	12
233	2	11	37	20	60	3	224
233	2	11	38	20	60	3	102
233	2	11	39	20	60	3	67
233	2	11	40	20	60	3	0
233	2	11	41	20	60	3	166
233	2	11	42	20	60	3	131
233	2	11	43	20	60	3	9
233	2	11	44	20	60	3	221
233	2	11	45	20	60	3	148
233	2	11	46	20	60	3	75
233	2	11	47	20	60	3	39
233	2	11	48	20	60	3	186
233	2	11	49	20	60	3	202
233	2	11	50	20	60	3	144
233	2	11	51	20	60	3	150
233	2	11	52	20	60	3	21
233	2	11	53	20	60	3	17
233	2	11	54	20	60	3	215
233	2	11	55	20	60	3	37
233	2	11	56	20	60	3	215
233	2	11	57	20	60	3	17
233	2	11	58	20	60	3	21
233	2	11	59	20	60	3	150
233	2	12	0	20	60	3	117
233	2	12	1	20	60	3	170
233	2	12	2	20	60	3	210
233	2	12	3	20	60	3	190
233	2	12	4	20	60	3	65
233	2	12	5	20	60	3	190
233	2	12	6	20	60	3	210
233	2	12	7	20	60	3	170
233	2	12	8	20	60	3	117
233	2	12	9	20	60	3	151
233	2	12	10	20	60	3	193
233	2	12	11	20	60	3	162
233	2	12	12	20	60	3	217
233	2	12	13	20	60	3	1
233	2	12	14	20	60	3	191
233	2	12	15	20	60	3	52
233	2	12	16	20	60	3	86
233	2	12	17	20	60	3	198
233	2	12	18	20	60	3	58
233	2	12	19	20	60	3	inf
233	2	12	20	20	60	3	175
233	2	12	21	20	60	3	35
233	2	12	22	20	60	3	147
233	2	12	23	20	60	3	181
233	2	12	24	20	60	3	42
233	2	12	25	20	60	3	232
233	2	12	26	20	60	3	16
233	2	12	27	20	60	3	71
233	2	12	28	20	60	3	40
233	2	12	29	20	60	3	82
233	2	12	30	20	60	3	116
233	2	12	31	20	60	3	63
233	2	12	32	20	60	3	23
233	2	12	33	20	60	3	43
233	2	12	34	20	60	3	168
233	2	12	35	20	60	3	43
233	2	12	36	20	60	3	23
233	2	12	37	20	60	3	63
233	2	12	38	20	60	3	116
233	2	12	39	20	60	3	82
233	2	12	40	20	60	3	40
233	2	12	41	20	60	3	71
233	2	12	42	20	60	3	16
233	2	12	43	20	60	3	232
233	2	12	44	20	60	3	42
233	2	12	45	20	60	3	181
233	2	12	46	20	60	3	147
233	2	12	47	20	60	3	35
233	2	12	48	20	60	3	175
233	2	12	49	20	60	3	inf
233	2	12	50	20	60	3	58
233	2	12	51	20	60	3	198
233	2	12	52	20	60	3	86
233	2	12	53	20	60	3	52
233	2	12	54	20	60	3	191
233	2	12	55	20	60	3	1
233	2	12	56	20	60	3	217
233	2	12	57	20	60	3	162
233	2	12	58	20	60	3	193
233	2	12	59	20	60	3	151
233	2	13	0	20	60	3	131
233	2	13	1	20	60	3	9
233	2	13	2	20	60	3	221
233	2	13	3	20	60	3	148
233	2	13	4	20	60	3	75
233	2	13	5	20	60	3	39
233	2	13	6	20	60	3	186
233	2	13	7	20	60	3	202
233	2	13	8	20	60	3	144
233	2	13	9	20	60	3	150
233	2	13	10	20	60	3	21
233	2	13	11	20	60	3	17
233	2	13	12	20	60	3	215
233	2	13	13	20	60	3	37
233	2	13	14	20	60	3	215
233	2	13	15	20	60	3	17
233	2	13	16	20	60	3	21
233	2	13	17	20	60	3	150
233	2	13	18	20	60	3	144
233	2	13	19	20	60	3	202
233	2	13	20	20	60	3	186
233	2	13	21	20	60	3	39
233	2	13	22	20	60	3	75
233	2	13	23	20	60	3	148
233	2	13	24	20	60	3	221
233	2	13	25	20	60	3	9
233	2	13	26	20	60	3	131
233	2	13	27	20	60	3	166
233	2	13	28	20	60	3	0
233	2	13	29	20	60	3	67
233	2	13	30	20	60	3	102
233	2	13	31	20	60	3	224
233	2	13	32	20	60	3	12
233	2	13	33	20	60	3	85
233	2	13	34	20	60	3	158
233	2	13	35	20	60	3	194
233	2	13	36	20	60	3	47
233	2	13	37	20	60	3	31
233	2	13	38	20	60	3	89
233	2	13	39	20	60	3	83
233	2	13	40	20	60	3	inf
233	2	13	41	20	60	3	216
233	2	13	42	20	60	3	inf
233	2	13	43	20	60	3	196
233	2	13	44	20	60	3	18
233	2	13	45	20	60	3	216
233	2	13	46	20	60	3	212
233	2	13	47	20	60	3	83
233	2	13	48	20	60	3	89
233	2	13	49	20	60	3	31
233	2	13	50	20	60	3	47
233	2	13	51	20	60	3	194
233	2	13	52	20	60	3	158
233	2	13	53	20	60	3	85
233	2	13	54	20	60	3	12
233	2	13	55	20	60	3	224
233	2	13	56	20	60	3	102
233	2	13	57	20	60	3	67
233	2	13	58	20	60	3	0
233	2	13	59	20	60	3	166
233	2	14	0	20	60	3	16
233	2	14	1	20	60	3	232
233	2	14	2	20	60	3	42
233	2	14	3	20	60	3	181
233	2	14	4	20	60	3	147
233	2	14	5	20	60	3	35
233	2	14	6	20	60	3	175
233	2	14	7	20	60	3	inf
233	2	14	8	20	60	3	58
233	2	14	9	20	60	3	198
233	2	14	10	20	60	3	86
233	2	14	11	20	60	3	52
233	2	14	12	20	60	3	191
233	2	14	13	20	60	3	1
233	2	14	14	20	60	3	217
233	2	14	15	20	60	3	162
233	2	14	16	20	60	3	193
233	2	14	17	20	60	3	151
233	2	14	18	20	60	3	117
233	2	14	19	20	60	3	170
233	2	14	20	20	60	3	210
233	2	14	21	20	60	3	190
233	2	14	22	20	60	3	65
233	2	14	23	20	60	3	190
233	2	14	24	20	60	3	210
233	2	14	25	20	60	3	170
233	2	14	26	20	60	3	117
233	2	14	27	20	60	3	151
233	2	14	28	20	60	3	193
233	2	14	29	20	60	3	162
233	2	14	30	20	60	3	217
233	2	14	31	20	60	3	1
233	2	14	32	20	60	3	191
233	2	14	33	20	60	3	52
233	2	14	34	20	60	3	86
233	2	14	35	20	60	3	198
233	2	14	36	20	60	3	58
233	2	14	37	20	60	3	inf
233	2	14	38	20	60	3	175
233	2	14	39	20	60	3	35
233	2	14	40	20	60	3	147
233	2	14	41	20	60	3	181
233	2	14	42	20	60	3	42
233	2	14	43	20	60	3	232
233	2	14	44	20	60	3	16
233	2	14	45	20	60	3	71
233	2	14	46	20	60	3	40
233	2	14	47	20	60	3	82
233	2	14	48	20	60	3	116
233	2	14	49	20	60	3	63
233	2	14	50	20	60	3	23
233	2	14	51	20	60	3	43
233	2	14	52	20	60	3	168
233	2	14	53	20	60	3	43
233	2	14	54	20	60	3	23
233	2	14	55	20	60	3	63
233	2	14	56	20	60	3	116
233	2	14	57	20	60	3	82
233	2	14	58	20	60	3	40
233	2	14	59	20	60	3	71
233	2	15	0	20	60	3	inf
233	2	15	1	20	60	3	196
233	2	15	2	20	60	3	18
233	2	15	3	20	60	3	216
233	2	15	4	20	60	3	212
233	2	15	5	20	60	3	83
233	2	15	6	20	60	3	89
233	2	15	7	20	60	3	31
233	2	15	8	20	60	3	47
233	2	15	9	20	60	3	194
233	2	15	10	20	60	3	158
233	2	15	11	20	60	3	85
233	2	15	12	20	60	3	12
233	2	15	13	20	60	3	224
233	2	15	14	20	60	3	102
233	2	15	15	20	60	3	67
233	2	15	16	20	60	3	0
233	2	15	17	20	60	3	166
233	2	15	18	20	60	3	131
233	2	15	19	20	60	3	9
233	2	15	20	20	60	3	221
233	2	15	21	20	60	3	148
233	2	15	22	20	60	3	75
233	2	15	23	20	60	3	39
233	2	15	24	20	60	3	186
233	2	15	25	20	60	3	202
233	2	15	26	20	60	3	144
233	2	15	27	20	60	3	150
233	2	15	28	20	60	3	21
233	2	15	29	20	60	3	17
233	2	15	30	20	60	3	215
233	2	15	31	20	60	3	37
233	2	15	32	20	60	3	215
233	2	15	33	20	60	3	17
233	2	15	34	20	60	3	21
233	2	15	35	20	60	3	150
233	2	15	36	20	60	3	144
233	2	15	37	20	60	3	202
233	2	15	38	20	60	3	186
233	2	15	39	20	60	3	39
233	2	15	40	20	60	3	75
233	2	15	41	20	60	3	148
233	2	15	42	20	60	3	221
233	2	15	43	20	60	3	9
233	2	15	44	20	60	3	131
233	2	15	45	20	60	3	166
233	2	15	46	20	60	3	0
233	2	15	47	20	60	3	67
233	2	15	48	20	60	3	102
233	2	15	49	20	60	3	224
233	2	15	50	20	60	3	12
233	2	15	51	20	60	3	85
233	2	15	52	20	60	3	158
233	2	15	53	20	60	3	194
233	2	15	54	20	60	3	47
233	2	15	55	20	60	3	31
233	2	15	56	20	60	3	89
233	2	15	57	20	60	3	83
233	2	15	58	20	60	3	inf
233	2	15	59	20	60	3	216
233	2	16	0	20	60	3	42
233	2	16	1	20	60	3	232
233	2	16	2	20	60	3	16
233	2	16	3	20	60	3	71
233	2	16	4	20	60	3	40
233	2	16	5	20	60	3	82
233	2	16	6	20	60	3	116
233	2	16	7	20	60	3	63
233	2	16	8	20	60	3	23
233	2	16	9	20	60	3	43
233	2	16	10	20	60	3	168
233	2	16	11	20	60	3	43
233	2	16	12	20	60	3	23
233	2	16	13	20	60	3	63
233	2	16	14	20	60	3	116
233	2	16	15	20	60	3	82
233	2	16	16	20	60	3	40
233	2	16	17	20	60	3	71
233	2	16	18	20	60	3	16
233	2	16	19	20	60	3	232
233	2	16	20	20	60	3	42
233	2	16	21	20	60	3	181
233	2	16	22	20	60	3	147
233	2	16	23	20	60	3	35
233	2	16	24	20	60	3	175
233	2	16	25	20	60	3	inf
233	2	16	26	20	60	3	58
233	2	16	27	20	60	3	198
233	2	16	28	20	60	3	86
233	2	16	29	20	60	3	52
233	2	16	30	20	60	3	191
233	2	16	31	20	60	3	1
233	2	16	32	20	60	3	217
233	2	16	33	20	60	3	162
233	2	16	34	20	60	3	193
233	2	16	35	20	60	3	151
233	2	16	36	20	60	3	117
233	2	16	37	20	60	3	170
233	2	16	38	20	60	3	210
233	2	16	39	20	60	3	190
233	2	16	40	20	60	3	65
233	2	16	41	20	60	3	190
233	2	16	42	20	60	3	210
233	2	16	43	20	60	3	170
233	2	16	44	20	60	3	117
233	2	16	45	20	60	3	151
233	2	16	46	20	60	3	193
233	2	16	47	20	60	3	162
233	2	16	48	20	60	3	217
233	2	16	49	20	60	3	1
233	2	16	50	20	60	3	191
233	2	16	51	20	60	3	52
233	2	16	52	20	60	3	86
233	2	16	53	20	60	3	198
233	2	16	54	20	60	3	58
233	2	16	55	20	60	3	inf
233	2	16	56	20	60	3	175
233	2	16	57	20	60	3	35
233	2	16	58	20	60	3	147
233	2	16	59	20	60	3	181
233	2	17	0	20	60	3	221
233	2	17	1	20	60	3	9
233	2	17	2	20	60	3	131
233	2	17	3	20	60	3	166
233	2	17	4	20	60	3	0
233	2	17	5	20	60	3	67
233	2	17	6	20	60	3	102
233	2	17	7	20	60	3	224
233	2	17	8	20	60	3	12
233	2	17	9	20	60	3	85
233	2	17	10	20	60	3	158
233	2	17	11	20	60	3	194
233	2	17	12	20	60	3	47
233	2	17	13	20	60	3	31
233	2	17	14	20	60	3	89
233	2	17	15	20	60	3	83
233	2	17	16	20	60	3	inf
233	2	17	17	20	60	3	216
233	2	17	18	20	60	3	inf
233	2	17	19	20	60	3	196
233	2	17	20	20	60	3	18
233	2	17	21	20	60	3	216
233	2	17	22	20	60	3	212
233	2	17	23	20	60	3	83
233	2	17	24	20	60	3	89
233	2	17	25	20	60	3	31
233	2	17	26	20	60	3	47
233	2	17	27	20	60	3	194
233	2	17	28	20	60	3	158
233	2	17	29	20	60	3	85
233	2	17	30	20	60	3	12
233	2	17	31	20	60	3	224
233	2	17	32	20	60	3	102
233	2	17	33	20	60	3	67
233	2	17	34	20	60	3	0
233	2	17	35	20	60	3	166
233	2	17	36	20	60	3	131
233	2	17	37	20	60	3	9
233	2	17	38	20	60	3	221
233	2	17	39	20	60	3	148
233	2	17	40	20	60	3	75
233	2	17	41	20	60	3	39
233	2	17	42	20	60	3	186
233	2	17	43	20	60	3	202
233	2	17	44	20	60	3	144
233	2	17	45	20	60	3	150
233	2	17	46	20	60	3	21
233	2	17	47	20	60	3	17
233	2	17	48	20	60	3	215
233	2	17	49	20	60	3	37
233	2	17	50	20	60	3	215
233	2	17	51	20	60	3	17
233	2	17	52	20	60	3	21
233	2	17	53	20	60	3	150
233	2	17	54	20	60	3	144
233	2	17	55	20	60	3	202
233	2	17	56	20	60	3	186
233	2	17	57	20	60	3	39
233	2	17	58	20	60	3	75
233	2	17	59	20	60	3	148
233	2	18	0	20	60	3	210
233	2	18	1	20	60	3	170
233	2	18	2	20	60	3	117
233	2	18	3	20	60	3	151
233	2	18	4	20	60	3	193
233	2	18	5	20	60	3	162
233	2	18	6	20	60	3	217
233	2	18	7	20	60	3	1
233	2	18	8	20	60	3	191
233	2	18	9	20	60	3	52
233	2	18	10	20	60	3	86
233	2	18	11	20	60	3	198
233	2	18	12	20	60	3	58
233	2	18	13	20	60	3	inf
233	2	18	14	20	60	3	175
233	2	18	15	20	60	3	35
233	2	18	16	20	60	3	147
233	2	18	17	20	60	3	181
233	2	18	18	20	60	3	42
233	2	18	19	20	60	3	232
233	2	18	20	20	60	3	16
233	2	18	21	20	60	3	71
233	2	18	22	20	60	3	40
233	2	18	23	20	60	3	82
233	2	18	24	20	60	3	116
233	2	18	25	20	60	3	63
233	2	18	26	20	60	3	23
233	2	18	27	20	60	3	43
233	2	18	28	20	60	3	168
233	2	18	29	20	60	3	43
233	2	18	30	20	60	3	23
233	2	18	31	20	60	3	63
233	2	18	32	20	60	3	116
233	2	18	33	20	60	3	82
233	2	18	34	20	60	3	40
233	2	18	35	20	60	3	71
233	2	18	36	20	60	3	16
233	2	18	37	20	60	3	232
233	2	18	38	20	60	3	42
233	2	18	39	20	60	3	181
233	2	18	40	20	60	3	147
233	2	18	41	20	60	3	35
233	2	18	42	20	60	3	175
233	2	18	43	20	60	3	inf
233	2	18	44	20	60	3	58
233	2	18	45	20	60	3	198
233	2	18	46	20	60	3	86
233	2	18	47	20	60	3	52
233	2	18	48	20	60	3	191
233	2	18	49	20	60	3	1
233	2	18	50	20	60	3	217
233	2	18	51	20	60	3	162
233	2	18	52	20	60	3	193
233	2	18	53	20	60	3	151
233	2	18	54	20	60	3	117
233	2	18	55	20	60	3	170
233	2	18	56	20	60	3	210
233	2	18	57	20	60	3	190
233	2	18	58	20	60	3	65
233	2	18	59	20	60	3	190
233	2	19	0	20	60	3	186
233	2	19	1	20	60	3	202
233	2	19	2	20	60	3	144
233	2	19	3	20	60	3	150
233	2	19	4	20	60	3	21
233	2	19	5	20	60	3	17
233	2	19	6	20	60	3	215
233	2	19	7	20	60	3	37
233	2	19	8	20	60	3	215
233	2	19	9	20	60	3	17
233	2	19	10	20	60	3	21
233	2	19	11	20	60	3	150
233	2	19	12	20	60	3	144
233	2	19	13	20	60	3	202
233	2	19	14	20	60	3	186
233	2	19	15	20	60	3	39
233	2	19	16	20	60	3	75
233	2	19	17	20	60	3	148
233	2	19	18	20	60	3	221
233	2	19	19	20	60	3	9
233	2	19	20	20	60	3	131
233	2	19	21	20	60	3	166
233	2	19	22	20	60	3	0
233	2	19	23	20	60	3	67
233	2	19	24	20	60	3	102
233	2	19	25	20	60	3	224
233	2	19	26	20	60	3	12
233	2	19	27	20	60	3	85
233	2	19	28	20	60	3	158
233	2	19	29	20	60	3	194
233	2	19	30	20	60	3	47
233	2	19	31	20	60	3	31
233	2	19	32	20	60	3	89
233	2	19	33	20	60	3	83
233	2	19	34	20	60	3	inf
233	2	19	35	20	60	3	216
233	2	19	36	20	60	3	inf
233	2	19	37	20	60	3	196
233	2	19	38	20	60	3	18
233	2	19	39	20	60	3	216
233	2	19	40	20	60	3	212
233	2	19	41	20	60	3	83
233	2	19	42	20	60	3	89
233	2	19	43	20	60	3	31
233	2	19	44	20	60	3	47
233	2	19	45	20	60	3	194
233	2	19	46	20	60	3	158
233	2	19	47	20	60	3	85
233	2	19	48	20	60	3	12
233	2	19	49	20	60	3	224
233	2	19	50	20	60	3	102
233	2	19	51	20	60	3	67
233	2	19	52	20	60	3	0
233	2	19	53	20	60	3	166
233	2	19	54	20	60	3	131
233	2	19	55	20	60	3	9
233	2	19	56	20	60	3	221
233	2	19	57	20	60	3	148
233	2	19	58	20	60	3	75
233	2	19	59	20	60	3	39
233	3	0	0	20	60	3	215
233	3	0	1	20	60	3	37
233	3	0	2	20	60	3	215
233	3	0	3	20	60	3	17
233	3	0	4	20	60	3	21
233	3	0	5	20	60	3	150
233	3	0	6	20	60	3	144
233	3	0	7	20	60	3	202
233	3	0	8	20	60	3	186
233	3	0	9	20	60	3	39
233	3	0	10	20	60	3	75
233	3	0	11	20	60	3	148
233	3	0	12	20	60	3	221
233	3	0	13	20	60	3	9
233	3	0	14	20	60	3	131
233	3	0	15	20	60	3	166
233	3	0	16	20	60	3	0
233	3	0	17	20	60	3	67
233	3	0	18	20	60	3	102
233	3	0	19	20	60	3	224
233	3	0	20	20	60	3	12
233	3	0	21	20	60	3	85
233	3	0	22	20	60	3	158
233	3	0	23	20	60	3	194
233	3	0	24	20	60	3	47
233	3	0	25	20	60	3	31
233	3	0	26	20	60	3	89
233	3	0	27	20	60	3	83
233	3	0	28	20	60	3	inf
233	3	0	29	20	60	3	216
233	3	0	30	20	60	3	inf
233	3	0	31	20	60	3	196
233	3	0	32	20	60	3	18
233	3	0	33	20	60	3	216
233	3	0	34	20	60	3	212
233	3	0	35	20	60	3	83
233	3	0	36	20	60	3	89
233	3	0	37	20	60	3	31
233	3	0	38	20	60	3	47
233	3	0	39	20	60	3	194
233	3	0	40	20	60	3	158
233	3	0	41	20	60	3	85
233	3	0	42	20	60	3	12
233	3	0	43	20	60	3	224
233	3	0	44	20	60	3	102
233	3	0	45	20	60	3	67
233	3	0	46	20	60	3	0
233	3	0	47	20	60	3	166
233	3	0	48	20	60	3	131
233	3	0	49	20	60	3	9
233	3	0	50	20	60	3	221
233	3	0	51	20	60	3	148
233	3	0	52	20	60	3	75
233	3	0	53	20	60	3	39
233	3	0	54	20	60	3	186
233	3	0	55	20	60	3	202
233	3	0	56	20	60	3	144
233	3	0	57	20	60	3	150
233	3	0	58	20	60	3	21
233	3	0	59	20	60	3	17
233	3	1	0	20	60	3	191
233	3	1	1	20	60	3	1
233	3	1	2	20	60	3	217
233	3	1	3	20	60	3	162
233	3	1	4	20	60	3	193
233	3	1	5	20	60	3	151
233	3	1	6	20	60	3	117
233	3	1	7	20	60	3	170
233	3	1	8	20	60	3	210
233	3	1	9	20	60	3	190
233	3	1	10	20	60	3	65
233	3	1	11	20	60	3	190
233	3	1	12	20	60	3	210
233	3	1	13	20	60	3	170
233	3	1	14	20	60	3	117
233	3	1	15	20	60	3	151
233	3	1	16	20	60	3	193
233	3	1	17	20	60	3	162
233	3	1	18	20	60	3	217
233	3	1	19	20	60	3	1
233	3	1	20	20	60	3	191
233	3	1	21	20	60	3	52
233	3	1	22	20	60	3	86
233	3	1	23	20	60	3	198
233	3	1	24	20	60	3	58
233	3	1	25	20	60	3	inf
233	3	1	26	20	60	3	175
233	3	1	27	20	60	3	35
233	3	1	28	20	60	3	147
233	3	1	29	20	60	3	181
233	3	1	30	20	60	3	42
233	3	1	31	20	60	3	232
233	3	1	32	20	60	3	16
233	3	1	33	20	60	3	71
233	3	1	34	20	60	3	40
233	3	1	35	20	60	3	82
233	3	1	36	20	60	3	116
233	3	1	37	20	60	3	63
233	3	1	38	20	60	3	23
233	3	1	39	20	60	3	43
233	3	1	40	20	60	3	168
233	3	1	41	20	60	3	43
233	3	1	42	20	60	3	23
233	3	1	43	20	60	3	63
233	3	1	44	20	60	3	116
233	3	1	45	20	60	3	82
233	3	1	46	20	60	3	40
233	3	1	47	20	60	3	71
233	3	1	48	20	60	3	16
233	3	1	49	20	60	3	232
233	3	1	50	20	60	3	42
233	3	1	51	20	60	3	181
233	3	1	52	20	60	3	147
233	3	1	53	20	60	3	35
233	3	1	54	20	60	3	175
233	3	1	55	20	60	3	inf
233	3	1	56	20	60	3	58
233	3	1	57	20	60	3	198
233	3	1	58	20	60	3	86
233	3	1	59	20	60	3	52
233	3	2	0	20	60	3	12
233	3	2	1	20	60	3	224
233	3	2	2	20	60	3	102
233	3	2	3	20	60	3	67
233	3	2	4	20	60	3	0
233	3	2	5	20	60	3	166
233	3	2	6	20	60	3	131
233	3	2	7	20	60	3	9
233	3	2	8	20	60	3	221
233	3	2	9	20	60	3	148
233	3	2	10	20	60	3	75
233	3	2	11	20	60	3	39
233	3	2	12	20	60	3	186
233	3	2	13	20	60	3	202
233	3	2	14	20	60	3	144
233	3	2	15	20	60	3	150
233	3	2	16	20	60	3	21
233	3	2	17	20	60	3	17
233	3	2	18	20	60	3	215
233	3	2	19	20	60	3	37
233	3	2	20	20	60	3	215
233	3	2	21	20	60	3	17
233	3	2	22	20	60	3	21
233	3	2	23	20	60	3	150
233	3	2	24	20	60	3	144
233	3	2	25	20	60	3	202
233	3	2	26	20	60	3	186
233	3	2	27	20	60	3	39
233	3	2	28	20	60	3	75
233	3	2	29	20	60	3	148
233	3	2	30	20	60	3	221
233	3	2	31	20	60	3	9
233	3	2	32	20	60	3	131
233	3	2	33	20	60	3	166
233	3	2	34	20	60	3	0
233	3	2	35	20	60	3	67
233	3	2	36	20	60	3	102
233	3	2	37	20	60	3	224
233	3	2	38	20	60	3	12
233	3	2	39	20	60	3	85
233	3	2	40	20	60	3	158
233	3	2	41	20	60	3	194
233	3	2	42	20	60	3	47
233	3	2	43	20	60	3	31
233	3	2	44	20	60	3	89
233	3	2	45	20	60	3	83
233	3	2	46	20	60	3	inf
233	3	2	47	20	60	3	216
233	3	2	48	20	60	3	inf
233	3	2	49	20	60	3	196
233	3	2	50	20	60	3	18
233	3	2	51	20	60	3	216
233	3	2	52	20	60	3	212
233	3	2	53	20	60	3	83
233	3	2	54	20	60	3	89
233	3	2	55	20	60	3	31
233	3	2	56	20	60	3	47
233	3	2	57	20	60	3	194
233	3	2	58	20	60	3	158
233	3	2	59	20	60	3	85
233	3	3	0	20	60	3	23
233	3	3	1	20	60	3	63
233	3	3	2	20	60	3	116
233	3	3	3	20	60	3	82
233	3	3	4	20	60	3	40
233	3	3	5	20	60	3	71
233	3	3	6	20	60	3	16
233	3	3	7	20	60	3	232
233	3	3	8	20	60	3	42
233	3	3	9	20	60	3	181
233	3	3	10	20	60	3	147
233	3	3	11	20	60	3	35
233	3	3	12	20	60	3	175
233	3	3	13	20	60	3	inf
233	3	3	14	20	60	3	58
233	3	3	15	20	60	3	198
233	3	3	16	20	60	3	86
233	3	3	17	20	60	3	52
233	3	3	18	20	60	3	191
233	3	3	19	20	60	3	1
233	3	3	20	20	60	3	217
233	3	3	21	20	60	3	162
233	3	3	22	20	60	3	193
233	3	3	23	20	60	3	151
233	3	3	24	20	60	3	117
233	3	3	25	20	60	3	170
233	3	3	26	20	60	3	210
233	3	3	27	20	60	3	190
233	3	3	28	20	60	3	65
233	3	3	29	20	60	3	190
233	3	3	30	20	60	3	210
233	3	3	31	20	60	3	170
233	3	3	32	20	60	3	117
233	3	3	33	20	60	3	151
233	3	3	34	20	60	3	193
233	3	3	35	20	60	3	162
233	3	3	36	20	60	3	217
233	3	3	37	20	60	3	1
233	3	3	38	20	60	3	191
233	3	3	39	20	60	3	52
233	3	3	40	20	60	3	86
233	3	3	41	20	60	3	198
233	3	3	42	20	60	3	58
233	3	3	43	20	60	3	inf
233	3	3	44	20	60	3	175
233	3	3	45	20	60	3	35
233	3	3	46	20	60	3	147
233	3	3	47	20	60	3	181
233	3	3	48	20	60	3	42
233	3	3	49	20	60	3	232
233	3	3	50	20	60	3	16
233	3	3	51	20	60	3	71
233	3	3	52	20	60	3	40
233	3	3	53	20	60	3	82
233	3	3	54	20	60	3	116
233	3	3	55	20	60	3	63
233	3	3	56	20	60	3	23
233	3	3	57	20	60	3	43
233	3	3	58	20	60	3	168
233	3	3	59	20	60	3	43
233	3	4	0	20	60	3	47
233	3	4	1	20	60	3	31
233	3	4	2	20	60	3	89
233	3	4	3	20	60	3	83
233	3	4	4	20	60	3	inf
233	3	4	5	20	60	3	216
233	3	4	6	20	60	3	inf
233	3	4	7	20	60	3	196
233	3	4	8	20	60	3	18
233	3	4	9	20	60	3	216
233	3	4	10	20	60	3	212
233	3	4	11	20	60	3	83
233	3	4	12	20	60	3	89
233	3	4	13	20	60	3	31
233	3	4	14	20	60	3	47
233	3	4	15	20	60	3	194
233	3	4	16	20	60	3	158
233	3	4	17	20	60	3	85
233	3	4	18	20	60	3	12
233	3	4	19	20	60	3	224
233	3	4	20	20	60	3	102
233	3	4	21	20	60	3	67
233	3	4	22	20	60	3	0
233	3	4	23	20	60	3	166
233	3	4	24	20	60	3	131
233	3	4	25	20	60	3	9
233	3	4	26	20	60	3	221
233	3	4	27	20	60	3	148
233	3	4	28	20	60	3	75
233	3	4	29	20	60	3	39
233	3	4	30	20	60	3	186
233	3	4	31	20	60	3	202
233	3	4	32	20	60	3	144
233	3	4	33	20	60	3	150
233	3	4	34	20	60	3	21
233	3	4	35	20	60	3	17
233	3	4	36	20	60	3	215
233	3	4	37	20	60	3	37
233	3	4	38	20	60	3	215
233	3	4	39	20	60	3	17
233	3	4	40	20	60	3	21
233	3	4	41	20	60	3	150
233	3	4	42	20	60	3	144
233	3	4	43	20	60	3	202
233	3	4	44	20	60	3	186
233	3	4	45	20	60	3	39
233	3	4	46	20	60	3	75
233	3	4	47	20	60	3	148
233	3	4	48	20	60	3	221
233	3	4	49	20	60	3	9
233	3	4	50	20	60	3	131
233	3	4	51	20	60	3	166
233	3	4	52	20	60	3	0
233	3	4	53	20	60	3	67
233	3	4	54	20	60	3	102
233	3	4	55	20	60	3	224
233	3	4	56	20	60	3	12
233	3	4	57	20	60	3	85
233	3	4	58	20	60	3	158
233	3	4	59	20	60	3	194
233	3	5	0	20	60	3	58
233	3	5	1	20	60	3	inf
233	3	5	2	20	60	3	175
233	3	5	3	20	60	3	35
233	3	5	4	20	60	3	147
233	3	5	5	20	60	3	181
233	3	5	6	20	60	3	42
233	3	5	7	20	60	3	232
233	3	5	8	20	60	3	16
233	3	5	9	20	60	3	71
233	3	5	10	20	60	3	40
233	3	5	11	20	60	3	82
233	3	5	12	20	60	3	116
233	3	5	13	20	60	3	63
233	3	5	14	20	60	3	23
233	3	5	15	20	60	3	43
233	3	5	16	20	60	3	168
233	3	5	17	20	60	3	43
233	3	5	18	20	60	3	23
233	3	5	19	20	60	3	63
233	3	5	20	20	60	3	116
233	3	5	21	20	60	3	82
233	3	5	22	20	60	3	40
233	3	5	23	20	60	3	71
233	3	5	24	20	60	3	16
233	3	5	25	20	60	3	232
233	3	5	26	20	60	3	42
233	3	5	27	20	60	3	181
233	3	5	28	20	60	3	147
233	3	5	29	20	60	3	35
233	3	5	30	20	60	3	175
233	3	5	31	20	60	3	inf
233	3	5	32	20	60	3	58
233	3	5	33	20	60	3	198
233	3	5	34	20	60	3	86
233	3	5	35	20	60	3	52
233	3	5	36	20	60	3	191
233	3	5	37	20	60	3	1
233	3	5	38	20	60	3	217
233	3	5	39	20	60	3	162
233	3	5	40	20	60	3	193
233	3	5	41	20	60	3	151
233	3	5	42	20	60	3	117
233	3	5	43	20	60	3	170
233	3	5	44	20	60	3	210
233	3	5	45	20	60	3	190
233	3	5	46	20	60	3	65
233	3	5	47	20	60	3	190
233	3	5	48	20	60	3	210
233	3	5	49	20	60	3	170
233	3	5	50	20	60	3	117
233	3	5	51	20	60	3	151
233	3	5	52	20	60	3	193
233	3	5	53	20	60	3	162
233	3	5	54	20	60	3	217
233	3	5	55	20	60	3	1
233	3	5	56	20	60	3	191
233	3	5	57	20	60	3	52
233	3	5	58	20	60	3	86
233	3	5	59	20	60	3	198
233	3	6	0	20	60	3	144
233	3	6	1	20	60	3	202
233	3	6	2	20	60	3	186
233	3	6	3	20	60	3	39
233	3	6	4	20	60	3	75
233	3	6	5	20	60	3	148
233	3	6	6	20	60	3	221
233	3	6	7	20	60	3	9
233	3	6	8	20	60	3	131
233	3	6	9	20	60	3	166
233	3	6	10	20	60	3	0
233	3	6	11	20	60	3	67
233	3	6	12	20	60	3	102
233	3	6	13	20	60	3	224
233	3	6	14	20	60	3	12
233	3	6	15	20	60	3	85
233	3	6	16	20	60	3	158
233	3	6	17	20	60	3	194
233	3	6	18	20	60	3	47
233	3	6	19	20	60	3	31
233	3	6	20	20	60	3	89
233	3	6	21	20	60	3	83
233	3	6	22	20	60	3	inf
233	3	6	23	20	60	3	216
233	3	6	24	20	60	3	inf
233	3	6	25	20	60	3	196
233	3	6	26	20	60	3	18
233	3	6	27	20	60	3	216
233	3	6	28	20	60	3	212
233	3	6	29	20	60	3	83
233	3	6	30	20	60	3	89
233	3	6	31	20	60	3	31
233	3	6	32	20	60	3	47
233	3	6	33	20	60	3	194
233	3	6	34	20	60	3	158
233	3	6	35	20	60	3	85
233	3	6	36	20	60	3	12
233	3	6	37	20	60	3	224
233	3	6	38	20	60	3	102
233	3	6	39	20	60	3	67
233	3	6	40	20	60	3	0
233	3	6	41	20	60	3	166
233	3	6	42	20	60	3	131
233	3	6	43	20	60	3	9
233	3	6	44	20	60	3	221
233	3	6	45	20	60	3	148
233	3	6	46	20	60	3	75
233	3	6	47	20	60	3	39
233	3	6	48	20	60	3	186
233	3	6	49	20	60	3	202
233	3	6	50	20	60	3	144
233	3	6	51	20	60	3	150
233	3	6	52	20	60	3	21
233	3	6	53	20	60	3	17
233	3	6	54	20	60	3	215
233	3	6	55	20	60	3	37
233	3	6	56	20	60	3	215
233	3	6	57	20	60	3	17
233	3	6	58	20	60	3	21
233	3	6	59	20	60	3	150
233	3	7	0	20	60	3	117
233	3	7	1	20	60	3	170
233	3	7	2	20	60	3	210
233	3	7	3	20	60	3	190
233	3	7	4	20	60	3	65
233	3	7	5	20	60	3	190
233	3	7	6	20	60	3	210
233	3	7	7	20	60	3	170
233	3	7	8	20	60	3	117
233	3	7	9	20	60	3	151
233	3	7	10	20	60	3	193
233	3	7	11	20	60	3	162
233	3	7	12	20	60	3	217
233	3	7	13	20	60	3	1
233	3	7	14	20	60	3	191
233	3	7	15	20	60	3	52
233	3	7	16	20	60	3	86
233	3	7	17	20	60	3	198
233	3	7	18	20	60	3	58
233	3	7	19	20	60	3	inf
233	3	7	20	20	60	3	175
233	3	7	21	20	60	3	35
233	3	7	22	20	60	3	147
233	3	7	23	20	60	3	181
233	3	7	24	20	60	3	42
233	3	7	25	20	60	3	232
233	3	7	26	20	60	3	16
233	3	7	27	20	60	3	71
233	3	7	28	20	60	3	40
233	3	7	29	20	60	3	82
233	3	7	30	20	60	3	116
233	3	7	31	20	60	3	63
233	3	7	32	20	60	3	23
233	3	7	33	20	60	3	43
233	3	7	34	20	60	3	168
233	3	7	35	20	60	3	43
233	3	7	36	20	60	3	23
233	3	7	37	20	60	3	63
233	3	7	38	20	60	3	116
233	3	7	39	20	60	3	82
233	3	7	40	20	60	3	40
233	3	7	41	20	60	3	71
233	3	7	42	20	60	3	16
233	3	7	43	20	60	3	232
233	3	7	44	20	60	3	42
233	3	7	45	20	60	3	181
233	3	7	46	20	60	3	147
233	3	7	47	20	60	3	35
233	3	7	48	20	60	3	175
233	3	7	49	20	60	3	inf
233	3	7	50	20	60	3	58
233	3	7	51	20	60	3	198
233	3	7	52	20	60	3	86
233	3	7	53	20	60	3	52
233	3	7	54	20	60	3	191
233	3	7	55	20	60	3	1
233	3	7	56	20	60	3	217
233	3	7	57	20	60	3	162
233	3	7	58	20	60	3	193
233	3	7	59	20	60	3	151
233	3	8	0	20	60	3	131
233	3	8	1	20	60	3	9
233	3	8	2	20	60	3	221
233	3	8	3	20	60	3	148
233	3	8	4	20	60	3	75
233	3	8	5	20	60	3	39
233	3	8	6	20	60	3	186
233	3	8	7	20	60	3	202
233	3	8	8	20	60	3	144
233	3	8	9	20	60	3	150
233	3	8	10	20	60	3	21
233	3	8	11	20	60	3	17
233	3	8	12	20	60	3	215
233	3	8	13	20	60	3	37
233	3	8	14	20	60	3	215
233	3	8	15	20	60	3	17
233	3	8	16	20	60	3	21
233	3	8	17	20	60	3	150
233	3	8	18	20	60	3	144
233	3	8	19	20	60	3	202
233	3	8	20	20	60	3	186
233	3	8	21	20	60	3	39
233	3	8	22	20	60	3	75
233	3	8	23	20	60	3	148
233	3	8	24	20	60	3	221
233	3	8	25	20	60	3	9
233	3	8	26	20	60	3	131
233	3	8	27	20	60	3	166
233	3	8	28	20	60	3	0
233	3	8	29	20	60	3	67
233	3	8	30	20	60	3	102
233	3	8	31	20	60	3	224
233	3	8	32	20	60	3	12
233	3	8	33	20	60	3	85
233	3	8	34	20	60	3	158
233	3	8	35	20	60	3	194
233	3	8	36	20	60	3	47
233	3	8	37	20	60	3	31
233	3	8	38	20	60	3	89
233	3	8	39	20	60	3	83
233	3	8	40	20	60	3	inf
233	3	8	41	20	60	3	216
233	3	8	42	20	60	3	inf
233	3	8	43	20	60	3	196
233	3	8	44	20	60	3	18
233	3	8	45	20	60	3	216
233	3	8	46	20	60	3	212
233	3	8	47	20	60	3	83
233	3	8	48	20	60	3	89
233	3	8	49	20	60	3	31
233	3	8	50	20	60	3	47
233	3	8	51	20	60	3	194
233	3	8	52	20	60	3	158
233	3	8	53	20	60	3	85
233	3	8	54	20	60	3	12
233	3	8	55	20	60	3	224
233	3	8	56	20	60	3	102
233	3	8	57	20	60	3	67
233	3	8	58	20	60	3	0
233	3	8	59	20	60	3	166
233	3	9	0	20	60	3	16
233	3	9	1	20	60	3	232
233	3	9	2	20	60	3	42
233	3	9	3	20	60	3	181
233	3	9	4	20	60	3	147
233	3	9	5	20	60	3	35
233	3	9	6	20	60	3	175
233	3	9	7	20	60	3	inf
233	3	9	8	20	60	3	58
233	3	9	9	20	60	3	198
233	3	9	10	20	60	3	86
233	3	9	11	20	60	3	52
233	3	9	12	20	60	3	191
233	3	9	13	20	60	3	1
233	3	9	14	20	60	3	217
233	3	9	15	20	60	3	162
233	3	9	16	20	60	3	193
233	3	9	17	20	60	3	151
233	3	9	18	20	60	3	117
233	3	9	19	20	60	3	170
233	3	9	20	20	60	3	210
233	3	9	21	20	60	3	190
233	3	9	22	20	60	3	65
233	3	9	23	20	60	3	190
233	3	9	24	20	60	3	210
233	3	9	25	20	60	3	170
233	3	9	26	20	60	3	117
233	3	9	27	20	60	3	151
233	3	9	28	20	60	3	193
233	3	9	29	20	60	3	162
233	3	9	30	20	60	3	217
233	3	9	31	20	60	3	1
233	3	9	32	20	60	3	191
233	3	9	33	20	60	3	52
233	3	9	34	20	60	3	86
233	3	9	35	20	60	3	198
233	3	9	36	20	60	3	58
233	3	9	37	20	60	3	inf
233	3	9	38	20	60	3	175
233	3	9	39	20	60	3	35
233	3	9	40	20	60	3	147
233	3	9	41	20	60	3	181
233	3	9	42	20	60	3	42
233	3	9	43	20	60	3	232
233	3	9	44	20	60	3	16
233	3	9	45	20	60	3	71
233	3	9	46	20	60	3	40
233	3	9	47	20	60	3	82
233	3	9	48	20	60	3	116
233	3	9	49	20	60	3	63
233	3	9	50	20	60	3	23
233	3	9	51	20	60	3	43
233	3	9	52	20	60	3	168
233	3	9	53	20	60	3	43
233	3	9	54	20	60	3	23
233	3	9	55	20	60	3	63
233	3	9	56	20	60	3	116
233	3	9	57	20	60	3	82
233	3	9	58	20	60	3	40
233	3	9	59	20	60	3	71
233	3	10	0	20	60	3	inf
233	3	10	1	20	60	3	196
233	3	10	2	20	60	3	18
233	3	10	3	20	60	3	216
233	3	10	4	20	60	3	212
233	3	10	5	20	60	3	83
233	3	10	6	20	60	3	89
233	3	10	7	20	60	3	31
233	3	10	8	20	60	3	47
233	3	10	9	20	60	3	194
233	3	10	10	20	60	3	158
233	3	10	11	20	60	3	85
233	3	10	12	20	60	3	12
233	3	10	13	20	60	3	224
233	3	10	14	20	60	3	102
233	3	10	15	20	60	3	67
233	3	10	16	20	60	3	0
233	3	10	17	20	60	3	166
233	3	10	18	20	60	3	131
233	3	10	19	20	60	3	9
233	3	10	20	20	60	3	221
233	3	10	21	20	60	3	148
233	3	10	22	20	60	3	75
233	3	10	23	20	60	3	39
233	3	10	24	20	60	3	186
233	3	10	25	20	60	3	202
233	3	10	26	20	60	3	144
233	3	10	27	20	60	3	150
233	3	10	28	20	60	3	21
233	3	10	29	20	60	3	17
233	3	10	30	20	60	3	215
233	3	10	31	20	60	3	37
233	3	10	32	20	60	3	215
233	3	10	33	20	60	3	17
233	3	10	34	20	60	3	21
233	3	10	35	20	60	3	150
233	3	10	36	20	60	3	144
233	3	10	37	20	60	3	202
233	3	10	38	20	60	3	186
233	3	10	39	20	60	3	39
233	3	10	40	20	60	3	75
233	3	10	41	20	60	3	148
233	3	10	42	20	60	3	221
233	3	10	43	20	60	3	9
233	3	10	44	20	60	3	131
233	3	10	45	20	60	3	166
233	3	10	46	20	60	3	0
233	3	10	47	20	60	3	67
233	3	10	48	20	60	3	102
233	3	10	49	20	60	3	224
233	3	10	50	20	60	3	12
233	3	10	51	20	60	3	85
233	3	10	52	20	60	3	158
233	3	10	53	20	60	3	194
233	3	10	54	20	60	3	47
233	3	10	55	20	60	3	31
233	3	10	56	20	60	3	89
233	3	10	57	20	60	3	83
233	3	10	58	20	60	3	inf
233	3	10	59	20	60	3	216
233	3	11	0	20	60	3	42
233	3	11	1	20	60	3	232
233	3	11	2	20	60	3	16
233	3	11	3	20	60	3	71
233	3	11	4	20	60	3	40
233	3	11	5	20	60	3	82
233	3	11	6	20	60	3	116
233	3	11	7	20	60	3	63
233	3	11	8	20	60	3	23
233	3	11	9	20	60	3	43
233	3	11	10	20	60	3	168
233	3	11	11	20	60	3	43
233	3	11	12	20	60	3	23
233	3	11	13	20	60	3	63
233	3	11	14	20	60	3	116
233	3	11	15	20	60	3	82
233	3	11	16	20	60	3	40
233	3	11	17	20	60	3	71
233	3	11	18	20	60	3	16
233	3	11	19	20	60	3	232
233	3	11	20	20	60	3	42
233	3	11	21	20	60	3	181
233	3	11	22	20	60	3	147
233	3	11	23	20	60	3	35
233	3	11	24	20	60	3	175
233	3	11	25	20	60	3	inf
233	3	11	26	20	60	3	58
233	3	11	27	20	60	3	198
233	3	11	28	20	60	3	86
233	3	11	29	20	60	3	52
233	3	11	30	20	60	3	191
233	3	11	31	20	60	3	1
233	3	11	32	20	60	3	217
233	3	11	33	20	60	3	162
233	3	11	34	20	60	3	193
233	3	11	35	20	60	3	151
233	3	11	36	20	60	3	117
233	3	11	37	20	60	3	170
233	3	11	38	20	60	3	210
233	3	11	39	20	60	3	190
233	3	11	40	20	60	3	65
233	3	11	41	20	60	3	190
233	3	11	42	20	60	3	210
233	3	11	43	20	60	3	170
233	3	11	44	20	60	3	117
233	3	11	45	20	60	3	151
233	3	11	46	20	60	3	193
233	3	11	47	20	60	3	162
233	3	11	48	20	60	3	217
233	3	11	49	20	60	3	1
233	3	11	50	20	60	3	191
233	3	11	51	20	60	3	52
233	3	11	52	20	60	3	86
233	3	11	53	20	60	3	198
233	3	11	54	20	60	3	58
233	3	11	55	20	60	3	inf
233	3	11	56	20	60	3	175
233	3	11	57	20	60	3	35
233	3	11	58	20	60	3	147
233	3	11	59	20	60	3	181
233	3	12	0	20	60	3	221
233	3	12	1	20	60	3	9
233	3	12	2	20	60	3	131
233	3	12	3	20	60	3	166
233	3	12	4	20	60	3	0
233	3	12	5	20	60	3	67
233	3	12	6	20	60	3	102
233	3	12	7	20	60	3	224
233	3	12	8	20	60	3	12
233	3	12	9	20	60	3	85
233	3	12	10	20	60	3	158
233	3	12	11	20	60	3	194
233	3	12	12	20	60	3	47
233	3	12	13	20	60	3	31
233	3	12	14	20	60	3	89
233	3	12	15	20	60	3	83
233	3	12	16	20	60	3	inf
233	3	12	17	20	60	3	216
233	3	12	18	20	60	3	inf
233	3	12	19	20	60	3	196
233	3	12	20	20	60	3	18
233	3	12	21	20	60	3	216
233	3	12	22	20	60	3	212
233	3	12	23	20	60	3	83
233	3	12	24	20	60	3	89
233	3	12	25	20	60	3	31
233	3	12	26	20	60	3	47
233	3	12	27	20	60	3	194
233	3	12	28	20	60	3	158
233	3	12	29	20	60	3	85
233	3	12	30	20	60	3	12
233	3	12	31	20	60	3	224
233	3	12	32	20	60	3	102
233	3	12	33	20	60	3	67
233	3	12	34	20	60	3	0
233	3	12	35	20	60	3	166
233	3	12	36	20	60	3	131
233	3	12	37	20	60	3	9
233	3	12	38	20	60	3	221
233	3	12	39	20	60	3	148
233	3	12	40	20	60	3	75
233	3	12	41	20	60	3	39
233	3	12	42	20	60	3	186
233	3	12	43	20	60	3	202
233	3	12	44	20	60	3	144
233	3	12	45	20	60	3	150
233	3	12	46	20	60	3	21
233	3	12	47	20	60	3	17
233	3	12	48	20	60	3	215
233	3	12	49	20	60	3	37
233	3	12	50	20	60	3	215
233	3	12	51	20	60	3	17
233	3	12	52	20	60	3	21
233	3	12	53	20	60	3	150
233	3	12	54	20	60	3	144
233	3	12	55	20	60	3	202
233	3	12	56	20	60	3	186
233	3	12	57	20	60	3	39
233	3	12	58	20	60	3	75
233	3	12	59	20	60	3	148
233	3	13	0	20	60	3	210
233	3	13	1	20	60	3	170
233	3	13	2	20	60	3	117
233	3	13	3	20	60	3	151
233	3	13	4	20	60	3	193
233	3	13	5	20	60	3	162
233	3	13	6	20	60	3	217
233	3	13	7	20	60	3	1
233	3	13	8	20	60	3	191
233	3	13	9	20	60	3	52
233	3	13	10	20	60	3	86
233	3	13	11	20	60	3	198
233	3	13	12	20	60	3	58
233	3	13	13	20	60	3	inf
233	3	13	14	20	60	3	175
233	3	13	15	20	60	3	35
233	3	13	16	20	60	3	147
233	3	13	17	20	60	3	181
233	3	13	18	20	60	3	42
233	3	13	19	20	60	3	232
233	3	13	20	20	60	3	16
233	3	13	21	20	60	3	71
233	3	13	22	20	60	3	40
233	3	13	23	20	60	3	82
233	3	13	24	20	60	3	116
233	3	13	25	20	60	3	63
233	3	13	26	20	60	3	23
233	3	13	27	20	60	3	43
233	3	13	28	20	60	3	168
233	3	13	29	20	60	3	43
233	3	13	30	20	60	3	23
233	3	13	31	20	60	3	63
233	3	13	32	20	60	3	116
233	3	13	33	20	60	3	82
233	3	13	34	20	60	3	40
233	3	13	35	20	60	3	71
233	3	13	36	20	60	3	16
233	3	13	37	20	60	3	232
233	3	13	38	20	60	3	42
233	3	13	39	20	60	3	181
233	3	13	40	20	60	3	147
233	3	13	41	20	60	3	35
233	3	13	42	20	60	3	175
233	3	13	43	20	60	3	inf
233	3	13	44	20	60	3	58
233	3	13	45	20	60	3	198
233	3	13	46	20	60	3	86
233	3	13	47	20	60	3	52
233	3	13	48	20	60	3	191
233	3	13	49	20	60	3	1
233	3	13	50	20	60	3	217
233	3	13	51	20	60	3	162
233	3	13	52	20	60	3	193
233	3	13	53	20	60	3	151
233	3	13	54	20	60	3	117
233	3	13	55	20	60	3	170
233	3	13	56	20	60	3	210
233	3	13	57	20	60	3	190
233	3	13	58	20	60	3	65
233	3	13	59	20	60	3	190
233	3	14	0	20	60	3	186
233	3	14	1	20	60	3	202
233	3	14	2	20	60	3	144
233	3	14	3	20	60	3	150
233	3	14	4	20	60	3	21
233	3	14	5	20	60	3	17
233	3	14	6	20	60	3	215
233	3	14	7	20	60	3	37
233	3	14	8	20	60	3	215
233	3	14	9	20	60	3	17
233	3	14	10	20	60	3	21
233	3	14	11	20	60	3	150
233	3	14	12	20	60	3	144
233	3	14	13	20	60	3	202
233	3	14	14	20	60	3	186
233	3	14	15	20	60	3	39
233	3	14	16	20	60	3	75
233	3	14	17	20	60	3	148
233	3	14	18	20	60	3	221
233	3	14	19	20	60	3	9
233	3	14	20	20	60	3	131
233	3	14	21	20	60	3	166
233	3	14	22	20	60	3	0
233	3	14	23	20	60	3	67
233	3	14	24	20	60	3	102
233	3	14	25	20	60	3	224
233	3	14	26	20	60	3	12
233	3	14	27	20	60	3	85
233	3	14	28	20	60	3	158
233	3	14	29	20	60	3	194
233	3	14	30	20	60	3	47
233	3	14	31	20	60	3	31
233	3	14	32	20	60	3	89
233	3	14	33	20	60	3	83
233	3	14	34	20	60	3	inf
233	3	14	35	20	60	3	216
233	3	14	36	20	60	3	inf
233	3	14	37	20	60	3	196
233	3	14	38	20	60	3	18
233	3	14	39	20	60	3	216
233	3	14	40	20	60	3	212
233	3	14	41	20	60	3	83
233	3	14	42	20	60	3	89
233	3	14	43	20	60	3	31
233	3	14	44	20	60	3	47
233	3	14	45	20	60	3	194
233	3	14	46	20	60	3	158
233	3	14	47	20	60	3	85
233	3	14	48	20	60	3	12
233	3	14	49	20	60	3	224
233	3	14	50	20	60	3	102
233	3	14	51	20	60	3	67
233	3	14	52	20	60	3	0
233	3	14	53	20	60	3	166
233	3	14	54	20	60	3	131
233	3	14	55	20	60	3	9
233	3	14	56	20	60	3	221
233	3	14	57	20	60	3	148
233	3	14	58	20	60	3	75
233	3	14	59	20	60	3	39
233	3	15	0	20	60	3	175
233	3	15	1	20	60	3	inf
233	3	15	2	20	60	3	58
233	3	15	3	20	60	3	198
233	3	15	4	20	60	3	86
233	3	15	5	20	60	3	52
233	3	15	6	20	60	3	191
233	3	15	7	20	60	3	1
233	3	15	8	20	60	3	217
233	3	15	9	20	60	3	162
233	3	15	10	20	60	3	193
233	3	15	11	20	60	3	151
233	3	15	12	20	60	3	117
233	3	15	13	20	60	3	170
233	3	15	14	20	60	3	210
233	3	15	15	20	60	3	190
233	3	15	16	20	60	3	65
233	3	15	17	20	60	3	190
233	3	15	18	20	60	3	210
233	3	15	19	20	60	3	170
233	3	15	20	20	60	3	117
233	3	15	21	20	60	3	151
233	3	15	22	20	60	3	193
233	3	15	23	20	60	3	162
233	3	15	24	20	60	3	217
233	3	15	25	20	60	3	1
233	3	15	26	20	60	3	191
233	3	15	27	20	60	3	52
233	3	15	28	20	60	3	86
233	3	15	29	20	60	3	198
233	3	15	30	20	60	3	58
233	3	15	31	20	60	3	inf
233	3	15	32	20	60	3	175
233	3	15	33	20	60	3	35
233	3	15	34	20	60	3	147
233	3	15	35	20	60	3	181
233	3	15	36	20	60	3	42
233	3	15	37	20	60	3	232
233	3	15	38	20	60	3	16
233	3	15	39	20	60	3	71
233	3	15	40	20	60	3	40
233	3	15	41	20	60	3	82
233	3	15	42	20	60	3	116
233	3	15	43	20	60	3	63
233	3	15	44	20	60	3	23
233	3	15	45	20	60	3	43
233	3	15	46	20	60	3	168
233	3	15	47	20	60	3	43
233	3	15	48	20	60	3	23
233	3	15	49	20	60	3	63
233	3	15	50	20	60	3	116
233	3	15	51	20	60	3	82
233	3	15	52	20	60	3	40
233	3	15	53	20	60	3	71
233	3	15	54	20	60	3	16
233	3	15	55	20	60	3	232
233	3	15	56	20	60	3	42
233	3	15	57	20	60	3	181
233	3	15	58	20	60	3	147
233	3	15	59	20	60	3	35
233	3	16	0	20	60	3	89
233	3	16	1	20	60	3	31
233	3	16	2	20	60	3	47
233	3	16	3	20	60	3	194
233	3	16	4	20	60	3	158
233	3	16	5	20	60	3	85
233	3	16	6	20	60	3	12
233	3	16	7	20	60	3	224
233	3	16	8	20	60	3	102
233	3	16	9	20	60	3	67
233	3	16	10	20	60	3	0
233	3	16	11	20	60	3	166
233	3	16	12	20	60	3	131
233	3	16	13	20	60	3	9
233	3	16	14	20	60	3	221
233	3	16	15	20	60	3	148
233	3	16	16	20	60	3	75
233	3	16	17	20	60	3	39
233	3	16	18	20	60	3	186
233	3	16	19	20	60	3	202
233	3	16	20	20	60	3	144
233	3	16	21	20	60	3	150
233	3	16	22	20	60	3	21
233	3	16	23	20	60	3	17
233	3	16	24	20	60	3	215
233	3	16	25	20	60	3	37
233	3	16	26	20	60	3	215
233	3	16	27	20	60	3	17
233	3	16	28	20	60	3	21
233	3	16	29	20	60	3	150
233	3	16	30	20	60	3	144
233	3	16	31	20	60	3	202
233	3	16	32	20	60	3	186
233	3	16	33	20	60	3	39
233	3	16	34	20	60	3	75
233	3	16	35	20	60	3	148
233	3	16	36	20	60	3	221
233	3	16	37	20	60	3	9
233	3	16	38	20	60	3	131
233	3	16	39	20	60	3	166
233	3	16	40	20	60	3	0
233	3	16	41	20	60	3	67
233	3	16	42	20	60	3	102
233	3	16	43	20	60	3	224
233	3	16	44	20	60	3	12
233	3	16	45	20	60	3	85
233	3	16	46	20	60	3	158
233	3	16	47	20	60	3	194
233	3	16	48	20	60	3	47
233	3	16	49	20	60	3	31
233	3	16	50	20	60	3	89
233	3	16	51	20	60	3	83
233	3	16	52	20	60	3	inf
233	3	16	53	20	60	3	216
233	3	16	54	20	60	3	inf
233	3	16	55	20	60	3	196
233	3	16	56	20	60	3	18
233	3	16	57	20	60	3	216
233	3	16	58	20	60	3	212
233	3	16	59	20	60	3	83
233	3	17	0	20	60	3	116
233	3	17	1	20	60	3	63
233	3	17	2	20	60	3	23
233	3	17	3	20	60	3	43
233	3	17	4	20	60	3	168
233	3	17	5	20	60	3	43
233	3	17	6	20	60	3	23
233	3	17	7	20	60	3	63
233	3	17	8	20	60	3	116
233	3	17	9	20	60	3	82
233	3	17	10	20	60	3	40
233	3	17	11	20	60	3	71
233	3	17	12	20	60	3	16
233	3	17	13	20	60	3	232
233	3	17	14	20	60	3	42
233	3	17	15	20	60	3	181
233	3	17	16	20	60	3	147
233	3	17	17	20	60	3	35
233	3	17	18	20	60	3	175
233	3	17	19	20	60	3	inf
233	3	17	20	20	60	3	58
233	3	17	21	20	60	3	198
233	3	17	22	20	60	3	86
233	3	17	23	20	60	3	52
233	3	17	24	20	60	3	191
233	3	17	25	20	60	3	1
233	3	17	26	20	60	3	217
233	3	17	27	20	60	3	162
233	3	17	28	20	60	3	193
233	3	17	29	20	60	3	151
233	3	17	30	20	60	3	117
233	3	17	31	20	60	3	170
233	3	17	32	20	60	3	210
233	3	17	33	20	60	3	190
233	3	17	34	20	60	3	65
233	3	17	35	20	60	3	190
233	3	17	36	20	60	3	210
233	3	17	37	20	60	3	170
233	3	17	38	20	60	3	117
233	3	17	39	20	60	3	151
233	3	17	40	20	60	3	193
233	3	17	41	20	60	3	162
233	3	17	42	20	60	3	217
233	3	17	43	20	60	3	1
233	3	17	44	20	60	3	191
233	3	17	45	20	60	3	52
233	3	17	46	20	60	3	86
233	3	17	47	20	60	3	198
233	3	17	48	20	60	3	58
233	3	17	49	20	60	3	inf
233	3	17	50	20	60	3	175
233	3	17	51	20	60	3	35
233	3	17	52	20	60	3	147
233	3	17	53	20	60	3	181
233	3	17	54	20	60	3	42
233	3	17	55	20	60	3	232
233	3	17	56	20	60	3	16
233	3	17	57	20	60	3	71
233	3	17	58	20	60	3	40
233	3	17	59	20	60	3	82
233	3	18	0	20	60	3	102
233	3	18	1	20	60	3	224
233	3	18	2	20	60	3	12
233	3	18	3	20	60	3	85
233	3	18	4	20	60	3	158
233	3	18	5	20	60	3	194
233	3	18	6	20	60	3	47
233	3	18	7	20	60	3	31
233	3	18	8	20	60	3	89
233	3	18	9	20	60	3	83
233	3	18	10	20	60	3	inf
233	3	18	11	20	60	3	216
233	3	18	12	20	60	3	inf
233	3	18	13	20	60	3	196
233	3	18	14	20	60	3	18
233	3	18	15	20	60	3	216
233	3	18	16	20	60	3	212
233	3	18	17	20	60	3	83
233	3	18	18	20	60	3	89
233	3	18	19	20	60	3	31
233	3	18	20	20	60	3	47
233	3	18	21	20	60	3	194
233	3	18	22	20	60	3	158
233	3	18	23	20	60	3	85
233	3	18	24	20	60	3	12
233	3	18	25	20	60	3	224
233	3	18	26	20	60	3	102
233	3	18	27	20	60	3	67
233	3	18	28	20	60	3	0
233	3	18	29	20	60	3	166
233	3	18	30	20	60	3	131
233	3	18	31	20	60	3	9
233	3	18	32	20	60	3	221
233	3	18	33	20	60	3	148
233	3	18	34	20	60	3	75
233	3	18	35	20	60	3	39
233	3	18	36	20	60	3	186
233	3	18	37	20	60	3	202
233	3	18	38	20	60	3	144
233	3	18	39	20	60	3	150
233	3	18	40	20	60	3	21
233	3	18	41	20	60	3	17
233	3	18	42	20	60	3	215
233	3	18	43	20	60	3	37
233	3	18	44	20	60	3	215
233	3	18	45	20	60	3	17
233	3	18	46	20	60	3	21
233	3	18	47	20	60	3	150
233	3	18	48	20	60	3	144
233	3	18	49	20	60	3	202
233	3	18	50	20	60	3	186
233	3	18	51	20	60	3	39
233	3	18	52	20	60	3	75
233	3	18	53	20	60	3	148
233	3	18	54	20	60	3	221
233	3	18	55	20	60	3	9
233	3	18	56	20	60	3	131
233	3	18	57	20	60	3	166
233	3	18	58	20	60	3	0
233	3	18	59	20	60	3	67
233	3	19	0	20	60	3	217
233	3	19	1	20	60	3	1
233	3	19	2	20	60	3	191
233	3	19	3	20	60	3	52
233	3	19	4	20	60	3	86
233	3	19	5	20	60	3	198
233	3	19	6	20	60	3	58
233	3	19	7	20	60	3	inf
233	3	19	8	20	60	3	175
233	3	19	9	20	60	3	35
233	3	19	10	20	60	3	147
233	3	19	11	20	60	3	181
233	3	19	12	20	60	3	42
233	3	19	13	20	60	3	232
233	3	19	14	20	60	3	16
233	3	19	15	20	60	3	71
233	3	19	16	20	60	3	40
233	3	19	17	20	60	3	82
233	3	19	18	20	60	3	116
233	3	19	19	20	60	3	63
233	3	19	20	20	60	3	23
233	3	19	21	20	60	3	43
233	3	19	22	20	60	3	168
233	3	19	23	20	60	3	43
233	3	19	24	20	60	3	23
233	3	19	25	20	60	3	63
233	3	19	26	20	60	3	116
233	3	19	27	20	60	3	82
233	3	19	28	20	60	3	40
233	3	19	29	20	60	3	71
233	3	19	30	20	60	3	16
233	3	19	31	20	60	3	232
233	3	19	32	20	60	3	42
233	3	19	33	20	60	3	181
233	3	19	34	20	60	3	147
233	3	19	35	20	60	3	35
233	3	19	36	20	60	3	175
233	3	19	37	20	60	3	inf
233	3	19	38	20	60	3	58
233	3	19	39	20	60	3	198
233	3	19	40	20	60	3	86
233	3	19	41	20	60	3	52
233	3	19	42	20	60	3	191
233	3	19	43	20	60	3	1
233	3	19	44	20	60	3	217
233	3	19	45	20	60	3	162
233	3	19	46	20	60	3	193
233	3	19	47	20	60	3	151
233	3	19	48	20	60	3	117
233	3	19	49	20	60	3	170
233	3	19	50	20	60	3	210
233	3	19	51	20	60	3	190
233	3	19	52	20	60	3	65
233	3	19	53	20	60	3	190
233	3	19	54	20	60	3	210
233	3	19	55	20	60	3	170
233	3	19	56	20	60	3	117
233	3	19	57	20	60	3	151
233	3	19	58	20	60	3	193
233	3	19	59	20	60	3	162
233	4	0	0	20	60	3	58
233	4	0	1	20	60	3	inf
233	4	0	2	20	60	3	175
233	4	0	3	20	60	3	35
233	4	0	4	20	60	3	147
233	4	0	5	20	60	3	181
233	4	0	6	20	60	3	42
233	4	0	7	20	60	3	232
233	4	0	8	20	60	3	16
233	4	0	9	20	60	3	71
233	4	0	10	20	60	3	40
233	4	0	11	20	60	3	82
233	4	0	12	20	60	3	116
233	4	0	13	20	60	3	63
233	4	0	14	20	60	3	23
233	4	0	15	20	60	3	43
233	4	0	16	20	60	3	168
233	4	0	17	20	60	3	43
233	4	0	18	20	60	3	23
233	4	0	19	20	60	3	63
233	4	0	20	20	60	3	116
233	4	0	21	20	60	3	82
233	4	0	22	20	60	3	40
233	4	0	23	20	60	3	71
233	4	0	24	20	60	3	16
233	4	0	25	20	60	3	232
233	4	0	26	20	60	3	42
233	4	0	27	20	60	3	181
233	4	0	28	20	60	3	147
233	4	0	29	20	60	3	35
233	4	0	30	20	60	3	175
233	4	0	31	20	60	3	inf
233	4	0	32	20	60	3	58
233	4	0	33	20	60	3	198
233	4	0	34	20	60	3	86
233	4	0	35	20	60	3	52
233	4	0	36	20	60	3	191
233	4	0	37	20	60	3	1
233	4	0	38	20	60	3	217
233	4	0	39	20	60	3	162
233	4	0	40	20	60	3	193
233	4	0	41	20	60	3	151
233	4	0	42	20	60	3	117
233	4	0	43	20	60	3	170
233	4	0	44	20	60	3	210
233	4	0	45	20	60	3	190
233	4	0	46	20	60	3	65
233	4	0	47	20	60	3	190
233	4	0	48	20	60	3	210
233	4	0	49	20	60	3	170
233	4	0	50	20	60	3	117
233	4	0	51	20	60	3	151
233	4	0	52	20	60	3	193
233	4	0	53	20	60	3	162
233	4	0	54	20	60	3	217
233	4	0	55	20	60	3	1
233	4	0	56	20	60	3	191
233	4	0	57	20	60	3	52
233	4	0	58	20	60	3	86
233	4	0	59	20	60	3	198
233	4	1	0	20	60	3	144
233	4	1	1	20	60	3	202
233	4	1	2	20	60	3	186
233	4	1	3	20	60	3	39
233	4	1	4	20	60	3	75
233	4	1	5	20	60	3	148
233	4	1	6	20	60	3	221
233	4	1	7	20	60	3	9
233	4	1	8	20	60	3	131
233	4	1	9	20	60	3	166
233	4	1	10	20	60	3	0
233	4	1	11	20	60	3	67
233	4	1	12	20	60	3	102
233	4	1	13	20	60	3	224
233	4	1	14	20	60	3	12
233	4	1	15	20	60	3	85
233	4	1	16	20	60	3	158
233	4	1	17	20	60	3	194
233	4	1	18	20	60	3	47
233	4	1	19	20	60	3	31
233	4	1	20	20	60	3	89
233	4	1	21	20	60	3	83
233	4	1	22	20	60	3	inf
233	4	1	23	20	60	3	216
233	4	1	24	20	60	3	inf
233	4	1	25	20	60	3	196
233	4	1	26	20	60	3	18
233	4	1	27	20	60	3	216
233	4	1	28	20	60	3	212
233	4	1	29	20	60	3	83
233	4	1	30	20	60	3	89
233	4	1	31	20	60	3	31
233	4	1	32	20	60	3	47
233	4	1	33	20	60	3	194
233	4	1	34	20	60	3	158
233	4	1	35	20	60	3	85
233	4	1	36	20	60	3	12
233	4	1	37	20	60	3	224
233	4	1	38	20	60	3	102
233	4	1	39	20	60	3	67
233	4	1	40	20	60	3	0
233	4	1	41	20	60	3	166
233	4	1	42	20	60	3	131
233	4	1	43	20	60	3	9
233	4	1	44	20	60	3	221
233	4	1	45	20	60	3	148
233	4	1	46	20	60	3	75
233	4	1	47	20	60	3	39
233	4	1	48	20	60	3	186
233	4	1	49	20	60	3	202
233	4	1	50	20	60	3	144
233	4	1	51	20	60	3	150
233	4	1	52	20	60	3	21
233	4	1	53	20	60	3	17
233	4	1	54	20	60	3	215
233	4	1	55	20	60	3	37
233	4	1	56	20	60	3	215
233	4	1	57	20	60	3	17
233	4	1	58	20	60	3	21
233	4	1	59	20	60	3	150
233	4	2	0	20	60	3	117
233	4	2	1	20	60	3	170
233	4	2	2	20	60	3	210
233	4	2	3	20	60	3	190
233	4	2	4	20	60	3	65
233	4	2	5	20	60	3	190
233	4	2	6	20	60	3	210
233	4	2	7	20	60	3	170
233	4	2	8	20	60	3	117
233	4	2	9	20	60	3	151
233	4	2	10	20	60	3	193
233	4	2	11	20	60	3	162
233	4	2	12	20	60	3	217
233	4	2	13	20	60	3	1
233	4	2	14	20	60	3	191
233	4	2	15	20	60	3	52
233	4	2	16	20	60	3	86
233	4	2	17	20	60	3	198
233	4	2	18	20	60	3	58
233	4	2	19	20	60	3	inf
233	4	2	20	20	60	3	175
233	4	2	21	20	60	3	35
233	4	2	22	20	60	3	147
233	4	2	23	20	60	3	181
233	4	2	24	20	60	3	42
233	4	2	25	20	60	3	232
233	4	2	26	20	60	3	16
233	4	2	27	20	60	3	71
233	4	2	28	20	60	3	40
233	4	2	29	20	60	3	82
233	4	2	30	20	60	3	116
233	4	2	31	20	60	3	63
233	4	2	32	20	60	3	23
233	4	2	33	20	60	3	43
233	4	2	34	20	60	3	168
233	4	2	35	20	60	3	43
233	4	2	36	20	60	3	23
233	4	2	37	20	60	3	63
233	4	2	38	20	60	3	116
233	4	2	39	20	60	3	82
233	4	2	40	20	60	3	40
233	4	2	41	20	60	3	71
233	4	2	42	20	60	3	16
233	4	2	43	20	60	3	232
233	4	2	44	20	60	3	42
233	4	2	45	20	60	3	181
233	4	2	46	20	60	3	147
233	4	2	47	20	60	3	35
233	4	2	48	20	60	3	175
233	4	2	49	20	60	3	inf
233	4	2	50	20	60	3	58
233	4	2	51	20	60	3	198
233	4	2	52	20	60	3	86
233	4	2	53	20	60	3	52
233	4	2	54	20	60	3	191
233	4	2	55	20	60	3	1
233	4	2	56	20	60	3	217
233	4	2	57	20	60	3	162
233	4	2	58	20	60	3	193
233	4	2	59	20	60	3	151
233	4	3	0	20	60	3	131
233	4	3	1	20	60	3	9
233	4	3	2	20	60	3	221
233	4	3	3	20	60	3	148
233	4	3	4	20	60	3	75
233	4	3	5	20	60	3	39
233	4	3	6	20	60	3	186
233	4	3	7	20	60	3	202
233	4	3	8	20	60	3	144
233	4	3	9	20	60	3	150
233	4	3	10	20	60	3	21
233	4	3	11	20	60	3	17
233	4	3	12	20	60	3	215
233	4	3	13	20	60	3	37
233	4	3	14	20	60	3	215
233	4	3	15	20	60	3	17
233	4	3	16	20	60	3	21
233	4	3	17	20	60	3	150
233	4	3	18	20	60	3	144
233	4	3	19	20	60	3	202
233	4	3	20	20	60	3	186
233	4	3	21	20	60	3	39
233	4	3	22	20	60	3	75
233	4	3	23	20	60	3	148
233	4	3	24	20	60	3	221
233	4	3	25	20	60	3	9
233	4	3	26	20	60	3	131
233	4	3	27	20	60	3	166
233	4	3	28	20	60	3	0
233	4	3	29	20	60	3	67
233	4	3	30	20	60	3	102
233	4	3	31	20	60	3	224
233	4	3	32	20	60	3	12
233	4	3	33	20	60	3	85
233	4	3	34	20	60	3	158
233	4	3	35	20	60	3	194
233	4	3	36	20	60	3	47
233	4	3	37	20	60	3	31
233	4	3	38	20	60	3	89
233	4	3	39	20	60	3	83
233	4	3	40	20	60	3	inf
233	4	3	41	20	60	3	216
233	4	3	42	20	60	3	inf
233	4	3	43	20	60	3	196
233	4	3	44	20	60	3	18
233	4	3	45	20	60	3	216
233	4	3	46	20	60	3	212
233	4	3	47	20	60	3	83
233	4	3	48	20	60	3	89
233	4	3	49	20	60	3	31
233	4	3	50	20	60	3	47
233	4	3	51	20	60	3	194
233	4	3	52	20	60	3	158
233	4	3	53	20	60	3	85
233	4	3	54	20	60	3	12
233	4	3	55	20	60	3	224
233	4	3	56	20	60	3	102
233	4	3	57	20	60	3	67
233	4	3	58	20	60	3	0
233	4	3	59	20	60	3	166
233	4	4	0	20	60	3	16
233	4	4	1	20	60	3	232
233	4	4	2	20	60	3	42
233	4	4	3	20	60	3	181
233	4	4	4	20	60	3	147
233	4	4	5	20	60	3	35
233	4	4	6	20	60	3	175
233	4	4	7	20	60	3	inf
233	4	4	8	20	60	3	58
233	4	4	9	20	60	3	198
233	4	4	10	20	60	3	86
233	4	4	11	20	60	3	52
233	4	4	12	20	60	3	191
233	4	4	13	20	60	3	1
233	4	4	14	20	60	3	217
233	4	4	15	20	60	3	162
233	4	4	16	20	60	3	193
233	4	4	17	20	60	3	151
233	4	4	18	20	60	3	117
233	4	4	19	20	60	3	170
233	4	4	20	20	60	3	210
233	4	4	21	20	60	3	190
233	4	4	22	20	60	3	65
233	4	4	23	20	60	3	190
233	4	4	24	20	60	3	210
233	4	4	25	20	60	3	170
233	4	4	26	20	60	3	117
233	4	4	27	20	60	3	151
233	4	4	28	20	60	3	193
233	4	4	29	20	60	3	162
233	4	4	30	20	60	3	217
233	4	4	31	20	60	3	1
233	4	4	32	20	60	3	191
233	4	4	33	20	60	3	52
233	4	4	34	20	60	3	86
233	4	4	35	20	60	3	198
233	4	4	36	20	60	3	58
233	4	4	37	20	60	3	inf
233	4	4	38	20	60	3	175
233	4	4	39	20	60	3	35
233	4	4	40	20	60	3	147
233	4	4	41	20	60	3	181
233	4	4	42	20	60	3	42
233	4	4	43	20	60	3	232
233	4	4	44	20	60	3	16
233	4	4	45	20	60	3	71
233	4	4	46	20	60	3	40
233	4	4	47	20	60	3	82
233	4	4	48	20	60	3	116
233	4	4	49	20	60	3	63
233	4	4	50	20	60	3	23
233	4	4	51	20	60	3	43
233	4	4	52	20	60	3	168
233	4	4	53	20	60	3	43
233	4	4	54	20	60	3	23
233	4	4	55	20	60	3	63
233	4	4	56	20	60	3	116
233	4	4	57	20	60	3	82
233	4	4	58	20	60	3	40
233	4	4	59	20	60	3	71
233	4	5	0	20	60	3	inf
233	4	5	1	20	60	3	196
233	4	5	2	20	60	3	18
233	4	5	3	20	60	3	216
233	4	5	4	20	60	3	212
233	4	5	5	20	60	3	83
233	4	5	6	20	60	3	89
233	4	5	7	20	60	3	31
233	4	5	8	20	60	3	47
233	4	5	9	20	60	3	194
233	4	5	10	20	60	3	158
233	4	5	11	20	60	3	85
233	4	5	12	20	60	3	12
233	4	5	13	20	60	3	224
233	4	5	14	20	60	3	102
233	4	5	15	20	60	3	67
233	4	5	16	20	60	3	0
233	4	5	17	20	60	3	166
233	4	5	18	20	60	3	131
233	4	5	19	20	60	3	9
233	4	5	20	20	60	3	221
233	4	5	21	20	60	3	148
233	4	5	22	20	60	3	75
233	4	5	23	20	60	3	39
233	4	5	24	20	60	3	186
233	4	5	25	20	60	3	202
233	4	5	26	20	60	3	144
233	4	5	27	20	60	3	150
233	4	5	28	20	60	3	21
233	4	5	29	20	60	3	17
233	4	5	30	20	60	3	215
233	4	5	31	20	60	3	37
233	4	5	32	20	60	3	215
233	4	5	33	20	60	3	17
233	4	5	34	20	60	3	21
233	4	5	35	20	60	3	150
233	4	5	36	20	60	3	144
233	4	5	37	20	60	3	202
233	4	5	38	20	60	3	186
233	4	5	39	20	60	3	39
233	4	5	40	20	60	3	75
233	4	5	41	20	60	3	148
233	4	5	42	20	60	3	221
233	4	5	43	20	60	3	9
233	4	5	44	20	60	3	131
233	4	5	45	20	60	3	166
233	4	5	46	20	60	3	0
233	4	5	47	20	60	3	67
233	4	5	48	20	60	3	102
233	4	5	49	20	60	3	224
233	4	5	50	20	60	3	12
233	4	5	51	20	60	3	85
233	4	5	52	20	60	3	158
233	4	5	53	20	60	3	194
233	4	5	54	20	60	3	47
233	4	5	55	20	60	3	31
233	4	5	56	20	60	3	89
233	4	5	57	20	60	3	83
233	4	5	58	20	60	3	inf
233	4	5	59	20	60	3	216
233	4	6	0	20	60	3	42
233	4	6	1	20	60	3	232
233	4	6	2	20	60	3	16
233	4	6	3	20	60	3	71
233	4	6	4	20	60	3	40
233	4	6	5	20	60	3	82
233	4	6	6	20	60	3	116
233	4	6	7	20	60	3	63
233	4	6	8	20	60	3	23
233	4	6	9	20	60	3	43
233	4	6	10	20	60	3	168
233	4	6	11	20	60	3	43
233	4	6	12	20	60	3	23
233	4	6	13	20	60	3	63
233	4	6	14	20	60	3	116
233	4	6	15	20	60	3	82
233	4	6	16	20	60	3	40
233	4	6	17	20	60	3	71
233	4	6	18	20	60	3	16
233	4	6	19	20	60	3	232
233	4	6	20	20	60	3	42
233	4	6	21	20	60	3	181
233	4	6	22	20	60	3	147
233	4	6	23	20	60	3	35
233	4	6	24	20	60	3	175
233	4	6	25	20	60	3	inf
233	4	6	26	20	60	3	58
233	4	6	27	20	60	3	198
233	4	6	28	20	60	3	86
233	4	6	29	20	60	3	52
233	4	6	30	20	60	3	191
233	4	6	31	20	60	3	1
233	4	6	32	20	60	3	217
233	4	6	33	20	60	3	162
233	4	6	34	20	60	3	193
233	4	6	35	20	60	3	151
233	4	6	36	20	60	3	117
233	4	6	37	20	60	3	170
233	4	6	38	20	60	3	210
233	4	6	39	20	60	3	190
233	4	6	40	20	60	3	65
233	4	6	41	20	60	3	190
233	4	6	42	20	60	3	210
233	4	6	43	20	60	3	170
233	4	6	44	20	60	3	117
233	4	6	45	20	60	3	151
233	4	6	46	20	60	3	193
233	4	6	47	20	60	3	162
233	4	6	48	20	60	3	217
233	4	6	49	20	60	3	1
233	4	6	50	20	60	3	191
233	4	6	51	20	60	3	52
233	4	6	52	20	60	3	86
233	4	6	53	20	60	3	198
233	4	6	54	20	60	3	58
233	4	6	55	20	60	3	inf
233	4	6	56	20	60	3	175
233	4	6	57	20	60	3	35
233	4	6	58	20	60	3	147
233	4	6	59	20	60	3	181
233	4	7	0	20	60	3	221
233	4	7	1	20	60	3	9
233	4	7	2	20	60	3	131
233	4	7	3	20	60	3	166
233	4	7	4	20	60	3	0
233	4	7	5	20	60	3	67
233	4	7	6	20	60	3	102
233	4	7	7	20	60	3	224
233	4	7	8	20	60	3	12
233	4	7	9	20	60	3	85
233	4	7	10	20	60	3	158
233	4	7	11	20	60	3	194
233	4	7	12	20	60	3	47
233	4	7	13	20	60	3	31
233	4	7	14	20	60	3	89
233	4	7	15	20	60	3	83
233	4	7	16	20	60	3	inf
233	4	7	17	20	60	3	216
233	4	7	18	20	60	3	inf
233	4	7	19	20	60	3	196
233	4	7	20	20	60	3	18
233	4	7	21	20	60	3	216
233	4	7	22	20	60	3	212
233	4	7	23	20	60	3	83
233	4	7	24	20	60	3	89
233	4	7	25	20	60	3	31
233	4	7	26	20	60	3	47
233	4	7	27	20	60	3	194
233	4	7	28	20	60	3	158
233	4	7	29	20	60	3	85
233	4	7	30	20	60	3	12
233	4	7	31	20	60	3	224
233	4	7	32	20	60	3	102
233	4	7	33	20	60	3	67
233	4	7	34	20	60	3	0
233	4	7	35	20	60	3	166
233	4	7	36	20	60	3	131
233	4	7	37	20	60	3	9
233	4	7	38	20	60	3	221
233	4	7	39	20	60	3	148
233	4	7	40	20	60	3	75
233	4	7	41	20	60	3	39
233	4	7	42	20	60	3	186
233	4	7	43	20	60	3	202
233	4	7	44	20	60	3	144
233	4	7	45	20	60	3	150
233	4	7	46	20	60	3	21
233	4	7	47	20	60	3	17
233	4	7	48	20	60	3	215
233	4	7	49	20	60	3	37
233	4	7	50	20	60	3	215
233	4	7	51	20	60	3	17
233	4	7	52	20	60	3	21
233	4	7	53	20	60	3	150
233	4	7	54	20	60	3	144
233	4	7	55	20	60	3	202
233	4	7	56	20	60	3	186
233	4	7	57	20	60	3	39
233	4	7	58	20	60	3	75
233	4	7	59	20	60	3	148
233	4	8	0	20	60	3	210
233	4	8	1	20	60	3	170
233	4	8	2	20	60	3	117
233	4	8	3	20	60	3	151
233	4	8	4	20	60	3	193
233	4	8	5	20	60	3	162
233	4	8	6	20	60	3	217
233	4	8	7	20	60	3	1
233	4	8	8	20	60	3	191
233	4	8	9	20	60	3	52
233	4	8	10	20	60	3	86
233	4	8	11	20	60	3	198
233	4	8	12	20	60	3	58
233	4	8	13	20	60	3	inf
233	4	8	14	20	60	3	175
233	4	8	15	20	60	3	35
233	4	8	16	20	60	3	147
233	4	8	17	20	60	3	181
233	4	8	18	20	60	3	42
233	4	8	19	20	60	3	232
233	4	8	20	20	60	3	16
233	4	8	21	20	60	3	71
233	4	8	22	20	60	3	40
233	4	8	23	20	60	3	82
233	4	8	24	20	60	3	116
233	4	8	25	20	60	3	63
233	4	8	26	20	60	3	23
233	4	8	27	20	60	3	43
233	4	8	28	20	60	3	168
233	4	8	29	20	60	3	43
233	4	8	30	20	60	3	23
233	4	8	31	20	60	3	63
233	4	8	32	20	60	3	116
233	4	8	33	20	60	3	82
233	4	8	34	20	60	3	40
233	4	8	35	20	60	3	71
233	4	8	36	20	60	3	16
233	4	8	37	20	60	3	232
233	4	8	38	20	60	3	42
233	4	8	39	20	60	3	181
233	4	8	40	20	60	3	147
233	4	8	41	20	60	3	35
233	4	8	42	20	60	3	175
233	4	8	43	20	60	3	inf
233	4	8	44	20	60	3	58
233	4	8	45	20	60	3	198
233	4	8	46	20	60	3	86
233	4	8	47	20	60	3	52
233	4	8	48	20	60	3	191
233	4	8	49	20	60	3	1
233	4	8	50	20	60	3	217
233	4	8	51	20	60	3	162
233	4	8	52	20	60	3	193
233	4	8	53	20	60	3	151
233	4	8	54	20	60	3	117
233	4	8	55	20	60	3	170
233	4	8	56	20	60	3	210
233	4	8	57	20	60	3	190
233	4	8	58	20	60	3	65
233	4	8	59	20	60	3	190
233	4	9	0	20	60	3	186
233	4	9	1	20	60	3	202
233	4	9	2	20	60	3	144
233	4	9	3	20	60	3	150
233	4	9	4	20	60	3	21
233	4	9	5	20	60	3	17
233	4	9	6	20	60	3	215
233	4	9	7	20	60	3	37
233	4	9	8	20	60	3	215
233	4	9	9	20	60	3	17
233	4	9	10	20	60	3	21
233	4	9	11	20	60	3	150
233	4	9	12	20	60	3	144
233	4	9	13	20	60	3	202
233	4	9	14	20	60	3	186
233	4	9	15	20	60	3	39
233	4	9	16	20	60	3	75
233	4	9	17	20	60	3	148
233	4	9	18	20	60	3	221
233	4	9	19	20	60	3	9
233	4	9	20	20	60	3	131
233	4	9	21	20	60	3	166
233	4	9	22	20	60	3	0
233	4	9	23	20	60	3	67
233	4	9	24	20	60	3	102
233	4	9	25	20	60	3	224
233	4	9	26	20	60	3	12
233	4	9	27	20	60	3	85
233	4	9	28	20	60	3	158
233	4	9	29	20	60	3	194
233	4	9	30	20	60	3	47
233	4	9	31	20	60	3	31
233	4	9	32	20	60	3	89
233	4	9	33	20	60	3	83
233	4	9	34	20	60	3	inf
233	4	9	35	20	60	3	216
233	4	9	36	20	60	3	inf
233	4	9	37	20	60	3	196
233	4	9	38	20	60	3	18
233	4	9	39	20	60	3	216
233	4	9	40	20	60	3	212
233	4	9	41	20	60	3	83
233	4	9	42	20	60	3	89
233	4	9	43	20	60	3	31
233	4	9	44	20	60	3	47
233	4	9	45	20	60	3	194
233	4	9	46	20	60	3	158
233	4	9	47	20	60	3	85
233	4	9	48	20	60	3	12
233	4	9	49	20	60	3	224
233	4	9	50	20	60	3	102
233	4	9	51	20	60	3	67
233	4	9	52	20	60	3	0
233	4	9	53	20	60	3	166
233	4	9	54	20	60	3	131
233	4	9	55	20	60	3	9
233	4	9	56	20	60	3	221
233	4	9	57	20	60	3	148
233	4	9	58	20	60	3	75
233	4	9	59	20	60	3	39
233	4	10	0	20	60	3	175
233	4	10	1	20	60	3	inf
233	4	10	2	20	60	3	58
233	4	10	3	20	60	3	198
233	4	10	4	20	60	3	86
233	4	10	5	20	60	3	52
233	4	10	6	20	60	3	191
233	4	10	7	20	60	3	1
233	4	10	8	20	60	3	217
233	4	10	9	20	60	3	162
233	4	10	10	20	60	3	193
233	4	10	11	20	60	3	151
233	4	10	12	20	60	3	117
233	4	10	13	20	60	3	170
233	4	10	14	20	60	3	210
233	4	10	15	20	60	3	190
233	4	10	16	20	60	3	65
233	4	10	17	20	60	3	190
233	4	10	18	20	60	3	210
233	4	10	19	20	60	3	170
233	4	10	20	20	60	3	117
233	4	10	21	20	60	3	151
233	4	10	22	20	60	3	193
233	4	10	23	20	60	3	162
233	4	10	24	20	60	3	217
233	4	10	25	20	60	3	1
233	4	10	26	20	60	3	191
233	4	10	27	20	60	3	52
233	4	10	28	20	60	3	86
233	4	10	29	20	60	3	198
233	4	10	30	20	60	3	58
233	4	10	31	20	60	3	inf
233	4	10	32	20	60	3	175
233	4	10	33	20	60	3	35
233	4	10	34	20	60	3	147
233	4	10	35	20	60	3	181
233	4	10	36	20	60	3	42
233	4	10	37	20	60	3	232
233	4	10	38	20	60	3	16
233	4	10	39	20	60	3	71
233	4	10	40	20	60	3	40
233	4	10	41	20	60	3	82
233	4	10	42	20	60	3	116
233	4	10	43	20	60	3	63
233	4	10	44	20	60	3	23
233	4	10	45	20	60	3	43
233	4	10	46	20	60	3	168
233	4	10	47	20	60	3	43
233	4	10	48	20	60	3	23
233	4	10	49	20	60	3	63
233	4	10	50	20	60	3	116
233	4	10	51	20	60	3	82
233	4	10	52	20	60	3	40
233	4	10	53	20	60	3	71
233	4	10	54	20	60	3	16
233	4	10	55	20	60	3	232
233	4	10	56	20	60	3	42
233	4	10	57	20	60	3	181
233	4	10	58	20	60	3	147
233	4	10	59	20	60	3	35
233	4	11	0	20	60	3	89
233	4	11	1	20	60	3	31
233	4	11	2	20	60	3	47
233	4	11	3	20	60	3	194
233	4	11	4	20	60	3	158
233	4	11	5	20	60	3	85
233	4	11	6	20	60	3	12
233	4	11	7	20	60	3	224
233	4	11	8	20	60	3	102
233	4	11	9	20	60	3	67
233	4	11	10	20	60	3	0
233	4	11	11	20	60	3	166
233	4	11	12	20	60	3	131
233	4	11	13	20	60	3	9
233	4	11	14	20	60	3	221
233	4	11	15	20	60	3	148
233	4	11	16	20	60	3	75
233	4	11	17	20	60	3	39
233	4	11	18	20	60	3	186
233	4	11	19	20	60	3	202
233	4	11	20	20	60	3	144
233	4	11	21	20	60	3	150
233	4	11	22	20	60	3	21
233	4	11	23	20	60	3	17
233	4	11	24	20	60	3	215
233	4	11	25	20	60	3	37
233	4	11	26	20	60	3	215
233	4	11	27	20	60	3	17
233	4	11	28	20	60	3	21
233	4	11	29	20	60	3	150
233	4	11	30	20	60	3	144
233	4	11	31	20	60	3	202
233	4	11	32	20	60	3	186
233	4	11	33	20	60	3	39
233	4	11	34	20	60	3	75
233	4	11	35	20	60	3	148
233	4	11	36	20	60	3	221
233	4	11	37	20	60	3	9
233	4	11	38	20	60	3	131
233	4	11	39	20	60	3	166
233	4	11	40	20	60	3	0
233	4	11	41	20	60	3	67
233	4	11	42	20	60	3	102
233	4	11	43	20	60	3	224
233	4	11	44	20	60	3	12
233	4	11	45	20	60	3	85
233	4	11	46	20	60	3	158
233	4	11	47	20	60	3	194
233	4	11	48	20	60	3	47
233	4	11	49	20	60	3	31
233	4	11	50	20	60	3	89
233	4	11	51	20	60	3	83
233	4	11	52	20	60	3	inf
233	4	11	53	20	60	3	216
233	4	11	54	20	60	3	inf
233	4	11	55	20	60	3	196
233	4	11	56	20	60	3	18
233	4	11	57	20	60	3	216
233	4	11	58	20	60	3	212
233	4	11	59	20	60	3	83
233	4	12	0	20	60	3	116
233	4	12	1	20	60	3	63
233	4	12	2	20	60	3	23
233	4	12	3	20	60	3	43
233	4	12	4	20	60	3	168
233	4	12	5	20	60	3	43
233	4	12	6	20	60	3	23
233	4	12	7	20	60	3	63
233	4	12	8	20	60	3	116
233	4	12	9	20	60	3	82
233	4	12	10	20	60	3	40
233	4	12	11	20	60	3	71
233	4	12	12	20	60	3	16
233	4	12	13	20	60	3	232
233	4	12	14	20	60	3	42
233	4	12	15	20	60	3	181
233	4	12	16	20	60	3	147
233	4	12	17	20	60	3	35
233	4	12	18	20	60	3	175
233	4	12	19	20	60	3	inf
233	4	12	20	20	60	3	58
233	4	12	21	20	60	3	198
233	4	12	22	20	60	3	86
233	4	12	23	20	60	3	52
233	4	12	24	20	60	3	191
233	4	12	25	20	60	3	1
233	4	12	26	20	60	3	217
233	4	12	27	20	60	3	162
233	4	12	28	20	60	3	193
233	4	12	29	20	60	3	151
233	4	12	30	20	60	3	117
233	4	12	31	20	60	3	170
233	4	12	32	20	60	3	210
233	4	12	33	20	60	3	190
233	4	12	34	20	60	3	65
233	4	12	35	20	60	3	190
233	4	12	36	20	60	3	210
233	4	12	37	20	60	3	170
233	4	12	38	20	60	3	117
233	4	12	39	20	60	3	151
233	4	12	40	20	60	3	193
233	4	12	41	20	60	3	162
233	4	12	42	20	60	3	217
233	4	12	43	20	60	3	1
233	4	12	44	20	60	3	191
233	4	12	45	20	60	3	52
233	4	12	46	20	60	3	86
233	4	12	47	20	60	3	198
233	4	12	48	20	60	3	58
233	4	12	49	20	60	3	inf
233	4	12	50	20	60	3	175
233	4	12	51	20	60	3	35
233	4	12	52	20	60	3	147
233	4	12	53	20	60	3	181
233	4	12	54	20	60	3	42
233	4	12	55	20	60	3	232
233	4	12	56	20	60	3	16
233	4	12	57	20	60	3	71
233	4	12	58	20	60	3	40
233	4	12	59	20	60	3	82
233	4	13	0	20	60	3	102
233	4	13	1	20	60	3	224
233	4	13	2	20	60	3	12
233	4	13	3	20	60	3	85
233	4	13	4	20	60	3	158
233	4	13	5	20	60	3	194
233	4	13	6	20	60	3	47
233	4	13	7	20	60	3	31
233	4	13	8	20	60	3	89
233	4	13	9	20	60	3	83
233	4	13	10	20	60	3	inf
233	4	13	11	20	60	3	216
233	4	13	12	20	60	3	inf
233	4	13	13	20	60	3	196
233	4	13	14	20	60	3	18
233	4	13	15	20	60	3	216
233	4	13	16	20	60	3	212
233	4	13	17	20	60	3	83
233	4	13	18	20	60	3	89
233	4	13	19	20	60	3	31
233	4	13	20	20	60	3	47
233	4	13	21	20	60	3	194
233	4	13	22	20	60	3	158
233	4	13	23	20	60	3	85
233	4	13	24	20	60	3	12
233	4	13	25	20	60	3	224
233	4	13	26	20	60	3	102
233	4	13	27	20	60	3	67
233	4	13	28	20	60	3	0
233	4	13	29	20	60	3	166
233	4	13	30	20	60	3	131
233	4	13	31	20	60	3	9
233	4	13	32	20	60	3	221
233	4	13	33	20	60	3	148
233	4	13	34	20	60	3	75
233	4	13	35	20	60	3	39
233	4	13	36	20	60	3	186
233	4	13	37	20	60	3	202
233	4	13	38	20	60	3	144
233	4	13	39	20	60	3	150
233	4	13	40	20	60	3	21
233	4	13	41	20	60	3	17
233	4	13	42	20	60	3	215
233	4	13	43	20	60	3	37
233	4	13	44	20	60	3	215
233	4	13	45	20	60	3	17
233	4	13	46	20	60	3	21
233	4	13	47	20	60	3	150
233	4	13	48	20	60	3	144
233	4	13	49	20	60	3	202
233	4	13	50	20	60	3	186
233	4	13	51	20	60	3	39
233	4	13	52	20	60	3	75
233	4	13	53	20	60	3	148
233	4	13	54	20	60	3	221
233	4	13	55	20	60	3	9
233	4	13	56	20	60	3	131
233	4	13	57	20	60	3	166
233	4	13	58	20	60	3	0
233	4	13	59	20	60	3	67
233	4	14	0	20	60	3	217
233	4	14	1	20	60	3	1
233	4	14	2	20	60	3	191
233	4	14	3	20	60	3	52
233	4	14	4	20	60	3	86
233	4	14	5	20	60	3	198
233	4	14	6	20	60	3	58
233	4	14	7	20	60	3	inf
233	4	14	8	20	60	3	175
233	4	14	9	20	60	3	35
233	4	14	10	20	60	3	147
233	4	14	11	20	60	3	181
233	4	14	12	20	60	3	42
233	4	14	13	20	60	3	232
233	4	14	14	20	60	3	16
233	4	14	15	20	60	3	71
233	4	14	16	20	60	3	40
233	4	14	17	20	60	3	82
233	4	14	18	20	60	3	116
233	4	14	19	20	60	3	63
233	4	14	20	20	60	3	23
233	4	14	21	20	60	3	43
233	4	14	22	20	60	3	168
233	4	14	23	20	60	3	43
233	4	14	24	20	60	3	23
233	4	14	25	20	60	3	63
233	4	14	26	20	60	3	116
233	4	14	27	20	60	3	82
233	4	14	28	20	60	3	40
233	4	14	29	20	60	3	71
233	4	14	30	20	60	3	16
233	4	14	31	20	60	3	232
233	4	14	32	20	60	3	42
233	4	14	33	20	60	3	181
233	4	14	34	20	60	3	147
233	4	14	35	20	60	3	35
233	4	14	36	20	60	3	175
233	4	14	37	20	60	3	inf
233	4	14	38	20	60	3	58
233	4	14	39	20	60	3	198
233	4	14	40	20	60	3	86
233	4	14	41	20	60	3	52
233	4	14	42	20	60	3	191
233	4	14	43	20	60	3	1
233	4	14	44	20	60	3	217
233	4	14	45	20	60	3	162
233	4	14	46	20	60	3	193
233	4	14	47	20	60	3	151
233	4	14	48	20	60	3	117
233	4	14	49	20	60	3	170
233	4	14	50	20	60	3	210
233	4	14	51	20	60	3	190
233	4	14	52	20	60	3	65
233	4	14	53	20	60	3	190
233	4	14	54	20	60	3	210
233	4	14	55	20	60	3	170
233	4	14	56	20	60	3	117
233	4	14	57	20	60	3	151
233	4	14	58	20	60	3	193
233	4	14	59	20	60	3	162
233	4	15	0	20	60	3	215
233	4	15	1	20	60	3	37
233	4	15	2	20	60	3	215
233	4	15	3	20	60	3	17
233	4	15	4	20	60	3	21
233	4	15	5	20	60	3	150
233	4	15	6	20	60	3	144
233	4	15	7	20	60	3	202
233	4	15	8	20	60	3	186
233	4	15	9	20	60	3	39
233	4	15	10	20	60	3	75
233	4	15	11	20	60	3	148
233	4	15	12	20	60	3	221
233	4	15	13	20	60	3	9
233	4	15	14	20	60	3	131
233	4	15	15	20	60	3	166
233	4	15	16	20	60	3	0
233	4	15	17	20	60	3	67
233	4	15	18	20	60	3	102
233	4	15	19	20	60	3	224
233	4	15	20	20	60	3	12
233	4	15	21	20	60	3	85
233	4	15	22	20	60	3	158
233	4	15	23	20	60	3	194
233	4	15	24	20	60	3	47
233	4	15	25	20	60	3	31
233	4	15	26	20	60	3	89
233	4	15	27	20	60	3	83
233	4	15	28	20	60	3	inf
233	4	15	29	20	60	3	216
233	4	15	30	20	60	3	inf
233	4	15	31	20	60	3	196
233	4	15	32	20	60	3	18
233	4	15	33	20	60	3	216
233	4	15	34	20	60	3	212
233	4	15	35	20	60	3	83
233	4	15	36	20	60	3	89
233	4	15	37	20	60	3	31
233	4	15	38	20	60	3	47
233	4	15	39	20	60	3	194
233	4	15	40	20	60	3	158
233	4	15	41	20	60	3	85
233	4	15	42	20	60	3	12
233	4	15	43	20	60	3	224
233	4	15	44	20	60	3	102
233	4	15	45	20	60	3	67
233	4	15	46	20	60	3	0
233	4	15	47	20	60	3	166
233	4	15	48	20	60	3	131
233	4	15	49	20	60	3	9
233	4	15	50	20	60	3	221
233	4	15	51	20	60	3	148
233	4	15	52	20	60	3	75
233	4	15	53	20	60	3	39
233	4	15	54	20	60	3	186
233	4	15	55	20	60	3	202
233	4	15	56	20	60	3	144
233	4	15	57	20	60	3	150
233	4	15	58	20	60	3	21
233	4	15	59	20	60	3	17
233	4	16	0	20	60	3	191
233	4	16	1	20	60	3	1
233	4	16	2	20	60	3	217
233	4	16	3	20	60	3	162
233	4	16	4	20	60	3	193
233	4	16	5	20	60	3	151
233	4	16	6	20	60	3	117
233	4	16	7	20	60	3	170
233	4	16	8	20	60	3	210
233	4	16	9	20	60	3	190
233	4	16	10	20	60	3	65
233	4	16	11	20	60	3	190
233	4	16	12	20	60	3	210
233	4	16	13	20	60	3	170
233	4	16	14	20	60	3	117
233	4	16	15	20	60	3	151
233	4	16	16	20	60	3	193
233	4	16	17	20	60	3	162
233	4	16	18	20	60	3	217
233	4	16	19	20	60	3	1
233	4	16	20	20	60	3	191
233	4	16	21	20	60	3	52
233	4	16	22	20	60	3	86
233	4	16	23	20	60	3	198
233	4	16	24	20	60	3	58
233	4	16	25	20	60	3	inf
233	4	16	26	20	60	3	175
233	4	16	27	20	60	3	35
233	4	16	28	20	60	3	147
233	4	16	29	20	60	3	181
233	4	16	30	20	60	3	42
233	4	16	31	20	60	3	232
233	4	16	32	20	60	3	16
233	4	16	33	20	60	3	71
233	4	16	34	20	60	3	40
233	4	16	35	20	60	3	82
233	4	16	36	20	60	3	116
233	4	16	37	20	60	3	63
233	4	16	38	20	60	3	23
233	4	16	39	20	60	3	43
233	4	16	40	20	60	3	168
233	4	16	41	20	60	3	43
233	4	16	42	20	60	3	23
233	4	16	43	20	60	3	63
233	4	16	44	20	60	3	116
233	4	16	45	20	60	3	82
233	4	16	46	20	60	3	40
233	4	16	47	20	60	3	71
233	4	16	48	20	60	3	16
233	4	16	49	20	60	3	232
233	4	16	50	20	60	3	42
233	4	16	51	20	60	3	181
233	4	16	52	20	60	3	147
233	4	16	53	20	60	3	35
233	4	16	54	20	60	3	175
233	4	16	55	20	60	3	inf
233	4	16	56	20	60	3	58
233	4	16	57	20	60	3	198
233	4	16	58	20	60	3	86
233	4	16	59	20	60	3	52
233	4	17	0	20	60	3	12
233	4	17	1	20	60	3	224
233	4	17	2	20	60	3	102
233	4	17	3	20	60	3	67
233	4	17	4	20	60	3	0
233	4	17	5	20	60	3	166
233	4	17	6	20	60	3	131
233	4	17	7	20	60	3	9
233	4	17	8	20	60	3	221
233	4	17	9	20	60	3	148
233	4	17	10	20	60	3	75
233	4	17	11	20	60	3	39
233	4	17	12	20	60	3	186
233	4	17	13	20	60	3	202
233	4	17	14	20	60	3	144
233	4	17	15	20	60	3	150
233	4	17	16	20	60	3	21
233	4	17	17	20	60	3	17
233	4	17	18	20	60	3	215
233	4	17	19	20	60	3	37
233	4	17	20	20	60	3	215
233	4	17	21	20	60	3	17
233	4	17	22	20	60	3	21
233	4	17	23	20	60	3	150
233	4	17	24	20	60	3	144
233	4	17	25	20	60	3	202
233	4	17	26	20	60	3	186
233	4	17	27	20	60	3	39
233	4	17	28	20	60	3	75
233	4	17	29	20	60	3	148
233	4	17	30	20	60	3	221
233	4	17	31	20	60	3	9
233	4	17	32	20	60	3	131
233	4	17	33	20	60	3	166
233	4	17	34	20	60	3	0
233	4	17	35	20	60	3	67
233	4	17	36	20	60	3	102
233	4	17	37	20	60	3	224
233	4	17	38	20	60	3	12
233	4	17	39	20	60	3	85
233	4	17	40	20	60	3	158
233	4	17	41	20	60	3	194
233	4	17	42	20	60	3	47
233	4	17	43	20	60	3	31
233	4	17	44	20	60	3	89
233	4	17	45	20	60	3	83
233	4	17	46	20	60	3	inf
233	4	17	47	20	60	3	216
233	4	17	48	20	60	3	inf
233	4	17	49	20	60	3	196
233	4	17	50	20	60	3	18
233	4	17	51	20	60	3	216
233	4	17	52	20	60	3	212
233	4	17	53	20	60	3	83
233	4	17	54	20	60	3	89
233	4	17	55	20	60	3	31
233	4	17	56	20	60	3	47
233	4	17	57	20	60	3	194
233	4	17	58	20	60	3	158
233	4	17	59	20	60	3	85
233	4	18	0	20	60	3	23
233	4	18	1	20	60	3	63
233	4	18	2	20	60	3	116
233	4	18	3	20	60	3	82
233	4	18	4	20	60	3	40
233	4	18	5	20	60	3	71
233	4	18	6	20	60	3	16
233	4	18	7	20	60	3	232
233	4	18	8	20	60	3	42
233	4	18	9	20	60	3	181
233	4	18	10	20	60	3	147
233	4	18	11	20	60	3	35
233	4	18	12	20	60	3	175
233	4	18	13	20	60	3	inf
233	4	18	14	20	60	3	58
233	4	18	15	20	60	3	198
233	4	18	16	20	60	3	86
233	4	18	17	20	60	3	52
233	4	18	18	20	60	3	191
233	4	18	19	20	60	3	1
233	4	18	20	20	60	3	217
233	4	18	21	20	60	3	162
233	4	18	22	20	60	3	193
233	4	18	23	20	60	3	151
233	4	18	24	20	60	3	117
233	4	18	25	20	60	3	170
233	4	18	26	20	60	3	210
233	4	18	27	20	60	3	190
233	4	18	28	20	60	3	65
233	4	18	29	20	60	3	190
233	4	18	30	20	60	3	210
233	4	18	31	20	60	3	170
233	4	18	32	20	60	3	117
233	4	18	33	20	60	3	151
233	4	18	34	20	60	3	193
233	4	18	35	20	60	3	162
233	4	18	36	20	60	3	217
233	4	18	37	20	60	3	1
233	4	18	38	20	60	3	191
233	4	18	39	20	60	3	52
233	4	18	40	20	60	3	86
233	4	18	41	20	60	3	198
233	4	18	42	20	60	3	58
233	4	18	43	20	60	3	inf
233	4	18	44	20	60	3	175
233	4	18	45	20	60	3	35
233	4	18	46	20	60	3	147
233	4	18	47	20	60	3	181
233	4	18	48	20	60	3	42
233	4	18	49	20	60	3	232
233	4	18	50	20	60	3	16
233	4	18	51	20	60	3	71
233	4	18	52	20	60	3	40
233	4	18	53	20	60	3	82
233	4	18	54	20	60	3	116
233	4	18	55	20	60	3	63
233	4	18	56	20	60	3	23
233	4	18	57	20	60	3	43
233	4	18	58	20	60	3	168
233	4	18	59	20	60	3	43
233	4	19	0	20	60	3	47
233	4	19	1	20	60	3	31
233	4	19	2	20	60	3	89
233	4	19	3	20	60	3	83
233	4	19	4	20	60	3	inf
233	4	19	5	20	60	3	216
233	4	19	6	20	60	3	inf
233	4	19	7	20	60	3	196
233	4	19	8	20	60	3	18
233	4	19	9	20	60	3	216
233	4	19	10	20	60	3	212
233	4	19	11	20	60	3	83
233	4	19	12	20	60	3	89
233	4	19	13	20	60	3	31
233	4	19	14	20	60	3	47
233	4	19	15	20	60	3	194
233	4	19	16	20	60	3	158
233	4	19	17	20	60	3	85
233	4	19	18	20	60	3	12
233	4	19	19	20	60	3	224
233	4	19	20	20	60	3	102
233	4	19	21	20	60	3	67
233	4	19	22	20	60	3	0
233	4	19	23	20	60	3	166
233	4	19	24	20	60	3	131
233	4	19	25	20	60	3	9
233	4	19	26	20	60	3	221
233	4	19	27	20	60	3	148
233	4	19	28	20	60	3	75
233	4	19	29	20	60	3	39
233	4	19	30	20	60	3	186
233	4	19	31	20	60	3	202
233	4	19	32	20	60	3	144
233	4	19	33	20	60	3	150
233	4	19	34	20	60	3	21
233	4	19	35	20	60	3	17
233	4	19	36	20	60	3	215
233	4	19	37	20	60	3	37
233	4	19	38	20	60	3	215
233	4	19	39	20	60	3	17
233	4	19	40	20	60	3	21
233	4	19	41	20	60	3	150
233	4	19	42	20	60	3	144
233	4	19	43	20	60	3	202
233	4	19	44	20	60	3	186
233	4	19	45	20	60	3	39
233	4	19	46	20	60	3	75
233	4	19	47	20	60	3	148
233	4	19	48	20	60	3	221
233	4	19	49	20	60	3	9
233	4	19	50	20	60	3	131
233	4	19	51	20	60	3	166
233	4	19	52	20	60	3	0
233	4	19	53	20	60	3	67
233	4	19	54	20	60	3	102
233	4	19	55	20	60	3	224
233	4	19	56	20	60	3	12
233	4	19	57	20	60	3	85
233	4	19	58	20	60	3	158
233	4	19	59	20	60	3	194
