prime	torsion_coset	m	n	ord_g1	ord_g2	state	t
239	1	0	0	58	116	3	inf
239	1	0	6	58	116	2	109
239	1	0	8	58	116	2	124
239	1	0	27	58	116	2	224
239	1	0	28	58	116	3	226
239	1	0	30	58	116	3	inf
239	1	0	32	58	116	3	13
239	1	0	33	58	116	2	15
239	1	0	52	58	116	2	115
239	1	0	54	58	116	2	130
239	1	0	64	58	116	2	130
239	1	0	66	58	116	2	115
239	1	0	85	58	116	2	15
239	1	0	86	58	116	3	13
239	1	0	88	58	116	3	inf
239	1	0	90	58	116	3	226
239	1	0	91	58	116	2	224
239	1	0	110	58	116	2	124
239	1	0	112	58	116	2	109
239	1	0	114	58	116	3	inf
239	1	1	0	58	116	2	29
239	1	1	1	58	116	2	238
239	1	1	5	58	116	2	238
239	1	1	6	58	116	2	29
239	1	1	16	58	116	2	21
239	1	1	26	58	116	2	203
239	1	1	32	58	116	3	0
239	1	1	38	58	116	2	36
239	1	1	48	58	116	2	218
239	1	1	58	58	116	2	210
239	1	1	59	58	116	2	1
239	1	1	63	58	116	2	1
239	1	1	64	58	116	2	210
239	1	1	74	58	116	2	218
239	1	1	84	58	116	2	36
239	1	1	90	58	116	3	0
239	1	1	96	58	116	2	203
239	1	1	106	58	116	2	21
239	1	2	0	58	116	2	109
239	1	2	2	58	116	3	inf
239	1	2	4	58	116	3	inf
239	1	2	10	58	116	2	109
239	1	2	12	58	116	2	124
239	1	2	31	58	116	2	224
239	1	2	32	58	116	3	226
239	1	2	34	58	116	3	inf
239	1	2	36	58	116	3	13
239	1	2	37	58	116	2	15
239	1	2	56	58	116	2	115
239	1	2	58	58	116	2	130
239	1	2	68	58	116	2	130
239	1	2	70	58	116	2	115
239	1	2	89	58	116	2	15
239	1	2	90	58	116	3	13
239	1	2	92	58	116	3	inf
239	1	2	94	58	116	3	226
239	1	2	95	58	116	2	224
239	1	2	114	58	116	2	124
239	1	3	4	58	116	2	29
239	1	3	5	58	116	2	238
239	1	3	9	58	116	2	238
239	1	3	10	58	116	2	29
239	1	3	20	58	116	2	21
239	1	3	30	58	116	2	203
239	1	3	36	58	116	3	0
239	1	3	42	58	116	2	36
239	1	3	52	58	116	2	218
239	1	3	62	58	116	2	210
239	1	3	63	58	116	2	1
239	1	3	67	58	116	2	1
239	1	3	68	58	116	2	210
239	1	3	78	58	116	2	218
239	1	3	88	58	116	2	36
239	1	3	94	58	116	3	0
239	1	3	100	58	116	2	203
239	1	3	110	58	116	2	21
239	1	4	2	58	116	2	124
239	1	4	4	58	116	2	109
239	1	4	6	58	116	3	inf
239	1	4	8	58	116	3	inf
239	1	4	14	58	116	2	109
239	1	4	16	58	116	2	124
239	1	4	35	58	116	2	224
239	1	4	36	58	116	3	226
239	1	4	38	58	116	3	inf
239	1	4	40	58	116	3	13
239	1	4	41	58	116	2	15
239	1	4	60	58	116	2	115
239	1	4	62	58	116	2	130
239	1	4	72	58	116	2	130
239	1	4	74	58	116	2	115
239	1	4	93	58	116	2	15
239	1	4	94	58	116	3	13
239	1	4	96	58	116	3	inf
239	1	4	98	58	116	3	226
239	1	4	99	58	116	2	224
239	1	5	8	58	116	2	29
239	1	5	9	58	116	2	238
239	1	5	13	58	116	2	238
239	1	5	14	58	116	2	29
239	1	5	24	58	116	2	21
239	1	5	34	58	116	2	203
239	1	5	40	58	116	3	0
239	1	5	46	58	116	2	36
239	1	5	56	58	116	2	218
239	1	5	66	58	116	2	210
239	1	5	67	58	116	2	1
239	1	5	71	58	116	2	1
239	1	5	72	58	116	2	210
239	1	5	82	58	116	2	218
239	1	5	92	58	116	2	36
239	1	5	98	58	116	3	0
239	1	5	104	58	116	2	203
239	1	5	114	58	116	2	21
239	1	6	6	58	116	2	124
239	1	6	8	58	116	2	109
239	1	6	10	58	116	3	inf
239	1	6	12	58	116	3	inf
239	1	6	18	58	116	2	109
239	1	6	20	58	116	2	124
239	1	6	39	58	116	2	224
239	1	6	40	58	116	3	226
239	1	6	42	58	116	3	inf
239	1	6	44	58	116	3	13
239	1	6	45	58	116	2	15
239	1	6	64	58	116	2	115
239	1	6	66	58	116	2	130
239	1	6	76	58	116	2	130
239	1	6	78	58	116	2	115
239	1	6	97	58	116	2	15
239	1	6	98	58	116	3	13
239	1	6	100	58	116	3	inf
239	1	6	102	58	116	3	226
239	1	6	103	58	116	2	224
239	1	7	2	58	116	2	21
239	1	7	12	58	116	2	29
239	1	7	13	58	116	2	238
239	1	7	17	58	116	2	238
239	1	7	18	58	116	2	29
239	1	7	28	58	116	2	21
239	1	7	38	58	116	2	203
239	1	7	44	58	116	3	0
239	1	7	50	58	116	2	36
239	1	7	60	58	116	2	218
239	1	7	70	58	116	2	210
239	1	7	71	58	116	2	1
239	1	7	75	58	116	2	1
239	1	7	76	58	116	2	210
239	1	7	86	58	116	2	218
239	1	7	96	58	116	2	36
239	1	7	102	58	116	3	0
239	1	7	108	58	116	2	203
239	1	8	10	58	116	2	124
239	1	8	12	58	116	2	109
239	1	8	14	58	116	3	inf
239	1	8	16	58	116	3	inf
239	1	8	22	58	116	2	109
239	1	8	24	58	116	2	124
239	1	8	43	58	116	2	224
239	1	8	44	58	116	3	226
239	1	8	46	58	116	3	inf
239	1	8	48	58	116	3	13
239	1	8	49	58	116	2	15
239	1	8	68	58	116	2	115
239	1	8	70	58	116	2	130
239	1	8	80	58	116	2	130
239	1	8	82	58	116	2	115
239	1	8	101	58	116	2	15
239	1	8	102	58	116	3	13
239	1	8	104	58	116	3	inf
239	1	8	106	58	116	3	226
239	1	8	107	58	116	2	224
239	1	9	6	58	116	2	21
239	1	9	16	58	116	2	29
239	1	9	17	58	116	2	238
239	1	9	21	58	116	2	238
239	1	9	22	58	116	2	29
239	1	9	32	58	116	2	21
239	1	9	42	58	116	2	203
239	1	9	48	58	116	3	0
239	1	9	54	58	116	2	36
239	1	9	64	58	116	2	218
239	1	9	74	58	116	2	210
239	1	9	75	58	116	2	1
239	1	9	79	58	116	2	1
239	1	9	80	58	116	2	210
239	1	9	90	58	116	2	218
239	1	9	100	58	116	2	36
239	1	9	106	58	116	3	0
239	1	9	112	58	116	2	203
239	1	10	14	58	116	2	124
239	1	10	16	58	116	2	109
239	1	10	18	58	116	3	inf
239	1	10	20	58	116	3	inf
239	1	10	26	58	116	2	109
239	1	10	28	58	116	2	124
239	1	10	47	58	116	2	224
239	1	10	48	58	116	3	226
239	1	10	50	58	116	3	inf
239	1	10	52	58	116	3	13
239	1	10	53	58	116	2	15
239	1	10	72	58	116	2	115
239	1	10	74	58	116	2	130
239	1	10	84	58	116	2	130
239	1	10	86	58	116	2	115
239	1	10	105	58	116	2	15
239	1	10	106	58	116	3	13
239	1	10	108	58	116	3	inf
239	1	10	110	58	116	3	226
239	1	10	111	58	116	2	224
239	1	11	0	58	116	2	203
239	1	11	10	58	116	2	21
239	1	11	20	58	116	2	29
239	1	11	21	58	116	2	238
239	1	11	25	58	116	2	238
239	1	11	26	58	116	2	29
239	1	11	36	58	116	2	21
239	1	11	46	58	116	2	203
239	1	11	52	58	116	3	0
239	1	11	58	58	116	2	36
239	1	11	68	58	116	2	218
239	1	11	78	58	116	2	210
239	1	11	79	58	116	2	1
239	1	11	83	58	116	2	1
239	1	11	84	58	116	2	210
239	1	11	94	58	116	2	218
239	1	11	104	58	116	2	36
239	1	11	110	58	116	3	0
239	1	12	18	58	116	2	124
239	1	12	20	58	116	2	109
239	1	12	22	58	116	3	inf
239	1	12	24	58	116	3	inf
239	1	12	30	58	116	2	109
239	1	12	32	58	116	2	124
239	1	12	51	58	116	2	224
239	1	12	52	58	116	3	226
239	1	12	54	58	116	3	inf
239	1	12	56	58	116	3	13
239	1	12	57	58	116	2	15
239	1	12	76	58	116	2	115
239	1	12	78	58	116	2	130
239	1	12	88	58	116	2	130
239	1	12	90	58	116	2	115
239	1	12	109	58	116	2	15
239	1	12	110	58	116	3	13
239	1	12	112	58	116	3	inf
239	1	12	114	58	116	3	226
239	1	12	115	58	116	2	224
239	1	13	4	58	116	2	203
239	1	13	14	58	116	2	21
239	1	13	24	58	116	2	29
239	1	13	25	58	116	2	238
239	1	13	29	58	116	2	238
239	1	13	30	58	116	2	29
239	1	13	40	58	116	2	21
239	1	13	50	58	116	2	203
239	1	13	56	58	116	3	0
239	1	13	62	58	116	2	36
239	1	13	72	58	116	2	218
239	1	13	82	58	116	2	210
239	1	13	83	58	116	2	1
239	1	13	87	58	116	2	1
239	1	13	88	58	116	2	210
239	1	13	98	58	116	2	218
239	1	13	108	58	116	2	36
239	1	13	114	58	116	3	0
239	1	14	0	58	116	3	inf
239	1	14	2	58	116	3	226
239	1	14	3	58	116	2	224
239	1	14	22	58	116	2	124
239	1	14	24	58	116	2	109
239	1	14	26	58	116	3	inf
239	1	14	28	58	116	3	inf
239	1	14	34	58	116	2	109
239	1	14	36	58	116	2	124
239	1	14	55	58	116	2	224
239	1	14	56	58	116	3	226
239	1	14	58	58	116	3	inf
239	1	14	60	58	116	3	13
239	1	14	61	58	116	2	15
239	1	14	80	58	116	2	115
239	1	14	82	58	116	2	130
239	1	14	92	58	116	2	130
239	1	14	94	58	116	2	115
239	1	14	113	58	116	2	15
239	1	14	114	58	116	3	13
239	1	15	2	58	116	3	0
239	1	15	8	58	116	2	203
239	1	15	18	58	116	2	21
239	1	15	28	58	116	2	29
239	1	15	29	58	116	2	238
239	1	15	33	58	116	2	238
239	1	15	34	58	116	2	29
239	1	15	44	58	116	2	21
239	1	15	54	58	116	2	203
239	1	15	60	58	116	3	0
239	1	15	66	58	116	2	36
239	1	15	76	58	116	2	218
239	1	15	86	58	116	2	210
239	1	15	87	58	116	2	1
239	1	15	91	58	116	2	1
239	1	15	92	58	116	2	210
239	1	15	102	58	116	2	218
239	1	15	112	58	116	2	36
239	1	16	1	58	116	2	15
239	1	16	2	58	116	3	13
239	1	16	4	58	116	3	inf
239	1	16	6	58	116	3	226
239	1	16	7	58	116	2	224
239	1	16	26	58	116	2	124
239	1	16	28	58	116	2	109
239	1	16	30	58	116	3	inf
239	1	16	32	58	116	3	inf
239	1	16	38	58	116	2	109
239	1	16	40	58	116	2	124
239	1	16	59	58	116	2	224
239	1	16	60	58	116	3	226
239	1	16	62	58	116	3	inf
239	1	16	64	58	116	3	13
239	1	16	65	58	116	2	15
239	1	16	84	58	116	2	115
239	1	16	86	58	116	2	130
239	1	16	96	58	116	2	130
239	1	16	98	58	116	2	115
239	1	17	0	58	116	2	36
239	1	17	6	58	116	3	0
239	1	17	12	58	116	2	203
239	1	17	22	58	116	2	21
239	1	17	32	58	116	2	29
239	1	17	33	58	116	2	238
239	1	17	37	58	116	2	238
239	1	17	38	58	116	2	29
239	1	17	48	58	116	2	21
239	1	17	58	58	116	2	203
239	1	17	64	58	116	3	0
239	1	17	70	58	116	2	36
239	1	17	80	58	116	2	218
239	1	17	90	58	116	2	210
239	1	17	91	58	116	2	1
239	1	17	95	58	116	2	1
239	1	17	96	58	116	2	210
239	1	17	106	58	116	2	218
239	1	18	5	58	116	2	15
239	1	18	6	58	116	3	13
239	1	18	8	58	116	3	inf
239	1	18	10	58	116	3	226
239	1	18	11	58	116	2	224
239	1	18	30	58	116	2	124
239	1	18	32	58	116	2	109
239	1	18	34	58	116	3	inf
239	1	18	36	58	116	3	inf
239	1	18	42	58	116	2	109
239	1	18	44	58	116	2	124
239	1	18	63	58	116	2	224
239	1	18	64	58	116	3	226
239	1	18	66	58	116	3	inf
239	1	18	68	58	116	3	13
239	1	18	69	58	116	2	15
239	1	18	88	58	116	2	115
239	1	18	90	58	116	2	130
239	1	18	100	58	116	2	130
239	1	18	102	58	116	2	115
239	1	19	4	58	116	2	36
239	1	19	10	58	116	3	0
239	1	19	16	58	116	2	203
239	1	19	26	58	116	2	21
239	1	19	36	58	116	2	29
239	1	19	37	58	116	2	238
239	1	19	41	58	116	2	238
239	1	19	42	58	116	2	29
239	1	19	52	58	116	2	21
239	1	19	62	58	116	2	203
239	1	19	68	58	116	3	0
239	1	19	74	58	116	2	36
239	1	19	84	58	116	2	218
239	1	19	94	58	116	2	210
239	1	19	95	58	116	2	1
239	1	19	99	58	116	2	1
239	1	19	100	58	116	2	210
239	1	19	110	58	116	2	218
239	1	20	9	58	116	2	15
239	1	20	10	58	116	3	13
239	1	20	12	58	116	3	inf
239	1	20	14	58	116	3	226
239	1	20	15	58	116	2	224
239	1	20	34	58	116	2	124
239	1	20	36	58	116	2	109
239	1	20	38	58	116	3	inf
239	1	20	40	58	116	3	inf
239	1	20	46	58	116	2	109
239	1	20	48	58	116	2	124
239	1	20	67	58	116	2	224
239	1	20	68	58	116	3	226
239	1	20	70	58	116	3	inf
239	1	20	72	58	116	3	13
239	1	20	73	58	116	2	15
239	1	20	92	58	116	2	115
239	1	20	94	58	116	2	130
239	1	20	104	58	116	2	130
239	1	20	106	58	116	2	115
239	1	21	8	58	116	2	36
239	1	21	14	58	116	3	0
239	1	21	20	58	116	2	203
239	1	21	30	58	116	2	21
239	1	21	40	58	116	2	29
239	1	21	41	58	116	2	238
239	1	21	45	58	116	2	238
239	1	21	46	58	116	2	29
239	1	21	56	58	116	2	21
239	1	21	66	58	116	2	203
239	1	21	72	58	116	3	0
239	1	21	78	58	116	2	36
239	1	21	88	58	116	2	218
239	1	21	98	58	116	2	210
239	1	21	99	58	116	2	1
239	1	21	103	58	116	2	1
239	1	21	104	58	116	2	210
239	1	21	114	58	116	2	218
239	1	22	13	58	116	2	15
239	1	22	14	58	116	3	13
239	1	22	16	58	116	3	inf
239	1	22	18	58	116	3	226
239	1	22	19	58	116	2	224
239	1	22	38	58	116	2	124
239	1	22	40	58	116	2	109
239	1	22	42	58	116	3	inf
239	1	22	44	58	116	3	inf
239	1	22	50	58	116	2	109
239	1	22	52	58	116	2	124
239	1	22	71	58	116	2	224
239	1	22	72	58	116	3	226
239	1	22	74	58	116	3	inf
239	1	22	76	58	116	3	13
239	1	22	77	58	116	2	15
239	1	22	96	58	116	2	115
239	1	22	98	58	116	2	130
239	1	22	108	58	116	2	130
239	1	22	110	58	116	2	115
239	1	23	2	58	116	2	218
239	1	23	12	58	116	2	36
239	1	23	18	58	116	3	0
239	1	23	24	58	116	2	203
239	1	23	34	58	116	2	21
239	1	23	44	58	116	2	29
239	1	23	45	58	116	2	238
239	1	23	49	58	116	2	238
239	1	23	50	58	116	2	29
239	1	23	60	58	116	2	21
239	1	23	70	58	116	2	203
239	1	23	76	58	116	3	0
239	1	23	82	58	116	2	36
239	1	23	92	58	116	2	218
239	1	23	102	58	116	2	210
239	1	23	103	58	116	2	1
239	1	23	107	58	116	2	1
239	1	23	108	58	116	2	210
239	1	24	17	58	116	2	15
239	1	24	18	58	116	3	13
239	1	24	20	58	116	3	inf
239	1	24	22	58	116	3	226
239	1	24	23	58	116	2	224
239	1	24	42	58	116	2	124
239	1	24	44	58	116	2	109
239	1	24	46	58	116	3	inf
239	1	24	48	58	116	3	inf
239	1	24	54	58	116	2	109
239	1	24	56	58	116	2	124
239	1	24	75	58	116	2	224
239	1	24	76	58	116	3	226
239	1	24	78	58	116	3	inf
239	1	24	80	58	116	3	13
239	1	24	81	58	116	2	15
239	1	24	100	58	116	2	115
239	1	24	102	58	116	2	130
239	1	24	112	58	116	2	130
239	1	24	114	58	116	2	115
239	1	25	6	58	116	2	218
239	1	25	16	58	116	2	36
239	1	25	22	58	116	3	0
239	1	25	28	58	116	2	203
239	1	25	38	58	116	2	21
239	1	25	48	58	116	2	29
239	1	25	49	58	116	2	238
239	1	25	53	58	116	2	238
239	1	25	54	58	116	2	29
239	1	25	64	58	116	2	21
239	1	25	74	58	116	2	203
239	1	25	80	58	116	3	0
239	1	25	86	58	116	2	36
239	1	25	96	58	116	2	218
239	1	25	106	58	116	2	210
239	1	25	107	58	116	2	1
239	1	25	111	58	116	2	1
239	1	25	112	58	116	2	210
239	1	26	0	58	116	2	130
239	1	26	2	58	116	2	115
239	1	26	21	58	116	2	15
239	1	26	22	58	116	3	13
239	1	26	24	58	116	3	inf
239	1	26	26	58	116	3	226
239	1	26	27	58	116	2	224
239	1	26	46	58	116	2	124
239	1	26	48	58	116	2	109
239	1	26	50	58	116	3	inf
239	1	26	52	58	116	3	inf
239	1	26	58	58	116	2	109
239	1	26	60	58	116	2	124
239	1	26	79	58	116	2	224
239	1	26	80	58	116	3	226
239	1	26	82	58	116	3	inf
239	1	26	84	58	116	3	13
239	1	26	85	58	116	2	15
239	1	26	104	58	116	2	115
239	1	26	106	58	116	2	130
239	1	27	0	58	116	2	210
239	1	27	10	58	116	2	218
239	1	27	20	58	116	2	36
239	1	27	26	58	116	3	0
239	1	27	32	58	116	2	203
239	1	27	42	58	116	2	21
239	1	27	52	58	116	2	29
239	1	27	53	58	116	2	238
239	1	27	57	58	116	2	238
239	1	27	58	58	116	2	29
239	1	27	68	58	116	2	21
239	1	27	78	58	116	2	203
239	1	27	84	58	116	3	0
239	1	27	90	58	116	2	36
239	1	27	100	58	116	2	218
239	1	27	110	58	116	2	210
239	1	27	111	58	116	2	1
239	1	27	115	58	116	2	1
239	1	28	4	58	116	2	130
239	1	28	6	58	116	2	115
239	1	28	25	58	116	2	15
239	1	28	26	58	116	3	13
239	1	28	28	58	116	3	inf
239	1	28	30	58	116	3	226
239	1	28	31	58	116	2	224
239	1	28	50	58	116	2	124
239	1	28	52	58	116	2	109
239	1	28	54	58	116	3	inf
239	1	28	56	58	116	3	inf
239	1	28	62	58	116	2	109
239	1	28	64	58	116	2	124
239	1	28	83	58	116	2	224
239	1	28	84	58	116	3	226
239	1	28	86	58	116	3	inf
239	1	28	88	58	116	3	13
239	1	28	89	58	116	2	15
239	1	28	108	58	116	2	115
239	1	28	110	58	116	2	130
239	1	29	3	58	116	2	1
239	1	29	4	58	116	2	210
239	1	29	14	58	116	2	218
239	1	29	24	58	116	2	36
239	1	29	30	58	116	3	0
239	1	29	36	58	116	2	203
239	1	29	46	58	116	2	21
239	1	29	56	58	116	2	29
239	1	29	57	58	116	2	238
239	1	29	61	58	116	2	238
239	1	29	62	58	116	2	29
239	1	29	72	58	116	2	21
239	1	29	82	58	116	2	203
239	1	29	88	58	116	3	0
239	1	29	94	58	116	2	36
239	1	29	104	58	116	2	218
239	1	29	114	58	116	2	210
239	1	29	115	58	116	2	1
239	1	30	8	58	116	2	130
239	1	30	10	58	116	2	115
239	1	30	29	58	116	2	15
239	1	30	30	58	116	3	13
239	1	30	32	58	116	3	inf
239	1	30	34	58	116	3	226
239	1	30	35	58	116	2	224
239	1	30	54	58	116	2	124
239	1	30	56	58	116	2	109
239	1	30	58	58	116	3	inf
239	1	30	60	58	116	3	inf
239	1	30	66	58	116	2	109
239	1	30	68	58	116	2	124
239	1	30	87	58	116	2	224
239	1	30	88	58	116	3	226
239	1	30	90	58	116	3	inf
239	1	30	92	58	116	3	13
239	1	30	93	58	116	2	15
239	1	30	112	58	116	2	115
239	1	30	114	58	116	2	130
239	1	31	2	58	116	2	210
239	1	31	3	58	116	2	1
239	1	31	7	58	116	2	1
239	1	31	8	58	116	2	210
239	1	31	18	58	116	2	218
239	1	31	28	58	116	2	36
239	1	31	34	58	116	3	0
239	1	31	40	58	116	2	203
239	1	31	50	58	116	2	21
239	1	31	60	58	116	2	29
239	1	31	61	58	116	2	238
239	1	31	65	58	116	2	238
239	1	31	66	58	116	2	29
239	1	31	76	58	116	2	21
239	1	31	86	58	116	2	203
239	1	31	92	58	116	3	0
239	1	31	98	58	116	2	36
239	1	31	108	58	116	2	218
239	1	32	0	58	116	2	115
239	1	32	2	58	116	2	130
239	1	32	12	58	116	2	130
239	1	32	14	58	116	2	115
239	1	32	33	58	116	2	15
239	1	32	34	58	116	3	13
239	1	32	36	58	116	3	inf
239	1	32	38	58	116	3	226
239	1	32	39	58	116	2	224
239	1	32	58	58	116	2	124
239	1	32	60	58	116	2	109
239	1	32	62	58	116	3	inf
239	1	32	64	58	116	3	inf
239	1	32	70	58	116	2	109
239	1	32	72	58	116	2	124
239	1	32	91	58	116	2	224
239	1	32	92	58	116	3	226
239	1	32	94	58	116	3	inf
239	1	32	96	58	116	3	13
239	1	32	97	58	116	2	15
239	1	33	6	58	116	2	210
239	1	33	7	58	116	2	1
239	1	33	11	58	116	2	1
239	1	33	12	58	116	2	210
239	1	33	22	58	116	2	218
239	1	33	32	58	116	2	36
239	1	33	38	58	116	3	0
239	1	33	44	58	116	2	203
239	1	33	54	58	116	2	21
239	1	33	64	58	116	2	29
239	1	33	65	58	116	2	238
239	1	33	69	58	116	2	238
239	1	33	70	58	116	2	29
239	1	33	80	58	116	2	21
239	1	33	90	58	116	2	203
239	1	33	96	58	116	3	0
239	1	33	102	58	116	2	36
239	1	33	112	58	116	2	218
239	1	34	4	58	116	2	115
239	1	34	6	58	116	2	130
239	1	34	16	58	116	2	130
239	1	34	18	58	116	2	115
239	1	34	37	58	116	2	15
239	1	34	38	58	116	3	13
239	1	34	40	58	116	3	inf
239	1	34	42	58	116	3	226
239	1	34	43	58	116	2	224
239	1	34	62	58	116	2	124
239	1	34	64	58	116	2	109
239	1	34	66	58	116	3	inf
239	1	34	68	58	116	3	inf
239	1	34	74	58	116	2	109
239	1	34	76	58	116	2	124
239	1	34	95	58	116	2	224
239	1	34	96	58	116	3	226
239	1	34	98	58	116	3	inf
239	1	34	100	58	116	3	13
239	1	34	101	58	116	2	15
239	1	35	0	58	116	2	218
239	1	35	10	58	116	2	210
239	1	35	11	58	116	2	1
239	1	35	15	58	116	2	1
239	1	35	16	58	116	2	210
239	1	35	26	58	116	2	218
239	1	35	36	58	116	2	36
239	1	35	42	58	116	3	0
239	1	35	48	58	116	2	203
239	1	35	58	58	116	2	21
239	1	35	68	58	116	2	29
239	1	35	69	58	116	2	238
239	1	35	73	58	116	2	238
239	1	35	74	58	116	2	29
239	1	35	84	58	116	2	21
239	1	35	94	58	116	2	203
239	1	35	100	58	116	3	0
239	1	35	106	58	116	2	36
239	1	36	8	58	116	2	115
239	1	36	10	58	116	2	130
239	1	36	20	58	116	2	130
239	1	36	22	58	116	2	115
239	1	36	41	58	116	2	15
239	1	36	42	58	116	3	13
239	1	36	44	58	116	3	inf
239	1	36	46	58	116	3	226
239	1	36	47	58	116	2	224
239	1	36	66	58	116	2	124
239	1	36	68	58	116	2	109
239	1	36	70	58	116	3	inf
239	1	36	72	58	116	3	inf
239	1	36	78	58	116	2	109
239	1	36	80	58	116	2	124
239	1	36	99	58	116	2	224
239	1	36	100	58	116	3	226
239	1	36	102	58	116	3	inf
239	1	36	104	58	116	3	13
239	1	36	105	58	116	2	15
239	1	37	4	58	116	2	218
239	1	37	14	58	116	2	210
239	1	37	15	58	116	2	1
239	1	37	19	58	116	2	1
239	1	37	20	58	116	2	210
239	1	37	30	58	116	2	218
239	1	37	40	58	116	2	36
239	1	37	46	58	116	3	0
239	1	37	52	58	116	2	203
239	1	37	62	58	116	2	21
239	1	37	72	58	116	2	29
239	1	37	73	58	116	2	238
239	1	37	77	58	116	2	238
239	1	37	78	58	116	2	29
239	1	37	88	58	116	2	21
239	1	37	98	58	116	2	203
239	1	37	104	58	116	3	0
239	1	37	110	58	116	2	36
239	1	38	12	58	116	2	115
239	1	38	14	58	116	2	130
239	1	38	24	58	116	2	130
239	1	38	26	58	116	2	115
239	1	38	45	58	116	2	15
239	1	38	46	58	116	3	13
239	1	38	48	58	116	3	inf
239	1	38	50	58	116	3	226
239	1	38	51	58	116	2	224
239	1	38	70	58	116	2	124
239	1	38	72	58	116	2	109
239	1	38	74	58	116	3	inf
239	1	38	76	58	116	3	inf
239	1	38	82	58	116	2	109
239	1	38	84	58	116	2	124
239	1	38	103	58	116	2	224
239	1	38	104	58	116	3	226
239	1	38	106	58	116	3	inf
239	1	38	108	58	116	3	13
239	1	38	109	58	116	2	15
239	1	39	8	58	116	2	218
239	1	39	18	58	116	2	210
239	1	39	19	58	116	2	1
239	1	39	23	58	116	2	1
239	1	39	24	58	116	2	210
239	1	39	34	58	116	2	218
239	1	39	44	58	116	2	36
239	1	39	50	58	116	3	0
239	1	39	56	58	116	2	203
239	1	39	66	58	116	2	21
239	1	39	76	58	116	2	29
239	1	39	77	58	116	2	238
239	1	39	81	58	116	2	238
239	1	39	82	58	116	2	29
239	1	39	92	58	116	2	21
239	1	39	102	58	116	2	203
239	1	39	108	58	116	3	0
239	1	39	114	58	116	2	36
239	1	40	16	58	116	2	115
239	1	40	18	58	116	2	130
239	1	40	28	58	116	2	130
239	1	40	30	58	116	2	115
239	1	40	49	58	116	2	15
239	1	40	50	58	116	3	13
239	1	40	52	58	116	3	inf
239	1	40	54	58	116	3	226
239	1	40	55	58	116	2	224
239	1	40	74	58	116	2	124
239	1	40	76	58	116	2	109
239	1	40	78	58	116	3	inf
239	1	40	80	58	116	3	inf
239	1	40	86	58	116	2	109
239	1	40	88	58	116	2	124
239	1	40	107	58	116	2	224
239	1	40	108	58	116	3	226
239	1	40	110	58	116	3	inf
239	1	40	112	58	116	3	13
239	1	40	113	58	116	2	15
239	1	41	2	58	116	2	36
239	1	41	12	58	116	2	218
239	1	41	22	58	116	2	210
239	1	41	23	58	116	2	1
239	1	41	27	58	116	2	1
239	1	41	28	58	116	2	210
239	1	41	38	58	116	2	218
239	1	41	48	58	116	2	36
239	1	41	54	58	116	3	0
239	1	41	60	58	116	2	203
239	1	41	70	58	116	2	21
239	1	41	80	58	116	2	29
239	1	41	81	58	116	2	238
239	1	41	85	58	116	2	238
239	1	41	86	58	116	2	29
239	1	41	96	58	116	2	21
239	1	41	106	58	116	2	203
239	1	41	112	58	116	3	0
239	1	42	0	58	116	3	13
239	1	42	1	58	116	2	15
239	1	42	20	58	116	2	115
239	1	42	22	58	116	2	130
239	1	42	32	58	116	2	130
239	1	42	34	58	116	2	115
239	1	42	53	58	116	2	15
239	1	42	54	58	116	3	13
239	1	42	56	58	116	3	inf
239	1	42	58	58	116	3	226
239	1	42	59	58	116	2	224
239	1	42	78	58	116	2	124
239	1	42	80	58	116	2	109
239	1	42	82	58	116	3	inf
239	1	42	84	58	116	3	inf
239	1	42	90	58	116	2	109
239	1	42	92	58	116	2	124
239	1	42	111	58	116	2	224
239	1	42	112	58	116	3	226
239	1	42	114	58	116	3	inf
239	1	43	0	58	116	3	0
239	1	43	6	58	116	2	36
239	1	43	16	58	116	2	218
239	1	43	26	58	116	2	210
239	1	43	27	58	116	2	1
239	1	43	31	58	116	2	1
239	1	43	32	58	116	2	210
239	1	43	42	58	116	2	218
239	1	43	52	58	116	2	36
239	1	43	58	58	116	3	0
239	1	43	64	58	116	2	203
239	1	43	74	58	116	2	21
239	1	43	84	58	116	2	29
239	1	43	85	58	116	2	238
239	1	43	89	58	116	2	238
239	1	43	90	58	116	2	29
239	1	43	100	58	116	2	21
239	1	43	110	58	116	2	203
239	1	44	0	58	116	3	226
239	1	44	2	58	116	3	inf
239	1	44	4	58	116	3	13
239	1	44	5	58	116	2	15
239	1	44	24	58	116	2	115
239	1	44	26	58	116	2	130
239	1	44	36	58	116	2	130
239	1	44	38	58	116	2	115
239	1	44	57	58	116	2	15
239	1	44	58	58	116	3	13
239	1	44	60	58	116	3	inf
239	1	44	62	58	116	3	226
239	1	44	63	58	116	2	224
239	1	44	82	58	116	2	124
239	1	44	84	58	116	2	109
239	1	44	86	58	116	3	inf
239	1	44	88	58	116	3	inf
239	1	44	94	58	116	2	109
239	1	44	96	58	116	2	124
239	1	44	115	58	116	2	224
239	1	45	4	58	116	3	0
239	1	45	10	58	116	2	36
239	1	45	20	58	116	2	218
239	1	45	30	58	116	2	210
239	1	45	31	58	116	2	1
239	1	45	35	58	116	2	1
239	1	45	36	58	116	2	210
239	1	45	46	58	116	2	218
239	1	45	56	58	116	2	36
239	1	45	62	58	116	3	0
239	1	45	68	58	116	2	203
239	1	45	78	58	116	2	21
239	1	45	88	58	116	2	29
239	1	45	89	58	116	2	238
239	1	45	93	58	116	2	238
239	1	45	94	58	116	2	29
239	1	45	104	58	116	2	21
239	1	45	114	58	116	2	203
239	1	46	3	58	116	2	224
239	1	46	4	58	116	3	226
239	1	46	6	58	116	3	inf
239	1	46	8	58	116	3	13
239	1	46	9	58	116	2	15
239	1	46	28	58	116	2	115
239	1	46	30	58	116	2	130
239	1	46	40	58	116	2	130
239	1	46	42	58	116	2	115
239	1	46	61	58	116	2	15
239	1	46	62	58	116	3	13
239	1	46	64	58	116	3	inf
239	1	46	66	58	116	3	226
239	1	46	67	58	116	2	224
239	1	46	86	58	116	2	124
239	1	46	88	58	116	2	109
239	1	46	90	58	116	3	inf
239	1	46	92	58	116	3	inf
239	1	46	98	58	116	2	109
239	1	46	100	58	116	2	124
239	1	47	2	58	116	2	203
239	1	47	8	58	116	3	0
239	1	47	14	58	116	2	36
239	1	47	24	58	116	2	218
239	1	47	34	58	116	2	210
239	1	47	35	58	116	2	1
239	1	47	39	58	116	2	1
239	1	47	40	58	116	2	210
239	1	47	50	58	116	2	218
239	1	47	60	58	116	2	36
239	1	47	66	58	116	3	0
239	1	47	72	58	116	2	203
239	1	47	82	58	116	2	21
239	1	47	92	58	116	2	29
239	1	47	93	58	116	2	238
239	1	47	97	58	116	2	238
239	1	47	98	58	116	2	29
239	1	47	108	58	116	2	21
239	1	48	7	58	116	2	224
239	1	48	8	58	116	3	226
239	1	48	10	58	116	3	inf
239	1	48	12	58	116	3	13
239	1	48	13	58	116	2	15
239	1	48	32	58	116	2	115
239	1	48	34	58	116	2	130
239	1	48	44	58	116	2	130
239	1	48	46	58	116	2	115
239	1	48	65	58	116	2	15
239	1	48	66	58	116	3	13
239	1	48	68	58	116	3	inf
239	1	48	70	58	116	3	226
239	1	48	71	58	116	2	224
239	1	48	90	58	116	2	124
239	1	48	92	58	116	2	109
239	1	48	94	58	116	3	inf
239	1	48	96	58	116	3	inf
239	1	48	102	58	116	2	109
239	1	48	104	58	116	2	124
239	1	49	6	58	116	2	203
239	1	49	12	58	116	3	0
239	1	49	18	58	116	2	36
239	1	49	28	58	116	2	218
239	1	49	38	58	116	2	210
239	1	49	39	58	116	2	1
239	1	49	43	58	116	2	1
239	1	49	44	58	116	2	210
239	1	49	54	58	116	2	218
239	1	49	64	58	116	2	36
239	1	49	70	58	116	3	0
239	1	49	76	58	116	2	203
239	1	49	86	58	116	2	21
239	1	49	96	58	116	2	29
239	1	49	97	58	116	2	238
239	1	49	101	58	116	2	238
239	1	49	102	58	116	2	29
239	1	49	112	58	116	2	21
239	1	50	11	58	116	2	224
239	1	50	12	58	116	3	226
239	1	50	14	58	116	3	inf
239	1	50	16	58	116	3	13
239	1	50	17	58	116	2	15
239	1	50	36	58	116	2	115
239	1	50	38	58	116	2	130
239	1	50	48	58	116	2	130
239	1	50	50	58	116	2	115
239	1	50	69	58	116	2	15
239	1	50	70	58	116	3	13
239	1	50	72	58	116	3	inf
239	1	50	74	58	116	3	226
239	1	50	75	58	116	2	224
239	1	50	94	58	116	2	124
239	1	50	96	58	116	2	109
239	1	50	98	58	116	3	inf
239	1	50	100	58	116	3	inf
239	1	50	106	58	116	2	109
239	1	50	108	58	116	2	124
239	1	51	0	58	116	2	21
239	1	51	10	58	116	2	203
239	1	51	16	58	116	3	0
239	1	51	22	58	116	2	36
239	1	51	32	58	116	2	218
239	1	51	42	58	116	2	210
239	1	51	43	58	116	2	1
239	1	51	47	58	116	2	1
239	1	51	48	58	116	2	210
239	1	51	58	58	116	2	218
239	1	51	68	58	116	2	36
239	1	51	74	58	116	3	0
239	1	51	80	58	116	2	203
239	1	51	90	58	116	2	21
239	1	51	100	58	116	2	29
239	1	51	101	58	116	2	238
239	1	51	105	58	116	2	238
239	1	51	106	58	116	2	29
239	1	52	15	58	116	2	224
239	1	52	16	58	116	3	226
239	1	52	18	58	116	3	inf
239	1	52	20	58	116	3	13
239	1	52	21	58	116	2	15
239	1	52	40	58	116	2	115
239	1	52	42	58	116	2	130
239	1	52	52	58	116	2	130
239	1	52	54	58	116	2	115
239	1	52	73	58	116	2	15
239	1	52	74	58	116	3	13
239	1	52	76	58	116	3	inf
239	1	52	78	58	116	3	226
239	1	52	79	58	116	2	224
239	1	52	98	58	116	2	124
239	1	52	100	58	116	2	109
239	1	52	102	58	116	3	inf
239	1	52	104	58	116	3	inf
239	1	52	110	58	116	2	109
239	1	52	112	58	116	2	124
239	1	53	4	58	116	2	21
239	1	53	14	58	116	2	203
239	1	53	20	58	116	3	0
239	1	53	26	58	116	2	36
239	1	53	36	58	116	2	218
239	1	53	46	58	116	2	210
239	1	53	47	58	116	2	1
239	1	53	51	58	116	2	1
239	1	53	52	58	116	2	210
239	1	53	62	58	116	2	218
239	1	53	72	58	116	2	36
239	1	53	78	58	116	3	0
239	1	53	84	58	116	2	203
239	1	53	94	58	116	2	21
239	1	53	104	58	116	2	29
239	1	53	105	58	116	2	238
239	1	53	109	58	116	2	238
239	1	53	110	58	116	2	29
239	1	54	0	58	116	2	124
239	1	54	19	58	116	2	224
239	1	54	20	58	116	3	226
239	1	54	22	58	116	3	inf
239	1	54	24	58	116	3	13
239	1	54	25	58	116	2	15
239	1	54	44	58	116	2	115
239	1	54	46	58	116	2	130
239	1	54	56	58	116	2	130
239	1	54	58	58	116	2	115
239	1	54	77	58	116	2	15
239	1	54	78	58	116	3	13
239	1	54	80	58	116	3	inf
239	1	54	82	58	116	3	226
239	1	54	83	58	116	2	224
239	1	54	102	58	116	2	124
239	1	54	104	58	116	2	109
239	1	54	106	58	116	3	inf
239	1	54	108	58	116	3	inf
239	1	54	114	58	116	2	109
239	1	55	8	58	116	2	21
239	1	55	18	58	116	2	203
239	1	55	24	58	116	3	0
239	1	55	30	58	116	2	36
239	1	55	40	58	116	2	218
239	1	55	50	58	116	2	210
239	1	55	51	58	116	2	1
239	1	55	55	58	116	2	1
239	1	55	56	58	116	2	210
239	1	55	66	58	116	2	218
239	1	55	76	58	116	2	36
239	1	55	82	58	116	3	0
239	1	55	88	58	116	2	203
239	1	55	98	58	116	2	21
239	1	55	108	58	116	2	29
239	1	55	109	58	116	2	238
239	1	55	113	58	116	2	238
239	1	55	114	58	116	2	29
239	1	56	2	58	116	2	109
239	1	56	4	58	116	2	124
239	1	56	23	58	116	2	224
239	1	56	24	58	116	3	226
239	1	56	26	58	116	3	inf
239	1	56	28	58	116	3	13
239	1	56	29	58	116	2	15
239	1	56	48	58	116	2	115
239	1	56	50	58	116	2	130
239	1	56	60	58	116	2	130
239	1	56	62	58	116	2	115
239	1	56	81	58	116	2	15
239	1	56	82	58	116	3	13
239	1	56	84	58	116	3	inf
239	1	56	86	58	116	3	226
239	1	56	87	58	116	2	224
239	1	56	106	58	116	2	124
239	1	56	108	58	116	2	109
239	1	56	110	58	116	3	inf
239	1	56	112	58	116	3	inf
239	1	57	1	58	116	2	238
239	1	57	2	58	116	2	29
239	1	57	12	58	116	2	21
239	1	57	22	58	116	2	203
239	1	57	28	58	116	3	0
239	1	57	34	58	116	2	36
239	1	57	44	58	116	2	218
239	1	57	54	58	116	2	210
239	1	57	55	58	116	2	1
239	1	57	59	58	116	2	1
239	1	57	60	58	116	2	210
239	1	57	70	58	116	2	218
239	1	57	80	58	116	2	36
239	1	57	86	58	116	3	0
239	1	57	92	58	116	2	203
239	1	57	102	58	116	2	21
239	1	57	112	58	116	2	29
239	1	57	113	58	116	2	238
239	2	0	1	58	116	3	inf
239	2	0	3	58	116	3	13
239	2	0	4	58	116	2	15
239	2	0	23	58	116	2	115
239	2	0	25	58	116	2	130
239	2	0	35	58	116	2	130
239	2	0	37	58	116	2	115
239	2	0	56	58	116	2	15
239	2	0	57	58	116	3	13
239	2	0	59	58	116	3	inf
239	2	0	61	58	116	3	226
239	2	0	62	58	116	2	224
239	2	0	81	58	116	2	124
239	2	0	83	58	116	2	109
239	2	0	85	58	116	3	inf
239	2	0	87	58	116	3	inf
239	2	0	93	58	116	2	109
239	2	0	95	58	116	2	124
239	2	0	114	58	116	2	224
239	2	0	115	58	116	3	226
239	2	1	3	58	116	3	0
239	2	1	9	58	116	2	36
239	2	1	19	58	116	2	218
239	2	1	29	58	116	2	210
239	2	1	30	58	116	2	1
239	2	1	34	58	116	2	1
239	2	1	35	58	116	2	210
239	2	1	45	58	116	2	218
239	2	1	55	58	116	2	36
239	2	1	61	58	116	3	0
239	2	1	67	58	116	2	203
239	2	1	77	58	116	2	21
239	2	1	87	58	116	2	29
239	2	1	88	58	116	2	238
239	2	1	92	58	116	2	238
239	2	1	93	58	116	2	29
239	2	1	103	58	116	2	21
239	2	1	113	58	116	2	203
239	2	2	2	58	116	2	224
239	2	2	3	58	116	3	226
239	2	2	5	58	116	3	inf
239	2	2	7	58	116	3	13
239	2	2	8	58	116	2	15
239	2	2	27	58	116	2	115
239	2	2	29	58	116	2	130
239	2	2	39	58	116	2	130
239	2	2	41	58	116	2	115
239	2	2	60	58	116	2	15
239	2	2	61	58	116	3	13
239	2	2	63	58	116	3	inf
239	2	2	65	58	116	3	226
239	2	2	66	58	116	2	224
239	2	2	85	58	116	2	124
239	2	2	87	58	116	2	109
239	2	2	89	58	116	3	inf
239	2	2	91	58	116	3	inf
239	2	2	97	58	116	2	109
239	2	2	99	58	116	2	124
239	2	3	1	58	116	2	203
239	2	3	7	58	116	3	0
239	2	3	13	58	116	2	36
239	2	3	23	58	116	2	218
239	2	3	33	58	116	2	210
239	2	3	34	58	116	2	1
239	2	3	38	58	116	2	1
239	2	3	39	58	116	2	210
239	2	3	49	58	116	2	218
239	2	3	59	58	116	2	36
239	2	3	65	58	116	3	0
239	2	3	71	58	116	2	203
239	2	3	81	58	116	2	21
239	2	3	91	58	116	2	29
239	2	3	92	58	116	2	238
239	2	3	96	58	116	2	238
239	2	3	97	58	116	2	29
239	2	3	107	58	116	2	21
239	2	4	6	58	116	2	224
239	2	4	7	58	116	3	226
239	2	4	9	58	116	3	inf
239	2	4	11	58	116	3	13
239	2	4	12	58	116	2	15
239	2	4	31	58	116	2	115
239	2	4	33	58	116	2	130
239	2	4	43	58	116	2	130
239	2	4	45	58	116	2	115
239	2	4	64	58	116	2	15
239	2	4	65	58	116	3	13
239	2	4	67	58	116	3	inf
239	2	4	69	58	116	3	226
239	2	4	70	58	116	2	224
239	2	4	89	58	116	2	124
239	2	4	91	58	116	2	109
239	2	4	93	58	116	3	inf
239	2	4	95	58	116	3	inf
239	2	4	101	58	116	2	109
239	2	4	103	58	116	2	124
239	2	5	5	58	116	2	203
239	2	5	11	58	116	3	0
239	2	5	17	58	116	2	36
239	2	5	27	58	116	2	218
239	2	5	37	58	116	2	210
239	2	5	38	58	116	2	1
239	2	5	42	58	116	2	1
239	2	5	43	58	116	2	210
239	2	5	53	58	116	2	218
239	2	5	63	58	116	2	36
239	2	5	69	58	116	3	0
239	2	5	75	58	116	2	203
239	2	5	85	58	116	2	21
239	2	5	95	58	116	2	29
239	2	5	96	58	116	2	238
239	2	5	100	58	116	2	238
239	2	5	101	58	116	2	29
239	2	5	111	58	116	2	21
239	2	6	10	58	116	2	224
239	2	6	11	58	116	3	226
239	2	6	13	58	116	3	inf
239	2	6	15	58	116	3	13
239	2	6	16	58	116	2	15
239	2	6	35	58	116	2	115
239	2	6	37	58	116	2	130
239	2	6	47	58	116	2	130
239	2	6	49	58	116	2	115
239	2	6	68	58	116	2	15
239	2	6	69	58	116	3	13
239	2	6	71	58	116	3	inf
239	2	6	73	58	116	3	226
239	2	6	74	58	116	2	224
239	2	6	93	58	116	2	124
239	2	6	95	58	116	2	109
239	2	6	97	58	116	3	inf
239	2	6	99	58	116	3	inf
239	2	6	105	58	116	2	109
239	2	6	107	58	116	2	124
239	2	7	9	58	116	2	203
239	2	7	15	58	116	3	0
239	2	7	21	58	116	2	36
239	2	7	31	58	116	2	218
239	2	7	41	58	116	2	210
239	2	7	42	58	116	2	1
239	2	7	46	58	116	2	1
239	2	7	47	58	116	2	210
239	2	7	57	58	116	2	218
239	2	7	67	58	116	2	36
239	2	7	73	58	116	3	0
239	2	7	79	58	116	2	203
239	2	7	89	58	116	2	21
239	2	7	99	58	116	2	29
239	2	7	100	58	116	2	238
239	2	7	104	58	116	2	238
239	2	7	105	58	116	2	29
239	2	7	115	58	116	2	21
239	2	8	14	58	116	2	224
239	2	8	15	58	116	3	226
239	2	8	17	58	116	3	inf
239	2	8	19	58	116	3	13
239	2	8	20	58	116	2	15
239	2	8	39	58	116	2	115
239	2	8	41	58	116	2	130
239	2	8	51	58	116	2	130
239	2	8	53	58	116	2	115
239	2	8	72	58	116	2	15
239	2	8	73	58	116	3	13
239	2	8	75	58	116	3	inf
239	2	8	77	58	116	3	226
239	2	8	78	58	116	2	224
239	2	8	97	58	116	2	124
239	2	8	99	58	116	2	109
239	2	8	101	58	116	3	inf
239	2	8	103	58	116	3	inf
239	2	8	109	58	116	2	109
239	2	8	111	58	116	2	124
239	2	9	3	58	116	2	21
239	2	9	13	58	116	2	203
239	2	9	19	58	116	3	0
239	2	9	25	58	116	2	36
239	2	9	35	58	116	2	218
239	2	9	45	58	116	2	210
239	2	9	46	58	116	2	1
239	2	9	50	58	116	2	1
239	2	9	51	58	116	2	210
239	2	9	61	58	116	2	218
239	2	9	71	58	116	2	36
239	2	9	77	58	116	3	0
239	2	9	83	58	116	2	203
239	2	9	93	58	116	2	21
239	2	9	103	58	116	2	29
239	2	9	104	58	116	2	238
239	2	9	108	58	116	2	238
239	2	9	109	58	116	2	29
239	2	10	18	58	116	2	224
239	2	10	19	58	116	3	226
239	2	10	21	58	116	3	inf
239	2	10	23	58	116	3	13
239	2	10	24	58	116	2	15
239	2	10	43	58	116	2	115
239	2	10	45	58	116	2	130
239	2	10	55	58	116	2	130
239	2	10	57	58	116	2	115
239	2	10	76	58	116	2	15
239	2	10	77	58	116	3	13
239	2	10	79	58	116	3	inf
239	2	10	81	58	116	3	226
239	2	10	82	58	116	2	224
239	2	10	101	58	116	2	124
239	2	10	103	58	116	2	109
239	2	10	105	58	116	3	inf
239	2	10	107	58	116	3	inf
239	2	10	113	58	116	2	109
239	2	10	115	58	116	2	124
239	2	11	7	58	116	2	21
239	2	11	17	58	116	2	203
239	2	11	23	58	116	3	0
239	2	11	29	58	116	2	36
239	2	11	39	58	116	2	218
239	2	11	49	58	116	2	210
239	2	11	50	58	116	2	1
239	2	11	54	58	116	2	1
239	2	11	55	58	116	2	210
239	2	11	65	58	116	2	218
239	2	11	75	58	116	2	36
239	2	11	81	58	116	3	0
239	2	11	87	58	116	2	203
239	2	11	97	58	116	2	21
239	2	11	107	58	116	2	29
239	2	11	108	58	116	2	238
239	2	11	112	58	116	2	238
239	2	11	113	58	116	2	29
239	2	12	1	58	116	2	109
239	2	12	3	58	116	2	124
239	2	12	22	58	116	2	224
239	2	12	23	58	116	3	226
239	2	12	25	58	116	3	inf
239	2	12	27	58	116	3	13
239	2	12	28	58	116	2	15
239	2	12	47	58	116	2	115
239	2	12	49	58	116	2	130
239	2	12	59	58	116	2	130
239	2	12	61	58	116	2	115
239	2	12	80	58	116	2	15
239	2	12	81	58	116	3	13
239	2	12	83	58	116	3	inf
239	2	12	85	58	116	3	226
239	2	12	86	58	116	2	224
239	2	12	105	58	116	2	124
239	2	12	107	58	116	2	109
239	2	12	109	58	116	3	inf
239	2	12	111	58	116	3	inf
239	2	13	0	58	116	2	238
239	2	13	1	58	116	2	29
239	2	13	11	58	116	2	21
239	2	13	21	58	116	2	203
239	2	13	27	58	116	3	0
239	2	13	33	58	116	2	36
239	2	13	43	58	116	2	218
239	2	13	53	58	116	2	210
239	2	13	54	58	116	2	1
239	2	13	58	58	116	2	1
239	2	13	59	58	116	2	210
239	2	13	69	58	116	2	218
239	2	13	79	58	116	2	36
239	2	13	85	58	116	3	0
239	2	13	91	58	116	2	203
239	2	13	101	58	116	2	21
239	2	13	111	58	116	2	29
239	2	13	112	58	116	2	238
239	2	14	5	58	116	2	109
239	2	14	7	58	116	2	124
239	2	14	26	58	116	2	224
239	2	14	27	58	116	3	226
239	2	14	29	58	116	3	inf
239	2	14	31	58	116	3	13
239	2	14	32	58	116	2	15
239	2	14	51	58	116	2	115
239	2	14	53	58	116	2	130
239	2	14	63	58	116	2	130
239	2	14	65	58	116	2	115
239	2	14	84	58	116	2	15
239	2	14	85	58	116	3	13
239	2	14	87	58	116	3	inf
239	2	14	89	58	116	3	226
239	2	14	90	58	116	2	224
239	2	14	109	58	116	2	124
239	2	14	111	58	116	2	109
239	2	14	113	58	116	3	inf
239	2	14	115	58	116	3	inf
239	2	15	0	58	116	2	238
239	2	15	4	58	116	2	238
239	2	15	5	58	116	2	29
239	2	15	15	58	116	2	21
239	2	15	25	58	116	2	203
239	2	15	31	58	116	3	0
239	2	15	37	58	116	2	36
239	2	15	47	58	116	2	218
239	2	15	57	58	116	2	210
239	2	15	58	58	116	2	1
239	2	15	62	58	116	2	1
239	2	15	63	58	116	2	210
239	2	15	73	58	116	2	218
239	2	15	83	58	116	2	36
239	2	15	89	58	116	3	0
239	2	15	95	58	116	2	203
239	2	15	105	58	116	2	21
239	2	15	115	58	116	2	29
239	2	16	1	58	116	3	inf
239	2	16	3	58	116	3	inf
239	2	16	9	58	116	2	109
239	2	16	11	58	116	2	124
239	2	16	30	58	116	2	224
239	2	16	31	58	116	3	226
239	2	16	33	58	116	3	inf
239	2	16	35	58	116	3	13
239	2	16	36	58	116	2	15
239	2	16	55	58	116	2	115
239	2	16	57	58	116	2	130
239	2	16	67	58	116	2	130
239	2	16	69	58	116	2	115
239	2	16	88	58	116	2	15
239	2	16	89	58	116	3	13
239	2	16	91	58	116	3	inf
239	2	16	93	58	116	3	226
239	2	16	94	58	116	2	224
239	2	16	113	58	116	2	124
239	2	16	115	58	116	2	109
239	2	17	3	58	116	2	29
239	2	17	4	58	116	2	238
239	2	17	8	58	116	2	238
239	2	17	9	58	116	2	29
239	2	17	19	58	116	2	21
239	2	17	29	58	116	2	203
239	2	17	35	58	116	3	0
239	2	17	41	58	116	2	36
239	2	17	51	58	116	2	218
239	2	17	61	58	116	2	210
239	2	17	62	58	116	2	1
239	2	17	66	58	116	2	1
239	2	17	67	58	116	2	210
239	2	17	77	58	116	2	218
239	2	17	87	58	116	2	36
239	2	17	93	58	116	3	0
239	2	17	99	58	116	2	203
239	2	17	109	58	116	2	21
239	2	18	1	58	116	2	124
239	2	18	3	58	116	2	109
239	2	18	5	58	116	3	inf
239	2	18	7	58	116	3	inf
239	2	18	13	58	116	2	109
239	2	18	15	58	116	2	124
239	2	18	34	58	116	2	224
239	2	18	35	58	116	3	226
239	2	18	37	58	116	3	inf
239	2	18	39	58	116	3	13
239	2	18	40	58	116	2	15
239	2	18	59	58	116	2	115
239	2	18	61	58	116	2	130
239	2	18	71	58	116	2	130
239	2	18	73	58	116	2	115
239	2	18	92	58	116	2	15
239	2	18	93	58	116	3	13
239	2	18	95	58	116	3	inf
239	2	18	97	58	116	3	226
239	2	18	98	58	116	2	224
239	2	19	7	58	116	2	29
239	2	19	8	58	116	2	238
239	2	19	12	58	116	2	238
239	2	19	13	58	116	2	29
239	2	19	23	58	116	2	21
239	2	19	33	58	116	2	203
239	2	19	39	58	116	3	0
239	2	19	45	58	116	2	36
239	2	19	55	58	116	2	218
239	2	19	65	58	116	2	210
239	2	19	66	58	116	2	1
239	2	19	70	58	116	2	1
239	2	19	71	58	116	2	210
239	2	19	81	58	116	2	218
239	2	19	91	58	116	2	36
239	2	19	97	58	116	3	0
239	2	19	103	58	116	2	203
239	2	19	113	58	116	2	21
239	2	20	5	58	116	2	124
239	2	20	7	58	116	2	109
239	2	20	9	58	116	3	inf
239	2	20	11	58	116	3	inf
239	2	20	17	58	116	2	109
239	2	20	19	58	116	2	124
239	2	20	38	58	116	2	224
239	2	20	39	58	116	3	226
239	2	20	41	58	116	3	inf
239	2	20	43	58	116	3	13
239	2	20	44	58	116	2	15
239	2	20	63	58	116	2	115
239	2	20	65	58	116	2	130
239	2	20	75	58	116	2	130
239	2	20	77	58	116	2	115
239	2	20	96	58	116	2	15
239	2	20	97	58	116	3	13
239	2	20	99	58	116	3	inf
239	2	20	101	58	116	3	226
239	2	20	102	58	116	2	224
239	2	21	1	58	116	2	21
239	2	21	11	58	116	2	29
239	2	21	12	58	116	2	238
239	2	21	16	58	116	2	238
239	2	21	17	58	116	2	29
239	2	21	27	58	116	2	21
239	2	21	37	58	116	2	203
239	2	21	43	58	116	3	0
239	2	21	49	58	116	2	36
239	2	21	59	58	116	2	218
239	2	21	69	58	116	2	210
239	2	21	70	58	116	2	1
239	2	21	74	58	116	2	1
239	2	21	75	58	116	2	210
239	2	21	85	58	116	2	218
239	2	21	95	58	116	2	36
239	2	21	101	58	116	3	0
239	2	21	107	58	116	2	203
239	2	22	9	58	116	2	124
239	2	22	11	58	116	2	109
239	2	22	13	58	116	3	inf
239	2	22	15	58	116	3	inf
239	2	22	21	58	116	2	109
239	2	22	23	58	116	2	124
239	2	22	42	58	116	2	224
239	2	22	43	58	116	3	226
239	2	22	45	58	116	3	inf
239	2	22	47	58	116	3	13
239	2	22	48	58	116	2	15
239	2	22	67	58	116	2	115
239	2	22	69	58	116	2	130
239	2	22	79	58	116	2	130
239	2	22	81	58	116	2	115
239	2	22	100	58	116	2	15
239	2	22	101	58	116	3	13
239	2	22	103	58	116	3	inf
239	2	22	105	58	116	3	226
239	2	22	106	58	116	2	224
239	2	23	5	58	116	2	21
239	2	23	15	58	116	2	29
239	2	23	16	58	116	2	238
239	2	23	20	58	116	2	238
239	2	23	21	58	116	2	29
239	2	23	31	58	116	2	21
239	2	23	41	58	116	2	203
239	2	23	47	58	116	3	0
239	2	23	53	58	116	2	36
239	2	23	63	58	116	2	218
239	2	23	73	58	116	2	210
239	2	23	74	58	116	2	1
239	2	23	78	58	116	2	1
239	2	23	79	58	116	2	210
239	2	23	89	58	116	2	218
239	2	23	99	58	116	2	36
239	2	23	105	58	116	3	0
239	2	23	111	58	116	2	203
239	2	24	13	58	116	2	124
239	2	24	15	58	116	2	109
239	2	24	17	58	116	3	inf
239	2	24	19	58	116	3	inf
239	2	24	25	58	116	2	109
239	2	24	27	58	116	2	124
239	2	24	46	58	116	2	224
239	2	24	47	58	116	3	226
239	2	24	49	58	116	3	inf
239	2	24	51	58	116	3	13
239	2	24	52	58	116	2	15
239	2	24	71	58	116	2	115
239	2	24	73	58	116	2	130
239	2	24	83	58	116	2	130
239	2	24	85	58	116	2	115
239	2	24	104	58	116	2	15
239	2	24	105	58	116	3	13
239	2	24	107	58	116	3	inf
239	2	24	109	58	116	3	226
239	2	24	110	58	116	2	224
239	2	25	9	58	116	2	21
239	2	25	19	58	116	2	29
239	2	25	20	58	116	2	238
239	2	25	24	58	116	2	238
239	2	25	25	58	116	2	29
239	2	25	35	58	116	2	21
239	2	25	45	58	116	2	203
239	2	25	51	58	116	3	0
239	2	25	57	58	116	2	36
239	2	25	67	58	116	2	218
239	2	25	77	58	116	2	210
239	2	25	78	58	116	2	1
239	2	25	82	58	116	2	1
239	2	25	83	58	116	2	210
239	2	25	93	58	116	2	218
239	2	25	103	58	116	2	36
239	2	25	109	58	116	3	0
239	2	25	115	58	116	2	203
239	2	26	17	58	116	2	124
239	2	26	19	58	116	2	109
239	2	26	21	58	116	3	inf
239	2	26	23	58	116	3	inf
239	2	26	29	58	116	2	109
239	2	26	31	58	116	2	124
239	2	26	50	58	116	2	224
239	2	26	51	58	116	3	226
239	2	26	53	58	116	3	inf
239	2	26	55	58	116	3	13
239	2	26	56	58	116	2	15
239	2	26	75	58	116	2	115
239	2	26	77	58	116	2	130
239	2	26	87	58	116	2	130
239	2	26	89	58	116	2	115
239	2	26	108	58	116	2	15
239	2	26	109	58	116	3	13
239	2	26	111	58	116	3	inf
239	2	26	113	58	116	3	226
239	2	26	114	58	116	2	224
239	2	27	3	58	116	2	203
239	2	27	13	58	116	2	21
239	2	27	23	58	116	2	29
239	2	27	24	58	116	2	238
239	2	27	28	58	116	2	238
239	2	27	29	58	116	2	29
239	2	27	39	58	116	2	21
239	2	27	49	58	116	2	203
239	2	27	55	58	116	3	0
239	2	27	61	58	116	2	36
239	2	27	71	58	116	2	218
239	2	27	81	58	116	2	210
239	2	27	82	58	116	2	1
239	2	27	86	58	116	2	1
239	2	27	87	58	116	2	210
239	2	27	97	58	116	2	218
239	2	27	107	58	116	2	36
239	2	27	113	58	116	3	0
239	2	28	1	58	116	3	226
239	2	28	2	58	116	2	224
239	2	28	21	58	116	2	124
239	2	28	23	58	116	2	109
239	2	28	25	58	116	3	inf
239	2	28	27	58	116	3	inf
239	2	28	33	58	116	2	109
239	2	28	35	58	116	2	124
239	2	28	54	58	116	2	224
239	2	28	55	58	116	3	226
239	2	28	57	58	116	3	inf
239	2	28	59	58	116	3	13
239	2	28	60	58	116	2	15
239	2	28	79	58	116	2	115
239	2	28	81	58	116	2	130
239	2	28	91	58	116	2	130
239	2	28	93	58	116	2	115
239	2	28	112	58	116	2	15
239	2	28	113	58	116	3	13
239	2	28	115	58	116	3	inf
239	2	29	1	58	116	3	0
239	2	29	7	58	116	2	203
239	2	29	17	58	116	2	21
239	2	29	27	58	116	2	29
239	2	29	28	58	116	2	238
239	2	29	32	58	116	2	238
239	2	29	33	58	116	2	29
239	2	29	43	58	116	2	21
239	2	29	53	58	116	2	203
239	2	29	59	58	116	3	0
239	2	29	65	58	116	2	36
239	2	29	75	58	116	2	218
239	2	29	85	58	116	2	210
239	2	29	86	58	116	2	1
239	2	29	90	58	116	2	1
239	2	29	91	58	116	2	210
239	2	29	101	58	116	2	218
239	2	29	111	58	116	2	36
239	2	30	0	58	116	2	15
239	2	30	1	58	116	3	13
239	2	30	3	58	116	3	inf
239	2	30	5	58	116	3	226
239	2	30	6	58	116	2	224
239	2	30	25	58	116	2	124
239	2	30	27	58	116	2	109
239	2	30	29	58	116	3	inf
239	2	30	31	58	116	3	inf
239	2	30	37	58	116	2	109
239	2	30	39	58	116	2	124
239	2	30	58	58	116	2	224
239	2	30	59	58	116	3	226
239	2	30	61	58	116	3	inf
239	2	30	63	58	116	3	13
239	2	30	64	58	116	2	15
239	2	30	83	58	116	2	115
239	2	30	85	58	116	2	130
239	2	30	95	58	116	2	130
239	2	30	97	58	116	2	115
239	2	31	5	58	116	3	0
239	2	31	11	58	116	2	203
239	2	31	21	58	116	2	21
239	2	31	31	58	116	2	29
239	2	31	32	58	116	2	238
239	2	31	36	58	116	2	238
239	2	31	37	58	116	2	29
239	2	31	47	58	116	2	21
239	2	31	57	58	116	2	203
239	2	31	63	58	116	3	0
239	2	31	69	58	116	2	36
239	2	31	79	58	116	2	218
239	2	31	89	58	116	2	210
239	2	31	90	58	116	2	1
239	2	31	94	58	116	2	1
239	2	31	95	58	116	2	210
239	2	31	105	58	116	2	218
239	2	31	115	58	116	2	36
239	2	32	4	58	116	2	15
239	2	32	5	58	116	3	13
239	2	32	7	58	116	3	inf
239	2	32	9	58	116	3	226
239	2	32	10	58	116	2	224
239	2	32	29	58	116	2	124
239	2	32	31	58	116	2	109
239	2	32	33	58	116	3	inf
239	2	32	35	58	116	3	inf
239	2	32	41	58	116	2	109
239	2	32	43	58	116	2	124
239	2	32	62	58	116	2	224
239	2	32	63	58	116	3	226
239	2	32	65	58	116	3	inf
239	2	32	67	58	116	3	13
239	2	32	68	58	116	2	15
239	2	32	87	58	116	2	115
239	2	32	89	58	116	2	130
239	2	32	99	58	116	2	130
239	2	32	101	58	116	2	115
239	2	33	3	58	116	2	36
239	2	33	9	58	116	3	0
239	2	33	15	58	116	2	203
239	2	33	25	58	116	2	21
239	2	33	35	58	116	2	29
239	2	33	36	58	116	2	238
239	2	33	40	58	116	2	238
239	2	33	41	58	116	2	29
239	2	33	51	58	116	2	21
239	2	33	61	58	116	2	203
239	2	33	67	58	116	3	0
239	2	33	73	58	116	2	36
239	2	33	83	58	116	2	218
239	2	33	93	58	116	2	210
239	2	33	94	58	116	2	1
239	2	33	98	58	116	2	1
239	2	33	99	58	116	2	210
239	2	33	109	58	116	2	218
239	2	34	8	58	116	2	15
239	2	34	9	58	116	3	13
239	2	34	11	58	116	3	inf
239	2	34	13	58	116	3	226
239	2	34	14	58	116	2	224
239	2	34	33	58	116	2	124
239	2	34	35	58	116	2	109
239	2	34	37	58	116	3	inf
239	2	34	39	58	116	3	inf
239	2	34	45	58	116	2	109
239	2	34	47	58	116	2	124
239	2	34	66	58	116	2	224
239	2	34	67	58	116	3	226
239	2	34	69	58	116	3	inf
239	2	34	71	58	116	3	13
239	2	34	72	58	116	2	15
239	2	34	91	58	116	2	115
239	2	34	93	58	116	2	130
239	2	34	103	58	116	2	130
239	2	34	105	58	116	2	115
239	2	35	7	58	116	2	36
239	2	35	13	58	116	3	0
239	2	35	19	58	116	2	203
239	2	35	29	58	116	2	21
239	2	35	39	58	116	2	29
239	2	35	40	58	116	2	238
239	2	35	44	58	116	2	238
239	2	35	45	58	116	2	29
239	2	35	55	58	116	2	21
239	2	35	65	58	116	2	203
239	2	35	71	58	116	3	0
239	2	35	77	58	116	2	36
239	2	35	87	58	116	2	218
239	2	35	97	58	116	2	210
239	2	35	98	58	116	2	1
239	2	35	102	58	116	2	1
239	2	35	103	58	116	2	210
239	2	35	113	58	116	2	218
239	2	36	12	58	116	2	15
239	2	36	13	58	116	3	13
239	2	36	15	58	116	3	inf
239	2	36	17	58	116	3	226
239	2	36	18	58	116	2	224
239	2	36	37	58	116	2	124
239	2	36	39	58	116	2	109
239	2	36	41	58	116	3	inf
239	2	36	43	58	116	3	inf
239	2	36	49	58	116	2	109
239	2	36	51	58	116	2	124
239	2	36	70	58	116	2	224
239	2	36	71	58	116	3	226
239	2	36	73	58	116	3	inf
239	2	36	75	58	116	3	13
239	2	36	76	58	116	2	15
239	2	36	95	58	116	2	115
239	2	36	97	58	116	2	130
239	2	36	107	58	116	2	130
239	2	36	109	58	116	2	115
239	2	37	1	58	116	2	218
239	2	37	11	58	116	2	36
239	2	37	17	58	116	3	0
239	2	37	23	58	116	2	203
239	2	37	33	58	116	2	21
239	2	37	43	58	116	2	29
239	2	37	44	58	116	2	238
239	2	37	48	58	116	2	238
239	2	37	49	58	116	2	29
239	2	37	59	58	116	2	21
239	2	37	69	58	116	2	203
239	2	37	75	58	116	3	0
239	2	37	81	58	116	2	36
239	2	37	91	58	116	2	218
239	2	37	101	58	116	2	210
239	2	37	102	58	116	2	1
239	2	37	106	58	116	2	1
239	2	37	107	58	116	2	210
239	2	38	16	58	116	2	15
239	2	38	17	58	116	3	13
239	2	38	19	58	116	3	inf
239	2	38	21	58	116	3	226
239	2	38	22	58	116	2	224
239	2	38	41	58	116	2	124
239	2	38	43	58	116	2	109
239	2	38	45	58	116	3	inf
239	2	38	47	58	116	3	inf
239	2	38	53	58	116	2	109
239	2	38	55	58	116	2	124
239	2	38	74	58	116	2	224
239	2	38	75	58	116	3	226
239	2	38	77	58	116	3	inf
239	2	38	79	58	116	3	13
239	2	38	80	58	116	2	15
239	2	38	99	58	116	2	115
239	2	38	101	58	116	2	130
239	2	38	111	58	116	2	130
239	2	38	113	58	116	2	115
239	2	39	5	58	116	2	218
239	2	39	15	58	116	2	36
239	2	39	21	58	116	3	0
239	2	39	27	58	116	2	203
239	2	39	37	58	116	2	21
239	2	39	47	58	116	2	29
239	2	39	48	58	116	2	238
239	2	39	52	58	116	2	238
239	2	39	53	58	116	2	29
239	2	39	63	58	116	2	21
239	2	39	73	58	116	2	203
239	2	39	79	58	116	3	0
239	2	39	85	58	116	2	36
239	2	39	95	58	116	2	218
239	2	39	105	58	116	2	210
239	2	39	106	58	116	2	1
239	2	39	110	58	116	2	1
239	2	39	111	58	116	2	210
239	2	40	1	58	116	2	115
239	2	40	20	58	116	2	15
239	2	40	21	58	116	3	13
239	2	40	23	58	116	3	inf
239	2	40	25	58	116	3	226
239	2	40	26	58	116	2	224
239	2	40	45	58	116	2	124
239	2	40	47	58	116	2	109
239	2	40	49	58	116	3	inf
239	2	40	51	58	116	3	inf
239	2	40	57	58	116	2	109
239	2	40	59	58	116	2	124
239	2	40	78	58	116	2	224
239	2	40	79	58	116	3	226
239	2	40	81	58	116	3	inf
239	2	40	83	58	116	3	13
239	2	40	84	58	116	2	15
239	2	40	103	58	116	2	115
239	2	40	105	58	116	2	130
239	2	40	115	58	116	2	130
239	2	41	9	58	116	2	218
239	2	41	19	58	116	2	36
239	2	41	25	58	116	3	0
239	2	41	31	58	116	2	203
239	2	41	41	58	116	2	21
239	2	41	51	58	116	2	29
239	2	41	52	58	116	2	238
239	2	41	56	58	116	2	238
239	2	41	57	58	116	2	29
239	2	41	67	58	116	2	21
239	2	41	77	58	116	2	203
239	2	41	83	58	116	3	0
239	2	41	89	58	116	2	36
239	2	41	99	58	116	2	218
239	2	41	109	58	116	2	210
239	2	41	110	58	116	2	1
239	2	41	114	58	116	2	1
239	2	41	115	58	116	2	210
239	2	42	3	58	116	2	130
239	2	42	5	58	116	2	115
239	2	42	24	58	116	2	15
239	2	42	25	58	116	3	13
239	2	42	27	58	116	3	inf
239	2	42	29	58	116	3	226
239	2	42	30	58	116	2	224
239	2	42	49	58	116	2	124
239	2	42	51	58	116	2	109
239	2	42	53	58	116	3	inf
239	2	42	55	58	116	3	inf
239	2	42	61	58	116	2	109
239	2	42	63	58	116	2	124
239	2	42	82	58	116	2	224
239	2	42	83	58	116	3	226
239	2	42	85	58	116	3	inf
239	2	42	87	58	116	3	13
239	2	42	88	58	116	2	15
239	2	42	107	58	116	2	115
239	2	42	109	58	116	2	130
239	2	43	2	58	116	2	1
239	2	43	3	58	116	2	210
239	2	43	13	58	116	2	218
239	2	43	23	58	116	2	36
239	2	43	29	58	116	3	0
239	2	43	35	58	116	2	203
239	2	43	45	58	116	2	21
239	2	43	55	58	116	2	29
239	2	43	56	58	116	2	238
239	2	43	60	58	116	2	238
239	2	43	61	58	116	2	29
239	2	43	71	58	116	2	21
239	2	43	81	58	116	2	203
239	2	43	87	58	116	3	0
239	2	43	93	58	116	2	36
239	2	43	103	58	116	2	218
239	2	43	113	58	116	2	210
239	2	43	114	58	116	2	1
239	2	44	7	58	116	2	130
239	2	44	9	58	116	2	115
239	2	44	28	58	116	2	15
239	2	44	29	58	116	3	13
239	2	44	31	58	116	3	inf
239	2	44	33	58	116	3	226
239	2	44	34	58	116	2	224
239	2	44	53	58	116	2	124
239	2	44	55	58	116	2	109
239	2	44	57	58	116	3	inf
239	2	44	59	58	116	3	inf
239	2	44	65	58	116	2	109
239	2	44	67	58	116	2	124
239	2	44	86	58	116	2	224
239	2	44	87	58	116	3	226
239	2	44	89	58	116	3	inf
239	2	44	91	58	116	3	13
239	2	44	92	58	116	2	15
239	2	44	111	58	116	2	115
239	2	44	113	58	116	2	130
239	2	45	1	58	116	2	210
239	2	45	2	58	116	2	1
239	2	45	6	58	116	2	1
239	2	45	7	58	116	2	210
239	2	45	17	58	116	2	218
239	2	45	27	58	116	2	36
239	2	45	33	58	116	3	0
239	2	45	39	58	116	2	203
239	2	45	49	58	116	2	21
239	2	45	59	58	116	2	29
239	2	45	60	58	116	2	238
239	2	45	64	58	116	2	238
239	2	45	65	58	116	2	29
239	2	45	75	58	116	2	21
239	2	45	85	58	116	2	203
239	2	45	91	58	116	3	0
239	2	45	97	58	116	2	36
239	2	45	107	58	116	2	218
239	2	46	1	58	116	2	130
239	2	46	11	58	116	2	130
239	2	46	13	58	116	2	115
239	2	46	32	58	116	2	15
239	2	46	33	58	116	3	13
239	2	46	35	58	116	3	inf
239	2	46	37	58	116	3	226
239	2	46	38	58	116	2	224
239	2	46	57	58	116	2	124
239	2	46	59	58	116	2	109
239	2	46	61	58	116	3	inf
239	2	46	63	58	116	3	inf
239	2	46	69	58	116	2	109
239	2	46	71	58	116	2	124
239	2	46	90	58	116	2	224
239	2	46	91	58	116	3	226
239	2	46	93	58	116	3	inf
239	2	46	95	58	116	3	13
239	2	46	96	58	116	2	15
239	2	46	115	58	116	2	115
239	2	47	5	58	116	2	210
239	2	47	6	58	116	2	1
239	2	47	10	58	116	2	1
239	2	47	11	58	116	2	210
239	2	47	21	58	116	2	218
239	2	47	31	58	116	2	36
239	2	47	37	58	116	3	0
239	2	47	43	58	116	2	203
239	2	47	53	58	116	2	21
239	2	47	63	58	116	2	29
239	2	47	64	58	116	2	238
239	2	47	68	58	116	2	238
239	2	47	69	58	116	2	29
239	2	47	79	58	116	2	21
239	2	47	89	58	116	2	203
239	2	47	95	58	116	3	0
239	2	47	101	58	116	2	36
239	2	47	111	58	116	2	218
239	2	48	3	58	116	2	115
239	2	48	5	58	116	2	130
239	2	48	15	58	116	2	130
239	2	48	17	58	116	2	115
239	2	48	36	58	116	2	15
239	2	48	37	58	116	3	13
239	2	48	39	58	116	3	inf
239	2	48	41	58	116	3	226
239	2	48	42	58	116	2	224
239	2	48	61	58	116	2	124
239	2	48	63	58	116	2	109
239	2	48	65	58	116	3	inf
239	2	48	67	58	116	3	inf
239	2	48	73	58	116	2	109
239	2	48	75	58	116	2	124
239	2	48	94	58	116	2	224
239	2	48	95	58	116	3	226
239	2	48	97	58	116	3	inf
239	2	48	99	58	116	3	13
239	2	48	100	58	116	2	15
239	2	49	9	58	116	2	210
239	2	49	10	58	116	2	1
239	2	49	14	58	116	2	1
239	2	49	15	58	116	2	210
239	2	49	25	58	116	2	218
239	2	49	35	58	116	2	36
239	2	49	41	58	116	3	0
239	2	49	47	58	116	2	203
239	2	49	57	58	116	2	21
239	2	49	67	58	116	2	29
239	2	49	68	58	116	2	238
239	2	49	72	58	116	2	238
239	2	49	73	58	116	2	29
239	2	49	83	58	116	2	21
239	2	49	93	58	116	2	203
239	2	49	99	58	116	3	0
239	2	49	105	58	116	2	36
239	2	49	115	58	116	2	218
239	2	50	7	58	116	2	115
239	2	50	9	58	116	2	130
239	2	50	19	58	116	2	130
239	2	50	21	58	116	2	115
239	2	50	40	58	116	2	15
239	2	50	41	58	116	3	13
239	2	50	43	58	116	3	inf
239	2	50	45	58	116	3	226
239	2	50	46	58	116	2	224
239	2	50	65	58	116	2	124
239	2	50	67	58	116	2	109
239	2	50	69	58	116	3	inf
239	2	50	71	58	116	3	inf
239	2	50	77	58	116	2	109
239	2	50	79	58	116	2	124
239	2	50	98	58	116	2	224
239	2	50	99	58	116	3	226
239	2	50	101	58	116	3	inf
239	2	50	103	58	116	3	13
239	2	50	104	58	116	2	15
239	2	51	3	58	116	2	218
239	2	51	13	58	116	2	210
239	2	51	14	58	116	2	1
239	2	51	18	58	116	2	1
239	2	51	19	58	116	2	210
239	2	51	29	58	116	2	218
239	2	51	39	58	116	2	36
239	2	51	45	58	116	3	0
239	2	51	51	58	116	2	203
239	2	51	61	58	116	2	21
239	2	51	71	58	116	2	29
239	2	51	72	58	116	2	238
239	2	51	76	58	116	2	238
239	2	51	77	58	116	2	29
239	2	51	87	58	116	2	21
239	2	51	97	58	116	2	203
239	2	51	103	58	116	3	0
239	2	51	109	58	116	2	36
239	2	52	11	58	116	2	115
239	2	52	13	58	116	2	130
239	2	52	23	58	116	2	130
239	2	52	25	58	116	2	115
239	2	52	44	58	116	2	15
239	2	52	45	58	116	3	13
239	2	52	47	58	116	3	inf
239	2	52	49	58	116	3	226
239	2	52	50	58	116	2	224
239	2	52	69	58	116	2	124
239	2	52	71	58	116	2	109
239	2	52	73	58	116	3	inf
239	2	52	75	58	116	3	inf
239	2	52	81	58	116	2	109
239	2	52	83	58	116	2	124
239	2	52	102	58	116	2	224
239	2	52	103	58	116	3	226
239	2	52	105	58	116	3	inf
239	2	52	107	58	116	3	13
239	2	52	108	58	116	2	15
239	2	53	7	58	116	2	218
239	2	53	17	58	116	2	210
239	2	53	18	58	116	2	1
239	2	53	22	58	116	2	1
239	2	53	23	58	116	2	210
239	2	53	33	58	116	2	218
239	2	53	43	58	116	2	36
239	2	53	49	58	116	3	0
239	2	53	55	58	116	2	203
239	2	53	65	58	116	2	21
239	2	53	75	58	116	2	29
239	2	53	76	58	116	2	238
239	2	53	80	58	116	2	238
239	2	53	81	58	116	2	29
239	2	53	91	58	116	2	21
239	2	53	101	58	116	2	203
239	2	53	107	58	116	3	0
239	2	53	113	58	116	2	36
239	2	54	15	58	116	2	115
239	2	54	17	58	116	2	130
239	2	54	27	58	116	2	130
239	2	54	29	58	116	2	115
239	2	54	48	58	116	2	15
239	2	54	49	58	116	3	13
239	2	54	51	58	116	3	inf
239	2	54	53	58	116	3	226
239	2	54	54	58	116	2	224
239	2	54	73	58	116	2	124
239	2	54	75	58	116	2	109
239	2	54	77	58	116	3	inf
239	2	54	79	58	116	3	inf
239	2	54	85	58	116	2	109
239	2	54	87	58	116	2	124
239	2	54	106	58	116	2	224
239	2	54	107	58	116	3	226
239	2	54	109	58	116	3	inf
239	2	54	111	58	116	3	13
239	2	54	112	58	116	2	15
239	2	55	1	58	116	2	36
239	2	55	11	58	116	2	218
239	2	55	21	58	116	2	210
239	2	55	22	58	116	2	1
239	2	55	26	58	116	2	1
239	2	55	27	58	116	2	210
239	2	55	37	58	116	2	218
239	2	55	47	58	116	2	36
239	2	55	53	58	116	3	0
239	2	55	59	58	116	2	203
239	2	55	69	58	116	2	21
239	2	55	79	58	116	2	29
239	2	55	80	58	116	2	238
239	2	55	84	58	116	2	238
239	2	55	85	58	116	2	29
239	2	55	95	58	116	2	21
239	2	55	105	58	116	2	203
239	2	55	111	58	116	3	0
239	2	56	0	58	116	2	15
239	2	56	19	58	116	2	115
239	2	56	21	58	116	2	130
239	2	56	31	58	116	2	130
239	2	56	33	58	116	2	115
239	2	56	52	58	116	2	15
239	2	56	53	58	116	3	13
239	2	56	55	58	116	3	inf
239	2	56	57	58	116	3	226
239	2	56	58	58	116	2	224
239	2	56	77	58	116	2	124
239	2	56	79	58	116	2	109
239	2	56	81	58	116	3	inf
239	2	56	83	58	116	3	inf
239	2	56	89	58	116	2	109
239	2	56	91	58	116	2	124
239	2	56	110	58	116	2	224
239	2	56	111	58	116	3	226
239	2	56	113	58	116	3	inf
239	2	56	115	58	116	3	13
239	2	57	5	58	116	2	36
239	2	57	15	58	116	2	218
239	2	57	25	58	116	2	210
239	2	57	26	58	116	2	1
239	2	57	30	58	116	2	1
239	2	57	31	58	116	2	210
239	2	57	41	58	116	2	218
239	2	57	51	58	116	2	36
239	2	57	57	58	116	3	0
239	2	57	63	58	116	2	203
239	2	57	73	58	116	2	21
239	2	57	83	58	116	2	29
239	2	57	84	58	116	2	238
239	2	57	88	58	116	2	238
239	2	57	89	58	116	2	29
239	2	57	99	58	116	2	21
239	2	57	109	58	116	2	203
239	2	57	115	58	116	3	0
239	3	0	6	58	116	2	130
239	3	0	8	58	116	2	115
239	3	0	27	58	116	2	15
239	3	0	28	58	116	3	13
239	3	0	30	58	116	3	inf
239	3	0	32	58	116	3	226
239	3	0	33	58	116	2	224
239	3	0	52	58	116	2	124
239	3	0	54	58	116	2	109
239	3	0	56	58	116	3	inf
239	3	0	58	58	116	3	inf
239	3	0	64	58	116	2	109
239	3	0	66	58	116	2	124
239	3	0	85	58	116	2	224
239	3	0	86	58	116	3	226
239	3	0	88	58	116	3	inf
239	3	0	90	58	116	3	13
239	3	0	91	58	116	2	15
239	3	0	110	58	116	2	115
239	3	0	112	58	116	2	130
239	3	1	0	58	116	2	210
239	3	1	1	58	116	2	1
239	3	1	5	58	116	2	1
239	3	1	6	58	116	2	210
239	3	1	16	58	116	2	218
239	3	1	26	58	116	2	36
239	3	1	32	58	116	3	0
239	3	1	38	58	116	2	203
239	3	1	48	58	116	2	21
239	3	1	58	58	116	2	29
239	3	1	59	58	116	2	238
239	3	1	63	58	116	2	238
239	3	1	64	58	116	2	29
239	3	1	74	58	116	2	21
239	3	1	84	58	116	2	203
239	3	1	90	58	116	3	0
239	3	1	96	58	116	2	36
239	3	1	106	58	116	2	218
239	3	2	0	58	116	2	130
239	3	2	10	58	116	2	130
239	3	2	12	58	116	2	115
239	3	2	31	58	116	2	15
239	3	2	32	58	116	3	13
239	3	2	34	58	116	3	inf
239	3	2	36	58	116	3	226
239	3	2	37	58	116	2	224
239	3	2	56	58	116	2	124
239	3	2	58	58	116	2	109
239	3	2	60	58	116	3	inf
239	3	2	62	58	116	3	inf
239	3	2	68	58	116	2	109
239	3	2	70	58	116	2	124
239	3	2	89	58	116	2	224
239	3	2	90	58	116	3	226
239	3	2	92	58	116	3	inf
239	3	2	94	58	116	3	13
239	3	2	95	58	116	2	15
239	3	2	114	58	116	2	115
239	3	3	4	58	116	2	210
239	3	3	5	58	116	2	1
239	3	3	9	58	116	2	1
239	3	3	10	58	116	2	210
239	3	3	20	58	116	2	218
239	3	3	30	58	116	2	36
239	3	3	36	58	116	3	0
239	3	3	42	58	116	2	203
239	3	3	52	58	116	2	21
239	3	3	62	58	116	2	29
239	3	3	63	58	116	2	238
239	3	3	67	58	116	2	238
239	3	3	68	58	116	2	29
239	3	3	78	58	116	2	21
239	3	3	88	58	116	2	203
239	3	3	94	58	116	3	0
239	3	3	100	58	116	2	36
239	3	3	110	58	116	2	218
239	3	4	2	58	116	2	115
239	3	4	4	58	116	2	130
239	3	4	14	58	116	2	130
239	3	4	16	58	116	2	115
239	3	4	35	58	116	2	15
239	3	4	36	58	116	3	13
239	3	4	38	58	116	3	inf
239	3	4	40	58	116	3	226
239	3	4	41	58	116	2	224
239	3	4	60	58	116	2	124
239	3	4	62	58	116	2	109
239	3	4	64	58	116	3	inf
239	3	4	66	58	116	3	inf
239	3	4	72	58	116	2	109
239	3	4	74	58	116	2	124
239	3	4	93	58	116	2	224
239	3	4	94	58	116	3	226
239	3	4	96	58	116	3	inf
239	3	4	98	58	116	3	13
239	3	4	99	58	116	2	15
239	3	5	8	58	116	2	210
239	3	5	9	58	116	2	1
239	3	5	13	58	116	2	1
239	3	5	14	58	116	2	210
239	3	5	24	58	116	2	218
239	3	5	34	58	116	2	36
239	3	5	40	58	116	3	0
239	3	5	46	58	116	2	203
239	3	5	56	58	116	2	21
239	3	5	66	58	116	2	29
239	3	5	67	58	116	2	238
239	3	5	71	58	116	2	238
239	3	5	72	58	116	2	29
239	3	5	82	58	116	2	21
239	3	5	92	58	116	2	203
239	3	5	98	58	116	3	0
239	3	5	104	58	116	2	36
239	3	5	114	58	116	2	218
239	3	6	6	58	116	2	115
239	3	6	8	58	116	2	130
239	3	6	18	58	116	2	130
239	3	6	20	58	116	2	115
239	3	6	39	58	116	2	15
239	3	6	40	58	116	3	13
239	3	6	42	58	116	3	inf
239	3	6	44	58	116	3	226
239	3	6	45	58	116	2	224
239	3	6	64	58	116	2	124
239	3	6	66	58	116	2	109
239	3	6	68	58	116	3	inf
239	3	6	70	58	116	3	inf
239	3	6	76	58	116	2	109
239	3	6	78	58	116	2	124
239	3	6	97	58	116	2	224
239	3	6	98	58	116	3	226
239	3	6	100	58	116	3	inf
239	3	6	102	58	116	3	13
239	3	6	103	58	116	2	15
239	3	7	2	58	116	2	218
239	3	7	12	58	116	2	210
239	3	7	13	58	116	2	1
239	3	7	17	58	116	2	1
239	3	7	18	58	116	2	210
239	3	7	28	58	116	2	218
239	3	7	38	58	116	2	36
239	3	7	44	58	116	3	0
239	3	7	50	58	116	2	203
239	3	7	60	58	116	2	21
239	3	7	70	58	116	2	29
239	3	7	71	58	116	2	238
239	3	7	75	58	116	2	238
239	3	7	76	58	116	2	29
239	3	7	86	58	116	2	21
239	3	7	96	58	116	2	203
239	3	7	102	58	116	3	0
239	3	7	108	58	116	2	36
239	3	8	10	58	116	2	115
239	3	8	12	58	116	2	130
239	3	8	22	58	116	2	130
239	3	8	24	58	116	2	115
239	3	8	43	58	116	2	15
239	3	8	44	58	116	3	13
239	3	8	46	58	116	3	inf
239	3	8	48	58	116	3	226
239	3	8	49	58	116	2	224
239	3	8	68	58	116	2	124
239	3	8	70	58	116	2	109
239	3	8	72	58	116	3	inf
239	3	8	74	58	116	3	inf
239	3	8	80	58	116	2	109
239	3	8	82	58	116	2	124
239	3	8	101	58	116	2	224
239	3	8	102	58	116	3	226
239	3	8	104	58	116	3	inf
239	3	8	106	58	116	3	13
239	3	8	107	58	116	2	15
239	3	9	6	58	116	2	218
239	3	9	16	58	116	2	210
239	3	9	17	58	116	2	1
239	3	9	21	58	116	2	1
239	3	9	22	58	116	2	210
239	3	9	32	58	116	2	218
239	3	9	42	58	116	2	36
239	3	9	48	58	116	3	0
239	3	9	54	58	116	2	203
239	3	9	64	58	116	2	21
239	3	9	74	58	116	2	29
239	3	9	75	58	116	2	238
239	3	9	79	58	116	2	238
239	3	9	80	58	116	2	29
239	3	9	90	58	116	2	21
239	3	9	100	58	116	2	203
239	3	9	106	58	116	3	0
239	3	9	112	58	116	2	36
239	3	10	14	58	116	2	115
239	3	10	16	58	116	2	130
239	3	10	26	58	116	2	130
239	3	10	28	58	116	2	115
239	3	10	47	58	116	2	15
239	3	10	48	58	116	3	13
239	3	10	50	58	116	3	inf
239	3	10	52	58	116	3	226
239	3	10	53	58	116	2	224
239	3	10	72	58	116	2	124
239	3	10	74	58	116	2	109
239	3	10	76	58	116	3	inf
239	3	10	78	58	116	3	inf
239	3	10	84	58	116	2	109
239	3	10	86	58	116	2	124
239	3	10	105	58	116	2	224
239	3	10	106	58	116	3	226
239	3	10	108	58	116	3	inf
239	3	10	110	58	116	3	13
239	3	10	111	58	116	2	15
239	3	11	0	58	116	2	36
239	3	11	10	58	116	2	218
239	3	11	20	58	116	2	210
239	3	11	21	58	116	2	1
239	3	11	25	58	116	2	1
239	3	11	26	58	116	2	210
239	3	11	36	58	116	2	218
239	3	11	46	58	116	2	36
239	3	11	52	58	116	3	0
239	3	11	58	58	116	2	203
239	3	11	68	58	116	2	21
239	3	11	78	58	116	2	29
239	3	11	79	58	116	2	238
239	3	11	83	58	116	2	238
239	3	11	84	58	116	2	29
239	3	11	94	58	116	2	21
239	3	11	104	58	116	2	203
239	3	11	110	58	116	3	0
239	3	12	18	58	116	2	115
239	3	12	20	58	116	2	130
239	3	12	30	58	116	2	130
239	3	12	32	58	116	2	115
239	3	12	51	58	116	2	15
239	3	12	52	58	116	3	13
239	3	12	54	58	116	3	inf
239	3	12	56	58	116	3	226
239	3	12	57	58	116	2	224
239	3	12	76	58	116	2	124
239	3	12	78	58	116	2	109
239	3	12	80	58	116	3	inf
239	3	12	82	58	116	3	inf
239	3	12	88	58	116	2	109
239	3	12	90	58	116	2	124
239	3	12	109	58	116	2	224
239	3	12	110	58	116	3	226
239	3	12	112	58	116	3	inf
239	3	12	114	58	116	3	13
239	3	12	115	58	116	2	15
239	3	13	4	58	116	2	36
239	3	13	14	58	116	2	218
239	3	13	24	58	116	2	210
239	3	13	25	58	116	2	1
239	3	13	29	58	116	2	1
239	3	13	30	58	116	2	210
239	3	13	40	58	116	2	218
239	3	13	50	58	116	2	36
239	3	13	56	58	116	3	0
239	3	13	62	58	116	2	203
239	3	13	72	58	116	2	21
239	3	13	82	58	116	2	29
239	3	13	83	58	116	2	238
239	3	13	87	58	116	2	238
239	3	13	88	58	116	2	29
239	3	13	98	58	116	2	21
239	3	13	108	58	116	2	203
239	3	13	114	58	116	3	0
239	3	14	0	58	116	3	inf
239	3	14	2	58	116	3	13
239	3	14	3	58	116	2	15
239	3	14	22	58	116	2	115
239	3	14	24	58	116	2	130
239	3	14	34	58	116	2	130
239	3	14	36	58	116	2	115
239	3	14	55	58	116	2	15
239	3	14	56	58	116	3	13
239	3	14	58	58	116	3	inf
239	3	14	60	58	116	3	226
239	3	14	61	58	116	2	224
239	3	14	80	58	116	2	124
239	3	14	82	58	116	2	109
239	3	14	84	58	116	3	inf
239	3	14	86	58	116	3	inf
239	3	14	92	58	116	2	109
239	3	14	94	58	116	2	124
239	3	14	113	58	116	2	224
239	3	14	114	58	116	3	226
239	3	15	2	58	116	3	0
239	3	15	8	58	116	2	36
239	3	15	18	58	116	2	218
239	3	15	28	58	116	2	210
239	3	15	29	58	116	2	1
239	3	15	33	58	116	2	1
239	3	15	34	58	116	2	210
239	3	15	44	58	116	2	218
239	3	15	54	58	116	2	36
239	3	15	60	58	116	3	0
239	3	15	66	58	116	2	203
239	3	15	76	58	116	2	21
239	3	15	86	58	116	2	29
239	3	15	87	58	116	2	238
239	3	15	91	58	116	2	238
239	3	15	92	58	116	2	29
239	3	15	102	58	116	2	21
239	3	15	112	58	116	2	203
239	3	16	1	58	116	2	224
239	3	16	2	58	116	3	226
239	3	16	4	58	116	3	inf
239	3	16	6	58	116	3	13
239	3	16	7	58	116	2	15
239	3	16	26	58	116	2	115
239	3	16	28	58	116	2	130
239	3	16	38	58	116	2	130
239	3	16	40	58	116	2	115
239	3	16	59	58	116	2	15
239	3	16	60	58	116	3	13
239	3	16	62	58	116	3	inf
239	3	16	64	58	116	3	226
239	3	16	65	58	116	2	224
239	3	16	84	58	116	2	124
239	3	16	86	58	116	2	109
239	3	16	88	58	116	3	inf
239	3	16	90	58	116	3	inf
239	3	16	96	58	116	2	109
239	3	16	98	58	116	2	124
239	3	17	0	58	116	2	203
239	3	17	6	58	116	3	0
239	3	17	12	58	116	2	36
239	3	17	22	58	116	2	218
239	3	17	32	58	116	2	210
239	3	17	33	58	116	2	1
239	3	17	37	58	116	2	1
239	3	17	38	58	116	2	210
239	3	17	48	58	116	2	218
239	3	17	58	58	116	2	36
239	3	17	64	58	116	3	0
239	3	17	70	58	116	2	203
239	3	17	80	58	116	2	21
239	3	17	90	58	116	2	29
239	3	17	91	58	116	2	238
239	3	17	95	58	116	2	238
239	3	17	96	58	116	2	29
239	3	17	106	58	116	2	21
239	3	18	5	58	116	2	224
239	3	18	6	58	116	3	226
239	3	18	8	58	116	3	inf
239	3	18	10	58	116	3	13
239	3	18	11	58	116	2	15
239	3	18	30	58	116	2	115
239	3	18	32	58	116	2	130
239	3	18	42	58	116	2	130
239	3	18	44	58	116	2	115
239	3	18	63	58	116	2	15
239	3	18	64	58	116	3	13
239	3	18	66	58	116	3	inf
239	3	18	68	58	116	3	226
239	3	18	69	58	116	2	224
239	3	18	88	58	116	2	124
239	3	18	90	58	116	2	109
239	3	18	92	58	116	3	inf
239	3	18	94	58	116	3	inf
239	3	18	100	58	116	2	109
239	3	18	102	58	116	2	124
239	3	19	4	58	116	2	203
239	3	19	10	58	116	3	0
239	3	19	16	58	116	2	36
239	3	19	26	58	116	2	218
239	3	19	36	58	116	2	210
239	3	19	37	58	116	2	1
239	3	19	41	58	116	2	1
239	3	19	42	58	116	2	210
239	3	19	52	58	116	2	218
239	3	19	62	58	116	2	36
239	3	19	68	58	116	3	0
239	3	19	74	58	116	2	203
239	3	19	84	58	116	2	21
239	3	19	94	58	116	2	29
239	3	19	95	58	116	2	238
239	3	19	99	58	116	2	238
239	3	19	100	58	116	2	29
239	3	19	110	58	116	2	21
239	3	20	9	58	116	2	224
239	3	20	10	58	116	3	226
239	3	20	12	58	116	3	inf
239	3	20	14	58	116	3	13
239	3	20	15	58	116	2	15
239	3	20	34	58	116	2	115
239	3	20	36	58	116	2	130
239	3	20	46	58	116	2	130
239	3	20	48	58	116	2	115
239	3	20	67	58	116	2	15
239	3	20	68	58	116	3	13
239	3	20	70	58	116	3	inf
239	3	20	72	58	116	3	226
239	3	20	73	58	116	2	224
239	3	20	92	58	116	2	124
239	3	20	94	58	116	2	109
239	3	20	96	58	116	3	inf
239	3	20	98	58	116	3	inf
239	3	20	104	58	116	2	109
239	3	20	106	58	116	2	124
239	3	21	8	58	116	2	203
239	3	21	14	58	116	3	0
239	3	21	20	58	116	2	36
239	3	21	30	58	116	2	218
239	3	21	40	58	116	2	210
239	3	21	41	58	116	2	1
239	3	21	45	58	116	2	1
239	3	21	46	58	116	2	210
239	3	21	56	58	116	2	218
239	3	21	66	58	116	2	36
239	3	21	72	58	116	3	0
239	3	21	78	58	116	2	203
239	3	21	88	58	116	2	21
239	3	21	98	58	116	2	29
239	3	21	99	58	116	2	238
239	3	21	103	58	116	2	238
239	3	21	104	58	116	2	29
239	3	21	114	58	116	2	21
239	3	22	13	58	116	2	224
239	3	22	14	58	116	3	226
239	3	22	16	58	116	3	inf
239	3	22	18	58	116	3	13
239	3	22	19	58	116	2	15
239	3	22	38	58	116	2	115
239	3	22	40	58	116	2	130
239	3	22	50	58	116	2	130
239	3	22	52	58	116	2	115
239	3	22	71	58	116	2	15
239	3	22	72	58	116	3	13
239	3	22	74	58	116	3	inf
239	3	22	76	58	116	3	226
239	3	22	77	58	116	2	224
239	3	22	96	58	116	2	124
239	3	22	98	58	116	2	109
239	3	22	100	58	116	3	inf
239	3	22	102	58	116	3	inf
239	3	22	108	58	116	2	109
239	3	22	110	58	116	2	124
239	3	23	2	58	116	2	21
239	3	23	12	58	116	2	203
239	3	23	18	58	116	3	0
239	3	23	24	58	116	2	36
239	3	23	34	58	116	2	218
239	3	23	44	58	116	2	210
239	3	23	45	58	116	2	1
239	3	23	49	58	116	2	1
239	3	23	50	58	116	2	210
239	3	23	60	58	116	2	218
239	3	23	70	58	116	2	36
239	3	23	76	58	116	3	0
239	3	23	82	58	116	2	203
239	3	23	92	58	116	2	21
239	3	23	102	58	116	2	29
239	3	23	103	58	116	2	238
239	3	23	107	58	116	2	238
239	3	23	108	58	116	2	29
239	3	24	17	58	116	2	224
239	3	24	18	58	116	3	226
239	3	24	20	58	116	3	inf
239	3	24	22	58	116	3	13
239	3	24	23	58	116	2	15
239	3	24	42	58	116	2	115
239	3	24	44	58	116	2	130
239	3	24	54	58	116	2	130
239	3	24	56	58	116	2	115
239	3	24	75	58	116	2	15
239	3	24	76	58	116	3	13
239	3	24	78	58	116	3	inf
239	3	24	80	58	116	3	226
239	3	24	81	58	116	2	224
239	3	24	100	58	116	2	124
239	3	24	102	58	116	2	109
239	3	24	104	58	116	3	inf
239	3	24	106	58	116	3	inf
239	3	24	112	58	116	2	109
239	3	24	114	58	116	2	124
239	3	25	6	58	116	2	21
239	3	25	16	58	116	2	203
239	3	25	22	58	116	3	0
239	3	25	28	58	116	2	36
239	3	25	38	58	116	2	218
239	3	25	48	58	116	2	210
239	3	25	49	58	116	2	1
239	3	25	53	58	116	2	1
239	3	25	54	58	116	2	210
239	3	25	64	58	116	2	218
239	3	25	74	58	116	2	36
239	3	25	80	58	116	3	0
239	3	25	86	58	116	2	203
239	3	25	96	58	116	2	21
239	3	25	106	58	116	2	29
239	3	25	107	58	116	2	238
239	3	25	111	58	116	2	238
239	3	25	112	58	116	2	29
239	3	26	0	58	116	2	109
239	3	26	2	58	116	2	124
239	3	26	21	58	116	2	224
239	3	26	22	58	116	3	226
239	3	26	24	58	116	3	inf
239	3	26	26	58	116	3	13
239	3	26	27	58	116	2	15
239	3	26	46	58	116	2	115
239	3	26	48	58	116	2	130
239	3	26	58	58	116	2	130
239	3	26	60	58	116	2	115
239	3	26	79	58	116	2	15
239	3	26	80	58	116	3	13
239	3	26	82	58	116	3	inf
239	3	26	84	58	116	3	226
239	3	26	85	58	116	2	224
239	3	26	104	58	116	2	124
239	3	26	106	58	116	2	109
239	3	26	108	58	116	3	inf
239	3	26	110	58	116	3	inf
239	3	27	0	58	116	2	29
239	3	27	10	58	116	2	21
239	3	27	20	58	116	2	203
239	3	27	26	58	116	3	0
239	3	27	32	58	116	2	36
239	3	27	42	58	116	2	218
239	3	27	52	58	116	2	210
239	3	27	53	58	116	2	1
239	3	27	57	58	116	2	1
239	3	27	58	58	116	2	210
239	3	27	68	58	116	2	218
239	3	27	78	58	116	2	36
239	3	27	84	58	116	3	0
239	3	27	90	58	116	2	203
239	3	27	100	58	116	2	21
239	3	27	110	58	116	2	29
239	3	27	111	58	116	2	238
239	3	27	115	58	116	2	238
239	3	28	4	58	116	2	109
239	3	28	6	58	116	2	124
239	3	28	25	58	116	2	224
239	3	28	26	58	116	3	226
239	3	28	28	58	116	3	inf
239	3	28	30	58	116	3	13
239	3	28	31	58	116	2	15
239	3	28	50	58	116	2	115
239	3	28	52	58	116	2	130
239	3	28	62	58	116	2	130
239	3	28	64	58	116	2	115
239	3	28	83	58	116	2	15
239	3	28	84	58	116	3	13
239	3	28	86	58	116	3	inf
239	3	28	88	58	116	3	226
239	3	28	89	58	116	2	224
239	3	28	108	58	116	2	124
239	3	28	110	58	116	2	109
239	3	28	112	58	116	3	inf
239	3	28	114	58	116	3	inf
239	3	29	3	58	116	2	238
239	3	29	4	58	116	2	29
239	3	29	14	58	116	2	21
239	3	29	24	58	116	2	203
239	3	29	30	58	116	3	0
239	3	29	36	58	116	2	36
239	3	29	46	58	116	2	218
239	3	29	56	58	116	2	210
239	3	29	57	58	116	2	1
239	3	29	61	58	116	2	1
239	3	29	62	58	116	2	210
239	3	29	72	58	116	2	218
239	3	29	82	58	116	2	36
239	3	29	88	58	116	3	0
239	3	29	94	58	116	2	203
239	3	29	104	58	116	2	21
239	3	29	114	58	116	2	29
239	3	29	115	58	116	2	238
239	3	30	0	58	116	3	inf
239	3	30	2	58	116	3	inf
239	3	30	8	58	116	2	109
239	3	30	10	58	116	2	124
239	3	30	29	58	116	2	224
239	3	30	30	58	116	3	226
239	3	30	32	58	116	3	inf
239	3	30	34	58	116	3	13
239	3	30	35	58	116	2	15
239	3	30	54	58	116	2	115
239	3	30	56	58	116	2	130
239	3	30	66	58	116	2	130
239	3	30	68	58	116	2	115
239	3	30	87	58	116	2	15
239	3	30	88	58	116	3	13
239	3	30	90	58	116	3	inf
239	3	30	92	58	116	3	226
239	3	30	93	58	116	2	224
239	3	30	112	58	116	2	124
239	3	30	114	58	116	2	109
239	3	31	2	58	116	2	29
239	3	31	3	58	116	2	238
239	3	31	7	58	116	2	238
239	3	31	8	58	116	2	29
239	3	31	18	58	116	2	21
239	3	31	28	58	116	2	203
239	3	31	34	58	116	3	0
239	3	31	40	58	116	2	36
239	3	31	50	58	116	2	218
239	3	31	60	58	116	2	210
239	3	31	61	58	116	2	1
239	3	31	65	58	116	2	1
239	3	31	66	58	116	2	210
239	3	31	76	58	116	2	218
239	3	31	86	58	116	2	36
239	3	31	92	58	116	3	0
239	3	31	98	58	116	2	203
239	3	31	108	58	116	2	21
239	3	32	0	58	116	2	124
239	3	32	2	58	116	2	109
239	3	32	4	58	116	3	inf
239	3	32	6	58	116	3	inf
239	3	32	12	58	116	2	109
239	3	32	14	58	116	2	124
239	3	32	33	58	116	2	224
239	3	32	34	58	116	3	226
239	3	32	36	58	116	3	inf
239	3	32	38	58	116	3	13
239	3	32	39	58	116	2	15
239	3	32	58	58	116	2	115
239	3	32	60	58	116	2	130
239	3	32	70	58	116	2	130
239	3	32	72	58	116	2	115
239	3	32	91	58	116	2	15
239	3	32	92	58	116	3	13
239	3	32	94	58	116	3	inf
239	3	32	96	58	116	3	226
239	3	32	97	58	116	2	224
239	3	33	6	58	116	2	29
239	3	33	7	58	116	2	238
239	3	33	11	58	116	2	238
239	3	33	12	58	116	2	29
239	3	33	22	58	116	2	21
239	3	33	32	58	116	2	203
239	3	33	38	58	116	3	0
239	3	33	44	58	116	2	36
239	3	33	54	58	116	2	218
239	3	33	64	58	116	2	210
239	3	33	65	58	116	2	1
239	3	33	69	58	116	2	1
239	3	33	70	58	116	2	210
239	3	33	80	58	116	2	218
239	3	33	90	58	116	2	36
239	3	33	96	58	116	3	0
239	3	33	102	58	116	2	203
239	3	33	112	58	116	2	21
239	3	34	4	58	116	2	124
239	3	34	6	58	116	2	109
239	3	34	8	58	116	3	inf
239	3	34	10	58	116	3	inf
239	3	34	16	58	116	2	109
239	3	34	18	58	116	2	124
239	3	34	37	58	116	2	224
239	3	34	38	58	116	3	226
239	3	34	40	58	116	3	inf
239	3	34	42	58	116	3	13
239	3	34	43	58	116	2	15
239	3	34	62	58	116	2	115
239	3	34	64	58	116	2	130
239	3	34	74	58	116	2	130
239	3	34	76	58	116	2	115
239	3	34	95	58	116	2	15
239	3	34	96	58	116	3	13
239	3	34	98	58	116	3	inf
239	3	34	100	58	116	3	226
239	3	34	101	58	116	2	224
239	3	35	0	58	116	2	21
239	3	35	10	58	116	2	29
239	3	35	11	58	116	2	238
239	3	35	15	58	116	2	238
239	3	35	16	58	116	2	29
239	3	35	26	58	116	2	21
239	3	35	36	58	116	2	203
239	3	35	42	58	116	3	0
239	3	35	48	58	116	2	36
239	3	35	58	58	116	2	218
239	3	35	68	58	116	2	210
239	3	35	69	58	116	2	1
239	3	35	73	58	116	2	1
239	3	35	74	58	116	2	210
239	3	35	84	58	116	2	218
239	3	35	94	58	116	2	36
239	3	35	100	58	116	3	0
239	3	35	106	58	116	2	203
239	3	36	8	58	116	2	124
239	3	36	10	58	116	2	109
239	3	36	12	58	116	3	inf
239	3	36	14	58	116	3	inf
239	3	36	20	58	116	2	109
239	3	36	22	58	116	2	124
239	3	36	41	58	116	2	224
239	3	36	42	58	116	3	226
239	3	36	44	58	116	3	inf
239	3	36	46	58	116	3	13
239	3	36	47	58	116	2	15
239	3	36	66	58	116	2	115
239	3	36	68	58	116	2	130
239	3	36	78	58	116	2	130
239	3	36	80	58	116	2	115
239	3	36	99	58	116	2	15
239	3	36	100	58	116	3	13
239	3	36	102	58	116	3	inf
239	3	36	104	58	116	3	226
239	3	36	105	58	116	2	224
239	3	37	4	58	116	2	21
239	3	37	14	58	116	2	29
239	3	37	15	58	116	2	238
239	3	37	19	58	116	2	238
239	3	37	20	58	116	2	29
239	3	37	30	58	116	2	21
239	3	37	40	58	116	2	203
239	3	37	46	58	116	3	0
239	3	37	52	58	116	2	36
239	3	37	62	58	116	2	218
239	3	37	72	58	116	2	210
239	3	37	73	58	116	2	1
239	3	37	77	58	116	2	1
239	3	37	78	58	116	2	210
239	3	37	88	58	116	2	218
239	3	37	98	58	116	2	36
239	3	37	104	58	116	3	0
239	3	37	110	58	116	2	203
239	3	38	12	58	116	2	124
239	3	38	14	58	116	2	109
239	3	38	16	58	116	3	inf
239	3	38	18	58	116	3	inf
239	3	38	24	58	116	2	109
239	3	38	26	58	116	2	124
239	3	38	45	58	116	2	224
239	3	38	46	58	116	3	226
239	3	38	48	58	116	3	inf
239	3	38	50	58	116	3	13
239	3	38	51	58	116	2	15
239	3	38	70	58	116	2	115
239	3	38	72	58	116	2	130
239	3	38	82	58	116	2	130
239	3	38	84	58	116	2	115
239	3	38	103	58	116	2	15
239	3	38	104	58	116	3	13
239	3	38	106	58	116	3	inf
239	3	38	108	58	116	3	226
239	3	38	109	58	116	2	224
239	3	39	8	58	116	2	21
239	3	39	18	58	116	2	29
239	3	39	19	58	116	2	238
239	3	39	23	58	116	2	238
239	3	39	24	58	116	2	29
239	3	39	34	58	116	2	21
239	3	39	44	58	116	2	203
239	3	39	50	58	116	3	0
239	3	39	56	58	116	2	36
239	3	39	66	58	116	2	218
239	3	39	76	58	116	2	210
239	3	39	77	58	116	2	1
239	3	39	81	58	116	2	1
239	3	39	82	58	116	2	210
239	3	39	92	58	116	2	218
239	3	39	102	58	116	2	36
239	3	39	108	58	116	3	0
239	3	39	114	58	116	2	203
239	3	40	16	58	116	2	124
239	3	40	18	58	116	2	109
239	3	40	20	58	116	3	inf
239	3	40	22	58	116	3	inf
239	3	40	28	58	116	2	109
239	3	40	30	58	116	2	124
239	3	40	49	58	116	2	224
239	3	40	50	58	116	3	226
239	3	40	52	58	116	3	inf
239	3	40	54	58	116	3	13
239	3	40	55	58	116	2	15
239	3	40	74	58	116	2	115
239	3	40	76	58	116	2	130
239	3	40	86	58	116	2	130
239	3	40	88	58	116	2	115
239	3	40	107	58	116	2	15
239	3	40	108	58	116	3	13
239	3	40	110	58	116	3	inf
239	3	40	112	58	116	3	226
239	3	40	113	58	116	2	224
239	3	41	2	58	116	2	203
239	3	41	12	58	116	2	21
239	3	41	22	58	116	2	29
239	3	41	23	58	116	2	238
239	3	41	27	58	116	2	238
239	3	41	28	58	116	2	29
239	3	41	38	58	116	2	21
239	3	41	48	58	116	2	203
239	3	41	54	58	116	3	0
239	3	41	60	58	116	2	36
239	3	41	70	58	116	2	218
239	3	41	80	58	116	2	210
239	3	41	81	58	116	2	1
239	3	41	85	58	116	2	1
239	3	41	86	58	116	2	210
239	3	41	96	58	116	2	218
239	3	41	106	58	116	2	36
239	3	41	112	58	116	3	0
239	3	42	0	58	116	3	226
239	3	42	1	58	116	2	224
239	3	42	20	58	116	2	124
239	3	42	22	58	116	2	109
239	3	42	24	58	116	3	inf
239	3	42	26	58	116	3	inf
239	3	42	32	58	116	2	109
239	3	42	34	58	116	2	124
239	3	42	53	58	116	2	224
239	3	42	54	58	116	3	226
239	3	42	56	58	116	3	inf
239	3	42	58	58	116	3	13
239	3	42	59	58	116	2	15
239	3	42	78	58	116	2	115
239	3	42	80	58	116	2	130
239	3	42	90	58	116	2	130
239	3	42	92	58	116	2	115
239	3	42	111	58	116	2	15
239	3	42	112	58	116	3	13
239	3	42	114	58	116	3	inf
239	3	43	0	58	116	3	0
239	3	43	6	58	116	2	203
239	3	43	16	58	116	2	21
239	3	43	26	58	116	2	29
239	3	43	27	58	116	2	238
239	3	43	31	58	116	2	238
239	3	43	32	58	116	2	29
239	3	43	42	58	116	2	21
239	3	43	52	58	116	2	203
239	3	43	58	58	116	3	0
239	3	43	64	58	116	2	36
239	3	43	74	58	116	2	218
239	3	43	84	58	116	2	210
239	3	43	85	58	116	2	1
239	3	43	89	58	116	2	1
239	3	43	90	58	116	2	210
239	3	43	100	58	116	2	218
239	3	43	110	58	116	2	36
239	3	44	0	58	116	3	13
239	3	44	2	58	116	3	inf
239	3	44	4	58	116	3	226
239	3	44	5	58	116	2	224
239	3	44	24	58	116	2	124
239	3	44	26	58	116	2	109
239	3	44	28	58	116	3	inf
239	3	44	30	58	116	3	inf
239	3	44	36	58	116	2	109
239	3	44	38	58	116	2	124
239	3	44	57	58	116	2	224
239	3	44	58	58	116	3	226
239	3	44	60	58	116	3	inf
239	3	44	62	58	116	3	13
239	3	44	63	58	116	2	15
239	3	44	82	58	116	2	115
239	3	44	84	58	116	2	130
239	3	44	94	58	116	2	130
239	3	44	96	58	116	2	115
239	3	44	115	58	116	2	15
239	3	45	4	58	116	3	0
239	3	45	10	58	116	2	203
239	3	45	20	58	116	2	21
239	3	45	30	58	116	2	29
239	3	45	31	58	116	2	238
239	3	45	35	58	116	2	238
239	3	45	36	58	116	2	29
239	3	45	46	58	116	2	21
239	3	45	56	58	116	2	203
239	3	45	62	58	116	3	0
239	3	45	68	58	116	2	36
239	3	45	78	58	116	2	218
239	3	45	88	58	116	2	210
239	3	45	89	58	116	2	1
239	3	45	93	58	116	2	1
239	3	45	94	58	116	2	210
239	3	45	104	58	116	2	218
239	3	45	114	58	116	2	36
239	3	46	3	58	116	2	15
239	3	46	4	58	116	3	13
239	3	46	6	58	116	3	inf
239	3	46	8	58	116	3	226
239	3	46	9	58	116	2	224
239	3	46	28	58	116	2	124
239	3	46	30	58	116	2	109
239	3	46	32	58	116	3	inf
239	3	46	34	58	116	3	inf
239	3	46	40	58	116	2	109
239	3	46	42	58	116	2	124
239	3	46	61	58	116	2	224
239	3	46	62	58	116	3	226
239	3	46	64	58	116	3	inf
239	3	46	66	58	116	3	13
239	3	46	67	58	116	2	15
239	3	46	86	58	116	2	115
239	3	46	88	58	116	2	130
239	3	46	98	58	116	2	130
239	3	46	100	58	116	2	115
239	3	47	2	58	116	2	36
239	3	47	8	58	116	3	0
239	3	47	14	58	116	2	203
239	3	47	24	58	116	2	21
239	3	47	34	58	116	2	29
239	3	47	35	58	116	2	238
239	3	47	39	58	116	2	238
239	3	47	40	58	116	2	29
239	3	47	50	58	116	2	21
239	3	47	60	58	116	2	203
239	3	47	66	58	116	3	0
239	3	47	72	58	116	2	36
239	3	47	82	58	116	2	218
239	3	47	92	58	116	2	210
239	3	47	93	58	116	2	1
239	3	47	97	58	116	2	1
239	3	47	98	58	116	2	210
239	3	47	108	58	116	2	218
239	3	48	7	58	116	2	15
239	3	48	8	58	116	3	13
239	3	48	10	58	116	3	inf
239	3	48	12	58	116	3	226
239	3	48	13	58	116	2	224
239	3	48	32	58	116	2	124
239	3	48	34	58	116	2	109
239	3	48	36	58	116	3	inf
239	3	48	38	58	116	3	inf
239	3	48	44	58	116	2	109
239	3	48	46	58	116	2	124
239	3	48	65	58	116	2	224
239	3	48	66	58	116	3	226
239	3	48	68	58	116	3	inf
239	3	48	70	58	116	3	13
239	3	48	71	58	116	2	15
239	3	48	90	58	116	2	115
239	3	48	92	58	116	2	130
239	3	48	102	58	116	2	130
239	3	48	104	58	116	2	115
239	3	49	6	58	116	2	36
239	3	49	12	58	116	3	0
239	3	49	18	58	116	2	203
239	3	49	28	58	116	2	21
239	3	49	38	58	116	2	29
239	3	49	39	58	116	2	238
239	3	49	43	58	116	2	238
239	3	49	44	58	116	2	29
239	3	49	54	58	116	2	21
239	3	49	64	58	116	2	203
239	3	49	70	58	116	3	0
239	3	49	76	58	116	2	36
239	3	49	86	58	116	2	218
239	3	49	96	58	116	2	210
239	3	49	97	58	116	2	1
239	3	49	101	58	116	2	1
239	3	49	102	58	116	2	210
239	3	49	112	58	116	2	218
239	3	50	11	58	116	2	15
239	3	50	12	58	116	3	13
239	3	50	14	58	116	3	inf
239	3	50	16	58	116	3	226
239	3	50	17	58	116	2	224
239	3	50	36	58	116	2	124
239	3	50	38	58	116	2	109
239	3	50	40	58	116	3	inf
239	3	50	42	58	116	3	inf
239	3	50	48	58	116	2	109
239	3	50	50	58	116	2	124
239	3	50	69	58	116	2	224
239	3	50	70	58	116	3	226
239	3	50	72	58	116	3	inf
239	3	50	74	58	116	3	13
239	3	50	75	58	116	2	15
239	3	50	94	58	116	2	115
239	3	50	96	58	116	2	130
239	3	50	106	58	116	2	130
239	3	50	108	58	116	2	115
239	3	51	0	58	116	2	218
239	3	51	10	58	116	2	36
239	3	51	16	58	116	3	0
239	3	51	22	58	116	2	203
239	3	51	32	58	116	2	21
239	3	51	42	58	116	2	29
239	3	51	43	58	116	2	238
239	3	51	47	58	116	2	238
239	3	51	48	58	116	2	29
239	3	51	58	58	116	2	21
239	3	51	68	58	116	2	203
239	3	51	74	58	116	3	0
239	3	51	80	58	116	2	36
239	3	51	90	58	116	2	218
239	3	51	100	58	116	2	210
239	3	51	101	58	116	2	1
239	3	51	105	58	116	2	1
239	3	51	106	58	116	2	210
239	3	52	15	58	116	2	15
239	3	52	16	58	116	3	13
239	3	52	18	58	116	3	inf
239	3	52	20	58	116	3	226
239	3	52	21	58	116	2	224
239	3	52	40	58	116	2	124
239	3	52	42	58	116	2	109
239	3	52	44	58	116	3	inf
239	3	52	46	58	116	3	inf
239	3	52	52	58	116	2	109
239	3	52	54	58	116	2	124
239	3	52	73	58	116	2	224
239	3	52	74	58	116	3	226
239	3	52	76	58	116	3	inf
239	3	52	78	58	116	3	13
239	3	52	79	58	116	2	15
239	3	52	98	58	116	2	115
239	3	52	100	58	116	2	130
239	3	52	110	58	116	2	130
239	3	52	112	58	116	2	115
239	3	53	4	58	116	2	218
239	3	53	14	58	116	2	36
239	3	53	20	58	116	3	0
239	3	53	26	58	116	2	203
239	3	53	36	58	116	2	21
239	3	53	46	58	116	2	29
239	3	53	47	58	116	2	238
239	3	53	51	58	116	2	238
239	3	53	52	58	116	2	29
239	3	53	62	58	116	2	21
239	3	53	72	58	116	2	203
239	3	53	78	58	116	3	0
239	3	53	84	58	116	2	36
239	3	53	94	58	116	2	218
239	3	53	104	58	116	2	210
239	3	53	105	58	116	2	1
239	3	53	109	58	116	2	1
239	3	53	110	58	116	2	210
239	3	54	0	58	116	2	115
239	3	54	19	58	116	2	15
239	3	54	20	58	116	3	13
239	3	54	22	58	116	3	inf
239	3	54	24	58	116	3	226
239	3	54	25	58	116	2	224
239	3	54	44	58	116	2	124
239	3	54	46	58	116	2	109
239	3	54	48	58	116	3	inf
239	3	54	50	58	116	3	inf
239	3	54	56	58	116	2	109
239	3	54	58	58	116	2	124
239	3	54	77	58	116	2	224
239	3	54	78	58	116	3	226
239	3	54	80	58	116	3	inf
239	3	54	82	58	116	3	13
239	3	54	83	58	116	2	15
239	3	54	102	58	116	2	115
239	3	54	104	58	116	2	130
239	3	54	114	58	116	2	130
239	3	55	8	58	116	2	218
239	3	55	18	58	116	2	36
239	3	55	24	58	116	3	0
239	3	55	30	58	116	2	203
239	3	55	40	58	116	2	21
239	3	55	50	58	116	2	29
239	3	55	51	58	116	2	238
239	3	55	55	58	116	2	238
239	3	55	56	58	116	2	29
239	3	55	66	58	116	2	21
239	3	55	76	58	116	2	203
239	3	55	82	58	116	3	0
239	3	55	88	58	116	2	36
239	3	55	98	58	116	2	218
239	3	55	108	58	116	2	210
239	3	55	109	58	116	2	1
239	3	55	113	58	116	2	1
239	3	55	114	58	116	2	210
239	3	56	2	58	116	2	130
239	3	56	4	58	116	2	115
239	3	56	23	58	116	2	15
239	3	56	24	58	116	3	13
239	3	56	26	58	116	3	inf
239	3	56	28	58	116	3	226
239	3	56	29	58	116	2	224
239	3	56	48	58	116	2	124
239	3	56	50	58	116	2	109
239	3	56	52	58	116	3	inf
239	3	56	54	58	116	3	inf
239	3	56	60	58	116	2	109
239	3	56	62	58	116	2	124
239	3	56	81	58	116	2	224
239	3	56	82	58	116	3	226
239	3	56	84	58	116	3	inf
239	3	56	86	58	116	3	13
239	3	56	87	58	116	2	15
239	3	56	106	58	116	2	115
239	3	56	108	58	116	2	130
239	3	57	1	58	116	2	1
239	3	57	2	58	116	2	210
239	3	57	12	58	116	2	218
239	3	57	22	58	116	2	36
239	3	57	28	58	116	3	0
239	3	57	34	58	116	2	203
239	3	57	44	58	116	2	21
239	3	57	54	58	116	2	29
239	3	57	55	58	116	2	238
239	3	57	59	58	116	2	238
239	3	57	60	58	116	2	29
239	3	57	70	58	116	2	21
239	3	57	80	58	116	2	203
239	3	57	86	58	116	3	0
239	3	57	92	58	116	2	36
239	3	57	102	58	116	2	218
239	3	57	112	58	116	2	210
239	3	57	113	58	116	2	1
239	4	0	1	58	116	3	inf
239	4	0	3	58	116	3	226
239	4	0	4	58	116	2	224
239	4	0	23	58	116	2	124
239	4	0	25	58	116	2	109
239	4	0	27	58	116	3	inf
239	4	0	29	58	116	3	inf
239	4	0	35	58	116	2	109
239	4	0	37	58	116	2	124
239	4	0	56	58	116	2	224
239	4	0	57	58	116	3	226
239	4	0	59	58	116	3	inf
239	4	0	61	58	116	3	13
239	4	0	62	58	116	2	15
239	4	0	81	58	116	2	115
239	4	0	83	58	116	2	130
239	4	0	93	58	116	2	130
239	4	0	95	58	116	2	115
239	4	0	114	58	116	2	15
239	4	0	115	58	116	3	13
239	4	1	3	58	116	3	0
239	4	1	9	58	116	2	203
239	4	1	19	58	116	2	21
239	4	1	29	58	116	2	29
239	4	1	30	58	116	2	238
239	4	1	34	58	116	2	238
239	4	1	35	58	116	2	29
239	4	1	45	58	116	2	21
239	4	1	55	58	116	2	203
239	4	1	61	58	116	3	0
239	4	1	67	58	116	2	36
239	4	1	77	58	116	2	218
239	4	1	87	58	116	2	210
239	4	1	88	58	116	2	1
239	4	1	92	58	116	2	1
239	4	1	93	58	116	2	210
239	4	1	103	58	116	2	218
239	4	1	113	58	116	2	36
239	4	2	2	58	116	2	15
239	4	2	3	58	116	3	13
239	4	2	5	58	116	3	inf
239	4	2	7	58	116	3	226
239	4	2	8	58	116	2	224
239	4	2	27	58	116	2	124
239	4	2	29	58	116	2	109
239	4	2	31	58	116	3	inf
239	4	2	33	58	116	3	inf
239	4	2	39	58	116	2	109
239	4	2	41	58	116	2	124
239	4	2	60	58	116	2	224
239	4	2	61	58	116	3	226
239	4	2	63	58	116	3	inf
239	4	2	65	58	116	3	13
239	4	2	66	58	116	2	15
239	4	2	85	58	116	2	115
239	4	2	87	58	116	2	130
239	4	2	97	58	116	2	130
239	4	2	99	58	116	2	115
239	4	3	1	58	116	2	36
239	4	3	7	58	116	3	0
239	4	3	13	58	116	2	203
239	4	3	23	58	116	2	21
239	4	3	33	58	116	2	29
239	4	3	34	58	116	2	238
239	4	3	38	58	116	2	238
239	4	3	39	58	116	2	29
239	4	3	49	58	116	2	21
239	4	3	59	58	116	2	203
239	4	3	65	58	116	3	0
239	4	3	71	58	116	2	36
239	4	3	81	58	116	2	218
239	4	3	91	58	116	2	210
239	4	3	92	58	116	2	1
239	4	3	96	58	116	2	1
239	4	3	97	58	116	2	210
239	4	3	107	58	116	2	218
239	4	4	6	58	116	2	15
239	4	4	7	58	116	3	13
239	4	4	9	58	116	3	inf
239	4	4	11	58	116	3	226
239	4	4	12	58	116	2	224
239	4	4	31	58	116	2	124
239	4	4	33	58	116	2	109
239	4	4	35	58	116	3	inf
239	4	4	37	58	116	3	inf
239	4	4	43	58	116	2	109
239	4	4	45	58	116	2	124
239	4	4	64	58	116	2	224
239	4	4	65	58	116	3	226
239	4	4	67	58	116	3	inf
239	4	4	69	58	116	3	13
239	4	4	70	58	116	2	15
239	4	4	89	58	116	2	115
239	4	4	91	58	116	2	130
239	4	4	101	58	116	2	130
239	4	4	103	58	116	2	115
239	4	5	5	58	116	2	36
239	4	5	11	58	116	3	0
239	4	5	17	58	116	2	203
239	4	5	27	58	116	2	21
239	4	5	37	58	116	2	29
239	4	5	38	58	116	2	238
239	4	5	42	58	116	2	238
239	4	5	43	58	116	2	29
239	4	5	53	58	116	2	21
239	4	5	63	58	116	2	203
239	4	5	69	58	116	3	0
239	4	5	75	58	116	2	36
239	4	5	85	58	116	2	218
239	4	5	95	58	116	2	210
239	4	5	96	58	116	2	1
239	4	5	100	58	116	2	1
239	4	5	101	58	116	2	210
239	4	5	111	58	116	2	218
239	4	6	10	58	116	2	15
239	4	6	11	58	116	3	13
239	4	6	13	58	116	3	inf
239	4	6	15	58	116	3	226
239	4	6	16	58	116	2	224
239	4	6	35	58	116	2	124
239	4	6	37	58	116	2	109
239	4	6	39	58	116	3	inf
239	4	6	41	58	116	3	inf
239	4	6	47	58	116	2	109
239	4	6	49	58	116	2	124
239	4	6	68	58	116	2	224
239	4	6	69	58	116	3	226
239	4	6	71	58	116	3	inf
239	4	6	73	58	116	3	13
239	4	6	74	58	116	2	15
239	4	6	93	58	116	2	115
239	4	6	95	58	116	2	130
239	4	6	105	58	116	2	130
239	4	6	107	58	116	2	115
239	4	7	9	58	116	2	36
239	4	7	15	58	116	3	0
239	4	7	21	58	116	2	203
239	4	7	31	58	116	2	21
239	4	7	41	58	116	2	29
239	4	7	42	58	116	2	238
239	4	7	46	58	116	2	238
239	4	7	47	58	116	2	29
239	4	7	57	58	116	2	21
239	4	7	67	58	116	2	203
239	4	7	73	58	116	3	0
239	4	7	79	58	116	2	36
239	4	7	89	58	116	2	218
239	4	7	99	58	116	2	210
239	4	7	100	58	116	2	1
239	4	7	104	58	116	2	1
239	4	7	105	58	116	2	210
239	4	7	115	58	116	2	218
239	4	8	14	58	116	2	15
239	4	8	15	58	116	3	13
239	4	8	17	58	116	3	inf
239	4	8	19	58	116	3	226
239	4	8	20	58	116	2	224
239	4	8	39	58	116	2	124
239	4	8	41	58	116	2	109
239	4	8	43	58	116	3	inf
239	4	8	45	58	116	3	inf
239	4	8	51	58	116	2	109
239	4	8	53	58	116	2	124
239	4	8	72	58	116	2	224
239	4	8	73	58	116	3	226
239	4	8	75	58	116	3	inf
239	4	8	77	58	116	3	13
239	4	8	78	58	116	2	15
239	4	8	97	58	116	2	115
239	4	8	99	58	116	2	130
239	4	8	109	58	116	2	130
239	4	8	111	58	116	2	115
239	4	9	3	58	116	2	218
239	4	9	13	58	116	2	36
239	4	9	19	58	116	3	0
239	4	9	25	58	116	2	203
239	4	9	35	58	116	2	21
239	4	9	45	58	116	2	29
239	4	9	46	58	116	2	238
239	4	9	50	58	116	2	238
239	4	9	51	58	116	2	29
239	4	9	61	58	116	2	21
239	4	9	71	58	116	2	203
239	4	9	77	58	116	3	0
239	4	9	83	58	116	2	36
239	4	9	93	58	116	2	218
239	4	9	103	58	116	2	210
239	4	9	104	58	116	2	1
239	4	9	108	58	116	2	1
239	4	9	109	58	116	2	210
239	4	10	18	58	116	2	15
239	4	10	19	58	116	3	13
239	4	10	21	58	116	3	inf
239	4	10	23	58	116	3	226
239	4	10	24	58	116	2	224
239	4	10	43	58	116	2	124
239	4	10	45	58	116	2	109
239	4	10	47	58	116	3	inf
239	4	10	49	58	116	3	inf
239	4	10	55	58	116	2	109
239	4	10	57	58	116	2	124
239	4	10	76	58	116	2	224
239	4	10	77	58	116	3	226
239	4	10	79	58	116	3	inf
239	4	10	81	58	116	3	13
239	4	10	82	58	116	2	15
239	4	10	101	58	116	2	115
239	4	10	103	58	116	2	130
239	4	10	113	58	116	2	130
239	4	10	115	58	116	2	115
239	4	11	7	58	116	2	218
239	4	11	17	58	116	2	36
239	4	11	23	58	116	3	0
239	4	11	29	58	116	2	203
239	4	11	39	58	116	2	21
239	4	11	49	58	116	2	29
239	4	11	50	58	116	2	238
239	4	11	54	58	116	2	238
239	4	11	55	58	116	2	29
239	4	11	65	58	116	2	21
239	4	11	75	58	116	2	203
239	4	11	81	58	116	3	0
239	4	11	87	58	116	2	36
239	4	11	97	58	116	2	218
239	4	11	107	58	116	2	210
239	4	11	108	58	116	2	1
239	4	11	112	58	116	2	1
239	4	11	113	58	116	2	210
239	4	12	1	58	116	2	130
239	4	12	3	58	116	2	115
239	4	12	22	58	116	2	15
239	4	12	23	58	116	3	13
239	4	12	25	58	116	3	inf
239	4	12	27	58	116	3	226
239	4	12	28	58	116	2	224
239	4	12	47	58	116	2	124
239	4	12	49	58	116	2	109
239	4	12	51	58	116	3	inf
239	4	12	53	58	116	3	inf
239	4	12	59	58	116	2	109
239	4	12	61	58	116	2	124
239	4	12	80	58	116	2	224
239	4	12	81	58	116	3	226
239	4	12	83	58	116	3	inf
239	4	12	85	58	116	3	13
239	4	12	86	58	116	2	15
239	4	12	105	58	116	2	115
239	4	12	107	58	116	2	130
239	4	13	0	58	116	2	1
239	4	13	1	58	116	2	210
239	4	13	11	58	116	2	218
239	4	13	21	58	116	2	36
239	4	13	27	58	116	3	0
239	4	13	33	58	116	2	203
239	4	13	43	58	116	2	21
239	4	13	53	58	116	2	29
239	4	13	54	58	116	2	238
239	4	13	58	58	116	2	238
239	4	13	59	58	116	2	29
239	4	13	69	58	116	2	21
239	4	13	79	58	116	2	203
239	4	13	85	58	116	3	0
239	4	13	91	58	116	2	36
239	4	13	101	58	116	2	218
239	4	13	111	58	116	2	210
239	4	13	112	58	116	2	1
239	4	14	5	58	116	2	130
239	4	14	7	58	116	2	115
239	4	14	26	58	116	2	15
239	4	14	27	58	116	3	13
239	4	14	29	58	116	3	inf
239	4	14	31	58	116	3	226
239	4	14	32	58	116	2	224
239	4	14	51	58	116	2	124
239	4	14	53	58	116	2	109
239	4	14	55	58	116	3	inf
239	4	14	57	58	116	3	inf
239	4	14	63	58	116	2	109
239	4	14	65	58	116	2	124
239	4	14	84	58	116	2	224
239	4	14	85	58	116	3	226
239	4	14	87	58	116	3	inf
239	4	14	89	58	116	3	13
239	4	14	90	58	116	2	15
239	4	14	109	58	116	2	115
239	4	14	111	58	116	2	130
239	4	15	0	58	116	2	1
239	4	15	4	58	116	2	1
239	4	15	5	58	116	2	210
239	4	15	15	58	116	2	218
239	4	15	25	58	116	2	36
239	4	15	31	58	116	3	0
239	4	15	37	58	116	2	203
239	4	15	47	58	116	2	21
239	4	15	57	58	116	2	29
239	4	15	58	58	116	2	238
239	4	15	62	58	116	2	238
239	4	15	63	58	116	2	29
239	4	15	73	58	116	2	21
239	4	15	83	58	116	2	203
239	4	15	89	58	116	3	0
239	4	15	95	58	116	2	36
239	4	15	105	58	116	2	218
239	4	15	115	58	116	2	210
239	4	16	9	58	116	2	130
239	4	16	11	58	116	2	115
239	4	16	30	58	116	2	15
239	4	16	31	58	116	3	13
239	4	16	33	58	116	3	inf
239	4	16	35	58	116	3	226
239	4	16	36	58	116	2	224
239	4	16	55	58	116	2	124
239	4	16	57	58	116	2	109
239	4	16	59	58	116	3	inf
239	4	16	61	58	116	3	inf
239	4	16	67	58	116	2	109
239	4	16	69	58	116	2	124
239	4	16	88	58	116	2	224
239	4	16	89	58	116	3	226
239	4	16	91	58	116	3	inf
239	4	16	93	58	116	3	13
239	4	16	94	58	116	2	15
239	4	16	113	58	116	2	115
239	4	16	115	58	116	2	130
239	4	17	3	58	116	2	210
239	4	17	4	58	116	2	1
239	4	17	8	58	116	2	1
239	4	17	9	58	116	2	210
239	4	17	19	58	116	2	218
239	4	17	29	58	116	2	36
239	4	17	35	58	116	3	0
239	4	17	41	58	116	2	203
239	4	17	51	58	116	2	21
239	4	17	61	58	116	2	29
239	4	17	62	58	116	2	238
239	4	17	66	58	116	2	238
239	4	17	67	58	116	2	29
239	4	17	77	58	116	2	21
239	4	17	87	58	116	2	203
239	4	17	93	58	116	3	0
239	4	17	99	58	116	2	36
239	4	17	109	58	116	2	218
239	4	18	1	58	116	2	115
239	4	18	3	58	116	2	130
239	4	18	13	58	116	2	130
239	4	18	15	58	116	2	115
239	4	18	34	58	116	2	15
239	4	18	35	58	116	3	13
239	4	18	37	58	116	3	inf
239	4	18	39	58	116	3	226
239	4	18	40	58	116	2	224
239	4	18	59	58	116	2	124
239	4	18	61	58	116	2	109
239	4	18	63	58	116	3	inf
239	4	18	65	58	116	3	inf
239	4	18	71	58	116	2	109
239	4	18	73	58	116	2	124
239	4	18	92	58	116	2	224
239	4	18	93	58	116	3	226
239	4	18	95	58	116	3	inf
239	4	18	97	58	116	3	13
239	4	18	98	58	116	2	15
239	4	19	7	58	116	2	210
239	4	19	8	58	116	2	1
239	4	19	12	58	116	2	1
239	4	19	13	58	116	2	210
239	4	19	23	58	116	2	218
239	4	19	33	58	116	2	36
239	4	19	39	58	116	3	0
239	4	19	45	58	116	2	203
239	4	19	55	58	116	2	21
239	4	19	65	58	116	2	29
239	4	19	66	58	116	2	238
239	4	19	70	58	116	2	238
239	4	19	71	58	116	2	29
239	4	19	81	58	116	2	21
239	4	19	91	58	116	2	203
239	4	19	97	58	116	3	0
239	4	19	103	58	116	2	36
239	4	19	113	58	116	2	218
239	4	20	5	58	116	2	115
239	4	20	7	58	116	2	130
239	4	20	17	58	116	2	130
239	4	20	19	58	116	2	115
239	4	20	38	58	116	2	15
239	4	20	39	58	116	3	13
239	4	20	41	58	116	3	inf
239	4	20	43	58	116	3	226
239	4	20	44	58	116	2	224
239	4	20	63	58	116	2	124
239	4	20	65	58	116	2	109
239	4	20	67	58	116	3	inf
239	4	20	69	58	116	3	inf
239	4	20	75	58	116	2	109
239	4	20	77	58	116	2	124
239	4	20	96	58	116	2	224
239	4	20	97	58	116	3	226
239	4	20	99	58	116	3	inf
239	4	20	101	58	116	3	13
239	4	20	102	58	116	2	15
239	4	21	1	58	116	2	218
239	4	21	11	58	116	2	210
239	4	21	12	58	116	2	1
239	4	21	16	58	116	2	1
239	4	21	17	58	116	2	210
239	4	21	27	58	116	2	218
239	4	21	37	58	116	2	36
239	4	21	43	58	116	3	0
239	4	21	49	58	116	2	203
239	4	21	59	58	116	2	21
239	4	21	69	58	116	2	29
239	4	21	70	58	116	2	238
239	4	21	74	58	116	2	238
239	4	21	75	58	116	2	29
239	4	21	85	58	116	2	21
239	4	21	95	58	116	2	203
239	4	21	101	58	116	3	0
239	4	21	107	58	116	2	36
239	4	22	9	58	116	2	115
239	4	22	11	58	116	2	130
239	4	22	21	58	116	2	130
239	4	22	23	58	116	2	115
239	4	22	42	58	116	2	15
239	4	22	43	58	116	3	13
239	4	22	45	58	116	3	inf
239	4	22	47	58	116	3	226
239	4	22	48	58	116	2	224
239	4	22	67	58	116	2	124
239	4	22	69	58	116	2	109
239	4	22	71	58	116	3	inf
239	4	22	73	58	116	3	inf
239	4	22	79	58	116	2	109
239	4	22	81	58	116	2	124
239	4	22	100	58	116	2	224
239	4	22	101	58	116	3	226
239	4	22	103	58	116	3	inf
239	4	22	105	58	116	3	13
239	4	22	106	58	116	2	15
239	4	23	5	58	116	2	218
239	4	23	15	58	116	2	210
239	4	23	16	58	116	2	1
239	4	23	20	58	116	2	1
239	4	23	21	58	116	2	210
239	4	23	31	58	116	2	218
239	4	23	41	58	116	2	36
239	4	23	47	58	116	3	0
239	4	23	53	58	116	2	203
239	4	23	63	58	116	2	21
239	4	23	73	58	116	2	29
239	4	23	74	58	116	2	238
239	4	23	78	58	116	2	238
239	4	23	79	58	116	2	29
239	4	23	89	58	116	2	21
239	4	23	99	58	116	2	203
239	4	23	105	58	116	3	0
239	4	23	111	58	116	2	36
239	4	24	13	58	116	2	115
239	4	24	15	58	116	2	130
239	4	24	25	58	116	2	130
239	4	24	27	58	116	2	115
239	4	24	46	58	116	2	15
239	4	24	47	58	116	3	13
239	4	24	49	58	116	3	inf
239	4	24	51	58	116	3	226
239	4	24	52	58	116	2	224
239	4	24	71	58	116	2	124
239	4	24	73	58	116	2	109
239	4	24	75	58	116	3	inf
239	4	24	77	58	116	3	inf
239	4	24	83	58	116	2	109
239	4	24	85	58	116	2	124
239	4	24	104	58	116	2	224
239	4	24	105	58	116	3	226
239	4	24	107	58	116	3	inf
239	4	24	109	58	116	3	13
239	4	24	110	58	116	2	15
239	4	25	9	58	116	2	218
239	4	25	19	58	116	2	210
239	4	25	20	58	116	2	1
239	4	25	24	58	116	2	1
239	4	25	25	58	116	2	210
239	4	25	35	58	116	2	218
239	4	25	45	58	116	2	36
239	4	25	51	58	116	3	0
239	4	25	57	58	116	2	203
239	4	25	67	58	116	2	21
239	4	25	77	58	116	2	29
239	4	25	78	58	116	2	238
239	4	25	82	58	116	2	238
239	4	25	83	58	116	2	29
239	4	25	93	58	116	2	21
239	4	25	103	58	116	2	203
239	4	25	109	58	116	3	0
239	4	25	115	58	116	2	36
239	4	26	17	58	116	2	115
239	4	26	19	58	116	2	130
239	4	26	29	58	116	2	130
239	4	26	31	58	116	2	115
239	4	26	50	58	116	2	15
239	4	26	51	58	116	3	13
239	4	26	53	58	116	3	inf
239	4	26	55	58	116	3	226
239	4	26	56	58	116	2	224
239	4	26	75	58	116	2	124
239	4	26	77	58	116	2	109
239	4	26	79	58	116	3	inf
239	4	26	81	58	116	3	inf
239	4	26	87	58	116	2	109
239	4	26	89	58	116	2	124
239	4	26	108	58	116	2	224
239	4	26	109	58	116	3	226
239	4	26	111	58	116	3	inf
239	4	26	113	58	116	3	13
239	4	26	114	58	116	2	15
239	4	27	3	58	116	2	36
239	4	27	13	58	116	2	218
239	4	27	23	58	116	2	210
239	4	27	24	58	116	2	1
239	4	27	28	58	116	2	1
239	4	27	29	58	116	2	210
239	4	27	39	58	116	2	218
239	4	27	49	58	116	2	36
239	4	27	55	58	116	3	0
239	4	27	61	58	116	2	203
239	4	27	71	58	116	2	21
239	4	27	81	58	116	2	29
239	4	27	82	58	116	2	238
239	4	27	86	58	116	2	238
239	4	27	87	58	116	2	29
239	4	27	97	58	116	2	21
239	4	27	107	58	116	2	203
239	4	27	113	58	116	3	0
239	4	28	1	58	116	3	13
239	4	28	2	58	116	2	15
239	4	28	21	58	116	2	115
239	4	28	23	58	116	2	130
239	4	28	33	58	116	2	130
239	4	28	35	58	116	2	115
239	4	28	54	58	116	2	15
239	4	28	55	58	116	3	13
239	4	28	57	58	116	3	inf
239	4	28	59	58	116	3	226
239	4	28	60	58	116	2	224
239	4	28	79	58	116	2	124
239	4	28	81	58	116	2	109
239	4	28	83	58	116	3	inf
239	4	28	85	58	116	3	inf
239	4	28	91	58	116	2	109
239	4	28	93	58	116	2	124
239	4	28	112	58	116	2	224
239	4	28	113	58	116	3	226
239	4	28	115	58	116	3	inf
239	4	29	1	58	116	3	0
239	4	29	7	58	116	2	36
239	4	29	17	58	116	2	218
239	4	29	27	58	116	2	210
239	4	29	28	58	116	2	1
239	4	29	32	58	116	2	1
239	4	29	33	58	116	2	210
239	4	29	43	58	116	2	218
239	4	29	53	58	116	2	36
239	4	29	59	58	116	3	0
239	4	29	65	58	116	2	203
239	4	29	75	58	116	2	21
239	4	29	85	58	116	2	29
239	4	29	86	58	116	2	238
239	4	29	90	58	116	2	238
239	4	29	91	58	116	2	29
239	4	29	101	58	116	2	21
239	4	29	111	58	116	2	203
239	4	30	0	58	116	2	224
239	4	30	1	58	116	3	226
239	4	30	3	58	116	3	inf
239	4	30	5	58	116	3	13
239	4	30	6	58	116	2	15
239	4	30	25	58	116	2	115
239	4	30	27	58	116	2	130
239	4	30	37	58	116	2	130
239	4	30	39	58	116	2	115
239	4	30	58	58	116	2	15
239	4	30	59	58	116	3	13
239	4	30	61	58	116	3	inf
239	4	30	63	58	116	3	226
239	4	30	64	58	116	2	224
239	4	30	83	58	116	2	124
239	4	30	85	58	116	2	109
239	4	30	87	58	116	3	inf
239	4	30	89	58	116	3	inf
239	4	30	95	58	116	2	109
239	4	30	97	58	116	2	124
239	4	31	5	58	116	3	0
239	4	31	11	58	116	2	36
239	4	31	21	58	116	2	218
239	4	31	31	58	116	2	210
239	4	31	32	58	116	2	1
239	4	31	36	58	116	2	1
239	4	31	37	58	116	2	210
239	4	31	47	58	116	2	218
239	4	31	57	58	116	2	36
239	4	31	63	58	116	3	0
239	4	31	69	58	116	2	203
239	4	31	79	58	116	2	21
239	4	31	89	58	116	2	29
239	4	31	90	58	116	2	238
239	4	31	94	58	116	2	238
239	4	31	95	58	116	2	29
239	4	31	105	58	116	2	21
239	4	31	115	58	116	2	203
239	4	32	4	58	116	2	224
239	4	32	5	58	116	3	226
239	4	32	7	58	116	3	inf
239	4	32	9	58	116	3	13
239	4	32	10	58	116	2	15
239	4	32	29	58	116	2	115
239	4	32	31	58	116	2	130
239	4	32	41	58	116	2	130
239	4	32	43	58	116	2	115
239	4	32	62	58	116	2	15
239	4	32	63	58	116	3	13
239	4	32	65	58	116	3	inf
239	4	32	67	58	116	3	226
239	4	32	68	58	116	2	224
239	4	32	87	58	116	2	124
239	4	32	89	58	116	2	109
239	4	32	91	58	116	3	inf
239	4	32	93	58	116	3	inf
239	4	32	99	58	116	2	109
239	4	32	101	58	116	2	124
239	4	33	3	58	116	2	203
239	4	33	9	58	116	3	0
239	4	33	15	58	116	2	36
239	4	33	25	58	116	2	218
239	4	33	35	58	116	2	210
239	4	33	36	58	116	2	1
239	4	33	40	58	116	2	1
239	4	33	41	58	116	2	210
239	4	33	51	58	116	2	218
239	4	33	61	58	116	2	36
239	4	33	67	58	116	3	0
239	4	33	73	58	116	2	203
239	4	33	83	58	116	2	21
239	4	33	93	58	116	2	29
239	4	33	94	58	116	2	238
239	4	33	98	58	116	2	238
239	4	33	99	58	116	2	29
239	4	33	109	58	116	2	21
239	4	34	8	58	116	2	224
239	4	34	9	58	116	3	226
239	4	34	11	58	116	3	inf
239	4	34	13	58	116	3	13
239	4	34	14	58	116	2	15
239	4	34	33	58	116	2	115
239	4	34	35	58	116	2	130
239	4	34	45	58	116	2	130
239	4	34	47	58	116	2	115
239	4	34	66	58	116	2	15
239	4	34	67	58	116	3	13
239	4	34	69	58	116	3	inf
239	4	34	71	58	116	3	226
239	4	34	72	58	116	2	224
239	4	34	91	58	116	2	124
239	4	34	93	58	116	2	109
239	4	34	95	58	116	3	inf
239	4	34	97	58	116	3	inf
239	4	34	103	58	116	2	109
239	4	34	105	58	116	2	124
239	4	35	7	58	116	2	203
239	4	35	13	58	116	3	0
239	4	35	19	58	116	2	36
239	4	35	29	58	116	2	218
239	4	35	39	58	116	2	210
239	4	35	40	58	116	2	1
239	4	35	44	58	116	2	1
239	4	35	45	58	116	2	210
239	4	35	55	58	116	2	218
239	4	35	65	58	116	2	36
239	4	35	71	58	116	3	0
239	4	35	77	58	116	2	203
239	4	35	87	58	116	2	21
239	4	35	97	58	116	2	29
239	4	35	98	58	116	2	238
239	4	35	102	58	116	2	238
239	4	35	103	58	116	2	29
239	4	35	113	58	116	2	21
239	4	36	12	58	116	2	224
239	4	36	13	58	116	3	226
239	4	36	15	58	116	3	inf
239	4	36	17	58	116	3	13
239	4	36	18	58	116	2	15
239	4	36	37	58	116	2	115
239	4	36	39	58	116	2	130
239	4	36	49	58	116	2	130
239	4	36	51	58	116	2	115
239	4	36	70	58	116	2	15
239	4	36	71	58	116	3	13
239	4	36	73	58	116	3	inf
239	4	36	75	58	116	3	226
239	4	36	76	58	116	2	224
239	4	36	95	58	116	2	124
239	4	36	97	58	116	2	109
239	4	36	99	58	116	3	inf
239	4	36	101	58	116	3	inf
239	4	36	107	58	116	2	109
239	4	36	109	58	116	2	124
239	4	37	1	58	116	2	21
239	4	37	11	58	116	2	203
239	4	37	17	58	116	3	0
239	4	37	23	58	116	2	36
239	4	37	33	58	116	2	218
239	4	37	43	58	116	2	210
239	4	37	44	58	116	2	1
239	4	37	48	58	116	2	1
239	4	37	49	58	116	2	210
239	4	37	59	58	116	2	218
239	4	37	69	58	116	2	36
239	4	37	75	58	116	3	0
239	4	37	81	58	116	2	203
239	4	37	91	58	116	2	21
239	4	37	101	58	116	2	29
239	4	37	102	58	116	2	238
239	4	37	106	58	116	2	238
239	4	37	107	58	116	2	29
239	4	38	16	58	116	2	224
239	4	38	17	58	116	3	226
239	4	38	19	58	116	3	inf
239	4	38	21	58	116	3	13
239	4	38	22	58	116	2	15
239	4	38	41	58	116	2	115
239	4	38	43	58	116	2	130
239	4	38	53	58	116	2	130
239	4	38	55	58	116	2	115
239	4	38	74	58	116	2	15
239	4	38	75	58	116	3	13
239	4	38	77	58	116	3	inf
239	4	38	79	58	116	3	226
239	4	38	80	58	116	2	224
239	4	38	99	58	116	2	124
239	4	38	101	58	116	2	109
239	4	38	103	58	116	3	inf
239	4	38	105	58	116	3	inf
239	4	38	111	58	116	2	109
239	4	38	113	58	116	2	124
239	4	39	5	58	116	2	21
239	4	39	15	58	116	2	203
239	4	39	21	58	116	3	0
239	4	39	27	58	116	2	36
239	4	39	37	58	116	2	218
239	4	39	47	58	116	2	210
239	4	39	48	58	116	2	1
239	4	39	52	58	116	2	1
239	4	39	53	58	116	2	210
239	4	39	63	58	116	2	218
239	4	39	73	58	116	2	36
239	4	39	79	58	116	3	0
239	4	39	85	58	116	2	203
239	4	39	95	58	116	2	21
239	4	39	105	58	116	2	29
239	4	39	106	58	116	2	238
239	4	39	110	58	116	2	238
239	4	39	111	58	116	2	29
239	4	40	1	58	116	2	124
239	4	40	20	58	116	2	224
239	4	40	21	58	116	3	226
239	4	40	23	58	116	3	inf
239	4	40	25	58	116	3	13
239	4	40	26	58	116	2	15
239	4	40	45	58	116	2	115
239	4	40	47	58	116	2	130
239	4	40	57	58	116	2	130
239	4	40	59	58	116	2	115
239	4	40	78	58	116	2	15
239	4	40	79	58	116	3	13
239	4	40	81	58	116	3	inf
239	4	40	83	58	116	3	226
239	4	40	84	58	116	2	224
239	4	40	103	58	116	2	124
239	4	40	105	58	116	2	109
239	4	40	107	58	116	3	inf
239	4	40	109	58	116	3	inf
239	4	40	115	58	116	2	109
239	4	41	9	58	116	2	21
239	4	41	19	58	116	2	203
239	4	41	25	58	116	3	0
239	4	41	31	58	116	2	36
239	4	41	41	58	116	2	218
239	4	41	51	58	116	2	210
239	4	41	52	58	116	2	1
239	4	41	56	58	116	2	1
239	4	41	57	58	116	2	210
239	4	41	67	58	116	2	218
239	4	41	77	58	116	2	36
239	4	41	83	58	116	3	0
239	4	41	89	58	116	2	203
239	4	41	99	58	116	2	21
239	4	41	109	58	116	2	29
239	4	41	110	58	116	2	238
239	4	41	114	58	116	2	238
239	4	41	115	58	116	2	29
239	4	42	3	58	116	2	109
239	4	42	5	58	116	2	124
239	4	42	24	58	116	2	224
239	4	42	25	58	116	3	226
239	4	42	27	58	116	3	inf
239	4	42	29	58	116	3	13
239	4	42	30	58	116	2	15
239	4	42	49	58	116	2	115
239	4	42	51	58	116	2	130
239	4	42	61	58	116	2	130
239	4	42	63	58	116	2	115
239	4	42	82	58	116	2	15
239	4	42	83	58	116	3	13
239	4	42	85	58	116	3	inf
239	4	42	87	58	116	3	226
239	4	42	88	58	116	2	224
239	4	42	107	58	116	2	124
239	4	42	109	58	116	2	109
239	4	42	111	58	116	3	inf
239	4	42	113	58	116	3	inf
239	4	43	2	58	116	2	238
239	4	43	3	58	116	2	29
239	4	43	13	58	116	2	21
239	4	43	23	58	116	2	203
239	4	43	29	58	116	3	0
239	4	43	35	58	116	2	36
239	4	43	45	58	116	2	218
239	4	43	55	58	116	2	210
239	4	43	56	58	116	2	1
239	4	43	60	58	116	2	1
239	4	43	61	58	116	2	210
239	4	43	71	58	116	2	218
239	4	43	81	58	116	2	36
239	4	43	87	58	116	3	0
239	4	43	93	58	116	2	203
239	4	43	103	58	116	2	21
239	4	43	113	58	116	2	29
239	4	43	114	58	116	2	238
239	4	44	1	58	116	3	inf
239	4	44	7	58	116	2	109
239	4	44	9	58	116	2	124
239	4	44	28	58	116	2	224
239	4	44	29	58	116	3	226
239	4	44	31	58	116	3	inf
239	4	44	33	58	116	3	13
239	4	44	34	58	116	2	15
239	4	44	53	58	116	2	115
239	4	44	55	58	116	2	130
239	4	44	65	58	116	2	130
239	4	44	67	58	116	2	115
239	4	44	86	58	116	2	15
239	4	44	87	58	116	3	13
239	4	44	89	58	116	3	inf
239	4	44	91	58	116	3	226
239	4	44	92	58	116	2	224
239	4	44	111	58	116	2	124
239	4	44	113	58	116	2	109
239	4	44	115	58	116	3	inf
239	4	45	1	58	116	2	29
239	4	45	2	58	116	2	238
239	4	45	6	58	116	2	238
239	4	45	7	58	116	2	29
239	4	45	17	58	116	2	21
239	4	45	27	58	116	2	203
239	4	45	33	58	116	3	0
239	4	45	39	58	116	2	36
239	4	45	49	58	116	2	218
239	4	45	59	58	116	2	210
239	4	45	60	58	116	2	1
239	4	45	64	58	116	2	1
239	4	45	65	58	116	2	210
239	4	45	75	58	116	2	218
239	4	45	85	58	116	2	36
239	4	45	91	58	116	3	0
239	4	45	97	58	116	2	203
239	4	45	107	58	116	2	21
239	4	46	1	58	116	2	109
239	4	46	3	58	116	3	inf
239	4	46	5	58	116	3	inf
239	4	46	11	58	116	2	109
239	4	46	13	58	116	2	124
239	4	46	32	58	116	2	224
239	4	46	33	58	116	3	226
239	4	46	35	58	116	3	inf
239	4	46	37	58	116	3	13
239	4	46	38	58	116	2	15
239	4	46	57	58	116	2	115
239	4	46	59	58	116	2	130
239	4	46	69	58	116	2	130
239	4	46	71	58	116	2	115
239	4	46	90	58	116	2	15
239	4	46	91	58	116	3	13
239	4	46	93	58	116	3	inf
239	4	46	95	58	116	3	226
239	4	46	96	58	116	2	224
239	4	46	115	58	116	2	124
239	4	47	5	58	116	2	29
239	4	47	6	58	116	2	238
239	4	47	10	58	116	2	238
239	4	47	11	58	116	2	29
239	4	47	21	58	116	2	21
239	4	47	31	58	116	2	203
239	4	47	37	58	116	3	0
239	4	47	43	58	116	2	36
239	4	47	53	58	116	2	218
239	4	47	63	58	116	2	210
239	4	47	64	58	116	2	1
239	4	47	68	58	116	2	1
239	4	47	69	58	116	2	210
239	4	47	79	58	116	2	218
239	4	47	89	58	116	2	36
239	4	47	95	58	116	3	0
239	4	47	101	58	116	2	203
239	4	47	111	58	116	2	21
239	4	48	3	58	116	2	124
239	4	48	5	58	116	2	109
239	4	48	7	58	116	3	inf
239	4	48	9	58	116	3	inf
239	4	48	15	58	116	2	109
239	4	48	17	58	116	2	124
239	4	48	36	58	116	2	224
239	4	48	37	58	116	3	226
239	4	48	39	58	116	3	inf
239	4	48	41	58	116	3	13
239	4	48	42	58	116	2	15
239	4	48	61	58	116	2	115
239	4	48	63	58	116	2	130
239	4	48	73	58	116	2	130
239	4	48	75	58	116	2	115
239	4	48	94	58	116	2	15
239	4	48	95	58	116	3	13
239	4	48	97	58	116	3	inf
239	4	48	99	58	116	3	226
239	4	48	100	58	116	2	224
239	4	49	9	58	116	2	29
239	4	49	10	58	116	2	238
239	4	49	14	58	116	2	238
239	4	49	15	58	116	2	29
239	4	49	25	58	116	2	21
239	4	49	35	58	116	2	203
239	4	49	41	58	116	3	0
239	4	49	47	58	116	2	36
239	4	49	57	58	116	2	218
239	4	49	67	58	116	2	210
239	4	49	68	58	116	2	1
239	4	49	72	58	116	2	1
239	4	49	73	58	116	2	210
239	4	49	83	58	116	2	218
239	4	49	93	58	116	2	36
239	4	49	99	58	116	3	0
239	4	49	105	58	116	2	203
239	4	49	115	58	116	2	21
239	4	50	7	58	116	2	124
239	4	50	9	58	116	2	109
239	4	50	11	58	116	3	inf
239	4	50	13	58	116	3	inf
239	4	50	19	58	116	2	109
239	4	50	21	58	116	2	124
239	4	50	40	58	116	2	224
239	4	50	41	58	116	3	226
239	4	50	43	58	116	3	inf
239	4	50	45	58	116	3	13
239	4	50	46	58	116	2	15
239	4	50	65	58	116	2	115
239	4	50	67	58	116	2	130
239	4	50	77	58	116	2	130
239	4	50	79	58	116	2	115
239	4	50	98	58	116	2	15
239	4	50	99	58	116	3	13
239	4	50	101	58	116	3	inf
239	4	50	103	58	116	3	226
239	4	50	104	58	116	2	224
239	4	51	3	58	116	2	21
239	4	51	13	58	116	2	29
239	4	51	14	58	116	2	238
239	4	51	18	58	116	2	238
239	4	51	19	58	116	2	29
239	4	51	29	58	116	2	21
239	4	51	39	58	116	2	203
239	4	51	45	58	116	3	0
239	4	51	51	58	116	2	36
239	4	51	61	58	116	2	218
239	4	51	71	58	116	2	210
239	4	51	72	58	116	2	1
239	4	51	76	58	116	2	1
239	4	51	77	58	116	2	210
239	4	51	87	58	116	2	218
239	4	51	97	58	116	2	36
239	4	51	103	58	116	3	0
239	4	51	109	58	116	2	203
239	4	52	11	58	116	2	124
239	4	52	13	58	116	2	109
239	4	52	15	58	116	3	inf
239	4	52	17	58	116	3	inf
239	4	52	23	58	116	2	109
239	4	52	25	58	116	2	124
239	4	52	44	58	116	2	224
239	4	52	45	58	116	3	226
239	4	52	47	58	116	3	inf
239	4	52	49	58	116	3	13
239	4	52	50	58	116	2	15
239	4	52	69	58	116	2	115
239	4	52	71	58	116	2	130
239	4	52	81	58	116	2	130
239	4	52	83	58	116	2	115
239	4	52	102	58	116	2	15
239	4	52	103	58	116	3	13
239	4	52	105	58	116	3	inf
239	4	52	107	58	116	3	226
239	4	52	108	58	116	2	224
239	4	53	7	58	116	2	21
239	4	53	17	58	116	2	29
239	4	53	18	58	116	2	238
239	4	53	22	58	116	2	238
239	4	53	23	58	116	2	29
239	4	53	33	58	116	2	21
239	4	53	43	58	116	2	203
239	4	53	49	58	116	3	0
239	4	53	55	58	116	2	36
239	4	53	65	58	116	2	218
239	4	53	75	58	116	2	210
239	4	53	76	58	116	2	1
239	4	53	80	58	116	2	1
239	4	53	81	58	116	2	210
239	4	53	91	58	116	2	218
239	4	53	101	58	116	2	36
239	4	53	107	58	116	3	0
239	4	53	113	58	116	2	203
239	4	54	15	58	116	2	124
239	4	54	17	58	116	2	109
239	4	54	19	58	116	3	inf
239	4	54	21	58	116	3	inf
239	4	54	27	58	116	2	109
239	4	54	29	58	116	2	124
239	4	54	48	58	116	2	224
239	4	54	49	58	116	3	226
239	4	54	51	58	116	3	inf
239	4	54	53	58	116	3	13
239	4	54	54	58	116	2	15
239	4	54	73	58	116	2	115
239	4	54	75	58	116	2	130
239	4	54	85	58	116	2	130
239	4	54	87	58	116	2	115
239	4	54	106	58	116	2	15
239	4	54	107	58	116	3	13
239	4	54	109	58	116	3	inf
239	4	54	111	58	116	3	226
239	4	54	112	58	116	2	224
239	4	55	1	58	116	2	203
239	4	55	11	58	116	2	21
239	4	55	21	58	116	2	29
239	4	55	22	58	116	2	238
239	4	55	26	58	116	2	238
239	4	55	27	58	116	2	29
239	4	55	37	58	116	2	21
239	4	55	47	58	116	2	203
239	4	55	53	58	116	3	0
239	4	55	59	58	116	2	36
239	4	55	69	58	116	2	218
239	4	55	79	58	116	2	210
239	4	55	80	58	116	2	1
239	4	55	84	58	116	2	1
239	4	55	85	58	116	2	210
239	4	55	95	58	116	2	218
239	4	55	105	58	116	2	36
239	4	55	111	58	116	3	0
239	4	56	0	58	116	2	224
239	4	56	19	58	116	2	124
239	4	56	21	58	116	2	109
239	4	56	23	58	116	3	inf
239	4	56	25	58	116	3	inf
239	4	56	31	58	116	2	109
239	4	56	33	58	116	2	124
239	4	56	52	58	116	2	224
239	4	56	53	58	116	3	226
239	4	56	55	58	116	3	inf
239	4	56	57	58	116	3	13
239	4	56	58	58	116	2	15
239	4	56	77	58	116	2	115
239	4	56	79	58	116	2	130
239	4	56	89	58	116	2	130
239	4	56	91	58	116	2	115
239	4	56	110	58	116	2	15
239	4	56	111	58	116	3	13
239	4	56	113	58	116	3	inf
239	4	56	115	58	116	3	226
239	4	57	5	58	116	2	203
239	4	57	15	58	116	2	21
239	4	57	25	58	116	2	29
239	4	57	26	58	116	2	238
239	4	57	30	58	116	2	238
239	4	57	31	58	116	2	29
239	4	57	41	58	116	2	21
239	4	57	51	58	116	2	203
239	4	57	57	58	116	3	0
239	4	57	63	58	116	2	36
239	4	57	73	58	116	2	218
239	4	57	83	58	116	2	210
239	4	57	84	58	116	2	1
239	4	57	88	58	116	2	1
239	4	57	89	58	116	2	210
239	4	57	99	58	116	2	218
239	4	57	109	58	116	2	36
239	4	57	115	58	116	3	0
241	1	0	0	60	20	3	inf
241	1	0	5	60	20	2	56
241	1	0	11	60	20	3	88
241	1	0	17	60	20	2	56
241	1	0	18	60	20	3	inf
241	1	1	7	60	20	2	143
241	1	1	13	60	20	2	144
241	1	1	15	60	20	2	45
241	1	2	7	60	20	2	59
241	1	2	13	60	20	2	132
241	1	2	14	60	20	3	20
241	1	3	3	60	20	2	162
241	1	3	4	60	20	3	inf
241	1	3	5	60	20	2	79
241	1	3	11	60	20	2	228
241	1	3	14	60	20	3	0
241	1	3	17	60	20	2	13
241	1	4	1	60	20	2	182
241	1	4	14	60	20	3	221
241	1	4	15	60	20	2	109
241	1	5	1	60	20	2	98
241	1	5	13	60	20	2	196
241	1	5	15	60	20	2	97
241	1	6	3	60	20	2	185
241	1	6	11	60	20	2	185
241	1	6	17	60	20	3	153
241	1	7	1	60	20	2	196
241	1	7	13	60	20	2	98
241	1	7	19	60	20	2	97
241	1	8	0	60	20	3	221
241	1	8	13	60	20	2	182
241	1	8	19	60	20	2	109
241	1	9	0	60	20	3	0
241	1	9	3	60	20	2	228
241	1	9	9	60	20	2	79
241	1	9	10	60	20	3	inf
241	1	9	11	60	20	2	162
241	1	9	17	60	20	2	13
241	1	10	0	60	20	3	20
241	1	10	1	60	20	2	132
241	1	10	7	60	20	2	59
241	1	11	1	60	20	2	144
241	1	11	7	60	20	2	143
241	1	11	19	60	20	2	45
241	1	12	3	60	20	3	88
241	1	12	9	60	20	2	56
241	1	12	10	60	20	3	inf
241	1	12	12	60	20	3	inf
241	1	12	17	60	20	2	56
241	1	13	5	60	20	2	144
241	1	13	7	60	20	2	45
241	1	13	19	60	20	2	143
241	1	14	5	60	20	2	132
241	1	14	6	60	20	3	20
241	1	14	19	60	20	2	59
241	1	15	3	60	20	2	228
241	1	15	6	60	20	3	0
241	1	15	9	60	20	2	13
241	1	15	15	60	20	2	162
241	1	15	16	60	20	3	inf
241	1	15	17	60	20	2	79
241	1	16	6	60	20	3	221
241	1	16	7	60	20	2	109
241	1	16	13	60	20	2	182
241	1	17	5	60	20	2	196
241	1	17	7	60	20	2	97
241	1	17	13	60	20	2	98
241	1	18	3	60	20	2	185
241	1	18	9	60	20	3	153
241	1	18	15	60	20	2	185
241	1	19	5	60	20	2	98
241	1	19	11	60	20	2	97
241	1	19	13	60	20	2	196
241	1	20	5	60	20	2	182
241	1	20	11	60	20	2	109
241	1	20	12	60	20	3	221
241	1	21	1	60	20	2	79
241	1	21	2	60	20	3	inf
241	1	21	3	60	20	2	162
241	1	21	9	60	20	2	13
241	1	21	12	60	20	3	0
241	1	21	15	60	20	2	228
241	1	22	12	60	20	3	20
241	1	22	13	60	20	2	132
241	1	22	19	60	20	2	59
241	1	23	11	60	20	2	45
241	1	23	13	60	20	2	144
241	1	23	19	60	20	2	143
241	1	24	1	60	20	2	56
241	1	24	2	60	20	3	inf
241	1	24	4	60	20	3	inf
241	1	24	9	60	20	2	56
241	1	24	15	60	20	3	88
241	1	25	11	60	20	2	143
241	1	25	17	60	20	2	144
241	1	25	19	60	20	2	45
241	1	26	11	60	20	2	59
241	1	26	17	60	20	2	132
241	1	26	18	60	20	3	20
241	1	27	1	60	20	2	13
241	1	27	7	60	20	2	162
241	1	27	8	60	20	3	inf
241	1	27	9	60	20	2	79
241	1	27	15	60	20	2	228
241	1	27	18	60	20	3	0
241	1	28	5	60	20	2	182
241	1	28	18	60	20	3	221
241	1	28	19	60	20	2	109
241	1	29	5	60	20	2	98
241	1	29	17	60	20	2	196
241	1	29	19	60	20	2	97
241	1	30	1	60	20	3	153
241	1	30	7	60	20	2	185
241	1	30	15	60	20	2	185
241	1	31	3	60	20	2	97
241	1	31	5	60	20	2	196
241	1	31	17	60	20	2	98
241	1	32	3	60	20	2	109
241	1	32	4	60	20	3	221
241	1	32	17	60	20	2	182
241	1	33	1	60	20	2	13
241	1	33	4	60	20	3	0
241	1	33	7	60	20	2	228
241	1	33	13	60	20	2	79
241	1	33	14	60	20	3	inf
241	1	33	15	60	20	2	162
241	1	34	4	60	20	3	20
241	1	34	5	60	20	2	132
241	1	34	11	60	20	2	59
241	1	35	3	60	20	2	45
241	1	35	5	60	20	2	144
241	1	35	11	60	20	2	143
241	1	36	1	60	20	2	56
241	1	36	7	60	20	3	88
241	1	36	13	60	20	2	56
241	1	36	14	60	20	3	inf
241	1	36	16	60	20	3	inf
241	1	37	3	60	20	2	143
241	1	37	9	60	20	2	144
241	1	37	11	60	20	2	45
241	1	38	3	60	20	2	59
241	1	38	9	60	20	2	132
241	1	38	10	60	20	3	20
241	1	39	0	60	20	3	inf
241	1	39	1	60	20	2	79
241	1	39	7	60	20	2	228
241	1	39	10	60	20	3	0
241	1	39	13	60	20	2	13
241	1	39	19	60	20	2	162
241	1	40	10	60	20	3	221
241	1	40	11	60	20	2	109
241	1	40	17	60	20	2	182
241	1	41	9	60	20	2	196
241	1	41	11	60	20	2	97
241	1	41	17	60	20	2	98
241	1	42	7	60	20	2	185
241	1	42	13	60	20	3	153
241	1	42	19	60	20	2	185
241	1	43	9	60	20	2	98
241	1	43	15	60	20	2	97
241	1	43	17	60	20	2	196
241	1	44	9	60	20	2	182
241	1	44	15	60	20	2	109
241	1	44	16	60	20	3	221
241	1	45	5	60	20	2	79
241	1	45	6	60	20	3	inf
241	1	45	7	60	20	2	162
241	1	45	13	60	20	2	13
241	1	45	16	60	20	3	0
241	1	45	19	60	20	2	228
241	1	46	3	60	20	2	59
241	1	46	16	60	20	3	20
241	1	46	17	60	20	2	132
241	1	47	3	60	20	2	143
241	1	47	15	60	20	2	45
241	1	47	17	60	20	2	144
241	1	48	5	60	20	2	56
241	1	48	6	60	20	3	inf
241	1	48	8	60	20	3	inf
241	1	48	13	60	20	2	56
241	1	48	19	60	20	3	88
241	1	49	1	60	20	2	144
241	1	49	3	60	20	2	45
241	1	49	15	60	20	2	143
241	1	50	1	60	20	2	132
241	1	50	2	60	20	3	20
241	1	50	15	60	20	2	59
241	1	51	2	60	20	3	0
241	1	51	5	60	20	2	13
241	1	51	11	60	20	2	162
241	1	51	12	60	20	3	inf
241	1	51	13	60	20	2	79
241	1	51	19	60	20	2	228
241	1	52	2	60	20	3	221
241	1	52	3	60	20	2	109
241	1	52	9	60	20	2	182
241	1	53	1	60	20	2	196
241	1	53	3	60	20	2	97
241	1	53	9	60	20	2	98
241	1	54	5	60	20	3	153
241	1	54	11	60	20	2	185
241	1	54	19	60	20	2	185
241	1	55	1	60	20	2	98
241	1	55	7	60	20	2	97
241	1	55	9	60	20	2	196
241	1	56	1	60	20	2	182
241	1	56	7	60	20	2	109
241	1	56	8	60	20	3	221
241	1	57	5	60	20	2	13
241	1	57	8	60	20	3	0
241	1	57	11	60	20	2	228
241	1	57	17	60	20	2	79
241	1	57	18	60	20	3	inf
241	1	57	19	60	20	2	162
241	1	58	8	60	20	3	20
241	1	58	9	60	20	2	132
241	1	58	15	60	20	2	59
241	1	59	7	60	20	2	45
241	1	59	9	60	20	2	144
241	1	59	15	60	20	2	143
241	2	0	0	60	20	2	79
241	2	0	1	60	20	3	inf
241	2	0	2	60	20	2	162
241	2	0	8	60	20	2	13
241	2	0	11	60	20	3	0
241	2	0	14	60	20	2	228
241	2	1	11	60	20	3	20
241	2	1	12	60	20	2	132
241	2	1	18	60	20	2	59
241	2	2	10	60	20	2	45
241	2	2	12	60	20	2	144
241	2	2	18	60	20	2	143
241	2	3	0	60	20	2	56
241	2	3	1	60	20	3	inf
241	2	3	3	60	20	3	inf
241	2	3	8	60	20	2	56
241	2	3	14	60	20	3	88
241	2	4	10	60	20	2	143
241	2	4	16	60	20	2	144
241	2	4	18	60	20	2	45
241	2	5	10	60	20	2	59
241	2	5	16	60	20	2	132
241	2	5	17	60	20	3	20
241	2	6	0	60	20	2	13
241	2	6	6	60	20	2	162
241	2	6	7	60	20	3	inf
241	2	6	8	60	20	2	79
241	2	6	14	60	20	2	228
241	2	6	17	60	20	3	0
241	2	7	4	60	20	2	182
241	2	7	17	60	20	3	221
241	2	7	18	60	20	2	109
241	2	8	4	60	20	2	98
241	2	8	16	60	20	2	196
241	2	8	18	60	20	2	97
241	2	9	0	60	20	3	153
241	2	9	6	60	20	2	185
241	2	9	14	60	20	2	185
241	2	10	2	60	20	2	97
241	2	10	4	60	20	2	196
241	2	10	16	60	20	2	98
241	2	11	2	60	20	2	109
241	2	11	3	60	20	3	221
241	2	11	16	60	20	2	182
241	2	12	0	60	20	2	13
241	2	12	3	60	20	3	0
241	2	12	6	60	20	2	228
241	2	12	12	60	20	2	79
241	2	12	13	60	20	3	inf
241	2	12	14	60	20	2	162
241	2	13	3	60	20	3	20
241	2	13	4	60	20	2	132
241	2	13	10	60	20	2	59
241	2	14	2	60	20	2	45
241	2	14	4	60	20	2	144
241	2	14	10	60	20	2	143
241	2	15	0	60	20	2	56
241	2	15	6	60	20	3	88
241	2	15	12	60	20	2	56
241	2	15	13	60	20	3	inf
241	2	15	15	60	20	3	inf
241	2	16	2	60	20	2	143
241	2	16	8	60	20	2	144
241	2	16	10	60	20	2	45
241	2	17	2	60	20	2	59
241	2	17	8	60	20	2	132
241	2	17	9	60	20	3	20
241	2	18	0	60	20	2	79
241	2	18	6	60	20	2	228
241	2	18	9	60	20	3	0
241	2	18	12	60	20	2	13
241	2	18	18	60	20	2	162
241	2	18	19	60	20	3	inf
241	2	19	9	60	20	3	221
241	2	19	10	60	20	2	109
241	2	19	16	60	20	2	182
241	2	20	8	60	20	2	196
241	2	20	10	60	20	2	97
241	2	20	16	60	20	2	98
241	2	21	6	60	20	2	185
241	2	21	12	60	20	3	153
241	2	21	18	60	20	2	185
241	2	22	8	60	20	2	98
241	2	22	14	60	20	2	97
241	2	22	16	60	20	2	196
241	2	23	8	60	20	2	182
241	2	23	14	60	20	2	109
241	2	23	15	60	20	3	221
241	2	24	4	60	20	2	79
241	2	24	5	60	20	3	inf
241	2	24	6	60	20	2	162
241	2	24	12	60	20	2	13
241	2	24	15	60	20	3	0
241	2	24	18	60	20	2	228
241	2	25	2	60	20	2	59
241	2	25	15	60	20	3	20
241	2	25	16	60	20	2	132
241	2	26	2	60	20	2	143
241	2	26	14	60	20	2	45
241	2	26	16	60	20	2	144
241	2	27	4	60	20	2	56
241	2	27	5	60	20	3	inf
241	2	27	7	60	20	3	inf
241	2	27	12	60	20	2	56
241	2	27	18	60	20	3	88
241	2	28	0	60	20	2	144
241	2	28	2	60	20	2	45
241	2	28	14	60	20	2	143
241	2	29	0	60	20	2	132
241	2	29	1	60	20	3	20
241	2	29	14	60	20	2	59
241	2	30	1	60	20	3	0
241	2	30	4	60	20	2	13
241	2	30	10	60	20	2	162
241	2	30	11	60	20	3	inf
241	2	30	12	60	20	2	79
241	2	30	18	60	20	2	228
241	2	31	1	60	20	3	221
241	2	31	2	60	20	2	109
241	2	31	8	60	20	2	182
241	2	32	0	60	20	2	196
241	2	32	2	60	20	2	97
241	2	32	8	60	20	2	98
241	2	33	4	60	20	3	153
241	2	33	10	60	20	2	185
241	2	33	18	60	20	2	185
241	2	34	0	60	20	2	98
241	2	34	6	60	20	2	97
241	2	34	8	60	20	2	196
241	2	35	0	60	20	2	182
241	2	35	6	60	20	2	109
241	2	35	7	60	20	3	221
241	2	36	4	60	20	2	13
241	2	36	7	60	20	3	0
241	2	36	10	60	20	2	228
241	2	36	16	60	20	2	79
241	2	36	17	60	20	3	inf
241	2	36	18	60	20	2	162
241	2	37	7	60	20	3	20
241	2	37	8	60	20	2	132
241	2	37	14	60	20	2	59
241	2	38	6	60	20	2	45
241	2	38	8	60	20	2	144
241	2	38	14	60	20	2	143
241	2	39	4	60	20	2	56
241	2	39	10	60	20	3	88
241	2	39	16	60	20	2	56
241	2	39	17	60	20	3	inf
241	2	39	19	60	20	3	inf
241	2	40	6	60	20	2	143
241	2	40	12	60	20	2	144
241	2	40	14	60	20	2	45
241	2	41	6	60	20	2	59
241	2	41	12	60	20	2	132
241	2	41	13	60	20	3	20
241	2	42	2	60	20	2	162
241	2	42	3	60	20	3	inf
241	2	42	4	60	20	2	79
241	2	42	10	60	20	2	228
241	2	42	13	60	20	3	0
241	2	42	16	60	20	2	13
241	2	43	0	60	20	2	182
241	2	43	13	60	20	3	221
241	2	43	14	60	20	2	109
241	2	44	0	60	20	2	98
241	2	44	12	60	20	2	196
241	2	44	14	60	20	2	97
241	2	45	2	60	20	2	185
241	2	45	10	60	20	2	185
241	2	45	16	60	20	3	153
241	2	46	0	60	20	2	196
241	2	46	12	60	20	2	98
241	2	46	18	60	20	2	97
241	2	47	12	60	20	2	182
241	2	47	18	60	20	2	109
241	2	47	19	60	20	3	221
241	2	48	2	60	20	2	228
241	2	48	8	60	20	2	79
241	2	48	9	60	20	3	inf
241	2	48	10	60	20	2	162
241	2	48	16	60	20	2	13
241	2	48	19	60	20	3	0
241	2	49	0	60	20	2	132
241	2	49	6	60	20	2	59
241	2	49	19	60	20	3	20
241	2	50	0	60	20	2	144
241	2	50	6	60	20	2	143
241	2	50	18	60	20	2	45
241	2	51	2	60	20	3	88
241	2	51	8	60	20	2	56
241	2	51	9	60	20	3	inf
241	2	51	11	60	20	3	inf
241	2	51	16	60	20	2	56
241	2	52	4	60	20	2	144
241	2	52	6	60	20	2	45
241	2	52	18	60	20	2	143
241	2	53	4	60	20	2	132
241	2	53	5	60	20	3	20
241	2	53	18	60	20	2	59
241	2	54	2	60	20	2	228
241	2	54	5	60	20	3	0
241	2	54	8	60	20	2	13
241	2	54	14	60	20	2	162
241	2	54	15	60	20	3	inf
241	2	54	16	60	20	2	79
241	2	55	5	60	20	3	221
241	2	55	6	60	20	2	109
241	2	55	12	60	20	2	182
241	2	56	4	60	20	2	196
241	2	56	6	60	20	2	97
241	2	56	12	60	20	2	98
241	2	57	2	60	20	2	185
241	2	57	8	60	20	3	153
241	2	57	14	60	20	2	185
241	2	58	4	60	20	2	98
241	2	58	10	60	20	2	97
241	2	58	12	60	20	2	196
241	2	59	4	60	20	2	182
241	2	59	10	60	20	2	109
241	2	59	11	60	20	3	221
241	3	0	5	60	20	2	185
241	3	0	11	60	20	3	153
241	3	0	17	60	20	2	185
241	3	1	7	60	20	2	98
241	3	1	13	60	20	2	97
241	3	1	15	60	20	2	196
241	3	2	7	60	20	2	182
241	3	2	13	60	20	2	109
241	3	2	14	60	20	3	221
241	3	3	3	60	20	2	79
241	3	3	4	60	20	3	inf
241	3	3	5	60	20	2	162
241	3	3	11	60	20	2	13
241	3	3	14	60	20	3	0
241	3	3	17	60	20	2	228
241	3	4	1	60	20	2	59
241	3	4	14	60	20	3	20
241	3	4	15	60	20	2	132
241	3	5	1	60	20	2	143
241	3	5	13	60	20	2	45
241	3	5	15	60	20	2	144
241	3	6	3	60	20	2	56
241	3	6	4	60	20	3	inf
241	3	6	6	60	20	3	inf
241	3	6	11	60	20	2	56
241	3	6	17	60	20	3	88
241	3	7	1	60	20	2	45
241	3	7	13	60	20	2	143
241	3	7	19	60	20	2	144
241	3	8	0	60	20	3	20
241	3	8	13	60	20	2	59
241	3	8	19	60	20	2	132
241	3	9	0	60	20	3	0
241	3	9	3	60	20	2	13
241	3	9	9	60	20	2	162
241	3	9	10	60	20	3	inf
241	3	9	11	60	20	2	79
241	3	9	17	60	20	2	228
241	3	10	0	60	20	3	221
241	3	10	1	60	20	2	109
241	3	10	7	60	20	2	182
241	3	11	1	60	20	2	97
241	3	11	7	60	20	2	98
241	3	11	19	60	20	2	196
241	3	12	3	60	20	3	153
241	3	12	9	60	20	2	185
241	3	12	17	60	20	2	185
241	3	13	5	60	20	2	97
241	3	13	7	60	20	2	196
241	3	13	19	60	20	2	98
241	3	14	5	60	20	2	109
241	3	14	6	60	20	3	221
241	3	14	19	60	20	2	182
241	3	15	3	60	20	2	13
241	3	15	6	60	20	3	0
241	3	15	9	60	20	2	228
241	3	15	15	60	20	2	79
241	3	15	16	60	20	3	inf
241	3	15	17	60	20	2	162
241	3	16	6	60	20	3	20
241	3	16	7	60	20	2	132
241	3	16	13	60	20	2	59
241	3	17	5	60	20	2	45
241	3	17	7	60	20	2	144
241	3	17	13	60	20	2	143
241	3	18	3	60	20	2	56
241	3	18	9	60	20	3	88
241	3	18	15	60	20	2	56
241	3	18	16	60	20	3	inf
241	3	18	18	60	20	3	inf
241	3	19	5	60	20	2	143
241	3	19	11	60	20	2	144
241	3	19	13	60	20	2	45
241	3	20	5	60	20	2	59
241	3	20	11	60	20	2	132
241	3	20	12	60	20	3	20
241	3	21	1	60	20	2	162
241	3	21	2	60	20	3	inf
241	3	21	3	60	20	2	79
241	3	21	9	60	20	2	228
241	3	21	12	60	20	3	0
241	3	21	15	60	20	2	13
241	3	22	12	60	20	3	221
241	3	22	13	60	20	2	109
241	3	22	19	60	20	2	182
241	3	23	11	60	20	2	196
241	3	23	13	60	20	2	97
241	3	23	19	60	20	2	98
241	3	24	1	60	20	2	185
241	3	24	9	60	20	2	185
241	3	24	15	60	20	3	153
241	3	25	11	60	20	2	98
241	3	25	17	60	20	2	97
241	3	25	19	60	20	2	196
241	3	26	11	60	20	2	182
241	3	26	17	60	20	2	109
241	3	26	18	60	20	3	221
241	3	27	1	60	20	2	228
241	3	27	7	60	20	2	79
241	3	27	8	60	20	3	inf
241	3	27	9	60	20	2	162
241	3	27	15	60	20	2	13
241	3	27	18	60	20	3	0
241	3	28	5	60	20	2	59
241	3	28	18	60	20	3	20
241	3	28	19	60	20	2	132
241	3	29	5	60	20	2	143
241	3	29	17	60	20	2	45
241	3	29	19	60	20	2	144
241	3	30	1	60	20	3	88
241	3	30	7	60	20	2	56
241	3	30	8	60	20	3	inf
241	3	30	10	60	20	3	inf
241	3	30	15	60	20	2	56
241	3	31	3	60	20	2	144
241	3	31	5	60	20	2	45
241	3	31	17	60	20	2	143
241	3	32	3	60	20	2	132
241	3	32	4	60	20	3	20
241	3	32	17	60	20	2	59
241	3	33	1	60	20	2	228
241	3	33	4	60	20	3	0
241	3	33	7	60	20	2	13
241	3	33	13	60	20	2	162
241	3	33	14	60	20	3	inf
241	3	33	15	60	20	2	79
241	3	34	4	60	20	3	221
241	3	34	5	60	20	2	109
241	3	34	11	60	20	2	182
241	3	35	3	60	20	2	196
241	3	35	5	60	20	2	97
241	3	35	11	60	20	2	98
241	3	36	1	60	20	2	185
241	3	36	7	60	20	3	153
241	3	36	13	60	20	2	185
241	3	37	3	60	20	2	98
241	3	37	9	60	20	2	97
241	3	37	11	60	20	2	196
241	3	38	3	60	20	2	182
241	3	38	9	60	20	2	109
241	3	38	10	60	20	3	221
241	3	39	0	60	20	3	inf
241	3	39	1	60	20	2	162
241	3	39	7	60	20	2	13
241	3	39	10	60	20	3	0
241	3	39	13	60	20	2	228
241	3	39	19	60	20	2	79
241	3	40	10	60	20	3	20
241	3	40	11	60	20	2	132
241	3	40	17	60	20	2	59
241	3	41	9	60	20	2	45
241	3	41	11	60	20	2	144
241	3	41	17	60	20	2	143
241	3	42	0	60	20	3	inf
241	3	42	2	60	20	3	inf
241	3	42	7	60	20	2	56
241	3	42	13	60	20	3	88
241	3	42	19	60	20	2	56
241	3	43	9	60	20	2	143
241	3	43	15	60	20	2	144
241	3	43	17	60	20	2	45
241	3	44	9	60	20	2	59
241	3	44	15	60	20	2	132
241	3	44	16	60	20	3	20
241	3	45	5	60	20	2	162
241	3	45	6	60	20	3	inf
241	3	45	7	60	20	2	79
241	3	45	13	60	20	2	228
241	3	45	16	60	20	3	0
241	3	45	19	60	20	2	13
241	3	46	3	60	20	2	182
241	3	46	16	60	20	3	221
241	3	46	17	60	20	2	109
241	3	47	3	60	20	2	98
241	3	47	15	60	20	2	196
241	3	47	17	60	20	2	97
241	3	48	5	60	20	2	185
241	3	48	13	60	20	2	185
241	3	48	19	60	20	3	153
241	3	49	1	60	20	2	97
241	3	49	3	60	20	2	196
241	3	49	15	60	20	2	98
241	3	50	1	60	20	2	109
241	3	50	2	60	20	3	221
241	3	50	15	60	20	2	182
241	3	51	2	60	20	3	0
241	3	51	5	60	20	2	228
241	3	51	11	60	20	2	79
241	3	51	12	60	20	3	inf
241	3	51	13	60	20	2	162
241	3	51	19	60	20	2	13
241	3	52	2	60	20	3	20
241	3	52	3	60	20	2	132
241	3	52	9	60	20	2	59
241	3	53	1	60	20	2	45
241	3	53	3	60	20	2	144
241	3	53	9	60	20	2	143
241	3	54	5	60	20	3	88
241	3	54	11	60	20	2	56
241	3	54	12	60	20	3	inf
241	3	54	14	60	20	3	inf
241	3	54	19	60	20	2	56
241	3	55	1	60	20	2	143
241	3	55	7	60	20	2	144
241	3	55	9	60	20	2	45
241	3	56	1	60	20	2	59
241	3	56	7	60	20	2	132
241	3	56	8	60	20	3	20
241	3	57	5	60	20	2	228
241	3	57	8	60	20	3	0
241	3	57	11	60	20	2	13
241	3	57	17	60	20	2	162
241	3	57	18	60	20	3	inf
241	3	57	19	60	20	2	79
241	3	58	8	60	20	3	221
241	3	58	9	60	20	2	109
241	3	58	15	60	20	2	182
241	3	59	7	60	20	2	196
241	3	59	9	60	20	2	97
241	3	59	15	60	20	2	98
241	4	0	0	60	20	2	162
241	4	0	1	60	20	3	inf
241	4	0	2	60	20	2	79
241	4	0	8	60	20	2	228
241	4	0	11	60	20	3	0
241	4	0	14	60	20	2	13
241	4	1	11	60	20	3	221
241	4	1	12	60	20	2	109
241	4	1	18	60	20	2	182
241	4	2	10	60	20	2	196
241	4	2	12	60	20	2	97
241	4	2	18	60	20	2	98
241	4	3	0	60	20	2	185
241	4	3	8	60	20	2	185
241	4	3	14	60	20	3	153
241	4	4	10	60	20	2	98
241	4	4	16	60	20	2	97
241	4	4	18	60	20	2	196
241	4	5	10	60	20	2	182
241	4	5	16	60	20	2	109
241	4	5	17	60	20	3	221
241	4	6	0	60	20	2	228
241	4	6	6	60	20	2	79
241	4	6	7	60	20	3	inf
241	4	6	8	60	20	2	162
241	4	6	14	60	20	2	13
241	4	6	17	60	20	3	0
241	4	7	4	60	20	2	59
241	4	7	17	60	20	3	20
241	4	7	18	60	20	2	132
241	4	8	4	60	20	2	143
241	4	8	16	60	20	2	45
241	4	8	18	60	20	2	144
241	4	9	0	60	20	3	88
241	4	9	6	60	20	2	56
241	4	9	7	60	20	3	inf
241	4	9	9	60	20	3	inf
241	4	9	14	60	20	2	56
241	4	10	2	60	20	2	144
241	4	10	4	60	20	2	45
241	4	10	16	60	20	2	143
241	4	11	2	60	20	2	132
241	4	11	3	60	20	3	20
241	4	11	16	60	20	2	59
241	4	12	0	60	20	2	228
241	4	12	3	60	20	3	0
241	4	12	6	60	20	2	13
241	4	12	12	60	20	2	162
241	4	12	13	60	20	3	inf
241	4	12	14	60	20	2	79
241	4	13	3	60	20	3	221
241	4	13	4	60	20	2	109
241	4	13	10	60	20	2	182
241	4	14	2	60	20	2	196
241	4	14	4	60	20	2	97
241	4	14	10	60	20	2	98
241	4	15	0	60	20	2	185
241	4	15	6	60	20	3	153
241	4	15	12	60	20	2	185
241	4	16	2	60	20	2	98
241	4	16	8	60	20	2	97
241	4	16	10	60	20	2	196
241	4	17	2	60	20	2	182
241	4	17	8	60	20	2	109
241	4	17	9	60	20	3	221
241	4	18	0	60	20	2	162
241	4	18	6	60	20	2	13
241	4	18	9	60	20	3	0
241	4	18	12	60	20	2	228
241	4	18	18	60	20	2	79
241	4	18	19	60	20	3	inf
241	4	19	9	60	20	3	20
241	4	19	10	60	20	2	132
241	4	19	16	60	20	2	59
241	4	20	8	60	20	2	45
241	4	20	10	60	20	2	144
241	4	20	16	60	20	2	143
241	4	21	1	60	20	3	inf
241	4	21	6	60	20	2	56
241	4	21	12	60	20	3	88
241	4	21	18	60	20	2	56
241	4	21	19	60	20	3	inf
241	4	22	8	60	20	2	143
241	4	22	14	60	20	2	144
241	4	22	16	60	20	2	45
241	4	23	8	60	20	2	59
241	4	23	14	60	20	2	132
241	4	23	15	60	20	3	20
241	4	24	4	60	20	2	162
241	4	24	5	60	20	3	inf
241	4	24	6	60	20	2	79
241	4	24	12	60	20	2	228
241	4	24	15	60	20	3	0
241	4	24	18	60	20	2	13
241	4	25	2	60	20	2	182
241	4	25	15	60	20	3	221
241	4	25	16	60	20	2	109
241	4	26	2	60	20	2	98
241	4	26	14	60	20	2	196
241	4	26	16	60	20	2	97
241	4	27	4	60	20	2	185
241	4	27	12	60	20	2	185
241	4	27	18	60	20	3	153
241	4	28	0	60	20	2	97
241	4	28	2	60	20	2	196
241	4	28	14	60	20	2	98
241	4	29	0	60	20	2	109
241	4	29	1	60	20	3	221
241	4	29	14	60	20	2	182
241	4	30	1	60	20	3	0
241	4	30	4	60	20	2	228
241	4	30	10	60	20	2	79
241	4	30	11	60	20	3	inf
241	4	30	12	60	20	2	162
241	4	30	18	60	20	2	13
241	4	31	1	60	20	3	20
241	4	31	2	60	20	2	132
241	4	31	8	60	20	2	59
241	4	32	0	60	20	2	45
241	4	32	2	60	20	2	144
241	4	32	8	60	20	2	143
241	4	33	4	60	20	3	88
241	4	33	10	60	20	2	56
241	4	33	11	60	20	3	inf
241	4	33	13	60	20	3	inf
241	4	33	18	60	20	2	56
241	4	34	0	60	20	2	143
241	4	34	6	60	20	2	144
241	4	34	8	60	20	2	45
241	4	35	0	60	20	2	59
241	4	35	6	60	20	2	132
241	4	35	7	60	20	3	20
241	4	36	4	60	20	2	228
241	4	36	7	60	20	3	0
241	4	36	10	60	20	2	13
241	4	36	16	60	20	2	162
241	4	36	17	60	20	3	inf
241	4	36	18	60	20	2	79
241	4	37	7	60	20	3	221
241	4	37	8	60	20	2	109
241	4	37	14	60	20	2	182
241	4	38	6	60	20	2	196
241	4	38	8	60	20	2	97
241	4	38	14	60	20	2	98
241	4	39	4	60	20	2	185
241	4	39	10	60	20	3	153
241	4	39	16	60	20	2	185
241	4	40	6	60	20	2	98
241	4	40	12	60	20	2	97
241	4	40	14	60	20	2	196
241	4	41	6	60	20	2	182
241	4	41	12	60	20	2	109
241	4	41	13	60	20	3	221
241	4	42	2	60	20	2	79
241	4	42	3	60	20	3	inf
241	4	42	4	60	20	2	162
241	4	42	10	60	20	2	13
241	4	42	13	60	20	3	0
241	4	42	16	60	20	2	228
241	4	43	0	60	20	2	59
241	4	43	13	60	20	3	20
241	4	43	14	60	20	2	132
241	4	44	0	60	20	2	143
241	4	44	12	60	20	2	45
241	4	44	14	60	20	2	144
241	4	45	2	60	20	2	56
241	4	45	3	60	20	3	inf
241	4	45	5	60	20	3	inf
241	4	45	10	60	20	2	56
241	4	45	16	60	20	3	88
241	4	46	0	60	20	2	45
241	4	46	12	60	20	2	143
241	4	46	18	60	20	2	144
241	4	47	12	60	20	2	59
241	4	47	18	60	20	2	132
241	4	47	19	60	20	3	20
241	4	48	2	60	20	2	13
241	4	48	8	60	20	2	162
241	4	48	9	60	20	3	inf
241	4	48	10	60	20	2	79
241	4	48	16	60	20	2	228
241	4	48	19	60	20	3	0
241	4	49	0	60	20	2	109
241	4	49	6	60	20	2	182
241	4	49	19	60	20	3	221
241	4	50	0	60	20	2	97
241	4	50	6	60	20	2	98
241	4	50	18	60	20	2	196
241	4	51	2	60	20	3	153
241	4	51	8	60	20	2	185
241	4	51	16	60	20	2	185
241	4	52	4	60	20	2	97
241	4	52	6	60	20	2	196
241	4	52	18	60	20	2	98
241	4	53	4	60	20	2	109
241	4	53	5	60	20	3	221
241	4	53	18	60	20	2	182
241	4	54	2	60	20	2	13
241	4	54	5	60	20	3	0
241	4	54	8	60	20	2	228
241	4	54	14	60	20	2	79
241	4	54	15	60	20	3	inf
241	4	54	16	60	20	2	162
241	4	55	5	60	20	3	20
241	4	55	6	60	20	2	132
241	4	55	12	60	20	2	59
241	4	56	4	60	20	2	45
241	4	56	6	60	20	2	144
241	4	56	12	60	20	2	143
241	4	57	2	60	20	2	56
241	4	57	8	60	20	3	88
241	4	57	14	60	20	2	56
241	4	57	15	60	20	3	inf
241	4	57	17	60	20	3	inf
241	4	58	4	60	20	2	143
241	4	58	10	60	20	2	144
241	4	58	12	60	20	2	45
241	4	59	4	60	20	2	59
241	4	59	10	60	20	2	132
241	4	59	11	60	20	3	20
251	1	0	0	124	31	3	inf
251	1	0	1	124	31	3	134
251	1	0	6	124	31	2	155
251	1	0	8	124	31	2	63
251	1	0	11	124	31	2	112
251	1	0	12	124	31	2	125
251	1	0	14	124	31	2	30
251	1	0	19	124	31	2	30
251	1	0	21	124	31	2	125
251	1	0	22	124	31	2	112
251	1	0	25	124	31	2	63
251	1	0	27	124	31	2	155
251	1	0	29	124	31	3	inf
251	1	1	1	124	31	2	250
251	1	1	6	124	31	3	inf
251	1	1	11	124	31	2	1
251	1	1	13	124	31	2	195
251	1	1	30	124	31	2	56
251	1	2	0	124	31	2	126
251	1	2	1	124	31	2	139
251	1	2	4	124	31	2	188
251	1	2	6	124	31	2	96
251	1	2	11	124	31	3	117
251	1	2	16	124	31	2	96
251	1	2	18	124	31	2	188
251	1	2	21	124	31	2	139
251	1	2	22	124	31	2	126
251	1	2	24	124	31	2	221
251	1	2	29	124	31	2	221
251	1	3	9	124	31	2	195
251	1	3	11	124	31	2	1
251	1	3	16	124	31	3	inf
251	1	3	21	124	31	2	250
251	1	3	23	124	31	2	56
251	1	4	0	124	31	2	112
251	1	4	1	124	31	2	125
251	1	4	3	124	31	2	30
251	1	4	8	124	31	2	30
251	1	4	10	124	31	2	125
251	1	4	11	124	31	2	112
251	1	4	14	124	31	2	63
251	1	4	16	124	31	2	155
251	1	4	18	124	31	3	inf
251	1	4	20	124	31	3	inf
251	1	4	21	124	31	3	134
251	1	4	26	124	31	2	155
251	1	4	28	124	31	2	63
251	1	5	0	124	31	2	1
251	1	5	2	124	31	2	195
251	1	5	19	124	31	2	56
251	1	5	21	124	31	2	250
251	1	5	26	124	31	3	inf
251	1	6	0	124	31	3	117
251	1	6	5	124	31	2	96
251	1	6	7	124	31	2	188
251	1	6	10	124	31	2	139
251	1	6	11	124	31	2	126
251	1	6	13	124	31	2	221
251	1	6	18	124	31	2	221
251	1	6	20	124	31	2	126
251	1	6	21	124	31	2	139
251	1	6	24	124	31	2	188
251	1	6	26	124	31	2	96
251	1	7	0	124	31	2	1
251	1	7	5	124	31	3	inf
251	1	7	10	124	31	2	250
251	1	7	12	124	31	2	56
251	1	7	29	124	31	2	195
251	1	8	0	124	31	2	112
251	1	8	3	124	31	2	63
251	1	8	5	124	31	2	155
251	1	8	7	124	31	3	inf
251	1	8	9	124	31	3	inf
251	1	8	10	124	31	3	134
251	1	8	15	124	31	2	155
251	1	8	17	124	31	2	63
251	1	8	20	124	31	2	112
251	1	8	21	124	31	2	125
251	1	8	23	124	31	2	30
251	1	8	28	124	31	2	30
251	1	8	30	124	31	2	125
251	1	9	8	124	31	2	56
251	1	9	10	124	31	2	250
251	1	9	15	124	31	3	inf
251	1	9	20	124	31	2	1
251	1	9	22	124	31	2	195
251	1	10	0	124	31	2	126
251	1	10	2	124	31	2	221
251	1	10	7	124	31	2	221
251	1	10	9	124	31	2	126
251	1	10	10	124	31	2	139
251	1	10	13	124	31	2	188
251	1	10	15	124	31	2	96
251	1	10	20	124	31	3	117
251	1	10	25	124	31	2	96
251	1	10	27	124	31	2	188
251	1	10	30	124	31	2	139
251	1	11	1	124	31	2	56
251	1	11	18	124	31	2	195
251	1	11	20	124	31	2	1
251	1	11	25	124	31	3	inf
251	1	11	30	124	31	2	250
251	1	12	4	124	31	2	155
251	1	12	6	124	31	2	63
251	1	12	9	124	31	2	112
251	1	12	10	124	31	2	125
251	1	12	12	124	31	2	30
251	1	12	17	124	31	2	30
251	1	12	19	124	31	2	125
251	1	12	20	124	31	2	112
251	1	12	23	124	31	2	63
251	1	12	25	124	31	2	155
251	1	12	27	124	31	3	inf
251	1	12	29	124	31	3	inf
251	1	12	30	124	31	3	134
251	1	13	4	124	31	3	inf
251	1	13	9	124	31	2	1
251	1	13	11	124	31	2	195
251	1	13	28	124	31	2	56
251	1	13	30	124	31	2	250
251	1	14	2	124	31	2	188
251	1	14	4	124	31	2	96
251	1	14	9	124	31	3	117
251	1	14	14	124	31	2	96
251	1	14	16	124	31	2	188
251	1	14	19	124	31	2	139
251	1	14	20	124	31	2	126
251	1	14	22	124	31	2	221
251	1	14	27	124	31	2	221
251	1	14	29	124	31	2	126
251	1	14	30	124	31	2	139
251	1	15	7	124	31	2	195
251	1	15	9	124	31	2	1
251	1	15	14	124	31	3	inf
251	1	15	19	124	31	2	250
251	1	15	21	124	31	2	56
251	1	16	1	124	31	2	30
251	1	16	6	124	31	2	30
251	1	16	8	124	31	2	125
251	1	16	9	124	31	2	112
251	1	16	12	124	31	2	63
251	1	16	14	124	31	2	155
251	1	16	16	124	31	3	inf
251	1	16	18	124	31	3	inf
251	1	16	19	124	31	3	134
251	1	16	24	124	31	2	155
251	1	16	26	124	31	2	63
251	1	16	29	124	31	2	112
251	1	16	30	124	31	2	125
251	1	17	0	124	31	2	195
251	1	17	17	124	31	2	56
251	1	17	19	124	31	2	250
251	1	17	24	124	31	3	inf
251	1	17	29	124	31	2	1
251	1	18	3	124	31	2	96
251	1	18	5	124	31	2	188
251	1	18	8	124	31	2	139
251	1	18	9	124	31	2	126
251	1	18	11	124	31	2	221
251	1	18	16	124	31	2	221
251	1	18	18	124	31	2	126
251	1	18	19	124	31	2	139
251	1	18	22	124	31	2	188
251	1	18	24	124	31	2	96
251	1	18	29	124	31	3	117
251	1	19	3	124	31	3	inf
251	1	19	8	124	31	2	250
251	1	19	10	124	31	2	56
251	1	19	27	124	31	2	195
251	1	19	29	124	31	2	1
251	1	20	1	124	31	2	63
251	1	20	3	124	31	2	155
251	1	20	5	124	31	3	inf
251	1	20	7	124	31	3	inf
251	1	20	8	124	31	3	134
251	1	20	13	124	31	2	155
251	1	20	15	124	31	2	63
251	1	20	18	124	31	2	112
251	1	20	19	124	31	2	125
251	1	20	21	124	31	2	30
251	1	20	26	124	31	2	30
251	1	20	28	124	31	2	125
251	1	20	29	124	31	2	112
251	1	21	6	124	31	2	56
251	1	21	8	124	31	2	250
251	1	21	13	124	31	3	inf
251	1	21	18	124	31	2	1
251	1	21	20	124	31	2	195
251	1	22	0	124	31	2	221
251	1	22	5	124	31	2	221
251	1	22	7	124	31	2	126
251	1	22	8	124	31	2	139
251	1	22	11	124	31	2	188
251	1	22	13	124	31	2	96
251	1	22	18	124	31	3	117
251	1	22	23	124	31	2	96
251	1	22	25	124	31	2	188
251	1	22	28	124	31	2	139
251	1	22	29	124	31	2	126
251	1	23	16	124	31	2	195
251	1	23	18	124	31	2	1
251	1	23	23	124	31	3	inf
251	1	23	28	124	31	2	250
251	1	23	30	124	31	2	56
251	1	24	2	124	31	2	155
251	1	24	4	124	31	2	63
251	1	24	7	124	31	2	112
251	1	24	8	124	31	2	125
251	1	24	10	124	31	2	30
251	1	24	15	124	31	2	30
251	1	24	17	124	31	2	125
251	1	24	18	124	31	2	112
251	1	24	21	124	31	2	63
251	1	24	23	124	31	2	155
251	1	24	25	124	31	3	inf
251	1	24	27	124	31	3	inf
251	1	24	28	124	31	3	134
251	1	25	2	124	31	3	inf
251	1	25	7	124	31	2	1
251	1	25	9	124	31	2	195
251	1	25	26	124	31	2	56
251	1	25	28	124	31	2	250
251	1	26	0	124	31	2	188
251	1	26	2	124	31	2	96
251	1	26	7	124	31	3	117
251	1	26	12	124	31	2	96
251	1	26	14	124	31	2	188
251	1	26	17	124	31	2	139
251	1	26	18	124	31	2	126
251	1	26	20	124	31	2	221
251	1	26	25	124	31	2	221
251	1	26	27	124	31	2	126
251	1	26	28	124	31	2	139
251	1	27	5	124	31	2	195
251	1	27	7	124	31	2	1
251	1	27	12	124	31	3	inf
251	1	27	17	124	31	2	250
251	1	27	19	124	31	2	56
251	1	28	4	124	31	2	30
251	1	28	6	124	31	2	125
251	1	28	7	124	31	2	112
251	1	28	10	124	31	2	63
251	1	28	12	124	31	2	155
251	1	28	14	124	31	3	inf
251	1	28	16	124	31	3	inf
251	1	28	17	124	31	3	134
251	1	28	22	124	31	2	155
251	1	28	24	124	31	2	63
251	1	28	27	124	31	2	112
251	1	28	28	124	31	2	125
251	1	28	30	124	31	2	30
251	1	29	15	124	31	2	56
251	1	29	17	124	31	2	250
251	1	29	22	124	31	3	inf
251	1	29	27	124	31	2	1
251	1	29	29	124	31	2	195
251	1	30	1	124	31	2	96
251	1	30	3	124	31	2	188
251	1	30	6	124	31	2	139
251	1	30	7	124	31	2	126
251	1	30	9	124	31	2	221
251	1	30	14	124	31	2	221
251	1	30	16	124	31	2	126
251	1	30	17	124	31	2	139
251	1	30	20	124	31	2	188
251	1	30	22	124	31	2	96
251	1	30	27	124	31	3	117
251	1	31	1	124	31	3	inf
251	1	31	6	124	31	2	250
251	1	31	8	124	31	2	56
251	1	31	25	124	31	2	195
251	1	31	27	124	31	2	1
251	1	32	1	124	31	2	155
251	1	32	3	124	31	3	inf
251	1	32	5	124	31	3	inf
251	1	32	6	124	31	3	134
251	1	32	11	124	31	2	155
251	1	32	13	124	31	2	63
251	1	32	16	124	31	2	112
251	1	32	17	124	31	2	125
251	1	32	19	124	31	2	30
251	1	32	24	124	31	2	30
251	1	32	26	124	31	2	125
251	1	32	27	124	31	2	112
251	1	32	30	124	31	2	63
251	1	33	4	124	31	2	56
251	1	33	6	124	31	2	250
251	1	33	11	124	31	3	inf
251	1	33	16	124	31	2	1
251	1	33	18	124	31	2	195
251	1	34	3	124	31	2	221
251	1	34	5	124	31	2	126
251	1	34	6	124	31	2	139
251	1	34	9	124	31	2	188
251	1	34	11	124	31	2	96
251	1	34	16	124	31	3	117
251	1	34	21	124	31	2	96
251	1	34	23	124	31	2	188
251	1	34	26	124	31	2	139
251	1	34	27	124	31	2	126
251	1	34	29	124	31	2	221
251	1	35	14	124	31	2	195
251	1	35	16	124	31	2	1
251	1	35	21	124	31	3	inf
251	1	35	26	124	31	2	250
251	1	35	28	124	31	2	56
251	1	36	0	124	31	2	155
251	1	36	2	124	31	2	63
251	1	36	5	124	31	2	112
251	1	36	6	124	31	2	125
251	1	36	8	124	31	2	30
251	1	36	13	124	31	2	30
251	1	36	15	124	31	2	125
251	1	36	16	124	31	2	112
251	1	36	19	124	31	2	63
251	1	36	21	124	31	2	155
251	1	36	23	124	31	3	inf
251	1	36	25	124	31	3	inf
251	1	36	26	124	31	3	134
251	1	37	0	124	31	3	inf
251	1	37	5	124	31	2	1
251	1	37	7	124	31	2	195
251	1	37	24	124	31	2	56
251	1	37	26	124	31	2	250
251	1	38	0	124	31	2	96
251	1	38	5	124	31	3	117
251	1	38	10	124	31	2	96
251	1	38	12	124	31	2	188
251	1	38	15	124	31	2	139
251	1	38	16	124	31	2	126
251	1	38	18	124	31	2	221
251	1	38	23	124	31	2	221
251	1	38	25	124	31	2	126
251	1	38	26	124	31	2	139
251	1	38	29	124	31	2	188
251	1	39	3	124	31	2	195
251	1	39	5	124	31	2	1
251	1	39	10	124	31	3	inf
251	1	39	15	124	31	2	250
251	1	39	17	124	31	2	56
251	1	40	2	124	31	2	30
251	1	40	4	124	31	2	125
251	1	40	5	124	31	2	112
251	1	40	8	124	31	2	63
251	1	40	10	124	31	2	155
251	1	40	12	124	31	3	inf
251	1	40	14	124	31	3	inf
251	1	40	15	124	31	3	134
251	1	40	20	124	31	2	155
251	1	40	22	124	31	2	63
251	1	40	25	124	31	2	112
251	1	40	26	124	31	2	125
251	1	40	28	124	31	2	30
251	1	41	13	124	31	2	56
251	1	41	15	124	31	2	250
251	1	41	20	124	31	3	inf
251	1	41	25	124	31	2	1
251	1	41	27	124	31	2	195
251	1	42	1	124	31	2	188
251	1	42	4	124	31	2	139
251	1	42	5	124	31	2	126
251	1	42	7	124	31	2	221
251	1	42	12	124	31	2	221
251	1	42	14	124	31	2	126
251	1	42	15	124	31	2	139
251	1	42	18	124	31	2	188
251	1	42	20	124	31	2	96
251	1	42	25	124	31	3	117
251	1	42	30	124	31	2	96
251	1	43	4	124	31	2	250
251	1	43	6	124	31	2	56
251	1	43	23	124	31	2	195
251	1	43	25	124	31	2	1
251	1	43	30	124	31	3	inf
251	1	44	1	124	31	3	inf
251	1	44	3	124	31	3	inf
251	1	44	4	124	31	3	134
251	1	44	9	124	31	2	155
251	1	44	11	124	31	2	63
251	1	44	14	124	31	2	112
251	1	44	15	124	31	2	125
251	1	44	17	124	31	2	30
251	1	44	22	124	31	2	30
251	1	44	24	124	31	2	125
251	1	44	25	124	31	2	112
251	1	44	28	124	31	2	63
251	1	44	30	124	31	2	155
251	1	45	2	124	31	2	56
251	1	45	4	124	31	2	250
251	1	45	9	124	31	3	inf
251	1	45	14	124	31	2	1
251	1	45	16	124	31	2	195
251	1	46	1	124	31	2	221
251	1	46	3	124	31	2	126
251	1	46	4	124	31	2	139
251	1	46	7	124	31	2	188
251	1	46	9	124	31	2	96
251	1	46	14	124	31	3	117
251	1	46	19	124	31	2	96
251	1	46	21	124	31	2	188
251	1	46	24	124	31	2	139
251	1	46	25	124	31	2	126
251	1	46	27	124	31	2	221
251	1	47	12	124	31	2	195
251	1	47	14	124	31	2	1
251	1	47	19	124	31	3	inf
251	1	47	24	124	31	2	250
251	1	47	26	124	31	2	56
251	1	48	0	124	31	2	63
251	1	48	3	124	31	2	112
251	1	48	4	124	31	2	125
251	1	48	6	124	31	2	30
251	1	48	11	124	31	2	30
251	1	48	13	124	31	2	125
251	1	48	14	124	31	2	112
251	1	48	17	124	31	2	63
251	1	48	19	124	31	2	155
251	1	48	21	124	31	3	inf
251	1	48	23	124	31	3	inf
251	1	48	24	124	31	3	134
251	1	48	29	124	31	2	155
251	1	49	3	124	31	2	1
251	1	49	5	124	31	2	195
251	1	49	22	124	31	2	56
251	1	49	24	124	31	2	250
251	1	49	29	124	31	3	inf
251	1	50	3	124	31	3	117
251	1	50	8	124	31	2	96
251	1	50	10	124	31	2	188
251	1	50	13	124	31	2	139
251	1	50	14	124	31	2	126
251	1	50	16	124	31	2	221
251	1	50	21	124	31	2	221
251	1	50	23	124	31	2	126
251	1	50	24	124	31	2	139
251	1	50	27	124	31	2	188
251	1	50	29	124	31	2	96
251	1	51	1	124	31	2	195
251	1	51	3	124	31	2	1
251	1	51	8	124	31	3	inf
251	1	51	13	124	31	2	250
251	1	51	15	124	31	2	56
251	1	52	0	124	31	2	30
251	1	52	2	124	31	2	125
251	1	52	3	124	31	2	112
251	1	52	6	124	31	2	63
251	1	52	8	124	31	2	155
251	1	52	10	124	31	3	inf
251	1	52	12	124	31	3	inf
251	1	52	13	124	31	3	134
251	1	52	18	124	31	2	155
251	1	52	20	124	31	2	63
251	1	52	23	124	31	2	112
251	1	52	24	124	31	2	125
251	1	52	26	124	31	2	30
251	1	53	11	124	31	2	56
251	1	53	13	124	31	2	250
251	1	53	18	124	31	3	inf
251	1	53	23	124	31	2	1
251	1	53	25	124	31	2	195
251	1	54	2	124	31	2	139
251	1	54	3	124	31	2	126
251	1	54	5	124	31	2	221
251	1	54	10	124	31	2	221
251	1	54	12	124	31	2	126
251	1	54	13	124	31	2	139
251	1	54	16	124	31	2	188
251	1	54	18	124	31	2	96
251	1	54	23	124	31	3	117
251	1	54	28	124	31	2	96
251	1	54	30	124	31	2	188
251	1	55	2	124	31	2	250
251	1	55	4	124	31	2	56
251	1	55	21	124	31	2	195
251	1	55	23	124	31	2	1
251	1	55	28	124	31	3	inf
251	1	56	1	124	31	3	inf
251	1	56	2	124	31	3	134
251	1	56	7	124	31	2	155
251	1	56	9	124	31	2	63
251	1	56	12	124	31	2	112
251	1	56	13	124	31	2	125
251	1	56	15	124	31	2	30
251	1	56	20	124	31	2	30
251	1	56	22	124	31	2	125
251	1	56	23	124	31	2	112
251	1	56	26	124	31	2	63
251	1	56	28	124	31	2	155
251	1	56	30	124	31	3	inf
251	1	57	0	124	31	2	56
251	1	57	2	124	31	2	250
251	1	57	7	124	31	3	inf
251	1	57	12	124	31	2	1
251	1	57	14	124	31	2	195
251	1	58	1	124	31	2	126
251	1	58	2	124	31	2	139
251	1	58	5	124	31	2	188
251	1	58	7	124	31	2	96
251	1	58	12	124	31	3	117
251	1	58	17	124	31	2	96
251	1	58	19	124	31	2	188
251	1	58	22	124	31	2	139
251	1	58	23	124	31	2	126
251	1	58	25	124	31	2	221
251	1	58	30	124	31	2	221
251	1	59	10	124	31	2	195
251	1	59	12	124	31	2	1
251	1	59	17	124	31	3	inf
251	1	59	22	124	31	2	250
251	1	59	24	124	31	2	56
251	1	60	1	124	31	2	112
251	1	60	2	124	31	2	125
251	1	60	4	124	31	2	30
251	1	60	9	124	31	2	30
251	1	60	11	124	31	2	125
251	1	60	12	124	31	2	112
251	1	60	15	124	31	2	63
251	1	60	17	124	31	2	155
251	1	60	19	124	31	3	inf
251	1	60	21	124	31	3	inf
251	1	60	22	124	31	3	134
251	1	60	27	124	31	2	155
251	1	60	29	124	31	2	63
251	1	61	1	124	31	2	1
251	1	61	3	124	31	2	195
251	1	61	20	124	31	2	56
251	1	61	22	124	31	2	250
251	1	61	27	124	31	3	inf
251	1	62	1	124	31	3	117
251	1	62	6	124	31	2	96
251	1	62	8	124	31	2	188
251	1	62	11	124	31	2	139
251	1	62	12	124	31	2	126
251	1	62	14	124	31	2	221
251	1	62	19	124	31	2	221
251	1	62	21	124	31	2	126
251	1	62	22	124	31	2	139
251	1	62	25	124	31	2	188
251	1	62	27	124	31	2	96
251	1	63	1	124	31	2	1
251	1	63	6	124	31	3	inf
251	1	63	11	124	31	2	250
251	1	63	13	124	31	2	56
251	1	63	30	124	31	2	195
251	1	64	0	124	31	2	125
251	1	64	1	124	31	2	112
251	1	64	4	124	31	2	63
251	1	64	6	124	31	2	155
251	1	64	8	124	31	3	inf
251	1	64	10	124	31	3	inf
251	1	64	11	124	31	3	134
251	1	64	16	124	31	2	155
251	1	64	18	124	31	2	63
251	1	64	21	124	31	2	112
251	1	64	22	124	31	2	125
251	1	64	24	124	31	2	30
251	1	64	29	124	31	2	30
251	1	65	9	124	31	2	56
251	1	65	11	124	31	2	250
251	1	65	16	124	31	3	inf
251	1	65	21	124	31	2	1
251	1	65	23	124	31	2	195
251	1	66	0	124	31	2	139
251	1	66	1	124	31	2	126
251	1	66	3	124	31	2	221
251	1	66	8	124	31	2	221
251	1	66	10	124	31	2	126
251	1	66	11	124	31	2	139
251	1	66	14	124	31	2	188
251	1	66	16	124	31	2	96
251	1	66	21	124	31	3	117
251	1	66	26	124	31	2	96
251	1	66	28	124	31	2	188
251	1	67	0	124	31	2	250
251	1	67	2	124	31	2	56
251	1	67	19	124	31	2	195
251	1	67	21	124	31	2	1
251	1	67	26	124	31	3	inf
251	1	68	0	124	31	3	134
251	1	68	5	124	31	2	155
251	1	68	7	124	31	2	63
251	1	68	10	124	31	2	112
251	1	68	11	124	31	2	125
251	1	68	13	124	31	2	30
251	1	68	18	124	31	2	30
251	1	68	20	124	31	2	125
251	1	68	21	124	31	2	112
251	1	68	24	124	31	2	63
251	1	68	26	124	31	2	155
251	1	68	28	124	31	3	inf
251	1	68	30	124	31	3	inf
251	1	69	0	124	31	2	250
251	1	69	5	124	31	3	inf
251	1	69	10	124	31	2	1
251	1	69	12	124	31	2	195
251	1	69	29	124	31	2	56
251	1	70	0	124	31	2	139
251	1	70	3	124	31	2	188
251	1	70	5	124	31	2	96
251	1	70	10	124	31	3	117
251	1	70	15	124	31	2	96
251	1	70	17	124	31	2	188
251	1	70	20	124	31	2	139
251	1	70	21	124	31	2	126
251	1	70	23	124	31	2	221
251	1	70	28	124	31	2	221
251	1	70	30	124	31	2	126
251	1	71	8	124	31	2	195
251	1	71	10	124	31	2	1
251	1	71	15	124	31	3	inf
251	1	71	20	124	31	2	250
251	1	71	22	124	31	2	56
251	1	72	0	124	31	2	125
251	1	72	2	124	31	2	30
251	1	72	7	124	31	2	30
251	1	72	9	124	31	2	125
251	1	72	10	124	31	2	112
251	1	72	13	124	31	2	63
251	1	72	15	124	31	2	155
251	1	72	17	124	31	3	inf
251	1	72	19	124	31	3	inf
251	1	72	20	124	31	3	134
251	1	72	25	124	31	2	155
251	1	72	27	124	31	2	63
251	1	72	30	124	31	2	112
251	1	73	1	124	31	2	195
251	1	73	18	124	31	2	56
251	1	73	20	124	31	2	250
251	1	73	25	124	31	3	inf
251	1	73	30	124	31	2	1
251	1	74	4	124	31	2	96
251	1	74	6	124	31	2	188
251	1	74	9	124	31	2	139
251	1	74	10	124	31	2	126
251	1	74	12	124	31	2	221
251	1	74	17	124	31	2	221
251	1	74	19	124	31	2	126
251	1	74	20	124	31	2	139
251	1	74	23	124	31	2	188
251	1	74	25	124	31	2	96
251	1	74	30	124	31	3	117
251	1	75	4	124	31	3	inf
251	1	75	9	124	31	2	250
251	1	75	11	124	31	2	56
251	1	75	28	124	31	2	195
251	1	75	30	124	31	2	1
251	1	76	2	124	31	2	63
251	1	76	4	124	31	2	155
251	1	76	6	124	31	3	inf
251	1	76	8	124	31	3	inf
251	1	76	9	124	31	3	134
251	1	76	14	124	31	2	155
251	1	76	16	124	31	2	63
251	1	76	19	124	31	2	112
251	1	76	20	124	31	2	125
251	1	76	22	124	31	2	30
251	1	76	27	124	31	2	30
251	1	76	29	124	31	2	125
251	1	76	30	124	31	2	112
251	1	77	7	124	31	2	56
251	1	77	9	124	31	2	250
251	1	77	14	124	31	3	inf
251	1	77	19	124	31	2	1
251	1	77	21	124	31	2	195
251	1	78	1	124	31	2	221
251	1	78	6	124	31	2	221
251	1	78	8	124	31	2	126
251	1	78	9	124	31	2	139
251	1	78	12	124	31	2	188
251	1	78	14	124	31	2	96
251	1	78	19	124	31	3	117
251	1	78	24	124	31	2	96
251	1	78	26	124	31	2	188
251	1	78	29	124	31	2	139
251	1	78	30	124	31	2	126
251	1	79	0	124	31	2	56
251	1	79	17	124	31	2	195
251	1	79	19	124	31	2	1
251	1	79	24	124	31	3	inf
251	1	79	29	124	31	2	250
251	1	80	3	124	31	2	155
251	1	80	5	124	31	2	63
251	1	80	8	124	31	2	112
251	1	80	9	124	31	2	125
251	1	80	11	124	31	2	30
251	1	80	16	124	31	2	30
251	1	80	18	124	31	2	125
251	1	80	19	124	31	2	112
251	1	80	22	124	31	2	63
251	1	80	24	124	31	2	155
251	1	80	26	124	31	3	inf
251	1	80	28	124	31	3	inf
251	1	80	29	124	31	3	134
251	1	81	3	124	31	3	inf
251	1	81	8	124	31	2	1
251	1	81	10	124	31	2	195
251	1	81	27	124	31	2	56
251	1	81	29	124	31	2	250
251	1	82	1	124	31	2	188
251	1	82	3	124	31	2	96
251	1	82	8	124	31	3	117
251	1	82	13	124	31	2	96
251	1	82	15	124	31	2	188
251	1	82	18	124	31	2	139
251	1	82	19	124	31	2	126
251	1	82	21	124	31	2	221
251	1	82	26	124	31	2	221
251	1	82	28	124	31	2	126
251	1	82	29	124	31	2	139
251	1	83	6	124	31	2	195
251	1	83	8	124	31	2	1
251	1	83	13	124	31	3	inf
251	1	83	18	124	31	2	250
251	1	83	20	124	31	2	56
251	1	84	0	124	31	2	30
251	1	84	5	124	31	2	30
251	1	84	7	124	31	2	125
251	1	84	8	124	31	2	112
251	1	84	11	124	31	2	63
251	1	84	13	124	31	2	155
251	1	84	15	124	31	3	inf
251	1	84	17	124	31	3	inf
251	1	84	18	124	31	3	134
251	1	84	23	124	31	2	155
251	1	84	25	124	31	2	63
251	1	84	28	124	31	2	112
251	1	84	29	124	31	2	125
251	1	85	16	124	31	2	56
251	1	85	18	124	31	2	250
251	1	85	23	124	31	3	inf
251	1	85	28	124	31	2	1
251	1	85	30	124	31	2	195
251	1	86	2	124	31	2	96
251	1	86	4	124	31	2	188
251	1	86	7	124	31	2	139
251	1	86	8	124	31	2	126
251	1	86	10	124	31	2	221
251	1	86	15	124	31	2	221
251	1	86	17	124	31	2	126
251	1	86	18	124	31	2	139
251	1	86	21	124	31	2	188
251	1	86	23	124	31	2	96
251	1	86	28	124	31	3	117
251	1	87	2	124	31	3	inf
251	1	87	7	124	31	2	250
251	1	87	9	124	31	2	56
251	1	87	26	124	31	2	195
251	1	87	28	124	31	2	1
251	1	88	0	124	31	2	63
251	1	88	2	124	31	2	155
251	1	88	4	124	31	3	inf
251	1	88	6	124	31	3	inf
251	1	88	7	124	31	3	134
251	1	88	12	124	31	2	155
251	1	88	14	124	31	2	63
251	1	88	17	124	31	2	112
251	1	88	18	124	31	2	125
251	1	88	20	124	31	2	30
251	1	88	25	124	31	2	30
251	1	88	27	124	31	2	125
251	1	88	28	124	31	2	112
251	1	89	5	124	31	2	56
251	1	89	7	124	31	2	250
251	1	89	12	124	31	3	inf
251	1	89	17	124	31	2	1
251	1	89	19	124	31	2	195
251	1	90	4	124	31	2	221
251	1	90	6	124	31	2	126
251	1	90	7	124	31	2	139
251	1	90	10	124	31	2	188
251	1	90	12	124	31	2	96
251	1	90	17	124	31	3	117
251	1	90	22	124	31	2	96
251	1	90	24	124	31	2	188
251	1	90	27	124	31	2	139
251	1	90	28	124	31	2	126
251	1	90	30	124	31	2	221
251	1	91	15	124	31	2	195
251	1	91	17	124	31	2	1
251	1	91	22	124	31	3	inf
251	1	91	27	124	31	2	250
251	1	91	29	124	31	2	56
251	1	92	1	124	31	2	155
251	1	92	3	124	31	2	63
251	1	92	6	124	31	2	112
251	1	92	7	124	31	2	125
251	1	92	9	124	31	2	30
251	1	92	14	124	31	2	30
251	1	92	16	124	31	2	125
251	1	92	17	124	31	2	112
251	1	92	20	124	31	2	63
251	1	92	22	124	31	2	155
251	1	92	24	124	31	3	inf
251	1	92	26	124	31	3	inf
251	1	92	27	124	31	3	134
251	1	93	1	124	31	3	inf
251	1	93	6	124	31	2	1
251	1	93	8	124	31	2	195
251	1	93	25	124	31	2	56
251	1	93	27	124	31	2	250
251	1	94	1	124	31	2	96
251	1	94	6	124	31	3	117
251	1	94	11	124	31	2	96
251	1	94	13	124	31	2	188
251	1	94	16	124	31	2	139
251	1	94	17	124	31	2	126
251	1	94	19	124	31	2	221
251	1	94	24	124	31	2	221
251	1	94	26	124	31	2	126
251	1	94	27	124	31	2	139
251	1	94	30	124	31	2	188
251	1	95	4	124	31	2	195
251	1	95	6	124	31	2	1
251	1	95	11	124	31	3	inf
251	1	95	16	124	31	2	250
251	1	95	18	124	31	2	56
251	1	96	3	124	31	2	30
251	1	96	5	124	31	2	125
251	1	96	6	124	31	2	112
251	1	96	9	124	31	2	63
251	1	96	11	124	31	2	155
251	1	96	13	124	31	3	inf
251	1	96	15	124	31	3	inf
251	1	96	16	124	31	3	134
251	1	96	21	124	31	2	155
251	1	96	23	124	31	2	63
251	1	96	26	124	31	2	112
251	1	96	27	124	31	2	125
251	1	96	29	124	31	2	30
251	1	97	14	124	31	2	56
251	1	97	16	124	31	2	250
251	1	97	21	124	31	3	inf
251	1	97	26	124	31	2	1
251	1	97	28	124	31	2	195
251	1	98	0	124	31	2	96
251	1	98	2	124	31	2	188
251	1	98	5	124	31	2	139
251	1	98	6	124	31	2	126
251	1	98	8	124	31	2	221
251	1	98	13	124	31	2	221
251	1	98	15	124	31	2	126
251	1	98	16	124	31	2	139
251	1	98	19	124	31	2	188
251	1	98	21	124	31	2	96
251	1	98	26	124	31	3	117
251	1	99	0	124	31	3	inf
251	1	99	5	124	31	2	250
251	1	99	7	124	31	2	56
251	1	99	24	124	31	2	195
251	1	99	26	124	31	2	1
251	1	100	0	124	31	2	155
251	1	100	2	124	31	3	inf
251	1	100	4	124	31	3	inf
251	1	100	5	124	31	3	134
251	1	100	10	124	31	2	155
251	1	100	12	124	31	2	63
251	1	100	15	124	31	2	112
251	1	100	16	124	31	2	125
251	1	100	18	124	31	2	30
251	1	100	23	124	31	2	30
251	1	100	25	124	31	2	125
251	1	100	26	124	31	2	112
251	1	100	29	124	31	2	63
251	1	101	3	124	31	2	56
251	1	101	5	124	31	2	250
251	1	101	10	124	31	3	inf
251	1	101	15	124	31	2	1
251	1	101	17	124	31	2	195
251	1	102	2	124	31	2	221
251	1	102	4	124	31	2	126
251	1	102	5	124	31	2	139
251	1	102	8	124	31	2	188
251	1	102	10	124	31	2	96
251	1	102	15	124	31	3	117
251	1	102	20	124	31	2	96
251	1	102	22	124	31	2	188
251	1	102	25	124	31	2	139
251	1	102	26	124	31	2	126
251	1	102	28	124	31	2	221
251	1	103	13	124	31	2	195
251	1	103	15	124	31	2	1
251	1	103	20	124	31	3	inf
251	1	103	25	124	31	2	250
251	1	103	27	124	31	2	56
251	1	104	1	124	31	2	63
251	1	104	4	124	31	2	112
251	1	104	5	124	31	2	125
251	1	104	7	124	31	2	30
251	1	104	12	124	31	2	30
251	1	104	14	124	31	2	125
251	1	104	15	124	31	2	112
251	1	104	18	124	31	2	63
251	1	104	20	124	31	2	155
251	1	104	22	124	31	3	inf
251	1	104	24	124	31	3	inf
251	1	104	25	124	31	3	134
251	1	104	30	124	31	2	155
251	1	105	4	124	31	2	1
251	1	105	6	124	31	2	195
251	1	105	23	124	31	2	56
251	1	105	25	124	31	2	250
251	1	105	30	124	31	3	inf
251	1	106	4	124	31	3	117
251	1	106	9	124	31	2	96
251	1	106	11	124	31	2	188
251	1	106	14	124	31	2	139
251	1	106	15	124	31	2	126
251	1	106	17	124	31	2	221
251	1	106	22	124	31	2	221
251	1	106	24	124	31	2	126
251	1	106	25	124	31	2	139
251	1	106	28	124	31	2	188
251	1	106	30	124	31	2	96
251	1	107	2	124	31	2	195
251	1	107	4	124	31	2	1
251	1	107	9	124	31	3	inf
251	1	107	14	124	31	2	250
251	1	107	16	124	31	2	56
251	1	108	1	124	31	2	30
251	1	108	3	124	31	2	125
251	1	108	4	124	31	2	112
251	1	108	7	124	31	2	63
251	1	108	9	124	31	2	155
251	1	108	11	124	31	3	inf
251	1	108	13	124	31	3	inf
251	1	108	14	124	31	3	134
251	1	108	19	124	31	2	155
251	1	108	21	124	31	2	63
251	1	108	24	124	31	2	112
251	1	108	25	124	31	2	125
251	1	108	27	124	31	2	30
251	1	109	12	124	31	2	56
251	1	109	14	124	31	2	250
251	1	109	19	124	31	3	inf
251	1	109	24	124	31	2	1
251	1	109	26	124	31	2	195
251	1	110	0	124	31	2	188
251	1	110	3	124	31	2	139
251	1	110	4	124	31	2	126
251	1	110	6	124	31	2	221
251	1	110	11	124	31	2	221
251	1	110	13	124	31	2	126
251	1	110	14	124	31	2	139
251	1	110	17	124	31	2	188
251	1	110	19	124	31	2	96
251	1	110	24	124	31	3	117
251	1	110	29	124	31	2	96
251	1	111	3	124	31	2	250
251	1	111	5	124	31	2	56
251	1	111	22	124	31	2	195
251	1	111	24	124	31	2	1
251	1	111	29	124	31	3	inf
251	1	112	0	124	31	3	inf
251	1	112	2	124	31	3	inf
251	1	112	3	124	31	3	134
251	1	112	8	124	31	2	155
251	1	112	10	124	31	2	63
251	1	112	13	124	31	2	112
251	1	112	14	124	31	2	125
251	1	112	16	124	31	2	30
251	1	112	21	124	31	2	30
251	1	112	23	124	31	2	125
251	1	112	24	124	31	2	112
251	1	112	27	124	31	2	63
251	1	112	29	124	31	2	155
251	1	113	1	124	31	2	56
251	1	113	3	124	31	2	250
251	1	113	8	124	31	3	inf
251	1	113	13	124	31	2	1
251	1	113	15	124	31	2	195
251	1	114	0	124	31	2	221
251	1	114	2	124	31	2	126
251	1	114	3	124	31	2	139
251	1	114	6	124	31	2	188
251	1	114	8	124	31	2	96
251	1	114	13	124	31	3	117
251	1	114	18	124	31	2	96
251	1	114	20	124	31	2	188
251	1	114	23	124	31	2	139
251	1	114	24	124	31	2	126
251	1	114	26	124	31	2	221
251	1	115	11	124	31	2	195
251	1	115	13	124	31	2	1
251	1	115	18	124	31	3	inf
251	1	115	23	124	31	2	250
251	1	115	25	124	31	2	56
251	1	116	2	124	31	2	112
251	1	116	3	124	31	2	125
251	1	116	5	124	31	2	30
251	1	116	10	124	31	2	30
251	1	116	12	124	31	2	125
251	1	116	13	124	31	2	112
251	1	116	16	124	31	2	63
251	1	116	18	124	31	2	155
251	1	116	20	124	31	3	inf
251	1	116	22	124	31	3	inf
251	1	116	23	124	31	3	134
251	1	116	28	124	31	2	155
251	1	116	30	124	31	2	63
251	1	117	2	124	31	2	1
251	1	117	4	124	31	2	195
251	1	117	21	124	31	2	56
251	1	117	23	124	31	2	250
251	1	117	28	124	31	3	inf
251	1	118	2	124	31	3	117
251	1	118	7	124	31	2	96
251	1	118	9	124	31	2	188
251	1	118	12	124	31	2	139
251	1	118	13	124	31	2	126
251	1	118	15	124	31	2	221
251	1	118	20	124	31	2	221
251	1	118	22	124	31	2	126
251	1	118	23	124	31	2	139
251	1	118	26	124	31	2	188
251	1	118	28	124	31	2	96
251	1	119	0	124	31	2	195
251	1	119	2	124	31	2	1
251	1	119	7	124	31	3	inf
251	1	119	12	124	31	2	250
251	1	119	14	124	31	2	56
251	1	120	1	124	31	2	125
251	1	120	2	124	31	2	112
251	1	120	5	124	31	2	63
251	1	120	7	124	31	2	155
251	1	120	9	124	31	3	inf
251	1	120	11	124	31	3	inf
251	1	120	12	124	31	3	134
251	1	120	17	124	31	2	155
251	1	120	19	124	31	2	63
251	1	120	22	124	31	2	112
251	1	120	23	124	31	2	125
251	1	120	25	124	31	2	30
251	1	120	30	124	31	2	30
251	1	121	10	124	31	2	56
251	1	121	12	124	31	2	250
251	1	121	17	124	31	3	inf
251	1	121	22	124	31	2	1
251	1	121	24	124	31	2	195
251	1	122	1	124	31	2	139
251	1	122	2	124	31	2	126
251	1	122	4	124	31	2	221
251	1	122	9	124	31	2	221
251	1	122	11	124	31	2	126
251	1	122	12	124	31	2	139
251	1	122	15	124	31	2	188
251	1	122	17	124	31	2	96
251	1	122	22	124	31	3	117
251	1	122	27	124	31	2	96
251	1	122	29	124	31	2	188
251	1	123	1	124	31	2	250
251	1	123	3	124	31	2	56
251	1	123	20	124	31	2	195
251	1	123	22	124	31	2	1
251	1	123	27	124	31	3	inf
251	2	0	1	124	31	3	inf
251	2	0	6	124	31	2	1
251	2	0	8	124	31	2	195
251	2	0	25	124	31	2	56
251	2	0	27	124	31	2	250
251	2	1	1	124	31	2	96
251	2	1	6	124	31	3	117
251	2	1	11	124	31	2	96
251	2	1	13	124	31	2	188
251	2	1	16	124	31	2	139
251	2	1	17	124	31	2	126
251	2	1	19	124	31	2	221
251	2	1	24	124	31	2	221
251	2	1	26	124	31	2	126
251	2	1	27	124	31	2	139
251	2	1	30	124	31	2	188
251	2	2	4	124	31	2	195
251	2	2	6	124	31	2	1
251	2	2	11	124	31	3	inf
251	2	2	16	124	31	2	250
251	2	2	18	124	31	2	56
251	2	3	3	124	31	2	30
251	2	3	5	124	31	2	125
251	2	3	6	124	31	2	112
251	2	3	9	124	31	2	63
251	2	3	11	124	31	2	155
251	2	3	13	124	31	3	inf
251	2	3	15	124	31	3	inf
251	2	3	16	124	31	3	134
251	2	3	21	124	31	2	155
251	2	3	23	124	31	2	63
251	2	3	26	124	31	2	112
251	2	3	27	124	31	2	125
251	2	3	29	124	31	2	30
251	2	4	14	124	31	2	56
251	2	4	16	124	31	2	250
251	2	4	21	124	31	3	inf
251	2	4	26	124	31	2	1
251	2	4	28	124	31	2	195
251	2	5	0	124	31	2	96
251	2	5	2	124	31	2	188
251	2	5	5	124	31	2	139
251	2	5	6	124	31	2	126
251	2	5	8	124	31	2	221
251	2	5	13	124	31	2	221
251	2	5	15	124	31	2	126
251	2	5	16	124	31	2	139
251	2	5	19	124	31	2	188
251	2	5	21	124	31	2	96
251	2	5	26	124	31	3	117
251	2	6	0	124	31	3	inf
251	2	6	5	124	31	2	250
251	2	6	7	124	31	2	56
251	2	6	24	124	31	2	195
251	2	6	26	124	31	2	1
251	2	7	0	124	31	2	155
251	2	7	2	124	31	3	inf
251	2	7	4	124	31	3	inf
251	2	7	5	124	31	3	134
251	2	7	10	124	31	2	155
251	2	7	12	124	31	2	63
251	2	7	15	124	31	2	112
251	2	7	16	124	31	2	125
251	2	7	18	124	31	2	30
251	2	7	23	124	31	2	30
251	2	7	25	124	31	2	125
251	2	7	26	124	31	2	112
251	2	7	29	124	31	2	63
251	2	8	3	124	31	2	56
251	2	8	5	124	31	2	250
251	2	8	10	124	31	3	inf
251	2	8	15	124	31	2	1
251	2	8	17	124	31	2	195
251	2	9	2	124	31	2	221
251	2	9	4	124	31	2	126
251	2	9	5	124	31	2	139
251	2	9	8	124	31	2	188
251	2	9	10	124	31	2	96
251	2	9	15	124	31	3	117
251	2	9	20	124	31	2	96
251	2	9	22	124	31	2	188
251	2	9	25	124	31	2	139
251	2	9	26	124	31	2	126
251	2	9	28	124	31	2	221
251	2	10	13	124	31	2	195
251	2	10	15	124	31	2	1
251	2	10	20	124	31	3	inf
251	2	10	25	124	31	2	250
251	2	10	27	124	31	2	56
251	2	11	1	124	31	2	63
251	2	11	4	124	31	2	112
251	2	11	5	124	31	2	125
251	2	11	7	124	31	2	30
251	2	11	12	124	31	2	30
251	2	11	14	124	31	2	125
251	2	11	15	124	31	2	112
251	2	11	18	124	31	2	63
251	2	11	20	124	31	2	155
251	2	11	22	124	31	3	inf
251	2	11	24	124	31	3	inf
251	2	11	25	124	31	3	134
251	2	11	30	124	31	2	155
251	2	12	4	124	31	2	1
251	2	12	6	124	31	2	195
251	2	12	23	124	31	2	56
251	2	12	25	124	31	2	250
251	2	12	30	124	31	3	inf
251	2	13	4	124	31	3	117
251	2	13	9	124	31	2	96
251	2	13	11	124	31	2	188
251	2	13	14	124	31	2	139
251	2	13	15	124	31	2	126
251	2	13	17	124	31	2	221
251	2	13	22	124	31	2	221
251	2	13	24	124	31	2	126
251	2	13	25	124	31	2	139
251	2	13	28	124	31	2	188
251	2	13	30	124	31	2	96
251	2	14	2	124	31	2	195
251	2	14	4	124	31	2	1
251	2	14	9	124	31	3	inf
251	2	14	14	124	31	2	250
251	2	14	16	124	31	2	56
251	2	15	1	124	31	2	30
251	2	15	3	124	31	2	125
251	2	15	4	124	31	2	112
251	2	15	7	124	31	2	63
251	2	15	9	124	31	2	155
251	2	15	11	124	31	3	inf
251	2	15	13	124	31	3	inf
251	2	15	14	124	31	3	134
251	2	15	19	124	31	2	155
251	2	15	21	124	31	2	63
251	2	15	24	124	31	2	112
251	2	15	25	124	31	2	125
251	2	15	27	124	31	2	30
251	2	16	12	124	31	2	56
251	2	16	14	124	31	2	250
251	2	16	19	124	31	3	inf
251	2	16	24	124	31	2	1
251	2	16	26	124	31	2	195
251	2	17	0	124	31	2	188
251	2	17	3	124	31	2	139
251	2	17	4	124	31	2	126
251	2	17	6	124	31	2	221
251	2	17	11	124	31	2	221
251	2	17	13	124	31	2	126
251	2	17	14	124	31	2	139
251	2	17	17	124	31	2	188
251	2	17	19	124	31	2	96
251	2	17	24	124	31	3	117
251	2	17	29	124	31	2	96
251	2	18	3	124	31	2	250
251	2	18	5	124	31	2	56
251	2	18	22	124	31	2	195
251	2	18	24	124	31	2	1
251	2	18	29	124	31	3	inf
251	2	19	0	124	31	3	inf
251	2	19	2	124	31	3	inf
251	2	19	3	124	31	3	134
251	2	19	8	124	31	2	155
251	2	19	10	124	31	2	63
251	2	19	13	124	31	2	112
251	2	19	14	124	31	2	125
251	2	19	16	124	31	2	30
251	2	19	21	124	31	2	30
251	2	19	23	124	31	2	125
251	2	19	24	124	31	2	112
251	2	19	27	124	31	2	63
251	2	19	29	124	31	2	155
251	2	20	1	124	31	2	56
251	2	20	3	124	31	2	250
251	2	20	8	124	31	3	inf
251	2	20	13	124	31	2	1
251	2	20	15	124	31	2	195
251	2	21	0	124	31	2	221
251	2	21	2	124	31	2	126
251	2	21	3	124	31	2	139
251	2	21	6	124	31	2	188
251	2	21	8	124	31	2	96
251	2	21	13	124	31	3	117
251	2	21	18	124	31	2	96
251	2	21	20	124	31	2	188
251	2	21	23	124	31	2	139
251	2	21	24	124	31	2	126
251	2	21	26	124	31	2	221
251	2	22	11	124	31	2	195
251	2	22	13	124	31	2	1
251	2	22	18	124	31	3	inf
251	2	22	23	124	31	2	250
251	2	22	25	124	31	2	56
251	2	23	2	124	31	2	112
251	2	23	3	124	31	2	125
251	2	23	5	124	31	2	30
251	2	23	10	124	31	2	30
251	2	23	12	124	31	2	125
251	2	23	13	124	31	2	112
251	2	23	16	124	31	2	63
251	2	23	18	124	31	2	155
251	2	23	20	124	31	3	inf
251	2	23	22	124	31	3	inf
251	2	23	23	124	31	3	134
251	2	23	28	124	31	2	155
251	2	23	30	124	31	2	63
251	2	24	2	124	31	2	1
251	2	24	4	124	31	2	195
251	2	24	21	124	31	2	56
251	2	24	23	124	31	2	250
251	2	24	28	124	31	3	inf
251	2	25	2	124	31	3	117
251	2	25	7	124	31	2	96
251	2	25	9	124	31	2	188
251	2	25	12	124	31	2	139
251	2	25	13	124	31	2	126
251	2	25	15	124	31	2	221
251	2	25	20	124	31	2	221
251	2	25	22	124	31	2	126
251	2	25	23	124	31	2	139
251	2	25	26	124	31	2	188
251	2	25	28	124	31	2	96
251	2	26	0	124	31	2	195
251	2	26	2	124	31	2	1
251	2	26	7	124	31	3	inf
251	2	26	12	124	31	2	250
251	2	26	14	124	31	2	56
251	2	27	1	124	31	2	125
251	2	27	2	124	31	2	112
251	2	27	5	124	31	2	63
251	2	27	7	124	31	2	155
251	2	27	9	124	31	3	inf
251	2	27	11	124	31	3	inf
251	2	27	12	124	31	3	134
251	2	27	17	124	31	2	155
251	2	27	19	124	31	2	63
251	2	27	22	124	31	2	112
251	2	27	23	124	31	2	125
251	2	27	25	124	31	2	30
251	2	27	30	124	31	2	30
251	2	28	10	124	31	2	56
251	2	28	12	124	31	2	250
251	2	28	17	124	31	3	inf
251	2	28	22	124	31	2	1
251	2	28	24	124	31	2	195
251	2	29	1	124	31	2	139
251	2	29	2	124	31	2	126
251	2	29	4	124	31	2	221
251	2	29	9	124	31	2	221
251	2	29	11	124	31	2	126
251	2	29	12	124	31	2	139
251	2	29	15	124	31	2	188
251	2	29	17	124	31	2	96
251	2	29	22	124	31	3	117
251	2	29	27	124	31	2	96
251	2	29	29	124	31	2	188
251	2	30	1	124	31	2	250
251	2	30	3	124	31	2	56
251	2	30	20	124	31	2	195
251	2	30	22	124	31	2	1
251	2	30	27	124	31	3	inf
251	2	31	0	124	31	3	inf
251	2	31	1	124	31	3	134
251	2	31	6	124	31	2	155
251	2	31	8	124	31	2	63
251	2	31	11	124	31	2	112
251	2	31	12	124	31	2	125
251	2	31	14	124	31	2	30
251	2	31	19	124	31	2	30
251	2	31	21	124	31	2	125
251	2	31	22	124	31	2	112
251	2	31	25	124	31	2	63
251	2	31	27	124	31	2	155
251	2	31	29	124	31	3	inf
251	2	32	1	124	31	2	250
251	2	32	6	124	31	3	inf
251	2	32	11	124	31	2	1
251	2	32	13	124	31	2	195
251	2	32	30	124	31	2	56
251	2	33	0	124	31	2	126
251	2	33	1	124	31	2	139
251	2	33	4	124	31	2	188
251	2	33	6	124	31	2	96
251	2	33	11	124	31	3	117
251	2	33	16	124	31	2	96
251	2	33	18	124	31	2	188
251	2	33	21	124	31	2	139
251	2	33	22	124	31	2	126
251	2	33	24	124	31	2	221
251	2	33	29	124	31	2	221
251	2	34	9	124	31	2	195
251	2	34	11	124	31	2	1
251	2	34	16	124	31	3	inf
251	2	34	21	124	31	2	250
251	2	34	23	124	31	2	56
251	2	35	0	124	31	2	112
251	2	35	1	124	31	2	125
251	2	35	3	124	31	2	30
251	2	35	8	124	31	2	30
251	2	35	10	124	31	2	125
251	2	35	11	124	31	2	112
251	2	35	14	124	31	2	63
251	2	35	16	124	31	2	155
251	2	35	18	124	31	3	inf
251	2	35	20	124	31	3	inf
251	2	35	21	124	31	3	134
251	2	35	26	124	31	2	155
251	2	35	28	124	31	2	63
251	2	36	0	124	31	2	1
251	2	36	2	124	31	2	195
251	2	36	19	124	31	2	56
251	2	36	21	124	31	2	250
251	2	36	26	124	31	3	inf
251	2	37	0	124	31	3	117
251	2	37	5	124	31	2	96
251	2	37	7	124	31	2	188
251	2	37	10	124	31	2	139
251	2	37	11	124	31	2	126
251	2	37	13	124	31	2	221
251	2	37	18	124	31	2	221
251	2	37	20	124	31	2	126
251	2	37	21	124	31	2	139
251	2	37	24	124	31	2	188
251	2	37	26	124	31	2	96
251	2	38	0	124	31	2	1
251	2	38	5	124	31	3	inf
251	2	38	10	124	31	2	250
251	2	38	12	124	31	2	56
251	2	38	29	124	31	2	195
251	2	39	0	124	31	2	112
251	2	39	3	124	31	2	63
251	2	39	5	124	31	2	155
251	2	39	7	124	31	3	inf
251	2	39	9	124	31	3	inf
251	2	39	10	124	31	3	134
251	2	39	15	124	31	2	155
251	2	39	17	124	31	2	63
251	2	39	20	124	31	2	112
251	2	39	21	124	31	2	125
251	2	39	23	124	31	2	30
251	2	39	28	124	31	2	30
251	2	39	30	124	31	2	125
251	2	40	8	124	31	2	56
251	2	40	10	124	31	2	250
251	2	40	15	124	31	3	inf
251	2	40	20	124	31	2	1
251	2	40	22	124	31	2	195
251	2	41	0	124	31	2	126
251	2	41	2	124	31	2	221
251	2	41	7	124	31	2	221
251	2	41	9	124	31	2	126
251	2	41	10	124	31	2	139
251	2	41	13	124	31	2	188
251	2	41	15	124	31	2	96
251	2	41	20	124	31	3	117
251	2	41	25	124	31	2	96
251	2	41	27	124	31	2	188
251	2	41	30	124	31	2	139
251	2	42	1	124	31	2	56
251	2	42	18	124	31	2	195
251	2	42	20	124	31	2	1
251	2	42	25	124	31	3	inf
251	2	42	30	124	31	2	250
251	2	43	4	124	31	2	155
251	2	43	6	124	31	2	63
251	2	43	9	124	31	2	112
251	2	43	10	124	31	2	125
251	2	43	12	124	31	2	30
251	2	43	17	124	31	2	30
251	2	43	19	124	31	2	125
251	2	43	20	124	31	2	112
251	2	43	23	124	31	2	63
251	2	43	25	124	31	2	155
251	2	43	27	124	31	3	inf
251	2	43	29	124	31	3	inf
251	2	43	30	124	31	3	134
251	2	44	4	124	31	3	inf
251	2	44	9	124	31	2	1
251	2	44	11	124	31	2	195
251	2	44	28	124	31	2	56
251	2	44	30	124	31	2	250
251	2	45	2	124	31	2	188
251	2	45	4	124	31	2	96
251	2	45	9	124	31	3	117
251	2	45	14	124	31	2	96
251	2	45	16	124	31	2	188
251	2	45	19	124	31	2	139
251	2	45	20	124	31	2	126
251	2	45	22	124	31	2	221
251	2	45	27	124	31	2	221
251	2	45	29	124	31	2	126
251	2	45	30	124	31	2	139
251	2	46	7	124	31	2	195
251	2	46	9	124	31	2	1
251	2	46	14	124	31	3	inf
251	2	46	19	124	31	2	250
251	2	46	21	124	31	2	56
251	2	47	1	124	31	2	30
251	2	47	6	124	31	2	30
251	2	47	8	124	31	2	125
251	2	47	9	124	31	2	112
251	2	47	12	124	31	2	63
251	2	47	14	124	31	2	155
251	2	47	16	124	31	3	inf
251	2	47	18	124	31	3	inf
251	2	47	19	124	31	3	134
251	2	47	24	124	31	2	155
251	2	47	26	124	31	2	63
251	2	47	29	124	31	2	112
251	2	47	30	124	31	2	125
251	2	48	0	124	31	2	195
251	2	48	17	124	31	2	56
251	2	48	19	124	31	2	250
251	2	48	24	124	31	3	inf
251	2	48	29	124	31	2	1
251	2	49	3	124	31	2	96
251	2	49	5	124	31	2	188
251	2	49	8	124	31	2	139
251	2	49	9	124	31	2	126
251	2	49	11	124	31	2	221
251	2	49	16	124	31	2	221
251	2	49	18	124	31	2	126
251	2	49	19	124	31	2	139
251	2	49	22	124	31	2	188
251	2	49	24	124	31	2	96
251	2	49	29	124	31	3	117
251	2	50	3	124	31	3	inf
251	2	50	8	124	31	2	250
251	2	50	10	124	31	2	56
251	2	50	27	124	31	2	195
251	2	50	29	124	31	2	1
251	2	51	1	124	31	2	63
251	2	51	3	124	31	2	155
251	2	51	5	124	31	3	inf
251	2	51	7	124	31	3	inf
251	2	51	8	124	31	3	134
251	2	51	13	124	31	2	155
251	2	51	15	124	31	2	63
251	2	51	18	124	31	2	112
251	2	51	19	124	31	2	125
251	2	51	21	124	31	2	30
251	2	51	26	124	31	2	30
251	2	51	28	124	31	2	125
251	2	51	29	124	31	2	112
251	2	52	6	124	31	2	56
251	2	52	8	124	31	2	250
251	2	52	13	124	31	3	inf
251	2	52	18	124	31	2	1
251	2	52	20	124	31	2	195
251	2	53	0	124	31	2	221
251	2	53	5	124	31	2	221
251	2	53	7	124	31	2	126
251	2	53	8	124	31	2	139
251	2	53	11	124	31	2	188
251	2	53	13	124	31	2	96
251	2	53	18	124	31	3	117
251	2	53	23	124	31	2	96
251	2	53	25	124	31	2	188
251	2	53	28	124	31	2	139
251	2	53	29	124	31	2	126
251	2	54	16	124	31	2	195
251	2	54	18	124	31	2	1
251	2	54	23	124	31	3	inf
251	2	54	28	124	31	2	250
251	2	54	30	124	31	2	56
251	2	55	2	124	31	2	155
251	2	55	4	124	31	2	63
251	2	55	7	124	31	2	112
251	2	55	8	124	31	2	125
251	2	55	10	124	31	2	30
251	2	55	15	124	31	2	30
251	2	55	17	124	31	2	125
251	2	55	18	124	31	2	112
251	2	55	21	124	31	2	63
251	2	55	23	124	31	2	155
251	2	55	25	124	31	3	inf
251	2	55	27	124	31	3	inf
251	2	55	28	124	31	3	134
251	2	56	2	124	31	3	inf
251	2	56	7	124	31	2	1
251	2	56	9	124	31	2	195
251	2	56	26	124	31	2	56
251	2	56	28	124	31	2	250
251	2	57	0	124	31	2	188
251	2	57	2	124	31	2	96
251	2	57	7	124	31	3	117
251	2	57	12	124	31	2	96
251	2	57	14	124	31	2	188
251	2	57	17	124	31	2	139
251	2	57	18	124	31	2	126
251	2	57	20	124	31	2	221
251	2	57	25	124	31	2	221
251	2	57	27	124	31	2	126
251	2	57	28	124	31	2	139
251	2	58	5	124	31	2	195
251	2	58	7	124	31	2	1
251	2	58	12	124	31	3	inf
251	2	58	17	124	31	2	250
251	2	58	19	124	31	2	56
251	2	59	4	124	31	2	30
251	2	59	6	124	31	2	125
251	2	59	7	124	31	2	112
251	2	59	10	124	31	2	63
251	2	59	12	124	31	2	155
251	2	59	14	124	31	3	inf
251	2	59	16	124	31	3	inf
251	2	59	17	124	31	3	134
251	2	59	22	124	31	2	155
251	2	59	24	124	31	2	63
251	2	59	27	124	31	2	112
251	2	59	28	124	31	2	125
251	2	59	30	124	31	2	30
251	2	60	15	124	31	2	56
251	2	60	17	124	31	2	250
251	2	60	22	124	31	3	inf
251	2	60	27	124	31	2	1
251	2	60	29	124	31	2	195
251	2	61	1	124	31	2	96
251	2	61	3	124	31	2	188
251	2	61	6	124	31	2	139
251	2	61	7	124	31	2	126
251	2	61	9	124	31	2	221
251	2	61	14	124	31	2	221
251	2	61	16	124	31	2	126
251	2	61	17	124	31	2	139
251	2	61	20	124	31	2	188
251	2	61	22	124	31	2	96
251	2	61	27	124	31	3	117
251	2	62	1	124	31	3	inf
251	2	62	6	124	31	2	250
251	2	62	8	124	31	2	56
251	2	62	25	124	31	2	195
251	2	62	27	124	31	2	1
251	2	63	1	124	31	2	155
251	2	63	3	124	31	3	inf
251	2	63	5	124	31	3	inf
251	2	63	6	124	31	3	134
251	2	63	11	124	31	2	155
251	2	63	13	124	31	2	63
251	2	63	16	124	31	2	112
251	2	63	17	124	31	2	125
251	2	63	19	124	31	2	30
251	2	63	24	124	31	2	30
251	2	63	26	124	31	2	125
251	2	63	27	124	31	2	112
251	2	63	30	124	31	2	63
251	2	64	4	124	31	2	56
251	2	64	6	124	31	2	250
251	2	64	11	124	31	3	inf
251	2	64	16	124	31	2	1
251	2	64	18	124	31	2	195
251	2	65	3	124	31	2	221
251	2	65	5	124	31	2	126
251	2	65	6	124	31	2	139
251	2	65	9	124	31	2	188
251	2	65	11	124	31	2	96
251	2	65	16	124	31	3	117
251	2	65	21	124	31	2	96
251	2	65	23	124	31	2	188
251	2	65	26	124	31	2	139
251	2	65	27	124	31	2	126
251	2	65	29	124	31	2	221
251	2	66	14	124	31	2	195
251	2	66	16	124	31	2	1
251	2	66	21	124	31	3	inf
251	2	66	26	124	31	2	250
251	2	66	28	124	31	2	56
251	2	67	0	124	31	2	155
251	2	67	2	124	31	2	63
251	2	67	5	124	31	2	112
251	2	67	6	124	31	2	125
251	2	67	8	124	31	2	30
251	2	67	13	124	31	2	30
251	2	67	15	124	31	2	125
251	2	67	16	124	31	2	112
251	2	67	19	124	31	2	63
251	2	67	21	124	31	2	155
251	2	67	23	124	31	3	inf
251	2	67	25	124	31	3	inf
251	2	67	26	124	31	3	134
251	2	68	0	124	31	3	inf
251	2	68	5	124	31	2	1
251	2	68	7	124	31	2	195
251	2	68	24	124	31	2	56
251	2	68	26	124	31	2	250
251	2	69	0	124	31	2	96
251	2	69	5	124	31	3	117
251	2	69	10	124	31	2	96
251	2	69	12	124	31	2	188
251	2	69	15	124	31	2	139
251	2	69	16	124	31	2	126
251	2	69	18	124	31	2	221
251	2	69	23	124	31	2	221
251	2	69	25	124	31	2	126
251	2	69	26	124	31	2	139
251	2	69	29	124	31	2	188
251	2	70	3	124	31	2	195
251	2	70	5	124	31	2	1
251	2	70	10	124	31	3	inf
251	2	70	15	124	31	2	250
251	2	70	17	124	31	2	56
251	2	71	2	124	31	2	30
251	2	71	4	124	31	2	125
251	2	71	5	124	31	2	112
251	2	71	8	124	31	2	63
251	2	71	10	124	31	2	155
251	2	71	12	124	31	3	inf
251	2	71	14	124	31	3	inf
251	2	71	15	124	31	3	134
251	2	71	20	124	31	2	155
251	2	71	22	124	31	2	63
251	2	71	25	124	31	2	112
251	2	71	26	124	31	2	125
251	2	71	28	124	31	2	30
251	2	72	13	124	31	2	56
251	2	72	15	124	31	2	250
251	2	72	20	124	31	3	inf
251	2	72	25	124	31	2	1
251	2	72	27	124	31	2	195
251	2	73	1	124	31	2	188
251	2	73	4	124	31	2	139
251	2	73	5	124	31	2	126
251	2	73	7	124	31	2	221
251	2	73	12	124	31	2	221
251	2	73	14	124	31	2	126
251	2	73	15	124	31	2	139
251	2	73	18	124	31	2	188
251	2	73	20	124	31	2	96
251	2	73	25	124	31	3	117
251	2	73	30	124	31	2	96
251	2	74	4	124	31	2	250
251	2	74	6	124	31	2	56
251	2	74	23	124	31	2	195
251	2	74	25	124	31	2	1
251	2	74	30	124	31	3	inf
251	2	75	1	124	31	3	inf
251	2	75	3	124	31	3	inf
251	2	75	4	124	31	3	134
251	2	75	9	124	31	2	155
251	2	75	11	124	31	2	63
251	2	75	14	124	31	2	112
251	2	75	15	124	31	2	125
251	2	75	17	124	31	2	30
251	2	75	22	124	31	2	30
251	2	75	24	124	31	2	125
251	2	75	25	124	31	2	112
251	2	75	28	124	31	2	63
251	2	75	30	124	31	2	155
251	2	76	2	124	31	2	56
251	2	76	4	124	31	2	250
251	2	76	9	124	31	3	inf
251	2	76	14	124	31	2	1
251	2	76	16	124	31	2	195
251	2	77	1	124	31	2	221
251	2	77	3	124	31	2	126
251	2	77	4	124	31	2	139
251	2	77	7	124	31	2	188
251	2	77	9	124	31	2	96
251	2	77	14	124	31	3	117
251	2	77	19	124	31	2	96
251	2	77	21	124	31	2	188
251	2	77	24	124	31	2	139
251	2	77	25	124	31	2	126
251	2	77	27	124	31	2	221
251	2	78	12	124	31	2	195
251	2	78	14	124	31	2	1
251	2	78	19	124	31	3	inf
251	2	78	24	124	31	2	250
251	2	78	26	124	31	2	56
251	2	79	0	124	31	2	63
251	2	79	3	124	31	2	112
251	2	79	4	124	31	2	125
251	2	79	6	124	31	2	30
251	2	79	11	124	31	2	30
251	2	79	13	124	31	2	125
251	2	79	14	124	31	2	112
251	2	79	17	124	31	2	63
251	2	79	19	124	31	2	155
251	2	79	21	124	31	3	inf
251	2	79	23	124	31	3	inf
251	2	79	24	124	31	3	134
251	2	79	29	124	31	2	155
251	2	80	3	124	31	2	1
251	2	80	5	124	31	2	195
251	2	80	22	124	31	2	56
251	2	80	24	124	31	2	250
251	2	80	29	124	31	3	inf
251	2	81	3	124	31	3	117
251	2	81	8	124	31	2	96
251	2	81	10	124	31	2	188
251	2	81	13	124	31	2	139
251	2	81	14	124	31	2	126
251	2	81	16	124	31	2	221
251	2	81	21	124	31	2	221
251	2	81	23	124	31	2	126
251	2	81	24	124	31	2	139
251	2	81	27	124	31	2	188
251	2	81	29	124	31	2	96
251	2	82	1	124	31	2	195
251	2	82	3	124	31	2	1
251	2	82	8	124	31	3	inf
251	2	82	13	124	31	2	250
251	2	82	15	124	31	2	56
251	2	83	0	124	31	2	30
251	2	83	2	124	31	2	125
251	2	83	3	124	31	2	112
251	2	83	6	124	31	2	63
251	2	83	8	124	31	2	155
251	2	83	10	124	31	3	inf
251	2	83	12	124	31	3	inf
251	2	83	13	124	31	3	134
251	2	83	18	124	31	2	155
251	2	83	20	124	31	2	63
251	2	83	23	124	31	2	112
251	2	83	24	124	31	2	125
251	2	83	26	124	31	2	30
251	2	84	11	124	31	2	56
251	2	84	13	124	31	2	250
251	2	84	18	124	31	3	inf
251	2	84	23	124	31	2	1
251	2	84	25	124	31	2	195
251	2	85	2	124	31	2	139
251	2	85	3	124	31	2	126
251	2	85	5	124	31	2	221
251	2	85	10	124	31	2	221
251	2	85	12	124	31	2	126
251	2	85	13	124	31	2	139
251	2	85	16	124	31	2	188
251	2	85	18	124	31	2	96
251	2	85	23	124	31	3	117
251	2	85	28	124	31	2	96
251	2	85	30	124	31	2	188
251	2	86	2	124	31	2	250
251	2	86	4	124	31	2	56
251	2	86	21	124	31	2	195
251	2	86	23	124	31	2	1
251	2	86	28	124	31	3	inf
251	2	87	1	124	31	3	inf
251	2	87	2	124	31	3	134
251	2	87	7	124	31	2	155
251	2	87	9	124	31	2	63
251	2	87	12	124	31	2	112
251	2	87	13	124	31	2	125
251	2	87	15	124	31	2	30
251	2	87	20	124	31	2	30
251	2	87	22	124	31	2	125
251	2	87	23	124	31	2	112
251	2	87	26	124	31	2	63
251	2	87	28	124	31	2	155
251	2	87	30	124	31	3	inf
251	2	88	0	124	31	2	56
251	2	88	2	124	31	2	250
251	2	88	7	124	31	3	inf
251	2	88	12	124	31	2	1
251	2	88	14	124	31	2	195
251	2	89	1	124	31	2	126
251	2	89	2	124	31	2	139
251	2	89	5	124	31	2	188
251	2	89	7	124	31	2	96
251	2	89	12	124	31	3	117
251	2	89	17	124	31	2	96
251	2	89	19	124	31	2	188
251	2	89	22	124	31	2	139
251	2	89	23	124	31	2	126
251	2	89	25	124	31	2	221
251	2	89	30	124	31	2	221
251	2	90	10	124	31	2	195
251	2	90	12	124	31	2	1
251	2	90	17	124	31	3	inf
251	2	90	22	124	31	2	250
251	2	90	24	124	31	2	56
251	2	91	1	124	31	2	112
251	2	91	2	124	31	2	125
251	2	91	4	124	31	2	30
251	2	91	9	124	31	2	30
251	2	91	11	124	31	2	125
251	2	91	12	124	31	2	112
251	2	91	15	124	31	2	63
251	2	91	17	124	31	2	155
251	2	91	19	124	31	3	inf
251	2	91	21	124	31	3	inf
251	2	91	22	124	31	3	134
251	2	91	27	124	31	2	155
251	2	91	29	124	31	2	63
251	2	92	1	124	31	2	1
251	2	92	3	124	31	2	195
251	2	92	20	124	31	2	56
251	2	92	22	124	31	2	250
251	2	92	27	124	31	3	inf
251	2	93	1	124	31	3	117
251	2	93	6	124	31	2	96
251	2	93	8	124	31	2	188
251	2	93	11	124	31	2	139
251	2	93	12	124	31	2	126
251	2	93	14	124	31	2	221
251	2	93	19	124	31	2	221
251	2	93	21	124	31	2	126
251	2	93	22	124	31	2	139
251	2	93	25	124	31	2	188
251	2	93	27	124	31	2	96
251	2	94	1	124	31	2	1
251	2	94	6	124	31	3	inf
251	2	94	11	124	31	2	250
251	2	94	13	124	31	2	56
251	2	94	30	124	31	2	195
251	2	95	0	124	31	2	125
251	2	95	1	124	31	2	112
251	2	95	4	124	31	2	63
251	2	95	6	124	31	2	155
251	2	95	8	124	31	3	inf
251	2	95	10	124	31	3	inf
251	2	95	11	124	31	3	134
251	2	95	16	124	31	2	155
251	2	95	18	124	31	2	63
251	2	95	21	124	31	2	112
251	2	95	22	124	31	2	125
251	2	95	24	124	31	2	30
251	2	95	29	124	31	2	30
251	2	96	9	124	31	2	56
251	2	96	11	124	31	2	250
251	2	96	16	124	31	3	inf
251	2	96	21	124	31	2	1
251	2	96	23	124	31	2	195
251	2	97	0	124	31	2	139
251	2	97	1	124	31	2	126
251	2	97	3	124	31	2	221
251	2	97	8	124	31	2	221
251	2	97	10	124	31	2	126
251	2	97	11	124	31	2	139
251	2	97	14	124	31	2	188
251	2	97	16	124	31	2	96
251	2	97	21	124	31	3	117
251	2	97	26	124	31	2	96
251	2	97	28	124	31	2	188
251	2	98	0	124	31	2	250
251	2	98	2	124	31	2	56
251	2	98	19	124	31	2	195
251	2	98	21	124	31	2	1
251	2	98	26	124	31	3	inf
251	2	99	0	124	31	3	134
251	2	99	5	124	31	2	155
251	2	99	7	124	31	2	63
251	2	99	10	124	31	2	112
251	2	99	11	124	31	2	125
251	2	99	13	124	31	2	30
251	2	99	18	124	31	2	30
251	2	99	20	124	31	2	125
251	2	99	21	124	31	2	112
251	2	99	24	124	31	2	63
251	2	99	26	124	31	2	155
251	2	99	28	124	31	3	inf
251	2	99	30	124	31	3	inf
251	2	100	0	124	31	2	250
251	2	100	5	124	31	3	inf
251	2	100	10	124	31	2	1
251	2	100	12	124	31	2	195
251	2	100	29	124	31	2	56
251	2	101	0	124	31	2	139
251	2	101	3	124	31	2	188
251	2	101	5	124	31	2	96
251	2	101	10	124	31	3	117
251	2	101	15	124	31	2	96
251	2	101	17	124	31	2	188
251	2	101	20	124	31	2	139
251	2	101	21	124	31	2	126
251	2	101	23	124	31	2	221
251	2	101	28	124	31	2	221
251	2	101	30	124	31	2	126
251	2	102	8	124	31	2	195
251	2	102	10	124	31	2	1
251	2	102	15	124	31	3	inf
251	2	102	20	124	31	2	250
251	2	102	22	124	31	2	56
251	2	103	0	124	31	2	125
251	2	103	2	124	31	2	30
251	2	103	7	124	31	2	30
251	2	103	9	124	31	2	125
251	2	103	10	124	31	2	112
251	2	103	13	124	31	2	63
251	2	103	15	124	31	2	155
251	2	103	17	124	31	3	inf
251	2	103	19	124	31	3	inf
251	2	103	20	124	31	3	134
251	2	103	25	124	31	2	155
251	2	103	27	124	31	2	63
251	2	103	30	124	31	2	112
251	2	104	1	124	31	2	195
251	2	104	18	124	31	2	56
251	2	104	20	124	31	2	250
251	2	104	25	124	31	3	inf
251	2	104	30	124	31	2	1
251	2	105	4	124	31	2	96
251	2	105	6	124	31	2	188
251	2	105	9	124	31	2	139
251	2	105	10	124	31	2	126
251	2	105	12	124	31	2	221
251	2	105	17	124	31	2	221
251	2	105	19	124	31	2	126
251	2	105	20	124	31	2	139
251	2	105	23	124	31	2	188
251	2	105	25	124	31	2	96
251	2	105	30	124	31	3	117
251	2	106	4	124	31	3	inf
251	2	106	9	124	31	2	250
251	2	106	11	124	31	2	56
251	2	106	28	124	31	2	195
251	2	106	30	124	31	2	1
251	2	107	2	124	31	2	63
251	2	107	4	124	31	2	155
251	2	107	6	124	31	3	inf
251	2	107	8	124	31	3	inf
251	2	107	9	124	31	3	134
251	2	107	14	124	31	2	155
251	2	107	16	124	31	2	63
251	2	107	19	124	31	2	112
251	2	107	20	124	31	2	125
251	2	107	22	124	31	2	30
251	2	107	27	124	31	2	30
251	2	107	29	124	31	2	125
251	2	107	30	124	31	2	112
251	2	108	7	124	31	2	56
251	2	108	9	124	31	2	250
251	2	108	14	124	31	3	inf
251	2	108	19	124	31	2	1
251	2	108	21	124	31	2	195
251	2	109	1	124	31	2	221
251	2	109	6	124	31	2	221
251	2	109	8	124	31	2	126
251	2	109	9	124	31	2	139
251	2	109	12	124	31	2	188
251	2	109	14	124	31	2	96
251	2	109	19	124	31	3	117
251	2	109	24	124	31	2	96
251	2	109	26	124	31	2	188
251	2	109	29	124	31	2	139
251	2	109	30	124	31	2	126
251	2	110	0	124	31	2	56
251	2	110	17	124	31	2	195
251	2	110	19	124	31	2	1
251	2	110	24	124	31	3	inf
251	2	110	29	124	31	2	250
251	2	111	3	124	31	2	155
251	2	111	5	124	31	2	63
251	2	111	8	124	31	2	112
251	2	111	9	124	31	2	125
251	2	111	11	124	31	2	30
251	2	111	16	124	31	2	30
251	2	111	18	124	31	2	125
251	2	111	19	124	31	2	112
251	2	111	22	124	31	2	63
251	2	111	24	124	31	2	155
251	2	111	26	124	31	3	inf
251	2	111	28	124	31	3	inf
251	2	111	29	124	31	3	134
251	2	112	3	124	31	3	inf
251	2	112	8	124	31	2	1
251	2	112	10	124	31	2	195
251	2	112	27	124	31	2	56
251	2	112	29	124	31	2	250
251	2	113	1	124	31	2	188
251	2	113	3	124	31	2	96
251	2	113	8	124	31	3	117
251	2	113	13	124	31	2	96
251	2	113	15	124	31	2	188
251	2	113	18	124	31	2	139
251	2	113	19	124	31	2	126
251	2	113	21	124	31	2	221
251	2	113	26	124	31	2	221
251	2	113	28	124	31	2	126
251	2	113	29	124	31	2	139
251	2	114	6	124	31	2	195
251	2	114	8	124	31	2	1
251	2	114	13	124	31	3	inf
251	2	114	18	124	31	2	250
251	2	114	20	124	31	2	56
251	2	115	0	124	31	2	30
251	2	115	5	124	31	2	30
251	2	115	7	124	31	2	125
251	2	115	8	124	31	2	112
251	2	115	11	124	31	2	63
251	2	115	13	124	31	2	155
251	2	115	15	124	31	3	inf
251	2	115	17	124	31	3	inf
251	2	115	18	124	31	3	134
251	2	115	23	124	31	2	155
251	2	115	25	124	31	2	63
251	2	115	28	124	31	2	112
251	2	115	29	124	31	2	125
251	2	116	16	124	31	2	56
251	2	116	18	124	31	2	250
251	2	116	23	124	31	3	inf
251	2	116	28	124	31	2	1
251	2	116	30	124	31	2	195
251	2	117	2	124	31	2	96
251	2	117	4	124	31	2	188
251	2	117	7	124	31	2	139
251	2	117	8	124	31	2	126
251	2	117	10	124	31	2	221
251	2	117	15	124	31	2	221
251	2	117	17	124	31	2	126
251	2	117	18	124	31	2	139
251	2	117	21	124	31	2	188
251	2	117	23	124	31	2	96
251	2	117	28	124	31	3	117
251	2	118	2	124	31	3	inf
251	2	118	7	124	31	2	250
251	2	118	9	124	31	2	56
251	2	118	26	124	31	2	195
251	2	118	28	124	31	2	1
251	2	119	0	124	31	2	63
251	2	119	2	124	31	2	155
251	2	119	4	124	31	3	inf
251	2	119	6	124	31	3	inf
251	2	119	7	124	31	3	134
251	2	119	12	124	31	2	155
251	2	119	14	124	31	2	63
251	2	119	17	124	31	2	112
251	2	119	18	124	31	2	125
251	2	119	20	124	31	2	30
251	2	119	25	124	31	2	30
251	2	119	27	124	31	2	125
251	2	119	28	124	31	2	112
251	2	120	5	124	31	2	56
251	2	120	7	124	31	2	250
251	2	120	12	124	31	3	inf
251	2	120	17	124	31	2	1
251	2	120	19	124	31	2	195
251	2	121	4	124	31	2	221
251	2	121	6	124	31	2	126
251	2	121	7	124	31	2	139
251	2	121	10	124	31	2	188
251	2	121	12	124	31	2	96
251	2	121	17	124	31	3	117
251	2	121	22	124	31	2	96
251	2	121	24	124	31	2	188
251	2	121	27	124	31	2	139
251	2	121	28	124	31	2	126
251	2	121	30	124	31	2	221
251	2	122	15	124	31	2	195
251	2	122	17	124	31	2	1
251	2	122	22	124	31	3	inf
251	2	122	27	124	31	2	250
251	2	122	29	124	31	2	56
251	2	123	1	124	31	2	155
251	2	123	3	124	31	2	63
251	2	123	6	124	31	2	112
251	2	123	7	124	31	2	125
251	2	123	9	124	31	2	30
251	2	123	14	124	31	2	30
251	2	123	16	124	31	2	125
251	2	123	17	124	31	2	112
251	2	123	20	124	31	2	63
251	2	123	22	124	31	2	155
251	2	123	24	124	31	3	inf
251	2	123	26	124	31	3	inf
251	2	123	27	124	31	3	134
251	3	0	1	124	31	3	117
251	3	0	6	124	31	2	96
251	3	0	8	124	31	2	188
251	3	0	11	124	31	2	139
251	3	0	12	124	31	2	126
251	3	0	14	124	31	2	221
251	3	0	19	124	31	2	221
251	3	0	21	124	31	2	126
251	3	0	22	124	31	2	139
251	3	0	25	124	31	2	188
251	3	0	27	124	31	2	96
251	3	1	1	124	31	2	1
251	3	1	6	124	31	3	inf
251	3	1	11	124	31	2	250
251	3	1	13	124	31	2	56
251	3	1	30	124	31	2	195
251	3	2	0	124	31	2	125
251	3	2	1	124	31	2	112
251	3	2	4	124	31	2	63
251	3	2	6	124	31	2	155
251	3	2	8	124	31	3	inf
251	3	2	10	124	31	3	inf
251	3	2	11	124	31	3	134
251	3	2	16	124	31	2	155
251	3	2	18	124	31	2	63
251	3	2	21	124	31	2	112
251	3	2	22	124	31	2	125
251	3	2	24	124	31	2	30
251	3	2	29	124	31	2	30
251	3	3	9	124	31	2	56
251	3	3	11	124	31	2	250
251	3	3	16	124	31	3	inf
251	3	3	21	124	31	2	1
251	3	3	23	124	31	2	195
251	3	4	0	124	31	2	139
251	3	4	1	124	31	2	126
251	3	4	3	124	31	2	221
251	3	4	8	124	31	2	221
251	3	4	10	124	31	2	126
251	3	4	11	124	31	2	139
251	3	4	14	124	31	2	188
251	3	4	16	124	31	2	96
251	3	4	21	124	31	3	117
251	3	4	26	124	31	2	96
251	3	4	28	124	31	2	188
251	3	5	0	124	31	2	250
251	3	5	2	124	31	2	56
251	3	5	19	124	31	2	195
251	3	5	21	124	31	2	1
251	3	5	26	124	31	3	inf
251	3	6	0	124	31	3	134
251	3	6	5	124	31	2	155
251	3	6	7	124	31	2	63
251	3	6	10	124	31	2	112
251	3	6	11	124	31	2	125
251	3	6	13	124	31	2	30
251	3	6	18	124	31	2	30
251	3	6	20	124	31	2	125
251	3	6	21	124	31	2	112
251	3	6	24	124	31	2	63
251	3	6	26	124	31	2	155
251	3	6	28	124	31	3	inf
251	3	6	30	124	31	3	inf
251	3	7	0	124	31	2	250
251	3	7	5	124	31	3	inf
251	3	7	10	124	31	2	1
251	3	7	12	124	31	2	195
251	3	7	29	124	31	2	56
251	3	8	0	124	31	2	139
251	3	8	3	124	31	2	188
251	3	8	5	124	31	2	96
251	3	8	10	124	31	3	117
251	3	8	15	124	31	2	96
251	3	8	17	124	31	2	188
251	3	8	20	124	31	2	139
251	3	8	21	124	31	2	126
251	3	8	23	124	31	2	221
251	3	8	28	124	31	2	221
251	3	8	30	124	31	2	126
251	3	9	8	124	31	2	195
251	3	9	10	124	31	2	1
251	3	9	15	124	31	3	inf
251	3	9	20	124	31	2	250
251	3	9	22	124	31	2	56
251	3	10	0	124	31	2	125
251	3	10	2	124	31	2	30
251	3	10	7	124	31	2	30
251	3	10	9	124	31	2	125
251	3	10	10	124	31	2	112
251	3	10	13	124	31	2	63
251	3	10	15	124	31	2	155
251	3	10	17	124	31	3	inf
251	3	10	19	124	31	3	inf
251	3	10	20	124	31	3	134
251	3	10	25	124	31	2	155
251	3	10	27	124	31	2	63
251	3	10	30	124	31	2	112
251	3	11	1	124	31	2	195
251	3	11	18	124	31	2	56
251	3	11	20	124	31	2	250
251	3	11	25	124	31	3	inf
251	3	11	30	124	31	2	1
251	3	12	4	124	31	2	96
251	3	12	6	124	31	2	188
251	3	12	9	124	31	2	139
251	3	12	10	124	31	2	126
251	3	12	12	124	31	2	221
251	3	12	17	124	31	2	221
251	3	12	19	124	31	2	126
251	3	12	20	124	31	2	139
251	3	12	23	124	31	2	188
251	3	12	25	124	31	2	96
251	3	12	30	124	31	3	117
251	3	13	4	124	31	3	inf
251	3	13	9	124	31	2	250
251	3	13	11	124	31	2	56
251	3	13	28	124	31	2	195
251	3	13	30	124	31	2	1
251	3	14	2	124	31	2	63
251	3	14	4	124	31	2	155
251	3	14	6	124	31	3	inf
251	3	14	8	124	31	3	inf
251	3	14	9	124	31	3	134
251	3	14	14	124	31	2	155
251	3	14	16	124	31	2	63
251	3	14	19	124	31	2	112
251	3	14	20	124	31	2	125
251	3	14	22	124	31	2	30
251	3	14	27	124	31	2	30
251	3	14	29	124	31	2	125
251	3	14	30	124	31	2	112
251	3	15	7	124	31	2	56
251	3	15	9	124	31	2	250
251	3	15	14	124	31	3	inf
251	3	15	19	124	31	2	1
251	3	15	21	124	31	2	195
251	3	16	1	124	31	2	221
251	3	16	6	124	31	2	221
251	3	16	8	124	31	2	126
251	3	16	9	124	31	2	139
251	3	16	12	124	31	2	188
251	3	16	14	124	31	2	96
251	3	16	19	124	31	3	117
251	3	16	24	124	31	2	96
251	3	16	26	124	31	2	188
251	3	16	29	124	31	2	139
251	3	16	30	124	31	2	126
251	3	17	0	124	31	2	56
251	3	17	17	124	31	2	195
251	3	17	19	124	31	2	1
251	3	17	24	124	31	3	inf
251	3	17	29	124	31	2	250
251	3	18	3	124	31	2	155
251	3	18	5	124	31	2	63
251	3	18	8	124	31	2	112
251	3	18	9	124	31	2	125
251	3	18	11	124	31	2	30
251	3	18	16	124	31	2	30
251	3	18	18	124	31	2	125
251	3	18	19	124	31	2	112
251	3	18	22	124	31	2	63
251	3	18	24	124	31	2	155
251	3	18	26	124	31	3	inf
251	3	18	28	124	31	3	inf
251	3	18	29	124	31	3	134
251	3	19	3	124	31	3	inf
251	3	19	8	124	31	2	1
251	3	19	10	124	31	2	195
251	3	19	27	124	31	2	56
251	3	19	29	124	31	2	250
251	3	20	1	124	31	2	188
251	3	20	3	124	31	2	96
251	3	20	8	124	31	3	117
251	3	20	13	124	31	2	96
251	3	20	15	124	31	2	188
251	3	20	18	124	31	2	139
251	3	20	19	124	31	2	126
251	3	20	21	124	31	2	221
251	3	20	26	124	31	2	221
251	3	20	28	124	31	2	126
251	3	20	29	124	31	2	139
251	3	21	6	124	31	2	195
251	3	21	8	124	31	2	1
251	3	21	13	124	31	3	inf
251	3	21	18	124	31	2	250
251	3	21	20	124	31	2	56
251	3	22	0	124	31	2	30
251	3	22	5	124	31	2	30
251	3	22	7	124	31	2	125
251	3	22	8	124	31	2	112
251	3	22	11	124	31	2	63
251	3	22	13	124	31	2	155
251	3	22	15	124	31	3	inf
251	3	22	17	124	31	3	inf
251	3	22	18	124	31	3	134
251	3	22	23	124	31	2	155
251	3	22	25	124	31	2	63
251	3	22	28	124	31	2	112
251	3	22	29	124	31	2	125
251	3	23	16	124	31	2	56
251	3	23	18	124	31	2	250
251	3	23	23	124	31	3	inf
251	3	23	28	124	31	2	1
251	3	23	30	124	31	2	195
251	3	24	2	124	31	2	96
251	3	24	4	124	31	2	188
251	3	24	7	124	31	2	139
251	3	24	8	124	31	2	126
251	3	24	10	124	31	2	221
251	3	24	15	124	31	2	221
251	3	24	17	124	31	2	126
251	3	24	18	124	31	2	139
251	3	24	21	124	31	2	188
251	3	24	23	124	31	2	96
251	3	24	28	124	31	3	117
251	3	25	2	124	31	3	inf
251	3	25	7	124	31	2	250
251	3	25	9	124	31	2	56
251	3	25	26	124	31	2	195
251	3	25	28	124	31	2	1
251	3	26	0	124	31	2	63
251	3	26	2	124	31	2	155
251	3	26	4	124	31	3	inf
251	3	26	6	124	31	3	inf
251	3	26	7	124	31	3	134
251	3	26	12	124	31	2	155
251	3	26	14	124	31	2	63
251	3	26	17	124	31	2	112
251	3	26	18	124	31	2	125
251	3	26	20	124	31	2	30
251	3	26	25	124	31	2	30
251	3	26	27	124	31	2	125
251	3	26	28	124	31	2	112
251	3	27	5	124	31	2	56
251	3	27	7	124	31	2	250
251	3	27	12	124	31	3	inf
251	3	27	17	124	31	2	1
251	3	27	19	124	31	2	195
251	3	28	4	124	31	2	221
251	3	28	6	124	31	2	126
251	3	28	7	124	31	2	139
251	3	28	10	124	31	2	188
251	3	28	12	124	31	2	96
251	3	28	17	124	31	3	117
251	3	28	22	124	31	2	96
251	3	28	24	124	31	2	188
251	3	28	27	124	31	2	139
251	3	28	28	124	31	2	126
251	3	28	30	124	31	2	221
251	3	29	15	124	31	2	195
251	3	29	17	124	31	2	1
251	3	29	22	124	31	3	inf
251	3	29	27	124	31	2	250
251	3	29	29	124	31	2	56
251	3	30	1	124	31	2	155
251	3	30	3	124	31	2	63
251	3	30	6	124	31	2	112
251	3	30	7	124	31	2	125
251	3	30	9	124	31	2	30
251	3	30	14	124	31	2	30
251	3	30	16	124	31	2	125
251	3	30	17	124	31	2	112
251	3	30	20	124	31	2	63
251	3	30	22	124	31	2	155
251	3	30	24	124	31	3	inf
251	3	30	26	124	31	3	inf
251	3	30	27	124	31	3	134
251	3	31	1	124	31	3	inf
251	3	31	6	124	31	2	1
251	3	31	8	124	31	2	195
251	3	31	25	124	31	2	56
251	3	31	27	124	31	2	250
251	3	32	1	124	31	2	96
251	3	32	6	124	31	3	117
251	3	32	11	124	31	2	96
251	3	32	13	124	31	2	188
251	3	32	16	124	31	2	139
251	3	32	17	124	31	2	126
251	3	32	19	124	31	2	221
251	3	32	24	124	31	2	221
251	3	32	26	124	31	2	126
251	3	32	27	124	31	2	139
251	3	32	30	124	31	2	188
251	3	33	4	124	31	2	195
251	3	33	6	124	31	2	1
251	3	33	11	124	31	3	inf
251	3	33	16	124	31	2	250
251	3	33	18	124	31	2	56
251	3	34	3	124	31	2	30
251	3	34	5	124	31	2	125
251	3	34	6	124	31	2	112
251	3	34	9	124	31	2	63
251	3	34	11	124	31	2	155
251	3	34	13	124	31	3	inf
251	3	34	15	124	31	3	inf
251	3	34	16	124	31	3	134
251	3	34	21	124	31	2	155
251	3	34	23	124	31	2	63
251	3	34	26	124	31	2	112
251	3	34	27	124	31	2	125
251	3	34	29	124	31	2	30
251	3	35	14	124	31	2	56
251	3	35	16	124	31	2	250
251	3	35	21	124	31	3	inf
251	3	35	26	124	31	2	1
251	3	35	28	124	31	2	195
251	3	36	0	124	31	2	96
251	3	36	2	124	31	2	188
251	3	36	5	124	31	2	139
251	3	36	6	124	31	2	126
251	3	36	8	124	31	2	221
251	3	36	13	124	31	2	221
251	3	36	15	124	31	2	126
251	3	36	16	124	31	2	139
251	3	36	19	124	31	2	188
251	3	36	21	124	31	2	96
251	3	36	26	124	31	3	117
251	3	37	0	124	31	3	inf
251	3	37	5	124	31	2	250
251	3	37	7	124	31	2	56
251	3	37	24	124	31	2	195
251	3	37	26	124	31	2	1
251	3	38	0	124	31	2	155
251	3	38	2	124	31	3	inf
251	3	38	4	124	31	3	inf
251	3	38	5	124	31	3	134
251	3	38	10	124	31	2	155
251	3	38	12	124	31	2	63
251	3	38	15	124	31	2	112
251	3	38	16	124	31	2	125
251	3	38	18	124	31	2	30
251	3	38	23	124	31	2	30
251	3	38	25	124	31	2	125
251	3	38	26	124	31	2	112
251	3	38	29	124	31	2	63
251	3	39	3	124	31	2	56
251	3	39	5	124	31	2	250
251	3	39	10	124	31	3	inf
251	3	39	15	124	31	2	1
251	3	39	17	124	31	2	195
251	3	40	2	124	31	2	221
251	3	40	4	124	31	2	126
251	3	40	5	124	31	2	139
251	3	40	8	124	31	2	188
251	3	40	10	124	31	2	96
251	3	40	15	124	31	3	117
251	3	40	20	124	31	2	96
251	3	40	22	124	31	2	188
251	3	40	25	124	31	2	139
251	3	40	26	124	31	2	126
251	3	40	28	124	31	2	221
251	3	41	13	124	31	2	195
251	3	41	15	124	31	2	1
251	3	41	20	124	31	3	inf
251	3	41	25	124	31	2	250
251	3	41	27	124	31	2	56
251	3	42	1	124	31	2	63
251	3	42	4	124	31	2	112
251	3	42	5	124	31	2	125
251	3	42	7	124	31	2	30
251	3	42	12	124	31	2	30
251	3	42	14	124	31	2	125
251	3	42	15	124	31	2	112
251	3	42	18	124	31	2	63
251	3	42	20	124	31	2	155
251	3	42	22	124	31	3	inf
251	3	42	24	124	31	3	inf
251	3	42	25	124	31	3	134
251	3	42	30	124	31	2	155
251	3	43	4	124	31	2	1
251	3	43	6	124	31	2	195
251	3	43	23	124	31	2	56
251	3	43	25	124	31	2	250
251	3	43	30	124	31	3	inf
251	3	44	4	124	31	3	117
251	3	44	9	124	31	2	96
251	3	44	11	124	31	2	188
251	3	44	14	124	31	2	139
251	3	44	15	124	31	2	126
251	3	44	17	124	31	2	221
251	3	44	22	124	31	2	221
251	3	44	24	124	31	2	126
251	3	44	25	124	31	2	139
251	3	44	28	124	31	2	188
251	3	44	30	124	31	2	96
251	3	45	2	124	31	2	195
251	3	45	4	124	31	2	1
251	3	45	9	124	31	3	inf
251	3	45	14	124	31	2	250
251	3	45	16	124	31	2	56
251	3	46	1	124	31	2	30
251	3	46	3	124	31	2	125
251	3	46	4	124	31	2	112
251	3	46	7	124	31	2	63
251	3	46	9	124	31	2	155
251	3	46	11	124	31	3	inf
251	3	46	13	124	31	3	inf
251	3	46	14	124	31	3	134
251	3	46	19	124	31	2	155
251	3	46	21	124	31	2	63
251	3	46	24	124	31	2	112
251	3	46	25	124	31	2	125
251	3	46	27	124	31	2	30
251	3	47	12	124	31	2	56
251	3	47	14	124	31	2	250
251	3	47	19	124	31	3	inf
251	3	47	24	124	31	2	1
251	3	47	26	124	31	2	195
251	3	48	0	124	31	2	188
251	3	48	3	124	31	2	139
251	3	48	4	124	31	2	126
251	3	48	6	124	31	2	221
251	3	48	11	124	31	2	221
251	3	48	13	124	31	2	126
251	3	48	14	124	31	2	139
251	3	48	17	124	31	2	188
251	3	48	19	124	31	2	96
251	3	48	24	124	31	3	117
251	3	48	29	124	31	2	96
251	3	49	3	124	31	2	250
251	3	49	5	124	31	2	56
251	3	49	22	124	31	2	195
251	3	49	24	124	31	2	1
251	3	49	29	124	31	3	inf
251	3	50	0	124	31	3	inf
251	3	50	2	124	31	3	inf
251	3	50	3	124	31	3	134
251	3	50	8	124	31	2	155
251	3	50	10	124	31	2	63
251	3	50	13	124	31	2	112
251	3	50	14	124	31	2	125
251	3	50	16	124	31	2	30
251	3	50	21	124	31	2	30
251	3	50	23	124	31	2	125
251	3	50	24	124	31	2	112
251	3	50	27	124	31	2	63
251	3	50	29	124	31	2	155
251	3	51	1	124	31	2	56
251	3	51	3	124	31	2	250
251	3	51	8	124	31	3	inf
251	3	51	13	124	31	2	1
251	3	51	15	124	31	2	195
251	3	52	0	124	31	2	221
251	3	52	2	124	31	2	126
251	3	52	3	124	31	2	139
251	3	52	6	124	31	2	188
251	3	52	8	124	31	2	96
251	3	52	13	124	31	3	117
251	3	52	18	124	31	2	96
251	3	52	20	124	31	2	188
251	3	52	23	124	31	2	139
251	3	52	24	124	31	2	126
251	3	52	26	124	31	2	221
251	3	53	11	124	31	2	195
251	3	53	13	124	31	2	1
251	3	53	18	124	31	3	inf
251	3	53	23	124	31	2	250
251	3	53	25	124	31	2	56
251	3	54	2	124	31	2	112
251	3	54	3	124	31	2	125
251	3	54	5	124	31	2	30
251	3	54	10	124	31	2	30
251	3	54	12	124	31	2	125
251	3	54	13	124	31	2	112
251	3	54	16	124	31	2	63
251	3	54	18	124	31	2	155
251	3	54	20	124	31	3	inf
251	3	54	22	124	31	3	inf
251	3	54	23	124	31	3	134
251	3	54	28	124	31	2	155
251	3	54	30	124	31	2	63
251	3	55	2	124	31	2	1
251	3	55	4	124	31	2	195
251	3	55	21	124	31	2	56
251	3	55	23	124	31	2	250
251	3	55	28	124	31	3	inf
251	3	56	2	124	31	3	117
251	3	56	7	124	31	2	96
251	3	56	9	124	31	2	188
251	3	56	12	124	31	2	139
251	3	56	13	124	31	2	126
251	3	56	15	124	31	2	221
251	3	56	20	124	31	2	221
251	3	56	22	124	31	2	126
251	3	56	23	124	31	2	139
251	3	56	26	124	31	2	188
251	3	56	28	124	31	2	96
251	3	57	0	124	31	2	195
251	3	57	2	124	31	2	1
251	3	57	7	124	31	3	inf
251	3	57	12	124	31	2	250
251	3	57	14	124	31	2	56
251	3	58	1	124	31	2	125
251	3	58	2	124	31	2	112
251	3	58	5	124	31	2	63
251	3	58	7	124	31	2	155
251	3	58	9	124	31	3	inf
251	3	58	11	124	31	3	inf
251	3	58	12	124	31	3	134
251	3	58	17	124	31	2	155
251	3	58	19	124	31	2	63
251	3	58	22	124	31	2	112
251	3	58	23	124	31	2	125
251	3	58	25	124	31	2	30
251	3	58	30	124	31	2	30
251	3	59	10	124	31	2	56
251	3	59	12	124	31	2	250
251	3	59	17	124	31	3	inf
251	3	59	22	124	31	2	1
251	3	59	24	124	31	2	195
251	3	60	1	124	31	2	139
251	3	60	2	124	31	2	126
251	3	60	4	124	31	2	221
251	3	60	9	124	31	2	221
251	3	60	11	124	31	2	126
251	3	60	12	124	31	2	139
251	3	60	15	124	31	2	188
251	3	60	17	124	31	2	96
251	3	60	22	124	31	3	117
251	3	60	27	124	31	2	96
251	3	60	29	124	31	2	188
251	3	61	1	124	31	2	250
251	3	61	3	124	31	2	56
251	3	61	20	124	31	2	195
251	3	61	22	124	31	2	1
251	3	61	27	124	31	3	inf
251	3	62	0	124	31	3	inf
251	3	62	1	124	31	3	134
251	3	62	6	124	31	2	155
251	3	62	8	124	31	2	63
251	3	62	11	124	31	2	112
251	3	62	12	124	31	2	125
251	3	62	14	124	31	2	30
251	3	62	19	124	31	2	30
251	3	62	21	124	31	2	125
251	3	62	22	124	31	2	112
251	3	62	25	124	31	2	63
251	3	62	27	124	31	2	155
251	3	62	29	124	31	3	inf
251	3	63	1	124	31	2	250
251	3	63	6	124	31	3	inf
251	3	63	11	124	31	2	1
251	3	63	13	124	31	2	195
251	3	63	30	124	31	2	56
251	3	64	0	124	31	2	126
251	3	64	1	124	31	2	139
251	3	64	4	124	31	2	188
251	3	64	6	124	31	2	96
251	3	64	11	124	31	3	117
251	3	64	16	124	31	2	96
251	3	64	18	124	31	2	188
251	3	64	21	124	31	2	139
251	3	64	22	124	31	2	126
251	3	64	24	124	31	2	221
251	3	64	29	124	31	2	221
251	3	65	9	124	31	2	195
251	3	65	11	124	31	2	1
251	3	65	16	124	31	3	inf
251	3	65	21	124	31	2	250
251	3	65	23	124	31	2	56
251	3	66	0	124	31	2	112
251	3	66	1	124	31	2	125
251	3	66	3	124	31	2	30
251	3	66	8	124	31	2	30
251	3	66	10	124	31	2	125
251	3	66	11	124	31	2	112
251	3	66	14	124	31	2	63
251	3	66	16	124	31	2	155
251	3	66	18	124	31	3	inf
251	3	66	20	124	31	3	inf
251	3	66	21	124	31	3	134
251	3	66	26	124	31	2	155
251	3	66	28	124	31	2	63
251	3	67	0	124	31	2	1
251	3	67	2	124	31	2	195
251	3	67	19	124	31	2	56
251	3	67	21	124	31	2	250
251	3	67	26	124	31	3	inf
251	3	68	0	124	31	3	117
251	3	68	5	124	31	2	96
251	3	68	7	124	31	2	188
251	3	68	10	124	31	2	139
251	3	68	11	124	31	2	126
251	3	68	13	124	31	2	221
251	3	68	18	124	31	2	221
251	3	68	20	124	31	2	126
251	3	68	21	124	31	2	139
251	3	68	24	124	31	2	188
251	3	68	26	124	31	2	96
251	3	69	0	124	31	2	1
251	3	69	5	124	31	3	inf
251	3	69	10	124	31	2	250
251	3	69	12	124	31	2	56
251	3	69	29	124	31	2	195
251	3	70	0	124	31	2	112
251	3	70	3	124	31	2	63
251	3	70	5	124	31	2	155
251	3	70	7	124	31	3	inf
251	3	70	9	124	31	3	inf
251	3	70	10	124	31	3	134
251	3	70	15	124	31	2	155
251	3	70	17	124	31	2	63
251	3	70	20	124	31	2	112
251	3	70	21	124	31	2	125
251	3	70	23	124	31	2	30
251	3	70	28	124	31	2	30
251	3	70	30	124	31	2	125
251	3	71	8	124	31	2	56
251	3	71	10	124	31	2	250
251	3	71	15	124	31	3	inf
251	3	71	20	124	31	2	1
251	3	71	22	124	31	2	195
251	3	72	0	124	31	2	126
251	3	72	2	124	31	2	221
251	3	72	7	124	31	2	221
251	3	72	9	124	31	2	126
251	3	72	10	124	31	2	139
251	3	72	13	124	31	2	188
251	3	72	15	124	31	2	96
251	3	72	20	124	31	3	117
251	3	72	25	124	31	2	96
251	3	72	27	124	31	2	188
251	3	72	30	124	31	2	139
251	3	73	1	124	31	2	56
251	3	73	18	124	31	2	195
251	3	73	20	124	31	2	1
251	3	73	25	124	31	3	inf
251	3	73	30	124	31	2	250
251	3	74	4	124	31	2	155
251	3	74	6	124	31	2	63
251	3	74	9	124	31	2	112
251	3	74	10	124	31	2	125
251	3	74	12	124	31	2	30
251	3	74	17	124	31	2	30
251	3	74	19	124	31	2	125
251	3	74	20	124	31	2	112
251	3	74	23	124	31	2	63
251	3	74	25	124	31	2	155
251	3	74	27	124	31	3	inf
251	3	74	29	124	31	3	inf
251	3	74	30	124	31	3	134
251	3	75	4	124	31	3	inf
251	3	75	9	124	31	2	1
251	3	75	11	124	31	2	195
251	3	75	28	124	31	2	56
251	3	75	30	124	31	2	250
251	3	76	2	124	31	2	188
251	3	76	4	124	31	2	96
251	3	76	9	124	31	3	117
251	3	76	14	124	31	2	96
251	3	76	16	124	31	2	188
251	3	76	19	124	31	2	139
251	3	76	20	124	31	2	126
251	3	76	22	124	31	2	221
251	3	76	27	124	31	2	221
251	3	76	29	124	31	2	126
251	3	76	30	124	31	2	139
251	3	77	7	124	31	2	195
251	3	77	9	124	31	2	1
251	3	77	14	124	31	3	inf
251	3	77	19	124	31	2	250
251	3	77	21	124	31	2	56
251	3	78	1	124	31	2	30
251	3	78	6	124	31	2	30
251	3	78	8	124	31	2	125
251	3	78	9	124	31	2	112
251	3	78	12	124	31	2	63
251	3	78	14	124	31	2	155
251	3	78	16	124	31	3	inf
251	3	78	18	124	31	3	inf
251	3	78	19	124	31	3	134
251	3	78	24	124	31	2	155
251	3	78	26	124	31	2	63
251	3	78	29	124	31	2	112
251	3	78	30	124	31	2	125
251	3	79	0	124	31	2	195
251	3	79	17	124	31	2	56
251	3	79	19	124	31	2	250
251	3	79	24	124	31	3	inf
251	3	79	29	124	31	2	1
251	3	80	3	124	31	2	96
251	3	80	5	124	31	2	188
251	3	80	8	124	31	2	139
251	3	80	9	124	31	2	126
251	3	80	11	124	31	2	221
251	3	80	16	124	31	2	221
251	3	80	18	124	31	2	126
251	3	80	19	124	31	2	139
251	3	80	22	124	31	2	188
251	3	80	24	124	31	2	96
251	3	80	29	124	31	3	117
251	3	81	3	124	31	3	inf
251	3	81	8	124	31	2	250
251	3	81	10	124	31	2	56
251	3	81	27	124	31	2	195
251	3	81	29	124	31	2	1
251	3	82	1	124	31	2	63
251	3	82	3	124	31	2	155
251	3	82	5	124	31	3	inf
251	3	82	7	124	31	3	inf
251	3	82	8	124	31	3	134
251	3	82	13	124	31	2	155
251	3	82	15	124	31	2	63
251	3	82	18	124	31	2	112
251	3	82	19	124	31	2	125
251	3	82	21	124	31	2	30
251	3	82	26	124	31	2	30
251	3	82	28	124	31	2	125
251	3	82	29	124	31	2	112
251	3	83	6	124	31	2	56
251	3	83	8	124	31	2	250
251	3	83	13	124	31	3	inf
251	3	83	18	124	31	2	1
251	3	83	20	124	31	2	195
251	3	84	0	124	31	2	221
251	3	84	5	124	31	2	221
251	3	84	7	124	31	2	126
251	3	84	8	124	31	2	139
251	3	84	11	124	31	2	188
251	3	84	13	124	31	2	96
251	3	84	18	124	31	3	117
251	3	84	23	124	31	2	96
251	3	84	25	124	31	2	188
251	3	84	28	124	31	2	139
251	3	84	29	124	31	2	126
251	3	85	16	124	31	2	195
251	3	85	18	124	31	2	1
251	3	85	23	124	31	3	inf
251	3	85	28	124	31	2	250
251	3	85	30	124	31	2	56
251	3	86	2	124	31	2	155
251	3	86	4	124	31	2	63
251	3	86	7	124	31	2	112
251	3	86	8	124	31	2	125
251	3	86	10	124	31	2	30
251	3	86	15	124	31	2	30
251	3	86	17	124	31	2	125
251	3	86	18	124	31	2	112
251	3	86	21	124	31	2	63
251	3	86	23	124	31	2	155
251	3	86	25	124	31	3	inf
251	3	86	27	124	31	3	inf
251	3	86	28	124	31	3	134
251	3	87	2	124	31	3	inf
251	3	87	7	124	31	2	1
251	3	87	9	124	31	2	195
251	3	87	26	124	31	2	56
251	3	87	28	124	31	2	250
251	3	88	0	124	31	2	188
251	3	88	2	124	31	2	96
251	3	88	7	124	31	3	117
251	3	88	12	124	31	2	96
251	3	88	14	124	31	2	188
251	3	88	17	124	31	2	139
251	3	88	18	124	31	2	126
251	3	88	20	124	31	2	221
251	3	88	25	124	31	2	221
251	3	88	27	124	31	2	126
251	3	88	28	124	31	2	139
251	3	89	5	124	31	2	195
251	3	89	7	124	31	2	1
251	3	89	12	124	31	3	inf
251	3	89	17	124	31	2	250
251	3	89	19	124	31	2	56
251	3	90	4	124	31	2	30
251	3	90	6	124	31	2	125
251	3	90	7	124	31	2	112
251	3	90	10	124	31	2	63
251	3	90	12	124	31	2	155
251	3	90	14	124	31	3	inf
251	3	90	16	124	31	3	inf
251	3	90	17	124	31	3	134
251	3	90	22	124	31	2	155
251	3	90	24	124	31	2	63
251	3	90	27	124	31	2	112
251	3	90	28	124	31	2	125
251	3	90	30	124	31	2	30
251	3	91	15	124	31	2	56
251	3	91	17	124	31	2	250
251	3	91	22	124	31	3	inf
251	3	91	27	124	31	2	1
251	3	91	29	124	31	2	195
251	3	92	1	124	31	2	96
251	3	92	3	124	31	2	188
251	3	92	6	124	31	2	139
251	3	92	7	124	31	2	126
251	3	92	9	124	31	2	221
251	3	92	14	124	31	2	221
251	3	92	16	124	31	2	126
251	3	92	17	124	31	2	139
251	3	92	20	124	31	2	188
251	3	92	22	124	31	2	96
251	3	92	27	124	31	3	117
251	3	93	1	124	31	3	inf
251	3	93	6	124	31	2	250
251	3	93	8	124	31	2	56
251	3	93	25	124	31	2	195
251	3	93	27	124	31	2	1
251	3	94	1	124	31	2	155
251	3	94	3	124	31	3	inf
251	3	94	5	124	31	3	inf
251	3	94	6	124	31	3	134
251	3	94	11	124	31	2	155
251	3	94	13	124	31	2	63
251	3	94	16	124	31	2	112
251	3	94	17	124	31	2	125
251	3	94	19	124	31	2	30
251	3	94	24	124	31	2	30
251	3	94	26	124	31	2	125
251	3	94	27	124	31	2	112
251	3	94	30	124	31	2	63
251	3	95	4	124	31	2	56
251	3	95	6	124	31	2	250
251	3	95	11	124	31	3	inf
251	3	95	16	124	31	2	1
251	3	95	18	124	31	2	195
251	3	96	3	124	31	2	221
251	3	96	5	124	31	2	126
251	3	96	6	124	31	2	139
251	3	96	9	124	31	2	188
251	3	96	11	124	31	2	96
251	3	96	16	124	31	3	117
251	3	96	21	124	31	2	96
251	3	96	23	124	31	2	188
251	3	96	26	124	31	2	139
251	3	96	27	124	31	2	126
251	3	96	29	124	31	2	221
251	3	97	14	124	31	2	195
251	3	97	16	124	31	2	1
251	3	97	21	124	31	3	inf
251	3	97	26	124	31	2	250
251	3	97	28	124	31	2	56
251	3	98	0	124	31	2	155
251	3	98	2	124	31	2	63
251	3	98	5	124	31	2	112
251	3	98	6	124	31	2	125
251	3	98	8	124	31	2	30
251	3	98	13	124	31	2	30
251	3	98	15	124	31	2	125
251	3	98	16	124	31	2	112
251	3	98	19	124	31	2	63
251	3	98	21	124	31	2	155
251	3	98	23	124	31	3	inf
251	3	98	25	124	31	3	inf
251	3	98	26	124	31	3	134
251	3	99	0	124	31	3	inf
251	3	99	5	124	31	2	1
251	3	99	7	124	31	2	195
251	3	99	24	124	31	2	56
251	3	99	26	124	31	2	250
251	3	100	0	124	31	2	96
251	3	100	5	124	31	3	117
251	3	100	10	124	31	2	96
251	3	100	12	124	31	2	188
251	3	100	15	124	31	2	139
251	3	100	16	124	31	2	126
251	3	100	18	124	31	2	221
251	3	100	23	124	31	2	221
251	3	100	25	124	31	2	126
251	3	100	26	124	31	2	139
251	3	100	29	124	31	2	188
251	3	101	3	124	31	2	195
251	3	101	5	124	31	2	1
251	3	101	10	124	31	3	inf
251	3	101	15	124	31	2	250
251	3	101	17	124	31	2	56
251	3	102	2	124	31	2	30
251	3	102	4	124	31	2	125
251	3	102	5	124	31	2	112
251	3	102	8	124	31	2	63
251	3	102	10	124	31	2	155
251	3	102	12	124	31	3	inf
251	3	102	14	124	31	3	inf
251	3	102	15	124	31	3	134
251	3	102	20	124	31	2	155
251	3	102	22	124	31	2	63
251	3	102	25	124	31	2	112
251	3	102	26	124	31	2	125
251	3	102	28	124	31	2	30
251	3	103	13	124	31	2	56
251	3	103	15	124	31	2	250
251	3	103	20	124	31	3	inf
251	3	103	25	124	31	2	1
251	3	103	27	124	31	2	195
251	3	104	1	124	31	2	188
251	3	104	4	124	31	2	139
251	3	104	5	124	31	2	126
251	3	104	7	124	31	2	221
251	3	104	12	124	31	2	221
251	3	104	14	124	31	2	126
251	3	104	15	124	31	2	139
251	3	104	18	124	31	2	188
251	3	104	20	124	31	2	96
251	3	104	25	124	31	3	117
251	3	104	30	124	31	2	96
251	3	105	4	124	31	2	250
251	3	105	6	124	31	2	56
251	3	105	23	124	31	2	195
251	3	105	25	124	31	2	1
251	3	105	30	124	31	3	inf
251	3	106	1	124	31	3	inf
251	3	106	3	124	31	3	inf
251	3	106	4	124	31	3	134
251	3	106	9	124	31	2	155
251	3	106	11	124	31	2	63
251	3	106	14	124	31	2	112
251	3	106	15	124	31	2	125
251	3	106	17	124	31	2	30
251	3	106	22	124	31	2	30
251	3	106	24	124	31	2	125
251	3	106	25	124	31	2	112
251	3	106	28	124	31	2	63
251	3	106	30	124	31	2	155
251	3	107	2	124	31	2	56
251	3	107	4	124	31	2	250
251	3	107	9	124	31	3	inf
251	3	107	14	124	31	2	1
251	3	107	16	124	31	2	195
251	3	108	1	124	31	2	221
251	3	108	3	124	31	2	126
251	3	108	4	124	31	2	139
251	3	108	7	124	31	2	188
251	3	108	9	124	31	2	96
251	3	108	14	124	31	3	117
251	3	108	19	124	31	2	96
251	3	108	21	124	31	2	188
251	3	108	24	124	31	2	139
251	3	108	25	124	31	2	126
251	3	108	27	124	31	2	221
251	3	109	12	124	31	2	195
251	3	109	14	124	31	2	1
251	3	109	19	124	31	3	inf
251	3	109	24	124	31	2	250
251	3	109	26	124	31	2	56
251	3	110	0	124	31	2	63
251	3	110	3	124	31	2	112
251	3	110	4	124	31	2	125
251	3	110	6	124	31	2	30
251	3	110	11	124	31	2	30
251	3	110	13	124	31	2	125
251	3	110	14	124	31	2	112
251	3	110	17	124	31	2	63
251	3	110	19	124	31	2	155
251	3	110	21	124	31	3	inf
251	3	110	23	124	31	3	inf
251	3	110	24	124	31	3	134
251	3	110	29	124	31	2	155
251	3	111	3	124	31	2	1
251	3	111	5	124	31	2	195
251	3	111	22	124	31	2	56
251	3	111	24	124	31	2	250
251	3	111	29	124	31	3	inf
251	3	112	3	124	31	3	117
251	3	112	8	124	31	2	96
251	3	112	10	124	31	2	188
251	3	112	13	124	31	2	139
251	3	112	14	124	31	2	126
251	3	112	16	124	31	2	221
251	3	112	21	124	31	2	221
251	3	112	23	124	31	2	126
251	3	112	24	124	31	2	139
251	3	112	27	124	31	2	188
251	3	112	29	124	31	2	96
251	3	113	1	124	31	2	195
251	3	113	3	124	31	2	1
251	3	113	8	124	31	3	inf
251	3	113	13	124	31	2	250
251	3	113	15	124	31	2	56
251	3	114	0	124	31	2	30
251	3	114	2	124	31	2	125
251	3	114	3	124	31	2	112
251	3	114	6	124	31	2	63
251	3	114	8	124	31	2	155
251	3	114	10	124	31	3	inf
251	3	114	12	124	31	3	inf
251	3	114	13	124	31	3	134
251	3	114	18	124	31	2	155
251	3	114	20	124	31	2	63
251	3	114	23	124	31	2	112
251	3	114	24	124	31	2	125
251	3	114	26	124	31	2	30
251	3	115	11	124	31	2	56
251	3	115	13	124	31	2	250
251	3	115	18	124	31	3	inf
251	3	115	23	124	31	2	1
251	3	115	25	124	31	2	195
251	3	116	2	124	31	2	139
251	3	116	3	124	31	2	126
251	3	116	5	124	31	2	221
251	3	116	10	124	31	2	221
251	3	116	12	124	31	2	126
251	3	116	13	124	31	2	139
251	3	116	16	124	31	2	188
251	3	116	18	124	31	2	96
251	3	116	23	124	31	3	117
251	3	116	28	124	31	2	96
251	3	116	30	124	31	2	188
251	3	117	2	124	31	2	250
251	3	117	4	124	31	2	56
251	3	117	21	124	31	2	195
251	3	117	23	124	31	2	1
251	3	117	28	124	31	3	inf
251	3	118	1	124	31	3	inf
251	3	118	2	124	31	3	134
251	3	118	7	124	31	2	155
251	3	118	9	124	31	2	63
251	3	118	12	124	31	2	112
251	3	118	13	124	31	2	125
251	3	118	15	124	31	2	30
251	3	118	20	124	31	2	30
251	3	118	22	124	31	2	125
251	3	118	23	124	31	2	112
251	3	118	26	124	31	2	63
251	3	118	28	124	31	2	155
251	3	118	30	124	31	3	inf
251	3	119	0	124	31	2	56
251	3	119	2	124	31	2	250
251	3	119	7	124	31	3	inf
251	3	119	12	124	31	2	1
251	3	119	14	124	31	2	195
251	3	120	1	124	31	2	126
251	3	120	2	124	31	2	139
251	3	120	5	124	31	2	188
251	3	120	7	124	31	2	96
251	3	120	12	124	31	3	117
251	3	120	17	124	31	2	96
251	3	120	19	124	31	2	188
251	3	120	22	124	31	2	139
251	3	120	23	124	31	2	126
251	3	120	25	124	31	2	221
251	3	120	30	124	31	2	221
251	3	121	10	124	31	2	195
251	3	121	12	124	31	2	1
251	3	121	17	124	31	3	inf
251	3	121	22	124	31	2	250
251	3	121	24	124	31	2	56
251	3	122	1	124	31	2	112
251	3	122	2	124	31	2	125
251	3	122	4	124	31	2	30
251	3	122	9	124	31	2	30
251	3	122	11	124	31	2	125
251	3	122	12	124	31	2	112
251	3	122	15	124	31	2	63
251	3	122	17	124	31	2	155
251	3	122	19	124	31	3	inf
251	3	122	21	124	31	3	inf
251	3	122	22	124	31	3	134
251	3	122	27	124	31	2	155
251	3	122	29	124	31	2	63
251	3	123	1	124	31	2	1
251	3	123	3	124	31	2	195
251	3	123	20	124	31	2	56
251	3	123	22	124	31	2	250
251	3	123	27	124	31	3	inf
251	4	0	1	124	31	3	inf
251	4	0	6	124	31	2	250
251	4	0	8	124	31	2	56
251	4	0	25	124	31	2	195
251	4	0	27	124	31	2	1
251	4	1	1	124	31	2	155
251	4	1	3	124	31	3	inf
251	4	1	5	124	31	3	inf
251	4	1	6	124	31	3	134
251	4	1	11	124	31	2	155
251	4	1	13	124	31	2	63
251	4	1	16	124	31	2	112
251	4	1	17	124	31	2	125
251	4	1	19	124	31	2	30
251	4	1	24	124	31	2	30
251	4	1	26	124	31	2	125
251	4	1	27	124	31	2	112
251	4	1	30	124	31	2	63
251	4	2	4	124	31	2	56
251	4	2	6	124	31	2	250
251	4	2	11	124	31	3	inf
251	4	2	16	124	31	2	1
251	4	2	18	124	31	2	195
251	4	3	3	124	31	2	221
251	4	3	5	124	31	2	126
251	4	3	6	124	31	2	139
251	4	3	9	124	31	2	188
251	4	3	11	124	31	2	96
251	4	3	16	124	31	3	117
251	4	3	21	124	31	2	96
251	4	3	23	124	31	2	188
251	4	3	26	124	31	2	139
251	4	3	27	124	31	2	126
251	4	3	29	124	31	2	221
251	4	4	14	124	31	2	195
251	4	4	16	124	31	2	1
251	4	4	21	124	31	3	inf
251	4	4	26	124	31	2	250
251	4	4	28	124	31	2	56
251	4	5	0	124	31	2	155
251	4	5	2	124	31	2	63
251	4	5	5	124	31	2	112
251	4	5	6	124	31	2	125
251	4	5	8	124	31	2	30
251	4	5	13	124	31	2	30
251	4	5	15	124	31	2	125
251	4	5	16	124	31	2	112
251	4	5	19	124	31	2	63
251	4	5	21	124	31	2	155
251	4	5	23	124	31	3	inf
251	4	5	25	124	31	3	inf
251	4	5	26	124	31	3	134
251	4	6	0	124	31	3	inf
251	4	6	5	124	31	2	1
251	4	6	7	124	31	2	195
251	4	6	24	124	31	2	56
251	4	6	26	124	31	2	250
251	4	7	0	124	31	2	96
251	4	7	5	124	31	3	117
251	4	7	10	124	31	2	96
251	4	7	12	124	31	2	188
251	4	7	15	124	31	2	139
251	4	7	16	124	31	2	126
251	4	7	18	124	31	2	221
251	4	7	23	124	31	2	221
251	4	7	25	124	31	2	126
251	4	7	26	124	31	2	139
251	4	7	29	124	31	2	188
251	4	8	3	124	31	2	195
251	4	8	5	124	31	2	1
251	4	8	10	124	31	3	inf
251	4	8	15	124	31	2	250
251	4	8	17	124	31	2	56
251	4	9	2	124	31	2	30
251	4	9	4	124	31	2	125
251	4	9	5	124	31	2	112
251	4	9	8	124	31	2	63
251	4	9	10	124	31	2	155
251	4	9	12	124	31	3	inf
251	4	9	14	124	31	3	inf
251	4	9	15	124	31	3	134
251	4	9	20	124	31	2	155
251	4	9	22	124	31	2	63
251	4	9	25	124	31	2	112
251	4	9	26	124	31	2	125
251	4	9	28	124	31	2	30
251	4	10	13	124	31	2	56
251	4	10	15	124	31	2	250
251	4	10	20	124	31	3	inf
251	4	10	25	124	31	2	1
251	4	10	27	124	31	2	195
251	4	11	1	124	31	2	188
251	4	11	4	124	31	2	139
251	4	11	5	124	31	2	126
251	4	11	7	124	31	2	221
251	4	11	12	124	31	2	221
251	4	11	14	124	31	2	126
251	4	11	15	124	31	2	139
251	4	11	18	124	31	2	188
251	4	11	20	124	31	2	96
251	4	11	25	124	31	3	117
251	4	11	30	124	31	2	96
251	4	12	4	124	31	2	250
251	4	12	6	124	31	2	56
251	4	12	23	124	31	2	195
251	4	12	25	124	31	2	1
251	4	12	30	124	31	3	inf
251	4	13	1	124	31	3	inf
251	4	13	3	124	31	3	inf
251	4	13	4	124	31	3	134
251	4	13	9	124	31	2	155
251	4	13	11	124	31	2	63
251	4	13	14	124	31	2	112
251	4	13	15	124	31	2	125
251	4	13	17	124	31	2	30
251	4	13	22	124	31	2	30
251	4	13	24	124	31	2	125
251	4	13	25	124	31	2	112
251	4	13	28	124	31	2	63
251	4	13	30	124	31	2	155
251	4	14	2	124	31	2	56
251	4	14	4	124	31	2	250
251	4	14	9	124	31	3	inf
251	4	14	14	124	31	2	1
251	4	14	16	124	31	2	195
251	4	15	1	124	31	2	221
251	4	15	3	124	31	2	126
251	4	15	4	124	31	2	139
251	4	15	7	124	31	2	188
251	4	15	9	124	31	2	96
251	4	15	14	124	31	3	117
251	4	15	19	124	31	2	96
251	4	15	21	124	31	2	188
251	4	15	24	124	31	2	139
251	4	15	25	124	31	2	126
251	4	15	27	124	31	2	221
251	4	16	12	124	31	2	195
251	4	16	14	124	31	2	1
251	4	16	19	124	31	3	inf
251	4	16	24	124	31	2	250
251	4	16	26	124	31	2	56
251	4	17	0	124	31	2	63
251	4	17	3	124	31	2	112
251	4	17	4	124	31	2	125
251	4	17	6	124	31	2	30
251	4	17	11	124	31	2	30
251	4	17	13	124	31	2	125
251	4	17	14	124	31	2	112
251	4	17	17	124	31	2	63
251	4	17	19	124	31	2	155
251	4	17	21	124	31	3	inf
251	4	17	23	124	31	3	inf
251	4	17	24	124	31	3	134
251	4	17	29	124	31	2	155
251	4	18	3	124	31	2	1
251	4	18	5	124	31	2	195
251	4	18	22	124	31	2	56
251	4	18	24	124	31	2	250
251	4	18	29	124	31	3	inf
251	4	19	3	124	31	3	117
251	4	19	8	124	31	2	96
251	4	19	10	124	31	2	188
251	4	19	13	124	31	2	139
251	4	19	14	124	31	2	126
251	4	19	16	124	31	2	221
251	4	19	21	124	31	2	221
251	4	19	23	124	31	2	126
251	4	19	24	124	31	2	139
251	4	19	27	124	31	2	188
251	4	19	29	124	31	2	96
251	4	20	1	124	31	2	195
251	4	20	3	124	31	2	1
251	4	20	8	124	31	3	inf
251	4	20	13	124	31	2	250
251	4	20	15	124	31	2	56
251	4	21	0	124	31	2	30
251	4	21	2	124	31	2	125
251	4	21	3	124	31	2	112
251	4	21	6	124	31	2	63
251	4	21	8	124	31	2	155
251	4	21	10	124	31	3	inf
251	4	21	12	124	31	3	inf
251	4	21	13	124	31	3	134
251	4	21	18	124	31	2	155
251	4	21	20	124	31	2	63
251	4	21	23	124	31	2	112
251	4	21	24	124	31	2	125
251	4	21	26	124	31	2	30
251	4	22	11	124	31	2	56
251	4	22	13	124	31	2	250
251	4	22	18	124	31	3	inf
251	4	22	23	124	31	2	1
251	4	22	25	124	31	2	195
251	4	23	2	124	31	2	139
251	4	23	3	124	31	2	126
251	4	23	5	124	31	2	221
251	4	23	10	124	31	2	221
251	4	23	12	124	31	2	126
251	4	23	13	124	31	2	139
251	4	23	16	124	31	2	188
251	4	23	18	124	31	2	96
251	4	23	23	124	31	3	117
251	4	23	28	124	31	2	96
251	4	23	30	124	31	2	188
251	4	24	2	124	31	2	250
251	4	24	4	124	31	2	56
251	4	24	21	124	31	2	195
251	4	24	23	124	31	2	1
251	4	24	28	124	31	3	inf
251	4	25	1	124	31	3	inf
251	4	25	2	124	31	3	134
251	4	25	7	124	31	2	155
251	4	25	9	124	31	2	63
251	4	25	12	124	31	2	112
251	4	25	13	124	31	2	125
251	4	25	15	124	31	2	30
251	4	25	20	124	31	2	30
251	4	25	22	124	31	2	125
251	4	25	23	124	31	2	112
251	4	25	26	124	31	2	63
251	4	25	28	124	31	2	155
251	4	25	30	124	31	3	inf
251	4	26	0	124	31	2	56
251	4	26	2	124	31	2	250
251	4	26	7	124	31	3	inf
251	4	26	12	124	31	2	1
251	4	26	14	124	31	2	195
251	4	27	1	124	31	2	126
251	4	27	2	124	31	2	139
251	4	27	5	124	31	2	188
251	4	27	7	124	31	2	96
251	4	27	12	124	31	3	117
251	4	27	17	124	31	2	96
251	4	27	19	124	31	2	188
251	4	27	22	124	31	2	139
251	4	27	23	124	31	2	126
251	4	27	25	124	31	2	221
251	4	27	30	124	31	2	221
251	4	28	10	124	31	2	195
251	4	28	12	124	31	2	1
251	4	28	17	124	31	3	inf
251	4	28	22	124	31	2	250
251	4	28	24	124	31	2	56
251	4	29	1	124	31	2	112
251	4	29	2	124	31	2	125
251	4	29	4	124	31	2	30
251	4	29	9	124	31	2	30
251	4	29	11	124	31	2	125
251	4	29	12	124	31	2	112
251	4	29	15	124	31	2	63
251	4	29	17	124	31	2	155
251	4	29	19	124	31	3	inf
251	4	29	21	124	31	3	inf
251	4	29	22	124	31	3	134
251	4	29	27	124	31	2	155
251	4	29	29	124	31	2	63
251	4	30	1	124	31	2	1
251	4	30	3	124	31	2	195
251	4	30	20	124	31	2	56
251	4	30	22	124	31	2	250
251	4	30	27	124	31	3	inf
251	4	31	1	124	31	3	117
251	4	31	6	124	31	2	96
251	4	31	8	124	31	2	188
251	4	31	11	124	31	2	139
251	4	31	12	124	31	2	126
251	4	31	14	124	31	2	221
251	4	31	19	124	31	2	221
251	4	31	21	124	31	2	126
251	4	31	22	124	31	2	139
251	4	31	25	124	31	2	188
251	4	31	27	124	31	2	96
251	4	32	1	124	31	2	1
251	4	32	6	124	31	3	inf
251	4	32	11	124	31	2	250
251	4	32	13	124	31	2	56
251	4	32	30	124	31	2	195
251	4	33	0	124	31	2	125
251	4	33	1	124	31	2	112
251	4	33	4	124	31	2	63
251	4	33	6	124	31	2	155
251	4	33	8	124	31	3	inf
251	4	33	10	124	31	3	inf
251	4	33	11	124	31	3	134
251	4	33	16	124	31	2	155
251	4	33	18	124	31	2	63
251	4	33	21	124	31	2	112
251	4	33	22	124	31	2	125
251	4	33	24	124	31	2	30
251	4	33	29	124	31	2	30
251	4	34	9	124	31	2	56
251	4	34	11	124	31	2	250
251	4	34	16	124	31	3	inf
251	4	34	21	124	31	2	1
251	4	34	23	124	31	2	195
251	4	35	0	124	31	2	139
251	4	35	1	124	31	2	126
251	4	35	3	124	31	2	221
251	4	35	8	124	31	2	221
251	4	35	10	124	31	2	126
251	4	35	11	124	31	2	139
251	4	35	14	124	31	2	188
251	4	35	16	124	31	2	96
251	4	35	21	124	31	3	117
251	4	35	26	124	31	2	96
251	4	35	28	124	31	2	188
251	4	36	0	124	31	2	250
251	4	36	2	124	31	2	56
251	4	36	19	124	31	2	195
251	4	36	21	124	31	2	1
251	4	36	26	124	31	3	inf
251	4	37	0	124	31	3	134
251	4	37	5	124	31	2	155
251	4	37	7	124	31	2	63
251	4	37	10	124	31	2	112
251	4	37	11	124	31	2	125
251	4	37	13	124	31	2	30
251	4	37	18	124	31	2	30
251	4	37	20	124	31	2	125
251	4	37	21	124	31	2	112
251	4	37	24	124	31	2	63
251	4	37	26	124	31	2	155
251	4	37	28	124	31	3	inf
251	4	37	30	124	31	3	inf
251	4	38	0	124	31	2	250
251	4	38	5	124	31	3	inf
251	4	38	10	124	31	2	1
251	4	38	12	124	31	2	195
251	4	38	29	124	31	2	56
251	4	39	0	124	31	2	139
251	4	39	3	124	31	2	188
251	4	39	5	124	31	2	96
251	4	39	10	124	31	3	117
251	4	39	15	124	31	2	96
251	4	39	17	124	31	2	188
251	4	39	20	124	31	2	139
251	4	39	21	124	31	2	126
251	4	39	23	124	31	2	221
251	4	39	28	124	31	2	221
251	4	39	30	124	31	2	126
251	4	40	8	124	31	2	195
251	4	40	10	124	31	2	1
251	4	40	15	124	31	3	inf
251	4	40	20	124	31	2	250
251	4	40	22	124	31	2	56
251	4	41	0	124	31	2	125
251	4	41	2	124	31	2	30
251	4	41	7	124	31	2	30
251	4	41	9	124	31	2	125
251	4	41	10	124	31	2	112
251	4	41	13	124	31	2	63
251	4	41	15	124	31	2	155
251	4	41	17	124	31	3	inf
251	4	41	19	124	31	3	inf
251	4	41	20	124	31	3	134
251	4	41	25	124	31	2	155
251	4	41	27	124	31	2	63
251	4	41	30	124	31	2	112
251	4	42	1	124	31	2	195
251	4	42	18	124	31	2	56
251	4	42	20	124	31	2	250
251	4	42	25	124	31	3	inf
251	4	42	30	124	31	2	1
251	4	43	4	124	31	2	96
251	4	43	6	124	31	2	188
251	4	43	9	124	31	2	139
251	4	43	10	124	31	2	126
251	4	43	12	124	31	2	221
251	4	43	17	124	31	2	221
251	4	43	19	124	31	2	126
251	4	43	20	124	31	2	139
251	4	43	23	124	31	2	188
251	4	43	25	124	31	2	96
251	4	43	30	124	31	3	117
251	4	44	4	124	31	3	inf
251	4	44	9	124	31	2	250
251	4	44	11	124	31	2	56
251	4	44	28	124	31	2	195
251	4	44	30	124	31	2	1
251	4	45	2	124	31	2	63
251	4	45	4	124	31	2	155
251	4	45	6	124	31	3	inf
251	4	45	8	124	31	3	inf
251	4	45	9	124	31	3	134
251	4	45	14	124	31	2	155
251	4	45	16	124	31	2	63
251	4	45	19	124	31	2	112
251	4	45	20	124	31	2	125
251	4	45	22	124	31	2	30
251	4	45	27	124	31	2	30
251	4	45	29	124	31	2	125
251	4	45	30	124	31	2	112
251	4	46	7	124	31	2	56
251	4	46	9	124	31	2	250
251	4	46	14	124	31	3	inf
251	4	46	19	124	31	2	1
251	4	46	21	124	31	2	195
251	4	47	1	124	31	2	221
251	4	47	6	124	31	2	221
251	4	47	8	124	31	2	126
251	4	47	9	124	31	2	139
251	4	47	12	124	31	2	188
251	4	47	14	124	31	2	96
251	4	47	19	124	31	3	117
251	4	47	24	124	31	2	96
251	4	47	26	124	31	2	188
251	4	47	29	124	31	2	139
251	4	47	30	124	31	2	126
251	4	48	0	124	31	2	56
251	4	48	17	124	31	2	195
251	4	48	19	124	31	2	1
251	4	48	24	124	31	3	inf
251	4	48	29	124	31	2	250
251	4	49	3	124	31	2	155
251	4	49	5	124	31	2	63
251	4	49	8	124	31	2	112
251	4	49	9	124	31	2	125
251	4	49	11	124	31	2	30
251	4	49	16	124	31	2	30
251	4	49	18	124	31	2	125
251	4	49	19	124	31	2	112
251	4	49	22	124	31	2	63
251	4	49	24	124	31	2	155
251	4	49	26	124	31	3	inf
251	4	49	28	124	31	3	inf
251	4	49	29	124	31	3	134
251	4	50	3	124	31	3	inf
251	4	50	8	124	31	2	1
251	4	50	10	124	31	2	195
251	4	50	27	124	31	2	56
251	4	50	29	124	31	2	250
251	4	51	1	124	31	2	188
251	4	51	3	124	31	2	96
251	4	51	8	124	31	3	117
251	4	51	13	124	31	2	96
251	4	51	15	124	31	2	188
251	4	51	18	124	31	2	139
251	4	51	19	124	31	2	126
251	4	51	21	124	31	2	221
251	4	51	26	124	31	2	221
251	4	51	28	124	31	2	126
251	4	51	29	124	31	2	139
251	4	52	6	124	31	2	195
251	4	52	8	124	31	2	1
251	4	52	13	124	31	3	inf
251	4	52	18	124	31	2	250
251	4	52	20	124	31	2	56
251	4	53	0	124	31	2	30
251	4	53	5	124	31	2	30
251	4	53	7	124	31	2	125
251	4	53	8	124	31	2	112
251	4	53	11	124	31	2	63
251	4	53	13	124	31	2	155
251	4	53	15	124	31	3	inf
251	4	53	17	124	31	3	inf
251	4	53	18	124	31	3	134
251	4	53	23	124	31	2	155
251	4	53	25	124	31	2	63
251	4	53	28	124	31	2	112
251	4	53	29	124	31	2	125
251	4	54	16	124	31	2	56
251	4	54	18	124	31	2	250
251	4	54	23	124	31	3	inf
251	4	54	28	124	31	2	1
251	4	54	30	124	31	2	195
251	4	55	2	124	31	2	96
251	4	55	4	124	31	2	188
251	4	55	7	124	31	2	139
251	4	55	8	124	31	2	126
251	4	55	10	124	31	2	221
251	4	55	15	124	31	2	221
251	4	55	17	124	31	2	126
251	4	55	18	124	31	2	139
251	4	55	21	124	31	2	188
251	4	55	23	124	31	2	96
251	4	55	28	124	31	3	117
251	4	56	2	124	31	3	inf
251	4	56	7	124	31	2	250
251	4	56	9	124	31	2	56
251	4	56	26	124	31	2	195
251	4	56	28	124	31	2	1
251	4	57	0	124	31	2	63
251	4	57	2	124	31	2	155
251	4	57	4	124	31	3	inf
251	4	57	6	124	31	3	inf
251	4	57	7	124	31	3	134
251	4	57	12	124	31	2	155
251	4	57	14	124	31	2	63
251	4	57	17	124	31	2	112
251	4	57	18	124	31	2	125
251	4	57	20	124	31	2	30
251	4	57	25	124	31	2	30
251	4	57	27	124	31	2	125
251	4	57	28	124	31	2	112
251	4	58	5	124	31	2	56
251	4	58	7	124	31	2	250
251	4	58	12	124	31	3	inf
251	4	58	17	124	31	2	1
251	4	58	19	124	31	2	195
251	4	59	4	124	31	2	221
251	4	59	6	124	31	2	126
251	4	59	7	124	31	2	139
251	4	59	10	124	31	2	188
251	4	59	12	124	31	2	96
251	4	59	17	124	31	3	117
251	4	59	22	124	31	2	96
251	4	59	24	124	31	2	188
251	4	59	27	124	31	2	139
251	4	59	28	124	31	2	126
251	4	59	30	124	31	2	221
251	4	60	15	124	31	2	195
251	4	60	17	124	31	2	1
251	4	60	22	124	31	3	inf
251	4	60	27	124	31	2	250
251	4	60	29	124	31	2	56
251	4	61	1	124	31	2	155
251	4	61	3	124	31	2	63
251	4	61	6	124	31	2	112
251	4	61	7	124	31	2	125
251	4	61	9	124	31	2	30
251	4	61	14	124	31	2	30
251	4	61	16	124	31	2	125
251	4	61	17	124	31	2	112
251	4	61	20	124	31	2	63
251	4	61	22	124	31	2	155
251	4	61	24	124	31	3	inf
251	4	61	26	124	31	3	inf
251	4	61	27	124	31	3	134
251	4	62	1	124	31	3	inf
251	4	62	6	124	31	2	1
251	4	62	8	124	31	2	195
251	4	62	25	124	31	2	56
251	4	62	27	124	31	2	250
251	4	63	1	124	31	2	96
251	4	63	6	124	31	3	117
251	4	63	11	124	31	2	96
251	4	63	13	124	31	2	188
251	4	63	16	124	31	2	139
251	4	63	17	124	31	2	126
251	4	63	19	124	31	2	221
251	4	63	24	124	31	2	221
251	4	63	26	124	31	2	126
251	4	63	27	124	31	2	139
251	4	63	30	124	31	2	188
251	4	64	4	124	31	2	195
251	4	64	6	124	31	2	1
251	4	64	11	124	31	3	inf
251	4	64	16	124	31	2	250
251	4	64	18	124	31	2	56
251	4	65	3	124	31	2	30
251	4	65	5	124	31	2	125
251	4	65	6	124	31	2	112
251	4	65	9	124	31	2	63
251	4	65	11	124	31	2	155
251	4	65	13	124	31	3	inf
251	4	65	15	124	31	3	inf
251	4	65	16	124	31	3	134
251	4	65	21	124	31	2	155
251	4	65	23	124	31	2	63
251	4	65	26	124	31	2	112
251	4	65	27	124	31	2	125
251	4	65	29	124	31	2	30
251	4	66	14	124	31	2	56
251	4	66	16	124	31	2	250
251	4	66	21	124	31	3	inf
251	4	66	26	124	31	2	1
251	4	66	28	124	31	2	195
251	4	67	0	124	31	2	96
251	4	67	2	124	31	2	188
251	4	67	5	124	31	2	139
251	4	67	6	124	31	2	126
251	4	67	8	124	31	2	221
251	4	67	13	124	31	2	221
251	4	67	15	124	31	2	126
251	4	67	16	124	31	2	139
251	4	67	19	124	31	2	188
251	4	67	21	124	31	2	96
251	4	67	26	124	31	3	117
251	4	68	0	124	31	3	inf
251	4	68	5	124	31	2	250
251	4	68	7	124	31	2	56
251	4	68	24	124	31	2	195
251	4	68	26	124	31	2	1
251	4	69	0	124	31	2	155
251	4	69	2	124	31	3	inf
251	4	69	4	124	31	3	inf
251	4	69	5	124	31	3	134
251	4	69	10	124	31	2	155
251	4	69	12	124	31	2	63
251	4	69	15	124	31	2	112
251	4	69	16	124	31	2	125
251	4	69	18	124	31	2	30
251	4	69	23	124	31	2	30
251	4	69	25	124	31	2	125
251	4	69	26	124	31	2	112
251	4	69	29	124	31	2	63
251	4	70	3	124	31	2	56
251	4	70	5	124	31	2	250
251	4	70	10	124	31	3	inf
251	4	70	15	124	31	2	1
251	4	70	17	124	31	2	195
251	4	71	2	124	31	2	221
251	4	71	4	124	31	2	126
251	4	71	5	124	31	2	139
251	4	71	8	124	31	2	188
251	4	71	10	124	31	2	96
251	4	71	15	124	31	3	117
251	4	71	20	124	31	2	96
251	4	71	22	124	31	2	188
251	4	71	25	124	31	2	139
251	4	71	26	124	31	2	126
251	4	71	28	124	31	2	221
251	4	72	13	124	31	2	195
251	4	72	15	124	31	2	1
251	4	72	20	124	31	3	inf
251	4	72	25	124	31	2	250
251	4	72	27	124	31	2	56
251	4	73	1	124	31	2	63
251	4	73	4	124	31	2	112
251	4	73	5	124	31	2	125
251	4	73	7	124	31	2	30
251	4	73	12	124	31	2	30
251	4	73	14	124	31	2	125
251	4	73	15	124	31	2	112
251	4	73	18	124	31	2	63
251	4	73	20	124	31	2	155
251	4	73	22	124	31	3	inf
251	4	73	24	124	31	3	inf
251	4	73	25	124	31	3	134
251	4	73	30	124	31	2	155
251	4	74	4	124	31	2	1
251	4	74	6	124	31	2	195
251	4	74	23	124	31	2	56
251	4	74	25	124	31	2	250
251	4	74	30	124	31	3	inf
251	4	75	4	124	31	3	117
251	4	75	9	124	31	2	96
251	4	75	11	124	31	2	188
251	4	75	14	124	31	2	139
251	4	75	15	124	31	2	126
251	4	75	17	124	31	2	221
251	4	75	22	124	31	2	221
251	4	75	24	124	31	2	126
251	4	75	25	124	31	2	139
251	4	75	28	124	31	2	188
251	4	75	30	124	31	2	96
251	4	76	2	124	31	2	195
251	4	76	4	124	31	2	1
251	4	76	9	124	31	3	inf
251	4	76	14	124	31	2	250
251	4	76	16	124	31	2	56
251	4	77	1	124	31	2	30
251	4	77	3	124	31	2	125
251	4	77	4	124	31	2	112
251	4	77	7	124	31	2	63
251	4	77	9	124	31	2	155
251	4	77	11	124	31	3	inf
251	4	77	13	124	31	3	inf
251	4	77	14	124	31	3	134
251	4	77	19	124	31	2	155
251	4	77	21	124	31	2	63
251	4	77	24	124	31	2	112
251	4	77	25	124	31	2	125
251	4	77	27	124	31	2	30
251	4	78	12	124	31	2	56
251	4	78	14	124	31	2	250
251	4	78	19	124	31	3	inf
251	4	78	24	124	31	2	1
251	4	78	26	124	31	2	195
251	4	79	0	124	31	2	188
251	4	79	3	124	31	2	139
251	4	79	4	124	31	2	126
251	4	79	6	124	31	2	221
251	4	79	11	124	31	2	221
251	4	79	13	124	31	2	126
251	4	79	14	124	31	2	139
251	4	79	17	124	31	2	188
251	4	79	19	124	31	2	96
251	4	79	24	124	31	3	117
251	4	79	29	124	31	2	96
251	4	80	3	124	31	2	250
251	4	80	5	124	31	2	56
251	4	80	22	124	31	2	195
251	4	80	24	124	31	2	1
251	4	80	29	124	31	3	inf
251	4	81	0	124	31	3	inf
251	4	81	2	124	31	3	inf
251	4	81	3	124	31	3	134
251	4	81	8	124	31	2	155
251	4	81	10	124	31	2	63
251	4	81	13	124	31	2	112
251	4	81	14	124	31	2	125
251	4	81	16	124	31	2	30
251	4	81	21	124	31	2	30
251	4	81	23	124	31	2	125
251	4	81	24	124	31	2	112
251	4	81	27	124	31	2	63
251	4	81	29	124	31	2	155
251	4	82	1	124	31	2	56
251	4	82	3	124	31	2	250
251	4	82	8	124	31	3	inf
251	4	82	13	124	31	2	1
251	4	82	15	124	31	2	195
251	4	83	0	124	31	2	221
251	4	83	2	124	31	2	126
251	4	83	3	124	31	2	139
251	4	83	6	124	31	2	188
251	4	83	8	124	31	2	96
251	4	83	13	124	31	3	117
251	4	83	18	124	31	2	96
251	4	83	20	124	31	2	188
251	4	83	23	124	31	2	139
251	4	83	24	124	31	2	126
251	4	83	26	124	31	2	221
251	4	84	11	124	31	2	195
251	4	84	13	124	31	2	1
251	4	84	18	124	31	3	inf
251	4	84	23	124	31	2	250
251	4	84	25	124	31	2	56
251	4	85	2	124	31	2	112
251	4	85	3	124	31	2	125
251	4	85	5	124	31	2	30
251	4	85	10	124	31	2	30
251	4	85	12	124	31	2	125
251	4	85	13	124	31	2	112
251	4	85	16	124	31	2	63
251	4	85	18	124	31	2	155
251	4	85	20	124	31	3	inf
251	4	85	22	124	31	3	inf
251	4	85	23	124	31	3	134
251	4	85	28	124	31	2	155
251	4	85	30	124	31	2	63
251	4	86	2	124	31	2	1
251	4	86	4	124	31	2	195
251	4	86	21	124	31	2	56
251	4	86	23	124	31	2	250
251	4	86	28	124	31	3	inf
251	4	87	2	124	31	3	117
251	4	87	7	124	31	2	96
251	4	87	9	124	31	2	188
251	4	87	12	124	31	2	139
251	4	87	13	124	31	2	126
251	4	87	15	124	31	2	221
251	4	87	20	124	31	2	221
251	4	87	22	124	31	2	126
251	4	87	23	124	31	2	139
251	4	87	26	124	31	2	188
251	4	87	28	124	31	2	96
251	4	88	0	124	31	2	195
251	4	88	2	124	31	2	1
251	4	88	7	124	31	3	inf
251	4	88	12	124	31	2	250
251	4	88	14	124	31	2	56
251	4	89	1	124	31	2	125
251	4	89	2	124	31	2	112
251	4	89	5	124	31	2	63
251	4	89	7	124	31	2	155
251	4	89	9	124	31	3	inf
251	4	89	11	124	31	3	inf
251	4	89	12	124	31	3	134
251	4	89	17	124	31	2	155
251	4	89	19	124	31	2	63
251	4	89	22	124	31	2	112
251	4	89	23	124	31	2	125
251	4	89	25	124	31	2	30
251	4	89	30	124	31	2	30
251	4	90	10	124	31	2	56
251	4	90	12	124	31	2	250
251	4	90	17	124	31	3	inf
251	4	90	22	124	31	2	1
251	4	90	24	124	31	2	195
251	4	91	1	124	31	2	139
251	4	91	2	124	31	2	126
251	4	91	4	124	31	2	221
251	4	91	9	124	31	2	221
251	4	91	11	124	31	2	126
251	4	91	12	124	31	2	139
251	4	91	15	124	31	2	188
251	4	91	17	124	31	2	96
251	4	91	22	124	31	3	117
251	4	91	27	124	31	2	96
251	4	91	29	124	31	2	188
251	4	92	1	124	31	2	250
251	4	92	3	124	31	2	56
251	4	92	20	124	31	2	195
251	4	92	22	124	31	2	1
251	4	92	27	124	31	3	inf
251	4	93	0	124	31	3	inf
251	4	93	1	124	31	3	134
251	4	93	6	124	31	2	155
251	4	93	8	124	31	2	63
251	4	93	11	124	31	2	112
251	4	93	12	124	31	2	125
251	4	93	14	124	31	2	30
251	4	93	19	124	31	2	30
251	4	93	21	124	31	2	125
251	4	93	22	124	31	2	112
251	4	93	25	124	31	2	63
251	4	93	27	124	31	2	155
251	4	93	29	124	31	3	inf
251	4	94	1	124	31	2	250
251	4	94	6	124	31	3	inf
251	4	94	11	124	31	2	1
251	4	94	13	124	31	2	195
251	4	94	30	124	31	2	56
251	4	95	0	124	31	2	126
251	4	95	1	124	31	2	139
251	4	95	4	124	31	2	188
251	4	95	6	124	31	2	96
251	4	95	11	124	31	3	117
251	4	95	16	124	31	2	96
251	4	95	18	124	31	2	188
251	4	95	21	124	31	2	139
251	4	95	22	124	31	2	126
251	4	95	24	124	31	2	221
251	4	95	29	124	31	2	221
251	4	96	9	124	31	2	195
251	4	96	11	124	31	2	1
251	4	96	16	124	31	3	inf
251	4	96	21	124	31	2	250
251	4	96	23	124	31	2	56
251	4	97	0	124	31	2	112
251	4	97	1	124	31	2	125
251	4	97	3	124	31	2	30
251	4	97	8	124	31	2	30
251	4	97	10	124	31	2	125
251	4	97	11	124	31	2	112
251	4	97	14	124	31	2	63
251	4	97	16	124	31	2	155
251	4	97	18	124	31	3	inf
251	4	97	20	124	31	3	inf
251	4	97	21	124	31	3	134
251	4	97	26	124	31	2	155
251	4	97	28	124	31	2	63
251	4	98	0	124	31	2	1
251	4	98	2	124	31	2	195
251	4	98	19	124	31	2	56
251	4	98	21	124	31	2	250
251	4	98	26	124	31	3	inf
251	4	99	0	124	31	3	117
251	4	99	5	124	31	2	96
251	4	99	7	124	31	2	188
251	4	99	10	124	31	2	139
251	4	99	11	124	31	2	126
251	4	99	13	124	31	2	221
251	4	99	18	124	31	2	221
251	4	99	20	124	31	2	126
251	4	99	21	124	31	2	139
251	4	99	24	124	31	2	188
251	4	99	26	124	31	2	96
251	4	100	0	124	31	2	1
251	4	100	5	124	31	3	inf
251	4	100	10	124	31	2	250
251	4	100	12	124	31	2	56
251	4	100	29	124	31	2	195
251	4	101	0	124	31	2	112
251	4	101	3	124	31	2	63
251	4	101	5	124	31	2	155
251	4	101	7	124	31	3	inf
251	4	101	9	124	31	3	inf
251	4	101	10	124	31	3	134
251	4	101	15	124	31	2	155
251	4	101	17	124	31	2	63
251	4	101	20	124	31	2	112
251	4	101	21	124	31	2	125
251	4	101	23	124	31	2	30
251	4	101	28	124	31	2	30
251	4	101	30	124	31	2	125
251	4	102	8	124	31	2	56
251	4	102	10	124	31	2	250
251	4	102	15	124	31	3	inf
251	4	102	20	124	31	2	1
251	4	102	22	124	31	2	195
251	4	103	0	124	31	2	126
251	4	103	2	124	31	2	221
251	4	103	7	124	31	2	221
251	4	103	9	124	31	2	126
251	4	103	10	124	31	2	139
251	4	103	13	124	31	2	188
251	4	103	15	124	31	2	96
251	4	103	20	124	31	3	117
251	4	103	25	124	31	2	96
251	4	103	27	124	31	2	188
251	4	103	30	124	31	2	139
251	4	104	1	124	31	2	56
251	4	104	18	124	31	2	195
251	4	104	20	124	31	2	1
251	4	104	25	124	31	3	inf
251	4	104	30	124	31	2	250
251	4	105	4	124	31	2	155
251	4	105	6	124	31	2	63
251	4	105	9	124	31	2	112
251	4	105	10	124	31	2	125
251	4	105	12	124	31	2	30
251	4	105	17	124	31	2	30
251	4	105	19	124	31	2	125
251	4	105	20	124	31	2	112
251	4	105	23	124	31	2	63
251	4	105	25	124	31	2	155
251	4	105	27	124	31	3	inf
251	4	105	29	124	31	3	inf
251	4	105	30	124	31	3	134
251	4	106	4	124	31	3	inf
251	4	106	9	124	31	2	1
251	4	106	11	124	31	2	195
251	4	106	28	124	31	2	56
251	4	106	30	124	31	2	250
251	4	107	2	124	31	2	188
251	4	107	4	124	31	2	96
251	4	107	9	124	31	3	117
251	4	107	14	124	31	2	96
251	4	107	16	124	31	2	188
251	4	107	19	124	31	2	139
251	4	107	20	124	31	2	126
251	4	107	22	124	31	2	221
251	4	107	27	124	31	2	221
251	4	107	29	124	31	2	126
251	4	107	30	124	31	2	139
251	4	108	7	124	31	2	195
251	4	108	9	124	31	2	1
251	4	108	14	124	31	3	inf
251	4	108	19	124	31	2	250
251	4	108	21	124	31	2	56
251	4	109	1	124	31	2	30
251	4	109	6	124	31	2	30
251	4	109	8	124	31	2	125
251	4	109	9	124	31	2	112
251	4	109	12	124	31	2	63
251	4	109	14	124	31	2	155
251	4	109	16	124	31	3	inf
251	4	109	18	124	31	3	inf
251	4	109	19	124	31	3	134
251	4	109	24	124	31	2	155
251	4	109	26	124	31	2	63
251	4	109	29	124	31	2	112
251	4	109	30	124	31	2	125
251	4	110	0	124	31	2	195
251	4	110	17	124	31	2	56
251	4	110	19	124	31	2	250
251	4	110	24	124	31	3	inf
251	4	110	29	124	31	2	1
251	4	111	3	124	31	2	96
251	4	111	5	124	31	2	188
251	4	111	8	124	31	2	139
251	4	111	9	124	31	2	126
251	4	111	11	124	31	2	221
251	4	111	16	124	31	2	221
251	4	111	18	124	31	2	126
251	4	111	19	124	31	2	139
251	4	111	22	124	31	2	188
251	4	111	24	124	31	2	96
251	4	111	29	124	31	3	117
251	4	112	3	124	31	3	inf
251	4	112	8	124	31	2	250
251	4	112	10	124	31	2	56
251	4	112	27	124	31	2	195
251	4	112	29	124	31	2	1
251	4	113	1	124	31	2	63
251	4	113	3	124	31	2	155
251	4	113	5	124	31	3	inf
251	4	113	7	124	31	3	inf
251	4	113	8	124	31	3	134
251	4	113	13	124	31	2	155
251	4	113	15	124	31	2	63
251	4	113	18	124	31	2	112
251	4	113	19	124	31	2	125
251	4	113	21	124	31	2	30
251	4	113	26	124	31	2	30
251	4	113	28	124	31	2	125
251	4	113	29	124	31	2	112
251	4	114	6	124	31	2	56
251	4	114	8	124	31	2	250
251	4	114	13	124	31	3	inf
251	4	114	18	124	31	2	1
251	4	114	20	124	31	2	195
251	4	115	0	124	31	2	221
251	4	115	5	124	31	2	221
251	4	115	7	124	31	2	126
251	4	115	8	124	31	2	139
251	4	115	11	124	31	2	188
251	4	115	13	124	31	2	96
251	4	115	18	124	31	3	117
251	4	115	23	124	31	2	96
251	4	115	25	124	31	2	188
251	4	115	28	124	31	2	139
251	4	115	29	124	31	2	126
251	4	116	16	124	31	2	195
251	4	116	18	124	31	2	1
251	4	116	23	124	31	3	inf
251	4	116	28	124	31	2	250
251	4	116	30	124	31	2	56
251	4	117	2	124	31	2	155
251	4	117	4	124	31	2	63
251	4	117	7	124	31	2	112
251	4	117	8	124	31	2	125
251	4	117	10	124	31	2	30
251	4	117	15	124	31	2	30
251	4	117	17	124	31	2	125
251	4	117	18	124	31	2	112
251	4	117	21	124	31	2	63
251	4	117	23	124	31	2	155
251	4	117	25	124	31	3	inf
251	4	117	27	124	31	3	inf
251	4	117	28	124	31	3	134
251	4	118	2	124	31	3	inf
251	4	118	7	124	31	2	1
251	4	118	9	124	31	2	195
251	4	118	26	124	31	2	56
251	4	118	28	124	31	2	250
251	4	119	0	124	31	2	188
251	4	119	2	124	31	2	96
251	4	119	7	124	31	3	117
251	4	119	12	124	31	2	96
251	4	119	14	124	31	2	188
251	4	119	17	124	31	2	139
251	4	119	18	124	31	2	126
251	4	119	20	124	31	2	221
251	4	119	25	124	31	2	221
251	4	119	27	124	31	2	126
251	4	119	28	124	31	2	139
251	4	120	5	124	31	2	195
251	4	120	7	124	31	2	1
251	4	120	12	124	31	3	inf
251	4	120	17	124	31	2	250
251	4	120	19	124	31	2	56
251	4	121	4	124	31	2	30
251	4	121	6	124	31	2	125
251	4	121	7	124	31	2	112
251	4	121	10	124	31	2	63
251	4	121	12	124	31	2	155
251	4	121	14	124	31	3	inf
251	4	121	16	124	31	3	inf
251	4	121	17	124	31	3	134
251	4	121	22	124	31	2	155
251	4	121	24	124	31	2	63
251	4	121	27	124	31	2	112
251	4	121	28	124	31	2	125
251	4	121	30	124	31	2	30
251	4	122	15	124	31	2	56
251	4	122	17	124	31	2	250
251	4	122	22	124	31	3	inf
251	4	122	27	124	31	2	1
251	4	122	29	124	31	2	195
251	4	123	1	124	31	2	96
251	4	123	3	124	31	2	188
251	4	123	6	124	31	2	139
251	4	123	7	124	31	2	126
251	4	123	9	124	31	2	221
251	4	123	14	124	31	2	221
251	4	123	16	124	31	2	126
251	4	123	17	124	31	2	139
251	4	123	20	124	31	2	188
251	4	123	22	124	31	2	96
251	4	123	27	124	31	3	117
257	1	0	0	60	60	3	inf
257	1	0	1	60	60	3	157
257	1	0	3	60	60	2	142
257	1	0	6	60	60	2	139
257	1	0	18	60	60	2	203
257	1	0	20	60	60	3	153
257	1	0	24	60	60	2	215
257	1	0	38	60	60	2	215
257	1	0	42	60	60	3	153
257	1	0	44	60	60	2	203
257	1	0	56	60	60	2	139
257	1	0	58	60	60	3	inf
257	1	0	59	60	60	2	142
257	1	1	7	60	60	2	225
257	1	1	9	60	60	2	200
257	1	1	12	60	60	3	inf
257	1	1	15	60	60	2	57
257	1	1	17	60	60	2	32
257	1	1	28	60	60	2	94
257	1	1	31	60	60	2	62
257	1	1	34	60	60	2	99
257	1	1	35	60	60	2	73
257	1	1	37	60	60	2	18
257	1	1	39	60	60	2	213
257	1	1	41	60	60	2	237
257	1	1	42	60	60	3	0
257	1	1	43	60	60	2	20
257	1	1	45	60	60	2	44
257	1	1	47	60	60	2	239
257	1	1	49	60	60	2	184
257	1	1	50	60	60	2	158
257	1	1	53	60	60	2	195
257	1	1	56	60	60	2	163
257	1	2	0	60	60	2	42
257	1	2	4	60	60	3	104
257	1	2	6	60	60	2	54
257	1	2	18	60	60	2	118
257	1	2	21	60	60	2	115
257	1	2	23	60	60	3	100
257	1	2	25	60	60	2	115
257	1	2	28	60	60	2	118
257	1	2	40	60	60	2	54
257	1	2	42	60	60	3	104
257	1	2	46	60	60	2	42
257	1	3	1	60	60	2	44
257	1	3	3	60	60	2	20
257	1	3	4	60	60	3	0
257	1	3	5	60	60	2	237
257	1	3	7	60	60	2	213
257	1	3	9	60	60	2	18
257	1	3	11	60	60	2	73
257	1	3	12	60	60	2	99
257	1	3	15	60	60	2	62
257	1	3	18	60	60	2	94
257	1	3	29	60	60	2	32
257	1	3	31	60	60	2	57
257	1	3	34	60	60	3	inf
257	1	3	37	60	60	2	200
257	1	3	39	60	60	2	225
257	1	3	50	60	60	2	163
257	1	3	53	60	60	2	195
257	1	3	56	60	60	2	158
257	1	3	57	60	60	2	184
257	1	3	59	60	60	2	239
257	1	4	2	60	60	2	203
257	1	4	4	60	60	3	153
257	1	4	8	60	60	2	215
257	1	4	22	60	60	2	215
257	1	4	26	60	60	3	153
257	1	4	28	60	60	2	203
257	1	4	40	60	60	2	139
257	1	4	42	60	60	3	inf
257	1	4	43	60	60	2	142
257	1	4	44	60	60	3	inf
257	1	4	45	60	60	3	157
257	1	4	47	60	60	2	142
257	1	4	50	60	60	2	139
257	1	5	1	60	60	2	32
257	1	5	12	60	60	2	94
257	1	5	15	60	60	2	62
257	1	5	18	60	60	2	99
257	1	5	19	60	60	2	73
257	1	5	21	60	60	2	18
257	1	5	23	60	60	2	213
257	1	5	25	60	60	2	237
257	1	5	26	60	60	3	0
257	1	5	27	60	60	2	20
257	1	5	29	60	60	2	44
257	1	5	31	60	60	2	239
257	1	5	33	60	60	2	184
257	1	5	34	60	60	2	158
257	1	5	37	60	60	2	195
257	1	5	40	60	60	2	163
257	1	5	51	60	60	2	225
257	1	5	53	60	60	2	200
257	1	5	56	60	60	3	inf
257	1	5	59	60	60	2	57
257	1	6	2	60	60	2	118
257	1	6	5	60	60	2	115
257	1	6	7	60	60	3	100
257	1	6	9	60	60	2	115
257	1	6	12	60	60	2	118
257	1	6	24	60	60	2	54
257	1	6	26	60	60	3	104
257	1	6	30	60	60	2	42
257	1	6	44	60	60	2	42
257	1	6	48	60	60	3	104
257	1	6	50	60	60	2	54
257	1	7	2	60	60	2	94
257	1	7	13	60	60	2	32
257	1	7	15	60	60	2	57
257	1	7	18	60	60	3	inf
257	1	7	21	60	60	2	200
257	1	7	23	60	60	2	225
257	1	7	34	60	60	2	163
257	1	7	37	60	60	2	195
257	1	7	40	60	60	2	158
257	1	7	41	60	60	2	184
257	1	7	43	60	60	2	239
257	1	7	45	60	60	2	44
257	1	7	47	60	60	2	20
257	1	7	48	60	60	3	0
257	1	7	49	60	60	2	237
257	1	7	51	60	60	2	213
257	1	7	53	60	60	2	18
257	1	7	55	60	60	2	73
257	1	7	56	60	60	2	99
257	1	7	59	60	60	2	62
257	1	8	6	60	60	2	215
257	1	8	10	60	60	3	153
257	1	8	12	60	60	2	203
257	1	8	24	60	60	2	139
257	1	8	26	60	60	3	inf
257	1	8	27	60	60	2	142
257	1	8	28	60	60	3	inf
257	1	8	29	60	60	3	157
257	1	8	31	60	60	2	142
257	1	8	34	60	60	2	139
257	1	8	46	60	60	2	203
257	1	8	48	60	60	3	153
257	1	8	52	60	60	2	215
257	1	9	2	60	60	2	99
257	1	9	3	60	60	2	73
257	1	9	5	60	60	2	18
257	1	9	7	60	60	2	213
257	1	9	9	60	60	2	237
257	1	9	10	60	60	3	0
257	1	9	11	60	60	2	20
257	1	9	13	60	60	2	44
257	1	9	15	60	60	2	239
257	1	9	17	60	60	2	184
257	1	9	18	60	60	2	158
257	1	9	21	60	60	2	195
257	1	9	24	60	60	2	163
257	1	9	35	60	60	2	225
257	1	9	37	60	60	2	200
257	1	9	40	60	60	3	inf
257	1	9	43	60	60	2	57
257	1	9	45	60	60	2	32
257	1	9	56	60	60	2	94
257	1	9	59	60	60	2	62
257	1	10	8	60	60	2	54
257	1	10	10	60	60	3	104
257	1	10	14	60	60	2	42
257	1	10	28	60	60	2	42
257	1	10	32	60	60	3	104
257	1	10	34	60	60	2	54
257	1	10	46	60	60	2	118
257	1	10	49	60	60	2	115
257	1	10	51	60	60	3	100
257	1	10	53	60	60	2	115
257	1	10	56	60	60	2	118
257	1	11	2	60	60	3	inf
257	1	11	5	60	60	2	200
257	1	11	7	60	60	2	225
257	1	11	18	60	60	2	163
257	1	11	21	60	60	2	195
257	1	11	24	60	60	2	158
257	1	11	25	60	60	2	184
257	1	11	27	60	60	2	239
257	1	11	29	60	60	2	44
257	1	11	31	60	60	2	20
257	1	11	32	60	60	3	0
257	1	11	33	60	60	2	237
257	1	11	35	60	60	2	213
257	1	11	37	60	60	2	18
257	1	11	39	60	60	2	73
257	1	11	40	60	60	2	99
257	1	11	43	60	60	2	62
257	1	11	46	60	60	2	94
257	1	11	57	60	60	2	32
257	1	11	59	60	60	2	57
257	1	12	8	60	60	2	139
257	1	12	10	60	60	3	inf
257	1	12	11	60	60	2	142
257	1	12	12	60	60	3	inf
257	1	12	13	60	60	3	157
257	1	12	15	60	60	2	142
257	1	12	18	60	60	2	139
257	1	12	30	60	60	2	203
257	1	12	32	60	60	3	153
257	1	12	36	60	60	2	215
257	1	12	50	60	60	2	215
257	1	12	54	60	60	3	153
257	1	12	56	60	60	2	203
257	1	13	1	60	60	2	184
257	1	13	2	60	60	2	158
257	1	13	5	60	60	2	195
257	1	13	8	60	60	2	163
257	1	13	19	60	60	2	225
257	1	13	21	60	60	2	200
257	1	13	24	60	60	3	inf
257	1	13	27	60	60	2	57
257	1	13	29	60	60	2	32
257	1	13	40	60	60	2	94
257	1	13	43	60	60	2	62
257	1	13	46	60	60	2	99
257	1	13	47	60	60	2	73
257	1	13	49	60	60	2	18
257	1	13	51	60	60	2	213
257	1	13	53	60	60	2	237
257	1	13	54	60	60	3	0
257	1	13	55	60	60	2	20
257	1	13	57	60	60	2	44
257	1	13	59	60	60	2	239
257	1	14	12	60	60	2	42
257	1	14	16	60	60	3	104
257	1	14	18	60	60	2	54
257	1	14	30	60	60	2	118
257	1	14	33	60	60	2	115
257	1	14	35	60	60	3	100
257	1	14	37	60	60	2	115
257	1	14	40	60	60	2	118
257	1	14	52	60	60	2	54
257	1	14	54	60	60	3	104
257	1	14	58	60	60	2	42
257	1	15	2	60	60	2	163
257	1	15	5	60	60	2	195
257	1	15	8	60	60	2	158
257	1	15	9	60	60	2	184
257	1	15	11	60	60	2	239
257	1	15	13	60	60	2	44
257	1	15	15	60	60	2	20
257	1	15	16	60	60	3	0
257	1	15	17	60	60	2	237
257	1	15	19	60	60	2	213
257	1	15	21	60	60	2	18
257	1	15	23	60	60	2	73
257	1	15	24	60	60	2	99
257	1	15	27	60	60	2	62
257	1	15	30	60	60	2	94
257	1	15	41	60	60	2	32
257	1	15	43	60	60	2	57
257	1	15	46	60	60	3	inf
257	1	15	49	60	60	2	200
257	1	15	51	60	60	2	225
257	1	16	2	60	60	2	139
257	1	16	14	60	60	2	203
257	1	16	16	60	60	3	153
257	1	16	20	60	60	2	215
257	1	16	34	60	60	2	215
257	1	16	38	60	60	3	153
257	1	16	40	60	60	2	203
257	1	16	52	60	60	2	139
257	1	16	54	60	60	3	inf
257	1	16	55	60	60	2	142
257	1	16	56	60	60	3	inf
257	1	16	57	60	60	3	157
257	1	16	59	60	60	2	142
257	1	17	3	60	60	2	225
257	1	17	5	60	60	2	200
257	1	17	8	60	60	3	inf
257	1	17	11	60	60	2	57
257	1	17	13	60	60	2	32
257	1	17	24	60	60	2	94
257	1	17	27	60	60	2	62
257	1	17	30	60	60	2	99
257	1	17	31	60	60	2	73
257	1	17	33	60	60	2	18
257	1	17	35	60	60	2	213
257	1	17	37	60	60	2	237
257	1	17	38	60	60	3	0
257	1	17	39	60	60	2	20
257	1	17	41	60	60	2	44
257	1	17	43	60	60	2	239
257	1	17	45	60	60	2	184
257	1	17	46	60	60	2	158
257	1	17	49	60	60	2	195
257	1	17	52	60	60	2	163
257	1	18	0	60	60	3	104
257	1	18	2	60	60	2	54
257	1	18	14	60	60	2	118
257	1	18	17	60	60	2	115
257	1	18	19	60	60	3	100
257	1	18	21	60	60	2	115
257	1	18	24	60	60	2	118
257	1	18	36	60	60	2	54
257	1	18	38	60	60	3	104
257	1	18	42	60	60	2	42
257	1	18	56	60	60	2	42
257	1	19	0	60	60	3	0
257	1	19	1	60	60	2	237
257	1	19	3	60	60	2	213
257	1	19	5	60	60	2	18
257	1	19	7	60	60	2	73
257	1	19	8	60	60	2	99
257	1	19	11	60	60	2	62
257	1	19	14	60	60	2	94
257	1	19	25	60	60	2	32
257	1	19	27	60	60	2	57
257	1	19	30	60	60	3	inf
257	1	19	33	60	60	2	200
257	1	19	35	60	60	2	225
257	1	19	46	60	60	2	163
257	1	19	49	60	60	2	195
257	1	19	52	60	60	2	158
257	1	19	53	60	60	2	184
257	1	19	55	60	60	2	239
257	1	19	57	60	60	2	44
257	1	19	59	60	60	2	20
257	1	20	0	60	60	3	153
257	1	20	4	60	60	2	215
257	1	20	18	60	60	2	215
257	1	20	22	60	60	3	153
257	1	20	24	60	60	2	203
257	1	20	36	60	60	2	139
257	1	20	38	60	60	3	inf
257	1	20	39	60	60	2	142
257	1	20	40	60	60	3	inf
257	1	20	41	60	60	3	157
257	1	20	43	60	60	2	142
257	1	20	46	60	60	2	139
257	1	20	58	60	60	2	203
257	1	21	8	60	60	2	94
257	1	21	11	60	60	2	62
257	1	21	14	60	60	2	99
257	1	21	15	60	60	2	73
257	1	21	17	60	60	2	18
257	1	21	19	60	60	2	213
257	1	21	21	60	60	2	237
257	1	21	22	60	60	3	0
257	1	21	23	60	60	2	20
257	1	21	25	60	60	2	44
257	1	21	27	60	60	2	239
257	1	21	29	60	60	2	184
257	1	21	30	60	60	2	158
257	1	21	33	60	60	2	195
257	1	21	36	60	60	2	163
257	1	21	47	60	60	2	225
257	1	21	49	60	60	2	200
257	1	21	52	60	60	3	inf
257	1	21	55	60	60	2	57
257	1	21	57	60	60	2	32
257	1	22	1	60	60	2	115
257	1	22	3	60	60	3	100
257	1	22	5	60	60	2	115
257	1	22	8	60	60	2	118
257	1	22	20	60	60	2	54
257	1	22	22	60	60	3	104
257	1	22	26	60	60	2	42
257	1	22	40	60	60	2	42
257	1	22	44	60	60	3	104
257	1	22	46	60	60	2	54
257	1	22	58	60	60	2	118
257	1	23	9	60	60	2	32
257	1	23	11	60	60	2	57
257	1	23	14	60	60	3	inf
257	1	23	17	60	60	2	200
257	1	23	19	60	60	2	225
257	1	23	30	60	60	2	163
257	1	23	33	60	60	2	195
257	1	23	36	60	60	2	158
257	1	23	37	60	60	2	184
257	1	23	39	60	60	2	239
257	1	23	41	60	60	2	44
257	1	23	43	60	60	2	20
257	1	23	44	60	60	3	0
257	1	23	45	60	60	2	237
257	1	23	47	60	60	2	213
257	1	23	49	60	60	2	18
257	1	23	51	60	60	2	73
257	1	23	52	60	60	2	99
257	1	23	55	60	60	2	62
257	1	23	58	60	60	2	94
257	1	24	2	60	60	2	215
257	1	24	6	60	60	3	153
257	1	24	8	60	60	2	203
257	1	24	20	60	60	2	139
257	1	24	22	60	60	3	inf
257	1	24	23	60	60	2	142
257	1	24	24	60	60	3	inf
257	1	24	25	60	60	3	157
257	1	24	27	60	60	2	142
257	1	24	30	60	60	2	139
257	1	24	42	60	60	2	203
257	1	24	44	60	60	3	153
257	1	24	48	60	60	2	215
257	1	25	1	60	60	2	18
257	1	25	3	60	60	2	213
257	1	25	5	60	60	2	237
257	1	25	6	60	60	3	0
257	1	25	7	60	60	2	20
257	1	25	9	60	60	2	44
257	1	25	11	60	60	2	239
257	1	25	13	60	60	2	184
257	1	25	14	60	60	2	158
257	1	25	17	60	60	2	195
257	1	25	20	60	60	2	163
257	1	25	31	60	60	2	225
257	1	25	33	60	60	2	200
257	1	25	36	60	60	3	inf
257	1	25	39	60	60	2	57
257	1	25	41	60	60	2	32
257	1	25	52	60	60	2	94
257	1	25	55	60	60	2	62
257	1	25	58	60	60	2	99
257	1	25	59	60	60	2	73
257	1	26	4	60	60	2	54
257	1	26	6	60	60	3	104
257	1	26	10	60	60	2	42
257	1	26	24	60	60	2	42
257	1	26	28	60	60	3	104
257	1	26	30	60	60	2	54
257	1	26	42	60	60	2	118
257	1	26	45	60	60	2	115
257	1	26	47	60	60	3	100
257	1	26	49	60	60	2	115
257	1	26	52	60	60	2	118
257	1	27	1	60	60	2	200
257	1	27	3	60	60	2	225
257	1	27	14	60	60	2	163
257	1	27	17	60	60	2	195
257	1	27	20	60	60	2	158
257	1	27	21	60	60	2	184
257	1	27	23	60	60	2	239
257	1	27	25	60	60	2	44
257	1	27	27	60	60	2	20
257	1	27	28	60	60	3	0
257	1	27	29	60	60	2	237
257	1	27	31	60	60	2	213
257	1	27	33	60	60	2	18
257	1	27	35	60	60	2	73
257	1	27	36	60	60	2	99
257	1	27	39	60	60	2	62
257	1	27	42	60	60	2	94
257	1	27	53	60	60	2	32
257	1	27	55	60	60	2	57
257	1	27	58	60	60	3	inf
257	1	28	4	60	60	2	139
257	1	28	6	60	60	3	inf
257	1	28	7	60	60	2	142
257	1	28	8	60	60	3	inf
257	1	28	9	60	60	3	157
257	1	28	11	60	60	2	142
257	1	28	14	60	60	2	139
257	1	28	26	60	60	2	203
257	1	28	28	60	60	3	153
257	1	28	32	60	60	2	215
257	1	28	46	60	60	2	215
257	1	28	50	60	60	3	153
257	1	28	52	60	60	2	203
257	1	29	1	60	60	2	195
257	1	29	4	60	60	2	163
257	1	29	15	60	60	2	225
257	1	29	17	60	60	2	200
257	1	29	20	60	60	3	inf
257	1	29	23	60	60	2	57
257	1	29	25	60	60	2	32
257	1	29	36	60	60	2	94
257	1	29	39	60	60	2	62
257	1	29	42	60	60	2	99
257	1	29	43	60	60	2	73
257	1	29	45	60	60	2	18
257	1	29	47	60	60	2	213
257	1	29	49	60	60	2	237
257	1	29	50	60	60	3	0
257	1	29	51	60	60	2	20
257	1	29	53	60	60	2	44
257	1	29	55	60	60	2	239
257	1	29	57	60	60	2	184
257	1	29	58	60	60	2	158
257	1	30	8	60	60	2	42
257	1	30	12	60	60	3	104
257	1	30	14	60	60	2	54
257	1	30	26	60	60	2	118
257	1	30	29	60	60	2	115
257	1	30	31	60	60	3	100
257	1	30	33	60	60	2	115
257	1	30	36	60	60	2	118
257	1	30	48	60	60	2	54
257	1	30	50	60	60	3	104
257	1	30	54	60	60	2	42
257	1	31	1	60	60	2	195
257	1	31	4	60	60	2	158
257	1	31	5	60	60	2	184
257	1	31	7	60	60	2	239
257	1	31	9	60	60	2	44
257	1	31	11	60	60	2	20
257	1	31	12	60	60	3	0
257	1	31	13	60	60	2	237
257	1	31	15	60	60	2	213
257	1	31	17	60	60	2	18
257	1	31	19	60	60	2	73
257	1	31	20	60	60	2	99
257	1	31	23	60	60	2	62
257	1	31	26	60	60	2	94
257	1	31	37	60	60	2	32
257	1	31	39	60	60	2	57
257	1	31	42	60	60	3	inf
257	1	31	45	60	60	2	200
257	1	31	47	60	60	2	225
257	1	31	58	60	60	2	163
257	1	32	10	60	60	2	203
257	1	32	12	60	60	3	153
257	1	32	16	60	60	2	215
257	1	32	30	60	60	2	215
257	1	32	34	60	60	3	153
257	1	32	36	60	60	2	203
257	1	32	48	60	60	2	139
257	1	32	50	60	60	3	inf
257	1	32	51	60	60	2	142
257	1	32	52	60	60	3	inf
257	1	32	53	60	60	3	157
257	1	32	55	60	60	2	142
257	1	32	58	60	60	2	139
257	1	33	1	60	60	2	200
257	1	33	4	60	60	3	inf
257	1	33	7	60	60	2	57
257	1	33	9	60	60	2	32
257	1	33	20	60	60	2	94
257	1	33	23	60	60	2	62
257	1	33	26	60	60	2	99
257	1	33	27	60	60	2	73
257	1	33	29	60	60	2	18
257	1	33	31	60	60	2	213
257	1	33	33	60	60	2	237
257	1	33	34	60	60	3	0
257	1	33	35	60	60	2	20
257	1	33	37	60	60	2	44
257	1	33	39	60	60	2	239
257	1	33	41	60	60	2	184
257	1	33	42	60	60	2	158
257	1	33	45	60	60	2	195
257	1	33	48	60	60	2	163
257	1	33	59	60	60	2	225
257	1	34	10	60	60	2	118
257	1	34	13	60	60	2	115
257	1	34	15	60	60	3	100
257	1	34	17	60	60	2	115
257	1	34	20	60	60	2	118
257	1	34	32	60	60	2	54
257	1	34	34	60	60	3	104
257	1	34	38	60	60	2	42
257	1	34	52	60	60	2	42
257	1	34	56	60	60	3	104
257	1	34	58	60	60	2	54
257	1	35	1	60	60	2	18
257	1	35	3	60	60	2	73
257	1	35	4	60	60	2	99
257	1	35	7	60	60	2	62
257	1	35	10	60	60	2	94
257	1	35	21	60	60	2	32
257	1	35	23	60	60	2	57
257	1	35	26	60	60	3	inf
257	1	35	29	60	60	2	200
257	1	35	31	60	60	2	225
257	1	35	42	60	60	2	163
257	1	35	45	60	60	2	195
257	1	35	48	60	60	2	158
257	1	35	49	60	60	2	184
257	1	35	51	60	60	2	239
257	1	35	53	60	60	2	44
257	1	35	55	60	60	2	20
257	1	35	56	60	60	3	0
257	1	35	57	60	60	2	237
257	1	35	59	60	60	2	213
257	1	36	0	60	60	2	215
257	1	36	14	60	60	2	215
257	1	36	18	60	60	3	153
257	1	36	20	60	60	2	203
257	1	36	32	60	60	2	139
257	1	36	34	60	60	3	inf
257	1	36	35	60	60	2	142
257	1	36	36	60	60	3	inf
257	1	36	37	60	60	3	157
257	1	36	39	60	60	2	142
257	1	36	42	60	60	2	139
257	1	36	54	60	60	2	203
257	1	36	56	60	60	3	153
257	1	37	4	60	60	2	94
257	1	37	7	60	60	2	62
257	1	37	10	60	60	2	99
257	1	37	11	60	60	2	73
257	1	37	13	60	60	2	18
257	1	37	15	60	60	2	213
257	1	37	17	60	60	2	237
257	1	37	18	60	60	3	0
257	1	37	19	60	60	2	20
257	1	37	21	60	60	2	44
257	1	37	23	60	60	2	239
257	1	37	25	60	60	2	184
257	1	37	26	60	60	2	158
257	1	37	29	60	60	2	195
257	1	37	32	60	60	2	163
257	1	37	43	60	60	2	225
257	1	37	45	60	60	2	200
257	1	37	48	60	60	3	inf
257	1	37	51	60	60	2	57
257	1	37	53	60	60	2	32
257	1	38	1	60	60	2	115
257	1	38	4	60	60	2	118
257	1	38	16	60	60	2	54
257	1	38	18	60	60	3	104
257	1	38	22	60	60	2	42
257	1	38	36	60	60	2	42
257	1	38	40	60	60	3	104
257	1	38	42	60	60	2	54
257	1	38	54	60	60	2	118
257	1	38	57	60	60	2	115
257	1	38	59	60	60	3	100
257	1	39	5	60	60	2	32
257	1	39	7	60	60	2	57
257	1	39	10	60	60	3	inf
257	1	39	13	60	60	2	200
257	1	39	15	60	60	2	225
257	1	39	26	60	60	2	163
257	1	39	29	60	60	2	195
257	1	39	32	60	60	2	158
257	1	39	33	60	60	2	184
257	1	39	35	60	60	2	239
257	1	39	37	60	60	2	44
257	1	39	39	60	60	2	20
257	1	39	40	60	60	3	0
257	1	39	41	60	60	2	237
257	1	39	43	60	60	2	213
257	1	39	45	60	60	2	18
257	1	39	47	60	60	2	73
257	1	39	48	60	60	2	99
257	1	39	51	60	60	2	62
257	1	39	54	60	60	2	94
257	1	40	2	60	60	3	153
257	1	40	4	60	60	2	203
257	1	40	16	60	60	2	139
257	1	40	18	60	60	3	inf
257	1	40	19	60	60	2	142
257	1	40	20	60	60	3	inf
257	1	40	21	60	60	3	157
257	1	40	23	60	60	2	142
257	1	40	26	60	60	2	139
257	1	40	38	60	60	2	203
257	1	40	40	60	60	3	153
257	1	40	44	60	60	2	215
257	1	40	58	60	60	2	215
257	1	41	1	60	60	2	237
257	1	41	2	60	60	3	0
257	1	41	3	60	60	2	20
257	1	41	5	60	60	2	44
257	1	41	7	60	60	2	239
257	1	41	9	60	60	2	184
257	1	41	10	60	60	2	158
257	1	41	13	60	60	2	195
257	1	41	16	60	60	2	163
257	1	41	27	60	60	2	225
257	1	41	29	60	60	2	200
257	1	41	32	60	60	3	inf
257	1	41	35	60	60	2	57
257	1	41	37	60	60	2	32
257	1	41	48	60	60	2	94
257	1	41	51	60	60	2	62
257	1	41	54	60	60	2	99
257	1	41	55	60	60	2	73
257	1	41	57	60	60	2	18
257	1	41	59	60	60	2	213
257	1	42	0	60	60	2	54
257	1	42	2	60	60	3	104
257	1	42	6	60	60	2	42
257	1	42	20	60	60	2	42
257	1	42	24	60	60	3	104
257	1	42	26	60	60	2	54
257	1	42	38	60	60	2	118
257	1	42	41	60	60	2	115
257	1	42	43	60	60	3	100
257	1	42	45	60	60	2	115
257	1	42	48	60	60	2	118
257	1	43	10	60	60	2	163
257	1	43	13	60	60	2	195
257	1	43	16	60	60	2	158
257	1	43	17	60	60	2	184
257	1	43	19	60	60	2	239
257	1	43	21	60	60	2	44
257	1	43	23	60	60	2	20
257	1	43	24	60	60	3	0
257	1	43	25	60	60	2	237
257	1	43	27	60	60	2	213
257	1	43	29	60	60	2	18
257	1	43	31	60	60	2	73
257	1	43	32	60	60	2	99
257	1	43	35	60	60	2	62
257	1	43	38	60	60	2	94
257	1	43	49	60	60	2	32
257	1	43	51	60	60	2	57
257	1	43	54	60	60	3	inf
257	1	43	57	60	60	2	200
257	1	43	59	60	60	2	225
257	1	44	0	60	60	2	139
257	1	44	2	60	60	3	inf
257	1	44	3	60	60	2	142
257	1	44	4	60	60	3	inf
257	1	44	5	60	60	3	157
257	1	44	7	60	60	2	142
257	1	44	10	60	60	2	139
257	1	44	22	60	60	2	203
257	1	44	24	60	60	3	153
257	1	44	28	60	60	2	215
257	1	44	42	60	60	2	215
257	1	44	46	60	60	3	153
257	1	44	48	60	60	2	203
257	1	45	0	60	60	2	163
257	1	45	11	60	60	2	225
257	1	45	13	60	60	2	200
257	1	45	16	60	60	3	inf
257	1	45	19	60	60	2	57
257	1	45	21	60	60	2	32
257	1	45	32	60	60	2	94
257	1	45	35	60	60	2	62
257	1	45	38	60	60	2	99
257	1	45	39	60	60	2	73
257	1	45	41	60	60	2	18
257	1	45	43	60	60	2	213
257	1	45	45	60	60	2	237
257	1	45	46	60	60	3	0
257	1	45	47	60	60	2	20
257	1	45	49	60	60	2	44
257	1	45	51	60	60	2	239
257	1	45	53	60	60	2	184
257	1	45	54	60	60	2	158
257	1	45	57	60	60	2	195
257	1	46	4	60	60	2	42
257	1	46	8	60	60	3	104
257	1	46	10	60	60	2	54
257	1	46	22	60	60	2	118
257	1	46	25	60	60	2	115
257	1	46	27	60	60	3	100
257	1	46	29	60	60	2	115
257	1	46	32	60	60	2	118
257	1	46	44	60	60	2	54
257	1	46	46	60	60	3	104
257	1	46	50	60	60	2	42
257	1	47	0	60	60	2	158
257	1	47	1	60	60	2	184
257	1	47	3	60	60	2	239
257	1	47	5	60	60	2	44
257	1	47	7	60	60	2	20
257	1	47	8	60	60	3	0
257	1	47	9	60	60	2	237
257	1	47	11	60	60	2	213
257	1	47	13	60	60	2	18
257	1	47	15	60	60	2	73
257	1	47	16	60	60	2	99
257	1	47	19	60	60	2	62
257	1	47	22	60	60	2	94
257	1	47	33	60	60	2	32
257	1	47	35	60	60	2	57
257	1	47	38	60	60	3	inf
257	1	47	41	60	60	2	200
257	1	47	43	60	60	2	225
257	1	47	54	60	60	2	163
257	1	47	57	60	60	2	195
257	1	48	6	60	60	2	203
257	1	48	8	60	60	3	153
257	1	48	12	60	60	2	215
257	1	48	26	60	60	2	215
257	1	48	30	60	60	3	153
257	1	48	32	60	60	2	203
257	1	48	44	60	60	2	139
257	1	48	46	60	60	3	inf
257	1	48	47	60	60	2	142
257	1	48	48	60	60	3	inf
257	1	48	49	60	60	3	157
257	1	48	51	60	60	2	142
257	1	48	54	60	60	2	139
257	1	49	0	60	60	3	inf
257	1	49	3	60	60	2	57
257	1	49	5	60	60	2	32
257	1	49	16	60	60	2	94
257	1	49	19	60	60	2	62
257	1	49	22	60	60	2	99
257	1	49	23	60	60	2	73
257	1	49	25	60	60	2	18
257	1	49	27	60	60	2	213
257	1	49	29	60	60	2	237
257	1	49	30	60	60	3	0
257	1	49	31	60	60	2	20
257	1	49	33	60	60	2	44
257	1	49	35	60	60	2	239
257	1	49	37	60	60	2	184
257	1	49	38	60	60	2	158
257	1	49	41	60	60	2	195
257	1	49	44	60	60	2	163
257	1	49	55	60	60	2	225
257	1	49	57	60	60	2	200
257	1	50	6	60	60	2	118
257	1	50	9	60	60	2	115
257	1	50	11	60	60	3	100
257	1	50	13	60	60	2	115
257	1	50	16	60	60	2	118
257	1	50	28	60	60	2	54
257	1	50	30	60	60	3	104
257	1	50	34	60	60	2	42
257	1	50	48	60	60	2	42
257	1	50	52	60	60	3	104
257	1	50	54	60	60	2	54
257	1	51	0	60	60	2	99
257	1	51	3	60	60	2	62
257	1	51	6	60	60	2	94
257	1	51	17	60	60	2	32
257	1	51	19	60	60	2	57
257	1	51	22	60	60	3	inf
257	1	51	25	60	60	2	200
257	1	51	27	60	60	2	225
257	1	51	38	60	60	2	163
257	1	51	41	60	60	2	195
257	1	51	44	60	60	2	158
257	1	51	45	60	60	2	184
257	1	51	47	60	60	2	239
257	1	51	49	60	60	2	44
257	1	51	51	60	60	2	20
257	1	51	52	60	60	3	0
257	1	51	53	60	60	2	237
257	1	51	55	60	60	2	213
257	1	51	57	60	60	2	18
257	1	51	59	60	60	2	73
257	1	52	10	60	60	2	215
257	1	52	14	60	60	3	153
257	1	52	16	60	60	2	203
257	1	52	28	60	60	2	139
257	1	52	30	60	60	3	inf
257	1	52	31	60	60	2	142
257	1	52	32	60	60	3	inf
257	1	52	33	60	60	3	157
257	1	52	35	60	60	2	142
257	1	52	38	60	60	2	139
257	1	52	50	60	60	2	203
257	1	52	52	60	60	3	153
257	1	52	56	60	60	2	215
257	1	53	0	60	60	2	94
257	1	53	3	60	60	2	62
257	1	53	6	60	60	2	99
257	1	53	7	60	60	2	73
257	1	53	9	60	60	2	18
257	1	53	11	60	60	2	213
257	1	53	13	60	60	2	237
257	1	53	14	60	60	3	0
257	1	53	15	60	60	2	20
257	1	53	17	60	60	2	44
257	1	53	19	60	60	2	239
257	1	53	21	60	60	2	184
257	1	53	22	60	60	2	158
257	1	53	25	60	60	2	195
257	1	53	28	60	60	2	163
257	1	53	39	60	60	2	225
257	1	53	41	60	60	2	200
257	1	53	44	60	60	3	inf
257	1	53	47	60	60	2	57
257	1	53	49	60	60	2	32
257	1	54	0	60	60	2	118
257	1	54	12	60	60	2	54
257	1	54	14	60	60	3	104
257	1	54	18	60	60	2	42
257	1	54	32	60	60	2	42
257	1	54	36	60	60	3	104
257	1	54	38	60	60	2	54
257	1	54	50	60	60	2	118
257	1	54	53	60	60	2	115
257	1	54	55	60	60	3	100
257	1	54	57	60	60	2	115
257	1	55	1	60	60	2	32
257	1	55	3	60	60	2	57
257	1	55	6	60	60	3	inf
257	1	55	9	60	60	2	200
257	1	55	11	60	60	2	225
257	1	55	22	60	60	2	163
257	1	55	25	60	60	2	195
257	1	55	28	60	60	2	158
257	1	55	29	60	60	2	184
257	1	55	31	60	60	2	239
257	1	55	33	60	60	2	44
257	1	55	35	60	60	2	20
257	1	55	36	60	60	3	0
257	1	55	37	60	60	2	237
257	1	55	39	60	60	2	213
257	1	55	41	60	60	2	18
257	1	55	43	60	60	2	73
257	1	55	44	60	60	2	99
257	1	55	47	60	60	2	62
257	1	55	50	60	60	2	94
257	1	56	0	60	60	2	203
257	1	56	12	60	60	2	139
257	1	56	14	60	60	3	inf
257	1	56	15	60	60	2	142
257	1	56	16	60	60	3	inf
257	1	56	17	60	60	3	157
257	1	56	19	60	60	2	142
257	1	56	22	60	60	2	139
257	1	56	34	60	60	2	203
257	1	56	36	60	60	3	153
257	1	56	40	60	60	2	215
257	1	56	54	60	60	2	215
257	1	56	58	60	60	3	153
257	1	57	1	60	60	2	44
257	1	57	3	60	60	2	239
257	1	57	5	60	60	2	184
257	1	57	6	60	60	2	158
257	1	57	9	60	60	2	195
257	1	57	12	60	60	2	163
257	1	57	23	60	60	2	225
257	1	57	25	60	60	2	200
257	1	57	28	60	60	3	inf
257	1	57	31	60	60	2	57
257	1	57	33	60	60	2	32
257	1	57	44	60	60	2	94
257	1	57	47	60	60	2	62
257	1	57	50	60	60	2	99
257	1	57	51	60	60	2	73
257	1	57	53	60	60	2	18
257	1	57	55	60	60	2	213
257	1	57	57	60	60	2	237
257	1	57	58	60	60	3	0
257	1	57	59	60	60	2	20
257	1	58	2	60	60	2	42
257	1	58	16	60	60	2	42
257	1	58	20	60	60	3	104
257	1	58	22	60	60	2	54
257	1	58	34	60	60	2	118
257	1	58	37	60	60	2	115
257	1	58	39	60	60	3	100
257	1	58	41	60	60	2	115
257	1	58	44	60	60	2	118
257	1	58	56	60	60	2	54
257	1	58	58	60	60	3	104
257	1	59	6	60	60	2	163
257	1	59	9	60	60	2	195
257	1	59	12	60	60	2	158
257	1	59	13	60	60	2	184
257	1	59	15	60	60	2	239
257	1	59	17	60	60	2	44
257	1	59	19	60	60	2	20
257	1	59	20	60	60	3	0
257	1	59	21	60	60	2	237
257	1	59	23	60	60	2	213
257	1	59	25	60	60	2	18
257	1	59	27	60	60	2	73
257	1	59	28	60	60	2	99
257	1	59	31	60	60	2	62
257	1	59	34	60	60	2	94
257	1	59	45	60	60	2	32
257	1	59	47	60	60	2	57
257	1	59	50	60	60	3	inf
257	1	59	53	60	60	2	200
257	1	59	55	60	60	2	225
257	2	0	1	60	60	3	inf
257	2	0	4	60	60	2	57
257	2	0	6	60	60	2	32
257	2	0	17	60	60	2	94
257	2	0	20	60	60	2	62
257	2	0	23	60	60	2	99
257	2	0	24	60	60	2	73
257	2	0	26	60	60	2	18
257	2	0	28	60	60	2	213
257	2	0	30	60	60	2	237
257	2	0	31	60	60	3	0
257	2	0	32	60	60	2	20
257	2	0	34	60	60	2	44
257	2	0	36	60	60	2	239
257	2	0	38	60	60	2	184
257	2	0	39	60	60	2	158
257	2	0	42	60	60	2	195
257	2	0	45	60	60	2	163
257	2	0	56	60	60	2	225
257	2	0	58	60	60	2	200
257	2	1	7	60	60	2	118
257	2	1	10	60	60	2	115
257	2	1	12	60	60	3	100
257	2	1	14	60	60	2	115
257	2	1	17	60	60	2	118
257	2	1	29	60	60	2	54
257	2	1	31	60	60	3	104
257	2	1	35	60	60	2	42
257	2	1	49	60	60	2	42
257	2	1	53	60	60	3	104
257	2	1	55	60	60	2	54
257	2	2	0	60	60	2	73
257	2	2	1	60	60	2	99
257	2	2	4	60	60	2	62
257	2	2	7	60	60	2	94
257	2	2	18	60	60	2	32
257	2	2	20	60	60	2	57
257	2	2	23	60	60	3	inf
257	2	2	26	60	60	2	200
257	2	2	28	60	60	2	225
257	2	2	39	60	60	2	163
257	2	2	42	60	60	2	195
257	2	2	45	60	60	2	158
257	2	2	46	60	60	2	184
257	2	2	48	60	60	2	239
257	2	2	50	60	60	2	44
257	2	2	52	60	60	2	20
257	2	2	53	60	60	3	0
257	2	2	54	60	60	2	237
257	2	2	56	60	60	2	213
257	2	2	58	60	60	2	18
257	2	3	11	60	60	2	215
257	2	3	15	60	60	3	153
257	2	3	17	60	60	2	203
257	2	3	29	60	60	2	139
257	2	3	31	60	60	3	inf
257	2	3	32	60	60	2	142
257	2	3	33	60	60	3	inf
257	2	3	34	60	60	3	157
257	2	3	36	60	60	2	142
257	2	3	39	60	60	2	139
257	2	3	51	60	60	2	203
257	2	3	53	60	60	3	153
257	2	3	57	60	60	2	215
257	2	4	1	60	60	2	94
257	2	4	4	60	60	2	62
257	2	4	7	60	60	2	99
257	2	4	8	60	60	2	73
257	2	4	10	60	60	2	18
257	2	4	12	60	60	2	213
257	2	4	14	60	60	2	237
257	2	4	15	60	60	3	0
257	2	4	16	60	60	2	20
257	2	4	18	60	60	2	44
257	2	4	20	60	60	2	239
257	2	4	22	60	60	2	184
257	2	4	23	60	60	2	158
257	2	4	26	60	60	2	195
257	2	4	29	60	60	2	163
257	2	4	40	60	60	2	225
257	2	4	42	60	60	2	200
257	2	4	45	60	60	3	inf
257	2	4	48	60	60	2	57
257	2	4	50	60	60	2	32
257	2	5	1	60	60	2	118
257	2	5	13	60	60	2	54
257	2	5	15	60	60	3	104
257	2	5	19	60	60	2	42
257	2	5	33	60	60	2	42
257	2	5	37	60	60	3	104
257	2	5	39	60	60	2	54
257	2	5	51	60	60	2	118
257	2	5	54	60	60	2	115
257	2	5	56	60	60	3	100
257	2	5	58	60	60	2	115
257	2	6	2	60	60	2	32
257	2	6	4	60	60	2	57
257	2	6	7	60	60	3	inf
257	2	6	10	60	60	2	200
257	2	6	12	60	60	2	225
257	2	6	23	60	60	2	163
257	2	6	26	60	60	2	195
257	2	6	29	60	60	2	158
257	2	6	30	60	60	2	184
257	2	6	32	60	60	2	239
257	2	6	34	60	60	2	44
257	2	6	36	60	60	2	20
257	2	6	37	60	60	3	0
257	2	6	38	60	60	2	237
257	2	6	40	60	60	2	213
257	2	6	42	60	60	2	18
257	2	6	44	60	60	2	73
257	2	6	45	60	60	2	99
257	2	6	48	60	60	2	62
257	2	6	51	60	60	2	94
257	2	7	1	60	60	2	203
257	2	7	13	60	60	2	139
257	2	7	15	60	60	3	inf
257	2	7	16	60	60	2	142
257	2	7	17	60	60	3	inf
257	2	7	18	60	60	3	157
257	2	7	20	60	60	2	142
257	2	7	23	60	60	2	139
257	2	7	35	60	60	2	203
257	2	7	37	60	60	3	153
257	2	7	41	60	60	2	215
257	2	7	55	60	60	2	215
257	2	7	59	60	60	3	153
257	2	8	0	60	60	2	20
257	2	8	2	60	60	2	44
257	2	8	4	60	60	2	239
257	2	8	6	60	60	2	184
257	2	8	7	60	60	2	158
257	2	8	10	60	60	2	195
257	2	8	13	60	60	2	163
257	2	8	24	60	60	2	225
257	2	8	26	60	60	2	200
257	2	8	29	60	60	3	inf
257	2	8	32	60	60	2	57
257	2	8	34	60	60	2	32
257	2	8	45	60	60	2	94
257	2	8	48	60	60	2	62
257	2	8	51	60	60	2	99
257	2	8	52	60	60	2	73
257	2	8	54	60	60	2	18
257	2	8	56	60	60	2	213
257	2	8	58	60	60	2	237
257	2	8	59	60	60	3	0
257	2	9	3	60	60	2	42
257	2	9	17	60	60	2	42
257	2	9	21	60	60	3	104
257	2	9	23	60	60	2	54
257	2	9	35	60	60	2	118
257	2	9	38	60	60	2	115
257	2	9	40	60	60	3	100
257	2	9	42	60	60	2	115
257	2	9	45	60	60	2	118
257	2	9	57	60	60	2	54
257	2	9	59	60	60	3	104
257	2	10	7	60	60	2	163
257	2	10	10	60	60	2	195
257	2	10	13	60	60	2	158
257	2	10	14	60	60	2	184
257	2	10	16	60	60	2	239
257	2	10	18	60	60	2	44
257	2	10	20	60	60	2	20
257	2	10	21	60	60	3	0
257	2	10	22	60	60	2	237
257	2	10	24	60	60	2	213
257	2	10	26	60	60	2	18
257	2	10	28	60	60	2	73
257	2	10	29	60	60	2	99
257	2	10	32	60	60	2	62
257	2	10	35	60	60	2	94
257	2	10	46	60	60	2	32
257	2	10	48	60	60	2	57
257	2	10	51	60	60	3	inf
257	2	10	54	60	60	2	200
257	2	10	56	60	60	2	225
257	2	11	0	60	60	2	142
257	2	11	1	60	60	3	inf
257	2	11	2	60	60	3	157
257	2	11	4	60	60	2	142
257	2	11	7	60	60	2	139
257	2	11	19	60	60	2	203
257	2	11	21	60	60	3	153
257	2	11	25	60	60	2	215
257	2	11	39	60	60	2	215
257	2	11	43	60	60	3	153
257	2	11	45	60	60	2	203
257	2	11	57	60	60	2	139
257	2	11	59	60	60	3	inf
257	2	12	8	60	60	2	225
257	2	12	10	60	60	2	200
257	2	12	13	60	60	3	inf
257	2	12	16	60	60	2	57
257	2	12	18	60	60	2	32
257	2	12	29	60	60	2	94
257	2	12	32	60	60	2	62
257	2	12	35	60	60	2	99
257	2	12	36	60	60	2	73
257	2	12	38	60	60	2	18
257	2	12	40	60	60	2	213
257	2	12	42	60	60	2	237
257	2	12	43	60	60	3	0
257	2	12	44	60	60	2	20
257	2	12	46	60	60	2	44
257	2	12	48	60	60	2	239
257	2	12	50	60	60	2	184
257	2	12	51	60	60	2	158
257	2	12	54	60	60	2	195
257	2	12	57	60	60	2	163
257	2	13	1	60	60	2	42
257	2	13	5	60	60	3	104
257	2	13	7	60	60	2	54
257	2	13	19	60	60	2	118
257	2	13	22	60	60	2	115
257	2	13	24	60	60	3	100
257	2	13	26	60	60	2	115
257	2	13	29	60	60	2	118
257	2	13	41	60	60	2	54
257	2	13	43	60	60	3	104
257	2	13	47	60	60	2	42
257	2	14	0	60	60	2	239
257	2	14	2	60	60	2	44
257	2	14	4	60	60	2	20
257	2	14	5	60	60	3	0
257	2	14	6	60	60	2	237
257	2	14	8	60	60	2	213
257	2	14	10	60	60	2	18
257	2	14	12	60	60	2	73
257	2	14	13	60	60	2	99
257	2	14	16	60	60	2	62
257	2	14	19	60	60	2	94
257	2	14	30	60	60	2	32
257	2	14	32	60	60	2	57
257	2	14	35	60	60	3	inf
257	2	14	38	60	60	2	200
257	2	14	40	60	60	2	225
257	2	14	51	60	60	2	163
257	2	14	54	60	60	2	195
257	2	14	57	60	60	2	158
257	2	14	58	60	60	2	184
257	2	15	3	60	60	2	203
257	2	15	5	60	60	3	153
257	2	15	9	60	60	2	215
257	2	15	23	60	60	2	215
257	2	15	27	60	60	3	153
257	2	15	29	60	60	2	203
257	2	15	41	60	60	2	139
257	2	15	43	60	60	3	inf
257	2	15	44	60	60	2	142
257	2	15	45	60	60	3	inf
257	2	15	46	60	60	3	157
257	2	15	48	60	60	2	142
257	2	15	51	60	60	2	139
257	2	16	0	60	60	2	57
257	2	16	2	60	60	2	32
257	2	16	13	60	60	2	94
257	2	16	16	60	60	2	62
257	2	16	19	60	60	2	99
257	2	16	20	60	60	2	73
257	2	16	22	60	60	2	18
257	2	16	24	60	60	2	213
257	2	16	26	60	60	2	237
257	2	16	27	60	60	3	0
257	2	16	28	60	60	2	20
257	2	16	30	60	60	2	44
257	2	16	32	60	60	2	239
257	2	16	34	60	60	2	184
257	2	16	35	60	60	2	158
257	2	16	38	60	60	2	195
257	2	16	41	60	60	2	163
257	2	16	52	60	60	2	225
257	2	16	54	60	60	2	200
257	2	16	57	60	60	3	inf
257	2	17	3	60	60	2	118
257	2	17	6	60	60	2	115
257	2	17	8	60	60	3	100
257	2	17	10	60	60	2	115
257	2	17	13	60	60	2	118
257	2	17	25	60	60	2	54
257	2	17	27	60	60	3	104
257	2	17	31	60	60	2	42
257	2	17	45	60	60	2	42
257	2	17	49	60	60	3	104
257	2	17	51	60	60	2	54
257	2	18	0	60	60	2	62
257	2	18	3	60	60	2	94
257	2	18	14	60	60	2	32
257	2	18	16	60	60	2	57
257	2	18	19	60	60	3	inf
257	2	18	22	60	60	2	200
257	2	18	24	60	60	2	225
257	2	18	35	60	60	2	163
257	2	18	38	60	60	2	195
257	2	18	41	60	60	2	158
257	2	18	42	60	60	2	184
257	2	18	44	60	60	2	239
257	2	18	46	60	60	2	44
257	2	18	48	60	60	2	20
257	2	18	49	60	60	3	0
257	2	18	50	60	60	2	237
257	2	18	52	60	60	2	213
257	2	18	54	60	60	2	18
257	2	18	56	60	60	2	73
257	2	18	57	60	60	2	99
257	2	19	7	60	60	2	215
257	2	19	11	60	60	3	153
257	2	19	13	60	60	2	203
257	2	19	25	60	60	2	139
257	2	19	27	60	60	3	inf
257	2	19	28	60	60	2	142
257	2	19	29	60	60	3	inf
257	2	19	30	60	60	3	157
257	2	19	32	60	60	2	142
257	2	19	35	60	60	2	139
257	2	19	47	60	60	2	203
257	2	19	49	60	60	3	153
257	2	19	53	60	60	2	215
257	2	20	0	60	60	2	62
257	2	20	3	60	60	2	99
257	2	20	4	60	60	2	73
257	2	20	6	60	60	2	18
257	2	20	8	60	60	2	213
257	2	20	10	60	60	2	237
257	2	20	11	60	60	3	0
257	2	20	12	60	60	2	20
257	2	20	14	60	60	2	44
257	2	20	16	60	60	2	239
257	2	20	18	60	60	2	184
257	2	20	19	60	60	2	158
257	2	20	22	60	60	2	195
257	2	20	25	60	60	2	163
257	2	20	36	60	60	2	225
257	2	20	38	60	60	2	200
257	2	20	41	60	60	3	inf
257	2	20	44	60	60	2	57
257	2	20	46	60	60	2	32
257	2	20	57	60	60	2	94
257	2	21	9	60	60	2	54
257	2	21	11	60	60	3	104
257	2	21	15	60	60	2	42
257	2	21	29	60	60	2	42
257	2	21	33	60	60	3	104
257	2	21	35	60	60	2	54
257	2	21	47	60	60	2	118
257	2	21	50	60	60	2	115
257	2	21	52	60	60	3	100
257	2	21	54	60	60	2	115
257	2	21	57	60	60	2	118
257	2	22	0	60	60	2	57
257	2	22	3	60	60	3	inf
257	2	22	6	60	60	2	200
257	2	22	8	60	60	2	225
257	2	22	19	60	60	2	163
257	2	22	22	60	60	2	195
257	2	22	25	60	60	2	158
257	2	22	26	60	60	2	184
257	2	22	28	60	60	2	239
257	2	22	30	60	60	2	44
257	2	22	32	60	60	2	20
257	2	22	33	60	60	3	0
257	2	22	34	60	60	2	237
257	2	22	36	60	60	2	213
257	2	22	38	60	60	2	18
257	2	22	40	60	60	2	73
257	2	22	41	60	60	2	99
257	2	22	44	60	60	2	62
257	2	22	47	60	60	2	94
257	2	22	58	60	60	2	32
257	2	23	9	60	60	2	139
257	2	23	11	60	60	3	inf
257	2	23	12	60	60	2	142
257	2	23	13	60	60	3	inf
257	2	23	14	60	60	3	157
257	2	23	16	60	60	2	142
257	2	23	19	60	60	2	139
257	2	23	31	60	60	2	203
257	2	23	33	60	60	3	153
257	2	23	37	60	60	2	215
257	2	23	51	60	60	2	215
257	2	23	55	60	60	3	153
257	2	23	57	60	60	2	203
257	2	24	0	60	60	2	239
257	2	24	2	60	60	2	184
257	2	24	3	60	60	2	158
257	2	24	6	60	60	2	195
257	2	24	9	60	60	2	163
257	2	24	20	60	60	2	225
257	2	24	22	60	60	2	200
257	2	24	25	60	60	3	inf
257	2	24	28	60	60	2	57
257	2	24	30	60	60	2	32
257	2	24	41	60	60	2	94
257	2	24	44	60	60	2	62
257	2	24	47	60	60	2	99
257	2	24	48	60	60	2	73
257	2	24	50	60	60	2	18
257	2	24	52	60	60	2	213
257	2	24	54	60	60	2	237
257	2	24	55	60	60	3	0
257	2	24	56	60	60	2	20
257	2	24	58	60	60	2	44
257	2	25	13	60	60	2	42
257	2	25	17	60	60	3	104
257	2	25	19	60	60	2	54
257	2	25	31	60	60	2	118
257	2	25	34	60	60	2	115
257	2	25	36	60	60	3	100
257	2	25	38	60	60	2	115
257	2	25	41	60	60	2	118
257	2	25	53	60	60	2	54
257	2	25	55	60	60	3	104
257	2	25	59	60	60	2	42
257	2	26	3	60	60	2	163
257	2	26	6	60	60	2	195
257	2	26	9	60	60	2	158
257	2	26	10	60	60	2	184
257	2	26	12	60	60	2	239
257	2	26	14	60	60	2	44
257	2	26	16	60	60	2	20
257	2	26	17	60	60	3	0
257	2	26	18	60	60	2	237
257	2	26	20	60	60	2	213
257	2	26	22	60	60	2	18
257	2	26	24	60	60	2	73
257	2	26	25	60	60	2	99
257	2	26	28	60	60	2	62
257	2	26	31	60	60	2	94
257	2	26	42	60	60	2	32
257	2	26	44	60	60	2	57
257	2	26	47	60	60	3	inf
257	2	26	50	60	60	2	200
257	2	26	52	60	60	2	225
257	2	27	0	60	60	2	142
257	2	27	3	60	60	2	139
257	2	27	15	60	60	2	203
257	2	27	17	60	60	3	153
257	2	27	21	60	60	2	215
257	2	27	35	60	60	2	215
257	2	27	39	60	60	3	153
257	2	27	41	60	60	2	203
257	2	27	53	60	60	2	139
257	2	27	55	60	60	3	inf
257	2	27	56	60	60	2	142
257	2	27	57	60	60	3	inf
257	2	27	58	60	60	3	157
257	2	28	4	60	60	2	225
257	2	28	6	60	60	2	200
257	2	28	9	60	60	3	inf
257	2	28	12	60	60	2	57
257	2	28	14	60	60	2	32
257	2	28	25	60	60	2	94
257	2	28	28	60	60	2	62
257	2	28	31	60	60	2	99
257	2	28	32	60	60	2	73
257	2	28	34	60	60	2	18
257	2	28	36	60	60	2	213
257	2	28	38	60	60	2	237
257	2	28	39	60	60	3	0
257	2	28	40	60	60	2	20
257	2	28	42	60	60	2	44
257	2	28	44	60	60	2	239
257	2	28	46	60	60	2	184
257	2	28	47	60	60	2	158
257	2	28	50	60	60	2	195
257	2	28	53	60	60	2	163
257	2	29	1	60	60	3	104
257	2	29	3	60	60	2	54
257	2	29	15	60	60	2	118
257	2	29	18	60	60	2	115
257	2	29	20	60	60	3	100
257	2	29	22	60	60	2	115
257	2	29	25	60	60	2	118
257	2	29	37	60	60	2	54
257	2	29	39	60	60	3	104
257	2	29	43	60	60	2	42
257	2	29	57	60	60	2	42
257	2	30	0	60	60	2	20
257	2	30	1	60	60	3	0
257	2	30	2	60	60	2	237
257	2	30	4	60	60	2	213
257	2	30	6	60	60	2	18
257	2	30	8	60	60	2	73
257	2	30	9	60	60	2	99
257	2	30	12	60	60	2	62
257	2	30	15	60	60	2	94
257	2	30	26	60	60	2	32
257	2	30	28	60	60	2	57
257	2	30	31	60	60	3	inf
257	2	30	34	60	60	2	200
257	2	30	36	60	60	2	225
257	2	30	47	60	60	2	163
257	2	30	50	60	60	2	195
257	2	30	53	60	60	2	158
257	2	30	54	60	60	2	184
257	2	30	56	60	60	2	239
257	2	30	58	60	60	2	44
257	2	31	1	60	60	3	153
257	2	31	5	60	60	2	215
257	2	31	19	60	60	2	215
257	2	31	23	60	60	3	153
257	2	31	25	60	60	2	203
257	2	31	37	60	60	2	139
257	2	31	39	60	60	3	inf
257	2	31	40	60	60	2	142
257	2	31	41	60	60	3	inf
257	2	31	42	60	60	3	157
257	2	31	44	60	60	2	142
257	2	31	47	60	60	2	139
257	2	31	59	60	60	2	203
257	2	32	9	60	60	2	94
257	2	32	12	60	60	2	62
257	2	32	15	60	60	2	99
257	2	32	16	60	60	2	73
257	2	32	18	60	60	2	18
257	2	32	20	60	60	2	213
257	2	32	22	60	60	2	237
257	2	32	23	60	60	3	0
257	2	32	24	60	60	2	20
257	2	32	26	60	60	2	44
257	2	32	28	60	60	2	239
257	2	32	30	60	60	2	184
257	2	32	31	60	60	2	158
257	2	32	34	60	60	2	195
257	2	32	37	60	60	2	163
257	2	32	48	60	60	2	225
257	2	32	50	60	60	2	200
257	2	32	53	60	60	3	inf
257	2	32	56	60	60	2	57
257	2	32	58	60	60	2	32
257	2	33	2	60	60	2	115
257	2	33	4	60	60	3	100
257	2	33	6	60	60	2	115
257	2	33	9	60	60	2	118
257	2	33	21	60	60	2	54
257	2	33	23	60	60	3	104
257	2	33	27	60	60	2	42
257	2	33	41	60	60	2	42
257	2	33	45	60	60	3	104
257	2	33	47	60	60	2	54
257	2	33	59	60	60	2	118
257	2	34	10	60	60	2	32
257	2	34	12	60	60	2	57
257	2	34	15	60	60	3	inf
257	2	34	18	60	60	2	200
257	2	34	20	60	60	2	225
257	2	34	31	60	60	2	163
257	2	34	34	60	60	2	195
257	2	34	37	60	60	2	158
257	2	34	38	60	60	2	184
257	2	34	40	60	60	2	239
257	2	34	42	60	60	2	44
257	2	34	44	60	60	2	20
257	2	34	45	60	60	3	0
257	2	34	46	60	60	2	237
257	2	34	48	60	60	2	213
257	2	34	50	60	60	2	18
257	2	34	52	60	60	2	73
257	2	34	53	60	60	2	99
257	2	34	56	60	60	2	62
257	2	34	59	60	60	2	94
257	2	35	3	60	60	2	215
257	2	35	7	60	60	3	153
257	2	35	9	60	60	2	203
257	2	35	21	60	60	2	139
257	2	35	23	60	60	3	inf
257	2	35	24	60	60	2	142
257	2	35	25	60	60	3	inf
257	2	35	26	60	60	3	157
257	2	35	28	60	60	2	142
257	2	35	31	60	60	2	139
257	2	35	43	60	60	2	203
257	2	35	45	60	60	3	153
257	2	35	49	60	60	2	215
257	2	36	0	60	60	2	73
257	2	36	2	60	60	2	18
257	2	36	4	60	60	2	213
257	2	36	6	60	60	2	237
257	2	36	7	60	60	3	0
257	2	36	8	60	60	2	20
257	2	36	10	60	60	2	44
257	2	36	12	60	60	2	239
257	2	36	14	60	60	2	184
257	2	36	15	60	60	2	158
257	2	36	18	60	60	2	195
257	2	36	21	60	60	2	163
257	2	36	32	60	60	2	225
257	2	36	34	60	60	2	200
257	2	36	37	60	60	3	inf
257	2	36	40	60	60	2	57
257	2	36	42	60	60	2	32
257	2	36	53	60	60	2	94
257	2	36	56	60	60	2	62
257	2	36	59	60	60	2	99
257	2	37	5	60	60	2	54
257	2	37	7	60	60	3	104
257	2	37	11	60	60	2	42
257	2	37	25	60	60	2	42
257	2	37	29	60	60	3	104
257	2	37	31	60	60	2	54
257	2	37	43	60	60	2	118
257	2	37	46	60	60	2	115
257	2	37	48	60	60	3	100
257	2	37	50	60	60	2	115
257	2	37	53	60	60	2	118
257	2	38	2	60	60	2	200
257	2	38	4	60	60	2	225
257	2	38	15	60	60	2	163
257	2	38	18	60	60	2	195
257	2	38	21	60	60	2	158
257	2	38	22	60	60	2	184
257	2	38	24	60	60	2	239
257	2	38	26	60	60	2	44
257	2	38	28	60	60	2	20
257	2	38	29	60	60	3	0
257	2	38	30	60	60	2	237
257	2	38	32	60	60	2	213
257	2	38	34	60	60	2	18
257	2	38	36	60	60	2	73
257	2	38	37	60	60	2	99
257	2	38	40	60	60	2	62
257	2	38	43	60	60	2	94
257	2	38	54	60	60	2	32
257	2	38	56	60	60	2	57
257	2	38	59	60	60	3	inf
257	2	39	5	60	60	2	139
257	2	39	7	60	60	3	inf
257	2	39	8	60	60	2	142
257	2	39	9	60	60	3	inf
257	2	39	10	60	60	3	157
257	2	39	12	60	60	2	142
257	2	39	15	60	60	2	139
257	2	39	27	60	60	2	203
257	2	39	29	60	60	3	153
257	2	39	33	60	60	2	215
257	2	39	47	60	60	2	215
257	2	39	51	60	60	3	153
257	2	39	53	60	60	2	203
257	2	40	2	60	60	2	195
257	2	40	5	60	60	2	163
257	2	40	16	60	60	2	225
257	2	40	18	60	60	2	200
257	2	40	21	60	60	3	inf
257	2	40	24	60	60	2	57
257	2	40	26	60	60	2	32
257	2	40	37	60	60	2	94
257	2	40	40	60	60	2	62
257	2	40	43	60	60	2	99
257	2	40	44	60	60	2	73
257	2	40	46	60	60	2	18
257	2	40	48	60	60	2	213
257	2	40	50	60	60	2	237
257	2	40	51	60	60	3	0
257	2	40	52	60	60	2	20
257	2	40	54	60	60	2	44
257	2	40	56	60	60	2	239
257	2	40	58	60	60	2	184
257	2	40	59	60	60	2	158
257	2	41	9	60	60	2	42
257	2	41	13	60	60	3	104
257	2	41	15	60	60	2	54
257	2	41	27	60	60	2	118
257	2	41	30	60	60	2	115
257	2	41	32	60	60	3	100
257	2	41	34	60	60	2	115
257	2	41	37	60	60	2	118
257	2	41	49	60	60	2	54
257	2	41	51	60	60	3	104
257	2	41	55	60	60	2	42
257	2	42	2	60	60	2	195
257	2	42	5	60	60	2	158
257	2	42	6	60	60	2	184
257	2	42	8	60	60	2	239
257	2	42	10	60	60	2	44
257	2	42	12	60	60	2	20
257	2	42	13	60	60	3	0
257	2	42	14	60	60	2	237
257	2	42	16	60	60	2	213
257	2	42	18	60	60	2	18
257	2	42	20	60	60	2	73
257	2	42	21	60	60	2	99
257	2	42	24	60	60	2	62
257	2	42	27	60	60	2	94
257	2	42	38	60	60	2	32
257	2	42	40	60	60	2	57
257	2	42	43	60	60	3	inf
257	2	42	46	60	60	2	200
257	2	42	48	60	60	2	225
257	2	42	59	60	60	2	163
257	2	43	11	60	60	2	203
257	2	43	13	60	60	3	153
257	2	43	17	60	60	2	215
257	2	43	31	60	60	2	215
257	2	43	35	60	60	3	153
257	2	43	37	60	60	2	203
257	2	43	49	60	60	2	139
257	2	43	51	60	60	3	inf
257	2	43	52	60	60	2	142
257	2	43	53	60	60	3	inf
257	2	43	54	60	60	3	157
257	2	43	56	60	60	2	142
257	2	43	59	60	60	2	139
257	2	44	0	60	60	2	225
257	2	44	2	60	60	2	200
257	2	44	5	60	60	3	inf
257	2	44	8	60	60	2	57
257	2	44	10	60	60	2	32
257	2	44	21	60	60	2	94
257	2	44	24	60	60	2	62
257	2	44	27	60	60	2	99
257	2	44	28	60	60	2	73
257	2	44	30	60	60	2	18
257	2	44	32	60	60	2	213
257	2	44	34	60	60	2	237
257	2	44	35	60	60	3	0
257	2	44	36	60	60	2	20
257	2	44	38	60	60	2	44
257	2	44	40	60	60	2	239
257	2	44	42	60	60	2	184
257	2	44	43	60	60	2	158
257	2	44	46	60	60	2	195
257	2	44	49	60	60	2	163
257	2	45	11	60	60	2	118
257	2	45	14	60	60	2	115
257	2	45	16	60	60	3	100
257	2	45	18	60	60	2	115
257	2	45	21	60	60	2	118
257	2	45	33	60	60	2	54
257	2	45	35	60	60	3	104
257	2	45	39	60	60	2	42
257	2	45	53	60	60	2	42
257	2	45	57	60	60	3	104
257	2	45	59	60	60	2	54
257	2	46	0	60	60	2	213
257	2	46	2	60	60	2	18
257	2	46	4	60	60	2	73
257	2	46	5	60	60	2	99
257	2	46	8	60	60	2	62
257	2	46	11	60	60	2	94
257	2	46	22	60	60	2	32
257	2	46	24	60	60	2	57
257	2	46	27	60	60	3	inf
257	2	46	30	60	60	2	200
257	2	46	32	60	60	2	225
257	2	46	43	60	60	2	163
257	2	46	46	60	60	2	195
257	2	46	49	60	60	2	158
257	2	46	50	60	60	2	184
257	2	46	52	60	60	2	239
257	2	46	54	60	60	2	44
257	2	46	56	60	60	2	20
257	2	46	57	60	60	3	0
257	2	46	58	60	60	2	237
257	2	47	1	60	60	2	215
257	2	47	15	60	60	2	215
257	2	47	19	60	60	3	153
257	2	47	21	60	60	2	203
257	2	47	33	60	60	2	139
257	2	47	35	60	60	3	inf
257	2	47	36	60	60	2	142
257	2	47	37	60	60	3	inf
257	2	47	38	60	60	3	157
257	2	47	40	60	60	2	142
257	2	47	43	60	60	2	139
257	2	47	55	60	60	2	203
257	2	47	57	60	60	3	153
257	2	48	5	60	60	2	94
257	2	48	8	60	60	2	62
257	2	48	11	60	60	2	99
257	2	48	12	60	60	2	73
257	2	48	14	60	60	2	18
257	2	48	16	60	60	2	213
257	2	48	18	60	60	2	237
257	2	48	19	60	60	3	0
257	2	48	20	60	60	2	20
257	2	48	22	60	60	2	44
257	2	48	24	60	60	2	239
257	2	48	26	60	60	2	184
257	2	48	27	60	60	2	158
257	2	48	30	60	60	2	195
257	2	48	33	60	60	2	163
257	2	48	44	60	60	2	225
257	2	48	46	60	60	2	200
257	2	48	49	60	60	3	inf
257	2	48	52	60	60	2	57
257	2	48	54	60	60	2	32
257	2	49	0	60	60	3	100
257	2	49	2	60	60	2	115
257	2	49	5	60	60	2	118
257	2	49	17	60	60	2	54
257	2	49	19	60	60	3	104
257	2	49	23	60	60	2	42
257	2	49	37	60	60	2	42
257	2	49	41	60	60	3	104
257	2	49	43	60	60	2	54
257	2	49	55	60	60	2	118
257	2	49	58	60	60	2	115
257	2	50	6	60	60	2	32
257	2	50	8	60	60	2	57
257	2	50	11	60	60	3	inf
257	2	50	14	60	60	2	200
257	2	50	16	60	60	2	225
257	2	50	27	60	60	2	163
257	2	50	30	60	60	2	195
257	2	50	33	60	60	2	158
257	2	50	34	60	60	2	184
257	2	50	36	60	60	2	239
257	2	50	38	60	60	2	44
257	2	50	40	60	60	2	20
257	2	50	41	60	60	3	0
257	2	50	42	60	60	2	237
257	2	50	44	60	60	2	213
257	2	50	46	60	60	2	18
257	2	50	48	60	60	2	73
257	2	50	49	60	60	2	99
257	2	50	52	60	60	2	62
257	2	50	55	60	60	2	94
257	2	51	3	60	60	3	153
257	2	51	5	60	60	2	203
257	2	51	17	60	60	2	139
257	2	51	19	60	60	3	inf
257	2	51	20	60	60	2	142
257	2	51	21	60	60	3	inf
257	2	51	22	60	60	3	157
257	2	51	24	60	60	2	142
257	2	51	27	60	60	2	139
257	2	51	39	60	60	2	203
257	2	51	41	60	60	3	153
257	2	51	45	60	60	2	215
257	2	51	59	60	60	2	215
257	2	52	0	60	60	2	213
257	2	52	2	60	60	2	237
257	2	52	3	60	60	3	0
257	2	52	4	60	60	2	20
257	2	52	6	60	60	2	44
257	2	52	8	60	60	2	239
257	2	52	10	60	60	2	184
257	2	52	11	60	60	2	158
257	2	52	14	60	60	2	195
257	2	52	17	60	60	2	163
257	2	52	28	60	60	2	225
257	2	52	30	60	60	2	200
257	2	52	33	60	60	3	inf
257	2	52	36	60	60	2	57
257	2	52	38	60	60	2	32
257	2	52	49	60	60	2	94
257	2	52	52	60	60	2	62
257	2	52	55	60	60	2	99
257	2	52	56	60	60	2	73
257	2	52	58	60	60	2	18
257	2	53	1	60	60	2	54
257	2	53	3	60	60	3	104
257	2	53	7	60	60	2	42
257	2	53	21	60	60	2	42
257	2	53	25	60	60	3	104
257	2	53	27	60	60	2	54
257	2	53	39	60	60	2	118
257	2	53	42	60	60	2	115
257	2	53	44	60	60	3	100
257	2	53	46	60	60	2	115
257	2	53	49	60	60	2	118
257	2	54	0	60	60	2	225
257	2	54	11	60	60	2	163
257	2	54	14	60	60	2	195
257	2	54	17	60	60	2	158
257	2	54	18	60	60	2	184
257	2	54	20	60	60	2	239
257	2	54	22	60	60	2	44
257	2	54	24	60	60	2	20
257	2	54	25	60	60	3	0
257	2	54	26	60	60	2	237
257	2	54	28	60	60	2	213
257	2	54	30	60	60	2	18
257	2	54	32	60	60	2	73
257	2	54	33	60	60	2	99
257	2	54	36	60	60	2	62
257	2	54	39	60	60	2	94
257	2	54	50	60	60	2	32
257	2	54	52	60	60	2	57
257	2	54	55	60	60	3	inf
257	2	54	58	60	60	2	200
257	2	55	1	60	60	2	139
257	2	55	3	60	60	3	inf
257	2	55	4	60	60	2	142
257	2	55	5	60	60	3	inf
257	2	55	6	60	60	3	157
257	2	55	8	60	60	2	142
257	2	55	11	60	60	2	139
257	2	55	23	60	60	2	203
257	2	55	25	60	60	3	153
257	2	55	29	60	60	2	215
257	2	55	43	60	60	2	215
257	2	55	47	60	60	3	153
257	2	55	49	60	60	2	203
257	2	56	1	60	60	2	163
257	2	56	12	60	60	2	225
257	2	56	14	60	60	2	200
257	2	56	17	60	60	3	inf
257	2	56	20	60	60	2	57
257	2	56	22	60	60	2	32
257	2	56	33	60	60	2	94
257	2	56	36	60	60	2	62
257	2	56	39	60	60	2	99
257	2	56	40	60	60	2	73
257	2	56	42	60	60	2	18
257	2	56	44	60	60	2	213
257	2	56	46	60	60	2	237
257	2	56	47	60	60	3	0
257	2	56	48	60	60	2	20
257	2	56	50	60	60	2	44
257	2	56	52	60	60	2	239
257	2	56	54	60	60	2	184
257	2	56	55	60	60	2	158
257	2	56	58	60	60	2	195
257	2	57	5	60	60	2	42
257	2	57	9	60	60	3	104
257	2	57	11	60	60	2	54
257	2	57	23	60	60	2	118
257	2	57	26	60	60	2	115
257	2	57	28	60	60	3	100
257	2	57	30	60	60	2	115
257	2	57	33	60	60	2	118
257	2	57	45	60	60	2	54
257	2	57	47	60	60	3	104
257	2	57	51	60	60	2	42
257	2	58	1	60	60	2	158
257	2	58	2	60	60	2	184
257	2	58	4	60	60	2	239
257	2	58	6	60	60	2	44
257	2	58	8	60	60	2	20
257	2	58	9	60	60	3	0
257	2	58	10	60	60	2	237
257	2	58	12	60	60	2	213
257	2	58	14	60	60	2	18
257	2	58	16	60	60	2	73
257	2	58	17	60	60	2	99
257	2	58	20	60	60	2	62
257	2	58	23	60	60	2	94
257	2	58	34	60	60	2	32
257	2	58	36	60	60	2	57
257	2	58	39	60	60	3	inf
257	2	58	42	60	60	2	200
257	2	58	44	60	60	2	225
257	2	58	55	60	60	2	163
257	2	58	58	60	60	2	195
257	2	59	7	60	60	2	203
257	2	59	9	60	60	3	153
257	2	59	13	60	60	2	215
257	2	59	27	60	60	2	215
257	2	59	31	60	60	3	153
257	2	59	33	60	60	2	203
257	2	59	45	60	60	2	139
257	2	59	47	60	60	3	inf
257	2	59	48	60	60	2	142
257	2	59	49	60	60	3	inf
257	2	59	50	60	60	3	157
257	2	59	52	60	60	2	142
257	2	59	55	60	60	2	139
257	3	0	1	60	60	3	100
257	3	0	3	60	60	2	115
257	3	0	6	60	60	2	118
257	3	0	18	60	60	2	54
257	3	0	20	60	60	3	104
257	3	0	24	60	60	2	42
257	3	0	38	60	60	2	42
257	3	0	42	60	60	3	104
257	3	0	44	60	60	2	54
257	3	0	56	60	60	2	118
257	3	0	59	60	60	2	115
257	3	1	7	60	60	2	32
257	3	1	9	60	60	2	57
257	3	1	12	60	60	3	inf
257	3	1	15	60	60	2	200
257	3	1	17	60	60	2	225
257	3	1	28	60	60	2	163
257	3	1	31	60	60	2	195
257	3	1	34	60	60	2	158
257	3	1	35	60	60	2	184
257	3	1	37	60	60	2	239
257	3	1	39	60	60	2	44
257	3	1	41	60	60	2	20
257	3	1	42	60	60	3	0
257	3	1	43	60	60	2	237
257	3	1	45	60	60	2	213
257	3	1	47	60	60	2	18
257	3	1	49	60	60	2	73
257	3	1	50	60	60	2	99
257	3	1	53	60	60	2	62
257	3	1	56	60	60	2	94
257	3	2	0	60	60	2	215
257	3	2	4	60	60	3	153
257	3	2	6	60	60	2	203
257	3	2	18	60	60	2	139
257	3	2	20	60	60	3	inf
257	3	2	21	60	60	2	142
257	3	2	22	60	60	3	inf
257	3	2	23	60	60	3	157
257	3	2	25	60	60	2	142
257	3	2	28	60	60	2	139
257	3	2	40	60	60	2	203
257	3	2	42	60	60	3	153
257	3	2	46	60	60	2	215
257	3	3	1	60	60	2	213
257	3	3	3	60	60	2	237
257	3	3	4	60	60	3	0
257	3	3	5	60	60	2	20
257	3	3	7	60	60	2	44
257	3	3	9	60	60	2	239
257	3	3	11	60	60	2	184
257	3	3	12	60	60	2	158
257	3	3	15	60	60	2	195
257	3	3	18	60	60	2	163
257	3	3	29	60	60	2	225
257	3	3	31	60	60	2	200
257	3	3	34	60	60	3	inf
257	3	3	37	60	60	2	57
257	3	3	39	60	60	2	32
257	3	3	50	60	60	2	94
257	3	3	53	60	60	2	62
257	3	3	56	60	60	2	99
257	3	3	57	60	60	2	73
257	3	3	59	60	60	2	18
257	3	4	2	60	60	2	54
257	3	4	4	60	60	3	104
257	3	4	8	60	60	2	42
257	3	4	22	60	60	2	42
257	3	4	26	60	60	3	104
257	3	4	28	60	60	2	54
257	3	4	40	60	60	2	118
257	3	4	43	60	60	2	115
257	3	4	45	60	60	3	100
257	3	4	47	60	60	2	115
257	3	4	50	60	60	2	118
257	3	5	1	60	60	2	225
257	3	5	12	60	60	2	163
257	3	5	15	60	60	2	195
257	3	5	18	60	60	2	158
257	3	5	19	60	60	2	184
257	3	5	21	60	60	2	239
257	3	5	23	60	60	2	44
257	3	5	25	60	60	2	20
257	3	5	26	60	60	3	0
257	3	5	27	60	60	2	237
257	3	5	29	60	60	2	213
257	3	5	31	60	60	2	18
257	3	5	33	60	60	2	73
257	3	5	34	60	60	2	99
257	3	5	37	60	60	2	62
257	3	5	40	60	60	2	94
257	3	5	51	60	60	2	32
257	3	5	53	60	60	2	57
257	3	5	56	60	60	3	inf
257	3	5	59	60	60	2	200
257	3	6	2	60	60	2	139
257	3	6	4	60	60	3	inf
257	3	6	5	60	60	2	142
257	3	6	6	60	60	3	inf
257	3	6	7	60	60	3	157
257	3	6	9	60	60	2	142
257	3	6	12	60	60	2	139
257	3	6	24	60	60	2	203
257	3	6	26	60	60	3	153
257	3	6	30	60	60	2	215
257	3	6	44	60	60	2	215
257	3	6	48	60	60	3	153
257	3	6	50	60	60	2	203
257	3	7	2	60	60	2	163
257	3	7	13	60	60	2	225
257	3	7	15	60	60	2	200
257	3	7	18	60	60	3	inf
257	3	7	21	60	60	2	57
257	3	7	23	60	60	2	32
257	3	7	34	60	60	2	94
257	3	7	37	60	60	2	62
257	3	7	40	60	60	2	99
257	3	7	41	60	60	2	73
257	3	7	43	60	60	2	18
257	3	7	45	60	60	2	213
257	3	7	47	60	60	2	237
257	3	7	48	60	60	3	0
257	3	7	49	60	60	2	20
257	3	7	51	60	60	2	44
257	3	7	53	60	60	2	239
257	3	7	55	60	60	2	184
257	3	7	56	60	60	2	158
257	3	7	59	60	60	2	195
257	3	8	6	60	60	2	42
257	3	8	10	60	60	3	104
257	3	8	12	60	60	2	54
257	3	8	24	60	60	2	118
257	3	8	27	60	60	2	115
257	3	8	29	60	60	3	100
257	3	8	31	60	60	2	115
257	3	8	34	60	60	2	118
257	3	8	46	60	60	2	54
257	3	8	48	60	60	3	104
257	3	8	52	60	60	2	42
257	3	9	2	60	60	2	158
257	3	9	3	60	60	2	184
257	3	9	5	60	60	2	239
257	3	9	7	60	60	2	44
257	3	9	9	60	60	2	20
257	3	9	10	60	60	3	0
257	3	9	11	60	60	2	237
257	3	9	13	60	60	2	213
257	3	9	15	60	60	2	18
257	3	9	17	60	60	2	73
257	3	9	18	60	60	2	99
257	3	9	21	60	60	2	62
257	3	9	24	60	60	2	94
257	3	9	35	60	60	2	32
257	3	9	37	60	60	2	57
257	3	9	40	60	60	3	inf
257	3	9	43	60	60	2	200
257	3	9	45	60	60	2	225
257	3	9	56	60	60	2	163
257	3	9	59	60	60	2	195
257	3	10	8	60	60	2	203
257	3	10	10	60	60	3	153
257	3	10	14	60	60	2	215
257	3	10	28	60	60	2	215
257	3	10	32	60	60	3	153
257	3	10	34	60	60	2	203
257	3	10	46	60	60	2	139
257	3	10	48	60	60	3	inf
257	3	10	49	60	60	2	142
257	3	10	50	60	60	3	inf
257	3	10	51	60	60	3	157
257	3	10	53	60	60	2	142
257	3	10	56	60	60	2	139
257	3	11	2	60	60	3	inf
257	3	11	5	60	60	2	57
257	3	11	7	60	60	2	32
257	3	11	18	60	60	2	94
257	3	11	21	60	60	2	62
257	3	11	24	60	60	2	99
257	3	11	25	60	60	2	73
257	3	11	27	60	60	2	18
257	3	11	29	60	60	2	213
257	3	11	31	60	60	2	237
257	3	11	32	60	60	3	0
257	3	11	33	60	60	2	20
257	3	11	35	60	60	2	44
257	3	11	37	60	60	2	239
257	3	11	39	60	60	2	184
257	3	11	40	60	60	2	158
257	3	11	43	60	60	2	195
257	3	11	46	60	60	2	163
257	3	11	57	60	60	2	225
257	3	11	59	60	60	2	200
257	3	12	8	60	60	2	118
257	3	12	11	60	60	2	115
257	3	12	13	60	60	3	100
257	3	12	15	60	60	2	115
257	3	12	18	60	60	2	118
257	3	12	30	60	60	2	54
257	3	12	32	60	60	3	104
257	3	12	36	60	60	2	42
257	3	12	50	60	60	2	42
257	3	12	54	60	60	3	104
257	3	12	56	60	60	2	54
257	3	13	1	60	60	2	73
257	3	13	2	60	60	2	99
257	3	13	5	60	60	2	62
257	3	13	8	60	60	2	94
257	3	13	19	60	60	2	32
257	3	13	21	60	60	2	57
257	3	13	24	60	60	3	inf
257	3	13	27	60	60	2	200
257	3	13	29	60	60	2	225
257	3	13	40	60	60	2	163
257	3	13	43	60	60	2	195
257	3	13	46	60	60	2	158
257	3	13	47	60	60	2	184
257	3	13	49	60	60	2	239
257	3	13	51	60	60	2	44
257	3	13	53	60	60	2	20
257	3	13	54	60	60	3	0
257	3	13	55	60	60	2	237
257	3	13	57	60	60	2	213
257	3	13	59	60	60	2	18
257	3	14	12	60	60	2	215
257	3	14	16	60	60	3	153
257	3	14	18	60	60	2	203
257	3	14	30	60	60	2	139
257	3	14	32	60	60	3	inf
257	3	14	33	60	60	2	142
257	3	14	34	60	60	3	inf
257	3	14	35	60	60	3	157
257	3	14	37	60	60	2	142
257	3	14	40	60	60	2	139
257	3	14	52	60	60	2	203
257	3	14	54	60	60	3	153
257	3	14	58	60	60	2	215
257	3	15	2	60	60	2	94
257	3	15	5	60	60	2	62
257	3	15	8	60	60	2	99
257	3	15	9	60	60	2	73
257	3	15	11	60	60	2	18
257	3	15	13	60	60	2	213
257	3	15	15	60	60	2	237
257	3	15	16	60	60	3	0
257	3	15	17	60	60	2	20
257	3	15	19	60	60	2	44
257	3	15	21	60	60	2	239
257	3	15	23	60	60	2	184
257	3	15	24	60	60	2	158
257	3	15	27	60	60	2	195
257	3	15	30	60	60	2	163
257	3	15	41	60	60	2	225
257	3	15	43	60	60	2	200
257	3	15	46	60	60	3	inf
257	3	15	49	60	60	2	57
257	3	15	51	60	60	2	32
257	3	16	2	60	60	2	118
257	3	16	14	60	60	2	54
257	3	16	16	60	60	3	104
257	3	16	20	60	60	2	42
257	3	16	34	60	60	2	42
257	3	16	38	60	60	3	104
257	3	16	40	60	60	2	54
257	3	16	52	60	60	2	118
257	3	16	55	60	60	2	115
257	3	16	57	60	60	3	100
257	3	16	59	60	60	2	115
257	3	17	3	60	60	2	32
257	3	17	5	60	60	2	57
257	3	17	8	60	60	3	inf
257	3	17	11	60	60	2	200
257	3	17	13	60	60	2	225
257	3	17	24	60	60	2	163
257	3	17	27	60	60	2	195
257	3	17	30	60	60	2	158
257	3	17	31	60	60	2	184
257	3	17	33	60	60	2	239
257	3	17	35	60	60	2	44
257	3	17	37	60	60	2	20
257	3	17	38	60	60	3	0
257	3	17	39	60	60	2	237
257	3	17	41	60	60	2	213
257	3	17	43	60	60	2	18
257	3	17	45	60	60	2	73
257	3	17	46	60	60	2	99
257	3	17	49	60	60	2	62
257	3	17	52	60	60	2	94
257	3	18	0	60	60	3	153
257	3	18	2	60	60	2	203
257	3	18	14	60	60	2	139
257	3	18	16	60	60	3	inf
257	3	18	17	60	60	2	142
257	3	18	18	60	60	3	inf
257	3	18	19	60	60	3	157
257	3	18	21	60	60	2	142
257	3	18	24	60	60	2	139
257	3	18	36	60	60	2	203
257	3	18	38	60	60	3	153
257	3	18	42	60	60	2	215
257	3	18	56	60	60	2	215
257	3	19	0	60	60	3	0
257	3	19	1	60	60	2	20
257	3	19	3	60	60	2	44
257	3	19	5	60	60	2	239
257	3	19	7	60	60	2	184
257	3	19	8	60	60	2	158
257	3	19	11	60	60	2	195
257	3	19	14	60	60	2	163
257	3	19	25	60	60	2	225
257	3	19	27	60	60	2	200
257	3	19	30	60	60	3	inf
257	3	19	33	60	60	2	57
257	3	19	35	60	60	2	32
257	3	19	46	60	60	2	94
257	3	19	49	60	60	2	62
257	3	19	52	60	60	2	99
257	3	19	53	60	60	2	73
257	3	19	55	60	60	2	18
257	3	19	57	60	60	2	213
257	3	19	59	60	60	2	237
257	3	20	0	60	60	3	104
257	3	20	4	60	60	2	42
257	3	20	18	60	60	2	42
257	3	20	22	60	60	3	104
257	3	20	24	60	60	2	54
257	3	20	36	60	60	2	118
257	3	20	39	60	60	2	115
257	3	20	41	60	60	3	100
257	3	20	43	60	60	2	115
257	3	20	46	60	60	2	118
257	3	20	58	60	60	2	54
257	3	21	8	60	60	2	163
257	3	21	11	60	60	2	195
257	3	21	14	60	60	2	158
257	3	21	15	60	60	2	184
257	3	21	17	60	60	2	239
257	3	21	19	60	60	2	44
257	3	21	21	60	60	2	20
257	3	21	22	60	60	3	0
257	3	21	23	60	60	2	237
257	3	21	25	60	60	2	213
257	3	21	27	60	60	2	18
257	3	21	29	60	60	2	73
257	3	21	30	60	60	2	99
257	3	21	33	60	60	2	62
257	3	21	36	60	60	2	94
257	3	21	47	60	60	2	32
257	3	21	49	60	60	2	57
257	3	21	52	60	60	3	inf
257	3	21	55	60	60	2	200
257	3	21	57	60	60	2	225
257	3	22	0	60	60	3	inf
257	3	22	1	60	60	2	142
257	3	22	2	60	60	3	inf
257	3	22	3	60	60	3	157
257	3	22	5	60	60	2	142
257	3	22	8	60	60	2	139
257	3	22	20	60	60	2	203
257	3	22	22	60	60	3	153
257	3	22	26	60	60	2	215
257	3	22	40	60	60	2	215
257	3	22	44	60	60	3	153
257	3	22	46	60	60	2	203
257	3	22	58	60	60	2	139
257	3	23	9	60	60	2	225
257	3	23	11	60	60	2	200
257	3	23	14	60	60	3	inf
257	3	23	17	60	60	2	57
257	3	23	19	60	60	2	32
257	3	23	30	60	60	2	94
257	3	23	33	60	60	2	62
257	3	23	36	60	60	2	99
257	3	23	37	60	60	2	73
257	3	23	39	60	60	2	18
257	3	23	41	60	60	2	213
257	3	23	43	60	60	2	237
257	3	23	44	60	60	3	0
257	3	23	45	60	60	2	20
257	3	23	47	60	60	2	44
257	3	23	49	60	60	2	239
257	3	23	51	60	60	2	184
257	3	23	52	60	60	2	158
257	3	23	55	60	60	2	195
257	3	23	58	60	60	2	163
257	3	24	2	60	60	2	42
257	3	24	6	60	60	3	104
257	3	24	8	60	60	2	54
257	3	24	20	60	60	2	118
257	3	24	23	60	60	2	115
257	3	24	25	60	60	3	100
257	3	24	27	60	60	2	115
257	3	24	30	60	60	2	118
257	3	24	42	60	60	2	54
257	3	24	44	60	60	3	104
257	3	24	48	60	60	2	42
257	3	25	1	60	60	2	239
257	3	25	3	60	60	2	44
257	3	25	5	60	60	2	20
257	3	25	6	60	60	3	0
257	3	25	7	60	60	2	237
257	3	25	9	60	60	2	213
257	3	25	11	60	60	2	18
257	3	25	13	60	60	2	73
257	3	25	14	60	60	2	99
257	3	25	17	60	60	2	62
257	3	25	20	60	60	2	94
257	3	25	31	60	60	2	32
257	3	25	33	60	60	2	57
257	3	25	36	60	60	3	inf
257	3	25	39	60	60	2	200
257	3	25	41	60	60	2	225
257	3	25	52	60	60	2	163
257	3	25	55	60	60	2	195
257	3	25	58	60	60	2	158
257	3	25	59	60	60	2	184
257	3	26	4	60	60	2	203
257	3	26	6	60	60	3	153
257	3	26	10	60	60	2	215
257	3	26	24	60	60	2	215
257	3	26	28	60	60	3	153
257	3	26	30	60	60	2	203
257	3	26	42	60	60	2	139
257	3	26	44	60	60	3	inf
257	3	26	45	60	60	2	142
257	3	26	46	60	60	3	inf
257	3	26	47	60	60	3	157
257	3	26	49	60	60	2	142
257	3	26	52	60	60	2	139
257	3	27	1	60	60	2	57
257	3	27	3	60	60	2	32
257	3	27	14	60	60	2	94
257	3	27	17	60	60	2	62
257	3	27	20	60	60	2	99
257	3	27	21	60	60	2	73
257	3	27	23	60	60	2	18
257	3	27	25	60	60	2	213
257	3	27	27	60	60	2	237
257	3	27	28	60	60	3	0
257	3	27	29	60	60	2	20
257	3	27	31	60	60	2	44
257	3	27	33	60	60	2	239
257	3	27	35	60	60	2	184
257	3	27	36	60	60	2	158
257	3	27	39	60	60	2	195
257	3	27	42	60	60	2	163
257	3	27	53	60	60	2	225
257	3	27	55	60	60	2	200
257	3	27	58	60	60	3	inf
257	3	28	4	60	60	2	118
257	3	28	7	60	60	2	115
257	3	28	9	60	60	3	100
257	3	28	11	60	60	2	115
257	3	28	14	60	60	2	118
257	3	28	26	60	60	2	54
257	3	28	28	60	60	3	104
257	3	28	32	60	60	2	42
257	3	28	46	60	60	2	42
257	3	28	50	60	60	3	104
257	3	28	52	60	60	2	54
257	3	29	1	60	60	2	62
257	3	29	4	60	60	2	94
257	3	29	15	60	60	2	32
257	3	29	17	60	60	2	57
257	3	29	20	60	60	3	inf
257	3	29	23	60	60	2	200
257	3	29	25	60	60	2	225
257	3	29	36	60	60	2	163
257	3	29	39	60	60	2	195
257	3	29	42	60	60	2	158
257	3	29	43	60	60	2	184
257	3	29	45	60	60	2	239
257	3	29	47	60	60	2	44
257	3	29	49	60	60	2	20
257	3	29	50	60	60	3	0
257	3	29	51	60	60	2	237
257	3	29	53	60	60	2	213
257	3	29	55	60	60	2	18
257	3	29	57	60	60	2	73
257	3	29	58	60	60	2	99
257	3	30	8	60	60	2	215
257	3	30	12	60	60	3	153
257	3	30	14	60	60	2	203
257	3	30	26	60	60	2	139
257	3	30	28	60	60	3	inf
257	3	30	29	60	60	2	142
257	3	30	30	60	60	3	inf
257	3	30	31	60	60	3	157
257	3	30	33	60	60	2	142
257	3	30	36	60	60	2	139
257	3	30	48	60	60	2	203
257	3	30	50	60	60	3	153
257	3	30	54	60	60	2	215
257	3	31	1	60	60	2	62
257	3	31	4	60	60	2	99
257	3	31	5	60	60	2	73
257	3	31	7	60	60	2	18
257	3	31	9	60	60	2	213
257	3	31	11	60	60	2	237
257	3	31	12	60	60	3	0
257	3	31	13	60	60	2	20
257	3	31	15	60	60	2	44
257	3	31	17	60	60	2	239
257	3	31	19	60	60	2	184
257	3	31	20	60	60	2	158
257	3	31	23	60	60	2	195
257	3	31	26	60	60	2	163
257	3	31	37	60	60	2	225
257	3	31	39	60	60	2	200
257	3	31	42	60	60	3	inf
257	3	31	45	60	60	2	57
257	3	31	47	60	60	2	32
257	3	31	58	60	60	2	94
257	3	32	10	60	60	2	54
257	3	32	12	60	60	3	104
257	3	32	16	60	60	2	42
257	3	32	30	60	60	2	42
257	3	32	34	60	60	3	104
257	3	32	36	60	60	2	54
257	3	32	48	60	60	2	118
257	3	32	51	60	60	2	115
257	3	32	53	60	60	3	100
257	3	32	55	60	60	2	115
257	3	32	58	60	60	2	118
257	3	33	1	60	60	2	57
257	3	33	4	60	60	3	inf
257	3	33	7	60	60	2	200
257	3	33	9	60	60	2	225
257	3	33	20	60	60	2	163
257	3	33	23	60	60	2	195
257	3	33	26	60	60	2	158
257	3	33	27	60	60	2	184
257	3	33	29	60	60	2	239
257	3	33	31	60	60	2	44
257	3	33	33	60	60	2	20
257	3	33	34	60	60	3	0
257	3	33	35	60	60	2	237
257	3	33	37	60	60	2	213
257	3	33	39	60	60	2	18
257	3	33	41	60	60	2	73
257	3	33	42	60	60	2	99
257	3	33	45	60	60	2	62
257	3	33	48	60	60	2	94
257	3	33	59	60	60	2	32
257	3	34	10	60	60	2	139
257	3	34	12	60	60	3	inf
257	3	34	13	60	60	2	142
257	3	34	14	60	60	3	inf
257	3	34	15	60	60	3	157
257	3	34	17	60	60	2	142
257	3	34	20	60	60	2	139
257	3	34	32	60	60	2	203
257	3	34	34	60	60	3	153
257	3	34	38	60	60	2	215
257	3	34	52	60	60	2	215
257	3	34	56	60	60	3	153
257	3	34	58	60	60	2	203
257	3	35	1	60	60	2	239
257	3	35	3	60	60	2	184
257	3	35	4	60	60	2	158
257	3	35	7	60	60	2	195
257	3	35	10	60	60	2	163
257	3	35	21	60	60	2	225
257	3	35	23	60	60	2	200
257	3	35	26	60	60	3	inf
257	3	35	29	60	60	2	57
257	3	35	31	60	60	2	32
257	3	35	42	60	60	2	94
257	3	35	45	60	60	2	62
257	3	35	48	60	60	2	99
257	3	35	49	60	60	2	73
257	3	35	51	60	60	2	18
257	3	35	53	60	60	2	213
257	3	35	55	60	60	2	237
257	3	35	56	60	60	3	0
257	3	35	57	60	60	2	20
257	3	35	59	60	60	2	44
257	3	36	0	60	60	2	42
257	3	36	14	60	60	2	42
257	3	36	18	60	60	3	104
257	3	36	20	60	60	2	54
257	3	36	32	60	60	2	118
257	3	36	35	60	60	2	115
257	3	36	37	60	60	3	100
257	3	36	39	60	60	2	115
257	3	36	42	60	60	2	118
257	3	36	54	60	60	2	54
257	3	36	56	60	60	3	104
257	3	37	4	60	60	2	163
257	3	37	7	60	60	2	195
257	3	37	10	60	60	2	158
257	3	37	11	60	60	2	184
257	3	37	13	60	60	2	239
257	3	37	15	60	60	2	44
257	3	37	17	60	60	2	20
257	3	37	18	60	60	3	0
257	3	37	19	60	60	2	237
257	3	37	21	60	60	2	213
257	3	37	23	60	60	2	18
257	3	37	25	60	60	2	73
257	3	37	26	60	60	2	99
257	3	37	29	60	60	2	62
257	3	37	32	60	60	2	94
257	3	37	43	60	60	2	32
257	3	37	45	60	60	2	57
257	3	37	48	60	60	3	inf
257	3	37	51	60	60	2	200
257	3	37	53	60	60	2	225
257	3	38	1	60	60	2	142
257	3	38	4	60	60	2	139
257	3	38	16	60	60	2	203
257	3	38	18	60	60	3	153
257	3	38	22	60	60	2	215
257	3	38	36	60	60	2	215
257	3	38	40	60	60	3	153
257	3	38	42	60	60	2	203
257	3	38	54	60	60	2	139
257	3	38	56	60	60	3	inf
257	3	38	57	60	60	2	142
257	3	38	58	60	60	3	inf
257	3	38	59	60	60	3	157
257	3	39	5	60	60	2	225
257	3	39	7	60	60	2	200
257	3	39	10	60	60	3	inf
257	3	39	13	60	60	2	57
257	3	39	15	60	60	2	32
257	3	39	26	60	60	2	94
257	3	39	29	60	60	2	62
257	3	39	32	60	60	2	99
257	3	39	33	60	60	2	73
257	3	39	35	60	60	2	18
257	3	39	37	60	60	2	213
257	3	39	39	60	60	2	237
257	3	39	40	60	60	3	0
257	3	39	41	60	60	2	20
257	3	39	43	60	60	2	44
257	3	39	45	60	60	2	239
257	3	39	47	60	60	2	184
257	3	39	48	60	60	2	158
257	3	39	51	60	60	2	195
257	3	39	54	60	60	2	163
257	3	40	2	60	60	3	104
257	3	40	4	60	60	2	54
257	3	40	16	60	60	2	118
257	3	40	19	60	60	2	115
257	3	40	21	60	60	3	100
257	3	40	23	60	60	2	115
257	3	40	26	60	60	2	118
257	3	40	38	60	60	2	54
257	3	40	40	60	60	3	104
257	3	40	44	60	60	2	42
257	3	40	58	60	60	2	42
257	3	41	1	60	60	2	20
257	3	41	2	60	60	3	0
257	3	41	3	60	60	2	237
257	3	41	5	60	60	2	213
257	3	41	7	60	60	2	18
257	3	41	9	60	60	2	73
257	3	41	10	60	60	2	99
257	3	41	13	60	60	2	62
257	3	41	16	60	60	2	94
257	3	41	27	60	60	2	32
257	3	41	29	60	60	2	57
257	3	41	32	60	60	3	inf
257	3	41	35	60	60	2	200
257	3	41	37	60	60	2	225
257	3	41	48	60	60	2	163
257	3	41	51	60	60	2	195
257	3	41	54	60	60	2	158
257	3	41	55	60	60	2	184
257	3	41	57	60	60	2	239
257	3	41	59	60	60	2	44
257	3	42	0	60	60	2	203
257	3	42	2	60	60	3	153
257	3	42	6	60	60	2	215
257	3	42	20	60	60	2	215
257	3	42	24	60	60	3	153
257	3	42	26	60	60	2	203
257	3	42	38	60	60	2	139
257	3	42	40	60	60	3	inf
257	3	42	41	60	60	2	142
257	3	42	42	60	60	3	inf
257	3	42	43	60	60	3	157
257	3	42	45	60	60	2	142
257	3	42	48	60	60	2	139
257	3	43	10	60	60	2	94
257	3	43	13	60	60	2	62
257	3	43	16	60	60	2	99
257	3	43	17	60	60	2	73
257	3	43	19	60	60	2	18
257	3	43	21	60	60	2	213
257	3	43	23	60	60	2	237
257	3	43	24	60	60	3	0
257	3	43	25	60	60	2	20
257	3	43	27	60	60	2	44
257	3	43	29	60	60	2	239
257	3	43	31	60	60	2	184
257	3	43	32	60	60	2	158
257	3	43	35	60	60	2	195
257	3	43	38	60	60	2	163
257	3	43	49	60	60	2	225
257	3	43	51	60	60	2	200
257	3	43	54	60	60	3	inf
257	3	43	57	60	60	2	57
257	3	43	59	60	60	2	32
257	3	44	0	60	60	2	118
257	3	44	3	60	60	2	115
257	3	44	5	60	60	3	100
257	3	44	7	60	60	2	115
257	3	44	10	60	60	2	118
257	3	44	22	60	60	2	54
257	3	44	24	60	60	3	104
257	3	44	28	60	60	2	42
257	3	44	42	60	60	2	42
257	3	44	46	60	60	3	104
257	3	44	48	60	60	2	54
257	3	45	0	60	60	2	94
257	3	45	11	60	60	2	32
257	3	45	13	60	60	2	57
257	3	45	16	60	60	3	inf
257	3	45	19	60	60	2	200
257	3	45	21	60	60	2	225
257	3	45	32	60	60	2	163
257	3	45	35	60	60	2	195
257	3	45	38	60	60	2	158
257	3	45	39	60	60	2	184
257	3	45	41	60	60	2	239
257	3	45	43	60	60	2	44
257	3	45	45	60	60	2	20
257	3	45	46	60	60	3	0
257	3	45	47	60	60	2	237
257	3	45	49	60	60	2	213
257	3	45	51	60	60	2	18
257	3	45	53	60	60	2	73
257	3	45	54	60	60	2	99
257	3	45	57	60	60	2	62
257	3	46	4	60	60	2	215
257	3	46	8	60	60	3	153
257	3	46	10	60	60	2	203
257	3	46	22	60	60	2	139
257	3	46	24	60	60	3	inf
257	3	46	25	60	60	2	142
257	3	46	26	60	60	3	inf
257	3	46	27	60	60	3	157
257	3	46	29	60	60	2	142
257	3	46	32	60	60	2	139
257	3	46	44	60	60	2	203
257	3	46	46	60	60	3	153
257	3	46	50	60	60	2	215
257	3	47	0	60	60	2	99
257	3	47	1	60	60	2	73
257	3	47	3	60	60	2	18
257	3	47	5	60	60	2	213
257	3	47	7	60	60	2	237
257	3	47	8	60	60	3	0
257	3	47	9	60	60	2	20
257	3	47	11	60	60	2	44
257	3	47	13	60	60	2	239
257	3	47	15	60	60	2	184
257	3	47	16	60	60	2	158
257	3	47	19	60	60	2	195
257	3	47	22	60	60	2	163
257	3	47	33	60	60	2	225
257	3	47	35	60	60	2	200
257	3	47	38	60	60	3	inf
257	3	47	41	60	60	2	57
257	3	47	43	60	60	2	32
257	3	47	54	60	60	2	94
257	3	47	57	60	60	2	62
257	3	48	6	60	60	2	54
257	3	48	8	60	60	3	104
257	3	48	12	60	60	2	42
257	3	48	26	60	60	2	42
257	3	48	30	60	60	3	104
257	3	48	32	60	60	2	54
257	3	48	44	60	60	2	118
257	3	48	47	60	60	2	115
257	3	48	49	60	60	3	100
257	3	48	51	60	60	2	115
257	3	48	54	60	60	2	118
257	3	49	0	60	60	3	inf
257	3	49	3	60	60	2	200
257	3	49	5	60	60	2	225
257	3	49	16	60	60	2	163
257	3	49	19	60	60	2	195
257	3	49	22	60	60	2	158
257	3	49	23	60	60	2	184
257	3	49	25	60	60	2	239
257	3	49	27	60	60	2	44
257	3	49	29	60	60	2	20
257	3	49	30	60	60	3	0
257	3	49	31	60	60	2	237
257	3	49	33	60	60	2	213
257	3	49	35	60	60	2	18
257	3	49	37	60	60	2	73
257	3	49	38	60	60	2	99
257	3	49	41	60	60	2	62
257	3	49	44	60	60	2	94
257	3	49	55	60	60	2	32
257	3	49	57	60	60	2	57
257	3	50	6	60	60	2	139
257	3	50	8	60	60	3	inf
257	3	50	9	60	60	2	142
257	3	50	10	60	60	3	inf
257	3	50	11	60	60	3	157
257	3	50	13	60	60	2	142
257	3	50	16	60	60	2	139
257	3	50	28	60	60	2	203
257	3	50	30	60	60	3	153
257	3	50	34	60	60	2	215
257	3	50	48	60	60	2	215
257	3	50	52	60	60	3	153
257	3	50	54	60	60	2	203
257	3	51	0	60	60	2	158
257	3	51	3	60	60	2	195
257	3	51	6	60	60	2	163
257	3	51	17	60	60	2	225
257	3	51	19	60	60	2	200
257	3	51	22	60	60	3	inf
257	3	51	25	60	60	2	57
257	3	51	27	60	60	2	32
257	3	51	38	60	60	2	94
257	3	51	41	60	60	2	62
257	3	51	44	60	60	2	99
257	3	51	45	60	60	2	73
257	3	51	47	60	60	2	18
257	3	51	49	60	60	2	213
257	3	51	51	60	60	2	237
257	3	51	52	60	60	3	0
257	3	51	53	60	60	2	20
257	3	51	55	60	60	2	44
257	3	51	57	60	60	2	239
257	3	51	59	60	60	2	184
257	3	52	10	60	60	2	42
257	3	52	14	60	60	3	104
257	3	52	16	60	60	2	54
257	3	52	28	60	60	2	118
257	3	52	31	60	60	2	115
257	3	52	33	60	60	3	100
257	3	52	35	60	60	2	115
257	3	52	38	60	60	2	118
257	3	52	50	60	60	2	54
257	3	52	52	60	60	3	104
257	3	52	56	60	60	2	42
257	3	53	0	60	60	2	163
257	3	53	3	60	60	2	195
257	3	53	6	60	60	2	158
257	3	53	7	60	60	2	184
257	3	53	9	60	60	2	239
257	3	53	11	60	60	2	44
257	3	53	13	60	60	2	20
257	3	53	14	60	60	3	0
257	3	53	15	60	60	2	237
257	3	53	17	60	60	2	213
257	3	53	19	60	60	2	18
257	3	53	21	60	60	2	73
257	3	53	22	60	60	2	99
257	3	53	25	60	60	2	62
257	3	53	28	60	60	2	94
257	3	53	39	60	60	2	32
257	3	53	41	60	60	2	57
257	3	53	44	60	60	3	inf
257	3	53	47	60	60	2	200
257	3	53	49	60	60	2	225
257	3	54	0	60	60	2	139
257	3	54	12	60	60	2	203
257	3	54	14	60	60	3	153
257	3	54	18	60	60	2	215
257	3	54	32	60	60	2	215
257	3	54	36	60	60	3	153
257	3	54	38	60	60	2	203
257	3	54	50	60	60	2	139
257	3	54	52	60	60	3	inf
257	3	54	53	60	60	2	142
257	3	54	54	60	60	3	inf
257	3	54	55	60	60	3	157
257	3	54	57	60	60	2	142
257	3	55	1	60	60	2	225
257	3	55	3	60	60	2	200
257	3	55	6	60	60	3	inf
257	3	55	9	60	60	2	57
257	3	55	11	60	60	2	32
257	3	55	22	60	60	2	94
257	3	55	25	60	60	2	62
257	3	55	28	60	60	2	99
257	3	55	29	60	60	2	73
257	3	55	31	60	60	2	18
257	3	55	33	60	60	2	213
257	3	55	35	60	60	2	237
257	3	55	36	60	60	3	0
257	3	55	37	60	60	2	20
257	3	55	39	60	60	2	44
257	3	55	41	60	60	2	239
257	3	55	43	60	60	2	184
257	3	55	44	60	60	2	158
257	3	55	47	60	60	2	195
257	3	55	50	60	60	2	163
257	3	56	0	60	60	2	54
257	3	56	12	60	60	2	118
257	3	56	15	60	60	2	115
257	3	56	17	60	60	3	100
257	3	56	19	60	60	2	115
257	3	56	22	60	60	2	118
257	3	56	34	60	60	2	54
257	3	56	36	60	60	3	104
257	3	56	40	60	60	2	42
257	3	56	54	60	60	2	42
257	3	56	58	60	60	3	104
257	3	57	1	60	60	2	213
257	3	57	3	60	60	2	18
257	3	57	5	60	60	2	73
257	3	57	6	60	60	2	99
257	3	57	9	60	60	2	62
257	3	57	12	60	60	2	94
257	3	57	23	60	60	2	32
257	3	57	25	60	60	2	57
257	3	57	28	60	60	3	inf
257	3	57	31	60	60	2	200
257	3	57	33	60	60	2	225
257	3	57	44	60	60	2	163
257	3	57	47	60	60	2	195
257	3	57	50	60	60	2	158
257	3	57	51	60	60	2	184
257	3	57	53	60	60	2	239
257	3	57	55	60	60	2	44
257	3	57	57	60	60	2	20
257	3	57	58	60	60	3	0
257	3	57	59	60	60	2	237
257	3	58	2	60	60	2	215
257	3	58	16	60	60	2	215
257	3	58	20	60	60	3	153
257	3	58	22	60	60	2	203
257	3	58	34	60	60	2	139
257	3	58	36	60	60	3	inf
257	3	58	37	60	60	2	142
257	3	58	38	60	60	3	inf
257	3	58	39	60	60	3	157
257	3	58	41	60	60	2	142
257	3	58	44	60	60	2	139
257	3	58	56	60	60	2	203
257	3	58	58	60	60	3	153
257	3	59	6	60	60	2	94
257	3	59	9	60	60	2	62
257	3	59	12	60	60	2	99
257	3	59	13	60	60	2	73
257	3	59	15	60	60	2	18
257	3	59	17	60	60	2	213
257	3	59	19	60	60	2	237
257	3	59	20	60	60	3	0
257	3	59	21	60	60	2	20
257	3	59	23	60	60	2	44
257	3	59	25	60	60	2	239
257	3	59	27	60	60	2	184
257	3	59	28	60	60	2	158
257	3	59	31	60	60	2	195
257	3	59	34	60	60	2	163
257	3	59	45	60	60	2	225
257	3	59	47	60	60	2	200
257	3	59	50	60	60	3	inf
257	3	59	53	60	60	2	57
257	3	59	55	60	60	2	32
257	4	0	1	60	60	3	inf
257	4	0	4	60	60	2	200
257	4	0	6	60	60	2	225
257	4	0	17	60	60	2	163
257	4	0	20	60	60	2	195
257	4	0	23	60	60	2	158
257	4	0	24	60	60	2	184
257	4	0	26	60	60	2	239
257	4	0	28	60	60	2	44
257	4	0	30	60	60	2	20
257	4	0	31	60	60	3	0
257	4	0	32	60	60	2	237
257	4	0	34	60	60	2	213
257	4	0	36	60	60	2	18
257	4	0	38	60	60	2	73
257	4	0	39	60	60	2	99
257	4	0	42	60	60	2	62
257	4	0	45	60	60	2	94
257	4	0	56	60	60	2	32
257	4	0	58	60	60	2	57
257	4	1	7	60	60	2	139
257	4	1	9	60	60	3	inf
257	4	1	10	60	60	2	142
257	4	1	11	60	60	3	inf
257	4	1	12	60	60	3	157
257	4	1	14	60	60	2	142
257	4	1	17	60	60	2	139
257	4	1	29	60	60	2	203
257	4	1	31	60	60	3	153
257	4	1	35	60	60	2	215
257	4	1	49	60	60	2	215
257	4	1	53	60	60	3	153
257	4	1	55	60	60	2	203
257	4	2	0	60	60	2	184
257	4	2	1	60	60	2	158
257	4	2	4	60	60	2	195
257	4	2	7	60	60	2	163
257	4	2	18	60	60	2	225
257	4	2	20	60	60	2	200
257	4	2	23	60	60	3	inf
257	4	2	26	60	60	2	57
257	4	2	28	60	60	2	32
257	4	2	39	60	60	2	94
257	4	2	42	60	60	2	62
257	4	2	45	60	60	2	99
257	4	2	46	60	60	2	73
257	4	2	48	60	60	2	18
257	4	2	50	60	60	2	213
257	4	2	52	60	60	2	237
257	4	2	53	60	60	3	0
257	4	2	54	60	60	2	20
257	4	2	56	60	60	2	44
257	4	2	58	60	60	2	239
257	4	3	11	60	60	2	42
257	4	3	15	60	60	3	104
257	4	3	17	60	60	2	54
257	4	3	29	60	60	2	118
257	4	3	32	60	60	2	115
257	4	3	34	60	60	3	100
257	4	3	36	60	60	2	115
257	4	3	39	60	60	2	118
257	4	3	51	60	60	2	54
257	4	3	53	60	60	3	104
257	4	3	57	60	60	2	42
257	4	4	1	60	60	2	163
257	4	4	4	60	60	2	195
257	4	4	7	60	60	2	158
257	4	4	8	60	60	2	184
257	4	4	10	60	60	2	239
257	4	4	12	60	60	2	44
257	4	4	14	60	60	2	20
257	4	4	15	60	60	3	0
257	4	4	16	60	60	2	237
257	4	4	18	60	60	2	213
257	4	4	20	60	60	2	18
257	4	4	22	60	60	2	73
257	4	4	23	60	60	2	99
257	4	4	26	60	60	2	62
257	4	4	29	60	60	2	94
257	4	4	40	60	60	2	32
257	4	4	42	60	60	2	57
257	4	4	45	60	60	3	inf
257	4	4	48	60	60	2	200
257	4	4	50	60	60	2	225
257	4	5	1	60	60	2	139
257	4	5	13	60	60	2	203
257	4	5	15	60	60	3	153
257	4	5	19	60	60	2	215
257	4	5	33	60	60	2	215
257	4	5	37	60	60	3	153
257	4	5	39	60	60	2	203
257	4	5	51	60	60	2	139
257	4	5	53	60	60	3	inf
257	4	5	54	60	60	2	142
257	4	5	55	60	60	3	inf
257	4	5	56	60	60	3	157
257	4	5	58	60	60	2	142
257	4	6	2	60	60	2	225
257	4	6	4	60	60	2	200
257	4	6	7	60	60	3	inf
257	4	6	10	60	60	2	57
257	4	6	12	60	60	2	32
257	4	6	23	60	60	2	94
257	4	6	26	60	60	2	62
257	4	6	29	60	60	2	99
257	4	6	30	60	60	2	73
257	4	6	32	60	60	2	18
257	4	6	34	60	60	2	213
257	4	6	36	60	60	2	237
257	4	6	37	60	60	3	0
257	4	6	38	60	60	2	20
257	4	6	40	60	60	2	44
257	4	6	42	60	60	2	239
257	4	6	44	60	60	2	184
257	4	6	45	60	60	2	158
257	4	6	48	60	60	2	195
257	4	6	51	60	60	2	163
257	4	7	1	60	60	2	54
257	4	7	13	60	60	2	118
257	4	7	16	60	60	2	115
257	4	7	18	60	60	3	100
257	4	7	20	60	60	2	115
257	4	7	23	60	60	2	118
257	4	7	35	60	60	2	54
257	4	7	37	60	60	3	104
257	4	7	41	60	60	2	42
257	4	7	55	60	60	2	42
257	4	7	59	60	60	3	104
257	4	8	0	60	60	2	237
257	4	8	2	60	60	2	213
257	4	8	4	60	60	2	18
257	4	8	6	60	60	2	73
257	4	8	7	60	60	2	99
257	4	8	10	60	60	2	62
257	4	8	13	60	60	2	94
257	4	8	24	60	60	2	32
257	4	8	26	60	60	2	57
257	4	8	29	60	60	3	inf
257	4	8	32	60	60	2	200
257	4	8	34	60	60	2	225
257	4	8	45	60	60	2	163
257	4	8	48	60	60	2	195
257	4	8	51	60	60	2	158
257	4	8	52	60	60	2	184
257	4	8	54	60	60	2	239
257	4	8	56	60	60	2	44
257	4	8	58	60	60	2	20
257	4	8	59	60	60	3	0
257	4	9	3	60	60	2	215
257	4	9	17	60	60	2	215
257	4	9	21	60	60	3	153
257	4	9	23	60	60	2	203
257	4	9	35	60	60	2	139
257	4	9	37	60	60	3	inf
257	4	9	38	60	60	2	142
257	4	9	39	60	60	3	inf
257	4	9	40	60	60	3	157
257	4	9	42	60	60	2	142
257	4	9	45	60	60	2	139
257	4	9	57	60	60	2	203
257	4	9	59	60	60	3	153
257	4	10	7	60	60	2	94
257	4	10	10	60	60	2	62
257	4	10	13	60	60	2	99
257	4	10	14	60	60	2	73
257	4	10	16	60	60	2	18
257	4	10	18	60	60	2	213
257	4	10	20	60	60	2	237
257	4	10	21	60	60	3	0
257	4	10	22	60	60	2	20
257	4	10	24	60	60	2	44
257	4	10	26	60	60	2	239
257	4	10	28	60	60	2	184
257	4	10	29	60	60	2	158
257	4	10	32	60	60	2	195
257	4	10	35	60	60	2	163
257	4	10	46	60	60	2	225
257	4	10	48	60	60	2	200
257	4	10	51	60	60	3	inf
257	4	10	54	60	60	2	57
257	4	10	56	60	60	2	32
257	4	11	0	60	60	2	115
257	4	11	2	60	60	3	100
257	4	11	4	60	60	2	115
257	4	11	7	60	60	2	118
257	4	11	19	60	60	2	54
257	4	11	21	60	60	3	104
257	4	11	25	60	60	2	42
257	4	11	39	60	60	2	42
257	4	11	43	60	60	3	104
257	4	11	45	60	60	2	54
257	4	11	57	60	60	2	118
257	4	12	8	60	60	2	32
257	4	12	10	60	60	2	57
257	4	12	13	60	60	3	inf
257	4	12	16	60	60	2	200
257	4	12	18	60	60	2	225
257	4	12	29	60	60	2	163
257	4	12	32	60	60	2	195
257	4	12	35	60	60	2	158
257	4	12	36	60	60	2	184
257	4	12	38	60	60	2	239
257	4	12	40	60	60	2	44
257	4	12	42	60	60	2	20
257	4	12	43	60	60	3	0
257	4	12	44	60	60	2	237
257	4	12	46	60	60	2	213
257	4	12	48	60	60	2	18
257	4	12	50	60	60	2	73
257	4	12	51	60	60	2	99
257	4	12	54	60	60	2	62
257	4	12	57	60	60	2	94
257	4	13	1	60	60	2	215
257	4	13	5	60	60	3	153
257	4	13	7	60	60	2	203
257	4	13	19	60	60	2	139
257	4	13	21	60	60	3	inf
257	4	13	22	60	60	2	142
257	4	13	23	60	60	3	inf
257	4	13	24	60	60	3	157
257	4	13	26	60	60	2	142
257	4	13	29	60	60	2	139
257	4	13	41	60	60	2	203
257	4	13	43	60	60	3	153
257	4	13	47	60	60	2	215
257	4	14	0	60	60	2	18
257	4	14	2	60	60	2	213
257	4	14	4	60	60	2	237
257	4	14	5	60	60	3	0
257	4	14	6	60	60	2	20
257	4	14	8	60	60	2	44
257	4	14	10	60	60	2	239
257	4	14	12	60	60	2	184
257	4	14	13	60	60	2	158
257	4	14	16	60	60	2	195
257	4	14	19	60	60	2	163
257	4	14	30	60	60	2	225
257	4	14	32	60	60	2	200
257	4	14	35	60	60	3	inf
257	4	14	38	60	60	2	57
257	4	14	40	60	60	2	32
257	4	14	51	60	60	2	94
257	4	14	54	60	60	2	62
257	4	14	57	60	60	2	99
257	4	14	58	60	60	2	73
257	4	15	3	60	60	2	54
257	4	15	5	60	60	3	104
257	4	15	9	60	60	2	42
257	4	15	23	60	60	2	42
257	4	15	27	60	60	3	104
257	4	15	29	60	60	2	54
257	4	15	41	60	60	2	118
257	4	15	44	60	60	2	115
257	4	15	46	60	60	3	100
257	4	15	48	60	60	2	115
257	4	15	51	60	60	2	118
257	4	16	0	60	60	2	200
257	4	16	2	60	60	2	225
257	4	16	13	60	60	2	163
257	4	16	16	60	60	2	195
257	4	16	19	60	60	2	158
257	4	16	20	60	60	2	184
257	4	16	22	60	60	2	239
257	4	16	24	60	60	2	44
257	4	16	26	60	60	2	20
257	4	16	27	60	60	3	0
257	4	16	28	60	60	2	237
257	4	16	30	60	60	2	213
257	4	16	32	60	60	2	18
257	4	16	34	60	60	2	73
257	4	16	35	60	60	2	99
257	4	16	38	60	60	2	62
257	4	16	41	60	60	2	94
257	4	16	52	60	60	2	32
257	4	16	54	60	60	2	57
257	4	16	57	60	60	3	inf
257	4	17	3	60	60	2	139
257	4	17	5	60	60	3	inf
257	4	17	6	60	60	2	142
257	4	17	7	60	60	3	inf
257	4	17	8	60	60	3	157
257	4	17	10	60	60	2	142
257	4	17	13	60	60	2	139
257	4	17	25	60	60	2	203
257	4	17	27	60	60	3	153
257	4	17	31	60	60	2	215
257	4	17	45	60	60	2	215
257	4	17	49	60	60	3	153
257	4	17	51	60	60	2	203
257	4	18	0	60	60	2	195
257	4	18	3	60	60	2	163
257	4	18	14	60	60	2	225
257	4	18	16	60	60	2	200
257	4	18	19	60	60	3	inf
257	4	18	22	60	60	2	57
257	4	18	24	60	60	2	32
257	4	18	35	60	60	2	94
257	4	18	38	60	60	2	62
257	4	18	41	60	60	2	99
257	4	18	42	60	60	2	73
257	4	18	44	60	60	2	18
257	4	18	46	60	60	2	213
257	4	18	48	60	60	2	237
257	4	18	49	60	60	3	0
257	4	18	50	60	60	2	20
257	4	18	52	60	60	2	44
257	4	18	54	60	60	2	239
257	4	18	56	60	60	2	184
257	4	18	57	60	60	2	158
257	4	19	7	60	60	2	42
257	4	19	11	60	60	3	104
257	4	19	13	60	60	2	54
257	4	19	25	60	60	2	118
257	4	19	28	60	60	2	115
257	4	19	30	60	60	3	100
257	4	19	32	60	60	2	115
257	4	19	35	60	60	2	118
257	4	19	47	60	60	2	54
257	4	19	49	60	60	3	104
257	4	19	53	60	60	2	42
257	4	20	0	60	60	2	195
257	4	20	3	60	60	2	158
257	4	20	4	60	60	2	184
257	4	20	6	60	60	2	239
257	4	20	8	60	60	2	44
257	4	20	10	60	60	2	20
257	4	20	11	60	60	3	0
257	4	20	12	60	60	2	237
257	4	20	14	60	60	2	213
257	4	20	16	60	60	2	18
257	4	20	18	60	60	2	73
257	4	20	19	60	60	2	99
257	4	20	22	60	60	2	62
257	4	20	25	60	60	2	94
257	4	20	36	60	60	2	32
257	4	20	38	60	60	2	57
257	4	20	41	60	60	3	inf
257	4	20	44	60	60	2	200
257	4	20	46	60	60	2	225
257	4	20	57	60	60	2	163
257	4	21	9	60	60	2	203
257	4	21	11	60	60	3	153
257	4	21	15	60	60	2	215
257	4	21	29	60	60	2	215
257	4	21	33	60	60	3	153
257	4	21	35	60	60	2	203
257	4	21	47	60	60	2	139
257	4	21	49	60	60	3	inf
257	4	21	50	60	60	2	142
257	4	21	51	60	60	3	inf
257	4	21	52	60	60	3	157
257	4	21	54	60	60	2	142
257	4	21	57	60	60	2	139
257	4	22	0	60	60	2	200
257	4	22	3	60	60	3	inf
257	4	22	6	60	60	2	57
257	4	22	8	60	60	2	32
257	4	22	19	60	60	2	94
257	4	22	22	60	60	2	62
257	4	22	25	60	60	2	99
257	4	22	26	60	60	2	73
257	4	22	28	60	60	2	18
257	4	22	30	60	60	2	213
257	4	22	32	60	60	2	237
257	4	22	33	60	60	3	0
257	4	22	34	60	60	2	20
257	4	22	36	60	60	2	44
257	4	22	38	60	60	2	239
257	4	22	40	60	60	2	184
257	4	22	41	60	60	2	158
257	4	22	44	60	60	2	195
257	4	22	47	60	60	2	163
257	4	22	58	60	60	2	225
257	4	23	9	60	60	2	118
257	4	23	12	60	60	2	115
257	4	23	14	60	60	3	100
257	4	23	16	60	60	2	115
257	4	23	19	60	60	2	118
257	4	23	31	60	60	2	54
257	4	23	33	60	60	3	104
257	4	23	37	60	60	2	42
257	4	23	51	60	60	2	42
257	4	23	55	60	60	3	104
257	4	23	57	60	60	2	54
257	4	24	0	60	60	2	18
257	4	24	2	60	60	2	73
257	4	24	3	60	60	2	99
257	4	24	6	60	60	2	62
257	4	24	9	60	60	2	94
257	4	24	20	60	60	2	32
257	4	24	22	60	60	2	57
257	4	24	25	60	60	3	inf
257	4	24	28	60	60	2	200
257	4	24	30	60	60	2	225
257	4	24	41	60	60	2	163
257	4	24	44	60	60	2	195
257	4	24	47	60	60	2	158
257	4	24	48	60	60	2	184
257	4	24	50	60	60	2	239
257	4	24	52	60	60	2	44
257	4	24	54	60	60	2	20
257	4	24	55	60	60	3	0
257	4	24	56	60	60	2	237
257	4	24	58	60	60	2	213
257	4	25	13	60	60	2	215
257	4	25	17	60	60	3	153
257	4	25	19	60	60	2	203
257	4	25	31	60	60	2	139
257	4	25	33	60	60	3	inf
257	4	25	34	60	60	2	142
257	4	25	35	60	60	3	inf
257	4	25	36	60	60	3	157
257	4	25	38	60	60	2	142
257	4	25	41	60	60	2	139
257	4	25	53	60	60	2	203
257	4	25	55	60	60	3	153
257	4	25	59	60	60	2	215
257	4	26	3	60	60	2	94
257	4	26	6	60	60	2	62
257	4	26	9	60	60	2	99
257	4	26	10	60	60	2	73
257	4	26	12	60	60	2	18
257	4	26	14	60	60	2	213
257	4	26	16	60	60	2	237
257	4	26	17	60	60	3	0
257	4	26	18	60	60	2	20
257	4	26	20	60	60	2	44
257	4	26	22	60	60	2	239
257	4	26	24	60	60	2	184
257	4	26	25	60	60	2	158
257	4	26	28	60	60	2	195
257	4	26	31	60	60	2	163
257	4	26	42	60	60	2	225
257	4	26	44	60	60	2	200
257	4	26	47	60	60	3	inf
257	4	26	50	60	60	2	57
257	4	26	52	60	60	2	32
257	4	27	0	60	60	2	115
257	4	27	3	60	60	2	118
257	4	27	15	60	60	2	54
257	4	27	17	60	60	3	104
257	4	27	21	60	60	2	42
257	4	27	35	60	60	2	42
257	4	27	39	60	60	3	104
257	4	27	41	60	60	2	54
257	4	27	53	60	60	2	118
257	4	27	56	60	60	2	115
257	4	27	58	60	60	3	100
257	4	28	4	60	60	2	32
257	4	28	6	60	60	2	57
257	4	28	9	60	60	3	inf
257	4	28	12	60	60	2	200
257	4	28	14	60	60	2	225
257	4	28	25	60	60	2	163
257	4	28	28	60	60	2	195
257	4	28	31	60	60	2	158
257	4	28	32	60	60	2	184
257	4	28	34	60	60	2	239
257	4	28	36	60	60	2	44
257	4	28	38	60	60	2	20
257	4	28	39	60	60	3	0
257	4	28	40	60	60	2	237
257	4	28	42	60	60	2	213
257	4	28	44	60	60	2	18
257	4	28	46	60	60	2	73
257	4	28	47	60	60	2	99
257	4	28	50	60	60	2	62
257	4	28	53	60	60	2	94
257	4	29	1	60	60	3	153
257	4	29	3	60	60	2	203
257	4	29	15	60	60	2	139
257	4	29	17	60	60	3	inf
257	4	29	18	60	60	2	142
257	4	29	19	60	60	3	inf
257	4	29	20	60	60	3	157
257	4	29	22	60	60	2	142
257	4	29	25	60	60	2	139
257	4	29	37	60	60	2	203
257	4	29	39	60	60	3	153
257	4	29	43	60	60	2	215
257	4	29	57	60	60	2	215
257	4	30	0	60	60	2	237
257	4	30	1	60	60	3	0
257	4	30	2	60	60	2	20
257	4	30	4	60	60	2	44
257	4	30	6	60	60	2	239
257	4	30	8	60	60	2	184
257	4	30	9	60	60	2	158
257	4	30	12	60	60	2	195
257	4	30	15	60	60	2	163
257	4	30	26	60	60	2	225
257	4	30	28	60	60	2	200
257	4	30	31	60	60	3	inf
257	4	30	34	60	60	2	57
257	4	30	36	60	60	2	32
257	4	30	47	60	60	2	94
257	4	30	50	60	60	2	62
257	4	30	53	60	60	2	99
257	4	30	54	60	60	2	73
257	4	30	56	60	60	2	18
257	4	30	58	60	60	2	213
257	4	31	1	60	60	3	104
257	4	31	5	60	60	2	42
257	4	31	19	60	60	2	42
257	4	31	23	60	60	3	104
257	4	31	25	60	60	2	54
257	4	31	37	60	60	2	118
257	4	31	40	60	60	2	115
257	4	31	42	60	60	3	100
257	4	31	44	60	60	2	115
257	4	31	47	60	60	2	118
257	4	31	59	60	60	2	54
257	4	32	9	60	60	2	163
257	4	32	12	60	60	2	195
257	4	32	15	60	60	2	158
257	4	32	16	60	60	2	184
257	4	32	18	60	60	2	239
257	4	32	20	60	60	2	44
257	4	32	22	60	60	2	20
257	4	32	23	60	60	3	0
257	4	32	24	60	60	2	237
257	4	32	26	60	60	2	213
257	4	32	28	60	60	2	18
257	4	32	30	60	60	2	73
257	4	32	31	60	60	2	99
257	4	32	34	60	60	2	62
257	4	32	37	60	60	2	94
257	4	32	48	60	60	2	32
257	4	32	50	60	60	2	57
257	4	32	53	60	60	3	inf
257	4	32	56	60	60	2	200
257	4	32	58	60	60	2	225
257	4	33	1	60	60	3	inf
257	4	33	2	60	60	2	142
257	4	33	3	60	60	3	inf
257	4	33	4	60	60	3	157
257	4	33	6	60	60	2	142
257	4	33	9	60	60	2	139
257	4	33	21	60	60	2	203
257	4	33	23	60	60	3	153
257	4	33	27	60	60	2	215
257	4	33	41	60	60	2	215
257	4	33	45	60	60	3	153
257	4	33	47	60	60	2	203
257	4	33	59	60	60	2	139
257	4	34	10	60	60	2	225
257	4	34	12	60	60	2	200
257	4	34	15	60	60	3	inf
257	4	34	18	60	60	2	57
257	4	34	20	60	60	2	32
257	4	34	31	60	60	2	94
257	4	34	34	60	60	2	62
257	4	34	37	60	60	2	99
257	4	34	38	60	60	2	73
257	4	34	40	60	60	2	18
257	4	34	42	60	60	2	213
257	4	34	44	60	60	2	237
257	4	34	45	60	60	3	0
257	4	34	46	60	60	2	20
257	4	34	48	60	60	2	44
257	4	34	50	60	60	2	239
257	4	34	52	60	60	2	184
257	4	34	53	60	60	2	158
257	4	34	56	60	60	2	195
257	4	34	59	60	60	2	163
257	4	35	3	60	60	2	42
257	4	35	7	60	60	3	104
257	4	35	9	60	60	2	54
257	4	35	21	60	60	2	118
257	4	35	24	60	60	2	115
257	4	35	26	60	60	3	100
257	4	35	28	60	60	2	115
257	4	35	31	60	60	2	118
257	4	35	43	60	60	2	54
257	4	35	45	60	60	3	104
257	4	35	49	60	60	2	42
257	4	36	0	60	60	2	184
257	4	36	2	60	60	2	239
257	4	36	4	60	60	2	44
257	4	36	6	60	60	2	20
257	4	36	7	60	60	3	0
257	4	36	8	60	60	2	237
257	4	36	10	60	60	2	213
257	4	36	12	60	60	2	18
257	4	36	14	60	60	2	73
257	4	36	15	60	60	2	99
257	4	36	18	60	60	2	62
257	4	36	21	60	60	2	94
257	4	36	32	60	60	2	32
257	4	36	34	60	60	2	57
257	4	36	37	60	60	3	inf
257	4	36	40	60	60	2	200
257	4	36	42	60	60	2	225
257	4	36	53	60	60	2	163
257	4	36	56	60	60	2	195
257	4	36	59	60	60	2	158
257	4	37	5	60	60	2	203
257	4	37	7	60	60	3	153
257	4	37	11	60	60	2	215
257	4	37	25	60	60	2	215
257	4	37	29	60	60	3	153
257	4	37	31	60	60	2	203
257	4	37	43	60	60	2	139
257	4	37	45	60	60	3	inf
257	4	37	46	60	60	2	142
257	4	37	47	60	60	3	inf
257	4	37	48	60	60	3	157
257	4	37	50	60	60	2	142
257	4	37	53	60	60	2	139
257	4	38	2	60	60	2	57
257	4	38	4	60	60	2	32
257	4	38	15	60	60	2	94
257	4	38	18	60	60	2	62
257	4	38	21	60	60	2	99
257	4	38	22	60	60	2	73
257	4	38	24	60	60	2	18
257	4	38	26	60	60	2	213
257	4	38	28	60	60	2	237
257	4	38	29	60	60	3	0
257	4	38	30	60	60	2	20
257	4	38	32	60	60	2	44
257	4	38	34	60	60	2	239
257	4	38	36	60	60	2	184
257	4	38	37	60	60	2	158
257	4	38	40	60	60	2	195
257	4	38	43	60	60	2	163
257	4	38	54	60	60	2	225
257	4	38	56	60	60	2	200
257	4	38	59	60	60	3	inf
257	4	39	5	60	60	2	118
257	4	39	8	60	60	2	115
257	4	39	10	60	60	3	100
257	4	39	12	60	60	2	115
257	4	39	15	60	60	2	118
257	4	39	27	60	60	2	54
257	4	39	29	60	60	3	104
257	4	39	33	60	60	2	42
257	4	39	47	60	60	2	42
257	4	39	51	60	60	3	104
257	4	39	53	60	60	2	54
257	4	40	2	60	60	2	62
257	4	40	5	60	60	2	94
257	4	40	16	60	60	2	32
257	4	40	18	60	60	2	57
257	4	40	21	60	60	3	inf
257	4	40	24	60	60	2	200
257	4	40	26	60	60	2	225
257	4	40	37	60	60	2	163
257	4	40	40	60	60	2	195
257	4	40	43	60	60	2	158
257	4	40	44	60	60	2	184
257	4	40	46	60	60	2	239
257	4	40	48	60	60	2	44
257	4	40	50	60	60	2	20
257	4	40	51	60	60	3	0
257	4	40	52	60	60	2	237
257	4	40	54	60	60	2	213
257	4	40	56	60	60	2	18
257	4	40	58	60	60	2	73
257	4	40	59	60	60	2	99
257	4	41	9	60	60	2	215
257	4	41	13	60	60	3	153
257	4	41	15	60	60	2	203
257	4	41	27	60	60	2	139
257	4	41	29	60	60	3	inf
257	4	41	30	60	60	2	142
257	4	41	31	60	60	3	inf
257	4	41	32	60	60	3	157
257	4	41	34	60	60	2	142
257	4	41	37	60	60	2	139
257	4	41	49	60	60	2	203
257	4	41	51	60	60	3	153
257	4	41	55	60	60	2	215
257	4	42	2	60	60	2	62
257	4	42	5	60	60	2	99
257	4	42	6	60	60	2	73
257	4	42	8	60	60	2	18
257	4	42	10	60	60	2	213
257	4	42	12	60	60	2	237
257	4	42	13	60	60	3	0
257	4	42	14	60	60	2	20
257	4	42	16	60	60	2	44
257	4	42	18	60	60	2	239
257	4	42	20	60	60	2	184
257	4	42	21	60	60	2	158
257	4	42	24	60	60	2	195
257	4	42	27	60	60	2	163
257	4	42	38	60	60	2	225
257	4	42	40	60	60	2	200
257	4	42	43	60	60	3	inf
257	4	42	46	60	60	2	57
257	4	42	48	60	60	2	32
257	4	42	59	60	60	2	94
257	4	43	11	60	60	2	54
257	4	43	13	60	60	3	104
257	4	43	17	60	60	2	42
257	4	43	31	60	60	2	42
257	4	43	35	60	60	3	104
257	4	43	37	60	60	2	54
257	4	43	49	60	60	2	118
257	4	43	52	60	60	2	115
257	4	43	54	60	60	3	100
257	4	43	56	60	60	2	115
257	4	43	59	60	60	2	118
257	4	44	0	60	60	2	32
257	4	44	2	60	60	2	57
257	4	44	5	60	60	3	inf
257	4	44	8	60	60	2	200
257	4	44	10	60	60	2	225
257	4	44	21	60	60	2	163
257	4	44	24	60	60	2	195
257	4	44	27	60	60	2	158
257	4	44	28	60	60	2	184
257	4	44	30	60	60	2	239
257	4	44	32	60	60	2	44
257	4	44	34	60	60	2	20
257	4	44	35	60	60	3	0
257	4	44	36	60	60	2	237
257	4	44	38	60	60	2	213
257	4	44	40	60	60	2	18
257	4	44	42	60	60	2	73
257	4	44	43	60	60	2	99
257	4	44	46	60	60	2	62
257	4	44	49	60	60	2	94
257	4	45	11	60	60	2	139
257	4	45	13	60	60	3	inf
257	4	45	14	60	60	2	142
257	4	45	15	60	60	3	inf
257	4	45	16	60	60	3	157
257	4	45	18	60	60	2	142
257	4	45	21	60	60	2	139
257	4	45	33	60	60	2	203
257	4	45	35	60	60	3	153
257	4	45	39	60	60	2	215
257	4	45	53	60	60	2	215
257	4	45	57	60	60	3	153
257	4	45	59	60	60	2	203
257	4	46	0	60	60	2	44
257	4	46	2	60	60	2	239
257	4	46	4	60	60	2	184
257	4	46	5	60	60	2	158
257	4	46	8	60	60	2	195
257	4	46	11	60	60	2	163
257	4	46	22	60	60	2	225
257	4	46	24	60	60	2	200
257	4	46	27	60	60	3	inf
257	4	46	30	60	60	2	57
257	4	46	32	60	60	2	32
257	4	46	43	60	60	2	94
257	4	46	46	60	60	2	62
257	4	46	49	60	60	2	99
257	4	46	50	60	60	2	73
257	4	46	52	60	60	2	18
257	4	46	54	60	60	2	213
257	4	46	56	60	60	2	237
257	4	46	57	60	60	3	0
257	4	46	58	60	60	2	20
257	4	47	1	60	60	2	42
257	4	47	15	60	60	2	42
257	4	47	19	60	60	3	104
257	4	47	21	60	60	2	54
257	4	47	33	60	60	2	118
257	4	47	36	60	60	2	115
257	4	47	38	60	60	3	100
257	4	47	40	60	60	2	115
257	4	47	43	60	60	2	118
257	4	47	55	60	60	2	54
257	4	47	57	60	60	3	104
257	4	48	5	60	60	2	163
257	4	48	8	60	60	2	195
257	4	48	11	60	60	2	158
257	4	48	12	60	60	2	184
257	4	48	14	60	60	2	239
257	4	48	16	60	60	2	44
257	4	48	18	60	60	2	20
257	4	48	19	60	60	3	0
257	4	48	20	60	60	2	237
257	4	48	22	60	60	2	213
257	4	48	24	60	60	2	18
257	4	48	26	60	60	2	73
257	4	48	27	60	60	2	99
257	4	48	30	60	60	2	62
257	4	48	33	60	60	2	94
257	4	48	44	60	60	2	32
257	4	48	46	60	60	2	57
257	4	48	49	60	60	3	inf
257	4	48	52	60	60	2	200
257	4	48	54	60	60	2	225
257	4	49	0	60	60	3	157
257	4	49	2	60	60	2	142
257	4	49	5	60	60	2	139
257	4	49	17	60	60	2	203
257	4	49	19	60	60	3	153
257	4	49	23	60	60	2	215
257	4	49	37	60	60	2	215
257	4	49	41	60	60	3	153
257	4	49	43	60	60	2	203
257	4	49	55	60	60	2	139
257	4	49	57	60	60	3	inf
257	4	49	58	60	60	2	142
257	4	49	59	60	60	3	inf
257	4	50	6	60	60	2	225
257	4	50	8	60	60	2	200
257	4	50	11	60	60	3	inf
257	4	50	14	60	60	2	57
257	4	50	16	60	60	2	32
257	4	50	27	60	60	2	94
257	4	50	30	60	60	2	62
257	4	50	33	60	60	2	99
257	4	50	34	60	60	2	73
257	4	50	36	60	60	2	18
257	4	50	38	60	60	2	213
257	4	50	40	60	60	2	237
257	4	50	41	60	60	3	0
257	4	50	42	60	60	2	20
257	4	50	44	60	60	2	44
257	4	50	46	60	60	2	239
257	4	50	48	60	60	2	184
257	4	50	49	60	60	2	158
257	4	50	52	60	60	2	195
257	4	50	55	60	60	2	163
257	4	51	3	60	60	3	104
257	4	51	5	60	60	2	54
257	4	51	17	60	60	2	118
257	4	51	20	60	60	2	115
257	4	51	22	60	60	3	100
257	4	51	24	60	60	2	115
257	4	51	27	60	60	2	118
257	4	51	39	60	60	2	54
257	4	51	41	60	60	3	104
257	4	51	45	60	60	2	42
257	4	51	59	60	60	2	42
257	4	52	0	60	60	2	44
257	4	52	2	60	60	2	20
257	4	52	3	60	60	3	0
257	4	52	4	60	60	2	237
257	4	52	6	60	60	2	213
257	4	52	8	60	60	2	18
257	4	52	10	60	60	2	73
257	4	52	11	60	60	2	99
257	4	52	14	60	60	2	62
257	4	52	17	60	60	2	94
257	4	52	28	60	60	2	32
257	4	52	30	60	60	2	57
257	4	52	33	60	60	3	inf
257	4	52	36	60	60	2	200
257	4	52	38	60	60	2	225
257	4	52	49	60	60	2	163
257	4	52	52	60	60	2	195
257	4	52	55	60	60	2	158
257	4	52	56	60	60	2	184
257	4	52	58	60	60	2	239
257	4	53	1	60	60	2	203
257	4	53	3	60	60	3	153
257	4	53	7	60	60	2	215
257	4	53	21	60	60	2	215
257	4	53	25	60	60	3	153
257	4	53	27	60	60	2	203
257	4	53	39	60	60	2	139
257	4	53	41	60	60	3	inf
257	4	53	42	60	60	2	142
257	4	53	43	60	60	3	inf
257	4	53	44	60	60	3	157
257	4	53	46	60	60	2	142
257	4	53	49	60	60	2	139
257	4	54	0	60	60	2	32
257	4	54	11	60	60	2	94
257	4	54	14	60	60	2	62
257	4	54	17	60	60	2	99
257	4	54	18	60	60	2	73
257	4	54	20	60	60	2	18
257	4	54	22	60	60	2	213
257	4	54	24	60	60	2	237
257	4	54	25	60	60	3	0
257	4	54	26	60	60	2	20
257	4	54	28	60	60	2	44
257	4	54	30	60	60	2	239
257	4	54	32	60	60	2	184
257	4	54	33	60	60	2	158
257	4	54	36	60	60	2	195
257	4	54	39	60	60	2	163
257	4	54	50	60	60	2	225
257	4	54	52	60	60	2	200
257	4	54	55	60	60	3	inf
257	4	54	58	60	60	2	57
257	4	55	1	60	60	2	118
257	4	55	4	60	60	2	115
257	4	55	6	60	60	3	100
257	4	55	8	60	60	2	115
257	4	55	11	60	60	2	118
257	4	55	23	60	60	2	54
257	4	55	25	60	60	3	104
257	4	55	29	60	60	2	42
257	4	55	43	60	60	2	42
257	4	55	47	60	60	3	104
257	4	55	49	60	60	2	54
257	4	56	1	60	60	2	94
257	4	56	12	60	60	2	32
257	4	56	14	60	60	2	57
257	4	56	17	60	60	3	inf
257	4	56	20	60	60	2	200
257	4	56	22	60	60	2	225
257	4	56	33	60	60	2	163
257	4	56	36	60	60	2	195
257	4	56	39	60	60	2	158
257	4	56	40	60	60	2	184
257	4	56	42	60	60	2	239
257	4	56	44	60	60	2	44
257	4	56	46	60	60	2	20
257	4	56	47	60	60	3	0
257	4	56	48	60	60	2	237
257	4	56	50	60	60	2	213
257	4	56	52	60	60	2	18
257	4	56	54	60	60	2	73
257	4	56	55	60	60	2	99
257	4	56	58	60	60	2	62
257	4	57	5	60	60	2	215
257	4	57	9	60	60	3	153
257	4	57	11	60	60	2	203
257	4	57	23	60	60	2	139
257	4	57	25	60	60	3	inf
257	4	57	26	60	60	2	142
257	4	57	27	60	60	3	inf
257	4	57	28	60	60	3	157
257	4	57	30	60	60	2	142
257	4	57	33	60	60	2	139
257	4	57	45	60	60	2	203
257	4	57	47	60	60	3	153
257	4	57	51	60	60	2	215
257	4	58	1	60	60	2	99
257	4	58	2	60	60	2	73
257	4	58	4	60	60	2	18
257	4	58	6	60	60	2	213
257	4	58	8	60	60	2	237
257	4	58	9	60	60	3	0
257	4	58	10	60	60	2	20
257	4	58	12	60	60	2	44
257	4	58	14	60	60	2	239
257	4	58	16	60	60	2	184
257	4	58	17	60	60	2	158
257	4	58	20	60	60	2	195
257	4	58	23	60	60	2	163
257	4	58	34	60	60	2	225
257	4	58	36	60	60	2	200
257	4	58	39	60	60	3	inf
257	4	58	42	60	60	2	57
257	4	58	44	60	60	2	32
257	4	58	55	60	60	2	94
257	4	58	58	60	60	2	62
257	4	59	7	60	60	2	54
257	4	59	9	60	60	3	104
257	4	59	13	60	60	2	42
257	4	59	27	60	60	2	42
257	4	59	31	60	60	3	104
257	4	59	33	60	60	2	54
257	4	59	45	60	60	2	118
257	4	59	48	60	60	2	115
257	4	59	50	60	60	3	100
257	4	59	52	60	60	2	115
257	4	59	55	60	60	2	118
263	1	0	0	72	144	3	inf
263	1	0	2	72	144	2	81
263	1	0	3	72	144	3	89
263	1	0	9	72	144	2	33
263	1	0	10	72	144	2	54
263	1	0	12	72	144	2	67
263	1	0	14	72	144	3	188
263	1	0	15	72	144	2	262
263	1	0	16	72	144	2	202
263	1	0	21	72	144	2	46
263	1	0	26	72	144	2	141
263	1	0	30	72	144	2	47
263	1	0	32	72	144	2	65
263	1	0	37	72	144	3	inf
263	1	0	42	72	144	2	198
263	1	0	44	72	144	2	216
263	1	0	48	72	144	2	122
263	1	0	53	72	144	2	217
263	1	0	58	72	144	2	61
263	1	0	59	72	144	2	1
263	1	0	60	72	144	3	75
263	1	0	62	72	144	2	196
263	1	0	64	72	144	2	209
263	1	0	65	72	144	2	230
263	1	0	71	72	144	3	174
263	1	0	72	72	144	2	182
263	1	0	74	72	144	2	182
263	1	0	75	72	144	3	174
263	1	0	81	72	144	2	230
263	1	0	82	72	144	2	209
263	1	0	84	72	144	2	196
263	1	0	86	72	144	3	75
263	1	0	87	72	144	2	1
263	1	0	88	72	144	2	61
263	1	0	93	72	144	2	217
263	1	0	98	72	144	2	122
263	1	0	102	72	144	2	216
263	1	0	104	72	144	2	198
263	1	0	109	72	144	3	inf
263	1	0	114	72	144	2	65
263	1	0	116	72	144	2	47
263	1	0	120	72	144	2	141
263	1	0	125	72	144	2	46
263	1	0	130	72	144	2	202
263	1	0	131	72	144	2	262
263	1	0	132	72	144	3	188
263	1	0	134	72	144	2	67
263	1	0	136	72	144	2	54
263	1	0	137	72	144	2	33
263	1	0	142	72	144	3	inf
263	1	0	143	72	144	3	89
263	1	1	0	72	144	2	202
263	1	1	1	72	144	2	262
263	1	1	2	72	144	3	188
263	1	1	4	72	144	2	67
263	1	1	6	72	144	2	54
263	1	1	7	72	144	2	33
263	1	1	12	72	144	3	inf
263	1	1	13	72	144	3	89
263	1	1	14	72	144	3	inf
263	1	1	16	72	144	2	81
263	1	1	17	72	144	3	89
263	1	1	23	72	144	2	33
263	1	1	24	72	144	2	54
263	1	1	26	72	144	2	67
263	1	1	28	72	144	3	188
263	1	1	29	72	144	2	262
263	1	1	30	72	144	2	202
263	1	1	35	72	144	2	46
263	1	1	40	72	144	2	141
263	1	1	44	72	144	2	47
263	1	1	46	72	144	2	65
263	1	1	51	72	144	3	inf
263	1	1	56	72	144	2	198
263	1	1	58	72	144	2	216
263	1	1	62	72	144	2	122
263	1	1	67	72	144	2	217
263	1	1	72	72	144	2	61
263	1	1	73	72	144	2	1
263	1	1	74	72	144	3	75
263	1	1	76	72	144	2	196
263	1	1	78	72	144	2	209
263	1	1	79	72	144	2	230
263	1	1	85	72	144	3	174
263	1	1	86	72	144	2	182
263	1	1	88	72	144	2	182
263	1	1	89	72	144	3	174
263	1	1	95	72	144	2	230
263	1	1	96	72	144	2	209
263	1	1	98	72	144	2	196
263	1	1	100	72	144	3	75
263	1	1	101	72	144	2	1
263	1	1	102	72	144	2	61
263	1	1	107	72	144	2	217
263	1	1	112	72	144	2	122
263	1	1	116	72	144	2	216
263	1	1	118	72	144	2	198
263	1	1	123	72	144	3	inf
263	1	1	128	72	144	2	65
263	1	1	130	72	144	2	47
263	1	1	134	72	144	2	141
263	1	1	139	72	144	2	46
263	1	2	0	72	144	2	47
263	1	2	4	72	144	2	141
263	1	2	9	72	144	2	46
263	1	2	14	72	144	2	202
263	1	2	15	72	144	2	262
263	1	2	16	72	144	3	188
263	1	2	18	72	144	2	67
263	1	2	20	72	144	2	54
263	1	2	21	72	144	2	33
263	1	2	26	72	144	3	inf
263	1	2	27	72	144	3	89
263	1	2	28	72	144	3	inf
263	1	2	30	72	144	2	81
263	1	2	31	72	144	3	89
263	1	2	37	72	144	2	33
263	1	2	38	72	144	2	54
263	1	2	40	72	144	2	67
263	1	2	42	72	144	3	188
263	1	2	43	72	144	2	262
263	1	2	44	72	144	2	202
263	1	2	49	72	144	2	46
263	1	2	54	72	144	2	141
263	1	2	58	72	144	2	47
263	1	2	60	72	144	2	65
263	1	2	65	72	144	3	inf
263	1	2	70	72	144	2	198
263	1	2	72	72	144	2	216
263	1	2	76	72	144	2	122
263	1	2	81	72	144	2	217
263	1	2	86	72	144	2	61
263	1	2	87	72	144	2	1
263	1	2	88	72	144	3	75
263	1	2	90	72	144	2	196
263	1	2	92	72	144	2	209
263	1	2	93	72	144	2	230
263	1	2	99	72	144	3	174
263	1	2	100	72	144	2	182
263	1	2	102	72	144	2	182
263	1	2	103	72	144	3	174
263	1	2	109	72	144	2	230
263	1	2	110	72	144	2	209
263	1	2	112	72	144	2	196
263	1	2	114	72	144	3	75
263	1	2	115	72	144	2	1
263	1	2	116	72	144	2	61
263	1	2	121	72	144	2	217
263	1	2	126	72	144	2	122
263	1	2	130	72	144	2	216
263	1	2	132	72	144	2	198
263	1	2	137	72	144	3	inf
263	1	2	142	72	144	2	65
263	1	3	0	72	144	2	216
263	1	3	2	72	144	2	198
263	1	3	7	72	144	3	inf
263	1	3	12	72	144	2	65
263	1	3	14	72	144	2	47
263	1	3	18	72	144	2	141
263	1	3	23	72	144	2	46
263	1	3	28	72	144	2	202
263	1	3	29	72	144	2	262
263	1	3	30	72	144	3	188
263	1	3	32	72	144	2	67
263	1	3	34	72	144	2	54
263	1	3	35	72	144	2	33
263	1	3	40	72	144	3	inf
263	1	3	41	72	144	3	89
263	1	3	42	72	144	3	inf
263	1	3	44	72	144	2	81
263	1	3	45	72	144	3	89
263	1	3	51	72	144	2	33
263	1	3	52	72	144	2	54
263	1	3	54	72	144	2	67
263	1	3	56	72	144	3	188
263	1	3	57	72	144	2	262
263	1	3	58	72	144	2	202
263	1	3	63	72	144	2	46
263	1	3	68	72	144	2	141
263	1	3	72	72	144	2	47
263	1	3	74	72	144	2	65
263	1	3	79	72	144	3	inf
263	1	3	84	72	144	2	198
263	1	3	86	72	144	2	216
263	1	3	90	72	144	2	122
263	1	3	95	72	144	2	217
263	1	3	100	72	144	2	61
263	1	3	101	72	144	2	1
263	1	3	102	72	144	3	75
263	1	3	104	72	144	2	196
263	1	3	106	72	144	2	209
263	1	3	107	72	144	2	230
263	1	3	113	72	144	3	174
263	1	3	114	72	144	2	182
263	1	3	116	72	144	2	182
263	1	3	117	72	144	3	174
263	1	3	123	72	144	2	230
263	1	3	124	72	144	2	209
263	1	3	126	72	144	2	196
263	1	3	128	72	144	3	75
263	1	3	129	72	144	2	1
263	1	3	130	72	144	2	61
263	1	3	135	72	144	2	217
263	1	3	140	72	144	2	122
263	1	4	0	72	144	2	61
263	1	4	5	72	144	2	217
263	1	4	10	72	144	2	122
263	1	4	14	72	144	2	216
263	1	4	16	72	144	2	198
263	1	4	21	72	144	3	inf
263	1	4	26	72	144	2	65
263	1	4	28	72	144	2	47
263	1	4	32	72	144	2	141
263	1	4	37	72	144	2	46
263	1	4	42	72	144	2	202
263	1	4	43	72	144	2	262
263	1	4	44	72	144	3	188
263	1	4	46	72	144	2	67
263	1	4	48	72	144	2	54
263	1	4	49	72	144	2	33
263	1	4	54	72	144	3	inf
263	1	4	55	72	144	3	89
263	1	4	56	72	144	3	inf
263	1	4	58	72	144	2	81
263	1	4	59	72	144	3	89
263	1	4	65	72	144	2	33
263	1	4	66	72	144	2	54
263	1	4	68	72	144	2	67
263	1	4	70	72	144	3	188
263	1	4	71	72	144	2	262
263	1	4	72	72	144	2	202
263	1	4	77	72	144	2	46
263	1	4	82	72	144	2	141
263	1	4	86	72	144	2	47
263	1	4	88	72	144	2	65
263	1	4	93	72	144	3	inf
263	1	4	98	72	144	2	198
263	1	4	100	72	144	2	216
263	1	4	104	72	144	2	122
263	1	4	109	72	144	2	217
263	1	4	114	72	144	2	61
263	1	4	115	72	144	2	1
263	1	4	116	72	144	3	75
263	1	4	118	72	144	2	196
263	1	4	120	72	144	2	209
263	1	4	121	72	144	2	230
263	1	4	127	72	144	3	174
263	1	4	128	72	144	2	182
263	1	4	130	72	144	2	182
263	1	4	131	72	144	3	174
263	1	4	137	72	144	2	230
263	1	4	138	72	144	2	209
263	1	4	140	72	144	2	196
263	1	4	142	72	144	3	75
263	1	4	143	72	144	2	1
263	1	5	0	72	144	2	182
263	1	5	1	72	144	3	174
263	1	5	7	72	144	2	230
263	1	5	8	72	144	2	209
263	1	5	10	72	144	2	196
263	1	5	12	72	144	3	75
263	1	5	13	72	144	2	1
263	1	5	14	72	144	2	61
263	1	5	19	72	144	2	217
263	1	5	24	72	144	2	122
263	1	5	28	72	144	2	216
263	1	5	30	72	144	2	198
263	1	5	35	72	144	3	inf
263	1	5	40	72	144	2	65
263	1	5	42	72	144	2	47
263	1	5	46	72	144	2	141
263	1	5	51	72	144	2	46
263	1	5	56	72	144	2	202
263	1	5	57	72	144	2	262
263	1	5	58	72	144	3	188
263	1	5	60	72	144	2	67
263	1	5	62	72	144	2	54
263	1	5	63	72	144	2	33
263	1	5	68	72	144	3	inf
263	1	5	69	72	144	3	89
263	1	5	70	72	144	3	inf
263	1	5	72	72	144	2	81
263	1	5	73	72	144	3	89
263	1	5	79	72	144	2	33
263	1	5	80	72	144	2	54
263	1	5	82	72	144	2	67
263	1	5	84	72	144	3	188
263	1	5	85	72	144	2	262
263	1	5	86	72	144	2	202
263	1	5	91	72	144	2	46
263	1	5	96	72	144	2	141
263	1	5	100	72	144	2	47
263	1	5	102	72	144	2	65
263	1	5	107	72	144	3	inf
263	1	5	112	72	144	2	198
263	1	5	114	72	144	2	216
263	1	5	118	72	144	2	122
263	1	5	123	72	144	2	217
263	1	5	128	72	144	2	61
263	1	5	129	72	144	2	1
263	1	5	130	72	144	3	75
263	1	5	132	72	144	2	196
263	1	5	134	72	144	2	209
263	1	5	135	72	144	2	230
263	1	5	141	72	144	3	174
263	1	5	142	72	144	2	182
263	1	6	0	72	144	3	75
263	1	6	2	72	144	2	196
263	1	6	4	72	144	2	209
263	1	6	5	72	144	2	230
263	1	6	11	72	144	3	174
263	1	6	12	72	144	2	182
263	1	6	14	72	144	2	182
263	1	6	15	72	144	3	174
263	1	6	21	72	144	2	230
263	1	6	22	72	144	2	209
263	1	6	24	72	144	2	196
263	1	6	26	72	144	3	75
263	1	6	27	72	144	2	1
263	1	6	28	72	144	2	61
263	1	6	33	72	144	2	217
263	1	6	38	72	144	2	122
263	1	6	42	72	144	2	216
263	1	6	44	72	144	2	198
263	1	6	49	72	144	3	inf
263	1	6	54	72	144	2	65
263	1	6	56	72	144	2	47
263	1	6	60	72	144	2	141
263	1	6	65	72	144	2	46
263	1	6	70	72	144	2	202
263	1	6	71	72	144	2	262
263	1	6	72	72	144	3	188
263	1	6	74	72	144	2	67
263	1	6	76	72	144	2	54
263	1	6	77	72	144	2	33
263	1	6	82	72	144	3	inf
263	1	6	83	72	144	3	89
263	1	6	84	72	144	3	inf
263	1	6	86	72	144	2	81
263	1	6	87	72	144	3	89
263	1	6	93	72	144	2	33
263	1	6	94	72	144	2	54
263	1	6	96	72	144	2	67
263	1	6	98	72	144	3	188
263	1	6	99	72	144	2	262
263	1	6	100	72	144	2	202
263	1	6	105	72	144	2	46
263	1	6	110	72	144	2	141
263	1	6	114	72	144	2	47
263	1	6	116	72	144	2	65
263	1	6	121	72	144	3	inf
263	1	6	126	72	144	2	198
263	1	6	128	72	144	2	216
263	1	6	132	72	144	2	122
263	1	6	137	72	144	2	217
263	1	6	142	72	144	2	61
263	1	6	143	72	144	2	1
263	1	7	2	72	144	2	122
263	1	7	7	72	144	2	217
263	1	7	12	72	144	2	61
263	1	7	13	72	144	2	1
263	1	7	14	72	144	3	75
263	1	7	16	72	144	2	196
263	1	7	18	72	144	2	209
263	1	7	19	72	144	2	230
263	1	7	25	72	144	3	174
263	1	7	26	72	144	2	182
263	1	7	28	72	144	2	182
263	1	7	29	72	144	3	174
263	1	7	35	72	144	2	230
263	1	7	36	72	144	2	209
263	1	7	38	72	144	2	196
263	1	7	40	72	144	3	75
263	1	7	41	72	144	2	1
263	1	7	42	72	144	2	61
263	1	7	47	72	144	2	217
263	1	7	52	72	144	2	122
263	1	7	56	72	144	2	216
263	1	7	58	72	144	2	198
263	1	7	63	72	144	3	inf
263	1	7	68	72	144	2	65
263	1	7	70	72	144	2	47
263	1	7	74	72	144	2	141
263	1	7	79	72	144	2	46
263	1	7	84	72	144	2	202
263	1	7	85	72	144	2	262
263	1	7	86	72	144	3	188
263	1	7	88	72	144	2	67
263	1	7	90	72	144	2	54
263	1	7	91	72	144	2	33
263	1	7	96	72	144	3	inf
263	1	7	97	72	144	3	89
263	1	7	98	72	144	3	inf
263	1	7	100	72	144	2	81
263	1	7	101	72	144	3	89
263	1	7	107	72	144	2	33
263	1	7	108	72	144	2	54
263	1	7	110	72	144	2	67
263	1	7	112	72	144	3	188
263	1	7	113	72	144	2	262
263	1	7	114	72	144	2	202
263	1	7	119	72	144	2	46
263	1	7	124	72	144	2	141
263	1	7	128	72	144	2	47
263	1	7	130	72	144	2	65
263	1	7	135	72	144	3	inf
263	1	7	140	72	144	2	198
263	1	7	142	72	144	2	216
263	1	8	0	72	144	2	65
263	1	8	5	72	144	3	inf
263	1	8	10	72	144	2	198
263	1	8	12	72	144	2	216
263	1	8	16	72	144	2	122
263	1	8	21	72	144	2	217
263	1	8	26	72	144	2	61
263	1	8	27	72	144	2	1
263	1	8	28	72	144	3	75
263	1	8	30	72	144	2	196
263	1	8	32	72	144	2	209
263	1	8	33	72	144	2	230
263	1	8	39	72	144	3	174
263	1	8	40	72	144	2	182
263	1	8	42	72	144	2	182
263	1	8	43	72	144	3	174
263	1	8	49	72	144	2	230
263	1	8	50	72	144	2	209
263	1	8	52	72	144	2	196
263	1	8	54	72	144	3	75
263	1	8	55	72	144	2	1
263	1	8	56	72	144	2	61
263	1	8	61	72	144	2	217
263	1	8	66	72	144	2	122
263	1	8	70	72	144	2	216
263	1	8	72	72	144	2	198
263	1	8	77	72	144	3	inf
263	1	8	82	72	144	2	65
263	1	8	84	72	144	2	47
263	1	8	88	72	144	2	141
263	1	8	93	72	144	2	46
263	1	8	98	72	144	2	202
263	1	8	99	72	144	2	262
263	1	8	100	72	144	3	188
263	1	8	102	72	144	2	67
263	1	8	104	72	144	2	54
263	1	8	105	72	144	2	33
263	1	8	110	72	144	3	inf
263	1	8	111	72	144	3	89
263	1	8	112	72	144	3	inf
263	1	8	114	72	144	2	81
263	1	8	115	72	144	3	89
263	1	8	121	72	144	2	33
263	1	8	122	72	144	2	54
263	1	8	124	72	144	2	67
263	1	8	126	72	144	3	188
263	1	8	127	72	144	2	262
263	1	8	128	72	144	2	202
263	1	8	133	72	144	2	46
263	1	8	138	72	144	2	141
263	1	8	142	72	144	2	47
263	1	9	3	72	144	2	46
263	1	9	8	72	144	2	141
263	1	9	12	72	144	2	47
263	1	9	14	72	144	2	65
263	1	9	19	72	144	3	inf
263	1	9	24	72	144	2	198
263	1	9	26	72	144	2	216
263	1	9	30	72	144	2	122
263	1	9	35	72	144	2	217
263	1	9	40	72	144	2	61
263	1	9	41	72	144	2	1
263	1	9	42	72	144	3	75
263	1	9	44	72	144	2	196
263	1	9	46	72	144	2	209
263	1	9	47	72	144	2	230
263	1	9	53	72	144	3	174
263	1	9	54	72	144	2	182
263	1	9	56	72	144	2	182
263	1	9	57	72	144	3	174
263	1	9	63	72	144	2	230
263	1	9	64	72	144	2	209
263	1	9	66	72	144	2	196
263	1	9	68	72	144	3	75
263	1	9	69	72	144	2	1
263	1	9	70	72	144	2	61
263	1	9	75	72	144	2	217
263	1	9	80	72	144	2	122
263	1	9	84	72	144	2	216
263	1	9	86	72	144	2	198
263	1	9	91	72	144	3	inf
263	1	9	96	72	144	2	65
263	1	9	98	72	144	2	47
263	1	9	102	72	144	2	141
263	1	9	107	72	144	2	46
263	1	9	112	72	144	2	202
263	1	9	113	72	144	2	262
263	1	9	114	72	144	3	188
263	1	9	116	72	144	2	67
263	1	9	118	72	144	2	54
263	1	9	119	72	144	2	33
263	1	9	124	72	144	3	inf
263	1	9	125	72	144	3	89
263	1	9	126	72	144	3	inf
263	1	9	128	72	144	2	81
263	1	9	129	72	144	3	89
263	1	9	135	72	144	2	33
263	1	9	136	72	144	2	54
263	1	9	138	72	144	2	67
263	1	9	140	72	144	3	188
263	1	9	141	72	144	2	262
263	1	9	142	72	144	2	202
263	1	10	5	72	144	2	33
263	1	10	6	72	144	2	54
263	1	10	8	72	144	2	67
263	1	10	10	72	144	3	188
263	1	10	11	72	144	2	262
263	1	10	12	72	144	2	202
263	1	10	17	72	144	2	46
263	1	10	22	72	144	2	141
263	1	10	26	72	144	2	47
263	1	10	28	72	144	2	65
263	1	10	33	72	144	3	inf
263	1	10	38	72	144	2	198
263	1	10	40	72	144	2	216
263	1	10	44	72	144	2	122
263	1	10	49	72	144	2	217
263	1	10	54	72	144	2	61
263	1	10	55	72	144	2	1
263	1	10	56	72	144	3	75
263	1	10	58	72	144	2	196
263	1	10	60	72	144	2	209
263	1	10	61	72	144	2	230
263	1	10	67	72	144	3	174
263	1	10	68	72	144	2	182
263	1	10	70	72	144	2	182
263	1	10	71	72	144	3	174
263	1	10	77	72	144	2	230
263	1	10	78	72	144	2	209
263	1	10	80	72	144	2	196
263	1	10	82	72	144	3	75
263	1	10	83	72	144	2	1
263	1	10	84	72	144	2	61
263	1	10	89	72	144	2	217
263	1	10	94	72	144	2	122
263	1	10	98	72	144	2	216
263	1	10	100	72	144	2	198
263	1	10	105	72	144	3	inf
263	1	10	110	72	144	2	65
263	1	10	112	72	144	2	47
263	1	10	116	72	144	2	141
263	1	10	121	72	144	2	46
263	1	10	126	72	144	2	202
263	1	10	127	72	144	2	262
263	1	10	128	72	144	3	188
263	1	10	130	72	144	2	67
263	1	10	132	72	144	2	54
263	1	10	133	72	144	2	33
263	1	10	138	72	144	3	inf
263	1	10	139	72	144	3	89
263	1	10	140	72	144	3	inf
263	1	10	142	72	144	2	81
263	1	10	143	72	144	3	89
263	1	11	0	72	144	2	67
263	1	11	2	72	144	2	54
263	1	11	3	72	144	2	33
263	1	11	8	72	144	3	inf
263	1	11	9	72	144	3	89
263	1	11	10	72	144	3	inf
263	1	11	12	72	144	2	81
263	1	11	13	72	144	3	89
263	1	11	19	72	144	2	33
263	1	11	20	72	144	2	54
263	1	11	22	72	144	2	67
263	1	11	24	72	144	3	188
263	1	11	25	72	144	2	262
263	1	11	26	72	144	2	202
263	1	11	31	72	144	2	46
263	1	11	36	72	144	2	141
263	1	11	40	72	144	2	47
263	1	11	42	72	144	2	65
263	1	11	47	72	144	3	inf
263	1	11	52	72	144	2	198
263	1	11	54	72	144	2	216
263	1	11	58	72	144	2	122
263	1	11	63	72	144	2	217
263	1	11	68	72	144	2	61
263	1	11	69	72	144	2	1
263	1	11	70	72	144	3	75
263	1	11	72	72	144	2	196
263	1	11	74	72	144	2	209
263	1	11	75	72	144	2	230
263	1	11	81	72	144	3	174
263	1	11	82	72	144	2	182
263	1	11	84	72	144	2	182
263	1	11	85	72	144	3	174
263	1	11	91	72	144	2	230
263	1	11	92	72	144	2	209
263	1	11	94	72	144	2	196
263	1	11	96	72	144	3	75
263	1	11	97	72	144	2	1
263	1	11	98	72	144	2	61
263	1	11	103	72	144	2	217
263	1	11	108	72	144	2	122
263	1	11	112	72	144	2	216
263	1	11	114	72	144	2	198
263	1	11	119	72	144	3	inf
263	1	11	124	72	144	2	65
263	1	11	126	72	144	2	47
263	1	11	130	72	144	2	141
263	1	11	135	72	144	2	46
263	1	11	140	72	144	2	202
263	1	11	141	72	144	2	262
263	1	11	142	72	144	3	188
263	1	12	0	72	144	2	141
263	1	12	5	72	144	2	46
263	1	12	10	72	144	2	202
263	1	12	11	72	144	2	262
263	1	12	12	72	144	3	188
263	1	12	14	72	144	2	67
263	1	12	16	72	144	2	54
263	1	12	17	72	144	2	33
263	1	12	22	72	144	3	inf
263	1	12	23	72	144	3	89
263	1	12	24	72	144	3	inf
263	1	12	26	72	144	2	81
263	1	12	27	72	144	3	89
263	1	12	33	72	144	2	33
263	1	12	34	72	144	2	54
263	1	12	36	72	144	2	67
263	1	12	38	72	144	3	188
263	1	12	39	72	144	2	262
263	1	12	40	72	144	2	202
263	1	12	45	72	144	2	46
263	1	12	50	72	144	2	141
263	1	12	54	72	144	2	47
263	1	12	56	72	144	2	65
263	1	12	61	72	144	3	inf
263	1	12	66	72	144	2	198
263	1	12	68	72	144	2	216
263	1	12	72	72	144	2	122
263	1	12	77	72	144	2	217
263	1	12	82	72	144	2	61
263	1	12	83	72	144	2	1
263	1	12	84	72	144	3	75
263	1	12	86	72	144	2	196
263	1	12	88	72	144	2	209
263	1	12	89	72	144	2	230
263	1	12	95	72	144	3	174
263	1	12	96	72	144	2	182
263	1	12	98	72	144	2	182
263	1	12	99	72	144	3	174
263	1	12	105	72	144	2	230
263	1	12	106	72	144	2	209
263	1	12	108	72	144	2	196
263	1	12	110	72	144	3	75
263	1	12	111	72	144	2	1
263	1	12	112	72	144	2	61
263	1	12	117	72	144	2	217
263	1	12	122	72	144	2	122
263	1	12	126	72	144	2	216
263	1	12	128	72	144	2	198
263	1	12	133	72	144	3	inf
263	1	12	138	72	144	2	65
263	1	12	140	72	144	2	47
263	1	13	3	72	144	3	inf
263	1	13	8	72	144	2	65
263	1	13	10	72	144	2	47
263	1	13	14	72	144	2	141
263	1	13	19	72	144	2	46
263	1	13	24	72	144	2	202
263	1	13	25	72	144	2	262
263	1	13	26	72	144	3	188
263	1	13	28	72	144	2	67
263	1	13	30	72	144	2	54
263	1	13	31	72	144	2	33
263	1	13	36	72	144	3	inf
263	1	13	37	72	144	3	89
263	1	13	38	72	144	3	inf
263	1	13	40	72	144	2	81
263	1	13	41	72	144	3	89
263	1	13	47	72	144	2	33
263	1	13	48	72	144	2	54
263	1	13	50	72	144	2	67
263	1	13	52	72	144	3	188
263	1	13	53	72	144	2	262
263	1	13	54	72	144	2	202
263	1	13	59	72	144	2	46
263	1	13	64	72	144	2	141
263	1	13	68	72	144	2	47
263	1	13	70	72	144	2	65
263	1	13	75	72	144	3	inf
263	1	13	80	72	144	2	198
263	1	13	82	72	144	2	216
263	1	13	86	72	144	2	122
263	1	13	91	72	144	2	217
263	1	13	96	72	144	2	61
263	1	13	97	72	144	2	1
263	1	13	98	72	144	3	75
263	1	13	100	72	144	2	196
263	1	13	102	72	144	2	209
263	1	13	103	72	144	2	230
263	1	13	109	72	144	3	174
263	1	13	110	72	144	2	182
263	1	13	112	72	144	2	182
263	1	13	113	72	144	3	174
263	1	13	119	72	144	2	230
263	1	13	120	72	144	2	209
263	1	13	122	72	144	2	196
263	1	13	124	72	144	3	75
263	1	13	125	72	144	2	1
263	1	13	126	72	144	2	61
263	1	13	131	72	144	2	217
263	1	13	136	72	144	2	122
263	1	13	140	72	144	2	216
263	1	13	142	72	144	2	198
263	1	14	1	72	144	2	217
263	1	14	6	72	144	2	122
263	1	14	10	72	144	2	216
263	1	14	12	72	144	2	198
263	1	14	17	72	144	3	inf
263	1	14	22	72	144	2	65
263	1	14	24	72	144	2	47
263	1	14	28	72	144	2	141
263	1	14	33	72	144	2	46
263	1	14	38	72	144	2	202
263	1	14	39	72	144	2	262
263	1	14	40	72	144	3	188
263	1	14	42	72	144	2	67
263	1	14	44	72	144	2	54
263	1	14	45	72	144	2	33
263	1	14	50	72	144	3	inf
263	1	14	51	72	144	3	89
263	1	14	52	72	144	3	inf
263	1	14	54	72	144	2	81
263	1	14	55	72	144	3	89
263	1	14	61	72	144	2	33
263	1	14	62	72	144	2	54
263	1	14	64	72	144	2	67
263	1	14	66	72	144	3	188
263	1	14	67	72	144	2	262
263	1	14	68	72	144	2	202
263	1	14	73	72	144	2	46
263	1	14	78	72	144	2	141
263	1	14	82	72	144	2	47
263	1	14	84	72	144	2	65
263	1	14	89	72	144	3	inf
263	1	14	94	72	144	2	198
263	1	14	96	72	144	2	216
263	1	14	100	72	144	2	122
263	1	14	105	72	144	2	217
263	1	14	110	72	144	2	61
263	1	14	111	72	144	2	1
263	1	14	112	72	144	3	75
263	1	14	114	72	144	2	196
263	1	14	116	72	144	2	209
263	1	14	117	72	144	2	230
263	1	14	123	72	144	3	174
263	1	14	124	72	144	2	182
263	1	14	126	72	144	2	182
263	1	14	127	72	144	3	174
263	1	14	133	72	144	2	230
263	1	14	134	72	144	2	209
263	1	14	136	72	144	2	196
263	1	14	138	72	144	3	75
263	1	14	139	72	144	2	1
263	1	14	140	72	144	2	61
263	1	15	3	72	144	2	230
263	1	15	4	72	144	2	209
263	1	15	6	72	144	2	196
263	1	15	8	72	144	3	75
263	1	15	9	72	144	2	1
263	1	15	10	72	144	2	61
263	1	15	15	72	144	2	217
263	1	15	20	72	144	2	122
263	1	15	24	72	144	2	216
263	1	15	26	72	144	2	198
263	1	15	31	72	144	3	inf
263	1	15	36	72	144	2	65
263	1	15	38	72	144	2	47
263	1	15	42	72	144	2	141
263	1	15	47	72	144	2	46
263	1	15	52	72	144	2	202
263	1	15	53	72	144	2	262
263	1	15	54	72	144	3	188
263	1	15	56	72	144	2	67
263	1	15	58	72	144	2	54
263	1	15	59	72	144	2	33
263	1	15	64	72	144	3	inf
263	1	15	65	72	144	3	89
263	1	15	66	72	144	3	inf
263	1	15	68	72	144	2	81
263	1	15	69	72	144	3	89
263	1	15	75	72	144	2	33
263	1	15	76	72	144	2	54
263	1	15	78	72	144	2	67
263	1	15	80	72	144	3	188
263	1	15	81	72	144	2	262
263	1	15	82	72	144	2	202
263	1	15	87	72	144	2	46
263	1	15	92	72	144	2	141
263	1	15	96	72	144	2	47
263	1	15	98	72	144	2	65
263	1	15	103	72	144	3	inf
263	1	15	108	72	144	2	198
263	1	15	110	72	144	2	216
263	1	15	114	72	144	2	122
263	1	15	119	72	144	2	217
263	1	15	124	72	144	2	61
263	1	15	125	72	144	2	1
263	1	15	126	72	144	3	75
263	1	15	128	72	144	2	196
263	1	15	130	72	144	2	209
263	1	15	131	72	144	2	230
263	1	15	137	72	144	3	174
263	1	15	138	72	144	2	182
263	1	15	140	72	144	2	182
263	1	15	141	72	144	3	174
263	1	16	0	72	144	2	209
263	1	16	1	72	144	2	230
263	1	16	7	72	144	3	174
263	1	16	8	72	144	2	182
263	1	16	10	72	144	2	182
263	1	16	11	72	144	3	174
263	1	16	17	72	144	2	230
263	1	16	18	72	144	2	209
263	1	16	20	72	144	2	196
263	1	16	22	72	144	3	75
263	1	16	23	72	144	2	1
263	1	16	24	72	144	2	61
263	1	16	29	72	144	2	217
263	1	16	34	72	144	2	122
263	1	16	38	72	144	2	216
263	1	16	40	72	144	2	198
263	1	16	45	72	144	3	inf
263	1	16	50	72	144	2	65
263	1	16	52	72	144	2	47
263	1	16	56	72	144	2	141
263	1	16	61	72	144	2	46
263	1	16	66	72	144	2	202
263	1	16	67	72	144	2	262
263	1	16	68	72	144	3	188
263	1	16	70	72	144	2	67
263	1	16	72	72	144	2	54
263	1	16	73	72	144	2	33
263	1	16	78	72	144	3	inf
263	1	16	79	72	144	3	89
263	1	16	80	72	144	3	inf
263	1	16	82	72	144	2	81
263	1	16	83	72	144	3	89
263	1	16	89	72	144	2	33
263	1	16	90	72	144	2	54
263	1	16	92	72	144	2	67
263	1	16	94	72	144	3	188
263	1	16	95	72	144	2	262
263	1	16	96	72	144	2	202
263	1	16	101	72	144	2	46
263	1	16	106	72	144	2	141
263	1	16	110	72	144	2	47
263	1	16	112	72	144	2	65
263	1	16	117	72	144	3	inf
263	1	16	122	72	144	2	198
263	1	16	124	72	144	2	216
263	1	16	128	72	144	2	122
263	1	16	133	72	144	2	217
263	1	16	138	72	144	2	61
263	1	16	139	72	144	2	1
263	1	16	140	72	144	3	75
263	1	16	142	72	144	2	196
263	1	17	3	72	144	2	217
263	1	17	8	72	144	2	61
263	1	17	9	72	144	2	1
263	1	17	10	72	144	3	75
263	1	17	12	72	144	2	196
263	1	17	14	72	144	2	209
263	1	17	15	72	144	2	230
263	1	17	21	72	144	3	174
263	1	17	22	72	144	2	182
263	1	17	24	72	144	2	182
263	1	17	25	72	144	3	174
263	1	17	31	72	144	2	230
263	1	17	32	72	144	2	209
263	1	17	34	72	144	2	196
263	1	17	36	72	144	3	75
263	1	17	37	72	144	2	1
263	1	17	38	72	144	2	61
263	1	17	43	72	144	2	217
263	1	17	48	72	144	2	122
263	1	17	52	72	144	2	216
263	1	17	54	72	144	2	198
263	1	17	59	72	144	3	inf
263	1	17	64	72	144	2	65
263	1	17	66	72	144	2	47
263	1	17	70	72	144	2	141
263	1	17	75	72	144	2	46
263	1	17	80	72	144	2	202
263	1	17	81	72	144	2	262
263	1	17	82	72	144	3	188
263	1	17	84	72	144	2	67
263	1	17	86	72	144	2	54
263	1	17	87	72	144	2	33
263	1	17	92	72	144	3	inf
263	1	17	93	72	144	3	89
263	1	17	94	72	144	3	inf
263	1	17	96	72	144	2	81
263	1	17	97	72	144	3	89
263	1	17	103	72	144	2	33
263	1	17	104	72	144	2	54
263	1	17	106	72	144	2	67
263	1	17	108	72	144	3	188
263	1	17	109	72	144	2	262
263	1	17	110	72	144	2	202
263	1	17	115	72	144	2	46
263	1	17	120	72	144	2	141
263	1	17	124	72	144	2	47
263	1	17	126	72	144	2	65
263	1	17	131	72	144	3	inf
263	1	17	136	72	144	2	198
263	1	17	138	72	144	2	216
263	1	17	142	72	144	2	122
263	1	18	1	72	144	3	inf
263	1	18	6	72	144	2	198
263	1	18	8	72	144	2	216
263	1	18	12	72	144	2	122
263	1	18	17	72	144	2	217
263	1	18	22	72	144	2	61
263	1	18	23	72	144	2	1
263	1	18	24	72	144	3	75
263	1	18	26	72	144	2	196
263	1	18	28	72	144	2	209
263	1	18	29	72	144	2	230
263	1	18	35	72	144	3	174
263	1	18	36	72	144	2	182
263	1	18	38	72	144	2	182
263	1	18	39	72	144	3	174
263	1	18	45	72	144	2	230
263	1	18	46	72	144	2	209
263	1	18	48	72	144	2	196
263	1	18	50	72	144	3	75
263	1	18	51	72	144	2	1
263	1	18	52	72	144	2	61
263	1	18	57	72	144	2	217
263	1	18	62	72	144	2	122
263	1	18	66	72	144	2	216
263	1	18	68	72	144	2	198
263	1	18	73	72	144	3	inf
263	1	18	78	72	144	2	65
263	1	18	80	72	144	2	47
263	1	18	84	72	144	2	141
263	1	18	89	72	144	2	46
263	1	18	94	72	144	2	202
263	1	18	95	72	144	2	262
263	1	18	96	72	144	3	188
263	1	18	98	72	144	2	67
263	1	18	100	72	144	2	54
263	1	18	101	72	144	2	33
263	1	18	106	72	144	3	inf
263	1	18	107	72	144	3	89
263	1	18	108	72	144	3	inf
263	1	18	110	72	144	2	81
263	1	18	111	72	144	3	89
263	1	18	117	72	144	2	33
263	1	18	118	72	144	2	54
263	1	18	120	72	144	2	67
263	1	18	122	72	144	3	188
263	1	18	123	72	144	2	262
263	1	18	124	72	144	2	202
263	1	18	129	72	144	2	46
263	1	18	134	72	144	2	141
263	1	18	138	72	144	2	47
263	1	18	140	72	144	2	65
263	1	19	4	72	144	2	141
263	1	19	8	72	144	2	47
263	1	19	10	72	144	2	65
263	1	19	15	72	144	3	inf
263	1	19	20	72	144	2	198
263	1	19	22	72	144	2	216
263	1	19	26	72	144	2	122
263	1	19	31	72	144	2	217
263	1	19	36	72	144	2	61
263	1	19	37	72	144	2	1
263	1	19	38	72	144	3	75
263	1	19	40	72	144	2	196
263	1	19	42	72	144	2	209
263	1	19	43	72	144	2	230
263	1	19	49	72	144	3	174
263	1	19	50	72	144	2	182
263	1	19	52	72	144	2	182
263	1	19	53	72	144	3	174
263	1	19	59	72	144	2	230
263	1	19	60	72	144	2	209
263	1	19	62	72	144	2	196
263	1	19	64	72	144	3	75
263	1	19	65	72	144	2	1
263	1	19	66	72	144	2	61
263	1	19	71	72	144	2	217
263	1	19	76	72	144	2	122
263	1	19	80	72	144	2	216
263	1	19	82	72	144	2	198
263	1	19	87	72	144	3	inf
263	1	19	92	72	144	2	65
263	1	19	94	72	144	2	47
263	1	19	98	72	144	2	141
263	1	19	103	72	144	2	46
263	1	19	108	72	144	2	202
263	1	19	109	72	144	2	262
263	1	19	110	72	144	3	188
263	1	19	112	72	144	2	67
263	1	19	114	72	144	2	54
263	1	19	115	72	144	2	33
263	1	19	120	72	144	3	inf
263	1	19	121	72	144	3	89
263	1	19	122	72	144	3	inf
263	1	19	124	72	144	2	81
263	1	19	125	72	144	3	89
263	1	19	131	72	144	2	33
263	1	19	132	72	144	2	54
263	1	19	134	72	144	2	67
263	1	19	136	72	144	3	188
263	1	19	137	72	144	2	262
263	1	19	138	72	144	2	202
263	1	19	143	72	144	2	46
263	1	20	1	72	144	2	33
263	1	20	2	72	144	2	54
263	1	20	4	72	144	2	67
263	1	20	6	72	144	3	188
263	1	20	7	72	144	2	262
263	1	20	8	72	144	2	202
263	1	20	13	72	144	2	46
263	1	20	18	72	144	2	141
263	1	20	22	72	144	2	47
263	1	20	24	72	144	2	65
263	1	20	29	72	144	3	inf
263	1	20	34	72	144	2	198
263	1	20	36	72	144	2	216
263	1	20	40	72	144	2	122
263	1	20	45	72	144	2	217
263	1	20	50	72	144	2	61
263	1	20	51	72	144	2	1
263	1	20	52	72	144	3	75
263	1	20	54	72	144	2	196
263	1	20	56	72	144	2	209
263	1	20	57	72	144	2	230
263	1	20	63	72	144	3	174
263	1	20	64	72	144	2	182
263	1	20	66	72	144	2	182
263	1	20	67	72	144	3	174
263	1	20	73	72	144	2	230
263	1	20	74	72	144	2	209
263	1	20	76	72	144	2	196
263	1	20	78	72	144	3	75
263	1	20	79	72	144	2	1
263	1	20	80	72	144	2	61
263	1	20	85	72	144	2	217
263	1	20	90	72	144	2	122
263	1	20	94	72	144	2	216
263	1	20	96	72	144	2	198
263	1	20	101	72	144	3	inf
263	1	20	106	72	144	2	65
263	1	20	108	72	144	2	47
263	1	20	112	72	144	2	141
263	1	20	117	72	144	2	46
263	1	20	122	72	144	2	202
263	1	20	123	72	144	2	262
263	1	20	124	72	144	3	188
263	1	20	126	72	144	2	67
263	1	20	128	72	144	2	54
263	1	20	129	72	144	2	33
263	1	20	134	72	144	3	inf
263	1	20	135	72	144	3	89
263	1	20	136	72	144	3	inf
263	1	20	138	72	144	2	81
263	1	20	139	72	144	3	89
263	1	21	4	72	144	3	inf
263	1	21	5	72	144	3	89
263	1	21	6	72	144	3	inf
263	1	21	8	72	144	2	81
263	1	21	9	72	144	3	89
263	1	21	15	72	144	2	33
263	1	21	16	72	144	2	54
263	1	21	18	72	144	2	67
263	1	21	20	72	144	3	188
263	1	21	21	72	144	2	262
263	1	21	22	72	144	2	202
263	1	21	27	72	144	2	46
263	1	21	32	72	144	2	141
263	1	21	36	72	144	2	47
263	1	21	38	72	144	2	65
263	1	21	43	72	144	3	inf
263	1	21	48	72	144	2	198
263	1	21	50	72	144	2	216
263	1	21	54	72	144	2	122
263	1	21	59	72	144	2	217
263	1	21	64	72	144	2	61
263	1	21	65	72	144	2	1
263	1	21	66	72	144	3	75
263	1	21	68	72	144	2	196
263	1	21	70	72	144	2	209
263	1	21	71	72	144	2	230
263	1	21	77	72	144	3	174
263	1	21	78	72	144	2	182
263	1	21	80	72	144	2	182
263	1	21	81	72	144	3	174
263	1	21	87	72	144	2	230
263	1	21	88	72	144	2	209
263	1	21	90	72	144	2	196
263	1	21	92	72	144	3	75
263	1	21	93	72	144	2	1
263	1	21	94	72	144	2	61
263	1	21	99	72	144	2	217
263	1	21	104	72	144	2	122
263	1	21	108	72	144	2	216
263	1	21	110	72	144	2	198
263	1	21	115	72	144	3	inf
263	1	21	120	72	144	2	65
263	1	21	122	72	144	2	47
263	1	21	126	72	144	2	141
263	1	21	131	72	144	2	46
263	1	21	136	72	144	2	202
263	1	21	137	72	144	2	262
263	1	21	138	72	144	3	188
263	1	21	140	72	144	2	67
263	1	21	142	72	144	2	54
263	1	21	143	72	144	2	33
263	1	22	1	72	144	2	46
263	1	22	6	72	144	2	202
263	1	22	7	72	144	2	262
263	1	22	8	72	144	3	188
263	1	22	10	72	144	2	67
263	1	22	12	72	144	2	54
263	1	22	13	72	144	2	33
263	1	22	18	72	144	3	inf
263	1	22	19	72	144	3	89
263	1	22	20	72	144	3	inf
263	1	22	22	72	144	2	81
263	1	22	23	72	144	3	89
263	1	22	29	72	144	2	33
263	1	22	30	72	144	2	54
263	1	22	32	72	144	2	67
263	1	22	34	72	144	3	188
263	1	22	35	72	144	2	262
263	1	22	36	72	144	2	202
263	1	22	41	72	144	2	46
263	1	22	46	72	144	2	141
263	1	22	50	72	144	2	47
263	1	22	52	72	144	2	65
263	1	22	57	72	144	3	inf
263	1	22	62	72	144	2	198
263	1	22	64	72	144	2	216
263	1	22	68	72	144	2	122
263	1	22	73	72	144	2	217
263	1	22	78	72	144	2	61
263	1	22	79	72	144	2	1
263	1	22	80	72	144	3	75
263	1	22	82	72	144	2	196
263	1	22	84	72	144	2	209
263	1	22	85	72	144	2	230
263	1	22	91	72	144	3	174
263	1	22	92	72	144	2	182
263	1	22	94	72	144	2	182
263	1	22	95	72	144	3	174
263	1	22	101	72	144	2	230
263	1	22	102	72	144	2	209
263	1	22	104	72	144	2	196
263	1	22	106	72	144	3	75
263	1	22	107	72	144	2	1
263	1	22	108	72	144	2	61
263	1	22	113	72	144	2	217
263	1	22	118	72	144	2	122
263	1	22	122	72	144	2	216
263	1	22	124	72	144	2	198
263	1	22	129	72	144	3	inf
263	1	22	134	72	144	2	65
263	1	22	136	72	144	2	47
263	1	22	140	72	144	2	141
263	1	23	4	72	144	2	65
263	1	23	6	72	144	2	47
263	1	23	10	72	144	2	141
263	1	23	15	72	144	2	46
263	1	23	20	72	144	2	202
263	1	23	21	72	144	2	262
263	1	23	22	72	144	3	188
263	1	23	24	72	144	2	67
263	1	23	26	72	144	2	54
263	1	23	27	72	144	2	33
263	1	23	32	72	144	3	inf
263	1	23	33	72	144	3	89
263	1	23	34	72	144	3	inf
263	1	23	36	72	144	2	81
263	1	23	37	72	144	3	89
263	1	23	43	72	144	2	33
263	1	23	44	72	144	2	54
263	1	23	46	72	144	2	67
263	1	23	48	72	144	3	188
263	1	23	49	72	144	2	262
263	1	23	50	72	144	2	202
263	1	23	55	72	144	2	46
263	1	23	60	72	144	2	141
263	1	23	64	72	144	2	47
263	1	23	66	72	144	2	65
263	1	23	71	72	144	3	inf
263	1	23	76	72	144	2	198
263	1	23	78	72	144	2	216
263	1	23	82	72	144	2	122
263	1	23	87	72	144	2	217
263	1	23	92	72	144	2	61
263	1	23	93	72	144	2	1
263	1	23	94	72	144	3	75
263	1	23	96	72	144	2	196
263	1	23	98	72	144	2	209
263	1	23	99	72	144	2	230
263	1	23	105	72	144	3	174
263	1	23	106	72	144	2	182
263	1	23	108	72	144	2	182
263	1	23	109	72	144	3	174
263	1	23	115	72	144	2	230
263	1	23	116	72	144	2	209
263	1	23	118	72	144	2	196
263	1	23	120	72	144	3	75
263	1	23	121	72	144	2	1
263	1	23	122	72	144	2	61
263	1	23	127	72	144	2	217
263	1	23	132	72	144	2	122
263	1	23	136	72	144	2	216
263	1	23	138	72	144	2	198
263	1	23	143	72	144	3	inf
263	1	24	2	72	144	2	122
263	1	24	6	72	144	2	216
263	1	24	8	72	144	2	198
263	1	24	13	72	144	3	inf
263	1	24	18	72	144	2	65
263	1	24	20	72	144	2	47
263	1	24	24	72	144	2	141
263	1	24	29	72	144	2	46
263	1	24	34	72	144	2	202
263	1	24	35	72	144	2	262
263	1	24	36	72	144	3	188
263	1	24	38	72	144	2	67
263	1	24	40	72	144	2	54
263	1	24	41	72	144	2	33
263	1	24	46	72	144	3	inf
263	1	24	47	72	144	3	89
263	1	24	48	72	144	3	inf
263	1	24	50	72	144	2	81
263	1	24	51	72	144	3	89
263	1	24	57	72	144	2	33
263	1	24	58	72	144	2	54
263	1	24	60	72	144	2	67
263	1	24	62	72	144	3	188
263	1	24	63	72	144	2	262
263	1	24	64	72	144	2	202
263	1	24	69	72	144	2	46
263	1	24	74	72	144	2	141
263	1	24	78	72	144	2	47
263	1	24	80	72	144	2	65
263	1	24	85	72	144	3	inf
263	1	24	90	72	144	2	198
263	1	24	92	72	144	2	216
263	1	24	96	72	144	2	122
263	1	24	101	72	144	2	217
263	1	24	106	72	144	2	61
263	1	24	107	72	144	2	1
263	1	24	108	72	144	3	75
263	1	24	110	72	144	2	196
263	1	24	112	72	144	2	209
263	1	24	113	72	144	2	230
263	1	24	119	72	144	3	174
263	1	24	120	72	144	2	182
263	1	24	122	72	144	2	182
263	1	24	123	72	144	3	174
263	1	24	129	72	144	2	230
263	1	24	130	72	144	2	209
263	1	24	132	72	144	2	196
263	1	24	134	72	144	3	75
263	1	24	135	72	144	2	1
263	1	24	136	72	144	2	61
263	1	24	141	72	144	2	217
263	1	25	0	72	144	2	209
263	1	25	2	72	144	2	196
263	1	25	4	72	144	3	75
263	1	25	5	72	144	2	1
263	1	25	6	72	144	2	61
263	1	25	11	72	144	2	217
263	1	25	16	72	144	2	122
263	1	25	20	72	144	2	216
263	1	25	22	72	144	2	198
263	1	25	27	72	144	3	inf
263	1	25	32	72	144	2	65
263	1	25	34	72	144	2	47
263	1	25	38	72	144	2	141
263	1	25	43	72	144	2	46
263	1	25	48	72	144	2	202
263	1	25	49	72	144	2	262
263	1	25	50	72	144	3	188
263	1	25	52	72	144	2	67
263	1	25	54	72	144	2	54
263	1	25	55	72	144	2	33
263	1	25	60	72	144	3	inf
263	1	25	61	72	144	3	89
263	1	25	62	72	144	3	inf
263	1	25	64	72	144	2	81
263	1	25	65	72	144	3	89
263	1	25	71	72	144	2	33
263	1	25	72	72	144	2	54
263	1	25	74	72	144	2	67
263	1	25	76	72	144	3	188
263	1	25	77	72	144	2	262
263	1	25	78	72	144	2	202
263	1	25	83	72	144	2	46
263	1	25	88	72	144	2	141
263	1	25	92	72	144	2	47
263	1	25	94	72	144	2	65
263	1	25	99	72	144	3	inf
263	1	25	104	72	144	2	198
263	1	25	106	72	144	2	216
263	1	25	110	72	144	2	122
263	1	25	115	72	144	2	217
263	1	25	120	72	144	2	61
263	1	25	121	72	144	2	1
263	1	25	122	72	144	3	75
263	1	25	124	72	144	2	196
263	1	25	126	72	144	2	209
263	1	25	127	72	144	2	230
263	1	25	133	72	144	3	174
263	1	25	134	72	144	2	182
263	1	25	136	72	144	2	182
263	1	25	137	72	144	3	174
263	1	25	143	72	144	2	230
263	1	26	3	72	144	3	174
263	1	26	4	72	144	2	182
263	1	26	6	72	144	2	182
263	1	26	7	72	144	3	174
263	1	26	13	72	144	2	230
263	1	26	14	72	144	2	209
263	1	26	16	72	144	2	196
263	1	26	18	72	144	3	75
263	1	26	19	72	144	2	1
263	1	26	20	72	144	2	61
263	1	26	25	72	144	2	217
263	1	26	30	72	144	2	122
263	1	26	34	72	144	2	216
263	1	26	36	72	144	2	198
263	1	26	41	72	144	3	inf
263	1	26	46	72	144	2	65
263	1	26	48	72	144	2	47
263	1	26	52	72	144	2	141
263	1	26	57	72	144	2	46
263	1	26	62	72	144	2	202
263	1	26	63	72	144	2	262
263	1	26	64	72	144	3	188
263	1	26	66	72	144	2	67
263	1	26	68	72	144	2	54
263	1	26	69	72	144	2	33
263	1	26	74	72	144	3	inf
263	1	26	75	72	144	3	89
263	1	26	76	72	144	3	inf
263	1	26	78	72	144	2	81
263	1	26	79	72	144	3	89
263	1	26	85	72	144	2	33
263	1	26	86	72	144	2	54
263	1	26	88	72	144	2	67
263	1	26	90	72	144	3	188
263	1	26	91	72	144	2	262
263	1	26	92	72	144	2	202
263	1	26	97	72	144	2	46
263	1	26	102	72	144	2	141
263	1	26	106	72	144	2	47
263	1	26	108	72	144	2	65
263	1	26	113	72	144	3	inf
263	1	26	118	72	144	2	198
263	1	26	120	72	144	2	216
263	1	26	124	72	144	2	122
263	1	26	129	72	144	2	217
263	1	26	134	72	144	2	61
263	1	26	135	72	144	2	1
263	1	26	136	72	144	3	75
263	1	26	138	72	144	2	196
263	1	26	140	72	144	2	209
263	1	26	141	72	144	2	230
263	1	27	4	72	144	2	61
263	1	27	5	72	144	2	1
263	1	27	6	72	144	3	75
263	1	27	8	72	144	2	196
263	1	27	10	72	144	2	209
263	1	27	11	72	144	2	230
263	1	27	17	72	144	3	174
263	1	27	18	72	144	2	182
263	1	27	20	72	144	2	182
263	1	27	21	72	144	3	174
263	1	27	27	72	144	2	230
263	1	27	28	72	144	2	209
263	1	27	30	72	144	2	196
263	1	27	32	72	144	3	75
263	1	27	33	72	144	2	1
263	1	27	34	72	144	2	61
263	1	27	39	72	144	2	217
263	1	27	44	72	144	2	122
263	1	27	48	72	144	2	216
263	1	27	50	72	144	2	198
263	1	27	55	72	144	3	inf
263	1	27	60	72	144	2	65
263	1	27	62	72	144	2	47
263	1	27	66	72	144	2	141
263	1	27	71	72	144	2	46
263	1	27	76	72	144	2	202
263	1	27	77	72	144	2	262
263	1	27	78	72	144	3	188
263	1	27	80	72	144	2	67
263	1	27	82	72	144	2	54
263	1	27	83	72	144	2	33
263	1	27	88	72	144	3	inf
263	1	27	89	72	144	3	89
263	1	27	90	72	144	3	inf
263	1	27	92	72	144	2	81
263	1	27	93	72	144	3	89
263	1	27	99	72	144	2	33
263	1	27	100	72	144	2	54
263	1	27	102	72	144	2	67
263	1	27	104	72	144	3	188
263	1	27	105	72	144	2	262
263	1	27	106	72	144	2	202
263	1	27	111	72	144	2	46
263	1	27	116	72	144	2	141
263	1	27	120	72	144	2	47
263	1	27	122	72	144	2	65
263	1	27	127	72	144	3	inf
263	1	27	132	72	144	2	198
263	1	27	134	72	144	2	216
263	1	27	138	72	144	2	122
263	1	27	143	72	144	2	217
263	1	28	2	72	144	2	198
263	1	28	4	72	144	2	216
263	1	28	8	72	144	2	122
263	1	28	13	72	144	2	217
263	1	28	18	72	144	2	61
263	1	28	19	72	144	2	1
263	1	28	20	72	144	3	75
263	1	28	22	72	144	2	196
263	1	28	24	72	144	2	209
263	1	28	25	72	144	2	230
263	1	28	31	72	144	3	174
263	1	28	32	72	144	2	182
263	1	28	34	72	144	2	182
263	1	28	35	72	144	3	174
263	1	28	41	72	144	2	230
263	1	28	42	72	144	2	209
263	1	28	44	72	144	2	196
263	1	28	46	72	144	3	75
263	1	28	47	72	144	2	1
263	1	28	48	72	144	2	61
263	1	28	53	72	144	2	217
263	1	28	58	72	144	2	122
263	1	28	62	72	144	2	216
263	1	28	64	72	144	2	198
263	1	28	69	72	144	3	inf
263	1	28	74	72	144	2	65
263	1	28	76	72	144	2	47
263	1	28	80	72	144	2	141
263	1	28	85	72	144	2	46
263	1	28	90	72	144	2	202
263	1	28	91	72	144	2	262
263	1	28	92	72	144	3	188
263	1	28	94	72	144	2	67
263	1	28	96	72	144	2	54
263	1	28	97	72	144	2	33
263	1	28	102	72	144	3	inf
263	1	28	103	72	144	3	89
263	1	28	104	72	144	3	inf
263	1	28	106	72	144	2	81
263	1	28	107	72	144	3	89
263	1	28	113	72	144	2	33
263	1	28	114	72	144	2	54
263	1	28	116	72	144	2	67
263	1	28	118	72	144	3	188
263	1	28	119	72	144	2	262
263	1	28	120	72	144	2	202
263	1	28	125	72	144	2	46
263	1	28	130	72	144	2	141
263	1	28	134	72	144	2	47
263	1	28	136	72	144	2	65
263	1	28	141	72	144	3	inf
263	1	29	0	72	144	2	141
263	1	29	4	72	144	2	47
263	1	29	6	72	144	2	65
263	1	29	11	72	144	3	inf
263	1	29	16	72	144	2	198
263	1	29	18	72	144	2	216
263	1	29	22	72	144	2	122
263	1	29	27	72	144	2	217
263	1	29	32	72	144	2	61
263	1	29	33	72	144	2	1
263	1	29	34	72	144	3	75
263	1	29	36	72	144	2	196
263	1	29	38	72	144	2	209
263	1	29	39	72	144	2	230
263	1	29	45	72	144	3	174
263	1	29	46	72	144	2	182
263	1	29	48	72	144	2	182
263	1	29	49	72	144	3	174
263	1	29	55	72	144	2	230
263	1	29	56	72	144	2	209
263	1	29	58	72	144	2	196
263	1	29	60	72	144	3	75
263	1	29	61	72	144	2	1
263	1	29	62	72	144	2	61
263	1	29	67	72	144	2	217
263	1	29	72	72	144	2	122
263	1	29	76	72	144	2	216
263	1	29	78	72	144	2	198
263	1	29	83	72	144	3	inf
263	1	29	88	72	144	2	65
263	1	29	90	72	144	2	47
263	1	29	94	72	144	2	141
263	1	29	99	72	144	2	46
263	1	29	104	72	144	2	202
263	1	29	105	72	144	2	262
263	1	29	106	72	144	3	188
263	1	29	108	72	144	2	67
263	1	29	110	72	144	2	54
263	1	29	111	72	144	2	33
263	1	29	116	72	144	3	inf
263	1	29	117	72	144	3	89
263	1	29	118	72	144	3	inf
263	1	29	120	72	144	2	81
263	1	29	121	72	144	3	89
263	1	29	127	72	144	2	33
263	1	29	128	72	144	2	54
263	1	29	130	72	144	2	67
263	1	29	132	72	144	3	188
263	1	29	133	72	144	2	262
263	1	29	134	72	144	2	202
263	1	29	139	72	144	2	46
263	1	30	0	72	144	2	67
263	1	30	2	72	144	3	188
263	1	30	3	72	144	2	262
263	1	30	4	72	144	2	202
263	1	30	9	72	144	2	46
263	1	30	14	72	144	2	141
263	1	30	18	72	144	2	47
263	1	30	20	72	144	2	65
263	1	30	25	72	144	3	inf
263	1	30	30	72	144	2	198
263	1	30	32	72	144	2	216
263	1	30	36	72	144	2	122
263	1	30	41	72	144	2	217
263	1	30	46	72	144	2	61
263	1	30	47	72	144	2	1
263	1	30	48	72	144	3	75
263	1	30	50	72	144	2	196
263	1	30	52	72	144	2	209
263	1	30	53	72	144	2	230
263	1	30	59	72	144	3	174
263	1	30	60	72	144	2	182
263	1	30	62	72	144	2	182
263	1	30	63	72	144	3	174
263	1	30	69	72	144	2	230
263	1	30	70	72	144	2	209
263	1	30	72	72	144	2	196
263	1	30	74	72	144	3	75
263	1	30	75	72	144	2	1
263	1	30	76	72	144	2	61
263	1	30	81	72	144	2	217
263	1	30	86	72	144	2	122
263	1	30	90	72	144	2	216
263	1	30	92	72	144	2	198
263	1	30	97	72	144	3	inf
263	1	30	102	72	144	2	65
263	1	30	104	72	144	2	47
263	1	30	108	72	144	2	141
263	1	30	113	72	144	2	46
263	1	30	118	72	144	2	202
263	1	30	119	72	144	2	262
263	1	30	120	72	144	3	188
263	1	30	122	72	144	2	67
263	1	30	124	72	144	2	54
263	1	30	125	72	144	2	33
263	1	30	130	72	144	3	inf
263	1	30	131	72	144	3	89
263	1	30	132	72	144	3	inf
263	1	30	134	72	144	2	81
263	1	30	135	72	144	3	89
263	1	30	141	72	144	2	33
263	1	30	142	72	144	2	54
263	1	31	0	72	144	3	inf
263	1	31	1	72	144	3	89
263	1	31	2	72	144	3	inf
263	1	31	4	72	144	2	81
263	1	31	5	72	144	3	89
263	1	31	11	72	144	2	33
263	1	31	12	72	144	2	54
263	1	31	14	72	144	2	67
263	1	31	16	72	144	3	188
263	1	31	17	72	144	2	262
263	1	31	18	72	144	2	202
263	1	31	23	72	144	2	46
263	1	31	28	72	144	2	141
263	1	31	32	72	144	2	47
263	1	31	34	72	144	2	65
263	1	31	39	72	144	3	inf
263	1	31	44	72	144	2	198
263	1	31	46	72	144	2	216
263	1	31	50	72	144	2	122
263	1	31	55	72	144	2	217
263	1	31	60	72	144	2	61
263	1	31	61	72	144	2	1
263	1	31	62	72	144	3	75
263	1	31	64	72	144	2	196
263	1	31	66	72	144	2	209
263	1	31	67	72	144	2	230
263	1	31	73	72	144	3	174
263	1	31	74	72	144	2	182
263	1	31	76	72	144	2	182
263	1	31	77	72	144	3	174
263	1	31	83	72	144	2	230
263	1	31	84	72	144	2	209
263	1	31	86	72	144	2	196
263	1	31	88	72	144	3	75
263	1	31	89	72	144	2	1
263	1	31	90	72	144	2	61
263	1	31	95	72	144	2	217
263	1	31	100	72	144	2	122
263	1	31	104	72	144	2	216
263	1	31	106	72	144	2	198
263	1	31	111	72	144	3	inf
263	1	31	116	72	144	2	65
263	1	31	118	72	144	2	47
263	1	31	122	72	144	2	141
263	1	31	127	72	144	2	46
263	1	31	132	72	144	2	202
263	1	31	133	72	144	2	262
263	1	31	134	72	144	3	188
263	1	31	136	72	144	2	67
263	1	31	138	72	144	2	54
263	1	31	139	72	144	2	33
263	1	32	2	72	144	2	202
263	1	32	3	72	144	2	262
263	1	32	4	72	144	3	188
263	1	32	6	72	144	2	67
263	1	32	8	72	144	2	54
263	1	32	9	72	144	2	33
263	1	32	14	72	144	3	inf
263	1	32	15	72	144	3	89
263	1	32	16	72	144	3	inf
263	1	32	18	72	144	2	81
263	1	32	19	72	144	3	89
263	1	32	25	72	144	2	33
263	1	32	26	72	144	2	54
263	1	32	28	72	144	2	67
263	1	32	30	72	144	3	188
263	1	32	31	72	144	2	262
263	1	32	32	72	144	2	202
263	1	32	37	72	144	2	46
263	1	32	42	72	144	2	141
263	1	32	46	72	144	2	47
263	1	32	48	72	144	2	65
263	1	32	53	72	144	3	inf
263	1	32	58	72	144	2	198
263	1	32	60	72	144	2	216
263	1	32	64	72	144	2	122
263	1	32	69	72	144	2	217
263	1	32	74	72	144	2	61
263	1	32	75	72	144	2	1
263	1	32	76	72	144	3	75
263	1	32	78	72	144	2	196
263	1	32	80	72	144	2	209
263	1	32	81	72	144	2	230
263	1	32	87	72	144	3	174
263	1	32	88	72	144	2	182
263	1	32	90	72	144	2	182
263	1	32	91	72	144	3	174
263	1	32	97	72	144	2	230
263	1	32	98	72	144	2	209
263	1	32	100	72	144	2	196
263	1	32	102	72	144	3	75
263	1	32	103	72	144	2	1
263	1	32	104	72	144	2	61
263	1	32	109	72	144	2	217
263	1	32	114	72	144	2	122
263	1	32	118	72	144	2	216
263	1	32	120	72	144	2	198
263	1	32	125	72	144	3	inf
263	1	32	130	72	144	2	65
263	1	32	132	72	144	2	47
263	1	32	136	72	144	2	141
263	1	32	141	72	144	2	46
263	1	33	0	72	144	2	65
263	1	33	2	72	144	2	47
263	1	33	6	72	144	2	141
263	1	33	11	72	144	2	46
263	1	33	16	72	144	2	202
263	1	33	17	72	144	2	262
263	1	33	18	72	144	3	188
263	1	33	20	72	144	2	67
263	1	33	22	72	144	2	54
263	1	33	23	72	144	2	33
263	1	33	28	72	144	3	inf
263	1	33	29	72	144	3	89
263	1	33	30	72	144	3	inf
263	1	33	32	72	144	2	81
263	1	33	33	72	144	3	89
263	1	33	39	72	144	2	33
263	1	33	40	72	144	2	54
263	1	33	42	72	144	2	67
263	1	33	44	72	144	3	188
263	1	33	45	72	144	2	262
263	1	33	46	72	144	2	202
263	1	33	51	72	144	2	46
263	1	33	56	72	144	2	141
263	1	33	60	72	144	2	47
263	1	33	62	72	144	2	65
263	1	33	67	72	144	3	inf
263	1	33	72	72	144	2	198
263	1	33	74	72	144	2	216
263	1	33	78	72	144	2	122
263	1	33	83	72	144	2	217
263	1	33	88	72	144	2	61
263	1	33	89	72	144	2	1
263	1	33	90	72	144	3	75
263	1	33	92	72	144	2	196
263	1	33	94	72	144	2	209
263	1	33	95	72	144	2	230
263	1	33	101	72	144	3	174
263	1	33	102	72	144	2	182
263	1	33	104	72	144	2	182
263	1	33	105	72	144	3	174
263	1	33	111	72	144	2	230
263	1	33	112	72	144	2	209
263	1	33	114	72	144	2	196
263	1	33	116	72	144	3	75
263	1	33	117	72	144	2	1
263	1	33	118	72	144	2	61
263	1	33	123	72	144	2	217
263	1	33	128	72	144	2	122
263	1	33	132	72	144	2	216
263	1	33	134	72	144	2	198
263	1	33	139	72	144	3	inf
263	1	34	2	72	144	2	216
263	1	34	4	72	144	2	198
263	1	34	9	72	144	3	inf
263	1	34	14	72	144	2	65
263	1	34	16	72	144	2	47
263	1	34	20	72	144	2	141
263	1	34	25	72	144	2	46
263	1	34	30	72	144	2	202
263	1	34	31	72	144	2	262
263	1	34	32	72	144	3	188
263	1	34	34	72	144	2	67
263	1	34	36	72	144	2	54
263	1	34	37	72	144	2	33
263	1	34	42	72	144	3	inf
263	1	34	43	72	144	3	89
263	1	34	44	72	144	3	inf
263	1	34	46	72	144	2	81
263	1	34	47	72	144	3	89
263	1	34	53	72	144	2	33
263	1	34	54	72	144	2	54
263	1	34	56	72	144	2	67
263	1	34	58	72	144	3	188
263	1	34	59	72	144	2	262
263	1	34	60	72	144	2	202
263	1	34	65	72	144	2	46
263	1	34	70	72	144	2	141
263	1	34	74	72	144	2	47
263	1	34	76	72	144	2	65
263	1	34	81	72	144	3	inf
263	1	34	86	72	144	2	198
263	1	34	88	72	144	2	216
263	1	34	92	72	144	2	122
263	1	34	97	72	144	2	217
263	1	34	102	72	144	2	61
263	1	34	103	72	144	2	1
263	1	34	104	72	144	3	75
263	1	34	106	72	144	2	196
263	1	34	108	72	144	2	209
263	1	34	109	72	144	2	230
263	1	34	115	72	144	3	174
263	1	34	116	72	144	2	182
263	1	34	118	72	144	2	182
263	1	34	119	72	144	3	174
263	1	34	125	72	144	2	230
263	1	34	126	72	144	2	209
263	1	34	128	72	144	2	196
263	1	34	130	72	144	3	75
263	1	34	131	72	144	2	1
263	1	34	132	72	144	2	61
263	1	34	137	72	144	2	217
263	1	34	142	72	144	2	122
263	1	35	0	72	144	3	75
263	1	35	1	72	144	2	1
263	1	35	2	72	144	2	61
263	1	35	7	72	144	2	217
263	1	35	12	72	144	2	122
263	1	35	16	72	144	2	216
263	1	35	18	72	144	2	198
263	1	35	23	72	144	3	inf
263	1	35	28	72	144	2	65
263	1	35	30	72	144	2	47
263	1	35	34	72	144	2	141
263	1	35	39	72	144	2	46
263	1	35	44	72	144	2	202
263	1	35	45	72	144	2	262
263	1	35	46	72	144	3	188
263	1	35	48	72	144	2	67
263	1	35	50	72	144	2	54
263	1	35	51	72	144	2	33
263	1	35	56	72	144	3	inf
263	1	35	57	72	144	3	89
263	1	35	58	72	144	3	inf
263	1	35	60	72	144	2	81
263	1	35	61	72	144	3	89
263	1	35	67	72	144	2	33
263	1	35	68	72	144	2	54
263	1	35	70	72	144	2	67
263	1	35	72	72	144	3	188
263	1	35	73	72	144	2	262
263	1	35	74	72	144	2	202
263	1	35	79	72	144	2	46
263	1	35	84	72	144	2	141
263	1	35	88	72	144	2	47
263	1	35	90	72	144	2	65
263	1	35	95	72	144	3	inf
263	1	35	100	72	144	2	198
263	1	35	102	72	144	2	216
263	1	35	106	72	144	2	122
263	1	35	111	72	144	2	217
263	1	35	116	72	144	2	61
263	1	35	117	72	144	2	1
263	1	35	118	72	144	3	75
263	1	35	120	72	144	2	196
263	1	35	122	72	144	2	209
263	1	35	123	72	144	2	230
263	1	35	129	72	144	3	174
263	1	35	130	72	144	2	182
263	1	35	132	72	144	2	182
263	1	35	133	72	144	3	174
263	1	35	139	72	144	2	230
263	1	35	140	72	144	2	209
263	1	35	142	72	144	2	196
263	1	36	0	72	144	2	182
263	1	36	2	72	144	2	182
263	1	36	3	72	144	3	174
263	1	36	9	72	144	2	230
263	1	36	10	72	144	2	209
263	1	36	12	72	144	2	196
263	1	36	14	72	144	3	75
263	1	36	15	72	144	2	1
263	1	36	16	72	144	2	61
263	1	36	21	72	144	2	217
263	1	36	26	72	144	2	122
263	1	36	30	72	144	2	216
263	1	36	32	72	144	2	198
263	1	36	37	72	144	3	inf
263	1	36	42	72	144	2	65
263	1	36	44	72	144	2	47
263	1	36	48	72	144	2	141
263	1	36	53	72	144	2	46
263	1	36	58	72	144	2	202
263	1	36	59	72	144	2	262
263	1	36	60	72	144	3	188
263	1	36	62	72	144	2	67
263	1	36	64	72	144	2	54
263	1	36	65	72	144	2	33
263	1	36	70	72	144	3	inf
263	1	36	71	72	144	3	89
263	1	36	72	72	144	3	inf
263	1	36	74	72	144	2	81
263	1	36	75	72	144	3	89
263	1	36	81	72	144	2	33
263	1	36	82	72	144	2	54
263	1	36	84	72	144	2	67
263	1	36	86	72	144	3	188
263	1	36	87	72	144	2	262
263	1	36	88	72	144	2	202
263	1	36	93	72	144	2	46
263	1	36	98	72	144	2	141
263	1	36	102	72	144	2	47
263	1	36	104	72	144	2	65
263	1	36	109	72	144	3	inf
263	1	36	114	72	144	2	198
263	1	36	116	72	144	2	216
263	1	36	120	72	144	2	122
263	1	36	125	72	144	2	217
263	1	36	130	72	144	2	61
263	1	36	131	72	144	2	1
263	1	36	132	72	144	3	75
263	1	36	134	72	144	2	196
263	1	36	136	72	144	2	209
263	1	36	137	72	144	2	230
263	1	36	143	72	144	3	174
263	1	37	0	72	144	2	61
263	1	37	1	72	144	2	1
263	1	37	2	72	144	3	75
263	1	37	4	72	144	2	196
263	1	37	6	72	144	2	209
263	1	37	7	72	144	2	230
263	1	37	13	72	144	3	174
263	1	37	14	72	144	2	182
263	1	37	16	72	144	2	182
263	1	37	17	72	144	3	174
263	1	37	23	72	144	2	230
263	1	37	24	72	144	2	209
263	1	37	26	72	144	2	196
263	1	37	28	72	144	3	75
263	1	37	29	72	144	2	1
263	1	37	30	72	144	2	61
263	1	37	35	72	144	2	217
263	1	37	40	72	144	2	122
263	1	37	44	72	144	2	216
263	1	37	46	72	144	2	198
263	1	37	51	72	144	3	inf
263	1	37	56	72	144	2	65
263	1	37	58	72	144	2	47
263	1	37	62	72	144	2	141
263	1	37	67	72	144	2	46
263	1	37	72	72	144	2	202
263	1	37	73	72	144	2	262
263	1	37	74	72	144	3	188
263	1	37	76	72	144	2	67
263	1	37	78	72	144	2	54
263	1	37	79	72	144	2	33
263	1	37	84	72	144	3	inf
263	1	37	85	72	144	3	89
263	1	37	86	72	144	3	inf
263	1	37	88	72	144	2	81
263	1	37	89	72	144	3	89
263	1	37	95	72	144	2	33
263	1	37	96	72	144	2	54
263	1	37	98	72	144	2	67
263	1	37	100	72	144	3	188
263	1	37	101	72	144	2	262
263	1	37	102	72	144	2	202
263	1	37	107	72	144	2	46
263	1	37	112	72	144	2	141
263	1	37	116	72	144	2	47
263	1	37	118	72	144	2	65
263	1	37	123	72	144	3	inf
263	1	37	128	72	144	2	198
263	1	37	130	72	144	2	216
263	1	37	134	72	144	2	122
263	1	37	139	72	144	2	217
263	1	38	0	72	144	2	216
263	1	38	4	72	144	2	122
263	1	38	9	72	144	2	217
263	1	38	14	72	144	2	61
263	1	38	15	72	144	2	1
263	1	38	16	72	144	3	75
263	1	38	18	72	144	2	196
263	1	38	20	72	144	2	209
263	1	38	21	72	144	2	230
263	1	38	27	72	144	3	174
263	1	38	28	72	144	2	182
263	1	38	30	72	144	2	182
263	1	38	31	72	144	3	174
263	1	38	37	72	144	2	230
263	1	38	38	72	144	2	209
263	1	38	40	72	144	2	196
263	1	38	42	72	144	3	75
263	1	38	43	72	144	2	1
263	1	38	44	72	144	2	61
263	1	38	49	72	144	2	217
263	1	38	54	72	144	2	122
263	1	38	58	72	144	2	216
263	1	38	60	72	144	2	198
263	1	38	65	72	144	3	inf
263	1	38	70	72	144	2	65
263	1	38	72	72	144	2	47
263	1	38	76	72	144	2	141
263	1	38	81	72	144	2	46
263	1	38	86	72	144	2	202
263	1	38	87	72	144	2	262
263	1	38	88	72	144	3	188
263	1	38	90	72	144	2	67
263	1	38	92	72	144	2	54
263	1	38	93	72	144	2	33
263	1	38	98	72	144	3	inf
263	1	38	99	72	144	3	89
263	1	38	100	72	144	3	inf
263	1	38	102	72	144	2	81
263	1	38	103	72	144	3	89
263	1	38	109	72	144	2	33
263	1	38	110	72	144	2	54
263	1	38	112	72	144	2	67
263	1	38	114	72	144	3	188
263	1	38	115	72	144	2	262
263	1	38	116	72	144	2	202
263	1	38	121	72	144	2	46
263	1	38	126	72	144	2	141
263	1	38	130	72	144	2	47
263	1	38	132	72	144	2	65
263	1	38	137	72	144	3	inf
263	1	38	142	72	144	2	198
263	1	39	0	72	144	2	47
263	1	39	2	72	144	2	65
263	1	39	7	72	144	3	inf
263	1	39	12	72	144	2	198
263	1	39	14	72	144	2	216
263	1	39	18	72	144	2	122
263	1	39	23	72	144	2	217
263	1	39	28	72	144	2	61
263	1	39	29	72	144	2	1
263	1	39	30	72	144	3	75
263	1	39	32	72	144	2	196
263	1	39	34	72	144	2	209
263	1	39	35	72	144	2	230
263	1	39	41	72	144	3	174
263	1	39	42	72	144	2	182
263	1	39	44	72	144	2	182
263	1	39	45	72	144	3	174
263	1	39	51	72	144	2	230
263	1	39	52	72	144	2	209
263	1	39	54	72	144	2	196
263	1	39	56	72	144	3	75
263	1	39	57	72	144	2	1
263	1	39	58	72	144	2	61
263	1	39	63	72	144	2	217
263	1	39	68	72	144	2	122
263	1	39	72	72	144	2	216
263	1	39	74	72	144	2	198
263	1	39	79	72	144	3	inf
263	1	39	84	72	144	2	65
263	1	39	86	72	144	2	47
263	1	39	90	72	144	2	141
263	1	39	95	72	144	2	46
263	1	39	100	72	144	2	202
263	1	39	101	72	144	2	262
263	1	39	102	72	144	3	188
263	1	39	104	72	144	2	67
263	1	39	106	72	144	2	54
263	1	39	107	72	144	2	33
263	1	39	112	72	144	3	inf
263	1	39	113	72	144	3	89
263	1	39	114	72	144	3	inf
263	1	39	116	72	144	2	81
263	1	39	117	72	144	3	89
263	1	39	123	72	144	2	33
263	1	39	124	72	144	2	54
263	1	39	126	72	144	2	67
263	1	39	128	72	144	3	188
263	1	39	129	72	144	2	262
263	1	39	130	72	144	2	202
263	1	39	135	72	144	2	46
263	1	39	140	72	144	2	141
263	1	40	0	72	144	2	202
263	1	40	5	72	144	2	46
263	1	40	10	72	144	2	141
263	1	40	14	72	144	2	47
263	1	40	16	72	144	2	65
263	1	40	21	72	144	3	inf
263	1	40	26	72	144	2	198
263	1	40	28	72	144	2	216
263	1	40	32	72	144	2	122
263	1	40	37	72	144	2	217
263	1	40	42	72	144	2	61
263	1	40	43	72	144	2	1
263	1	40	44	72	144	3	75
263	1	40	46	72	144	2	196
263	1	40	48	72	144	2	209
263	1	40	49	72	144	2	230
263	1	40	55	72	144	3	174
263	1	40	56	72	144	2	182
263	1	40	58	72	144	2	182
263	1	40	59	72	144	3	174
263	1	40	65	72	144	2	230
263	1	40	66	72	144	2	209
263	1	40	68	72	144	2	196
263	1	40	70	72	144	3	75
263	1	40	71	72	144	2	1
263	1	40	72	72	144	2	61
263	1	40	77	72	144	2	217
263	1	40	82	72	144	2	122
263	1	40	86	72	144	2	216
263	1	40	88	72	144	2	198
263	1	40	93	72	144	3	inf
263	1	40	98	72	144	2	65
263	1	40	100	72	144	2	47
263	1	40	104	72	144	2	141
263	1	40	109	72	144	2	46
263	1	40	114	72	144	2	202
263	1	40	115	72	144	2	262
263	1	40	116	72	144	3	188
263	1	40	118	72	144	2	67
263	1	40	120	72	144	2	54
263	1	40	121	72	144	2	33
263	1	40	126	72	144	3	inf
263	1	40	127	72	144	3	89
263	1	40	128	72	144	3	inf
263	1	40	130	72	144	2	81
263	1	40	131	72	144	3	89
263	1	40	137	72	144	2	33
263	1	40	138	72	144	2	54
263	1	40	140	72	144	2	67
263	1	40	142	72	144	3	188
263	1	40	143	72	144	2	262
263	1	41	0	72	144	2	81
263	1	41	1	72	144	3	89
263	1	41	7	72	144	2	33
263	1	41	8	72	144	2	54
263	1	41	10	72	144	2	67
263	1	41	12	72	144	3	188
263	1	41	13	72	144	2	262
263	1	41	14	72	144	2	202
263	1	41	19	72	144	2	46
263	1	41	24	72	144	2	141
263	1	41	28	72	144	2	47
263	1	41	30	72	144	2	65
263	1	41	35	72	144	3	inf
263	1	41	40	72	144	2	198
263	1	41	42	72	144	2	216
263	1	41	46	72	144	2	122
263	1	41	51	72	144	2	217
263	1	41	56	72	144	2	61
263	1	41	57	72	144	2	1
263	1	41	58	72	144	3	75
263	1	41	60	72	144	2	196
263	1	41	62	72	144	2	209
263	1	41	63	72	144	2	230
263	1	41	69	72	144	3	174
263	1	41	70	72	144	2	182
263	1	41	72	72	144	2	182
263	1	41	73	72	144	3	174
263	1	41	79	72	144	2	230
263	1	41	80	72	144	2	209
263	1	41	82	72	144	2	196
263	1	41	84	72	144	3	75
263	1	41	85	72	144	2	1
263	1	41	86	72	144	2	61
263	1	41	91	72	144	2	217
263	1	41	96	72	144	2	122
263	1	41	100	72	144	2	216
263	1	41	102	72	144	2	198
263	1	41	107	72	144	3	inf
263	1	41	112	72	144	2	65
263	1	41	114	72	144	2	47
263	1	41	118	72	144	2	141
263	1	41	123	72	144	2	46
263	1	41	128	72	144	2	202
263	1	41	129	72	144	2	262
263	1	41	130	72	144	3	188
263	1	41	132	72	144	2	67
263	1	41	134	72	144	2	54
263	1	41	135	72	144	2	33
263	1	41	140	72	144	3	inf
263	1	41	141	72	144	3	89
263	1	41	142	72	144	3	inf
263	1	42	0	72	144	3	188
263	1	42	2	72	144	2	67
263	1	42	4	72	144	2	54
263	1	42	5	72	144	2	33
263	1	42	10	72	144	3	inf
263	1	42	11	72	144	3	89
263	1	42	12	72	144	3	inf
263	1	42	14	72	144	2	81
263	1	42	15	72	144	3	89
263	1	42	21	72	144	2	33
263	1	42	22	72	144	2	54
263	1	42	24	72	144	2	67
263	1	42	26	72	144	3	188
263	1	42	27	72	144	2	262
263	1	42	28	72	144	2	202
263	1	42	33	72	144	2	46
263	1	42	38	72	144	2	141
263	1	42	42	72	144	2	47
263	1	42	44	72	144	2	65
263	1	42	49	72	144	3	inf
263	1	42	54	72	144	2	198
263	1	42	56	72	144	2	216
263	1	42	60	72	144	2	122
263	1	42	65	72	144	2	217
263	1	42	70	72	144	2	61
263	1	42	71	72	144	2	1
263	1	42	72	72	144	3	75
263	1	42	74	72	144	2	196
263	1	42	76	72	144	2	209
263	1	42	77	72	144	2	230
263	1	42	83	72	144	3	174
263	1	42	84	72	144	2	182
263	1	42	86	72	144	2	182
263	1	42	87	72	144	3	174
263	1	42	93	72	144	2	230
263	1	42	94	72	144	2	209
263	1	42	96	72	144	2	196
263	1	42	98	72	144	3	75
263	1	42	99	72	144	2	1
263	1	42	100	72	144	2	61
263	1	42	105	72	144	2	217
263	1	42	110	72	144	2	122
263	1	42	114	72	144	2	216
263	1	42	116	72	144	2	198
263	1	42	121	72	144	3	inf
263	1	42	126	72	144	2	65
263	1	42	128	72	144	2	47
263	1	42	132	72	144	2	141
263	1	42	137	72	144	2	46
263	1	42	142	72	144	2	202
263	1	42	143	72	144	2	262
263	1	43	2	72	144	2	141
263	1	43	7	72	144	2	46
263	1	43	12	72	144	2	202
263	1	43	13	72	144	2	262
263	1	43	14	72	144	3	188
263	1	43	16	72	144	2	67
263	1	43	18	72	144	2	54
263	1	43	19	72	144	2	33
263	1	43	24	72	144	3	inf
263	1	43	25	72	144	3	89
263	1	43	26	72	144	3	inf
263	1	43	28	72	144	2	81
263	1	43	29	72	144	3	89
263	1	43	35	72	144	2	33
263	1	43	36	72	144	2	54
263	1	43	38	72	144	2	67
263	1	43	40	72	144	3	188
263	1	43	41	72	144	2	262
263	1	43	42	72	144	2	202
263	1	43	47	72	144	2	46
263	1	43	52	72	144	2	141
263	1	43	56	72	144	2	47
263	1	43	58	72	144	2	65
263	1	43	63	72	144	3	inf
263	1	43	68	72	144	2	198
263	1	43	70	72	144	2	216
263	1	43	74	72	144	2	122
263	1	43	79	72	144	2	217
263	1	43	84	72	144	2	61
263	1	43	85	72	144	2	1
263	1	43	86	72	144	3	75
263	1	43	88	72	144	2	196
263	1	43	90	72	144	2	209
263	1	43	91	72	144	2	230
263	1	43	97	72	144	3	174
263	1	43	98	72	144	2	182
263	1	43	100	72	144	2	182
263	1	43	101	72	144	3	174
263	1	43	107	72	144	2	230
263	1	43	108	72	144	2	209
263	1	43	110	72	144	2	196
263	1	43	112	72	144	3	75
263	1	43	113	72	144	2	1
263	1	43	114	72	144	2	61
263	1	43	119	72	144	2	217
263	1	43	124	72	144	2	122
263	1	43	128	72	144	2	216
263	1	43	130	72	144	2	198
263	1	43	135	72	144	3	inf
263	1	43	140	72	144	2	65
263	1	43	142	72	144	2	47
263	1	44	0	72	144	2	198
263	1	44	5	72	144	3	inf
263	1	44	10	72	144	2	65
263	1	44	12	72	144	2	47
263	1	44	16	72	144	2	141
263	1	44	21	72	144	2	46
263	1	44	26	72	144	2	202
263	1	44	27	72	144	2	262
263	1	44	28	72	144	3	188
263	1	44	30	72	144	2	67
263	1	44	32	72	144	2	54
263	1	44	33	72	144	2	33
263	1	44	38	72	144	3	inf
263	1	44	39	72	144	3	89
263	1	44	40	72	144	3	inf
263	1	44	42	72	144	2	81
263	1	44	43	72	144	3	89
263	1	44	49	72	144	2	33
263	1	44	50	72	144	2	54
263	1	44	52	72	144	2	67
263	1	44	54	72	144	3	188
263	1	44	55	72	144	2	262
263	1	44	56	72	144	2	202
263	1	44	61	72	144	2	46
263	1	44	66	72	144	2	141
263	1	44	70	72	144	2	47
263	1	44	72	72	144	2	65
263	1	44	77	72	144	3	inf
263	1	44	82	72	144	2	198
263	1	44	84	72	144	2	216
263	1	44	88	72	144	2	122
263	1	44	93	72	144	2	217
263	1	44	98	72	144	2	61
263	1	44	99	72	144	2	1
263	1	44	100	72	144	3	75
263	1	44	102	72	144	2	196
263	1	44	104	72	144	2	209
263	1	44	105	72	144	2	230
263	1	44	111	72	144	3	174
263	1	44	112	72	144	2	182
263	1	44	114	72	144	2	182
263	1	44	115	72	144	3	174
263	1	44	121	72	144	2	230
263	1	44	122	72	144	2	209
263	1	44	124	72	144	2	196
263	1	44	126	72	144	3	75
263	1	44	127	72	144	2	1
263	1	44	128	72	144	2	61
263	1	44	133	72	144	2	217
263	1	44	138	72	144	2	122
263	1	44	142	72	144	2	216
263	1	45	3	72	144	2	217
263	1	45	8	72	144	2	122
263	1	45	12	72	144	2	216
263	1	45	14	72	144	2	198
263	1	45	19	72	144	3	inf
263	1	45	24	72	144	2	65
263	1	45	26	72	144	2	47
263	1	45	30	72	144	2	141
263	1	45	35	72	144	2	46
263	1	45	40	72	144	2	202
263	1	45	41	72	144	2	262
263	1	45	42	72	144	3	188
263	1	45	44	72	144	2	67
263	1	45	46	72	144	2	54
263	1	45	47	72	144	2	33
263	1	45	52	72	144	3	inf
263	1	45	53	72	144	3	89
263	1	45	54	72	144	3	inf
263	1	45	56	72	144	2	81
263	1	45	57	72	144	3	89
263	1	45	63	72	144	2	33
263	1	45	64	72	144	2	54
263	1	45	66	72	144	2	67
263	1	45	68	72	144	3	188
263	1	45	69	72	144	2	262
263	1	45	70	72	144	2	202
263	1	45	75	72	144	2	46
263	1	45	80	72	144	2	141
263	1	45	84	72	144	2	47
263	1	45	86	72	144	2	65
263	1	45	91	72	144	3	inf
263	1	45	96	72	144	2	198
263	1	45	98	72	144	2	216
263	1	45	102	72	144	2	122
263	1	45	107	72	144	2	217
263	1	45	112	72	144	2	61
263	1	45	113	72	144	2	1
263	1	45	114	72	144	3	75
263	1	45	116	72	144	2	196
263	1	45	118	72	144	2	209
263	1	45	119	72	144	2	230
263	1	45	125	72	144	3	174
263	1	45	126	72	144	2	182
263	1	45	128	72	144	2	182
263	1	45	129	72	144	3	174
263	1	45	135	72	144	2	230
263	1	45	136	72	144	2	209
263	1	45	138	72	144	2	196
263	1	45	140	72	144	3	75
263	1	45	141	72	144	2	1
263	1	45	142	72	144	2	61
263	1	46	5	72	144	2	230
263	1	46	6	72	144	2	209
263	1	46	8	72	144	2	196
263	1	46	10	72	144	3	75
263	1	46	11	72	144	2	1
263	1	46	12	72	144	2	61
263	1	46	17	72	144	2	217
263	1	46	22	72	144	2	122
263	1	46	26	72	144	2	216
263	1	46	28	72	144	2	198
263	1	46	33	72	144	3	inf
263	1	46	38	72	144	2	65
263	1	46	40	72	144	2	47
263	1	46	44	72	144	2	141
263	1	46	49	72	144	2	46
263	1	46	54	72	144	2	202
263	1	46	55	72	144	2	262
263	1	46	56	72	144	3	188
263	1	46	58	72	144	2	67
263	1	46	60	72	144	2	54
263	1	46	61	72	144	2	33
263	1	46	66	72	144	3	inf
263	1	46	67	72	144	3	89
263	1	46	68	72	144	3	inf
263	1	46	70	72	144	2	81
263	1	46	71	72	144	3	89
263	1	46	77	72	144	2	33
263	1	46	78	72	144	2	54
263	1	46	80	72	144	2	67
263	1	46	82	72	144	3	188
263	1	46	83	72	144	2	262
263	1	46	84	72	144	2	202
263	1	46	89	72	144	2	46
263	1	46	94	72	144	2	141
263	1	46	98	72	144	2	47
263	1	46	100	72	144	2	65
263	1	46	105	72	144	3	inf
263	1	46	110	72	144	2	198
263	1	46	112	72	144	2	216
263	1	46	116	72	144	2	122
263	1	46	121	72	144	2	217
263	1	46	126	72	144	2	61
263	1	46	127	72	144	2	1
263	1	46	128	72	144	3	75
263	1	46	130	72	144	2	196
263	1	46	132	72	144	2	209
263	1	46	133	72	144	2	230
263	1	46	139	72	144	3	174
263	1	46	140	72	144	2	182
263	1	46	142	72	144	2	182
263	1	46	143	72	144	3	174
263	1	47	0	72	144	2	196
263	1	47	2	72	144	2	209
263	1	47	3	72	144	2	230
263	1	47	9	72	144	3	174
263	1	47	10	72	144	2	182
263	1	47	12	72	144	2	182
263	1	47	13	72	144	3	174
263	1	47	19	72	144	2	230
263	1	47	20	72	144	2	209
263	1	47	22	72	144	2	196
263	1	47	24	72	144	3	75
263	1	47	25	72	144	2	1
263	1	47	26	72	144	2	61
263	1	47	31	72	144	2	217
263	1	47	36	72	144	2	122
263	1	47	40	72	144	2	216
263	1	47	42	72	144	2	198
263	1	47	47	72	144	3	inf
263	1	47	52	72	144	2	65
263	1	47	54	72	144	2	47
263	1	47	58	72	144	2	141
263	1	47	63	72	144	2	46
263	1	47	68	72	144	2	202
263	1	47	69	72	144	2	262
263	1	47	70	72	144	3	188
263	1	47	72	72	144	2	67
263	1	47	74	72	144	2	54
263	1	47	75	72	144	2	33
263	1	47	80	72	144	3	inf
263	1	47	81	72	144	3	89
263	1	47	82	72	144	3	inf
263	1	47	84	72	144	2	81
263	1	47	85	72	144	3	89
263	1	47	91	72	144	2	33
263	1	47	92	72	144	2	54
263	1	47	94	72	144	2	67
263	1	47	96	72	144	3	188
263	1	47	97	72	144	2	262
263	1	47	98	72	144	2	202
263	1	47	103	72	144	2	46
263	1	47	108	72	144	2	141
263	1	47	112	72	144	2	47
263	1	47	114	72	144	2	65
263	1	47	119	72	144	3	inf
263	1	47	124	72	144	2	198
263	1	47	126	72	144	2	216
263	1	47	130	72	144	2	122
263	1	47	135	72	144	2	217
263	1	47	140	72	144	2	61
263	1	47	141	72	144	2	1
263	1	47	142	72	144	3	75
263	1	48	0	72	144	2	122
263	1	48	5	72	144	2	217
263	1	48	10	72	144	2	61
263	1	48	11	72	144	2	1
263	1	48	12	72	144	3	75
263	1	48	14	72	144	2	196
263	1	48	16	72	144	2	209
263	1	48	17	72	144	2	230
263	1	48	23	72	144	3	174
263	1	48	24	72	144	2	182
263	1	48	26	72	144	2	182
263	1	48	27	72	144	3	174
263	1	48	33	72	144	2	230
263	1	48	34	72	144	2	209
263	1	48	36	72	144	2	196
263	1	48	38	72	144	3	75
263	1	48	39	72	144	2	1
263	1	48	40	72	144	2	61
263	1	48	45	72	144	2	217
263	1	48	50	72	144	2	122
263	1	48	54	72	144	2	216
263	1	48	56	72	144	2	198
263	1	48	61	72	144	3	inf
263	1	48	66	72	144	2	65
263	1	48	68	72	144	2	47
263	1	48	72	72	144	2	141
263	1	48	77	72	144	2	46
263	1	48	82	72	144	2	202
263	1	48	83	72	144	2	262
263	1	48	84	72	144	3	188
263	1	48	86	72	144	2	67
263	1	48	88	72	144	2	54
263	1	48	89	72	144	2	33
263	1	48	94	72	144	3	inf
263	1	48	95	72	144	3	89
263	1	48	96	72	144	3	inf
263	1	48	98	72	144	2	81
263	1	48	99	72	144	3	89
263	1	48	105	72	144	2	33
263	1	48	106	72	144	2	54
263	1	48	108	72	144	2	67
263	1	48	110	72	144	3	188
263	1	48	111	72	144	2	262
263	1	48	112	72	144	2	202
263	1	48	117	72	144	2	46
263	1	48	122	72	144	2	141
263	1	48	126	72	144	2	47
263	1	48	128	72	144	2	65
263	1	48	133	72	144	3	inf
263	1	48	138	72	144	2	198
263	1	48	140	72	144	2	216
263	1	49	3	72	144	3	inf
263	1	49	8	72	144	2	198
263	1	49	10	72	144	2	216
263	1	49	14	72	144	2	122
263	1	49	19	72	144	2	217
263	1	49	24	72	144	2	61
263	1	49	25	72	144	2	1
263	1	49	26	72	144	3	75
263	1	49	28	72	144	2	196
263	1	49	30	72	144	2	209
263	1	49	31	72	144	2	230
263	1	49	37	72	144	3	174
263	1	49	38	72	144	2	182
263	1	49	40	72	144	2	182
263	1	49	41	72	144	3	174
263	1	49	47	72	144	2	230
263	1	49	48	72	144	2	209
263	1	49	50	72	144	2	196
263	1	49	52	72	144	3	75
263	1	49	53	72	144	2	1
263	1	49	54	72	144	2	61
263	1	49	59	72	144	2	217
263	1	49	64	72	144	2	122
263	1	49	68	72	144	2	216
263	1	49	70	72	144	2	198
263	1	49	75	72	144	3	inf
263	1	49	80	72	144	2	65
263	1	49	82	72	144	2	47
263	1	49	86	72	144	2	141
263	1	49	91	72	144	2	46
263	1	49	96	72	144	2	202
263	1	49	97	72	144	2	262
263	1	49	98	72	144	3	188
263	1	49	100	72	144	2	67
263	1	49	102	72	144	2	54
263	1	49	103	72	144	2	33
263	1	49	108	72	144	3	inf
263	1	49	109	72	144	3	89
263	1	49	110	72	144	3	inf
263	1	49	112	72	144	2	81
263	1	49	113	72	144	3	89
263	1	49	119	72	144	2	33
263	1	49	120	72	144	2	54
263	1	49	122	72	144	2	67
263	1	49	124	72	144	3	188
263	1	49	125	72	144	2	262
263	1	49	126	72	144	2	202
263	1	49	131	72	144	2	46
263	1	49	136	72	144	2	141
263	1	49	140	72	144	2	47
263	1	49	142	72	144	2	65
263	1	50	1	72	144	2	46
263	1	50	6	72	144	2	141
263	1	50	10	72	144	2	47
263	1	50	12	72	144	2	65
263	1	50	17	72	144	3	inf
263	1	50	22	72	144	2	198
263	1	50	24	72	144	2	216
263	1	50	28	72	144	2	122
263	1	50	33	72	144	2	217
263	1	50	38	72	144	2	61
263	1	50	39	72	144	2	1
263	1	50	40	72	144	3	75
263	1	50	42	72	144	2	196
263	1	50	44	72	144	2	209
263	1	50	45	72	144	2	230
263	1	50	51	72	144	3	174
263	1	50	52	72	144	2	182
263	1	50	54	72	144	2	182
263	1	50	55	72	144	3	174
263	1	50	61	72	144	2	230
263	1	50	62	72	144	2	209
263	1	50	64	72	144	2	196
263	1	50	66	72	144	3	75
263	1	50	67	72	144	2	1
263	1	50	68	72	144	2	61
263	1	50	73	72	144	2	217
263	1	50	78	72	144	2	122
263	1	50	82	72	144	2	216
263	1	50	84	72	144	2	198
263	1	50	89	72	144	3	inf
263	1	50	94	72	144	2	65
263	1	50	96	72	144	2	47
263	1	50	100	72	144	2	141
263	1	50	105	72	144	2	46
263	1	50	110	72	144	2	202
263	1	50	111	72	144	2	262
263	1	50	112	72	144	3	188
263	1	50	114	72	144	2	67
263	1	50	116	72	144	2	54
263	1	50	117	72	144	2	33
263	1	50	122	72	144	3	inf
263	1	50	123	72	144	3	89
263	1	50	124	72	144	3	inf
263	1	50	126	72	144	2	81
263	1	50	127	72	144	3	89
263	1	50	133	72	144	2	33
263	1	50	134	72	144	2	54
263	1	50	136	72	144	2	67
263	1	50	138	72	144	3	188
263	1	50	139	72	144	2	262
263	1	50	140	72	144	2	202
263	1	51	3	72	144	2	33
263	1	51	4	72	144	2	54
263	1	51	6	72	144	2	67
263	1	51	8	72	144	3	188
263	1	51	9	72	144	2	262
263	1	51	10	72	144	2	202
263	1	51	15	72	144	2	46
263	1	51	20	72	144	2	141
263	1	51	24	72	144	2	47
263	1	51	26	72	144	2	65
263	1	51	31	72	144	3	inf
263	1	51	36	72	144	2	198
263	1	51	38	72	144	2	216
263	1	51	42	72	144	2	122
263	1	51	47	72	144	2	217
263	1	51	52	72	144	2	61
263	1	51	53	72	144	2	1
263	1	51	54	72	144	3	75
263	1	51	56	72	144	2	196
263	1	51	58	72	144	2	209
263	1	51	59	72	144	2	230
263	1	51	65	72	144	3	174
263	1	51	66	72	144	2	182
263	1	51	68	72	144	2	182
263	1	51	69	72	144	3	174
263	1	51	75	72	144	2	230
263	1	51	76	72	144	2	209
263	1	51	78	72	144	2	196
263	1	51	80	72	144	3	75
263	1	51	81	72	144	2	1
263	1	51	82	72	144	2	61
263	1	51	87	72	144	2	217
263	1	51	92	72	144	2	122
263	1	51	96	72	144	2	216
263	1	51	98	72	144	2	198
263	1	51	103	72	144	3	inf
263	1	51	108	72	144	2	65
263	1	51	110	72	144	2	47
263	1	51	114	72	144	2	141
263	1	51	119	72	144	2	46
263	1	51	124	72	144	2	202
263	1	51	125	72	144	2	262
263	1	51	126	72	144	3	188
263	1	51	128	72	144	2	67
263	1	51	130	72	144	2	54
263	1	51	131	72	144	2	33
263	1	51	136	72	144	3	inf
263	1	51	137	72	144	3	89
263	1	51	138	72	144	3	inf
263	1	51	140	72	144	2	81
263	1	51	141	72	144	3	89
263	1	52	0	72	144	2	54
263	1	52	1	72	144	2	33
263	1	52	6	72	144	3	inf
263	1	52	7	72	144	3	89
263	1	52	8	72	144	3	inf
263	1	52	10	72	144	2	81
263	1	52	11	72	144	3	89
263	1	52	17	72	144	2	33
263	1	52	18	72	144	2	54
263	1	52	20	72	144	2	67
263	1	52	22	72	144	3	188
263	1	52	23	72	144	2	262
263	1	52	24	72	144	2	202
263	1	52	29	72	144	2	46
263	1	52	34	72	144	2	141
263	1	52	38	72	144	2	47
263	1	52	40	72	144	2	65
263	1	52	45	72	144	3	inf
263	1	52	50	72	144	2	198
263	1	52	52	72	144	2	216
263	1	52	56	72	144	2	122
263	1	52	61	72	144	2	217
263	1	52	66	72	144	2	61
263	1	52	67	72	144	2	1
263	1	52	68	72	144	3	75
263	1	52	70	72	144	2	196
263	1	52	72	72	144	2	209
263	1	52	73	72	144	2	230
263	1	52	79	72	144	3	174
263	1	52	80	72	144	2	182
263	1	52	82	72	144	2	182
263	1	52	83	72	144	3	174
263	1	52	89	72	144	2	230
263	1	52	90	72	144	2	209
263	1	52	92	72	144	2	196
263	1	52	94	72	144	3	75
263	1	52	95	72	144	2	1
263	1	52	96	72	144	2	61
263	1	52	101	72	144	2	217
263	1	52	106	72	144	2	122
263	1	52	110	72	144	2	216
263	1	52	112	72	144	2	198
263	1	52	117	72	144	3	inf
263	1	52	122	72	144	2	65
263	1	52	124	72	144	2	47
263	1	52	128	72	144	2	141
263	1	52	133	72	144	2	46
263	1	52	138	72	144	2	202
263	1	52	139	72	144	2	262
263	1	52	140	72	144	3	188
263	1	52	142	72	144	2	67
263	1	53	3	72	144	2	46
263	1	53	8	72	144	2	202
263	1	53	9	72	144	2	262
263	1	53	10	72	144	3	188
263	1	53	12	72	144	2	67
263	1	53	14	72	144	2	54
263	1	53	15	72	144	2	33
263	1	53	20	72	144	3	inf
263	1	53	21	72	144	3	89
263	1	53	22	72	144	3	inf
263	1	53	24	72	144	2	81
263	1	53	25	72	144	3	89
263	1	53	31	72	144	2	33
263	1	53	32	72	144	2	54
263	1	53	34	72	144	2	67
263	1	53	36	72	144	3	188
263	1	53	37	72	144	2	262
263	1	53	38	72	144	2	202
263	1	53	43	72	144	2	46
263	1	53	48	72	144	2	141
263	1	53	52	72	144	2	47
263	1	53	54	72	144	2	65
263	1	53	59	72	144	3	inf
263	1	53	64	72	144	2	198
263	1	53	66	72	144	2	216
263	1	53	70	72	144	2	122
263	1	53	75	72	144	2	217
263	1	53	80	72	144	2	61
263	1	53	81	72	144	2	1
263	1	53	82	72	144	3	75
263	1	53	84	72	144	2	196
263	1	53	86	72	144	2	209
263	1	53	87	72	144	2	230
263	1	53	93	72	144	3	174
263	1	53	94	72	144	2	182
263	1	53	96	72	144	2	182
263	1	53	97	72	144	3	174
263	1	53	103	72	144	2	230
263	1	53	104	72	144	2	209
263	1	53	106	72	144	2	196
263	1	53	108	72	144	3	75
263	1	53	109	72	144	2	1
263	1	53	110	72	144	2	61
263	1	53	115	72	144	2	217
263	1	53	120	72	144	2	122
263	1	53	124	72	144	2	216
263	1	53	126	72	144	2	198
263	1	53	131	72	144	3	inf
263	1	53	136	72	144	2	65
263	1	53	138	72	144	2	47
263	1	53	142	72	144	2	141
263	1	54	1	72	144	3	inf
263	1	54	6	72	144	2	65
263	1	54	8	72	144	2	47
263	1	54	12	72	144	2	141
263	1	54	17	72	144	2	46
263	1	54	22	72	144	2	202
263	1	54	23	72	144	2	262
263	1	54	24	72	144	3	188
263	1	54	26	72	144	2	67
263	1	54	28	72	144	2	54
263	1	54	29	72	144	2	33
263	1	54	34	72	144	3	inf
263	1	54	35	72	144	3	89
263	1	54	36	72	144	3	inf
263	1	54	38	72	144	2	81
263	1	54	39	72	144	3	89
263	1	54	45	72	144	2	33
263	1	54	46	72	144	2	54
263	1	54	48	72	144	2	67
263	1	54	50	72	144	3	188
263	1	54	51	72	144	2	262
263	1	54	52	72	144	2	202
263	1	54	57	72	144	2	46
263	1	54	62	72	144	2	141
263	1	54	66	72	144	2	47
263	1	54	68	72	144	2	65
263	1	54	73	72	144	3	inf
263	1	54	78	72	144	2	198
263	1	54	80	72	144	2	216
263	1	54	84	72	144	2	122
263	1	54	89	72	144	2	217
263	1	54	94	72	144	2	61
263	1	54	95	72	144	2	1
263	1	54	96	72	144	3	75
263	1	54	98	72	144	2	196
263	1	54	100	72	144	2	209
263	1	54	101	72	144	2	230
263	1	54	107	72	144	3	174
263	1	54	108	72	144	2	182
263	1	54	110	72	144	2	182
263	1	54	111	72	144	3	174
263	1	54	117	72	144	2	230
263	1	54	118	72	144	2	209
263	1	54	120	72	144	2	196
263	1	54	122	72	144	3	75
263	1	54	123	72	144	2	1
263	1	54	124	72	144	2	61
263	1	54	129	72	144	2	217
263	1	54	134	72	144	2	122
263	1	54	138	72	144	2	216
263	1	54	140	72	144	2	198
263	1	55	4	72	144	2	122
263	1	55	8	72	144	2	216
263	1	55	10	72	144	2	198
263	1	55	15	72	144	3	inf
263	1	55	20	72	144	2	65
263	1	55	22	72	144	2	47
263	1	55	26	72	144	2	141
263	1	55	31	72	144	2	46
263	1	55	36	72	144	2	202
263	1	55	37	72	144	2	262
263	1	55	38	72	144	3	188
263	1	55	40	72	144	2	67
263	1	55	42	72	144	2	54
263	1	55	43	72	144	2	33
263	1	55	48	72	144	3	inf
263	1	55	49	72	144	3	89
263	1	55	50	72	144	3	inf
263	1	55	52	72	144	2	81
263	1	55	53	72	144	3	89
263	1	55	59	72	144	2	33
263	1	55	60	72	144	2	54
263	1	55	62	72	144	2	67
263	1	55	64	72	144	3	188
263	1	55	65	72	144	2	262
263	1	55	66	72	144	2	202
263	1	55	71	72	144	2	46
263	1	55	76	72	144	2	141
263	1	55	80	72	144	2	47
263	1	55	82	72	144	2	65
263	1	55	87	72	144	3	inf
263	1	55	92	72	144	2	198
263	1	55	94	72	144	2	216
263	1	55	98	72	144	2	122
263	1	55	103	72	144	2	217
263	1	55	108	72	144	2	61
263	1	55	109	72	144	2	1
263	1	55	110	72	144	3	75
263	1	55	112	72	144	2	196
263	1	55	114	72	144	2	209
263	1	55	115	72	144	2	230
263	1	55	121	72	144	3	174
263	1	55	122	72	144	2	182
263	1	55	124	72	144	2	182
263	1	55	125	72	144	3	174
263	1	55	131	72	144	2	230
263	1	55	132	72	144	2	209
263	1	55	134	72	144	2	196
263	1	55	136	72	144	3	75
263	1	55	137	72	144	2	1
263	1	55	138	72	144	2	61
263	1	55	143	72	144	2	217
263	1	56	1	72	144	2	230
263	1	56	2	72	144	2	209
263	1	56	4	72	144	2	196
263	1	56	6	72	144	3	75
263	1	56	7	72	144	2	1
263	1	56	8	72	144	2	61
263	1	56	13	72	144	2	217
263	1	56	18	72	144	2	122
263	1	56	22	72	144	2	216
263	1	56	24	72	144	2	198
263	1	56	29	72	144	3	inf
263	1	56	34	72	144	2	65
263	1	56	36	72	144	2	47
263	1	56	40	72	144	2	141
263	1	56	45	72	144	2	46
263	1	56	50	72	144	2	202
263	1	56	51	72	144	2	262
263	1	56	52	72	144	3	188
263	1	56	54	72	144	2	67
263	1	56	56	72	144	2	54
263	1	56	57	72	144	2	33
263	1	56	62	72	144	3	inf
263	1	56	63	72	144	3	89
263	1	56	64	72	144	3	inf
263	1	56	66	72	144	2	81
263	1	56	67	72	144	3	89
263	1	56	73	72	144	2	33
263	1	56	74	72	144	2	54
263	1	56	76	72	144	2	67
263	1	56	78	72	144	3	188
263	1	56	79	72	144	2	262
263	1	56	80	72	144	2	202
263	1	56	85	72	144	2	46
263	1	56	90	72	144	2	141
263	1	56	94	72	144	2	47
263	1	56	96	72	144	2	65
263	1	56	101	72	144	3	inf
263	1	56	106	72	144	2	198
263	1	56	108	72	144	2	216
263	1	56	112	72	144	2	122
263	1	56	117	72	144	2	217
263	1	56	122	72	144	2	61
263	1	56	123	72	144	2	1
263	1	56	124	72	144	3	75
263	1	56	126	72	144	2	196
263	1	56	128	72	144	2	209
263	1	56	129	72	144	2	230
263	1	56	135	72	144	3	174
263	1	56	136	72	144	2	182
263	1	56	138	72	144	2	182
263	1	56	139	72	144	3	174
263	1	57	5	72	144	3	174
263	1	57	6	72	144	2	182
263	1	57	8	72	144	2	182
263	1	57	9	72	144	3	174
263	1	57	15	72	144	2	230
263	1	57	16	72	144	2	209
263	1	57	18	72	144	2	196
263	1	57	20	72	144	3	75
263	1	57	21	72	144	2	1
263	1	57	22	72	144	2	61
263	1	57	27	72	144	2	217
263	1	57	32	72	144	2	122
263	1	57	36	72	144	2	216
263	1	57	38	72	144	2	198
263	1	57	43	72	144	3	inf
263	1	57	48	72	144	2	65
263	1	57	50	72	144	2	47
263	1	57	54	72	144	2	141
263	1	57	59	72	144	2	46
263	1	57	64	72	144	2	202
263	1	57	65	72	144	2	262
263	1	57	66	72	144	3	188
263	1	57	68	72	144	2	67
263	1	57	70	72	144	2	54
263	1	57	71	72	144	2	33
263	1	57	76	72	144	3	inf
263	1	57	77	72	144	3	89
263	1	57	78	72	144	3	inf
263	1	57	80	72	144	2	81
263	1	57	81	72	144	3	89
263	1	57	87	72	144	2	33
263	1	57	88	72	144	2	54
263	1	57	90	72	144	2	67
263	1	57	92	72	144	3	188
263	1	57	93	72	144	2	262
263	1	57	94	72	144	2	202
263	1	57	99	72	144	2	46
263	1	57	104	72	144	2	141
263	1	57	108	72	144	2	47
263	1	57	110	72	144	2	65
263	1	57	115	72	144	3	inf
263	1	57	120	72	144	2	198
263	1	57	122	72	144	2	216
263	1	57	126	72	144	2	122
263	1	57	131	72	144	2	217
263	1	57	136	72	144	2	61
263	1	57	137	72	144	2	1
263	1	57	138	72	144	3	75
263	1	57	140	72	144	2	196
263	1	57	142	72	144	2	209
263	1	57	143	72	144	2	230
263	1	58	1	72	144	2	217
263	1	58	6	72	144	2	61
263	1	58	7	72	144	2	1
263	1	58	8	72	144	3	75
263	1	58	10	72	144	2	196
263	1	58	12	72	144	2	209
263	1	58	13	72	144	2	230
263	1	58	19	72	144	3	174
263	1	58	20	72	144	2	182
263	1	58	22	72	144	2	182
263	1	58	23	72	144	3	174
263	1	58	29	72	144	2	230
263	1	58	30	72	144	2	209
263	1	58	32	72	144	2	196
263	1	58	34	72	144	3	75
263	1	58	35	72	144	2	1
263	1	58	36	72	144	2	61
263	1	58	41	72	144	2	217
263	1	58	46	72	144	2	122
263	1	58	50	72	144	2	216
263	1	58	52	72	144	2	198
263	1	58	57	72	144	3	inf
263	1	58	62	72	144	2	65
263	1	58	64	72	144	2	47
263	1	58	68	72	144	2	141
263	1	58	73	72	144	2	46
263	1	58	78	72	144	2	202
263	1	58	79	72	144	2	262
263	1	58	80	72	144	3	188
263	1	58	82	72	144	2	67
263	1	58	84	72	144	2	54
263	1	58	85	72	144	2	33
263	1	58	90	72	144	3	inf
263	1	58	91	72	144	3	89
263	1	58	92	72	144	3	inf
263	1	58	94	72	144	2	81
263	1	58	95	72	144	3	89
263	1	58	101	72	144	2	33
263	1	58	102	72	144	2	54
263	1	58	104	72	144	2	67
263	1	58	106	72	144	3	188
263	1	58	107	72	144	2	262
263	1	58	108	72	144	2	202
263	1	58	113	72	144	2	46
263	1	58	118	72	144	2	141
263	1	58	122	72	144	2	47
263	1	58	124	72	144	2	65
263	1	58	129	72	144	3	inf
263	1	58	134	72	144	2	198
263	1	58	136	72	144	2	216
263	1	58	140	72	144	2	122
263	1	59	4	72	144	2	198
263	1	59	6	72	144	2	216
263	1	59	10	72	144	2	122
263	1	59	15	72	144	2	217
263	1	59	20	72	144	2	61
263	1	59	21	72	144	2	1
263	1	59	22	72	144	3	75
263	1	59	24	72	144	2	196
263	1	59	26	72	144	2	209
263	1	59	27	72	144	2	230
263	1	59	33	72	144	3	174
263	1	59	34	72	144	2	182
263	1	59	36	72	144	2	182
263	1	59	37	72	144	3	174
263	1	59	43	72	144	2	230
263	1	59	44	72	144	2	209
263	1	59	46	72	144	2	196
263	1	59	48	72	144	3	75
263	1	59	49	72	144	2	1
263	1	59	50	72	144	2	61
263	1	59	55	72	144	2	217
263	1	59	60	72	144	2	122
263	1	59	64	72	144	2	216
263	1	59	66	72	144	2	198
263	1	59	71	72	144	3	inf
263	1	59	76	72	144	2	65
263	1	59	78	72	144	2	47
263	1	59	82	72	144	2	141
263	1	59	87	72	144	2	46
263	1	59	92	72	144	2	202
263	1	59	93	72	144	2	262
263	1	59	94	72	144	3	188
263	1	59	96	72	144	2	67
263	1	59	98	72	144	2	54
263	1	59	99	72	144	2	33
263	1	59	104	72	144	3	inf
263	1	59	105	72	144	3	89
263	1	59	106	72	144	3	inf
263	1	59	108	72	144	2	81
263	1	59	109	72	144	3	89
263	1	59	115	72	144	2	33
263	1	59	116	72	144	2	54
263	1	59	118	72	144	2	67
263	1	59	120	72	144	3	188
263	1	59	121	72	144	2	262
263	1	59	122	72	144	2	202
263	1	59	127	72	144	2	46
263	1	59	132	72	144	2	141
263	1	59	136	72	144	2	47
263	1	59	138	72	144	2	65
263	1	59	143	72	144	3	inf
263	1	60	2	72	144	2	141
263	1	60	6	72	144	2	47
263	1	60	8	72	144	2	65
263	1	60	13	72	144	3	inf
263	1	60	18	72	144	2	198
263	1	60	20	72	144	2	216
263	1	60	24	72	144	2	122
263	1	60	29	72	144	2	217
263	1	60	34	72	144	2	61
263	1	60	35	72	144	2	1
263	1	60	36	72	144	3	75
263	1	60	38	72	144	2	196
263	1	60	40	72	144	2	209
263	1	60	41	72	144	2	230
263	1	60	47	72	144	3	174
263	1	60	48	72	144	2	182
263	1	60	50	72	144	2	182
263	1	60	51	72	144	3	174
263	1	60	57	72	144	2	230
263	1	60	58	72	144	2	209
263	1	60	60	72	144	2	196
263	1	60	62	72	144	3	75
263	1	60	63	72	144	2	1
263	1	60	64	72	144	2	61
263	1	60	69	72	144	2	217
263	1	60	74	72	144	2	122
263	1	60	78	72	144	2	216
263	1	60	80	72	144	2	198
263	1	60	85	72	144	3	inf
263	1	60	90	72	144	2	65
263	1	60	92	72	144	2	47
263	1	60	96	72	144	2	141
263	1	60	101	72	144	2	46
263	1	60	106	72	144	2	202
263	1	60	107	72	144	2	262
263	1	60	108	72	144	3	188
263	1	60	110	72	144	2	67
263	1	60	112	72	144	2	54
263	1	60	113	72	144	2	33
263	1	60	118	72	144	3	inf
263	1	60	119	72	144	3	89
263	1	60	120	72	144	3	inf
263	1	60	122	72	144	2	81
263	1	60	123	72	144	3	89
263	1	60	129	72	144	2	33
263	1	60	130	72	144	2	54
263	1	60	132	72	144	2	67
263	1	60	134	72	144	3	188
263	1	60	135	72	144	2	262
263	1	60	136	72	144	2	202
263	1	60	141	72	144	2	46
263	1	61	0	72	144	2	54
263	1	61	2	72	144	2	67
263	1	61	4	72	144	3	188
263	1	61	5	72	144	2	262
263	1	61	6	72	144	2	202
263	1	61	11	72	144	2	46
263	1	61	16	72	144	2	141
263	1	61	20	72	144	2	47
263	1	61	22	72	144	2	65
263	1	61	27	72	144	3	inf
263	1	61	32	72	144	2	198
263	1	61	34	72	144	2	216
263	1	61	38	72	144	2	122
263	1	61	43	72	144	2	217
263	1	61	48	72	144	2	61
263	1	61	49	72	144	2	1
263	1	61	50	72	144	3	75
263	1	61	52	72	144	2	196
263	1	61	54	72	144	2	209
263	1	61	55	72	144	2	230
263	1	61	61	72	144	3	174
263	1	61	62	72	144	2	182
263	1	61	64	72	144	2	182
263	1	61	65	72	144	3	174
263	1	61	71	72	144	2	230
263	1	61	72	72	144	2	209
263	1	61	74	72	144	2	196
263	1	61	76	72	144	3	75
263	1	61	77	72	144	2	1
263	1	61	78	72	144	2	61
263	1	61	83	72	144	2	217
263	1	61	88	72	144	2	122
263	1	61	92	72	144	2	216
263	1	61	94	72	144	2	198
263	1	61	99	72	144	3	inf
263	1	61	104	72	144	2	65
263	1	61	106	72	144	2	47
263	1	61	110	72	144	2	141
263	1	61	115	72	144	2	46
263	1	61	120	72	144	2	202
263	1	61	121	72	144	2	262
263	1	61	122	72	144	3	188
263	1	61	124	72	144	2	67
263	1	61	126	72	144	2	54
263	1	61	127	72	144	2	33
263	1	61	132	72	144	3	inf
263	1	61	133	72	144	3	89
263	1	61	134	72	144	3	inf
263	1	61	136	72	144	2	81
263	1	61	137	72	144	3	89
263	1	61	143	72	144	2	33
263	1	62	2	72	144	3	inf
263	1	62	3	72	144	3	89
263	1	62	4	72	144	3	inf
263	1	62	6	72	144	2	81
263	1	62	7	72	144	3	89
263	1	62	13	72	144	2	33
263	1	62	14	72	144	2	54
263	1	62	16	72	144	2	67
263	1	62	18	72	144	3	188
263	1	62	19	72	144	2	262
263	1	62	20	72	144	2	202
263	1	62	25	72	144	2	46
263	1	62	30	72	144	2	141
263	1	62	34	72	144	2	47
263	1	62	36	72	144	2	65
263	1	62	41	72	144	3	inf
263	1	62	46	72	144	2	198
263	1	62	48	72	144	2	216
263	1	62	52	72	144	2	122
263	1	62	57	72	144	2	217
263	1	62	62	72	144	2	61
263	1	62	63	72	144	2	1
263	1	62	64	72	144	3	75
263	1	62	66	72	144	2	196
263	1	62	68	72	144	2	209
263	1	62	69	72	144	2	230
263	1	62	75	72	144	3	174
263	1	62	76	72	144	2	182
263	1	62	78	72	144	2	182
263	1	62	79	72	144	3	174
263	1	62	85	72	144	2	230
263	1	62	86	72	144	2	209
263	1	62	88	72	144	2	196
263	1	62	90	72	144	3	75
263	1	62	91	72	144	2	1
263	1	62	92	72	144	2	61
263	1	62	97	72	144	2	217
263	1	62	102	72	144	2	122
263	1	62	106	72	144	2	216
263	1	62	108	72	144	2	198
263	1	62	113	72	144	3	inf
263	1	62	118	72	144	2	65
263	1	62	120	72	144	2	47
263	1	62	124	72	144	2	141
263	1	62	129	72	144	2	46
263	1	62	134	72	144	2	202
263	1	62	135	72	144	2	262
263	1	62	136	72	144	3	188
263	1	62	138	72	144	2	67
263	1	62	140	72	144	2	54
263	1	62	141	72	144	2	33
263	1	63	4	72	144	2	202
263	1	63	5	72	144	2	262
263	1	63	6	72	144	3	188
263	1	63	8	72	144	2	67
263	1	63	10	72	144	2	54
263	1	63	11	72	144	2	33
263	1	63	16	72	144	3	inf
263	1	63	17	72	144	3	89
263	1	63	18	72	144	3	inf
263	1	63	20	72	144	2	81
263	1	63	21	72	144	3	89
263	1	63	27	72	144	2	33
263	1	63	28	72	144	2	54
263	1	63	30	72	144	2	67
263	1	63	32	72	144	3	188
263	1	63	33	72	144	2	262
263	1	63	34	72	144	2	202
263	1	63	39	72	144	2	46
263	1	63	44	72	144	2	141
263	1	63	48	72	144	2	47
263	1	63	50	72	144	2	65
263	1	63	55	72	144	3	inf
263	1	63	60	72	144	2	198
263	1	63	62	72	144	2	216
263	1	63	66	72	144	2	122
263	1	63	71	72	144	2	217
263	1	63	76	72	144	2	61
263	1	63	77	72	144	2	1
263	1	63	78	72	144	3	75
263	1	63	80	72	144	2	196
263	1	63	82	72	144	2	209
263	1	63	83	72	144	2	230
263	1	63	89	72	144	3	174
263	1	63	90	72	144	2	182
263	1	63	92	72	144	2	182
263	1	63	93	72	144	3	174
263	1	63	99	72	144	2	230
263	1	63	100	72	144	2	209
263	1	63	102	72	144	2	196
263	1	63	104	72	144	3	75
263	1	63	105	72	144	2	1
263	1	63	106	72	144	2	61
263	1	63	111	72	144	2	217
263	1	63	116	72	144	2	122
263	1	63	120	72	144	2	216
263	1	63	122	72	144	2	198
263	1	63	127	72	144	3	inf
263	1	63	132	72	144	2	65
263	1	63	134	72	144	2	47
263	1	63	138	72	144	2	141
263	1	63	143	72	144	2	46
263	1	64	2	72	144	2	65
263	1	64	4	72	144	2	47
263	1	64	8	72	144	2	141
263	1	64	13	72	144	2	46
263	1	64	18	72	144	2	202
263	1	64	19	72	144	2	262
263	1	64	20	72	144	3	188
263	1	64	22	72	144	2	67
263	1	64	24	72	144	2	54
263	1	64	25	72	144	2	33
263	1	64	30	72	144	3	inf
263	1	64	31	72	144	3	89
263	1	64	32	72	144	3	inf
263	1	64	34	72	144	2	81
263	1	64	35	72	144	3	89
263	1	64	41	72	144	2	33
263	1	64	42	72	144	2	54
263	1	64	44	72	144	2	67
263	1	64	46	72	144	3	188
263	1	64	47	72	144	2	262
263	1	64	48	72	144	2	202
263	1	64	53	72	144	2	46
263	1	64	58	72	144	2	141
263	1	64	62	72	144	2	47
263	1	64	64	72	144	2	65
263	1	64	69	72	144	3	inf
263	1	64	74	72	144	2	198
263	1	64	76	72	144	2	216
263	1	64	80	72	144	2	122
263	1	64	85	72	144	2	217
263	1	64	90	72	144	2	61
263	1	64	91	72	144	2	1
263	1	64	92	72	144	3	75
263	1	64	94	72	144	2	196
263	1	64	96	72	144	2	209
263	1	64	97	72	144	2	230
263	1	64	103	72	144	3	174
263	1	64	104	72	144	2	182
263	1	64	106	72	144	2	182
263	1	64	107	72	144	3	174
263	1	64	113	72	144	2	230
263	1	64	114	72	144	2	209
263	1	64	116	72	144	2	196
263	1	64	118	72	144	3	75
263	1	64	119	72	144	2	1
263	1	64	120	72	144	2	61
263	1	64	125	72	144	2	217
263	1	64	130	72	144	2	122
263	1	64	134	72	144	2	216
263	1	64	136	72	144	2	198
263	1	64	141	72	144	3	inf
263	1	65	0	72	144	2	122
263	1	65	4	72	144	2	216
263	1	65	6	72	144	2	198
263	1	65	11	72	144	3	inf
263	1	65	16	72	144	2	65
263	1	65	18	72	144	2	47
263	1	65	22	72	144	2	141
263	1	65	27	72	144	2	46
263	1	65	32	72	144	2	202
263	1	65	33	72	144	2	262
263	1	65	34	72	144	3	188
263	1	65	36	72	144	2	67
263	1	65	38	72	144	2	54
263	1	65	39	72	144	2	33
263	1	65	44	72	144	3	inf
263	1	65	45	72	144	3	89
263	1	65	46	72	144	3	inf
263	1	65	48	72	144	2	81
263	1	65	49	72	144	3	89
263	1	65	55	72	144	2	33
263	1	65	56	72	144	2	54
263	1	65	58	72	144	2	67
263	1	65	60	72	144	3	188
263	1	65	61	72	144	2	262
263	1	65	62	72	144	2	202
263	1	65	67	72	144	2	46
263	1	65	72	72	144	2	141
263	1	65	76	72	144	2	47
263	1	65	78	72	144	2	65
263	1	65	83	72	144	3	inf
263	1	65	88	72	144	2	198
263	1	65	90	72	144	2	216
263	1	65	94	72	144	2	122
263	1	65	99	72	144	2	217
263	1	65	104	72	144	2	61
263	1	65	105	72	144	2	1
263	1	65	106	72	144	3	75
263	1	65	108	72	144	2	196
263	1	65	110	72	144	2	209
263	1	65	111	72	144	2	230
263	1	65	117	72	144	3	174
263	1	65	118	72	144	2	182
263	1	65	120	72	144	2	182
263	1	65	121	72	144	3	174
263	1	65	127	72	144	2	230
263	1	65	128	72	144	2	209
263	1	65	130	72	144	2	196
263	1	65	132	72	144	3	75
263	1	65	133	72	144	2	1
263	1	65	134	72	144	2	61
263	1	65	139	72	144	2	217
263	1	66	0	72	144	2	196
263	1	66	2	72	144	3	75
263	1	66	3	72	144	2	1
263	1	66	4	72	144	2	61
263	1	66	9	72	144	2	217
263	1	66	14	72	144	2	122
263	1	66	18	72	144	2	216
263	1	66	20	72	144	2	198
263	1	66	25	72	144	3	inf
263	1	66	30	72	144	2	65
263	1	66	32	72	144	2	47
263	1	66	36	72	144	2	141
263	1	66	41	72	144	2	46
263	1	66	46	72	144	2	202
263	1	66	47	72	144	2	262
263	1	66	48	72	144	3	188
263	1	66	50	72	144	2	67
263	1	66	52	72	144	2	54
263	1	66	53	72	144	2	33
263	1	66	58	72	144	3	inf
263	1	66	59	72	144	3	89
263	1	66	60	72	144	3	inf
263	1	66	62	72	144	2	81
263	1	66	63	72	144	3	89
263	1	66	69	72	144	2	33
263	1	66	70	72	144	2	54
263	1	66	72	72	144	2	67
263	1	66	74	72	144	3	188
263	1	66	75	72	144	2	262
263	1	66	76	72	144	2	202
263	1	66	81	72	144	2	46
263	1	66	86	72	144	2	141
263	1	66	90	72	144	2	47
263	1	66	92	72	144	2	65
263	1	66	97	72	144	3	inf
263	1	66	102	72	144	2	198
263	1	66	104	72	144	2	216
263	1	66	108	72	144	2	122
263	1	66	113	72	144	2	217
263	1	66	118	72	144	2	61
263	1	66	119	72	144	2	1
263	1	66	120	72	144	3	75
263	1	66	122	72	144	2	196
263	1	66	124	72	144	2	209
263	1	66	125	72	144	2	230
263	1	66	131	72	144	3	174
263	1	66	132	72	144	2	182
263	1	66	134	72	144	2	182
263	1	66	135	72	144	3	174
263	1	66	141	72	144	2	230
263	1	66	142	72	144	2	209
263	1	67	1	72	144	3	174
263	1	67	2	72	144	2	182
263	1	67	4	72	144	2	182
263	1	67	5	72	144	3	174
263	1	67	11	72	144	2	230
263	1	67	12	72	144	2	209
263	1	67	14	72	144	2	196
263	1	67	16	72	144	3	75
263	1	67	17	72	144	2	1
263	1	67	18	72	144	2	61
263	1	67	23	72	144	2	217
263	1	67	28	72	144	2	122
263	1	67	32	72	144	2	216
263	1	67	34	72	144	2	198
263	1	67	39	72	144	3	inf
263	1	67	44	72	144	2	65
263	1	67	46	72	144	2	47
263	1	67	50	72	144	2	141
263	1	67	55	72	144	2	46
263	1	67	60	72	144	2	202
263	1	67	61	72	144	2	262
263	1	67	62	72	144	3	188
263	1	67	64	72	144	2	67
263	1	67	66	72	144	2	54
263	1	67	67	72	144	2	33
263	1	67	72	72	144	3	inf
263	1	67	73	72	144	3	89
263	1	67	74	72	144	3	inf
263	1	67	76	72	144	2	81
263	1	67	77	72	144	3	89
263	1	67	83	72	144	2	33
263	1	67	84	72	144	2	54
263	1	67	86	72	144	2	67
263	1	67	88	72	144	3	188
263	1	67	89	72	144	2	262
263	1	67	90	72	144	2	202
263	1	67	95	72	144	2	46
263	1	67	100	72	144	2	141
263	1	67	104	72	144	2	47
263	1	67	106	72	144	2	65
263	1	67	111	72	144	3	inf
263	1	67	116	72	144	2	198
263	1	67	118	72	144	2	216
263	1	67	122	72	144	2	122
263	1	67	127	72	144	2	217
263	1	67	132	72	144	2	61
263	1	67	133	72	144	2	1
263	1	67	134	72	144	3	75
263	1	67	136	72	144	2	196
263	1	67	138	72	144	2	209
263	1	67	139	72	144	2	230
263	1	68	2	72	144	2	61
263	1	68	3	72	144	2	1
263	1	68	4	72	144	3	75
263	1	68	6	72	144	2	196
263	1	68	8	72	144	2	209
263	1	68	9	72	144	2	230
263	1	68	15	72	144	3	174
263	1	68	16	72	144	2	182
263	1	68	18	72	144	2	182
263	1	68	19	72	144	3	174
263	1	68	25	72	144	2	230
263	1	68	26	72	144	2	209
263	1	68	28	72	144	2	196
263	1	68	30	72	144	3	75
263	1	68	31	72	144	2	1
263	1	68	32	72	144	2	61
263	1	68	37	72	144	2	217
263	1	68	42	72	144	2	122
263	1	68	46	72	144	2	216
263	1	68	48	72	144	2	198
263	1	68	53	72	144	3	inf
263	1	68	58	72	144	2	65
263	1	68	60	72	144	2	47
263	1	68	64	72	144	2	141
263	1	68	69	72	144	2	46
263	1	68	74	72	144	2	202
263	1	68	75	72	144	2	262
263	1	68	76	72	144	3	188
263	1	68	78	72	144	2	67
263	1	68	80	72	144	2	54
263	1	68	81	72	144	2	33
263	1	68	86	72	144	3	inf
263	1	68	87	72	144	3	89
263	1	68	88	72	144	3	inf
263	1	68	90	72	144	2	81
263	1	68	91	72	144	3	89
263	1	68	97	72	144	2	33
263	1	68	98	72	144	2	54
263	1	68	100	72	144	2	67
263	1	68	102	72	144	3	188
263	1	68	103	72	144	2	262
263	1	68	104	72	144	2	202
263	1	68	109	72	144	2	46
263	1	68	114	72	144	2	141
263	1	68	118	72	144	2	47
263	1	68	120	72	144	2	65
263	1	68	125	72	144	3	inf
263	1	68	130	72	144	2	198
263	1	68	132	72	144	2	216
263	1	68	136	72	144	2	122
263	1	68	141	72	144	2	217
263	1	69	0	72	144	2	198
263	1	69	2	72	144	2	216
263	1	69	6	72	144	2	122
263	1	69	11	72	144	2	217
263	1	69	16	72	144	2	61
263	1	69	17	72	144	2	1
263	1	69	18	72	144	3	75
263	1	69	20	72	144	2	196
263	1	69	22	72	144	2	209
263	1	69	23	72	144	2	230
263	1	69	29	72	144	3	174
263	1	69	30	72	144	2	182
263	1	69	32	72	144	2	182
263	1	69	33	72	144	3	174
263	1	69	39	72	144	2	230
263	1	69	40	72	144	2	209
263	1	69	42	72	144	2	196
263	1	69	44	72	144	3	75
263	1	69	45	72	144	2	1
263	1	69	46	72	144	2	61
263	1	69	51	72	144	2	217
263	1	69	56	72	144	2	122
263	1	69	60	72	144	2	216
263	1	69	62	72	144	2	198
263	1	69	67	72	144	3	inf
263	1	69	72	72	144	2	65
263	1	69	74	72	144	2	47
263	1	69	78	72	144	2	141
263	1	69	83	72	144	2	46
263	1	69	88	72	144	2	202
263	1	69	89	72	144	2	262
263	1	69	90	72	144	3	188
263	1	69	92	72	144	2	67
263	1	69	94	72	144	2	54
263	1	69	95	72	144	2	33
263	1	69	100	72	144	3	inf
263	1	69	101	72	144	3	89
263	1	69	102	72	144	3	inf
263	1	69	104	72	144	2	81
263	1	69	105	72	144	3	89
263	1	69	111	72	144	2	33
263	1	69	112	72	144	2	54
263	1	69	114	72	144	2	67
263	1	69	116	72	144	3	188
263	1	69	117	72	144	2	262
263	1	69	118	72	144	2	202
263	1	69	123	72	144	2	46
263	1	69	128	72	144	2	141
263	1	69	132	72	144	2	47
263	1	69	134	72	144	2	65
263	1	69	139	72	144	3	inf
263	1	70	2	72	144	2	47
263	1	70	4	72	144	2	65
263	1	70	9	72	144	3	inf
263	1	70	14	72	144	2	198
263	1	70	16	72	144	2	216
263	1	70	20	72	144	2	122
263	1	70	25	72	144	2	217
263	1	70	30	72	144	2	61
263	1	70	31	72	144	2	1
263	1	70	32	72	144	3	75
263	1	70	34	72	144	2	196
263	1	70	36	72	144	2	209
263	1	70	37	72	144	2	230
263	1	70	43	72	144	3	174
263	1	70	44	72	144	2	182
263	1	70	46	72	144	2	182
263	1	70	47	72	144	3	174
263	1	70	53	72	144	2	230
263	1	70	54	72	144	2	209
263	1	70	56	72	144	2	196
263	1	70	58	72	144	3	75
263	1	70	59	72	144	2	1
263	1	70	60	72	144	2	61
263	1	70	65	72	144	2	217
263	1	70	70	72	144	2	122
263	1	70	74	72	144	2	216
263	1	70	76	72	144	2	198
263	1	70	81	72	144	3	inf
263	1	70	86	72	144	2	65
263	1	70	88	72	144	2	47
263	1	70	92	72	144	2	141
263	1	70	97	72	144	2	46
263	1	70	102	72	144	2	202
263	1	70	103	72	144	2	262
263	1	70	104	72	144	3	188
263	1	70	106	72	144	2	67
263	1	70	108	72	144	2	54
263	1	70	109	72	144	2	33
263	1	70	114	72	144	3	inf
263	1	70	115	72	144	3	89
263	1	70	116	72	144	3	inf
263	1	70	118	72	144	2	81
263	1	70	119	72	144	3	89
263	1	70	125	72	144	2	33
263	1	70	126	72	144	2	54
263	1	70	128	72	144	2	67
263	1	70	130	72	144	3	188
263	1	70	131	72	144	2	262
263	1	70	132	72	144	2	202
263	1	70	137	72	144	2	46
263	1	70	142	72	144	2	141
263	1	71	0	72	144	3	188
263	1	71	1	72	144	2	262
263	1	71	2	72	144	2	202
263	1	71	7	72	144	2	46
263	1	71	12	72	144	2	141
263	1	71	16	72	144	2	47
263	1	71	18	72	144	2	65
263	1	71	23	72	144	3	inf
263	1	71	28	72	144	2	198
263	1	71	30	72	144	2	216
263	1	71	34	72	144	2	122
263	1	71	39	72	144	2	217
263	1	71	44	72	144	2	61
263	1	71	45	72	144	2	1
263	1	71	46	72	144	3	75
263	1	71	48	72	144	2	196
263	1	71	50	72	144	2	209
263	1	71	51	72	144	2	230
263	1	71	57	72	144	3	174
263	1	71	58	72	144	2	182
263	1	71	60	72	144	2	182
263	1	71	61	72	144	3	174
263	1	71	67	72	144	2	230
263	1	71	68	72	144	2	209
263	1	71	70	72	144	2	196
263	1	71	72	72	144	3	75
263	1	71	73	72	144	2	1
263	1	71	74	72	144	2	61
263	1	71	79	72	144	2	217
263	1	71	84	72	144	2	122
263	1	71	88	72	144	2	216
263	1	71	90	72	144	2	198
263	1	71	95	72	144	3	inf
263	1	71	100	72	144	2	65
263	1	71	102	72	144	2	47
263	1	71	106	72	144	2	141
263	1	71	111	72	144	2	46
263	1	71	116	72	144	2	202
263	1	71	117	72	144	2	262
263	1	71	118	72	144	3	188
263	1	71	120	72	144	2	67
263	1	71	122	72	144	2	54
263	1	71	123	72	144	2	33
263	1	71	128	72	144	3	inf
263	1	71	129	72	144	3	89
263	1	71	130	72	144	3	inf
263	1	71	132	72	144	2	81
263	1	71	133	72	144	3	89
263	1	71	139	72	144	2	33
263	1	71	140	72	144	2	54
263	1	71	142	72	144	2	67
263	2	0	1	72	144	3	inf
263	2	0	6	72	144	2	198
263	2	0	8	72	144	2	216
263	2	0	12	72	144	2	122
263	2	0	17	72	144	2	217
263	2	0	22	72	144	2	61
263	2	0	23	72	144	2	1
263	2	0	24	72	144	3	75
263	2	0	26	72	144	2	196
263	2	0	28	72	144	2	209
263	2	0	29	72	144	2	230
263	2	0	35	72	144	3	174
263	2	0	36	72	144	2	182
263	2	0	38	72	144	2	182
263	2	0	39	72	144	3	174
263	2	0	45	72	144	2	230
263	2	0	46	72	144	2	209
263	2	0	48	72	144	2	196
263	2	0	50	72	144	3	75
263	2	0	51	72	144	2	1
263	2	0	52	72	144	2	61
263	2	0	57	72	144	2	217
263	2	0	62	72	144	2	122
263	2	0	66	72	144	2	216
263	2	0	68	72	144	2	198
263	2	0	73	72	144	3	inf
263	2	0	78	72	144	2	65
263	2	0	80	72	144	2	47
263	2	0	84	72	144	2	141
263	2	0	89	72	144	2	46
263	2	0	94	72	144	2	202
263	2	0	95	72	144	2	262
263	2	0	96	72	144	3	188
263	2	0	98	72	144	2	67
263	2	0	100	72	144	2	54
263	2	0	101	72	144	2	33
263	2	0	106	72	144	3	inf
263	2	0	107	72	144	3	89
263	2	0	108	72	144	3	inf
263	2	0	110	72	144	2	81
263	2	0	111	72	144	3	89
263	2	0	117	72	144	2	33
263	2	0	118	72	144	2	54
263	2	0	120	72	144	2	67
263	2	0	122	72	144	3	188
263	2	0	123	72	144	2	262
263	2	0	124	72	144	2	202
263	2	0	129	72	144	2	46
263	2	0	134	72	144	2	141
263	2	0	138	72	144	2	47
263	2	0	140	72	144	2	65
263	2	1	4	72	144	2	141
263	2	1	8	72	144	2	47
263	2	1	10	72	144	2	65
263	2	1	15	72	144	3	inf
263	2	1	20	72	144	2	198
263	2	1	22	72	144	2	216
263	2	1	26	72	144	2	122
263	2	1	31	72	144	2	217
263	2	1	36	72	144	2	61
263	2	1	37	72	144	2	1
263	2	1	38	72	144	3	75
263	2	1	40	72	144	2	196
263	2	1	42	72	144	2	209
263	2	1	43	72	144	2	230
263	2	1	49	72	144	3	174
263	2	1	50	72	144	2	182
263	2	1	52	72	144	2	182
263	2	1	53	72	144	3	174
263	2	1	59	72	144	2	230
263	2	1	60	72	144	2	209
263	2	1	62	72	144	2	196
263	2	1	64	72	144	3	75
263	2	1	65	72	144	2	1
263	2	1	66	72	144	2	61
263	2	1	71	72	144	2	217
263	2	1	76	72	144	2	122
263	2	1	80	72	144	2	216
263	2	1	82	72	144	2	198
263	2	1	87	72	144	3	inf
263	2	1	92	72	144	2	65
263	2	1	94	72	144	2	47
263	2	1	98	72	144	2	141
263	2	1	103	72	144	2	46
263	2	1	108	72	144	2	202
263	2	1	109	72	144	2	262
263	2	1	110	72	144	3	188
263	2	1	112	72	144	2	67
263	2	1	114	72	144	2	54
263	2	1	115	72	144	2	33
263	2	1	120	72	144	3	inf
263	2	1	121	72	144	3	89
263	2	1	122	72	144	3	inf
263	2	1	124	72	144	2	81
263	2	1	125	72	144	3	89
263	2	1	131	72	144	2	33
263	2	1	132	72	144	2	54
263	2	1	134	72	144	2	67
263	2	1	136	72	144	3	188
263	2	1	137	72	144	2	262
263	2	1	138	72	144	2	202
263	2	1	143	72	144	2	46
263	2	2	1	72	144	2	33
263	2	2	2	72	144	2	54
263	2	2	4	72	144	2	67
263	2	2	6	72	144	3	188
263	2	2	7	72	144	2	262
263	2	2	8	72	144	2	202
263	2	2	13	72	144	2	46
263	2	2	18	72	144	2	141
263	2	2	22	72	144	2	47
263	2	2	24	72	144	2	65
263	2	2	29	72	144	3	inf
263	2	2	34	72	144	2	198
263	2	2	36	72	144	2	216
263	2	2	40	72	144	2	122
263	2	2	45	72	144	2	217
263	2	2	50	72	144	2	61
263	2	2	51	72	144	2	1
263	2	2	52	72	144	3	75
263	2	2	54	72	144	2	196
263	2	2	56	72	144	2	209
263	2	2	57	72	144	2	230
263	2	2	63	72	144	3	174
263	2	2	64	72	144	2	182
263	2	2	66	72	144	2	182
263	2	2	67	72	144	3	174
263	2	2	73	72	144	2	230
263	2	2	74	72	144	2	209
263	2	2	76	72	144	2	196
263	2	2	78	72	144	3	75
263	2	2	79	72	144	2	1
263	2	2	80	72	144	2	61
263	2	2	85	72	144	2	217
263	2	2	90	72	144	2	122
263	2	2	94	72	144	2	216
263	2	2	96	72	144	2	198
263	2	2	101	72	144	3	inf
263	2	2	106	72	144	2	65
263	2	2	108	72	144	2	47
263	2	2	112	72	144	2	141
263	2	2	117	72	144	2	46
263	2	2	122	72	144	2	202
263	2	2	123	72	144	2	262
263	2	2	124	72	144	3	188
263	2	2	126	72	144	2	67
263	2	2	128	72	144	2	54
263	2	2	129	72	144	2	33
263	2	2	134	72	144	3	inf
263	2	2	135	72	144	3	89
263	2	2	136	72	144	3	inf
263	2	2	138	72	144	2	81
263	2	2	139	72	144	3	89
263	2	3	4	72	144	3	inf
263	2	3	5	72	144	3	89
263	2	3	6	72	144	3	inf
263	2	3	8	72	144	2	81
263	2	3	9	72	144	3	89
263	2	3	15	72	144	2	33
263	2	3	16	72	144	2	54
263	2	3	18	72	144	2	67
263	2	3	20	72	144	3	188
263	2	3	21	72	144	2	262
263	2	3	22	72	144	2	202
263	2	3	27	72	144	2	46
263	2	3	32	72	144	2	141
263	2	3	36	72	144	2	47
263	2	3	38	72	144	2	65
263	2	3	43	72	144	3	inf
263	2	3	48	72	144	2	198
263	2	3	50	72	144	2	216
263	2	3	54	72	144	2	122
263	2	3	59	72	144	2	217
263	2	3	64	72	144	2	61
263	2	3	65	72	144	2	1
263	2	3	66	72	144	3	75
263	2	3	68	72	144	2	196
263	2	3	70	72	144	2	209
263	2	3	71	72	144	2	230
263	2	3	77	72	144	3	174
263	2	3	78	72	144	2	182
263	2	3	80	72	144	2	182
263	2	3	81	72	144	3	174
263	2	3	87	72	144	2	230
263	2	3	88	72	144	2	209
263	2	3	90	72	144	2	196
263	2	3	92	72	144	3	75
263	2	3	93	72	144	2	1
263	2	3	94	72	144	2	61
263	2	3	99	72	144	2	217
263	2	3	104	72	144	2	122
263	2	3	108	72	144	2	216
263	2	3	110	72	144	2	198
263	2	3	115	72	144	3	inf
263	2	3	120	72	144	2	65
263	2	3	122	72	144	2	47
263	2	3	126	72	144	2	141
263	2	3	131	72	144	2	46
263	2	3	136	72	144	2	202
263	2	3	137	72	144	2	262
263	2	3	138	72	144	3	188
263	2	3	140	72	144	2	67
263	2	3	142	72	144	2	54
263	2	3	143	72	144	2	33
263	2	4	1	72	144	2	46
263	2	4	6	72	144	2	202
263	2	4	7	72	144	2	262
263	2	4	8	72	144	3	188
263	2	4	10	72	144	2	67
263	2	4	12	72	144	2	54
263	2	4	13	72	144	2	33
263	2	4	18	72	144	3	inf
263	2	4	19	72	144	3	89
263	2	4	20	72	144	3	inf
263	2	4	22	72	144	2	81
263	2	4	23	72	144	3	89
263	2	4	29	72	144	2	33
263	2	4	30	72	144	2	54
263	2	4	32	72	144	2	67
263	2	4	34	72	144	3	188
263	2	4	35	72	144	2	262
263	2	4	36	72	144	2	202
263	2	4	41	72	144	2	46
263	2	4	46	72	144	2	141
263	2	4	50	72	144	2	47
263	2	4	52	72	144	2	65
263	2	4	57	72	144	3	inf
263	2	4	62	72	144	2	198
263	2	4	64	72	144	2	216
263	2	4	68	72	144	2	122
263	2	4	73	72	144	2	217
263	2	4	78	72	144	2	61
263	2	4	79	72	144	2	1
263	2	4	80	72	144	3	75
263	2	4	82	72	144	2	196
263	2	4	84	72	144	2	209
263	2	4	85	72	144	2	230
263	2	4	91	72	144	3	174
263	2	4	92	72	144	2	182
263	2	4	94	72	144	2	182
263	2	4	95	72	144	3	174
263	2	4	101	72	144	2	230
263	2	4	102	72	144	2	209
263	2	4	104	72	144	2	196
263	2	4	106	72	144	3	75
263	2	4	107	72	144	2	1
263	2	4	108	72	144	2	61
263	2	4	113	72	144	2	217
263	2	4	118	72	144	2	122
263	2	4	122	72	144	2	216
263	2	4	124	72	144	2	198
263	2	4	129	72	144	3	inf
263	2	4	134	72	144	2	65
263	2	4	136	72	144	2	47
263	2	4	140	72	144	2	141
263	2	5	4	72	144	2	65
263	2	5	6	72	144	2	47
263	2	5	10	72	144	2	141
263	2	5	15	72	144	2	46
263	2	5	20	72	144	2	202
263	2	5	21	72	144	2	262
263	2	5	22	72	144	3	188
263	2	5	24	72	144	2	67
263	2	5	26	72	144	2	54
263	2	5	27	72	144	2	33
263	2	5	32	72	144	3	inf
263	2	5	33	72	144	3	89
263	2	5	34	72	144	3	inf
263	2	5	36	72	144	2	81
263	2	5	37	72	144	3	89
263	2	5	43	72	144	2	33
263	2	5	44	72	144	2	54
263	2	5	46	72	144	2	67
263	2	5	48	72	144	3	188
263	2	5	49	72	144	2	262
263	2	5	50	72	144	2	202
263	2	5	55	72	144	2	46
263	2	5	60	72	144	2	141
263	2	5	64	72	144	2	47
263	2	5	66	72	144	2	65
263	2	5	71	72	144	3	inf
263	2	5	76	72	144	2	198
263	2	5	78	72	144	2	216
263	2	5	82	72	144	2	122
263	2	5	87	72	144	2	217
263	2	5	92	72	144	2	61
263	2	5	93	72	144	2	1
263	2	5	94	72	144	3	75
263	2	5	96	72	144	2	196
263	2	5	98	72	144	2	209
263	2	5	99	72	144	2	230
263	2	5	105	72	144	3	174
263	2	5	106	72	144	2	182
263	2	5	108	72	144	2	182
263	2	5	109	72	144	3	174
263	2	5	115	72	144	2	230
263	2	5	116	72	144	2	209
263	2	5	118	72	144	2	196
263	2	5	120	72	144	3	75
263	2	5	121	72	144	2	1
263	2	5	122	72	144	2	61
263	2	5	127	72	144	2	217
263	2	5	132	72	144	2	122
263	2	5	136	72	144	2	216
263	2	5	138	72	144	2	198
263	2	5	143	72	144	3	inf
263	2	6	2	72	144	2	122
263	2	6	6	72	144	2	216
263	2	6	8	72	144	2	198
263	2	6	13	72	144	3	inf
263	2	6	18	72	144	2	65
263	2	6	20	72	144	2	47
263	2	6	24	72	144	2	141
263	2	6	29	72	144	2	46
263	2	6	34	72	144	2	202
263	2	6	35	72	144	2	262
263	2	6	36	72	144	3	188
263	2	6	38	72	144	2	67
263	2	6	40	72	144	2	54
263	2	6	41	72	144	2	33
263	2	6	46	72	144	3	inf
263	2	6	47	72	144	3	89
263	2	6	48	72	144	3	inf
263	2	6	50	72	144	2	81
263	2	6	51	72	144	3	89
263	2	6	57	72	144	2	33
263	2	6	58	72	144	2	54
263	2	6	60	72	144	2	67
263	2	6	62	72	144	3	188
263	2	6	63	72	144	2	262
263	2	6	64	72	144	2	202
263	2	6	69	72	144	2	46
263	2	6	74	72	144	2	141
263	2	6	78	72	144	2	47
263	2	6	80	72	144	2	65
263	2	6	85	72	144	3	inf
263	2	6	90	72	144	2	198
263	2	6	92	72	144	2	216
263	2	6	96	72	144	2	122
263	2	6	101	72	144	2	217
263	2	6	106	72	144	2	61
263	2	6	107	72	144	2	1
263	2	6	108	72	144	3	75
263	2	6	110	72	144	2	196
263	2	6	112	72	144	2	209
263	2	6	113	72	144	2	230
263	2	6	119	72	144	3	174
263	2	6	120	72	144	2	182
263	2	6	122	72	144	2	182
263	2	6	123	72	144	3	174
263	2	6	129	72	144	2	230
263	2	6	130	72	144	2	209
263	2	6	132	72	144	2	196
263	2	6	134	72	144	3	75
263	2	6	135	72	144	2	1
263	2	6	136	72	144	2	61
263	2	6	141	72	144	2	217
263	2	7	0	72	144	2	209
263	2	7	2	72	144	2	196
263	2	7	4	72	144	3	75
263	2	7	5	72	144	2	1
263	2	7	6	72	144	2	61
263	2	7	11	72	144	2	217
263	2	7	16	72	144	2	122
263	2	7	20	72	144	2	216
263	2	7	22	72	144	2	198
263	2	7	27	72	144	3	inf
263	2	7	32	72	144	2	65
263	2	7	34	72	144	2	47
263	2	7	38	72	144	2	141
263	2	7	43	72	144	2	46
263	2	7	48	72	144	2	202
263	2	7	49	72	144	2	262
263	2	7	50	72	144	3	188
263	2	7	52	72	144	2	67
263	2	7	54	72	144	2	54
263	2	7	55	72	144	2	33
263	2	7	60	72	144	3	inf
263	2	7	61	72	144	3	89
263	2	7	62	72	144	3	inf
263	2	7	64	72	144	2	81
263	2	7	65	72	144	3	89
263	2	7	71	72	144	2	33
263	2	7	72	72	144	2	54
263	2	7	74	72	144	2	67
263	2	7	76	72	144	3	188
263	2	7	77	72	144	2	262
263	2	7	78	72	144	2	202
263	2	7	83	72	144	2	46
263	2	7	88	72	144	2	141
263	2	7	92	72	144	2	47
263	2	7	94	72	144	2	65
263	2	7	99	72	144	3	inf
263	2	7	104	72	144	2	198
263	2	7	106	72	144	2	216
263	2	7	110	72	144	2	122
263	2	7	115	72	144	2	217
263	2	7	120	72	144	2	61
263	2	7	121	72	144	2	1
263	2	7	122	72	144	3	75
263	2	7	124	72	144	2	196
263	2	7	126	72	144	2	209
263	2	7	127	72	144	2	230
263	2	7	133	72	144	3	174
263	2	7	134	72	144	2	182
263	2	7	136	72	144	2	182
263	2	7	137	72	144	3	174
263	2	7	143	72	144	2	230
263	2	8	3	72	144	3	174
263	2	8	4	72	144	2	182
263	2	8	6	72	144	2	182
263	2	8	7	72	144	3	174
263	2	8	13	72	144	2	230
263	2	8	14	72	144	2	209
263	2	8	16	72	144	2	196
263	2	8	18	72	144	3	75
263	2	8	19	72	144	2	1
263	2	8	20	72	144	2	61
263	2	8	25	72	144	2	217
263	2	8	30	72	144	2	122
263	2	8	34	72	144	2	216
263	2	8	36	72	144	2	198
263	2	8	41	72	144	3	inf
263	2	8	46	72	144	2	65
263	2	8	48	72	144	2	47
263	2	8	52	72	144	2	141
263	2	8	57	72	144	2	46
263	2	8	62	72	144	2	202
263	2	8	63	72	144	2	262
263	2	8	64	72	144	3	188
263	2	8	66	72	144	2	67
263	2	8	68	72	144	2	54
263	2	8	69	72	144	2	33
263	2	8	74	72	144	3	inf
263	2	8	75	72	144	3	89
263	2	8	76	72	144	3	inf
263	2	8	78	72	144	2	81
263	2	8	79	72	144	3	89
263	2	8	85	72	144	2	33
263	2	8	86	72	144	2	54
263	2	8	88	72	144	2	67
263	2	8	90	72	144	3	188
263	2	8	91	72	144	2	262
263	2	8	92	72	144	2	202
263	2	8	97	72	144	2	46
263	2	8	102	72	144	2	141
263	2	8	106	72	144	2	47
263	2	8	108	72	144	2	65
263	2	8	113	72	144	3	inf
263	2	8	118	72	144	2	198
263	2	8	120	72	144	2	216
263	2	8	124	72	144	2	122
263	2	8	129	72	144	2	217
263	2	8	134	72	144	2	61
263	2	8	135	72	144	2	1
263	2	8	136	72	144	3	75
263	2	8	138	72	144	2	196
263	2	8	140	72	144	2	209
263	2	8	141	72	144	2	230
263	2	9	4	72	144	2	61
263	2	9	5	72	144	2	1
263	2	9	6	72	144	3	75
263	2	9	8	72	144	2	196
263	2	9	10	72	144	2	209
263	2	9	11	72	144	2	230
263	2	9	17	72	144	3	174
263	2	9	18	72	144	2	182
263	2	9	20	72	144	2	182
263	2	9	21	72	144	3	174
263	2	9	27	72	144	2	230
263	2	9	28	72	144	2	209
263	2	9	30	72	144	2	196
263	2	9	32	72	144	3	75
263	2	9	33	72	144	2	1
263	2	9	34	72	144	2	61
263	2	9	39	72	144	2	217
263	2	9	44	72	144	2	122
263	2	9	48	72	144	2	216
263	2	9	50	72	144	2	198
263	2	9	55	72	144	3	inf
263	2	9	60	72	144	2	65
263	2	9	62	72	144	2	47
263	2	9	66	72	144	2	141
263	2	9	71	72	144	2	46
263	2	9	76	72	144	2	202
263	2	9	77	72	144	2	262
263	2	9	78	72	144	3	188
263	2	9	80	72	144	2	67
263	2	9	82	72	144	2	54
263	2	9	83	72	144	2	33
263	2	9	88	72	144	3	inf
263	2	9	89	72	144	3	89
263	2	9	90	72	144	3	inf
263	2	9	92	72	144	2	81
263	2	9	93	72	144	3	89
263	2	9	99	72	144	2	33
263	2	9	100	72	144	2	54
263	2	9	102	72	144	2	67
263	2	9	104	72	144	3	188
263	2	9	105	72	144	2	262
263	2	9	106	72	144	2	202
263	2	9	111	72	144	2	46
263	2	9	116	72	144	2	141
263	2	9	120	72	144	2	47
263	2	9	122	72	144	2	65
263	2	9	127	72	144	3	inf
263	2	9	132	72	144	2	198
263	2	9	134	72	144	2	216
263	2	9	138	72	144	2	122
263	2	9	143	72	144	2	217
263	2	10	2	72	144	2	198
263	2	10	4	72	144	2	216
263	2	10	8	72	144	2	122
263	2	10	13	72	144	2	217
263	2	10	18	72	144	2	61
263	2	10	19	72	144	2	1
263	2	10	20	72	144	3	75
263	2	10	22	72	144	2	196
263	2	10	24	72	144	2	209
263	2	10	25	72	144	2	230
263	2	10	31	72	144	3	174
263	2	10	32	72	144	2	182
263	2	10	34	72	144	2	182
263	2	10	35	72	144	3	174
263	2	10	41	72	144	2	230
263	2	10	42	72	144	2	209
263	2	10	44	72	144	2	196
263	2	10	46	72	144	3	75
263	2	10	47	72	144	2	1
263	2	10	48	72	144	2	61
263	2	10	53	72	144	2	217
263	2	10	58	72	144	2	122
263	2	10	62	72	144	2	216
263	2	10	64	72	144	2	198
263	2	10	69	72	144	3	inf
263	2	10	74	72	144	2	65
263	2	10	76	72	144	2	47
263	2	10	80	72	144	2	141
263	2	10	85	72	144	2	46
263	2	10	90	72	144	2	202
263	2	10	91	72	144	2	262
263	2	10	92	72	144	3	188
263	2	10	94	72	144	2	67
263	2	10	96	72	144	2	54
263	2	10	97	72	144	2	33
263	2	10	102	72	144	3	inf
263	2	10	103	72	144	3	89
263	2	10	104	72	144	3	inf
263	2	10	106	72	144	2	81
263	2	10	107	72	144	3	89
263	2	10	113	72	144	2	33
263	2	10	114	72	144	2	54
263	2	10	116	72	144	2	67
263	2	10	118	72	144	3	188
263	2	10	119	72	144	2	262
263	2	10	120	72	144	2	202
263	2	10	125	72	144	2	46
263	2	10	130	72	144	2	141
263	2	10	134	72	144	2	47
263	2	10	136	72	144	2	65
263	2	10	141	72	144	3	inf
263	2	11	0	72	144	2	141
263	2	11	4	72	144	2	47
263	2	11	6	72	144	2	65
263	2	11	11	72	144	3	inf
263	2	11	16	72	144	2	198
263	2	11	18	72	144	2	216
263	2	11	22	72	144	2	122
263	2	11	27	72	144	2	217
263	2	11	32	72	144	2	61
263	2	11	33	72	144	2	1
263	2	11	34	72	144	3	75
263	2	11	36	72	144	2	196
263	2	11	38	72	144	2	209
263	2	11	39	72	144	2	230
263	2	11	45	72	144	3	174
263	2	11	46	72	144	2	182
263	2	11	48	72	144	2	182
263	2	11	49	72	144	3	174
263	2	11	55	72	144	2	230
263	2	11	56	72	144	2	209
263	2	11	58	72	144	2	196
263	2	11	60	72	144	3	75
263	2	11	61	72	144	2	1
263	2	11	62	72	144	2	61
263	2	11	67	72	144	2	217
263	2	11	72	72	144	2	122
263	2	11	76	72	144	2	216
263	2	11	78	72	144	2	198
263	2	11	83	72	144	3	inf
263	2	11	88	72	144	2	65
263	2	11	90	72	144	2	47
263	2	11	94	72	144	2	141
263	2	11	99	72	144	2	46
263	2	11	104	72	144	2	202
263	2	11	105	72	144	2	262
263	2	11	106	72	144	3	188
263	2	11	108	72	144	2	67
263	2	11	110	72	144	2	54
263	2	11	111	72	144	2	33
263	2	11	116	72	144	3	inf
263	2	11	117	72	144	3	89
263	2	11	118	72	144	3	inf
263	2	11	120	72	144	2	81
263	2	11	121	72	144	3	89
263	2	11	127	72	144	2	33
263	2	11	128	72	144	2	54
263	2	11	130	72	144	2	67
263	2	11	132	72	144	3	188
263	2	11	133	72	144	2	262
263	2	11	134	72	144	2	202
263	2	11	139	72	144	2	46
263	2	12	0	72	144	2	67
263	2	12	2	72	144	3	188
263	2	12	3	72	144	2	262
263	2	12	4	72	144	2	202
263	2	12	9	72	144	2	46
263	2	12	14	72	144	2	141
263	2	12	18	72	144	2	47
263	2	12	20	72	144	2	65
263	2	12	25	72	144	3	inf
263	2	12	30	72	144	2	198
263	2	12	32	72	144	2	216
263	2	12	36	72	144	2	122
263	2	12	41	72	144	2	217
263	2	12	46	72	144	2	61
263	2	12	47	72	144	2	1
263	2	12	48	72	144	3	75
263	2	12	50	72	144	2	196
263	2	12	52	72	144	2	209
263	2	12	53	72	144	2	230
263	2	12	59	72	144	3	174
263	2	12	60	72	144	2	182
263	2	12	62	72	144	2	182
263	2	12	63	72	144	3	174
263	2	12	69	72	144	2	230
263	2	12	70	72	144	2	209
263	2	12	72	72	144	2	196
263	2	12	74	72	144	3	75
263	2	12	75	72	144	2	1
263	2	12	76	72	144	2	61
263	2	12	81	72	144	2	217
263	2	12	86	72	144	2	122
263	2	12	90	72	144	2	216
263	2	12	92	72	144	2	198
263	2	12	97	72	144	3	inf
263	2	12	102	72	144	2	65
263	2	12	104	72	144	2	47
263	2	12	108	72	144	2	141
263	2	12	113	72	144	2	46
263	2	12	118	72	144	2	202
263	2	12	119	72	144	2	262
263	2	12	120	72	144	3	188
263	2	12	122	72	144	2	67
263	2	12	124	72	144	2	54
263	2	12	125	72	144	2	33
263	2	12	130	72	144	3	inf
263	2	12	131	72	144	3	89
263	2	12	132	72	144	3	inf
263	2	12	134	72	144	2	81
263	2	12	135	72	144	3	89
263	2	12	141	72	144	2	33
263	2	12	142	72	144	2	54
263	2	13	0	72	144	3	inf
263	2	13	1	72	144	3	89
263	2	13	2	72	144	3	inf
263	2	13	4	72	144	2	81
263	2	13	5	72	144	3	89
263	2	13	11	72	144	2	33
263	2	13	12	72	144	2	54
263	2	13	14	72	144	2	67
263	2	13	16	72	144	3	188
263	2	13	17	72	144	2	262
263	2	13	18	72	144	2	202
263	2	13	23	72	144	2	46
263	2	13	28	72	144	2	141
263	2	13	32	72	144	2	47
263	2	13	34	72	144	2	65
263	2	13	39	72	144	3	inf
263	2	13	44	72	144	2	198
263	2	13	46	72	144	2	216
263	2	13	50	72	144	2	122
263	2	13	55	72	144	2	217
263	2	13	60	72	144	2	61
263	2	13	61	72	144	2	1
263	2	13	62	72	144	3	75
263	2	13	64	72	144	2	196
263	2	13	66	72	144	2	209
263	2	13	67	72	144	2	230
263	2	13	73	72	144	3	174
263	2	13	74	72	144	2	182
263	2	13	76	72	144	2	182
263	2	13	77	72	144	3	174
263	2	13	83	72	144	2	230
263	2	13	84	72	144	2	209
263	2	13	86	72	144	2	196
263	2	13	88	72	144	3	75
263	2	13	89	72	144	2	1
263	2	13	90	72	144	2	61
263	2	13	95	72	144	2	217
263	2	13	100	72	144	2	122
263	2	13	104	72	144	2	216
263	2	13	106	72	144	2	198
263	2	13	111	72	144	3	inf
263	2	13	116	72	144	2	65
263	2	13	118	72	144	2	47
263	2	13	122	72	144	2	141
263	2	13	127	72	144	2	46
263	2	13	132	72	144	2	202
263	2	13	133	72	144	2	262
263	2	13	134	72	144	3	188
263	2	13	136	72	144	2	67
263	2	13	138	72	144	2	54
263	2	13	139	72	144	2	33
263	2	14	2	72	144	2	202
263	2	14	3	72	144	2	262
263	2	14	4	72	144	3	188
263	2	14	6	72	144	2	67
263	2	14	8	72	144	2	54
263	2	14	9	72	144	2	33
263	2	14	14	72	144	3	inf
263	2	14	15	72	144	3	89
263	2	14	16	72	144	3	inf
263	2	14	18	72	144	2	81
263	2	14	19	72	144	3	89
263	2	14	25	72	144	2	33
263	2	14	26	72	144	2	54
263	2	14	28	72	144	2	67
263	2	14	30	72	144	3	188
263	2	14	31	72	144	2	262
263	2	14	32	72	144	2	202
263	2	14	37	72	144	2	46
263	2	14	42	72	144	2	141
263	2	14	46	72	144	2	47
263	2	14	48	72	144	2	65
263	2	14	53	72	144	3	inf
263	2	14	58	72	144	2	198
263	2	14	60	72	144	2	216
263	2	14	64	72	144	2	122
263	2	14	69	72	144	2	217
263	2	14	74	72	144	2	61
263	2	14	75	72	144	2	1
263	2	14	76	72	144	3	75
263	2	14	78	72	144	2	196
263	2	14	80	72	144	2	209
263	2	14	81	72	144	2	230
263	2	14	87	72	144	3	174
263	2	14	88	72	144	2	182
263	2	14	90	72	144	2	182
263	2	14	91	72	144	3	174
263	2	14	97	72	144	2	230
263	2	14	98	72	144	2	209
263	2	14	100	72	144	2	196
263	2	14	102	72	144	3	75
263	2	14	103	72	144	2	1
263	2	14	104	72	144	2	61
263	2	14	109	72	144	2	217
263	2	14	114	72	144	2	122
263	2	14	118	72	144	2	216
263	2	14	120	72	144	2	198
263	2	14	125	72	144	3	inf
263	2	14	130	72	144	2	65
263	2	14	132	72	144	2	47
263	2	14	136	72	144	2	141
263	2	14	141	72	144	2	46
263	2	15	0	72	144	2	65
263	2	15	2	72	144	2	47
263	2	15	6	72	144	2	141
263	2	15	11	72	144	2	46
263	2	15	16	72	144	2	202
263	2	15	17	72	144	2	262
263	2	15	18	72	144	3	188
263	2	15	20	72	144	2	67
263	2	15	22	72	144	2	54
263	2	15	23	72	144	2	33
263	2	15	28	72	144	3	inf
263	2	15	29	72	144	3	89
263	2	15	30	72	144	3	inf
263	2	15	32	72	144	2	81
263	2	15	33	72	144	3	89
263	2	15	39	72	144	2	33
263	2	15	40	72	144	2	54
263	2	15	42	72	144	2	67
263	2	15	44	72	144	3	188
263	2	15	45	72	144	2	262
263	2	15	46	72	144	2	202
263	2	15	51	72	144	2	46
263	2	15	56	72	144	2	141
263	2	15	60	72	144	2	47
263	2	15	62	72	144	2	65
263	2	15	67	72	144	3	inf
263	2	15	72	72	144	2	198
263	2	15	74	72	144	2	216
263	2	15	78	72	144	2	122
263	2	15	83	72	144	2	217
263	2	15	88	72	144	2	61
263	2	15	89	72	144	2	1
263	2	15	90	72	144	3	75
263	2	15	92	72	144	2	196
263	2	15	94	72	144	2	209
263	2	15	95	72	144	2	230
263	2	15	101	72	144	3	174
263	2	15	102	72	144	2	182
263	2	15	104	72	144	2	182
263	2	15	105	72	144	3	174
263	2	15	111	72	144	2	230
263	2	15	112	72	144	2	209
263	2	15	114	72	144	2	196
263	2	15	116	72	144	3	75
263	2	15	117	72	144	2	1
263	2	15	118	72	144	2	61
263	2	15	123	72	144	2	217
263	2	15	128	72	144	2	122
263	2	15	132	72	144	2	216
263	2	15	134	72	144	2	198
263	2	15	139	72	144	3	inf
263	2	16	2	72	144	2	216
263	2	16	4	72	144	2	198
263	2	16	9	72	144	3	inf
263	2	16	14	72	144	2	65
263	2	16	16	72	144	2	47
263	2	16	20	72	144	2	141
263	2	16	25	72	144	2	46
263	2	16	30	72	144	2	202
263	2	16	31	72	144	2	262
263	2	16	32	72	144	3	188
263	2	16	34	72	144	2	67
263	2	16	36	72	144	2	54
263	2	16	37	72	144	2	33
263	2	16	42	72	144	3	inf
263	2	16	43	72	144	3	89
263	2	16	44	72	144	3	inf
263	2	16	46	72	144	2	81
263	2	16	47	72	144	3	89
263	2	16	53	72	144	2	33
263	2	16	54	72	144	2	54
263	2	16	56	72	144	2	67
263	2	16	58	72	144	3	188
263	2	16	59	72	144	2	262
263	2	16	60	72	144	2	202
263	2	16	65	72	144	2	46
263	2	16	70	72	144	2	141
263	2	16	74	72	144	2	47
263	2	16	76	72	144	2	65
263	2	16	81	72	144	3	inf
263	2	16	86	72	144	2	198
263	2	16	88	72	144	2	216
263	2	16	92	72	144	2	122
263	2	16	97	72	144	2	217
263	2	16	102	72	144	2	61
263	2	16	103	72	144	2	1
263	2	16	104	72	144	3	75
263	2	16	106	72	144	2	196
263	2	16	108	72	144	2	209
263	2	16	109	72	144	2	230
263	2	16	115	72	144	3	174
263	2	16	116	72	144	2	182
263	2	16	118	72	144	2	182
263	2	16	119	72	144	3	174
263	2	16	125	72	144	2	230
263	2	16	126	72	144	2	209
263	2	16	128	72	144	2	196
263	2	16	130	72	144	3	75
263	2	16	131	72	144	2	1
263	2	16	132	72	144	2	61
263	2	16	137	72	144	2	217
263	2	16	142	72	144	2	122
263	2	17	0	72	144	3	75
263	2	17	1	72	144	2	1
263	2	17	2	72	144	2	61
263	2	17	7	72	144	2	217
263	2	17	12	72	144	2	122
263	2	17	16	72	144	2	216
263	2	17	18	72	144	2	198
263	2	17	23	72	144	3	inf
263	2	17	28	72	144	2	65
263	2	17	30	72	144	2	47
263	2	17	34	72	144	2	141
263	2	17	39	72	144	2	46
263	2	17	44	72	144	2	202
263	2	17	45	72	144	2	262
263	2	17	46	72	144	3	188
263	2	17	48	72	144	2	67
263	2	17	50	72	144	2	54
263	2	17	51	72	144	2	33
263	2	17	56	72	144	3	inf
263	2	17	57	72	144	3	89
263	2	17	58	72	144	3	inf
263	2	17	60	72	144	2	81
263	2	17	61	72	144	3	89
263	2	17	67	72	144	2	33
263	2	17	68	72	144	2	54
263	2	17	70	72	144	2	67
263	2	17	72	72	144	3	188
263	2	17	73	72	144	2	262
263	2	17	74	72	144	2	202
263	2	17	79	72	144	2	46
263	2	17	84	72	144	2	141
263	2	17	88	72	144	2	47
263	2	17	90	72	144	2	65
263	2	17	95	72	144	3	inf
263	2	17	100	72	144	2	198
263	2	17	102	72	144	2	216
263	2	17	106	72	144	2	122
263	2	17	111	72	144	2	217
263	2	17	116	72	144	2	61
263	2	17	117	72	144	2	1
263	2	17	118	72	144	3	75
263	2	17	120	72	144	2	196
263	2	17	122	72	144	2	209
263	2	17	123	72	144	2	230
263	2	17	129	72	144	3	174
263	2	17	130	72	144	2	182
263	2	17	132	72	144	2	182
263	2	17	133	72	144	3	174
263	2	17	139	72	144	2	230
263	2	17	140	72	144	2	209
263	2	17	142	72	144	2	196
263	2	18	0	72	144	2	182
263	2	18	2	72	144	2	182
263	2	18	3	72	144	3	174
263	2	18	9	72	144	2	230
263	2	18	10	72	144	2	209
263	2	18	12	72	144	2	196
263	2	18	14	72	144	3	75
263	2	18	15	72	144	2	1
263	2	18	16	72	144	2	61
263	2	18	21	72	144	2	217
263	2	18	26	72	144	2	122
263	2	18	30	72	144	2	216
263	2	18	32	72	144	2	198
263	2	18	37	72	144	3	inf
263	2	18	42	72	144	2	65
263	2	18	44	72	144	2	47
263	2	18	48	72	144	2	141
263	2	18	53	72	144	2	46
263	2	18	58	72	144	2	202
263	2	18	59	72	144	2	262
263	2	18	60	72	144	3	188
263	2	18	62	72	144	2	67
263	2	18	64	72	144	2	54
263	2	18	65	72	144	2	33
263	2	18	70	72	144	3	inf
263	2	18	71	72	144	3	89
263	2	18	72	72	144	3	inf
263	2	18	74	72	144	2	81
263	2	18	75	72	144	3	89
263	2	18	81	72	144	2	33
263	2	18	82	72	144	2	54
263	2	18	84	72	144	2	67
263	2	18	86	72	144	3	188
263	2	18	87	72	144	2	262
263	2	18	88	72	144	2	202
263	2	18	93	72	144	2	46
263	2	18	98	72	144	2	141
263	2	18	102	72	144	2	47
263	2	18	104	72	144	2	65
263	2	18	109	72	144	3	inf
263	2	18	114	72	144	2	198
263	2	18	116	72	144	2	216
263	2	18	120	72	144	2	122
263	2	18	125	72	144	2	217
263	2	18	130	72	144	2	61
263	2	18	131	72	144	2	1
263	2	18	132	72	144	3	75
263	2	18	134	72	144	2	196
263	2	18	136	72	144	2	209
263	2	18	137	72	144	2	230
263	2	18	143	72	144	3	174
263	2	19	0	72	144	2	61
263	2	19	1	72	144	2	1
263	2	19	2	72	144	3	75
263	2	19	4	72	144	2	196
263	2	19	6	72	144	2	209
263	2	19	7	72	144	2	230
263	2	19	13	72	144	3	174
263	2	19	14	72	144	2	182
263	2	19	16	72	144	2	182
263	2	19	17	72	144	3	174
263	2	19	23	72	144	2	230
263	2	19	24	72	144	2	209
263	2	19	26	72	144	2	196
263	2	19	28	72	144	3	75
263	2	19	29	72	144	2	1
263	2	19	30	72	144	2	61
263	2	19	35	72	144	2	217
263	2	19	40	72	144	2	122
263	2	19	44	72	144	2	216
263	2	19	46	72	144	2	198
263	2	19	51	72	144	3	inf
263	2	19	56	72	144	2	65
263	2	19	58	72	144	2	47
263	2	19	62	72	144	2	141
263	2	19	67	72	144	2	46
263	2	19	72	72	144	2	202
263	2	19	73	72	144	2	262
263	2	19	74	72	144	3	188
263	2	19	76	72	144	2	67
263	2	19	78	72	144	2	54
263	2	19	79	72	144	2	33
263	2	19	84	72	144	3	inf
263	2	19	85	72	144	3	89
263	2	19	86	72	144	3	inf
263	2	19	88	72	144	2	81
263	2	19	89	72	144	3	89
263	2	19	95	72	144	2	33
263	2	19	96	72	144	2	54
263	2	19	98	72	144	2	67
263	2	19	100	72	144	3	188
263	2	19	101	72	144	2	262
263	2	19	102	72	144	2	202
263	2	19	107	72	144	2	46
263	2	19	112	72	144	2	141
263	2	19	116	72	144	2	47
263	2	19	118	72	144	2	65
263	2	19	123	72	144	3	inf
263	2	19	128	72	144	2	198
263	2	19	130	72	144	2	216
263	2	19	134	72	144	2	122
263	2	19	139	72	144	2	217
263	2	20	0	72	144	2	216
263	2	20	4	72	144	2	122
263	2	20	9	72	144	2	217
263	2	20	14	72	144	2	61
263	2	20	15	72	144	2	1
263	2	20	16	72	144	3	75
263	2	20	18	72	144	2	196
263	2	20	20	72	144	2	209
263	2	20	21	72	144	2	230
263	2	20	27	72	144	3	174
263	2	20	28	72	144	2	182
263	2	20	30	72	144	2	182
263	2	20	31	72	144	3	174
263	2	20	37	72	144	2	230
263	2	20	38	72	144	2	209
263	2	20	40	72	144	2	196
263	2	20	42	72	144	3	75
263	2	20	43	72	144	2	1
263	2	20	44	72	144	2	61
263	2	20	49	72	144	2	217
263	2	20	54	72	144	2	122
263	2	20	58	72	144	2	216
263	2	20	60	72	144	2	198
263	2	20	65	72	144	3	inf
263	2	20	70	72	144	2	65
263	2	20	72	72	144	2	47
263	2	20	76	72	144	2	141
263	2	20	81	72	144	2	46
263	2	20	86	72	144	2	202
263	2	20	87	72	144	2	262
263	2	20	88	72	144	3	188
263	2	20	90	72	144	2	67
263	2	20	92	72	144	2	54
263	2	20	93	72	144	2	33
263	2	20	98	72	144	3	inf
263	2	20	99	72	144	3	89
263	2	20	100	72	144	3	inf
263	2	20	102	72	144	2	81
263	2	20	103	72	144	3	89
263	2	20	109	72	144	2	33
263	2	20	110	72	144	2	54
263	2	20	112	72	144	2	67
263	2	20	114	72	144	3	188
263	2	20	115	72	144	2	262
263	2	20	116	72	144	2	202
263	2	20	121	72	144	2	46
263	2	20	126	72	144	2	141
263	2	20	130	72	144	2	47
263	2	20	132	72	144	2	65
263	2	20	137	72	144	3	inf
263	2	20	142	72	144	2	198
263	2	21	0	72	144	2	47
263	2	21	2	72	144	2	65
263	2	21	7	72	144	3	inf
263	2	21	12	72	144	2	198
263	2	21	14	72	144	2	216
263	2	21	18	72	144	2	122
263	2	21	23	72	144	2	217
263	2	21	28	72	144	2	61
263	2	21	29	72	144	2	1
263	2	21	30	72	144	3	75
263	2	21	32	72	144	2	196
263	2	21	34	72	144	2	209
263	2	21	35	72	144	2	230
263	2	21	41	72	144	3	174
263	2	21	42	72	144	2	182
263	2	21	44	72	144	2	182
263	2	21	45	72	144	3	174
263	2	21	51	72	144	2	230
263	2	21	52	72	144	2	209
263	2	21	54	72	144	2	196
263	2	21	56	72	144	3	75
263	2	21	57	72	144	2	1
263	2	21	58	72	144	2	61
263	2	21	63	72	144	2	217
263	2	21	68	72	144	2	122
263	2	21	72	72	144	2	216
263	2	21	74	72	144	2	198
263	2	21	79	72	144	3	inf
263	2	21	84	72	144	2	65
263	2	21	86	72	144	2	47
263	2	21	90	72	144	2	141
263	2	21	95	72	144	2	46
263	2	21	100	72	144	2	202
263	2	21	101	72	144	2	262
263	2	21	102	72	144	3	188
263	2	21	104	72	144	2	67
263	2	21	106	72	144	2	54
263	2	21	107	72	144	2	33
263	2	21	112	72	144	3	inf
263	2	21	113	72	144	3	89
263	2	21	114	72	144	3	inf
263	2	21	116	72	144	2	81
263	2	21	117	72	144	3	89
263	2	21	123	72	144	2	33
263	2	21	124	72	144	2	54
263	2	21	126	72	144	2	67
263	2	21	128	72	144	3	188
263	2	21	129	72	144	2	262
263	2	21	130	72	144	2	202
263	2	21	135	72	144	2	46
263	2	21	140	72	144	2	141
263	2	22	0	72	144	2	202
263	2	22	5	72	144	2	46
263	2	22	10	72	144	2	141
263	2	22	14	72	144	2	47
263	2	22	16	72	144	2	65
263	2	22	21	72	144	3	inf
263	2	22	26	72	144	2	198
263	2	22	28	72	144	2	216
263	2	22	32	72	144	2	122
263	2	22	37	72	144	2	217
263	2	22	42	72	144	2	61
263	2	22	43	72	144	2	1
263	2	22	44	72	144	3	75
263	2	22	46	72	144	2	196
263	2	22	48	72	144	2	209
263	2	22	49	72	144	2	230
263	2	22	55	72	144	3	174
263	2	22	56	72	144	2	182
263	2	22	58	72	144	2	182
263	2	22	59	72	144	3	174
263	2	22	65	72	144	2	230
263	2	22	66	72	144	2	209
263	2	22	68	72	144	2	196
263	2	22	70	72	144	3	75
263	2	22	71	72	144	2	1
263	2	22	72	72	144	2	61
263	2	22	77	72	144	2	217
263	2	22	82	72	144	2	122
263	2	22	86	72	144	2	216
263	2	22	88	72	144	2	198
263	2	22	93	72	144	3	inf
263	2	22	98	72	144	2	65
263	2	22	100	72	144	2	47
263	2	22	104	72	144	2	141
263	2	22	109	72	144	2	46
263	2	22	114	72	144	2	202
263	2	22	115	72	144	2	262
263	2	22	116	72	144	3	188
263	2	22	118	72	144	2	67
263	2	22	120	72	144	2	54
263	2	22	121	72	144	2	33
263	2	22	126	72	144	3	inf
263	2	22	127	72	144	3	89
263	2	22	128	72	144	3	inf
263	2	22	130	72	144	2	81
263	2	22	131	72	144	3	89
263	2	22	137	72	144	2	33
263	2	22	138	72	144	2	54
263	2	22	140	72	144	2	67
263	2	22	142	72	144	3	188
263	2	22	143	72	144	2	262
263	2	23	0	72	144	2	81
263	2	23	1	72	144	3	89
263	2	23	7	72	144	2	33
263	2	23	8	72	144	2	54
263	2	23	10	72	144	2	67
263	2	23	12	72	144	3	188
263	2	23	13	72	144	2	262
263	2	23	14	72	144	2	202
263	2	23	19	72	144	2	46
263	2	23	24	72	144	2	141
263	2	23	28	72	144	2	47
263	2	23	30	72	144	2	65
263	2	23	35	72	144	3	inf
263	2	23	40	72	144	2	198
263	2	23	42	72	144	2	216
263	2	23	46	72	144	2	122
263	2	23	51	72	144	2	217
263	2	23	56	72	144	2	61
263	2	23	57	72	144	2	1
263	2	23	58	72	144	3	75
263	2	23	60	72	144	2	196
263	2	23	62	72	144	2	209
263	2	23	63	72	144	2	230
263	2	23	69	72	144	3	174
263	2	23	70	72	144	2	182
263	2	23	72	72	144	2	182
263	2	23	73	72	144	3	174
263	2	23	79	72	144	2	230
263	2	23	80	72	144	2	209
263	2	23	82	72	144	2	196
263	2	23	84	72	144	3	75
263	2	23	85	72	144	2	1
263	2	23	86	72	144	2	61
263	2	23	91	72	144	2	217
263	2	23	96	72	144	2	122
263	2	23	100	72	144	2	216
263	2	23	102	72	144	2	198
263	2	23	107	72	144	3	inf
263	2	23	112	72	144	2	65
263	2	23	114	72	144	2	47
263	2	23	118	72	144	2	141
263	2	23	123	72	144	2	46
263	2	23	128	72	144	2	202
263	2	23	129	72	144	2	262
263	2	23	130	72	144	3	188
263	2	23	132	72	144	2	67
263	2	23	134	72	144	2	54
263	2	23	135	72	144	2	33
263	2	23	140	72	144	3	inf
263	2	23	141	72	144	3	89
263	2	23	142	72	144	3	inf
263	2	24	0	72	144	3	188
263	2	24	2	72	144	2	67
263	2	24	4	72	144	2	54
263	2	24	5	72	144	2	33
263	2	24	10	72	144	3	inf
263	2	24	11	72	144	3	89
263	2	24	12	72	144	3	inf
263	2	24	14	72	144	2	81
263	2	24	15	72	144	3	89
263	2	24	21	72	144	2	33
263	2	24	22	72	144	2	54
263	2	24	24	72	144	2	67
263	2	24	26	72	144	3	188
263	2	24	27	72	144	2	262
263	2	24	28	72	144	2	202
263	2	24	33	72	144	2	46
263	2	24	38	72	144	2	141
263	2	24	42	72	144	2	47
263	2	24	44	72	144	2	65
263	2	24	49	72	144	3	inf
263	2	24	54	72	144	2	198
263	2	24	56	72	144	2	216
263	2	24	60	72	144	2	122
263	2	24	65	72	144	2	217
263	2	24	70	72	144	2	61
263	2	24	71	72	144	2	1
263	2	24	72	72	144	3	75
263	2	24	74	72	144	2	196
263	2	24	76	72	144	2	209
263	2	24	77	72	144	2	230
263	2	24	83	72	144	3	174
263	2	24	84	72	144	2	182
263	2	24	86	72	144	2	182
263	2	24	87	72	144	3	174
263	2	24	93	72	144	2	230
263	2	24	94	72	144	2	209
263	2	24	96	72	144	2	196
263	2	24	98	72	144	3	75
263	2	24	99	72	144	2	1
263	2	24	100	72	144	2	61
263	2	24	105	72	144	2	217
263	2	24	110	72	144	2	122
263	2	24	114	72	144	2	216
263	2	24	116	72	144	2	198
263	2	24	121	72	144	3	inf
263	2	24	126	72	144	2	65
263	2	24	128	72	144	2	47
263	2	24	132	72	144	2	141
263	2	24	137	72	144	2	46
263	2	24	142	72	144	2	202
263	2	24	143	72	144	2	262
263	2	25	2	72	144	2	141
263	2	25	7	72	144	2	46
263	2	25	12	72	144	2	202
263	2	25	13	72	144	2	262
263	2	25	14	72	144	3	188
263	2	25	16	72	144	2	67
263	2	25	18	72	144	2	54
263	2	25	19	72	144	2	33
263	2	25	24	72	144	3	inf
263	2	25	25	72	144	3	89
263	2	25	26	72	144	3	inf
263	2	25	28	72	144	2	81
263	2	25	29	72	144	3	89
263	2	25	35	72	144	2	33
263	2	25	36	72	144	2	54
263	2	25	38	72	144	2	67
263	2	25	40	72	144	3	188
263	2	25	41	72	144	2	262
263	2	25	42	72	144	2	202
263	2	25	47	72	144	2	46
263	2	25	52	72	144	2	141
263	2	25	56	72	144	2	47
263	2	25	58	72	144	2	65
263	2	25	63	72	144	3	inf
263	2	25	68	72	144	2	198
263	2	25	70	72	144	2	216
263	2	25	74	72	144	2	122
263	2	25	79	72	144	2	217
263	2	25	84	72	144	2	61
263	2	25	85	72	144	2	1
263	2	25	86	72	144	3	75
263	2	25	88	72	144	2	196
263	2	25	90	72	144	2	209
263	2	25	91	72	144	2	230
263	2	25	97	72	144	3	174
263	2	25	98	72	144	2	182
263	2	25	100	72	144	2	182
263	2	25	101	72	144	3	174
263	2	25	107	72	144	2	230
263	2	25	108	72	144	2	209
263	2	25	110	72	144	2	196
263	2	25	112	72	144	3	75
263	2	25	113	72	144	2	1
263	2	25	114	72	144	2	61
263	2	25	119	72	144	2	217
263	2	25	124	72	144	2	122
263	2	25	128	72	144	2	216
263	2	25	130	72	144	2	198
263	2	25	135	72	144	3	inf
263	2	25	140	72	144	2	65
263	2	25	142	72	144	2	47
263	2	26	0	72	144	2	198
263	2	26	5	72	144	3	inf
263	2	26	10	72	144	2	65
263	2	26	12	72	144	2	47
263	2	26	16	72	144	2	141
263	2	26	21	72	144	2	46
263	2	26	26	72	144	2	202
263	2	26	27	72	144	2	262
263	2	26	28	72	144	3	188
263	2	26	30	72	144	2	67
263	2	26	32	72	144	2	54
263	2	26	33	72	144	2	33
263	2	26	38	72	144	3	inf
263	2	26	39	72	144	3	89
263	2	26	40	72	144	3	inf
263	2	26	42	72	144	2	81
263	2	26	43	72	144	3	89
263	2	26	49	72	144	2	33
263	2	26	50	72	144	2	54
263	2	26	52	72	144	2	67
263	2	26	54	72	144	3	188
263	2	26	55	72	144	2	262
263	2	26	56	72	144	2	202
263	2	26	61	72	144	2	46
263	2	26	66	72	144	2	141
263	2	26	70	72	144	2	47
263	2	26	72	72	144	2	65
263	2	26	77	72	144	3	inf
263	2	26	82	72	144	2	198
263	2	26	84	72	144	2	216
263	2	26	88	72	144	2	122
263	2	26	93	72	144	2	217
263	2	26	98	72	144	2	61
263	2	26	99	72	144	2	1
263	2	26	100	72	144	3	75
263	2	26	102	72	144	2	196
263	2	26	104	72	144	2	209
263	2	26	105	72	144	2	230
263	2	26	111	72	144	3	174
263	2	26	112	72	144	2	182
263	2	26	114	72	144	2	182
263	2	26	115	72	144	3	174
263	2	26	121	72	144	2	230
263	2	26	122	72	144	2	209
263	2	26	124	72	144	2	196
263	2	26	126	72	144	3	75
263	2	26	127	72	144	2	1
263	2	26	128	72	144	2	61
263	2	26	133	72	144	2	217
263	2	26	138	72	144	2	122
263	2	26	142	72	144	2	216
263	2	27	3	72	144	2	217
263	2	27	8	72	144	2	122
263	2	27	12	72	144	2	216
263	2	27	14	72	144	2	198
263	2	27	19	72	144	3	inf
263	2	27	24	72	144	2	65
263	2	27	26	72	144	2	47
263	2	27	30	72	144	2	141
263	2	27	35	72	144	2	46
263	2	27	40	72	144	2	202
263	2	27	41	72	144	2	262
263	2	27	42	72	144	3	188
263	2	27	44	72	144	2	67
263	2	27	46	72	144	2	54
263	2	27	47	72	144	2	33
263	2	27	52	72	144	3	inf
263	2	27	53	72	144	3	89
263	2	27	54	72	144	3	inf
263	2	27	56	72	144	2	81
263	2	27	57	72	144	3	89
263	2	27	63	72	144	2	33
263	2	27	64	72	144	2	54
263	2	27	66	72	144	2	67
263	2	27	68	72	144	3	188
263	2	27	69	72	144	2	262
263	2	27	70	72	144	2	202
263	2	27	75	72	144	2	46
263	2	27	80	72	144	2	141
263	2	27	84	72	144	2	47
263	2	27	86	72	144	2	65
263	2	27	91	72	144	3	inf
263	2	27	96	72	144	2	198
263	2	27	98	72	144	2	216
263	2	27	102	72	144	2	122
263	2	27	107	72	144	2	217
263	2	27	112	72	144	2	61
263	2	27	113	72	144	2	1
263	2	27	114	72	144	3	75
263	2	27	116	72	144	2	196
263	2	27	118	72	144	2	209
263	2	27	119	72	144	2	230
263	2	27	125	72	144	3	174
263	2	27	126	72	144	2	182
263	2	27	128	72	144	2	182
263	2	27	129	72	144	3	174
263	2	27	135	72	144	2	230
263	2	27	136	72	144	2	209
263	2	27	138	72	144	2	196
263	2	27	140	72	144	3	75
263	2	27	141	72	144	2	1
263	2	27	142	72	144	2	61
263	2	28	5	72	144	2	230
263	2	28	6	72	144	2	209
263	2	28	8	72	144	2	196
263	2	28	10	72	144	3	75
263	2	28	11	72	144	2	1
263	2	28	12	72	144	2	61
263	2	28	17	72	144	2	217
263	2	28	22	72	144	2	122
263	2	28	26	72	144	2	216
263	2	28	28	72	144	2	198
263	2	28	33	72	144	3	inf
263	2	28	38	72	144	2	65
263	2	28	40	72	144	2	47
263	2	28	44	72	144	2	141
263	2	28	49	72	144	2	46
263	2	28	54	72	144	2	202
263	2	28	55	72	144	2	262
263	2	28	56	72	144	3	188
263	2	28	58	72	144	2	67
263	2	28	60	72	144	2	54
263	2	28	61	72	144	2	33
263	2	28	66	72	144	3	inf
263	2	28	67	72	144	3	89
263	2	28	68	72	144	3	inf
263	2	28	70	72	144	2	81
263	2	28	71	72	144	3	89
263	2	28	77	72	144	2	33
263	2	28	78	72	144	2	54
263	2	28	80	72	144	2	67
263	2	28	82	72	144	3	188
263	2	28	83	72	144	2	262
263	2	28	84	72	144	2	202
263	2	28	89	72	144	2	46
263	2	28	94	72	144	2	141
263	2	28	98	72	144	2	47
263	2	28	100	72	144	2	65
263	2	28	105	72	144	3	inf
263	2	28	110	72	144	2	198
263	2	28	112	72	144	2	216
263	2	28	116	72	144	2	122
263	2	28	121	72	144	2	217
263	2	28	126	72	144	2	61
263	2	28	127	72	144	2	1
263	2	28	128	72	144	3	75
263	2	28	130	72	144	2	196
263	2	28	132	72	144	2	209
263	2	28	133	72	144	2	230
263	2	28	139	72	144	3	174
263	2	28	140	72	144	2	182
263	2	28	142	72	144	2	182
263	2	28	143	72	144	3	174
263	2	29	0	72	144	2	196
263	2	29	2	72	144	2	209
263	2	29	3	72	144	2	230
263	2	29	9	72	144	3	174
263	2	29	10	72	144	2	182
263	2	29	12	72	144	2	182
263	2	29	13	72	144	3	174
263	2	29	19	72	144	2	230
263	2	29	20	72	144	2	209
263	2	29	22	72	144	2	196
263	2	29	24	72	144	3	75
263	2	29	25	72	144	2	1
263	2	29	26	72	144	2	61
263	2	29	31	72	144	2	217
263	2	29	36	72	144	2	122
263	2	29	40	72	144	2	216
263	2	29	42	72	144	2	198
263	2	29	47	72	144	3	inf
263	2	29	52	72	144	2	65
263	2	29	54	72	144	2	47
263	2	29	58	72	144	2	141
263	2	29	63	72	144	2	46
263	2	29	68	72	144	2	202
263	2	29	69	72	144	2	262
263	2	29	70	72	144	3	188
263	2	29	72	72	144	2	67
263	2	29	74	72	144	2	54
263	2	29	75	72	144	2	33
263	2	29	80	72	144	3	inf
263	2	29	81	72	144	3	89
263	2	29	82	72	144	3	inf
263	2	29	84	72	144	2	81
263	2	29	85	72	144	3	89
263	2	29	91	72	144	2	33
263	2	29	92	72	144	2	54
263	2	29	94	72	144	2	67
263	2	29	96	72	144	3	188
263	2	29	97	72	144	2	262
263	2	29	98	72	144	2	202
263	2	29	103	72	144	2	46
263	2	29	108	72	144	2	141
263	2	29	112	72	144	2	47
263	2	29	114	72	144	2	65
263	2	29	119	72	144	3	inf
263	2	29	124	72	144	2	198
263	2	29	126	72	144	2	216
263	2	29	130	72	144	2	122
263	2	29	135	72	144	2	217
263	2	29	140	72	144	2	61
263	2	29	141	72	144	2	1
263	2	29	142	72	144	3	75
263	2	30	0	72	144	2	122
263	2	30	5	72	144	2	217
263	2	30	10	72	144	2	61
263	2	30	11	72	144	2	1
263	2	30	12	72	144	3	75
263	2	30	14	72	144	2	196
263	2	30	16	72	144	2	209
263	2	30	17	72	144	2	230
263	2	30	23	72	144	3	174
263	2	30	24	72	144	2	182
263	2	30	26	72	144	2	182
263	2	30	27	72	144	3	174
263	2	30	33	72	144	2	230
263	2	30	34	72	144	2	209
263	2	30	36	72	144	2	196
263	2	30	38	72	144	3	75
263	2	30	39	72	144	2	1
263	2	30	40	72	144	2	61
263	2	30	45	72	144	2	217
263	2	30	50	72	144	2	122
263	2	30	54	72	144	2	216
263	2	30	56	72	144	2	198
263	2	30	61	72	144	3	inf
263	2	30	66	72	144	2	65
263	2	30	68	72	144	2	47
263	2	30	72	72	144	2	141
263	2	30	77	72	144	2	46
263	2	30	82	72	144	2	202
263	2	30	83	72	144	2	262
263	2	30	84	72	144	3	188
263	2	30	86	72	144	2	67
263	2	30	88	72	144	2	54
263	2	30	89	72	144	2	33
263	2	30	94	72	144	3	inf
263	2	30	95	72	144	3	89
263	2	30	96	72	144	3	inf
263	2	30	98	72	144	2	81
263	2	30	99	72	144	3	89
263	2	30	105	72	144	2	33
263	2	30	106	72	144	2	54
263	2	30	108	72	144	2	67
263	2	30	110	72	144	3	188
263	2	30	111	72	144	2	262
263	2	30	112	72	144	2	202
263	2	30	117	72	144	2	46
263	2	30	122	72	144	2	141
263	2	30	126	72	144	2	47
263	2	30	128	72	144	2	65
263	2	30	133	72	144	3	inf
263	2	30	138	72	144	2	198
263	2	30	140	72	144	2	216
263	2	31	3	72	144	3	inf
263	2	31	8	72	144	2	198
263	2	31	10	72	144	2	216
263	2	31	14	72	144	2	122
263	2	31	19	72	144	2	217
263	2	31	24	72	144	2	61
263	2	31	25	72	144	2	1
263	2	31	26	72	144	3	75
263	2	31	28	72	144	2	196
263	2	31	30	72	144	2	209
263	2	31	31	72	144	2	230
263	2	31	37	72	144	3	174
263	2	31	38	72	144	2	182
263	2	31	40	72	144	2	182
263	2	31	41	72	144	3	174
263	2	31	47	72	144	2	230
263	2	31	48	72	144	2	209
263	2	31	50	72	144	2	196
263	2	31	52	72	144	3	75
263	2	31	53	72	144	2	1
263	2	31	54	72	144	2	61
263	2	31	59	72	144	2	217
263	2	31	64	72	144	2	122
263	2	31	68	72	144	2	216
263	2	31	70	72	144	2	198
263	2	31	75	72	144	3	inf
263	2	31	80	72	144	2	65
263	2	31	82	72	144	2	47
263	2	31	86	72	144	2	141
263	2	31	91	72	144	2	46
263	2	31	96	72	144	2	202
263	2	31	97	72	144	2	262
263	2	31	98	72	144	3	188
263	2	31	100	72	144	2	67
263	2	31	102	72	144	2	54
263	2	31	103	72	144	2	33
263	2	31	108	72	144	3	inf
263	2	31	109	72	144	3	89
263	2	31	110	72	144	3	inf
263	2	31	112	72	144	2	81
263	2	31	113	72	144	3	89
263	2	31	119	72	144	2	33
263	2	31	120	72	144	2	54
263	2	31	122	72	144	2	67
263	2	31	124	72	144	3	188
263	2	31	125	72	144	2	262
263	2	31	126	72	144	2	202
263	2	31	131	72	144	2	46
263	2	31	136	72	144	2	141
263	2	31	140	72	144	2	47
263	2	31	142	72	144	2	65
263	2	32	1	72	144	2	46
263	2	32	6	72	144	2	141
263	2	32	10	72	144	2	47
263	2	32	12	72	144	2	65
263	2	32	17	72	144	3	inf
263	2	32	22	72	144	2	198
263	2	32	24	72	144	2	216
263	2	32	28	72	144	2	122
263	2	32	33	72	144	2	217
263	2	32	38	72	144	2	61
263	2	32	39	72	144	2	1
263	2	32	40	72	144	3	75
263	2	32	42	72	144	2	196
263	2	32	44	72	144	2	209
263	2	32	45	72	144	2	230
263	2	32	51	72	144	3	174
263	2	32	52	72	144	2	182
263	2	32	54	72	144	2	182
263	2	32	55	72	144	3	174
263	2	32	61	72	144	2	230
263	2	32	62	72	144	2	209
263	2	32	64	72	144	2	196
263	2	32	66	72	144	3	75
263	2	32	67	72	144	2	1
263	2	32	68	72	144	2	61
263	2	32	73	72	144	2	217
263	2	32	78	72	144	2	122
263	2	32	82	72	144	2	216
263	2	32	84	72	144	2	198
263	2	32	89	72	144	3	inf
263	2	32	94	72	144	2	65
263	2	32	96	72	144	2	47
263	2	32	100	72	144	2	141
263	2	32	105	72	144	2	46
263	2	32	110	72	144	2	202
263	2	32	111	72	144	2	262
263	2	32	112	72	144	3	188
263	2	32	114	72	144	2	67
263	2	32	116	72	144	2	54
263	2	32	117	72	144	2	33
263	2	32	122	72	144	3	inf
263	2	32	123	72	144	3	89
263	2	32	124	72	144	3	inf
263	2	32	126	72	144	2	81
263	2	32	127	72	144	3	89
263	2	32	133	72	144	2	33
263	2	32	134	72	144	2	54
263	2	32	136	72	144	2	67
263	2	32	138	72	144	3	188
263	2	32	139	72	144	2	262
263	2	32	140	72	144	2	202
263	2	33	3	72	144	2	33
263	2	33	4	72	144	2	54
263	2	33	6	72	144	2	67
263	2	33	8	72	144	3	188
263	2	33	9	72	144	2	262
263	2	33	10	72	144	2	202
263	2	33	15	72	144	2	46
263	2	33	20	72	144	2	141
263	2	33	24	72	144	2	47
263	2	33	26	72	144	2	65
263	2	33	31	72	144	3	inf
263	2	33	36	72	144	2	198
263	2	33	38	72	144	2	216
263	2	33	42	72	144	2	122
263	2	33	47	72	144	2	217
263	2	33	52	72	144	2	61
263	2	33	53	72	144	2	1
263	2	33	54	72	144	3	75
263	2	33	56	72	144	2	196
263	2	33	58	72	144	2	209
263	2	33	59	72	144	2	230
263	2	33	65	72	144	3	174
263	2	33	66	72	144	2	182
263	2	33	68	72	144	2	182
263	2	33	69	72	144	3	174
263	2	33	75	72	144	2	230
263	2	33	76	72	144	2	209
263	2	33	78	72	144	2	196
263	2	33	80	72	144	3	75
263	2	33	81	72	144	2	1
263	2	33	82	72	144	2	61
263	2	33	87	72	144	2	217
263	2	33	92	72	144	2	122
263	2	33	96	72	144	2	216
263	2	33	98	72	144	2	198
263	2	33	103	72	144	3	inf
263	2	33	108	72	144	2	65
263	2	33	110	72	144	2	47
263	2	33	114	72	144	2	141
263	2	33	119	72	144	2	46
263	2	33	124	72	144	2	202
263	2	33	125	72	144	2	262
263	2	33	126	72	144	3	188
263	2	33	128	72	144	2	67
263	2	33	130	72	144	2	54
263	2	33	131	72	144	2	33
263	2	33	136	72	144	3	inf
263	2	33	137	72	144	3	89
263	2	33	138	72	144	3	inf
263	2	33	140	72	144	2	81
263	2	33	141	72	144	3	89
263	2	34	0	72	144	2	54
263	2	34	1	72	144	2	33
263	2	34	6	72	144	3	inf
263	2	34	7	72	144	3	89
263	2	34	8	72	144	3	inf
263	2	34	10	72	144	2	81
263	2	34	11	72	144	3	89
263	2	34	17	72	144	2	33
263	2	34	18	72	144	2	54
263	2	34	20	72	144	2	67
263	2	34	22	72	144	3	188
263	2	34	23	72	144	2	262
263	2	34	24	72	144	2	202
263	2	34	29	72	144	2	46
263	2	34	34	72	144	2	141
263	2	34	38	72	144	2	47
263	2	34	40	72	144	2	65
263	2	34	45	72	144	3	inf
263	2	34	50	72	144	2	198
263	2	34	52	72	144	2	216
263	2	34	56	72	144	2	122
263	2	34	61	72	144	2	217
263	2	34	66	72	144	2	61
263	2	34	67	72	144	2	1
263	2	34	68	72	144	3	75
263	2	34	70	72	144	2	196
263	2	34	72	72	144	2	209
263	2	34	73	72	144	2	230
263	2	34	79	72	144	3	174
263	2	34	80	72	144	2	182
263	2	34	82	72	144	2	182
263	2	34	83	72	144	3	174
263	2	34	89	72	144	2	230
263	2	34	90	72	144	2	209
263	2	34	92	72	144	2	196
263	2	34	94	72	144	3	75
263	2	34	95	72	144	2	1
263	2	34	96	72	144	2	61
263	2	34	101	72	144	2	217
263	2	34	106	72	144	2	122
263	2	34	110	72	144	2	216
263	2	34	112	72	144	2	198
263	2	34	117	72	144	3	inf
263	2	34	122	72	144	2	65
263	2	34	124	72	144	2	47
263	2	34	128	72	144	2	141
263	2	34	133	72	144	2	46
263	2	34	138	72	144	2	202
263	2	34	139	72	144	2	262
263	2	34	140	72	144	3	188
263	2	34	142	72	144	2	67
263	2	35	3	72	144	2	46
263	2	35	8	72	144	2	202
263	2	35	9	72	144	2	262
263	2	35	10	72	144	3	188
263	2	35	12	72	144	2	67
263	2	35	14	72	144	2	54
263	2	35	15	72	144	2	33
263	2	35	20	72	144	3	inf
263	2	35	21	72	144	3	89
263	2	35	22	72	144	3	inf
263	2	35	24	72	144	2	81
263	2	35	25	72	144	3	89
263	2	35	31	72	144	2	33
263	2	35	32	72	144	2	54
263	2	35	34	72	144	2	67
263	2	35	36	72	144	3	188
263	2	35	37	72	144	2	262
263	2	35	38	72	144	2	202
263	2	35	43	72	144	2	46
263	2	35	48	72	144	2	141
263	2	35	52	72	144	2	47
263	2	35	54	72	144	2	65
263	2	35	59	72	144	3	inf
263	2	35	64	72	144	2	198
263	2	35	66	72	144	2	216
263	2	35	70	72	144	2	122
263	2	35	75	72	144	2	217
263	2	35	80	72	144	2	61
263	2	35	81	72	144	2	1
263	2	35	82	72	144	3	75
263	2	35	84	72	144	2	196
263	2	35	86	72	144	2	209
263	2	35	87	72	144	2	230
263	2	35	93	72	144	3	174
263	2	35	94	72	144	2	182
263	2	35	96	72	144	2	182
263	2	35	97	72	144	3	174
263	2	35	103	72	144	2	230
263	2	35	104	72	144	2	209
263	2	35	106	72	144	2	196
263	2	35	108	72	144	3	75
263	2	35	109	72	144	2	1
263	2	35	110	72	144	2	61
263	2	35	115	72	144	2	217
263	2	35	120	72	144	2	122
263	2	35	124	72	144	2	216
263	2	35	126	72	144	2	198
263	2	35	131	72	144	3	inf
263	2	35	136	72	144	2	65
263	2	35	138	72	144	2	47
263	2	35	142	72	144	2	141
263	2	36	1	72	144	3	inf
263	2	36	6	72	144	2	65
263	2	36	8	72	144	2	47
263	2	36	12	72	144	2	141
263	2	36	17	72	144	2	46
263	2	36	22	72	144	2	202
263	2	36	23	72	144	2	262
263	2	36	24	72	144	3	188
263	2	36	26	72	144	2	67
263	2	36	28	72	144	2	54
263	2	36	29	72	144	2	33
263	2	36	34	72	144	3	inf
263	2	36	35	72	144	3	89
263	2	36	36	72	144	3	inf
263	2	36	38	72	144	2	81
263	2	36	39	72	144	3	89
263	2	36	45	72	144	2	33
263	2	36	46	72	144	2	54
263	2	36	48	72	144	2	67
263	2	36	50	72	144	3	188
263	2	36	51	72	144	2	262
263	2	36	52	72	144	2	202
263	2	36	57	72	144	2	46
263	2	36	62	72	144	2	141
263	2	36	66	72	144	2	47
263	2	36	68	72	144	2	65
263	2	36	73	72	144	3	inf
263	2	36	78	72	144	2	198
263	2	36	80	72	144	2	216
263	2	36	84	72	144	2	122
263	2	36	89	72	144	2	217
263	2	36	94	72	144	2	61
263	2	36	95	72	144	2	1
263	2	36	96	72	144	3	75
263	2	36	98	72	144	2	196
263	2	36	100	72	144	2	209
263	2	36	101	72	144	2	230
263	2	36	107	72	144	3	174
263	2	36	108	72	144	2	182
263	2	36	110	72	144	2	182
263	2	36	111	72	144	3	174
263	2	36	117	72	144	2	230
263	2	36	118	72	144	2	209
263	2	36	120	72	144	2	196
263	2	36	122	72	144	3	75
263	2	36	123	72	144	2	1
263	2	36	124	72	144	2	61
263	2	36	129	72	144	2	217
263	2	36	134	72	144	2	122
263	2	36	138	72	144	2	216
263	2	36	140	72	144	2	198
263	2	37	4	72	144	2	122
263	2	37	8	72	144	2	216
263	2	37	10	72	144	2	198
263	2	37	15	72	144	3	inf
263	2	37	20	72	144	2	65
263	2	37	22	72	144	2	47
263	2	37	26	72	144	2	141
263	2	37	31	72	144	2	46
263	2	37	36	72	144	2	202
263	2	37	37	72	144	2	262
263	2	37	38	72	144	3	188
263	2	37	40	72	144	2	67
263	2	37	42	72	144	2	54
263	2	37	43	72	144	2	33
263	2	37	48	72	144	3	inf
263	2	37	49	72	144	3	89
263	2	37	50	72	144	3	inf
263	2	37	52	72	144	2	81
263	2	37	53	72	144	3	89
263	2	37	59	72	144	2	33
263	2	37	60	72	144	2	54
263	2	37	62	72	144	2	67
263	2	37	64	72	144	3	188
263	2	37	65	72	144	2	262
263	2	37	66	72	144	2	202
263	2	37	71	72	144	2	46
263	2	37	76	72	144	2	141
263	2	37	80	72	144	2	47
263	2	37	82	72	144	2	65
263	2	37	87	72	144	3	inf
263	2	37	92	72	144	2	198
263	2	37	94	72	144	2	216
263	2	37	98	72	144	2	122
263	2	37	103	72	144	2	217
263	2	37	108	72	144	2	61
263	2	37	109	72	144	2	1
263	2	37	110	72	144	3	75
263	2	37	112	72	144	2	196
263	2	37	114	72	144	2	209
263	2	37	115	72	144	2	230
263	2	37	121	72	144	3	174
263	2	37	122	72	144	2	182
263	2	37	124	72	144	2	182
263	2	37	125	72	144	3	174
263	2	37	131	72	144	2	230
263	2	37	132	72	144	2	209
263	2	37	134	72	144	2	196
263	2	37	136	72	144	3	75
263	2	37	137	72	144	2	1
263	2	37	138	72	144	2	61
263	2	37	143	72	144	2	217
263	2	38	1	72	144	2	230
263	2	38	2	72	144	2	209
263	2	38	4	72	144	2	196
263	2	38	6	72	144	3	75
263	2	38	7	72	144	2	1
263	2	38	8	72	144	2	61
263	2	38	13	72	144	2	217
263	2	38	18	72	144	2	122
263	2	38	22	72	144	2	216
263	2	38	24	72	144	2	198
263	2	38	29	72	144	3	inf
263	2	38	34	72	144	2	65
263	2	38	36	72	144	2	47
263	2	38	40	72	144	2	141
263	2	38	45	72	144	2	46
263	2	38	50	72	144	2	202
263	2	38	51	72	144	2	262
263	2	38	52	72	144	3	188
263	2	38	54	72	144	2	67
263	2	38	56	72	144	2	54
263	2	38	57	72	144	2	33
263	2	38	62	72	144	3	inf
263	2	38	63	72	144	3	89
263	2	38	64	72	144	3	inf
263	2	38	66	72	144	2	81
263	2	38	67	72	144	3	89
263	2	38	73	72	144	2	33
263	2	38	74	72	144	2	54
263	2	38	76	72	144	2	67
263	2	38	78	72	144	3	188
263	2	38	79	72	144	2	262
263	2	38	80	72	144	2	202
263	2	38	85	72	144	2	46
263	2	38	90	72	144	2	141
263	2	38	94	72	144	2	47
263	2	38	96	72	144	2	65
263	2	38	101	72	144	3	inf
263	2	38	106	72	144	2	198
263	2	38	108	72	144	2	216
263	2	38	112	72	144	2	122
263	2	38	117	72	144	2	217
263	2	38	122	72	144	2	61
263	2	38	123	72	144	2	1
263	2	38	124	72	144	3	75
263	2	38	126	72	144	2	196
263	2	38	128	72	144	2	209
263	2	38	129	72	144	2	230
263	2	38	135	72	144	3	174
263	2	38	136	72	144	2	182
263	2	38	138	72	144	2	182
263	2	38	139	72	144	3	174
263	2	39	5	72	144	3	174
263	2	39	6	72	144	2	182
263	2	39	8	72	144	2	182
263	2	39	9	72	144	3	174
263	2	39	15	72	144	2	230
263	2	39	16	72	144	2	209
263	2	39	18	72	144	2	196
263	2	39	20	72	144	3	75
263	2	39	21	72	144	2	1
263	2	39	22	72	144	2	61
263	2	39	27	72	144	2	217
263	2	39	32	72	144	2	122
263	2	39	36	72	144	2	216
263	2	39	38	72	144	2	198
263	2	39	43	72	144	3	inf
263	2	39	48	72	144	2	65
263	2	39	50	72	144	2	47
263	2	39	54	72	144	2	141
263	2	39	59	72	144	2	46
263	2	39	64	72	144	2	202
263	2	39	65	72	144	2	262
263	2	39	66	72	144	3	188
263	2	39	68	72	144	2	67
263	2	39	70	72	144	2	54
263	2	39	71	72	144	2	33
263	2	39	76	72	144	3	inf
263	2	39	77	72	144	3	89
263	2	39	78	72	144	3	inf
263	2	39	80	72	144	2	81
263	2	39	81	72	144	3	89
263	2	39	87	72	144	2	33
263	2	39	88	72	144	2	54
263	2	39	90	72	144	2	67
263	2	39	92	72	144	3	188
263	2	39	93	72	144	2	262
263	2	39	94	72	144	2	202
263	2	39	99	72	144	2	46
263	2	39	104	72	144	2	141
263	2	39	108	72	144	2	47
263	2	39	110	72	144	2	65
263	2	39	115	72	144	3	inf
263	2	39	120	72	144	2	198
263	2	39	122	72	144	2	216
263	2	39	126	72	144	2	122
263	2	39	131	72	144	2	217
263	2	39	136	72	144	2	61
263	2	39	137	72	144	2	1
263	2	39	138	72	144	3	75
263	2	39	140	72	144	2	196
263	2	39	142	72	144	2	209
263	2	39	143	72	144	2	230
263	2	40	1	72	144	2	217
263	2	40	6	72	144	2	61
263	2	40	7	72	144	2	1
263	2	40	8	72	144	3	75
263	2	40	10	72	144	2	196
263	2	40	12	72	144	2	209
263	2	40	13	72	144	2	230
263	2	40	19	72	144	3	174
263	2	40	20	72	144	2	182
263	2	40	22	72	144	2	182
263	2	40	23	72	144	3	174
263	2	40	29	72	144	2	230
263	2	40	30	72	144	2	209
263	2	40	32	72	144	2	196
263	2	40	34	72	144	3	75
263	2	40	35	72	144	2	1
263	2	40	36	72	144	2	61
263	2	40	41	72	144	2	217
263	2	40	46	72	144	2	122
263	2	40	50	72	144	2	216
263	2	40	52	72	144	2	198
263	2	40	57	72	144	3	inf
263	2	40	62	72	144	2	65
263	2	40	64	72	144	2	47
263	2	40	68	72	144	2	141
263	2	40	73	72	144	2	46
263	2	40	78	72	144	2	202
263	2	40	79	72	144	2	262
263	2	40	80	72	144	3	188
263	2	40	82	72	144	2	67
263	2	40	84	72	144	2	54
263	2	40	85	72	144	2	33
263	2	40	90	72	144	3	inf
263	2	40	91	72	144	3	89
263	2	40	92	72	144	3	inf
263	2	40	94	72	144	2	81
263	2	40	95	72	144	3	89
263	2	40	101	72	144	2	33
263	2	40	102	72	144	2	54
263	2	40	104	72	144	2	67
263	2	40	106	72	144	3	188
263	2	40	107	72	144	2	262
263	2	40	108	72	144	2	202
263	2	40	113	72	144	2	46
263	2	40	118	72	144	2	141
263	2	40	122	72	144	2	47
263	2	40	124	72	144	2	65
263	2	40	129	72	144	3	inf
263	2	40	134	72	144	2	198
263	2	40	136	72	144	2	216
263	2	40	140	72	144	2	122
263	2	41	4	72	144	2	198
263	2	41	6	72	144	2	216
263	2	41	10	72	144	2	122
263	2	41	15	72	144	2	217
263	2	41	20	72	144	2	61
263	2	41	21	72	144	2	1
263	2	41	22	72	144	3	75
263	2	41	24	72	144	2	196
263	2	41	26	72	144	2	209
263	2	41	27	72	144	2	230
263	2	41	33	72	144	3	174
263	2	41	34	72	144	2	182
263	2	41	36	72	144	2	182
263	2	41	37	72	144	3	174
263	2	41	43	72	144	2	230
263	2	41	44	72	144	2	209
263	2	41	46	72	144	2	196
263	2	41	48	72	144	3	75
263	2	41	49	72	144	2	1
263	2	41	50	72	144	2	61
263	2	41	55	72	144	2	217
263	2	41	60	72	144	2	122
263	2	41	64	72	144	2	216
263	2	41	66	72	144	2	198
263	2	41	71	72	144	3	inf
263	2	41	76	72	144	2	65
263	2	41	78	72	144	2	47
263	2	41	82	72	144	2	141
263	2	41	87	72	144	2	46
263	2	41	92	72	144	2	202
263	2	41	93	72	144	2	262
263	2	41	94	72	144	3	188
263	2	41	96	72	144	2	67
263	2	41	98	72	144	2	54
263	2	41	99	72	144	2	33
263	2	41	104	72	144	3	inf
263	2	41	105	72	144	3	89
263	2	41	106	72	144	3	inf
263	2	41	108	72	144	2	81
263	2	41	109	72	144	3	89
263	2	41	115	72	144	2	33
263	2	41	116	72	144	2	54
263	2	41	118	72	144	2	67
263	2	41	120	72	144	3	188
263	2	41	121	72	144	2	262
263	2	41	122	72	144	2	202
263	2	41	127	72	144	2	46
263	2	41	132	72	144	2	141
263	2	41	136	72	144	2	47
263	2	41	138	72	144	2	65
263	2	41	143	72	144	3	inf
263	2	42	2	72	144	2	141
263	2	42	6	72	144	2	47
263	2	42	8	72	144	2	65
263	2	42	13	72	144	3	inf
263	2	42	18	72	144	2	198
263	2	42	20	72	144	2	216
263	2	42	24	72	144	2	122
263	2	42	29	72	144	2	217
263	2	42	34	72	144	2	61
263	2	42	35	72	144	2	1
263	2	42	36	72	144	3	75
263	2	42	38	72	144	2	196
263	2	42	40	72	144	2	209
263	2	42	41	72	144	2	230
263	2	42	47	72	144	3	174
263	2	42	48	72	144	2	182
263	2	42	50	72	144	2	182
263	2	42	51	72	144	3	174
263	2	42	57	72	144	2	230
263	2	42	58	72	144	2	209
263	2	42	60	72	144	2	196
263	2	42	62	72	144	3	75
263	2	42	63	72	144	2	1
263	2	42	64	72	144	2	61
263	2	42	69	72	144	2	217
263	2	42	74	72	144	2	122
263	2	42	78	72	144	2	216
263	2	42	80	72	144	2	198
263	2	42	85	72	144	3	inf
263	2	42	90	72	144	2	65
263	2	42	92	72	144	2	47
263	2	42	96	72	144	2	141
263	2	42	101	72	144	2	46
263	2	42	106	72	144	2	202
263	2	42	107	72	144	2	262
263	2	42	108	72	144	3	188
263	2	42	110	72	144	2	67
263	2	42	112	72	144	2	54
263	2	42	113	72	144	2	33
263	2	42	118	72	144	3	inf
263	2	42	119	72	144	3	89
263	2	42	120	72	144	3	inf
263	2	42	122	72	144	2	81
263	2	42	123	72	144	3	89
263	2	42	129	72	144	2	33
263	2	42	130	72	144	2	54
263	2	42	132	72	144	2	67
263	2	42	134	72	144	3	188
263	2	42	135	72	144	2	262
263	2	42	136	72	144	2	202
263	2	42	141	72	144	2	46
263	2	43	0	72	144	2	54
263	2	43	2	72	144	2	67
263	2	43	4	72	144	3	188
263	2	43	5	72	144	2	262
263	2	43	6	72	144	2	202
263	2	43	11	72	144	2	46
263	2	43	16	72	144	2	141
263	2	43	20	72	144	2	47
263	2	43	22	72	144	2	65
263	2	43	27	72	144	3	inf
263	2	43	32	72	144	2	198
263	2	43	34	72	144	2	216
263	2	43	38	72	144	2	122
263	2	43	43	72	144	2	217
263	2	43	48	72	144	2	61
263	2	43	49	72	144	2	1
263	2	43	50	72	144	3	75
263	2	43	52	72	144	2	196
263	2	43	54	72	144	2	209
263	2	43	55	72	144	2	230
263	2	43	61	72	144	3	174
263	2	43	62	72	144	2	182
263	2	43	64	72	144	2	182
263	2	43	65	72	144	3	174
263	2	43	71	72	144	2	230
263	2	43	72	72	144	2	209
263	2	43	74	72	144	2	196
263	2	43	76	72	144	3	75
263	2	43	77	72	144	2	1
263	2	43	78	72	144	2	61
263	2	43	83	72	144	2	217
263	2	43	88	72	144	2	122
263	2	43	92	72	144	2	216
263	2	43	94	72	144	2	198
263	2	43	99	72	144	3	inf
263	2	43	104	72	144	2	65
263	2	43	106	72	144	2	47
263	2	43	110	72	144	2	141
263	2	43	115	72	144	2	46
263	2	43	120	72	144	2	202
263	2	43	121	72	144	2	262
263	2	43	122	72	144	3	188
263	2	43	124	72	144	2	67
263	2	43	126	72	144	2	54
263	2	43	127	72	144	2	33
263	2	43	132	72	144	3	inf
263	2	43	133	72	144	3	89
263	2	43	134	72	144	3	inf
263	2	43	136	72	144	2	81
263	2	43	137	72	144	3	89
263	2	43	143	72	144	2	33
263	2	44	2	72	144	3	inf
263	2	44	3	72	144	3	89
263	2	44	4	72	144	3	inf
263	2	44	6	72	144	2	81
263	2	44	7	72	144	3	89
263	2	44	13	72	144	2	33
263	2	44	14	72	144	2	54
263	2	44	16	72	144	2	67
263	2	44	18	72	144	3	188
263	2	44	19	72	144	2	262
263	2	44	20	72	144	2	202
263	2	44	25	72	144	2	46
263	2	44	30	72	144	2	141
263	2	44	34	72	144	2	47
263	2	44	36	72	144	2	65
263	2	44	41	72	144	3	inf
263	2	44	46	72	144	2	198
263	2	44	48	72	144	2	216
263	2	44	52	72	144	2	122
263	2	44	57	72	144	2	217
263	2	44	62	72	144	2	61
263	2	44	63	72	144	2	1
263	2	44	64	72	144	3	75
263	2	44	66	72	144	2	196
263	2	44	68	72	144	2	209
263	2	44	69	72	144	2	230
263	2	44	75	72	144	3	174
263	2	44	76	72	144	2	182
263	2	44	78	72	144	2	182
263	2	44	79	72	144	3	174
263	2	44	85	72	144	2	230
263	2	44	86	72	144	2	209
263	2	44	88	72	144	2	196
263	2	44	90	72	144	3	75
263	2	44	91	72	144	2	1
263	2	44	92	72	144	2	61
263	2	44	97	72	144	2	217
263	2	44	102	72	144	2	122
263	2	44	106	72	144	2	216
263	2	44	108	72	144	2	198
263	2	44	113	72	144	3	inf
263	2	44	118	72	144	2	65
263	2	44	120	72	144	2	47
263	2	44	124	72	144	2	141
263	2	44	129	72	144	2	46
263	2	44	134	72	144	2	202
263	2	44	135	72	144	2	262
263	2	44	136	72	144	3	188
263	2	44	138	72	144	2	67
263	2	44	140	72	144	2	54
263	2	44	141	72	144	2	33
263	2	45	4	72	144	2	202
263	2	45	5	72	144	2	262
263	2	45	6	72	144	3	188
263	2	45	8	72	144	2	67
263	2	45	10	72	144	2	54
263	2	45	11	72	144	2	33
263	2	45	16	72	144	3	inf
263	2	45	17	72	144	3	89
263	2	45	18	72	144	3	inf
263	2	45	20	72	144	2	81
263	2	45	21	72	144	3	89
263	2	45	27	72	144	2	33
263	2	45	28	72	144	2	54
263	2	45	30	72	144	2	67
263	2	45	32	72	144	3	188
263	2	45	33	72	144	2	262
263	2	45	34	72	144	2	202
263	2	45	39	72	144	2	46
263	2	45	44	72	144	2	141
263	2	45	48	72	144	2	47
263	2	45	50	72	144	2	65
263	2	45	55	72	144	3	inf
263	2	45	60	72	144	2	198
263	2	45	62	72	144	2	216
263	2	45	66	72	144	2	122
263	2	45	71	72	144	2	217
263	2	45	76	72	144	2	61
263	2	45	77	72	144	2	1
263	2	45	78	72	144	3	75
263	2	45	80	72	144	2	196
263	2	45	82	72	144	2	209
263	2	45	83	72	144	2	230
263	2	45	89	72	144	3	174
263	2	45	90	72	144	2	182
263	2	45	92	72	144	2	182
263	2	45	93	72	144	3	174
263	2	45	99	72	144	2	230
263	2	45	100	72	144	2	209
263	2	45	102	72	144	2	196
263	2	45	104	72	144	3	75
263	2	45	105	72	144	2	1
263	2	45	106	72	144	2	61
263	2	45	111	72	144	2	217
263	2	45	116	72	144	2	122
263	2	45	120	72	144	2	216
263	2	45	122	72	144	2	198
263	2	45	127	72	144	3	inf
263	2	45	132	72	144	2	65
263	2	45	134	72	144	2	47
263	2	45	138	72	144	2	141
263	2	45	143	72	144	2	46
263	2	46	2	72	144	2	65
263	2	46	4	72	144	2	47
263	2	46	8	72	144	2	141
263	2	46	13	72	144	2	46
263	2	46	18	72	144	2	202
263	2	46	19	72	144	2	262
263	2	46	20	72	144	3	188
263	2	46	22	72	144	2	67
263	2	46	24	72	144	2	54
263	2	46	25	72	144	2	33
263	2	46	30	72	144	3	inf
263	2	46	31	72	144	3	89
263	2	46	32	72	144	3	inf
263	2	46	34	72	144	2	81
263	2	46	35	72	144	3	89
263	2	46	41	72	144	2	33
263	2	46	42	72	144	2	54
263	2	46	44	72	144	2	67
263	2	46	46	72	144	3	188
263	2	46	47	72	144	2	262
263	2	46	48	72	144	2	202
263	2	46	53	72	144	2	46
263	2	46	58	72	144	2	141
263	2	46	62	72	144	2	47
263	2	46	64	72	144	2	65
263	2	46	69	72	144	3	inf
263	2	46	74	72	144	2	198
263	2	46	76	72	144	2	216
263	2	46	80	72	144	2	122
263	2	46	85	72	144	2	217
263	2	46	90	72	144	2	61
263	2	46	91	72	144	2	1
263	2	46	92	72	144	3	75
263	2	46	94	72	144	2	196
263	2	46	96	72	144	2	209
263	2	46	97	72	144	2	230
263	2	46	103	72	144	3	174
263	2	46	104	72	144	2	182
263	2	46	106	72	144	2	182
263	2	46	107	72	144	3	174
263	2	46	113	72	144	2	230
263	2	46	114	72	144	2	209
263	2	46	116	72	144	2	196
263	2	46	118	72	144	3	75
263	2	46	119	72	144	2	1
263	2	46	120	72	144	2	61
263	2	46	125	72	144	2	217
263	2	46	130	72	144	2	122
263	2	46	134	72	144	2	216
263	2	46	136	72	144	2	198
263	2	46	141	72	144	3	inf
263	2	47	0	72	144	2	122
263	2	47	4	72	144	2	216
263	2	47	6	72	144	2	198
263	2	47	11	72	144	3	inf
263	2	47	16	72	144	2	65
263	2	47	18	72	144	2	47
263	2	47	22	72	144	2	141
263	2	47	27	72	144	2	46
263	2	47	32	72	144	2	202
263	2	47	33	72	144	2	262
263	2	47	34	72	144	3	188
263	2	47	36	72	144	2	67
263	2	47	38	72	144	2	54
263	2	47	39	72	144	2	33
263	2	47	44	72	144	3	inf
263	2	47	45	72	144	3	89
263	2	47	46	72	144	3	inf
263	2	47	48	72	144	2	81
263	2	47	49	72	144	3	89
263	2	47	55	72	144	2	33
263	2	47	56	72	144	2	54
263	2	47	58	72	144	2	67
263	2	47	60	72	144	3	188
263	2	47	61	72	144	2	262
263	2	47	62	72	144	2	202
263	2	47	67	72	144	2	46
263	2	47	72	72	144	2	141
263	2	47	76	72	144	2	47
263	2	47	78	72	144	2	65
263	2	47	83	72	144	3	inf
263	2	47	88	72	144	2	198
263	2	47	90	72	144	2	216
263	2	47	94	72	144	2	122
263	2	47	99	72	144	2	217
263	2	47	104	72	144	2	61
263	2	47	105	72	144	2	1
263	2	47	106	72	144	3	75
263	2	47	108	72	144	2	196
263	2	47	110	72	144	2	209
263	2	47	111	72	144	2	230
263	2	47	117	72	144	3	174
263	2	47	118	72	144	2	182
263	2	47	120	72	144	2	182
263	2	47	121	72	144	3	174
263	2	47	127	72	144	2	230
263	2	47	128	72	144	2	209
263	2	47	130	72	144	2	196
263	2	47	132	72	144	3	75
263	2	47	133	72	144	2	1
263	2	47	134	72	144	2	61
263	2	47	139	72	144	2	217
263	2	48	0	72	144	2	196
263	2	48	2	72	144	3	75
263	2	48	3	72	144	2	1
263	2	48	4	72	144	2	61
263	2	48	9	72	144	2	217
263	2	48	14	72	144	2	122
263	2	48	18	72	144	2	216
263	2	48	20	72	144	2	198
263	2	48	25	72	144	3	inf
263	2	48	30	72	144	2	65
263	2	48	32	72	144	2	47
263	2	48	36	72	144	2	141
263	2	48	41	72	144	2	46
263	2	48	46	72	144	2	202
263	2	48	47	72	144	2	262
263	2	48	48	72	144	3	188
263	2	48	50	72	144	2	67
263	2	48	52	72	144	2	54
263	2	48	53	72	144	2	33
263	2	48	58	72	144	3	inf
263	2	48	59	72	144	3	89
263	2	48	60	72	144	3	inf
263	2	48	62	72	144	2	81
263	2	48	63	72	144	3	89
263	2	48	69	72	144	2	33
263	2	48	70	72	144	2	54
263	2	48	72	72	144	2	67
263	2	48	74	72	144	3	188
263	2	48	75	72	144	2	262
263	2	48	76	72	144	2	202
263	2	48	81	72	144	2	46
263	2	48	86	72	144	2	141
263	2	48	90	72	144	2	47
263	2	48	92	72	144	2	65
263	2	48	97	72	144	3	inf
263	2	48	102	72	144	2	198
263	2	48	104	72	144	2	216
263	2	48	108	72	144	2	122
263	2	48	113	72	144	2	217
263	2	48	118	72	144	2	61
263	2	48	119	72	144	2	1
263	2	48	120	72	144	3	75
263	2	48	122	72	144	2	196
263	2	48	124	72	144	2	209
263	2	48	125	72	144	2	230
263	2	48	131	72	144	3	174
263	2	48	132	72	144	2	182
263	2	48	134	72	144	2	182
263	2	48	135	72	144	3	174
263	2	48	141	72	144	2	230
263	2	48	142	72	144	2	209
263	2	49	1	72	144	3	174
263	2	49	2	72	144	2	182
263	2	49	4	72	144	2	182
263	2	49	5	72	144	3	174
263	2	49	11	72	144	2	230
263	2	49	12	72	144	2	209
263	2	49	14	72	144	2	196
263	2	49	16	72	144	3	75
263	2	49	17	72	144	2	1
263	2	49	18	72	144	2	61
263	2	49	23	72	144	2	217
263	2	49	28	72	144	2	122
263	2	49	32	72	144	2	216
263	2	49	34	72	144	2	198
263	2	49	39	72	144	3	inf
263	2	49	44	72	144	2	65
263	2	49	46	72	144	2	47
263	2	49	50	72	144	2	141
263	2	49	55	72	144	2	46
263	2	49	60	72	144	2	202
263	2	49	61	72	144	2	262
263	2	49	62	72	144	3	188
263	2	49	64	72	144	2	67
263	2	49	66	72	144	2	54
263	2	49	67	72	144	2	33
263	2	49	72	72	144	3	inf
263	2	49	73	72	144	3	89
263	2	49	74	72	144	3	inf
263	2	49	76	72	144	2	81
263	2	49	77	72	144	3	89
263	2	49	83	72	144	2	33
263	2	49	84	72	144	2	54
263	2	49	86	72	144	2	67
263	2	49	88	72	144	3	188
263	2	49	89	72	144	2	262
263	2	49	90	72	144	2	202
263	2	49	95	72	144	2	46
263	2	49	100	72	144	2	141
263	2	49	104	72	144	2	47
263	2	49	106	72	144	2	65
263	2	49	111	72	144	3	inf
263	2	49	116	72	144	2	198
263	2	49	118	72	144	2	216
263	2	49	122	72	144	2	122
263	2	49	127	72	144	2	217
263	2	49	132	72	144	2	61
263	2	49	133	72	144	2	1
263	2	49	134	72	144	3	75
263	2	49	136	72	144	2	196
263	2	49	138	72	144	2	209
263	2	49	139	72	144	2	230
263	2	50	2	72	144	2	61
263	2	50	3	72	144	2	1
263	2	50	4	72	144	3	75
263	2	50	6	72	144	2	196
263	2	50	8	72	144	2	209
263	2	50	9	72	144	2	230
263	2	50	15	72	144	3	174
263	2	50	16	72	144	2	182
263	2	50	18	72	144	2	182
263	2	50	19	72	144	3	174
263	2	50	25	72	144	2	230
263	2	50	26	72	144	2	209
263	2	50	28	72	144	2	196
263	2	50	30	72	144	3	75
263	2	50	31	72	144	2	1
263	2	50	32	72	144	2	61
263	2	50	37	72	144	2	217
263	2	50	42	72	144	2	122
263	2	50	46	72	144	2	216
263	2	50	48	72	144	2	198
263	2	50	53	72	144	3	inf
263	2	50	58	72	144	2	65
263	2	50	60	72	144	2	47
263	2	50	64	72	144	2	141
263	2	50	69	72	144	2	46
263	2	50	74	72	144	2	202
263	2	50	75	72	144	2	262
263	2	50	76	72	144	3	188
263	2	50	78	72	144	2	67
263	2	50	80	72	144	2	54
263	2	50	81	72	144	2	33
263	2	50	86	72	144	3	inf
263	2	50	87	72	144	3	89
263	2	50	88	72	144	3	inf
263	2	50	90	72	144	2	81
263	2	50	91	72	144	3	89
263	2	50	97	72	144	2	33
263	2	50	98	72	144	2	54
263	2	50	100	72	144	2	67
263	2	50	102	72	144	3	188
263	2	50	103	72	144	2	262
263	2	50	104	72	144	2	202
263	2	50	109	72	144	2	46
263	2	50	114	72	144	2	141
263	2	50	118	72	144	2	47
263	2	50	120	72	144	2	65
263	2	50	125	72	144	3	inf
263	2	50	130	72	144	2	198
263	2	50	132	72	144	2	216
263	2	50	136	72	144	2	122
263	2	50	141	72	144	2	217
263	2	51	0	72	144	2	198
263	2	51	2	72	144	2	216
263	2	51	6	72	144	2	122
263	2	51	11	72	144	2	217
263	2	51	16	72	144	2	61
263	2	51	17	72	144	2	1
263	2	51	18	72	144	3	75
263	2	51	20	72	144	2	196
263	2	51	22	72	144	2	209
263	2	51	23	72	144	2	230
263	2	51	29	72	144	3	174
263	2	51	30	72	144	2	182
263	2	51	32	72	144	2	182
263	2	51	33	72	144	3	174
263	2	51	39	72	144	2	230
263	2	51	40	72	144	2	209
263	2	51	42	72	144	2	196
263	2	51	44	72	144	3	75
263	2	51	45	72	144	2	1
263	2	51	46	72	144	2	61
263	2	51	51	72	144	2	217
263	2	51	56	72	144	2	122
263	2	51	60	72	144	2	216
263	2	51	62	72	144	2	198
263	2	51	67	72	144	3	inf
263	2	51	72	72	144	2	65
263	2	51	74	72	144	2	47
263	2	51	78	72	144	2	141
263	2	51	83	72	144	2	46
263	2	51	88	72	144	2	202
263	2	51	89	72	144	2	262
263	2	51	90	72	144	3	188
263	2	51	92	72	144	2	67
263	2	51	94	72	144	2	54
263	2	51	95	72	144	2	33
263	2	51	100	72	144	3	inf
263	2	51	101	72	144	3	89
263	2	51	102	72	144	3	inf
263	2	51	104	72	144	2	81
263	2	51	105	72	144	3	89
263	2	51	111	72	144	2	33
263	2	51	112	72	144	2	54
263	2	51	114	72	144	2	67
263	2	51	116	72	144	3	188
263	2	51	117	72	144	2	262
263	2	51	118	72	144	2	202
263	2	51	123	72	144	2	46
263	2	51	128	72	144	2	141
263	2	51	132	72	144	2	47
263	2	51	134	72	144	2	65
263	2	51	139	72	144	3	inf
263	2	52	2	72	144	2	47
263	2	52	4	72	144	2	65
263	2	52	9	72	144	3	inf
263	2	52	14	72	144	2	198
263	2	52	16	72	144	2	216
263	2	52	20	72	144	2	122
263	2	52	25	72	144	2	217
263	2	52	30	72	144	2	61
263	2	52	31	72	144	2	1
263	2	52	32	72	144	3	75
263	2	52	34	72	144	2	196
263	2	52	36	72	144	2	209
263	2	52	37	72	144	2	230
263	2	52	43	72	144	3	174
263	2	52	44	72	144	2	182
263	2	52	46	72	144	2	182
263	2	52	47	72	144	3	174
263	2	52	53	72	144	2	230
263	2	52	54	72	144	2	209
263	2	52	56	72	144	2	196
263	2	52	58	72	144	3	75
263	2	52	59	72	144	2	1
263	2	52	60	72	144	2	61
263	2	52	65	72	144	2	217
263	2	52	70	72	144	2	122
263	2	52	74	72	144	2	216
263	2	52	76	72	144	2	198
263	2	52	81	72	144	3	inf
263	2	52	86	72	144	2	65
263	2	52	88	72	144	2	47
263	2	52	92	72	144	2	141
263	2	52	97	72	144	2	46
263	2	52	102	72	144	2	202
263	2	52	103	72	144	2	262
263	2	52	104	72	144	3	188
263	2	52	106	72	144	2	67
263	2	52	108	72	144	2	54
263	2	52	109	72	144	2	33
263	2	52	114	72	144	3	inf
263	2	52	115	72	144	3	89
263	2	52	116	72	144	3	inf
263	2	52	118	72	144	2	81
263	2	52	119	72	144	3	89
263	2	52	125	72	144	2	33
263	2	52	126	72	144	2	54
263	2	52	128	72	144	2	67
263	2	52	130	72	144	3	188
263	2	52	131	72	144	2	262
263	2	52	132	72	144	2	202
263	2	52	137	72	144	2	46
263	2	52	142	72	144	2	141
263	2	53	0	72	144	3	188
263	2	53	1	72	144	2	262
263	2	53	2	72	144	2	202
263	2	53	7	72	144	2	46
263	2	53	12	72	144	2	141
263	2	53	16	72	144	2	47
263	2	53	18	72	144	2	65
263	2	53	23	72	144	3	inf
263	2	53	28	72	144	2	198
263	2	53	30	72	144	2	216
263	2	53	34	72	144	2	122
263	2	53	39	72	144	2	217
263	2	53	44	72	144	2	61
263	2	53	45	72	144	2	1
263	2	53	46	72	144	3	75
263	2	53	48	72	144	2	196
263	2	53	50	72	144	2	209
263	2	53	51	72	144	2	230
263	2	53	57	72	144	3	174
263	2	53	58	72	144	2	182
263	2	53	60	72	144	2	182
263	2	53	61	72	144	3	174
263	2	53	67	72	144	2	230
263	2	53	68	72	144	2	209
263	2	53	70	72	144	2	196
263	2	53	72	72	144	3	75
263	2	53	73	72	144	2	1
263	2	53	74	72	144	2	61
263	2	53	79	72	144	2	217
263	2	53	84	72	144	2	122
263	2	53	88	72	144	2	216
263	2	53	90	72	144	2	198
263	2	53	95	72	144	3	inf
263	2	53	100	72	144	2	65
263	2	53	102	72	144	2	47
263	2	53	106	72	144	2	141
263	2	53	111	72	144	2	46
263	2	53	116	72	144	2	202
263	2	53	117	72	144	2	262
263	2	53	118	72	144	3	188
263	2	53	120	72	144	2	67
263	2	53	122	72	144	2	54
263	2	53	123	72	144	2	33
263	2	53	128	72	144	3	inf
263	2	53	129	72	144	3	89
263	2	53	130	72	144	3	inf
263	2	53	132	72	144	2	81
263	2	53	133	72	144	3	89
263	2	53	139	72	144	2	33
263	2	53	140	72	144	2	54
263	2	53	142	72	144	2	67
263	2	54	0	72	144	3	inf
263	2	54	2	72	144	2	81
263	2	54	3	72	144	3	89
263	2	54	9	72	144	2	33
263	2	54	10	72	144	2	54
263	2	54	12	72	144	2	67
263	2	54	14	72	144	3	188
263	2	54	15	72	144	2	262
263	2	54	16	72	144	2	202
263	2	54	21	72	144	2	46
263	2	54	26	72	144	2	141
263	2	54	30	72	144	2	47
263	2	54	32	72	144	2	65
263	2	54	37	72	144	3	inf
263	2	54	42	72	144	2	198
263	2	54	44	72	144	2	216
263	2	54	48	72	144	2	122
263	2	54	53	72	144	2	217
263	2	54	58	72	144	2	61
263	2	54	59	72	144	2	1
263	2	54	60	72	144	3	75
263	2	54	62	72	144	2	196
263	2	54	64	72	144	2	209
263	2	54	65	72	144	2	230
263	2	54	71	72	144	3	174
263	2	54	72	72	144	2	182
263	2	54	74	72	144	2	182
263	2	54	75	72	144	3	174
263	2	54	81	72	144	2	230
263	2	54	82	72	144	2	209
263	2	54	84	72	144	2	196
263	2	54	86	72	144	3	75
263	2	54	87	72	144	2	1
263	2	54	88	72	144	2	61
263	2	54	93	72	144	2	217
263	2	54	98	72	144	2	122
263	2	54	102	72	144	2	216
263	2	54	104	72	144	2	198
263	2	54	109	72	144	3	inf
263	2	54	114	72	144	2	65
263	2	54	116	72	144	2	47
263	2	54	120	72	144	2	141
263	2	54	125	72	144	2	46
263	2	54	130	72	144	2	202
263	2	54	131	72	144	2	262
263	2	54	132	72	144	3	188
263	2	54	134	72	144	2	67
263	2	54	136	72	144	2	54
263	2	54	137	72	144	2	33
263	2	54	142	72	144	3	inf
263	2	54	143	72	144	3	89
263	2	55	0	72	144	2	202
263	2	55	1	72	144	2	262
263	2	55	2	72	144	3	188
263	2	55	4	72	144	2	67
263	2	55	6	72	144	2	54
263	2	55	7	72	144	2	33
263	2	55	12	72	144	3	inf
263	2	55	13	72	144	3	89
263	2	55	14	72	144	3	inf
263	2	55	16	72	144	2	81
263	2	55	17	72	144	3	89
263	2	55	23	72	144	2	33
263	2	55	24	72	144	2	54
263	2	55	26	72	144	2	67
263	2	55	28	72	144	3	188
263	2	55	29	72	144	2	262
263	2	55	30	72	144	2	202
263	2	55	35	72	144	2	46
263	2	55	40	72	144	2	141
263	2	55	44	72	144	2	47
263	2	55	46	72	144	2	65
263	2	55	51	72	144	3	inf
263	2	55	56	72	144	2	198
263	2	55	58	72	144	2	216
263	2	55	62	72	144	2	122
263	2	55	67	72	144	2	217
263	2	55	72	72	144	2	61
263	2	55	73	72	144	2	1
263	2	55	74	72	144	3	75
263	2	55	76	72	144	2	196
263	2	55	78	72	144	2	209
263	2	55	79	72	144	2	230
263	2	55	85	72	144	3	174
263	2	55	86	72	144	2	182
263	2	55	88	72	144	2	182
263	2	55	89	72	144	3	174
263	2	55	95	72	144	2	230
263	2	55	96	72	144	2	209
263	2	55	98	72	144	2	196
263	2	55	100	72	144	3	75
263	2	55	101	72	144	2	1
263	2	55	102	72	144	2	61
263	2	55	107	72	144	2	217
263	2	55	112	72	144	2	122
263	2	55	116	72	144	2	216
263	2	55	118	72	144	2	198
263	2	55	123	72	144	3	inf
263	2	55	128	72	144	2	65
263	2	55	130	72	144	2	47
263	2	55	134	72	144	2	141
263	2	55	139	72	144	2	46
263	2	56	0	72	144	2	47
263	2	56	4	72	144	2	141
263	2	56	9	72	144	2	46
263	2	56	14	72	144	2	202
263	2	56	15	72	144	2	262
263	2	56	16	72	144	3	188
263	2	56	18	72	144	2	67
263	2	56	20	72	144	2	54
263	2	56	21	72	144	2	33
263	2	56	26	72	144	3	inf
263	2	56	27	72	144	3	89
263	2	56	28	72	144	3	inf
263	2	56	30	72	144	2	81
263	2	56	31	72	144	3	89
263	2	56	37	72	144	2	33
263	2	56	38	72	144	2	54
263	2	56	40	72	144	2	67
263	2	56	42	72	144	3	188
263	2	56	43	72	144	2	262
263	2	56	44	72	144	2	202
263	2	56	49	72	144	2	46
263	2	56	54	72	144	2	141
263	2	56	58	72	144	2	47
263	2	56	60	72	144	2	65
263	2	56	65	72	144	3	inf
263	2	56	70	72	144	2	198
263	2	56	72	72	144	2	216
263	2	56	76	72	144	2	122
263	2	56	81	72	144	2	217
263	2	56	86	72	144	2	61
263	2	56	87	72	144	2	1
263	2	56	88	72	144	3	75
263	2	56	90	72	144	2	196
263	2	56	92	72	144	2	209
263	2	56	93	72	144	2	230
263	2	56	99	72	144	3	174
263	2	56	100	72	144	2	182
263	2	56	102	72	144	2	182
263	2	56	103	72	144	3	174
263	2	56	109	72	144	2	230
263	2	56	110	72	144	2	209
263	2	56	112	72	144	2	196
263	2	56	114	72	144	3	75
263	2	56	115	72	144	2	1
263	2	56	116	72	144	2	61
263	2	56	121	72	144	2	217
263	2	56	126	72	144	2	122
263	2	56	130	72	144	2	216
263	2	56	132	72	144	2	198
263	2	56	137	72	144	3	inf
263	2	56	142	72	144	2	65
263	2	57	0	72	144	2	216
263	2	57	2	72	144	2	198
263	2	57	7	72	144	3	inf
263	2	57	12	72	144	2	65
263	2	57	14	72	144	2	47
263	2	57	18	72	144	2	141
263	2	57	23	72	144	2	46
263	2	57	28	72	144	2	202
263	2	57	29	72	144	2	262
263	2	57	30	72	144	3	188
263	2	57	32	72	144	2	67
263	2	57	34	72	144	2	54
263	2	57	35	72	144	2	33
263	2	57	40	72	144	3	inf
263	2	57	41	72	144	3	89
263	2	57	42	72	144	3	inf
263	2	57	44	72	144	2	81
263	2	57	45	72	144	3	89
263	2	57	51	72	144	2	33
263	2	57	52	72	144	2	54
263	2	57	54	72	144	2	67
263	2	57	56	72	144	3	188
263	2	57	57	72	144	2	262
263	2	57	58	72	144	2	202
263	2	57	63	72	144	2	46
263	2	57	68	72	144	2	141
263	2	57	72	72	144	2	47
263	2	57	74	72	144	2	65
263	2	57	79	72	144	3	inf
263	2	57	84	72	144	2	198
263	2	57	86	72	144	2	216
263	2	57	90	72	144	2	122
263	2	57	95	72	144	2	217
263	2	57	100	72	144	2	61
263	2	57	101	72	144	2	1
263	2	57	102	72	144	3	75
263	2	57	104	72	144	2	196
263	2	57	106	72	144	2	209
263	2	57	107	72	144	2	230
263	2	57	113	72	144	3	174
263	2	57	114	72	144	2	182
263	2	57	116	72	144	2	182
263	2	57	117	72	144	3	174
263	2	57	123	72	144	2	230
263	2	57	124	72	144	2	209
263	2	57	126	72	144	2	196
263	2	57	128	72	144	3	75
263	2	57	129	72	144	2	1
263	2	57	130	72	144	2	61
263	2	57	135	72	144	2	217
263	2	57	140	72	144	2	122
263	2	58	0	72	144	2	61
263	2	58	5	72	144	2	217
263	2	58	10	72	144	2	122
263	2	58	14	72	144	2	216
263	2	58	16	72	144	2	198
263	2	58	21	72	144	3	inf
263	2	58	26	72	144	2	65
263	2	58	28	72	144	2	47
263	2	58	32	72	144	2	141
263	2	58	37	72	144	2	46
263	2	58	42	72	144	2	202
263	2	58	43	72	144	2	262
263	2	58	44	72	144	3	188
263	2	58	46	72	144	2	67
263	2	58	48	72	144	2	54
263	2	58	49	72	144	2	33
263	2	58	54	72	144	3	inf
263	2	58	55	72	144	3	89
263	2	58	56	72	144	3	inf
263	2	58	58	72	144	2	81
263	2	58	59	72	144	3	89
263	2	58	65	72	144	2	33
263	2	58	66	72	144	2	54
263	2	58	68	72	144	2	67
263	2	58	70	72	144	3	188
263	2	58	71	72	144	2	262
263	2	58	72	72	144	2	202
263	2	58	77	72	144	2	46
263	2	58	82	72	144	2	141
263	2	58	86	72	144	2	47
263	2	58	88	72	144	2	65
263	2	58	93	72	144	3	inf
263	2	58	98	72	144	2	198
263	2	58	100	72	144	2	216
263	2	58	104	72	144	2	122
263	2	58	109	72	144	2	217
263	2	58	114	72	144	2	61
263	2	58	115	72	144	2	1
263	2	58	116	72	144	3	75
263	2	58	118	72	144	2	196
263	2	58	120	72	144	2	209
263	2	58	121	72	144	2	230
263	2	58	127	72	144	3	174
263	2	58	128	72	144	2	182
263	2	58	130	72	144	2	182
263	2	58	131	72	144	3	174
263	2	58	137	72	144	2	230
263	2	58	138	72	144	2	209
263	2	58	140	72	144	2	196
263	2	58	142	72	144	3	75
263	2	58	143	72	144	2	1
263	2	59	0	72	144	2	182
263	2	59	1	72	144	3	174
263	2	59	7	72	144	2	230
263	2	59	8	72	144	2	209
263	2	59	10	72	144	2	196
263	2	59	12	72	144	3	75
263	2	59	13	72	144	2	1
263	2	59	14	72	144	2	61
263	2	59	19	72	144	2	217
263	2	59	24	72	144	2	122
263	2	59	28	72	144	2	216
263	2	59	30	72	144	2	198
263	2	59	35	72	144	3	inf
263	2	59	40	72	144	2	65
263	2	59	42	72	144	2	47
263	2	59	46	72	144	2	141
263	2	59	51	72	144	2	46
263	2	59	56	72	144	2	202
263	2	59	57	72	144	2	262
263	2	59	58	72	144	3	188
263	2	59	60	72	144	2	67
263	2	59	62	72	144	2	54
263	2	59	63	72	144	2	33
263	2	59	68	72	144	3	inf
263	2	59	69	72	144	3	89
263	2	59	70	72	144	3	inf
263	2	59	72	72	144	2	81
263	2	59	73	72	144	3	89
263	2	59	79	72	144	2	33
263	2	59	80	72	144	2	54
263	2	59	82	72	144	2	67
263	2	59	84	72	144	3	188
263	2	59	85	72	144	2	262
263	2	59	86	72	144	2	202
263	2	59	91	72	144	2	46
263	2	59	96	72	144	2	141
263	2	59	100	72	144	2	47
263	2	59	102	72	144	2	65
263	2	59	107	72	144	3	inf
263	2	59	112	72	144	2	198
263	2	59	114	72	144	2	216
263	2	59	118	72	144	2	122
263	2	59	123	72	144	2	217
263	2	59	128	72	144	2	61
263	2	59	129	72	144	2	1
263	2	59	130	72	144	3	75
263	2	59	132	72	144	2	196
263	2	59	134	72	144	2	209
263	2	59	135	72	144	2	230
263	2	59	141	72	144	3	174
263	2	59	142	72	144	2	182
263	2	60	0	72	144	3	75
263	2	60	2	72	144	2	196
263	2	60	4	72	144	2	209
263	2	60	5	72	144	2	230
263	2	60	11	72	144	3	174
263	2	60	12	72	144	2	182
263	2	60	14	72	144	2	182
263	2	60	15	72	144	3	174
263	2	60	21	72	144	2	230
263	2	60	22	72	144	2	209
263	2	60	24	72	144	2	196
263	2	60	26	72	144	3	75
263	2	60	27	72	144	2	1
263	2	60	28	72	144	2	61
263	2	60	33	72	144	2	217
263	2	60	38	72	144	2	122
263	2	60	42	72	144	2	216
263	2	60	44	72	144	2	198
263	2	60	49	72	144	3	inf
263	2	60	54	72	144	2	65
263	2	60	56	72	144	2	47
263	2	60	60	72	144	2	141
263	2	60	65	72	144	2	46
263	2	60	70	72	144	2	202
263	2	60	71	72	144	2	262
263	2	60	72	72	144	3	188
263	2	60	74	72	144	2	67
263	2	60	76	72	144	2	54
263	2	60	77	72	144	2	33
263	2	60	82	72	144	3	inf
263	2	60	83	72	144	3	89
263	2	60	84	72	144	3	inf
263	2	60	86	72	144	2	81
263	2	60	87	72	144	3	89
263	2	60	93	72	144	2	33
263	2	60	94	72	144	2	54
263	2	60	96	72	144	2	67
263	2	60	98	72	144	3	188
263	2	60	99	72	144	2	262
263	2	60	100	72	144	2	202
263	2	60	105	72	144	2	46
263	2	60	110	72	144	2	141
263	2	60	114	72	144	2	47
263	2	60	116	72	144	2	65
263	2	60	121	72	144	3	inf
263	2	60	126	72	144	2	198
263	2	60	128	72	144	2	216
263	2	60	132	72	144	2	122
263	2	60	137	72	144	2	217
263	2	60	142	72	144	2	61
263	2	60	143	72	144	2	1
263	2	61	2	72	144	2	122
263	2	61	7	72	144	2	217
263	2	61	12	72	144	2	61
263	2	61	13	72	144	2	1
263	2	61	14	72	144	3	75
263	2	61	16	72	144	2	196
263	2	61	18	72	144	2	209
263	2	61	19	72	144	2	230
263	2	61	25	72	144	3	174
263	2	61	26	72	144	2	182
263	2	61	28	72	144	2	182
263	2	61	29	72	144	3	174
263	2	61	35	72	144	2	230
263	2	61	36	72	144	2	209
263	2	61	38	72	144	2	196
263	2	61	40	72	144	3	75
263	2	61	41	72	144	2	1
263	2	61	42	72	144	2	61
263	2	61	47	72	144	2	217
263	2	61	52	72	144	2	122
263	2	61	56	72	144	2	216
263	2	61	58	72	144	2	198
263	2	61	63	72	144	3	inf
263	2	61	68	72	144	2	65
263	2	61	70	72	144	2	47
263	2	61	74	72	144	2	141
263	2	61	79	72	144	2	46
263	2	61	84	72	144	2	202
263	2	61	85	72	144	2	262
263	2	61	86	72	144	3	188
263	2	61	88	72	144	2	67
263	2	61	90	72	144	2	54
263	2	61	91	72	144	2	33
263	2	61	96	72	144	3	inf
263	2	61	97	72	144	3	89
263	2	61	98	72	144	3	inf
263	2	61	100	72	144	2	81
263	2	61	101	72	144	3	89
263	2	61	107	72	144	2	33
263	2	61	108	72	144	2	54
263	2	61	110	72	144	2	67
263	2	61	112	72	144	3	188
263	2	61	113	72	144	2	262
263	2	61	114	72	144	2	202
263	2	61	119	72	144	2	46
263	2	61	124	72	144	2	141
263	2	61	128	72	144	2	47
263	2	61	130	72	144	2	65
263	2	61	135	72	144	3	inf
263	2	61	140	72	144	2	198
263	2	61	142	72	144	2	216
263	2	62	0	72	144	2	65
263	2	62	5	72	144	3	inf
263	2	62	10	72	144	2	198
263	2	62	12	72	144	2	216
263	2	62	16	72	144	2	122
263	2	62	21	72	144	2	217
263	2	62	26	72	144	2	61
263	2	62	27	72	144	2	1
263	2	62	28	72	144	3	75
263	2	62	30	72	144	2	196
263	2	62	32	72	144	2	209
263	2	62	33	72	144	2	230
263	2	62	39	72	144	3	174
263	2	62	40	72	144	2	182
263	2	62	42	72	144	2	182
263	2	62	43	72	144	3	174
263	2	62	49	72	144	2	230
263	2	62	50	72	144	2	209
263	2	62	52	72	144	2	196
263	2	62	54	72	144	3	75
263	2	62	55	72	144	2	1
263	2	62	56	72	144	2	61
263	2	62	61	72	144	2	217
263	2	62	66	72	144	2	122
263	2	62	70	72	144	2	216
263	2	62	72	72	144	2	198
263	2	62	77	72	144	3	inf
263	2	62	82	72	144	2	65
263	2	62	84	72	144	2	47
263	2	62	88	72	144	2	141
263	2	62	93	72	144	2	46
263	2	62	98	72	144	2	202
263	2	62	99	72	144	2	262
263	2	62	100	72	144	3	188
263	2	62	102	72	144	2	67
263	2	62	104	72	144	2	54
263	2	62	105	72	144	2	33
263	2	62	110	72	144	3	inf
263	2	62	111	72	144	3	89
263	2	62	112	72	144	3	inf
263	2	62	114	72	144	2	81
263	2	62	115	72	144	3	89
263	2	62	121	72	144	2	33
263	2	62	122	72	144	2	54
263	2	62	124	72	144	2	67
263	2	62	126	72	144	3	188
263	2	62	127	72	144	2	262
263	2	62	128	72	144	2	202
263	2	62	133	72	144	2	46
263	2	62	138	72	144	2	141
263	2	62	142	72	144	2	47
263	2	63	3	72	144	2	46
263	2	63	8	72	144	2	141
263	2	63	12	72	144	2	47
263	2	63	14	72	144	2	65
263	2	63	19	72	144	3	inf
263	2	63	24	72	144	2	198
263	2	63	26	72	144	2	216
263	2	63	30	72	144	2	122
263	2	63	35	72	144	2	217
263	2	63	40	72	144	2	61
263	2	63	41	72	144	2	1
263	2	63	42	72	144	3	75
263	2	63	44	72	144	2	196
263	2	63	46	72	144	2	209
263	2	63	47	72	144	2	230
263	2	63	53	72	144	3	174
263	2	63	54	72	144	2	182
263	2	63	56	72	144	2	182
263	2	63	57	72	144	3	174
263	2	63	63	72	144	2	230
263	2	63	64	72	144	2	209
263	2	63	66	72	144	2	196
263	2	63	68	72	144	3	75
263	2	63	69	72	144	2	1
263	2	63	70	72	144	2	61
263	2	63	75	72	144	2	217
263	2	63	80	72	144	2	122
263	2	63	84	72	144	2	216
263	2	63	86	72	144	2	198
263	2	63	91	72	144	3	inf
263	2	63	96	72	144	2	65
263	2	63	98	72	144	2	47
263	2	63	102	72	144	2	141
263	2	63	107	72	144	2	46
263	2	63	112	72	144	2	202
263	2	63	113	72	144	2	262
263	2	63	114	72	144	3	188
263	2	63	116	72	144	2	67
263	2	63	118	72	144	2	54
263	2	63	119	72	144	2	33
263	2	63	124	72	144	3	inf
263	2	63	125	72	144	3	89
263	2	63	126	72	144	3	inf
263	2	63	128	72	144	2	81
263	2	63	129	72	144	3	89
263	2	63	135	72	144	2	33
263	2	63	136	72	144	2	54
263	2	63	138	72	144	2	67
263	2	63	140	72	144	3	188
263	2	63	141	72	144	2	262
263	2	63	142	72	144	2	202
263	2	64	5	72	144	2	33
263	2	64	6	72	144	2	54
263	2	64	8	72	144	2	67
263	2	64	10	72	144	3	188
263	2	64	11	72	144	2	262
263	2	64	12	72	144	2	202
263	2	64	17	72	144	2	46
263	2	64	22	72	144	2	141
263	2	64	26	72	144	2	47
263	2	64	28	72	144	2	65
263	2	64	33	72	144	3	inf
263	2	64	38	72	144	2	198
263	2	64	40	72	144	2	216
263	2	64	44	72	144	2	122
263	2	64	49	72	144	2	217
263	2	64	54	72	144	2	61
263	2	64	55	72	144	2	1
263	2	64	56	72	144	3	75
263	2	64	58	72	144	2	196
263	2	64	60	72	144	2	209
263	2	64	61	72	144	2	230
263	2	64	67	72	144	3	174
263	2	64	68	72	144	2	182
263	2	64	70	72	144	2	182
263	2	64	71	72	144	3	174
263	2	64	77	72	144	2	230
263	2	64	78	72	144	2	209
263	2	64	80	72	144	2	196
263	2	64	82	72	144	3	75
263	2	64	83	72	144	2	1
263	2	64	84	72	144	2	61
263	2	64	89	72	144	2	217
263	2	64	94	72	144	2	122
263	2	64	98	72	144	2	216
263	2	64	100	72	144	2	198
263	2	64	105	72	144	3	inf
263	2	64	110	72	144	2	65
263	2	64	112	72	144	2	47
263	2	64	116	72	144	2	141
263	2	64	121	72	144	2	46
263	2	64	126	72	144	2	202
263	2	64	127	72	144	2	262
263	2	64	128	72	144	3	188
263	2	64	130	72	144	2	67
263	2	64	132	72	144	2	54
263	2	64	133	72	144	2	33
263	2	64	138	72	144	3	inf
263	2	64	139	72	144	3	89
263	2	64	140	72	144	3	inf
263	2	64	142	72	144	2	81
263	2	64	143	72	144	3	89
263	2	65	0	72	144	2	67
263	2	65	2	72	144	2	54
263	2	65	3	72	144	2	33
263	2	65	8	72	144	3	inf
263	2	65	9	72	144	3	89
263	2	65	10	72	144	3	inf
263	2	65	12	72	144	2	81
263	2	65	13	72	144	3	89
263	2	65	19	72	144	2	33
263	2	65	20	72	144	2	54
263	2	65	22	72	144	2	67
263	2	65	24	72	144	3	188
263	2	65	25	72	144	2	262
263	2	65	26	72	144	2	202
263	2	65	31	72	144	2	46
263	2	65	36	72	144	2	141
263	2	65	40	72	144	2	47
263	2	65	42	72	144	2	65
263	2	65	47	72	144	3	inf
263	2	65	52	72	144	2	198
263	2	65	54	72	144	2	216
263	2	65	58	72	144	2	122
263	2	65	63	72	144	2	217
263	2	65	68	72	144	2	61
263	2	65	69	72	144	2	1
263	2	65	70	72	144	3	75
263	2	65	72	72	144	2	196
263	2	65	74	72	144	2	209
263	2	65	75	72	144	2	230
263	2	65	81	72	144	3	174
263	2	65	82	72	144	2	182
263	2	65	84	72	144	2	182
263	2	65	85	72	144	3	174
263	2	65	91	72	144	2	230
263	2	65	92	72	144	2	209
263	2	65	94	72	144	2	196
263	2	65	96	72	144	3	75
263	2	65	97	72	144	2	1
263	2	65	98	72	144	2	61
263	2	65	103	72	144	2	217
263	2	65	108	72	144	2	122
263	2	65	112	72	144	2	216
263	2	65	114	72	144	2	198
263	2	65	119	72	144	3	inf
263	2	65	124	72	144	2	65
263	2	65	126	72	144	2	47
263	2	65	130	72	144	2	141
263	2	65	135	72	144	2	46
263	2	65	140	72	144	2	202
263	2	65	141	72	144	2	262
263	2	65	142	72	144	3	188
263	2	66	0	72	144	2	141
263	2	66	5	72	144	2	46
263	2	66	10	72	144	2	202
263	2	66	11	72	144	2	262
263	2	66	12	72	144	3	188
263	2	66	14	72	144	2	67
263	2	66	16	72	144	2	54
263	2	66	17	72	144	2	33
263	2	66	22	72	144	3	inf
263	2	66	23	72	144	3	89
263	2	66	24	72	144	3	inf
263	2	66	26	72	144	2	81
263	2	66	27	72	144	3	89
263	2	66	33	72	144	2	33
263	2	66	34	72	144	2	54
263	2	66	36	72	144	2	67
263	2	66	38	72	144	3	188
263	2	66	39	72	144	2	262
263	2	66	40	72	144	2	202
263	2	66	45	72	144	2	46
263	2	66	50	72	144	2	141
263	2	66	54	72	144	2	47
263	2	66	56	72	144	2	65
263	2	66	61	72	144	3	inf
263	2	66	66	72	144	2	198
263	2	66	68	72	144	2	216
263	2	66	72	72	144	2	122
263	2	66	77	72	144	2	217
263	2	66	82	72	144	2	61
263	2	66	83	72	144	2	1
263	2	66	84	72	144	3	75
263	2	66	86	72	144	2	196
263	2	66	88	72	144	2	209
263	2	66	89	72	144	2	230
263	2	66	95	72	144	3	174
263	2	66	96	72	144	2	182
263	2	66	98	72	144	2	182
263	2	66	99	72	144	3	174
263	2	66	105	72	144	2	230
263	2	66	106	72	144	2	209
263	2	66	108	72	144	2	196
263	2	66	110	72	144	3	75
263	2	66	111	72	144	2	1
263	2	66	112	72	144	2	61
263	2	66	117	72	144	2	217
263	2	66	122	72	144	2	122
263	2	66	126	72	144	2	216
263	2	66	128	72	144	2	198
263	2	66	133	72	144	3	inf
263	2	66	138	72	144	2	65
263	2	66	140	72	144	2	47
263	2	67	3	72	144	3	inf
263	2	67	8	72	144	2	65
263	2	67	10	72	144	2	47
263	2	67	14	72	144	2	141
263	2	67	19	72	144	2	46
263	2	67	24	72	144	2	202
263	2	67	25	72	144	2	262
263	2	67	26	72	144	3	188
263	2	67	28	72	144	2	67
263	2	67	30	72	144	2	54
263	2	67	31	72	144	2	33
263	2	67	36	72	144	3	inf
263	2	67	37	72	144	3	89
263	2	67	38	72	144	3	inf
263	2	67	40	72	144	2	81
263	2	67	41	72	144	3	89
263	2	67	47	72	144	2	33
263	2	67	48	72	144	2	54
263	2	67	50	72	144	2	67
263	2	67	52	72	144	3	188
263	2	67	53	72	144	2	262
263	2	67	54	72	144	2	202
263	2	67	59	72	144	2	46
263	2	67	64	72	144	2	141
263	2	67	68	72	144	2	47
263	2	67	70	72	144	2	65
263	2	67	75	72	144	3	inf
263	2	67	80	72	144	2	198
263	2	67	82	72	144	2	216
263	2	67	86	72	144	2	122
263	2	67	91	72	144	2	217
263	2	67	96	72	144	2	61
263	2	67	97	72	144	2	1
263	2	67	98	72	144	3	75
263	2	67	100	72	144	2	196
263	2	67	102	72	144	2	209
263	2	67	103	72	144	2	230
263	2	67	109	72	144	3	174
263	2	67	110	72	144	2	182
263	2	67	112	72	144	2	182
263	2	67	113	72	144	3	174
263	2	67	119	72	144	2	230
263	2	67	120	72	144	2	209
263	2	67	122	72	144	2	196
263	2	67	124	72	144	3	75
263	2	67	125	72	144	2	1
263	2	67	126	72	144	2	61
263	2	67	131	72	144	2	217
263	2	67	136	72	144	2	122
263	2	67	140	72	144	2	216
263	2	67	142	72	144	2	198
263	2	68	1	72	144	2	217
263	2	68	6	72	144	2	122
263	2	68	10	72	144	2	216
263	2	68	12	72	144	2	198
263	2	68	17	72	144	3	inf
263	2	68	22	72	144	2	65
263	2	68	24	72	144	2	47
263	2	68	28	72	144	2	141
263	2	68	33	72	144	2	46
263	2	68	38	72	144	2	202
263	2	68	39	72	144	2	262
263	2	68	40	72	144	3	188
263	2	68	42	72	144	2	67
263	2	68	44	72	144	2	54
263	2	68	45	72	144	2	33
263	2	68	50	72	144	3	inf
263	2	68	51	72	144	3	89
263	2	68	52	72	144	3	inf
263	2	68	54	72	144	2	81
263	2	68	55	72	144	3	89
263	2	68	61	72	144	2	33
263	2	68	62	72	144	2	54
263	2	68	64	72	144	2	67
263	2	68	66	72	144	3	188
263	2	68	67	72	144	2	262
263	2	68	68	72	144	2	202
263	2	68	73	72	144	2	46
263	2	68	78	72	144	2	141
263	2	68	82	72	144	2	47
263	2	68	84	72	144	2	65
263	2	68	89	72	144	3	inf
263	2	68	94	72	144	2	198
263	2	68	96	72	144	2	216
263	2	68	100	72	144	2	122
263	2	68	105	72	144	2	217
263	2	68	110	72	144	2	61
263	2	68	111	72	144	2	1
263	2	68	112	72	144	3	75
263	2	68	114	72	144	2	196
263	2	68	116	72	144	2	209
263	2	68	117	72	144	2	230
263	2	68	123	72	144	3	174
263	2	68	124	72	144	2	182
263	2	68	126	72	144	2	182
263	2	68	127	72	144	3	174
263	2	68	133	72	144	2	230
263	2	68	134	72	144	2	209
263	2	68	136	72	144	2	196
263	2	68	138	72	144	3	75
263	2	68	139	72	144	2	1
263	2	68	140	72	144	2	61
263	2	69	3	72	144	2	230
263	2	69	4	72	144	2	209
263	2	69	6	72	144	2	196
263	2	69	8	72	144	3	75
263	2	69	9	72	144	2	1
263	2	69	10	72	144	2	61
263	2	69	15	72	144	2	217
263	2	69	20	72	144	2	122
263	2	69	24	72	144	2	216
263	2	69	26	72	144	2	198
263	2	69	31	72	144	3	inf
263	2	69	36	72	144	2	65
263	2	69	38	72	144	2	47
263	2	69	42	72	144	2	141
263	2	69	47	72	144	2	46
263	2	69	52	72	144	2	202
263	2	69	53	72	144	2	262
263	2	69	54	72	144	3	188
263	2	69	56	72	144	2	67
263	2	69	58	72	144	2	54
263	2	69	59	72	144	2	33
263	2	69	64	72	144	3	inf
263	2	69	65	72	144	3	89
263	2	69	66	72	144	3	inf
263	2	69	68	72	144	2	81
263	2	69	69	72	144	3	89
263	2	69	75	72	144	2	33
263	2	69	76	72	144	2	54
263	2	69	78	72	144	2	67
263	2	69	80	72	144	3	188
263	2	69	81	72	144	2	262
263	2	69	82	72	144	2	202
263	2	69	87	72	144	2	46
263	2	69	92	72	144	2	141
263	2	69	96	72	144	2	47
263	2	69	98	72	144	2	65
263	2	69	103	72	144	3	inf
263	2	69	108	72	144	2	198
263	2	69	110	72	144	2	216
263	2	69	114	72	144	2	122
263	2	69	119	72	144	2	217
263	2	69	124	72	144	2	61
263	2	69	125	72	144	2	1
263	2	69	126	72	144	3	75
263	2	69	128	72	144	2	196
263	2	69	130	72	144	2	209
263	2	69	131	72	144	2	230
263	2	69	137	72	144	3	174
263	2	69	138	72	144	2	182
263	2	69	140	72	144	2	182
263	2	69	141	72	144	3	174
263	2	70	0	72	144	2	209
263	2	70	1	72	144	2	230
263	2	70	7	72	144	3	174
263	2	70	8	72	144	2	182
263	2	70	10	72	144	2	182
263	2	70	11	72	144	3	174
263	2	70	17	72	144	2	230
263	2	70	18	72	144	2	209
263	2	70	20	72	144	2	196
263	2	70	22	72	144	3	75
263	2	70	23	72	144	2	1
263	2	70	24	72	144	2	61
263	2	70	29	72	144	2	217
263	2	70	34	72	144	2	122
263	2	70	38	72	144	2	216
263	2	70	40	72	144	2	198
263	2	70	45	72	144	3	inf
263	2	70	50	72	144	2	65
263	2	70	52	72	144	2	47
263	2	70	56	72	144	2	141
263	2	70	61	72	144	2	46
263	2	70	66	72	144	2	202
263	2	70	67	72	144	2	262
263	2	70	68	72	144	3	188
263	2	70	70	72	144	2	67
263	2	70	72	72	144	2	54
263	2	70	73	72	144	2	33
263	2	70	78	72	144	3	inf
263	2	70	79	72	144	3	89
263	2	70	80	72	144	3	inf
263	2	70	82	72	144	2	81
263	2	70	83	72	144	3	89
263	2	70	89	72	144	2	33
263	2	70	90	72	144	2	54
263	2	70	92	72	144	2	67
263	2	70	94	72	144	3	188
263	2	70	95	72	144	2	262
263	2	70	96	72	144	2	202
263	2	70	101	72	144	2	46
263	2	70	106	72	144	2	141
263	2	70	110	72	144	2	47
263	2	70	112	72	144	2	65
263	2	70	117	72	144	3	inf
263	2	70	122	72	144	2	198
263	2	70	124	72	144	2	216
263	2	70	128	72	144	2	122
263	2	70	133	72	144	2	217
263	2	70	138	72	144	2	61
263	2	70	139	72	144	2	1
263	2	70	140	72	144	3	75
263	2	70	142	72	144	2	196
263	2	71	3	72	144	2	217
263	2	71	8	72	144	2	61
263	2	71	9	72	144	2	1
263	2	71	10	72	144	3	75
263	2	71	12	72	144	2	196
263	2	71	14	72	144	2	209
263	2	71	15	72	144	2	230
263	2	71	21	72	144	3	174
263	2	71	22	72	144	2	182
263	2	71	24	72	144	2	182
263	2	71	25	72	144	3	174
263	2	71	31	72	144	2	230
263	2	71	32	72	144	2	209
263	2	71	34	72	144	2	196
263	2	71	36	72	144	3	75
263	2	71	37	72	144	2	1
263	2	71	38	72	144	2	61
263	2	71	43	72	144	2	217
263	2	71	48	72	144	2	122
263	2	71	52	72	144	2	216
263	2	71	54	72	144	2	198
263	2	71	59	72	144	3	inf
263	2	71	64	72	144	2	65
263	2	71	66	72	144	2	47
263	2	71	70	72	144	2	141
263	2	71	75	72	144	2	46
263	2	71	80	72	144	2	202
263	2	71	81	72	144	2	262
263	2	71	82	72	144	3	188
263	2	71	84	72	144	2	67
263	2	71	86	72	144	2	54
263	2	71	87	72	144	2	33
263	2	71	92	72	144	3	inf
263	2	71	93	72	144	3	89
263	2	71	94	72	144	3	inf
263	2	71	96	72	144	2	81
263	2	71	97	72	144	3	89
263	2	71	103	72	144	2	33
263	2	71	104	72	144	2	54
263	2	71	106	72	144	2	67
263	2	71	108	72	144	3	188
263	2	71	109	72	144	2	262
263	2	71	110	72	144	2	202
263	2	71	115	72	144	2	46
263	2	71	120	72	144	2	141
263	2	71	124	72	144	2	47
263	2	71	126	72	144	2	65
263	2	71	131	72	144	3	inf
263	2	71	136	72	144	2	198
263	2	71	138	72	144	2	216
263	2	71	142	72	144	2	122
263	3	0	0	72	144	2	182
263	3	0	2	72	144	2	182
263	3	0	3	72	144	3	174
263	3	0	9	72	144	2	230
263	3	0	10	72	144	2	209
263	3	0	12	72	144	2	196
263	3	0	14	72	144	3	75
263	3	0	15	72	144	2	1
263	3	0	16	72	144	2	61
263	3	0	21	72	144	2	217
263	3	0	26	72	144	2	122
263	3	0	30	72	144	2	216
263	3	0	32	72	144	2	198
263	3	0	37	72	144	3	inf
263	3	0	42	72	144	2	65
263	3	0	44	72	144	2	47
263	3	0	48	72	144	2	141
263	3	0	53	72	144	2	46
263	3	0	58	72	144	2	202
263	3	0	59	72	144	2	262
263	3	0	60	72	144	3	188
263	3	0	62	72	144	2	67
263	3	0	64	72	144	2	54
263	3	0	65	72	144	2	33
263	3	0	70	72	144	3	inf
263	3	0	71	72	144	3	89
263	3	0	72	72	144	3	inf
263	3	0	74	72	144	2	81
263	3	0	75	72	144	3	89
263	3	0	81	72	144	2	33
263	3	0	82	72	144	2	54
263	3	0	84	72	144	2	67
263	3	0	86	72	144	3	188
263	3	0	87	72	144	2	262
263	3	0	88	72	144	2	202
263	3	0	93	72	144	2	46
263	3	0	98	72	144	2	141
263	3	0	102	72	144	2	47
263	3	0	104	72	144	2	65
263	3	0	109	72	144	3	inf
263	3	0	114	72	144	2	198
263	3	0	116	72	144	2	216
263	3	0	120	72	144	2	122
263	3	0	125	72	144	2	217
263	3	0	130	72	144	2	61
263	3	0	131	72	144	2	1
263	3	0	132	72	144	3	75
263	3	0	134	72	144	2	196
263	3	0	136	72	144	2	209
263	3	0	137	72	144	2	230
263	3	0	143	72	144	3	174
263	3	1	0	72	144	2	61
263	3	1	1	72	144	2	1
263	3	1	2	72	144	3	75
263	3	1	4	72	144	2	196
263	3	1	6	72	144	2	209
263	3	1	7	72	144	2	230
263	3	1	13	72	144	3	174
263	3	1	14	72	144	2	182
263	3	1	16	72	144	2	182
263	3	1	17	72	144	3	174
263	3	1	23	72	144	2	230
263	3	1	24	72	144	2	209
263	3	1	26	72	144	2	196
263	3	1	28	72	144	3	75
263	3	1	29	72	144	2	1
263	3	1	30	72	144	2	61
263	3	1	35	72	144	2	217
263	3	1	40	72	144	2	122
263	3	1	44	72	144	2	216
263	3	1	46	72	144	2	198
263	3	1	51	72	144	3	inf
263	3	1	56	72	144	2	65
263	3	1	58	72	144	2	47
263	3	1	62	72	144	2	141
263	3	1	67	72	144	2	46
263	3	1	72	72	144	2	202
263	3	1	73	72	144	2	262
263	3	1	74	72	144	3	188
263	3	1	76	72	144	2	67
263	3	1	78	72	144	2	54
263	3	1	79	72	144	2	33
263	3	1	84	72	144	3	inf
263	3	1	85	72	144	3	89
263	3	1	86	72	144	3	inf
263	3	1	88	72	144	2	81
263	3	1	89	72	144	3	89
263	3	1	95	72	144	2	33
263	3	1	96	72	144	2	54
263	3	1	98	72	144	2	67
263	3	1	100	72	144	3	188
263	3	1	101	72	144	2	262
263	3	1	102	72	144	2	202
263	3	1	107	72	144	2	46
263	3	1	112	72	144	2	141
263	3	1	116	72	144	2	47
263	3	1	118	72	144	2	65
263	3	1	123	72	144	3	inf
263	3	1	128	72	144	2	198
263	3	1	130	72	144	2	216
263	3	1	134	72	144	2	122
263	3	1	139	72	144	2	217
263	3	2	0	72	144	2	216
263	3	2	4	72	144	2	122
263	3	2	9	72	144	2	217
263	3	2	14	72	144	2	61
263	3	2	15	72	144	2	1
263	3	2	16	72	144	3	75
263	3	2	18	72	144	2	196
263	3	2	20	72	144	2	209
263	3	2	21	72	144	2	230
263	3	2	27	72	144	3	174
263	3	2	28	72	144	2	182
263	3	2	30	72	144	2	182
263	3	2	31	72	144	3	174
263	3	2	37	72	144	2	230
263	3	2	38	72	144	2	209
263	3	2	40	72	144	2	196
263	3	2	42	72	144	3	75
263	3	2	43	72	144	2	1
263	3	2	44	72	144	2	61
263	3	2	49	72	144	2	217
263	3	2	54	72	144	2	122
263	3	2	58	72	144	2	216
263	3	2	60	72	144	2	198
263	3	2	65	72	144	3	inf
263	3	2	70	72	144	2	65
263	3	2	72	72	144	2	47
263	3	2	76	72	144	2	141
263	3	2	81	72	144	2	46
263	3	2	86	72	144	2	202
263	3	2	87	72	144	2	262
263	3	2	88	72	144	3	188
263	3	2	90	72	144	2	67
263	3	2	92	72	144	2	54
263	3	2	93	72	144	2	33
263	3	2	98	72	144	3	inf
263	3	2	99	72	144	3	89
263	3	2	100	72	144	3	inf
263	3	2	102	72	144	2	81
263	3	2	103	72	144	3	89
263	3	2	109	72	144	2	33
263	3	2	110	72	144	2	54
263	3	2	112	72	144	2	67
263	3	2	114	72	144	3	188
263	3	2	115	72	144	2	262
263	3	2	116	72	144	2	202
263	3	2	121	72	144	2	46
263	3	2	126	72	144	2	141
263	3	2	130	72	144	2	47
263	3	2	132	72	144	2	65
263	3	2	137	72	144	3	inf
263	3	2	142	72	144	2	198
263	3	3	0	72	144	2	47
263	3	3	2	72	144	2	65
263	3	3	7	72	144	3	inf
263	3	3	12	72	144	2	198
263	3	3	14	72	144	2	216
263	3	3	18	72	144	2	122
263	3	3	23	72	144	2	217
263	3	3	28	72	144	2	61
263	3	3	29	72	144	2	1
263	3	3	30	72	144	3	75
263	3	3	32	72	144	2	196
263	3	3	34	72	144	2	209
263	3	3	35	72	144	2	230
263	3	3	41	72	144	3	174
263	3	3	42	72	144	2	182
263	3	3	44	72	144	2	182
263	3	3	45	72	144	3	174
263	3	3	51	72	144	2	230
263	3	3	52	72	144	2	209
263	3	3	54	72	144	2	196
263	3	3	56	72	144	3	75
263	3	3	57	72	144	2	1
263	3	3	58	72	144	2	61
263	3	3	63	72	144	2	217
263	3	3	68	72	144	2	122
263	3	3	72	72	144	2	216
263	3	3	74	72	144	2	198
263	3	3	79	72	144	3	inf
263	3	3	84	72	144	2	65
263	3	3	86	72	144	2	47
263	3	3	90	72	144	2	141
263	3	3	95	72	144	2	46
263	3	3	100	72	144	2	202
263	3	3	101	72	144	2	262
263	3	3	102	72	144	3	188
263	3	3	104	72	144	2	67
263	3	3	106	72	144	2	54
263	3	3	107	72	144	2	33
263	3	3	112	72	144	3	inf
263	3	3	113	72	144	3	89
263	3	3	114	72	144	3	inf
263	3	3	116	72	144	2	81
263	3	3	117	72	144	3	89
263	3	3	123	72	144	2	33
263	3	3	124	72	144	2	54
263	3	3	126	72	144	2	67
263	3	3	128	72	144	3	188
263	3	3	129	72	144	2	262
263	3	3	130	72	144	2	202
263	3	3	135	72	144	2	46
263	3	3	140	72	144	2	141
263	3	4	0	72	144	2	202
263	3	4	5	72	144	2	46
263	3	4	10	72	144	2	141
263	3	4	14	72	144	2	47
263	3	4	16	72	144	2	65
263	3	4	21	72	144	3	inf
263	3	4	26	72	144	2	198
263	3	4	28	72	144	2	216
263	3	4	32	72	144	2	122
263	3	4	37	72	144	2	217
263	3	4	42	72	144	2	61
263	3	4	43	72	144	2	1
263	3	4	44	72	144	3	75
263	3	4	46	72	144	2	196
263	3	4	48	72	144	2	209
263	3	4	49	72	144	2	230
263	3	4	55	72	144	3	174
263	3	4	56	72	144	2	182
263	3	4	58	72	144	2	182
263	3	4	59	72	144	3	174
263	3	4	65	72	144	2	230
263	3	4	66	72	144	2	209
263	3	4	68	72	144	2	196
263	3	4	70	72	144	3	75
263	3	4	71	72	144	2	1
263	3	4	72	72	144	2	61
263	3	4	77	72	144	2	217
263	3	4	82	72	144	2	122
263	3	4	86	72	144	2	216
263	3	4	88	72	144	2	198
263	3	4	93	72	144	3	inf
263	3	4	98	72	144	2	65
263	3	4	100	72	144	2	47
263	3	4	104	72	144	2	141
263	3	4	109	72	144	2	46
263	3	4	114	72	144	2	202
263	3	4	115	72	144	2	262
263	3	4	116	72	144	3	188
263	3	4	118	72	144	2	67
263	3	4	120	72	144	2	54
263	3	4	121	72	144	2	33
263	3	4	126	72	144	3	inf
263	3	4	127	72	144	3	89
263	3	4	128	72	144	3	inf
263	3	4	130	72	144	2	81
263	3	4	131	72	144	3	89
263	3	4	137	72	144	2	33
263	3	4	138	72	144	2	54
263	3	4	140	72	144	2	67
263	3	4	142	72	144	3	188
263	3	4	143	72	144	2	262
263	3	5	0	72	144	2	81
263	3	5	1	72	144	3	89
263	3	5	7	72	144	2	33
263	3	5	8	72	144	2	54
263	3	5	10	72	144	2	67
263	3	5	12	72	144	3	188
263	3	5	13	72	144	2	262
263	3	5	14	72	144	2	202
263	3	5	19	72	144	2	46
263	3	5	24	72	144	2	141
263	3	5	28	72	144	2	47
263	3	5	30	72	144	2	65
263	3	5	35	72	144	3	inf
263	3	5	40	72	144	2	198
263	3	5	42	72	144	2	216
263	3	5	46	72	144	2	122
263	3	5	51	72	144	2	217
263	3	5	56	72	144	2	61
263	3	5	57	72	144	2	1
263	3	5	58	72	144	3	75
263	3	5	60	72	144	2	196
263	3	5	62	72	144	2	209
263	3	5	63	72	144	2	230
263	3	5	69	72	144	3	174
263	3	5	70	72	144	2	182
263	3	5	72	72	144	2	182
263	3	5	73	72	144	3	174
263	3	5	79	72	144	2	230
263	3	5	80	72	144	2	209
263	3	5	82	72	144	2	196
263	3	5	84	72	144	3	75
263	3	5	85	72	144	2	1
263	3	5	86	72	144	2	61
263	3	5	91	72	144	2	217
263	3	5	96	72	144	2	122
263	3	5	100	72	144	2	216
263	3	5	102	72	144	2	198
263	3	5	107	72	144	3	inf
263	3	5	112	72	144	2	65
263	3	5	114	72	144	2	47
263	3	5	118	72	144	2	141
263	3	5	123	72	144	2	46
263	3	5	128	72	144	2	202
263	3	5	129	72	144	2	262
263	3	5	130	72	144	3	188
263	3	5	132	72	144	2	67
263	3	5	134	72	144	2	54
263	3	5	135	72	144	2	33
263	3	5	140	72	144	3	inf
263	3	5	141	72	144	3	89
263	3	5	142	72	144	3	inf
263	3	6	0	72	144	3	188
263	3	6	2	72	144	2	67
263	3	6	4	72	144	2	54
263	3	6	5	72	144	2	33
263	3	6	10	72	144	3	inf
263	3	6	11	72	144	3	89
263	3	6	12	72	144	3	inf
263	3	6	14	72	144	2	81
263	3	6	15	72	144	3	89
263	3	6	21	72	144	2	33
263	3	6	22	72	144	2	54
263	3	6	24	72	144	2	67
263	3	6	26	72	144	3	188
263	3	6	27	72	144	2	262
263	3	6	28	72	144	2	202
263	3	6	33	72	144	2	46
263	3	6	38	72	144	2	141
263	3	6	42	72	144	2	47
263	3	6	44	72	144	2	65
263	3	6	49	72	144	3	inf
263	3	6	54	72	144	2	198
263	3	6	56	72	144	2	216
263	3	6	60	72	144	2	122
263	3	6	65	72	144	2	217
263	3	6	70	72	144	2	61
263	3	6	71	72	144	2	1
263	3	6	72	72	144	3	75
263	3	6	74	72	144	2	196
263	3	6	76	72	144	2	209
263	3	6	77	72	144	2	230
263	3	6	83	72	144	3	174
263	3	6	84	72	144	2	182
263	3	6	86	72	144	2	182
263	3	6	87	72	144	3	174
263	3	6	93	72	144	2	230
263	3	6	94	72	144	2	209
263	3	6	96	72	144	2	196
263	3	6	98	72	144	3	75
263	3	6	99	72	144	2	1
263	3	6	100	72	144	2	61
263	3	6	105	72	144	2	217
263	3	6	110	72	144	2	122
263	3	6	114	72	144	2	216
263	3	6	116	72	144	2	198
263	3	6	121	72	144	3	inf
263	3	6	126	72	144	2	65
263	3	6	128	72	144	2	47
263	3	6	132	72	144	2	141
263	3	6	137	72	144	2	46
263	3	6	142	72	144	2	202
263	3	6	143	72	144	2	262
263	3	7	2	72	144	2	141
263	3	7	7	72	144	2	46
263	3	7	12	72	144	2	202
263	3	7	13	72	144	2	262
263	3	7	14	72	144	3	188
263	3	7	16	72	144	2	67
263	3	7	18	72	144	2	54
263	3	7	19	72	144	2	33
263	3	7	24	72	144	3	inf
263	3	7	25	72	144	3	89
263	3	7	26	72	144	3	inf
263	3	7	28	72	144	2	81
263	3	7	29	72	144	3	89
263	3	7	35	72	144	2	33
263	3	7	36	72	144	2	54
263	3	7	38	72	144	2	67
263	3	7	40	72	144	3	188
263	3	7	41	72	144	2	262
263	3	7	42	72	144	2	202
263	3	7	47	72	144	2	46
263	3	7	52	72	144	2	141
263	3	7	56	72	144	2	47
263	3	7	58	72	144	2	65
263	3	7	63	72	144	3	inf
263	3	7	68	72	144	2	198
263	3	7	70	72	144	2	216
263	3	7	74	72	144	2	122
263	3	7	79	72	144	2	217
263	3	7	84	72	144	2	61
263	3	7	85	72	144	2	1
263	3	7	86	72	144	3	75
263	3	7	88	72	144	2	196
263	3	7	90	72	144	2	209
263	3	7	91	72	144	2	230
263	3	7	97	72	144	3	174
263	3	7	98	72	144	2	182
263	3	7	100	72	144	2	182
263	3	7	101	72	144	3	174
263	3	7	107	72	144	2	230
263	3	7	108	72	144	2	209
263	3	7	110	72	144	2	196
263	3	7	112	72	144	3	75
263	3	7	113	72	144	2	1
263	3	7	114	72	144	2	61
263	3	7	119	72	144	2	217
263	3	7	124	72	144	2	122
263	3	7	128	72	144	2	216
263	3	7	130	72	144	2	198
263	3	7	135	72	144	3	inf
263	3	7	140	72	144	2	65
263	3	7	142	72	144	2	47
263	3	8	0	72	144	2	198
263	3	8	5	72	144	3	inf
263	3	8	10	72	144	2	65
263	3	8	12	72	144	2	47
263	3	8	16	72	144	2	141
263	3	8	21	72	144	2	46
263	3	8	26	72	144	2	202
263	3	8	27	72	144	2	262
263	3	8	28	72	144	3	188
263	3	8	30	72	144	2	67
263	3	8	32	72	144	2	54
263	3	8	33	72	144	2	33
263	3	8	38	72	144	3	inf
263	3	8	39	72	144	3	89
263	3	8	40	72	144	3	inf
263	3	8	42	72	144	2	81
263	3	8	43	72	144	3	89
263	3	8	49	72	144	2	33
263	3	8	50	72	144	2	54
263	3	8	52	72	144	2	67
263	3	8	54	72	144	3	188
263	3	8	55	72	144	2	262
263	3	8	56	72	144	2	202
263	3	8	61	72	144	2	46
263	3	8	66	72	144	2	141
263	3	8	70	72	144	2	47
263	3	8	72	72	144	2	65
263	3	8	77	72	144	3	inf
263	3	8	82	72	144	2	198
263	3	8	84	72	144	2	216
263	3	8	88	72	144	2	122
263	3	8	93	72	144	2	217
263	3	8	98	72	144	2	61
263	3	8	99	72	144	2	1
263	3	8	100	72	144	3	75
263	3	8	102	72	144	2	196
263	3	8	104	72	144	2	209
263	3	8	105	72	144	2	230
263	3	8	111	72	144	3	174
263	3	8	112	72	144	2	182
263	3	8	114	72	144	2	182
263	3	8	115	72	144	3	174
263	3	8	121	72	144	2	230
263	3	8	122	72	144	2	209
263	3	8	124	72	144	2	196
263	3	8	126	72	144	3	75
263	3	8	127	72	144	2	1
263	3	8	128	72	144	2	61
263	3	8	133	72	144	2	217
263	3	8	138	72	144	2	122
263	3	8	142	72	144	2	216
263	3	9	3	72	144	2	217
263	3	9	8	72	144	2	122
263	3	9	12	72	144	2	216
263	3	9	14	72	144	2	198
263	3	9	19	72	144	3	inf
263	3	9	24	72	144	2	65
263	3	9	26	72	144	2	47
263	3	9	30	72	144	2	141
263	3	9	35	72	144	2	46
263	3	9	40	72	144	2	202
263	3	9	41	72	144	2	262
263	3	9	42	72	144	3	188
263	3	9	44	72	144	2	67
263	3	9	46	72	144	2	54
263	3	9	47	72	144	2	33
263	3	9	52	72	144	3	inf
263	3	9	53	72	144	3	89
263	3	9	54	72	144	3	inf
263	3	9	56	72	144	2	81
263	3	9	57	72	144	3	89
263	3	9	63	72	144	2	33
263	3	9	64	72	144	2	54
263	3	9	66	72	144	2	67
263	3	9	68	72	144	3	188
263	3	9	69	72	144	2	262
263	3	9	70	72	144	2	202
263	3	9	75	72	144	2	46
263	3	9	80	72	144	2	141
263	3	9	84	72	144	2	47
263	3	9	86	72	144	2	65
263	3	9	91	72	144	3	inf
263	3	9	96	72	144	2	198
263	3	9	98	72	144	2	216
263	3	9	102	72	144	2	122
263	3	9	107	72	144	2	217
263	3	9	112	72	144	2	61
263	3	9	113	72	144	2	1
263	3	9	114	72	144	3	75
263	3	9	116	72	144	2	196
263	3	9	118	72	144	2	209
263	3	9	119	72	144	2	230
263	3	9	125	72	144	3	174
263	3	9	126	72	144	2	182
263	3	9	128	72	144	2	182
263	3	9	129	72	144	3	174
263	3	9	135	72	144	2	230
263	3	9	136	72	144	2	209
263	3	9	138	72	144	2	196
263	3	9	140	72	144	3	75
263	3	9	141	72	144	2	1
263	3	9	142	72	144	2	61
263	3	10	5	72	144	2	230
263	3	10	6	72	144	2	209
263	3	10	8	72	144	2	196
263	3	10	10	72	144	3	75
263	3	10	11	72	144	2	1
263	3	10	12	72	144	2	61
263	3	10	17	72	144	2	217
263	3	10	22	72	144	2	122
263	3	10	26	72	144	2	216
263	3	10	28	72	144	2	198
263	3	10	33	72	144	3	inf
263	3	10	38	72	144	2	65
263	3	10	40	72	144	2	47
263	3	10	44	72	144	2	141
263	3	10	49	72	144	2	46
263	3	10	54	72	144	2	202
263	3	10	55	72	144	2	262
263	3	10	56	72	144	3	188
263	3	10	58	72	144	2	67
263	3	10	60	72	144	2	54
263	3	10	61	72	144	2	33
263	3	10	66	72	144	3	inf
263	3	10	67	72	144	3	89
263	3	10	68	72	144	3	inf
263	3	10	70	72	144	2	81
263	3	10	71	72	144	3	89
263	3	10	77	72	144	2	33
263	3	10	78	72	144	2	54
263	3	10	80	72	144	2	67
263	3	10	82	72	144	3	188
263	3	10	83	72	144	2	262
263	3	10	84	72	144	2	202
263	3	10	89	72	144	2	46
263	3	10	94	72	144	2	141
263	3	10	98	72	144	2	47
263	3	10	100	72	144	2	65
263	3	10	105	72	144	3	inf
263	3	10	110	72	144	2	198
263	3	10	112	72	144	2	216
263	3	10	116	72	144	2	122
263	3	10	121	72	144	2	217
263	3	10	126	72	144	2	61
263	3	10	127	72	144	2	1
263	3	10	128	72	144	3	75
263	3	10	130	72	144	2	196
263	3	10	132	72	144	2	209
263	3	10	133	72	144	2	230
263	3	10	139	72	144	3	174
263	3	10	140	72	144	2	182
263	3	10	142	72	144	2	182
263	3	10	143	72	144	3	174
263	3	11	0	72	144	2	196
263	3	11	2	72	144	2	209
263	3	11	3	72	144	2	230
263	3	11	9	72	144	3	174
263	3	11	10	72	144	2	182
263	3	11	12	72	144	2	182
263	3	11	13	72	144	3	174
263	3	11	19	72	144	2	230
263	3	11	20	72	144	2	209
263	3	11	22	72	144	2	196
263	3	11	24	72	144	3	75
263	3	11	25	72	144	2	1
263	3	11	26	72	144	2	61
263	3	11	31	72	144	2	217
263	3	11	36	72	144	2	122
263	3	11	40	72	144	2	216
263	3	11	42	72	144	2	198
263	3	11	47	72	144	3	inf
263	3	11	52	72	144	2	65
263	3	11	54	72	144	2	47
263	3	11	58	72	144	2	141
263	3	11	63	72	144	2	46
263	3	11	68	72	144	2	202
263	3	11	69	72	144	2	262
263	3	11	70	72	144	3	188
263	3	11	72	72	144	2	67
263	3	11	74	72	144	2	54
263	3	11	75	72	144	2	33
263	3	11	80	72	144	3	inf
263	3	11	81	72	144	3	89
263	3	11	82	72	144	3	inf
263	3	11	84	72	144	2	81
263	3	11	85	72	144	3	89
263	3	11	91	72	144	2	33
263	3	11	92	72	144	2	54
263	3	11	94	72	144	2	67
263	3	11	96	72	144	3	188
263	3	11	97	72	144	2	262
263	3	11	98	72	144	2	202
263	3	11	103	72	144	2	46
263	3	11	108	72	144	2	141
263	3	11	112	72	144	2	47
263	3	11	114	72	144	2	65
263	3	11	119	72	144	3	inf
263	3	11	124	72	144	2	198
263	3	11	126	72	144	2	216
263	3	11	130	72	144	2	122
263	3	11	135	72	144	2	217
263	3	11	140	72	144	2	61
263	3	11	141	72	144	2	1
263	3	11	142	72	144	3	75
263	3	12	0	72	144	2	122
263	3	12	5	72	144	2	217
263	3	12	10	72	144	2	61
263	3	12	11	72	144	2	1
263	3	12	12	72	144	3	75
263	3	12	14	72	144	2	196
263	3	12	16	72	144	2	209
263	3	12	17	72	144	2	230
263	3	12	23	72	144	3	174
263	3	12	24	72	144	2	182
263	3	12	26	72	144	2	182
263	3	12	27	72	144	3	174
263	3	12	33	72	144	2	230
263	3	12	34	72	144	2	209
263	3	12	36	72	144	2	196
263	3	12	38	72	144	3	75
263	3	12	39	72	144	2	1
263	3	12	40	72	144	2	61
263	3	12	45	72	144	2	217
263	3	12	50	72	144	2	122
263	3	12	54	72	144	2	216
263	3	12	56	72	144	2	198
263	3	12	61	72	144	3	inf
263	3	12	66	72	144	2	65
263	3	12	68	72	144	2	47
263	3	12	72	72	144	2	141
263	3	12	77	72	144	2	46
263	3	12	82	72	144	2	202
263	3	12	83	72	144	2	262
263	3	12	84	72	144	3	188
263	3	12	86	72	144	2	67
263	3	12	88	72	144	2	54
263	3	12	89	72	144	2	33
263	3	12	94	72	144	3	inf
263	3	12	95	72	144	3	89
263	3	12	96	72	144	3	inf
263	3	12	98	72	144	2	81
263	3	12	99	72	144	3	89
263	3	12	105	72	144	2	33
263	3	12	106	72	144	2	54
263	3	12	108	72	144	2	67
263	3	12	110	72	144	3	188
263	3	12	111	72	144	2	262
263	3	12	112	72	144	2	202
263	3	12	117	72	144	2	46
263	3	12	122	72	144	2	141
263	3	12	126	72	144	2	47
263	3	12	128	72	144	2	65
263	3	12	133	72	144	3	inf
263	3	12	138	72	144	2	198
263	3	12	140	72	144	2	216
263	3	13	3	72	144	3	inf
263	3	13	8	72	144	2	198
263	3	13	10	72	144	2	216
263	3	13	14	72	144	2	122
263	3	13	19	72	144	2	217
263	3	13	24	72	144	2	61
263	3	13	25	72	144	2	1
263	3	13	26	72	144	3	75
263	3	13	28	72	144	2	196
263	3	13	30	72	144	2	209
263	3	13	31	72	144	2	230
263	3	13	37	72	144	3	174
263	3	13	38	72	144	2	182
263	3	13	40	72	144	2	182
263	3	13	41	72	144	3	174
263	3	13	47	72	144	2	230
263	3	13	48	72	144	2	209
263	3	13	50	72	144	2	196
263	3	13	52	72	144	3	75
263	3	13	53	72	144	2	1
263	3	13	54	72	144	2	61
263	3	13	59	72	144	2	217
263	3	13	64	72	144	2	122
263	3	13	68	72	144	2	216
263	3	13	70	72	144	2	198
263	3	13	75	72	144	3	inf
263	3	13	80	72	144	2	65
263	3	13	82	72	144	2	47
263	3	13	86	72	144	2	141
263	3	13	91	72	144	2	46
263	3	13	96	72	144	2	202
263	3	13	97	72	144	2	262
263	3	13	98	72	144	3	188
263	3	13	100	72	144	2	67
263	3	13	102	72	144	2	54
263	3	13	103	72	144	2	33
263	3	13	108	72	144	3	inf
263	3	13	109	72	144	3	89
263	3	13	110	72	144	3	inf
263	3	13	112	72	144	2	81
263	3	13	113	72	144	3	89
263	3	13	119	72	144	2	33
263	3	13	120	72	144	2	54
263	3	13	122	72	144	2	67
263	3	13	124	72	144	3	188
263	3	13	125	72	144	2	262
263	3	13	126	72	144	2	202
263	3	13	131	72	144	2	46
263	3	13	136	72	144	2	141
263	3	13	140	72	144	2	47
263	3	13	142	72	144	2	65
263	3	14	1	72	144	2	46
263	3	14	6	72	144	2	141
263	3	14	10	72	144	2	47
263	3	14	12	72	144	2	65
263	3	14	17	72	144	3	inf
263	3	14	22	72	144	2	198
263	3	14	24	72	144	2	216
263	3	14	28	72	144	2	122
263	3	14	33	72	144	2	217
263	3	14	38	72	144	2	61
263	3	14	39	72	144	2	1
263	3	14	40	72	144	3	75
263	3	14	42	72	144	2	196
263	3	14	44	72	144	2	209
263	3	14	45	72	144	2	230
263	3	14	51	72	144	3	174
263	3	14	52	72	144	2	182
263	3	14	54	72	144	2	182
263	3	14	55	72	144	3	174
263	3	14	61	72	144	2	230
263	3	14	62	72	144	2	209
263	3	14	64	72	144	2	196
263	3	14	66	72	144	3	75
263	3	14	67	72	144	2	1
263	3	14	68	72	144	2	61
263	3	14	73	72	144	2	217
263	3	14	78	72	144	2	122
263	3	14	82	72	144	2	216
263	3	14	84	72	144	2	198
263	3	14	89	72	144	3	inf
263	3	14	94	72	144	2	65
263	3	14	96	72	144	2	47
263	3	14	100	72	144	2	141
263	3	14	105	72	144	2	46
263	3	14	110	72	144	2	202
263	3	14	111	72	144	2	262
263	3	14	112	72	144	3	188
263	3	14	114	72	144	2	67
263	3	14	116	72	144	2	54
263	3	14	117	72	144	2	33
263	3	14	122	72	144	3	inf
263	3	14	123	72	144	3	89
263	3	14	124	72	144	3	inf
263	3	14	126	72	144	2	81
263	3	14	127	72	144	3	89
263	3	14	133	72	144	2	33
263	3	14	134	72	144	2	54
263	3	14	136	72	144	2	67
263	3	14	138	72	144	3	188
263	3	14	139	72	144	2	262
263	3	14	140	72	144	2	202
263	3	15	3	72	144	2	33
263	3	15	4	72	144	2	54
263	3	15	6	72	144	2	67
263	3	15	8	72	144	3	188
263	3	15	9	72	144	2	262
263	3	15	10	72	144	2	202
263	3	15	15	72	144	2	46
263	3	15	20	72	144	2	141
263	3	15	24	72	144	2	47
263	3	15	26	72	144	2	65
263	3	15	31	72	144	3	inf
263	3	15	36	72	144	2	198
263	3	15	38	72	144	2	216
263	3	15	42	72	144	2	122
263	3	15	47	72	144	2	217
263	3	15	52	72	144	2	61
263	3	15	53	72	144	2	1
263	3	15	54	72	144	3	75
263	3	15	56	72	144	2	196
263	3	15	58	72	144	2	209
263	3	15	59	72	144	2	230
263	3	15	65	72	144	3	174
263	3	15	66	72	144	2	182
263	3	15	68	72	144	2	182
263	3	15	69	72	144	3	174
263	3	15	75	72	144	2	230
263	3	15	76	72	144	2	209
263	3	15	78	72	144	2	196
263	3	15	80	72	144	3	75
263	3	15	81	72	144	2	1
263	3	15	82	72	144	2	61
263	3	15	87	72	144	2	217
263	3	15	92	72	144	2	122
263	3	15	96	72	144	2	216
263	3	15	98	72	144	2	198
263	3	15	103	72	144	3	inf
263	3	15	108	72	144	2	65
263	3	15	110	72	144	2	47
263	3	15	114	72	144	2	141
263	3	15	119	72	144	2	46
263	3	15	124	72	144	2	202
263	3	15	125	72	144	2	262
263	3	15	126	72	144	3	188
263	3	15	128	72	144	2	67
263	3	15	130	72	144	2	54
263	3	15	131	72	144	2	33
263	3	15	136	72	144	3	inf
263	3	15	137	72	144	3	89
263	3	15	138	72	144	3	inf
263	3	15	140	72	144	2	81
263	3	15	141	72	144	3	89
263	3	16	0	72	144	2	54
263	3	16	1	72	144	2	33
263	3	16	6	72	144	3	inf
263	3	16	7	72	144	3	89
263	3	16	8	72	144	3	inf
263	3	16	10	72	144	2	81
263	3	16	11	72	144	3	89
263	3	16	17	72	144	2	33
263	3	16	18	72	144	2	54
263	3	16	20	72	144	2	67
263	3	16	22	72	144	3	188
263	3	16	23	72	144	2	262
263	3	16	24	72	144	2	202
263	3	16	29	72	144	2	46
263	3	16	34	72	144	2	141
263	3	16	38	72	144	2	47
263	3	16	40	72	144	2	65
263	3	16	45	72	144	3	inf
263	3	16	50	72	144	2	198
263	3	16	52	72	144	2	216
263	3	16	56	72	144	2	122
263	3	16	61	72	144	2	217
263	3	16	66	72	144	2	61
263	3	16	67	72	144	2	1
263	3	16	68	72	144	3	75
263	3	16	70	72	144	2	196
263	3	16	72	72	144	2	209
263	3	16	73	72	144	2	230
263	3	16	79	72	144	3	174
263	3	16	80	72	144	2	182
263	3	16	82	72	144	2	182
263	3	16	83	72	144	3	174
263	3	16	89	72	144	2	230
263	3	16	90	72	144	2	209
263	3	16	92	72	144	2	196
263	3	16	94	72	144	3	75
263	3	16	95	72	144	2	1
263	3	16	96	72	144	2	61
263	3	16	101	72	144	2	217
263	3	16	106	72	144	2	122
263	3	16	110	72	144	2	216
263	3	16	112	72	144	2	198
263	3	16	117	72	144	3	inf
263	3	16	122	72	144	2	65
263	3	16	124	72	144	2	47
263	3	16	128	72	144	2	141
263	3	16	133	72	144	2	46
263	3	16	138	72	144	2	202
263	3	16	139	72	144	2	262
263	3	16	140	72	144	3	188
263	3	16	142	72	144	2	67
263	3	17	3	72	144	2	46
263	3	17	8	72	144	2	202
263	3	17	9	72	144	2	262
263	3	17	10	72	144	3	188
263	3	17	12	72	144	2	67
263	3	17	14	72	144	2	54
263	3	17	15	72	144	2	33
263	3	17	20	72	144	3	inf
263	3	17	21	72	144	3	89
263	3	17	22	72	144	3	inf
263	3	17	24	72	144	2	81
263	3	17	25	72	144	3	89
263	3	17	31	72	144	2	33
263	3	17	32	72	144	2	54
263	3	17	34	72	144	2	67
263	3	17	36	72	144	3	188
263	3	17	37	72	144	2	262
263	3	17	38	72	144	2	202
263	3	17	43	72	144	2	46
263	3	17	48	72	144	2	141
263	3	17	52	72	144	2	47
263	3	17	54	72	144	2	65
263	3	17	59	72	144	3	inf
263	3	17	64	72	144	2	198
263	3	17	66	72	144	2	216
263	3	17	70	72	144	2	122
263	3	17	75	72	144	2	217
263	3	17	80	72	144	2	61
263	3	17	81	72	144	2	1
263	3	17	82	72	144	3	75
263	3	17	84	72	144	2	196
263	3	17	86	72	144	2	209
263	3	17	87	72	144	2	230
263	3	17	93	72	144	3	174
263	3	17	94	72	144	2	182
263	3	17	96	72	144	2	182
263	3	17	97	72	144	3	174
263	3	17	103	72	144	2	230
263	3	17	104	72	144	2	209
263	3	17	106	72	144	2	196
263	3	17	108	72	144	3	75
263	3	17	109	72	144	2	1
263	3	17	110	72	144	2	61
263	3	17	115	72	144	2	217
263	3	17	120	72	144	2	122
263	3	17	124	72	144	2	216
263	3	17	126	72	144	2	198
263	3	17	131	72	144	3	inf
263	3	17	136	72	144	2	65
263	3	17	138	72	144	2	47
263	3	17	142	72	144	2	141
263	3	18	1	72	144	3	inf
263	3	18	6	72	144	2	65
263	3	18	8	72	144	2	47
263	3	18	12	72	144	2	141
263	3	18	17	72	144	2	46
263	3	18	22	72	144	2	202
263	3	18	23	72	144	2	262
263	3	18	24	72	144	3	188
263	3	18	26	72	144	2	67
263	3	18	28	72	144	2	54
263	3	18	29	72	144	2	33
263	3	18	34	72	144	3	inf
263	3	18	35	72	144	3	89
263	3	18	36	72	144	3	inf
263	3	18	38	72	144	2	81
263	3	18	39	72	144	3	89
263	3	18	45	72	144	2	33
263	3	18	46	72	144	2	54
263	3	18	48	72	144	2	67
263	3	18	50	72	144	3	188
263	3	18	51	72	144	2	262
263	3	18	52	72	144	2	202
263	3	18	57	72	144	2	46
263	3	18	62	72	144	2	141
263	3	18	66	72	144	2	47
263	3	18	68	72	144	2	65
263	3	18	73	72	144	3	inf
263	3	18	78	72	144	2	198
263	3	18	80	72	144	2	216
263	3	18	84	72	144	2	122
263	3	18	89	72	144	2	217
263	3	18	94	72	144	2	61
263	3	18	95	72	144	2	1
263	3	18	96	72	144	3	75
263	3	18	98	72	144	2	196
263	3	18	100	72	144	2	209
263	3	18	101	72	144	2	230
263	3	18	107	72	144	3	174
263	3	18	108	72	144	2	182
263	3	18	110	72	144	2	182
263	3	18	111	72	144	3	174
263	3	18	117	72	144	2	230
263	3	18	118	72	144	2	209
263	3	18	120	72	144	2	196
263	3	18	122	72	144	3	75
263	3	18	123	72	144	2	1
263	3	18	124	72	144	2	61
263	3	18	129	72	144	2	217
263	3	18	134	72	144	2	122
263	3	18	138	72	144	2	216
263	3	18	140	72	144	2	198
263	3	19	4	72	144	2	122
263	3	19	8	72	144	2	216
263	3	19	10	72	144	2	198
263	3	19	15	72	144	3	inf
263	3	19	20	72	144	2	65
263	3	19	22	72	144	2	47
263	3	19	26	72	144	2	141
263	3	19	31	72	144	2	46
263	3	19	36	72	144	2	202
263	3	19	37	72	144	2	262
263	3	19	38	72	144	3	188
263	3	19	40	72	144	2	67
263	3	19	42	72	144	2	54
263	3	19	43	72	144	2	33
263	3	19	48	72	144	3	inf
263	3	19	49	72	144	3	89
263	3	19	50	72	144	3	inf
263	3	19	52	72	144	2	81
263	3	19	53	72	144	3	89
263	3	19	59	72	144	2	33
263	3	19	60	72	144	2	54
263	3	19	62	72	144	2	67
263	3	19	64	72	144	3	188
263	3	19	65	72	144	2	262
263	3	19	66	72	144	2	202
263	3	19	71	72	144	2	46
263	3	19	76	72	144	2	141
263	3	19	80	72	144	2	47
263	3	19	82	72	144	2	65
263	3	19	87	72	144	3	inf
263	3	19	92	72	144	2	198
263	3	19	94	72	144	2	216
263	3	19	98	72	144	2	122
263	3	19	103	72	144	2	217
263	3	19	108	72	144	2	61
263	3	19	109	72	144	2	1
263	3	19	110	72	144	3	75
263	3	19	112	72	144	2	196
263	3	19	114	72	144	2	209
263	3	19	115	72	144	2	230
263	3	19	121	72	144	3	174
263	3	19	122	72	144	2	182
263	3	19	124	72	144	2	182
263	3	19	125	72	144	3	174
263	3	19	131	72	144	2	230
263	3	19	132	72	144	2	209
263	3	19	134	72	144	2	196
263	3	19	136	72	144	3	75
263	3	19	137	72	144	2	1
263	3	19	138	72	144	2	61
263	3	19	143	72	144	2	217
263	3	20	1	72	144	2	230
263	3	20	2	72	144	2	209
263	3	20	4	72	144	2	196
263	3	20	6	72	144	3	75
263	3	20	7	72	144	2	1
263	3	20	8	72	144	2	61
263	3	20	13	72	144	2	217
263	3	20	18	72	144	2	122
263	3	20	22	72	144	2	216
263	3	20	24	72	144	2	198
263	3	20	29	72	144	3	inf
263	3	20	34	72	144	2	65
263	3	20	36	72	144	2	47
263	3	20	40	72	144	2	141
263	3	20	45	72	144	2	46
263	3	20	50	72	144	2	202
263	3	20	51	72	144	2	262
263	3	20	52	72	144	3	188
263	3	20	54	72	144	2	67
263	3	20	56	72	144	2	54
263	3	20	57	72	144	2	33
263	3	20	62	72	144	3	inf
263	3	20	63	72	144	3	89
263	3	20	64	72	144	3	inf
263	3	20	66	72	144	2	81
263	3	20	67	72	144	3	89
263	3	20	73	72	144	2	33
263	3	20	74	72	144	2	54
263	3	20	76	72	144	2	67
263	3	20	78	72	144	3	188
263	3	20	79	72	144	2	262
263	3	20	80	72	144	2	202
263	3	20	85	72	144	2	46
263	3	20	90	72	144	2	141
263	3	20	94	72	144	2	47
263	3	20	96	72	144	2	65
263	3	20	101	72	144	3	inf
263	3	20	106	72	144	2	198
263	3	20	108	72	144	2	216
263	3	20	112	72	144	2	122
263	3	20	117	72	144	2	217
263	3	20	122	72	144	2	61
263	3	20	123	72	144	2	1
263	3	20	124	72	144	3	75
263	3	20	126	72	144	2	196
263	3	20	128	72	144	2	209
263	3	20	129	72	144	2	230
263	3	20	135	72	144	3	174
263	3	20	136	72	144	2	182
263	3	20	138	72	144	2	182
263	3	20	139	72	144	3	174
263	3	21	5	72	144	3	174
263	3	21	6	72	144	2	182
263	3	21	8	72	144	2	182
263	3	21	9	72	144	3	174
263	3	21	15	72	144	2	230
263	3	21	16	72	144	2	209
263	3	21	18	72	144	2	196
263	3	21	20	72	144	3	75
263	3	21	21	72	144	2	1
263	3	21	22	72	144	2	61
263	3	21	27	72	144	2	217
263	3	21	32	72	144	2	122
263	3	21	36	72	144	2	216
263	3	21	38	72	144	2	198
263	3	21	43	72	144	3	inf
263	3	21	48	72	144	2	65
263	3	21	50	72	144	2	47
263	3	21	54	72	144	2	141
263	3	21	59	72	144	2	46
263	3	21	64	72	144	2	202
263	3	21	65	72	144	2	262
263	3	21	66	72	144	3	188
263	3	21	68	72	144	2	67
263	3	21	70	72	144	2	54
263	3	21	71	72	144	2	33
263	3	21	76	72	144	3	inf
263	3	21	77	72	144	3	89
263	3	21	78	72	144	3	inf
263	3	21	80	72	144	2	81
263	3	21	81	72	144	3	89
263	3	21	87	72	144	2	33
263	3	21	88	72	144	2	54
263	3	21	90	72	144	2	67
263	3	21	92	72	144	3	188
263	3	21	93	72	144	2	262
263	3	21	94	72	144	2	202
263	3	21	99	72	144	2	46
263	3	21	104	72	144	2	141
263	3	21	108	72	144	2	47
263	3	21	110	72	144	2	65
263	3	21	115	72	144	3	inf
263	3	21	120	72	144	2	198
263	3	21	122	72	144	2	216
263	3	21	126	72	144	2	122
263	3	21	131	72	144	2	217
263	3	21	136	72	144	2	61
263	3	21	137	72	144	2	1
263	3	21	138	72	144	3	75
263	3	21	140	72	144	2	196
263	3	21	142	72	144	2	209
263	3	21	143	72	144	2	230
263	3	22	1	72	144	2	217
263	3	22	6	72	144	2	61
263	3	22	7	72	144	2	1
263	3	22	8	72	144	3	75
263	3	22	10	72	144	2	196
263	3	22	12	72	144	2	209
263	3	22	13	72	144	2	230
263	3	22	19	72	144	3	174
263	3	22	20	72	144	2	182
263	3	22	22	72	144	2	182
263	3	22	23	72	144	3	174
263	3	22	29	72	144	2	230
263	3	22	30	72	144	2	209
263	3	22	32	72	144	2	196
263	3	22	34	72	144	3	75
263	3	22	35	72	144	2	1
263	3	22	36	72	144	2	61
263	3	22	41	72	144	2	217
263	3	22	46	72	144	2	122
263	3	22	50	72	144	2	216
263	3	22	52	72	144	2	198
263	3	22	57	72	144	3	inf
263	3	22	62	72	144	2	65
263	3	22	64	72	144	2	47
263	3	22	68	72	144	2	141
263	3	22	73	72	144	2	46
263	3	22	78	72	144	2	202
263	3	22	79	72	144	2	262
263	3	22	80	72	144	3	188
263	3	22	82	72	144	2	67
263	3	22	84	72	144	2	54
263	3	22	85	72	144	2	33
263	3	22	90	72	144	3	inf
263	3	22	91	72	144	3	89
263	3	22	92	72	144	3	inf
263	3	22	94	72	144	2	81
263	3	22	95	72	144	3	89
263	3	22	101	72	144	2	33
263	3	22	102	72	144	2	54
263	3	22	104	72	144	2	67
263	3	22	106	72	144	3	188
263	3	22	107	72	144	2	262
263	3	22	108	72	144	2	202
263	3	22	113	72	144	2	46
263	3	22	118	72	144	2	141
263	3	22	122	72	144	2	47
263	3	22	124	72	144	2	65
263	3	22	129	72	144	3	inf
263	3	22	134	72	144	2	198
263	3	22	136	72	144	2	216
263	3	22	140	72	144	2	122
263	3	23	4	72	144	2	198
263	3	23	6	72	144	2	216
263	3	23	10	72	144	2	122
263	3	23	15	72	144	2	217
263	3	23	20	72	144	2	61
263	3	23	21	72	144	2	1
263	3	23	22	72	144	3	75
263	3	23	24	72	144	2	196
263	3	23	26	72	144	2	209
263	3	23	27	72	144	2	230
263	3	23	33	72	144	3	174
263	3	23	34	72	144	2	182
263	3	23	36	72	144	2	182
263	3	23	37	72	144	3	174
263	3	23	43	72	144	2	230
263	3	23	44	72	144	2	209
263	3	23	46	72	144	2	196
263	3	23	48	72	144	3	75
263	3	23	49	72	144	2	1
263	3	23	50	72	144	2	61
263	3	23	55	72	144	2	217
263	3	23	60	72	144	2	122
263	3	23	64	72	144	2	216
263	3	23	66	72	144	2	198
263	3	23	71	72	144	3	inf
263	3	23	76	72	144	2	65
263	3	23	78	72	144	2	47
263	3	23	82	72	144	2	141
263	3	23	87	72	144	2	46
263	3	23	92	72	144	2	202
263	3	23	93	72	144	2	262
263	3	23	94	72	144	3	188
263	3	23	96	72	144	2	67
263	3	23	98	72	144	2	54
263	3	23	99	72	144	2	33
263	3	23	104	72	144	3	inf
263	3	23	105	72	144	3	89
263	3	23	106	72	144	3	inf
263	3	23	108	72	144	2	81
263	3	23	109	72	144	3	89
263	3	23	115	72	144	2	33
263	3	23	116	72	144	2	54
263	3	23	118	72	144	2	67
263	3	23	120	72	144	3	188
263	3	23	121	72	144	2	262
263	3	23	122	72	144	2	202
263	3	23	127	72	144	2	46
263	3	23	132	72	144	2	141
263	3	23	136	72	144	2	47
263	3	23	138	72	144	2	65
263	3	23	143	72	144	3	inf
263	3	24	2	72	144	2	141
263	3	24	6	72	144	2	47
263	3	24	8	72	144	2	65
263	3	24	13	72	144	3	inf
263	3	24	18	72	144	2	198
263	3	24	20	72	144	2	216
263	3	24	24	72	144	2	122
263	3	24	29	72	144	2	217
263	3	24	34	72	144	2	61
263	3	24	35	72	144	2	1
263	3	24	36	72	144	3	75
263	3	24	38	72	144	2	196
263	3	24	40	72	144	2	209
263	3	24	41	72	144	2	230
263	3	24	47	72	144	3	174
263	3	24	48	72	144	2	182
263	3	24	50	72	144	2	182
263	3	24	51	72	144	3	174
263	3	24	57	72	144	2	230
263	3	24	58	72	144	2	209
263	3	24	60	72	144	2	196
263	3	24	62	72	144	3	75
263	3	24	63	72	144	2	1
263	3	24	64	72	144	2	61
263	3	24	69	72	144	2	217
263	3	24	74	72	144	2	122
263	3	24	78	72	144	2	216
263	3	24	80	72	144	2	198
263	3	24	85	72	144	3	inf
263	3	24	90	72	144	2	65
263	3	24	92	72	144	2	47
263	3	24	96	72	144	2	141
263	3	24	101	72	144	2	46
263	3	24	106	72	144	2	202
263	3	24	107	72	144	2	262
263	3	24	108	72	144	3	188
263	3	24	110	72	144	2	67
263	3	24	112	72	144	2	54
263	3	24	113	72	144	2	33
263	3	24	118	72	144	3	inf
263	3	24	119	72	144	3	89
263	3	24	120	72	144	3	inf
263	3	24	122	72	144	2	81
263	3	24	123	72	144	3	89
263	3	24	129	72	144	2	33
263	3	24	130	72	144	2	54
263	3	24	132	72	144	2	67
263	3	24	134	72	144	3	188
263	3	24	135	72	144	2	262
263	3	24	136	72	144	2	202
263	3	24	141	72	144	2	46
263	3	25	0	72	144	2	54
263	3	25	2	72	144	2	67
263	3	25	4	72	144	3	188
263	3	25	5	72	144	2	262
263	3	25	6	72	144	2	202
263	3	25	11	72	144	2	46
263	3	25	16	72	144	2	141
263	3	25	20	72	144	2	47
263	3	25	22	72	144	2	65
263	3	25	27	72	144	3	inf
263	3	25	32	72	144	2	198
263	3	25	34	72	144	2	216
263	3	25	38	72	144	2	122
263	3	25	43	72	144	2	217
263	3	25	48	72	144	2	61
263	3	25	49	72	144	2	1
263	3	25	50	72	144	3	75
263	3	25	52	72	144	2	196
263	3	25	54	72	144	2	209
263	3	25	55	72	144	2	230
263	3	25	61	72	144	3	174
263	3	25	62	72	144	2	182
263	3	25	64	72	144	2	182
263	3	25	65	72	144	3	174
263	3	25	71	72	144	2	230
263	3	25	72	72	144	2	209
263	3	25	74	72	144	2	196
263	3	25	76	72	144	3	75
263	3	25	77	72	144	2	1
263	3	25	78	72	144	2	61
263	3	25	83	72	144	2	217
263	3	25	88	72	144	2	122
263	3	25	92	72	144	2	216
263	3	25	94	72	144	2	198
263	3	25	99	72	144	3	inf
263	3	25	104	72	144	2	65
263	3	25	106	72	144	2	47
263	3	25	110	72	144	2	141
263	3	25	115	72	144	2	46
263	3	25	120	72	144	2	202
263	3	25	121	72	144	2	262
263	3	25	122	72	144	3	188
263	3	25	124	72	144	2	67
263	3	25	126	72	144	2	54
263	3	25	127	72	144	2	33
263	3	25	132	72	144	3	inf
263	3	25	133	72	144	3	89
263	3	25	134	72	144	3	inf
263	3	25	136	72	144	2	81
263	3	25	137	72	144	3	89
263	3	25	143	72	144	2	33
263	3	26	2	72	144	3	inf
263	3	26	3	72	144	3	89
263	3	26	4	72	144	3	inf
263	3	26	6	72	144	2	81
263	3	26	7	72	144	3	89
263	3	26	13	72	144	2	33
263	3	26	14	72	144	2	54
263	3	26	16	72	144	2	67
263	3	26	18	72	144	3	188
263	3	26	19	72	144	2	262
263	3	26	20	72	144	2	202
263	3	26	25	72	144	2	46
263	3	26	30	72	144	2	141
263	3	26	34	72	144	2	47
263	3	26	36	72	144	2	65
263	3	26	41	72	144	3	inf
263	3	26	46	72	144	2	198
263	3	26	48	72	144	2	216
263	3	26	52	72	144	2	122
263	3	26	57	72	144	2	217
263	3	26	62	72	144	2	61
263	3	26	63	72	144	2	1
263	3	26	64	72	144	3	75
263	3	26	66	72	144	2	196
263	3	26	68	72	144	2	209
263	3	26	69	72	144	2	230
263	3	26	75	72	144	3	174
263	3	26	76	72	144	2	182
263	3	26	78	72	144	2	182
263	3	26	79	72	144	3	174
263	3	26	85	72	144	2	230
263	3	26	86	72	144	2	209
263	3	26	88	72	144	2	196
263	3	26	90	72	144	3	75
263	3	26	91	72	144	2	1
263	3	26	92	72	144	2	61
263	3	26	97	72	144	2	217
263	3	26	102	72	144	2	122
263	3	26	106	72	144	2	216
263	3	26	108	72	144	2	198
263	3	26	113	72	144	3	inf
263	3	26	118	72	144	2	65
263	3	26	120	72	144	2	47
263	3	26	124	72	144	2	141
263	3	26	129	72	144	2	46
263	3	26	134	72	144	2	202
263	3	26	135	72	144	2	262
263	3	26	136	72	144	3	188
263	3	26	138	72	144	2	67
263	3	26	140	72	144	2	54
263	3	26	141	72	144	2	33
263	3	27	4	72	144	2	202
263	3	27	5	72	144	2	262
263	3	27	6	72	144	3	188
263	3	27	8	72	144	2	67
263	3	27	10	72	144	2	54
263	3	27	11	72	144	2	33
263	3	27	16	72	144	3	inf
263	3	27	17	72	144	3	89
263	3	27	18	72	144	3	inf
263	3	27	20	72	144	2	81
263	3	27	21	72	144	3	89
263	3	27	27	72	144	2	33
263	3	27	28	72	144	2	54
263	3	27	30	72	144	2	67
263	3	27	32	72	144	3	188
263	3	27	33	72	144	2	262
263	3	27	34	72	144	2	202
263	3	27	39	72	144	2	46
263	3	27	44	72	144	2	141
263	3	27	48	72	144	2	47
263	3	27	50	72	144	2	65
263	3	27	55	72	144	3	inf
263	3	27	60	72	144	2	198
263	3	27	62	72	144	2	216
263	3	27	66	72	144	2	122
263	3	27	71	72	144	2	217
263	3	27	76	72	144	2	61
263	3	27	77	72	144	2	1
263	3	27	78	72	144	3	75
263	3	27	80	72	144	2	196
263	3	27	82	72	144	2	209
263	3	27	83	72	144	2	230
263	3	27	89	72	144	3	174
263	3	27	90	72	144	2	182
263	3	27	92	72	144	2	182
263	3	27	93	72	144	3	174
263	3	27	99	72	144	2	230
263	3	27	100	72	144	2	209
263	3	27	102	72	144	2	196
263	3	27	104	72	144	3	75
263	3	27	105	72	144	2	1
263	3	27	106	72	144	2	61
263	3	27	111	72	144	2	217
263	3	27	116	72	144	2	122
263	3	27	120	72	144	2	216
263	3	27	122	72	144	2	198
263	3	27	127	72	144	3	inf
263	3	27	132	72	144	2	65
263	3	27	134	72	144	2	47
263	3	27	138	72	144	2	141
263	3	27	143	72	144	2	46
263	3	28	2	72	144	2	65
263	3	28	4	72	144	2	47
263	3	28	8	72	144	2	141
263	3	28	13	72	144	2	46
263	3	28	18	72	144	2	202
263	3	28	19	72	144	2	262
263	3	28	20	72	144	3	188
263	3	28	22	72	144	2	67
263	3	28	24	72	144	2	54
263	3	28	25	72	144	2	33
263	3	28	30	72	144	3	inf
263	3	28	31	72	144	3	89
263	3	28	32	72	144	3	inf
263	3	28	34	72	144	2	81
263	3	28	35	72	144	3	89
263	3	28	41	72	144	2	33
263	3	28	42	72	144	2	54
263	3	28	44	72	144	2	67
263	3	28	46	72	144	3	188
263	3	28	47	72	144	2	262
263	3	28	48	72	144	2	202
263	3	28	53	72	144	2	46
263	3	28	58	72	144	2	141
263	3	28	62	72	144	2	47
263	3	28	64	72	144	2	65
263	3	28	69	72	144	3	inf
263	3	28	74	72	144	2	198
263	3	28	76	72	144	2	216
263	3	28	80	72	144	2	122
263	3	28	85	72	144	2	217
263	3	28	90	72	144	2	61
263	3	28	91	72	144	2	1
263	3	28	92	72	144	3	75
263	3	28	94	72	144	2	196
263	3	28	96	72	144	2	209
263	3	28	97	72	144	2	230
263	3	28	103	72	144	3	174
263	3	28	104	72	144	2	182
263	3	28	106	72	144	2	182
263	3	28	107	72	144	3	174
263	3	28	113	72	144	2	230
263	3	28	114	72	144	2	209
263	3	28	116	72	144	2	196
263	3	28	118	72	144	3	75
263	3	28	119	72	144	2	1
263	3	28	120	72	144	2	61
263	3	28	125	72	144	2	217
263	3	28	130	72	144	2	122
263	3	28	134	72	144	2	216
263	3	28	136	72	144	2	198
263	3	28	141	72	144	3	inf
263	3	29	0	72	144	2	122
263	3	29	4	72	144	2	216
263	3	29	6	72	144	2	198
263	3	29	11	72	144	3	inf
263	3	29	16	72	144	2	65
263	3	29	18	72	144	2	47
263	3	29	22	72	144	2	141
263	3	29	27	72	144	2	46
263	3	29	32	72	144	2	202
263	3	29	33	72	144	2	262
263	3	29	34	72	144	3	188
263	3	29	36	72	144	2	67
263	3	29	38	72	144	2	54
263	3	29	39	72	144	2	33
263	3	29	44	72	144	3	inf
263	3	29	45	72	144	3	89
263	3	29	46	72	144	3	inf
263	3	29	48	72	144	2	81
263	3	29	49	72	144	3	89
263	3	29	55	72	144	2	33
263	3	29	56	72	144	2	54
263	3	29	58	72	144	2	67
263	3	29	60	72	144	3	188
263	3	29	61	72	144	2	262
263	3	29	62	72	144	2	202
263	3	29	67	72	144	2	46
263	3	29	72	72	144	2	141
263	3	29	76	72	144	2	47
263	3	29	78	72	144	2	65
263	3	29	83	72	144	3	inf
263	3	29	88	72	144	2	198
263	3	29	90	72	144	2	216
263	3	29	94	72	144	2	122
263	3	29	99	72	144	2	217
263	3	29	104	72	144	2	61
263	3	29	105	72	144	2	1
263	3	29	106	72	144	3	75
263	3	29	108	72	144	2	196
263	3	29	110	72	144	2	209
263	3	29	111	72	144	2	230
263	3	29	117	72	144	3	174
263	3	29	118	72	144	2	182
263	3	29	120	72	144	2	182
263	3	29	121	72	144	3	174
263	3	29	127	72	144	2	230
263	3	29	128	72	144	2	209
263	3	29	130	72	144	2	196
263	3	29	132	72	144	3	75
263	3	29	133	72	144	2	1
263	3	29	134	72	144	2	61
263	3	29	139	72	144	2	217
263	3	30	0	72	144	2	196
263	3	30	2	72	144	3	75
263	3	30	3	72	144	2	1
263	3	30	4	72	144	2	61
263	3	30	9	72	144	2	217
263	3	30	14	72	144	2	122
263	3	30	18	72	144	2	216
263	3	30	20	72	144	2	198
263	3	30	25	72	144	3	inf
263	3	30	30	72	144	2	65
263	3	30	32	72	144	2	47
263	3	30	36	72	144	2	141
263	3	30	41	72	144	2	46
263	3	30	46	72	144	2	202
263	3	30	47	72	144	2	262
263	3	30	48	72	144	3	188
263	3	30	50	72	144	2	67
263	3	30	52	72	144	2	54
263	3	30	53	72	144	2	33
263	3	30	58	72	144	3	inf
263	3	30	59	72	144	3	89
263	3	30	60	72	144	3	inf
263	3	30	62	72	144	2	81
263	3	30	63	72	144	3	89
263	3	30	69	72	144	2	33
263	3	30	70	72	144	2	54
263	3	30	72	72	144	2	67
263	3	30	74	72	144	3	188
263	3	30	75	72	144	2	262
263	3	30	76	72	144	2	202
263	3	30	81	72	144	2	46
263	3	30	86	72	144	2	141
263	3	30	90	72	144	2	47
263	3	30	92	72	144	2	65
263	3	30	97	72	144	3	inf
263	3	30	102	72	144	2	198
263	3	30	104	72	144	2	216
263	3	30	108	72	144	2	122
263	3	30	113	72	144	2	217
263	3	30	118	72	144	2	61
263	3	30	119	72	144	2	1
263	3	30	120	72	144	3	75
263	3	30	122	72	144	2	196
263	3	30	124	72	144	2	209
263	3	30	125	72	144	2	230
263	3	30	131	72	144	3	174
263	3	30	132	72	144	2	182
263	3	30	134	72	144	2	182
263	3	30	135	72	144	3	174
263	3	30	141	72	144	2	230
263	3	30	142	72	144	2	209
263	3	31	1	72	144	3	174
263	3	31	2	72	144	2	182
263	3	31	4	72	144	2	182
263	3	31	5	72	144	3	174
263	3	31	11	72	144	2	230
263	3	31	12	72	144	2	209
263	3	31	14	72	144	2	196
263	3	31	16	72	144	3	75
263	3	31	17	72	144	2	1
263	3	31	18	72	144	2	61
263	3	31	23	72	144	2	217
263	3	31	28	72	144	2	122
263	3	31	32	72	144	2	216
263	3	31	34	72	144	2	198
263	3	31	39	72	144	3	inf
263	3	31	44	72	144	2	65
263	3	31	46	72	144	2	47
263	3	31	50	72	144	2	141
263	3	31	55	72	144	2	46
263	3	31	60	72	144	2	202
263	3	31	61	72	144	2	262
263	3	31	62	72	144	3	188
263	3	31	64	72	144	2	67
263	3	31	66	72	144	2	54
263	3	31	67	72	144	2	33
263	3	31	72	72	144	3	inf
263	3	31	73	72	144	3	89
263	3	31	74	72	144	3	inf
263	3	31	76	72	144	2	81
263	3	31	77	72	144	3	89
263	3	31	83	72	144	2	33
263	3	31	84	72	144	2	54
263	3	31	86	72	144	2	67
263	3	31	88	72	144	3	188
263	3	31	89	72	144	2	262
263	3	31	90	72	144	2	202
263	3	31	95	72	144	2	46
263	3	31	100	72	144	2	141
263	3	31	104	72	144	2	47
263	3	31	106	72	144	2	65
263	3	31	111	72	144	3	inf
263	3	31	116	72	144	2	198
263	3	31	118	72	144	2	216
263	3	31	122	72	144	2	122
263	3	31	127	72	144	2	217
263	3	31	132	72	144	2	61
263	3	31	133	72	144	2	1
263	3	31	134	72	144	3	75
263	3	31	136	72	144	2	196
263	3	31	138	72	144	2	209
263	3	31	139	72	144	2	230
263	3	32	2	72	144	2	61
263	3	32	3	72	144	2	1
263	3	32	4	72	144	3	75
263	3	32	6	72	144	2	196
263	3	32	8	72	144	2	209
263	3	32	9	72	144	2	230
263	3	32	15	72	144	3	174
263	3	32	16	72	144	2	182
263	3	32	18	72	144	2	182
263	3	32	19	72	144	3	174
263	3	32	25	72	144	2	230
263	3	32	26	72	144	2	209
263	3	32	28	72	144	2	196
263	3	32	30	72	144	3	75
263	3	32	31	72	144	2	1
263	3	32	32	72	144	2	61
263	3	32	37	72	144	2	217
263	3	32	42	72	144	2	122
263	3	32	46	72	144	2	216
263	3	32	48	72	144	2	198
263	3	32	53	72	144	3	inf
263	3	32	58	72	144	2	65
263	3	32	60	72	144	2	47
263	3	32	64	72	144	2	141
263	3	32	69	72	144	2	46
263	3	32	74	72	144	2	202
263	3	32	75	72	144	2	262
263	3	32	76	72	144	3	188
263	3	32	78	72	144	2	67
263	3	32	80	72	144	2	54
263	3	32	81	72	144	2	33
263	3	32	86	72	144	3	inf
263	3	32	87	72	144	3	89
263	3	32	88	72	144	3	inf
263	3	32	90	72	144	2	81
263	3	32	91	72	144	3	89
263	3	32	97	72	144	2	33
263	3	32	98	72	144	2	54
263	3	32	100	72	144	2	67
263	3	32	102	72	144	3	188
263	3	32	103	72	144	2	262
263	3	32	104	72	144	2	202
263	3	32	109	72	144	2	46
263	3	32	114	72	144	2	141
263	3	32	118	72	144	2	47
263	3	32	120	72	144	2	65
263	3	32	125	72	144	3	inf
263	3	32	130	72	144	2	198
263	3	32	132	72	144	2	216
263	3	32	136	72	144	2	122
263	3	32	141	72	144	2	217
263	3	33	0	72	144	2	198
263	3	33	2	72	144	2	216
263	3	33	6	72	144	2	122
263	3	33	11	72	144	2	217
263	3	33	16	72	144	2	61
263	3	33	17	72	144	2	1
263	3	33	18	72	144	3	75
263	3	33	20	72	144	2	196
263	3	33	22	72	144	2	209
263	3	33	23	72	144	2	230
263	3	33	29	72	144	3	174
263	3	33	30	72	144	2	182
263	3	33	32	72	144	2	182
263	3	33	33	72	144	3	174
263	3	33	39	72	144	2	230
263	3	33	40	72	144	2	209
263	3	33	42	72	144	2	196
263	3	33	44	72	144	3	75
263	3	33	45	72	144	2	1
263	3	33	46	72	144	2	61
263	3	33	51	72	144	2	217
263	3	33	56	72	144	2	122
263	3	33	60	72	144	2	216
263	3	33	62	72	144	2	198
263	3	33	67	72	144	3	inf
263	3	33	72	72	144	2	65
263	3	33	74	72	144	2	47
263	3	33	78	72	144	2	141
263	3	33	83	72	144	2	46
263	3	33	88	72	144	2	202
263	3	33	89	72	144	2	262
263	3	33	90	72	144	3	188
263	3	33	92	72	144	2	67
263	3	33	94	72	144	2	54
263	3	33	95	72	144	2	33
263	3	33	100	72	144	3	inf
263	3	33	101	72	144	3	89
263	3	33	102	72	144	3	inf
263	3	33	104	72	144	2	81
263	3	33	105	72	144	3	89
263	3	33	111	72	144	2	33
263	3	33	112	72	144	2	54
263	3	33	114	72	144	2	67
263	3	33	116	72	144	3	188
263	3	33	117	72	144	2	262
263	3	33	118	72	144	2	202
263	3	33	123	72	144	2	46
263	3	33	128	72	144	2	141
263	3	33	132	72	144	2	47
263	3	33	134	72	144	2	65
263	3	33	139	72	144	3	inf
263	3	34	2	72	144	2	47
263	3	34	4	72	144	2	65
263	3	34	9	72	144	3	inf
263	3	34	14	72	144	2	198
263	3	34	16	72	144	2	216
263	3	34	20	72	144	2	122
263	3	34	25	72	144	2	217
263	3	34	30	72	144	2	61
263	3	34	31	72	144	2	1
263	3	34	32	72	144	3	75
263	3	34	34	72	144	2	196
263	3	34	36	72	144	2	209
263	3	34	37	72	144	2	230
263	3	34	43	72	144	3	174
263	3	34	44	72	144	2	182
263	3	34	46	72	144	2	182
263	3	34	47	72	144	3	174
263	3	34	53	72	144	2	230
263	3	34	54	72	144	2	209
263	3	34	56	72	144	2	196
263	3	34	58	72	144	3	75
263	3	34	59	72	144	2	1
263	3	34	60	72	144	2	61
263	3	34	65	72	144	2	217
263	3	34	70	72	144	2	122
263	3	34	74	72	144	2	216
263	3	34	76	72	144	2	198
263	3	34	81	72	144	3	inf
263	3	34	86	72	144	2	65
263	3	34	88	72	144	2	47
263	3	34	92	72	144	2	141
263	3	34	97	72	144	2	46
263	3	34	102	72	144	2	202
263	3	34	103	72	144	2	262
263	3	34	104	72	144	3	188
263	3	34	106	72	144	2	67
263	3	34	108	72	144	2	54
263	3	34	109	72	144	2	33
263	3	34	114	72	144	3	inf
263	3	34	115	72	144	3	89
263	3	34	116	72	144	3	inf
263	3	34	118	72	144	2	81
263	3	34	119	72	144	3	89
263	3	34	125	72	144	2	33
263	3	34	126	72	144	2	54
263	3	34	128	72	144	2	67
263	3	34	130	72	144	3	188
263	3	34	131	72	144	2	262
263	3	34	132	72	144	2	202
263	3	34	137	72	144	2	46
263	3	34	142	72	144	2	141
263	3	35	0	72	144	3	188
263	3	35	1	72	144	2	262
263	3	35	2	72	144	2	202
263	3	35	7	72	144	2	46
263	3	35	12	72	144	2	141
263	3	35	16	72	144	2	47
263	3	35	18	72	144	2	65
263	3	35	23	72	144	3	inf
263	3	35	28	72	144	2	198
263	3	35	30	72	144	2	216
263	3	35	34	72	144	2	122
263	3	35	39	72	144	2	217
263	3	35	44	72	144	2	61
263	3	35	45	72	144	2	1
263	3	35	46	72	144	3	75
263	3	35	48	72	144	2	196
263	3	35	50	72	144	2	209
263	3	35	51	72	144	2	230
263	3	35	57	72	144	3	174
263	3	35	58	72	144	2	182
263	3	35	60	72	144	2	182
263	3	35	61	72	144	3	174
263	3	35	67	72	144	2	230
263	3	35	68	72	144	2	209
263	3	35	70	72	144	2	196
263	3	35	72	72	144	3	75
263	3	35	73	72	144	2	1
263	3	35	74	72	144	2	61
263	3	35	79	72	144	2	217
263	3	35	84	72	144	2	122
263	3	35	88	72	144	2	216
263	3	35	90	72	144	2	198
263	3	35	95	72	144	3	inf
263	3	35	100	72	144	2	65
263	3	35	102	72	144	2	47
263	3	35	106	72	144	2	141
263	3	35	111	72	144	2	46
263	3	35	116	72	144	2	202
263	3	35	117	72	144	2	262
263	3	35	118	72	144	3	188
263	3	35	120	72	144	2	67
263	3	35	122	72	144	2	54
263	3	35	123	72	144	2	33
263	3	35	128	72	144	3	inf
263	3	35	129	72	144	3	89
263	3	35	130	72	144	3	inf
263	3	35	132	72	144	2	81
263	3	35	133	72	144	3	89
263	3	35	139	72	144	2	33
263	3	35	140	72	144	2	54
263	3	35	142	72	144	2	67
263	3	36	0	72	144	3	inf
263	3	36	2	72	144	2	81
263	3	36	3	72	144	3	89
263	3	36	9	72	144	2	33
263	3	36	10	72	144	2	54
263	3	36	12	72	144	2	67
263	3	36	14	72	144	3	188
263	3	36	15	72	144	2	262
263	3	36	16	72	144	2	202
263	3	36	21	72	144	2	46
263	3	36	26	72	144	2	141
263	3	36	30	72	144	2	47
263	3	36	32	72	144	2	65
263	3	36	37	72	144	3	inf
263	3	36	42	72	144	2	198
263	3	36	44	72	144	2	216
263	3	36	48	72	144	2	122
263	3	36	53	72	144	2	217
263	3	36	58	72	144	2	61
263	3	36	59	72	144	2	1
263	3	36	60	72	144	3	75
263	3	36	62	72	144	2	196
263	3	36	64	72	144	2	209
263	3	36	65	72	144	2	230
263	3	36	71	72	144	3	174
263	3	36	72	72	144	2	182
263	3	36	74	72	144	2	182
263	3	36	75	72	144	3	174
263	3	36	81	72	144	2	230
263	3	36	82	72	144	2	209
263	3	36	84	72	144	2	196
263	3	36	86	72	144	3	75
263	3	36	87	72	144	2	1
263	3	36	88	72	144	2	61
263	3	36	93	72	144	2	217
263	3	36	98	72	144	2	122
263	3	36	102	72	144	2	216
263	3	36	104	72	144	2	198
263	3	36	109	72	144	3	inf
263	3	36	114	72	144	2	65
263	3	36	116	72	144	2	47
263	3	36	120	72	144	2	141
263	3	36	125	72	144	2	46
263	3	36	130	72	144	2	202
263	3	36	131	72	144	2	262
263	3	36	132	72	144	3	188
263	3	36	134	72	144	2	67
263	3	36	136	72	144	2	54
263	3	36	137	72	144	2	33
263	3	36	142	72	144	3	inf
263	3	36	143	72	144	3	89
263	3	37	0	72	144	2	202
263	3	37	1	72	144	2	262
263	3	37	2	72	144	3	188
263	3	37	4	72	144	2	67
263	3	37	6	72	144	2	54
263	3	37	7	72	144	2	33
263	3	37	12	72	144	3	inf
263	3	37	13	72	144	3	89
263	3	37	14	72	144	3	inf
263	3	37	16	72	144	2	81
263	3	37	17	72	144	3	89
263	3	37	23	72	144	2	33
263	3	37	24	72	144	2	54
263	3	37	26	72	144	2	67
263	3	37	28	72	144	3	188
263	3	37	29	72	144	2	262
263	3	37	30	72	144	2	202
263	3	37	35	72	144	2	46
263	3	37	40	72	144	2	141
263	3	37	44	72	144	2	47
263	3	37	46	72	144	2	65
263	3	37	51	72	144	3	inf
263	3	37	56	72	144	2	198
263	3	37	58	72	144	2	216
263	3	37	62	72	144	2	122
263	3	37	67	72	144	2	217
263	3	37	72	72	144	2	61
263	3	37	73	72	144	2	1
263	3	37	74	72	144	3	75
263	3	37	76	72	144	2	196
263	3	37	78	72	144	2	209
263	3	37	79	72	144	2	230
263	3	37	85	72	144	3	174
263	3	37	86	72	144	2	182
263	3	37	88	72	144	2	182
263	3	37	89	72	144	3	174
263	3	37	95	72	144	2	230
263	3	37	96	72	144	2	209
263	3	37	98	72	144	2	196
263	3	37	100	72	144	3	75
263	3	37	101	72	144	2	1
263	3	37	102	72	144	2	61
263	3	37	107	72	144	2	217
263	3	37	112	72	144	2	122
263	3	37	116	72	144	2	216
263	3	37	118	72	144	2	198
263	3	37	123	72	144	3	inf
263	3	37	128	72	144	2	65
263	3	37	130	72	144	2	47
263	3	37	134	72	144	2	141
263	3	37	139	72	144	2	46
263	3	38	0	72	144	2	47
263	3	38	4	72	144	2	141
263	3	38	9	72	144	2	46
263	3	38	14	72	144	2	202
263	3	38	15	72	144	2	262
263	3	38	16	72	144	3	188
263	3	38	18	72	144	2	67
263	3	38	20	72	144	2	54
263	3	38	21	72	144	2	33
263	3	38	26	72	144	3	inf
263	3	38	27	72	144	3	89
263	3	38	28	72	144	3	inf
263	3	38	30	72	144	2	81
263	3	38	31	72	144	3	89
263	3	38	37	72	144	2	33
263	3	38	38	72	144	2	54
263	3	38	40	72	144	2	67
263	3	38	42	72	144	3	188
263	3	38	43	72	144	2	262
263	3	38	44	72	144	2	202
263	3	38	49	72	144	2	46
263	3	38	54	72	144	2	141
263	3	38	58	72	144	2	47
263	3	38	60	72	144	2	65
263	3	38	65	72	144	3	inf
263	3	38	70	72	144	2	198
263	3	38	72	72	144	2	216
263	3	38	76	72	144	2	122
263	3	38	81	72	144	2	217
263	3	38	86	72	144	2	61
263	3	38	87	72	144	2	1
263	3	38	88	72	144	3	75
263	3	38	90	72	144	2	196
263	3	38	92	72	144	2	209
263	3	38	93	72	144	2	230
263	3	38	99	72	144	3	174
263	3	38	100	72	144	2	182
263	3	38	102	72	144	2	182
263	3	38	103	72	144	3	174
263	3	38	109	72	144	2	230
263	3	38	110	72	144	2	209
263	3	38	112	72	144	2	196
263	3	38	114	72	144	3	75
263	3	38	115	72	144	2	1
263	3	38	116	72	144	2	61
263	3	38	121	72	144	2	217
263	3	38	126	72	144	2	122
263	3	38	130	72	144	2	216
263	3	38	132	72	144	2	198
263	3	38	137	72	144	3	inf
263	3	38	142	72	144	2	65
263	3	39	0	72	144	2	216
263	3	39	2	72	144	2	198
263	3	39	7	72	144	3	inf
263	3	39	12	72	144	2	65
263	3	39	14	72	144	2	47
263	3	39	18	72	144	2	141
263	3	39	23	72	144	2	46
263	3	39	28	72	144	2	202
263	3	39	29	72	144	2	262
263	3	39	30	72	144	3	188
263	3	39	32	72	144	2	67
263	3	39	34	72	144	2	54
263	3	39	35	72	144	2	33
263	3	39	40	72	144	3	inf
263	3	39	41	72	144	3	89
263	3	39	42	72	144	3	inf
263	3	39	44	72	144	2	81
263	3	39	45	72	144	3	89
263	3	39	51	72	144	2	33
263	3	39	52	72	144	2	54
263	3	39	54	72	144	2	67
263	3	39	56	72	144	3	188
263	3	39	57	72	144	2	262
263	3	39	58	72	144	2	202
263	3	39	63	72	144	2	46
263	3	39	68	72	144	2	141
263	3	39	72	72	144	2	47
263	3	39	74	72	144	2	65
263	3	39	79	72	144	3	inf
263	3	39	84	72	144	2	198
263	3	39	86	72	144	2	216
263	3	39	90	72	144	2	122
263	3	39	95	72	144	2	217
263	3	39	100	72	144	2	61
263	3	39	101	72	144	2	1
263	3	39	102	72	144	3	75
263	3	39	104	72	144	2	196
263	3	39	106	72	144	2	209
263	3	39	107	72	144	2	230
263	3	39	113	72	144	3	174
263	3	39	114	72	144	2	182
263	3	39	116	72	144	2	182
263	3	39	117	72	144	3	174
263	3	39	123	72	144	2	230
263	3	39	124	72	144	2	209
263	3	39	126	72	144	2	196
263	3	39	128	72	144	3	75
263	3	39	129	72	144	2	1
263	3	39	130	72	144	2	61
263	3	39	135	72	144	2	217
263	3	39	140	72	144	2	122
263	3	40	0	72	144	2	61
263	3	40	5	72	144	2	217
263	3	40	10	72	144	2	122
263	3	40	14	72	144	2	216
263	3	40	16	72	144	2	198
263	3	40	21	72	144	3	inf
263	3	40	26	72	144	2	65
263	3	40	28	72	144	2	47
263	3	40	32	72	144	2	141
263	3	40	37	72	144	2	46
263	3	40	42	72	144	2	202
263	3	40	43	72	144	2	262
263	3	40	44	72	144	3	188
263	3	40	46	72	144	2	67
263	3	40	48	72	144	2	54
263	3	40	49	72	144	2	33
263	3	40	54	72	144	3	inf
263	3	40	55	72	144	3	89
263	3	40	56	72	144	3	inf
263	3	40	58	72	144	2	81
263	3	40	59	72	144	3	89
263	3	40	65	72	144	2	33
263	3	40	66	72	144	2	54
263	3	40	68	72	144	2	67
263	3	40	70	72	144	3	188
263	3	40	71	72	144	2	262
263	3	40	72	72	144	2	202
263	3	40	77	72	144	2	46
263	3	40	82	72	144	2	141
263	3	40	86	72	144	2	47
263	3	40	88	72	144	2	65
263	3	40	93	72	144	3	inf
263	3	40	98	72	144	2	198
263	3	40	100	72	144	2	216
263	3	40	104	72	144	2	122
263	3	40	109	72	144	2	217
263	3	40	114	72	144	2	61
263	3	40	115	72	144	2	1
263	3	40	116	72	144	3	75
263	3	40	118	72	144	2	196
263	3	40	120	72	144	2	209
263	3	40	121	72	144	2	230
263	3	40	127	72	144	3	174
263	3	40	128	72	144	2	182
263	3	40	130	72	144	2	182
263	3	40	131	72	144	3	174
263	3	40	137	72	144	2	230
263	3	40	138	72	144	2	209
263	3	40	140	72	144	2	196
263	3	40	142	72	144	3	75
263	3	40	143	72	144	2	1
263	3	41	0	72	144	2	182
263	3	41	1	72	144	3	174
263	3	41	7	72	144	2	230
263	3	41	8	72	144	2	209
263	3	41	10	72	144	2	196
263	3	41	12	72	144	3	75
263	3	41	13	72	144	2	1
263	3	41	14	72	144	2	61
263	3	41	19	72	144	2	217
263	3	41	24	72	144	2	122
263	3	41	28	72	144	2	216
263	3	41	30	72	144	2	198
263	3	41	35	72	144	3	inf
263	3	41	40	72	144	2	65
263	3	41	42	72	144	2	47
263	3	41	46	72	144	2	141
263	3	41	51	72	144	2	46
263	3	41	56	72	144	2	202
263	3	41	57	72	144	2	262
263	3	41	58	72	144	3	188
263	3	41	60	72	144	2	67
263	3	41	62	72	144	2	54
263	3	41	63	72	144	2	33
263	3	41	68	72	144	3	inf
263	3	41	69	72	144	3	89
263	3	41	70	72	144	3	inf
263	3	41	72	72	144	2	81
263	3	41	73	72	144	3	89
263	3	41	79	72	144	2	33
263	3	41	80	72	144	2	54
263	3	41	82	72	144	2	67
263	3	41	84	72	144	3	188
263	3	41	85	72	144	2	262
263	3	41	86	72	144	2	202
263	3	41	91	72	144	2	46
263	3	41	96	72	144	2	141
263	3	41	100	72	144	2	47
263	3	41	102	72	144	2	65
263	3	41	107	72	144	3	inf
263	3	41	112	72	144	2	198
263	3	41	114	72	144	2	216
263	3	41	118	72	144	2	122
263	3	41	123	72	144	2	217
263	3	41	128	72	144	2	61
263	3	41	129	72	144	2	1
263	3	41	130	72	144	3	75
263	3	41	132	72	144	2	196
263	3	41	134	72	144	2	209
263	3	41	135	72	144	2	230
263	3	41	141	72	144	3	174
263	3	41	142	72	144	2	182
263	3	42	0	72	144	3	75
263	3	42	2	72	144	2	196
263	3	42	4	72	144	2	209
263	3	42	5	72	144	2	230
263	3	42	11	72	144	3	174
263	3	42	12	72	144	2	182
263	3	42	14	72	144	2	182
263	3	42	15	72	144	3	174
263	3	42	21	72	144	2	230
263	3	42	22	72	144	2	209
263	3	42	24	72	144	2	196
263	3	42	26	72	144	3	75
263	3	42	27	72	144	2	1
263	3	42	28	72	144	2	61
263	3	42	33	72	144	2	217
263	3	42	38	72	144	2	122
263	3	42	42	72	144	2	216
263	3	42	44	72	144	2	198
263	3	42	49	72	144	3	inf
263	3	42	54	72	144	2	65
263	3	42	56	72	144	2	47
263	3	42	60	72	144	2	141
263	3	42	65	72	144	2	46
263	3	42	70	72	144	2	202
263	3	42	71	72	144	2	262
263	3	42	72	72	144	3	188
263	3	42	74	72	144	2	67
263	3	42	76	72	144	2	54
263	3	42	77	72	144	2	33
263	3	42	82	72	144	3	inf
263	3	42	83	72	144	3	89
263	3	42	84	72	144	3	inf
263	3	42	86	72	144	2	81
263	3	42	87	72	144	3	89
263	3	42	93	72	144	2	33
263	3	42	94	72	144	2	54
263	3	42	96	72	144	2	67
263	3	42	98	72	144	3	188
263	3	42	99	72	144	2	262
263	3	42	100	72	144	2	202
263	3	42	105	72	144	2	46
263	3	42	110	72	144	2	141
263	3	42	114	72	144	2	47
263	3	42	116	72	144	2	65
263	3	42	121	72	144	3	inf
263	3	42	126	72	144	2	198
263	3	42	128	72	144	2	216
263	3	42	132	72	144	2	122
263	3	42	137	72	144	2	217
263	3	42	142	72	144	2	61
263	3	42	143	72	144	2	1
263	3	43	2	72	144	2	122
263	3	43	7	72	144	2	217
263	3	43	12	72	144	2	61
263	3	43	13	72	144	2	1
263	3	43	14	72	144	3	75
263	3	43	16	72	144	2	196
263	3	43	18	72	144	2	209
263	3	43	19	72	144	2	230
263	3	43	25	72	144	3	174
263	3	43	26	72	144	2	182
263	3	43	28	72	144	2	182
263	3	43	29	72	144	3	174
263	3	43	35	72	144	2	230
263	3	43	36	72	144	2	209
263	3	43	38	72	144	2	196
263	3	43	40	72	144	3	75
263	3	43	41	72	144	2	1
263	3	43	42	72	144	2	61
263	3	43	47	72	144	2	217
263	3	43	52	72	144	2	122
263	3	43	56	72	144	2	216
263	3	43	58	72	144	2	198
263	3	43	63	72	144	3	inf
263	3	43	68	72	144	2	65
263	3	43	70	72	144	2	47
263	3	43	74	72	144	2	141
263	3	43	79	72	144	2	46
263	3	43	84	72	144	2	202
263	3	43	85	72	144	2	262
263	3	43	86	72	144	3	188
263	3	43	88	72	144	2	67
263	3	43	90	72	144	2	54
263	3	43	91	72	144	2	33
263	3	43	96	72	144	3	inf
263	3	43	97	72	144	3	89
263	3	43	98	72	144	3	inf
263	3	43	100	72	144	2	81
263	3	43	101	72	144	3	89
263	3	43	107	72	144	2	33
263	3	43	108	72	144	2	54
263	3	43	110	72	144	2	67
263	3	43	112	72	144	3	188
263	3	43	113	72	144	2	262
263	3	43	114	72	144	2	202
263	3	43	119	72	144	2	46
263	3	43	124	72	144	2	141
263	3	43	128	72	144	2	47
263	3	43	130	72	144	2	65
263	3	43	135	72	144	3	inf
263	3	43	140	72	144	2	198
263	3	43	142	72	144	2	216
263	3	44	0	72	144	2	65
263	3	44	5	72	144	3	inf
263	3	44	10	72	144	2	198
263	3	44	12	72	144	2	216
263	3	44	16	72	144	2	122
263	3	44	21	72	144	2	217
263	3	44	26	72	144	2	61
263	3	44	27	72	144	2	1
263	3	44	28	72	144	3	75
263	3	44	30	72	144	2	196
263	3	44	32	72	144	2	209
263	3	44	33	72	144	2	230
263	3	44	39	72	144	3	174
263	3	44	40	72	144	2	182
263	3	44	42	72	144	2	182
263	3	44	43	72	144	3	174
263	3	44	49	72	144	2	230
263	3	44	50	72	144	2	209
263	3	44	52	72	144	2	196
263	3	44	54	72	144	3	75
263	3	44	55	72	144	2	1
263	3	44	56	72	144	2	61
263	3	44	61	72	144	2	217
263	3	44	66	72	144	2	122
263	3	44	70	72	144	2	216
263	3	44	72	72	144	2	198
263	3	44	77	72	144	3	inf
263	3	44	82	72	144	2	65
263	3	44	84	72	144	2	47
263	3	44	88	72	144	2	141
263	3	44	93	72	144	2	46
263	3	44	98	72	144	2	202
263	3	44	99	72	144	2	262
263	3	44	100	72	144	3	188
263	3	44	102	72	144	2	67
263	3	44	104	72	144	2	54
263	3	44	105	72	144	2	33
263	3	44	110	72	144	3	inf
263	3	44	111	72	144	3	89
263	3	44	112	72	144	3	inf
263	3	44	114	72	144	2	81
263	3	44	115	72	144	3	89
263	3	44	121	72	144	2	33
263	3	44	122	72	144	2	54
263	3	44	124	72	144	2	67
263	3	44	126	72	144	3	188
263	3	44	127	72	144	2	262
263	3	44	128	72	144	2	202
263	3	44	133	72	144	2	46
263	3	44	138	72	144	2	141
263	3	44	142	72	144	2	47
263	3	45	3	72	144	2	46
263	3	45	8	72	144	2	141
263	3	45	12	72	144	2	47
263	3	45	14	72	144	2	65
263	3	45	19	72	144	3	inf
263	3	45	24	72	144	2	198
263	3	45	26	72	144	2	216
263	3	45	30	72	144	2	122
263	3	45	35	72	144	2	217
263	3	45	40	72	144	2	61
263	3	45	41	72	144	2	1
263	3	45	42	72	144	3	75
263	3	45	44	72	144	2	196
263	3	45	46	72	144	2	209
263	3	45	47	72	144	2	230
263	3	45	53	72	144	3	174
263	3	45	54	72	144	2	182
263	3	45	56	72	144	2	182
263	3	45	57	72	144	3	174
263	3	45	63	72	144	2	230
263	3	45	64	72	144	2	209
263	3	45	66	72	144	2	196
263	3	45	68	72	144	3	75
263	3	45	69	72	144	2	1
263	3	45	70	72	144	2	61
263	3	45	75	72	144	2	217
263	3	45	80	72	144	2	122
263	3	45	84	72	144	2	216
263	3	45	86	72	144	2	198
263	3	45	91	72	144	3	inf
263	3	45	96	72	144	2	65
263	3	45	98	72	144	2	47
263	3	45	102	72	144	2	141
263	3	45	107	72	144	2	46
263	3	45	112	72	144	2	202
263	3	45	113	72	144	2	262
263	3	45	114	72	144	3	188
263	3	45	116	72	144	2	67
263	3	45	118	72	144	2	54
263	3	45	119	72	144	2	33
263	3	45	124	72	144	3	inf
263	3	45	125	72	144	3	89
263	3	45	126	72	144	3	inf
263	3	45	128	72	144	2	81
263	3	45	129	72	144	3	89
263	3	45	135	72	144	2	33
263	3	45	136	72	144	2	54
263	3	45	138	72	144	2	67
263	3	45	140	72	144	3	188
263	3	45	141	72	144	2	262
263	3	45	142	72	144	2	202
263	3	46	5	72	144	2	33
263	3	46	6	72	144	2	54
263	3	46	8	72	144	2	67
263	3	46	10	72	144	3	188
263	3	46	11	72	144	2	262
263	3	46	12	72	144	2	202
263	3	46	17	72	144	2	46
263	3	46	22	72	144	2	141
263	3	46	26	72	144	2	47
263	3	46	28	72	144	2	65
263	3	46	33	72	144	3	inf
263	3	46	38	72	144	2	198
263	3	46	40	72	144	2	216
263	3	46	44	72	144	2	122
263	3	46	49	72	144	2	217
263	3	46	54	72	144	2	61
263	3	46	55	72	144	2	1
263	3	46	56	72	144	3	75
263	3	46	58	72	144	2	196
263	3	46	60	72	144	2	209
263	3	46	61	72	144	2	230
263	3	46	67	72	144	3	174
263	3	46	68	72	144	2	182
263	3	46	70	72	144	2	182
263	3	46	71	72	144	3	174
263	3	46	77	72	144	2	230
263	3	46	78	72	144	2	209
263	3	46	80	72	144	2	196
263	3	46	82	72	144	3	75
263	3	46	83	72	144	2	1
263	3	46	84	72	144	2	61
263	3	46	89	72	144	2	217
263	3	46	94	72	144	2	122
263	3	46	98	72	144	2	216
263	3	46	100	72	144	2	198
263	3	46	105	72	144	3	inf
263	3	46	110	72	144	2	65
263	3	46	112	72	144	2	47
263	3	46	116	72	144	2	141
263	3	46	121	72	144	2	46
263	3	46	126	72	144	2	202
263	3	46	127	72	144	2	262
263	3	46	128	72	144	3	188
263	3	46	130	72	144	2	67
263	3	46	132	72	144	2	54
263	3	46	133	72	144	2	33
263	3	46	138	72	144	3	inf
263	3	46	139	72	144	3	89
263	3	46	140	72	144	3	inf
263	3	46	142	72	144	2	81
263	3	46	143	72	144	3	89
263	3	47	0	72	144	2	67
263	3	47	2	72	144	2	54
263	3	47	3	72	144	2	33
263	3	47	8	72	144	3	inf
263	3	47	9	72	144	3	89
263	3	47	10	72	144	3	inf
263	3	47	12	72	144	2	81
263	3	47	13	72	144	3	89
263	3	47	19	72	144	2	33
263	3	47	20	72	144	2	54
263	3	47	22	72	144	2	67
263	3	47	24	72	144	3	188
263	3	47	25	72	144	2	262
263	3	47	26	72	144	2	202
263	3	47	31	72	144	2	46
263	3	47	36	72	144	2	141
263	3	47	40	72	144	2	47
263	3	47	42	72	144	2	65
263	3	47	47	72	144	3	inf
263	3	47	52	72	144	2	198
263	3	47	54	72	144	2	216
263	3	47	58	72	144	2	122
263	3	47	63	72	144	2	217
263	3	47	68	72	144	2	61
263	3	47	69	72	144	2	1
263	3	47	70	72	144	3	75
263	3	47	72	72	144	2	196
263	3	47	74	72	144	2	209
263	3	47	75	72	144	2	230
263	3	47	81	72	144	3	174
263	3	47	82	72	144	2	182
263	3	47	84	72	144	2	182
263	3	47	85	72	144	3	174
263	3	47	91	72	144	2	230
263	3	47	92	72	144	2	209
263	3	47	94	72	144	2	196
263	3	47	96	72	144	3	75
263	3	47	97	72	144	2	1
263	3	47	98	72	144	2	61
263	3	47	103	72	144	2	217
263	3	47	108	72	144	2	122
263	3	47	112	72	144	2	216
263	3	47	114	72	144	2	198
263	3	47	119	72	144	3	inf
263	3	47	124	72	144	2	65
263	3	47	126	72	144	2	47
263	3	47	130	72	144	2	141
263	3	47	135	72	144	2	46
263	3	47	140	72	144	2	202
263	3	47	141	72	144	2	262
263	3	47	142	72	144	3	188
263	3	48	0	72	144	2	141
263	3	48	5	72	144	2	46
263	3	48	10	72	144	2	202
263	3	48	11	72	144	2	262
263	3	48	12	72	144	3	188
263	3	48	14	72	144	2	67
263	3	48	16	72	144	2	54
263	3	48	17	72	144	2	33
263	3	48	22	72	144	3	inf
263	3	48	23	72	144	3	89
263	3	48	24	72	144	3	inf
263	3	48	26	72	144	2	81
263	3	48	27	72	144	3	89
263	3	48	33	72	144	2	33
263	3	48	34	72	144	2	54
263	3	48	36	72	144	2	67
263	3	48	38	72	144	3	188
263	3	48	39	72	144	2	262
263	3	48	40	72	144	2	202
263	3	48	45	72	144	2	46
263	3	48	50	72	144	2	141
263	3	48	54	72	144	2	47
263	3	48	56	72	144	2	65
263	3	48	61	72	144	3	inf
263	3	48	66	72	144	2	198
263	3	48	68	72	144	2	216
263	3	48	72	72	144	2	122
263	3	48	77	72	144	2	217
263	3	48	82	72	144	2	61
263	3	48	83	72	144	2	1
263	3	48	84	72	144	3	75
263	3	48	86	72	144	2	196
263	3	48	88	72	144	2	209
263	3	48	89	72	144	2	230
263	3	48	95	72	144	3	174
263	3	48	96	72	144	2	182
263	3	48	98	72	144	2	182
263	3	48	99	72	144	3	174
263	3	48	105	72	144	2	230
263	3	48	106	72	144	2	209
263	3	48	108	72	144	2	196
263	3	48	110	72	144	3	75
263	3	48	111	72	144	2	1
263	3	48	112	72	144	2	61
263	3	48	117	72	144	2	217
263	3	48	122	72	144	2	122
263	3	48	126	72	144	2	216
263	3	48	128	72	144	2	198
263	3	48	133	72	144	3	inf
263	3	48	138	72	144	2	65
263	3	48	140	72	144	2	47
263	3	49	3	72	144	3	inf
263	3	49	8	72	144	2	65
263	3	49	10	72	144	2	47
263	3	49	14	72	144	2	141
263	3	49	19	72	144	2	46
263	3	49	24	72	144	2	202
263	3	49	25	72	144	2	262
263	3	49	26	72	144	3	188
263	3	49	28	72	144	2	67
263	3	49	30	72	144	2	54
263	3	49	31	72	144	2	33
263	3	49	36	72	144	3	inf
263	3	49	37	72	144	3	89
263	3	49	38	72	144	3	inf
263	3	49	40	72	144	2	81
263	3	49	41	72	144	3	89
263	3	49	47	72	144	2	33
263	3	49	48	72	144	2	54
263	3	49	50	72	144	2	67
263	3	49	52	72	144	3	188
263	3	49	53	72	144	2	262
263	3	49	54	72	144	2	202
263	3	49	59	72	144	2	46
263	3	49	64	72	144	2	141
263	3	49	68	72	144	2	47
263	3	49	70	72	144	2	65
263	3	49	75	72	144	3	inf
263	3	49	80	72	144	2	198
263	3	49	82	72	144	2	216
263	3	49	86	72	144	2	122
263	3	49	91	72	144	2	217
263	3	49	96	72	144	2	61
263	3	49	97	72	144	2	1
263	3	49	98	72	144	3	75
263	3	49	100	72	144	2	196
263	3	49	102	72	144	2	209
263	3	49	103	72	144	2	230
263	3	49	109	72	144	3	174
263	3	49	110	72	144	2	182
263	3	49	112	72	144	2	182
263	3	49	113	72	144	3	174
263	3	49	119	72	144	2	230
263	3	49	120	72	144	2	209
263	3	49	122	72	144	2	196
263	3	49	124	72	144	3	75
263	3	49	125	72	144	2	1
263	3	49	126	72	144	2	61
263	3	49	131	72	144	2	217
263	3	49	136	72	144	2	122
263	3	49	140	72	144	2	216
263	3	49	142	72	144	2	198
263	3	50	1	72	144	2	217
263	3	50	6	72	144	2	122
263	3	50	10	72	144	2	216
263	3	50	12	72	144	2	198
263	3	50	17	72	144	3	inf
263	3	50	22	72	144	2	65
263	3	50	24	72	144	2	47
263	3	50	28	72	144	2	141
263	3	50	33	72	144	2	46
263	3	50	38	72	144	2	202
263	3	50	39	72	144	2	262
263	3	50	40	72	144	3	188
263	3	50	42	72	144	2	67
263	3	50	44	72	144	2	54
263	3	50	45	72	144	2	33
263	3	50	50	72	144	3	inf
263	3	50	51	72	144	3	89
263	3	50	52	72	144	3	inf
263	3	50	54	72	144	2	81
263	3	50	55	72	144	3	89
263	3	50	61	72	144	2	33
263	3	50	62	72	144	2	54
263	3	50	64	72	144	2	67
263	3	50	66	72	144	3	188
263	3	50	67	72	144	2	262
263	3	50	68	72	144	2	202
263	3	50	73	72	144	2	46
263	3	50	78	72	144	2	141
263	3	50	82	72	144	2	47
263	3	50	84	72	144	2	65
263	3	50	89	72	144	3	inf
263	3	50	94	72	144	2	198
263	3	50	96	72	144	2	216
263	3	50	100	72	144	2	122
263	3	50	105	72	144	2	217
263	3	50	110	72	144	2	61
263	3	50	111	72	144	2	1
263	3	50	112	72	144	3	75
263	3	50	114	72	144	2	196
263	3	50	116	72	144	2	209
263	3	50	117	72	144	2	230
263	3	50	123	72	144	3	174
263	3	50	124	72	144	2	182
263	3	50	126	72	144	2	182
263	3	50	127	72	144	3	174
263	3	50	133	72	144	2	230
263	3	50	134	72	144	2	209
263	3	50	136	72	144	2	196
263	3	50	138	72	144	3	75
263	3	50	139	72	144	2	1
263	3	50	140	72	144	2	61
263	3	51	3	72	144	2	230
263	3	51	4	72	144	2	209
263	3	51	6	72	144	2	196
263	3	51	8	72	144	3	75
263	3	51	9	72	144	2	1
263	3	51	10	72	144	2	61
263	3	51	15	72	144	2	217
263	3	51	20	72	144	2	122
263	3	51	24	72	144	2	216
263	3	51	26	72	144	2	198
263	3	51	31	72	144	3	inf
263	3	51	36	72	144	2	65
263	3	51	38	72	144	2	47
263	3	51	42	72	144	2	141
263	3	51	47	72	144	2	46
263	3	51	52	72	144	2	202
263	3	51	53	72	144	2	262
263	3	51	54	72	144	3	188
263	3	51	56	72	144	2	67
263	3	51	58	72	144	2	54
263	3	51	59	72	144	2	33
263	3	51	64	72	144	3	inf
263	3	51	65	72	144	3	89
263	3	51	66	72	144	3	inf
263	3	51	68	72	144	2	81
263	3	51	69	72	144	3	89
263	3	51	75	72	144	2	33
263	3	51	76	72	144	2	54
263	3	51	78	72	144	2	67
263	3	51	80	72	144	3	188
263	3	51	81	72	144	2	262
263	3	51	82	72	144	2	202
263	3	51	87	72	144	2	46
263	3	51	92	72	144	2	141
263	3	51	96	72	144	2	47
263	3	51	98	72	144	2	65
263	3	51	103	72	144	3	inf
263	3	51	108	72	144	2	198
263	3	51	110	72	144	2	216
263	3	51	114	72	144	2	122
263	3	51	119	72	144	2	217
263	3	51	124	72	144	2	61
263	3	51	125	72	144	2	1
263	3	51	126	72	144	3	75
263	3	51	128	72	144	2	196
263	3	51	130	72	144	2	209
263	3	51	131	72	144	2	230
263	3	51	137	72	144	3	174
263	3	51	138	72	144	2	182
263	3	51	140	72	144	2	182
263	3	51	141	72	144	3	174
263	3	52	0	72	144	2	209
263	3	52	1	72	144	2	230
263	3	52	7	72	144	3	174
263	3	52	8	72	144	2	182
263	3	52	10	72	144	2	182
263	3	52	11	72	144	3	174
263	3	52	17	72	144	2	230
263	3	52	18	72	144	2	209
263	3	52	20	72	144	2	196
263	3	52	22	72	144	3	75
263	3	52	23	72	144	2	1
263	3	52	24	72	144	2	61
263	3	52	29	72	144	2	217
263	3	52	34	72	144	2	122
263	3	52	38	72	144	2	216
263	3	52	40	72	144	2	198
263	3	52	45	72	144	3	inf
263	3	52	50	72	144	2	65
263	3	52	52	72	144	2	47
263	3	52	56	72	144	2	141
263	3	52	61	72	144	2	46
263	3	52	66	72	144	2	202
263	3	52	67	72	144	2	262
263	3	52	68	72	144	3	188
263	3	52	70	72	144	2	67
263	3	52	72	72	144	2	54
263	3	52	73	72	144	2	33
263	3	52	78	72	144	3	inf
263	3	52	79	72	144	3	89
263	3	52	80	72	144	3	inf
263	3	52	82	72	144	2	81
263	3	52	83	72	144	3	89
263	3	52	89	72	144	2	33
263	3	52	90	72	144	2	54
263	3	52	92	72	144	2	67
263	3	52	94	72	144	3	188
263	3	52	95	72	144	2	262
263	3	52	96	72	144	2	202
263	3	52	101	72	144	2	46
263	3	52	106	72	144	2	141
263	3	52	110	72	144	2	47
263	3	52	112	72	144	2	65
263	3	52	117	72	144	3	inf
263	3	52	122	72	144	2	198
263	3	52	124	72	144	2	216
263	3	52	128	72	144	2	122
263	3	52	133	72	144	2	217
263	3	52	138	72	144	2	61
263	3	52	139	72	144	2	1
263	3	52	140	72	144	3	75
263	3	52	142	72	144	2	196
263	3	53	3	72	144	2	217
263	3	53	8	72	144	2	61
263	3	53	9	72	144	2	1
263	3	53	10	72	144	3	75
263	3	53	12	72	144	2	196
263	3	53	14	72	144	2	209
263	3	53	15	72	144	2	230
263	3	53	21	72	144	3	174
263	3	53	22	72	144	2	182
263	3	53	24	72	144	2	182
263	3	53	25	72	144	3	174
263	3	53	31	72	144	2	230
263	3	53	32	72	144	2	209
263	3	53	34	72	144	2	196
263	3	53	36	72	144	3	75
263	3	53	37	72	144	2	1
263	3	53	38	72	144	2	61
263	3	53	43	72	144	2	217
263	3	53	48	72	144	2	122
263	3	53	52	72	144	2	216
263	3	53	54	72	144	2	198
263	3	53	59	72	144	3	inf
263	3	53	64	72	144	2	65
263	3	53	66	72	144	2	47
263	3	53	70	72	144	2	141
263	3	53	75	72	144	2	46
263	3	53	80	72	144	2	202
263	3	53	81	72	144	2	262
263	3	53	82	72	144	3	188
263	3	53	84	72	144	2	67
263	3	53	86	72	144	2	54
263	3	53	87	72	144	2	33
263	3	53	92	72	144	3	inf
263	3	53	93	72	144	3	89
263	3	53	94	72	144	3	inf
263	3	53	96	72	144	2	81
263	3	53	97	72	144	3	89
263	3	53	103	72	144	2	33
263	3	53	104	72	144	2	54
263	3	53	106	72	144	2	67
263	3	53	108	72	144	3	188
263	3	53	109	72	144	2	262
263	3	53	110	72	144	2	202
263	3	53	115	72	144	2	46
263	3	53	120	72	144	2	141
263	3	53	124	72	144	2	47
263	3	53	126	72	144	2	65
263	3	53	131	72	144	3	inf
263	3	53	136	72	144	2	198
263	3	53	138	72	144	2	216
263	3	53	142	72	144	2	122
263	3	54	1	72	144	3	inf
263	3	54	6	72	144	2	198
263	3	54	8	72	144	2	216
263	3	54	12	72	144	2	122
263	3	54	17	72	144	2	217
263	3	54	22	72	144	2	61
263	3	54	23	72	144	2	1
263	3	54	24	72	144	3	75
263	3	54	26	72	144	2	196
263	3	54	28	72	144	2	209
263	3	54	29	72	144	2	230
263	3	54	35	72	144	3	174
263	3	54	36	72	144	2	182
263	3	54	38	72	144	2	182
263	3	54	39	72	144	3	174
263	3	54	45	72	144	2	230
263	3	54	46	72	144	2	209
263	3	54	48	72	144	2	196
263	3	54	50	72	144	3	75
263	3	54	51	72	144	2	1
263	3	54	52	72	144	2	61
263	3	54	57	72	144	2	217
263	3	54	62	72	144	2	122
263	3	54	66	72	144	2	216
263	3	54	68	72	144	2	198
263	3	54	73	72	144	3	inf
263	3	54	78	72	144	2	65
263	3	54	80	72	144	2	47
263	3	54	84	72	144	2	141
263	3	54	89	72	144	2	46
263	3	54	94	72	144	2	202
263	3	54	95	72	144	2	262
263	3	54	96	72	144	3	188
263	3	54	98	72	144	2	67
263	3	54	100	72	144	2	54
263	3	54	101	72	144	2	33
263	3	54	106	72	144	3	inf
263	3	54	107	72	144	3	89
263	3	54	108	72	144	3	inf
263	3	54	110	72	144	2	81
263	3	54	111	72	144	3	89
263	3	54	117	72	144	2	33
263	3	54	118	72	144	2	54
263	3	54	120	72	144	2	67
263	3	54	122	72	144	3	188
263	3	54	123	72	144	2	262
263	3	54	124	72	144	2	202
263	3	54	129	72	144	2	46
263	3	54	134	72	144	2	141
263	3	54	138	72	144	2	47
263	3	54	140	72	144	2	65
263	3	55	4	72	144	2	141
263	3	55	8	72	144	2	47
263	3	55	10	72	144	2	65
263	3	55	15	72	144	3	inf
263	3	55	20	72	144	2	198
263	3	55	22	72	144	2	216
263	3	55	26	72	144	2	122
263	3	55	31	72	144	2	217
263	3	55	36	72	144	2	61
263	3	55	37	72	144	2	1
263	3	55	38	72	144	3	75
263	3	55	40	72	144	2	196
263	3	55	42	72	144	2	209
263	3	55	43	72	144	2	230
263	3	55	49	72	144	3	174
263	3	55	50	72	144	2	182
263	3	55	52	72	144	2	182
263	3	55	53	72	144	3	174
263	3	55	59	72	144	2	230
263	3	55	60	72	144	2	209
263	3	55	62	72	144	2	196
263	3	55	64	72	144	3	75
263	3	55	65	72	144	2	1
263	3	55	66	72	144	2	61
263	3	55	71	72	144	2	217
263	3	55	76	72	144	2	122
263	3	55	80	72	144	2	216
263	3	55	82	72	144	2	198
263	3	55	87	72	144	3	inf
263	3	55	92	72	144	2	65
263	3	55	94	72	144	2	47
263	3	55	98	72	144	2	141
263	3	55	103	72	144	2	46
263	3	55	108	72	144	2	202
263	3	55	109	72	144	2	262
263	3	55	110	72	144	3	188
263	3	55	112	72	144	2	67
263	3	55	114	72	144	2	54
263	3	55	115	72	144	2	33
263	3	55	120	72	144	3	inf
263	3	55	121	72	144	3	89
263	3	55	122	72	144	3	inf
263	3	55	124	72	144	2	81
263	3	55	125	72	144	3	89
263	3	55	131	72	144	2	33
263	3	55	132	72	144	2	54
263	3	55	134	72	144	2	67
263	3	55	136	72	144	3	188
263	3	55	137	72	144	2	262
263	3	55	138	72	144	2	202
263	3	55	143	72	144	2	46
263	3	56	1	72	144	2	33
263	3	56	2	72	144	2	54
263	3	56	4	72	144	2	67
263	3	56	6	72	144	3	188
263	3	56	7	72	144	2	262
263	3	56	8	72	144	2	202
263	3	56	13	72	144	2	46
263	3	56	18	72	144	2	141
263	3	56	22	72	144	2	47
263	3	56	24	72	144	2	65
263	3	56	29	72	144	3	inf
263	3	56	34	72	144	2	198
263	3	56	36	72	144	2	216
263	3	56	40	72	144	2	122
263	3	56	45	72	144	2	217
263	3	56	50	72	144	2	61
263	3	56	51	72	144	2	1
263	3	56	52	72	144	3	75
263	3	56	54	72	144	2	196
263	3	56	56	72	144	2	209
263	3	56	57	72	144	2	230
263	3	56	63	72	144	3	174
263	3	56	64	72	144	2	182
263	3	56	66	72	144	2	182
263	3	56	67	72	144	3	174
263	3	56	73	72	144	2	230
263	3	56	74	72	144	2	209
263	3	56	76	72	144	2	196
263	3	56	78	72	144	3	75
263	3	56	79	72	144	2	1
263	3	56	80	72	144	2	61
263	3	56	85	72	144	2	217
263	3	56	90	72	144	2	122
263	3	56	94	72	144	2	216
263	3	56	96	72	144	2	198
263	3	56	101	72	144	3	inf
263	3	56	106	72	144	2	65
263	3	56	108	72	144	2	47
263	3	56	112	72	144	2	141
263	3	56	117	72	144	2	46
263	3	56	122	72	144	2	202
263	3	56	123	72	144	2	262
263	3	56	124	72	144	3	188
263	3	56	126	72	144	2	67
263	3	56	128	72	144	2	54
263	3	56	129	72	144	2	33
263	3	56	134	72	144	3	inf
263	3	56	135	72	144	3	89
263	3	56	136	72	144	3	inf
263	3	56	138	72	144	2	81
263	3	56	139	72	144	3	89
263	3	57	4	72	144	3	inf
263	3	57	5	72	144	3	89
263	3	57	6	72	144	3	inf
263	3	57	8	72	144	2	81
263	3	57	9	72	144	3	89
263	3	57	15	72	144	2	33
263	3	57	16	72	144	2	54
263	3	57	18	72	144	2	67
263	3	57	20	72	144	3	188
263	3	57	21	72	144	2	262
263	3	57	22	72	144	2	202
263	3	57	27	72	144	2	46
263	3	57	32	72	144	2	141
263	3	57	36	72	144	2	47
263	3	57	38	72	144	2	65
263	3	57	43	72	144	3	inf
263	3	57	48	72	144	2	198
263	3	57	50	72	144	2	216
263	3	57	54	72	144	2	122
263	3	57	59	72	144	2	217
263	3	57	64	72	144	2	61
263	3	57	65	72	144	2	1
263	3	57	66	72	144	3	75
263	3	57	68	72	144	2	196
263	3	57	70	72	144	2	209
263	3	57	71	72	144	2	230
263	3	57	77	72	144	3	174
263	3	57	78	72	144	2	182
263	3	57	80	72	144	2	182
263	3	57	81	72	144	3	174
263	3	57	87	72	144	2	230
263	3	57	88	72	144	2	209
263	3	57	90	72	144	2	196
263	3	57	92	72	144	3	75
263	3	57	93	72	144	2	1
263	3	57	94	72	144	2	61
263	3	57	99	72	144	2	217
263	3	57	104	72	144	2	122
263	3	57	108	72	144	2	216
263	3	57	110	72	144	2	198
263	3	57	115	72	144	3	inf
263	3	57	120	72	144	2	65
263	3	57	122	72	144	2	47
263	3	57	126	72	144	2	141
263	3	57	131	72	144	2	46
263	3	57	136	72	144	2	202
263	3	57	137	72	144	2	262
263	3	57	138	72	144	3	188
263	3	57	140	72	144	2	67
263	3	57	142	72	144	2	54
263	3	57	143	72	144	2	33
263	3	58	1	72	144	2	46
263	3	58	6	72	144	2	202
263	3	58	7	72	144	2	262
263	3	58	8	72	144	3	188
263	3	58	10	72	144	2	67
263	3	58	12	72	144	2	54
263	3	58	13	72	144	2	33
263	3	58	18	72	144	3	inf
263	3	58	19	72	144	3	89
263	3	58	20	72	144	3	inf
263	3	58	22	72	144	2	81
263	3	58	23	72	144	3	89
263	3	58	29	72	144	2	33
263	3	58	30	72	144	2	54
263	3	58	32	72	144	2	67
263	3	58	34	72	144	3	188
263	3	58	35	72	144	2	262
263	3	58	36	72	144	2	202
263	3	58	41	72	144	2	46
263	3	58	46	72	144	2	141
263	3	58	50	72	144	2	47
263	3	58	52	72	144	2	65
263	3	58	57	72	144	3	inf
263	3	58	62	72	144	2	198
263	3	58	64	72	144	2	216
263	3	58	68	72	144	2	122
263	3	58	73	72	144	2	217
263	3	58	78	72	144	2	61
263	3	58	79	72	144	2	1
263	3	58	80	72	144	3	75
263	3	58	82	72	144	2	196
263	3	58	84	72	144	2	209
263	3	58	85	72	144	2	230
263	3	58	91	72	144	3	174
263	3	58	92	72	144	2	182
263	3	58	94	72	144	2	182
263	3	58	95	72	144	3	174
263	3	58	101	72	144	2	230
263	3	58	102	72	144	2	209
263	3	58	104	72	144	2	196
263	3	58	106	72	144	3	75
263	3	58	107	72	144	2	1
263	3	58	108	72	144	2	61
263	3	58	113	72	144	2	217
263	3	58	118	72	144	2	122
263	3	58	122	72	144	2	216
263	3	58	124	72	144	2	198
263	3	58	129	72	144	3	inf
263	3	58	134	72	144	2	65
263	3	58	136	72	144	2	47
263	3	58	140	72	144	2	141
263	3	59	4	72	144	2	65
263	3	59	6	72	144	2	47
263	3	59	10	72	144	2	141
263	3	59	15	72	144	2	46
263	3	59	20	72	144	2	202
263	3	59	21	72	144	2	262
263	3	59	22	72	144	3	188
263	3	59	24	72	144	2	67
263	3	59	26	72	144	2	54
263	3	59	27	72	144	2	33
263	3	59	32	72	144	3	inf
263	3	59	33	72	144	3	89
263	3	59	34	72	144	3	inf
263	3	59	36	72	144	2	81
263	3	59	37	72	144	3	89
263	3	59	43	72	144	2	33
263	3	59	44	72	144	2	54
263	3	59	46	72	144	2	67
263	3	59	48	72	144	3	188
263	3	59	49	72	144	2	262
263	3	59	50	72	144	2	202
263	3	59	55	72	144	2	46
263	3	59	60	72	144	2	141
263	3	59	64	72	144	2	47
263	3	59	66	72	144	2	65
263	3	59	71	72	144	3	inf
263	3	59	76	72	144	2	198
263	3	59	78	72	144	2	216
263	3	59	82	72	144	2	122
263	3	59	87	72	144	2	217
263	3	59	92	72	144	2	61
263	3	59	93	72	144	2	1
263	3	59	94	72	144	3	75
263	3	59	96	72	144	2	196
263	3	59	98	72	144	2	209
263	3	59	99	72	144	2	230
263	3	59	105	72	144	3	174
263	3	59	106	72	144	2	182
263	3	59	108	72	144	2	182
263	3	59	109	72	144	3	174
263	3	59	115	72	144	2	230
263	3	59	116	72	144	2	209
263	3	59	118	72	144	2	196
263	3	59	120	72	144	3	75
263	3	59	121	72	144	2	1
263	3	59	122	72	144	2	61
263	3	59	127	72	144	2	217
263	3	59	132	72	144	2	122
263	3	59	136	72	144	2	216
263	3	59	138	72	144	2	198
263	3	59	143	72	144	3	inf
263	3	60	2	72	144	2	122
263	3	60	6	72	144	2	216
263	3	60	8	72	144	2	198
263	3	60	13	72	144	3	inf
263	3	60	18	72	144	2	65
263	3	60	20	72	144	2	47
263	3	60	24	72	144	2	141
263	3	60	29	72	144	2	46
263	3	60	34	72	144	2	202
263	3	60	35	72	144	2	262
263	3	60	36	72	144	3	188
263	3	60	38	72	144	2	67
263	3	60	40	72	144	2	54
263	3	60	41	72	144	2	33
263	3	60	46	72	144	3	inf
263	3	60	47	72	144	3	89
263	3	60	48	72	144	3	inf
263	3	60	50	72	144	2	81
263	3	60	51	72	144	3	89
263	3	60	57	72	144	2	33
263	3	60	58	72	144	2	54
263	3	60	60	72	144	2	67
263	3	60	62	72	144	3	188
263	3	60	63	72	144	2	262
263	3	60	64	72	144	2	202
263	3	60	69	72	144	2	46
263	3	60	74	72	144	2	141
263	3	60	78	72	144	2	47
263	3	60	80	72	144	2	65
263	3	60	85	72	144	3	inf
263	3	60	90	72	144	2	198
263	3	60	92	72	144	2	216
263	3	60	96	72	144	2	122
263	3	60	101	72	144	2	217
263	3	60	106	72	144	2	61
263	3	60	107	72	144	2	1
263	3	60	108	72	144	3	75
263	3	60	110	72	144	2	196
263	3	60	112	72	144	2	209
263	3	60	113	72	144	2	230
263	3	60	119	72	144	3	174
263	3	60	120	72	144	2	182
263	3	60	122	72	144	2	182
263	3	60	123	72	144	3	174
263	3	60	129	72	144	2	230
263	3	60	130	72	144	2	209
263	3	60	132	72	144	2	196
263	3	60	134	72	144	3	75
263	3	60	135	72	144	2	1
263	3	60	136	72	144	2	61
263	3	60	141	72	144	2	217
263	3	61	0	72	144	2	209
263	3	61	2	72	144	2	196
263	3	61	4	72	144	3	75
263	3	61	5	72	144	2	1
263	3	61	6	72	144	2	61
263	3	61	11	72	144	2	217
263	3	61	16	72	144	2	122
263	3	61	20	72	144	2	216
263	3	61	22	72	144	2	198
263	3	61	27	72	144	3	inf
263	3	61	32	72	144	2	65
263	3	61	34	72	144	2	47
263	3	61	38	72	144	2	141
263	3	61	43	72	144	2	46
263	3	61	48	72	144	2	202
263	3	61	49	72	144	2	262
263	3	61	50	72	144	3	188
263	3	61	52	72	144	2	67
263	3	61	54	72	144	2	54
263	3	61	55	72	144	2	33
263	3	61	60	72	144	3	inf
263	3	61	61	72	144	3	89
263	3	61	62	72	144	3	inf
263	3	61	64	72	144	2	81
263	3	61	65	72	144	3	89
263	3	61	71	72	144	2	33
263	3	61	72	72	144	2	54
263	3	61	74	72	144	2	67
263	3	61	76	72	144	3	188
263	3	61	77	72	144	2	262
263	3	61	78	72	144	2	202
263	3	61	83	72	144	2	46
263	3	61	88	72	144	2	141
263	3	61	92	72	144	2	47
263	3	61	94	72	144	2	65
263	3	61	99	72	144	3	inf
263	3	61	104	72	144	2	198
263	3	61	106	72	144	2	216
263	3	61	110	72	144	2	122
263	3	61	115	72	144	2	217
263	3	61	120	72	144	2	61
263	3	61	121	72	144	2	1
263	3	61	122	72	144	3	75
263	3	61	124	72	144	2	196
263	3	61	126	72	144	2	209
263	3	61	127	72	144	2	230
263	3	61	133	72	144	3	174
263	3	61	134	72	144	2	182
263	3	61	136	72	144	2	182
263	3	61	137	72	144	3	174
263	3	61	143	72	144	2	230
263	3	62	3	72	144	3	174
263	3	62	4	72	144	2	182
263	3	62	6	72	144	2	182
263	3	62	7	72	144	3	174
263	3	62	13	72	144	2	230
263	3	62	14	72	144	2	209
263	3	62	16	72	144	2	196
263	3	62	18	72	144	3	75
263	3	62	19	72	144	2	1
263	3	62	20	72	144	2	61
263	3	62	25	72	144	2	217
263	3	62	30	72	144	2	122
263	3	62	34	72	144	2	216
263	3	62	36	72	144	2	198
263	3	62	41	72	144	3	inf
263	3	62	46	72	144	2	65
263	3	62	48	72	144	2	47
263	3	62	52	72	144	2	141
263	3	62	57	72	144	2	46
263	3	62	62	72	144	2	202
263	3	62	63	72	144	2	262
263	3	62	64	72	144	3	188
263	3	62	66	72	144	2	67
263	3	62	68	72	144	2	54
263	3	62	69	72	144	2	33
263	3	62	74	72	144	3	inf
263	3	62	75	72	144	3	89
263	3	62	76	72	144	3	inf
263	3	62	78	72	144	2	81
263	3	62	79	72	144	3	89
263	3	62	85	72	144	2	33
263	3	62	86	72	144	2	54
263	3	62	88	72	144	2	67
263	3	62	90	72	144	3	188
263	3	62	91	72	144	2	262
263	3	62	92	72	144	2	202
263	3	62	97	72	144	2	46
263	3	62	102	72	144	2	141
263	3	62	106	72	144	2	47
263	3	62	108	72	144	2	65
263	3	62	113	72	144	3	inf
263	3	62	118	72	144	2	198
263	3	62	120	72	144	2	216
263	3	62	124	72	144	2	122
263	3	62	129	72	144	2	217
263	3	62	134	72	144	2	61
263	3	62	135	72	144	2	1
263	3	62	136	72	144	3	75
263	3	62	138	72	144	2	196
263	3	62	140	72	144	2	209
263	3	62	141	72	144	2	230
263	3	63	4	72	144	2	61
263	3	63	5	72	144	2	1
263	3	63	6	72	144	3	75
263	3	63	8	72	144	2	196
263	3	63	10	72	144	2	209
263	3	63	11	72	144	2	230
263	3	63	17	72	144	3	174
263	3	63	18	72	144	2	182
263	3	63	20	72	144	2	182
263	3	63	21	72	144	3	174
263	3	63	27	72	144	2	230
263	3	63	28	72	144	2	209
263	3	63	30	72	144	2	196
263	3	63	32	72	144	3	75
263	3	63	33	72	144	2	1
263	3	63	34	72	144	2	61
263	3	63	39	72	144	2	217
263	3	63	44	72	144	2	122
263	3	63	48	72	144	2	216
263	3	63	50	72	144	2	198
263	3	63	55	72	144	3	inf
263	3	63	60	72	144	2	65
263	3	63	62	72	144	2	47
263	3	63	66	72	144	2	141
263	3	63	71	72	144	2	46
263	3	63	76	72	144	2	202
263	3	63	77	72	144	2	262
263	3	63	78	72	144	3	188
263	3	63	80	72	144	2	67
263	3	63	82	72	144	2	54
263	3	63	83	72	144	2	33
263	3	63	88	72	144	3	inf
263	3	63	89	72	144	3	89
263	3	63	90	72	144	3	inf
263	3	63	92	72	144	2	81
263	3	63	93	72	144	3	89
263	3	63	99	72	144	2	33
263	3	63	100	72	144	2	54
263	3	63	102	72	144	2	67
263	3	63	104	72	144	3	188
263	3	63	105	72	144	2	262
263	3	63	106	72	144	2	202
263	3	63	111	72	144	2	46
263	3	63	116	72	144	2	141
263	3	63	120	72	144	2	47
263	3	63	122	72	144	2	65
263	3	63	127	72	144	3	inf
263	3	63	132	72	144	2	198
263	3	63	134	72	144	2	216
263	3	63	138	72	144	2	122
263	3	63	143	72	144	2	217
263	3	64	2	72	144	2	198
263	3	64	4	72	144	2	216
263	3	64	8	72	144	2	122
263	3	64	13	72	144	2	217
263	3	64	18	72	144	2	61
263	3	64	19	72	144	2	1
263	3	64	20	72	144	3	75
263	3	64	22	72	144	2	196
263	3	64	24	72	144	2	209
263	3	64	25	72	144	2	230
263	3	64	31	72	144	3	174
263	3	64	32	72	144	2	182
263	3	64	34	72	144	2	182
263	3	64	35	72	144	3	174
263	3	64	41	72	144	2	230
263	3	64	42	72	144	2	209
263	3	64	44	72	144	2	196
263	3	64	46	72	144	3	75
263	3	64	47	72	144	2	1
263	3	64	48	72	144	2	61
263	3	64	53	72	144	2	217
263	3	64	58	72	144	2	122
263	3	64	62	72	144	2	216
263	3	64	64	72	144	2	198
263	3	64	69	72	144	3	inf
263	3	64	74	72	144	2	65
263	3	64	76	72	144	2	47
263	3	64	80	72	144	2	141
263	3	64	85	72	144	2	46
263	3	64	90	72	144	2	202
263	3	64	91	72	144	2	262
263	3	64	92	72	144	3	188
263	3	64	94	72	144	2	67
263	3	64	96	72	144	2	54
263	3	64	97	72	144	2	33
263	3	64	102	72	144	3	inf
263	3	64	103	72	144	3	89
263	3	64	104	72	144	3	inf
263	3	64	106	72	144	2	81
263	3	64	107	72	144	3	89
263	3	64	113	72	144	2	33
263	3	64	114	72	144	2	54
263	3	64	116	72	144	2	67
263	3	64	118	72	144	3	188
263	3	64	119	72	144	2	262
263	3	64	120	72	144	2	202
263	3	64	125	72	144	2	46
263	3	64	130	72	144	2	141
263	3	64	134	72	144	2	47
263	3	64	136	72	144	2	65
263	3	64	141	72	144	3	inf
263	3	65	0	72	144	2	141
263	3	65	4	72	144	2	47
263	3	65	6	72	144	2	65
263	3	65	11	72	144	3	inf
263	3	65	16	72	144	2	198
263	3	65	18	72	144	2	216
263	3	65	22	72	144	2	122
263	3	65	27	72	144	2	217
263	3	65	32	72	144	2	61
263	3	65	33	72	144	2	1
263	3	65	34	72	144	3	75
263	3	65	36	72	144	2	196
263	3	65	38	72	144	2	209
263	3	65	39	72	144	2	230
263	3	65	45	72	144	3	174
263	3	65	46	72	144	2	182
263	3	65	48	72	144	2	182
263	3	65	49	72	144	3	174
263	3	65	55	72	144	2	230
263	3	65	56	72	144	2	209
263	3	65	58	72	144	2	196
263	3	65	60	72	144	3	75
263	3	65	61	72	144	2	1
263	3	65	62	72	144	2	61
263	3	65	67	72	144	2	217
263	3	65	72	72	144	2	122
263	3	65	76	72	144	2	216
263	3	65	78	72	144	2	198
263	3	65	83	72	144	3	inf
263	3	65	88	72	144	2	65
263	3	65	90	72	144	2	47
263	3	65	94	72	144	2	141
263	3	65	99	72	144	2	46
263	3	65	104	72	144	2	202
263	3	65	105	72	144	2	262
263	3	65	106	72	144	3	188
263	3	65	108	72	144	2	67
263	3	65	110	72	144	2	54
263	3	65	111	72	144	2	33
263	3	65	116	72	144	3	inf
263	3	65	117	72	144	3	89
263	3	65	118	72	144	3	inf
263	3	65	120	72	144	2	81
263	3	65	121	72	144	3	89
263	3	65	127	72	144	2	33
263	3	65	128	72	144	2	54
263	3	65	130	72	144	2	67
263	3	65	132	72	144	3	188
263	3	65	133	72	144	2	262
263	3	65	134	72	144	2	202
263	3	65	139	72	144	2	46
263	3	66	0	72	144	2	67
263	3	66	2	72	144	3	188
263	3	66	3	72	144	2	262
263	3	66	4	72	144	2	202
263	3	66	9	72	144	2	46
263	3	66	14	72	144	2	141
263	3	66	18	72	144	2	47
263	3	66	20	72	144	2	65
263	3	66	25	72	144	3	inf
263	3	66	30	72	144	2	198
263	3	66	32	72	144	2	216
263	3	66	36	72	144	2	122
263	3	66	41	72	144	2	217
263	3	66	46	72	144	2	61
263	3	66	47	72	144	2	1
263	3	66	48	72	144	3	75
263	3	66	50	72	144	2	196
263	3	66	52	72	144	2	209
263	3	66	53	72	144	2	230
263	3	66	59	72	144	3	174
263	3	66	60	72	144	2	182
263	3	66	62	72	144	2	182
263	3	66	63	72	144	3	174
263	3	66	69	72	144	2	230
263	3	66	70	72	144	2	209
263	3	66	72	72	144	2	196
263	3	66	74	72	144	3	75
263	3	66	75	72	144	2	1
263	3	66	76	72	144	2	61
263	3	66	81	72	144	2	217
263	3	66	86	72	144	2	122
263	3	66	90	72	144	2	216
263	3	66	92	72	144	2	198
263	3	66	97	72	144	3	inf
263	3	66	102	72	144	2	65
263	3	66	104	72	144	2	47
263	3	66	108	72	144	2	141
263	3	66	113	72	144	2	46
263	3	66	118	72	144	2	202
263	3	66	119	72	144	2	262
263	3	66	120	72	144	3	188
263	3	66	122	72	144	2	67
263	3	66	124	72	144	2	54
263	3	66	125	72	144	2	33
263	3	66	130	72	144	3	inf
263	3	66	131	72	144	3	89
263	3	66	132	72	144	3	inf
263	3	66	134	72	144	2	81
263	3	66	135	72	144	3	89
263	3	66	141	72	144	2	33
263	3	66	142	72	144	2	54
263	3	67	0	72	144	3	inf
263	3	67	1	72	144	3	89
263	3	67	2	72	144	3	inf
263	3	67	4	72	144	2	81
263	3	67	5	72	144	3	89
263	3	67	11	72	144	2	33
263	3	67	12	72	144	2	54
263	3	67	14	72	144	2	67
263	3	67	16	72	144	3	188
263	3	67	17	72	144	2	262
263	3	67	18	72	144	2	202
263	3	67	23	72	144	2	46
263	3	67	28	72	144	2	141
263	3	67	32	72	144	2	47
263	3	67	34	72	144	2	65
263	3	67	39	72	144	3	inf
263	3	67	44	72	144	2	198
263	3	67	46	72	144	2	216
263	3	67	50	72	144	2	122
263	3	67	55	72	144	2	217
263	3	67	60	72	144	2	61
263	3	67	61	72	144	2	1
263	3	67	62	72	144	3	75
263	3	67	64	72	144	2	196
263	3	67	66	72	144	2	209
263	3	67	67	72	144	2	230
263	3	67	73	72	144	3	174
263	3	67	74	72	144	2	182
263	3	67	76	72	144	2	182
263	3	67	77	72	144	3	174
263	3	67	83	72	144	2	230
263	3	67	84	72	144	2	209
263	3	67	86	72	144	2	196
263	3	67	88	72	144	3	75
263	3	67	89	72	144	2	1
263	3	67	90	72	144	2	61
263	3	67	95	72	144	2	217
263	3	67	100	72	144	2	122
263	3	67	104	72	144	2	216
263	3	67	106	72	144	2	198
263	3	67	111	72	144	3	inf
263	3	67	116	72	144	2	65
263	3	67	118	72	144	2	47
263	3	67	122	72	144	2	141
263	3	67	127	72	144	2	46
263	3	67	132	72	144	2	202
263	3	67	133	72	144	2	262
263	3	67	134	72	144	3	188
263	3	67	136	72	144	2	67
263	3	67	138	72	144	2	54
263	3	67	139	72	144	2	33
263	3	68	2	72	144	2	202
263	3	68	3	72	144	2	262
263	3	68	4	72	144	3	188
263	3	68	6	72	144	2	67
263	3	68	8	72	144	2	54
263	3	68	9	72	144	2	33
263	3	68	14	72	144	3	inf
263	3	68	15	72	144	3	89
263	3	68	16	72	144	3	inf
263	3	68	18	72	144	2	81
263	3	68	19	72	144	3	89
263	3	68	25	72	144	2	33
263	3	68	26	72	144	2	54
263	3	68	28	72	144	2	67
263	3	68	30	72	144	3	188
263	3	68	31	72	144	2	262
263	3	68	32	72	144	2	202
263	3	68	37	72	144	2	46
263	3	68	42	72	144	2	141
263	3	68	46	72	144	2	47
263	3	68	48	72	144	2	65
263	3	68	53	72	144	3	inf
263	3	68	58	72	144	2	198
263	3	68	60	72	144	2	216
263	3	68	64	72	144	2	122
263	3	68	69	72	144	2	217
263	3	68	74	72	144	2	61
263	3	68	75	72	144	2	1
263	3	68	76	72	144	3	75
263	3	68	78	72	144	2	196
263	3	68	80	72	144	2	209
263	3	68	81	72	144	2	230
263	3	68	87	72	144	3	174
263	3	68	88	72	144	2	182
263	3	68	90	72	144	2	182
263	3	68	91	72	144	3	174
263	3	68	97	72	144	2	230
263	3	68	98	72	144	2	209
263	3	68	100	72	144	2	196
263	3	68	102	72	144	3	75
263	3	68	103	72	144	2	1
263	3	68	104	72	144	2	61
263	3	68	109	72	144	2	217
263	3	68	114	72	144	2	122
263	3	68	118	72	144	2	216
263	3	68	120	72	144	2	198
263	3	68	125	72	144	3	inf
263	3	68	130	72	144	2	65
263	3	68	132	72	144	2	47
263	3	68	136	72	144	2	141
263	3	68	141	72	144	2	46
263	3	69	0	72	144	2	65
263	3	69	2	72	144	2	47
263	3	69	6	72	144	2	141
263	3	69	11	72	144	2	46
263	3	69	16	72	144	2	202
263	3	69	17	72	144	2	262
263	3	69	18	72	144	3	188
263	3	69	20	72	144	2	67
263	3	69	22	72	144	2	54
263	3	69	23	72	144	2	33
263	3	69	28	72	144	3	inf
263	3	69	29	72	144	3	89
263	3	69	30	72	144	3	inf
263	3	69	32	72	144	2	81
263	3	69	33	72	144	3	89
263	3	69	39	72	144	2	33
263	3	69	40	72	144	2	54
263	3	69	42	72	144	2	67
263	3	69	44	72	144	3	188
263	3	69	45	72	144	2	262
263	3	69	46	72	144	2	202
263	3	69	51	72	144	2	46
263	3	69	56	72	144	2	141
263	3	69	60	72	144	2	47
263	3	69	62	72	144	2	65
263	3	69	67	72	144	3	inf
263	3	69	72	72	144	2	198
263	3	69	74	72	144	2	216
263	3	69	78	72	144	2	122
263	3	69	83	72	144	2	217
263	3	69	88	72	144	2	61
263	3	69	89	72	144	2	1
263	3	69	90	72	144	3	75
263	3	69	92	72	144	2	196
263	3	69	94	72	144	2	209
263	3	69	95	72	144	2	230
263	3	69	101	72	144	3	174
263	3	69	102	72	144	2	182
263	3	69	104	72	144	2	182
263	3	69	105	72	144	3	174
263	3	69	111	72	144	2	230
263	3	69	112	72	144	2	209
263	3	69	114	72	144	2	196
263	3	69	116	72	144	3	75
263	3	69	117	72	144	2	1
263	3	69	118	72	144	2	61
263	3	69	123	72	144	2	217
263	3	69	128	72	144	2	122
263	3	69	132	72	144	2	216
263	3	69	134	72	144	2	198
263	3	69	139	72	144	3	inf
263	3	70	2	72	144	2	216
263	3	70	4	72	144	2	198
263	3	70	9	72	144	3	inf
263	3	70	14	72	144	2	65
263	3	70	16	72	144	2	47
263	3	70	20	72	144	2	141
263	3	70	25	72	144	2	46
263	3	70	30	72	144	2	202
263	3	70	31	72	144	2	262
263	3	70	32	72	144	3	188
263	3	70	34	72	144	2	67
263	3	70	36	72	144	2	54
263	3	70	37	72	144	2	33
263	3	70	42	72	144	3	inf
263	3	70	43	72	144	3	89
263	3	70	44	72	144	3	inf
263	3	70	46	72	144	2	81
263	3	70	47	72	144	3	89
263	3	70	53	72	144	2	33
263	3	70	54	72	144	2	54
263	3	70	56	72	144	2	67
263	3	70	58	72	144	3	188
263	3	70	59	72	144	2	262
263	3	70	60	72	144	2	202
263	3	70	65	72	144	2	46
263	3	70	70	72	144	2	141
263	3	70	74	72	144	2	47
263	3	70	76	72	144	2	65
263	3	70	81	72	144	3	inf
263	3	70	86	72	144	2	198
263	3	70	88	72	144	2	216
263	3	70	92	72	144	2	122
263	3	70	97	72	144	2	217
263	3	70	102	72	144	2	61
263	3	70	103	72	144	2	1
263	3	70	104	72	144	3	75
263	3	70	106	72	144	2	196
263	3	70	108	72	144	2	209
263	3	70	109	72	144	2	230
263	3	70	115	72	144	3	174
263	3	70	116	72	144	2	182
263	3	70	118	72	144	2	182
263	3	70	119	72	144	3	174
263	3	70	125	72	144	2	230
263	3	70	126	72	144	2	209
263	3	70	128	72	144	2	196
263	3	70	130	72	144	3	75
263	3	70	131	72	144	2	1
263	3	70	132	72	144	2	61
263	3	70	137	72	144	2	217
263	3	70	142	72	144	2	122
263	3	71	0	72	144	3	75
263	3	71	1	72	144	2	1
263	3	71	2	72	144	2	61
263	3	71	7	72	144	2	217
263	3	71	12	72	144	2	122
263	3	71	16	72	144	2	216
263	3	71	18	72	144	2	198
263	3	71	23	72	144	3	inf
263	3	71	28	72	144	2	65
263	3	71	30	72	144	2	47
263	3	71	34	72	144	2	141
263	3	71	39	72	144	2	46
263	3	71	44	72	144	2	202
263	3	71	45	72	144	2	262
263	3	71	46	72	144	3	188
263	3	71	48	72	144	2	67
263	3	71	50	72	144	2	54
263	3	71	51	72	144	2	33
263	3	71	56	72	144	3	inf
263	3	71	57	72	144	3	89
263	3	71	58	72	144	3	inf
263	3	71	60	72	144	2	81
263	3	71	61	72	144	3	89
263	3	71	67	72	144	2	33
263	3	71	68	72	144	2	54
263	3	71	70	72	144	2	67
263	3	71	72	72	144	3	188
263	3	71	73	72	144	2	262
263	3	71	74	72	144	2	202
263	3	71	79	72	144	2	46
263	3	71	84	72	144	2	141
263	3	71	88	72	144	2	47
263	3	71	90	72	144	2	65
263	3	71	95	72	144	3	inf
263	3	71	100	72	144	2	198
263	3	71	102	72	144	2	216
263	3	71	106	72	144	2	122
263	3	71	111	72	144	2	217
263	3	71	116	72	144	2	61
263	3	71	117	72	144	2	1
263	3	71	118	72	144	3	75
263	3	71	120	72	144	2	196
263	3	71	122	72	144	2	209
263	3	71	123	72	144	2	230
263	3	71	129	72	144	3	174
263	3	71	130	72	144	2	182
263	3	71	132	72	144	2	182
263	3	71	133	72	144	3	174
263	3	71	139	72	144	2	230
263	3	71	140	72	144	2	209
263	3	71	142	72	144	2	196
263	4	0	1	72	144	3	inf
263	4	0	6	72	144	2	65
263	4	0	8	72	144	2	47
263	4	0	12	72	144	2	141
263	4	0	17	72	144	2	46
263	4	0	22	72	144	2	202
263	4	0	23	72	144	2	262
263	4	0	24	72	144	3	188
263	4	0	26	72	144	2	67
263	4	0	28	72	144	2	54
263	4	0	29	72	144	2	33
263	4	0	34	72	144	3	inf
263	4	0	35	72	144	3	89
263	4	0	36	72	144	3	inf
263	4	0	38	72	144	2	81
263	4	0	39	72	144	3	89
263	4	0	45	72	144	2	33
263	4	0	46	72	144	2	54
263	4	0	48	72	144	2	67
263	4	0	50	72	144	3	188
263	4	0	51	72	144	2	262
263	4	0	52	72	144	2	202
263	4	0	57	72	144	2	46
263	4	0	62	72	144	2	141
263	4	0	66	72	144	2	47
263	4	0	68	72	144	2	65
263	4	0	73	72	144	3	inf
263	4	0	78	72	144	2	198
263	4	0	80	72	144	2	216
263	4	0	84	72	144	2	122
263	4	0	89	72	144	2	217
263	4	0	94	72	144	2	61
263	4	0	95	72	144	2	1
263	4	0	96	72	144	3	75
263	4	0	98	72	144	2	196
263	4	0	100	72	144	2	209
263	4	0	101	72	144	2	230
263	4	0	107	72	144	3	174
263	4	0	108	72	144	2	182
263	4	0	110	72	144	2	182
263	4	0	111	72	144	3	174
263	4	0	117	72	144	2	230
263	4	0	118	72	144	2	209
263	4	0	120	72	144	2	196
263	4	0	122	72	144	3	75
263	4	0	123	72	144	2	1
263	4	0	124	72	144	2	61
263	4	0	129	72	144	2	217
263	4	0	134	72	144	2	122
263	4	0	138	72	144	2	216
263	4	0	140	72	144	2	198
263	4	1	4	72	144	2	122
263	4	1	8	72	144	2	216
263	4	1	10	72	144	2	198
263	4	1	15	72	144	3	inf
263	4	1	20	72	144	2	65
263	4	1	22	72	144	2	47
263	4	1	26	72	144	2	141
263	4	1	31	72	144	2	46
263	4	1	36	72	144	2	202
263	4	1	37	72	144	2	262
263	4	1	38	72	144	3	188
263	4	1	40	72	144	2	67
263	4	1	42	72	144	2	54
263	4	1	43	72	144	2	33
263	4	1	48	72	144	3	inf
263	4	1	49	72	144	3	89
263	4	1	50	72	144	3	inf
263	4	1	52	72	144	2	81
263	4	1	53	72	144	3	89
263	4	1	59	72	144	2	33
263	4	1	60	72	144	2	54
263	4	1	62	72	144	2	67
263	4	1	64	72	144	3	188
263	4	1	65	72	144	2	262
263	4	1	66	72	144	2	202
263	4	1	71	72	144	2	46
263	4	1	76	72	144	2	141
263	4	1	80	72	144	2	47
263	4	1	82	72	144	2	65
263	4	1	87	72	144	3	inf
263	4	1	92	72	144	2	198
263	4	1	94	72	144	2	216
263	4	1	98	72	144	2	122
263	4	1	103	72	144	2	217
263	4	1	108	72	144	2	61
263	4	1	109	72	144	2	1
263	4	1	110	72	144	3	75
263	4	1	112	72	144	2	196
263	4	1	114	72	144	2	209
263	4	1	115	72	144	2	230
263	4	1	121	72	144	3	174
263	4	1	122	72	144	2	182
263	4	1	124	72	144	2	182
263	4	1	125	72	144	3	174
263	4	1	131	72	144	2	230
263	4	1	132	72	144	2	209
263	4	1	134	72	144	2	196
263	4	1	136	72	144	3	75
263	4	1	137	72	144	2	1
263	4	1	138	72	144	2	61
263	4	1	143	72	144	2	217
263	4	2	1	72	144	2	230
263	4	2	2	72	144	2	209
263	4	2	4	72	144	2	196
263	4	2	6	72	144	3	75
263	4	2	7	72	144	2	1
263	4	2	8	72	144	2	61
263	4	2	13	72	144	2	217
263	4	2	18	72	144	2	122
263	4	2	22	72	144	2	216
263	4	2	24	72	144	2	198
263	4	2	29	72	144	3	inf
263	4	2	34	72	144	2	65
263	4	2	36	72	144	2	47
263	4	2	40	72	144	2	141
263	4	2	45	72	144	2	46
263	4	2	50	72	144	2	202
263	4	2	51	72	144	2	262
263	4	2	52	72	144	3	188
263	4	2	54	72	144	2	67
263	4	2	56	72	144	2	54
263	4	2	57	72	144	2	33
263	4	2	62	72	144	3	inf
263	4	2	63	72	144	3	89
263	4	2	64	72	144	3	inf
263	4	2	66	72	144	2	81
263	4	2	67	72	144	3	89
263	4	2	73	72	144	2	33
263	4	2	74	72	144	2	54
263	4	2	76	72	144	2	67
263	4	2	78	72	144	3	188
263	4	2	79	72	144	2	262
263	4	2	80	72	144	2	202
263	4	2	85	72	144	2	46
263	4	2	90	72	144	2	141
263	4	2	94	72	144	2	47
263	4	2	96	72	144	2	65
263	4	2	101	72	144	3	inf
263	4	2	106	72	144	2	198
263	4	2	108	72	144	2	216
263	4	2	112	72	144	2	122
263	4	2	117	72	144	2	217
263	4	2	122	72	144	2	61
263	4	2	123	72	144	2	1
263	4	2	124	72	144	3	75
263	4	2	126	72	144	2	196
263	4	2	128	72	144	2	209
263	4	2	129	72	144	2	230
263	4	2	135	72	144	3	174
263	4	2	136	72	144	2	182
263	4	2	138	72	144	2	182
263	4	2	139	72	144	3	174
263	4	3	5	72	144	3	174
263	4	3	6	72	144	2	182
263	4	3	8	72	144	2	182
263	4	3	9	72	144	3	174
263	4	3	15	72	144	2	230
263	4	3	16	72	144	2	209
263	4	3	18	72	144	2	196
263	4	3	20	72	144	3	75
263	4	3	21	72	144	2	1
263	4	3	22	72	144	2	61
263	4	3	27	72	144	2	217
263	4	3	32	72	144	2	122
263	4	3	36	72	144	2	216
263	4	3	38	72	144	2	198
263	4	3	43	72	144	3	inf
263	4	3	48	72	144	2	65
263	4	3	50	72	144	2	47
263	4	3	54	72	144	2	141
263	4	3	59	72	144	2	46
263	4	3	64	72	144	2	202
263	4	3	65	72	144	2	262
263	4	3	66	72	144	3	188
263	4	3	68	72	144	2	67
263	4	3	70	72	144	2	54
263	4	3	71	72	144	2	33
263	4	3	76	72	144	3	inf
263	4	3	77	72	144	3	89
263	4	3	78	72	144	3	inf
263	4	3	80	72	144	2	81
263	4	3	81	72	144	3	89
263	4	3	87	72	144	2	33
263	4	3	88	72	144	2	54
263	4	3	90	72	144	2	67
263	4	3	92	72	144	3	188
263	4	3	93	72	144	2	262
263	4	3	94	72	144	2	202
263	4	3	99	72	144	2	46
263	4	3	104	72	144	2	141
263	4	3	108	72	144	2	47
263	4	3	110	72	144	2	65
263	4	3	115	72	144	3	inf
263	4	3	120	72	144	2	198
263	4	3	122	72	144	2	216
263	4	3	126	72	144	2	122
263	4	3	131	72	144	2	217
263	4	3	136	72	144	2	61
263	4	3	137	72	144	2	1
263	4	3	138	72	144	3	75
263	4	3	140	72	144	2	196
263	4	3	142	72	144	2	209
263	4	3	143	72	144	2	230
263	4	4	1	72	144	2	217
263	4	4	6	72	144	2	61
263	4	4	7	72	144	2	1
263	4	4	8	72	144	3	75
263	4	4	10	72	144	2	196
263	4	4	12	72	144	2	209
263	4	4	13	72	144	2	230
263	4	4	19	72	144	3	174
263	4	4	20	72	144	2	182
263	4	4	22	72	144	2	182
263	4	4	23	72	144	3	174
263	4	4	29	72	144	2	230
263	4	4	30	72	144	2	209
263	4	4	32	72	144	2	196
263	4	4	34	72	144	3	75
263	4	4	35	72	144	2	1
263	4	4	36	72	144	2	61
263	4	4	41	72	144	2	217
263	4	4	46	72	144	2	122
263	4	4	50	72	144	2	216
263	4	4	52	72	144	2	198
263	4	4	57	72	144	3	inf
263	4	4	62	72	144	2	65
263	4	4	64	72	144	2	47
263	4	4	68	72	144	2	141
263	4	4	73	72	144	2	46
263	4	4	78	72	144	2	202
263	4	4	79	72	144	2	262
263	4	4	80	72	144	3	188
263	4	4	82	72	144	2	67
263	4	4	84	72	144	2	54
263	4	4	85	72	144	2	33
263	4	4	90	72	144	3	inf
263	4	4	91	72	144	3	89
263	4	4	92	72	144	3	inf
263	4	4	94	72	144	2	81
263	4	4	95	72	144	3	89
263	4	4	101	72	144	2	33
263	4	4	102	72	144	2	54
263	4	4	104	72	144	2	67
263	4	4	106	72	144	3	188
263	4	4	107	72	144	2	262
263	4	4	108	72	144	2	202
263	4	4	113	72	144	2	46
263	4	4	118	72	144	2	141
263	4	4	122	72	144	2	47
263	4	4	124	72	144	2	65
263	4	4	129	72	144	3	inf
263	4	4	134	72	144	2	198
263	4	4	136	72	144	2	216
263	4	4	140	72	144	2	122
263	4	5	4	72	144	2	198
263	4	5	6	72	144	2	216
263	4	5	10	72	144	2	122
263	4	5	15	72	144	2	217
263	4	5	20	72	144	2	61
263	4	5	21	72	144	2	1
263	4	5	22	72	144	3	75
263	4	5	24	72	144	2	196
263	4	5	26	72	144	2	209
263	4	5	27	72	144	2	230
263	4	5	33	72	144	3	174
263	4	5	34	72	144	2	182
263	4	5	36	72	144	2	182
263	4	5	37	72	144	3	174
263	4	5	43	72	144	2	230
263	4	5	44	72	144	2	209
263	4	5	46	72	144	2	196
263	4	5	48	72	144	3	75
263	4	5	49	72	144	2	1
263	4	5	50	72	144	2	61
263	4	5	55	72	144	2	217
263	4	5	60	72	144	2	122
263	4	5	64	72	144	2	216
263	4	5	66	72	144	2	198
263	4	5	71	72	144	3	inf
263	4	5	76	72	144	2	65
263	4	5	78	72	144	2	47
263	4	5	82	72	144	2	141
263	4	5	87	72	144	2	46
263	4	5	92	72	144	2	202
263	4	5	93	72	144	2	262
263	4	5	94	72	144	3	188
263	4	5	96	72	144	2	67
263	4	5	98	72	144	2	54
263	4	5	99	72	144	2	33
263	4	5	104	72	144	3	inf
263	4	5	105	72	144	3	89
263	4	5	106	72	144	3	inf
263	4	5	108	72	144	2	81
263	4	5	109	72	144	3	89
263	4	5	115	72	144	2	33
263	4	5	116	72	144	2	54
263	4	5	118	72	144	2	67
263	4	5	120	72	144	3	188
263	4	5	121	72	144	2	262
263	4	5	122	72	144	2	202
263	4	5	127	72	144	2	46
263	4	5	132	72	144	2	141
263	4	5	136	72	144	2	47
263	4	5	138	72	144	2	65
263	4	5	143	72	144	3	inf
263	4	6	2	72	144	2	141
263	4	6	6	72	144	2	47
263	4	6	8	72	144	2	65
263	4	6	13	72	144	3	inf
263	4	6	18	72	144	2	198
263	4	6	20	72	144	2	216
263	4	6	24	72	144	2	122
263	4	6	29	72	144	2	217
263	4	6	34	72	144	2	61
263	4	6	35	72	144	2	1
263	4	6	36	72	144	3	75
263	4	6	38	72	144	2	196
263	4	6	40	72	144	2	209
263	4	6	41	72	144	2	230
263	4	6	47	72	144	3	174
263	4	6	48	72	144	2	182
263	4	6	50	72	144	2	182
263	4	6	51	72	144	3	174
263	4	6	57	72	144	2	230
263	4	6	58	72	144	2	209
263	4	6	60	72	144	2	196
263	4	6	62	72	144	3	75
263	4	6	63	72	144	2	1
263	4	6	64	72	144	2	61
263	4	6	69	72	144	2	217
263	4	6	74	72	144	2	122
263	4	6	78	72	144	2	216
263	4	6	80	72	144	2	198
263	4	6	85	72	144	3	inf
263	4	6	90	72	144	2	65
263	4	6	92	72	144	2	47
263	4	6	96	72	144	2	141
263	4	6	101	72	144	2	46
263	4	6	106	72	144	2	202
263	4	6	107	72	144	2	262
263	4	6	108	72	144	3	188
263	4	6	110	72	144	2	67
263	4	6	112	72	144	2	54
263	4	6	113	72	144	2	33
263	4	6	118	72	144	3	inf
263	4	6	119	72	144	3	89
263	4	6	120	72	144	3	inf
263	4	6	122	72	144	2	81
263	4	6	123	72	144	3	89
263	4	6	129	72	144	2	33
263	4	6	130	72	144	2	54
263	4	6	132	72	144	2	67
263	4	6	134	72	144	3	188
263	4	6	135	72	144	2	262
263	4	6	136	72	144	2	202
263	4	6	141	72	144	2	46
263	4	7	0	72	144	2	54
263	4	7	2	72	144	2	67
263	4	7	4	72	144	3	188
263	4	7	5	72	144	2	262
263	4	7	6	72	144	2	202
263	4	7	11	72	144	2	46
263	4	7	16	72	144	2	141
263	4	7	20	72	144	2	47
263	4	7	22	72	144	2	65
263	4	7	27	72	144	3	inf
263	4	7	32	72	144	2	198
263	4	7	34	72	144	2	216
263	4	7	38	72	144	2	122
263	4	7	43	72	144	2	217
263	4	7	48	72	144	2	61
263	4	7	49	72	144	2	1
263	4	7	50	72	144	3	75
263	4	7	52	72	144	2	196
263	4	7	54	72	144	2	209
263	4	7	55	72	144	2	230
263	4	7	61	72	144	3	174
263	4	7	62	72	144	2	182
263	4	7	64	72	144	2	182
263	4	7	65	72	144	3	174
263	4	7	71	72	144	2	230
263	4	7	72	72	144	2	209
263	4	7	74	72	144	2	196
263	4	7	76	72	144	3	75
263	4	7	77	72	144	2	1
263	4	7	78	72	144	2	61
263	4	7	83	72	144	2	217
263	4	7	88	72	144	2	122
263	4	7	92	72	144	2	216
263	4	7	94	72	144	2	198
263	4	7	99	72	144	3	inf
263	4	7	104	72	144	2	65
263	4	7	106	72	144	2	47
263	4	7	110	72	144	2	141
263	4	7	115	72	144	2	46
263	4	7	120	72	144	2	202
263	4	7	121	72	144	2	262
263	4	7	122	72	144	3	188
263	4	7	124	72	144	2	67
263	4	7	126	72	144	2	54
263	4	7	127	72	144	2	33
263	4	7	132	72	144	3	inf
263	4	7	133	72	144	3	89
263	4	7	134	72	144	3	inf
263	4	7	136	72	144	2	81
263	4	7	137	72	144	3	89
263	4	7	143	72	144	2	33
263	4	8	2	72	144	3	inf
263	4	8	3	72	144	3	89
263	4	8	4	72	144	3	inf
263	4	8	6	72	144	2	81
263	4	8	7	72	144	3	89
263	4	8	13	72	144	2	33
263	4	8	14	72	144	2	54
263	4	8	16	72	144	2	67
263	4	8	18	72	144	3	188
263	4	8	19	72	144	2	262
263	4	8	20	72	144	2	202
263	4	8	25	72	144	2	46
263	4	8	30	72	144	2	141
263	4	8	34	72	144	2	47
263	4	8	36	72	144	2	65
263	4	8	41	72	144	3	inf
263	4	8	46	72	144	2	198
263	4	8	48	72	144	2	216
263	4	8	52	72	144	2	122
263	4	8	57	72	144	2	217
263	4	8	62	72	144	2	61
263	4	8	63	72	144	2	1
263	4	8	64	72	144	3	75
263	4	8	66	72	144	2	196
263	4	8	68	72	144	2	209
263	4	8	69	72	144	2	230
263	4	8	75	72	144	3	174
263	4	8	76	72	144	2	182
263	4	8	78	72	144	2	182
263	4	8	79	72	144	3	174
263	4	8	85	72	144	2	230
263	4	8	86	72	144	2	209
263	4	8	88	72	144	2	196
263	4	8	90	72	144	3	75
263	4	8	91	72	144	2	1
263	4	8	92	72	144	2	61
263	4	8	97	72	144	2	217
263	4	8	102	72	144	2	122
263	4	8	106	72	144	2	216
263	4	8	108	72	144	2	198
263	4	8	113	72	144	3	inf
263	4	8	118	72	144	2	65
263	4	8	120	72	144	2	47
263	4	8	124	72	144	2	141
263	4	8	129	72	144	2	46
263	4	8	134	72	144	2	202
263	4	8	135	72	144	2	262
263	4	8	136	72	144	3	188
263	4	8	138	72	144	2	67
263	4	8	140	72	144	2	54
263	4	8	141	72	144	2	33
263	4	9	4	72	144	2	202
263	4	9	5	72	144	2	262
263	4	9	6	72	144	3	188
263	4	9	8	72	144	2	67
263	4	9	10	72	144	2	54
263	4	9	11	72	144	2	33
263	4	9	16	72	144	3	inf
263	4	9	17	72	144	3	89
263	4	9	18	72	144	3	inf
263	4	9	20	72	144	2	81
263	4	9	21	72	144	3	89
263	4	9	27	72	144	2	33
263	4	9	28	72	144	2	54
263	4	9	30	72	144	2	67
263	4	9	32	72	144	3	188
263	4	9	33	72	144	2	262
263	4	9	34	72	144	2	202
263	4	9	39	72	144	2	46
263	4	9	44	72	144	2	141
263	4	9	48	72	144	2	47
263	4	9	50	72	144	2	65
263	4	9	55	72	144	3	inf
263	4	9	60	72	144	2	198
263	4	9	62	72	144	2	216
263	4	9	66	72	144	2	122
263	4	9	71	72	144	2	217
263	4	9	76	72	144	2	61
263	4	9	77	72	144	2	1
263	4	9	78	72	144	3	75
263	4	9	80	72	144	2	196
263	4	9	82	72	144	2	209
263	4	9	83	72	144	2	230
263	4	9	89	72	144	3	174
263	4	9	90	72	144	2	182
263	4	9	92	72	144	2	182
263	4	9	93	72	144	3	174
263	4	9	99	72	144	2	230
263	4	9	100	72	144	2	209
263	4	9	102	72	144	2	196
263	4	9	104	72	144	3	75
263	4	9	105	72	144	2	1
263	4	9	106	72	144	2	61
263	4	9	111	72	144	2	217
263	4	9	116	72	144	2	122
263	4	9	120	72	144	2	216
263	4	9	122	72	144	2	198
263	4	9	127	72	144	3	inf
263	4	9	132	72	144	2	65
263	4	9	134	72	144	2	47
263	4	9	138	72	144	2	141
263	4	9	143	72	144	2	46
263	4	10	2	72	144	2	65
263	4	10	4	72	144	2	47
263	4	10	8	72	144	2	141
263	4	10	13	72	144	2	46
263	4	10	18	72	144	2	202
263	4	10	19	72	144	2	262
263	4	10	20	72	144	3	188
263	4	10	22	72	144	2	67
263	4	10	24	72	144	2	54
263	4	10	25	72	144	2	33
263	4	10	30	72	144	3	inf
263	4	10	31	72	144	3	89
263	4	10	32	72	144	3	inf
263	4	10	34	72	144	2	81
263	4	10	35	72	144	3	89
263	4	10	41	72	144	2	33
263	4	10	42	72	144	2	54
263	4	10	44	72	144	2	67
263	4	10	46	72	144	3	188
263	4	10	47	72	144	2	262
263	4	10	48	72	144	2	202
263	4	10	53	72	144	2	46
263	4	10	58	72	144	2	141
263	4	10	62	72	144	2	47
263	4	10	64	72	144	2	65
263	4	10	69	72	144	3	inf
263	4	10	74	72	144	2	198
263	4	10	76	72	144	2	216
263	4	10	80	72	144	2	122
263	4	10	85	72	144	2	217
263	4	10	90	72	144	2	61
263	4	10	91	72	144	2	1
263	4	10	92	72	144	3	75
263	4	10	94	72	144	2	196
263	4	10	96	72	144	2	209
263	4	10	97	72	144	2	230
263	4	10	103	72	144	3	174
263	4	10	104	72	144	2	182
263	4	10	106	72	144	2	182
263	4	10	107	72	144	3	174
263	4	10	113	72	144	2	230
263	4	10	114	72	144	2	209
263	4	10	116	72	144	2	196
263	4	10	118	72	144	3	75
263	4	10	119	72	144	2	1
263	4	10	120	72	144	2	61
263	4	10	125	72	144	2	217
263	4	10	130	72	144	2	122
263	4	10	134	72	144	2	216
263	4	10	136	72	144	2	198
263	4	10	141	72	144	3	inf
263	4	11	0	72	144	2	122
263	4	11	4	72	144	2	216
263	4	11	6	72	144	2	198
263	4	11	11	72	144	3	inf
263	4	11	16	72	144	2	65
263	4	11	18	72	144	2	47
263	4	11	22	72	144	2	141
263	4	11	27	72	144	2	46
263	4	11	32	72	144	2	202
263	4	11	33	72	144	2	262
263	4	11	34	72	144	3	188
263	4	11	36	72	144	2	67
263	4	11	38	72	144	2	54
263	4	11	39	72	144	2	33
263	4	11	44	72	144	3	inf
263	4	11	45	72	144	3	89
263	4	11	46	72	144	3	inf
263	4	11	48	72	144	2	81
263	4	11	49	72	144	3	89
263	4	11	55	72	144	2	33
263	4	11	56	72	144	2	54
263	4	11	58	72	144	2	67
263	4	11	60	72	144	3	188
263	4	11	61	72	144	2	262
263	4	11	62	72	144	2	202
263	4	11	67	72	144	2	46
263	4	11	72	72	144	2	141
263	4	11	76	72	144	2	47
263	4	11	78	72	144	2	65
263	4	11	83	72	144	3	inf
263	4	11	88	72	144	2	198
263	4	11	90	72	144	2	216
263	4	11	94	72	144	2	122
263	4	11	99	72	144	2	217
263	4	11	104	72	144	2	61
263	4	11	105	72	144	2	1
263	4	11	106	72	144	3	75
263	4	11	108	72	144	2	196
263	4	11	110	72	144	2	209
263	4	11	111	72	144	2	230
263	4	11	117	72	144	3	174
263	4	11	118	72	144	2	182
263	4	11	120	72	144	2	182
263	4	11	121	72	144	3	174
263	4	11	127	72	144	2	230
263	4	11	128	72	144	2	209
263	4	11	130	72	144	2	196
263	4	11	132	72	144	3	75
263	4	11	133	72	144	2	1
263	4	11	134	72	144	2	61
263	4	11	139	72	144	2	217
263	4	12	0	72	144	2	196
263	4	12	2	72	144	3	75
263	4	12	3	72	144	2	1
263	4	12	4	72	144	2	61
263	4	12	9	72	144	2	217
263	4	12	14	72	144	2	122
263	4	12	18	72	144	2	216
263	4	12	20	72	144	2	198
263	4	12	25	72	144	3	inf
263	4	12	30	72	144	2	65
263	4	12	32	72	144	2	47
263	4	12	36	72	144	2	141
263	4	12	41	72	144	2	46
263	4	12	46	72	144	2	202
263	4	12	47	72	144	2	262
263	4	12	48	72	144	3	188
263	4	12	50	72	144	2	67
263	4	12	52	72	144	2	54
263	4	12	53	72	144	2	33
263	4	12	58	72	144	3	inf
263	4	12	59	72	144	3	89
263	4	12	60	72	144	3	inf
263	4	12	62	72	144	2	81
263	4	12	63	72	144	3	89
263	4	12	69	72	144	2	33
263	4	12	70	72	144	2	54
263	4	12	72	72	144	2	67
263	4	12	74	72	144	3	188
263	4	12	75	72	144	2	262
263	4	12	76	72	144	2	202
263	4	12	81	72	144	2	46
263	4	12	86	72	144	2	141
263	4	12	90	72	144	2	47
263	4	12	92	72	144	2	65
263	4	12	97	72	144	3	inf
263	4	12	102	72	144	2	198
263	4	12	104	72	144	2	216
263	4	12	108	72	144	2	122
263	4	12	113	72	144	2	217
263	4	12	118	72	144	2	61
263	4	12	119	72	144	2	1
263	4	12	120	72	144	3	75
263	4	12	122	72	144	2	196
263	4	12	124	72	144	2	209
263	4	12	125	72	144	2	230
263	4	12	131	72	144	3	174
263	4	12	132	72	144	2	182
263	4	12	134	72	144	2	182
263	4	12	135	72	144	3	174
263	4	12	141	72	144	2	230
263	4	12	142	72	144	2	209
263	4	13	1	72	144	3	174
263	4	13	2	72	144	2	182
263	4	13	4	72	144	2	182
263	4	13	5	72	144	3	174
263	4	13	11	72	144	2	230
263	4	13	12	72	144	2	209
263	4	13	14	72	144	2	196
263	4	13	16	72	144	3	75
263	4	13	17	72	144	2	1
263	4	13	18	72	144	2	61
263	4	13	23	72	144	2	217
263	4	13	28	72	144	2	122
263	4	13	32	72	144	2	216
263	4	13	34	72	144	2	198
263	4	13	39	72	144	3	inf
263	4	13	44	72	144	2	65
263	4	13	46	72	144	2	47
263	4	13	50	72	144	2	141
263	4	13	55	72	144	2	46
263	4	13	60	72	144	2	202
263	4	13	61	72	144	2	262
263	4	13	62	72	144	3	188
263	4	13	64	72	144	2	67
263	4	13	66	72	144	2	54
263	4	13	67	72	144	2	33
263	4	13	72	72	144	3	inf
263	4	13	73	72	144	3	89
263	4	13	74	72	144	3	inf
263	4	13	76	72	144	2	81
263	4	13	77	72	144	3	89
263	4	13	83	72	144	2	33
263	4	13	84	72	144	2	54
263	4	13	86	72	144	2	67
263	4	13	88	72	144	3	188
263	4	13	89	72	144	2	262
263	4	13	90	72	144	2	202
263	4	13	95	72	144	2	46
263	4	13	100	72	144	2	141
263	4	13	104	72	144	2	47
263	4	13	106	72	144	2	65
263	4	13	111	72	144	3	inf
263	4	13	116	72	144	2	198
263	4	13	118	72	144	2	216
263	4	13	122	72	144	2	122
263	4	13	127	72	144	2	217
263	4	13	132	72	144	2	61
263	4	13	133	72	144	2	1
263	4	13	134	72	144	3	75
263	4	13	136	72	144	2	196
263	4	13	138	72	144	2	209
263	4	13	139	72	144	2	230
263	4	14	2	72	144	2	61
263	4	14	3	72	144	2	1
263	4	14	4	72	144	3	75
263	4	14	6	72	144	2	196
263	4	14	8	72	144	2	209
263	4	14	9	72	144	2	230
263	4	14	15	72	144	3	174
263	4	14	16	72	144	2	182
263	4	14	18	72	144	2	182
263	4	14	19	72	144	3	174
263	4	14	25	72	144	2	230
263	4	14	26	72	144	2	209
263	4	14	28	72	144	2	196
263	4	14	30	72	144	3	75
263	4	14	31	72	144	2	1
263	4	14	32	72	144	2	61
263	4	14	37	72	144	2	217
263	4	14	42	72	144	2	122
263	4	14	46	72	144	2	216
263	4	14	48	72	144	2	198
263	4	14	53	72	144	3	inf
263	4	14	58	72	144	2	65
263	4	14	60	72	144	2	47
263	4	14	64	72	144	2	141
263	4	14	69	72	144	2	46
263	4	14	74	72	144	2	202
263	4	14	75	72	144	2	262
263	4	14	76	72	144	3	188
263	4	14	78	72	144	2	67
263	4	14	80	72	144	2	54
263	4	14	81	72	144	2	33
263	4	14	86	72	144	3	inf
263	4	14	87	72	144	3	89
263	4	14	88	72	144	3	inf
263	4	14	90	72	144	2	81
263	4	14	91	72	144	3	89
263	4	14	97	72	144	2	33
263	4	14	98	72	144	2	54
263	4	14	100	72	144	2	67
263	4	14	102	72	144	3	188
263	4	14	103	72	144	2	262
263	4	14	104	72	144	2	202
263	4	14	109	72	144	2	46
263	4	14	114	72	144	2	141
263	4	14	118	72	144	2	47
263	4	14	120	72	144	2	65
263	4	14	125	72	144	3	inf
263	4	14	130	72	144	2	198
263	4	14	132	72	144	2	216
263	4	14	136	72	144	2	122
263	4	14	141	72	144	2	217
263	4	15	0	72	144	2	198
263	4	15	2	72	144	2	216
263	4	15	6	72	144	2	122
263	4	15	11	72	144	2	217
263	4	15	16	72	144	2	61
263	4	15	17	72	144	2	1
263	4	15	18	72	144	3	75
263	4	15	20	72	144	2	196
263	4	15	22	72	144	2	209
263	4	15	23	72	144	2	230
263	4	15	29	72	144	3	174
263	4	15	30	72	144	2	182
263	4	15	32	72	144	2	182
263	4	15	33	72	144	3	174
263	4	15	39	72	144	2	230
263	4	15	40	72	144	2	209
263	4	15	42	72	144	2	196
263	4	15	44	72	144	3	75
263	4	15	45	72	144	2	1
263	4	15	46	72	144	2	61
263	4	15	51	72	144	2	217
263	4	15	56	72	144	2	122
263	4	15	60	72	144	2	216
263	4	15	62	72	144	2	198
263	4	15	67	72	144	3	inf
263	4	15	72	72	144	2	65
263	4	15	74	72	144	2	47
263	4	15	78	72	144	2	141
263	4	15	83	72	144	2	46
263	4	15	88	72	144	2	202
263	4	15	89	72	144	2	262
263	4	15	90	72	144	3	188
263	4	15	92	72	144	2	67
263	4	15	94	72	144	2	54
263	4	15	95	72	144	2	33
263	4	15	100	72	144	3	inf
263	4	15	101	72	144	3	89
263	4	15	102	72	144	3	inf
263	4	15	104	72	144	2	81
263	4	15	105	72	144	3	89
263	4	15	111	72	144	2	33
263	4	15	112	72	144	2	54
263	4	15	114	72	144	2	67
263	4	15	116	72	144	3	188
263	4	15	117	72	144	2	262
263	4	15	118	72	144	2	202
263	4	15	123	72	144	2	46
263	4	15	128	72	144	2	141
263	4	15	132	72	144	2	47
263	4	15	134	72	144	2	65
263	4	15	139	72	144	3	inf
263	4	16	2	72	144	2	47
263	4	16	4	72	144	2	65
263	4	16	9	72	144	3	inf
263	4	16	14	72	144	2	198
263	4	16	16	72	144	2	216
263	4	16	20	72	144	2	122
263	4	16	25	72	144	2	217
263	4	16	30	72	144	2	61
263	4	16	31	72	144	2	1
263	4	16	32	72	144	3	75
263	4	16	34	72	144	2	196
263	4	16	36	72	144	2	209
263	4	16	37	72	144	2	230
263	4	16	43	72	144	3	174
263	4	16	44	72	144	2	182
263	4	16	46	72	144	2	182
263	4	16	47	72	144	3	174
263	4	16	53	72	144	2	230
263	4	16	54	72	144	2	209
263	4	16	56	72	144	2	196
263	4	16	58	72	144	3	75
263	4	16	59	72	144	2	1
263	4	16	60	72	144	2	61
263	4	16	65	72	144	2	217
263	4	16	70	72	144	2	122
263	4	16	74	72	144	2	216
263	4	16	76	72	144	2	198
263	4	16	81	72	144	3	inf
263	4	16	86	72	144	2	65
263	4	16	88	72	144	2	47
263	4	16	92	72	144	2	141
263	4	16	97	72	144	2	46
263	4	16	102	72	144	2	202
263	4	16	103	72	144	2	262
263	4	16	104	72	144	3	188
263	4	16	106	72	144	2	67
263	4	16	108	72	144	2	54
263	4	16	109	72	144	2	33
263	4	16	114	72	144	3	inf
263	4	16	115	72	144	3	89
263	4	16	116	72	144	3	inf
263	4	16	118	72	144	2	81
263	4	16	119	72	144	3	89
263	4	16	125	72	144	2	33
263	4	16	126	72	144	2	54
263	4	16	128	72	144	2	67
263	4	16	130	72	144	3	188
263	4	16	131	72	144	2	262
263	4	16	132	72	144	2	202
263	4	16	137	72	144	2	46
263	4	16	142	72	144	2	141
263	4	17	0	72	144	3	188
263	4	17	1	72	144	2	262
263	4	17	2	72	144	2	202
263	4	17	7	72	144	2	46
263	4	17	12	72	144	2	141
263	4	17	16	72	144	2	47
263	4	17	18	72	144	2	65
263	4	17	23	72	144	3	inf
263	4	17	28	72	144	2	198
263	4	17	30	72	144	2	216
263	4	17	34	72	144	2	122
263	4	17	39	72	144	2	217
263	4	17	44	72	144	2	61
263	4	17	45	72	144	2	1
263	4	17	46	72	144	3	75
263	4	17	48	72	144	2	196
263	4	17	50	72	144	2	209
263	4	17	51	72	144	2	230
263	4	17	57	72	144	3	174
263	4	17	58	72	144	2	182
263	4	17	60	72	144	2	182
263	4	17	61	72	144	3	174
263	4	17	67	72	144	2	230
263	4	17	68	72	144	2	209
263	4	17	70	72	144	2	196
263	4	17	72	72	144	3	75
263	4	17	73	72	144	2	1
263	4	17	74	72	144	2	61
263	4	17	79	72	144	2	217
263	4	17	84	72	144	2	122
263	4	17	88	72	144	2	216
263	4	17	90	72	144	2	198
263	4	17	95	72	144	3	inf
263	4	17	100	72	144	2	65
263	4	17	102	72	144	2	47
263	4	17	106	72	144	2	141
263	4	17	111	72	144	2	46
263	4	17	116	72	144	2	202
263	4	17	117	72	144	2	262
263	4	17	118	72	144	3	188
263	4	17	120	72	144	2	67
263	4	17	122	72	144	2	54
263	4	17	123	72	144	2	33
263	4	17	128	72	144	3	inf
263	4	17	129	72	144	3	89
263	4	17	130	72	144	3	inf
263	4	17	132	72	144	2	81
263	4	17	133	72	144	3	89
263	4	17	139	72	144	2	33
263	4	17	140	72	144	2	54
263	4	17	142	72	144	2	67
263	4	18	0	72	144	3	inf
263	4	18	2	72	144	2	81
263	4	18	3	72	144	3	89
263	4	18	9	72	144	2	33
263	4	18	10	72	144	2	54
263	4	18	12	72	144	2	67
263	4	18	14	72	144	3	188
263	4	18	15	72	144	2	262
263	4	18	16	72	144	2	202
263	4	18	21	72	144	2	46
263	4	18	26	72	144	2	141
263	4	18	30	72	144	2	47
263	4	18	32	72	144	2	65
263	4	18	37	72	144	3	inf
263	4	18	42	72	144	2	198
263	4	18	44	72	144	2	216
263	4	18	48	72	144	2	122
263	4	18	53	72	144	2	217
263	4	18	58	72	144	2	61
263	4	18	59	72	144	2	1
263	4	18	60	72	144	3	75
263	4	18	62	72	144	2	196
263	4	18	64	72	144	2	209
263	4	18	65	72	144	2	230
263	4	18	71	72	144	3	174
263	4	18	72	72	144	2	182
263	4	18	74	72	144	2	182
263	4	18	75	72	144	3	174
263	4	18	81	72	144	2	230
263	4	18	82	72	144	2	209
263	4	18	84	72	144	2	196
263	4	18	86	72	144	3	75
263	4	18	87	72	144	2	1
263	4	18	88	72	144	2	61
263	4	18	93	72	144	2	217
263	4	18	98	72	144	2	122
263	4	18	102	72	144	2	216
263	4	18	104	72	144	2	198
263	4	18	109	72	144	3	inf
263	4	18	114	72	144	2	65
263	4	18	116	72	144	2	47
263	4	18	120	72	144	2	141
263	4	18	125	72	144	2	46
263	4	18	130	72	144	2	202
263	4	18	131	72	144	2	262
263	4	18	132	72	144	3	188
263	4	18	134	72	144	2	67
263	4	18	136	72	144	2	54
263	4	18	137	72	144	2	33
263	4	18	142	72	144	3	inf
263	4	18	143	72	144	3	89
263	4	19	0	72	144	2	202
263	4	19	1	72	144	2	262
263	4	19	2	72	144	3	188
263	4	19	4	72	144	2	67
263	4	19	6	72	144	2	54
263	4	19	7	72	144	2	33
263	4	19	12	72	144	3	inf
263	4	19	13	72	144	3	89
263	4	19	14	72	144	3	inf
263	4	19	16	72	144	2	81
263	4	19	17	72	144	3	89
263	4	19	23	72	144	2	33
263	4	19	24	72	144	2	54
263	4	19	26	72	144	2	67
263	4	19	28	72	144	3	188
263	4	19	29	72	144	2	262
263	4	19	30	72	144	2	202
263	4	19	35	72	144	2	46
263	4	19	40	72	144	2	141
263	4	19	44	72	144	2	47
263	4	19	46	72	144	2	65
263	4	19	51	72	144	3	inf
263	4	19	56	72	144	2	198
263	4	19	58	72	144	2	216
263	4	19	62	72	144	2	122
263	4	19	67	72	144	2	217
263	4	19	72	72	144	2	61
263	4	19	73	72	144	2	1
263	4	19	74	72	144	3	75
263	4	19	76	72	144	2	196
263	4	19	78	72	144	2	209
263	4	19	79	72	144	2	230
263	4	19	85	72	144	3	174
263	4	19	86	72	144	2	182
263	4	19	88	72	144	2	182
263	4	19	89	72	144	3	174
263	4	19	95	72	144	2	230
263	4	19	96	72	144	2	209
263	4	19	98	72	144	2	196
263	4	19	100	72	144	3	75
263	4	19	101	72	144	2	1
263	4	19	102	72	144	2	61
263	4	19	107	72	144	2	217
263	4	19	112	72	144	2	122
263	4	19	116	72	144	2	216
263	4	19	118	72	144	2	198
263	4	19	123	72	144	3	inf
263	4	19	128	72	144	2	65
263	4	19	130	72	144	2	47
263	4	19	134	72	144	2	141
263	4	19	139	72	144	2	46
263	4	20	0	72	144	2	47
263	4	20	4	72	144	2	141
263	4	20	9	72	144	2	46
263	4	20	14	72	144	2	202
263	4	20	15	72	144	2	262
263	4	20	16	72	144	3	188
263	4	20	18	72	144	2	67
263	4	20	20	72	144	2	54
263	4	20	21	72	144	2	33
263	4	20	26	72	144	3	inf
263	4	20	27	72	144	3	89
263	4	20	28	72	144	3	inf
263	4	20	30	72	144	2	81
263	4	20	31	72	144	3	89
263	4	20	37	72	144	2	33
263	4	20	38	72	144	2	54
263	4	20	40	72	144	2	67
263	4	20	42	72	144	3	188
263	4	20	43	72	144	2	262
263	4	20	44	72	144	2	202
263	4	20	49	72	144	2	46
263	4	20	54	72	144	2	141
263	4	20	58	72	144	2	47
263	4	20	60	72	144	2	65
263	4	20	65	72	144	3	inf
263	4	20	70	72	144	2	198
263	4	20	72	72	144	2	216
263	4	20	76	72	144	2	122
263	4	20	81	72	144	2	217
263	4	20	86	72	144	2	61
263	4	20	87	72	144	2	1
263	4	20	88	72	144	3	75
263	4	20	90	72	144	2	196
263	4	20	92	72	144	2	209
263	4	20	93	72	144	2	230
263	4	20	99	72	144	3	174
263	4	20	100	72	144	2	182
263	4	20	102	72	144	2	182
263	4	20	103	72	144	3	174
263	4	20	109	72	144	2	230
263	4	20	110	72	144	2	209
263	4	20	112	72	144	2	196
263	4	20	114	72	144	3	75
263	4	20	115	72	144	2	1
263	4	20	116	72	144	2	61
263	4	20	121	72	144	2	217
263	4	20	126	72	144	2	122
263	4	20	130	72	144	2	216
263	4	20	132	72	144	2	198
263	4	20	137	72	144	3	inf
263	4	20	142	72	144	2	65
263	4	21	0	72	144	2	216
263	4	21	2	72	144	2	198
263	4	21	7	72	144	3	inf
263	4	21	12	72	144	2	65
263	4	21	14	72	144	2	47
263	4	21	18	72	144	2	141
263	4	21	23	72	144	2	46
263	4	21	28	72	144	2	202
263	4	21	29	72	144	2	262
263	4	21	30	72	144	3	188
263	4	21	32	72	144	2	67
263	4	21	34	72	144	2	54
263	4	21	35	72	144	2	33
263	4	21	40	72	144	3	inf
263	4	21	41	72	144	3	89
263	4	21	42	72	144	3	inf
263	4	21	44	72	144	2	81
263	4	21	45	72	144	3	89
263	4	21	51	72	144	2	33
263	4	21	52	72	144	2	54
263	4	21	54	72	144	2	67
263	4	21	56	72	144	3	188
263	4	21	57	72	144	2	262
263	4	21	58	72	144	2	202
263	4	21	63	72	144	2	46
263	4	21	68	72	144	2	141
263	4	21	72	72	144	2	47
263	4	21	74	72	144	2	65
263	4	21	79	72	144	3	inf
263	4	21	84	72	144	2	198
263	4	21	86	72	144	2	216
263	4	21	90	72	144	2	122
263	4	21	95	72	144	2	217
263	4	21	100	72	144	2	61
263	4	21	101	72	144	2	1
263	4	21	102	72	144	3	75
263	4	21	104	72	144	2	196
263	4	21	106	72	144	2	209
263	4	21	107	72	144	2	230
263	4	21	113	72	144	3	174
263	4	21	114	72	144	2	182
263	4	21	116	72	144	2	182
263	4	21	117	72	144	3	174
263	4	21	123	72	144	2	230
263	4	21	124	72	144	2	209
263	4	21	126	72	144	2	196
263	4	21	128	72	144	3	75
263	4	21	129	72	144	2	1
263	4	21	130	72	144	2	61
263	4	21	135	72	144	2	217
263	4	21	140	72	144	2	122
263	4	22	0	72	144	2	61
263	4	22	5	72	144	2	217
263	4	22	10	72	144	2	122
263	4	22	14	72	144	2	216
263	4	22	16	72	144	2	198
263	4	22	21	72	144	3	inf
263	4	22	26	72	144	2	65
263	4	22	28	72	144	2	47
263	4	22	32	72	144	2	141
263	4	22	37	72	144	2	46
263	4	22	42	72	144	2	202
263	4	22	43	72	144	2	262
263	4	22	44	72	144	3	188
263	4	22	46	72	144	2	67
263	4	22	48	72	144	2	54
263	4	22	49	72	144	2	33
263	4	22	54	72	144	3	inf
263	4	22	55	72	144	3	89
263	4	22	56	72	144	3	inf
263	4	22	58	72	144	2	81
263	4	22	59	72	144	3	89
263	4	22	65	72	144	2	33
263	4	22	66	72	144	2	54
263	4	22	68	72	144	2	67
263	4	22	70	72	144	3	188
263	4	22	71	72	144	2	262
263	4	22	72	72	144	2	202
263	4	22	77	72	144	2	46
263	4	22	82	72	144	2	141
263	4	22	86	72	144	2	47
263	4	22	88	72	144	2	65
263	4	22	93	72	144	3	inf
263	4	22	98	72	144	2	198
263	4	22	100	72	144	2	216
263	4	22	104	72	144	2	122
263	4	22	109	72	144	2	217
263	4	22	114	72	144	2	61
263	4	22	115	72	144	2	1
263	4	22	116	72	144	3	75
263	4	22	118	72	144	2	196
263	4	22	120	72	144	2	209
263	4	22	121	72	144	2	230
263	4	22	127	72	144	3	174
263	4	22	128	72	144	2	182
263	4	22	130	72	144	2	182
263	4	22	131	72	144	3	174
263	4	22	137	72	144	2	230
263	4	22	138	72	144	2	209
263	4	22	140	72	144	2	196
263	4	22	142	72	144	3	75
263	4	22	143	72	144	2	1
263	4	23	0	72	144	2	182
263	4	23	1	72	144	3	174
263	4	23	7	72	144	2	230
263	4	23	8	72	144	2	209
263	4	23	10	72	144	2	196
263	4	23	12	72	144	3	75
263	4	23	13	72	144	2	1
263	4	23	14	72	144	2	61
263	4	23	19	72	144	2	217
263	4	23	24	72	144	2	122
263	4	23	28	72	144	2	216
263	4	23	30	72	144	2	198
263	4	23	35	72	144	3	inf
263	4	23	40	72	144	2	65
263	4	23	42	72	144	2	47
263	4	23	46	72	144	2	141
263	4	23	51	72	144	2	46
263	4	23	56	72	144	2	202
263	4	23	57	72	144	2	262
263	4	23	58	72	144	3	188
263	4	23	60	72	144	2	67
263	4	23	62	72	144	2	54
263	4	23	63	72	144	2	33
263	4	23	68	72	144	3	inf
263	4	23	69	72	144	3	89
263	4	23	70	72	144	3	inf
263	4	23	72	72	144	2	81
263	4	23	73	72	144	3	89
263	4	23	79	72	144	2	33
263	4	23	80	72	144	2	54
263	4	23	82	72	144	2	67
263	4	23	84	72	144	3	188
263	4	23	85	72	144	2	262
263	4	23	86	72	144	2	202
263	4	23	91	72	144	2	46
263	4	23	96	72	144	2	141
263	4	23	100	72	144	2	47
263	4	23	102	72	144	2	65
263	4	23	107	72	144	3	inf
263	4	23	112	72	144	2	198
263	4	23	114	72	144	2	216
263	4	23	118	72	144	2	122
263	4	23	123	72	144	2	217
263	4	23	128	72	144	2	61
263	4	23	129	72	144	2	1
263	4	23	130	72	144	3	75
263	4	23	132	72	144	2	196
263	4	23	134	72	144	2	209
263	4	23	135	72	144	2	230
263	4	23	141	72	144	3	174
263	4	23	142	72	144	2	182
263	4	24	0	72	144	3	75
263	4	24	2	72	144	2	196
263	4	24	4	72	144	2	209
263	4	24	5	72	144	2	230
263	4	24	11	72	144	3	174
263	4	24	12	72	144	2	182
263	4	24	14	72	144	2	182
263	4	24	15	72	144	3	174
263	4	24	21	72	144	2	230
263	4	24	22	72	144	2	209
263	4	24	24	72	144	2	196
263	4	24	26	72	144	3	75
263	4	24	27	72	144	2	1
263	4	24	28	72	144	2	61
263	4	24	33	72	144	2	217
263	4	24	38	72	144	2	122
263	4	24	42	72	144	2	216
263	4	24	44	72	144	2	198
263	4	24	49	72	144	3	inf
263	4	24	54	72	144	2	65
263	4	24	56	72	144	2	47
263	4	24	60	72	144	2	141
263	4	24	65	72	144	2	46
263	4	24	70	72	144	2	202
263	4	24	71	72	144	2	262
263	4	24	72	72	144	3	188
263	4	24	74	72	144	2	67
263	4	24	76	72	144	2	54
263	4	24	77	72	144	2	33
263	4	24	82	72	144	3	inf
263	4	24	83	72	144	3	89
263	4	24	84	72	144	3	inf
263	4	24	86	72	144	2	81
263	4	24	87	72	144	3	89
263	4	24	93	72	144	2	33
263	4	24	94	72	144	2	54
263	4	24	96	72	144	2	67
263	4	24	98	72	144	3	188
263	4	24	99	72	144	2	262
263	4	24	100	72	144	2	202
263	4	24	105	72	144	2	46
263	4	24	110	72	144	2	141
263	4	24	114	72	144	2	47
263	4	24	116	72	144	2	65
263	4	24	121	72	144	3	inf
263	4	24	126	72	144	2	198
263	4	24	128	72	144	2	216
263	4	24	132	72	144	2	122
263	4	24	137	72	144	2	217
263	4	24	142	72	144	2	61
263	4	24	143	72	144	2	1
263	4	25	2	72	144	2	122
263	4	25	7	72	144	2	217
263	4	25	12	72	144	2	61
263	4	25	13	72	144	2	1
263	4	25	14	72	144	3	75
263	4	25	16	72	144	2	196
263	4	25	18	72	144	2	209
263	4	25	19	72	144	2	230
263	4	25	25	72	144	3	174
263	4	25	26	72	144	2	182
263	4	25	28	72	144	2	182
263	4	25	29	72	144	3	174
263	4	25	35	72	144	2	230
263	4	25	36	72	144	2	209
263	4	25	38	72	144	2	196
263	4	25	40	72	144	3	75
263	4	25	41	72	144	2	1
263	4	25	42	72	144	2	61
263	4	25	47	72	144	2	217
263	4	25	52	72	144	2	122
263	4	25	56	72	144	2	216
263	4	25	58	72	144	2	198
263	4	25	63	72	144	3	inf
263	4	25	68	72	144	2	65
263	4	25	70	72	144	2	47
263	4	25	74	72	144	2	141
263	4	25	79	72	144	2	46
263	4	25	84	72	144	2	202
263	4	25	85	72	144	2	262
263	4	25	86	72	144	3	188
263	4	25	88	72	144	2	67
263	4	25	90	72	144	2	54
263	4	25	91	72	144	2	33
263	4	25	96	72	144	3	inf
263	4	25	97	72	144	3	89
263	4	25	98	72	144	3	inf
263	4	25	100	72	144	2	81
263	4	25	101	72	144	3	89
263	4	25	107	72	144	2	33
263	4	25	108	72	144	2	54
263	4	25	110	72	144	2	67
263	4	25	112	72	144	3	188
263	4	25	113	72	144	2	262
263	4	25	114	72	144	2	202
263	4	25	119	72	144	2	46
263	4	25	124	72	144	2	141
263	4	25	128	72	144	2	47
263	4	25	130	72	144	2	65
263	4	25	135	72	144	3	inf
263	4	25	140	72	144	2	198
263	4	25	142	72	144	2	216
263	4	26	0	72	144	2	65
263	4	26	5	72	144	3	inf
263	4	26	10	72	144	2	198
263	4	26	12	72	144	2	216
263	4	26	16	72	144	2	122
263	4	26	21	72	144	2	217
263	4	26	26	72	144	2	61
263	4	26	27	72	144	2	1
263	4	26	28	72	144	3	75
263	4	26	30	72	144	2	196
263	4	26	32	72	144	2	209
263	4	26	33	72	144	2	230
263	4	26	39	72	144	3	174
263	4	26	40	72	144	2	182
263	4	26	42	72	144	2	182
263	4	26	43	72	144	3	174
263	4	26	49	72	144	2	230
263	4	26	50	72	144	2	209
263	4	26	52	72	144	2	196
263	4	26	54	72	144	3	75
263	4	26	55	72	144	2	1
263	4	26	56	72	144	2	61
263	4	26	61	72	144	2	217
263	4	26	66	72	144	2	122
263	4	26	70	72	144	2	216
263	4	26	72	72	144	2	198
263	4	26	77	72	144	3	inf
263	4	26	82	72	144	2	65
263	4	26	84	72	144	2	47
263	4	26	88	72	144	2	141
263	4	26	93	72	144	2	46
263	4	26	98	72	144	2	202
263	4	26	99	72	144	2	262
263	4	26	100	72	144	3	188
263	4	26	102	72	144	2	67
263	4	26	104	72	144	2	54
263	4	26	105	72	144	2	33
263	4	26	110	72	144	3	inf
263	4	26	111	72	144	3	89
263	4	26	112	72	144	3	inf
263	4	26	114	72	144	2	81
263	4	26	115	72	144	3	89
263	4	26	121	72	144	2	33
263	4	26	122	72	144	2	54
263	4	26	124	72	144	2	67
263	4	26	126	72	144	3	188
263	4	26	127	72	144	2	262
263	4	26	128	72	144	2	202
263	4	26	133	72	144	2	46
263	4	26	138	72	144	2	141
263	4	26	142	72	144	2	47
263	4	27	3	72	144	2	46
263	4	27	8	72	144	2	141
263	4	27	12	72	144	2	47
263	4	27	14	72	144	2	65
263	4	27	19	72	144	3	inf
263	4	27	24	72	144	2	198
263	4	27	26	72	144	2	216
263	4	27	30	72	144	2	122
263	4	27	35	72	144	2	217
263	4	27	40	72	144	2	61
263	4	27	41	72	144	2	1
263	4	27	42	72	144	3	75
263	4	27	44	72	144	2	196
263	4	27	46	72	144	2	209
263	4	27	47	72	144	2	230
263	4	27	53	72	144	3	174
263	4	27	54	72	144	2	182
263	4	27	56	72	144	2	182
263	4	27	57	72	144	3	174
263	4	27	63	72	144	2	230
263	4	27	64	72	144	2	209
263	4	27	66	72	144	2	196
263	4	27	68	72	144	3	75
263	4	27	69	72	144	2	1
263	4	27	70	72	144	2	61
263	4	27	75	72	144	2	217
263	4	27	80	72	144	2	122
263	4	27	84	72	144	2	216
263	4	27	86	72	144	2	198
263	4	27	91	72	144	3	inf
263	4	27	96	72	144	2	65
263	4	27	98	72	144	2	47
263	4	27	102	72	144	2	141
263	4	27	107	72	144	2	46
263	4	27	112	72	144	2	202
263	4	27	113	72	144	2	262
263	4	27	114	72	144	3	188
263	4	27	116	72	144	2	67
263	4	27	118	72	144	2	54
263	4	27	119	72	144	2	33
263	4	27	124	72	144	3	inf
263	4	27	125	72	144	3	89
263	4	27	126	72	144	3	inf
263	4	27	128	72	144	2	81
263	4	27	129	72	144	3	89
263	4	27	135	72	144	2	33
263	4	27	136	72	144	2	54
263	4	27	138	72	144	2	67
263	4	27	140	72	144	3	188
263	4	27	141	72	144	2	262
263	4	27	142	72	144	2	202
263	4	28	5	72	144	2	33
263	4	28	6	72	144	2	54
263	4	28	8	72	144	2	67
263	4	28	10	72	144	3	188
263	4	28	11	72	144	2	262
263	4	28	12	72	144	2	202
263	4	28	17	72	144	2	46
263	4	28	22	72	144	2	141
263	4	28	26	72	144	2	47
263	4	28	28	72	144	2	65
263	4	28	33	72	144	3	inf
263	4	28	38	72	144	2	198
263	4	28	40	72	144	2	216
263	4	28	44	72	144	2	122
263	4	28	49	72	144	2	217
263	4	28	54	72	144	2	61
263	4	28	55	72	144	2	1
263	4	28	56	72	144	3	75
263	4	28	58	72	144	2	196
263	4	28	60	72	144	2	209
263	4	28	61	72	144	2	230
263	4	28	67	72	144	3	174
263	4	28	68	72	144	2	182
263	4	28	70	72	144	2	182
263	4	28	71	72	144	3	174
263	4	28	77	72	144	2	230
263	4	28	78	72	144	2	209
263	4	28	80	72	144	2	196
263	4	28	82	72	144	3	75
263	4	28	83	72	144	2	1
263	4	28	84	72	144	2	61
263	4	28	89	72	144	2	217
263	4	28	94	72	144	2	122
263	4	28	98	72	144	2	216
263	4	28	100	72	144	2	198
263	4	28	105	72	144	3	inf
263	4	28	110	72	144	2	65
263	4	28	112	72	144	2	47
263	4	28	116	72	144	2	141
263	4	28	121	72	144	2	46
263	4	28	126	72	144	2	202
263	4	28	127	72	144	2	262
263	4	28	128	72	144	3	188
263	4	28	130	72	144	2	67
263	4	28	132	72	144	2	54
263	4	28	133	72	144	2	33
263	4	28	138	72	144	3	inf
263	4	28	139	72	144	3	89
263	4	28	140	72	144	3	inf
263	4	28	142	72	144	2	81
263	4	28	143	72	144	3	89
263	4	29	0	72	144	2	67
263	4	29	2	72	144	2	54
263	4	29	3	72	144	2	33
263	4	29	8	72	144	3	inf
263	4	29	9	72	144	3	89
263	4	29	10	72	144	3	inf
263	4	29	12	72	144	2	81
263	4	29	13	72	144	3	89
263	4	29	19	72	144	2	33
263	4	29	20	72	144	2	54
263	4	29	22	72	144	2	67
263	4	29	24	72	144	3	188
263	4	29	25	72	144	2	262
263	4	29	26	72	144	2	202
263	4	29	31	72	144	2	46
263	4	29	36	72	144	2	141
263	4	29	40	72	144	2	47
263	4	29	42	72	144	2	65
263	4	29	47	72	144	3	inf
263	4	29	52	72	144	2	198
263	4	29	54	72	144	2	216
263	4	29	58	72	144	2	122
263	4	29	63	72	144	2	217
263	4	29	68	72	144	2	61
263	4	29	69	72	144	2	1
263	4	29	70	72	144	3	75
263	4	29	72	72	144	2	196
263	4	29	74	72	144	2	209
263	4	29	75	72	144	2	230
263	4	29	81	72	144	3	174
263	4	29	82	72	144	2	182
263	4	29	84	72	144	2	182
263	4	29	85	72	144	3	174
263	4	29	91	72	144	2	230
263	4	29	92	72	144	2	209
263	4	29	94	72	144	2	196
263	4	29	96	72	144	3	75
263	4	29	97	72	144	2	1
263	4	29	98	72	144	2	61
263	4	29	103	72	144	2	217
263	4	29	108	72	144	2	122
263	4	29	112	72	144	2	216
263	4	29	114	72	144	2	198
263	4	29	119	72	144	3	inf
263	4	29	124	72	144	2	65
263	4	29	126	72	144	2	47
263	4	29	130	72	144	2	141
263	4	29	135	72	144	2	46
263	4	29	140	72	144	2	202
263	4	29	141	72	144	2	262
263	4	29	142	72	144	3	188
263	4	30	0	72	144	2	141
263	4	30	5	72	144	2	46
263	4	30	10	72	144	2	202
263	4	30	11	72	144	2	262
263	4	30	12	72	144	3	188
263	4	30	14	72	144	2	67
263	4	30	16	72	144	2	54
263	4	30	17	72	144	2	33
263	4	30	22	72	144	3	inf
263	4	30	23	72	144	3	89
263	4	30	24	72	144	3	inf
263	4	30	26	72	144	2	81
263	4	30	27	72	144	3	89
263	4	30	33	72	144	2	33
263	4	30	34	72	144	2	54
263	4	30	36	72	144	2	67
263	4	30	38	72	144	3	188
263	4	30	39	72	144	2	262
263	4	30	40	72	144	2	202
263	4	30	45	72	144	2	46
263	4	30	50	72	144	2	141
263	4	30	54	72	144	2	47
263	4	30	56	72	144	2	65
263	4	30	61	72	144	3	inf
263	4	30	66	72	144	2	198
263	4	30	68	72	144	2	216
263	4	30	72	72	144	2	122
263	4	30	77	72	144	2	217
263	4	30	82	72	144	2	61
263	4	30	83	72	144	2	1
263	4	30	84	72	144	3	75
263	4	30	86	72	144	2	196
263	4	30	88	72	144	2	209
263	4	30	89	72	144	2	230
263	4	30	95	72	144	3	174
263	4	30	96	72	144	2	182
263	4	30	98	72	144	2	182
263	4	30	99	72	144	3	174
263	4	30	105	72	144	2	230
263	4	30	106	72	144	2	209
263	4	30	108	72	144	2	196
263	4	30	110	72	144	3	75
263	4	30	111	72	144	2	1
263	4	30	112	72	144	2	61
263	4	30	117	72	144	2	217
263	4	30	122	72	144	2	122
263	4	30	126	72	144	2	216
263	4	30	128	72	144	2	198
263	4	30	133	72	144	3	inf
263	4	30	138	72	144	2	65
263	4	30	140	72	144	2	47
263	4	31	3	72	144	3	inf
263	4	31	8	72	144	2	65
263	4	31	10	72	144	2	47
263	4	31	14	72	144	2	141
263	4	31	19	72	144	2	46
263	4	31	24	72	144	2	202
263	4	31	25	72	144	2	262
263	4	31	26	72	144	3	188
263	4	31	28	72	144	2	67
263	4	31	30	72	144	2	54
263	4	31	31	72	144	2	33
263	4	31	36	72	144	3	inf
263	4	31	37	72	144	3	89
263	4	31	38	72	144	3	inf
263	4	31	40	72	144	2	81
263	4	31	41	72	144	3	89
263	4	31	47	72	144	2	33
263	4	31	48	72	144	2	54
263	4	31	50	72	144	2	67
263	4	31	52	72	144	3	188
263	4	31	53	72	144	2	262
263	4	31	54	72	144	2	202
263	4	31	59	72	144	2	46
263	4	31	64	72	144	2	141
263	4	31	68	72	144	2	47
263	4	31	70	72	144	2	65
263	4	31	75	72	144	3	inf
263	4	31	80	72	144	2	198
263	4	31	82	72	144	2	216
263	4	31	86	72	144	2	122
263	4	31	91	72	144	2	217
263	4	31	96	72	144	2	61
263	4	31	97	72	144	2	1
263	4	31	98	72	144	3	75
263	4	31	100	72	144	2	196
263	4	31	102	72	144	2	209
263	4	31	103	72	144	2	230
263	4	31	109	72	144	3	174
263	4	31	110	72	144	2	182
263	4	31	112	72	144	2	182
263	4	31	113	72	144	3	174
263	4	31	119	72	144	2	230
263	4	31	120	72	144	2	209
263	4	31	122	72	144	2	196
263	4	31	124	72	144	3	75
263	4	31	125	72	144	2	1
263	4	31	126	72	144	2	61
263	4	31	131	72	144	2	217
263	4	31	136	72	144	2	122
263	4	31	140	72	144	2	216
263	4	31	142	72	144	2	198
263	4	32	1	72	144	2	217
263	4	32	6	72	144	2	122
263	4	32	10	72	144	2	216
263	4	32	12	72	144	2	198
263	4	32	17	72	144	3	inf
263	4	32	22	72	144	2	65
263	4	32	24	72	144	2	47
263	4	32	28	72	144	2	141
263	4	32	33	72	144	2	46
263	4	32	38	72	144	2	202
263	4	32	39	72	144	2	262
263	4	32	40	72	144	3	188
263	4	32	42	72	144	2	67
263	4	32	44	72	144	2	54
263	4	32	45	72	144	2	33
263	4	32	50	72	144	3	inf
263	4	32	51	72	144	3	89
263	4	32	52	72	144	3	inf
263	4	32	54	72	144	2	81
263	4	32	55	72	144	3	89
263	4	32	61	72	144	2	33
263	4	32	62	72	144	2	54
263	4	32	64	72	144	2	67
263	4	32	66	72	144	3	188
263	4	32	67	72	144	2	262
263	4	32	68	72	144	2	202
263	4	32	73	72	144	2	46
263	4	32	78	72	144	2	141
263	4	32	82	72	144	2	47
263	4	32	84	72	144	2	65
263	4	32	89	72	144	3	inf
263	4	32	94	72	144	2	198
263	4	32	96	72	144	2	216
263	4	32	100	72	144	2	122
263	4	32	105	72	144	2	217
263	4	32	110	72	144	2	61
263	4	32	111	72	144	2	1
263	4	32	112	72	144	3	75
263	4	32	114	72	144	2	196
263	4	32	116	72	144	2	209
263	4	32	117	72	144	2	230
263	4	32	123	72	144	3	174
263	4	32	124	72	144	2	182
263	4	32	126	72	144	2	182
263	4	32	127	72	144	3	174
263	4	32	133	72	144	2	230
263	4	32	134	72	144	2	209
263	4	32	136	72	144	2	196
263	4	32	138	72	144	3	75
263	4	32	139	72	144	2	1
263	4	32	140	72	144	2	61
263	4	33	3	72	144	2	230
263	4	33	4	72	144	2	209
263	4	33	6	72	144	2	196
263	4	33	8	72	144	3	75
263	4	33	9	72	144	2	1
263	4	33	10	72	144	2	61
263	4	33	15	72	144	2	217
263	4	33	20	72	144	2	122
263	4	33	24	72	144	2	216
263	4	33	26	72	144	2	198
263	4	33	31	72	144	3	inf
263	4	33	36	72	144	2	65
263	4	33	38	72	144	2	47
263	4	33	42	72	144	2	141
263	4	33	47	72	144	2	46
263	4	33	52	72	144	2	202
263	4	33	53	72	144	2	262
263	4	33	54	72	144	3	188
263	4	33	56	72	144	2	67
263	4	33	58	72	144	2	54
263	4	33	59	72	144	2	33
263	4	33	64	72	144	3	inf
263	4	33	65	72	144	3	89
263	4	33	66	72	144	3	inf
263	4	33	68	72	144	2	81
263	4	33	69	72	144	3	89
263	4	33	75	72	144	2	33
263	4	33	76	72	144	2	54
263	4	33	78	72	144	2	67
263	4	33	80	72	144	3	188
263	4	33	81	72	144	2	262
263	4	33	82	72	144	2	202
263	4	33	87	72	144	2	46
263	4	33	92	72	144	2	141
263	4	33	96	72	144	2	47
263	4	33	98	72	144	2	65
263	4	33	103	72	144	3	inf
263	4	33	108	72	144	2	198
263	4	33	110	72	144	2	216
263	4	33	114	72	144	2	122
263	4	33	119	72	144	2	217
263	4	33	124	72	144	2	61
263	4	33	125	72	144	2	1
263	4	33	126	72	144	3	75
263	4	33	128	72	144	2	196
263	4	33	130	72	144	2	209
263	4	33	131	72	144	2	230
263	4	33	137	72	144	3	174
263	4	33	138	72	144	2	182
263	4	33	140	72	144	2	182
263	4	33	141	72	144	3	174
263	4	34	0	72	144	2	209
263	4	34	1	72	144	2	230
263	4	34	7	72	144	3	174
263	4	34	8	72	144	2	182
263	4	34	10	72	144	2	182
263	4	34	11	72	144	3	174
263	4	34	17	72	144	2	230
263	4	34	18	72	144	2	209
263	4	34	20	72	144	2	196
263	4	34	22	72	144	3	75
263	4	34	23	72	144	2	1
263	4	34	24	72	144	2	61
263	4	34	29	72	144	2	217
263	4	34	34	72	144	2	122
263	4	34	38	72	144	2	216
263	4	34	40	72	144	2	198
263	4	34	45	72	144	3	inf
263	4	34	50	72	144	2	65
263	4	34	52	72	144	2	47
263	4	34	56	72	144	2	141
263	4	34	61	72	144	2	46
263	4	34	66	72	144	2	202
263	4	34	67	72	144	2	262
263	4	34	68	72	144	3	188
263	4	34	70	72	144	2	67
263	4	34	72	72	144	2	54
263	4	34	73	72	144	2	33
263	4	34	78	72	144	3	inf
263	4	34	79	72	144	3	89
263	4	34	80	72	144	3	inf
263	4	34	82	72	144	2	81
263	4	34	83	72	144	3	89
263	4	34	89	72	144	2	33
263	4	34	90	72	144	2	54
263	4	34	92	72	144	2	67
263	4	34	94	72	144	3	188
263	4	34	95	72	144	2	262
263	4	34	96	72	144	2	202
263	4	34	101	72	144	2	46
263	4	34	106	72	144	2	141
263	4	34	110	72	144	2	47
263	4	34	112	72	144	2	65
263	4	34	117	72	144	3	inf
263	4	34	122	72	144	2	198
263	4	34	124	72	144	2	216
263	4	34	128	72	144	2	122
263	4	34	133	72	144	2	217
263	4	34	138	72	144	2	61
263	4	34	139	72	144	2	1
263	4	34	140	72	144	3	75
263	4	34	142	72	144	2	196
263	4	35	3	72	144	2	217
263	4	35	8	72	144	2	61
263	4	35	9	72	144	2	1
263	4	35	10	72	144	3	75
263	4	35	12	72	144	2	196
263	4	35	14	72	144	2	209
263	4	35	15	72	144	2	230
263	4	35	21	72	144	3	174
263	4	35	22	72	144	2	182
263	4	35	24	72	144	2	182
263	4	35	25	72	144	3	174
263	4	35	31	72	144	2	230
263	4	35	32	72	144	2	209
263	4	35	34	72	144	2	196
263	4	35	36	72	144	3	75
263	4	35	37	72	144	2	1
263	4	35	38	72	144	2	61
263	4	35	43	72	144	2	217
263	4	35	48	72	144	2	122
263	4	35	52	72	144	2	216
263	4	35	54	72	144	2	198
263	4	35	59	72	144	3	inf
263	4	35	64	72	144	2	65
263	4	35	66	72	144	2	47
263	4	35	70	72	144	2	141
263	4	35	75	72	144	2	46
263	4	35	80	72	144	2	202
263	4	35	81	72	144	2	262
263	4	35	82	72	144	3	188
263	4	35	84	72	144	2	67
263	4	35	86	72	144	2	54
263	4	35	87	72	144	2	33
263	4	35	92	72	144	3	inf
263	4	35	93	72	144	3	89
263	4	35	94	72	144	3	inf
263	4	35	96	72	144	2	81
263	4	35	97	72	144	3	89
263	4	35	103	72	144	2	33
263	4	35	104	72	144	2	54
263	4	35	106	72	144	2	67
263	4	35	108	72	144	3	188
263	4	35	109	72	144	2	262
263	4	35	110	72	144	2	202
263	4	35	115	72	144	2	46
263	4	35	120	72	144	2	141
263	4	35	124	72	144	2	47
263	4	35	126	72	144	2	65
263	4	35	131	72	144	3	inf
263	4	35	136	72	144	2	198
263	4	35	138	72	144	2	216
263	4	35	142	72	144	2	122
263	4	36	1	72	144	3	inf
263	4	36	6	72	144	2	198
263	4	36	8	72	144	2	216
263	4	36	12	72	144	2	122
263	4	36	17	72	144	2	217
263	4	36	22	72	144	2	61
263	4	36	23	72	144	2	1
263	4	36	24	72	144	3	75
263	4	36	26	72	144	2	196
263	4	36	28	72	144	2	209
263	4	36	29	72	144	2	230
263	4	36	35	72	144	3	174
263	4	36	36	72	144	2	182
263	4	36	38	72	144	2	182
263	4	36	39	72	144	3	174
263	4	36	45	72	144	2	230
263	4	36	46	72	144	2	209
263	4	36	48	72	144	2	196
263	4	36	50	72	144	3	75
263	4	36	51	72	144	2	1
263	4	36	52	72	144	2	61
263	4	36	57	72	144	2	217
263	4	36	62	72	144	2	122
263	4	36	66	72	144	2	216
263	4	36	68	72	144	2	198
263	4	36	73	72	144	3	inf
263	4	36	78	72	144	2	65
263	4	36	80	72	144	2	47
263	4	36	84	72	144	2	141
263	4	36	89	72	144	2	46
263	4	36	94	72	144	2	202
263	4	36	95	72	144	2	262
263	4	36	96	72	144	3	188
263	4	36	98	72	144	2	67
263	4	36	100	72	144	2	54
263	4	36	101	72	144	2	33
263	4	36	106	72	144	3	inf
263	4	36	107	72	144	3	89
263	4	36	108	72	144	3	inf
263	4	36	110	72	144	2	81
263	4	36	111	72	144	3	89
263	4	36	117	72	144	2	33
263	4	36	118	72	144	2	54
263	4	36	120	72	144	2	67
263	4	36	122	72	144	3	188
263	4	36	123	72	144	2	262
263	4	36	124	72	144	2	202
263	4	36	129	72	144	2	46
263	4	36	134	72	144	2	141
263	4	36	138	72	144	2	47
263	4	36	140	72	144	2	65
263	4	37	4	72	144	2	141
263	4	37	8	72	144	2	47
263	4	37	10	72	144	2	65
263	4	37	15	72	144	3	inf
263	4	37	20	72	144	2	198
263	4	37	22	72	144	2	216
263	4	37	26	72	144	2	122
263	4	37	31	72	144	2	217
263	4	37	36	72	144	2	61
263	4	37	37	72	144	2	1
263	4	37	38	72	144	3	75
263	4	37	40	72	144	2	196
263	4	37	42	72	144	2	209
263	4	37	43	72	144	2	230
263	4	37	49	72	144	3	174
263	4	37	50	72	144	2	182
263	4	37	52	72	144	2	182
263	4	37	53	72	144	3	174
263	4	37	59	72	144	2	230
263	4	37	60	72	144	2	209
263	4	37	62	72	144	2	196
263	4	37	64	72	144	3	75
263	4	37	65	72	144	2	1
263	4	37	66	72	144	2	61
263	4	37	71	72	144	2	217
263	4	37	76	72	144	2	122
263	4	37	80	72	144	2	216
263	4	37	82	72	144	2	198
263	4	37	87	72	144	3	inf
263	4	37	92	72	144	2	65
263	4	37	94	72	144	2	47
263	4	37	98	72	144	2	141
263	4	37	103	72	144	2	46
263	4	37	108	72	144	2	202
263	4	37	109	72	144	2	262
263	4	37	110	72	144	3	188
263	4	37	112	72	144	2	67
263	4	37	114	72	144	2	54
263	4	37	115	72	144	2	33
263	4	37	120	72	144	3	inf
263	4	37	121	72	144	3	89
263	4	37	122	72	144	3	inf
263	4	37	124	72	144	2	81
263	4	37	125	72	144	3	89
263	4	37	131	72	144	2	33
263	4	37	132	72	144	2	54
263	4	37	134	72	144	2	67
263	4	37	136	72	144	3	188
263	4	37	137	72	144	2	262
263	4	37	138	72	144	2	202
263	4	37	143	72	144	2	46
263	4	38	1	72	144	2	33
263	4	38	2	72	144	2	54
263	4	38	4	72	144	2	67
263	4	38	6	72	144	3	188
263	4	38	7	72	144	2	262
263	4	38	8	72	144	2	202
263	4	38	13	72	144	2	46
263	4	38	18	72	144	2	141
263	4	38	22	72	144	2	47
263	4	38	24	72	144	2	65
263	4	38	29	72	144	3	inf
263	4	38	34	72	144	2	198
263	4	38	36	72	144	2	216
263	4	38	40	72	144	2	122
263	4	38	45	72	144	2	217
263	4	38	50	72	144	2	61
263	4	38	51	72	144	2	1
263	4	38	52	72	144	3	75
263	4	38	54	72	144	2	196
263	4	38	56	72	144	2	209
263	4	38	57	72	144	2	230
263	4	38	63	72	144	3	174
263	4	38	64	72	144	2	182
263	4	38	66	72	144	2	182
263	4	38	67	72	144	3	174
263	4	38	73	72	144	2	230
263	4	38	74	72	144	2	209
263	4	38	76	72	144	2	196
263	4	38	78	72	144	3	75
263	4	38	79	72	144	2	1
263	4	38	80	72	144	2	61
263	4	38	85	72	144	2	217
263	4	38	90	72	144	2	122
263	4	38	94	72	144	2	216
263	4	38	96	72	144	2	198
263	4	38	101	72	144	3	inf
263	4	38	106	72	144	2	65
263	4	38	108	72	144	2	47
263	4	38	112	72	144	2	141
263	4	38	117	72	144	2	46
263	4	38	122	72	144	2	202
263	4	38	123	72	144	2	262
263	4	38	124	72	144	3	188
263	4	38	126	72	144	2	67
263	4	38	128	72	144	2	54
263	4	38	129	72	144	2	33
263	4	38	134	72	144	3	inf
263	4	38	135	72	144	3	89
263	4	38	136	72	144	3	inf
263	4	38	138	72	144	2	81
263	4	38	139	72	144	3	89
263	4	39	4	72	144	3	inf
263	4	39	5	72	144	3	89
263	4	39	6	72	144	3	inf
263	4	39	8	72	144	2	81
263	4	39	9	72	144	3	89
263	4	39	15	72	144	2	33
263	4	39	16	72	144	2	54
263	4	39	18	72	144	2	67
263	4	39	20	72	144	3	188
263	4	39	21	72	144	2	262
263	4	39	22	72	144	2	202
263	4	39	27	72	144	2	46
263	4	39	32	72	144	2	141
263	4	39	36	72	144	2	47
263	4	39	38	72	144	2	65
263	4	39	43	72	144	3	inf
263	4	39	48	72	144	2	198
263	4	39	50	72	144	2	216
263	4	39	54	72	144	2	122
263	4	39	59	72	144	2	217
263	4	39	64	72	144	2	61
263	4	39	65	72	144	2	1
263	4	39	66	72	144	3	75
263	4	39	68	72	144	2	196
263	4	39	70	72	144	2	209
263	4	39	71	72	144	2	230
263	4	39	77	72	144	3	174
263	4	39	78	72	144	2	182
263	4	39	80	72	144	2	182
263	4	39	81	72	144	3	174
263	4	39	87	72	144	2	230
263	4	39	88	72	144	2	209
263	4	39	90	72	144	2	196
263	4	39	92	72	144	3	75
263	4	39	93	72	144	2	1
263	4	39	94	72	144	2	61
263	4	39	99	72	144	2	217
263	4	39	104	72	144	2	122
263	4	39	108	72	144	2	216
263	4	39	110	72	144	2	198
263	4	39	115	72	144	3	inf
263	4	39	120	72	144	2	65
263	4	39	122	72	144	2	47
263	4	39	126	72	144	2	141
263	4	39	131	72	144	2	46
263	4	39	136	72	144	2	202
263	4	39	137	72	144	2	262
263	4	39	138	72	144	3	188
263	4	39	140	72	144	2	67
263	4	39	142	72	144	2	54
263	4	39	143	72	144	2	33
263	4	40	1	72	144	2	46
263	4	40	6	72	144	2	202
263	4	40	7	72	144	2	262
263	4	40	8	72	144	3	188
263	4	40	10	72	144	2	67
263	4	40	12	72	144	2	54
263	4	40	13	72	144	2	33
263	4	40	18	72	144	3	inf
263	4	40	19	72	144	3	89
263	4	40	20	72	144	3	inf
263	4	40	22	72	144	2	81
263	4	40	23	72	144	3	89
263	4	40	29	72	144	2	33
263	4	40	30	72	144	2	54
263	4	40	32	72	144	2	67
263	4	40	34	72	144	3	188
263	4	40	35	72	144	2	262
263	4	40	36	72	144	2	202
263	4	40	41	72	144	2	46
263	4	40	46	72	144	2	141
263	4	40	50	72	144	2	47
263	4	40	52	72	144	2	65
263	4	40	57	72	144	3	inf
263	4	40	62	72	144	2	198
263	4	40	64	72	144	2	216
263	4	40	68	72	144	2	122
263	4	40	73	72	144	2	217
263	4	40	78	72	144	2	61
263	4	40	79	72	144	2	1
263	4	40	80	72	144	3	75
263	4	40	82	72	144	2	196
263	4	40	84	72	144	2	209
263	4	40	85	72	144	2	230
263	4	40	91	72	144	3	174
263	4	40	92	72	144	2	182
263	4	40	94	72	144	2	182
263	4	40	95	72	144	3	174
263	4	40	101	72	144	2	230
263	4	40	102	72	144	2	209
263	4	40	104	72	144	2	196
263	4	40	106	72	144	3	75
263	4	40	107	72	144	2	1
263	4	40	108	72	144	2	61
263	4	40	113	72	144	2	217
263	4	40	118	72	144	2	122
263	4	40	122	72	144	2	216
263	4	40	124	72	144	2	198
263	4	40	129	72	144	3	inf
263	4	40	134	72	144	2	65
263	4	40	136	72	144	2	47
263	4	40	140	72	144	2	141
263	4	41	4	72	144	2	65
263	4	41	6	72	144	2	47
263	4	41	10	72	144	2	141
263	4	41	15	72	144	2	46
263	4	41	20	72	144	2	202
263	4	41	21	72	144	2	262
263	4	41	22	72	144	3	188
263	4	41	24	72	144	2	67
263	4	41	26	72	144	2	54
263	4	41	27	72	144	2	33
263	4	41	32	72	144	3	inf
263	4	41	33	72	144	3	89
263	4	41	34	72	144	3	inf
263	4	41	36	72	144	2	81
263	4	41	37	72	144	3	89
263	4	41	43	72	144	2	33
263	4	41	44	72	144	2	54
263	4	41	46	72	144	2	67
263	4	41	48	72	144	3	188
263	4	41	49	72	144	2	262
263	4	41	50	72	144	2	202
263	4	41	55	72	144	2	46
263	4	41	60	72	144	2	141
263	4	41	64	72	144	2	47
263	4	41	66	72	144	2	65
263	4	41	71	72	144	3	inf
263	4	41	76	72	144	2	198
263	4	41	78	72	144	2	216
263	4	41	82	72	144	2	122
263	4	41	87	72	144	2	217
263	4	41	92	72	144	2	61
263	4	41	93	72	144	2	1
263	4	41	94	72	144	3	75
263	4	41	96	72	144	2	196
263	4	41	98	72	144	2	209
263	4	41	99	72	144	2	230
263	4	41	105	72	144	3	174
263	4	41	106	72	144	2	182
263	4	41	108	72	144	2	182
263	4	41	109	72	144	3	174
263	4	41	115	72	144	2	230
263	4	41	116	72	144	2	209
263	4	41	118	72	144	2	196
263	4	41	120	72	144	3	75
263	4	41	121	72	144	2	1
263	4	41	122	72	144	2	61
263	4	41	127	72	144	2	217
263	4	41	132	72	144	2	122
263	4	41	136	72	144	2	216
263	4	41	138	72	144	2	198
263	4	41	143	72	144	3	inf
263	4	42	2	72	144	2	122
263	4	42	6	72	144	2	216
263	4	42	8	72	144	2	198
263	4	42	13	72	144	3	inf
263	4	42	18	72	144	2	65
263	4	42	20	72	144	2	47
263	4	42	24	72	144	2	141
263	4	42	29	72	144	2	46
263	4	42	34	72	144	2	202
263	4	42	35	72	144	2	262
263	4	42	36	72	144	3	188
263	4	42	38	72	144	2	67
263	4	42	40	72	144	2	54
263	4	42	41	72	144	2	33
263	4	42	46	72	144	3	inf
263	4	42	47	72	144	3	89
263	4	42	48	72	144	3	inf
263	4	42	50	72	144	2	81
263	4	42	51	72	144	3	89
263	4	42	57	72	144	2	33
263	4	42	58	72	144	2	54
263	4	42	60	72	144	2	67
263	4	42	62	72	144	3	188
263	4	42	63	72	144	2	262
263	4	42	64	72	144	2	202
263	4	42	69	72	144	2	46
263	4	42	74	72	144	2	141
263	4	42	78	72	144	2	47
263	4	42	80	72	144	2	65
263	4	42	85	72	144	3	inf
263	4	42	90	72	144	2	198
263	4	42	92	72	144	2	216
263	4	42	96	72	144	2	122
263	4	42	101	72	144	2	217
263	4	42	106	72	144	2	61
263	4	42	107	72	144	2	1
263	4	42	108	72	144	3	75
263	4	42	110	72	144	2	196
263	4	42	112	72	144	2	209
263	4	42	113	72	144	2	230
263	4	42	119	72	144	3	174
263	4	42	120	72	144	2	182
263	4	42	122	72	144	2	182
263	4	42	123	72	144	3	174
263	4	42	129	72	144	2	230
263	4	42	130	72	144	2	209
263	4	42	132	72	144	2	196
263	4	42	134	72	144	3	75
263	4	42	135	72	144	2	1
263	4	42	136	72	144	2	61
263	4	42	141	72	144	2	217
263	4	43	0	72	144	2	209
263	4	43	2	72	144	2	196
263	4	43	4	72	144	3	75
263	4	43	5	72	144	2	1
263	4	43	6	72	144	2	61
263	4	43	11	72	144	2	217
263	4	43	16	72	144	2	122
263	4	43	20	72	144	2	216
263	4	43	22	72	144	2	198
263	4	43	27	72	144	3	inf
263	4	43	32	72	144	2	65
263	4	43	34	72	144	2	47
263	4	43	38	72	144	2	141
263	4	43	43	72	144	2	46
263	4	43	48	72	144	2	202
263	4	43	49	72	144	2	262
263	4	43	50	72	144	3	188
263	4	43	52	72	144	2	67
263	4	43	54	72	144	2	54
263	4	43	55	72	144	2	33
263	4	43	60	72	144	3	inf
263	4	43	61	72	144	3	89
263	4	43	62	72	144	3	inf
263	4	43	64	72	144	2	81
263	4	43	65	72	144	3	89
263	4	43	71	72	144	2	33
263	4	43	72	72	144	2	54
263	4	43	74	72	144	2	67
263	4	43	76	72	144	3	188
263	4	43	77	72	144	2	262
263	4	43	78	72	144	2	202
263	4	43	83	72	144	2	46
263	4	43	88	72	144	2	141
263	4	43	92	72	144	2	47
263	4	43	94	72	144	2	65
263	4	43	99	72	144	3	inf
263	4	43	104	72	144	2	198
263	4	43	106	72	144	2	216
263	4	43	110	72	144	2	122
263	4	43	115	72	144	2	217
263	4	43	120	72	144	2	61
263	4	43	121	72	144	2	1
263	4	43	122	72	144	3	75
263	4	43	124	72	144	2	196
263	4	43	126	72	144	2	209
263	4	43	127	72	144	2	230
263	4	43	133	72	144	3	174
263	4	43	134	72	144	2	182
263	4	43	136	72	144	2	182
263	4	43	137	72	144	3	174
263	4	43	143	72	144	2	230
263	4	44	3	72	144	3	174
263	4	44	4	72	144	2	182
263	4	44	6	72	144	2	182
263	4	44	7	72	144	3	174
263	4	44	13	72	144	2	230
263	4	44	14	72	144	2	209
263	4	44	16	72	144	2	196
263	4	44	18	72	144	3	75
263	4	44	19	72	144	2	1
263	4	44	20	72	144	2	61
263	4	44	25	72	144	2	217
263	4	44	30	72	144	2	122
263	4	44	34	72	144	2	216
263	4	44	36	72	144	2	198
263	4	44	41	72	144	3	inf
263	4	44	46	72	144	2	65
263	4	44	48	72	144	2	47
263	4	44	52	72	144	2	141
263	4	44	57	72	144	2	46
263	4	44	62	72	144	2	202
263	4	44	63	72	144	2	262
263	4	44	64	72	144	3	188
263	4	44	66	72	144	2	67
263	4	44	68	72	144	2	54
263	4	44	69	72	144	2	33
263	4	44	74	72	144	3	inf
263	4	44	75	72	144	3	89
263	4	44	76	72	144	3	inf
263	4	44	78	72	144	2	81
263	4	44	79	72	144	3	89
263	4	44	85	72	144	2	33
263	4	44	86	72	144	2	54
263	4	44	88	72	144	2	67
263	4	44	90	72	144	3	188
263	4	44	91	72	144	2	262
263	4	44	92	72	144	2	202
263	4	44	97	72	144	2	46
263	4	44	102	72	144	2	141
263	4	44	106	72	144	2	47
263	4	44	108	72	144	2	65
263	4	44	113	72	144	3	inf
263	4	44	118	72	144	2	198
263	4	44	120	72	144	2	216
263	4	44	124	72	144	2	122
263	4	44	129	72	144	2	217
263	4	44	134	72	144	2	61
263	4	44	135	72	144	2	1
263	4	44	136	72	144	3	75
263	4	44	138	72	144	2	196
263	4	44	140	72	144	2	209
263	4	44	141	72	144	2	230
263	4	45	4	72	144	2	61
263	4	45	5	72	144	2	1
263	4	45	6	72	144	3	75
263	4	45	8	72	144	2	196
263	4	45	10	72	144	2	209
263	4	45	11	72	144	2	230
263	4	45	17	72	144	3	174
263	4	45	18	72	144	2	182
263	4	45	20	72	144	2	182
263	4	45	21	72	144	3	174
263	4	45	27	72	144	2	230
263	4	45	28	72	144	2	209
263	4	45	30	72	144	2	196
263	4	45	32	72	144	3	75
263	4	45	33	72	144	2	1
263	4	45	34	72	144	2	61
263	4	45	39	72	144	2	217
263	4	45	44	72	144	2	122
263	4	45	48	72	144	2	216
263	4	45	50	72	144	2	198
263	4	45	55	72	144	3	inf
263	4	45	60	72	144	2	65
263	4	45	62	72	144	2	47
263	4	45	66	72	144	2	141
263	4	45	71	72	144	2	46
263	4	45	76	72	144	2	202
263	4	45	77	72	144	2	262
263	4	45	78	72	144	3	188
263	4	45	80	72	144	2	67
263	4	45	82	72	144	2	54
263	4	45	83	72	144	2	33
263	4	45	88	72	144	3	inf
263	4	45	89	72	144	3	89
263	4	45	90	72	144	3	inf
263	4	45	92	72	144	2	81
263	4	45	93	72	144	3	89
263	4	45	99	72	144	2	33
263	4	45	100	72	144	2	54
263	4	45	102	72	144	2	67
263	4	45	104	72	144	3	188
263	4	45	105	72	144	2	262
263	4	45	106	72	144	2	202
263	4	45	111	72	144	2	46
263	4	45	116	72	144	2	141
263	4	45	120	72	144	2	47
263	4	45	122	72	144	2	65
263	4	45	127	72	144	3	inf
263	4	45	132	72	144	2	198
263	4	45	134	72	144	2	216
263	4	45	138	72	144	2	122
263	4	45	143	72	144	2	217
263	4	46	2	72	144	2	198
263	4	46	4	72	144	2	216
263	4	46	8	72	144	2	122
263	4	46	13	72	144	2	217
263	4	46	18	72	144	2	61
263	4	46	19	72	144	2	1
263	4	46	20	72	144	3	75
263	4	46	22	72	144	2	196
263	4	46	24	72	144	2	209
263	4	46	25	72	144	2	230
263	4	46	31	72	144	3	174
263	4	46	32	72	144	2	182
263	4	46	34	72	144	2	182
263	4	46	35	72	144	3	174
263	4	46	41	72	144	2	230
263	4	46	42	72	144	2	209
263	4	46	44	72	144	2	196
263	4	46	46	72	144	3	75
263	4	46	47	72	144	2	1
263	4	46	48	72	144	2	61
263	4	46	53	72	144	2	217
263	4	46	58	72	144	2	122
263	4	46	62	72	144	2	216
263	4	46	64	72	144	2	198
263	4	46	69	72	144	3	inf
263	4	46	74	72	144	2	65
263	4	46	76	72	144	2	47
263	4	46	80	72	144	2	141
263	4	46	85	72	144	2	46
263	4	46	90	72	144	2	202
263	4	46	91	72	144	2	262
263	4	46	92	72	144	3	188
263	4	46	94	72	144	2	67
263	4	46	96	72	144	2	54
263	4	46	97	72	144	2	33
263	4	46	102	72	144	3	inf
263	4	46	103	72	144	3	89
263	4	46	104	72	144	3	inf
263	4	46	106	72	144	2	81
263	4	46	107	72	144	3	89
263	4	46	113	72	144	2	33
263	4	46	114	72	144	2	54
263	4	46	116	72	144	2	67
263	4	46	118	72	144	3	188
263	4	46	119	72	144	2	262
263	4	46	120	72	144	2	202
263	4	46	125	72	144	2	46
263	4	46	130	72	144	2	141
263	4	46	134	72	144	2	47
263	4	46	136	72	144	2	65
263	4	46	141	72	144	3	inf
263	4	47	0	72	144	2	141
263	4	47	4	72	144	2	47
263	4	47	6	72	144	2	65
263	4	47	11	72	144	3	inf
263	4	47	16	72	144	2	198
263	4	47	18	72	144	2	216
263	4	47	22	72	144	2	122
263	4	47	27	72	144	2	217
263	4	47	32	72	144	2	61
263	4	47	33	72	144	2	1
263	4	47	34	72	144	3	75
263	4	47	36	72	144	2	196
263	4	47	38	72	144	2	209
263	4	47	39	72	144	2	230
263	4	47	45	72	144	3	174
263	4	47	46	72	144	2	182
263	4	47	48	72	144	2	182
263	4	47	49	72	144	3	174
263	4	47	55	72	144	2	230
263	4	47	56	72	144	2	209
263	4	47	58	72	144	2	196
263	4	47	60	72	144	3	75
263	4	47	61	72	144	2	1
263	4	47	62	72	144	2	61
263	4	47	67	72	144	2	217
263	4	47	72	72	144	2	122
263	4	47	76	72	144	2	216
263	4	47	78	72	144	2	198
263	4	47	83	72	144	3	inf
263	4	47	88	72	144	2	65
263	4	47	90	72	144	2	47
263	4	47	94	72	144	2	141
263	4	47	99	72	144	2	46
263	4	47	104	72	144	2	202
263	4	47	105	72	144	2	262
263	4	47	106	72	144	3	188
263	4	47	108	72	144	2	67
263	4	47	110	72	144	2	54
263	4	47	111	72	144	2	33
263	4	47	116	72	144	3	inf
263	4	47	117	72	144	3	89
263	4	47	118	72	144	3	inf
263	4	47	120	72	144	2	81
263	4	47	121	72	144	3	89
263	4	47	127	72	144	2	33
263	4	47	128	72	144	2	54
263	4	47	130	72	144	2	67
263	4	47	132	72	144	3	188
263	4	47	133	72	144	2	262
263	4	47	134	72	144	2	202
263	4	47	139	72	144	2	46
263	4	48	0	72	144	2	67
263	4	48	2	72	144	3	188
263	4	48	3	72	144	2	262
263	4	48	4	72	144	2	202
263	4	48	9	72	144	2	46
263	4	48	14	72	144	2	141
263	4	48	18	72	144	2	47
263	4	48	20	72	144	2	65
263	4	48	25	72	144	3	inf
263	4	48	30	72	144	2	198
263	4	48	32	72	144	2	216
263	4	48	36	72	144	2	122
263	4	48	41	72	144	2	217
263	4	48	46	72	144	2	61
263	4	48	47	72	144	2	1
263	4	48	48	72	144	3	75
263	4	48	50	72	144	2	196
263	4	48	52	72	144	2	209
263	4	48	53	72	144	2	230
263	4	48	59	72	144	3	174
263	4	48	60	72	144	2	182
263	4	48	62	72	144	2	182
263	4	48	63	72	144	3	174
263	4	48	69	72	144	2	230
263	4	48	70	72	144	2	209
263	4	48	72	72	144	2	196
263	4	48	74	72	144	3	75
263	4	48	75	72	144	2	1
263	4	48	76	72	144	2	61
263	4	48	81	72	144	2	217
263	4	48	86	72	144	2	122
263	4	48	90	72	144	2	216
263	4	48	92	72	144	2	198
263	4	48	97	72	144	3	inf
263	4	48	102	72	144	2	65
263	4	48	104	72	144	2	47
263	4	48	108	72	144	2	141
263	4	48	113	72	144	2	46
263	4	48	118	72	144	2	202
263	4	48	119	72	144	2	262
263	4	48	120	72	144	3	188
263	4	48	122	72	144	2	67
263	4	48	124	72	144	2	54
263	4	48	125	72	144	2	33
263	4	48	130	72	144	3	inf
263	4	48	131	72	144	3	89
263	4	48	132	72	144	3	inf
263	4	48	134	72	144	2	81
263	4	48	135	72	144	3	89
263	4	48	141	72	144	2	33
263	4	48	142	72	144	2	54
263	4	49	0	72	144	3	inf
263	4	49	1	72	144	3	89
263	4	49	2	72	144	3	inf
263	4	49	4	72	144	2	81
263	4	49	5	72	144	3	89
263	4	49	11	72	144	2	33
263	4	49	12	72	144	2	54
263	4	49	14	72	144	2	67
263	4	49	16	72	144	3	188
263	4	49	17	72	144	2	262
263	4	49	18	72	144	2	202
263	4	49	23	72	144	2	46
263	4	49	28	72	144	2	141
263	4	49	32	72	144	2	47
263	4	49	34	72	144	2	65
263	4	49	39	72	144	3	inf
263	4	49	44	72	144	2	198
263	4	49	46	72	144	2	216
263	4	49	50	72	144	2	122
263	4	49	55	72	144	2	217
263	4	49	60	72	144	2	61
263	4	49	61	72	144	2	1
263	4	49	62	72	144	3	75
263	4	49	64	72	144	2	196
263	4	49	66	72	144	2	209
263	4	49	67	72	144	2	230
263	4	49	73	72	144	3	174
263	4	49	74	72	144	2	182
263	4	49	76	72	144	2	182
263	4	49	77	72	144	3	174
263	4	49	83	72	144	2	230
263	4	49	84	72	144	2	209
263	4	49	86	72	144	2	196
263	4	49	88	72	144	3	75
263	4	49	89	72	144	2	1
263	4	49	90	72	144	2	61
263	4	49	95	72	144	2	217
263	4	49	100	72	144	2	122
263	4	49	104	72	144	2	216
263	4	49	106	72	144	2	198
263	4	49	111	72	144	3	inf
263	4	49	116	72	144	2	65
263	4	49	118	72	144	2	47
263	4	49	122	72	144	2	141
263	4	49	127	72	144	2	46
263	4	49	132	72	144	2	202
263	4	49	133	72	144	2	262
263	4	49	134	72	144	3	188
263	4	49	136	72	144	2	67
263	4	49	138	72	144	2	54
263	4	49	139	72	144	2	33
263	4	50	2	72	144	2	202
263	4	50	3	72	144	2	262
263	4	50	4	72	144	3	188
263	4	50	6	72	144	2	67
263	4	50	8	72	144	2	54
263	4	50	9	72	144	2	33
263	4	50	14	72	144	3	inf
263	4	50	15	72	144	3	89
263	4	50	16	72	144	3	inf
263	4	50	18	72	144	2	81
263	4	50	19	72	144	3	89
263	4	50	25	72	144	2	33
263	4	50	26	72	144	2	54
263	4	50	28	72	144	2	67
263	4	50	30	72	144	3	188
263	4	50	31	72	144	2	262
263	4	50	32	72	144	2	202
263	4	50	37	72	144	2	46
263	4	50	42	72	144	2	141
263	4	50	46	72	144	2	47
263	4	50	48	72	144	2	65
263	4	50	53	72	144	3	inf
263	4	50	58	72	144	2	198
263	4	50	60	72	144	2	216
263	4	50	64	72	144	2	122
263	4	50	69	72	144	2	217
263	4	50	74	72	144	2	61
263	4	50	75	72	144	2	1
263	4	50	76	72	144	3	75
263	4	50	78	72	144	2	196
263	4	50	80	72	144	2	209
263	4	50	81	72	144	2	230
263	4	50	87	72	144	3	174
263	4	50	88	72	144	2	182
263	4	50	90	72	144	2	182
263	4	50	91	72	144	3	174
263	4	50	97	72	144	2	230
263	4	50	98	72	144	2	209
263	4	50	100	72	144	2	196
263	4	50	102	72	144	3	75
263	4	50	103	72	144	2	1
263	4	50	104	72	144	2	61
263	4	50	109	72	144	2	217
263	4	50	114	72	144	2	122
263	4	50	118	72	144	2	216
263	4	50	120	72	144	2	198
263	4	50	125	72	144	3	inf
263	4	50	130	72	144	2	65
263	4	50	132	72	144	2	47
263	4	50	136	72	144	2	141
263	4	50	141	72	144	2	46
263	4	51	0	72	144	2	65
263	4	51	2	72	144	2	47
263	4	51	6	72	144	2	141
263	4	51	11	72	144	2	46
263	4	51	16	72	144	2	202
263	4	51	17	72	144	2	262
263	4	51	18	72	144	3	188
263	4	51	20	72	144	2	67
263	4	51	22	72	144	2	54
263	4	51	23	72	144	2	33
263	4	51	28	72	144	3	inf
263	4	51	29	72	144	3	89
263	4	51	30	72	144	3	inf
263	4	51	32	72	144	2	81
263	4	51	33	72	144	3	89
263	4	51	39	72	144	2	33
263	4	51	40	72	144	2	54
263	4	51	42	72	144	2	67
263	4	51	44	72	144	3	188
263	4	51	45	72	144	2	262
263	4	51	46	72	144	2	202
263	4	51	51	72	144	2	46
263	4	51	56	72	144	2	141
263	4	51	60	72	144	2	47
263	4	51	62	72	144	2	65
263	4	51	67	72	144	3	inf
263	4	51	72	72	144	2	198
263	4	51	74	72	144	2	216
263	4	51	78	72	144	2	122
263	4	51	83	72	144	2	217
263	4	51	88	72	144	2	61
263	4	51	89	72	144	2	1
263	4	51	90	72	144	3	75
263	4	51	92	72	144	2	196
263	4	51	94	72	144	2	209
263	4	51	95	72	144	2	230
263	4	51	101	72	144	3	174
263	4	51	102	72	144	2	182
263	4	51	104	72	144	2	182
263	4	51	105	72	144	3	174
263	4	51	111	72	144	2	230
263	4	51	112	72	144	2	209
263	4	51	114	72	144	2	196
263	4	51	116	72	144	3	75
263	4	51	117	72	144	2	1
263	4	51	118	72	144	2	61
263	4	51	123	72	144	2	217
263	4	51	128	72	144	2	122
263	4	51	132	72	144	2	216
263	4	51	134	72	144	2	198
263	4	51	139	72	144	3	inf
263	4	52	2	72	144	2	216
263	4	52	4	72	144	2	198
263	4	52	9	72	144	3	inf
263	4	52	14	72	144	2	65
263	4	52	16	72	144	2	47
263	4	52	20	72	144	2	141
263	4	52	25	72	144	2	46
263	4	52	30	72	144	2	202
263	4	52	31	72	144	2	262
263	4	52	32	72	144	3	188
263	4	52	34	72	144	2	67
263	4	52	36	72	144	2	54
263	4	52	37	72	144	2	33
263	4	52	42	72	144	3	inf
263	4	52	43	72	144	3	89
263	4	52	44	72	144	3	inf
263	4	52	46	72	144	2	81
263	4	52	47	72	144	3	89
263	4	52	53	72	144	2	33
263	4	52	54	72	144	2	54
263	4	52	56	72	144	2	67
263	4	52	58	72	144	3	188
263	4	52	59	72	144	2	262
263	4	52	60	72	144	2	202
263	4	52	65	72	144	2	46
263	4	52	70	72	144	2	141
263	4	52	74	72	144	2	47
263	4	52	76	72	144	2	65
263	4	52	81	72	144	3	inf
263	4	52	86	72	144	2	198
263	4	52	88	72	144	2	216
263	4	52	92	72	144	2	122
263	4	52	97	72	144	2	217
263	4	52	102	72	144	2	61
263	4	52	103	72	144	2	1
263	4	52	104	72	144	3	75
263	4	52	106	72	144	2	196
263	4	52	108	72	144	2	209
263	4	52	109	72	144	2	230
263	4	52	115	72	144	3	174
263	4	52	116	72	144	2	182
263	4	52	118	72	144	2	182
263	4	52	119	72	144	3	174
263	4	52	125	72	144	2	230
263	4	52	126	72	144	2	209
263	4	52	128	72	144	2	196
263	4	52	130	72	144	3	75
263	4	52	131	72	144	2	1
263	4	52	132	72	144	2	61
263	4	52	137	72	144	2	217
263	4	52	142	72	144	2	122
263	4	53	0	72	144	3	75
263	4	53	1	72	144	2	1
263	4	53	2	72	144	2	61
263	4	53	7	72	144	2	217
263	4	53	12	72	144	2	122
263	4	53	16	72	144	2	216
263	4	53	18	72	144	2	198
263	4	53	23	72	144	3	inf
263	4	53	28	72	144	2	65
263	4	53	30	72	144	2	47
263	4	53	34	72	144	2	141
263	4	53	39	72	144	2	46
263	4	53	44	72	144	2	202
263	4	53	45	72	144	2	262
263	4	53	46	72	144	3	188
263	4	53	48	72	144	2	67
263	4	53	50	72	144	2	54
263	4	53	51	72	144	2	33
263	4	53	56	72	144	3	inf
263	4	53	57	72	144	3	89
263	4	53	58	72	144	3	inf
263	4	53	60	72	144	2	81
263	4	53	61	72	144	3	89
263	4	53	67	72	144	2	33
263	4	53	68	72	144	2	54
263	4	53	70	72	144	2	67
263	4	53	72	72	144	3	188
263	4	53	73	72	144	2	262
263	4	53	74	72	144	2	202
263	4	53	79	72	144	2	46
263	4	53	84	72	144	2	141
263	4	53	88	72	144	2	47
263	4	53	90	72	144	2	65
263	4	53	95	72	144	3	inf
263	4	53	100	72	144	2	198
263	4	53	102	72	144	2	216
263	4	53	106	72	144	2	122
263	4	53	111	72	144	2	217
263	4	53	116	72	144	2	61
263	4	53	117	72	144	2	1
263	4	53	118	72	144	3	75
263	4	53	120	72	144	2	196
263	4	53	122	72	144	2	209
263	4	53	123	72	144	2	230
263	4	53	129	72	144	3	174
263	4	53	130	72	144	2	182
263	4	53	132	72	144	2	182
263	4	53	133	72	144	3	174
263	4	53	139	72	144	2	230
263	4	53	140	72	144	2	209
263	4	53	142	72	144	2	196
263	4	54	0	72	144	2	182
263	4	54	2	72	144	2	182
263	4	54	3	72	144	3	174
263	4	54	9	72	144	2	230
263	4	54	10	72	144	2	209
263	4	54	12	72	144	2	196
263	4	54	14	72	144	3	75
263	4	54	15	72	144	2	1
263	4	54	16	72	144	2	61
263	4	54	21	72	144	2	217
263	4	54	26	72	144	2	122
263	4	54	30	72	144	2	216
263	4	54	32	72	144	2	198
263	4	54	37	72	144	3	inf
263	4	54	42	72	144	2	65
263	4	54	44	72	144	2	47
263	4	54	48	72	144	2	141
263	4	54	53	72	144	2	46
263	4	54	58	72	144	2	202
263	4	54	59	72	144	2	262
263	4	54	60	72	144	3	188
263	4	54	62	72	144	2	67
263	4	54	64	72	144	2	54
263	4	54	65	72	144	2	33
263	4	54	70	72	144	3	inf
263	4	54	71	72	144	3	89
263	4	54	72	72	144	3	inf
263	4	54	74	72	144	2	81
263	4	54	75	72	144	3	89
263	4	54	81	72	144	2	33
263	4	54	82	72	144	2	54
263	4	54	84	72	144	2	67
263	4	54	86	72	144	3	188
263	4	54	87	72	144	2	262
263	4	54	88	72	144	2	202
263	4	54	93	72	144	2	46
263	4	54	98	72	144	2	141
263	4	54	102	72	144	2	47
263	4	54	104	72	144	2	65
263	4	54	109	72	144	3	inf
263	4	54	114	72	144	2	198
263	4	54	116	72	144	2	216
263	4	54	120	72	144	2	122
263	4	54	125	72	144	2	217
263	4	54	130	72	144	2	61
263	4	54	131	72	144	2	1
263	4	54	132	72	144	3	75
263	4	54	134	72	144	2	196
263	4	54	136	72	144	2	209
263	4	54	137	72	144	2	230
263	4	54	143	72	144	3	174
263	4	55	0	72	144	2	61
263	4	55	1	72	144	2	1
263	4	55	2	72	144	3	75
263	4	55	4	72	144	2	196
263	4	55	6	72	144	2	209
263	4	55	7	72	144	2	230
263	4	55	13	72	144	3	174
263	4	55	14	72	144	2	182
263	4	55	16	72	144	2	182
263	4	55	17	72	144	3	174
263	4	55	23	72	144	2	230
263	4	55	24	72	144	2	209
263	4	55	26	72	144	2	196
263	4	55	28	72	144	3	75
263	4	55	29	72	144	2	1
263	4	55	30	72	144	2	61
263	4	55	35	72	144	2	217
263	4	55	40	72	144	2	122
263	4	55	44	72	144	2	216
263	4	55	46	72	144	2	198
263	4	55	51	72	144	3	inf
263	4	55	56	72	144	2	65
263	4	55	58	72	144	2	47
263	4	55	62	72	144	2	141
263	4	55	67	72	144	2	46
263	4	55	72	72	144	2	202
263	4	55	73	72	144	2	262
263	4	55	74	72	144	3	188
263	4	55	76	72	144	2	67
263	4	55	78	72	144	2	54
263	4	55	79	72	144	2	33
263	4	55	84	72	144	3	inf
263	4	55	85	72	144	3	89
263	4	55	86	72	144	3	inf
263	4	55	88	72	144	2	81
263	4	55	89	72	144	3	89
263	4	55	95	72	144	2	33
263	4	55	96	72	144	2	54
263	4	55	98	72	144	2	67
263	4	55	100	72	144	3	188
263	4	55	101	72	144	2	262
263	4	55	102	72	144	2	202
263	4	55	107	72	144	2	46
263	4	55	112	72	144	2	141
263	4	55	116	72	144	2	47
263	4	55	118	72	144	2	65
263	4	55	123	72	144	3	inf
263	4	55	128	72	144	2	198
263	4	55	130	72	144	2	216
263	4	55	134	72	144	2	122
263	4	55	139	72	144	2	217
263	4	56	0	72	144	2	216
263	4	56	4	72	144	2	122
263	4	56	9	72	144	2	217
263	4	56	14	72	144	2	61
263	4	56	15	72	144	2	1
263	4	56	16	72	144	3	75
263	4	56	18	72	144	2	196
263	4	56	20	72	144	2	209
263	4	56	21	72	144	2	230
263	4	56	27	72	144	3	174
263	4	56	28	72	144	2	182
263	4	56	30	72	144	2	182
263	4	56	31	72	144	3	174
263	4	56	37	72	144	2	230
263	4	56	38	72	144	2	209
263	4	56	40	72	144	2	196
263	4	56	42	72	144	3	75
263	4	56	43	72	144	2	1
263	4	56	44	72	144	2	61
263	4	56	49	72	144	2	217
263	4	56	54	72	144	2	122
263	4	56	58	72	144	2	216
263	4	56	60	72	144	2	198
263	4	56	65	72	144	3	inf
263	4	56	70	72	144	2	65
263	4	56	72	72	144	2	47
263	4	56	76	72	144	2	141
263	4	56	81	72	144	2	46
263	4	56	86	72	144	2	202
263	4	56	87	72	144	2	262
263	4	56	88	72	144	3	188
263	4	56	90	72	144	2	67
263	4	56	92	72	144	2	54
263	4	56	93	72	144	2	33
263	4	56	98	72	144	3	inf
263	4	56	99	72	144	3	89
263	4	56	100	72	144	3	inf
263	4	56	102	72	144	2	81
263	4	56	103	72	144	3	89
263	4	56	109	72	144	2	33
263	4	56	110	72	144	2	54
263	4	56	112	72	144	2	67
263	4	56	114	72	144	3	188
263	4	56	115	72	144	2	262
263	4	56	116	72	144	2	202
263	4	56	121	72	144	2	46
263	4	56	126	72	144	2	141
263	4	56	130	72	144	2	47
263	4	56	132	72	144	2	65
263	4	56	137	72	144	3	inf
263	4	56	142	72	144	2	198
263	4	57	0	72	144	2	47
263	4	57	2	72	144	2	65
263	4	57	7	72	144	3	inf
263	4	57	12	72	144	2	198
263	4	57	14	72	144	2	216
263	4	57	18	72	144	2	122
263	4	57	23	72	144	2	217
263	4	57	28	72	144	2	61
263	4	57	29	72	144	2	1
263	4	57	30	72	144	3	75
263	4	57	32	72	144	2	196
263	4	57	34	72	144	2	209
263	4	57	35	72	144	2	230
263	4	57	41	72	144	3	174
263	4	57	42	72	144	2	182
263	4	57	44	72	144	2	182
263	4	57	45	72	144	3	174
263	4	57	51	72	144	2	230
263	4	57	52	72	144	2	209
263	4	57	54	72	144	2	196
263	4	57	56	72	144	3	75
263	4	57	57	72	144	2	1
263	4	57	58	72	144	2	61
263	4	57	63	72	144	2	217
263	4	57	68	72	144	2	122
263	4	57	72	72	144	2	216
263	4	57	74	72	144	2	198
263	4	57	79	72	144	3	inf
263	4	57	84	72	144	2	65
263	4	57	86	72	144	2	47
263	4	57	90	72	144	2	141
263	4	57	95	72	144	2	46
263	4	57	100	72	144	2	202
263	4	57	101	72	144	2	262
263	4	57	102	72	144	3	188
263	4	57	104	72	144	2	67
263	4	57	106	72	144	2	54
263	4	57	107	72	144	2	33
263	4	57	112	72	144	3	inf
263	4	57	113	72	144	3	89
263	4	57	114	72	144	3	inf
263	4	57	116	72	144	2	81
263	4	57	117	72	144	3	89
263	4	57	123	72	144	2	33
263	4	57	124	72	144	2	54
263	4	57	126	72	144	2	67
263	4	57	128	72	144	3	188
263	4	57	129	72	144	2	262
263	4	57	130	72	144	2	202
263	4	57	135	72	144	2	46
263	4	57	140	72	144	2	141
263	4	58	0	72	144	2	202
263	4	58	5	72	144	2	46
263	4	58	10	72	144	2	141
263	4	58	14	72	144	2	47
263	4	58	16	72	144	2	65
263	4	58	21	72	144	3	inf
263	4	58	26	72	144	2	198
263	4	58	28	72	144	2	216
263	4	58	32	72	144	2	122
263	4	58	37	72	144	2	217
263	4	58	42	72	144	2	61
263	4	58	43	72	144	2	1
263	4	58	44	72	144	3	75
263	4	58	46	72	144	2	196
263	4	58	48	72	144	2	209
263	4	58	49	72	144	2	230
263	4	58	55	72	144	3	174
263	4	58	56	72	144	2	182
263	4	58	58	72	144	2	182
263	4	58	59	72	144	3	174
263	4	58	65	72	144	2	230
263	4	58	66	72	144	2	209
263	4	58	68	72	144	2	196
263	4	58	70	72	144	3	75
263	4	58	71	72	144	2	1
263	4	58	72	72	144	2	61
263	4	58	77	72	144	2	217
263	4	58	82	72	144	2	122
263	4	58	86	72	144	2	216
263	4	58	88	72	144	2	198
263	4	58	93	72	144	3	inf
263	4	58	98	72	144	2	65
263	4	58	100	72	144	2	47
263	4	58	104	72	144	2	141
263	4	58	109	72	144	2	46
263	4	58	114	72	144	2	202
263	4	58	115	72	144	2	262
263	4	58	116	72	144	3	188
263	4	58	118	72	144	2	67
263	4	58	120	72	144	2	54
263	4	58	121	72	144	2	33
263	4	58	126	72	144	3	inf
263	4	58	127	72	144	3	89
263	4	58	128	72	144	3	inf
263	4	58	130	72	144	2	81
263	4	58	131	72	144	3	89
263	4	58	137	72	144	2	33
263	4	58	138	72	144	2	54
263	4	58	140	72	144	2	67
263	4	58	142	72	144	3	188
263	4	58	143	72	144	2	262
263	4	59	0	72	144	2	81
263	4	59	1	72	144	3	89
263	4	59	7	72	144	2	33
263	4	59	8	72	144	2	54
263	4	59	10	72	144	2	67
263	4	59	12	72	144	3	188
263	4	59	13	72	144	2	262
263	4	59	14	72	144	2	202
263	4	59	19	72	144	2	46
263	4	59	24	72	144	2	141
263	4	59	28	72	144	2	47
263	4	59	30	72	144	2	65
263	4	59	35	72	144	3	inf
263	4	59	40	72	144	2	198
263	4	59	42	72	144	2	216
263	4	59	46	72	144	2	122
263	4	59	51	72	144	2	217
263	4	59	56	72	144	2	61
263	4	59	57	72	144	2	1
263	4	59	58	72	144	3	75
263	4	59	60	72	144	2	196
263	4	59	62	72	144	2	209
263	4	59	63	72	144	2	230
263	4	59	69	72	144	3	174
263	4	59	70	72	144	2	182
263	4	59	72	72	144	2	182
263	4	59	73	72	144	3	174
263	4	59	79	72	144	2	230
263	4	59	80	72	144	2	209
263	4	59	82	72	144	2	196
263	4	59	84	72	144	3	75
263	4	59	85	72	144	2	1
263	4	59	86	72	144	2	61
263	4	59	91	72	144	2	217
263	4	59	96	72	144	2	122
263	4	59	100	72	144	2	216
263	4	59	102	72	144	2	198
263	4	59	107	72	144	3	inf
263	4	59	112	72	144	2	65
263	4	59	114	72	144	2	47
263	4	59	118	72	144	2	141
263	4	59	123	72	144	2	46
263	4	59	128	72	144	2	202
263	4	59	129	72	144	2	262
263	4	59	130	72	144	3	188
263	4	59	132	72	144	2	67
263	4	59	134	72	144	2	54
263	4	59	135	72	144	2	33
263	4	59	140	72	144	3	inf
263	4	59	141	72	144	3	89
263	4	59	142	72	144	3	inf
263	4	60	0	72	144	3	188
263	4	60	2	72	144	2	67
263	4	60	4	72	144	2	54
263	4	60	5	72	144	2	33
263	4	60	10	72	144	3	inf
263	4	60	11	72	144	3	89
263	4	60	12	72	144	3	inf
263	4	60	14	72	144	2	81
263	4	60	15	72	144	3	89
263	4	60	21	72	144	2	33
263	4	60	22	72	144	2	54
263	4	60	24	72	144	2	67
263	4	60	26	72	144	3	188
263	4	60	27	72	144	2	262
263	4	60	28	72	144	2	202
263	4	60	33	72	144	2	46
263	4	60	38	72	144	2	141
263	4	60	42	72	144	2	47
263	4	60	44	72	144	2	65
263	4	60	49	72	144	3	inf
263	4	60	54	72	144	2	198
263	4	60	56	72	144	2	216
263	4	60	60	72	144	2	122
263	4	60	65	72	144	2	217
263	4	60	70	72	144	2	61
263	4	60	71	72	144	2	1
263	4	60	72	72	144	3	75
263	4	60	74	72	144	2	196
263	4	60	76	72	144	2	209
263	4	60	77	72	144	2	230
263	4	60	83	72	144	3	174
263	4	60	84	72	144	2	182
263	4	60	86	72	144	2	182
263	4	60	87	72	144	3	174
263	4	60	93	72	144	2	230
263	4	60	94	72	144	2	209
263	4	60	96	72	144	2	196
263	4	60	98	72	144	3	75
263	4	60	99	72	144	2	1
263	4	60	100	72	144	2	61
263	4	60	105	72	144	2	217
263	4	60	110	72	144	2	122
263	4	60	114	72	144	2	216
263	4	60	116	72	144	2	198
263	4	60	121	72	144	3	inf
263	4	60	126	72	144	2	65
263	4	60	128	72	144	2	47
263	4	60	132	72	144	2	141
263	4	60	137	72	144	2	46
263	4	60	142	72	144	2	202
263	4	60	143	72	144	2	262
263	4	61	2	72	144	2	141
263	4	61	7	72	144	2	46
263	4	61	12	72	144	2	202
263	4	61	13	72	144	2	262
263	4	61	14	72	144	3	188
263	4	61	16	72	144	2	67
263	4	61	18	72	144	2	54
263	4	61	19	72	144	2	33
263	4	61	24	72	144	3	inf
263	4	61	25	72	144	3	89
263	4	61	26	72	144	3	inf
263	4	61	28	72	144	2	81
263	4	61	29	72	144	3	89
263	4	61	35	72	144	2	33
263	4	61	36	72	144	2	54
263	4	61	38	72	144	2	67
263	4	61	40	72	144	3	188
263	4	61	41	72	144	2	262
263	4	61	42	72	144	2	202
263	4	61	47	72	144	2	46
263	4	61	52	72	144	2	141
263	4	61	56	72	144	2	47
263	4	61	58	72	144	2	65
263	4	61	63	72	144	3	inf
263	4	61	68	72	144	2	198
263	4	61	70	72	144	2	216
263	4	61	74	72	144	2	122
263	4	61	79	72	144	2	217
263	4	61	84	72	144	2	61
263	4	61	85	72	144	2	1
263	4	61	86	72	144	3	75
263	4	61	88	72	144	2	196
263	4	61	90	72	144	2	209
263	4	61	91	72	144	2	230
263	4	61	97	72	144	3	174
263	4	61	98	72	144	2	182
263	4	61	100	72	144	2	182
263	4	61	101	72	144	3	174
263	4	61	107	72	144	2	230
263	4	61	108	72	144	2	209
263	4	61	110	72	144	2	196
263	4	61	112	72	144	3	75
263	4	61	113	72	144	2	1
263	4	61	114	72	144	2	61
263	4	61	119	72	144	2	217
263	4	61	124	72	144	2	122
263	4	61	128	72	144	2	216
263	4	61	130	72	144	2	198
263	4	61	135	72	144	3	inf
263	4	61	140	72	144	2	65
263	4	61	142	72	144	2	47
263	4	62	0	72	144	2	198
263	4	62	5	72	144	3	inf
263	4	62	10	72	144	2	65
263	4	62	12	72	144	2	47
263	4	62	16	72	144	2	141
263	4	62	21	72	144	2	46
263	4	62	26	72	144	2	202
263	4	62	27	72	144	2	262
263	4	62	28	72	144	3	188
263	4	62	30	72	144	2	67
263	4	62	32	72	144	2	54
263	4	62	33	72	144	2	33
263	4	62	38	72	144	3	inf
263	4	62	39	72	144	3	89
263	4	62	40	72	144	3	inf
263	4	62	42	72	144	2	81
263	4	62	43	72	144	3	89
263	4	62	49	72	144	2	33
263	4	62	50	72	144	2	54
263	4	62	52	72	144	2	67
263	4	62	54	72	144	3	188
263	4	62	55	72	144	2	262
263	4	62	56	72	144	2	202
263	4	62	61	72	144	2	46
263	4	62	66	72	144	2	141
263	4	62	70	72	144	2	47
263	4	62	72	72	144	2	65
263	4	62	77	72	144	3	inf
263	4	62	82	72	144	2	198
263	4	62	84	72	144	2	216
263	4	62	88	72	144	2	122
263	4	62	93	72	144	2	217
263	4	62	98	72	144	2	61
263	4	62	99	72	144	2	1
263	4	62	100	72	144	3	75
263	4	62	102	72	144	2	196
263	4	62	104	72	144	2	209
263	4	62	105	72	144	2	230
263	4	62	111	72	144	3	174
263	4	62	112	72	144	2	182
263	4	62	114	72	144	2	182
263	4	62	115	72	144	3	174
263	4	62	121	72	144	2	230
263	4	62	122	72	144	2	209
263	4	62	124	72	144	2	196
263	4	62	126	72	144	3	75
263	4	62	127	72	144	2	1
263	4	62	128	72	144	2	61
263	4	62	133	72	144	2	217
263	4	62	138	72	144	2	122
263	4	62	142	72	144	2	216
263	4	63	3	72	144	2	217
263	4	63	8	72	144	2	122
263	4	63	12	72	144	2	216
263	4	63	14	72	144	2	198
263	4	63	19	72	144	3	inf
263	4	63	24	72	144	2	65
263	4	63	26	72	144	2	47
263	4	63	30	72	144	2	141
263	4	63	35	72	144	2	46
263	4	63	40	72	144	2	202
263	4	63	41	72	144	2	262
263	4	63	42	72	144	3	188
263	4	63	44	72	144	2	67
263	4	63	46	72	144	2	54
263	4	63	47	72	144	2	33
263	4	63	52	72	144	3	inf
263	4	63	53	72	144	3	89
263	4	63	54	72	144	3	inf
263	4	63	56	72	144	2	81
263	4	63	57	72	144	3	89
263	4	63	63	72	144	2	33
263	4	63	64	72	144	2	54
263	4	63	66	72	144	2	67
263	4	63	68	72	144	3	188
263	4	63	69	72	144	2	262
263	4	63	70	72	144	2	202
263	4	63	75	72	144	2	46
263	4	63	80	72	144	2	141
263	4	63	84	72	144	2	47
263	4	63	86	72	144	2	65
263	4	63	91	72	144	3	inf
263	4	63	96	72	144	2	198
263	4	63	98	72	144	2	216
263	4	63	102	72	144	2	122
263	4	63	107	72	144	2	217
263	4	63	112	72	144	2	61
263	4	63	113	72	144	2	1
263	4	63	114	72	144	3	75
263	4	63	116	72	144	2	196
263	4	63	118	72	144	2	209
263	4	63	119	72	144	2	230
263	4	63	125	72	144	3	174
263	4	63	126	72	144	2	182
263	4	63	128	72	144	2	182
263	4	63	129	72	144	3	174
263	4	63	135	72	144	2	230
263	4	63	136	72	144	2	209
263	4	63	138	72	144	2	196
263	4	63	140	72	144	3	75
263	4	63	141	72	144	2	1
263	4	63	142	72	144	2	61
263	4	64	5	72	144	2	230
263	4	64	6	72	144	2	209
263	4	64	8	72	144	2	196
263	4	64	10	72	144	3	75
263	4	64	11	72	144	2	1
263	4	64	12	72	144	2	61
263	4	64	17	72	144	2	217
263	4	64	22	72	144	2	122
263	4	64	26	72	144	2	216
263	4	64	28	72	144	2	198
263	4	64	33	72	144	3	inf
263	4	64	38	72	144	2	65
263	4	64	40	72	144	2	47
263	4	64	44	72	144	2	141
263	4	64	49	72	144	2	46
263	4	64	54	72	144	2	202
263	4	64	55	72	144	2	262
263	4	64	56	72	144	3	188
263	4	64	58	72	144	2	67
263	4	64	60	72	144	2	54
263	4	64	61	72	144	2	33
263	4	64	66	72	144	3	inf
263	4	64	67	72	144	3	89
263	4	64	68	72	144	3	inf
263	4	64	70	72	144	2	81
263	4	64	71	72	144	3	89
263	4	64	77	72	144	2	33
263	4	64	78	72	144	2	54
263	4	64	80	72	144	2	67
263	4	64	82	72	144	3	188
263	4	64	83	72	144	2	262
263	4	64	84	72	144	2	202
263	4	64	89	72	144	2	46
263	4	64	94	72	144	2	141
263	4	64	98	72	144	2	47
263	4	64	100	72	144	2	65
263	4	64	105	72	144	3	inf
263	4	64	110	72	144	2	198
263	4	64	112	72	144	2	216
263	4	64	116	72	144	2	122
263	4	64	121	72	144	2	217
263	4	64	126	72	144	2	61
263	4	64	127	72	144	2	1
263	4	64	128	72	144	3	75
263	4	64	130	72	144	2	196
263	4	64	132	72	144	2	209
263	4	64	133	72	144	2	230
263	4	64	139	72	144	3	174
263	4	64	140	72	144	2	182
263	4	64	142	72	144	2	182
263	4	64	143	72	144	3	174
263	4	65	0	72	144	2	196
263	4	65	2	72	144	2	209
263	4	65	3	72	144	2	230
263	4	65	9	72	144	3	174
263	4	65	10	72	144	2	182
263	4	65	12	72	144	2	182
263	4	65	13	72	144	3	174
263	4	65	19	72	144	2	230
263	4	65	20	72	144	2	209
263	4	65	22	72	144	2	196
263	4	65	24	72	144	3	75
263	4	65	25	72	144	2	1
263	4	65	26	72	144	2	61
263	4	65	31	72	144	2	217
263	4	65	36	72	144	2	122
263	4	65	40	72	144	2	216
263	4	65	42	72	144	2	198
263	4	65	47	72	144	3	inf
263	4	65	52	72	144	2	65
263	4	65	54	72	144	2	47
263	4	65	58	72	144	2	141
263	4	65	63	72	144	2	46
263	4	65	68	72	144	2	202
263	4	65	69	72	144	2	262
263	4	65	70	72	144	3	188
263	4	65	72	72	144	2	67
263	4	65	74	72	144	2	54
263	4	65	75	72	144	2	33
263	4	65	80	72	144	3	inf
263	4	65	81	72	144	3	89
263	4	65	82	72	144	3	inf
263	4	65	84	72	144	2	81
263	4	65	85	72	144	3	89
263	4	65	91	72	144	2	33
263	4	65	92	72	144	2	54
263	4	65	94	72	144	2	67
263	4	65	96	72	144	3	188
263	4	65	97	72	144	2	262
263	4	65	98	72	144	2	202
263	4	65	103	72	144	2	46
263	4	65	108	72	144	2	141
263	4	65	112	72	144	2	47
263	4	65	114	72	144	2	65
263	4	65	119	72	144	3	inf
263	4	65	124	72	144	2	198
263	4	65	126	72	144	2	216
263	4	65	130	72	144	2	122
263	4	65	135	72	144	2	217
263	4	65	140	72	144	2	61
263	4	65	141	72	144	2	1
263	4	65	142	72	144	3	75
263	4	66	0	72	144	2	122
263	4	66	5	72	144	2	217
263	4	66	10	72	144	2	61
263	4	66	11	72	144	2	1
263	4	66	12	72	144	3	75
263	4	66	14	72	144	2	196
263	4	66	16	72	144	2	209
263	4	66	17	72	144	2	230
263	4	66	23	72	144	3	174
263	4	66	24	72	144	2	182
263	4	66	26	72	144	2	182
263	4	66	27	72	144	3	174
263	4	66	33	72	144	2	230
263	4	66	34	72	144	2	209
263	4	66	36	72	144	2	196
263	4	66	38	72	144	3	75
263	4	66	39	72	144	2	1
263	4	66	40	72	144	2	61
263	4	66	45	72	144	2	217
263	4	66	50	72	144	2	122
263	4	66	54	72	144	2	216
263	4	66	56	72	144	2	198
263	4	66	61	72	144	3	inf
263	4	66	66	72	144	2	65
263	4	66	68	72	144	2	47
263	4	66	72	72	144	2	141
263	4	66	77	72	144	2	46
263	4	66	82	72	144	2	202
263	4	66	83	72	144	2	262
263	4	66	84	72	144	3	188
263	4	66	86	72	144	2	67
263	4	66	88	72	144	2	54
263	4	66	89	72	144	2	33
263	4	66	94	72	144	3	inf
263	4	66	95	72	144	3	89
263	4	66	96	72	144	3	inf
263	4	66	98	72	144	2	81
263	4	66	99	72	144	3	89
263	4	66	105	72	144	2	33
263	4	66	106	72	144	2	54
263	4	66	108	72	144	2	67
263	4	66	110	72	144	3	188
263	4	66	111	72	144	2	262
263	4	66	112	72	144	2	202
263	4	66	117	72	144	2	46
263	4	66	122	72	144	2	141
263	4	66	126	72	144	2	47
263	4	66	128	72	144	2	65
263	4	66	133	72	144	3	inf
263	4	66	138	72	144	2	198
263	4	66	140	72	144	2	216
263	4	67	3	72	144	3	inf
263	4	67	8	72	144	2	198
263	4	67	10	72	144	2	216
263	4	67	14	72	144	2	122
263	4	67	19	72	144	2	217
263	4	67	24	72	144	2	61
263	4	67	25	72	144	2	1
263	4	67	26	72	144	3	75
263	4	67	28	72	144	2	196
263	4	67	30	72	144	2	209
263	4	67	31	72	144	2	230
263	4	67	37	72	144	3	174
263	4	67	38	72	144	2	182
263	4	67	40	72	144	2	182
263	4	67	41	72	144	3	174
263	4	67	47	72	144	2	230
263	4	67	48	72	144	2	209
263	4	67	50	72	144	2	196
263	4	67	52	72	144	3	75
263	4	67	53	72	144	2	1
263	4	67	54	72	144	2	61
263	4	67	59	72	144	2	217
263	4	67	64	72	144	2	122
263	4	67	68	72	144	2	216
263	4	67	70	72	144	2	198
263	4	67	75	72	144	3	inf
263	4	67	80	72	144	2	65
263	4	67	82	72	144	2	47
263	4	67	86	72	144	2	141
263	4	67	91	72	144	2	46
263	4	67	96	72	144	2	202
263	4	67	97	72	144	2	262
263	4	67	98	72	144	3	188
263	4	67	100	72	144	2	67
263	4	67	102	72	144	2	54
263	4	67	103	72	144	2	33
263	4	67	108	72	144	3	inf
263	4	67	109	72	144	3	89
263	4	67	110	72	144	3	inf
263	4	67	112	72	144	2	81
263	4	67	113	72	144	3	89
263	4	67	119	72	144	2	33
263	4	67	120	72	144	2	54
263	4	67	122	72	144	2	67
263	4	67	124	72	144	3	188
263	4	67	125	72	144	2	262
263	4	67	126	72	144	2	202
263	4	67	131	72	144	2	46
263	4	67	136	72	144	2	141
263	4	67	140	72	144	2	47
263	4	67	142	72	144	2	65
263	4	68	1	72	144	2	46
263	4	68	6	72	144	2	141
263	4	68	10	72	144	2	47
263	4	68	12	72	144	2	65
263	4	68	17	72	144	3	inf
263	4	68	22	72	144	2	198
263	4	68	24	72	144	2	216
263	4	68	28	72	144	2	122
263	4	68	33	72	144	2	217
263	4	68	38	72	144	2	61
263	4	68	39	72	144	2	1
263	4	68	40	72	144	3	75
263	4	68	42	72	144	2	196
263	4	68	44	72	144	2	209
263	4	68	45	72	144	2	230
263	4	68	51	72	144	3	174
263	4	68	52	72	144	2	182
263	4	68	54	72	144	2	182
263	4	68	55	72	144	3	174
263	4	68	61	72	144	2	230
263	4	68	62	72	144	2	209
263	4	68	64	72	144	2	196
263	4	68	66	72	144	3	75
263	4	68	67	72	144	2	1
263	4	68	68	72	144	2	61
263	4	68	73	72	144	2	217
263	4	68	78	72	144	2	122
263	4	68	82	72	144	2	216
263	4	68	84	72	144	2	198
263	4	68	89	72	144	3	inf
263	4	68	94	72	144	2	65
263	4	68	96	72	144	2	47
263	4	68	100	72	144	2	141
263	4	68	105	72	144	2	46
263	4	68	110	72	144	2	202
263	4	68	111	72	144	2	262
263	4	68	112	72	144	3	188
263	4	68	114	72	144	2	67
263	4	68	116	72	144	2	54
263	4	68	117	72	144	2	33
263	4	68	122	72	144	3	inf
263	4	68	123	72	144	3	89
263	4	68	124	72	144	3	inf
263	4	68	126	72	144	2	81
263	4	68	127	72	144	3	89
263	4	68	133	72	144	2	33
263	4	68	134	72	144	2	54
263	4	68	136	72	144	2	67
263	4	68	138	72	144	3	188
263	4	68	139	72	144	2	262
263	4	68	140	72	144	2	202
263	4	69	3	72	144	2	33
263	4	69	4	72	144	2	54
263	4	69	6	72	144	2	67
263	4	69	8	72	144	3	188
263	4	69	9	72	144	2	262
263	4	69	10	72	144	2	202
263	4	69	15	72	144	2	46
263	4	69	20	72	144	2	141
263	4	69	24	72	144	2	47
263	4	69	26	72	144	2	65
263	4	69	31	72	144	3	inf
263	4	69	36	72	144	2	198
263	4	69	38	72	144	2	216
263	4	69	42	72	144	2	122
263	4	69	47	72	144	2	217
263	4	69	52	72	144	2	61
263	4	69	53	72	144	2	1
263	4	69	54	72	144	3	75
263	4	69	56	72	144	2	196
263	4	69	58	72	144	2	209
263	4	69	59	72	144	2	230
263	4	69	65	72	144	3	174
263	4	69	66	72	144	2	182
263	4	69	68	72	144	2	182
263	4	69	69	72	144	3	174
263	4	69	75	72	144	2	230
263	4	69	76	72	144	2	209
263	4	69	78	72	144	2	196
263	4	69	80	72	144	3	75
263	4	69	81	72	144	2	1
263	4	69	82	72	144	2	61
263	4	69	87	72	144	2	217
263	4	69	92	72	144	2	122
263	4	69	96	72	144	2	216
263	4	69	98	72	144	2	198
263	4	69	103	72	144	3	inf
263	4	69	108	72	144	2	65
263	4	69	110	72	144	2	47
263	4	69	114	72	144	2	141
263	4	69	119	72	144	2	46
263	4	69	124	72	144	2	202
263	4	69	125	72	144	2	262
263	4	69	126	72	144	3	188
263	4	69	128	72	144	2	67
263	4	69	130	72	144	2	54
263	4	69	131	72	144	2	33
263	4	69	136	72	144	3	inf
263	4	69	137	72	144	3	89
263	4	69	138	72	144	3	inf
263	4	69	140	72	144	2	81
263	4	69	141	72	144	3	89
263	4	70	0	72	144	2	54
263	4	70	1	72	144	2	33
263	4	70	6	72	144	3	inf
263	4	70	7	72	144	3	89
263	4	70	8	72	144	3	inf
263	4	70	10	72	144	2	81
263	4	70	11	72	144	3	89
263	4	70	17	72	144	2	33
263	4	70	18	72	144	2	54
263	4	70	20	72	144	2	67
263	4	70	22	72	144	3	188
263	4	70	23	72	144	2	262
263	4	70	24	72	144	2	202
263	4	70	29	72	144	2	46
263	4	70	34	72	144	2	141
263	4	70	38	72	144	2	47
263	4	70	40	72	144	2	65
263	4	70	45	72	144	3	inf
263	4	70	50	72	144	2	198
263	4	70	52	72	144	2	216
263	4	70	56	72	144	2	122
263	4	70	61	72	144	2	217
263	4	70	66	72	144	2	61
263	4	70	67	72	144	2	1
263	4	70	68	72	144	3	75
263	4	70	70	72	144	2	196
263	4	70	72	72	144	2	209
263	4	70	73	72	144	2	230
263	4	70	79	72	144	3	174
263	4	70	80	72	144	2	182
263	4	70	82	72	144	2	182
263	4	70	83	72	144	3	174
263	4	70	89	72	144	2	230
263	4	70	90	72	144	2	209
263	4	70	92	72	144	2	196
263	4	70	94	72	144	3	75
263	4	70	95	72	144	2	1
263	4	70	96	72	144	2	61
263	4	70	101	72	144	2	217
263	4	70	106	72	144	2	122
263	4	70	110	72	144	2	216
263	4	70	112	72	144	2	198
263	4	70	117	72	144	3	inf
263	4	70	122	72	144	2	65
263	4	70	124	72	144	2	47
263	4	70	128	72	144	2	141
263	4	70	133	72	144	2	46
263	4	70	138	72	144	2	202
263	4	70	139	72	144	2	262
263	4	70	140	72	144	3	188
263	4	70	142	72	144	2	67
263	4	71	3	72	144	2	46
263	4	71	8	72	144	2	202
263	4	71	9	72	144	2	262
263	4	71	10	72	144	3	188
263	4	71	12	72	144	2	67
263	4	71	14	72	144	2	54
263	4	71	15	72	144	2	33
263	4	71	20	72	144	3	inf
263	4	71	21	72	144	3	89
263	4	71	22	72	144	3	inf
263	4	71	24	72	144	2	81
263	4	71	25	72	144	3	89
263	4	71	31	72	144	2	33
263	4	71	32	72	144	2	54
263	4	71	34	72	144	2	67
263	4	71	36	72	144	3	188
263	4	71	37	72	144	2	262
263	4	71	38	72	144	2	202
263	4	71	43	72	144	2	46
263	4	71	48	72	144	2	141
263	4	71	52	72	144	2	47
263	4	71	54	72	144	2	65
263	4	71	59	72	144	3	inf
263	4	71	64	72	144	2	198
263	4	71	66	72	144	2	216
263	4	71	70	72	144	2	122
263	4	71	75	72	144	2	217
263	4	71	80	72	144	2	61
263	4	71	81	72	144	2	1
263	4	71	82	72	144	3	75
263	4	71	84	72	144	2	196
263	4	71	86	72	144	2	209
263	4	71	87	72	144	2	230
263	4	71	93	72	144	3	174
263	4	71	94	72	144	2	182
263	4	71	96	72	144	2	182
263	4	71	97	72	144	3	174
263	4	71	103	72	144	2	230
263	4	71	104	72	144	2	209
263	4	71	106	72	144	2	196
263	4	71	108	72	144	3	75
263	4	71	109	72	144	2	1
263	4	71	110	72	144	2	61
263	4	71	115	72	144	2	217
263	4	71	120	72	144	2	122
263	4	71	124	72	144	2	216
263	4	71	126	72	144	2	198
263	4	71	131	72	144	3	inf
263	4	71	136	72	144	2	65
263	4	71	138	72	144	2	47
263	4	71	142	72	144	2	141
