prime	torsion_coset	m	n	ord_g1	ord_g2	state	t
13	1	0	0	3	6	3	1
13	1	0	1	3	6	3	4
13	1	0	2	3	6	3	9
13	1	0	3	3	6	3	12
13	1	0	4	3	6	3	9
13	1	0	5	3	6	3	4
13	1	1	0	3	6	3	9
13	1	1	1	3	6	3	4
13	1	1	2	3	6	3	1
13	1	1	3	3	6	3	4
13	1	1	4	3	6	3	9
13	1	1	5	3	6	3	12
13	1	2	0	3	6	3	9
13	1	2	1	3	6	3	12
13	1	2	2	3	6	3	9
13	1	2	3	3	6	3	4
13	1	2	4	3	6	3	1
13	1	2	5	3	6	3	4
13	2	0	0	3	6	3	12
13	2	0	1	3	6	3	9
13	2	0	2	3	6	3	4
13	2	0	3	3	6	3	1
13	2	0	4	3	6	3	4
13	2	0	5	3	6	3	9
13	2	1	0	3	6	3	4
13	2	1	1	3	6	3	9
13	2	1	2	3	6	3	12
13	2	1	3	3	6	3	9
13	2	1	4	3	6	3	4
13	2	1	5	3	6	3	1
13	2	2	0	3	6	3	4
13	2	2	1	3	6	3	1
13	2	2	2	3	6	3	4
13	2	2	3	3	6	3	9
13	2	2	4	3	6	3	12
13	2	2	5	3	6	3	9
41	1	0	0	44	22	3	inf
41	1	0	3	44	22	3	inf
41	1	0	4	44	22	3	inf
41	1	0	15	44	22	3	inf
41	1	1	6	44	22	3	23
41	1	1	17	44	22	3	18
41	1	2	8	44	22	3	inf
41	1	2	15	44	22	3	inf
41	1	2	18	44	22	3	inf
41	1	2	19	44	22	3	inf
41	1	3	10	44	22	3	18
41	1	3	21	44	22	3	23
41	1	4	1	44	22	3	inf
41	1	4	8	44	22	3	inf
41	1	4	11	44	22	3	inf
41	1	4	12	44	22	3	inf
41	1	5	3	44	22	3	18
41	1	5	14	44	22	3	23
41	1	6	1	44	22	3	inf
41	1	6	4	44	22	3	inf
41	1	6	5	44	22	3	inf
41	1	6	16	44	22	3	inf
41	1	7	7	44	22	3	23
41	1	7	18	44	22	3	18
41	1	8	9	44	22	3	inf
41	1	8	16	44	22	3	inf
41	1	8	19	44	22	3	inf
41	1	8	20	44	22	3	inf
41	1	9	0	44	22	3	23
41	1	9	11	44	22	3	18
41	1	10	2	44	22	3	inf
41	1	10	9	44	22	3	inf
41	1	10	12	44	22	3	inf
41	1	10	13	44	22	3	inf
41	1	11	4	44	22	3	18
41	1	11	15	44	22	3	23
41	1	12	2	44	22	3	inf
41	1	12	5	44	22	3	inf
41	1	12	6	44	22	3	inf
41	1	12	17	44	22	3	inf
41	1	13	8	44	22	3	23
41	1	13	19	44	22	3	18
41	1	14	10	44	22	3	inf
41	1	14	17	44	22	3	inf
41	1	14	20	44	22	3	inf
41	1	14	21	44	22	3	inf
41	1	15	1	44	22	3	23
41	1	15	12	44	22	3	18
41	1	16	3	44	22	3	inf
41	1	16	10	44	22	3	inf
41	1	16	13	44	22	3	inf
41	1	16	14	44	22	3	inf
41	1	17	5	44	22	3	18
41	1	17	16	44	22	3	23
41	1	18	3	44	22	3	inf
41	1	18	6	44	22	3	inf
41	1	18	7	44	22	3	inf
41	1	18	18	44	22	3	inf
41	1	19	9	44	22	3	23
41	1	19	20	44	22	3	18
41	1	20	0	44	22	3	inf
41	1	20	11	44	22	3	inf
41	1	20	18	44	22	3	inf
41	1	20	21	44	22	3	inf
41	1	21	2	44	22	3	23
41	1	21	13	44	22	3	18
41	1	22	4	44	22	3	inf
41	1	22	11	44	22	3	inf
41	1	22	14	44	22	3	inf
41	1	22	15	44	22	3	inf
41	1	23	6	44	22	3	18
41	1	23	17	44	22	3	23
41	1	24	4	44	22	3	inf
41	1	24	7	44	22	3	inf
41	1	24	8	44	22	3	inf
41	1	24	19	44	22	3	inf
41	1	25	10	44	22	3	23
41	1	25	21	44	22	3	18
41	1	26	0	44	22	3	inf
41	1	26	1	44	22	3	inf
41	1	26	12	44	22	3	inf
41	1	26	19	44	22	3	inf
41	1	27	3	44	22	3	23
41	1	27	14	44	22	3	18
41	1	28	5	44	22	3	inf
41	1	28	12	44	22	3	inf
41	1	28	15	44	22	3	inf
41	1	28	16	44	22	3	inf
41	1	29	7	44	22	3	18
41	1	29	18	44	22	3	23
41	1	30	5	44	22	3	inf
41	1	30	8	44	22	3	inf
41	1	30	9	44	22	3	inf
41	1	30	20	44	22	3	inf
41	1	31	0	44	22	3	18
41	1	31	11	44	22	3	23
41	1	32	1	44	22	3	inf
41	1	32	2	44	22	3	inf
41	1	32	13	44	22	3	inf
41	1	32	20	44	22	3	inf
41	1	33	4	44	22	3	23
41	1	33	15	44	22	3	18
41	1	34	6	44	22	3	inf
41	1	34	13	44	22	3	inf
41	1	34	16	44	22	3	inf
41	1	34	17	44	22	3	inf
41	1	35	8	44	22	3	18
41	1	35	19	44	22	3	23
41	1	36	6	44	22	3	inf
41	1	36	9	44	22	3	inf
41	1	36	10	44	22	3	inf
41	1	36	21	44	22	3	inf
41	1	37	1	44	22	3	18
41	1	37	12	44	22	3	23
41	1	38	2	44	22	3	inf
41	1	38	3	44	22	3	inf
41	1	38	14	44	22	3	inf
41	1	38	21	44	22	3	inf
41	1	39	5	44	22	3	23
41	1	39	16	44	22	3	18
41	1	40	7	44	22	3	inf
41	1	40	14	44	22	3	inf
41	1	40	17	44	22	3	inf
41	1	40	18	44	22	3	inf
41	1	41	9	44	22	3	18
41	1	41	20	44	22	3	23
41	1	42	0	44	22	3	inf
41	1	42	7	44	22	3	inf
41	1	42	10	44	22	3	inf
41	1	42	11	44	22	3	inf
41	1	43	2	44	22	3	18
41	1	43	13	44	22	3	23
41	2	0	4	44	22	3	inf
41	2	0	11	44	22	3	inf
41	2	0	14	44	22	3	inf
41	2	0	15	44	22	3	inf
41	2	1	6	44	22	3	18
41	2	1	17	44	22	3	23
41	2	2	4	44	22	3	inf
41	2	2	7	44	22	3	inf
41	2	2	8	44	22	3	inf
41	2	2	19	44	22	3	inf
41	2	3	10	44	22	3	23
41	2	3	21	44	22	3	18
41	2	4	0	44	22	3	inf
41	2	4	1	44	22	3	inf
41	2	4	12	44	22	3	inf
41	2	4	19	44	22	3	inf
41	2	5	3	44	22	3	23
41	2	5	14	44	22	3	18
41	2	6	5	44	22	3	inf
41	2	6	12	44	22	3	inf
41	2	6	15	44	22	3	inf
41	2	6	16	44	22	3	inf
41	2	7	7	44	22	3	18
41	2	7	18	44	22	3	23
41	2	8	5	44	22	3	inf
41	2	8	8	44	22	3	inf
41	2	8	9	44	22	3	inf
41	2	8	20	44	22	3	inf
41	2	9	0	44	22	3	18
41	2	9	11	44	22	3	23
41	2	10	1	44	22	3	inf
41	2	10	2	44	22	3	inf
41	2	10	13	44	22	3	inf
41	2	10	20	44	22	3	inf
41	2	11	4	44	22	3	23
41	2	11	15	44	22	3	18
41	2	12	6	44	22	3	inf
41	2	12	13	44	22	3	inf
41	2	12	16	44	22	3	inf
41	2	12	17	44	22	3	inf
41	2	13	8	44	22	3	18
41	2	13	19	44	22	3	23
41	2	14	6	44	22	3	inf
41	2	14	9	44	22	3	inf
41	2	14	10	44	22	3	inf
41	2	14	21	44	22	3	inf
41	2	15	1	44	22	3	18
41	2	15	12	44	22	3	23
41	2	16	2	44	22	3	inf
41	2	16	3	44	22	3	inf
41	2	16	14	44	22	3	inf
41	2	16	21	44	22	3	inf
41	2	17	5	44	22	3	23
41	2	17	16	44	22	3	18
41	2	18	7	44	22	3	inf
41	2	18	14	44	22	3	inf
41	2	18	17	44	22	3	inf
41	2	18	18	44	22	3	inf
41	2	19	9	44	22	3	18
41	2	19	20	44	22	3	23
41	2	20	0	44	22	3	inf
41	2	20	7	44	22	3	inf
41	2	20	10	44	22	3	inf
41	2	20	11	44	22	3	inf
41	2	21	2	44	22	3	18
41	2	21	13	44	22	3	23
41	2	22	0	44	22	3	inf
41	2	22	3	44	22	3	inf
41	2	22	4	44	22	3	inf
41	2	22	15	44	22	3	inf
41	2	23	6	44	22	3	23
41	2	23	17	44	22	3	18
41	2	24	8	44	22	3	inf
41	2	24	15	44	22	3	inf
41	2	24	18	44	22	3	inf
41	2	24	19	44	22	3	inf
41	2	25	10	44	22	3	18
41	2	25	21	44	22	3	23
41	2	26	1	44	22	3	inf
41	2	26	8	44	22	3	inf
41	2	26	11	44	22	3	inf
41	2	26	12	44	22	3	inf
41	2	27	3	44	22	3	18
41	2	27	14	44	22	3	23
41	2	28	1	44	22	3	inf
41	2	28	4	44	22	3	inf
41	2	28	5	44	22	3	inf
41	2	28	16	44	22	3	inf
41	2	29	7	44	22	3	23
41	2	29	18	44	22	3	18
41	2	30	9	44	22	3	inf
41	2	30	16	44	22	3	inf
41	2	30	19	44	22	3	inf
41	2	30	20	44	22	3	inf
41	2	31	0	44	22	3	23
41	2	31	11	44	22	3	18
41	2	32	2	44	22	3	inf
41	2	32	9	44	22	3	inf
41	2	32	12	44	22	3	inf
41	2	32	13	44	22	3	inf
41	2	33	4	44	22	3	18
41	2	33	15	44	22	3	23
41	2	34	2	44	22	3	inf
41	2	34	5	44	22	3	inf
41	2	34	6	44	22	3	inf
41	2	34	17	44	22	3	inf
41	2	35	8	44	22	3	23
41	2	35	19	44	22	3	18
41	2	36	10	44	22	3	inf
41	2	36	17	44	22	3	inf
41	2	36	20	44	22	3	inf
41	2	36	21	44	22	3	inf
41	2	37	1	44	22	3	23
41	2	37	12	44	22	3	18
41	2	38	3	44	22	3	inf
41	2	38	10	44	22	3	inf
41	2	38	13	44	22	3	inf
41	2	38	14	44	22	3	inf
41	2	39	5	44	22	3	18
41	2	39	16	44	22	3	23
41	2	40	3	44	22	3	inf
41	2	40	6	44	22	3	inf
41	2	40	7	44	22	3	inf
41	2	40	18	44	22	3	inf
41	2	41	9	44	22	3	23
41	2	41	20	44	22	3	18
41	2	42	0	44	22	3	inf
41	2	42	11	44	22	3	inf
41	2	42	18	44	22	3	inf
41	2	42	21	44	22	3	inf
41	2	43	2	44	22	3	23
41	2	43	13	44	22	3	18
43	1	0	0	20	10	3	inf
43	1	0	1	20	10	3	22
43	1	0	2	20	10	3	30
43	1	0	3	20	10	3	15
43	1	0	4	20	10	3	0
43	1	0	5	20	10	3	28
43	1	0	6	20	10	3	13
43	1	0	7	20	10	3	21
43	1	0	8	20	10	3	42
43	1	0	9	20	10	3	inf
43	1	2	0	20	10	3	21
43	1	2	1	20	10	3	42
43	1	2	2	20	10	3	inf
43	1	2	3	20	10	3	inf
43	1	2	4	20	10	3	22
43	1	2	5	20	10	3	30
43	1	2	6	20	10	3	15
43	1	2	7	20	10	3	0
43	1	2	8	20	10	3	28
43	1	2	9	20	10	3	13
43	1	4	0	20	10	3	0
43	1	4	1	20	10	3	28
43	1	4	2	20	10	3	13
43	1	4	3	20	10	3	21
43	1	4	4	20	10	3	42
43	1	4	5	20	10	3	inf
43	1	4	6	20	10	3	inf
43	1	4	7	20	10	3	22
43	1	4	8	20	10	3	30
43	1	4	9	20	10	3	15
43	1	6	0	20	10	3	22
43	1	6	1	20	10	3	30
43	1	6	2	20	10	3	15
43	1	6	3	20	10	3	0
43	1	6	4	20	10	3	28
43	1	6	5	20	10	3	13
43	1	6	6	20	10	3	21
43	1	6	7	20	10	3	42
43	1	6	8	20	10	3	inf
43	1	6	9	20	10	3	inf
43	1	8	0	20	10	3	42
43	1	8	1	20	10	3	inf
43	1	8	2	20	10	3	inf
43	1	8	3	20	10	3	22
43	1	8	4	20	10	3	30
43	1	8	5	20	10	3	15
43	1	8	6	20	10	3	0
43	1	8	7	20	10	3	28
43	1	8	8	20	10	3	13
43	1	8	9	20	10	3	21
43	1	10	0	20	10	3	28
43	1	10	1	20	10	3	13
43	1	10	2	20	10	3	21
43	1	10	3	20	10	3	42
43	1	10	4	20	10	3	inf
43	1	10	5	20	10	3	inf
43	1	10	6	20	10	3	22
43	1	10	7	20	10	3	30
43	1	10	8	20	10	3	15
43	1	10	9	20	10	3	0
43	1	12	0	20	10	3	30
43	1	12	1	20	10	3	15
43	1	12	2	20	10	3	0
43	1	12	3	20	10	3	28
43	1	12	4	20	10	3	13
43	1	12	5	20	10	3	21
43	1	12	6	20	10	3	42
43	1	12	7	20	10	3	inf
43	1	12	8	20	10	3	inf
43	1	12	9	20	10	3	22
43	1	14	0	20	10	3	inf
43	1	14	1	20	10	3	inf
43	1	14	2	20	10	3	22
43	1	14	3	20	10	3	30
43	1	14	4	20	10	3	15
43	1	14	5	20	10	3	0
43	1	14	6	20	10	3	28
43	1	14	7	20	10	3	13
43	1	14	8	20	10	3	21
43	1	14	9	20	10	3	42
43	1	16	0	20	10	3	13
43	1	16	1	20	10	3	21
43	1	16	2	20	10	3	42
43	1	16	3	20	10	3	inf
43	1	16	4	20	10	3	inf
43	1	16	5	20	10	3	22
43	1	16	6	20	10	3	30
43	1	16	7	20	10	3	15
43	1	16	8	20	10	3	0
43	1	16	9	20	10	3	28
43	1	18	0	20	10	3	15
43	1	18	1	20	10	3	0
43	1	18	2	20	10	3	28
43	1	18	3	20	10	3	13
43	1	18	4	20	10	3	21
43	1	18	5	20	10	3	42
43	1	18	6	20	10	3	inf
43	1	18	7	20	10	3	inf
43	1	18	8	20	10	3	22
43	1	18	9	20	10	3	30
43	2	0	0	20	10	3	42
43	2	0	1	20	10	3	21
43	2	0	2	20	10	3	inf
43	2	0	3	20	10	3	28
43	2	0	4	20	10	3	0
43	2	0	5	20	10	3	15
43	2	0	6	20	10	3	30
43	2	0	7	20	10	3	22
43	2	0	8	20	10	3	1
43	2	0	9	20	10	3	inf
43	2	2	0	20	10	3	22
43	2	2	1	20	10	3	1
43	2	2	2	20	10	3	inf
43	2	2	3	20	10	3	42
43	2	2	4	20	10	3	21
43	2	2	5	20	10	3	inf
43	2	2	6	20	10	3	28
43	2	2	7	20	10	3	0
43	2	2	8	20	10	3	15
43	2	2	9	20	10	3	30
43	2	4	0	20	10	3	0
43	2	4	1	20	10	3	15
43	2	4	2	20	10	3	30
43	2	4	3	20	10	3	22
43	2	4	4	20	10	3	1
43	2	4	5	20	10	3	inf
43	2	4	6	20	10	3	42
43	2	4	7	20	10	3	21
43	2	4	8	20	10	3	inf
43	2	4	9	20	10	3	28
43	2	6	0	20	10	3	21
43	2	6	1	20	10	3	inf
43	2	6	2	20	10	3	28
43	2	6	3	20	10	3	0
43	2	6	4	20	10	3	15
43	2	6	5	20	10	3	30
43	2	6	6	20	10	3	22
43	2	6	7	20	10	3	1
43	2	6	8	20	10	3	inf
43	2	6	9	20	10	3	42
43	2	8	0	20	10	3	1
43	2	8	1	20	10	3	inf
43	2	8	2	20	10	3	42
43	2	8	3	20	10	3	21
43	2	8	4	20	10	3	inf
43	2	8	5	20	10	3	28
43	2	8	6	20	10	3	0
43	2	8	7	20	10	3	15
43	2	8	8	20	10	3	30
43	2	8	9	20	10	3	22
43	2	10	0	20	10	3	15
43	2	10	1	20	10	3	30
43	2	10	2	20	10	3	22
43	2	10	3	20	10	3	1
43	2	10	4	20	10	3	inf
43	2	10	5	20	10	3	42
43	2	10	6	20	10	3	21
43	2	10	7	20	10	3	inf
43	2	10	8	20	10	3	28
43	2	10	9	20	10	3	0
43	2	12	0	20	10	3	inf
43	2	12	1	20	10	3	28
43	2	12	2	20	10	3	0
43	2	12	3	20	10	3	15
43	2	12	4	20	10	3	30
43	2	12	5	20	10	3	22
43	2	12	6	20	10	3	1
43	2	12	7	20	10	3	inf
43	2	12	8	20	10	3	42
43	2	12	9	20	10	3	21
43	2	14	0	20	10	3	inf
43	2	14	1	20	10	3	42
43	2	14	2	20	10	3	21
43	2	14	3	20	10	3	inf
43	2	14	4	20	10	3	28
43	2	14	5	20	10	3	0
43	2	14	6	20	10	3	15
43	2	14	7	20	10	3	30
43	2	14	8	20	10	3	22
43	2	14	9	20	10	3	1
43	2	16	0	20	10	3	30
43	2	16	1	20	10	3	22
43	2	16	2	20	10	3	1
43	2	16	3	20	10	3	inf
43	2	16	4	20	10	3	42
43	2	16	5	20	10	3	21
43	2	16	6	20	10	3	inf
43	2	16	7	20	10	3	28
43	2	16	8	20	10	3	0
43	2	16	9	20	10	3	15
43	2	18	0	20	10	3	28
43	2	18	1	20	10	3	0
43	2	18	2	20	10	3	15
43	2	18	3	20	10	3	30
43	2	18	4	20	10	3	22
43	2	18	5	20	10	3	1
43	2	18	6	20	10	3	inf
43	2	18	7	20	10	3	42
43	2	18	8	20	10	3	21
43	2	18	9	20	10	3	inf
47	1	0	0	20	2	3	inf
47	1	6	0	20	2	3	23
47	1	6	1	20	2	3	17
47	1	8	0	20	2	3	inf
47	1	16	0	20	2	3	30
47	1	16	1	20	2	3	24
47	2	6	0	20	2	3	24
47	2	6	1	20	2	3	30
47	2	10	1	20	2	3	inf
47	2	16	0	20	2	3	17
47	2	16	1	20	2	3	23
47	2	18	1	20	2	3	inf
79	1	0	0	6	12	3	inf
79	1	0	3	6	12	3	29
79	1	0	9	6	12	3	50
79	1	1	11	6	12	3	inf
79	1	2	4	6	12	3	29
79	1	2	10	6	12	3	50
79	1	3	3	6	12	3	50
79	1	3	6	6	12	3	inf
79	1	3	9	6	12	3	29
79	1	4	5	6	12	3	inf
79	1	5	4	6	12	3	50
79	1	5	10	6	12	3	29
79	2	0	3	6	12	3	50
79	2	0	6	6	12	3	inf
79	2	0	9	6	12	3	29
79	2	1	5	6	12	3	inf
79	2	2	4	6	12	3	50
79	2	2	10	6	12	3	29
79	2	3	0	6	12	3	inf
79	2	3	3	6	12	3	29
79	2	3	9	6	12	3	50
79	2	4	11	6	12	3	inf
79	2	5	4	6	12	3	29
79	2	5	10	6	12	3	50
89	1	0	0	21	3	3	inf
89	1	1	2	21	3	3	inf
89	1	7	1	21	3	3	inf
89	1	8	0	21	3	3	inf
89	1	14	2	21	3	3	inf
89	1	15	1	21	3	3	inf
89	2	1	2	21	3	3	inf
89	2	5	0	21	3	3	inf
89	2	8	0	21	3	3	inf
89	2	12	1	21	3	3	inf
89	2	15	1	21	3	3	inf
89	2	19	2	21	3	3	inf
23	1	0	0	12	2	3	inf
23	1	0	1	12	2	2	10
23	1	2	0	12	2	2	13
23	1	2	1	12	2	2	22
23	1	4	0	12	2	3	inf
23	1	4	1	12	2	3	12
23	1	6	0	12	2	2	13
23	1	6	1	12	2	2	22
23	1	8	0	12	2	2	1
23	1	8	1	12	2	2	10
23	1	10	0	12	2	3	11
23	1	10	1	12	2	3	3
23	2	0	0	12	2	2	22
23	2	0	1	12	2	2	13
23	2	2	0	12	2	2	10
23	2	2	1	12	2	2	1
23	2	4	0	12	2	3	3
23	2	4	1	12	2	3	11
23	2	6	0	12	2	2	10
23	2	6	1	12	2	3	inf
23	2	8	0	12	2	2	22
23	2	8	1	12	2	2	13
23	2	10	0	12	2	3	12
23	2	10	1	12	2	3	inf
31	1	0	0	8	16	3	inf
31	1	0	3	8	16	3	inf
31	1	0	5	8	16	2	30
31	1	0	8	8	16	2	30
31	1	0	13	8	16	2	1
31	1	2	1	8	16	2	30
31	1	2	4	8	16	2	30
31	1	2	9	8	16	2	1
31	1	2	12	8	16	3	inf
31	1	2	15	8	16	3	inf
31	1	4	0	8	16	2	30
31	1	4	5	8	16	2	1
31	1	4	8	8	16	3	inf
31	1	4	11	8	16	3	inf
31	1	4	13	8	16	2	30
31	1	6	1	8	16	2	1
31	1	6	4	8	16	3	inf
31	1	6	7	8	16	3	inf
31	1	6	9	8	16	2	30
31	1	6	12	8	16	2	30
31	2	0	0	8	16	2	30
31	2	0	5	8	16	2	1
31	2	0	8	8	16	3	inf
31	2	0	11	8	16	3	inf
31	2	0	13	8	16	2	30
31	2	2	1	8	16	2	1
31	2	2	4	8	16	3	inf
31	2	2	7	8	16	3	inf
31	2	2	9	8	16	2	30
31	2	2	12	8	16	2	30
31	2	4	0	8	16	3	inf
31	2	4	3	8	16	3	inf
31	2	4	5	8	16	2	30
31	2	4	8	8	16	2	30
31	2	4	13	8	16	2	1
31	2	6	1	8	16	2	30
31	2	6	4	8	16	2	30
31	2	6	9	8	16	2	1
31	2	6	12	8	16	3	inf
31	2	6	15	8	16	3	inf
37	1	0	0	48	12	3	inf
37	1	0	3	48	12	3	24
37	1	0	9	48	12	3	13
37	1	1	0	48	12	2	35
37	1	1	1	48	12	2	2
37	1	1	6	48	12	2	2
37	1	1	7	48	12	2	35
37	1	2	4	48	12	3	24
37	1	2	6	48	12	3	inf
37	1	2	10	48	12	3	13
37	1	3	1	48	12	3	0
37	1	3	7	48	12	3	0
37	1	4	1	48	12	3	inf
37	1	4	4	48	12	3	24
37	1	4	10	48	12	3	13
37	1	5	1	48	12	2	35
37	1	5	2	48	12	2	2
37	1	5	7	48	12	2	2
37	1	5	8	48	12	2	35
37	1	6	5	48	12	3	24
37	1	6	7	48	12	3	inf
37	1	6	11	48	12	3	13
37	1	7	2	48	12	3	0
37	1	7	8	48	12	3	0
37	1	8	2	48	12	3	inf
37	1	8	5	48	12	3	24
37	1	8	11	48	12	3	13
37	1	9	2	48	12	2	35
37	1	9	3	48	12	2	2
37	1	9	8	48	12	2	2
37	1	9	9	48	12	2	35
37	1	10	0	48	12	3	13
37	1	10	6	48	12	3	24
37	1	10	8	48	12	3	inf
37	1	11	3	48	12	3	0
37	1	11	9	48	12	3	0
37	1	12	0	48	12	3	13
37	1	12	3	48	12	3	inf
37	1	12	6	48	12	3	24
37	1	13	3	48	12	2	35
37	1	13	4	48	12	2	2
37	1	13	9	48	12	2	2
37	1	13	10	48	12	2	35
37	1	14	1	48	12	3	13
37	1	14	7	48	12	3	24
37	1	14	9	48	12	3	inf
37	1	15	4	48	12	3	0
37	1	15	10	48	12	3	0
37	1	16	1	48	12	3	13
37	1	16	4	48	12	3	inf
37	1	16	7	48	12	3	24
37	1	17	4	48	12	2	35
37	1	17	5	48	12	2	2
37	1	17	10	48	12	2	2
37	1	17	11	48	12	2	35
37	1	18	2	48	12	3	13
37	1	18	8	48	12	3	24
37	1	18	10	48	12	3	inf
37	1	19	5	48	12	3	0
37	1	19	11	48	12	3	0
37	1	20	2	48	12	3	13
37	1	20	5	48	12	3	inf
37	1	20	8	48	12	3	24
37	1	21	0	48	12	2	35
37	1	21	5	48	12	2	35
37	1	21	6	48	12	2	2
37	1	21	11	48	12	2	2
37	1	22	3	48	12	3	13
37	1	22	9	48	12	3	24
37	1	22	11	48	12	3	inf
37	1	23	0	48	12	3	0
37	1	23	6	48	12	3	0
37	1	24	3	48	12	3	13
37	1	24	6	48	12	3	inf
37	1	24	9	48	12	3	24
37	1	25	0	48	12	2	2
37	1	25	1	48	12	2	35
37	1	25	6	48	12	2	35
37	1	25	7	48	12	2	2
37	1	26	0	48	12	3	inf
37	1	26	4	48	12	3	13
37	1	26	10	48	12	3	24
37	1	27	1	48	12	3	0
37	1	27	7	48	12	3	0
37	1	28	4	48	12	3	13
37	1	28	7	48	12	3	inf
37	1	28	10	48	12	3	24
37	1	29	1	48	12	2	2
37	1	29	2	48	12	2	35
37	1	29	7	48	12	2	35
37	1	29	8	48	12	2	2
37	1	30	1	48	12	3	inf
37	1	30	5	48	12	3	13
37	1	30	11	48	12	3	24
37	1	31	2	48	12	3	0
37	1	31	8	48	12	3	0
37	1	32	5	48	12	3	13
37	1	32	8	48	12	3	inf
37	1	32	11	48	12	3	24
37	1	33	2	48	12	2	2
37	1	33	3	48	12	2	35
37	1	33	8	48	12	2	35
37	1	33	9	48	12	2	2
37	1	34	0	48	12	3	24
37	1	34	2	48	12	3	inf
37	1	34	6	48	12	3	13
37	1	35	3	48	12	3	0
37	1	35	9	48	12	3	0
37	1	36	0	48	12	3	24
37	1	36	6	48	12	3	13
37	1	36	9	48	12	3	inf
37	1	37	3	48	12	2	2
37	1	37	4	48	12	2	35
37	1	37	9	48	12	2	35
37	1	37	10	48	12	2	2
37	1	38	1	48	12	3	24
37	1	38	3	48	12	3	inf
37	1	38	7	48	12	3	13
37	1	39	4	48	12	3	0
37	1	39	10	48	12	3	0
37	1	40	1	48	12	3	24
37	1	40	7	48	12	3	13
37	1	40	10	48	12	3	inf
37	1	41	4	48	12	2	2
37	1	41	5	48	12	2	35
37	1	41	10	48	12	2	35
37	1	41	11	48	12	2	2
37	1	42	2	48	12	3	24
37	1	42	4	48	12	3	inf
37	1	42	8	48	12	3	13
37	1	43	5	48	12	3	0
37	1	43	11	48	12	3	0
37	1	44	2	48	12	3	24
37	1	44	8	48	12	3	13
37	1	44	11	48	12	3	inf
37	1	45	0	48	12	2	2
37	1	45	5	48	12	2	2
37	1	45	6	48	12	2	35
37	1	45	11	48	12	2	35
37	1	46	3	48	12	3	24
37	1	46	5	48	12	3	inf
37	1	46	9	48	12	3	13
37	1	47	0	48	12	3	0
37	1	47	6	48	12	3	0
37	2	0	3	48	12	3	13
37	2	0	6	48	12	3	inf
37	2	0	9	48	12	3	24
37	2	1	0	48	12	2	2
37	2	1	1	48	12	2	35
37	2	1	6	48	12	2	35
37	2	1	7	48	12	2	2
37	2	2	0	48	12	3	inf
37	2	2	4	48	12	3	13
37	2	2	10	48	12	3	24
37	2	3	1	48	12	3	0
37	2	3	7	48	12	3	0
37	2	4	4	48	12	3	13
37	2	4	7	48	12	3	inf
37	2	4	10	48	12	3	24
37	2	5	1	48	12	2	2
37	2	5	2	48	12	2	35
37	2	5	7	48	12	2	35
37	2	5	8	48	12	2	2
37	2	6	1	48	12	3	inf
37	2	6	5	48	12	3	13
37	2	6	11	48	12	3	24
37	2	7	2	48	12	3	0
37	2	7	8	48	12	3	0
37	2	8	5	48	12	3	13
37	2	8	8	48	12	3	inf
37	2	8	11	48	12	3	24
37	2	9	2	48	12	2	2
37	2	9	3	48	12	2	35
37	2	9	8	48	12	2	35
37	2	9	9	48	12	2	2
37	2	10	0	48	12	3	24
37	2	10	2	48	12	3	inf
37	2	10	6	48	12	3	13
37	2	11	3	48	12	3	0
37	2	11	9	48	12	3	0
37	2	12	0	48	12	3	24
37	2	12	6	48	12	3	13
37	2	12	9	48	12	3	inf
37	2	13	3	48	12	2	2
37	2	13	4	48	12	2	35
37	2	13	9	48	12	2	35
37	2	13	10	48	12	2	2
37	2	14	1	48	12	3	24
37	2	14	3	48	12	3	inf
37	2	14	7	48	12	3	13
37	2	15	4	48	12	3	0
37	2	15	10	48	12	3	0
37	2	16	1	48	12	3	24
37	2	16	7	48	12	3	13
37	2	16	10	48	12	3	inf
37	2	17	4	48	12	2	2
37	2	17	5	48	12	2	35
37	2	17	10	48	12	2	35
37	2	17	11	48	12	2	2
37	2	18	2	48	12	3	24
37	2	18	4	48	12	3	inf
37	2	18	8	48	12	3	13
37	2	19	5	48	12	3	0
37	2	19	11	48	12	3	0
37	2	20	2	48	12	3	24
37	2	20	8	48	12	3	13
37	2	20	11	48	12	3	inf
37	2	21	0	48	12	2	2
37	2	21	5	48	12	2	2
37	2	21	6	48	12	2	35
37	2	21	11	48	12	2	35
37	2	22	3	48	12	3	24
37	2	22	5	48	12	3	inf
37	2	22	9	48	12	3	13
37	2	23	0	48	12	3	0
37	2	23	6	48	12	3	0
37	2	24	0	48	12	3	inf
37	2	24	3	48	12	3	24
37	2	24	9	48	12	3	13
37	2	25	0	48	12	2	35
37	2	25	1	48	12	2	2
37	2	25	6	48	12	2	2
37	2	25	7	48	12	2	35
37	2	26	4	48	12	3	24
37	2	26	6	48	12	3	inf
37	2	26	10	48	12	3	13
37	2	27	1	48	12	3	0
37	2	27	7	48	12	3	0
37	2	28	1	48	12	3	inf
37	2	28	4	48	12	3	24
37	2	28	10	48	12	3	13
37	2	29	1	48	12	2	35
37	2	29	2	48	12	2	2
37	2	29	7	48	12	2	2
37	2	29	8	48	12	2	35
37	2	30	5	48	12	3	24
37	2	30	7	48	12	3	inf
37	2	30	11	48	12	3	13
37	2	31	2	48	12	3	0
37	2	31	8	48	12	3	0
37	2	32	2	48	12	3	inf
37	2	32	5	48	12	3	24
37	2	32	11	48	12	3	13
37	2	33	2	48	12	2	35
37	2	33	3	48	12	2	2
37	2	33	8	48	12	2	2
37	2	33	9	48	12	2	35
37	2	34	0	48	12	3	13
37	2	34	6	48	12	3	24
37	2	34	8	48	12	3	inf
37	2	35	3	48	12	3	0
37	2	35	9	48	12	3	0
37	2	36	0	48	12	3	13
37	2	36	3	48	12	3	inf
37	2	36	6	48	12	3	24
37	2	37	3	48	12	2	35
37	2	37	4	48	12	2	2
37	2	37	9	48	12	2	2
37	2	37	10	48	12	2	35
37	2	38	1	48	12	3	13
37	2	38	7	48	12	3	24
37	2	38	9	48	12	3	inf
37	2	39	4	48	12	3	0
37	2	39	10	48	12	3	0
37	2	40	1	48	12	3	13
37	2	40	4	48	12	3	inf
37	2	40	7	48	12	3	24
37	2	41	4	48	12	2	35
37	2	41	5	48	12	2	2
37	2	41	10	48	12	2	2
37	2	41	11	48	12	2	35
37	2	42	2	48	12	3	13
37	2	42	8	48	12	3	24
37	2	42	10	48	12	3	inf
37	2	43	5	48	12	3	0
37	2	43	11	48	12	3	0
37	2	44	2	48	12	3	13
37	2	44	5	48	12	3	inf
37	2	44	8	48	12	3	24
37	2	45	0	48	12	2	35
37	2	45	5	48	12	2	35
37	2	45	6	48	12	2	2
37	2	45	11	48	12	2	2
37	2	46	3	48	12	3	13
37	2	46	9	48	12	3	24
37	2	46	11	48	12	3	inf
37	2	47	0	48	12	3	0
37	2	47	6	48	12	3	0
71	1	0	0	36	6	3	inf
71	1	0	3	36	6	2	70
71	1	1	0	36	6	2	55
71	1	1	1	36	6	2	16
71	1	1	3	36	6	2	16
71	1	1	4	36	6	2	55
71	1	2	1	36	6	2	70
71	1	2	4	36	6	2	1
71	1	3	1	36	6	2	3
71	1	3	4	36	6	2	68
71	1	4	2	36	6	2	22
71	1	4	5	36	6	2	49
71	1	5	1	36	6	2	57
71	1	5	4	36	6	2	14
71	1	6	2	36	6	2	27
71	1	6	5	36	6	2	44
71	1	8	0	36	6	2	27
71	1	8	3	36	6	2	44
71	1	9	1	36	6	2	57
71	1	9	4	36	6	2	14
71	1	10	0	36	6	3	inf
71	1	10	3	36	6	2	49
71	1	11	1	36	6	2	3
71	1	11	4	36	6	2	68
71	1	12	1	36	6	2	70
71	1	12	4	36	6	3	inf
71	1	13	1	36	6	2	16
71	1	13	2	36	6	2	55
71	1	13	4	36	6	2	55
71	1	13	5	36	6	2	16
71	1	14	2	36	6	2	1
71	1	14	5	36	6	2	70
71	1	15	2	36	6	2	68
71	1	15	5	36	6	2	3
71	1	16	0	36	6	2	22
71	1	16	3	36	6	2	49
71	1	17	2	36	6	2	14
71	1	17	5	36	6	2	57
71	1	18	0	36	6	2	27
71	1	18	3	36	6	2	44
71	1	20	1	36	6	2	44
71	1	20	4	36	6	2	27
71	1	21	2	36	6	2	14
71	1	21	5	36	6	2	57
71	1	22	1	36	6	2	49
71	1	22	4	36	6	3	inf
71	1	23	2	36	6	2	68
71	1	23	5	36	6	2	3
71	1	24	2	36	6	3	inf
71	1	24	5	36	6	2	70
71	1	25	0	36	6	2	55
71	1	25	2	36	6	2	55
71	1	25	3	36	6	2	16
71	1	25	5	36	6	2	16
71	1	26	0	36	6	2	1
71	1	26	3	36	6	2	70
71	1	27	0	36	6	2	68
71	1	27	3	36	6	2	3
71	1	28	1	36	6	2	49
71	1	28	4	36	6	2	22
71	1	29	0	36	6	2	14
71	1	29	3	36	6	2	57
71	1	30	1	36	6	2	44
71	1	30	4	36	6	2	27
71	1	32	2	36	6	2	27
71	1	32	5	36	6	2	44
71	1	33	0	36	6	2	14
71	1	33	3	36	6	2	57
71	1	34	2	36	6	3	inf
71	1	34	5	36	6	2	49
71	1	35	0	36	6	2	68
71	1	35	3	36	6	2	3
71	2	0	0	36	6	2	70
71	2	0	3	36	6	3	inf
71	2	1	0	36	6	2	16
71	2	1	1	36	6	2	55
71	2	1	3	36	6	2	55
71	2	1	4	36	6	2	16
71	2	2	1	36	6	2	1
71	2	2	4	36	6	2	70
71	2	3	1	36	6	2	68
71	2	3	4	36	6	2	3
71	2	4	2	36	6	2	49
71	2	4	5	36	6	2	22
71	2	5	1	36	6	2	14
71	2	5	4	36	6	2	57
71	2	6	2	36	6	2	44
71	2	6	5	36	6	2	27
71	2	8	0	36	6	2	44
71	2	8	3	36	6	2	27
71	2	9	1	36	6	2	14
71	2	9	4	36	6	2	57
71	2	10	0	36	6	2	49
71	2	10	3	36	6	3	inf
71	2	11	1	36	6	2	68
71	2	11	4	36	6	2	3
71	2	12	1	36	6	3	inf
71	2	12	4	36	6	2	70
71	2	13	1	36	6	2	55
71	2	13	2	36	6	2	16
71	2	13	4	36	6	2	16
71	2	13	5	36	6	2	55
71	2	14	2	36	6	2	70
71	2	14	5	36	6	2	1
71	2	15	2	36	6	2	3
71	2	15	5	36	6	2	68
71	2	16	0	36	6	2	49
71	2	16	3	36	6	2	22
71	2	17	2	36	6	2	57
71	2	17	5	36	6	2	14
71	2	18	0	36	6	2	44
71	2	18	3	36	6	2	27
71	2	20	1	36	6	2	27
71	2	20	4	36	6	2	44
71	2	21	2	36	6	2	57
71	2	21	5	36	6	2	14
71	2	22	1	36	6	3	inf
71	2	22	4	36	6	2	49
71	2	23	2	36	6	2	3
71	2	23	5	36	6	2	68
71	2	24	2	36	6	2	70
71	2	24	5	36	6	3	inf
71	2	25	0	36	6	2	16
71	2	25	2	36	6	2	16
71	2	25	3	36	6	2	55
71	2	25	5	36	6	2	55
71	2	26	0	36	6	2	70
71	2	26	3	36	6	2	1
71	2	27	0	36	6	2	3
71	2	27	3	36	6	2	68
71	2	28	1	36	6	2	22
71	2	28	4	36	6	2	49
71	2	29	0	36	6	2	57
71	2	29	3	36	6	2	14
71	2	30	1	36	6	2	27
71	2	30	4	36	6	2	44
71	2	32	2	36	6	2	44
71	2	32	5	36	6	2	27
71	2	33	0	36	6	2	57
71	2	33	3	36	6	2	14
71	2	34	2	36	6	2	49
71	2	34	5	36	6	3	inf
71	2	35	0	36	6	2	3
71	2	35	3	36	6	2	68
103	1	0	0	12	16	3	inf
103	1	0	2	12	16	2	14
103	1	0	10	12	16	2	89
103	1	2	7	12	16	2	14
103	1	2	15	12	16	2	89
103	1	4	0	12	16	2	34
103	1	4	1	12	16	2	34
103	1	4	2	12	16	2	13
103	1	4	7	12	16	2	90
103	1	4	8	12	16	2	69
103	1	4	9	12	16	2	69
103	1	4	10	12	16	2	90
103	1	4	15	12	16	3	inf
103	1	6	2	12	16	2	89
103	1	6	8	12	16	3	inf
103	1	6	10	12	16	2	14
103	1	8	7	12	16	2	89
103	1	8	15	12	16	2	14
103	1	10	0	12	16	2	69
103	1	10	1	12	16	2	69
103	1	10	2	12	16	2	90
103	1	10	7	12	16	3	inf
103	1	10	8	12	16	2	34
103	1	10	9	12	16	2	34
103	1	10	10	12	16	2	13
103	1	10	15	12	16	2	90
103	2	0	2	12	16	2	89
103	2	0	8	12	16	3	inf
103	2	0	10	12	16	2	14
103	2	2	7	12	16	2	89
103	2	2	15	12	16	2	14
103	2	4	0	12	16	2	69
103	2	4	1	12	16	2	69
103	2	4	2	12	16	2	90
103	2	4	7	12	16	3	inf
103	2	4	8	12	16	2	34
103	2	4	9	12	16	2	34
103	2	4	10	12	16	2	13
103	2	4	15	12	16	2	90
103	2	6	0	12	16	3	inf
103	2	6	2	12	16	2	14
103	2	6	10	12	16	2	89
103	2	8	7	12	16	2	14
103	2	8	15	12	16	2	89
103	2	10	0	12	16	2	34
103	2	10	1	12	16	2	34
103	2	10	2	12	16	2	13
103	2	10	7	12	16	2	90
103	2	10	8	12	16	2	69
103	2	10	9	12	16	2	69
103	2	10	10	12	16	2	90
103	2	10	15	12	16	3	inf
107	1	0	0	60	15	3	inf
107	1	0	3	60	15	2	1
107	1	0	5	60	15	2	102
107	1	0	12	60	15	3	inf
107	1	0	13	60	15	2	102
107	1	1	0	60	15	2	60
107	1	1	1	60	15	2	47
107	1	1	8	60	15	3	0
107	1	2	1	60	15	2	106
107	1	2	3	60	15	2	5
107	1	2	11	60	15	2	5
107	1	2	13	60	15	2	106
107	1	3	6	60	15	3	0
107	1	3	13	60	15	2	47
107	1	3	14	60	15	2	60
107	1	4	1	60	15	2	102
107	1	4	8	60	15	3	inf
107	1	4	9	60	15	2	102
107	1	4	11	60	15	3	inf
107	1	4	14	60	15	2	1
107	1	5	4	60	15	3	0
107	1	5	11	60	15	2	60
107	1	5	12	60	15	2	47
107	1	6	7	60	15	2	5
107	1	6	9	60	15	2	106
107	1	6	12	60	15	2	106
107	1	6	14	60	15	2	5
107	1	7	2	60	15	3	0
107	1	7	9	60	15	2	47
107	1	7	10	60	15	2	60
107	1	8	4	60	15	3	inf
107	1	8	5	60	15	2	102
107	1	8	7	60	15	3	inf
107	1	8	10	60	15	2	1
107	1	8	12	60	15	2	102
107	1	9	0	60	15	3	0
107	1	9	7	60	15	2	60
107	1	9	8	60	15	2	47
107	1	10	3	60	15	2	5
107	1	10	5	60	15	2	106
107	1	10	8	60	15	2	106
107	1	10	10	60	15	2	5
107	1	11	5	60	15	2	47
107	1	11	6	60	15	2	60
107	1	11	13	60	15	3	0
107	1	12	0	60	15	3	inf
107	1	12	1	60	15	2	102
107	1	12	3	60	15	3	inf
107	1	12	6	60	15	2	1
107	1	12	8	60	15	2	102
107	1	13	3	60	15	2	60
107	1	13	4	60	15	2	47
107	1	13	11	60	15	3	0
107	1	14	1	60	15	2	106
107	1	14	4	60	15	2	106
107	1	14	6	60	15	2	5
107	1	14	14	60	15	2	5
107	1	15	1	60	15	2	47
107	1	15	2	60	15	2	60
107	1	15	9	60	15	3	0
107	1	16	2	60	15	2	1
107	1	16	4	60	15	2	102
107	1	16	11	60	15	3	inf
107	1	16	12	60	15	2	102
107	1	16	14	60	15	3	inf
107	1	17	0	60	15	2	47
107	1	17	7	60	15	3	0
107	1	17	14	60	15	2	60
107	1	18	0	60	15	2	106
107	1	18	2	60	15	2	5
107	1	18	10	60	15	2	5
107	1	18	12	60	15	2	106
107	1	19	5	60	15	3	0
107	1	19	12	60	15	2	47
107	1	19	13	60	15	2	60
107	1	20	0	60	15	2	102
107	1	20	7	60	15	3	inf
107	1	20	8	60	15	2	102
107	1	20	10	60	15	3	inf
107	1	20	13	60	15	2	1
107	1	21	3	60	15	3	0
107	1	21	10	60	15	2	60
107	1	21	11	60	15	2	47
107	1	22	6	60	15	2	5
107	1	22	8	60	15	2	106
107	1	22	11	60	15	2	106
107	1	22	13	60	15	2	5
107	1	23	1	60	15	3	0
107	1	23	8	60	15	2	47
107	1	23	9	60	15	2	60
107	1	24	3	60	15	3	inf
107	1	24	4	60	15	2	102
107	1	24	6	60	15	3	inf
107	1	24	9	60	15	2	1
107	1	24	11	60	15	2	102
107	1	25	6	60	15	2	60
107	1	25	7	60	15	2	47
107	1	25	14	60	15	3	0
107	1	26	2	60	15	2	5
107	1	26	4	60	15	2	106
107	1	26	7	60	15	2	106
107	1	26	9	60	15	2	5
107	1	27	4	60	15	2	47
107	1	27	5	60	15	2	60
107	1	27	12	60	15	3	0
107	1	28	0	60	15	2	102
107	1	28	2	60	15	3	inf
107	1	28	5	60	15	2	1
107	1	28	7	60	15	2	102
107	1	28	14	60	15	3	inf
107	1	29	2	60	15	2	60
107	1	29	3	60	15	2	47
107	1	29	10	60	15	3	0
107	1	30	0	60	15	2	106
107	1	30	3	60	15	2	106
107	1	30	5	60	15	2	5
107	1	30	13	60	15	2	5
107	1	31	0	60	15	2	47
107	1	31	1	60	15	2	60
107	1	31	8	60	15	3	0
107	1	32	1	60	15	2	1
107	1	32	3	60	15	2	102
107	1	32	10	60	15	3	inf
107	1	32	11	60	15	2	102
107	1	32	13	60	15	3	inf
107	1	33	6	60	15	3	0
107	1	33	13	60	15	2	60
107	1	33	14	60	15	2	47
107	1	34	1	60	15	2	5
107	1	34	9	60	15	2	5
107	1	34	11	60	15	2	106
107	1	34	14	60	15	2	106
107	1	35	4	60	15	3	0
107	1	35	11	60	15	2	47
107	1	35	12	60	15	2	60
107	1	36	6	60	15	3	inf
107	1	36	7	60	15	2	102
107	1	36	9	60	15	3	inf
107	1	36	12	60	15	2	1
107	1	36	14	60	15	2	102
107	1	37	2	60	15	3	0
107	1	37	9	60	15	2	60
107	1	37	10	60	15	2	47
107	1	38	5	60	15	2	5
107	1	38	7	60	15	2	106
107	1	38	10	60	15	2	106
107	1	38	12	60	15	2	5
107	1	39	0	60	15	3	0
107	1	39	7	60	15	2	47
107	1	39	8	60	15	2	60
107	1	40	2	60	15	3	inf
107	1	40	3	60	15	2	102
107	1	40	5	60	15	3	inf
107	1	40	8	60	15	2	1
107	1	40	10	60	15	2	102
107	1	41	5	60	15	2	60
107	1	41	6	60	15	2	47
107	1	41	13	60	15	3	0
107	1	42	1	60	15	2	5
107	1	42	3	60	15	2	106
107	1	42	6	60	15	2	106
107	1	42	8	60	15	2	5
107	1	43	3	60	15	2	47
107	1	43	4	60	15	2	60
107	1	43	11	60	15	3	0
107	1	44	1	60	15	3	inf
107	1	44	4	60	15	2	1
107	1	44	6	60	15	2	102
107	1	44	13	60	15	3	inf
107	1	44	14	60	15	2	102
107	1	45	1	60	15	2	60
107	1	45	2	60	15	2	47
107	1	45	9	60	15	3	0
107	1	46	2	60	15	2	106
107	1	46	4	60	15	2	5
107	1	46	12	60	15	2	5
107	1	46	14	60	15	2	106
107	1	47	0	60	15	2	60
107	1	47	7	60	15	3	0
107	1	47	14	60	15	2	47
107	1	48	0	60	15	2	1
107	1	48	2	60	15	2	102
107	1	48	9	60	15	3	inf
107	1	48	10	60	15	2	102
107	1	48	12	60	15	3	inf
107	1	49	5	60	15	3	0
107	1	49	12	60	15	2	60
107	1	49	13	60	15	2	47
107	1	50	0	60	15	2	5
107	1	50	8	60	15	2	5
107	1	50	10	60	15	2	106
107	1	50	13	60	15	2	106
107	1	51	3	60	15	3	0
107	1	51	10	60	15	2	47
107	1	51	11	60	15	2	60
107	1	52	5	60	15	3	inf
107	1	52	6	60	15	2	102
107	1	52	8	60	15	3	inf
107	1	52	11	60	15	2	1
107	1	52	13	60	15	2	102
107	1	53	1	60	15	3	0
107	1	53	8	60	15	2	60
107	1	53	9	60	15	2	47
107	1	54	4	60	15	2	5
107	1	54	6	60	15	2	106
107	1	54	9	60	15	2	106
107	1	54	11	60	15	2	5
107	1	55	6	60	15	2	47
107	1	55	7	60	15	2	60
107	1	55	14	60	15	3	0
107	1	56	1	60	15	3	inf
107	1	56	2	60	15	2	102
107	1	56	4	60	15	3	inf
107	1	56	7	60	15	2	1
107	1	56	9	60	15	2	102
107	1	57	4	60	15	2	60
107	1	57	5	60	15	2	47
107	1	57	12	60	15	3	0
107	1	58	0	60	15	2	5
107	1	58	2	60	15	2	106
107	1	58	5	60	15	2	106
107	1	58	7	60	15	2	5
107	1	59	2	60	15	2	47
107	1	59	3	60	15	2	60
107	1	59	10	60	15	3	0
107	2	0	0	60	15	2	106
107	2	0	3	60	15	2	106
107	2	0	5	60	15	2	5
107	2	0	13	60	15	2	5
107	2	1	0	60	15	2	47
107	2	1	1	60	15	2	60
107	2	1	8	60	15	3	0
107	2	2	1	60	15	2	1
107	2	2	3	60	15	2	102
107	2	2	10	60	15	3	inf
107	2	2	11	60	15	2	102
107	2	2	13	60	15	3	inf
107	2	3	6	60	15	3	0
107	2	3	13	60	15	2	60
107	2	3	14	60	15	2	47
107	2	4	1	60	15	2	5
107	2	4	9	60	15	2	5
107	2	4	11	60	15	2	106
107	2	4	14	60	15	2	106
107	2	5	4	60	15	3	0
107	2	5	11	60	15	2	47
107	2	5	12	60	15	2	60
107	2	6	6	60	15	3	inf
107	2	6	7	60	15	2	102
107	2	6	9	60	15	3	inf
107	2	6	12	60	15	2	1
107	2	6	14	60	15	2	102
107	2	7	2	60	15	3	0
107	2	7	9	60	15	2	60
107	2	7	10	60	15	2	47
107	2	8	5	60	15	2	5
107	2	8	7	60	15	2	106
107	2	8	10	60	15	2	106
107	2	8	12	60	15	2	5
107	2	9	0	60	15	3	0
107	2	9	7	60	15	2	47
107	2	9	8	60	15	2	60
107	2	10	2	60	15	3	inf
107	2	10	3	60	15	2	102
107	2	10	5	60	15	3	inf
107	2	10	8	60	15	2	1
107	2	10	10	60	15	2	102
107	2	11	5	60	15	2	60
107	2	11	6	60	15	2	47
107	2	11	13	60	15	3	0
107	2	12	1	60	15	2	5
107	2	12	3	60	15	2	106
107	2	12	6	60	15	2	106
107	2	12	8	60	15	2	5
107	2	13	3	60	15	2	47
107	2	13	4	60	15	2	60
107	2	13	11	60	15	3	0
107	2	14	1	60	15	3	inf
107	2	14	4	60	15	2	1
107	2	14	6	60	15	2	102
107	2	14	13	60	15	3	inf
107	2	14	14	60	15	2	102
107	2	15	1	60	15	2	60
107	2	15	2	60	15	2	47
107	2	15	9	60	15	3	0
107	2	16	2	60	15	2	106
107	2	16	4	60	15	2	5
107	2	16	12	60	15	2	5
107	2	16	14	60	15	2	106
107	2	17	0	60	15	2	60
107	2	17	7	60	15	3	0
107	2	17	14	60	15	2	47
107	2	18	0	60	15	2	1
107	2	18	2	60	15	2	102
107	2	18	9	60	15	3	inf
107	2	18	10	60	15	2	102
107	2	18	12	60	15	3	inf
107	2	19	5	60	15	3	0
107	2	19	12	60	15	2	60
107	2	19	13	60	15	2	47
107	2	20	0	60	15	2	5
107	2	20	8	60	15	2	5
107	2	20	10	60	15	2	106
107	2	20	13	60	15	2	106
107	2	21	3	60	15	3	0
107	2	21	10	60	15	2	47
107	2	21	11	60	15	2	60
107	2	22	5	60	15	3	inf
107	2	22	6	60	15	2	102
107	2	22	8	60	15	3	inf
107	2	22	11	60	15	2	1
107	2	22	13	60	15	2	102
107	2	23	1	60	15	3	0
107	2	23	8	60	15	2	60
107	2	23	9	60	15	2	47
107	2	24	4	60	15	2	5
107	2	24	6	60	15	2	106
107	2	24	9	60	15	2	106
107	2	24	11	60	15	2	5
107	2	25	6	60	15	2	47
107	2	25	7	60	15	2	60
107	2	25	14	60	15	3	0
107	2	26	1	60	15	3	inf
107	2	26	2	60	15	2	102
107	2	26	4	60	15	3	inf
107	2	26	7	60	15	2	1
107	2	26	9	60	15	2	102
107	2	27	4	60	15	2	60
107	2	27	5	60	15	2	47
107	2	27	12	60	15	3	0
107	2	28	0	60	15	2	5
107	2	28	2	60	15	2	106
107	2	28	5	60	15	2	106
107	2	28	7	60	15	2	5
107	2	29	2	60	15	2	47
107	2	29	3	60	15	2	60
107	2	29	10	60	15	3	0
107	2	30	0	60	15	3	inf
107	2	30	3	60	15	2	1
107	2	30	5	60	15	2	102
107	2	30	12	60	15	3	inf
107	2	30	13	60	15	2	102
107	2	31	0	60	15	2	60
107	2	31	1	60	15	2	47
107	2	31	8	60	15	3	0
107	2	32	1	60	15	2	106
107	2	32	3	60	15	2	5
107	2	32	11	60	15	2	5
107	2	32	13	60	15	2	106
107	2	33	6	60	15	3	0
107	2	33	13	60	15	2	47
107	2	33	14	60	15	2	60
107	2	34	1	60	15	2	102
107	2	34	8	60	15	3	inf
107	2	34	9	60	15	2	102
107	2	34	11	60	15	3	inf
107	2	34	14	60	15	2	1
107	2	35	4	60	15	3	0
107	2	35	11	60	15	2	60
107	2	35	12	60	15	2	47
107	2	36	7	60	15	2	5
107	2	36	9	60	15	2	106
107	2	36	12	60	15	2	106
107	2	36	14	60	15	2	5
107	2	37	2	60	15	3	0
107	2	37	9	60	15	2	47
107	2	37	10	60	15	2	60
107	2	38	4	60	15	3	inf
107	2	38	5	60	15	2	102
107	2	38	7	60	15	3	inf
107	2	38	10	60	15	2	1
107	2	38	12	60	15	2	102
107	2	39	0	60	15	3	0
107	2	39	7	60	15	2	60
107	2	39	8	60	15	2	47
107	2	40	3	60	15	2	5
107	2	40	5	60	15	2	106
107	2	40	8	60	15	2	106
107	2	40	10	60	15	2	5
107	2	41	5	60	15	2	47
107	2	41	6	60	15	2	60
107	2	41	13	60	15	3	0
107	2	42	0	60	15	3	inf
107	2	42	1	60	15	2	102
107	2	42	3	60	15	3	inf
107	2	42	6	60	15	2	1
107	2	42	8	60	15	2	102
107	2	43	3	60	15	2	60
107	2	43	4	60	15	2	47
107	2	43	11	60	15	3	0
107	2	44	1	60	15	2	106
107	2	44	4	60	15	2	106
107	2	44	6	60	15	2	5
107	2	44	14	60	15	2	5
107	2	45	1	60	15	2	47
107	2	45	2	60	15	2	60
107	2	45	9	60	15	3	0
107	2	46	2	60	15	2	1
107	2	46	4	60	15	2	102
107	2	46	11	60	15	3	inf
107	2	46	12	60	15	2	102
107	2	46	14	60	15	3	inf
107	2	47	0	60	15	2	47
107	2	47	7	60	15	3	0
107	2	47	14	60	15	2	60
107	2	48	0	60	15	2	106
107	2	48	2	60	15	2	5
107	2	48	10	60	15	2	5
107	2	48	12	60	15	2	106
107	2	49	5	60	15	3	0
107	2	49	12	60	15	2	47
107	2	49	13	60	15	2	60
107	2	50	0	60	15	2	102
107	2	50	7	60	15	3	inf
107	2	50	8	60	15	2	102
107	2	50	10	60	15	3	inf
107	2	50	13	60	15	2	1
107	2	51	3	60	15	3	0
107	2	51	10	60	15	2	60
107	2	51	11	60	15	2	47
107	2	52	6	60	15	2	5
107	2	52	8	60	15	2	106
107	2	52	11	60	15	2	106
107	2	52	13	60	15	2	5
107	2	53	1	60	15	3	0
107	2	53	8	60	15	2	47
107	2	53	9	60	15	2	60
107	2	54	3	60	15	3	inf
107	2	54	4	60	15	2	102
107	2	54	6	60	15	3	inf
107	2	54	9	60	15	2	1
107	2	54	11	60	15	2	102
107	2	55	6	60	15	2	60
107	2	55	7	60	15	2	47
107	2	55	14	60	15	3	0
107	2	56	2	60	15	2	5
107	2	56	4	60	15	2	106
107	2	56	7	60	15	2	106
107	2	56	9	60	15	2	5
107	2	57	4	60	15	2	47
107	2	57	5	60	15	2	60
107	2	57	12	60	15	3	0
107	2	58	0	60	15	2	102
107	2	58	2	60	15	3	inf
107	2	58	5	60	15	2	1
107	2	58	7	60	15	2	102
107	2	58	14	60	15	3	inf
107	2	59	2	60	15	2	60
107	2	59	3	60	15	2	47
107	2	59	10	60	15	3	0
139	1	0	0	72	36	3	inf
139	1	0	5	72	36	2	43
139	1	0	9	72	36	2	122
139	1	0	10	72	36	3	0
139	1	0	11	72	36	2	17
139	1	0	15	72	36	2	96
139	1	0	22	72	36	2	59
139	1	0	28	72	36	3	inf
139	1	0	34	72	36	2	80
139	1	1	0	72	36	2	40
139	1	1	1	72	36	2	99
139	1	1	8	72	36	2	27
139	1	1	10	72	36	2	101
139	1	1	13	72	36	2	44
139	1	1	24	72	36	2	95
139	1	1	27	72	36	2	38
139	1	1	29	72	36	2	112
139	1	2	3	72	36	2	59
139	1	2	9	72	36	3	inf
139	1	2	15	72	36	2	80
139	1	2	17	72	36	3	inf
139	1	2	22	72	36	2	43
139	1	2	26	72	36	2	122
139	1	2	27	72	36	3	0
139	1	2	28	72	36	2	17
139	1	2	32	72	36	2	96
139	1	3	5	72	36	2	95
139	1	3	8	72	36	2	38
139	1	3	10	72	36	2	112
139	1	3	17	72	36	2	40
139	1	3	18	72	36	2	99
139	1	3	25	72	36	2	27
139	1	3	27	72	36	2	101
139	1	3	30	72	36	2	44
139	1	4	3	72	36	2	43
139	1	4	7	72	36	2	122
139	1	4	8	72	36	3	0
139	1	4	9	72	36	2	17
139	1	4	13	72	36	2	96
139	1	4	20	72	36	2	59
139	1	4	26	72	36	3	inf
139	1	4	32	72	36	2	80
139	1	4	34	72	36	3	inf
139	1	5	6	72	36	2	27
139	1	5	8	72	36	2	101
139	1	5	11	72	36	2	44
139	1	5	22	72	36	2	95
139	1	5	25	72	36	2	38
139	1	5	27	72	36	2	112
139	1	5	34	72	36	2	40
139	1	5	35	72	36	2	99
139	1	6	1	72	36	2	59
139	1	6	7	72	36	3	inf
139	1	6	13	72	36	2	80
139	1	6	15	72	36	3	inf
139	1	6	20	72	36	2	43
139	1	6	24	72	36	2	122
139	1	6	25	72	36	3	0
139	1	6	26	72	36	2	17
139	1	6	30	72	36	2	96
139	1	7	3	72	36	2	95
139	1	7	6	72	36	2	38
139	1	7	8	72	36	2	112
139	1	7	15	72	36	2	40
139	1	7	16	72	36	2	99
139	1	7	23	72	36	2	27
139	1	7	25	72	36	2	101
139	1	7	28	72	36	2	44
139	1	8	1	72	36	2	43
139	1	8	5	72	36	2	122
139	1	8	6	72	36	3	0
139	1	8	7	72	36	2	17
139	1	8	11	72	36	2	96
139	1	8	18	72	36	2	59
139	1	8	24	72	36	3	inf
139	1	8	30	72	36	2	80
139	1	8	32	72	36	3	inf
139	1	9	4	72	36	2	27
139	1	9	6	72	36	2	101
139	1	9	9	72	36	2	44
139	1	9	20	72	36	2	95
139	1	9	23	72	36	2	38
139	1	9	25	72	36	2	112
139	1	9	32	72	36	2	40
139	1	9	33	72	36	2	99
139	1	10	5	72	36	3	inf
139	1	10	11	72	36	2	80
139	1	10	13	72	36	3	inf
139	1	10	18	72	36	2	43
139	1	10	22	72	36	2	122
139	1	10	23	72	36	3	0
139	1	10	24	72	36	2	17
139	1	10	28	72	36	2	96
139	1	10	35	72	36	2	59
139	1	11	1	72	36	2	95
139	1	11	4	72	36	2	38
139	1	11	6	72	36	2	112
139	1	11	13	72	36	2	40
139	1	11	14	72	36	2	99
139	1	11	21	72	36	2	27
139	1	11	23	72	36	2	101
139	1	11	26	72	36	2	44
139	1	12	3	72	36	2	122
139	1	12	4	72	36	3	0
139	1	12	5	72	36	2	17
139	1	12	9	72	36	2	96
139	1	12	16	72	36	2	59
139	1	12	22	72	36	3	inf
139	1	12	28	72	36	2	80
139	1	12	30	72	36	3	inf
139	1	12	35	72	36	2	43
139	1	13	2	72	36	2	27
139	1	13	4	72	36	2	101
139	1	13	7	72	36	2	44
139	1	13	18	72	36	2	95
139	1	13	21	72	36	2	38
139	1	13	23	72	36	2	112
139	1	13	30	72	36	2	40
139	1	13	31	72	36	2	99
139	1	14	3	72	36	3	inf
139	1	14	9	72	36	2	80
139	1	14	11	72	36	3	inf
139	1	14	16	72	36	2	43
139	1	14	20	72	36	2	122
139	1	14	21	72	36	3	0
139	1	14	22	72	36	2	17
139	1	14	26	72	36	2	96
139	1	14	33	72	36	2	59
139	1	15	2	72	36	2	38
139	1	15	4	72	36	2	112
139	1	15	11	72	36	2	40
139	1	15	12	72	36	2	99
139	1	15	19	72	36	2	27
139	1	15	21	72	36	2	101
139	1	15	24	72	36	2	44
139	1	15	35	72	36	2	95
139	1	16	1	72	36	2	122
139	1	16	2	72	36	3	0
139	1	16	3	72	36	2	17
139	1	16	7	72	36	2	96
139	1	16	14	72	36	2	59
139	1	16	20	72	36	3	inf
139	1	16	26	72	36	2	80
139	1	16	28	72	36	3	inf
139	1	16	33	72	36	2	43
139	1	17	0	72	36	2	27
139	1	17	2	72	36	2	101
139	1	17	5	72	36	2	44
139	1	17	16	72	36	2	95
139	1	17	19	72	36	2	38
139	1	17	21	72	36	2	112
139	1	17	28	72	36	2	40
139	1	17	29	72	36	2	99
139	1	18	1	72	36	3	inf
139	1	18	7	72	36	2	80
139	1	18	9	72	36	3	inf
139	1	18	14	72	36	2	43
139	1	18	18	72	36	2	122
139	1	18	19	72	36	3	0
139	1	18	20	72	36	2	17
139	1	18	24	72	36	2	96
139	1	18	31	72	36	2	59
139	1	19	0	72	36	2	38
139	1	19	2	72	36	2	112
139	1	19	9	72	36	2	40
139	1	19	10	72	36	2	99
139	1	19	17	72	36	2	27
139	1	19	19	72	36	2	101
139	1	19	22	72	36	2	44
139	1	19	33	72	36	2	95
139	1	20	0	72	36	3	0
139	1	20	1	72	36	2	17
139	1	20	5	72	36	2	96
139	1	20	12	72	36	2	59
139	1	20	18	72	36	3	inf
139	1	20	24	72	36	2	80
139	1	20	26	72	36	3	inf
139	1	20	31	72	36	2	43
139	1	20	35	72	36	2	122
139	1	21	0	72	36	2	101
139	1	21	3	72	36	2	44
139	1	21	14	72	36	2	95
139	1	21	17	72	36	2	38
139	1	21	19	72	36	2	112
139	1	21	26	72	36	2	40
139	1	21	27	72	36	2	99
139	1	21	34	72	36	2	27
139	1	22	5	72	36	2	80
139	1	22	7	72	36	3	inf
139	1	22	12	72	36	2	43
139	1	22	16	72	36	2	122
139	1	22	17	72	36	3	0
139	1	22	18	72	36	2	17
139	1	22	22	72	36	2	96
139	1	22	29	72	36	2	59
139	1	22	35	72	36	3	inf
139	1	23	0	72	36	2	112
139	1	23	7	72	36	2	40
139	1	23	8	72	36	2	99
139	1	23	15	72	36	2	27
139	1	23	17	72	36	2	101
139	1	23	20	72	36	2	44
139	1	23	31	72	36	2	95
139	1	23	34	72	36	2	38
139	1	24	3	72	36	2	96
139	1	24	10	72	36	2	59
139	1	24	16	72	36	3	inf
139	1	24	22	72	36	2	80
139	1	24	24	72	36	3	inf
139	1	24	29	72	36	2	43
139	1	24	33	72	36	2	122
139	1	24	34	72	36	3	0
139	1	24	35	72	36	2	17
139	1	25	1	72	36	2	44
139	1	25	12	72	36	2	95
139	1	25	15	72	36	2	38
139	1	25	17	72	36	2	112
139	1	25	24	72	36	2	40
139	1	25	25	72	36	2	99
139	1	25	32	72	36	2	27
139	1	25	34	72	36	2	101
139	1	26	3	72	36	2	80
139	1	26	5	72	36	3	inf
139	1	26	10	72	36	2	43
139	1	26	14	72	36	2	122
139	1	26	15	72	36	3	0
139	1	26	16	72	36	2	17
139	1	26	20	72	36	2	96
139	1	26	27	72	36	2	59
139	1	26	33	72	36	3	inf
139	1	27	5	72	36	2	40
139	1	27	6	72	36	2	99
139	1	27	13	72	36	2	27
139	1	27	15	72	36	2	101
139	1	27	18	72	36	2	44
139	1	27	29	72	36	2	95
139	1	27	32	72	36	2	38
139	1	27	34	72	36	2	112
139	1	28	1	72	36	2	96
139	1	28	8	72	36	2	59
139	1	28	14	72	36	3	inf
139	1	28	20	72	36	2	80
139	1	28	22	72	36	3	inf
139	1	28	27	72	36	2	43
139	1	28	31	72	36	2	122
139	1	28	32	72	36	3	0
139	1	28	33	72	36	2	17
139	1	29	10	72	36	2	95
139	1	29	13	72	36	2	38
139	1	29	15	72	36	2	112
139	1	29	22	72	36	2	40
139	1	29	23	72	36	2	99
139	1	29	30	72	36	2	27
139	1	29	32	72	36	2	101
139	1	29	35	72	36	2	44
139	1	30	1	72	36	2	80
139	1	30	3	72	36	3	inf
139	1	30	8	72	36	2	43
139	1	30	12	72	36	2	122
139	1	30	13	72	36	3	0
139	1	30	14	72	36	2	17
139	1	30	18	72	36	2	96
139	1	30	25	72	36	2	59
139	1	30	31	72	36	3	inf
139	1	31	3	72	36	2	40
139	1	31	4	72	36	2	99
139	1	31	11	72	36	2	27
139	1	31	13	72	36	2	101
139	1	31	16	72	36	2	44
139	1	31	27	72	36	2	95
139	1	31	30	72	36	2	38
139	1	31	32	72	36	2	112
139	1	32	6	72	36	2	59
139	1	32	12	72	36	3	inf
139	1	32	18	72	36	2	80
139	1	32	20	72	36	3	inf
139	1	32	25	72	36	2	43
139	1	32	29	72	36	2	122
139	1	32	30	72	36	3	0
139	1	32	31	72	36	2	17
139	1	32	35	72	36	2	96
139	1	33	8	72	36	2	95
139	1	33	11	72	36	2	38
139	1	33	13	72	36	2	112
139	1	33	20	72	36	2	40
139	1	33	21	72	36	2	99
139	1	33	28	72	36	2	27
139	1	33	30	72	36	2	101
139	1	33	33	72	36	2	44
139	1	34	1	72	36	3	inf
139	1	34	6	72	36	2	43
139	1	34	10	72	36	2	122
139	1	34	11	72	36	3	0
139	1	34	12	72	36	2	17
139	1	34	16	72	36	2	96
139	1	34	23	72	36	2	59
139	1	34	29	72	36	3	inf
139	1	34	35	72	36	2	80
139	1	35	1	72	36	2	40
139	1	35	2	72	36	2	99
139	1	35	9	72	36	2	27
139	1	35	11	72	36	2	101
139	1	35	14	72	36	2	44
139	1	35	25	72	36	2	95
139	1	35	28	72	36	2	38
139	1	35	30	72	36	2	112
139	1	36	4	72	36	2	59
139	1	36	10	72	36	3	inf
139	1	36	16	72	36	2	80
139	1	36	18	72	36	3	inf
139	1	36	23	72	36	2	43
139	1	36	27	72	36	2	122
139	1	36	28	72	36	3	0
139	1	36	29	72	36	2	17
139	1	36	33	72	36	2	96
139	1	37	6	72	36	2	95
139	1	37	9	72	36	2	38
139	1	37	11	72	36	2	112
139	1	37	18	72	36	2	40
139	1	37	19	72	36	2	99
139	1	37	26	72	36	2	27
139	1	37	28	72	36	2	101
139	1	37	31	72	36	2	44
139	1	38	4	72	36	2	43
139	1	38	8	72	36	2	122
139	1	38	9	72	36	3	0
139	1	38	10	72	36	2	17
139	1	38	14	72	36	2	96
139	1	38	21	72	36	2	59
139	1	38	27	72	36	3	inf
139	1	38	33	72	36	2	80
139	1	38	35	72	36	3	inf
139	1	39	0	72	36	2	99
139	1	39	7	72	36	2	27
139	1	39	9	72	36	2	101
139	1	39	12	72	36	2	44
139	1	39	23	72	36	2	95
139	1	39	26	72	36	2	38
139	1	39	28	72	36	2	112
139	1	39	35	72	36	2	40
139	1	40	2	72	36	2	59
139	1	40	8	72	36	3	inf
139	1	40	14	72	36	2	80
139	1	40	16	72	36	3	inf
139	1	40	21	72	36	2	43
139	1	40	25	72	36	2	122
139	1	40	26	72	36	3	0
139	1	40	27	72	36	2	17
139	1	40	31	72	36	2	96
139	1	41	4	72	36	2	95
139	1	41	7	72	36	2	38
139	1	41	9	72	36	2	112
139	1	41	16	72	36	2	40
139	1	41	17	72	36	2	99
139	1	41	24	72	36	2	27
139	1	41	26	72	36	2	101
139	1	41	29	72	36	2	44
139	1	42	2	72	36	2	43
139	1	42	6	72	36	2	122
139	1	42	7	72	36	3	0
139	1	42	8	72	36	2	17
139	1	42	12	72	36	2	96
139	1	42	19	72	36	2	59
139	1	42	25	72	36	3	inf
139	1	42	31	72	36	2	80
139	1	42	33	72	36	3	inf
139	1	43	5	72	36	2	27
139	1	43	7	72	36	2	101
139	1	43	10	72	36	2	44
139	1	43	21	72	36	2	95
139	1	43	24	72	36	2	38
139	1	43	26	72	36	2	112
139	1	43	33	72	36	2	40
139	1	43	34	72	36	2	99
139	1	44	0	72	36	2	59
139	1	44	6	72	36	3	inf
139	1	44	12	72	36	2	80
139	1	44	14	72	36	3	inf
139	1	44	19	72	36	2	43
139	1	44	23	72	36	2	122
139	1	44	24	72	36	3	0
139	1	44	25	72	36	2	17
139	1	44	29	72	36	2	96
139	1	45	2	72	36	2	95
139	1	45	5	72	36	2	38
139	1	45	7	72	36	2	112
139	1	45	14	72	36	2	40
139	1	45	15	72	36	2	99
139	1	45	22	72	36	2	27
139	1	45	24	72	36	2	101
139	1	45	27	72	36	2	44
139	1	46	0	72	36	2	43
139	1	46	4	72	36	2	122
139	1	46	5	72	36	3	0
139	1	46	6	72	36	2	17
139	1	46	10	72	36	2	96
139	1	46	17	72	36	2	59
139	1	46	23	72	36	3	inf
139	1	46	29	72	36	2	80
139	1	46	31	72	36	3	inf
139	1	47	3	72	36	2	27
139	1	47	5	72	36	2	101
139	1	47	8	72	36	2	44
139	1	47	19	72	36	2	95
139	1	47	22	72	36	2	38
139	1	47	24	72	36	2	112
139	1	47	31	72	36	2	40
139	1	47	32	72	36	2	99
139	1	48	4	72	36	3	inf
139	1	48	10	72	36	2	80
139	1	48	12	72	36	3	inf
139	1	48	17	72	36	2	43
139	1	48	21	72	36	2	122
139	1	48	22	72	36	3	0
139	1	48	23	72	36	2	17
139	1	48	27	72	36	2	96
139	1	48	34	72	36	2	59
139	1	49	0	72	36	2	95
139	1	49	3	72	36	2	38
139	1	49	5	72	36	2	112
139	1	49	12	72	36	2	40
139	1	49	13	72	36	2	99
139	1	49	20	72	36	2	27
139	1	49	22	72	36	2	101
139	1	49	25	72	36	2	44
139	1	50	2	72	36	2	122
139	1	50	3	72	36	3	0
139	1	50	4	72	36	2	17
139	1	50	8	72	36	2	96
139	1	50	15	72	36	2	59
139	1	50	21	72	36	3	inf
139	1	50	27	72	36	2	80
139	1	50	29	72	36	3	inf
139	1	50	34	72	36	2	43
139	1	51	1	72	36	2	27
139	1	51	3	72	36	2	101
139	1	51	6	72	36	2	44
139	1	51	17	72	36	2	95
139	1	51	20	72	36	2	38
139	1	51	22	72	36	2	112
139	1	51	29	72	36	2	40
139	1	51	30	72	36	2	99
139	1	52	2	72	36	3	inf
139	1	52	8	72	36	2	80
139	1	52	10	72	36	3	inf
139	1	52	15	72	36	2	43
139	1	52	19	72	36	2	122
139	1	52	20	72	36	3	0
139	1	52	21	72	36	2	17
139	1	52	25	72	36	2	96
139	1	52	32	72	36	2	59
139	1	53	1	72	36	2	38
139	1	53	3	72	36	2	112
139	1	53	10	72	36	2	40
139	1	53	11	72	36	2	99
139	1	53	18	72	36	2	27
139	1	53	20	72	36	2	101
139	1	53	23	72	36	2	44
139	1	53	34	72	36	2	95
139	1	54	0	72	36	2	122
139	1	54	1	72	36	3	0
139	1	54	2	72	36	2	17
139	1	54	6	72	36	2	96
139	1	54	13	72	36	2	59
139	1	54	19	72	36	3	inf
139	1	54	25	72	36	2	80
139	1	54	27	72	36	3	inf
139	1	54	32	72	36	2	43
139	1	55	1	72	36	2	101
139	1	55	4	72	36	2	44
139	1	55	15	72	36	2	95
139	1	55	18	72	36	2	38
139	1	55	20	72	36	2	112
139	1	55	27	72	36	2	40
139	1	55	28	72	36	2	99
139	1	55	35	72	36	2	27
139	1	56	0	72	36	3	inf
139	1	56	6	72	36	2	80
139	1	56	8	72	36	3	inf
139	1	56	13	72	36	2	43
139	1	56	17	72	36	2	122
139	1	56	18	72	36	3	0
139	1	56	19	72	36	2	17
139	1	56	23	72	36	2	96
139	1	56	30	72	36	2	59
139	1	57	1	72	36	2	112
139	1	57	8	72	36	2	40
139	1	57	9	72	36	2	99
139	1	57	16	72	36	2	27
139	1	57	18	72	36	2	101
139	1	57	21	72	36	2	44
139	1	57	32	72	36	2	95
139	1	57	35	72	36	2	38
139	1	58	0	72	36	2	17
139	1	58	4	72	36	2	96
139	1	58	11	72	36	2	59
139	1	58	17	72	36	3	inf
139	1	58	23	72	36	2	80
139	1	58	25	72	36	3	inf
139	1	58	30	72	36	2	43
139	1	58	34	72	36	2	122
139	1	58	35	72	36	3	0
139	1	59	2	72	36	2	44
139	1	59	13	72	36	2	95
139	1	59	16	72	36	2	38
139	1	59	18	72	36	2	112
139	1	59	25	72	36	2	40
139	1	59	26	72	36	2	99
139	1	59	33	72	36	2	27
139	1	59	35	72	36	2	101
139	1	60	4	72	36	2	80
139	1	60	6	72	36	3	inf
139	1	60	11	72	36	2	43
139	1	60	15	72	36	2	122
139	1	60	16	72	36	3	0
139	1	60	17	72	36	2	17
139	1	60	21	72	36	2	96
139	1	60	28	72	36	2	59
139	1	60	34	72	36	3	inf
139	1	61	6	72	36	2	40
139	1	61	7	72	36	2	99
139	1	61	14	72	36	2	27
139	1	61	16	72	36	2	101
139	1	61	19	72	36	2	44
139	1	61	30	72	36	2	95
139	1	61	33	72	36	2	38
139	1	61	35	72	36	2	112
139	1	62	2	72	36	2	96
139	1	62	9	72	36	2	59
139	1	62	15	72	36	3	inf
139	1	62	21	72	36	2	80
139	1	62	23	72	36	3	inf
139	1	62	28	72	36	2	43
139	1	62	32	72	36	2	122
139	1	62	33	72	36	3	0
139	1	62	34	72	36	2	17
139	1	63	0	72	36	2	44
139	1	63	11	72	36	2	95
139	1	63	14	72	36	2	38
139	1	63	16	72	36	2	112
139	1	63	23	72	36	2	40
139	1	63	24	72	36	2	99
139	1	63	31	72	36	2	27
139	1	63	33	72	36	2	101
139	1	64	2	72	36	2	80
139	1	64	4	72	36	3	inf
139	1	64	9	72	36	2	43
139	1	64	13	72	36	2	122
139	1	64	14	72	36	3	0
139	1	64	15	72	36	2	17
139	1	64	19	72	36	2	96
139	1	64	26	72	36	2	59
139	1	64	32	72	36	3	inf
139	1	65	4	72	36	2	40
139	1	65	5	72	36	2	99
139	1	65	12	72	36	2	27
139	1	65	14	72	36	2	101
139	1	65	17	72	36	2	44
139	1	65	28	72	36	2	95
139	1	65	31	72	36	2	38
139	1	65	33	72	36	2	112
139	1	66	0	72	36	2	96
139	1	66	7	72	36	2	59
139	1	66	13	72	36	3	inf
139	1	66	19	72	36	2	80
139	1	66	21	72	36	3	inf
139	1	66	26	72	36	2	43
139	1	66	30	72	36	2	122
139	1	66	31	72	36	3	0
139	1	66	32	72	36	2	17
139	1	67	9	72	36	2	95
139	1	67	12	72	36	2	38
139	1	67	14	72	36	2	112
139	1	67	21	72	36	2	40
139	1	67	22	72	36	2	99
139	1	67	29	72	36	2	27
139	1	67	31	72	36	2	101
139	1	67	34	72	36	2	44
139	1	68	0	72	36	2	80
139	1	68	2	72	36	3	inf
139	1	68	7	72	36	2	43
139	1	68	11	72	36	2	122
139	1	68	12	72	36	3	0
139	1	68	13	72	36	2	17
139	1	68	17	72	36	2	96
139	1	68	24	72	36	2	59
139	1	68	30	72	36	3	inf
139	1	69	2	72	36	2	40
139	1	69	3	72	36	2	99
139	1	69	10	72	36	2	27
139	1	69	12	72	36	2	101
139	1	69	15	72	36	2	44
139	1	69	26	72	36	2	95
139	1	69	29	72	36	2	38
139	1	69	31	72	36	2	112
139	1	70	5	72	36	2	59
139	1	70	11	72	36	3	inf
139	1	70	17	72	36	2	80
139	1	70	19	72	36	3	inf
139	1	70	24	72	36	2	43
139	1	70	28	72	36	2	122
139	1	70	29	72	36	3	0
139	1	70	30	72	36	2	17
139	1	70	34	72	36	2	96
139	1	71	7	72	36	2	95
139	1	71	10	72	36	2	38
139	1	71	12	72	36	2	112
139	1	71	19	72	36	2	40
139	1	71	20	72	36	2	99
139	1	71	27	72	36	2	27
139	1	71	29	72	36	2	101
139	1	71	32	72	36	2	44
139	2	0	5	72	36	2	96
139	2	0	9	72	36	2	17
139	2	0	10	72	36	3	0
139	2	0	11	72	36	2	122
139	2	0	15	72	36	2	43
139	2	0	16	72	36	3	inf
139	2	0	22	72	36	2	80
139	2	0	28	72	36	3	inf
139	2	0	34	72	36	2	59
139	2	1	0	72	36	2	99
139	2	1	1	72	36	2	40
139	2	1	8	72	36	2	112
139	2	1	10	72	36	2	38
139	2	1	13	72	36	2	95
139	2	1	24	72	36	2	44
139	2	1	27	72	36	2	101
139	2	1	29	72	36	2	27
139	2	2	3	72	36	2	80
139	2	2	9	72	36	3	inf
139	2	2	15	72	36	2	59
139	2	2	22	72	36	2	96
139	2	2	26	72	36	2	17
139	2	2	27	72	36	3	0
139	2	2	28	72	36	2	122
139	2	2	32	72	36	2	43
139	2	2	33	72	36	3	inf
139	2	3	5	72	36	2	44
139	2	3	8	72	36	2	101
139	2	3	10	72	36	2	27
139	2	3	17	72	36	2	99
139	2	3	18	72	36	2	40
139	2	3	25	72	36	2	112
139	2	3	27	72	36	2	38
139	2	3	30	72	36	2	95
139	2	4	3	72	36	2	96
139	2	4	7	72	36	2	17
139	2	4	8	72	36	3	0
139	2	4	9	72	36	2	122
139	2	4	13	72	36	2	43
139	2	4	14	72	36	3	inf
139	2	4	20	72	36	2	80
139	2	4	26	72	36	3	inf
139	2	4	32	72	36	2	59
139	2	5	6	72	36	2	112
139	2	5	8	72	36	2	38
139	2	5	11	72	36	2	95
139	2	5	22	72	36	2	44
139	2	5	25	72	36	2	101
139	2	5	27	72	36	2	27
139	2	5	34	72	36	2	99
139	2	5	35	72	36	2	40
139	2	6	1	72	36	2	80
139	2	6	7	72	36	3	inf
139	2	6	13	72	36	2	59
139	2	6	20	72	36	2	96
139	2	6	24	72	36	2	17
139	2	6	25	72	36	3	0
139	2	6	26	72	36	2	122
139	2	6	30	72	36	2	43
139	2	6	31	72	36	3	inf
139	2	7	3	72	36	2	44
139	2	7	6	72	36	2	101
139	2	7	8	72	36	2	27
139	2	7	15	72	36	2	99
139	2	7	16	72	36	2	40
139	2	7	23	72	36	2	112
139	2	7	25	72	36	2	38
139	2	7	28	72	36	2	95
139	2	8	1	72	36	2	96
139	2	8	5	72	36	2	17
139	2	8	6	72	36	3	0
139	2	8	7	72	36	2	122
139	2	8	11	72	36	2	43
139	2	8	12	72	36	3	inf
139	2	8	18	72	36	2	80
139	2	8	24	72	36	3	inf
139	2	8	30	72	36	2	59
139	2	9	4	72	36	2	112
139	2	9	6	72	36	2	38
139	2	9	9	72	36	2	95
139	2	9	20	72	36	2	44
139	2	9	23	72	36	2	101
139	2	9	25	72	36	2	27
139	2	9	32	72	36	2	99
139	2	9	33	72	36	2	40
139	2	10	5	72	36	3	inf
139	2	10	11	72	36	2	59
139	2	10	18	72	36	2	96
139	2	10	22	72	36	2	17
139	2	10	23	72	36	3	0
139	2	10	24	72	36	2	122
139	2	10	28	72	36	2	43
139	2	10	29	72	36	3	inf
139	2	10	35	72	36	2	80
139	2	11	1	72	36	2	44
139	2	11	4	72	36	2	101
139	2	11	6	72	36	2	27
139	2	11	13	72	36	2	99
139	2	11	14	72	36	2	40
139	2	11	21	72	36	2	112
139	2	11	23	72	36	2	38
139	2	11	26	72	36	2	95
139	2	12	3	72	36	2	17
139	2	12	4	72	36	3	0
139	2	12	5	72	36	2	122
139	2	12	9	72	36	2	43
139	2	12	10	72	36	3	inf
139	2	12	16	72	36	2	80
139	2	12	22	72	36	3	inf
139	2	12	28	72	36	2	59
139	2	12	35	72	36	2	96
139	2	13	2	72	36	2	112
139	2	13	4	72	36	2	38
139	2	13	7	72	36	2	95
139	2	13	18	72	36	2	44
139	2	13	21	72	36	2	101
139	2	13	23	72	36	2	27
139	2	13	30	72	36	2	99
139	2	13	31	72	36	2	40
139	2	14	3	72	36	3	inf
139	2	14	9	72	36	2	59
139	2	14	16	72	36	2	96
139	2	14	20	72	36	2	17
139	2	14	21	72	36	3	0
139	2	14	22	72	36	2	122
139	2	14	26	72	36	2	43
139	2	14	27	72	36	3	inf
139	2	14	33	72	36	2	80
139	2	15	2	72	36	2	101
139	2	15	4	72	36	2	27
139	2	15	11	72	36	2	99
139	2	15	12	72	36	2	40
139	2	15	19	72	36	2	112
139	2	15	21	72	36	2	38
139	2	15	24	72	36	2	95
139	2	15	35	72	36	2	44
139	2	16	1	72	36	2	17
139	2	16	2	72	36	3	0
139	2	16	3	72	36	2	122
139	2	16	7	72	36	2	43
139	2	16	8	72	36	3	inf
139	2	16	14	72	36	2	80
139	2	16	20	72	36	3	inf
139	2	16	26	72	36	2	59
139	2	16	33	72	36	2	96
139	2	17	0	72	36	2	112
139	2	17	2	72	36	2	38
139	2	17	5	72	36	2	95
139	2	17	16	72	36	2	44
139	2	17	19	72	36	2	101
139	2	17	21	72	36	2	27
139	2	17	28	72	36	2	99
139	2	17	29	72	36	2	40
139	2	18	1	72	36	3	inf
139	2	18	7	72	36	2	59
139	2	18	14	72	36	2	96
139	2	18	18	72	36	2	17
139	2	18	19	72	36	3	0
139	2	18	20	72	36	2	122
139	2	18	24	72	36	2	43
139	2	18	25	72	36	3	inf
139	2	18	31	72	36	2	80
139	2	19	0	72	36	2	101
139	2	19	2	72	36	2	27
139	2	19	9	72	36	2	99
139	2	19	10	72	36	2	40
139	2	19	17	72	36	2	112
139	2	19	19	72	36	2	38
139	2	19	22	72	36	2	95
139	2	19	33	72	36	2	44
139	2	20	0	72	36	3	0
139	2	20	1	72	36	2	122
139	2	20	5	72	36	2	43
139	2	20	6	72	36	3	inf
139	2	20	12	72	36	2	80
139	2	20	18	72	36	3	inf
139	2	20	24	72	36	2	59
139	2	20	31	72	36	2	96
139	2	20	35	72	36	2	17
139	2	21	0	72	36	2	38
139	2	21	3	72	36	2	95
139	2	21	14	72	36	2	44
139	2	21	17	72	36	2	101
139	2	21	19	72	36	2	27
139	2	21	26	72	36	2	99
139	2	21	27	72	36	2	40
139	2	21	34	72	36	2	112
139	2	22	5	72	36	2	59
139	2	22	12	72	36	2	96
139	2	22	16	72	36	2	17
139	2	22	17	72	36	3	0
139	2	22	18	72	36	2	122
139	2	22	22	72	36	2	43
139	2	22	23	72	36	3	inf
139	2	22	29	72	36	2	80
139	2	22	35	72	36	3	inf
139	2	23	0	72	36	2	27
139	2	23	7	72	36	2	99
139	2	23	8	72	36	2	40
139	2	23	15	72	36	2	112
139	2	23	17	72	36	2	38
139	2	23	20	72	36	2	95
139	2	23	31	72	36	2	44
139	2	23	34	72	36	2	101
139	2	24	3	72	36	2	43
139	2	24	4	72	36	3	inf
139	2	24	10	72	36	2	80
139	2	24	16	72	36	3	inf
139	2	24	22	72	36	2	59
139	2	24	29	72	36	2	96
139	2	24	33	72	36	2	17
139	2	24	34	72	36	3	0
139	2	24	35	72	36	2	122
139	2	25	1	72	36	2	95
139	2	25	12	72	36	2	44
139	2	25	15	72	36	2	101
139	2	25	17	72	36	2	27
139	2	25	24	72	36	2	99
139	2	25	25	72	36	2	40
139	2	25	32	72	36	2	112
139	2	25	34	72	36	2	38
139	2	26	3	72	36	2	59
139	2	26	10	72	36	2	96
139	2	26	14	72	36	2	17
139	2	26	15	72	36	3	0
139	2	26	16	72	36	2	122
139	2	26	20	72	36	2	43
139	2	26	21	72	36	3	inf
139	2	26	27	72	36	2	80
139	2	26	33	72	36	3	inf
139	2	27	5	72	36	2	99
139	2	27	6	72	36	2	40
139	2	27	13	72	36	2	112
139	2	27	15	72	36	2	38
139	2	27	18	72	36	2	95
139	2	27	29	72	36	2	44
139	2	27	32	72	36	2	101
139	2	27	34	72	36	2	27
139	2	28	1	72	36	2	43
139	2	28	2	72	36	3	inf
139	2	28	8	72	36	2	80
139	2	28	14	72	36	3	inf
139	2	28	20	72	36	2	59
139	2	28	27	72	36	2	96
139	2	28	31	72	36	2	17
139	2	28	32	72	36	3	0
139	2	28	33	72	36	2	122
139	2	29	10	72	36	2	44
139	2	29	13	72	36	2	101
139	2	29	15	72	36	2	27
139	2	29	22	72	36	2	99
139	2	29	23	72	36	2	40
139	2	29	30	72	36	2	112
139	2	29	32	72	36	2	38
139	2	29	35	72	36	2	95
139	2	30	1	72	36	2	59
139	2	30	8	72	36	2	96
139	2	30	12	72	36	2	17
139	2	30	13	72	36	3	0
139	2	30	14	72	36	2	122
139	2	30	18	72	36	2	43
139	2	30	19	72	36	3	inf
139	2	30	25	72	36	2	80
139	2	30	31	72	36	3	inf
139	2	31	3	72	36	2	99
139	2	31	4	72	36	2	40
139	2	31	11	72	36	2	112
139	2	31	13	72	36	2	38
139	2	31	16	72	36	2	95
139	2	31	27	72	36	2	44
139	2	31	30	72	36	2	101
139	2	31	32	72	36	2	27
139	2	32	0	72	36	3	inf
139	2	32	6	72	36	2	80
139	2	32	12	72	36	3	inf
139	2	32	18	72	36	2	59
139	2	32	25	72	36	2	96
139	2	32	29	72	36	2	17
139	2	32	30	72	36	3	0
139	2	32	31	72	36	2	122
139	2	32	35	72	36	2	43
139	2	33	8	72	36	2	44
139	2	33	11	72	36	2	101
139	2	33	13	72	36	2	27
139	2	33	20	72	36	2	99
139	2	33	21	72	36	2	40
139	2	33	28	72	36	2	112
139	2	33	30	72	36	2	38
139	2	33	33	72	36	2	95
139	2	34	6	72	36	2	96
139	2	34	10	72	36	2	17
139	2	34	11	72	36	3	0
139	2	34	12	72	36	2	122
139	2	34	16	72	36	2	43
139	2	34	17	72	36	3	inf
139	2	34	23	72	36	2	80
139	2	34	29	72	36	3	inf
139	2	34	35	72	36	2	59
139	2	35	1	72	36	2	99
139	2	35	2	72	36	2	40
139	2	35	9	72	36	2	112
139	2	35	11	72	36	2	38
139	2	35	14	72	36	2	95
139	2	35	25	72	36	2	44
139	2	35	28	72	36	2	101
139	2	35	30	72	36	2	27
139	2	36	4	72	36	2	80
139	2	36	10	72	36	3	inf
139	2	36	16	72	36	2	59
139	2	36	23	72	36	2	96
139	2	36	27	72	36	2	17
139	2	36	28	72	36	3	0
139	2	36	29	72	36	2	122
139	2	36	33	72	36	2	43
139	2	36	34	72	36	3	inf
139	2	37	6	72	36	2	44
139	2	37	9	72	36	2	101
139	2	37	11	72	36	2	27
139	2	37	18	72	36	2	99
139	2	37	19	72	36	2	40
139	2	37	26	72	36	2	112
139	2	37	28	72	36	2	38
139	2	37	31	72	36	2	95
139	2	38	4	72	36	2	96
139	2	38	8	72	36	2	17
139	2	38	9	72	36	3	0
139	2	38	10	72	36	2	122
139	2	38	14	72	36	2	43
139	2	38	15	72	36	3	inf
139	2	38	21	72	36	2	80
139	2	38	27	72	36	3	inf
139	2	38	33	72	36	2	59
139	2	39	0	72	36	2	40
139	2	39	7	72	36	2	112
139	2	39	9	72	36	2	38
139	2	39	12	72	36	2	95
139	2	39	23	72	36	2	44
139	2	39	26	72	36	2	101
139	2	39	28	72	36	2	27
139	2	39	35	72	36	2	99
139	2	40	2	72	36	2	80
139	2	40	8	72	36	3	inf
139	2	40	14	72	36	2	59
139	2	40	21	72	36	2	96
139	2	40	25	72	36	2	17
139	2	40	26	72	36	3	0
139	2	40	27	72	36	2	122
139	2	40	31	72	36	2	43
139	2	40	32	72	36	3	inf
139	2	41	4	72	36	2	44
139	2	41	7	72	36	2	101
139	2	41	9	72	36	2	27
139	2	41	16	72	36	2	99
139	2	41	17	72	36	2	40
139	2	41	24	72	36	2	112
139	2	41	26	72	36	2	38
139	2	41	29	72	36	2	95
139	2	42	2	72	36	2	96
139	2	42	6	72	36	2	17
139	2	42	7	72	36	3	0
139	2	42	8	72	36	2	122
139	2	42	12	72	36	2	43
139	2	42	13	72	36	3	inf
139	2	42	19	72	36	2	80
139	2	42	25	72	36	3	inf
139	2	42	31	72	36	2	59
139	2	43	5	72	36	2	112
139	2	43	7	72	36	2	38
139	2	43	10	72	36	2	95
139	2	43	21	72	36	2	44
139	2	43	24	72	36	2	101
139	2	43	26	72	36	2	27
139	2	43	33	72	36	2	99
139	2	43	34	72	36	2	40
139	2	44	0	72	36	2	80
139	2	44	6	72	36	3	inf
139	2	44	12	72	36	2	59
139	2	44	19	72	36	2	96
139	2	44	23	72	36	2	17
139	2	44	24	72	36	3	0
139	2	44	25	72	36	2	122
139	2	44	29	72	36	2	43
139	2	44	30	72	36	3	inf
139	2	45	2	72	36	2	44
139	2	45	5	72	36	2	101
139	2	45	7	72	36	2	27
139	2	45	14	72	36	2	99
139	2	45	15	72	36	2	40
139	2	45	22	72	36	2	112
139	2	45	24	72	36	2	38
139	2	45	27	72	36	2	95
139	2	46	0	72	36	2	96
139	2	46	4	72	36	2	17
139	2	46	5	72	36	3	0
139	2	46	6	72	36	2	122
139	2	46	10	72	36	2	43
139	2	46	11	72	36	3	inf
139	2	46	17	72	36	2	80
139	2	46	23	72	36	3	inf
139	2	46	29	72	36	2	59
139	2	47	3	72	36	2	112
139	2	47	5	72	36	2	38
139	2	47	8	72	36	2	95
139	2	47	19	72	36	2	44
139	2	47	22	72	36	2	101
139	2	47	24	72	36	2	27
139	2	47	31	72	36	2	99
139	2	47	32	72	36	2	40
139	2	48	4	72	36	3	inf
139	2	48	10	72	36	2	59
139	2	48	17	72	36	2	96
139	2	48	21	72	36	2	17
139	2	48	22	72	36	3	0
139	2	48	23	72	36	2	122
139	2	48	27	72	36	2	43
139	2	48	28	72	36	3	inf
139	2	48	34	72	36	2	80
139	2	49	0	72	36	2	44
139	2	49	3	72	36	2	101
139	2	49	5	72	36	2	27
139	2	49	12	72	36	2	99
139	2	49	13	72	36	2	40
139	2	49	20	72	36	2	112
139	2	49	22	72	36	2	38
139	2	49	25	72	36	2	95
139	2	50	2	72	36	2	17
139	2	50	3	72	36	3	0
139	2	50	4	72	36	2	122
139	2	50	8	72	36	2	43
139	2	50	9	72	36	3	inf
139	2	50	15	72	36	2	80
139	2	50	21	72	36	3	inf
139	2	50	27	72	36	2	59
139	2	50	34	72	36	2	96
139	2	51	1	72	36	2	112
139	2	51	3	72	36	2	38
139	2	51	6	72	36	2	95
139	2	51	17	72	36	2	44
139	2	51	20	72	36	2	101
139	2	51	22	72	36	2	27
139	2	51	29	72	36	2	99
139	2	51	30	72	36	2	40
139	2	52	2	72	36	3	inf
139	2	52	8	72	36	2	59
139	2	52	15	72	36	2	96
139	2	52	19	72	36	2	17
139	2	52	20	72	36	3	0
139	2	52	21	72	36	2	122
139	2	52	25	72	36	2	43
139	2	52	26	72	36	3	inf
139	2	52	32	72	36	2	80
139	2	53	1	72	36	2	101
139	2	53	3	72	36	2	27
139	2	53	10	72	36	2	99
139	2	53	11	72	36	2	40
139	2	53	18	72	36	2	112
139	2	53	20	72	36	2	38
139	2	53	23	72	36	2	95
139	2	53	34	72	36	2	44
139	2	54	0	72	36	2	17
139	2	54	1	72	36	3	0
139	2	54	2	72	36	2	122
139	2	54	6	72	36	2	43
139	2	54	7	72	36	3	inf
139	2	54	13	72	36	2	80
139	2	54	19	72	36	3	inf
139	2	54	25	72	36	2	59
139	2	54	32	72	36	2	96
139	2	55	1	72	36	2	38
139	2	55	4	72	36	2	95
139	2	55	15	72	36	2	44
139	2	55	18	72	36	2	101
139	2	55	20	72	36	2	27
139	2	55	27	72	36	2	99
139	2	55	28	72	36	2	40
139	2	55	35	72	36	2	112
139	2	56	0	72	36	3	inf
139	2	56	6	72	36	2	59
139	2	56	13	72	36	2	96
139	2	56	17	72	36	2	17
139	2	56	18	72	36	3	0
139	2	56	19	72	36	2	122
139	2	56	23	72	36	2	43
139	2	56	24	72	36	3	inf
139	2	56	30	72	36	2	80
139	2	57	1	72	36	2	27
139	2	57	8	72	36	2	99
139	2	57	9	72	36	2	40
139	2	57	16	72	36	2	112
139	2	57	18	72	36	2	38
139	2	57	21	72	36	2	95
139	2	57	32	72	36	2	44
139	2	57	35	72	36	2	101
139	2	58	0	72	36	2	122
139	2	58	4	72	36	2	43
139	2	58	5	72	36	3	inf
139	2	58	11	72	36	2	80
139	2	58	17	72	36	3	inf
139	2	58	23	72	36	2	59
139	2	58	30	72	36	2	96
139	2	58	34	72	36	2	17
139	2	58	35	72	36	3	0
139	2	59	2	72	36	2	95
139	2	59	13	72	36	2	44
139	2	59	16	72	36	2	101
139	2	59	18	72	36	2	27
139	2	59	25	72	36	2	99
139	2	59	26	72	36	2	40
139	2	59	33	72	36	2	112
139	2	59	35	72	36	2	38
139	2	60	4	72	36	2	59
139	2	60	11	72	36	2	96
139	2	60	15	72	36	2	17
139	2	60	16	72	36	3	0
139	2	60	17	72	36	2	122
139	2	60	21	72	36	2	43
139	2	60	22	72	36	3	inf
139	2	60	28	72	36	2	80
139	2	60	34	72	36	3	inf
139	2	61	6	72	36	2	99
139	2	61	7	72	36	2	40
139	2	61	14	72	36	2	112
139	2	61	16	72	36	2	38
139	2	61	19	72	36	2	95
139	2	61	30	72	36	2	44
139	2	61	33	72	36	2	101
139	2	61	35	72	36	2	27
139	2	62	2	72	36	2	43
139	2	62	3	72	36	3	inf
139	2	62	9	72	36	2	80
139	2	62	15	72	36	3	inf
139	2	62	21	72	36	2	59
139	2	62	28	72	36	2	96
139	2	62	32	72	36	2	17
139	2	62	33	72	36	3	0
139	2	62	34	72	36	2	122
139	2	63	0	72	36	2	95
139	2	63	11	72	36	2	44
139	2	63	14	72	36	2	101
139	2	63	16	72	36	2	27
139	2	63	23	72	36	2	99
139	2	63	24	72	36	2	40
139	2	63	31	72	36	2	112
139	2	63	33	72	36	2	38
139	2	64	2	72	36	2	59
139	2	64	9	72	36	2	96
139	2	64	13	72	36	2	17
139	2	64	14	72	36	3	0
139	2	64	15	72	36	2	122
139	2	64	19	72	36	2	43
139	2	64	20	72	36	3	inf
139	2	64	26	72	36	2	80
139	2	64	32	72	36	3	inf
139	2	65	4	72	36	2	99
139	2	65	5	72	36	2	40
139	2	65	12	72	36	2	112
139	2	65	14	72	36	2	38
139	2	65	17	72	36	2	95
139	2	65	28	72	36	2	44
139	2	65	31	72	36	2	101
139	2	65	33	72	36	2	27
139	2	66	0	72	36	2	43
139	2	66	1	72	36	3	inf
139	2	66	7	72	36	2	80
139	2	66	13	72	36	3	inf
139	2	66	19	72	36	2	59
139	2	66	26	72	36	2	96
139	2	66	30	72	36	2	17
139	2	66	31	72	36	3	0
139	2	66	32	72	36	2	122
139	2	67	9	72	36	2	44
139	2	67	12	72	36	2	101
139	2	67	14	72	36	2	27
139	2	67	21	72	36	2	99
139	2	67	22	72	36	2	40
139	2	67	29	72	36	2	112
139	2	67	31	72	36	2	38
139	2	67	34	72	36	2	95
139	2	68	0	72	36	2	59
139	2	68	7	72	36	2	96
139	2	68	11	72	36	2	17
139	2	68	12	72	36	3	0
139	2	68	13	72	36	2	122
139	2	68	17	72	36	2	43
139	2	68	18	72	36	3	inf
139	2	68	24	72	36	2	80
139	2	68	30	72	36	3	inf
139	2	69	2	72	36	2	99
139	2	69	3	72	36	2	40
139	2	69	10	72	36	2	112
139	2	69	12	72	36	2	38
139	2	69	15	72	36	2	95
139	2	69	26	72	36	2	44
139	2	69	29	72	36	2	101
139	2	69	31	72	36	2	27
139	2	70	5	72	36	2	80
139	2	70	11	72	36	3	inf
139	2	70	17	72	36	2	59
139	2	70	24	72	36	2	96
139	2	70	28	72	36	2	17
139	2	70	29	72	36	3	0
139	2	70	30	72	36	2	122
139	2	70	34	72	36	2	43
139	2	70	35	72	36	3	inf
139	2	71	7	72	36	2	44
139	2	71	10	72	36	2	101
139	2	71	12	72	36	2	27
139	2	71	19	72	36	2	99
139	2	71	20	72	36	2	40
139	2	71	27	72	36	2	112
139	2	71	29	72	36	2	38
139	2	71	32	72	36	2	95
149	1	0	0	40	40	3	inf
149	1	0	1	40	40	2	26
149	1	0	3	40	40	3	17
149	1	0	4	40	40	2	83
149	1	0	15	40	40	2	21
149	1	0	20	40	40	2	128
149	1	0	31	40	40	2	66
149	1	0	32	40	40	3	132
149	1	0	34	40	40	2	123
149	1	0	35	40	40	2	148
149	1	0	37	40	40	3	146
149	1	0	38	40	40	3	3
149	1	1	3	40	40	2	21
149	1	1	14	40	40	2	83
149	1	1	15	40	40	3	17
149	1	1	17	40	40	2	26
149	1	1	18	40	40	2	1
149	1	1	20	40	40	3	3
149	1	1	21	40	40	3	146
149	1	1	23	40	40	2	148
149	1	1	24	40	40	2	123
149	1	1	26	40	40	3	132
149	1	1	27	40	40	2	66
149	1	1	28	40	40	3	inf
149	1	1	38	40	40	2	128
149	1	2	0	40	40	2	123
149	1	2	1	40	40	2	148
149	1	2	3	40	40	3	146
149	1	2	4	40	40	3	3
149	1	2	6	40	40	3	inf
149	1	2	7	40	40	2	26
149	1	2	9	40	40	3	17
149	1	2	10	40	40	2	83
149	1	2	21	40	40	2	21
149	1	2	26	40	40	2	128
149	1	2	37	40	40	2	66
149	1	2	38	40	40	3	132
149	1	3	4	40	40	2	128
149	1	3	9	40	40	2	21
149	1	3	20	40	40	2	83
149	1	3	21	40	40	3	17
149	1	3	23	40	40	2	26
149	1	3	24	40	40	2	1
149	1	3	26	40	40	3	3
149	1	3	27	40	40	3	146
149	1	3	29	40	40	2	148
149	1	3	30	40	40	2	123
149	1	3	32	40	40	3	132
149	1	3	33	40	40	2	66
149	1	3	34	40	40	3	inf
149	1	4	3	40	40	2	66
149	1	4	4	40	40	3	132
149	1	4	6	40	40	2	123
149	1	4	7	40	40	2	148
149	1	4	9	40	40	3	146
149	1	4	10	40	40	3	3
149	1	4	12	40	40	3	inf
149	1	4	13	40	40	2	26
149	1	4	15	40	40	3	17
149	1	4	16	40	40	2	83
149	1	4	27	40	40	2	21
149	1	4	32	40	40	2	128
149	1	5	0	40	40	3	inf
149	1	5	10	40	40	2	128
149	1	5	15	40	40	2	21
149	1	5	26	40	40	2	83
149	1	5	27	40	40	3	17
149	1	5	29	40	40	2	26
149	1	5	30	40	40	2	1
149	1	5	32	40	40	3	3
149	1	5	33	40	40	3	146
149	1	5	35	40	40	2	148
149	1	5	36	40	40	2	123
149	1	5	38	40	40	3	132
149	1	5	39	40	40	2	66
149	1	6	9	40	40	2	66
149	1	6	10	40	40	3	132
149	1	6	12	40	40	2	123
149	1	6	13	40	40	2	148
149	1	6	15	40	40	3	146
149	1	6	16	40	40	3	3
149	1	6	18	40	40	3	inf
149	1	6	19	40	40	2	26
149	1	6	21	40	40	3	17
149	1	6	22	40	40	2	83
149	1	6	33	40	40	2	21
149	1	6	38	40	40	2	128
149	1	7	1	40	40	2	148
149	1	7	2	40	40	2	123
149	1	7	4	40	40	3	132
149	1	7	5	40	40	2	66
149	1	7	6	40	40	3	inf
149	1	7	16	40	40	2	128
149	1	7	21	40	40	2	21
149	1	7	32	40	40	2	83
149	1	7	33	40	40	3	17
149	1	7	35	40	40	2	26
149	1	7	36	40	40	2	1
149	1	7	38	40	40	3	3
149	1	7	39	40	40	3	146
149	1	8	4	40	40	2	128
149	1	8	15	40	40	2	66
149	1	8	16	40	40	3	132
149	1	8	18	40	40	2	123
149	1	8	19	40	40	2	148
149	1	8	21	40	40	3	146
149	1	8	22	40	40	3	3
149	1	8	24	40	40	3	inf
149	1	8	25	40	40	2	26
149	1	8	27	40	40	3	17
149	1	8	28	40	40	2	83
149	1	8	39	40	40	2	21
149	1	9	1	40	40	2	26
149	1	9	2	40	40	2	1
149	1	9	4	40	40	3	3
149	1	9	5	40	40	3	146
149	1	9	7	40	40	2	148
149	1	9	8	40	40	2	123
149	1	9	10	40	40	3	132
149	1	9	11	40	40	2	66
149	1	9	12	40	40	3	inf
149	1	9	22	40	40	2	128
149	1	9	27	40	40	2	21
149	1	9	38	40	40	2	83
149	1	9	39	40	40	3	17
149	1	10	5	40	40	2	21
149	1	10	10	40	40	2	128
149	1	10	21	40	40	2	66
149	1	10	22	40	40	3	132
149	1	10	24	40	40	2	123
149	1	10	25	40	40	2	148
149	1	10	27	40	40	3	146
149	1	10	28	40	40	3	3
149	1	10	30	40	40	3	inf
149	1	10	31	40	40	2	26
149	1	10	33	40	40	3	17
149	1	10	34	40	40	2	83
149	1	11	4	40	40	2	83
149	1	11	5	40	40	3	17
149	1	11	7	40	40	2	26
149	1	11	8	40	40	2	1
149	1	11	10	40	40	3	3
149	1	11	11	40	40	3	146
149	1	11	13	40	40	2	148
149	1	11	14	40	40	2	123
149	1	11	16	40	40	3	132
149	1	11	17	40	40	2	66
149	1	11	18	40	40	3	inf
149	1	11	28	40	40	2	128
149	1	11	33	40	40	2	21
149	1	12	0	40	40	2	83
149	1	12	11	40	40	2	21
149	1	12	16	40	40	2	128
149	1	12	27	40	40	2	66
149	1	12	28	40	40	3	132
149	1	12	30	40	40	2	123
149	1	12	31	40	40	2	148
149	1	12	33	40	40	3	146
149	1	12	34	40	40	3	3
149	1	12	36	40	40	3	inf
149	1	12	37	40	40	2	26
149	1	12	39	40	40	3	17
149	1	13	10	40	40	2	83
149	1	13	11	40	40	3	17
149	1	13	13	40	40	2	26
149	1	13	14	40	40	2	1
149	1	13	16	40	40	3	3
149	1	13	17	40	40	3	146
149	1	13	19	40	40	2	148
149	1	13	20	40	40	2	123
149	1	13	22	40	40	3	132
149	1	13	23	40	40	2	66
149	1	13	24	40	40	3	inf
149	1	13	34	40	40	2	128
149	1	13	39	40	40	2	21
149	1	14	0	40	40	3	3
149	1	14	2	40	40	3	inf
149	1	14	3	40	40	2	26
149	1	14	5	40	40	3	17
149	1	14	6	40	40	2	83
149	1	14	17	40	40	2	21
149	1	14	22	40	40	2	128
149	1	14	33	40	40	2	66
149	1	14	34	40	40	3	132
149	1	14	36	40	40	2	123
149	1	14	37	40	40	2	148
149	1	14	39	40	40	3	146
149	1	15	0	40	40	2	128
149	1	15	5	40	40	2	21
149	1	15	16	40	40	2	83
149	1	15	17	40	40	3	17
149	1	15	19	40	40	2	26
149	1	15	20	40	40	2	1
149	1	15	22	40	40	3	3
149	1	15	23	40	40	3	146
149	1	15	25	40	40	2	148
149	1	15	26	40	40	2	123
149	1	15	28	40	40	3	132
149	1	15	29	40	40	2	66
149	1	15	30	40	40	3	inf
149	1	16	0	40	40	3	132
149	1	16	2	40	40	2	123
149	1	16	3	40	40	2	148
149	1	16	5	40	40	3	146
149	1	16	6	40	40	3	3
149	1	16	8	40	40	3	inf
149	1	16	9	40	40	2	26
149	1	16	11	40	40	3	17
149	1	16	12	40	40	2	83
149	1	16	23	40	40	2	21
149	1	16	28	40	40	2	128
149	1	16	39	40	40	2	66
149	1	17	6	40	40	2	128
149	1	17	11	40	40	2	21
149	1	17	22	40	40	2	83
149	1	17	23	40	40	3	17
149	1	17	25	40	40	2	26
149	1	17	26	40	40	2	1
149	1	17	28	40	40	3	3
149	1	17	29	40	40	3	146
149	1	17	31	40	40	2	148
149	1	17	32	40	40	2	123
149	1	17	34	40	40	3	132
149	1	17	35	40	40	2	66
149	1	17	36	40	40	3	inf
149	1	18	5	40	40	2	66
149	1	18	6	40	40	3	132
149	1	18	8	40	40	2	123
149	1	18	9	40	40	2	148
149	1	18	11	40	40	3	146
149	1	18	12	40	40	3	3
149	1	18	14	40	40	3	inf
149	1	18	15	40	40	2	26
149	1	18	17	40	40	3	17
149	1	18	18	40	40	2	83
149	1	18	29	40	40	2	21
149	1	18	34	40	40	2	128
149	1	19	0	40	40	3	132
149	1	19	1	40	40	2	66
149	1	19	2	40	40	3	inf
149	1	19	12	40	40	2	128
149	1	19	17	40	40	2	21
149	1	19	28	40	40	2	83
149	1	19	29	40	40	3	17
149	1	19	31	40	40	2	26
149	1	19	32	40	40	2	1
149	1	19	34	40	40	3	3
149	1	19	35	40	40	3	146
149	1	19	37	40	40	2	148
149	1	19	38	40	40	2	123
149	1	20	0	40	40	2	128
149	1	20	11	40	40	2	66
149	1	20	12	40	40	3	132
149	1	20	14	40	40	2	123
149	1	20	15	40	40	2	148
149	1	20	17	40	40	3	146
149	1	20	18	40	40	3	3
149	1	20	20	40	40	3	inf
149	1	20	21	40	40	2	26
149	1	20	23	40	40	3	17
149	1	20	24	40	40	2	83
149	1	20	35	40	40	2	21
149	1	21	0	40	40	3	3
149	1	21	1	40	40	3	146
149	1	21	3	40	40	2	148
149	1	21	4	40	40	2	123
149	1	21	6	40	40	3	132
149	1	21	7	40	40	2	66
149	1	21	8	40	40	3	inf
149	1	21	18	40	40	2	128
149	1	21	23	40	40	2	21
149	1	21	34	40	40	2	83
149	1	21	35	40	40	3	17
149	1	21	37	40	40	2	26
149	1	21	38	40	40	2	1
149	1	22	1	40	40	2	21
149	1	22	6	40	40	2	128
149	1	22	17	40	40	2	66
149	1	22	18	40	40	3	132
149	1	22	20	40	40	2	123
149	1	22	21	40	40	2	148
149	1	22	23	40	40	3	146
149	1	22	24	40	40	3	3
149	1	22	26	40	40	3	inf
149	1	22	27	40	40	2	26
149	1	22	29	40	40	3	17
149	1	22	30	40	40	2	83
149	1	23	0	40	40	2	83
149	1	23	1	40	40	3	17
149	1	23	3	40	40	2	26
149	1	23	4	40	40	2	1
149	1	23	6	40	40	3	3
149	1	23	7	40	40	3	146
149	1	23	9	40	40	2	148
149	1	23	10	40	40	2	123
149	1	23	12	40	40	3	132
149	1	23	13	40	40	2	66
149	1	23	14	40	40	3	inf
149	1	23	24	40	40	2	128
149	1	23	29	40	40	2	21
149	1	24	7	40	40	2	21
149	1	24	12	40	40	2	128
149	1	24	23	40	40	2	66
149	1	24	24	40	40	3	132
149	1	24	26	40	40	2	123
149	1	24	27	40	40	2	148
149	1	24	29	40	40	3	146
149	1	24	30	40	40	3	3
149	1	24	32	40	40	3	inf
149	1	24	33	40	40	2	26
149	1	24	35	40	40	3	17
149	1	24	36	40	40	2	83
149	1	25	6	40	40	2	83
149	1	25	7	40	40	3	17
149	1	25	9	40	40	2	26
149	1	25	10	40	40	2	1
149	1	25	12	40	40	3	3
149	1	25	13	40	40	3	146
149	1	25	15	40	40	2	148
149	1	25	16	40	40	2	123
149	1	25	18	40	40	3	132
149	1	25	19	40	40	2	66
149	1	25	20	40	40	3	inf
149	1	25	30	40	40	2	128
149	1	25	35	40	40	2	21
149	1	26	1	40	40	3	17
149	1	26	2	40	40	2	83
149	1	26	13	40	40	2	21
149	1	26	18	40	40	2	128
149	1	26	29	40	40	2	66
149	1	26	30	40	40	3	132
149	1	26	32	40	40	2	123
149	1	26	33	40	40	2	148
149	1	26	35	40	40	3	146
149	1	26	36	40	40	3	3
149	1	26	38	40	40	3	inf
149	1	26	39	40	40	2	26
149	1	27	1	40	40	2	21
149	1	27	12	40	40	2	83
149	1	27	13	40	40	3	17
149	1	27	15	40	40	2	26
149	1	27	16	40	40	2	1
149	1	27	18	40	40	3	3
149	1	27	19	40	40	3	146
149	1	27	21	40	40	2	148
149	1	27	22	40	40	2	123
149	1	27	24	40	40	3	132
149	1	27	25	40	40	2	66
149	1	27	26	40	40	3	inf
149	1	27	36	40	40	2	128
149	1	28	1	40	40	3	146
149	1	28	2	40	40	3	3
149	1	28	4	40	40	3	inf
149	1	28	5	40	40	2	26
149	1	28	7	40	40	3	17
149	1	28	8	40	40	2	83
149	1	28	19	40	40	2	21
149	1	28	24	40	40	2	128
149	1	28	35	40	40	2	66
149	1	28	36	40	40	3	132
149	1	28	38	40	40	2	123
149	1	28	39	40	40	2	148
149	1	29	2	40	40	2	128
149	1	29	7	40	40	2	21
149	1	29	18	40	40	2	83
149	1	29	19	40	40	3	17
149	1	29	21	40	40	2	26
149	1	29	22	40	40	2	1
149	1	29	24	40	40	3	3
149	1	29	25	40	40	3	146
149	1	29	27	40	40	2	148
149	1	29	28	40	40	2	123
149	1	29	30	40	40	3	132
149	1	29	31	40	40	2	66
149	1	29	32	40	40	3	inf
149	1	30	1	40	40	2	66
149	1	30	2	40	40	3	132
149	1	30	4	40	40	2	123
149	1	30	5	40	40	2	148
149	1	30	7	40	40	3	146
149	1	30	8	40	40	3	3
149	1	30	10	40	40	3	inf
149	1	30	11	40	40	2	26
149	1	30	13	40	40	3	17
149	1	30	14	40	40	2	83
149	1	30	25	40	40	2	21
149	1	30	30	40	40	2	128
149	1	31	8	40	40	2	128
149	1	31	13	40	40	2	21
149	1	31	24	40	40	2	83
149	1	31	25	40	40	3	17
149	1	31	27	40	40	2	26
149	1	31	28	40	40	2	1
149	1	31	30	40	40	3	3
149	1	31	31	40	40	3	146
149	1	31	33	40	40	2	148
149	1	31	34	40	40	2	123
149	1	31	36	40	40	3	132
149	1	31	37	40	40	2	66
149	1	31	38	40	40	3	inf
149	1	32	7	40	40	2	66
149	1	32	8	40	40	3	132
149	1	32	10	40	40	2	123
149	1	32	11	40	40	2	148
149	1	32	13	40	40	3	146
149	1	32	14	40	40	3	3
149	1	32	16	40	40	3	inf
149	1	32	17	40	40	2	26
149	1	32	19	40	40	3	17
149	1	32	20	40	40	2	83
149	1	32	31	40	40	2	21
149	1	32	36	40	40	2	128
149	1	33	0	40	40	2	123
149	1	33	2	40	40	3	132
149	1	33	3	40	40	2	66
149	1	33	4	40	40	3	inf
149	1	33	14	40	40	2	128
149	1	33	19	40	40	2	21
149	1	33	30	40	40	2	83
149	1	33	31	40	40	3	17
149	1	33	33	40	40	2	26
149	1	33	34	40	40	2	1
149	1	33	36	40	40	3	3
149	1	33	37	40	40	3	146
149	1	33	39	40	40	2	148
149	1	34	2	40	40	2	128
149	1	34	13	40	40	2	66
149	1	34	14	40	40	3	132
149	1	34	16	40	40	2	123
149	1	34	17	40	40	2	148
149	1	34	19	40	40	3	146
149	1	34	20	40	40	3	3
149	1	34	22	40	40	3	inf
149	1	34	23	40	40	2	26
149	1	34	25	40	40	3	17
149	1	34	26	40	40	2	83
149	1	34	37	40	40	2	21
149	1	35	0	40	40	2	1
149	1	35	2	40	40	3	3
149	1	35	3	40	40	3	146
149	1	35	5	40	40	2	148
149	1	35	6	40	40	2	123
149	1	35	8	40	40	3	132
149	1	35	9	40	40	2	66
149	1	35	10	40	40	3	inf
149	1	35	20	40	40	2	128
149	1	35	25	40	40	2	21
149	1	35	36	40	40	2	83
149	1	35	37	40	40	3	17
149	1	35	39	40	40	2	26
149	1	36	3	40	40	2	21
149	1	36	8	40	40	2	128
149	1	36	19	40	40	2	66
149	1	36	20	40	40	3	132
149	1	36	22	40	40	2	123
149	1	36	23	40	40	2	148
149	1	36	25	40	40	3	146
149	1	36	26	40	40	3	3
149	1	36	28	40	40	3	inf
149	1	36	29	40	40	2	26
149	1	36	31	40	40	3	17
149	1	36	32	40	40	2	83
149	1	37	2	40	40	2	83
149	1	37	3	40	40	3	17
149	1	37	5	40	40	2	26
149	1	37	6	40	40	2	1
149	1	37	8	40	40	3	3
149	1	37	9	40	40	3	146
149	1	37	11	40	40	2	148
149	1	37	12	40	40	2	123
149	1	37	14	40	40	3	132
149	1	37	15	40	40	2	66
149	1	37	16	40	40	3	inf
149	1	37	26	40	40	2	128
149	1	37	31	40	40	2	21
149	1	38	9	40	40	2	21
149	1	38	14	40	40	2	128
149	1	38	25	40	40	2	66
149	1	38	26	40	40	3	132
149	1	38	28	40	40	2	123
149	1	38	29	40	40	2	148
149	1	38	31	40	40	3	146
149	1	38	32	40	40	3	3
149	1	38	34	40	40	3	inf
149	1	38	35	40	40	2	26
149	1	38	37	40	40	3	17
149	1	38	38	40	40	2	83
149	1	39	8	40	40	2	83
149	1	39	9	40	40	3	17
149	1	39	11	40	40	2	26
149	1	39	12	40	40	2	1
149	1	39	14	40	40	3	3
149	1	39	15	40	40	3	146
149	1	39	17	40	40	2	148
149	1	39	18	40	40	2	123
149	1	39	20	40	40	3	132
149	1	39	21	40	40	2	66
149	1	39	22	40	40	3	inf
149	1	39	32	40	40	2	128
149	1	39	37	40	40	2	21
149	2	0	0	40	40	2	148
149	2	0	1	40	40	2	123
149	2	0	3	40	40	3	132
149	2	0	4	40	40	2	66
149	2	0	5	40	40	3	inf
149	2	0	15	40	40	2	128
149	2	0	20	40	40	2	21
149	2	0	31	40	40	2	83
149	2	0	32	40	40	3	17
149	2	0	34	40	40	2	26
149	2	0	35	40	40	2	1
149	2	0	37	40	40	3	3
149	2	0	38	40	40	3	146
149	2	1	3	40	40	2	128
149	2	1	14	40	40	2	66
149	2	1	15	40	40	3	132
149	2	1	17	40	40	2	123
149	2	1	18	40	40	2	148
149	2	1	20	40	40	3	146
149	2	1	21	40	40	3	3
149	2	1	23	40	40	3	inf
149	2	1	24	40	40	2	26
149	2	1	26	40	40	3	17
149	2	1	27	40	40	2	83
149	2	1	38	40	40	2	21
149	2	2	0	40	40	2	26
149	2	2	1	40	40	2	1
149	2	2	3	40	40	3	3
149	2	2	4	40	40	3	146
149	2	2	6	40	40	2	148
149	2	2	7	40	40	2	123
149	2	2	9	40	40	3	132
149	2	2	10	40	40	2	66
149	2	2	11	40	40	3	inf
149	2	2	21	40	40	2	128
149	2	2	26	40	40	2	21
149	2	2	37	40	40	2	83
149	2	2	38	40	40	3	17
149	2	3	4	40	40	2	21
149	2	3	9	40	40	2	128
149	2	3	20	40	40	2	66
149	2	3	21	40	40	3	132
149	2	3	23	40	40	2	123
149	2	3	24	40	40	2	148
149	2	3	26	40	40	3	146
149	2	3	27	40	40	3	3
149	2	3	29	40	40	3	inf
149	2	3	30	40	40	2	26
149	2	3	32	40	40	3	17
149	2	3	33	40	40	2	83
149	2	4	3	40	40	2	83
149	2	4	4	40	40	3	17
149	2	4	6	40	40	2	26
149	2	4	7	40	40	2	1
149	2	4	9	40	40	3	3
149	2	4	10	40	40	3	146
149	2	4	12	40	40	2	148
149	2	4	13	40	40	2	123
149	2	4	15	40	40	3	132
149	2	4	16	40	40	2	66
149	2	4	17	40	40	3	inf
149	2	4	27	40	40	2	128
149	2	4	32	40	40	2	21
149	2	5	10	40	40	2	21
149	2	5	15	40	40	2	128
149	2	5	26	40	40	2	66
149	2	5	27	40	40	3	132
149	2	5	29	40	40	2	123
149	2	5	30	40	40	2	148
149	2	5	32	40	40	3	146
149	2	5	33	40	40	3	3
149	2	5	35	40	40	3	inf
149	2	5	36	40	40	2	26
149	2	5	38	40	40	3	17
149	2	5	39	40	40	2	83
149	2	6	9	40	40	2	83
149	2	6	10	40	40	3	17
149	2	6	12	40	40	2	26
149	2	6	13	40	40	2	1
149	2	6	15	40	40	3	3
149	2	6	16	40	40	3	146
149	2	6	18	40	40	2	148
149	2	6	19	40	40	2	123
149	2	6	21	40	40	3	132
149	2	6	22	40	40	2	66
149	2	6	23	40	40	3	inf
149	2	6	33	40	40	2	128
149	2	6	38	40	40	2	21
149	2	7	1	40	40	3	inf
149	2	7	2	40	40	2	26
149	2	7	4	40	40	3	17
149	2	7	5	40	40	2	83
149	2	7	16	40	40	2	21
149	2	7	21	40	40	2	128
149	2	7	32	40	40	2	66
149	2	7	33	40	40	3	132
149	2	7	35	40	40	2	123
149	2	7	36	40	40	2	148
149	2	7	38	40	40	3	146
149	2	7	39	40	40	3	3
149	2	8	4	40	40	2	21
149	2	8	15	40	40	2	83
149	2	8	16	40	40	3	17
149	2	8	18	40	40	2	26
149	2	8	19	40	40	2	1
149	2	8	21	40	40	3	3
149	2	8	22	40	40	3	146
149	2	8	24	40	40	2	148
149	2	8	25	40	40	2	123
149	2	8	27	40	40	3	132
149	2	8	28	40	40	2	66
149	2	8	29	40	40	3	inf
149	2	8	39	40	40	2	128
149	2	9	1	40	40	2	123
149	2	9	2	40	40	2	148
149	2	9	4	40	40	3	146
149	2	9	5	40	40	3	3
149	2	9	7	40	40	3	inf
149	2	9	8	40	40	2	26
149	2	9	10	40	40	3	17
149	2	9	11	40	40	2	83
149	2	9	22	40	40	2	21
149	2	9	27	40	40	2	128
149	2	9	38	40	40	2	66
149	2	9	39	40	40	3	132
149	2	10	5	40	40	2	128
149	2	10	10	40	40	2	21
149	2	10	21	40	40	2	83
149	2	10	22	40	40	3	17
149	2	10	24	40	40	2	26
149	2	10	25	40	40	2	1
149	2	10	27	40	40	3	3
149	2	10	28	40	40	3	146
149	2	10	30	40	40	2	148
149	2	10	31	40	40	2	123
149	2	10	33	40	40	3	132
149	2	10	34	40	40	2	66
149	2	10	35	40	40	3	inf
149	2	11	4	40	40	2	66
149	2	11	5	40	40	3	132
149	2	11	7	40	40	2	123
149	2	11	8	40	40	2	148
149	2	11	10	40	40	3	146
149	2	11	11	40	40	3	3
149	2	11	13	40	40	3	inf
149	2	11	14	40	40	2	26
149	2	11	16	40	40	3	17
149	2	11	17	40	40	2	83
149	2	11	28	40	40	2	21
149	2	11	33	40	40	2	128
149	2	12	0	40	40	2	66
149	2	12	1	40	40	3	inf
149	2	12	11	40	40	2	128
149	2	12	16	40	40	2	21
149	2	12	27	40	40	2	83
149	2	12	28	40	40	3	17
149	2	12	30	40	40	2	26
149	2	12	31	40	40	2	1
149	2	12	33	40	40	3	3
149	2	12	34	40	40	3	146
149	2	12	36	40	40	2	148
149	2	12	37	40	40	2	123
149	2	12	39	40	40	3	132
149	2	13	10	40	40	2	66
149	2	13	11	40	40	3	132
149	2	13	13	40	40	2	123
149	2	13	14	40	40	2	148
149	2	13	16	40	40	3	146
149	2	13	17	40	40	3	3
149	2	13	19	40	40	3	inf
149	2	13	20	40	40	2	26
149	2	13	22	40	40	3	17
149	2	13	23	40	40	2	83
149	2	13	34	40	40	2	21
149	2	13	39	40	40	2	128
149	2	14	0	40	40	3	146
149	2	14	2	40	40	2	148
149	2	14	3	40	40	2	123
149	2	14	5	40	40	3	132
149	2	14	6	40	40	2	66
149	2	14	7	40	40	3	inf
149	2	14	17	40	40	2	128
149	2	14	22	40	40	2	21
149	2	14	33	40	40	2	83
149	2	14	34	40	40	3	17
149	2	14	36	40	40	2	26
149	2	14	37	40	40	2	1
149	2	14	39	40	40	3	3
149	2	15	0	40	40	2	21
149	2	15	5	40	40	2	128
149	2	15	16	40	40	2	66
149	2	15	17	40	40	3	132
149	2	15	19	40	40	2	123
149	2	15	20	40	40	2	148
149	2	15	22	40	40	3	146
149	2	15	23	40	40	3	3
149	2	15	25	40	40	3	inf
149	2	15	26	40	40	2	26
149	2	15	28	40	40	3	17
149	2	15	29	40	40	2	83
149	2	16	0	40	40	3	17
149	2	16	2	40	40	2	26
149	2	16	3	40	40	2	1
149	2	16	5	40	40	3	3
149	2	16	6	40	40	3	146
149	2	16	8	40	40	2	148
149	2	16	9	40	40	2	123
149	2	16	11	40	40	3	132
149	2	16	12	40	40	2	66
149	2	16	13	40	40	3	inf
149	2	16	23	40	40	2	128
149	2	16	28	40	40	2	21
149	2	16	39	40	40	2	83
149	2	17	6	40	40	2	21
149	2	17	11	40	40	2	128
149	2	17	22	40	40	2	66
149	2	17	23	40	40	3	132
149	2	17	25	40	40	2	123
149	2	17	26	40	40	2	148
149	2	17	28	40	40	3	146
149	2	17	29	40	40	3	3
149	2	17	31	40	40	3	inf
149	2	17	32	40	40	2	26
149	2	17	34	40	40	3	17
149	2	17	35	40	40	2	83
149	2	18	5	40	40	2	83
149	2	18	6	40	40	3	17
149	2	18	8	40	40	2	26
149	2	18	9	40	40	2	1
149	2	18	11	40	40	3	3
149	2	18	12	40	40	3	146
149	2	18	14	40	40	2	148
149	2	18	15	40	40	2	123
149	2	18	17	40	40	3	132
149	2	18	18	40	40	2	66
149	2	18	19	40	40	3	inf
149	2	18	29	40	40	2	128
149	2	18	34	40	40	2	21
149	2	19	0	40	40	3	17
149	2	19	1	40	40	2	83
149	2	19	12	40	40	2	21
149	2	19	17	40	40	2	128
149	2	19	28	40	40	2	66
149	2	19	29	40	40	3	132
149	2	19	31	40	40	2	123
149	2	19	32	40	40	2	148
149	2	19	34	40	40	3	146
149	2	19	35	40	40	3	3
149	2	19	37	40	40	3	inf
149	2	19	38	40	40	2	26
149	2	20	0	40	40	2	21
149	2	20	11	40	40	2	83
149	2	20	12	40	40	3	17
149	2	20	14	40	40	2	26
149	2	20	15	40	40	2	1
149	2	20	17	40	40	3	3
149	2	20	18	40	40	3	146
149	2	20	20	40	40	2	148
149	2	20	21	40	40	2	123
149	2	20	23	40	40	3	132
149	2	20	24	40	40	2	66
149	2	20	25	40	40	3	inf
149	2	20	35	40	40	2	128
149	2	21	0	40	40	3	146
149	2	21	1	40	40	3	3
149	2	21	3	40	40	3	inf
149	2	21	4	40	40	2	26
149	2	21	6	40	40	3	17
149	2	21	7	40	40	2	83
149	2	21	18	40	40	2	21
149	2	21	23	40	40	2	128
149	2	21	34	40	40	2	66
149	2	21	35	40	40	3	132
149	2	21	37	40	40	2	123
149	2	21	38	40	40	2	148
149	2	22	1	40	40	2	128
149	2	22	6	40	40	2	21
149	2	22	17	40	40	2	83
149	2	22	18	40	40	3	17
149	2	22	20	40	40	2	26
149	2	22	21	40	40	2	1
149	2	22	23	40	40	3	3
149	2	22	24	40	40	3	146
149	2	22	26	40	40	2	148
149	2	22	27	40	40	2	123
149	2	22	29	40	40	3	132
149	2	22	30	40	40	2	66
149	2	22	31	40	40	3	inf
149	2	23	0	40	40	2	66
149	2	23	1	40	40	3	132
149	2	23	3	40	40	2	123
149	2	23	4	40	40	2	148
149	2	23	6	40	40	3	146
149	2	23	7	40	40	3	3
149	2	23	9	40	40	3	inf
149	2	23	10	40	40	2	26
149	2	23	12	40	40	3	17
149	2	23	13	40	40	2	83
149	2	23	24	40	40	2	21
149	2	23	29	40	40	2	128
149	2	24	7	40	40	2	128
149	2	24	12	40	40	2	21
149	2	24	23	40	40	2	83
149	2	24	24	40	40	3	17
149	2	24	26	40	40	2	26
149	2	24	27	40	40	2	1
149	2	24	29	40	40	3	3
149	2	24	30	40	40	3	146
149	2	24	32	40	40	2	148
149	2	24	33	40	40	2	123
149	2	24	35	40	40	3	132
149	2	24	36	40	40	2	66
149	2	24	37	40	40	3	inf
149	2	25	6	40	40	2	66
149	2	25	7	40	40	3	132
149	2	25	9	40	40	2	123
149	2	25	10	40	40	2	148
149	2	25	12	40	40	3	146
149	2	25	13	40	40	3	3
149	2	25	15	40	40	3	inf
149	2	25	16	40	40	2	26
149	2	25	18	40	40	3	17
149	2	25	19	40	40	2	83
149	2	25	30	40	40	2	21
149	2	25	35	40	40	2	128
149	2	26	1	40	40	3	132
149	2	26	2	40	40	2	66
149	2	26	3	40	40	3	inf
149	2	26	13	40	40	2	128
149	2	26	18	40	40	2	21
149	2	26	29	40	40	2	83
149	2	26	30	40	40	3	17
149	2	26	32	40	40	2	26
149	2	26	33	40	40	2	1
149	2	26	35	40	40	3	3
149	2	26	36	40	40	3	146
149	2	26	38	40	40	2	148
149	2	26	39	40	40	2	123
149	2	27	1	40	40	2	128
149	2	27	12	40	40	2	66
149	2	27	13	40	40	3	132
149	2	27	15	40	40	2	123
149	2	27	16	40	40	2	148
149	2	27	18	40	40	3	146
149	2	27	19	40	40	3	3
149	2	27	21	40	40	3	inf
149	2	27	22	40	40	2	26
149	2	27	24	40	40	3	17
149	2	27	25	40	40	2	83
149	2	27	36	40	40	2	21
149	2	28	1	40	40	3	3
149	2	28	2	40	40	3	146
149	2	28	4	40	40	2	148
149	2	28	5	40	40	2	123
149	2	28	7	40	40	3	132
149	2	28	8	40	40	2	66
149	2	28	9	40	40	3	inf
149	2	28	19	40	40	2	128
149	2	28	24	40	40	2	21
149	2	28	35	40	40	2	83
149	2	28	36	40	40	3	17
149	2	28	38	40	40	2	26
149	2	28	39	40	40	2	1
149	2	29	2	40	40	2	21
149	2	29	7	40	40	2	128
149	2	29	18	40	40	2	66
149	2	29	19	40	40	3	132
149	2	29	21	40	40	2	123
149	2	29	22	40	40	2	148
149	2	29	24	40	40	3	146
149	2	29	25	40	40	3	3
149	2	29	27	40	40	3	inf
149	2	29	28	40	40	2	26
149	2	29	30	40	40	3	17
149	2	29	31	40	40	2	83
149	2	30	1	40	40	2	83
149	2	30	2	40	40	3	17
149	2	30	4	40	40	2	26
149	2	30	5	40	40	2	1
149	2	30	7	40	40	3	3
149	2	30	8	40	40	3	146
149	2	30	10	40	40	2	148
149	2	30	11	40	40	2	123
149	2	30	13	40	40	3	132
149	2	30	14	40	40	2	66
149	2	30	15	40	40	3	inf
149	2	30	25	40	40	2	128
149	2	30	30	40	40	2	21
149	2	31	8	40	40	2	21
149	2	31	13	40	40	2	128
149	2	31	24	40	40	2	66
149	2	31	25	40	40	3	132
149	2	31	27	40	40	2	123
149	2	31	28	40	40	2	148
149	2	31	30	40	40	3	146
149	2	31	31	40	40	3	3
149	2	31	33	40	40	3	inf
149	2	31	34	40	40	2	26
149	2	31	36	40	40	3	17
149	2	31	37	40	40	2	83
149	2	32	7	40	40	2	83
149	2	32	8	40	40	3	17
149	2	32	10	40	40	2	26
149	2	32	11	40	40	2	1
149	2	32	13	40	40	3	3
149	2	32	14	40	40	3	146
149	2	32	16	40	40	2	148
149	2	32	17	40	40	2	123
149	2	32	19	40	40	3	132
149	2	32	20	40	40	2	66
149	2	32	21	40	40	3	inf
149	2	32	31	40	40	2	128
149	2	32	36	40	40	2	21
149	2	33	0	40	40	2	26
149	2	33	2	40	40	3	17
149	2	33	3	40	40	2	83
149	2	33	14	40	40	2	21
149	2	33	19	40	40	2	128
149	2	33	30	40	40	2	66
149	2	33	31	40	40	3	132
149	2	33	33	40	40	2	123
149	2	33	34	40	40	2	148
149	2	33	36	40	40	3	146
149	2	33	37	40	40	3	3
149	2	33	39	40	40	3	inf
149	2	34	2	40	40	2	21
149	2	34	13	40	40	2	83
149	2	34	14	40	40	3	17
149	2	34	16	40	40	2	26
149	2	34	17	40	40	2	1
149	2	34	19	40	40	3	3
149	2	34	20	40	40	3	146
149	2	34	22	40	40	2	148
149	2	34	23	40	40	2	123
149	2	34	25	40	40	3	132
149	2	34	26	40	40	2	66
149	2	34	27	40	40	3	inf
149	2	34	37	40	40	2	128
149	2	35	0	40	40	2	148
149	2	35	2	40	40	3	146
149	2	35	3	40	40	3	3
149	2	35	5	40	40	3	inf
149	2	35	6	40	40	2	26
149	2	35	8	40	40	3	17
149	2	35	9	40	40	2	83
149	2	35	20	40	40	2	21
149	2	35	25	40	40	2	128
149	2	35	36	40	40	2	66
149	2	35	37	40	40	3	132
149	2	35	39	40	40	2	123
149	2	36	3	40	40	2	128
149	2	36	8	40	40	2	21
149	2	36	19	40	40	2	83
149	2	36	20	40	40	3	17
149	2	36	22	40	40	2	26
149	2	36	23	40	40	2	1
149	2	36	25	40	40	3	3
149	2	36	26	40	40	3	146
149	2	36	28	40	40	2	148
149	2	36	29	40	40	2	123
149	2	36	31	40	40	3	132
149	2	36	32	40	40	2	66
149	2	36	33	40	40	3	inf
149	2	37	2	40	40	2	66
149	2	37	3	40	40	3	132
149	2	37	5	40	40	2	123
149	2	37	6	40	40	2	148
149	2	37	8	40	40	3	146
149	2	37	9	40	40	3	3
149	2	37	11	40	40	3	inf
149	2	37	12	40	40	2	26
149	2	37	14	40	40	3	17
149	2	37	15	40	40	2	83
149	2	37	26	40	40	2	21
149	2	37	31	40	40	2	128
149	2	38	9	40	40	2	128
149	2	38	14	40	40	2	21
149	2	38	25	40	40	2	83
149	2	38	26	40	40	3	17
149	2	38	28	40	40	2	26
149	2	38	29	40	40	2	1
149	2	38	31	40	40	3	3
149	2	38	32	40	40	3	146
149	2	38	34	40	40	2	148
149	2	38	35	40	40	2	123
149	2	38	37	40	40	3	132
149	2	38	38	40	40	2	66
149	2	38	39	40	40	3	inf
149	2	39	8	40	40	2	66
149	2	39	9	40	40	3	132
149	2	39	11	40	40	2	123
149	2	39	12	40	40	2	148
149	2	39	14	40	40	3	146
149	2	39	15	40	40	3	3
149	2	39	17	40	40	3	inf
149	2	39	18	40	40	2	26
149	2	39	20	40	40	3	17
149	2	39	21	40	40	2	83
149	2	39	32	40	40	2	21
149	2	39	37	40	40	2	128
151	1	0	0	12	24	3	inf
151	1	1	5	12	24	3	inf
151	1	3	18	12	24	3	inf
151	1	4	23	12	24	3	inf
151	1	6	12	12	24	3	inf
151	1	7	17	12	24	3	inf
151	1	9	6	12	24	3	inf
151	1	10	11	12	24	3	inf
151	2	0	12	12	24	3	inf
151	2	1	17	12	24	3	inf
151	2	3	6	12	24	3	inf
151	2	4	11	12	24	3	inf
151	2	6	0	12	24	3	inf
151	2	7	5	12	24	3	inf
151	2	9	18	12	24	3	inf
151	2	10	23	12	24	3	inf
163	1	0	0	44	44	3	inf
163	1	0	1	44	44	2	94
163	1	0	8	44	44	2	94
163	1	0	23	44	44	2	69
163	1	0	30	44	44	2	69
163	1	0	35	44	44	3	inf
163	1	1	8	44	44	2	69
163	1	1	15	44	44	2	69
163	1	1	20	44	44	3	inf
163	1	1	29	44	44	3	inf
163	1	1	30	44	44	2	94
163	1	1	37	44	44	2	94
163	1	2	0	44	44	2	69
163	1	2	5	44	44	3	inf
163	1	2	14	44	44	3	inf
163	1	2	15	44	44	2	94
163	1	2	22	44	44	2	94
163	1	2	37	44	44	2	69
163	1	3	0	44	44	2	94
163	1	3	7	44	44	2	94
163	1	3	22	44	44	2	69
163	1	3	29	44	44	2	69
163	1	3	34	44	44	3	inf
163	1	3	43	44	44	3	inf
163	1	4	7	44	44	2	69
163	1	4	14	44	44	2	69
163	1	4	19	44	44	3	inf
163	1	4	28	44	44	3	inf
163	1	4	29	44	44	2	94
163	1	4	36	44	44	2	94
163	1	5	4	44	44	3	inf
163	1	5	13	44	44	3	inf
163	1	5	14	44	44	2	94
163	1	5	21	44	44	2	94
163	1	5	36	44	44	2	69
163	1	5	43	44	44	2	69
163	1	6	6	44	44	2	94
163	1	6	21	44	44	2	69
163	1	6	28	44	44	2	69
163	1	6	33	44	44	3	inf
163	1	6	42	44	44	3	inf
163	1	6	43	44	44	2	94
163	1	7	6	44	44	2	69
163	1	7	13	44	44	2	69
163	1	7	18	44	44	3	inf
163	1	7	27	44	44	3	inf
163	1	7	28	44	44	2	94
163	1	7	35	44	44	2	94
163	1	8	3	44	44	3	inf
163	1	8	12	44	44	3	inf
163	1	8	13	44	44	2	94
163	1	8	20	44	44	2	94
163	1	8	35	44	44	2	69
163	1	8	42	44	44	2	69
163	1	9	5	44	44	2	94
163	1	9	20	44	44	2	69
163	1	9	27	44	44	2	69
163	1	9	32	44	44	3	inf
163	1	9	41	44	44	3	inf
163	1	9	42	44	44	2	94
163	1	10	5	44	44	2	69
163	1	10	12	44	44	2	69
163	1	10	17	44	44	3	inf
163	1	10	26	44	44	3	inf
163	1	10	27	44	44	2	94
163	1	10	34	44	44	2	94
163	1	11	2	44	44	3	inf
163	1	11	11	44	44	3	inf
163	1	11	12	44	44	2	94
163	1	11	19	44	44	2	94
163	1	11	34	44	44	2	69
163	1	11	41	44	44	2	69
163	1	12	4	44	44	2	94
163	1	12	19	44	44	2	69
163	1	12	26	44	44	2	69
163	1	12	31	44	44	3	inf
163	1	12	40	44	44	3	inf
163	1	12	41	44	44	2	94
163	1	13	4	44	44	2	69
163	1	13	11	44	44	2	69
163	1	13	16	44	44	3	inf
163	1	13	25	44	44	3	inf
163	1	13	26	44	44	2	94
163	1	13	33	44	44	2	94
163	1	14	1	44	44	3	inf
163	1	14	10	44	44	3	inf
163	1	14	11	44	44	2	94
163	1	14	18	44	44	2	94
163	1	14	33	44	44	2	69
163	1	14	40	44	44	2	69
163	1	15	3	44	44	2	94
163	1	15	18	44	44	2	69
163	1	15	25	44	44	2	69
163	1	15	30	44	44	3	inf
163	1	15	39	44	44	3	inf
163	1	15	40	44	44	2	94
163	1	16	3	44	44	2	69
163	1	16	10	44	44	2	69
163	1	16	15	44	44	3	inf
163	1	16	24	44	44	3	inf
163	1	16	25	44	44	2	94
163	1	16	32	44	44	2	94
163	1	17	0	44	44	3	inf
163	1	17	9	44	44	3	inf
163	1	17	10	44	44	2	94
163	1	17	17	44	44	2	94
163	1	17	32	44	44	2	69
163	1	17	39	44	44	2	69
163	1	18	2	44	44	2	94
163	1	18	17	44	44	2	69
163	1	18	24	44	44	2	69
163	1	18	29	44	44	3	inf
163	1	18	38	44	44	3	inf
163	1	18	39	44	44	2	94
163	1	19	2	44	44	2	69
163	1	19	9	44	44	2	69
163	1	19	14	44	44	3	inf
163	1	19	23	44	44	3	inf
163	1	19	24	44	44	2	94
163	1	19	31	44	44	2	94
163	1	20	8	44	44	3	inf
163	1	20	9	44	44	2	94
163	1	20	16	44	44	2	94
163	1	20	31	44	44	2	69
163	1	20	38	44	44	2	69
163	1	20	43	44	44	3	inf
163	1	21	1	44	44	2	94
163	1	21	16	44	44	2	69
163	1	21	23	44	44	2	69
163	1	21	28	44	44	3	inf
163	1	21	37	44	44	3	inf
163	1	21	38	44	44	2	94
163	1	22	1	44	44	2	69
163	1	22	8	44	44	2	69
163	1	22	13	44	44	3	inf
163	1	22	22	44	44	3	inf
163	1	22	23	44	44	2	94
163	1	22	30	44	44	2	94
163	1	23	7	44	44	3	inf
163	1	23	8	44	44	2	94
163	1	23	15	44	44	2	94
163	1	23	30	44	44	2	69
163	1	23	37	44	44	2	69
163	1	23	42	44	44	3	inf
163	1	24	0	44	44	2	94
163	1	24	15	44	44	2	69
163	1	24	22	44	44	2	69
163	1	24	27	44	44	3	inf
163	1	24	36	44	44	3	inf
163	1	24	37	44	44	2	94
163	1	25	0	44	44	2	69
163	1	25	7	44	44	2	69
163	1	25	12	44	44	3	inf
163	1	25	21	44	44	3	inf
163	1	25	22	44	44	2	94
163	1	25	29	44	44	2	94
163	1	26	6	44	44	3	inf
163	1	26	7	44	44	2	94
163	1	26	14	44	44	2	94
163	1	26	29	44	44	2	69
163	1	26	36	44	44	2	69
163	1	26	41	44	44	3	inf
163	1	27	14	44	44	2	69
163	1	27	21	44	44	2	69
163	1	27	26	44	44	3	inf
163	1	27	35	44	44	3	inf
163	1	27	36	44	44	2	94
163	1	27	43	44	44	2	94
163	1	28	6	44	44	2	69
163	1	28	11	44	44	3	inf
163	1	28	20	44	44	3	inf
163	1	28	21	44	44	2	94
163	1	28	28	44	44	2	94
163	1	28	43	44	44	2	69
163	1	29	5	44	44	3	inf
163	1	29	6	44	44	2	94
163	1	29	13	44	44	2	94
163	1	29	28	44	44	2	69
163	1	29	35	44	44	2	69
163	1	29	40	44	44	3	inf
163	1	30	13	44	44	2	69
163	1	30	20	44	44	2	69
163	1	30	25	44	44	3	inf
163	1	30	34	44	44	3	inf
163	1	30	35	44	44	2	94
163	1	30	42	44	44	2	94
163	1	31	5	44	44	2	69
163	1	31	10	44	44	3	inf
163	1	31	19	44	44	3	inf
163	1	31	20	44	44	2	94
163	1	31	27	44	44	2	94
163	1	31	42	44	44	2	69
163	1	32	4	44	44	3	inf
163	1	32	5	44	44	2	94
163	1	32	12	44	44	2	94
163	1	32	27	44	44	2	69
163	1	32	34	44	44	2	69
163	1	32	39	44	44	3	inf
163	1	33	12	44	44	2	69
163	1	33	19	44	44	2	69
163	1	33	24	44	44	3	inf
163	1	33	33	44	44	3	inf
163	1	33	34	44	44	2	94
163	1	33	41	44	44	2	94
163	1	34	4	44	44	2	69
163	1	34	9	44	44	3	inf
163	1	34	18	44	44	3	inf
163	1	34	19	44	44	2	94
163	1	34	26	44	44	2	94
163	1	34	41	44	44	2	69
163	1	35	3	44	44	3	inf
163	1	35	4	44	44	2	94
163	1	35	11	44	44	2	94
163	1	35	26	44	44	2	69
163	1	35	33	44	44	2	69
163	1	35	38	44	44	3	inf
163	1	36	11	44	44	2	69
163	1	36	18	44	44	2	69
163	1	36	23	44	44	3	inf
163	1	36	32	44	44	3	inf
163	1	36	33	44	44	2	94
163	1	36	40	44	44	2	94
163	1	37	3	44	44	2	69
163	1	37	8	44	44	3	inf
163	1	37	17	44	44	3	inf
163	1	37	18	44	44	2	94
163	1	37	25	44	44	2	94
163	1	37	40	44	44	2	69
163	1	38	2	44	44	3	inf
163	1	38	3	44	44	2	94
163	1	38	10	44	44	2	94
163	1	38	25	44	44	2	69
163	1	38	32	44	44	2	69
163	1	38	37	44	44	3	inf
163	1	39	10	44	44	2	69
163	1	39	17	44	44	2	69
163	1	39	22	44	44	3	inf
163	1	39	31	44	44	3	inf
163	1	39	32	44	44	2	94
163	1	39	39	44	44	2	94
163	1	40	2	44	44	2	69
163	1	40	7	44	44	3	inf
163	1	40	16	44	44	3	inf
163	1	40	17	44	44	2	94
163	1	40	24	44	44	2	94
163	1	40	39	44	44	2	69
163	1	41	1	44	44	3	inf
163	1	41	2	44	44	2	94
163	1	41	9	44	44	2	94
163	1	41	24	44	44	2	69
163	1	41	31	44	44	2	69
163	1	41	36	44	44	3	inf
163	1	42	9	44	44	2	69
163	1	42	16	44	44	2	69
163	1	42	21	44	44	3	inf
163	1	42	30	44	44	3	inf
163	1	42	31	44	44	2	94
163	1	42	38	44	44	2	94
163	1	43	1	44	44	2	69
163	1	43	6	44	44	3	inf
163	1	43	15	44	44	3	inf
163	1	43	16	44	44	2	94
163	1	43	23	44	44	2	94
163	1	43	38	44	44	2	69
163	2	0	1	44	44	2	69
163	2	0	8	44	44	2	69
163	2	0	13	44	44	3	inf
163	2	0	22	44	44	3	inf
163	2	0	23	44	44	2	94
163	2	0	30	44	44	2	94
163	2	1	7	44	44	3	inf
163	2	1	8	44	44	2	94
163	2	1	15	44	44	2	94
163	2	1	30	44	44	2	69
163	2	1	37	44	44	2	69
163	2	1	42	44	44	3	inf
163	2	2	0	44	44	2	94
163	2	2	15	44	44	2	69
163	2	2	22	44	44	2	69
163	2	2	27	44	44	3	inf
163	2	2	36	44	44	3	inf
163	2	2	37	44	44	2	94
163	2	3	0	44	44	2	69
163	2	3	7	44	44	2	69
163	2	3	12	44	44	3	inf
163	2	3	21	44	44	3	inf
163	2	3	22	44	44	2	94
163	2	3	29	44	44	2	94
163	2	4	6	44	44	3	inf
163	2	4	7	44	44	2	94
163	2	4	14	44	44	2	94
163	2	4	29	44	44	2	69
163	2	4	36	44	44	2	69
163	2	4	41	44	44	3	inf
163	2	5	14	44	44	2	69
163	2	5	21	44	44	2	69
163	2	5	26	44	44	3	inf
163	2	5	35	44	44	3	inf
163	2	5	36	44	44	2	94
163	2	5	43	44	44	2	94
163	2	6	6	44	44	2	69
163	2	6	11	44	44	3	inf
163	2	6	20	44	44	3	inf
163	2	6	21	44	44	2	94
163	2	6	28	44	44	2	94
163	2	6	43	44	44	2	69
163	2	7	5	44	44	3	inf
163	2	7	6	44	44	2	94
163	2	7	13	44	44	2	94
163	2	7	28	44	44	2	69
163	2	7	35	44	44	2	69
163	2	7	40	44	44	3	inf
163	2	8	13	44	44	2	69
163	2	8	20	44	44	2	69
163	2	8	25	44	44	3	inf
163	2	8	34	44	44	3	inf
163	2	8	35	44	44	2	94
163	2	8	42	44	44	2	94
163	2	9	5	44	44	2	69
163	2	9	10	44	44	3	inf
163	2	9	19	44	44	3	inf
163	2	9	20	44	44	2	94
163	2	9	27	44	44	2	94
163	2	9	42	44	44	2	69
163	2	10	4	44	44	3	inf
163	2	10	5	44	44	2	94
163	2	10	12	44	44	2	94
163	2	10	27	44	44	2	69
163	2	10	34	44	44	2	69
163	2	10	39	44	44	3	inf
163	2	11	12	44	44	2	69
163	2	11	19	44	44	2	69
163	2	11	24	44	44	3	inf
163	2	11	33	44	44	3	inf
163	2	11	34	44	44	2	94
163	2	11	41	44	44	2	94
163	2	12	4	44	44	2	69
163	2	12	9	44	44	3	inf
163	2	12	18	44	44	3	inf
163	2	12	19	44	44	2	94
163	2	12	26	44	44	2	94
163	2	12	41	44	44	2	69
163	2	13	3	44	44	3	inf
163	2	13	4	44	44	2	94
163	2	13	11	44	44	2	94
163	2	13	26	44	44	2	69
163	2	13	33	44	44	2	69
163	2	13	38	44	44	3	inf
163	2	14	11	44	44	2	69
163	2	14	18	44	44	2	69
163	2	14	23	44	44	3	inf
163	2	14	32	44	44	3	inf
163	2	14	33	44	44	2	94
163	2	14	40	44	44	2	94
163	2	15	3	44	44	2	69
163	2	15	8	44	44	3	inf
163	2	15	17	44	44	3	inf
163	2	15	18	44	44	2	94
163	2	15	25	44	44	2	94
163	2	15	40	44	44	2	69
163	2	16	2	44	44	3	inf
163	2	16	3	44	44	2	94
163	2	16	10	44	44	2	94
163	2	16	25	44	44	2	69
163	2	16	32	44	44	2	69
163	2	16	37	44	44	3	inf
163	2	17	10	44	44	2	69
163	2	17	17	44	44	2	69
163	2	17	22	44	44	3	inf
163	2	17	31	44	44	3	inf
163	2	17	32	44	44	2	94
163	2	17	39	44	44	2	94
163	2	18	2	44	44	2	69
163	2	18	7	44	44	3	inf
163	2	18	16	44	44	3	inf
163	2	18	17	44	44	2	94
163	2	18	24	44	44	2	94
163	2	18	39	44	44	2	69
163	2	19	1	44	44	3	inf
163	2	19	2	44	44	2	94
163	2	19	9	44	44	2	94
163	2	19	24	44	44	2	69
163	2	19	31	44	44	2	69
163	2	19	36	44	44	3	inf
163	2	20	9	44	44	2	69
163	2	20	16	44	44	2	69
163	2	20	21	44	44	3	inf
163	2	20	30	44	44	3	inf
163	2	20	31	44	44	2	94
163	2	20	38	44	44	2	94
163	2	21	1	44	44	2	69
163	2	21	6	44	44	3	inf
163	2	21	15	44	44	3	inf
163	2	21	16	44	44	2	94
163	2	21	23	44	44	2	94
163	2	21	38	44	44	2	69
163	2	22	0	44	44	3	inf
163	2	22	1	44	44	2	94
163	2	22	8	44	44	2	94
163	2	22	23	44	44	2	69
163	2	22	30	44	44	2	69
163	2	22	35	44	44	3	inf
163	2	23	8	44	44	2	69
163	2	23	15	44	44	2	69
163	2	23	20	44	44	3	inf
163	2	23	29	44	44	3	inf
163	2	23	30	44	44	2	94
163	2	23	37	44	44	2	94
163	2	24	0	44	44	2	69
163	2	24	5	44	44	3	inf
163	2	24	14	44	44	3	inf
163	2	24	15	44	44	2	94
163	2	24	22	44	44	2	94
163	2	24	37	44	44	2	69
163	2	25	0	44	44	2	94
163	2	25	7	44	44	2	94
163	2	25	22	44	44	2	69
163	2	25	29	44	44	2	69
163	2	25	34	44	44	3	inf
163	2	25	43	44	44	3	inf
163	2	26	7	44	44	2	69
163	2	26	14	44	44	2	69
163	2	26	19	44	44	3	inf
163	2	26	28	44	44	3	inf
163	2	26	29	44	44	2	94
163	2	26	36	44	44	2	94
163	2	27	4	44	44	3	inf
163	2	27	13	44	44	3	inf
163	2	27	14	44	44	2	94
163	2	27	21	44	44	2	94
163	2	27	36	44	44	2	69
163	2	27	43	44	44	2	69
163	2	28	6	44	44	2	94
163	2	28	21	44	44	2	69
163	2	28	28	44	44	2	69
163	2	28	33	44	44	3	inf
163	2	28	42	44	44	3	inf
163	2	28	43	44	44	2	94
163	2	29	6	44	44	2	69
163	2	29	13	44	44	2	69
163	2	29	18	44	44	3	inf
163	2	29	27	44	44	3	inf
163	2	29	28	44	44	2	94
163	2	29	35	44	44	2	94
163	2	30	3	44	44	3	inf
163	2	30	12	44	44	3	inf
163	2	30	13	44	44	2	94
163	2	30	20	44	44	2	94
163	2	30	35	44	44	2	69
163	2	30	42	44	44	2	69
163	2	31	5	44	44	2	94
163	2	31	20	44	44	2	69
163	2	31	27	44	44	2	69
163	2	31	32	44	44	3	inf
163	2	31	41	44	44	3	inf
163	2	31	42	44	44	2	94
163	2	32	5	44	44	2	69
163	2	32	12	44	44	2	69
163	2	32	17	44	44	3	inf
163	2	32	26	44	44	3	inf
163	2	32	27	44	44	2	94
163	2	32	34	44	44	2	94
163	2	33	2	44	44	3	inf
163	2	33	11	44	44	3	inf
163	2	33	12	44	44	2	94
163	2	33	19	44	44	2	94
163	2	33	34	44	44	2	69
163	2	33	41	44	44	2	69
163	2	34	4	44	44	2	94
163	2	34	19	44	44	2	69
163	2	34	26	44	44	2	69
163	2	34	31	44	44	3	inf
163	2	34	40	44	44	3	inf
163	2	34	41	44	44	2	94
163	2	35	4	44	44	2	69
163	2	35	11	44	44	2	69
163	2	35	16	44	44	3	inf
163	2	35	25	44	44	3	inf
163	2	35	26	44	44	2	94
163	2	35	33	44	44	2	94
163	2	36	1	44	44	3	inf
163	2	36	10	44	44	3	inf
163	2	36	11	44	44	2	94
163	2	36	18	44	44	2	94
163	2	36	33	44	44	2	69
163	2	36	40	44	44	2	69
163	2	37	3	44	44	2	94
163	2	37	18	44	44	2	69
163	2	37	25	44	44	2	69
163	2	37	30	44	44	3	inf
163	2	37	39	44	44	3	inf
163	2	37	40	44	44	2	94
163	2	38	3	44	44	2	69
163	2	38	10	44	44	2	69
163	2	38	15	44	44	3	inf
163	2	38	24	44	44	3	inf
163	2	38	25	44	44	2	94
163	2	38	32	44	44	2	94
163	2	39	0	44	44	3	inf
163	2	39	9	44	44	3	inf
163	2	39	10	44	44	2	94
163	2	39	17	44	44	2	94
163	2	39	32	44	44	2	69
163	2	39	39	44	44	2	69
163	2	40	2	44	44	2	94
163	2	40	17	44	44	2	69
163	2	40	24	44	44	2	69
163	2	40	29	44	44	3	inf
163	2	40	38	44	44	3	inf
163	2	40	39	44	44	2	94
163	2	41	2	44	44	2	69
163	2	41	9	44	44	2	69
163	2	41	14	44	44	3	inf
163	2	41	23	44	44	3	inf
163	2	41	24	44	44	2	94
163	2	41	31	44	44	2	94
163	2	42	8	44	44	3	inf
163	2	42	9	44	44	2	94
163	2	42	16	44	44	2	94
163	2	42	31	44	44	2	69
163	2	42	38	44	44	2	69
163	2	42	43	44	44	3	inf
163	2	43	1	44	44	2	94
163	2	43	16	44	44	2	69
163	2	43	23	44	44	2	69
163	2	43	28	44	44	3	inf
163	2	43	37	44	44	3	inf
163	2	43	38	44	44	2	94
173	1	0	0	11	44	3	inf
173	1	0	1	11	44	3	inf
173	1	0	2	11	44	2	76
173	1	0	3	11	44	2	144
173	1	0	18	11	44	2	29
173	1	0	19	11	44	2	97
173	1	0	20	11	44	2	73
173	1	0	23	11	44	2	73
173	1	0	24	11	44	2	97
173	1	0	25	11	44	2	29
173	1	0	40	11	44	2	144
173	1	0	41	11	44	2	76
173	1	0	42	11	44	2	100
173	1	1	8	11	44	2	144
173	1	1	9	11	44	2	76
173	1	1	10	11	44	2	100
173	1	1	12	11	44	3	inf
173	1	1	13	11	44	3	inf
173	1	1	14	11	44	2	76
173	1	1	15	11	44	2	144
173	1	1	30	11	44	2	29
173	1	1	31	11	44	2	97
173	1	1	32	11	44	2	73
173	1	1	35	11	44	2	73
173	1	1	36	11	44	2	97
173	1	1	37	11	44	2	29
173	1	2	0	11	44	2	73
173	1	2	3	11	44	2	73
173	1	2	4	11	44	2	97
173	1	2	5	11	44	2	29
173	1	2	20	11	44	2	144
173	1	2	21	11	44	2	76
173	1	2	22	11	44	2	100
173	1	2	24	11	44	3	inf
173	1	2	25	11	44	3	inf
173	1	2	26	11	44	2	76
173	1	2	27	11	44	2	144
173	1	2	42	11	44	2	29
173	1	2	43	11	44	2	97
173	1	3	10	11	44	2	29
173	1	3	11	11	44	2	97
173	1	3	12	11	44	2	73
173	1	3	15	11	44	2	73
173	1	3	16	11	44	2	97
173	1	3	17	11	44	2	29
173	1	3	32	11	44	2	144
173	1	3	33	11	44	2	76
173	1	3	34	11	44	2	100
173	1	3	36	11	44	3	inf
173	1	3	37	11	44	3	inf
173	1	3	38	11	44	2	76
173	1	3	39	11	44	2	144
173	1	4	0	11	44	2	144
173	1	4	1	11	44	2	76
173	1	4	2	11	44	2	100
173	1	4	4	11	44	3	inf
173	1	4	5	11	44	3	inf
173	1	4	6	11	44	2	76
173	1	4	7	11	44	2	144
173	1	4	22	11	44	2	29
173	1	4	23	11	44	2	97
173	1	4	24	11	44	2	73
173	1	4	27	11	44	2	73
173	1	4	28	11	44	2	97
173	1	4	29	11	44	2	29
173	1	5	12	11	44	2	144
173	1	5	13	11	44	2	76
173	1	5	14	11	44	2	100
173	1	5	16	11	44	3	inf
173	1	5	17	11	44	3	inf
173	1	5	18	11	44	2	76
173	1	5	19	11	44	2	144
173	1	5	34	11	44	2	29
173	1	5	35	11	44	2	97
173	1	5	36	11	44	2	73
173	1	5	39	11	44	2	73
173	1	5	40	11	44	2	97
173	1	5	41	11	44	2	29
173	1	6	2	11	44	2	29
173	1	6	3	11	44	2	97
173	1	6	4	11	44	2	73
173	1	6	7	11	44	2	73
173	1	6	8	11	44	2	97
173	1	6	9	11	44	2	29
173	1	6	24	11	44	2	144
173	1	6	25	11	44	2	76
173	1	6	26	11	44	2	100
173	1	6	28	11	44	3	inf
173	1	6	29	11	44	3	inf
173	1	6	30	11	44	2	76
173	1	6	31	11	44	2	144
173	1	7	14	11	44	2	29
173	1	7	15	11	44	2	97
173	1	7	16	11	44	2	73
173	1	7	19	11	44	2	73
173	1	7	20	11	44	2	97
173	1	7	21	11	44	2	29
173	1	7	36	11	44	2	144
173	1	7	37	11	44	2	76
173	1	7	38	11	44	2	100
173	1	7	40	11	44	3	inf
173	1	7	41	11	44	3	inf
173	1	7	42	11	44	2	76
173	1	7	43	11	44	2	144
173	1	8	4	11	44	2	144
173	1	8	5	11	44	2	76
173	1	8	6	11	44	2	100
173	1	8	8	11	44	3	inf
173	1	8	9	11	44	3	inf
173	1	8	10	11	44	2	76
173	1	8	11	11	44	2	144
173	1	8	26	11	44	2	29
173	1	8	27	11	44	2	97
173	1	8	28	11	44	2	73
173	1	8	31	11	44	2	73
173	1	8	32	11	44	2	97
173	1	8	33	11	44	2	29
173	1	9	0	11	44	2	97
173	1	9	1	11	44	2	29
173	1	9	16	11	44	2	144
173	1	9	17	11	44	2	76
173	1	9	18	11	44	2	100
173	1	9	20	11	44	3	inf
173	1	9	21	11	44	3	inf
173	1	9	22	11	44	2	76
173	1	9	23	11	44	2	144
173	1	9	38	11	44	2	29
173	1	9	39	11	44	2	97
173	1	9	40	11	44	2	73
173	1	9	43	11	44	2	73
173	1	10	6	11	44	2	29
173	1	10	7	11	44	2	97
173	1	10	8	11	44	2	73
173	1	10	11	11	44	2	73
173	1	10	12	11	44	2	97
173	1	10	13	11	44	2	29
173	1	10	28	11	44	2	144
173	1	10	29	11	44	2	76
173	1	10	30	11	44	2	100
173	1	10	32	11	44	3	inf
173	1	10	33	11	44	3	inf
173	1	10	34	11	44	2	76
173	1	10	35	11	44	2	144
173	2	0	1	11	44	2	73
173	2	0	2	11	44	2	97
173	2	0	3	11	44	2	29
173	2	0	18	11	44	2	144
173	2	0	19	11	44	2	76
173	2	0	20	11	44	2	100
173	2	0	22	11	44	3	inf
173	2	0	23	11	44	3	inf
173	2	0	24	11	44	2	76
173	2	0	25	11	44	2	144
173	2	0	40	11	44	2	29
173	2	0	41	11	44	2	97
173	2	0	42	11	44	2	73
173	2	1	8	11	44	2	29
173	2	1	9	11	44	2	97
173	2	1	10	11	44	2	73
173	2	1	13	11	44	2	73
173	2	1	14	11	44	2	97
173	2	1	15	11	44	2	29
173	2	1	30	11	44	2	144
173	2	1	31	11	44	2	76
173	2	1	32	11	44	2	100
173	2	1	34	11	44	3	inf
173	2	1	35	11	44	3	inf
173	2	1	36	11	44	2	76
173	2	1	37	11	44	2	144
173	2	2	0	11	44	2	100
173	2	2	2	11	44	3	inf
173	2	2	3	11	44	3	inf
173	2	2	4	11	44	2	76
173	2	2	5	11	44	2	144
173	2	2	20	11	44	2	29
173	2	2	21	11	44	2	97
173	2	2	22	11	44	2	73
173	2	2	25	11	44	2	73
173	2	2	26	11	44	2	97
173	2	2	27	11	44	2	29
173	2	2	42	11	44	2	144
173	2	2	43	11	44	2	76
173	2	3	10	11	44	2	144
173	2	3	11	11	44	2	76
173	2	3	12	11	44	2	100
173	2	3	14	11	44	3	inf
173	2	3	15	11	44	3	inf
173	2	3	16	11	44	2	76
173	2	3	17	11	44	2	144
173	2	3	32	11	44	2	29
173	2	3	33	11	44	2	97
173	2	3	34	11	44	2	73
173	2	3	37	11	44	2	73
173	2	3	38	11	44	2	97
173	2	3	39	11	44	2	29
173	2	4	0	11	44	2	29
173	2	4	1	11	44	2	97
173	2	4	2	11	44	2	73
173	2	4	5	11	44	2	73
173	2	4	6	11	44	2	97
173	2	4	7	11	44	2	29
173	2	4	22	11	44	2	144
173	2	4	23	11	44	2	76
173	2	4	24	11	44	2	100
173	2	4	26	11	44	3	inf
173	2	4	27	11	44	3	inf
173	2	4	28	11	44	2	76
173	2	4	29	11	44	2	144
173	2	5	12	11	44	2	29
173	2	5	13	11	44	2	97
173	2	5	14	11	44	2	73
173	2	5	17	11	44	2	73
173	2	5	18	11	44	2	97
173	2	5	19	11	44	2	29
173	2	5	34	11	44	2	144
173	2	5	35	11	44	2	76
173	2	5	36	11	44	2	100
173	2	5	38	11	44	3	inf
173	2	5	39	11	44	3	inf
173	2	5	40	11	44	2	76
173	2	5	41	11	44	2	144
173	2	6	2	11	44	2	144
173	2	6	3	11	44	2	76
173	2	6	4	11	44	2	100
173	2	6	6	11	44	3	inf
173	2	6	7	11	44	3	inf
173	2	6	8	11	44	2	76
173	2	6	9	11	44	2	144
173	2	6	24	11	44	2	29
173	2	6	25	11	44	2	97
173	2	6	26	11	44	2	73
173	2	6	29	11	44	2	73
173	2	6	30	11	44	2	97
173	2	6	31	11	44	2	29
173	2	7	14	11	44	2	144
173	2	7	15	11	44	2	76
173	2	7	16	11	44	2	100
173	2	7	18	11	44	3	inf
173	2	7	19	11	44	3	inf
173	2	7	20	11	44	2	76
173	2	7	21	11	44	2	144
173	2	7	36	11	44	2	29
173	2	7	37	11	44	2	97
173	2	7	38	11	44	2	73
173	2	7	41	11	44	2	73
173	2	7	42	11	44	2	97
173	2	7	43	11	44	2	29
173	2	8	4	11	44	2	29
173	2	8	5	11	44	2	97
173	2	8	6	11	44	2	73
173	2	8	9	11	44	2	73
173	2	8	10	11	44	2	97
173	2	8	11	11	44	2	29
173	2	8	26	11	44	2	144
173	2	8	27	11	44	2	76
173	2	8	28	11	44	2	100
173	2	8	30	11	44	3	inf
173	2	8	31	11	44	3	inf
173	2	8	32	11	44	2	76
173	2	8	33	11	44	2	144
173	2	9	0	11	44	2	76
173	2	9	1	11	44	2	144
173	2	9	16	11	44	2	29
173	2	9	17	11	44	2	97
173	2	9	18	11	44	2	73
173	2	9	21	11	44	2	73
173	2	9	22	11	44	2	97
173	2	9	23	11	44	2	29
173	2	9	38	11	44	2	144
173	2	9	39	11	44	2	76
173	2	9	40	11	44	2	100
173	2	9	42	11	44	3	inf
173	2	9	43	11	44	3	inf
173	2	10	6	11	44	2	144
173	2	10	7	11	44	2	76
173	2	10	8	11	44	2	100
173	2	10	10	11	44	3	inf
173	2	10	11	11	44	3	inf
173	2	10	12	11	44	2	76
173	2	10	13	11	44	2	144
173	2	10	28	11	44	2	29
173	2	10	29	11	44	2	97
173	2	10	30	11	44	2	73
173	2	10	33	11	44	2	73
173	2	10	34	11	44	2	97
173	2	10	35	11	44	2	29
191	1	0	0	88	44	3	inf
191	1	0	1	88	44	2	149
191	1	0	2	88	44	2	86
191	1	0	3	88	44	2	111
191	1	0	7	88	44	2	111
191	1	0	8	88	44	2	86
191	1	0	9	88	44	2	149
191	1	0	10	88	44	2	1
191	1	0	14	88	44	2	107
191	1	0	15	88	44	2	178
191	1	0	34	88	44	3	inf
191	1	0	39	88	44	2	178
191	1	0	40	88	44	2	107
191	1	1	5	88	44	2	153
191	1	1	7	88	44	2	47
191	1	1	11	88	44	2	14
191	1	1	14	88	44	2	173
191	1	1	18	88	44	2	57
191	1	1	27	88	44	2	134
191	1	1	31	88	44	2	18
191	1	1	34	88	44	2	177
191	1	1	38	88	44	2	144
191	1	1	40	88	44	2	38
191	1	2	0	88	44	2	42
191	1	2	1	88	44	2	190
191	1	2	5	88	44	2	84
191	1	2	6	88	44	2	13
191	1	2	30	88	44	2	13
191	1	2	31	88	44	2	84
191	1	2	35	88	44	2	190
191	1	2	36	88	44	2	42
191	1	2	37	88	44	2	105
191	1	2	38	88	44	2	80
191	1	2	42	88	44	2	80
191	1	2	43	88	44	2	105
191	1	3	2	88	44	2	177
191	1	3	5	88	44	2	18
191	1	3	9	88	44	2	134
191	1	3	18	88	44	2	57
191	1	3	22	88	44	2	173
191	1	3	25	88	44	2	14
191	1	3	29	88	44	2	47
191	1	3	31	88	44	2	153
191	1	3	40	88	44	2	38
191	1	3	42	88	44	2	144
191	1	4	16	88	44	3	inf
191	1	4	21	88	44	2	178
191	1	4	22	88	44	2	107
191	1	4	26	88	44	3	inf
191	1	4	27	88	44	2	149
191	1	4	28	88	44	2	86
191	1	4	29	88	44	2	111
191	1	4	33	88	44	2	111
191	1	4	34	88	44	2	86
191	1	4	35	88	44	2	149
191	1	4	36	88	44	2	1
191	1	4	40	88	44	2	107
191	1	4	41	88	44	2	178
191	1	5	0	88	44	2	57
191	1	5	9	88	44	2	134
191	1	5	13	88	44	2	18
191	1	5	16	88	44	2	177
191	1	5	20	88	44	2	144
191	1	5	22	88	44	2	38
191	1	5	31	88	44	2	153
191	1	5	33	88	44	2	47
191	1	5	37	88	44	2	14
191	1	5	40	88	44	2	173
191	1	6	12	88	44	2	13
191	1	6	13	88	44	2	84
191	1	6	17	88	44	2	190
191	1	6	18	88	44	2	42
191	1	6	19	88	44	2	105
191	1	6	20	88	44	2	80
191	1	6	24	88	44	2	80
191	1	6	25	88	44	2	105
191	1	6	26	88	44	2	42
191	1	6	27	88	44	2	190
191	1	6	31	88	44	2	84
191	1	6	32	88	44	2	13
191	1	7	0	88	44	2	57
191	1	7	4	88	44	2	173
191	1	7	7	88	44	2	14
191	1	7	11	88	44	2	47
191	1	7	13	88	44	2	153
191	1	7	22	88	44	2	38
191	1	7	24	88	44	2	144
191	1	7	28	88	44	2	177
191	1	7	31	88	44	2	18
191	1	7	35	88	44	2	134
191	1	8	3	88	44	2	178
191	1	8	4	88	44	2	107
191	1	8	8	88	44	3	inf
191	1	8	9	88	44	2	149
191	1	8	10	88	44	2	86
191	1	8	11	88	44	2	111
191	1	8	15	88	44	2	111
191	1	8	16	88	44	2	86
191	1	8	17	88	44	2	149
191	1	8	18	88	44	2	1
191	1	8	22	88	44	2	107
191	1	8	23	88	44	2	178
191	1	8	42	88	44	3	inf
191	1	9	2	88	44	2	144
191	1	9	4	88	44	2	38
191	1	9	13	88	44	2	153
191	1	9	15	88	44	2	47
191	1	9	19	88	44	2	14
191	1	9	22	88	44	2	173
191	1	9	26	88	44	2	57
191	1	9	35	88	44	2	134
191	1	9	39	88	44	2	18
191	1	9	42	88	44	2	177
191	1	10	0	88	44	2	42
191	1	10	1	88	44	2	105
191	1	10	2	88	44	2	80
191	1	10	6	88	44	2	80
191	1	10	7	88	44	2	105
191	1	10	8	88	44	2	42
191	1	10	9	88	44	2	190
191	1	10	13	88	44	2	84
191	1	10	14	88	44	2	13
191	1	10	38	88	44	2	13
191	1	10	39	88	44	2	84
191	1	10	43	88	44	2	190
191	1	11	4	88	44	2	38
191	1	11	6	88	44	2	144
191	1	11	10	88	44	2	177
191	1	11	13	88	44	2	18
191	1	11	17	88	44	2	134
191	1	11	26	88	44	2	57
191	1	11	30	88	44	2	173
191	1	11	33	88	44	2	14
191	1	11	37	88	44	2	47
191	1	11	39	88	44	2	153
191	1	12	0	88	44	2	1
191	1	12	4	88	44	2	107
191	1	12	5	88	44	2	178
191	1	12	24	88	44	3	inf
191	1	12	29	88	44	2	178
191	1	12	30	88	44	2	107
191	1	12	34	88	44	3	inf
191	1	12	35	88	44	2	149
191	1	12	36	88	44	2	86
191	1	12	37	88	44	2	111
191	1	12	41	88	44	2	111
191	1	12	42	88	44	2	86
191	1	12	43	88	44	2	149
191	1	13	1	88	44	2	14
191	1	13	4	88	44	2	173
191	1	13	8	88	44	2	57
191	1	13	17	88	44	2	134
191	1	13	21	88	44	2	18
191	1	13	24	88	44	2	177
191	1	13	28	88	44	2	144
191	1	13	30	88	44	2	38
191	1	13	39	88	44	2	153
191	1	13	41	88	44	2	47
191	1	14	20	88	44	2	13
191	1	14	21	88	44	2	84
191	1	14	25	88	44	2	190
191	1	14	26	88	44	2	42
191	1	14	27	88	44	2	105
191	1	14	28	88	44	2	80
191	1	14	32	88	44	2	80
191	1	14	33	88	44	2	105
191	1	14	34	88	44	2	42
191	1	14	35	88	44	2	190
191	1	14	39	88	44	2	84
191	1	14	40	88	44	2	13
191	1	15	8	88	44	2	57
191	1	15	12	88	44	2	173
191	1	15	15	88	44	2	14
191	1	15	19	88	44	2	47
191	1	15	21	88	44	2	153
191	1	15	30	88	44	2	38
191	1	15	32	88	44	2	144
191	1	15	36	88	44	2	177
191	1	15	39	88	44	2	18
191	1	15	43	88	44	2	134
191	1	16	6	88	44	3	inf
191	1	16	11	88	44	2	178
191	1	16	12	88	44	2	107
191	1	16	16	88	44	3	inf
191	1	16	17	88	44	2	149
191	1	16	18	88	44	2	86
191	1	16	19	88	44	2	111
191	1	16	23	88	44	2	111
191	1	16	24	88	44	2	86
191	1	16	25	88	44	2	149
191	1	16	26	88	44	2	1
191	1	16	30	88	44	2	107
191	1	16	31	88	44	2	178
191	1	17	3	88	44	2	18
191	1	17	6	88	44	2	177
191	1	17	10	88	44	2	144
191	1	17	12	88	44	2	38
191	1	17	21	88	44	2	153
191	1	17	23	88	44	2	47
191	1	17	27	88	44	2	14
191	1	17	30	88	44	2	173
191	1	17	34	88	44	2	57
191	1	17	43	88	44	2	134
191	1	18	2	88	44	2	13
191	1	18	3	88	44	2	84
191	1	18	7	88	44	2	190
191	1	18	8	88	44	2	42
191	1	18	9	88	44	2	105
191	1	18	10	88	44	2	80
191	1	18	14	88	44	2	80
191	1	18	15	88	44	2	105
191	1	18	16	88	44	2	42
191	1	18	17	88	44	2	190
191	1	18	21	88	44	2	84
191	1	18	22	88	44	2	13
191	1	19	1	88	44	2	47
191	1	19	3	88	44	2	153
191	1	19	12	88	44	2	38
191	1	19	14	88	44	2	144
191	1	19	18	88	44	2	177
191	1	19	21	88	44	2	18
191	1	19	25	88	44	2	134
191	1	19	34	88	44	2	57
191	1	19	38	88	44	2	173
191	1	19	41	88	44	2	14
191	1	20	0	88	44	2	86
191	1	20	1	88	44	2	111
191	1	20	5	88	44	2	111
191	1	20	6	88	44	2	86
191	1	20	7	88	44	2	149
191	1	20	8	88	44	2	1
191	1	20	12	88	44	2	107
191	1	20	13	88	44	2	178
191	1	20	32	88	44	3	inf
191	1	20	37	88	44	2	178
191	1	20	38	88	44	2	107
191	1	20	42	88	44	3	inf
191	1	20	43	88	44	2	149
191	1	21	3	88	44	2	153
191	1	21	5	88	44	2	47
191	1	21	9	88	44	2	14
191	1	21	12	88	44	2	173
191	1	21	16	88	44	2	57
191	1	21	25	88	44	2	134
191	1	21	29	88	44	2	18
191	1	21	32	88	44	2	177
191	1	21	36	88	44	2	144
191	1	21	38	88	44	2	38
191	1	22	3	88	44	2	84
191	1	22	4	88	44	2	13
191	1	22	28	88	44	2	13
191	1	22	29	88	44	2	84
191	1	22	33	88	44	2	190
191	1	22	34	88	44	2	42
191	1	22	35	88	44	2	105
191	1	22	36	88	44	2	80
191	1	22	40	88	44	2	80
191	1	22	41	88	44	2	105
191	1	22	42	88	44	2	42
191	1	22	43	88	44	2	190
191	1	23	0	88	44	2	177
191	1	23	3	88	44	2	18
191	1	23	7	88	44	2	134
191	1	23	16	88	44	2	57
191	1	23	20	88	44	2	173
191	1	23	23	88	44	2	14
191	1	23	27	88	44	2	47
191	1	23	29	88	44	2	153
191	1	23	38	88	44	2	38
191	1	23	40	88	44	2	144
191	1	24	14	88	44	3	inf
191	1	24	19	88	44	2	178
191	1	24	20	88	44	2	107
191	1	24	24	88	44	3	inf
191	1	24	25	88	44	2	149
191	1	24	26	88	44	2	86
191	1	24	27	88	44	2	111
191	1	24	31	88	44	2	111
191	1	24	32	88	44	2	86
191	1	24	33	88	44	2	149
191	1	24	34	88	44	2	1
191	1	24	38	88	44	2	107
191	1	24	39	88	44	2	178
191	1	25	7	88	44	2	134
191	1	25	11	88	44	2	18
191	1	25	14	88	44	2	177
191	1	25	18	88	44	2	144
191	1	25	20	88	44	2	38
191	1	25	29	88	44	2	153
191	1	25	31	88	44	2	47
191	1	25	35	88	44	2	14
191	1	25	38	88	44	2	173
191	1	25	42	88	44	2	57
191	1	26	10	88	44	2	13
191	1	26	11	88	44	2	84
191	1	26	15	88	44	2	190
191	1	26	16	88	44	2	42
191	1	26	17	88	44	2	105
191	1	26	18	88	44	2	80
191	1	26	22	88	44	2	80
191	1	26	23	88	44	2	105
191	1	26	24	88	44	2	42
191	1	26	25	88	44	2	190
191	1	26	29	88	44	2	84
191	1	26	30	88	44	2	13
191	1	27	2	88	44	2	173
191	1	27	5	88	44	2	14
191	1	27	9	88	44	2	47
191	1	27	11	88	44	2	153
191	1	27	20	88	44	2	38
191	1	27	22	88	44	2	144
191	1	27	26	88	44	2	177
191	1	27	29	88	44	2	18
191	1	27	33	88	44	2	134
191	1	27	42	88	44	2	57
191	1	28	1	88	44	2	178
191	1	28	2	88	44	2	107
191	1	28	6	88	44	3	inf
191	1	28	7	88	44	2	149
191	1	28	8	88	44	2	86
191	1	28	9	88	44	2	111
191	1	28	13	88	44	2	111
191	1	28	14	88	44	2	86
191	1	28	15	88	44	2	149
191	1	28	16	88	44	2	1
191	1	28	20	88	44	2	107
191	1	28	21	88	44	2	178
191	1	28	40	88	44	3	inf
191	1	29	0	88	44	2	144
191	1	29	2	88	44	2	38
191	1	29	11	88	44	2	153
191	1	29	13	88	44	2	47
191	1	29	17	88	44	2	14
191	1	29	20	88	44	2	173
191	1	29	24	88	44	2	57
191	1	29	33	88	44	2	134
191	1	29	37	88	44	2	18
191	1	29	40	88	44	2	177
191	1	30	0	88	44	2	80
191	1	30	4	88	44	2	80
191	1	30	5	88	44	2	105
191	1	30	6	88	44	2	42
191	1	30	7	88	44	2	190
191	1	30	11	88	44	2	84
191	1	30	12	88	44	2	13
191	1	30	36	88	44	2	13
191	1	30	37	88	44	2	84
191	1	30	41	88	44	2	190
191	1	30	42	88	44	2	42
191	1	30	43	88	44	2	105
191	1	31	2	88	44	2	38
191	1	31	4	88	44	2	144
191	1	31	8	88	44	2	177
191	1	31	11	88	44	2	18
191	1	31	15	88	44	2	134
191	1	31	24	88	44	2	57
191	1	31	28	88	44	2	173
191	1	31	31	88	44	2	14
191	1	31	35	88	44	2	47
191	1	31	37	88	44	2	153
191	1	32	2	88	44	2	107
191	1	32	3	88	44	2	178
191	1	32	22	88	44	3	inf
191	1	32	27	88	44	2	178
191	1	32	28	88	44	2	107
191	1	32	32	88	44	3	inf
191	1	32	33	88	44	2	149
191	1	32	34	88	44	2	86
191	1	32	35	88	44	2	111
191	1	32	39	88	44	2	111
191	1	32	40	88	44	2	86
191	1	32	41	88	44	2	149
191	1	32	42	88	44	2	1
191	1	33	2	88	44	2	173
191	1	33	6	88	44	2	57
191	1	33	15	88	44	2	134
191	1	33	19	88	44	2	18
191	1	33	22	88	44	2	177
191	1	33	26	88	44	2	144
191	1	33	28	88	44	2	38
191	1	33	37	88	44	2	153
191	1	33	39	88	44	2	47
191	1	33	43	88	44	2	14
191	1	34	18	88	44	2	13
191	1	34	19	88	44	2	84
191	1	34	23	88	44	2	190
191	1	34	24	88	44	2	42
191	1	34	25	88	44	2	105
191	1	34	26	88	44	2	80
191	1	34	30	88	44	2	80
191	1	34	31	88	44	2	105
191	1	34	32	88	44	2	42
191	1	34	33	88	44	2	190
191	1	34	37	88	44	2	84
191	1	34	38	88	44	2	13
191	1	35	6	88	44	2	57
191	1	35	10	88	44	2	173
191	1	35	13	88	44	2	14
191	1	35	17	88	44	2	47
191	1	35	19	88	44	2	153
191	1	35	28	88	44	2	38
191	1	35	30	88	44	2	144
191	1	35	34	88	44	2	177
191	1	35	37	88	44	2	18
191	1	35	41	88	44	2	134
191	1	36	4	88	44	3	inf
191	1	36	9	88	44	2	178
191	1	36	10	88	44	2	107
191	1	36	14	88	44	3	inf
191	1	36	15	88	44	2	149
191	1	36	16	88	44	2	86
191	1	36	17	88	44	2	111
191	1	36	21	88	44	2	111
191	1	36	22	88	44	2	86
191	1	36	23	88	44	2	149
191	1	36	24	88	44	2	1
191	1	36	28	88	44	2	107
191	1	36	29	88	44	2	178
191	1	37	1	88	44	2	18
191	1	37	4	88	44	2	177
191	1	37	8	88	44	2	144
191	1	37	10	88	44	2	38
191	1	37	19	88	44	2	153
191	1	37	21	88	44	2	47
191	1	37	25	88	44	2	14
191	1	37	28	88	44	2	173
191	1	37	32	88	44	2	57
191	1	37	41	88	44	2	134
191	1	38	0	88	44	2	13
191	1	38	1	88	44	2	84
191	1	38	5	88	44	2	190
191	1	38	6	88	44	2	42
191	1	38	7	88	44	2	105
191	1	38	8	88	44	2	80
191	1	38	12	88	44	2	80
191	1	38	13	88	44	2	105
191	1	38	14	88	44	2	42
191	1	38	15	88	44	2	190
191	1	38	19	88	44	2	84
191	1	38	20	88	44	2	13
191	1	39	1	88	44	2	153
191	1	39	10	88	44	2	38
191	1	39	12	88	44	2	144
191	1	39	16	88	44	2	177
191	1	39	19	88	44	2	18
191	1	39	23	88	44	2	134
191	1	39	32	88	44	2	57
191	1	39	36	88	44	2	173
191	1	39	39	88	44	2	14
191	1	39	43	88	44	2	47
191	1	40	3	88	44	2	111
191	1	40	4	88	44	2	86
191	1	40	5	88	44	2	149
191	1	40	6	88	44	2	1
191	1	40	10	88	44	2	107
191	1	40	11	88	44	2	178
191	1	40	30	88	44	3	inf
191	1	40	35	88	44	2	178
191	1	40	36	88	44	2	107
191	1	40	40	88	44	3	inf
191	1	40	41	88	44	2	149
191	1	40	42	88	44	2	86
191	1	40	43	88	44	2	111
191	1	41	1	88	44	2	153
191	1	41	3	88	44	2	47
191	1	41	7	88	44	2	14
191	1	41	10	88	44	2	173
191	1	41	14	88	44	2	57
191	1	41	23	88	44	2	134
191	1	41	27	88	44	2	18
191	1	41	30	88	44	2	177
191	1	41	34	88	44	2	144
191	1	41	36	88	44	2	38
191	1	42	1	88	44	2	84
191	1	42	2	88	44	2	13
191	1	42	26	88	44	2	13
191	1	42	27	88	44	2	84
191	1	42	31	88	44	2	190
191	1	42	32	88	44	2	42
191	1	42	33	88	44	2	105
191	1	42	34	88	44	2	80
191	1	42	38	88	44	2	80
191	1	42	39	88	44	2	105
191	1	42	40	88	44	2	42
191	1	42	41	88	44	2	190
191	1	43	1	88	44	2	18
191	1	43	5	88	44	2	134
191	1	43	14	88	44	2	57
191	1	43	18	88	44	2	173
191	1	43	21	88	44	2	14
191	1	43	25	88	44	2	47
191	1	43	27	88	44	2	153
191	1	43	36	88	44	2	38
191	1	43	38	88	44	2	144
191	1	43	42	88	44	2	177
191	1	44	12	88	44	3	inf
191	1	44	17	88	44	2	178
191	1	44	18	88	44	2	107
191	1	44	22	88	44	3	inf
191	1	44	23	88	44	2	149
191	1	44	24	88	44	2	86
191	1	44	25	88	44	2	111
191	1	44	29	88	44	2	111
191	1	44	30	88	44	2	86
191	1	44	31	88	44	2	149
191	1	44	32	88	44	2	1
191	1	44	36	88	44	2	107
191	1	44	37	88	44	2	178
191	1	45	5	88	44	2	134
191	1	45	9	88	44	2	18
191	1	45	12	88	44	2	177
191	1	45	16	88	44	2	144
191	1	45	18	88	44	2	38
191	1	45	27	88	44	2	153
191	1	45	29	88	44	2	47
191	1	45	33	88	44	2	14
191	1	45	36	88	44	2	173
191	1	45	40	88	44	2	57
191	1	46	8	88	44	2	13
191	1	46	9	88	44	2	84
191	1	46	13	88	44	2	190
191	1	46	14	88	44	2	42
191	1	46	15	88	44	2	105
191	1	46	16	88	44	2	80
191	1	46	20	88	44	2	80
191	1	46	21	88	44	2	105
191	1	46	22	88	44	2	42
191	1	46	23	88	44	2	190
191	1	46	27	88	44	2	84
191	1	46	28	88	44	2	13
191	1	47	0	88	44	2	173
191	1	47	3	88	44	2	14
191	1	47	7	88	44	2	47
191	1	47	9	88	44	2	153
191	1	47	18	88	44	2	38
191	1	47	20	88	44	2	144
191	1	47	24	88	44	2	177
191	1	47	27	88	44	2	18
191	1	47	31	88	44	2	134
191	1	47	40	88	44	2	57
191	1	48	0	88	44	2	107
191	1	48	4	88	44	3	inf
191	1	48	5	88	44	2	149
191	1	48	6	88	44	2	86
191	1	48	7	88	44	2	111
191	1	48	11	88	44	2	111
191	1	48	12	88	44	2	86
191	1	48	13	88	44	2	149
191	1	48	14	88	44	2	1
191	1	48	18	88	44	2	107
191	1	48	19	88	44	2	178
191	1	48	38	88	44	3	inf
191	1	48	43	88	44	2	178
191	1	49	0	88	44	2	38
191	1	49	9	88	44	2	153
191	1	49	11	88	44	2	47
191	1	49	15	88	44	2	14
191	1	49	18	88	44	2	173
191	1	49	22	88	44	2	57
191	1	49	31	88	44	2	134
191	1	49	35	88	44	2	18
191	1	49	38	88	44	2	177
191	1	49	42	88	44	2	144
191	1	50	2	88	44	2	80
191	1	50	3	88	44	2	105
191	1	50	4	88	44	2	42
191	1	50	5	88	44	2	190
191	1	50	9	88	44	2	84
191	1	50	10	88	44	2	13
191	1	50	34	88	44	2	13
191	1	50	35	88	44	2	84
191	1	50	39	88	44	2	190
191	1	50	40	88	44	2	42
191	1	50	41	88	44	2	105
191	1	50	42	88	44	2	80
191	1	51	0	88	44	2	38
191	1	51	2	88	44	2	144
191	1	51	6	88	44	2	177
191	1	51	9	88	44	2	18
191	1	51	13	88	44	2	134
191	1	51	22	88	44	2	57
191	1	51	26	88	44	2	173
191	1	51	29	88	44	2	14
191	1	51	33	88	44	2	47
191	1	51	35	88	44	2	153
191	1	52	0	88	44	2	107
191	1	52	1	88	44	2	178
191	1	52	20	88	44	3	inf
191	1	52	25	88	44	2	178
191	1	52	26	88	44	2	107
191	1	52	30	88	44	3	inf
191	1	52	31	88	44	2	149
191	1	52	32	88	44	2	86
191	1	52	33	88	44	2	111
191	1	52	37	88	44	2	111
191	1	52	38	88	44	2	86
191	1	52	39	88	44	2	149
191	1	52	40	88	44	2	1
191	1	53	0	88	44	2	173
191	1	53	4	88	44	2	57
191	1	53	13	88	44	2	134
191	1	53	17	88	44	2	18
191	1	53	20	88	44	2	177
191	1	53	24	88	44	2	144
191	1	53	26	88	44	2	38
191	1	53	35	88	44	2	153
191	1	53	37	88	44	2	47
191	1	53	41	88	44	2	14
191	1	54	16	88	44	2	13
191	1	54	17	88	44	2	84
191	1	54	21	88	44	2	190
191	1	54	22	88	44	2	42
191	1	54	23	88	44	2	105
191	1	54	24	88	44	2	80
191	1	54	28	88	44	2	80
191	1	54	29	88	44	2	105
191	1	54	30	88	44	2	42
191	1	54	31	88	44	2	190
191	1	54	35	88	44	2	84
191	1	54	36	88	44	2	13
191	1	55	4	88	44	2	57
191	1	55	8	88	44	2	173
191	1	55	11	88	44	2	14
191	1	55	15	88	44	2	47
191	1	55	17	88	44	2	153
191	1	55	26	88	44	2	38
191	1	55	28	88	44	2	144
191	1	55	32	88	44	2	177
191	1	55	35	88	44	2	18
191	1	55	39	88	44	2	134
191	1	56	2	88	44	3	inf
191	1	56	7	88	44	2	178
191	1	56	8	88	44	2	107
191	1	56	12	88	44	3	inf
191	1	56	13	88	44	2	149
191	1	56	14	88	44	2	86
191	1	56	15	88	44	2	111
191	1	56	19	88	44	2	111
191	1	56	20	88	44	2	86
191	1	56	21	88	44	2	149
191	1	56	22	88	44	2	1
191	1	56	26	88	44	2	107
191	1	56	27	88	44	2	178
191	1	57	2	88	44	2	177
191	1	57	6	88	44	2	144
191	1	57	8	88	44	2	38
191	1	57	17	88	44	2	153
191	1	57	19	88	44	2	47
191	1	57	23	88	44	2	14
191	1	57	26	88	44	2	173
191	1	57	30	88	44	2	57
191	1	57	39	88	44	2	134
191	1	57	43	88	44	2	18
191	1	58	3	88	44	2	190
191	1	58	4	88	44	2	42
191	1	58	5	88	44	2	105
191	1	58	6	88	44	2	80
191	1	58	10	88	44	2	80
191	1	58	11	88	44	2	105
191	1	58	12	88	44	2	42
191	1	58	13	88	44	2	190
191	1	58	17	88	44	2	84
191	1	58	18	88	44	2	13
191	1	58	42	88	44	2	13
191	1	58	43	88	44	2	84
191	1	59	8	88	44	2	38
191	1	59	10	88	44	2	144
191	1	59	14	88	44	2	177
191	1	59	17	88	44	2	18
191	1	59	21	88	44	2	134
191	1	59	30	88	44	2	57
191	1	59	34	88	44	2	173
191	1	59	37	88	44	2	14
191	1	59	41	88	44	2	47
191	1	59	43	88	44	2	153
191	1	60	1	88	44	2	111
191	1	60	2	88	44	2	86
191	1	60	3	88	44	2	149
191	1	60	4	88	44	2	1
191	1	60	8	88	44	2	107
191	1	60	9	88	44	2	178
191	1	60	28	88	44	3	inf
191	1	60	33	88	44	2	178
191	1	60	34	88	44	2	107
191	1	60	38	88	44	3	inf
191	1	60	39	88	44	2	149
191	1	60	40	88	44	2	86
191	1	60	41	88	44	2	111
191	1	61	1	88	44	2	47
191	1	61	5	88	44	2	14
191	1	61	8	88	44	2	173
191	1	61	12	88	44	2	57
191	1	61	21	88	44	2	134
191	1	61	25	88	44	2	18
191	1	61	28	88	44	2	177
191	1	61	32	88	44	2	144
191	1	61	34	88	44	2	38
191	1	61	43	88	44	2	153
191	1	62	0	88	44	2	13
191	1	62	24	88	44	2	13
191	1	62	25	88	44	2	84
191	1	62	29	88	44	2	190
191	1	62	30	88	44	2	42
191	1	62	31	88	44	2	105
191	1	62	32	88	44	2	80
191	1	62	36	88	44	2	80
191	1	62	37	88	44	2	105
191	1	62	38	88	44	2	42
191	1	62	39	88	44	2	190
191	1	62	43	88	44	2	84
191	1	63	3	88	44	2	134
191	1	63	12	88	44	2	57
191	1	63	16	88	44	2	173
191	1	63	19	88	44	2	14
191	1	63	23	88	44	2	47
191	1	63	25	88	44	2	153
191	1	63	34	88	44	2	38
191	1	63	36	88	44	2	144
191	1	63	40	88	44	2	177
191	1	63	43	88	44	2	18
191	1	64	10	88	44	3	inf
191	1	64	15	88	44	2	178
191	1	64	16	88	44	2	107
191	1	64	20	88	44	3	inf
191	1	64	21	88	44	2	149
191	1	64	22	88	44	2	86
191	1	64	23	88	44	2	111
191	1	64	27	88	44	2	111
191	1	64	28	88	44	2	86
191	1	64	29	88	44	2	149
191	1	64	30	88	44	2	1
191	1	64	34	88	44	2	107
191	1	64	35	88	44	2	178
191	1	65	3	88	44	2	134
191	1	65	7	88	44	2	18
191	1	65	10	88	44	2	177
191	1	65	14	88	44	2	144
191	1	65	16	88	44	2	38
191	1	65	25	88	44	2	153
191	1	65	27	88	44	2	47
191	1	65	31	88	44	2	14
191	1	65	34	88	44	2	173
191	1	65	38	88	44	2	57
191	1	66	6	88	44	2	13
191	1	66	7	88	44	2	84
191	1	66	11	88	44	2	190
191	1	66	12	88	44	2	42
191	1	66	13	88	44	2	105
191	1	66	14	88	44	2	80
191	1	66	18	88	44	2	80
191	1	66	19	88	44	2	105
191	1	66	20	88	44	2	42
191	1	66	21	88	44	2	190
191	1	66	25	88	44	2	84
191	1	66	26	88	44	2	13
191	1	67	1	88	44	2	14
191	1	67	5	88	44	2	47
191	1	67	7	88	44	2	153
191	1	67	16	88	44	2	38
191	1	67	18	88	44	2	144
191	1	67	22	88	44	2	177
191	1	67	25	88	44	2	18
191	1	67	29	88	44	2	134
191	1	67	38	88	44	2	57
191	1	67	42	88	44	2	173
191	1	68	2	88	44	3	inf
191	1	68	3	88	44	2	149
191	1	68	4	88	44	2	86
191	1	68	5	88	44	2	111
191	1	68	9	88	44	2	111
191	1	68	10	88	44	2	86
191	1	68	11	88	44	2	149
191	1	68	12	88	44	2	1
191	1	68	16	88	44	2	107
191	1	68	17	88	44	2	178
191	1	68	36	88	44	3	inf
191	1	68	41	88	44	2	178
191	1	68	42	88	44	2	107
191	1	69	7	88	44	2	153
191	1	69	9	88	44	2	47
191	1	69	13	88	44	2	14
191	1	69	16	88	44	2	173
191	1	69	20	88	44	2	57
191	1	69	29	88	44	2	134
191	1	69	33	88	44	2	18
191	1	69	36	88	44	2	177
191	1	69	40	88	44	2	144
191	1	69	42	88	44	2	38
191	1	70	0	88	44	2	80
191	1	70	1	88	44	2	105
191	1	70	2	88	44	2	42
191	1	70	3	88	44	2	190
191	1	70	7	88	44	2	84
191	1	70	8	88	44	2	13
191	1	70	32	88	44	2	13
191	1	70	33	88	44	2	84
191	1	70	37	88	44	2	190
191	1	70	38	88	44	2	42
191	1	70	39	88	44	2	105
191	1	70	40	88	44	2	80
191	1	71	0	88	44	2	144
191	1	71	4	88	44	2	177
191	1	71	7	88	44	2	18
191	1	71	11	88	44	2	134
191	1	71	20	88	44	2	57
191	1	71	24	88	44	2	173
191	1	71	27	88	44	2	14
191	1	71	31	88	44	2	47
191	1	71	33	88	44	2	153
191	1	71	42	88	44	2	38
191	1	72	18	88	44	3	inf
191	1	72	23	88	44	2	178
191	1	72	24	88	44	2	107
191	1	72	28	88	44	3	inf
191	1	72	29	88	44	2	149
191	1	72	30	88	44	2	86
191	1	72	31	88	44	2	111
191	1	72	35	88	44	2	111
191	1	72	36	88	44	2	86
191	1	72	37	88	44	2	149
191	1	72	38	88	44	2	1
191	1	72	42	88	44	2	107
191	1	72	43	88	44	2	178
191	1	73	2	88	44	2	57
191	1	73	11	88	44	2	134
191	1	73	15	88	44	2	18
191	1	73	18	88	44	2	177
191	1	73	22	88	44	2	144
191	1	73	24	88	44	2	38
191	1	73	33	88	44	2	153
191	1	73	35	88	44	2	47
191	1	73	39	88	44	2	14
191	1	73	42	88	44	2	173
191	1	74	14	88	44	2	13
191	1	74	15	88	44	2	84
191	1	74	19	88	44	2	190
191	1	74	20	88	44	2	42
191	1	74	21	88	44	2	105
191	1	74	22	88	44	2	80
191	1	74	26	88	44	2	80
191	1	74	27	88	44	2	105
191	1	74	28	88	44	2	42
191	1	74	29	88	44	2	190
191	1	74	33	88	44	2	84
191	1	74	34	88	44	2	13
191	1	75	2	88	44	2	57
191	1	75	6	88	44	2	173
191	1	75	9	88	44	2	14
191	1	75	13	88	44	2	47
191	1	75	15	88	44	2	153
191	1	75	24	88	44	2	38
191	1	75	26	88	44	2	144
191	1	75	30	88	44	2	177
191	1	75	33	88	44	2	18
191	1	75	37	88	44	2	134
191	1	76	0	88	44	3	inf
191	1	76	5	88	44	2	178
191	1	76	6	88	44	2	107
191	1	76	10	88	44	3	inf
191	1	76	11	88	44	2	149
191	1	76	12	88	44	2	86
191	1	76	13	88	44	2	111
191	1	76	17	88	44	2	111
191	1	76	18	88	44	2	86
191	1	76	19	88	44	2	149
191	1	76	20	88	44	2	1
191	1	76	24	88	44	2	107
191	1	76	25	88	44	2	178
191	1	77	0	88	44	2	177
191	1	77	4	88	44	2	144
191	1	77	6	88	44	2	38
191	1	77	15	88	44	2	153
191	1	77	17	88	44	2	47
191	1	77	21	88	44	2	14
191	1	77	24	88	44	2	173
191	1	77	28	88	44	2	57
191	1	77	37	88	44	2	134
191	1	77	41	88	44	2	18
191	1	78	1	88	44	2	190
191	1	78	2	88	44	2	42
191	1	78	3	88	44	2	105
191	1	78	4	88	44	2	80
191	1	78	8	88	44	2	80
191	1	78	9	88	44	2	105
191	1	78	10	88	44	2	42
191	1	78	11	88	44	2	190
191	1	78	15	88	44	2	84
191	1	78	16	88	44	2	13
191	1	78	40	88	44	2	13
191	1	78	41	88	44	2	84
191	1	79	6	88	44	2	38
191	1	79	8	88	44	2	144
191	1	79	12	88	44	2	177
191	1	79	15	88	44	2	18
191	1	79	19	88	44	2	134
191	1	79	28	88	44	2	57
191	1	79	32	88	44	2	173
191	1	79	35	88	44	2	14
191	1	79	39	88	44	2	47
191	1	79	41	88	44	2	153
191	1	80	0	88	44	2	86
191	1	80	1	88	44	2	149
191	1	80	2	88	44	2	1
191	1	80	6	88	44	2	107
191	1	80	7	88	44	2	178
191	1	80	26	88	44	3	inf
191	1	80	31	88	44	2	178
191	1	80	32	88	44	2	107
191	1	80	36	88	44	3	inf
191	1	80	37	88	44	2	149
191	1	80	38	88	44	2	86
191	1	80	39	88	44	2	111
191	1	80	43	88	44	2	111
191	1	81	3	88	44	2	14
191	1	81	6	88	44	2	173
191	1	81	10	88	44	2	57
191	1	81	19	88	44	2	134
191	1	81	23	88	44	2	18
191	1	81	26	88	44	2	177
191	1	81	30	88	44	2	144
191	1	81	32	88	44	2	38
191	1	81	41	88	44	2	153
191	1	81	43	88	44	2	47
191	1	82	22	88	44	2	13
191	1	82	23	88	44	2	84
191	1	82	27	88	44	2	190
191	1	82	28	88	44	2	42
191	1	82	29	88	44	2	105
191	1	82	30	88	44	2	80
191	1	82	34	88	44	2	80
191	1	82	35	88	44	2	105
191	1	82	36	88	44	2	42
191	1	82	37	88	44	2	190
191	1	82	41	88	44	2	84
191	1	82	42	88	44	2	13
191	1	83	1	88	44	2	134
191	1	83	10	88	44	2	57
191	1	83	14	88	44	2	173
191	1	83	17	88	44	2	14
191	1	83	21	88	44	2	47
191	1	83	23	88	44	2	153
191	1	83	32	88	44	2	38
191	1	83	34	88	44	2	144
191	1	83	38	88	44	2	177
191	1	83	41	88	44	2	18
191	1	84	8	88	44	3	inf
191	1	84	13	88	44	2	178
191	1	84	14	88	44	2	107
191	1	84	18	88	44	3	inf
191	1	84	19	88	44	2	149
191	1	84	20	88	44	2	86
191	1	84	21	88	44	2	111
191	1	84	25	88	44	2	111
191	1	84	26	88	44	2	86
191	1	84	27	88	44	2	149
191	1	84	28	88	44	2	1
191	1	84	32	88	44	2	107
191	1	84	33	88	44	2	178
191	1	85	1	88	44	2	134
191	1	85	5	88	44	2	18
191	1	85	8	88	44	2	177
191	1	85	12	88	44	2	144
191	1	85	14	88	44	2	38
191	1	85	23	88	44	2	153
191	1	85	25	88	44	2	47
191	1	85	29	88	44	2	14
191	1	85	32	88	44	2	173
191	1	85	36	88	44	2	57
191	1	86	4	88	44	2	13
191	1	86	5	88	44	2	84
191	1	86	9	88	44	2	190
191	1	86	10	88	44	2	42
191	1	86	11	88	44	2	105
191	1	86	12	88	44	2	80
191	1	86	16	88	44	2	80
191	1	86	17	88	44	2	105
191	1	86	18	88	44	2	42
191	1	86	19	88	44	2	190
191	1	86	23	88	44	2	84
191	1	86	24	88	44	2	13
191	1	87	3	88	44	2	47
191	1	87	5	88	44	2	153
191	1	87	14	88	44	2	38
191	1	87	16	88	44	2	144
191	1	87	20	88	44	2	177
191	1	87	23	88	44	2	18
191	1	87	27	88	44	2	134
191	1	87	36	88	44	2	57
191	1	87	40	88	44	2	173
191	1	87	43	88	44	2	14
191	2	0	0	88	44	2	190
191	2	0	1	88	44	2	42
191	2	0	2	88	44	2	105
191	2	0	3	88	44	2	80
191	2	0	7	88	44	2	80
191	2	0	8	88	44	2	105
191	2	0	9	88	44	2	42
191	2	0	10	88	44	2	190
191	2	0	14	88	44	2	84
191	2	0	15	88	44	2	13
191	2	0	39	88	44	2	13
191	2	0	40	88	44	2	84
191	2	1	5	88	44	2	38
191	2	1	7	88	44	2	144
191	2	1	11	88	44	2	177
191	2	1	14	88	44	2	18
191	2	1	18	88	44	2	134
191	2	1	27	88	44	2	57
191	2	1	31	88	44	2	173
191	2	1	34	88	44	2	14
191	2	1	38	88	44	2	47
191	2	1	40	88	44	2	153
191	2	2	0	88	44	2	149
191	2	2	1	88	44	2	1
191	2	2	5	88	44	2	107
191	2	2	6	88	44	2	178
191	2	2	25	88	44	3	inf
191	2	2	30	88	44	2	178
191	2	2	31	88	44	2	107
191	2	2	35	88	44	3	inf
191	2	2	36	88	44	2	149
191	2	2	37	88	44	2	86
191	2	2	38	88	44	2	111
191	2	2	42	88	44	2	111
191	2	2	43	88	44	2	86
191	2	3	2	88	44	2	14
191	2	3	5	88	44	2	173
191	2	3	9	88	44	2	57
191	2	3	18	88	44	2	134
191	2	3	22	88	44	2	18
191	2	3	25	88	44	2	177
191	2	3	29	88	44	2	144
191	2	3	31	88	44	2	38
191	2	3	40	88	44	2	153
191	2	3	42	88	44	2	47
191	2	4	21	88	44	2	13
191	2	4	22	88	44	2	84
191	2	4	26	88	44	2	190
191	2	4	27	88	44	2	42
191	2	4	28	88	44	2	105
191	2	4	29	88	44	2	80
191	2	4	33	88	44	2	80
191	2	4	34	88	44	2	105
191	2	4	35	88	44	2	42
191	2	4	36	88	44	2	190
191	2	4	40	88	44	2	84
191	2	4	41	88	44	2	13
191	2	5	0	88	44	2	134
191	2	5	9	88	44	2	57
191	2	5	13	88	44	2	173
191	2	5	16	88	44	2	14
191	2	5	20	88	44	2	47
191	2	5	22	88	44	2	153
191	2	5	31	88	44	2	38
191	2	5	33	88	44	2	144
191	2	5	37	88	44	2	177
191	2	5	40	88	44	2	18
191	2	6	7	88	44	3	inf
191	2	6	12	88	44	2	178
191	2	6	13	88	44	2	107
191	2	6	17	88	44	3	inf
191	2	6	18	88	44	2	149
191	2	6	19	88	44	2	86
191	2	6	20	88	44	2	111
191	2	6	24	88	44	2	111
191	2	6	25	88	44	2	86
191	2	6	26	88	44	2	149
191	2	6	27	88	44	2	1
191	2	6	31	88	44	2	107
191	2	6	32	88	44	2	178
191	2	7	0	88	44	2	134
191	2	7	4	88	44	2	18
191	2	7	7	88	44	2	177
191	2	7	11	88	44	2	144
191	2	7	13	88	44	2	38
191	2	7	22	88	44	2	153
191	2	7	24	88	44	2	47
191	2	7	28	88	44	2	14
191	2	7	31	88	44	2	173
191	2	7	35	88	44	2	57
191	2	8	3	88	44	2	13
191	2	8	4	88	44	2	84
191	2	8	8	88	44	2	190
191	2	8	9	88	44	2	42
191	2	8	10	88	44	2	105
191	2	8	11	88	44	2	80
191	2	8	15	88	44	2	80
191	2	8	16	88	44	2	105
191	2	8	17	88	44	2	42
191	2	8	18	88	44	2	190
191	2	8	22	88	44	2	84
191	2	8	23	88	44	2	13
191	2	9	2	88	44	2	47
191	2	9	4	88	44	2	153
191	2	9	13	88	44	2	38
191	2	9	15	88	44	2	144
191	2	9	19	88	44	2	177
191	2	9	22	88	44	2	18
191	2	9	26	88	44	2	134
191	2	9	35	88	44	2	57
191	2	9	39	88	44	2	173
191	2	9	42	88	44	2	14
191	2	10	0	88	44	2	149
191	2	10	1	88	44	2	86
191	2	10	2	88	44	2	111
191	2	10	6	88	44	2	111
191	2	10	7	88	44	2	86
191	2	10	8	88	44	2	149
191	2	10	9	88	44	2	1
191	2	10	13	88	44	2	107
191	2	10	14	88	44	2	178
191	2	10	33	88	44	3	inf
191	2	10	38	88	44	2	178
191	2	10	39	88	44	2	107
191	2	10	43	88	44	3	inf
191	2	11	4	88	44	2	153
191	2	11	6	88	44	2	47
191	2	11	10	88	44	2	14
191	2	11	13	88	44	2	173
191	2	11	17	88	44	2	57
191	2	11	26	88	44	2	134
191	2	11	30	88	44	2	18
191	2	11	33	88	44	2	177
191	2	11	37	88	44	2	144
191	2	11	39	88	44	2	38
191	2	12	0	88	44	2	190
191	2	12	4	88	44	2	84
191	2	12	5	88	44	2	13
191	2	12	29	88	44	2	13
191	2	12	30	88	44	2	84
191	2	12	34	88	44	2	190
191	2	12	35	88	44	2	42
191	2	12	36	88	44	2	105
191	2	12	37	88	44	2	80
191	2	12	41	88	44	2	80
191	2	12	42	88	44	2	105
191	2	12	43	88	44	2	42
191	2	13	1	88	44	2	177
191	2	13	4	88	44	2	18
191	2	13	8	88	44	2	134
191	2	13	17	88	44	2	57
191	2	13	21	88	44	2	173
191	2	13	24	88	44	2	14
191	2	13	28	88	44	2	47
191	2	13	30	88	44	2	153
191	2	13	39	88	44	2	38
191	2	13	41	88	44	2	144
191	2	14	15	88	44	3	inf
191	2	14	20	88	44	2	178
191	2	14	21	88	44	2	107
191	2	14	25	88	44	3	inf
191	2	14	26	88	44	2	149
191	2	14	27	88	44	2	86
191	2	14	28	88	44	2	111
191	2	14	32	88	44	2	111
191	2	14	33	88	44	2	86
191	2	14	34	88	44	2	149
191	2	14	35	88	44	2	1
191	2	14	39	88	44	2	107
191	2	14	40	88	44	2	178
191	2	15	8	88	44	2	134
191	2	15	12	88	44	2	18
191	2	15	15	88	44	2	177
191	2	15	19	88	44	2	144
191	2	15	21	88	44	2	38
191	2	15	30	88	44	2	153
191	2	15	32	88	44	2	47
191	2	15	36	88	44	2	14
191	2	15	39	88	44	2	173
191	2	15	43	88	44	2	57
191	2	16	11	88	44	2	13
191	2	16	12	88	44	2	84
191	2	16	16	88	44	2	190
191	2	16	17	88	44	2	42
191	2	16	18	88	44	2	105
191	2	16	19	88	44	2	80
191	2	16	23	88	44	2	80
191	2	16	24	88	44	2	105
191	2	16	25	88	44	2	42
191	2	16	26	88	44	2	190
191	2	16	30	88	44	2	84
191	2	16	31	88	44	2	13
191	2	17	3	88	44	2	173
191	2	17	6	88	44	2	14
191	2	17	10	88	44	2	47
191	2	17	12	88	44	2	153
191	2	17	21	88	44	2	38
191	2	17	23	88	44	2	144
191	2	17	27	88	44	2	177
191	2	17	30	88	44	2	18
191	2	17	34	88	44	2	134
191	2	17	43	88	44	2	57
191	2	18	2	88	44	2	178
191	2	18	3	88	44	2	107
191	2	18	7	88	44	3	inf
191	2	18	8	88	44	2	149
191	2	18	9	88	44	2	86
191	2	18	10	88	44	2	111
191	2	18	14	88	44	2	111
191	2	18	15	88	44	2	86
191	2	18	16	88	44	2	149
191	2	18	17	88	44	2	1
191	2	18	21	88	44	2	107
191	2	18	22	88	44	2	178
191	2	18	41	88	44	3	inf
191	2	19	1	88	44	2	144
191	2	19	3	88	44	2	38
191	2	19	12	88	44	2	153
191	2	19	14	88	44	2	47
191	2	19	18	88	44	2	14
191	2	19	21	88	44	2	173
191	2	19	25	88	44	2	57
191	2	19	34	88	44	2	134
191	2	19	38	88	44	2	18
191	2	19	41	88	44	2	177
191	2	20	0	88	44	2	105
191	2	20	1	88	44	2	80
191	2	20	5	88	44	2	80
191	2	20	6	88	44	2	105
191	2	20	7	88	44	2	42
191	2	20	8	88	44	2	190
191	2	20	12	88	44	2	84
191	2	20	13	88	44	2	13
191	2	20	37	88	44	2	13
191	2	20	38	88	44	2	84
191	2	20	42	88	44	2	190
191	2	20	43	88	44	2	42
191	2	21	3	88	44	2	38
191	2	21	5	88	44	2	144
191	2	21	9	88	44	2	177
191	2	21	12	88	44	2	18
191	2	21	16	88	44	2	134
191	2	21	25	88	44	2	57
191	2	21	29	88	44	2	173
191	2	21	32	88	44	2	14
191	2	21	36	88	44	2	47
191	2	21	38	88	44	2	153
191	2	22	3	88	44	2	107
191	2	22	4	88	44	2	178
191	2	22	23	88	44	3	inf
191	2	22	28	88	44	2	178
191	2	22	29	88	44	2	107
191	2	22	33	88	44	3	inf
191	2	22	34	88	44	2	149
191	2	22	35	88	44	2	86
191	2	22	36	88	44	2	111
191	2	22	40	88	44	2	111
191	2	22	41	88	44	2	86
191	2	22	42	88	44	2	149
191	2	22	43	88	44	2	1
191	2	23	0	88	44	2	14
191	2	23	3	88	44	2	173
191	2	23	7	88	44	2	57
191	2	23	16	88	44	2	134
191	2	23	20	88	44	2	18
191	2	23	23	88	44	2	177
191	2	23	27	88	44	2	144
191	2	23	29	88	44	2	38
191	2	23	38	88	44	2	153
191	2	23	40	88	44	2	47
191	2	24	19	88	44	2	13
191	2	24	20	88	44	2	84
191	2	24	24	88	44	2	190
191	2	24	25	88	44	2	42
191	2	24	26	88	44	2	105
191	2	24	27	88	44	2	80
191	2	24	31	88	44	2	80
191	2	24	32	88	44	2	105
191	2	24	33	88	44	2	42
191	2	24	34	88	44	2	190
191	2	24	38	88	44	2	84
191	2	24	39	88	44	2	13
191	2	25	7	88	44	2	57
191	2	25	11	88	44	2	173
191	2	25	14	88	44	2	14
191	2	25	18	88	44	2	47
191	2	25	20	88	44	2	153
191	2	25	29	88	44	2	38
191	2	25	31	88	44	2	144
191	2	25	35	88	44	2	177
191	2	25	38	88	44	2	18
191	2	25	42	88	44	2	134
191	2	26	5	88	44	3	inf
191	2	26	10	88	44	2	178
191	2	26	11	88	44	2	107
191	2	26	15	88	44	3	inf
191	2	26	16	88	44	2	149
191	2	26	17	88	44	2	86
191	2	26	18	88	44	2	111
191	2	26	22	88	44	2	111
191	2	26	23	88	44	2	86
191	2	26	24	88	44	2	149
191	2	26	25	88	44	2	1
191	2	26	29	88	44	2	107
191	2	26	30	88	44	2	178
191	2	27	2	88	44	2	18
191	2	27	5	88	44	2	177
191	2	27	9	88	44	2	144
191	2	27	11	88	44	2	38
191	2	27	20	88	44	2	153
191	2	27	22	88	44	2	47
191	2	27	26	88	44	2	14
191	2	27	29	88	44	2	173
191	2	27	33	88	44	2	57
191	2	27	42	88	44	2	134
191	2	28	1	88	44	2	13
191	2	28	2	88	44	2	84
191	2	28	6	88	44	2	190
191	2	28	7	88	44	2	42
191	2	28	8	88	44	2	105
191	2	28	9	88	44	2	80
191	2	28	13	88	44	2	80
191	2	28	14	88	44	2	105
191	2	28	15	88	44	2	42
191	2	28	16	88	44	2	190
191	2	28	20	88	44	2	84
191	2	28	21	88	44	2	13
191	2	29	0	88	44	2	47
191	2	29	2	88	44	2	153
191	2	29	11	88	44	2	38
191	2	29	13	88	44	2	144
191	2	29	17	88	44	2	177
191	2	29	20	88	44	2	18
191	2	29	24	88	44	2	134
191	2	29	33	88	44	2	57
191	2	29	37	88	44	2	173
191	2	29	40	88	44	2	14
191	2	30	0	88	44	2	111
191	2	30	4	88	44	2	111
191	2	30	5	88	44	2	86
191	2	30	6	88	44	2	149
191	2	30	7	88	44	2	1
191	2	30	11	88	44	2	107
191	2	30	12	88	44	2	178
191	2	30	31	88	44	3	inf
191	2	30	36	88	44	2	178
191	2	30	37	88	44	2	107
191	2	30	41	88	44	3	inf
191	2	30	42	88	44	2	149
191	2	30	43	88	44	2	86
191	2	31	2	88	44	2	153
191	2	31	4	88	44	2	47
191	2	31	8	88	44	2	14
191	2	31	11	88	44	2	173
191	2	31	15	88	44	2	57
191	2	31	24	88	44	2	134
191	2	31	28	88	44	2	18
191	2	31	31	88	44	2	177
191	2	31	35	88	44	2	144
191	2	31	37	88	44	2	38
191	2	32	2	88	44	2	84
191	2	32	3	88	44	2	13
191	2	32	27	88	44	2	13
191	2	32	28	88	44	2	84
191	2	32	32	88	44	2	190
191	2	32	33	88	44	2	42
191	2	32	34	88	44	2	105
191	2	32	35	88	44	2	80
191	2	32	39	88	44	2	80
191	2	32	40	88	44	2	105
191	2	32	41	88	44	2	42
191	2	32	42	88	44	2	190
191	2	33	2	88	44	2	18
191	2	33	6	88	44	2	134
191	2	33	15	88	44	2	57
191	2	33	19	88	44	2	173
191	2	33	22	88	44	2	14
191	2	33	26	88	44	2	47
191	2	33	28	88	44	2	153
191	2	33	37	88	44	2	38
191	2	33	39	88	44	2	144
191	2	33	43	88	44	2	177
191	2	34	13	88	44	3	inf
191	2	34	18	88	44	2	178
191	2	34	19	88	44	2	107
191	2	34	23	88	44	3	inf
191	2	34	24	88	44	2	149
191	2	34	25	88	44	2	86
191	2	34	26	88	44	2	111
191	2	34	30	88	44	2	111
191	2	34	31	88	44	2	86
191	2	34	32	88	44	2	149
191	2	34	33	88	44	2	1
191	2	34	37	88	44	2	107
191	2	34	38	88	44	2	178
191	2	35	6	88	44	2	134
191	2	35	10	88	44	2	18
191	2	35	13	88	44	2	177
191	2	35	17	88	44	2	144
191	2	35	19	88	44	2	38
191	2	35	28	88	44	2	153
191	2	35	30	88	44	2	47
191	2	35	34	88	44	2	14
191	2	35	37	88	44	2	173
191	2	35	41	88	44	2	57
191	2	36	9	88	44	2	13
191	2	36	10	88	44	2	84
191	2	36	14	88	44	2	190
191	2	36	15	88	44	2	42
191	2	36	16	88	44	2	105
191	2	36	17	88	44	2	80
191	2	36	21	88	44	2	80
191	2	36	22	88	44	2	105
191	2	36	23	88	44	2	42
191	2	36	24	88	44	2	190
191	2	36	28	88	44	2	84
191	2	36	29	88	44	2	13
191	2	37	1	88	44	2	173
191	2	37	4	88	44	2	14
191	2	37	8	88	44	2	47
191	2	37	10	88	44	2	153
191	2	37	19	88	44	2	38
191	2	37	21	88	44	2	144
191	2	37	25	88	44	2	177
191	2	37	28	88	44	2	18
191	2	37	32	88	44	2	134
191	2	37	41	88	44	2	57
191	2	38	0	88	44	2	178
191	2	38	1	88	44	2	107
191	2	38	5	88	44	3	inf
191	2	38	6	88	44	2	149
191	2	38	7	88	44	2	86
191	2	38	8	88	44	2	111
191	2	38	12	88	44	2	111
191	2	38	13	88	44	2	86
191	2	38	14	88	44	2	149
191	2	38	15	88	44	2	1
191	2	38	19	88	44	2	107
191	2	38	20	88	44	2	178
191	2	38	39	88	44	3	inf
191	2	39	1	88	44	2	38
191	2	39	10	88	44	2	153
191	2	39	12	88	44	2	47
191	2	39	16	88	44	2	14
191	2	39	19	88	44	2	173
191	2	39	23	88	44	2	57
191	2	39	32	88	44	2	134
191	2	39	36	88	44	2	18
191	2	39	39	88	44	2	177
191	2	39	43	88	44	2	144
191	2	40	3	88	44	2	80
191	2	40	4	88	44	2	105
191	2	40	5	88	44	2	42
191	2	40	6	88	44	2	190
191	2	40	10	88	44	2	84
191	2	40	11	88	44	2	13
191	2	40	35	88	44	2	13
191	2	40	36	88	44	2	84
191	2	40	40	88	44	2	190
191	2	40	41	88	44	2	42
191	2	40	42	88	44	2	105
191	2	40	43	88	44	2	80
191	2	41	1	88	44	2	38
191	2	41	3	88	44	2	144
191	2	41	7	88	44	2	177
191	2	41	10	88	44	2	18
191	2	41	14	88	44	2	134
191	2	41	23	88	44	2	57
191	2	41	27	88	44	2	173
191	2	41	30	88	44	2	14
191	2	41	34	88	44	2	47
191	2	41	36	88	44	2	153
191	2	42	1	88	44	2	107
191	2	42	2	88	44	2	178
191	2	42	21	88	44	3	inf
191	2	42	26	88	44	2	178
191	2	42	27	88	44	2	107
191	2	42	31	88	44	3	inf
191	2	42	32	88	44	2	149
191	2	42	33	88	44	2	86
191	2	42	34	88	44	2	111
191	2	42	38	88	44	2	111
191	2	42	39	88	44	2	86
191	2	42	40	88	44	2	149
191	2	42	41	88	44	2	1
191	2	43	1	88	44	2	173
191	2	43	5	88	44	2	57
191	2	43	14	88	44	2	134
191	2	43	18	88	44	2	18
191	2	43	21	88	44	2	177
191	2	43	25	88	44	2	144
191	2	43	27	88	44	2	38
191	2	43	36	88	44	2	153
191	2	43	38	88	44	2	47
191	2	43	42	88	44	2	14
191	2	44	17	88	44	2	13
191	2	44	18	88	44	2	84
191	2	44	22	88	44	2	190
191	2	44	23	88	44	2	42
191	2	44	24	88	44	2	105
191	2	44	25	88	44	2	80
191	2	44	29	88	44	2	80
191	2	44	30	88	44	2	105
191	2	44	31	88	44	2	42
191	2	44	32	88	44	2	190
191	2	44	36	88	44	2	84
191	2	44	37	88	44	2	13
191	2	45	5	88	44	2	57
191	2	45	9	88	44	2	173
191	2	45	12	88	44	2	14
191	2	45	16	88	44	2	47
191	2	45	18	88	44	2	153
191	2	45	27	88	44	2	38
191	2	45	29	88	44	2	144
191	2	45	33	88	44	2	177
191	2	45	36	88	44	2	18
191	2	45	40	88	44	2	134
191	2	46	3	88	44	3	inf
191	2	46	8	88	44	2	178
191	2	46	9	88	44	2	107
191	2	46	13	88	44	3	inf
191	2	46	14	88	44	2	149
191	2	46	15	88	44	2	86
191	2	46	16	88	44	2	111
191	2	46	20	88	44	2	111
191	2	46	21	88	44	2	86
191	2	46	22	88	44	2	149
191	2	46	23	88	44	2	1
191	2	46	27	88	44	2	107
191	2	46	28	88	44	2	178
191	2	47	0	88	44	2	18
191	2	47	3	88	44	2	177
191	2	47	7	88	44	2	144
191	2	47	9	88	44	2	38
191	2	47	18	88	44	2	153
191	2	47	20	88	44	2	47
191	2	47	24	88	44	2	14
191	2	47	27	88	44	2	173
191	2	47	31	88	44	2	57
191	2	47	40	88	44	2	134
191	2	48	0	88	44	2	84
191	2	48	4	88	44	2	190
191	2	48	5	88	44	2	42
191	2	48	6	88	44	2	105
191	2	48	7	88	44	2	80
191	2	48	11	88	44	2	80
191	2	48	12	88	44	2	105
191	2	48	13	88	44	2	42
191	2	48	14	88	44	2	190
191	2	48	18	88	44	2	84
191	2	48	19	88	44	2	13
191	2	48	43	88	44	2	13
191	2	49	0	88	44	2	153
191	2	49	9	88	44	2	38
191	2	49	11	88	44	2	144
191	2	49	15	88	44	2	177
191	2	49	18	88	44	2	18
191	2	49	22	88	44	2	134
191	2	49	31	88	44	2	57
191	2	49	35	88	44	2	173
191	2	49	38	88	44	2	14
191	2	49	42	88	44	2	47
191	2	50	2	88	44	2	111
191	2	50	3	88	44	2	86
191	2	50	4	88	44	2	149
191	2	50	5	88	44	2	1
191	2	50	9	88	44	2	107
191	2	50	10	88	44	2	178
191	2	50	29	88	44	3	inf
191	2	50	34	88	44	2	178
191	2	50	35	88	44	2	107
191	2	50	39	88	44	3	inf
191	2	50	40	88	44	2	149
191	2	50	41	88	44	2	86
191	2	50	42	88	44	2	111
191	2	51	0	88	44	2	153
191	2	51	2	88	44	2	47
191	2	51	6	88	44	2	14
191	2	51	9	88	44	2	173
191	2	51	13	88	44	2	57
191	2	51	22	88	44	2	134
191	2	51	26	88	44	2	18
191	2	51	29	88	44	2	177
191	2	51	33	88	44	2	144
191	2	51	35	88	44	2	38
191	2	52	0	88	44	2	84
191	2	52	1	88	44	2	13
191	2	52	25	88	44	2	13
191	2	52	26	88	44	2	84
191	2	52	30	88	44	2	190
191	2	52	31	88	44	2	42
191	2	52	32	88	44	2	105
191	2	52	33	88	44	2	80
191	2	52	37	88	44	2	80
191	2	52	38	88	44	2	105
191	2	52	39	88	44	2	42
191	2	52	40	88	44	2	190
191	2	53	0	88	44	2	18
191	2	53	4	88	44	2	134
191	2	53	13	88	44	2	57
191	2	53	17	88	44	2	173
191	2	53	20	88	44	2	14
191	2	53	24	88	44	2	47
191	2	53	26	88	44	2	153
191	2	53	35	88	44	2	38
191	2	53	37	88	44	2	144
191	2	53	41	88	44	2	177
191	2	54	11	88	44	3	inf
191	2	54	16	88	44	2	178
191	2	54	17	88	44	2	107
191	2	54	21	88	44	3	inf
191	2	54	22	88	44	2	149
191	2	54	23	88	44	2	86
191	2	54	24	88	44	2	111
191	2	54	28	88	44	2	111
191	2	54	29	88	44	2	86
191	2	54	30	88	44	2	149
191	2	54	31	88	44	2	1
191	2	54	35	88	44	2	107
191	2	54	36	88	44	2	178
191	2	55	4	88	44	2	134
191	2	55	8	88	44	2	18
191	2	55	11	88	44	2	177
191	2	55	15	88	44	2	144
191	2	55	17	88	44	2	38
191	2	55	26	88	44	2	153
191	2	55	28	88	44	2	47
191	2	55	32	88	44	2	14
191	2	55	35	88	44	2	173
191	2	55	39	88	44	2	57
191	2	56	7	88	44	2	13
191	2	56	8	88	44	2	84
191	2	56	12	88	44	2	190
191	2	56	13	88	44	2	42
191	2	56	14	88	44	2	105
191	2	56	15	88	44	2	80
191	2	56	19	88	44	2	80
191	2	56	20	88	44	2	105
191	2	56	21	88	44	2	42
191	2	56	22	88	44	2	190
191	2	56	26	88	44	2	84
191	2	56	27	88	44	2	13
191	2	57	2	88	44	2	14
191	2	57	6	88	44	2	47
191	2	57	8	88	44	2	153
191	2	57	17	88	44	2	38
191	2	57	19	88	44	2	144
191	2	57	23	88	44	2	177
191	2	57	26	88	44	2	18
191	2	57	30	88	44	2	134
191	2	57	39	88	44	2	57
191	2	57	43	88	44	2	173
191	2	58	3	88	44	3	inf
191	2	58	4	88	44	2	149
191	2	58	5	88	44	2	86
191	2	58	6	88	44	2	111
191	2	58	10	88	44	2	111
191	2	58	11	88	44	2	86
191	2	58	12	88	44	2	149
191	2	58	13	88	44	2	1
191	2	58	17	88	44	2	107
191	2	58	18	88	44	2	178
191	2	58	37	88	44	3	inf
191	2	58	42	88	44	2	178
191	2	58	43	88	44	2	107
191	2	59	8	88	44	2	153
191	2	59	10	88	44	2	47
191	2	59	14	88	44	2	14
191	2	59	17	88	44	2	173
191	2	59	21	88	44	2	57
191	2	59	30	88	44	2	134
191	2	59	34	88	44	2	18
191	2	59	37	88	44	2	177
191	2	59	41	88	44	2	144
191	2	59	43	88	44	2	38
191	2	60	1	88	44	2	80
191	2	60	2	88	44	2	105
191	2	60	3	88	44	2	42
191	2	60	4	88	44	2	190
191	2	60	8	88	44	2	84
191	2	60	9	88	44	2	13
191	2	60	33	88	44	2	13
191	2	60	34	88	44	2	84
191	2	60	38	88	44	2	190
191	2	60	39	88	44	2	42
191	2	60	40	88	44	2	105
191	2	60	41	88	44	2	80
191	2	61	1	88	44	2	144
191	2	61	5	88	44	2	177
191	2	61	8	88	44	2	18
191	2	61	12	88	44	2	134
191	2	61	21	88	44	2	57
191	2	61	25	88	44	2	173
191	2	61	28	88	44	2	14
191	2	61	32	88	44	2	47
191	2	61	34	88	44	2	153
191	2	61	43	88	44	2	38
191	2	62	0	88	44	2	178
191	2	62	19	88	44	3	inf
191	2	62	24	88	44	2	178
191	2	62	25	88	44	2	107
191	2	62	29	88	44	3	inf
191	2	62	30	88	44	2	149
191	2	62	31	88	44	2	86
191	2	62	32	88	44	2	111
191	2	62	36	88	44	2	111
191	2	62	37	88	44	2	86
191	2	62	38	88	44	2	149
191	2	62	39	88	44	2	1
191	2	62	43	88	44	2	107
191	2	63	3	88	44	2	57
191	2	63	12	88	44	2	134
191	2	63	16	88	44	2	18
191	2	63	19	88	44	2	177
191	2	63	23	88	44	2	144
191	2	63	25	88	44	2	38
191	2	63	34	88	44	2	153
191	2	63	36	88	44	2	47
191	2	63	40	88	44	2	14
191	2	63	43	88	44	2	173
191	2	64	15	88	44	2	13
191	2	64	16	88	44	2	84
191	2	64	20	88	44	2	190
191	2	64	21	88	44	2	42
191	2	64	22	88	44	2	105
191	2	64	23	88	44	2	80
191	2	64	27	88	44	2	80
191	2	64	28	88	44	2	105
191	2	64	29	88	44	2	42
191	2	64	30	88	44	2	190
191	2	64	34	88	44	2	84
191	2	64	35	88	44	2	13
191	2	65	3	88	44	2	57
191	2	65	7	88	44	2	173
191	2	65	10	88	44	2	14
191	2	65	14	88	44	2	47
191	2	65	16	88	44	2	153
191	2	65	25	88	44	2	38
191	2	65	27	88	44	2	144
191	2	65	31	88	44	2	177
191	2	65	34	88	44	2	18
191	2	65	38	88	44	2	134
191	2	66	1	88	44	3	inf
191	2	66	6	88	44	2	178
191	2	66	7	88	44	2	107
191	2	66	11	88	44	3	inf
191	2	66	12	88	44	2	149
191	2	66	13	88	44	2	86
191	2	66	14	88	44	2	111
191	2	66	18	88	44	2	111
191	2	66	19	88	44	2	86
191	2	66	20	88	44	2	149
191	2	66	21	88	44	2	1
191	2	66	25	88	44	2	107
191	2	66	26	88	44	2	178
191	2	67	1	88	44	2	177
191	2	67	5	88	44	2	144
191	2	67	7	88	44	2	38
191	2	67	16	88	44	2	153
191	2	67	18	88	44	2	47
191	2	67	22	88	44	2	14
191	2	67	25	88	44	2	173
191	2	67	29	88	44	2	57
191	2	67	38	88	44	2	134
191	2	67	42	88	44	2	18
191	2	68	2	88	44	2	190
191	2	68	3	88	44	2	42
191	2	68	4	88	44	2	105
191	2	68	5	88	44	2	80
191	2	68	9	88	44	2	80
191	2	68	10	88	44	2	105
191	2	68	11	88	44	2	42
191	2	68	12	88	44	2	190
191	2	68	16	88	44	2	84
191	2	68	17	88	44	2	13
191	2	68	41	88	44	2	13
191	2	68	42	88	44	2	84
191	2	69	7	88	44	2	38
191	2	69	9	88	44	2	144
191	2	69	13	88	44	2	177
191	2	69	16	88	44	2	18
191	2	69	20	88	44	2	134
191	2	69	29	88	44	2	57
191	2	69	33	88	44	2	173
191	2	69	36	88	44	2	14
191	2	69	40	88	44	2	47
191	2	69	42	88	44	2	153
191	2	70	0	88	44	2	111
191	2	70	1	88	44	2	86
191	2	70	2	88	44	2	149
191	2	70	3	88	44	2	1
191	2	70	7	88	44	2	107
191	2	70	8	88	44	2	178
191	2	70	27	88	44	3	inf
191	2	70	32	88	44	2	178
191	2	70	33	88	44	2	107
191	2	70	37	88	44	3	inf
191	2	70	38	88	44	2	149
191	2	70	39	88	44	2	86
191	2	70	40	88	44	2	111
191	2	71	0	88	44	2	47
191	2	71	4	88	44	2	14
191	2	71	7	88	44	2	173
191	2	71	11	88	44	2	57
191	2	71	20	88	44	2	134
191	2	71	24	88	44	2	18
191	2	71	27	88	44	2	177
191	2	71	31	88	44	2	144
191	2	71	33	88	44	2	38
191	2	71	42	88	44	2	153
191	2	72	23	88	44	2	13
191	2	72	24	88	44	2	84
191	2	72	28	88	44	2	190
191	2	72	29	88	44	2	42
191	2	72	30	88	44	2	105
191	2	72	31	88	44	2	80
191	2	72	35	88	44	2	80
191	2	72	36	88	44	2	105
191	2	72	37	88	44	2	42
191	2	72	38	88	44	2	190
191	2	72	42	88	44	2	84
191	2	72	43	88	44	2	13
191	2	73	2	88	44	2	134
191	2	73	11	88	44	2	57
191	2	73	15	88	44	2	173
191	2	73	18	88	44	2	14
191	2	73	22	88	44	2	47
191	2	73	24	88	44	2	153
191	2	73	33	88	44	2	38
191	2	73	35	88	44	2	144
191	2	73	39	88	44	2	177
191	2	73	42	88	44	2	18
191	2	74	9	88	44	3	inf
191	2	74	14	88	44	2	178
191	2	74	15	88	44	2	107
191	2	74	19	88	44	3	inf
191	2	74	20	88	44	2	149
191	2	74	21	88	44	2	86
191	2	74	22	88	44	2	111
191	2	74	26	88	44	2	111
191	2	74	27	88	44	2	86
191	2	74	28	88	44	2	149
191	2	74	29	88	44	2	1
191	2	74	33	88	44	2	107
191	2	74	34	88	44	2	178
191	2	75	2	88	44	2	134
191	2	75	6	88	44	2	18
191	2	75	9	88	44	2	177
191	2	75	13	88	44	2	144
191	2	75	15	88	44	2	38
191	2	75	24	88	44	2	153
191	2	75	26	88	44	2	47
191	2	75	30	88	44	2	14
191	2	75	33	88	44	2	173
191	2	75	37	88	44	2	57
191	2	76	5	88	44	2	13
191	2	76	6	88	44	2	84
191	2	76	10	88	44	2	190
191	2	76	11	88	44	2	42
191	2	76	12	88	44	2	105
191	2	76	13	88	44	2	80
191	2	76	17	88	44	2	80
191	2	76	18	88	44	2	105
191	2	76	19	88	44	2	42
191	2	76	20	88	44	2	190
191	2	76	24	88	44	2	84
191	2	76	25	88	44	2	13
191	2	77	0	88	44	2	14
191	2	77	4	88	44	2	47
191	2	77	6	88	44	2	153
191	2	77	15	88	44	2	38
191	2	77	17	88	44	2	144
191	2	77	21	88	44	2	177
191	2	77	24	88	44	2	18
191	2	77	28	88	44	2	134
191	2	77	37	88	44	2	57
191	2	77	41	88	44	2	173
191	2	78	1	88	44	3	inf
191	2	78	2	88	44	2	149
191	2	78	3	88	44	2	86
191	2	78	4	88	44	2	111
191	2	78	8	88	44	2	111
191	2	78	9	88	44	2	86
191	2	78	10	88	44	2	149
191	2	78	11	88	44	2	1
191	2	78	15	88	44	2	107
191	2	78	16	88	44	2	178
191	2	78	35	88	44	3	inf
191	2	78	40	88	44	2	178
191	2	78	41	88	44	2	107
191	2	79	6	88	44	2	153
191	2	79	8	88	44	2	47
191	2	79	12	88	44	2	14
191	2	79	15	88	44	2	173
191	2	79	19	88	44	2	57
191	2	79	28	88	44	2	134
191	2	79	32	88	44	2	18
191	2	79	35	88	44	2	177
191	2	79	39	88	44	2	144
191	2	79	41	88	44	2	38
191	2	80	0	88	44	2	105
191	2	80	1	88	44	2	42
191	2	80	2	88	44	2	190
191	2	80	6	88	44	2	84
191	2	80	7	88	44	2	13
191	2	80	31	88	44	2	13
191	2	80	32	88	44	2	84
191	2	80	36	88	44	2	190
191	2	80	37	88	44	2	42
191	2	80	38	88	44	2	105
191	2	80	39	88	44	2	80
191	2	80	43	88	44	2	80
191	2	81	3	88	44	2	177
191	2	81	6	88	44	2	18
191	2	81	10	88	44	2	134
191	2	81	19	88	44	2	57
191	2	81	23	88	44	2	173
191	2	81	26	88	44	2	14
191	2	81	30	88	44	2	47
191	2	81	32	88	44	2	153
191	2	81	41	88	44	2	38
191	2	81	43	88	44	2	144
191	2	82	17	88	44	3	inf
191	2	82	22	88	44	2	178
191	2	82	23	88	44	2	107
191	2	82	27	88	44	3	inf
191	2	82	28	88	44	2	149
191	2	82	29	88	44	2	86
191	2	82	30	88	44	2	111
191	2	82	34	88	44	2	111
191	2	82	35	88	44	2	86
191	2	82	36	88	44	2	149
191	2	82	37	88	44	2	1
191	2	82	41	88	44	2	107
191	2	82	42	88	44	2	178
191	2	83	1	88	44	2	57
191	2	83	10	88	44	2	134
191	2	83	14	88	44	2	18
191	2	83	17	88	44	2	177
191	2	83	21	88	44	2	144
191	2	83	23	88	44	2	38
191	2	83	32	88	44	2	153
191	2	83	34	88	44	2	47
191	2	83	38	88	44	2	14
191	2	83	41	88	44	2	173
191	2	84	13	88	44	2	13
191	2	84	14	88	44	2	84
191	2	84	18	88	44	2	190
191	2	84	19	88	44	2	42
191	2	84	20	88	44	2	105
191	2	84	21	88	44	2	80
191	2	84	25	88	44	2	80
191	2	84	26	88	44	2	105
191	2	84	27	88	44	2	42
191	2	84	28	88	44	2	190
191	2	84	32	88	44	2	84
191	2	84	33	88	44	2	13
191	2	85	1	88	44	2	57
191	2	85	5	88	44	2	173
191	2	85	8	88	44	2	14
191	2	85	12	88	44	2	47
191	2	85	14	88	44	2	153
191	2	85	23	88	44	2	38
191	2	85	25	88	44	2	144
191	2	85	29	88	44	2	177
191	2	85	32	88	44	2	18
191	2	85	36	88	44	2	134
191	2	86	4	88	44	2	178
191	2	86	5	88	44	2	107
191	2	86	9	88	44	3	inf
191	2	86	10	88	44	2	149
191	2	86	11	88	44	2	86
191	2	86	12	88	44	2	111
191	2	86	16	88	44	2	111
191	2	86	17	88	44	2	86
191	2	86	18	88	44	2	149
191	2	86	19	88	44	2	1
191	2	86	23	88	44	2	107
191	2	86	24	88	44	2	178
191	2	86	43	88	44	3	inf
191	2	87	3	88	44	2	144
191	2	87	5	88	44	2	38
191	2	87	14	88	44	2	153
191	2	87	16	88	44	2	47
191	2	87	20	88	44	2	14
191	2	87	23	88	44	2	173
191	2	87	27	88	44	2	57
191	2	87	36	88	44	2	134
191	2	87	40	88	44	2	18
191	2	87	43	88	44	2	177
193	1	0	0	72	36	3	inf
193	1	0	9	72	36	2	19
193	1	0	27	72	36	2	174
193	1	1	2	72	36	2	185
193	1	1	7	72	36	2	127
193	1	1	12	72	36	2	127
193	1	1	17	72	36	2	185
193	1	1	20	72	36	2	8
193	1	1	25	72	36	2	66
193	1	1	30	72	36	2	66
193	1	1	35	72	36	2	8
193	1	2	10	72	36	2	19
193	1	2	28	72	36	2	174
193	1	3	1	72	36	2	79
193	1	3	7	72	36	2	147
193	1	3	10	72	36	2	191
193	1	3	12	72	36	2	178
193	1	3	14	72	36	2	162
193	1	3	19	72	36	2	114
193	1	3	25	72	36	2	46
193	1	3	28	72	36	2	2
193	1	3	30	72	36	2	15
193	1	3	32	72	36	2	31
193	1	4	5	72	36	2	51
193	1	4	8	72	36	3	inf
193	1	4	11	72	36	2	142
193	1	4	17	72	36	3	85
193	1	4	23	72	36	2	142
193	1	4	26	72	36	3	inf
193	1	4	29	72	36	2	51
193	1	4	32	72	36	3	inf
193	1	4	35	72	36	3	108
193	1	5	2	72	36	2	31
193	1	5	4	72	36	2	15
193	1	5	6	72	36	2	2
193	1	5	9	72	36	2	46
193	1	5	15	72	36	2	114
193	1	5	20	72	36	2	162
193	1	5	22	72	36	2	178
193	1	5	24	72	36	2	191
193	1	5	27	72	36	2	147
193	1	5	33	72	36	2	79
193	1	6	6	72	36	2	174
193	1	6	15	72	36	3	inf
193	1	6	24	72	36	2	19
193	1	7	4	72	36	2	66
193	1	7	9	72	36	2	66
193	1	7	14	72	36	2	8
193	1	7	17	72	36	2	185
193	1	7	22	72	36	2	127
193	1	7	27	72	36	2	127
193	1	7	32	72	36	2	185
193	1	7	35	72	36	2	8
193	1	8	7	72	36	2	174
193	1	8	25	72	36	2	19
193	1	9	4	72	36	2	46
193	1	9	7	72	36	2	2
193	1	9	9	72	36	2	15
193	1	9	11	72	36	2	31
193	1	9	16	72	36	2	79
193	1	9	22	72	36	2	147
193	1	9	25	72	36	2	191
193	1	9	27	72	36	2	178
193	1	9	29	72	36	2	162
193	1	9	34	72	36	2	114
193	1	10	2	72	36	2	142
193	1	10	5	72	36	3	inf
193	1	10	8	72	36	2	51
193	1	10	11	72	36	3	inf
193	1	10	14	72	36	3	108
193	1	10	20	72	36	2	51
193	1	10	23	72	36	3	inf
193	1	10	26	72	36	2	142
193	1	10	32	72	36	3	85
193	1	11	1	72	36	2	178
193	1	11	3	72	36	2	191
193	1	11	6	72	36	2	147
193	1	11	12	72	36	2	79
193	1	11	17	72	36	2	31
193	1	11	19	72	36	2	15
193	1	11	21	72	36	2	2
193	1	11	24	72	36	2	46
193	1	11	30	72	36	2	114
193	1	11	35	72	36	2	162
193	1	12	3	72	36	2	19
193	1	12	21	72	36	2	174
193	1	12	30	72	36	3	inf
193	1	13	1	72	36	2	127
193	1	13	6	72	36	2	127
193	1	13	11	72	36	2	185
193	1	13	14	72	36	2	8
193	1	13	19	72	36	2	66
193	1	13	24	72	36	2	66
193	1	13	29	72	36	2	8
193	1	13	32	72	36	2	185
193	1	14	4	72	36	2	19
193	1	14	22	72	36	2	174
193	1	15	1	72	36	2	147
193	1	15	4	72	36	2	191
193	1	15	6	72	36	2	178
193	1	15	8	72	36	2	162
193	1	15	13	72	36	2	114
193	1	15	19	72	36	2	46
193	1	15	22	72	36	2	2
193	1	15	24	72	36	2	15
193	1	15	26	72	36	2	31
193	1	15	31	72	36	2	79
193	1	16	2	72	36	3	inf
193	1	16	5	72	36	2	142
193	1	16	11	72	36	3	85
193	1	16	17	72	36	2	142
193	1	16	20	72	36	3	inf
193	1	16	23	72	36	2	51
193	1	16	26	72	36	3	inf
193	1	16	29	72	36	3	108
193	1	16	35	72	36	2	51
193	1	17	0	72	36	2	2
193	1	17	3	72	36	2	46
193	1	17	9	72	36	2	114
193	1	17	14	72	36	2	162
193	1	17	16	72	36	2	178
193	1	17	18	72	36	2	191
193	1	17	21	72	36	2	147
193	1	17	27	72	36	2	79
193	1	17	32	72	36	2	31
193	1	17	34	72	36	2	15
193	1	18	0	72	36	2	174
193	1	18	9	72	36	3	inf
193	1	18	18	72	36	2	19
193	1	19	3	72	36	2	66
193	1	19	8	72	36	2	8
193	1	19	11	72	36	2	185
193	1	19	16	72	36	2	127
193	1	19	21	72	36	2	127
193	1	19	26	72	36	2	185
193	1	19	29	72	36	2	8
193	1	19	34	72	36	2	66
193	1	20	1	72	36	2	174
193	1	20	19	72	36	2	19
193	1	21	1	72	36	2	2
193	1	21	3	72	36	2	15
193	1	21	5	72	36	2	31
193	1	21	10	72	36	2	79
193	1	21	16	72	36	2	147
193	1	21	19	72	36	2	191
193	1	21	21	72	36	2	178
193	1	21	23	72	36	2	162
193	1	21	28	72	36	2	114
193	1	21	34	72	36	2	46
193	1	22	2	72	36	2	51
193	1	22	5	72	36	3	inf
193	1	22	8	72	36	3	108
193	1	22	14	72	36	2	51
193	1	22	17	72	36	3	inf
193	1	22	20	72	36	2	142
193	1	22	26	72	36	3	85
193	1	22	32	72	36	2	142
193	1	22	35	72	36	3	inf
193	1	23	0	72	36	2	147
193	1	23	6	72	36	2	79
193	1	23	11	72	36	2	31
193	1	23	13	72	36	2	15
193	1	23	15	72	36	2	2
193	1	23	18	72	36	2	46
193	1	23	24	72	36	2	114
193	1	23	29	72	36	2	162
193	1	23	31	72	36	2	178
193	1	23	33	72	36	2	191
193	1	24	15	72	36	2	174
193	1	24	24	72	36	3	inf
193	1	24	33	72	36	2	19
193	1	25	0	72	36	2	127
193	1	25	5	72	36	2	185
193	1	25	8	72	36	2	8
193	1	25	13	72	36	2	66
193	1	25	18	72	36	2	66
193	1	25	23	72	36	2	8
193	1	25	26	72	36	2	185
193	1	25	31	72	36	2	127
193	1	26	16	72	36	2	174
193	1	26	34	72	36	2	19
193	1	27	0	72	36	2	178
193	1	27	2	72	36	2	162
193	1	27	7	72	36	2	114
193	1	27	13	72	36	2	46
193	1	27	16	72	36	2	2
193	1	27	18	72	36	2	15
193	1	27	20	72	36	2	31
193	1	27	25	72	36	2	79
193	1	27	31	72	36	2	147
193	1	27	34	72	36	2	191
193	1	28	5	72	36	3	85
193	1	28	11	72	36	2	142
193	1	28	14	72	36	3	inf
193	1	28	17	72	36	2	51
193	1	28	20	72	36	3	inf
193	1	28	23	72	36	3	108
193	1	28	29	72	36	2	51
193	1	28	32	72	36	3	inf
193	1	28	35	72	36	2	142
193	1	29	3	72	36	2	114
193	1	29	8	72	36	2	162
193	1	29	10	72	36	2	178
193	1	29	12	72	36	2	191
193	1	29	15	72	36	2	147
193	1	29	21	72	36	2	79
193	1	29	26	72	36	2	31
193	1	29	28	72	36	2	15
193	1	29	30	72	36	2	2
193	1	29	33	72	36	2	46
193	1	30	3	72	36	3	inf
193	1	30	12	72	36	2	19
193	1	30	30	72	36	2	174
193	1	31	2	72	36	2	8
193	1	31	5	72	36	2	185
193	1	31	10	72	36	2	127
193	1	31	15	72	36	2	127
193	1	31	20	72	36	2	185
193	1	31	23	72	36	2	8
193	1	31	28	72	36	2	66
193	1	31	33	72	36	2	66
193	1	32	13	72	36	2	19
193	1	32	31	72	36	2	174
193	1	33	4	72	36	2	79
193	1	33	10	72	36	2	147
193	1	33	13	72	36	2	191
193	1	33	15	72	36	2	178
193	1	33	17	72	36	2	162
193	1	33	22	72	36	2	114
193	1	33	28	72	36	2	46
193	1	33	31	72	36	2	2
193	1	33	33	72	36	2	15
193	1	33	35	72	36	2	31
193	1	34	2	72	36	3	108
193	1	34	8	72	36	2	51
193	1	34	11	72	36	3	inf
193	1	34	14	72	36	2	142
193	1	34	20	72	36	3	85
193	1	34	26	72	36	2	142
193	1	34	29	72	36	3	inf
193	1	34	32	72	36	2	51
193	1	34	35	72	36	3	inf
193	1	35	0	72	36	2	79
193	1	35	5	72	36	2	31
193	1	35	7	72	36	2	15
193	1	35	9	72	36	2	2
193	1	35	12	72	36	2	46
193	1	35	18	72	36	2	114
193	1	35	23	72	36	2	162
193	1	35	25	72	36	2	178
193	1	35	27	72	36	2	191
193	1	35	30	72	36	2	147
193	1	36	9	72	36	2	174
193	1	36	18	72	36	3	inf
193	1	36	27	72	36	2	19
193	1	37	2	72	36	2	8
193	1	37	7	72	36	2	66
193	1	37	12	72	36	2	66
193	1	37	17	72	36	2	8
193	1	37	20	72	36	2	185
193	1	37	25	72	36	2	127
193	1	37	30	72	36	2	127
193	1	37	35	72	36	2	185
193	1	38	10	72	36	2	174
193	1	38	28	72	36	2	19
193	1	39	1	72	36	2	114
193	1	39	7	72	36	2	46
193	1	39	10	72	36	2	2
193	1	39	12	72	36	2	15
193	1	39	14	72	36	2	31
193	1	39	19	72	36	2	79
193	1	39	25	72	36	2	147
193	1	39	28	72	36	2	191
193	1	39	30	72	36	2	178
193	1	39	32	72	36	2	162
193	1	40	5	72	36	2	142
193	1	40	8	72	36	3	inf
193	1	40	11	72	36	2	51
193	1	40	14	72	36	3	inf
193	1	40	17	72	36	3	108
193	1	40	23	72	36	2	51
193	1	40	26	72	36	3	inf
193	1	40	29	72	36	2	142
193	1	40	35	72	36	3	85
193	1	41	2	72	36	2	162
193	1	41	4	72	36	2	178
193	1	41	6	72	36	2	191
193	1	41	9	72	36	2	147
193	1	41	15	72	36	2	79
193	1	41	20	72	36	2	31
193	1	41	22	72	36	2	15
193	1	41	24	72	36	2	2
193	1	41	27	72	36	2	46
193	1	41	33	72	36	2	114
193	1	42	6	72	36	2	19
193	1	42	24	72	36	2	174
193	1	42	33	72	36	3	inf
193	1	43	4	72	36	2	127
193	1	43	9	72	36	2	127
193	1	43	14	72	36	2	185
193	1	43	17	72	36	2	8
193	1	43	22	72	36	2	66
193	1	43	27	72	36	2	66
193	1	43	32	72	36	2	8
193	1	43	35	72	36	2	185
193	1	44	7	72	36	2	19
193	1	44	25	72	36	2	174
193	1	45	4	72	36	2	147
193	1	45	7	72	36	2	191
193	1	45	9	72	36	2	178
193	1	45	11	72	36	2	162
193	1	45	16	72	36	2	114
193	1	45	22	72	36	2	46
193	1	45	25	72	36	2	2
193	1	45	27	72	36	2	15
193	1	45	29	72	36	2	31
193	1	45	34	72	36	2	79
193	1	46	2	72	36	2	51
193	1	46	5	72	36	3	inf
193	1	46	8	72	36	2	142
193	1	46	14	72	36	3	85
193	1	46	20	72	36	2	142
193	1	46	23	72	36	3	inf
193	1	46	26	72	36	2	51
193	1	46	29	72	36	3	inf
193	1	46	32	72	36	3	108
193	1	47	1	72	36	2	15
193	1	47	3	72	36	2	2
193	1	47	6	72	36	2	46
193	1	47	12	72	36	2	114
193	1	47	17	72	36	2	162
193	1	47	19	72	36	2	178
193	1	47	21	72	36	2	191
193	1	47	24	72	36	2	147
193	1	47	30	72	36	2	79
193	1	47	35	72	36	2	31
193	1	48	3	72	36	2	174
193	1	48	12	72	36	3	inf
193	1	48	21	72	36	2	19
193	1	49	1	72	36	2	66
193	1	49	6	72	36	2	66
193	1	49	11	72	36	2	8
193	1	49	14	72	36	2	185
193	1	49	19	72	36	2	127
193	1	49	24	72	36	2	127
193	1	49	29	72	36	2	185
193	1	49	32	72	36	2	8
193	1	50	4	72	36	2	174
193	1	50	22	72	36	2	19
193	1	51	1	72	36	2	46
193	1	51	4	72	36	2	2
193	1	51	6	72	36	2	15
193	1	51	8	72	36	2	31
193	1	51	13	72	36	2	79
193	1	51	19	72	36	2	147
193	1	51	22	72	36	2	191
193	1	51	24	72	36	2	178
193	1	51	26	72	36	2	162
193	1	51	31	72	36	2	114
193	1	52	2	72	36	3	inf
193	1	52	5	72	36	2	51
193	1	52	8	72	36	3	inf
193	1	52	11	72	36	3	108
193	1	52	17	72	36	2	51
193	1	52	20	72	36	3	inf
193	1	52	23	72	36	2	142
193	1	52	29	72	36	3	85
193	1	52	35	72	36	2	142
193	1	53	0	72	36	2	191
193	1	53	3	72	36	2	147
193	1	53	9	72	36	2	79
193	1	53	14	72	36	2	31
193	1	53	16	72	36	2	15
193	1	53	18	72	36	2	2
193	1	53	21	72	36	2	46
193	1	53	27	72	36	2	114
193	1	53	32	72	36	2	162
193	1	53	34	72	36	2	178
193	1	54	0	72	36	2	19
193	1	54	18	72	36	2	174
193	1	54	27	72	36	3	inf
193	1	55	3	72	36	2	127
193	1	55	8	72	36	2	185
193	1	55	11	72	36	2	8
193	1	55	16	72	36	2	66
193	1	55	21	72	36	2	66
193	1	55	26	72	36	2	8
193	1	55	29	72	36	2	185
193	1	55	34	72	36	2	127
193	1	56	1	72	36	2	19
193	1	56	19	72	36	2	174
193	1	57	1	72	36	2	191
193	1	57	3	72	36	2	178
193	1	57	5	72	36	2	162
193	1	57	10	72	36	2	114
193	1	57	16	72	36	2	46
193	1	57	19	72	36	2	2
193	1	57	21	72	36	2	15
193	1	57	23	72	36	2	31
193	1	57	28	72	36	2	79
193	1	57	34	72	36	2	147
193	1	58	2	72	36	2	142
193	1	58	8	72	36	3	85
193	1	58	14	72	36	2	142
193	1	58	17	72	36	3	inf
193	1	58	20	72	36	2	51
193	1	58	23	72	36	3	inf
193	1	58	26	72	36	3	108
193	1	58	32	72	36	2	51
193	1	58	35	72	36	3	inf
193	1	59	0	72	36	2	46
193	1	59	6	72	36	2	114
193	1	59	11	72	36	2	162
193	1	59	13	72	36	2	178
193	1	59	15	72	36	2	191
193	1	59	18	72	36	2	147
193	1	59	24	72	36	2	79
193	1	59	29	72	36	2	31
193	1	59	31	72	36	2	15
193	1	59	33	72	36	2	2
193	1	60	6	72	36	3	inf
193	1	60	15	72	36	2	19
193	1	60	33	72	36	2	174
193	1	61	0	72	36	2	66
193	1	61	5	72	36	2	8
193	1	61	8	72	36	2	185
193	1	61	13	72	36	2	127
193	1	61	18	72	36	2	127
193	1	61	23	72	36	2	185
193	1	61	26	72	36	2	8
193	1	61	31	72	36	2	66
193	1	62	16	72	36	2	19
193	1	62	34	72	36	2	174
193	1	63	0	72	36	2	15
193	1	63	2	72	36	2	31
193	1	63	7	72	36	2	79
193	1	63	13	72	36	2	147
193	1	63	16	72	36	2	191
193	1	63	18	72	36	2	178
193	1	63	20	72	36	2	162
193	1	63	25	72	36	2	114
193	1	63	31	72	36	2	46
193	1	63	34	72	36	2	2
193	1	64	2	72	36	3	inf
193	1	64	5	72	36	3	108
193	1	64	11	72	36	2	51
193	1	64	14	72	36	3	inf
193	1	64	17	72	36	2	142
193	1	64	23	72	36	3	85
193	1	64	29	72	36	2	142
193	1	64	32	72	36	3	inf
193	1	64	35	72	36	2	51
193	1	65	3	72	36	2	79
193	1	65	8	72	36	2	31
193	1	65	10	72	36	2	15
193	1	65	12	72	36	2	2
193	1	65	15	72	36	2	46
193	1	65	21	72	36	2	114
193	1	65	26	72	36	2	162
193	1	65	28	72	36	2	178
193	1	65	30	72	36	2	191
193	1	65	33	72	36	2	147
193	1	66	12	72	36	2	174
193	1	66	21	72	36	3	inf
193	1	66	30	72	36	2	19
193	1	67	2	72	36	2	185
193	1	67	5	72	36	2	8
193	1	67	10	72	36	2	66
193	1	67	15	72	36	2	66
193	1	67	20	72	36	2	8
193	1	67	23	72	36	2	185
193	1	67	28	72	36	2	127
193	1	67	33	72	36	2	127
193	1	68	13	72	36	2	174
193	1	68	31	72	36	2	19
193	1	69	4	72	36	2	114
193	1	69	10	72	36	2	46
193	1	69	13	72	36	2	2
193	1	69	15	72	36	2	15
193	1	69	17	72	36	2	31
193	1	69	22	72	36	2	79
193	1	69	28	72	36	2	147
193	1	69	31	72	36	2	191
193	1	69	33	72	36	2	178
193	1	69	35	72	36	2	162
193	1	70	2	72	36	3	85
193	1	70	8	72	36	2	142
193	1	70	11	72	36	3	inf
193	1	70	14	72	36	2	51
193	1	70	17	72	36	3	inf
193	1	70	20	72	36	3	108
193	1	70	26	72	36	2	51
193	1	70	29	72	36	3	inf
193	1	70	32	72	36	2	142
193	1	71	0	72	36	2	114
193	1	71	5	72	36	2	162
193	1	71	7	72	36	2	178
193	1	71	9	72	36	2	191
193	1	71	12	72	36	2	147
193	1	71	18	72	36	2	79
193	1	71	23	72	36	2	31
193	1	71	25	72	36	2	15
193	1	71	27	72	36	2	2
193	1	71	30	72	36	2	46
193	2	0	9	72	36	2	174
193	2	0	18	72	36	3	inf
193	2	0	27	72	36	2	19
193	2	1	2	72	36	2	8
193	2	1	7	72	36	2	66
193	2	1	12	72	36	2	66
193	2	1	17	72	36	2	8
193	2	1	20	72	36	2	185
193	2	1	25	72	36	2	127
193	2	1	30	72	36	2	127
193	2	1	35	72	36	2	185
193	2	2	10	72	36	2	174
193	2	2	28	72	36	2	19
193	2	3	1	72	36	2	114
193	2	3	7	72	36	2	46
193	2	3	10	72	36	2	2
193	2	3	12	72	36	2	15
193	2	3	14	72	36	2	31
193	2	3	19	72	36	2	79
193	2	3	25	72	36	2	147
193	2	3	28	72	36	2	191
193	2	3	30	72	36	2	178
193	2	3	32	72	36	2	162
193	2	4	5	72	36	2	142
193	2	4	8	72	36	3	inf
193	2	4	11	72	36	2	51
193	2	4	14	72	36	3	inf
193	2	4	17	72	36	3	108
193	2	4	23	72	36	2	51
193	2	4	26	72	36	3	inf
193	2	4	29	72	36	2	142
193	2	4	35	72	36	3	85
193	2	5	2	72	36	2	162
193	2	5	4	72	36	2	178
193	2	5	6	72	36	2	191
193	2	5	9	72	36	2	147
193	2	5	15	72	36	2	79
193	2	5	20	72	36	2	31
193	2	5	22	72	36	2	15
193	2	5	24	72	36	2	2
193	2	5	27	72	36	2	46
193	2	5	33	72	36	2	114
193	2	6	6	72	36	2	19
193	2	6	24	72	36	2	174
193	2	6	33	72	36	3	inf
193	2	7	4	72	36	2	127
193	2	7	9	72	36	2	127
193	2	7	14	72	36	2	185
193	2	7	17	72	36	2	8
193	2	7	22	72	36	2	66
193	2	7	27	72	36	2	66
193	2	7	32	72	36	2	8
193	2	7	35	72	36	2	185
193	2	8	7	72	36	2	19
193	2	8	25	72	36	2	174
193	2	9	4	72	36	2	147
193	2	9	7	72	36	2	191
193	2	9	9	72	36	2	178
193	2	9	11	72	36	2	162
193	2	9	16	72	36	2	114
193	2	9	22	72	36	2	46
193	2	9	25	72	36	2	2
193	2	9	27	72	36	2	15
193	2	9	29	72	36	2	31
193	2	9	34	72	36	2	79
193	2	10	2	72	36	2	51
193	2	10	5	72	36	3	inf
193	2	10	8	72	36	2	142
193	2	10	14	72	36	3	85
193	2	10	20	72	36	2	142
193	2	10	23	72	36	3	inf
193	2	10	26	72	36	2	51
193	2	10	29	72	36	3	inf
193	2	10	32	72	36	3	108
193	2	11	1	72	36	2	15
193	2	11	3	72	36	2	2
193	2	11	6	72	36	2	46
193	2	11	12	72	36	2	114
193	2	11	17	72	36	2	162
193	2	11	19	72	36	2	178
193	2	11	21	72	36	2	191
193	2	11	24	72	36	2	147
193	2	11	30	72	36	2	79
193	2	11	35	72	36	2	31
193	2	12	3	72	36	2	174
193	2	12	12	72	36	3	inf
193	2	12	21	72	36	2	19
193	2	13	1	72	36	2	66
193	2	13	6	72	36	2	66
193	2	13	11	72	36	2	8
193	2	13	14	72	36	2	185
193	2	13	19	72	36	2	127
193	2	13	24	72	36	2	127
193	2	13	29	72	36	2	185
193	2	13	32	72	36	2	8
193	2	14	4	72	36	2	174
193	2	14	22	72	36	2	19
193	2	15	1	72	36	2	46
193	2	15	4	72	36	2	2
193	2	15	6	72	36	2	15
193	2	15	8	72	36	2	31
193	2	15	13	72	36	2	79
193	2	15	19	72	36	2	147
193	2	15	22	72	36	2	191
193	2	15	24	72	36	2	178
193	2	15	26	72	36	2	162
193	2	15	31	72	36	2	114
193	2	16	2	72	36	3	inf
193	2	16	5	72	36	2	51
193	2	16	8	72	36	3	inf
193	2	16	11	72	36	3	108
193	2	16	17	72	36	2	51
193	2	16	20	72	36	3	inf
193	2	16	23	72	36	2	142
193	2	16	29	72	36	3	85
193	2	16	35	72	36	2	142
193	2	17	0	72	36	2	191
193	2	17	3	72	36	2	147
193	2	17	9	72	36	2	79
193	2	17	14	72	36	2	31
193	2	17	16	72	36	2	15
193	2	17	18	72	36	2	2
193	2	17	21	72	36	2	46
193	2	17	27	72	36	2	114
193	2	17	32	72	36	2	162
193	2	17	34	72	36	2	178
193	2	18	0	72	36	2	19
193	2	18	18	72	36	2	174
193	2	18	27	72	36	3	inf
193	2	19	3	72	36	2	127
193	2	19	8	72	36	2	185
193	2	19	11	72	36	2	8
193	2	19	16	72	36	2	66
193	2	19	21	72	36	2	66
193	2	19	26	72	36	2	8
193	2	19	29	72	36	2	185
193	2	19	34	72	36	2	127
193	2	20	1	72	36	2	19
193	2	20	19	72	36	2	174
193	2	21	1	72	36	2	191
193	2	21	3	72	36	2	178
193	2	21	5	72	36	2	162
193	2	21	10	72	36	2	114
193	2	21	16	72	36	2	46
193	2	21	19	72	36	2	2
193	2	21	21	72	36	2	15
193	2	21	23	72	36	2	31
193	2	21	28	72	36	2	79
193	2	21	34	72	36	2	147
193	2	22	2	72	36	2	142
193	2	22	8	72	36	3	85
193	2	22	14	72	36	2	142
193	2	22	17	72	36	3	inf
193	2	22	20	72	36	2	51
193	2	22	23	72	36	3	inf
193	2	22	26	72	36	3	108
193	2	22	32	72	36	2	51
193	2	22	35	72	36	3	inf
193	2	23	0	72	36	2	46
193	2	23	6	72	36	2	114
193	2	23	11	72	36	2	162
193	2	23	13	72	36	2	178
193	2	23	15	72	36	2	191
193	2	23	18	72	36	2	147
193	2	23	24	72	36	2	79
193	2	23	29	72	36	2	31
193	2	23	31	72	36	2	15
193	2	23	33	72	36	2	2
193	2	24	6	72	36	3	inf
193	2	24	15	72	36	2	19
193	2	24	33	72	36	2	174
193	2	25	0	72	36	2	66
193	2	25	5	72	36	2	8
193	2	25	8	72	36	2	185
193	2	25	13	72	36	2	127
193	2	25	18	72	36	2	127
193	2	25	23	72	36	2	185
193	2	25	26	72	36	2	8
193	2	25	31	72	36	2	66
193	2	26	16	72	36	2	19
193	2	26	34	72	36	2	174
193	2	27	0	72	36	2	15
193	2	27	2	72	36	2	31
193	2	27	7	72	36	2	79
193	2	27	13	72	36	2	147
193	2	27	16	72	36	2	191
193	2	27	18	72	36	2	178
193	2	27	20	72	36	2	162
193	2	27	25	72	36	2	114
193	2	27	31	72	36	2	46
193	2	27	34	72	36	2	2
193	2	28	2	72	36	3	inf
193	2	28	5	72	36	3	108
193	2	28	11	72	36	2	51
193	2	28	14	72	36	3	inf
193	2	28	17	72	36	2	142
193	2	28	23	72	36	3	85
193	2	28	29	72	36	2	142
193	2	28	32	72	36	3	inf
193	2	28	35	72	36	2	51
193	2	29	3	72	36	2	79
193	2	29	8	72	36	2	31
193	2	29	10	72	36	2	15
193	2	29	12	72	36	2	2
193	2	29	15	72	36	2	46
193	2	29	21	72	36	2	114
193	2	29	26	72	36	2	162
193	2	29	28	72	36	2	178
193	2	29	30	72	36	2	191
193	2	29	33	72	36	2	147
193	2	30	12	72	36	2	174
193	2	30	21	72	36	3	inf
193	2	30	30	72	36	2	19
193	2	31	2	72	36	2	185
193	2	31	5	72	36	2	8
193	2	31	10	72	36	2	66
193	2	31	15	72	36	2	66
193	2	31	20	72	36	2	8
193	2	31	23	72	36	2	185
193	2	31	28	72	36	2	127
193	2	31	33	72	36	2	127
193	2	32	13	72	36	2	174
193	2	32	31	72	36	2	19
193	2	33	4	72	36	2	114
193	2	33	10	72	36	2	46
193	2	33	13	72	36	2	2
193	2	33	15	72	36	2	15
193	2	33	17	72	36	2	31
193	2	33	22	72	36	2	79
193	2	33	28	72	36	2	147
193	2	33	31	72	36	2	191
193	2	33	33	72	36	2	178
193	2	33	35	72	36	2	162
193	2	34	2	72	36	3	85
193	2	34	8	72	36	2	142
193	2	34	11	72	36	3	inf
193	2	34	14	72	36	2	51
193	2	34	17	72	36	3	inf
193	2	34	20	72	36	3	108
193	2	34	26	72	36	2	51
193	2	34	29	72	36	3	inf
193	2	34	32	72	36	2	142
193	2	35	0	72	36	2	114
193	2	35	5	72	36	2	162
193	2	35	7	72	36	2	178
193	2	35	9	72	36	2	191
193	2	35	12	72	36	2	147
193	2	35	18	72	36	2	79
193	2	35	23	72	36	2	31
193	2	35	25	72	36	2	15
193	2	35	27	72	36	2	2
193	2	35	30	72	36	2	46
193	2	36	0	72	36	3	inf
193	2	36	9	72	36	2	19
193	2	36	27	72	36	2	174
193	2	37	2	72	36	2	185
193	2	37	7	72	36	2	127
193	2	37	12	72	36	2	127
193	2	37	17	72	36	2	185
193	2	37	20	72	36	2	8
193	2	37	25	72	36	2	66
193	2	37	30	72	36	2	66
193	2	37	35	72	36	2	8
193	2	38	10	72	36	2	19
193	2	38	28	72	36	2	174
193	2	39	1	72	36	2	79
193	2	39	7	72	36	2	147
193	2	39	10	72	36	2	191
193	2	39	12	72	36	2	178
193	2	39	14	72	36	2	162
193	2	39	19	72	36	2	114
193	2	39	25	72	36	2	46
193	2	39	28	72	36	2	2
193	2	39	30	72	36	2	15
193	2	39	32	72	36	2	31
193	2	40	5	72	36	2	51
193	2	40	8	72	36	3	inf
193	2	40	11	72	36	2	142
193	2	40	17	72	36	3	85
193	2	40	23	72	36	2	142
193	2	40	26	72	36	3	inf
193	2	40	29	72	36	2	51
193	2	40	32	72	36	3	inf
193	2	40	35	72	36	3	108
193	2	41	2	72	36	2	31
193	2	41	4	72	36	2	15
193	2	41	6	72	36	2	2
193	2	41	9	72	36	2	46
193	2	41	15	72	36	2	114
193	2	41	20	72	36	2	162
193	2	41	22	72	36	2	178
193	2	41	24	72	36	2	191
193	2	41	27	72	36	2	147
193	2	41	33	72	36	2	79
193	2	42	6	72	36	2	174
193	2	42	15	72	36	3	inf
193	2	42	24	72	36	2	19
193	2	43	4	72	36	2	66
193	2	43	9	72	36	2	66
193	2	43	14	72	36	2	8
193	2	43	17	72	36	2	185
193	2	43	22	72	36	2	127
193	2	43	27	72	36	2	127
193	2	43	32	72	36	2	185
193	2	43	35	72	36	2	8
193	2	44	7	72	36	2	174
193	2	44	25	72	36	2	19
193	2	45	4	72	36	2	46
193	2	45	7	72	36	2	2
193	2	45	9	72	36	2	15
193	2	45	11	72	36	2	31
193	2	45	16	72	36	2	79
193	2	45	22	72	36	2	147
193	2	45	25	72	36	2	191
193	2	45	27	72	36	2	178
193	2	45	29	72	36	2	162
193	2	45	34	72	36	2	114
193	2	46	2	72	36	2	142
193	2	46	5	72	36	3	inf
193	2	46	8	72	36	2	51
193	2	46	11	72	36	3	inf
193	2	46	14	72	36	3	108
193	2	46	20	72	36	2	51
193	2	46	23	72	36	3	inf
193	2	46	26	72	36	2	142
193	2	46	32	72	36	3	85
193	2	47	1	72	36	2	178
193	2	47	3	72	36	2	191
193	2	47	6	72	36	2	147
193	2	47	12	72	36	2	79
193	2	47	17	72	36	2	31
193	2	47	19	72	36	2	15
193	2	47	21	72	36	2	2
193	2	47	24	72	36	2	46
193	2	47	30	72	36	2	114
193	2	47	35	72	36	2	162
193	2	48	3	72	36	2	19
193	2	48	21	72	36	2	174
193	2	48	30	72	36	3	inf
193	2	49	1	72	36	2	127
193	2	49	6	72	36	2	127
193	2	49	11	72	36	2	185
193	2	49	14	72	36	2	8
193	2	49	19	72	36	2	66
193	2	49	24	72	36	2	66
193	2	49	29	72	36	2	8
193	2	49	32	72	36	2	185
193	2	50	4	72	36	2	19
193	2	50	22	72	36	2	174
193	2	51	1	72	36	2	147
193	2	51	4	72	36	2	191
193	2	51	6	72	36	2	178
193	2	51	8	72	36	2	162
193	2	51	13	72	36	2	114
193	2	51	19	72	36	2	46
193	2	51	22	72	36	2	2
193	2	51	24	72	36	2	15
193	2	51	26	72	36	2	31
193	2	51	31	72	36	2	79
193	2	52	2	72	36	3	inf
193	2	52	5	72	36	2	142
193	2	52	11	72	36	3	85
193	2	52	17	72	36	2	142
193	2	52	20	72	36	3	inf
193	2	52	23	72	36	2	51
193	2	52	26	72	36	3	inf
193	2	52	29	72	36	3	108
193	2	52	35	72	36	2	51
193	2	53	0	72	36	2	2
193	2	53	3	72	36	2	46
193	2	53	9	72	36	2	114
193	2	53	14	72	36	2	162
193	2	53	16	72	36	2	178
193	2	53	18	72	36	2	191
193	2	53	21	72	36	2	147
193	2	53	27	72	36	2	79
193	2	53	32	72	36	2	31
193	2	53	34	72	36	2	15
193	2	54	0	72	36	2	174
193	2	54	9	72	36	3	inf
193	2	54	18	72	36	2	19
193	2	55	3	72	36	2	66
193	2	55	8	72	36	2	8
193	2	55	11	72	36	2	185
193	2	55	16	72	36	2	127
193	2	55	21	72	36	2	127
193	2	55	26	72	36	2	185
193	2	55	29	72	36	2	8
193	2	55	34	72	36	2	66
193	2	56	1	72	36	2	174
193	2	56	19	72	36	2	19
193	2	57	1	72	36	2	2
193	2	57	3	72	36	2	15
193	2	57	5	72	36	2	31
193	2	57	10	72	36	2	79
193	2	57	16	72	36	2	147
193	2	57	19	72	36	2	191
193	2	57	21	72	36	2	178
193	2	57	23	72	36	2	162
193	2	57	28	72	36	2	114
193	2	57	34	72	36	2	46
193	2	58	2	72	36	2	51
193	2	58	5	72	36	3	inf
193	2	58	8	72	36	3	108
193	2	58	14	72	36	2	51
193	2	58	17	72	36	3	inf
193	2	58	20	72	36	2	142
193	2	58	26	72	36	3	85
193	2	58	32	72	36	2	142
193	2	58	35	72	36	3	inf
193	2	59	0	72	36	2	147
193	2	59	6	72	36	2	79
193	2	59	11	72	36	2	31
193	2	59	13	72	36	2	15
193	2	59	15	72	36	2	2
193	2	59	18	72	36	2	46
193	2	59	24	72	36	2	114
193	2	59	29	72	36	2	162
193	2	59	31	72	36	2	178
193	2	59	33	72	36	2	191
193	2	60	15	72	36	2	174
193	2	60	24	72	36	3	inf
193	2	60	33	72	36	2	19
193	2	61	0	72	36	2	127
193	2	61	5	72	36	2	185
193	2	61	8	72	36	2	8
193	2	61	13	72	36	2	66
193	2	61	18	72	36	2	66
193	2	61	23	72	36	2	8
193	2	61	26	72	36	2	185
193	2	61	31	72	36	2	127
193	2	62	16	72	36	2	174
193	2	62	34	72	36	2	19
193	2	63	0	72	36	2	178
193	2	63	2	72	36	2	162
193	2	63	7	72	36	2	114
193	2	63	13	72	36	2	46
193	2	63	16	72	36	2	2
193	2	63	18	72	36	2	15
193	2	63	20	72	36	2	31
193	2	63	25	72	36	2	79
193	2	63	31	72	36	2	147
193	2	63	34	72	36	2	191
193	2	64	5	72	36	3	85
193	2	64	11	72	36	2	142
193	2	64	14	72	36	3	inf
193	2	64	17	72	36	2	51
193	2	64	20	72	36	3	inf
193	2	64	23	72	36	3	108
193	2	64	29	72	36	2	51
193	2	64	32	72	36	3	inf
193	2	64	35	72	36	2	142
193	2	65	3	72	36	2	114
193	2	65	8	72	36	2	162
193	2	65	10	72	36	2	178
193	2	65	12	72	36	2	191
193	2	65	15	72	36	2	147
193	2	65	21	72	36	2	79
193	2	65	26	72	36	2	31
193	2	65	28	72	36	2	15
193	2	65	30	72	36	2	2
193	2	65	33	72	36	2	46
193	2	66	3	72	36	3	inf
193	2	66	12	72	36	2	19
193	2	66	30	72	36	2	174
193	2	67	2	72	36	2	8
193	2	67	5	72	36	2	185
193	2	67	10	72	36	2	127
193	2	67	15	72	36	2	127
193	2	67	20	72	36	2	185
193	2	67	23	72	36	2	8
193	2	67	28	72	36	2	66
193	2	67	33	72	36	2	66
193	2	68	13	72	36	2	19
193	2	68	31	72	36	2	174
193	2	69	4	72	36	2	79
193	2	69	10	72	36	2	147
193	2	69	13	72	36	2	191
193	2	69	15	72	36	2	178
193	2	69	17	72	36	2	162
193	2	69	22	72	36	2	114
193	2	69	28	72	36	2	46
193	2	69	31	72	36	2	2
193	2	69	33	72	36	2	15
193	2	69	35	72	36	2	31
193	2	70	2	72	36	3	108
193	2	70	8	72	36	2	51
193	2	70	11	72	36	3	inf
193	2	70	14	72	36	2	142
193	2	70	20	72	36	3	85
193	2	70	26	72	36	2	142
193	2	70	29	72	36	3	inf
193	2	70	32	72	36	2	51
193	2	70	35	72	36	3	inf
193	2	71	0	72	36	2	79
193	2	71	5	72	36	2	31
193	2	71	7	72	36	2	15
193	2	71	9	72	36	2	2
193	2	71	12	72	36	2	46
193	2	71	18	72	36	2	114
193	2	71	23	72	36	2	162
193	2	71	25	72	36	2	178
193	2	71	27	72	36	2	191
193	2	71	30	72	36	2	147
197	1	0	0	48	48	3	inf
197	1	0	4	48	48	2	69
197	1	0	7	48	48	3	83
197	1	0	8	48	48	3	114
197	1	0	11	48	48	2	128
197	1	0	16	48	48	2	30
197	1	0	27	48	48	2	26
197	1	0	31	48	48	2	108
197	1	0	32	48	48	2	89
197	1	0	36	48	48	2	171
197	1	0	47	48	48	2	167
197	1	1	0	48	48	2	108
197	1	1	1	48	48	2	89
197	1	1	5	48	48	2	171
197	1	1	16	48	48	2	167
197	1	1	17	48	48	3	inf
197	1	1	21	48	48	2	69
197	1	1	24	48	48	3	83
197	1	1	25	48	48	3	114
197	1	1	28	48	48	2	128
197	1	1	33	48	48	2	30
197	1	1	44	48	48	2	26
197	1	2	2	48	48	2	30
197	1	2	13	48	48	2	26
197	1	2	17	48	48	2	108
197	1	2	18	48	48	2	89
197	1	2	22	48	48	2	171
197	1	2	33	48	48	2	167
197	1	2	34	48	48	3	inf
197	1	2	38	48	48	2	69
197	1	2	41	48	48	3	83
197	1	2	42	48	48	3	114
197	1	2	45	48	48	2	128
197	1	3	2	48	48	2	167
197	1	3	3	48	48	3	inf
197	1	3	7	48	48	2	69
197	1	3	10	48	48	3	83
197	1	3	11	48	48	3	114
197	1	3	14	48	48	2	128
197	1	3	19	48	48	2	30
197	1	3	30	48	48	2	26
197	1	3	34	48	48	2	108
197	1	3	35	48	48	2	89
197	1	3	39	48	48	2	171
197	1	4	3	48	48	2	108
197	1	4	4	48	48	2	89
197	1	4	8	48	48	2	171
197	1	4	19	48	48	2	167
197	1	4	20	48	48	3	inf
197	1	4	24	48	48	2	69
197	1	4	27	48	48	3	83
197	1	4	28	48	48	3	114
197	1	4	31	48	48	2	128
197	1	4	36	48	48	2	30
197	1	4	47	48	48	2	26
197	1	5	0	48	48	2	128
197	1	5	5	48	48	2	30
197	1	5	16	48	48	2	26
197	1	5	20	48	48	2	108
197	1	5	21	48	48	2	89
197	1	5	25	48	48	2	171
197	1	5	36	48	48	2	167
197	1	5	37	48	48	3	inf
197	1	5	41	48	48	2	69
197	1	5	44	48	48	3	83
197	1	5	45	48	48	3	114
197	1	6	5	48	48	2	167
197	1	6	6	48	48	3	inf
197	1	6	10	48	48	2	69
197	1	6	13	48	48	3	83
197	1	6	14	48	48	3	114
197	1	6	17	48	48	2	128
197	1	6	22	48	48	2	30
197	1	6	33	48	48	2	26
197	1	6	37	48	48	2	108
197	1	6	38	48	48	2	89
197	1	6	42	48	48	2	171
197	1	7	2	48	48	2	26
197	1	7	6	48	48	2	108
197	1	7	7	48	48	2	89
197	1	7	11	48	48	2	171
197	1	7	22	48	48	2	167
197	1	7	23	48	48	3	inf
197	1	7	27	48	48	2	69
197	1	7	30	48	48	3	83
197	1	7	31	48	48	3	114
197	1	7	34	48	48	2	128
197	1	7	39	48	48	2	30
197	1	8	0	48	48	3	114
197	1	8	3	48	48	2	128
197	1	8	8	48	48	2	30
197	1	8	19	48	48	2	26
197	1	8	23	48	48	2	108
197	1	8	24	48	48	2	89
197	1	8	28	48	48	2	171
197	1	8	39	48	48	2	167
197	1	8	40	48	48	3	inf
197	1	8	44	48	48	2	69
197	1	8	47	48	48	3	83
197	1	9	8	48	48	2	167
197	1	9	9	48	48	3	inf
197	1	9	13	48	48	2	69
197	1	9	16	48	48	3	83
197	1	9	17	48	48	3	114
197	1	9	20	48	48	2	128
197	1	9	25	48	48	2	30
197	1	9	36	48	48	2	26
197	1	9	40	48	48	2	108
197	1	9	41	48	48	2	89
197	1	9	45	48	48	2	171
197	1	10	5	48	48	2	26
197	1	10	9	48	48	2	108
197	1	10	10	48	48	2	89
197	1	10	14	48	48	2	171
197	1	10	25	48	48	2	167
197	1	10	26	48	48	3	inf
197	1	10	30	48	48	2	69
197	1	10	33	48	48	3	83
197	1	10	34	48	48	3	114
197	1	10	37	48	48	2	128
197	1	10	42	48	48	2	30
197	1	11	2	48	48	3	83
197	1	11	3	48	48	3	114
197	1	11	6	48	48	2	128
197	1	11	11	48	48	2	30
197	1	11	22	48	48	2	26
197	1	11	26	48	48	2	108
197	1	11	27	48	48	2	89
197	1	11	31	48	48	2	171
197	1	11	42	48	48	2	167
197	1	11	43	48	48	3	inf
197	1	11	47	48	48	2	69
197	1	12	0	48	48	2	171
197	1	12	11	48	48	2	167
197	1	12	12	48	48	3	inf
197	1	12	16	48	48	2	69
197	1	12	19	48	48	3	83
197	1	12	20	48	48	3	114
197	1	12	23	48	48	2	128
197	1	12	28	48	48	2	30
197	1	12	39	48	48	2	26
197	1	12	43	48	48	2	108
197	1	12	44	48	48	2	89
197	1	13	8	48	48	2	26
197	1	13	12	48	48	2	108
197	1	13	13	48	48	2	89
197	1	13	17	48	48	2	171
197	1	13	28	48	48	2	167
197	1	13	29	48	48	3	inf
197	1	13	33	48	48	2	69
197	1	13	36	48	48	3	83
197	1	13	37	48	48	3	114
197	1	13	40	48	48	2	128
197	1	13	45	48	48	2	30
197	1	14	2	48	48	2	69
197	1	14	5	48	48	3	83
197	1	14	6	48	48	3	114
197	1	14	9	48	48	2	128
197	1	14	14	48	48	2	30
197	1	14	25	48	48	2	26
197	1	14	29	48	48	2	108
197	1	14	30	48	48	2	89
197	1	14	34	48	48	2	171
197	1	14	45	48	48	2	167
197	1	14	46	48	48	3	inf
197	1	15	3	48	48	2	171
197	1	15	14	48	48	2	167
197	1	15	15	48	48	3	inf
197	1	15	19	48	48	2	69
197	1	15	22	48	48	3	83
197	1	15	23	48	48	3	114
197	1	15	26	48	48	2	128
197	1	15	31	48	48	2	30
197	1	15	42	48	48	2	26
197	1	15	46	48	48	2	108
197	1	15	47	48	48	2	89
197	1	16	0	48	48	2	30
197	1	16	11	48	48	2	26
197	1	16	15	48	48	2	108
197	1	16	16	48	48	2	89
197	1	16	20	48	48	2	171
197	1	16	31	48	48	2	167
197	1	16	32	48	48	3	inf
197	1	16	36	48	48	2	69
197	1	16	39	48	48	3	83
197	1	16	40	48	48	3	114
197	1	16	43	48	48	2	128
197	1	17	0	48	48	2	167
197	1	17	1	48	48	3	inf
197	1	17	5	48	48	2	69
197	1	17	8	48	48	3	83
197	1	17	9	48	48	3	114
197	1	17	12	48	48	2	128
197	1	17	17	48	48	2	30
197	1	17	28	48	48	2	26
197	1	17	32	48	48	2	108
197	1	17	33	48	48	2	89
197	1	17	37	48	48	2	171
197	1	18	1	48	48	2	108
197	1	18	2	48	48	2	89
197	1	18	6	48	48	2	171
197	1	18	17	48	48	2	167
197	1	18	18	48	48	3	inf
197	1	18	22	48	48	2	69
197	1	18	25	48	48	3	83
197	1	18	26	48	48	3	114
197	1	18	29	48	48	2	128
197	1	18	34	48	48	2	30
197	1	18	45	48	48	2	26
197	1	19	3	48	48	2	30
197	1	19	14	48	48	2	26
197	1	19	18	48	48	2	108
197	1	19	19	48	48	2	89
197	1	19	23	48	48	2	171
197	1	19	34	48	48	2	167
197	1	19	35	48	48	3	inf
197	1	19	39	48	48	2	69
197	1	19	42	48	48	3	83
197	1	19	43	48	48	3	114
197	1	19	46	48	48	2	128
197	1	20	3	48	48	2	167
197	1	20	4	48	48	3	inf
197	1	20	8	48	48	2	69
197	1	20	11	48	48	3	83
197	1	20	12	48	48	3	114
197	1	20	15	48	48	2	128
197	1	20	20	48	48	2	30
197	1	20	31	48	48	2	26
197	1	20	35	48	48	2	108
197	1	20	36	48	48	2	89
197	1	20	40	48	48	2	171
197	1	21	0	48	48	2	26
197	1	21	4	48	48	2	108
197	1	21	5	48	48	2	89
197	1	21	9	48	48	2	171
197	1	21	20	48	48	2	167
197	1	21	21	48	48	3	inf
197	1	21	25	48	48	2	69
197	1	21	28	48	48	3	83
197	1	21	29	48	48	3	114
197	1	21	32	48	48	2	128
197	1	21	37	48	48	2	30
197	1	22	1	48	48	2	128
197	1	22	6	48	48	2	30
197	1	22	17	48	48	2	26
197	1	22	21	48	48	2	108
197	1	22	22	48	48	2	89
197	1	22	26	48	48	2	171
197	1	22	37	48	48	2	167
197	1	22	38	48	48	3	inf
197	1	22	42	48	48	2	69
197	1	22	45	48	48	3	83
197	1	22	46	48	48	3	114
197	1	23	6	48	48	2	167
197	1	23	7	48	48	3	inf
197	1	23	11	48	48	2	69
197	1	23	14	48	48	3	83
197	1	23	15	48	48	3	114
197	1	23	18	48	48	2	128
197	1	23	23	48	48	2	30
197	1	23	34	48	48	2	26
197	1	23	38	48	48	2	108
197	1	23	39	48	48	2	89
197	1	23	43	48	48	2	171
197	1	24	3	48	48	2	26
197	1	24	7	48	48	2	108
197	1	24	8	48	48	2	89
197	1	24	12	48	48	2	171
197	1	24	23	48	48	2	167
197	1	24	24	48	48	3	inf
197	1	24	28	48	48	2	69
197	1	24	31	48	48	3	83
197	1	24	32	48	48	3	114
197	1	24	35	48	48	2	128
197	1	24	40	48	48	2	30
197	1	25	0	48	48	3	83
197	1	25	1	48	48	3	114
197	1	25	4	48	48	2	128
197	1	25	9	48	48	2	30
197	1	25	20	48	48	2	26
197	1	25	24	48	48	2	108
197	1	25	25	48	48	2	89
197	1	25	29	48	48	2	171
197	1	25	40	48	48	2	167
197	1	25	41	48	48	3	inf
197	1	25	45	48	48	2	69
197	1	26	9	48	48	2	167
197	1	26	10	48	48	3	inf
197	1	26	14	48	48	2	69
197	1	26	17	48	48	3	83
197	1	26	18	48	48	3	114
197	1	26	21	48	48	2	128
197	1	26	26	48	48	2	30
197	1	26	37	48	48	2	26
197	1	26	41	48	48	2	108
197	1	26	42	48	48	2	89
197	1	26	46	48	48	2	171
197	1	27	6	48	48	2	26
197	1	27	10	48	48	2	108
197	1	27	11	48	48	2	89
197	1	27	15	48	48	2	171
197	1	27	26	48	48	2	167
197	1	27	27	48	48	3	inf
197	1	27	31	48	48	2	69
197	1	27	34	48	48	3	83
197	1	27	35	48	48	3	114
197	1	27	38	48	48	2	128
197	1	27	43	48	48	2	30
197	1	28	0	48	48	2	69
197	1	28	3	48	48	3	83
197	1	28	4	48	48	3	114
197	1	28	7	48	48	2	128
197	1	28	12	48	48	2	30
197	1	28	23	48	48	2	26
197	1	28	27	48	48	2	108
197	1	28	28	48	48	2	89
197	1	28	32	48	48	2	171
197	1	28	43	48	48	2	167
197	1	28	44	48	48	3	inf
197	1	29	1	48	48	2	171
197	1	29	12	48	48	2	167
197	1	29	13	48	48	3	inf
197	1	29	17	48	48	2	69
197	1	29	20	48	48	3	83
197	1	29	21	48	48	3	114
197	1	29	24	48	48	2	128
197	1	29	29	48	48	2	30
197	1	29	40	48	48	2	26
197	1	29	44	48	48	2	108
197	1	29	45	48	48	2	89
197	1	30	9	48	48	2	26
197	1	30	13	48	48	2	108
197	1	30	14	48	48	2	89
197	1	30	18	48	48	2	171
197	1	30	29	48	48	2	167
197	1	30	30	48	48	3	inf
197	1	30	34	48	48	2	69
197	1	30	37	48	48	3	83
197	1	30	38	48	48	3	114
197	1	30	41	48	48	2	128
197	1	30	46	48	48	2	30
197	1	31	3	48	48	2	69
197	1	31	6	48	48	3	83
197	1	31	7	48	48	3	114
197	1	31	10	48	48	2	128
197	1	31	15	48	48	2	30
197	1	31	26	48	48	2	26
197	1	31	30	48	48	2	108
197	1	31	31	48	48	2	89
197	1	31	35	48	48	2	171
197	1	31	46	48	48	2	167
197	1	31	47	48	48	3	inf
197	1	32	0	48	48	2	89
197	1	32	4	48	48	2	171
197	1	32	15	48	48	2	167
197	1	32	16	48	48	3	inf
197	1	32	20	48	48	2	69
197	1	32	23	48	48	3	83
197	1	32	24	48	48	3	114
197	1	32	27	48	48	2	128
197	1	32	32	48	48	2	30
197	1	32	43	48	48	2	26
197	1	32	47	48	48	2	108
197	1	33	1	48	48	2	30
197	1	33	12	48	48	2	26
197	1	33	16	48	48	2	108
197	1	33	17	48	48	2	89
197	1	33	21	48	48	2	171
197	1	33	32	48	48	2	167
197	1	33	33	48	48	3	inf
197	1	33	37	48	48	2	69
197	1	33	40	48	48	3	83
197	1	33	41	48	48	3	114
197	1	33	44	48	48	2	128
197	1	34	1	48	48	2	167
197	1	34	2	48	48	3	inf
197	1	34	6	48	48	2	69
197	1	34	9	48	48	3	83
197	1	34	10	48	48	3	114
197	1	34	13	48	48	2	128
197	1	34	18	48	48	2	30
197	1	34	29	48	48	2	26
197	1	34	33	48	48	2	108
197	1	34	34	48	48	2	89
197	1	34	38	48	48	2	171
197	1	35	2	48	48	2	108
197	1	35	3	48	48	2	89
197	1	35	7	48	48	2	171
197	1	35	18	48	48	2	167
197	1	35	19	48	48	3	inf
197	1	35	23	48	48	2	69
197	1	35	26	48	48	3	83
197	1	35	27	48	48	3	114
197	1	35	30	48	48	2	128
197	1	35	35	48	48	2	30
197	1	35	46	48	48	2	26
197	1	36	4	48	48	2	30
197	1	36	15	48	48	2	26
197	1	36	19	48	48	2	108
197	1	36	20	48	48	2	89
197	1	36	24	48	48	2	171
197	1	36	35	48	48	2	167
197	1	36	36	48	48	3	inf
197	1	36	40	48	48	2	69
197	1	36	43	48	48	3	83
197	1	36	44	48	48	3	114
197	1	36	47	48	48	2	128
197	1	37	4	48	48	2	167
197	1	37	5	48	48	3	inf
197	1	37	9	48	48	2	69
197	1	37	12	48	48	3	83
197	1	37	13	48	48	3	114
197	1	37	16	48	48	2	128
197	1	37	21	48	48	2	30
197	1	37	32	48	48	2	26
197	1	37	36	48	48	2	108
197	1	37	37	48	48	2	89
197	1	37	41	48	48	2	171
197	1	38	1	48	48	2	26
197	1	38	5	48	48	2	108
197	1	38	6	48	48	2	89
197	1	38	10	48	48	2	171
197	1	38	21	48	48	2	167
197	1	38	22	48	48	3	inf
197	1	38	26	48	48	2	69
197	1	38	29	48	48	3	83
197	1	38	30	48	48	3	114
197	1	38	33	48	48	2	128
197	1	38	38	48	48	2	30
197	1	39	2	48	48	2	128
197	1	39	7	48	48	2	30
197	1	39	18	48	48	2	26
197	1	39	22	48	48	2	108
197	1	39	23	48	48	2	89
197	1	39	27	48	48	2	171
197	1	39	38	48	48	2	167
197	1	39	39	48	48	3	inf
197	1	39	43	48	48	2	69
197	1	39	46	48	48	3	83
197	1	39	47	48	48	3	114
197	1	40	7	48	48	2	167
197	1	40	8	48	48	3	inf
197	1	40	12	48	48	2	69
197	1	40	15	48	48	3	83
197	1	40	16	48	48	3	114
197	1	40	19	48	48	2	128
197	1	40	24	48	48	2	30
197	1	40	35	48	48	2	26
197	1	40	39	48	48	2	108
197	1	40	40	48	48	2	89
197	1	40	44	48	48	2	171
197	1	41	4	48	48	2	26
197	1	41	8	48	48	2	108
197	1	41	9	48	48	2	89
197	1	41	13	48	48	2	171
197	1	41	24	48	48	2	167
197	1	41	25	48	48	3	inf
197	1	41	29	48	48	2	69
197	1	41	32	48	48	3	83
197	1	41	33	48	48	3	114
197	1	41	36	48	48	2	128
197	1	41	41	48	48	2	30
197	1	42	1	48	48	3	83
197	1	42	2	48	48	3	114
197	1	42	5	48	48	2	128
197	1	42	10	48	48	2	30
197	1	42	21	48	48	2	26
197	1	42	25	48	48	2	108
197	1	42	26	48	48	2	89
197	1	42	30	48	48	2	171
197	1	42	41	48	48	2	167
197	1	42	42	48	48	3	inf
197	1	42	46	48	48	2	69
197	1	43	10	48	48	2	167
197	1	43	11	48	48	3	inf
197	1	43	15	48	48	2	69
197	1	43	18	48	48	3	83
197	1	43	19	48	48	3	114
197	1	43	22	48	48	2	128
197	1	43	27	48	48	2	30
197	1	43	38	48	48	2	26
197	1	43	42	48	48	2	108
197	1	43	43	48	48	2	89
197	1	43	47	48	48	2	171
197	1	44	7	48	48	2	26
197	1	44	11	48	48	2	108
197	1	44	12	48	48	2	89
197	1	44	16	48	48	2	171
197	1	44	27	48	48	2	167
197	1	44	28	48	48	3	inf
197	1	44	32	48	48	2	69
197	1	44	35	48	48	3	83
197	1	44	36	48	48	3	114
197	1	44	39	48	48	2	128
197	1	44	44	48	48	2	30
197	1	45	1	48	48	2	69
197	1	45	4	48	48	3	83
197	1	45	5	48	48	3	114
197	1	45	8	48	48	2	128
197	1	45	13	48	48	2	30
197	1	45	24	48	48	2	26
197	1	45	28	48	48	2	108
197	1	45	29	48	48	2	89
197	1	45	33	48	48	2	171
197	1	45	44	48	48	2	167
197	1	45	45	48	48	3	inf
197	1	46	2	48	48	2	171
197	1	46	13	48	48	2	167
197	1	46	14	48	48	3	inf
197	1	46	18	48	48	2	69
197	1	46	21	48	48	3	83
197	1	46	22	48	48	3	114
197	1	46	25	48	48	2	128
197	1	46	30	48	48	2	30
197	1	46	41	48	48	2	26
197	1	46	45	48	48	2	108
197	1	46	46	48	48	2	89
197	1	47	10	48	48	2	26
197	1	47	14	48	48	2	108
197	1	47	15	48	48	2	89
197	1	47	19	48	48	2	171
197	1	47	30	48	48	2	167
197	1	47	31	48	48	3	inf
197	1	47	35	48	48	2	69
197	1	47	38	48	48	3	83
197	1	47	39	48	48	3	114
197	1	47	42	48	48	2	128
197	1	47	47	48	48	2	30
197	2	0	4	48	48	2	128
197	2	0	7	48	48	3	114
197	2	0	8	48	48	3	83
197	2	0	11	48	48	2	69
197	2	0	16	48	48	2	167
197	2	0	27	48	48	2	171
197	2	0	31	48	48	2	89
197	2	0	32	48	48	2	108
197	2	0	33	48	48	3	inf
197	2	0	36	48	48	2	26
197	2	0	47	48	48	2	30
197	2	1	0	48	48	2	89
197	2	1	1	48	48	2	108
197	2	1	2	48	48	3	inf
197	2	1	5	48	48	2	26
197	2	1	16	48	48	2	30
197	2	1	21	48	48	2	128
197	2	1	24	48	48	3	114
197	2	1	25	48	48	3	83
197	2	1	28	48	48	2	69
197	2	1	33	48	48	2	167
197	2	1	44	48	48	2	171
197	2	2	2	48	48	2	167
197	2	2	13	48	48	2	171
197	2	2	17	48	48	2	89
197	2	2	18	48	48	2	108
197	2	2	19	48	48	3	inf
197	2	2	22	48	48	2	26
197	2	2	33	48	48	2	30
197	2	2	38	48	48	2	128
197	2	2	41	48	48	3	114
197	2	2	42	48	48	3	83
197	2	2	45	48	48	2	69
197	2	3	2	48	48	2	30
197	2	3	7	48	48	2	128
197	2	3	10	48	48	3	114
197	2	3	11	48	48	3	83
197	2	3	14	48	48	2	69
197	2	3	19	48	48	2	167
197	2	3	30	48	48	2	171
197	2	3	34	48	48	2	89
197	2	3	35	48	48	2	108
197	2	3	36	48	48	3	inf
197	2	3	39	48	48	2	26
197	2	4	3	48	48	2	89
197	2	4	4	48	48	2	108
197	2	4	5	48	48	3	inf
197	2	4	8	48	48	2	26
197	2	4	19	48	48	2	30
197	2	4	24	48	48	2	128
197	2	4	27	48	48	3	114
197	2	4	28	48	48	3	83
197	2	4	31	48	48	2	69
197	2	4	36	48	48	2	167
197	2	4	47	48	48	2	171
197	2	5	0	48	48	2	69
197	2	5	5	48	48	2	167
197	2	5	16	48	48	2	171
197	2	5	20	48	48	2	89
197	2	5	21	48	48	2	108
197	2	5	22	48	48	3	inf
197	2	5	25	48	48	2	26
197	2	5	36	48	48	2	30
197	2	5	41	48	48	2	128
197	2	5	44	48	48	3	114
197	2	5	45	48	48	3	83
197	2	6	5	48	48	2	30
197	2	6	10	48	48	2	128
197	2	6	13	48	48	3	114
197	2	6	14	48	48	3	83
197	2	6	17	48	48	2	69
197	2	6	22	48	48	2	167
197	2	6	33	48	48	2	171
197	2	6	37	48	48	2	89
197	2	6	38	48	48	2	108
197	2	6	39	48	48	3	inf
197	2	6	42	48	48	2	26
197	2	7	2	48	48	2	171
197	2	7	6	48	48	2	89
197	2	7	7	48	48	2	108
197	2	7	8	48	48	3	inf
197	2	7	11	48	48	2	26
197	2	7	22	48	48	2	30
197	2	7	27	48	48	2	128
197	2	7	30	48	48	3	114
197	2	7	31	48	48	3	83
197	2	7	34	48	48	2	69
197	2	7	39	48	48	2	167
197	2	8	0	48	48	3	83
197	2	8	3	48	48	2	69
197	2	8	8	48	48	2	167
197	2	8	19	48	48	2	171
197	2	8	23	48	48	2	89
197	2	8	24	48	48	2	108
197	2	8	25	48	48	3	inf
197	2	8	28	48	48	2	26
197	2	8	39	48	48	2	30
197	2	8	44	48	48	2	128
197	2	8	47	48	48	3	114
197	2	9	8	48	48	2	30
197	2	9	13	48	48	2	128
197	2	9	16	48	48	3	114
197	2	9	17	48	48	3	83
197	2	9	20	48	48	2	69
197	2	9	25	48	48	2	167
197	2	9	36	48	48	2	171
197	2	9	40	48	48	2	89
197	2	9	41	48	48	2	108
197	2	9	42	48	48	3	inf
197	2	9	45	48	48	2	26
197	2	10	5	48	48	2	171
197	2	10	9	48	48	2	89
197	2	10	10	48	48	2	108
197	2	10	11	48	48	3	inf
197	2	10	14	48	48	2	26
197	2	10	25	48	48	2	30
197	2	10	30	48	48	2	128
197	2	10	33	48	48	3	114
197	2	10	34	48	48	3	83
197	2	10	37	48	48	2	69
197	2	10	42	48	48	2	167
197	2	11	2	48	48	3	114
197	2	11	3	48	48	3	83
197	2	11	6	48	48	2	69
197	2	11	11	48	48	2	167
197	2	11	22	48	48	2	171
197	2	11	26	48	48	2	89
197	2	11	27	48	48	2	108
197	2	11	28	48	48	3	inf
197	2	11	31	48	48	2	26
197	2	11	42	48	48	2	30
197	2	11	47	48	48	2	128
197	2	12	0	48	48	2	26
197	2	12	11	48	48	2	30
197	2	12	16	48	48	2	128
197	2	12	19	48	48	3	114
197	2	12	20	48	48	3	83
197	2	12	23	48	48	2	69
197	2	12	28	48	48	2	167
197	2	12	39	48	48	2	171
197	2	12	43	48	48	2	89
197	2	12	44	48	48	2	108
197	2	12	45	48	48	3	inf
197	2	13	8	48	48	2	171
197	2	13	12	48	48	2	89
197	2	13	13	48	48	2	108
197	2	13	14	48	48	3	inf
197	2	13	17	48	48	2	26
197	2	13	28	48	48	2	30
197	2	13	33	48	48	2	128
197	2	13	36	48	48	3	114
197	2	13	37	48	48	3	83
197	2	13	40	48	48	2	69
197	2	13	45	48	48	2	167
197	2	14	2	48	48	2	128
197	2	14	5	48	48	3	114
197	2	14	6	48	48	3	83
197	2	14	9	48	48	2	69
197	2	14	14	48	48	2	167
197	2	14	25	48	48	2	171
197	2	14	29	48	48	2	89
197	2	14	30	48	48	2	108
197	2	14	31	48	48	3	inf
197	2	14	34	48	48	2	26
197	2	14	45	48	48	2	30
197	2	15	0	48	48	3	inf
197	2	15	3	48	48	2	26
197	2	15	14	48	48	2	30
197	2	15	19	48	48	2	128
197	2	15	22	48	48	3	114
197	2	15	23	48	48	3	83
197	2	15	26	48	48	2	69
197	2	15	31	48	48	2	167
197	2	15	42	48	48	2	171
197	2	15	46	48	48	2	89
197	2	15	47	48	48	2	108
197	2	16	0	48	48	2	167
197	2	16	11	48	48	2	171
197	2	16	15	48	48	2	89
197	2	16	16	48	48	2	108
197	2	16	17	48	48	3	inf
197	2	16	20	48	48	2	26
197	2	16	31	48	48	2	30
197	2	16	36	48	48	2	128
197	2	16	39	48	48	3	114
197	2	16	40	48	48	3	83
197	2	16	43	48	48	2	69
197	2	17	0	48	48	2	30
197	2	17	5	48	48	2	128
197	2	17	8	48	48	3	114
197	2	17	9	48	48	3	83
197	2	17	12	48	48	2	69
197	2	17	17	48	48	2	167
197	2	17	28	48	48	2	171
197	2	17	32	48	48	2	89
197	2	17	33	48	48	2	108
197	2	17	34	48	48	3	inf
197	2	17	37	48	48	2	26
197	2	18	1	48	48	2	89
197	2	18	2	48	48	2	108
197	2	18	3	48	48	3	inf
197	2	18	6	48	48	2	26
197	2	18	17	48	48	2	30
197	2	18	22	48	48	2	128
197	2	18	25	48	48	3	114
197	2	18	26	48	48	3	83
197	2	18	29	48	48	2	69
197	2	18	34	48	48	2	167
197	2	18	45	48	48	2	171
197	2	19	3	48	48	2	167
197	2	19	14	48	48	2	171
197	2	19	18	48	48	2	89
197	2	19	19	48	48	2	108
197	2	19	20	48	48	3	inf
197	2	19	23	48	48	2	26
197	2	19	34	48	48	2	30
197	2	19	39	48	48	2	128
197	2	19	42	48	48	3	114
197	2	19	43	48	48	3	83
197	2	19	46	48	48	2	69
197	2	20	3	48	48	2	30
197	2	20	8	48	48	2	128
197	2	20	11	48	48	3	114
197	2	20	12	48	48	3	83
197	2	20	15	48	48	2	69
197	2	20	20	48	48	2	167
197	2	20	31	48	48	2	171
197	2	20	35	48	48	2	89
197	2	20	36	48	48	2	108
197	2	20	37	48	48	3	inf
197	2	20	40	48	48	2	26
197	2	21	0	48	48	2	171
197	2	21	4	48	48	2	89
197	2	21	5	48	48	2	108
197	2	21	6	48	48	3	inf
197	2	21	9	48	48	2	26
197	2	21	20	48	48	2	30
197	2	21	25	48	48	2	128
197	2	21	28	48	48	3	114
197	2	21	29	48	48	3	83
197	2	21	32	48	48	2	69
197	2	21	37	48	48	2	167
197	2	22	1	48	48	2	69
197	2	22	6	48	48	2	167
197	2	22	17	48	48	2	171
197	2	22	21	48	48	2	89
197	2	22	22	48	48	2	108
197	2	22	23	48	48	3	inf
197	2	22	26	48	48	2	26
197	2	22	37	48	48	2	30
197	2	22	42	48	48	2	128
197	2	22	45	48	48	3	114
197	2	22	46	48	48	3	83
197	2	23	6	48	48	2	30
197	2	23	11	48	48	2	128
197	2	23	14	48	48	3	114
197	2	23	15	48	48	3	83
197	2	23	18	48	48	2	69
197	2	23	23	48	48	2	167
197	2	23	34	48	48	2	171
197	2	23	38	48	48	2	89
197	2	23	39	48	48	2	108
197	2	23	40	48	48	3	inf
197	2	23	43	48	48	2	26
197	2	24	3	48	48	2	171
197	2	24	7	48	48	2	89
197	2	24	8	48	48	2	108
197	2	24	9	48	48	3	inf
197	2	24	12	48	48	2	26
197	2	24	23	48	48	2	30
197	2	24	28	48	48	2	128
197	2	24	31	48	48	3	114
197	2	24	32	48	48	3	83
197	2	24	35	48	48	2	69
197	2	24	40	48	48	2	167
197	2	25	0	48	48	3	114
197	2	25	1	48	48	3	83
197	2	25	4	48	48	2	69
197	2	25	9	48	48	2	167
197	2	25	20	48	48	2	171
197	2	25	24	48	48	2	89
197	2	25	25	48	48	2	108
197	2	25	26	48	48	3	inf
197	2	25	29	48	48	2	26
197	2	25	40	48	48	2	30
197	2	25	45	48	48	2	128
197	2	26	9	48	48	2	30
197	2	26	14	48	48	2	128
197	2	26	17	48	48	3	114
197	2	26	18	48	48	3	83
197	2	26	21	48	48	2	69
197	2	26	26	48	48	2	167
197	2	26	37	48	48	2	171
197	2	26	41	48	48	2	89
197	2	26	42	48	48	2	108
197	2	26	43	48	48	3	inf
197	2	26	46	48	48	2	26
197	2	27	6	48	48	2	171
197	2	27	10	48	48	2	89
197	2	27	11	48	48	2	108
197	2	27	12	48	48	3	inf
197	2	27	15	48	48	2	26
197	2	27	26	48	48	2	30
197	2	27	31	48	48	2	128
197	2	27	34	48	48	3	114
197	2	27	35	48	48	3	83
197	2	27	38	48	48	2	69
197	2	27	43	48	48	2	167
197	2	28	0	48	48	2	128
197	2	28	3	48	48	3	114
197	2	28	4	48	48	3	83
197	2	28	7	48	48	2	69
197	2	28	12	48	48	2	167
197	2	28	23	48	48	2	171
197	2	28	27	48	48	2	89
197	2	28	28	48	48	2	108
197	2	28	29	48	48	3	inf
197	2	28	32	48	48	2	26
197	2	28	43	48	48	2	30
197	2	29	1	48	48	2	26
197	2	29	12	48	48	2	30
197	2	29	17	48	48	2	128
197	2	29	20	48	48	3	114
197	2	29	21	48	48	3	83
197	2	29	24	48	48	2	69
197	2	29	29	48	48	2	167
197	2	29	40	48	48	2	171
197	2	29	44	48	48	2	89
197	2	29	45	48	48	2	108
197	2	29	46	48	48	3	inf
197	2	30	9	48	48	2	171
197	2	30	13	48	48	2	89
197	2	30	14	48	48	2	108
197	2	30	15	48	48	3	inf
197	2	30	18	48	48	2	26
197	2	30	29	48	48	2	30
197	2	30	34	48	48	2	128
197	2	30	37	48	48	3	114
197	2	30	38	48	48	3	83
197	2	30	41	48	48	2	69
197	2	30	46	48	48	2	167
197	2	31	3	48	48	2	128
197	2	31	6	48	48	3	114
197	2	31	7	48	48	3	83
197	2	31	10	48	48	2	69
197	2	31	15	48	48	2	167
197	2	31	26	48	48	2	171
197	2	31	30	48	48	2	89
197	2	31	31	48	48	2	108
197	2	31	32	48	48	3	inf
197	2	31	35	48	48	2	26
197	2	31	46	48	48	2	30
197	2	32	0	48	48	2	108
197	2	32	1	48	48	3	inf
197	2	32	4	48	48	2	26
197	2	32	15	48	48	2	30
197	2	32	20	48	48	2	128
197	2	32	23	48	48	3	114
197	2	32	24	48	48	3	83
197	2	32	27	48	48	2	69
197	2	32	32	48	48	2	167
197	2	32	43	48	48	2	171
197	2	32	47	48	48	2	89
197	2	33	1	48	48	2	167
197	2	33	12	48	48	2	171
197	2	33	16	48	48	2	89
197	2	33	17	48	48	2	108
197	2	33	18	48	48	3	inf
197	2	33	21	48	48	2	26
197	2	33	32	48	48	2	30
197	2	33	37	48	48	2	128
197	2	33	40	48	48	3	114
197	2	33	41	48	48	3	83
197	2	33	44	48	48	2	69
197	2	34	1	48	48	2	30
197	2	34	6	48	48	2	128
197	2	34	9	48	48	3	114
197	2	34	10	48	48	3	83
197	2	34	13	48	48	2	69
197	2	34	18	48	48	2	167
197	2	34	29	48	48	2	171
197	2	34	33	48	48	2	89
197	2	34	34	48	48	2	108
197	2	34	35	48	48	3	inf
197	2	34	38	48	48	2	26
197	2	35	2	48	48	2	89
197	2	35	3	48	48	2	108
197	2	35	4	48	48	3	inf
197	2	35	7	48	48	2	26
197	2	35	18	48	48	2	30
197	2	35	23	48	48	2	128
197	2	35	26	48	48	3	114
197	2	35	27	48	48	3	83
197	2	35	30	48	48	2	69
197	2	35	35	48	48	2	167
197	2	35	46	48	48	2	171
197	2	36	4	48	48	2	167
197	2	36	15	48	48	2	171
197	2	36	19	48	48	2	89
197	2	36	20	48	48	2	108
197	2	36	21	48	48	3	inf
197	2	36	24	48	48	2	26
197	2	36	35	48	48	2	30
197	2	36	40	48	48	2	128
197	2	36	43	48	48	3	114
197	2	36	44	48	48	3	83
197	2	36	47	48	48	2	69
197	2	37	4	48	48	2	30
197	2	37	9	48	48	2	128
197	2	37	12	48	48	3	114
197	2	37	13	48	48	3	83
197	2	37	16	48	48	2	69
197	2	37	21	48	48	2	167
197	2	37	32	48	48	2	171
197	2	37	36	48	48	2	89
197	2	37	37	48	48	2	108
197	2	37	38	48	48	3	inf
197	2	37	41	48	48	2	26
197	2	38	1	48	48	2	171
197	2	38	5	48	48	2	89
197	2	38	6	48	48	2	108
197	2	38	7	48	48	3	inf
197	2	38	10	48	48	2	26
197	2	38	21	48	48	2	30
197	2	38	26	48	48	2	128
197	2	38	29	48	48	3	114
197	2	38	30	48	48	3	83
197	2	38	33	48	48	2	69
197	2	38	38	48	48	2	167
197	2	39	2	48	48	2	69
197	2	39	7	48	48	2	167
197	2	39	18	48	48	2	171
197	2	39	22	48	48	2	89
197	2	39	23	48	48	2	108
197	2	39	24	48	48	3	inf
197	2	39	27	48	48	2	26
197	2	39	38	48	48	2	30
197	2	39	43	48	48	2	128
197	2	39	46	48	48	3	114
197	2	39	47	48	48	3	83
197	2	40	7	48	48	2	30
197	2	40	12	48	48	2	128
197	2	40	15	48	48	3	114
197	2	40	16	48	48	3	83
197	2	40	19	48	48	2	69
197	2	40	24	48	48	2	167
197	2	40	35	48	48	2	171
197	2	40	39	48	48	2	89
197	2	40	40	48	48	2	108
197	2	40	41	48	48	3	inf
197	2	40	44	48	48	2	26
197	2	41	4	48	48	2	171
197	2	41	8	48	48	2	89
197	2	41	9	48	48	2	108
197	2	41	10	48	48	3	inf
197	2	41	13	48	48	2	26
197	2	41	24	48	48	2	30
197	2	41	29	48	48	2	128
197	2	41	32	48	48	3	114
197	2	41	33	48	48	3	83
197	2	41	36	48	48	2	69
197	2	41	41	48	48	2	167
197	2	42	1	48	48	3	114
197	2	42	2	48	48	3	83
197	2	42	5	48	48	2	69
197	2	42	10	48	48	2	167
197	2	42	21	48	48	2	171
197	2	42	25	48	48	2	89
197	2	42	26	48	48	2	108
197	2	42	27	48	48	3	inf
197	2	42	30	48	48	2	26
197	2	42	41	48	48	2	30
197	2	42	46	48	48	2	128
197	2	43	10	48	48	2	30
197	2	43	15	48	48	2	128
197	2	43	18	48	48	3	114
197	2	43	19	48	48	3	83
197	2	43	22	48	48	2	69
197	2	43	27	48	48	2	167
197	2	43	38	48	48	2	171
197	2	43	42	48	48	2	89
197	2	43	43	48	48	2	108
197	2	43	44	48	48	3	inf
197	2	43	47	48	48	2	26
197	2	44	7	48	48	2	171
197	2	44	11	48	48	2	89
197	2	44	12	48	48	2	108
197	2	44	13	48	48	3	inf
197	2	44	16	48	48	2	26
197	2	44	27	48	48	2	30
197	2	44	32	48	48	2	128
197	2	44	35	48	48	3	114
197	2	44	36	48	48	3	83
197	2	44	39	48	48	2	69
197	2	44	44	48	48	2	167
197	2	45	1	48	48	2	128
197	2	45	4	48	48	3	114
197	2	45	5	48	48	3	83
197	2	45	8	48	48	2	69
197	2	45	13	48	48	2	167
197	2	45	24	48	48	2	171
197	2	45	28	48	48	2	89
197	2	45	29	48	48	2	108
197	2	45	30	48	48	3	inf
197	2	45	33	48	48	2	26
197	2	45	44	48	48	2	30
197	2	46	2	48	48	2	26
197	2	46	13	48	48	2	30
197	2	46	18	48	48	2	128
197	2	46	21	48	48	3	114
197	2	46	22	48	48	3	83
197	2	46	25	48	48	2	69
197	2	46	30	48	48	2	167
197	2	46	41	48	48	2	171
197	2	46	45	48	48	2	89
197	2	46	46	48	48	2	108
197	2	46	47	48	48	3	inf
197	2	47	10	48	48	2	171
197	2	47	14	48	48	2	89
197	2	47	15	48	48	2	108
197	2	47	16	48	48	3	inf
197	2	47	19	48	48	2	26
197	2	47	30	48	48	2	30
197	2	47	35	48	48	2	128
197	2	47	38	48	48	3	114
197	2	47	39	48	48	3	83
197	2	47	42	48	48	2	69
197	2	47	47	48	48	2	167
199	1	0	0	44	88	3	inf
199	1	0	3	44	88	2	52
199	1	0	4	44	88	2	118
199	1	0	5	44	88	2	118
199	1	0	6	44	88	2	52
199	1	0	14	44	88	2	128
199	1	0	19	44	88	2	57
199	1	0	20	44	88	2	17
199	1	0	22	44	88	2	133
199	1	0	31	44	88	2	66
199	1	0	33	44	88	2	182
199	1	0	34	44	88	2	142
199	1	0	39	44	88	2	71
199	1	0	47	44	88	2	147
199	1	0	48	44	88	2	81
199	1	0	49	44	88	2	81
199	1	0	50	44	88	2	147
199	1	0	58	44	88	2	71
199	1	0	63	44	88	2	142
199	1	0	64	44	88	2	182
199	1	0	66	44	88	2	66
199	1	0	75	44	88	2	133
199	1	0	77	44	88	2	17
199	1	0	78	44	88	2	57
199	1	0	79	44	88	3	inf
199	1	0	83	44	88	2	128
199	1	1	3	44	88	2	151
199	1	1	7	44	88	2	95
199	1	1	19	44	88	2	172
199	1	1	26	44	88	2	172
199	1	1	38	44	88	2	95
199	1	1	42	44	88	2	151
199	1	1	47	44	88	2	48
199	1	1	51	44	88	2	104
199	1	1	63	44	88	2	27
199	1	1	70	44	88	2	27
199	1	1	82	44	88	2	104
199	1	1	86	44	88	2	48
199	1	2	6	44	88	2	71
199	1	2	11	44	88	2	142
199	1	2	12	44	88	2	182
199	1	2	14	44	88	2	66
199	1	2	23	44	88	2	133
199	1	2	25	44	88	2	17
199	1	2	26	44	88	2	57
199	1	2	27	44	88	3	inf
199	1	2	31	44	88	2	128
199	1	2	36	44	88	3	inf
199	1	2	39	44	88	2	52
199	1	2	40	44	88	2	118
199	1	2	41	44	88	2	118
199	1	2	42	44	88	2	52
199	1	2	50	44	88	2	128
199	1	2	55	44	88	2	57
199	1	2	56	44	88	2	17
199	1	2	58	44	88	2	133
199	1	2	67	44	88	2	66
199	1	2	69	44	88	2	182
199	1	2	70	44	88	2	142
199	1	2	75	44	88	2	71
199	1	2	83	44	88	2	147
199	1	2	84	44	88	2	81
199	1	2	85	44	88	2	81
199	1	2	86	44	88	2	147
199	1	3	11	44	88	2	27
199	1	3	18	44	88	2	27
199	1	3	30	44	88	2	104
199	1	3	34	44	88	2	48
199	1	3	39	44	88	2	151
199	1	3	43	44	88	2	95
199	1	3	55	44	88	2	172
199	1	3	62	44	88	2	172
199	1	3	74	44	88	2	95
199	1	3	78	44	88	2	151
199	1	3	83	44	88	2	48
199	1	3	87	44	88	2	104
199	1	4	3	44	88	2	57
199	1	4	4	44	88	2	17
199	1	4	6	44	88	2	133
199	1	4	15	44	88	2	66
199	1	4	17	44	88	2	182
199	1	4	18	44	88	2	142
199	1	4	23	44	88	2	71
199	1	4	31	44	88	2	147
199	1	4	32	44	88	2	81
199	1	4	33	44	88	2	81
199	1	4	34	44	88	2	147
199	1	4	42	44	88	2	71
199	1	4	47	44	88	2	142
199	1	4	48	44	88	2	182
199	1	4	50	44	88	2	66
199	1	4	59	44	88	2	133
199	1	4	61	44	88	2	17
199	1	4	62	44	88	2	57
199	1	4	63	44	88	3	inf
199	1	4	67	44	88	2	128
199	1	4	72	44	88	3	inf
199	1	4	75	44	88	2	52
199	1	4	76	44	88	2	118
199	1	4	77	44	88	2	118
199	1	4	78	44	88	2	52
199	1	4	86	44	88	2	128
199	1	5	3	44	88	2	172
199	1	5	10	44	88	2	172
199	1	5	22	44	88	2	95
199	1	5	26	44	88	2	151
199	1	5	31	44	88	2	48
199	1	5	35	44	88	2	104
199	1	5	47	44	88	2	27
199	1	5	54	44	88	2	27
199	1	5	66	44	88	2	104
199	1	5	70	44	88	2	48
199	1	5	75	44	88	2	151
199	1	5	79	44	88	2	95
199	1	6	7	44	88	2	133
199	1	6	9	44	88	2	17
199	1	6	10	44	88	2	57
199	1	6	11	44	88	3	inf
199	1	6	15	44	88	2	128
199	1	6	20	44	88	3	inf
199	1	6	23	44	88	2	52
199	1	6	24	44	88	2	118
199	1	6	25	44	88	2	118
199	1	6	26	44	88	2	52
199	1	6	34	44	88	2	128
199	1	6	39	44	88	2	57
199	1	6	40	44	88	2	17
199	1	6	42	44	88	2	133
199	1	6	51	44	88	2	66
199	1	6	53	44	88	2	182
199	1	6	54	44	88	2	142
199	1	6	59	44	88	2	71
199	1	6	67	44	88	2	147
199	1	6	68	44	88	2	81
199	1	6	69	44	88	2	81
199	1	6	70	44	88	2	147
199	1	6	78	44	88	2	71
199	1	6	83	44	88	2	142
199	1	6	84	44	88	2	182
199	1	6	86	44	88	2	66
199	1	7	2	44	88	2	27
199	1	7	14	44	88	2	104
199	1	7	18	44	88	2	48
199	1	7	23	44	88	2	151
199	1	7	27	44	88	2	95
199	1	7	39	44	88	2	172
199	1	7	46	44	88	2	172
199	1	7	58	44	88	2	95
199	1	7	62	44	88	2	151
199	1	7	67	44	88	2	48
199	1	7	71	44	88	2	104
199	1	7	83	44	88	2	27
199	1	8	1	44	88	2	182
199	1	8	2	44	88	2	142
199	1	8	7	44	88	2	71
199	1	8	15	44	88	2	147
199	1	8	16	44	88	2	81
199	1	8	17	44	88	2	81
199	1	8	18	44	88	2	147
199	1	8	26	44	88	2	71
199	1	8	31	44	88	2	142
199	1	8	32	44	88	2	182
199	1	8	34	44	88	2	66
199	1	8	43	44	88	2	133
199	1	8	45	44	88	2	17
199	1	8	46	44	88	2	57
199	1	8	47	44	88	3	inf
199	1	8	51	44	88	2	128
199	1	8	56	44	88	3	inf
199	1	8	59	44	88	2	52
199	1	8	60	44	88	2	118
199	1	8	61	44	88	2	118
199	1	8	62	44	88	2	52
199	1	8	70	44	88	2	128
199	1	8	75	44	88	2	57
199	1	8	76	44	88	2	17
199	1	8	78	44	88	2	133
199	1	8	87	44	88	2	66
199	1	9	6	44	88	2	95
199	1	9	10	44	88	2	151
199	1	9	15	44	88	2	48
199	1	9	19	44	88	2	104
199	1	9	31	44	88	2	27
199	1	9	38	44	88	2	27
199	1	9	50	44	88	2	104
199	1	9	54	44	88	2	48
199	1	9	59	44	88	2	151
199	1	9	63	44	88	2	95
199	1	9	75	44	88	2	172
199	1	9	82	44	88	2	172
199	1	10	4	44	88	3	inf
199	1	10	7	44	88	2	52
199	1	10	8	44	88	2	118
199	1	10	9	44	88	2	118
199	1	10	10	44	88	2	52
199	1	10	18	44	88	2	128
199	1	10	23	44	88	2	57
199	1	10	24	44	88	2	17
199	1	10	26	44	88	2	133
199	1	10	35	44	88	2	66
199	1	10	37	44	88	2	182
199	1	10	38	44	88	2	142
199	1	10	43	44	88	2	71
199	1	10	51	44	88	2	147
199	1	10	52	44	88	2	81
199	1	10	53	44	88	2	81
199	1	10	54	44	88	2	147
199	1	10	62	44	88	2	71
199	1	10	67	44	88	2	142
199	1	10	68	44	88	2	182
199	1	10	70	44	88	2	66
199	1	10	79	44	88	2	133
199	1	10	81	44	88	2	17
199	1	10	82	44	88	2	57
199	1	10	83	44	88	3	inf
199	1	10	87	44	88	2	128
199	1	11	2	44	88	2	48
199	1	11	7	44	88	2	151
199	1	11	11	44	88	2	95
199	1	11	23	44	88	2	172
199	1	11	30	44	88	2	172
199	1	11	42	44	88	2	95
199	1	11	46	44	88	2	151
199	1	11	51	44	88	2	48
199	1	11	55	44	88	2	104
199	1	11	67	44	88	2	27
199	1	11	74	44	88	2	27
199	1	11	86	44	88	2	104
199	1	12	0	44	88	2	81
199	1	12	1	44	88	2	81
199	1	12	2	44	88	2	147
199	1	12	10	44	88	2	71
199	1	12	15	44	88	2	142
199	1	12	16	44	88	2	182
199	1	12	18	44	88	2	66
199	1	12	27	44	88	2	133
199	1	12	29	44	88	2	17
199	1	12	30	44	88	2	57
199	1	12	31	44	88	3	inf
199	1	12	35	44	88	2	128
199	1	12	40	44	88	3	inf
199	1	12	43	44	88	2	52
199	1	12	44	44	88	2	118
199	1	12	45	44	88	2	118
199	1	12	46	44	88	2	52
199	1	12	54	44	88	2	128
199	1	12	59	44	88	2	57
199	1	12	60	44	88	2	17
199	1	12	62	44	88	2	133
199	1	12	71	44	88	2	66
199	1	12	73	44	88	2	182
199	1	12	74	44	88	2	142
199	1	12	79	44	88	2	71
199	1	12	87	44	88	2	147
199	1	13	3	44	88	2	104
199	1	13	15	44	88	2	27
199	1	13	22	44	88	2	27
199	1	13	34	44	88	2	104
199	1	13	38	44	88	2	48
199	1	13	43	44	88	2	151
199	1	13	47	44	88	2	95
199	1	13	59	44	88	2	172
199	1	13	66	44	88	2	172
199	1	13	78	44	88	2	95
199	1	13	82	44	88	2	151
199	1	13	87	44	88	2	48
199	1	14	2	44	88	2	128
199	1	14	7	44	88	2	57
199	1	14	8	44	88	2	17
199	1	14	10	44	88	2	133
199	1	14	19	44	88	2	66
199	1	14	21	44	88	2	182
199	1	14	22	44	88	2	142
199	1	14	27	44	88	2	71
199	1	14	35	44	88	2	147
199	1	14	36	44	88	2	81
199	1	14	37	44	88	2	81
199	1	14	38	44	88	2	147
199	1	14	46	44	88	2	71
199	1	14	51	44	88	2	142
199	1	14	52	44	88	2	182
199	1	14	54	44	88	2	66
199	1	14	63	44	88	2	133
199	1	14	65	44	88	2	17
199	1	14	66	44	88	2	57
199	1	14	67	44	88	3	inf
199	1	14	71	44	88	2	128
199	1	14	76	44	88	3	inf
199	1	14	79	44	88	2	52
199	1	14	80	44	88	2	118
199	1	14	81	44	88	2	118
199	1	14	82	44	88	2	52
199	1	15	7	44	88	2	172
199	1	15	14	44	88	2	172
199	1	15	26	44	88	2	95
199	1	15	30	44	88	2	151
199	1	15	35	44	88	2	48
199	1	15	39	44	88	2	104
199	1	15	51	44	88	2	27
199	1	15	58	44	88	2	27
199	1	15	70	44	88	2	104
199	1	15	74	44	88	2	48
199	1	15	79	44	88	2	151
199	1	15	83	44	88	2	95
199	1	16	0	44	88	2	182
199	1	16	2	44	88	2	66
199	1	16	11	44	88	2	133
199	1	16	13	44	88	2	17
199	1	16	14	44	88	2	57
199	1	16	15	44	88	3	inf
199	1	16	19	44	88	2	128
199	1	16	24	44	88	3	inf
199	1	16	27	44	88	2	52
199	1	16	28	44	88	2	118
199	1	16	29	44	88	2	118
199	1	16	30	44	88	2	52
199	1	16	38	44	88	2	128
199	1	16	43	44	88	2	57
199	1	16	44	44	88	2	17
199	1	16	46	44	88	2	133
199	1	16	55	44	88	2	66
199	1	16	57	44	88	2	182
199	1	16	58	44	88	2	142
199	1	16	63	44	88	2	71
199	1	16	71	44	88	2	147
199	1	16	72	44	88	2	81
199	1	16	73	44	88	2	81
199	1	16	74	44	88	2	147
199	1	16	82	44	88	2	71
199	1	16	87	44	88	2	142
199	1	17	6	44	88	2	27
199	1	17	18	44	88	2	104
199	1	17	22	44	88	2	48
199	1	17	27	44	88	2	151
199	1	17	31	44	88	2	95
199	1	17	43	44	88	2	172
199	1	17	50	44	88	2	172
199	1	17	62	44	88	2	95
199	1	17	66	44	88	2	151
199	1	17	71	44	88	2	48
199	1	17	75	44	88	2	104
199	1	17	87	44	88	2	27
199	1	18	3	44	88	2	66
199	1	18	5	44	88	2	182
199	1	18	6	44	88	2	142
199	1	18	11	44	88	2	71
199	1	18	19	44	88	2	147
199	1	18	20	44	88	2	81
199	1	18	21	44	88	2	81
199	1	18	22	44	88	2	147
199	1	18	30	44	88	2	71
199	1	18	35	44	88	2	142
199	1	18	36	44	88	2	182
199	1	18	38	44	88	2	66
199	1	18	47	44	88	2	133
199	1	18	49	44	88	2	17
199	1	18	50	44	88	2	57
199	1	18	51	44	88	3	inf
199	1	18	55	44	88	2	128
199	1	18	60	44	88	3	inf
199	1	18	63	44	88	2	52
199	1	18	64	44	88	2	118
199	1	18	65	44	88	2	118
199	1	18	66	44	88	2	52
199	1	18	74	44	88	2	128
199	1	18	79	44	88	2	57
199	1	18	80	44	88	2	17
199	1	18	82	44	88	2	133
199	1	19	10	44	88	2	95
199	1	19	14	44	88	2	151
199	1	19	19	44	88	2	48
199	1	19	23	44	88	2	104
199	1	19	35	44	88	2	27
199	1	19	42	44	88	2	27
199	1	19	54	44	88	2	104
199	1	19	58	44	88	2	48
199	1	19	63	44	88	2	151
199	1	19	67	44	88	2	95
199	1	19	79	44	88	2	172
199	1	19	86	44	88	2	172
199	1	20	3	44	88	2	128
199	1	20	8	44	88	3	inf
199	1	20	11	44	88	2	52
199	1	20	12	44	88	2	118
199	1	20	13	44	88	2	118
199	1	20	14	44	88	2	52
199	1	20	22	44	88	2	128
199	1	20	27	44	88	2	57
199	1	20	28	44	88	2	17
199	1	20	30	44	88	2	133
199	1	20	39	44	88	2	66
199	1	20	41	44	88	2	182
199	1	20	42	44	88	2	142
199	1	20	47	44	88	2	71
199	1	20	55	44	88	2	147
199	1	20	56	44	88	2	81
199	1	20	57	44	88	2	81
199	1	20	58	44	88	2	147
199	1	20	66	44	88	2	71
199	1	20	71	44	88	2	142
199	1	20	72	44	88	2	182
199	1	20	74	44	88	2	66
199	1	20	83	44	88	2	133
199	1	20	85	44	88	2	17
199	1	20	86	44	88	2	57
199	1	20	87	44	88	3	inf
199	1	21	2	44	88	2	104
199	1	21	6	44	88	2	48
199	1	21	11	44	88	2	151
199	1	21	15	44	88	2	95
199	1	21	27	44	88	2	172
199	1	21	34	44	88	2	172
199	1	21	46	44	88	2	95
199	1	21	50	44	88	2	151
199	1	21	55	44	88	2	48
199	1	21	59	44	88	2	104
199	1	21	71	44	88	2	27
199	1	21	78	44	88	2	27
199	1	22	3	44	88	2	147
199	1	22	4	44	88	2	81
199	1	22	5	44	88	2	81
199	1	22	6	44	88	2	147
199	1	22	14	44	88	2	71
199	1	22	19	44	88	2	142
199	1	22	20	44	88	2	182
199	1	22	22	44	88	2	66
199	1	22	31	44	88	2	133
199	1	22	33	44	88	2	17
199	1	22	34	44	88	2	57
199	1	22	35	44	88	3	inf
199	1	22	39	44	88	2	128
199	1	22	44	44	88	3	inf
199	1	22	47	44	88	2	52
199	1	22	48	44	88	2	118
199	1	22	49	44	88	2	118
199	1	22	50	44	88	2	52
199	1	22	58	44	88	2	128
199	1	22	63	44	88	2	57
199	1	22	64	44	88	2	17
199	1	22	66	44	88	2	133
199	1	22	75	44	88	2	66
199	1	22	77	44	88	2	182
199	1	22	78	44	88	2	142
199	1	22	83	44	88	2	71
199	1	23	3	44	88	2	48
199	1	23	7	44	88	2	104
199	1	23	19	44	88	2	27
199	1	23	26	44	88	2	27
199	1	23	38	44	88	2	104
199	1	23	42	44	88	2	48
199	1	23	47	44	88	2	151
199	1	23	51	44	88	2	95
199	1	23	63	44	88	2	172
199	1	23	70	44	88	2	172
199	1	23	82	44	88	2	95
199	1	23	86	44	88	2	151
199	1	24	6	44	88	2	128
199	1	24	11	44	88	2	57
199	1	24	12	44	88	2	17
199	1	24	14	44	88	2	133
199	1	24	23	44	88	2	66
199	1	24	25	44	88	2	182
199	1	24	26	44	88	2	142
199	1	24	31	44	88	2	71
199	1	24	39	44	88	2	147
199	1	24	40	44	88	2	81
199	1	24	41	44	88	2	81
199	1	24	42	44	88	2	147
199	1	24	50	44	88	2	71
199	1	24	55	44	88	2	142
199	1	24	56	44	88	2	182
199	1	24	58	44	88	2	66
199	1	24	67	44	88	2	133
199	1	24	69	44	88	2	17
199	1	24	70	44	88	2	57
199	1	24	71	44	88	3	inf
199	1	24	75	44	88	2	128
199	1	24	80	44	88	3	inf
199	1	24	83	44	88	2	52
199	1	24	84	44	88	2	118
199	1	24	85	44	88	2	118
199	1	24	86	44	88	2	52
199	1	25	11	44	88	2	172
199	1	25	18	44	88	2	172
199	1	25	30	44	88	2	95
199	1	25	34	44	88	2	151
199	1	25	39	44	88	2	48
199	1	25	43	44	88	2	104
199	1	25	55	44	88	2	27
199	1	25	62	44	88	2	27
199	1	25	74	44	88	2	104
199	1	25	78	44	88	2	48
199	1	25	83	44	88	2	151
199	1	25	87	44	88	2	95
199	1	26	3	44	88	2	142
199	1	26	4	44	88	2	182
199	1	26	6	44	88	2	66
199	1	26	15	44	88	2	133
199	1	26	17	44	88	2	17
199	1	26	18	44	88	2	57
199	1	26	19	44	88	3	inf
199	1	26	23	44	88	2	128
199	1	26	28	44	88	3	inf
199	1	26	31	44	88	2	52
199	1	26	32	44	88	2	118
199	1	26	33	44	88	2	118
199	1	26	34	44	88	2	52
199	1	26	42	44	88	2	128
199	1	26	47	44	88	2	57
199	1	26	48	44	88	2	17
199	1	26	50	44	88	2	133
199	1	26	59	44	88	2	66
199	1	26	61	44	88	2	182
199	1	26	62	44	88	2	142
199	1	26	67	44	88	2	71
199	1	26	75	44	88	2	147
199	1	26	76	44	88	2	81
199	1	26	77	44	88	2	81
199	1	26	78	44	88	2	147
199	1	26	86	44	88	2	71
199	1	27	3	44	88	2	27
199	1	27	10	44	88	2	27
199	1	27	22	44	88	2	104
199	1	27	26	44	88	2	48
199	1	27	31	44	88	2	151
199	1	27	35	44	88	2	95
199	1	27	47	44	88	2	172
199	1	27	54	44	88	2	172
199	1	27	66	44	88	2	95
199	1	27	70	44	88	2	151
199	1	27	75	44	88	2	48
199	1	27	79	44	88	2	104
199	1	28	7	44	88	2	66
199	1	28	9	44	88	2	182
199	1	28	10	44	88	2	142
199	1	28	15	44	88	2	71
199	1	28	23	44	88	2	147
199	1	28	24	44	88	2	81
199	1	28	25	44	88	2	81
199	1	28	26	44	88	2	147
199	1	28	34	44	88	2	71
199	1	28	39	44	88	2	142
199	1	28	40	44	88	2	182
199	1	28	42	44	88	2	66
199	1	28	51	44	88	2	133
199	1	28	53	44	88	2	17
199	1	28	54	44	88	2	57
199	1	28	55	44	88	3	inf
199	1	28	59	44	88	2	128
199	1	28	64	44	88	3	inf
199	1	28	67	44	88	2	52
199	1	28	68	44	88	2	118
199	1	28	69	44	88	2	118
199	1	28	70	44	88	2	52
199	1	28	78	44	88	2	128
199	1	28	83	44	88	2	57
199	1	28	84	44	88	2	17
199	1	28	86	44	88	2	133
199	1	29	2	44	88	2	172
199	1	29	14	44	88	2	95
199	1	29	18	44	88	2	151
199	1	29	23	44	88	2	48
199	1	29	27	44	88	2	104
199	1	29	39	44	88	2	27
199	1	29	46	44	88	2	27
199	1	29	58	44	88	2	104
199	1	29	62	44	88	2	48
199	1	29	67	44	88	2	151
199	1	29	71	44	88	2	95
199	1	29	83	44	88	2	172
199	1	30	1	44	88	2	17
199	1	30	2	44	88	2	57
199	1	30	3	44	88	3	inf
199	1	30	7	44	88	2	128
199	1	30	12	44	88	3	inf
199	1	30	15	44	88	2	52
199	1	30	16	44	88	2	118
199	1	30	17	44	88	2	118
199	1	30	18	44	88	2	52
199	1	30	26	44	88	2	128
199	1	30	31	44	88	2	57
199	1	30	32	44	88	2	17
199	1	30	34	44	88	2	133
199	1	30	43	44	88	2	66
199	1	30	45	44	88	2	182
199	1	30	46	44	88	2	142
199	1	30	51	44	88	2	71
199	1	30	59	44	88	2	147
199	1	30	60	44	88	2	81
199	1	30	61	44	88	2	81
199	1	30	62	44	88	2	147
199	1	30	70	44	88	2	71
199	1	30	75	44	88	2	142
199	1	30	76	44	88	2	182
199	1	30	78	44	88	2	66
199	1	30	87	44	88	2	133
199	1	31	6	44	88	2	104
199	1	31	10	44	88	2	48
199	1	31	15	44	88	2	151
199	1	31	19	44	88	2	95
199	1	31	31	44	88	2	172
199	1	31	38	44	88	2	172
199	1	31	50	44	88	2	95
199	1	31	54	44	88	2	151
199	1	31	59	44	88	2	48
199	1	31	63	44	88	2	104
199	1	31	75	44	88	2	27
199	1	31	82	44	88	2	27
199	1	32	7	44	88	2	147
199	1	32	8	44	88	2	81
199	1	32	9	44	88	2	81
199	1	32	10	44	88	2	147
199	1	32	18	44	88	2	71
199	1	32	23	44	88	2	142
199	1	32	24	44	88	2	182
199	1	32	26	44	88	2	66
199	1	32	35	44	88	2	133
199	1	32	37	44	88	2	17
199	1	32	38	44	88	2	57
199	1	32	39	44	88	3	inf
199	1	32	43	44	88	2	128
199	1	32	48	44	88	3	inf
199	1	32	51	44	88	2	52
199	1	32	52	44	88	2	118
199	1	32	53	44	88	2	118
199	1	32	54	44	88	2	52
199	1	32	62	44	88	2	128
199	1	32	67	44	88	2	57
199	1	32	68	44	88	2	17
199	1	32	70	44	88	2	133
199	1	32	79	44	88	2	66
199	1	32	81	44	88	2	182
199	1	32	82	44	88	2	142
199	1	32	87	44	88	2	71
199	1	33	2	44	88	2	151
199	1	33	7	44	88	2	48
199	1	33	11	44	88	2	104
199	1	33	23	44	88	2	27
199	1	33	30	44	88	2	27
199	1	33	42	44	88	2	104
199	1	33	46	44	88	2	48
199	1	33	51	44	88	2	151
199	1	33	55	44	88	2	95
199	1	33	67	44	88	2	172
199	1	33	74	44	88	2	172
199	1	33	86	44	88	2	95
199	1	34	0	44	88	2	118
199	1	34	1	44	88	2	118
199	1	34	2	44	88	2	52
199	1	34	10	44	88	2	128
199	1	34	15	44	88	2	57
199	1	34	16	44	88	2	17
199	1	34	18	44	88	2	133
199	1	34	27	44	88	2	66
199	1	34	29	44	88	2	182
199	1	34	30	44	88	2	142
199	1	34	35	44	88	2	71
199	1	34	43	44	88	2	147
199	1	34	44	44	88	2	81
199	1	34	45	44	88	2	81
199	1	34	46	44	88	2	147
199	1	34	54	44	88	2	71
199	1	34	59	44	88	2	142
199	1	34	60	44	88	2	182
199	1	34	62	44	88	2	66
199	1	34	71	44	88	2	133
199	1	34	73	44	88	2	17
199	1	34	74	44	88	2	57
199	1	34	75	44	88	3	inf
199	1	34	79	44	88	2	128
199	1	34	84	44	88	3	inf
199	1	34	87	44	88	2	52
199	1	35	3	44	88	2	95
199	1	35	15	44	88	2	172
199	1	35	22	44	88	2	172
199	1	35	34	44	88	2	95
199	1	35	38	44	88	2	151
199	1	35	43	44	88	2	48
199	1	35	47	44	88	2	104
199	1	35	59	44	88	2	27
199	1	35	66	44	88	2	27
199	1	35	78	44	88	2	104
199	1	35	82	44	88	2	48
199	1	35	87	44	88	2	151
199	1	36	2	44	88	2	71
199	1	36	7	44	88	2	142
199	1	36	8	44	88	2	182
199	1	36	10	44	88	2	66
199	1	36	19	44	88	2	133
199	1	36	21	44	88	2	17
199	1	36	22	44	88	2	57
199	1	36	23	44	88	3	inf
199	1	36	27	44	88	2	128
199	1	36	32	44	88	3	inf
199	1	36	35	44	88	2	52
199	1	36	36	44	88	2	118
199	1	36	37	44	88	2	118
199	1	36	38	44	88	2	52
199	1	36	46	44	88	2	128
199	1	36	51	44	88	2	57
199	1	36	52	44	88	2	17
199	1	36	54	44	88	2	133
199	1	36	63	44	88	2	66
199	1	36	65	44	88	2	182
199	1	36	66	44	88	2	142
199	1	36	71	44	88	2	71
199	1	36	79	44	88	2	147
199	1	36	80	44	88	2	81
199	1	36	81	44	88	2	81
199	1	36	82	44	88	2	147
199	1	37	7	44	88	2	27
199	1	37	14	44	88	2	27
199	1	37	26	44	88	2	104
199	1	37	30	44	88	2	48
199	1	37	35	44	88	2	151
199	1	37	39	44	88	2	95
199	1	37	51	44	88	2	172
199	1	37	58	44	88	2	172
199	1	37	70	44	88	2	95
199	1	37	74	44	88	2	151
199	1	37	79	44	88	2	48
199	1	37	83	44	88	2	104
199	1	38	0	44	88	2	17
199	1	38	2	44	88	2	133
199	1	38	11	44	88	2	66
199	1	38	13	44	88	2	182
199	1	38	14	44	88	2	142
199	1	38	19	44	88	2	71
199	1	38	27	44	88	2	147
199	1	38	28	44	88	2	81
199	1	38	29	44	88	2	81
199	1	38	30	44	88	2	147
199	1	38	38	44	88	2	71
199	1	38	43	44	88	2	142
199	1	38	44	44	88	2	182
199	1	38	46	44	88	2	66
199	1	38	55	44	88	2	133
199	1	38	57	44	88	2	17
199	1	38	58	44	88	2	57
199	1	38	59	44	88	3	inf
199	1	38	63	44	88	2	128
199	1	38	68	44	88	3	inf
199	1	38	71	44	88	2	52
199	1	38	72	44	88	2	118
199	1	38	73	44	88	2	118
199	1	38	74	44	88	2	52
199	1	38	82	44	88	2	128
199	1	38	87	44	88	2	57
199	1	39	6	44	88	2	172
199	1	39	18	44	88	2	95
199	1	39	22	44	88	2	151
199	1	39	27	44	88	2	48
199	1	39	31	44	88	2	104
199	1	39	43	44	88	2	27
199	1	39	50	44	88	2	27
199	1	39	62	44	88	2	104
199	1	39	66	44	88	2	48
199	1	39	71	44	88	2	151
199	1	39	75	44	88	2	95
199	1	39	87	44	88	2	172
199	1	40	3	44	88	2	133
199	1	40	5	44	88	2	17
199	1	40	6	44	88	2	57
199	1	40	7	44	88	3	inf
199	1	40	11	44	88	2	128
199	1	40	16	44	88	3	inf
199	1	40	19	44	88	2	52
199	1	40	20	44	88	2	118
199	1	40	21	44	88	2	118
199	1	40	22	44	88	2	52
199	1	40	30	44	88	2	128
199	1	40	35	44	88	2	57
199	1	40	36	44	88	2	17
199	1	40	38	44	88	2	133
199	1	40	47	44	88	2	66
199	1	40	49	44	88	2	182
199	1	40	50	44	88	2	142
199	1	40	55	44	88	2	71
199	1	40	63	44	88	2	147
199	1	40	64	44	88	2	81
199	1	40	65	44	88	2	81
199	1	40	66	44	88	2	147
199	1	40	74	44	88	2	71
199	1	40	79	44	88	2	142
199	1	40	80	44	88	2	182
199	1	40	82	44	88	2	66
199	1	41	10	44	88	2	104
199	1	41	14	44	88	2	48
199	1	41	19	44	88	2	151
199	1	41	23	44	88	2	95
199	1	41	35	44	88	2	172
199	1	41	42	44	88	2	172
199	1	41	54	44	88	2	95
199	1	41	58	44	88	2	151
199	1	41	63	44	88	2	48
199	1	41	67	44	88	2	104
199	1	41	79	44	88	2	27
199	1	41	86	44	88	2	27
199	1	42	3	44	88	2	71
199	1	42	11	44	88	2	147
199	1	42	12	44	88	2	81
199	1	42	13	44	88	2	81
199	1	42	14	44	88	2	147
199	1	42	22	44	88	2	71
199	1	42	27	44	88	2	142
199	1	42	28	44	88	2	182
199	1	42	30	44	88	2	66
199	1	42	39	44	88	2	133
199	1	42	41	44	88	2	17
199	1	42	42	44	88	2	57
199	1	42	43	44	88	3	inf
199	1	42	47	44	88	2	128
199	1	42	52	44	88	3	inf
199	1	42	55	44	88	2	52
199	1	42	56	44	88	2	118
199	1	42	57	44	88	2	118
199	1	42	58	44	88	2	52
199	1	42	66	44	88	2	128
199	1	42	71	44	88	2	57
199	1	42	72	44	88	2	17
199	1	42	74	44	88	2	133
199	1	42	83	44	88	2	66
199	1	42	85	44	88	2	182
199	1	42	86	44	88	2	142
199	1	43	2	44	88	2	95
199	1	43	6	44	88	2	151
199	1	43	11	44	88	2	48
199	1	43	15	44	88	2	104
199	1	43	27	44	88	2	27
199	1	43	34	44	88	2	27
199	1	43	46	44	88	2	104
199	1	43	50	44	88	2	48
199	1	43	55	44	88	2	151
199	1	43	59	44	88	2	95
199	1	43	71	44	88	2	172
199	1	43	78	44	88	2	172
199	2	0	3	44	88	2	147
199	2	0	4	44	88	2	81
199	2	0	5	44	88	2	81
199	2	0	6	44	88	2	147
199	2	0	14	44	88	2	71
199	2	0	19	44	88	2	142
199	2	0	20	44	88	2	182
199	2	0	22	44	88	2	66
199	2	0	31	44	88	2	133
199	2	0	33	44	88	2	17
199	2	0	34	44	88	2	57
199	2	0	35	44	88	3	inf
199	2	0	39	44	88	2	128
199	2	0	44	44	88	3	inf
199	2	0	47	44	88	2	52
199	2	0	48	44	88	2	118
199	2	0	49	44	88	2	118
199	2	0	50	44	88	2	52
199	2	0	58	44	88	2	128
199	2	0	63	44	88	2	57
199	2	0	64	44	88	2	17
199	2	0	66	44	88	2	133
199	2	0	75	44	88	2	66
199	2	0	77	44	88	2	182
199	2	0	78	44	88	2	142
199	2	0	83	44	88	2	71
199	2	1	3	44	88	2	48
199	2	1	7	44	88	2	104
199	2	1	19	44	88	2	27
199	2	1	26	44	88	2	27
199	2	1	38	44	88	2	104
199	2	1	42	44	88	2	48
199	2	1	47	44	88	2	151
199	2	1	51	44	88	2	95
199	2	1	63	44	88	2	172
199	2	1	70	44	88	2	172
199	2	1	82	44	88	2	95
199	2	1	86	44	88	2	151
199	2	2	6	44	88	2	128
199	2	2	11	44	88	2	57
199	2	2	12	44	88	2	17
199	2	2	14	44	88	2	133
199	2	2	23	44	88	2	66
199	2	2	25	44	88	2	182
199	2	2	26	44	88	2	142
199	2	2	31	44	88	2	71
199	2	2	39	44	88	2	147
199	2	2	40	44	88	2	81
199	2	2	41	44	88	2	81
199	2	2	42	44	88	2	147
199	2	2	50	44	88	2	71
199	2	2	55	44	88	2	142
199	2	2	56	44	88	2	182
199	2	2	58	44	88	2	66
199	2	2	67	44	88	2	133
199	2	2	69	44	88	2	17
199	2	2	70	44	88	2	57
199	2	2	71	44	88	3	inf
199	2	2	75	44	88	2	128
199	2	2	80	44	88	3	inf
199	2	2	83	44	88	2	52
199	2	2	84	44	88	2	118
199	2	2	85	44	88	2	118
199	2	2	86	44	88	2	52
199	2	3	11	44	88	2	172
199	2	3	18	44	88	2	172
199	2	3	30	44	88	2	95
199	2	3	34	44	88	2	151
199	2	3	39	44	88	2	48
199	2	3	43	44	88	2	104
199	2	3	55	44	88	2	27
199	2	3	62	44	88	2	27
199	2	3	74	44	88	2	104
199	2	3	78	44	88	2	48
199	2	3	83	44	88	2	151
199	2	3	87	44	88	2	95
199	2	4	3	44	88	2	142
199	2	4	4	44	88	2	182
199	2	4	6	44	88	2	66
199	2	4	15	44	88	2	133
199	2	4	17	44	88	2	17
199	2	4	18	44	88	2	57
199	2	4	19	44	88	3	inf
199	2	4	23	44	88	2	128
199	2	4	28	44	88	3	inf
199	2	4	31	44	88	2	52
199	2	4	32	44	88	2	118
199	2	4	33	44	88	2	118
199	2	4	34	44	88	2	52
199	2	4	42	44	88	2	128
199	2	4	47	44	88	2	57
199	2	4	48	44	88	2	17
199	2	4	50	44	88	2	133
199	2	4	59	44	88	2	66
199	2	4	61	44	88	2	182
199	2	4	62	44	88	2	142
199	2	4	67	44	88	2	71
199	2	4	75	44	88	2	147
199	2	4	76	44	88	2	81
199	2	4	77	44	88	2	81
199	2	4	78	44	88	2	147
199	2	4	86	44	88	2	71
199	2	5	3	44	88	2	27
199	2	5	10	44	88	2	27
199	2	5	22	44	88	2	104
199	2	5	26	44	88	2	48
199	2	5	31	44	88	2	151
199	2	5	35	44	88	2	95
199	2	5	47	44	88	2	172
199	2	5	54	44	88	2	172
199	2	5	66	44	88	2	95
199	2	5	70	44	88	2	151
199	2	5	75	44	88	2	48
199	2	5	79	44	88	2	104
199	2	6	7	44	88	2	66
199	2	6	9	44	88	2	182
199	2	6	10	44	88	2	142
199	2	6	15	44	88	2	71
199	2	6	23	44	88	2	147
199	2	6	24	44	88	2	81
199	2	6	25	44	88	2	81
199	2	6	26	44	88	2	147
199	2	6	34	44	88	2	71
199	2	6	39	44	88	2	142
199	2	6	40	44	88	2	182
199	2	6	42	44	88	2	66
199	2	6	51	44	88	2	133
199	2	6	53	44	88	2	17
199	2	6	54	44	88	2	57
199	2	6	55	44	88	3	inf
199	2	6	59	44	88	2	128
199	2	6	64	44	88	3	inf
199	2	6	67	44	88	2	52
199	2	6	68	44	88	2	118
199	2	6	69	44	88	2	118
199	2	6	70	44	88	2	52
199	2	6	78	44	88	2	128
199	2	6	83	44	88	2	57
199	2	6	84	44	88	2	17
199	2	6	86	44	88	2	133
199	2	7	2	44	88	2	172
199	2	7	14	44	88	2	95
199	2	7	18	44	88	2	151
199	2	7	23	44	88	2	48
199	2	7	27	44	88	2	104
199	2	7	39	44	88	2	27
199	2	7	46	44	88	2	27
199	2	7	58	44	88	2	104
199	2	7	62	44	88	2	48
199	2	7	67	44	88	2	151
199	2	7	71	44	88	2	95
199	2	7	83	44	88	2	172
199	2	8	1	44	88	2	17
199	2	8	2	44	88	2	57
199	2	8	3	44	88	3	inf
199	2	8	7	44	88	2	128
199	2	8	12	44	88	3	inf
199	2	8	15	44	88	2	52
199	2	8	16	44	88	2	118
199	2	8	17	44	88	2	118
199	2	8	18	44	88	2	52
199	2	8	26	44	88	2	128
199	2	8	31	44	88	2	57
199	2	8	32	44	88	2	17
199	2	8	34	44	88	2	133
199	2	8	43	44	88	2	66
199	2	8	45	44	88	2	182
199	2	8	46	44	88	2	142
199	2	8	51	44	88	2	71
199	2	8	59	44	88	2	147
199	2	8	60	44	88	2	81
199	2	8	61	44	88	2	81
199	2	8	62	44	88	2	147
199	2	8	70	44	88	2	71
199	2	8	75	44	88	2	142
199	2	8	76	44	88	2	182
199	2	8	78	44	88	2	66
199	2	8	87	44	88	2	133
199	2	9	6	44	88	2	104
199	2	9	10	44	88	2	48
199	2	9	15	44	88	2	151
199	2	9	19	44	88	2	95
199	2	9	31	44	88	2	172
199	2	9	38	44	88	2	172
199	2	9	50	44	88	2	95
199	2	9	54	44	88	2	151
199	2	9	59	44	88	2	48
199	2	9	63	44	88	2	104
199	2	9	75	44	88	2	27
199	2	9	82	44	88	2	27
199	2	10	7	44	88	2	147
199	2	10	8	44	88	2	81
199	2	10	9	44	88	2	81
199	2	10	10	44	88	2	147
199	2	10	18	44	88	2	71
199	2	10	23	44	88	2	142
199	2	10	24	44	88	2	182
199	2	10	26	44	88	2	66
199	2	10	35	44	88	2	133
199	2	10	37	44	88	2	17
199	2	10	38	44	88	2	57
199	2	10	39	44	88	3	inf
199	2	10	43	44	88	2	128
199	2	10	48	44	88	3	inf
199	2	10	51	44	88	2	52
199	2	10	52	44	88	2	118
199	2	10	53	44	88	2	118
199	2	10	54	44	88	2	52
199	2	10	62	44	88	2	128
199	2	10	67	44	88	2	57
199	2	10	68	44	88	2	17
199	2	10	70	44	88	2	133
199	2	10	79	44	88	2	66
199	2	10	81	44	88	2	182
199	2	10	82	44	88	2	142
199	2	10	87	44	88	2	71
199	2	11	2	44	88	2	151
199	2	11	7	44	88	2	48
199	2	11	11	44	88	2	104
199	2	11	23	44	88	2	27
199	2	11	30	44	88	2	27
199	2	11	42	44	88	2	104
199	2	11	46	44	88	2	48
199	2	11	51	44	88	2	151
199	2	11	55	44	88	2	95
199	2	11	67	44	88	2	172
199	2	11	74	44	88	2	172
199	2	11	86	44	88	2	95
199	2	12	0	44	88	2	118
199	2	12	1	44	88	2	118
199	2	12	2	44	88	2	52
199	2	12	10	44	88	2	128
199	2	12	15	44	88	2	57
199	2	12	16	44	88	2	17
199	2	12	18	44	88	2	133
199	2	12	27	44	88	2	66
199	2	12	29	44	88	2	182
199	2	12	30	44	88	2	142
199	2	12	35	44	88	2	71
199	2	12	43	44	88	2	147
199	2	12	44	44	88	2	81
199	2	12	45	44	88	2	81
199	2	12	46	44	88	2	147
199	2	12	54	44	88	2	71
199	2	12	59	44	88	2	142
199	2	12	60	44	88	2	182
199	2	12	62	44	88	2	66
199	2	12	71	44	88	2	133
199	2	12	73	44	88	2	17
199	2	12	74	44	88	2	57
199	2	12	75	44	88	3	inf
199	2	12	79	44	88	2	128
199	2	12	84	44	88	3	inf
199	2	12	87	44	88	2	52
199	2	13	3	44	88	2	95
199	2	13	15	44	88	2	172
199	2	13	22	44	88	2	172
199	2	13	34	44	88	2	95
199	2	13	38	44	88	2	151
199	2	13	43	44	88	2	48
199	2	13	47	44	88	2	104
199	2	13	59	44	88	2	27
199	2	13	66	44	88	2	27
199	2	13	78	44	88	2	104
199	2	13	82	44	88	2	48
199	2	13	87	44	88	2	151
199	2	14	2	44	88	2	71
199	2	14	7	44	88	2	142
199	2	14	8	44	88	2	182
199	2	14	10	44	88	2	66
199	2	14	19	44	88	2	133
199	2	14	21	44	88	2	17
199	2	14	22	44	88	2	57
199	2	14	23	44	88	3	inf
199	2	14	27	44	88	2	128
199	2	14	32	44	88	3	inf
199	2	14	35	44	88	2	52
199	2	14	36	44	88	2	118
199	2	14	37	44	88	2	118
199	2	14	38	44	88	2	52
199	2	14	46	44	88	2	128
199	2	14	51	44	88	2	57
199	2	14	52	44	88	2	17
199	2	14	54	44	88	2	133
199	2	14	63	44	88	2	66
199	2	14	65	44	88	2	182
199	2	14	66	44	88	2	142
199	2	14	71	44	88	2	71
199	2	14	79	44	88	2	147
199	2	14	80	44	88	2	81
199	2	14	81	44	88	2	81
199	2	14	82	44	88	2	147
199	2	15	7	44	88	2	27
199	2	15	14	44	88	2	27
199	2	15	26	44	88	2	104
199	2	15	30	44	88	2	48
199	2	15	35	44	88	2	151
199	2	15	39	44	88	2	95
199	2	15	51	44	88	2	172
199	2	15	58	44	88	2	172
199	2	15	70	44	88	2	95
199	2	15	74	44	88	2	151
199	2	15	79	44	88	2	48
199	2	15	83	44	88	2	104
199	2	16	0	44	88	2	17
199	2	16	2	44	88	2	133
199	2	16	11	44	88	2	66
199	2	16	13	44	88	2	182
199	2	16	14	44	88	2	142
199	2	16	19	44	88	2	71
199	2	16	27	44	88	2	147
199	2	16	28	44	88	2	81
199	2	16	29	44	88	2	81
199	2	16	30	44	88	2	147
199	2	16	38	44	88	2	71
199	2	16	43	44	88	2	142
199	2	16	44	44	88	2	182
199	2	16	46	44	88	2	66
199	2	16	55	44	88	2	133
199	2	16	57	44	88	2	17
199	2	16	58	44	88	2	57
199	2	16	59	44	88	3	inf
199	2	16	63	44	88	2	128
199	2	16	68	44	88	3	inf
199	2	16	71	44	88	2	52
199	2	16	72	44	88	2	118
199	2	16	73	44	88	2	118
199	2	16	74	44	88	2	52
199	2	16	82	44	88	2	128
199	2	16	87	44	88	2	57
199	2	17	6	44	88	2	172
199	2	17	18	44	88	2	95
199	2	17	22	44	88	2	151
199	2	17	27	44	88	2	48
199	2	17	31	44	88	2	104
199	2	17	43	44	88	2	27
199	2	17	50	44	88	2	27
199	2	17	62	44	88	2	104
199	2	17	66	44	88	2	48
199	2	17	71	44	88	2	151
199	2	17	75	44	88	2	95
199	2	17	87	44	88	2	172
199	2	18	3	44	88	2	133
199	2	18	5	44	88	2	17
199	2	18	6	44	88	2	57
199	2	18	7	44	88	3	inf
199	2	18	11	44	88	2	128
199	2	18	16	44	88	3	inf
199	2	18	19	44	88	2	52
199	2	18	20	44	88	2	118
199	2	18	21	44	88	2	118
199	2	18	22	44	88	2	52
199	2	18	30	44	88	2	128
199	2	18	35	44	88	2	57
199	2	18	36	44	88	2	17
199	2	18	38	44	88	2	133
199	2	18	47	44	88	2	66
199	2	18	49	44	88	2	182
199	2	18	50	44	88	2	142
199	2	18	55	44	88	2	71
199	2	18	63	44	88	2	147
199	2	18	64	44	88	2	81
199	2	18	65	44	88	2	81
199	2	18	66	44	88	2	147
199	2	18	74	44	88	2	71
199	2	18	79	44	88	2	142
199	2	18	80	44	88	2	182
199	2	18	82	44	88	2	66
199	2	19	10	44	88	2	104
199	2	19	14	44	88	2	48
199	2	19	19	44	88	2	151
199	2	19	23	44	88	2	95
199	2	19	35	44	88	2	172
199	2	19	42	44	88	2	172
199	2	19	54	44	88	2	95
199	2	19	58	44	88	2	151
199	2	19	63	44	88	2	48
199	2	19	67	44	88	2	104
199	2	19	79	44	88	2	27
199	2	19	86	44	88	2	27
199	2	20	3	44	88	2	71
199	2	20	11	44	88	2	147
199	2	20	12	44	88	2	81
199	2	20	13	44	88	2	81
199	2	20	14	44	88	2	147
199	2	20	22	44	88	2	71
199	2	20	27	44	88	2	142
199	2	20	28	44	88	2	182
199	2	20	30	44	88	2	66
199	2	20	39	44	88	2	133
199	2	20	41	44	88	2	17
199	2	20	42	44	88	2	57
199	2	20	43	44	88	3	inf
199	2	20	47	44	88	2	128
199	2	20	52	44	88	3	inf
199	2	20	55	44	88	2	52
199	2	20	56	44	88	2	118
199	2	20	57	44	88	2	118
199	2	20	58	44	88	2	52
199	2	20	66	44	88	2	128
199	2	20	71	44	88	2	57
199	2	20	72	44	88	2	17
199	2	20	74	44	88	2	133
199	2	20	83	44	88	2	66
199	2	20	85	44	88	2	182
199	2	20	86	44	88	2	142
199	2	21	2	44	88	2	95
199	2	21	6	44	88	2	151
199	2	21	11	44	88	2	48
199	2	21	15	44	88	2	104
199	2	21	27	44	88	2	27
199	2	21	34	44	88	2	27
199	2	21	46	44	88	2	104
199	2	21	50	44	88	2	48
199	2	21	55	44	88	2	151
199	2	21	59	44	88	2	95
199	2	21	71	44	88	2	172
199	2	21	78	44	88	2	172
199	2	22	0	44	88	3	inf
199	2	22	3	44	88	2	52
199	2	22	4	44	88	2	118
199	2	22	5	44	88	2	118
199	2	22	6	44	88	2	52
199	2	22	14	44	88	2	128
199	2	22	19	44	88	2	57
199	2	22	20	44	88	2	17
199	2	22	22	44	88	2	133
199	2	22	31	44	88	2	66
199	2	22	33	44	88	2	182
199	2	22	34	44	88	2	142
199	2	22	39	44	88	2	71
199	2	22	47	44	88	2	147
199	2	22	48	44	88	2	81
199	2	22	49	44	88	2	81
199	2	22	50	44	88	2	147
199	2	22	58	44	88	2	71
199	2	22	63	44	88	2	142
199	2	22	64	44	88	2	182
199	2	22	66	44	88	2	66
199	2	22	75	44	88	2	133
199	2	22	77	44	88	2	17
199	2	22	78	44	88	2	57
199	2	22	79	44	88	3	inf
199	2	22	83	44	88	2	128
199	2	23	3	44	88	2	151
199	2	23	7	44	88	2	95
199	2	23	19	44	88	2	172
199	2	23	26	44	88	2	172
199	2	23	38	44	88	2	95
199	2	23	42	44	88	2	151
199	2	23	47	44	88	2	48
199	2	23	51	44	88	2	104
199	2	23	63	44	88	2	27
199	2	23	70	44	88	2	27
199	2	23	82	44	88	2	104
199	2	23	86	44	88	2	48
199	2	24	6	44	88	2	71
199	2	24	11	44	88	2	142
199	2	24	12	44	88	2	182
199	2	24	14	44	88	2	66
199	2	24	23	44	88	2	133
199	2	24	25	44	88	2	17
199	2	24	26	44	88	2	57
199	2	24	27	44	88	3	inf
199	2	24	31	44	88	2	128
199	2	24	36	44	88	3	inf
199	2	24	39	44	88	2	52
199	2	24	40	44	88	2	118
199	2	24	41	44	88	2	118
199	2	24	42	44	88	2	52
199	2	24	50	44	88	2	128
199	2	24	55	44	88	2	57
199	2	24	56	44	88	2	17
199	2	24	58	44	88	2	133
199	2	24	67	44	88	2	66
199	2	24	69	44	88	2	182
199	2	24	70	44	88	2	142
199	2	24	75	44	88	2	71
199	2	24	83	44	88	2	147
199	2	24	84	44	88	2	81
199	2	24	85	44	88	2	81
199	2	24	86	44	88	2	147
199	2	25	11	44	88	2	27
199	2	25	18	44	88	2	27
199	2	25	30	44	88	2	104
199	2	25	34	44	88	2	48
199	2	25	39	44	88	2	151
199	2	25	43	44	88	2	95
199	2	25	55	44	88	2	172
199	2	25	62	44	88	2	172
199	2	25	74	44	88	2	95
199	2	25	78	44	88	2	151
199	2	25	83	44	88	2	48
199	2	25	87	44	88	2	104
199	2	26	3	44	88	2	57
199	2	26	4	44	88	2	17
199	2	26	6	44	88	2	133
199	2	26	15	44	88	2	66
199	2	26	17	44	88	2	182
199	2	26	18	44	88	2	142
199	2	26	23	44	88	2	71
199	2	26	31	44	88	2	147
199	2	26	32	44	88	2	81
199	2	26	33	44	88	2	81
199	2	26	34	44	88	2	147
199	2	26	42	44	88	2	71
199	2	26	47	44	88	2	142
199	2	26	48	44	88	2	182
199	2	26	50	44	88	2	66
199	2	26	59	44	88	2	133
199	2	26	61	44	88	2	17
199	2	26	62	44	88	2	57
199	2	26	63	44	88	3	inf
199	2	26	67	44	88	2	128
199	2	26	72	44	88	3	inf
199	2	26	75	44	88	2	52
199	2	26	76	44	88	2	118
199	2	26	77	44	88	2	118
199	2	26	78	44	88	2	52
199	2	26	86	44	88	2	128
199	2	27	3	44	88	2	172
199	2	27	10	44	88	2	172
199	2	27	22	44	88	2	95
199	2	27	26	44	88	2	151
199	2	27	31	44	88	2	48
199	2	27	35	44	88	2	104
199	2	27	47	44	88	2	27
199	2	27	54	44	88	2	27
199	2	27	66	44	88	2	104
199	2	27	70	44	88	2	48
199	2	27	75	44	88	2	151
199	2	27	79	44	88	2	95
199	2	28	7	44	88	2	133
199	2	28	9	44	88	2	17
199	2	28	10	44	88	2	57
199	2	28	11	44	88	3	inf
199	2	28	15	44	88	2	128
199	2	28	20	44	88	3	inf
199	2	28	23	44	88	2	52
199	2	28	24	44	88	2	118
199	2	28	25	44	88	2	118
199	2	28	26	44	88	2	52
199	2	28	34	44	88	2	128
199	2	28	39	44	88	2	57
199	2	28	40	44	88	2	17
199	2	28	42	44	88	2	133
199	2	28	51	44	88	2	66
199	2	28	53	44	88	2	182
199	2	28	54	44	88	2	142
199	2	28	59	44	88	2	71
199	2	28	67	44	88	2	147
199	2	28	68	44	88	2	81
199	2	28	69	44	88	2	81
199	2	28	70	44	88	2	147
199	2	28	78	44	88	2	71
199	2	28	83	44	88	2	142
199	2	28	84	44	88	2	182
199	2	28	86	44	88	2	66
199	2	29	2	44	88	2	27
199	2	29	14	44	88	2	104
199	2	29	18	44	88	2	48
199	2	29	23	44	88	2	151
199	2	29	27	44	88	2	95
199	2	29	39	44	88	2	172
199	2	29	46	44	88	2	172
199	2	29	58	44	88	2	95
199	2	29	62	44	88	2	151
199	2	29	67	44	88	2	48
199	2	29	71	44	88	2	104
199	2	29	83	44	88	2	27
199	2	30	1	44	88	2	182
199	2	30	2	44	88	2	142
199	2	30	7	44	88	2	71
199	2	30	15	44	88	2	147
199	2	30	16	44	88	2	81
199	2	30	17	44	88	2	81
199	2	30	18	44	88	2	147
199	2	30	26	44	88	2	71
199	2	30	31	44	88	2	142
199	2	30	32	44	88	2	182
199	2	30	34	44	88	2	66
199	2	30	43	44	88	2	133
199	2	30	45	44	88	2	17
199	2	30	46	44	88	2	57
199	2	30	47	44	88	3	inf
199	2	30	51	44	88	2	128
199	2	30	56	44	88	3	inf
199	2	30	59	44	88	2	52
199	2	30	60	44	88	2	118
199	2	30	61	44	88	2	118
199	2	30	62	44	88	2	52
199	2	30	70	44	88	2	128
199	2	30	75	44	88	2	57
199	2	30	76	44	88	2	17
199	2	30	78	44	88	2	133
199	2	30	87	44	88	2	66
199	2	31	6	44	88	2	95
199	2	31	10	44	88	2	151
199	2	31	15	44	88	2	48
199	2	31	19	44	88	2	104
199	2	31	31	44	88	2	27
199	2	31	38	44	88	2	27
199	2	31	50	44	88	2	104
199	2	31	54	44	88	2	48
199	2	31	59	44	88	2	151
199	2	31	63	44	88	2	95
199	2	31	75	44	88	2	172
199	2	31	82	44	88	2	172
199	2	32	4	44	88	3	inf
199	2	32	7	44	88	2	52
199	2	32	8	44	88	2	118
199	2	32	9	44	88	2	118
199	2	32	10	44	88	2	52
199	2	32	18	44	88	2	128
199	2	32	23	44	88	2	57
199	2	32	24	44	88	2	17
199	2	32	26	44	88	2	133
199	2	32	35	44	88	2	66
199	2	32	37	44	88	2	182
199	2	32	38	44	88	2	142
199	2	32	43	44	88	2	71
199	2	32	51	44	88	2	147
199	2	32	52	44	88	2	81
199	2	32	53	44	88	2	81
199	2	32	54	44	88	2	147
199	2	32	62	44	88	2	71
199	2	32	67	44	88	2	142
199	2	32	68	44	88	2	182
199	2	32	70	44	88	2	66
199	2	32	79	44	88	2	133
199	2	32	81	44	88	2	17
199	2	32	82	44	88	2	57
199	2	32	83	44	88	3	inf
199	2	32	87	44	88	2	128
199	2	33	2	44	88	2	48
199	2	33	7	44	88	2	151
199	2	33	11	44	88	2	95
199	2	33	23	44	88	2	172
199	2	33	30	44	88	2	172
199	2	33	42	44	88	2	95
199	2	33	46	44	88	2	151
199	2	33	51	44	88	2	48
199	2	33	55	44	88	2	104
199	2	33	67	44	88	2	27
199	2	33	74	44	88	2	27
199	2	33	86	44	88	2	104
199	2	34	0	44	88	2	81
199	2	34	1	44	88	2	81
199	2	34	2	44	88	2	147
199	2	34	10	44	88	2	71
199	2	34	15	44	88	2	142
199	2	34	16	44	88	2	182
199	2	34	18	44	88	2	66
199	2	34	27	44	88	2	133
199	2	34	29	44	88	2	17
199	2	34	30	44	88	2	57
199	2	34	31	44	88	3	inf
199	2	34	35	44	88	2	128
199	2	34	40	44	88	3	inf
199	2	34	43	44	88	2	52
199	2	34	44	44	88	2	118
199	2	34	45	44	88	2	118
199	2	34	46	44	88	2	52
199	2	34	54	44	88	2	128
199	2	34	59	44	88	2	57
199	2	34	60	44	88	2	17
199	2	34	62	44	88	2	133
199	2	34	71	44	88	2	66
199	2	34	73	44	88	2	182
199	2	34	74	44	88	2	142
199	2	34	79	44	88	2	71
199	2	34	87	44	88	2	147
199	2	35	3	44	88	2	104
199	2	35	15	44	88	2	27
199	2	35	22	44	88	2	27
199	2	35	34	44	88	2	104
199	2	35	38	44	88	2	48
199	2	35	43	44	88	2	151
199	2	35	47	44	88	2	95
199	2	35	59	44	88	2	172
199	2	35	66	44	88	2	172
199	2	35	78	44	88	2	95
199	2	35	82	44	88	2	151
199	2	35	87	44	88	2	48
199	2	36	2	44	88	2	128
199	2	36	7	44	88	2	57
199	2	36	8	44	88	2	17
199	2	36	10	44	88	2	133
199	2	36	19	44	88	2	66
199	2	36	21	44	88	2	182
199	2	36	22	44	88	2	142
199	2	36	27	44	88	2	71
199	2	36	35	44	88	2	147
199	2	36	36	44	88	2	81
199	2	36	37	44	88	2	81
199	2	36	38	44	88	2	147
199	2	36	46	44	88	2	71
199	2	36	51	44	88	2	142
199	2	36	52	44	88	2	182
199	2	36	54	44	88	2	66
199	2	36	63	44	88	2	133
199	2	36	65	44	88	2	17
199	2	36	66	44	88	2	57
199	2	36	67	44	88	3	inf
199	2	36	71	44	88	2	128
199	2	36	76	44	88	3	inf
199	2	36	79	44	88	2	52
199	2	36	80	44	88	2	118
199	2	36	81	44	88	2	118
199	2	36	82	44	88	2	52
199	2	37	7	44	88	2	172
199	2	37	14	44	88	2	172
199	2	37	26	44	88	2	95
199	2	37	30	44	88	2	151
199	2	37	35	44	88	2	48
199	2	37	39	44	88	2	104
199	2	37	51	44	88	2	27
199	2	37	58	44	88	2	27
199	2	37	70	44	88	2	104
199	2	37	74	44	88	2	48
199	2	37	79	44	88	2	151
199	2	37	83	44	88	2	95
199	2	38	0	44	88	2	182
199	2	38	2	44	88	2	66
199	2	38	11	44	88	2	133
199	2	38	13	44	88	2	17
199	2	38	14	44	88	2	57
199	2	38	15	44	88	3	inf
199	2	38	19	44	88	2	128
199	2	38	24	44	88	3	inf
199	2	38	27	44	88	2	52
199	2	38	28	44	88	2	118
199	2	38	29	44	88	2	118
199	2	38	30	44	88	2	52
199	2	38	38	44	88	2	128
199	2	38	43	44	88	2	57
199	2	38	44	44	88	2	17
199	2	38	46	44	88	2	133
199	2	38	55	44	88	2	66
199	2	38	57	44	88	2	182
199	2	38	58	44	88	2	142
199	2	38	63	44	88	2	71
199	2	38	71	44	88	2	147
199	2	38	72	44	88	2	81
199	2	38	73	44	88	2	81
199	2	38	74	44	88	2	147
199	2	38	82	44	88	2	71
199	2	38	87	44	88	2	142
199	2	39	6	44	88	2	27
199	2	39	18	44	88	2	104
199	2	39	22	44	88	2	48
199	2	39	27	44	88	2	151
199	2	39	31	44	88	2	95
199	2	39	43	44	88	2	172
199	2	39	50	44	88	2	172
199	2	39	62	44	88	2	95
199	2	39	66	44	88	2	151
199	2	39	71	44	88	2	48
199	2	39	75	44	88	2	104
199	2	39	87	44	88	2	27
199	2	40	3	44	88	2	66
199	2	40	5	44	88	2	182
199	2	40	6	44	88	2	142
199	2	40	11	44	88	2	71
199	2	40	19	44	88	2	147
199	2	40	20	44	88	2	81
199	2	40	21	44	88	2	81
199	2	40	22	44	88	2	147
199	2	40	30	44	88	2	71
199	2	40	35	44	88	2	142
199	2	40	36	44	88	2	182
199	2	40	38	44	88	2	66
199	2	40	47	44	88	2	133
199	2	40	49	44	88	2	17
199	2	40	50	44	88	2	57
199	2	40	51	44	88	3	inf
199	2	40	55	44	88	2	128
199	2	40	60	44	88	3	inf
199	2	40	63	44	88	2	52
199	2	40	64	44	88	2	118
199	2	40	65	44	88	2	118
199	2	40	66	44	88	2	52
199	2	40	74	44	88	2	128
199	2	40	79	44	88	2	57
199	2	40	80	44	88	2	17
199	2	40	82	44	88	2	133
199	2	41	10	44	88	2	95
199	2	41	14	44	88	2	151
199	2	41	19	44	88	2	48
199	2	41	23	44	88	2	104
199	2	41	35	44	88	2	27
199	2	41	42	44	88	2	27
199	2	41	54	44	88	2	104
199	2	41	58	44	88	2	48
199	2	41	63	44	88	2	151
199	2	41	67	44	88	2	95
199	2	41	79	44	88	2	172
199	2	41	86	44	88	2	172
199	2	42	3	44	88	2	128
199	2	42	8	44	88	3	inf
199	2	42	11	44	88	2	52
199	2	42	12	44	88	2	118
199	2	42	13	44	88	2	118
199	2	42	14	44	88	2	52
199	2	42	22	44	88	2	128
199	2	42	27	44	88	2	57
199	2	42	28	44	88	2	17
199	2	42	30	44	88	2	133
199	2	42	39	44	88	2	66
199	2	42	41	44	88	2	182
199	2	42	42	44	88	2	142
199	2	42	47	44	88	2	71
199	2	42	55	44	88	2	147
199	2	42	56	44	88	2	81
199	2	42	57	44	88	2	81
199	2	42	58	44	88	2	147
199	2	42	66	44	88	2	71
199	2	42	71	44	88	2	142
199	2	42	72	44	88	2	182
199	2	42	74	44	88	2	66
199	2	42	83	44	88	2	133
199	2	42	85	44	88	2	17
199	2	42	86	44	88	2	57
199	2	42	87	44	88	3	inf
199	2	43	2	44	88	2	104
199	2	43	6	44	88	2	48
199	2	43	11	44	88	2	151
199	2	43	15	44	88	2	95
199	2	43	27	44	88	2	172
199	2	43	34	44	88	2	172
199	2	43	46	44	88	2	95
199	2	43	50	44	88	2	151
199	2	43	55	44	88	2	48
199	2	43	59	44	88	2	104
199	2	43	71	44	88	2	27
199	2	43	78	44	88	2	27
