prime	torsion_coset	m	n	ord_g1	ord_g2	state	t
11	1	0	7	8	8	3	inf
11	1	1	4	8	8	3	inf
11	1	2	1	8	8	3	inf
11	1	3	6	8	8	3	inf
11	1	4	3	8	8	3	inf
11	1	5	0	8	8	3	inf
11	1	6	5	8	8	3	inf
11	1	7	2	8	8	3	inf
11	2	0	3	8	8	3	inf
11	2	1	0	8	8	3	inf
11	2	2	5	8	8	3	inf
11	2	3	2	8	8	3	inf
11	2	4	7	8	8	3	inf
11	2	5	4	8	8	3	inf
11	2	6	1	8	8	3	inf
11	2	7	6	8	8	3	inf
17	1	0	0	10	2	3	1
17	1	0	1	10	2	3	16
17	1	1	0	10	2	3	4
17	1	1	1	10	2	3	13
17	1	2	0	10	2	3	1
17	1	2	1	10	2	3	16
17	1	3	1	10	2	3	inf
17	1	5	0	10	2	3	16
17	1	5	1	10	2	3	1
17	1	6	0	10	2	3	13
17	1	6	1	10	2	3	4
17	1	7	0	10	2	3	16
17	1	7	1	10	2	3	1
17	1	8	0	10	2	3	inf
17	2	0	0	10	2	3	16
17	2	0	1	10	2	3	1
17	2	1	0	10	2	3	13
17	2	1	1	10	2	3	4
17	2	2	0	10	2	3	16
17	2	2	1	10	2	3	1
17	2	3	0	10	2	3	inf
17	2	5	0	10	2	3	1
17	2	5	1	10	2	3	16
17	2	6	0	10	2	3	4
17	2	6	1	10	2	3	13
17	2	7	0	10	2	3	1
17	2	7	1	10	2	3	16
17	2	8	1	10	2	3	inf
19	1	0	0	6	3	3	1
19	1	0	1	6	3	3	inf
19	1	0	2	6	3	3	inf
19	1	1	0	6	3	3	inf
19	1	1	1	6	3	3	inf
19	1	1	2	6	3	3	inf
19	1	2	0	6	3	3	inf
19	1	2	1	6	3	3	inf
19	1	2	2	6	3	3	1
19	1	3	0	6	3	3	inf
19	1	3	1	6	3	3	inf
19	1	3	2	6	3	3	inf
19	1	4	0	6	3	3	inf
19	1	4	1	6	3	3	1
19	1	4	2	6	3	3	inf
19	1	5	0	6	3	3	inf
19	1	5	1	6	3	3	inf
19	1	5	2	6	3	3	inf
19	2	0	0	6	3	3	inf
19	2	0	1	6	3	3	inf
19	2	0	2	6	3	3	inf
19	2	1	0	6	3	3	inf
19	2	1	1	6	3	3	1
19	2	1	2	6	3	3	inf
19	2	2	0	6	3	3	inf
19	2	2	1	6	3	3	inf
19	2	2	2	6	3	3	inf
19	2	3	0	6	3	3	1
19	2	3	1	6	3	3	inf
19	2	3	2	6	3	3	inf
19	2	4	0	6	3	3	inf
19	2	4	1	6	3	3	inf
19	2	4	2	6	3	3	inf
19	2	5	0	6	3	3	inf
19	2	5	1	6	3	3	inf
19	2	5	2	6	3	3	1
23	1	0	0	16	4	3	1
23	1	0	1	16	4	3	12
23	1	0	2	16	4	3	22
23	1	0	3	16	4	3	11
23	1	1	0	16	4	3	18
23	1	1	1	16	4	3	18
23	1	1	2	16	4	3	5
23	1	1	3	16	4	3	5
23	1	2	0	16	4	3	12
23	1	2	1	16	4	3	1
23	1	2	2	16	4	3	inf
23	1	2	3	16	4	3	22
23	1	3	0	16	4	3	19
23	1	3	1	16	4	3	inf
23	1	3	2	16	4	3	4
23	1	3	3	16	4	3	inf
23	1	4	0	16	4	3	12
23	1	4	1	16	4	3	22
23	1	4	2	16	4	3	11
23	1	4	3	16	4	3	1
23	1	5	0	16	4	3	18
23	1	5	1	16	4	3	5
23	1	5	2	16	4	3	5
23	1	5	3	16	4	3	18
23	1	6	0	16	4	3	1
23	1	6	1	16	4	3	inf
23	1	6	2	16	4	3	22
23	1	6	3	16	4	3	12
23	1	7	0	16	4	3	inf
23	1	7	1	16	4	3	4
23	1	7	2	16	4	3	inf
23	1	7	3	16	4	3	19
23	1	8	0	16	4	3	22
23	1	8	1	16	4	3	11
23	1	8	2	16	4	3	1
23	1	8	3	16	4	3	12
23	1	9	0	16	4	3	5
23	1	9	1	16	4	3	5
23	1	9	2	16	4	3	18
23	1	9	3	16	4	3	18
23	1	10	0	16	4	3	inf
23	1	10	1	16	4	3	22
23	1	10	2	16	4	3	12
23	1	10	3	16	4	3	1
23	1	11	0	16	4	3	4
23	1	11	1	16	4	3	inf
23	1	11	2	16	4	3	19
23	1	11	3	16	4	3	inf
23	1	12	0	16	4	3	11
23	1	12	1	16	4	3	1
23	1	12	2	16	4	3	12
23	1	12	3	16	4	3	22
23	1	13	0	16	4	3	5
23	1	13	1	16	4	3	18
23	1	13	2	16	4	3	18
23	1	13	3	16	4	3	5
23	1	14	0	16	4	3	22
23	1	14	1	16	4	3	12
23	1	14	2	16	4	3	1
23	1	14	3	16	4	3	inf
23	1	15	0	16	4	3	inf
23	1	15	1	16	4	3	19
23	1	15	2	16	4	3	inf
23	1	15	3	16	4	3	4
23	2	0	0	16	4	3	22
23	2	0	1	16	4	3	11
23	2	0	2	16	4	3	1
23	2	0	3	16	4	3	12
23	2	1	0	16	4	3	5
23	2	1	1	16	4	3	5
23	2	1	2	16	4	3	18
23	2	1	3	16	4	3	18
23	2	2	0	16	4	3	inf
23	2	2	1	16	4	3	22
23	2	2	2	16	4	3	12
23	2	2	3	16	4	3	1
23	2	3	0	16	4	3	4
23	2	3	1	16	4	3	inf
23	2	3	2	16	4	3	19
23	2	3	3	16	4	3	inf
23	2	4	0	16	4	3	11
23	2	4	1	16	4	3	1
23	2	4	2	16	4	3	12
23	2	4	3	16	4	3	22
23	2	5	0	16	4	3	5
23	2	5	1	16	4	3	18
23	2	5	2	16	4	3	18
23	2	5	3	16	4	3	5
23	2	6	0	16	4	3	22
23	2	6	1	16	4	3	12
23	2	6	2	16	4	3	1
23	2	6	3	16	4	3	inf
23	2	7	0	16	4	3	inf
23	2	7	1	16	4	3	19
23	2	7	2	16	4	3	inf
23	2	7	3	16	4	3	4
23	2	8	0	16	4	3	1
23	2	8	1	16	4	3	12
23	2	8	2	16	4	3	22
23	2	8	3	16	4	3	11
23	2	9	0	16	4	3	18
23	2	9	1	16	4	3	18
23	2	9	2	16	4	3	5
23	2	9	3	16	4	3	5
23	2	10	0	16	4	3	12
23	2	10	1	16	4	3	1
23	2	10	2	16	4	3	inf
23	2	10	3	16	4	3	22
23	2	11	0	16	4	3	19
23	2	11	1	16	4	3	inf
23	2	11	2	16	4	3	4
23	2	11	3	16	4	3	inf
23	2	12	0	16	4	3	12
23	2	12	1	16	4	3	22
23	2	12	2	16	4	3	11
23	2	12	3	16	4	3	1
23	2	13	0	16	4	3	18
23	2	13	1	16	4	3	5
23	2	13	2	16	4	3	5
23	2	13	3	16	4	3	18
23	2	14	0	16	4	3	1
23	2	14	1	16	4	3	inf
23	2	14	2	16	4	3	22
23	2	14	3	16	4	3	12
23	2	15	0	16	4	3	inf
23	2	15	1	16	4	3	4
23	2	15	2	16	4	3	inf
23	2	15	3	16	4	3	19
31	1	1	1	6	6	3	inf
31	1	4	4	6	6	3	inf
31	2	1	4	6	6	3	inf
31	2	4	1	6	6	3	inf
37	1	0	0	18	6	2	1
37	1	0	2	18	6	2	9
37	1	0	3	18	6	2	36
37	1	0	5	18	6	2	28
37	1	1	0	18	6	2	22
37	1	1	2	18	6	2	22
37	1	1	3	18	6	3	inf
37	1	1	5	18	6	2	15
37	1	2	0	18	6	2	9
37	1	2	2	18	6	2	1
37	1	2	3	18	6	2	28
37	1	2	5	18	6	2	36
37	1	3	1	18	6	2	9
37	1	3	2	18	6	2	36
37	1	3	4	18	6	2	28
37	1	3	5	18	6	2	1
37	1	4	1	18	6	2	22
37	1	4	2	18	6	3	inf
37	1	4	4	18	6	2	15
37	1	4	5	18	6	2	22
37	1	5	1	18	6	2	1
37	1	5	2	18	6	2	28
37	1	5	4	18	6	2	36
37	1	5	5	18	6	2	9
37	1	6	0	18	6	2	9
37	1	6	1	18	6	2	36
37	1	6	3	18	6	2	28
37	1	6	4	18	6	2	1
37	1	7	0	18	6	2	22
37	1	7	1	18	6	3	inf
37	1	7	3	18	6	2	15
37	1	7	4	18	6	2	22
37	1	8	0	18	6	2	1
37	1	8	1	18	6	2	28
37	1	8	3	18	6	2	36
37	1	8	4	18	6	2	9
37	1	9	0	18	6	2	36
37	1	9	2	18	6	2	28
37	1	9	3	18	6	2	1
37	1	9	5	18	6	2	9
37	1	10	0	18	6	3	inf
37	1	10	2	18	6	2	15
37	1	10	3	18	6	2	22
37	1	10	5	18	6	2	22
37	1	11	0	18	6	2	28
37	1	11	2	18	6	2	36
37	1	11	3	18	6	2	9
37	1	11	5	18	6	2	1
37	1	12	1	18	6	2	28
37	1	12	2	18	6	2	1
37	1	12	4	18	6	2	9
37	1	12	5	18	6	2	36
37	1	13	1	18	6	2	15
37	1	13	2	18	6	2	22
37	1	13	4	18	6	2	22
37	1	13	5	18	6	3	inf
37	1	14	1	18	6	2	36
37	1	14	2	18	6	2	9
37	1	14	4	18	6	2	1
37	1	14	5	18	6	2	28
37	1	15	0	18	6	2	28
37	1	15	1	18	6	2	1
37	1	15	3	18	6	2	9
37	1	15	4	18	6	2	36
37	1	16	0	18	6	2	15
37	1	16	1	18	6	2	22
37	1	16	3	18	6	2	22
37	1	16	4	18	6	3	inf
37	1	17	0	18	6	2	36
37	1	17	1	18	6	2	9
37	1	17	3	18	6	2	1
37	1	17	4	18	6	2	28
37	2	0	0	18	6	2	36
37	2	0	2	18	6	2	28
37	2	0	3	18	6	2	1
37	2	0	5	18	6	2	9
37	2	1	0	18	6	3	inf
37	2	1	2	18	6	2	15
37	2	1	3	18	6	2	22
37	2	1	5	18	6	2	22
37	2	2	0	18	6	2	28
37	2	2	2	18	6	2	36
37	2	2	3	18	6	2	9
37	2	2	5	18	6	2	1
37	2	3	1	18	6	2	28
37	2	3	2	18	6	2	1
37	2	3	4	18	6	2	9
37	2	3	5	18	6	2	36
37	2	4	1	18	6	2	15
37	2	4	2	18	6	2	22
37	2	4	4	18	6	2	22
37	2	4	5	18	6	3	inf
37	2	5	1	18	6	2	36
37	2	5	2	18	6	2	9
37	2	5	4	18	6	2	1
37	2	5	5	18	6	2	28
37	2	6	0	18	6	2	28
37	2	6	1	18	6	2	1
37	2	6	3	18	6	2	9
37	2	6	4	18	6	2	36
37	2	7	0	18	6	2	15
37	2	7	1	18	6	2	22
37	2	7	3	18	6	2	22
37	2	7	4	18	6	3	inf
37	2	8	0	18	6	2	36
37	2	8	1	18	6	2	9
37	2	8	3	18	6	2	1
37	2	8	4	18	6	2	28
37	2	9	0	18	6	2	1
37	2	9	2	18	6	2	9
37	2	9	3	18	6	2	36
37	2	9	5	18	6	2	28
37	2	10	0	18	6	2	22
37	2	10	2	18	6	2	22
37	2	10	3	18	6	3	inf
37	2	10	5	18	6	2	15
37	2	11	0	18	6	2	9
37	2	11	2	18	6	2	1
37	2	11	3	18	6	2	28
37	2	11	5	18	6	2	36
37	2	12	1	18	6	2	9
37	2	12	2	18	6	2	36
37	2	12	4	18	6	2	28
37	2	12	5	18	6	2	1
37	2	13	1	18	6	2	22
37	2	13	2	18	6	3	inf
37	2	13	4	18	6	2	15
37	2	13	5	18	6	2	22
37	2	14	1	18	6	2	1
37	2	14	2	18	6	2	28
37	2	14	4	18	6	2	36
37	2	14	5	18	6	2	9
37	2	15	0	18	6	2	9
37	2	15	1	18	6	2	36
37	2	15	3	18	6	2	28
37	2	15	4	18	6	2	1
37	2	16	0	18	6	2	22
37	2	16	1	18	6	3	inf
37	2	16	3	18	6	2	15
37	2	16	4	18	6	2	22
37	2	17	0	18	6	2	1
37	2	17	1	18	6	2	28
37	2	17	3	18	6	2	36
37	2	17	4	18	6	2	9
41	1	0	0	18	3	2	1
41	1	1	0	18	3	2	31
41	1	1	1	18	3	3	inf
41	1	1	2	18	3	3	inf
41	1	2	2	18	3	2	40
41	1	3	1	18	3	2	40
41	1	4	0	18	3	2	31
41	1	4	1	18	3	2	10
41	1	4	2	18	3	3	inf
41	1	5	0	18	3	2	1
41	1	6	2	18	3	2	1
41	1	7	0	18	3	3	inf
41	1	7	1	18	3	3	inf
41	1	7	2	18	3	2	31
41	1	8	1	18	3	2	40
41	1	9	0	18	3	2	40
41	1	10	0	18	3	2	10
41	1	10	1	18	3	3	inf
41	1	10	2	18	3	2	31
41	1	11	2	18	3	2	1
41	1	12	1	18	3	2	1
41	1	13	0	18	3	3	inf
41	1	13	1	18	3	2	31
41	1	13	2	18	3	3	inf
41	1	14	0	18	3	2	40
41	1	15	2	18	3	2	40
41	1	16	0	18	3	3	inf
41	1	16	1	18	3	2	31
41	1	16	2	18	3	2	10
41	1	17	1	18	3	2	1
41	2	0	0	18	3	2	40
41	2	1	0	18	3	2	10
41	2	1	1	18	3	3	inf
41	2	1	2	18	3	2	31
41	2	2	2	18	3	2	1
41	2	3	1	18	3	2	1
41	2	4	0	18	3	3	inf
41	2	4	1	18	3	2	31
41	2	4	2	18	3	3	inf
41	2	5	0	18	3	2	40
41	2	6	2	18	3	2	40
41	2	7	0	18	3	3	inf
41	2	7	1	18	3	2	31
41	2	7	2	18	3	2	10
41	2	8	1	18	3	2	1
41	2	9	0	18	3	2	1
41	2	10	0	18	3	2	31
41	2	10	1	18	3	3	inf
41	2	10	2	18	3	3	inf
41	2	11	2	18	3	2	40
41	2	12	1	18	3	2	40
41	2	13	0	18	3	2	31
41	2	13	1	18	3	2	10
41	2	13	2	18	3	3	inf
41	2	14	0	18	3	2	1
41	2	15	2	18	3	2	1
41	2	16	0	18	3	3	inf
41	2	16	1	18	3	3	inf
41	2	16	2	18	3	2	31
41	2	17	1	18	3	2	40
43	1	0	7	26	26	2	40
43	1	0	9	26	26	2	19
43	1	0	10	26	26	2	24
43	1	0	12	26	26	2	3
43	1	0	20	26	26	3	inf
43	1	0	22	26	26	2	24
43	1	0	23	26	26	2	19
43	1	0	25	26	26	2	40
43	1	1	0	26	26	2	19
43	1	1	2	26	26	2	40
43	1	1	10	26	26	2	40
43	1	1	12	26	26	2	19
43	1	1	13	26	26	2	24
43	1	1	15	26	26	2	3
43	1	1	23	26	26	3	inf
43	1	1	25	26	26	2	24
43	1	2	0	26	26	3	inf
43	1	2	2	26	26	2	24
43	1	2	3	26	26	2	19
43	1	2	5	26	26	2	40
43	1	2	13	26	26	2	40
43	1	2	15	26	26	2	19
43	1	2	16	26	26	2	24
43	1	2	18	26	26	2	3
43	1	3	3	26	26	3	inf
43	1	3	5	26	26	2	24
43	1	3	6	26	26	2	19
43	1	3	8	26	26	2	40
43	1	3	16	26	26	2	40
43	1	3	18	26	26	2	19
43	1	3	19	26	26	2	24
43	1	3	21	26	26	2	3
43	1	4	6	26	26	3	inf
43	1	4	8	26	26	2	24
43	1	4	9	26	26	2	19
43	1	4	11	26	26	2	40
43	1	4	19	26	26	2	40
43	1	4	21	26	26	2	19
43	1	4	22	26	26	2	24
43	1	4	24	26	26	2	3
43	1	5	1	26	26	2	3
43	1	5	9	26	26	3	inf
43	1	5	11	26	26	2	24
43	1	5	12	26	26	2	19
43	1	5	14	26	26	2	40
43	1	5	22	26	26	2	40
43	1	5	24	26	26	2	19
43	1	5	25	26	26	2	24
43	1	6	1	26	26	2	19
43	1	6	2	26	26	2	24
43	1	6	4	26	26	2	3
43	1	6	12	26	26	3	inf
43	1	6	14	26	26	2	24
43	1	6	15	26	26	2	19
43	1	6	17	26	26	2	40
43	1	6	25	26	26	2	40
43	1	7	2	26	26	2	40
43	1	7	4	26	26	2	19
43	1	7	5	26	26	2	24
43	1	7	7	26	26	2	3
43	1	7	15	26	26	3	inf
43	1	7	17	26	26	2	24
43	1	7	18	26	26	2	19
43	1	7	20	26	26	2	40
43	1	8	5	26	26	2	40
43	1	8	7	26	26	2	19
43	1	8	8	26	26	2	24
43	1	8	10	26	26	2	3
43	1	8	18	26	26	3	inf
43	1	8	20	26	26	2	24
43	1	8	21	26	26	2	19
43	1	8	23	26	26	2	40
43	1	9	0	26	26	2	40
43	1	9	8	26	26	2	40
43	1	9	10	26	26	2	19
43	1	9	11	26	26	2	24
43	1	9	13	26	26	2	3
43	1	9	21	26	26	3	inf
43	1	9	23	26	26	2	24
43	1	9	24	26	26	2	19
43	1	10	0	26	26	2	24
43	1	10	1	26	26	2	19
43	1	10	3	26	26	2	40
43	1	10	11	26	26	2	40
43	1	10	13	26	26	2	19
43	1	10	14	26	26	2	24
43	1	10	16	26	26	2	3
43	1	10	24	26	26	3	inf
43	1	11	1	26	26	3	inf
43	1	11	3	26	26	2	24
43	1	11	4	26	26	2	19
43	1	11	6	26	26	2	40
43	1	11	14	26	26	2	40
43	1	11	16	26	26	2	19
43	1	11	17	26	26	2	24
43	1	11	19	26	26	2	3
43	1	12	4	26	26	3	inf
43	1	12	6	26	26	2	24
43	1	12	7	26	26	2	19
43	1	12	9	26	26	2	40
43	1	12	17	26	26	2	40
43	1	12	19	26	26	2	19
43	1	12	20	26	26	2	24
43	1	12	22	26	26	2	3
43	1	13	7	26	26	3	inf
43	1	13	9	26	26	2	24
43	1	13	10	26	26	2	19
43	1	13	12	26	26	2	40
43	1	13	20	26	26	2	40
43	1	13	22	26	26	2	19
43	1	13	23	26	26	2	24
43	1	13	25	26	26	2	3
43	1	14	0	26	26	2	24
43	1	14	2	26	26	2	3
43	1	14	10	26	26	3	inf
43	1	14	12	26	26	2	24
43	1	14	13	26	26	2	19
43	1	14	15	26	26	2	40
43	1	14	23	26	26	2	40
43	1	14	25	26	26	2	19
43	1	15	0	26	26	2	40
43	1	15	2	26	26	2	19
43	1	15	3	26	26	2	24
43	1	15	5	26	26	2	3
43	1	15	13	26	26	3	inf
43	1	15	15	26	26	2	24
43	1	15	16	26	26	2	19
43	1	15	18	26	26	2	40
43	1	16	3	26	26	2	40
43	1	16	5	26	26	2	19
43	1	16	6	26	26	2	24
43	1	16	8	26	26	2	3
43	1	16	16	26	26	3	inf
43	1	16	18	26	26	2	24
43	1	16	19	26	26	2	19
43	1	16	21	26	26	2	40
43	1	17	6	26	26	2	40
43	1	17	8	26	26	2	19
43	1	17	9	26	26	2	24
43	1	17	11	26	26	2	3
43	1	17	19	26	26	3	inf
43	1	17	21	26	26	2	24
43	1	17	22	26	26	2	19
43	1	17	24	26	26	2	40
43	1	18	1	26	26	2	40
43	1	18	9	26	26	2	40
43	1	18	11	26	26	2	19
43	1	18	12	26	26	2	24
43	1	18	14	26	26	2	3
43	1	18	22	26	26	3	inf
43	1	18	24	26	26	2	24
43	1	18	25	26	26	2	19
43	1	19	1	26	26	2	24
43	1	19	2	26	26	2	19
43	1	19	4	26	26	2	40
43	1	19	12	26	26	2	40
43	1	19	14	26	26	2	19
43	1	19	15	26	26	2	24
43	1	19	17	26	26	2	3
43	1	19	25	26	26	3	inf
43	1	20	2	26	26	3	inf
43	1	20	4	26	26	2	24
43	1	20	5	26	26	2	19
43	1	20	7	26	26	2	40
43	1	20	15	26	26	2	40
43	1	20	17	26	26	2	19
43	1	20	18	26	26	2	24
43	1	20	20	26	26	2	3
43	1	21	5	26	26	3	inf
43	1	21	7	26	26	2	24
43	1	21	8	26	26	2	19
43	1	21	10	26	26	2	40
43	1	21	18	26	26	2	40
43	1	21	20	26	26	2	19
43	1	21	21	26	26	2	24
43	1	21	23	26	26	2	3
43	1	22	0	26	26	2	3
43	1	22	8	26	26	3	inf
43	1	22	10	26	26	2	24
43	1	22	11	26	26	2	19
43	1	22	13	26	26	2	40
43	1	22	21	26	26	2	40
43	1	22	23	26	26	2	19
43	1	22	24	26	26	2	24
43	1	23	0	26	26	2	19
43	1	23	1	26	26	2	24
43	1	23	3	26	26	2	3
43	1	23	11	26	26	3	inf
43	1	23	13	26	26	2	24
43	1	23	14	26	26	2	19
43	1	23	16	26	26	2	40
43	1	23	24	26	26	2	40
43	1	24	1	26	26	2	40
43	1	24	3	26	26	2	19
43	1	24	4	26	26	2	24
43	1	24	6	26	26	2	3
43	1	24	14	26	26	3	inf
43	1	24	16	26	26	2	24
43	1	24	17	26	26	2	19
43	1	24	19	26	26	2	40
43	1	25	4	26	26	2	40
43	1	25	6	26	26	2	19
43	1	25	7	26	26	2	24
43	1	25	9	26	26	2	3
43	1	25	17	26	26	3	inf
43	1	25	19	26	26	2	24
43	1	25	20	26	26	2	19
43	1	25	22	26	26	2	40
43	2	0	7	26	26	3	inf
43	2	0	9	26	26	2	24
43	2	0	10	26	26	2	19
43	2	0	12	26	26	2	40
43	2	0	20	26	26	2	40
43	2	0	22	26	26	2	19
43	2	0	23	26	26	2	24
43	2	0	25	26	26	2	3
43	2	1	0	26	26	2	24
43	2	1	2	26	26	2	3
43	2	1	10	26	26	3	inf
43	2	1	12	26	26	2	24
43	2	1	13	26	26	2	19
43	2	1	15	26	26	2	40
43	2	1	23	26	26	2	40
43	2	1	25	26	26	2	19
43	2	2	0	26	26	2	40
43	2	2	2	26	26	2	19
43	2	2	3	26	26	2	24
43	2	2	5	26	26	2	3
43	2	2	13	26	26	3	inf
43	2	2	15	26	26	2	24
43	2	2	16	26	26	2	19
43	2	2	18	26	26	2	40
43	2	3	3	26	26	2	40
43	2	3	5	26	26	2	19
43	2	3	6	26	26	2	24
43	2	3	8	26	26	2	3
43	2	3	16	26	26	3	inf
43	2	3	18	26	26	2	24
43	2	3	19	26	26	2	19
43	2	3	21	26	26	2	40
43	2	4	6	26	26	2	40
43	2	4	8	26	26	2	19
43	2	4	9	26	26	2	24
43	2	4	11	26	26	2	3
43	2	4	19	26	26	3	inf
43	2	4	21	26	26	2	24
43	2	4	22	26	26	2	19
43	2	4	24	26	26	2	40
43	2	5	1	26	26	2	40
43	2	5	9	26	26	2	40
43	2	5	11	26	26	2	19
43	2	5	12	26	26	2	24
43	2	5	14	26	26	2	3
43	2	5	22	26	26	3	inf
43	2	5	24	26	26	2	24
43	2	5	25	26	26	2	19
43	2	6	1	26	26	2	24
43	2	6	2	26	26	2	19
43	2	6	4	26	26	2	40
43	2	6	12	26	26	2	40
43	2	6	14	26	26	2	19
43	2	6	15	26	26	2	24
43	2	6	17	26	26	2	3
43	2	6	25	26	26	3	inf
43	2	7	2	26	26	3	inf
43	2	7	4	26	26	2	24
43	2	7	5	26	26	2	19
43	2	7	7	26	26	2	40
43	2	7	15	26	26	2	40
43	2	7	17	26	26	2	19
43	2	7	18	26	26	2	24
43	2	7	20	26	26	2	3
43	2	8	5	26	26	3	inf
43	2	8	7	26	26	2	24
43	2	8	8	26	26	2	19
43	2	8	10	26	26	2	40
43	2	8	18	26	26	2	40
43	2	8	20	26	26	2	19
43	2	8	21	26	26	2	24
43	2	8	23	26	26	2	3
43	2	9	0	26	26	2	3
43	2	9	8	26	26	3	inf
43	2	9	10	26	26	2	24
43	2	9	11	26	26	2	19
43	2	9	13	26	26	2	40
43	2	9	21	26	26	2	40
43	2	9	23	26	26	2	19
43	2	9	24	26	26	2	24
43	2	10	0	26	26	2	19
43	2	10	1	26	26	2	24
43	2	10	3	26	26	2	3
43	2	10	11	26	26	3	inf
43	2	10	13	26	26	2	24
43	2	10	14	26	26	2	19
43	2	10	16	26	26	2	40
43	2	10	24	26	26	2	40
43	2	11	1	26	26	2	40
43	2	11	3	26	26	2	19
43	2	11	4	26	26	2	24
43	2	11	6	26	26	2	3
43	2	11	14	26	26	3	inf
43	2	11	16	26	26	2	24
43	2	11	17	26	26	2	19
43	2	11	19	26	26	2	40
43	2	12	4	26	26	2	40
43	2	12	6	26	26	2	19
43	2	12	7	26	26	2	24
43	2	12	9	26	26	2	3
43	2	12	17	26	26	3	inf
43	2	12	19	26	26	2	24
43	2	12	20	26	26	2	19
43	2	12	22	26	26	2	40
43	2	13	7	26	26	2	40
43	2	13	9	26	26	2	19
43	2	13	10	26	26	2	24
43	2	13	12	26	26	2	3
43	2	13	20	26	26	3	inf
43	2	13	22	26	26	2	24
43	2	13	23	26	26	2	19
43	2	13	25	26	26	2	40
43	2	14	0	26	26	2	19
43	2	14	2	26	26	2	40
43	2	14	10	26	26	2	40
43	2	14	12	26	26	2	19
43	2	14	13	26	26	2	24
43	2	14	15	26	26	2	3
43	2	14	23	26	26	3	inf
43	2	14	25	26	26	2	24
43	2	15	0	26	26	3	inf
43	2	15	2	26	26	2	24
43	2	15	3	26	26	2	19
43	2	15	5	26	26	2	40
43	2	15	13	26	26	2	40
43	2	15	15	26	26	2	19
43	2	15	16	26	26	2	24
43	2	15	18	26	26	2	3
43	2	16	3	26	26	3	inf
43	2	16	5	26	26	2	24
43	2	16	6	26	26	2	19
43	2	16	8	26	26	2	40
43	2	16	16	26	26	2	40
43	2	16	18	26	26	2	19
43	2	16	19	26	26	2	24
43	2	16	21	26	26	2	3
43	2	17	6	26	26	3	inf
43	2	17	8	26	26	2	24
43	2	17	9	26	26	2	19
43	2	17	11	26	26	2	40
43	2	17	19	26	26	2	40
43	2	17	21	26	26	2	19
43	2	17	22	26	26	2	24
43	2	17	24	26	26	2	3
43	2	18	1	26	26	2	3
43	2	18	9	26	26	3	inf
43	2	18	11	26	26	2	24
43	2	18	12	26	26	2	19
43	2	18	14	26	26	2	40
43	2	18	22	26	26	2	40
43	2	18	24	26	26	2	19
43	2	18	25	26	26	2	24
43	2	19	1	26	26	2	19
43	2	19	2	26	26	2	24
43	2	19	4	26	26	2	3
43	2	19	12	26	26	3	inf
43	2	19	14	26	26	2	24
43	2	19	15	26	26	2	19
43	2	19	17	26	26	2	40
43	2	19	25	26	26	2	40
43	2	20	2	26	26	2	40
43	2	20	4	26	26	2	19
43	2	20	5	26	26	2	24
43	2	20	7	26	26	2	3
43	2	20	15	26	26	3	inf
43	2	20	17	26	26	2	24
43	2	20	18	26	26	2	19
43	2	20	20	26	26	2	40
43	2	21	5	26	26	2	40
43	2	21	7	26	26	2	19
43	2	21	8	26	26	2	24
43	2	21	10	26	26	2	3
43	2	21	18	26	26	3	inf
43	2	21	20	26	26	2	24
43	2	21	21	26	26	2	19
43	2	21	23	26	26	2	40
43	2	22	0	26	26	2	40
43	2	22	8	26	26	2	40
43	2	22	10	26	26	2	19
43	2	22	11	26	26	2	24
43	2	22	13	26	26	2	3
43	2	22	21	26	26	3	inf
43	2	22	23	26	26	2	24
43	2	22	24	26	26	2	19
43	2	23	0	26	26	2	24
43	2	23	1	26	26	2	19
43	2	23	3	26	26	2	40
43	2	23	11	26	26	2	40
43	2	23	13	26	26	2	19
43	2	23	14	26	26	2	24
43	2	23	16	26	26	2	3
43	2	23	24	26	26	3	inf
43	2	24	1	26	26	3	inf
43	2	24	3	26	26	2	24
43	2	24	4	26	26	2	19
43	2	24	6	26	26	2	40
43	2	24	14	26	26	2	40
43	2	24	16	26	26	2	19
43	2	24	17	26	26	2	24
43	2	24	19	26	26	2	3
43	2	25	4	26	26	3	inf
43	2	25	6	26	26	2	24
43	2	25	7	26	26	2	19
43	2	25	9	26	26	2	40
43	2	25	17	26	26	2	40
43	2	25	19	26	26	2	19
43	2	25	20	26	26	2	24
43	2	25	22	26	26	2	3
47	1	0	4	24	24	2	9
47	1	0	6	24	24	2	11
47	1	0	7	24	24	2	36
47	1	0	9	24	24	2	38
47	1	0	16	24	24	2	38
47	1	0	18	24	24	2	36
47	1	0	19	24	24	2	11
47	1	0	21	24	24	2	9
47	1	0	23	24	24	3	inf
47	1	1	0	24	24	2	11
47	1	1	2	24	24	2	9
47	1	1	4	24	24	3	inf
47	1	1	9	24	24	2	9
47	1	1	11	24	24	2	11
47	1	1	12	24	24	2	36
47	1	1	14	24	24	2	38
47	1	1	21	24	24	2	38
47	1	1	23	24	24	2	36
47	1	2	2	24	24	2	38
47	1	2	4	24	24	2	36
47	1	2	5	24	24	2	11
47	1	2	7	24	24	2	9
47	1	2	9	24	24	3	inf
47	1	2	14	24	24	2	9
47	1	2	16	24	24	2	11
47	1	2	17	24	24	2	36
47	1	2	19	24	24	2	38
47	1	3	0	24	24	2	38
47	1	3	7	24	24	2	38
47	1	3	9	24	24	2	36
47	1	3	10	24	24	2	11
47	1	3	12	24	24	2	9
47	1	3	14	24	24	3	inf
47	1	3	19	24	24	2	9
47	1	3	21	24	24	2	11
47	1	3	22	24	24	2	36
47	1	4	0	24	24	2	9
47	1	4	2	24	24	2	11
47	1	4	3	24	24	2	36
47	1	4	5	24	24	2	38
47	1	4	12	24	24	2	38
47	1	4	14	24	24	2	36
47	1	4	15	24	24	2	11
47	1	4	17	24	24	2	9
47	1	4	19	24	24	3	inf
47	1	5	0	24	24	3	inf
47	1	5	5	24	24	2	9
47	1	5	7	24	24	2	11
47	1	5	8	24	24	2	36
47	1	5	10	24	24	2	38
47	1	5	17	24	24	2	38
47	1	5	19	24	24	2	36
47	1	5	20	24	24	2	11
47	1	5	22	24	24	2	9
47	1	6	0	24	24	2	36
47	1	6	1	24	24	2	11
47	1	6	3	24	24	2	9
47	1	6	5	24	24	3	inf
47	1	6	10	24	24	2	9
47	1	6	12	24	24	2	11
47	1	6	13	24	24	2	36
47	1	6	15	24	24	2	38
47	1	6	22	24	24	2	38
47	1	7	3	24	24	2	38
47	1	7	5	24	24	2	36
47	1	7	6	24	24	2	11
47	1	7	8	24	24	2	9
47	1	7	10	24	24	3	inf
47	1	7	15	24	24	2	9
47	1	7	17	24	24	2	11
47	1	7	18	24	24	2	36
47	1	7	20	24	24	2	38
47	1	8	1	24	24	2	38
47	1	8	8	24	24	2	38
47	1	8	10	24	24	2	36
47	1	8	11	24	24	2	11
47	1	8	13	24	24	2	9
47	1	8	15	24	24	3	inf
47	1	8	20	24	24	2	9
47	1	8	22	24	24	2	11
47	1	8	23	24	24	2	36
47	1	9	1	24	24	2	9
47	1	9	3	24	24	2	11
47	1	9	4	24	24	2	36
47	1	9	6	24	24	2	38
47	1	9	13	24	24	2	38
47	1	9	15	24	24	2	36
47	1	9	16	24	24	2	11
47	1	9	18	24	24	2	9
47	1	9	20	24	24	3	inf
47	1	10	1	24	24	3	inf
47	1	10	6	24	24	2	9
47	1	10	8	24	24	2	11
47	1	10	9	24	24	2	36
47	1	10	11	24	24	2	38
47	1	10	18	24	24	2	38
47	1	10	20	24	24	2	36
47	1	10	21	24	24	2	11
47	1	10	23	24	24	2	9
47	1	11	1	24	24	2	36
47	1	11	2	24	24	2	11
47	1	11	4	24	24	2	9
47	1	11	6	24	24	3	inf
47	1	11	11	24	24	2	9
47	1	11	13	24	24	2	11
47	1	11	14	24	24	2	36
47	1	11	16	24	24	2	38
47	1	11	23	24	24	2	38
47	1	12	4	24	24	2	38
47	1	12	6	24	24	2	36
47	1	12	7	24	24	2	11
47	1	12	9	24	24	2	9
47	1	12	11	24	24	3	inf
47	1	12	16	24	24	2	9
47	1	12	18	24	24	2	11
47	1	12	19	24	24	2	36
47	1	12	21	24	24	2	38
47	1	13	0	24	24	2	36
47	1	13	2	24	24	2	38
47	1	13	9	24	24	2	38
47	1	13	11	24	24	2	36
47	1	13	12	24	24	2	11
47	1	13	14	24	24	2	9
47	1	13	16	24	24	3	inf
47	1	13	21	24	24	2	9
47	1	13	23	24	24	2	11
47	1	14	2	24	24	2	9
47	1	14	4	24	24	2	11
47	1	14	5	24	24	2	36
47	1	14	7	24	24	2	38
47	1	14	14	24	24	2	38
47	1	14	16	24	24	2	36
47	1	14	17	24	24	2	11
47	1	14	19	24	24	2	9
47	1	14	21	24	24	3	inf
47	1	15	0	24	24	2	9
47	1	15	2	24	24	3	inf
47	1	15	7	24	24	2	9
47	1	15	9	24	24	2	11
47	1	15	10	24	24	2	36
47	1	15	12	24	24	2	38
47	1	15	19	24	24	2	38
47	1	15	21	24	24	2	36
47	1	15	22	24	24	2	11
47	1	16	0	24	24	2	38
47	1	16	2	24	24	2	36
47	1	16	3	24	24	2	11
47	1	16	5	24	24	2	9
47	1	16	7	24	24	3	inf
47	1	16	12	24	24	2	9
47	1	16	14	24	24	2	11
47	1	16	15	24	24	2	36
47	1	16	17	24	24	2	38
47	1	17	5	24	24	2	38
47	1	17	7	24	24	2	36
47	1	17	8	24	24	2	11
47	1	17	10	24	24	2	9
47	1	17	12	24	24	3	inf
47	1	17	17	24	24	2	9
47	1	17	19	24	24	2	11
47	1	17	20	24	24	2	36
47	1	17	22	24	24	2	38
47	1	18	0	24	24	2	11
47	1	18	1	24	24	2	36
47	1	18	3	24	24	2	38
47	1	18	10	24	24	2	38
47	1	18	12	24	24	2	36
47	1	18	13	24	24	2	11
47	1	18	15	24	24	2	9
47	1	18	17	24	24	3	inf
47	1	18	22	24	24	2	9
47	1	19	3	24	24	2	9
47	1	19	5	24	24	2	11
47	1	19	6	24	24	2	36
47	1	19	8	24	24	2	38
47	1	19	15	24	24	2	38
47	1	19	17	24	24	2	36
47	1	19	18	24	24	2	11
47	1	19	20	24	24	2	9
47	1	19	22	24	24	3	inf
47	1	20	1	24	24	2	9
47	1	20	3	24	24	3	inf
47	1	20	8	24	24	2	9
47	1	20	10	24	24	2	11
47	1	20	11	24	24	2	36
47	1	20	13	24	24	2	38
47	1	20	20	24	24	2	38
47	1	20	22	24	24	2	36
47	1	20	23	24	24	2	11
47	1	21	1	24	24	2	38
47	1	21	3	24	24	2	36
47	1	21	4	24	24	2	11
47	1	21	6	24	24	2	9
47	1	21	8	24	24	3	inf
47	1	21	13	24	24	2	9
47	1	21	15	24	24	2	11
47	1	21	16	24	24	2	36
47	1	21	18	24	24	2	38
47	1	22	6	24	24	2	38
47	1	22	8	24	24	2	36
47	1	22	9	24	24	2	11
47	1	22	11	24	24	2	9
47	1	22	13	24	24	3	inf
47	1	22	18	24	24	2	9
47	1	22	20	24	24	2	11
47	1	22	21	24	24	2	36
47	1	22	23	24	24	2	38
47	1	23	1	24	24	2	11
47	1	23	2	24	24	2	36
47	1	23	4	24	24	2	38
47	1	23	11	24	24	2	38
47	1	23	13	24	24	2	36
47	1	23	14	24	24	2	11
47	1	23	16	24	24	2	9
47	1	23	18	24	24	3	inf
47	1	23	23	24	24	2	9
47	2	0	4	24	24	2	38
47	2	0	6	24	24	2	36
47	2	0	7	24	24	2	11
47	2	0	9	24	24	2	9
47	2	0	11	24	24	3	inf
47	2	0	16	24	24	2	9
47	2	0	18	24	24	2	11
47	2	0	19	24	24	2	36
47	2	0	21	24	24	2	38
47	2	1	0	24	24	2	36
47	2	1	2	24	24	2	38
47	2	1	9	24	24	2	38
47	2	1	11	24	24	2	36
47	2	1	12	24	24	2	11
47	2	1	14	24	24	2	9
47	2	1	16	24	24	3	inf
47	2	1	21	24	24	2	9
47	2	1	23	24	24	2	11
47	2	2	2	24	24	2	9
47	2	2	4	24	24	2	11
47	2	2	5	24	24	2	36
47	2	2	7	24	24	2	38
47	2	2	14	24	24	2	38
47	2	2	16	24	24	2	36
47	2	2	17	24	24	2	11
47	2	2	19	24	24	2	9
47	2	2	21	24	24	3	inf
47	2	3	0	24	24	2	9
47	2	3	2	24	24	3	inf
47	2	3	7	24	24	2	9
47	2	3	9	24	24	2	11
47	2	3	10	24	24	2	36
47	2	3	12	24	24	2	38
47	2	3	19	24	24	2	38
47	2	3	21	24	24	2	36
47	2	3	22	24	24	2	11
47	2	4	0	24	24	2	38
47	2	4	2	24	24	2	36
47	2	4	3	24	24	2	11
47	2	4	5	24	24	2	9
47	2	4	7	24	24	3	inf
47	2	4	12	24	24	2	9
47	2	4	14	24	24	2	11
47	2	4	15	24	24	2	36
47	2	4	17	24	24	2	38
47	2	5	5	24	24	2	38
47	2	5	7	24	24	2	36
47	2	5	8	24	24	2	11
47	2	5	10	24	24	2	9
47	2	5	12	24	24	3	inf
47	2	5	17	24	24	2	9
47	2	5	19	24	24	2	11
47	2	5	20	24	24	2	36
47	2	5	22	24	24	2	38
47	2	6	0	24	24	2	11
47	2	6	1	24	24	2	36
47	2	6	3	24	24	2	38
47	2	6	10	24	24	2	38
47	2	6	12	24	24	2	36
47	2	6	13	24	24	2	11
47	2	6	15	24	24	2	9
47	2	6	17	24	24	3	inf
47	2	6	22	24	24	2	9
47	2	7	3	24	24	2	9
47	2	7	5	24	24	2	11
47	2	7	6	24	24	2	36
47	2	7	8	24	24	2	38
47	2	7	15	24	24	2	38
47	2	7	17	24	24	2	36
47	2	7	18	24	24	2	11
47	2	7	20	24	24	2	9
47	2	7	22	24	24	3	inf
47	2	8	1	24	24	2	9
47	2	8	3	24	24	3	inf
47	2	8	8	24	24	2	9
47	2	8	10	24	24	2	11
47	2	8	11	24	24	2	36
47	2	8	13	24	24	2	38
47	2	8	20	24	24	2	38
47	2	8	22	24	24	2	36
47	2	8	23	24	24	2	11
47	2	9	1	24	24	2	38
47	2	9	3	24	24	2	36
47	2	9	4	24	24	2	11
47	2	9	6	24	24	2	9
47	2	9	8	24	24	3	inf
47	2	9	13	24	24	2	9
47	2	9	15	24	24	2	11
47	2	9	16	24	24	2	36
47	2	9	18	24	24	2	38
47	2	10	6	24	24	2	38
47	2	10	8	24	24	2	36
47	2	10	9	24	24	2	11
47	2	10	11	24	24	2	9
47	2	10	13	24	24	3	inf
47	2	10	18	24	24	2	9
47	2	10	20	24	24	2	11
47	2	10	21	24	24	2	36
47	2	10	23	24	24	2	38
47	2	11	1	24	24	2	11
47	2	11	2	24	24	2	36
47	2	11	4	24	24	2	38
47	2	11	11	24	24	2	38
47	2	11	13	24	24	2	36
47	2	11	14	24	24	2	11
47	2	11	16	24	24	2	9
47	2	11	18	24	24	3	inf
47	2	11	23	24	24	2	9
47	2	12	4	24	24	2	9
47	2	12	6	24	24	2	11
47	2	12	7	24	24	2	36
47	2	12	9	24	24	2	38
47	2	12	16	24	24	2	38
47	2	12	18	24	24	2	36
47	2	12	19	24	24	2	11
47	2	12	21	24	24	2	9
47	2	12	23	24	24	3	inf
47	2	13	0	24	24	2	11
47	2	13	2	24	24	2	9
47	2	13	4	24	24	3	inf
47	2	13	9	24	24	2	9
47	2	13	11	24	24	2	11
47	2	13	12	24	24	2	36
47	2	13	14	24	24	2	38
47	2	13	21	24	24	2	38
47	2	13	23	24	24	2	36
47	2	14	2	24	24	2	38
47	2	14	4	24	24	2	36
47	2	14	5	24	24	2	11
47	2	14	7	24	24	2	9
47	2	14	9	24	24	3	inf
47	2	14	14	24	24	2	9
47	2	14	16	24	24	2	11
47	2	14	17	24	24	2	36
47	2	14	19	24	24	2	38
47	2	15	0	24	24	2	38
47	2	15	7	24	24	2	38
47	2	15	9	24	24	2	36
47	2	15	10	24	24	2	11
47	2	15	12	24	24	2	9
47	2	15	14	24	24	3	inf
47	2	15	19	24	24	2	9
47	2	15	21	24	24	2	11
47	2	15	22	24	24	2	36
47	2	16	0	24	24	2	9
47	2	16	2	24	24	2	11
47	2	16	3	24	24	2	36
47	2	16	5	24	24	2	38
47	2	16	12	24	24	2	38
47	2	16	14	24	24	2	36
47	2	16	15	24	24	2	11
47	2	16	17	24	24	2	9
47	2	16	19	24	24	3	inf
47	2	17	0	24	24	3	inf
47	2	17	5	24	24	2	9
47	2	17	7	24	24	2	11
47	2	17	8	24	24	2	36
47	2	17	10	24	24	2	38
47	2	17	17	24	24	2	38
47	2	17	19	24	24	2	36
47	2	17	20	24	24	2	11
47	2	17	22	24	24	2	9
47	2	18	0	24	24	2	36
47	2	18	1	24	24	2	11
47	2	18	3	24	24	2	9
47	2	18	5	24	24	3	inf
47	2	18	10	24	24	2	9
47	2	18	12	24	24	2	11
47	2	18	13	24	24	2	36
47	2	18	15	24	24	2	38
47	2	18	22	24	24	2	38
47	2	19	3	24	24	2	38
47	2	19	5	24	24	2	36
47	2	19	6	24	24	2	11
47	2	19	8	24	24	2	9
47	2	19	10	24	24	3	inf
47	2	19	15	24	24	2	9
47	2	19	17	24	24	2	11
47	2	19	18	24	24	2	36
47	2	19	20	24	24	2	38
47	2	20	1	24	24	2	38
47	2	20	8	24	24	2	38
47	2	20	10	24	24	2	36
47	2	20	11	24	24	2	11
47	2	20	13	24	24	2	9
47	2	20	15	24	24	3	inf
47	2	20	20	24	24	2	9
47	2	20	22	24	24	2	11
47	2	20	23	24	24	2	36
47	2	21	1	24	24	2	9
47	2	21	3	24	24	2	11
47	2	21	4	24	24	2	36
47	2	21	6	24	24	2	38
47	2	21	13	24	24	2	38
47	2	21	15	24	24	2	36
47	2	21	16	24	24	2	11
47	2	21	18	24	24	2	9
47	2	21	20	24	24	3	inf
47	2	22	1	24	24	3	inf
47	2	22	6	24	24	2	9
47	2	22	8	24	24	2	11
47	2	22	9	24	24	2	36
47	2	22	11	24	24	2	38
47	2	22	18	24	24	2	38
47	2	22	20	24	24	2	36
47	2	22	21	24	24	2	11
47	2	22	23	24	24	2	9
47	2	23	1	24	24	2	36
47	2	23	2	24	24	2	11
47	2	23	4	24	24	2	9
47	2	23	6	24	24	3	inf
47	2	23	11	24	24	2	9
47	2	23	13	24	24	2	11
47	2	23	14	24	24	2	36
47	2	23	16	24	24	2	38
47	2	23	23	24	24	2	38
53	1	0	8	26	13	3	inf
53	1	1	6	26	13	3	inf
53	1	1	8	26	13	3	inf
53	1	2	4	26	13	3	inf
53	1	3	2	26	13	3	inf
53	1	3	4	26	13	3	inf
53	1	4	0	26	13	3	inf
53	1	5	0	26	13	3	inf
53	1	5	11	26	13	3	inf
53	1	6	9	26	13	3	inf
53	1	7	7	26	13	3	inf
53	1	7	9	26	13	3	inf
53	1	8	5	26	13	3	inf
53	1	9	3	26	13	3	inf
53	1	9	5	26	13	3	inf
53	1	10	1	26	13	3	inf
53	1	11	1	26	13	3	inf
53	1	11	12	26	13	3	inf
53	1	12	10	26	13	3	inf
53	1	13	8	26	13	3	inf
53	1	13	10	26	13	3	inf
53	1	14	6	26	13	3	inf
53	1	15	4	26	13	3	inf
53	1	15	6	26	13	3	inf
53	1	16	2	26	13	3	inf
53	1	17	0	26	13	3	inf
53	1	17	2	26	13	3	inf
53	1	18	11	26	13	3	inf
53	1	19	9	26	13	3	inf
53	1	19	11	26	13	3	inf
53	1	20	7	26	13	3	inf
53	1	21	5	26	13	3	inf
53	1	21	7	26	13	3	inf
53	1	22	3	26	13	3	inf
53	1	23	1	26	13	3	inf
53	1	23	3	26	13	3	inf
53	1	24	12	26	13	3	inf
53	1	25	10	26	13	3	inf
53	1	25	12	26	13	3	inf
53	2	0	8	26	13	3	inf
53	2	0	10	26	13	3	inf
53	2	1	6	26	13	3	inf
53	2	2	4	26	13	3	inf
53	2	2	6	26	13	3	inf
53	2	3	2	26	13	3	inf
53	2	4	0	26	13	3	inf
53	2	4	2	26	13	3	inf
53	2	5	11	26	13	3	inf
53	2	6	9	26	13	3	inf
53	2	6	11	26	13	3	inf
53	2	7	7	26	13	3	inf
53	2	8	5	26	13	3	inf
53	2	8	7	26	13	3	inf
53	2	9	3	26	13	3	inf
53	2	10	1	26	13	3	inf
53	2	10	3	26	13	3	inf
53	2	11	12	26	13	3	inf
53	2	12	10	26	13	3	inf
53	2	12	12	26	13	3	inf
53	2	13	8	26	13	3	inf
53	2	14	6	26	13	3	inf
53	2	14	8	26	13	3	inf
53	2	15	4	26	13	3	inf
53	2	16	2	26	13	3	inf
53	2	16	4	26	13	3	inf
53	2	17	0	26	13	3	inf
53	2	18	0	26	13	3	inf
53	2	18	11	26	13	3	inf
53	2	19	9	26	13	3	inf
53	2	20	7	26	13	3	inf
53	2	20	9	26	13	3	inf
53	2	21	5	26	13	3	inf
53	2	22	3	26	13	3	inf
53	2	22	5	26	13	3	inf
53	2	23	1	26	13	3	inf
53	2	24	1	26	13	3	inf
53	2	24	12	26	13	3	inf
53	2	25	10	26	13	3	inf
59	1	0	0	34	17	2	1
59	1	0	1	34	17	3	24
59	1	0	3	34	17	2	39
59	1	0	4	34	17	2	20
59	1	0	6	34	17	3	35
59	1	0	7	34	17	2	58
59	1	0	8	34	17	2	15
59	1	0	9	34	17	2	36
59	1	0	12	34	17	3	inf
59	1	0	15	34	17	2	23
59	1	0	16	34	17	2	44
59	1	1	0	34	17	2	39
59	1	1	2	34	17	3	24
59	1	1	3	34	17	2	1
59	1	1	4	34	17	2	44
59	1	1	5	34	17	2	23
59	1	1	6	34	17	3	inf
59	1	1	8	34	17	3	inf
59	1	1	11	34	17	2	36
59	1	1	12	34	17	2	15
59	1	1	13	34	17	2	58
59	1	1	14	34	17	3	35
59	1	1	16	34	17	2	20
59	1	2	0	34	17	2	15
59	1	2	1	34	17	2	36
59	1	2	4	34	17	3	inf
59	1	2	7	34	17	2	23
59	1	2	8	34	17	2	44
59	1	2	9	34	17	2	1
59	1	2	10	34	17	3	24
59	1	2	12	34	17	2	39
59	1	2	13	34	17	2	20
59	1	2	15	34	17	3	35
59	1	2	16	34	17	2	58
59	1	3	0	34	17	3	inf
59	1	3	3	34	17	2	36
59	1	3	4	34	17	2	15
59	1	3	5	34	17	2	58
59	1	3	6	34	17	3	35
59	1	3	8	34	17	2	20
59	1	3	9	34	17	2	39
59	1	3	11	34	17	3	24
59	1	3	12	34	17	2	1
59	1	3	13	34	17	2	44
59	1	3	14	34	17	2	23
59	1	3	15	34	17	3	inf
59	1	4	0	34	17	2	44
59	1	4	1	34	17	2	1
59	1	4	2	34	17	3	24
59	1	4	4	34	17	2	39
59	1	4	5	34	17	2	20
59	1	4	7	34	17	3	35
59	1	4	8	34	17	2	58
59	1	4	9	34	17	2	15
59	1	4	10	34	17	2	36
59	1	4	13	34	17	3	inf
59	1	4	16	34	17	2	23
59	1	5	0	34	17	2	20
59	1	5	1	34	17	2	39
59	1	5	3	34	17	3	24
59	1	5	4	34	17	2	1
59	1	5	5	34	17	2	44
59	1	5	6	34	17	2	23
59	1	5	7	34	17	3	inf
59	1	5	9	34	17	3	inf
59	1	5	12	34	17	2	36
59	1	5	13	34	17	2	15
59	1	5	14	34	17	2	58
59	1	5	15	34	17	3	35
59	1	6	0	34	17	2	58
59	1	6	1	34	17	2	15
59	1	6	2	34	17	2	36
59	1	6	5	34	17	3	inf
59	1	6	8	34	17	2	23
59	1	6	9	34	17	2	44
59	1	6	10	34	17	2	1
59	1	6	11	34	17	3	24
59	1	6	13	34	17	2	39
59	1	6	14	34	17	2	20
59	1	6	16	34	17	3	35
59	1	7	1	34	17	3	inf
59	1	7	4	34	17	2	36
59	1	7	5	34	17	2	15
59	1	7	6	34	17	2	58
59	1	7	7	34	17	3	35
59	1	7	9	34	17	2	20
59	1	7	10	34	17	2	39
59	1	7	12	34	17	3	24
59	1	7	13	34	17	2	1
59	1	7	14	34	17	2	44
59	1	7	15	34	17	2	23
59	1	7	16	34	17	3	inf
59	1	8	0	34	17	2	23
59	1	8	1	34	17	2	44
59	1	8	2	34	17	2	1
59	1	8	3	34	17	3	24
59	1	8	5	34	17	2	39
59	1	8	6	34	17	2	20
59	1	8	8	34	17	3	35
59	1	8	9	34	17	2	58
59	1	8	10	34	17	2	15
59	1	8	11	34	17	2	36
59	1	8	14	34	17	3	inf
59	1	9	1	34	17	2	20
59	1	9	2	34	17	2	39
59	1	9	4	34	17	3	24
59	1	9	5	34	17	2	1
59	1	9	6	34	17	2	44
59	1	9	7	34	17	2	23
59	1	9	8	34	17	3	inf
59	1	9	10	34	17	3	inf
59	1	9	13	34	17	2	36
59	1	9	14	34	17	2	15
59	1	9	15	34	17	2	58
59	1	9	16	34	17	3	35
59	1	10	0	34	17	3	35
59	1	10	1	34	17	2	58
59	1	10	2	34	17	2	15
59	1	10	3	34	17	2	36
59	1	10	6	34	17	3	inf
59	1	10	9	34	17	2	23
59	1	10	10	34	17	2	44
59	1	10	11	34	17	2	1
59	1	10	12	34	17	3	24
59	1	10	14	34	17	2	39
59	1	10	15	34	17	2	20
59	1	11	0	34	17	3	inf
59	1	11	2	34	17	3	inf
59	1	11	5	34	17	2	36
59	1	11	6	34	17	2	15
59	1	11	7	34	17	2	58
59	1	11	8	34	17	3	35
59	1	11	10	34	17	2	20
59	1	11	11	34	17	2	39
59	1	11	13	34	17	3	24
59	1	11	14	34	17	2	1
59	1	11	15	34	17	2	44
59	1	11	16	34	17	2	23
59	1	12	1	34	17	2	23
59	1	12	2	34	17	2	44
59	1	12	3	34	17	2	1
59	1	12	4	34	17	3	24
59	1	12	6	34	17	2	39
59	1	12	7	34	17	2	20
59	1	12	9	34	17	3	35
59	1	12	10	34	17	2	58
59	1	12	11	34	17	2	15
59	1	12	12	34	17	2	36
59	1	12	15	34	17	3	inf
59	1	13	0	34	17	3	35
59	1	13	2	34	17	2	20
59	1	13	3	34	17	2	39
59	1	13	5	34	17	3	24
59	1	13	6	34	17	2	1
59	1	13	7	34	17	2	44
59	1	13	8	34	17	2	23
59	1	13	9	34	17	3	inf
59	1	13	11	34	17	3	inf
59	1	13	14	34	17	2	36
59	1	13	15	34	17	2	15
59	1	13	16	34	17	2	58
59	1	14	1	34	17	3	35
59	1	14	2	34	17	2	58
59	1	14	3	34	17	2	15
59	1	14	4	34	17	2	36
59	1	14	7	34	17	3	inf
59	1	14	10	34	17	2	23
59	1	14	11	34	17	2	44
59	1	14	12	34	17	2	1
59	1	14	13	34	17	3	24
59	1	14	15	34	17	2	39
59	1	14	16	34	17	2	20
59	1	15	0	34	17	2	23
59	1	15	1	34	17	3	inf
59	1	15	3	34	17	3	inf
59	1	15	6	34	17	2	36
59	1	15	7	34	17	2	15
59	1	15	8	34	17	2	58
59	1	15	9	34	17	3	35
59	1	15	11	34	17	2	20
59	1	15	12	34	17	2	39
59	1	15	14	34	17	3	24
59	1	15	15	34	17	2	1
59	1	15	16	34	17	2	44
59	1	16	2	34	17	2	23
59	1	16	3	34	17	2	44
59	1	16	4	34	17	2	1
59	1	16	5	34	17	3	24
59	1	16	7	34	17	2	39
59	1	16	8	34	17	2	20
59	1	16	10	34	17	3	35
59	1	16	11	34	17	2	58
59	1	16	12	34	17	2	15
59	1	16	13	34	17	2	36
59	1	16	16	34	17	3	inf
59	1	17	0	34	17	2	58
59	1	17	1	34	17	3	35
59	1	17	3	34	17	2	20
59	1	17	4	34	17	2	39
59	1	17	6	34	17	3	24
59	1	17	7	34	17	2	1
59	1	17	8	34	17	2	44
59	1	17	9	34	17	2	23
59	1	17	10	34	17	3	inf
59	1	17	12	34	17	3	inf
59	1	17	15	34	17	2	36
59	1	17	16	34	17	2	15
59	1	18	0	34	17	2	20
59	1	18	2	34	17	3	35
59	1	18	3	34	17	2	58
59	1	18	4	34	17	2	15
59	1	18	5	34	17	2	36
59	1	18	8	34	17	3	inf
59	1	18	11	34	17	2	23
59	1	18	12	34	17	2	44
59	1	18	13	34	17	2	1
59	1	18	14	34	17	3	24
59	1	18	16	34	17	2	39
59	1	19	0	34	17	2	44
59	1	19	1	34	17	2	23
59	1	19	2	34	17	3	inf
59	1	19	4	34	17	3	inf
59	1	19	7	34	17	2	36
59	1	19	8	34	17	2	15
59	1	19	9	34	17	2	58
59	1	19	10	34	17	3	35
59	1	19	12	34	17	2	20
59	1	19	13	34	17	2	39
59	1	19	15	34	17	3	24
59	1	19	16	34	17	2	1
59	1	20	0	34	17	3	inf
59	1	20	3	34	17	2	23
59	1	20	4	34	17	2	44
59	1	20	5	34	17	2	1
59	1	20	6	34	17	3	24
59	1	20	8	34	17	2	39
59	1	20	9	34	17	2	20
59	1	20	11	34	17	3	35
59	1	20	12	34	17	2	58
59	1	20	13	34	17	2	15
59	1	20	14	34	17	2	36
59	1	21	0	34	17	2	15
59	1	21	1	34	17	2	58
59	1	21	2	34	17	3	35
59	1	21	4	34	17	2	20
59	1	21	5	34	17	2	39
59	1	21	7	34	17	3	24
59	1	21	8	34	17	2	1
59	1	21	9	34	17	2	44
59	1	21	10	34	17	2	23
59	1	21	11	34	17	3	inf
59	1	21	13	34	17	3	inf
59	1	21	16	34	17	2	36
59	1	22	0	34	17	2	39
59	1	22	1	34	17	2	20
59	1	22	3	34	17	3	35
59	1	22	4	34	17	2	58
59	1	22	5	34	17	2	15
59	1	22	6	34	17	2	36
59	1	22	9	34	17	3	inf
59	1	22	12	34	17	2	23
59	1	22	13	34	17	2	44
59	1	22	14	34	17	2	1
59	1	22	15	34	17	3	24
59	1	23	0	34	17	2	1
59	1	23	1	34	17	2	44
59	1	23	2	34	17	2	23
59	1	23	3	34	17	3	inf
59	1	23	5	34	17	3	inf
59	1	23	8	34	17	2	36
59	1	23	9	34	17	2	15
59	1	23	10	34	17	2	58
59	1	23	11	34	17	3	35
59	1	23	13	34	17	2	20
59	1	23	14	34	17	2	39
59	1	23	16	34	17	3	24
59	1	24	1	34	17	3	inf
59	1	24	4	34	17	2	23
59	1	24	5	34	17	2	44
59	1	24	6	34	17	2	1
59	1	24	7	34	17	3	24
59	1	24	9	34	17	2	39
59	1	24	10	34	17	2	20
59	1	24	12	34	17	3	35
59	1	24	13	34	17	2	58
59	1	24	14	34	17	2	15
59	1	24	15	34	17	2	36
59	1	25	0	34	17	2	36
59	1	25	1	34	17	2	15
59	1	25	2	34	17	2	58
59	1	25	3	34	17	3	35
59	1	25	5	34	17	2	20
59	1	25	6	34	17	2	39
59	1	25	8	34	17	3	24
59	1	25	9	34	17	2	1
59	1	25	10	34	17	2	44
59	1	25	11	34	17	2	23
59	1	25	12	34	17	3	inf
59	1	25	14	34	17	3	inf
59	1	26	1	34	17	2	39
59	1	26	2	34	17	2	20
59	1	26	4	34	17	3	35
59	1	26	5	34	17	2	58
59	1	26	6	34	17	2	15
59	1	26	7	34	17	2	36
59	1	26	10	34	17	3	inf
59	1	26	13	34	17	2	23
59	1	26	14	34	17	2	44
59	1	26	15	34	17	2	1
59	1	26	16	34	17	3	24
59	1	27	0	34	17	3	24
59	1	27	1	34	17	2	1
59	1	27	2	34	17	2	44
59	1	27	3	34	17	2	23
59	1	27	4	34	17	3	inf
59	1	27	6	34	17	3	inf
59	1	27	9	34	17	2	36
59	1	27	10	34	17	2	15
59	1	27	11	34	17	2	58
59	1	27	12	34	17	3	35
59	1	27	14	34	17	2	20
59	1	27	15	34	17	2	39
59	1	28	2	34	17	3	inf
59	1	28	5	34	17	2	23
59	1	28	6	34	17	2	44
59	1	28	7	34	17	2	1
59	1	28	8	34	17	3	24
59	1	28	10	34	17	2	39
59	1	28	11	34	17	2	20
59	1	28	13	34	17	3	35
59	1	28	14	34	17	2	58
59	1	28	15	34	17	2	15
59	1	28	16	34	17	2	36
59	1	29	1	34	17	2	36
59	1	29	2	34	17	2	15
59	1	29	3	34	17	2	58
59	1	29	4	34	17	3	35
59	1	29	6	34	17	2	20
59	1	29	7	34	17	2	39
59	1	29	9	34	17	3	24
59	1	29	10	34	17	2	1
59	1	29	11	34	17	2	44
59	1	29	12	34	17	2	23
59	1	29	13	34	17	3	inf
59	1	29	15	34	17	3	inf
59	1	30	0	34	17	3	24
59	1	30	2	34	17	2	39
59	1	30	3	34	17	2	20
59	1	30	5	34	17	3	35
59	1	30	6	34	17	2	58
59	1	30	7	34	17	2	15
59	1	30	8	34	17	2	36
59	1	30	11	34	17	3	inf
59	1	30	14	34	17	2	23
59	1	30	15	34	17	2	44
59	1	30	16	34	17	2	1
59	1	31	1	34	17	3	24
59	1	31	2	34	17	2	1
59	1	31	3	34	17	2	44
59	1	31	4	34	17	2	23
59	1	31	5	34	17	3	inf
59	1	31	7	34	17	3	inf
59	1	31	10	34	17	2	36
59	1	31	11	34	17	2	15
59	1	31	12	34	17	2	58
59	1	31	13	34	17	3	35
59	1	31	15	34	17	2	20
59	1	31	16	34	17	2	39
59	1	32	0	34	17	2	36
59	1	32	3	34	17	3	inf
59	1	32	6	34	17	2	23
59	1	32	7	34	17	2	44
59	1	32	8	34	17	2	1
59	1	32	9	34	17	3	24
59	1	32	11	34	17	2	39
59	1	32	12	34	17	2	20
59	1	32	14	34	17	3	35
59	1	32	15	34	17	2	58
59	1	32	16	34	17	2	15
59	1	33	2	34	17	2	36
59	1	33	3	34	17	2	15
59	1	33	4	34	17	2	58
59	1	33	5	34	17	3	35
59	1	33	7	34	17	2	20
59	1	33	8	34	17	2	39
59	1	33	10	34	17	3	24
59	1	33	11	34	17	2	1
59	1	33	12	34	17	2	44
59	1	33	13	34	17	2	23
59	1	33	14	34	17	3	inf
59	1	33	16	34	17	3	inf
59	2	0	0	34	17	2	58
59	2	0	1	34	17	3	35
59	2	0	3	34	17	2	20
59	2	0	4	34	17	2	39
59	2	0	6	34	17	3	24
59	2	0	7	34	17	2	1
59	2	0	8	34	17	2	44
59	2	0	9	34	17	2	23
59	2	0	10	34	17	3	inf
59	2	0	12	34	17	3	inf
59	2	0	15	34	17	2	36
59	2	0	16	34	17	2	15
59	2	1	0	34	17	2	20
59	2	1	2	34	17	3	35
59	2	1	3	34	17	2	58
59	2	1	4	34	17	2	15
59	2	1	5	34	17	2	36
59	2	1	8	34	17	3	inf
59	2	1	11	34	17	2	23
59	2	1	12	34	17	2	44
59	2	1	13	34	17	2	1
59	2	1	14	34	17	3	24
59	2	1	16	34	17	2	39
59	2	2	0	34	17	2	44
59	2	2	1	34	17	2	23
59	2	2	2	34	17	3	inf
59	2	2	4	34	17	3	inf
59	2	2	7	34	17	2	36
59	2	2	8	34	17	2	15
59	2	2	9	34	17	2	58
59	2	2	10	34	17	3	35
59	2	2	12	34	17	2	20
59	2	2	13	34	17	2	39
59	2	2	15	34	17	3	24
59	2	2	16	34	17	2	1
59	2	3	0	34	17	3	inf
59	2	3	3	34	17	2	23
59	2	3	4	34	17	2	44
59	2	3	5	34	17	2	1
59	2	3	6	34	17	3	24
59	2	3	8	34	17	2	39
59	2	3	9	34	17	2	20
59	2	3	11	34	17	3	35
59	2	3	12	34	17	2	58
59	2	3	13	34	17	2	15
59	2	3	14	34	17	2	36
59	2	4	0	34	17	2	15
59	2	4	1	34	17	2	58
59	2	4	2	34	17	3	35
59	2	4	4	34	17	2	20
59	2	4	5	34	17	2	39
59	2	4	7	34	17	3	24
59	2	4	8	34	17	2	1
59	2	4	9	34	17	2	44
59	2	4	10	34	17	2	23
59	2	4	11	34	17	3	inf
59	2	4	13	34	17	3	inf
59	2	4	16	34	17	2	36
59	2	5	0	34	17	2	39
59	2	5	1	34	17	2	20
59	2	5	3	34	17	3	35
59	2	5	4	34	17	2	58
59	2	5	5	34	17	2	15
59	2	5	6	34	17	2	36
59	2	5	9	34	17	3	inf
59	2	5	12	34	17	2	23
59	2	5	13	34	17	2	44
59	2	5	14	34	17	2	1
59	2	5	15	34	17	3	24
59	2	6	0	34	17	2	1
59	2	6	1	34	17	2	44
59	2	6	2	34	17	2	23
59	2	6	3	34	17	3	inf
59	2	6	5	34	17	3	inf
59	2	6	8	34	17	2	36
59	2	6	9	34	17	2	15
59	2	6	10	34	17	2	58
59	2	6	11	34	17	3	35
59	2	6	13	34	17	2	20
59	2	6	14	34	17	2	39
59	2	6	16	34	17	3	24
59	2	7	1	34	17	3	inf
59	2	7	4	34	17	2	23
59	2	7	5	34	17	2	44
59	2	7	6	34	17	2	1
59	2	7	7	34	17	3	24
59	2	7	9	34	17	2	39
59	2	7	10	34	17	2	20
59	2	7	12	34	17	3	35
59	2	7	13	34	17	2	58
59	2	7	14	34	17	2	15
59	2	7	15	34	17	2	36
59	2	8	0	34	17	2	36
59	2	8	1	34	17	2	15
59	2	8	2	34	17	2	58
59	2	8	3	34	17	3	35
59	2	8	5	34	17	2	20
59	2	8	6	34	17	2	39
59	2	8	8	34	17	3	24
59	2	8	9	34	17	2	1
59	2	8	10	34	17	2	44
59	2	8	11	34	17	2	23
59	2	8	12	34	17	3	inf
59	2	8	14	34	17	3	inf
59	2	9	1	34	17	2	39
59	2	9	2	34	17	2	20
59	2	9	4	34	17	3	35
59	2	9	5	34	17	2	58
59	2	9	6	34	17	2	15
59	2	9	7	34	17	2	36
59	2	9	10	34	17	3	inf
59	2	9	13	34	17	2	23
59	2	9	14	34	17	2	44
59	2	9	15	34	17	2	1
59	2	9	16	34	17	3	24
59	2	10	0	34	17	3	24
59	2	10	1	34	17	2	1
59	2	10	2	34	17	2	44
59	2	10	3	34	17	2	23
59	2	10	4	34	17	3	inf
59	2	10	6	34	17	3	inf
59	2	10	9	34	17	2	36
59	2	10	10	34	17	2	15
59	2	10	11	34	17	2	58
59	2	10	12	34	17	3	35
59	2	10	14	34	17	2	20
59	2	10	15	34	17	2	39
59	2	11	2	34	17	3	inf
59	2	11	5	34	17	2	23
59	2	11	6	34	17	2	44
59	2	11	7	34	17	2	1
59	2	11	8	34	17	3	24
59	2	11	10	34	17	2	39
59	2	11	11	34	17	2	20
59	2	11	13	34	17	3	35
59	2	11	14	34	17	2	58
59	2	11	15	34	17	2	15
59	2	11	16	34	17	2	36
59	2	12	1	34	17	2	36
59	2	12	2	34	17	2	15
59	2	12	3	34	17	2	58
59	2	12	4	34	17	3	35
59	2	12	6	34	17	2	20
59	2	12	7	34	17	2	39
59	2	12	9	34	17	3	24
59	2	12	10	34	17	2	1
59	2	12	11	34	17	2	44
59	2	12	12	34	17	2	23
59	2	12	13	34	17	3	inf
59	2	12	15	34	17	3	inf
59	2	13	0	34	17	3	24
59	2	13	2	34	17	2	39
59	2	13	3	34	17	2	20
59	2	13	5	34	17	3	35
59	2	13	6	34	17	2	58
59	2	13	7	34	17	2	15
59	2	13	8	34	17	2	36
59	2	13	11	34	17	3	inf
59	2	13	14	34	17	2	23
59	2	13	15	34	17	2	44
59	2	13	16	34	17	2	1
59	2	14	1	34	17	3	24
59	2	14	2	34	17	2	1
59	2	14	3	34	17	2	44
59	2	14	4	34	17	2	23
59	2	14	5	34	17	3	inf
59	2	14	7	34	17	3	inf
59	2	14	10	34	17	2	36
59	2	14	11	34	17	2	15
59	2	14	12	34	17	2	58
59	2	14	13	34	17	3	35
59	2	14	15	34	17	2	20
59	2	14	16	34	17	2	39
59	2	15	0	34	17	2	36
59	2	15	3	34	17	3	inf
59	2	15	6	34	17	2	23
59	2	15	7	34	17	2	44
59	2	15	8	34	17	2	1
59	2	15	9	34	17	3	24
59	2	15	11	34	17	2	39
59	2	15	12	34	17	2	20
59	2	15	14	34	17	3	35
59	2	15	15	34	17	2	58
59	2	15	16	34	17	2	15
59	2	16	2	34	17	2	36
59	2	16	3	34	17	2	15
59	2	16	4	34	17	2	58
59	2	16	5	34	17	3	35
59	2	16	7	34	17	2	20
59	2	16	8	34	17	2	39
59	2	16	10	34	17	3	24
59	2	16	11	34	17	2	1
59	2	16	12	34	17	2	44
59	2	16	13	34	17	2	23
59	2	16	14	34	17	3	inf
59	2	16	16	34	17	3	inf
59	2	17	0	34	17	2	1
59	2	17	1	34	17	3	24
59	2	17	3	34	17	2	39
59	2	17	4	34	17	2	20
59	2	17	6	34	17	3	35
59	2	17	7	34	17	2	58
59	2	17	8	34	17	2	15
59	2	17	9	34	17	2	36
59	2	17	12	34	17	3	inf
59	2	17	15	34	17	2	23
59	2	17	16	34	17	2	44
59	2	18	0	34	17	2	39
59	2	18	2	34	17	3	24
59	2	18	3	34	17	2	1
59	2	18	4	34	17	2	44
59	2	18	5	34	17	2	23
59	2	18	6	34	17	3	inf
59	2	18	8	34	17	3	inf
59	2	18	11	34	17	2	36
59	2	18	12	34	17	2	15
59	2	18	13	34	17	2	58
59	2	18	14	34	17	3	35
59	2	18	16	34	17	2	20
59	2	19	0	34	17	2	15
59	2	19	1	34	17	2	36
59	2	19	4	34	17	3	inf
59	2	19	7	34	17	2	23
59	2	19	8	34	17	2	44
59	2	19	9	34	17	2	1
59	2	19	10	34	17	3	24
59	2	19	12	34	17	2	39
59	2	19	13	34	17	2	20
59	2	19	15	34	17	3	35
59	2	19	16	34	17	2	58
59	2	20	0	34	17	3	inf
59	2	20	3	34	17	2	36
59	2	20	4	34	17	2	15
59	2	20	5	34	17	2	58
59	2	20	6	34	17	3	35
59	2	20	8	34	17	2	20
59	2	20	9	34	17	2	39
59	2	20	11	34	17	3	24
59	2	20	12	34	17	2	1
59	2	20	13	34	17	2	44
59	2	20	14	34	17	2	23
59	2	20	15	34	17	3	inf
59	2	21	0	34	17	2	44
59	2	21	1	34	17	2	1
59	2	21	2	34	17	3	24
59	2	21	4	34	17	2	39
59	2	21	5	34	17	2	20
59	2	21	7	34	17	3	35
59	2	21	8	34	17	2	58
59	2	21	9	34	17	2	15
59	2	21	10	34	17	2	36
59	2	21	13	34	17	3	inf
59	2	21	16	34	17	2	23
59	2	22	0	34	17	2	20
59	2	22	1	34	17	2	39
59	2	22	3	34	17	3	24
59	2	22	4	34	17	2	1
59	2	22	5	34	17	2	44
59	2	22	6	34	17	2	23
59	2	22	7	34	17	3	inf
59	2	22	9	34	17	3	inf
59	2	22	12	34	17	2	36
59	2	22	13	34	17	2	15
59	2	22	14	34	17	2	58
59	2	22	15	34	17	3	35
59	2	23	0	34	17	2	58
59	2	23	1	34	17	2	15
59	2	23	2	34	17	2	36
59	2	23	5	34	17	3	inf
59	2	23	8	34	17	2	23
59	2	23	9	34	17	2	44
59	2	23	10	34	17	2	1
59	2	23	11	34	17	3	24
59	2	23	13	34	17	2	39
59	2	23	14	34	17	2	20
59	2	23	16	34	17	3	35
59	2	24	1	34	17	3	inf
59	2	24	4	34	17	2	36
59	2	24	5	34	17	2	15
59	2	24	6	34	17	2	58
59	2	24	7	34	17	3	35
59	2	24	9	34	17	2	20
59	2	24	10	34	17	2	39
59	2	24	12	34	17	3	24
59	2	24	13	34	17	2	1
59	2	24	14	34	17	2	44
59	2	24	15	34	17	2	23
59	2	24	16	34	17	3	inf
59	2	25	0	34	17	2	23
59	2	25	1	34	17	2	44
59	2	25	2	34	17	2	1
59	2	25	3	34	17	3	24
59	2	25	5	34	17	2	39
59	2	25	6	34	17	2	20
59	2	25	8	34	17	3	35
59	2	25	9	34	17	2	58
59	2	25	10	34	17	2	15
59	2	25	11	34	17	2	36
59	2	25	14	34	17	3	inf
59	2	26	1	34	17	2	20
59	2	26	2	34	17	2	39
59	2	26	4	34	17	3	24
59	2	26	5	34	17	2	1
59	2	26	6	34	17	2	44
59	2	26	7	34	17	2	23
59	2	26	8	34	17	3	inf
59	2	26	10	34	17	3	inf
59	2	26	13	34	17	2	36
59	2	26	14	34	17	2	15
59	2	26	15	34	17	2	58
59	2	26	16	34	17	3	35
59	2	27	0	34	17	3	35
59	2	27	1	34	17	2	58
59	2	27	2	34	17	2	15
59	2	27	3	34	17	2	36
59	2	27	6	34	17	3	inf
59	2	27	9	34	17	2	23
59	2	27	10	34	17	2	44
59	2	27	11	34	17	2	1
59	2	27	12	34	17	3	24
59	2	27	14	34	17	2	39
59	2	27	15	34	17	2	20
59	2	28	0	34	17	3	inf
59	2	28	2	34	17	3	inf
59	2	28	5	34	17	2	36
59	2	28	6	34	17	2	15
59	2	28	7	34	17	2	58
59	2	28	8	34	17	3	35
59	2	28	10	34	17	2	20
59	2	28	11	34	17	2	39
59	2	28	13	34	17	3	24
59	2	28	14	34	17	2	1
59	2	28	15	34	17	2	44
59	2	28	16	34	17	2	23
59	2	29	1	34	17	2	23
59	2	29	2	34	17	2	44
59	2	29	3	34	17	2	1
59	2	29	4	34	17	3	24
59	2	29	6	34	17	2	39
59	2	29	7	34	17	2	20
59	2	29	9	34	17	3	35
59	2	29	10	34	17	2	58
59	2	29	11	34	17	2	15
59	2	29	12	34	17	2	36
59	2	29	15	34	17	3	inf
59	2	30	0	34	17	3	35
59	2	30	2	34	17	2	20
59	2	30	3	34	17	2	39
59	2	30	5	34	17	3	24
59	2	30	6	34	17	2	1
59	2	30	7	34	17	2	44
59	2	30	8	34	17	2	23
59	2	30	9	34	17	3	inf
59	2	30	11	34	17	3	inf
59	2	30	14	34	17	2	36
59	2	30	15	34	17	2	15
59	2	30	16	34	17	2	58
59	2	31	1	34	17	3	35
59	2	31	2	34	17	2	58
59	2	31	3	34	17	2	15
59	2	31	4	34	17	2	36
59	2	31	7	34	17	3	inf
59	2	31	10	34	17	2	23
59	2	31	11	34	17	2	44
59	2	31	12	34	17	2	1
59	2	31	13	34	17	3	24
59	2	31	15	34	17	2	39
59	2	31	16	34	17	2	20
59	2	32	0	34	17	2	23
59	2	32	1	34	17	3	inf
59	2	32	3	34	17	3	inf
59	2	32	6	34	17	2	36
59	2	32	7	34	17	2	15
59	2	32	8	34	17	2	58
59	2	32	9	34	17	3	35
59	2	32	11	34	17	2	20
59	2	32	12	34	17	2	39
59	2	32	14	34	17	3	24
59	2	32	15	34	17	2	1
59	2	32	16	34	17	2	44
59	2	33	2	34	17	2	23
59	2	33	3	34	17	2	44
59	2	33	4	34	17	2	1
59	2	33	5	34	17	3	24
59	2	33	7	34	17	2	39
59	2	33	8	34	17	2	20
59	2	33	10	34	17	3	35
59	2	33	11	34	17	2	58
59	2	33	12	34	17	2	15
59	2	33	13	34	17	2	36
59	2	33	16	34	17	3	inf
61	1	0	7	14	14	3	12
61	1	0	8	14	14	3	10
61	1	0	9	14	14	3	51
61	1	0	10	14	14	3	49
61	1	1	5	14	14	3	49
61	1	1	6	14	14	3	51
61	1	1	7	14	14	3	10
61	1	1	8	14	14	3	12
61	1	1	9	14	14	3	inf
61	1	2	3	14	14	3	12
61	1	2	4	14	14	3	10
61	1	2	5	14	14	3	51
61	1	2	6	14	14	3	49
61	1	3	1	14	14	3	49
61	1	3	2	14	14	3	51
61	1	3	3	14	14	3	10
61	1	3	4	14	14	3	12
61	1	3	5	14	14	3	inf
61	1	4	0	14	14	3	10
61	1	4	1	14	14	3	51
61	1	4	2	14	14	3	49
61	1	4	13	14	14	3	12
61	1	5	0	14	14	3	12
61	1	5	1	14	14	3	inf
61	1	5	11	14	14	3	49
61	1	5	12	14	14	3	51
61	1	5	13	14	14	3	10
61	1	6	9	14	14	3	12
61	1	6	10	14	14	3	10
61	1	6	11	14	14	3	51
61	1	6	12	14	14	3	49
61	1	7	7	14	14	3	49
61	1	7	8	14	14	3	51
61	1	7	9	14	14	3	10
61	1	7	10	14	14	3	12
61	1	7	11	14	14	3	inf
61	1	8	5	14	14	3	12
61	1	8	6	14	14	3	10
61	1	8	7	14	14	3	51
61	1	8	8	14	14	3	49
61	1	9	3	14	14	3	49
61	1	9	4	14	14	3	51
61	1	9	5	14	14	3	10
61	1	9	6	14	14	3	12
61	1	9	7	14	14	3	inf
61	1	10	1	14	14	3	12
61	1	10	2	14	14	3	10
61	1	10	3	14	14	3	51
61	1	10	4	14	14	3	49
61	1	11	0	14	14	3	51
61	1	11	1	14	14	3	10
61	1	11	2	14	14	3	12
61	1	11	3	14	14	3	inf
61	1	11	13	14	14	3	49
61	1	12	0	14	14	3	49
61	1	12	11	14	14	3	12
61	1	12	12	14	14	3	10
61	1	12	13	14	14	3	51
61	1	13	9	14	14	3	49
61	1	13	10	14	14	3	51
61	1	13	11	14	14	3	10
61	1	13	12	14	14	3	12
61	1	13	13	14	14	3	inf
61	2	0	7	14	14	3	49
61	2	0	8	14	14	3	51
61	2	0	9	14	14	3	10
61	2	0	10	14	14	3	12
61	2	0	11	14	14	3	inf
61	2	1	5	14	14	3	12
61	2	1	6	14	14	3	10
61	2	1	7	14	14	3	51
61	2	1	8	14	14	3	49
61	2	2	3	14	14	3	49
61	2	2	4	14	14	3	51
61	2	2	5	14	14	3	10
61	2	2	6	14	14	3	12
61	2	2	7	14	14	3	inf
61	2	3	1	14	14	3	12
61	2	3	2	14	14	3	10
61	2	3	3	14	14	3	51
61	2	3	4	14	14	3	49
61	2	4	0	14	14	3	51
61	2	4	1	14	14	3	10
61	2	4	2	14	14	3	12
61	2	4	3	14	14	3	inf
61	2	4	13	14	14	3	49
61	2	5	0	14	14	3	49
61	2	5	11	14	14	3	12
61	2	5	12	14	14	3	10
61	2	5	13	14	14	3	51
61	2	6	9	14	14	3	49
61	2	6	10	14	14	3	51
61	2	6	11	14	14	3	10
61	2	6	12	14	14	3	12
61	2	6	13	14	14	3	inf
61	2	7	7	14	14	3	12
61	2	7	8	14	14	3	10
61	2	7	9	14	14	3	51
61	2	7	10	14	14	3	49
61	2	8	5	14	14	3	49
61	2	8	6	14	14	3	51
61	2	8	7	14	14	3	10
61	2	8	8	14	14	3	12
61	2	8	9	14	14	3	inf
61	2	9	3	14	14	3	12
61	2	9	4	14	14	3	10
61	2	9	5	14	14	3	51
61	2	9	6	14	14	3	49
61	2	10	1	14	14	3	49
61	2	10	2	14	14	3	51
61	2	10	3	14	14	3	10
61	2	10	4	14	14	3	12
61	2	10	5	14	14	3	inf
61	2	11	0	14	14	3	10
61	2	11	1	14	14	3	51
61	2	11	2	14	14	3	49
61	2	11	13	14	14	3	12
61	2	12	0	14	14	3	12
61	2	12	1	14	14	3	inf
61	2	12	11	14	14	3	49
61	2	12	12	14	14	3	51
61	2	12	13	14	14	3	10
61	2	13	9	14	14	3	12
61	2	13	10	14	14	3	10
61	2	13	11	14	14	3	51
61	2	13	12	14	14	3	49
67	1	0	10	36	36	2	31
67	1	0	15	36	36	2	36
67	1	0	28	36	36	2	36
67	1	0	29	36	36	3	inf
67	1	0	33	36	36	2	31
67	1	1	2	36	36	2	36
67	1	1	15	36	36	2	36
67	1	1	16	36	36	3	inf
67	1	1	20	36	36	2	31
67	1	1	33	36	36	2	31
67	1	2	2	36	36	2	36
67	1	2	3	36	36	3	inf
67	1	2	7	36	36	2	31
67	1	2	20	36	36	2	31
67	1	2	25	36	36	2	36
67	1	3	7	36	36	2	31
67	1	3	12	36	36	2	36
67	1	3	25	36	36	2	36
67	1	3	26	36	36	3	inf
67	1	3	30	36	36	2	31
67	1	4	12	36	36	2	36
67	1	4	13	36	36	3	inf
67	1	4	17	36	36	2	31
67	1	4	30	36	36	2	31
67	1	4	35	36	36	2	36
67	1	5	0	36	36	3	inf
67	1	5	4	36	36	2	31
67	1	5	17	36	36	2	31
67	1	5	22	36	36	2	36
67	1	5	35	36	36	2	36
67	1	6	4	36	36	2	31
67	1	6	9	36	36	2	36
67	1	6	22	36	36	2	36
67	1	6	23	36	36	3	inf
67	1	6	27	36	36	2	31
67	1	7	9	36	36	2	36
67	1	7	10	36	36	3	inf
67	1	7	14	36	36	2	31
67	1	7	27	36	36	2	31
67	1	7	32	36	36	2	36
67	1	8	1	36	36	2	31
67	1	8	14	36	36	2	31
67	1	8	19	36	36	2	36
67	1	8	32	36	36	2	36
67	1	8	33	36	36	3	inf
67	1	9	1	36	36	2	31
67	1	9	6	36	36	2	36
67	1	9	19	36	36	2	36
67	1	9	20	36	36	3	inf
67	1	9	24	36	36	2	31
67	1	10	6	36	36	2	36
67	1	10	7	36	36	3	inf
67	1	10	11	36	36	2	31
67	1	10	24	36	36	2	31
67	1	10	29	36	36	2	36
67	1	11	11	36	36	2	31
67	1	11	16	36	36	2	36
67	1	11	29	36	36	2	36
67	1	11	30	36	36	3	inf
67	1	11	34	36	36	2	31
67	1	12	3	36	36	2	36
67	1	12	16	36	36	2	36
67	1	12	17	36	36	3	inf
67	1	12	21	36	36	2	31
67	1	12	34	36	36	2	31
67	1	13	3	36	36	2	36
67	1	13	4	36	36	3	inf
67	1	13	8	36	36	2	31
67	1	13	21	36	36	2	31
67	1	13	26	36	36	2	36
67	1	14	8	36	36	2	31
67	1	14	13	36	36	2	36
67	1	14	26	36	36	2	36
67	1	14	27	36	36	3	inf
67	1	14	31	36	36	2	31
67	1	15	0	36	36	2	36
67	1	15	13	36	36	2	36
67	1	15	14	36	36	3	inf
67	1	15	18	36	36	2	31
67	1	15	31	36	36	2	31
67	1	16	0	36	36	2	36
67	1	16	1	36	36	3	inf
67	1	16	5	36	36	2	31
67	1	16	18	36	36	2	31
67	1	16	23	36	36	2	36
67	1	17	5	36	36	2	31
67	1	17	10	36	36	2	36
67	1	17	23	36	36	2	36
67	1	17	24	36	36	3	inf
67	1	17	28	36	36	2	31
67	1	18	10	36	36	2	36
67	1	18	11	36	36	3	inf
67	1	18	15	36	36	2	31
67	1	18	28	36	36	2	31
67	1	18	33	36	36	2	36
67	1	19	2	36	36	2	31
67	1	19	15	36	36	2	31
67	1	19	20	36	36	2	36
67	1	19	33	36	36	2	36
67	1	19	34	36	36	3	inf
67	1	20	2	36	36	2	31
67	1	20	7	36	36	2	36
67	1	20	20	36	36	2	36
67	1	20	21	36	36	3	inf
67	1	20	25	36	36	2	31
67	1	21	7	36	36	2	36
67	1	21	8	36	36	3	inf
67	1	21	12	36	36	2	31
67	1	21	25	36	36	2	31
67	1	21	30	36	36	2	36
67	1	22	12	36	36	2	31
67	1	22	17	36	36	2	36
67	1	22	30	36	36	2	36
67	1	22	31	36	36	3	inf
67	1	22	35	36	36	2	31
67	1	23	4	36	36	2	36
67	1	23	17	36	36	2	36
67	1	23	18	36	36	3	inf
67	1	23	22	36	36	2	31
67	1	23	35	36	36	2	31
67	1	24	4	36	36	2	36
67	1	24	5	36	36	3	inf
67	1	24	9	36	36	2	31
67	1	24	22	36	36	2	31
67	1	24	27	36	36	2	36
67	1	25	9	36	36	2	31
67	1	25	14	36	36	2	36
67	1	25	27	36	36	2	36
67	1	25	28	36	36	3	inf
67	1	25	32	36	36	2	31
67	1	26	1	36	36	2	36
67	1	26	14	36	36	2	36
67	1	26	15	36	36	3	inf
67	1	26	19	36	36	2	31
67	1	26	32	36	36	2	31
67	1	27	1	36	36	2	36
67	1	27	2	36	36	3	inf
67	1	27	6	36	36	2	31
67	1	27	19	36	36	2	31
67	1	27	24	36	36	2	36
67	1	28	6	36	36	2	31
67	1	28	11	36	36	2	36
67	1	28	24	36	36	2	36
67	1	28	25	36	36	3	inf
67	1	28	29	36	36	2	31
67	1	29	11	36	36	2	36
67	1	29	12	36	36	3	inf
67	1	29	16	36	36	2	31
67	1	29	29	36	36	2	31
67	1	29	34	36	36	2	36
67	1	30	3	36	36	2	31
67	1	30	16	36	36	2	31
67	1	30	21	36	36	2	36
67	1	30	34	36	36	2	36
67	1	30	35	36	36	3	inf
67	1	31	3	36	36	2	31
67	1	31	8	36	36	2	36
67	1	31	21	36	36	2	36
67	1	31	22	36	36	3	inf
67	1	31	26	36	36	2	31
67	1	32	8	36	36	2	36
67	1	32	9	36	36	3	inf
67	1	32	13	36	36	2	31
67	1	32	26	36	36	2	31
67	1	32	31	36	36	2	36
67	1	33	0	36	36	2	31
67	1	33	13	36	36	2	31
67	1	33	18	36	36	2	36
67	1	33	31	36	36	2	36
67	1	33	32	36	36	3	inf
67	1	34	0	36	36	2	31
67	1	34	5	36	36	2	36
67	1	34	18	36	36	2	36
67	1	34	19	36	36	3	inf
67	1	34	23	36	36	2	31
67	1	35	5	36	36	2	36
67	1	35	6	36	36	3	inf
67	1	35	10	36	36	2	31
67	1	35	23	36	36	2	31
67	1	35	28	36	36	2	36
67	2	0	10	36	36	2	36
67	2	0	11	36	36	3	inf
67	2	0	15	36	36	2	31
67	2	0	28	36	36	2	31
67	2	0	33	36	36	2	36
67	2	1	2	36	36	2	31
67	2	1	15	36	36	2	31
67	2	1	20	36	36	2	36
67	2	1	33	36	36	2	36
67	2	1	34	36	36	3	inf
67	2	2	2	36	36	2	31
67	2	2	7	36	36	2	36
67	2	2	20	36	36	2	36
67	2	2	21	36	36	3	inf
67	2	2	25	36	36	2	31
67	2	3	7	36	36	2	36
67	2	3	8	36	36	3	inf
67	2	3	12	36	36	2	31
67	2	3	25	36	36	2	31
67	2	3	30	36	36	2	36
67	2	4	12	36	36	2	31
67	2	4	17	36	36	2	36
67	2	4	30	36	36	2	36
67	2	4	31	36	36	3	inf
67	2	4	35	36	36	2	31
67	2	5	4	36	36	2	36
67	2	5	17	36	36	2	36
67	2	5	18	36	36	3	inf
67	2	5	22	36	36	2	31
67	2	5	35	36	36	2	31
67	2	6	4	36	36	2	36
67	2	6	5	36	36	3	inf
67	2	6	9	36	36	2	31
67	2	6	22	36	36	2	31
67	2	6	27	36	36	2	36
67	2	7	9	36	36	2	31
67	2	7	14	36	36	2	36
67	2	7	27	36	36	2	36
67	2	7	28	36	36	3	inf
67	2	7	32	36	36	2	31
67	2	8	1	36	36	2	36
67	2	8	14	36	36	2	36
67	2	8	15	36	36	3	inf
67	2	8	19	36	36	2	31
67	2	8	32	36	36	2	31
67	2	9	1	36	36	2	36
67	2	9	2	36	36	3	inf
67	2	9	6	36	36	2	31
67	2	9	19	36	36	2	31
67	2	9	24	36	36	2	36
67	2	10	6	36	36	2	31
67	2	10	11	36	36	2	36
67	2	10	24	36	36	2	36
67	2	10	25	36	36	3	inf
67	2	10	29	36	36	2	31
67	2	11	11	36	36	2	36
67	2	11	12	36	36	3	inf
67	2	11	16	36	36	2	31
67	2	11	29	36	36	2	31
67	2	11	34	36	36	2	36
67	2	12	3	36	36	2	31
67	2	12	16	36	36	2	31
67	2	12	21	36	36	2	36
67	2	12	34	36	36	2	36
67	2	12	35	36	36	3	inf
67	2	13	3	36	36	2	31
67	2	13	8	36	36	2	36
67	2	13	21	36	36	2	36
67	2	13	22	36	36	3	inf
67	2	13	26	36	36	2	31
67	2	14	8	36	36	2	36
67	2	14	9	36	36	3	inf
67	2	14	13	36	36	2	31
67	2	14	26	36	36	2	31
67	2	14	31	36	36	2	36
67	2	15	0	36	36	2	31
67	2	15	13	36	36	2	31
67	2	15	18	36	36	2	36
67	2	15	31	36	36	2	36
67	2	15	32	36	36	3	inf
67	2	16	0	36	36	2	31
67	2	16	5	36	36	2	36
67	2	16	18	36	36	2	36
67	2	16	19	36	36	3	inf
67	2	16	23	36	36	2	31
67	2	17	5	36	36	2	36
67	2	17	6	36	36	3	inf
67	2	17	10	36	36	2	31
67	2	17	23	36	36	2	31
67	2	17	28	36	36	2	36
67	2	18	10	36	36	2	31
67	2	18	15	36	36	2	36
67	2	18	28	36	36	2	36
67	2	18	29	36	36	3	inf
67	2	18	33	36	36	2	31
67	2	19	2	36	36	2	36
67	2	19	15	36	36	2	36
67	2	19	16	36	36	3	inf
67	2	19	20	36	36	2	31
67	2	19	33	36	36	2	31
67	2	20	2	36	36	2	36
67	2	20	3	36	36	3	inf
67	2	20	7	36	36	2	31
67	2	20	20	36	36	2	31
67	2	20	25	36	36	2	36
67	2	21	7	36	36	2	31
67	2	21	12	36	36	2	36
67	2	21	25	36	36	2	36
67	2	21	26	36	36	3	inf
67	2	21	30	36	36	2	31
67	2	22	12	36	36	2	36
67	2	22	13	36	36	3	inf
67	2	22	17	36	36	2	31
67	2	22	30	36	36	2	31
67	2	22	35	36	36	2	36
67	2	23	0	36	36	3	inf
67	2	23	4	36	36	2	31
67	2	23	17	36	36	2	31
67	2	23	22	36	36	2	36
67	2	23	35	36	36	2	36
67	2	24	4	36	36	2	31
67	2	24	9	36	36	2	36
67	2	24	22	36	36	2	36
67	2	24	23	36	36	3	inf
67	2	24	27	36	36	2	31
67	2	25	9	36	36	2	36
67	2	25	10	36	36	3	inf
67	2	25	14	36	36	2	31
67	2	25	27	36	36	2	31
67	2	25	32	36	36	2	36
67	2	26	1	36	36	2	31
67	2	26	14	36	36	2	31
67	2	26	19	36	36	2	36
67	2	26	32	36	36	2	36
67	2	26	33	36	36	3	inf
67	2	27	1	36	36	2	31
67	2	27	6	36	36	2	36
67	2	27	19	36	36	2	36
67	2	27	20	36	36	3	inf
67	2	27	24	36	36	2	31
67	2	28	6	36	36	2	36
67	2	28	7	36	36	3	inf
67	2	28	11	36	36	2	31
67	2	28	24	36	36	2	31
67	2	28	29	36	36	2	36
67	2	29	11	36	36	2	31
67	2	29	16	36	36	2	36
67	2	29	29	36	36	2	36
67	2	29	30	36	36	3	inf
67	2	29	34	36	36	2	31
67	2	30	3	36	36	2	36
67	2	30	16	36	36	2	36
67	2	30	17	36	36	3	inf
67	2	30	21	36	36	2	31
67	2	30	34	36	36	2	31
67	2	31	3	36	36	2	36
67	2	31	4	36	36	3	inf
67	2	31	8	36	36	2	31
67	2	31	21	36	36	2	31
67	2	31	26	36	36	2	36
67	2	32	8	36	36	2	31
67	2	32	13	36	36	2	36
67	2	32	26	36	36	2	36
67	2	32	27	36	36	3	inf
67	2	32	31	36	36	2	31
67	2	33	0	36	36	2	36
67	2	33	13	36	36	2	36
67	2	33	14	36	36	3	inf
67	2	33	18	36	36	2	31
67	2	33	31	36	36	2	31
67	2	34	0	36	36	2	36
67	2	34	1	36	36	3	inf
67	2	34	5	36	36	2	31
67	2	34	18	36	36	2	31
67	2	34	23	36	36	2	36
67	2	35	5	36	36	2	31
67	2	35	10	36	36	2	36
67	2	35	23	36	36	2	36
67	2	35	24	36	36	3	inf
67	2	35	28	36	36	2	31
71	1	0	4	21	7	3	68
71	1	1	0	21	7	2	36
71	1	1	3	21	7	3	0
71	1	1	6	21	7	2	35
71	1	2	2	21	7	3	3
71	1	3	0	21	7	3	68
71	1	4	2	21	7	2	35
71	1	4	3	21	7	2	36
71	1	4	6	21	7	3	0
71	1	5	5	21	7	3	3
71	1	6	3	21	7	3	68
71	1	7	2	21	7	3	0
71	1	7	5	21	7	2	35
71	1	7	6	21	7	2	36
71	1	8	1	21	7	3	3
71	1	9	6	21	7	3	68
71	1	10	1	21	7	2	35
71	1	10	2	21	7	2	36
71	1	10	5	21	7	3	0
71	1	11	4	21	7	3	3
71	1	12	2	21	7	3	68
71	1	13	1	21	7	3	0
71	1	13	4	21	7	2	35
71	1	13	5	21	7	2	36
71	1	14	0	21	7	3	3
71	1	15	5	21	7	3	68
71	1	16	0	21	7	2	35
71	1	16	1	21	7	2	36
71	1	16	4	21	7	3	0
71	1	17	3	21	7	3	3
71	1	18	1	21	7	3	68
71	1	19	0	21	7	3	0
71	1	19	3	21	7	2	35
71	1	19	4	21	7	2	36
71	1	20	6	21	7	3	3
71	2	0	4	21	7	3	3
71	2	1	0	21	7	2	35
71	2	1	3	21	7	3	0
71	2	1	4	21	7	3	inf
71	2	1	6	21	7	2	36
71	2	2	2	21	7	3	68
71	2	3	0	21	7	3	3
71	2	4	0	21	7	3	inf
71	2	4	2	21	7	2	36
71	2	4	3	21	7	2	35
71	2	4	6	21	7	3	0
71	2	5	5	21	7	3	68
71	2	6	3	21	7	3	3
71	2	7	2	21	7	3	0
71	2	7	3	21	7	3	inf
71	2	7	5	21	7	2	36
71	2	7	6	21	7	2	35
71	2	8	1	21	7	3	68
71	2	9	6	21	7	3	3
71	2	10	1	21	7	2	36
71	2	10	2	21	7	2	35
71	2	10	5	21	7	3	0
71	2	10	6	21	7	3	inf
71	2	11	4	21	7	3	68
71	2	12	2	21	7	3	3
71	2	13	1	21	7	3	0
71	2	13	2	21	7	3	inf
71	2	13	4	21	7	2	36
71	2	13	5	21	7	2	35
71	2	14	0	21	7	3	68
71	2	15	5	21	7	3	3
71	2	16	0	21	7	2	36
71	2	16	1	21	7	2	35
71	2	16	4	21	7	3	0
71	2	16	5	21	7	3	inf
71	2	17	3	21	7	3	68
71	2	18	1	21	7	3	3
71	2	19	0	21	7	3	0
71	2	19	1	21	7	3	inf
71	2	19	3	21	7	2	36
71	2	19	4	21	7	2	35
71	2	20	6	21	7	3	68
73	1	0	2	34	17	3	inf
73	1	0	5	34	17	2	56
73	1	0	10	34	17	2	14
73	1	0	11	34	17	2	59
73	1	0	16	34	17	2	17
73	1	1	0	34	17	2	14
73	1	1	2	34	17	3	inf
73	1	1	5	34	17	2	56
73	1	1	8	34	17	3	inf
73	1	1	11	34	17	2	17
73	1	1	16	34	17	2	59
73	1	2	0	34	17	2	56
73	1	2	5	34	17	2	14
73	1	2	6	34	17	2	59
73	1	2	11	34	17	2	17
73	1	2	14	34	17	3	inf
73	1	3	0	34	17	2	56
73	1	3	3	34	17	3	inf
73	1	3	6	34	17	2	17
73	1	3	11	34	17	2	59
73	1	3	12	34	17	2	14
73	1	3	14	34	17	3	inf
73	1	4	0	34	17	2	14
73	1	4	1	34	17	2	59
73	1	4	6	34	17	2	17
73	1	4	9	34	17	3	inf
73	1	4	12	34	17	2	56
73	1	5	1	34	17	2	17
73	1	5	6	34	17	2	59
73	1	5	7	34	17	2	14
73	1	5	9	34	17	3	inf
73	1	5	12	34	17	2	56
73	1	5	15	34	17	3	inf
73	1	6	1	34	17	2	17
73	1	6	4	34	17	3	inf
73	1	6	7	34	17	2	56
73	1	6	12	34	17	2	14
73	1	6	13	34	17	2	59
73	1	7	1	34	17	2	59
73	1	7	2	34	17	2	14
73	1	7	4	34	17	3	inf
73	1	7	7	34	17	2	56
73	1	7	10	34	17	3	inf
73	1	7	13	34	17	2	17
73	1	8	2	34	17	2	56
73	1	8	7	34	17	2	14
73	1	8	8	34	17	2	59
73	1	8	13	34	17	2	17
73	1	8	16	34	17	3	inf
73	1	9	2	34	17	2	56
73	1	9	5	34	17	3	inf
73	1	9	8	34	17	2	17
73	1	9	13	34	17	2	59
73	1	9	14	34	17	2	14
73	1	9	16	34	17	3	inf
73	1	10	2	34	17	2	14
73	1	10	3	34	17	2	59
73	1	10	8	34	17	2	17
73	1	10	11	34	17	3	inf
73	1	10	14	34	17	2	56
73	1	11	0	34	17	3	inf
73	1	11	3	34	17	2	17
73	1	11	8	34	17	2	59
73	1	11	9	34	17	2	14
73	1	11	11	34	17	3	inf
73	1	11	14	34	17	2	56
73	1	12	3	34	17	2	17
73	1	12	6	34	17	3	inf
73	1	12	9	34	17	2	56
73	1	12	14	34	17	2	14
73	1	12	15	34	17	2	59
73	1	13	3	34	17	2	59
73	1	13	4	34	17	2	14
73	1	13	6	34	17	3	inf
73	1	13	9	34	17	2	56
73	1	13	12	34	17	3	inf
73	1	13	15	34	17	2	17
73	1	14	1	34	17	3	inf
73	1	14	4	34	17	2	56
73	1	14	9	34	17	2	14
73	1	14	10	34	17	2	59
73	1	14	15	34	17	2	17
73	1	15	1	34	17	3	inf
73	1	15	4	34	17	2	56
73	1	15	7	34	17	3	inf
73	1	15	10	34	17	2	17
73	1	15	15	34	17	2	59
73	1	15	16	34	17	2	14
73	1	16	4	34	17	2	14
73	1	16	5	34	17	2	59
73	1	16	10	34	17	2	17
73	1	16	13	34	17	3	inf
73	1	16	16	34	17	2	56
73	1	17	2	34	17	3	inf
73	1	17	5	34	17	2	17
73	1	17	10	34	17	2	59
73	1	17	11	34	17	2	14
73	1	17	13	34	17	3	inf
73	1	17	16	34	17	2	56
73	1	18	0	34	17	2	59
73	1	18	5	34	17	2	17
73	1	18	8	34	17	3	inf
73	1	18	11	34	17	2	56
73	1	18	16	34	17	2	14
73	1	19	0	34	17	2	17
73	1	19	5	34	17	2	59
73	1	19	6	34	17	2	14
73	1	19	8	34	17	3	inf
73	1	19	11	34	17	2	56
73	1	19	14	34	17	3	inf
73	1	20	0	34	17	2	17
73	1	20	3	34	17	3	inf
73	1	20	6	34	17	2	56
73	1	20	11	34	17	2	14
73	1	20	12	34	17	2	59
73	1	21	0	34	17	2	59
73	1	21	1	34	17	2	14
73	1	21	3	34	17	3	inf
73	1	21	6	34	17	2	56
73	1	21	9	34	17	3	inf
73	1	21	12	34	17	2	17
73	1	22	1	34	17	2	56
73	1	22	6	34	17	2	14
73	1	22	7	34	17	2	59
73	1	22	12	34	17	2	17
73	1	22	15	34	17	3	inf
73	1	23	1	34	17	2	56
73	1	23	4	34	17	3	inf
73	1	23	7	34	17	2	17
73	1	23	12	34	17	2	59
73	1	23	13	34	17	2	14
73	1	23	15	34	17	3	inf
73	1	24	1	34	17	2	14
73	1	24	2	34	17	2	59
73	1	24	7	34	17	2	17
73	1	24	10	34	17	3	inf
73	1	24	13	34	17	2	56
73	1	25	2	34	17	2	17
73	1	25	7	34	17	2	59
73	1	25	8	34	17	2	14
73	1	25	10	34	17	3	inf
73	1	25	13	34	17	2	56
73	1	25	16	34	17	3	inf
73	1	26	2	34	17	2	17
73	1	26	5	34	17	3	inf
73	1	26	8	34	17	2	56
73	1	26	13	34	17	2	14
73	1	26	14	34	17	2	59
73	1	27	2	34	17	2	59
73	1	27	3	34	17	2	14
73	1	27	5	34	17	3	inf
73	1	27	8	34	17	2	56
73	1	27	11	34	17	3	inf
73	1	27	14	34	17	2	17
73	1	28	0	34	17	3	inf
73	1	28	3	34	17	2	56
73	1	28	8	34	17	2	14
73	1	28	9	34	17	2	59
73	1	28	14	34	17	2	17
73	1	29	0	34	17	3	inf
73	1	29	3	34	17	2	56
73	1	29	6	34	17	3	inf
73	1	29	9	34	17	2	17
73	1	29	14	34	17	2	59
73	1	29	15	34	17	2	14
73	1	30	3	34	17	2	14
73	1	30	4	34	17	2	59
73	1	30	9	34	17	2	17
73	1	30	12	34	17	3	inf
73	1	30	15	34	17	2	56
73	1	31	1	34	17	3	inf
73	1	31	4	34	17	2	17
73	1	31	9	34	17	2	59
73	1	31	10	34	17	2	14
73	1	31	12	34	17	3	inf
73	1	31	15	34	17	2	56
73	1	32	4	34	17	2	17
73	1	32	7	34	17	3	inf
73	1	32	10	34	17	2	56
73	1	32	15	34	17	2	14
73	1	32	16	34	17	2	59
73	1	33	4	34	17	2	59
73	1	33	5	34	17	2	14
73	1	33	7	34	17	3	inf
73	1	33	10	34	17	2	56
73	1	33	13	34	17	3	inf
73	1	33	16	34	17	2	17
73	2	0	2	34	17	3	inf
73	2	0	5	34	17	2	17
73	2	0	10	34	17	2	59
73	2	0	11	34	17	2	14
73	2	0	13	34	17	3	inf
73	2	0	16	34	17	2	56
73	2	1	0	34	17	2	59
73	2	1	5	34	17	2	17
73	2	1	8	34	17	3	inf
73	2	1	11	34	17	2	56
73	2	1	16	34	17	2	14
73	2	2	0	34	17	2	17
73	2	2	5	34	17	2	59
73	2	2	6	34	17	2	14
73	2	2	8	34	17	3	inf
73	2	2	11	34	17	2	56
73	2	2	14	34	17	3	inf
73	2	3	0	34	17	2	17
73	2	3	3	34	17	3	inf
73	2	3	6	34	17	2	56
73	2	3	11	34	17	2	14
73	2	3	12	34	17	2	59
73	2	4	0	34	17	2	59
73	2	4	1	34	17	2	14
73	2	4	3	34	17	3	inf
73	2	4	6	34	17	2	56
73	2	4	9	34	17	3	inf
73	2	4	12	34	17	2	17
73	2	5	1	34	17	2	56
73	2	5	6	34	17	2	14
73	2	5	7	34	17	2	59
73	2	5	12	34	17	2	17
73	2	5	15	34	17	3	inf
73	2	6	1	34	17	2	56
73	2	6	4	34	17	3	inf
73	2	6	7	34	17	2	17
73	2	6	12	34	17	2	59
73	2	6	13	34	17	2	14
73	2	6	15	34	17	3	inf
73	2	7	1	34	17	2	14
73	2	7	2	34	17	2	59
73	2	7	7	34	17	2	17
73	2	7	10	34	17	3	inf
73	2	7	13	34	17	2	56
73	2	8	2	34	17	2	17
73	2	8	7	34	17	2	59
73	2	8	8	34	17	2	14
73	2	8	10	34	17	3	inf
73	2	8	13	34	17	2	56
73	2	8	16	34	17	3	inf
73	2	9	2	34	17	2	17
73	2	9	5	34	17	3	inf
73	2	9	8	34	17	2	56
73	2	9	13	34	17	2	14
73	2	9	14	34	17	2	59
73	2	10	2	34	17	2	59
73	2	10	3	34	17	2	14
73	2	10	5	34	17	3	inf
73	2	10	8	34	17	2	56
73	2	10	11	34	17	3	inf
73	2	10	14	34	17	2	17
73	2	11	0	34	17	3	inf
73	2	11	3	34	17	2	56
73	2	11	8	34	17	2	14
73	2	11	9	34	17	2	59
73	2	11	14	34	17	2	17
73	2	12	0	34	17	3	inf
73	2	12	3	34	17	2	56
73	2	12	6	34	17	3	inf
73	2	12	9	34	17	2	17
73	2	12	14	34	17	2	59
73	2	12	15	34	17	2	14
73	2	13	3	34	17	2	14
73	2	13	4	34	17	2	59
73	2	13	9	34	17	2	17
73	2	13	12	34	17	3	inf
73	2	13	15	34	17	2	56
73	2	14	1	34	17	3	inf
73	2	14	4	34	17	2	17
73	2	14	9	34	17	2	59
73	2	14	10	34	17	2	14
73	2	14	12	34	17	3	inf
73	2	14	15	34	17	2	56
73	2	15	4	34	17	2	17
73	2	15	7	34	17	3	inf
73	2	15	10	34	17	2	56
73	2	15	15	34	17	2	14
73	2	15	16	34	17	2	59
73	2	16	4	34	17	2	59
73	2	16	5	34	17	2	14
73	2	16	7	34	17	3	inf
73	2	16	10	34	17	2	56
73	2	16	13	34	17	3	inf
73	2	16	16	34	17	2	17
73	2	17	2	34	17	3	inf
73	2	17	5	34	17	2	56
73	2	17	10	34	17	2	14
73	2	17	11	34	17	2	59
73	2	17	16	34	17	2	17
73	2	18	0	34	17	2	14
73	2	18	2	34	17	3	inf
73	2	18	5	34	17	2	56
73	2	18	8	34	17	3	inf
73	2	18	11	34	17	2	17
73	2	18	16	34	17	2	59
73	2	19	0	34	17	2	56
73	2	19	5	34	17	2	14
73	2	19	6	34	17	2	59
73	2	19	11	34	17	2	17
73	2	19	14	34	17	3	inf
73	2	20	0	34	17	2	56
73	2	20	3	34	17	3	inf
73	2	20	6	34	17	2	17
73	2	20	11	34	17	2	59
73	2	20	12	34	17	2	14
73	2	20	14	34	17	3	inf
73	2	21	0	34	17	2	14
73	2	21	1	34	17	2	59
73	2	21	6	34	17	2	17
73	2	21	9	34	17	3	inf
73	2	21	12	34	17	2	56
73	2	22	1	34	17	2	17
73	2	22	6	34	17	2	59
73	2	22	7	34	17	2	14
73	2	22	9	34	17	3	inf
73	2	22	12	34	17	2	56
73	2	22	15	34	17	3	inf
73	2	23	1	34	17	2	17
73	2	23	4	34	17	3	inf
73	2	23	7	34	17	2	56
73	2	23	12	34	17	2	14
73	2	23	13	34	17	2	59
73	2	24	1	34	17	2	59
73	2	24	2	34	17	2	14
73	2	24	4	34	17	3	inf
73	2	24	7	34	17	2	56
73	2	24	10	34	17	3	inf
73	2	24	13	34	17	2	17
73	2	25	2	34	17	2	56
73	2	25	7	34	17	2	14
73	2	25	8	34	17	2	59
73	2	25	13	34	17	2	17
73	2	25	16	34	17	3	inf
73	2	26	2	34	17	2	56
73	2	26	5	34	17	3	inf
73	2	26	8	34	17	2	17
73	2	26	13	34	17	2	59
73	2	26	14	34	17	2	14
73	2	26	16	34	17	3	inf
73	2	27	2	34	17	2	14
73	2	27	3	34	17	2	59
73	2	27	8	34	17	2	17
73	2	27	11	34	17	3	inf
73	2	27	14	34	17	2	56
73	2	28	0	34	17	3	inf
73	2	28	3	34	17	2	17
73	2	28	8	34	17	2	59
73	2	28	9	34	17	2	14
73	2	28	11	34	17	3	inf
73	2	28	14	34	17	2	56
73	2	29	3	34	17	2	17
73	2	29	6	34	17	3	inf
73	2	29	9	34	17	2	56
73	2	29	14	34	17	2	14
73	2	29	15	34	17	2	59
73	2	30	3	34	17	2	59
73	2	30	4	34	17	2	14
73	2	30	6	34	17	3	inf
73	2	30	9	34	17	2	56
73	2	30	12	34	17	3	inf
73	2	30	15	34	17	2	17
73	2	31	1	34	17	3	inf
73	2	31	4	34	17	2	56
73	2	31	9	34	17	2	14
73	2	31	10	34	17	2	59
73	2	31	15	34	17	2	17
73	2	32	1	34	17	3	inf
73	2	32	4	34	17	2	56
73	2	32	7	34	17	3	inf
73	2	32	10	34	17	2	17
73	2	32	15	34	17	2	59
73	2	32	16	34	17	2	14
73	2	33	4	34	17	2	14
73	2	33	5	34	17	2	59
73	2	33	10	34	17	2	17
73	2	33	13	34	17	3	inf
73	2	33	16	34	17	2	56
79	1	0	0	38	19	3	1
79	1	0	5	38	19	3	74
79	1	0	6	38	19	2	61
79	1	0	7	38	19	2	18
79	1	0	8	38	19	3	5
79	1	0	13	38	19	3	78
79	1	0	16	38	19	3	inf
79	1	1	0	38	19	2	61
79	1	1	1	38	19	3	74
79	1	1	6	38	19	3	1
79	1	1	9	38	19	3	inf
79	1	1	12	38	19	3	78
79	1	1	17	38	19	3	5
79	1	1	18	38	19	3	inf
79	1	2	2	38	19	3	inf
79	1	2	5	38	19	3	1
79	1	2	10	38	19	3	74
79	1	2	11	38	19	2	61
79	1	2	12	38	19	2	18
79	1	2	13	38	19	3	5
79	1	2	18	38	19	3	78
79	1	3	3	38	19	3	5
79	1	3	4	38	19	3	inf
79	1	3	5	38	19	2	61
79	1	3	6	38	19	3	74
79	1	3	11	38	19	3	1
79	1	3	14	38	19	3	inf
79	1	3	17	38	19	3	78
79	1	4	4	38	19	3	78
79	1	4	7	38	19	3	inf
79	1	4	10	38	19	3	1
79	1	4	15	38	19	3	74
79	1	4	16	38	19	2	61
79	1	4	17	38	19	2	18
79	1	4	18	38	19	3	5
79	1	5	0	38	19	3	inf
79	1	5	3	38	19	3	78
79	1	5	8	38	19	3	5
79	1	5	9	38	19	3	inf
79	1	5	10	38	19	2	61
79	1	5	11	38	19	3	74
79	1	5	16	38	19	3	1
79	1	6	1	38	19	3	74
79	1	6	2	38	19	2	61
79	1	6	3	38	19	2	18
79	1	6	4	38	19	3	5
79	1	6	9	38	19	3	78
79	1	6	12	38	19	3	inf
79	1	6	15	38	19	3	1
79	1	7	2	38	19	3	1
79	1	7	5	38	19	3	inf
79	1	7	8	38	19	3	78
79	1	7	13	38	19	3	5
79	1	7	14	38	19	3	inf
79	1	7	15	38	19	2	61
79	1	7	16	38	19	3	74
79	1	8	1	38	19	3	1
79	1	8	6	38	19	3	74
79	1	8	7	38	19	2	61
79	1	8	8	38	19	2	18
79	1	8	9	38	19	3	5
79	1	8	14	38	19	3	78
79	1	8	17	38	19	3	inf
79	1	9	0	38	19	3	inf
79	1	9	1	38	19	2	61
79	1	9	2	38	19	3	74
79	1	9	7	38	19	3	1
79	1	9	10	38	19	3	inf
79	1	9	13	38	19	3	78
79	1	9	18	38	19	3	5
79	1	10	0	38	19	3	78
79	1	10	3	38	19	3	inf
79	1	10	6	38	19	3	1
79	1	10	11	38	19	3	74
79	1	10	12	38	19	2	61
79	1	10	13	38	19	2	18
79	1	10	14	38	19	3	5
79	1	11	4	38	19	3	5
79	1	11	5	38	19	3	inf
79	1	11	6	38	19	2	61
79	1	11	7	38	19	3	74
79	1	11	12	38	19	3	1
79	1	11	15	38	19	3	inf
79	1	11	18	38	19	3	78
79	1	12	0	38	19	3	5
79	1	12	5	38	19	3	78
79	1	12	8	38	19	3	inf
79	1	12	11	38	19	3	1
79	1	12	16	38	19	3	74
79	1	12	17	38	19	2	61
79	1	12	18	38	19	2	18
79	1	13	1	38	19	3	inf
79	1	13	4	38	19	3	78
79	1	13	9	38	19	3	5
79	1	13	10	38	19	3	inf
79	1	13	11	38	19	2	61
79	1	13	12	38	19	3	74
79	1	13	17	38	19	3	1
79	1	14	2	38	19	3	74
79	1	14	3	38	19	2	61
79	1	14	4	38	19	2	18
79	1	14	5	38	19	3	5
79	1	14	10	38	19	3	78
79	1	14	13	38	19	3	inf
79	1	14	16	38	19	3	1
79	1	15	3	38	19	3	1
79	1	15	6	38	19	3	inf
79	1	15	9	38	19	3	78
79	1	15	14	38	19	3	5
79	1	15	15	38	19	3	inf
79	1	15	16	38	19	2	61
79	1	15	17	38	19	3	74
79	1	16	2	38	19	3	1
79	1	16	7	38	19	3	74
79	1	16	8	38	19	2	61
79	1	16	9	38	19	2	18
79	1	16	10	38	19	3	5
79	1	16	15	38	19	3	78
79	1	16	18	38	19	3	inf
79	1	17	0	38	19	3	5
79	1	17	1	38	19	3	inf
79	1	17	2	38	19	2	61
79	1	17	3	38	19	3	74
79	1	17	8	38	19	3	1
79	1	17	11	38	19	3	inf
79	1	17	14	38	19	3	78
79	1	18	1	38	19	3	78
79	1	18	4	38	19	3	inf
79	1	18	7	38	19	3	1
79	1	18	12	38	19	3	74
79	1	18	13	38	19	2	61
79	1	18	14	38	19	2	18
79	1	18	15	38	19	3	5
79	1	19	0	38	19	3	78
79	1	19	5	38	19	3	5
79	1	19	6	38	19	3	inf
79	1	19	7	38	19	2	61
79	1	19	8	38	19	3	74
79	1	19	13	38	19	3	1
79	1	19	16	38	19	3	inf
79	1	20	0	38	19	2	18
79	1	20	1	38	19	3	5
79	1	20	6	38	19	3	78
79	1	20	9	38	19	3	inf
79	1	20	12	38	19	3	1
79	1	20	17	38	19	3	74
79	1	20	18	38	19	2	61
79	1	21	2	38	19	3	inf
79	1	21	5	38	19	3	78
79	1	21	10	38	19	3	5
79	1	21	11	38	19	3	inf
79	1	21	12	38	19	2	61
79	1	21	13	38	19	3	74
79	1	21	18	38	19	3	1
79	1	22	3	38	19	3	74
79	1	22	4	38	19	2	61
79	1	22	5	38	19	2	18
79	1	22	6	38	19	3	5
79	1	22	11	38	19	3	78
79	1	22	14	38	19	3	inf
79	1	22	17	38	19	3	1
79	1	23	4	38	19	3	1
79	1	23	7	38	19	3	inf
79	1	23	10	38	19	3	78
79	1	23	15	38	19	3	5
79	1	23	16	38	19	3	inf
79	1	23	17	38	19	2	61
79	1	23	18	38	19	3	74
79	1	24	0	38	19	3	inf
79	1	24	3	38	19	3	1
79	1	24	8	38	19	3	74
79	1	24	9	38	19	2	61
79	1	24	10	38	19	2	18
79	1	24	11	38	19	3	5
79	1	24	16	38	19	3	78
79	1	25	1	38	19	3	5
79	1	25	2	38	19	3	inf
79	1	25	3	38	19	2	61
79	1	25	4	38	19	3	74
79	1	25	9	38	19	3	1
79	1	25	12	38	19	3	inf
79	1	25	15	38	19	3	78
79	1	26	2	38	19	3	78
79	1	26	5	38	19	3	inf
79	1	26	8	38	19	3	1
79	1	26	13	38	19	3	74
79	1	26	14	38	19	2	61
79	1	26	15	38	19	2	18
79	1	26	16	38	19	3	5
79	1	27	1	38	19	3	78
79	1	27	6	38	19	3	5
79	1	27	7	38	19	3	inf
79	1	27	8	38	19	2	61
79	1	27	9	38	19	3	74
79	1	27	14	38	19	3	1
79	1	27	17	38	19	3	inf
79	1	28	0	38	19	2	61
79	1	28	1	38	19	2	18
79	1	28	2	38	19	3	5
79	1	28	7	38	19	3	78
79	1	28	10	38	19	3	inf
79	1	28	13	38	19	3	1
79	1	28	18	38	19	3	74
79	1	29	0	38	19	3	1
79	1	29	3	38	19	3	inf
79	1	29	6	38	19	3	78
79	1	29	11	38	19	3	5
79	1	29	12	38	19	3	inf
79	1	29	13	38	19	2	61
79	1	29	14	38	19	3	74
79	1	30	4	38	19	3	74
79	1	30	5	38	19	2	61
79	1	30	6	38	19	2	18
79	1	30	7	38	19	3	5
79	1	30	12	38	19	3	78
79	1	30	15	38	19	3	inf
79	1	30	18	38	19	3	1
79	1	31	0	38	19	3	74
79	1	31	5	38	19	3	1
79	1	31	8	38	19	3	inf
79	1	31	11	38	19	3	78
79	1	31	16	38	19	3	5
79	1	31	17	38	19	3	inf
79	1	31	18	38	19	2	61
79	1	32	1	38	19	3	inf
79	1	32	4	38	19	3	1
79	1	32	9	38	19	3	74
79	1	32	10	38	19	2	61
79	1	32	11	38	19	2	18
79	1	32	12	38	19	3	5
79	1	32	17	38	19	3	78
79	1	33	2	38	19	3	5
79	1	33	3	38	19	3	inf
79	1	33	4	38	19	2	61
79	1	33	5	38	19	3	74
79	1	33	10	38	19	3	1
79	1	33	13	38	19	3	inf
79	1	33	16	38	19	3	78
79	1	34	3	38	19	3	78
79	1	34	6	38	19	3	inf
79	1	34	9	38	19	3	1
79	1	34	14	38	19	3	74
79	1	34	15	38	19	2	61
79	1	34	16	38	19	2	18
79	1	34	17	38	19	3	5
79	1	35	2	38	19	3	78
79	1	35	7	38	19	3	5
79	1	35	8	38	19	3	inf
79	1	35	9	38	19	2	61
79	1	35	10	38	19	3	74
79	1	35	15	38	19	3	1
79	1	35	18	38	19	3	inf
79	1	36	0	38	19	3	74
79	1	36	1	38	19	2	61
79	1	36	2	38	19	2	18
79	1	36	3	38	19	3	5
79	1	36	8	38	19	3	78
79	1	36	11	38	19	3	inf
79	1	36	14	38	19	3	1
79	1	37	1	38	19	3	1
79	1	37	4	38	19	3	inf
79	1	37	7	38	19	3	78
79	1	37	12	38	19	3	5
79	1	37	13	38	19	3	inf
79	1	37	14	38	19	2	61
79	1	37	15	38	19	3	74
79	2	0	0	38	19	3	78
79	2	0	5	38	19	3	5
79	2	0	6	38	19	3	inf
79	2	0	7	38	19	2	61
79	2	0	8	38	19	3	74
79	2	0	13	38	19	3	1
79	2	0	16	38	19	3	inf
79	2	1	0	38	19	2	18
79	2	1	1	38	19	3	5
79	2	1	6	38	19	3	78
79	2	1	9	38	19	3	inf
79	2	1	12	38	19	3	1
79	2	1	17	38	19	3	74
79	2	1	18	38	19	2	61
79	2	2	2	38	19	3	inf
79	2	2	5	38	19	3	78
79	2	2	10	38	19	3	5
79	2	2	11	38	19	3	inf
79	2	2	12	38	19	2	61
79	2	2	13	38	19	3	74
79	2	2	18	38	19	3	1
79	2	3	3	38	19	3	74
79	2	3	4	38	19	2	61
79	2	3	5	38	19	2	18
79	2	3	6	38	19	3	5
79	2	3	11	38	19	3	78
79	2	3	14	38	19	3	inf
79	2	3	17	38	19	3	1
79	2	4	4	38	19	3	1
79	2	4	7	38	19	3	inf
79	2	4	10	38	19	3	78
79	2	4	15	38	19	3	5
79	2	4	16	38	19	3	inf
79	2	4	17	38	19	2	61
79	2	4	18	38	19	3	74
79	2	5	0	38	19	3	inf
79	2	5	3	38	19	3	1
79	2	5	8	38	19	3	74
79	2	5	9	38	19	2	61
79	2	5	10	38	19	2	18
79	2	5	11	38	19	3	5
79	2	5	16	38	19	3	78
79	2	6	1	38	19	3	5
79	2	6	2	38	19	3	inf
79	2	6	3	38	19	2	61
79	2	6	4	38	19	3	74
79	2	6	9	38	19	3	1
79	2	6	12	38	19	3	inf
79	2	6	15	38	19	3	78
79	2	7	2	38	19	3	78
79	2	7	5	38	19	3	inf
79	2	7	8	38	19	3	1
79	2	7	13	38	19	3	74
79	2	7	14	38	19	2	61
79	2	7	15	38	19	2	18
79	2	7	16	38	19	3	5
79	2	8	1	38	19	3	78
79	2	8	6	38	19	3	5
79	2	8	7	38	19	3	inf
79	2	8	8	38	19	2	61
79	2	8	9	38	19	3	74
79	2	8	14	38	19	3	1
79	2	8	17	38	19	3	inf
79	2	9	0	38	19	2	61
79	2	9	1	38	19	2	18
79	2	9	2	38	19	3	5
79	2	9	7	38	19	3	78
79	2	9	10	38	19	3	inf
79	2	9	13	38	19	3	1
79	2	9	18	38	19	3	74
79	2	10	0	38	19	3	1
79	2	10	3	38	19	3	inf
79	2	10	6	38	19	3	78
79	2	10	11	38	19	3	5
79	2	10	12	38	19	3	inf
79	2	10	13	38	19	2	61
79	2	10	14	38	19	3	74
79	2	11	4	38	19	3	74
79	2	11	5	38	19	2	61
79	2	11	6	38	19	2	18
79	2	11	7	38	19	3	5
79	2	11	12	38	19	3	78
79	2	11	15	38	19	3	inf
79	2	11	18	38	19	3	1
79	2	12	0	38	19	3	74
79	2	12	5	38	19	3	1
79	2	12	8	38	19	3	inf
79	2	12	11	38	19	3	78
79	2	12	16	38	19	3	5
79	2	12	17	38	19	3	inf
79	2	12	18	38	19	2	61
79	2	13	1	38	19	3	inf
79	2	13	4	38	19	3	1
79	2	13	9	38	19	3	74
79	2	13	10	38	19	2	61
79	2	13	11	38	19	2	18
79	2	13	12	38	19	3	5
79	2	13	17	38	19	3	78
79	2	14	2	38	19	3	5
79	2	14	3	38	19	3	inf
79	2	14	4	38	19	2	61
79	2	14	5	38	19	3	74
79	2	14	10	38	19	3	1
79	2	14	13	38	19	3	inf
79	2	14	16	38	19	3	78
79	2	15	3	38	19	3	78
79	2	15	6	38	19	3	inf
79	2	15	9	38	19	3	1
79	2	15	14	38	19	3	74
79	2	15	15	38	19	2	61
79	2	15	16	38	19	2	18
79	2	15	17	38	19	3	5
79	2	16	2	38	19	3	78
79	2	16	7	38	19	3	5
79	2	16	8	38	19	3	inf
79	2	16	9	38	19	2	61
79	2	16	10	38	19	3	74
79	2	16	15	38	19	3	1
79	2	16	18	38	19	3	inf
79	2	17	0	38	19	3	74
79	2	17	1	38	19	2	61
79	2	17	2	38	19	2	18
79	2	17	3	38	19	3	5
79	2	17	8	38	19	3	78
79	2	17	11	38	19	3	inf
79	2	17	14	38	19	3	1
79	2	18	1	38	19	3	1
79	2	18	4	38	19	3	inf
79	2	18	7	38	19	3	78
79	2	18	12	38	19	3	5
79	2	18	13	38	19	3	inf
79	2	18	14	38	19	2	61
79	2	18	15	38	19	3	74
79	2	19	0	38	19	3	1
79	2	19	5	38	19	3	74
79	2	19	6	38	19	2	61
79	2	19	7	38	19	2	18
79	2	19	8	38	19	3	5
79	2	19	13	38	19	3	78
79	2	19	16	38	19	3	inf
79	2	20	0	38	19	2	61
79	2	20	1	38	19	3	74
79	2	20	6	38	19	3	1
79	2	20	9	38	19	3	inf
79	2	20	12	38	19	3	78
79	2	20	17	38	19	3	5
79	2	20	18	38	19	3	inf
79	2	21	2	38	19	3	inf
79	2	21	5	38	19	3	1
79	2	21	10	38	19	3	74
79	2	21	11	38	19	2	61
79	2	21	12	38	19	2	18
79	2	21	13	38	19	3	5
79	2	21	18	38	19	3	78
79	2	22	3	38	19	3	5
79	2	22	4	38	19	3	inf
79	2	22	5	38	19	2	61
79	2	22	6	38	19	3	74
79	2	22	11	38	19	3	1
79	2	22	14	38	19	3	inf
79	2	22	17	38	19	3	78
79	2	23	4	38	19	3	78
79	2	23	7	38	19	3	inf
79	2	23	10	38	19	3	1
79	2	23	15	38	19	3	74
79	2	23	16	38	19	2	61
79	2	23	17	38	19	2	18
79	2	23	18	38	19	3	5
79	2	24	0	38	19	3	inf
79	2	24	3	38	19	3	78
79	2	24	8	38	19	3	5
79	2	24	9	38	19	3	inf
79	2	24	10	38	19	2	61
79	2	24	11	38	19	3	74
79	2	24	16	38	19	3	1
79	2	25	1	38	19	3	74
79	2	25	2	38	19	2	61
79	2	25	3	38	19	2	18
79	2	25	4	38	19	3	5
79	2	25	9	38	19	3	78
79	2	25	12	38	19	3	inf
79	2	25	15	38	19	3	1
79	2	26	2	38	19	3	1
79	2	26	5	38	19	3	inf
79	2	26	8	38	19	3	78
79	2	26	13	38	19	3	5
79	2	26	14	38	19	3	inf
79	2	26	15	38	19	2	61
79	2	26	16	38	19	3	74
79	2	27	1	38	19	3	1
79	2	27	6	38	19	3	74
79	2	27	7	38	19	2	61
79	2	27	8	38	19	2	18
79	2	27	9	38	19	3	5
79	2	27	14	38	19	3	78
79	2	27	17	38	19	3	inf
79	2	28	0	38	19	3	inf
79	2	28	1	38	19	2	61
79	2	28	2	38	19	3	74
79	2	28	7	38	19	3	1
79	2	28	10	38	19	3	inf
79	2	28	13	38	19	3	78
79	2	28	18	38	19	3	5
79	2	29	0	38	19	3	78
79	2	29	3	38	19	3	inf
79	2	29	6	38	19	3	1
79	2	29	11	38	19	3	74
79	2	29	12	38	19	2	61
79	2	29	13	38	19	2	18
79	2	29	14	38	19	3	5
79	2	30	4	38	19	3	5
79	2	30	5	38	19	3	inf
79	2	30	6	38	19	2	61
79	2	30	7	38	19	3	74
79	2	30	12	38	19	3	1
79	2	30	15	38	19	3	inf
79	2	30	18	38	19	3	78
79	2	31	0	38	19	3	5
79	2	31	5	38	19	3	78
79	2	31	8	38	19	3	inf
79	2	31	11	38	19	3	1
79	2	31	16	38	19	3	74
79	2	31	17	38	19	2	61
79	2	31	18	38	19	2	18
79	2	32	1	38	19	3	inf
79	2	32	4	38	19	3	78
79	2	32	9	38	19	3	5
79	2	32	10	38	19	3	inf
79	2	32	11	38	19	2	61
79	2	32	12	38	19	3	74
79	2	32	17	38	19	3	1
79	2	33	2	38	19	3	74
79	2	33	3	38	19	2	61
79	2	33	4	38	19	2	18
79	2	33	5	38	19	3	5
79	2	33	10	38	19	3	78
79	2	33	13	38	19	3	inf
79	2	33	16	38	19	3	1
79	2	34	3	38	19	3	1
79	2	34	6	38	19	3	inf
79	2	34	9	38	19	3	78
79	2	34	14	38	19	3	5
79	2	34	15	38	19	3	inf
79	2	34	16	38	19	2	61
79	2	34	17	38	19	3	74
79	2	35	2	38	19	3	1
79	2	35	7	38	19	3	74
79	2	35	8	38	19	2	61
79	2	35	9	38	19	2	18
79	2	35	10	38	19	3	5
79	2	35	15	38	19	3	78
79	2	35	18	38	19	3	inf
79	2	36	0	38	19	3	5
79	2	36	1	38	19	3	inf
79	2	36	2	38	19	2	61
79	2	36	3	38	19	3	74
79	2	36	8	38	19	3	1
79	2	36	11	38	19	3	inf
79	2	36	14	38	19	3	78
79	2	37	1	38	19	3	78
79	2	37	4	38	19	3	inf
79	2	37	7	38	19	3	1
79	2	37	12	38	19	3	74
79	2	37	13	38	19	2	61
79	2	37	14	38	19	2	18
79	2	37	15	38	19	3	5
83	1	0	3	38	19	2	74
83	1	0	4	38	19	3	0
83	1	0	5	38	19	2	9
83	1	0	9	38	19	2	50
83	1	0	13	38	19	2	3
83	1	0	14	38	19	2	80
83	1	0	18	38	19	2	33
83	1	1	0	38	19	2	3
83	1	1	4	38	19	2	50
83	1	1	8	38	19	2	9
83	1	1	9	38	19	3	0
83	1	1	10	38	19	2	74
83	1	1	14	38	19	2	33
83	1	1	16	38	19	3	inf
83	1	1	18	38	19	2	80
83	1	2	0	38	19	2	50
83	1	2	4	38	19	2	3
83	1	2	5	38	19	2	80
83	1	2	9	38	19	2	33
83	1	2	13	38	19	2	74
83	1	2	14	38	19	3	0
83	1	2	15	38	19	2	9
83	1	3	0	38	19	3	0
83	1	3	1	38	19	2	74
83	1	3	5	38	19	2	33
83	1	3	7	38	19	3	inf
83	1	3	9	38	19	2	80
83	1	3	10	38	19	2	3
83	1	3	14	38	19	2	50
83	1	3	18	38	19	2	9
83	1	4	0	38	19	2	33
83	1	4	4	38	19	2	74
83	1	4	5	38	19	3	0
83	1	4	6	38	19	2	9
83	1	4	10	38	19	2	50
83	1	4	14	38	19	2	3
83	1	4	15	38	19	2	80
83	1	5	0	38	19	2	80
83	1	5	1	38	19	2	3
83	1	5	5	38	19	2	50
83	1	5	9	38	19	2	9
83	1	5	10	38	19	3	0
83	1	5	11	38	19	2	74
83	1	5	15	38	19	2	33
83	1	5	17	38	19	3	inf
83	1	6	1	38	19	2	50
83	1	6	5	38	19	2	3
83	1	6	6	38	19	2	80
83	1	6	10	38	19	2	33
83	1	6	14	38	19	2	74
83	1	6	15	38	19	3	0
83	1	6	16	38	19	2	9
83	1	7	0	38	19	2	9
83	1	7	1	38	19	3	0
83	1	7	2	38	19	2	74
83	1	7	6	38	19	2	33
83	1	7	8	38	19	3	inf
83	1	7	10	38	19	2	80
83	1	7	11	38	19	2	3
83	1	7	15	38	19	2	50
83	1	8	1	38	19	2	33
83	1	8	5	38	19	2	74
83	1	8	6	38	19	3	0
83	1	8	7	38	19	2	9
83	1	8	11	38	19	2	50
83	1	8	15	38	19	2	3
83	1	8	16	38	19	2	80
83	1	9	1	38	19	2	80
83	1	9	2	38	19	2	3
83	1	9	6	38	19	2	50
83	1	9	10	38	19	2	9
83	1	9	11	38	19	3	0
83	1	9	12	38	19	2	74
83	1	9	16	38	19	2	33
83	1	9	18	38	19	3	inf
83	1	10	2	38	19	2	50
83	1	10	6	38	19	2	3
83	1	10	7	38	19	2	80
83	1	10	11	38	19	2	33
83	1	10	15	38	19	2	74
83	1	10	16	38	19	3	0
83	1	10	17	38	19	2	9
83	1	11	1	38	19	2	9
83	1	11	2	38	19	3	0
83	1	11	3	38	19	2	74
83	1	11	7	38	19	2	33
83	1	11	9	38	19	3	inf
83	1	11	11	38	19	2	80
83	1	11	12	38	19	2	3
83	1	11	16	38	19	2	50
83	1	12	2	38	19	2	33
83	1	12	6	38	19	2	74
83	1	12	7	38	19	3	0
83	1	12	8	38	19	2	9
83	1	12	12	38	19	2	50
83	1	12	16	38	19	2	3
83	1	12	17	38	19	2	80
83	1	13	0	38	19	3	inf
83	1	13	2	38	19	2	80
83	1	13	3	38	19	2	3
83	1	13	7	38	19	2	50
83	1	13	11	38	19	2	9
83	1	13	12	38	19	3	0
83	1	13	13	38	19	2	74
83	1	13	17	38	19	2	33
83	1	14	3	38	19	2	50
83	1	14	7	38	19	2	3
83	1	14	8	38	19	2	80
83	1	14	12	38	19	2	33
83	1	14	16	38	19	2	74
83	1	14	17	38	19	3	0
83	1	14	18	38	19	2	9
83	1	15	2	38	19	2	9
83	1	15	3	38	19	3	0
83	1	15	4	38	19	2	74
83	1	15	8	38	19	2	33
83	1	15	10	38	19	3	inf
83	1	15	12	38	19	2	80
83	1	15	13	38	19	2	3
83	1	15	17	38	19	2	50
83	1	16	3	38	19	2	33
83	1	16	7	38	19	2	74
83	1	16	8	38	19	3	0
83	1	16	9	38	19	2	9
83	1	16	13	38	19	2	50
83	1	16	17	38	19	2	3
83	1	16	18	38	19	2	80
83	1	17	1	38	19	3	inf
83	1	17	3	38	19	2	80
83	1	17	4	38	19	2	3
83	1	17	8	38	19	2	50
83	1	17	12	38	19	2	9
83	1	17	13	38	19	3	0
83	1	17	14	38	19	2	74
83	1	17	18	38	19	2	33
83	1	18	0	38	19	2	9
83	1	18	4	38	19	2	50
83	1	18	8	38	19	2	3
83	1	18	9	38	19	2	80
83	1	18	13	38	19	2	33
83	1	18	17	38	19	2	74
83	1	18	18	38	19	3	0
83	1	19	3	38	19	2	9
83	1	19	4	38	19	3	0
83	1	19	5	38	19	2	74
83	1	19	9	38	19	2	33
83	1	19	11	38	19	3	inf
83	1	19	13	38	19	2	80
83	1	19	14	38	19	2	3
83	1	19	18	38	19	2	50
83	1	20	0	38	19	2	80
83	1	20	4	38	19	2	33
83	1	20	8	38	19	2	74
83	1	20	9	38	19	3	0
83	1	20	10	38	19	2	9
83	1	20	14	38	19	2	50
83	1	20	18	38	19	2	3
83	1	21	0	38	19	2	33
83	1	21	2	38	19	3	inf
83	1	21	4	38	19	2	80
83	1	21	5	38	19	2	3
83	1	21	9	38	19	2	50
83	1	21	13	38	19	2	9
83	1	21	14	38	19	3	0
83	1	21	15	38	19	2	74
83	1	22	0	38	19	3	0
83	1	22	1	38	19	2	9
83	1	22	5	38	19	2	50
83	1	22	9	38	19	2	3
83	1	22	10	38	19	2	80
83	1	22	14	38	19	2	33
83	1	22	18	38	19	2	74
83	1	23	0	38	19	2	50
83	1	23	4	38	19	2	9
83	1	23	5	38	19	3	0
83	1	23	6	38	19	2	74
83	1	23	10	38	19	2	33
83	1	23	12	38	19	3	inf
83	1	23	14	38	19	2	80
83	1	23	15	38	19	2	3
83	1	24	0	38	19	2	3
83	1	24	1	38	19	2	80
83	1	24	5	38	19	2	33
83	1	24	9	38	19	2	74
83	1	24	10	38	19	3	0
83	1	24	11	38	19	2	9
83	1	24	15	38	19	2	50
83	1	25	1	38	19	2	33
83	1	25	3	38	19	3	inf
83	1	25	5	38	19	2	80
83	1	25	6	38	19	2	3
83	1	25	10	38	19	2	50
83	1	25	14	38	19	2	9
83	1	25	15	38	19	3	0
83	1	25	16	38	19	2	74
83	1	26	0	38	19	2	74
83	1	26	1	38	19	3	0
83	1	26	2	38	19	2	9
83	1	26	6	38	19	2	50
83	1	26	10	38	19	2	3
83	1	26	11	38	19	2	80
83	1	26	15	38	19	2	33
83	1	27	1	38	19	2	50
83	1	27	5	38	19	2	9
83	1	27	6	38	19	3	0
83	1	27	7	38	19	2	74
83	1	27	11	38	19	2	33
83	1	27	13	38	19	3	inf
83	1	27	15	38	19	2	80
83	1	27	16	38	19	2	3
83	1	28	1	38	19	2	3
83	1	28	2	38	19	2	80
83	1	28	6	38	19	2	33
83	1	28	10	38	19	2	74
83	1	28	11	38	19	3	0
83	1	28	12	38	19	2	9
83	1	28	16	38	19	2	50
83	1	29	2	38	19	2	33
83	1	29	4	38	19	3	inf
83	1	29	6	38	19	2	80
83	1	29	7	38	19	2	3
83	1	29	11	38	19	2	50
83	1	29	15	38	19	2	9
83	1	29	16	38	19	3	0
83	1	29	17	38	19	2	74
83	1	30	1	38	19	2	74
83	1	30	2	38	19	3	0
83	1	30	3	38	19	2	9
83	1	30	7	38	19	2	50
83	1	30	11	38	19	2	3
83	1	30	12	38	19	2	80
83	1	30	16	38	19	2	33
83	1	31	2	38	19	2	50
83	1	31	6	38	19	2	9
83	1	31	7	38	19	3	0
83	1	31	8	38	19	2	74
83	1	31	12	38	19	2	33
83	1	31	14	38	19	3	inf
83	1	31	16	38	19	2	80
83	1	31	17	38	19	2	3
83	1	32	2	38	19	2	3
83	1	32	3	38	19	2	80
83	1	32	7	38	19	2	33
83	1	32	11	38	19	2	74
83	1	32	12	38	19	3	0
83	1	32	13	38	19	2	9
83	1	32	17	38	19	2	50
83	1	33	3	38	19	2	33
83	1	33	5	38	19	3	inf
83	1	33	7	38	19	2	80
83	1	33	8	38	19	2	3
83	1	33	12	38	19	2	50
83	1	33	16	38	19	2	9
83	1	33	17	38	19	3	0
83	1	33	18	38	19	2	74
83	1	34	2	38	19	2	74
83	1	34	3	38	19	3	0
83	1	34	4	38	19	2	9
83	1	34	8	38	19	2	50
83	1	34	12	38	19	2	3
83	1	34	13	38	19	2	80
83	1	34	17	38	19	2	33
83	1	35	3	38	19	2	50
83	1	35	7	38	19	2	9
83	1	35	8	38	19	3	0
83	1	35	9	38	19	2	74
83	1	35	13	38	19	2	33
83	1	35	15	38	19	3	inf
83	1	35	17	38	19	2	80
83	1	35	18	38	19	2	3
83	1	36	3	38	19	2	3
83	1	36	4	38	19	2	80
83	1	36	8	38	19	2	33
83	1	36	12	38	19	2	74
83	1	36	13	38	19	3	0
83	1	36	14	38	19	2	9
83	1	36	18	38	19	2	50
83	1	37	0	38	19	2	74
83	1	37	4	38	19	2	33
83	1	37	6	38	19	3	inf
83	1	37	8	38	19	2	80
83	1	37	9	38	19	2	3
83	1	37	13	38	19	2	50
83	1	37	17	38	19	2	9
83	1	37	18	38	19	3	0
83	2	0	3	38	19	2	9
83	2	0	4	38	19	3	0
83	2	0	5	38	19	2	74
83	2	0	9	38	19	2	33
83	2	0	11	38	19	3	inf
83	2	0	13	38	19	2	80
83	2	0	14	38	19	2	3
83	2	0	18	38	19	2	50
83	2	1	0	38	19	2	80
83	2	1	4	38	19	2	33
83	2	1	8	38	19	2	74
83	2	1	9	38	19	3	0
83	2	1	10	38	19	2	9
83	2	1	14	38	19	2	50
83	2	1	18	38	19	2	3
83	2	2	0	38	19	2	33
83	2	2	2	38	19	3	inf
83	2	2	4	38	19	2	80
83	2	2	5	38	19	2	3
83	2	2	9	38	19	2	50
83	2	2	13	38	19	2	9
83	2	2	14	38	19	3	0
83	2	2	15	38	19	2	74
83	2	3	0	38	19	3	0
83	2	3	1	38	19	2	9
83	2	3	5	38	19	2	50
83	2	3	9	38	19	2	3
83	2	3	10	38	19	2	80
83	2	3	14	38	19	2	33
83	2	3	18	38	19	2	74
83	2	4	0	38	19	2	50
83	2	4	4	38	19	2	9
83	2	4	5	38	19	3	0
83	2	4	6	38	19	2	74
83	2	4	10	38	19	2	33
83	2	4	12	38	19	3	inf
83	2	4	14	38	19	2	80
83	2	4	15	38	19	2	3
83	2	5	0	38	19	2	3
83	2	5	1	38	19	2	80
83	2	5	5	38	19	2	33
83	2	5	9	38	19	2	74
83	2	5	10	38	19	3	0
83	2	5	11	38	19	2	9
83	2	5	15	38	19	2	50
83	2	6	1	38	19	2	33
83	2	6	3	38	19	3	inf
83	2	6	5	38	19	2	80
83	2	6	6	38	19	2	3
83	2	6	10	38	19	2	50
83	2	6	14	38	19	2	9
83	2	6	15	38	19	3	0
83	2	6	16	38	19	2	74
83	2	7	0	38	19	2	74
83	2	7	1	38	19	3	0
83	2	7	2	38	19	2	9
83	2	7	6	38	19	2	50
83	2	7	10	38	19	2	3
83	2	7	11	38	19	2	80
83	2	7	15	38	19	2	33
83	2	8	1	38	19	2	50
83	2	8	5	38	19	2	9
83	2	8	6	38	19	3	0
83	2	8	7	38	19	2	74
83	2	8	11	38	19	2	33
83	2	8	13	38	19	3	inf
83	2	8	15	38	19	2	80
83	2	8	16	38	19	2	3
83	2	9	1	38	19	2	3
83	2	9	2	38	19	2	80
83	2	9	6	38	19	2	33
83	2	9	10	38	19	2	74
83	2	9	11	38	19	3	0
83	2	9	12	38	19	2	9
83	2	9	16	38	19	2	50
83	2	10	2	38	19	2	33
83	2	10	4	38	19	3	inf
83	2	10	6	38	19	2	80
83	2	10	7	38	19	2	3
83	2	10	11	38	19	2	50
83	2	10	15	38	19	2	9
83	2	10	16	38	19	3	0
83	2	10	17	38	19	2	74
83	2	11	1	38	19	2	74
83	2	11	2	38	19	3	0
83	2	11	3	38	19	2	9
83	2	11	7	38	19	2	50
83	2	11	11	38	19	2	3
83	2	11	12	38	19	2	80
83	2	11	16	38	19	2	33
83	2	12	2	38	19	2	50
83	2	12	6	38	19	2	9
83	2	12	7	38	19	3	0
83	2	12	8	38	19	2	74
83	2	12	12	38	19	2	33
83	2	12	14	38	19	3	inf
83	2	12	16	38	19	2	80
83	2	12	17	38	19	2	3
83	2	13	2	38	19	2	3
83	2	13	3	38	19	2	80
83	2	13	7	38	19	2	33
83	2	13	11	38	19	2	74
83	2	13	12	38	19	3	0
83	2	13	13	38	19	2	9
83	2	13	17	38	19	2	50
83	2	14	3	38	19	2	33
83	2	14	5	38	19	3	inf
83	2	14	7	38	19	2	80
83	2	14	8	38	19	2	3
83	2	14	12	38	19	2	50
83	2	14	16	38	19	2	9
83	2	14	17	38	19	3	0
83	2	14	18	38	19	2	74
83	2	15	2	38	19	2	74
83	2	15	3	38	19	3	0
83	2	15	4	38	19	2	9
83	2	15	8	38	19	2	50
83	2	15	12	38	19	2	3
83	2	15	13	38	19	2	80
83	2	15	17	38	19	2	33
83	2	16	3	38	19	2	50
83	2	16	7	38	19	2	9
83	2	16	8	38	19	3	0
83	2	16	9	38	19	2	74
83	2	16	13	38	19	2	33
83	2	16	15	38	19	3	inf
83	2	16	17	38	19	2	80
83	2	16	18	38	19	2	3
83	2	17	3	38	19	2	3
83	2	17	4	38	19	2	80
83	2	17	8	38	19	2	33
83	2	17	12	38	19	2	74
83	2	17	13	38	19	3	0
83	2	17	14	38	19	2	9
83	2	17	18	38	19	2	50
83	2	18	0	38	19	2	74
83	2	18	4	38	19	2	33
83	2	18	6	38	19	3	inf
83	2	18	8	38	19	2	80
83	2	18	9	38	19	2	3
83	2	18	13	38	19	2	50
83	2	18	17	38	19	2	9
83	2	18	18	38	19	3	0
83	2	19	3	38	19	2	74
83	2	19	4	38	19	3	0
83	2	19	5	38	19	2	9
83	2	19	9	38	19	2	50
83	2	19	13	38	19	2	3
83	2	19	14	38	19	2	80
83	2	19	18	38	19	2	33
83	2	20	0	38	19	2	3
83	2	20	4	38	19	2	50
83	2	20	8	38	19	2	9
83	2	20	9	38	19	3	0
83	2	20	10	38	19	2	74
83	2	20	14	38	19	2	33
83	2	20	16	38	19	3	inf
83	2	20	18	38	19	2	80
83	2	21	0	38	19	2	50
83	2	21	4	38	19	2	3
83	2	21	5	38	19	2	80
83	2	21	9	38	19	2	33
83	2	21	13	38	19	2	74
83	2	21	14	38	19	3	0
83	2	21	15	38	19	2	9
83	2	22	0	38	19	3	0
83	2	22	1	38	19	2	74
83	2	22	5	38	19	2	33
83	2	22	7	38	19	3	inf
83	2	22	9	38	19	2	80
83	2	22	10	38	19	2	3
83	2	22	14	38	19	2	50
83	2	22	18	38	19	2	9
83	2	23	0	38	19	2	33
83	2	23	4	38	19	2	74
83	2	23	5	38	19	3	0
83	2	23	6	38	19	2	9
83	2	23	10	38	19	2	50
83	2	23	14	38	19	2	3
83	2	23	15	38	19	2	80
83	2	24	0	38	19	2	80
83	2	24	1	38	19	2	3
83	2	24	5	38	19	2	50
83	2	24	9	38	19	2	9
83	2	24	10	38	19	3	0
83	2	24	11	38	19	2	74
83	2	24	15	38	19	2	33
83	2	24	17	38	19	3	inf
83	2	25	1	38	19	2	50
83	2	25	5	38	19	2	3
83	2	25	6	38	19	2	80
83	2	25	10	38	19	2	33
83	2	25	14	38	19	2	74
83	2	25	15	38	19	3	0
83	2	25	16	38	19	2	9
83	2	26	0	38	19	2	9
83	2	26	1	38	19	3	0
83	2	26	2	38	19	2	74
83	2	26	6	38	19	2	33
83	2	26	8	38	19	3	inf
83	2	26	10	38	19	2	80
83	2	26	11	38	19	2	3
83	2	26	15	38	19	2	50
83	2	27	1	38	19	2	33
83	2	27	5	38	19	2	74
83	2	27	6	38	19	3	0
83	2	27	7	38	19	2	9
83	2	27	11	38	19	2	50
83	2	27	15	38	19	2	3
83	2	27	16	38	19	2	80
83	2	28	1	38	19	2	80
83	2	28	2	38	19	2	3
83	2	28	6	38	19	2	50
83	2	28	10	38	19	2	9
83	2	28	11	38	19	3	0
83	2	28	12	38	19	2	74
83	2	28	16	38	19	2	33
83	2	28	18	38	19	3	inf
83	2	29	2	38	19	2	50
83	2	29	6	38	19	2	3
83	2	29	7	38	19	2	80
83	2	29	11	38	19	2	33
83	2	29	15	38	19	2	74
83	2	29	16	38	19	3	0
83	2	29	17	38	19	2	9
83	2	30	1	38	19	2	9
83	2	30	2	38	19	3	0
83	2	30	3	38	19	2	74
83	2	30	7	38	19	2	33
83	2	30	9	38	19	3	inf
83	2	30	11	38	19	2	80
83	2	30	12	38	19	2	3
83	2	30	16	38	19	2	50
83	2	31	2	38	19	2	33
83	2	31	6	38	19	2	74
83	2	31	7	38	19	3	0
83	2	31	8	38	19	2	9
83	2	31	12	38	19	2	50
83	2	31	16	38	19	2	3
83	2	31	17	38	19	2	80
83	2	32	0	38	19	3	inf
83	2	32	2	38	19	2	80
83	2	32	3	38	19	2	3
83	2	32	7	38	19	2	50
83	2	32	11	38	19	2	9
83	2	32	12	38	19	3	0
83	2	32	13	38	19	2	74
83	2	32	17	38	19	2	33
83	2	33	3	38	19	2	50
83	2	33	7	38	19	2	3
83	2	33	8	38	19	2	80
83	2	33	12	38	19	2	33
83	2	33	16	38	19	2	74
83	2	33	17	38	19	3	0
83	2	33	18	38	19	2	9
83	2	34	2	38	19	2	9
83	2	34	3	38	19	3	0
83	2	34	4	38	19	2	74
83	2	34	8	38	19	2	33
83	2	34	10	38	19	3	inf
83	2	34	12	38	19	2	80
83	2	34	13	38	19	2	3
83	2	34	17	38	19	2	50
83	2	35	3	38	19	2	33
83	2	35	7	38	19	2	74
83	2	35	8	38	19	3	0
83	2	35	9	38	19	2	9
83	2	35	13	38	19	2	50
83	2	35	17	38	19	2	3
83	2	35	18	38	19	2	80
83	2	36	1	38	19	3	inf
83	2	36	3	38	19	2	80
83	2	36	4	38	19	2	3
83	2	36	8	38	19	2	50
83	2	36	12	38	19	2	9
83	2	36	13	38	19	3	0
83	2	36	14	38	19	2	74
83	2	36	18	38	19	2	33
83	2	37	0	38	19	2	9
83	2	37	4	38	19	2	50
83	2	37	8	38	19	2	3
83	2	37	9	38	19	2	80
83	2	37	13	38	19	2	33
83	2	37	17	38	19	2	74
83	2	37	18	38	19	3	0
89	1	0	8	50	25	3	inf
89	1	0	17	50	25	2	58
89	1	0	19	50	25	2	5
89	1	0	20	50	25	2	8
89	1	0	21	50	25	2	81
89	1	0	22	50	25	2	84
89	1	0	24	50	25	2	31
89	1	1	0	50	25	2	8
89	1	1	1	50	25	2	5
89	1	1	3	50	25	2	58
89	1	1	12	50	25	3	inf
89	1	1	13	50	25	3	inf
89	1	1	21	50	25	2	31
89	1	1	23	50	25	2	84
89	1	1	24	50	25	2	81
89	1	2	0	50	25	2	58
89	1	2	2	50	25	2	5
89	1	2	3	50	25	2	8
89	1	2	4	50	25	2	81
89	1	2	5	50	25	2	84
89	1	2	7	50	25	2	31
89	1	2	16	50	25	3	inf
89	1	3	4	50	25	2	31
89	1	3	6	50	25	2	84
89	1	3	7	50	25	2	81
89	1	3	8	50	25	2	8
89	1	3	9	50	25	2	5
89	1	3	11	50	25	2	58
89	1	3	20	50	25	3	inf
89	1	3	21	50	25	3	inf
89	1	4	8	50	25	2	58
89	1	4	10	50	25	2	5
89	1	4	11	50	25	2	8
89	1	4	12	50	25	2	81
89	1	4	13	50	25	2	84
89	1	4	15	50	25	2	31
89	1	4	24	50	25	3	inf
89	1	5	3	50	25	3	inf
89	1	5	4	50	25	3	inf
89	1	5	12	50	25	2	31
89	1	5	14	50	25	2	84
89	1	5	15	50	25	2	81
89	1	5	16	50	25	2	8
89	1	5	17	50	25	2	5
89	1	5	19	50	25	2	58
89	1	6	7	50	25	3	inf
89	1	6	16	50	25	2	58
89	1	6	18	50	25	2	5
89	1	6	19	50	25	2	8
89	1	6	20	50	25	2	81
89	1	6	21	50	25	2	84
89	1	6	23	50	25	2	31
89	1	7	0	50	25	2	5
89	1	7	2	50	25	2	58
89	1	7	11	50	25	3	inf
89	1	7	12	50	25	3	inf
89	1	7	20	50	25	2	31
89	1	7	22	50	25	2	84
89	1	7	23	50	25	2	81
89	1	7	24	50	25	2	8
89	1	8	1	50	25	2	5
89	1	8	2	50	25	2	8
89	1	8	3	50	25	2	81
89	1	8	4	50	25	2	84
89	1	8	6	50	25	2	31
89	1	8	15	50	25	3	inf
89	1	8	24	50	25	2	58
89	1	9	3	50	25	2	31
89	1	9	5	50	25	2	84
89	1	9	6	50	25	2	81
89	1	9	7	50	25	2	8
89	1	9	8	50	25	2	5
89	1	9	10	50	25	2	58
89	1	9	19	50	25	3	inf
89	1	9	20	50	25	3	inf
89	1	10	7	50	25	2	58
89	1	10	9	50	25	2	5
89	1	10	10	50	25	2	8
89	1	10	11	50	25	2	81
89	1	10	12	50	25	2	84
89	1	10	14	50	25	2	31
89	1	10	23	50	25	3	inf
89	1	11	2	50	25	3	inf
89	1	11	3	50	25	3	inf
89	1	11	11	50	25	2	31
89	1	11	13	50	25	2	84
89	1	11	14	50	25	2	81
89	1	11	15	50	25	2	8
89	1	11	16	50	25	2	5
89	1	11	18	50	25	2	58
89	1	12	6	50	25	3	inf
89	1	12	15	50	25	2	58
89	1	12	17	50	25	2	5
89	1	12	18	50	25	2	8
89	1	12	19	50	25	2	81
89	1	12	20	50	25	2	84
89	1	12	22	50	25	2	31
89	1	13	1	50	25	2	58
89	1	13	10	50	25	3	inf
89	1	13	11	50	25	3	inf
89	1	13	19	50	25	2	31
89	1	13	21	50	25	2	84
89	1	13	22	50	25	2	81
89	1	13	23	50	25	2	8
89	1	13	24	50	25	2	5
89	1	14	0	50	25	2	5
89	1	14	1	50	25	2	8
89	1	14	2	50	25	2	81
89	1	14	3	50	25	2	84
89	1	14	5	50	25	2	31
89	1	14	14	50	25	3	inf
89	1	14	23	50	25	2	58
89	1	15	2	50	25	2	31
89	1	15	4	50	25	2	84
89	1	15	5	50	25	2	81
89	1	15	6	50	25	2	8
89	1	15	7	50	25	2	5
89	1	15	9	50	25	2	58
89	1	15	18	50	25	3	inf
89	1	15	19	50	25	3	inf
89	1	16	6	50	25	2	58
89	1	16	8	50	25	2	5
89	1	16	9	50	25	2	8
89	1	16	10	50	25	2	81
89	1	16	11	50	25	2	84
89	1	16	13	50	25	2	31
89	1	16	22	50	25	3	inf
89	1	17	1	50	25	3	inf
89	1	17	2	50	25	3	inf
89	1	17	10	50	25	2	31
89	1	17	12	50	25	2	84
89	1	17	13	50	25	2	81
89	1	17	14	50	25	2	8
89	1	17	15	50	25	2	5
89	1	17	17	50	25	2	58
89	1	18	5	50	25	3	inf
89	1	18	14	50	25	2	58
89	1	18	16	50	25	2	5
89	1	18	17	50	25	2	8
89	1	18	18	50	25	2	81
89	1	18	19	50	25	2	84
89	1	18	21	50	25	2	31
89	1	19	0	50	25	2	58
89	1	19	9	50	25	3	inf
89	1	19	10	50	25	3	inf
89	1	19	18	50	25	2	31
89	1	19	20	50	25	2	84
89	1	19	21	50	25	2	81
89	1	19	22	50	25	2	8
89	1	19	23	50	25	2	5
89	1	20	0	50	25	2	8
89	1	20	1	50	25	2	81
89	1	20	2	50	25	2	84
89	1	20	4	50	25	2	31
89	1	20	13	50	25	3	inf
89	1	20	22	50	25	2	58
89	1	20	24	50	25	2	5
89	1	21	1	50	25	2	31
89	1	21	3	50	25	2	84
89	1	21	4	50	25	2	81
89	1	21	5	50	25	2	8
89	1	21	6	50	25	2	5
89	1	21	8	50	25	2	58
89	1	21	17	50	25	3	inf
89	1	21	18	50	25	3	inf
89	1	22	5	50	25	2	58
89	1	22	7	50	25	2	5
89	1	22	8	50	25	2	8
89	1	22	9	50	25	2	81
89	1	22	10	50	25	2	84
89	1	22	12	50	25	2	31
89	1	22	21	50	25	3	inf
89	1	23	0	50	25	3	inf
89	1	23	1	50	25	3	inf
89	1	23	9	50	25	2	31
89	1	23	11	50	25	2	84
89	1	23	12	50	25	2	81
89	1	23	13	50	25	2	8
89	1	23	14	50	25	2	5
89	1	23	16	50	25	2	58
89	1	24	4	50	25	3	inf
89	1	24	13	50	25	2	58
89	1	24	15	50	25	2	5
89	1	24	16	50	25	2	8
89	1	24	17	50	25	2	81
89	1	24	18	50	25	2	84
89	1	24	20	50	25	2	31
89	1	25	8	50	25	3	inf
89	1	25	9	50	25	3	inf
89	1	25	17	50	25	2	31
89	1	25	19	50	25	2	84
89	1	25	20	50	25	2	81
89	1	25	21	50	25	2	8
89	1	25	22	50	25	2	5
89	1	25	24	50	25	2	58
89	1	26	0	50	25	2	81
89	1	26	1	50	25	2	84
89	1	26	3	50	25	2	31
89	1	26	12	50	25	3	inf
89	1	26	21	50	25	2	58
89	1	26	23	50	25	2	5
89	1	26	24	50	25	2	8
89	1	27	0	50	25	2	31
89	1	27	2	50	25	2	84
89	1	27	3	50	25	2	81
89	1	27	4	50	25	2	8
89	1	27	5	50	25	2	5
89	1	27	7	50	25	2	58
89	1	27	16	50	25	3	inf
89	1	27	17	50	25	3	inf
89	1	28	4	50	25	2	58
89	1	28	6	50	25	2	5
89	1	28	7	50	25	2	8
89	1	28	8	50	25	2	81
89	1	28	9	50	25	2	84
89	1	28	11	50	25	2	31
89	1	28	20	50	25	3	inf
89	1	29	0	50	25	3	inf
89	1	29	8	50	25	2	31
89	1	29	10	50	25	2	84
89	1	29	11	50	25	2	81
89	1	29	12	50	25	2	8
89	1	29	13	50	25	2	5
89	1	29	15	50	25	2	58
89	1	29	24	50	25	3	inf
89	1	30	3	50	25	3	inf
89	1	30	12	50	25	2	58
89	1	30	14	50	25	2	5
89	1	30	15	50	25	2	8
89	1	30	16	50	25	2	81
89	1	30	17	50	25	2	84
89	1	30	19	50	25	2	31
89	1	31	7	50	25	3	inf
89	1	31	8	50	25	3	inf
89	1	31	16	50	25	2	31
89	1	31	18	50	25	2	84
89	1	31	19	50	25	2	81
89	1	31	20	50	25	2	8
89	1	31	21	50	25	2	5
89	1	31	23	50	25	2	58
89	1	32	0	50	25	2	84
89	1	32	2	50	25	2	31
89	1	32	11	50	25	3	inf
89	1	32	20	50	25	2	58
89	1	32	22	50	25	2	5
89	1	32	23	50	25	2	8
89	1	32	24	50	25	2	81
89	1	33	1	50	25	2	84
89	1	33	2	50	25	2	81
89	1	33	3	50	25	2	8
89	1	33	4	50	25	2	5
89	1	33	6	50	25	2	58
89	1	33	15	50	25	3	inf
89	1	33	16	50	25	3	inf
89	1	33	24	50	25	2	31
89	1	34	3	50	25	2	58
89	1	34	5	50	25	2	5
89	1	34	6	50	25	2	8
89	1	34	7	50	25	2	81
89	1	34	8	50	25	2	84
89	1	34	10	50	25	2	31
89	1	34	19	50	25	3	inf
89	1	35	7	50	25	2	31
89	1	35	9	50	25	2	84
89	1	35	10	50	25	2	81
89	1	35	11	50	25	2	8
89	1	35	12	50	25	2	5
89	1	35	14	50	25	2	58
89	1	35	23	50	25	3	inf
89	1	35	24	50	25	3	inf
89	1	36	2	50	25	3	inf
89	1	36	11	50	25	2	58
89	1	36	13	50	25	2	5
89	1	36	14	50	25	2	8
89	1	36	15	50	25	2	81
89	1	36	16	50	25	2	84
89	1	36	18	50	25	2	31
89	1	37	6	50	25	3	inf
89	1	37	7	50	25	3	inf
89	1	37	15	50	25	2	31
89	1	37	17	50	25	2	84
89	1	37	18	50	25	2	81
89	1	37	19	50	25	2	8
89	1	37	20	50	25	2	5
89	1	37	22	50	25	2	58
89	1	38	1	50	25	2	31
89	1	38	10	50	25	3	inf
89	1	38	19	50	25	2	58
89	1	38	21	50	25	2	5
89	1	38	22	50	25	2	8
89	1	38	23	50	25	2	81
89	1	38	24	50	25	2	84
89	1	39	0	50	25	2	84
89	1	39	1	50	25	2	81
89	1	39	2	50	25	2	8
89	1	39	3	50	25	2	5
89	1	39	5	50	25	2	58
89	1	39	14	50	25	3	inf
89	1	39	15	50	25	3	inf
89	1	39	23	50	25	2	31
89	1	40	2	50	25	2	58
89	1	40	4	50	25	2	5
89	1	40	5	50	25	2	8
89	1	40	6	50	25	2	81
89	1	40	7	50	25	2	84
89	1	40	9	50	25	2	31
89	1	40	18	50	25	3	inf
89	1	41	6	50	25	2	31
89	1	41	8	50	25	2	84
89	1	41	9	50	25	2	81
89	1	41	10	50	25	2	8
89	1	41	11	50	25	2	5
89	1	41	13	50	25	2	58
89	1	41	22	50	25	3	inf
89	1	41	23	50	25	3	inf
89	1	42	1	50	25	3	inf
89	1	42	10	50	25	2	58
89	1	42	12	50	25	2	5
89	1	42	13	50	25	2	8
89	1	42	14	50	25	2	81
89	1	42	15	50	25	2	84
89	1	42	17	50	25	2	31
89	1	43	5	50	25	3	inf
89	1	43	6	50	25	3	inf
89	1	43	14	50	25	2	31
89	1	43	16	50	25	2	84
89	1	43	17	50	25	2	81
89	1	43	18	50	25	2	8
89	1	43	19	50	25	2	5
89	1	43	21	50	25	2	58
89	1	44	0	50	25	2	31
89	1	44	9	50	25	3	inf
89	1	44	18	50	25	2	58
89	1	44	20	50	25	2	5
89	1	44	21	50	25	2	8
89	1	44	22	50	25	2	81
89	1	44	23	50	25	2	84
89	1	45	0	50	25	2	81
89	1	45	1	50	25	2	8
89	1	45	2	50	25	2	5
89	1	45	4	50	25	2	58
89	1	45	13	50	25	3	inf
89	1	45	14	50	25	3	inf
89	1	45	22	50	25	2	31
89	1	45	24	50	25	2	84
89	1	46	1	50	25	2	58
89	1	46	3	50	25	2	5
89	1	46	4	50	25	2	8
89	1	46	5	50	25	2	81
89	1	46	6	50	25	2	84
89	1	46	8	50	25	2	31
89	1	46	17	50	25	3	inf
89	1	47	5	50	25	2	31
89	1	47	7	50	25	2	84
89	1	47	8	50	25	2	81
89	1	47	9	50	25	2	8
89	1	47	10	50	25	2	5
89	1	47	12	50	25	2	58
89	1	47	21	50	25	3	inf
89	1	47	22	50	25	3	inf
89	1	48	0	50	25	3	inf
89	1	48	9	50	25	2	58
89	1	48	11	50	25	2	5
89	1	48	12	50	25	2	8
89	1	48	13	50	25	2	81
89	1	48	14	50	25	2	84
89	1	48	16	50	25	2	31
89	1	49	4	50	25	3	inf
89	1	49	5	50	25	3	inf
89	1	49	13	50	25	2	31
89	1	49	15	50	25	2	84
89	1	49	16	50	25	2	81
89	1	49	17	50	25	2	8
89	1	49	18	50	25	2	5
89	1	49	20	50	25	2	58
89	2	0	8	50	25	3	inf
89	2	0	9	50	25	3	inf
89	2	0	17	50	25	2	31
89	2	0	19	50	25	2	84
89	2	0	20	50	25	2	81
89	2	0	21	50	25	2	8
89	2	0	22	50	25	2	5
89	2	0	24	50	25	2	58
89	2	1	0	50	25	2	81
89	2	1	1	50	25	2	84
89	2	1	3	50	25	2	31
89	2	1	12	50	25	3	inf
89	2	1	21	50	25	2	58
89	2	1	23	50	25	2	5
89	2	1	24	50	25	2	8
89	2	2	0	50	25	2	31
89	2	2	2	50	25	2	84
89	2	2	3	50	25	2	81
89	2	2	4	50	25	2	8
89	2	2	5	50	25	2	5
89	2	2	7	50	25	2	58
89	2	2	16	50	25	3	inf
89	2	2	17	50	25	3	inf
89	2	3	4	50	25	2	58
89	2	3	6	50	25	2	5
89	2	3	7	50	25	2	8
89	2	3	8	50	25	2	81
89	2	3	9	50	25	2	84
89	2	3	11	50	25	2	31
89	2	3	20	50	25	3	inf
89	2	4	0	50	25	3	inf
89	2	4	8	50	25	2	31
89	2	4	10	50	25	2	84
89	2	4	11	50	25	2	81
89	2	4	12	50	25	2	8
89	2	4	13	50	25	2	5
89	2	4	15	50	25	2	58
89	2	4	24	50	25	3	inf
89	2	5	3	50	25	3	inf
89	2	5	12	50	25	2	58
89	2	5	14	50	25	2	5
89	2	5	15	50	25	2	8
89	2	5	16	50	25	2	81
89	2	5	17	50	25	2	84
89	2	5	19	50	25	2	31
89	2	6	7	50	25	3	inf
89	2	6	8	50	25	3	inf
89	2	6	16	50	25	2	31
89	2	6	18	50	25	2	84
89	2	6	19	50	25	2	81
89	2	6	20	50	25	2	8
89	2	6	21	50	25	2	5
89	2	6	23	50	25	2	58
89	2	7	0	50	25	2	84
89	2	7	2	50	25	2	31
89	2	7	11	50	25	3	inf
89	2	7	20	50	25	2	58
89	2	7	22	50	25	2	5
89	2	7	23	50	25	2	8
89	2	7	24	50	25	2	81
89	2	8	1	50	25	2	84
89	2	8	2	50	25	2	81
89	2	8	3	50	25	2	8
89	2	8	4	50	25	2	5
89	2	8	6	50	25	2	58
89	2	8	15	50	25	3	inf
89	2	8	16	50	25	3	inf
89	2	8	24	50	25	2	31
89	2	9	3	50	25	2	58
89	2	9	5	50	25	2	5
89	2	9	6	50	25	2	8
89	2	9	7	50	25	2	81
89	2	9	8	50	25	2	84
89	2	9	10	50	25	2	31
89	2	9	19	50	25	3	inf
89	2	10	7	50	25	2	31
89	2	10	9	50	25	2	84
89	2	10	10	50	25	2	81
89	2	10	11	50	25	2	8
89	2	10	12	50	25	2	5
89	2	10	14	50	25	2	58
89	2	10	23	50	25	3	inf
89	2	10	24	50	25	3	inf
89	2	11	2	50	25	3	inf
89	2	11	11	50	25	2	58
89	2	11	13	50	25	2	5
89	2	11	14	50	25	2	8
89	2	11	15	50	25	2	81
89	2	11	16	50	25	2	84
89	2	11	18	50	25	2	31
89	2	12	6	50	25	3	inf
89	2	12	7	50	25	3	inf
89	2	12	15	50	25	2	31
89	2	12	17	50	25	2	84
89	2	12	18	50	25	2	81
89	2	12	19	50	25	2	8
89	2	12	20	50	25	2	5
89	2	12	22	50	25	2	58
89	2	13	1	50	25	2	31
89	2	13	10	50	25	3	inf
89	2	13	19	50	25	2	58
89	2	13	21	50	25	2	5
89	2	13	22	50	25	2	8
89	2	13	23	50	25	2	81
89	2	13	24	50	25	2	84
89	2	14	0	50	25	2	84
89	2	14	1	50	25	2	81
89	2	14	2	50	25	2	8
89	2	14	3	50	25	2	5
89	2	14	5	50	25	2	58
89	2	14	14	50	25	3	inf
89	2	14	15	50	25	3	inf
89	2	14	23	50	25	2	31
89	2	15	2	50	25	2	58
89	2	15	4	50	25	2	5
89	2	15	5	50	25	2	8
89	2	15	6	50	25	2	81
89	2	15	7	50	25	2	84
89	2	15	9	50	25	2	31
89	2	15	18	50	25	3	inf
89	2	16	6	50	25	2	31
89	2	16	8	50	25	2	84
89	2	16	9	50	25	2	81
89	2	16	10	50	25	2	8
89	2	16	11	50	25	2	5
89	2	16	13	50	25	2	58
89	2	16	22	50	25	3	inf
89	2	16	23	50	25	3	inf
89	2	17	1	50	25	3	inf
89	2	17	10	50	25	2	58
89	2	17	12	50	25	2	5
89	2	17	13	50	25	2	8
89	2	17	14	50	25	2	81
89	2	17	15	50	25	2	84
89	2	17	17	50	25	2	31
89	2	18	5	50	25	3	inf
89	2	18	6	50	25	3	inf
89	2	18	14	50	25	2	31
89	2	18	16	50	25	2	84
89	2	18	17	50	25	2	81
89	2	18	18	50	25	2	8
89	2	18	19	50	25	2	5
89	2	18	21	50	25	2	58
89	2	19	0	50	25	2	31
89	2	19	9	50	25	3	inf
89	2	19	18	50	25	2	58
89	2	19	20	50	25	2	5
89	2	19	21	50	25	2	8
89	2	19	22	50	25	2	81
89	2	19	23	50	25	2	84
89	2	20	0	50	25	2	81
89	2	20	1	50	25	2	8
89	2	20	2	50	25	2	5
89	2	20	4	50	25	2	58
89	2	20	13	50	25	3	inf
89	2	20	14	50	25	3	inf
89	2	20	22	50	25	2	31
89	2	20	24	50	25	2	84
89	2	21	1	50	25	2	58
89	2	21	3	50	25	2	5
89	2	21	4	50	25	2	8
89	2	21	5	50	25	2	81
89	2	21	6	50	25	2	84
89	2	21	8	50	25	2	31
89	2	21	17	50	25	3	inf
89	2	22	5	50	25	2	31
89	2	22	7	50	25	2	84
89	2	22	8	50	25	2	81
89	2	22	9	50	25	2	8
89	2	22	10	50	25	2	5
89	2	22	12	50	25	2	58
89	2	22	21	50	25	3	inf
89	2	22	22	50	25	3	inf
89	2	23	0	50	25	3	inf
89	2	23	9	50	25	2	58
89	2	23	11	50	25	2	5
89	2	23	12	50	25	2	8
89	2	23	13	50	25	2	81
89	2	23	14	50	25	2	84
89	2	23	16	50	25	2	31
89	2	24	4	50	25	3	inf
89	2	24	5	50	25	3	inf
89	2	24	13	50	25	2	31
89	2	24	15	50	25	2	84
89	2	24	16	50	25	2	81
89	2	24	17	50	25	2	8
89	2	24	18	50	25	2	5
89	2	24	20	50	25	2	58
89	2	25	8	50	25	3	inf
89	2	25	17	50	25	2	58
89	2	25	19	50	25	2	5
89	2	25	20	50	25	2	8
89	2	25	21	50	25	2	81
89	2	25	22	50	25	2	84
89	2	25	24	50	25	2	31
89	2	26	0	50	25	2	8
89	2	26	1	50	25	2	5
89	2	26	3	50	25	2	58
89	2	26	12	50	25	3	inf
89	2	26	13	50	25	3	inf
89	2	26	21	50	25	2	31
89	2	26	23	50	25	2	84
89	2	26	24	50	25	2	81
89	2	27	0	50	25	2	58
89	2	27	2	50	25	2	5
89	2	27	3	50	25	2	8
89	2	27	4	50	25	2	81
89	2	27	5	50	25	2	84
89	2	27	7	50	25	2	31
89	2	27	16	50	25	3	inf
89	2	28	4	50	25	2	31
89	2	28	6	50	25	2	84
89	2	28	7	50	25	2	81
89	2	28	8	50	25	2	8
89	2	28	9	50	25	2	5
89	2	28	11	50	25	2	58
89	2	28	20	50	25	3	inf
89	2	28	21	50	25	3	inf
89	2	29	8	50	25	2	58
89	2	29	10	50	25	2	5
89	2	29	11	50	25	2	8
89	2	29	12	50	25	2	81
89	2	29	13	50	25	2	84
89	2	29	15	50	25	2	31
89	2	29	24	50	25	3	inf
89	2	30	3	50	25	3	inf
89	2	30	4	50	25	3	inf
89	2	30	12	50	25	2	31
89	2	30	14	50	25	2	84
89	2	30	15	50	25	2	81
89	2	30	16	50	25	2	8
89	2	30	17	50	25	2	5
89	2	30	19	50	25	2	58
89	2	31	7	50	25	3	inf
89	2	31	16	50	25	2	58
89	2	31	18	50	25	2	5
89	2	31	19	50	25	2	8
89	2	31	20	50	25	2	81
89	2	31	21	50	25	2	84
89	2	31	23	50	25	2	31
89	2	32	0	50	25	2	5
89	2	32	2	50	25	2	58
89	2	32	11	50	25	3	inf
89	2	32	12	50	25	3	inf
89	2	32	20	50	25	2	31
89	2	32	22	50	25	2	84
89	2	32	23	50	25	2	81
89	2	32	24	50	25	2	8
89	2	33	1	50	25	2	5
89	2	33	2	50	25	2	8
89	2	33	3	50	25	2	81
89	2	33	4	50	25	2	84
89	2	33	6	50	25	2	31
89	2	33	15	50	25	3	inf
89	2	33	24	50	25	2	58
89	2	34	3	50	25	2	31
89	2	34	5	50	25	2	84
89	2	34	6	50	25	2	81
89	2	34	7	50	25	2	8
89	2	34	8	50	25	2	5
89	2	34	10	50	25	2	58
89	2	34	19	50	25	3	inf
89	2	34	20	50	25	3	inf
89	2	35	7	50	25	2	58
89	2	35	9	50	25	2	5
89	2	35	10	50	25	2	8
89	2	35	11	50	25	2	81
89	2	35	12	50	25	2	84
89	2	35	14	50	25	2	31
89	2	35	23	50	25	3	inf
89	2	36	2	50	25	3	inf
89	2	36	3	50	25	3	inf
89	2	36	11	50	25	2	31
89	2	36	13	50	25	2	84
89	2	36	14	50	25	2	81
89	2	36	15	50	25	2	8
89	2	36	16	50	25	2	5
89	2	36	18	50	25	2	58
89	2	37	6	50	25	3	inf
89	2	37	15	50	25	2	58
89	2	37	17	50	25	2	5
89	2	37	18	50	25	2	8
89	2	37	19	50	25	2	81
89	2	37	20	50	25	2	84
89	2	37	22	50	25	2	31
89	2	38	1	50	25	2	58
89	2	38	10	50	25	3	inf
89	2	38	11	50	25	3	inf
89	2	38	19	50	25	2	31
89	2	38	21	50	25	2	84
89	2	38	22	50	25	2	81
89	2	38	23	50	25	2	8
89	2	38	24	50	25	2	5
89	2	39	0	50	25	2	5
89	2	39	1	50	25	2	8
89	2	39	2	50	25	2	81
89	2	39	3	50	25	2	84
89	2	39	5	50	25	2	31
89	2	39	14	50	25	3	inf
89	2	39	23	50	25	2	58
89	2	40	2	50	25	2	31
89	2	40	4	50	25	2	84
89	2	40	5	50	25	2	81
89	2	40	6	50	25	2	8
89	2	40	7	50	25	2	5
89	2	40	9	50	25	2	58
89	2	40	18	50	25	3	inf
89	2	40	19	50	25	3	inf
89	2	41	6	50	25	2	58
89	2	41	8	50	25	2	5
89	2	41	9	50	25	2	8
89	2	41	10	50	25	2	81
89	2	41	11	50	25	2	84
89	2	41	13	50	25	2	31
89	2	41	22	50	25	3	inf
89	2	42	1	50	25	3	inf
89	2	42	2	50	25	3	inf
89	2	42	10	50	25	2	31
89	2	42	12	50	25	2	84
89	2	42	13	50	25	2	81
89	2	42	14	50	25	2	8
89	2	42	15	50	25	2	5
89	2	42	17	50	25	2	58
89	2	43	5	50	25	3	inf
89	2	43	14	50	25	2	58
89	2	43	16	50	25	2	5
89	2	43	17	50	25	2	8
89	2	43	18	50	25	2	81
89	2	43	19	50	25	2	84
89	2	43	21	50	25	2	31
89	2	44	0	50	25	2	58
89	2	44	9	50	25	3	inf
89	2	44	10	50	25	3	inf
89	2	44	18	50	25	2	31
89	2	44	20	50	25	2	84
89	2	44	21	50	25	2	81
89	2	44	22	50	25	2	8
89	2	44	23	50	25	2	5
89	2	45	0	50	25	2	8
89	2	45	1	50	25	2	81
89	2	45	2	50	25	2	84
89	2	45	4	50	25	2	31
89	2	45	13	50	25	3	inf
89	2	45	22	50	25	2	58
89	2	45	24	50	25	2	5
89	2	46	1	50	25	2	31
89	2	46	3	50	25	2	84
89	2	46	4	50	25	2	81
89	2	46	5	50	25	2	8
89	2	46	6	50	25	2	5
89	2	46	8	50	25	2	58
89	2	46	17	50	25	3	inf
89	2	46	18	50	25	3	inf
89	2	47	5	50	25	2	58
89	2	47	7	50	25	2	5
89	2	47	8	50	25	2	8
89	2	47	9	50	25	2	81
89	2	47	10	50	25	2	84
89	2	47	12	50	25	2	31
89	2	47	21	50	25	3	inf
89	2	48	0	50	25	3	inf
89	2	48	1	50	25	3	inf
89	2	48	9	50	25	2	31
89	2	48	11	50	25	2	84
89	2	48	12	50	25	2	81
89	2	48	13	50	25	2	8
89	2	48	14	50	25	2	5
89	2	48	16	50	25	2	58
89	2	49	4	50	25	3	inf
89	2	49	13	50	25	2	58
89	2	49	15	50	25	2	5
89	2	49	16	50	25	2	8
89	2	49	17	50	25	2	81
89	2	49	18	50	25	2	84
89	2	49	20	50	25	2	31
97	1	0	3	50	25	2	65
97	1	0	4	50	25	2	32
97	1	0	16	50	25	3	inf
97	1	1	0	50	25	2	65
97	1	1	12	50	25	3	inf
97	1	1	14	50	25	3	inf
97	1	1	24	50	25	2	32
97	1	2	8	50	25	3	inf
97	1	2	20	50	25	2	65
97	1	2	21	50	25	2	32
97	1	3	4	50	25	3	inf
97	1	3	6	50	25	3	inf
97	1	3	16	50	25	2	32
97	1	3	17	50	25	2	65
97	1	4	0	50	25	3	inf
97	1	4	12	50	25	2	65
97	1	4	13	50	25	2	32
97	1	5	8	50	25	2	32
97	1	5	9	50	25	2	65
97	1	5	21	50	25	3	inf
97	1	5	23	50	25	3	inf
97	1	6	4	50	25	2	65
97	1	6	5	50	25	2	32
97	1	6	17	50	25	3	inf
97	1	7	0	50	25	2	32
97	1	7	1	50	25	2	65
97	1	7	13	50	25	3	inf
97	1	7	15	50	25	3	inf
97	1	8	9	50	25	3	inf
97	1	8	21	50	25	2	65
97	1	8	22	50	25	2	32
97	1	9	5	50	25	3	inf
97	1	9	7	50	25	3	inf
97	1	9	17	50	25	2	32
97	1	9	18	50	25	2	65
97	1	10	1	50	25	3	inf
97	1	10	13	50	25	2	65
97	1	10	14	50	25	2	32
97	1	11	9	50	25	2	32
97	1	11	10	50	25	2	65
97	1	11	22	50	25	3	inf
97	1	11	24	50	25	3	inf
97	1	12	5	50	25	2	65
97	1	12	6	50	25	2	32
97	1	12	18	50	25	3	inf
97	1	13	1	50	25	2	32
97	1	13	2	50	25	2	65
97	1	13	14	50	25	3	inf
97	1	13	16	50	25	3	inf
97	1	14	10	50	25	3	inf
97	1	14	22	50	25	2	65
97	1	14	23	50	25	2	32
97	1	15	6	50	25	3	inf
97	1	15	8	50	25	3	inf
97	1	15	18	50	25	2	32
97	1	15	19	50	25	2	65
97	1	16	2	50	25	3	inf
97	1	16	14	50	25	2	65
97	1	16	15	50	25	2	32
97	1	17	0	50	25	3	inf
97	1	17	10	50	25	2	32
97	1	17	11	50	25	2	65
97	1	17	23	50	25	3	inf
97	1	18	6	50	25	2	65
97	1	18	7	50	25	2	32
97	1	18	19	50	25	3	inf
97	1	19	2	50	25	2	32
97	1	19	3	50	25	2	65
97	1	19	15	50	25	3	inf
97	1	19	17	50	25	3	inf
97	1	20	11	50	25	3	inf
97	1	20	23	50	25	2	65
97	1	20	24	50	25	2	32
97	1	21	7	50	25	3	inf
97	1	21	9	50	25	3	inf
97	1	21	19	50	25	2	32
97	1	21	20	50	25	2	65
97	1	22	3	50	25	3	inf
97	1	22	15	50	25	2	65
97	1	22	16	50	25	2	32
97	1	23	1	50	25	3	inf
97	1	23	11	50	25	2	32
97	1	23	12	50	25	2	65
97	1	23	24	50	25	3	inf
97	1	24	7	50	25	2	65
97	1	24	8	50	25	2	32
97	1	24	20	50	25	3	inf
97	1	25	3	50	25	2	32
97	1	25	4	50	25	2	65
97	1	25	16	50	25	3	inf
97	1	25	18	50	25	3	inf
97	1	26	0	50	25	2	32
97	1	26	12	50	25	3	inf
97	1	26	24	50	25	2	65
97	1	27	8	50	25	3	inf
97	1	27	10	50	25	3	inf
97	1	27	20	50	25	2	32
97	1	27	21	50	25	2	65
97	1	28	4	50	25	3	inf
97	1	28	16	50	25	2	65
97	1	28	17	50	25	2	32
97	1	29	0	50	25	3	inf
97	1	29	2	50	25	3	inf
97	1	29	12	50	25	2	32
97	1	29	13	50	25	2	65
97	1	30	8	50	25	2	65
97	1	30	9	50	25	2	32
97	1	30	21	50	25	3	inf
97	1	31	4	50	25	2	32
97	1	31	5	50	25	2	65
97	1	31	17	50	25	3	inf
97	1	31	19	50	25	3	inf
97	1	32	0	50	25	2	65
97	1	32	1	50	25	2	32
97	1	32	13	50	25	3	inf
97	1	33	9	50	25	3	inf
97	1	33	11	50	25	3	inf
97	1	33	21	50	25	2	32
97	1	33	22	50	25	2	65
97	1	34	5	50	25	3	inf
97	1	34	17	50	25	2	65
97	1	34	18	50	25	2	32
97	1	35	1	50	25	3	inf
97	1	35	3	50	25	3	inf
97	1	35	13	50	25	2	32
97	1	35	14	50	25	2	65
97	1	36	9	50	25	2	65
97	1	36	10	50	25	2	32
97	1	36	22	50	25	3	inf
97	1	37	5	50	25	2	32
97	1	37	6	50	25	2	65
97	1	37	18	50	25	3	inf
97	1	37	20	50	25	3	inf
97	1	38	1	50	25	2	65
97	1	38	2	50	25	2	32
97	1	38	14	50	25	3	inf
97	1	39	10	50	25	3	inf
97	1	39	12	50	25	3	inf
97	1	39	22	50	25	2	32
97	1	39	23	50	25	2	65
97	1	40	6	50	25	3	inf
97	1	40	18	50	25	2	65
97	1	40	19	50	25	2	32
97	1	41	2	50	25	3	inf
97	1	41	4	50	25	3	inf
97	1	41	14	50	25	2	32
97	1	41	15	50	25	2	65
97	1	42	10	50	25	2	65
97	1	42	11	50	25	2	32
97	1	42	23	50	25	3	inf
97	1	43	6	50	25	2	32
97	1	43	7	50	25	2	65
97	1	43	19	50	25	3	inf
97	1	43	21	50	25	3	inf
97	1	44	2	50	25	2	65
97	1	44	3	50	25	2	32
97	1	44	15	50	25	3	inf
97	1	45	11	50	25	3	inf
97	1	45	13	50	25	3	inf
97	1	45	23	50	25	2	32
97	1	45	24	50	25	2	65
97	1	46	7	50	25	3	inf
97	1	46	19	50	25	2	65
97	1	46	20	50	25	2	32
97	1	47	3	50	25	3	inf
97	1	47	5	50	25	3	inf
97	1	47	15	50	25	2	32
97	1	47	16	50	25	2	65
97	1	48	11	50	25	2	65
97	1	48	12	50	25	2	32
97	1	48	24	50	25	3	inf
97	1	49	7	50	25	2	32
97	1	49	8	50	25	2	65
97	1	49	20	50	25	3	inf
97	1	49	22	50	25	3	inf
97	2	0	3	50	25	2	32
97	2	0	4	50	25	2	65
97	2	0	16	50	25	3	inf
97	2	0	18	50	25	3	inf
97	2	1	0	50	25	2	32
97	2	1	12	50	25	3	inf
97	2	1	24	50	25	2	65
97	2	2	8	50	25	3	inf
97	2	2	10	50	25	3	inf
97	2	2	20	50	25	2	32
97	2	2	21	50	25	2	65
97	2	3	4	50	25	3	inf
97	2	3	16	50	25	2	65
97	2	3	17	50	25	2	32
97	2	4	0	50	25	3	inf
97	2	4	2	50	25	3	inf
97	2	4	12	50	25	2	32
97	2	4	13	50	25	2	65
97	2	5	8	50	25	2	65
97	2	5	9	50	25	2	32
97	2	5	21	50	25	3	inf
97	2	6	4	50	25	2	32
97	2	6	5	50	25	2	65
97	2	6	17	50	25	3	inf
97	2	6	19	50	25	3	inf
97	2	7	0	50	25	2	65
97	2	7	1	50	25	2	32
97	2	7	13	50	25	3	inf
97	2	8	9	50	25	3	inf
97	2	8	11	50	25	3	inf
97	2	8	21	50	25	2	32
97	2	8	22	50	25	2	65
97	2	9	5	50	25	3	inf
97	2	9	17	50	25	2	65
97	2	9	18	50	25	2	32
97	2	10	1	50	25	3	inf
97	2	10	3	50	25	3	inf
97	2	10	13	50	25	2	32
97	2	10	14	50	25	2	65
97	2	11	9	50	25	2	65
97	2	11	10	50	25	2	32
97	2	11	22	50	25	3	inf
97	2	12	5	50	25	2	32
97	2	12	6	50	25	2	65
97	2	12	18	50	25	3	inf
97	2	12	20	50	25	3	inf
97	2	13	1	50	25	2	65
97	2	13	2	50	25	2	32
97	2	13	14	50	25	3	inf
97	2	14	10	50	25	3	inf
97	2	14	12	50	25	3	inf
97	2	14	22	50	25	2	32
97	2	14	23	50	25	2	65
97	2	15	6	50	25	3	inf
97	2	15	18	50	25	2	65
97	2	15	19	50	25	2	32
97	2	16	2	50	25	3	inf
97	2	16	4	50	25	3	inf
97	2	16	14	50	25	2	32
97	2	16	15	50	25	2	65
97	2	17	10	50	25	2	65
97	2	17	11	50	25	2	32
97	2	17	23	50	25	3	inf
97	2	18	6	50	25	2	32
97	2	18	7	50	25	2	65
97	2	18	19	50	25	3	inf
97	2	18	21	50	25	3	inf
97	2	19	2	50	25	2	65
97	2	19	3	50	25	2	32
97	2	19	15	50	25	3	inf
97	2	20	11	50	25	3	inf
97	2	20	13	50	25	3	inf
97	2	20	23	50	25	2	32
97	2	20	24	50	25	2	65
97	2	21	7	50	25	3	inf
97	2	21	19	50	25	2	65
97	2	21	20	50	25	2	32
97	2	22	3	50	25	3	inf
97	2	22	5	50	25	3	inf
97	2	22	15	50	25	2	32
97	2	22	16	50	25	2	65
97	2	23	11	50	25	2	65
97	2	23	12	50	25	2	32
97	2	23	24	50	25	3	inf
97	2	24	7	50	25	2	32
97	2	24	8	50	25	2	65
97	2	24	20	50	25	3	inf
97	2	24	22	50	25	3	inf
97	2	25	3	50	25	2	65
97	2	25	4	50	25	2	32
97	2	25	16	50	25	3	inf
97	2	26	0	50	25	2	65
97	2	26	12	50	25	3	inf
97	2	26	14	50	25	3	inf
97	2	26	24	50	25	2	32
97	2	27	8	50	25	3	inf
97	2	27	20	50	25	2	65
97	2	27	21	50	25	2	32
97	2	28	4	50	25	3	inf
97	2	28	6	50	25	3	inf
97	2	28	16	50	25	2	32
97	2	28	17	50	25	2	65
97	2	29	0	50	25	3	inf
97	2	29	12	50	25	2	65
97	2	29	13	50	25	2	32
97	2	30	8	50	25	2	32
97	2	30	9	50	25	2	65
97	2	30	21	50	25	3	inf
97	2	30	23	50	25	3	inf
97	2	31	4	50	25	2	65
97	2	31	5	50	25	2	32
97	2	31	17	50	25	3	inf
97	2	32	0	50	25	2	32
97	2	32	1	50	25	2	65
97	2	32	13	50	25	3	inf
97	2	32	15	50	25	3	inf
97	2	33	9	50	25	3	inf
97	2	33	21	50	25	2	65
97	2	33	22	50	25	2	32
97	2	34	5	50	25	3	inf
97	2	34	7	50	25	3	inf
97	2	34	17	50	25	2	32
97	2	34	18	50	25	2	65
97	2	35	1	50	25	3	inf
97	2	35	13	50	25	2	65
97	2	35	14	50	25	2	32
97	2	36	9	50	25	2	32
97	2	36	10	50	25	2	65
97	2	36	22	50	25	3	inf
97	2	36	24	50	25	3	inf
97	2	37	5	50	25	2	65
97	2	37	6	50	25	2	32
97	2	37	18	50	25	3	inf
97	2	38	1	50	25	2	32
97	2	38	2	50	25	2	65
97	2	38	14	50	25	3	inf
97	2	38	16	50	25	3	inf
97	2	39	10	50	25	3	inf
97	2	39	22	50	25	2	65
97	2	39	23	50	25	2	32
97	2	40	6	50	25	3	inf
97	2	40	8	50	25	3	inf
97	2	40	18	50	25	2	32
97	2	40	19	50	25	2	65
97	2	41	2	50	25	3	inf
97	2	41	14	50	25	2	65
97	2	41	15	50	25	2	32
97	2	42	0	50	25	3	inf
97	2	42	10	50	25	2	32
97	2	42	11	50	25	2	65
97	2	42	23	50	25	3	inf
97	2	43	6	50	25	2	65
97	2	43	7	50	25	2	32
97	2	43	19	50	25	3	inf
97	2	44	2	50	25	2	32
97	2	44	3	50	25	2	65
97	2	44	15	50	25	3	inf
97	2	44	17	50	25	3	inf
97	2	45	11	50	25	3	inf
97	2	45	23	50	25	2	65
97	2	45	24	50	25	2	32
97	2	46	7	50	25	3	inf
97	2	46	9	50	25	3	inf
97	2	46	19	50	25	2	32
97	2	46	20	50	25	2	65
97	2	47	3	50	25	3	inf
97	2	47	15	50	25	2	65
97	2	47	16	50	25	2	32
97	2	48	1	50	25	3	inf
97	2	48	11	50	25	2	32
97	2	48	12	50	25	2	65
97	2	48	24	50	25	3	inf
97	2	49	7	50	25	2	65
97	2	49	8	50	25	2	32
97	2	49	20	50	25	3	inf
