u	t	w	source
521	11306	7116	target_22224_direct_contact_deep13_padic_tangent_p11
521	25947	94962	target_22224_direct_contact_deep13_padic_tangent_p11
521	40588	21757	target_22224_direct_contact_deep13_padic_tangent_p11
521	55229	109603	target_22224_direct_contact_deep13_padic_tangent_p11
521	69870	36398	target_22224_direct_contact_deep13_padic_tangent_p11
521	84511	124244	target_22224_direct_contact_deep13_padic_tangent_p11
521	99152	51039	target_22224_direct_contact_deep13_padic_tangent_p11
521	113793	138885	target_22224_direct_contact_deep13_padic_tangent_p11
521	128434	65680	target_22224_direct_contact_deep13_padic_tangent_p11
521	143075	153526	target_22224_direct_contact_deep13_padic_tangent_p11
521	157716	80321	target_22224_direct_contact_deep13_padic_tangent_p11
2083	2781	58365	target_22224_direct_contact_deep13_padic_tangent_p11
2083	17422	146211	target_22224_direct_contact_deep13_padic_tangent_p11
2083	32063	73006	target_22224_direct_contact_deep13_padic_tangent_p11
2083	46704	160852	target_22224_direct_contact_deep13_padic_tangent_p11
2083	61345	87647	target_22224_direct_contact_deep13_padic_tangent_p11
2083	75986	14442	target_22224_direct_contact_deep13_padic_tangent_p11
2083	90627	102288	target_22224_direct_contact_deep13_padic_tangent_p11
2083	105268	29083	target_22224_direct_contact_deep13_padic_tangent_p11
2083	119909	116929	target_22224_direct_contact_deep13_padic_tangent_p11
2083	134550	43724	target_22224_direct_contact_deep13_padic_tangent_p11
2083	149191	131570	target_22224_direct_contact_deep13_padic_tangent_p11
5185	10965	120911	target_22224_direct_contact_deep13_padic_tangent_p11
5185	25606	47706	target_22224_direct_contact_deep13_padic_tangent_p11
5185	40247	135552	target_22224_direct_contact_deep13_padic_tangent_p11
5185	54888	62347	target_22224_direct_contact_deep13_padic_tangent_p11
5185	69529	150193	target_22224_direct_contact_deep13_padic_tangent_p11
5185	84170	76988	target_22224_direct_contact_deep13_padic_tangent_p11
5185	98811	3783	target_22224_direct_contact_deep13_padic_tangent_p11
5185	113452	91629	target_22224_direct_contact_deep13_padic_tangent_p11
5185	128093	18424	target_22224_direct_contact_deep13_padic_tangent_p11
5185	142734	106270	target_22224_direct_contact_deep13_padic_tangent_p11
5185	157375	33065	target_22224_direct_contact_deep13_padic_tangent_p11
5720	242	88814	target_22224_direct_contact_nearmiss_fixedbranch_p11
5720	1089	88814	target_22224_direct_contact_nearmiss_fixedbranch_p11
5720	1573	88814	target_22224_direct_contact_nearmiss_fixedbranch_p11
5720	2420	88814	target_22224_direct_contact_nearmiss_fixedbranch_p11
5720	2904	88814	target_22224_direct_contact_nearmiss_fixedbranch_p11
5720	3751	88814	target_22224_direct_contact_nearmiss_fixedbranch_p11
5720	4235	88814	target_22224_direct_contact_nearmiss_fixedbranch_p11
5720	5082	88814	target_22224_direct_contact_nearmiss_fixedbranch_p11
5720	5566	88814	target_22224_direct_contact_nearmiss_fixedbranch_p11
5720	6413	88814	target_22224_direct_contact_nearmiss_fixedbranch_p11
5720	6897	88814	target_22224_direct_contact_nearmiss_fixedbranch_p11
5720	7744	88814	target_22224_direct_contact_nearmiss_fixedbranch_p11
5720	8228	88814	target_22224_direct_contact_nearmiss_fixedbranch_p11
5720	9075	88814	target_22224_direct_contact_nearmiss_fixedbranch_p11
5720	9559	88814	target_22224_direct_contact_nearmiss_fixedbranch_p11
5720	10406	88814	target_22224_direct_contact_nearmiss_fixedbranch_p11
5720	10890	88814	target_22224_direct_contact_nearmiss_fixedbranch_p11
5720	11737	88814	target_22224_direct_contact_nearmiss_fixedbranch_p11
5720	12221	88814	target_22224_direct_contact_nearmiss_fixedbranch_p11
5720	13068	88814	target_22224_direct_contact_nearmiss_fixedbranch_p11
5720	13552	88814	target_22224_direct_contact_nearmiss_fixedbranch_p11
5720	14399	88814	target_22224_direct_contact_nearmiss_fixedbranch_p11
5720	14883	88814	target_22224_direct_contact_nearmiss_fixedbranch_p11
5720	15730	88814	target_22224_direct_contact_nearmiss_fixedbranch_p11
5720	16214	88814	target_22224_direct_contact_nearmiss_fixedbranch_p11
5720	17061	88814	target_22224_direct_contact_nearmiss_fixedbranch_p11
5720	17545	88814	target_22224_direct_contact_nearmiss_fixedbranch_p11
5720	18392	88814	target_22224_direct_contact_nearmiss_fixedbranch_p11
5720	18876	88814	target_22224_direct_contact_nearmiss_fixedbranch_p11
5720	19723	88814	target_22224_direct_contact_nearmiss_fixedbranch_p11
5720	20207	88814	target_22224_direct_contact_nearmiss_fixedbranch_p11
5720	21054	88814	target_22224_direct_contact_nearmiss_fixedbranch_p11
5720	21538	88814	target_22224_direct_contact_nearmiss_fixedbranch_p11
5720	22385	88814	target_22224_direct_contact_nearmiss_fixedbranch_p11
5720	22869	88814	target_22224_direct_contact_nearmiss_fixedbranch_p11
5720	23716	88814	target_22224_direct_contact_nearmiss_fixedbranch_p11
5720	24200	88814	target_22224_direct_contact_nearmiss_fixedbranch_p11
5720	25047	88814	target_22224_direct_contact_nearmiss_fixedbranch_p11
5720	25531	88814	target_22224_direct_contact_nearmiss_fixedbranch_p11
5720	26378	88814	target_22224_direct_contact_nearmiss_fixedbranch_p11
5720	26862	88814	target_22224_direct_contact_nearmiss_fixedbranch_p11
5720	27709	88814	target_22224_direct_contact_nearmiss_fixedbranch_p11
5720	28193	88814	target_22224_direct_contact_nearmiss_fixedbranch_p11
5720	29040	88814	target_22224_direct_contact_nearmiss_fixedbranch_p11
5720	29524	88814	target_22224_direct_contact_nearmiss_fixedbranch_p11
5720	30371	88814	target_22224_direct_contact_nearmiss_fixedbranch_p11
5720	30855	88814	target_22224_direct_contact_nearmiss_fixedbranch_p11
5720	31702	88814	target_22224_direct_contact_nearmiss_fixedbranch_p11
5720	32186	88814	target_22224_direct_contact_nearmiss_fixedbranch_p11
5720	33033	88814	target_22224_direct_contact_nearmiss_fixedbranch_p11
5720	33517	88814	target_22224_direct_contact_nearmiss_fixedbranch_p11
5720	34364	88814	target_22224_direct_contact_nearmiss_fixedbranch_p11
5720	34848	88814	target_22224_direct_contact_nearmiss_fixedbranch_p11
5720	35695	88814	target_22224_direct_contact_nearmiss_fixedbranch_p11
5720	36179	88814	target_22224_direct_contact_nearmiss_fixedbranch_p11
5720	37026	88814	target_22224_direct_contact_nearmiss_fixedbranch_p11
5720	37510	88814	target_22224_direct_contact_nearmiss_fixedbranch_p11
5720	38357	88814	target_22224_direct_contact_nearmiss_fixedbranch_p11
5720	38841	88814	target_22224_direct_contact_nearmiss_fixedbranch_p11
5720	39688	88814	target_22224_direct_contact_nearmiss_fixedbranch_p11
5720	40172	88814	target_22224_direct_contact_nearmiss_fixedbranch_p11
5720	41019	88814	target_22224_direct_contact_nearmiss_fixedbranch_p11
5720	41503	88814	target_22224_direct_contact_nearmiss_fixedbranch_p11
5720	42350	88814	target_22224_direct_contact_nearmiss_fixedbranch_p11
5720	42834	88814	target_22224_direct_contact_nearmiss_fixedbranch_p11
5720	43681	88814	target_22224_direct_contact_nearmiss_fixedbranch_p11
5720	44165	88814	target_22224_direct_contact_nearmiss_fixedbranch_p11
5720	45012	88814	target_22224_direct_contact_nearmiss_fixedbranch_p11
5720	45496	88814	target_22224_direct_contact_nearmiss_fixedbranch_p11
5720	46343	88814	target_22224_direct_contact_nearmiss_fixedbranch_p11
5720	46827	88814	target_22224_direct_contact_nearmiss_fixedbranch_p11
5720	47674	88814	target_22224_direct_contact_nearmiss_fixedbranch_p11
5720	48158	88814	target_22224_direct_contact_nearmiss_fixedbranch_p11
5720	49005	88814	target_22224_direct_contact_nearmiss_fixedbranch_p11
5720	49489	88814	target_22224_direct_contact_nearmiss_fixedbranch_p11
5720	50336	88814	target_22224_direct_contact_nearmiss_fixedbranch_p11
5720	50820	88814	target_22224_direct_contact_nearmiss_fixedbranch_p11
5720	51667	88814	target_22224_direct_contact_nearmiss_fixedbranch_p11
5720	52151	88814	target_22224_direct_contact_nearmiss_fixedbranch_p11
5720	52998	88814	target_22224_direct_contact_nearmiss_fixedbranch_p11
5720	53482	88814	target_22224_direct_contact_nearmiss_fixedbranch_p11
5720	54329	88814	target_22224_direct_contact_nearmiss_fixedbranch_p11
5720	54813	88814	target_22224_direct_contact_nearmiss_fixedbranch_p11
5720	55660	88814	target_22224_direct_contact_nearmiss_fixedbranch_p11
5720	56144	88814	target_22224_direct_contact_nearmiss_fixedbranch_p11
5720	56991	88814	target_22224_direct_contact_nearmiss_fixedbranch_p11
5720	57475	88814	target_22224_direct_contact_nearmiss_fixedbranch_p11
5720	58322	88814	target_22224_direct_contact_nearmiss_fixedbranch_p11
5720	58806	88814	target_22224_direct_contact_nearmiss_fixedbranch_p11
5720	59653	88814	target_22224_direct_contact_nearmiss_fixedbranch_p11
5720	60137	88814	target_22224_direct_contact_nearmiss_fixedbranch_p11
5720	60984	88814	target_22224_direct_contact_nearmiss_fixedbranch_p11
5720	61468	88814	target_22224_direct_contact_nearmiss_fixedbranch_p11
5720	62315	88814	target_22224_direct_contact_nearmiss_fixedbranch_p11
5720	62799	88814	target_22224_direct_contact_nearmiss_fixedbranch_p11
5720	63646	88814	target_22224_direct_contact_nearmiss_fixedbranch_p11
5720	64130	88814	target_22224_direct_contact_nearmiss_fixedbranch_p11
5720	64977	88814	target_22224_direct_contact_nearmiss_fixedbranch_p11
5720	65461	88814	target_22224_direct_contact_nearmiss_fixedbranch_p11
5720	66308	88814	target_22224_direct_contact_nearmiss_fixedbranch_p11
5720	66792	88814	target_22224_direct_contact_nearmiss_fixedbranch_p11
5720	67639	88814	target_22224_direct_contact_nearmiss_fixedbranch_p11
5720	68123	88814	target_22224_direct_contact_nearmiss_fixedbranch_p11
5720	68970	88814	target_22224_direct_contact_nearmiss_fixedbranch_p11
5720	69454	88814	target_22224_direct_contact_nearmiss_fixedbranch_p11
5720	70301	88814	target_22224_direct_contact_nearmiss_fixedbranch_p11
5720	70785	88814	target_22224_direct_contact_nearmiss_fixedbranch_p11
5720	71632	88814	target_22224_direct_contact_nearmiss_fixedbranch_p11
5720	72116	88814	target_22224_direct_contact_nearmiss_fixedbranch_p11
5720	72963	88814	target_22224_direct_contact_nearmiss_fixedbranch_p11
5720	73447	88814	target_22224_direct_contact_nearmiss_fixedbranch_p11
5720	74294	88814	target_22224_direct_contact_nearmiss_fixedbranch_p11
5720	74778	88814	target_22224_direct_contact_nearmiss_fixedbranch_p11
5720	75625	88814	target_22224_direct_contact_nearmiss_fixedbranch_p11
5720	76109	88814	target_22224_direct_contact_nearmiss_fixedbranch_p11
5720	76956	88814	target_22224_direct_contact_nearmiss_fixedbranch_p11
5720	77440	88814	target_22224_direct_contact_nearmiss_fixedbranch_p11
5720	78287	88814	target_22224_direct_contact_nearmiss_fixedbranch_p11
5720	78771	88814	target_22224_direct_contact_nearmiss_fixedbranch_p11
5720	79618	88814	target_22224_direct_contact_nearmiss_fixedbranch_p11
5720	80102	88814	target_22224_direct_contact_nearmiss_fixedbranch_p11
5720	80949	88814	target_22224_direct_contact_nearmiss_fixedbranch_p11
5720	81433	88814	target_22224_direct_contact_nearmiss_fixedbranch_p11
5720	82280	88814	target_22224_direct_contact_nearmiss_fixedbranch_p11
5720	82764	88814	target_22224_direct_contact_nearmiss_fixedbranch_p11
5720	83611	88814	target_22224_direct_contact_nearmiss_fixedbranch_p11
5720	84095	88814	target_22224_direct_contact_nearmiss_fixedbranch_p11
5720	84942	88814	target_22224_direct_contact_nearmiss_fixedbranch_p11
5720	85426	88814	target_22224_direct_contact_nearmiss_fixedbranch_p11
5720	86273	88814	target_22224_direct_contact_nearmiss_fixedbranch_p11
5720	86757	88814	target_22224_direct_contact_nearmiss_fixedbranch_p11
5720	87604	88814	target_22224_direct_contact_nearmiss_fixedbranch_p11
5720	88088	88814	target_22224_direct_contact_nearmiss_fixedbranch_p11
5720	88935	88814	target_22224_direct_contact_nearmiss_fixedbranch_p11
5720	89419	88814	target_22224_direct_contact_nearmiss_fixedbranch_p11
5720	90266	88814	target_22224_direct_contact_nearmiss_fixedbranch_p11
5720	90750	88814	target_22224_direct_contact_nearmiss_fixedbranch_p11
5720	91597	88814	target_22224_direct_contact_nearmiss_fixedbranch_p11
5720	92081	88814	target_22224_direct_contact_nearmiss_fixedbranch_p11
5720	92928	88814	target_22224_direct_contact_nearmiss_fixedbranch_p11
5720	93412	88814	target_22224_direct_contact_nearmiss_fixedbranch_p11
5720	94259	88814	target_22224_direct_contact_nearmiss_fixedbranch_p11
5720	94743	88814	target_22224_direct_contact_nearmiss_fixedbranch_p11
5720	95590	88814	target_22224_direct_contact_nearmiss_fixedbranch_p11
5720	96074	88814	target_22224_direct_contact_nearmiss_fixedbranch_p11
5720	96921	88814	target_22224_direct_contact_nearmiss_fixedbranch_p11
5720	97405	88814	target_22224_direct_contact_nearmiss_fixedbranch_p11
5720	98252	88814	target_22224_direct_contact_nearmiss_fixedbranch_p11
5720	98736	88814	target_22224_direct_contact_nearmiss_fixedbranch_p11
5720	99583	88814	target_22224_direct_contact_nearmiss_fixedbranch_p11
5720	100067	88814	target_22224_direct_contact_nearmiss_fixedbranch_p11
5720	100914	88814	target_22224_direct_contact_nearmiss_fixedbranch_p11
5720	101398	88814	target_22224_direct_contact_nearmiss_fixedbranch_p11
5720	102245	88814	target_22224_direct_contact_nearmiss_fixedbranch_p11
5720	102729	88814	target_22224_direct_contact_nearmiss_fixedbranch_p11
5720	103576	88814	target_22224_direct_contact_nearmiss_fixedbranch_p11
5720	104060	88814	target_22224_direct_contact_nearmiss_fixedbranch_p11
5720	104907	88814	target_22224_direct_contact_nearmiss_fixedbranch_p11
5720	105391	88814	target_22224_direct_contact_nearmiss_fixedbranch_p11
5720	106238	88814	target_22224_direct_contact_nearmiss_fixedbranch_p11
5720	106722	88814	target_22224_direct_contact_nearmiss_fixedbranch_p11
5720	107569	88814	target_22224_direct_contact_nearmiss_fixedbranch_p11
5720	108053	88814	target_22224_direct_contact_nearmiss_fixedbranch_p11
5720	108900	88814	target_22224_direct_contact_nearmiss_fixedbranch_p11
5720	109384	88814	target_22224_direct_contact_nearmiss_fixedbranch_p11
5720	110231	88814	target_22224_direct_contact_nearmiss_fixedbranch_p11
5720	110715	88814	target_22224_direct_contact_nearmiss_fixedbranch_p11
5720	111562	88814	target_22224_direct_contact_nearmiss_fixedbranch_p11
5720	112046	88814	target_22224_direct_contact_nearmiss_fixedbranch_p11
5720	112893	88814	target_22224_direct_contact_nearmiss_fixedbranch_p11
5720	113377	88814	target_22224_direct_contact_nearmiss_fixedbranch_p11
5720	114224	88814	target_22224_direct_contact_nearmiss_fixedbranch_p11
5720	114708	88814	target_22224_direct_contact_nearmiss_fixedbranch_p11
5720	115555	88814	target_22224_direct_contact_nearmiss_fixedbranch_p11
5720	116039	88814	target_22224_direct_contact_nearmiss_fixedbranch_p11
5720	116886	88814	target_22224_direct_contact_nearmiss_fixedbranch_p11
5720	117370	88814	target_22224_direct_contact_nearmiss_fixedbranch_p11
5720	118217	88814	target_22224_direct_contact_nearmiss_fixedbranch_p11
5720	118701	88814	target_22224_direct_contact_nearmiss_fixedbranch_p11
5720	119548	88814	target_22224_direct_contact_nearmiss_fixedbranch_p11
5720	120032	88814	target_22224_direct_contact_nearmiss_fixedbranch_p11
5720	120879	88814	target_22224_direct_contact_nearmiss_fixedbranch_p11
5720	121363	88814	target_22224_direct_contact_nearmiss_fixedbranch_p11
5720	122210	88814	target_22224_direct_contact_nearmiss_fixedbranch_p11
5720	122694	88814	target_22224_direct_contact_nearmiss_fixedbranch_p11
5720	123541	88814	target_22224_direct_contact_nearmiss_fixedbranch_p11
5720	124025	88814	target_22224_direct_contact_nearmiss_fixedbranch_p11
5720	124872	88814	target_22224_direct_contact_nearmiss_fixedbranch_p11
5720	125356	88814	target_22224_direct_contact_nearmiss_fixedbranch_p11
5720	126203	88814	target_22224_direct_contact_nearmiss_fixedbranch_p11
5720	126687	88814	target_22224_direct_contact_nearmiss_fixedbranch_p11
5720	127534	88814	target_22224_direct_contact_nearmiss_fixedbranch_p11
5720	128018	88814	target_22224_direct_contact_nearmiss_fixedbranch_p11
5720	128865	88814	target_22224_direct_contact_nearmiss_fixedbranch_p11
5720	129349	88814	target_22224_direct_contact_nearmiss_fixedbranch_p11
5720	130196	88814	target_22224_direct_contact_nearmiss_fixedbranch_p11
5720	130680	88814	target_22224_direct_contact_nearmiss_fixedbranch_p11
5720	131527	88814	target_22224_direct_contact_nearmiss_fixedbranch_p11
5720	132011	88814	target_22224_direct_contact_nearmiss_fixedbranch_p11
5720	132858	88814	target_22224_direct_contact_nearmiss_fixedbranch_p11
5720	133342	88814	target_22224_direct_contact_nearmiss_fixedbranch_p11
5720	134189	88814	target_22224_direct_contact_nearmiss_fixedbranch_p11
5720	134673	88814	target_22224_direct_contact_nearmiss_fixedbranch_p11
5720	135520	88814	target_22224_direct_contact_nearmiss_fixedbranch_p11
5720	136004	88814	target_22224_direct_contact_nearmiss_fixedbranch_p11
5720	136851	88814	target_22224_direct_contact_nearmiss_fixedbranch_p11
5720	137335	88814	target_22224_direct_contact_nearmiss_fixedbranch_p11
5720	138182	88814	target_22224_direct_contact_nearmiss_fixedbranch_p11
5720	138666	88814	target_22224_direct_contact_nearmiss_fixedbranch_p11
5720	139513	88814	target_22224_direct_contact_nearmiss_fixedbranch_p11
5720	139997	88814	target_22224_direct_contact_nearmiss_fixedbranch_p11
5720	140844	88814	target_22224_direct_contact_nearmiss_fixedbranch_p11
5720	141328	88814	target_22224_direct_contact_nearmiss_fixedbranch_p11
5720	142175	88814	target_22224_direct_contact_nearmiss_fixedbranch_p11
5720	142659	88814	target_22224_direct_contact_nearmiss_fixedbranch_p11
5720	143506	88814	target_22224_direct_contact_nearmiss_fixedbranch_p11
5720	143990	88814	target_22224_direct_contact_nearmiss_fixedbranch_p11
5720	144837	88814	target_22224_direct_contact_nearmiss_fixedbranch_p11
5720	145321	88814	target_22224_direct_contact_nearmiss_fixedbranch_p11
5720	146168	88814	target_22224_direct_contact_nearmiss_fixedbranch_p11
5720	146652	88814	target_22224_direct_contact_nearmiss_fixedbranch_p11
5720	147499	88814	target_22224_direct_contact_nearmiss_fixedbranch_p11
5720	147983	88814	target_22224_direct_contact_nearmiss_fixedbranch_p11
5720	148830	88814	target_22224_direct_contact_nearmiss_fixedbranch_p11
5720	149314	88814	target_22224_direct_contact_nearmiss_fixedbranch_p11
5720	150161	88814	target_22224_direct_contact_nearmiss_fixedbranch_p11
5720	150645	88814	target_22224_direct_contact_nearmiss_fixedbranch_p11
5720	151492	88814	target_22224_direct_contact_nearmiss_fixedbranch_p11
5720	151976	88814	target_22224_direct_contact_nearmiss_fixedbranch_p11
5720	152823	88814	target_22224_direct_contact_nearmiss_fixedbranch_p11
5720	153307	88814	target_22224_direct_contact_nearmiss_fixedbranch_p11
5720	154154	88814	target_22224_direct_contact_nearmiss_fixedbranch_p11
5720	154638	88814	target_22224_direct_contact_nearmiss_fixedbranch_p11
5720	155485	88814	target_22224_direct_contact_nearmiss_fixedbranch_p11
5720	155969	88814	target_22224_direct_contact_nearmiss_fixedbranch_p11
5720	156816	88814	target_22224_direct_contact_nearmiss_fixedbranch_p11
5720	157300	88814	target_22224_direct_contact_nearmiss_fixedbranch_p11
5720	158147	88814	target_22224_direct_contact_nearmiss_fixedbranch_p11
5720	158631	88814	target_22224_direct_contact_nearmiss_fixedbranch_p11
5720	159478	88814	target_22224_direct_contact_nearmiss_fixedbranch_p11
5720	159962	88814	target_22224_direct_contact_nearmiss_fixedbranch_p11
5720	160809	88814	target_22224_direct_contact_nearmiss_fixedbranch_p11
5801	5179	153801	target_22224_direct_contact_deep13_padic_tangent_p11
5801	19820	80596	target_22224_direct_contact_deep13_padic_tangent_p11
5801	34461	7391	target_22224_direct_contact_deep13_padic_tangent_p11
5801	49102	95237	target_22224_direct_contact_deep13_padic_tangent_p11
5801	63743	22032	target_22224_direct_contact_deep13_padic_tangent_p11
5801	78384	109878	target_22224_direct_contact_deep13_padic_tangent_p11
5801	93025	36673	target_22224_direct_contact_deep13_padic_tangent_p11
5801	107666	124519	target_22224_direct_contact_deep13_padic_tangent_p11
5801	122307	51314	target_22224_direct_contact_deep13_padic_tangent_p11
5801	136948	139160	target_22224_direct_contact_deep13_padic_tangent_p11
5801	151589	65955	target_22224_direct_contact_deep13_padic_tangent_p11
7902	8424	115180	target_22224_direct_contact_deep13_padic_tangent_p11
7902	23065	41975	target_22224_direct_contact_deep13_padic_tangent_p11
7902	37706	129821	target_22224_direct_contact_deep13_padic_tangent_p11
7902	52347	56616	target_22224_direct_contact_deep13_padic_tangent_p11
7902	66988	144462	target_22224_direct_contact_deep13_padic_tangent_p11
7902	81629	71257	target_22224_direct_contact_deep13_padic_tangent_p11
7902	96270	159103	target_22224_direct_contact_deep13_padic_tangent_p11
7902	110911	85898	target_22224_direct_contact_deep13_padic_tangent_p11
7902	125552	12693	target_22224_direct_contact_deep13_padic_tangent_p11
7902	140193	100539	target_22224_direct_contact_deep13_padic_tangent_p11
7902	154834	27334	target_22224_direct_contact_deep13_padic_tangent_p11
10102	5784	150336	target_22224_direct_contact_deep13_padic_tangent_p11
10102	20425	77131	target_22224_direct_contact_deep13_padic_tangent_p11
10102	35066	3926	target_22224_direct_contact_deep13_padic_tangent_p11
10102	49707	91772	target_22224_direct_contact_deep13_padic_tangent_p11
10102	64348	18567	target_22224_direct_contact_deep13_padic_tangent_p11
10102	78989	106413	target_22224_direct_contact_deep13_padic_tangent_p11
10102	93630	33208	target_22224_direct_contact_deep13_padic_tangent_p11
10102	108271	121054	target_22224_direct_contact_deep13_padic_tangent_p11
10102	122912	47849	target_22224_direct_contact_deep13_padic_tangent_p11
10102	137553	135695	target_22224_direct_contact_deep13_padic_tangent_p11
10102	152194	62490	target_22224_direct_contact_deep13_padic_tangent_p11
10883	4464	4311	target_22224_direct_contact_deep13_padic_tangent_p11
10883	19105	92157	target_22224_direct_contact_deep13_padic_tangent_p11
10883	33746	18952	target_22224_direct_contact_deep13_padic_tangent_p11
10883	48387	106798	target_22224_direct_contact_deep13_padic_tangent_p11
10883	63028	33593	target_22224_direct_contact_deep13_padic_tangent_p11
10883	77669	121439	target_22224_direct_contact_deep13_padic_tangent_p11
10883	92310	48234	target_22224_direct_contact_deep13_padic_tangent_p11
10883	106951	136080	target_22224_direct_contact_deep13_padic_tangent_p11
10883	121592	62875	target_22224_direct_contact_deep13_padic_tangent_p11
10883	136233	150721	target_22224_direct_contact_deep13_padic_tangent_p11
10883	150874	77516	target_22224_direct_contact_deep13_padic_tangent_p11
10905	1538	151007	target_22224_direct_contact_deep13_padic_tangent_p11
10905	16179	77802	target_22224_direct_contact_deep13_padic_tangent_p11
10905	30820	4597	target_22224_direct_contact_deep13_padic_tangent_p11
10905	45461	92443	target_22224_direct_contact_deep13_padic_tangent_p11
10905	60102	19238	target_22224_direct_contact_deep13_padic_tangent_p11
10905	74743	107084	target_22224_direct_contact_deep13_padic_tangent_p11
10905	89384	33879	target_22224_direct_contact_deep13_padic_tangent_p11
10905	104025	121725	target_22224_direct_contact_deep13_padic_tangent_p11
10905	118666	48520	target_22224_direct_contact_deep13_padic_tangent_p11
10905	133307	136366	target_22224_direct_contact_deep13_padic_tangent_p11
10905	147948	63161	target_22224_direct_contact_deep13_padic_tangent_p11
15162	11306	124244	target_22224_direct_contact_deep13_padic_tangent_p11
15162	25947	51039	target_22224_direct_contact_deep13_padic_tangent_p11
15162	40588	138885	target_22224_direct_contact_deep13_padic_tangent_p11
15162	55229	65680	target_22224_direct_contact_deep13_padic_tangent_p11
15162	69870	153526	target_22224_direct_contact_deep13_padic_tangent_p11
15162	84511	80321	target_22224_direct_contact_deep13_padic_tangent_p11
15162	99152	7116	target_22224_direct_contact_deep13_padic_tangent_p11
15162	113793	94962	target_22224_direct_contact_deep13_padic_tangent_p11
15162	128434	21757	target_22224_direct_contact_deep13_padic_tangent_p11
15162	143075	109603	target_22224_direct_contact_deep13_padic_tangent_p11
15162	157716	36398	target_22224_direct_contact_deep13_padic_tangent_p11
16724	2781	14442	target_22224_direct_contact_deep13_padic_tangent_p11
16724	17422	102288	target_22224_direct_contact_deep13_padic_tangent_p11
16724	32063	29083	target_22224_direct_contact_deep13_padic_tangent_p11
16724	46704	116929	target_22224_direct_contact_deep13_padic_tangent_p11
16724	61345	43724	target_22224_direct_contact_deep13_padic_tangent_p11
16724	75986	131570	target_22224_direct_contact_deep13_padic_tangent_p11
16724	90627	58365	target_22224_direct_contact_deep13_padic_tangent_p11
16724	105268	146211	target_22224_direct_contact_deep13_padic_tangent_p11
16724	119909	73006	target_22224_direct_contact_deep13_padic_tangent_p11
16724	134550	160852	target_22224_direct_contact_deep13_padic_tangent_p11
16724	149191	87647	target_22224_direct_contact_deep13_padic_tangent_p11
19826	10965	76988	target_22224_direct_contact_deep13_padic_tangent_p11
19826	25606	3783	target_22224_direct_contact_deep13_padic_tangent_p11
19826	40247	91629	target_22224_direct_contact_deep13_padic_tangent_p11
19826	54888	18424	target_22224_direct_contact_deep13_padic_tangent_p11
19826	69529	106270	target_22224_direct_contact_deep13_padic_tangent_p11
19826	84170	33065	target_22224_direct_contact_deep13_padic_tangent_p11
19826	98811	120911	target_22224_direct_contact_deep13_padic_tangent_p11
19826	113452	47706	target_22224_direct_contact_deep13_padic_tangent_p11
19826	128093	135552	target_22224_direct_contact_deep13_padic_tangent_p11
19826	142734	62347	target_22224_direct_contact_deep13_padic_tangent_p11
19826	157375	150193	target_22224_direct_contact_deep13_padic_tangent_p11
20442	5179	109878	target_22224_direct_contact_deep13_padic_tangent_p11
20442	19820	36673	target_22224_direct_contact_deep13_padic_tangent_p11
20442	34461	124519	target_22224_direct_contact_deep13_padic_tangent_p11
20442	49102	51314	target_22224_direct_contact_deep13_padic_tangent_p11
20442	63743	139160	target_22224_direct_contact_deep13_padic_tangent_p11
20442	78384	65955	target_22224_direct_contact_deep13_padic_tangent_p11
20442	93025	153801	target_22224_direct_contact_deep13_padic_tangent_p11
20442	107666	80596	target_22224_direct_contact_deep13_padic_tangent_p11
20442	122307	7391	target_22224_direct_contact_deep13_padic_tangent_p11
20442	136948	95237	target_22224_direct_contact_deep13_padic_tangent_p11
20442	151589	22032	target_22224_direct_contact_deep13_padic_tangent_p11
22543	8424	71257	target_22224_direct_contact_deep13_padic_tangent_p11
22543	23065	159103	target_22224_direct_contact_deep13_padic_tangent_p11
22543	37706	85898	target_22224_direct_contact_deep13_padic_tangent_p11
22543	52347	12693	target_22224_direct_contact_deep13_padic_tangent_p11
22543	66988	100539	target_22224_direct_contact_deep13_padic_tangent_p11
22543	81629	27334	target_22224_direct_contact_deep13_padic_tangent_p11
22543	96270	115180	target_22224_direct_contact_deep13_padic_tangent_p11
22543	110911	41975	target_22224_direct_contact_deep13_padic_tangent_p11
22543	125552	129821	target_22224_direct_contact_deep13_padic_tangent_p11
22543	140193	56616	target_22224_direct_contact_deep13_padic_tangent_p11
22543	154834	144462	target_22224_direct_contact_deep13_padic_tangent_p11
24743	5784	106413	target_22224_direct_contact_deep13_padic_tangent_p11
24743	20425	33208	target_22224_direct_contact_deep13_padic_tangent_p11
24743	35066	121054	target_22224_direct_contact_deep13_padic_tangent_p11
24743	49707	47849	target_22224_direct_contact_deep13_padic_tangent_p11
24743	64348	135695	target_22224_direct_contact_deep13_padic_tangent_p11
24743	78989	62490	target_22224_direct_contact_deep13_padic_tangent_p11
24743	93630	150336	target_22224_direct_contact_deep13_padic_tangent_p11
24743	108271	77131	target_22224_direct_contact_deep13_padic_tangent_p11
24743	122912	3926	target_22224_direct_contact_deep13_padic_tangent_p11
24743	137553	91772	target_22224_direct_contact_deep13_padic_tangent_p11
24743	152194	18567	target_22224_direct_contact_deep13_padic_tangent_p11
25524	4464	121439	target_22224_direct_contact_deep13_padic_tangent_p11
25524	19105	48234	target_22224_direct_contact_deep13_padic_tangent_p11
25524	33746	136080	target_22224_direct_contact_deep13_padic_tangent_p11
25524	48387	62875	target_22224_direct_contact_deep13_padic_tangent_p11
25524	63028	150721	target_22224_direct_contact_deep13_padic_tangent_p11
25524	77669	77516	target_22224_direct_contact_deep13_padic_tangent_p11
25524	92310	4311	target_22224_direct_contact_deep13_padic_tangent_p11
25524	106951	92157	target_22224_direct_contact_deep13_padic_tangent_p11
25524	121592	18952	target_22224_direct_contact_deep13_padic_tangent_p11
25524	136233	106798	target_22224_direct_contact_deep13_padic_tangent_p11
25524	150874	33593	target_22224_direct_contact_deep13_padic_tangent_p11
25546	1538	107084	target_22224_direct_contact_deep13_padic_tangent_p11
25546	16179	33879	target_22224_direct_contact_deep13_padic_tangent_p11
25546	30820	121725	target_22224_direct_contact_deep13_padic_tangent_p11
25546	45461	48520	target_22224_direct_contact_deep13_padic_tangent_p11
25546	60102	136366	target_22224_direct_contact_deep13_padic_tangent_p11
25546	74743	63161	target_22224_direct_contact_deep13_padic_tangent_p11
25546	89384	151007	target_22224_direct_contact_deep13_padic_tangent_p11
25546	104025	77802	target_22224_direct_contact_deep13_padic_tangent_p11
25546	118666	4597	target_22224_direct_contact_deep13_padic_tangent_p11
25546	133307	92443	target_22224_direct_contact_deep13_padic_tangent_p11
25546	147948	19238	target_22224_direct_contact_deep13_padic_tangent_p11
29803	11306	80321	target_22224_direct_contact_deep13_padic_tangent_p11
29803	25947	7116	target_22224_direct_contact_deep13_padic_tangent_p11
29803	40588	94962	target_22224_direct_contact_deep13_padic_tangent_p11
29803	55229	21757	target_22224_direct_contact_deep13_padic_tangent_p11
29803	69870	109603	target_22224_direct_contact_deep13_padic_tangent_p11
29803	84511	36398	target_22224_direct_contact_deep13_padic_tangent_p11
29803	99152	124244	target_22224_direct_contact_deep13_padic_tangent_p11
29803	113793	51039	target_22224_direct_contact_deep13_padic_tangent_p11
29803	128434	138885	target_22224_direct_contact_deep13_padic_tangent_p11
29803	143075	65680	target_22224_direct_contact_deep13_padic_tangent_p11
29803	157716	153526	target_22224_direct_contact_deep13_padic_tangent_p11
31365	2781	131570	target_22224_direct_contact_deep13_padic_tangent_p11
31365	17422	58365	target_22224_direct_contact_deep13_padic_tangent_p11
31365	32063	146211	target_22224_direct_contact_deep13_padic_tangent_p11
31365	46704	73006	target_22224_direct_contact_deep13_padic_tangent_p11
31365	61345	160852	target_22224_direct_contact_deep13_padic_tangent_p11
31365	75986	87647	target_22224_direct_contact_deep13_padic_tangent_p11
31365	90627	14442	target_22224_direct_contact_deep13_padic_tangent_p11
31365	105268	102288	target_22224_direct_contact_deep13_padic_tangent_p11
31365	119909	29083	target_22224_direct_contact_deep13_padic_tangent_p11
31365	134550	116929	target_22224_direct_contact_deep13_padic_tangent_p11
31365	149191	43724	target_22224_direct_contact_deep13_padic_tangent_p11
34467	10965	33065	target_22224_direct_contact_deep13_padic_tangent_p11
34467	25606	120911	target_22224_direct_contact_deep13_padic_tangent_p11
34467	40247	47706	target_22224_direct_contact_deep13_padic_tangent_p11
34467	54888	135552	target_22224_direct_contact_deep13_padic_tangent_p11
34467	69529	62347	target_22224_direct_contact_deep13_padic_tangent_p11
34467	84170	150193	target_22224_direct_contact_deep13_padic_tangent_p11
34467	98811	76988	target_22224_direct_contact_deep13_padic_tangent_p11
34467	113452	3783	target_22224_direct_contact_deep13_padic_tangent_p11
34467	128093	91629	target_22224_direct_contact_deep13_padic_tangent_p11
34467	142734	18424	target_22224_direct_contact_deep13_padic_tangent_p11
34467	157375	106270	target_22224_direct_contact_deep13_padic_tangent_p11
35002	484	88814	target_22224_direct_contact_nearmiss_fixedbranch_p11
35002	847	88814	target_22224_direct_contact_nearmiss_fixedbranch_p11
35002	1815	88814	target_22224_direct_contact_nearmiss_fixedbranch_p11
35002	2178	88814	target_22224_direct_contact_nearmiss_fixedbranch_p11
35002	3146	88814	target_22224_direct_contact_nearmiss_fixedbranch_p11
35002	3509	88814	target_22224_direct_contact_nearmiss_fixedbranch_p11
35002	4477	88814	target_22224_direct_contact_nearmiss_fixedbranch_p11
35002	4840	88814	target_22224_direct_contact_nearmiss_fixedbranch_p11
35002	5808	88814	target_22224_direct_contact_nearmiss_fixedbranch_p11
35002	6171	88814	target_22224_direct_contact_nearmiss_fixedbranch_p11
35002	7139	88814	target_22224_direct_contact_nearmiss_fixedbranch_p11
35002	7502	88814	target_22224_direct_contact_nearmiss_fixedbranch_p11
35002	8470	88814	target_22224_direct_contact_nearmiss_fixedbranch_p11
35002	8833	88814	target_22224_direct_contact_nearmiss_fixedbranch_p11
35002	9801	88814	target_22224_direct_contact_nearmiss_fixedbranch_p11
35002	10164	88814	target_22224_direct_contact_nearmiss_fixedbranch_p11
35002	11132	88814	target_22224_direct_contact_nearmiss_fixedbranch_p11
35002	11495	88814	target_22224_direct_contact_nearmiss_fixedbranch_p11
35002	12463	88814	target_22224_direct_contact_nearmiss_fixedbranch_p11
35002	12826	88814	target_22224_direct_contact_nearmiss_fixedbranch_p11
35002	13794	88814	target_22224_direct_contact_nearmiss_fixedbranch_p11
35002	14157	88814	target_22224_direct_contact_nearmiss_fixedbranch_p11
35002	15125	88814	target_22224_direct_contact_nearmiss_fixedbranch_p11
35002	15488	88814	target_22224_direct_contact_nearmiss_fixedbranch_p11
35002	16456	88814	target_22224_direct_contact_nearmiss_fixedbranch_p11
35002	16819	88814	target_22224_direct_contact_nearmiss_fixedbranch_p11
35002	17787	88814	target_22224_direct_contact_nearmiss_fixedbranch_p11
35002	18150	88814	target_22224_direct_contact_nearmiss_fixedbranch_p11
35002	19118	88814	target_22224_direct_contact_nearmiss_fixedbranch_p11
35002	19481	88814	target_22224_direct_contact_nearmiss_fixedbranch_p11
35002	20449	88814	target_22224_direct_contact_nearmiss_fixedbranch_p11
35002	20812	88814	target_22224_direct_contact_nearmiss_fixedbranch_p11
35002	21780	88814	target_22224_direct_contact_nearmiss_fixedbranch_p11
35002	22143	88814	target_22224_direct_contact_nearmiss_fixedbranch_p11
35002	23111	88814	target_22224_direct_contact_nearmiss_fixedbranch_p11
35002	23474	88814	target_22224_direct_contact_nearmiss_fixedbranch_p11
35002	24442	88814	target_22224_direct_contact_nearmiss_fixedbranch_p11
35002	24805	88814	target_22224_direct_contact_nearmiss_fixedbranch_p11
35002	25773	88814	target_22224_direct_contact_nearmiss_fixedbranch_p11
35002	26136	88814	target_22224_direct_contact_nearmiss_fixedbranch_p11
35002	27104	88814	target_22224_direct_contact_nearmiss_fixedbranch_p11
35002	27467	88814	target_22224_direct_contact_nearmiss_fixedbranch_p11
35002	28435	88814	target_22224_direct_contact_nearmiss_fixedbranch_p11
35002	28798	88814	target_22224_direct_contact_nearmiss_fixedbranch_p11
35002	29766	88814	target_22224_direct_contact_nearmiss_fixedbranch_p11
35002	30129	88814	target_22224_direct_contact_nearmiss_fixedbranch_p11
35002	31097	88814	target_22224_direct_contact_nearmiss_fixedbranch_p11
35002	31460	88814	target_22224_direct_contact_nearmiss_fixedbranch_p11
35002	32428	88814	target_22224_direct_contact_nearmiss_fixedbranch_p11
35002	32791	88814	target_22224_direct_contact_nearmiss_fixedbranch_p11
35002	33759	88814	target_22224_direct_contact_nearmiss_fixedbranch_p11
35002	34122	88814	target_22224_direct_contact_nearmiss_fixedbranch_p11
35002	35090	88814	target_22224_direct_contact_nearmiss_fixedbranch_p11
35002	35453	88814	target_22224_direct_contact_nearmiss_fixedbranch_p11
35002	36421	88814	target_22224_direct_contact_nearmiss_fixedbranch_p11
35002	36784	88814	target_22224_direct_contact_nearmiss_fixedbranch_p11
35002	37752	88814	target_22224_direct_contact_nearmiss_fixedbranch_p11
35002	38115	88814	target_22224_direct_contact_nearmiss_fixedbranch_p11
35002	39083	88814	target_22224_direct_contact_nearmiss_fixedbranch_p11
35002	39446	88814	target_22224_direct_contact_nearmiss_fixedbranch_p11
35002	40414	88814	target_22224_direct_contact_nearmiss_fixedbranch_p11
35002	40777	88814	target_22224_direct_contact_nearmiss_fixedbranch_p11
35002	41745	88814	target_22224_direct_contact_nearmiss_fixedbranch_p11
35002	42108	88814	target_22224_direct_contact_nearmiss_fixedbranch_p11
35002	43076	88814	target_22224_direct_contact_nearmiss_fixedbranch_p11
35002	43439	88814	target_22224_direct_contact_nearmiss_fixedbranch_p11
35002	44407	88814	target_22224_direct_contact_nearmiss_fixedbranch_p11
35002	44770	88814	target_22224_direct_contact_nearmiss_fixedbranch_p11
35002	45738	88814	target_22224_direct_contact_nearmiss_fixedbranch_p11
35002	46101	88814	target_22224_direct_contact_nearmiss_fixedbranch_p11
35002	47069	88814	target_22224_direct_contact_nearmiss_fixedbranch_p11
35002	47432	88814	target_22224_direct_contact_nearmiss_fixedbranch_p11
35002	48400	88814	target_22224_direct_contact_nearmiss_fixedbranch_p11
35002	48763	88814	target_22224_direct_contact_nearmiss_fixedbranch_p11
35002	49731	88814	target_22224_direct_contact_nearmiss_fixedbranch_p11
35002	50094	88814	target_22224_direct_contact_nearmiss_fixedbranch_p11
35002	51062	88814	target_22224_direct_contact_nearmiss_fixedbranch_p11
35002	51425	88814	target_22224_direct_contact_nearmiss_fixedbranch_p11
35002	52393	88814	target_22224_direct_contact_nearmiss_fixedbranch_p11
35002	52756	88814	target_22224_direct_contact_nearmiss_fixedbranch_p11
35002	53724	88814	target_22224_direct_contact_nearmiss_fixedbranch_p11
35002	54087	88814	target_22224_direct_contact_nearmiss_fixedbranch_p11
35002	55055	88814	target_22224_direct_contact_nearmiss_fixedbranch_p11
35002	55418	88814	target_22224_direct_contact_nearmiss_fixedbranch_p11
35002	56386	88814	target_22224_direct_contact_nearmiss_fixedbranch_p11
35002	56749	88814	target_22224_direct_contact_nearmiss_fixedbranch_p11
35002	57717	88814	target_22224_direct_contact_nearmiss_fixedbranch_p11
35002	58080	88814	target_22224_direct_contact_nearmiss_fixedbranch_p11
35002	59048	88814	target_22224_direct_contact_nearmiss_fixedbranch_p11
35002	59411	88814	target_22224_direct_contact_nearmiss_fixedbranch_p11
35002	60379	88814	target_22224_direct_contact_nearmiss_fixedbranch_p11
35002	60742	88814	target_22224_direct_contact_nearmiss_fixedbranch_p11
35002	61710	88814	target_22224_direct_contact_nearmiss_fixedbranch_p11
35002	62073	88814	target_22224_direct_contact_nearmiss_fixedbranch_p11
35002	63041	88814	target_22224_direct_contact_nearmiss_fixedbranch_p11
35002	63404	88814	target_22224_direct_contact_nearmiss_fixedbranch_p11
35002	64372	88814	target_22224_direct_contact_nearmiss_fixedbranch_p11
35002	64735	88814	target_22224_direct_contact_nearmiss_fixedbranch_p11
35002	65703	88814	target_22224_direct_contact_nearmiss_fixedbranch_p11
35002	66066	88814	target_22224_direct_contact_nearmiss_fixedbranch_p11
35002	67034	88814	target_22224_direct_contact_nearmiss_fixedbranch_p11
35002	67397	88814	target_22224_direct_contact_nearmiss_fixedbranch_p11
35002	68365	88814	target_22224_direct_contact_nearmiss_fixedbranch_p11
35002	68728	88814	target_22224_direct_contact_nearmiss_fixedbranch_p11
35002	69696	88814	target_22224_direct_contact_nearmiss_fixedbranch_p11
35002	70059	88814	target_22224_direct_contact_nearmiss_fixedbranch_p11
35002	71027	88814	target_22224_direct_contact_nearmiss_fixedbranch_p11
35002	71390	88814	target_22224_direct_contact_nearmiss_fixedbranch_p11
35002	72358	88814	target_22224_direct_contact_nearmiss_fixedbranch_p11
35002	72721	88814	target_22224_direct_contact_nearmiss_fixedbranch_p11
35002	73689	88814	target_22224_direct_contact_nearmiss_fixedbranch_p11
35002	74052	88814	target_22224_direct_contact_nearmiss_fixedbranch_p11
35002	75020	88814	target_22224_direct_contact_nearmiss_fixedbranch_p11
35002	75383	88814	target_22224_direct_contact_nearmiss_fixedbranch_p11
35002	76351	88814	target_22224_direct_contact_nearmiss_fixedbranch_p11
35002	76714	88814	target_22224_direct_contact_nearmiss_fixedbranch_p11
35002	77682	88814	target_22224_direct_contact_nearmiss_fixedbranch_p11
35002	78045	88814	target_22224_direct_contact_nearmiss_fixedbranch_p11
35002	79013	88814	target_22224_direct_contact_nearmiss_fixedbranch_p11
35002	79376	88814	target_22224_direct_contact_nearmiss_fixedbranch_p11
35002	80344	88814	target_22224_direct_contact_nearmiss_fixedbranch_p11
35002	80707	88814	target_22224_direct_contact_nearmiss_fixedbranch_p11
35002	81675	88814	target_22224_direct_contact_nearmiss_fixedbranch_p11
35002	82038	88814	target_22224_direct_contact_nearmiss_fixedbranch_p11
35002	83006	88814	target_22224_direct_contact_nearmiss_fixedbranch_p11
35002	83369	88814	target_22224_direct_contact_nearmiss_fixedbranch_p11
35002	84337	88814	target_22224_direct_contact_nearmiss_fixedbranch_p11
35002	84700	88814	target_22224_direct_contact_nearmiss_fixedbranch_p11
35002	85668	88814	target_22224_direct_contact_nearmiss_fixedbranch_p11
35002	86031	88814	target_22224_direct_contact_nearmiss_fixedbranch_p11
35002	86999	88814	target_22224_direct_contact_nearmiss_fixedbranch_p11
35002	87362	88814	target_22224_direct_contact_nearmiss_fixedbranch_p11
35002	88330	88814	target_22224_direct_contact_nearmiss_fixedbranch_p11
35002	88693	88814	target_22224_direct_contact_nearmiss_fixedbranch_p11
35002	89661	88814	target_22224_direct_contact_nearmiss_fixedbranch_p11
35002	90024	88814	target_22224_direct_contact_nearmiss_fixedbranch_p11
35002	90992	88814	target_22224_direct_contact_nearmiss_fixedbranch_p11
35002	91355	88814	target_22224_direct_contact_nearmiss_fixedbranch_p11
35002	92323	88814	target_22224_direct_contact_nearmiss_fixedbranch_p11
35002	92686	88814	target_22224_direct_contact_nearmiss_fixedbranch_p11
35002	93654	88814	target_22224_direct_contact_nearmiss_fixedbranch_p11
35002	94017	88814	target_22224_direct_contact_nearmiss_fixedbranch_p11
35002	94985	88814	target_22224_direct_contact_nearmiss_fixedbranch_p11
35002	95348	88814	target_22224_direct_contact_nearmiss_fixedbranch_p11
35002	96316	88814	target_22224_direct_contact_nearmiss_fixedbranch_p11
35002	96679	88814	target_22224_direct_contact_nearmiss_fixedbranch_p11
35002	97647	88814	target_22224_direct_contact_nearmiss_fixedbranch_p11
35002	98010	88814	target_22224_direct_contact_nearmiss_fixedbranch_p11
35002	98978	88814	target_22224_direct_contact_nearmiss_fixedbranch_p11
35002	99341	88814	target_22224_direct_contact_nearmiss_fixedbranch_p11
35002	100309	88814	target_22224_direct_contact_nearmiss_fixedbranch_p11
35002	100672	88814	target_22224_direct_contact_nearmiss_fixedbranch_p11
35002	101640	88814	target_22224_direct_contact_nearmiss_fixedbranch_p11
35002	102003	88814	target_22224_direct_contact_nearmiss_fixedbranch_p11
35002	102971	88814	target_22224_direct_contact_nearmiss_fixedbranch_p11
35002	103334	88814	target_22224_direct_contact_nearmiss_fixedbranch_p11
35002	104302	88814	target_22224_direct_contact_nearmiss_fixedbranch_p11
35002	104665	88814	target_22224_direct_contact_nearmiss_fixedbranch_p11
35002	105633	88814	target_22224_direct_contact_nearmiss_fixedbranch_p11
35002	105996	88814	target_22224_direct_contact_nearmiss_fixedbranch_p11
35002	106964	88814	target_22224_direct_contact_nearmiss_fixedbranch_p11
35002	107327	88814	target_22224_direct_contact_nearmiss_fixedbranch_p11
35002	108295	88814	target_22224_direct_contact_nearmiss_fixedbranch_p11
35002	108658	88814	target_22224_direct_contact_nearmiss_fixedbranch_p11
35002	109626	88814	target_22224_direct_contact_nearmiss_fixedbranch_p11
35002	109989	88814	target_22224_direct_contact_nearmiss_fixedbranch_p11
35002	110957	88814	target_22224_direct_contact_nearmiss_fixedbranch_p11
35002	111320	88814	target_22224_direct_contact_nearmiss_fixedbranch_p11
35002	112288	88814	target_22224_direct_contact_nearmiss_fixedbranch_p11
35002	112651	88814	target_22224_direct_contact_nearmiss_fixedbranch_p11
35002	113619	88814	target_22224_direct_contact_nearmiss_fixedbranch_p11
35002	113982	88814	target_22224_direct_contact_nearmiss_fixedbranch_p11
35002	114950	88814	target_22224_direct_contact_nearmiss_fixedbranch_p11
35002	115313	88814	target_22224_direct_contact_nearmiss_fixedbranch_p11
35002	116281	88814	target_22224_direct_contact_nearmiss_fixedbranch_p11
35002	116644	88814	target_22224_direct_contact_nearmiss_fixedbranch_p11
35002	117612	88814	target_22224_direct_contact_nearmiss_fixedbranch_p11
35002	117975	88814	target_22224_direct_contact_nearmiss_fixedbranch_p11
35002	118943	88814	target_22224_direct_contact_nearmiss_fixedbranch_p11
35002	119306	88814	target_22224_direct_contact_nearmiss_fixedbranch_p11
35002	120274	88814	target_22224_direct_contact_nearmiss_fixedbranch_p11
35002	120637	88814	target_22224_direct_contact_nearmiss_fixedbranch_p11
35002	121605	88814	target_22224_direct_contact_nearmiss_fixedbranch_p11
35002	121968	88814	target_22224_direct_contact_nearmiss_fixedbranch_p11
35002	122936	88814	target_22224_direct_contact_nearmiss_fixedbranch_p11
35002	123299	88814	target_22224_direct_contact_nearmiss_fixedbranch_p11
35002	124267	88814	target_22224_direct_contact_nearmiss_fixedbranch_p11
35002	124630	88814	target_22224_direct_contact_nearmiss_fixedbranch_p11
35002	125598	88814	target_22224_direct_contact_nearmiss_fixedbranch_p11
35002	125961	88814	target_22224_direct_contact_nearmiss_fixedbranch_p11
35002	126929	88814	target_22224_direct_contact_nearmiss_fixedbranch_p11
35002	127292	88814	target_22224_direct_contact_nearmiss_fixedbranch_p11
35002	128260	88814	target_22224_direct_contact_nearmiss_fixedbranch_p11
35002	128623	88814	target_22224_direct_contact_nearmiss_fixedbranch_p11
35002	129591	88814	target_22224_direct_contact_nearmiss_fixedbranch_p11
35002	129954	88814	target_22224_direct_contact_nearmiss_fixedbranch_p11
35002	130922	88814	target_22224_direct_contact_nearmiss_fixedbranch_p11
35002	131285	88814	target_22224_direct_contact_nearmiss_fixedbranch_p11
35002	132253	88814	target_22224_direct_contact_nearmiss_fixedbranch_p11
35002	132616	88814	target_22224_direct_contact_nearmiss_fixedbranch_p11
35002	133584	88814	target_22224_direct_contact_nearmiss_fixedbranch_p11
35002	133947	88814	target_22224_direct_contact_nearmiss_fixedbranch_p11
35002	134915	88814	target_22224_direct_contact_nearmiss_fixedbranch_p11
35002	135278	88814	target_22224_direct_contact_nearmiss_fixedbranch_p11
35002	136246	88814	target_22224_direct_contact_nearmiss_fixedbranch_p11
35002	136609	88814	target_22224_direct_contact_nearmiss_fixedbranch_p11
35002	137577	88814	target_22224_direct_contact_nearmiss_fixedbranch_p11
35002	137940	88814	target_22224_direct_contact_nearmiss_fixedbranch_p11
35002	138908	88814	target_22224_direct_contact_nearmiss_fixedbranch_p11
35002	139271	88814	target_22224_direct_contact_nearmiss_fixedbranch_p11
35002	140239	88814	target_22224_direct_contact_nearmiss_fixedbranch_p11
35002	140602	88814	target_22224_direct_contact_nearmiss_fixedbranch_p11
35002	141570	88814	target_22224_direct_contact_nearmiss_fixedbranch_p11
35002	141933	88814	target_22224_direct_contact_nearmiss_fixedbranch_p11
35002	142901	88814	target_22224_direct_contact_nearmiss_fixedbranch_p11
35002	143264	88814	target_22224_direct_contact_nearmiss_fixedbranch_p11
35002	144232	88814	target_22224_direct_contact_nearmiss_fixedbranch_p11
35002	144595	88814	target_22224_direct_contact_nearmiss_fixedbranch_p11
35002	145563	88814	target_22224_direct_contact_nearmiss_fixedbranch_p11
35002	145926	88814	target_22224_direct_contact_nearmiss_fixedbranch_p11
35002	146894	88814	target_22224_direct_contact_nearmiss_fixedbranch_p11
35002	147257	88814	target_22224_direct_contact_nearmiss_fixedbranch_p11
35002	148225	88814	target_22224_direct_contact_nearmiss_fixedbranch_p11
35002	148588	88814	target_22224_direct_contact_nearmiss_fixedbranch_p11
35002	149556	88814	target_22224_direct_contact_nearmiss_fixedbranch_p11
35002	149919	88814	target_22224_direct_contact_nearmiss_fixedbranch_p11
35002	150887	88814	target_22224_direct_contact_nearmiss_fixedbranch_p11
35002	151250	88814	target_22224_direct_contact_nearmiss_fixedbranch_p11
35002	152218	88814	target_22224_direct_contact_nearmiss_fixedbranch_p11
35002	152581	88814	target_22224_direct_contact_nearmiss_fixedbranch_p11
35002	153549	88814	target_22224_direct_contact_nearmiss_fixedbranch_p11
35002	153912	88814	target_22224_direct_contact_nearmiss_fixedbranch_p11
35002	154880	88814	target_22224_direct_contact_nearmiss_fixedbranch_p11
35002	155243	88814	target_22224_direct_contact_nearmiss_fixedbranch_p11
35002	156211	88814	target_22224_direct_contact_nearmiss_fixedbranch_p11
35002	156574	88814	target_22224_direct_contact_nearmiss_fixedbranch_p11
35002	157542	88814	target_22224_direct_contact_nearmiss_fixedbranch_p11
35002	157905	88814	target_22224_direct_contact_nearmiss_fixedbranch_p11
35002	158873	88814	target_22224_direct_contact_nearmiss_fixedbranch_p11
35002	159236	88814	target_22224_direct_contact_nearmiss_fixedbranch_p11
35002	160204	88814	target_22224_direct_contact_nearmiss_fixedbranch_p11
35002	160567	88814	target_22224_direct_contact_nearmiss_fixedbranch_p11
35083	5179	65955	target_22224_direct_contact_deep13_padic_tangent_p11
35083	19820	153801	target_22224_direct_contact_deep13_padic_tangent_p11
35083	34461	80596	target_22224_direct_contact_deep13_padic_tangent_p11
35083	49102	7391	target_22224_direct_contact_deep13_padic_tangent_p11
35083	63743	95237	target_22224_direct_contact_deep13_padic_tangent_p11
35083	78384	22032	target_22224_direct_contact_deep13_padic_tangent_p11
35083	93025	109878	target_22224_direct_contact_deep13_padic_tangent_p11
35083	107666	36673	target_22224_direct_contact_deep13_padic_tangent_p11
35083	122307	124519	target_22224_direct_contact_deep13_padic_tangent_p11
35083	136948	51314	target_22224_direct_contact_deep13_padic_tangent_p11
35083	151589	139160	target_22224_direct_contact_deep13_padic_tangent_p11
37184	8424	27334	target_22224_direct_contact_deep13_padic_tangent_p11
37184	23065	115180	target_22224_direct_contact_deep13_padic_tangent_p11
37184	37706	41975	target_22224_direct_contact_deep13_padic_tangent_p11
37184	52347	129821	target_22224_direct_contact_deep13_padic_tangent_p11
37184	66988	56616	target_22224_direct_contact_deep13_padic_tangent_p11
37184	81629	144462	target_22224_direct_contact_deep13_padic_tangent_p11
37184	96270	71257	target_22224_direct_contact_deep13_padic_tangent_p11
37184	110911	159103	target_22224_direct_contact_deep13_padic_tangent_p11
37184	125552	85898	target_22224_direct_contact_deep13_padic_tangent_p11
37184	140193	12693	target_22224_direct_contact_deep13_padic_tangent_p11
37184	154834	100539	target_22224_direct_contact_deep13_padic_tangent_p11
39384	5784	62490	target_22224_direct_contact_deep13_padic_tangent_p11
39384	20425	150336	target_22224_direct_contact_deep13_padic_tangent_p11
39384	35066	77131	target_22224_direct_contact_deep13_padic_tangent_p11
39384	49707	3926	target_22224_direct_contact_deep13_padic_tangent_p11
39384	64348	91772	target_22224_direct_contact_deep13_padic_tangent_p11
39384	78989	18567	target_22224_direct_contact_deep13_padic_tangent_p11
39384	93630	106413	target_22224_direct_contact_deep13_padic_tangent_p11
39384	108271	33208	target_22224_direct_contact_deep13_padic_tangent_p11
39384	122912	121054	target_22224_direct_contact_deep13_padic_tangent_p11
39384	137553	47849	target_22224_direct_contact_deep13_padic_tangent_p11
39384	152194	135695	target_22224_direct_contact_deep13_padic_tangent_p11
40165	4464	77516	target_22224_direct_contact_deep13_padic_tangent_p11
40165	19105	4311	target_22224_direct_contact_deep13_padic_tangent_p11
40165	33746	92157	target_22224_direct_contact_deep13_padic_tangent_p11
40165	48387	18952	target_22224_direct_contact_deep13_padic_tangent_p11
40165	63028	106798	target_22224_direct_contact_deep13_padic_tangent_p11
40165	77669	33593	target_22224_direct_contact_deep13_padic_tangent_p11
40165	92310	121439	target_22224_direct_contact_deep13_padic_tangent_p11
40165	106951	48234	target_22224_direct_contact_deep13_padic_tangent_p11
40165	121592	136080	target_22224_direct_contact_deep13_padic_tangent_p11
40165	136233	62875	target_22224_direct_contact_deep13_padic_tangent_p11
40165	150874	150721	target_22224_direct_contact_deep13_padic_tangent_p11
40187	1538	63161	target_22224_direct_contact_deep13_padic_tangent_p11
40187	16179	151007	target_22224_direct_contact_deep13_padic_tangent_p11
40187	30820	77802	target_22224_direct_contact_deep13_padic_tangent_p11
40187	45461	4597	target_22224_direct_contact_deep13_padic_tangent_p11
40187	60102	92443	target_22224_direct_contact_deep13_padic_tangent_p11
40187	74743	19238	target_22224_direct_contact_deep13_padic_tangent_p11
40187	89384	107084	target_22224_direct_contact_deep13_padic_tangent_p11
40187	104025	33879	target_22224_direct_contact_deep13_padic_tangent_p11
40187	118666	121725	target_22224_direct_contact_deep13_padic_tangent_p11
40187	133307	48520	target_22224_direct_contact_deep13_padic_tangent_p11
40187	147948	136366	target_22224_direct_contact_deep13_padic_tangent_p11
44444	11306	36398	target_22224_direct_contact_deep13_padic_tangent_p11
44444	25947	124244	target_22224_direct_contact_deep13_padic_tangent_p11
44444	40588	51039	target_22224_direct_contact_deep13_padic_tangent_p11
44444	55229	138885	target_22224_direct_contact_deep13_padic_tangent_p11
44444	69870	65680	target_22224_direct_contact_deep13_padic_tangent_p11
44444	84511	153526	target_22224_direct_contact_deep13_padic_tangent_p11
44444	99152	80321	target_22224_direct_contact_deep13_padic_tangent_p11
44444	113793	7116	target_22224_direct_contact_deep13_padic_tangent_p11
44444	128434	94962	target_22224_direct_contact_deep13_padic_tangent_p11
44444	143075	21757	target_22224_direct_contact_deep13_padic_tangent_p11
44444	157716	109603	target_22224_direct_contact_deep13_padic_tangent_p11
46006	2781	87647	target_22224_direct_contact_deep13_padic_tangent_p11
46006	17422	14442	target_22224_direct_contact_deep13_padic_tangent_p11
46006	32063	102288	target_22224_direct_contact_deep13_padic_tangent_p11
46006	46704	29083	target_22224_direct_contact_deep13_padic_tangent_p11
46006	61345	116929	target_22224_direct_contact_deep13_padic_tangent_p11
46006	75986	43724	target_22224_direct_contact_deep13_padic_tangent_p11
46006	90627	131570	target_22224_direct_contact_deep13_padic_tangent_p11
46006	105268	58365	target_22224_direct_contact_deep13_padic_tangent_p11
46006	119909	146211	target_22224_direct_contact_deep13_padic_tangent_p11
46006	134550	73006	target_22224_direct_contact_deep13_padic_tangent_p11
46006	149191	160852	target_22224_direct_contact_deep13_padic_tangent_p11
49108	10965	150193	target_22224_direct_contact_deep13_padic_tangent_p11
49108	25606	76988	target_22224_direct_contact_deep13_padic_tangent_p11
49108	40247	3783	target_22224_direct_contact_deep13_padic_tangent_p11
49108	54888	91629	target_22224_direct_contact_deep13_padic_tangent_p11
49108	69529	18424	target_22224_direct_contact_deep13_padic_tangent_p11
49108	84170	106270	target_22224_direct_contact_deep13_padic_tangent_p11
49108	98811	33065	target_22224_direct_contact_deep13_padic_tangent_p11
49108	113452	120911	target_22224_direct_contact_deep13_padic_tangent_p11
49108	128093	47706	target_22224_direct_contact_deep13_padic_tangent_p11
49108	142734	135552	target_22224_direct_contact_deep13_padic_tangent_p11
49108	157375	62347	target_22224_direct_contact_deep13_padic_tangent_p11
49724	5179	22032	target_22224_direct_contact_deep13_padic_tangent_p11
49724	19820	109878	target_22224_direct_contact_deep13_padic_tangent_p11
49724	34461	36673	target_22224_direct_contact_deep13_padic_tangent_p11
49724	49102	124519	target_22224_direct_contact_deep13_padic_tangent_p11
49724	63743	51314	target_22224_direct_contact_deep13_padic_tangent_p11
49724	78384	139160	target_22224_direct_contact_deep13_padic_tangent_p11
49724	93025	65955	target_22224_direct_contact_deep13_padic_tangent_p11
49724	107666	153801	target_22224_direct_contact_deep13_padic_tangent_p11
49724	122307	80596	target_22224_direct_contact_deep13_padic_tangent_p11
49724	136948	7391	target_22224_direct_contact_deep13_padic_tangent_p11
49724	151589	95237	target_22224_direct_contact_deep13_padic_tangent_p11
51825	8424	144462	target_22224_direct_contact_deep13_padic_tangent_p11
51825	23065	71257	target_22224_direct_contact_deep13_padic_tangent_p11
51825	37706	159103	target_22224_direct_contact_deep13_padic_tangent_p11
51825	52347	85898	target_22224_direct_contact_deep13_padic_tangent_p11
51825	66988	12693	target_22224_direct_contact_deep13_padic_tangent_p11
51825	81629	100539	target_22224_direct_contact_deep13_padic_tangent_p11
51825	96270	27334	target_22224_direct_contact_deep13_padic_tangent_p11
51825	110911	115180	target_22224_direct_contact_deep13_padic_tangent_p11
51825	125552	41975	target_22224_direct_contact_deep13_padic_tangent_p11
51825	140193	129821	target_22224_direct_contact_deep13_padic_tangent_p11
51825	154834	56616	target_22224_direct_contact_deep13_padic_tangent_p11
54025	5784	18567	target_22224_direct_contact_deep13_padic_tangent_p11
54025	20425	106413	target_22224_direct_contact_deep13_padic_tangent_p11
54025	35066	33208	target_22224_direct_contact_deep13_padic_tangent_p11
54025	49707	121054	target_22224_direct_contact_deep13_padic_tangent_p11
54025	64348	47849	target_22224_direct_contact_deep13_padic_tangent_p11
54025	78989	135695	target_22224_direct_contact_deep13_padic_tangent_p11
54025	93630	62490	target_22224_direct_contact_deep13_padic_tangent_p11
54025	108271	150336	target_22224_direct_contact_deep13_padic_tangent_p11
54025	122912	77131	target_22224_direct_contact_deep13_padic_tangent_p11
54025	137553	3926	target_22224_direct_contact_deep13_padic_tangent_p11
54025	152194	91772	target_22224_direct_contact_deep13_padic_tangent_p11
54806	4464	33593	target_22224_direct_contact_deep13_padic_tangent_p11
54806	19105	121439	target_22224_direct_contact_deep13_padic_tangent_p11
54806	33746	48234	target_22224_direct_contact_deep13_padic_tangent_p11
54806	48387	136080	target_22224_direct_contact_deep13_padic_tangent_p11
54806	63028	62875	target_22224_direct_contact_deep13_padic_tangent_p11
54806	77669	150721	target_22224_direct_contact_deep13_padic_tangent_p11
54806	92310	77516	target_22224_direct_contact_deep13_padic_tangent_p11
54806	106951	4311	target_22224_direct_contact_deep13_padic_tangent_p11
54806	121592	92157	target_22224_direct_contact_deep13_padic_tangent_p11
54806	136233	18952	target_22224_direct_contact_deep13_padic_tangent_p11
54806	150874	106798	target_22224_direct_contact_deep13_padic_tangent_p11
54828	1538	19238	target_22224_direct_contact_deep13_padic_tangent_p11
54828	16179	107084	target_22224_direct_contact_deep13_padic_tangent_p11
54828	30820	33879	target_22224_direct_contact_deep13_padic_tangent_p11
54828	45461	121725	target_22224_direct_contact_deep13_padic_tangent_p11
54828	60102	48520	target_22224_direct_contact_deep13_padic_tangent_p11
54828	74743	136366	target_22224_direct_contact_deep13_padic_tangent_p11
54828	89384	63161	target_22224_direct_contact_deep13_padic_tangent_p11
54828	104025	151007	target_22224_direct_contact_deep13_padic_tangent_p11
54828	118666	77802	target_22224_direct_contact_deep13_padic_tangent_p11
54828	133307	4597	target_22224_direct_contact_deep13_padic_tangent_p11
54828	147948	92443	target_22224_direct_contact_deep13_padic_tangent_p11
59085	11306	153526	target_22224_direct_contact_deep13_padic_tangent_p11
59085	25947	80321	target_22224_direct_contact_deep13_padic_tangent_p11
59085	40588	7116	target_22224_direct_contact_deep13_padic_tangent_p11
59085	55229	94962	target_22224_direct_contact_deep13_padic_tangent_p11
59085	69870	21757	target_22224_direct_contact_deep13_padic_tangent_p11
59085	84511	109603	target_22224_direct_contact_deep13_padic_tangent_p11
59085	99152	36398	target_22224_direct_contact_deep13_padic_tangent_p11
59085	113793	124244	target_22224_direct_contact_deep13_padic_tangent_p11
59085	128434	51039	target_22224_direct_contact_deep13_padic_tangent_p11
59085	143075	138885	target_22224_direct_contact_deep13_padic_tangent_p11
59085	157716	65680	target_22224_direct_contact_deep13_padic_tangent_p11
60647	2781	43724	target_22224_direct_contact_deep13_padic_tangent_p11
60647	17422	131570	target_22224_direct_contact_deep13_padic_tangent_p11
60647	32063	58365	target_22224_direct_contact_deep13_padic_tangent_p11
60647	46704	146211	target_22224_direct_contact_deep13_padic_tangent_p11
60647	61345	73006	target_22224_direct_contact_deep13_padic_tangent_p11
60647	75986	160852	target_22224_direct_contact_deep13_padic_tangent_p11
60647	90627	87647	target_22224_direct_contact_deep13_padic_tangent_p11
60647	105268	14442	target_22224_direct_contact_deep13_padic_tangent_p11
60647	119909	102288	target_22224_direct_contact_deep13_padic_tangent_p11
60647	134550	29083	target_22224_direct_contact_deep13_padic_tangent_p11
60647	149191	116929	target_22224_direct_contact_deep13_padic_tangent_p11
63749	10965	106270	target_22224_direct_contact_deep13_padic_tangent_p11
63749	25606	33065	target_22224_direct_contact_deep13_padic_tangent_p11
63749	40247	120911	target_22224_direct_contact_deep13_padic_tangent_p11
63749	54888	47706	target_22224_direct_contact_deep13_padic_tangent_p11
63749	69529	135552	target_22224_direct_contact_deep13_padic_tangent_p11
63749	84170	62347	target_22224_direct_contact_deep13_padic_tangent_p11
63749	98811	150193	target_22224_direct_contact_deep13_padic_tangent_p11
63749	113452	76988	target_22224_direct_contact_deep13_padic_tangent_p11
63749	128093	3783	target_22224_direct_contact_deep13_padic_tangent_p11
63749	142734	91629	target_22224_direct_contact_deep13_padic_tangent_p11
63749	157375	18424	target_22224_direct_contact_deep13_padic_tangent_p11
64365	5179	139160	target_22224_direct_contact_deep13_padic_tangent_p11
64365	19820	65955	target_22224_direct_contact_deep13_padic_tangent_p11
64365	34461	153801	target_22224_direct_contact_deep13_padic_tangent_p11
64365	49102	80596	target_22224_direct_contact_deep13_padic_tangent_p11
64365	63743	7391	target_22224_direct_contact_deep13_padic_tangent_p11
64365	78384	95237	target_22224_direct_contact_deep13_padic_tangent_p11
64365	93025	22032	target_22224_direct_contact_deep13_padic_tangent_p11
64365	107666	109878	target_22224_direct_contact_deep13_padic_tangent_p11
64365	122307	36673	target_22224_direct_contact_deep13_padic_tangent_p11
64365	136948	124519	target_22224_direct_contact_deep13_padic_tangent_p11
64365	151589	51314	target_22224_direct_contact_deep13_padic_tangent_p11
66466	8424	100539	target_22224_direct_contact_deep13_padic_tangent_p11
66466	23065	27334	target_22224_direct_contact_deep13_padic_tangent_p11
66466	37706	115180	target_22224_direct_contact_deep13_padic_tangent_p11
66466	52347	41975	target_22224_direct_contact_deep13_padic_tangent_p11
66466	66988	129821	target_22224_direct_contact_deep13_padic_tangent_p11
66466	81629	56616	target_22224_direct_contact_deep13_padic_tangent_p11
66466	96270	144462	target_22224_direct_contact_deep13_padic_tangent_p11
66466	110911	71257	target_22224_direct_contact_deep13_padic_tangent_p11
66466	125552	159103	target_22224_direct_contact_deep13_padic_tangent_p11
66466	140193	85898	target_22224_direct_contact_deep13_padic_tangent_p11
66466	154834	12693	target_22224_direct_contact_deep13_padic_tangent_p11
68666	5784	135695	target_22224_direct_contact_deep13_padic_tangent_p11
68666	20425	62490	target_22224_direct_contact_deep13_padic_tangent_p11
68666	35066	150336	target_22224_direct_contact_deep13_padic_tangent_p11
68666	49707	77131	target_22224_direct_contact_deep13_padic_tangent_p11
68666	64348	3926	target_22224_direct_contact_deep13_padic_tangent_p11
68666	78989	91772	target_22224_direct_contact_deep13_padic_tangent_p11
68666	93630	18567	target_22224_direct_contact_deep13_padic_tangent_p11
68666	108271	106413	target_22224_direct_contact_deep13_padic_tangent_p11
68666	122912	33208	target_22224_direct_contact_deep13_padic_tangent_p11
68666	137553	121054	target_22224_direct_contact_deep13_padic_tangent_p11
68666	152194	47849	target_22224_direct_contact_deep13_padic_tangent_p11
69447	4464	150721	target_22224_direct_contact_deep13_padic_tangent_p11
69447	19105	77516	target_22224_direct_contact_deep13_padic_tangent_p11
69447	33746	4311	target_22224_direct_contact_deep13_padic_tangent_p11
69447	48387	92157	target_22224_direct_contact_deep13_padic_tangent_p11
69447	63028	18952	target_22224_direct_contact_deep13_padic_tangent_p11
69447	77669	106798	target_22224_direct_contact_deep13_padic_tangent_p11
69447	92310	33593	target_22224_direct_contact_deep13_padic_tangent_p11
69447	106951	121439	target_22224_direct_contact_deep13_padic_tangent_p11
69447	121592	48234	target_22224_direct_contact_deep13_padic_tangent_p11
69447	136233	136080	target_22224_direct_contact_deep13_padic_tangent_p11
69447	150874	62875	target_22224_direct_contact_deep13_padic_tangent_p11
69469	1538	136366	target_22224_direct_contact_deep13_padic_tangent_p11
69469	16179	63161	target_22224_direct_contact_deep13_padic_tangent_p11
69469	30820	151007	target_22224_direct_contact_deep13_padic_tangent_p11
69469	45461	77802	target_22224_direct_contact_deep13_padic_tangent_p11
69469	60102	4597	target_22224_direct_contact_deep13_padic_tangent_p11
69469	74743	92443	target_22224_direct_contact_deep13_padic_tangent_p11
69469	89384	19238	target_22224_direct_contact_deep13_padic_tangent_p11
69469	104025	107084	target_22224_direct_contact_deep13_padic_tangent_p11
69469	118666	33879	target_22224_direct_contact_deep13_padic_tangent_p11
69469	133307	121725	target_22224_direct_contact_deep13_padic_tangent_p11
69469	147948	48520	target_22224_direct_contact_deep13_padic_tangent_p11
73726	11306	109603	target_22224_direct_contact_deep13_padic_tangent_p11
73726	25947	36398	target_22224_direct_contact_deep13_padic_tangent_p11
73726	40588	124244	target_22224_direct_contact_deep13_padic_tangent_p11
73726	55229	51039	target_22224_direct_contact_deep13_padic_tangent_p11
73726	69870	138885	target_22224_direct_contact_deep13_padic_tangent_p11
73726	84511	65680	target_22224_direct_contact_deep13_padic_tangent_p11
73726	99152	153526	target_22224_direct_contact_deep13_padic_tangent_p11
73726	113793	80321	target_22224_direct_contact_deep13_padic_tangent_p11
73726	128434	7116	target_22224_direct_contact_deep13_padic_tangent_p11
73726	143075	94962	target_22224_direct_contact_deep13_padic_tangent_p11
73726	157716	21757	target_22224_direct_contact_deep13_padic_tangent_p11
75288	2781	160852	target_22224_direct_contact_deep13_padic_tangent_p11
75288	17422	87647	target_22224_direct_contact_deep13_padic_tangent_p11
75288	32063	14442	target_22224_direct_contact_deep13_padic_tangent_p11
75288	46704	102288	target_22224_direct_contact_deep13_padic_tangent_p11
75288	61345	29083	target_22224_direct_contact_deep13_padic_tangent_p11
75288	75986	116929	target_22224_direct_contact_deep13_padic_tangent_p11
75288	90627	43724	target_22224_direct_contact_deep13_padic_tangent_p11
75288	105268	131570	target_22224_direct_contact_deep13_padic_tangent_p11
75288	119909	58365	target_22224_direct_contact_deep13_padic_tangent_p11
75288	134550	146211	target_22224_direct_contact_deep13_padic_tangent_p11
75288	149191	73006	target_22224_direct_contact_deep13_padic_tangent_p11
78390	10965	62347	target_22224_direct_contact_deep13_padic_tangent_p11
78390	25606	150193	target_22224_direct_contact_deep13_padic_tangent_p11
78390	40247	76988	target_22224_direct_contact_deep13_padic_tangent_p11
78390	54888	3783	target_22224_direct_contact_deep13_padic_tangent_p11
78390	69529	91629	target_22224_direct_contact_deep13_padic_tangent_p11
78390	84170	18424	target_22224_direct_contact_deep13_padic_tangent_p11
78390	98811	106270	target_22224_direct_contact_deep13_padic_tangent_p11
78390	113452	33065	target_22224_direct_contact_deep13_padic_tangent_p11
78390	128093	120911	target_22224_direct_contact_deep13_padic_tangent_p11
78390	142734	47706	target_22224_direct_contact_deep13_padic_tangent_p11
78390	157375	135552	target_22224_direct_contact_deep13_padic_tangent_p11
78925	121	88814	target_22224_direct_contact_nearmiss_fixedbranch_p11
78925	1210	88814	target_22224_direct_contact_nearmiss_fixedbranch_p11
78925	1452	88814	target_22224_direct_contact_nearmiss_fixedbranch_p11
78925	2541	88814	target_22224_direct_contact_nearmiss_fixedbranch_p11
78925	2783	88814	target_22224_direct_contact_nearmiss_fixedbranch_p11
78925	3872	88814	target_22224_direct_contact_nearmiss_fixedbranch_p11
78925	4114	88814	target_22224_direct_contact_nearmiss_fixedbranch_p11
78925	5203	88814	target_22224_direct_contact_nearmiss_fixedbranch_p11
78925	5445	88814	target_22224_direct_contact_nearmiss_fixedbranch_p11
78925	6534	88814	target_22224_direct_contact_nearmiss_fixedbranch_p11
78925	6776	88814	target_22224_direct_contact_nearmiss_fixedbranch_p11
78925	7865	88814	target_22224_direct_contact_nearmiss_fixedbranch_p11
78925	8107	88814	target_22224_direct_contact_nearmiss_fixedbranch_p11
78925	9196	88814	target_22224_direct_contact_nearmiss_fixedbranch_p11
78925	9438	88814	target_22224_direct_contact_nearmiss_fixedbranch_p11
78925	10527	88814	target_22224_direct_contact_nearmiss_fixedbranch_p11
78925	10769	88814	target_22224_direct_contact_nearmiss_fixedbranch_p11
78925	11858	88814	target_22224_direct_contact_nearmiss_fixedbranch_p11
78925	12100	88814	target_22224_direct_contact_nearmiss_fixedbranch_p11
78925	13189	88814	target_22224_direct_contact_nearmiss_fixedbranch_p11
78925	13431	88814	target_22224_direct_contact_nearmiss_fixedbranch_p11
78925	14520	88814	target_22224_direct_contact_nearmiss_fixedbranch_p11
78925	14762	88814	target_22224_direct_contact_nearmiss_fixedbranch_p11
78925	15851	88814	target_22224_direct_contact_nearmiss_fixedbranch_p11
78925	16093	88814	target_22224_direct_contact_nearmiss_fixedbranch_p11
78925	17182	88814	target_22224_direct_contact_nearmiss_fixedbranch_p11
78925	17424	88814	target_22224_direct_contact_nearmiss_fixedbranch_p11
78925	18513	88814	target_22224_direct_contact_nearmiss_fixedbranch_p11
78925	18755	88814	target_22224_direct_contact_nearmiss_fixedbranch_p11
78925	19844	88814	target_22224_direct_contact_nearmiss_fixedbranch_p11
78925	20086	88814	target_22224_direct_contact_nearmiss_fixedbranch_p11
78925	21175	88814	target_22224_direct_contact_nearmiss_fixedbranch_p11
78925	21417	88814	target_22224_direct_contact_nearmiss_fixedbranch_p11
78925	22506	88814	target_22224_direct_contact_nearmiss_fixedbranch_p11
78925	22748	88814	target_22224_direct_contact_nearmiss_fixedbranch_p11
78925	23837	88814	target_22224_direct_contact_nearmiss_fixedbranch_p11
78925	24079	88814	target_22224_direct_contact_nearmiss_fixedbranch_p11
78925	25168	88814	target_22224_direct_contact_nearmiss_fixedbranch_p11
78925	25410	88814	target_22224_direct_contact_nearmiss_fixedbranch_p11
78925	26499	88814	target_22224_direct_contact_nearmiss_fixedbranch_p11
78925	26741	88814	target_22224_direct_contact_nearmiss_fixedbranch_p11
78925	27830	88814	target_22224_direct_contact_nearmiss_fixedbranch_p11
78925	28072	88814	target_22224_direct_contact_nearmiss_fixedbranch_p11
78925	29161	88814	target_22224_direct_contact_nearmiss_fixedbranch_p11
78925	29403	88814	target_22224_direct_contact_nearmiss_fixedbranch_p11
78925	30492	88814	target_22224_direct_contact_nearmiss_fixedbranch_p11
78925	30734	88814	target_22224_direct_contact_nearmiss_fixedbranch_p11
78925	31823	88814	target_22224_direct_contact_nearmiss_fixedbranch_p11
78925	32065	88814	target_22224_direct_contact_nearmiss_fixedbranch_p11
78925	33154	88814	target_22224_direct_contact_nearmiss_fixedbranch_p11
78925	33396	88814	target_22224_direct_contact_nearmiss_fixedbranch_p11
78925	34485	88814	target_22224_direct_contact_nearmiss_fixedbranch_p11
78925	34727	88814	target_22224_direct_contact_nearmiss_fixedbranch_p11
78925	35816	88814	target_22224_direct_contact_nearmiss_fixedbranch_p11
78925	36058	88814	target_22224_direct_contact_nearmiss_fixedbranch_p11
78925	37147	88814	target_22224_direct_contact_nearmiss_fixedbranch_p11
78925	37389	88814	target_22224_direct_contact_nearmiss_fixedbranch_p11
78925	38478	88814	target_22224_direct_contact_nearmiss_fixedbranch_p11
78925	38720	88814	target_22224_direct_contact_nearmiss_fixedbranch_p11
78925	39809	88814	target_22224_direct_contact_nearmiss_fixedbranch_p11
78925	40051	88814	target_22224_direct_contact_nearmiss_fixedbranch_p11
78925	41140	88814	target_22224_direct_contact_nearmiss_fixedbranch_p11
78925	41382	88814	target_22224_direct_contact_nearmiss_fixedbranch_p11
78925	42471	88814	target_22224_direct_contact_nearmiss_fixedbranch_p11
78925	42713	88814	target_22224_direct_contact_nearmiss_fixedbranch_p11
78925	43802	88814	target_22224_direct_contact_nearmiss_fixedbranch_p11
78925	44044	88814	target_22224_direct_contact_nearmiss_fixedbranch_p11
78925	45133	88814	target_22224_direct_contact_nearmiss_fixedbranch_p11
78925	45375	88814	target_22224_direct_contact_nearmiss_fixedbranch_p11
78925	46464	88814	target_22224_direct_contact_nearmiss_fixedbranch_p11
78925	46706	88814	target_22224_direct_contact_nearmiss_fixedbranch_p11
78925	47795	88814	target_22224_direct_contact_nearmiss_fixedbranch_p11
78925	48037	88814	target_22224_direct_contact_nearmiss_fixedbranch_p11
78925	49126	88814	target_22224_direct_contact_nearmiss_fixedbranch_p11
78925	49368	88814	target_22224_direct_contact_nearmiss_fixedbranch_p11
78925	50457	88814	target_22224_direct_contact_nearmiss_fixedbranch_p11
78925	50699	88814	target_22224_direct_contact_nearmiss_fixedbranch_p11
78925	51788	88814	target_22224_direct_contact_nearmiss_fixedbranch_p11
78925	52030	88814	target_22224_direct_contact_nearmiss_fixedbranch_p11
78925	53119	88814	target_22224_direct_contact_nearmiss_fixedbranch_p11
78925	53361	88814	target_22224_direct_contact_nearmiss_fixedbranch_p11
78925	54450	88814	target_22224_direct_contact_nearmiss_fixedbranch_p11
78925	54692	88814	target_22224_direct_contact_nearmiss_fixedbranch_p11
78925	55781	88814	target_22224_direct_contact_nearmiss_fixedbranch_p11
78925	56023	88814	target_22224_direct_contact_nearmiss_fixedbranch_p11
78925	57112	88814	target_22224_direct_contact_nearmiss_fixedbranch_p11
78925	57354	88814	target_22224_direct_contact_nearmiss_fixedbranch_p11
78925	58443	88814	target_22224_direct_contact_nearmiss_fixedbranch_p11
78925	58685	88814	target_22224_direct_contact_nearmiss_fixedbranch_p11
78925	59774	88814	target_22224_direct_contact_nearmiss_fixedbranch_p11
78925	60016	88814	target_22224_direct_contact_nearmiss_fixedbranch_p11
78925	61105	88814	target_22224_direct_contact_nearmiss_fixedbranch_p11
78925	61347	88814	target_22224_direct_contact_nearmiss_fixedbranch_p11
78925	62436	88814	target_22224_direct_contact_nearmiss_fixedbranch_p11
78925	62678	88814	target_22224_direct_contact_nearmiss_fixedbranch_p11
78925	63767	88814	target_22224_direct_contact_nearmiss_fixedbranch_p11
78925	64009	88814	target_22224_direct_contact_nearmiss_fixedbranch_p11
78925	65098	88814	target_22224_direct_contact_nearmiss_fixedbranch_p11
78925	65340	88814	target_22224_direct_contact_nearmiss_fixedbranch_p11
78925	66429	88814	target_22224_direct_contact_nearmiss_fixedbranch_p11
78925	66671	88814	target_22224_direct_contact_nearmiss_fixedbranch_p11
78925	67760	88814	target_22224_direct_contact_nearmiss_fixedbranch_p11
78925	68002	88814	target_22224_direct_contact_nearmiss_fixedbranch_p11
78925	69091	88814	target_22224_direct_contact_nearmiss_fixedbranch_p11
78925	69333	88814	target_22224_direct_contact_nearmiss_fixedbranch_p11
78925	70422	88814	target_22224_direct_contact_nearmiss_fixedbranch_p11
78925	70664	88814	target_22224_direct_contact_nearmiss_fixedbranch_p11
78925	71753	88814	target_22224_direct_contact_nearmiss_fixedbranch_p11
78925	71995	88814	target_22224_direct_contact_nearmiss_fixedbranch_p11
78925	73084	88814	target_22224_direct_contact_nearmiss_fixedbranch_p11
78925	73326	88814	target_22224_direct_contact_nearmiss_fixedbranch_p11
78925	74415	88814	target_22224_direct_contact_nearmiss_fixedbranch_p11
78925	74657	88814	target_22224_direct_contact_nearmiss_fixedbranch_p11
78925	75746	88814	target_22224_direct_contact_nearmiss_fixedbranch_p11
78925	75988	88814	target_22224_direct_contact_nearmiss_fixedbranch_p11
78925	77077	88814	target_22224_direct_contact_nearmiss_fixedbranch_p11
78925	77319	88814	target_22224_direct_contact_nearmiss_fixedbranch_p11
78925	78408	88814	target_22224_direct_contact_nearmiss_fixedbranch_p11
78925	78650	88814	target_22224_direct_contact_nearmiss_fixedbranch_p11
78925	79739	88814	target_22224_direct_contact_nearmiss_fixedbranch_p11
78925	79981	88814	target_22224_direct_contact_nearmiss_fixedbranch_p11
78925	81070	88814	target_22224_direct_contact_nearmiss_fixedbranch_p11
78925	81312	88814	target_22224_direct_contact_nearmiss_fixedbranch_p11
78925	82401	88814	target_22224_direct_contact_nearmiss_fixedbranch_p11
78925	82643	88814	target_22224_direct_contact_nearmiss_fixedbranch_p11
78925	83732	88814	target_22224_direct_contact_nearmiss_fixedbranch_p11
78925	83974	88814	target_22224_direct_contact_nearmiss_fixedbranch_p11
78925	85063	88814	target_22224_direct_contact_nearmiss_fixedbranch_p11
78925	85305	88814	target_22224_direct_contact_nearmiss_fixedbranch_p11
78925	86394	88814	target_22224_direct_contact_nearmiss_fixedbranch_p11
78925	86636	88814	target_22224_direct_contact_nearmiss_fixedbranch_p11
78925	87725	88814	target_22224_direct_contact_nearmiss_fixedbranch_p11
78925	87967	88814	target_22224_direct_contact_nearmiss_fixedbranch_p11
78925	89056	88814	target_22224_direct_contact_nearmiss_fixedbranch_p11
78925	89298	88814	target_22224_direct_contact_nearmiss_fixedbranch_p11
78925	90387	88814	target_22224_direct_contact_nearmiss_fixedbranch_p11
78925	90629	88814	target_22224_direct_contact_nearmiss_fixedbranch_p11
78925	91718	88814	target_22224_direct_contact_nearmiss_fixedbranch_p11
78925	91960	88814	target_22224_direct_contact_nearmiss_fixedbranch_p11
78925	93049	88814	target_22224_direct_contact_nearmiss_fixedbranch_p11
78925	93291	88814	target_22224_direct_contact_nearmiss_fixedbranch_p11
78925	94380	88814	target_22224_direct_contact_nearmiss_fixedbranch_p11
78925	94622	88814	target_22224_direct_contact_nearmiss_fixedbranch_p11
78925	95711	88814	target_22224_direct_contact_nearmiss_fixedbranch_p11
78925	95953	88814	target_22224_direct_contact_nearmiss_fixedbranch_p11
78925	97042	88814	target_22224_direct_contact_nearmiss_fixedbranch_p11
78925	97284	88814	target_22224_direct_contact_nearmiss_fixedbranch_p11
78925	98373	88814	target_22224_direct_contact_nearmiss_fixedbranch_p11
78925	98615	88814	target_22224_direct_contact_nearmiss_fixedbranch_p11
78925	99704	88814	target_22224_direct_contact_nearmiss_fixedbranch_p11
78925	99946	88814	target_22224_direct_contact_nearmiss_fixedbranch_p11
78925	101035	88814	target_22224_direct_contact_nearmiss_fixedbranch_p11
78925	101277	88814	target_22224_direct_contact_nearmiss_fixedbranch_p11
78925	102366	88814	target_22224_direct_contact_nearmiss_fixedbranch_p11
78925	102608	88814	target_22224_direct_contact_nearmiss_fixedbranch_p11
78925	103697	88814	target_22224_direct_contact_nearmiss_fixedbranch_p11
78925	103939	88814	target_22224_direct_contact_nearmiss_fixedbranch_p11
78925	105028	88814	target_22224_direct_contact_nearmiss_fixedbranch_p11
78925	105270	88814	target_22224_direct_contact_nearmiss_fixedbranch_p11
78925	106359	88814	target_22224_direct_contact_nearmiss_fixedbranch_p11
78925	106601	88814	target_22224_direct_contact_nearmiss_fixedbranch_p11
78925	107690	88814	target_22224_direct_contact_nearmiss_fixedbranch_p11
78925	107932	88814	target_22224_direct_contact_nearmiss_fixedbranch_p11
78925	109021	88814	target_22224_direct_contact_nearmiss_fixedbranch_p11
78925	109263	88814	target_22224_direct_contact_nearmiss_fixedbranch_p11
78925	110352	88814	target_22224_direct_contact_nearmiss_fixedbranch_p11
78925	110594	88814	target_22224_direct_contact_nearmiss_fixedbranch_p11
78925	111683	88814	target_22224_direct_contact_nearmiss_fixedbranch_p11
78925	111925	88814	target_22224_direct_contact_nearmiss_fixedbranch_p11
78925	113014	88814	target_22224_direct_contact_nearmiss_fixedbranch_p11
78925	113256	88814	target_22224_direct_contact_nearmiss_fixedbranch_p11
78925	114345	88814	target_22224_direct_contact_nearmiss_fixedbranch_p11
78925	114587	88814	target_22224_direct_contact_nearmiss_fixedbranch_p11
78925	115676	88814	target_22224_direct_contact_nearmiss_fixedbranch_p11
78925	115918	88814	target_22224_direct_contact_nearmiss_fixedbranch_p11
78925	117007	88814	target_22224_direct_contact_nearmiss_fixedbranch_p11
78925	117249	88814	target_22224_direct_contact_nearmiss_fixedbranch_p11
78925	118338	88814	target_22224_direct_contact_nearmiss_fixedbranch_p11
78925	118580	88814	target_22224_direct_contact_nearmiss_fixedbranch_p11
78925	119669	88814	target_22224_direct_contact_nearmiss_fixedbranch_p11
78925	119911	88814	target_22224_direct_contact_nearmiss_fixedbranch_p11
78925	121000	88814	target_22224_direct_contact_nearmiss_fixedbranch_p11
78925	121242	88814	target_22224_direct_contact_nearmiss_fixedbranch_p11
78925	122331	88814	target_22224_direct_contact_nearmiss_fixedbranch_p11
78925	122573	88814	target_22224_direct_contact_nearmiss_fixedbranch_p11
78925	123662	88814	target_22224_direct_contact_nearmiss_fixedbranch_p11
78925	123904	88814	target_22224_direct_contact_nearmiss_fixedbranch_p11
78925	124993	88814	target_22224_direct_contact_nearmiss_fixedbranch_p11
78925	125235	88814	target_22224_direct_contact_nearmiss_fixedbranch_p11
78925	126324	88814	target_22224_direct_contact_nearmiss_fixedbranch_p11
78925	126566	88814	target_22224_direct_contact_nearmiss_fixedbranch_p11
78925	127655	88814	target_22224_direct_contact_nearmiss_fixedbranch_p11
78925	127897	88814	target_22224_direct_contact_nearmiss_fixedbranch_p11
78925	128986	88814	target_22224_direct_contact_nearmiss_fixedbranch_p11
78925	129228	88814	target_22224_direct_contact_nearmiss_fixedbranch_p11
78925	130317	88814	target_22224_direct_contact_nearmiss_fixedbranch_p11
78925	130559	88814	target_22224_direct_contact_nearmiss_fixedbranch_p11
78925	131648	88814	target_22224_direct_contact_nearmiss_fixedbranch_p11
78925	131890	88814	target_22224_direct_contact_nearmiss_fixedbranch_p11
78925	132979	88814	target_22224_direct_contact_nearmiss_fixedbranch_p11
78925	133221	88814	target_22224_direct_contact_nearmiss_fixedbranch_p11
78925	134310	88814	target_22224_direct_contact_nearmiss_fixedbranch_p11
78925	134552	88814	target_22224_direct_contact_nearmiss_fixedbranch_p11
78925	135641	88814	target_22224_direct_contact_nearmiss_fixedbranch_p11
78925	135883	88814	target_22224_direct_contact_nearmiss_fixedbranch_p11
78925	136972	88814	target_22224_direct_contact_nearmiss_fixedbranch_p11
78925	137214	88814	target_22224_direct_contact_nearmiss_fixedbranch_p11
78925	138303	88814	target_22224_direct_contact_nearmiss_fixedbranch_p11
78925	138545	88814	target_22224_direct_contact_nearmiss_fixedbranch_p11
78925	139634	88814	target_22224_direct_contact_nearmiss_fixedbranch_p11
78925	139876	88814	target_22224_direct_contact_nearmiss_fixedbranch_p11
78925	140965	88814	target_22224_direct_contact_nearmiss_fixedbranch_p11
78925	141207	88814	target_22224_direct_contact_nearmiss_fixedbranch_p11
78925	142296	88814	target_22224_direct_contact_nearmiss_fixedbranch_p11
78925	142538	88814	target_22224_direct_contact_nearmiss_fixedbranch_p11
78925	143627	88814	target_22224_direct_contact_nearmiss_fixedbranch_p11
78925	143869	88814	target_22224_direct_contact_nearmiss_fixedbranch_p11
78925	144958	88814	target_22224_direct_contact_nearmiss_fixedbranch_p11
78925	145200	88814	target_22224_direct_contact_nearmiss_fixedbranch_p11
78925	146289	88814	target_22224_direct_contact_nearmiss_fixedbranch_p11
78925	146531	88814	target_22224_direct_contact_nearmiss_fixedbranch_p11
78925	147620	88814	target_22224_direct_contact_nearmiss_fixedbranch_p11
78925	147862	88814	target_22224_direct_contact_nearmiss_fixedbranch_p11
78925	148951	88814	target_22224_direct_contact_nearmiss_fixedbranch_p11
78925	149193	88814	target_22224_direct_contact_nearmiss_fixedbranch_p11
78925	150282	88814	target_22224_direct_contact_nearmiss_fixedbranch_p11
78925	150524	88814	target_22224_direct_contact_nearmiss_fixedbranch_p11
78925	151613	88814	target_22224_direct_contact_nearmiss_fixedbranch_p11
78925	151855	88814	target_22224_direct_contact_nearmiss_fixedbranch_p11
78925	152944	88814	target_22224_direct_contact_nearmiss_fixedbranch_p11
78925	153186	88814	target_22224_direct_contact_nearmiss_fixedbranch_p11
78925	154275	88814	target_22224_direct_contact_nearmiss_fixedbranch_p11
78925	154517	88814	target_22224_direct_contact_nearmiss_fixedbranch_p11
78925	155606	88814	target_22224_direct_contact_nearmiss_fixedbranch_p11
78925	155848	88814	target_22224_direct_contact_nearmiss_fixedbranch_p11
78925	156937	88814	target_22224_direct_contact_nearmiss_fixedbranch_p11
78925	157179	88814	target_22224_direct_contact_nearmiss_fixedbranch_p11
78925	158268	88814	target_22224_direct_contact_nearmiss_fixedbranch_p11
78925	158510	88814	target_22224_direct_contact_nearmiss_fixedbranch_p11
78925	159599	88814	target_22224_direct_contact_nearmiss_fixedbranch_p11
78925	159841	88814	target_22224_direct_contact_nearmiss_fixedbranch_p11
78925	160930	88814	target_22224_direct_contact_nearmiss_fixedbranch_p11
79006	5179	95237	target_22224_direct_contact_deep13_padic_tangent_p11
79006	19820	22032	target_22224_direct_contact_deep13_padic_tangent_p11
79006	34461	109878	target_22224_direct_contact_deep13_padic_tangent_p11
79006	49102	36673	target_22224_direct_contact_deep13_padic_tangent_p11
79006	63743	124519	target_22224_direct_contact_deep13_padic_tangent_p11
79006	78384	51314	target_22224_direct_contact_deep13_padic_tangent_p11
79006	93025	139160	target_22224_direct_contact_deep13_padic_tangent_p11
79006	107666	65955	target_22224_direct_contact_deep13_padic_tangent_p11
79006	122307	153801	target_22224_direct_contact_deep13_padic_tangent_p11
79006	136948	80596	target_22224_direct_contact_deep13_padic_tangent_p11
79006	151589	7391	target_22224_direct_contact_deep13_padic_tangent_p11
81107	8424	56616	target_22224_direct_contact_deep13_padic_tangent_p11
81107	23065	144462	target_22224_direct_contact_deep13_padic_tangent_p11
81107	37706	71257	target_22224_direct_contact_deep13_padic_tangent_p11
81107	52347	159103	target_22224_direct_contact_deep13_padic_tangent_p11
81107	66988	85898	target_22224_direct_contact_deep13_padic_tangent_p11
81107	81629	12693	target_22224_direct_contact_deep13_padic_tangent_p11
81107	96270	100539	target_22224_direct_contact_deep13_padic_tangent_p11
81107	110911	27334	target_22224_direct_contact_deep13_padic_tangent_p11
81107	125552	115180	target_22224_direct_contact_deep13_padic_tangent_p11
81107	140193	41975	target_22224_direct_contact_deep13_padic_tangent_p11
81107	154834	129821	target_22224_direct_contact_deep13_padic_tangent_p11
83307	5784	91772	target_22224_direct_contact_deep13_padic_tangent_p11
83307	20425	18567	target_22224_direct_contact_deep13_padic_tangent_p11
83307	35066	106413	target_22224_direct_contact_deep13_padic_tangent_p11
83307	49707	33208	target_22224_direct_contact_deep13_padic_tangent_p11
83307	64348	121054	target_22224_direct_contact_deep13_padic_tangent_p11
83307	78989	47849	target_22224_direct_contact_deep13_padic_tangent_p11
83307	93630	135695	target_22224_direct_contact_deep13_padic_tangent_p11
83307	108271	62490	target_22224_direct_contact_deep13_padic_tangent_p11
83307	122912	150336	target_22224_direct_contact_deep13_padic_tangent_p11
83307	137553	77131	target_22224_direct_contact_deep13_padic_tangent_p11
83307	152194	3926	target_22224_direct_contact_deep13_padic_tangent_p11
84088	4464	106798	target_22224_direct_contact_deep13_padic_tangent_p11
84088	19105	33593	target_22224_direct_contact_deep13_padic_tangent_p11
84088	33746	121439	target_22224_direct_contact_deep13_padic_tangent_p11
84088	48387	48234	target_22224_direct_contact_deep13_padic_tangent_p11
84088	63028	136080	target_22224_direct_contact_deep13_padic_tangent_p11
84088	77669	62875	target_22224_direct_contact_deep13_padic_tangent_p11
84088	92310	150721	target_22224_direct_contact_deep13_padic_tangent_p11
84088	106951	77516	target_22224_direct_contact_deep13_padic_tangent_p11
84088	121592	4311	target_22224_direct_contact_deep13_padic_tangent_p11
84088	136233	92157	target_22224_direct_contact_deep13_padic_tangent_p11
84088	150874	18952	target_22224_direct_contact_deep13_padic_tangent_p11
84110	1538	92443	target_22224_direct_contact_deep13_padic_tangent_p11
84110	16179	19238	target_22224_direct_contact_deep13_padic_tangent_p11
84110	30820	107084	target_22224_direct_contact_deep13_padic_tangent_p11
84110	45461	33879	target_22224_direct_contact_deep13_padic_tangent_p11
84110	60102	121725	target_22224_direct_contact_deep13_padic_tangent_p11
84110	74743	48520	target_22224_direct_contact_deep13_padic_tangent_p11
84110	89384	136366	target_22224_direct_contact_deep13_padic_tangent_p11
84110	104025	63161	target_22224_direct_contact_deep13_padic_tangent_p11
84110	118666	151007	target_22224_direct_contact_deep13_padic_tangent_p11
84110	133307	77802	target_22224_direct_contact_deep13_padic_tangent_p11
84110	147948	4597	target_22224_direct_contact_deep13_padic_tangent_p11
88367	11306	65680	target_22224_direct_contact_deep13_padic_tangent_p11
88367	25947	153526	target_22224_direct_contact_deep13_padic_tangent_p11
88367	40588	80321	target_22224_direct_contact_deep13_padic_tangent_p11
88367	55229	7116	target_22224_direct_contact_deep13_padic_tangent_p11
88367	69870	94962	target_22224_direct_contact_deep13_padic_tangent_p11
88367	84511	21757	target_22224_direct_contact_deep13_padic_tangent_p11
88367	99152	109603	target_22224_direct_contact_deep13_padic_tangent_p11
88367	113793	36398	target_22224_direct_contact_deep13_padic_tangent_p11
88367	128434	124244	target_22224_direct_contact_deep13_padic_tangent_p11
88367	143075	51039	target_22224_direct_contact_deep13_padic_tangent_p11
88367	157716	138885	target_22224_direct_contact_deep13_padic_tangent_p11
89929	2781	116929	target_22224_direct_contact_deep13_padic_tangent_p11
89929	17422	43724	target_22224_direct_contact_deep13_padic_tangent_p11
89929	32063	131570	target_22224_direct_contact_deep13_padic_tangent_p11
89929	46704	58365	target_22224_direct_contact_deep13_padic_tangent_p11
89929	61345	146211	target_22224_direct_contact_deep13_padic_tangent_p11
89929	75986	73006	target_22224_direct_contact_deep13_padic_tangent_p11
89929	90627	160852	target_22224_direct_contact_deep13_padic_tangent_p11
89929	105268	87647	target_22224_direct_contact_deep13_padic_tangent_p11
89929	119909	14442	target_22224_direct_contact_deep13_padic_tangent_p11
89929	134550	102288	target_22224_direct_contact_deep13_padic_tangent_p11
89929	149191	29083	target_22224_direct_contact_deep13_padic_tangent_p11
93031	10965	18424	target_22224_direct_contact_deep13_padic_tangent_p11
93031	25606	106270	target_22224_direct_contact_deep13_padic_tangent_p11
93031	40247	33065	target_22224_direct_contact_deep13_padic_tangent_p11
93031	54888	120911	target_22224_direct_contact_deep13_padic_tangent_p11
93031	69529	47706	target_22224_direct_contact_deep13_padic_tangent_p11
93031	84170	135552	target_22224_direct_contact_deep13_padic_tangent_p11
93031	98811	62347	target_22224_direct_contact_deep13_padic_tangent_p11
93031	113452	150193	target_22224_direct_contact_deep13_padic_tangent_p11
93031	128093	76988	target_22224_direct_contact_deep13_padic_tangent_p11
93031	142734	3783	target_22224_direct_contact_deep13_padic_tangent_p11
93031	157375	91629	target_22224_direct_contact_deep13_padic_tangent_p11
93647	5179	51314	target_22224_direct_contact_deep13_padic_tangent_p11
93647	19820	139160	target_22224_direct_contact_deep13_padic_tangent_p11
93647	34461	65955	target_22224_direct_contact_deep13_padic_tangent_p11
93647	49102	153801	target_22224_direct_contact_deep13_padic_tangent_p11
93647	63743	80596	target_22224_direct_contact_deep13_padic_tangent_p11
93647	78384	7391	target_22224_direct_contact_deep13_padic_tangent_p11
93647	93025	95237	target_22224_direct_contact_deep13_padic_tangent_p11
93647	107666	22032	target_22224_direct_contact_deep13_padic_tangent_p11
93647	122307	109878	target_22224_direct_contact_deep13_padic_tangent_p11
93647	136948	36673	target_22224_direct_contact_deep13_padic_tangent_p11
93647	151589	124519	target_22224_direct_contact_deep13_padic_tangent_p11
95748	8424	12693	target_22224_direct_contact_deep13_padic_tangent_p11
95748	23065	100539	target_22224_direct_contact_deep13_padic_tangent_p11
95748	37706	27334	target_22224_direct_contact_deep13_padic_tangent_p11
95748	52347	115180	target_22224_direct_contact_deep13_padic_tangent_p11
95748	66988	41975	target_22224_direct_contact_deep13_padic_tangent_p11
95748	81629	129821	target_22224_direct_contact_deep13_padic_tangent_p11
95748	96270	56616	target_22224_direct_contact_deep13_padic_tangent_p11
95748	110911	144462	target_22224_direct_contact_deep13_padic_tangent_p11
95748	125552	71257	target_22224_direct_contact_deep13_padic_tangent_p11
95748	140193	159103	target_22224_direct_contact_deep13_padic_tangent_p11
95748	154834	85898	target_22224_direct_contact_deep13_padic_tangent_p11
97948	5784	47849	target_22224_direct_contact_deep13_padic_tangent_p11
97948	20425	135695	target_22224_direct_contact_deep13_padic_tangent_p11
97948	35066	62490	target_22224_direct_contact_deep13_padic_tangent_p11
97948	49707	150336	target_22224_direct_contact_deep13_padic_tangent_p11
97948	64348	77131	target_22224_direct_contact_deep13_padic_tangent_p11
97948	78989	3926	target_22224_direct_contact_deep13_padic_tangent_p11
97948	93630	91772	target_22224_direct_contact_deep13_padic_tangent_p11
97948	108271	18567	target_22224_direct_contact_deep13_padic_tangent_p11
97948	122912	106413	target_22224_direct_contact_deep13_padic_tangent_p11
97948	137553	33208	target_22224_direct_contact_deep13_padic_tangent_p11
97948	152194	121054	target_22224_direct_contact_deep13_padic_tangent_p11
98729	4464	62875	target_22224_direct_contact_deep13_padic_tangent_p11
98729	19105	150721	target_22224_direct_contact_deep13_padic_tangent_p11
98729	33746	77516	target_22224_direct_contact_deep13_padic_tangent_p11
98729	48387	4311	target_22224_direct_contact_deep13_padic_tangent_p11
98729	63028	92157	target_22224_direct_contact_deep13_padic_tangent_p11
98729	77669	18952	target_22224_direct_contact_deep13_padic_tangent_p11
98729	92310	106798	target_22224_direct_contact_deep13_padic_tangent_p11
98729	106951	33593	target_22224_direct_contact_deep13_padic_tangent_p11
98729	121592	121439	target_22224_direct_contact_deep13_padic_tangent_p11
98729	136233	48234	target_22224_direct_contact_deep13_padic_tangent_p11
98729	150874	136080	target_22224_direct_contact_deep13_padic_tangent_p11
98751	1538	48520	target_22224_direct_contact_deep13_padic_tangent_p11
98751	16179	136366	target_22224_direct_contact_deep13_padic_tangent_p11
98751	30820	63161	target_22224_direct_contact_deep13_padic_tangent_p11
98751	45461	151007	target_22224_direct_contact_deep13_padic_tangent_p11
98751	60102	77802	target_22224_direct_contact_deep13_padic_tangent_p11
98751	74743	4597	target_22224_direct_contact_deep13_padic_tangent_p11
98751	89384	92443	target_22224_direct_contact_deep13_padic_tangent_p11
98751	104025	19238	target_22224_direct_contact_deep13_padic_tangent_p11
98751	118666	107084	target_22224_direct_contact_deep13_padic_tangent_p11
98751	133307	33879	target_22224_direct_contact_deep13_padic_tangent_p11
98751	147948	121725	target_22224_direct_contact_deep13_padic_tangent_p11
103008	11306	21757	target_22224_direct_contact_deep13_padic_tangent_p11
103008	25947	109603	target_22224_direct_contact_deep13_padic_tangent_p11
103008	40588	36398	target_22224_direct_contact_deep13_padic_tangent_p11
103008	55229	124244	target_22224_direct_contact_deep13_padic_tangent_p11
103008	69870	51039	target_22224_direct_contact_deep13_padic_tangent_p11
103008	84511	138885	target_22224_direct_contact_deep13_padic_tangent_p11
103008	99152	65680	target_22224_direct_contact_deep13_padic_tangent_p11
103008	113793	153526	target_22224_direct_contact_deep13_padic_tangent_p11
103008	128434	80321	target_22224_direct_contact_deep13_padic_tangent_p11
103008	143075	7116	target_22224_direct_contact_deep13_padic_tangent_p11
103008	157716	94962	target_22224_direct_contact_deep13_padic_tangent_p11
104570	2781	73006	target_22224_direct_contact_deep13_padic_tangent_p11
104570	17422	160852	target_22224_direct_contact_deep13_padic_tangent_p11
104570	32063	87647	target_22224_direct_contact_deep13_padic_tangent_p11
104570	46704	14442	target_22224_direct_contact_deep13_padic_tangent_p11
104570	61345	102288	target_22224_direct_contact_deep13_padic_tangent_p11
104570	75986	29083	target_22224_direct_contact_deep13_padic_tangent_p11
104570	90627	116929	target_22224_direct_contact_deep13_padic_tangent_p11
104570	105268	43724	target_22224_direct_contact_deep13_padic_tangent_p11
104570	119909	131570	target_22224_direct_contact_deep13_padic_tangent_p11
104570	134550	58365	target_22224_direct_contact_deep13_padic_tangent_p11
104570	149191	146211	target_22224_direct_contact_deep13_padic_tangent_p11
107672	10965	135552	target_22224_direct_contact_deep13_padic_tangent_p11
107672	25606	62347	target_22224_direct_contact_deep13_padic_tangent_p11
107672	40247	150193	target_22224_direct_contact_deep13_padic_tangent_p11
107672	54888	76988	target_22224_direct_contact_deep13_padic_tangent_p11
107672	69529	3783	target_22224_direct_contact_deep13_padic_tangent_p11
107672	84170	91629	target_22224_direct_contact_deep13_padic_tangent_p11
107672	98811	18424	target_22224_direct_contact_deep13_padic_tangent_p11
107672	113452	106270	target_22224_direct_contact_deep13_padic_tangent_p11
107672	128093	33065	target_22224_direct_contact_deep13_padic_tangent_p11
107672	142734	120911	target_22224_direct_contact_deep13_padic_tangent_p11
107672	157375	47706	target_22224_direct_contact_deep13_padic_tangent_p11
108288	5179	7391	target_22224_direct_contact_deep13_padic_tangent_p11
108288	19820	95237	target_22224_direct_contact_deep13_padic_tangent_p11
108288	34461	22032	target_22224_direct_contact_deep13_padic_tangent_p11
108288	49102	109878	target_22224_direct_contact_deep13_padic_tangent_p11
108288	63743	36673	target_22224_direct_contact_deep13_padic_tangent_p11
108288	78384	124519	target_22224_direct_contact_deep13_padic_tangent_p11
108288	93025	51314	target_22224_direct_contact_deep13_padic_tangent_p11
108288	107666	139160	target_22224_direct_contact_deep13_padic_tangent_p11
108288	122307	65955	target_22224_direct_contact_deep13_padic_tangent_p11
108288	136948	153801	target_22224_direct_contact_deep13_padic_tangent_p11
108288	151589	80596	target_22224_direct_contact_deep13_padic_tangent_p11
110389	8424	129821	target_22224_direct_contact_deep13_padic_tangent_p11
110389	23065	56616	target_22224_direct_contact_deep13_padic_tangent_p11
110389	37706	144462	target_22224_direct_contact_deep13_padic_tangent_p11
110389	52347	71257	target_22224_direct_contact_deep13_padic_tangent_p11
110389	66988	159103	target_22224_direct_contact_deep13_padic_tangent_p11
110389	81629	85898	target_22224_direct_contact_deep13_padic_tangent_p11
110389	96270	12693	target_22224_direct_contact_deep13_padic_tangent_p11
110389	110911	100539	target_22224_direct_contact_deep13_padic_tangent_p11
110389	125552	27334	target_22224_direct_contact_deep13_padic_tangent_p11
110389	140193	115180	target_22224_direct_contact_deep13_padic_tangent_p11
110389	154834	41975	target_22224_direct_contact_deep13_padic_tangent_p11
112589	5784	3926	target_22224_direct_contact_deep13_padic_tangent_p11
112589	20425	91772	target_22224_direct_contact_deep13_padic_tangent_p11
112589	35066	18567	target_22224_direct_contact_deep13_padic_tangent_p11
112589	49707	106413	target_22224_direct_contact_deep13_padic_tangent_p11
112589	64348	33208	target_22224_direct_contact_deep13_padic_tangent_p11
112589	78989	121054	target_22224_direct_contact_deep13_padic_tangent_p11
112589	93630	47849	target_22224_direct_contact_deep13_padic_tangent_p11
112589	108271	135695	target_22224_direct_contact_deep13_padic_tangent_p11
112589	122912	62490	target_22224_direct_contact_deep13_padic_tangent_p11
112589	137553	150336	target_22224_direct_contact_deep13_padic_tangent_p11
112589	152194	77131	target_22224_direct_contact_deep13_padic_tangent_p11
113370	4464	18952	target_22224_direct_contact_deep13_padic_tangent_p11
113370	19105	106798	target_22224_direct_contact_deep13_padic_tangent_p11
113370	33746	33593	target_22224_direct_contact_deep13_padic_tangent_p11
113370	48387	121439	target_22224_direct_contact_deep13_padic_tangent_p11
113370	63028	48234	target_22224_direct_contact_deep13_padic_tangent_p11
113370	77669	136080	target_22224_direct_contact_deep13_padic_tangent_p11
113370	92310	62875	target_22224_direct_contact_deep13_padic_tangent_p11
113370	106951	150721	target_22224_direct_contact_deep13_padic_tangent_p11
113370	121592	77516	target_22224_direct_contact_deep13_padic_tangent_p11
113370	136233	4311	target_22224_direct_contact_deep13_padic_tangent_p11
113370	150874	92157	target_22224_direct_contact_deep13_padic_tangent_p11
113392	1538	4597	target_22224_direct_contact_deep13_padic_tangent_p11
113392	16179	92443	target_22224_direct_contact_deep13_padic_tangent_p11
113392	30820	19238	target_22224_direct_contact_deep13_padic_tangent_p11
113392	45461	107084	target_22224_direct_contact_deep13_padic_tangent_p11
113392	60102	33879	target_22224_direct_contact_deep13_padic_tangent_p11
113392	74743	121725	target_22224_direct_contact_deep13_padic_tangent_p11
113392	89384	48520	target_22224_direct_contact_deep13_padic_tangent_p11
113392	104025	136366	target_22224_direct_contact_deep13_padic_tangent_p11
113392	118666	63161	target_22224_direct_contact_deep13_padic_tangent_p11
113392	133307	151007	target_22224_direct_contact_deep13_padic_tangent_p11
113392	147948	77802	target_22224_direct_contact_deep13_padic_tangent_p11
117649	11306	138885	target_22224_direct_contact_deep13_padic_tangent_p11
117649	25947	65680	target_22224_direct_contact_deep13_padic_tangent_p11
117649	40588	153526	target_22224_direct_contact_deep13_padic_tangent_p11
117649	55229	80321	target_22224_direct_contact_deep13_padic_tangent_p11
117649	69870	7116	target_22224_direct_contact_deep13_padic_tangent_p11
117649	84511	94962	target_22224_direct_contact_deep13_padic_tangent_p11
117649	99152	21757	target_22224_direct_contact_deep13_padic_tangent_p11
117649	113793	109603	target_22224_direct_contact_deep13_padic_tangent_p11
117649	128434	36398	target_22224_direct_contact_deep13_padic_tangent_p11
117649	143075	124244	target_22224_direct_contact_deep13_padic_tangent_p11
117649	157716	51039	target_22224_direct_contact_deep13_padic_tangent_p11
119211	2781	29083	target_22224_direct_contact_deep13_padic_tangent_p11
119211	17422	116929	target_22224_direct_contact_deep13_padic_tangent_p11
119211	32063	43724	target_22224_direct_contact_deep13_padic_tangent_p11
119211	46704	131570	target_22224_direct_contact_deep13_padic_tangent_p11
119211	61345	58365	target_22224_direct_contact_deep13_padic_tangent_p11
119211	75986	146211	target_22224_direct_contact_deep13_padic_tangent_p11
119211	90627	73006	target_22224_direct_contact_deep13_padic_tangent_p11
119211	105268	160852	target_22224_direct_contact_deep13_padic_tangent_p11
119211	119909	87647	target_22224_direct_contact_deep13_padic_tangent_p11
119211	134550	14442	target_22224_direct_contact_deep13_padic_tangent_p11
119211	149191	102288	target_22224_direct_contact_deep13_padic_tangent_p11
122313	10965	91629	target_22224_direct_contact_deep13_padic_tangent_p11
122313	25606	18424	target_22224_direct_contact_deep13_padic_tangent_p11
122313	40247	106270	target_22224_direct_contact_deep13_padic_tangent_p11
122313	54888	33065	target_22224_direct_contact_deep13_padic_tangent_p11
122313	69529	120911	target_22224_direct_contact_deep13_padic_tangent_p11
122313	84170	47706	target_22224_direct_contact_deep13_padic_tangent_p11
122313	98811	135552	target_22224_direct_contact_deep13_padic_tangent_p11
122313	113452	62347	target_22224_direct_contact_deep13_padic_tangent_p11
122313	128093	150193	target_22224_direct_contact_deep13_padic_tangent_p11
122313	142734	76988	target_22224_direct_contact_deep13_padic_tangent_p11
122313	157375	3783	target_22224_direct_contact_deep13_padic_tangent_p11
122929	5179	124519	target_22224_direct_contact_deep13_padic_tangent_p11
122929	19820	51314	target_22224_direct_contact_deep13_padic_tangent_p11
122929	34461	139160	target_22224_direct_contact_deep13_padic_tangent_p11
122929	49102	65955	target_22224_direct_contact_deep13_padic_tangent_p11
122929	63743	153801	target_22224_direct_contact_deep13_padic_tangent_p11
122929	78384	80596	target_22224_direct_contact_deep13_padic_tangent_p11
122929	93025	7391	target_22224_direct_contact_deep13_padic_tangent_p11
122929	107666	95237	target_22224_direct_contact_deep13_padic_tangent_p11
122929	122307	22032	target_22224_direct_contact_deep13_padic_tangent_p11
122929	136948	109878	target_22224_direct_contact_deep13_padic_tangent_p11
122929	151589	36673	target_22224_direct_contact_deep13_padic_tangent_p11
125030	8424	85898	target_22224_direct_contact_deep13_padic_tangent_p11
125030	23065	12693	target_22224_direct_contact_deep13_padic_tangent_p11
125030	37706	100539	target_22224_direct_contact_deep13_padic_tangent_p11
125030	52347	27334	target_22224_direct_contact_deep13_padic_tangent_p11
125030	66988	115180	target_22224_direct_contact_deep13_padic_tangent_p11
125030	81629	41975	target_22224_direct_contact_deep13_padic_tangent_p11
125030	96270	129821	target_22224_direct_contact_deep13_padic_tangent_p11
125030	110911	56616	target_22224_direct_contact_deep13_padic_tangent_p11
125030	125552	144462	target_22224_direct_contact_deep13_padic_tangent_p11
125030	140193	71257	target_22224_direct_contact_deep13_padic_tangent_p11
125030	154834	159103	target_22224_direct_contact_deep13_padic_tangent_p11
127230	5784	121054	target_22224_direct_contact_deep13_padic_tangent_p11
127230	20425	47849	target_22224_direct_contact_deep13_padic_tangent_p11
127230	35066	135695	target_22224_direct_contact_deep13_padic_tangent_p11
127230	49707	62490	target_22224_direct_contact_deep13_padic_tangent_p11
127230	64348	150336	target_22224_direct_contact_deep13_padic_tangent_p11
127230	78989	77131	target_22224_direct_contact_deep13_padic_tangent_p11
127230	93630	3926	target_22224_direct_contact_deep13_padic_tangent_p11
127230	108271	91772	target_22224_direct_contact_deep13_padic_tangent_p11
127230	122912	18567	target_22224_direct_contact_deep13_padic_tangent_p11
127230	137553	106413	target_22224_direct_contact_deep13_padic_tangent_p11
127230	152194	33208	target_22224_direct_contact_deep13_padic_tangent_p11
128011	4464	136080	target_22224_direct_contact_deep13_padic_tangent_p11
128011	19105	62875	target_22224_direct_contact_deep13_padic_tangent_p11
128011	33746	150721	target_22224_direct_contact_deep13_padic_tangent_p11
128011	48387	77516	target_22224_direct_contact_deep13_padic_tangent_p11
128011	63028	4311	target_22224_direct_contact_deep13_padic_tangent_p11
128011	77669	92157	target_22224_direct_contact_deep13_padic_tangent_p11
128011	92310	18952	target_22224_direct_contact_deep13_padic_tangent_p11
128011	106951	106798	target_22224_direct_contact_deep13_padic_tangent_p11
128011	121592	33593	target_22224_direct_contact_deep13_padic_tangent_p11
128011	136233	121439	target_22224_direct_contact_deep13_padic_tangent_p11
128011	150874	48234	target_22224_direct_contact_deep13_padic_tangent_p11
128033	1538	121725	target_22224_direct_contact_deep13_padic_tangent_p11
128033	16179	48520	target_22224_direct_contact_deep13_padic_tangent_p11
128033	30820	136366	target_22224_direct_contact_deep13_padic_tangent_p11
128033	45461	63161	target_22224_direct_contact_deep13_padic_tangent_p11
128033	60102	151007	target_22224_direct_contact_deep13_padic_tangent_p11
128033	74743	77802	target_22224_direct_contact_deep13_padic_tangent_p11
128033	89384	4597	target_22224_direct_contact_deep13_padic_tangent_p11
128033	104025	92443	target_22224_direct_contact_deep13_padic_tangent_p11
128033	118666	19238	target_22224_direct_contact_deep13_padic_tangent_p11
128033	133307	107084	target_22224_direct_contact_deep13_padic_tangent_p11
128033	147948	33879	target_22224_direct_contact_deep13_padic_tangent_p11
132290	11306	94962	target_22224_direct_contact_deep13_padic_tangent_p11
132290	25947	21757	target_22224_direct_contact_deep13_padic_tangent_p11
132290	40588	109603	target_22224_direct_contact_deep13_padic_tangent_p11
132290	55229	36398	target_22224_direct_contact_deep13_padic_tangent_p11
132290	69870	124244	target_22224_direct_contact_deep13_padic_tangent_p11
132290	84511	51039	target_22224_direct_contact_deep13_padic_tangent_p11
132290	99152	138885	target_22224_direct_contact_deep13_padic_tangent_p11
132290	113793	65680	target_22224_direct_contact_deep13_padic_tangent_p11
132290	128434	153526	target_22224_direct_contact_deep13_padic_tangent_p11
132290	143075	80321	target_22224_direct_contact_deep13_padic_tangent_p11
132290	157716	7116	target_22224_direct_contact_deep13_padic_tangent_p11
133852	2781	146211	target_22224_direct_contact_deep13_padic_tangent_p11
133852	17422	73006	target_22224_direct_contact_deep13_padic_tangent_p11
133852	32063	160852	target_22224_direct_contact_deep13_padic_tangent_p11
133852	46704	87647	target_22224_direct_contact_deep13_padic_tangent_p11
133852	61345	14442	target_22224_direct_contact_deep13_padic_tangent_p11
133852	75986	102288	target_22224_direct_contact_deep13_padic_tangent_p11
133852	90627	29083	target_22224_direct_contact_deep13_padic_tangent_p11
133852	105268	116929	target_22224_direct_contact_deep13_padic_tangent_p11
133852	119909	43724	target_22224_direct_contact_deep13_padic_tangent_p11
133852	134550	131570	target_22224_direct_contact_deep13_padic_tangent_p11
133852	149191	58365	target_22224_direct_contact_deep13_padic_tangent_p11
136954	10965	47706	target_22224_direct_contact_deep13_padic_tangent_p11
136954	25606	135552	target_22224_direct_contact_deep13_padic_tangent_p11
136954	40247	62347	target_22224_direct_contact_deep13_padic_tangent_p11
136954	54888	150193	target_22224_direct_contact_deep13_padic_tangent_p11
136954	69529	76988	target_22224_direct_contact_deep13_padic_tangent_p11
136954	84170	3783	target_22224_direct_contact_deep13_padic_tangent_p11
136954	98811	91629	target_22224_direct_contact_deep13_padic_tangent_p11
136954	113452	18424	target_22224_direct_contact_deep13_padic_tangent_p11
136954	128093	106270	target_22224_direct_contact_deep13_padic_tangent_p11
136954	142734	33065	target_22224_direct_contact_deep13_padic_tangent_p11
136954	157375	120911	target_22224_direct_contact_deep13_padic_tangent_p11
137489	605	88814	target_22224_direct_contact_nearmiss_fixedbranch_p11
137489	726	88814	target_22224_direct_contact_nearmiss_fixedbranch_p11
137489	1936	88814	target_22224_direct_contact_nearmiss_fixedbranch_p11
137489	2057	88814	target_22224_direct_contact_nearmiss_fixedbranch_p11
137489	3267	88814	target_22224_direct_contact_nearmiss_fixedbranch_p11
137489	3388	88814	target_22224_direct_contact_nearmiss_fixedbranch_p11
137489	4598	88814	target_22224_direct_contact_nearmiss_fixedbranch_p11
137489	4719	88814	target_22224_direct_contact_nearmiss_fixedbranch_p11
137489	5929	88814	target_22224_direct_contact_nearmiss_fixedbranch_p11
137489	6050	88814	target_22224_direct_contact_nearmiss_fixedbranch_p11
137489	7260	88814	target_22224_direct_contact_nearmiss_fixedbranch_p11
137489	7381	88814	target_22224_direct_contact_nearmiss_fixedbranch_p11
137489	8591	88814	target_22224_direct_contact_nearmiss_fixedbranch_p11
137489	8712	88814	target_22224_direct_contact_nearmiss_fixedbranch_p11
137489	9922	88814	target_22224_direct_contact_nearmiss_fixedbranch_p11
137489	10043	88814	target_22224_direct_contact_nearmiss_fixedbranch_p11
137489	11253	88814	target_22224_direct_contact_nearmiss_fixedbranch_p11
137489	11374	88814	target_22224_direct_contact_nearmiss_fixedbranch_p11
137489	12584	88814	target_22224_direct_contact_nearmiss_fixedbranch_p11
137489	12705	88814	target_22224_direct_contact_nearmiss_fixedbranch_p11
137489	13915	88814	target_22224_direct_contact_nearmiss_fixedbranch_p11
137489	14036	88814	target_22224_direct_contact_nearmiss_fixedbranch_p11
137489	15246	88814	target_22224_direct_contact_nearmiss_fixedbranch_p11
137489	15367	88814	target_22224_direct_contact_nearmiss_fixedbranch_p11
137489	16577	88814	target_22224_direct_contact_nearmiss_fixedbranch_p11
137489	16698	88814	target_22224_direct_contact_nearmiss_fixedbranch_p11
137489	17908	88814	target_22224_direct_contact_nearmiss_fixedbranch_p11
137489	18029	88814	target_22224_direct_contact_nearmiss_fixedbranch_p11
137489	19239	88814	target_22224_direct_contact_nearmiss_fixedbranch_p11
137489	19360	88814	target_22224_direct_contact_nearmiss_fixedbranch_p11
137489	20570	88814	target_22224_direct_contact_nearmiss_fixedbranch_p11
137489	20691	88814	target_22224_direct_contact_nearmiss_fixedbranch_p11
137489	21901	88814	target_22224_direct_contact_nearmiss_fixedbranch_p11
137489	22022	88814	target_22224_direct_contact_nearmiss_fixedbranch_p11
137489	23232	88814	target_22224_direct_contact_nearmiss_fixedbranch_p11
137489	23353	88814	target_22224_direct_contact_nearmiss_fixedbranch_p11
137489	24563	88814	target_22224_direct_contact_nearmiss_fixedbranch_p11
137489	24684	88814	target_22224_direct_contact_nearmiss_fixedbranch_p11
137489	25894	88814	target_22224_direct_contact_nearmiss_fixedbranch_p11
137489	26015	88814	target_22224_direct_contact_nearmiss_fixedbranch_p11
137489	27225	88814	target_22224_direct_contact_nearmiss_fixedbranch_p11
137489	27346	88814	target_22224_direct_contact_nearmiss_fixedbranch_p11
137489	28556	88814	target_22224_direct_contact_nearmiss_fixedbranch_p11
137489	28677	88814	target_22224_direct_contact_nearmiss_fixedbranch_p11
137489	29887	88814	target_22224_direct_contact_nearmiss_fixedbranch_p11
137489	30008	88814	target_22224_direct_contact_nearmiss_fixedbranch_p11
137489	31218	88814	target_22224_direct_contact_nearmiss_fixedbranch_p11
137489	31339	88814	target_22224_direct_contact_nearmiss_fixedbranch_p11
137489	32549	88814	target_22224_direct_contact_nearmiss_fixedbranch_p11
137489	32670	88814	target_22224_direct_contact_nearmiss_fixedbranch_p11
137489	33880	88814	target_22224_direct_contact_nearmiss_fixedbranch_p11
137489	34001	88814	target_22224_direct_contact_nearmiss_fixedbranch_p11
137489	35211	88814	target_22224_direct_contact_nearmiss_fixedbranch_p11
137489	35332	88814	target_22224_direct_contact_nearmiss_fixedbranch_p11
137489	36542	88814	target_22224_direct_contact_nearmiss_fixedbranch_p11
137489	36663	88814	target_22224_direct_contact_nearmiss_fixedbranch_p11
137489	37873	88814	target_22224_direct_contact_nearmiss_fixedbranch_p11
137489	37994	88814	target_22224_direct_contact_nearmiss_fixedbranch_p11
137489	39204	88814	target_22224_direct_contact_nearmiss_fixedbranch_p11
137489	39325	88814	target_22224_direct_contact_nearmiss_fixedbranch_p11
137489	40535	88814	target_22224_direct_contact_nearmiss_fixedbranch_p11
137489	40656	88814	target_22224_direct_contact_nearmiss_fixedbranch_p11
137489	41866	88814	target_22224_direct_contact_nearmiss_fixedbranch_p11
137489	41987	88814	target_22224_direct_contact_nearmiss_fixedbranch_p11
137489	43197	88814	target_22224_direct_contact_nearmiss_fixedbranch_p11
137489	43318	88814	target_22224_direct_contact_nearmiss_fixedbranch_p11
137489	44528	88814	target_22224_direct_contact_nearmiss_fixedbranch_p11
137489	44649	88814	target_22224_direct_contact_nearmiss_fixedbranch_p11
137489	45859	88814	target_22224_direct_contact_nearmiss_fixedbranch_p11
137489	45980	88814	target_22224_direct_contact_nearmiss_fixedbranch_p11
137489	47190	88814	target_22224_direct_contact_nearmiss_fixedbranch_p11
137489	47311	88814	target_22224_direct_contact_nearmiss_fixedbranch_p11
137489	48521	88814	target_22224_direct_contact_nearmiss_fixedbranch_p11
137489	48642	88814	target_22224_direct_contact_nearmiss_fixedbranch_p11
137489	49852	88814	target_22224_direct_contact_nearmiss_fixedbranch_p11
137489	49973	88814	target_22224_direct_contact_nearmiss_fixedbranch_p11
137489	51183	88814	target_22224_direct_contact_nearmiss_fixedbranch_p11
137489	51304	88814	target_22224_direct_contact_nearmiss_fixedbranch_p11
137489	52514	88814	target_22224_direct_contact_nearmiss_fixedbranch_p11
137489	52635	88814	target_22224_direct_contact_nearmiss_fixedbranch_p11
137489	53845	88814	target_22224_direct_contact_nearmiss_fixedbranch_p11
137489	53966	88814	target_22224_direct_contact_nearmiss_fixedbranch_p11
137489	55176	88814	target_22224_direct_contact_nearmiss_fixedbranch_p11
137489	55297	88814	target_22224_direct_contact_nearmiss_fixedbranch_p11
137489	56507	88814	target_22224_direct_contact_nearmiss_fixedbranch_p11
137489	56628	88814	target_22224_direct_contact_nearmiss_fixedbranch_p11
137489	57838	88814	target_22224_direct_contact_nearmiss_fixedbranch_p11
137489	57959	88814	target_22224_direct_contact_nearmiss_fixedbranch_p11
137489	59169	88814	target_22224_direct_contact_nearmiss_fixedbranch_p11
137489	59290	88814	target_22224_direct_contact_nearmiss_fixedbranch_p11
137489	60500	88814	target_22224_direct_contact_nearmiss_fixedbranch_p11
137489	60621	88814	target_22224_direct_contact_nearmiss_fixedbranch_p11
137489	61831	88814	target_22224_direct_contact_nearmiss_fixedbranch_p11
137489	61952	88814	target_22224_direct_contact_nearmiss_fixedbranch_p11
137489	63162	88814	target_22224_direct_contact_nearmiss_fixedbranch_p11
137489	63283	88814	target_22224_direct_contact_nearmiss_fixedbranch_p11
137489	64493	88814	target_22224_direct_contact_nearmiss_fixedbranch_p11
137489	64614	88814	target_22224_direct_contact_nearmiss_fixedbranch_p11
137489	65824	88814	target_22224_direct_contact_nearmiss_fixedbranch_p11
137489	65945	88814	target_22224_direct_contact_nearmiss_fixedbranch_p11
137489	67155	88814	target_22224_direct_contact_nearmiss_fixedbranch_p11
137489	67276	88814	target_22224_direct_contact_nearmiss_fixedbranch_p11
137489	68486	88814	target_22224_direct_contact_nearmiss_fixedbranch_p11
137489	68607	88814	target_22224_direct_contact_nearmiss_fixedbranch_p11
137489	69817	88814	target_22224_direct_contact_nearmiss_fixedbranch_p11
137489	69938	88814	target_22224_direct_contact_nearmiss_fixedbranch_p11
137489	71148	88814	target_22224_direct_contact_nearmiss_fixedbranch_p11
137489	71269	88814	target_22224_direct_contact_nearmiss_fixedbranch_p11
137489	72479	88814	target_22224_direct_contact_nearmiss_fixedbranch_p11
137489	72600	88814	target_22224_direct_contact_nearmiss_fixedbranch_p11
137489	73810	88814	target_22224_direct_contact_nearmiss_fixedbranch_p11
137489	73931	88814	target_22224_direct_contact_nearmiss_fixedbranch_p11
137489	75141	88814	target_22224_direct_contact_nearmiss_fixedbranch_p11
137489	75262	88814	target_22224_direct_contact_nearmiss_fixedbranch_p11
137489	76472	88814	target_22224_direct_contact_nearmiss_fixedbranch_p11
137489	76593	88814	target_22224_direct_contact_nearmiss_fixedbranch_p11
137489	77803	88814	target_22224_direct_contact_nearmiss_fixedbranch_p11
137489	77924	88814	target_22224_direct_contact_nearmiss_fixedbranch_p11
137489	79134	88814	target_22224_direct_contact_nearmiss_fixedbranch_p11
137489	79255	88814	target_22224_direct_contact_nearmiss_fixedbranch_p11
137489	80465	88814	target_22224_direct_contact_nearmiss_fixedbranch_p11
137489	80586	88814	target_22224_direct_contact_nearmiss_fixedbranch_p11
137489	81796	88814	target_22224_direct_contact_nearmiss_fixedbranch_p11
137489	81917	88814	target_22224_direct_contact_nearmiss_fixedbranch_p11
137489	83127	88814	target_22224_direct_contact_nearmiss_fixedbranch_p11
137489	83248	88814	target_22224_direct_contact_nearmiss_fixedbranch_p11
137489	84458	88814	target_22224_direct_contact_nearmiss_fixedbranch_p11
137489	84579	88814	target_22224_direct_contact_nearmiss_fixedbranch_p11
137489	85789	88814	target_22224_direct_contact_nearmiss_fixedbranch_p11
137489	85910	88814	target_22224_direct_contact_nearmiss_fixedbranch_p11
137489	87120	88814	target_22224_direct_contact_nearmiss_fixedbranch_p11
137489	87241	88814	target_22224_direct_contact_nearmiss_fixedbranch_p11
137489	88451	88814	target_22224_direct_contact_nearmiss_fixedbranch_p11
137489	88572	88814	target_22224_direct_contact_nearmiss_fixedbranch_p11
137489	89782	88814	target_22224_direct_contact_nearmiss_fixedbranch_p11
137489	89903	88814	target_22224_direct_contact_nearmiss_fixedbranch_p11
137489	91113	88814	target_22224_direct_contact_nearmiss_fixedbranch_p11
137489	91234	88814	target_22224_direct_contact_nearmiss_fixedbranch_p11
137489	92444	88814	target_22224_direct_contact_nearmiss_fixedbranch_p11
137489	92565	88814	target_22224_direct_contact_nearmiss_fixedbranch_p11
137489	93775	88814	target_22224_direct_contact_nearmiss_fixedbranch_p11
137489	93896	88814	target_22224_direct_contact_nearmiss_fixedbranch_p11
137489	95106	88814	target_22224_direct_contact_nearmiss_fixedbranch_p11
137489	95227	88814	target_22224_direct_contact_nearmiss_fixedbranch_p11
137489	96437	88814	target_22224_direct_contact_nearmiss_fixedbranch_p11
137489	96558	88814	target_22224_direct_contact_nearmiss_fixedbranch_p11
137489	97768	88814	target_22224_direct_contact_nearmiss_fixedbranch_p11
137489	97889	88814	target_22224_direct_contact_nearmiss_fixedbranch_p11
137489	99099	88814	target_22224_direct_contact_nearmiss_fixedbranch_p11
137489	99220	88814	target_22224_direct_contact_nearmiss_fixedbranch_p11
137489	100430	88814	target_22224_direct_contact_nearmiss_fixedbranch_p11
137489	100551	88814	target_22224_direct_contact_nearmiss_fixedbranch_p11
137489	101761	88814	target_22224_direct_contact_nearmiss_fixedbranch_p11
137489	101882	88814	target_22224_direct_contact_nearmiss_fixedbranch_p11
137489	103092	88814	target_22224_direct_contact_nearmiss_fixedbranch_p11
137489	103213	88814	target_22224_direct_contact_nearmiss_fixedbranch_p11
137489	104423	88814	target_22224_direct_contact_nearmiss_fixedbranch_p11
137489	104544	88814	target_22224_direct_contact_nearmiss_fixedbranch_p11
137489	105754	88814	target_22224_direct_contact_nearmiss_fixedbranch_p11
137489	105875	88814	target_22224_direct_contact_nearmiss_fixedbranch_p11
137489	107085	88814	target_22224_direct_contact_nearmiss_fixedbranch_p11
137489	107206	88814	target_22224_direct_contact_nearmiss_fixedbranch_p11
137489	108416	88814	target_22224_direct_contact_nearmiss_fixedbranch_p11
137489	108537	88814	target_22224_direct_contact_nearmiss_fixedbranch_p11
137489	109747	88814	target_22224_direct_contact_nearmiss_fixedbranch_p11
137489	109868	88814	target_22224_direct_contact_nearmiss_fixedbranch_p11
137489	111078	88814	target_22224_direct_contact_nearmiss_fixedbranch_p11
137489	111199	88814	target_22224_direct_contact_nearmiss_fixedbranch_p11
137489	112409	88814	target_22224_direct_contact_nearmiss_fixedbranch_p11
137489	112530	88814	target_22224_direct_contact_nearmiss_fixedbranch_p11
137489	113740	88814	target_22224_direct_contact_nearmiss_fixedbranch_p11
137489	113861	88814	target_22224_direct_contact_nearmiss_fixedbranch_p11
137489	115071	88814	target_22224_direct_contact_nearmiss_fixedbranch_p11
137489	115192	88814	target_22224_direct_contact_nearmiss_fixedbranch_p11
137489	116402	88814	target_22224_direct_contact_nearmiss_fixedbranch_p11
137489	116523	88814	target_22224_direct_contact_nearmiss_fixedbranch_p11
137489	117733	88814	target_22224_direct_contact_nearmiss_fixedbranch_p11
137489	117854	88814	target_22224_direct_contact_nearmiss_fixedbranch_p11
137489	119064	88814	target_22224_direct_contact_nearmiss_fixedbranch_p11
137489	119185	88814	target_22224_direct_contact_nearmiss_fixedbranch_p11
137489	120395	88814	target_22224_direct_contact_nearmiss_fixedbranch_p11
137489	120516	88814	target_22224_direct_contact_nearmiss_fixedbranch_p11
137489	121726	88814	target_22224_direct_contact_nearmiss_fixedbranch_p11
137489	121847	88814	target_22224_direct_contact_nearmiss_fixedbranch_p11
137489	123057	88814	target_22224_direct_contact_nearmiss_fixedbranch_p11
137489	123178	88814	target_22224_direct_contact_nearmiss_fixedbranch_p11
137489	124388	88814	target_22224_direct_contact_nearmiss_fixedbranch_p11
137489	124509	88814	target_22224_direct_contact_nearmiss_fixedbranch_p11
137489	125719	88814	target_22224_direct_contact_nearmiss_fixedbranch_p11
137489	125840	88814	target_22224_direct_contact_nearmiss_fixedbranch_p11
137489	127050	88814	target_22224_direct_contact_nearmiss_fixedbranch_p11
137489	127171	88814	target_22224_direct_contact_nearmiss_fixedbranch_p11
137489	128381	88814	target_22224_direct_contact_nearmiss_fixedbranch_p11
137489	128502	88814	target_22224_direct_contact_nearmiss_fixedbranch_p11
137489	129712	88814	target_22224_direct_contact_nearmiss_fixedbranch_p11
137489	129833	88814	target_22224_direct_contact_nearmiss_fixedbranch_p11
137489	131043	88814	target_22224_direct_contact_nearmiss_fixedbranch_p11
137489	131164	88814	target_22224_direct_contact_nearmiss_fixedbranch_p11
137489	132374	88814	target_22224_direct_contact_nearmiss_fixedbranch_p11
137489	132495	88814	target_22224_direct_contact_nearmiss_fixedbranch_p11
137489	133705	88814	target_22224_direct_contact_nearmiss_fixedbranch_p11
137489	133826	88814	target_22224_direct_contact_nearmiss_fixedbranch_p11
137489	135036	88814	target_22224_direct_contact_nearmiss_fixedbranch_p11
137489	135157	88814	target_22224_direct_contact_nearmiss_fixedbranch_p11
137489	136367	88814	target_22224_direct_contact_nearmiss_fixedbranch_p11
137489	136488	88814	target_22224_direct_contact_nearmiss_fixedbranch_p11
137489	137698	88814	target_22224_direct_contact_nearmiss_fixedbranch_p11
137489	137819	88814	target_22224_direct_contact_nearmiss_fixedbranch_p11
137489	139029	88814	target_22224_direct_contact_nearmiss_fixedbranch_p11
137489	139150	88814	target_22224_direct_contact_nearmiss_fixedbranch_p11
137489	140360	88814	target_22224_direct_contact_nearmiss_fixedbranch_p11
137489	140481	88814	target_22224_direct_contact_nearmiss_fixedbranch_p11
137489	141691	88814	target_22224_direct_contact_nearmiss_fixedbranch_p11
137489	141812	88814	target_22224_direct_contact_nearmiss_fixedbranch_p11
137489	143022	88814	target_22224_direct_contact_nearmiss_fixedbranch_p11
137489	143143	88814	target_22224_direct_contact_nearmiss_fixedbranch_p11
137489	144353	88814	target_22224_direct_contact_nearmiss_fixedbranch_p11
137489	144474	88814	target_22224_direct_contact_nearmiss_fixedbranch_p11
137489	145684	88814	target_22224_direct_contact_nearmiss_fixedbranch_p11
137489	145805	88814	target_22224_direct_contact_nearmiss_fixedbranch_p11
137489	147015	88814	target_22224_direct_contact_nearmiss_fixedbranch_p11
137489	147136	88814	target_22224_direct_contact_nearmiss_fixedbranch_p11
137489	148346	88814	target_22224_direct_contact_nearmiss_fixedbranch_p11
137489	148467	88814	target_22224_direct_contact_nearmiss_fixedbranch_p11
137489	149677	88814	target_22224_direct_contact_nearmiss_fixedbranch_p11
137489	149798	88814	target_22224_direct_contact_nearmiss_fixedbranch_p11
137489	151008	88814	target_22224_direct_contact_nearmiss_fixedbranch_p11
137489	151129	88814	target_22224_direct_contact_nearmiss_fixedbranch_p11
137489	152339	88814	target_22224_direct_contact_nearmiss_fixedbranch_p11
137489	152460	88814	target_22224_direct_contact_nearmiss_fixedbranch_p11
137489	153670	88814	target_22224_direct_contact_nearmiss_fixedbranch_p11
137489	153791	88814	target_22224_direct_contact_nearmiss_fixedbranch_p11
137489	155001	88814	target_22224_direct_contact_nearmiss_fixedbranch_p11
137489	155122	88814	target_22224_direct_contact_nearmiss_fixedbranch_p11
137489	156332	88814	target_22224_direct_contact_nearmiss_fixedbranch_p11
137489	156453	88814	target_22224_direct_contact_nearmiss_fixedbranch_p11
137489	157663	88814	target_22224_direct_contact_nearmiss_fixedbranch_p11
137489	157784	88814	target_22224_direct_contact_nearmiss_fixedbranch_p11
137489	158994	88814	target_22224_direct_contact_nearmiss_fixedbranch_p11
137489	159115	88814	target_22224_direct_contact_nearmiss_fixedbranch_p11
137489	160325	88814	target_22224_direct_contact_nearmiss_fixedbranch_p11
137489	160446	88814	target_22224_direct_contact_nearmiss_fixedbranch_p11
137570	5179	80596	target_22224_direct_contact_deep13_padic_tangent_p11
137570	19820	7391	target_22224_direct_contact_deep13_padic_tangent_p11
137570	34461	95237	target_22224_direct_contact_deep13_padic_tangent_p11
137570	49102	22032	target_22224_direct_contact_deep13_padic_tangent_p11
137570	63743	109878	target_22224_direct_contact_deep13_padic_tangent_p11
137570	78384	36673	target_22224_direct_contact_deep13_padic_tangent_p11
137570	93025	124519	target_22224_direct_contact_deep13_padic_tangent_p11
137570	107666	51314	target_22224_direct_contact_deep13_padic_tangent_p11
137570	122307	139160	target_22224_direct_contact_deep13_padic_tangent_p11
137570	136948	65955	target_22224_direct_contact_deep13_padic_tangent_p11
137570	151589	153801	target_22224_direct_contact_deep13_padic_tangent_p11
139671	8424	41975	target_22224_direct_contact_deep13_padic_tangent_p11
139671	23065	129821	target_22224_direct_contact_deep13_padic_tangent_p11
139671	37706	56616	target_22224_direct_contact_deep13_padic_tangent_p11
139671	52347	144462	target_22224_direct_contact_deep13_padic_tangent_p11
139671	66988	71257	target_22224_direct_contact_deep13_padic_tangent_p11
139671	81629	159103	target_22224_direct_contact_deep13_padic_tangent_p11
139671	96270	85898	target_22224_direct_contact_deep13_padic_tangent_p11
139671	110911	12693	target_22224_direct_contact_deep13_padic_tangent_p11
139671	125552	100539	target_22224_direct_contact_deep13_padic_tangent_p11
139671	140193	27334	target_22224_direct_contact_deep13_padic_tangent_p11
139671	154834	115180	target_22224_direct_contact_deep13_padic_tangent_p11
141871	5784	77131	target_22224_direct_contact_deep13_padic_tangent_p11
141871	20425	3926	target_22224_direct_contact_deep13_padic_tangent_p11
141871	35066	91772	target_22224_direct_contact_deep13_padic_tangent_p11
141871	49707	18567	target_22224_direct_contact_deep13_padic_tangent_p11
141871	64348	106413	target_22224_direct_contact_deep13_padic_tangent_p11
141871	78989	33208	target_22224_direct_contact_deep13_padic_tangent_p11
141871	93630	121054	target_22224_direct_contact_deep13_padic_tangent_p11
141871	108271	47849	target_22224_direct_contact_deep13_padic_tangent_p11
141871	122912	135695	target_22224_direct_contact_deep13_padic_tangent_p11
141871	137553	62490	target_22224_direct_contact_deep13_padic_tangent_p11
141871	152194	150336	target_22224_direct_contact_deep13_padic_tangent_p11
142652	4464	92157	target_22224_direct_contact_deep13_padic_tangent_p11
142652	19105	18952	target_22224_direct_contact_deep13_padic_tangent_p11
142652	33746	106798	target_22224_direct_contact_deep13_padic_tangent_p11
142652	48387	33593	target_22224_direct_contact_deep13_padic_tangent_p11
142652	63028	121439	target_22224_direct_contact_deep13_padic_tangent_p11
142652	77669	48234	target_22224_direct_contact_deep13_padic_tangent_p11
142652	92310	136080	target_22224_direct_contact_deep13_padic_tangent_p11
142652	106951	62875	target_22224_direct_contact_deep13_padic_tangent_p11
142652	121592	150721	target_22224_direct_contact_deep13_padic_tangent_p11
142652	136233	77516	target_22224_direct_contact_deep13_padic_tangent_p11
142652	150874	4311	target_22224_direct_contact_deep13_padic_tangent_p11
142674	1538	77802	target_22224_direct_contact_deep13_padic_tangent_p11
142674	16179	4597	target_22224_direct_contact_deep13_padic_tangent_p11
142674	30820	92443	target_22224_direct_contact_deep13_padic_tangent_p11
142674	45461	19238	target_22224_direct_contact_deep13_padic_tangent_p11
142674	60102	107084	target_22224_direct_contact_deep13_padic_tangent_p11
142674	74743	33879	target_22224_direct_contact_deep13_padic_tangent_p11
142674	89384	121725	target_22224_direct_contact_deep13_padic_tangent_p11
142674	104025	48520	target_22224_direct_contact_deep13_padic_tangent_p11
142674	118666	136366	target_22224_direct_contact_deep13_padic_tangent_p11
142674	133307	63161	target_22224_direct_contact_deep13_padic_tangent_p11
142674	147948	151007	target_22224_direct_contact_deep13_padic_tangent_p11
146931	11306	51039	target_22224_direct_contact_deep13_padic_tangent_p11
146931	25947	138885	target_22224_direct_contact_deep13_padic_tangent_p11
146931	40588	65680	target_22224_direct_contact_deep13_padic_tangent_p11
146931	55229	153526	target_22224_direct_contact_deep13_padic_tangent_p11
146931	69870	80321	target_22224_direct_contact_deep13_padic_tangent_p11
146931	84511	7116	target_22224_direct_contact_deep13_padic_tangent_p11
146931	99152	94962	target_22224_direct_contact_deep13_padic_tangent_p11
146931	113793	21757	target_22224_direct_contact_deep13_padic_tangent_p11
146931	128434	109603	target_22224_direct_contact_deep13_padic_tangent_p11
146931	143075	36398	target_22224_direct_contact_deep13_padic_tangent_p11
146931	157716	124244	target_22224_direct_contact_deep13_padic_tangent_p11
148493	2781	102288	target_22224_direct_contact_deep13_padic_tangent_p11
148493	17422	29083	target_22224_direct_contact_deep13_padic_tangent_p11
148493	32063	116929	target_22224_direct_contact_deep13_padic_tangent_p11
148493	46704	43724	target_22224_direct_contact_deep13_padic_tangent_p11
148493	61345	131570	target_22224_direct_contact_deep13_padic_tangent_p11
148493	75986	58365	target_22224_direct_contact_deep13_padic_tangent_p11
148493	90627	146211	target_22224_direct_contact_deep13_padic_tangent_p11
148493	105268	73006	target_22224_direct_contact_deep13_padic_tangent_p11
148493	119909	160852	target_22224_direct_contact_deep13_padic_tangent_p11
148493	134550	87647	target_22224_direct_contact_deep13_padic_tangent_p11
148493	149191	14442	target_22224_direct_contact_deep13_padic_tangent_p11
151595	10965	3783	target_22224_direct_contact_deep13_padic_tangent_p11
151595	25606	91629	target_22224_direct_contact_deep13_padic_tangent_p11
151595	40247	18424	target_22224_direct_contact_deep13_padic_tangent_p11
151595	54888	106270	target_22224_direct_contact_deep13_padic_tangent_p11
151595	69529	33065	target_22224_direct_contact_deep13_padic_tangent_p11
151595	84170	120911	target_22224_direct_contact_deep13_padic_tangent_p11
151595	98811	47706	target_22224_direct_contact_deep13_padic_tangent_p11
151595	113452	135552	target_22224_direct_contact_deep13_padic_tangent_p11
151595	128093	62347	target_22224_direct_contact_deep13_padic_tangent_p11
151595	142734	150193	target_22224_direct_contact_deep13_padic_tangent_p11
151595	157375	76988	target_22224_direct_contact_deep13_padic_tangent_p11
152130	363	88814	target_22224_direct_contact_nearmiss_fixedbranch_p11
152130	968	88814	target_22224_direct_contact_nearmiss_fixedbranch_p11
152130	1694	88814	target_22224_direct_contact_nearmiss_fixedbranch_p11
152130	2299	88814	target_22224_direct_contact_nearmiss_fixedbranch_p11
152130	3025	88814	target_22224_direct_contact_nearmiss_fixedbranch_p11
152130	3630	88814	target_22224_direct_contact_nearmiss_fixedbranch_p11
152130	4356	88814	target_22224_direct_contact_nearmiss_fixedbranch_p11
152130	4961	88814	target_22224_direct_contact_nearmiss_fixedbranch_p11
152130	5687	88814	target_22224_direct_contact_nearmiss_fixedbranch_p11
152130	6292	88814	target_22224_direct_contact_nearmiss_fixedbranch_p11
152130	7018	88814	target_22224_direct_contact_nearmiss_fixedbranch_p11
152130	7623	88814	target_22224_direct_contact_nearmiss_fixedbranch_p11
152130	8349	88814	target_22224_direct_contact_nearmiss_fixedbranch_p11
152130	8954	88814	target_22224_direct_contact_nearmiss_fixedbranch_p11
152130	9680	88814	target_22224_direct_contact_nearmiss_fixedbranch_p11
152130	10285	88814	target_22224_direct_contact_nearmiss_fixedbranch_p11
152130	11011	88814	target_22224_direct_contact_nearmiss_fixedbranch_p11
152130	11616	88814	target_22224_direct_contact_nearmiss_fixedbranch_p11
152130	12342	88814	target_22224_direct_contact_nearmiss_fixedbranch_p11
152130	12947	88814	target_22224_direct_contact_nearmiss_fixedbranch_p11
152130	13673	88814	target_22224_direct_contact_nearmiss_fixedbranch_p11
152130	14278	88814	target_22224_direct_contact_nearmiss_fixedbranch_p11
152130	15004	88814	target_22224_direct_contact_nearmiss_fixedbranch_p11
152130	15609	88814	target_22224_direct_contact_nearmiss_fixedbranch_p11
152130	16335	88814	target_22224_direct_contact_nearmiss_fixedbranch_p11
152130	16940	88814	target_22224_direct_contact_nearmiss_fixedbranch_p11
152130	17666	88814	target_22224_direct_contact_nearmiss_fixedbranch_p11
152130	18271	88814	target_22224_direct_contact_nearmiss_fixedbranch_p11
152130	18997	88814	target_22224_direct_contact_nearmiss_fixedbranch_p11
152130	19602	88814	target_22224_direct_contact_nearmiss_fixedbranch_p11
152130	20328	88814	target_22224_direct_contact_nearmiss_fixedbranch_p11
152130	20933	88814	target_22224_direct_contact_nearmiss_fixedbranch_p11
152130	21659	88814	target_22224_direct_contact_nearmiss_fixedbranch_p11
152130	22264	88814	target_22224_direct_contact_nearmiss_fixedbranch_p11
152130	22990	88814	target_22224_direct_contact_nearmiss_fixedbranch_p11
152130	23595	88814	target_22224_direct_contact_nearmiss_fixedbranch_p11
152130	24321	88814	target_22224_direct_contact_nearmiss_fixedbranch_p11
152130	24926	88814	target_22224_direct_contact_nearmiss_fixedbranch_p11
152130	25652	88814	target_22224_direct_contact_nearmiss_fixedbranch_p11
152130	26257	88814	target_22224_direct_contact_nearmiss_fixedbranch_p11
152130	26983	88814	target_22224_direct_contact_nearmiss_fixedbranch_p11
152130	27588	88814	target_22224_direct_contact_nearmiss_fixedbranch_p11
152130	28314	88814	target_22224_direct_contact_nearmiss_fixedbranch_p11
152130	28919	88814	target_22224_direct_contact_nearmiss_fixedbranch_p11
152130	29645	88814	target_22224_direct_contact_nearmiss_fixedbranch_p11
152130	30250	88814	target_22224_direct_contact_nearmiss_fixedbranch_p11
152130	30976	88814	target_22224_direct_contact_nearmiss_fixedbranch_p11
152130	31581	88814	target_22224_direct_contact_nearmiss_fixedbranch_p11
152130	32307	88814	target_22224_direct_contact_nearmiss_fixedbranch_p11
152130	32912	88814	target_22224_direct_contact_nearmiss_fixedbranch_p11
152130	33638	88814	target_22224_direct_contact_nearmiss_fixedbranch_p11
152130	34243	88814	target_22224_direct_contact_nearmiss_fixedbranch_p11
152130	34969	88814	target_22224_direct_contact_nearmiss_fixedbranch_p11
152130	35574	88814	target_22224_direct_contact_nearmiss_fixedbranch_p11
152130	36300	88814	target_22224_direct_contact_nearmiss_fixedbranch_p11
152130	36905	88814	target_22224_direct_contact_nearmiss_fixedbranch_p11
152130	37631	88814	target_22224_direct_contact_nearmiss_fixedbranch_p11
152130	38236	88814	target_22224_direct_contact_nearmiss_fixedbranch_p11
152130	38962	88814	target_22224_direct_contact_nearmiss_fixedbranch_p11
152130	39567	88814	target_22224_direct_contact_nearmiss_fixedbranch_p11
152130	40293	88814	target_22224_direct_contact_nearmiss_fixedbranch_p11
152130	40898	88814	target_22224_direct_contact_nearmiss_fixedbranch_p11
152130	41624	88814	target_22224_direct_contact_nearmiss_fixedbranch_p11
152130	42229	88814	target_22224_direct_contact_nearmiss_fixedbranch_p11
152130	42955	88814	target_22224_direct_contact_nearmiss_fixedbranch_p11
152130	43560	88814	target_22224_direct_contact_nearmiss_fixedbranch_p11
152130	44286	88814	target_22224_direct_contact_nearmiss_fixedbranch_p11
152130	44891	88814	target_22224_direct_contact_nearmiss_fixedbranch_p11
152130	45617	88814	target_22224_direct_contact_nearmiss_fixedbranch_p11
152130	46222	88814	target_22224_direct_contact_nearmiss_fixedbranch_p11
152130	46948	88814	target_22224_direct_contact_nearmiss_fixedbranch_p11
152130	47553	88814	target_22224_direct_contact_nearmiss_fixedbranch_p11
152130	48279	88814	target_22224_direct_contact_nearmiss_fixedbranch_p11
152130	48884	88814	target_22224_direct_contact_nearmiss_fixedbranch_p11
152130	49610	88814	target_22224_direct_contact_nearmiss_fixedbranch_p11
152130	50215	88814	target_22224_direct_contact_nearmiss_fixedbranch_p11
152130	50941	88814	target_22224_direct_contact_nearmiss_fixedbranch_p11
152130	51546	88814	target_22224_direct_contact_nearmiss_fixedbranch_p11
152130	52272	88814	target_22224_direct_contact_nearmiss_fixedbranch_p11
152130	52877	88814	target_22224_direct_contact_nearmiss_fixedbranch_p11
152130	53603	88814	target_22224_direct_contact_nearmiss_fixedbranch_p11
152130	54208	88814	target_22224_direct_contact_nearmiss_fixedbranch_p11
152130	54934	88814	target_22224_direct_contact_nearmiss_fixedbranch_p11
152130	55539	88814	target_22224_direct_contact_nearmiss_fixedbranch_p11
152130	56265	88814	target_22224_direct_contact_nearmiss_fixedbranch_p11
152130	56870	88814	target_22224_direct_contact_nearmiss_fixedbranch_p11
152130	57596	88814	target_22224_direct_contact_nearmiss_fixedbranch_p11
152130	58201	88814	target_22224_direct_contact_nearmiss_fixedbranch_p11
152130	58927	88814	target_22224_direct_contact_nearmiss_fixedbranch_p11
152130	59532	88814	target_22224_direct_contact_nearmiss_fixedbranch_p11
152130	60258	88814	target_22224_direct_contact_nearmiss_fixedbranch_p11
152130	60863	88814	target_22224_direct_contact_nearmiss_fixedbranch_p11
152130	61589	88814	target_22224_direct_contact_nearmiss_fixedbranch_p11
152130	62194	88814	target_22224_direct_contact_nearmiss_fixedbranch_p11
152130	62920	88814	target_22224_direct_contact_nearmiss_fixedbranch_p11
152130	63525	88814	target_22224_direct_contact_nearmiss_fixedbranch_p11
152130	64251	88814	target_22224_direct_contact_nearmiss_fixedbranch_p11
152130	64856	88814	target_22224_direct_contact_nearmiss_fixedbranch_p11
152130	65582	88814	target_22224_direct_contact_nearmiss_fixedbranch_p11
152130	66187	88814	target_22224_direct_contact_nearmiss_fixedbranch_p11
152130	66913	88814	target_22224_direct_contact_nearmiss_fixedbranch_p11
152130	67518	88814	target_22224_direct_contact_nearmiss_fixedbranch_p11
152130	68244	88814	target_22224_direct_contact_nearmiss_fixedbranch_p11
152130	68849	88814	target_22224_direct_contact_nearmiss_fixedbranch_p11
152130	69575	88814	target_22224_direct_contact_nearmiss_fixedbranch_p11
152130	70180	88814	target_22224_direct_contact_nearmiss_fixedbranch_p11
152130	70906	88814	target_22224_direct_contact_nearmiss_fixedbranch_p11
152130	71511	88814	target_22224_direct_contact_nearmiss_fixedbranch_p11
152130	72237	88814	target_22224_direct_contact_nearmiss_fixedbranch_p11
152130	72842	88814	target_22224_direct_contact_nearmiss_fixedbranch_p11
152130	73568	88814	target_22224_direct_contact_nearmiss_fixedbranch_p11
152130	74173	88814	target_22224_direct_contact_nearmiss_fixedbranch_p11
152130	74899	88814	target_22224_direct_contact_nearmiss_fixedbranch_p11
152130	75504	88814	target_22224_direct_contact_nearmiss_fixedbranch_p11
152130	76230	88814	target_22224_direct_contact_nearmiss_fixedbranch_p11
152130	76835	88814	target_22224_direct_contact_nearmiss_fixedbranch_p11
152130	77561	88814	target_22224_direct_contact_nearmiss_fixedbranch_p11
152130	78166	88814	target_22224_direct_contact_nearmiss_fixedbranch_p11
152130	78892	88814	target_22224_direct_contact_nearmiss_fixedbranch_p11
152130	79497	88814	target_22224_direct_contact_nearmiss_fixedbranch_p11
152130	80223	88814	target_22224_direct_contact_nearmiss_fixedbranch_p11
152130	80828	88814	target_22224_direct_contact_nearmiss_fixedbranch_p11
152130	81554	88814	target_22224_direct_contact_nearmiss_fixedbranch_p11
152130	82159	88814	target_22224_direct_contact_nearmiss_fixedbranch_p11
152130	82885	88814	target_22224_direct_contact_nearmiss_fixedbranch_p11
152130	83490	88814	target_22224_direct_contact_nearmiss_fixedbranch_p11
152130	84216	88814	target_22224_direct_contact_nearmiss_fixedbranch_p11
152130	84821	88814	target_22224_direct_contact_nearmiss_fixedbranch_p11
152130	85547	88814	target_22224_direct_contact_nearmiss_fixedbranch_p11
152130	86152	88814	target_22224_direct_contact_nearmiss_fixedbranch_p11
152130	86878	88814	target_22224_direct_contact_nearmiss_fixedbranch_p11
152130	87483	88814	target_22224_direct_contact_nearmiss_fixedbranch_p11
152130	88209	88814	target_22224_direct_contact_nearmiss_fixedbranch_p11
152130	88814	88814	target_22224_direct_contact_nearmiss_fixedbranch_p11
152130	89540	88814	target_22224_direct_contact_nearmiss_fixedbranch_p11
152130	90145	88814	target_22224_direct_contact_nearmiss_fixedbranch_p11
152130	90871	88814	target_22224_direct_contact_nearmiss_fixedbranch_p11
152130	91476	88814	target_22224_direct_contact_nearmiss_fixedbranch_p11
152130	92202	88814	target_22224_direct_contact_nearmiss_fixedbranch_p11
152130	92807	88814	target_22224_direct_contact_nearmiss_fixedbranch_p11
152130	93533	88814	target_22224_direct_contact_nearmiss_fixedbranch_p11
152130	94138	88814	target_22224_direct_contact_nearmiss_fixedbranch_p11
152130	94864	88814	target_22224_direct_contact_nearmiss_fixedbranch_p11
152130	95469	88814	target_22224_direct_contact_nearmiss_fixedbranch_p11
152130	96195	88814	target_22224_direct_contact_nearmiss_fixedbranch_p11
152130	96800	88814	target_22224_direct_contact_nearmiss_fixedbranch_p11
152130	97526	88814	target_22224_direct_contact_nearmiss_fixedbranch_p11
152130	98131	88814	target_22224_direct_contact_nearmiss_fixedbranch_p11
152130	98857	88814	target_22224_direct_contact_nearmiss_fixedbranch_p11
152130	99462	88814	target_22224_direct_contact_nearmiss_fixedbranch_p11
152130	100188	88814	target_22224_direct_contact_nearmiss_fixedbranch_p11
152130	100793	88814	target_22224_direct_contact_nearmiss_fixedbranch_p11
152130	101519	88814	target_22224_direct_contact_nearmiss_fixedbranch_p11
152130	102124	88814	target_22224_direct_contact_nearmiss_fixedbranch_p11
152130	102850	88814	target_22224_direct_contact_nearmiss_fixedbranch_p11
152130	103455	88814	target_22224_direct_contact_nearmiss_fixedbranch_p11
152130	104181	88814	target_22224_direct_contact_nearmiss_fixedbranch_p11
152130	104786	88814	target_22224_direct_contact_nearmiss_fixedbranch_p11
152130	105512	88814	target_22224_direct_contact_nearmiss_fixedbranch_p11
152130	106117	88814	target_22224_direct_contact_nearmiss_fixedbranch_p11
152130	106843	88814	target_22224_direct_contact_nearmiss_fixedbranch_p11
152130	107448	88814	target_22224_direct_contact_nearmiss_fixedbranch_p11
152130	108174	88814	target_22224_direct_contact_nearmiss_fixedbranch_p11
152130	108779	88814	target_22224_direct_contact_nearmiss_fixedbranch_p11
152130	109505	88814	target_22224_direct_contact_nearmiss_fixedbranch_p11
152130	110110	88814	target_22224_direct_contact_nearmiss_fixedbranch_p11
152130	110836	88814	target_22224_direct_contact_nearmiss_fixedbranch_p11
152130	111441	88814	target_22224_direct_contact_nearmiss_fixedbranch_p11
152130	112167	88814	target_22224_direct_contact_nearmiss_fixedbranch_p11
152130	112772	88814	target_22224_direct_contact_nearmiss_fixedbranch_p11
152130	113498	88814	target_22224_direct_contact_nearmiss_fixedbranch_p11
152130	114103	88814	target_22224_direct_contact_nearmiss_fixedbranch_p11
152130	114829	88814	target_22224_direct_contact_nearmiss_fixedbranch_p11
152130	115434	88814	target_22224_direct_contact_nearmiss_fixedbranch_p11
152130	116160	88814	target_22224_direct_contact_nearmiss_fixedbranch_p11
152130	116765	88814	target_22224_direct_contact_nearmiss_fixedbranch_p11
152130	117491	88814	target_22224_direct_contact_nearmiss_fixedbranch_p11
152130	118096	88814	target_22224_direct_contact_nearmiss_fixedbranch_p11
152130	118822	88814	target_22224_direct_contact_nearmiss_fixedbranch_p11
152130	119427	88814	target_22224_direct_contact_nearmiss_fixedbranch_p11
152130	120153	88814	target_22224_direct_contact_nearmiss_fixedbranch_p11
152130	120758	88814	target_22224_direct_contact_nearmiss_fixedbranch_p11
152130	121484	88814	target_22224_direct_contact_nearmiss_fixedbranch_p11
152130	122089	88814	target_22224_direct_contact_nearmiss_fixedbranch_p11
152130	122815	88814	target_22224_direct_contact_nearmiss_fixedbranch_p11
152130	123420	88814	target_22224_direct_contact_nearmiss_fixedbranch_p11
152130	124146	88814	target_22224_direct_contact_nearmiss_fixedbranch_p11
152130	124751	88814	target_22224_direct_contact_nearmiss_fixedbranch_p11
152130	125477	88814	target_22224_direct_contact_nearmiss_fixedbranch_p11
152130	126082	88814	target_22224_direct_contact_nearmiss_fixedbranch_p11
152130	126808	88814	target_22224_direct_contact_nearmiss_fixedbranch_p11
152130	127413	88814	target_22224_direct_contact_nearmiss_fixedbranch_p11
152130	128139	88814	target_22224_direct_contact_nearmiss_fixedbranch_p11
152130	128744	88814	target_22224_direct_contact_nearmiss_fixedbranch_p11
152130	129470	88814	target_22224_direct_contact_nearmiss_fixedbranch_p11
152130	130075	88814	target_22224_direct_contact_nearmiss_fixedbranch_p11
152130	130801	88814	target_22224_direct_contact_nearmiss_fixedbranch_p11
152130	131406	88814	target_22224_direct_contact_nearmiss_fixedbranch_p11
152130	132132	88814	target_22224_direct_contact_nearmiss_fixedbranch_p11
152130	132737	88814	target_22224_direct_contact_nearmiss_fixedbranch_p11
152130	133463	88814	target_22224_direct_contact_nearmiss_fixedbranch_p11
152130	134068	88814	target_22224_direct_contact_nearmiss_fixedbranch_p11
152130	134794	88814	target_22224_direct_contact_nearmiss_fixedbranch_p11
152130	135399	88814	target_22224_direct_contact_nearmiss_fixedbranch_p11
152130	136125	88814	target_22224_direct_contact_nearmiss_fixedbranch_p11
152130	136730	88814	target_22224_direct_contact_nearmiss_fixedbranch_p11
152130	137456	88814	target_22224_direct_contact_nearmiss_fixedbranch_p11
152130	138061	88814	target_22224_direct_contact_nearmiss_fixedbranch_p11
152130	138787	88814	target_22224_direct_contact_nearmiss_fixedbranch_p11
152130	139392	88814	target_22224_direct_contact_nearmiss_fixedbranch_p11
152130	140118	88814	target_22224_direct_contact_nearmiss_fixedbranch_p11
152130	140723	88814	target_22224_direct_contact_nearmiss_fixedbranch_p11
152130	141449	88814	target_22224_direct_contact_nearmiss_fixedbranch_p11
152130	142054	88814	target_22224_direct_contact_nearmiss_fixedbranch_p11
152130	142780	88814	target_22224_direct_contact_nearmiss_fixedbranch_p11
152130	143385	88814	target_22224_direct_contact_nearmiss_fixedbranch_p11
152130	144111	88814	target_22224_direct_contact_nearmiss_fixedbranch_p11
152130	144716	88814	target_22224_direct_contact_nearmiss_fixedbranch_p11
152130	145442	88814	target_22224_direct_contact_nearmiss_fixedbranch_p11
152130	146047	88814	target_22224_direct_contact_nearmiss_fixedbranch_p11
152130	146773	88814	target_22224_direct_contact_nearmiss_fixedbranch_p11
152130	147378	88814	target_22224_direct_contact_nearmiss_fixedbranch_p11
152130	148104	88814	target_22224_direct_contact_nearmiss_fixedbranch_p11
152130	148709	88814	target_22224_direct_contact_nearmiss_fixedbranch_p11
152130	149435	88814	target_22224_direct_contact_nearmiss_fixedbranch_p11
152130	150040	88814	target_22224_direct_contact_nearmiss_fixedbranch_p11
152130	150766	88814	target_22224_direct_contact_nearmiss_fixedbranch_p11
152130	151371	88814	target_22224_direct_contact_nearmiss_fixedbranch_p11
152130	152097	88814	target_22224_direct_contact_nearmiss_fixedbranch_p11
152130	152702	88814	target_22224_direct_contact_nearmiss_fixedbranch_p11
152130	153428	88814	target_22224_direct_contact_nearmiss_fixedbranch_p11
152130	154033	88814	target_22224_direct_contact_nearmiss_fixedbranch_p11
152130	154759	88814	target_22224_direct_contact_nearmiss_fixedbranch_p11
152130	155364	88814	target_22224_direct_contact_nearmiss_fixedbranch_p11
152130	156090	88814	target_22224_direct_contact_nearmiss_fixedbranch_p11
152130	156695	88814	target_22224_direct_contact_nearmiss_fixedbranch_p11
152130	157421	88814	target_22224_direct_contact_nearmiss_fixedbranch_p11
152130	158026	88814	target_22224_direct_contact_nearmiss_fixedbranch_p11
152130	158752	88814	target_22224_direct_contact_nearmiss_fixedbranch_p11
152130	159357	88814	target_22224_direct_contact_nearmiss_fixedbranch_p11
152130	160083	88814	target_22224_direct_contact_nearmiss_fixedbranch_p11
152130	160688	88814	target_22224_direct_contact_nearmiss_fixedbranch_p11
152211	5179	36673	target_22224_direct_contact_deep13_padic_tangent_p11
152211	19820	124519	target_22224_direct_contact_deep13_padic_tangent_p11
152211	34461	51314	target_22224_direct_contact_deep13_padic_tangent_p11
152211	49102	139160	target_22224_direct_contact_deep13_padic_tangent_p11
152211	63743	65955	target_22224_direct_contact_deep13_padic_tangent_p11
152211	78384	153801	target_22224_direct_contact_deep13_padic_tangent_p11
152211	93025	80596	target_22224_direct_contact_deep13_padic_tangent_p11
152211	107666	7391	target_22224_direct_contact_deep13_padic_tangent_p11
152211	122307	95237	target_22224_direct_contact_deep13_padic_tangent_p11
152211	136948	22032	target_22224_direct_contact_deep13_padic_tangent_p11
152211	151589	109878	target_22224_direct_contact_deep13_padic_tangent_p11
154312	8424	159103	target_22224_direct_contact_deep13_padic_tangent_p11
154312	23065	85898	target_22224_direct_contact_deep13_padic_tangent_p11
154312	37706	12693	target_22224_direct_contact_deep13_padic_tangent_p11
154312	52347	100539	target_22224_direct_contact_deep13_padic_tangent_p11
154312	66988	27334	target_22224_direct_contact_deep13_padic_tangent_p11
154312	81629	115180	target_22224_direct_contact_deep13_padic_tangent_p11
154312	96270	41975	target_22224_direct_contact_deep13_padic_tangent_p11
154312	110911	129821	target_22224_direct_contact_deep13_padic_tangent_p11
154312	125552	56616	target_22224_direct_contact_deep13_padic_tangent_p11
154312	140193	144462	target_22224_direct_contact_deep13_padic_tangent_p11
154312	154834	71257	target_22224_direct_contact_deep13_padic_tangent_p11
156512	5784	33208	target_22224_direct_contact_deep13_padic_tangent_p11
156512	20425	121054	target_22224_direct_contact_deep13_padic_tangent_p11
156512	35066	47849	target_22224_direct_contact_deep13_padic_tangent_p11
156512	49707	135695	target_22224_direct_contact_deep13_padic_tangent_p11
156512	64348	62490	target_22224_direct_contact_deep13_padic_tangent_p11
156512	78989	150336	target_22224_direct_contact_deep13_padic_tangent_p11
156512	93630	77131	target_22224_direct_contact_deep13_padic_tangent_p11
156512	108271	3926	target_22224_direct_contact_deep13_padic_tangent_p11
156512	122912	91772	target_22224_direct_contact_deep13_padic_tangent_p11
156512	137553	18567	target_22224_direct_contact_deep13_padic_tangent_p11
156512	152194	106413	target_22224_direct_contact_deep13_padic_tangent_p11
157293	4464	48234	target_22224_direct_contact_deep13_padic_tangent_p11
157293	19105	136080	target_22224_direct_contact_deep13_padic_tangent_p11
157293	33746	62875	target_22224_direct_contact_deep13_padic_tangent_p11
157293	48387	150721	target_22224_direct_contact_deep13_padic_tangent_p11
157293	63028	77516	target_22224_direct_contact_deep13_padic_tangent_p11
157293	77669	4311	target_22224_direct_contact_deep13_padic_tangent_p11
157293	92310	92157	target_22224_direct_contact_deep13_padic_tangent_p11
157293	106951	18952	target_22224_direct_contact_deep13_padic_tangent_p11
157293	121592	106798	target_22224_direct_contact_deep13_padic_tangent_p11
157293	136233	33593	target_22224_direct_contact_deep13_padic_tangent_p11
157293	150874	121439	target_22224_direct_contact_deep13_padic_tangent_p11
157315	1538	33879	target_22224_direct_contact_deep13_padic_tangent_p11
157315	16179	121725	target_22224_direct_contact_deep13_padic_tangent_p11
157315	30820	48520	target_22224_direct_contact_deep13_padic_tangent_p11
157315	45461	136366	target_22224_direct_contact_deep13_padic_tangent_p11
157315	60102	63161	target_22224_direct_contact_deep13_padic_tangent_p11
157315	74743	151007	target_22224_direct_contact_deep13_padic_tangent_p11
157315	89384	77802	target_22224_direct_contact_deep13_padic_tangent_p11
157315	104025	4597	target_22224_direct_contact_deep13_padic_tangent_p11
157315	118666	92443	target_22224_direct_contact_deep13_padic_tangent_p11
157315	133307	19238	target_22224_direct_contact_deep13_padic_tangent_p11
157315	147948	107084	target_22224_direct_contact_deep13_padic_tangent_p11
