prime	torsion_coset	m	n	ord_g1	ord_g2	state	t
13	1	0	4	20	10	3	inf
13	1	2	7	20	10	3	inf
13	1	4	0	20	10	3	inf
13	1	6	3	20	10	3	inf
13	1	8	6	20	10	3	inf
13	1	10	9	20	10	3	inf
13	1	12	2	20	10	3	inf
13	1	14	5	20	10	3	inf
13	1	16	8	20	10	3	inf
13	1	18	1	20	10	3	inf
13	2	0	9	20	10	3	inf
13	2	2	2	20	10	3	inf
13	2	4	5	20	10	3	inf
13	2	6	8	20	10	3	inf
13	2	8	1	20	10	3	inf
13	2	10	4	20	10	3	inf
13	2	12	7	20	10	3	inf
13	2	14	0	20	10	3	inf
13	2	16	3	20	10	3	inf
13	2	18	6	20	10	3	inf
47	1	0	12	26	26	3	inf
47	1	1	19	26	26	3	inf
47	1	2	0	26	26	3	inf
47	1	3	7	26	26	3	inf
47	1	4	14	26	26	3	inf
47	1	5	21	26	26	3	inf
47	1	6	2	26	26	3	inf
47	1	7	9	26	26	3	inf
47	1	8	16	26	26	3	inf
47	1	9	23	26	26	3	inf
47	1	10	4	26	26	3	inf
47	1	11	11	26	26	3	inf
47	1	12	18	26	26	3	inf
47	1	13	25	26	26	3	inf
47	1	14	6	26	26	3	inf
47	1	15	13	26	26	3	inf
47	1	16	20	26	26	3	inf
47	1	17	1	26	26	3	inf
47	1	18	8	26	26	3	inf
47	1	19	15	26	26	3	inf
47	1	20	22	26	26	3	inf
47	1	21	3	26	26	3	inf
47	1	22	10	26	26	3	inf
47	1	23	17	26	26	3	inf
47	1	24	24	26	26	3	inf
47	1	25	5	26	26	3	inf
47	2	0	25	26	26	3	inf
47	2	1	6	26	26	3	inf
47	2	2	13	26	26	3	inf
47	2	3	20	26	26	3	inf
47	2	4	1	26	26	3	inf
47	2	5	8	26	26	3	inf
47	2	6	15	26	26	3	inf
47	2	7	22	26	26	3	inf
47	2	8	3	26	26	3	inf
47	2	9	10	26	26	3	inf
47	2	10	17	26	26	3	inf
47	2	11	24	26	26	3	inf
47	2	12	5	26	26	3	inf
47	2	13	12	26	26	3	inf
47	2	14	19	26	26	3	inf
47	2	15	0	26	26	3	inf
47	2	16	7	26	26	3	inf
47	2	17	14	26	26	3	inf
47	2	18	21	26	26	3	inf
47	2	19	2	26	26	3	inf
47	2	20	9	26	26	3	inf
47	2	21	16	26	26	3	inf
47	2	22	23	26	26	3	inf
47	2	23	4	26	26	3	inf
47	2	24	11	26	26	3	inf
47	2	25	18	26	26	3	inf
41	1	0	2	26	13	2	34
41	1	0	7	26	13	3	0
41	1	0	12	26	13	2	7
41	1	1	0	26	13	2	7
41	1	1	5	26	13	3	0
41	1	1	10	26	13	3	inf
41	1	2	3	26	13	3	0
41	1	2	8	26	13	2	7
41	1	2	11	26	13	2	34
41	1	3	1	26	13	3	0
41	1	3	6	26	13	3	inf
41	1	3	9	26	13	2	7
41	1	4	4	26	13	2	7
41	1	4	7	26	13	2	34
41	1	4	12	26	13	3	0
41	1	5	2	26	13	3	inf
41	1	5	5	26	13	2	7
41	1	5	10	26	13	3	0
41	1	6	0	26	13	2	7
41	1	6	3	26	13	2	34
41	1	6	8	26	13	3	0
41	1	7	1	26	13	2	7
41	1	7	6	26	13	3	0
41	1	7	11	26	13	3	inf
41	1	8	4	26	13	3	0
41	1	8	9	26	13	2	7
41	1	8	12	26	13	2	34
41	1	9	2	26	13	3	0
41	1	9	7	26	13	3	inf
41	1	9	10	26	13	2	7
41	1	10	0	26	13	3	0
41	1	10	5	26	13	2	7
41	1	10	8	26	13	2	34
41	1	11	3	26	13	3	inf
41	1	11	6	26	13	2	7
41	1	11	11	26	13	3	0
41	1	12	1	26	13	2	7
41	1	12	4	26	13	2	34
41	1	12	9	26	13	3	0
41	1	13	2	26	13	2	7
41	1	13	7	26	13	3	0
41	1	13	12	26	13	3	inf
41	1	14	0	26	13	2	34
41	1	14	5	26	13	3	0
41	1	14	10	26	13	2	7
41	1	15	3	26	13	3	0
41	1	15	8	26	13	3	inf
41	1	15	11	26	13	2	7
41	1	16	1	26	13	3	0
41	1	16	6	26	13	2	7
41	1	16	9	26	13	2	34
41	1	17	4	26	13	3	inf
41	1	17	7	26	13	2	7
41	1	17	12	26	13	3	0
41	1	18	2	26	13	2	7
41	1	18	5	26	13	2	34
41	1	18	10	26	13	3	0
41	1	19	0	26	13	3	inf
41	1	19	3	26	13	2	7
41	1	19	8	26	13	3	0
41	1	20	1	26	13	2	34
41	1	20	6	26	13	3	0
41	1	20	11	26	13	2	7
41	1	21	4	26	13	3	0
41	1	21	9	26	13	3	inf
41	1	21	12	26	13	2	7
41	1	22	2	26	13	3	0
41	1	22	7	26	13	2	7
41	1	22	10	26	13	2	34
41	1	23	0	26	13	3	0
41	1	23	5	26	13	3	inf
41	1	23	8	26	13	2	7
41	1	24	3	26	13	2	7
41	1	24	6	26	13	2	34
41	1	24	11	26	13	3	0
41	1	25	1	26	13	3	inf
41	1	25	4	26	13	2	7
41	1	25	9	26	13	3	0
41	2	0	2	26	13	2	7
41	2	0	7	26	13	3	0
41	2	0	12	26	13	3	inf
41	2	1	0	26	13	2	34
41	2	1	5	26	13	3	0
41	2	1	10	26	13	2	7
41	2	2	3	26	13	3	0
41	2	2	8	26	13	3	inf
41	2	2	11	26	13	2	7
41	2	3	1	26	13	3	0
41	2	3	6	26	13	2	7
41	2	3	9	26	13	2	34
41	2	4	4	26	13	3	inf
41	2	4	7	26	13	2	7
41	2	4	12	26	13	3	0
41	2	5	2	26	13	2	7
41	2	5	5	26	13	2	34
41	2	5	10	26	13	3	0
41	2	6	0	26	13	3	inf
41	2	6	3	26	13	2	7
41	2	6	8	26	13	3	0
41	2	7	1	26	13	2	34
41	2	7	6	26	13	3	0
41	2	7	11	26	13	2	7
41	2	8	4	26	13	3	0
41	2	8	9	26	13	3	inf
41	2	8	12	26	13	2	7
41	2	9	2	26	13	3	0
41	2	9	7	26	13	2	7
41	2	9	10	26	13	2	34
41	2	10	0	26	13	3	0
41	2	10	5	26	13	3	inf
41	2	10	8	26	13	2	7
41	2	11	3	26	13	2	7
41	2	11	6	26	13	2	34
41	2	11	11	26	13	3	0
41	2	12	1	26	13	3	inf
41	2	12	4	26	13	2	7
41	2	12	9	26	13	3	0
41	2	13	2	26	13	2	34
41	2	13	7	26	13	3	0
41	2	13	12	26	13	2	7
41	2	14	0	26	13	2	7
41	2	14	5	26	13	3	0
41	2	14	10	26	13	3	inf
41	2	15	3	26	13	3	0
41	2	15	8	26	13	2	7
41	2	15	11	26	13	2	34
41	2	16	1	26	13	3	0
41	2	16	6	26	13	3	inf
41	2	16	9	26	13	2	7
41	2	17	4	26	13	2	7
41	2	17	7	26	13	2	34
41	2	17	12	26	13	3	0
41	2	18	2	26	13	3	inf
41	2	18	5	26	13	2	7
41	2	18	10	26	13	3	0
41	2	19	0	26	13	2	7
41	2	19	3	26	13	2	34
41	2	19	8	26	13	3	0
41	2	20	1	26	13	2	7
41	2	20	6	26	13	3	0
41	2	20	11	26	13	3	inf
41	2	21	4	26	13	3	0
41	2	21	9	26	13	2	7
41	2	21	12	26	13	2	34
41	2	22	2	26	13	3	0
41	2	22	7	26	13	3	inf
41	2	22	10	26	13	2	7
41	2	23	0	26	13	3	0
41	2	23	5	26	13	2	7
41	2	23	8	26	13	2	34
41	2	24	3	26	13	3	inf
41	2	24	6	26	13	2	7
41	2	24	11	26	13	3	0
41	2	25	1	26	13	2	7
41	2	25	4	26	13	2	34
41	2	25	9	26	13	3	0
31	1	0	4	3	18	2	9
31	1	0	5	3	18	3	16
31	1	0	6	3	18	2	9
31	1	0	8	3	18	3	inf
31	1	0	13	3	18	2	22
31	1	0	14	3	18	3	15
31	1	0	15	3	18	2	22
31	1	1	1	3	18	2	22
31	1	1	2	3	18	3	15
31	1	1	3	3	18	2	22
31	1	1	10	3	18	2	9
31	1	1	11	3	18	3	16
31	1	1	12	3	18	2	9
31	1	1	14	3	18	3	inf
31	1	2	0	3	18	2	9
31	1	2	2	3	18	3	inf
31	1	2	7	3	18	2	22
31	1	2	8	3	18	3	15
31	1	2	9	3	18	2	22
31	1	2	16	3	18	2	9
31	1	2	17	3	18	3	16
31	2	0	4	3	18	2	22
31	2	0	5	3	18	3	15
31	2	0	6	3	18	2	22
31	2	0	13	3	18	2	9
31	2	0	14	3	18	3	16
31	2	0	15	3	18	2	9
31	2	0	17	3	18	3	inf
31	2	1	1	3	18	2	9
31	2	1	2	3	18	3	16
31	2	1	3	3	18	2	9
31	2	1	5	3	18	3	inf
31	2	1	10	3	18	2	22
31	2	1	11	3	18	3	15
31	2	1	12	3	18	2	22
31	2	2	0	3	18	2	22
31	2	2	7	3	18	2	9
31	2	2	8	3	18	3	16
31	2	2	9	3	18	2	9
31	2	2	11	3	18	3	inf
31	2	2	16	3	18	2	22
31	2	2	17	3	18	3	15
37	1	0	4	36	18	3	35
37	1	0	5	36	18	3	12
37	1	0	6	36	18	3	35
37	1	0	8	36	18	3	inf
37	1	0	13	36	18	3	2
37	1	0	14	36	18	3	25
37	1	0	15	36	18	3	2
37	1	1	1	36	18	3	0
37	1	1	5	36	18	2	22
37	1	1	6	36	18	2	22
37	1	1	10	36	18	3	0
37	1	1	14	36	18	2	15
37	1	1	15	36	18	2	15
37	1	2	5	36	18	3	35
37	1	2	6	36	18	3	12
37	1	2	7	36	18	3	35
37	1	2	9	36	18	3	inf
37	1	2	14	36	18	3	2
37	1	2	15	36	18	3	25
37	1	2	16	36	18	3	2
37	1	3	2	36	18	3	0
37	1	3	6	36	18	2	22
37	1	3	7	36	18	2	22
37	1	3	11	36	18	3	0
37	1	3	15	36	18	2	15
37	1	3	16	36	18	2	15
37	1	4	6	36	18	3	35
37	1	4	7	36	18	3	12
37	1	4	8	36	18	3	35
37	1	4	10	36	18	3	inf
37	1	4	15	36	18	3	2
37	1	4	16	36	18	3	25
37	1	4	17	36	18	3	2
37	1	5	3	36	18	3	0
37	1	5	7	36	18	2	22
37	1	5	8	36	18	2	22
37	1	5	12	36	18	3	0
37	1	5	16	36	18	2	15
37	1	5	17	36	18	2	15
37	1	6	0	36	18	3	2
37	1	6	7	36	18	3	35
37	1	6	8	36	18	3	12
37	1	6	9	36	18	3	35
37	1	6	11	36	18	3	inf
37	1	6	16	36	18	3	2
37	1	6	17	36	18	3	25
37	1	7	0	36	18	2	15
37	1	7	4	36	18	3	0
37	1	7	8	36	18	2	22
37	1	7	9	36	18	2	22
37	1	7	13	36	18	3	0
37	1	7	17	36	18	2	15
37	1	8	0	36	18	3	25
37	1	8	1	36	18	3	2
37	1	8	8	36	18	3	35
37	1	8	9	36	18	3	12
37	1	8	10	36	18	3	35
37	1	8	12	36	18	3	inf
37	1	8	17	36	18	3	2
37	1	9	0	36	18	2	15
37	1	9	1	36	18	2	15
37	1	9	5	36	18	3	0
37	1	9	9	36	18	2	22
37	1	9	10	36	18	2	22
37	1	9	14	36	18	3	0
37	1	10	0	36	18	3	2
37	1	10	1	36	18	3	25
37	1	10	2	36	18	3	2
37	1	10	9	36	18	3	35
37	1	10	10	36	18	3	12
37	1	10	11	36	18	3	35
37	1	10	13	36	18	3	inf
37	1	11	1	36	18	2	15
37	1	11	2	36	18	2	15
37	1	11	6	36	18	3	0
37	1	11	10	36	18	2	22
37	1	11	11	36	18	2	22
37	1	11	15	36	18	3	0
37	1	12	1	36	18	3	2
37	1	12	2	36	18	3	25
37	1	12	3	36	18	3	2
37	1	12	10	36	18	3	35
37	1	12	11	36	18	3	12
37	1	12	12	36	18	3	35
37	1	12	14	36	18	3	inf
37	1	13	2	36	18	2	15
37	1	13	3	36	18	2	15
37	1	13	7	36	18	3	0
37	1	13	11	36	18	2	22
37	1	13	12	36	18	2	22
37	1	13	16	36	18	3	0
37	1	14	2	36	18	3	2
37	1	14	3	36	18	3	25
37	1	14	4	36	18	3	2
37	1	14	11	36	18	3	35
37	1	14	12	36	18	3	12
37	1	14	13	36	18	3	35
37	1	14	15	36	18	3	inf
37	1	15	3	36	18	2	15
37	1	15	4	36	18	2	15
37	1	15	8	36	18	3	0
37	1	15	12	36	18	2	22
37	1	15	13	36	18	2	22
37	1	15	17	36	18	3	0
37	1	16	3	36	18	3	2
37	1	16	4	36	18	3	25
37	1	16	5	36	18	3	2
37	1	16	12	36	18	3	35
37	1	16	13	36	18	3	12
37	1	16	14	36	18	3	35
37	1	16	16	36	18	3	inf
37	1	17	0	36	18	3	0
37	1	17	4	36	18	2	15
37	1	17	5	36	18	2	15
37	1	17	9	36	18	3	0
37	1	17	13	36	18	2	22
37	1	17	14	36	18	2	22
37	1	18	4	36	18	3	2
37	1	18	5	36	18	3	25
37	1	18	6	36	18	3	2
37	1	18	13	36	18	3	35
37	1	18	14	36	18	3	12
37	1	18	15	36	18	3	35
37	1	18	17	36	18	3	inf
37	1	19	1	36	18	3	0
37	1	19	5	36	18	2	15
37	1	19	6	36	18	2	15
37	1	19	10	36	18	3	0
37	1	19	14	36	18	2	22
37	1	19	15	36	18	2	22
37	1	20	0	36	18	3	inf
37	1	20	5	36	18	3	2
37	1	20	6	36	18	3	25
37	1	20	7	36	18	3	2
37	1	20	14	36	18	3	35
37	1	20	15	36	18	3	12
37	1	20	16	36	18	3	35
37	1	21	2	36	18	3	0
37	1	21	6	36	18	2	15
37	1	21	7	36	18	2	15
37	1	21	11	36	18	3	0
37	1	21	15	36	18	2	22
37	1	21	16	36	18	2	22
37	1	22	1	36	18	3	inf
37	1	22	6	36	18	3	2
37	1	22	7	36	18	3	25
37	1	22	8	36	18	3	2
37	1	22	15	36	18	3	35
37	1	22	16	36	18	3	12
37	1	22	17	36	18	3	35
37	1	23	3	36	18	3	0
37	1	23	7	36	18	2	15
37	1	23	8	36	18	2	15
37	1	23	12	36	18	3	0
37	1	23	16	36	18	2	22
37	1	23	17	36	18	2	22
37	1	24	0	36	18	3	35
37	1	24	2	36	18	3	inf
37	1	24	7	36	18	3	2
37	1	24	8	36	18	3	25
37	1	24	9	36	18	3	2
37	1	24	16	36	18	3	35
37	1	24	17	36	18	3	12
37	1	25	0	36	18	2	22
37	1	25	4	36	18	3	0
37	1	25	8	36	18	2	15
37	1	25	9	36	18	2	15
37	1	25	13	36	18	3	0
37	1	25	17	36	18	2	22
37	1	26	0	36	18	3	12
37	1	26	1	36	18	3	35
37	1	26	3	36	18	3	inf
37	1	26	8	36	18	3	2
37	1	26	9	36	18	3	25
37	1	26	10	36	18	3	2
37	1	26	17	36	18	3	35
37	1	27	0	36	18	2	22
37	1	27	1	36	18	2	22
37	1	27	5	36	18	3	0
37	1	27	9	36	18	2	15
37	1	27	10	36	18	2	15
37	1	27	14	36	18	3	0
37	1	28	0	36	18	3	35
37	1	28	1	36	18	3	12
37	1	28	2	36	18	3	35
37	1	28	4	36	18	3	inf
37	1	28	9	36	18	3	2
37	1	28	10	36	18	3	25
37	1	28	11	36	18	3	2
37	1	29	1	36	18	2	22
37	1	29	2	36	18	2	22
37	1	29	6	36	18	3	0
37	1	29	10	36	18	2	15
37	1	29	11	36	18	2	15
37	1	29	15	36	18	3	0
37	1	30	1	36	18	3	35
37	1	30	2	36	18	3	12
37	1	30	3	36	18	3	35
37	1	30	5	36	18	3	inf
37	1	30	10	36	18	3	2
37	1	30	11	36	18	3	25
37	1	30	12	36	18	3	2
37	1	31	2	36	18	2	22
37	1	31	3	36	18	2	22
37	1	31	7	36	18	3	0
37	1	31	11	36	18	2	15
37	1	31	12	36	18	2	15
37	1	31	16	36	18	3	0
37	1	32	2	36	18	3	35
37	1	32	3	36	18	3	12
37	1	32	4	36	18	3	35
37	1	32	6	36	18	3	inf
37	1	32	11	36	18	3	2
37	1	32	12	36	18	3	25
37	1	32	13	36	18	3	2
37	1	33	3	36	18	2	22
37	1	33	4	36	18	2	22
37	1	33	8	36	18	3	0
37	1	33	12	36	18	2	15
37	1	33	13	36	18	2	15
37	1	33	17	36	18	3	0
37	1	34	3	36	18	3	35
37	1	34	4	36	18	3	12
37	1	34	5	36	18	3	35
37	1	34	7	36	18	3	inf
37	1	34	12	36	18	3	2
37	1	34	13	36	18	3	25
37	1	34	14	36	18	3	2
37	1	35	0	36	18	3	0
37	1	35	4	36	18	2	22
37	1	35	5	36	18	2	22
37	1	35	9	36	18	3	0
37	1	35	13	36	18	2	15
37	1	35	14	36	18	2	15
37	2	0	4	36	18	3	2
37	2	0	5	36	18	3	25
37	2	0	6	36	18	3	2
37	2	0	13	36	18	3	35
37	2	0	14	36	18	3	12
37	2	0	15	36	18	3	35
37	2	0	17	36	18	3	inf
37	2	1	1	36	18	3	0
37	2	1	5	36	18	2	15
37	2	1	6	36	18	2	15
37	2	1	10	36	18	3	0
37	2	1	14	36	18	2	22
37	2	1	15	36	18	2	22
37	2	2	0	36	18	3	inf
37	2	2	5	36	18	3	2
37	2	2	6	36	18	3	25
37	2	2	7	36	18	3	2
37	2	2	14	36	18	3	35
37	2	2	15	36	18	3	12
37	2	2	16	36	18	3	35
37	2	3	2	36	18	3	0
37	2	3	6	36	18	2	15
37	2	3	7	36	18	2	15
37	2	3	11	36	18	3	0
37	2	3	15	36	18	2	22
37	2	3	16	36	18	2	22
37	2	4	1	36	18	3	inf
37	2	4	6	36	18	3	2
37	2	4	7	36	18	3	25
37	2	4	8	36	18	3	2
37	2	4	15	36	18	3	35
37	2	4	16	36	18	3	12
37	2	4	17	36	18	3	35
37	2	5	3	36	18	3	0
37	2	5	7	36	18	2	15
37	2	5	8	36	18	2	15
37	2	5	12	36	18	3	0
37	2	5	16	36	18	2	22
37	2	5	17	36	18	2	22
37	2	6	0	36	18	3	35
37	2	6	2	36	18	3	inf
37	2	6	7	36	18	3	2
37	2	6	8	36	18	3	25
37	2	6	9	36	18	3	2
37	2	6	16	36	18	3	35
37	2	6	17	36	18	3	12
37	2	7	0	36	18	2	22
37	2	7	4	36	18	3	0
37	2	7	8	36	18	2	15
37	2	7	9	36	18	2	15
37	2	7	13	36	18	3	0
37	2	7	17	36	18	2	22
37	2	8	0	36	18	3	12
37	2	8	1	36	18	3	35
37	2	8	3	36	18	3	inf
37	2	8	8	36	18	3	2
37	2	8	9	36	18	3	25
37	2	8	10	36	18	3	2
37	2	8	17	36	18	3	35
37	2	9	0	36	18	2	22
37	2	9	1	36	18	2	22
37	2	9	5	36	18	3	0
37	2	9	9	36	18	2	15
37	2	9	10	36	18	2	15
37	2	9	14	36	18	3	0
37	2	10	0	36	18	3	35
37	2	10	1	36	18	3	12
37	2	10	2	36	18	3	35
37	2	10	4	36	18	3	inf
37	2	10	9	36	18	3	2
37	2	10	10	36	18	3	25
37	2	10	11	36	18	3	2
37	2	11	1	36	18	2	22
37	2	11	2	36	18	2	22
37	2	11	6	36	18	3	0
37	2	11	10	36	18	2	15
37	2	11	11	36	18	2	15
37	2	11	15	36	18	3	0
37	2	12	1	36	18	3	35
37	2	12	2	36	18	3	12
37	2	12	3	36	18	3	35
37	2	12	5	36	18	3	inf
37	2	12	10	36	18	3	2
37	2	12	11	36	18	3	25
37	2	12	12	36	18	3	2
37	2	13	2	36	18	2	22
37	2	13	3	36	18	2	22
37	2	13	7	36	18	3	0
37	2	13	11	36	18	2	15
37	2	13	12	36	18	2	15
37	2	13	16	36	18	3	0
37	2	14	2	36	18	3	35
37	2	14	3	36	18	3	12
37	2	14	4	36	18	3	35
37	2	14	6	36	18	3	inf
37	2	14	11	36	18	3	2
37	2	14	12	36	18	3	25
37	2	14	13	36	18	3	2
37	2	15	3	36	18	2	22
37	2	15	4	36	18	2	22
37	2	15	8	36	18	3	0
37	2	15	12	36	18	2	15
37	2	15	13	36	18	2	15
37	2	15	17	36	18	3	0
37	2	16	3	36	18	3	35
37	2	16	4	36	18	3	12
37	2	16	5	36	18	3	35
37	2	16	7	36	18	3	inf
37	2	16	12	36	18	3	2
37	2	16	13	36	18	3	25
37	2	16	14	36	18	3	2
37	2	17	0	36	18	3	0
37	2	17	4	36	18	2	22
37	2	17	5	36	18	2	22
37	2	17	9	36	18	3	0
37	2	17	13	36	18	2	15
37	2	17	14	36	18	2	15
37	2	18	4	36	18	3	35
37	2	18	5	36	18	3	12
37	2	18	6	36	18	3	35
37	2	18	8	36	18	3	inf
37	2	18	13	36	18	3	2
37	2	18	14	36	18	3	25
37	2	18	15	36	18	3	2
37	2	19	1	36	18	3	0
37	2	19	5	36	18	2	22
37	2	19	6	36	18	2	22
37	2	19	10	36	18	3	0
37	2	19	14	36	18	2	15
37	2	19	15	36	18	2	15
37	2	20	5	36	18	3	35
37	2	20	6	36	18	3	12
37	2	20	7	36	18	3	35
37	2	20	9	36	18	3	inf
37	2	20	14	36	18	3	2
37	2	20	15	36	18	3	25
37	2	20	16	36	18	3	2
37	2	21	2	36	18	3	0
37	2	21	6	36	18	2	22
37	2	21	7	36	18	2	22
37	2	21	11	36	18	3	0
37	2	21	15	36	18	2	15
37	2	21	16	36	18	2	15
37	2	22	6	36	18	3	35
37	2	22	7	36	18	3	12
37	2	22	8	36	18	3	35
37	2	22	10	36	18	3	inf
37	2	22	15	36	18	3	2
37	2	22	16	36	18	3	25
37	2	22	17	36	18	3	2
37	2	23	3	36	18	3	0
37	2	23	7	36	18	2	22
37	2	23	8	36	18	2	22
37	2	23	12	36	18	3	0
37	2	23	16	36	18	2	15
37	2	23	17	36	18	2	15
37	2	24	0	36	18	3	2
37	2	24	7	36	18	3	35
37	2	24	8	36	18	3	12
37	2	24	9	36	18	3	35
37	2	24	11	36	18	3	inf
37	2	24	16	36	18	3	2
37	2	24	17	36	18	3	25
37	2	25	0	36	18	2	15
37	2	25	4	36	18	3	0
37	2	25	8	36	18	2	22
37	2	25	9	36	18	2	22
37	2	25	13	36	18	3	0
37	2	25	17	36	18	2	15
37	2	26	0	36	18	3	25
37	2	26	1	36	18	3	2
37	2	26	8	36	18	3	35
37	2	26	9	36	18	3	12
37	2	26	10	36	18	3	35
37	2	26	12	36	18	3	inf
37	2	26	17	36	18	3	2
37	2	27	0	36	18	2	15
37	2	27	1	36	18	2	15
37	2	27	5	36	18	3	0
37	2	27	9	36	18	2	22
37	2	27	10	36	18	2	22
37	2	27	14	36	18	3	0
37	2	28	0	36	18	3	2
37	2	28	1	36	18	3	25
37	2	28	2	36	18	3	2
37	2	28	9	36	18	3	35
37	2	28	10	36	18	3	12
37	2	28	11	36	18	3	35
37	2	28	13	36	18	3	inf
37	2	29	1	36	18	2	15
37	2	29	2	36	18	2	15
37	2	29	6	36	18	3	0
37	2	29	10	36	18	2	22
37	2	29	11	36	18	2	22
37	2	29	15	36	18	3	0
37	2	30	1	36	18	3	2
37	2	30	2	36	18	3	25
37	2	30	3	36	18	3	2
37	2	30	10	36	18	3	35
37	2	30	11	36	18	3	12
37	2	30	12	36	18	3	35
37	2	30	14	36	18	3	inf
37	2	31	2	36	18	2	15
37	2	31	3	36	18	2	15
37	2	31	7	36	18	3	0
37	2	31	11	36	18	2	22
37	2	31	12	36	18	2	22
37	2	31	16	36	18	3	0
37	2	32	2	36	18	3	2
37	2	32	3	36	18	3	25
37	2	32	4	36	18	3	2
37	2	32	11	36	18	3	35
37	2	32	12	36	18	3	12
37	2	32	13	36	18	3	35
37	2	32	15	36	18	3	inf
37	2	33	3	36	18	2	15
37	2	33	4	36	18	2	15
37	2	33	8	36	18	3	0
37	2	33	12	36	18	2	22
37	2	33	13	36	18	2	22
37	2	33	17	36	18	3	0
37	2	34	3	36	18	3	2
37	2	34	4	36	18	3	25
37	2	34	5	36	18	3	2
37	2	34	12	36	18	3	35
37	2	34	13	36	18	3	12
37	2	34	14	36	18	3	35
37	2	34	16	36	18	3	inf
37	2	35	0	36	18	3	0
37	2	35	4	36	18	2	15
37	2	35	5	36	18	2	15
37	2	35	9	36	18	3	0
37	2	35	13	36	18	2	22
37	2	35	14	36	18	2	22
43	1	0	2	8	6	3	inf
43	1	0	5	8	6	3	38
43	1	1	0	8	6	2	16
43	1	1	3	8	6	2	27
43	1	2	0	8	6	2	31
43	1	2	2	8	6	2	15
43	1	2	3	8	6	2	12
43	1	2	5	8	6	2	28
43	1	3	1	8	6	3	37
43	1	3	4	8	6	3	6
43	1	4	0	8	6	2	10
43	1	4	1	8	6	2	33
43	1	4	3	8	6	2	33
43	1	4	4	8	6	2	10
43	1	5	0	8	6	3	6
43	1	5	3	8	6	3	37
43	1	6	1	8	6	2	12
43	1	6	2	8	6	2	15
43	1	6	4	8	6	2	31
43	1	6	5	8	6	2	28
43	1	7	1	8	6	2	27
43	1	7	4	8	6	2	16
43	2	0	2	8	6	3	38
43	2	0	5	8	6	3	inf
43	2	1	0	8	6	2	27
43	2	1	3	8	6	2	16
43	2	2	0	8	6	2	12
43	2	2	2	8	6	2	28
43	2	2	3	8	6	2	31
43	2	2	5	8	6	2	15
43	2	3	1	8	6	3	6
43	2	3	4	8	6	3	37
43	2	4	0	8	6	2	33
43	2	4	1	8	6	2	10
43	2	4	3	8	6	2	10
43	2	4	4	8	6	2	33
43	2	5	0	8	6	3	37
43	2	5	3	8	6	3	6
43	2	6	1	8	6	2	31
43	2	6	2	8	6	2	28
43	2	6	4	8	6	2	12
43	2	6	5	8	6	2	15
43	2	7	1	8	6	2	16
43	2	7	4	8	6	2	27
17	1	0	3	10	5	3	0
17	1	1	0	10	5	3	inf
17	1	1	4	10	5	3	0
17	1	2	0	10	5	3	0
17	1	3	1	10	5	3	0
17	1	3	2	10	5	3	inf
17	1	4	2	10	5	3	0
17	1	5	3	10	5	3	0
17	1	5	4	10	5	3	inf
17	1	6	4	10	5	3	0
17	1	7	0	10	5	3	0
17	1	7	1	10	5	3	inf
17	1	8	1	10	5	3	0
17	1	9	2	10	5	3	0
17	1	9	3	10	5	3	inf
17	2	0	3	10	5	3	0
17	2	0	4	10	5	3	inf
17	2	1	4	10	5	3	0
17	2	2	0	10	5	3	0
17	2	2	1	10	5	3	inf
17	2	3	1	10	5	3	0
17	2	4	2	10	5	3	0
17	2	4	3	10	5	3	inf
17	2	5	3	10	5	3	0
17	2	6	0	10	5	3	inf
17	2	6	4	10	5	3	0
17	2	7	0	10	5	3	0
17	2	8	1	10	5	3	0
17	2	8	2	10	5	3	inf
17	2	9	2	10	5	3	0
19	1	0	0	8	8	3	1
19	1	0	1	8	8	3	18
19	1	0	2	8	8	3	11
19	1	0	3	8	8	3	inf
19	1	0	4	8	8	3	18
19	1	0	5	8	8	3	1
19	1	0	6	8	8	3	8
19	1	0	7	8	8	3	8
19	1	2	0	8	8	3	8
19	1	2	1	8	8	3	8
19	1	2	2	8	8	3	1
19	1	2	3	8	8	3	18
19	1	2	4	8	8	3	11
19	1	2	5	8	8	3	inf
19	1	2	6	8	8	3	18
19	1	2	7	8	8	3	1
19	1	4	0	8	8	3	18
19	1	4	1	8	8	3	1
19	1	4	2	8	8	3	8
19	1	4	3	8	8	3	8
19	1	4	4	8	8	3	1
19	1	4	5	8	8	3	18
19	1	4	6	8	8	3	11
19	1	4	7	8	8	3	inf
19	1	6	0	8	8	3	11
19	1	6	1	8	8	3	inf
19	1	6	2	8	8	3	18
19	1	6	3	8	8	3	1
19	1	6	4	8	8	3	8
19	1	6	5	8	8	3	8
19	1	6	6	8	8	3	1
19	1	6	7	8	8	3	18
19	2	0	0	8	8	3	18
19	2	0	1	8	8	3	1
19	2	0	2	8	8	3	8
19	2	0	3	8	8	3	8
19	2	0	4	8	8	3	1
19	2	0	5	8	8	3	18
19	2	0	6	8	8	3	11
19	2	0	7	8	8	3	inf
19	2	2	0	8	8	3	11
19	2	2	1	8	8	3	inf
19	2	2	2	8	8	3	18
19	2	2	3	8	8	3	1
19	2	2	4	8	8	3	8
19	2	2	5	8	8	3	8
19	2	2	6	8	8	3	1
19	2	2	7	8	8	3	18
19	2	4	0	8	8	3	1
19	2	4	1	8	8	3	18
19	2	4	2	8	8	3	11
19	2	4	3	8	8	3	inf
19	2	4	4	8	8	3	18
19	2	4	5	8	8	3	1
19	2	4	6	8	8	3	8
19	2	4	7	8	8	3	8
19	2	6	0	8	8	3	8
19	2	6	1	8	8	3	8
19	2	6	2	8	8	3	1
19	2	6	3	8	8	3	18
19	2	6	4	8	8	3	11
19	2	6	5	8	8	3	inf
19	2	6	6	8	8	3	18
19	2	6	7	8	8	3	1
23	1	0	2	10	10	3	15
23	1	0	3	10	10	3	7
23	1	0	4	10	10	3	inf
23	1	0	7	10	10	3	8
23	1	0	8	10	10	3	16
23	1	0	9	10	10	3	8
23	1	1	0	10	10	3	8
23	1	1	1	10	10	3	16
23	1	1	2	10	10	3	8
23	1	1	5	10	10	3	15
23	1	1	6	10	10	3	7
23	1	1	7	10	10	3	inf
23	1	2	0	10	10	3	inf
23	1	2	3	10	10	3	8
23	1	2	4	10	10	3	16
23	1	2	5	10	10	3	8
23	1	2	8	10	10	3	15
23	1	2	9	10	10	3	7
23	1	3	1	10	10	3	15
23	1	3	2	10	10	3	7
23	1	3	3	10	10	3	inf
23	1	3	6	10	10	3	8
23	1	3	7	10	10	3	16
23	1	3	8	10	10	3	8
23	1	4	0	10	10	3	16
23	1	4	1	10	10	3	8
23	1	4	4	10	10	3	15
23	1	4	5	10	10	3	7
23	1	4	6	10	10	3	inf
23	1	4	9	10	10	3	8
23	1	5	2	10	10	3	8
23	1	5	3	10	10	3	16
23	1	5	4	10	10	3	8
23	1	5	7	10	10	3	15
23	1	5	8	10	10	3	7
23	1	5	9	10	10	3	inf
23	1	6	0	10	10	3	15
23	1	6	1	10	10	3	7
23	1	6	2	10	10	3	inf
23	1	6	5	10	10	3	8
23	1	6	6	10	10	3	16
23	1	6	7	10	10	3	8
23	1	7	0	10	10	3	8
23	1	7	3	10	10	3	15
23	1	7	4	10	10	3	7
23	1	7	5	10	10	3	inf
23	1	7	8	10	10	3	8
23	1	7	9	10	10	3	16
23	1	8	1	10	10	3	8
23	1	8	2	10	10	3	16
23	1	8	3	10	10	3	8
23	1	8	6	10	10	3	15
23	1	8	7	10	10	3	7
23	1	8	8	10	10	3	inf
23	1	9	0	10	10	3	7
23	1	9	1	10	10	3	inf
23	1	9	4	10	10	3	8
23	1	9	5	10	10	3	16
23	1	9	6	10	10	3	8
23	1	9	9	10	10	3	15
23	2	0	2	10	10	3	8
23	2	0	3	10	10	3	16
23	2	0	4	10	10	3	8
23	2	0	7	10	10	3	15
23	2	0	8	10	10	3	7
23	2	0	9	10	10	3	inf
23	2	1	0	10	10	3	15
23	2	1	1	10	10	3	7
23	2	1	2	10	10	3	inf
23	2	1	5	10	10	3	8
23	2	1	6	10	10	3	16
23	2	1	7	10	10	3	8
23	2	2	0	10	10	3	8
23	2	2	3	10	10	3	15
23	2	2	4	10	10	3	7
23	2	2	5	10	10	3	inf
23	2	2	8	10	10	3	8
23	2	2	9	10	10	3	16
23	2	3	1	10	10	3	8
23	2	3	2	10	10	3	16
23	2	3	3	10	10	3	8
23	2	3	6	10	10	3	15
23	2	3	7	10	10	3	7
23	2	3	8	10	10	3	inf
23	2	4	0	10	10	3	7
23	2	4	1	10	10	3	inf
23	2	4	4	10	10	3	8
23	2	4	5	10	10	3	16
23	2	4	6	10	10	3	8
23	2	4	9	10	10	3	15
23	2	5	2	10	10	3	15
23	2	5	3	10	10	3	7
23	2	5	4	10	10	3	inf
23	2	5	7	10	10	3	8
23	2	5	8	10	10	3	16
23	2	5	9	10	10	3	8
23	2	6	0	10	10	3	8
23	2	6	1	10	10	3	16
23	2	6	2	10	10	3	8
23	2	6	5	10	10	3	15
23	2	6	6	10	10	3	7
23	2	6	7	10	10	3	inf
23	2	7	0	10	10	3	inf
23	2	7	3	10	10	3	8
23	2	7	4	10	10	3	16
23	2	7	5	10	10	3	8
23	2	7	8	10	10	3	15
23	2	7	9	10	10	3	7
23	2	8	1	10	10	3	15
23	2	8	2	10	10	3	7
23	2	8	3	10	10	3	inf
23	2	8	6	10	10	3	8
23	2	8	7	10	10	3	16
23	2	8	8	10	10	3	8
23	2	9	0	10	10	3	16
23	2	9	1	10	10	3	8
23	2	9	4	10	10	3	15
23	2	9	5	10	10	3	7
23	2	9	6	10	10	3	inf
23	2	9	9	10	10	3	8
53	1	0	2	60	6	3	inf
53	1	0	5	60	6	3	25
53	1	4	2	60	6	3	45
53	1	4	5	60	6	3	8
53	1	5	0	60	6	3	0
53	1	5	3	60	6	3	0
53	1	6	1	60	6	3	45
53	1	6	4	60	6	3	8
53	1	10	1	60	6	3	inf
53	1	10	4	60	6	3	25
53	1	14	1	60	6	3	45
53	1	14	4	60	6	3	8
53	1	15	2	60	6	3	0
53	1	15	5	60	6	3	0
53	1	16	0	60	6	3	45
53	1	16	3	60	6	3	8
53	1	20	0	60	6	3	inf
53	1	20	3	60	6	3	25
53	1	24	0	60	6	3	45
53	1	24	3	60	6	3	8
53	1	25	1	60	6	3	0
53	1	25	4	60	6	3	0
53	1	26	2	60	6	3	8
53	1	26	5	60	6	3	45
53	1	30	2	60	6	3	25
53	1	30	5	60	6	3	inf
53	1	34	2	60	6	3	8
53	1	34	5	60	6	3	45
53	1	35	0	60	6	3	0
53	1	35	3	60	6	3	0
53	1	36	1	60	6	3	8
53	1	36	4	60	6	3	45
53	1	40	1	60	6	3	25
53	1	40	4	60	6	3	inf
53	1	44	1	60	6	3	8
53	1	44	4	60	6	3	45
53	1	45	2	60	6	3	0
53	1	45	5	60	6	3	0
53	1	46	0	60	6	3	8
53	1	46	3	60	6	3	45
53	1	50	0	60	6	3	25
53	1	50	3	60	6	3	inf
53	1	54	0	60	6	3	8
53	1	54	3	60	6	3	45
53	1	55	1	60	6	3	0
53	1	55	4	60	6	3	0
53	1	56	2	60	6	3	45
53	1	56	5	60	6	3	8
53	2	0	2	60	6	3	25
53	2	0	5	60	6	3	inf
53	2	4	2	60	6	3	8
53	2	4	5	60	6	3	45
53	2	5	0	60	6	3	0
53	2	5	3	60	6	3	0
53	2	6	1	60	6	3	8
53	2	6	4	60	6	3	45
53	2	10	1	60	6	3	25
53	2	10	4	60	6	3	inf
53	2	14	1	60	6	3	8
53	2	14	4	60	6	3	45
53	2	15	2	60	6	3	0
53	2	15	5	60	6	3	0
53	2	16	0	60	6	3	8
53	2	16	3	60	6	3	45
53	2	20	0	60	6	3	25
53	2	20	3	60	6	3	inf
53	2	24	0	60	6	3	8
53	2	24	3	60	6	3	45
53	2	25	1	60	6	3	0
53	2	25	4	60	6	3	0
53	2	26	2	60	6	3	45
53	2	26	5	60	6	3	8
53	2	30	2	60	6	3	inf
53	2	30	5	60	6	3	25
53	2	34	2	60	6	3	45
53	2	34	5	60	6	3	8
53	2	35	0	60	6	3	0
53	2	35	3	60	6	3	0
53	2	36	1	60	6	3	45
53	2	36	4	60	6	3	8
53	2	40	1	60	6	3	inf
53	2	40	4	60	6	3	25
53	2	44	1	60	6	3	45
53	2	44	4	60	6	3	8
53	2	45	2	60	6	3	0
53	2	45	5	60	6	3	0
53	2	46	0	60	6	3	45
53	2	46	3	60	6	3	8
53	2	50	0	60	6	3	inf
53	2	50	3	60	6	3	25
53	2	54	0	60	6	3	45
53	2	54	3	60	6	3	8
53	2	55	1	60	6	3	0
53	2	55	4	60	6	3	0
53	2	56	2	60	6	3	8
53	2	56	5	60	6	3	45
59	1	0	3	8	24	3	37
59	1	0	4	8	24	3	7
59	1	0	6	8	24	2	32
59	1	0	7	8	24	2	32
59	1	0	9	8	24	3	7
59	1	0	10	8	24	3	37
59	1	0	11	8	24	3	inf
59	1	0	15	8	24	3	22
59	1	0	16	8	24	3	52
59	1	0	18	8	24	2	27
59	1	0	19	8	24	2	27
59	1	0	21	8	24	3	52
59	1	0	22	8	24	3	22
59	1	1	2	8	24	2	5
59	1	1	3	8	24	2	20
59	1	1	4	8	24	2	20
59	1	1	5	8	24	2	5
59	1	1	14	8	24	2	54
59	1	1	15	8	24	2	39
59	1	1	16	8	24	2	39
59	1	1	17	8	24	2	54
59	1	2	0	8	24	2	32
59	1	2	1	8	24	2	32
59	1	2	3	8	24	3	7
59	1	2	4	8	24	3	37
59	1	2	5	8	24	3	inf
59	1	2	9	8	24	3	22
59	1	2	10	8	24	3	52
59	1	2	12	8	24	2	27
59	1	2	13	8	24	2	27
59	1	2	15	8	24	3	52
59	1	2	16	8	24	3	22
59	1	2	21	8	24	3	37
59	1	2	22	8	24	3	7
59	1	3	8	8	24	2	54
59	1	3	9	8	24	2	39
59	1	3	10	8	24	2	39
59	1	3	11	8	24	2	54
59	1	3	20	8	24	2	5
59	1	3	21	8	24	2	20
59	1	3	22	8	24	2	20
59	1	3	23	8	24	2	5
59	1	4	3	8	24	3	22
59	1	4	4	8	24	3	52
59	1	4	6	8	24	2	27
59	1	4	7	8	24	2	27
59	1	4	9	8	24	3	52
59	1	4	10	8	24	3	22
59	1	4	15	8	24	3	37
59	1	4	16	8	24	3	7
59	1	4	18	8	24	2	32
59	1	4	19	8	24	2	32
59	1	4	21	8	24	3	7
59	1	4	22	8	24	3	37
59	1	4	23	8	24	3	inf
59	1	5	2	8	24	2	54
59	1	5	3	8	24	2	39
59	1	5	4	8	24	2	39
59	1	5	5	8	24	2	54
59	1	5	14	8	24	2	5
59	1	5	15	8	24	2	20
59	1	5	16	8	24	2	20
59	1	5	17	8	24	2	5
59	1	6	0	8	24	2	27
59	1	6	1	8	24	2	27
59	1	6	3	8	24	3	52
59	1	6	4	8	24	3	22
59	1	6	9	8	24	3	37
59	1	6	10	8	24	3	7
59	1	6	12	8	24	2	32
59	1	6	13	8	24	2	32
59	1	6	15	8	24	3	7
59	1	6	16	8	24	3	37
59	1	6	17	8	24	3	inf
59	1	6	21	8	24	3	22
59	1	6	22	8	24	3	52
59	1	7	8	8	24	2	5
59	1	7	9	8	24	2	20
59	1	7	10	8	24	2	20
59	1	7	11	8	24	2	5
59	1	7	20	8	24	2	54
59	1	7	21	8	24	2	39
59	1	7	22	8	24	2	39
59	1	7	23	8	24	2	54
59	2	0	3	8	24	3	22
59	2	0	4	8	24	3	52
59	2	0	6	8	24	2	27
59	2	0	7	8	24	2	27
59	2	0	9	8	24	3	52
59	2	0	10	8	24	3	22
59	2	0	15	8	24	3	37
59	2	0	16	8	24	3	7
59	2	0	18	8	24	2	32
59	2	0	19	8	24	2	32
59	2	0	21	8	24	3	7
59	2	0	22	8	24	3	37
59	2	0	23	8	24	3	inf
59	2	1	2	8	24	2	54
59	2	1	3	8	24	2	39
59	2	1	4	8	24	2	39
59	2	1	5	8	24	2	54
59	2	1	14	8	24	2	5
59	2	1	15	8	24	2	20
59	2	1	16	8	24	2	20
59	2	1	17	8	24	2	5
59	2	2	0	8	24	2	27
59	2	2	1	8	24	2	27
59	2	2	3	8	24	3	52
59	2	2	4	8	24	3	22
59	2	2	9	8	24	3	37
59	2	2	10	8	24	3	7
59	2	2	12	8	24	2	32
59	2	2	13	8	24	2	32
59	2	2	15	8	24	3	7
59	2	2	16	8	24	3	37
59	2	2	17	8	24	3	inf
59	2	2	21	8	24	3	22
59	2	2	22	8	24	3	52
59	2	3	8	8	24	2	5
59	2	3	9	8	24	2	20
59	2	3	10	8	24	2	20
59	2	3	11	8	24	2	5
59	2	3	20	8	24	2	54
59	2	3	21	8	24	2	39
59	2	3	22	8	24	2	39
59	2	3	23	8	24	2	54
59	2	4	3	8	24	3	37
59	2	4	4	8	24	3	7
59	2	4	6	8	24	2	32
59	2	4	7	8	24	2	32
59	2	4	9	8	24	3	7
59	2	4	10	8	24	3	37
59	2	4	11	8	24	3	inf
59	2	4	15	8	24	3	22
59	2	4	16	8	24	3	52
59	2	4	18	8	24	2	27
59	2	4	19	8	24	2	27
59	2	4	21	8	24	3	52
59	2	4	22	8	24	3	22
59	2	5	2	8	24	2	5
59	2	5	3	8	24	2	20
59	2	5	4	8	24	2	20
59	2	5	5	8	24	2	5
59	2	5	14	8	24	2	54
59	2	5	15	8	24	2	39
59	2	5	16	8	24	2	39
59	2	5	17	8	24	2	54
59	2	6	0	8	24	2	32
59	2	6	1	8	24	2	32
59	2	6	3	8	24	3	7
59	2	6	4	8	24	3	37
59	2	6	5	8	24	3	inf
59	2	6	9	8	24	3	22
59	2	6	10	8	24	3	52
59	2	6	12	8	24	2	27
59	2	6	13	8	24	2	27
59	2	6	15	8	24	3	52
59	2	6	16	8	24	3	22
59	2	6	21	8	24	3	37
59	2	6	22	8	24	3	7
59	2	7	8	8	24	2	54
59	2	7	9	8	24	2	39
59	2	7	10	8	24	2	39
59	2	7	11	8	24	2	54
59	2	7	20	8	24	2	5
59	2	7	21	8	24	2	20
59	2	7	22	8	24	2	20
59	2	7	23	8	24	2	5
61	1	0	0	68	34	2	1
61	1	0	1	68	34	2	60
61	1	0	3	68	34	2	21
61	1	0	8	68	34	3	34
61	1	0	10	68	34	3	34
61	1	0	15	68	34	2	21
61	1	0	16	68	34	3	inf
61	1	0	17	68	34	2	60
61	1	0	18	68	34	2	1
61	1	0	20	68	34	2	40
61	1	0	25	68	34	3	27
61	1	0	27	68	34	3	27
61	1	0	32	68	34	2	40
61	1	1	2	68	34	2	7
61	1	1	3	68	34	2	17
61	1	1	7	68	34	2	56
61	1	1	8	68	34	2	56
61	1	1	12	68	34	2	17
61	1	1	13	68	34	2	7
61	1	1	16	68	34	3	0
61	1	1	19	68	34	2	54
61	1	1	20	68	34	2	44
61	1	1	24	68	34	2	5
61	1	1	25	68	34	2	5
61	1	1	29	68	34	2	44
61	1	1	30	68	34	2	54
61	1	1	33	68	34	3	0
61	1	2	0	68	34	2	21
61	1	2	5	68	34	3	34
61	1	2	7	68	34	3	34
61	1	2	12	68	34	2	21
61	1	2	13	68	34	3	inf
61	1	2	14	68	34	2	60
61	1	2	15	68	34	2	1
61	1	2	17	68	34	2	40
61	1	2	22	68	34	3	27
61	1	2	24	68	34	3	27
61	1	2	29	68	34	2	40
61	1	2	31	68	34	2	1
61	1	2	32	68	34	2	60
61	1	3	0	68	34	2	17
61	1	3	4	68	34	2	56
61	1	3	5	68	34	2	56
61	1	3	9	68	34	2	17
61	1	3	10	68	34	2	7
61	1	3	13	68	34	3	0
61	1	3	16	68	34	2	54
61	1	3	17	68	34	2	44
61	1	3	21	68	34	2	5
61	1	3	22	68	34	2	5
61	1	3	26	68	34	2	44
61	1	3	27	68	34	2	54
61	1	3	30	68	34	3	0
61	1	3	33	68	34	2	7
61	1	4	2	68	34	3	34
61	1	4	4	68	34	3	34
61	1	4	9	68	34	2	21
61	1	4	10	68	34	3	inf
61	1	4	11	68	34	2	60
61	1	4	12	68	34	2	1
61	1	4	14	68	34	2	40
61	1	4	19	68	34	3	27
61	1	4	21	68	34	3	27
61	1	4	26	68	34	2	40
61	1	4	28	68	34	2	1
61	1	4	29	68	34	2	60
61	1	4	31	68	34	2	21
61	1	5	1	68	34	2	56
61	1	5	2	68	34	2	56
61	1	5	6	68	34	2	17
61	1	5	7	68	34	2	7
61	1	5	10	68	34	3	0
61	1	5	13	68	34	2	54
61	1	5	14	68	34	2	44
61	1	5	18	68	34	2	5
61	1	5	19	68	34	2	5
61	1	5	23	68	34	2	44
61	1	5	24	68	34	2	54
61	1	5	27	68	34	3	0
61	1	5	30	68	34	2	7
61	1	5	31	68	34	2	17
61	1	6	1	68	34	3	34
61	1	6	6	68	34	2	21
61	1	6	7	68	34	3	inf
61	1	6	8	68	34	2	60
61	1	6	9	68	34	2	1
61	1	6	11	68	34	2	40
61	1	6	16	68	34	3	27
61	1	6	18	68	34	3	27
61	1	6	23	68	34	2	40
61	1	6	25	68	34	2	1
61	1	6	26	68	34	2	60
61	1	6	28	68	34	2	21
61	1	6	33	68	34	3	34
61	1	7	3	68	34	2	17
61	1	7	4	68	34	2	7
61	1	7	7	68	34	3	0
61	1	7	10	68	34	2	54
61	1	7	11	68	34	2	44
61	1	7	15	68	34	2	5
61	1	7	16	68	34	2	5
61	1	7	20	68	34	2	44
61	1	7	21	68	34	2	54
61	1	7	24	68	34	3	0
61	1	7	27	68	34	2	7
61	1	7	28	68	34	2	17
61	1	7	32	68	34	2	56
61	1	7	33	68	34	2	56
61	1	8	3	68	34	2	21
61	1	8	4	68	34	3	inf
61	1	8	5	68	34	2	60
61	1	8	6	68	34	2	1
61	1	8	8	68	34	2	40
61	1	8	13	68	34	3	27
61	1	8	15	68	34	3	27
61	1	8	20	68	34	2	40
61	1	8	22	68	34	2	1
61	1	8	23	68	34	2	60
61	1	8	25	68	34	2	21
61	1	8	30	68	34	3	34
61	1	8	32	68	34	3	34
61	1	9	0	68	34	2	17
61	1	9	1	68	34	2	7
61	1	9	4	68	34	3	0
61	1	9	7	68	34	2	54
61	1	9	8	68	34	2	44
61	1	9	12	68	34	2	5
61	1	9	13	68	34	2	5
61	1	9	17	68	34	2	44
61	1	9	18	68	34	2	54
61	1	9	21	68	34	3	0
61	1	9	24	68	34	2	7
61	1	9	25	68	34	2	17
61	1	9	29	68	34	2	56
61	1	9	30	68	34	2	56
61	1	10	0	68	34	2	21
61	1	10	1	68	34	3	inf
61	1	10	2	68	34	2	60
61	1	10	3	68	34	2	1
61	1	10	5	68	34	2	40
61	1	10	10	68	34	3	27
61	1	10	12	68	34	3	27
61	1	10	17	68	34	2	40
61	1	10	19	68	34	2	1
61	1	10	20	68	34	2	60
61	1	10	22	68	34	2	21
61	1	10	27	68	34	3	34
61	1	10	29	68	34	3	34
61	1	11	1	68	34	3	0
61	1	11	4	68	34	2	54
61	1	11	5	68	34	2	44
61	1	11	9	68	34	2	5
61	1	11	10	68	34	2	5
61	1	11	14	68	34	2	44
61	1	11	15	68	34	2	54
61	1	11	18	68	34	3	0
61	1	11	21	68	34	2	7
61	1	11	22	68	34	2	17
61	1	11	26	68	34	2	56
61	1	11	27	68	34	2	56
61	1	11	31	68	34	2	17
61	1	11	32	68	34	2	7
61	1	12	0	68	34	2	1
61	1	12	2	68	34	2	40
61	1	12	7	68	34	3	27
61	1	12	9	68	34	3	27
61	1	12	14	68	34	2	40
61	1	12	16	68	34	2	1
61	1	12	17	68	34	2	60
61	1	12	19	68	34	2	21
61	1	12	24	68	34	3	34
61	1	12	26	68	34	3	34
61	1	12	31	68	34	2	21
61	1	12	32	68	34	3	inf
61	1	12	33	68	34	2	60
61	1	13	1	68	34	2	54
61	1	13	2	68	34	2	44
61	1	13	6	68	34	2	5
61	1	13	7	68	34	2	5
61	1	13	11	68	34	2	44
61	1	13	12	68	34	2	54
61	1	13	15	68	34	3	0
61	1	13	18	68	34	2	7
61	1	13	19	68	34	2	17
61	1	13	23	68	34	2	56
61	1	13	24	68	34	2	56
61	1	13	28	68	34	2	17
61	1	13	29	68	34	2	7
61	1	13	32	68	34	3	0
61	1	14	4	68	34	3	27
61	1	14	6	68	34	3	27
61	1	14	11	68	34	2	40
61	1	14	13	68	34	2	1
61	1	14	14	68	34	2	60
61	1	14	16	68	34	2	21
61	1	14	21	68	34	3	34
61	1	14	23	68	34	3	34
61	1	14	28	68	34	2	21
61	1	14	29	68	34	3	inf
61	1	14	30	68	34	2	60
61	1	14	31	68	34	2	1
61	1	14	33	68	34	2	40
61	1	15	3	68	34	2	5
61	1	15	4	68	34	2	5
61	1	15	8	68	34	2	44
61	1	15	9	68	34	2	54
61	1	15	12	68	34	3	0
61	1	15	15	68	34	2	7
61	1	15	16	68	34	2	17
61	1	15	20	68	34	2	56
61	1	15	21	68	34	2	56
61	1	15	25	68	34	2	17
61	1	15	26	68	34	2	7
61	1	15	29	68	34	3	0
61	1	15	32	68	34	2	54
61	1	15	33	68	34	2	44
61	1	16	1	68	34	3	27
61	1	16	3	68	34	3	27
61	1	16	8	68	34	2	40
61	1	16	10	68	34	2	1
61	1	16	11	68	34	2	60
61	1	16	13	68	34	2	21
61	1	16	18	68	34	3	34
61	1	16	20	68	34	3	34
61	1	16	25	68	34	2	21
61	1	16	26	68	34	3	inf
61	1	16	27	68	34	2	60
61	1	16	28	68	34	2	1
61	1	16	30	68	34	2	40
61	1	17	0	68	34	2	5
61	1	17	1	68	34	2	5
61	1	17	5	68	34	2	44
61	1	17	6	68	34	2	54
61	1	17	9	68	34	3	0
61	1	17	12	68	34	2	7
61	1	17	13	68	34	2	17
61	1	17	17	68	34	2	56
61	1	17	18	68	34	2	56
61	1	17	22	68	34	2	17
61	1	17	23	68	34	2	7
61	1	17	26	68	34	3	0
61	1	17	29	68	34	2	54
61	1	17	30	68	34	2	44
61	1	18	0	68	34	3	27
61	1	18	5	68	34	2	40
61	1	18	7	68	34	2	1
61	1	18	8	68	34	2	60
61	1	18	10	68	34	2	21
61	1	18	15	68	34	3	34
61	1	18	17	68	34	3	34
61	1	18	22	68	34	2	21
61	1	18	23	68	34	3	inf
61	1	18	24	68	34	2	60
61	1	18	25	68	34	2	1
61	1	18	27	68	34	2	40
61	1	18	32	68	34	3	27
61	1	19	2	68	34	2	44
61	1	19	3	68	34	2	54
61	1	19	6	68	34	3	0
61	1	19	9	68	34	2	7
61	1	19	10	68	34	2	17
61	1	19	14	68	34	2	56
61	1	19	15	68	34	2	56
61	1	19	19	68	34	2	17
61	1	19	20	68	34	2	7
61	1	19	23	68	34	3	0
61	1	19	26	68	34	2	54
61	1	19	27	68	34	2	44
61	1	19	31	68	34	2	5
61	1	19	32	68	34	2	5
61	1	20	2	68	34	2	40
61	1	20	4	68	34	2	1
61	1	20	5	68	34	2	60
61	1	20	7	68	34	2	21
61	1	20	12	68	34	3	34
61	1	20	14	68	34	3	34
61	1	20	19	68	34	2	21
61	1	20	20	68	34	3	inf
61	1	20	21	68	34	2	60
61	1	20	22	68	34	2	1
61	1	20	24	68	34	2	40
61	1	20	29	68	34	3	27
61	1	20	31	68	34	3	27
61	1	21	0	68	34	2	54
61	1	21	3	68	34	3	0
61	1	21	6	68	34	2	7
61	1	21	7	68	34	2	17
61	1	21	11	68	34	2	56
61	1	21	12	68	34	2	56
61	1	21	16	68	34	2	17
61	1	21	17	68	34	2	7
61	1	21	20	68	34	3	0
61	1	21	23	68	34	2	54
61	1	21	24	68	34	2	44
61	1	21	28	68	34	2	5
61	1	21	29	68	34	2	5
61	1	21	33	68	34	2	44
61	1	22	1	68	34	2	1
61	1	22	2	68	34	2	60
61	1	22	4	68	34	2	21
61	1	22	9	68	34	3	34
61	1	22	11	68	34	3	34
61	1	22	16	68	34	2	21
61	1	22	17	68	34	3	inf
61	1	22	18	68	34	2	60
61	1	22	19	68	34	2	1
61	1	22	21	68	34	2	40
61	1	22	26	68	34	3	27
61	1	22	28	68	34	3	27
61	1	22	33	68	34	2	40
61	1	23	0	68	34	3	0
61	1	23	3	68	34	2	7
61	1	23	4	68	34	2	17
61	1	23	8	68	34	2	56
61	1	23	9	68	34	2	56
61	1	23	13	68	34	2	17
61	1	23	14	68	34	2	7
61	1	23	17	68	34	3	0
61	1	23	20	68	34	2	54
61	1	23	21	68	34	2	44
61	1	23	25	68	34	2	5
61	1	23	26	68	34	2	5
61	1	23	30	68	34	2	44
61	1	23	31	68	34	2	54
61	1	24	1	68	34	2	21
61	1	24	6	68	34	3	34
61	1	24	8	68	34	3	34
61	1	24	13	68	34	2	21
61	1	24	14	68	34	3	inf
61	1	24	15	68	34	2	60
61	1	24	16	68	34	2	1
61	1	24	18	68	34	2	40
61	1	24	23	68	34	3	27
61	1	24	25	68	34	3	27
61	1	24	30	68	34	2	40
61	1	24	32	68	34	2	1
61	1	24	33	68	34	2	60
61	1	25	0	68	34	2	7
61	1	25	1	68	34	2	17
61	1	25	5	68	34	2	56
61	1	25	6	68	34	2	56
61	1	25	10	68	34	2	17
61	1	25	11	68	34	2	7
61	1	25	14	68	34	3	0
61	1	25	17	68	34	2	54
61	1	25	18	68	34	2	44
61	1	25	22	68	34	2	5
61	1	25	23	68	34	2	5
61	1	25	27	68	34	2	44
61	1	25	28	68	34	2	54
61	1	25	31	68	34	3	0
61	1	26	3	68	34	3	34
61	1	26	5	68	34	3	34
61	1	26	10	68	34	2	21
61	1	26	11	68	34	3	inf
61	1	26	12	68	34	2	60
61	1	26	13	68	34	2	1
61	1	26	15	68	34	2	40
61	1	26	20	68	34	3	27
61	1	26	22	68	34	3	27
61	1	26	27	68	34	2	40
61	1	26	29	68	34	2	1
61	1	26	30	68	34	2	60
61	1	26	32	68	34	2	21
61	1	27	2	68	34	2	56
61	1	27	3	68	34	2	56
61	1	27	7	68	34	2	17
61	1	27	8	68	34	2	7
61	1	27	11	68	34	3	0
61	1	27	14	68	34	2	54
61	1	27	15	68	34	2	44
61	1	27	19	68	34	2	5
61	1	27	20	68	34	2	5
61	1	27	24	68	34	2	44
61	1	27	25	68	34	2	54
61	1	27	28	68	34	3	0
61	1	27	31	68	34	2	7
61	1	27	32	68	34	2	17
61	1	28	0	68	34	3	34
61	1	28	2	68	34	3	34
61	1	28	7	68	34	2	21
61	1	28	8	68	34	3	inf
61	1	28	9	68	34	2	60
61	1	28	10	68	34	2	1
61	1	28	12	68	34	2	40
61	1	28	17	68	34	3	27
61	1	28	19	68	34	3	27
61	1	28	24	68	34	2	40
61	1	28	26	68	34	2	1
61	1	28	27	68	34	2	60
61	1	28	29	68	34	2	21
61	1	29	0	68	34	2	56
61	1	29	4	68	34	2	17
61	1	29	5	68	34	2	7
61	1	29	8	68	34	3	0
61	1	29	11	68	34	2	54
61	1	29	12	68	34	2	44
61	1	29	16	68	34	2	5
61	1	29	17	68	34	2	5
61	1	29	21	68	34	2	44
61	1	29	22	68	34	2	54
61	1	29	25	68	34	3	0
61	1	29	28	68	34	2	7
61	1	29	29	68	34	2	17
61	1	29	33	68	34	2	56
61	1	30	4	68	34	2	21
61	1	30	5	68	34	3	inf
61	1	30	6	68	34	2	60
61	1	30	7	68	34	2	1
61	1	30	9	68	34	2	40
61	1	30	14	68	34	3	27
61	1	30	16	68	34	3	27
61	1	30	21	68	34	2	40
61	1	30	23	68	34	2	1
61	1	30	24	68	34	2	60
61	1	30	26	68	34	2	21
61	1	30	31	68	34	3	34
61	1	30	33	68	34	3	34
61	1	31	1	68	34	2	17
61	1	31	2	68	34	2	7
61	1	31	5	68	34	3	0
61	1	31	8	68	34	2	54
61	1	31	9	68	34	2	44
61	1	31	13	68	34	2	5
61	1	31	14	68	34	2	5
61	1	31	18	68	34	2	44
61	1	31	19	68	34	2	54
61	1	31	22	68	34	3	0
61	1	31	25	68	34	2	7
61	1	31	26	68	34	2	17
61	1	31	30	68	34	2	56
61	1	31	31	68	34	2	56
61	1	32	1	68	34	2	21
61	1	32	2	68	34	3	inf
61	1	32	3	68	34	2	60
61	1	32	4	68	34	2	1
61	1	32	6	68	34	2	40
61	1	32	11	68	34	3	27
61	1	32	13	68	34	3	27
61	1	32	18	68	34	2	40
61	1	32	20	68	34	2	1
61	1	32	21	68	34	2	60
61	1	32	23	68	34	2	21
61	1	32	28	68	34	3	34
61	1	32	30	68	34	3	34
61	1	33	2	68	34	3	0
61	1	33	5	68	34	2	54
61	1	33	6	68	34	2	44
61	1	33	10	68	34	2	5
61	1	33	11	68	34	2	5
61	1	33	15	68	34	2	44
61	1	33	16	68	34	2	54
61	1	33	19	68	34	3	0
61	1	33	22	68	34	2	7
61	1	33	23	68	34	2	17
61	1	33	27	68	34	2	56
61	1	33	28	68	34	2	56
61	1	33	32	68	34	2	17
61	1	33	33	68	34	2	7
61	1	34	0	68	34	2	60
61	1	34	1	68	34	2	1
61	1	34	3	68	34	2	40
61	1	34	8	68	34	3	27
61	1	34	10	68	34	3	27
61	1	34	15	68	34	2	40
61	1	34	17	68	34	2	1
61	1	34	18	68	34	2	60
61	1	34	20	68	34	2	21
61	1	34	25	68	34	3	34
61	1	34	27	68	34	3	34
61	1	34	32	68	34	2	21
61	1	34	33	68	34	3	inf
61	1	35	2	68	34	2	54
61	1	35	3	68	34	2	44
61	1	35	7	68	34	2	5
61	1	35	8	68	34	2	5
61	1	35	12	68	34	2	44
61	1	35	13	68	34	2	54
61	1	35	16	68	34	3	0
61	1	35	19	68	34	2	7
61	1	35	20	68	34	2	17
61	1	35	24	68	34	2	56
61	1	35	25	68	34	2	56
61	1	35	29	68	34	2	17
61	1	35	30	68	34	2	7
61	1	35	33	68	34	3	0
61	1	36	0	68	34	2	40
61	1	36	5	68	34	3	27
61	1	36	7	68	34	3	27
61	1	36	12	68	34	2	40
61	1	36	14	68	34	2	1
61	1	36	15	68	34	2	60
61	1	36	17	68	34	2	21
61	1	36	22	68	34	3	34
61	1	36	24	68	34	3	34
61	1	36	29	68	34	2	21
61	1	36	30	68	34	3	inf
61	1	36	31	68	34	2	60
61	1	36	32	68	34	2	1
61	1	37	0	68	34	2	44
61	1	37	4	68	34	2	5
61	1	37	5	68	34	2	5
61	1	37	9	68	34	2	44
61	1	37	10	68	34	2	54
61	1	37	13	68	34	3	0
61	1	37	16	68	34	2	7
61	1	37	17	68	34	2	17
61	1	37	21	68	34	2	56
61	1	37	22	68	34	2	56
61	1	37	26	68	34	2	17
61	1	37	27	68	34	2	7
61	1	37	30	68	34	3	0
61	1	37	33	68	34	2	54
61	1	38	2	68	34	3	27
61	1	38	4	68	34	3	27
61	1	38	9	68	34	2	40
61	1	38	11	68	34	2	1
61	1	38	12	68	34	2	60
61	1	38	14	68	34	2	21
61	1	38	19	68	34	3	34
61	1	38	21	68	34	3	34
61	1	38	26	68	34	2	21
61	1	38	27	68	34	3	inf
61	1	38	28	68	34	2	60
61	1	38	29	68	34	2	1
61	1	38	31	68	34	2	40
61	1	39	1	68	34	2	5
61	1	39	2	68	34	2	5
61	1	39	6	68	34	2	44
61	1	39	7	68	34	2	54
61	1	39	10	68	34	3	0
61	1	39	13	68	34	2	7
61	1	39	14	68	34	2	17
61	1	39	18	68	34	2	56
61	1	39	19	68	34	2	56
61	1	39	23	68	34	2	17
61	1	39	24	68	34	2	7
61	1	39	27	68	34	3	0
61	1	39	30	68	34	2	54
61	1	39	31	68	34	2	44
61	1	40	1	68	34	3	27
61	1	40	6	68	34	2	40
61	1	40	8	68	34	2	1
61	1	40	9	68	34	2	60
61	1	40	11	68	34	2	21
61	1	40	16	68	34	3	34
61	1	40	18	68	34	3	34
61	1	40	23	68	34	2	21
61	1	40	24	68	34	3	inf
61	1	40	25	68	34	2	60
61	1	40	26	68	34	2	1
61	1	40	28	68	34	2	40
61	1	40	33	68	34	3	27
61	1	41	3	68	34	2	44
61	1	41	4	68	34	2	54
61	1	41	7	68	34	3	0
61	1	41	10	68	34	2	7
61	1	41	11	68	34	2	17
61	1	41	15	68	34	2	56
61	1	41	16	68	34	2	56
61	1	41	20	68	34	2	17
61	1	41	21	68	34	2	7
61	1	41	24	68	34	3	0
61	1	41	27	68	34	2	54
61	1	41	28	68	34	2	44
61	1	41	32	68	34	2	5
61	1	41	33	68	34	2	5
61	1	42	3	68	34	2	40
61	1	42	5	68	34	2	1
61	1	42	6	68	34	2	60
61	1	42	8	68	34	2	21
61	1	42	13	68	34	3	34
61	1	42	15	68	34	3	34
61	1	42	20	68	34	2	21
61	1	42	21	68	34	3	inf
61	1	42	22	68	34	2	60
61	1	42	23	68	34	2	1
61	1	42	25	68	34	2	40
61	1	42	30	68	34	3	27
61	1	42	32	68	34	3	27
61	1	43	0	68	34	2	44
61	1	43	1	68	34	2	54
61	1	43	4	68	34	3	0
61	1	43	7	68	34	2	7
61	1	43	8	68	34	2	17
61	1	43	12	68	34	2	56
61	1	43	13	68	34	2	56
61	1	43	17	68	34	2	17
61	1	43	18	68	34	2	7
61	1	43	21	68	34	3	0
61	1	43	24	68	34	2	54
61	1	43	25	68	34	2	44
61	1	43	29	68	34	2	5
61	1	43	30	68	34	2	5
61	1	44	0	68	34	2	40
61	1	44	2	68	34	2	1
61	1	44	3	68	34	2	60
61	1	44	5	68	34	2	21
61	1	44	10	68	34	3	34
61	1	44	12	68	34	3	34
61	1	44	17	68	34	2	21
61	1	44	18	68	34	3	inf
61	1	44	19	68	34	2	60
61	1	44	20	68	34	2	1
61	1	44	22	68	34	2	40
61	1	44	27	68	34	3	27
61	1	44	29	68	34	3	27
61	1	45	1	68	34	3	0
61	1	45	4	68	34	2	7
61	1	45	5	68	34	2	17
61	1	45	9	68	34	2	56
61	1	45	10	68	34	2	56
61	1	45	14	68	34	2	17
61	1	45	15	68	34	2	7
61	1	45	18	68	34	3	0
61	1	45	21	68	34	2	54
61	1	45	22	68	34	2	44
61	1	45	26	68	34	2	5
61	1	45	27	68	34	2	5
61	1	45	31	68	34	2	44
61	1	45	32	68	34	2	54
61	1	46	0	68	34	2	60
61	1	46	2	68	34	2	21
61	1	46	7	68	34	3	34
61	1	46	9	68	34	3	34
61	1	46	14	68	34	2	21
61	1	46	15	68	34	3	inf
61	1	46	16	68	34	2	60
61	1	46	17	68	34	2	1
61	1	46	19	68	34	2	40
61	1	46	24	68	34	3	27
61	1	46	26	68	34	3	27
61	1	46	31	68	34	2	40
61	1	46	33	68	34	2	1
61	1	47	1	68	34	2	7
61	1	47	2	68	34	2	17
61	1	47	6	68	34	2	56
61	1	47	7	68	34	2	56
61	1	47	11	68	34	2	17
61	1	47	12	68	34	2	7
61	1	47	15	68	34	3	0
61	1	47	18	68	34	2	54
61	1	47	19	68	34	2	44
61	1	47	23	68	34	2	5
61	1	47	24	68	34	2	5
61	1	47	28	68	34	2	44
61	1	47	29	68	34	2	54
61	1	47	32	68	34	3	0
61	1	48	4	68	34	3	34
61	1	48	6	68	34	3	34
61	1	48	11	68	34	2	21
61	1	48	12	68	34	3	inf
61	1	48	13	68	34	2	60
61	1	48	14	68	34	2	1
61	1	48	16	68	34	2	40
61	1	48	21	68	34	3	27
61	1	48	23	68	34	3	27
61	1	48	28	68	34	2	40
61	1	48	30	68	34	2	1
61	1	48	31	68	34	2	60
61	1	48	33	68	34	2	21
61	1	49	3	68	34	2	56
61	1	49	4	68	34	2	56
61	1	49	8	68	34	2	17
61	1	49	9	68	34	2	7
61	1	49	12	68	34	3	0
61	1	49	15	68	34	2	54
61	1	49	16	68	34	2	44
61	1	49	20	68	34	2	5
61	1	49	21	68	34	2	5
61	1	49	25	68	34	2	44
61	1	49	26	68	34	2	54
61	1	49	29	68	34	3	0
61	1	49	32	68	34	2	7
61	1	49	33	68	34	2	17
61	1	50	1	68	34	3	34
61	1	50	3	68	34	3	34
61	1	50	8	68	34	2	21
61	1	50	9	68	34	3	inf
61	1	50	10	68	34	2	60
61	1	50	11	68	34	2	1
61	1	50	13	68	34	2	40
61	1	50	18	68	34	3	27
61	1	50	20	68	34	3	27
61	1	50	25	68	34	2	40
61	1	50	27	68	34	2	1
61	1	50	28	68	34	2	60
61	1	50	30	68	34	2	21
61	1	51	0	68	34	2	56
61	1	51	1	68	34	2	56
61	1	51	5	68	34	2	17
61	1	51	6	68	34	2	7
61	1	51	9	68	34	3	0
61	1	51	12	68	34	2	54
61	1	51	13	68	34	2	44
61	1	51	17	68	34	2	5
61	1	51	18	68	34	2	5
61	1	51	22	68	34	2	44
61	1	51	23	68	34	2	54
61	1	51	26	68	34	3	0
61	1	51	29	68	34	2	7
61	1	51	30	68	34	2	17
61	1	52	0	68	34	3	34
61	1	52	5	68	34	2	21
61	1	52	6	68	34	3	inf
61	1	52	7	68	34	2	60
61	1	52	8	68	34	2	1
61	1	52	10	68	34	2	40
61	1	52	15	68	34	3	27
61	1	52	17	68	34	3	27
61	1	52	22	68	34	2	40
61	1	52	24	68	34	2	1
61	1	52	25	68	34	2	60
61	1	52	27	68	34	2	21
61	1	52	32	68	34	3	34
61	1	53	2	68	34	2	17
61	1	53	3	68	34	2	7
61	1	53	6	68	34	3	0
61	1	53	9	68	34	2	54
61	1	53	10	68	34	2	44
61	1	53	14	68	34	2	5
61	1	53	15	68	34	2	5
61	1	53	19	68	34	2	44
61	1	53	20	68	34	2	54
61	1	53	23	68	34	3	0
61	1	53	26	68	34	2	7
61	1	53	27	68	34	2	17
61	1	53	31	68	34	2	56
61	1	53	32	68	34	2	56
61	1	54	2	68	34	2	21
61	1	54	3	68	34	3	inf
61	1	54	4	68	34	2	60
61	1	54	5	68	34	2	1
61	1	54	7	68	34	2	40
61	1	54	12	68	34	3	27
61	1	54	14	68	34	3	27
61	1	54	19	68	34	2	40
61	1	54	21	68	34	2	1
61	1	54	22	68	34	2	60
61	1	54	24	68	34	2	21
61	1	54	29	68	34	3	34
61	1	54	31	68	34	3	34
61	1	55	0	68	34	2	7
61	1	55	3	68	34	3	0
61	1	55	6	68	34	2	54
61	1	55	7	68	34	2	44
61	1	55	11	68	34	2	5
61	1	55	12	68	34	2	5
61	1	55	16	68	34	2	44
61	1	55	17	68	34	2	54
61	1	55	20	68	34	3	0
61	1	55	23	68	34	2	7
61	1	55	24	68	34	2	17
61	1	55	28	68	34	2	56
61	1	55	29	68	34	2	56
61	1	55	33	68	34	2	17
61	1	56	0	68	34	3	inf
61	1	56	1	68	34	2	60
61	1	56	2	68	34	2	1
61	1	56	4	68	34	2	40
61	1	56	9	68	34	3	27
61	1	56	11	68	34	3	27
61	1	56	16	68	34	2	40
61	1	56	18	68	34	2	1
61	1	56	19	68	34	2	60
61	1	56	21	68	34	2	21
61	1	56	26	68	34	3	34
61	1	56	28	68	34	3	34
61	1	56	33	68	34	2	21
61	1	57	0	68	34	3	0
61	1	57	3	68	34	2	54
61	1	57	4	68	34	2	44
61	1	57	8	68	34	2	5
61	1	57	9	68	34	2	5
61	1	57	13	68	34	2	44
61	1	57	14	68	34	2	54
61	1	57	17	68	34	3	0
61	1	57	20	68	34	2	7
61	1	57	21	68	34	2	17
61	1	57	25	68	34	2	56
61	1	57	26	68	34	2	56
61	1	57	30	68	34	2	17
61	1	57	31	68	34	2	7
61	1	58	1	68	34	2	40
61	1	58	6	68	34	3	27
61	1	58	8	68	34	3	27
61	1	58	13	68	34	2	40
61	1	58	15	68	34	2	1
61	1	58	16	68	34	2	60
61	1	58	18	68	34	2	21
61	1	58	23	68	34	3	34
61	1	58	25	68	34	3	34
61	1	58	30	68	34	2	21
61	1	58	31	68	34	3	inf
61	1	58	32	68	34	2	60
61	1	58	33	68	34	2	1
61	1	59	0	68	34	2	54
61	1	59	1	68	34	2	44
61	1	59	5	68	34	2	5
61	1	59	6	68	34	2	5
61	1	59	10	68	34	2	44
61	1	59	11	68	34	2	54
61	1	59	14	68	34	3	0
61	1	59	17	68	34	2	7
61	1	59	18	68	34	2	17
61	1	59	22	68	34	2	56
61	1	59	23	68	34	2	56
61	1	59	27	68	34	2	17
61	1	59	28	68	34	2	7
61	1	59	31	68	34	3	0
61	1	60	3	68	34	3	27
61	1	60	5	68	34	3	27
61	1	60	10	68	34	2	40
61	1	60	12	68	34	2	1
61	1	60	13	68	34	2	60
61	1	60	15	68	34	2	21
61	1	60	20	68	34	3	34
61	1	60	22	68	34	3	34
61	1	60	27	68	34	2	21
61	1	60	28	68	34	3	inf
61	1	60	29	68	34	2	60
61	1	60	30	68	34	2	1
61	1	60	32	68	34	2	40
61	1	61	2	68	34	2	5
61	1	61	3	68	34	2	5
61	1	61	7	68	34	2	44
61	1	61	8	68	34	2	54
61	1	61	11	68	34	3	0
61	1	61	14	68	34	2	7
61	1	61	15	68	34	2	17
61	1	61	19	68	34	2	56
61	1	61	20	68	34	2	56
61	1	61	24	68	34	2	17
61	1	61	25	68	34	2	7
61	1	61	28	68	34	3	0
61	1	61	31	68	34	2	54
61	1	61	32	68	34	2	44
61	1	62	0	68	34	3	27
61	1	62	2	68	34	3	27
61	1	62	7	68	34	2	40
61	1	62	9	68	34	2	1
61	1	62	10	68	34	2	60
61	1	62	12	68	34	2	21
61	1	62	17	68	34	3	34
61	1	62	19	68	34	3	34
61	1	62	24	68	34	2	21
61	1	62	25	68	34	3	inf
61	1	62	26	68	34	2	60
61	1	62	27	68	34	2	1
61	1	62	29	68	34	2	40
61	1	63	0	68	34	2	5
61	1	63	4	68	34	2	44
61	1	63	5	68	34	2	54
61	1	63	8	68	34	3	0
61	1	63	11	68	34	2	7
61	1	63	12	68	34	2	17
61	1	63	16	68	34	2	56
61	1	63	17	68	34	2	56
61	1	63	21	68	34	2	17
61	1	63	22	68	34	2	7
61	1	63	25	68	34	3	0
61	1	63	28	68	34	2	54
61	1	63	29	68	34	2	44
61	1	63	33	68	34	2	5
61	1	64	4	68	34	2	40
61	1	64	6	68	34	2	1
61	1	64	7	68	34	2	60
61	1	64	9	68	34	2	21
61	1	64	14	68	34	3	34
61	1	64	16	68	34	3	34
61	1	64	21	68	34	2	21
61	1	64	22	68	34	3	inf
61	1	64	23	68	34	2	60
61	1	64	24	68	34	2	1
61	1	64	26	68	34	2	40
61	1	64	31	68	34	3	27
61	1	64	33	68	34	3	27
61	1	65	1	68	34	2	44
61	1	65	2	68	34	2	54
61	1	65	5	68	34	3	0
61	1	65	8	68	34	2	7
61	1	65	9	68	34	2	17
61	1	65	13	68	34	2	56
61	1	65	14	68	34	2	56
61	1	65	18	68	34	2	17
61	1	65	19	68	34	2	7
61	1	65	22	68	34	3	0
61	1	65	25	68	34	2	54
61	1	65	26	68	34	2	44
61	1	65	30	68	34	2	5
61	1	65	31	68	34	2	5
61	1	66	1	68	34	2	40
61	1	66	3	68	34	2	1
61	1	66	4	68	34	2	60
61	1	66	6	68	34	2	21
61	1	66	11	68	34	3	34
61	1	66	13	68	34	3	34
61	1	66	18	68	34	2	21
61	1	66	19	68	34	3	inf
61	1	66	20	68	34	2	60
61	1	66	21	68	34	2	1
61	1	66	23	68	34	2	40
61	1	66	28	68	34	3	27
61	1	66	30	68	34	3	27
61	1	67	2	68	34	3	0
61	1	67	5	68	34	2	7
61	1	67	6	68	34	2	17
61	1	67	10	68	34	2	56
61	1	67	11	68	34	2	56
61	1	67	15	68	34	2	17
61	1	67	16	68	34	2	7
61	1	67	19	68	34	3	0
61	1	67	22	68	34	2	54
61	1	67	23	68	34	2	44
61	1	67	27	68	34	2	5
61	1	67	28	68	34	2	5
61	1	67	32	68	34	2	44
61	1	67	33	68	34	2	54
61	2	0	0	68	34	2	60
61	2	0	1	68	34	2	1
61	2	0	3	68	34	2	40
61	2	0	8	68	34	3	27
61	2	0	10	68	34	3	27
61	2	0	15	68	34	2	40
61	2	0	17	68	34	2	1
61	2	0	18	68	34	2	60
61	2	0	20	68	34	2	21
61	2	0	25	68	34	3	34
61	2	0	27	68	34	3	34
61	2	0	32	68	34	2	21
61	2	0	33	68	34	3	inf
61	2	1	2	68	34	2	54
61	2	1	3	68	34	2	44
61	2	1	7	68	34	2	5
61	2	1	8	68	34	2	5
61	2	1	12	68	34	2	44
61	2	1	13	68	34	2	54
61	2	1	16	68	34	3	0
61	2	1	19	68	34	2	7
61	2	1	20	68	34	2	17
61	2	1	24	68	34	2	56
61	2	1	25	68	34	2	56
61	2	1	29	68	34	2	17
61	2	1	30	68	34	2	7
61	2	1	33	68	34	3	0
61	2	2	0	68	34	2	40
61	2	2	5	68	34	3	27
61	2	2	7	68	34	3	27
61	2	2	12	68	34	2	40
61	2	2	14	68	34	2	1
61	2	2	15	68	34	2	60
61	2	2	17	68	34	2	21
61	2	2	22	68	34	3	34
61	2	2	24	68	34	3	34
61	2	2	29	68	34	2	21
61	2	2	30	68	34	3	inf
61	2	2	31	68	34	2	60
61	2	2	32	68	34	2	1
61	2	3	0	68	34	2	44
61	2	3	4	68	34	2	5
61	2	3	5	68	34	2	5
61	2	3	9	68	34	2	44
61	2	3	10	68	34	2	54
61	2	3	13	68	34	3	0
61	2	3	16	68	34	2	7
61	2	3	17	68	34	2	17
61	2	3	21	68	34	2	56
61	2	3	22	68	34	2	56
61	2	3	26	68	34	2	17
61	2	3	27	68	34	2	7
61	2	3	30	68	34	3	0
61	2	3	33	68	34	2	54
61	2	4	2	68	34	3	27
61	2	4	4	68	34	3	27
61	2	4	9	68	34	2	40
61	2	4	11	68	34	2	1
61	2	4	12	68	34	2	60
61	2	4	14	68	34	2	21
61	2	4	19	68	34	3	34
61	2	4	21	68	34	3	34
61	2	4	26	68	34	2	21
61	2	4	27	68	34	3	inf
61	2	4	28	68	34	2	60
61	2	4	29	68	34	2	1
61	2	4	31	68	34	2	40
61	2	5	1	68	34	2	5
61	2	5	2	68	34	2	5
61	2	5	6	68	34	2	44
61	2	5	7	68	34	2	54
61	2	5	10	68	34	3	0
61	2	5	13	68	34	2	7
61	2	5	14	68	34	2	17
61	2	5	18	68	34	2	56
61	2	5	19	68	34	2	56
61	2	5	23	68	34	2	17
61	2	5	24	68	34	2	7
61	2	5	27	68	34	3	0
61	2	5	30	68	34	2	54
61	2	5	31	68	34	2	44
61	2	6	1	68	34	3	27
61	2	6	6	68	34	2	40
61	2	6	8	68	34	2	1
61	2	6	9	68	34	2	60
61	2	6	11	68	34	2	21
61	2	6	16	68	34	3	34
61	2	6	18	68	34	3	34
61	2	6	23	68	34	2	21
61	2	6	24	68	34	3	inf
61	2	6	25	68	34	2	60
61	2	6	26	68	34	2	1
61	2	6	28	68	34	2	40
61	2	6	33	68	34	3	27
61	2	7	3	68	34	2	44
61	2	7	4	68	34	2	54
61	2	7	7	68	34	3	0
61	2	7	10	68	34	2	7
61	2	7	11	68	34	2	17
61	2	7	15	68	34	2	56
61	2	7	16	68	34	2	56
61	2	7	20	68	34	2	17
61	2	7	21	68	34	2	7
61	2	7	24	68	34	3	0
61	2	7	27	68	34	2	54
61	2	7	28	68	34	2	44
61	2	7	32	68	34	2	5
61	2	7	33	68	34	2	5
61	2	8	3	68	34	2	40
61	2	8	5	68	34	2	1
61	2	8	6	68	34	2	60
61	2	8	8	68	34	2	21
61	2	8	13	68	34	3	34
61	2	8	15	68	34	3	34
61	2	8	20	68	34	2	21
61	2	8	21	68	34	3	inf
61	2	8	22	68	34	2	60
61	2	8	23	68	34	2	1
61	2	8	25	68	34	2	40
61	2	8	30	68	34	3	27
61	2	8	32	68	34	3	27
61	2	9	0	68	34	2	44
61	2	9	1	68	34	2	54
61	2	9	4	68	34	3	0
61	2	9	7	68	34	2	7
61	2	9	8	68	34	2	17
61	2	9	12	68	34	2	56
61	2	9	13	68	34	2	56
61	2	9	17	68	34	2	17
61	2	9	18	68	34	2	7
61	2	9	21	68	34	3	0
61	2	9	24	68	34	2	54
61	2	9	25	68	34	2	44
61	2	9	29	68	34	2	5
61	2	9	30	68	34	2	5
61	2	10	0	68	34	2	40
61	2	10	2	68	34	2	1
61	2	10	3	68	34	2	60
61	2	10	5	68	34	2	21
61	2	10	10	68	34	3	34
61	2	10	12	68	34	3	34
61	2	10	17	68	34	2	21
61	2	10	18	68	34	3	inf
61	2	10	19	68	34	2	60
61	2	10	20	68	34	2	1
61	2	10	22	68	34	2	40
61	2	10	27	68	34	3	27
61	2	10	29	68	34	3	27
61	2	11	1	68	34	3	0
61	2	11	4	68	34	2	7
61	2	11	5	68	34	2	17
61	2	11	9	68	34	2	56
61	2	11	10	68	34	2	56
61	2	11	14	68	34	2	17
61	2	11	15	68	34	2	7
61	2	11	18	68	34	3	0
61	2	11	21	68	34	2	54
61	2	11	22	68	34	2	44
61	2	11	26	68	34	2	5
61	2	11	27	68	34	2	5
61	2	11	31	68	34	2	44
61	2	11	32	68	34	2	54
61	2	12	0	68	34	2	60
61	2	12	2	68	34	2	21
61	2	12	7	68	34	3	34
61	2	12	9	68	34	3	34
61	2	12	14	68	34	2	21
61	2	12	15	68	34	3	inf
61	2	12	16	68	34	2	60
61	2	12	17	68	34	2	1
61	2	12	19	68	34	2	40
61	2	12	24	68	34	3	27
61	2	12	26	68	34	3	27
61	2	12	31	68	34	2	40
61	2	12	33	68	34	2	1
61	2	13	1	68	34	2	7
61	2	13	2	68	34	2	17
61	2	13	6	68	34	2	56
61	2	13	7	68	34	2	56
61	2	13	11	68	34	2	17
61	2	13	12	68	34	2	7
61	2	13	15	68	34	3	0
61	2	13	18	68	34	2	54
61	2	13	19	68	34	2	44
61	2	13	23	68	34	2	5
61	2	13	24	68	34	2	5
61	2	13	28	68	34	2	44
61	2	13	29	68	34	2	54
61	2	13	32	68	34	3	0
61	2	14	4	68	34	3	34
61	2	14	6	68	34	3	34
61	2	14	11	68	34	2	21
61	2	14	12	68	34	3	inf
61	2	14	13	68	34	2	60
61	2	14	14	68	34	2	1
61	2	14	16	68	34	2	40
61	2	14	21	68	34	3	27
61	2	14	23	68	34	3	27
61	2	14	28	68	34	2	40
61	2	14	30	68	34	2	1
61	2	14	31	68	34	2	60
61	2	14	33	68	34	2	21
61	2	15	3	68	34	2	56
61	2	15	4	68	34	2	56
61	2	15	8	68	34	2	17
61	2	15	9	68	34	2	7
61	2	15	12	68	34	3	0
61	2	15	15	68	34	2	54
61	2	15	16	68	34	2	44
61	2	15	20	68	34	2	5
61	2	15	21	68	34	2	5
61	2	15	25	68	34	2	44
61	2	15	26	68	34	2	54
61	2	15	29	68	34	3	0
61	2	15	32	68	34	2	7
61	2	15	33	68	34	2	17
61	2	16	1	68	34	3	34
61	2	16	3	68	34	3	34
61	2	16	8	68	34	2	21
61	2	16	9	68	34	3	inf
61	2	16	10	68	34	2	60
61	2	16	11	68	34	2	1
61	2	16	13	68	34	2	40
61	2	16	18	68	34	3	27
61	2	16	20	68	34	3	27
61	2	16	25	68	34	2	40
61	2	16	27	68	34	2	1
61	2	16	28	68	34	2	60
61	2	16	30	68	34	2	21
61	2	17	0	68	34	2	56
61	2	17	1	68	34	2	56
61	2	17	5	68	34	2	17
61	2	17	6	68	34	2	7
61	2	17	9	68	34	3	0
61	2	17	12	68	34	2	54
61	2	17	13	68	34	2	44
61	2	17	17	68	34	2	5
61	2	17	18	68	34	2	5
61	2	17	22	68	34	2	44
61	2	17	23	68	34	2	54
61	2	17	26	68	34	3	0
61	2	17	29	68	34	2	7
61	2	17	30	68	34	2	17
61	2	18	0	68	34	3	34
61	2	18	5	68	34	2	21
61	2	18	6	68	34	3	inf
61	2	18	7	68	34	2	60
61	2	18	8	68	34	2	1
61	2	18	10	68	34	2	40
61	2	18	15	68	34	3	27
61	2	18	17	68	34	3	27
61	2	18	22	68	34	2	40
61	2	18	24	68	34	2	1
61	2	18	25	68	34	2	60
61	2	18	27	68	34	2	21
61	2	18	32	68	34	3	34
61	2	19	2	68	34	2	17
61	2	19	3	68	34	2	7
61	2	19	6	68	34	3	0
61	2	19	9	68	34	2	54
61	2	19	10	68	34	2	44
61	2	19	14	68	34	2	5
61	2	19	15	68	34	2	5
61	2	19	19	68	34	2	44
61	2	19	20	68	34	2	54
61	2	19	23	68	34	3	0
61	2	19	26	68	34	2	7
61	2	19	27	68	34	2	17
61	2	19	31	68	34	2	56
61	2	19	32	68	34	2	56
61	2	20	2	68	34	2	21
61	2	20	3	68	34	3	inf
61	2	20	4	68	34	2	60
61	2	20	5	68	34	2	1
61	2	20	7	68	34	2	40
61	2	20	12	68	34	3	27
61	2	20	14	68	34	3	27
61	2	20	19	68	34	2	40
61	2	20	21	68	34	2	1
61	2	20	22	68	34	2	60
61	2	20	24	68	34	2	21
61	2	20	29	68	34	3	34
61	2	20	31	68	34	3	34
61	2	21	0	68	34	2	7
61	2	21	3	68	34	3	0
61	2	21	6	68	34	2	54
61	2	21	7	68	34	2	44
61	2	21	11	68	34	2	5
61	2	21	12	68	34	2	5
61	2	21	16	68	34	2	44
61	2	21	17	68	34	2	54
61	2	21	20	68	34	3	0
61	2	21	23	68	34	2	7
61	2	21	24	68	34	2	17
61	2	21	28	68	34	2	56
61	2	21	29	68	34	2	56
61	2	21	33	68	34	2	17
61	2	22	0	68	34	3	inf
61	2	22	1	68	34	2	60
61	2	22	2	68	34	2	1
61	2	22	4	68	34	2	40
61	2	22	9	68	34	3	27
61	2	22	11	68	34	3	27
61	2	22	16	68	34	2	40
61	2	22	18	68	34	2	1
61	2	22	19	68	34	2	60
61	2	22	21	68	34	2	21
61	2	22	26	68	34	3	34
61	2	22	28	68	34	3	34
61	2	22	33	68	34	2	21
61	2	23	0	68	34	3	0
61	2	23	3	68	34	2	54
61	2	23	4	68	34	2	44
61	2	23	8	68	34	2	5
61	2	23	9	68	34	2	5
61	2	23	13	68	34	2	44
61	2	23	14	68	34	2	54
61	2	23	17	68	34	3	0
61	2	23	20	68	34	2	7
61	2	23	21	68	34	2	17
61	2	23	25	68	34	2	56
61	2	23	26	68	34	2	56
61	2	23	30	68	34	2	17
61	2	23	31	68	34	2	7
61	2	24	1	68	34	2	40
61	2	24	6	68	34	3	27
61	2	24	8	68	34	3	27
61	2	24	13	68	34	2	40
61	2	24	15	68	34	2	1
61	2	24	16	68	34	2	60
61	2	24	18	68	34	2	21
61	2	24	23	68	34	3	34
61	2	24	25	68	34	3	34
61	2	24	30	68	34	2	21
61	2	24	31	68	34	3	inf
61	2	24	32	68	34	2	60
61	2	24	33	68	34	2	1
61	2	25	0	68	34	2	54
61	2	25	1	68	34	2	44
61	2	25	5	68	34	2	5
61	2	25	6	68	34	2	5
61	2	25	10	68	34	2	44
61	2	25	11	68	34	2	54
61	2	25	14	68	34	3	0
61	2	25	17	68	34	2	7
61	2	25	18	68	34	2	17
61	2	25	22	68	34	2	56
61	2	25	23	68	34	2	56
61	2	25	27	68	34	2	17
61	2	25	28	68	34	2	7
61	2	25	31	68	34	3	0
61	2	26	3	68	34	3	27
61	2	26	5	68	34	3	27
61	2	26	10	68	34	2	40
61	2	26	12	68	34	2	1
61	2	26	13	68	34	2	60
61	2	26	15	68	34	2	21
61	2	26	20	68	34	3	34
61	2	26	22	68	34	3	34
61	2	26	27	68	34	2	21
61	2	26	28	68	34	3	inf
61	2	26	29	68	34	2	60
61	2	26	30	68	34	2	1
61	2	26	32	68	34	2	40
61	2	27	2	68	34	2	5
61	2	27	3	68	34	2	5
61	2	27	7	68	34	2	44
61	2	27	8	68	34	2	54
61	2	27	11	68	34	3	0
61	2	27	14	68	34	2	7
61	2	27	15	68	34	2	17
61	2	27	19	68	34	2	56
61	2	27	20	68	34	2	56
61	2	27	24	68	34	2	17
61	2	27	25	68	34	2	7
61	2	27	28	68	34	3	0
61	2	27	31	68	34	2	54
61	2	27	32	68	34	2	44
61	2	28	0	68	34	3	27
61	2	28	2	68	34	3	27
61	2	28	7	68	34	2	40
61	2	28	9	68	34	2	1
61	2	28	10	68	34	2	60
61	2	28	12	68	34	2	21
61	2	28	17	68	34	3	34
61	2	28	19	68	34	3	34
61	2	28	24	68	34	2	21
61	2	28	25	68	34	3	inf
61	2	28	26	68	34	2	60
61	2	28	27	68	34	2	1
61	2	28	29	68	34	2	40
61	2	29	0	68	34	2	5
61	2	29	4	68	34	2	44
61	2	29	5	68	34	2	54
61	2	29	8	68	34	3	0
61	2	29	11	68	34	2	7
61	2	29	12	68	34	2	17
61	2	29	16	68	34	2	56
61	2	29	17	68	34	2	56
61	2	29	21	68	34	2	17
61	2	29	22	68	34	2	7
61	2	29	25	68	34	3	0
61	2	29	28	68	34	2	54
61	2	29	29	68	34	2	44
61	2	29	33	68	34	2	5
61	2	30	4	68	34	2	40
61	2	30	6	68	34	2	1
61	2	30	7	68	34	2	60
61	2	30	9	68	34	2	21
61	2	30	14	68	34	3	34
61	2	30	16	68	34	3	34
61	2	30	21	68	34	2	21
61	2	30	22	68	34	3	inf
61	2	30	23	68	34	2	60
61	2	30	24	68	34	2	1
61	2	30	26	68	34	2	40
61	2	30	31	68	34	3	27
61	2	30	33	68	34	3	27
61	2	31	1	68	34	2	44
61	2	31	2	68	34	2	54
61	2	31	5	68	34	3	0
61	2	31	8	68	34	2	7
61	2	31	9	68	34	2	17
61	2	31	13	68	34	2	56
61	2	31	14	68	34	2	56
61	2	31	18	68	34	2	17
61	2	31	19	68	34	2	7
61	2	31	22	68	34	3	0
61	2	31	25	68	34	2	54
61	2	31	26	68	34	2	44
61	2	31	30	68	34	2	5
61	2	31	31	68	34	2	5
61	2	32	1	68	34	2	40
61	2	32	3	68	34	2	1
61	2	32	4	68	34	2	60
61	2	32	6	68	34	2	21
61	2	32	11	68	34	3	34
61	2	32	13	68	34	3	34
61	2	32	18	68	34	2	21
61	2	32	19	68	34	3	inf
61	2	32	20	68	34	2	60
61	2	32	21	68	34	2	1
61	2	32	23	68	34	2	40
61	2	32	28	68	34	3	27
61	2	32	30	68	34	3	27
61	2	33	2	68	34	3	0
61	2	33	5	68	34	2	7
61	2	33	6	68	34	2	17
61	2	33	10	68	34	2	56
61	2	33	11	68	34	2	56
61	2	33	15	68	34	2	17
61	2	33	16	68	34	2	7
61	2	33	19	68	34	3	0
61	2	33	22	68	34	2	54
61	2	33	23	68	34	2	44
61	2	33	27	68	34	2	5
61	2	33	28	68	34	2	5
61	2	33	32	68	34	2	44
61	2	33	33	68	34	2	54
61	2	34	0	68	34	2	1
61	2	34	1	68	34	2	60
61	2	34	3	68	34	2	21
61	2	34	8	68	34	3	34
61	2	34	10	68	34	3	34
61	2	34	15	68	34	2	21
61	2	34	16	68	34	3	inf
61	2	34	17	68	34	2	60
61	2	34	18	68	34	2	1
61	2	34	20	68	34	2	40
61	2	34	25	68	34	3	27
61	2	34	27	68	34	3	27
61	2	34	32	68	34	2	40
61	2	35	2	68	34	2	7
61	2	35	3	68	34	2	17
61	2	35	7	68	34	2	56
61	2	35	8	68	34	2	56
61	2	35	12	68	34	2	17
61	2	35	13	68	34	2	7
61	2	35	16	68	34	3	0
61	2	35	19	68	34	2	54
61	2	35	20	68	34	2	44
61	2	35	24	68	34	2	5
61	2	35	25	68	34	2	5
61	2	35	29	68	34	2	44
61	2	35	30	68	34	2	54
61	2	35	33	68	34	3	0
61	2	36	0	68	34	2	21
61	2	36	5	68	34	3	34
61	2	36	7	68	34	3	34
61	2	36	12	68	34	2	21
61	2	36	13	68	34	3	inf
61	2	36	14	68	34	2	60
61	2	36	15	68	34	2	1
61	2	36	17	68	34	2	40
61	2	36	22	68	34	3	27
61	2	36	24	68	34	3	27
61	2	36	29	68	34	2	40
61	2	36	31	68	34	2	1
61	2	36	32	68	34	2	60
61	2	37	0	68	34	2	17
61	2	37	4	68	34	2	56
61	2	37	5	68	34	2	56
61	2	37	9	68	34	2	17
61	2	37	10	68	34	2	7
61	2	37	13	68	34	3	0
61	2	37	16	68	34	2	54
61	2	37	17	68	34	2	44
61	2	37	21	68	34	2	5
61	2	37	22	68	34	2	5
61	2	37	26	68	34	2	44
61	2	37	27	68	34	2	54
61	2	37	30	68	34	3	0
61	2	37	33	68	34	2	7
61	2	38	2	68	34	3	34
61	2	38	4	68	34	3	34
61	2	38	9	68	34	2	21
61	2	38	10	68	34	3	inf
61	2	38	11	68	34	2	60
61	2	38	12	68	34	2	1
61	2	38	14	68	34	2	40
61	2	38	19	68	34	3	27
61	2	38	21	68	34	3	27
61	2	38	26	68	34	2	40
61	2	38	28	68	34	2	1
61	2	38	29	68	34	2	60
61	2	38	31	68	34	2	21
61	2	39	1	68	34	2	56
61	2	39	2	68	34	2	56
61	2	39	6	68	34	2	17
61	2	39	7	68	34	2	7
61	2	39	10	68	34	3	0
61	2	39	13	68	34	2	54
61	2	39	14	68	34	2	44
61	2	39	18	68	34	2	5
61	2	39	19	68	34	2	5
61	2	39	23	68	34	2	44
61	2	39	24	68	34	2	54
61	2	39	27	68	34	3	0
61	2	39	30	68	34	2	7
61	2	39	31	68	34	2	17
61	2	40	1	68	34	3	34
61	2	40	6	68	34	2	21
61	2	40	7	68	34	3	inf
61	2	40	8	68	34	2	60
61	2	40	9	68	34	2	1
61	2	40	11	68	34	2	40
61	2	40	16	68	34	3	27
61	2	40	18	68	34	3	27
61	2	40	23	68	34	2	40
61	2	40	25	68	34	2	1
61	2	40	26	68	34	2	60
61	2	40	28	68	34	2	21
61	2	40	33	68	34	3	34
61	2	41	3	68	34	2	17
61	2	41	4	68	34	2	7
61	2	41	7	68	34	3	0
61	2	41	10	68	34	2	54
61	2	41	11	68	34	2	44
61	2	41	15	68	34	2	5
61	2	41	16	68	34	2	5
61	2	41	20	68	34	2	44
61	2	41	21	68	34	2	54
61	2	41	24	68	34	3	0
61	2	41	27	68	34	2	7
61	2	41	28	68	34	2	17
61	2	41	32	68	34	2	56
61	2	41	33	68	34	2	56
61	2	42	3	68	34	2	21
61	2	42	4	68	34	3	inf
61	2	42	5	68	34	2	60
61	2	42	6	68	34	2	1
61	2	42	8	68	34	2	40
61	2	42	13	68	34	3	27
61	2	42	15	68	34	3	27
61	2	42	20	68	34	2	40
61	2	42	22	68	34	2	1
61	2	42	23	68	34	2	60
61	2	42	25	68	34	2	21
61	2	42	30	68	34	3	34
61	2	42	32	68	34	3	34
61	2	43	0	68	34	2	17
61	2	43	1	68	34	2	7
61	2	43	4	68	34	3	0
61	2	43	7	68	34	2	54
61	2	43	8	68	34	2	44
61	2	43	12	68	34	2	5
61	2	43	13	68	34	2	5
61	2	43	17	68	34	2	44
61	2	43	18	68	34	2	54
61	2	43	21	68	34	3	0
61	2	43	24	68	34	2	7
61	2	43	25	68	34	2	17
61	2	43	29	68	34	2	56
61	2	43	30	68	34	2	56
61	2	44	0	68	34	2	21
61	2	44	1	68	34	3	inf
61	2	44	2	68	34	2	60
61	2	44	3	68	34	2	1
61	2	44	5	68	34	2	40
61	2	44	10	68	34	3	27
61	2	44	12	68	34	3	27
61	2	44	17	68	34	2	40
61	2	44	19	68	34	2	1
61	2	44	20	68	34	2	60
61	2	44	22	68	34	2	21
61	2	44	27	68	34	3	34
61	2	44	29	68	34	3	34
61	2	45	1	68	34	3	0
61	2	45	4	68	34	2	54
61	2	45	5	68	34	2	44
61	2	45	9	68	34	2	5
61	2	45	10	68	34	2	5
61	2	45	14	68	34	2	44
61	2	45	15	68	34	2	54
61	2	45	18	68	34	3	0
61	2	45	21	68	34	2	7
61	2	45	22	68	34	2	17
61	2	45	26	68	34	2	56
61	2	45	27	68	34	2	56
61	2	45	31	68	34	2	17
61	2	45	32	68	34	2	7
61	2	46	0	68	34	2	1
61	2	46	2	68	34	2	40
61	2	46	7	68	34	3	27
61	2	46	9	68	34	3	27
61	2	46	14	68	34	2	40
61	2	46	16	68	34	2	1
61	2	46	17	68	34	2	60
61	2	46	19	68	34	2	21
61	2	46	24	68	34	3	34
61	2	46	26	68	34	3	34
61	2	46	31	68	34	2	21
61	2	46	32	68	34	3	inf
61	2	46	33	68	34	2	60
61	2	47	1	68	34	2	54
61	2	47	2	68	34	2	44
61	2	47	6	68	34	2	5
61	2	47	7	68	34	2	5
61	2	47	11	68	34	2	44
61	2	47	12	68	34	2	54
61	2	47	15	68	34	3	0
61	2	47	18	68	34	2	7
61	2	47	19	68	34	2	17
61	2	47	23	68	34	2	56
61	2	47	24	68	34	2	56
61	2	47	28	68	34	2	17
61	2	47	29	68	34	2	7
61	2	47	32	68	34	3	0
61	2	48	4	68	34	3	27
61	2	48	6	68	34	3	27
61	2	48	11	68	34	2	40
61	2	48	13	68	34	2	1
61	2	48	14	68	34	2	60
61	2	48	16	68	34	2	21
61	2	48	21	68	34	3	34
61	2	48	23	68	34	3	34
61	2	48	28	68	34	2	21
61	2	48	29	68	34	3	inf
61	2	48	30	68	34	2	60
61	2	48	31	68	34	2	1
61	2	48	33	68	34	2	40
61	2	49	3	68	34	2	5
61	2	49	4	68	34	2	5
61	2	49	8	68	34	2	44
61	2	49	9	68	34	2	54
61	2	49	12	68	34	3	0
61	2	49	15	68	34	2	7
61	2	49	16	68	34	2	17
61	2	49	20	68	34	2	56
61	2	49	21	68	34	2	56
61	2	49	25	68	34	2	17
61	2	49	26	68	34	2	7
61	2	49	29	68	34	3	0
61	2	49	32	68	34	2	54
61	2	49	33	68	34	2	44
61	2	50	1	68	34	3	27
61	2	50	3	68	34	3	27
61	2	50	8	68	34	2	40
61	2	50	10	68	34	2	1
61	2	50	11	68	34	2	60
61	2	50	13	68	34	2	21
61	2	50	18	68	34	3	34
61	2	50	20	68	34	3	34
61	2	50	25	68	34	2	21
61	2	50	26	68	34	3	inf
61	2	50	27	68	34	2	60
61	2	50	28	68	34	2	1
61	2	50	30	68	34	2	40
61	2	51	0	68	34	2	5
61	2	51	1	68	34	2	5
61	2	51	5	68	34	2	44
61	2	51	6	68	34	2	54
61	2	51	9	68	34	3	0
61	2	51	12	68	34	2	7
61	2	51	13	68	34	2	17
61	2	51	17	68	34	2	56
61	2	51	18	68	34	2	56
61	2	51	22	68	34	2	17
61	2	51	23	68	34	2	7
61	2	51	26	68	34	3	0
61	2	51	29	68	34	2	54
61	2	51	30	68	34	2	44
61	2	52	0	68	34	3	27
61	2	52	5	68	34	2	40
61	2	52	7	68	34	2	1
61	2	52	8	68	34	2	60
61	2	52	10	68	34	2	21
61	2	52	15	68	34	3	34
61	2	52	17	68	34	3	34
61	2	52	22	68	34	2	21
61	2	52	23	68	34	3	inf
61	2	52	24	68	34	2	60
61	2	52	25	68	34	2	1
61	2	52	27	68	34	2	40
61	2	52	32	68	34	3	27
61	2	53	2	68	34	2	44
61	2	53	3	68	34	2	54
61	2	53	6	68	34	3	0
61	2	53	9	68	34	2	7
61	2	53	10	68	34	2	17
61	2	53	14	68	34	2	56
61	2	53	15	68	34	2	56
61	2	53	19	68	34	2	17
61	2	53	20	68	34	2	7
61	2	53	23	68	34	3	0
61	2	53	26	68	34	2	54
61	2	53	27	68	34	2	44
61	2	53	31	68	34	2	5
61	2	53	32	68	34	2	5
61	2	54	2	68	34	2	40
61	2	54	4	68	34	2	1
61	2	54	5	68	34	2	60
61	2	54	7	68	34	2	21
61	2	54	12	68	34	3	34
61	2	54	14	68	34	3	34
61	2	54	19	68	34	2	21
61	2	54	20	68	34	3	inf
61	2	54	21	68	34	2	60
61	2	54	22	68	34	2	1
61	2	54	24	68	34	2	40
61	2	54	29	68	34	3	27
61	2	54	31	68	34	3	27
61	2	55	0	68	34	2	54
61	2	55	3	68	34	3	0
61	2	55	6	68	34	2	7
61	2	55	7	68	34	2	17
61	2	55	11	68	34	2	56
61	2	55	12	68	34	2	56
61	2	55	16	68	34	2	17
61	2	55	17	68	34	2	7
61	2	55	20	68	34	3	0
61	2	55	23	68	34	2	54
61	2	55	24	68	34	2	44
61	2	55	28	68	34	2	5
61	2	55	29	68	34	2	5
61	2	55	33	68	34	2	44
61	2	56	1	68	34	2	1
61	2	56	2	68	34	2	60
61	2	56	4	68	34	2	21
61	2	56	9	68	34	3	34
61	2	56	11	68	34	3	34
61	2	56	16	68	34	2	21
61	2	56	17	68	34	3	inf
61	2	56	18	68	34	2	60
61	2	56	19	68	34	2	1
61	2	56	21	68	34	2	40
61	2	56	26	68	34	3	27
61	2	56	28	68	34	3	27
61	2	56	33	68	34	2	40
61	2	57	0	68	34	3	0
61	2	57	3	68	34	2	7
61	2	57	4	68	34	2	17
61	2	57	8	68	34	2	56
61	2	57	9	68	34	2	56
61	2	57	13	68	34	2	17
61	2	57	14	68	34	2	7
61	2	57	17	68	34	3	0
61	2	57	20	68	34	2	54
61	2	57	21	68	34	2	44
61	2	57	25	68	34	2	5
61	2	57	26	68	34	2	5
61	2	57	30	68	34	2	44
61	2	57	31	68	34	2	54
61	2	58	1	68	34	2	21
61	2	58	6	68	34	3	34
61	2	58	8	68	34	3	34
61	2	58	13	68	34	2	21
61	2	58	14	68	34	3	inf
61	2	58	15	68	34	2	60
61	2	58	16	68	34	2	1
61	2	58	18	68	34	2	40
61	2	58	23	68	34	3	27
61	2	58	25	68	34	3	27
61	2	58	30	68	34	2	40
61	2	58	32	68	34	2	1
61	2	58	33	68	34	2	60
61	2	59	0	68	34	2	7
61	2	59	1	68	34	2	17
61	2	59	5	68	34	2	56
61	2	59	6	68	34	2	56
61	2	59	10	68	34	2	17
61	2	59	11	68	34	2	7
61	2	59	14	68	34	3	0
61	2	59	17	68	34	2	54
61	2	59	18	68	34	2	44
61	2	59	22	68	34	2	5
61	2	59	23	68	34	2	5
61	2	59	27	68	34	2	44
61	2	59	28	68	34	2	54
61	2	59	31	68	34	3	0
61	2	60	3	68	34	3	34
61	2	60	5	68	34	3	34
61	2	60	10	68	34	2	21
61	2	60	11	68	34	3	inf
61	2	60	12	68	34	2	60
61	2	60	13	68	34	2	1
61	2	60	15	68	34	2	40
61	2	60	20	68	34	3	27
61	2	60	22	68	34	3	27
61	2	60	27	68	34	2	40
61	2	60	29	68	34	2	1
61	2	60	30	68	34	2	60
61	2	60	32	68	34	2	21
61	2	61	2	68	34	2	56
61	2	61	3	68	34	2	56
61	2	61	7	68	34	2	17
61	2	61	8	68	34	2	7
61	2	61	11	68	34	3	0
61	2	61	14	68	34	2	54
61	2	61	15	68	34	2	44
61	2	61	19	68	34	2	5
61	2	61	20	68	34	2	5
61	2	61	24	68	34	2	44
61	2	61	25	68	34	2	54
61	2	61	28	68	34	3	0
61	2	61	31	68	34	2	7
61	2	61	32	68	34	2	17
61	2	62	0	68	34	3	34
61	2	62	2	68	34	3	34
61	2	62	7	68	34	2	21
61	2	62	8	68	34	3	inf
61	2	62	9	68	34	2	60
61	2	62	10	68	34	2	1
61	2	62	12	68	34	2	40
61	2	62	17	68	34	3	27
61	2	62	19	68	34	3	27
61	2	62	24	68	34	2	40
61	2	62	26	68	34	2	1
61	2	62	27	68	34	2	60
61	2	62	29	68	34	2	21
61	2	63	0	68	34	2	56
61	2	63	4	68	34	2	17
61	2	63	5	68	34	2	7
61	2	63	8	68	34	3	0
61	2	63	11	68	34	2	54
61	2	63	12	68	34	2	44
61	2	63	16	68	34	2	5
61	2	63	17	68	34	2	5
61	2	63	21	68	34	2	44
61	2	63	22	68	34	2	54
61	2	63	25	68	34	3	0
61	2	63	28	68	34	2	7
61	2	63	29	68	34	2	17
61	2	63	33	68	34	2	56
61	2	64	4	68	34	2	21
61	2	64	5	68	34	3	inf
61	2	64	6	68	34	2	60
61	2	64	7	68	34	2	1
61	2	64	9	68	34	2	40
61	2	64	14	68	34	3	27
61	2	64	16	68	34	3	27
61	2	64	21	68	34	2	40
61	2	64	23	68	34	2	1
61	2	64	24	68	34	2	60
61	2	64	26	68	34	2	21
61	2	64	31	68	34	3	34
61	2	64	33	68	34	3	34
61	2	65	1	68	34	2	17
61	2	65	2	68	34	2	7
61	2	65	5	68	34	3	0
61	2	65	8	68	34	2	54
61	2	65	9	68	34	2	44
61	2	65	13	68	34	2	5
61	2	65	14	68	34	2	5
61	2	65	18	68	34	2	44
61	2	65	19	68	34	2	54
61	2	65	22	68	34	3	0
61	2	65	25	68	34	2	7
61	2	65	26	68	34	2	17
61	2	65	30	68	34	2	56
61	2	65	31	68	34	2	56
61	2	66	1	68	34	2	21
61	2	66	2	68	34	3	inf
61	2	66	3	68	34	2	60
61	2	66	4	68	34	2	1
61	2	66	6	68	34	2	40
61	2	66	11	68	34	3	27
61	2	66	13	68	34	3	27
61	2	66	18	68	34	2	40
61	2	66	20	68	34	2	1
61	2	66	21	68	34	2	60
61	2	66	23	68	34	2	21
61	2	66	28	68	34	3	34
61	2	66	30	68	34	3	34
61	2	67	2	68	34	3	0
61	2	67	5	68	34	2	54
61	2	67	6	68	34	2	44
61	2	67	10	68	34	2	5
61	2	67	11	68	34	2	5
61	2	67	15	68	34	2	44
61	2	67	16	68	34	2	54
61	2	67	19	68	34	3	0
61	2	67	22	68	34	2	7
61	2	67	23	68	34	2	17
61	2	67	27	68	34	2	56
61	2	67	28	68	34	2	56
61	2	67	32	68	34	2	17
61	2	67	33	68	34	2	7
67	1	0	2	4	18	2	7
67	1	0	5	4	18	3	13
67	1	0	8	4	18	3	inf
67	1	0	11	4	18	2	60
67	1	0	14	4	18	3	54
67	1	0	17	4	18	2	60
67	1	1	1	4	18	3	53
67	1	1	10	4	18	3	14
67	1	2	0	4	18	2	10
67	1	2	1	4	18	2	57
67	1	2	9	4	18	2	57
67	1	2	10	4	18	2	10
67	1	3	0	4	18	3	14
67	1	3	9	4	18	3	53
67	2	0	2	4	18	2	60
67	2	0	5	4	18	3	54
67	2	0	8	4	18	2	60
67	2	0	11	4	18	2	7
67	2	0	14	4	18	3	13
67	2	0	17	4	18	3	inf
67	2	1	1	4	18	3	14
67	2	1	10	4	18	3	53
67	2	2	0	4	18	2	57
67	2	2	1	4	18	2	10
67	2	2	9	4	18	2	10
67	2	2	10	4	18	2	57
67	2	3	0	4	18	3	53
67	2	3	9	4	18	3	14
71	1	0	3	17	34	3	20
71	1	0	9	17	34	3	52
71	1	0	15	17	34	3	20
71	1	0	16	17	34	3	inf
71	1	0	20	17	34	3	51
71	1	0	26	17	34	3	19
71	1	0	32	17	34	3	51
71	1	1	4	17	34	3	51
71	1	1	9	17	34	3	20
71	1	1	15	17	34	3	52
71	1	1	21	17	34	3	20
71	1	1	22	17	34	3	inf
71	1	1	26	17	34	3	51
71	1	1	32	17	34	3	19
71	1	2	4	17	34	3	19
71	1	2	10	17	34	3	51
71	1	2	15	17	34	3	20
71	1	2	21	17	34	3	52
71	1	2	27	17	34	3	20
71	1	2	28	17	34	3	inf
71	1	2	32	17	34	3	51
71	1	3	0	17	34	3	inf
71	1	3	4	17	34	3	51
71	1	3	10	17	34	3	19
71	1	3	16	17	34	3	51
71	1	3	21	17	34	3	20
71	1	3	27	17	34	3	52
71	1	3	33	17	34	3	20
71	1	4	5	17	34	3	20
71	1	4	6	17	34	3	inf
71	1	4	10	17	34	3	51
71	1	4	16	17	34	3	19
71	1	4	22	17	34	3	51
71	1	4	27	17	34	3	20
71	1	4	33	17	34	3	52
71	1	5	5	17	34	3	52
71	1	5	11	17	34	3	20
71	1	5	12	17	34	3	inf
71	1	5	16	17	34	3	51
71	1	5	22	17	34	3	19
71	1	5	28	17	34	3	51
71	1	5	33	17	34	3	20
71	1	6	0	17	34	3	51
71	1	6	5	17	34	3	20
71	1	6	11	17	34	3	52
71	1	6	17	17	34	3	20
71	1	6	18	17	34	3	inf
71	1	6	22	17	34	3	51
71	1	6	28	17	34	3	19
71	1	7	0	17	34	3	19
71	1	7	6	17	34	3	51
71	1	7	11	17	34	3	20
71	1	7	17	17	34	3	52
71	1	7	23	17	34	3	20
71	1	7	24	17	34	3	inf
71	1	7	28	17	34	3	51
71	1	8	0	17	34	3	51
71	1	8	6	17	34	3	19
71	1	8	12	17	34	3	51
71	1	8	17	17	34	3	20
71	1	8	23	17	34	3	52
71	1	8	29	17	34	3	20
71	1	8	30	17	34	3	inf
71	1	9	1	17	34	3	20
71	1	9	2	17	34	3	inf
71	1	9	6	17	34	3	51
71	1	9	12	17	34	3	19
71	1	9	18	17	34	3	51
71	1	9	23	17	34	3	20
71	1	9	29	17	34	3	52
71	1	10	1	17	34	3	52
71	1	10	7	17	34	3	20
71	1	10	8	17	34	3	inf
71	1	10	12	17	34	3	51
71	1	10	18	17	34	3	19
71	1	10	24	17	34	3	51
71	1	10	29	17	34	3	20
71	1	11	1	17	34	3	20
71	1	11	7	17	34	3	52
71	1	11	13	17	34	3	20
71	1	11	14	17	34	3	inf
71	1	11	18	17	34	3	51
71	1	11	24	17	34	3	19
71	1	11	30	17	34	3	51
71	1	12	2	17	34	3	51
71	1	12	7	17	34	3	20
71	1	12	13	17	34	3	52
71	1	12	19	17	34	3	20
71	1	12	20	17	34	3	inf
71	1	12	24	17	34	3	51
71	1	12	30	17	34	3	19
71	1	13	2	17	34	3	19
71	1	13	8	17	34	3	51
71	1	13	13	17	34	3	20
71	1	13	19	17	34	3	52
71	1	13	25	17	34	3	20
71	1	13	26	17	34	3	inf
71	1	13	30	17	34	3	51
71	1	14	2	17	34	3	51
71	1	14	8	17	34	3	19
71	1	14	14	17	34	3	51
71	1	14	19	17	34	3	20
71	1	14	25	17	34	3	52
71	1	14	31	17	34	3	20
71	1	14	32	17	34	3	inf
71	1	15	3	17	34	3	20
71	1	15	4	17	34	3	inf
71	1	15	8	17	34	3	51
71	1	15	14	17	34	3	19
71	1	15	20	17	34	3	51
71	1	15	25	17	34	3	20
71	1	15	31	17	34	3	52
71	1	16	3	17	34	3	52
71	1	16	9	17	34	3	20
71	1	16	10	17	34	3	inf
71	1	16	14	17	34	3	51
71	1	16	20	17	34	3	19
71	1	16	26	17	34	3	51
71	1	16	31	17	34	3	20
71	2	0	3	17	34	3	51
71	2	0	9	17	34	3	19
71	2	0	15	17	34	3	51
71	2	0	20	17	34	3	20
71	2	0	26	17	34	3	52
71	2	0	32	17	34	3	20
71	2	0	33	17	34	3	inf
71	2	1	4	17	34	3	20
71	2	1	5	17	34	3	inf
71	2	1	9	17	34	3	51
71	2	1	15	17	34	3	19
71	2	1	21	17	34	3	51
71	2	1	26	17	34	3	20
71	2	1	32	17	34	3	52
71	2	2	4	17	34	3	52
71	2	2	10	17	34	3	20
71	2	2	11	17	34	3	inf
71	2	2	15	17	34	3	51
71	2	2	21	17	34	3	19
71	2	2	27	17	34	3	51
71	2	2	32	17	34	3	20
71	2	3	4	17	34	3	20
71	2	3	10	17	34	3	52
71	2	3	16	17	34	3	20
71	2	3	17	17	34	3	inf
71	2	3	21	17	34	3	51
71	2	3	27	17	34	3	19
71	2	3	33	17	34	3	51
71	2	4	5	17	34	3	51
71	2	4	10	17	34	3	20
71	2	4	16	17	34	3	52
71	2	4	22	17	34	3	20
71	2	4	23	17	34	3	inf
71	2	4	27	17	34	3	51
71	2	4	33	17	34	3	19
71	2	5	5	17	34	3	19
71	2	5	11	17	34	3	51
71	2	5	16	17	34	3	20
71	2	5	22	17	34	3	52
71	2	5	28	17	34	3	20
71	2	5	29	17	34	3	inf
71	2	5	33	17	34	3	51
71	2	6	0	17	34	3	20
71	2	6	1	17	34	3	inf
71	2	6	5	17	34	3	51
71	2	6	11	17	34	3	19
71	2	6	17	17	34	3	51
71	2	6	22	17	34	3	20
71	2	6	28	17	34	3	52
71	2	7	0	17	34	3	52
71	2	7	6	17	34	3	20
71	2	7	7	17	34	3	inf
71	2	7	11	17	34	3	51
71	2	7	17	17	34	3	19
71	2	7	23	17	34	3	51
71	2	7	28	17	34	3	20
71	2	8	0	17	34	3	20
71	2	8	6	17	34	3	52
71	2	8	12	17	34	3	20
71	2	8	13	17	34	3	inf
71	2	8	17	17	34	3	51
71	2	8	23	17	34	3	19
71	2	8	29	17	34	3	51
71	2	9	1	17	34	3	51
71	2	9	6	17	34	3	20
71	2	9	12	17	34	3	52
71	2	9	18	17	34	3	20
71	2	9	19	17	34	3	inf
71	2	9	23	17	34	3	51
71	2	9	29	17	34	3	19
71	2	10	1	17	34	3	19
71	2	10	7	17	34	3	51
71	2	10	12	17	34	3	20
71	2	10	18	17	34	3	52
71	2	10	24	17	34	3	20
71	2	10	25	17	34	3	inf
71	2	10	29	17	34	3	51
71	2	11	1	17	34	3	51
71	2	11	7	17	34	3	19
71	2	11	13	17	34	3	51
71	2	11	18	17	34	3	20
71	2	11	24	17	34	3	52
71	2	11	30	17	34	3	20
71	2	11	31	17	34	3	inf
71	2	12	2	17	34	3	20
71	2	12	3	17	34	3	inf
71	2	12	7	17	34	3	51
71	2	12	13	17	34	3	19
71	2	12	19	17	34	3	51
71	2	12	24	17	34	3	20
71	2	12	30	17	34	3	52
71	2	13	2	17	34	3	52
71	2	13	8	17	34	3	20
71	2	13	9	17	34	3	inf
71	2	13	13	17	34	3	51
71	2	13	19	17	34	3	19
71	2	13	25	17	34	3	51
71	2	13	30	17	34	3	20
71	2	14	2	17	34	3	20
71	2	14	8	17	34	3	52
71	2	14	14	17	34	3	20
71	2	14	15	17	34	3	inf
71	2	14	19	17	34	3	51
71	2	14	25	17	34	3	19
71	2	14	31	17	34	3	51
71	2	15	3	17	34	3	51
71	2	15	8	17	34	3	20
71	2	15	14	17	34	3	52
71	2	15	20	17	34	3	20
71	2	15	21	17	34	3	inf
71	2	15	25	17	34	3	51
71	2	15	31	17	34	3	19
71	2	16	3	17	34	3	19
71	2	16	9	17	34	3	51
71	2	16	14	17	34	3	20
71	2	16	20	17	34	3	52
71	2	16	26	17	34	3	20
71	2	16	27	17	34	3	inf
71	2	16	31	17	34	3	51
73	1	0	3	42	21	3	37
73	1	0	11	42	21	3	0
73	1	0	19	42	21	3	36
73	1	1	2	42	21	3	37
73	1	1	3	42	21	3	inf
73	1	1	7	42	21	3	36
73	1	1	15	42	21	3	0
73	1	2	6	42	21	3	36
73	1	2	11	42	21	3	37
73	1	2	19	42	21	3	0
73	1	3	2	42	21	3	0
73	1	3	10	42	21	3	37
73	1	3	11	42	21	3	inf
73	1	3	15	42	21	3	36
73	1	4	6	42	21	3	0
73	1	4	14	42	21	3	36
73	1	4	19	42	21	3	37
73	1	5	2	42	21	3	36
73	1	5	10	42	21	3	0
73	1	5	18	42	21	3	37
73	1	5	19	42	21	3	inf
73	1	6	1	42	21	3	36
73	1	6	6	42	21	3	37
73	1	6	14	42	21	3	0
73	1	7	5	42	21	3	37
73	1	7	6	42	21	3	inf
73	1	7	10	42	21	3	36
73	1	7	18	42	21	3	0
73	1	8	1	42	21	3	0
73	1	8	9	42	21	3	36
73	1	8	14	42	21	3	37
73	1	9	5	42	21	3	0
73	1	9	13	42	21	3	37
73	1	9	14	42	21	3	inf
73	1	9	18	42	21	3	36
73	1	10	1	42	21	3	37
73	1	10	9	42	21	3	0
73	1	10	17	42	21	3	36
73	1	11	0	42	21	3	37
73	1	11	1	42	21	3	inf
73	1	11	5	42	21	3	36
73	1	11	13	42	21	3	0
73	1	12	4	42	21	3	36
73	1	12	9	42	21	3	37
73	1	12	17	42	21	3	0
73	1	13	0	42	21	3	0
73	1	13	8	42	21	3	37
73	1	13	9	42	21	3	inf
73	1	13	13	42	21	3	36
73	1	14	4	42	21	3	0
73	1	14	12	42	21	3	36
73	1	14	17	42	21	3	37
73	1	15	0	42	21	3	36
73	1	15	8	42	21	3	0
73	1	15	16	42	21	3	37
73	1	15	17	42	21	3	inf
73	1	16	4	42	21	3	37
73	1	16	12	42	21	3	0
73	1	16	20	42	21	3	36
73	1	17	3	42	21	3	37
73	1	17	4	42	21	3	inf
73	1	17	8	42	21	3	36
73	1	17	16	42	21	3	0
73	1	18	7	42	21	3	36
73	1	18	12	42	21	3	37
73	1	18	20	42	21	3	0
73	1	19	3	42	21	3	0
73	1	19	11	42	21	3	37
73	1	19	12	42	21	3	inf
73	1	19	16	42	21	3	36
73	1	20	7	42	21	3	0
73	1	20	15	42	21	3	36
73	1	20	20	42	21	3	37
73	1	21	3	42	21	3	36
73	1	21	11	42	21	3	0
73	1	21	19	42	21	3	37
73	1	21	20	42	21	3	inf
73	1	22	2	42	21	3	36
73	1	22	7	42	21	3	37
73	1	22	15	42	21	3	0
73	1	23	6	42	21	3	37
73	1	23	7	42	21	3	inf
73	1	23	11	42	21	3	36
73	1	23	19	42	21	3	0
73	1	24	2	42	21	3	0
73	1	24	10	42	21	3	36
73	1	24	15	42	21	3	37
73	1	25	6	42	21	3	0
73	1	25	14	42	21	3	37
73	1	25	15	42	21	3	inf
73	1	25	19	42	21	3	36
73	1	26	2	42	21	3	37
73	1	26	10	42	21	3	0
73	1	26	18	42	21	3	36
73	1	27	1	42	21	3	37
73	1	27	2	42	21	3	inf
73	1	27	6	42	21	3	36
73	1	27	14	42	21	3	0
73	1	28	5	42	21	3	36
73	1	28	10	42	21	3	37
73	1	28	18	42	21	3	0
73	1	29	1	42	21	3	0
73	1	29	9	42	21	3	37
73	1	29	10	42	21	3	inf
73	1	29	14	42	21	3	36
73	1	30	5	42	21	3	0
73	1	30	13	42	21	3	36
73	1	30	18	42	21	3	37
73	1	31	1	42	21	3	36
73	1	31	9	42	21	3	0
73	1	31	17	42	21	3	37
73	1	31	18	42	21	3	inf
73	1	32	0	42	21	3	36
73	1	32	5	42	21	3	37
73	1	32	13	42	21	3	0
73	1	33	4	42	21	3	37
73	1	33	5	42	21	3	inf
73	1	33	9	42	21	3	36
73	1	33	17	42	21	3	0
73	1	34	0	42	21	3	0
73	1	34	8	42	21	3	36
73	1	34	13	42	21	3	37
73	1	35	4	42	21	3	0
73	1	35	12	42	21	3	37
73	1	35	13	42	21	3	inf
73	1	35	17	42	21	3	36
73	1	36	0	42	21	3	37
73	1	36	8	42	21	3	0
73	1	36	16	42	21	3	36
73	1	37	0	42	21	3	inf
73	1	37	4	42	21	3	36
73	1	37	12	42	21	3	0
73	1	37	20	42	21	3	37
73	1	38	3	42	21	3	36
73	1	38	8	42	21	3	37
73	1	38	16	42	21	3	0
73	1	39	7	42	21	3	37
73	1	39	8	42	21	3	inf
73	1	39	12	42	21	3	36
73	1	39	20	42	21	3	0
73	1	40	3	42	21	3	0
73	1	40	11	42	21	3	36
73	1	40	16	42	21	3	37
73	1	41	7	42	21	3	0
73	1	41	15	42	21	3	37
73	1	41	16	42	21	3	inf
73	1	41	20	42	21	3	36
73	2	0	3	42	21	3	36
73	2	0	11	42	21	3	0
73	2	0	19	42	21	3	37
73	2	0	20	42	21	3	inf
73	2	1	2	42	21	3	36
73	2	1	7	42	21	3	37
73	2	1	15	42	21	3	0
73	2	2	6	42	21	3	37
73	2	2	7	42	21	3	inf
73	2	2	11	42	21	3	36
73	2	2	19	42	21	3	0
73	2	3	2	42	21	3	0
73	2	3	10	42	21	3	36
73	2	3	15	42	21	3	37
73	2	4	6	42	21	3	0
73	2	4	14	42	21	3	37
73	2	4	15	42	21	3	inf
73	2	4	19	42	21	3	36
73	2	5	2	42	21	3	37
73	2	5	10	42	21	3	0
73	2	5	18	42	21	3	36
73	2	6	1	42	21	3	37
73	2	6	2	42	21	3	inf
73	2	6	6	42	21	3	36
73	2	6	14	42	21	3	0
73	2	7	5	42	21	3	36
73	2	7	10	42	21	3	37
73	2	7	18	42	21	3	0
73	2	8	1	42	21	3	0
73	2	8	9	42	21	3	37
73	2	8	10	42	21	3	inf
73	2	8	14	42	21	3	36
73	2	9	5	42	21	3	0
73	2	9	13	42	21	3	36
73	2	9	18	42	21	3	37
73	2	10	1	42	21	3	36
73	2	10	9	42	21	3	0
73	2	10	17	42	21	3	37
73	2	10	18	42	21	3	inf
73	2	11	0	42	21	3	36
73	2	11	5	42	21	3	37
73	2	11	13	42	21	3	0
73	2	12	4	42	21	3	37
73	2	12	5	42	21	3	inf
73	2	12	9	42	21	3	36
73	2	12	17	42	21	3	0
73	2	13	0	42	21	3	0
73	2	13	8	42	21	3	36
73	2	13	13	42	21	3	37
73	2	14	4	42	21	3	0
73	2	14	12	42	21	3	37
73	2	14	13	42	21	3	inf
73	2	14	17	42	21	3	36
73	2	15	0	42	21	3	37
73	2	15	8	42	21	3	0
73	2	15	16	42	21	3	36
73	2	16	0	42	21	3	inf
73	2	16	4	42	21	3	36
73	2	16	12	42	21	3	0
73	2	16	20	42	21	3	37
73	2	17	3	42	21	3	36
73	2	17	8	42	21	3	37
73	2	17	16	42	21	3	0
73	2	18	7	42	21	3	37
73	2	18	8	42	21	3	inf
73	2	18	12	42	21	3	36
73	2	18	20	42	21	3	0
73	2	19	3	42	21	3	0
73	2	19	11	42	21	3	36
73	2	19	16	42	21	3	37
73	2	20	7	42	21	3	0
73	2	20	15	42	21	3	37
73	2	20	16	42	21	3	inf
73	2	20	20	42	21	3	36
73	2	21	3	42	21	3	37
73	2	21	11	42	21	3	0
73	2	21	19	42	21	3	36
73	2	22	2	42	21	3	37
73	2	22	3	42	21	3	inf
73	2	22	7	42	21	3	36
73	2	22	15	42	21	3	0
73	2	23	6	42	21	3	36
73	2	23	11	42	21	3	37
73	2	23	19	42	21	3	0
73	2	24	2	42	21	3	0
73	2	24	10	42	21	3	37
73	2	24	11	42	21	3	inf
73	2	24	15	42	21	3	36
73	2	25	6	42	21	3	0
73	2	25	14	42	21	3	36
73	2	25	19	42	21	3	37
73	2	26	2	42	21	3	36
73	2	26	10	42	21	3	0
73	2	26	18	42	21	3	37
73	2	26	19	42	21	3	inf
73	2	27	1	42	21	3	36
73	2	27	6	42	21	3	37
73	2	27	14	42	21	3	0
73	2	28	5	42	21	3	37
73	2	28	6	42	21	3	inf
73	2	28	10	42	21	3	36
73	2	28	18	42	21	3	0
73	2	29	1	42	21	3	0
73	2	29	9	42	21	3	36
73	2	29	14	42	21	3	37
73	2	30	5	42	21	3	0
73	2	30	13	42	21	3	37
73	2	30	14	42	21	3	inf
73	2	30	18	42	21	3	36
73	2	31	1	42	21	3	37
73	2	31	9	42	21	3	0
73	2	31	17	42	21	3	36
73	2	32	0	42	21	3	37
73	2	32	1	42	21	3	inf
73	2	32	5	42	21	3	36
73	2	32	13	42	21	3	0
73	2	33	4	42	21	3	36
73	2	33	9	42	21	3	37
73	2	33	17	42	21	3	0
73	2	34	0	42	21	3	0
73	2	34	8	42	21	3	37
73	2	34	9	42	21	3	inf
73	2	34	13	42	21	3	36
73	2	35	4	42	21	3	0
73	2	35	12	42	21	3	36
73	2	35	17	42	21	3	37
73	2	36	0	42	21	3	36
73	2	36	8	42	21	3	0
73	2	36	16	42	21	3	37
73	2	36	17	42	21	3	inf
73	2	37	4	42	21	3	37
73	2	37	12	42	21	3	0
73	2	37	20	42	21	3	36
73	2	38	3	42	21	3	37
73	2	38	4	42	21	3	inf
73	2	38	8	42	21	3	36
73	2	38	16	42	21	3	0
73	2	39	7	42	21	3	36
73	2	39	12	42	21	3	37
73	2	39	20	42	21	3	0
73	2	40	3	42	21	3	0
73	2	40	11	42	21	3	37
73	2	40	12	42	21	3	inf
73	2	40	16	42	21	3	36
73	2	41	7	42	21	3	0
73	2	41	15	42	21	3	36
73	2	41	20	42	21	3	37
79	1	0	3	32	8	3	inf
79	1	1	0	32	8	2	62
79	1	1	2	32	8	3	45
79	1	1	4	32	8	2	17
79	1	1	6	32	8	3	34
79	1	2	0	32	8	2	44
79	1	2	1	32	8	3	15
79	1	2	2	32	8	2	44
79	1	2	3	32	8	3	inf
79	1	2	4	32	8	2	35
79	1	2	5	32	8	3	64
79	1	2	6	32	8	2	35
79	1	2	7	32	8	3	inf
79	1	3	0	32	8	3	45
79	1	3	2	32	8	2	62
79	1	3	4	32	8	3	34
79	1	3	6	32	8	2	17
79	1	4	0	32	8	3	inf
79	1	5	1	32	8	2	17
79	1	5	3	32	8	3	34
79	1	5	5	32	8	2	62
79	1	5	7	32	8	3	45
79	1	6	0	32	8	3	inf
79	1	6	1	32	8	2	35
79	1	6	2	32	8	3	64
79	1	6	3	32	8	2	35
79	1	6	4	32	8	3	inf
79	1	6	5	32	8	2	44
79	1	6	6	32	8	3	15
79	1	6	7	32	8	2	44
79	1	7	1	32	8	3	34
79	1	7	3	32	8	2	17
79	1	7	5	32	8	3	45
79	1	7	7	32	8	2	62
79	1	8	5	32	8	3	inf
79	1	9	0	32	8	3	34
79	1	9	2	32	8	2	62
79	1	9	4	32	8	3	45
79	1	9	6	32	8	2	17
79	1	10	0	32	8	2	35
79	1	10	1	32	8	3	inf
79	1	10	2	32	8	2	44
79	1	10	3	32	8	3	15
79	1	10	4	32	8	2	44
79	1	10	5	32	8	3	inf
79	1	10	6	32	8	2	35
79	1	10	7	32	8	3	64
79	1	11	0	32	8	2	17
79	1	11	2	32	8	3	45
79	1	11	4	32	8	2	62
79	1	11	6	32	8	3	34
79	1	12	2	32	8	3	inf
79	1	13	1	32	8	3	45
79	1	13	3	32	8	2	17
79	1	13	5	32	8	3	34
79	1	13	7	32	8	2	62
79	1	14	0	32	8	3	15
79	1	14	1	32	8	2	44
79	1	14	2	32	8	3	inf
79	1	14	3	32	8	2	35
79	1	14	4	32	8	3	64
79	1	14	5	32	8	2	35
79	1	14	6	32	8	3	inf
79	1	14	7	32	8	2	44
79	1	15	1	32	8	2	62
79	1	15	3	32	8	3	34
79	1	15	5	32	8	2	17
79	1	15	7	32	8	3	45
79	1	16	7	32	8	3	inf
79	1	17	0	32	8	2	17
79	1	17	2	32	8	3	34
79	1	17	4	32	8	2	62
79	1	17	6	32	8	3	45
79	1	18	0	32	8	2	35
79	1	18	1	32	8	3	64
79	1	18	2	32	8	2	35
79	1	18	3	32	8	3	inf
79	1	18	4	32	8	2	44
79	1	18	5	32	8	3	15
79	1	18	6	32	8	2	44
79	1	18	7	32	8	3	inf
79	1	19	0	32	8	3	34
79	1	19	2	32	8	2	17
79	1	19	4	32	8	3	45
79	1	19	6	32	8	2	62
79	1	20	4	32	8	3	inf
79	1	21	1	32	8	2	62
79	1	21	3	32	8	3	45
79	1	21	5	32	8	2	17
79	1	21	7	32	8	3	34
79	1	22	0	32	8	3	inf
79	1	22	1	32	8	2	44
79	1	22	2	32	8	3	15
79	1	22	3	32	8	2	44
79	1	22	4	32	8	3	inf
79	1	22	5	32	8	2	35
79	1	22	6	32	8	3	64
79	1	22	7	32	8	2	35
79	1	23	1	32	8	3	45
79	1	23	3	32	8	2	62
79	1	23	5	32	8	3	34
79	1	23	7	32	8	2	17
79	1	24	1	32	8	3	inf
79	1	25	0	32	8	3	45
79	1	25	2	32	8	2	17
79	1	25	4	32	8	3	34
79	1	25	6	32	8	2	62
79	1	26	0	32	8	2	44
79	1	26	1	32	8	3	inf
79	1	26	2	32	8	2	35
79	1	26	3	32	8	3	64
79	1	26	4	32	8	2	35
79	1	26	5	32	8	3	inf
79	1	26	6	32	8	2	44
79	1	26	7	32	8	3	15
79	1	27	0	32	8	2	62
79	1	27	2	32	8	3	34
79	1	27	4	32	8	2	17
79	1	27	6	32	8	3	45
79	1	28	6	32	8	3	inf
79	1	29	1	32	8	3	34
79	1	29	3	32	8	2	62
79	1	29	5	32	8	3	45
79	1	29	7	32	8	2	17
79	1	30	0	32	8	3	64
79	1	30	1	32	8	2	35
79	1	30	2	32	8	3	inf
79	1	30	3	32	8	2	44
79	1	30	4	32	8	3	15
79	1	30	5	32	8	2	44
79	1	30	6	32	8	3	inf
79	1	30	7	32	8	2	35
79	1	31	1	32	8	2	17
79	1	31	3	32	8	3	45
79	1	31	5	32	8	2	62
79	1	31	7	32	8	3	34
79	2	0	7	32	8	3	inf
79	2	1	0	32	8	2	17
79	2	1	2	32	8	3	34
79	2	1	4	32	8	2	62
79	2	1	6	32	8	3	45
79	2	2	0	32	8	2	35
79	2	2	1	32	8	3	64
79	2	2	2	32	8	2	35
79	2	2	3	32	8	3	inf
79	2	2	4	32	8	2	44
79	2	2	5	32	8	3	15
79	2	2	6	32	8	2	44
79	2	2	7	32	8	3	inf
79	2	3	0	32	8	3	34
79	2	3	2	32	8	2	17
79	2	3	4	32	8	3	45
79	2	3	6	32	8	2	62
79	2	4	4	32	8	3	inf
79	2	5	1	32	8	2	62
79	2	5	3	32	8	3	45
79	2	5	5	32	8	2	17
79	2	5	7	32	8	3	34
79	2	6	0	32	8	3	inf
79	2	6	1	32	8	2	44
79	2	6	2	32	8	3	15
79	2	6	3	32	8	2	44
79	2	6	4	32	8	3	inf
79	2	6	5	32	8	2	35
79	2	6	6	32	8	3	64
79	2	6	7	32	8	2	35
79	2	7	1	32	8	3	45
79	2	7	3	32	8	2	62
79	2	7	5	32	8	3	34
79	2	7	7	32	8	2	17
79	2	8	1	32	8	3	inf
79	2	9	0	32	8	3	45
79	2	9	2	32	8	2	17
79	2	9	4	32	8	3	34
79	2	9	6	32	8	2	62
79	2	10	0	32	8	2	44
79	2	10	1	32	8	3	inf
79	2	10	2	32	8	2	35
79	2	10	3	32	8	3	64
79	2	10	4	32	8	2	35
79	2	10	5	32	8	3	inf
79	2	10	6	32	8	2	44
79	2	10	7	32	8	3	15
79	2	11	0	32	8	2	62
79	2	11	2	32	8	3	34
79	2	11	4	32	8	2	17
79	2	11	6	32	8	3	45
79	2	12	6	32	8	3	inf
79	2	13	1	32	8	3	34
79	2	13	3	32	8	2	62
79	2	13	5	32	8	3	45
79	2	13	7	32	8	2	17
79	2	14	0	32	8	3	64
79	2	14	1	32	8	2	35
79	2	14	2	32	8	3	inf
79	2	14	3	32	8	2	44
79	2	14	4	32	8	3	15
79	2	14	5	32	8	2	44
79	2	14	6	32	8	3	inf
79	2	14	7	32	8	2	35
79	2	15	1	32	8	2	17
79	2	15	3	32	8	3	45
79	2	15	5	32	8	2	62
79	2	15	7	32	8	3	34
79	2	16	3	32	8	3	inf
79	2	17	0	32	8	2	62
79	2	17	2	32	8	3	45
79	2	17	4	32	8	2	17
79	2	17	6	32	8	3	34
79	2	18	0	32	8	2	44
79	2	18	1	32	8	3	15
79	2	18	2	32	8	2	44
79	2	18	3	32	8	3	inf
79	2	18	4	32	8	2	35
79	2	18	5	32	8	3	64
79	2	18	6	32	8	2	35
79	2	18	7	32	8	3	inf
79	2	19	0	32	8	3	45
79	2	19	2	32	8	2	62
79	2	19	4	32	8	3	34
79	2	19	6	32	8	2	17
79	2	20	0	32	8	3	inf
79	2	21	1	32	8	2	17
79	2	21	3	32	8	3	34
79	2	21	5	32	8	2	62
79	2	21	7	32	8	3	45
79	2	22	0	32	8	3	inf
79	2	22	1	32	8	2	35
79	2	22	2	32	8	3	64
79	2	22	3	32	8	2	35
79	2	22	4	32	8	3	inf
79	2	22	5	32	8	2	44
79	2	22	6	32	8	3	15
79	2	22	7	32	8	2	44
79	2	23	1	32	8	3	34
79	2	23	3	32	8	2	17
79	2	23	5	32	8	3	45
79	2	23	7	32	8	2	62
79	2	24	5	32	8	3	inf
79	2	25	0	32	8	3	34
79	2	25	2	32	8	2	62
79	2	25	4	32	8	3	45
79	2	25	6	32	8	2	17
79	2	26	0	32	8	2	35
79	2	26	1	32	8	3	inf
79	2	26	2	32	8	2	44
79	2	26	3	32	8	3	15
79	2	26	4	32	8	2	44
79	2	26	5	32	8	3	inf
79	2	26	6	32	8	2	35
79	2	26	7	32	8	3	64
79	2	27	0	32	8	2	17
79	2	27	2	32	8	3	45
79	2	27	4	32	8	2	62
79	2	27	6	32	8	3	34
79	2	28	2	32	8	3	inf
79	2	29	1	32	8	3	45
79	2	29	3	32	8	2	17
79	2	29	5	32	8	3	34
79	2	29	7	32	8	2	62
79	2	30	0	32	8	3	15
79	2	30	1	32	8	2	44
79	2	30	2	32	8	3	inf
79	2	30	3	32	8	2	35
79	2	30	4	32	8	3	64
79	2	30	5	32	8	2	35
79	2	30	6	32	8	3	inf
79	2	30	7	32	8	2	44
79	2	31	1	32	8	2	62
79	2	31	3	32	8	3	34
79	2	31	5	32	8	2	17
79	2	31	7	32	8	3	45
83	1	0	2	44	44	3	7
83	1	0	7	44	44	2	61
83	1	0	10	44	44	3	2
83	1	0	13	44	44	3	2
83	1	0	16	44	44	2	61
83	1	0	21	44	44	3	inf
83	1	0	24	44	44	3	76
83	1	0	29	44	44	2	22
83	1	0	32	44	44	3	81
83	1	0	35	44	44	3	81
83	1	0	38	44	44	2	22
83	1	0	43	44	44	3	76
83	1	1	0	44	44	2	32
83	1	1	2	44	44	2	35
83	1	1	17	44	44	2	48
83	1	1	19	44	44	2	51
83	1	1	22	44	44	2	51
83	1	1	24	44	44	2	48
83	1	1	39	44	44	2	35
83	1	1	41	44	44	2	32
83	1	2	3	44	44	2	22
83	1	2	6	44	44	3	81
83	1	2	9	44	44	3	81
83	1	2	12	44	44	2	22
83	1	2	17	44	44	3	76
83	1	2	20	44	44	3	7
83	1	2	25	44	44	2	61
83	1	2	28	44	44	3	2
83	1	2	31	44	44	3	2
83	1	2	34	44	44	2	61
83	1	2	39	44	44	3	inf
83	1	2	42	44	44	3	76
83	1	3	13	44	44	2	35
83	1	3	15	44	44	2	32
83	1	3	18	44	44	2	32
83	1	3	20	44	44	2	35
83	1	3	35	44	44	2	48
83	1	3	37	44	44	2	51
83	1	3	40	44	44	2	51
83	1	3	42	44	44	2	48
83	1	4	2	44	44	3	2
83	1	4	5	44	44	3	2
83	1	4	8	44	44	2	61
83	1	4	13	44	44	3	inf
83	1	4	16	44	44	3	76
83	1	4	21	44	44	2	22
83	1	4	24	44	44	3	81
83	1	4	27	44	44	3	81
83	1	4	30	44	44	2	22
83	1	4	35	44	44	3	76
83	1	4	38	44	44	3	7
83	1	4	43	44	44	2	61
83	1	5	9	44	44	2	48
83	1	5	11	44	44	2	51
83	1	5	14	44	44	2	51
83	1	5	16	44	44	2	48
83	1	5	31	44	44	2	35
83	1	5	33	44	44	2	32
83	1	5	36	44	44	2	32
83	1	5	38	44	44	2	35
83	1	6	1	44	44	3	81
83	1	6	4	44	44	2	22
83	1	6	9	44	44	3	76
83	1	6	12	44	44	3	7
83	1	6	17	44	44	2	61
83	1	6	20	44	44	3	2
83	1	6	23	44	44	3	2
83	1	6	26	44	44	2	61
83	1	6	31	44	44	3	inf
83	1	6	34	44	44	3	76
83	1	6	39	44	44	2	22
83	1	6	42	44	44	3	81
83	1	7	5	44	44	2	35
83	1	7	7	44	44	2	32
83	1	7	10	44	44	2	32
83	1	7	12	44	44	2	35
83	1	7	27	44	44	2	48
83	1	7	29	44	44	2	51
83	1	7	32	44	44	2	51
83	1	7	34	44	44	2	48
83	1	8	0	44	44	2	61
83	1	8	5	44	44	3	inf
83	1	8	8	44	44	3	76
83	1	8	13	44	44	2	22
83	1	8	16	44	44	3	81
83	1	8	19	44	44	3	81
83	1	8	22	44	44	2	22
83	1	8	27	44	44	3	76
83	1	8	30	44	44	3	7
83	1	8	35	44	44	2	61
83	1	8	38	44	44	3	2
83	1	8	41	44	44	3	2
83	1	9	1	44	44	2	48
83	1	9	3	44	44	2	51
83	1	9	6	44	44	2	51
83	1	9	8	44	44	2	48
83	1	9	23	44	44	2	35
83	1	9	25	44	44	2	32
83	1	9	28	44	44	2	32
83	1	9	30	44	44	2	35
83	1	10	1	44	44	3	76
83	1	10	4	44	44	3	7
83	1	10	9	44	44	2	61
83	1	10	12	44	44	3	2
83	1	10	15	44	44	3	2
83	1	10	18	44	44	2	61
83	1	10	23	44	44	3	inf
83	1	10	26	44	44	3	76
83	1	10	31	44	44	2	22
83	1	10	34	44	44	3	81
83	1	10	37	44	44	3	81
83	1	10	40	44	44	2	22
83	1	11	2	44	44	2	32
83	1	11	4	44	44	2	35
83	1	11	19	44	44	2	48
83	1	11	21	44	44	2	51
83	1	11	24	44	44	2	51
83	1	11	26	44	44	2	48
83	1	11	41	44	44	2	35
83	1	11	43	44	44	2	32
83	1	12	0	44	44	3	76
83	1	12	5	44	44	2	22
83	1	12	8	44	44	3	81
83	1	12	11	44	44	3	81
83	1	12	14	44	44	2	22
83	1	12	19	44	44	3	76
83	1	12	22	44	44	3	7
83	1	12	27	44	44	2	61
83	1	12	30	44	44	3	2
83	1	12	33	44	44	3	2
83	1	12	36	44	44	2	61
83	1	12	41	44	44	3	inf
83	1	13	0	44	44	2	48
83	1	13	15	44	44	2	35
83	1	13	17	44	44	2	32
83	1	13	20	44	44	2	32
83	1	13	22	44	44	2	35
83	1	13	37	44	44	2	48
83	1	13	39	44	44	2	51
83	1	13	42	44	44	2	51
83	1	14	1	44	44	2	61
83	1	14	4	44	44	3	2
83	1	14	7	44	44	3	2
83	1	14	10	44	44	2	61
83	1	14	15	44	44	3	inf
83	1	14	18	44	44	3	76
83	1	14	23	44	44	2	22
83	1	14	26	44	44	3	81
83	1	14	29	44	44	3	81
83	1	14	32	44	44	2	22
83	1	14	37	44	44	3	76
83	1	14	40	44	44	3	7
83	1	15	11	44	44	2	48
83	1	15	13	44	44	2	51
83	1	15	16	44	44	2	51
83	1	15	18	44	44	2	48
83	1	15	33	44	44	2	35
83	1	15	35	44	44	2	32
83	1	15	38	44	44	2	32
83	1	15	40	44	44	2	35
83	1	16	0	44	44	3	81
83	1	16	3	44	44	3	81
83	1	16	6	44	44	2	22
83	1	16	11	44	44	3	76
83	1	16	14	44	44	3	7
83	1	16	19	44	44	2	61
83	1	16	22	44	44	3	2
83	1	16	25	44	44	3	2
83	1	16	28	44	44	2	61
83	1	16	33	44	44	3	inf
83	1	16	36	44	44	3	76
83	1	16	41	44	44	2	22
83	1	17	7	44	44	2	35
83	1	17	9	44	44	2	32
83	1	17	12	44	44	2	32
83	1	17	14	44	44	2	35
83	1	17	29	44	44	2	48
83	1	17	31	44	44	2	51
83	1	17	34	44	44	2	51
83	1	17	36	44	44	2	48
83	1	18	2	44	44	2	61
83	1	18	7	44	44	3	inf
83	1	18	10	44	44	3	76
83	1	18	15	44	44	2	22
83	1	18	18	44	44	3	81
83	1	18	21	44	44	3	81
83	1	18	24	44	44	2	22
83	1	18	29	44	44	3	76
83	1	18	32	44	44	3	7
83	1	18	37	44	44	2	61
83	1	18	40	44	44	3	2
83	1	18	43	44	44	3	2
83	1	19	3	44	44	2	48
83	1	19	5	44	44	2	51
83	1	19	8	44	44	2	51
83	1	19	10	44	44	2	48
83	1	19	25	44	44	2	35
83	1	19	27	44	44	2	32
83	1	19	30	44	44	2	32
83	1	19	32	44	44	2	35
83	1	20	3	44	44	3	76
83	1	20	6	44	44	3	7
83	1	20	11	44	44	2	61
83	1	20	14	44	44	3	2
83	1	20	17	44	44	3	2
83	1	20	20	44	44	2	61
83	1	20	25	44	44	3	inf
83	1	20	28	44	44	3	76
83	1	20	33	44	44	2	22
83	1	20	36	44	44	3	81
83	1	20	39	44	44	3	81
83	1	20	42	44	44	2	22
83	1	21	1	44	44	2	32
83	1	21	4	44	44	2	32
83	1	21	6	44	44	2	35
83	1	21	21	44	44	2	48
83	1	21	23	44	44	2	51
83	1	21	26	44	44	2	51
83	1	21	28	44	44	2	48
83	1	21	43	44	44	2	35
83	1	22	2	44	44	3	76
83	1	22	7	44	44	2	22
83	1	22	10	44	44	3	81
83	1	22	13	44	44	3	81
83	1	22	16	44	44	2	22
83	1	22	21	44	44	3	76
83	1	22	24	44	44	3	7
83	1	22	29	44	44	2	61
83	1	22	32	44	44	3	2
83	1	22	35	44	44	3	2
83	1	22	38	44	44	2	61
83	1	22	43	44	44	3	inf
83	1	23	0	44	44	2	51
83	1	23	2	44	44	2	48
83	1	23	17	44	44	2	35
83	1	23	19	44	44	2	32
83	1	23	22	44	44	2	32
83	1	23	24	44	44	2	35
83	1	23	39	44	44	2	48
83	1	23	41	44	44	2	51
83	1	24	3	44	44	2	61
83	1	24	6	44	44	3	2
83	1	24	9	44	44	3	2
83	1	24	12	44	44	2	61
83	1	24	17	44	44	3	inf
83	1	24	20	44	44	3	76
83	1	24	25	44	44	2	22
83	1	24	28	44	44	3	81
83	1	24	31	44	44	3	81
83	1	24	34	44	44	2	22
83	1	24	39	44	44	3	76
83	1	24	42	44	44	3	7
83	1	25	13	44	44	2	48
83	1	25	15	44	44	2	51
83	1	25	18	44	44	2	51
83	1	25	20	44	44	2	48
83	1	25	35	44	44	2	35
83	1	25	37	44	44	2	32
83	1	25	40	44	44	2	32
83	1	25	42	44	44	2	35
83	1	26	2	44	44	3	81
83	1	26	5	44	44	3	81
83	1	26	8	44	44	2	22
83	1	26	13	44	44	3	76
83	1	26	16	44	44	3	7
83	1	26	21	44	44	2	61
83	1	26	24	44	44	3	2
83	1	26	27	44	44	3	2
83	1	26	30	44	44	2	61
83	1	26	35	44	44	3	inf
83	1	26	38	44	44	3	76
83	1	26	43	44	44	2	22
83	1	27	9	44	44	2	35
83	1	27	11	44	44	2	32
83	1	27	14	44	44	2	32
83	1	27	16	44	44	2	35
83	1	27	31	44	44	2	48
83	1	27	33	44	44	2	51
83	1	27	36	44	44	2	51
83	1	27	38	44	44	2	48
83	1	28	1	44	44	3	2
83	1	28	4	44	44	2	61
83	1	28	9	44	44	3	inf
83	1	28	12	44	44	3	76
83	1	28	17	44	44	2	22
83	1	28	20	44	44	3	81
83	1	28	23	44	44	3	81
83	1	28	26	44	44	2	22
83	1	28	31	44	44	3	76
83	1	28	34	44	44	3	7
83	1	28	39	44	44	2	61
83	1	28	42	44	44	3	2
83	1	29	5	44	44	2	48
83	1	29	7	44	44	2	51
83	1	29	10	44	44	2	51
83	1	29	12	44	44	2	48
83	1	29	27	44	44	2	35
83	1	29	29	44	44	2	32
83	1	29	32	44	44	2	32
83	1	29	34	44	44	2	35
83	1	30	0	44	44	2	22
83	1	30	5	44	44	3	76
83	1	30	8	44	44	3	7
83	1	30	13	44	44	2	61
83	1	30	16	44	44	3	2
83	1	30	19	44	44	3	2
83	1	30	22	44	44	2	61
83	1	30	27	44	44	3	inf
83	1	30	30	44	44	3	76
83	1	30	35	44	44	2	22
83	1	30	38	44	44	3	81
83	1	30	41	44	44	3	81
83	1	31	1	44	44	2	35
83	1	31	3	44	44	2	32
83	1	31	6	44	44	2	32
83	1	31	8	44	44	2	35
83	1	31	23	44	44	2	48
83	1	31	25	44	44	2	51
83	1	31	28	44	44	2	51
83	1	31	30	44	44	2	48
83	1	32	1	44	44	3	inf
83	1	32	4	44	44	3	76
83	1	32	9	44	44	2	22
83	1	32	12	44	44	3	81
83	1	32	15	44	44	3	81
83	1	32	18	44	44	2	22
83	1	32	23	44	44	3	76
83	1	32	26	44	44	3	7
83	1	32	31	44	44	2	61
83	1	32	34	44	44	3	2
83	1	32	37	44	44	3	2
83	1	32	40	44	44	2	61
83	1	33	2	44	44	2	51
83	1	33	4	44	44	2	48
83	1	33	19	44	44	2	35
83	1	33	21	44	44	2	32
83	1	33	24	44	44	2	32
83	1	33	26	44	44	2	35
83	1	33	41	44	44	2	48
83	1	33	43	44	44	2	51
83	1	34	0	44	44	3	7
83	1	34	5	44	44	2	61
83	1	34	8	44	44	3	2
83	1	34	11	44	44	3	2
83	1	34	14	44	44	2	61
83	1	34	19	44	44	3	inf
83	1	34	22	44	44	3	76
83	1	34	27	44	44	2	22
83	1	34	30	44	44	3	81
83	1	34	33	44	44	3	81
83	1	34	36	44	44	2	22
83	1	34	41	44	44	3	76
83	1	35	0	44	44	2	35
83	1	35	15	44	44	2	48
83	1	35	17	44	44	2	51
83	1	35	20	44	44	2	51
83	1	35	22	44	44	2	48
83	1	35	37	44	44	2	35
83	1	35	39	44	44	2	32
83	1	35	42	44	44	2	32
83	1	36	1	44	44	2	22
83	1	36	4	44	44	3	81
83	1	36	7	44	44	3	81
83	1	36	10	44	44	2	22
83	1	36	15	44	44	3	76
83	1	36	18	44	44	3	7
83	1	36	23	44	44	2	61
83	1	36	26	44	44	3	2
83	1	36	29	44	44	3	2
83	1	36	32	44	44	2	61
83	1	36	37	44	44	3	inf
83	1	36	40	44	44	3	76
83	1	37	11	44	44	2	35
83	1	37	13	44	44	2	32
83	1	37	16	44	44	2	32
83	1	37	18	44	44	2	35
83	1	37	33	44	44	2	48
83	1	37	35	44	44	2	51
83	1	37	38	44	44	2	51
83	1	37	40	44	44	2	48
83	1	38	0	44	44	3	2
83	1	38	3	44	44	3	2
83	1	38	6	44	44	2	61
83	1	38	11	44	44	3	inf
83	1	38	14	44	44	3	76
83	1	38	19	44	44	2	22
83	1	38	22	44	44	3	81
83	1	38	25	44	44	3	81
83	1	38	28	44	44	2	22
83	1	38	33	44	44	3	76
83	1	38	36	44	44	3	7
83	1	38	41	44	44	2	61
83	1	39	7	44	44	2	48
83	1	39	9	44	44	2	51
83	1	39	12	44	44	2	51
83	1	39	14	44	44	2	48
83	1	39	29	44	44	2	35
83	1	39	31	44	44	2	32
83	1	39	34	44	44	2	32
83	1	39	36	44	44	2	35
83	1	40	2	44	44	2	22
83	1	40	7	44	44	3	76
83	1	40	10	44	44	3	7
83	1	40	15	44	44	2	61
83	1	40	18	44	44	3	2
83	1	40	21	44	44	3	2
83	1	40	24	44	44	2	61
83	1	40	29	44	44	3	inf
83	1	40	32	44	44	3	76
83	1	40	37	44	44	2	22
83	1	40	40	44	44	3	81
83	1	40	43	44	44	3	81
83	1	41	3	44	44	2	35
83	1	41	5	44	44	2	32
83	1	41	8	44	44	2	32
83	1	41	10	44	44	2	35
83	1	41	25	44	44	2	48
83	1	41	27	44	44	2	51
83	1	41	30	44	44	2	51
83	1	41	32	44	44	2	48
83	1	42	3	44	44	3	inf
83	1	42	6	44	44	3	76
83	1	42	11	44	44	2	22
83	1	42	14	44	44	3	81
83	1	42	17	44	44	3	81
83	1	42	20	44	44	2	22
83	1	42	25	44	44	3	76
83	1	42	28	44	44	3	7
83	1	42	33	44	44	2	61
83	1	42	36	44	44	3	2
83	1	42	39	44	44	3	2
83	1	42	42	44	44	2	61
83	1	43	1	44	44	2	51
83	1	43	4	44	44	2	51
83	1	43	6	44	44	2	48
83	1	43	21	44	44	2	35
83	1	43	23	44	44	2	32
83	1	43	26	44	44	2	32
83	1	43	28	44	44	2	35
83	1	43	43	44	44	2	48
83	2	0	2	44	44	3	76
83	2	0	7	44	44	2	22
83	2	0	10	44	44	3	81
83	2	0	13	44	44	3	81
83	2	0	16	44	44	2	22
83	2	0	21	44	44	3	76
83	2	0	24	44	44	3	7
83	2	0	29	44	44	2	61
83	2	0	32	44	44	3	2
83	2	0	35	44	44	3	2
83	2	0	38	44	44	2	61
83	2	0	43	44	44	3	inf
83	2	1	0	44	44	2	51
83	2	1	2	44	44	2	48
83	2	1	17	44	44	2	35
83	2	1	19	44	44	2	32
83	2	1	22	44	44	2	32
83	2	1	24	44	44	2	35
83	2	1	39	44	44	2	48
83	2	1	41	44	44	2	51
83	2	2	3	44	44	2	61
83	2	2	6	44	44	3	2
83	2	2	9	44	44	3	2
83	2	2	12	44	44	2	61
83	2	2	17	44	44	3	inf
83	2	2	20	44	44	3	76
83	2	2	25	44	44	2	22
83	2	2	28	44	44	3	81
83	2	2	31	44	44	3	81
83	2	2	34	44	44	2	22
83	2	2	39	44	44	3	76
83	2	2	42	44	44	3	7
83	2	3	13	44	44	2	48
83	2	3	15	44	44	2	51
83	2	3	18	44	44	2	51
83	2	3	20	44	44	2	48
83	2	3	35	44	44	2	35
83	2	3	37	44	44	2	32
83	2	3	40	44	44	2	32
83	2	3	42	44	44	2	35
83	2	4	2	44	44	3	81
83	2	4	5	44	44	3	81
83	2	4	8	44	44	2	22
83	2	4	13	44	44	3	76
83	2	4	16	44	44	3	7
83	2	4	21	44	44	2	61
83	2	4	24	44	44	3	2
83	2	4	27	44	44	3	2
83	2	4	30	44	44	2	61
83	2	4	35	44	44	3	inf
83	2	4	38	44	44	3	76
83	2	4	43	44	44	2	22
83	2	5	9	44	44	2	35
83	2	5	11	44	44	2	32
83	2	5	14	44	44	2	32
83	2	5	16	44	44	2	35
83	2	5	31	44	44	2	48
83	2	5	33	44	44	2	51
83	2	5	36	44	44	2	51
83	2	5	38	44	44	2	48
83	2	6	1	44	44	3	2
83	2	6	4	44	44	2	61
83	2	6	9	44	44	3	inf
83	2	6	12	44	44	3	76
83	2	6	17	44	44	2	22
83	2	6	20	44	44	3	81
83	2	6	23	44	44	3	81
83	2	6	26	44	44	2	22
83	2	6	31	44	44	3	76
83	2	6	34	44	44	3	7
83	2	6	39	44	44	2	61
83	2	6	42	44	44	3	2
83	2	7	5	44	44	2	48
83	2	7	7	44	44	2	51
83	2	7	10	44	44	2	51
83	2	7	12	44	44	2	48
83	2	7	27	44	44	2	35
83	2	7	29	44	44	2	32
83	2	7	32	44	44	2	32
83	2	7	34	44	44	2	35
83	2	8	0	44	44	2	22
83	2	8	5	44	44	3	76
83	2	8	8	44	44	3	7
83	2	8	13	44	44	2	61
83	2	8	16	44	44	3	2
83	2	8	19	44	44	3	2
83	2	8	22	44	44	2	61
83	2	8	27	44	44	3	inf
83	2	8	30	44	44	3	76
83	2	8	35	44	44	2	22
83	2	8	38	44	44	3	81
83	2	8	41	44	44	3	81
83	2	9	1	44	44	2	35
83	2	9	3	44	44	2	32
83	2	9	6	44	44	2	32
83	2	9	8	44	44	2	35
83	2	9	23	44	44	2	48
83	2	9	25	44	44	2	51
83	2	9	28	44	44	2	51
83	2	9	30	44	44	2	48
83	2	10	1	44	44	3	inf
83	2	10	4	44	44	3	76
83	2	10	9	44	44	2	22
83	2	10	12	44	44	3	81
83	2	10	15	44	44	3	81
83	2	10	18	44	44	2	22
83	2	10	23	44	44	3	76
83	2	10	26	44	44	3	7
83	2	10	31	44	44	2	61
83	2	10	34	44	44	3	2
83	2	10	37	44	44	3	2
83	2	10	40	44	44	2	61
83	2	11	2	44	44	2	51
83	2	11	4	44	44	2	48
83	2	11	19	44	44	2	35
83	2	11	21	44	44	2	32
83	2	11	24	44	44	2	32
83	2	11	26	44	44	2	35
83	2	11	41	44	44	2	48
83	2	11	43	44	44	2	51
83	2	12	0	44	44	3	7
83	2	12	5	44	44	2	61
83	2	12	8	44	44	3	2
83	2	12	11	44	44	3	2
83	2	12	14	44	44	2	61
83	2	12	19	44	44	3	inf
83	2	12	22	44	44	3	76
83	2	12	27	44	44	2	22
83	2	12	30	44	44	3	81
83	2	12	33	44	44	3	81
83	2	12	36	44	44	2	22
83	2	12	41	44	44	3	76
83	2	13	0	44	44	2	35
83	2	13	15	44	44	2	48
83	2	13	17	44	44	2	51
83	2	13	20	44	44	2	51
83	2	13	22	44	44	2	48
83	2	13	37	44	44	2	35
83	2	13	39	44	44	2	32
83	2	13	42	44	44	2	32
83	2	14	1	44	44	2	22
83	2	14	4	44	44	3	81
83	2	14	7	44	44	3	81
83	2	14	10	44	44	2	22
83	2	14	15	44	44	3	76
83	2	14	18	44	44	3	7
83	2	14	23	44	44	2	61
83	2	14	26	44	44	3	2
83	2	14	29	44	44	3	2
83	2	14	32	44	44	2	61
83	2	14	37	44	44	3	inf
83	2	14	40	44	44	3	76
83	2	15	11	44	44	2	35
83	2	15	13	44	44	2	32
83	2	15	16	44	44	2	32
83	2	15	18	44	44	2	35
83	2	15	33	44	44	2	48
83	2	15	35	44	44	2	51
83	2	15	38	44	44	2	51
83	2	15	40	44	44	2	48
83	2	16	0	44	44	3	2
83	2	16	3	44	44	3	2
83	2	16	6	44	44	2	61
83	2	16	11	44	44	3	inf
83	2	16	14	44	44	3	76
83	2	16	19	44	44	2	22
83	2	16	22	44	44	3	81
83	2	16	25	44	44	3	81
83	2	16	28	44	44	2	22
83	2	16	33	44	44	3	76
83	2	16	36	44	44	3	7
83	2	16	41	44	44	2	61
83	2	17	7	44	44	2	48
83	2	17	9	44	44	2	51
83	2	17	12	44	44	2	51
83	2	17	14	44	44	2	48
83	2	17	29	44	44	2	35
83	2	17	31	44	44	2	32
83	2	17	34	44	44	2	32
83	2	17	36	44	44	2	35
83	2	18	2	44	44	2	22
83	2	18	7	44	44	3	76
83	2	18	10	44	44	3	7
83	2	18	15	44	44	2	61
83	2	18	18	44	44	3	2
83	2	18	21	44	44	3	2
83	2	18	24	44	44	2	61
83	2	18	29	44	44	3	inf
83	2	18	32	44	44	3	76
83	2	18	37	44	44	2	22
83	2	18	40	44	44	3	81
83	2	18	43	44	44	3	81
83	2	19	3	44	44	2	35
83	2	19	5	44	44	2	32
83	2	19	8	44	44	2	32
83	2	19	10	44	44	2	35
83	2	19	25	44	44	2	48
83	2	19	27	44	44	2	51
83	2	19	30	44	44	2	51
83	2	19	32	44	44	2	48
83	2	20	3	44	44	3	inf
83	2	20	6	44	44	3	76
83	2	20	11	44	44	2	22
83	2	20	14	44	44	3	81
83	2	20	17	44	44	3	81
83	2	20	20	44	44	2	22
83	2	20	25	44	44	3	76
83	2	20	28	44	44	3	7
83	2	20	33	44	44	2	61
83	2	20	36	44	44	3	2
83	2	20	39	44	44	3	2
83	2	20	42	44	44	2	61
83	2	21	1	44	44	2	51
83	2	21	4	44	44	2	51
83	2	21	6	44	44	2	48
83	2	21	21	44	44	2	35
83	2	21	23	44	44	2	32
83	2	21	26	44	44	2	32
83	2	21	28	44	44	2	35
83	2	21	43	44	44	2	48
83	2	22	2	44	44	3	7
83	2	22	7	44	44	2	61
83	2	22	10	44	44	3	2
83	2	22	13	44	44	3	2
83	2	22	16	44	44	2	61
83	2	22	21	44	44	3	inf
83	2	22	24	44	44	3	76
83	2	22	29	44	44	2	22
83	2	22	32	44	44	3	81
83	2	22	35	44	44	3	81
83	2	22	38	44	44	2	22
83	2	22	43	44	44	3	76
83	2	23	0	44	44	2	32
83	2	23	2	44	44	2	35
83	2	23	17	44	44	2	48
83	2	23	19	44	44	2	51
83	2	23	22	44	44	2	51
83	2	23	24	44	44	2	48
83	2	23	39	44	44	2	35
83	2	23	41	44	44	2	32
83	2	24	3	44	44	2	22
83	2	24	6	44	44	3	81
83	2	24	9	44	44	3	81
83	2	24	12	44	44	2	22
83	2	24	17	44	44	3	76
83	2	24	20	44	44	3	7
83	2	24	25	44	44	2	61
83	2	24	28	44	44	3	2
83	2	24	31	44	44	3	2
83	2	24	34	44	44	2	61
83	2	24	39	44	44	3	inf
83	2	24	42	44	44	3	76
83	2	25	13	44	44	2	35
83	2	25	15	44	44	2	32
83	2	25	18	44	44	2	32
83	2	25	20	44	44	2	35
83	2	25	35	44	44	2	48
83	2	25	37	44	44	2	51
83	2	25	40	44	44	2	51
83	2	25	42	44	44	2	48
83	2	26	2	44	44	3	2
83	2	26	5	44	44	3	2
83	2	26	8	44	44	2	61
83	2	26	13	44	44	3	inf
83	2	26	16	44	44	3	76
83	2	26	21	44	44	2	22
83	2	26	24	44	44	3	81
83	2	26	27	44	44	3	81
83	2	26	30	44	44	2	22
83	2	26	35	44	44	3	76
83	2	26	38	44	44	3	7
83	2	26	43	44	44	2	61
83	2	27	9	44	44	2	48
83	2	27	11	44	44	2	51
83	2	27	14	44	44	2	51
83	2	27	16	44	44	2	48
83	2	27	31	44	44	2	35
83	2	27	33	44	44	2	32
83	2	27	36	44	44	2	32
83	2	27	38	44	44	2	35
83	2	28	1	44	44	3	81
83	2	28	4	44	44	2	22
83	2	28	9	44	44	3	76
83	2	28	12	44	44	3	7
83	2	28	17	44	44	2	61
83	2	28	20	44	44	3	2
83	2	28	23	44	44	3	2
83	2	28	26	44	44	2	61
83	2	28	31	44	44	3	inf
83	2	28	34	44	44	3	76
83	2	28	39	44	44	2	22
83	2	28	42	44	44	3	81
83	2	29	5	44	44	2	35
83	2	29	7	44	44	2	32
83	2	29	10	44	44	2	32
83	2	29	12	44	44	2	35
83	2	29	27	44	44	2	48
83	2	29	29	44	44	2	51
83	2	29	32	44	44	2	51
83	2	29	34	44	44	2	48
83	2	30	0	44	44	2	61
83	2	30	5	44	44	3	inf
83	2	30	8	44	44	3	76
83	2	30	13	44	44	2	22
83	2	30	16	44	44	3	81
83	2	30	19	44	44	3	81
83	2	30	22	44	44	2	22
83	2	30	27	44	44	3	76
83	2	30	30	44	44	3	7
83	2	30	35	44	44	2	61
83	2	30	38	44	44	3	2
83	2	30	41	44	44	3	2
83	2	31	1	44	44	2	48
83	2	31	3	44	44	2	51
83	2	31	6	44	44	2	51
83	2	31	8	44	44	2	48
83	2	31	23	44	44	2	35
83	2	31	25	44	44	2	32
83	2	31	28	44	44	2	32
83	2	31	30	44	44	2	35
83	2	32	1	44	44	3	76
83	2	32	4	44	44	3	7
83	2	32	9	44	44	2	61
83	2	32	12	44	44	3	2
83	2	32	15	44	44	3	2
83	2	32	18	44	44	2	61
83	2	32	23	44	44	3	inf
83	2	32	26	44	44	3	76
83	2	32	31	44	44	2	22
83	2	32	34	44	44	3	81
83	2	32	37	44	44	3	81
83	2	32	40	44	44	2	22
83	2	33	2	44	44	2	32
83	2	33	4	44	44	2	35
83	2	33	19	44	44	2	48
83	2	33	21	44	44	2	51
83	2	33	24	44	44	2	51
83	2	33	26	44	44	2	48
83	2	33	41	44	44	2	35
83	2	33	43	44	44	2	32
83	2	34	0	44	44	3	76
83	2	34	5	44	44	2	22
83	2	34	8	44	44	3	81
83	2	34	11	44	44	3	81
83	2	34	14	44	44	2	22
83	2	34	19	44	44	3	76
83	2	34	22	44	44	3	7
83	2	34	27	44	44	2	61
83	2	34	30	44	44	3	2
83	2	34	33	44	44	3	2
83	2	34	36	44	44	2	61
83	2	34	41	44	44	3	inf
83	2	35	0	44	44	2	48
83	2	35	15	44	44	2	35
83	2	35	17	44	44	2	32
83	2	35	20	44	44	2	32
83	2	35	22	44	44	2	35
83	2	35	37	44	44	2	48
83	2	35	39	44	44	2	51
83	2	35	42	44	44	2	51
83	2	36	1	44	44	2	61
83	2	36	4	44	44	3	2
83	2	36	7	44	44	3	2
83	2	36	10	44	44	2	61
83	2	36	15	44	44	3	inf
83	2	36	18	44	44	3	76
83	2	36	23	44	44	2	2283	2	14	15	44	44	3	76
83	2	14	18	44	44	3	7
83	2	14	23	44	44	2	61
83	2	14	26	44	44	3	2
83	2	14	29	44	44	3	2
83	2	14	32	44	44	2	61
83	2	14	37	44	44	3	inf
83	2	14	40	44	44	3	76
83	2	15	11	44	44	2	35
83	2	15	13	44	44	2	32
83	2	15	16	44	44	2	32
83	2	15	18	44	44	2	35
83	2	15	33	44	44	2	48
83	2	15	35	44	44	2	51
83	2	15	38	44	44	2	51
83	2	15	40	44	44	2	48
83	2	16	0	44	44	3	2
83	2	16	3	44	44	3	2
83	2	16	6	44	44	2	61
83	2	16	11	44	44	3	inf
83	2	16	14	44	44	3	76
83	2	16	19	44	44	2	22
83	2	16	22	44	44	3	81
83	2	16	25	44	44	3	81
83	2	16	28	44	44	2	22
83	2	16	33	44	44	3	76
83	2	16	36	44	44	3	7
83	2	16	41	44	44	2	61
83	2	17	7	44	44	2	48
83	2	17	9	44	44	2	51
83	2	17	12	44	44	2	51
83	2	17	14	44	44	2	48
83	2	17	29	44	44	2	35
83	2	17	31	44	44	2	32
83	2	17	34	44	44	2	32
83	2	17	36	44	44	2	35
83	2	18	2	44	44	2	22
83	2	18	7	44	44	3	76
83	2	18	10	44	44	3	7
83	2	18	15	44	44	2	61
83	2	18	18	44	44	3	2
83	2	18	21	44	44	3	2
83	2	18	24	44	44	2	61
83	2	18	29	44	44	3	inf
83	2	18	32	44	44	3	76
83	2	18	37	44	44	2	22
83	2	18	40	44	44	3	81
83	2	18	43	44	44	3	81
83	2	19	3	44	44	2	35
83	2	19	5	44	44	2	32
83	2	19	8	44	44	2	32
83	2	19	10	44	44	2	35
83	2	19	25	44	44	2	48
83	2	19	27	44	44	2	51
83	2	19	30	44	44	2	51
83	2	19	32	44	44	2	48
83	2	20	3	44	44	3	inf
83	2	20	6	44	44	3	76
83	2	20	11	44	44	2	22
83	2	20	14	44	44	3	81
83	2	20	17	44	44	3	81
83	2	20	20	44	44	2	22
83	2	20	25	44	44	3	76
83	2	20	28	44	44	3	7
83	2	20	33	44	44	2	61
83	2	20	36	44	44	3	2
83	2	20	39	44	44	3	2
83	2	20	42	44	44	2	61
83	2	21	1	44	44	2	51
83	2	21	4	44	44	2	51
83	2	21	6	44	44	2	48
83	2	21	21	44	44	2	35
83	2	21	23	44	44	2	32
83	2	21	26	44	44	2	32
83	2	21	28	44	44	2	35
83	2	21	43	44	44	2	48
83	2	22	2	44	44	3	7
83	2	22	7	44	44	2	61
83	2	22	10	44	44	3	2
83	2	22	13	44	44	3	2
83	2	22	16	44	44	2	61
83	2	22	21	44	44	3	inf
83	2	22	24	44	44	3	76
83	2	22	29	44	44	2	22
83	2	22	32	44	44	3	81
83	2	22	35	44	44	3	81
83	2	22	38	44	44	2	22
83	2	22	43	44	44	3	76
83	2	23	0	44	44	2	32
83	2	23	2	44	44	2	35
83	2	23	17	44	44	2	48
83	2	23	19	44	44	2	51
83	2	23	22	44	44	2	51
83	2	23	24	44	44	2	48
83	2	23	39	44	44	2	35
83	2	23	41	44	44	2	32
83	2	24	3	44	44	2	22
83	2	24	6	44	44	3	81
83	2	24	9	44	44	3	81
83	2	24	12	44	44	2	22
83	2	24	17	44	44	3	76
83	2	24	20	44	44	3	7
83	2	24	25	44	44	2	61
83	2	24	28	44	44	3	2
83	2	24	31	44	44	3	2
83	2	24	34	44	44	2	61
83	2	24	39	44	44	3	inf
83	2	24	42	44	44	3	76
83	2	25	13	44	44	2	35
83	2	25	15	44	44	2	32
83	2	25	18	44	44	2	32
83	2	25	20	44	44	2	35
83	2	25	35	44	44	2	48
83	2	25	37	44	44	2	51
83	2	25	40	44	44	2	51
83	2	25	42	44	44	2	48
83	2	26	2	44	44	3	2
83	2	26	5	44	44	3	2
83	2	26	8	44	44	2	61
83	2	26	13	44	44	3	inf
83	2	26	16	44	44	3	76
83	2	26	21	44	44	2	22
83	2	26	24	44	44	3	81
83	2	26	27	44	44	3	81
83	2	26	30	44	44	2	22
83	2	26	35	44	44	3	76
83	2	26	38	44	44	3	7
83	2	26	43	44	44	2	61
83	2	27	9	44	44	2	48
83	2	27	11	44	44	2	51
83	2	27	14	44	44	2	51
83	2	27	16	44	44	2	48
83	2	27	31	44	44	2	35
83	2	27	33	44	44	2	32
83	2	27	36	44	44	2	32
83	2	27	38	44	44	2	35
83	2	28	1	44	44	3	81
83	2	28	4	44	44	2	22
83	2	28	9	44	44	3	76
83	2	28	12	44	44	3	7
83	2	28	17	44	44	2	61
83	2	28	20	44	44	3	2
83	2	28	23	44	44	3	2
83	2	28	26	44	44	2	61
83	2	28	31	44	44	3	inf
83	2	28	34	44	44	3	76
83	2	28	39	44	44	2	22
83	2	28	42	44	44	3	81
83	2	29	5	44	44	2	35
83	2	29	7	44	44	2	32
83	2	29	10	44	44	2	32
83	2	29	12	44	44	2	35
83	2	29	27	44	44	2	48
83	2	29	29	44	44	2	51
83	2	29	32	44	44	2	51
83	2	29	34	44	44	2	48
83	2	30	0	44	44	2	61
83	2	30	5	44	44	3	inf
83	2	30	8	44	44	3	76
83	2	30	13	44	44	2	22
83	2	30	16	44	44	3	81
83	2	30	19	44	44	3	81
83	2	30	22	44	44	2	22
83	2	30	27	44	44	3	76
83	2	30	30	44	44	3	7
83	2	30	35	44	44	2	61
83	2	30	38	44	44	3	2
83	2	30	41	44	44	3	2
83	2	31	1	44	44	2	48
83	2	31	3	44	44	2	51
83	2	31	6	44	44	2	51
83	2	31	8	44	44	2	48
83	2	31	23	44	44	2	35
83	2	31	25	44	44	2	32
83	2	31	28	44	44	2	32
83	2	31	30	44	44	2	35
83	2	32	1	44	44	3	76
83	2	32	4	44	44	3	7
83	2	32	9	44	44	2	61
83	2	32	12	44	44	3	2
83	2	32	15	44	44	3	2
83	2	32	18	44	44	2	61
83	2	32	23	44	44	3	inf
83	2	32	26	44	44	3	76
83	2	32	31	44	44	2	22
83	2	32	34	44	44	3	81
83	2	32	37	44	44	3	81
83	2	32	40	44	44	2	22
83	2	33	2	44	44	2	32
83	2	33	4	44	44	2	35
83	2	33	19	44	44	2	48
83	2	33	21	44	44	2	51
83	2	33	24	44	44	2	51
83	2	33	26	44	44	2	48
83	2	33	41	44	44	2	35
83	2	33	43	44	44	2	32
83	2	34	0	44	44	3	76
83	2	34	5	44	44	2	22
83	2	34	8	44	44	3	81
83	2	34	11	44	44	3	81
83	2	34	14	44	44	2	22
83	2	34	19	44	44	3	76
83	2	34	22	44	44	3	7
83	2	34	27	44	44	2	61
83	2	34	30	44	44	3	2
83	2	34	33	44	44	3	2
83	2	34	36	44	44	2	61
83	2	34	41	44	44	3	inf
83	2	35	0	44	44	2	48
83	2	35	15	44	44	2	35
83	2	35	17	44	44	2	32
83	2	35	20	44	44	2	32
83	2	35	22	44	44	2	35
83	2	35	37	44	44	2	48
83	2	35	39	44	44	2	51
83	2	35	42	44	44	2	51
83	2	36	1	44	44	2	61
83	2	36	4	44	44	3	2
83	2	36	7	44	44	3	2
83	2	36	10	44	44	2	61
83	2	36	15	44	44	3	inf
83	2	36	18	44	44	3	76
83	2	36	23	44	44	2	22
83	2	36	26	44	44	3	81
83	2	36	29	44	44	3	81
83	2	36	32	44	44	2	22
83	2	36	37	44	44	3	76
83	2	36	40	44	44	3	7
83	2	37	11	44	44	2	48
83	2	37	13	44	44	2	51
83	2	37	16	44	44	2	51
83	2	37	18	44	44	2	48
83	2	37	33	44	44	2	35
83	2	37	35	44	44	2	32
83	2	37	38	44	44	2	32
83	2	37	40	44	44	2	35
83	2	38	0	44	44	3	81
83	2	38	3	44	44	3	81
83	2	38	6	44	44	2	22
83	2	38	11	44	44	3	76
83	2	38	14	44	44	3	7
83	2	38	19	44	44	2	61
83	2	38	22	44	44	3	2
83	2	38	25	44	44	3	2
83	2	38	28	44	44	2	61
83	2	38	33	44	44	3	inf
83	2	38	36	44	44	3	76
83	2	38	41	44	44	2	22
83	2	39	7	44	44	2	35
83	2	39	9	44	44	2	32
83	2	39	12	44	44	2	32
83	2	39	14	44	44	2	35
83	2	39	29	44	44	2	48
83	2	39	31	44	44	2	51
83	2	39	34	44	44	2	51
83	2	39	36	44	44	2	48
83	2	40	2	44	44	2	61
83	2	40	7	44	44	3	inf
83	2	40	10	44	44	3	76
83	2	40	15	44	44	2	22
83	2	40	18	44	44	3	81
83	2	40	21	44	44	3	81
83	2	40	24	44	44	2	22
83	2	40	29	44	44	3	76
83	2	40	32	44	44	3	7
83	2	40	37	44	44	2	61
83	2	40	40	44	44	3	2
83	2	40	43	44	44	3	2
83	2	41	3	44	44	2	48
83	2	41	5	44	44	2	51
83	2	41	8	44	44	2	51
83	2	41	10	44	44	2	48
83	2	41	25	44	44	2	35
83	2	41	27	44	44	2	32
83	2	41	30	44	44	2	32
83	2	41	32	44	44	2	35
83	2	42	3	44	44	3	76
83	2	42	6	44	44	3	7
83	2	42	11	44	44	2	61
83	2	42	14	44	44	3	2
83	2	42	17	44	44	3	2
83	2	42	20	44	44	2	61
83	2	42	25	44	44	3	inf
83	2	42	28	44	44	3	76
83	2	42	33	44	44	2	22
83	2	42	36	44	44	3	81
83	2	42	39	44	44	3	81
83	2	42	42	44	44	2	22
83	2	43	1	44	44	2	32
83	2	43	4	44	44	2	32
83	2	43	6	44	44	2	35
83	2	43	21	44	44	2	48
83	2	43	23	44	44	2	51
83	2	43	26	44	44	2	51
83	2	43	28	44	44	2	48
83	2	43	43	44	44	2	35
89	1	0	0	25	5	2	1
89	1	0	1	25	5	2	88
89	1	0	3	25	5	3	inf
89	1	1	1	25	5	2	14
89	1	2	1	25	5	2	17
89	1	3	2	25	5	2	72
89	1	4	2	25	5	2	75
89	1	5	0	25	5	3	inf
89	1	5	2	25	5	2	1
89	1	5	3	25	5	2	88
89	1	6	3	25	5	2	14
89	1	7	3	25	5	2	17
89	1	8	4	25	5	2	72
89	1	9	4	25	5	2	75
89	1	10	0	25	5	2	88
89	1	10	2	25	5	3	inf
89	1	10	4	25	5	2	1
89	1	11	0	25	5	2	14
89	1	12	0	25	5	2	17
89	1	13	1	25	5	2	72
89	1	14	1	25	5	2	75
89	1	15	1	25	5	2	1
89	1	15	2	25	5	2	88
89	1	15	4	25	5	3	inf
89	1	16	2	25	5	2	14
89	1	17	2	25	5	2	17
89	1	18	3	25	5	2	72
89	1	19	3	25	5	2	75
89	1	20	1	25	5	3	inf
89	1	20	3	25	5	2	1
89	1	20	4	25	5	2	88
89	1	21	4	25	5	2	14
89	1	22	4	25	5	2	17
89	1	23	0	25	5	2	72
89	1	24	0	25	5	2	75
89	2	0	0	25	5	2	88
89	2	0	1	25	5	2	1
89	2	0	3	25	5	3	inf
89	2	0	4	25	5	3	inf
89	2	1	1	25	5	2	75
89	2	2	1	25	5	2	72
89	2	3	2	25	5	2	17
89	2	4	2	25	5	2	14
89	2	5	0	25	5	3	inf
89	2	5	1	25	5	3	inf
89	2	5	2	25	5	2	88
89	2	5	3	25	5	2	1
89	2	6	3	25	5	2	75
89	2	7	3	25	5	2	72
89	2	8	4	25	5	2	17
89	2	9	4	25	5	2	14
89	2	10	0	25	5	2	1
89	2	10	2	25	5	3	inf
89	2	10	3	25	5	3	inf
89	2	10	4	25	5	2	88
89	2	11	0	25	5	2	75
89	2	12	0	25	5	2	72
89	2	13	1	25	5	2	17
89	2	14	1	25	5	2	14
89	2	15	0	25	5	3	inf
89	2	15	1	25	5	2	88
89	2	15	2	25	5	2	1
89	2	15	4	25	5	3	inf
89	2	16	2	25	5	2	75
89	2	17	2	25	5	2	72
89	2	18	3	25	5	2	17
89	2	19	3	25	5	2	14
89	2	20	1	25	5	3	inf
89	2	20	2	25	5	3	inf
89	2	20	3	25	5	2	88
89	2	20	4	25	5	2	1
89	2	21	4	25	5	2	75
89	2	22	4	25	5	2	72
89	2	23	0	25	5	2	17
89	2	24	0	25	5	2	14
97	1	0	5	25	25	2	2
97	1	0	6	25	25	2	90
97	1	0	7	25	25	2	4
97	1	0	13	25	25	3	inf
97	1	0	19	25	25	2	93
97	1	0	20	25	25	2	7
97	1	0	21	25	25	2	95
97	1	1	4	25	25	3	inf
97	1	1	10	25	25	2	93
97	1	1	11	25	25	2	7
97	1	1	12	25	25	2	95
97	1	1	21	25	25	2	2
97	1	1	22	25	25	2	90
97	1	1	23	25	25	2	4
97	1	2	1	25	25	2	93
97	1	2	2	25	25	2	7
97	1	2	3	25	25	2	95
97	1	2	12	25	25	2	2
97	1	2	13	25	25	2	90
97	1	2	14	25	25	2	4
97	1	2	20	25	25	3	inf
97	1	3	3	25	25	2	2
97	1	3	4	25	25	2	90
97	1	3	5	25	25	2	4
97	1	3	11	25	25	3	inf
97	1	3	17	25	25	2	93
97	1	3	18	25	25	2	7
97	1	3	19	25	25	2	95
97	1	4	2	25	25	3	inf
97	1	4	8	25	25	2	93
97	1	4	9	25	25	2	7
97	1	4	10	25	25	2	95
97	1	4	19	25	25	2	2
97	1	4	20	25	25	2	90
97	1	4	21	25	25	2	4
97	1	5	0	25	25	2	7
97	1	5	1	25	25	2	95
97	1	5	10	25	25	2	2
97	1	5	11	25	25	2	90
97	1	5	12	25	25	2	4
97	1	5	18	25	25	3	inf
97	1	5	24	25	25	2	93
97	1	6	1	25	25	2	2
97	1	6	2	25	25	2	90
97	1	6	3	25	25	2	4
97	1	6	9	25	25	3	inf
97	1	6	15	25	25	2	93
97	1	6	16	25	25	2	7
97	1	6	17	25	25	2	95
97	1	7	0	25	25	3	inf
97	1	7	6	25	25	2	93
97	1	7	7	25	25	2	7
97	1	7	8	25	25	2	95
97	1	7	17	25	25	2	2
97	1	7	18	25	25	2	90
97	1	7	19	25	25	2	4
97	1	8	8	25	25	2	2
97	1	8	9	25	25	2	90
97	1	8	10	25	25	2	4
97	1	8	16	25	25	3	inf
97	1	8	22	25	25	2	93
97	1	8	23	25	25	2	7
97	1	8	24	25	25	2	95
97	1	9	0	25	25	2	90
97	1	9	1	25	25	2	4
97	1	9	7	25	25	3	inf
97	1	9	13	25	25	2	93
97	1	9	14	25	25	2	7
97	1	9	15	25	25	2	95
97	1	9	24	25	25	2	2
97	1	10	4	25	25	2	93
97	1	10	5	25	25	2	7
97	1	10	6	25	25	2	95
97	1	10	15	25	25	2	2
97	1	10	16	25	25	2	90
97	1	10	17	25	25	2	4
97	1	10	23	25	25	3	inf
97	1	11	6	25	25	2	2
97	1	11	7	25	25	2	90
97	1	11	8	25	25	2	4
97	1	11	14	25	25	3	inf
97	1	11	20	25	25	2	93
97	1	11	21	25	25	2	7
97	1	11	22	25	25	2	95
97	1	12	5	25	25	3	inf
97	1	12	11	25	25	2	93
97	1	12	12	25	25	2	7
97	1	12	13	25	25	2	95
97	1	12	22	25	25	2	2
97	1	12	23	25	25	2	90
97	1	12	24	25	25	2	4
97	1	13	2	25	25	2	93
97	1	13	3	25	25	2	7
97	1	13	4	25	25	2	95
97	1	13	13	25	25	2	2
97	1	13	14	25	25	2	90
97	1	13	15	25	25	2	4
97	1	13	21	25	25	3	inf
97	1	14	4	25	25	2	2
97	1	14	5	25	25	2	90
97	1	14	6	25	25	2	4
97	1	14	12	25	25	3	inf
97	1	14	18	25	25	2	93
97	1	14	19	25	25	2	7
97	1	14	20	25	25	2	95
97	1	15	3	25	25	3	inf
97	1	15	9	25	25	2	93
97	1	15	10	25	25	2	7
97	1	15	11	25	25	2	95
97	1	15	20	25	25	2	2
97	1	15	21	25	25	2	90
97	1	15	22	25	25	2	4
97	1	16	0	25	25	2	93
97	1	16	1	25	25	2	7
97	1	16	2	25	25	2	95
97	1	16	11	25	25	2	2
97	1	16	12	25	25	2	90
97	1	16	13	25	25	2	4
97	1	16	19	25	25	3	inf
97	1	17	2	25	25	2	2
97	1	17	3	25	25	2	90
97	1	17	4	25	25	2	4
97	1	17	10	25	25	3	inf
97	1	17	16	25	25	2	93
97	1	17	17	25	25	2	7
97	1	17	18	25	25	2	95
97	1	18	1	25	25	3	inf
97	1	18	7	25	25	2	93
97	1	18	8	25	25	2	7
97	1	18	9	25	25	2	95
97	1	18	18	25	25	2	2
97	1	18	19	25	25	2	90
97	1	18	20	25	25	2	4
97	1	19	0	25	25	2	95
97	1	19	9	25	25	2	2
97	1	19	10	25	25	2	90
97	1	19	11	25	25	2	4
97	1	19	17	25	25	3	inf
97	1	19	23	25	25	2	93
97	1	19	24	25	25	2	7
97	1	20	0	25	25	2	2
97	1	20	1	25	25	2	90
97	1	20	2	25	25	2	4
97	1	20	8	25	25	3	inf
97	1	20	14	25	25	2	93
97	1	20	15	25	25	2	7
97	1	20	16	25	25	2	95
97	1	21	5	25	25	2	93
97	1	21	6	25	25	2	7
97	1	21	7	25	25	2	95
97	1	21	16	25	25	2	2
97	1	21	17	25	25	2	90
97	1	21	18	25	25	2	4
97	1	21	24	25	25	3	inf
97	1	22	7	25	25	2	2
97	1	22	8	25	25	2	90
97	1	22	9	25	25	2	4
97	1	22	15	25	25	3	inf
97	1	22	21	25	25	2	93
97	1	22	22	25	25	2	7
97	1	22	23	25	25	2	95
97	1	23	0	25	25	2	4
97	1	23	6	25	25	3	inf
97	1	23	12	25	25	2	93
97	1	23	13	25	25	2	7
97	1	23	14	25	25	2	95
97	1	23	23	25	25	2	2
97	1	23	24	25	25	2	90
97	1	24	3	25	25	2	93
97	1	24	4	25	25	2	7
97	1	24	5	25	25	2	95
97	1	24	14	25	25	2	2
97	1	24	15	25	25	2	90
97	1	24	16	25	25	2	4
97	1	24	22	25	25	3	inf
97	2	0	5	25	25	2	95
97	2	0	6	25	25	2	7
97	2	0	7	25	25	2	93
97	2	0	13	25	25	3	inf
97	2	0	19	25	25	2	4
97	2	0	20	25	25	2	90
97	2	0	21	25	25	2	2
97	2	0	24	25	25	3	inf
97	2	1	4	25	25	3	inf
97	2	1	10	25	25	2	4
97	2	1	11	25	25	2	90
97	2	1	12	25	25	2	2
97	2	1	15	25	25	3	inf
97	2	1	21	25	25	2	95
97	2	1	22	25	25	2	7
97	2	1	23	25	25	2	93
97	2	2	1	25	25	2	4
97	2	2	2	25	25	2	90
97	2	2	3	25	25	2	2
97	2	2	6	25	25	3	inf
97	2	2	12	25	25	2	95
97	2	2	13	25	25	2	7
97	2	2	14	25	25	2	93
97	2	2	20	25	25	3	inf
97	2	3	3	25	25	2	95
97	2	3	4	25	25	2	7
97	2	3	5	25	25	2	93
97	2	3	11	25	25	3	inf
97	2	3	17	25	25	2	4
97	2	3	18	25	25	2	90
97	2	3	19	25	25	2	2
97	2	3	22	25	25	3	inf
97	2	4	2	25	25	3	inf
97	2	4	8	25	25	2	4
97	2	4	9	25	25	2	90
97	2	4	10	25	25	2	2
97	2	4	13	25	25	3	inf
97	2	4	19	25	25	2	95
97	2	4	20	25	25	2	7
97	2	4	21	25	25	2	93
97	2	5	0	25	25	2	90
97	2	5	1	25	25	2	2
97	2	5	4	25	25	3	inf
97	2	5	10	25	25	2	95
97	2	5	11	25	25	2	7
97	2	5	12	25	25	2	93
97	2	5	18	25	25	3	inf
97	2	5	24	25	25	2	4
97	2	6	1	25	25	2	95
97	2	6	2	25	25	2	7
97	2	6	3	25	25	2	93
97	2	6	9	25	25	3	inf
97	2	6	15	25	25	2	4
97	2	6	16	25	25	2	90
97	2	6	17	25	25	2	2
97	2	6	20	25	25	3	inf
97	2	7	0	25	25	3	inf
97	2	7	6	25	25	2	4
97	2	7	7	25	25	2	90
97	2	7	8	25	25	2	2
97	2	7	11	25	25	3	inf
97	2	7	17	25	25	2	95
97	2	7	18	25	25	2	7
97	2	7	19	25	25	2	93
97	2	8	2	25	25	3	inf
97	2	8	8	25	25	2	95
97	2	8	9	25	25	2	7
97	2	8	10	25	25	2	93
97	2	8	16	25	25	3	inf
97	2	8	22	25	25	2	4
97	2	8	23	25	25	2	90
97	2	8	24	25	25	2	2
97	2	9	0	25	25	2	7
97	2	9	1	25	25	2	93
97	2	9	7	25	25	3	inf
97	2	9	13	25	25	2	4
97	2	9	14	25	25	2	90
97	2	9	15	25	25	2	2
97	2	9	18	25	25	3	inf
97	2	9	24	25	25	2	95
97	2	10	4	25	25	2	4
97	2	10	5	25	25	2	90
97	2	10	6	25	25	2	2
97	2	10	9	25	25	3	inf
97	2	10	15	25	25	2	95
97	2	10	16	25	25	2	7
97	2	10	17	25	25	2	93
97	2	10	23	25	25	3	inf
97	2	11	0	25	25	3	inf
97	2	11	6	25	25	2	95
97	2	11	7	25	25	2	7
97	2	11	8	25	25	2	93
97	2	11	14	25	25	3	inf
97	2	11	20	25	25	2	4
97	2	11	21	25	25	2	90
97	2	11	22	25	25	2	2
97	2	12	5	25	25	3	inf
97	2	12	11	25	25	2	4
97	2	12	12	25	25	2	90
97	2	12	13	25	25	2	2
97	2	12	16	25	25	3	inf
97	2	12	22	25	25	2	95
97	2	12	23	25	25	2	7
97	2	12	24	25	25	2	93
97	2	13	2	25	25	2	4
97	2	13	3	25	25	2	90
97	2	13	4	25	25	2	2
97	2	13	7	25	25	3	inf
97	2	13	13	25	25	2	95
97	2	13	14	25	25	2	7
97	2	13	15	25	25	2	93
97	2	13	21	25	25	3	inf
97	2	14	4	25	25	2	95
97	2	14	5	25	25	2	7
97	2	14	6	25	25	2	93
97	2	14	12	25	25	3	inf
97	2	14	18	25	25	2	4
97	2	14	19	25	25	2	90
97	2	14	20	25	25	2	2
97	2	14	23	25	25	3	inf
97	2	15	3	25	25	3	inf
97	2	15	9	25	25	2	4
97	2	15	10	25	25	2	90
97	2	15	11	25	25	2	2
97	2	15	14	25	25	3	inf
97	2	15	20	25	25	2	95
97	2	15	21	25	25	2	7
97	2	15	22	25	25	2	93
97	2	16	0	25	25	2	4
97	2	16	1	25	25	2	90
97	2	16	2	25	25	2	2
97	2	16	5	25	25	3	inf
97	2	16	11	25	25	2	95
97	2	16	12	25	25	2	7
97	2	16	13	25	25	2	93
97	2	16	19	25	25	3	inf
97	2	17	2	25	25	2	95
97	2	17	3	25	25	2	7
97	2	17	4	25	25	2	93
97	2	17	10	25	25	3	inf
97	2	17	16	25	25	2	4
97	2	17	17	25	25	2	90
97	2	17	18	25	25	2	2
97	2	17	21	25	25	3	inf
97	2	18	1	25	25	3	inf
97	2	18	7	25	25	2	4
97	2	18	8	25	25	2	90
97	2	18	9	25	25	2	2
97	2	18	12	25	25	3	inf
97	2	18	18	25	25	2	95
97	2	18	19	25	25	2	7
97	2	18	20	25	25	2	93
97	2	19	0	25	25	2	2
97	2	19	3	25	25	3	inf
97	2	19	9	25	25	2	95
97	2	19	10	25	25	2	7
97	2	19	11	25	25	2	93
97	2	19	17	25	25	3	inf
97	2	19	23	25	25	2	4
97	2	19	24	25	25	2	90
97	2	20	0	25	25	2	95
97	2	20	1	25	25	2	7
97	2	20	2	25	25	2	93
97	2	20	8	25	25	3	inf
97	2	20	14	25	25	2	4
97	2	20	15	25	25	2	90
97	2	20	16	25	25	2	2
97	2	20	19	25	25	3	inf
97	2	21	5	25	25	2	4
97	2	21	6	25	25	2	90
97	2	21	7	25	25	2	2
97	2	21	10	25	25	3	inf
97	2	21	16	25	25	2	95
97	2	21	17	25	25	2	7
97	2	21	18	25	25	2	93
97	2	21	24	25	25	3	inf
97	2	22	1	25	25	3	inf
97	2	22	7	25	25	2	95
97	2	22	8	25	25	2	7
97	2	22	9	25	25	2	93
97	2	22	15	25	25	3	inf
97	2	22	21	25	25	2	4
97	2	22	22	25	25	2	90
97	2	22	23	25	25	2	2
97	2	23	0	25	25	2	93
97	2	23	6	25	25	3	inf
97	2	23	12	25	25	2	4
97	2	23	13	25	25	2	90
97	2	23	14	25	25	2	2
97	2	23	17	25	25	3	inf
97	2	23	23	25	25	2	95
97	2	23	24	25	25	2	7
97	2	24	3	25	25	2	4
97	2	24	4	25	25	2	90
97	2	24	5	25	25	2	2
97	2	24	8	25	25	3	inf
97	2	24	14	25	25	2	95
97	2	24	15	25	25	2	7
97	2	24	16	25	25	2	93
97	2	24	22	25	25	3	inf
