prime	torsion_coset	m	n	ord_g1	ord_g2	state	t
13	1	1	1	4	2	3	inf
13	2	1	0	4	2	3	inf
47	1	1	0	24	6	3	12
47	1	1	1	24	6	2	4
47	1	1	3	24	6	3	35
47	1	1	4	24	6	2	43
47	1	1	5	24	6	3	inf
47	1	2	1	24	6	2	4
47	1	2	2	24	6	3	12
47	1	2	4	24	6	2	43
47	1	2	5	24	6	3	35
47	1	5	0	24	6	3	inf
47	1	5	1	24	6	3	12
47	1	5	2	24	6	2	4
47	1	5	4	24	6	3	35
47	1	5	5	24	6	2	43
47	1	6	0	24	6	3	35
47	1	6	2	24	6	2	4
47	1	6	3	24	6	3	12
47	1	6	5	24	6	2	43
47	1	9	0	24	6	2	43
47	1	9	1	24	6	3	inf
47	1	9	2	24	6	3	12
47	1	9	3	24	6	2	4
47	1	9	5	24	6	3	35
47	1	10	0	24	6	2	43
47	1	10	1	24	6	3	35
47	1	10	3	24	6	2	4
47	1	10	4	24	6	3	12
47	1	13	0	24	6	3	35
47	1	13	1	24	6	2	43
47	1	13	2	24	6	3	inf
47	1	13	3	24	6	3	12
47	1	13	4	24	6	2	4
47	1	14	1	24	6	2	43
47	1	14	2	24	6	3	35
47	1	14	4	24	6	2	4
47	1	14	5	24	6	3	12
47	1	17	1	24	6	3	35
47	1	17	2	24	6	2	43
47	1	17	3	24	6	3	inf
47	1	17	4	24	6	3	12
47	1	17	5	24	6	2	4
47	1	18	0	24	6	3	12
47	1	18	2	24	6	2	43
47	1	18	3	24	6	3	35
47	1	18	5	24	6	2	4
47	1	21	0	24	6	2	4
47	1	21	2	24	6	3	35
47	1	21	3	24	6	2	43
47	1	21	4	24	6	3	inf
47	1	21	5	24	6	3	12
47	1	22	0	24	6	2	4
47	1	22	1	24	6	3	12
47	1	22	3	24	6	2	43
47	1	22	4	24	6	3	35
47	2	1	0	24	6	3	35
47	2	1	1	24	6	2	43
47	2	1	2	24	6	3	inf
47	2	1	3	24	6	3	12
47	2	1	4	24	6	2	4
47	2	2	1	24	6	2	43
47	2	2	2	24	6	3	35
47	2	2	4	24	6	2	4
47	2	2	5	24	6	3	12
47	2	5	1	24	6	3	35
47	2	5	2	24	6	2	43
47	2	5	3	24	6	3	inf
47	2	5	4	24	6	3	12
47	2	5	5	24	6	2	4
47	2	6	0	24	6	3	12
47	2	6	2	24	6	2	43
47	2	6	3	24	6	3	35
47	2	6	5	24	6	2	4
47	2	9	0	24	6	2	4
47	2	9	2	24	6	3	35
47	2	9	3	24	6	2	43
47	2	9	4	24	6	3	inf
47	2	9	5	24	6	3	12
47	2	10	0	24	6	2	4
47	2	10	1	24	6	3	12
47	2	10	3	24	6	2	43
47	2	10	4	24	6	3	35
47	2	13	0	24	6	3	12
47	2	13	1	24	6	2	4
47	2	13	3	24	6	3	35
47	2	13	4	24	6	2	43
47	2	13	5	24	6	3	inf
47	2	14	1	24	6	2	4
47	2	14	2	24	6	3	12
47	2	14	4	24	6	2	43
47	2	14	5	24	6	3	35
47	2	17	0	24	6	3	inf
47	2	17	1	24	6	3	12
47	2	17	2	24	6	2	4
47	2	17	4	24	6	3	35
47	2	17	5	24	6	2	43
47	2	18	0	24	6	3	35
47	2	18	2	24	6	2	4
47	2	18	3	24	6	3	12
47	2	18	5	24	6	2	43
47	2	21	0	24	6	2	43
47	2	21	1	24	6	3	inf
47	2	21	2	24	6	3	12
47	2	21	3	24	6	2	4
47	2	21	5	24	6	3	35
47	2	22	0	24	6	2	43
47	2	22	1	24	6	3	35
47	2	22	3	24	6	2	4
47	2	22	4	24	6	3	12
41	1	0	0	10	10	3	1
41	1	0	2	10	10	3	38
41	1	0	3	10	10	3	6
41	1	0	4	10	10	3	0
41	1	0	5	10	10	3	35
41	1	0	6	10	10	3	3
41	1	0	8	10	10	3	40
41	1	0	9	10	10	3	inf
41	1	1	0	10	10	3	35
41	1	1	1	10	10	3	0
41	1	1	2	10	10	3	6
41	1	1	3	10	10	3	38
41	1	1	5	10	10	3	1
41	1	1	6	10	10	3	inf
41	1	1	7	10	10	3	40
41	1	1	9	10	10	3	inf
41	1	2	0	10	10	3	3
41	1	2	2	10	10	3	40
41	1	2	3	10	10	3	inf
41	1	2	4	10	10	3	1
41	1	2	6	10	10	3	38
41	1	2	7	10	10	3	6
41	1	2	8	10	10	3	0
41	1	2	9	10	10	3	35
41	1	3	0	10	10	3	inf
41	1	3	1	10	10	3	40
41	1	3	3	10	10	3	inf
41	1	3	4	10	10	3	35
41	1	3	5	10	10	3	0
41	1	3	6	10	10	3	6
41	1	3	7	10	10	3	38
41	1	3	9	10	10	3	1
41	1	4	0	10	10	3	38
41	1	4	1	10	10	3	6
41	1	4	2	10	10	3	0
41	1	4	3	10	10	3	35
41	1	4	4	10	10	3	3
41	1	4	6	10	10	3	40
41	1	4	7	10	10	3	inf
41	1	4	8	10	10	3	1
41	1	5	0	10	10	3	6
41	1	5	1	10	10	3	38
41	1	5	3	10	10	3	1
41	1	5	4	10	10	3	inf
41	1	5	5	10	10	3	40
41	1	5	7	10	10	3	inf
41	1	5	8	10	10	3	35
41	1	5	9	10	10	3	0
41	1	6	0	10	10	3	40
41	1	6	1	10	10	3	inf
41	1	6	2	10	10	3	1
41	1	6	4	10	10	3	38
41	1	6	5	10	10	3	6
41	1	6	6	10	10	3	0
41	1	6	7	10	10	3	35
41	1	6	8	10	10	3	3
41	1	7	1	10	10	3	inf
41	1	7	2	10	10	3	35
41	1	7	3	10	10	3	0
41	1	7	4	10	10	3	6
41	1	7	5	10	10	3	38
41	1	7	7	10	10	3	1
41	1	7	8	10	10	3	inf
41	1	7	9	10	10	3	40
41	1	8	0	10	10	3	0
41	1	8	1	10	10	3	35
41	1	8	2	10	10	3	3
41	1	8	4	10	10	3	40
41	1	8	5	10	10	3	inf
41	1	8	6	10	10	3	1
41	1	8	8	10	10	3	38
41	1	8	9	10	10	3	6
41	1	9	1	10	10	3	1
41	1	9	2	10	10	3	inf
41	1	9	3	10	10	3	40
41	1	9	5	10	10	3	inf
41	1	9	6	10	10	3	35
41	1	9	7	10	10	3	0
41	1	9	8	10	10	3	6
41	1	9	9	10	10	3	38
41	2	0	0	10	10	3	40
41	2	0	2	10	10	3	inf
41	2	0	3	10	10	3	35
41	2	0	4	10	10	3	0
41	2	0	5	10	10	3	6
41	2	0	6	10	10	3	38
41	2	0	8	10	10	3	1
41	2	0	9	10	10	3	inf
41	2	1	0	10	10	3	6
41	2	1	1	10	10	3	0
41	2	1	2	10	10	3	35
41	2	1	3	10	10	3	3
41	2	1	5	10	10	3	40
41	2	1	6	10	10	3	inf
41	2	1	7	10	10	3	1
41	2	1	9	10	10	3	38
41	2	2	0	10	10	3	38
41	2	2	2	10	10	3	1
41	2	2	3	10	10	3	inf
41	2	2	4	10	10	3	40
41	2	2	6	10	10	3	inf
41	2	2	7	10	10	3	35
41	2	2	8	10	10	3	0
41	2	2	9	10	10	3	6
41	2	3	0	10	10	3	inf
41	2	3	1	10	10	3	1
41	2	3	3	10	10	3	38
41	2	3	4	10	10	3	6
41	2	3	5	10	10	3	0
41	2	3	6	10	10	3	35
41	2	3	7	10	10	3	3
41	2	3	9	10	10	3	40
41	2	4	0	10	10	3	inf
41	2	4	1	10	10	3	35
41	2	4	2	10	10	3	0
41	2	4	3	10	10	3	6
41	2	4	4	10	10	3	38
41	2	4	6	10	10	3	1
41	2	4	7	10	10	3	inf
41	2	4	8	10	10	3	40
41	2	5	0	10	10	3	35
41	2	5	1	10	10	3	3
41	2	5	3	10	10	3	40
41	2	5	4	10	10	3	inf
41	2	5	5	10	10	3	1
41	2	5	7	10	10	3	38
41	2	5	8	10	10	3	6
41	2	5	9	10	10	3	0
41	2	6	0	10	10	3	1
41	2	6	1	10	10	3	inf
41	2	6	2	10	10	3	40
41	2	6	4	10	10	3	inf
41	2	6	5	10	10	3	35
41	2	6	6	10	10	3	0
41	2	6	7	10	10	3	6
41	2	6	8	10	10	3	38
41	2	7	1	10	10	3	38
41	2	7	2	10	10	3	6
41	2	7	3	10	10	3	0
41	2	7	4	10	10	3	35
41	2	7	5	10	10	3	3
41	2	7	7	10	10	3	40
41	2	7	8	10	10	3	inf
41	2	7	9	10	10	3	1
41	2	8	0	10	10	3	0
41	2	8	1	10	10	3	6
41	2	8	2	10	10	3	38
41	2	8	4	10	10	3	1
41	2	8	5	10	10	3	inf
41	2	8	6	10	10	3	40
41	2	8	8	10	10	3	inf
41	2	8	9	10	10	3	35
41	2	9	1	10	10	3	40
41	2	9	2	10	10	3	inf
41	2	9	3	10	10	3	1
41	2	9	5	10	10	3	38
41	2	9	6	10	10	3	6
41	2	9	7	10	10	3	0
41	2	9	8	10	10	3	35
41	2	9	9	10	10	3	3
43	1	0	0	3	3	2	1
43	1	1	2	3	3	3	inf
43	1	2	1	3	3	2	1
43	2	0	0	3	3	2	42
43	2	1	2	3	3	3	11
43	2	2	1	3	3	2	42
19	1	0	0	12	6	3	1
19	1	0	2	12	6	3	10
19	1	0	4	12	6	3	13
19	1	1	1	12	6	3	9
19	1	1	3	12	6	3	18
19	1	1	5	12	6	3	inf
19	1	2	0	12	6	3	6
19	1	2	2	12	6	3	18
19	1	2	4	12	6	3	9
19	1	3	1	12	6	3	13
19	1	3	3	12	6	3	10
19	1	3	5	12	6	3	1
19	1	4	0	12	6	3	10
19	1	4	2	12	6	3	13
19	1	4	4	12	6	3	1
19	1	5	1	12	6	3	18
19	1	5	3	12	6	3	inf
19	1	5	5	12	6	3	9
19	1	6	0	12	6	3	18
19	1	6	2	12	6	3	9
19	1	6	4	12	6	3	6
19	1	7	1	12	6	3	10
19	1	7	3	12	6	3	1
19	1	7	5	12	6	3	13
19	1	8	0	12	6	3	13
19	1	8	2	12	6	3	1
19	1	8	4	12	6	3	10
19	1	9	1	12	6	3	inf
19	1	9	3	12	6	3	9
19	1	9	5	12	6	3	18
19	1	10	0	12	6	3	9
19	1	10	2	12	6	3	6
19	1	10	4	12	6	3	18
19	1	11	1	12	6	3	1
19	1	11	3	12	6	3	13
19	1	11	5	12	6	3	10
19	2	0	0	12	6	3	18
19	2	0	2	12	6	3	9
19	2	0	4	12	6	3	6
19	2	1	1	12	6	3	10
19	2	1	3	12	6	3	1
19	2	1	5	12	6	3	13
19	2	2	0	12	6	3	13
19	2	2	2	12	6	3	1
19	2	2	4	12	6	3	10
19	2	3	1	12	6	3	inf
19	2	3	3	12	6	3	9
19	2	3	5	12	6	3	18
19	2	4	0	12	6	3	9
19	2	4	2	12	6	3	6
19	2	4	4	12	6	3	18
19	2	5	1	12	6	3	1
19	2	5	3	12	6	3	13
19	2	5	5	12	6	3	10
19	2	6	0	12	6	3	1
19	2	6	2	12	6	3	10
19	2	6	4	12	6	3	13
19	2	7	1	12	6	3	9
19	2	7	3	12	6	3	18
19	2	7	5	12	6	3	inf
19	2	8	0	12	6	3	6
19	2	8	2	12	6	3	18
19	2	8	4	12	6	3	9
19	2	9	1	12	6	3	13
19	2	9	3	12	6	3	10
19	2	9	5	12	6	3	1
19	2	10	0	12	6	3	10
19	2	10	2	12	6	3	13
19	2	10	4	12	6	3	1
19	2	11	1	12	6	3	18
19	2	11	3	12	6	3	inf
19	2	11	5	12	6	3	9
23	1	0	2	16	16	3	inf
23	1	0	15	16	16	3	18
23	1	1	12	16	16	3	18
23	1	1	15	16	16	3	inf
23	1	2	9	16	16	3	18
23	1	2	12	16	16	3	inf
23	1	3	6	16	16	3	18
23	1	3	9	16	16	3	inf
23	1	4	3	16	16	3	18
23	1	4	6	16	16	3	inf
23	1	5	0	16	16	3	18
23	1	5	3	16	16	3	inf
23	1	6	0	16	16	3	inf
23	1	6	13	16	16	3	18
23	1	7	10	16	16	3	18
23	1	7	13	16	16	3	inf
23	1	8	7	16	16	3	18
23	1	8	10	16	16	3	inf
23	1	9	4	16	16	3	18
23	1	9	7	16	16	3	inf
23	1	10	1	16	16	3	18
23	1	10	4	16	16	3	inf
23	1	11	1	16	16	3	inf
23	1	11	14	16	16	3	18
23	1	12	11	16	16	3	18
23	1	12	14	16	16	3	inf
23	1	13	8	16	16	3	18
23	1	13	11	16	16	3	inf
23	1	14	5	16	16	3	18
23	1	14	8	16	16	3	inf
23	1	15	2	16	16	3	18
23	1	15	5	16	16	3	inf
23	2	0	15	16	16	3	5
23	2	1	12	16	16	3	5
23	2	2	9	16	16	3	5
23	2	3	6	16	16	3	5
23	2	4	3	16	16	3	5
23	2	5	0	16	16	3	5
23	2	6	13	16	16	3	5
23	2	7	10	16	16	3	5
23	2	8	7	16	16	3	5
23	2	9	4	16	16	3	5
23	2	10	1	16	16	3	5
23	2	11	14	16	16	3	5
23	2	12	11	16	16	3	5
23	2	13	8	16	16	3	5
23	2	14	5	16	16	3	5
23	2	15	2	16	16	3	5
37	1	0	2	22	11	3	0
37	1	1	5	22	11	3	0
37	1	1	10	22	11	3	inf
37	1	2	8	22	11	3	0
37	1	3	0	22	11	3	0
37	1	3	5	22	11	3	inf
37	1	4	3	22	11	3	0
37	1	5	0	22	11	3	inf
37	1	5	6	22	11	3	0
37	1	6	9	22	11	3	0
37	1	7	1	22	11	3	0
37	1	7	6	22	11	3	inf
37	1	8	4	22	11	3	0
37	1	9	1	22	11	3	inf
37	1	9	7	22	11	3	0
37	1	10	10	22	11	3	0
37	1	11	2	22	11	3	0
37	1	11	7	22	11	3	inf
37	1	12	5	22	11	3	0
37	1	13	2	22	11	3	inf
37	1	13	8	22	11	3	0
37	1	14	0	22	11	3	0
37	1	15	3	22	11	3	0
37	1	15	8	22	11	3	inf
37	1	16	6	22	11	3	0
37	1	17	3	22	11	3	inf
37	1	17	9	22	11	3	0
37	1	18	1	22	11	3	0
37	1	19	4	22	11	3	0
37	1	19	9	22	11	3	inf
37	1	20	7	22	11	3	0
37	1	21	4	22	11	3	inf
37	1	21	10	22	11	3	0
37	2	0	2	22	11	3	0
37	2	0	7	22	11	3	inf
37	2	1	5	22	11	3	0
37	2	2	2	22	11	3	inf
37	2	2	8	22	11	3	0
37	2	3	0	22	11	3	0
37	2	4	3	22	11	3	0
37	2	4	8	22	11	3	inf
37	2	5	6	22	11	3	0
37	2	6	3	22	11	3	inf
37	2	6	9	22	11	3	0
37	2	7	1	22	11	3	0
37	2	8	4	22	11	3	0
37	2	8	9	22	11	3	inf
37	2	9	7	22	11	3	0
37	2	10	4	22	11	3	inf
37	2	10	10	22	11	3	0
37	2	11	2	22	11	3	0
37	2	12	5	22	11	3	0
37	2	12	10	22	11	3	inf
37	2	13	8	22	11	3	0
37	2	14	0	22	11	3	0
37	2	14	5	22	11	3	inf
37	2	15	3	22	11	3	0
37	2	16	0	22	11	3	inf
37	2	16	6	22	11	3	0
37	2	17	9	22	11	3	0
37	2	18	1	22	11	3	0
37	2	18	6	22	11	3	inf
37	2	19	4	22	11	3	0
37	2	20	1	22	11	3	inf
37	2	20	7	22	11	3	0
37	2	21	10	22	11	3	0
53	1	0	0	12	6	2	1
53	1	0	3	12	6	2	52
53	1	1	1	12	6	3	45
53	1	1	2	12	6	2	50
53	1	1	4	12	6	3	8
53	1	1	5	12	6	3	inf
53	1	2	1	12	6	2	50
53	1	2	2	12	6	3	45
53	1	2	4	12	6	2	3
53	1	2	5	12	6	3	8
53	1	3	0	12	6	2	52
53	1	3	3	12	6	2	1
53	1	4	2	12	6	2	1
53	1	4	5	12	6	2	52
53	1	5	0	12	6	3	8
53	1	5	1	12	6	3	inf
53	1	5	3	12	6	3	45
53	1	5	4	12	6	2	50
53	1	6	0	12	6	2	3
53	1	6	1	12	6	3	8
53	1	6	3	12	6	2	50
53	1	6	4	12	6	3	45
53	1	7	2	12	6	2	52
53	1	7	5	12	6	2	1
53	1	8	1	12	6	2	52
53	1	8	4	12	6	2	1
53	1	9	0	12	6	2	50
53	1	9	2	12	6	3	8
53	1	9	3	12	6	3	inf
53	1	9	5	12	6	3	45
53	1	10	0	12	6	3	45
53	1	10	2	12	6	2	3
53	1	10	3	12	6	3	8
53	1	10	5	12	6	2	50
53	1	11	1	12	6	2	1
53	1	11	4	12	6	2	52
53	2	0	0	12	6	2	52
53	2	0	3	12	6	2	1
53	2	1	1	12	6	3	8
53	2	1	2	12	6	3	inf
53	2	1	4	12	6	3	45
53	2	1	5	12	6	2	50
53	2	2	1	12	6	2	3
53	2	2	2	12	6	3	8
53	2	2	4	12	6	2	50
53	2	2	5	12	6	3	45
53	2	3	0	12	6	2	1
53	2	3	3	12	6	2	52
53	2	4	2	12	6	2	52
53	2	4	5	12	6	2	1
53	2	5	0	12	6	3	45
53	2	5	1	12	6	2	50
53	2	5	3	12	6	3	8
53	2	5	4	12	6	3	inf
53	2	6	0	12	6	2	50
53	2	6	1	12	6	3	45
53	2	6	3	12	6	2	3
53	2	6	4	12	6	3	8
53	2	7	2	12	6	2	1
53	2	7	5	12	6	2	52
53	2	8	1	12	6	2	1
53	2	8	4	12	6	2	52
53	2	9	0	12	6	3	inf
53	2	9	2	12	6	3	45
53	2	9	3	12	6	2	50
53	2	9	5	12	6	3	8
53	2	10	0	12	6	3	8
53	2	10	2	12	6	2	50
53	2	10	3	12	6	3	45
53	2	10	5	12	6	2	3
53	2	11	1	12	6	2	52
53	2	11	4	12	6	2	1
59	1	0	4	28	14	2	4
59	1	0	8	28	14	3	23
59	1	0	10	28	14	3	6
59	1	0	11	28	14	2	7
59	1	0	12	28	14	2	39
59	1	1	1	28	14	2	55
59	1	1	7	28	14	2	20
59	1	1	8	28	14	2	52
59	1	1	9	28	14	3	53
59	1	1	11	28	14	3	36
59	1	1	13	28	14	3	inf
59	1	2	0	28	14	3	53
59	1	2	1	28	14	2	52
59	1	2	2	28	14	2	20
59	1	2	8	28	14	2	55
59	1	2	12	28	14	3	36
59	1	3	1	28	14	3	23
59	1	3	5	28	14	2	4
59	1	3	11	28	14	2	39
59	1	3	12	28	14	2	7
59	1	3	13	28	14	3	6
59	1	4	2	28	14	3	23
59	1	4	4	28	14	3	6
59	1	4	5	28	14	2	7
59	1	4	6	28	14	2	39
59	1	4	12	28	14	2	4
59	1	5	1	28	14	2	20
59	1	5	2	28	14	2	52
59	1	5	3	28	14	3	53
59	1	5	5	28	14	3	36
59	1	5	7	28	14	3	inf
59	1	5	9	28	14	2	55
59	1	6	2	28	14	2	55
59	1	6	6	28	14	3	36
59	1	6	8	28	14	3	53
59	1	6	9	28	14	2	52
59	1	6	10	28	14	2	20
59	1	7	5	28	14	2	39
59	1	7	6	28	14	2	7
59	1	7	7	28	14	3	6
59	1	7	9	28	14	3	23
59	1	7	13	28	14	2	4
59	1	8	0	28	14	2	39
59	1	8	6	28	14	2	4
59	1	8	10	28	14	3	23
59	1	8	12	28	14	3	6
59	1	8	13	28	14	2	7
59	1	9	1	28	14	3	inf
59	1	9	3	28	14	2	55
59	1	9	9	28	14	2	20
59	1	9	10	28	14	2	52
59	1	9	11	28	14	3	53
59	1	9	13	28	14	3	36
59	1	10	0	28	14	3	36
59	1	10	2	28	14	3	53
59	1	10	3	28	14	2	52
59	1	10	4	28	14	2	20
59	1	10	10	28	14	2	55
59	1	11	0	28	14	2	7
59	1	11	1	28	14	3	6
59	1	11	3	28	14	3	23
59	1	11	7	28	14	2	4
59	1	11	13	28	14	2	39
59	1	12	0	28	14	2	4
59	1	12	4	28	14	3	23
59	1	12	6	28	14	3	6
59	1	12	7	28	14	2	7
59	1	12	8	28	14	2	39
59	1	13	3	28	14	2	20
59	1	13	4	28	14	2	52
59	1	13	5	28	14	3	53
59	1	13	7	28	14	3	36
59	1	13	9	28	14	3	inf
59	1	13	11	28	14	2	55
59	1	14	4	28	14	2	55
59	1	14	8	28	14	3	36
59	1	14	10	28	14	3	53
59	1	14	11	28	14	2	52
59	1	14	12	28	14	2	20
59	1	15	1	28	14	2	4
59	1	15	7	28	14	2	39
59	1	15	8	28	14	2	7
59	1	15	9	28	14	3	6
59	1	15	11	28	14	3	23
59	1	16	0	28	14	3	6
59	1	16	1	28	14	2	7
59	1	16	2	28	14	2	39
59	1	16	8	28	14	2	4
59	1	16	12	28	14	3	23
59	1	17	1	28	14	3	36
59	1	17	3	28	14	3	inf
59	1	17	5	28	14	2	55
59	1	17	11	28	14	2	20
59	1	17	12	28	14	2	52
59	1	17	13	28	14	3	53
59	1	18	2	28	14	3	36
59	1	18	4	28	14	3	53
59	1	18	5	28	14	2	52
59	1	18	6	28	14	2	20
59	1	18	12	28	14	2	55
59	1	19	1	28	14	2	39
59	1	19	2	28	14	2	7
59	1	19	3	28	14	3	6
59	1	19	5	28	14	3	23
59	1	19	9	28	14	2	4
59	1	20	2	28	14	2	4
59	1	20	6	28	14	3	23
59	1	20	8	28	14	3	6
59	1	20	9	28	14	2	7
59	1	20	10	28	14	2	39
59	1	21	5	28	14	2	20
59	1	21	6	28	14	2	52
59	1	21	7	28	14	3	53
59	1	21	9	28	14	3	36
59	1	21	11	28	14	3	inf
59	1	21	13	28	14	2	55
59	1	22	0	28	14	2	20
59	1	22	6	28	14	2	55
59	1	22	10	28	14	3	36
59	1	22	12	28	14	3	53
59	1	22	13	28	14	2	52
59	1	23	3	28	14	2	4
59	1	23	9	28	14	2	39
59	1	23	10	28	14	2	7
59	1	23	11	28	14	3	6
59	1	23	13	28	14	3	23
59	1	24	0	28	14	3	23
59	1	24	2	28	14	3	6
59	1	24	3	28	14	2	7
59	1	24	4	28	14	2	39
59	1	24	10	28	14	2	4
59	1	25	0	28	14	2	52
59	1	25	1	28	14	3	53
59	1	25	3	28	14	3	36
59	1	25	5	28	14	3	inf
59	1	25	7	28	14	2	55
59	1	25	13	28	14	2	20
59	1	26	0	28	14	2	55
59	1	26	4	28	14	3	36
59	1	26	6	28	14	3	53
59	1	26	7	28	14	2	52
59	1	26	8	28	14	2	20
59	1	27	3	28	14	2	39
59	1	27	4	28	14	2	7
59	1	27	5	28	14	3	6
59	1	27	7	28	14	3	23
59	1	27	11	28	14	2	4
59	2	0	4	28	14	2	55
59	2	0	8	28	14	3	36
59	2	0	10	28	14	3	53
59	2	0	11	28	14	2	52
59	2	0	12	28	14	2	20
59	2	1	1	28	14	2	4
59	2	1	7	28	14	2	39
59	2	1	8	28	14	2	7
59	2	1	9	28	14	3	6
59	2	1	11	28	14	3	23
59	2	2	0	28	14	3	6
59	2	2	1	28	14	2	7
59	2	2	2	28	14	2	39
59	2	2	8	28	14	2	4
59	2	2	12	28	14	3	23
59	2	3	1	28	14	3	36
59	2	3	3	28	14	3	inf
59	2	3	5	28	14	2	55
59	2	3	11	28	14	2	20
59	2	3	12	28	14	2	52
59	2	3	13	28	14	3	53
59	2	4	2	28	14	3	36
59	2	4	4	28	14	3	53
59	2	4	5	28	14	2	52
59	2	4	6	28	14	2	20
59	2	4	12	28	14	2	55
59	2	5	1	28	14	2	39
59	2	5	2	28	14	2	7
59	2	5	3	28	14	3	6
59	2	5	5	28	14	3	23
59	2	5	9	28	14	2	4
59	2	6	2	28	14	2	4
59	2	6	6	28	14	3	23
59	2	6	8	28	14	3	6
59	2	6	9	28	14	2	7
59	2	6	10	28	14	2	39
59	2	7	5	28	14	2	20
59	2	7	6	28	14	2	52
59	2	7	7	28	14	3	53
59	2	7	9	28	14	3	36
59	2	7	11	28	14	3	inf
59	2	7	13	28	14	2	55
59	2	8	0	28	14	2	20
59	2	8	6	28	14	2	55
59	2	8	10	28	14	3	36
59	2	8	12	28	14	3	53
59	2	8	13	28	14	2	52
59	2	9	3	28	14	2	4
59	2	9	9	28	14	2	39
59	2	9	10	28	14	2	7
59	2	9	11	28	14	3	6
59	2	9	13	28	14	3	23
59	2	10	0	28	14	3	23
59	2	10	2	28	14	3	6
59	2	10	3	28	14	2	7
59	2	10	4	28	14	2	39
59	2	10	10	28	14	2	4
59	2	11	0	28	14	2	52
59	2	11	1	28	14	3	53
59	2	11	3	28	14	3	36
59	2	11	5	28	14	3	inf
59	2	11	7	28	14	2	55
59	2	11	13	28	14	2	20
59	2	12	0	28	14	2	55
59	2	12	4	28	14	3	36
59	2	12	6	28	14	3	53
59	2	12	7	28	14	2	52
59	2	12	8	28	14	2	20
59	2	13	3	28	14	2	39
59	2	13	4	28	14	2	7
59	2	13	5	28	14	3	6
59	2	13	7	28	14	3	23
59	2	13	11	28	14	2	4
59	2	14	4	28	14	2	4
59	2	14	8	28	14	3	23
59	2	14	10	28	14	3	6
59	2	14	11	28	14	2	7
59	2	14	12	28	14	2	39
59	2	15	1	28	14	2	55
59	2	15	7	28	14	2	20
59	2	15	8	28	14	2	52
59	2	15	9	28	14	3	53
59	2	15	11	28	14	3	36
59	2	15	13	28	14	3	inf
59	2	16	0	28	14	3	53
59	2	16	1	28	14	2	52
59	2	16	2	28	14	2	20
59	2	16	8	28	14	2	55
59	2	16	12	28	14	3	36
59	2	17	1	28	14	3	23
59	2	17	5	28	14	2	4
59	2	17	11	28	14	2	39
59	2	17	12	28	14	2	7
59	2	17	13	28	14	3	6
59	2	18	2	28	14	3	23
59	2	18	4	28	14	3	6
59	2	18	5	28	14	2	7
59	2	18	6	28	14	2	39
59	2	18	12	28	14	2	4
59	2	19	1	28	14	2	20
59	2	19	2	28	14	2	52
59	2	19	3	28	14	3	53
59	2	19	5	28	14	3	36
59	2	19	7	28	14	3	inf
59	2	19	9	28	14	2	55
59	2	20	2	28	14	2	55
59	2	20	6	28	14	3	36
59	2	20	8	28	14	3	53
59	2	20	9	28	14	2	52
59	2	20	10	28	14	2	20
59	2	21	5	28	14	2	39
59	2	21	6	28	14	2	7
59	2	21	7	28	14	3	6
59	2	21	9	28	14	3	23
59	2	21	13	28	14	2	4
59	2	22	0	28	14	2	39
59	2	22	6	28	14	2	4
59	2	22	10	28	14	3	23
59	2	22	12	28	14	3	6
59	2	22	13	28	14	2	7
59	2	23	1	28	14	3	inf
59	2	23	3	28	14	2	55
59	2	23	9	28	14	2	20
59	2	23	10	28	14	2	52
59	2	23	11	28	14	3	53
59	2	23	13	28	14	3	36
59	2	24	0	28	14	3	36
59	2	24	2	28	14	3	53
59	2	24	3	28	14	2	52
59	2	24	4	28	14	2	20
59	2	24	10	28	14	2	55
59	2	25	0	28	14	2	7
59	2	25	1	28	14	3	6
59	2	25	3	28	14	3	23
59	2	25	7	28	14	2	4
59	2	25	13	28	14	2	39
59	2	26	0	28	14	2	4
59	2	26	4	28	14	3	23
59	2	26	6	28	14	3	6
59	2	26	7	28	14	2	7
59	2	26	8	28	14	2	39
59	2	27	3	28	14	2	20
59	2	27	4	28	14	2	52
59	2	27	5	28	14	3	53
59	2	27	7	28	14	3	36
59	2	27	9	28	14	3	inf
59	2	27	11	28	14	2	55
61	1	0	1	16	16	2	52
61	1	0	2	16	16	2	47
61	1	0	7	16	16	3	34
61	1	0	9	16	16	2	9
61	1	0	10	16	16	2	14
61	1	0	15	16	16	3	27
61	1	1	0	16	16	3	27
61	1	1	5	16	16	2	14
61	1	1	6	16	16	2	9
61	1	1	8	16	16	3	34
61	1	1	13	16	16	2	47
61	1	1	14	16	16	2	52
61	1	1	15	16	16	3	inf
61	1	2	0	16	16	2	47
61	1	2	5	16	16	3	34
61	1	2	7	16	16	2	9
61	1	2	8	16	16	2	14
61	1	2	13	16	16	3	27
61	1	2	15	16	16	2	52
61	1	3	3	16	16	2	14
61	1	3	4	16	16	2	9
61	1	3	6	16	16	3	34
61	1	3	11	16	16	2	47
61	1	3	12	16	16	2	52
61	1	3	13	16	16	3	inf
61	1	3	14	16	16	3	27
61	1	4	3	16	16	3	34
61	1	4	5	16	16	2	9
61	1	4	6	16	16	2	14
61	1	4	11	16	16	3	27
61	1	4	13	16	16	2	52
61	1	4	14	16	16	2	47
61	1	5	1	16	16	2	14
61	1	5	2	16	16	2	9
61	1	5	4	16	16	3	34
61	1	5	9	16	16	2	47
61	1	5	10	16	16	2	52
61	1	5	11	16	16	3	inf
61	1	5	12	16	16	3	27
61	1	6	1	16	16	3	34
61	1	6	3	16	16	2	9
61	1	6	4	16	16	2	14
61	1	6	9	16	16	3	27
61	1	6	11	16	16	2	52
61	1	6	12	16	16	2	47
61	1	7	0	16	16	2	9
61	1	7	2	16	16	3	34
61	1	7	7	16	16	2	47
61	1	7	8	16	16	2	52
61	1	7	9	16	16	3	inf
61	1	7	10	16	16	3	27
61	1	7	15	16	16	2	14
61	1	8	1	16	16	2	9
61	1	8	2	16	16	2	14
61	1	8	7	16	16	3	27
61	1	8	9	16	16	2	52
61	1	8	10	16	16	2	47
61	1	8	15	16	16	3	34
61	1	9	0	16	16	3	34
61	1	9	5	16	16	2	47
61	1	9	6	16	16	2	52
61	1	9	7	16	16	3	inf
61	1	9	8	16	16	3	27
61	1	9	13	16	16	2	14
61	1	9	14	16	16	2	9
61	1	10	0	16	16	2	14
61	1	10	5	16	16	3	27
61	1	10	7	16	16	2	52
61	1	10	8	16	16	2	47
61	1	10	13	16	16	3	34
61	1	10	15	16	16	2	9
61	1	11	3	16	16	2	47
61	1	11	4	16	16	2	52
61	1	11	5	16	16	3	inf
61	1	11	6	16	16	3	27
61	1	11	11	16	16	2	14
61	1	11	12	16	16	2	9
61	1	11	14	16	16	3	34
61	1	12	3	16	16	3	27
61	1	12	5	16	16	2	52
61	1	12	6	16	16	2	47
61	1	12	11	16	16	3	34
61	1	12	13	16	16	2	9
61	1	12	14	16	16	2	14
61	1	13	1	16	16	2	47
61	1	13	2	16	16	2	52
61	1	13	3	16	16	3	inf
61	1	13	4	16	16	3	27
61	1	13	9	16	16	2	14
61	1	13	10	16	16	2	9
61	1	13	12	16	16	3	34
61	1	14	1	16	16	3	27
61	1	14	3	16	16	2	52
61	1	14	4	16	16	2	47
61	1	14	9	16	16	3	34
61	1	14	11	16	16	2	9
61	1	14	12	16	16	2	14
61	1	15	0	16	16	2	52
61	1	15	1	16	16	3	inf
61	1	15	2	16	16	3	27
61	1	15	7	16	16	2	14
61	1	15	8	16	16	2	9
61	1	15	10	16	16	3	34
61	1	15	15	16	16	2	47
61	2	0	1	16	16	2	9
61	2	0	2	16	16	2	14
61	2	0	7	16	16	3	27
61	2	0	9	16	16	2	52
61	2	0	10	16	16	2	47
61	2	0	15	16	16	3	34
61	2	1	0	16	16	3	34
61	2	1	5	16	16	2	47
61	2	1	6	16	16	2	52
61	2	1	7	16	16	3	inf
61	2	1	8	16	16	3	27
61	2	1	13	16	16	2	14
61	2	1	14	16	16	2	9
61	2	2	0	16	16	2	14
61	2	2	5	16	16	3	27
61	2	2	7	16	16	2	52
61	2	2	8	16	16	2	47
61	2	2	13	16	16	3	34
61	2	2	15	16	16	2	9
61	2	3	3	16	16	2	47
61	2	3	4	16	16	2	52
61	2	3	5	16	16	3	inf
61	2	3	6	16	16	3	27
61	2	3	11	16	16	2	14
61	2	3	12	16	16	2	9
61	2	3	14	16	16	3	34
61	2	4	3	16	16	3	27
61	2	4	5	16	16	2	52
61	2	4	6	16	16	2	47
61	2	4	11	16	16	3	34
61	2	4	13	16	16	2	9
61	2	4	14	16	16	2	14
61	2	5	1	16	16	2	47
61	2	5	2	16	16	2	52
61	2	5	3	16	16	3	inf
61	2	5	4	16	16	3	27
61	2	5	9	16	16	2	14
61	2	5	10	16	16	2	9
61	2	5	12	16	16	3	34
61	2	6	1	16	16	3	27
61	2	6	3	16	16	2	52
61	2	6	4	16	16	2	47
61	2	6	9	16	16	3	34
61	2	6	11	16	16	2	9
61	2	6	12	16	16	2	14
61	2	7	0	16	16	2	52
61	2	7	1	16	16	3	inf
61	2	7	2	16	16	3	27
61	2	7	7	16	16	2	14
61	2	7	8	16	16	2	9
61	2	7	10	16	16	3	34
61	2	7	15	16	16	2	47
61	2	8	1	16	16	2	52
61	2	8	2	16	16	2	47
61	2	8	7	16	16	3	34
61	2	8	9	16	16	2	9
61	2	8	10	16	16	2	14
61	2	8	15	16	16	3	27
61	2	9	0	16	16	3	27
61	2	9	5	16	16	2	14
61	2	9	6	16	16	2	9
61	2	9	8	16	16	3	34
61	2	9	13	16	16	2	47
61	2	9	14	16	16	2	52
61	2	9	15	16	16	3	inf
61	2	10	0	16	16	2	47
61	2	10	5	16	16	3	34
61	2	10	7	16	16	2	9
61	2	10	8	16	16	2	14
61	2	10	13	16	16	3	27
61	2	10	15	16	16	2	52
61	2	11	3	16	16	2	14
61	2	11	4	16	16	2	9
61	2	11	6	16	16	3	34
61	2	11	11	16	16	2	47
61	2	11	12	16	16	2	52
61	2	11	13	16	16	3	inf
61	2	11	14	16	16	3	27
61	2	12	3	16	16	3	34
61	2	12	5	16	16	2	9
61	2	12	6	16	16	2	14
61	2	12	11	16	16	3	27
61	2	12	13	16	16	2	52
61	2	12	14	16	16	2	47
61	2	13	1	16	16	2	14
61	2	13	2	16	16	2	9
61	2	13	4	16	16	3	34
61	2	13	9	16	16	2	47
61	2	13	10	16	16	2	52
61	2	13	11	16	16	3	inf
61	2	13	12	16	16	3	27
61	2	14	1	16	16	3	34
61	2	14	3	16	16	2	9
61	2	14	4	16	16	2	14
61	2	14	9	16	16	3	27
61	2	14	11	16	16	2	52
61	2	14	12	16	16	2	47
61	2	15	0	16	16	2	9
61	2	15	2	16	16	3	34
61	2	15	7	16	16	2	47
61	2	15	8	16	16	2	52
61	2	15	9	16	16	3	inf
61	2	15	10	16	16	3	27
61	2	15	15	16	16	2	14
67	1	0	0	12	36	3	1
67	1	0	4	12	36	3	19
67	1	0	11	12	36	3	inf
67	1	0	18	12	36	3	48
67	1	0	22	12	36	3	66
67	1	0	23	12	36	2	50
67	1	0	29	12	36	3	0
67	1	0	35	12	36	2	17
67	1	1	3	12	36	3	19
67	1	1	7	12	36	3	1
67	1	1	8	12	36	2	17
67	1	1	14	12	36	3	0
67	1	1	20	12	36	2	50
67	1	1	21	12	36	3	66
67	1	1	25	12	36	3	48
67	1	1	32	12	36	3	inf
67	1	1	35	12	36	3	inf
67	1	2	5	12	36	2	17
67	1	2	6	12	36	3	1
67	1	2	10	12	36	3	19
67	1	2	17	12	36	3	inf
67	1	2	24	12	36	3	48
67	1	2	28	12	36	3	66
67	1	2	29	12	36	2	50
67	1	2	35	12	36	3	0
67	1	3	2	12	36	3	inf
67	1	3	5	12	36	3	inf
67	1	3	9	12	36	3	19
67	1	3	13	12	36	3	1
67	1	3	14	12	36	2	17
67	1	3	20	12	36	3	0
67	1	3	26	12	36	2	50
67	1	3	27	12	36	3	66
67	1	3	31	12	36	3	48
67	1	4	5	12	36	3	0
67	1	4	11	12	36	2	17
67	1	4	12	12	36	3	1
67	1	4	16	12	36	3	19
67	1	4	23	12	36	3	inf
67	1	4	30	12	36	3	48
67	1	4	34	12	36	3	66
67	1	4	35	12	36	2	50
67	1	5	1	12	36	3	48
67	1	5	8	12	36	3	inf
67	1	5	11	12	36	3	inf
67	1	5	15	12	36	3	19
67	1	5	19	12	36	3	1
67	1	5	20	12	36	2	17
67	1	5	26	12	36	3	0
67	1	5	32	12	36	2	50
67	1	5	33	12	36	3	66
67	1	6	0	12	36	3	48
67	1	6	4	12	36	3	66
67	1	6	5	12	36	2	50
67	1	6	11	12	36	3	0
67	1	6	17	12	36	2	17
67	1	6	18	12	36	3	1
67	1	6	22	12	36	3	19
67	1	6	29	12	36	3	inf
67	1	7	2	12	36	2	50
67	1	7	3	12	36	3	66
67	1	7	7	12	36	3	48
67	1	7	14	12	36	3	inf
67	1	7	17	12	36	3	inf
67	1	7	21	12	36	3	19
67	1	7	25	12	36	3	1
67	1	7	26	12	36	2	17
67	1	7	32	12	36	3	0
67	1	8	6	12	36	3	48
67	1	8	10	12	36	3	66
67	1	8	11	12	36	2	50
67	1	8	17	12	36	3	0
67	1	8	23	12	36	2	17
67	1	8	24	12	36	3	1
67	1	8	28	12	36	3	19
67	1	8	35	12	36	3	inf
67	1	9	2	12	36	3	0
67	1	9	8	12	36	2	50
67	1	9	9	12	36	3	66
67	1	9	13	12	36	3	48
67	1	9	20	12	36	3	inf
67	1	9	23	12	36	3	inf
67	1	9	27	12	36	3	19
67	1	9	31	12	36	3	1
67	1	9	32	12	36	2	17
67	1	10	5	12	36	3	inf
67	1	10	12	12	36	3	48
67	1	10	16	12	36	3	66
67	1	10	17	12	36	2	50
67	1	10	23	12	36	3	0
67	1	10	29	12	36	2	17
67	1	10	30	12	36	3	1
67	1	10	34	12	36	3	19
67	1	11	1	12	36	3	1
67	1	11	2	12	36	2	17
67	1	11	8	12	36	3	0
67	1	11	14	12	36	2	50
67	1	11	15	12	36	3	66
67	1	11	19	12	36	3	48
67	1	11	26	12	36	3	inf
67	1	11	29	12	36	3	inf
67	1	11	33	12	36	3	19
67	2	0	0	12	36	3	66
67	2	0	4	12	36	3	48
67	2	0	11	12	36	3	inf
67	2	0	14	12	36	3	inf
67	2	0	18	12	36	3	19
67	2	0	22	12	36	3	1
67	2	0	23	12	36	2	17
67	2	0	29	12	36	3	0
67	2	0	35	12	36	2	50
67	2	1	3	12	36	3	48
67	2	1	7	12	36	3	66
67	2	1	8	12	36	2	50
67	2	1	14	12	36	3	0
67	2	1	20	12	36	2	17
67	2	1	21	12	36	3	1
67	2	1	25	12	36	3	19
67	2	1	32	12	36	3	inf
67	2	2	5	12	36	2	50
67	2	2	6	12	36	3	66
67	2	2	10	12	36	3	48
67	2	2	17	12	36	3	inf
67	2	2	20	12	36	3	inf
67	2	2	24	12	36	3	19
67	2	2	28	12	36	3	1
67	2	2	29	12	36	2	17
67	2	2	35	12	36	3	0
67	2	3	2	12	36	3	inf
67	2	3	9	12	36	3	48
67	2	3	13	12	36	3	66
67	2	3	14	12	36	2	50
67	2	3	20	12	36	3	0
67	2	3	26	12	36	2	17
67	2	3	27	12	36	3	1
67	2	3	31	12	36	3	19
67	2	4	5	12	36	3	0
67	2	4	11	12	36	2	50
67	2	4	12	12	36	3	66
67	2	4	16	12	36	3	48
67	2	4	23	12	36	3	inf
67	2	4	26	12	36	3	inf
67	2	4	30	12	36	3	19
67	2	4	34	12	36	3	1
67	2	4	35	12	36	2	17
67	2	5	1	12	36	3	19
67	2	5	8	12	36	3	inf
67	2	5	15	12	36	3	48
67	2	5	19	12	36	3	66
67	2	5	20	12	36	2	50
67	2	5	26	12	36	3	0
67	2	5	32	12	36	2	17
67	2	5	33	12	36	3	1
67	2	6	0	12	36	3	19
67	2	6	4	12	36	3	1
67	2	6	5	12	36	2	17
67	2	6	11	12	36	3	0
67	2	6	17	12	36	2	50
67	2	6	18	12	36	3	66
67	2	6	22	12	36	3	48
67	2	6	29	12	36	3	inf
67	2	6	32	12	36	3	inf
67	2	7	2	12	36	2	17
67	2	7	3	12	36	3	1
67	2	7	7	12	36	3	19
67	2	7	14	12	36	3	inf
67	2	7	21	12	36	3	48
67	2	7	25	12	36	3	66
67	2	7	26	12	36	2	50
67	2	7	32	12	36	3	0
67	2	8	2	12	36	3	inf
67	2	8	6	12	36	3	19
67	2	8	10	12	36	3	1
67	2	8	11	12	36	2	17
67	2	8	17	12	36	3	0
67	2	8	23	12	36	2	50
67	2	8	24	12	36	3	66
67	2	8	28	12	36	3	48
67	2	8	35	12	36	3	inf
67	2	9	2	12	36	3	0
67	2	9	8	12	36	2	17
67	2	9	9	12	36	3	1
67	2	9	13	12	36	3	19
67	2	9	20	12	36	3	inf
67	2	9	27	12	36	3	48
67	2	9	31	12	36	3	66
67	2	9	32	12	36	2	50
67	2	10	5	12	36	3	inf
67	2	10	8	12	36	3	inf
67	2	10	12	12	36	3	19
67	2	10	16	12	36	3	1
67	2	10	17	12	36	2	17
67	2	10	23	12	36	3	0
67	2	10	29	12	36	2	50
67	2	10	30	12	36	3	66
67	2	10	34	12	36	3	48
67	2	11	1	12	36	3	66
67	2	11	2	12	36	2	50
67	2	11	8	12	36	3	0
67	2	11	14	12	36	2	17
67	2	11	15	12	36	3	1
67	2	11	19	12	36	3	19
67	2	11	26	12	36	3	inf
67	2	11	33	12	36	3	48
71	1	0	0	42	14	2	1
71	1	0	1	42	14	2	57
71	1	0	5	42	14	3	9
71	1	0	6	42	14	2	6
71	1	0	7	42	14	2	70
71	1	0	8	42	14	2	14
71	1	0	12	42	14	3	62
71	1	0	13	42	14	2	65
71	1	1	1	42	14	2	58
71	1	1	2	42	14	2	13
71	1	1	5	42	14	3	38
71	1	1	8	42	14	2	13
71	1	1	9	42	14	2	58
71	1	1	12	42	14	3	33
71	1	1	13	42	14	3	inf
71	1	2	2	42	14	2	14
71	1	2	3	42	14	2	70
71	1	2	4	42	14	2	6
71	1	2	5	42	14	3	9
71	1	2	9	42	14	2	57
71	1	2	10	42	14	2	1
71	1	2	11	42	14	2	65
71	1	2	12	42	14	3	62
71	1	3	0	42	14	3	9
71	1	3	1	42	14	2	6
71	1	3	2	42	14	2	70
71	1	3	3	42	14	2	14
71	1	3	7	42	14	3	62
71	1	3	8	42	14	2	65
71	1	3	9	42	14	2	1
71	1	3	10	42	14	2	57
71	1	4	0	42	14	3	38
71	1	4	3	42	14	2	13
71	1	4	4	42	14	2	58
71	1	4	7	42	14	3	33
71	1	4	8	42	14	3	inf
71	1	4	10	42	14	2	58
71	1	4	11	42	14	2	13
71	1	5	0	42	14	3	9
71	1	5	4	42	14	2	57
71	1	5	5	42	14	2	1
71	1	5	6	42	14	2	65
71	1	5	7	42	14	3	62
71	1	5	11	42	14	2	14
71	1	5	12	42	14	2	70
71	1	5	13	42	14	2	6
71	1	6	2	42	14	3	62
71	1	6	3	42	14	2	65
71	1	6	4	42	14	2	1
71	1	6	5	42	14	2	57
71	1	6	9	42	14	3	9
71	1	6	10	42	14	2	6
71	1	6	11	42	14	2	70
71	1	6	12	42	14	2	14
71	1	7	2	42	14	3	33
71	1	7	3	42	14	3	inf
71	1	7	5	42	14	2	58
71	1	7	6	42	14	2	13
71	1	7	9	42	14	3	38
71	1	7	12	42	14	2	13
71	1	7	13	42	14	2	58
71	1	8	0	42	14	2	1
71	1	8	1	42	14	2	65
71	1	8	2	42	14	3	62
71	1	8	6	42	14	2	14
71	1	8	7	42	14	2	70
71	1	8	8	42	14	2	6
71	1	8	9	42	14	3	9
71	1	8	13	42	14	2	57
71	1	9	0	42	14	2	57
71	1	9	4	42	14	3	9
71	1	9	5	42	14	2	6
71	1	9	6	42	14	2	70
71	1	9	7	42	14	2	14
71	1	9	11	42	14	3	62
71	1	9	12	42	14	2	65
71	1	9	13	42	14	2	1
71	1	10	0	42	14	2	58
71	1	10	1	42	14	2	13
71	1	10	4	42	14	3	38
71	1	10	7	42	14	2	13
71	1	10	8	42	14	2	58
71	1	10	11	42	14	3	33
71	1	10	12	42	14	3	inf
71	1	11	1	42	14	2	14
71	1	11	2	42	14	2	70
71	1	11	3	42	14	2	6
71	1	11	4	42	14	3	9
71	1	11	8	42	14	2	57
71	1	11	9	42	14	2	1
71	1	11	10	42	14	2	65
71	1	11	11	42	14	3	62
71	1	12	0	42	14	2	6
71	1	12	1	42	14	2	70
71	1	12	2	42	14	2	14
71	1	12	6	42	14	3	62
71	1	12	7	42	14	2	65
71	1	12	8	42	14	2	1
71	1	12	9	42	14	2	57
71	1	12	13	42	14	3	9
71	1	13	2	42	14	2	13
71	1	13	3	42	14	2	58
71	1	13	6	42	14	3	33
71	1	13	7	42	14	3	inf
71	1	13	9	42	14	2	58
71	1	13	10	42	14	2	13
71	1	13	13	42	14	3	38
71	1	14	3	42	14	2	57
71	1	14	4	42	14	2	1
71	1	14	5	42	14	2	65
71	1	14	6	42	14	3	62
71	1	14	10	42	14	2	14
71	1	14	11	42	14	2	70
71	1	14	12	42	14	2	6
71	1	14	13	42	14	3	9
71	1	15	1	42	14	3	62
71	1	15	2	42	14	2	65
71	1	15	3	42	14	2	1
71	1	15	4	42	14	2	57
71	1	15	8	42	14	3	9
71	1	15	9	42	14	2	6
71	1	15	10	42	14	2	70
71	1	15	11	42	14	2	14
71	1	16	1	42	14	3	33
71	1	16	2	42	14	3	inf
71	1	16	4	42	14	2	58
71	1	16	5	42	14	2	13
71	1	16	8	42	14	3	38
71	1	16	11	42	14	2	13
71	1	16	12	42	14	2	58
71	1	17	0	42	14	2	65
71	1	17	1	42	14	3	62
71	1	17	5	42	14	2	14
71	1	17	6	42	14	2	70
71	1	17	7	42	14	2	6
71	1	17	8	42	14	3	9
71	1	17	12	42	14	2	57
71	1	17	13	42	14	2	1
71	1	18	3	42	14	3	9
71	1	18	4	42	14	2	6
71	1	18	5	42	14	2	70
71	1	18	6	42	14	2	14
71	1	18	10	42	14	3	62
71	1	18	11	42	14	2	65
71	1	18	12	42	14	2	1
71	1	18	13	42	14	2	57
71	1	19	0	42	14	2	13
71	1	19	3	42	14	3	38
71	1	19	6	42	14	2	13
71	1	19	7	42	14	2	58
71	1	19	10	42	14	3	33
71	1	19	11	42	14	3	inf
71	1	19	13	42	14	2	58
71	1	20	0	42	14	2	14
71	1	20	1	42	14	2	70
71	1	20	2	42	14	2	6
71	1	20	3	42	14	3	9
71	1	20	7	42	14	2	57
71	1	20	8	42	14	2	1
71	1	20	9	42	14	2	65
71	1	20	10	42	14	3	62
71	1	21	0	42	14	2	70
71	1	21	1	42	14	2	14
71	1	21	5	42	14	3	62
71	1	21	6	42	14	2	65
71	1	21	7	42	14	2	1
71	1	21	8	42	14	2	57
71	1	21	12	42	14	3	9
71	1	21	13	42	14	2	6
71	1	22	1	42	14	2	13
71	1	22	2	42	14	2	58
71	1	22	5	42	14	3	33
71	1	22	6	42	14	3	inf
71	1	22	8	42	14	2	58
71	1	22	9	42	14	2	13
71	1	22	12	42	14	3	38
71	1	23	2	42	14	2	57
71	1	23	3	42	14	2	1
71	1	23	4	42	14	2	65
71	1	23	5	42	14	3	62
71	1	23	9	42	14	2	14
71	1	23	10	42	14	2	70
71	1	23	11	42	14	2	6
71	1	23	12	42	14	3	9
71	1	24	0	42	14	3	62
71	1	24	1	42	14	2	65
71	1	24	2	42	14	2	1
71	1	24	3	42	14	2	57
71	1	24	7	42	14	3	9
71	1	24	8	42	14	2	6
71	1	24	9	42	14	2	70
71	1	24	10	42	14	2	14
71	1	25	0	42	14	3	33
71	1	25	1	42	14	3	inf
71	1	25	3	42	14	2	58
71	1	25	4	42	14	2	13
71	1	25	7	42	14	3	38
71	1	25	10	42	14	2	13
71	1	25	11	42	14	2	58
71	1	26	0	42	14	3	62
71	1	26	4	42	14	2	14
71	1	26	5	42	14	2	70
71	1	26	6	42	14	2	6
71	1	26	7	42	14	3	9
71	1	26	11	42	14	2	57
71	1	26	12	42	14	2	1
71	1	26	13	42	14	2	65
71	1	27	2	42	14	3	9
71	1	27	3	42	14	2	6
71	1	27	4	42	14	2	70
71	1	27	5	42	14	2	14
71	1	27	9	42	14	3	62
71	1	27	10	42	14	2	65
71	1	27	11	42	14	2	1
71	1	27	12	42	14	2	57
71	1	28	2	42	14	3	38
71	1	28	5	42	14	2	13
71	1	28	6	42	14	2	58
71	1	28	9	42	14	3	33
71	1	28	10	42	14	3	inf
71	1	28	12	42	14	2	58
71	1	28	13	42	14	2	13
71	1	29	0	42	14	2	70
71	1	29	1	42	14	2	6
71	1	29	2	42	14	3	9
71	1	29	6	42	14	2	57
71	1	29	7	42	14	2	1
71	1	29	8	42	14	2	65
71	1	29	9	42	14	3	62
71	1	29	13	42	14	2	14
71	1	30	0	42	14	2	14
71	1	30	4	42	14	3	62
71	1	30	5	42	14	2	65
71	1	30	6	42	14	2	1
71	1	30	7	42	14	2	57
71	1	30	11	42	14	3	9
71	1	30	12	42	14	2	6
71	1	30	13	42	14	2	70
71	1	31	0	42	14	2	13
71	1	31	1	42	14	2	58
71	1	31	4	42	14	3	33
71	1	31	5	42	14	3	inf
71	1	31	7	42	14	2	58
71	1	31	8	42	14	2	13
71	1	31	11	42	14	3	38
71	1	32	1	42	14	2	57
71	1	32	2	42	14	2	1
71	1	32	3	42	14	2	65
71	1	32	4	42	14	3	62
71	1	32	8	42	14	2	14
71	1	32	9	42	14	2	70
71	1	32	10	42	14	2	6
71	1	32	11	42	14	3	9
71	1	33	0	42	14	2	65
71	1	33	1	42	14	2	1
71	1	33	2	42	14	2	57
71	1	33	6	42	14	3	9
71	1	33	7	42	14	2	6
71	1	33	8	42	14	2	70
71	1	33	9	42	14	2	14
71	1	33	13	42	14	3	62
71	1	34	0	42	14	3	inf
71	1	34	2	42	14	2	58
71	1	34	3	42	14	2	13
71	1	34	6	42	14	3	38
71	1	34	9	42	14	2	13
71	1	34	10	42	14	2	58
71	1	34	13	42	14	3	33
71	1	35	3	42	14	2	14
71	1	35	4	42	14	2	70
71	1	35	5	42	14	2	6
71	1	35	6	42	14	3	9
71	1	35	10	42	14	2	57
71	1	35	11	42	14	2	1
71	1	35	12	42	14	2	65
71	1	35	13	42	14	3	62
71	1	36	1	42	14	3	9
71	1	36	2	42	14	2	6
71	1	36	3	42	14	2	70
71	1	36	4	42	14	2	14
71	1	36	8	42	14	3	62
71	1	36	9	42	14	2	65
71	1	36	10	42	14	2	1
71	1	36	11	42	14	2	57
71	1	37	1	42	14	3	38
71	1	37	4	42	14	2	13
71	1	37	5	42	14	2	58
71	1	37	8	42	14	3	33
71	1	37	9	42	14	3	inf
71	1	37	11	42	14	2	58
71	1	37	12	42	14	2	13
71	1	38	0	42	14	2	6
71	1	38	1	42	14	3	9
71	1	38	5	42	14	2	57
71	1	38	6	42	14	2	1
71	1	38	7	42	14	2	65
71	1	38	8	42	14	3	62
71	1	38	12	42	14	2	14
71	1	38	13	42	14	2	70
71	1	39	3	42	14	3	62
71	1	39	4	42	14	2	65
71	1	39	5	42	14	2	1
71	1	39	6	42	14	2	57
71	1	39	10	42	14	3	9
71	1	39	11	42	14	2	6
71	1	39	12	42	14	2	70
71	1	39	13	42	14	2	14
71	1	40	0	42	14	2	58
71	1	40	3	42	14	3	33
71	1	40	4	42	14	3	inf
71	1	40	6	42	14	2	58
71	1	40	7	42	14	2	13
71	1	40	10	42	14	3	38
71	1	40	13	42	14	2	13
71	1	41	0	42	14	2	57
71	1	41	1	42	14	2	1
71	1	41	2	42	14	2	65
71	1	41	3	42	14	3	62
71	1	41	7	42	14	2	14
71	1	41	8	42	14	2	70
71	1	41	9	42	14	2	6
71	1	41	10	42	14	3	9
71	2	0	0	42	14	2	70
71	2	0	1	42	14	2	14
71	2	0	5	42	14	3	62
71	2	0	6	42	14	2	65
71	2	0	7	42	14	2	1
71	2	0	8	42	14	2	57
71	2	0	12	42	14	3	9
71	2	0	13	42	14	2	6
71	2	1	1	42	14	2	13
71	2	1	2	42	14	2	58
71	2	1	5	42	14	3	33
71	2	1	6	42	14	3	inf
71	2	1	8	42	14	2	58
71	2	1	9	42	14	2	13
71	2	1	12	42	14	3	38
71	2	2	2	42	14	2	57
71	2	2	3	42	14	2	1
71	2	2	4	42	14	2	65
71	2	2	5	42	14	3	62
71	2	2	9	42	14	2	14
71	2	2	10	42	14	2	70
71	2	2	11	42	14	2	6
71	2	2	12	42	14	3	9
71	2	3	0	42	14	3	62
71	2	3	1	42	14	2	65
71	2	3	2	42	14	2	1
71	2	3	3	42	14	2	57
71	2	3	7	42	14	3	9
71	2	3	8	42	14	2	6
71	2	3	9	42	14	2	70
71	2	3	10	42	14	2	14
71	2	4	0	42	14	3	33
71	2	4	1	42	14	3	inf
71	2	4	3	42	14	2	58
71	2	4	4	42	14	2	13
71	2	4	7	42	14	3	38
71	2	4	10	42	14	2	13
71	2	4	11	42	14	2	58
71	2	5	0	42	14	3	62
71	2	5	4	42	14	2	14
71	2	5	5	42	14	2	70
71	2	5	6	42	14	2	6
71	2	5	7	42	14	3	9
71	2	5	11	42	14	2	57
71	2	5	12	42	14	2	1
71	2	5	13	42	14	2	65
71	2	6	2	42	14	3	9
71	2	6	3	42	14	2	6
71	2	6	4	42	14	2	70
71	2	6	5	42	14	2	14
71	2	6	9	42	14	3	62
71	2	6	10	42	14	2	65
71	2	6	11	42	14	2	1
71	2	6	12	42	14	2	57
71	2	7	2	42	14	3	38
71	2	7	5	42	14	2	13
71	2	7	6	42	14	2	58
71	2	7	9	42	14	3	33
71	2	7	10	42	14	3	inf
71	2	7	12	42	14	2	58
71	2	7	13	42	14	2	13
71	2	8	0	42	14	2	70
71	2	8	1	42	14	2	6
71	2	8	2	42	14	3	9
71	2	8	6	42	14	2	57
71	2	8	7	42	14	2	1
71	2	8	8	42	14	2	65
71	2	8	9	42	14	3	62
71	2	8	13	42	14	2	14
71	2	9	0	42	14	2	14
71	2	9	4	42	14	3	62
71	2	9	5	42	14	2	65
71	2	9	6	42	14	2	1
71	2	9	7	42	14	2	57
71	2	9	11	42	14	3	9
71	2	9	12	42	14	2	6
71	2	9	13	42	14	2	70
71	2	10	0	42	14	2	13
71	2	10	1	42	14	2	58
71	2	10	4	42	14	3	33
71	2	10	5	42	14	3	inf
71	2	10	7	42	14	2	58
71	2	10	8	42	14	2	13
71	2	10	11	42	14	3	38
71	2	11	1	42	14	2	57
71	2	11	2	42	14	2	1
71	2	11	3	42	14	2	65
71	2	11	4	42	14	3	62
71	2	11	8	42	14	2	14
71	2	11	9	42	14	2	70
71	2	11	10	42	14	2	6
71	2	11	11	42	14	3	9
71	2	12	0	42	14	2	65
71	2	12	1	42	14	2	1
71	2	12	2	42	14	2	57
71	2	12	6	42	14	3	9
71	2	12	7	42	14	2	6
71	2	12	8	42	14	2	70
71	2	12	9	42	14	2	14
71	2	12	13	42	14	3	62
71	2	13	0	42	14	3	inf
71	2	13	2	42	14	2	58
71	2	13	3	42	14	2	13
71	2	13	6	42	14	3	38
71	2	13	9	42	14	2	13
71	2	13	10	42	14	2	58
71	2	13	13	42	14	3	33
71	2	14	3	42	14	2	14
71	2	14	4	42	14	2	70
71	2	14	5	42	14	2	6
71	2	14	6	42	14	3	9
71	2	14	10	42	14	2	57
71	2	14	11	42	14	2	1
71	2	14	12	42	14	2	65
71	2	14	13	42	14	3	62
71	2	15	1	42	14	3	9
71	2	15	2	42	14	2	6
71	2	15	3	42	14	2	70
71	2	15	4	42	14	2	14
71	2	15	8	42	14	3	62
71	2	15	9	42	14	2	65
71	2	15	10	42	14	2	1
71	2	15	11	42	14	2	57
71	2	16	1	42	14	3	38
71	2	16	4	42	14	2	13
71	2	16	5	42	14	2	58
71	2	16	8	42	14	3	33
71	2	16	9	42	14	3	inf
71	2	16	11	42	14	2	58
71	2	16	12	42	14	2	13
71	2	17	0	42	14	2	6
71	2	17	1	42	14	3	9
71	2	17	5	42	14	2	57
71	2	17	6	42	14	2	1
71	2	17	7	42	14	2	65
71	2	17	8	42	14	3	62
71	2	17	12	42	14	2	14
71	2	17	13	42	14	2	70
71	2	18	3	42	14	3	62
71	2	18	4	42	14	2	65
71	2	18	5	42	14	2	1
71	2	18	6	42	14	2	57
71	2	18	10	42	14	3	9
71	2	18	11	42	14	2	6
71	2	18	12	42	14	2	70
71	2	18	13	42	14	2	14
71	2	19	0	42	14	2	58
71	2	19	3	42	14	3	33
71	2	19	4	42	14	3	inf
71	2	19	6	42	14	2	58
71	2	19	7	42	14	2	13
71	2	19	10	42	14	3	38
71	2	19	13	42	14	2	13
71	2	20	0	42	14	2	57
71	2	20	1	42	14	2	1
71	2	20	2	42	14	2	65
71	2	20	3	42	14	3	62
71	2	20	7	42	14	2	14
71	2	20	8	42	14	2	70
71	2	20	9	42	14	2	6
71	2	20	10	42	14	3	9
71	2	21	0	42	14	2	1
71	2	21	1	42	14	2	57
71	2	21	5	42	14	3	9
71	2	21	6	42	14	2	6
71	2	21	7	42	14	2	70
71	2	21	8	42	14	2	14
71	2	21	12	42	14	3	62
71	2	21	13	42	14	2	65
71	2	22	1	42	14	2	58
71	2	22	2	42	14	2	13
71	2	22	5	42	14	3	38
71	2	22	8	42	14	2	13
71	2	22	9	42	14	2	58
71	2	22	12	42	14	3	33
71	2	22	13	42	14	3	inf
71	2	23	2	42	14	2	14
71	2	23	3	42	14	2	70
71	2	23	4	42	14	2	6
71	2	23	5	42	14	3	9
71	2	23	9	42	14	2	57
71	2	23	10	42	14	2	1
71	2	23	11	42	14	2	65
71	2	23	12	42	14	3	62
71	2	24	0	42	14	3	9
71	2	24	1	42	14	2	6
71	2	24	2	42	14	2	70
71	2	24	3	42	14	2	14
71	2	24	7	42	14	3	62
71	2	24	8	42	14	2	65
71	2	24	9	42	14	2	1
71	2	24	10	42	14	2	57
71	2	25	0	42	14	3	38
71	2	25	3	42	14	2	13
71	2	25	4	42	14	2	58
71	2	25	7	42	14	3	33
71	2	25	8	42	14	3	inf
71	2	25	10	42	14	2	58
71	2	25	11	42	14	2	13
71	2	26	0	42	14	3	9
71	2	26	4	42	14	2	57
71	2	26	5	42	14	2	1
71	2	26	6	42	14	2	65
71	2	26	7	42	14	3	62
71	2	26	11	42	14	2	14
71	2	26	12	42	14	2	70
71	2	26	13	42	14	2	6
71	2	27	2	42	14	3	62
71	2	27	3	42	14	2	65
71	2	27	4	42	14	2	1
71	2	27	5	42	14	2	57
71	2	27	9	42	14	3	9
71	2	27	10	42	14	2	6
71	2	27	11	42	14	2	70
71	2	27	12	42	14	2	14
71	2	28	2	42	14	3	33
71	2	28	3	42	14	3	inf
71	2	28	5	42	14	2	58
71	2	28	6	42	14	2	13
71	2	28	9	42	14	3	38
71	2	28	12	42	14	2	13
71	2	28	13	42	14	2	58
71	2	29	0	42	14	2	1
71	2	29	1	42	14	2	65
71	2	29	2	42	14	3	62
71	2	29	6	42	14	2	14
71	2	29	7	42	14	2	70
71	2	29	8	42	14	2	6
71	2	29	9	42	14	3	9
71	2	29	13	42	14	2	57
71	2	30	0	42	14	2	57
71	2	30	4	42	14	3	9
71	2	30	5	42	14	2	6
71	2	30	6	42	14	2	70
71	2	30	7	42	14	2	14
71	2	30	11	42	14	3	62
71	2	30	12	42	14	2	65
71	2	30	13	42	14	2	1
71	2	31	0	42	14	2	58
71	2	31	1	42	14	2	13
71	2	31	4	42	14	3	38
71	2	31	7	42	14	2	13
71	2	31	8	42	14	2	58
71	2	31	11	42	14	3	33
71	2	31	12	42	14	3	inf
71	2	32	1	42	14	2	14
71	2	32	2	42	14	2	70
71	2	32	3	42	14	2	6
71	2	32	4	42	14	3	9
71	2	32	8	42	14	2	57
71	2	32	9	42	14	2	1
71	2	32	10	42	14	2	65
71	2	32	11	42	14	3	62
71	2	33	0	42	14	2	6
71	2	33	1	42	14	2	70
71	2	33	2	42	14	2	14
71	2	33	6	42	14	3	62
71	2	33	7	42	14	2	65
71	2	33	8	42	14	2	1
71	2	33	9	42	14	2	57
71	2	33	13	42	14	3	9
71	2	34	2	42	14	2	13
71	2	34	3	42	14	2	58
71	2	34	6	42	14	3	33
71	2	34	7	42	14	3	inf
71	2	34	9	42	14	2	58
71	2	34	10	42	14	2	13
71	2	34	13	42	14	3	38
71	2	35	3	42	14	2	57
71	2	35	4	42	14	2	1
71	2	35	5	42	14	2	65
71	2	35	6	42	14	3	62
71	2	35	10	42	14	2	14
71	2	35	11	42	14	2	70
71	2	35	12	42	14	2	6
71	2	35	13	42	14	3	9
71	2	36	1	42	14	3	62
71	2	36	2	42	14	2	65
71	2	36	3	42	14	2	1
71	2	36	4	42	14	2	57
71	2	36	8	42	14	3	9
71	2	36	9	42	14	2	6
71	2	36	10	42	14	2	70
71	2	36	11	42	14	2	14
71	2	37	1	42	14	3	33
71	2	37	2	42	14	3	inf
71	2	37	4	42	14	2	58
71	2	37	5	42	14	2	13
71	2	37	8	42	14	3	38
71	2	37	11	42	14	2	13
71	2	37	12	42	14	2	58
71	2	38	0	42	14	2	65
71	2	38	1	42	14	3	62
71	2	38	5	42	14	2	14
71	2	38	6	42	14	2	70
71	2	38	7	42	14	2	6
71	2	38	8	42	14	3	9
71	2	38	12	42	14	2	57
71	2	38	13	42	14	2	1
71	2	39	3	42	14	3	9
71	2	39	4	42	14	2	6
71	2	39	5	42	14	2	70
71	2	39	6	42	14	2	14
71	2	39	10	42	14	3	62
71	2	39	11	42	14	2	65
71	2	39	12	42	14	2	1
71	2	39	13	42	14	2	57
71	2	40	0	42	14	2	13
71	2	40	3	42	14	3	38
71	2	40	6	42	14	2	13
71	2	40	7	42	14	2	58
71	2	40	10	42	14	3	33
71	2	40	11	42	14	3	inf
71	2	40	13	42	14	2	58
71	2	41	0	42	14	2	14
71	2	41	1	42	14	2	70
71	2	41	2	42	14	2	6
71	2	41	3	42	14	3	9
71	2	41	7	42	14	2	57
71	2	41	8	42	14	2	1
71	2	41	9	42	14	2	65
71	2	41	10	42	14	3	62
73	1	0	0	84	84	2	1
73	1	0	3	84	84	2	8
73	1	0	15	84	84	2	8
73	1	0	18	84	84	2	1
73	1	0	29	84	84	2	34
73	1	0	30	84	84	3	0
73	1	0	31	84	84	2	39
73	1	0	42	84	84	2	72
73	1	0	45	84	84	2	65
73	1	0	57	84	84	2	65
73	1	0	60	84	84	2	72
73	1	0	66	84	84	3	inf
73	1	0	71	84	84	2	39
73	1	0	72	84	84	3	0
73	1	0	73	84	84	2	34
73	1	1	4	84	84	2	39
73	1	1	5	84	84	3	0
73	1	1	6	84	84	2	34
73	1	1	17	84	84	2	1
73	1	1	20	84	84	2	8
73	1	1	32	84	84	2	8
73	1	1	35	84	84	2	1
73	1	1	46	84	84	2	34
73	1	1	47	84	84	3	0
73	1	1	48	84	84	2	39
73	1	1	59	84	84	2	72
73	1	1	62	84	84	2	65
73	1	1	74	84	84	2	65
73	1	1	77	84	84	2	72
73	1	1	83	84	84	3	inf
73	1	2	7	84	84	2	65
73	1	2	10	84	84	2	72
73	1	2	16	84	84	3	inf
73	1	2	21	84	84	2	39
73	1	2	22	84	84	3	0
73	1	2	23	84	84	2	34
73	1	2	34	84	84	2	1
73	1	2	37	84	84	2	8
73	1	2	49	84	84	2	8
73	1	2	52	84	84	2	1
73	1	2	63	84	84	2	34
73	1	2	64	84	84	3	0
73	1	2	65	84	84	2	39
73	1	2	76	84	84	2	72
73	1	2	79	84	84	2	65
73	1	3	9	84	84	2	72
73	1	3	12	84	84	2	65
73	1	3	24	84	84	2	65
73	1	3	27	84	84	2	72
73	1	3	33	84	84	3	inf
73	1	3	38	84	84	2	39
73	1	3	39	84	84	3	0
73	1	3	40	84	84	2	34
73	1	3	51	84	84	2	1
73	1	3	54	84	84	2	8
73	1	3	66	84	84	2	8
73	1	3	69	84	84	2	1
73	1	3	80	84	84	2	34
73	1	3	81	84	84	3	0
73	1	3	82	84	84	2	39
73	1	4	2	84	84	2	1
73	1	4	13	84	84	2	34
73	1	4	14	84	84	3	0
73	1	4	15	84	84	2	39
73	1	4	26	84	84	2	72
73	1	4	29	84	84	2	65
73	1	4	41	84	84	2	65
73	1	4	44	84	84	2	72
73	1	4	50	84	84	3	inf
73	1	4	55	84	84	2	39
73	1	4	56	84	84	3	0
73	1	4	57	84	84	2	34
73	1	4	68	84	84	2	1
73	1	4	71	84	84	2	8
73	1	4	83	84	84	2	8
73	1	5	1	84	84	2	1
73	1	5	4	84	84	2	8
73	1	5	16	84	84	2	8
73	1	5	19	84	84	2	1
73	1	5	30	84	84	2	34
73	1	5	31	84	84	3	0
73	1	5	32	84	84	2	39
73	1	5	43	84	84	2	72
73	1	5	46	84	84	2	65
73	1	5	58	84	84	2	65
73	1	5	61	84	84	2	72
73	1	5	67	84	84	3	inf
73	1	5	72	84	84	2	39
73	1	5	73	84	84	3	0
73	1	5	74	84	84	2	34
73	1	6	0	84	84	3	inf
73	1	6	5	84	84	2	39
73	1	6	6	84	84	3	0
73	1	6	7	84	84	2	34
73	1	6	18	84	84	2	1
73	1	6	21	84	84	2	8
73	1	6	33	84	84	2	8
73	1	6	36	84	84	2	1
73	1	6	47	84	84	2	34
73	1	6	48	84	84	3	0
73	1	6	49	84	84	2	39
73	1	6	60	84	84	2	72
73	1	6	63	84	84	2	65
73	1	6	75	84	84	2	65
73	1	6	78	84	84	2	72
73	1	7	8	84	84	2	65
73	1	7	11	84	84	2	72
73	1	7	17	84	84	3	inf
73	1	7	22	84	84	2	39
73	1	7	23	84	84	3	0
73	1	7	24	84	84	2	34
73	1	7	35	84	84	2	1
73	1	7	38	84	84	2	8
73	1	7	50	84	84	2	8
73	1	7	53	84	84	2	1
73	1	7	64	84	84	2	34
73	1	7	65	84	84	3	0
73	1	7	66	84	84	2	39
73	1	7	77	84	84	2	72
73	1	7	80	84	84	2	65
73	1	8	10	84	84	2	72
73	1	8	13	84	84	2	65
73	1	8	25	84	84	2	65
73	1	8	28	84	84	2	72
73	1	8	34	84	84	3	inf
73	1	8	39	84	84	2	39
73	1	8	40	84	84	3	0
73	1	8	41	84	84	2	34
73	1	8	52	84	84	2	1
73	1	8	55	84	84	2	8
73	1	8	67	84	84	2	8
73	1	8	70	84	84	2	1
73	1	8	81	84	84	2	34
73	1	8	82	84	84	3	0
73	1	8	83	84	84	2	39
73	1	9	0	84	84	2	8
73	1	9	3	84	84	2	1
73	1	9	14	84	84	2	34
73	1	9	15	84	84	3	0
73	1	9	16	84	84	2	39
73	1	9	27	84	84	2	72
73	1	9	30	84	84	2	65
73	1	9	42	84	84	2	65
73	1	9	45	84	84	2	72
73	1	9	51	84	84	3	inf
73	1	9	56	84	84	2	39
73	1	9	57	84	84	3	0
73	1	9	58	84	84	2	34
73	1	9	69	84	84	2	1
73	1	9	72	84	84	2	8
73	1	10	2	84	84	2	1
73	1	10	5	84	84	2	8
73	1	10	17	84	84	2	8
73	1	10	20	84	84	2	1
73	1	10	31	84	84	2	34
73	1	10	32	84	84	3	0
73	1	10	33	84	84	2	39
73	1	10	44	84	84	2	72
73	1	10	47	84	84	2	65
73	1	10	59	84	84	2	65
73	1	10	62	84	84	2	72
73	1	10	68	84	84	3	inf
73	1	10	73	84	84	2	39
73	1	10	74	84	84	3	0
73	1	10	75	84	84	2	34
73	1	11	1	84	84	3	inf
73	1	11	6	84	84	2	39
73	1	11	7	84	84	3	0
73	1	11	8	84	84	2	34
73	1	11	19	84	84	2	1
73	1	11	22	84	84	2	8
73	1	11	34	84	84	2	8
73	1	11	37	84	84	2	1
73	1	11	48	84	84	2	34
73	1	11	49	84	84	3	0
73	1	11	50	84	84	2	39
73	1	11	61	84	84	2	72
73	1	11	64	84	84	2	65
73	1	11	76	84	84	2	65
73	1	11	79	84	84	2	72
73	1	12	9	84	84	2	65
73	1	12	12	84	84	2	72
73	1	12	18	84	84	3	inf
73	1	12	23	84	84	2	39
73	1	12	24	84	84	3	0
73	1	12	25	84	84	2	34
73	1	12	36	84	84	2	1
73	1	12	39	84	84	2	8
73	1	12	51	84	84	2	8
73	1	12	54	84	84	2	1
73	1	12	65	84	84	2	34
73	1	12	66	84	84	3	0
73	1	12	67	84	84	2	39
73	1	12	78	84	84	2	72
73	1	12	81	84	84	2	65
73	1	13	0	84	84	2	39
73	1	13	11	84	84	2	72
73	1	13	14	84	84	2	65
73	1	13	26	84	84	2	65
73	1	13	29	84	84	2	72
73	1	13	35	84	84	3	inf
73	1	13	40	84	84	2	39
73	1	13	41	84	84	3	0
73	1	13	42	84	84	2	34
73	1	13	53	84	84	2	1
73	1	13	56	84	84	2	8
73	1	13	68	84	84	2	8
73	1	13	71	84	84	2	1
73	1	13	82	84	84	2	34
73	1	13	83	84	84	3	0
73	1	14	1	84	84	2	8
73	1	14	4	84	84	2	1
73	1	14	15	84	84	2	34
73	1	14	16	84	84	3	0
73	1	14	17	84	84	2	39
73	1	14	28	84	84	2	72
73	1	14	31	84	84	2	65
73	1	14	43	84	84	2	65
73	1	14	46	84	84	2	72
73	1	14	52	84	84	3	inf
73	1	14	57	84	84	2	39
73	1	14	58	84	84	3	0
73	1	14	59	84	84	2	34
73	1	14	70	84	84	2	1
73	1	14	73	84	84	2	8
73	1	15	3	84	84	2	1
73	1	15	6	84	84	2	8
73	1	15	18	84	84	2	8
73	1	15	21	84	84	2	1
73	1	15	32	84	84	2	34
73	1	15	33	84	84	3	0
73	1	15	34	84	84	2	39
73	1	15	45	84	84	2	72
73	1	15	48	84	84	2	65
73	1	15	60	84	84	2	65
73	1	15	63	84	84	2	72
73	1	15	69	84	84	3	inf
73	1	15	74	84	84	2	39
73	1	15	75	84	84	3	0
73	1	15	76	84	84	2	34
73	1	16	2	84	84	3	inf
73	1	16	7	84	84	2	39
73	1	16	8	84	84	3	0
73	1	16	9	84	84	2	34
73	1	16	20	84	84	2	1
73	1	16	23	84	84	2	8
73	1	16	35	84	84	2	8
73	1	16	38	84	84	2	1
73	1	16	49	84	84	2	34
73	1	16	50	84	84	3	0
73	1	16	51	84	84	2	39
73	1	16	62	84	84	2	72
73	1	16	65	84	84	2	65
73	1	16	77	84	84	2	65
73	1	16	80	84	84	2	72
73	1	17	10	84	84	2	65
73	1	17	13	84	84	2	72
73	1	17	19	84	84	3	inf
73	1	17	24	84	84	2	39
73	1	17	25	84	84	3	0
73	1	17	26	84	84	2	34
73	1	17	37	84	84	2	1
73	1	17	40	84	84	2	8
73	1	17	52	84	84	2	8
73	1	17	55	84	84	2	1
73	1	17	66	84	84	2	34
73	1	17	67	84	84	3	0
73	1	17	68	84	84	2	39
73	1	17	79	84	84	2	72
73	1	17	82	84	84	2	65
73	1	18	0	84	84	3	0
73	1	18	1	84	84	2	39
73	1	18	12	84	84	2	72
73	1	18	15	84	84	2	65
73	1	18	27	84	84	2	65
73	1	18	30	84	84	2	72
73	1	18	36	84	84	3	inf
73	1	18	41	84	84	2	39
73	1	18	42	84	84	3	0
73	1	18	43	84	84	2	34
73	1	18	54	84	84	2	1
73	1	18	57	84	84	2	8
73	1	18	69	84	84	2	8
73	1	18	72	84	84	2	1
73	1	18	83	84	84	2	34
73	1	19	2	84	84	2	8
73	1	19	5	84	84	2	1
73	1	19	16	84	84	2	34
73	1	19	17	84	84	3	0
73	1	19	18	84	84	2	39
73	1	19	29	84	84	2	72
73	1	19	32	84	84	2	65
73	1	19	44	84	84	2	65
73	1	19	47	84	84	2	72
73	1	19	53	84	84	3	inf
73	1	19	58	84	84	2	39
73	1	19	59	84	84	3	0
73	1	19	60	84	84	2	34
73	1	19	71	84	84	2	1
73	1	19	74	84	84	2	8
73	1	20	4	84	84	2	1
73	1	20	7	84	84	2	8
73	1	20	19	84	84	2	8
73	1	20	22	84	84	2	1
73	1	20	33	84	84	2	34
73	1	20	34	84	84	3	0
73	1	20	35	84	84	2	39
73	1	20	46	84	84	2	72
73	1	20	49	84	84	2	65
73	1	20	61	84	84	2	65
73	1	20	64	84	84	2	72
73	1	20	70	84	84	3	inf
73	1	20	75	84	84	2	39
73	1	20	76	84	84	3	0
73	1	20	77	84	84	2	34
73	1	21	3	84	84	3	inf
73	1	21	8	84	84	2	39
73	1	21	9	84	84	3	0
73	1	21	10	84	84	2	34
73	1	21	21	84	84	2	1
73	1	21	24	84	84	2	8
73	1	21	36	84	84	2	8
73	1	21	39	84	84	2	1
73	1	21	50	84	84	2	34
73	1	21	51	84	84	3	0
73	1	21	52	84	84	2	39
73	1	21	63	84	84	2	72
73	1	21	66	84	84	2	65
73	1	21	78	84	84	2	65
73	1	21	81	84	84	2	72
73	1	22	11	84	84	2	65
73	1	22	14	84	84	2	72
73	1	22	20	84	84	3	inf
73	1	22	25	84	84	2	39
73	1	22	26	84	84	3	0
73	1	22	27	84	84	2	34
73	1	22	38	84	84	2	1
73	1	22	41	84	84	2	8
73	1	22	53	84	84	2	8
73	1	22	56	84	84	2	1
73	1	22	67	84	84	2	34
73	1	22	68	84	84	3	0
73	1	22	69	84	84	2	39
73	1	22	80	84	84	2	72
73	1	22	83	84	84	2	65
73	1	23	0	84	84	2	34
73	1	23	1	84	84	3	0
73	1	23	2	84	84	2	39
73	1	23	13	84	84	2	72
73	1	23	16	84	84	2	65
73	1	23	28	84	84	2	65
73	1	23	31	84	84	2	72
73	1	23	37	84	84	3	inf
73	1	23	42	84	84	2	39
73	1	23	43	84	84	3	0
73	1	23	44	84	84	2	34
73	1	23	55	84	84	2	1
73	1	23	58	84	84	2	8
73	1	23	70	84	84	2	8
73	1	23	73	84	84	2	1
73	1	24	3	84	84	2	8
73	1	24	6	84	84	2	1
73	1	24	17	84	84	2	34
73	1	24	18	84	84	3	0
73	1	24	19	84	84	2	39
73	1	24	30	84	84	2	72
73	1	24	33	84	84	2	65
73	1	24	45	84	84	2	65
73	1	24	48	84	84	2	72
73	1	24	54	84	84	3	inf
73	1	24	59	84	84	2	39
73	1	24	60	84	84	3	0
73	1	24	61	84	84	2	34
73	1	24	72	84	84	2	1
73	1	24	75	84	84	2	8
73	1	25	5	84	84	2	1
73	1	25	8	84	84	2	8
73	1	25	20	84	84	2	8
73	1	25	23	84	84	2	1
73	1	25	34	84	84	2	34
73	1	25	35	84	84	3	0
73	1	25	36	84	84	2	39
73	1	25	47	84	84	2	72
73	1	25	50	84	84	2	65
73	1	25	62	84	84	2	65
73	1	25	65	84	84	2	72
73	1	25	71	84	84	3	inf
73	1	25	76	84	84	2	39
73	1	25	77	84	84	3	0
73	1	25	78	84	84	2	34
73	1	26	4	84	84	3	inf
73	1	26	9	84	84	2	39
73	1	26	10	84	84	3	0
73	1	26	11	84	84	2	34
73	1	26	22	84	84	2	1
73	1	26	25	84	84	2	8
73	1	26	37	84	84	2	8
73	1	26	40	84	84	2	1
73	1	26	51	84	84	2	34
73	1	26	52	84	84	3	0
73	1	26	53	84	84	2	39
73	1	26	64	84	84	2	72
73	1	26	67	84	84	2	65
73	1	26	79	84	84	2	65
73	1	26	82	84	84	2	72
73	1	27	0	84	84	2	65
73	1	27	12	84	84	2	65
73	1	27	15	84	84	2	72
73	1	27	21	84	84	3	inf
73	1	27	26	84	84	2	39
73	1	27	27	84	84	3	0
73	1	27	28	84	84	2	34
73	1	27	39	84	84	2	1
73	1	27	42	84	84	2	8
73	1	27	54	84	84	2	8
73	1	27	57	84	84	2	1
73	1	27	68	84	84	2	34
73	1	27	69	84	84	3	0
73	1	27	70	84	84	2	39
73	1	27	81	84	84	2	72
73	1	28	1	84	84	2	34
73	1	28	2	84	84	3	0
73	1	28	3	84	84	2	39
73	1	28	14	84	84	2	72
73	1	28	17	84	84	2	65
73	1	28	29	84	84	2	65
73	1	28	32	84	84	2	72
73	1	28	38	84	84	3	inf
73	1	28	43	84	84	2	39
73	1	28	44	84	84	3	0
73	1	28	45	84	84	2	34
73	1	28	56	84	84	2	1
73	1	28	59	84	84	2	8
73	1	28	71	84	84	2	8
73	1	28	74	84	84	2	1
73	1	29	4	84	84	2	8
73	1	29	7	84	84	2	1
73	1	29	18	84	84	2	34
73	1	29	19	84	84	3	0
73	1	29	20	84	84	2	39
73	1	29	31	84	84	2	72
73	1	29	34	84	84	2	65
73	1	29	46	84	84	2	65
73	1	29	49	84	84	2	72
73	1	29	55	84	84	3	inf
73	1	29	60	84	84	2	39
73	1	29	61	84	84	3	0
73	1	29	62	84	84	2	34
73	1	29	73	84	84	2	1
73	1	29	76	84	84	2	8
73	1	30	6	84	84	2	1
73	1	30	9	84	84	2	8
73	1	30	21	84	84	2	8
73	1	30	24	84	84	2	1
73	1	30	35	84	84	2	34
73	1	30	36	84	84	3	0
73	1	30	37	84	84	2	39
73	1	30	48	84	84	2	72
73	1	30	51	84	84	2	65
73	1	30	63	84	84	2	65
73	1	30	66	84	84	2	72
73	1	30	72	84	84	3	inf
73	1	30	77	84	84	2	39
73	1	30	78	84	84	3	0
73	1	30	79	84	84	2	34
73	1	31	5	84	84	3	inf
73	1	31	10	84	84	2	39
73	1	31	11	84	84	3	0
73	1	31	12	84	84	2	34
73	1	31	23	84	84	2	1
73	1	31	26	84	84	2	8
73	1	31	38	84	84	2	8
73	1	31	41	84	84	2	1
73	1	31	52	84	84	2	34
73	1	31	53	84	84	3	0
73	1	31	54	84	84	2	39
73	1	31	65	84	84	2	72
73	1	31	68	84	84	2	65
73	1	31	80	84	84	2	65
73	1	31	83	84	84	2	72
73	1	32	1	84	84	2	65
73	1	32	13	84	84	2	65
73	1	32	16	84	84	2	72
73	1	32	22	84	84	3	inf
73	1	32	27	84	84	2	39
73	1	32	28	84	84	3	0
73	1	32	29	84	84	2	34
73	1	32	40	84	84	2	1
73	1	32	43	84	84	2	8
73	1	32	55	84	84	2	8
73	1	32	58	84	84	2	1
73	1	32	69	84	84	2	34
73	1	32	70	84	84	3	0
73	1	32	71	84	84	2	39
73	1	32	82	84	84	2	72
73	1	33	2	84	84	2	34
73	1	33	3	84	84	3	0
73	1	33	4	84	84	2	39
73	1	33	15	84	84	2	72
73	1	33	18	84	84	2	65
73	1	33	30	84	84	2	65
73	1	33	33	84	84	2	72
73	1	33	39	84	84	3	inf
73	1	33	44	84	84	2	39
73	1	33	45	84	84	3	0
73	1	33	46	84	84	2	34
73	1	33	57	84	84	2	1
73	1	33	60	84	84	2	8
73	1	33	72	84	84	2	8
73	1	33	75	84	84	2	1
73	1	34	5	84	84	2	8
73	1	34	8	84	84	2	1
73	1	34	19	84	84	2	34
73	1	34	20	84	84	3	0
73	1	34	21	84	84	2	39
73	1	34	32	84	84	2	72
73	1	34	35	84	84	2	65
73	1	34	47	84	84	2	65
73	1	34	50	84	84	2	72
73	1	34	56	84	84	3	inf
73	1	34	61	84	84	2	39
73	1	34	62	84	84	3	0
73	1	34	63	84	84	2	34
73	1	34	74	84	84	2	1
73	1	34	77	84	84	2	8
73	1	35	7	84	84	2	1
73	1	35	10	84	84	2	8
73	1	35	22	84	84	2	8
73	1	35	25	84	84	2	1
73	1	35	36	84	84	2	34
73	1	35	37	84	84	3	0
73	1	35	38	84	84	2	39
73	1	35	49	84	84	2	72
73	1	35	52	84	84	2	65
73	1	35	64	84	84	2	65
73	1	35	67	84	84	2	72
73	1	35	73	84	84	3	inf
73	1	35	78	84	84	2	39
73	1	35	79	84	84	3	0
73	1	35	80	84	84	2	34
73	1	36	0	84	84	2	72
73	1	36	6	84	84	3	inf
73	1	36	11	84	84	2	39
73	1	36	12	84	84	3	0
73	1	36	13	84	84	2	34
73	1	36	24	84	84	2	1
73	1	36	27	84	84	2	8
73	1	36	39	84	84	2	8
73	1	36	42	84	84	2	1
73	1	36	53	84	84	2	34
73	1	36	54	84	84	3	0
73	1	36	55	84	84	2	39
73	1	36	66	84	84	2	72
73	1	36	69	84	84	2	65
73	1	36	81	84	84	2	65
73	1	37	2	84	84	2	65
73	1	37	14	84	84	2	65
73	1	37	17	84	84	2	72
73	1	37	23	84	84	3	inf
73	1	37	28	84	84	2	39
73	1	37	29	84	84	3	0
73	1	37	30	84	84	2	34
73	1	37	41	84	84	2	1
73	1	37	44	84	84	2	8
73	1	37	56	84	84	2	8
73	1	37	59	84	84	2	1
73	1	37	70	84	84	2	34
73	1	37	71	84	84	3	0
73	1	37	72	84	84	2	39
73	1	37	83	84	84	2	72
73	1	38	3	84	84	2	34
73	1	38	4	84	84	3	0
73	1	38	5	84	84	2	39
73	1	38	16	84	84	2	72
73	1	38	19	84	84	2	65
73	1	38	31	84	84	2	65
73	1	38	34	84	84	2	72
73	1	38	40	84	84	3	inf
73	1	38	45	84	84	2	39
73	1	38	46	84	84	3	0
73	1	38	47	84	84	2	34
73	1	38	58	84	84	2	1
73	1	38	61	84	84	2	8
73	1	38	73	84	84	2	8
73	1	38	76	84	84	2	1
73	1	39	6	84	84	2	8
73	1	39	9	84	84	2	1
73	1	39	20	84	84	2	34
73	1	39	21	84	84	3	0
73	1	39	22	84	84	2	39
73	1	39	33	84	84	2	72
73	1	39	36	84	84	2	65
73	1	39	48	84	84	2	65
73	1	39	51	84	84	2	72
73	1	39	57	84	84	3	inf
73	1	39	62	84	84	2	39
73	1	39	63	84	84	3	0
73	1	39	64	84	84	2	34
73	1	39	75	84	84	2	1
73	1	39	78	84	84	2	8
73	1	40	8	84	84	2	1
73	1	40	11	84	84	2	8
73	1	40	23	84	84	2	8
73	1	40	26	84	84	2	1
73	1	40	37	84	84	2	34
73	1	40	38	84	84	3	0
73	1	40	39	84	84	2	39
73	1	40	50	84	84	2	72
73	1	40	53	84	84	2	65
73	1	40	65	84	84	2	65
73	1	40	68	84	84	2	72
73	1	40	74	84	84	3	inf
73	1	40	79	84	84	2	39
73	1	40	80	84	84	3	0
73	1	40	81	84	84	2	34
73	1	41	1	84	84	2	72
73	1	41	7	84	84	3	inf
73	1	41	12	84	84	2	39
73	1	41	13	84	84	3	0
73	1	41	14	84	84	2	34
73	1	41	25	84	84	2	1
73	1	41	28	84	84	2	8
73	1	41	40	84	84	2	8
73	1	41	43	84	84	2	1
73	1	41	54	84	84	2	34
73	1	41	55	84	84	3	0
73	1	41	56	84	84	2	39
73	1	41	67	84	84	2	72
73	1	41	70	84	84	2	65
73	1	41	82	84	84	2	65
73	1	42	0	84	84	2	72
73	1	42	3	84	84	2	65
73	1	42	15	84	84	2	65
73	1	42	18	84	84	2	72
73	1	42	24	84	84	3	inf
73	1	42	29	84	84	2	39
73	1	42	30	84	84	3	0
73	1	42	31	84	84	2	34
73	1	42	42	84	84	2	1
73	1	42	45	84	84	2	8
73	1	42	57	84	84	2	8
73	1	42	60	84	84	2	1
73	1	42	71	84	84	2	34
73	1	42	72	84	84	3	0
73	1	42	73	84	84	2	39
73	1	43	4	84	84	2	34
73	1	43	5	84	84	3	0
73	1	43	6	84	84	2	39
73	1	43	17	84	84	2	72
73	1	43	20	84	84	2	65
73	1	43	32	84	84	2	65
73	1	43	35	84	84	2	72
73	1	43	41	84	84	3	inf
73	1	43	46	84	84	2	39
73	1	43	47	84	84	3	0
73	1	43	48	84	84	2	34
73	1	43	59	84	84	2	1
73	1	43	62	84	84	2	8
73	1	43	74	84	84	2	8
73	1	43	77	84	84	2	1
73	1	44	7	84	84	2	8
73	1	44	10	84	84	2	1
73	1	44	21	84	84	2	34
73	1	44	22	84	84	3	0
73	1	44	23	84	84	2	39
73	1	44	34	84	84	2	72
73	1	44	37	84	84	2	65
73	1	44	49	84	84	2	65
73	1	44	52	84	84	2	72
73	1	44	58	84	84	3	inf
73	1	44	63	84	84	2	39
73	1	44	64	84	84	3	0
73	1	44	65	84	84	2	34
73	1	44	76	84	84	2	1
73	1	44	79	84	84	2	8
73	1	45	9	84	84	2	1
73	1	45	12	84	84	2	8
73	1	45	24	84	84	2	8
73	1	45	27	84	84	2	1
73	1	45	38	84	84	2	34
73	1	45	39	84	84	3	0
73	1	45	40	84	84	2	39
73	1	45	51	84	84	2	72
73	1	45	54	84	84	2	65
73	1	45	66	84	84	2	65
73	1	45	69	84	84	2	72
73	1	45	75	84	84	3	inf
73	1	45	80	84	84	2	39
73	1	45	81	84	84	3	0
73	1	45	82	84	84	2	34
73	1	46	2	84	84	2	72
73	1	46	8	84	84	3	inf
73	1	46	13	84	84	2	39
73	1	46	14	84	84	3	0
73	1	46	15	84	84	2	34
73	1	46	26	84	84	2	1
73	1	46	29	84	84	2	8
73	1	46	41	84	84	2	8
73	1	46	44	84	84	2	1
73	1	46	55	84	84	2	34
73	1	46	56	84	84	3	0
73	1	46	57	84	84	2	39
73	1	46	68	84	84	2	72
73	1	46	71	84	84	2	65
73	1	46	83	84	84	2	65
73	1	47	1	84	84	2	72
73	1	47	4	84	84	2	65
73	1	47	16	84	84	2	65
73	1	47	19	84	84	2	72
73	1	47	25	84	84	3	inf
73	1	47	30	84	84	2	39
73	1	47	31	84	84	3	0
73	1	47	32	84	84	2	34
73	1	47	43	84	84	2	1
73	1	47	46	84	84	2	8
73	1	47	58	84	84	2	8
73	1	47	61	84	84	2	1
73	1	47	72	84	84	2	34
73	1	47	73	84	84	3	0
73	1	47	74	84	84	2	39
73	1	48	5	84	84	2	34
73	1	48	6	84	84	3	0
73	1	48	7	84	84	2	39
73	1	48	18	84	84	2	72
73	1	48	21	84	84	2	65
73	1	48	33	84	84	2	65
73	1	48	36	84	84	2	72
73	1	48	42	84	84	3	inf
73	1	48	47	84	84	2	39
73	1	48	48	84	84	3	0
73	1	48	49	84	84	2	34
73	1	48	60	84	84	2	1
73	1	48	63	84	84	2	8
73	1	48	75	84	84	2	8
73	1	48	78	84	84	2	1
73	1	49	8	84	84	2	8
73	1	49	11	84	84	2	1
73	1	49	22	84	84	2	34
73	1	49	23	84	84	3	0
73	1	49	24	84	84	2	39
73	1	49	35	84	84	2	72
73	1	49	38	84	84	2	65
73	1	49	50	84	84	2	65
73	1	49	53	84	84	2	72
73	1	49	59	84	84	3	inf
73	1	49	64	84	84	2	39
73	1	49	65	84	84	3	0
73	1	49	66	84	84	2	34
73	1	49	77	84	84	2	1
73	1	49	80	84	84	2	8
73	1	50	10	84	84	2	1
73	1	50	13	84	84	2	8
73	1	50	25	84	84	2	8
73	1	50	28	84	84	2	1
73	1	50	39	84	84	2	34
73	1	50	40	84	84	3	0
73	1	50	41	84	84	2	39
73	1	50	52	84	84	2	72
73	1	50	55	84	84	2	65
73	1	50	67	84	84	2	65
73	1	50	70	84	84	2	72
73	1	50	76	84	84	3	inf
73	1	50	81	84	84	2	39
73	1	50	82	84	84	3	0
73	1	50	83	84	84	2	34
73	1	51	0	84	84	2	65
73	1	51	3	84	84	2	72
73	1	51	9	84	84	3	inf
73	1	51	14	84	84	2	39
73	1	51	15	84	84	3	0
73	1	51	16	84	84	2	34
73	1	51	27	84	84	2	1
73	1	51	30	84	84	2	8
73	1	51	42	84	84	2	8
73	1	51	45	84	84	2	1
73	1	51	56	84	84	2	34
73	1	51	57	84	84	3	0
73	1	51	58	84	84	2	39
73	1	51	69	84	84	2	72
73	1	51	72	84	84	2	65
73	1	52	2	84	84	2	72
73	1	52	5	84	84	2	65
73	1	52	17	84	84	2	65
73	1	52	20	84	84	2	72
73	1	52	26	84	84	3	inf
73	1	52	31	84	84	2	39
73	1	52	32	84	84	3	0
73	1	52	33	84	84	2	34
73	1	52	44	84	84	2	1
73	1	52	47	84	84	2	8
73	1	52	59	84	84	2	8
73	1	52	62	84	84	2	1
73	1	52	73	84	84	2	34
73	1	52	74	84	84	3	0
73	1	52	75	84	84	2	39
73	1	53	6	84	84	2	34
73	1	53	7	84	84	3	0
73	1	53	8	84	84	2	39
73	1	53	19	84	84	2	72
73	1	53	22	84	84	2	65
73	1	53	34	84	84	2	65
73	1	53	37	84	84	2	72
73	1	53	43	84	84	3	inf
73	1	53	48	84	84	2	39
73	1	53	49	84	84	3	0
73	1	53	50	84	84	2	34
73	1	53	61	84	84	2	1
73	1	53	64	84	84	2	8
73	1	53	76	84	84	2	8
73	1	53	79	84	84	2	1
73	1	54	9	84	84	2	8
73	1	54	12	84	84	2	1
73	1	54	23	84	84	2	34
73	1	54	24	84	84	3	0
73	1	54	25	84	84	2	39
73	1	54	36	84	84	2	72
73	1	54	39	84	84	2	65
73	1	54	51	84	84	2	65
73	1	54	54	84	84	2	72
73	1	54	60	84	84	3	inf
73	1	54	65	84	84	2	39
73	1	54	66	84	84	3	0
73	1	54	67	84	84	2	34
73	1	54	78	84	84	2	1
73	1	54	81	84	84	2	8
73	1	55	0	84	84	2	34
73	1	55	11	84	84	2	1
73	1	55	14	84	84	2	8
73	1	55	26	84	84	2	8
73	1	55	29	84	84	2	1
73	1	55	40	84	84	2	34
73	1	55	41	84	84	3	0
73	1	55	42	84	84	2	39
73	1	55	53	84	84	2	72
73	1	55	56	84	84	2	65
73	1	55	68	84	84	2	65
73	1	55	71	84	84	2	72
73	1	55	77	84	84	3	inf
73	1	55	82	84	84	2	39
73	1	55	83	84	84	3	0
73	1	56	1	84	84	2	65
73	1	56	4	84	84	2	72
73	1	56	10	84	84	3	inf
73	1	56	15	84	84	2	39
73	1	56	16	84	84	3	0
73	1	56	17	84	84	2	34
73	1	56	28	84	84	2	1
73	1	56	31	84	84	2	8
73	1	56	43	84	84	2	8
73	1	56	46	84	84	2	1
73	1	56	57	84	84	2	34
73	1	56	58	84	84	3	0
73	1	56	59	84	84	2	39
73	1	56	70	84	84	2	72
73	1	56	73	84	84	2	65
73	1	57	3	84	84	2	72
73	1	57	6	84	84	2	65
73	1	57	18	84	84	2	65
73	1	57	21	84	84	2	72
73	1	57	27	84	84	3	inf
73	1	57	32	84	84	2	39
73	1	57	33	84	84	3	0
73	1	57	34	84	84	2	34
73	1	57	45	84	84	2	1
73	1	57	48	84	84	2	8
73	1	57	60	84	84	2	8
73	1	57	63	84	84	2	1
73	1	57	74	84	84	2	34
73	1	57	75	84	84	3	0
73	1	57	76	84	84	2	39
73	1	58	7	84	84	2	34
73	1	58	8	84	84	3	0
73	1	58	9	84	84	2	39
73	1	58	20	84	84	2	72
73	1	58	23	84	84	2	65
73	1	58	35	84	84	2	65
73	1	58	38	84	84	2	72
73	1	58	44	84	84	3	inf
73	1	58	49	84	84	2	39
73	1	58	50	84	84	3	0
73	1	58	51	84	84	2	34
73	1	58	62	84	84	2	1
73	1	58	65	84	84	2	8
73	1	58	77	84	84	2	8
73	1	58	80	84	84	2	1
73	1	59	10	84	84	2	8
73	1	59	13	84	84	2	1
73	1	59	24	84	84	2	34
73	1	59	25	84	84	3	0
73	1	59	26	84	84	2	39
73	1	59	37	84	84	2	72
73	1	59	40	84	84	2	65
73	1	59	52	84	84	2	65
73	1	59	55	84	84	2	72
73	1	59	61	84	84	3	inf
73	1	59	66	84	84	2	39
73	1	59	67	84	84	3	0
73	1	59	68	84	84	2	34
73	1	59	79	84	84	2	1
73	1	59	82	84	84	2	8
73	1	60	0	84	84	3	0
73	1	60	1	84	84	2	34
73	1	60	12	84	84	2	1
73	1	60	15	84	84	2	8
73	1	60	27	84	84	2	8
73	1	60	30	84	84	2	1
73	1	60	41	84	84	2	34
73	1	60	42	84	84	3	0
73	1	60	43	84	84	2	39
73	1	60	54	84	84	2	72
73	1	60	57	84	84	2	65
73	1	60	69	84	84	2	65
73	1	60	72	84	84	2	72
73	1	60	78	84	84	3	inf
73	1	60	83	84	84	2	39
73	1	61	2	84	84	2	65
73	1	61	5	84	84	2	72
73	1	61	11	84	84	3	inf
73	1	61	16	84	84	2	39
73	1	61	17	84	84	3	0
73	1	61	18	84	84	2	34
73	1	61	29	84	84	2	1
73	1	61	32	84	84	2	8
73	1	61	44	84	84	2	8
73	1	61	47	84	84	2	1
73	1	61	58	84	84	2	34
73	1	61	59	84	84	3	0
73	1	61	60	84	84	2	39
73	1	61	71	84	84	2	72
73	1	61	74	84	84	2	65
73	1	62	4	84	84	2	72
73	1	62	7	84	84	2	65
73	1	62	19	84	84	2	65
73	1	62	22	84	84	2	72
73	1	62	28	84	84	3	inf
73	1	62	33	84	84	2	39
73	1	62	34	84	84	3	0
73	1	62	35	84	84	2	34
73	1	62	46	84	84	2	1
73	1	62	49	84	84	2	8
73	1	62	61	84	84	2	8
73	1	62	64	84	84	2	1
73	1	62	75	84	84	2	34
73	1	62	76	84	84	3	0
73	1	62	77	84	84	2	39
73	1	63	8	84	84	2	34
73	1	63	9	84	84	3	0
73	1	63	10	84	84	2	39
73	1	63	21	84	84	2	72
73	1	63	24	84	84	2	65
73	1	63	36	84	84	2	65
73	1	63	39	84	84	2	72
73	1	63	45	84	84	3	inf
73	1	63	50	84	84	2	39
73	1	63	51	84	84	3	0
73	1	63	52	84	84	2	34
73	1	63	63	84	84	2	1
73	1	63	66	84	84	2	8
73	1	63	78	84	84	2	8
73	1	63	81	84	84	2	1
73	1	64	11	84	84	2	8
73	1	64	14	84	84	2	1
73	1	64	25	84	84	2	34
73	1	64	26	84	84	3	0
73	1	64	27	84	84	2	39
73	1	64	38	84	84	2	72
73	1	64	41	84	84	2	65
73	1	64	53	84	84	2	65
73	1	64	56	84	84	2	72
73	1	64	62	84	84	3	inf
73	1	64	67	84	84	2	39
73	1	64	68	84	84	3	0
73	1	64	69	84	84	2	34
73	1	64	80	84	84	2	1
73	1	64	83	84	84	2	8
73	1	65	0	84	84	2	39
73	1	65	1	84	84	3	0
73	1	65	2	84	84	2	34
73	1	65	13	84	84	2	1
73	1	65	16	84	84	2	8
73	1	65	28	84	84	2	8
73	1	65	31	84	84	2	1
73	1	65	42	84	84	2	34
73	1	65	43	84	84	3	0
73	1	65	44	84	84	2	39
73	1	65	55	84	84	2	72
73	1	65	58	84	84	2	65
73	1	65	70	84	84	2	65
73	1	65	73	84	84	2	72
73	1	65	79	84	84	3	inf
73	1	66	3	84	84	2	65
73	1	66	6	84	84	2	72
73	1	66	12	84	84	3	inf
73	1	66	17	84	84	2	39
73	1	66	18	84	84	3	0
73	1	66	19	84	84	2	34
73	1	66	30	84	84	2	1
73	1	66	33	84	84	2	8
73	1	66	45	84	84	2	8
73	1	66	48	84	84	2	1
73	1	66	59	84	84	2	34
73	1	66	60	84	84	3	0
73	1	66	61	84	84	2	39
73	1	66	72	84	84	2	72
73	1	66	75	84	84	2	65
73	1	67	5	84	84	2	72
73	1	67	8	84	84	2	65
73	1	67	20	84	84	2	65
73	1	67	23	84	84	2	72
73	1	67	29	84	84	3	inf
73	1	67	34	84	84	2	39
73	1	67	35	84	84	3	0
73	1	67	36	84	84	2	34
73	1	67	47	84	84	2	1
73	1	67	50	84	84	2	8
73	1	67	62	84	84	2	8
73	1	67	65	84	84	2	1
73	1	67	76	84	84	2	34
73	1	67	77	84	84	3	0
73	1	67	78	84	84	2	39
73	1	68	9	84	84	2	34
73	1	68	10	84	84	3	0
73	1	68	11	84	84	2	39
73	1	68	22	84	84	2	72
73	1	68	25	84	84	2	65
73	1	68	37	84	84	2	65
73	1	68	40	84	84	2	72
73	1	68	46	84	84	3	inf
73	1	68	51	84	84	2	39
73	1	68	52	84	84	3	0
73	1	68	53	84	84	2	34
73	1	68	64	84	84	2	1
73	1	68	67	84	84	2	8
73	1	68	79	84	84	2	8
73	1	68	82	84	84	2	1
73	1	69	0	84	84	2	8
73	1	69	12	84	84	2	8
73	1	69	15	84	84	2	1
73	1	69	26	84	84	2	34
73	1	69	27	84	84	3	0
73	1	69	28	84	84	2	39
73	1	69	39	84	84	2	72
73	1	69	42	84	84	2	65
73	1	69	54	84	84	2	65
73	1	69	57	84	84	2	72
73	1	69	63	84	84	3	inf
73	1	69	68	84	84	2	39
73	1	69	69	84	84	3	0
73	1	69	70	84	84	2	34
73	1	69	81	84	84	2	1
73	1	70	1	84	84	2	39
73	1	70	2	84	84	3	0
73	1	70	3	84	84	2	34
73	1	70	14	84	84	2	1
73	1	70	17	84	84	2	8
73	1	70	29	84	84	2	8
73	1	70	32	84	84	2	1
73	1	70	43	84	84	2	34
73	1	70	44	84	84	3	0
73	1	70	45	84	84	2	39
73	1	70	56	84	84	2	72
73	1	70	59	84	84	2	65
73	1	70	71	84	84	2	65
73	1	70	74	84	84	2	72
73	1	70	80	84	84	3	inf
73	1	71	4	84	84	2	65
73	1	71	7	84	84	2	72
73	1	71	13	84	84	3	inf
73	1	71	18	84	84	2	39
73	1	71	19	84	84	3	0
73	1	71	20	84	84	2	34
73	1	71	31	84	84	2	1
73	1	71	34	84	84	2	8
73	1	71	46	84	84	2	8
73	1	71	49	84	84	2	1
73	1	71	60	84	84	2	34
73	1	71	61	84	84	3	0
73	1	71	62	84	84	2	39
73	1	71	73	84	84	2	72
73	1	71	76	84	84	2	65
73	1	72	6	84	84	2	72
73	1	72	9	84	84	2	65
73	1	72	21	84	84	2	65
73	1	72	24	84	84	2	72
73	1	72	30	84	84	3	inf
73	1	72	35	84	84	2	39
73	1	72	36	84	84	3	0
73	1	72	37	84	84	2	34
73	1	72	48	84	84	2	1
73	1	72	51	84	84	2	8
73	1	72	63	84	84	2	8
73	1	72	66	84	84	2	1
73	1	72	77	84	84	2	34
73	1	72	78	84	84	3	0
73	1	72	79	84	84	2	39
73	1	73	10	84	84	2	34
73	1	73	11	84	84	3	0
73	1	73	12	84	84	2	39
73	1	73	23	84	84	2	72
73	1	73	26	84	84	2	65
73	1	73	38	84	84	2	65
73	1	73	41	84	84	2	72
73	1	73	47	84	84	3	inf
73	1	73	52	84	84	2	39
73	1	73	53	84	84	3	0
73	1	73	54	84	84	2	34
73	1	73	65	84	84	2	1
73	1	73	68	84	84	2	8
73	1	73	80	84	84	2	8
73	1	73	83	84	84	2	1
73	1	74	1	84	84	2	8
73	1	74	13	84	84	2	8
73	1	74	16	84	84	2	1
73	1	74	27	84	84	2	34
73	1	74	28	84	84	3	0
73	1	74	29	84	84	2	39
73	1	74	40	84	84	2	72
73	1	74	43	84	84	2	65
73	1	74	55	84	84	2	65
73	1	74	58	84	84	2	72
73	1	74	64	84	84	3	inf
73	1	74	69	84	84	2	39
73	1	74	70	84	84	3	0
73	1	74	71	84	84	2	34
73	1	74	82	84	84	2	1
73	1	75	2	84	84	2	39
73	1	75	3	84	84	3	0
73	1	75	4	84	84	2	34
73	1	75	15	84	84	2	1
73	1	75	18	84	84	2	8
73	1	75	30	84	84	2	8
73	1	75	33	84	84	2	1
73	1	75	44	84	84	2	34
73	1	75	45	84	84	3	0
73	1	75	46	84	84	2	39
73	1	75	57	84	84	2	72
73	1	75	60	84	84	2	65
73	1	75	72	84	84	2	65
73	1	75	75	84	84	2	72
73	1	75	81	84	84	3	inf
73	1	76	5	84	84	2	65
73	1	76	8	84	84	2	72
73	1	76	14	84	84	3	inf
73	1	76	19	84	84	2	39
73	1	76	20	84	84	3	0
73	1	76	21	84	84	2	34
73	1	76	32	84	84	2	1
73	1	76	35	84	84	2	8
73	1	76	47	84	84	2	8
73	1	76	50	84	84	2	1
73	1	76	61	84	84	2	34
73	1	76	62	84	84	3	0
73	1	76	63	84	84	2	39
73	1	76	74	84	84	2	72
73	1	76	77	84	84	2	65
73	1	77	7	84	84	2	72
73	1	77	10	84	84	2	65
73	1	77	22	84	84	2	65
73	1	77	25	84	84	2	72
73	1	77	31	84	84	3	inf
73	1	77	36	84	84	2	39
73	1	77	37	84	84	3	0
73	1	77	38	84	84	2	34
73	1	77	49	84	84	2	1
73	1	77	52	84	84	2	8
73	1	77	64	84	84	2	8
73	1	77	67	84	84	2	1
73	1	77	78	84	84	2	34
73	1	77	79	84	84	3	0
73	1	77	80	84	84	2	39
73	1	78	0	84	84	2	1
73	1	78	11	84	84	2	34
73	1	78	12	84	84	3	0
73	1	78	13	84	84	2	39
73	1	78	24	84	84	2	72
73	1	78	27	84	84	2	65
73	1	78	39	84	84	2	65
73	1	78	42	84	84	2	72
73	1	78	48	84	84	3	inf
73	1	78	53	84	84	2	39
73	1	78	54	84	84	3	0
73	1	78	55	84	84	2	34
73	1	78	66	84	84	2	1
73	1	78	69	84	84	2	8
73	1	78	81	84	84	2	8
73	1	79	2	84	84	2	8
73	1	79	14	84	84	2	8
73	1	79	17	84	84	2	1
73	1	79	28	84	84	2	34
73	1	79	29	84	84	3	0
73	1	79	30	84	84	2	39
73	1	79	41	84	84	2	72
73	1	79	44	84	84	2	65
73	1	79	56	84	84	2	65
73	1	79	59	84	84	2	72
73	1	79	65	84	84	3	inf
73	1	79	70	84	84	2	39
73	1	79	71	84	84	3	0
73	1	79	72	84	84	2	34
73	1	79	83	84	84	2	1
73	1	80	3	84	84	2	39
73	1	80	4	84	84	3	0
73	1	80	5	84	84	2	34
73	1	80	16	84	84	2	1
73	1	80	19	84	84	2	8
73	1	80	31	84	84	2	8
73	1	80	34	84	84	2	1
73	1	80	45	84	84	2	34
73	1	80	46	84	84	3	0
73	1	80	47	84	84	2	39
73	1	80	58	84	84	2	72
73	1	80	61	84	84	2	65
73	1	80	73	84	84	2	65
73	1	80	76	84	84	2	72
73	1	80	82	84	84	3	inf
73	1	81	6	84	84	2	65
73	1	81	9	84	84	2	72
73	1	81	15	84	84	3	inf
73	1	81	20	84	84	2	39
73	1	81	21	84	84	3	0
73	1	81	22	84	84	2	34
73	1	81	33	84	84	2	1
73	1	81	36	84	84	2	8
73	1	81	48	84	84	2	8
73	1	81	51	84	84	2	1
73	1	81	62	84	84	2	34
73	1	81	63	84	84	3	0
73	1	81	64	84	84	2	39
73	1	81	75	84	84	2	72
73	1	81	78	84	84	2	65
73	1	82	8	84	84	2	72
73	1	82	11	84	84	2	65
73	1	82	23	84	84	2	65
73	1	82	26	84	84	2	72
73	1	82	32	84	84	3	inf
73	1	82	37	84	84	2	39
73	1	82	38	84	84	3	0
73	1	82	39	84	84	2	34
73	1	82	50	84	84	2	1
73	1	82	53	84	84	2	8
73	1	82	65	84	84	2	8
73	1	82	68	84	84	2	1
73	1	82	79	84	84	2	34
73	1	82	80	84	84	3	0
73	1	82	81	84	84	2	39
73	1	83	1	84	84	2	1
73	1	83	12	84	84	2	34
73	1	83	13	84	84	3	0
73	1	83	14	84	84	2	39
73	1	83	25	84	84	2	72
73	1	83	28	84	84	2	65
73	1	83	40	84	84	2	65
73	1	83	43	84	84	2	72
73	1	83	49	84	84	3	inf
73	1	83	54	84	84	2	39
73	1	83	55	84	84	3	0
73	1	83	56	84	84	2	34
73	1	83	67	84	84	2	1
73	1	83	70	84	84	2	8
73	1	83	82	84	84	2	8
73	2	0	0	84	84	2	72
73	2	0	3	84	84	2	65
73	2	0	15	84	84	2	65
73	2	0	18	84	84	2	72
73	2	0	24	84	84	3	inf
73	2	0	29	84	84	2	39
73	2	0	30	84	84	3	0
73	2	0	31	84	84	2	34
73	2	0	42	84	84	2	1
73	2	0	45	84	84	2	8
73	2	0	57	84	84	2	8
73	2	0	60	84	84	2	1
73	2	0	71	84	84	2	34
73	2	0	72	84	84	3	0
73	2	0	73	84	84	2	39
73	2	1	4	84	84	2	34
73	2	1	5	84	84	3	0
73	2	1	6	84	84	2	39
73	2	1	17	84	84	2	72
73	2	1	20	84	84	2	65
73	2	1	32	84	84	2	65
73	2	1	35	84	84	2	72
73	2	1	41	84	84	3	inf
73	2	1	46	84	84	2	39
73	2	1	47	84	84	3	0
73	2	1	48	84	84	2	34
73	2	1	59	84	84	2	1
73	2	1	62	84	84	2	8
73	2	1	74	84	84	2	8
73	2	1	77	84	84	2	1
73	2	2	7	84	84	2	8
73	2	2	10	84	84	2	1
73	2	2	21	84	84	2	34
73	2	2	22	84	84	3	0
73	2	2	23	84	84	2	39
73	2	2	34	84	84	2	72
73	2	2	37	84	84	2	65
73	2	2	49	84	84	2	65
73	2	2	52	84	84	2	72
73	2	2	58	84	84	3	inf
73	2	2	63	84	84	2	39
73	2	2	64	84	84	3	0
73	2	2	65	84	84	2	34
73	2	2	76	84	84	2	1
73	2	2	79	84	84	2	8
73	2	3	9	84	84	2	1
73	2	3	12	84	84	2	8
73	2	3	24	84	84	2	8
73	2	3	27	84	84	2	1
73	2	3	38	84	84	2	34
73	2	3	39	84	84	3	0
73	2	3	40	84	84	2	39
73	2	3	51	84	84	2	72
73	2	3	54	84	84	2	65
73	2	3	66	84	84	2	65
73	2	3	69	84	84	2	72
73	2	3	75	84	84	3	inf
73	2	3	80	84	84	2	39
73	2	3	81	84	84	3	0
73	2	3	82	84	84	2	34
73	2	4	2	84	84	2	72
73	2	4	8	84	84	3	inf
73	2	4	13	84	84	2	39
73	2	4	14	84	84	3	0
73	2	4	15	84	84	2	34
73	2	4	26	84	84	2	1
73	2	4	29	84	84	2	8
73	2	4	41	84	84	2	8
73	2	4	44	84	84	2	1
73	2	4	55	84	84	2	34
73	2	4	56	84	84	3	0
73	2	4	57	84	84	2	39
73	2	4	68	84	84	2	72
73	2	4	71	84	84	2	65
73	2	4	83	84	84	2	65
73	2	5	1	84	84	2	72
73	2	5	4	84	84	2	65
73	2	5	16	84	84	2	65
73	2	5	19	84	84	2	72
73	2	5	25	84	84	3	inf
73	2	5	30	84	84	2	39
73	2	5	31	84	84	3	0
73	2	5	32	84	84	2	34
73	2	5	43	84	84	2	1
73	2	5	46	84	84	2	8
73	2	5	58	84	84	2	8
73	2	5	61	84	84	2	1
73	2	5	72	84	84	2	34
73	2	5	73	84	84	3	0
73	2	5	74	84	84	2	39
73	2	6	5	84	84	2	34
73	2	6	6	84	84	3	0
73	2	6	7	84	84	2	39
73	2	6	18	84	84	2	72
73	2	6	21	84	84	2	65
73	2	6	33	84	84	2	65
73	2	6	36	84	84	2	72
73	2	6	42	84	84	3	inf
73	2	6	47	84	84	2	39
73	2	6	48	84	84	3	0
73	2	6	49	84	84	2	34
73	2	6	60	84	84	2	1
73	2	6	63	84	84	2	8
73	2	6	75	84	84	2	8
73	2	6	78	84	84	2	1
73	2	7	8	84	84	2	8
73	2	7	11	84	84	2	1
73	2	7	22	84	84	2	34
73	2	7	23	84	84	3	0
73	2	7	24	84	84	2	39
73	2	7	35	84	84	2	72
73	2	7	38	84	84	2	65
73	2	7	50	84	84	2	65
73	2	7	53	84	84	2	72
73	2	7	59	84	84	3	inf
73	2	7	64	84	84	2	39
73	2	7	65	84	84	3	0
73	2	7	66	84	84	2	34
73	2	7	77	84	84	2	1
73	2	7	80	84	84	2	8
73	2	8	10	84	84	2	1
73	2	8	13	84	84	2	8
73	2	8	25	84	84	2	8
73	2	8	28	84	84	2	1
73	2	8	39	84	84	2	34
73	2	8	40	84	84	3	0
73	2	8	41	84	84	2	39
73	2	8	52	84	84	2	72
73	2	8	55	84	84	2	65
73	2	8	67	84	84	2	65
73	2	8	70	84	84	2	72
73	2	8	76	84	84	3	inf
73	2	8	81	84	84	2	39
73	2	8	82	84	84	3	0
73	2	8	83	84	84	2	34
73	2	9	0	84	84	2	65
73	2	9	3	84	84	2	72
73	2	9	9	84	84	3	inf
73	2	9	14	84	84	2	39
73	2	9	15	84	84	3	0
73	2	9	16	84	84	2	34
73	2	9	27	84	84	2	1
73	2	9	30	84	84	2	8
73	2	9	42	84	84	2	8
73	2	9	45	84	84	2	1
73	2	9	56	84	84	2	34
73	2	9	57	84	84	3	0
73	2	9	58	84	84	2	39
73	2	9	69	84	84	2	72
73	2	9	72	84	84	2	65
73	2	10	2	84	84	2	72
73	2	10	5	84	84	2	65
73	2	10	17	84	84	2	65
73	2	10	20	84	84	2	72
73	2	10	26	84	84	3	inf
73	2	10	31	84	84	2	39
73	2	10	32	84	84	3	0
73	2	10	33	84	84	2	34
73	2	10	44	84	84	2	1
73	2	10	47	84	84	2	8
73	2	10	59	84	84	2	8
73	2	10	62	84	84	2	1
73	2	10	73	84	84	2	34
73	2	10	74	84	84	3	0
73	2	10	75	84	84	2	39
73	2	11	6	84	84	2	34
73	2	11	7	84	84	3	0
73	2	11	8	84	84	2	39
73	2	11	19	84	84	2	72
73	2	11	22	84	84	2	65
73	2	11	34	84	84	2	65
73	2	11	37	84	84	2	72
73	2	11	43	84	84	3	inf
73	2	11	48	84	84	2	39
73	2	11	49	84	84	3	0
73	2	11	50	84	84	2	34
73	2	11	61	84	84	2	1
73	2	11	64	84	84	2	8
73	2	11	76	84	84	2	8
73	2	11	79	84	84	2	1
73	2	12	9	84	84	2	8
73	2	12	12	84	84	2	1
73	2	12	23	84	84	2	34
73	2	12	24	84	84	3	0
73	2	12	25	84	84	2	39
73	2	12	36	84	84	2	72
73	2	12	39	84	84	2	65
73	2	12	51	84	84	2	65
73	2	12	54	84	84	2	72
73	2	12	60	84	84	3	inf
73	2	12	65	84	84	2	39
73	2	12	66	84	84	3	0
73	2	12	67	84	84	2	34
73	2	12	78	84	84	2	1
73	2	12	81	84	84	2	8
73	2	13	0	84	84	2	34
73	2	13	11	84	84	2	1
73	2	13	14	84	84	2	8
73	2	13	26	84	84	2	8
73	2	13	29	84	84	2	1
73	2	13	40	84	84	2	34
73	2	13	41	84	84	3	0
73	2	13	42	84	84	2	39
73	2	13	53	84	84	2	72
73	2	13	56	84	84	2	65
73	2	13	68	84	84	2	65
73	2	13	71	84	84	2	72
73	2	13	77	84	84	3	inf
73	2	13	82	84	84	2	39
73	2	13	83	84	84	3	0
73	2	14	1	84	84	2	65
73	2	14	4	84	84	2	72
73	2	14	10	84	84	3	inf
73	2	14	15	84	84	2	39
73	2	14	16	84	84	3	0
73	2	14	17	84	84	2	34
73	2	14	28	84	84	2	1
73	2	14	31	84	84	2	8
73	2	14	43	84	84	2	8
73	2	14	46	84	84	2	1
73	2	14	57	84	84	2	34
73	2	14	58	84	84	3	0
73	2	14	59	84	84	2	39
73	2	14	70	84	84	2	72
73	2	14	73	84	84	2	65
73	2	15	3	84	84	2	72
73	2	15	6	84	84	2	65
73	2	15	18	84	84	2	65
73	2	15	21	84	84	2	72
73	2	15	27	84	84	3	inf
73	2	15	32	84	84	2	39
73	2	15	33	84	84	3	0
73	2	15	34	84	84	2	34
73	2	15	45	84	84	2	1
73	2	15	48	84	84	2	8
73	2	15	60	84	84	2	8
73	2	15	63	84	84	2	1
73	2	15	74	84	84	2	34
73	2	15	75	84	84	3	0
73	2	15	76	84	84	2	39
73	2	16	7	84	84	2	34
73	2	16	8	84	84	3	0
73	2	16	9	84	84	2	39
73	2	16	20	84	84	2	72
73	2	16	23	84	84	2	65
73	2	16	35	84	84	2	65
73	2	16	38	84	84	2	72
73	2	16	44	84	84	3	inf
73	2	16	49	84	84	2	39
73	2	16	50	84	84	3	0
73	2	16	51	84	84	2	34
73	2	16	62	84	84	2	1
73	2	16	65	84	84	2	8
73	2	16	77	84	84	2	8
73	2	16	80	84	84	2	1
73	2	17	10	84	84	2	8
73	2	17	13	84	84	2	1
73	2	17	24	84	84	2	34
73	2	17	25	84	84	3	0
73	2	17	26	84	84	2	39
73	2	17	37	84	84	2	72
73	2	17	40	84	84	2	65
73	2	17	52	84	84	2	65
73	2	17	55	84	84	2	72
73	2	17	61	84	84	3	inf
73	2	17	66	84	84	2	39
73	2	17	67	84	84	3	0
73	2	17	68	84	84	2	34
73	2	17	79	84	84	2	1
73	2	17	82	84	84	2	8
73	2	18	0	84	84	3	0
73	2	18	1	84	84	2	34
73	2	18	12	84	84	2	1
73	2	18	15	84	84	2	8
73	2	18	27	84	84	2	8
73	2	18	30	84	84	2	1
73	2	18	41	84	84	2	34
73	2	18	42	84	84	3	0
73	2	18	43	84	84	2	39
73	2	18	54	84	84	2	72
73	2	18	57	84	84	2	65
73	2	18	69	84	84	2	65
73	2	18	72	84	84	2	72
73	2	18	78	84	84	3	inf
73	2	18	83	84	84	2	39
73	2	19	2	84	84	2	65
73	2	19	5	84	84	2	72
73	2	19	11	84	84	3	inf
73	2	19	16	84	84	2	39
73	2	19	17	84	84	3	0
73	2	19	18	84	84	2	34
73	2	19	29	84	84	2	1
73	2	19	32	84	84	2	8
73	2	19	44	84	84	2	8
73	2	19	47	84	84	2	1
73	2	19	58	84	84	2	34
73	2	19	59	84	84	3	0
73	2	19	60	84	84	2	39
73	2	19	71	84	84	2	72
73	2	19	74	84	84	2	65
73	2	20	4	84	84	2	72
73	2	20	7	84	84	2	65
73	2	20	19	84	84	2	65
73	2	20	22	84	84	2	72
73	2	20	28	84	84	3	inf
73	2	20	33	84	84	2	39
73	2	20	34	84	84	3	0
73	2	20	35	84	84	2	34
73	2	20	46	84	84	2	1
73	2	20	49	84	84	2	8
73	2	20	61	84	84	2	8
73	2	20	64	84	84	2	1
73	2	20	75	84	84	2	34
73	2	20	76	84	84	3	0
73	2	20	77	84	84	2	39
73	2	21	8	84	84	2	34
73	2	21	9	84	84	3	0
73	2	21	10	84	84	2	39
73	2	21	21	84	84	2	72
73	2	21	24	84	84	2	65
73	2	21	36	84	84	2	65
73	2	21	39	84	84	2	72
73	2	21	45	84	84	3	inf
73	2	21	50	84	84	2	39
73	2	21	51	84	84	3	0
73	2	21	52	84	84	2	34
73	2	21	63	84	84	2	1
73	2	21	66	84	84	2	8
73	2	21	78	84	84	2	8
73	2	21	81	84	84	2	1
73	2	22	11	84	84	2	8
73	2	22	14	84	84	2	1
73	2	22	25	84	84	2	34
73	2	22	26	84	84	3	0
73	2	22	27	84	84	2	39
73	2	22	38	84	84	2	72
73	2	22	41	84	84	2	65
73	2	22	53	84	84	2	65
73	2	22	56	84	84	2	72
73	2	22	62	84	84	3	inf
73	2	22	67	84	84	2	39
73	2	22	68	84	84	3	0
73	2	22	69	84	84	2	34
73	2	22	80	84	84	2	1
73	2	22	83	84	84	2	8
73	2	23	0	84	84	2	39
73	2	23	1	84	84	3	0
73	2	23	2	84	84	2	34
73	2	23	13	84	84	2	1
73	2	23	16	84	84	2	8
73	2	23	28	84	84	2	8
73	2	23	31	84	84	2	1
73	2	23	42	84	84	2	34
73	2	23	43	84	84	3	0
73	2	23	44	84	84	2	39
73	2	23	55	84	84	2	72
73	2	23	58	84	84	2	65
73	2	23	70	84	84	2	65
73	2	23	73	84	84	2	72
73	2	23	79	84	84	3	inf
73	2	24	3	84	84	2	65
73	2	24	6	84	84	2	72
73	2	24	12	84	84	3	inf
73	2	24	17	84	84	2	39
73	2	24	18	84	84	3	0
73	2	24	19	84	84	2	34
73	2	24	30	84	84	2	1
73	2	24	33	84	84	2	8
73	2	24	45	84	84	2	8
73	2	24	48	84	84	2	1
73	2	24	59	84	84	2	34
73	2	24	60	84	84	3	0
73	2	24	61	84	84	2	39
73	2	24	72	84	84	2	72
73	2	24	75	84	84	2	65
73	2	25	5	84	84	2	72
73	2	25	8	84	84	2	65
73	2	25	20	84	84	2	65
73	2	25	23	84	84	2	72
73	2	25	29	84	84	3	inf
73	2	25	34	84	84	2	39
73	2	25	35	84	84	3	0
73	2	25	36	84	84	2	34
73	2	25	47	84	84	2	1
73	2	25	50	84	84	2	8
73	2	25	62	84	84	2	8
73	2	25	65	84	84	2	1
73	2	25	76	84	84	2	34
73	2	25	77	84	84	3	0
73	2	25	78	84	84	2	39
73	2	26	9	84	84	2	34
73	2	26	10	84	84	3	0
73	2	26	11	84	84	2	39
73	2	26	22	84	84	2	72
73	2	26	25	84	84	2	65
73	2	26	37	84	84	2	65
73	2	26	40	84	84	2	72
73	2	26	46	84	84	3	inf
73	2	26	51	84	84	2	39
73	2	26	52	84	84	3	0
73	2	26	53	84	84	2	34
73	2	26	64	84	84	2	1
73	2	26	67	84	84	2	8
73	2	26	79	84	84	2	8
73	2	26	82	84	84	2	1
73	2	27	0	84	84	2	8
73	2	27	12	84	84	2	8
73	2	27	15	84	84	2	1
73	2	27	26	84	84	2	34
73	2	27	27	84	84	3	0
73	2	27	28	84	84	2	39
73	2	27	39	84	84	2	72
73	2	27	42	84	84	2	65
73	2	27	54	84	84	2	65
73	2	27	57	84	84	2	72
73	2	27	63	84	84	3	inf
73	2	27	68	84	84	2	39
73	2	27	69	84	84	3	0
73	2	27	70	84	84	2	34
73	2	27	81	84	84	2	1
73	2	28	1	84	84	2	39
73	2	28	2	84	84	3	0
73	2	28	3	84	84	2	34
73	2	28	14	84	84	2	1
73	2	28	17	84	84	2	8
73	2	28	29	84	84	2	8
73	2	28	32	84	84	2	1
73	2	28	43	84	84	2	34
73	2	28	44	84	84	3	0
73	2	28	45	84	84	2	39
73	2	28	56	84	84	2	72
73	2	28	59	84	84	2	65
73	2	28	71	84	84	2	65
73	2	28	74	84	84	2	72
73	2	28	80	84	84	3	inf
73	2	29	4	84	84	2	65
73	2	29	7	84	84	2	72
73	2	29	13	84	84	3	inf
73	2	29	18	84	84	2	39
73	2	29	19	84	84	3	0
73	2	29	20	84	84	2	34
73	2	29	31	84	84	2	1
73	2	29	34	84	84	2	8
73	2	29	46	84	84	2	8
73	2	29	49	84	84	2	1
73	2	29	60	84	84	2	34
73	2	29	61	84	84	3	0
73	2	29	62	84	84	2	39
73	2	29	73	84	84	2	72
73	2	29	76	84	84	2	65
73	2	30	6	84	84	2	72
73	2	30	9	84	84	2	65
73	2	30	21	84	84	2	65
73	2	30	24	84	84	2	72
73	2	30	30	84	84	3	inf
73	2	30	35	84	84	2	39
73	2	30	36	84	84	3	0
73	2	30	37	84	84	2	34
73	2	30	48	84	84	2	1
73	2	30	51	84	84	2	8
73	2	30	63	84	84	2	8
73	2	30	66	84	84	2	1
73	2	30	77	84	84	2	34
73	2	30	78	84	84	3	0
73	2	30	79	84	84	2	39
73	2	31	10	84	84	2	34
73	2	31	11	84	84	3	0
73	2	31	12	84	84	2	39
73	2	31	23	84	84	2	72
73	2	31	26	84	84	2	65
73	2	31	38	84	84	2	65
73	2	31	41	84	84	2	72
73	2	31	47	84	84	3	inf
73	2	31	52	84	84	2	39
73	2	31	53	84	84	3	0
73	2	31	54	84	84	2	34
73	2	31	65	84	84	2	1
73	2	31	68	84	84	2	8
73	2	31	80	84	84	2	8
73	2	31	83	84	84	2	1
73	2	32	1	84	84	2	8
73	2	32	13	84	84	2	8
73	2	32	16	84	84	2	1
73	2	32	27	84	84	2	34
73	2	32	28	84	84	3	0
73	2	32	29	84	84	2	39
73	2	32	40	84	84	2	72
73	2	32	43	84	84	2	65
73	2	32	55	84	84	2	65
73	2	32	58	84	84	2	72
73	2	32	64	84	84	3	inf
73	2	32	69	84	84	2	39
73	2	32	70	84	84	3	0
73	2	32	71	84	84	2	34
73	2	32	82	84	84	2	1
73	2	33	2	84	84	2	39
73	2	33	3	84	84	3	0
73	2	33	4	84	84	2	34
73	2	33	15	84	84	2	1
73	2	33	18	84	84	2	8
73	2	33	30	84	84	2	8
73	2	33	33	84	84	2	1
73	2	33	44	84	84	2	34
73	2	33	45	84	84	3	0
73	2	33	46	84	84	2	39
73	2	33	57	84	84	2	72
73	2	33	60	84	84	2	65
73	2	33	72	84	84	2	65
73	2	33	75	84	84	2	72
73	2	33	81	84	84	3	inf
73	2	34	5	84	84	2	65
73	2	34	8	84	84	2	72
73	2	34	14	84	84	3	inf
73	2	34	19	84	84	2	39
73	2	34	20	84	84	3	0
73	2	34	21	84	84	2	34
73	2	34	32	84	84	2	1
73	2	34	35	84	84	2	8
73	2	34	47	84	84	2	8
73	2	34	50	84	84	2	1
73	2	34	61	84	84	2	34
73	2	34	62	84	84	3	0
73	2	34	63	84	84	2	39
73	2	34	74	84	84	2	72
73	2	34	77	84	84	2	65
73	2	35	7	84	84	2	72
73	2	35	10	84	84	2	65
73	2	35	22	84	84	2	65
73	2	35	25	84	84	2	72
73	2	35	31	84	84	3	inf
73	2	35	36	84	84	2	39
73	2	35	37	84	84	3	0
73	2	35	38	84	84	2	34
73	2	35	49	84	84	2	1
73	2	35	52	84	84	2	8
73	2	35	64	84	84	2	8
73	2	35	67	84	84	2	1
73	2	35	78	84	84	2	34
73	2	35	79	84	84	3	0
73	2	35	80	84	84	2	39
73	2	36	0	84	84	2	1
73	2	36	11	84	84	2	34
73	2	36	12	84	84	3	0
73	2	36	13	84	84	2	39
73	2	36	24	84	84	2	72
73	2	36	27	84	84	2	65
73	2	36	39	84	84	2	65
73	2	36	42	84	84	2	72
73	2	36	48	84	84	3	inf
73	2	36	53	84	84	2	39
73	2	36	54	84	84	3	0
73	2	36	55	84	84	2	34
73	2	36	66	84	84	2	1
73	2	36	69	84	84	2	8
73	2	36	81	84	84	2	8
73	2	37	2	84	84	2	8
73	2	37	14	84	84	2	8
73	2	37	17	84	84	2	1
73	2	37	28	84	84	2	34
73	2	37	29	84	84	3	0
73	2	37	30	84	84	2	39
73	2	37	41	84	84	2	72
73	2	37	44	84	84	2	65
73	2	37	56	84	84	2	65
73	2	37	59	84	84	2	72
73	2	37	65	84	84	3	inf
73	2	37	70	84	84	2	39
73	2	37	71	84	84	3	0
73	2	37	72	84	84	2	34
73	2	37	83	84	84	2	1
73	2	38	3	84	84	2	39
73	2	38	4	84	84	3	0
73	2	38	5	84	84	2	34
73	2	38	16	84	84	2	1
73	2	38	19	84	84	2	8
73	2	38	31	84	84	2	8
73	2	38	34	84	84	2	1
73	2	38	45	84	84	2	34
73	2	38	46	84	84	3	0
73	2	38	47	84	84	2	39
73	2	38	58	84	84	2	72
73	2	38	61	84	84	2	65
73	2	38	73	84	84	2	65
73	2	38	76	84	84	2	72
73	2	38	82	84	84	3	inf
73	2	39	6	84	84	2	65
73	2	39	9	84	84	2	72
73	2	39	15	84	84	3	inf
73	2	39	20	84	84	2	39
73	2	39	21	84	84	3	0
73	2	39	22	84	84	2	34
73	2	39	33	84	84	2	1
73	2	39	36	84	84	2	8
73	2	39	48	84	84	2	8
73	2	39	51	84	84	2	1
73	2	39	62	84	84	2	34
73	2	39	63	84	84	3	0
73	2	39	64	84	84	2	39
73	2	39	75	84	84	2	72
73	2	39	78	84	84	2	65
73	2	40	8	84	84	2	72
73	2	40	11	84	84	2	65
73	2	40	23	84	84	2	65
73	2	40	26	84	84	2	72
73	2	40	32	84	84	3	inf
73	2	40	37	84	84	2	39
73	2	40	38	84	84	3	0
73	2	40	39	84	84	2	34
73	2	40	50	84	84	2	1
73	2	40	53	84	84	2	8
73	2	40	65	84	84	2	8
73	2	40	68	84	84	2	1
73	2	40	79	84	84	2	34
73	2	40	80	84	84	3	0
73	2	40	81	84	84	2	39
73	2	41	1	84	84	2	1
73	2	41	12	84	84	2	34
73	2	41	13	84	84	3	0
73	2	41	14	84	84	2	39
73	2	41	25	84	84	2	72
73	2	41	28	84	84	2	65
73	2	41	40	84	84	2	65
73	2	41	43	84	84	2	72
73	2	41	49	84	84	3	inf
73	2	41	54	84	84	2	39
73	2	41	55	84	84	3	0
73	2	41	56	84	84	2	34
73	2	41	67	84	84	2	1
73	2	41	70	84	84	2	8
73	2	41	82	84	84	2	8
73	2	42	0	84	84	2	1
73	2	42	3	84	84	2	8
73	2	42	15	84	84	2	8
73	2	42	18	84	84	2	1
73	2	42	29	84	84	2	34
73	2	42	30	84	84	3	0
73	2	42	31	84	84	2	39
73	2	42	42	84	84	2	72
73	2	42	45	84	84	2	65
73	2	42	57	84	84	2	65
73	2	42	60	84	84	2	72
73	2	42	66	84	84	3	inf
73	2	42	71	84	84	2	39
73	2	42	72	84	84	3	0
73	2	42	73	84	84	2	34
73	2	43	4	84	84	2	39
73	2	43	5	84	84	3	0
73	2	43	6	84	84	2	34
73	2	43	17	84	84	2	1
73	2	43	20	84	84	2	8
73	2	43	32	84	84	2	8
73	2	43	35	84	84	2	1
73	2	43	46	84	84	2	34
73	2	43	47	84	84	3	0
73	2	43	48	84	84	2	39
73	2	43	59	84	84	2	72
73	2	43	62	84	84	2	65
73	2	43	74	84	84	2	65
73	2	43	77	84	84	2	72
73	2	43	83	84	84	3	inf
73	2	44	7	84	84	2	65
73	2	44	10	84	84	2	72
73	2	44	16	84	84	3	inf
73	2	44	21	84	84	2	39
73	2	44	22	84	84	3	0
73	2	44	23	84	84	2	34
73	2	44	34	84	84	2	1
73	2	44	37	84	84	2	8
73	2	44	49	84	84	2	8
73	2	44	52	84	84	2	1
73	2	44	63	84	84	2	34
73	2	44	64	84	84	3	0
73	2	44	65	84	84	2	39
73	2	44	76	84	84	2	72
73	2	44	79	84	84	2	65
73	2	45	9	84	84	2	72
73	2	45	12	84	84	2	65
73	2	45	24	84	84	2	65
73	2	45	27	84	84	2	72
73	2	45	33	84	84	3	inf
73	2	45	38	84	84	2	39
73	2	45	39	84	84	3	0
73	2	45	40	84	84	2	34
73	2	45	51	84	84	2	1
73	2	45	54	84	84	2	8
73	2	45	66	84	84	2	8
73	2	45	69	84	84	2	1
73	2	45	80	84	84	2	34
73	2	45	81	84	84	3	0
73	2	45	82	84	84	2	39
73	2	46	2	84	84	2	1
73	2	46	13	84	84	2	34
73	2	46	14	84	84	3	0
73	2	46	15	84	84	2	39
73	2	46	26	84	84	2	72
73	2	46	29	84	84	2	65
73	2	46	41	84	84	2	65
73	2	46	44	84	84	2	72
73	2	46	50	84	84	3	inf
73	2	46	55	84	84	2	39
73	2	46	56	84	84	3	0
73	2	46	57	84	84	2	34
73	2	46	68	84	84	2	1
73	2	46	71	84	84	2	8
73	2	46	83	84	84	2	8
73	2	47	1	84	84	2	1
73	2	47	4	84	84	2	8
73	2	47	16	84	84	2	8
73	2	47	19	84	84	2	1
73	2	47	30	84	84	2	34
73	2	47	31	84	84	3	0
73	2	47	32	84	84	2	39
73	2	47	43	84	84	2	72
73	2	47	46	84	84	2	65
73	2	47	58	84	84	2	65
73	2	47	61	84	84	2	72
73	2	47	67	84	84	3	inf
73	2	47	72	84	84	2	39
73	2	47	73	84	84	3	0
73	2	47	74	84	84	2	34
73	2	48	0	84	84	3	inf
73	2	48	5	84	84	2	39
73	2	48	6	84	84	3	0
73	2	48	7	84	84	2	34
73	2	48	18	84	84	2	1
73	2	48	21	84	84	2	8
73	2	48	33	84	84	2	8
73	2	48	36	84	84	2	1
73	2	48	47	84	84	2	34
73	2	48	48	84	84	3	0
73	2	48	49	84	84	2	39
73	2	48	60	84	84	2	72
73	2	48	63	84	84	2	65
73	2	48	75	84	84	2	65
73	2	48	78	84	84	2	72
73	2	49	8	84	84	2	65
73	2	49	11	84	84	2	72
73	2	49	17	84	84	3	inf
73	2	49	22	84	84	2	39
73	2	49	23	84	84	3	0
73	2	49	24	84	84	2	34
73	2	49	35	84	84	2	1
73	2	49	38	84	84	2	8
73	2	49	50	84	84	2	8
73	2	49	53	84	84	2	1
73	2	49	64	84	84	2	34
73	2	49	65	84	84	3	0
73	2	49	66	84	84	2	39
73	2	49	77	84	84	2	72
73	2	49	80	84	84	2	65
73	2	50	10	84	84	2	72
73	2	50	13	84	84	2	65
73	2	50	25	84	84	2	65
73	2	50	28	84	84	2	72
73	2	50	34	84	84	3	inf
73	2	50	39	84	84	2	39
73	2	50	40	84	84	3	0
73	2	50	41	84	84	2	34
73	2	50	52	84	84	2	1
73	2	50	55	84	84	2	8
73	2	50	67	84	84	2	8
73	2	50	70	84	84	2	1
73	2	50	81	84	84	2	34
73	2	50	82	84	84	3	0
73	2	50	83	84	84	2	39
73	2	51	0	84	84	2	8
73	2	51	3	84	84	2	1
73	2	51	14	84	84	2	34
73	2	51	15	84	84	3	0
73	2	51	16	84	84	2	39
73	2	51	27	84	84	2	72
73	2	51	30	84	84	2	65
73	2	51	42	84	84	2	65
73	2	51	45	84	84	2	72
73	2	51	51	84	84	3	inf
73	2	51	56	84	84	2	39
73	2	51	57	84	84	3	0
73	2	51	58	84	84	2	34
73	2	51	69	84	84	2	1
73	2	51	72	84	84	2	8
73	2	52	2	84	84	2	1
73	2	52	5	84	84	2	8
73	2	52	17	84	84	2	8
73	2	52	20	84	84	2	1
73	2	52	31	84	84	2	34
73	2	52	32	84	84	3	0
73	2	52	33	84	84	2	39
73	2	52	44	84	84	2	72
73	2	52	47	84	84	2	65
73	2	52	59	84	84	2	65
73	2	52	62	84	84	2	72
73	2	52	68	84	84	3	inf
73	2	52	73	84	84	2	39
73	2	52	74	84	84	3	0
73	2	52	75	84	84	2	34
73	2	53	1	84	84	3	inf
73	2	53	6	84	84	2	39
73	2	53	7	84	84	3	0
73	2	53	8	84	84	2	34
73	2	53	19	84	84	2	1
73	2	53	22	84	84	2	8
73	2	53	34	84	84	2	8
73	2	53	37	84	84	2	1
73	2	53	48	84	84	2	34
73	2	53	49	84	84	3	0
73	2	53	50	84	84	2	39
73	2	53	61	84	84	2	72
73	2	53	64	84	84	2	65
73	2	53	76	84	84	2	65
73	2	53	79	84	84	2	72
73	2	54	9	84	84	2	65
73	2	54	12	84	84	2	72
73	2	54	18	84	84	3	inf
73	2	54	23	84	84	2	39
73	2	54	24	84	84	3	0
73	2	54	25	84	84	2	34
73	2	54	36	84	84	2	1
73	2	54	39	84	84	2	8
73	2	54	51	84	84	2	8
73	2	54	54	84	84	2	1
73	2	54	65	84	84	2	34
73	2	54	66	84	84	3	0
73	2	54	67	84	84	2	39
73	2	54	78	84	84	2	72
73	2	54	81	84	84	2	65
73	2	55	0	84	84	2	39
73	2	55	11	84	84	2	72
73	2	55	14	84	84	2	65
73	2	55	26	84	84	2	65
73	2	55	29	84	84	2	72
73	2	55	35	84	84	3	inf
73	2	55	40	84	84	2	39
73	2	55	41	84	84	3	0
73	2	55	42	84	84	2	34
73	2	55	53	84	84	2	1
73	2	55	56	84	84	2	8
73	2	55	68	84	84	2	8
73	2	55	71	84	84	2	1
73	2	55	82	84	84	2	34
73	2	55	83	84	84	3	0
73	2	56	1	84	84	2	8
73	2	56	4	84	84	2	1
73	2	56	15	84	84	2	34
73	2	56	16	84	84	3	0
73	2	56	17	84	84	2	39
73	2	56	28	84	84	2	72
73	2	56	31	84	84	2	65
73	2	56	43	84	84	2	65
73	2	56	46	84	84	2	72
73	2	56	52	84	84	3	inf
73	2	56	57	84	84	2	39
73	2	56	58	84	84	3	0
73	2	56	59	84	84	2	34
73	2	56	70	84	84	2	1
73	2	56	73	84	84	2	8
73	2	57	3	84	84	2	1
73	2	57	6	84	84	2	8
73	2	57	18	84	84	2	8
73	2	57	21	84	84	2	1
73	2	57	32	84	84	2	34
73	2	57	33	84	84	3	0
73	2	57	34	84	84	2	39
73	2	57	45	84	84	2	72
73	2	57	48	84	84	2	65
73	2	57	60	84	84	2	65
73	2	57	63	84	84	2	72
73	2	57	69	84	84	3	inf
73	2	57	74	84	84	2	39
73	2	57	75	84	84	3	0
73	2	57	76	84	84	2	34
73	2	58	2	84	84	3	inf
73	2	58	7	84	84	2	39
73	2	58	8	84	84	3	0
73	2	58	9	84	84	2	34
73	2	58	20	84	84	2	1
73	2	58	23	84	84	2	8
73	2	58	35	84	84	2	8
73	2	58	38	84	84	2	1
73	2	58	49	84	84	2	34
73	2	58	50	84	84	3	0
73	2	58	51	84	84	2	39
73	2	58	62	84	84	2	72
73	2	58	65	84	84	2	65
73	2	58	77	84	84	2	65
73	2	58	80	84	84	2	72
73	2	59	10	84	84	2	65
73	2	59	13	84	84	2	72
73	2	59	19	84	84	3	inf
73	2	59	24	84	84	2	39
73	2	59	25	84	84	3	0
73	2	59	26	84	84	2	34
73	2	59	37	84	84	2	1
73	2	59	40	84	84	2	8
73	2	59	52	84	84	2	8
73	2	59	55	84	84	2	1
73	2	59	66	84	84	2	34
73	2	59	67	84	84	3	0
73	2	59	68	84	84	2	39
73	2	59	79	84	84	2	72
73	2	59	82	84	84	2	65
73	2	60	0	84	84	3	0
73	2	60	1	84	84	2	39
73	2	60	12	84	84	2	72
73	2	60	15	84	84	2	65
73	2	60	27	84	84	2	65
73	2	60	30	84	84	2	72
73	2	60	36	84	84	3	inf
73	2	60	41	84	84	2	39
73	2	60	42	84	84	3	0
73	2	60	43	84	84	2	34
73	2	60	54	84	84	2	1
73	2	60	57	84	84	2	8
73	2	60	69	84	84	2	8
73	2	60	72	84	84	2	1
73	2	60	83	84	84	2	34
73	2	61	2	84	84	2	8
73	2	61	5	84	84	2	1
73	2	61	16	84	84	2	34
73	2	61	17	84	84	3	0
73	2	61	18	84	84	2	39
73	2	61	29	84	84	2	72
73	2	61	32	84	84	2	65
73	2	61	44	84	84	2	65
73	2	61	47	84	84	2	72
73	2	61	53	84	84	3	inf
73	2	61	58	84	84	2	39
73	2	61	59	84	84	3	0
73	2	61	60	84	84	2	34
73	2	61	71	84	84	2	1
73	2	61	74	84	84	2	8
73	2	62	4	84	84	2	1
73	2	62	7	84	84	2	8
73	2	62	19	84	84	2	8
73	2	62	22	84	84	2	1
73	2	62	33	84	84	2	34
73	2	62	34	84	84	3	0
73	2	62	35	84	84	2	39
73	2	62	46	84	84	2	72
73	2	62	49	84	84	2	65
73	2	62	61	84	84	2	65
73	2	62	64	84	84	2	72
73	2	62	70	84	84	3	inf
73	2	62	75	84	84	2	39
73	2	62	76	84	84	3	0
73	2	62	77	84	84	2	34
73	2	63	3	84	84	3	inf
73	2	63	8	84	84	2	39
73	2	63	9	84	84	3	0
73	2	63	10	84	84	2	34
73	2	63	21	84	84	2	1
73	2	63	24	84	84	2	8
73	2	63	36	84	84	2	8
73	2	63	39	84	84	2	1
73	2	63	50	84	84	2	34
73	2	63	51	84	84	3	0
73	2	63	52	84	84	2	39
73	2	63	63	84	84	2	72
73	2	63	66	84	84	2	65
73	2	63	78	84	84	2	65
73	2	63	81	84	84	2	72
73	2	64	11	84	84	2	65
73	2	64	14	84	84	2	72
73	2	64	20	84	84	3	inf
73	2	64	25	84	84	2	39
73	2	64	26	84	84	3	0
73	2	64	27	84	84	2	34
73	2	64	38	84	84	2	1
73	2	64	41	84	84	2	8
73	2	64	53	84	84	2	8
73	2	64	56	84	84	2	1
73	2	64	67	84	84	2	34
73	2	64	68	84	84	3	0
73	2	64	69	84	84	2	39
73	2	64	80	84	84	2	72
73	2	64	83	84	84	2	65
73	2	65	0	84	84	2	34
73	2	65	1	84	84	3	0
73	2	65	2	84	84	2	39
73	2	65	13	84	84	2	72
73	2	65	16	84	84	2	65
73	2	65	28	84	84	2	65
73	2	65	31	84	84	2	72
73	2	65	37	84	84	3	inf
73	2	65	42	84	84	2	39
73	2	65	43	84	84	3	0
73	2	65	44	84	84	2	34
73	2	65	55	84	84	2	1
73	2	65	58	84	84	2	8
73	2	65	70	84	84	2	8
73	2	65	73	84	84	2	1
73	2	66	3	84	84	2	8
73	2	66	6	84	84	2	1
73	2	66	17	84	84	2	34
73	2	66	18	84	84	3	0
73	2	66	19	84	84	2	39
73	2	66	30	84	84	2	72
73	2	66	33	84	84	2	65
73	2	66	45	84	84	2	65
73	2	66	48	84	84	2	72
73	2	66	54	84	84	3	inf
73	2	66	59	84	84	2	39
73	2	66	60	84	84	3	0
73	2	66	61	84	84	2	34
73	2	66	72	84	84	2	1
73	2	66	75	84	84	2	8
73	2	67	5	84	84	2	1
73	2	67	8	84	84	2	8
73	2	67	20	84	84	2	8
73	2	67	23	84	84	2	1
73	2	67	34	84	84	2	34
73	2	67	35	84	84	3	0
73	2	67	36	84	84	2	39
73	2	67	47	84	84	2	72
73	2	67	50	84	84	2	65
73	2	67	62	84	84	2	65
73	2	67	65	84	84	2	72
73	2	67	71	84	84	3	inf
73	2	67	76	84	84	2	39
73	2	67	77	84	84	3	0
73	2	67	78	84	84	2	34
73	2	68	4	84	84	3	inf
73	2	68	9	84	84	2	39
73	2	68	10	84	84	3	0
73	2	68	11	84	84	2	34
73	2	68	22	84	84	2	1
73	2	68	25	84	84	2	8
73	2	68	37	84	84	2	8
73	2	68	40	84	84	2	1
73	2	68	51	84	84	2	34
73	2	68	52	84	84	3	0
73	2	68	53	84	84	2	39
73	2	68	64	84	84	2	72
73	2	68	67	84	84	2	65
73	2	68	79	84	84	2	65
73	2	68	82	84	84	2	72
73	2	69	0	84	84	2	65
73	2	69	12	84	84	2	65
73	2	69	15	84	84	2	72
73	2	69	21	84	84	3	inf
73	2	69	26	84	84	2	39
73	2	69	27	84	84	3	0
73	2	69	28	84	84	2	34
73	2	69	39	84	84	2	1
73	2	69	42	84	84	2	8
73	2	69	54	84	84	2	8
73	2	69	57	84	84	2	1
73	2	69	68	84	84	2	34
73	2	69	69	84	84	3	0
73	2	69	70	84	84	2	39
73	2	69	81	84	84	2	72
73	2	70	1	84	84	2	34
73	2	70	2	84	84	3	0
73	2	70	3	84	84	2	39
73	2	70	14	84	84	2	72
73	2	70	17	84	84	2	65
73	2	70	29	84	84	2	65
73	2	70	32	84	84	2	72
73	2	70	38	84	84	3	inf
73	2	70	43	84	84	2	39
73	2	70	44	84	84	3	0
73	2	70	45	84	84	2	34
73	2	70	56	84	84	2	1
73	2	70	59	84	84	2	8
73	2	70	71	84	84	2	8
73	2	70	74	84	84	2	1
73	2	71	4	84	84	2	8
73	2	71	7	84	84	2	1
73	2	71	18	84	84	2	34
73	2	71	19	84	84	3	0
73	2	71	20	84	84	2	39
73	2	71	31	84	84	2	72
73	2	71	34	84	84	2	65
73	2	71	46	84	84	2	65
73	2	71	49	84	84	2	72
73	2	71	55	84	84	3	inf
73	2	71	60	84	84	2	39
73	2	71	61	84	84	3	0
73	2	71	62	84	84	2	34
73	2	71	73	84	84	2	1
73	2	71	76	84	84	2	8
73	2	72	6	84	84	2	1
73	2	72	9	84	84	2	8
73	2	72	21	84	84	2	8
73	2	72	24	84	84	2	1
73	2	72	35	84	84	2	34
73	2	72	36	84	84	3	0
73	2	72	37	84	84	2	39
73	2	72	48	84	84	2	72
73	2	72	51	84	84	2	65
73	2	72	63	84	84	2	65
73	2	72	66	84	84	2	72
73	2	72	72	84	84	3	inf
73	2	72	77	84	84	2	39
73	2	72	78	84	84	3	0
73	2	72	79	84	84	2	34
73	2	73	5	84	84	3	inf
73	2	73	10	84	84	2	39
73	2	73	11	84	84	3	0
73	2	73	12	84	84	2	34
73	2	73	23	84	84	2	1
73	2	73	26	84	84	2	8
73	2	73	38	84	84	2	8
73	2	73	41	84	84	2	1
73	2	73	52	84	84	2	34
73	2	73	53	84	84	3	0
73	2	73	54	84	84	2	39
73	2	73	65	84	84	2	72
73	2	73	68	84	84	2	65
73	2	73	80	84	84	2	65
73	2	73	83	84	84	2	72
73	2	74	1	84	84	2	65
73	2	74	13	84	84	2	65
73	2	74	16	84	84	2	72
73	2	74	22	84	84	3	inf
73	2	74	27	84	84	2	39
73	2	74	28	84	84	3	0
73	2	74	29	84	84	2	34
73	2	74	40	84	84	2	1
73	2	74	43	84	84	2	8
73	2	74	55	84	84	2	8
73	2	74	58	84	84	2	1
73	2	74	69	84	84	2	34
73	2	74	70	84	84	3	0
73	2	74	71	84	84	2	39
73	2	74	82	84	84	2	72
73	2	75	2	84	84	2	34
73	2	75	3	84	84	3	0
73	2	75	4	84	84	2	39
73	2	75	15	84	84	2	72
73	2	75	18	84	84	2	65
73	2	75	30	84	84	2	65
73	2	75	33	84	84	2	72
73	2	75	39	84	84	3	inf
73	2	75	44	84	84	2	39
73	2	75	45	84	84	3	0
73	2	75	46	84	84	2	34
73	2	75	57	84	84	2	1
73	2	75	60	84	84	2	8
73	2	75	72	84	84	2	8
73	2	75	75	84	84	2	1
73	2	76	5	84	84	2	8
73	2	76	8	84	84	2	1
73	2	76	19	84	84	2	34
73	2	76	20	84	84	3	0
73	2	76	21	84	84	2	39
73	2	76	32	84	84	2	72
73	2	76	35	84	84	2	65
73	2	76	47	84	84	2	65
73	2	76	50	84	84	2	72
73	2	76	56	84	84	3	inf
73	2	76	61	84	84	2	39
73	2	76	62	84	84	3	0
73	2	76	63	84	84	2	34
73	2	76	74	84	84	2	1
73	2	76	77	84	84	2	8
73	2	77	7	84	84	2	1
73	2	77	10	84	84	2	8
73	2	77	22	84	84	2	8
73	2	77	25	84	84	2	1
73	2	77	36	84	84	2	34
73	2	77	37	84	84	3	0
73	2	77	38	84	84	2	39
73	2	77	49	84	84	2	72
73	2	77	52	84	84	2	65
73	2	77	64	84	84	2	65
73	2	77	67	84	84	2	72
73	2	77	73	84	84	3	inf
73	2	77	78	84	84	2	39
73	2	77	79	84	84	3	0
73	2	77	80	84	84	2	34
73	2	78	0	84	84	2	72
73	2	78	6	84	84	3	inf
73	2	78	11	84	84	2	39
73	2	78	12	84	84	3	0
73	2	78	13	84	84	2	34
73	2	78	24	84	84	2	1
73	2	78	27	84	84	2	8
73	2	78	39	84	84	2	8
73	2	78	42	84	84	2	1
73	2	78	53	84	84	2	34
73	2	78	54	84	84	3	0
73	2	78	55	84	84	2	39
73	2	78	66	84	84	2	72
73	2	78	69	84	84	2	65
73	2	78	81	84	84	2	65
73	2	79	2	84	84	2	65
73	2	79	14	84	84	2	65
73	2	79	17	84	84	2	72
73	2	79	23	84	84	3	inf
73	2	79	28	84	84	2	39
73	2	79	29	84	84	3	0
73	2	79	30	84	84	2	34
73	2	79	41	84	84	2	1
73	2	79	44	84	84	2	8
73	2	79	56	84	84	2	8
73	2	79	59	84	84	2	1
73	2	79	70	84	84	2	34
73	2	79	71	84	84	3	0
73	2	79	72	84	84	2	39
73	2	79	83	84	84	2	72
73	2	80	3	84	84	2	34
73	2	80	4	84	84	3	0
73	2	80	5	84	84	2	39
73	2	80	16	84	84	2	72
73	2	80	19	84	84	2	65
73	2	80	31	84	84	2	65
73	2	80	34	84	84	2	72
73	2	80	40	84	84	3	inf
73	2	80	45	84	84	2	39
73	2	80	46	84	84	3	0
73	2	80	47	84	84	2	34
73	2	80	58	84	84	2	1
73	2	80	61	84	84	2	8
73	2	80	73	84	84	2	8
73	2	80	76	84	84	2	1
73	2	81	6	84	84	2	8
73	2	81	9	84	84	2	1
73	2	81	20	84	84	2	34
73	2	81	21	84	84	3	0
73	2	81	22	84	84	2	39
73	2	81	33	84	84	2	72
73	2	81	36	84	84	2	65
73	2	81	48	84	84	2	65
73	2	81	51	84	84	2	72
73	2	81	57	84	84	3	inf
73	2	81	62	84	84	2	39
73	2	81	63	84	84	3	0
73	2	81	64	84	84	2	34
73	2	81	75	84	84	2	1
73	2	81	78	84	84	2	8
73	2	82	8	84	84	2	1
73	2	82	11	84	84	2	8
73	2	82	23	84	84	2	8
73	2	82	26	84	84	2	1
73	2	82	37	84	84	2	34
73	2	82	38	84	84	3	0
73	2	82	39	84	84	2	39
73	2	82	50	84	84	2	72
73	2	82	53	84	84	2	65
73	2	82	65	84	84	2	65
73	2	82	68	84	84	2	72
73	2	82	74	84	84	3	inf
73	2	82	79	84	84	2	39
73	2	82	80	84	84	3	0
73	2	82	81	84	84	2	34
73	2	83	1	84	84	2	72
73	2	83	7	84	84	3	inf
73	2	83	12	84	84	2	39
73	2	83	13	84	84	3	0
73	2	83	14	84	84	2	34
73	2	83	25	84	84	2	1
73	2	83	28	84	84	2	8
73	2	83	40	84	84	2	8
73	2	83	43	84	84	2	1
73	2	83	54	84	84	2	34
73	2	83	55	84	84	3	0
73	2	83	56	84	84	2	39
73	2	83	67	84	84	2	72
73	2	83	70	84	84	2	65
73	2	83	82	84	84	2	65
79	1	0	6	4	44	3	62
79	1	0	18	4	44	2	6
79	1	0	19	4	44	2	55
79	1	0	32	4	44	3	inf
79	1	0	37	4	44	2	55
79	1	0	38	4	44	2	6
79	1	1	4	4	44	2	55
79	1	1	5	4	44	2	6
79	1	1	17	4	44	3	62
79	1	1	29	4	44	2	6
79	1	1	30	4	44	2	55
79	1	1	43	4	44	3	inf
79	1	2	10	4	44	3	inf
79	1	2	15	4	44	2	55
79	1	2	16	4	44	2	6
79	1	2	28	4	44	3	62
79	1	2	40	4	44	2	6
79	1	2	41	4	44	2	55
79	1	3	7	4	44	2	6
79	1	3	8	4	44	2	55
79	1	3	21	4	44	3	inf
79	1	3	26	4	44	2	55
79	1	3	27	4	44	2	6
79	1	3	39	4	44	3	62
79	2	0	6	4	44	3	17
79	2	0	18	4	44	2	73
79	2	0	19	4	44	2	24
79	2	0	37	4	44	2	24
79	2	0	38	4	44	2	73
79	2	1	4	4	44	2	24
79	2	1	5	4	44	2	73
79	2	1	17	4	44	3	17
79	2	1	29	4	44	2	73
79	2	1	30	4	44	2	24
79	2	2	15	4	44	2	24
79	2	2	16	4	44	2	73
79	2	2	28	4	44	3	17
79	2	2	40	4	44	2	73
79	2	2	41	4	44	2	24
79	2	3	7	4	44	2	73
79	2	3	8	4	44	2	24
79	2	3	26	4	44	2	24
79	2	3	27	4	44	2	73
79	2	3	39	4	44	3	17
83	1	0	1	44	22	2	65
83	1	0	7	44	22	2	31
83	1	0	12	44	22	2	18
83	1	0	18	44	22	2	52
83	1	1	5	44	22	2	65
83	1	1	10	44	22	2	52
83	1	1	16	44	22	2	18
83	1	1	21	44	22	3	inf
83	1	2	1	44	22	2	52
83	1	2	6	44	22	2	65
83	1	2	12	44	22	2	31
83	1	2	17	44	22	2	18
83	1	3	4	44	22	3	inf
83	1	3	10	44	22	2	65
83	1	3	15	44	22	2	52
83	1	3	21	44	22	2	18
83	1	4	0	44	22	2	18
83	1	4	6	44	22	2	52
83	1	4	11	44	22	2	65
83	1	4	17	44	22	2	31
83	1	5	4	44	22	2	18
83	1	5	9	44	22	3	inf
83	1	5	15	44	22	2	65
83	1	5	20	44	22	2	52
83	1	6	0	44	22	2	31
83	1	6	5	44	22	2	18
83	1	6	11	44	22	2	52
83	1	6	16	44	22	2	65
83	1	7	3	44	22	2	52
83	1	7	9	44	22	2	18
83	1	7	14	44	22	3	inf
83	1	7	20	44	22	2	65
83	1	8	5	44	22	2	31
83	1	8	10	44	22	2	18
83	1	8	16	44	22	2	52
83	1	8	21	44	22	2	65
83	1	9	3	44	22	2	65
83	1	9	8	44	22	2	52
83	1	9	14	44	22	2	18
83	1	9	19	44	22	3	inf
83	1	10	4	44	22	2	65
83	1	10	10	44	22	2	31
83	1	10	15	44	22	2	18
83	1	10	21	44	22	2	52
83	1	11	2	44	22	3	inf
83	1	11	8	44	22	2	65
83	1	11	13	44	22	2	52
83	1	11	19	44	22	2	18
83	1	12	4	44	22	2	52
83	1	12	9	44	22	2	65
83	1	12	15	44	22	2	31
83	1	12	20	44	22	2	18
83	1	13	2	44	22	2	18
83	1	13	7	44	22	3	inf
83	1	13	13	44	22	2	65
83	1	13	18	44	22	2	52
83	1	14	3	44	22	2	18
83	1	14	9	44	22	2	52
83	1	14	14	44	22	2	65
83	1	14	20	44	22	2	31
83	1	15	1	44	22	2	52
83	1	15	7	44	22	2	18
83	1	15	12	44	22	3	inf
83	1	15	18	44	22	2	65
83	1	16	3	44	22	2	31
83	1	16	8	44	22	2	18
83	1	16	14	44	22	2	52
83	1	16	19	44	22	2	65
83	1	17	1	44	22	2	65
83	1	17	6	44	22	2	52
83	1	17	12	44	22	2	18
83	1	17	17	44	22	3	inf
83	1	18	2	44	22	2	65
83	1	18	8	44	22	2	31
83	1	18	13	44	22	2	18
83	1	18	19	44	22	2	52
83	1	19	0	44	22	3	inf
83	1	19	6	44	22	2	65
83	1	19	11	44	22	2	52
83	1	19	17	44	22	2	18
83	1	20	2	44	22	2	52
83	1	20	7	44	22	2	65
83	1	20	13	44	22	2	31
83	1	20	18	44	22	2	18
83	1	21	0	44	22	2	18
83	1	21	5	44	22	3	inf
83	1	21	11	44	22	2	65
83	1	21	16	44	22	2	52
83	1	22	1	44	22	2	18
83	1	22	7	44	22	2	52
83	1	22	12	44	22	2	65
83	1	22	18	44	22	2	31
83	1	23	5	44	22	2	18
83	1	23	10	44	22	3	inf
83	1	23	16	44	22	2	65
83	1	23	21	44	22	2	52
83	1	24	1	44	22	2	31
83	1	24	6	44	22	2	18
83	1	24	12	44	22	2	52
83	1	24	17	44	22	2	65
83	1	25	4	44	22	2	52
83	1	25	10	44	22	2	18
83	1	25	15	44	22	3	inf
83	1	25	21	44	22	2	65
83	1	26	0	44	22	2	65
83	1	26	6	44	22	2	31
83	1	26	11	44	22	2	18
83	1	26	17	44	22	2	52
83	1	27	4	44	22	2	65
83	1	27	9	44	22	2	52
83	1	27	15	44	22	2	18
83	1	27	20	44	22	3	inf
83	1	28	0	44	22	2	52
83	1	28	5	44	22	2	65
83	1	28	11	44	22	2	31
83	1	28	16	44	22	2	18
83	1	29	3	44	22	3	inf
83	1	29	9	44	22	2	65
83	1	29	14	44	22	2	52
83	1	29	20	44	22	2	18
83	1	30	5	44	22	2	52
83	1	30	10	44	22	2	65
83	1	30	16	44	22	2	31
83	1	30	21	44	22	2	18
83	1	31	3	44	22	2	18
83	1	31	8	44	22	3	inf
83	1	31	14	44	22	2	65
83	1	31	19	44	22	2	52
83	1	32	4	44	22	2	18
83	1	32	10	44	22	2	52
83	1	32	15	44	22	2	65
83	1	32	21	44	22	2	31
83	1	33	2	44	22	2	52
83	1	33	8	44	22	2	18
83	1	33	13	44	22	3	inf
83	1	33	19	44	22	2	65
83	1	34	4	44	22	2	31
83	1	34	9	44	22	2	18
83	1	34	15	44	22	2	52
83	1	34	20	44	22	2	65
83	1	35	2	44	22	2	65
83	1	35	7	44	22	2	52
83	1	35	13	44	22	2	18
83	1	35	18	44	22	3	inf
83	1	36	3	44	22	2	65
83	1	36	9	44	22	2	31
83	1	36	14	44	22	2	18
83	1	36	20	44	22	2	52
83	1	37	1	44	22	3	inf
83	1	37	7	44	22	2	65
83	1	37	12	44	22	2	52
83	1	37	18	44	22	2	18
83	1	38	3	44	22	2	52
83	1	38	8	44	22	2	65
83	1	38	14	44	22	2	31
83	1	38	19	44	22	2	18
83	1	39	1	44	22	2	18
83	1	39	6	44	22	3	inf
83	1	39	12	44	22	2	65
83	1	39	17	44	22	2	52
83	1	40	2	44	22	2	18
83	1	40	8	44	22	2	52
83	1	40	13	44	22	2	65
83	1	40	19	44	22	2	31
83	1	41	0	44	22	2	52
83	1	41	6	44	22	2	18
83	1	41	11	44	22	3	inf
83	1	41	17	44	22	2	65
83	1	42	2	44	22	2	31
83	1	42	7	44	22	2	18
83	1	42	13	44	22	2	52
83	1	42	18	44	22	2	65
83	1	43	0	44	22	2	65
83	1	43	5	44	22	2	52
83	1	43	11	44	22	2	18
83	1	43	16	44	22	3	inf
83	2	0	1	44	22	2	18
83	2	0	7	44	22	2	52
83	2	0	12	44	22	2	65
83	2	0	18	44	22	2	31
83	2	1	5	44	22	2	18
83	2	1	10	44	22	3	inf
83	2	1	16	44	22	2	65
83	2	1	21	44	22	2	52
83	2	2	1	44	22	2	31
83	2	2	6	44	22	2	18
83	2	2	12	44	22	2	52
83	2	2	17	44	22	2	65
83	2	3	4	44	22	2	52
83	2	3	10	44	22	2	18
83	2	3	15	44	22	3	inf
83	2	3	21	44	22	2	65
83	2	4	0	44	22	2	65
83	2	4	6	44	22	2	31
83	2	4	11	44	22	2	18
83	2	4	17	44	22	2	52
83	2	5	4	44	22	2	65
83	2	5	9	44	22	2	52
83	2	5	15	44	22	2	18
83	2	5	20	44	22	3	inf
83	2	6	0	44	22	2	52
83	2	6	5	44	22	2	65
83	2	6	11	44	22	2	31
83	2	6	16	44	22	2	18
83	2	7	3	44	22	3	inf
83	2	7	9	44	22	2	65
83	2	7	14	44	22	2	52
83	2	7	20	44	22	2	18
83	2	8	5	44	22	2	52
83	2	8	10	44	22	2	65
83	2	8	16	44	22	2	31
83	2	8	21	44	22	2	18
83	2	9	3	44	22	2	18
83	2	9	8	44	22	3	inf
83	2	9	14	44	22	2	65
83	2	9	19	44	22	2	52
83	2	10	4	44	22	2	18
83	2	10	10	44	22	2	52
83	2	10	15	44	22	2	65
83	2	10	21	44	22	2	31
83	2	11	2	44	22	2	52
83	2	11	8	44	22	2	18
83	2	11	13	44	22	3	inf
83	2	11	19	44	22	2	65
83	2	12	4	44	22	2	31
83	2	12	9	44	22	2	18
83	2	12	15	44	22	2	52
83	2	12	20	44	22	2	65
83	2	13	2	44	22	2	65
83	2	13	7	44	22	2	52
83	2	13	13	44	22	2	18
83	2	13	18	44	22	3	inf
83	2	14	3	44	22	2	65
83	2	14	9	44	22	2	31
83	2	14	14	44	22	2	18
83	2	14	20	44	22	2	52
83	2	15	1	44	22	3	inf
83	2	15	7	44	22	2	65
83	2	15	12	44	22	2	52
83	2	15	18	44	22	2	18
83	2	16	3	44	22	2	52
83	2	16	8	44	22	2	65
83	2	16	14	44	22	2	31
83	2	16	19	44	22	2	18
83	2	17	1	44	22	2	18
83	2	17	6	44	22	3	inf
83	2	17	12	44	22	2	65
83	2	17	17	44	22	2	52
83	2	18	2	44	22	2	18
83	2	18	8	44	22	2	52
83	2	18	13	44	22	2	65
83	2	18	19	44	22	2	31
83	2	19	0	44	22	2	52
83	2	19	6	44	22	2	18
83	2	19	11	44	22	3	inf
83	2	19	17	44	22	2	65
83	2	20	2	44	22	2	31
83	2	20	7	44	22	2	18
83	2	20	13	44	22	2	52
83	2	20	18	44	22	2	65
83	2	21	0	44	22	2	65
83	2	21	5	44	22	2	52
83	2	21	11	44	22	2	18
83	2	21	16	44	22	3	inf
83	2	22	1	44	22	2	65
83	2	22	7	44	22	2	31
83	2	22	12	44	22	2	18
83	2	22	18	44	22	2	52
83	2	23	5	44	22	2	65
83	2	23	10	44	22	2	52
83	2	23	16	44	22	2	18
83	2	23	21	44	22	3	inf
83	2	24	1	44	22	2	52
83	2	24	6	44	22	2	65
83	2	24	12	44	22	2	31
83	2	24	17	44	22	2	18
83	2	25	4	44	22	3	inf
83	2	25	10	44	22	2	65
83	2	25	15	44	22	2	52
83	2	25	21	44	22	2	18
83	2	26	0	44	22	2	18
83	2	26	6	44	22	2	52
83	2	26	11	44	22	2	65
83	2	26	17	44	22	2	31
83	2	27	4	44	22	2	18
83	2	27	9	44	22	3	inf
83	2	27	15	44	22	2	65
83	2	27	20	44	22	2	52
83	2	28	0	44	22	2	31
83	2	28	5	44	22	2	18
83	2	28	11	44	22	2	52
83	2	28	16	44	22	2	65
83	2	29	3	44	22	2	52
83	2	29	9	44	22	2	18
83	2	29	14	44	22	3	inf
83	2	29	20	44	22	2	65
83	2	30	5	44	22	2	31
83	2	30	10	44	22	2	18
83	2	30	16	44	22	2	52
83	2	30	21	44	22	2	65
83	2	31	3	44	22	2	65
83	2	31	8	44	22	2	52
83	2	31	14	44	22	2	18
83	2	31	19	44	22	3	inf
83	2	32	4	44	22	2	65
83	2	32	10	44	22	2	31
83	2	32	15	44	22	2	18
83	2	32	21	44	22	2	52
83	2	33	2	44	22	3	inf
83	2	33	8	44	22	2	65
83	2	33	13	44	22	2	52
83	2	33	19	44	22	2	18
83	2	34	4	44	22	2	52
83	2	34	9	44	22	2	65
83	2	34	15	44	22	2	31
83	2	34	20	44	22	2	18
83	2	35	2	44	22	2	18
83	2	35	7	44	22	3	inf
83	2	35	13	44	22	2	65
83	2	35	18	44	22	2	52
83	2	36	3	44	22	2	18
83	2	36	9	44	22	2	52
83	2	36	14	44	22	2	65
83	2	36	20	44	22	2	31
83	2	37	1	44	22	2	52
83	2	37	7	44	22	2	18
83	2	37	12	44	22	3	inf
83	2	37	18	44	22	2	65
83	2	38	3	44	22	2	31
83	2	38	8	44	22	2	18
83	2	38	14	44	22	2	52
83	2	38	19	44	22	2	65
83	2	39	1	44	22	2	65
83	2	39	6	44	22	2	52
83	2	39	12	44	22	2	18
83	2	39	17	44	22	3	inf
83	2	40	2	44	22	2	65
83	2	40	8	44	22	2	31
83	2	40	13	44	22	2	18
83	2	40	19	44	22	2	52
83	2	41	0	44	22	3	inf
83	2	41	6	44	22	2	65
83	2	41	11	44	22	2	52
83	2	41	17	44	22	2	18
83	2	42	2	44	22	2	52
83	2	42	7	44	22	2	65
83	2	42	13	44	22	2	31
83	2	42	18	44	22	2	18
83	2	43	0	44	22	2	18
83	2	43	5	44	22	3	inf
83	2	43	11	44	22	2	65
83	2	43	16	44	22	2	52
89	1	0	2	100	100	2	71
89	1	0	8	100	100	2	11
89	1	0	16	100	100	2	23
89	1	0	18	100	100	2	23
89	1	0	26	100	100	2	11
89	1	0	32	100	100	2	71
89	1	0	35	100	100	2	19
89	1	0	42	100	100	3	0
89	1	0	49	100	100	2	70
89	1	0	52	100	100	2	18
89	1	0	58	100	100	2	78
89	1	0	66	100	100	3	inf
89	1	0	68	100	100	2	66
89	1	0	76	100	100	2	78
89	1	0	82	100	100	2	18
89	1	0	85	100	100	2	70
89	1	0	92	100	100	3	0
89	1	0	99	100	100	2	19
89	1	1	1	100	100	2	66
89	1	1	9	100	100	2	78
89	1	1	15	100	100	2	18
89	1	1	18	100	100	2	70
89	1	1	25	100	100	3	0
89	1	1	32	100	100	2	19
89	1	1	35	100	100	2	71
89	1	1	41	100	100	2	11
89	1	1	49	100	100	2	23
89	1	1	51	100	100	2	23
89	1	1	59	100	100	2	11
89	1	1	65	100	100	2	71
89	1	1	68	100	100	2	19
89	1	1	75	100	100	3	0
89	1	1	82	100	100	2	70
89	1	1	85	100	100	2	18
89	1	1	91	100	100	2	78
89	1	1	99	100	100	3	inf
89	1	2	1	100	100	2	19
89	1	2	8	100	100	3	0
89	1	2	15	100	100	2	70
89	1	2	18	100	100	2	18
89	1	2	24	100	100	2	78
89	1	2	32	100	100	3	inf
89	1	2	34	100	100	2	66
89	1	2	42	100	100	2	78
89	1	2	48	100	100	2	18
89	1	2	51	100	100	2	70
89	1	2	58	100	100	3	0
89	1	2	65	100	100	2	19
89	1	2	68	100	100	2	71
89	1	2	74	100	100	2	11
89	1	2	82	100	100	2	23
89	1	2	84	100	100	2	23
89	1	2	92	100	100	2	11
89	1	2	98	100	100	2	71
89	1	3	1	100	100	2	71
89	1	3	7	100	100	2	11
89	1	3	15	100	100	2	23
89	1	3	17	100	100	2	23
89	1	3	25	100	100	2	11
89	1	3	31	100	100	2	71
89	1	3	34	100	100	2	19
89	1	3	41	100	100	3	0
89	1	3	48	100	100	2	70
89	1	3	51	100	100	2	18
89	1	3	57	100	100	2	78
89	1	3	65	100	100	3	inf
89	1	3	67	100	100	2	66
89	1	3	75	100	100	2	78
89	1	3	81	100	100	2	18
89	1	3	84	100	100	2	70
89	1	3	91	100	100	3	0
89	1	3	98	100	100	2	19
89	1	4	0	100	100	2	66
89	1	4	8	100	100	2	78
89	1	4	14	100	100	2	18
89	1	4	17	100	100	2	70
89	1	4	24	100	100	3	0
89	1	4	31	100	100	2	19
89	1	4	34	100	100	2	71
89	1	4	40	100	100	2	11
89	1	4	48	100	100	2	23
89	1	4	50	100	100	2	23
89	1	4	58	100	100	2	11
89	1	4	64	100	100	2	71
89	1	4	67	100	100	2	19
89	1	4	74	100	100	3	0
89	1	4	81	100	100	2	70
89	1	4	84	100	100	2	18
89	1	4	90	100	100	2	78
89	1	4	98	100	100	3	inf
89	1	5	0	100	100	2	19
89	1	5	7	100	100	3	0
89	1	5	14	100	100	2	70
89	1	5	17	100	100	2	18
89	1	5	23	100	100	2	78
89	1	5	31	100	100	3	inf
89	1	5	33	100	100	2	66
89	1	5	41	100	100	2	78
89	1	5	47	100	100	2	18
89	1	5	50	100	100	2	70
89	1	5	57	100	100	3	0
89	1	5	64	100	100	2	19
89	1	5	67	100	100	2	71
89	1	5	73	100	100	2	11
89	1	5	81	100	100	2	23
89	1	5	83	100	100	2	23
89	1	5	91	100	100	2	11
89	1	5	97	100	100	2	71
89	1	6	0	100	100	2	71
89	1	6	6	100	100	2	11
89	1	6	14	100	100	2	23
89	1	6	16	100	100	2	23
89	1	6	24	100	100	2	11
89	1	6	30	100	100	2	71
89	1	6	33	100	100	2	19
89	1	6	40	100	100	3	0
89	1	6	47	100	100	2	70
89	1	6	50	100	100	2	18
89	1	6	56	100	100	2	78
89	1	6	64	100	100	3	inf
89	1	6	66	100	100	2	66
89	1	6	74	100	100	2	78
89	1	6	80	100	100	2	18
89	1	6	83	100	100	2	70
89	1	6	90	100	100	3	0
89	1	6	97	100	100	2	19
89	1	7	7	100	100	2	78
89	1	7	13	100	100	2	18
89	1	7	16	100	100	2	70
89	1	7	23	100	100	3	0
89	1	7	30	100	100	2	19
89	1	7	33	100	100	2	71
89	1	7	39	100	100	2	11
89	1	7	47	100	100	2	23
89	1	7	49	100	100	2	23
89	1	7	57	100	100	2	11
89	1	7	63	100	100	2	71
89	1	7	66	100	100	2	19
89	1	7	73	100	100	3	0
89	1	7	80	100	100	2	70
89	1	7	83	100	100	2	18
89	1	7	89	100	100	2	78
89	1	7	97	100	100	3	inf
89	1	7	99	100	100	2	66
89	1	8	6	100	100	3	0
89	1	8	13	100	100	2	70
89	1	8	16	100	100	2	18
89	1	8	22	100	100	2	78
89	1	8	30	100	100	3	inf
89	1	8	32	100	100	2	66
89	1	8	40	100	100	2	78
89	1	8	46	100	100	2	18
89	1	8	49	100	100	2	70
89	1	8	56	100	100	3	0
89	1	8	63	100	100	2	19
89	1	8	66	100	100	2	71
89	1	8	72	100	100	2	11
89	1	8	80	100	100	2	23
89	1	8	82	100	100	2	23
89	1	8	90	100	100	2	11
89	1	8	96	100	100	2	71
89	1	8	99	100	100	2	19
89	1	9	5	100	100	2	11
89	1	9	13	100	100	2	23
89	1	9	15	100	100	2	23
89	1	9	23	100	100	2	11
89	1	9	29	100	100	2	71
89	1	9	32	100	100	2	19
89	1	9	39	100	100	3	0
89	1	9	46	100	100	2	70
89	1	9	49	100	100	2	18
89	1	9	55	100	100	2	78
89	1	9	63	100	100	3	inf
89	1	9	65	100	100	2	66
89	1	9	73	100	100	2	78
89	1	9	79	100	100	2	18
89	1	9	82	100	100	2	70
89	1	9	89	100	100	3	0
89	1	9	96	100	100	2	19
89	1	9	99	100	100	2	71
89	1	10	6	100	100	2	78
89	1	10	12	100	100	2	18
89	1	10	15	100	100	2	70
89	1	10	22	100	100	3	0
89	1	10	29	100	100	2	19
89	1	10	32	100	100	2	71
89	1	10	38	100	100	2	11
89	1	10	46	100	100	2	23
89	1	10	48	100	100	2	23
89	1	10	56	100	100	2	11
89	1	10	62	100	100	2	71
89	1	10	65	100	100	2	19
89	1	10	72	100	100	3	0
89	1	10	79	100	100	2	70
89	1	10	82	100	100	2	18
89	1	10	88	100	100	2	78
89	1	10	96	100	100	3	inf
89	1	10	98	100	100	2	66
89	1	11	5	100	100	3	0
89	1	11	12	100	100	2	70
89	1	11	15	100	100	2	18
89	1	11	21	100	100	2	78
89	1	11	29	100	100	3	inf
89	1	11	31	100	100	2	66
89	1	11	39	100	100	2	78
89	1	11	45	100	100	2	18
89	1	11	48	100	100	2	70
89	1	11	55	100	100	3	0
89	1	11	62	100	100	2	19
89	1	11	65	100	100	2	71
89	1	11	71	100	100	2	11
89	1	11	79	100	100	2	23
89	1	11	81	100	100	2	23
89	1	11	89	100	100	2	11
89	1	11	95	100	100	2	71
89	1	11	98	100	100	2	19
89	1	12	4	100	100	2	11
89	1	12	12	100	100	2	23
89	1	12	14	100	100	2	23
89	1	12	22	100	100	2	11
89	1	12	28	100	100	2	71
89	1	12	31	100	100	2	19
89	1	12	38	100	100	3	0
89	1	12	45	100	100	2	70
89	1	12	48	100	100	2	18
89	1	12	54	100	100	2	78
89	1	12	62	100	100	3	inf
89	1	12	64	100	100	2	66
89	1	12	72	100	100	2	78
89	1	12	78	100	100	2	18
89	1	12	81	100	100	2	70
89	1	12	88	100	100	3	0
89	1	12	95	100	100	2	19
89	1	12	98	100	100	2	71
89	1	13	5	100	100	2	78
89	1	13	11	100	100	2	18
89	1	13	14	100	100	2	70
89	1	13	21	100	100	3	0
89	1	13	28	100	100	2	19
89	1	13	31	100	100	2	71
89	1	13	37	100	100	2	11
89	1	13	45	100	100	2	23
89	1	13	47	100	100	2	23
89	1	13	55	100	100	2	11
89	1	13	61	100	100	2	71
89	1	13	64	100	100	2	19
89	1	13	71	100	100	3	0
89	1	13	78	100	100	2	70
89	1	13	81	100	100	2	18
89	1	13	87	100	100	2	78
89	1	13	95	100	100	3	inf
89	1	13	97	100	100	2	66
89	1	14	4	100	100	3	0
89	1	14	11	100	100	2	70
89	1	14	14	100	100	2	18
89	1	14	20	100	100	2	78
89	1	14	28	100	100	3	inf
89	1	14	30	100	100	2	66
89	1	14	38	100	100	2	78
89	1	14	44	100	100	2	18
89	1	14	47	100	100	2	70
89	1	14	54	100	100	3	0
89	1	14	61	100	100	2	19
89	1	14	64	100	100	2	71
89	1	14	70	100	100	2	11
89	1	14	78	100	100	2	23
89	1	14	80	100	100	2	23
89	1	14	88	100	100	2	11
89	1	14	94	100	100	2	71
89	1	14	97	100	100	2	19
89	1	15	3	100	100	2	11
89	1	15	11	100	100	2	23
89	1	15	13	100	100	2	23
89	1	15	21	100	100	2	11
89	1	15	27	100	100	2	71
89	1	15	30	100	100	2	19
89	1	15	37	100	100	3	0
89	1	15	44	100	100	2	70
89	1	15	47	100	100	2	18
89	1	15	53	100	100	2	78
89	1	15	61	100	100	3	inf
89	1	15	63	100	100	2	66
89	1	15	71	100	100	2	78
89	1	15	77	100	100	2	18
89	1	15	80	100	100	2	70
89	1	15	87	100	100	3	0
89	1	15	94	100	100	2	19
89	1	15	97	100	100	2	71
89	1	16	4	100	100	2	78
89	1	16	10	100	100	2	18
89	1	16	13	100	100	2	70
89	1	16	20	100	100	3	0
89	1	16	27	100	100	2	19
89	1	16	30	100	100	2	71
89	1	16	36	100	100	2	11
89	1	16	44	100	100	2	23
89	1	16	46	100	100	2	23
89	1	16	54	100	100	2	11
89	1	16	60	100	100	2	71
89	1	16	63	100	100	2	19
89	1	16	70	100	100	3	0
89	1	16	77	100	100	2	70
89	1	16	80	100	100	2	18
89	1	16	86	100	100	2	78
89	1	16	94	100	100	3	inf
89	1	16	96	100	100	2	66
89	1	17	3	100	100	3	0
89	1	17	10	100	100	2	70
89	1	17	13	100	100	2	18
89	1	17	19	100	100	2	78
89	1	17	27	100	100	3	inf
89	1	17	29	100	100	2	66
89	1	17	37	100	100	2	78
89	1	17	43	100	100	2	18
89	1	17	46	100	100	2	70
89	1	17	53	100	100	3	0
89	1	17	60	100	100	2	19
89	1	17	63	100	100	2	71
89	1	17	69	100	100	2	11
89	1	17	77	100	100	2	23
89	1	17	79	100	100	2	23
89	1	17	87	100	100	2	11
89	1	17	93	100	100	2	71
89	1	17	96	100	100	2	19
89	1	18	2	100	100	2	11
89	1	18	10	100	100	2	23
89	1	18	12	100	100	2	23
89	1	18	20	100	100	2	11
89	1	18	26	100	100	2	71
89	1	18	29	100	100	2	19
89	1	18	36	100	100	3	0
89	1	18	43	100	100	2	70
89	1	18	46	100	100	2	18
89	1	18	52	100	100	2	78
89	1	18	60	100	100	3	inf
89	1	18	62	100	100	2	66
89	1	18	70	100	100	2	78
89	1	18	76	100	100	2	18
89	1	18	79	100	100	2	70
89	1	18	86	100	100	3	0
89	1	18	93	100	100	2	19
89	1	18	96	100	100	2	71
89	1	19	3	100	100	2	78
89	1	19	9	100	100	2	18
89	1	19	12	100	100	2	70
89	1	19	19	100	100	3	0
89	1	19	26	100	100	2	19
89	1	19	29	100	100	2	71
89	1	19	35	100	100	2	11
89	1	19	43	100	100	2	23
89	1	19	45	100	100	2	23
89	1	19	53	100	100	2	11
89	1	19	59	100	100	2	71
89	1	19	62	100	100	2	19
89	1	19	69	100	100	3	0
89	1	19	76	100	100	2	70
89	1	19	79	100	100	2	18
89	1	19	85	100	100	2	78
89	1	19	93	100	100	3	inf
89	1	19	95	100	100	2	66
89	1	20	2	100	100	3	0
89	1	20	9	100	100	2	70
89	1	20	12	100	100	2	18
89	1	20	18	100	100	2	78
89	1	20	26	100	100	3	inf
89	1	20	28	100	100	2	66
89	1	20	36	100	100	2	78
89	1	20	42	100	100	2	18
89	1	20	45	100	100	2	70
89	1	20	52	100	100	3	0
89	1	20	59	100	100	2	19
89	1	20	62	100	100	2	71
89	1	20	68	100	100	2	11
89	1	20	76	100	100	2	23
89	1	20	78	100	100	2	23
89	1	20	86	100	100	2	11
89	1	20	92	100	100	2	71
89	1	20	95	100	100	2	19
89	1	21	1	100	100	2	11
89	1	21	9	100	100	2	23
89	1	21	11	100	100	2	23
89	1	21	19	100	100	2	11
89	1	21	25	100	100	2	71
89	1	21	28	100	100	2	19
89	1	21	35	100	100	3	0
89	1	21	42	100	100	2	70
89	1	21	45	100	100	2	18
89	1	21	51	100	100	2	78
89	1	21	59	100	100	3	inf
89	1	21	61	100	100	2	66
89	1	21	69	100	100	2	78
89	1	21	75	100	100	2	18
89	1	21	78	100	100	2	70
89	1	21	85	100	100	3	0
89	1	21	92	100	100	2	19
89	1	21	95	100	100	2	71
89	1	22	2	100	100	2	78
89	1	22	8	100	100	2	18
89	1	22	11	100	100	2	70
89	1	22	18	100	100	3	0
89	1	22	25	100	100	2	19
89	1	22	28	100	100	2	71
89	1	22	34	100	100	2	11
89	1	22	42	100	100	2	23
89	1	22	44	100	100	2	23
89	1	22	52	100	100	2	11
89	1	22	58	100	100	2	71
89	1	22	61	100	100	2	19
89	1	22	68	100	100	3	0
89	1	22	75	100	100	2	70
89	1	22	78	100	100	2	18
89	1	22	84	100	100	2	78
89	1	22	92	100	100	3	inf
89	1	22	94	100	100	2	66
89	1	23	1	100	100	3	0
89	1	23	8	100	100	2	70
89	1	23	11	100	100	2	18
89	1	23	17	100	100	2	78
89	1	23	25	100	100	3	inf
89	1	23	27	100	100	2	66
89	1	23	35	100	100	2	78
89	1	23	41	100	100	2	18
89	1	23	44	100	100	2	70
89	1	23	51	100	100	3	0
89	1	23	58	100	100	2	19
89	1	23	61	100	100	2	71
89	1	23	67	100	100	2	11
89	1	23	75	100	100	2	23
89	1	23	77	100	100	2	23
89	1	23	85	100	100	2	11
89	1	23	91	100	100	2	71
89	1	23	94	100	100	2	19
89	1	24	0	100	100	2	11
89	1	24	8	100	100	2	23
89	1	24	10	100	100	2	23
89	1	24	18	100	100	2	11
89	1	24	24	100	100	2	71
89	1	24	27	100	100	2	19
89	1	24	34	100	100	3	0
89	1	24	41	100	100	2	70
89	1	24	44	100	100	2	18
89	1	24	50	100	100	2	78
89	1	24	58	100	100	3	inf
89	1	24	60	100	100	2	66
89	1	24	68	100	100	2	78
89	1	24	74	100	100	2	18
89	1	24	77	100	100	2	70
89	1	24	84	100	100	3	0
89	1	24	91	100	100	2	19
89	1	24	94	100	100	2	71
89	1	25	1	100	100	2	78
89	1	25	7	100	100	2	18
89	1	25	10	100	100	2	70
89	1	25	17	100	100	3	0
89	1	25	24	100	100	2	19
89	1	25	27	100	100	2	71
89	1	25	33	100	100	2	11
89	1	25	41	100	100	2	23
89	1	25	43	100	100	2	23
89	1	25	51	100	100	2	11
89	1	25	57	100	100	2	71
89	1	25	60	100	100	2	19
89	1	25	67	100	100	3	0
89	1	25	74	100	100	2	70
89	1	25	77	100	100	2	18
89	1	25	83	100	100	2	78
89	1	25	91	100	100	3	inf
89	1	25	93	100	100	2	66
89	1	26	0	100	100	3	0
89	1	26	7	100	100	2	70
89	1	26	10	100	100	2	18
89	1	26	16	100	100	2	78
89	1	26	24	100	100	3	inf
89	1	26	26	100	100	2	66
89	1	26	34	100	100	2	78
89	1	26	40	100	100	2	18
89	1	26	43	100	100	2	70
89	1	26	50	100	100	3	0
89	1	26	57	100	100	2	19
89	1	26	60	100	100	2	71
89	1	26	66	100	100	2	11
89	1	26	74	100	100	2	23
89	1	26	76	100	100	2	23
89	1	26	84	100	100	2	11
89	1	26	90	100	100	2	71
89	1	26	93	100	100	2	19
89	1	27	7	100	100	2	23
89	1	27	9	100	100	2	23
89	1	27	17	100	100	2	11
89	1	27	23	100	100	2	71
89	1	27	26	100	100	2	19
89	1	27	33	100	100	3	0
89	1	27	40	100	100	2	70
89	1	27	43	100	100	2	18
89	1	27	49	100	100	2	78
89	1	27	57	100	100	3	inf
89	1	27	59	100	100	2	66
89	1	27	67	100	100	2	78
89	1	27	73	100	100	2	18
89	1	27	76	100	100	2	70
89	1	27	83	100	100	3	0
89	1	27	90	100	100	2	19
89	1	27	93	100	100	2	71
89	1	27	99	100	100	2	11
89	1	28	0	100	100	2	78
89	1	28	6	100	100	2	18
89	1	28	9	100	100	2	70
89	1	28	16	100	100	3	0
89	1	28	23	100	100	2	19
89	1	28	26	100	100	2	71
89	1	28	32	100	100	2	11
89	1	28	40	100	100	2	23
89	1	28	42	100	100	2	23
89	1	28	50	100	100	2	11
89	1	28	56	100	100	2	71
89	1	28	59	100	100	2	19
89	1	28	66	100	100	3	0
89	1	28	73	100	100	2	70
89	1	28	76	100	100	2	18
89	1	28	82	100	100	2	78
89	1	28	90	100	100	3	inf
89	1	28	92	100	100	2	66
89	1	29	6	100	100	2	70
89	1	29	9	100	100	2	18
89	1	29	15	100	100	2	78
89	1	29	23	100	100	3	inf
89	1	29	25	100	100	2	66
89	1	29	33	100	100	2	78
89	1	29	39	100	100	2	18
89	1	29	42	100	100	2	70
89	1	29	49	100	100	3	0
89	1	29	56	100	100	2	19
89	1	29	59	100	100	2	71
89	1	29	65	100	100	2	11
89	1	29	73	100	100	2	23
89	1	29	75	100	100	2	23
89	1	29	83	100	100	2	11
89	1	29	89	100	100	2	71
89	1	29	92	100	100	2	19
89	1	29	99	100	100	3	0
89	1	30	6	100	100	2	23
89	1	30	8	100	100	2	23
89	1	30	16	100	100	2	11
89	1	30	22	100	100	2	71
89	1	30	25	100	100	2	19
89	1	30	32	100	100	3	0
89	1	30	39	100	100	2	70
89	1	30	42	100	100	2	18
89	1	30	48	100	100	2	78
89	1	30	56	100	100	3	inf
89	1	30	58	100	100	2	66
89	1	30	66	100	100	2	78
89	1	30	72	100	100	2	18
89	1	30	75	100	100	2	70
89	1	30	82	100	100	3	0
89	1	30	89	100	100	2	19
89	1	30	92	100	100	2	71
89	1	30	98	100	100	2	11
89	1	31	5	100	100	2	18
89	1	31	8	100	100	2	70
89	1	31	15	100	100	3	0
89	1	31	22	100	100	2	19
89	1	31	25	100	100	2	71
89	1	31	31	100	100	2	11
89	1	31	39	100	100	2	23
89	1	31	41	100	100	2	23
89	1	31	49	100	100	2	11
89	1	31	55	100	100	2	71
89	1	31	58	100	100	2	19
89	1	31	65	100	100	3	0
89	1	31	72	100	100	2	70
89	1	31	75	100	100	2	18
89	1	31	81	100	100	2	78
89	1	31	89	100	100	3	inf
89	1	31	91	100	100	2	66
89	1	31	99	100	100	2	78
89	1	32	5	100	100	2	70
89	1	32	8	100	100	2	18
89	1	32	14	100	100	2	78
89	1	32	22	100	100	3	inf
89	1	32	24	100	100	2	66
89	1	32	32	100	100	2	78
89	1	32	38	100	100	2	18
89	1	32	41	100	100	2	70
89	1	32	48	100	100	3	0
89	1	32	55	100	100	2	19
89	1	32	58	100	100	2	71
89	1	32	64	100	100	2	11
89	1	32	72	100	100	2	23
89	1	32	74	100	100	2	23
89	1	32	82	100	100	2	11
89	1	32	88	100	100	2	71
89	1	32	91	100	100	2	19
89	1	32	98	100	100	3	0
89	1	33	5	100	100	2	23
89	1	33	7	100	100	2	23
89	1	33	15	100	100	2	11
89	1	33	21	100	100	2	71
89	1	33	24	100	100	2	19
89	1	33	31	100	100	3	0
89	1	33	38	100	100	2	70
89	1	33	41	100	100	2	18
89	1	33	47	100	100	2	78
89	1	33	55	100	100	3	inf
89	1	33	57	100	100	2	66
89	1	33	65	100	100	2	78
89	1	33	71	100	100	2	18
89	1	33	74	100	100	2	70
89	1	33	81	100	100	3	0
89	1	33	88	100	100	2	19
89	1	33	91	100	100	2	71
89	1	33	97	100	100	2	11
89	1	34	4	100	100	2	18
89	1	34	7	100	100	2	70
89	1	34	14	100	100	3	0
89	1	34	21	100	100	2	19
89	1	34	24	100	100	2	71
89	1	34	30	100	100	2	11
89	1	34	38	100	100	2	23
89	1	34	40	100	100	2	23
89	1	34	48	100	100	2	11
89	1	34	54	100	100	2	71
89	1	34	57	100	100	2	19
89	1	34	64	100	100	3	0
89	1	34	71	100	100	2	70
89	1	34	74	100	100	2	18
89	1	34	80	100	100	2	78
89	1	34	88	100	100	3	inf
89	1	34	90	100	100	2	66
89	1	34	98	100	100	2	78
89	1	35	4	100	100	2	70
89	1	35	7	100	100	2	18
89	1	35	13	100	100	2	78
89	1	35	21	100	100	3	inf
89	1	35	23	100	100	2	66
89	1	35	31	100	100	2	78
89	1	35	37	100	100	2	18
89	1	35	40	100	100	2	70
89	1	35	47	100	100	3	0
89	1	35	54	100	100	2	19
89	1	35	57	100	100	2	71
89	1	35	63	100	100	2	11
89	1	35	71	100	100	2	23
89	1	35	73	100	100	2	23
89	1	35	81	100	100	2	11
89	1	35	87	100	100	2	71
89	1	35	90	100	100	2	19
89	1	35	97	100	100	3	0
89	1	36	4	100	100	2	23
89	1	36	6	100	100	2	23
89	1	36	14	100	100	2	11
89	1	36	20	100	100	2	71
89	1	36	23	100	100	2	19
89	1	36	30	100	100	3	0
89	1	36	37	100	100	2	70
89	1	36	40	100	100	2	18
89	1	36	46	100	100	2	78
89	1	36	54	100	100	3	inf
89	1	36	56	100	100	2	66
89	1	36	64	100	100	2	78
89	1	36	70	100	100	2	18
89	1	36	73	100	100	2	70
89	1	36	80	100	100	3	0
89	1	36	87	100	100	2	19
89	1	36	90	100	100	2	71
89	1	36	96	100	100	2	11
89	1	37	3	100	100	2	18
89	1	37	6	100	100	2	70
89	1	37	13	100	100	3	0
89	1	37	20	100	100	2	19
89	1	37	23	100	100	2	71
89	1	37	29	100	100	2	11
89	1	37	37	100	100	2	23
89	1	37	39	100	100	2	23
89	1	37	47	100	100	2	11
89	1	37	53	100	100	2	71
89	1	37	56	100	100	2	19
89	1	37	63	100	100	3	0
89	1	37	70	100	100	2	70
89	1	37	73	100	100	2	18
89	1	37	79	100	100	2	78
89	1	37	87	100	100	3	inf
89	1	37	89	100	100	2	66
89	1	37	97	100	100	2	78
89	1	38	3	100	100	2	70
89	1	38	6	100	100	2	18
89	1	38	12	100	100	2	78
89	1	38	20	100	100	3	inf
89	1	38	22	100	100	2	66
89	1	38	30	100	100	2	78
89	1	38	36	100	100	2	18
89	1	38	39	100	100	2	70
89	1	38	46	100	100	3	0
89	1	38	53	100	100	2	19
89	1	38	56	100	100	2	71
89	1	38	62	100	100	2	11
89	1	38	70	100	100	2	23
89	1	38	72	100	100	2	23
89	1	38	80	100	100	2	11
89	1	38	86	100	100	2	71
89	1	38	89	100	100	2	19
89	1	38	96	100	100	3	0
89	1	39	3	100	100	2	23
89	1	39	5	100	100	2	23
89	1	39	13	100	100	2	11
89	1	39	19	100	100	2	71
89	1	39	22	100	100	2	19
89	1	39	29	100	100	3	0
89	1	39	36	100	100	2	70
89	1	39	39	100	100	2	18
89	1	39	45	100	100	2	78
89	1	39	53	100	100	3	inf
89	1	39	55	100	100	2	66
89	1	39	63	100	100	2	78
89	1	39	69	100	100	2	18
89	1	39	72	100	100	2	70
89	1	39	79	100	100	3	0
89	1	39	86	100	100	2	19
89	1	39	89	100	100	2	71
89	1	39	95	100	100	2	11
89	1	40	2	100	100	2	18
89	1	40	5	100	100	2	70
89	1	40	12	100	100	3	0
89	1	40	19	100	100	2	19
89	1	40	22	100	100	2	71
89	1	40	28	100	100	2	11
89	1	40	36	100	100	2	23
89	1	40	38	100	100	2	23
89	1	40	46	100	100	2	11
89	1	40	52	100	100	2	71
89	1	40	55	100	100	2	19
89	1	40	62	100	100	3	0
89	1	40	69	100	100	2	70
89	1	40	72	100	100	2	18
89	1	40	78	100	100	2	78
89	1	40	86	100	100	3	inf
89	1	40	88	100	100	2	66
89	1	40	96	100	100	2	78
89	1	41	2	100	100	2	70
89	1	41	5	100	100	2	18
89	1	41	11	100	100	2	78
89	1	41	19	100	100	3	inf
89	1	41	21	100	100	2	66
89	1	41	29	100	100	2	78
89	1	41	35	100	100	2	18
89	1	41	38	100	100	2	70
89	1	41	45	100	100	3	0
89	1	41	52	100	100	2	19
89	1	41	55	100	100	2	71
89	1	41	61	100	100	2	11
89	1	41	69	100	100	2	23
89	1	41	71	100	100	2	23
89	1	41	79	100	100	2	11
89	1	41	85	100	100	2	71
89	1	41	88	100	100	2	19
89	1	41	95	100	100	3	0
89	1	42	2	100	100	2	23
89	1	42	4	100	100	2	23
89	1	42	12	100	100	2	11
89	1	42	18	100	100	2	71
89	1	42	21	100	100	2	19
89	1	42	28	100	100	3	0
89	1	42	35	100	100	2	70
89	1	42	38	100	100	2	18
89	1	42	44	100	100	2	78
89	1	42	52	100	100	3	inf
89	1	42	54	100	100	2	66
89	1	42	62	100	100	2	78
89	1	42	68	100	100	2	18
89	1	42	71	100	100	2	70
89	1	42	78	100	100	3	0
89	1	42	85	100	100	2	19
89	1	42	88	100	100	2	71
89	1	42	94	100	100	2	11
89	1	43	1	100	100	2	18
89	1	43	4	100	100	2	70
89	1	43	11	100	100	3	0
89	1	43	18	100	100	2	19
89	1	43	21	100	100	2	71
89	1	43	27	100	100	2	11
89	1	43	35	100	100	2	23
89	1	43	37	100	100	2	23
89	1	43	45	100	100	2	11
89	1	43	51	100	100	2	71
89	1	43	54	100	100	2	19
89	1	43	61	100	100	3	0
89	1	43	68	100	100	2	70
89	1	43	71	100	100	2	18
89	1	43	77	100	100	2	78
89	1	43	85	100	100	3	inf
89	1	43	87	100	100	2	66
89	1	43	95	100	100	2	78
89	1	44	1	100	100	2	70
89	1	44	4	100	100	2	18
89	1	44	10	100	100	2	78
89	1	44	18	100	100	3	inf
89	1	44	20	100	100	2	66
89	1	44	28	100	100	2	78
89	1	44	34	100	100	2	18
89	1	44	37	100	100	2	70
89	1	44	44	100	100	3	0
89	1	44	51	100	100	2	19
89	1	44	54	100	100	2	71
89	1	44	60	100	100	2	11
89	1	44	68	100	100	2	23
89	1	44	70	100	100	2	23
89	1	44	78	100	100	2	11
89	1	44	84	100	100	2	71
89	1	44	87	100	100	2	19
89	1	44	94	100	100	3	0
89	1	45	1	100	100	2	23
89	1	45	3	100	100	2	23
89	1	45	11	100	100	2	11
89	1	45	17	100	100	2	71
89	1	45	20	100	100	2	19
89	1	45	27	100	100	3	0
89	1	45	34	100	100	2	70
89	1	45	37	100	100	2	18
89	1	45	43	100	100	2	78
89	1	45	51	100	100	3	inf
89	1	45	53	100	100	2	66
89	1	45	61	100	100	2	78
89	1	45	67	100	100	2	18
89	1	45	70	100	100	2	70
89	1	45	77	100	100	3	0
89	1	45	84	100	100	2	19
89	1	45	87	100	100	2	71
89	1	45	93	100	100	2	11
89	1	46	0	100	100	2	18
89	1	46	3	100	100	2	70
89	1	46	10	100	100	3	0
89	1	46	17	100	100	2	19
89	1	46	20	100	100	2	71
89	1	46	26	100	100	2	11
89	1	46	34	100	100	2	23
89	1	46	36	100	100	2	23
89	1	46	44	100	100	2	11
89	1	46	50	100	100	2	71
89	1	46	53	100	100	2	19
89	1	46	60	100	100	3	0
89	1	46	67	100	100	2	70
89	1	46	70	100	100	2	18
89	1	46	76	100	100	2	78
89	1	46	84	100	100	3	inf
89	1	46	86	100	100	2	66
89	1	46	94	100	100	2	78
89	1	47	0	100	100	2	70
89	1	47	3	100	100	2	18
89	1	47	9	100	100	2	78
89	1	47	17	100	100	3	inf
89	1	47	19	100	100	2	66
89	1	47	27	100	100	2	78
89	1	47	33	100	100	2	18
89	1	47	36	100	100	2	70
89	1	47	43	100	100	3	0
89	1	47	50	100	100	2	19
89	1	47	53	100	100	2	71
89	1	47	59	100	100	2	11
89	1	47	67	100	100	2	23
89	1	47	69	100	100	2	23
89	1	47	77	100	100	2	11
89	1	47	83	100	100	2	71
89	1	47	86	100	100	2	19
89	1	47	93	100	100	3	0
89	1	48	0	100	100	2	23
89	1	48	2	100	100	2	23
89	1	48	10	100	100	2	11
89	1	48	16	100	100	2	71
89	1	48	19	100	100	2	19
89	1	48	26	100	100	3	0
89	1	48	33	100	100	2	70
89	1	48	36	100	100	2	18
89	1	48	42	100	100	2	78
89	1	48	50	100	100	3	inf
89	1	48	52	100	100	2	66
89	1	48	60	100	100	2	78
89	1	48	66	100	100	2	18
89	1	48	69	100	100	2	70
89	1	48	76	100	100	3	0
89	1	48	83	100	100	2	19
89	1	48	86	100	100	2	71
89	1	48	92	100	100	2	11
89	1	49	2	100	100	2	70
89	1	49	9	100	100	3	0
89	1	49	16	100	100	2	19
89	1	49	19	100	100	2	71
89	1	49	25	100	100	2	11
89	1	49	33	100	100	2	23
89	1	49	35	100	100	2	23
89	1	49	43	100	100	2	11
89	1	49	49	100	100	2	71
89	1	49	52	100	100	2	19
89	1	49	59	100	100	3	0
89	1	49	66	100	100	2	70
89	1	49	69	100	100	2	18
89	1	49	75	100	100	2	78
89	1	49	83	100	100	3	inf
89	1	49	85	100	100	2	66
89	1	49	93	100	100	2	78
89	1	49	99	100	100	2	18
89	1	50	2	100	100	2	18
89	1	50	8	100	100	2	78
89	1	50	16	100	100	3	inf
89	1	50	18	100	100	2	66
89	1	50	26	100	100	2	78
89	1	50	32	100	100	2	18
89	1	50	35	100	100	2	70
89	1	50	42	100	100	3	0
89	1	50	49	100	100	2	19
89	1	50	52	100	100	2	71
89	1	50	58	100	100	2	11
89	1	50	66	100	100	2	23
89	1	50	68	100	100	2	23
89	1	50	76	100	100	2	11
89	1	50	82	100	100	2	71
89	1	50	85	100	100	2	19
89	1	50	92	100	100	3	0
89	1	50	99	100	100	2	70
89	1	51	1	100	100	2	23
89	1	51	9	100	100	2	11
89	1	51	15	100	100	2	71
89	1	51	18	100	100	2	19
89	1	51	25	100	100	3	0
89	1	51	32	100	100	2	70
89	1	51	35	100	100	2	18
89	1	51	41	100	100	2	78
89	1	51	49	100	100	3	inf
89	1	51	51	100	100	2	66
89	1	51	59	100	100	2	78
89	1	51	65	100	100	2	18
89	1	51	68	100	100	2	70
89	1	51	75	100	100	3	0
89	1	51	82	100	100	2	19
89	1	51	85	100	100	2	71
89	1	51	91	100	100	2	11
89	1	51	99	100	100	2	23
89	1	52	1	100	100	2	70
89	1	52	8	100	100	3	0
89	1	52	15	100	100	2	19
89	1	52	18	100	100	2	71
89	1	52	24	100	100	2	11
89	1	52	32	100	100	2	23
89	1	52	34	100	100	2	23
89	1	52	42	100	100	2	11
89	1	52	48	100	100	2	71
89	1	52	51	100	100	2	19
89	1	52	58	100	100	3	0
89	1	52	65	100	100	2	70
89	1	52	68	100	100	2	18
89	1	52	74	100	100	2	78
89	1	52	82	100	100	3	inf
89	1	52	84	100	100	2	66
89	1	52	92	100	100	2	78
89	1	52	98	100	100	2	18
89	1	53	1	100	100	2	18
89	1	53	7	100	100	2	78
89	1	53	15	100	100	3	inf
89	1	53	17	100	100	2	66
89	1	53	25	100	100	2	78
89	1	53	31	100	100	2	18
89	1	53	34	100	100	2	70
89	1	53	41	100	100	3	0
89	1	53	48	100	100	2	19
89	1	53	51	100	100	2	71
89	1	53	57	100	100	2	11
89	1	53	65	100	100	2	23
89	1	53	67	100	100	2	23
89	1	53	75	100	100	2	11
89	1	53	81	100	100	2	71
89	1	53	84	100	100	2	19
89	1	53	91	100	100	3	0
89	1	53	98	100	100	2	70
89	1	54	0	100	100	2	23
89	1	54	8	100	100	2	11
89	1	54	14	100	100	2	71
89	1	54	17	100	100	2	19
89	1	54	24	100	100	3	0
89	1	54	31	100	100	2	70
89	1	54	34	100	100	2	18
89	1	54	40	100	100	2	78
89	1	54	48	100	100	3	inf
89	1	54	50	100	100	2	66
89	1	54	58	100	100	2	78
89	1	54	64	100	100	2	18
89	1	54	67	100	100	2	70
89	1	54	74	100	100	3	0
89	1	54	81	100	100	2	19
89	1	54	84	100	100	2	71
89	1	54	90	100	100	2	11
89	1	54	98	100	100	2	23
89	1	55	0	100	100	2	70
89	1	55	7	100	100	3	0
89	1	55	14	100	100	2	19
89	1	55	17	100	100	2	71
89	1	55	23	100	100	2	11
89	1	55	31	100	100	2	23
89	1	55	33	100	100	2	23
89	1	55	41	100	100	2	11
89	1	55	47	100	100	2	71
89	1	55	50	100	100	2	19
89	1	55	57	100	100	3	0
89	1	55	64	100	100	2	70
89	1	55	67	100	100	2	18
89	1	55	73	100	100	2	78
89	1	55	81	100	100	3	inf
89	1	55	83	100	100	2	66
89	1	55	91	100	100	2	78
89	1	55	97	100	100	2	18
89	1	56	0	100	100	2	18
89	1	56	6	100	100	2	78
89	1	56	14	100	100	3	inf
89	1	56	16	100	100	2	66
89	1	56	24	100	100	2	78
89	1	56	30	100	100	2	18
89	1	56	33	100	100	2	70
89	1	56	40	100	100	3	0
89	1	56	47	100	100	2	19
89	1	56	50	100	100	2	71
89	1	56	56	100	100	2	11
89	1	56	64	100	100	2	23
89	1	56	66	100	100	2	23
89	1	56	74	100	100	2	11
89	1	56	80	100	100	2	71
89	1	56	83	100	100	2	19
89	1	56	90	100	100	3	0
89	1	56	97	100	100	2	70
89	1	57	7	100	100	2	11
89	1	57	13	100	100	2	71
89	1	57	16	100	100	2	19
89	1	57	23	100	100	3	0
89	1	57	30	100	100	2	70
89	1	57	33	100	100	2	18
89	1	57	39	100	100	2	78
89	1	57	47	100	100	3	inf
89	1	57	49	100	100	2	66
89	1	57	57	100	100	2	78
89	1	57	63	100	100	2	18
89	1	57	66	100	100	2	70
89	1	57	73	100	100	3	0
89	1	57	80	100	100	2	19
89	1	57	83	100	100	2	71
89	1	57	89	100	100	2	11
89	1	57	97	100	100	2	23
89	1	57	99	100	100	2	23
89	1	58	6	100	100	3	0
89	1	58	13	100	100	2	19
89	1	58	16	100	100	2	71
89	1	58	22	100	100	2	11
89	1	58	30	100	100	2	23
89	1	58	32	100	100	2	23
89	1	58	40	100	100	2	11
89	1	58	46	100	100	2	71
89	1	58	49	100	100	2	19
89	1	58	56	100	100	3	0
89	1	58	63	100	100	2	70
89	1	58	66	100	100	2	18
89	1	58	72	100	100	2	78
89	1	58	80	100	100	3	inf
89	1	58	82	100	100	2	66
89	1	58	90	100	100	2	78
89	1	58	96	100	100	2	18
89	1	58	99	100	100	2	70
89	1	59	5	100	100	2	78
89	1	59	13	100	100	3	inf
89	1	59	15	100	100	2	66
89	1	59	23	100	100	2	78
89	1	59	29	100	100	2	18
89	1	59	32	100	100	2	70
89	1	59	39	100	100	3	0
89	1	59	46	100	100	2	19
89	1	59	49	100	100	2	71
89	1	59	55	100	100	2	11
89	1	59	63	100	100	2	23
89	1	59	65	100	100	2	23
89	1	59	73	100	100	2	11
89	1	59	79	100	100	2	71
89	1	59	82	100	100	2	19
89	1	59	89	100	100	3	0
89	1	59	96	100	100	2	70
89	1	59	99	100	100	2	18
89	1	60	6	100	100	2	11
89	1	60	12	100	100	2	71
89	1	60	15	100	100	2	19
89	1	60	22	100	100	3	0
89	1	60	29	100	100	2	70
89	1	60	32	100	100	2	18
89	1	60	38	100	100	2	78
89	1	60	46	100	100	3	inf
89	1	60	48	100	100	2	66
89	1	60	56	100	100	2	78
89	1	60	62	100	100	2	18
89	1	60	65	100	100	2	70
89	1	60	72	100	100	3	0
89	1	60	79	100	100	2	19
89	1	60	82	100	100	2	71
89	1	60	88	100	100	2	11
89	1	60	96	100	100	2	23
89	1	60	98	100	100	2	23
89	1	61	5	100	100	3	0
89	1	61	12	100	100	2	19
89	1	61	15	100	100	2	71
89	1	61	21	100	100	2	11
89	1	61	29	100	100	2	23
89	1	61	31	100	100	2	23
89	1	61	39	100	100	2	11
89	1	61	45	100	100	2	71
89	1	61	48	100	100	2	19
89	1	61	55	100	100	3	0
89	1	61	62	100	100	2	70
89	1	61	65	100	100	2	18
89	1	61	71	100	100	2	78
89	1	61	79	100	100	3	inf
89	1	61	81	100	100	2	66
89	1	61	89	100	100	2	78
89	1	61	95	100	100	2	18
89	1	61	98	100	100	2	70
89	1	62	4	100	100	2	78
89	1	62	12	100	100	3	inf
89	1	62	14	100	100	2	66
89	1	62	22	100	100	2	78
89	1	62	28	100	100	2	18
89	1	62	31	100	100	2	70
89	1	62	38	100	100	3	0
89	1	62	45	100	100	2	19
89	1	62	48	100	100	2	71
89	1	62	54	100	100	2	11
89	1	62	62	100	100	2	23
89	1	62	64	100	100	2	23
89	1	62	72	100	100	2	11
89	1	62	78	100	100	2	71
89	1	62	81	100	100	2	19
89	1	62	88	100	100	3	0
89	1	62	95	100	100	2	70
89	1	62	98	100	100	2	18
89	1	63	5	100	100	2	11
89	1	63	11	100	100	2	71
89	1	63	14	100	100	2	19
89	1	63	21	100	100	3	0
89	1	63	28	100	100	2	70
89	1	63	31	100	100	2	18
89	1	63	37	100	100	2	78
89	1	63	45	100	100	3	inf
89	1	63	47	100	100	2	66
89	1	63	55	100	100	2	78
89	1	63	61	100	100	2	18
89	1	63	64	100	100	2	70
89	1	63	71	100	100	3	0
89	1	63	78	100	100	2	19
89	1	63	81	100	100	2	71
89	1	63	87	100	100	2	11
89	1	63	95	100	100	2	23
89	1	63	97	100	100	2	23
89	1	64	4	100	100	3	0
89	1	64	11	100	100	2	19
89	1	64	14	100	100	2	71
89	1	64	20	100	100	2	11
89	1	64	28	100	100	2	23
89	1	64	30	100	100	2	23
89	1	64	38	100	100	2	11
89	1	64	44	100	100	2	71
89	1	64	47	100	100	2	19
89	1	64	54	100	100	3	0
89	1	64	61	100	100	2	70
89	1	64	64	100	100	2	18
89	1	64	70	100	100	2	78
89	1	64	78	100	100	3	inf
89	1	64	80	100	100	2	66
89	1	64	88	100	100	2	78
89	1	64	94	100	100	2	18
89	1	64	97	100	100	2	70
89	1	65	3	100	100	2	78
89	1	65	11	100	100	3	inf
89	1	65	13	100	100	2	66
89	1	65	21	100	100	2	78
89	1	65	27	100	100	2	18
89	1	65	30	100	100	2	70
89	1	65	37	100	100	3	0
89	1	65	44	100	100	2	19
89	1	65	47	100	100	2	71
89	1	65	53	100	100	2	11
89	1	65	61	100	100	2	23
89	1	65	63	100	100	2	23
89	1	65	71	100	100	2	11
89	1	65	77	100	100	2	71
89	1	65	80	100	100	2	19
89	1	65	87	100	100	3	0
89	1	65	94	100	100	2	70
89	1	65	97	100	100	2	18
89	1	66	4	100	100	2	11
89	1	66	10	100	100	2	71
89	1	66	13	100	100	2	19
89	1	66	20	100	100	3	0
89	1	66	27	100	100	2	70
89	1	66	30	100	100	2	18
89	1	66	36	100	100	2	78
89	1	66	44	100	100	3	inf
89	1	66	46	100	100	2	66
89	1	66	54	100	100	2	78
89	1	66	60	100	100	2	18
89	1	66	63	100	100	2	70
89	1	66	70	100	100	3	0
89	1	66	77	100	100	2	19
89	1	66	80	100	100	2	71
89	1	66	86	100	100	2	11
89	1	66	94	100	100	2	23
89	1	66	96	100	100	2	23
89	1	67	3	100	100	3	0
89	1	67	10	100	100	2	19
89	1	67	13	100	100	2	71
89	1	67	19	100	100	2	11
89	1	67	27	100	100	2	23
89	1	67	29	100	100	2	23
89	1	67	37	100	100	2	11
89	1	67	43	100	100	2	71
89	1	67	46	100	100	2	19
89	1	67	53	100	100	3	0
89	1	67	60	100	100	2	70
89	1	67	63	100	100	2	18
89	1	67	69	100	100	2	78
89	1	67	77	100	100	3	inf
89	1	67	79	100	100	2	66
89	1	67	87	100	100	2	78
89	1	67	93	100	100	2	18
89	1	67	96	100	100	2	70
89	1	68	2	100	100	2	78
89	1	68	10	100	100	3	inf
89	1	68	12	100	100	2	66
89	1	68	20	100	100	2	78
89	1	68	26	100	100	2	18
89	1	68	29	100	100	2	70
89	1	68	36	100	100	3	0
89	1	68	43	100	100	2	19
89	1	68	46	100	100	2	71
89	1	68	52	100	100	2	11
89	1	68	60	100	100	2	23
89	1	68	62	100	100	2	23
89	1	68	70	100	100	2	11
89	1	68	76	100	100	2	71
89	1	68	79	100	100	2	19
89	1	68	86	100	100	3	0
89	1	68	93	100	100	2	70
89	1	68	96	100	100	2	18
89	1	69	3	100	100	2	11
89	1	69	9	100	100	2	71
89	1	69	12	100	100	2	19
89	1	69	19	100	100	3	0
89	1	69	26	100	100	2	70
89	1	69	29	100	100	2	18
89	1	69	35	100	100	2	78
89	1	69	43	100	100	3	inf
89	1	69	45	100	100	2	66
89	1	69	53	100	100	2	78
89	1	69	59	100	100	2	18
89	1	69	62	100	100	2	70
89	1	69	69	100	100	3	0
89	1	69	76	100	100	2	19
89	1	69	79	100	100	2	71
89	1	69	85	100	100	2	11
89	1	69	93	100	100	2	23
89	1	69	95	100	100	2	23
89	1	70	2	100	100	3	0
89	1	70	9	100	100	2	19
89	1	70	12	100	100	2	71
89	1	70	18	100	100	2	11
89	1	70	26	100	100	2	23
89	1	70	28	100	100	2	23
89	1	70	36	100	100	2	11
89	1	70	42	100	100	2	71
89	1	70	45	100	100	2	19
89	1	70	52	100	100	3	0
89	1	70	59	100	100	2	70
89	1	70	62	100	100	2	18
89	1	70	68	100	100	2	78
89	1	70	76	100	100	3	inf
89	1	70	78	100	100	2	66
89	1	70	86	100	100	2	78
89	1	70	92	100	100	2	18
89	1	70	95	100	100	2	70
89	1	71	1	100	100	2	78
89	1	71	9	100	100	3	inf
89	1	71	11	100	100	2	66
89	1	71	19	100	100	2	78
89	1	71	25	100	100	2	18
89	1	71	28	100	100	2	70
89	1	71	35	100	100	3	0
89	1	71	42	100	100	2	19
89	1	71	45	100	100	2	71
89	1	71	51	100	100	2	11
89	1	71	59	100	100	2	23
89	1	71	61	100	100	2	23
89	1	71	69	100	100	2	11
89	1	71	75	100	100	2	71
89	1	71	78	100	100	2	19
89	1	71	85	100	100	3	0
89	1	71	92	100	100	2	70
89	1	71	95	100	100	2	18
89	1	72	2	100	100	2	11
89	1	72	8	100	100	2	71
89	1	72	11	100	100	2	19
89	1	72	18	100	100	3	0
89	1	72	25	100	100	2	70
89	1	72	28	100	100	2	18
89	1	72	34	100	100	2	78
89	1	72	42	100	100	3	inf
89	1	72	44	100	100	2	66
89	1	72	52	100	100	2	78
89	1	72	58	100	100	2	18
89	1	72	61	100	100	2	70
89	1	72	68	100	100	3	0
89	1	72	75	100	100	2	19
89	1	72	78	100	100	2	71
89	1	72	84	100	100	2	11
89	1	72	92	100	100	2	23
89	1	72	94	100	100	2	23
89	1	73	1	100	100	3	0
89	1	73	8	100	100	2	19
89	1	73	11	100	100	2	71
89	1	73	17	100	100	2	11
89	1	73	25	100	100	2	23
89	1	73	27	100	100	2	23
89	1	73	35	100	100	2	11
89	1	73	41	100	100	2	71
89	1	73	44	100	100	2	19
89	1	73	51	100	100	3	0
89	1	73	58	100	100	2	70
89	1	73	61	100	100	2	18
89	1	73	67	100	100	2	78
89	1	73	75	100	100	3	inf
89	1	73	77	100	100	2	66
89	1	73	85	100	100	2	78
89	1	73	91	100	100	2	18
89	1	73	94	100	100	2	70
89	1	74	0	100	100	2	78
89	1	74	8	100	100	3	inf
89	1	74	10	100	100	2	66
89	1	74	18	100	100	2	78
89	1	74	24	100	100	2	18
89	1	74	27	100	100	2	70
89	1	74	34	100	100	3	0
89	1	74	41	100	100	2	19
89	1	74	44	100	100	2	71
89	1	74	50	100	100	2	11
89	1	74	58	100	100	2	23
89	1	74	60	100	100	2	23
89	1	74	68	100	100	2	11
89	1	74	74	100	100	2	71
89	1	74	77	100	100	2	19
89	1	74	84	100	100	3	0
89	1	74	91	100	100	2	70
89	1	74	94	100	100	2	18
89	1	75	1	100	100	2	11
89	1	75	7	100	100	2	71
89	1	75	10	100	100	2	19
89	1	75	17	100	100	3	0
89	1	75	24	100	100	2	70
89	1	75	27	100	100	2	18
89	1	75	33	100	100	2	78
89	1	75	41	100	100	3	inf
89	1	75	43	100	100	2	66
89	1	75	51	100	100	2	78
89	1	75	57	100	100	2	18
89	1	75	60	100	100	2	70
89	1	75	67	100	100	3	0
89	1	75	74	100	100	2	19
89	1	75	77	100	100	2	71
89	1	75	83	100	100	2	11
89	1	75	91	100	100	2	23
89	1	75	93	100	100	2	23
89	1	76	0	100	100	3	0
89	1	76	7	100	100	2	19
89	1	76	10	100	100	2	71
89	1	76	16	100	100	2	11
89	1	76	24	100	100	2	23
89	1	76	26	100	100	2	23
89	1	76	34	100	100	2	11
89	1	76	40	100	100	2	71
89	1	76	43	100	100	2	19
89	1	76	50	100	100	3	0
89	1	76	57	100	100	2	70
89	1	76	60	100	100	2	18
89	1	76	66	100	100	2	78
89	1	76	74	100	100	3	inf
89	1	76	76	100	100	2	66
89	1	76	84	100	100	2	78
89	1	76	90	100	100	2	18
89	1	76	93	100	100	2	70
89	1	77	7	100	100	3	inf
89	1	77	9	100	100	2	66
89	1	77	17	100	100	2	78
89	1	77	23	100	100	2	18
89	1	77	26	100	100	2	70
89	1	77	33	100	100	3	0
89	1	77	40	100	100	2	19
89	1	77	43	100	100	2	71
89	1	77	49	100	100	2	11
89	1	77	57	100	100	2	23
89	1	77	59	100	100	2	23
89	1	77	67	100	100	2	11
89	1	77	73	100	100	2	71
89	1	77	76	100	100	2	19
89	1	77	83	100	100	3	0
89	1	77	90	100	100	2	70
89	1	77	93	100	100	2	18
89	1	77	99	100	100	2	78
89	1	78	0	100	100	2	11
89	1	78	6	100	100	2	71
89	1	78	9	100	100	2	19
89	1	78	16	100	100	3	0
89	1	78	23	100	100	2	70
89	1	78	26	100	100	2	18
89	1	78	32	100	100	2	78
89	1	78	40	100	100	3	inf
89	1	78	42	100	100	2	66
89	1	78	50	100	100	2	78
89	1	78	56	100	100	2	18
89	1	78	59	100	100	2	70
89	1	78	66	100	100	3	0
89	1	78	73	100	100	2	19
89	1	78	76	100	100	2	71
89	1	78	82	100	100	2	11
89	1	78	90	100	100	2	23
89	1	78	92	100	100	2	23
89	1	79	6	100	100	2	19
89	1	79	9	100	100	2	71
89	1	79	15	100	100	2	11
89	1	79	23	100	100	2	23
89	1	79	25	100	100	2	23
89	1	79	33	100	100	2	11
89	1	79	39	100	100	2	71
89	1	79	42	100	100	2	19
89	1	79	49	100	100	3	0
89	1	79	56	100	100	2	70
89	1	79	59	100	100	2	18
89	1	79	65	100	100	2	78
89	1	79	73	100	100	3	inf
89	1	79	75	100	100	2	66
89	1	79	83	100	100	2	78
89	1	79	89	100	100	2	18
89	1	79	92	100	100	2	70
89	1	79	99	100	100	3	0
89	1	80	6	100	100	3	inf
89	1	80	8	100	100	2	66
89	1	80	16	100	100	2	78
89	1	80	22	100	100	2	18
89	1	80	25	100	100	2	70
89	1	80	32	100	100	3	0
89	1	80	39	100	100	2	19
89	1	80	42	100	100	2	71
89	1	80	48	100	100	2	11
89	1	80	56	100	100	2	23
89	1	80	58	100	100	2	23
89	1	80	66	100	100	2	11
89	1	80	72	100	100	2	71
89	1	80	75	100	100	2	19
89	1	80	82	100	100	3	0
89	1	80	89	100	100	2	70
89	1	80	92	100	100	2	18
89	1	80	98	100	100	2	78
89	1	81	5	100	100	2	71
89	1	81	8	100	100	2	19
89	1	81	15	100	100	3	0
89	1	81	22	100	100	2	70
89	1	81	25	100	100	2	18
89	1	81	31	100	100	2	78
89	1	81	39	100	100	3	inf
89	1	81	41	100	100	2	66
89	1	81	49	100	100	2	78
89	1	81	55	100	100	2	18
89	1	81	58	100	100	2	70
89	1	81	65	100	100	3	0
89	1	81	72	100	100	2	19
89	1	81	75	100	100	2	71
89	1	81	81	100	100	2	11
89	1	81	89	100	100	2	23
89	1	81	91	100	100	2	23
89	1	81	99	100	100	2	11
89	1	82	5	100	100	2	19
89	1	82	8	100	100	2	71
89	1	82	14	100	100	2	11
89	1	82	22	100	100	2	23
89	1	82	24	100	100	2	23
89	1	82	32	100	100	2	11
89	1	82	38	100	100	2	71
89	1	82	41	100	100	2	19
89	1	82	48	100	100	3	0
89	1	82	55	100	100	2	70
89	1	82	58	100	100	2	18
89	1	82	64	100	100	2	78
89	1	82	72	100	100	3	inf
89	1	82	74	100	100	2	66
89	1	82	82	100	100	2	78
89	1	82	88	100	100	2	18
89	1	82	91	100	100	2	70
89	1	82	98	100	100	3	0
89	1	83	5	100	100	3	inf
89	1	83	7	100	100	2	66
89	1	83	15	100	100	2	78
89	1	83	21	100	100	2	18
89	1	83	24	100	100	2	70
89	1	83	31	100	100	3	0
89	1	83	38	100	100	2	19
89	1	83	41	100	100	2	71
89	1	83	47	100	100	2	11
89	1	83	55	100	100	2	23
89	1	83	57	100	100	2	23
89	1	83	65	100	100	2	11
89	1	83	71	100	100	2	71
89	1	83	74	100	100	2	19
89	1	83	81	100	100	3	0
89	1	83	88	100	100	2	70
89	1	83	91	100	100	2	18
89	1	83	97	100	100	2	78
89	1	84	4	100	100	2	71
89	1	84	7	100	100	2	19
89	1	84	14	100	100	3	0
89	1	84	21	100	100	2	70
89	1	84	24	100	100	2	18
89	1	84	30	100	100	2	78
89	1	84	38	100	100	3	inf
89	1	84	40	100	100	2	66
89	1	84	48	100	100	2	78
89	1	84	54	100	100	2	18
89	1	84	57	100	100	2	70
89	1	84	64	100	100	3	0
89	1	84	71	100	100	2	19
89	1	84	74	100	100	2	71
89	1	84	80	100	100	2	11
89	1	84	88	100	100	2	23
89	1	84	90	100	100	2	23
89	1	84	98	100	100	2	11
89	1	85	4	100	100	2	19
89	1	85	7	100	100	2	71
89	1	85	13	100	100	2	11
89	1	85	21	100	100	2	23
89	1	85	23	100	100	2	23
89	1	85	31	100	100	2	11
89	1	85	37	100	100	2	71
89	1	85	40	100	100	2	19
89	1	85	47	100	100	3	0
89	1	85	54	100	100	2	70
89	1	85	57	100	100	2	18
89	1	85	63	100	100	2	78
89	1	85	71	100	100	3	inf
89	1	85	73	100	100	2	66
89	1	85	81	100	100	2	78
89	1	85	87	100	100	2	18
89	1	85	90	100	100	2	70
89	1	85	97	100	100	3	0
89	1	86	4	100	100	3	inf
89	1	86	6	100	100	2	66
89	1	86	14	100	100	2	78
89	1	86	20	100	100	2	18
89	1	86	23	100	100	2	70
89	1	86	30	100	100	3	0
89	1	86	37	100	100	2	19
89	1	86	40	100	100	2	71
89	1	86	46	100	100	2	11
89	1	86	54	100	100	2	23
89	1	86	56	100	100	2	23
89	1	86	64	100	100	2	11
89	1	86	70	100	100	2	71
89	1	86	73	100	100	2	19
89	1	86	80	100	100	3	0
89	1	86	87	100	100	2	70
89	1	86	90	100	100	2	18
89	1	86	96	100	100	2	78
89	1	87	3	100	100	2	71
89	1	87	6	100	100	2	19
89	1	87	13	100	100	3	0
89	1	87	20	100	100	2	70
89	1	87	23	100	100	2	18
89	1	87	29	100	100	2	78
89	1	87	37	100	100	3	inf
89	1	87	39	100	100	2	66
89	1	87	47	100	100	2	78
89	1	87	53	100	100	2	18
89	1	87	56	100	100	2	70
89	1	87	63	100	100	3	0
89	1	87	70	100	100	2	19
89	1	87	73	100	100	2	71
89	1	87	79	100	100	2	11
89	1	87	87	100	100	2	23
89	1	87	89	100	100	2	23
89	1	87	97	100	100	2	11
89	1	88	3	100	100	2	19
89	1	88	6	100	100	2	71
89	1	88	12	100	100	2	11
89	1	88	20	100	100	2	23
89	1	88	22	100	100	2	23
89	1	88	30	100	100	2	11
89	1	88	36	100	100	2	71
89	1	88	39	100	100	2	19
89	1	88	46	100	100	3	0
89	1	88	53	100	100	2	70
89	1	88	56	100	100	2	18
89	1	88	62	100	100	2	78
89	1	88	70	100	100	3	inf
89	1	88	72	100	100	2	66
89	1	88	80	100	100	2	78
89	1	88	86	100	100	2	18
89	1	88	89	100	100	2	70
89	1	88	96	100	100	3	0
89	1	89	3	100	100	3	inf
89	1	89	5	100	100	2	66
89	1	89	13	100	100	2	78
89	1	89	19	100	100	2	18
89	1	89	22	100	100	2	70
89	1	89	29	100	100	3	0
89	1	89	36	100	100	2	19
89	1	89	39	100	100	2	71
89	1	89	45	100	100	2	11
89	1	89	53	100	100	2	23
89	1	89	55	100	100	2	23
89	1	89	63	100	100	2	11
89	1	89	69	100	100	2	71
89	1	89	72	100	100	2	19
89	1	89	79	100	100	3	0
89	1	89	86	100	100	2	70
89	1	89	89	100	100	2	18
89	1	89	95	100	100	2	78
89	1	90	2	100	100	2	71
89	1	90	5	100	100	2	19
89	1	90	12	100	100	3	0
89	1	90	19	100	100	2	70
89	1	90	22	100	100	2	18
89	1	90	28	100	100	2	78
89	1	90	36	100	100	3	inf
89	1	90	38	100	100	2	66
89	1	90	46	100	100	2	78
89	1	90	52	100	100	2	18
89	1	90	55	100	100	2	70
89	1	90	62	100	100	3	0
89	1	90	69	100	100	2	19
89	1	90	72	100	100	2	71
89	1	90	78	100	100	2	11
89	1	90	86	100	100	2	23
89	1	90	88	100	100	2	23
89	1	90	96	100	100	2	11
89	1	91	2	100	100	2	19
89	1	91	5	100	100	2	71
89	1	91	11	100	100	2	11
89	1	91	19	100	100	2	23
89	1	91	21	100	100	2	23
89	1	91	29	100	100	2	11
89	1	91	35	100	100	2	71
89	1	91	38	100	100	2	19
89	1	91	45	100	100	3	0
89	1	91	52	100	100	2	70
89	1	91	55	100	100	2	18
89	1	91	61	100	100	2	78
89	1	91	69	100	100	3	inf
89	1	91	71	100	100	2	66
89	1	91	79	100	100	2	78
89	1	91	85	100	100	2	18
89	1	91	88	100	100	2	70
89	1	91	95	100	100	3	0
89	1	92	2	100	100	3	inf
89	1	92	4	100	100	2	66
89	1	92	12	100	100	2	78
89	1	92	18	100	100	2	18
89	1	92	21	100	100	2	70
89	1	92	28	100	100	3	0
89	1	92	35	100	100	2	19
89	1	92	38	100	100	2	71
89	1	92	44	100	100	2	11
89	1	92	52	100	100	2	23
89	1	92	54	100	100	2	23
89	1	92	62	100	100	2	11
89	1	92	68	100	100	2	71
89	1	92	71	100	100	2	19
89	1	92	78	100	100	3	0
89	1	92	85	100	100	2	70
89	1	92	88	100	100	2	18
89	1	92	94	100	100	2	78
89	1	93	1	100	100	2	71
89	1	93	4	100	100	2	19
89	1	93	11	100	100	3	0
89	1	93	18	100	100	2	70
89	1	93	21	100	100	2	18
89	1	93	27	100	100	2	78
89	1	93	35	100	100	3	inf
89	1	93	37	100	100	2	66
89	1	93	45	100	100	2	78
89	1	93	51	100	100	2	18
89	1	93	54	100	100	2	70
89	1	93	61	100	100	3	0
89	1	93	68	100	100	2	19
89	1	93	71	100	100	2	71
89	1	93	77	100	100	2	11
89	1	93	85	100	100	2	23
89	1	93	87	100	100	2	23
89	1	93	95	100	100	2	11
89	1	94	1	100	100	2	19
89	1	94	4	100	100	2	71
89	1	94	10	100	100	2	11
89	1	94	18	100	100	2	23
89	1	94	20	100	100	2	23
89	1	94	28	100	100	2	11
89	1	94	34	100	100	2	71
89	1	94	37	100	100	2	19
89	1	94	44	100	100	3	0
89	1	94	51	100	100	2	70
89	1	94	54	100	100	2	18
89	1	94	60	100	100	2	78
89	1	94	68	100	100	3	inf
89	1	94	70	100	100	2	66
89	1	94	78	100	100	2	78
89	1	94	84	100	100	2	18
89	1	94	87	100	100	2	70
89	1	94	94	100	100	3	0
89	1	95	1	100	100	3	inf
89	1	95	3	100	100	2	66
89	1	95	11	100	100	2	78
89	1	95	17	100	100	2	18
89	1	95	20	100	100	2	70
89	1	95	27	100	100	3	0
89	1	95	34	100	100	2	19
89	1	95	37	100	100	2	71
89	1	95	43	100	100	2	11
89	1	95	51	100	100	2	23
89	1	95	53	100	100	2	23
89	1	95	61	100	100	2	11
89	1	95	67	100	100	2	71
89	1	95	70	100	100	2	19
89	1	95	77	100	100	3	0
89	1	95	84	100	100	2	70
89	1	95	87	100	100	2	18
89	1	95	93	100	100	2	78
89	1	96	0	100	100	2	71
89	1	96	3	100	100	2	19
89	1	96	10	100	100	3	0
89	1	96	17	100	100	2	70
89	1	96	20	100	100	2	18
89	1	96	26	100	100	2	78
89	1	96	34	100	100	3	inf
89	1	96	36	100	100	2	66
89	1	96	44	100	100	2	78
89	1	96	50	100	100	2	18
89	1	96	53	100	100	2	70
89	1	96	60	100	100	3	0
89	1	96	67	100	100	2	19
89	1	96	70	100	100	2	71
89	1	96	76	100	100	2	11
89	1	96	84	100	100	2	23
89	1	96	86	100	100	2	23
89	1	96	94	100	100	2	11
89	1	97	0	100	100	2	19
89	1	97	3	100	100	2	71
89	1	97	9	100	100	2	11
89	1	97	17	100	100	2	23
89	1	97	19	100	100	2	23
89	1	97	27	100	100	2	11
89	1	97	33	100	100	2	71
89	1	97	36	100	100	2	19
89	1	97	43	100	100	3	0
89	1	97	50	100	100	2	70
89	1	97	53	100	100	2	18
89	1	97	59	100	100	2	78
89	1	97	67	100	100	3	inf
89	1	97	69	100	100	2	66
89	1	97	77	100	100	2	78
89	1	97	83	100	100	2	18
89	1	97	86	100	100	2	70
89	1	97	93	100	100	3	0
89	1	98	0	100	100	3	inf
89	1	98	2	100	100	2	66
89	1	98	10	100	100	2	78
89	1	98	16	100	100	2	18
89	1	98	19	100	100	2	70
89	1	98	26	100	100	3	0
89	1	98	33	100	100	2	19
89	1	98	36	100	100	2	71
89	1	98	42	100	100	2	11
89	1	98	50	100	100	2	23
89	1	98	52	100	100	2	23
89	1	98	60	100	100	2	11
89	1	98	66	100	100	2	71
89	1	98	69	100	100	2	19
89	1	98	76	100	100	3	0
89	1	98	83	100	100	2	70
89	1	98	86	100	100	2	18
89	1	98	92	100	100	2	78
89	1	99	2	100	100	2	19
89	1	99	9	100	100	3	0
89	1	99	16	100	100	2	70
89	1	99	19	100	100	2	18
89	1	99	25	100	100	2	78
89	1	99	33	100	100	3	inf
89	1	99	35	100	100	2	66
89	1	99	43	100	100	2	78
89	1	99	49	100	100	2	18
89	1	99	52	100	100	2	70
89	1	99	59	100	100	3	0
89	1	99	66	100	100	2	19
89	1	99	69	100	100	2	71
89	1	99	75	100	100	2	11
89	1	99	83	100	100	2	23
89	1	99	85	100	100	2	23
89	1	99	93	100	100	2	11
89	1	99	99	100	100	2	71
89	2	0	2	100	100	2	18
89	2	0	8	100	100	2	78
89	2	0	16	100	100	3	inf
89	2	0	18	100	100	2	66
89	2	0	26	100	100	2	78
89	2	0	32	100	100	2	18
89	2	0	35	100	100	2	70
89	2	0	42	100	100	3	0
89	2	0	49	100	100	2	19
89	2	0	52	100	100	2	71
89	2	0	58	100	100	2	11
89	2	0	66	100	100	2	23
89	2	0	68	100	100	2	23
89	2	0	76	100	100	2	11
89	2	0	82	100	100	2	71
89	2	0	85	100	100	2	19
89	2	0	92	100	100	3	0
89	2	0	99	100	100	2	70
89	2	1	1	100	100	2	23
89	2	1	9	100	100	2	11
89	2	1	15	100	100	2	71
89	2	1	18	100	100	2	19
89	2	1	25	100	100	3	0
89	2	1	32	100	100	2	70
89	2	1	35	100	100	2	18
89	2	1	41	100	100	2	78
89	2	1	49	100	100	3	inf
89	2	1	51	100	100	2	66
89	2	1	59	100	100	2	78
89	2	1	65	100	100	2	18
89	2	1	68	100	100	2	70
89	2	1	75	100	100	3	0
89	2	1	82	100	100	2	19
89	2	1	85	100	100	2	71
89	2	1	91	100	100	2	11
89	2	1	99	100	100	2	23
89	2	2	1	100	100	2	70
89	2	2	8	100	100	3	0
89	2	2	15	100	100	2	19
89	2	2	18	100	100	2	71
89	2	2	24	100	100	2	11
89	2	2	32	100	100	2	23
89	2	2	34	100	100	2	23
89	2	2	42	100	100	2	11
89	2	2	48	100	100	2	71
89	2	2	51	100	100	2	19
89	2	2	58	100	100	3	0
89	2	2	65	100	100	2	70
89	2	2	68	100	100	2	18
89	2	2	74	100	100	2	78
89	2	2	82	100	100	3	inf
89	2	2	84	100	100	2	66
89	2	2	92	100	100	2	78
89	2	2	98	100	100	2	18
89	2	3	1	100	100	2	18
89	2	3	7	100	100	2	78
89	2	3	15	100	100	3	inf
89	2	3	17	100	100	2	66
89	2	3	25	100	100	2	78
89	2	3	31	100	100	2	18
89	2	3	34	100	100	2	70
89	2	3	41	100	100	3	0
89	2	3	48	100	100	2	19
89	2	3	51	100	100	2	71
89	2	3	57	100	100	2	11
89	2	3	65	100	100	2	23
89	2	3	67	100	100	2	23
89	2	3	75	100	100	2	11
89	2	3	81	100	100	2	71
89	2	3	84	100	100	2	19
89	2	3	91	100	100	3	0
89	2	3	98	100	100	2	70
89	2	4	0	100	100	2	23
89	2	4	8	100	100	2	11
89	2	4	14	100	100	2	71
89	2	4	17	100	100	2	19
89	2	4	24	100	100	3	0
89	2	4	31	100	100	2	70
89	2	4	34	100	100	2	18
89	2	4	40	100	100	2	78
89	2	4	48	100	100	3	inf
89	2	4	50	100	100	2	66
89	2	4	58	100	100	2	78
89	2	4	64	100	100	2	18
89	2	4	67	100	100	2	70
89	2	4	74	100	100	3	0
89	2	4	81	100	100	2	19
89	2	4	84	100	100	2	71
89	2	4	90	100	100	2	11
89	2	4	98	100	100	2	23
89	2	5	0	100	100	2	70
89	2	5	7	100	100	3	0
89	2	5	14	100	100	2	19
89	2	5	17	100	100	2	71
89	2	5	23	100	100	2	11
89	2	5	31	100	100	2	23
89	2	5	33	100	100	2	23
89	2	5	41	100	100	2	11
89	2	5	47	100	100	2	71
89	2	5	50	100	100	2	19
89	2	5	57	100	100	3	0
89	2	5	64	100	100	2	70
89	2	5	67	100	100	2	18
89	2	5	73	100	100	2	78
89	2	5	81	100	100	3	inf
89	2	5	83	100	100	2	66
89	2	5	91	100	100	2	78
89	2	5	97	100	100	2	18
89	2	6	0	100	100	2	18
89	2	6	6	100	100	2	78
89	2	6	14	100	100	3	inf
89	2	6	16	100	100	2	66
89	2	6	24	100	100	2	78
89	2	6	30	100	100	2	18
89	2	6	33	100	100	2	70
89	2	6	40	100	100	3	0
89	2	6	47	100	100	2	19
89	2	6	50	100	100	2	71
89	2	6	56	100	100	2	11
89	2	6	64	100	100	2	23
89	2	6	66	100	100	2	23
89	2	6	74	100	100	2	11
89	2	6	80	100	100	2	71
89	2	6	83	100	100	2	19
89	2	6	90	100	100	3	0
89	2	6	97	100	100	2	70
89	2	7	7	100	100	2	11
89	2	7	13	100	100	2	71
89	2	7	16	100	100	2	19
89	2	7	23	100	100	3	0
89	2	7	30	100	100	2	70
89	2	7	33	100	100	2	18
89	2	7	39	100	100	2	78
89	2	7	47	100	100	3	inf
89	2	7	49	100	100	2	66
89	2	7	57	100	100	2	78
89	2	7	63	100	100	2	18
89	2	7	66	100	100	2	70
89	2	7	73	100	100	3	0
89	2	7	80	100	100	2	19
89	2	7	83	100	100	2	71
89	2	7	89	100	100	2	11
89	2	7	97	100	100	2	23
89	2	7	99	100	100	2	23
89	2	8	6	100	100	3	0
89	2	8	13	100	100	2	19
89	2	8	16	100	100	2	71
89	2	8	22	100	100	2	11
89	2	8	30	100	100	2	23
89	2	8	32	100	100	2	23
89	2	8	40	100	100	2	11
89	2	8	46	100	100	2	71
89	2	8	49	100	100	2	19
89	2	8	56	100	100	3	0
89	2	8	63	100	100	2	70
89	2	8	66	100	100	2	18
89	2	8	72	100	100	2	78
89	2	8	80	100	100	3	inf
89	2	8	82	100	100	2	66
89	2	8	90	100	100	2	78
89	2	8	96	100	100	2	18
89	2	8	99	100	100	2	70
89	2	9	5	100	100	2	78
89	2	9	13	100	100	3	inf
89	2	9	15	100	100	2	66
89	2	9	23	100	100	2	78
89	2	9	29	100	100	2	18
89	2	9	32	100	100	2	70
89	2	9	39	100	100	3	0
89	2	9	46	100	100	2	19
89	2	9	49	100	100	2	71
89	2	9	55	100	100	2	11
89	2	9	63	100	100	2	23
89	2	9	65	100	100	2	23
89	2	9	73	100	100	2	11
89	2	9	79	100	100	2	71
89	2	9	82	100	100	2	19
89	2	9	89	100	100	3	0
89	2	9	96	100	100	2	70
89	2	9	99	100	100	2	18
89	2	10	6	100	100	2	11
89	2	10	12	100	100	2	71
89	2	10	15	100	100	2	19
89	2	10	22	100	100	3	0
89	2	10	29	100	100	2	70
89	2	10	32	100	100	2	18
89	2	10	38	100	100	2	78
89	2	10	46	100	100	3	inf
89	2	10	48	100	100	2	66
89	2	10	56	100	100	2	78
89	2	10	62	100	100	2	18
89	2	10	65	100	100	2	70
89	2	10	72	100	100	3	0
89	2	10	79	100	100	2	19
89	2	10	82	100	100	2	71
89	2	10	88	100	100	2	11
89	2	10	96	100	100	2	23
89	2	10	98	100	100	2	23
89	2	11	5	100	100	3	0
89	2	11	12	100	100	2	19
89	2	11	15	100	100	2	71
89	2	11	21	100	100	2	11
89	2	11	29	100	100	2	23
89	2	11	31	100	100	2	23
89	2	11	39	100	100	2	11
89	2	11	45	100	100	2	71
89	2	11	48	100	100	2	19
89	2	11	55	100	100	3	0
89	2	11	62	100	100	2	70
89	2	11	65	100	100	2	18
89	2	11	71	100	100	2	78
89	2	11	79	100	100	3	inf
89	2	11	81	100	100	2	66
89	2	11	89	100	100	2	78
89	2	11	95	100	100	2	18
89	2	11	98	100	100	2	70
89	2	12	4	100	100	2	78
89	2	12	12	100	100	3	inf
89	2	12	14	100	100	2	66
89	2	12	22	100	100	2	78
89	2	12	28	100	100	2	18
89	2	12	31	100	100	2	70
89	2	12	38	100	100	3	0
89	2	12	45	100	100	2	19
89	2	12	48	100	100	2	71
89	2	12	54	100	100	2	11
89	2	12	62	100	100	2	23
89	2	12	64	100	100	2	23
89	2	12	72	100	100	2	11
89	2	12	78	100	100	2	71
89	2	12	81	100	100	2	19
89	2	12	88	100	100	3	0
89	2	12	95	100	100	2	70
89	2	12	98	100	100	2	18
89	2	13	5	100	100	2	11
89	2	13	11	100	100	2	71
89	2	13	14	100	100	2	19
89	2	13	21	100	100	3	0
89	2	13	28	100	100	2	70
89	2	13	31	100	100	2	18
89	2	13	37	100	100	2	78
89	2	13	45	100	100	3	inf
89	2	13	47	100	100	2	66
89	2	13	55	100	100	2	78
89	2	13	61	100	100	2	18
89	2	13	64	100	100	2	70
89	2	13	71	100	100	3	0
89	2	13	78	100	100	2	19
89	2	13	81	100	100	2	71
89	2	13	87	100	100	2	11
89	2	13	95	100	100	2	23
89	2	13	97	100	100	2	23
89	2	14	4	100	100	3	0
89	2	14	11	100	100	2	19
89	2	14	14	100	100	2	71
89	2	14	20	100	100	2	11
89	2	14	28	100	100	2	23
89	2	14	30	100	100	2	23
89	2	14	38	100	100	2	11
89	2	14	44	100	100	2	71
89	2	14	47	100	100	2	19
89	2	14	54	100	100	3	0
89	2	14	61	100	100	2	70
89	2	14	64	100	100	2	18
89	2	14	70	100	100	2	78
89	2	14	78	100	100	3	inf
89	2	14	80	100	100	2	66
89	2	14	88	100	100	2	78
89	2	14	94	100	100	2	18
89	2	14	97	100	100	2	70
89	2	15	3	100	100	2	78
89	2	15	11	100	100	3	inf
89	2	15	13	100	100	2	66
89	2	15	21	100	100	2	78
89	2	15	27	100	100	2	18
89	2	15	30	100	100	2	70
89	2	15	37	100	100	3	0
89	2	15	44	100	100	2	19
89	2	15	47	100	100	2	71
89	2	15	53	100	100	2	11
89	2	15	61	100	100	2	23
89	2	15	63	100	100	2	23
89	2	15	71	100	100	2	11
89	2	15	77	100	100	2	71
89	2	15	80	100	100	2	19
89	2	15	87	100	100	3	0
89	2	15	94	100	100	2	70
89	2	15	97	100	100	2	18
89	2	16	4	100	100	2	11
89	2	16	10	100	100	2	71
89	2	16	13	100	100	2	19
89	2	16	20	100	100	3	0
89	2	16	27	100	100	2	70
89	2	16	30	100	100	2	18
89	2	16	36	100	100	2	78
89	2	16	44	100	100	3	inf
89	2	16	46	100	100	2	66
89	2	16	54	100	100	2	78
89	2	16	60	100	100	2	18
89	2	16	63	100	100	2	70
89	2	16	70	100	100	3	0
89	2	16	77	100	100	2	19
89	2	16	80	100	100	2	71
89	2	16	86	100	100	2	11
89	2	16	94	100	100	2	23
89	2	16	96	100	100	2	23
89	2	17	3	100	100	3	0
89	2	17	10	100	100	2	19
89	2	17	13	100	100	2	71
89	2	17	19	100	100	2	11
89	2	17	27	100	100	2	23
89	2	17	29	100	100	2	23
89	2	17	37	100	100	2	11
89	2	17	43	100	100	2	71
89	2	17	46	100	100	2	19
89	2	17	53	100	100	3	0
89	2	17	60	100	100	2	70
89	2	17	63	100	100	2	18
89	2	17	69	100	100	2	78
89	2	17	77	100	100	3	inf
89	2	17	79	100	100	2	66
89	2	17	87	100	100	2	78
89	2	17	93	100	100	2	18
89	2	17	96	100	100	2	70
89	2	18	2	100	100	2	78
89	2	18	10	100	100	3	inf
89	2	18	12	100	100	2	66
89	2	18	20	100	100	2	78
89	2	18	26	100	100	2	18
89	2	18	29	100	100	2	70
89	2	18	36	100	100	3	0
89	2	18	43	100	100	2	19
89	2	18	46	100	100	2	71
89	2	18	52	100	100	2	11
89	2	18	60	100	100	2	23
89	2	18	62	100	100	2	23
89	2	18	70	100	100	2	11
89	2	18	76	100	100	2	71
89	2	18	79	100	100	2	19
89	2	18	86	100	100	3	0
89	2	18	93	100	100	2	70
89	2	18	96	100	100	2	18
89	2	19	3	100	100	2	11
89	2	19	9	100	100	2	71
89	2	19	12	100	100	2	19
89	2	19	19	100	100	3	0
89	2	19	26	100	100	2	70
89	2	19	29	100	100	2	18
89	2	19	35	100	100	2	78
89	2	19	43	100	100	3	inf
89	2	19	45	100	100	2	66
89	2	19	53	100	100	2	78
89	2	19	59	100	100	2	18
89	2	19	62	100	100	2	70
89	2	19	69	100	100	3	0
89	2	19	76	100	100	2	19
89	2	19	79	100	100	2	71
89	2	19	85	100	100	2	11
89	2	19	93	100	100	2	23
89	2	19	95	100	100	2	23
89	2	20	2	100	100	3	0
89	2	20	9	100	100	2	19
89	2	20	12	100	100	2	71
89	2	20	18	100	100	2	11
89	2	20	26	100	100	2	23
89	2	20	28	100	100	2	23
89	2	20	36	100	100	2	11
89	2	20	42	100	100	2	71
89	2	20	45	100	100	2	19
89	2	20	52	100	100	3	0
89	2	20	59	100	100	2	70
89	2	20	62	100	100	2	18
89	2	20	68	100	100	2	78
89	2	20	76	100	100	3	inf
89	2	20	78	100	100	2	66
89	2	20	86	100	100	2	78
89	2	20	92	100	100	2	18
89	2	20	95	100	100	2	70
89	2	21	1	100	100	2	78
89	2	21	9	100	100	3	inf
89	2	21	11	100	100	2	66
89	2	21	19	100	100	2	78
89	2	21	25	100	100	2	18
89	2	21	28	100	100	2	70
89	2	21	35	100	100	3	0
89	2	21	42	100	100	2	19
89	2	21	45	100	100	2	71
89	2	21	51	100	100	2	11
89	2	21	59	100	100	2	23
89	2	21	61	100	100	2	23
89	2	21	69	100	100	2	11
89	2	21	75	100	100	2	71
89	2	21	78	100	100	2	19
89	2	21	85	100	100	3	0
89	2	21	92	100	100	2	70
89	2	21	95	100	100	2	18
89	2	22	2	100	100	2	11
89	2	22	8	100	100	2	71
89	2	22	11	100	100	2	19
89	2	22	18	100	100	3	0
89	2	22	25	100	100	2	70
89	2	22	28	100	100	2	18
89	2	22	34	100	100	2	78
89	2	22	42	100	100	3	inf
89	2	22	44	100	100	2	66
89	2	22	52	100	100	2	78
89	2	22	58	100	100	2	18
89	2	22	61	100	100	2	70
89	2	22	68	100	100	3	0
89	2	22	75	100	100	2	19
89	2	22	78	100	100	2	71
89	2	22	84	100	100	2	11
89	2	22	92	100	100	2	23
89	2	22	94	100	100	2	23
89	2	23	1	100	100	3	0
89	2	23	8	100	100	2	19
89	2	23	11	100	100	2	71
89	2	23	17	100	100	2	11
89	2	23	25	100	100	2	23
89	2	23	27	100	100	2	23
89	2	23	35	100	100	2	11
89	2	23	41	100	100	2	71
89	2	23	44	100	100	2	19
89	2	23	51	100	100	3	0
89	2	23	58	100	100	2	70
89	2	23	61	100	100	2	18
89	2	23	67	100	100	2	78
89	2	23	75	100	100	3	inf
89	2	23	77	100	100	2	66
89	2	23	85	100	100	2	78
89	2	23	91	100	100	2	18
89	2	23	94	100	100	2	70
89	2	24	0	100	100	2	78
89	2	24	8	100	100	3	inf
89	2	24	10	100	100	2	66
89	2	24	18	100	100	2	78
89	2	24	24	100	100	2	18
89	2	24	27	100	100	2	70
89	2	24	34	100	100	3	0
89	2	24	41	100	100	2	19
89	2	24	44	100	100	2	71
89	2	24	50	100	100	2	11
89	2	24	58	100	100	2	23
89	2	24	60	100	100	2	23
89	2	24	68	100	100	2	11
89	2	24	74	100	100	2	71
89	2	24	77	100	100	2	19
89	2	24	84	100	100	3	0
89	2	24	91	100	100	2	70
89	2	24	94	100	100	2	18
89	2	25	1	100	100	2	11
89	2	25	7	100	100	2	71
89	2	25	10	100	100	2	19
89	2	25	17	100	100	3	0
89	2	25	24	100	100	2	70
89	2	25	27	100	100	2	18
89	2	25	33	100	100	2	78
89	2	25	41	100	100	3	inf
89	2	25	43	100	100	2	66
89	2	25	51	100	100	2	78
89	2	25	57	100	100	2	18
89	2	25	60	100	100	2	70
89	2	25	67	100	100	3	0
89	2	25	74	100	100	2	19
89	2	25	77	100	100	2	71
89	2	25	83	100	100	2	11
89	2	25	91	100	100	2	23
89	2	25	93	100	100	2	23
89	2	26	0	100	100	3	0
89	2	26	7	100	100	2	19
89	2	26	10	100	100	2	71
89	2	26	16	100	100	2	11
89	2	26	24	100	100	2	23
89	2	26	26	100	100	2	23
89	2	26	34	100	100	2	11
89	2	26	40	100	100	2	71
89	2	26	43	100	100	2	19
89	2	26	50	100	100	3	0
89	2	26	57	100	100	2	70
89	2	26	60	100	100	2	18
89	2	26	66	100	100	2	78
89	2	26	74	100	100	3	inf
89	2	26	76	100	100	2	66
89	2	26	84	100	100	2	78
89	2	26	90	100	100	2	18
89	2	26	93	100	100	2	70
89	2	27	7	100	100	3	inf
89	2	27	9	100	100	2	66
89	2	27	17	100	100	2	78
89	2	27	23	100	100	2	18
89	2	27	26	100	100	2	70
89	2	27	33	100	100	3	0
89	2	27	40	100	100	2	19
89	2	27	43	100	100	2	71
89	2	27	49	100	100	2	11
89	2	27	57	100	100	2	23
89	2	27	59	100	100	2	23
89	2	27	67	100	100	2	11
89	2	27	73	100	100	2	71
89	2	27	76	100	100	2	19
89	2	27	83	100	100	3	0
89	2	27	90	100	100	2	70
89	2	27	93	100	100	2	18
89	2	27	99	100	100	2	78
89	2	28	0	100	100	2	11
89	2	28	6	100	100	2	71
89	2	28	9	100	100	2	19
89	2	28	16	100	100	3	0
89	2	28	23	100	100	2	70
89	2	28	26	100	100	2	18
89	2	28	32	100	100	2	78
89	2	28	40	100	100	3	inf
89	2	28	42	100	100	2	66
89	2	28	50	100	100	2	78
89	2	28	56	100	100	2	18
89	2	28	59	100	100	2	70
89	2	28	66	100	100	3	0
89	2	28	73	100	100	2	19
89	2	28	76	100	100	2	71
89	2	28	82	100	100	2	11
89	2	28	90	100	100	2	23
89	2	28	92	100	100	2	23
89	2	29	6	100	100	2	19
89	2	29	9	100	100	2	71
89	2	29	15	100	100	2	11
89	2	29	23	100	100	2	23
89	2	29	25	100	100	2	23
89	2	29	33	100	100	2	11
89	2	29	39	100	100	2	71
89	2	29	42	100	100	2	19
89	2	29	49	100	100	3	0
89	2	29	56	100	100	2	70
89	2	29	59	100	100	2	18
89	2	29	65	100	100	2	78
89	2	29	73	100	100	3	inf
89	2	29	75	100	100	2	66
89	2	29	83	100	100	2	78
89	2	29	89	100	100	2	18
89	2	29	92	100	100	2	70
89	2	29	99	100	100	3	0
89	2	30	6	100	100	3	inf
89	2	30	8	100	100	2	66
89	2	30	16	100	100	2	78
89	2	30	22	100	100	2	18
89	2	30	25	100	100	2	70
89	2	30	32	100	100	3	0
89	2	30	39	100	100	2	19
89	2	30	42	100	100	2	71
89	2	30	48	100	100	2	11
89	2	30	56	100	100	2	23
89	2	30	58	100	100	2	23
89	2	30	66	100	100	2	11
89	2	30	72	100	100	2	71
89	2	30	75	100	100	2	19
89	2	30	82	100	100	3	0
89	2	30	89	100	100	2	70
89	2	30	92	100	100	2	18
89	2	30	98	100	100	2	78
89	2	31	5	100	100	2	71
89	2	31	8	100	100	2	19
89	2	31	15	100	100	3	0
89	2	31	22	100	100	2	70
89	2	31	25	100	100	2	18
89	2	31	31	100	100	2	78
89	2	31	39	100	100	3	inf
89	2	31	41	100	100	2	66
89	2	31	49	100	100	2	78
89	2	31	55	100	100	2	18
89	2	31	58	100	100	2	70
89	2	31	65	100	100	3	0
89	2	31	72	100	100	2	19
89	2	31	75	100	100	2	71
89	2	31	81	100	100	2	11
89	2	31	89	100	100	2	23
89	2	31	91	100	100	2	23
89	2	31	99	100	100	2	11
89	2	32	5	100	100	2	19
89	2	32	8	100	100	2	71
89	2	32	14	100	100	2	11
89	2	32	22	100	100	2	23
89	2	32	24	100	100	2	23
89	2	32	32	100	100	2	11
89	2	32	38	100	100	2	71
89	2	32	41	100	100	2	19
89	2	32	48	100	100	3	0
89	2	32	55	100	100	2	70
89	2	32	58	100	100	2	18
89	2	32	64	100	100	2	78
89	2	32	72	100	100	3	inf
89	2	32	74	100	100	2	66
89	2	32	82	100	100	2	78
89	2	32	88	100	100	2	18
89	2	32	91	100	100	2	70
89	2	32	98	100	100	3	0
89	2	33	5	100	100	3	inf
89	2	33	7	100	100	2	66
89	2	33	15	100	100	2	78
89	2	33	21	100	100	2	18
89	2	33	24	100	100	2	70
89	2	33	31	100	100	3	0
89	2	33	38	100	100	2	19
89	2	33	41	100	100	2	71
89	2	33	47	100	100	2	11
89	2	33	55	100	100	2	23
89	2	33	57	100	100	2	23
89	2	33	65	100	100	2	11
89	2	33	71	100	100	2	71
89	2	33	74	100	100	2	19
89	2	33	81	100	100	3	0
89	2	33	88	100	100	2	70
89	2	33	91	100	100	2	18
89	2	33	97	100	100	2	78
89	2	34	4	100	100	2	71
89	2	34	7	100	100	2	19
89	2	34	14	100	100	3	0
89	2	34	21	100	100	2	70
89	2	34	24	100	100	2	18
89	2	34	30	100	100	2	78
89	2	34	38	100	100	3	inf
89	2	34	40	100	100	2	66
89	2	34	48	100	100	2	78
89	2	34	54	100	100	2	18
89	2	34	57	100	100	2	70
89	2	34	64	100	100	3	0
89	2	34	71	100	100	2	19
89	2	34	74	100	100	2	71
89	2	34	80	100	100	2	11
89	2	34	88	100	100	2	23
89	2	34	90	100	100	2	23
89	2	34	98	100	100	2	11
89	2	35	4	100	100	2	19
89	2	35	7	100	100	2	71
89	2	35	13	100	100	2	11
89	2	35	21	100	100	2	23
89	2	35	23	100	100	2	23
89	2	35	31	100	100	2	11
89	2	35	37	100	100	2	71
89	2	35	40	100	100	2	19
89	2	35	47	100	100	3	0
89	2	35	54	100	100	2	70
89	2	35	57	100	100	2	18
89	2	35	63	100	100	2	78
89	2	35	71	100	100	3	inf
89	2	35	73	100	100	2	66
89	2	35	81	100	100	2	78
89	2	35	87	100	100	2	18
89	2	35	90	100	100	2	70
89	2	35	97	100	100	3	0
89	2	36	4	100	100	3	inf
89	2	36	6	100	100	2	66
89	2	36	14	100	100	2	78
89	2	36	20	100	100	2	18
89	2	36	23	100	100	2	70
89	2	36	30	100	100	3	0
89	2	36	37	100	100	2	19
89	2	36	40	100	100	2	71
89	2	36	46	100	100	2	11
89	2	36	54	100	100	2	23
89	2	36	56	100	100	2	23
89	2	36	64	100	100	2	11
89	2	36	70	100	100	2	71
89	2	36	73	100	100	2	19
89	2	36	80	100	100	3	0
89	2	36	87	100	100	2	70
89	2	36	90	100	100	2	18
89	2	36	96	100	100	2	78
89	2	37	3	100	100	2	71
89	2	37	6	100	100	2	19
89	2	37	13	100	100	3	0
89	2	37	20	100	100	2	70
89	2	37	23	100	100	2	18
89	2	37	29	100	100	2	78
89	2	37	37	100	100	3	inf
89	2	37	39	100	100	2	66
89	2	37	47	100	100	2	78
89	2	37	53	100	100	2	18
89	2	37	56	100	100	2	70
89	2	37	63	100	100	3	0
89	2	37	70	100	100	2	19
89	2	37	73	100	100	2	71
89	2	37	79	100	100	2	11
89	2	37	87	100	100	2	23
89	2	37	89	100	100	2	23
89	2	37	97	100	100	2	11
89	2	38	3	100	100	2	19
89	2	38	6	100	100	2	71
89	2	38	12	100	100	2	11
89	2	38	20	100	100	2	23
89	2	38	22	100	100	2	23
89	2	38	30	100	100	2	11
89	2	38	36	100	100	2	71
89	2	38	39	100	100	2	19
89	2	38	46	100	100	3	0
89	2	38	53	100	100	2	70
89	2	38	56	100	100	2	18
89	2	38	62	100	100	2	78
89	2	38	70	100	100	3	inf
89	2	38	72	100	100	2	66
89	2	38	80	100	100	2	78
89	2	38	86	100	100	2	18
89	2	38	89	100	100	2	70
89	2	38	96	100	100	3	0
89	2	39	3	100	100	3	inf
89	2	39	5	100	100	2	66
89	2	39	13	100	100	2	78
89	2	39	19	100	100	2	18
89	2	39	22	100	100	2	70
89	2	39	29	100	100	3	0
89	2	39	36	100	100	2	19
89	2	39	39	100	100	2	71
89	2	39	45	100	100	2	11
89	2	39	53	100	100	2	23
89	2	39	55	100	100	2	23
89	2	39	63	100	100	2	11
89	2	39	69	100	100	2	71
89	2	39	72	100	100	2	19
89	2	39	79	100	100	3	0
89	2	39	86	100	100	2	70
89	2	39	89	100	100	2	18
89	2	39	95	100	100	2	78
89	2	40	2	100	100	2	71
89	2	40	5	100	100	2	19
89	2	40	12	100	100	3	0
89	2	40	19	100	100	2	70
89	2	40	22	100	100	2	18
89	2	40	28	100	100	2	78
89	2	40	36	100	100	3	inf
89	2	40	38	100	100	2	66
89	2	40	46	100	100	2	78
89	2	40	52	100	100	2	18
89	2	40	55	100	100	2	70
89	2	40	62	100	100	3	0
89	2	40	69	100	100	2	19
89	2	40	72	100	100	2	71
89	2	40	78	100	100	2	11
89	2	40	86	100	100	2	23
89	2	40	88	100	100	2	23
89	2	40	96	100	100	2	11
89	2	41	2	100	100	2	19
89	2	41	5	100	100	2	71
89	2	41	11	100	100	2	11
89	2	41	19	100	100	2	23
89	2	41	21	100	100	2	23
89	2	41	29	100	100	2	11
89	2	41	35	100	100	2	71
89	2	41	38	100	100	2	19
89	2	41	45	100	100	3	0
89	2	41	52	100	100	2	70
89	2	41	55	100	100	2	18
89	2	41	61	100	100	2	78
89	2	41	69	100	100	3	inf
89	2	41	71	100	100	2	66
89	2	41	79	100	100	2	78
89	2	41	85	100	100	2	18
89	2	41	88	100	100	2	70
89	2	41	95	100	100	3	0
89	2	42	2	100	100	3	inf
89	2	42	4	100	100	2	66
89	2	42	12	100	100	2	78
89	2	42	18	100	100	2	18
89	2	42	21	100	100	2	70
89	2	42	28	100	100	3	0
89	2	42	35	100	100	2	19
89	2	42	38	100	100	2	71
89	2	42	44	100	100	2	11
89	2	42	52	100	100	2	23
89	2	42	54	100	100	2	23
89	2	42	62	100	100	2	11
89	2	42	68	100	100	2	71
89	2	42	71	100	100	2	19
89	2	42	78	100	100	3	0
89	2	42	85	100	100	2	70
89	2	42	88	100	100	2	18
89	2	42	94	100	100	2	78
89	2	43	1	100	100	2	71
89	2	43	4	100	100	2	19
89	2	43	11	100	100	3	0
89	2	43	18	100	100	2	70
89	2	43	21	100	100	2	18
89	2	43	27	100	100	2	78
89	2	43	35	100	100	3	inf
89	2	43	37	100	100	2	66
89	2	43	45	100	100	2	78
89	2	43	51	100	100	2	18
89	2	43	54	100	100	2	70
89	2	43	61	100	100	3	0
89	2	43	68	100	100	2	19
89	2	43	71	100	100	2	71
89	2	43	77	100	100	2	11
89	2	43	85	100	100	2	23
89	2	43	87	100	100	2	23
89	2	43	95	100	100	2	11
89	2	44	1	100	100	2	19
89	2	44	4	100	100	2	71
89	2	44	10	100	100	2	11
89	2	44	18	100	100	2	23
89	2	44	20	100	100	2	23
89	2	44	28	100	100	2	11
89	2	44	34	100	100	2	71
89	2	44	37	100	100	2	19
89	2	44	44	100	100	3	0
89	2	44	51	100	100	2	70
89	2	44	54	100	100	2	18
89	2	44	60	100	100	2	78
89	2	44	68	100	100	3	inf
89	2	44	70	100	100	2	66
89	2	44	78	100	100	2	78
89	2	44	84	100	100	2	18
89	2	44	87	100	100	2	70
89	2	44	94	100	100	3	0
89	2	45	1	100	100	3	inf
89	2	45	3	100	100	2	66
89	2	45	11	100	100	2	78
89	2	45	17	100	100	2	18
89	2	45	20	100	100	2	70
89	2	45	27	100	100	3	0
89	2	45	34	100	100	2	19
89	2	45	37	100	100	2	71
89	2	45	43	100	100	2	11
89	2	45	51	100	100	2	23
89	2	45	53	100	100	2	23
89	2	45	61	100	100	2	11
89	2	45	67	100	100	2	71
89	2	45	70	100	100	2	19
89	2	45	77	100	100	3	0
89	2	45	84	100	100	2	70
89	2	45	87	100	100	2	18
89	2	45	93	100	100	2	78
89	2	46	0	100	100	2	71
89	2	46	3	100	100	2	19
89	2	46	10	100	100	3	0
89	2	46	17	100	100	2	70
89	2	46	20	100	100	2	18
89	2	46	26	100	100	2	78
89	2	46	34	100	100	3	inf
89	2	46	36	100	100	2	66
89	2	46	44	100	100	2	78
89	2	46	50	100	100	2	18
89	2	46	53	100	100	2	70
89	2	46	60	100	100	3	0
89	2	46	67	100	100	2	19
89	2	46	70	100	100	2	71
89	2	46	76	100	100	2	11
89	2	46	84	100	100	2	23
89	2	46	86	100	100	2	23
89	2	46	94	100	100	2	11
89	2	47	0	100	100	2	19
89	2	47	3	100	100	2	71
89	2	47	9	100	100	2	11
89	2	47	17	100	100	2	23
89	2	47	19	100	100	2	23
89	2	47	27	100	100	2	11
89	2	47	33	100	100	2	71
89	2	47	36	100	100	2	19
89	2	47	43	100	100	3	0
89	2	47	50	100	100	2	70
89	2	47	53	100	100	2	18
89	2	47	59	100	100	2	78
89	2	47	67	100	100	3	inf
89	2	47	69	100	100	2	66
89	2	47	77	100	100	2	78
89	2	47	83	100	100	2	18
89	2	47	86	100	100	2	70
89	2	47	93	100	100	3	0
89	2	48	0	100	100	3	inf
89	2	48	2	100	100	2	66
89	2	48	10	100	100	2	78
89	2	48	16	100	100	2	18
89	2	48	19	100	100	2	70
89	2	48	26	100	100	3	0
89	2	48	33	100	100	2	19
89	2	48	36	100	100	2	71
89	2	48	42	100	100	2	11
89	2	48	50	100	100	2	23
89	2	48	52	100	100	2	23
89	2	48	60	100	100	2	11
89	2	48	66	100	100	2	71
89	2	48	69	100	100	2	19
89	2	48	76	100	100	3	0
89	2	48	83	100	100	2	70
89	2	48	86	100	100	2	18
89	2	48	92	100	100	2	78
89	2	49	2	100	100	2	19
89	2	49	9	100	100	3	0
89	2	49	16	100	100	2	70
89	2	49	19	100	100	2	18
89	2	49	25	100	100	2	78
89	2	49	33	100	100	3	inf
89	2	49	35	100	100	2	66
89	2	49	43	100	100	2	78
89	2	49	49	100	100	2	18
89	2	49	52	100	100	2	70
89	2	49	59	100	100	3	0
89	2	49	66	100	100	2	19
89	2	49	69	100	100	2	71
89	2	49	75	100	100	2	11
89	2	49	83	100	100	2	23
89	2	49	85	100	100	2	23
89	2	49	93	100	100	2	11
89	2	49	99	100	100	2	71
89	2	50	2	100	100	2	71
89	2	50	8	100	100	2	11
89	2	50	16	100	100	2	23
89	2	50	18	100	100	2	23
89	2	50	26	100	100	2	11
89	2	50	32	100	100	2	71
89	2	50	35	100	100	2	19
89	2	50	42	100	100	3	0
89	2	50	49	100	100	2	70
89	2	50	52	100	100	2	18
89	2	50	58	100	100	2	78
89	2	50	66	100	100	3	inf
89	2	50	68	100	100	2	66
89	2	50	76	100	100	2	78
89	2	50	82	100	100	2	18
89	2	50	85	100	100	2	70
89	2	50	92	100	100	3	0
89	2	50	99	100	100	2	19
89	2	51	1	100	100	2	66
89	2	51	9	100	100	2	78
89	2	51	15	100	100	2	18
89	2	51	18	100	100	2	70
89	2	51	25	100	100	3	0
89	2	51	32	100	100	2	19
89	2	51	35	100	100	2	71
89	2	51	41	100	100	2	11
89	2	51	49	100	100	2	23
89	2	51	51	100	100	2	23
89	2	51	59	100	100	2	11
89	2	51	65	100	100	2	71
89	2	51	68	100	100	2	19
89	2	51	75	100	100	3	0
89	2	51	82	100	100	2	70
89	2	51	85	100	100	2	18
89	2	51	91	100	100	2	78
89	2	51	99	100	100	3	inf
89	2	52	1	100	100	2	19
89	2	52	8	100	100	3	0
89	2	52	15	100	100	2	70
89	2	52	18	100	100	2	18
89	2	52	24	100	100	2	78
89	2	52	32	100	100	3	inf
89	2	52	34	100	100	2	66
89	2	52	42	100	100	2	78
89	2	52	48	100	100	2	18
89	2	52	51	100	100	2	70
89	2	52	58	100	100	3	0
89	2	52	65	100	100	2	19
89	2	52	68	100	100	2	71
89	2	52	74	100	100	2	11
89	2	52	82	100	100	2	23
89	2	52	84	100	100	2	23
89	2	52	92	100	100	2	11
89	2	52	98	100	100	2	71
89	2	53	1	100	100	2	71
89	2	53	7	100	100	2	11
89	2	53	15	100	100	2	23
89	2	53	17	100	100	2	23
89	2	53	25	100	100	2	11
89	2	53	31	100	100	2	71
89	2	53	34	100	100	2	19
89	2	53	41	100	100	3	0
89	2	53	48	100	100	2	70
89	2	53	51	100	100	2	18
89	2	53	57	100	100	2	78
89	2	53	65	100	100	3	inf
89	2	53	67	100	100	2	66
89	2	53	75	100	100	2	78
89	2	53	81	100	100	2	18
89	2	53	84	100	100	2	70
89	2	53	91	100	100	3	0
89	2	53	98	100	100	2	19
89	2	54	0	100	100	2	66
89	2	54	8	100	100	2	78
89	2	54	14	100	100	2	18
89	2	54	17	100	100	2	70
89	2	54	24	100	100	3	0
89	2	54	31	100	100	2	19
89	2	54	34	100	100	2	71
89	2	54	40	100	100	2	11
89	2	54	48	100	100	2	23
89	2	54	50	100	100	2	23
89	2	54	58	100	100	2	11
89	2	54	64	100	100	2	71
89	2	54	67	100	100	2	19
89	2	54	74	100	100	3	0
89	2	54	81	100	100	2	70
89	2	54	84	100	100	2	18
89	2	54	90	100	100	2	78
89	2	54	98	100	100	3	inf
89	2	55	0	100	100	2	19
89	2	55	7	100	100	3	0
89	2	55	14	100	100	2	70
89	2	55	17	100	100	2	18
89	2	55	23	100	100	2	78
89	2	55	31	100	100	3	inf
89	2	55	33	100	100	2	66
89	2	55	41	100	100	2	78
89	2	55	47	100	100	2	18
89	2	55	50	100	100	2	70
89	2	55	57	100	100	3	0
89	2	55	64	100	100	2	19
89	2	55	67	100	100	2	71
89	2	55	73	100	100	2	11
89	2	55	81	100	100	2	23
89	2	55	83	100	100	2	23
89	2	55	91	100	100	2	11
89	2	55	97	100	100	2	71
89	2	56	0	100	100	2	71
89	2	56	6	100	100	2	11
89	2	56	14	100	100	2	23
89	2	56	16	100	100	2	23
89	2	56	24	100	100	2	11
89	2	56	30	100	100	2	71
89	2	56	33	100	100	2	19
89	2	56	40	100	100	3	0
89	2	56	47	100	100	2	70
89	2	56	50	100	100	2	18
89	2	56	56	100	100	2	78
89	2	56	64	100	100	3	inf
89	2	56	66	100	100	2	66
89	2	56	74	100	100	2	78
89	2	56	80	100	100	2	18
89	2	56	83	100	100	2	70
89	2	56	90	100	100	3	0
89	2	56	97	100	100	2	19
89	2	57	7	100	100	2	78
89	2	57	13	100	100	2	18
89	2	57	16	100	100	2	70
89	2	57	23	100	100	3	0
89	2	57	30	100	100	2	19
89	2	57	33	100	100	2	71
89	2	57	39	100	100	2	11
89	2	57	47	100	100	2	23
89	2	57	49	100	100	2	23
89	2	57	57	100	100	2	11
89	2	57	63	100	100	2	71
89	2	57	66	100	100	2	19
89	2	57	73	100	100	3	0
89	2	57	80	100	100	2	70
89	2	57	83	100	100	2	18
89	2	57	89	100	100	2	78
89	2	57	97	100	100	3	inf
89	2	57	99	100	100	2	66
89	2	58	6	100	100	3	0
89	2	58	13	100	100	2	70
89	2	58	16	100	100	2	18
89	2	58	22	100	100	2	78
89	2	58	30	100	100	3	inf
89	2	58	32	100	100	2	66
89	2	58	40	100	100	2	78
89	2	58	46	100	100	2	18
89	2	58	49	100	100	2	70
89	2	58	56	100	100	3	0
89	2	58	63	100	100	2	19
89	2	58	66	100	100	2	71
89	2	58	72	100	100	2	11
89	2	58	80	100	100	2	23
89	2	58	82	100	100	2	23
89	2	58	90	100	100	2	11
89	2	58	96	100	100	2	71
89	2	58	99	100	100	2	19
89	2	59	5	100	100	2	11
89	2	59	13	100	100	2	23
89	2	59	15	100	100	2	23
89	2	59	23	100	100	2	11
89	2	59	29	100	100	2	71
89	2	59	32	100	100	2	19
89	2	59	39	100	100	3	0
89	2	59	46	100	100	2	70
89	2	59	49	100	100	2	18
89	2	59	55	100	100	2	78
89	2	59	63	100	100	3	inf
89	2	59	65	100	100	2	66
89	2	59	73	100	100	2	78
89	2	59	79	100	100	2	18
89	2	59	82	100	100	2	70
89	2	59	89	100	100	3	0
89	2	59	96	100	100	2	19
89	2	59	99	100	100	2	71
89	2	60	6	100	100	2	78
89	2	60	12	100	100	2	18
89	2	60	15	100	100	2	70
89	2	60	22	100	100	3	0
89	2	60	29	100	100	2	19
89	2	60	32	100	100	2	71
89	2	60	38	100	100	2	11
89	2	60	46	100	100	2	23
89	2	60	48	100	100	2	23
89	2	60	56	100	100	2	11
89	2	60	62	100	100	2	71
89	2	60	65	100	100	2	19
89	2	60	72	100	100	3	0
89	2	60	79	100	100	2	70
89	2	60	82	100	100	2	18
89	2	60	88	100	100	2	78
89	2	60	96	100	100	3	inf
89	2	60	98	100	100	2	66
89	2	61	5	100	100	3	0
89	2	61	12	100	100	2	70
89	2	61	15	100	100	2	18
89	2	61	21	100	100	2	78
89	2	61	29	100	100	3	inf
89	2	61	31	100	100	2	66
89	2	61	39	100	100	2	78
89	2	61	45	100	100	2	18
89	2	61	48	100	100	2	70
89	2	61	55	100	100	3	0
89	2	61	62	100	100	2	19
89	2	61	65	100	100	2	71
89	2	61	71	100	100	2	11
89	2	61	79	100	100	2	23
89	2	61	81	100	100	2	23
89	2	61	89	100	100	2	11
89	2	61	95	100	100	2	71
89	2	61	98	100	100	2	19
89	2	62	4	100	100	2	11
89	2	62	12	100	100	2	23
89	2	62	14	100	100	2	23
89	2	62	22	100	100	2	11
89	2	62	28	100	100	2	71
89	2	62	31	100	100	2	19
89	2	62	38	100	100	3	0
89	2	62	45	100	100	2	70
89	2	62	48	100	100	2	18
89	2	62	54	100	100	2	78
89	2	62	62	100	100	3	inf
89	2	62	64	100	100	2	66
89	2	62	72	100	100	2	78
89	2	62	78	100	100	2	18
89	2	62	81	100	100	2	70
89	2	62	88	100	100	3	0
89	2	62	95	100	100	2	19
89	2	62	98	100	100	2	71
89	2	63	5	100	100	2	78
89	2	63	11	100	100	2	18
89	2	63	14	100	100	2	70
89	2	63	21	100	100	3	0
89	2	63	28	100	100	2	19
89	2	63	31	100	100	2	71
89	2	63	37	100	100	2	11
89	2	63	45	100	100	2	23
89	2	63	47	100	100	2	23
89	2	63	55	100	100	2	11
89	2	63	61	100	100	2	71
89	2	63	64	100	100	2	19
89	2	63	71	100	100	3	0
89	2	63	78	100	100	2	70
89	2	63	81	100	100	2	18
89	2	63	87	100	100	2	78
89	2	63	95	100	100	3	inf
89	2	63	97	100	100	2	66
89	2	64	4	100	100	3	0
89	2	64	11	100	100	2	70
89	2	64	14	100	100	2	18
89	2	64	20	100	100	2	78
89	2	64	28	100	100	3	inf
89	2	64	30	100	100	2	66
89	2	64	38	100	100	2	78
89	2	64	44	100	100	2	18
89	2	64	47	100	100	2	70
89	2	64	54	100	100	3	0
89	2	64	61	100	100	2	19
89	2	64	64	100	100	2	71
89	2	64	70	100	100	2	11
89	2	64	78	100	100	2	23
89	2	64	80	100	100	2	23
89	2	64	88	100	100	2	11
89	2	64	94	100	100	2	71
89	2	64	97	100	100	2	19
89	2	65	3	100	100	2	11
89	2	65	11	100	100	2	23
89	2	65	13	100	100	2	23
89	2	65	21	100	100	2	11
89	2	65	27	100	100	2	71
89	2	65	30	100	100	2	19
89	2	65	37	100	100	3	0
89	2	65	44	100	100	2	70
89	2	65	47	100	100	2	18
89	2	65	53	100	100	2	78
89	2	65	61	100	100	3	inf
89	2	65	63	100	100	2	66
89	2	65	71	100	100	2	78
89	2	65	77	100	100	2	18
89	2	65	80	100	100	2	70
89	2	65	87	100	100	3	0
89	2	65	94	100	100	2	19
89	2	65	97	100	100	2	71
89	2	66	4	100	100	2	78
89	2	66	10	100	100	2	18
89	2	66	13	100	100	2	70
89	2	66	20	100	100	3	0
89	2	66	27	100	100	2	19
89	2	66	30	100	100	2	71
89	2	66	36	100	100	2	11
89	2	66	44	100	100	2	23
89	2	66	46	100	100	2	23
89	2	66	54	100	100	2	11
89	2	66	60	100	100	2	71
89	2	66	63	100	100	2	19
89	2	66	70	100	100	3	0
89	2	66	77	100	100	2	70
89	2	66	80	100	100	2	18
89	2	66	86	100	100	2	78
89	2	66	94	100	100	3	inf
89	2	66	96	100	100	2	66
89	2	67	3	100	100	3	0
89	2	67	10	100	100	2	70
89	2	67	13	100	100	2	18
89	2	67	19	100	100	2	78
89	2	67	27	100	100	3	inf
89	2	67	29	100	100	2	66
89	2	67	37	100	100	2	78
89	2	67	43	100	100	2	18
89	2	67	46	100	100	2	70
89	2	67	53	100	100	3	0
89	2	67	60	100	100	2	19
89	2	67	63	100	100	2	71
89	2	67	69	100	100	2	11
89	2	67	77	100	100	2	23
89	2	67	79	100	100	2	23
89	2	67	87	100	100	2	11
89	2	67	93	100	100	2	71
89	2	67	96	100	100	2	19
89	2	68	2	100	100	2	11
89	2	68	10	100	100	2	23
89	2	68	12	100	100	2	23
89	2	68	20	100	100	2	11
89	2	68	26	100	100	2	71
89	2	68	29	100	100	2	19
89	2	68	36	100	100	3	0
89	2	68	43	100	100	2	70
89	2	68	46	100	100	2	18
89	2	68	52	100	100	2	78
89	2	68	60	100	100	3	inf
89	2	68	62	100	100	2	66
89	2	68	70	100	100	2	78
89	2	68	76	100	100	2	18
89	2	68	79	100	100	2	70
89	2	68	86	100	100	3	0
89	2	68	93	100	100	2	19
89	2	68	96	100	100	2	71
89	2	69	3	100	100	2	78
89	2	69	9	100	100	2	18
89	2	69	12	100	100	2	70
89	2	69	19	100	100	3	0
89	2	69	26	100	100	2	19
89	2	69	29	100	100	2	71
89	2	69	35	100	100	2	11
89	2	69	43	100	100	2	23
89	2	69	45	100	100	2	23
89	2	69	53	100	100	2	11
89	2	69	59	100	100	2	71
89	2	69	62	100	100	2	19
89	2	69	69	100	100	3	0
89	2	69	76	100	100	2	70
89	2	69	79	100	100	2	18
89	2	69	85	100	100	2	78
89	2	69	93	100	100	3	inf
89	2	69	95	100	100	2	66
89	2	70	2	100	100	3	0
89	2	70	9	100	100	2	70
89	2	70	12	100	100	2	18
89	2	70	18	100	100	2	78
89	2	70	26	100	100	3	inf
89	2	70	28	100	100	2	66
89	2	70	36	100	100	2	78
89	2	70	42	100	100	2	18
89	2	70	45	100	100	2	70
89	2	70	52	100	100	3	0
89	2	70	59	100	100	2	19
89	2	70	62	100	100	2	71
89	2	70	68	100	100	2	11
89	2	70	76	100	100	2	23
89	2	70	78	100	100	2	23
89	2	70	86	100	100	2	11
89	2	70	92	100	100	2	71
89	2	70	95	100	100	2	19
89	2	71	1	100	100	2	11
89	2	71	9	100	100	2	23
89	2	71	11	100	100	2	23
89	2	71	19	100	100	2	11
89	2	71	25	100	100	2	71
89	2	71	28	100	100	2	19
89	2	71	35	100	100	3	0
89	2	71	42	100	100	2	70
89	2	71	45	100	100	2	18
89	2	71	51	100	100	2	78
89	2	71	59	100	100	3	inf
89	2	71	61	100	100	2	66
89	2	71	69	100	100	2	78
89	2	71	75	100	100	2	18
89	2	71	78	100	100	2	70
89	2	71	85	100	100	3	0
89	2	71	92	100	100	2	19
89	2	71	95	100	100	2	71
89	2	72	2	100	100	2	78
89	2	72	8	100	100	2	18
89	2	72	11	100	100	2	70
89	2	72	18	100	100	3	0
89	2	72	25	100	100	2	19
89	2	72	28	100	100	2	71
89	2	72	34	100	100	2	11
89	2	72	42	100	100	2	23
89	2	72	44	100	100	2	23
89	2	72	52	100	100	2	11
89	2	72	58	100	100	2	71
89	2	72	61	100	100	2	19
89	2	72	68	100	100	3	0
89	2	72	75	100	100	2	70
89	2	72	78	100	100	2	18
89	2	72	84	100	100	2	78
89	2	72	92	100	100	3	inf
89	2	72	94	100	100	2	66
89	2	73	1	100	100	3	0
89	2	73	8	100	100	2	70
89	2	73	11	100	100	2	18
89	2	73	17	100	100	2	78
89	2	73	25	100	100	3	inf
89	2	73	27	100	100	2	66
89	2	73	35	100	100	2	78
89	2	73	41	100	100	2	18
89	2	73	44	100	100	2	70
89	2	73	51	100	100	3	0
89	2	73	58	100	100	2	19
89	2	73	61	100	100	2	71
89	2	73	67	100	100	2	11
89	2	73	75	100	100	2	23
89	2	73	77	100	100	2	23
89	2	73	85	100	100	2	11
89	2	73	91	100	100	2	71
89	2	73	94	100	100	2	19
89	2	74	0	100	100	2	11
89	2	74	8	100	100	2	23
89	2	74	10	100	100	2	23
89	2	74	18	100	100	2	11
89	2	74	24	100	100	2	71
89	2	74	27	100	100	2	19
89	2	74	34	100	100	3	0
89	2	74	41	100	100	2	70
89	2	74	44	100	100	2	18
89	2	74	50	100	100	2	78
89	2	74	58	100	100	3	inf
89	2	74	60	100	100	2	66
89	2	74	68	100	100	2	78
89	2	74	74	100	100	2	18
89	2	74	77	100	100	2	70
89	2	74	84	100	100	3	0
89	2	74	91	100	100	2	19
89	2	74	94	100	100	2	71
89	2	75	1	100	100	2	78
89	2	75	7	100	100	2	18
89	2	75	10	100	100	2	70
89	2	75	17	100	100	3	0
89	2	75	24	100	100	2	19
89	2	75	27	100	100	2	71
89	2	75	33	100	100	2	11
89	2	75	41	100	100	2	23
89	2	75	43	100	100	2	23
89	2	75	51	100	100	2	11
89	2	75	57	100	100	2	71
89	2	75	60	100	100	2	19
89	2	75	67	100	100	3	0
89	2	75	74	100	100	2	70
89	2	75	77	100	100	2	18
89	2	75	83	100	100	2	78
89	2	75	91	100	100	3	inf
89	2	75	93	100	100	2	66
89	2	76	0	100	100	3	0
89	2	76	7	100	100	2	70
89	2	76	10	100	100	2	18
89	2	76	16	100	100	2	78
89	2	76	24	100	100	3	inf
89	2	76	26	100	100	2	66
89	2	76	34	100	100	2	78
89	2	76	40	100	100	2	18
89	2	76	43	100	100	2	70
89	2	76	50	100	100	3	0
89	2	76	57	100	100	2	19
89	2	76	60	100	100	2	71
89	2	76	66	100	100	2	11
89	2	76	74	100	100	2	23
89	2	76	76	100	100	2	23
89	2	76	84	100	100	2	11
89	2	76	90	100	100	2	71
89	2	76	93	100	100	2	19
89	2	77	7	100	100	2	23
89	2	77	9	100	100	2	23
89	2	77	17	100	100	2	11
89	2	77	23	100	100	2	71
89	2	77	26	100	100	2	19
89	2	77	33	100	100	3	0
89	2	77	40	100	100	2	70
89	2	77	43	100	100	2	18
89	2	77	49	100	100	2	78
89	2	77	57	100	100	3	inf
89	2	77	59	100	100	2	66
89	2	77	67	100	100	2	78
89	2	77	73	100	100	2	18
89	2	77	76	100	100	2	70
89	2	77	83	100	100	3	0
89	2	77	90	100	100	2	19
89	2	77	93	100	100	2	71
89	2	77	99	100	100	2	11
89	2	78	0	100	100	2	78
89	2	78	6	100	100	2	18
89	2	78	9	100	100	2	70
89	2	78	16	100	100	3	0
89	2	78	23	100	100	2	19
89	2	78	26	100	100	2	71
89	2	78	32	100	100	2	11
89	2	78	40	100	100	2	23
89	2	78	42	100	100	2	23
89	2	78	50	100	100	2	11
89	2	78	56	100	100	2	71
89	2	78	59	100	100	2	19
89	2	78	66	100	100	3	0
89	2	78	73	100	100	2	70
89	2	78	76	100	100	2	18
89	2	78	82	100	100	2	78
89	2	78	90	100	100	3	inf
89	2	78	92	100	100	2	66
89	2	79	6	100	100	2	70
89	2	79	9	100	100	2	18
89	2	79	15	100	100	2	78
89	2	79	23	100	100	3	inf
89	2	79	25	100	100	2	66
89	2	79	33	100	100	2	78
89	2	79	39	100	100	2	18
89	2	79	42	100	100	2	70
89	2	79	49	100	100	3	0
89	2	79	56	100	100	2	19
89	2	79	59	100	100	2	71
89	2	79	65	100	100	2	11
89	2	79	73	100	100	2	23
89	2	79	75	100	100	2	23
89	2	79	83	100	100	2	11
89	2	79	89	100	100	2	71
89	2	79	92	100	100	2	19
89	2	79	99	100	100	3	0
89	2	80	6	100	100	2	23
89	2	80	8	100	100	2	23
89	2	80	16	100	100	2	11
89	2	80	22	100	100	2	71
89	2	80	25	100	100	2	19
89	2	80	32	100	100	3	0
89	2	80	39	100	100	2	70
89	2	80	42	100	100	2	18
89	2	80	48	100	100	2	78
89	2	80	56	100	100	3	inf
89	2	80	58	100	100	2	66
89	2	80	66	100	100	2	78
89	2	80	72	100	100	2	18
89	2	80	75	100	100	2	70
89	2	80	82	100	100	3	0
89	2	80	89	100	100	2	19
89	2	80	92	100	100	2	71
89	2	80	98	100	100	2	11
89	2	81	5	100	100	2	18
89	2	81	8	100	100	2	70
89	2	81	15	100	100	3	0
89	2	81	22	100	100	2	19
89	2	81	25	100	100	2	71
89	2	81	31	100	100	2	11
89	2	81	39	100	100	2	23
89	2	81	41	100	100	2	23
89	2	81	49	100	100	2	11
89	2	81	55	100	100	2	71
89	2	81	58	100	100	2	19
89	2	81	65	100	100	3	0
89	2	81	72	100	100	2	70
89	2	81	75	100	100	2	18
89	2	81	81	100	100	2	78
89	2	81	89	100	100	3	inf
89	2	81	91	100	100	2	66
89	2	81	99	100	100	2	78
89	2	82	5	100	100	2	70
89	2	82	8	100	100	2	18
89	2	82	14	100	100	2	78
89	2	82	22	100	100	3	inf
89	2	82	24	100	100	2	66
89	2	82	32	100	100	2	78
89	2	82	38	100	100	2	18
89	2	82	41	100	100	2	70
89	2	82	48	100	100	3	0
89	2	82	55	100	100	2	19
89	2	82	58	100	100	2	71
89	2	82	64	100	100	2	11
89	2	82	72	100	100	2	23
89	2	82	74	100	100	2	23
89	2	82	82	100	100	2	11
89	2	82	88	100	100	2	71
89	2	82	91	100	100	2	19
89	2	82	98	100	100	3	0
89	2	83	5	100	100	2	23
89	2	83	7	100	100	2	23
89	2	83	15	100	100	2	11
89	2	83	21	100	100	2	71
89	2	83	24	100	100	2	19
89	2	83	31	100	100	3	0
89	2	83	38	100	100	2	70
89	2	83	41	100	100	2	18
89	2	83	47	100	100	2	78
89	2	83	55	100	100	3	inf
89	2	83	57	100	100	2	66
89	2	83	65	100	100	2	78
89	2	83	71	100	100	2	18
89	2	83	74	100	100	2	70
89	2	83	81	100	100	3	0
89	2	83	88	100	100	2	19
89	2	83	91	100	100	2	71
89	2	83	97	100	100	2	11
89	2	84	4	100	100	2	18
89	2	84	7	100	100	2	70
89	2	84	14	100	100	3	0
89	2	84	21	100	100	2	19
89	2	84	24	100	100	2	71
89	2	84	30	100	100	2	11
89	2	84	38	100	100	2	23
89	2	84	40	100	100	2	23
89	2	84	48	100	100	2	11
89	2	84	54	100	100	2	71
89	2	84	57	100	100	2	19
89	2	84	64	100	100	3	0
89	2	84	71	100	100	2	70
89	2	84	74	100	100	2	18
89	2	84	80	100	100	2	78
89	2	84	88	100	100	3	inf
89	2	84	90	100	100	2	66
89	2	84	98	100	100	2	78
89	2	85	4	100	100	2	70
89	2	85	7	100	100	2	18
89	2	85	13	100	100	2	78
89	2	85	21	100	100	3	inf
89	2	85	23	100	100	2	66
89	2	85	31	100	100	2	78
89	2	85	37	100	100	2	18
89	2	85	40	100	100	2	70
89	2	85	47	100	100	3	0
89	2	85	54	100	100	2	19
89	2	85	57	100	100	2	71
89	2	85	63	100	100	2	11
89	2	85	71	100	100	2	23
89	2	85	73	100	100	2	23
89	2	85	81	100	100	2	11
89	2	85	87	100	100	2	71
89	2	85	90	100	100	2	19
89	2	85	97	100	100	3	0
89	2	86	4	100	100	2	23
89	2	86	6	100	100	2	23
89	2	86	14	100	100	2	11
89	2	86	20	100	100	2	71
89	2	86	23	100	100	2	19
89	2	86	30	100	100	3	0
89	2	86	37	100	100	2	70
89	2	86	40	100	100	2	18
89	2	86	46	100	100	2	78
89	2	86	54	100	100	3	inf
89	2	86	56	100	100	2	66
89	2	86	64	100	100	2	78
89	2	86	70	100	100	2	18
89	2	86	73	100	100	2	70
89	2	86	80	100	100	3	0
89	2	86	87	100	100	2	19
89	2	86	90	100	100	2	71
89	2	86	96	100	100	2	11
89	2	87	3	100	100	2	18
89	2	87	6	100	100	2	70
89	2	87	13	100	100	3	0
89	2	87	20	100	100	2	19
89	2	87	23	100	100	2	71
89	2	87	29	100	100	2	11
89	2	87	37	100	100	2	23
89	2	87	39	100	100	2	23
89	2	87	47	100	100	2	11
89	2	87	53	100	100	2	71
89	2	87	56	100	100	2	19
89	2	87	63	100	100	3	0
89	2	87	70	100	100	2	70
89	2	87	73	100	100	2	18
89	2	87	79	100	100	2	78
89	2	87	87	100	100	3	inf
89	2	87	89	100	100	2	66
89	2	87	97	100	100	2	78
89	2	88	3	100	100	2	70
89	2	88	6	100	100	2	18
89	2	88	12	100	100	2	78
89	2	88	20	100	100	3	inf
89	2	88	22	100	100	2	66
89	2	88	30	100	100	2	78
89	2	88	36	100	100	2	18
89	2	88	39	100	100	2	70
89	2	88	46	100	100	3	0
89	2	88	53	100	100	2	19
89	2	88	56	100	100	2	71
89	2	88	62	100	100	2	11
89	2	88	70	100	100	2	23
89	2	88	72	100	100	2	23
89	2	88	80	100	100	2	11
89	2	88	86	100	100	2	71
89	2	88	89	100	100	2	19
89	2	88	96	100	100	3	0
89	2	89	3	100	100	2	23
89	2	89	5	100	100	2	23
89	2	89	13	100	100	2	11
89	2	89	19	100	100	2	71
89	2	89	22	100	100	2	19
89	2	89	29	100	100	3	0
89	2	89	36	100	100	2	70
89	2	89	39	100	100	2	18
89	2	89	45	100	100	2	78
89	2	89	53	100	100	3	inf
89	2	89	55	100	100	2	66
89	2	89	63	100	100	2	78
89	2	89	69	100	100	2	18
89	2	89	72	100	100	2	70
89	2	89	79	100	100	3	0
89	2	89	86	100	100	2	19
89	2	89	89	100	100	2	71
89	2	89	95	100	100	2	11
89	2	90	2	100	100	2	18
89	2	90	5	100	100	2	70
89	2	90	12	100	100	3	0
89	2	90	19	100	100	2	19
89	2	90	22	100	100	2	71
89	2	90	28	100	100	2	11
89	2	90	36	100	100	2	23
89	2	90	38	100	100	2	23
89	2	90	46	100	100	2	11
89	2	90	52	100	100	2	71
89	2	90	55	100	100	2	19
89	2	90	62	100	100	3	0
89	2	90	69	100	100	2	70
89	2	90	72	100	100	2	18
89	2	90	78	100	100	2	78
89	2	90	86	100	100	3	inf
89	2	90	88	100	100	2	66
89	2	90	96	100	100	2	78
89	2	91	2	100	100	2	70
89	2	91	5	100	100	2	18
89	2	91	11	100	100	2	78
89	2	91	19	100	100	3	inf
89	2	91	21	100	100	2	66
89	2	91	29	100	100	2	78
89	2	91	35	100	100	2	18
89	2	91	38	100	100	2	70
89	2	91	45	100	100	3	0
89	2	91	52	100	100	2	19
89	2	91	55	100	100	2	71
89	2	91	61	100	100	2	11
89	2	91	69	100	100	2	23
89	2	91	71	100	100	2	23
89	2	91	79	100	100	2	11
89	2	91	85	100	100	2	71
89	2	91	88	100	100	2	19
89	2	91	95	100	100	3	0
89	2	92	2	100	100	2	23
89	2	92	4	100	100	2	23
89	2	92	12	100	100	2	11
89	2	92	18	100	100	2	71
89	2	92	21	100	100	2	19
89	2	92	28	100	100	3	0
89	2	92	35	100	100	2	70
89	2	92	38	100	100	2	18
89	2	92	44	100	100	2	78
89	2	92	52	100	100	3	inf
89	2	92	54	100	100	2	66
89	2	92	62	100	100	2	78
89	2	92	68	100	100	2	18
89	2	92	71	100	100	2	70
89	2	92	78	100	100	3	0
89	2	92	85	100	100	2	19
89	2	92	88	100	100	2	71
89	2	92	94	100	100	2	11
89	2	93	1	100	100	2	18
89	2	93	4	100	100	2	70
89	2	93	11	100	100	3	0
89	2	93	18	100	100	2	19
89	2	93	21	100	100	2	71
89	2	93	27	100	100	2	11
89	2	93	35	100	100	2	23
89	2	93	37	100	100	2	23
89	2	93	45	100	100	2	11
89	2	93	51	100	100	2	71
89	2	93	54	100	100	2	19
89	2	93	61	100	100	3	0
89	2	93	68	100	100	2	70
89	2	93	71	100	100	2	18
89	2	93	77	100	100	2	78
89	2	93	85	100	100	3	inf
89	2	93	87	100	100	2	66
89	2	93	95	100	100	2	78
89	2	94	1	100	100	2	70
89	2	94	4	100	100	2	18
89	2	94	10	100	100	2	78
89	2	94	18	100	100	3	inf
89	2	94	20	100	100	2	66
89	2	94	28	100	100	2	78
89	2	94	34	100	100	2	18
89	2	94	37	100	100	2	70
89	2	94	44	100	100	3	0
89	2	94	51	100	100	2	19
89	2	94	54	100	100	2	71
89	2	94	60	100	100	2	11
89	2	94	68	100	100	2	23
89	2	94	70	100	100	2	23
89	2	94	78	100	100	2	11
89	2	94	84	100	100	2	71
89	2	94	87	100	100	2	19
89	2	94	94	100	100	3	0
89	2	95	1	100	100	2	23
89	2	95	3	100	100	2	23
89	2	95	11	100	100	2	11
89	2	95	17	100	100	2	71
89	2	95	20	100	100	2	19
89	2	95	27	100	100	3	0
89	2	95	34	100	100	2	70
89	2	95	37	100	100	2	18
89	2	95	43	100	100	2	78
89	2	95	51	100	100	3	inf
89	2	95	53	100	100	2	66
89	2	95	61	100	100	2	78
89	2	95	67	100	100	2	18
89	2	95	70	100	100	2	70
89	2	95	77	100	100	3	0
89	2	95	84	100	100	2	19
89	2	95	87	100	100	2	71
89	2	95	93	100	100	2	11
89	2	96	0	100	100	2	18
89	2	96	3	100	100	2	70
89	2	96	10	100	100	3	0
89	2	96	17	100	100	2	19
89	2	96	20	100	100	2	71
89	2	96	26	100	100	2	11
89	2	96	34	100	100	2	23
89	2	96	36	100	100	2	23
89	2	96	44	100	100	2	11
89	2	96	50	100	100	2	71
89	2	96	53	100	100	2	19
89	2	96	60	100	100	3	0
89	2	96	67	100	100	2	70
89	2	96	70	100	100	2	18
89	2	96	76	100	100	2	78
89	2	96	84	100	100	3	inf
89	2	96	86	100	100	2	66
89	2	96	94	100	100	2	78
89	2	97	0	100	100	2	70
89	2	97	3	100	100	2	18
89	2	97	9	100	100	2	78
89	2	97	17	100	100	3	inf
89	2	97	19	100	100	2	66
89	2	97	27	100	100	2	78
89	2	97	33	100	100	2	18
89	2	97	36	100	100	2	70
89	2	97	43	100	100	3	0
89	2	97	50	100	100	2	19
89	2	97	53	100	100	2	71
89	2	97	59	100	100	2	11
89	2	97	67	100	100	2	23
89	2	97	69	100	100	2	23
89	2	97	77	100	100	2	11
89	2	97	83	100	100	2	71
89	2	97	86	100	100	2	19
89	2	97	93	100	100	3	0
89	2	98	0	100	100	2	23
89	2	98	2	100	100	2	23
89	2	98	10	100	100	2	11
89	2	98	16	100	100	2	71
89	2	98	19	100	100	2	19
89	2	98	26	100	100	3	0
89	2	98	33	100	100	2	70
89	2	98	36	100	100	2	18
89	2	98	42	100	100	2	78
89	2	98	50	100	100	3	inf
89	2	98	52	100	100	2	66
89	2	98	60	100	100	2	78
89	2	98	66	100	100	2	18
89	2	98	69	100	100	2	70
89	2	98	76	100	100	3	0
89	2	98	83	100	100	2	19
89	2	98	86	100	100	2	71
89	2	98	92	100	100	2	11
89	2	99	2	100	100	2	70
89	2	99	9	100	100	3	0
89	2	99	16	100	100	2	19
89	2	99	19	100	100	2	71
89	2	99	25	100	100	2	11
89	2	99	33	100	100	2	23
89	2	99	35	100	100	2	23
89	2	99	43	100	100	2	11
89	2	99	49	100	100	2	71
89	2	99	52	100	100	2	19
89	2	99	59	100	100	3	0
89	2	99	66	100	100	2	70
89	2	99	69	100	100	2	18
89	2	99	75	100	100	2	78
89	2	99	83	100	100	3	inf
89	2	99	85	100	100	2	66
89	2	99	93	100	100	2	78
89	2	99	99	100	100	2	18
97	1	0	0	7	14	2	1
97	1	0	2	7	14	2	68
97	1	0	3	7	14	2	93
97	1	0	4	7	14	2	93
97	1	0	5	7	14	2	68
97	1	0	7	7	14	3	inf
97	1	0	8	7	14	3	53
97	1	0	13	7	14	3	53
97	1	1	0	7	14	3	53
97	1	1	5	7	14	3	53
97	1	1	6	7	14	2	1
97	1	1	8	7	14	2	68
97	1	1	9	7	14	2	93
97	1	1	10	7	14	2	93
97	1	1	11	7	14	2	68
97	1	1	13	7	14	3	inf
97	1	2	0	7	14	2	68
97	1	2	1	7	14	2	93
97	1	2	2	7	14	2	93
97	1	2	3	7	14	2	68
97	1	2	5	7	14	3	inf
97	1	2	6	7	14	3	53
97	1	2	11	7	14	3	53
97	1	2	12	7	14	2	1
97	1	3	3	7	14	3	53
97	1	3	4	7	14	2	1
97	1	3	6	7	14	2	68
97	1	3	7	7	14	2	93
97	1	3	8	7	14	2	93
97	1	3	9	7	14	2	68
97	1	3	11	7	14	3	inf
97	1	3	12	7	14	3	53
97	1	4	0	7	14	2	93
97	1	4	1	7	14	2	68
97	1	4	3	7	14	3	inf
97	1	4	4	7	14	3	53
97	1	4	9	7	14	3	53
97	1	4	10	7	14	2	1
97	1	4	12	7	14	2	68
97	1	4	13	7	14	2	93
97	1	5	1	7	14	3	53
97	1	5	2	7	14	2	1
97	1	5	4	7	14	2	68
97	1	5	5	7	14	2	93
97	1	5	6	7	14	2	93
97	1	5	7	7	14	2	68
97	1	5	9	7	14	3	inf
97	1	5	10	7	14	3	53
97	1	6	1	7	14	3	inf
97	1	6	2	7	14	3	53
97	1	6	7	7	14	3	53
97	1	6	8	7	14	2	1
97	1	6	10	7	14	2	68
97	1	6	11	7	14	2	93
97	1	6	12	7	14	2	93
97	1	6	13	7	14	2	68
97	2	0	0	7	14	2	96
97	2	0	2	7	14	2	29
97	2	0	3	7	14	2	4
97	2	0	4	7	14	2	4
97	2	0	5	7	14	2	29
97	2	0	7	7	14	2	96
97	2	0	8	7	14	3	44
97	2	0	13	7	14	3	44
97	2	1	0	7	14	3	44
97	2	1	5	7	14	3	44
97	2	1	6	7	14	2	96
97	2	1	8	7	14	2	29
97	2	1	9	7	14	2	4
97	2	1	10	7	14	2	4
97	2	1	11	7	14	2	29
97	2	1	13	7	14	2	96
97	2	2	0	7	14	2	29
97	2	2	1	7	14	2	4
97	2	2	2	7	14	2	4
97	2	2	3	7	14	2	29
97	2	2	5	7	14	2	96
97	2	2	6	7	14	3	44
97	2	2	11	7	14	3	44
97	2	2	12	7	14	2	96
97	2	3	3	7	14	3	44
97	2	3	4	7	14	2	96
97	2	3	6	7	14	2	29
97	2	3	7	7	14	2	4
97	2	3	8	7	14	2	4
97	2	3	9	7	14	2	29
97	2	3	11	7	14	2	96
97	2	3	12	7	14	3	44
97	2	4	0	7	14	2	4
97	2	4	1	7	14	2	29
97	2	4	3	7	14	2	96
97	2	4	4	7	14	3	44
97	2	4	9	7	14	3	44
97	2	4	10	7	14	2	96
97	2	4	12	7	14	2	29
97	2	4	13	7	14	2	4
97	2	5	1	7	14	3	44
97	2	5	2	7	14	2	96
97	2	5	4	7	14	2	29
97	2	5	5	7	14	2	4
97	2	5	6	7	14	2	4
97	2	5	7	7	14	2	29
97	2	5	9	7	14	2	96
97	2	5	10	7	14	3	44
97	2	6	1	7	14	2	96
97	2	6	2	7	14	3	44
97	2	6	7	7	14	3	44
97	2	6	8	7	14	2	96
97	2	6	10	7	14	2	29
97	2	6	11	7	14	2	4
97	2	6	12	7	14	2	4
97	2	6	13	7	14	2	29
