prime	torsion_coset	m	n	ord_g1	ord_g2	state	t
11	1	0	1	16	16	3	5
11	1	0	5	16	16	3	5
11	1	0	7	16	16	3	inf
11	1	0	9	16	16	3	6
11	1	0	10	16	16	3	inf
11	1	0	13	16	16	3	6
11	1	0	15	16	16	3	inf
11	1	1	0	16	16	3	6
11	1	1	2	16	16	3	inf
11	1	1	4	16	16	3	5
11	1	1	8	16	16	3	5
11	1	1	10	16	16	3	inf
11	1	1	12	16	16	3	6
11	1	1	13	16	16	3	inf
11	1	2	0	16	16	3	inf
11	1	2	3	16	16	3	6
11	1	2	5	16	16	3	inf
11	1	2	7	16	16	3	5
11	1	2	11	16	16	3	5
11	1	2	13	16	16	3	inf
11	1	2	15	16	16	3	6
11	1	3	0	16	16	3	inf
11	1	3	2	16	16	3	6
11	1	3	3	16	16	3	inf
11	1	3	6	16	16	3	6
11	1	3	8	16	16	3	inf
11	1	3	10	16	16	3	5
11	1	3	14	16	16	3	5
11	1	4	1	16	16	3	5
11	1	4	3	16	16	3	inf
11	1	4	5	16	16	3	6
11	1	4	6	16	16	3	inf
11	1	4	9	16	16	3	6
11	1	4	11	16	16	3	inf
11	1	4	13	16	16	3	5
11	1	5	0	16	16	3	5
11	1	5	4	16	16	3	5
11	1	5	6	16	16	3	inf
11	1	5	8	16	16	3	6
11	1	5	9	16	16	3	inf
11	1	5	12	16	16	3	6
11	1	5	14	16	16	3	inf
11	1	6	1	16	16	3	inf
11	1	6	3	16	16	3	5
11	1	6	7	16	16	3	5
11	1	6	9	16	16	3	inf
11	1	6	11	16	16	3	6
11	1	6	12	16	16	3	inf
11	1	6	15	16	16	3	6
11	1	7	2	16	16	3	6
11	1	7	4	16	16	3	inf
11	1	7	6	16	16	3	5
11	1	7	10	16	16	3	5
11	1	7	12	16	16	3	inf
11	1	7	14	16	16	3	6
11	1	7	15	16	16	3	inf
11	1	8	1	16	16	3	6
11	1	8	2	16	16	3	inf
11	1	8	5	16	16	3	6
11	1	8	7	16	16	3	inf
11	1	8	9	16	16	3	5
11	1	8	13	16	16	3	5
11	1	8	15	16	16	3	inf
11	1	9	0	16	16	3	5
11	1	9	2	16	16	3	inf
11	1	9	4	16	16	3	6
11	1	9	5	16	16	3	inf
11	1	9	8	16	16	3	6
11	1	9	10	16	16	3	inf
11	1	9	12	16	16	3	5
11	1	10	3	16	16	3	5
11	1	10	5	16	16	3	inf
11	1	10	7	16	16	3	6
11	1	10	8	16	16	3	inf
11	1	10	11	16	16	3	6
11	1	10	13	16	16	3	inf
11	1	10	15	16	16	3	5
11	1	11	0	16	16	3	inf
11	1	11	2	16	16	3	5
11	1	11	6	16	16	3	5
11	1	11	8	16	16	3	inf
11	1	11	10	16	16	3	6
11	1	11	11	16	16	3	inf
11	1	11	14	16	16	3	6
11	1	12	1	16	16	3	6
11	1	12	3	16	16	3	inf
11	1	12	5	16	16	3	5
11	1	12	9	16	16	3	5
11	1	12	11	16	16	3	inf
11	1	12	13	16	16	3	6
11	1	12	14	16	16	3	inf
11	1	13	0	16	16	3	6
11	1	13	1	16	16	3	inf
11	1	13	4	16	16	3	6
11	1	13	6	16	16	3	inf
11	1	13	8	16	16	3	5
11	1	13	12	16	16	3	5
11	1	13	14	16	16	3	inf
11	1	14	1	16	16	3	inf
11	1	14	3	16	16	3	6
11	1	14	4	16	16	3	inf
11	1	14	7	16	16	3	6
11	1	14	9	16	16	3	inf
11	1	14	11	16	16	3	5
11	1	14	15	16	16	3	5
11	1	15	2	16	16	3	5
11	1	15	4	16	16	3	inf
11	1	15	6	16	16	3	6
11	1	15	7	16	16	3	inf
11	1	15	10	16	16	3	6
11	1	15	12	16	16	3	inf
11	1	15	14	16	16	3	5
11	2	0	1	16	16	3	6
11	2	0	2	16	16	3	inf
11	2	0	5	16	16	3	6
11	2	0	7	16	16	3	inf
11	2	0	9	16	16	3	5
11	2	0	13	16	16	3	5
11	2	0	15	16	16	3	inf
11	2	1	0	16	16	3	5
11	2	1	2	16	16	3	inf
11	2	1	4	16	16	3	6
11	2	1	5	16	16	3	inf
11	2	1	8	16	16	3	6
11	2	1	10	16	16	3	inf
11	2	1	12	16	16	3	5
11	2	2	3	16	16	3	5
11	2	2	5	16	16	3	inf
11	2	2	7	16	16	3	6
11	2	2	8	16	16	3	inf
11	2	2	11	16	16	3	6
11	2	2	13	16	16	3	inf
11	2	2	15	16	16	3	5
11	2	3	0	16	16	3	inf
11	2	3	2	16	16	3	5
11	2	3	6	16	16	3	5
11	2	3	8	16	16	3	inf
11	2	3	10	16	16	3	6
11	2	3	11	16	16	3	inf
11	2	3	14	16	16	3	6
11	2	4	1	16	16	3	6
11	2	4	3	16	16	3	inf
11	2	4	5	16	16	3	5
11	2	4	9	16	16	3	5
11	2	4	11	16	16	3	inf
11	2	4	13	16	16	3	6
11	2	4	14	16	16	3	inf
11	2	5	0	16	16	3	6
11	2	5	1	16	16	3	inf
11	2	5	4	16	16	3	6
11	2	5	6	16	16	3	inf
11	2	5	8	16	16	3	5
11	2	5	12	16	16	3	5
11	2	5	14	16	16	3	inf
11	2	6	1	16	16	3	inf
11	2	6	3	16	16	3	6
11	2	6	4	16	16	3	inf
11	2	6	7	16	16	3	6
11	2	6	9	16	16	3	inf
11	2	6	11	16	16	3	5
11	2	6	15	16	16	3	5
11	2	7	2	16	16	3	5
11	2	7	4	16	16	3	inf
11	2	7	6	16	16	3	6
11	2	7	7	16	16	3	inf
11	2	7	10	16	16	3	6
11	2	7	12	16	16	3	inf
11	2	7	14	16	16	3	5
11	2	8	1	16	16	3	5
11	2	8	5	16	16	3	5
11	2	8	7	16	16	3	inf
11	2	8	9	16	16	3	6
11	2	8	10	16	16	3	inf
11	2	8	13	16	16	3	6
11	2	8	15	16	16	3	inf
11	2	9	0	16	16	3	6
11	2	9	2	16	16	3	inf
11	2	9	4	16	16	3	5
11	2	9	8	16	16	3	5
11	2	9	10	16	16	3	inf
11	2	9	12	16	16	3	6
11	2	9	13	16	16	3	inf
11	2	10	0	16	16	3	inf
11	2	10	3	16	16	3	6
11	2	10	5	16	16	3	inf
11	2	10	7	16	16	3	5
11	2	10	11	16	16	3	5
11	2	10	13	16	16	3	inf
11	2	10	15	16	16	3	6
11	2	11	0	16	16	3	inf
11	2	11	2	16	16	3	6
11	2	11	3	16	16	3	inf
11	2	11	6	16	16	3	6
11	2	11	8	16	16	3	inf
11	2	11	10	16	16	3	5
11	2	11	14	16	16	3	5
11	2	12	1	16	16	3	5
11	2	12	3	16	16	3	inf
11	2	12	5	16	16	3	6
11	2	12	6	16	16	3	inf
11	2	12	9	16	16	3	6
11	2	12	11	16	16	3	inf
11	2	12	13	16	16	3	5
11	2	13	0	16	16	3	5
11	2	13	4	16	16	3	5
11	2	13	6	16	16	3	inf
11	2	13	8	16	16	3	6
11	2	13	9	16	16	3	inf
11	2	13	12	16	16	3	6
11	2	13	14	16	16	3	inf
11	2	14	1	16	16	3	inf
11	2	14	3	16	16	3	5
11	2	14	7	16	16	3	5
11	2	14	9	16	16	3	inf
11	2	14	11	16	16	3	6
11	2	14	12	16	16	3	inf
11	2	14	15	16	16	3	6
11	2	15	2	16	16	3	6
11	2	15	4	16	16	3	inf
11	2	15	6	16	16	3	5
11	2	15	10	16	16	3	5
11	2	15	12	16	16	3	inf
11	2	15	14	16	16	3	6
11	2	15	15	16	16	3	inf
13	1	0	1	16	8	3	7
13	1	0	3	16	8	3	inf
13	1	0	5	16	8	3	6
13	1	0	6	16	8	3	inf
13	1	0	7	16	8	3	inf
13	1	2	0	16	8	3	7
13	1	2	2	16	8	3	inf
13	1	2	4	16	8	3	6
13	1	2	5	16	8	3	inf
13	1	2	6	16	8	3	inf
13	1	4	1	16	8	3	inf
13	1	4	3	16	8	3	6
13	1	4	4	16	8	3	inf
13	1	4	5	16	8	3	inf
13	1	4	7	16	8	3	7
13	1	6	0	16	8	3	inf
13	1	6	2	16	8	3	6
13	1	6	3	16	8	3	inf
13	1	6	4	16	8	3	inf
13	1	6	6	16	8	3	7
13	1	8	1	16	8	3	6
13	1	8	2	16	8	3	inf
13	1	8	3	16	8	3	inf
13	1	8	5	16	8	3	7
13	1	8	7	16	8	3	inf
13	1	10	0	16	8	3	6
13	1	10	1	16	8	3	inf
13	1	10	2	16	8	3	inf
13	1	10	4	16	8	3	7
13	1	10	6	16	8	3	inf
13	1	12	0	16	8	3	inf
13	1	12	1	16	8	3	inf
13	1	12	3	16	8	3	7
13	1	12	5	16	8	3	inf
13	1	12	7	16	8	3	6
13	1	14	0	16	8	3	inf
13	1	14	2	16	8	3	7
13	1	14	4	16	8	3	inf
13	1	14	6	16	8	3	6
13	1	14	7	16	8	3	inf
13	2	0	1	16	8	3	6
13	2	0	2	16	8	3	inf
13	2	0	3	16	8	3	inf
13	2	0	5	16	8	3	7
13	2	0	7	16	8	3	inf
13	2	2	0	16	8	3	6
13	2	2	1	16	8	3	inf
13	2	2	2	16	8	3	inf
13	2	2	4	16	8	3	7
13	2	2	6	16	8	3	inf
13	2	4	0	16	8	3	inf
13	2	4	1	16	8	3	inf
13	2	4	3	16	8	3	7
13	2	4	5	16	8	3	inf
13	2	4	7	16	8	3	6
13	2	6	0	16	8	3	inf
13	2	6	2	16	8	3	7
13	2	6	4	16	8	3	inf
13	2	6	6	16	8	3	6
13	2	6	7	16	8	3	inf
13	2	8	1	16	8	3	7
13	2	8	3	16	8	3	inf
13	2	8	5	16	8	3	6
13	2	8	6	16	8	3	inf
13	2	8	7	16	8	3	inf
13	2	10	0	16	8	3	7
13	2	10	2	16	8	3	inf
13	2	10	4	16	8	3	6
13	2	10	5	16	8	3	inf
13	2	10	6	16	8	3	inf
13	2	12	1	16	8	3	inf
13	2	12	3	16	8	3	6
13	2	12	4	16	8	3	inf
13	2	12	5	16	8	3	inf
13	2	12	7	16	8	3	7
13	2	14	0	16	8	3	inf
13	2	14	2	16	8	3	6
13	2	14	3	16	8	3	inf
13	2	14	4	16	8	3	inf
13	2	14	6	16	8	3	7
17	1	0	3	12	8	3	inf
17	1	0	6	12	8	3	inf
17	1	0	7	12	8	3	inf
17	1	3	0	12	8	3	inf
17	1	3	1	12	8	3	inf
17	1	3	5	12	8	3	inf
17	1	6	2	12	8	3	inf
17	1	6	3	12	8	3	inf
17	1	6	7	12	8	3	inf
17	1	9	1	12	8	3	inf
17	1	9	4	12	8	3	inf
17	1	9	5	12	8	3	inf
17	2	0	2	12	8	3	inf
17	2	0	3	12	8	3	inf
17	2	0	7	12	8	3	inf
17	2	3	1	12	8	3	inf
17	2	3	4	12	8	3	inf
17	2	3	5	12	8	3	inf
17	2	6	3	12	8	3	inf
17	2	6	6	12	8	3	inf
17	2	6	7	12	8	3	inf
17	2	9	0	12	8	3	inf
17	2	9	1	12	8	3	inf
17	2	9	5	12	8	3	inf
19	1	0	0	6	12	3	1
19	1	0	1	6	12	2	4
19	1	0	4	6	12	3	11
19	1	0	5	6	12	3	0
19	1	0	6	6	12	3	8
19	1	0	9	6	12	2	15
19	1	0	10	6	12	3	18
19	1	0	11	6	12	3	inf
19	1	1	2	6	12	3	11
19	1	1	3	6	12	3	0
19	1	1	4	6	12	3	8
19	1	1	7	6	12	2	15
19	1	1	8	6	12	3	18
19	1	1	9	6	12	3	inf
19	1	1	10	6	12	3	1
19	1	1	11	6	12	2	4
19	1	2	0	6	12	3	11
19	1	2	1	6	12	3	0
19	1	2	2	6	12	3	8
19	1	2	5	6	12	2	15
19	1	2	6	6	12	3	18
19	1	2	7	6	12	3	inf
19	1	2	8	6	12	3	1
19	1	2	9	6	12	2	4
19	1	3	0	6	12	3	8
19	1	3	3	6	12	2	15
19	1	3	4	6	12	3	18
19	1	3	5	6	12	3	inf
19	1	3	6	6	12	3	1
19	1	3	7	6	12	2	4
19	1	3	10	6	12	3	11
19	1	3	11	6	12	3	0
19	1	4	1	6	12	2	15
19	1	4	2	6	12	3	18
19	1	4	3	6	12	3	inf
19	1	4	4	6	12	3	1
19	1	4	5	6	12	2	4
19	1	4	8	6	12	3	11
19	1	4	9	6	12	3	0
19	1	4	10	6	12	3	8
19	1	5	0	6	12	3	18
19	1	5	1	6	12	3	inf
19	1	5	2	6	12	3	1
19	1	5	3	6	12	2	4
19	1	5	6	6	12	3	11
19	1	5	7	6	12	3	0
19	1	5	8	6	12	3	8
19	1	5	11	6	12	2	15
19	2	0	0	6	12	3	18
19	2	0	1	6	12	2	15
19	2	0	2	6	12	3	inf
19	2	0	4	6	12	3	8
19	2	0	5	6	12	3	0
19	2	0	6	6	12	3	11
19	2	0	9	6	12	2	4
19	2	0	10	6	12	3	1
19	2	0	11	6	12	3	inf
19	2	1	0	6	12	3	inf
19	2	1	2	6	12	3	8
19	2	1	3	6	12	3	0
19	2	1	4	6	12	3	11
19	2	1	7	6	12	2	4
19	2	1	8	6	12	3	1
19	2	1	9	6	12	3	inf
19	2	1	10	6	12	3	18
19	2	1	11	6	12	2	15
19	2	2	0	6	12	3	8
19	2	2	1	6	12	3	0
19	2	2	2	6	12	3	11
19	2	2	5	6	12	2	4
19	2	2	6	6	12	3	1
19	2	2	7	6	12	3	inf
19	2	2	8	6	12	3	18
19	2	2	9	6	12	2	15
19	2	2	10	6	12	3	inf
19	2	3	0	6	12	3	11
19	2	3	3	6	12	2	4
19	2	3	4	6	12	3	1
19	2	3	5	6	12	3	inf
19	2	3	6	6	12	3	18
19	2	3	7	6	12	2	15
19	2	3	8	6	12	3	inf
19	2	3	10	6	12	3	8
19	2	3	11	6	12	3	0
19	2	4	1	6	12	2	4
19	2	4	2	6	12	3	1
19	2	4	3	6	12	3	inf
19	2	4	4	6	12	3	18
19	2	4	5	6	12	2	15
19	2	4	6	6	12	3	inf
19	2	4	8	6	12	3	8
19	2	4	9	6	12	3	0
19	2	4	10	6	12	3	11
19	2	5	0	6	12	3	1
19	2	5	1	6	12	3	inf
19	2	5	2	6	12	3	18
19	2	5	3	6	12	2	15
19	2	5	4	6	12	3	inf
19	2	5	6	6	12	3	8
19	2	5	7	6	12	3	0
19	2	5	8	6	12	3	11
19	2	5	11	6	12	2	4
23	1	0	1	3	4	3	0
23	1	0	3	3	4	3	inf
23	1	1	1	3	4	3	9
23	1	2	1	3	4	3	14
23	2	0	1	3	4	3	0
23	2	0	2	3	4	3	inf
23	2	0	3	3	4	3	inf
23	2	1	1	3	4	3	14
23	2	2	1	3	4	3	9
29	1	0	0	14	14	2	1
29	1	0	4	14	14	3	8
29	1	0	5	14	14	2	15
29	1	0	6	14	14	3	0
29	1	0	7	14	14	2	14
29	1	0	8	14	14	3	21
29	1	0	12	14	14	2	28
29	1	0	13	14	14	3	inf
29	1	1	3	14	14	2	28
29	1	1	4	14	14	3	inf
29	1	1	5	14	14	2	1
29	1	1	9	14	14	3	8
29	1	1	10	14	14	2	15
29	1	1	11	14	14	3	0
29	1	1	12	14	14	2	14
29	1	1	13	14	14	3	21
29	1	2	0	14	14	3	8
29	1	2	1	14	14	2	15
29	1	2	2	14	14	3	0
29	1	2	3	14	14	2	14
29	1	2	4	14	14	3	21
29	1	2	8	14	14	2	28
29	1	2	9	14	14	3	inf
29	1	2	10	14	14	2	1
29	1	3	0	14	14	3	inf
29	1	3	1	14	14	2	1
29	1	3	5	14	14	3	8
29	1	3	6	14	14	2	15
29	1	3	7	14	14	3	0
29	1	3	8	14	14	2	14
29	1	3	9	14	14	3	21
29	1	3	13	14	14	2	28
29	1	4	0	14	14	3	21
29	1	4	4	14	14	2	28
29	1	4	5	14	14	3	inf
29	1	4	6	14	14	2	1
29	1	4	10	14	14	3	8
29	1	4	11	14	14	2	15
29	1	4	12	14	14	3	0
29	1	4	13	14	14	2	14
29	1	5	1	14	14	3	8
29	1	5	2	14	14	2	15
29	1	5	3	14	14	3	0
29	1	5	4	14	14	2	14
29	1	5	5	14	14	3	21
29	1	5	9	14	14	2	28
29	1	5	10	14	14	3	inf
29	1	5	11	14	14	2	1
29	1	6	0	14	14	2	28
29	1	6	1	14	14	3	inf
29	1	6	2	14	14	2	1
29	1	6	6	14	14	3	8
29	1	6	7	14	14	2	15
29	1	6	8	14	14	3	0
29	1	6	9	14	14	2	14
29	1	6	10	14	14	3	21
29	1	7	0	14	14	2	14
29	1	7	1	14	14	3	21
29	1	7	5	14	14	2	28
29	1	7	6	14	14	3	inf
29	1	7	7	14	14	2	1
29	1	7	11	14	14	3	8
29	1	7	12	14	14	2	15
29	1	7	13	14	14	3	0
29	1	8	2	14	14	3	8
29	1	8	3	14	14	2	15
29	1	8	4	14	14	3	0
29	1	8	5	14	14	2	14
29	1	8	6	14	14	3	21
29	1	8	10	14	14	2	28
29	1	8	11	14	14	3	inf
29	1	8	12	14	14	2	1
29	1	9	1	14	14	2	28
29	1	9	2	14	14	3	inf
29	1	9	3	14	14	2	1
29	1	9	7	14	14	3	8
29	1	9	8	14	14	2	15
29	1	9	9	14	14	3	0
29	1	9	10	14	14	2	14
29	1	9	11	14	14	3	21
29	1	10	0	14	14	3	0
29	1	10	1	14	14	2	14
29	1	10	2	14	14	3	21
29	1	10	6	14	14	2	28
29	1	10	7	14	14	3	inf
29	1	10	8	14	14	2	1
29	1	10	12	14	14	3	8
29	1	10	13	14	14	2	15
29	1	11	3	14	14	3	8
29	1	11	4	14	14	2	15
29	1	11	5	14	14	3	0
29	1	11	6	14	14	2	14
29	1	11	7	14	14	3	21
29	1	11	11	14	14	2	28
29	1	11	12	14	14	3	inf
29	1	11	13	14	14	2	1
29	1	12	2	14	14	2	28
29	1	12	3	14	14	3	inf
29	1	12	4	14	14	2	1
29	1	12	8	14	14	3	8
29	1	12	9	14	14	2	15
29	1	12	10	14	14	3	0
29	1	12	11	14	14	2	14
29	1	12	12	14	14	3	21
29	1	13	0	14	14	2	15
29	1	13	1	14	14	3	0
29	1	13	2	14	14	2	14
29	1	13	3	14	14	3	21
29	1	13	7	14	14	2	28
29	1	13	8	14	14	3	inf
29	1	13	9	14	14	2	1
29	1	13	13	14	14	3	8
29	2	0	0	14	14	2	28
29	2	0	2	14	14	3	inf
29	2	0	4	14	14	3	21
29	2	0	5	14	14	2	14
29	2	0	6	14	14	3	0
29	2	0	7	14	14	2	15
29	2	0	8	14	14	3	8
29	2	0	12	14	14	2	1
29	2	0	13	14	14	3	inf
29	2	1	3	14	14	2	1
29	2	1	4	14	14	3	inf
29	2	1	5	14	14	2	28
29	2	1	7	14	14	3	inf
29	2	1	9	14	14	3	21
29	2	1	10	14	14	2	14
29	2	1	11	14	14	3	0
29	2	1	12	14	14	2	15
29	2	1	13	14	14	3	8
29	2	2	0	14	14	3	21
29	2	2	1	14	14	2	14
29	2	2	2	14	14	3	0
29	2	2	3	14	14	2	15
29	2	2	4	14	14	3	8
29	2	2	8	14	14	2	1
29	2	2	9	14	14	3	inf
29	2	2	10	14	14	2	28
29	2	2	12	14	14	3	inf
29	2	3	0	14	14	3	inf
29	2	3	1	14	14	2	28
29	2	3	3	14	14	3	inf
29	2	3	5	14	14	3	21
29	2	3	6	14	14	2	14
29	2	3	7	14	14	3	0
29	2	3	8	14	14	2	15
29	2	3	9	14	14	3	8
29	2	3	13	14	14	2	1
29	2	4	0	14	14	3	8
29	2	4	4	14	14	2	1
29	2	4	5	14	14	3	inf
29	2	4	6	14	14	2	28
29	2	4	8	14	14	3	inf
29	2	4	10	14	14	3	21
29	2	4	11	14	14	2	14
29	2	4	12	14	14	3	0
29	2	4	13	14	14	2	15
29	2	5	1	14	14	3	21
29	2	5	2	14	14	2	14
29	2	5	3	14	14	3	0
29	2	5	4	14	14	2	15
29	2	5	5	14	14	3	8
29	2	5	9	14	14	2	1
29	2	5	10	14	14	3	inf
29	2	5	11	14	14	2	28
29	2	5	13	14	14	3	inf
29	2	6	0	14	14	2	1
29	2	6	1	14	14	3	inf
29	2	6	2	14	14	2	28
29	2	6	4	14	14	3	inf
29	2	6	6	14	14	3	21
29	2	6	7	14	14	2	14
29	2	6	8	14	14	3	0
29	2	6	9	14	14	2	15
29	2	6	10	14	14	3	8
29	2	7	0	14	14	2	15
29	2	7	1	14	14	3	8
29	2	7	5	14	14	2	1
29	2	7	6	14	14	3	inf
29	2	7	7	14	14	2	28
29	2	7	9	14	14	3	inf
29	2	7	11	14	14	3	21
29	2	7	12	14	14	2	14
29	2	7	13	14	14	3	0
29	2	8	0	14	14	3	inf
29	2	8	2	14	14	3	21
29	2	8	3	14	14	2	14
29	2	8	4	14	14	3	0
29	2	8	5	14	14	2	15
29	2	8	6	14	14	3	8
29	2	8	10	14	14	2	1
29	2	8	11	14	14	3	inf
29	2	8	12	14	14	2	28
29	2	9	1	14	14	2	1
29	2	9	2	14	14	3	inf
29	2	9	3	14	14	2	28
29	2	9	5	14	14	3	inf
29	2	9	7	14	14	3	21
29	2	9	8	14	14	2	14
29	2	9	9	14	14	3	0
29	2	9	10	14	14	2	15
29	2	9	11	14	14	3	8
29	2	10	0	14	14	3	0
29	2	10	1	14	14	2	15
29	2	10	2	14	14	3	8
29	2	10	6	14	14	2	1
29	2	10	7	14	14	3	inf
29	2	10	8	14	14	2	28
29	2	10	10	14	14	3	inf
29	2	10	12	14	14	3	21
29	2	10	13	14	14	2	14
29	2	11	1	14	14	3	inf
29	2	11	3	14	14	3	21
29	2	11	4	14	14	2	14
29	2	11	5	14	14	3	0
29	2	11	6	14	14	2	15
29	2	11	7	14	14	3	8
29	2	11	11	14	14	2	1
29	2	11	12	14	14	3	inf
29	2	11	13	14	14	2	28
29	2	12	2	14	14	2	1
29	2	12	3	14	14	3	inf
29	2	12	4	14	14	2	28
29	2	12	6	14	14	3	inf
29	2	12	8	14	14	3	21
29	2	12	9	14	14	2	14
29	2	12	10	14	14	3	0
29	2	12	11	14	14	2	15
29	2	12	12	14	14	3	8
29	2	13	0	14	14	2	14
29	2	13	1	14	14	3	0
29	2	13	2	14	14	2	15
29	2	13	3	14	14	3	8
29	2	13	7	14	14	2	1
29	2	13	8	14	14	3	inf
29	2	13	9	14	14	2	28
29	2	13	11	14	14	3	inf
29	2	13	13	14	14	3	21
31	1	0	0	18	18	3	1
31	1	0	1	18	18	3	12
31	1	0	2	18	18	3	18
31	1	0	3	18	18	3	7
31	1	0	4	18	18	3	7
31	1	0	5	18	18	3	18
31	1	0	6	18	18	3	12
31	1	0	7	18	18	3	1
31	1	0	8	18	18	3	inf
31	1	0	9	18	18	3	30
31	1	0	10	18	18	3	19
31	1	0	11	18	18	3	inf
31	1	0	12	18	18	3	24
31	1	0	13	18	18	3	24
31	1	0	14	18	18	3	13
31	1	0	15	18	18	3	19
31	1	0	16	18	18	3	30
31	1	0	17	18	18	3	inf
31	1	1	0	18	18	3	18
31	1	1	1	18	18	3	12
31	1	1	2	18	18	3	1
31	1	1	3	18	18	3	inf
31	1	1	4	18	18	3	30
31	1	1	5	18	18	3	19
31	1	1	6	18	18	3	inf
31	1	1	7	18	18	3	24
31	1	1	8	18	18	3	24
31	1	1	9	18	18	3	13
31	1	1	10	18	18	3	19
31	1	1	11	18	18	3	30
31	1	1	12	18	18	3	inf
31	1	1	13	18	18	3	1
31	1	1	14	18	18	3	12
31	1	1	15	18	18	3	18
31	1	1	16	18	18	3	7
31	1	1	17	18	18	3	7
31	1	2	0	18	18	3	19
31	1	2	1	18	18	3	inf
31	1	2	2	18	18	3	24
31	1	2	3	18	18	3	24
31	1	2	4	18	18	3	13
31	1	2	5	18	18	3	19
31	1	2	6	18	18	3	30
31	1	2	7	18	18	3	inf
31	1	2	8	18	18	3	1
31	1	2	9	18	18	3	12
31	1	2	10	18	18	3	18
31	1	2	11	18	18	3	7
31	1	2	12	18	18	3	7
31	1	2	13	18	18	3	18
31	1	2	14	18	18	3	12
31	1	2	15	18	18	3	1
31	1	2	16	18	18	3	inf
31	1	2	17	18	18	3	30
31	1	3	0	18	18	3	19
31	1	3	1	18	18	3	30
31	1	3	2	18	18	3	inf
31	1	3	3	18	18	3	1
31	1	3	4	18	18	3	12
31	1	3	5	18	18	3	18
31	1	3	6	18	18	3	7
31	1	3	7	18	18	3	7
31	1	3	8	18	18	3	18
31	1	3	9	18	18	3	12
31	1	3	10	18	18	3	1
31	1	3	11	18	18	3	inf
31	1	3	12	18	18	3	30
31	1	3	13	18	18	3	19
31	1	3	14	18	18	3	inf
31	1	3	15	18	18	3	24
31	1	3	16	18	18	3	24
31	1	3	17	18	18	3	13
31	1	4	0	18	18	3	18
31	1	4	1	18	18	3	7
31	1	4	2	18	18	3	7
31	1	4	3	18	18	3	18
31	1	4	4	18	18	3	12
31	1	4	5	18	18	3	1
31	1	4	6	18	18	3	inf
31	1	4	7	18	18	3	30
31	1	4	8	18	18	3	19
31	1	4	9	18	18	3	inf
31	1	4	10	18	18	3	24
31	1	4	11	18	18	3	24
31	1	4	12	18	18	3	13
31	1	4	13	18	18	3	19
31	1	4	14	18	18	3	30
31	1	4	15	18	18	3	inf
31	1	4	16	18	18	3	1
31	1	4	17	18	18	3	12
31	1	5	0	18	18	3	1
31	1	5	1	18	18	3	inf
31	1	5	2	18	18	3	30
31	1	5	3	18	18	3	19
31	1	5	4	18	18	3	inf
31	1	5	5	18	18	3	24
31	1	5	6	18	18	3	24
31	1	5	7	18	18	3	13
31	1	5	8	18	18	3	19
31	1	5	9	18	18	3	30
31	1	5	10	18	18	3	inf
31	1	5	11	18	18	3	1
31	1	5	12	18	18	3	12
31	1	5	13	18	18	3	18
31	1	5	14	18	18	3	7
31	1	5	15	18	18	3	7
31	1	5	16	18	18	3	18
31	1	5	17	18	18	3	12
31	1	6	0	18	18	3	24
31	1	6	1	18	18	3	24
31	1	6	2	18	18	3	13
31	1	6	3	18	18	3	19
31	1	6	4	18	18	3	30
31	1	6	5	18	18	3	inf
31	1	6	6	18	18	3	1
31	1	6	7	18	18	3	12
31	1	6	8	18	18	3	18
31	1	6	9	18	18	3	7
31	1	6	10	18	18	3	7
31	1	6	11	18	18	3	18
31	1	6	12	18	18	3	12
31	1	6	13	18	18	3	1
31	1	6	14	18	18	3	inf
31	1	6	15	18	18	3	30
31	1	6	16	18	18	3	19
31	1	6	17	18	18	3	inf
31	1	7	0	18	18	3	inf
31	1	7	1	18	18	3	1
31	1	7	2	18	18	3	12
31	1	7	3	18	18	3	18
31	1	7	4	18	18	3	7
31	1	7	5	18	18	3	7
31	1	7	6	18	18	3	18
31	1	7	7	18	18	3	12
31	1	7	8	18	18	3	1
31	1	7	9	18	18	3	inf
31	1	7	10	18	18	3	30
31	1	7	11	18	18	3	19
31	1	7	12	18	18	3	inf
31	1	7	13	18	18	3	24
31	1	7	14	18	18	3	24
31	1	7	15	18	18	3	13
31	1	7	16	18	18	3	19
31	1	7	17	18	18	3	30
31	1	8	0	18	18	3	7
31	1	8	1	18	18	3	18
31	1	8	2	18	18	3	12
31	1	8	3	18	18	3	1
31	1	8	4	18	18	3	inf
31	1	8	5	18	18	3	30
31	1	8	6	18	18	3	19
31	1	8	7	18	18	3	inf
31	1	8	8	18	18	3	24
31	1	8	9	18	18	3	24
31	1	8	10	18	18	3	13
31	1	8	11	18	18	3	19
31	1	8	12	18	18	3	30
31	1	8	13	18	18	3	inf
31	1	8	14	18	18	3	1
31	1	8	15	18	18	3	12
31	1	8	16	18	18	3	18
31	1	8	17	18	18	3	7
31	1	9	0	18	18	3	30
31	1	9	1	18	18	3	19
31	1	9	2	18	18	3	inf
31	1	9	3	18	18	3	24
31	1	9	4	18	18	3	24
31	1	9	5	18	18	3	13
31	1	9	6	18	18	3	19
31	1	9	7	18	18	3	30
31	1	9	8	18	18	3	inf
31	1	9	9	18	18	3	1
31	1	9	10	18	18	3	12
31	1	9	11	18	18	3	18
31	1	9	12	18	18	3	7
31	1	9	13	18	18	3	7
31	1	9	14	18	18	3	18
31	1	9	15	18	18	3	12
31	1	9	16	18	18	3	1
31	1	9	17	18	18	3	inf
31	1	10	0	18	18	3	13
31	1	10	1	18	18	3	19
31	1	10	2	18	18	3	30
31	1	10	3	18	18	3	inf
31	1	10	4	18	18	3	1
31	1	10	5	18	18	3	12
31	1	10	6	18	18	3	18
31	1	10	7	18	18	3	7
31	1	10	8	18	18	3	7
31	1	10	9	18	18	3	18
31	1	10	10	18	18	3	12
31	1	10	11	18	18	3	1
31	1	10	12	18	18	3	inf
31	1	10	13	18	18	3	30
31	1	10	14	18	18	3	19
31	1	10	15	18	18	3	inf
31	1	10	16	18	18	3	24
31	1	10	17	18	18	3	24
31	1	11	0	18	18	3	12
31	1	11	1	18	18	3	18
31	1	11	2	18	18	3	7
31	1	11	3	18	18	3	7
31	1	11	4	18	18	3	18
31	1	11	5	18	18	3	12
31	1	11	6	18	18	3	1
31	1	11	7	18	18	3	inf
31	1	11	8	18	18	3	30
31	1	11	9	18	18	3	19
31	1	11	10	18	18	3	inf
31	1	11	11	18	18	3	24
31	1	11	12	18	18	3	24
31	1	11	13	18	18	3	13
31	1	11	14	18	18	3	19
31	1	11	15	18	18	3	30
31	1	11	16	18	18	3	inf
31	1	11	17	18	18	3	1
31	1	12	0	18	18	3	12
31	1	12	1	18	18	3	1
31	1	12	2	18	18	3	inf
31	1	12	3	18	18	3	30
31	1	12	4	18	18	3	19
31	1	12	5	18	18	3	inf
31	1	12	6	18	18	3	24
31	1	12	7	18	18	3	24
31	1	12	8	18	18	3	13
31	1	12	9	18	18	3	19
31	1	12	10	18	18	3	30
31	1	12	11	18	18	3	inf
31	1	12	12	18	18	3	1
31	1	12	13	18	18	3	12
31	1	12	14	18	18	3	18
31	1	12	15	18	18	3	7
31	1	12	16	18	18	3	7
31	1	12	17	18	18	3	18
31	1	13	0	18	18	3	inf
31	1	13	1	18	18	3	24
31	1	13	2	18	18	3	24
31	1	13	3	18	18	3	13
31	1	13	4	18	18	3	19
31	1	13	5	18	18	3	30
31	1	13	6	18	18	3	inf
31	1	13	7	18	18	3	1
31	1	13	8	18	18	3	12
31	1	13	9	18	18	3	18
31	1	13	10	18	18	3	7
31	1	13	11	18	18	3	7
31	1	13	12	18	18	3	18
31	1	13	13	18	18	3	12
31	1	13	14	18	18	3	1
31	1	13	15	18	18	3	inf
31	1	13	16	18	18	3	30
31	1	13	17	18	18	3	19
31	1	14	0	18	18	3	30
31	1	14	1	18	18	3	inf
31	1	14	2	18	18	3	1
31	1	14	3	18	18	3	12
31	1	14	4	18	18	3	18
31	1	14	5	18	18	3	7
31	1	14	6	18	18	3	7
31	1	14	7	18	18	3	18
31	1	14	8	18	18	3	12
31	1	14	9	18	18	3	1
31	1	14	10	18	18	3	inf
31	1	14	11	18	18	3	30
31	1	14	12	18	18	3	19
31	1	14	13	18	18	3	inf
31	1	14	14	18	18	3	24
31	1	14	15	18	18	3	24
31	1	14	16	18	18	3	13
31	1	14	17	18	18	3	19
31	1	15	0	18	18	3	7
31	1	15	1	18	18	3	7
31	1	15	2	18	18	3	18
31	1	15	3	18	18	3	12
31	1	15	4	18	18	3	1
31	1	15	5	18	18	3	inf
31	1	15	6	18	18	3	30
31	1	15	7	18	18	3	19
31	1	15	8	18	18	3	inf
31	1	15	9	18	18	3	24
31	1	15	10	18	18	3	24
31	1	15	11	18	18	3	13
31	1	15	12	18	18	3	19
31	1	15	13	18	18	3	30
31	1	15	14	18	18	3	inf
31	1	15	15	18	18	3	1
31	1	15	16	18	18	3	12
31	1	15	17	18	18	3	18
31	1	16	0	18	18	3	inf
31	1	16	1	18	18	3	30
31	1	16	2	18	18	3	19
31	1	16	3	18	18	3	inf
31	1	16	4	18	18	3	24
31	1	16	5	18	18	3	24
31	1	16	6	18	18	3	13
31	1	16	7	18	18	3	19
31	1	16	8	18	18	3	30
31	1	16	9	18	18	3	inf
31	1	16	10	18	18	3	1
31	1	16	11	18	18	3	12
31	1	16	12	18	18	3	18
31	1	16	13	18	18	3	7
31	1	16	14	18	18	3	7
31	1	16	15	18	18	3	18
31	1	16	16	18	18	3	12
31	1	16	17	18	18	3	1
31	1	17	0	18	18	3	24
31	1	17	1	18	18	3	13
31	1	17	2	18	18	3	19
31	1	17	3	18	18	3	30
31	1	17	4	18	18	3	inf
31	1	17	5	18	18	3	1
31	1	17	6	18	18	3	12
31	1	17	7	18	18	3	18
31	1	17	8	18	18	3	7
31	1	17	9	18	18	3	7
31	1	17	10	18	18	3	18
31	1	17	11	18	18	3	12
31	1	17	12	18	18	3	1
31	1	17	13	18	18	3	inf
31	1	17	14	18	18	3	30
31	1	17	15	18	18	3	19
31	1	17	16	18	18	3	inf
31	1	17	17	18	18	3	24
31	2	0	0	18	18	3	30
31	2	0	1	18	18	3	19
31	2	0	2	18	18	3	inf
31	2	0	3	18	18	3	24
31	2	0	4	18	18	3	24
31	2	0	5	18	18	3	13
31	2	0	6	18	18	3	19
31	2	0	7	18	18	3	30
31	2	0	8	18	18	3	inf
31	2	0	9	18	18	3	1
31	2	0	10	18	18	3	12
31	2	0	11	18	18	3	18
31	2	0	12	18	18	3	7
31	2	0	13	18	18	3	7
31	2	0	14	18	18	3	18
31	2	0	15	18	18	3	12
31	2	0	16	18	18	3	1
31	2	0	17	18	18	3	inf
31	2	1	0	18	18	3	13
31	2	1	1	18	18	3	19
31	2	1	2	18	18	3	30
31	2	1	3	18	18	3	inf
31	2	1	4	18	18	3	1
31	2	1	5	18	18	3	12
31	2	1	6	18	18	3	18
31	2	1	7	18	18	3	7
31	2	1	8	18	18	3	7
31	2	1	9	18	18	3	18
31	2	1	10	18	18	3	12
31	2	1	11	18	18	3	1
31	2	1	12	18	18	3	inf
31	2	1	13	18	18	3	30
31	2	1	14	18	18	3	19
31	2	1	15	18	18	3	inf
31	2	1	16	18	18	3	24
31	2	1	17	18	18	3	24
31	2	2	0	18	18	3	12
31	2	2	1	18	18	3	18
31	2	2	2	18	18	3	7
31	2	2	3	18	18	3	7
31	2	2	4	18	18	3	18
31	2	2	5	18	18	3	12
31	2	2	6	18	18	3	1
31	2	2	7	18	18	3	inf
31	2	2	8	18	18	3	30
31	2	2	9	18	18	3	19
31	2	2	10	18	18	3	inf
31	2	2	11	18	18	3	24
31	2	2	12	18	18	3	24
31	2	2	13	18	18	3	13
31	2	2	14	18	18	3	19
31	2	2	15	18	18	3	30
31	2	2	16	18	18	3	inf
31	2	2	17	18	18	3	1
31	2	3	0	18	18	3	12
31	2	3	1	18	18	3	1
31	2	3	2	18	18	3	inf
31	2	3	3	18	18	3	30
31	2	3	4	18	18	3	19
31	2	3	5	18	18	3	inf
31	2	3	6	18	18	3	24
31	2	3	7	18	18	3	24
31	2	3	8	18	18	3	13
31	2	3	9	18	18	3	19
31	2	3	10	18	18	3	30
31	2	3	11	18	18	3	inf
31	2	3	12	18	18	3	1
31	2	3	13	18	18	3	12
31	2	3	14	18	18	3	18
31	2	3	15	18	18	3	7
31	2	3	16	18	18	3	7
31	2	3	17	18	18	3	18
31	2	4	0	18	18	3	inf
31	2	4	1	18	18	3	24
31	2	4	2	18	18	3	24
31	2	4	3	18	18	3	13
31	2	4	4	18	18	3	19
31	2	4	5	18	18	3	30
31	2	4	6	18	18	3	inf
31	2	4	7	18	18	3	1
31	2	4	8	18	18	3	12
31	2	4	9	18	18	3	18
31	2	4	10	18	18	3	7
31	2	4	11	18	18	3	7
31	2	4	12	18	18	3	18
31	2	4	13	18	18	3	12
31	2	4	14	18	18	3	1
31	2	4	15	18	18	3	inf
31	2	4	16	18	18	3	30
31	2	4	17	18	18	3	19
31	2	5	0	18	18	3	30
31	2	5	1	18	18	3	inf
31	2	5	2	18	18	3	1
31	2	5	3	18	18	3	12
31	2	5	4	18	18	3	18
31	2	5	5	18	18	3	7
31	2	5	6	18	18	3	7
31	2	5	7	18	18	3	18
31	2	5	8	18	18	3	12
31	2	5	9	18	18	3	1
31	2	5	10	18	18	3	inf
31	2	5	11	18	18	3	30
31	2	5	12	18	18	3	19
31	2	5	13	18	18	3	inf
31	2	5	14	18	18	3	24
31	2	5	15	18	18	3	24
31	2	5	16	18	18	3	13
31	2	5	17	18	18	3	19
31	2	6	0	18	18	3	7
31	2	6	1	18	18	3	7
31	2	6	2	18	18	3	18
31	2	6	3	18	18	3	12
31	2	6	4	18	18	3	1
31	2	6	5	18	18	3	inf
31	2	6	6	18	18	3	30
31	2	6	7	18	18	3	19
31	2	6	8	18	18	3	inf
31	2	6	9	18	18	3	24
31	2	6	10	18	18	3	24
31	2	6	11	18	18	3	13
31	2	6	12	18	18	3	19
31	2	6	13	18	18	3	30
31	2	6	14	18	18	3	inf
31	2	6	15	18	18	3	1
31	2	6	16	18	18	3	12
31	2	6	17	18	18	3	18
31	2	7	0	18	18	3	inf
31	2	7	1	18	18	3	30
31	2	7	2	18	18	3	19
31	2	7	3	18	18	3	inf
31	2	7	4	18	18	3	24
31	2	7	5	18	18	3	24
31	2	7	6	18	18	3	13
31	2	7	7	18	18	3	19
31	2	7	8	18	18	3	30
31	2	7	9	18	18	3	inf
31	2	7	10	18	18	3	1
31	2	7	11	18	18	3	12
31	2	7	12	18	18	3	18
31	2	7	13	18	18	3	7
31	2	7	14	18	18	3	7
31	2	7	15	18	18	3	18
31	2	7	16	18	18	3	12
31	2	7	17	18	18	3	1
31	2	8	0	18	18	3	24
31	2	8	1	18	18	3	13
31	2	8	2	18	18	3	19
31	2	8	3	18	18	3	30
31	2	8	4	18	18	3	inf
31	2	8	5	18	18	3	1
31	2	8	6	18	18	3	12
31	2	8	7	18	18	3	18
31	2	8	8	18	18	3	7
31	2	8	9	18	18	3	7
31	2	8	10	18	18	3	18
31	2	8	11	18	18	3	12
31	2	8	12	18	18	3	1
31	2	8	13	18	18	3	inf
31	2	8	14	18	18	3	30
31	2	8	15	18	18	3	19
31	2	8	16	18	18	3	inf
31	2	8	17	18	18	3	24
31	2	9	0	18	18	3	1
31	2	9	1	18	18	3	12
31	2	9	2	18	18	3	18
31	2	9	3	18	18	3	7
31	2	9	4	18	18	3	7
31	2	9	5	18	18	3	18
31	2	9	6	18	18	3	12
31	2	9	7	18	18	3	1
31	2	9	8	18	18	3	inf
31	2	9	9	18	18	3	30
31	2	9	10	18	18	3	19
31	2	9	11	18	18	3	inf
31	2	9	12	18	18	3	24
31	2	9	13	18	18	3	24
31	2	9	14	18	18	3	13
31	2	9	15	18	18	3	19
31	2	9	16	18	18	3	30
31	2	9	17	18	18	3	inf
31	2	10	0	18	18	3	18
31	2	10	1	18	18	3	12
31	2	10	2	18	18	3	1
31	2	10	3	18	18	3	inf
31	2	10	4	18	18	3	30
31	2	10	5	18	18	3	19
31	2	10	6	18	18	3	inf
31	2	10	7	18	18	3	24
31	2	10	8	18	18	3	24
31	2	10	9	18	18	3	13
31	2	10	10	18	18	3	19
31	2	10	11	18	18	3	30
31	2	10	12	18	18	3	inf
31	2	10	13	18	18	3	1
31	2	10	14	18	18	3	12
31	2	10	15	18	18	3	18
31	2	10	16	18	18	3	7
31	2	10	17	18	18	3	7
31	2	11	0	18	18	3	19
31	2	11	1	18	18	3	inf
31	2	11	2	18	18	3	24
31	2	11	3	18	18	3	24
31	2	11	4	18	18	3	13
31	2	11	5	18	18	3	19
31	2	11	6	18	18	3	30
31	2	11	7	18	18	3	inf
31	2	11	8	18	18	3	1
31	2	11	9	18	18	3	12
31	2	11	10	18	18	3	18
31	2	11	11	18	18	3	7
31	2	11	12	18	18	3	7
31	2	11	13	18	18	3	18
31	2	11	14	18	18	3	12
31	2	11	15	18	18	3	1
31	2	11	16	18	18	3	inf
31	2	11	17	18	18	3	30
31	2	12	0	18	18	3	19
31	2	12	1	18	18	3	30
31	2	12	2	18	18	3	inf
31	2	12	3	18	18	3	1
31	2	12	4	18	18	3	12
31	2	12	5	18	18	3	18
31	2	12	6	18	18	3	7
31	2	12	7	18	18	3	7
31	2	12	8	18	18	3	18
31	2	12	9	18	18	3	12
31	2	12	10	18	18	3	1
31	2	12	11	18	18	3	inf
31	2	12	12	18	18	3	30
31	2	12	13	18	18	3	19
31	2	12	14	18	18	3	inf
31	2	12	15	18	18	3	24
31	2	12	16	18	18	3	24
31	2	12	17	18	18	3	13
31	2	13	0	18	18	3	18
31	2	13	1	18	18	3	7
31	2	13	2	18	18	3	7
31	2	13	3	18	18	3	18
31	2	13	4	18	18	3	12
31	2	13	5	18	18	3	1
31	2	13	6	18	18	3	inf
31	2	13	7	18	18	3	30
31	2	13	8	18	18	3	19
31	2	13	9	18	18	3	inf
31	2	13	10	18	18	3	24
31	2	13	11	18	18	3	24
31	2	13	12	18	18	3	13
31	2	13	13	18	18	3	19
31	2	13	14	18	18	3	30
31	2	13	15	18	18	3	inf
31	2	13	16	18	18	3	1
31	2	13	17	18	18	3	12
31	2	14	0	18	18	3	1
31	2	14	1	18	18	3	inf
31	2	14	2	18	18	3	30
31	2	14	3	18	18	3	19
31	2	14	4	18	18	3	inf
31	2	14	5	18	18	3	24
31	2	14	6	18	18	3	24
31	2	14	7	18	18	3	13
31	2	14	8	18	18	3	19
31	2	14	9	18	18	3	30
31	2	14	10	18	18	3	inf
31	2	14	11	18	18	3	1
31	2	14	12	18	18	3	12
31	2	14	13	18	18	3	18
31	2	14	14	18	18	3	7
31	2	14	15	18	18	3	7
31	2	14	16	18	18	3	18
31	2	14	17	18	18	3	12
31	2	15	0	18	18	3	24
31	2	15	1	18	18	3	24
31	2	15	2	18	18	3	13
31	2	15	3	18	18	3	19
31	2	15	4	18	18	3	30
31	2	15	5	18	18	3	inf
31	2	15	6	18	18	3	1
31	2	15	7	18	18	3	12
31	2	15	8	18	18	3	18
31	2	15	9	18	18	3	7
31	2	15	10	18	18	3	7
31	2	15	11	18	18	3	18
31	2	15	12	18	18	3	12
31	2	15	13	18	18	3	1
31	2	15	14	18	18	3	inf
31	2	15	15	18	18	3	30
31	2	15	16	18	18	3	19
31	2	15	17	18	18	3	inf
31	2	16	0	18	18	3	inf
31	2	16	1	18	18	3	1
31	2	16	2	18	18	3	12
31	2	16	3	18	18	3	18
31	2	16	4	18	18	3	7
31	2	16	5	18	18	3	7
31	2	16	6	18	18	3	18
31	2	16	7	18	18	3	12
31	2	16	8	18	18	3	1
31	2	16	9	18	18	3	inf
31	2	16	10	18	18	3	30
31	2	16	11	18	18	3	19
31	2	16	12	18	18	3	inf
31	2	16	13	18	18	3	24
31	2	16	14	18	18	3	24
31	2	16	15	18	18	3	13
31	2	16	16	18	18	3	19
31	2	16	17	18	18	3	30
31	2	17	0	18	18	3	7
31	2	17	1	18	18	3	18
31	2	17	2	18	18	3	12
31	2	17	3	18	18	3	1
31	2	17	4	18	18	3	inf
31	2	17	5	18	18	3	30
31	2	17	6	18	18	3	19
31	2	17	7	18	18	3	inf
31	2	17	8	18	18	3	24
31	2	17	9	18	18	3	24
31	2	17	10	18	18	3	13
31	2	17	11	18	18	3	19
31	2	17	12	18	18	3	30
31	2	17	13	18	18	3	inf
31	2	17	14	18	18	3	1
31	2	17	15	18	18	3	12
31	2	17	16	18	18	3	18
31	2	17	17	18	18	3	7
37	1	0	0	8	5	2	1
37	1	0	1	8	5	2	3
37	1	0	2	8	5	2	34
37	1	0	3	8	5	2	36
37	1	0	4	8	5	3	inf
37	1	2	4	8	5	3	30
37	1	4	0	8	5	2	36
37	1	4	1	8	5	2	34
37	1	4	2	8	5	3	inf
37	1	4	3	8	5	2	1
37	1	4	4	8	5	3	inf
37	1	6	4	8	5	3	7
37	2	0	0	8	5	2	36
37	2	0	1	8	5	2	34
37	2	0	2	8	5	3	inf
37	2	0	3	8	5	2	1
37	2	0	4	8	5	3	inf
37	2	2	4	8	5	3	7
37	2	4	0	8	5	2	1
37	2	4	1	8	5	2	3
37	2	4	2	8	5	2	34
37	2	4	3	8	5	2	36
37	2	4	4	8	5	3	inf
37	2	6	4	8	5	3	30
41	1	0	0	44	11	2	1
41	1	0	9	44	11	2	40
41	1	0	10	44	11	3	inf
41	1	1	0	44	11	2	24
41	1	1	4	44	11	2	24
41	1	1	6	44	11	2	21
41	1	1	7	44	11	2	14
41	1	1	8	44	11	2	14
41	1	1	9	44	11	2	21
41	1	2	4	44	11	2	1
41	1	2	5	44	11	3	inf
41	1	2	6	44	11	2	40
41	1	2	8	44	11	3	inf
41	1	3	1	44	11	2	20
41	1	3	2	44	11	2	27
41	1	3	3	44	11	2	27
41	1	3	4	44	11	2	20
41	1	3	6	44	11	2	17
41	1	3	10	44	11	2	17
41	1	4	0	44	11	3	inf
41	1	4	1	44	11	2	1
41	1	4	10	44	11	2	40
41	1	5	1	44	11	2	24
41	1	5	5	44	11	2	24
41	1	5	7	44	11	2	21
41	1	5	8	44	11	2	14
41	1	5	9	44	11	2	14
41	1	5	10	44	11	2	21
41	1	6	5	44	11	2	1
41	1	6	6	44	11	3	inf
41	1	6	7	44	11	2	40
41	1	6	9	44	11	3	inf
41	1	7	0	44	11	2	17
41	1	7	2	44	11	2	20
41	1	7	3	44	11	2	27
41	1	7	4	44	11	2	27
41	1	7	5	44	11	2	20
41	1	7	7	44	11	2	17
41	1	8	0	44	11	2	40
41	1	8	1	44	11	3	inf
41	1	8	2	44	11	2	1
41	1	9	0	44	11	2	21
41	1	9	2	44	11	2	24
41	1	9	6	44	11	2	24
41	1	9	8	44	11	2	21
41	1	9	9	44	11	2	14
41	1	9	10	44	11	2	14
41	1	10	6	44	11	2	1
41	1	10	7	44	11	3	inf
41	1	10	8	44	11	2	40
41	1	10	10	44	11	3	inf
41	1	11	1	44	11	2	17
41	1	11	3	44	11	2	20
41	1	11	4	44	11	2	27
41	1	11	5	44	11	2	27
41	1	11	6	44	11	2	20
41	1	11	8	44	11	2	17
41	1	12	1	44	11	2	40
41	1	12	2	44	11	3	inf
41	1	12	3	44	11	2	1
41	1	13	0	44	11	2	14
41	1	13	1	44	11	2	21
41	1	13	3	44	11	2	24
41	1	13	7	44	11	2	24
41	1	13	9	44	11	2	21
41	1	13	10	44	11	2	14
41	1	14	0	44	11	3	inf
41	1	14	7	44	11	2	1
41	1	14	8	44	11	3	inf
41	1	14	9	44	11	2	40
41	1	15	2	44	11	2	17
41	1	15	4	44	11	2	20
41	1	15	5	44	11	2	27
41	1	15	6	44	11	2	27
41	1	15	7	44	11	2	20
41	1	15	9	44	11	2	17
41	1	16	2	44	11	2	40
41	1	16	3	44	11	3	inf
41	1	16	4	44	11	2	1
41	1	17	0	44	11	2	14
41	1	17	1	44	11	2	14
41	1	17	2	44	11	2	21
41	1	17	4	44	11	2	24
41	1	17	8	44	11	2	24
41	1	17	10	44	11	2	21
41	1	18	1	44	11	3	inf
41	1	18	8	44	11	2	1
41	1	18	9	44	11	3	inf
41	1	18	10	44	11	2	40
41	1	19	3	44	11	2	17
41	1	19	5	44	11	2	20
41	1	19	6	44	11	2	27
41	1	19	7	44	11	2	27
41	1	19	8	44	11	2	20
41	1	19	10	44	11	2	17
41	1	20	3	44	11	2	40
41	1	20	4	44	11	3	inf
41	1	20	5	44	11	2	1
41	1	21	0	44	11	2	21
41	1	21	1	44	11	2	14
41	1	21	2	44	11	2	14
41	1	21	3	44	11	2	21
41	1	21	5	44	11	2	24
41	1	21	9	44	11	2	24
41	1	22	0	44	11	2	40
41	1	22	2	44	11	3	inf
41	1	22	9	44	11	2	1
41	1	22	10	44	11	3	inf
41	1	23	0	44	11	2	17
41	1	23	4	44	11	2	17
41	1	23	6	44	11	2	20
41	1	23	7	44	11	2	27
41	1	23	8	44	11	2	27
41	1	23	9	44	11	2	20
41	1	24	4	44	11	2	40
41	1	24	5	44	11	3	inf
41	1	24	6	44	11	2	1
41	1	25	1	44	11	2	21
41	1	25	2	44	11	2	14
41	1	25	3	44	11	2	14
41	1	25	4	44	11	2	21
41	1	25	6	44	11	2	24
41	1	25	10	44	11	2	24
41	1	26	0	44	11	3	inf
41	1	26	1	44	11	2	40
41	1	26	3	44	11	3	inf
41	1	26	10	44	11	2	1
41	1	27	1	44	11	2	17
41	1	27	5	44	11	2	17
41	1	27	7	44	11	2	20
41	1	27	8	44	11	2	27
41	1	27	9	44	11	2	27
41	1	27	10	44	11	2	20
41	1	28	5	44	11	2	40
41	1	28	6	44	11	3	inf
41	1	28	7	44	11	2	1
41	1	29	0	44	11	2	24
41	1	29	2	44	11	2	21
41	1	29	3	44	11	2	14
41	1	29	4	44	11	2	14
41	1	29	5	44	11	2	21
41	1	29	7	44	11	2	24
41	1	30	0	44	11	2	1
41	1	30	1	44	11	3	inf
41	1	30	2	44	11	2	40
41	1	30	4	44	11	3	inf
41	1	31	0	44	11	2	20
41	1	31	2	44	11	2	17
41	1	31	6	44	11	2	17
41	1	31	8	44	11	2	20
41	1	31	9	44	11	2	27
41	1	31	10	44	11	2	27
41	1	32	6	44	11	2	40
41	1	32	7	44	11	3	inf
41	1	32	8	44	11	2	1
41	1	33	1	44	11	2	24
41	1	33	3	44	11	2	21
41	1	33	4	44	11	2	14
41	1	33	5	44	11	2	14
41	1	33	6	44	11	2	21
41	1	33	8	44	11	2	24
41	1	34	1	44	11	2	1
41	1	34	2	44	11	3	inf
41	1	34	3	44	11	2	40
41	1	34	5	44	11	3	inf
41	1	35	0	44	11	2	27
41	1	35	1	44	11	2	20
41	1	35	3	44	11	2	17
41	1	35	7	44	11	2	17
41	1	35	9	44	11	2	20
41	1	35	10	44	11	2	27
41	1	36	7	44	11	2	40
41	1	36	8	44	11	3	inf
41	1	36	9	44	11	2	1
41	1	37	2	44	11	2	24
41	1	37	4	44	11	2	21
41	1	37	5	44	11	2	14
41	1	37	6	44	11	2	14
41	1	37	7	44	11	2	21
41	1	37	9	44	11	2	24
41	1	38	2	44	11	2	1
41	1	38	3	44	11	3	inf
41	1	38	4	44	11	2	40
41	1	38	6	44	11	3	inf
41	1	39	0	44	11	2	27
41	1	39	1	44	11	2	27
41	1	39	2	44	11	2	20
41	1	39	4	44	11	2	17
41	1	39	8	44	11	2	17
41	1	39	10	44	11	2	20
41	1	40	8	44	11	2	40
41	1	40	9	44	11	3	inf
41	1	40	10	44	11	2	1
41	1	41	3	44	11	2	24
41	1	41	5	44	11	2	21
41	1	41	6	44	11	2	14
41	1	41	7	44	11	2	14
41	1	41	8	44	11	2	21
41	1	41	10	44	11	2	24
41	1	42	3	44	11	2	1
41	1	42	4	44	11	3	inf
41	1	42	5	44	11	2	40
41	1	42	7	44	11	3	inf
41	1	43	0	44	11	2	20
41	1	43	1	44	11	2	27
41	1	43	2	44	11	2	27
41	1	43	3	44	11	2	20
41	1	43	5	44	11	2	17
41	1	43	9	44	11	2	17
41	2	0	0	44	11	2	40
41	2	0	2	44	11	3	inf
41	2	0	9	44	11	2	1
41	2	0	10	44	11	3	inf
41	2	1	0	44	11	2	17
41	2	1	4	44	11	2	17
41	2	1	6	44	11	2	20
41	2	1	7	44	11	2	27
41	2	1	8	44	11	2	27
41	2	1	9	44	11	2	20
41	2	2	4	44	11	2	40
41	2	2	5	44	11	3	inf
41	2	2	6	44	11	2	1
41	2	3	1	44	11	2	21
41	2	3	2	44	11	2	14
41	2	3	3	44	11	2	14
41	2	3	4	44	11	2	21
41	2	3	6	44	11	2	24
41	2	3	10	44	11	2	24
41	2	4	0	44	11	3	inf
41	2	4	1	44	11	2	40
41	2	4	3	44	11	3	inf
41	2	4	10	44	11	2	1
41	2	5	1	44	11	2	17
41	2	5	5	44	11	2	17
41	2	5	7	44	11	2	20
41	2	5	8	44	11	2	27
41	2	5	9	44	11	2	27
41	2	5	10	44	11	2	20
41	2	6	5	44	11	2	40
41	2	6	6	44	11	3	inf
41	2	6	7	44	11	2	1
41	2	7	0	44	11	2	24
41	2	7	2	44	11	2	21
41	2	7	3	44	11	2	14
41	2	7	4	44	11	2	14
41	2	7	5	44	11	2	21
41	2	7	7	44	11	2	24
41	2	8	0	44	11	2	1
41	2	8	1	44	11	3	inf
41	2	8	2	44	11	2	40
41	2	8	4	44	11	3	inf
41	2	9	0	44	11	2	20
41	2	9	2	44	11	2	17
41	2	9	6	44	11	2	17
41	2	9	8	44	11	2	20
41	2	9	9	44	11	2	27
41	2	9	10	44	11	2	27
41	2	10	6	44	11	2	40
41	2	10	7	44	11	3	inf
41	2	10	8	44	11	2	1
41	2	11	1	44	11	2	24
41	2	11	3	44	11	2	21
41	2	11	4	44	11	2	14
41	2	11	5	44	11	2	14
41	2	11	6	44	11	2	21
41	2	11	8	44	11	2	24
41	2	12	1	44	11	2	1
41	2	12	2	44	11	3	inf
41	2	12	3	44	11	2	40
41	2	12	5	44	11	3	inf
41	2	13	0	44	11	2	27
41	2	13	1	44	11	2	20
41	2	13	3	44	11	2	17
41	2	13	7	44	11	2	17
41	2	13	9	44	11	2	20
41	2	13	10	44	11	2	27
41	2	14	7	44	11	2	40
41	2	14	8	44	11	3	inf
41	2	14	9	44	11	2	1
41	2	15	2	44	11	2	24
41	2	15	4	44	11	2	21
41	2	15	5	44	11	2	14
41	2	15	6	44	11	2	14
41	2	15	7	44	11	2	21
41	2	15	9	44	11	2	24
41	2	16	2	44	11	2	1
41	2	16	3	44	11	3	inf
41	2	16	4	44	11	2	40
41	2	16	6	44	11	3	inf
41	2	17	0	44	11	2	27
41	2	17	1	44	11	2	27
41	2	17	2	44	11	2	20
41	2	17	4	44	11	2	17
41	2	17	8	44	11	2	17
41	2	17	10	44	11	2	20
41	2	18	8	44	11	2	40
41	2	18	9	44	11	3	inf
41	2	18	10	44	11	2	1
41	2	19	3	44	11	2	24
41	2	19	5	44	11	2	21
41	2	19	6	44	11	2	14
41	2	19	7	44	11	2	14
41	2	19	8	44	11	2	21
41	2	19	10	44	11	2	24
41	2	20	3	44	11	2	1
41	2	20	4	44	11	3	inf
41	2	20	5	44	11	2	40
41	2	20	7	44	11	3	inf
41	2	21	0	44	11	2	20
41	2	21	1	44	11	2	27
41	2	21	2	44	11	2	27
41	2	21	3	44	11	2	20
41	2	21	5	44	11	2	17
41	2	21	9	44	11	2	17
41	2	22	0	44	11	2	1
41	2	22	9	44	11	2	40
41	2	22	10	44	11	3	inf
41	2	23	0	44	11	2	24
41	2	23	4	44	11	2	24
41	2	23	6	44	11	2	21
41	2	23	7	44	11	2	14
41	2	23	8	44	11	2	14
41	2	23	9	44	11	2	21
41	2	24	4	44	11	2	1
41	2	24	5	44	11	3	inf
41	2	24	6	44	11	2	40
41	2	24	8	44	11	3	inf
41	2	25	1	44	11	2	20
41	2	25	2	44	11	2	27
41	2	25	3	44	11	2	27
41	2	25	4	44	11	2	20
41	2	25	6	44	11	2	17
41	2	25	10	44	11	2	17
41	2	26	0	44	11	3	inf
41	2	26	1	44	11	2	1
41	2	26	10	44	11	2	40
41	2	27	1	44	11	2	24
41	2	27	5	44	11	2	24
41	2	27	7	44	11	2	21
41	2	27	8	44	11	2	14
41	2	27	9	44	11	2	14
41	2	27	10	44	11	2	21
41	2	28	5	44	11	2	1
41	2	28	6	44	11	3	inf
41	2	28	7	44	11	2	40
41	2	28	9	44	11	3	inf
41	2	29	0	44	11	2	17
41	2	29	2	44	11	2	20
41	2	29	3	44	11	2	27
41	2	29	4	44	11	2	27
41	2	29	5	44	11	2	20
41	2	29	7	44	11	2	17
41	2	30	0	44	11	2	40
41	2	30	1	44	11	3	inf
41	2	30	2	44	11	2	1
41	2	31	0	44	11	2	21
41	2	31	2	44	11	2	24
41	2	31	6	44	11	2	24
41	2	31	8	44	11	2	21
41	2	31	9	44	11	2	14
41	2	31	10	44	11	2	14
41	2	32	6	44	11	2	1
41	2	32	7	44	11	3	inf
41	2	32	8	44	11	2	40
41	2	32	10	44	11	3	inf
41	2	33	1	44	11	2	17
41	2	33	3	44	11	2	20
41	2	33	4	44	11	2	27
41	2	33	5	44	11	2	27
41	2	33	6	44	11	2	20
41	2	33	8	44	11	2	17
41	2	34	1	44	11	2	40
41	2	34	2	44	11	3	inf
41	2	34	3	44	11	2	1
41	2	35	0	44	11	2	14
41	2	35	1	44	11	2	21
41	2	35	3	44	11	2	24
41	2	35	7	44	11	2	24
41	2	35	9	44	11	2	21
41	2	35	10	44	11	2	14
41	2	36	0	44	11	3	inf
41	2	36	7	44	11	2	1
41	2	36	8	44	11	3	inf
41	2	36	9	44	11	2	40
41	2	37	2	44	11	2	17
41	2	37	4	44	11	2	20
41	2	37	5	44	11	2	27
41	2	37	6	44	11	2	27
41	2	37	7	44	11	2	20
41	2	37	9	44	11	2	17
41	2	38	2	44	11	2	40
41	2	38	3	44	11	3	inf
41	2	38	4	44	11	2	1
41	2	39	0	44	11	2	14
41	2	39	1	44	11	2	14
41	2	39	2	44	11	2	21
41	2	39	4	44	11	2	24
41	2	39	8	44	11	2	24
41	2	39	10	44	11	2	21
41	2	40	1	44	11	3	inf
41	2	40	8	44	11	2	1
41	2	40	9	44	11	3	inf
41	2	40	10	44	11	2	40
41	2	41	3	44	11	2	17
41	2	41	5	44	11	2	20
41	2	41	6	44	11	2	27
41	2	41	7	44	11	2	27
41	2	41	8	44	11	2	20
41	2	41	10	44	11	2	17
41	2	42	3	44	11	2	40
41	2	42	4	44	11	3	inf
41	2	42	5	44	11	2	1
41	2	43	0	44	11	2	21
41	2	43	1	44	11	2	14
41	2	43	2	44	11	2	14
41	2	43	3	44	11	2	21
41	2	43	5	44	11	2	24
41	2	43	9	44	11	2	24
43	1	0	2	8	3	3	inf
43	1	2	0	8	3	2	27
43	1	2	1	8	3	2	27
43	1	4	2	8	3	3	inf
43	1	6	0	8	3	2	16
43	1	6	1	8	3	2	16
43	2	0	2	8	3	3	inf
43	2	2	0	8	3	2	16
43	2	2	1	8	3	2	16
43	2	4	2	8	3	3	inf
43	2	6	0	8	3	2	27
43	2	6	1	8	3	2	27
47	1	0	7	14	28	3	43
47	1	0	10	14	28	2	33
47	1	0	13	14	28	3	0
47	1	0	16	14	28	2	14
47	1	0	19	14	28	3	4
47	1	0	27	14	28	3	inf
47	1	1	5	14	28	3	inf
47	1	1	8	14	28	3	inf
47	1	1	13	14	28	3	4
47	1	1	16	14	28	2	14
47	1	1	19	14	28	3	0
47	1	1	22	14	28	2	33
47	1	1	25	14	28	3	43
47	1	2	0	14	28	2	14
47	1	2	3	14	28	3	4
47	1	2	11	14	28	3	inf
47	1	2	19	14	28	3	43
47	1	2	22	14	28	2	33
47	1	2	25	14	28	3	0
47	1	3	0	14	28	2	14
47	1	3	3	14	28	3	0
47	1	3	6	14	28	2	33
47	1	3	9	14	28	3	43
47	1	3	17	14	28	3	inf
47	1	3	20	14	28	3	inf
47	1	3	25	14	28	3	4
47	1	4	3	14	28	3	43
47	1	4	6	14	28	2	33
47	1	4	9	14	28	3	0
47	1	4	12	14	28	2	14
47	1	4	15	14	28	3	4
47	1	4	23	14	28	3	inf
47	1	5	1	14	28	3	inf
47	1	5	4	14	28	3	inf
47	1	5	9	14	28	3	4
47	1	5	12	14	28	2	14
47	1	5	15	14	28	3	0
47	1	5	18	14	28	2	33
47	1	5	21	14	28	3	43
47	1	6	7	14	28	3	inf
47	1	6	15	14	28	3	43
47	1	6	18	14	28	2	33
47	1	6	21	14	28	3	0
47	1	6	24	14	28	2	14
47	1	6	27	14	28	3	4
47	1	7	2	14	28	2	33
47	1	7	5	14	28	3	43
47	1	7	13	14	28	3	inf
47	1	7	16	14	28	3	inf
47	1	7	21	14	28	3	4
47	1	7	24	14	28	2	14
47	1	7	27	14	28	3	0
47	1	8	2	14	28	2	33
47	1	8	5	14	28	3	0
47	1	8	8	14	28	2	14
47	1	8	11	14	28	3	4
47	1	8	19	14	28	3	inf
47	1	8	27	14	28	3	43
47	1	9	0	14	28	3	inf
47	1	9	5	14	28	3	4
47	1	9	8	14	28	2	14
47	1	9	11	14	28	3	0
47	1	9	14	14	28	2	33
47	1	9	17	14	28	3	43
47	1	9	25	14	28	3	inf
47	1	10	3	14	28	3	inf
47	1	10	11	14	28	3	43
47	1	10	14	14	28	2	33
47	1	10	17	14	28	3	0
47	1	10	20	14	28	2	14
47	1	10	23	14	28	3	4
47	1	11	1	14	28	3	43
47	1	11	9	14	28	3	inf
47	1	11	12	14	28	3	inf
47	1	11	17	14	28	3	4
47	1	11	20	14	28	2	14
47	1	11	23	14	28	3	0
47	1	11	26	14	28	2	33
47	1	12	1	14	28	3	0
47	1	12	4	14	28	2	14
47	1	12	7	14	28	3	4
47	1	12	15	14	28	3	inf
47	1	12	23	14	28	3	43
47	1	12	26	14	28	2	33
47	1	13	1	14	28	3	4
47	1	13	4	14	28	2	14
47	1	13	7	14	28	3	0
47	1	13	10	14	28	2	33
47	1	13	13	14	28	3	43
47	1	13	21	14	28	3	inf
47	1	13	24	14	28	3	inf
47	2	0	2	14	28	3	inf
47	2	0	7	14	28	3	4
47	2	0	10	14	28	2	14
47	2	0	13	14	28	3	0
47	2	0	16	14	28	2	33
47	2	0	19	14	28	3	43
47	2	0	27	14	28	3	inf
47	2	1	5	14	28	3	inf
47	2	1	13	14	28	3	43
47	2	1	16	14	28	2	33
47	2	1	19	14	28	3	0
47	2	1	22	14	28	2	14
47	2	1	25	14	28	3	4
47	2	2	0	14	28	2	33
47	2	2	3	14	28	3	43
47	2	2	11	14	28	3	inf
47	2	2	14	14	28	3	inf
47	2	2	19	14	28	3	4
47	2	2	22	14	28	2	14
47	2	2	25	14	28	3	0
47	2	3	0	14	28	2	33
47	2	3	3	14	28	3	0
47	2	3	6	14	28	2	14
47	2	3	9	14	28	3	4
47	2	3	17	14	28	3	inf
47	2	3	25	14	28	3	43
47	2	4	3	14	28	3	4
47	2	4	6	14	28	2	14
47	2	4	9	14	28	3	0
47	2	4	12	14	28	2	33
47	2	4	15	14	28	3	43
47	2	4	23	14	28	3	inf
47	2	4	26	14	28	3	inf
47	2	5	1	14	28	3	inf
47	2	5	9	14	28	3	43
47	2	5	12	14	28	2	33
47	2	5	15	14	28	3	0
47	2	5	18	14	28	2	14
47	2	5	21	14	28	3	4
47	2	6	7	14	28	3	inf
47	2	6	10	14	28	3	inf
47	2	6	15	14	28	3	4
47	2	6	18	14	28	2	14
47	2	6	21	14	28	3	0
47	2	6	24	14	28	2	33
47	2	6	27	14	28	3	43
47	2	7	2	14	28	2	14
47	2	7	5	14	28	3	4
47	2	7	13	14	28	3	inf
47	2	7	21	14	28	3	43
47	2	7	24	14	28	2	33
47	2	7	27	14	28	3	0
47	2	8	2	14	28	2	14
47	2	8	5	14	28	3	0
47	2	8	8	14	28	2	33
47	2	8	11	14	28	3	43
47	2	8	19	14	28	3	inf
47	2	8	22	14	28	3	inf
47	2	8	27	14	28	3	4
47	2	9	5	14	28	3	43
47	2	9	8	14	28	2	33
47	2	9	11	14	28	3	0
47	2	9	14	14	28	2	14
47	2	9	17	14	28	3	4
47	2	9	25	14	28	3	inf
47	2	10	3	14	28	3	inf
47	2	10	6	14	28	3	inf
47	2	10	11	14	28	3	4
47	2	10	14	14	28	2	14
47	2	10	17	14	28	3	0
47	2	10	20	14	28	2	33
47	2	10	23	14	28	3	43
47	2	11	1	14	28	3	4
47	2	11	9	14	28	3	inf
47	2	11	17	14	28	3	43
47	2	11	20	14	28	2	33
47	2	11	23	14	28	3	0
47	2	11	26	14	28	2	14
47	2	12	1	14	28	3	0
47	2	12	4	14	28	2	33
47	2	12	7	14	28	3	43
47	2	12	15	14	28	3	inf
47	2	12	18	14	28	3	inf
47	2	12	23	14	28	3	4
47	2	12	26	14	28	2	14
47	2	13	1	14	28	3	43
47	2	13	4	14	28	2	33
47	2	13	7	14	28	3	0
47	2	13	10	14	28	2	14
47	2	13	13	14	28	3	4
47	2	13	21	14	28	3	inf
53	1	0	0	4	16	2	1
53	1	0	6	4	16	2	37
53	1	0	7	4	16	3	0
53	1	0	8	4	16	2	16
53	1	0	14	4	16	2	52
53	1	0	15	4	16	3	inf
53	1	1	2	4	16	2	16
53	1	1	3	4	16	3	0
53	1	1	4	4	16	2	37
53	1	1	10	4	16	2	1
53	1	1	11	4	16	3	inf
53	1	1	12	4	16	2	52
53	1	1	14	4	16	3	inf
53	1	2	0	4	16	2	16
53	1	2	6	4	16	2	52
53	1	2	7	4	16	3	inf
53	1	2	8	4	16	2	1
53	1	2	14	4	16	2	37
53	1	2	15	4	16	3	0
53	1	3	2	4	16	2	1
53	1	3	3	4	16	3	inf
53	1	3	4	4	16	2	52
53	1	3	6	4	16	3	inf
53	1	3	10	4	16	2	16
53	1	3	11	4	16	3	0
53	1	3	12	4	16	2	37
53	2	0	0	4	16	2	52
53	2	0	2	4	16	3	inf
53	2	0	6	4	16	2	16
53	2	0	7	4	16	3	0
53	2	0	8	4	16	2	37
53	2	0	14	4	16	2	1
53	2	0	15	4	16	3	inf
53	2	1	2	4	16	2	37
53	2	1	3	4	16	3	0
53	2	1	4	4	16	2	16
53	2	1	10	4	16	2	52
53	2	1	11	4	16	3	inf
53	2	1	12	4	16	2	1
53	2	2	0	4	16	2	37
53	2	2	6	4	16	2	1
53	2	2	7	4	16	3	inf
53	2	2	8	4	16	2	52
53	2	2	10	4	16	3	inf
53	2	2	14	4	16	2	16
53	2	2	15	4	16	3	0
53	2	3	2	4	16	2	52
53	2	3	3	4	16	3	inf
53	2	3	4	4	16	2	1
53	2	3	10	4	16	2	37
53	2	3	11	4	16	3	0
53	2	3	12	4	16	2	16
59	1	0	0	56	56	2	1
59	1	0	5	56	56	2	37
59	1	0	8	56	56	2	41
59	1	0	18	56	56	2	41
59	1	0	21	56	56	2	37
59	1	0	26	56	56	2	1
59	1	0	27	56	56	3	inf
59	1	0	28	56	56	2	58
59	1	0	30	56	56	3	inf
59	1	0	33	56	56	2	22
59	1	0	36	56	56	2	18
59	1	0	46	56	56	2	18
59	1	0	49	56	56	2	22
59	1	0	54	56	56	2	58
59	1	0	55	56	56	3	inf
59	1	1	3	56	56	2	1
59	1	1	4	56	56	3	inf
59	1	1	5	56	56	2	58
59	1	1	7	56	56	3	inf
59	1	1	10	56	56	2	22
59	1	1	13	56	56	2	18
59	1	1	23	56	56	2	18
59	1	1	26	56	56	2	22
59	1	1	31	56	56	2	58
59	1	1	32	56	56	3	inf
59	1	1	33	56	56	2	1
59	1	1	38	56	56	2	37
59	1	1	41	56	56	2	41
59	1	1	51	56	56	2	41
59	1	1	54	56	56	2	37
59	1	2	0	56	56	2	18
59	1	2	3	56	56	2	22
59	1	2	8	56	56	2	58
59	1	2	9	56	56	3	inf
59	1	2	10	56	56	2	1
59	1	2	15	56	56	2	37
59	1	2	18	56	56	2	41
59	1	2	28	56	56	2	41
59	1	2	31	56	56	2	37
59	1	2	36	56	56	2	1
59	1	2	37	56	56	3	inf
59	1	2	38	56	56	2	58
59	1	2	40	56	56	3	inf
59	1	2	43	56	56	2	22
59	1	2	46	56	56	2	18
59	1	3	5	56	56	2	41
59	1	3	8	56	56	2	37
59	1	3	13	56	56	2	1
59	1	3	14	56	56	3	inf
59	1	3	15	56	56	2	58
59	1	3	17	56	56	3	inf
59	1	3	20	56	56	2	22
59	1	3	23	56	56	2	18
59	1	3	33	56	56	2	18
59	1	3	36	56	56	2	22
59	1	3	41	56	56	2	58
59	1	3	42	56	56	3	inf
59	1	3	43	56	56	2	1
59	1	3	48	56	56	2	37
59	1	3	51	56	56	2	41
59	1	4	0	56	56	2	18
59	1	4	10	56	56	2	18
59	1	4	13	56	56	2	22
59	1	4	18	56	56	2	58
59	1	4	19	56	56	3	inf
59	1	4	20	56	56	2	1
59	1	4	25	56	56	2	37
59	1	4	28	56	56	2	41
59	1	4	38	56	56	2	41
59	1	4	41	56	56	2	37
59	1	4	46	56	56	2	1
59	1	4	47	56	56	3	inf
59	1	4	48	56	56	2	58
59	1	4	50	56	56	3	inf
59	1	4	53	56	56	2	22
59	1	5	2	56	56	2	37
59	1	5	5	56	56	2	41
59	1	5	15	56	56	2	41
59	1	5	18	56	56	2	37
59	1	5	23	56	56	2	1
59	1	5	24	56	56	3	inf
59	1	5	25	56	56	2	58
59	1	5	27	56	56	3	inf
59	1	5	30	56	56	2	22
59	1	5	33	56	56	2	18
59	1	5	43	56	56	2	18
59	1	5	46	56	56	2	22
59	1	5	51	56	56	2	58
59	1	5	52	56	56	3	inf
59	1	5	53	56	56	2	1
59	1	6	0	56	56	2	1
59	1	6	1	56	56	3	inf
59	1	6	2	56	56	2	58
59	1	6	4	56	56	3	inf
59	1	6	7	56	56	2	22
59	1	6	10	56	56	2	18
59	1	6	20	56	56	2	18
59	1	6	23	56	56	2	22
59	1	6	28	56	56	2	58
59	1	6	29	56	56	3	inf
59	1	6	30	56	56	2	1
59	1	6	35	56	56	2	37
59	1	6	38	56	56	2	41
59	1	6	48	56	56	2	41
59	1	6	51	56	56	2	37
59	1	7	0	56	56	2	22
59	1	7	5	56	56	2	58
59	1	7	6	56	56	3	inf
59	1	7	7	56	56	2	1
59	1	7	12	56	56	2	37
59	1	7	15	56	56	2	41
59	1	7	25	56	56	2	41
59	1	7	28	56	56	2	37
59	1	7	33	56	56	2	1
59	1	7	34	56	56	3	inf
59	1	7	35	56	56	2	58
59	1	7	37	56	56	3	inf
59	1	7	40	56	56	2	22
59	1	7	43	56	56	2	18
59	1	7	53	56	56	2	18
59	1	8	2	56	56	2	41
59	1	8	5	56	56	2	37
59	1	8	10	56	56	2	1
59	1	8	11	56	56	3	inf
59	1	8	12	56	56	2	58
59	1	8	14	56	56	3	inf
59	1	8	17	56	56	2	22
59	1	8	20	56	56	2	18
59	1	8	30	56	56	2	18
59	1	8	33	56	56	2	22
59	1	8	38	56	56	2	58
59	1	8	39	56	56	3	inf
59	1	8	40	56	56	2	1
59	1	8	45	56	56	2	37
59	1	8	48	56	56	2	41
59	1	9	7	56	56	2	18
59	1	9	10	56	56	2	22
59	1	9	15	56	56	2	58
59	1	9	16	56	56	3	inf
59	1	9	17	56	56	2	1
59	1	9	22	56	56	2	37
59	1	9	25	56	56	2	41
59	1	9	35	56	56	2	41
59	1	9	38	56	56	2	37
59	1	9	43	56	56	2	1
59	1	9	44	56	56	3	inf
59	1	9	45	56	56	2	58
59	1	9	47	56	56	3	inf
59	1	9	50	56	56	2	22
59	1	9	53	56	56	2	18
59	1	10	2	56	56	2	41
59	1	10	12	56	56	2	41
59	1	10	15	56	56	2	37
59	1	10	20	56	56	2	1
59	1	10	21	56	56	3	inf
59	1	10	22	56	56	2	58
59	1	10	24	56	56	3	inf
59	1	10	27	56	56	2	22
59	1	10	30	56	56	2	18
59	1	10	40	56	56	2	18
59	1	10	43	56	56	2	22
59	1	10	48	56	56	2	58
59	1	10	49	56	56	3	inf
59	1	10	50	56	56	2	1
59	1	10	55	56	56	2	37
59	1	11	1	56	56	3	inf
59	1	11	4	56	56	2	22
59	1	11	7	56	56	2	18
59	1	11	17	56	56	2	18
59	1	11	20	56	56	2	22
59	1	11	25	56	56	2	58
59	1	11	26	56	56	3	inf
59	1	11	27	56	56	2	1
59	1	11	32	56	56	2	37
59	1	11	35	56	56	2	41
59	1	11	45	56	56	2	41
59	1	11	48	56	56	2	37
59	1	11	53	56	56	2	1
59	1	11	54	56	56	3	inf
59	1	11	55	56	56	2	58
59	1	12	2	56	56	2	58
59	1	12	3	56	56	3	inf
59	1	12	4	56	56	2	1
59	1	12	9	56	56	2	37
59	1	12	12	56	56	2	41
59	1	12	22	56	56	2	41
59	1	12	25	56	56	2	37
59	1	12	30	56	56	2	1
59	1	12	31	56	56	3	inf
59	1	12	32	56	56	2	58
59	1	12	34	56	56	3	inf
59	1	12	37	56	56	2	22
59	1	12	40	56	56	2	18
59	1	12	50	56	56	2	18
59	1	12	53	56	56	2	22
59	1	13	2	56	56	2	37
59	1	13	7	56	56	2	1
59	1	13	8	56	56	3	inf
59	1	13	9	56	56	2	58
59	1	13	11	56	56	3	inf
59	1	13	14	56	56	2	22
59	1	13	17	56	56	2	18
59	1	13	27	56	56	2	18
59	1	13	30	56	56	2	22
59	1	13	35	56	56	2	58
59	1	13	36	56	56	3	inf
59	1	13	37	56	56	2	1
59	1	13	42	56	56	2	37
59	1	13	45	56	56	2	41
59	1	13	55	56	56	2	41
59	1	14	4	56	56	2	18
59	1	14	7	56	56	2	22
59	1	14	12	56	56	2	58
59	1	14	13	56	56	3	inf
59	1	14	14	56	56	2	1
59	1	14	19	56	56	2	37
59	1	14	22	56	56	2	41
59	1	14	32	56	56	2	41
59	1	14	35	56	56	2	37
59	1	14	40	56	56	2	1
59	1	14	41	56	56	3	inf
59	1	14	42	56	56	2	58
59	1	14	44	56	56	3	inf
59	1	14	47	56	56	2	22
59	1	14	50	56	56	2	18
59	1	15	9	56	56	2	41
59	1	15	12	56	56	2	37
59	1	15	17	56	56	2	1
59	1	15	18	56	56	3	inf
59	1	15	19	56	56	2	58
59	1	15	21	56	56	3	inf
59	1	15	24	56	56	2	22
59	1	15	27	56	56	2	18
59	1	15	37	56	56	2	18
59	1	15	40	56	56	2	22
59	1	15	45	56	56	2	58
59	1	15	46	56	56	3	inf
59	1	15	47	56	56	2	1
59	1	15	52	56	56	2	37
59	1	15	55	56	56	2	41
59	1	16	1	56	56	2	22
59	1	16	4	56	56	2	18
59	1	16	14	56	56	2	18
59	1	16	17	56	56	2	22
59	1	16	22	56	56	2	58
59	1	16	23	56	56	3	inf
59	1	16	24	56	56	2	1
59	1	16	29	56	56	2	37
59	1	16	32	56	56	2	41
59	1	16	42	56	56	2	41
59	1	16	45	56	56	2	37
59	1	16	50	56	56	2	1
59	1	16	51	56	56	3	inf
59	1	16	52	56	56	2	58
59	1	16	54	56	56	3	inf
59	1	17	0	56	56	3	inf
59	1	17	1	56	56	2	1
59	1	17	6	56	56	2	37
59	1	17	9	56	56	2	41
59	1	17	19	56	56	2	41
59	1	17	22	56	56	2	37
59	1	17	27	56	56	2	1
59	1	17	28	56	56	3	inf
59	1	17	29	56	56	2	58
59	1	17	31	56	56	3	inf
59	1	17	34	56	56	2	22
59	1	17	37	56	56	2	18
59	1	17	47	56	56	2	18
59	1	17	50	56	56	2	22
59	1	17	55	56	56	2	58
59	1	18	4	56	56	2	1
59	1	18	5	56	56	3	inf
59	1	18	6	56	56	2	58
59	1	18	8	56	56	3	inf
59	1	18	11	56	56	2	22
59	1	18	14	56	56	2	18
59	1	18	24	56	56	2	18
59	1	18	27	56	56	2	22
59	1	18	32	56	56	2	58
59	1	18	33	56	56	3	inf
59	1	18	34	56	56	2	1
59	1	18	39	56	56	2	37
59	1	18	42	56	56	2	41
59	1	18	52	56	56	2	41
59	1	18	55	56	56	2	37
59	1	19	1	56	56	2	18
59	1	19	4	56	56	2	22
59	1	19	9	56	56	2	58
59	1	19	10	56	56	3	inf
59	1	19	11	56	56	2	1
59	1	19	16	56	56	2	37
59	1	19	19	56	56	2	41
59	1	19	29	56	56	2	41
59	1	19	32	56	56	2	37
59	1	19	37	56	56	2	1
59	1	19	38	56	56	3	inf
59	1	19	39	56	56	2	58
59	1	19	41	56	56	3	inf
59	1	19	44	56	56	2	22
59	1	19	47	56	56	2	18
59	1	20	6	56	56	2	41
59	1	20	9	56	56	2	37
59	1	20	14	56	56	2	1
59	1	20	15	56	56	3	inf
59	1	20	16	56	56	2	58
59	1	20	18	56	56	3	inf
59	1	20	21	56	56	2	22
59	1	20	24	56	56	2	18
59	1	20	34	56	56	2	18
59	1	20	37	56	56	2	22
59	1	20	42	56	56	2	58
59	1	20	43	56	56	3	inf
59	1	20	44	56	56	2	1
59	1	20	49	56	56	2	37
59	1	20	52	56	56	2	41
59	1	21	1	56	56	2	18
59	1	21	11	56	56	2	18
59	1	21	14	56	56	2	22
59	1	21	19	56	56	2	58
59	1	21	20	56	56	3	inf
59	1	21	21	56	56	2	1
59	1	21	26	56	56	2	37
59	1	21	29	56	56	2	41
59	1	21	39	56	56	2	41
59	1	21	42	56	56	2	37
59	1	21	47	56	56	2	1
59	1	21	48	56	56	3	inf
59	1	21	49	56	56	2	58
59	1	21	51	56	56	3	inf
59	1	21	54	56	56	2	22
59	1	22	3	56	56	2	37
59	1	22	6	56	56	2	41
59	1	22	16	56	56	2	41
59	1	22	19	56	56	2	37
59	1	22	24	56	56	2	1
59	1	22	25	56	56	3	inf
59	1	22	26	56	56	2	58
59	1	22	28	56	56	3	inf
59	1	22	31	56	56	2	22
59	1	22	34	56	56	2	18
59	1	22	44	56	56	2	18
59	1	22	47	56	56	2	22
59	1	22	52	56	56	2	58
59	1	22	53	56	56	3	inf
59	1	22	54	56	56	2	1
59	1	23	1	56	56	2	1
59	1	23	2	56	56	3	inf
59	1	23	3	56	56	2	58
59	1	23	5	56	56	3	inf
59	1	23	8	56	56	2	22
59	1	23	11	56	56	2	18
59	1	23	21	56	56	2	18
59	1	23	24	56	56	2	22
59	1	23	29	56	56	2	58
59	1	23	30	56	56	3	inf
59	1	23	31	56	56	2	1
59	1	23	36	56	56	2	37
59	1	23	39	56	56	2	41
59	1	23	49	56	56	2	41
59	1	23	52	56	56	2	37
59	1	24	1	56	56	2	22
59	1	24	6	56	56	2	58
59	1	24	7	56	56	3	inf
59	1	24	8	56	56	2	1
59	1	24	13	56	56	2	37
59	1	24	16	56	56	2	41
59	1	24	26	56	56	2	41
59	1	24	29	56	56	2	37
59	1	24	34	56	56	2	1
59	1	24	35	56	56	3	inf
59	1	24	36	56	56	2	58
59	1	24	38	56	56	3	inf
59	1	24	41	56	56	2	22
59	1	24	44	56	56	2	18
59	1	24	54	56	56	2	18
59	1	25	3	56	56	2	41
59	1	25	6	56	56	2	37
59	1	25	11	56	56	2	1
59	1	25	12	56	56	3	inf
59	1	25	13	56	56	2	58
59	1	25	15	56	56	3	inf
59	1	25	18	56	56	2	22
59	1	25	21	56	56	2	18
59	1	25	31	56	56	2	18
59	1	25	34	56	56	2	22
59	1	25	39	56	56	2	58
59	1	25	40	56	56	3	inf
59	1	25	41	56	56	2	1
59	1	25	46	56	56	2	37
59	1	25	49	56	56	2	41
59	1	26	8	56	56	2	18
59	1	26	11	56	56	2	22
59	1	26	16	56	56	2	58
59	1	26	17	56	56	3	inf
59	1	26	18	56	56	2	1
59	1	26	23	56	56	2	37
59	1	26	26	56	56	2	41
59	1	26	36	56	56	2	41
59	1	26	39	56	56	2	37
59	1	26	44	56	56	2	1
59	1	26	45	56	56	3	inf
59	1	26	46	56	56	2	58
59	1	26	48	56	56	3	inf
59	1	26	51	56	56	2	22
59	1	26	54	56	56	2	18
59	1	27	0	56	56	2	37
59	1	27	3	56	56	2	41
59	1	27	13	56	56	2	41
59	1	27	16	56	56	2	37
59	1	27	21	56	56	2	1
59	1	27	22	56	56	3	inf
59	1	27	23	56	56	2	58
59	1	27	25	56	56	3	inf
59	1	27	28	56	56	2	22
59	1	27	31	56	56	2	18
59	1	27	41	56	56	2	18
59	1	27	44	56	56	2	22
59	1	27	49	56	56	2	58
59	1	27	50	56	56	3	inf
59	1	27	51	56	56	2	1
59	1	28	0	56	56	2	58
59	1	28	2	56	56	3	inf
59	1	28	5	56	56	2	22
59	1	28	8	56	56	2	18
59	1	28	18	56	56	2	18
59	1	28	21	56	56	2	22
59	1	28	26	56	56	2	58
59	1	28	27	56	56	3	inf
59	1	28	28	56	56	2	1
59	1	28	33	56	56	2	37
59	1	28	36	56	56	2	41
59	1	28	46	56	56	2	41
59	1	28	49	56	56	2	37
59	1	28	54	56	56	2	1
59	1	28	55	56	56	3	inf
59	1	29	3	56	56	2	58
59	1	29	4	56	56	3	inf
59	1	29	5	56	56	2	1
59	1	29	10	56	56	2	37
59	1	29	13	56	56	2	41
59	1	29	23	56	56	2	41
59	1	29	26	56	56	2	37
59	1	29	31	56	56	2	1
59	1	29	32	56	56	3	inf
59	1	29	33	56	56	2	58
59	1	29	35	56	56	3	inf
59	1	29	38	56	56	2	22
59	1	29	41	56	56	2	18
59	1	29	51	56	56	2	18
59	1	29	54	56	56	2	22
59	1	30	0	56	56	2	41
59	1	30	3	56	56	2	37
59	1	30	8	56	56	2	1
59	1	30	9	56	56	3	inf
59	1	30	10	56	56	2	58
59	1	30	12	56	56	3	inf
59	1	30	15	56	56	2	22
59	1	30	18	56	56	2	18
59	1	30	28	56	56	2	18
59	1	30	31	56	56	2	22
59	1	30	36	56	56	2	58
59	1	30	37	56	56	3	inf
59	1	30	38	56	56	2	1
59	1	30	43	56	56	2	37
59	1	30	46	56	56	2	41
59	1	31	5	56	56	2	18
59	1	31	8	56	56	2	22
59	1	31	13	56	56	2	58
59	1	31	14	56	56	3	inf
59	1	31	15	56	56	2	1
59	1	31	20	56	56	2	37
59	1	31	23	56	56	2	41
59	1	31	33	56	56	2	41
59	1	31	36	56	56	2	37
59	1	31	41	56	56	2	1
59	1	31	42	56	56	3	inf
59	1	31	43	56	56	2	58
59	1	31	45	56	56	3	inf
59	1	31	48	56	56	2	22
59	1	31	51	56	56	2	18
59	1	32	0	56	56	2	41
59	1	32	10	56	56	2	41
59	1	32	13	56	56	2	37
59	1	32	18	56	56	2	1
59	1	32	19	56	56	3	inf
59	1	32	20	56	56	2	58
59	1	32	22	56	56	3	inf
59	1	32	25	56	56	2	22
59	1	32	28	56	56	2	18
59	1	32	38	56	56	2	18
59	1	32	41	56	56	2	22
59	1	32	46	56	56	2	58
59	1	32	47	56	56	3	inf
59	1	32	48	56	56	2	1
59	1	32	53	56	56	2	37
59	1	33	2	56	56	2	22
59	1	33	5	56	56	2	18
59	1	33	15	56	56	2	18
59	1	33	18	56	56	2	22
59	1	33	23	56	56	2	58
59	1	33	24	56	56	3	inf
59	1	33	25	56	56	2	1
59	1	33	30	56	56	2	37
59	1	33	33	56	56	2	41
59	1	33	43	56	56	2	41
59	1	33	46	56	56	2	37
59	1	33	51	56	56	2	1
59	1	33	52	56	56	3	inf
59	1	33	53	56	56	2	58
59	1	33	55	56	56	3	inf
59	1	34	0	56	56	2	58
59	1	34	1	56	56	3	inf
59	1	34	2	56	56	2	1
59	1	34	7	56	56	2	37
59	1	34	10	56	56	2	41
59	1	34	20	56	56	2	41
59	1	34	23	56	56	2	37
59	1	34	28	56	56	2	1
59	1	34	29	56	56	3	inf
59	1	34	30	56	56	2	58
59	1	34	32	56	56	3	inf
59	1	34	35	56	56	2	22
59	1	34	38	56	56	2	18
59	1	34	48	56	56	2	18
59	1	34	51	56	56	2	22
59	1	35	0	56	56	2	37
59	1	35	5	56	56	2	1
59	1	35	6	56	56	3	inf
59	1	35	7	56	56	2	58
59	1	35	9	56	56	3	inf
59	1	35	12	56	56	2	22
59	1	35	15	56	56	2	18
59	1	35	25	56	56	2	18
59	1	35	28	56	56	2	22
59	1	35	33	56	56	2	58
59	1	35	34	56	56	3	inf
59	1	35	35	56	56	2	1
59	1	35	40	56	56	2	37
59	1	35	43	56	56	2	41
59	1	35	53	56	56	2	41
59	1	36	2	56	56	2	18
59	1	36	5	56	56	2	22
59	1	36	10	56	56	2	58
59	1	36	11	56	56	3	inf
59	1	36	12	56	56	2	1
59	1	36	17	56	56	2	37
59	1	36	20	56	56	2	41
59	1	36	30	56	56	2	41
59	1	36	33	56	56	2	37
59	1	36	38	56	56	2	1
59	1	36	39	56	56	3	inf
59	1	36	40	56	56	2	58
59	1	36	42	56	56	3	inf
59	1	36	45	56	56	2	22
59	1	36	48	56	56	2	18
59	1	37	7	56	56	2	41
59	1	37	10	56	56	2	37
59	1	37	15	56	56	2	1
59	1	37	16	56	56	3	inf
59	1	37	17	56	56	2	58
59	1	37	19	56	56	3	inf
59	1	37	22	56	56	2	22
59	1	37	25	56	56	2	18
59	1	37	35	56	56	2	18
59	1	37	38	56	56	2	22
59	1	37	43	56	56	2	58
59	1	37	44	56	56	3	inf
59	1	37	45	56	56	2	1
59	1	37	50	56	56	2	37
59	1	37	53	56	56	2	41
59	1	38	2	56	56	2	18
59	1	38	12	56	56	2	18
59	1	38	15	56	56	2	22
59	1	38	20	56	56	2	58
59	1	38	21	56	56	3	inf
59	1	38	22	56	56	2	1
59	1	38	27	56	56	2	37
59	1	38	30	56	56	2	41
59	1	38	40	56	56	2	41
59	1	38	43	56	56	2	37
59	1	38	48	56	56	2	1
59	1	38	49	56	56	3	inf
59	1	38	50	56	56	2	58
59	1	38	52	56	56	3	inf
59	1	38	55	56	56	2	22
59	1	39	4	56	56	2	37
59	1	39	7	56	56	2	41
59	1	39	17	56	56	2	41
59	1	39	20	56	56	2	37
59	1	39	25	56	56	2	1
59	1	39	26	56	56	3	inf
59	1	39	27	56	56	2	58
59	1	39	29	56	56	3	inf
59	1	39	32	56	56	2	22
59	1	39	35	56	56	2	18
59	1	39	45	56	56	2	18
59	1	39	48	56	56	2	22
59	1	39	53	56	56	2	58
59	1	39	54	56	56	3	inf
59	1	39	55	56	56	2	1
59	1	40	2	56	56	2	1
59	1	40	3	56	56	3	inf
59	1	40	4	56	56	2	58
59	1	40	6	56	56	3	inf
59	1	40	9	56	56	2	22
59	1	40	12	56	56	2	18
59	1	40	22	56	56	2	18
59	1	40	25	56	56	2	22
59	1	40	30	56	56	2	58
59	1	40	31	56	56	3	inf
59	1	40	32	56	56	2	1
59	1	40	37	56	56	2	37
59	1	40	40	56	56	2	41
59	1	40	50	56	56	2	41
59	1	40	53	56	56	2	37
59	1	41	2	56	56	2	22
59	1	41	7	56	56	2	58
59	1	41	8	56	56	3	inf
59	1	41	9	56	56	2	1
59	1	41	14	56	56	2	37
59	1	41	17	56	56	2	41
59	1	41	27	56	56	2	41
59	1	41	30	56	56	2	37
59	1	41	35	56	56	2	1
59	1	41	36	56	56	3	inf
59	1	41	37	56	56	2	58
59	1	41	39	56	56	3	inf
59	1	41	42	56	56	2	22
59	1	41	45	56	56	2	18
59	1	41	55	56	56	2	18
59	1	42	4	56	56	2	41
59	1	42	7	56	56	2	37
59	1	42	12	56	56	2	1
59	1	42	13	56	56	3	inf
59	1	42	14	56	56	2	58
59	1	42	16	56	56	3	inf
59	1	42	19	56	56	2	22
59	1	42	22	56	56	2	18
59	1	42	32	56	56	2	18
59	1	42	35	56	56	2	22
59	1	42	40	56	56	2	58
59	1	42	41	56	56	3	inf
59	1	42	42	56	56	2	1
59	1	42	47	56	56	2	37
59	1	42	50	56	56	2	41
59	1	43	9	56	56	2	18
59	1	43	12	56	56	2	22
59	1	43	17	56	56	2	58
59	1	43	18	56	56	3	inf
59	1	43	19	56	56	2	1
59	1	43	24	56	56	2	37
59	1	43	27	56	56	2	41
59	1	43	37	56	56	2	41
59	1	43	40	56	56	2	37
59	1	43	45	56	56	2	1
59	1	43	46	56	56	3	inf
59	1	43	47	56	56	2	58
59	1	43	49	56	56	3	inf
59	1	43	52	56	56	2	22
59	1	43	55	56	56	2	18
59	1	44	1	56	56	2	37
59	1	44	4	56	56	2	41
59	1	44	14	56	56	2	41
59	1	44	17	56	56	2	37
59	1	44	22	56	56	2	1
59	1	44	23	56	56	3	inf
59	1	44	24	56	56	2	58
59	1	44	26	56	56	3	inf
59	1	44	29	56	56	2	22
59	1	44	32	56	56	2	18
59	1	44	42	56	56	2	18
59	1	44	45	56	56	2	22
59	1	44	50	56	56	2	58
59	1	44	51	56	56	3	inf
59	1	44	52	56	56	2	1
59	1	45	0	56	56	3	inf
59	1	45	1	56	56	2	58
59	1	45	3	56	56	3	inf
59	1	45	6	56	56	2	22
59	1	45	9	56	56	2	18
59	1	45	19	56	56	2	18
59	1	45	22	56	56	2	22
59	1	45	27	56	56	2	58
59	1	45	28	56	56	3	inf
59	1	45	29	56	56	2	1
59	1	45	34	56	56	2	37
59	1	45	37	56	56	2	41
59	1	45	47	56	56	2	41
59	1	45	50	56	56	2	37
59	1	45	55	56	56	2	1
59	1	46	4	56	56	2	58
59	1	46	5	56	56	3	inf
59	1	46	6	56	56	2	1
59	1	46	11	56	56	2	37
59	1	46	14	56	56	2	41
59	1	46	24	56	56	2	41
59	1	46	27	56	56	2	37
59	1	46	32	56	56	2	1
59	1	46	33	56	56	3	inf
59	1	46	34	56	56	2	58
59	1	46	36	56	56	3	inf
59	1	46	39	56	56	2	22
59	1	46	42	56	56	2	18
59	1	46	52	56	56	2	18
59	1	46	55	56	56	2	22
59	1	47	1	56	56	2	41
59	1	47	4	56	56	2	37
59	1	47	9	56	56	2	1
59	1	47	10	56	56	3	inf
59	1	47	11	56	56	2	58
59	1	47	13	56	56	3	inf
59	1	47	16	56	56	2	22
59	1	47	19	56	56	2	18
59	1	47	29	56	56	2	18
59	1	47	32	56	56	2	22
59	1	47	37	56	56	2	58
59	1	47	38	56	56	3	inf
59	1	47	39	56	56	2	1
59	1	47	44	56	56	2	37
59	1	47	47	56	56	2	41
59	1	48	6	56	56	2	18
59	1	48	9	56	56	2	22
59	1	48	14	56	56	2	58
59	1	48	15	56	56	3	inf
59	1	48	16	56	56	2	1
59	1	48	21	56	56	2	37
59	1	48	24	56	56	2	41
59	1	48	34	56	56	2	41
59	1	48	37	56	56	2	37
59	1	48	42	56	56	2	1
59	1	48	43	56	56	3	inf
59	1	48	44	56	56	2	58
59	1	48	46	56	56	3	inf
59	1	48	49	56	56	2	22
59	1	48	52	56	56	2	18
59	1	49	1	56	56	2	41
59	1	49	11	56	56	2	41
59	1	49	14	56	56	2	37
59	1	49	19	56	56	2	1
59	1	49	20	56	56	3	inf
59	1	49	21	56	56	2	58
59	1	49	23	56	56	3	inf
59	1	49	26	56	56	2	22
59	1	49	29	56	56	2	18
59	1	49	39	56	56	2	18
59	1	49	42	56	56	2	22
59	1	49	47	56	56	2	58
59	1	49	48	56	56	3	inf
59	1	49	49	56	56	2	1
59	1	49	54	56	56	2	37
59	1	50	0	56	56	3	inf
59	1	50	3	56	56	2	22
59	1	50	6	56	56	2	18
59	1	50	16	56	56	2	18
59	1	50	19	56	56	2	22
59	1	50	24	56	56	2	58
59	1	50	25	56	56	3	inf
59	1	50	26	56	56	2	1
59	1	50	31	56	56	2	37
59	1	50	34	56	56	2	41
59	1	50	44	56	56	2	41
59	1	50	47	56	56	2	37
59	1	50	52	56	56	2	1
59	1	50	53	56	56	3	inf
59	1	50	54	56	56	2	58
59	1	51	1	56	56	2	58
59	1	51	2	56	56	3	inf
59	1	51	3	56	56	2	1
59	1	51	8	56	56	2	37
59	1	51	11	56	56	2	41
59	1	51	21	56	56	2	41
59	1	51	24	56	56	2	37
59	1	51	29	56	56	2	1
59	1	51	30	56	56	3	inf
59	1	51	31	56	56	2	58
59	1	51	33	56	56	3	inf
59	1	51	36	56	56	2	22
59	1	51	39	56	56	2	18
59	1	51	49	56	56	2	18
59	1	51	52	56	56	2	22
59	1	52	1	56	56	2	37
59	1	52	6	56	56	2	1
59	1	52	7	56	56	3	inf
59	1	52	8	56	56	2	58
59	1	52	10	56	56	3	inf
59	1	52	13	56	56	2	22
59	1	52	16	56	56	2	18
59	1	52	26	56	56	2	18
59	1	52	29	56	56	2	22
59	1	52	34	56	56	2	58
59	1	52	35	56	56	3	inf
59	1	52	36	56	56	2	1
59	1	52	41	56	56	2	37
59	1	52	44	56	56	2	41
59	1	52	54	56	56	2	41
59	1	53	3	56	56	2	18
59	1	53	6	56	56	2	22
59	1	53	11	56	56	2	58
59	1	53	12	56	56	3	inf
59	1	53	13	56	56	2	1
59	1	53	18	56	56	2	37
59	1	53	21	56	56	2	41
59	1	53	31	56	56	2	41
59	1	53	34	56	56	2	37
59	1	53	39	56	56	2	1
59	1	53	40	56	56	3	inf
59	1	53	41	56	56	2	58
59	1	53	43	56	56	3	inf
59	1	53	46	56	56	2	22
59	1	53	49	56	56	2	18
59	1	54	8	56	56	2	41
59	1	54	11	56	56	2	37
59	1	54	16	56	56	2	1
59	1	54	17	56	56	3	inf
59	1	54	18	56	56	2	58
59	1	54	20	56	56	3	inf
59	1	54	23	56	56	2	22
59	1	54	26	56	56	2	18
59	1	54	36	56	56	2	18
59	1	54	39	56	56	2	22
59	1	54	44	56	56	2	58
59	1	54	45	56	56	3	inf
59	1	54	46	56	56	2	1
59	1	54	51	56	56	2	37
59	1	54	54	56	56	2	41
59	1	55	0	56	56	2	22
59	1	55	3	56	56	2	18
59	1	55	13	56	56	2	18
59	1	55	16	56	56	2	22
59	1	55	21	56	56	2	58
59	1	55	22	56	56	3	inf
59	1	55	23	56	56	2	1
59	1	55	28	56	56	2	37
59	1	55	31	56	56	2	41
59	1	55	41	56	56	2	41
59	1	55	44	56	56	2	37
59	1	55	49	56	56	2	1
59	1	55	50	56	56	3	inf
59	1	55	51	56	56	2	58
59	1	55	53	56	56	3	inf
59	2	0	0	56	56	2	58
59	2	0	2	56	56	3	inf
59	2	0	5	56	56	2	22
59	2	0	8	56	56	2	18
59	2	0	18	56	56	2	18
59	2	0	21	56	56	2	22
59	2	0	26	56	56	2	58
59	2	0	27	56	56	3	inf
59	2	0	28	56	56	2	1
59	2	0	33	56	56	2	37
59	2	0	36	56	56	2	41
59	2	0	46	56	56	2	41
59	2	0	49	56	56	2	37
59	2	0	54	56	56	2	1
59	2	0	55	56	56	3	inf
59	2	1	3	56	56	2	58
59	2	1	4	56	56	3	inf
59	2	1	5	56	56	2	1
59	2	1	10	56	56	2	37
59	2	1	13	56	56	2	41
59	2	1	23	56	56	2	41
59	2	1	26	56	56	2	37
59	2	1	31	56	56	2	1
59	2	1	32	56	56	3	inf
59	2	1	33	56	56	2	58
59	2	1	35	56	56	3	inf
59	2	1	38	56	56	2	22
59	2	1	41	56	56	2	18
59	2	1	51	56	56	2	18
59	2	1	54	56	56	2	22
59	2	2	0	56	56	2	41
59	2	2	3	56	56	2	37
59	2	2	8	56	56	2	1
59	2	2	9	56	56	3	inf
59	2	2	10	56	56	2	58
59	2	2	12	56	56	3	inf
59	2	2	15	56	56	2	22
59	2	2	18	56	56	2	18
59	2	2	28	56	56	2	18
59	2	2	31	56	56	2	22
59	2	2	36	56	56	2	58
59	2	2	37	56	56	3	inf
59	2	2	38	56	56	2	1
59	2	2	43	56	56	2	37
59	2	2	46	56	56	2	41
59	2	3	5	56	56	2	18
59	2	3	8	56	56	2	22
59	2	3	13	56	56	2	58
59	2	3	14	56	56	3	inf
59	2	3	15	56	56	2	1
59	2	3	20	56	56	2	37
59	2	3	23	56	56	2	41
59	2	3	33	56	56	2	41
59	2	3	36	56	56	2	37
59	2	3	41	56	56	2	1
59	2	3	42	56	56	3	inf
59	2	3	43	56	56	2	58
59	2	3	45	56	56	3	inf
59	2	3	48	56	56	2	22
59	2	3	51	56	56	2	18
59	2	4	0	56	56	2	41
59	2	4	10	56	56	2	41
59	2	4	13	56	56	2	37
59	2	4	18	56	56	2	1
59	2	4	19	56	56	3	inf
59	2	4	20	56	56	2	58
59	2	4	22	56	56	3	inf
59	2	4	25	56	56	2	22
59	2	4	28	56	56	2	18
59	2	4	38	56	56	2	18
59	2	4	41	56	56	2	22
59	2	4	46	56	56	2	58
59	2	4	47	56	56	3	inf
59	2	4	48	56	56	2	1
59	2	4	53	56	56	2	37
59	2	5	2	56	56	2	22
59	2	5	5	56	56	2	18
59	2	5	15	56	56	2	18
59	2	5	18	56	56	2	22
59	2	5	23	56	56	2	58
59	2	5	24	56	56	3	inf
59	2	5	25	56	56	2	1
59	2	5	30	56	56	2	37
59	2	5	33	56	56	2	41
59	2	5	43	56	56	2	41
59	2	5	46	56	56	2	37
59	2	5	51	56	56	2	1
59	2	5	52	56	56	3	inf
59	2	5	53	56	56	2	58
59	2	5	55	56	56	3	inf
59	2	6	0	56	56	2	58
59	2	6	1	56	56	3	inf
59	2	6	2	56	56	2	1
59	2	6	7	56	56	2	37
59	2	6	10	56	56	2	41
59	2	6	20	56	56	2	41
59	2	6	23	56	56	2	37
59	2	6	28	56	56	2	1
59	2	6	29	56	56	3	inf
59	2	6	30	56	56	2	58
59	2	6	32	56	56	3	inf
59	2	6	35	56	56	2	22
59	2	6	38	56	56	2	18
59	2	6	48	56	56	2	18
59	2	6	51	56	56	2	22
59	2	7	0	56	56	2	37
59	2	7	5	56	56	2	1
59	2	7	6	56	56	3	inf
59	2	7	7	56	56	2	58
59	2	7	9	56	56	3	inf
59	2	7	12	56	56	2	22
59	2	7	15	56	56	2	18
59	2	7	25	56	56	2	18
59	2	7	28	56	56	2	22
59	2	7	33	56	56	2	58
59	2	7	34	56	56	3	inf
59	2	7	35	56	56	2	1
59	2	7	40	56	56	2	37
59	2	7	43	56	56	2	41
59	2	7	53	56	56	2	41
59	2	8	2	56	56	2	18
59	2	8	5	56	56	2	22
59	2	8	10	56	56	2	58
59	2	8	11	56	56	3	inf
59	2	8	12	56	56	2	1
59	2	8	17	56	56	2	37
59	2	8	20	56	56	2	41
59	2	8	30	56	56	2	41
59	2	8	33	56	56	2	37
59	2	8	38	56	56	2	1
59	2	8	39	56	56	3	inf
59	2	8	40	56	56	2	58
59	2	8	42	56	56	3	inf
59	2	8	45	56	56	2	22
59	2	8	48	56	56	2	18
59	2	9	7	56	56	2	41
59	2	9	10	56	56	2	37
59	2	9	15	56	56	2	1
59	2	9	16	56	56	3	inf
59	2	9	17	56	56	2	58
59	2	9	19	56	56	3	inf
59	2	9	22	56	56	2	22
59	2	9	25	56	56	2	18
59	2	9	35	56	56	2	18
59	2	9	38	56	56	2	22
59	2	9	43	56	56	2	58
59	2	9	44	56	56	3	inf
59	2	9	45	56	56	2	1
59	2	9	50	56	56	2	37
59	2	9	53	56	56	2	41
59	2	10	2	56	56	2	18
59	2	10	12	56	56	2	18
59	2	10	15	56	56	2	22
59	2	10	20	56	56	2	58
59	2	10	21	56	56	3	inf
59	2	10	22	56	56	2	1
59	2	10	27	56	56	2	37
59	2	10	30	56	56	2	41
59	2	10	40	56	56	2	41
59	2	10	43	56	56	2	37
59	2	10	48	56	56	2	1
59	2	10	49	56	56	3	inf
59	2	10	50	56	56	2	58
59	2	10	52	56	56	3	inf
59	2	10	55	56	56	2	22
59	2	11	4	56	56	2	37
59	2	11	7	56	56	2	41
59	2	11	17	56	56	2	41
59	2	11	20	56	56	2	37
59	2	11	25	56	56	2	1
59	2	11	26	56	56	3	inf
59	2	11	27	56	56	2	58
59	2	11	29	56	56	3	inf
59	2	11	32	56	56	2	22
59	2	11	35	56	56	2	18
59	2	11	45	56	56	2	18
59	2	11	48	56	56	2	22
59	2	11	53	56	56	2	58
59	2	11	54	56	56	3	inf
59	2	11	55	56	56	2	1
59	2	12	2	56	56	2	1
59	2	12	3	56	56	3	inf
59	2	12	4	56	56	2	58
59	2	12	6	56	56	3	inf
59	2	12	9	56	56	2	22
59	2	12	12	56	56	2	18
59	2	12	22	56	56	2	18
59	2	12	25	56	56	2	22
59	2	12	30	56	56	2	58
59	2	12	31	56	56	3	inf
59	2	12	32	56	56	2	1
59	2	12	37	56	56	2	37
59	2	12	40	56	56	2	41
59	2	12	50	56	56	2	41
59	2	12	53	56	56	2	37
59	2	13	2	56	56	2	22
59	2	13	7	56	56	2	58
59	2	13	8	56	56	3	inf
59	2	13	9	56	56	2	1
59	2	13	14	56	56	2	37
59	2	13	17	56	56	2	41
59	2	13	27	56	56	2	41
59	2	13	30	56	56	2	37
59	2	13	35	56	56	2	1
59	2	13	36	56	56	3	inf
59	2	13	37	56	56	2	58
59	2	13	39	56	56	3	inf
59	2	13	42	56	56	2	22
59	2	13	45	56	56	2	18
59	2	13	55	56	56	2	18
59	2	14	4	56	56	2	41
59	2	14	7	56	56	2	37
59	2	14	12	56	56	2	1
59	2	14	13	56	56	3	inf
59	2	14	14	56	56	2	58
59	2	14	16	56	56	3	inf
59	2	14	19	56	56	2	22
59	2	14	22	56	56	2	18
59	2	14	32	56	56	2	18
59	2	14	35	56	56	2	22
59	2	14	40	56	56	2	58
59	2	14	41	56	56	3	inf
59	2	14	42	56	56	2	1
59	2	14	47	56	56	2	37
59	2	14	50	56	56	2	41
59	2	15	9	56	56	2	18
59	2	15	12	56	56	2	22
59	2	15	17	56	56	2	58
59	2	15	18	56	56	3	inf
59	2	15	19	56	56	2	1
59	2	15	24	56	56	2	37
59	2	15	27	56	56	2	41
59	2	15	37	56	56	2	41
59	2	15	40	56	56	2	37
59	2	15	45	56	56	2	1
59	2	15	46	56	56	3	inf
59	2	15	47	56	56	2	58
59	2	15	49	56	56	3	inf
59	2	15	52	56	56	2	22
59	2	15	55	56	56	2	18
59	2	16	1	56	56	2	37
59	2	16	4	56	56	2	41
59	2	16	14	56	56	2	41
59	2	16	17	56	56	2	37
59	2	16	22	56	56	2	1
59	2	16	23	56	56	3	inf
59	2	16	24	56	56	2	58
59	2	16	26	56	56	3	inf
59	2	16	29	56	56	2	22
59	2	16	32	56	56	2	18
59	2	16	42	56	56	2	18
59	2	16	45	56	56	2	22
59	2	16	50	56	56	2	58
59	2	16	51	56	56	3	inf
59	2	16	52	56	56	2	1
59	2	17	0	56	56	3	inf
59	2	17	1	56	56	2	58
59	2	17	3	56	56	3	inf
59	2	17	6	56	56	2	22
59	2	17	9	56	56	2	18
59	2	17	19	56	56	2	18
59	2	17	22	56	56	2	22
59	2	17	27	56	56	2	58
59	2	17	28	56	56	3	inf
59	2	17	29	56	56	2	1
59	2	17	34	56	56	2	37
59	2	17	37	56	56	2	41
59	2	17	47	56	56	2	41
59	2	17	50	56	56	2	37
59	2	17	55	56	56	2	1
59	2	18	4	56	56	2	58
59	2	18	5	56	56	3	inf
59	2	18	6	56	56	2	1
59	2	18	11	56	56	2	37
59	2	18	14	56	56	2	41
59	2	18	24	56	56	2	41
59	2	18	27	56	56	2	37
59	2	18	32	56	56	2	1
59	2	18	33	56	56	3	inf
59	2	18	34	56	56	2	58
59	2	18	36	56	56	3	inf
59	2	18	39	56	56	2	22
59	2	18	42	56	56	2	18
59	2	18	52	56	56	2	18
59	2	18	55	56	56	2	22
59	2	19	1	56	56	2	41
59	2	19	4	56	56	2	37
59	2	19	9	56	56	2	1
59	2	19	10	56	56	3	inf
59	2	19	11	56	56	2	58
59	2	19	13	56	56	3	inf
59	2	19	16	56	56	2	22
59	2	19	19	56	56	2	18
59	2	19	29	56	56	2	18
59	2	19	32	56	56	2	22
59	2	19	37	56	56	2	58
59	2	19	38	56	56	3	inf
59	2	19	39	56	56	2	1
59	2	19	44	56	56	2	37
59	2	19	47	56	56	2	41
59	2	20	6	56	56	2	18
59	2	20	9	56	56	2	22
59	2	20	14	56	56	2	58
59	2	20	15	56	56	3	inf
59	2	20	16	56	56	2	1
59	2	20	21	56	56	2	37
59	2	20	24	56	56	2	41
59	2	20	34	56	56	2	41
59	2	20	37	56	56	2	37
59	2	20	42	56	56	2	1
59	2	20	43	56	56	3	inf
59	2	20	44	56	56	2	58
59	2	20	46	56	56	3	inf
59	2	20	49	56	56	2	22
59	2	20	52	56	56	2	18
59	2	21	1	56	56	2	41
59	2	21	11	56	56	2	41
59	2	21	14	56	56	2	37
59	2	21	19	56	56	2	1
59	2	21	20	56	56	3	inf
59	2	21	21	56	56	2	58
59	2	21	23	56	56	3	inf
59	2	21	26	56	56	2	22
59	2	21	29	56	56	2	18
59	2	21	39	56	56	2	18
59	2	21	42	56	56	2	22
59	2	21	47	56	56	2	58
59	2	21	48	56	56	3	inf
59	2	21	49	56	56	2	1
59	2	21	54	56	56	2	37
59	2	22	0	56	56	3	inf
59	2	22	3	56	56	2	22
59	2	22	6	56	56	2	18
59	2	22	16	56	56	2	18
59	2	22	19	56	56	2	22
59	2	22	24	56	56	2	58
59	2	22	25	56	56	3	inf
59	2	22	26	56	56	2	1
59	2	22	31	56	56	2	37
59	2	22	34	56	56	2	41
59	2	22	44	56	56	2	41
59	2	22	47	56	56	2	37
59	2	22	52	56	56	2	1
59	2	22	53	56	56	3	inf
59	2	22	54	56	56	2	58
59	2	23	1	56	56	2	58
59	2	23	2	56	56	3	inf
59	2	23	3	56	56	2	1
59	2	23	8	56	56	2	37
59	2	23	11	56	56	2	41
59	2	23	21	56	56	2	41
59	2	23	24	56	56	2	37
59	2	23	29	56	56	2	1
59	2	23	30	56	56	3	inf
59	2	23	31	56	56	2	58
59	2	23	33	56	56	3	inf
59	2	23	36	56	56	2	22
59	2	23	39	56	56	2	18
59	2	23	49	56	56	2	18
59	2	23	52	56	56	2	22
59	2	24	1	56	56	2	37
59	2	24	6	56	56	2	1
59	2	24	7	56	56	3	inf
59	2	24	8	56	56	2	58
59	2	24	10	56	56	3	inf
59	2	24	13	56	56	2	22
59	2	24	16	56	56	2	18
59	2	24	26	56	56	2	18
59	2	24	29	56	56	2	22
59	2	24	34	56	56	2	58
59	2	24	35	56	56	3	inf
59	2	24	36	56	56	2	1
59	2	24	41	56	56	2	37
59	2	24	44	56	56	2	41
59	2	24	54	56	56	2	41
59	2	25	3	56	56	2	18
59	2	25	6	56	56	2	22
59	2	25	11	56	56	2	58
59	2	25	12	56	56	3	inf
59	2	25	13	56	56	2	1
59	2	25	18	56	56	2	37
59	2	25	21	56	56	2	41
59	2	25	31	56	56	2	41
59	2	25	34	56	56	2	37
59	2	25	39	56	56	2	1
59	2	25	40	56	56	3	inf
59	2	25	41	56	56	2	58
59	2	25	43	56	56	3	inf
59	2	25	46	56	56	2	22
59	2	25	49	56	56	2	18
59	2	26	8	56	56	2	41
59	2	26	11	56	56	2	37
59	2	26	16	56	56	2	1
59	2	26	17	56	56	3	inf
59	2	26	18	56	56	2	58
59	2	26	20	56	56	3	inf
59	2	26	23	56	56	2	22
59	2	26	26	56	56	2	18
59	2	26	36	56	56	2	18
59	2	26	39	56	56	2	22
59	2	26	44	56	56	2	58
59	2	26	45	56	56	3	inf
59	2	26	46	56	56	2	1
59	2	26	51	56	56	2	37
59	2	26	54	56	56	2	41
59	2	27	0	56	56	2	22
59	2	27	3	56	56	2	18
59	2	27	13	56	56	2	18
59	2	27	16	56	56	2	22
59	2	27	21	56	56	2	58
59	2	27	22	56	56	3	inf
59	2	27	23	56	56	2	1
59	2	27	28	56	56	2	37
59	2	27	31	56	56	2	41
59	2	27	41	56	56	2	41
59	2	27	44	56	56	2	37
59	2	27	49	56	56	2	1
59	2	27	50	56	56	3	inf
59	2	27	51	56	56	2	58
59	2	27	53	56	56	3	inf
59	2	28	0	56	56	2	1
59	2	28	5	56	56	2	37
59	2	28	8	56	56	2	41
59	2	28	18	56	56	2	41
59	2	28	21	56	56	2	37
59	2	28	26	56	56	2	1
59	2	28	27	56	56	3	inf
59	2	28	28	56	56	2	58
59	2	28	30	56	56	3	inf
59	2	28	33	56	56	2	22
59	2	28	36	56	56	2	18
59	2	28	46	56	56	2	18
59	2	28	49	56	56	2	22
59	2	28	54	56	56	2	58
59	2	28	55	56	56	3	inf
59	2	29	3	56	56	2	1
59	2	29	4	56	56	3	inf
59	2	29	5	56	56	2	58
59	2	29	7	56	56	3	inf
59	2	29	10	56	56	2	22
59	2	29	13	56	56	2	18
59	2	29	23	56	56	2	18
59	2	29	26	56	56	2	22
59	2	29	31	56	56	2	58
59	2	29	32	56	56	3	inf
59	2	29	33	56	56	2	1
59	2	29	38	56	56	2	37
59	2	29	41	56	56	2	41
59	2	29	51	56	56	2	41
59	2	29	54	56	56	2	37
59	2	30	0	56	56	2	18
59	2	30	3	56	56	2	22
59	2	30	8	56	56	2	58
59	2	30	9	56	56	3	inf
59	2	30	10	56	56	2	1
59	2	30	15	56	56	2	37
59	2	30	18	56	56	2	41
59	2	30	28	56	56	2	41
59	2	30	31	56	56	2	37
59	2	30	36	56	56	2	1
59	2	30	37	56	56	3	inf
59	2	30	38	56	56	2	58
59	2	30	40	56	56	3	inf
59	2	30	43	56	56	2	22
59	2	30	46	56	56	2	18
59	2	31	5	56	56	2	41
59	2	31	8	56	56	2	37
59	2	31	13	56	56	2	1
59	2	31	14	56	56	3	inf
59	2	31	15	56	56	2	58
59	2	31	17	56	56	3	inf
59	2	31	20	56	56	2	22
59	2	31	23	56	56	2	18
59	2	31	33	56	56	2	18
59	2	31	36	56	56	2	22
59	2	31	41	56	56	2	58
59	2	31	42	56	56	3	inf
59	2	31	43	56	56	2	1
59	2	31	48	56	56	2	37
59	2	31	51	56	56	2	41
59	2	32	0	56	56	2	18
59	2	32	10	56	56	2	18
59	2	32	13	56	56	2	22
59	2	32	18	56	56	2	58
59	2	32	19	56	56	3	inf
59	2	32	20	56	56	2	1
59	2	32	25	56	56	2	37
59	2	32	28	56	56	2	41
59	2	32	38	56	56	2	41
59	2	32	41	56	56	2	37
59	2	32	46	56	56	2	1
59	2	32	47	56	56	3	inf
59	2	32	48	56	56	2	58
59	2	32	50	56	56	3	inf
59	2	32	53	56	56	2	22
59	2	33	2	56	56	2	37
59	2	33	5	56	56	2	41
59	2	33	15	56	56	2	41
59	2	33	18	56	56	2	37
59	2	33	23	56	56	2	1
59	2	33	24	56	56	3	inf
59	2	33	25	56	56	2	58
59	2	33	27	56	56	3	inf
59	2	33	30	56	56	2	22
59	2	33	33	56	56	2	18
59	2	33	43	56	56	2	18
59	2	33	46	56	56	2	22
59	2	33	51	56	56	2	58
59	2	33	52	56	56	3	inf
59	2	33	53	56	56	2	1
59	2	34	0	56	56	2	1
59	2	34	1	56	56	3	inf
59	2	34	2	56	56	2	58
59	2	34	4	56	56	3	inf
59	2	34	7	56	56	2	22
59	2	34	10	56	56	2	18
59	2	34	20	56	56	2	18
59	2	34	23	56	56	2	22
59	2	34	28	56	56	2	58
59	2	34	29	56	56	3	inf
59	2	34	30	56	56	2	1
59	2	34	35	56	56	2	37
59	2	34	38	56	56	2	41
59	2	34	48	56	56	2	41
59	2	34	51	56	56	2	37
59	2	35	0	56	56	2	22
59	2	35	5	56	56	2	58
59	2	35	6	56	56	3	inf
59	2	35	7	56	56	2	1
59	2	35	12	56	56	2	37
59	2	35	15	56	56	2	41
59	2	35	25	56	56	2	41
59	2	35	28	56	56	2	37
59	2	35	33	56	56	2	1
59	2	35	34	56	56	3	inf
59	2	35	35	56	56	2	58
59	2	35	37	56	56	3	inf
59	2	35	40	56	56	2	22
59	2	35	43	56	56	2	18
59	2	35	53	56	56	2	18
59	2	36	2	56	56	2	41
59	2	36	5	56	56	2	37
59	2	36	10	56	56	2	1
59	2	36	11	56	56	3	inf
59	2	36	12	56	56	2	58
59	2	36	14	56	56	3	inf
59	2	36	17	56	56	2	22
59	2	36	20	56	56	2	18
59	2	36	30	56	56	2	18
59	2	36	33	56	56	2	22
59	2	36	38	56	56	2	58
59	2	36	39	56	56	3	inf
59	2	36	40	56	56	2	1
59	2	36	45	56	56	2	37
59	2	36	48	56	56	2	41
59	2	37	7	56	56	2	18
59	2	37	10	56	56	2	22
59	2	37	15	56	56	2	58
59	2	37	16	56	56	3	inf
59	2	37	17	56	56	2	1
59	2	37	22	56	56	2	37
59	2	37	25	56	56	2	41
59	2	37	35	56	56	2	41
59	2	37	38	56	56	2	37
59	2	37	43	56	56	2	1
59	2	37	44	56	56	3	inf
59	2	37	45	56	56	2	58
59	2	37	47	56	56	3	inf
59	2	37	50	56	56	2	22
59	2	37	53	56	56	2	18
59	2	38	2	56	56	2	41
59	2	38	12	56	56	2	41
59	2	38	15	56	56	2	37
59	2	38	20	56	56	2	1
59	2	38	21	56	56	3	inf
59	2	38	22	56	56	2	58
59	2	38	24	56	56	3	inf
59	2	38	27	56	56	2	22
59	2	38	30	56	56	2	18
59	2	38	40	56	56	2	18
59	2	38	43	56	56	2	22
59	2	38	48	56	56	2	58
59	2	38	49	56	56	3	inf
59	2	38	50	56	56	2	1
59	2	38	55	56	56	2	37
59	2	39	1	56	56	3	inf
59	2	39	4	56	56	2	22
59	2	39	7	56	56	2	18
59	2	39	17	56	56	2	18
59	2	39	20	56	56	2	22
59	2	39	25	56	56	2	58
59	2	39	26	56	56	3	inf
59	2	39	27	56	56	2	1
59	2	39	32	56	56	2	37
59	2	39	35	56	56	2	41
59	2	39	45	56	56	2	41
59	2	39	48	56	56	2	37
59	2	39	53	56	56	2	1
59	2	39	54	56	56	3	inf
59	2	39	55	56	56	2	58
59	2	40	2	56	56	2	58
59	2	40	3	56	56	3	inf
59	2	40	4	56	56	2	1
59	2	40	9	56	56	2	37
59	2	40	12	56	56	2	41
59	2	40	22	56	56	2	41
59	2	40	25	56	56	2	37
59	2	40	30	56	56	2	1
59	2	40	31	56	56	3	inf
59	2	40	32	56	56	2	58
59	2	40	34	56	56	3	inf
59	2	40	37	56	56	2	22
59	2	40	40	56	56	2	18
59	2	40	50	56	56	2	18
59	2	40	53	56	56	2	22
59	2	41	2	56	56	2	37
59	2	41	7	56	56	2	1
59	2	41	8	56	56	3	inf
59	2	41	9	56	56	2	58
59	2	41	11	56	56	3	inf
59	2	41	14	56	56	2	22
59	2	41	17	56	56	2	18
59	2	41	27	56	56	2	18
59	2	41	30	56	56	2	22
59	2	41	35	56	56	2	58
59	2	41	36	56	56	3	inf
59	2	41	37	56	56	2	1
59	2	41	42	56	56	2	37
59	2	41	45	56	56	2	41
59	2	41	55	56	56	2	41
59	2	42	4	56	56	2	18
59	2	42	7	56	56	2	22
59	2	42	12	56	56	2	58
59	2	42	13	56	56	3	inf
59	2	42	14	56	56	2	1
59	2	42	19	56	56	2	37
59	2	42	22	56	56	2	41
59	2	42	32	56	56	2	41
59	2	42	35	56	56	2	37
59	2	42	40	56	56	2	1
59	2	42	41	56	56	3	inf
59	2	42	42	56	56	2	58
59	2	42	44	56	56	3	inf
59	2	42	47	56	56	2	22
59	2	42	50	56	56	2	18
59	2	43	9	56	56	2	41
59	2	43	12	56	56	2	37
59	2	43	17	56	56	2	1
59	2	43	18	56	56	3	inf
59	2	43	19	56	56	2	58
59	2	43	21	56	56	3	inf
59	2	43	24	56	56	2	22
59	2	43	27	56	56	2	18
59	2	43	37	56	56	2	18
59	2	43	40	56	56	2	22
59	2	43	45	56	56	2	58
59	2	43	46	56	56	3	inf
59	2	43	47	56	56	2	1
59	2	43	52	56	56	2	37
59	2	43	55	56	56	2	41
59	2	44	1	56	56	2	22
59	2	44	4	56	56	2	18
59	2	44	14	56	56	2	18
59	2	44	17	56	56	2	22
59	2	44	22	56	56	2	58
59	2	44	23	56	56	3	inf
59	2	44	24	56	56	2	1
59	2	44	29	56	56	2	37
59	2	44	32	56	56	2	41
59	2	44	42	56	56	2	41
59	2	44	45	56	56	2	37
59	2	44	50	56	56	2	1
59	2	44	51	56	56	3	inf
59	2	44	52	56	56	2	58
59	2	44	54	56	56	3	inf
59	2	45	0	56	56	3	inf
59	2	45	1	56	56	2	1
59	2	45	6	56	56	2	37
59	2	45	9	56	56	2	41
59	2	45	19	56	56	2	41
59	2	45	22	56	56	2	37
59	2	45	27	56	56	2	1
59	2	45	28	56	56	3	inf
59	2	45	29	56	56	2	58
59	2	45	31	56	56	3	inf
59	2	45	34	56	56	2	22
59	2	45	37	56	56	2	18
59	2	45	47	56	56	2	18
59	2	45	50	56	56	2	22
59	2	45	55	56	56	2	58
59	2	46	4	56	56	2	1
59	2	46	5	56	56	3	inf
59	2	46	6	56	56	2	58
59	2	46	8	56	56	3	inf
59	2	46	11	56	56	2	22
59	2	46	14	56	56	2	18
59	2	46	24	56	56	2	18
59	2	46	27	56	56	2	22
59	2	46	32	56	56	2	58
59	2	46	33	56	56	3	inf
59	2	46	34	56	56	2	1
59	2	46	39	56	56	2	37
59	2	46	42	56	56	2	41
59	2	46	52	56	56	2	41
59	2	46	55	56	56	2	37
59	2	47	1	56	56	2	18
59	2	47	4	56	56	2	22
59	2	47	9	56	56	2	58
59	2	47	10	56	56	3	inf
59	2	47	11	56	56	2	1
59	2	47	16	56	56	2	37
59	2	47	19	56	56	2	41
59	2	47	29	56	56	2	41
59	2	47	32	56	56	2	37
59	2	47	37	56	56	2	1
59	2	47	38	56	56	3	inf
59	2	47	39	56	56	2	58
59	2	47	41	56	56	3	inf
59	2	47	44	56	56	2	22
59	2	47	47	56	56	2	18
59	2	48	6	56	56	2	41
59	2	48	9	56	56	2	37
59	2	48	14	56	56	2	1
59	2	48	15	56	56	3	inf
59	2	48	16	56	56	2	58
59	2	48	18	56	56	3	inf
59	2	48	21	56	56	2	22
59	2	48	24	56	56	2	18
59	2	48	34	56	56	2	18
59	2	48	37	56	56	2	22
59	2	48	42	56	56	2	58
59	2	48	43	56	56	3	inf
59	2	48	44	56	56	2	1
59	2	48	49	56	56	2	37
59	2	48	52	56	56	2	41
59	2	49	1	56	56	2	18
59	2	49	11	56	56	2	18
59	2	49	14	56	56	2	22
59	2	49	19	56	56	2	58
59	2	49	20	56	56	3	inf
59	2	49	21	56	56	2	1
59	2	49	26	56	56	2	37
59	2	49	29	56	56	2	41
59	2	49	39	56	56	2	41
59	2	49	42	56	56	2	37
59	2	49	47	56	56	2	1
59	2	49	48	56	56	3	inf
59	2	49	49	56	56	2	58
59	2	49	51	56	56	3	inf
59	2	49	54	56	56	2	22
59	2	50	3	56	56	2	37
59	2	50	6	56	56	2	41
59	2	50	16	56	56	2	41
59	2	50	19	56	56	2	37
59	2	50	24	56	56	2	1
59	2	50	25	56	56	3	inf
59	2	50	26	56	56	2	58
59	2	50	28	56	56	3	inf
59	2	50	31	56	56	2	22
59	2	50	34	56	56	2	18
59	2	50	44	56	56	2	18
59	2	50	47	56	56	2	22
59	2	50	52	56	56	2	58
59	2	50	53	56	56	3	inf
59	2	50	54	56	56	2	1
59	2	51	1	56	56	2	1
59	2	51	2	56	56	3	inf
59	2	51	3	56	56	2	58
59	2	51	5	56	56	3	inf
59	2	51	8	56	56	2	22
59	2	51	11	56	56	2	18
59	2	51	21	56	56	2	18
59	2	51	24	56	56	2	22
59	2	51	29	56	56	2	58
59	2	51	30	56	56	3	inf
59	2	51	31	56	56	2	1
59	2	51	36	56	56	2	37
59	2	51	39	56	56	2	41
59	2	51	49	56	56	2	41
59	2	51	52	56	56	2	37
59	2	52	1	56	56	2	22
59	2	52	6	56	56	2	58
59	2	52	7	56	56	3	inf
59	2	52	8	56	56	2	1
59	2	52	13	56	56	2	37
59	2	52	16	56	56	2	41
59	2	52	26	56	56	2	41
59	2	52	29	56	56	2	37
59	2	52	34	56	56	2	1
59	2	52	35	56	56	3	inf
59	2	52	36	56	56	2	58
59	2	52	38	56	56	3	inf
59	2	52	41	56	56	2	22
59	2	52	44	56	56	2	18
59	2	52	54	56	56	2	18
59	2	53	3	56	56	2	41
59	2	53	6	56	56	2	37
59	2	53	11	56	56	2	1
59	2	53	12	56	56	3	inf
59	2	53	13	56	56	2	58
59	2	53	15	56	56	3	inf
59	2	53	18	56	56	2	22
59	2	53	21	56	56	2	18
59	2	53	31	56	56	2	18
59	2	53	34	56	56	2	22
59	2	53	39	56	56	2	58
59	2	53	40	56	56	3	inf
59	2	53	41	56	56	2	1
59	2	53	46	56	56	2	37
59	2	53	49	56	56	2	41
59	2	54	8	56	56	2	18
59	2	54	11	56	56	2	22
59	2	54	16	56	56	2	58
59	2	54	17	56	56	3	inf
59	2	54	18	56	56	2	1
59	2	54	23	56	56	2	37
59	2	54	26	56	56	2	41
59	2	54	36	56	56	2	41
59	2	54	39	56	56	2	37
59	2	54	44	56	56	2	1
59	2	54	45	56	56	3	inf
59	2	54	46	56	56	2	58
59	2	54	48	56	56	3	inf
59	2	54	51	56	56	2	22
59	2	54	54	56	56	2	18
59	2	55	0	56	56	2	37
59	2	55	3	56	56	2	41
59	2	55	13	56	56	2	41
59	2	55	16	56	56	2	37
59	2	55	21	56	56	2	1
59	2	55	22	56	56	3	inf
59	2	55	23	56	56	2	58
59	2	55	25	56	56	3	inf
59	2	55	28	56	56	2	22
59	2	55	31	56	56	2	18
59	2	55	41	56	56	2	18
59	2	55	44	56	56	2	22
59	2	55	49	56	56	2	58
59	2	55	50	56	56	3	inf
59	2	55	51	56	56	2	1
61	1	0	3	17	68	2	16
61	1	0	10	17	68	3	6
61	1	0	16	17	68	3	5
61	1	0	22	17	68	3	6
61	1	0	29	17	68	2	16
61	1	0	33	17	68	3	inf
61	1	0	36	17	68	3	inf
61	1	0	37	17	68	2	45
61	1	0	44	17	68	3	55
61	1	0	50	17	68	3	56
61	1	0	56	17	68	3	55
61	1	0	63	17	68	2	45
61	1	0	67	17	68	3	inf
61	1	1	3	17	68	3	inf
61	1	1	7	17	68	2	16
61	1	1	14	17	68	3	6
61	1	1	20	17	68	3	5
61	1	1	26	17	68	3	6
61	1	1	33	17	68	2	16
61	1	1	37	17	68	3	inf
61	1	1	40	17	68	3	inf
61	1	1	41	17	68	2	45
61	1	1	48	17	68	3	55
61	1	1	54	17	68	3	56
61	1	1	60	17	68	3	55
61	1	1	67	17	68	2	45
61	1	2	3	17	68	2	45
61	1	2	7	17	68	3	inf
61	1	2	11	17	68	2	16
61	1	2	18	17	68	3	6
61	1	2	24	17	68	3	5
61	1	2	30	17	68	3	6
61	1	2	37	17	68	2	16
61	1	2	41	17	68	3	inf
61	1	2	44	17	68	3	inf
61	1	2	45	17	68	2	45
61	1	2	52	17	68	3	55
61	1	2	58	17	68	3	56
61	1	2	64	17	68	3	55
61	1	3	0	17	68	3	55
61	1	3	7	17	68	2	45
61	1	3	11	17	68	3	inf
61	1	3	15	17	68	2	16
61	1	3	22	17	68	3	6
61	1	3	28	17	68	3	5
61	1	3	34	17	68	3	6
61	1	3	41	17	68	2	16
61	1	3	45	17	68	3	inf
61	1	3	48	17	68	3	inf
61	1	3	49	17	68	2	45
61	1	3	56	17	68	3	55
61	1	3	62	17	68	3	56
61	1	4	4	17	68	3	55
61	1	4	11	17	68	2	45
61	1	4	15	17	68	3	inf
61	1	4	19	17	68	2	16
61	1	4	26	17	68	3	6
61	1	4	32	17	68	3	5
61	1	4	38	17	68	3	6
61	1	4	45	17	68	2	16
61	1	4	49	17	68	3	inf
61	1	4	52	17	68	3	inf
61	1	4	53	17	68	2	45
61	1	4	60	17	68	3	55
61	1	4	66	17	68	3	56
61	1	5	2	17	68	3	56
61	1	5	8	17	68	3	55
61	1	5	15	17	68	2	45
61	1	5	19	17	68	3	inf
61	1	5	23	17	68	2	16
61	1	5	30	17	68	3	6
61	1	5	36	17	68	3	5
61	1	5	42	17	68	3	6
61	1	5	49	17	68	2	16
61	1	5	53	17	68	3	inf
61	1	5	56	17	68	3	inf
61	1	5	57	17	68	2	45
61	1	5	64	17	68	3	55
61	1	6	0	17	68	3	55
61	1	6	6	17	68	3	56
61	1	6	12	17	68	3	55
61	1	6	19	17	68	2	45
61	1	6	23	17	68	3	inf
61	1	6	27	17	68	2	16
61	1	6	34	17	68	3	6
61	1	6	40	17	68	3	5
61	1	6	46	17	68	3	6
61	1	6	53	17	68	2	16
61	1	6	57	17	68	3	inf
61	1	6	60	17	68	3	inf
61	1	6	61	17	68	2	45
61	1	7	4	17	68	3	55
61	1	7	10	17	68	3	56
61	1	7	16	17	68	3	55
61	1	7	23	17	68	2	45
61	1	7	27	17	68	3	inf
61	1	7	31	17	68	2	16
61	1	7	38	17	68	3	6
61	1	7	44	17	68	3	5
61	1	7	50	17	68	3	6
61	1	7	57	17	68	2	16
61	1	7	61	17	68	3	inf
61	1	7	64	17	68	3	inf
61	1	7	65	17	68	2	45
61	1	8	0	17	68	3	inf
61	1	8	1	17	68	2	45
61	1	8	8	17	68	3	55
61	1	8	14	17	68	3	56
61	1	8	20	17	68	3	55
61	1	8	27	17	68	2	45
61	1	8	31	17	68	3	inf
61	1	8	35	17	68	2	16
61	1	8	42	17	68	3	6
61	1	8	48	17	68	3	5
61	1	8	54	17	68	3	6
61	1	8	61	17	68	2	16
61	1	8	65	17	68	3	inf
61	1	9	1	17	68	3	inf
61	1	9	4	17	68	3	inf
61	1	9	5	17	68	2	45
61	1	9	12	17	68	3	55
61	1	9	18	17	68	3	56
61	1	9	24	17	68	3	55
61	1	9	31	17	68	2	45
61	1	9	35	17	68	3	inf
61	1	9	39	17	68	2	16
61	1	9	46	17	68	3	6
61	1	9	52	17	68	3	5
61	1	9	58	17	68	3	6
61	1	9	65	17	68	2	16
61	1	10	1	17	68	2	16
61	1	10	5	17	68	3	inf
61	1	10	8	17	68	3	inf
61	1	10	9	17	68	2	45
61	1	10	16	17	68	3	55
61	1	10	22	17	68	3	56
61	1	10	28	17	68	3	55
61	1	10	35	17	68	2	45
61	1	10	39	17	68	3	inf
61	1	10	43	17	68	2	16
61	1	10	50	17	68	3	6
61	1	10	56	17	68	3	5
61	1	10	62	17	68	3	6
61	1	11	5	17	68	2	16
61	1	11	9	17	68	3	inf
61	1	11	12	17	68	3	inf
61	1	11	13	17	68	2	45
61	1	11	20	17	68	3	55
61	1	11	26	17	68	3	56
61	1	11	32	17	68	3	55
61	1	11	39	17	68	2	45
61	1	11	43	17	68	3	inf
61	1	11	47	17	68	2	16
61	1	11	54	17	68	3	6
61	1	11	60	17	68	3	5
61	1	11	66	17	68	3	6
61	1	12	2	17	68	3	6
61	1	12	9	17	68	2	16
61	1	12	13	17	68	3	inf
61	1	12	16	17	68	3	inf
61	1	12	17	17	68	2	45
61	1	12	24	17	68	3	55
61	1	12	30	17	68	3	56
61	1	12	36	17	68	3	55
61	1	12	43	17	68	2	45
61	1	12	47	17	68	3	inf
61	1	12	51	17	68	2	16
61	1	12	58	17	68	3	6
61	1	12	64	17	68	3	5
61	1	13	0	17	68	3	5
61	1	13	6	17	68	3	6
61	1	13	13	17	68	2	16
61	1	13	17	17	68	3	inf
61	1	13	20	17	68	3	inf
61	1	13	21	17	68	2	45
61	1	13	28	17	68	3	55
61	1	13	34	17	68	3	56
61	1	13	40	17	68	3	55
61	1	13	47	17	68	2	45
61	1	13	51	17	68	3	inf
61	1	13	55	17	68	2	16
61	1	13	62	17	68	3	6
61	1	14	4	17	68	3	5
61	1	14	10	17	68	3	6
61	1	14	17	17	68	2	16
61	1	14	21	17	68	3	inf
61	1	14	24	17	68	3	inf
61	1	14	25	17	68	2	45
61	1	14	32	17	68	3	55
61	1	14	38	17	68	3	56
61	1	14	44	17	68	3	55
61	1	14	51	17	68	2	45
61	1	14	55	17	68	3	inf
61	1	14	59	17	68	2	16
61	1	14	66	17	68	3	6
61	1	15	2	17	68	3	6
61	1	15	8	17	68	3	5
61	1	15	14	17	68	3	6
61	1	15	21	17	68	2	16
61	1	15	25	17	68	3	inf
61	1	15	28	17	68	3	inf
61	1	15	29	17	68	2	45
61	1	15	36	17	68	3	55
61	1	15	42	17	68	3	56
61	1	15	48	17	68	3	55
61	1	15	55	17	68	2	45
61	1	15	59	17	68	3	inf
61	1	15	63	17	68	2	16
61	1	16	6	17	68	3	6
61	1	16	12	17	68	3	5
61	1	16	18	17	68	3	6
61	1	16	25	17	68	2	16
61	1	16	29	17	68	3	inf
61	1	16	32	17	68	3	inf
61	1	16	33	17	68	2	45
61	1	16	40	17	68	3	55
61	1	16	46	17	68	3	56
61	1	16	52	17	68	3	55
61	1	16	59	17	68	2	45
61	1	16	63	17	68	3	inf
61	1	16	67	17	68	2	16
61	2	0	2	17	68	3	inf
61	2	0	3	17	68	2	45
61	2	0	10	17	68	3	55
61	2	0	16	17	68	3	56
61	2	0	22	17	68	3	55
61	2	0	29	17	68	2	45
61	2	0	33	17	68	3	inf
61	2	0	37	17	68	2	16
61	2	0	44	17	68	3	6
61	2	0	50	17	68	3	5
61	2	0	56	17	68	3	6
61	2	0	63	17	68	2	16
61	2	0	67	17	68	3	inf
61	2	1	3	17	68	3	inf
61	2	1	6	17	68	3	inf
61	2	1	7	17	68	2	45
61	2	1	14	17	68	3	55
61	2	1	20	17	68	3	56
61	2	1	26	17	68	3	55
61	2	1	33	17	68	2	45
61	2	1	37	17	68	3	inf
61	2	1	41	17	68	2	16
61	2	1	48	17	68	3	6
61	2	1	54	17	68	3	5
61	2	1	60	17	68	3	6
61	2	1	67	17	68	2	16
61	2	2	3	17	68	2	16
61	2	2	7	17	68	3	inf
61	2	2	10	17	68	3	inf
61	2	2	11	17	68	2	45
61	2	2	18	17	68	3	55
61	2	2	24	17	68	3	56
61	2	2	30	17	68	3	55
61	2	2	37	17	68	2	45
61	2	2	41	17	68	3	inf
61	2	2	45	17	68	2	16
61	2	2	52	17	68	3	6
61	2	2	58	17	68	3	5
61	2	2	64	17	68	3	6
61	2	3	0	17	68	3	6
61	2	3	7	17	68	2	16
61	2	3	11	17	68	3	inf
61	2	3	14	17	68	3	inf
61	2	3	15	17	68	2	45
61	2	3	22	17	68	3	55
61	2	3	28	17	68	3	56
61	2	3	34	17	68	3	55
61	2	3	41	17	68	2	45
61	2	3	45	17	68	3	inf
61	2	3	49	17	68	2	16
61	2	3	56	17	68	3	6
61	2	3	62	17	68	3	5
61	2	4	4	17	68	3	6
61	2	4	11	17	68	2	16
61	2	4	15	17	68	3	inf
61	2	4	18	17	68	3	inf
61	2	4	19	17	68	2	45
61	2	4	26	17	68	3	55
61	2	4	32	17	68	3	56
61	2	4	38	17	68	3	55
61	2	4	45	17	68	2	45
61	2	4	49	17	68	3	inf
61	2	4	53	17	68	2	16
61	2	4	60	17	68	3	6
61	2	4	66	17	68	3	5
61	2	5	2	17	68	3	5
61	2	5	8	17	68	3	6
61	2	5	15	17	68	2	16
61	2	5	19	17	68	3	inf
61	2	5	22	17	68	3	inf
61	2	5	23	17	68	2	45
61	2	5	30	17	68	3	55
61	2	5	36	17	68	3	56
61	2	5	42	17	68	3	55
61	2	5	49	17	68	2	45
61	2	5	53	17	68	3	inf
61	2	5	57	17	68	2	16
61	2	5	64	17	68	3	6
61	2	6	0	17	68	3	6
61	2	6	6	17	68	3	5
61	2	6	12	17	68	3	6
61	2	6	19	17	68	2	16
61	2	6	23	17	68	3	inf
61	2	6	26	17	68	3	inf
61	2	6	27	17	68	2	45
61	2	6	34	17	68	3	55
61	2	6	40	17	68	3	56
61	2	6	46	17	68	3	55
61	2	6	53	17	68	2	45
61	2	6	57	17	68	3	inf
61	2	6	61	17	68	2	16
61	2	7	4	17	68	3	6
61	2	7	10	17	68	3	5
61	2	7	16	17	68	3	6
61	2	7	23	17	68	2	16
61	2	7	27	17	68	3	inf
61	2	7	30	17	68	3	inf
61	2	7	31	17	68	2	45
61	2	7	38	17	68	3	55
61	2	7	44	17	68	3	56
61	2	7	50	17	68	3	55
61	2	7	57	17	68	2	45
61	2	7	61	17	68	3	inf
61	2	7	65	17	68	2	16
61	2	8	1	17	68	2	16
61	2	8	8	17	68	3	6
61	2	8	14	17	68	3	5
61	2	8	20	17	68	3	6
61	2	8	27	17	68	2	16
61	2	8	31	17	68	3	inf
61	2	8	34	17	68	3	inf
61	2	8	35	17	68	2	45
61	2	8	42	17	68	3	55
61	2	8	48	17	68	3	56
61	2	8	54	17	68	3	55
61	2	8	61	17	68	2	45
61	2	8	65	17	68	3	inf
61	2	9	1	17	68	3	inf
61	2	9	5	17	68	2	16
61	2	9	12	17	68	3	6
61	2	9	18	17	68	3	5
61	2	9	24	17	68	3	6
61	2	9	31	17	68	2	16
61	2	9	35	17	68	3	inf
61	2	9	38	17	68	3	inf
61	2	9	39	17	68	2	45
61	2	9	46	17	68	3	55
61	2	9	52	17	68	3	56
61	2	9	58	17	68	3	55
61	2	9	65	17	68	2	45
61	2	10	1	17	68	2	45
61	2	10	5	17	68	3	inf
61	2	10	9	17	68	2	16
61	2	10	16	17	68	3	6
61	2	10	22	17	68	3	5
61	2	10	28	17	68	3	6
61	2	10	35	17	68	2	16
61	2	10	39	17	68	3	inf
61	2	10	42	17	68	3	inf
61	2	10	43	17	68	2	45
61	2	10	50	17	68	3	55
61	2	10	56	17	68	3	56
61	2	10	62	17	68	3	55
61	2	11	5	17	68	2	45
61	2	11	9	17	68	3	inf
61	2	11	13	17	68	2	16
61	2	11	20	17	68	3	6
61	2	11	26	17	68	3	5
61	2	11	32	17	68	3	6
61	2	11	39	17	68	2	16
61	2	11	43	17	68	3	inf
61	2	11	46	17	68	3	inf
61	2	11	47	17	68	2	45
61	2	11	54	17	68	3	55
61	2	11	60	17	68	3	56
61	2	11	66	17	68	3	55
61	2	12	2	17	68	3	55
61	2	12	9	17	68	2	45
61	2	12	13	17	68	3	inf
61	2	12	17	17	68	2	16
61	2	12	24	17	68	3	6
61	2	12	30	17	68	3	5
61	2	12	36	17	68	3	6
61	2	12	43	17	68	2	16
61	2	12	47	17	68	3	inf
61	2	12	50	17	68	3	inf
61	2	12	51	17	68	2	45
61	2	12	58	17	68	3	55
61	2	12	64	17	68	3	56
61	2	13	0	17	68	3	56
61	2	13	6	17	68	3	55
61	2	13	13	17	68	2	45
61	2	13	17	17	68	3	inf
61	2	13	21	17	68	2	16
61	2	13	28	17	68	3	6
61	2	13	34	17	68	3	5
61	2	13	40	17	68	3	6
61	2	13	47	17	68	2	16
61	2	13	51	17	68	3	inf
61	2	13	54	17	68	3	inf
61	2	13	55	17	68	2	45
61	2	13	62	17	68	3	55
61	2	14	4	17	68	3	56
61	2	14	10	17	68	3	55
61	2	14	17	17	68	2	45
61	2	14	21	17	68	3	inf
61	2	14	25	17	68	2	16
61	2	14	32	17	68	3	6
61	2	14	38	17	68	3	5
61	2	14	44	17	68	3	6
61	2	14	51	17	68	2	16
61	2	14	55	17	68	3	inf
61	2	14	58	17	68	3	inf
61	2	14	59	17	68	2	45
61	2	14	66	17	68	3	55
61	2	15	2	17	68	3	55
61	2	15	8	17	68	3	56
61	2	15	14	17	68	3	55
61	2	15	21	17	68	2	45
61	2	15	25	17	68	3	inf
61	2	15	29	17	68	2	16
61	2	15	36	17	68	3	6
61	2	15	42	17	68	3	5
61	2	15	48	17	68	3	6
61	2	15	55	17	68	2	16
61	2	15	59	17	68	3	inf
61	2	15	62	17	68	3	inf
61	2	15	63	17	68	2	45
61	2	16	6	17	68	3	55
61	2	16	12	17	68	3	56
61	2	16	18	17	68	3	55
61	2	16	25	17	68	2	45
61	2	16	29	17	68	3	inf
61	2	16	33	17	68	2	16
61	2	16	40	17	68	3	6
61	2	16	46	17	68	3	5
61	2	16	52	17	68	3	6
61	2	16	59	17	68	2	16
61	2	16	63	17	68	3	inf
61	2	16	66	17	68	3	inf
61	2	16	67	17	68	2	45
67	1	0	0	6	12	2	1
67	1	0	2	6	12	3	9
67	1	0	4	6	12	2	1
67	1	0	5	6	12	3	inf
67	1	0	6	6	12	2	66
67	1	0	8	6	12	3	inf
67	1	0	10	6	12	2	66
67	1	0	11	6	12	3	inf
67	1	1	2	6	12	2	40
67	1	1	5	6	12	2	51
67	1	1	8	6	12	2	27
67	1	1	11	6	12	2	16
67	1	2	2	6	12	2	39
67	1	2	8	6	12	2	28
67	1	3	0	6	12	2	19
67	1	3	4	6	12	2	19
67	1	3	5	6	12	3	0
67	1	3	6	6	12	2	48
67	1	3	10	6	12	2	48
67	1	3	11	6	12	3	0
67	1	4	2	6	12	2	39
67	1	4	8	6	12	2	28
67	1	5	2	6	12	2	40
67	1	5	5	6	12	2	16
67	1	5	8	6	12	2	27
67	1	5	11	6	12	2	51
67	2	0	0	6	12	2	66
67	2	0	2	6	12	3	inf
67	2	0	4	6	12	2	66
67	2	0	5	6	12	3	inf
67	2	0	6	6	12	2	1
67	2	0	8	6	12	3	9
67	2	0	10	6	12	2	1
67	2	0	11	6	12	3	inf
67	2	1	2	6	12	2	27
67	2	1	5	6	12	2	16
67	2	1	8	6	12	2	40
67	2	1	11	6	12	2	51
67	2	2	2	6	12	2	28
67	2	2	8	6	12	2	39
67	2	3	0	6	12	2	48
67	2	3	4	6	12	2	48
67	2	3	5	6	12	3	0
67	2	3	6	6	12	2	19
67	2	3	10	6	12	2	19
67	2	3	11	6	12	3	0
67	2	4	2	6	12	2	28
67	2	4	8	6	12	2	39
67	2	5	2	6	12	2	27
67	2	5	5	6	12	2	51
67	2	5	8	6	12	2	40
67	2	5	11	6	12	2	16
71	1	0	0	44	44	2	1
71	1	0	2	44	44	3	35
71	1	0	8	44	44	2	15
71	1	0	12	44	44	2	15
71	1	0	18	44	44	3	35
71	1	0	20	44	44	2	1
71	1	0	21	44	44	3	inf
71	1	0	22	44	44	2	70
71	1	0	24	44	44	3	inf
71	1	0	30	44	44	2	56
71	1	0	34	44	44	2	56
71	1	0	40	44	44	3	36
71	1	0	42	44	44	2	70
71	1	0	43	44	44	3	inf
71	1	1	1	44	44	2	27
71	1	1	2	44	44	3	0
71	1	1	3	44	44	2	44
71	1	1	23	44	44	2	44
71	1	1	24	44	44	3	0
71	1	1	25	44	44	2	27
71	1	2	2	44	44	3	36
71	1	2	4	44	44	2	70
71	1	2	5	44	44	3	inf
71	1	2	6	44	44	2	1
71	1	2	8	44	44	3	35
71	1	2	14	44	44	2	15
71	1	2	18	44	44	2	15
71	1	2	24	44	44	3	35
71	1	2	26	44	44	2	1
71	1	2	27	44	44	3	inf
71	1	2	28	44	44	2	70
71	1	2	30	44	44	3	inf
71	1	2	36	44	44	2	56
71	1	2	40	44	44	2	56
71	1	3	7	44	44	2	27
71	1	3	8	44	44	3	0
71	1	3	9	44	44	2	44
71	1	3	29	44	44	2	44
71	1	3	30	44	44	3	0
71	1	3	31	44	44	2	27
71	1	4	2	44	44	2	56
71	1	4	8	44	44	3	36
71	1	4	10	44	44	2	70
71	1	4	11	44	44	3	inf
71	1	4	12	44	44	2	1
71	1	4	14	44	44	3	35
71	1	4	20	44	44	2	15
71	1	4	24	44	44	2	15
71	1	4	30	44	44	3	35
71	1	4	32	44	44	2	1
71	1	4	33	44	44	3	inf
71	1	4	34	44	44	2	70
71	1	4	36	44	44	3	inf
71	1	4	42	44	44	2	56
71	1	5	13	44	44	2	27
71	1	5	14	44	44	3	0
71	1	5	15	44	44	2	44
71	1	5	35	44	44	2	44
71	1	5	36	44	44	3	0
71	1	5	37	44	44	2	27
71	1	6	4	44	44	2	56
71	1	6	8	44	44	2	56
71	1	6	14	44	44	3	36
71	1	6	16	44	44	2	70
71	1	6	17	44	44	3	inf
71	1	6	18	44	44	2	1
71	1	6	20	44	44	3	35
71	1	6	26	44	44	2	15
71	1	6	30	44	44	2	15
71	1	6	36	44	44	3	35
71	1	6	38	44	44	2	1
71	1	6	39	44	44	3	inf
71	1	6	40	44	44	2	70
71	1	6	42	44	44	3	inf
71	1	7	19	44	44	2	27
71	1	7	20	44	44	3	0
71	1	7	21	44	44	2	44
71	1	7	41	44	44	2	44
71	1	7	42	44	44	3	0
71	1	7	43	44	44	2	27
71	1	8	0	44	44	2	1
71	1	8	1	44	44	3	inf
71	1	8	2	44	44	2	70
71	1	8	4	44	44	3	inf
71	1	8	10	44	44	2	56
71	1	8	14	44	44	2	56
71	1	8	20	44	44	3	36
71	1	8	22	44	44	2	70
71	1	8	23	44	44	3	inf
71	1	8	24	44	44	2	1
71	1	8	26	44	44	3	35
71	1	8	32	44	44	2	15
71	1	8	36	44	44	2	15
71	1	8	42	44	44	3	35
71	1	9	3	44	44	2	44
71	1	9	4	44	44	3	0
71	1	9	5	44	44	2	27
71	1	9	25	44	44	2	27
71	1	9	26	44	44	3	0
71	1	9	27	44	44	2	44
71	1	10	4	44	44	3	35
71	1	10	6	44	44	2	1
71	1	10	7	44	44	3	inf
71	1	10	8	44	44	2	70
71	1	10	10	44	44	3	inf
71	1	10	16	44	44	2	56
71	1	10	20	44	44	2	56
71	1	10	26	44	44	3	36
71	1	10	28	44	44	2	70
71	1	10	29	44	44	3	inf
71	1	10	30	44	44	2	1
71	1	10	32	44	44	3	35
71	1	10	38	44	44	2	15
71	1	10	42	44	44	2	15
71	1	11	9	44	44	2	44
71	1	11	10	44	44	3	0
71	1	11	11	44	44	2	27
71	1	11	31	44	44	2	27
71	1	11	32	44	44	3	0
71	1	11	33	44	44	2	44
71	1	12	0	44	44	2	15
71	1	12	4	44	44	2	15
71	1	12	10	44	44	3	35
71	1	12	12	44	44	2	1
71	1	12	13	44	44	3	inf
71	1	12	14	44	44	2	70
71	1	12	16	44	44	3	inf
71	1	12	22	44	44	2	56
71	1	12	26	44	44	2	56
71	1	12	32	44	44	3	36
71	1	12	34	44	44	2	70
71	1	12	35	44	44	3	inf
71	1	12	36	44	44	2	1
71	1	12	38	44	44	3	35
71	1	13	15	44	44	2	44
71	1	13	16	44	44	3	0
71	1	13	17	44	44	2	27
71	1	13	37	44	44	2	27
71	1	13	38	44	44	3	0
71	1	13	39	44	44	2	44
71	1	14	0	44	44	3	35
71	1	14	6	44	44	2	15
71	1	14	10	44	44	2	15
71	1	14	16	44	44	3	35
71	1	14	18	44	44	2	1
71	1	14	19	44	44	3	inf
71	1	14	20	44	44	2	70
71	1	14	22	44	44	3	inf
71	1	14	28	44	44	2	56
71	1	14	32	44	44	2	56
71	1	14	38	44	44	3	36
71	1	14	40	44	44	2	70
71	1	14	41	44	44	3	inf
71	1	14	42	44	44	2	1
71	1	15	0	44	44	3	0
71	1	15	1	44	44	2	44
71	1	15	21	44	44	2	44
71	1	15	22	44	44	3	0
71	1	15	23	44	44	2	27
71	1	15	43	44	44	2	27
71	1	16	0	44	44	3	36
71	1	16	2	44	44	2	70
71	1	16	3	44	44	3	inf
71	1	16	4	44	44	2	1
71	1	16	6	44	44	3	35
71	1	16	12	44	44	2	15
71	1	16	16	44	44	2	15
71	1	16	22	44	44	3	35
71	1	16	24	44	44	2	1
71	1	16	25	44	44	3	inf
71	1	16	26	44	44	2	70
71	1	16	28	44	44	3	inf
71	1	16	34	44	44	2	56
71	1	16	38	44	44	2	56
71	1	17	5	44	44	2	27
71	1	17	6	44	44	3	0
71	1	17	7	44	44	2	44
71	1	17	27	44	44	2	44
71	1	17	28	44	44	3	0
71	1	17	29	44	44	2	27
71	1	18	0	44	44	2	56
71	1	18	6	44	44	3	36
71	1	18	8	44	44	2	70
71	1	18	9	44	44	3	inf
71	1	18	10	44	44	2	1
71	1	18	12	44	44	3	35
71	1	18	18	44	44	2	15
71	1	18	22	44	44	2	15
71	1	18	28	44	44	3	35
71	1	18	30	44	44	2	1
71	1	18	31	44	44	3	inf
71	1	18	32	44	44	2	70
71	1	18	34	44	44	3	inf
71	1	18	40	44	44	2	56
71	1	19	11	44	44	2	27
71	1	19	12	44	44	3	0
71	1	19	13	44	44	2	44
71	1	19	33	44	44	2	44
71	1	19	34	44	44	3	0
71	1	19	35	44	44	2	27
71	1	20	2	44	44	2	56
71	1	20	6	44	44	2	56
71	1	20	12	44	44	3	36
71	1	20	14	44	44	2	70
71	1	20	15	44	44	3	inf
71	1	20	16	44	44	2	1
71	1	20	18	44	44	3	35
71	1	20	24	44	44	2	15
71	1	20	28	44	44	2	15
71	1	20	34	44	44	3	35
71	1	20	36	44	44	2	1
71	1	20	37	44	44	3	inf
71	1	20	38	44	44	2	70
71	1	20	40	44	44	3	inf
71	1	21	17	44	44	2	27
71	1	21	18	44	44	3	0
71	1	21	19	44	44	2	44
71	1	21	39	44	44	2	44
71	1	21	40	44	44	3	0
71	1	21	41	44	44	2	27
71	1	22	0	44	44	2	70
71	1	22	2	44	44	3	inf
71	1	22	8	44	44	2	56
71	1	22	12	44	44	2	56
71	1	22	18	44	44	3	36
71	1	22	20	44	44	2	70
71	1	22	21	44	44	3	inf
71	1	22	22	44	44	2	1
71	1	22	24	44	44	3	35
71	1	22	30	44	44	2	15
71	1	22	34	44	44	2	15
71	1	22	40	44	44	3	35
71	1	22	42	44	44	2	1
71	1	22	43	44	44	3	inf
71	1	23	1	44	44	2	44
71	1	23	2	44	44	3	0
71	1	23	3	44	44	2	27
71	1	23	23	44	44	2	27
71	1	23	24	44	44	3	0
71	1	23	25	44	44	2	44
71	1	24	2	44	44	3	35
71	1	24	4	44	44	2	1
71	1	24	5	44	44	3	inf
71	1	24	6	44	44	2	70
71	1	24	8	44	44	3	inf
71	1	24	14	44	44	2	56
71	1	24	18	44	44	2	56
71	1	24	24	44	44	3	36
71	1	24	26	44	44	2	70
71	1	24	27	44	44	3	inf
71	1	24	28	44	44	2	1
71	1	24	30	44	44	3	35
71	1	24	36	44	44	2	15
71	1	24	40	44	44	2	15
71	1	25	7	44	44	2	44
71	1	25	8	44	44	3	0
71	1	25	9	44	44	2	27
71	1	25	29	44	44	2	27
71	1	25	30	44	44	3	0
71	1	25	31	44	44	2	44
71	1	26	2	44	44	2	15
71	1	26	8	44	44	3	35
71	1	26	10	44	44	2	1
71	1	26	11	44	44	3	inf
71	1	26	12	44	44	2	70
71	1	26	14	44	44	3	inf
71	1	26	20	44	44	2	56
71	1	26	24	44	44	2	56
71	1	26	30	44	44	3	36
71	1	26	32	44	44	2	70
71	1	26	33	44	44	3	inf
71	1	26	34	44	44	2	1
71	1	26	36	44	44	3	35
71	1	26	42	44	44	2	15
71	1	27	13	44	44	2	44
71	1	27	14	44	44	3	0
71	1	27	15	44	44	2	27
71	1	27	35	44	44	2	27
71	1	27	36	44	44	3	0
71	1	27	37	44	44	2	44
71	1	28	4	44	44	2	15
71	1	28	8	44	44	2	15
71	1	28	14	44	44	3	35
71	1	28	16	44	44	2	1
71	1	28	17	44	44	3	inf
71	1	28	18	44	44	2	70
71	1	28	20	44	44	3	inf
71	1	28	26	44	44	2	56
71	1	28	30	44	44	2	56
71	1	28	36	44	44	3	36
71	1	28	38	44	44	2	70
71	1	28	39	44	44	3	inf
71	1	28	40	44	44	2	1
71	1	28	42	44	44	3	35
71	1	29	19	44	44	2	44
71	1	29	20	44	44	3	0
71	1	29	21	44	44	2	27
71	1	29	41	44	44	2	27
71	1	29	42	44	44	3	0
71	1	29	43	44	44	2	44
71	1	30	0	44	44	2	70
71	1	30	1	44	44	3	inf
71	1	30	2	44	44	2	1
71	1	30	4	44	44	3	35
71	1	30	10	44	44	2	15
71	1	30	14	44	44	2	15
71	1	30	20	44	44	3	35
71	1	30	22	44	44	2	1
71	1	30	23	44	44	3	inf
71	1	30	24	44	44	2	70
71	1	30	26	44	44	3	inf
71	1	30	32	44	44	2	56
71	1	30	36	44	44	2	56
71	1	30	42	44	44	3	36
71	1	31	3	44	44	2	27
71	1	31	4	44	44	3	0
71	1	31	5	44	44	2	44
71	1	31	25	44	44	2	44
71	1	31	26	44	44	3	0
71	1	31	27	44	44	2	27
71	1	32	4	44	44	3	36
71	1	32	6	44	44	2	70
71	1	32	7	44	44	3	inf
71	1	32	8	44	44	2	1
71	1	32	10	44	44	3	35
71	1	32	16	44	44	2	15
71	1	32	20	44	44	2	15
71	1	32	26	44	44	3	35
71	1	32	28	44	44	2	1
71	1	32	29	44	44	3	inf
71	1	32	30	44	44	2	70
71	1	32	32	44	44	3	inf
71	1	32	38	44	44	2	56
71	1	32	42	44	44	2	56
71	1	33	9	44	44	2	27
71	1	33	10	44	44	3	0
71	1	33	11	44	44	2	44
71	1	33	31	44	44	2	44
71	1	33	32	44	44	3	0
71	1	33	33	44	44	2	27
71	1	34	0	44	44	2	56
71	1	34	4	44	44	2	56
71	1	34	10	44	44	3	36
71	1	34	12	44	44	2	70
71	1	34	13	44	44	3	inf
71	1	34	14	44	44	2	1
71	1	34	16	44	44	3	35
71	1	34	22	44	44	2	15
71	1	34	26	44	44	2	15
71	1	34	32	44	44	3	35
71	1	34	34	44	44	2	1
71	1	34	35	44	44	3	inf
71	1	34	36	44	44	2	70
71	1	34	38	44	44	3	inf
71	1	35	15	44	44	2	27
71	1	35	16	44	44	3	0
71	1	35	17	44	44	2	44
71	1	35	37	44	44	2	44
71	1	35	38	44	44	3	0
71	1	35	39	44	44	2	27
71	1	36	0	44	44	3	inf
71	1	36	6	44	44	2	56
71	1	36	10	44	44	2	56
71	1	36	16	44	44	3	36
71	1	36	18	44	44	2	70
71	1	36	19	44	44	3	inf
71	1	36	20	44	44	2	1
71	1	36	22	44	44	3	35
71	1	36	28	44	44	2	15
71	1	36	32	44	44	2	15
71	1	36	38	44	44	3	35
71	1	36	40	44	44	2	1
71	1	36	41	44	44	3	inf
71	1	36	42	44	44	2	70
71	1	37	0	44	44	3	0
71	1	37	1	44	44	2	27
71	1	37	21	44	44	2	27
71	1	37	22	44	44	3	0
71	1	37	23	44	44	2	44
71	1	37	43	44	44	2	44
71	1	38	0	44	44	3	35
71	1	38	2	44	44	2	1
71	1	38	3	44	44	3	inf
71	1	38	4	44	44	2	70
71	1	38	6	44	44	3	inf
71	1	38	12	44	44	2	56
71	1	38	16	44	44	2	56
71	1	38	22	44	44	3	36
71	1	38	24	44	44	2	70
71	1	38	25	44	44	3	inf
71	1	38	26	44	44	2	1
71	1	38	28	44	44	3	35
71	1	38	34	44	44	2	15
71	1	38	38	44	44	2	15
71	1	39	5	44	44	2	44
71	1	39	6	44	44	3	0
71	1	39	7	44	44	2	27
71	1	39	27	44	44	2	27
71	1	39	28	44	44	3	0
71	1	39	29	44	44	2	44
71	1	40	0	44	44	2	15
71	1	40	6	44	44	3	35
71	1	40	8	44	44	2	1
71	1	40	9	44	44	3	inf
71	1	40	10	44	44	2	70
71	1	40	12	44	44	3	inf
71	1	40	18	44	44	2	56
71	1	40	22	44	44	2	56
71	1	40	28	44	44	3	36
71	1	40	30	44	44	2	70
71	1	40	31	44	44	3	inf
71	1	40	32	44	44	2	1
71	1	40	34	44	44	3	35
71	1	40	40	44	44	2	15
71	1	41	11	44	44	2	44
71	1	41	12	44	44	3	0
71	1	41	13	44	44	2	27
71	1	41	33	44	44	2	27
71	1	41	34	44	44	3	0
71	1	41	35	44	44	2	44
71	1	42	2	44	44	2	15
71	1	42	6	44	44	2	15
71	1	42	12	44	44	3	35
71	1	42	14	44	44	2	1
71	1	42	15	44	44	3	inf
71	1	42	16	44	44	2	70
71	1	42	18	44	44	3	inf
71	1	42	24	44	44	2	56
71	1	42	28	44	44	2	56
71	1	42	34	44	44	3	36
71	1	42	36	44	44	2	70
71	1	42	37	44	44	3	inf
71	1	42	38	44	44	2	1
71	1	42	40	44	44	3	35
71	1	43	17	44	44	2	44
71	1	43	18	44	44	3	0
71	1	43	19	44	44	2	27
71	1	43	39	44	44	2	27
71	1	43	40	44	44	3	0
71	1	43	41	44	44	2	44
71	2	0	0	44	44	2	70
71	2	0	2	44	44	3	inf
71	2	0	8	44	44	2	56
71	2	0	12	44	44	2	56
71	2	0	18	44	44	3	36
71	2	0	20	44	44	2	70
71	2	0	21	44	44	3	inf
71	2	0	22	44	44	2	1
71	2	0	24	44	44	3	35
71	2	0	30	44	44	2	15
71	2	0	34	44	44	2	15
71	2	0	40	44	44	3	35
71	2	0	42	44	44	2	1
71	2	0	43	44	44	3	inf
71	2	1	1	44	44	2	44
71	2	1	2	44	44	3	0
71	2	1	3	44	44	2	27
71	2	1	23	44	44	2	27
71	2	1	24	44	44	3	0
71	2	1	25	44	44	2	44
71	2	2	2	44	44	3	35
71	2	2	4	44	44	2	1
71	2	2	5	44	44	3	inf
71	2	2	6	44	44	2	70
71	2	2	8	44	44	3	inf
71	2	2	14	44	44	2	56
71	2	2	18	44	44	2	56
71	2	2	24	44	44	3	36
71	2	2	26	44	44	2	70
71	2	2	27	44	44	3	inf
71	2	2	28	44	44	2	1
71	2	2	30	44	44	3	35
71	2	2	36	44	44	2	15
71	2	2	40	44	44	2	15
71	2	3	7	44	44	2	44
71	2	3	8	44	44	3	0
71	2	3	9	44	44	2	27
71	2	3	29	44	44	2	27
71	2	3	30	44	44	3	0
71	2	3	31	44	44	2	44
71	2	4	2	44	44	2	15
71	2	4	8	44	44	3	35
71	2	4	10	44	44	2	1
71	2	4	11	44	44	3	inf
71	2	4	12	44	44	2	70
71	2	4	14	44	44	3	inf
71	2	4	20	44	44	2	56
71	2	4	24	44	44	2	56
71	2	4	30	44	44	3	36
71	2	4	32	44	44	2	70
71	2	4	33	44	44	3	inf
71	2	4	34	44	44	2	1
71	2	4	36	44	44	3	35
71	2	4	42	44	44	2	15
71	2	5	13	44	44	2	44
71	2	5	14	44	44	3	0
71	2	5	15	44	44	2	27
71	2	5	35	44	44	2	27
71	2	5	36	44	44	3	0
71	2	5	37	44	44	2	44
71	2	6	4	44	44	2	15
71	2	6	8	44	44	2	15
71	2	6	14	44	44	3	35
71	2	6	16	44	44	2	1
71	2	6	17	44	44	3	inf
71	2	6	18	44	44	2	70
71	2	6	20	44	44	3	inf
71	2	6	26	44	44	2	56
71	2	6	30	44	44	2	56
71	2	6	36	44	44	3	36
71	2	6	38	44	44	2	70
71	2	6	39	44	44	3	inf
71	2	6	40	44	44	2	1
71	2	6	42	44	44	3	35
71	2	7	19	44	44	2	44
71	2	7	20	44	44	3	0
71	2	7	21	44	44	2	27
71	2	7	41	44	44	2	27
71	2	7	42	44	44	3	0
71	2	7	43	44	44	2	44
71	2	8	0	44	44	2	70
71	2	8	1	44	44	3	inf
71	2	8	2	44	44	2	1
71	2	8	4	44	44	3	35
71	2	8	10	44	44	2	15
71	2	8	14	44	44	2	15
71	2	8	20	44	44	3	35
71	2	8	22	44	44	2	1
71	2	8	23	44	44	3	inf
71	2	8	24	44	44	2	70
71	2	8	26	44	44	3	inf
71	2	8	32	44	44	2	56
71	2	8	36	44	44	2	56
71	2	8	42	44	44	3	36
71	2	9	3	44	44	2	27
71	2	9	4	44	44	3	0
71	2	9	5	44	44	2	44
71	2	9	25	44	44	2	44
71	2	9	26	44	44	3	0
71	2	9	27	44	44	2	27
71	2	10	4	44	44	3	36
71	2	10	6	44	44	2	70
71	2	10	7	44	44	3	inf
71	2	10	8	44	44	2	1
71	2	10	10	44	44	3	35
71	2	10	16	44	44	2	15
71	2	10	20	44	44	2	15
71	2	10	26	44	44	3	35
71	2	10	28	44	44	2	1
71	2	10	29	44	44	3	inf
71	2	10	30	44	44	2	70
71	2	10	32	44	44	3	inf
71	2	10	38	44	44	2	56
71	2	10	42	44	44	2	56
71	2	11	9	44	44	2	27
71	2	11	10	44	44	3	0
71	2	11	11	44	44	2	44
71	2	11	31	44	44	2	44
71	2	11	32	44	44	3	0
71	2	11	33	44	44	2	27
71	2	12	0	44	44	2	56
71	2	12	4	44	44	2	56
71	2	12	10	44	44	3	36
71	2	12	12	44	44	2	70
71	2	12	13	44	44	3	inf
71	2	12	14	44	44	2	1
71	2	12	16	44	44	3	35
71	2	12	22	44	44	2	15
71	2	12	26	44	44	2	15
71	2	12	32	44	44	3	35
71	2	12	34	44	44	2	1
71	2	12	35	44	44	3	inf
71	2	12	36	44	44	2	70
71	2	12	38	44	44	3	inf
71	2	13	15	44	44	2	27
71	2	13	16	44	44	3	0
71	2	13	17	44	44	2	44
71	2	13	37	44	44	2	44
71	2	13	38	44	44	3	0
71	2	13	39	44	44	2	27
71	2	14	0	44	44	3	inf
71	2	14	6	44	44	2	56
71	2	14	10	44	44	2	56
71	2	14	16	44	44	3	36
71	2	14	18	44	44	2	70
71	2	14	19	44	44	3	inf
71	2	14	20	44	44	2	1
71	2	14	22	44	44	3	35
71	2	14	28	44	44	2	15
71	2	14	32	44	44	2	15
71	2	14	38	44	44	3	35
71	2	14	40	44	44	2	1
71	2	14	41	44	44	3	inf
71	2	14	42	44	44	2	70
71	2	15	0	44	44	3	0
71	2	15	1	44	44	2	27
71	2	15	21	44	44	2	27
71	2	15	22	44	44	3	0
71	2	15	23	44	44	2	44
71	2	15	43	44	44	2	44
71	2	16	0	44	44	3	35
71	2	16	2	44	44	2	1
71	2	16	3	44	44	3	inf
71	2	16	4	44	44	2	70
71	2	16	6	44	44	3	inf
71	2	16	12	44	44	2	56
71	2	16	16	44	44	2	56
71	2	16	22	44	44	3	36
71	2	16	24	44	44	2	70
71	2	16	25	44	44	3	inf
71	2	16	26	44	44	2	1
71	2	16	28	44	44	3	35
71	2	16	34	44	44	2	15
71	2	16	38	44	44	2	15
71	2	17	5	44	44	2	44
71	2	17	6	44	44	3	0
71	2	17	7	44	44	2	27
71	2	17	27	44	44	2	27
71	2	17	28	44	44	3	0
71	2	17	29	44	44	2	44
71	2	18	0	44	44	2	15
71	2	18	6	44	44	3	35
71	2	18	8	44	44	2	1
71	2	18	9	44	44	3	inf
71	2	18	10	44	44	2	70
71	2	18	12	44	44	3	inf
71	2	18	18	44	44	2	56
71	2	18	22	44	44	2	56
71	2	18	28	44	44	3	36
71	2	18	30	44	44	2	70
71	2	18	31	44	44	3	inf
71	2	18	32	44	44	2	1
71	2	18	34	44	44	3	35
71	2	18	40	44	44	2	15
71	2	19	11	44	44	2	44
71	2	19	12	44	44	3	0
71	2	19	13	44	44	2	27
71	2	19	33	44	44	2	27
71	2	19	34	44	44	3	0
71	2	19	35	44	44	2	44
71	2	20	2	44	44	2	15
71	2	20	6	44	44	2	15
71	2	20	12	44	44	3	35
71	2	20	14	44	44	2	1
71	2	20	15	44	44	3	inf
71	2	20	16	44	44	2	70
71	2	20	18	44	44	3	inf
71	2	20	24	44	44	2	56
71	2	20	28	44	44	2	56
71	2	20	34	44	44	3	36
71	2	20	36	44	44	2	70
71	2	20	37	44	44	3	inf
71	2	20	38	44	44	2	1
71	2	20	40	44	44	3	35
71	2	21	17	44	44	2	44
71	2	21	18	44	44	3	0
71	2	21	19	44	44	2	27
71	2	21	39	44	44	2	27
71	2	21	40	44	44	3	0
71	2	21	41	44	44	2	44
71	2	22	0	44	44	2	1
71	2	22	2	44	44	3	35
71	2	22	8	44	44	2	15
71	2	22	12	44	44	2	15
71	2	22	18	44	44	3	35
71	2	22	20	44	44	2	1
71	2	22	21	44	44	3	inf
71	2	22	22	44	44	2	70
71	2	22	24	44	44	3	inf
71	2	22	30	44	44	2	56
71	2	22	34	44	44	2	56
71	2	22	40	44	44	3	36
71	2	22	42	44	44	2	70
71	2	22	43	44	44	3	inf
71	2	23	1	44	44	2	27
71	2	23	2	44	44	3	0
71	2	23	3	44	44	2	44
71	2	23	23	44	44	2	44
71	2	23	24	44	44	3	0
71	2	23	25	44	44	2	27
71	2	24	2	44	44	3	36
71	2	24	4	44	44	2	70
71	2	24	5	44	44	3	inf
71	2	24	6	44	44	2	1
71	2	24	8	44	44	3	35
71	2	24	14	44	44	2	15
71	2	24	18	44	44	2	15
71	2	24	24	44	44	3	35
71	2	24	26	44	44	2	1
71	2	24	27	44	44	3	inf
71	2	24	28	44	44	2	70
71	2	24	30	44	44	3	inf
71	2	24	36	44	44	2	56
71	2	24	40	44	44	2	56
71	2	25	7	44	44	2	27
71	2	25	8	44	44	3	0
71	2	25	9	44	44	2	44
71	2	25	29	44	44	2	44
71	2	25	30	44	44	3	0
71	2	25	31	44	44	2	27
71	2	26	2	44	44	2	56
71	2	26	8	44	44	3	36
71	2	26	10	44	44	2	70
71	2	26	11	44	44	3	inf
71	2	26	12	44	44	2	1
71	2	26	14	44	44	3	35
71	2	26	20	44	44	2	15
71	2	26	24	44	44	2	15
71	2	26	30	44	44	3	35
71	2	26	32	44	44	2	1
71	2	26	33	44	44	3	inf
71	2	26	34	44	44	2	70
71	2	26	36	44	44	3	inf
71	2	26	42	44	44	2	56
71	2	27	13	44	44	2	27
71	2	27	14	44	44	3	0
71	2	27	15	44	44	2	44
71	2	27	35	44	44	2	44
71	2	27	36	44	44	3	0
71	2	27	37	44	44	2	27
71	2	28	4	44	44	2	56
71	2	28	8	44	44	2	56
71	2	28	14	44	44	3	36
71	2	28	16	44	44	2	70
71	2	28	17	44	44	3	inf
71	2	28	18	44	44	2	1
71	2	28	20	44	44	3	35
71	2	28	26	44	44	2	15
71	2	28	30	44	44	2	15
71	2	28	36	44	44	3	35
71	2	28	38	44	44	2	1
71	2	28	39	44	44	3	inf
71	2	28	40	44	44	2	70
71	2	28	42	44	44	3	inf
71	2	29	19	44	44	2	27
71	2	29	20	44	44	3	0
71	2	29	21	44	44	2	44
71	2	29	41	44	44	2	44
71	2	29	42	44	44	3	0
71	2	29	43	44	44	2	27
71	2	30	0	44	44	2	1
71	2	30	1	44	44	3	inf
71	2	30	2	44	44	2	70
71	2	30	4	44	44	3	inf
71	2	30	10	44	44	2	56
71	2	30	14	44	44	2	56
71	2	30	20	44	44	3	36
71	2	30	22	44	44	2	70
71	2	30	23	44	44	3	inf
71	2	30	24	44	44	2	1
71	2	30	26	44	44	3	35
71	2	30	32	44	44	2	15
71	2	30	36	44	44	2	15
71	2	30	42	44	44	3	35
71	2	31	3	44	44	2	44
71	2	31	4	44	44	3	0
71	2	31	5	44	44	2	27
71	2	31	25	44	44	2	27
71	2	31	26	44	44	3	0
71	2	31	27	44	44	2	44
71	2	32	4	44	44	3	35
71	2	32	6	44	44	2	1
71	2	32	7	44	44	3	inf
71	2	32	8	44	44	2	70
71	2	32	10	44	44	3	inf
71	2	32	16	44	44	2	56
71	2	32	20	44	44	2	56
71	2	32	26	44	44	3	36
71	2	32	28	44	44	2	70
71	2	32	29	44	44	3	inf
71	2	32	30	44	44	2	1
71	2	32	32	44	44	3	35
71	2	32	38	44	44	2	15
71	2	32	42	44	44	2	15
71	2	33	9	44	44	2	44
71	2	33	10	44	44	3	0
71	2	33	11	44	44	2	27
71	2	33	31	44	44	2	27
71	2	33	32	44	44	3	0
71	2	33	33	44	44	2	44
71	2	34	0	44	44	2	15
71	2	34	4	44	44	2	15
71	2	34	10	44	44	3	35
71	2	34	12	44	44	2	1
71	2	34	13	44	44	3	inf
71	2	34	14	44	44	2	70
71	2	34	16	44	44	3	inf
71	2	34	22	44	44	2	56
71	2	34	26	44	44	2	56
71	2	34	32	44	44	3	36
71	2	34	34	44	44	2	70
71	2	34	35	44	44	3	inf
71	2	34	36	44	44	2	1
71	2	34	38	44	44	3	35
71	2	35	15	44	44	2	44
71	2	35	16	44	44	3	0
71	2	35	17	44	44	2	27
71	2	35	37	44	44	2	27
71	2	35	38	44	44	3	0
71	2	35	39	44	44	2	44
71	2	36	0	44	44	3	35
71	2	36	6	44	44	2	15
71	2	36	10	44	44	2	15
71	2	36	16	44	44	3	35
71	2	36	18	44	44	2	1
71	2	36	19	44	44	3	inf
71	2	36	20	44	44	2	70
71	2	36	22	44	44	3	inf
71	2	36	28	44	44	2	56
71	2	36	32	44	44	2	56
71	2	36	38	44	44	3	36
71	2	36	40	44	44	2	70
71	2	36	41	44	44	3	inf
71	2	36	42	44	44	2	1
71	2	37	0	44	44	3	0
71	2	37	1	44	44	2	44
71	2	37	21	44	44	2	44
71	2	37	22	44	44	3	0
71	2	37	23	44	44	2	27
71	2	37	43	44	44	2	27
71	2	38	0	44	44	3	36
71	2	38	2	44	44	2	70
71	2	38	3	44	44	3	inf
71	2	38	4	44	44	2	1
71	2	38	6	44	44	3	35
71	2	38	12	44	44	2	15
71	2	38	16	44	44	2	15
71	2	38	22	44	44	3	35
71	2	38	24	44	44	2	1
71	2	38	25	44	44	3	inf
71	2	38	26	44	44	2	70
71	2	38	28	44	44	3	inf
71	2	38	34	44	44	2	56
71	2	38	38	44	44	2	56
71	2	39	5	44	44	2	27
71	2	39	6	44	44	3	0
71	2	39	7	44	44	2	44
71	2	39	27	44	44	2	44
71	2	39	28	44	44	3	0
71	2	39	29	44	44	2	27
71	2	40	0	44	44	2	56
71	2	40	6	44	44	3	36
71	2	40	8	44	44	2	70
71	2	40	9	44	44	3	inf
71	2	40	10	44	44	2	1
71	2	40	12	44	44	3	35
71	2	40	18	44	44	2	15
71	2	40	22	44	44	2	15
71	2	40	28	44	44	3	35
71	2	40	30	44	44	2	1
71	2	40	31	44	44	3	inf
71	2	40	32	44	44	2	70
71	2	40	34	44	44	3	inf
71	2	40	40	44	44	2	56
71	2	41	11	44	44	2	27
71	2	41	12	44	44	3	0
71	2	41	13	44	44	2	44
71	2	41	33	44	44	2	44
71	2	41	34	44	44	3	0
71	2	41	35	44	44	2	27
71	2	42	2	44	44	2	56
71	2	42	6	44	44	2	56
71	2	42	12	44	44	3	36
71	2	42	14	44	44	2	70
71	2	42	15	44	44	3	inf
71	2	42	16	44	44	2	1
71	2	42	18	44	44	3	35
71	2	42	24	44	44	2	15
71	2	42	28	44	44	2	15
71	2	42	34	44	44	3	35
71	2	42	36	44	44	2	1
71	2	42	37	44	44	3	inf
71	2	42	38	44	44	2	70
71	2	42	40	44	44	3	inf
71	2	43	17	44	44	2	27
71	2	43	18	44	44	3	0
71	2	43	19	44	44	2	44
71	2	43	39	44	44	2	44
71	2	43	40	44	44	3	0
71	2	43	41	44	44	2	27
73	1	0	10	34	34	3	57
73	1	0	11	34	34	3	67
73	1	0	12	34	34	2	29
73	1	0	15	34	34	2	32
73	1	0	16	34	34	3	0
73	1	0	17	34	34	2	41
73	1	0	20	34	34	2	44
73	1	0	21	34	34	3	6
73	1	0	22	34	34	3	16
73	1	0	33	34	34	3	inf
73	1	1	4	34	34	3	inf
73	1	1	15	34	34	3	57
73	1	1	16	34	34	3	67
73	1	1	17	34	34	2	29
73	1	1	20	34	34	2	32
73	1	1	21	34	34	3	0
73	1	1	22	34	34	2	41
73	1	1	25	34	34	2	44
73	1	1	26	34	34	3	6
73	1	1	27	34	34	3	16
73	1	2	9	34	34	3	inf
73	1	2	20	34	34	3	57
73	1	2	21	34	34	3	67
73	1	2	22	34	34	2	29
73	1	2	25	34	34	2	32
73	1	2	26	34	34	3	0
73	1	2	27	34	34	2	41
73	1	2	30	34	34	2	44
73	1	2	31	34	34	3	6
73	1	2	32	34	34	3	16
73	1	3	1	34	34	2	44
73	1	3	2	34	34	3	6
73	1	3	3	34	34	3	16
73	1	3	14	34	34	3	inf
73	1	3	25	34	34	3	57
73	1	3	26	34	34	3	67
73	1	3	27	34	34	2	29
73	1	3	30	34	34	2	32
73	1	3	31	34	34	3	0
73	1	3	32	34	34	2	41
73	1	4	1	34	34	2	32
73	1	4	2	34	34	3	0
73	1	4	3	34	34	2	41
73	1	4	6	34	34	2	44
73	1	4	7	34	34	3	6
73	1	4	8	34	34	3	16
73	1	4	19	34	34	3	inf
73	1	4	30	34	34	3	57
73	1	4	31	34	34	3	67
73	1	4	32	34	34	2	29
73	1	5	1	34	34	3	57
73	1	5	2	34	34	3	67
73	1	5	3	34	34	2	29
73	1	5	6	34	34	2	32
73	1	5	7	34	34	3	0
73	1	5	8	34	34	2	41
73	1	5	11	34	34	2	44
73	1	5	12	34	34	3	6
73	1	5	13	34	34	3	16
73	1	5	24	34	34	3	inf
73	1	6	6	34	34	3	57
73	1	6	7	34	34	3	67
73	1	6	8	34	34	2	29
73	1	6	11	34	34	2	32
73	1	6	12	34	34	3	0
73	1	6	13	34	34	2	41
73	1	6	16	34	34	2	44
73	1	6	17	34	34	3	6
73	1	6	18	34	34	3	16
73	1	6	29	34	34	3	inf
73	1	7	0	34	34	3	inf
73	1	7	11	34	34	3	57
73	1	7	12	34	34	3	67
73	1	7	13	34	34	2	29
73	1	7	16	34	34	2	32
73	1	7	17	34	34	3	0
73	1	7	18	34	34	2	41
73	1	7	21	34	34	2	44
73	1	7	22	34	34	3	6
73	1	7	23	34	34	3	16
73	1	8	5	34	34	3	inf
73	1	8	16	34	34	3	57
73	1	8	17	34	34	3	67
73	1	8	18	34	34	2	29
73	1	8	21	34	34	2	32
73	1	8	22	34	34	3	0
73	1	8	23	34	34	2	41
73	1	8	26	34	34	2	44
73	1	8	27	34	34	3	6
73	1	8	28	34	34	3	16
73	1	9	10	34	34	3	inf
73	1	9	21	34	34	3	57
73	1	9	22	34	34	3	67
73	1	9	23	34	34	2	29
73	1	9	26	34	34	2	32
73	1	9	27	34	34	3	0
73	1	9	28	34	34	2	41
73	1	9	31	34	34	2	44
73	1	9	32	34	34	3	6
73	1	9	33	34	34	3	16
73	1	10	2	34	34	2	44
73	1	10	3	34	34	3	6
73	1	10	4	34	34	3	16
73	1	10	15	34	34	3	inf
73	1	10	26	34	34	3	57
73	1	10	27	34	34	3	67
73	1	10	28	34	34	2	29
73	1	10	31	34	34	2	32
73	1	10	32	34	34	3	0
73	1	10	33	34	34	2	41
73	1	11	2	34	34	2	32
73	1	11	3	34	34	3	0
73	1	11	4	34	34	2	41
73	1	11	7	34	34	2	44
73	1	11	8	34	34	3	6
73	1	11	9	34	34	3	16
73	1	11	20	34	34	3	inf
73	1	11	31	34	34	3	57
73	1	11	32	34	34	3	67
73	1	11	33	34	34	2	29
73	1	12	2	34	34	3	57
73	1	12	3	34	34	3	67
73	1	12	4	34	34	2	29
73	1	12	7	34	34	2	32
73	1	12	8	34	34	3	0
73	1	12	9	34	34	2	41
73	1	12	12	34	34	2	44
73	1	12	13	34	34	3	6
73	1	12	14	34	34	3	16
73	1	12	25	34	34	3	inf
73	1	13	7	34	34	3	57
73	1	13	8	34	34	3	67
73	1	13	9	34	34	2	29
73	1	13	12	34	34	2	32
73	1	13	13	34	34	3	0
73	1	13	14	34	34	2	41
73	1	13	17	34	34	2	44
73	1	13	18	34	34	3	6
73	1	13	19	34	34	3	16
73	1	13	30	34	34	3	inf
73	1	14	1	34	34	3	inf
73	1	14	12	34	34	3	57
73	1	14	13	34	34	3	67
73	1	14	14	34	34	2	29
73	1	14	17	34	34	2	32
73	1	14	18	34	34	3	0
73	1	14	19	34	34	2	41
73	1	14	22	34	34	2	44
73	1	14	23	34	34	3	6
73	1	14	24	34	34	3	16
73	1	15	6	34	34	3	inf
73	1	15	17	34	34	3	57
73	1	15	18	34	34	3	67
73	1	15	19	34	34	2	29
73	1	15	22	34	34	2	32
73	1	15	23	34	34	3	0
73	1	15	24	34	34	2	41
73	1	15	27	34	34	2	44
73	1	15	28	34	34	3	6
73	1	15	29	34	34	3	16
73	1	16	0	34	34	3	16
73	1	16	11	34	34	3	inf
73	1	16	22	34	34	3	57
73	1	16	23	34	34	3	67
73	1	16	24	34	34	2	29
73	1	16	27	34	34	2	32
73	1	16	28	34	34	3	0
73	1	16	29	34	34	2	41
73	1	16	32	34	34	2	44
73	1	16	33	34	34	3	6
73	1	17	0	34	34	2	41
73	1	17	3	34	34	2	44
73	1	17	4	34	34	3	6
73	1	17	5	34	34	3	16
73	1	17	16	34	34	3	inf
73	1	17	27	34	34	3	57
73	1	17	28	34	34	3	67
73	1	17	29	34	34	2	29
73	1	17	32	34	34	2	32
73	1	17	33	34	34	3	0
73	1	18	0	34	34	2	29
73	1	18	3	34	34	2	32
73	1	18	4	34	34	3	0
73	1	18	5	34	34	2	41
73	1	18	8	34	34	2	44
73	1	18	9	34	34	3	6
73	1	18	10	34	34	3	16
73	1	18	21	34	34	3	inf
73	1	18	32	34	34	3	57
73	1	18	33	34	34	3	67
73	1	19	3	34	34	3	57
73	1	19	4	34	34	3	67
73	1	19	5	34	34	2	29
73	1	19	8	34	34	2	32
73	1	19	9	34	34	3	0
73	1	19	10	34	34	2	41
73	1	19	13	34	34	2	44
73	1	19	14	34	34	3	6
73	1	19	15	34	34	3	16
73	1	19	26	34	34	3	inf
73	1	20	8	34	34	3	57
73	1	20	9	34	34	3	67
73	1	20	10	34	34	2	29
73	1	20	13	34	34	2	32
73	1	20	14	34	34	3	0
73	1	20	15	34	34	2	41
73	1	20	18	34	34	2	44
73	1	20	19	34	34	3	6
73	1	20	20	34	34	3	16
73	1	20	31	34	34	3	inf
73	1	21	2	34	34	3	inf
73	1	21	13	34	34	3	57
73	1	21	14	34	34	3	67
73	1	21	15	34	34	2	29
73	1	21	18	34	34	2	32
73	1	21	19	34	34	3	0
73	1	21	20	34	34	2	41
73	1	21	23	34	34	2	44
73	1	21	24	34	34	3	6
73	1	21	25	34	34	3	16
73	1	22	7	34	34	3	inf
73	1	22	18	34	34	3	57
73	1	22	19	34	34	3	67
73	1	22	20	34	34	2	29
73	1	22	23	34	34	2	32
73	1	22	24	34	34	3	0
73	1	22	25	34	34	2	41
73	1	22	28	34	34	2	44
73	1	22	29	34	34	3	6
73	1	22	30	34	34	3	16
73	1	23	0	34	34	3	6
73	1	23	1	34	34	3	16
73	1	23	12	34	34	3	inf
73	1	23	23	34	34	3	57
73	1	23	24	34	34	3	67
73	1	23	25	34	34	2	29
73	1	23	28	34	34	2	32
73	1	23	29	34	34	3	0
73	1	23	30	34	34	2	41
73	1	23	33	34	34	2	44
73	1	24	0	34	34	3	0
73	1	24	1	34	34	2	41
73	1	24	4	34	34	2	44
73	1	24	5	34	34	3	6
73	1	24	6	34	34	3	16
73	1	24	17	34	34	3	inf
73	1	24	28	34	34	3	57
73	1	24	29	34	34	3	67
73	1	24	30	34	34	2	29
73	1	24	33	34	34	2	32
73	1	25	0	34	34	3	67
73	1	25	1	34	34	2	29
73	1	25	4	34	34	2	32
73	1	25	5	34	34	3	0
73	1	25	6	34	34	2	41
73	1	25	9	34	34	2	44
73	1	25	10	34	34	3	6
73	1	25	11	34	34	3	16
73	1	25	22	34	34	3	inf
73	1	25	33	34	34	3	57
73	1	26	4	34	34	3	57
73	1	26	5	34	34	3	67
73	1	26	6	34	34	2	29
73	1	26	9	34	34	2	32
73	1	26	10	34	34	3	0
73	1	26	11	34	34	2	41
73	1	26	14	34	34	2	44
73	1	26	15	34	34	3	6
73	1	26	16	34	34	3	16
73	1	26	27	34	34	3	inf
73	1	27	9	34	34	3	57
73	1	27	10	34	34	3	67
73	1	27	11	34	34	2	29
73	1	27	14	34	34	2	32
73	1	27	15	34	34	3	0
73	1	27	16	34	34	2	41
73	1	27	19	34	34	2	44
73	1	27	20	34	34	3	6
73	1	27	21	34	34	3	16
73	1	27	32	34	34	3	inf
73	1	28	3	34	34	3	inf
73	1	28	14	34	34	3	57
73	1	28	15	34	34	3	67
73	1	28	16	34	34	2	29
73	1	28	19	34	34	2	32
73	1	28	20	34	34	3	0
73	1	28	21	34	34	2	41
73	1	28	24	34	34	2	44
73	1	28	25	34	34	3	6
73	1	28	26	34	34	3	16
73	1	29	8	34	34	3	inf
73	1	29	19	34	34	3	57
73	1	29	20	34	34	3	67
73	1	29	21	34	34	2	29
73	1	29	24	34	34	2	32
73	1	29	25	34	34	3	0
73	1	29	26	34	34	2	41
73	1	29	29	34	34	2	44
73	1	29	30	34	34	3	6
73	1	29	31	34	34	3	16
73	1	30	0	34	34	2	44
73	1	30	1	34	34	3	6
73	1	30	2	34	34	3	16
73	1	30	13	34	34	3	inf
73	1	30	24	34	34	3	57
73	1	30	25	34	34	3	67
73	1	30	26	34	34	2	29
73	1	30	29	34	34	2	32
73	1	30	30	34	34	3	0
73	1	30	31	34	34	2	41
73	1	31	0	34	34	2	32
73	1	31	1	34	34	3	0
73	1	31	2	34	34	2	41
73	1	31	5	34	34	2	44
73	1	31	6	34	34	3	6
73	1	31	7	34	34	3	16
73	1	31	18	34	34	3	inf
73	1	31	29	34	34	3	57
73	1	31	30	34	34	3	67
73	1	31	31	34	34	2	29
73	1	32	0	34	34	3	57
73	1	32	1	34	34	3	67
73	1	32	2	34	34	2	29
73	1	32	5	34	34	2	32
73	1	32	6	34	34	3	0
73	1	32	7	34	34	2	41
73	1	32	10	34	34	2	44
73	1	32	11	34	34	3	6
73	1	32	12	34	34	3	16
73	1	32	23	34	34	3	inf
73	1	33	5	34	34	3	57
73	1	33	6	34	34	3	67
73	1	33	7	34	34	2	29
73	1	33	10	34	34	2	32
73	1	33	11	34	34	3	0
73	1	33	12	34	34	2	41
73	1	33	15	34	34	2	44
73	1	33	16	34	34	3	6
73	1	33	17	34	34	3	16
73	1	33	28	34	34	3	inf
73	2	0	2	34	34	3	inf
73	2	0	10	34	34	3	16
73	2	0	11	34	34	3	6
73	2	0	12	34	34	2	44
73	2	0	15	34	34	2	41
73	2	0	16	34	34	3	0
73	2	0	17	34	34	2	32
73	2	0	20	34	34	2	29
73	2	0	21	34	34	3	67
73	2	0	22	34	34	3	57
73	2	0	33	34	34	3	inf
73	2	1	4	34	34	3	inf
73	2	1	7	34	34	3	inf
73	2	1	15	34	34	3	16
73	2	1	16	34	34	3	6
73	2	1	17	34	34	2	44
73	2	1	20	34	34	2	41
73	2	1	21	34	34	3	0
73	2	1	22	34	34	2	32
73	2	1	25	34	34	2	29
73	2	1	26	34	34	3	67
73	2	1	27	34	34	3	57
73	2	2	9	34	34	3	inf
73	2	2	12	34	34	3	inf
73	2	2	20	34	34	3	16
73	2	2	21	34	34	3	6
73	2	2	22	34	34	2	44
73	2	2	25	34	34	2	41
73	2	2	26	34	34	3	0
73	2	2	27	34	34	2	32
73	2	2	30	34	34	2	29
73	2	2	31	34	34	3	67
73	2	2	32	34	34	3	57
73	2	3	1	34	34	2	29
73	2	3	2	34	34	3	67
73	2	3	3	34	34	3	57
73	2	3	14	34	34	3	inf
73	2	3	17	34	34	3	inf
73	2	3	25	34	34	3	16
73	2	3	26	34	34	3	6
73	2	3	27	34	34	2	44
73	2	3	30	34	34	2	41
73	2	3	31	34	34	3	0
73	2	3	32	34	34	2	32
73	2	4	1	34	34	2	41
73	2	4	2	34	34	3	0
73	2	4	3	34	34	2	32
73	2	4	6	34	34	2	29
73	2	4	7	34	34	3	67
73	2	4	8	34	34	3	57
73	2	4	19	34	34	3	inf
73	2	4	22	34	34	3	inf
73	2	4	30	34	34	3	16
73	2	4	31	34	34	3	6
73	2	4	32	34	34	2	44
73	2	5	1	34	34	3	16
73	2	5	2	34	34	3	6
73	2	5	3	34	34	2	44
73	2	5	6	34	34	2	41
73	2	5	7	34	34	3	0
73	2	5	8	34	34	2	32
73	2	5	11	34	34	2	29
73	2	5	12	34	34	3	67
73	2	5	13	34	34	3	57
73	2	5	24	34	34	3	inf
73	2	5	27	34	34	3	inf
73	2	6	6	34	34	3	16
73	2	6	7	34	34	3	6
73	2	6	8	34	34	2	44
73	2	6	11	34	34	2	41
73	2	6	12	34	34	3	0
73	2	6	13	34	34	2	32
73	2	6	16	34	34	2	29
73	2	6	17	34	34	3	67
73	2	6	18	34	34	3	57
73	2	6	29	34	34	3	inf
73	2	6	32	34	34	3	inf
73	2	7	0	34	34	3	inf
73	2	7	3	34	34	3	inf
73	2	7	11	34	34	3	16
73	2	7	12	34	34	3	6
73	2	7	13	34	34	2	44
73	2	7	16	34	34	2	41
73	2	7	17	34	34	3	0
73	2	7	18	34	34	2	32
73	2	7	21	34	34	2	29
73	2	7	22	34	34	3	67
73	2	7	23	34	34	3	57
73	2	8	5	34	34	3	inf
73	2	8	8	34	34	3	inf
73	2	8	16	34	34	3	16
73	2	8	17	34	34	3	6
73	2	8	18	34	34	2	44
73	2	8	21	34	34	2	41
73	2	8	22	34	34	3	0
73	2	8	23	34	34	2	32
73	2	8	26	34	34	2	29
73	2	8	27	34	34	3	67
73	2	8	28	34	34	3	57
73	2	9	10	34	34	3	inf
73	2	9	13	34	34	3	inf
73	2	9	21	34	34	3	16
73	2	9	22	34	34	3	6
73	2	9	23	34	34	2	44
73	2	9	26	34	34	2	41
73	2	9	27	34	34	3	0
73	2	9	28	34	34	2	32
73	2	9	31	34	34	2	29
73	2	9	32	34	34	3	67
73	2	9	33	34	34	3	57
73	2	10	2	34	34	2	29
73	2	10	3	34	34	3	67
73	2	10	4	34	34	3	57
73	2	10	15	34	34	3	inf
73	2	10	18	34	34	3	inf
73	2	10	26	34	34	3	16
73	2	10	27	34	34	3	6
73	2	10	28	34	34	2	44
73	2	10	31	34	34	2	41
73	2	10	32	34	34	3	0
73	2	10	33	34	34	2	32
73	2	11	2	34	34	2	41
73	2	11	3	34	34	3	0
73	2	11	4	34	34	2	32
73	2	11	7	34	34	2	29
73	2	11	8	34	34	3	67
73	2	11	9	34	34	3	57
73	2	11	20	34	34	3	inf
73	2	11	23	34	34	3	inf
73	2	11	31	34	34	3	16
73	2	11	32	34	34	3	6
73	2	11	33	34	34	2	44
73	2	12	2	34	34	3	16
73	2	12	3	34	34	3	6
73	2	12	4	34	34	2	44
73	2	12	7	34	34	2	41
73	2	12	8	34	34	3	0
73	2	12	9	34	34	2	32
73	2	12	12	34	34	2	29
73	2	12	13	34	34	3	67
73	2	12	14	34	34	3	57
73	2	12	25	34	34	3	inf
73	2	12	28	34	34	3	inf
73	2	13	7	34	34	3	16
73	2	13	8	34	34	3	6
73	2	13	9	34	34	2	44
73	2	13	12	34	34	2	41
73	2	13	13	34	34	3	0
73	2	13	14	34	34	2	32
73	2	13	17	34	34	2	29
73	2	13	18	34	34	3	67
73	2	13	19	34	34	3	57
73	2	13	30	34	34	3	inf
73	2	13	33	34	34	3	inf
73	2	14	1	34	34	3	inf
73	2	14	4	34	34	3	inf
73	2	14	12	34	34	3	16
73	2	14	13	34	34	3	6
73	2	14	14	34	34	2	44
73	2	14	17	34	34	2	41
73	2	14	18	34	34	3	0
73	2	14	19	34	34	2	32
73	2	14	22	34	34	2	29
73	2	14	23	34	34	3	67
73	2	14	24	34	34	3	57
73	2	15	6	34	34	3	inf
73	2	15	9	34	34	3	inf
73	2	15	17	34	34	3	16
73	2	15	18	34	34	3	6
73	2	15	19	34	34	2	44
73	2	15	22	34	34	2	41
73	2	15	23	34	34	3	0
73	2	15	24	34	34	2	32
73	2	15	27	34	34	2	29
73	2	15	28	34	34	3	67
73	2	15	29	34	34	3	57
73	2	16	0	34	34	3	57
73	2	16	11	34	34	3	inf
73	2	16	14	34	34	3	inf
73	2	16	22	34	34	3	16
73	2	16	23	34	34	3	6
73	2	16	24	34	34	2	44
73	2	16	27	34	34	2	41
73	2	16	28	34	34	3	0
73	2	16	29	34	34	2	32
73	2	16	32	34	34	2	29
73	2	16	33	34	34	3	67
73	2	17	0	34	34	2	32
73	2	17	3	34	34	2	29
73	2	17	4	34	34	3	67
73	2	17	5	34	34	3	57
73	2	17	16	34	34	3	inf
73	2	17	19	34	34	3	inf
73	2	17	27	34	34	3	16
73	2	17	28	34	34	3	6
73	2	17	29	34	34	2	44
73	2	17	32	34	34	2	41
73	2	17	33	34	34	3	0
73	2	18	0	34	34	2	44
73	2	18	3	34	34	2	41
73	2	18	4	34	34	3	0
73	2	18	5	34	34	2	32
73	2	18	8	34	34	2	29
73	2	18	9	34	34	3	67
73	2	18	10	34	34	3	57
73	2	18	21	34	34	3	inf
73	2	18	24	34	34	3	inf
73	2	18	32	34	34	3	16
73	2	18	33	34	34	3	6
73	2	19	3	34	34	3	16
73	2	19	4	34	34	3	6
73	2	19	5	34	34	2	44
73	2	19	8	34	34	2	41
73	2	19	9	34	34	3	0
73	2	19	10	34	34	2	32
73	2	19	13	34	34	2	29
73	2	19	14	34	34	3	67
73	2	19	15	34	34	3	57
73	2	19	26	34	34	3	inf
73	2	19	29	34	34	3	inf
73	2	20	0	34	34	3	inf
73	2	20	8	34	34	3	16
73	2	20	9	34	34	3	6
73	2	20	10	34	34	2	44
73	2	20	13	34	34	2	41
73	2	20	14	34	34	3	0
73	2	20	15	34	34	2	32
73	2	20	18	34	34	2	29
73	2	20	19	34	34	3	67
73	2	20	20	34	34	3	57
73	2	20	31	34	34	3	inf
73	2	21	2	34	34	3	inf
73	2	21	5	34	34	3	inf
73	2	21	13	34	34	3	16
73	2	21	14	34	34	3	6
73	2	21	15	34	34	2	44
73	2	21	18	34	34	2	41
73	2	21	19	34	34	3	0
73	2	21	20	34	34	2	32
73	2	21	23	34	34	2	29
73	2	21	24	34	34	3	67
73	2	21	25	34	34	3	57
73	2	22	7	34	34	3	inf
73	2	22	10	34	34	3	inf
73	2	22	18	34	34	3	16
73	2	22	19	34	34	3	6
73	2	22	20	34	34	2	44
73	2	22	23	34	34	2	41
73	2	22	24	34	34	3	0
73	2	22	25	34	34	2	32
73	2	22	28	34	34	2	29
73	2	22	29	34	34	3	67
73	2	22	30	34	34	3	57
73	2	23	0	34	34	3	67
73	2	23	1	34	34	3	57
73	2	23	12	34	34	3	inf
73	2	23	15	34	34	3	inf
73	2	23	23	34	34	3	16
73	2	23	24	34	34	3	6
73	2	23	25	34	34	2	44
73	2	23	28	34	34	2	41
73	2	23	29	34	34	3	0
73	2	23	30	34	34	2	32
73	2	23	33	34	34	2	29
73	2	24	0	34	34	3	0
73	2	24	1	34	34	2	32
73	2	24	4	34	34	2	29
73	2	24	5	34	34	3	67
73	2	24	6	34	34	3	57
73	2	24	17	34	34	3	inf
73	2	24	20	34	34	3	inf
73	2	24	28	34	34	3	16
73	2	24	29	34	34	3	6
73	2	24	30	34	34	2	44
73	2	24	33	34	34	2	41
73	2	25	0	34	34	3	6
73	2	25	1	34	34	2	44
73	2	25	4	34	34	2	41
73	2	25	5	34	34	3	0
73	2	25	6	34	34	2	32
73	2	25	9	34	34	2	29
73	2	25	10	34	34	3	67
73	2	25	11	34	34	3	57
73	2	25	22	34	34	3	inf
73	2	25	25	34	34	3	inf
73	2	25	33	34	34	3	16
73	2	26	4	34	34	3	16
73	2	26	5	34	34	3	6
73	2	26	6	34	34	2	44
73	2	26	9	34	34	2	41
73	2	26	10	34	34	3	0
73	2	26	11	34	34	2	32
73	2	26	14	34	34	2	29
73	2	26	15	34	34	3	67
73	2	26	16	34	34	3	57
73	2	26	27	34	34	3	inf
73	2	26	30	34	34	3	inf
73	2	27	1	34	34	3	inf
73	2	27	9	34	34	3	16
73	2	27	10	34	34	3	6
73	2	27	11	34	34	2	44
73	2	27	14	34	34	2	41
73	2	27	15	34	34	3	0
73	2	27	16	34	34	2	32
73	2	27	19	34	34	2	29
73	2	27	20	34	34	3	67
73	2	27	21	34	34	3	57
73	2	27	32	34	34	3	inf
73	2	28	3	34	34	3	inf
73	2	28	6	34	34	3	inf
73	2	28	14	34	34	3	16
73	2	28	15	34	34	3	6
73	2	28	16	34	34	2	44
73	2	28	19	34	34	2	41
73	2	28	20	34	34	3	0
73	2	28	21	34	34	2	32
73	2	28	24	34	34	2	29
73	2	28	25	34	34	3	67
73	2	28	26	34	34	3	57
73	2	29	8	34	34	3	inf
73	2	29	11	34	34	3	inf
73	2	29	19	34	34	3	16
73	2	29	20	34	34	3	6
73	2	29	21	34	34	2	44
73	2	29	24	34	34	2	41
73	2	29	25	34	34	3	0
73	2	29	26	34	34	2	32
73	2	29	29	34	34	2	29
73	2	29	30	34	34	3	67
73	2	29	31	34	34	3	57
73	2	30	0	34	34	2	29
73	2	30	1	34	34	3	67
73	2	30	2	34	34	3	57
73	2	30	13	34	34	3	inf
73	2	30	16	34	34	3	inf
73	2	30	24	34	34	3	16
73	2	30	25	34	34	3	6
73	2	30	26	34	34	2	44
73	2	30	29	34	34	2	41
73	2	30	30	34	34	3	0
73	2	30	31	34	34	2	32
73	2	31	0	34	34	2	41
73	2	31	1	34	34	3	0
73	2	31	2	34	34	2	32
73	2	31	5	34	34	2	29
73	2	31	6	34	34	3	67
73	2	31	7	34	34	3	57
73	2	31	18	34	34	3	inf
73	2	31	21	34	34	3	inf
73	2	31	29	34	34	3	16
73	2	31	30	34	34	3	6
73	2	31	31	34	34	2	44
73	2	32	0	34	34	3	16
73	2	32	1	34	34	3	6
73	2	32	2	34	34	2	44
73	2	32	5	34	34	2	41
73	2	32	6	34	34	3	0
73	2	32	7	34	34	2	32
73	2	32	10	34	34	2	29
73	2	32	11	34	34	3	67
73	2	32	12	34	34	3	57
73	2	32	23	34	34	3	inf
73	2	32	26	34	34	3	inf
73	2	33	5	34	34	3	16
73	2	33	6	34	34	3	6
73	2	33	7	34	34	2	44
73	2	33	10	34	34	2	41
73	2	33	11	34	34	3	0
73	2	33	12	34	34	2	32
73	2	33	15	34	34	2	29
73	2	33	16	34	34	3	67
73	2	33	17	34	34	3	57
73	2	33	28	34	34	3	inf
73	2	33	31	34	34	3	inf
79	1	0	6	42	7	3	inf
79	1	1	1	42	7	3	30
79	1	1	5	42	7	3	27
79	1	2	3	42	7	3	30
79	1	2	6	42	7	3	27
79	1	3	1	42	7	3	inf
79	1	3	5	42	7	3	inf
79	1	4	0	42	7	3	49
79	1	4	4	42	7	3	52
79	1	5	2	42	7	3	49
79	1	5	5	42	7	3	52
79	1	6	4	42	7	3	inf
79	1	7	3	42	7	3	27
79	1	7	6	42	7	3	30
79	1	8	1	42	7	3	30
79	1	8	4	42	7	3	27
79	1	9	3	42	7	3	inf
79	1	9	6	42	7	3	inf
79	1	10	2	42	7	3	52
79	1	10	5	42	7	3	49
79	1	11	0	42	7	3	49
79	1	11	3	42	7	3	52
79	1	12	2	42	7	3	inf
79	1	13	1	42	7	3	27
79	1	13	4	42	7	3	30
79	1	14	2	42	7	3	27
79	1	14	6	42	7	3	30
79	1	15	1	42	7	3	inf
79	1	15	4	42	7	3	inf
79	1	16	0	42	7	3	52
79	1	16	3	42	7	3	49
79	1	17	1	42	7	3	52
79	1	17	5	42	7	3	49
79	1	18	0	42	7	3	inf
79	1	19	2	42	7	3	30
79	1	19	6	42	7	3	27
79	1	20	0	42	7	3	27
79	1	20	4	42	7	3	30
79	1	21	2	42	7	3	inf
79	1	21	6	42	7	3	inf
79	1	22	1	42	7	3	49
79	1	22	5	42	7	3	52
79	1	23	3	42	7	3	49
79	1	23	6	42	7	3	52
79	1	24	5	42	7	3	inf
79	1	25	0	42	7	3	30
79	1	25	4	42	7	3	27
79	1	26	2	42	7	3	30
79	1	26	5	42	7	3	27
79	1	27	0	42	7	3	inf
79	1	27	4	42	7	3	inf
79	1	28	3	42	7	3	52
79	1	28	6	42	7	3	49
79	1	29	1	42	7	3	49
79	1	29	4	42	7	3	52
79	1	30	3	42	7	3	inf
79	1	31	2	42	7	3	27
79	1	31	5	42	7	3	30
79	1	32	0	42	7	3	30
79	1	32	3	42	7	3	27
79	1	33	2	42	7	3	inf
79	1	33	5	42	7	3	inf
79	1	34	1	42	7	3	52
79	1	34	4	42	7	3	49
79	1	35	2	42	7	3	52
79	1	35	6	42	7	3	49
79	1	36	1	42	7	3	inf
79	1	37	0	42	7	3	27
79	1	37	3	42	7	3	30
79	1	38	1	42	7	3	27
79	1	38	5	42	7	3	30
79	1	39	0	42	7	3	inf
79	1	39	3	42	7	3	inf
79	1	40	2	42	7	3	49
79	1	40	6	42	7	3	52
79	1	41	0	42	7	3	52
79	1	41	4	42	7	3	49
79	2	0	2	42	7	3	inf
79	2	0	6	42	7	3	inf
79	2	1	1	42	7	3	49
79	2	1	5	42	7	3	52
79	2	2	3	42	7	3	49
79	2	2	6	42	7	3	52
79	2	3	5	42	7	3	inf
79	2	4	0	42	7	3	30
79	2	4	4	42	7	3	27
79	2	5	2	42	7	3	30
79	2	5	5	42	7	3	27
79	2	6	0	42	7	3	inf
79	2	6	4	42	7	3	inf
79	2	7	3	42	7	3	52
79	2	7	6	42	7	3	49
79	2	8	1	42	7	3	49
79	2	8	4	42	7	3	52
79	2	9	3	42	7	3	inf
79	2	10	2	42	7	3	27
79	2	10	5	42	7	3	30
79	2	11	0	42	7	3	30
79	2	11	3	42	7	3	27
79	2	12	2	42	7	3	inf
79	2	12	5	42	7	3	inf
79	2	13	1	42	7	3	52
79	2	13	4	42	7	3	49
79	2	14	2	42	7	3	52
79	2	14	6	42	7	3	49
79	2	15	1	42	7	3	inf
79	2	16	0	42	7	3	27
79	2	16	3	42	7	3	30
79	2	17	1	42	7	3	27
79	2	17	5	42	7	3	30
79	2	18	0	42	7	3	inf
79	2	18	3	42	7	3	inf
79	2	19	2	42	7	3	49
79	2	19	6	42	7	3	52
79	2	20	0	42	7	3	52
79	2	20	4	42	7	3	49
79	2	21	6	42	7	3	inf
79	2	22	1	42	7	3	30
79	2	22	5	42	7	3	27
79	2	23	3	42	7	3	30
79	2	23	6	42	7	3	27
79	2	24	1	42	7	3	inf
79	2	24	5	42	7	3	inf
79	2	25	0	42	7	3	49
79	2	25	4	42	7	3	52
79	2	26	2	42	7	3	49
79	2	26	5	42	7	3	52
79	2	27	4	42	7	3	inf
79	2	28	3	42	7	3	27
79	2	28	6	42	7	3	30
79	2	29	1	42	7	3	30
79	2	29	4	42	7	3	27
79	2	30	3	42	7	3	inf
79	2	30	6	42	7	3	inf
79	2	31	2	42	7	3	52
79	2	31	5	42	7	3	49
79	2	32	0	42	7	3	49
79	2	32	3	42	7	3	52
79	2	33	2	42	7	3	inf
79	2	34	1	42	7	3	27
79	2	34	4	42	7	3	30
79	2	35	2	42	7	3	27
79	2	35	6	42	7	3	30
79	2	36	1	42	7	3	inf
79	2	36	4	42	7	3	inf
79	2	37	0	42	7	3	52
79	2	37	3	42	7	3	49
79	2	38	1	42	7	3	52
79	2	38	5	42	7	3	49
79	2	39	0	42	7	3	inf
79	2	40	2	42	7	3	30
79	2	40	6	42	7	3	27
79	2	41	0	42	7	3	27
79	2	41	4	42	7	3	30
83	1	0	0	6	36	2	1
83	1	0	1	6	36	3	80
83	1	0	2	6	36	2	78
83	1	0	5	6	36	2	63
83	1	0	11	6	36	2	63
83	1	0	14	6	36	2	78
83	1	0	15	6	36	3	80
83	1	0	16	6	36	2	1
83	1	0	17	6	36	3	inf
83	1	0	18	6	36	2	82
83	1	0	19	6	36	3	3
83	1	0	20	6	36	3	inf
83	1	0	23	6	36	2	20
83	1	0	29	6	36	2	20
83	1	0	32	6	36	2	5
83	1	0	33	6	36	3	3
83	1	0	34	6	36	2	82
83	1	0	35	6	36	3	inf
83	1	1	2	6	36	2	5
83	1	1	3	6	36	3	3
83	1	1	4	6	36	2	82
83	1	1	5	6	36	3	inf
83	1	1	6	6	36	2	1
83	1	1	7	6	36	3	80
83	1	1	8	6	36	2	78
83	1	1	11	6	36	2	63
83	1	1	17	6	36	2	63
83	1	1	20	6	36	2	78
83	1	1	21	6	36	3	80
83	1	1	22	6	36	2	1
83	1	1	23	6	36	3	inf
83	1	1	24	6	36	2	82
83	1	1	25	6	36	3	3
83	1	1	26	6	36	3	inf
83	1	1	29	6	36	2	20
83	1	1	35	6	36	2	20
83	1	2	5	6	36	2	20
83	1	2	8	6	36	2	5
83	1	2	9	6	36	3	3
83	1	2	10	6	36	2	82
83	1	2	11	6	36	3	inf
83	1	2	12	6	36	2	1
83	1	2	13	6	36	3	80
83	1	2	14	6	36	2	78
83	1	2	17	6	36	2	63
83	1	2	23	6	36	2	63
83	1	2	26	6	36	2	78
83	1	2	27	6	36	3	80
83	1	2	28	6	36	2	1
83	1	2	29	6	36	3	inf
83	1	2	30	6	36	2	82
83	1	2	31	6	36	3	3
83	1	2	32	6	36	3	inf
83	1	2	35	6	36	2	20
83	1	3	0	6	36	2	82
83	1	3	1	6	36	3	3
83	1	3	2	6	36	3	inf
83	1	3	5	6	36	2	20
83	1	3	11	6	36	2	20
83	1	3	14	6	36	2	5
83	1	3	15	6	36	3	3
83	1	3	16	6	36	2	82
83	1	3	17	6	36	3	inf
83	1	3	18	6	36	2	1
83	1	3	19	6	36	3	80
83	1	3	20	6	36	2	78
83	1	3	23	6	36	2	63
83	1	3	29	6	36	2	63
83	1	3	32	6	36	2	78
83	1	3	33	6	36	3	80
83	1	3	34	6	36	2	1
83	1	3	35	6	36	3	inf
83	1	4	2	6	36	2	78
83	1	4	3	6	36	3	80
83	1	4	4	6	36	2	1
83	1	4	5	6	36	3	inf
83	1	4	6	6	36	2	82
83	1	4	7	6	36	3	3
83	1	4	8	6	36	3	inf
83	1	4	11	6	36	2	20
83	1	4	17	6	36	2	20
83	1	4	20	6	36	2	5
83	1	4	21	6	36	3	3
83	1	4	22	6	36	2	82
83	1	4	23	6	36	3	inf
83	1	4	24	6	36	2	1
83	1	4	25	6	36	3	80
83	1	4	26	6	36	2	78
83	1	4	29	6	36	2	63
83	1	4	35	6	36	2	63
83	1	5	5	6	36	2	63
83	1	5	8	6	36	2	78
83	1	5	9	6	36	3	80
83	1	5	10	6	36	2	1
83	1	5	11	6	36	3	inf
83	1	5	12	6	36	2	82
83	1	5	13	6	36	3	3
83	1	5	14	6	36	3	inf
83	1	5	17	6	36	2	20
83	1	5	23	6	36	2	20
83	1	5	26	6	36	2	5
83	1	5	27	6	36	3	3
83	1	5	28	6	36	2	82
83	1	5	29	6	36	3	inf
83	1	5	30	6	36	2	1
83	1	5	31	6	36	3	80
83	1	5	32	6	36	2	78
83	1	5	35	6	36	2	63
83	2	0	0	6	36	2	82
83	2	0	1	6	36	3	3
83	2	0	2	6	36	3	inf
83	2	0	5	6	36	2	20
83	2	0	11	6	36	2	20
83	2	0	14	6	36	2	5
83	2	0	15	6	36	3	3
83	2	0	16	6	36	2	82
83	2	0	17	6	36	3	inf
83	2	0	18	6	36	2	1
83	2	0	19	6	36	3	80
83	2	0	20	6	36	2	78
83	2	0	23	6	36	2	63
83	2	0	29	6	36	2	63
83	2	0	32	6	36	2	78
83	2	0	33	6	36	3	80
83	2	0	34	6	36	2	1
83	2	0	35	6	36	3	inf
83	2	1	2	6	36	2	78
83	2	1	3	6	36	3	80
83	2	1	4	6	36	2	1
83	2	1	5	6	36	3	inf
83	2	1	6	6	36	2	82
83	2	1	7	6	36	3	3
83	2	1	8	6	36	3	inf
83	2	1	11	6	36	2	20
83	2	1	17	6	36	2	20
83	2	1	20	6	36	2	5
83	2	1	21	6	36	3	3
83	2	1	22	6	36	2	82
83	2	1	23	6	36	3	inf
83	2	1	24	6	36	2	1
83	2	1	25	6	36	3	80
83	2	1	26	6	36	2	78
83	2	1	29	6	36	2	63
83	2	1	35	6	36	2	63
83	2	2	5	6	36	2	63
83	2	2	8	6	36	2	78
83	2	2	9	6	36	3	80
83	2	2	10	6	36	2	1
83	2	2	11	6	36	3	inf
83	2	2	12	6	36	2	82
83	2	2	13	6	36	3	3
83	2	2	14	6	36	3	inf
83	2	2	17	6	36	2	20
83	2	2	23	6	36	2	20
83	2	2	26	6	36	2	5
83	2	2	27	6	36	3	3
83	2	2	28	6	36	2	82
83	2	2	29	6	36	3	inf
83	2	2	30	6	36	2	1
83	2	2	31	6	36	3	80
83	2	2	32	6	36	2	78
83	2	2	35	6	36	2	63
83	2	3	0	6	36	2	1
83	2	3	1	6	36	3	80
83	2	3	2	6	36	2	78
83	2	3	5	6	36	2	63
83	2	3	11	6	36	2	63
83	2	3	14	6	36	2	78
83	2	3	15	6	36	3	80
83	2	3	16	6	36	2	1
83	2	3	17	6	36	3	inf
83	2	3	18	6	36	2	82
83	2	3	19	6	36	3	3
83	2	3	20	6	36	3	inf
83	2	3	23	6	36	2	20
83	2	3	29	6	36	2	20
83	2	3	32	6	36	2	5
83	2	3	33	6	36	3	3
83	2	3	34	6	36	2	82
83	2	3	35	6	36	3	inf
83	2	4	2	6	36	2	5
83	2	4	3	6	36	3	3
83	2	4	4	6	36	2	82
83	2	4	5	6	36	3	inf
83	2	4	6	6	36	2	1
83	2	4	7	6	36	3	80
83	2	4	8	6	36	2	78
83	2	4	11	6	36	2	63
83	2	4	17	6	36	2	63
83	2	4	20	6	36	2	78
83	2	4	21	6	36	3	80
83	2	4	22	6	36	2	1
83	2	4	23	6	36	3	inf
83	2	4	24	6	36	2	82
83	2	4	25	6	36	3	3
83	2	4	26	6	36	3	inf
83	2	4	29	6	36	2	20
83	2	4	35	6	36	2	20
83	2	5	5	6	36	2	20
83	2	5	8	6	36	2	5
83	2	5	9	6	36	3	3
83	2	5	10	6	36	2	82
83	2	5	11	6	36	3	inf
83	2	5	12	6	36	2	1
83	2	5	13	6	36	3	80
83	2	5	14	6	36	2	78
83	2	5	17	6	36	2	63
83	2	5	23	6	36	2	63
83	2	5	26	6	36	2	78
83	2	5	27	6	36	3	80
83	2	5	28	6	36	2	1
83	2	5	29	6	36	3	inf
83	2	5	30	6	36	2	82
83	2	5	31	6	36	3	3
83	2	5	32	6	36	3	inf
83	2	5	35	6	36	2	20
89	1	0	4	100	5	3	inf
89	1	2	4	100	5	2	8
89	1	3	1	100	5	2	85
89	1	3	3	100	5	2	45
89	1	4	3	100	5	2	37
89	1	5	2	100	5	3	80
89	1	6	1	100	5	2	37
89	1	7	1	100	5	2	45
89	1	7	3	100	5	2	85
89	1	8	0	100	5	2	8
89	1	10	0	100	5	3	inf
89	1	10	3	100	5	3	inf
89	1	12	0	100	5	2	81
89	1	13	2	100	5	2	4
89	1	13	4	100	5	2	44
89	1	14	4	100	5	2	52
89	1	15	3	100	5	3	9
89	1	16	2	100	5	2	52
89	1	17	2	100	5	2	44
89	1	17	4	100	5	2	4
89	1	18	1	100	5	2	81
89	1	20	1	100	5	3	inf
89	1	22	1	100	5	2	8
89	1	23	0	100	5	2	45
89	1	23	3	100	5	2	85
89	1	24	0	100	5	2	37
89	1	25	4	100	5	3	80
89	1	26	3	100	5	2	37
89	1	27	0	100	5	2	85
89	1	27	3	100	5	2	45
89	1	28	2	100	5	2	8
89	1	30	0	100	5	3	inf
89	1	30	2	100	5	3	inf
89	1	32	2	100	5	2	81
89	1	33	1	100	5	2	44
89	1	33	4	100	5	2	4
89	1	34	1	100	5	2	52
89	1	35	0	100	5	3	9
89	1	36	4	100	5	2	52
89	1	37	1	100	5	2	4
89	1	37	4	100	5	2	44
89	1	38	3	100	5	2	81
89	1	40	3	100	5	3	inf
89	1	42	3	100	5	2	8
89	1	43	0	100	5	2	85
89	1	43	2	100	5	2	45
89	1	44	2	100	5	2	37
89	1	45	1	100	5	3	80
89	1	46	0	100	5	2	37
89	1	47	0	100	5	2	45
89	1	47	2	100	5	2	85
89	1	48	4	100	5	2	8
89	1	50	2	100	5	3	inf
89	1	50	4	100	5	3	inf
89	1	52	4	100	5	2	81
89	1	53	1	100	5	2	4
89	1	53	3	100	5	2	44
89	1	54	3	100	5	2	52
89	1	55	2	100	5	3	9
89	1	56	1	100	5	2	52
89	1	57	1	100	5	2	44
89	1	57	3	100	5	2	4
89	1	58	0	100	5	2	81
89	1	60	0	100	5	3	inf
89	1	62	0	100	5	2	8
89	1	63	2	100	5	2	85
89	1	63	4	100	5	2	45
89	1	64	4	100	5	2	37
89	1	65	3	100	5	3	80
89	1	66	2	100	5	2	37
89	1	67	2	100	5	2	45
89	1	67	4	100	5	2	85
89	1	68	1	100	5	2	8
89	1	70	1	100	5	3	inf
89	1	70	4	100	5	3	inf
89	1	72	1	100	5	2	81
89	1	73	0	100	5	2	44
89	1	73	3	100	5	2	4
89	1	74	0	100	5	2	52
89	1	75	4	100	5	3	9
89	1	76	3	100	5	2	52
89	1	77	0	100	5	2	4
89	1	77	3	100	5	2	44
89	1	78	2	100	5	2	81
89	1	80	2	100	5	3	inf
89	1	82	2	100	5	2	8
89	1	83	1	100	5	2	45
89	1	83	4	100	5	2	85
89	1	84	1	100	5	2	37
89	1	85	0	100	5	3	80
89	1	86	4	100	5	2	37
89	1	87	1	100	5	2	85
89	1	87	4	100	5	2	45
89	1	88	3	100	5	2	8
89	1	90	1	100	5	3	inf
89	1	90	3	100	5	3	inf
89	1	92	3	100	5	2	81
89	1	93	0	100	5	2	4
89	1	93	2	100	5	2	44
89	1	94	2	100	5	2	52
89	1	95	1	100	5	3	9
89	1	96	0	100	5	2	52
89	1	97	0	100	5	2	44
89	1	97	2	100	5	2	4
89	1	98	4	100	5	2	81
89	2	0	2	100	5	3	inf
89	2	0	4	100	5	3	inf
89	2	2	4	100	5	2	81
89	2	3	1	100	5	2	4
89	2	3	3	100	5	2	44
89	2	4	3	100	5	2	52
89	2	5	2	100	5	3	9
89	2	6	1	100	5	2	52
89	2	7	1	100	5	2	44
89	2	7	3	100	5	2	4
89	2	8	0	100	5	2	81
89	2	10	0	100	5	3	inf
89	2	12	0	100	5	2	8
89	2	13	2	100	5	2	85
89	2	13	4	100	5	2	45
89	2	14	4	100	5	2	37
89	2	15	3	100	5	3	80
89	2	16	2	100	5	2	37
89	2	17	2	100	5	2	45
89	2	17	4	100	5	2	85
89	2	18	1	100	5	2	8
89	2	20	1	100	5	3	inf
89	2	20	4	100	5	3	inf
89	2	22	1	100	5	2	81
89	2	23	0	100	5	2	44
89	2	23	3	100	5	2	4
89	2	24	0	100	5	2	52
89	2	25	4	100	5	3	9
89	2	26	3	100	5	2	52
89	2	27	0	100	5	2	4
89	2	27	3	100	5	2	44
89	2	28	2	100	5	2	81
89	2	30	2	100	5	3	inf
89	2	32	2	100	5	2	8
89	2	33	1	100	5	2	45
89	2	33	4	100	5	2	85
89	2	34	1	100	5	2	37
89	2	35	0	100	5	3	80
89	2	36	4	100	5	2	37
89	2	37	1	100	5	2	85
89	2	37	4	100	5	2	45
89	2	38	3	100	5	2	8
89	2	40	1	100	5	3	inf
89	2	40	3	100	5	3	inf
89	2	42	3	100	5	2	81
89	2	43	0	100	5	2	4
89	2	43	2	100	5	2	44
89	2	44	2	100	5	2	52
89	2	45	1	100	5	3	9
89	2	46	0	100	5	2	52
89	2	47	0	100	5	2	44
89	2	47	2	100	5	2	4
89	2	48	4	100	5	2	81
89	2	50	4	100	5	3	inf
89	2	52	4	100	5	2	8
89	2	53	1	100	5	2	85
89	2	53	3	100	5	2	45
89	2	54	3	100	5	2	37
89	2	55	2	100	5	3	80
89	2	56	1	100	5	2	37
89	2	57	1	100	5	2	45
89	2	57	3	100	5	2	85
89	2	58	0	100	5	2	8
89	2	60	0	100	5	3	inf
89	2	60	3	100	5	3	inf
89	2	62	0	100	5	2	81
89	2	63	2	100	5	2	4
89	2	63	4	100	5	2	44
89	2	64	4	100	5	2	52
89	2	65	3	100	5	3	9
89	2	66	2	100	5	2	52
89	2	67	2	100	5	2	44
89	2	67	4	100	5	2	4
89	2	68	1	100	5	2	81
89	2	70	1	100	5	3	inf
89	2	72	1	100	5	2	8
89	2	73	0	100	5	2	45
89	2	73	3	100	5	2	85
89	2	74	0	100	5	2	37
89	2	75	4	100	5	3	80
89	2	76	3	100	5	2	37
89	2	77	0	100	5	2	85
89	2	77	3	100	5	2	45
89	2	78	2	100	5	2	8
89	2	80	0	100	5	3	inf
89	2	80	2	100	5	3	inf
89	2	82	2	100	5	2	81
89	2	83	1	100	5	2	44
89	2	83	4	100	5	2	4
89	2	84	1	100	5	2	52
89	2	85	0	100	5	3	9
89	2	86	4	100	5	2	52
89	2	87	1	100	5	2	4
89	2	87	4	100	5	2	44
89	2	88	3	100	5	2	81
89	2	90	3	100	5	3	inf
89	2	92	3	100	5	2	8
89	2	93	0	100	5	2	85
89	2	93	2	100	5	2	45
89	2	94	2	100	5	2	37
89	2	95	1	100	5	3	80
89	2	96	0	100	5	2	37
89	2	97	0	100	5	2	45
89	2	97	2	100	5	2	85
89	2	98	4	100	5	2	8
97	1	0	5	14	42	3	56
97	1	0	7	14	42	2	49
97	1	0	14	14	42	2	25
97	1	0	18	14	42	2	7
97	1	0	20	14	42	3	0
97	1	0	22	14	42	2	90
97	1	0	26	14	42	2	72
97	1	0	33	14	42	2	48
97	1	0	35	14	42	3	41
97	1	0	41	14	42	3	inf
97	1	1	3	14	42	2	90
97	1	1	5	14	42	3	0
97	1	1	7	14	42	2	7
97	1	1	11	14	42	2	25
97	1	1	18	14	42	2	49
97	1	1	20	14	42	3	56
97	1	1	26	14	42	3	inf
97	1	1	29	14	42	3	inf
97	1	1	32	14	42	3	41
97	1	1	34	14	42	2	48
97	1	1	41	14	42	2	72
97	1	2	3	14	42	2	48
97	1	2	5	14	42	3	41
97	1	2	11	14	42	3	inf
97	1	2	17	14	42	3	56
97	1	2	19	14	42	2	49
97	1	2	26	14	42	2	25
97	1	2	30	14	42	2	7
97	1	2	32	14	42	3	0
97	1	2	34	14	42	2	90
97	1	2	38	14	42	2	72
97	1	3	2	14	42	3	41
97	1	3	4	14	42	2	48
97	1	3	11	14	42	2	72
97	1	3	15	14	42	2	90
97	1	3	17	14	42	3	0
97	1	3	19	14	42	2	7
97	1	3	23	14	42	2	25
97	1	3	30	14	42	2	49
97	1	3	32	14	42	3	56
97	1	3	38	14	42	3	inf
97	1	3	41	14	42	3	inf
97	1	4	0	14	42	2	7
97	1	4	2	14	42	3	0
97	1	4	4	14	42	2	90
97	1	4	8	14	42	2	72
97	1	4	15	14	42	2	48
97	1	4	17	14	42	3	41
97	1	4	23	14	42	3	inf
97	1	4	29	14	42	3	56
97	1	4	31	14	42	2	49
97	1	4	38	14	42	2	25
97	1	5	0	14	42	2	49
97	1	5	2	14	42	3	56
97	1	5	8	14	42	3	inf
97	1	5	11	14	42	3	inf
97	1	5	14	14	42	3	41
97	1	5	16	14	42	2	48
97	1	5	23	14	42	2	72
97	1	5	27	14	42	2	90
97	1	5	29	14	42	3	0
97	1	5	31	14	42	2	7
97	1	5	35	14	42	2	25
97	1	6	1	14	42	2	49
97	1	6	8	14	42	2	25
97	1	6	12	14	42	2	7
97	1	6	14	14	42	3	0
97	1	6	16	14	42	2	90
97	1	6	20	14	42	2	72
97	1	6	27	14	42	2	48
97	1	6	29	14	42	3	41
97	1	6	35	14	42	3	inf
97	1	6	41	14	42	3	56
97	1	7	1	14	42	2	7
97	1	7	5	14	42	2	25
97	1	7	12	14	42	2	49
97	1	7	14	14	42	3	56
97	1	7	20	14	42	3	inf
97	1	7	23	14	42	3	inf
97	1	7	26	14	42	3	41
97	1	7	28	14	42	2	48
97	1	7	35	14	42	2	72
97	1	7	39	14	42	2	90
97	1	7	41	14	42	3	0
97	1	8	5	14	42	3	inf
97	1	8	11	14	42	3	56
97	1	8	13	14	42	2	49
97	1	8	20	14	42	2	25
97	1	8	24	14	42	2	7
97	1	8	26	14	42	3	0
97	1	8	28	14	42	2	90
97	1	8	32	14	42	2	72
97	1	8	39	14	42	2	48
97	1	8	41	14	42	3	41
97	1	9	5	14	42	2	72
97	1	9	9	14	42	2	90
97	1	9	11	14	42	3	0
97	1	9	13	14	42	2	7
97	1	9	17	14	42	2	25
97	1	9	24	14	42	2	49
97	1	9	26	14	42	3	56
97	1	9	32	14	42	3	inf
97	1	9	35	14	42	3	inf
97	1	9	38	14	42	3	41
97	1	9	40	14	42	2	48
97	1	10	2	14	42	2	72
97	1	10	9	14	42	2	48
97	1	10	11	14	42	3	41
97	1	10	17	14	42	3	inf
97	1	10	23	14	42	3	56
97	1	10	25	14	42	2	49
97	1	10	32	14	42	2	25
97	1	10	36	14	42	2	7
97	1	10	38	14	42	3	0
97	1	10	40	14	42	2	90
97	1	11	2	14	42	3	inf
97	1	11	5	14	42	3	inf
97	1	11	8	14	42	3	41
97	1	11	10	14	42	2	48
97	1	11	17	14	42	2	72
97	1	11	21	14	42	2	90
97	1	11	23	14	42	3	0
97	1	11	25	14	42	2	7
97	1	11	29	14	42	2	25
97	1	11	36	14	42	2	49
97	1	11	38	14	42	3	56
97	1	12	2	14	42	2	25
97	1	12	6	14	42	2	7
97	1	12	8	14	42	3	0
97	1	12	10	14	42	2	90
97	1	12	14	14	42	2	72
97	1	12	21	14	42	2	48
97	1	12	23	14	42	3	41
97	1	12	29	14	42	3	inf
97	1	12	35	14	42	3	56
97	1	12	37	14	42	2	49
97	1	13	6	14	42	2	49
97	1	13	8	14	42	3	56
97	1	13	14	14	42	3	inf
97	1	13	17	14	42	3	inf
97	1	13	20	14	42	3	41
97	1	13	22	14	42	2	48
97	1	13	29	14	42	2	72
97	1	13	33	14	42	2	90
97	1	13	35	14	42	3	0
97	1	13	37	14	42	2	7
97	1	13	41	14	42	2	25
97	2	0	2	14	42	3	inf
97	2	0	5	14	42	3	41
97	2	0	7	14	42	2	48
97	2	0	14	14	42	2	72
97	2	0	18	14	42	2	90
97	2	0	20	14	42	3	0
97	2	0	22	14	42	2	7
97	2	0	26	14	42	2	25
97	2	0	33	14	42	2	49
97	2	0	35	14	42	3	56
97	2	0	41	14	42	3	inf
97	2	1	3	14	42	2	7
97	2	1	5	14	42	3	0
97	2	1	7	14	42	2	90
97	2	1	11	14	42	2	72
97	2	1	18	14	42	2	48
97	2	1	20	14	42	3	41
97	2	1	26	14	42	3	inf
97	2	1	32	14	42	3	56
97	2	1	34	14	42	2	49
97	2	1	41	14	42	2	25
97	2	2	3	14	42	2	49
97	2	2	5	14	42	3	56
97	2	2	11	14	42	3	inf
97	2	2	14	14	42	3	inf
97	2	2	17	14	42	3	41
97	2	2	19	14	42	2	48
97	2	2	26	14	42	2	72
97	2	2	30	14	42	2	90
97	2	2	32	14	42	3	0
97	2	2	34	14	42	2	7
97	2	2	38	14	42	2	25
97	2	3	2	14	42	3	56
97	2	3	4	14	42	2	49
97	2	3	11	14	42	2	25
97	2	3	15	14	42	2	7
97	2	3	17	14	42	3	0
97	2	3	19	14	42	2	90
97	2	3	23	14	42	2	72
97	2	3	30	14	42	2	48
97	2	3	32	14	42	3	41
97	2	3	38	14	42	3	inf
97	2	4	0	14	42	2	90
97	2	4	2	14	42	3	0
97	2	4	4	14	42	2	7
97	2	4	8	14	42	2	25
97	2	4	15	14	42	2	49
97	2	4	17	14	42	3	56
97	2	4	23	14	42	3	inf
97	2	4	26	14	42	3	inf
97	2	4	29	14	42	3	41
97	2	4	31	14	42	2	48
97	2	4	38	14	42	2	72
97	2	5	0	14	42	2	48
97	2	5	2	14	42	3	41
97	2	5	8	14	42	3	inf
97	2	5	14	14	42	3	56
97	2	5	16	14	42	2	49
97	2	5	23	14	42	2	25
97	2	5	27	14	42	2	7
97	2	5	29	14	42	3	0
97	2	5	31	14	42	2	90
97	2	5	35	14	42	2	72
97	2	6	1	14	42	2	48
97	2	6	8	14	42	2	72
97	2	6	12	14	42	2	90
97	2	6	14	14	42	3	0
97	2	6	16	14	42	2	7
97	2	6	20	14	42	2	25
97	2	6	27	14	42	2	49
97	2	6	29	14	42	3	56
97	2	6	35	14	42	3	inf
97	2	6	38	14	42	3	inf
97	2	6	41	14	42	3	41
97	2	7	1	14	42	2	90
97	2	7	5	14	42	2	72
97	2	7	12	14	42	2	48
97	2	7	14	14	42	3	41
97	2	7	20	14	42	3	inf
97	2	7	26	14	42	3	56
97	2	7	28	14	42	2	49
97	2	7	35	14	42	2	25
97	2	7	39	14	42	2	7
97	2	7	41	14	42	3	0
97	2	8	5	14	42	3	inf
97	2	8	8	14	42	3	inf
97	2	8	11	14	42	3	41
97	2	8	13	14	42	2	48
97	2	8	20	14	42	2	72
97	2	8	24	14	42	2	90
97	2	8	26	14	42	3	0
97	2	8	28	14	42	2	7
97	2	8	32	14	42	2	25
97	2	8	39	14	42	2	49
97	2	8	41	14	42	3	56
97	2	9	5	14	42	2	25
97	2	9	9	14	42	2	7
97	2	9	11	14	42	3	0
97	2	9	13	14	42	2	90
97	2	9	17	14	42	2	72
97	2	9	24	14	42	2	48
97	2	9	26	14	42	3	41
97	2	9	32	14	42	3	inf
97	2	9	38	14	42	3	56
97	2	9	40	14	42	2	49
97	2	10	2	14	42	2	25
97	2	10	9	14	42	2	49
97	2	10	11	14	42	3	56
97	2	10	17	14	42	3	inf
97	2	10	20	14	42	3	inf
97	2	10	23	14	42	3	41
97	2	10	25	14	42	2	48
97	2	10	32	14	42	2	72
97	2	10	36	14	42	2	90
97	2	10	38	14	42	3	0
97	2	10	40	14	42	2	7
97	2	11	2	14	42	3	inf
97	2	11	8	14	42	3	56
97	2	11	10	14	42	2	49
97	2	11	17	14	42	2	25
97	2	11	21	14	42	2	7
97	2	11	23	14	42	3	0
97	2	11	25	14	42	2	90
97	2	11	29	14	42	2	72
97	2	11	36	14	42	2	48
97	2	11	38	14	42	3	41
97	2	12	2	14	42	2	72
97	2	12	6	14	42	2	90
97	2	12	8	14	42	3	0
97	2	12	10	14	42	2	7
97	2	12	14	14	42	2	25
97	2	12	21	14	42	2	49
97	2	12	23	14	42	3	56
97	2	12	29	14	42	3	inf
97	2	12	32	14	42	3	inf
97	2	12	35	14	42	3	41
97	2	12	37	14	42	2	48
97	2	13	6	14	42	2	48
97	2	13	8	14	42	3	41
97	2	13	14	14	42	3	inf
97	2	13	20	14	42	3	56
97	2	13	22	14	42	2	49
97	2	13	29	14	42	2	25
97	2	13	33	14	42	2	7
97	2	13	35	14	42	3	0
97	2	13	37	14	42	2	90
97	2	13	41	14	42	2	72
