p	A	B	C	rho	sigma	pairing	a	b	c	d	mc	nc	U1	U0	V1	V0	M	N	G1	G0	W1	W0	ordD	ordH	relrankMN
47	2	17	18	12	8	1	4	34	36	17	6	30	37	25	9	17	2	27	26	6	40	25	12	24	2
47	2	17	18	12	8	1	4	34	36	17	6	30	37	25	9	17	7	38	22	33	1	39	12	24	2
47	2	17	18	12	8	1	4	34	36	17	6	30	37	25	9	17	9	37	11	46	6	9	12	24	2
47	2	17	18	12	8	1	4	34	36	17	6	30	37	25	9	17	13	40	6	33	4	19	12	24	2
47	2	17	18	12	8	1	4	34	36	17	6	30	37	25	9	17	21	26	24	12	10	7	12	24	2
47	2	17	18	12	8	1	4	34	36	17	6	30	37	25	9	17	27	7	43	32	24	18	12	24	2
47	2	17	18	12	8	1	4	34	36	17	6	30	37	25	9	17	29	16	1	25	36	45	12	24	2
47	2	17	18	12	8	1	4	34	36	17	6	30	37	25	9	17	32	22	21	15	13	17	12	24	2
47	2	17	18	12	8	1	4	34	36	17	6	30	37	25	9	17	41	3	33	22	4	10	12	24	2
47	2	17	18	12	8	1	4	34	36	17	6	30	37	25	9	17	46	17	1	15	11	25	12	24	2
47	2	17	18	12	8	2	4	36	34	17	6	30	37	25	9	17	2	27	26	6	40	25	12	24	2
47	2	17	18	12	8	2	4	36	34	17	6	30	37	25	9	17	7	38	22	33	1	39	12	24	2
47	2	17	18	12	8	2	4	36	34	17	6	30	37	25	9	17	9	37	11	46	6	9	12	24	2
47	2	17	18	12	8	2	4	36	34	17	6	30	37	25	9	17	13	40	6	33	4	19	12	24	2
47	2	17	18	12	8	2	4	36	34	17	6	30	37	25	9	17	21	26	24	12	10	7	12	24	2
47	2	17	18	12	8	2	4	36	34	17	6	30	37	25	9	17	27	7	43	32	24	18	12	24	2
47	2	17	18	12	8	2	4	36	34	17	6	30	37	25	9	17	29	16	1	25	36	45	12	24	2
47	2	17	18	12	8	2	4	36	34	17	6	30	37	25	9	17	32	22	21	15	13	17	12	24	2
47	2	17	18	12	8	2	4	36	34	17	6	30	37	25	9	17	41	3	33	22	4	10	12	24	2
47	2	17	18	12	8	2	4	36	34	17	6	30	37	25	9	17	46	17	1	15	11	25	12	24	2
47	2	17	18	12	8	3	34	36	4	17	6	30	37	25	9	17	2	27	26	6	40	25	12	24	2
47	2	17	18	12	8	3	34	36	4	17	6	30	37	25	9	17	7	38	22	33	1	39	12	24	2
47	2	17	18	12	8	3	34	36	4	17	6	30	37	25	9	17	9	37	11	46	6	9	12	24	2
47	2	17	18	12	8	3	34	36	4	17	6	30	37	25	9	17	13	40	6	33	4	19	12	24	2
47	2	17	18	12	8	3	34	36	4	17	6	30	37	25	9	17	21	26	24	12	10	7	12	24	2
47	2	17	18	12	8	3	34	36	4	17	6	30	37	25	9	17	27	7	43	32	24	18	12	24	2
47	2	17	18	12	8	3	34	36	4	17	6	30	37	25	9	17	29	16	1	25	36	45	12	24	2
47	2	17	18	12	8	3	34	36	4	17	6	30	37	25	9	17	32	22	21	15	13	17	12	24	2
47	2	17	18	12	8	3	34	36	4	17	6	30	37	25	9	17	41	3	33	22	4	10	12	24	2
47	2	17	18	12	8	3	34	36	4	17	6	30	37	25	9	17	46	17	1	15	11	25	12	24	2
47	2	17	18	35	39	1	43	13	11	30	32	27	17	1	14	20	11	2	18	45	39	43	12	24	2
47	2	17	18	35	39	1	43	13	11	30	32	27	17	1	14	20	13	38	32	37	1	8	12	24	2
47	2	17	18	35	39	1	43	13	11	30	32	27	17	1	14	20	15	21	17	9	12	7	12	24	2
47	2	17	18	35	39	1	43	13	11	30	32	27	17	1	14	20	15	26	33	22	35	40	12	24	2
47	2	17	18	35	39	1	43	13	11	30	32	27	17	1	14	20	20	24	4	21	33	45	12	24	2
47	2	17	18	35	39	1	43	13	11	30	32	27	17	1	14	20	20	38	0	30	14	2	12	24	2
47	2	17	18	35	39	1	43	13	11	30	32	27	17	1	14	20	22	10	46	27	29	28	12	24	2
47	2	17	18	35	39	1	43	13	11	30	32	27	17	1	14	20	23	46	32	9	19	16	12	24	2
47	2	17	18	35	39	1	43	13	11	30	32	27	17	1	14	20	30	40	12	45	39	30	12	24	2
47	2	17	18	35	39	1	43	13	11	30	32	27	17	1	14	20	31	11	18	46	35	36	12	24	2
47	2	17	18	35	39	1	43	13	11	30	32	27	17	1	14	20	33	9	25	8	34	46	12	24	2
47	2	17	18	35	39	1	43	13	11	30	32	27	17	1	14	20	35	37	17	40	35	13	12	24	2
47	2	17	18	35	39	1	43	13	11	30	32	27	17	1	14	20	38	32	9	11	26	25	12	24	2
47	2	17	18	35	39	1	43	13	11	30	32	27	17	1	14	20	39	21	29	11	28	24	12	24	2
47	2	17	18	35	39	1	43	13	11	30	32	27	17	1	14	20	44	3	44	8	38	38	12	24	2
47	2	17	18	35	39	1	43	13	11	30	32	27	17	1	14	20	46	40	15	34	31	10	12	24	2
47	2	17	18	35	39	2	43	11	13	30	32	27	17	1	14	20	11	2	18	45	39	43	12	24	2
47	2	17	18	35	39	2	43	11	13	30	32	27	17	1	14	20	13	38	32	37	1	8	12	24	2
47	2	17	18	35	39	2	43	11	13	30	32	27	17	1	14	20	15	21	17	9	12	7	12	24	2
47	2	17	18	35	39	2	43	11	13	30	32	27	17	1	14	20	15	26	33	22	35	40	12	24	2
47	2	17	18	35	39	2	43	11	13	30	32	27	17	1	14	20	20	24	4	21	33	45	12	24	2
47	2	17	18	35	39	2	43	11	13	30	32	27	17	1	14	20	20	38	0	30	14	2	12	24	2
47	2	17	18	35	39	2	43	11	13	30	32	27	17	1	14	20	22	10	46	27	29	28	12	24	2
47	2	17	18	35	39	2	43	11	13	30	32	27	17	1	14	20	23	46	32	9	19	16	12	24	2
47	2	17	18	35	39	2	43	11	13	30	32	27	17	1	14	20	30	40	12	45	39	30	12	24	2
47	2	17	18	35	39	2	43	11	13	30	32	27	17	1	14	20	31	11	18	46	35	36	12	24	2
47	2	17	18	35	39	2	43	11	13	30	32	27	17	1	14	20	33	9	25	8	34	46	12	24	2
47	2	17	18	35	39	2	43	11	13	30	32	27	17	1	14	20	35	37	17	40	35	13	12	24	2
47	2	17	18	35	39	2	43	11	13	30	32	27	17	1	14	20	38	32	9	11	26	25	12	24	2
47	2	17	18	35	39	2	43	11	13	30	32	27	17	1	14	20	39	21	29	11	28	24	12	24	2
47	2	17	18	35	39	2	43	11	13	30	32	27	17	1	14	20	44	3	44	8	38	38	12	24	2
47	2	17	18	35	39	2	43	11	13	30	32	27	17	1	14	20	46	40	15	34	31	10	12	24	2
47	2	17	18	35	39	3	13	11	43	30	32	27	17	1	14	20	11	2	18	45	39	43	12	24	2
47	2	17	18	35	39	3	13	11	43	30	32	27	17	1	14	20	13	38	32	37	1	8	12	24	2
47	2	17	18	35	39	3	13	11	43	30	32	27	17	1	14	20	15	21	17	9	12	7	12	24	2
47	2	17	18	35	39	3	13	11	43	30	32	27	17	1	14	20	15	26	33	22	35	40	12	24	2
47	2	17	18	35	39	3	13	11	43	30	32	27	17	1	14	20	20	24	4	21	33	45	12	24	2
47	2	17	18	35	39	3	13	11	43	30	32	27	17	1	14	20	20	38	0	30	14	2	12	24	2
47	2	17	18	35	39	3	13	11	43	30	32	27	17	1	14	20	22	10	46	27	29	28	12	24	2
47	2	17	18	35	39	3	13	11	43	30	32	27	17	1	14	20	23	46	32	9	19	16	12	24	2
47	2	17	18	35	39	3	13	11	43	30	32	27	17	1	14	20	30	40	12	45	39	30	12	24	2
47	2	17	18	35	39	3	13	11	43	30	32	27	17	1	14	20	31	11	18	46	35	36	12	24	2
47	2	17	18	35	39	3	13	11	43	30	32	27	17	1	14	20	33	9	25	8	34	46	12	24	2
47	2	17	18	35	39	3	13	11	43	30	32	27	17	1	14	20	35	37	17	40	35	13	12	24	2
47	2	17	18	35	39	3	13	11	43	30	32	27	17	1	14	20	38	32	9	11	26	25	12	24	2
47	2	17	18	35	39	3	13	11	43	30	32	27	17	1	14	20	39	21	29	11	28	24	12	24	2
47	2	17	18	35	39	3	13	11	43	30	32	27	17	1	14	20	44	3	44	8	38	38	12	24	2
47	2	17	18	35	39	3	13	11	43	30	32	27	17	1	14	20	46	40	15	34	31	10	12	24	2
47	2	18	17	12	8	1	4	36	34	17	6	30	37	25	9	17	2	27	26	6	40	25	12	24	2
47	2	18	17	12	8	1	4	36	34	17	6	30	37	25	9	17	7	38	22	33	1	39	12	24	2
47	2	18	17	12	8	1	4	36	34	17	6	30	37	25	9	17	9	37	11	46	6	9	12	24	2
47	2	18	17	12	8	1	4	36	34	17	6	30	37	25	9	17	13	40	6	33	4	19	12	24	2
47	2	18	17	12	8	1	4	36	34	17	6	30	37	25	9	17	21	26	24	12	10	7	12	24	2
47	2	18	17	12	8	1	4	36	34	17	6	30	37	25	9	17	27	7	43	32	24	18	12	24	2
47	2	18	17	12	8	1	4	36	34	17	6	30	37	25	9	17	29	16	1	25	36	45	12	24	2
47	2	18	17	12	8	1	4	36	34	17	6	30	37	25	9	17	32	22	21	15	13	17	12	24	2
47	2	18	17	12	8	1	4	36	34	17	6	30	37	25	9	17	41	3	33	22	4	10	12	24	2
47	2	18	17	12	8	1	4	36	34	17	6	30	37	25	9	17	46	17	1	15	11	25	12	24	2
47	2	18	17	12	8	2	4	34	36	17	6	30	37	25	9	17	2	27	26	6	40	25	12	24	2
47	2	18	17	12	8	2	4	34	36	17	6	30	37	25	9	17	7	38	22	33	1	39	12	24	2
47	2	18	17	12	8	2	4	34	36	17	6	30	37	25	9	17	9	37	11	46	6	9	12	24	2
47	2	18	17	12	8	2	4	34	36	17	6	30	37	25	9	17	13	40	6	33	4	19	12	24	2
47	2	18	17	12	8	2	4	34	36	17	6	30	37	25	9	17	21	26	24	12	10	7	12	24	2
47	2	18	17	12	8	2	4	34	36	17	6	30	37	25	9	17	27	7	43	32	24	18	12	24	2
47	2	18	17	12	8	2	4	34	36	17	6	30	37	25	9	17	29	16	1	25	36	45	12	24	2
47	2	18	17	12	8	2	4	34	36	17	6	30	37	25	9	17	32	22	21	15	13	17	12	24	2
47	2	18	17	12	8	2	4	34	36	17	6	30	37	25	9	17	41	3	33	22	4	10	12	24	2
47	2	18	17	12	8	2	4	34	36	17	6	30	37	25	9	17	46	17	1	15	11	25	12	24	2
47	2	18	17	12	8	3	36	34	4	17	6	30	37	25	9	17	2	27	26	6	40	25	12	24	2
47	2	18	17	12	8	3	36	34	4	17	6	30	37	25	9	17	7	38	22	33	1	39	12	24	2
47	2	18	17	12	8	3	36	34	4	17	6	30	37	25	9	17	9	37	11	46	6	9	12	24	2
47	2	18	17	12	8	3	36	34	4	17	6	30	37	25	9	17	13	40	6	33	4	19	12	24	2
47	2	18	17	12	8	3	36	34	4	17	6	30	37	25	9	17	21	26	24	12	10	7	12	24	2
47	2	18	17	12	8	3	36	34	4	17	6	30	37	25	9	17	27	7	43	32	24	18	12	24	2
47	2	18	17	12	8	3	36	34	4	17	6	30	37	25	9	17	29	16	1	25	36	45	12	24	2
47	2	18	17	12	8	3	36	34	4	17	6	30	37	25	9	17	32	22	21	15	13	17	12	24	2
47	2	18	17	12	8	3	36	34	4	17	6	30	37	25	9	17	41	3	33	22	4	10	12	24	2
47	2	18	17	12	8	3	36	34	4	17	6	30	37	25	9	17	46	17	1	15	11	25	12	24	2
47	2	18	17	35	39	1	43	11	13	30	32	27	17	1	14	20	11	2	18	45	39	43	12	24	2
47	2	18	17	35	39	1	43	11	13	30	32	27	17	1	14	20	13	38	32	37	1	8	12	24	2
47	2	18	17	35	39	1	43	11	13	30	32	27	17	1	14	20	15	21	17	9	12	7	12	24	2
47	2	18	17	35	39	1	43	11	13	30	32	27	17	1	14	20	15	26	33	22	35	40	12	24	2
47	2	18	17	35	39	1	43	11	13	30	32	27	17	1	14	20	20	24	4	21	33	45	12	24	2
47	2	18	17	35	39	1	43	11	13	30	32	27	17	1	14	20	20	38	0	30	14	2	12	24	2
47	2	18	17	35	39	1	43	11	13	30	32	27	17	1	14	20	22	10	46	27	29	28	12	24	2
47	2	18	17	35	39	1	43	11	13	30	32	27	17	1	14	20	23	46	32	9	19	16	12	24	2
47	2	18	17	35	39	1	43	11	13	30	32	27	17	1	14	20	30	40	12	45	39	30	12	24	2
47	2	18	17	35	39	1	43	11	13	30	32	27	17	1	14	20	31	11	18	46	35	36	12	24	2
47	2	18	17	35	39	1	43	11	13	30	32	27	17	1	14	20	33	9	25	8	34	46	12	24	2
47	2	18	17	35	39	1	43	11	13	30	32	27	17	1	14	20	35	37	17	40	35	13	12	24	2
47	2	18	17	35	39	1	43	11	13	30	32	27	17	1	14	20	38	32	9	11	26	25	12	24	2
47	2	18	17	35	39	1	43	11	13	30	32	27	17	1	14	20	39	21	29	11	28	24	12	24	2
47	2	18	17	35	39	1	43	11	13	30	32	27	17	1	14	20	44	3	44	8	38	38	12	24	2
47	2	18	17	35	39	1	43	11	13	30	32	27	17	1	14	20	46	40	15	34	31	10	12	24	2
47	2	18	17	35	39	2	43	13	11	30	32	27	17	1	14	20	11	2	18	45	39	43	12	24	2
47	2	18	17	35	39	2	43	13	11	30	32	27	17	1	14	20	13	38	32	37	1	8	12	24	2
47	2	18	17	35	39	2	43	13	11	30	32	27	17	1	14	20	15	21	17	9	12	7	12	24	2
47	2	18	17	35	39	2	43	13	11	30	32	27	17	1	14	20	15	26	33	22	35	40	12	24	2
47	2	18	17	35	39	2	43	13	11	30	32	27	17	1	14	20	20	24	4	21	33	45	12	24	2
47	2	18	17	35	39	2	43	13	11	30	32	27	17	1	14	20	20	38	0	30	14	2	12	24	2
47	2	18	17	35	39	2	43	13	11	30	32	27	17	1	14	20	22	10	46	27	29	28	12	24	2
47	2	18	17	35	39	2	43	13	11	30	32	27	17	1	14	20	23	46	32	9	19	16	12	24	2
47	2	18	17	35	39	2	43	13	11	30	32	27	17	1	14	20	30	40	12	45	39	30	12	24	2
47	2	18	17	35	39	2	43	13	11	30	32	27	17	1	14	20	31	11	18	46	35	36	12	24	2
47	2	18	17	35	39	2	43	13	11	30	32	27	17	1	14	20	33	9	25	8	34	46	12	24	2
47	2	18	17	35	39	2	43	13	11	30	32	27	17	1	14	20	35	37	17	40	35	13	12	24	2
47	2	18	17	35	39	2	43	13	11	30	32	27	17	1	14	20	38	32	9	11	26	25	12	24	2
47	2	18	17	35	39	2	43	13	11	30	32	27	17	1	14	20	39	21	29	11	28	24	12	24	2
47	2	18	17	35	39	2	43	13	11	30	32	27	17	1	14	20	44	3	44	8	38	38	12	24	2
47	2	18	17	35	39	2	43	13	11	30	32	27	17	1	14	20	46	40	15	34	31	10	12	24	2
47	2	18	17	35	39	3	11	13	43	30	32	27	17	1	14	20	11	2	18	45	39	43	12	24	2
47	2	18	17	35	39	3	11	13	43	30	32	27	17	1	14	20	13	38	32	37	1	8	12	24	2
47	2	18	17	35	39	3	11	13	43	30	32	27	17	1	14	20	15	21	17	9	12	7	12	24	2
47	2	18	17	35	39	3	11	13	43	30	32	27	17	1	14	20	15	26	33	22	35	40	12	24	2
47	2	18	17	35	39	3	11	13	43	30	32	27	17	1	14	20	20	24	4	21	33	45	12	24	2
47	2	18	17	35	39	3	11	13	43	30	32	27	17	1	14	20	20	38	0	30	14	2	12	24	2
47	2	18	17	35	39	3	11	13	43	30	32	27	17	1	14	20	22	10	46	27	29	28	12	24	2
47	2	18	17	35	39	3	11	13	43	30	32	27	17	1	14	20	23	46	32	9	19	16	12	24	2
47	2	18	17	35	39	3	11	13	43	30	32	27	17	1	14	20	30	40	12	45	39	30	12	24	2
47	2	18	17	35	39	3	11	13	43	30	32	27	17	1	14	20	31	11	18	46	35	36	12	24	2
47	2	18	17	35	39	3	11	13	43	30	32	27	17	1	14	20	33	9	25	8	34	46	12	24	2
47	2	18	17	35	39	3	11	13	43	30	32	27	17	1	14	20	35	37	17	40	35	13	12	24	2
47	2	18	17	35	39	3	11	13	43	30	32	27	17	1	14	20	38	32	9	11	26	25	12	24	2
47	2	18	17	35	39	3	11	13	43	30	32	27	17	1	14	20	39	21	29	11	28	24	12	24	2
47	2	18	17	35	39	3	11	13	43	30	32	27	17	1	14	20	44	3	44	8	38	38	12	24	2
47	2	18	17	35	39	3	11	13	43	30	32	27	17	1	14	20	46	40	15	34	31	10	12	24	2
47	2	22	31	6	14	1	8	41	30	25	28	39	6	7	10	25	1	16	42	3	37	38	12	24	2
47	2	22	31	6	14	1	8	41	30	25	28	39	6	7	10	25	5	0	34	8	29	30	12	24	2
47	2	22	31	6	14	1	8	41	30	25	28	39	6	7	10	25	5	7	26	44	18	17	12	24	2
47	2	22	31	6	14	1	8	41	30	25	28	39	6	7	10	25	6	26	38	20	43	45	12	24	2
47	2	22	31	6	14	1	8	41	30	25	28	39	6	7	10	25	7	24	28	19	3	16	12	24	2
47	2	22	31	6	14	1	8	41	30	25	28	39	6	7	10	25	17	14	0	16	12	41	12	24	2
47	2	22	31	6	14	1	8	41	30	25	28	39	6	7	10	25	19	39	21	13	15	29	12	24	2
47	2	22	31	6	14	1	8	41	30	25	28	39	6	7	10	25	20	20	3	32	46	45	12	24	2
47	2	22	31	6	14	1	8	41	30	25	28	39	6	7	10	25	22	17	28	22	20	16	12	24	2
47	2	22	31	6	14	1	8	41	30	25	28	39	6	7	10	25	25	13	1	11	9	39	12	24	2
47	2	22	31	6	14	1	8	41	30	25	28	39	6	7	10	25	27	3	23	17	0	4	12	24	2
47	2	22	31	6	14	1	8	41	30	25	28	39	6	7	10	25	28	12	1	26	38	36	12	24	2
47	2	22	31	6	14	1	8	41	30	25	28	39	6	7	10	25	32	24	32	12	0	28	12	24	2
47	2	22	31	6	14	1	8	41	30	25	28	39	6	7	10	25	43	8	23	24	24	4	12	24	2
47	2	22	31	6	14	1	8	41	30	25	28	39	6	7	10	25	46	11	15	6	37	18	12	24	2
47	2	22	31	6	14	1	8	41	30	25	28	39	6	7	10	25	46	31	42	30	10	29	12	24	2
47	2	22	31	6	14	2	8	30	41	25	28	39	6	7	10	25	1	16	42	3	37	38	12	24	2
47	2	22	31	6	14	2	8	30	41	25	28	39	6	7	10	25	5	0	34	8	29	30	12	24	2
47	2	22	31	6	14	2	8	30	41	25	28	39	6	7	10	25	5	7	26	44	18	17	12	24	2
47	2	22	31	6	14	2	8	30	41	25	28	39	6	7	10	25	6	26	38	20	43	45	12	24	2
47	2	22	31	6	14	2	8	30	41	25	28	39	6	7	10	25	7	24	28	19	3	16	12	24	2
47	2	22	31	6	14	2	8	30	41	25	28	39	6	7	10	25	17	14	0	16	12	41	12	24	2
47	2	22	31	6	14	2	8	30	41	25	28	39	6	7	10	25	19	39	21	13	15	29	12	24	2
47	2	22	31	6	14	2	8	30	41	25	28	39	6	7	10	25	20	20	3	32	46	45	12	24	2
47	2	22	31	6	14	2	8	30	41	25	28	39	6	7	10	25	22	17	28	22	20	16	12	24	2
47	2	22	31	6	14	2	8	30	41	25	28	39	6	7	10	25	25	13	1	11	9	39	12	24	2
47	2	22	31	6	14	2	8	30	41	25	28	39	6	7	10	25	27	3	23	17	0	4	12	24	2
47	2	22	31	6	14	2	8	30	41	25	28	39	6	7	10	25	28	12	1	26	38	36	12	24	2
47	2	22	31	6	14	2	8	30	41	25	28	39	6	7	10	25	32	24	32	12	0	28	12	24	2
47	2	22	31	6	14	2	8	30	41	25	28	39	6	7	10	25	43	8	23	24	24	4	12	24	2
47	2	22	31	6	14	2	8	30	41	25	28	39	6	7	10	25	46	11	15	6	37	18	12	24	2
47	2	22	31	6	14	2	8	30	41	25	28	39	6	7	10	25	46	31	42	30	10	29	12	24	2
47	2	22	31	6	14	3	41	30	8	25	28	39	6	7	10	25	1	16	42	3	37	38	12	24	2
47	2	22	31	6	14	3	41	30	8	25	28	39	6	7	10	25	5	0	34	8	29	30	12	24	2
47	2	22	31	6	14	3	41	30	8	25	28	39	6	7	10	25	5	7	26	44	18	17	12	24	2
47	2	22	31	6	14	3	41	30	8	25	28	39	6	7	10	25	6	26	38	20	43	45	12	24	2
47	2	22	31	6	14	3	41	30	8	25	28	39	6	7	10	25	7	24	28	19	3	16	12	24	2
47	2	22	31	6	14	3	41	30	8	25	28	39	6	7	10	25	17	14	0	16	12	41	12	24	2
47	2	22	31	6	14	3	41	30	8	25	28	39	6	7	10	25	19	39	21	13	15	29	12	24	2
47	2	22	31	6	14	3	41	30	8	25	28	39	6	7	10	25	20	20	3	32	46	45	12	24	2
47	2	22	31	6	14	3	41	30	8	25	28	39	6	7	10	25	22	17	28	22	20	16	12	24	2
47	2	22	31	6	14	3	41	30	8	25	28	39	6	7	10	25	25	13	1	11	9	39	12	24	2
47	2	22	31	6	14	3	41	30	8	25	28	39	6	7	10	25	27	3	23	17	0	4	12	24	2
47	2	22	31	6	14	3	41	30	8	25	28	39	6	7	10	25	28	12	1	26	38	36	12	24	2
47	2	22	31	6	14	3	41	30	8	25	28	39	6	7	10	25	32	24	32	12	0	28	12	24	2
47	2	22	31	6	14	3	41	30	8	25	28	39	6	7	10	25	43	8	23	24	24	4	12	24	2
47	2	22	31	6	14	3	41	30	8	25	28	39	6	7	10	25	46	11	15	6	37	18	12	24	2
47	2	22	31	6	14	3	41	30	8	25	28	39	6	7	10	25	46	31	42	30	10	29	12	24	2
47	2	22	31	41	33	1	39	6	17	22	43	9	14	14	42	44	4	0	29	24	44	20	12	24	2
47	2	22	31	41	33	1	39	6	17	22	43	9	14	14	42	44	5	41	18	26	10	22	12	24	2
47	2	22	31	41	33	1	39	6	17	22	43	9	14	14	42	44	6	9	0	2	42	16	12	24	2
47	2	22	31	41	33	1	39	6	17	22	43	9	14	14	42	44	8	5	19	33	33	0	12	24	2
47	2	22	31	41	33	1	39	6	17	22	43	9	14	14	42	44	8	11	8	40	14	0	12	24	2
47	2	22	31	41	33	1	39	6	17	22	43	9	14	14	42	44	12	40	18	3	15	30	12	24	2
47	2	22	31	41	33	1	39	6	17	22	43	9	14	14	42	44	26	42	35	15	39	33	12	24	2
47	2	22	31	41	33	1	39	6	17	22	43	9	14	14	42	44	28	32	46	42	30	21	12	24	2
47	2	22	31	41	33	1	39	6	17	22	43	9	14	14	42	44	31	21	10	29	28	13	12	24	2
47	2	22	31	41	33	1	39	6	17	22	43	9	14	14	42	44	35	18	21	41	20	32	12	24	2
47	2	22	31	41	33	1	39	6	17	22	43	9	14	14	42	44	38	18	43	8	7	9	12	24	2
47	2	22	31	41	33	1	39	6	17	22	43	9	14	14	42	44	39	19	16	18	32	38	12	24	2
47	2	22	31	41	33	1	39	6	17	22	43	9	14	14	42	44	41	20	3	11	28	16	12	24	2
47	2	22	31	41	33	1	39	6	17	22	43	9	14	14	42	44	41	25	10	2	19	31	12	24	2
47	2	22	31	41	33	1	39	6	17	22	43	9	14	14	42	44	43	35	32	5	14	1	12	24	2
47	2	22	31	41	33	1	39	6	17	22	43	9	14	14	42	44	44	4	3	17	41	18	12	24	2
47	2	22	31	41	33	2	39	17	6	22	43	9	14	14	42	44	4	0	29	24	44	20	12	24	2
47	2	22	31	41	33	2	39	17	6	22	43	9	14	14	42	44	5	41	18	26	10	22	12	24	2
47	2	22	31	41	33	2	39	17	6	22	43	9	14	14	42	44	6	9	0	2	42	16	12	24	2
47	2	22	31	41	33	2	39	17	6	22	43	9	14	14	42	44	8	5	19	33	33	0	12	24	2
47	2	22	31	41	33	2	39	17	6	22	43	9	14	14	42	44	8	11	8	40	14	0	12	24	2
47	2	22	31	41	33	2	39	17	6	22	43	9	14	14	42	44	12	40	18	3	15	30	12	24	2
47	2	22	31	41	33	2	39	17	6	22	43	9	14	14	42	44	26	42	35	15	39	33	12	24	2
47	2	22	31	41	33	2	39	17	6	22	43	9	14	14	42	44	28	32	46	42	30	21	12	24	2
47	2	22	31	41	33	2	39	17	6	22	43	9	14	14	42	44	31	21	10	29	28	13	12	24	2
47	2	22	31	41	33	2	39	17	6	22	43	9	14	14	42	44	35	18	21	41	20	32	12	24	2
47	2	22	31	41	33	2	39	17	6	22	43	9	14	14	42	44	38	18	43	8	7	9	12	24	2
47	2	22	31	41	33	2	39	17	6	22	43	9	14	14	42	44	39	19	16	18	32	38	12	24	2
47	2	22	31	41	33	2	39	17	6	22	43	9	14	14	42	44	41	20	3	11	28	16	12	24	2
47	2	22	31	41	33	2	39	17	6	22	43	9	14	14	42	44	41	25	10	2	19	31	12	24	2
47	2	22	31	41	33	2	39	17	6	22	43	9	14	14	42	44	43	35	32	5	14	1	12	24	2
47	2	22	31	41	33	2	39	17	6	22	43	9	14	14	42	44	44	4	3	17	41	18	12	24	2
47	2	22	31	41	33	3	6	17	39	22	43	9	14	14	42	44	4	0	29	24	44	20	12	24	2
47	2	22	31	41	33	3	6	17	39	22	43	9	14	14	42	44	5	41	18	26	10	22	12	24	2
47	2	22	31	41	33	3	6	17	39	22	43	9	14	14	42	44	6	9	0	2	42	16	12	24	2
47	2	22	31	41	33	3	6	17	39	22	43	9	14	14	42	44	8	5	19	33	33	0	12	24	2
47	2	22	31	41	33	3	6	17	39	22	43	9	14	14	42	44	8	11	8	40	14	0	12	24	2
47	2	22	31	41	33	3	6	17	39	22	43	9	14	14	42	44	12	40	18	3	15	30	12	24	2
47	2	22	31	41	33	3	6	17	39	22	43	9	14	14	42	44	26	42	35	15	39	33	12	24	2
47	2	22	31	41	33	3	6	17	39	22	43	9	14	14	42	44	28	32	46	42	30	21	12	24	2
47	2	22	31	41	33	3	6	17	39	22	43	9	14	14	42	44	31	21	10	29	28	13	12	24	2
47	2	22	31	41	33	3	6	17	39	22	43	9	14	14	42	44	35	18	21	41	20	32	12	24	2
47	2	22	31	41	33	3	6	17	39	22	43	9	14	14	42	44	38	18	43	8	7	9	12	24	2
47	2	22	31	41	33	3	6	17	39	22	43	9	14	14	42	44	39	19	16	18	32	38	12	24	2
47	2	22	31	41	33	3	6	17	39	22	43	9	14	14	42	44	41	20	3	11	28	16	12	24	2
47	2	22	31	41	33	3	6	17	39	22	43	9	14	14	42	44	41	25	10	2	19	31	12	24	2
47	2	22	31	41	33	3	6	17	39	22	43	9	14	14	42	44	43	35	32	5	14	1	12	24	2
47	2	22	31	41	33	3	6	17	39	22	43	9	14	14	42	44	44	4	3	17	41	18	12	24	2
47	2	31	22	6	14	1	8	30	41	25	28	39	6	7	10	25	1	16	42	3	37	38	12	24	2
47	2	31	22	6	14	1	8	30	41	25	28	39	6	7	10	25	5	0	34	8	29	30	12	24	2
47	2	31	22	6	14	1	8	30	41	25	28	39	6	7	10	25	5	7	26	44	18	17	12	24	2
47	2	31	22	6	14	1	8	30	41	25	28	39	6	7	10	25	6	26	38	20	43	45	12	24	2
47	2	31	22	6	14	1	8	30	41	25	28	39	6	7	10	25	7	24	28	19	3	16	12	24	2
47	2	31	22	6	14	1	8	30	41	25	28	39	6	7	10	25	17	14	0	16	12	41	12	24	2
47	2	31	22	6	14	1	8	30	41	25	28	39	6	7	10	25	19	39	21	13	15	29	12	24	2
47	2	31	22	6	14	1	8	30	41	25	28	39	6	7	10	25	20	20	3	32	46	45	12	24	2
47	2	31	22	6	14	1	8	30	41	25	28	39	6	7	10	25	22	17	28	22	20	16	12	24	2
47	2	31	22	6	14	1	8	30	41	25	28	39	6	7	10	25	25	13	1	11	9	39	12	24	2
47	2	31	22	6	14	1	8	30	41	25	28	39	6	7	10	25	27	3	23	17	0	4	12	24	2
47	2	31	22	6	14	1	8	30	41	25	28	39	6	7	10	25	28	12	1	26	38	36	12	24	2
47	2	31	22	6	14	1	8	30	41	25	28	39	6	7	10	25	32	24	32	12	0	28	12	24	2
47	2	31	22	6	14	1	8	30	41	25	28	39	6	7	10	25	43	8	23	24	24	4	12	24	2
47	2	31	22	6	14	1	8	30	41	25	28	39	6	7	10	25	46	11	15	6	37	18	12	24	2
47	2	31	22	6	14	1	8	30	41	25	28	39	6	7	10	25	46	31	42	30	10	29	12	24	2
47	2	31	22	6	14	2	8	41	30	25	28	39	6	7	10	25	1	16	42	3	37	38	12	24	2
47	2	31	22	6	14	2	8	41	30	25	28	39	6	7	10	25	5	0	34	8	29	30	12	24	2
47	2	31	22	6	14	2	8	41	30	25	28	39	6	7	10	25	5	7	26	44	18	17	12	24	2
47	2	31	22	6	14	2	8	41	30	25	28	39	6	7	10	25	6	26	38	20	43	45	12	24	2
47	2	31	22	6	14	2	8	41	30	25	28	39	6	7	10	25	7	24	28	19	3	16	12	24	2
47	2	31	22	6	14	2	8	41	30	25	28	39	6	7	10	25	17	14	0	16	12	41	12	24	2
47	2	31	22	6	14	2	8	41	30	25	28	39	6	7	10	25	19	39	21	13	15	29	12	24	2
47	2	31	22	6	14	2	8	41	30	25	28	39	6	7	10	25	20	20	3	32	46	45	12	24	2
47	2	31	22	6	14	2	8	41	30	25	28	39	6	7	10	25	22	17	28	22	20	16	12	24	2
47	2	31	22	6	14	2	8	41	30	25	28	39	6	7	10	25	25	13	1	11	9	39	12	24	2
47	2	31	22	6	14	2	8	41	30	25	28	39	6	7	10	25	27	3	23	17	0	4	12	24	2
47	2	31	22	6	14	2	8	41	30	25	28	39	6	7	10	25	28	12	1	26	38	36	12	24	2
47	2	31	22	6	14	2	8	41	30	25	28	39	6	7	10	25	32	24	32	12	0	28	12	24	2
47	2	31	22	6	14	2	8	41	30	25	28	39	6	7	10	25	43	8	23	24	24	4	12	24	2
47	2	31	22	6	14	2	8	41	30	25	28	39	6	7	10	25	46	11	15	6	37	18	12	24	2
47	2	31	22	6	14	2	8	41	30	25	28	39	6	7	10	25	46	31	42	30	10	29	12	24	2
47	2	31	22	6	14	3	30	41	8	25	28	39	6	7	10	25	1	16	42	3	37	38	12	24	2
47	2	31	22	6	14	3	30	41	8	25	28	39	6	7	10	25	5	0	34	8	29	30	12	24	2
47	2	31	22	6	14	3	30	41	8	25	28	39	6	7	10	25	5	7	26	44	18	17	12	24	2
47	2	31	22	6	14	3	30	41	8	25	28	39	6	7	10	25	6	26	38	20	43	45	12	24	2
47	2	31	22	6	14	3	30	41	8	25	28	39	6	7	10	25	7	24	28	19	3	16	12	24	2
47	2	31	22	6	14	3	30	41	8	25	28	39	6	7	10	25	17	14	0	16	12	41	12	24	2
47	2	31	22	6	14	3	30	41	8	25	28	39	6	7	10	25	19	39	21	13	15	29	12	24	2
47	2	31	22	6	14	3	30	41	8	25	28	39	6	7	10	25	20	20	3	32	46	45	12	24	2
47	2	31	22	6	14	3	30	41	8	25	28	39	6	7	10	25	22	17	28	22	20	16	12	24	2
47	2	31	22	6	14	3	30	41	8	25	28	39	6	7	10	25	25	13	1	11	9	39	12	24	2
47	2	31	22	6	14	3	30	41	8	25	28	39	6	7	10	25	27	3	23	17	0	4	12	24	2
47	2	31	22	6	14	3	30	41	8	25	28	39	6	7	10	25	28	12	1	26	38	36	12	24	2
47	2	31	22	6	14	3	30	41	8	25	28	39	6	7	10	25	32	24	32	12	0	28	12	24	2
47	2	31	22	6	14	3	30	41	8	25	28	39	6	7	10	25	43	8	23	24	24	4	12	24	2
47	2	31	22	6	14	3	30	41	8	25	28	39	6	7	10	25	46	11	15	6	37	18	12	24	2
47	2	31	22	6	14	3	30	41	8	25	28	39	6	7	10	25	46	31	42	30	10	29	12	24	2
47	2	31	22	41	33	1	39	17	6	22	43	9	14	14	42	44	4	0	29	24	44	20	12	24	2
47	2	31	22	41	33	1	39	17	6	22	43	9	14	14	42	44	5	41	18	26	10	22	12	24	2
47	2	31	22	41	33	1	39	17	6	22	43	9	14	14	42	44	6	9	0	2	42	16	12	24	2
47	2	31	22	41	33	1	39	17	6	22	43	9	14	14	42	44	8	5	19	33	33	0	12	24	2
47	2	31	22	41	33	1	39	17	6	22	43	9	14	14	42	44	8	11	8	40	14	0	12	24	2
47	2	31	22	41	33	1	39	17	6	22	43	9	14	14	42	44	12	40	18	3	15	30	12	24	2
47	2	31	22	41	33	1	39	17	6	22	43	9	14	14	42	44	26	42	35	15	39	33	12	24	2
47	2	31	22	41	33	1	39	17	6	22	43	9	14	14	42	44	28	32	46	42	30	21	12	24	2
47	2	31	22	41	33	1	39	17	6	22	43	9	14	14	42	44	31	21	10	29	28	13	12	24	2
47	2	31	22	41	33	1	39	17	6	22	43	9	14	14	42	44	35	18	21	41	20	32	12	24	2
47	2	31	22	41	33	1	39	17	6	22	43	9	14	14	42	44	38	18	43	8	7	9	12	24	2
47	2	31	22	41	33	1	39	17	6	22	43	9	14	14	42	44	39	19	16	18	32	38	12	24	2
47	2	31	22	41	33	1	39	17	6	22	43	9	14	14	42	44	41	20	3	11	28	16	12	24	2
47	2	31	22	41	33	1	39	17	6	22	43	9	14	14	42	44	41	25	10	2	19	31	12	24	2
47	2	31	22	41	33	1	39	17	6	22	43	9	14	14	42	44	43	35	32	5	14	1	12	24	2
47	2	31	22	41	33	1	39	17	6	22	43	9	14	14	42	44	44	4	3	17	41	18	12	24	2
47	2	31	22	41	33	2	39	6	17	22	43	9	14	14	42	44	4	0	29	24	44	20	12	24	2
47	2	31	22	41	33	2	39	6	17	22	43	9	14	14	42	44	5	41	18	26	10	22	12	24	2
47	2	31	22	41	33	2	39	6	17	22	43	9	14	14	42	44	6	9	0	2	42	16	12	24	2
47	2	31	22	41	33	2	39	6	17	22	43	9	14	14	42	44	8	5	19	33	33	0	12	24	2
47	2	31	22	41	33	2	39	6	17	22	43	9	14	14	42	44	8	11	8	40	14	0	12	24	2
47	2	31	22	41	33	2	39	6	17	22	43	9	14	14	42	44	12	40	18	3	15	30	12	24	2
47	2	31	22	41	33	2	39	6	17	22	43	9	14	14	42	44	26	42	35	15	39	33	12	24	2
47	2	31	22	41	33	2	39	6	17	22	43	9	14	14	42	44	28	32	46	42	30	21	12	24	2
47	2	31	22	41	33	2	39	6	17	22	43	9	14	14	42	44	31	21	10	29	28	13	12	24	2
47	2	31	22	41	33	2	39	6	17	22	43	9	14	14	42	44	35	18	21	41	20	32	12	24	2
47	2	31	22	41	33	2	39	6	17	22	43	9	14	14	42	44	38	18	43	8	7	9	12	24	2
47	2	31	22	41	33	2	39	6	17	22	43	9	14	14	42	44	39	19	16	18	32	38	12	24	2
47	2	31	22	41	33	2	39	6	17	22	43	9	14	14	42	44	41	20	3	11	28	16	12	24	2
47	2	31	22	41	33	2	39	6	17	22	43	9	14	14	42	44	41	25	10	2	19	31	12	24	2
47	2	31	22	41	33	2	39	6	17	22	43	9	14	14	42	44	43	35	32	5	14	1	12	24	2
47	2	31	22	41	33	2	39	6	17	22	43	9	14	14	42	44	44	4	3	17	41	18	12	24	2
47	2	31	22	41	33	3	17	6	39	22	43	9	14	14	42	44	4	0	29	24	44	20	12	24	2
47	2	31	22	41	33	3	17	6	39	22	43	9	14	14	42	44	5	41	18	26	10	22	12	24	2
47	2	31	22	41	33	3	17	6	39	22	43	9	14	14	42	44	6	9	0	2	42	16	12	24	2
47	2	31	22	41	33	3	17	6	39	22	43	9	14	14	42	44	8	5	19	33	33	0	12	24	2
47	2	31	22	41	33	3	17	6	39	22	43	9	14	14	42	44	8	11	8	40	14	0	12	24	2
47	2	31	22	41	33	3	17	6	39	22	43	9	14	14	42	44	12	40	18	3	15	30	12	24	2
47	2	31	22	41	33	3	17	6	39	22	43	9	14	14	42	44	26	42	35	15	39	33	12	24	2
47	2	31	22	41	33	3	17	6	39	22	43	9	14	14	42	44	28	32	46	42	30	21	12	24	2
47	2	31	22	41	33	3	17	6	39	22	43	9	14	14	42	44	31	21	10	29	28	13	12	24	2
47	2	31	22	41	33	3	17	6	39	22	43	9	14	14	42	44	35	18	21	41	20	32	12	24	2
47	2	31	22	41	33	3	17	6	39	22	43	9	14	14	42	44	38	18	43	8	7	9	12	24	2
47	2	31	22	41	33	3	17	6	39	22	43	9	14	14	42	44	39	19	16	18	32	38	12	24	2
47	2	31	22	41	33	3	17	6	39	22	43	9	14	14	42	44	41	20	3	11	28	16	12	24	2
47	2	31	22	41	33	3	17	6	39	22	43	9	14	14	42	44	41	25	10	2	19	31	12	24	2
47	2	31	22	41	33	3	17	6	39	22	43	9	14	14	42	44	43	35	32	5	14	1	12	24	2
47	2	31	22	41	33	3	17	6	39	22	43	9	14	14	42	44	44	4	3	17	41	18	12	24	2
47	3	18	27	42	1	1	42	17	2	16	38	25	4	4	17	27	4	21	41	39	2	12	12	24	2
47	3	18	27	42	1	1	42	17	2	16	38	25	4	4	17	27	6	19	28	11	21	26	12	24	2
47	3	18	27	42	1	1	42	17	2	16	38	25	4	4	17	27	7	9	45	28	13	2	12	24	2
47	3	18	27	42	1	1	42	17	2	16	38	25	4	4	17	27	10	18	28	12	26	10	12	24	2
47	3	18	27	42	1	1	42	17	2	16	38	25	4	4	17	27	10	35	25	41	21	37	12	24	2
47	3	18	27	42	1	1	42	17	2	16	38	25	4	4	17	27	22	31	2	19	10	5	12	24	2
47	3	18	27	42	1	1	42	17	2	16	38	25	4	4	17	27	37	22	24	41	12	10	12	24	2
47	3	18	27	42	1	1	42	17	2	16	38	25	4	4	17	27	41	4	32	16	41	30	12	24	2
47	3	18	27	42	1	1	42	17	2	16	38	25	4	4	17	27	43	10	45	21	44	15	12	24	2
47	3	18	27	42	1	1	42	17	2	16	38	25	4	4	17	27	46	28	44	46	1	28	12	24	2
47	3	18	27	42	1	2	42	2	17	16	38	25	4	4	17	27	4	21	41	39	2	12	12	24	2
47	3	18	27	42	1	2	42	2	17	16	38	25	4	4	17	27	6	19	28	11	21	26	12	24	2
47	3	18	27	42	1	2	42	2	17	16	38	25	4	4	17	27	7	9	45	28	13	2	12	24	2
47	3	18	27	42	1	2	42	2	17	16	38	25	4	4	17	27	10	18	28	12	26	10	12	24	2
47	3	18	27	42	1	2	42	2	17	16	38	25	4	4	17	27	10	35	25	41	21	37	12	24	2
47	3	18	27	42	1	2	42	2	17	16	38	25	4	4	17	27	22	31	2	19	10	5	12	24	2
47	3	18	27	42	1	2	42	2	17	16	38	25	4	4	17	27	37	22	24	41	12	10	12	24	2
47	3	18	27	42	1	2	42	2	17	16	38	25	4	4	17	27	41	4	32	16	41	30	12	24	2
47	3	18	27	42	1	2	42	2	17	16	38	25	4	4	17	27	43	10	45	21	44	15	12	24	2
47	3	18	27	42	1	2	42	2	17	16	38	25	4	4	17	27	46	28	44	46	1	28	12	24	2
47	3	18	27	42	1	3	17	2	42	16	38	25	4	4	17	27	4	21	41	39	2	12	12	24	2
47	3	18	27	42	1	3	17	2	42	16	38	25	4	4	17	27	6	19	28	11	21	26	12	24	2
47	3	18	27	42	1	3	17	2	42	16	38	25	4	4	17	27	7	9	45	28	13	2	12	24	2
47	3	18	27	42	1	3	17	2	42	16	38	25	4	4	17	27	10	18	28	12	26	10	12	24	2
47	3	18	27	42	1	3	17	2	42	16	38	25	4	4	17	27	10	35	25	41	21	37	12	24	2
47	3	18	27	42	1	3	17	2	42	16	38	25	4	4	17	27	22	31	2	19	10	5	12	24	2
47	3	18	27	42	1	3	17	2	42	16	38	25	4	4	17	27	37	22	24	41	12	10	12	24	2
47	3	18	27	42	1	3	17	2	42	16	38	25	4	4	17	27	41	4	32	16	41	30	12	24	2
47	3	18	27	42	1	3	17	2	42	16	38	25	4	4	17	27	43	10	45	21	44	15	12	24	2
47	3	18	27	42	1	3	17	2	42	16	38	25	4	4	17	27	46	28	44	46	1	28	12	24	2
47	3	18	27	5	46	1	5	30	45	31	37	10	28	9	9	45	6	27	10	16	16	39	12	24	2
47	3	18	27	5	46	1	5	30	45	31	37	10	28	9	9	45	8	12	21	23	20	1	12	24	2
47	3	18	27	5	46	1	5	30	45	31	37	10	28	9	9	45	10	36	23	17	7	12	12	24	2
47	3	18	27	5	46	1	5	30	45	31	37	10	28	9	9	45	14	19	9	15	40	17	12	24	2
47	3	18	27	5	46	1	5	30	45	31	37	10	28	9	9	45	15	6	45	21	31	30	12	24	2
47	3	18	27	5	46	1	5	30	45	31	37	10	28	9	9	45	15	15	8	43	16	17	12	24	2
47	3	18	27	5	46	1	5	30	45	31	37	10	28	9	9	45	18	11	45	13	16	16	12	24	2
47	3	18	27	5	46	1	5	30	45	31	37	10	28	9	9	45	21	46	35	14	20	7	12	24	2
47	3	18	27	5	46	1	5	30	45	31	37	10	28	9	9	45	22	5	0	27	12	39	12	24	2
47	3	18	27	5	46	1	5	30	45	31	37	10	28	9	9	45	26	35	11	1	8	23	12	24	2
47	3	18	27	5	46	1	5	30	45	31	37	10	28	9	9	45	27	29	28	38	22	44	12	24	2
47	3	18	27	5	46	1	5	30	45	31	37	10	28	9	9	45	33	35	32	22	2	44	12	24	2
47	3	18	27	5	46	1	5	30	45	31	37	10	28	9	9	45	39	39	44	40	30	33	12	24	2
47	3	18	27	5	46	1	5	30	45	31	37	10	28	9	9	45	41	17	34	36	27	18	12	24	2
47	3	18	27	5	46	1	5	30	45	31	37	10	28	9	9	45	46	14	23	10	40	13	12	24	2
47	3	18	27	5	46	1	5	30	45	31	37	10	28	9	9	45	46	28	9	42	7	34	12	24	2
47	3	18	27	5	46	2	5	45	30	31	37	10	28	9	9	45	6	27	10	16	16	39	12	24	2
47	3	18	27	5	46	2	5	45	30	31	37	10	28	9	9	45	8	12	21	23	20	1	12	24	2
47	3	18	27	5	46	2	5	45	30	31	37	10	28	9	9	45	10	36	23	17	7	12	12	24	2
47	3	18	27	5	46	2	5	45	30	31	37	10	28	9	9	45	14	19	9	15	40	17	12	24	2
47	3	18	27	5	46	2	5	45	30	31	37	10	28	9	9	45	15	6	45	21	31	30	12	24	2
47	3	18	27	5	46	2	5	45	30	31	37	10	28	9	9	45	15	15	8	43	16	17	12	24	2
47	3	18	27	5	46	2	5	45	30	31	37	10	28	9	9	45	18	11	45	13	16	16	12	24	2
47	3	18	27	5	46	2	5	45	30	31	37	10	28	9	9	45	21	46	35	14	20	7	12	24	2
47	3	18	27	5	46	2	5	45	30	31	37	10	28	9	9	45	22	5	0	27	12	39	12	24	2
47	3	18	27	5	46	2	5	45	30	31	37	10	28	9	9	45	26	35	11	1	8	23	12	24	2
47	3	18	27	5	46	2	5	45	30	31	37	10	28	9	9	45	27	29	28	38	22	44	12	24	2
47	3	18	27	5	46	2	5	45	30	31	37	10	28	9	9	45	33	35	32	22	2	44	12	24	2
47	3	18	27	5	46	2	5	45	30	31	37	10	28	9	9	45	39	39	44	40	30	33	12	24	2
47	3	18	27	5	46	2	5	45	30	31	37	10	28	9	9	45	41	17	34	36	27	18	12	24	2
47	3	18	27	5	46	2	5	45	30	31	37	10	28	9	9	45	46	14	23	10	40	13	12	24	2
47	3	18	27	5	46	2	5	45	30	31	37	10	28	9	9	45	46	28	9	42	7	34	12	24	2
47	3	18	27	5	46	3	30	45	5	31	37	10	28	9	9	45	6	27	10	16	16	39	12	24	2
47	3	18	27	5	46	3	30	45	5	31	37	10	28	9	9	45	8	12	21	23	20	1	12	24	2
47	3	18	27	5	46	3	30	45	5	31	37	10	28	9	9	45	10	36	23	17	7	12	12	24	2
47	3	18	27	5	46	3	30	45	5	31	37	10	28	9	9	45	14	19	9	15	40	17	12	24	2
47	3	18	27	5	46	3	30	45	5	31	37	10	28	9	9	45	15	6	45	21	31	30	12	24	2
47	3	18	27	5	46	3	30	45	5	31	37	10	28	9	9	45	15	15	8	43	16	17	12	24	2
47	3	18	27	5	46	3	30	45	5	31	37	10	28	9	9	45	18	11	45	13	16	16	12	24	2
47	3	18	27	5	46	3	30	45	5	31	37	10	28	9	9	45	21	46	35	14	20	7	12	24	2
47	3	18	27	5	46	3	30	45	5	31	37	10	28	9	9	45	22	5	0	27	12	39	12	24	2
47	3	18	27	5	46	3	30	45	5	31	37	10	28	9	9	45	26	35	11	1	8	23	12	24	2
47	3	18	27	5	46	3	30	45	5	31	37	10	28	9	9	45	27	29	28	38	22	44	12	24	2
47	3	18	27	5	46	3	30	45	5	31	37	10	28	9	9	45	33	35	32	22	2	44	12	24	2
47	3	18	27	5	46	3	30	45	5	31	37	10	28	9	9	45	39	39	44	40	30	33	12	24	2
47	3	18	27	5	46	3	30	45	5	31	37	10	28	9	9	45	41	17	34	36	27	18	12	24	2
47	3	18	27	5	46	3	30	45	5	31	37	10	28	9	9	45	46	14	23	10	40	13	12	24	2
47	3	18	27	5	46	3	30	45	5	31	37	10	28	9	9	45	46	28	9	42	7	34	12	24	2
47	3	20	29	42	1	1	42	45	30	16	7	26	13	37	27	13	8	12	37	23	1	9	12	24	2
47	3	20	29	42	1	1	42	45	30	16	7	26	13	37	27	13	11	35	19	31	38	34	12	24	2
47	3	20	29	42	1	1	42	45	30	16	7	26	13	37	27	13	15	37	38	31	0	31	12	24	2
47	3	20	29	42	1	1	42	45	30	16	7	26	13	37	27	13	16	40	28	21	36	41	12	24	2
47	3	20	29	42	1	1	42	45	30	16	7	26	13	37	27	13	21	15	7	40	29	43	12	24	2
47	3	20	29	42	1	1	42	45	30	16	7	26	13	37	27	13	24	10	1	21	39	0	12	24	2
47	3	20	29	42	1	1	42	45	30	16	7	26	13	37	27	13	24	14	9	42	8	0	12	24	2
47	3	20	29	42	1	1	42	45	30	16	7	26	13	37	27	13	26	2	42	24	32	7	12	24	2
47	3	20	29	42	1	1	42	45	30	16	7	26	13	37	27	13	28	22	25	22	18	20	12	24	2
47	3	20	29	42	1	1	42	45	30	16	7	26	13	37	27	13	33	45	7	25	35	26	12	24	2
47	3	20	29	42	1	1	42	45	30	16	7	26	13	37	27	13	36	18	27	42	4	12	12	24	2
47	3	20	29	42	1	1	42	45	30	16	7	26	13	37	27	13	40	0	18	33	20	14	12	24	2
47	3	20	29	42	1	1	42	45	30	16	7	26	13	37	27	13	42	1	42	15	45	25	12	24	2
47	3	20	29	42	1	1	42	45	30	16	7	26	13	37	27	13	43	25	34	36	21	25	12	24	2
47	3	20	29	42	1	1	42	45	30	16	7	26	13	37	27	13	44	25	19	1	9	45	12	24	2
47	3	20	29	42	1	1	42	45	30	16	7	26	13	37	27	13	46	32	21	33	25	29	12	24	2
47	3	20	29	42	1	2	42	30	45	16	7	26	13	37	27	13	8	12	37	23	1	9	12	24	2
47	3	20	29	42	1	2	42	30	45	16	7	26	13	37	27	13	11	35	19	31	38	34	12	24	2
47	3	20	29	42	1	2	42	30	45	16	7	26	13	37	27	13	15	37	38	31	0	31	12	24	2
47	3	20	29	42	1	2	42	30	45	16	7	26	13	37	27	13	16	40	28	21	36	41	12	24	2
47	3	20	29	42	1	2	42	30	45	16	7	26	13	37	27	13	21	15	7	40	29	43	12	24	2
47	3	20	29	42	1	2	42	30	45	16	7	26	13	37	27	13	24	10	1	21	39	0	12	24	2
47	3	20	29	42	1	2	42	30	45	16	7	26	13	37	27	13	24	14	9	42	8	0	12	24	2
47	3	20	29	42	1	2	42	30	45	16	7	26	13	37	27	13	26	2	42	24	32	7	12	24	2
47	3	20	29	42	1	2	42	30	45	16	7	26	13	37	27	13	28	22	25	22	18	20	12	24	2
47	3	20	29	42	1	2	42	30	45	16	7	26	13	37	27	13	33	45	7	25	35	26	12	24	2
47	3	20	29	42	1	2	42	30	45	16	7	26	13	37	27	13	36	18	27	42	4	12	12	24	2
47	3	20	29	42	1	2	42	30	45	16	7	26	13	37	27	13	40	0	18	33	20	14	12	24	2
47	3	20	29	42	1	2	42	30	45	16	7	26	13	37	27	13	42	1	42	15	45	25	12	24	2
47	3	20	29	42	1	2	42	30	45	16	7	26	13	37	27	13	43	25	34	36	21	25	12	24	2
47	3	20	29	42	1	2	42	30	45	16	7	26	13	37	27	13	44	25	19	1	9	45	12	24	2
47	3	20	29	42	1	2	42	30	45	16	7	26	13	37	27	13	46	32	21	33	25	29	12	24	2
47	3	20	29	42	1	3	45	30	42	16	7	26	13	37	27	13	8	12	37	23	1	9	12	24	2
47	3	20	29	42	1	3	45	30	42	16	7	26	13	37	27	13	11	35	19	31	38	34	12	24	2
47	3	20	29	42	1	3	45	30	42	16	7	26	13	37	27	13	15	37	38	31	0	31	12	24	2
47	3	20	29	42	1	3	45	30	42	16	7	26	13	37	27	13	16	40	28	21	36	41	12	24	2
47	3	20	29	42	1	3	45	30	42	16	7	26	13	37	27	13	21	15	7	40	29	43	12	24	2
47	3	20	29	42	1	3	45	30	42	16	7	26	13	37	27	13	24	10	1	21	39	0	12	24	2
47	3	20	29	42	1	3	45	30	42	16	7	26	13	37	27	13	24	14	9	42	8	0	12	24	2
47	3	20	29	42	1	3	45	30	42	16	7	26	13	37	27	13	26	2	42	24	32	7	12	24	2
47	3	20	29	42	1	3	45	30	42	16	7	26	13	37	27	13	28	22	25	22	18	20	12	24	2
47	3	20	29	42	1	3	45	30	42	16	7	26	13	37	27	13	33	45	7	25	35	26	12	24	2
47	3	20	29	42	1	3	45	30	42	16	7	26	13	37	27	13	36	18	27	42	4	12	12	24	2
47	3	20	29	42	1	3	45	30	42	16	7	26	13	37	27	13	40	0	18	33	20	14	12	24	2
47	3	20	29	42	1	3	45	30	42	16	7	26	13	37	27	13	42	1	42	15	45	25	12	24	2
47	3	20	29	42	1	3	45	30	42	16	7	26	13	37	27	13	43	25	34	36	21	25	12	24	2
47	3	20	29	42	1	3	45	30	42	16	7	26	13	37	27	13	44	25	19	1	9	45	12	24	2
47	3	20	29	42	1	3	45	30	42	16	7	26	13	37	27	13	46	32	21	33	25	29	12	24	2
47	3	20	29	5	46	1	5	2	17	31	32	40	8	34	37	16	5	24	21	7	44	9	12	24	2
47	3	20	29	5	46	1	5	2	17	31	32	40	8	34	37	16	6	21	46	30	25	16	12	24	2
47	3	20	29	5	46	1	5	2	17	31	32	40	8	34	37	16	7	28	43	37	17	27	12	24	2
47	3	20	29	5	46	1	5	2	17	31	32	40	8	34	37	16	10	17	44	31	27	6	12	24	2
47	3	20	29	5	46	1	5	2	17	31	32	40	8	34	37	16	15	33	18	33	22	30	12	24	2
47	3	20	29	5	46	1	5	2	17	31	32	40	8	34	37	16	16	30	19	32	19	26	12	24	2
47	3	20	29	5	46	1	5	2	17	31	32	40	8	34	37	16	23	16	17	27	46	17	12	24	2
47	3	20	29	5	46	1	5	2	17	31	32	40	8	34	37	16	25	22	8	20	36	5	12	24	2
47	3	20	29	5	46	1	5	2	17	31	32	40	8	34	37	16	28	26	26	17	11	45	12	24	2
47	3	20	29	5	46	1	5	2	17	31	32	40	8	34	37	16	33	27	36	38	17	42	12	24	2
47	3	20	29	5	46	1	5	2	17	31	32	40	8	34	37	16	36	22	22	7	8	45	12	24	2
47	3	20	29	5	46	1	5	2	17	31	32	40	8	34	37	16	38	32	28	38	14	43	12	24	2
47	3	20	29	5	46	1	5	2	17	31	32	40	8	34	37	16	43	34	41	43	22	44	12	24	2
47	3	20	29	5	46	1	5	2	17	31	32	40	8	34	37	16	44	46	33	32	22	36	12	24	2
47	3	20	29	5	46	1	5	2	17	31	32	40	8	34	37	16	45	23	10	34	2	26	12	24	2
47	3	20	29	5	46	1	5	2	17	31	32	40	8	34	37	16	46	4	23	43	30	7	12	24	2
47	3	20	29	5	46	2	5	17	2	31	32	40	8	34	37	16	5	24	21	7	44	9	12	24	2
47	3	20	29	5	46	2	5	17	2	31	32	40	8	34	37	16	6	21	46	30	25	16	12	24	2
47	3	20	29	5	46	2	5	17	2	31	32	40	8	34	37	16	7	28	43	37	17	27	12	24	2
47	3	20	29	5	46	2	5	17	2	31	32	40	8	34	37	16	10	17	44	31	27	6	12	24	2
47	3	20	29	5	46	2	5	17	2	31	32	40	8	34	37	16	15	33	18	33	22	30	12	24	2
47	3	20	29	5	46	2	5	17	2	31	32	40	8	34	37	16	16	30	19	32	19	26	12	24	2
47	3	20	29	5	46	2	5	17	2	31	32	40	8	34	37	16	23	16	17	27	46	17	12	24	2
47	3	20	29	5	46	2	5	17	2	31	32	40	8	34	37	16	25	22	8	20	36	5	12	24	2
47	3	20	29	5	46	2	5	17	2	31	32	40	8	34	37	16	28	26	26	17	11	45	12	24	2
47	3	20	29	5	46	2	5	17	2	31	32	40	8	34	37	16	33	27	36	38	17	42	12	24	2
47	3	20	29	5	46	2	5	17	2	31	32	40	8	34	37	16	36	22	22	7	8	45	12	24	2
47	3	20	29	5	46	2	5	17	2	31	32	40	8	34	37	16	38	32	28	38	14	43	12	24	2
47	3	20	29	5	46	2	5	17	2	31	32	40	8	34	37	16	43	34	41	43	22	44	12	24	2
47	3	20	29	5	46	2	5	17	2	31	32	40	8	34	37	16	44	46	33	32	22	36	12	24	2
47	3	20	29	5	46	2	5	17	2	31	32	40	8	34	37	16	45	23	10	34	2	26	12	24	2
47	3	20	29	5	46	2	5	17	2	31	32	40	8	34	37	16	46	4	23	43	30	7	12	24	2
47	3	20	29	5	46	3	2	17	5	31	32	40	8	34	37	16	5	24	21	7	44	9	12	24	2
47	3	20	29	5	46	3	2	17	5	31	32	40	8	34	37	16	6	21	46	30	25	16	12	24	2
47	3	20	29	5	46	3	2	17	5	31	32	40	8	34	37	16	7	28	43	37	17	27	12	24	2
47	3	20	29	5	46	3	2	17	5	31	32	40	8	34	37	16	10	17	44	31	27	6	12	24	2
47	3	20	29	5	46	3	2	17	5	31	32	40	8	34	37	16	15	33	18	33	22	30	12	24	2
47	3	20	29	5	46	3	2	17	5	31	32	40	8	34	37	16	16	30	19	32	19	26	12	24	2
47	3	20	29	5	46	3	2	17	5	31	32	40	8	34	37	16	23	16	17	27	46	17	12	24	2
47	3	20	29	5	46	3	2	17	5	31	32	40	8	34	37	16	25	22	8	20	36	5	12	24	2
47	3	20	29	5	46	3	2	17	5	31	32	40	8	34	37	16	28	26	26	17	11	45	12	24	2
47	3	20	29	5	46	3	2	17	5	31	32	40	8	34	37	16	33	27	36	38	17	42	12	24	2
47	3	20	29	5	46	3	2	17	5	31	32	40	8	34	37	16	36	22	22	7	8	45	12	24	2
47	3	20	29	5	46	3	2	17	5	31	32	40	8	34	37	16	38	32	28	38	14	43	12	24	2
47	3	20	29	5	46	3	2	17	5	31	32	40	8	34	37	16	43	34	41	43	22	44	12	24	2
47	3	20	29	5	46	3	2	17	5	31	32	40	8	34	37	16	44	46	33	32	22	36	12	24	2
47	3	20	29	5	46	3	2	17	5	31	32	40	8	34	37	16	45	23	10	34	2	26	12	24	2
47	3	20	29	5	46	3	2	17	5	31	32	40	8	34	37	16	46	4	23	43	30	7	12	24	2
47	3	27	18	42	1	1	42	2	17	16	38	25	4	4	17	27	4	21	41	39	2	12	12	24	2
47	3	27	18	42	1	1	42	2	17	16	38	25	4	4	17	27	6	19	28	11	21	26	12	24	2
47	3	27	18	42	1	1	42	2	17	16	38	25	4	4	17	27	7	9	45	28	13	2	12	24	2
47	3	27	18	42	1	1	42	2	17	16	38	25	4	4	17	27	10	18	28	12	26	10	12	24	2
47	3	27	18	42	1	1	42	2	17	16	38	25	4	4	17	27	10	35	25	41	21	37	12	24	2
47	3	27	18	42	1	1	42	2	17	16	38	25	4	4	17	27	22	31	2	19	10	5	12	24	2
47	3	27	18	42	1	1	42	2	17	16	38	25	4	4	17	27	37	22	24	41	12	10	12	24	2
47	3	27	18	42	1	1	42	2	17	16	38	25	4	4	17	27	41	4	32	16	41	30	12	24	2
47	3	27	18	42	1	1	42	2	17	16	38	25	4	4	17	27	43	10	45	21	44	15	12	24	2
47	3	27	18	42	1	1	42	2	17	16	38	25	4	4	17	27	46	28	44	46	1	28	12	24	2
47	3	27	18	42	1	2	42	17	2	16	38	25	4	4	17	27	4	21	41	39	2	12	12	24	2
47	3	27	18	42	1	2	42	17	2	16	38	25	4	4	17	27	6	19	28	11	21	26	12	24	2
47	3	27	18	42	1	2	42	17	2	16	38	25	4	4	17	27	7	9	45	28	13	2	12	24	2
47	3	27	18	42	1	2	42	17	2	16	38	25	4	4	17	27	10	18	28	12	26	10	12	24	2
47	3	27	18	42	1	2	42	17	2	16	38	25	4	4	17	27	10	35	25	41	21	37	12	24	2
47	3	27	18	42	1	2	42	17	2	16	38	25	4	4	17	27	22	31	2	19	10	5	12	24	2
47	3	27	18	42	1	2	42	17	2	16	38	25	4	4	17	27	37	22	24	41	12	10	12	24	2
47	3	27	18	42	1	2	42	17	2	16	38	25	4	4	17	27	41	4	32	16	41	30	12	24	2
47	3	27	18	42	1	2	42	17	2	16	38	25	4	4	17	27	43	10	45	21	44	15	12	24	2
47	3	27	18	42	1	2	42	17	2	16	38	25	4	4	17	27	46	28	44	46	1	28	12	24	2
47	3	27	18	42	1	3	2	17	42	16	38	25	4	4	17	27	4	21	41	39	2	12	12	24	2
47	3	27	18	42	1	3	2	17	42	16	38	25	4	4	17	27	6	19	28	11	21	26	12	24	2
47	3	27	18	42	1	3	2	17	42	16	38	25	4	4	17	27	7	9	45	28	13	2	12	24	2
47	3	27	18	42	1	3	2	17	42	16	38	25	4	4	17	27	10	18	28	12	26	10	12	24	2
47	3	27	18	42	1	3	2	17	42	16	38	25	4	4	17	27	10	35	25	41	21	37	12	24	2
47	3	27	18	42	1	3	2	17	42	16	38	25	4	4	17	27	22	31	2	19	10	5	12	24	2
47	3	27	18	42	1	3	2	17	42	16	38	25	4	4	17	27	37	22	24	41	12	10	12	24	2
47	3	27	18	42	1	3	2	17	42	16	38	25	4	4	17	27	41	4	32	16	41	30	12	24	2
47	3	27	18	42	1	3	2	17	42	16	38	25	4	4	17	27	43	10	45	21	44	15	12	24	2
47	3	27	18	42	1	3	2	17	42	16	38	25	4	4	17	27	46	28	44	46	1	28	12	24	2
47	3	27	18	5	46	1	5	45	30	31	37	10	28	9	9	45	6	27	10	16	16	39	12	24	2
47	3	27	18	5	46	1	5	45	30	31	37	10	28	9	9	45	8	12	21	23	20	1	12	24	2
47	3	27	18	5	46	1	5	45	30	31	37	10	28	9	9	45	10	36	23	17	7	12	12	24	2
47	3	27	18	5	46	1	5	45	30	31	37	10	28	9	9	45	14	19	9	15	40	17	12	24	2
47	3	27	18	5	46	1	5	45	30	31	37	10	28	9	9	45	15	6	45	21	31	30	12	24	2
47	3	27	18	5	46	1	5	45	30	31	37	10	28	9	9	45	15	15	8	43	16	17	12	24	2
47	3	27	18	5	46	1	5	45	30	31	37	10	28	9	9	45	18	11	45	13	16	16	12	24	2
47	3	27	18	5	46	1	5	45	30	31	37	10	28	9	9	45	21	46	35	14	20	7	12	24	2
47	3	27	18	5	46	1	5	45	30	31	37	10	28	9	9	45	22	5	0	27	12	39	12	24	2
47	3	27	18	5	46	1	5	45	30	31	37	10	28	9	9	45	26	35	11	1	8	23	12	24	2
47	3	27	18	5	46	1	5	45	30	31	37	10	28	9	9	45	27	29	28	38	22	44	12	24	2
47	3	27	18	5	46	1	5	45	30	31	37	10	28	9	9	45	33	35	32	22	2	44	12	24	2
47	3	27	18	5	46	1	5	45	30	31	37	10	28	9	9	45	39	39	44	40	30	33	12	24	2
47	3	27	18	5	46	1	5	45	30	31	37	10	28	9	9	45	41	17	34	36	27	18	12	24	2
47	3	27	18	5	46	1	5	45	30	31	37	10	28	9	9	45	46	14	23	10	40	13	12	24	2
47	3	27	18	5	46	1	5	45	30	31	37	10	28	9	9	45	46	28	9	42	7	34	12	24	2
47	3	27	18	5	46	2	5	30	45	31	37	10	28	9	9	45	6	27	10	16	16	39	12	24	2
47	3	27	18	5	46	2	5	30	45	31	37	10	28	9	9	45	8	12	21	23	20	1	12	24	2
47	3	27	18	5	46	2	5	30	45	31	37	10	28	9	9	45	10	36	23	17	7	12	12	24	2
47	3	27	18	5	46	2	5	30	45	31	37	10	28	9	9	45	14	19	9	15	40	17	12	24	2
47	3	27	18	5	46	2	5	30	45	31	37	10	28	9	9	45	15	6	45	21	31	30	12	24	2
47	3	27	18	5	46	2	5	30	45	31	37	10	28	9	9	45	15	15	8	43	16	17	12	24	2
47	3	27	18	5	46	2	5	30	45	31	37	10	28	9	9	45	18	11	45	13	16	16	12	24	2
47	3	27	18	5	46	2	5	30	45	31	37	10	28	9	9	45	21	46	35	14	20	7	12	24	2
47	3	27	18	5	46	2	5	30	45	31	37	10	28	9	9	45	22	5	0	27	12	39	12	24	2
47	3	27	18	5	46	2	5	30	45	31	37	10	28	9	9	45	26	35	11	1	8	23	12	24	2
47	3	27	18	5	46	2	5	30	45	31	37	10	28	9	9	45	27	29	28	38	22	44	12	24	2
47	3	27	18	5	46	2	5	30	45	31	37	10	28	9	9	45	33	35	32	22	2	44	12	24	2
47	3	27	18	5	46	2	5	30	45	31	37	10	28	9	9	45	39	39	44	40	30	33	12	24	2
47	3	27	18	5	46	2	5	30	45	31	37	10	28	9	9	45	41	17	34	36	27	18	12	24	2
47	3	27	18	5	46	2	5	30	45	31	37	10	28	9	9	45	46	14	23	10	40	13	12	24	2
47	3	27	18	5	46	2	5	30	45	31	37	10	28	9	9	45	46	28	9	42	7	34	12	24	2
47	3	27	18	5	46	3	45	30	5	31	37	10	28	9	9	45	6	27	10	16	16	39	12	24	2
47	3	27	18	5	46	3	45	30	5	31	37	10	28	9	9	45	8	12	21	23	20	1	12	24	2
47	3	27	18	5	46	3	45	30	5	31	37	10	28	9	9	45	10	36	23	17	7	12	12	24	2
47	3	27	18	5	46	3	45	30	5	31	37	10	28	9	9	45	14	19	9	15	40	17	12	24	2
47	3	27	18	5	46	3	45	30	5	31	37	10	28	9	9	45	15	6	45	21	31	30	12	24	2
47	3	27	18	5	46	3	45	30	5	31	37	10	28	9	9	45	15	15	8	43	16	17	12	24	2
47	3	27	18	5	46	3	45	30	5	31	37	10	28	9	9	45	18	11	45	13	16	16	12	24	2
47	3	27	18	5	46	3	45	30	5	31	37	10	28	9	9	45	21	46	35	14	20	7	12	24	2
47	3	27	18	5	46	3	45	30	5	31	37	10	28	9	9	45	22	5	0	27	12	39	12	24	2
47	3	27	18	5	46	3	45	30	5	31	37	10	28	9	9	45	26	35	11	1	8	23	12	24	2
47	3	27	18	5	46	3	45	30	5	31	37	10	28	9	9	45	27	29	28	38	22	44	12	24	2
47	3	27	18	5	46	3	45	30	5	31	37	10	28	9	9	45	33	35	32	22	2	44	12	24	2
47	3	27	18	5	46	3	45	30	5	31	37	10	28	9	9	45	39	39	44	40	30	33	12	24	2
47	3	27	18	5	46	3	45	30	5	31	37	10	28	9	9	45	41	17	34	36	27	18	12	24	2
47	3	27	18	5	46	3	45	30	5	31	37	10	28	9	9	45	46	14	23	10	40	13	12	24	2
47	3	27	18	5	46	3	45	30	5	31	37	10	28	9	9	45	46	28	9	42	7	34	12	24	2
47	3	29	20	42	1	1	42	30	45	16	7	26	13	37	27	13	8	12	37	23	1	9	12	24	2
47	3	29	20	42	1	1	42	30	45	16	7	26	13	37	27	13	11	35	19	31	38	34	12	24	2
47	3	29	20	42	1	1	42	30	45	16	7	26	13	37	27	13	15	37	38	31	0	31	12	24	2
47	3	29	20	42	1	1	42	30	45	16	7	26	13	37	27	13	16	40	28	21	36	41	12	24	2
47	3	29	20	42	1	1	42	30	45	16	7	26	13	37	27	13	21	15	7	40	29	43	12	24	2
47	3	29	20	42	1	1	42	30	45	16	7	26	13	37	27	13	24	10	1	21	39	0	12	24	2
47	3	29	20	42	1	1	42	30	45	16	7	26	13	37	27	13	24	14	9	42	8	0	12	24	2
47	3	29	20	42	1	1	42	30	45	16	7	26	13	37	27	13	26	2	42	24	32	7	12	24	2
47	3	29	20	42	1	1	42	30	45	16	7	26	13	37	27	13	28	22	25	22	18	20	12	24	2
47	3	29	20	42	1	1	42	30	45	16	7	26	13	37	27	13	33	45	7	25	35	26	12	24	2
47	3	29	20	42	1	1	42	30	45	16	7	26	13	37	27	13	36	18	27	42	4	12	12	24	2
47	3	29	20	42	1	1	42	30	45	16	7	26	13	37	27	13	40	0	18	33	20	14	12	24	2
47	3	29	20	42	1	1	42	30	45	16	7	26	13	37	27	13	42	1	42	15	45	25	12	24	2
47	3	29	20	42	1	1	42	30	45	16	7	26	13	37	27	13	43	25	34	36	21	25	12	24	2
47	3	29	20	42	1	1	42	30	45	16	7	26	13	37	27	13	44	25	19	1	9	45	12	24	2
47	3	29	20	42	1	1	42	30	45	16	7	26	13	37	27	13	46	32	21	33	25	29	12	24	2
47	3	29	20	42	1	2	42	45	30	16	7	26	13	37	27	13	8	12	37	23	1	9	12	24	2
47	3	29	20	42	1	2	42	45	30	16	7	26	13	37	27	13	11	35	19	31	38	34	12	24	2
47	3	29	20	42	1	2	42	45	30	16	7	26	13	37	27	13	15	37	38	31	0	31	12	24	2
47	3	29	20	42	1	2	42	45	30	16	7	26	13	37	27	13	16	40	28	21	36	41	12	24	2
47	3	29	20	42	1	2	42	45	30	16	7	26	13	37	27	13	21	15	7	40	29	43	12	24	2
47	3	29	20	42	1	2	42	45	30	16	7	26	13	37	27	13	24	10	1	21	39	0	12	24	2
47	3	29	20	42	1	2	42	45	30	16	7	26	13	37	27	13	24	14	9	42	8	0	12	24	2
47	3	29	20	42	1	2	42	45	30	16	7	26	13	37	27	13	26	2	42	24	32	7	12	24	2
47	3	29	20	42	1	2	42	45	30	16	7	26	13	37	27	13	28	22	25	22	18	20	12	24	2
47	3	29	20	42	1	2	42	45	30	16	7	26	13	37	27	13	33	45	7	25	35	26	12	24	2
47	3	29	20	42	1	2	42	45	30	16	7	26	13	37	27	13	36	18	27	42	4	12	12	24	2
47	3	29	20	42	1	2	42	45	30	16	7	26	13	37	27	13	40	0	18	33	20	14	12	24	2
47	3	29	20	42	1	2	42	45	30	16	7	26	13	37	27	13	42	1	42	15	45	25	12	24	2
47	3	29	20	42	1	2	42	45	30	16	7	26	13	37	27	13	43	25	34	36	21	25	12	24	2
47	3	29	20	42	1	2	42	45	30	16	7	26	13	37	27	13	44	25	19	1	9	45	12	24	2
47	3	29	20	42	1	2	42	45	30	16	7	26	13	37	27	13	46	32	21	33	25	29	12	24	2
47	3	29	20	42	1	3	30	45	42	16	7	26	13	37	27	13	8	12	37	23	1	9	12	24	2
47	3	29	20	42	1	3	30	45	42	16	7	26	13	37	27	13	11	35	19	31	38	34	12	24	2
47	3	29	20	42	1	3	30	45	42	16	7	26	13	37	27	13	15	37	38	31	0	31	12	24	2
47	3	29	20	42	1	3	30	45	42	16	7	26	13	37	27	13	16	40	28	21	36	41	12	24	2
47	3	29	20	42	1	3	30	45	42	16	7	26	13	37	27	13	21	15	7	40	29	43	12	24	2
47	3	29	20	42	1	3	30	45	42	16	7	26	13	37	27	13	24	10	1	21	39	0	12	24	2
47	3	29	20	42	1	3	30	45	42	16	7	26	13	37	27	13	24	14	9	42	8	0	12	24	2
47	3	29	20	42	1	3	30	45	42	16	7	26	13	37	27	13	26	2	42	24	32	7	12	24	2
47	3	29	20	42	1	3	30	45	42	16	7	26	13	37	27	13	28	22	25	22	18	20	12	24	2
47	3	29	20	42	1	3	30	45	42	16	7	26	13	37	27	13	33	45	7	25	35	26	12	24	2
47	3	29	20	42	1	3	30	45	42	16	7	26	13	37	27	13	36	18	27	42	4	12	12	24	2
47	3	29	20	42	1	3	30	45	42	16	7	26	13	37	27	13	40	0	18	33	20	14	12	24	2
47	3	29	20	42	1	3	30	45	42	16	7	26	13	37	27	13	42	1	42	15	45	25	12	24	2
47	3	29	20	42	1	3	30	45	42	16	7	26	13	37	27	13	43	25	34	36	21	25	12	24	2
47	3	29	20	42	1	3	30	45	42	16	7	26	13	37	27	13	44	25	19	1	9	45	12	24	2
47	3	29	20	42	1	3	30	45	42	16	7	26	13	37	27	13	46	32	21	33	25	29	12	24	2
47	3	29	20	5	46	1	5	17	2	31	32	40	8	34	37	16	5	24	21	7	44	9	12	24	2
47	3	29	20	5	46	1	5	17	2	31	32	40	8	34	37	16	6	21	46	30	25	16	12	24	2
47	3	29	20	5	46	1	5	17	2	31	32	40	8	34	37	16	7	28	43	37	17	27	12	24	2
47	3	29	20	5	46	1	5	17	2	31	32	40	8	34	37	16	10	17	44	31	27	6	12	24	2
47	3	29	20	5	46	1	5	17	2	31	32	40	8	34	37	16	15	33	18	33	22	30	12	24	2
47	3	29	20	5	46	1	5	17	2	31	32	40	8	34	37	16	16	30	19	32	19	26	12	24	2
47	3	29	20	5	46	1	5	17	2	31	32	40	8	34	37	16	23	16	17	27	46	17	12	24	2
47	3	29	20	5	46	1	5	17	2	31	32	40	8	34	37	16	25	22	8	20	36	5	12	24	2
47	3	29	20	5	46	1	5	17	2	31	32	40	8	34	37	16	28	26	26	17	11	45	12	24	2
47	3	29	20	5	46	1	5	17	2	31	32	40	8	34	37	16	33	27	36	38	17	42	12	24	2
47	3	29	20	5	46	1	5	17	2	31	32	40	8	34	37	16	36	22	22	7	8	45	12	24	2
47	3	29	20	5	46	1	5	17	2	31	32	40	8	34	37	16	38	32	28	38	14	43	12	24	2
47	3	29	20	5	46	1	5	17	2	31	32	40	8	34	37	16	43	34	41	43	22	44	12	24	2
47	3	29	20	5	46	1	5	17	2	31	32	40	8	34	37	16	44	46	33	32	22	36	12	24	2
47	3	29	20	5	46	1	5	17	2	31	32	40	8	34	37	16	45	23	10	34	2	26	12	24	2
47	3	29	20	5	46	1	5	17	2	31	32	40	8	34	37	16	46	4	23	43	30	7	12	24	2
47	3	29	20	5	46	2	5	2	17	31	32	40	8	34	37	16	5	24	21	7	44	9	12	24	2
47	3	29	20	5	46	2	5	2	17	31	32	40	8	34	37	16	6	21	46	30	25	16	12	24	2
47	3	29	20	5	46	2	5	2	17	31	32	40	8	34	37	16	7	28	43	37	17	27	12	24	2
47	3	29	20	5	46	2	5	2	17	31	32	40	8	34	37	16	10	17	44	31	27	6	12	24	2
47	3	29	20	5	46	2	5	2	17	31	32	40	8	34	37	16	15	33	18	33	22	30	12	24	2
47	3	29	20	5	46	2	5	2	17	31	32	40	8	34	37	16	16	30	19	32	19	26	12	24	2
47	3	29	20	5	46	2	5	2	17	31	32	40	8	34	37	16	23	16	17	27	46	17	12	24	2
47	3	29	20	5	46	2	5	2	17	31	32	40	8	34	37	16	25	22	8	20	36	5	12	24	2
47	3	29	20	5	46	2	5	2	17	31	32	40	8	34	37	16	28	26	26	17	11	45	12	24	2
47	3	29	20	5	46	2	5	2	17	31	32	40	8	34	37	16	33	27	36	38	17	42	12	24	2
47	3	29	20	5	46	2	5	2	17	31	32	40	8	34	37	16	36	22	22	7	8	45	12	24	2
47	3	29	20	5	46	2	5	2	17	31	32	40	8	34	37	16	38	32	28	38	14	43	12	24	2
47	3	29	20	5	46	2	5	2	17	31	32	40	8	34	37	16	43	34	41	43	22	44	12	24	2
47	3	29	20	5	46	2	5	2	17	31	32	40	8	34	37	16	44	46	33	32	22	36	12	24	2
47	3	29	20	5	46	2	5	2	17	31	32	40	8	34	37	16	45	23	10	34	2	26	12	24	2
47	3	29	20	5	46	2	5	2	17	31	32	40	8	34	37	16	46	4	23	43	30	7	12	24	2
47	3	29	20	5	46	3	17	2	5	31	32	40	8	34	37	16	5	24	21	7	44	9	12	24	2
47	3	29	20	5	46	3	17	2	5	31	32	40	8	34	37	16	6	21	46	30	25	16	12	24	2
47	3	29	20	5	46	3	17	2	5	31	32	40	8	34	37	16	7	28	43	37	17	27	12	24	2
47	3	29	20	5	46	3	17	2	5	31	32	40	8	34	37	16	10	17	44	31	27	6	12	24	2
47	3	29	20	5	46	3	17	2	5	31	32	40	8	34	37	16	15	33	18	33	22	30	12	24	2
47	3	29	20	5	46	3	17	2	5	31	32	40	8	34	37	16	16	30	19	32	19	26	12	24	2
47	3	29	20	5	46	3	17	2	5	31	32	40	8	34	37	16	23	16	17	27	46	17	12	24	2
47	3	29	20	5	46	3	17	2	5	31	32	40	8	34	37	16	25	22	8	20	36	5	12	24	2
47	3	29	20	5	46	3	17	2	5	31	32	40	8	34	37	16	28	26	26	17	11	45	12	24	2
47	3	29	20	5	46	3	17	2	5	31	32	40	8	34	37	16	33	27	36	38	17	42	12	24	2
47	3	29	20	5	46	3	17	2	5	31	32	40	8	34	37	16	36	22	22	7	8	45	12	24	2
47	3	29	20	5	46	3	17	2	5	31	32	40	8	34	37	16	38	32	28	38	14	43	12	24	2
47	3	29	20	5	46	3	17	2	5	31	32	40	8	34	37	16	43	34	41	43	22	44	12	24	2
47	3	29	20	5	46	3	17	2	5	31	32	40	8	34	37	16	44	46	33	32	22	36	12	24	2
47	3	29	20	5	46	3	17	2	5	31	32	40	8	34	37	16	45	23	10	34	2	26	12	24	2
47	3	29	20	5	46	3	17	2	5	31	32	40	8	34	37	16	46	4	23	43	30	7	12	24	2
47	3	30	35	4	25	1	18	39	22	14	46	28	22	27	23	3	5	37	40	4	30	8	12	24	2
47	3	30	35	4	25	1	18	39	22	14	46	28	22	27	23	3	10	31	43	18	15	27	12	24	2
47	3	30	35	4	25	1	18	39	22	14	46	28	22	27	23	3	11	17	24	9	37	10	12	24	2
47	3	30	35	4	25	1	18	39	22	14	46	28	22	27	23	3	13	24	28	20	8	8	12	24	2
47	3	30	35	4	25	1	18	39	22	14	46	28	22	27	23	3	21	3	21	26	18	23	12	24	2
47	3	30	35	4	25	1	18	39	22	14	46	28	22	27	23	3	22	39	37	17	23	13	12	24	2
47	3	30	35	4	25	1	18	39	22	14	46	28	22	27	23	3	34	7	22	45	25	29	12	24	2
47	3	30	35	4	25	1	18	39	22	14	46	28	22	27	23	3	36	11	30	32	18	1	12	24	2
47	3	30	35	4	25	1	18	39	22	14	46	28	22	27	23	3	37	29	37	8	42	35	12	24	2
47	3	30	35	4	25	1	18	39	22	14	46	28	22	27	23	3	38	18	0	15	18	7	12	24	2
47	3	30	35	4	25	2	18	22	39	14	46	28	22	27	23	3	5	37	40	4	30	8	12	24	2
47	3	30	35	4	25	2	18	22	39	14	46	28	22	27	23	3	10	31	43	18	15	27	12	24	2
47	3	30	35	4	25	2	18	22	39	14	46	28	22	27	23	3	11	17	24	9	37	10	12	24	2
47	3	30	35	4	25	2	18	22	39	14	46	28	22	27	23	3	13	24	28	20	8	8	12	24	2
47	3	30	35	4	25	2	18	22	39	14	46	28	22	27	23	3	21	3	21	26	18	23	12	24	2
47	3	30	35	4	25	2	18	22	39	14	46	28	22	27	23	3	22	39	37	17	23	13	12	24	2
47	3	30	35	4	25	2	18	22	39	14	46	28	22	27	23	3	34	7	22	45	25	29	12	24	2
47	3	30	35	4	25	2	18	22	39	14	46	28	22	27	23	3	36	11	30	32	18	1	12	24	2
47	3	30	35	4	25	2	18	22	39	14	46	28	22	27	23	3	37	29	37	8	42	35	12	24	2
47	3	30	35	4	25	2	18	22	39	14	46	28	22	27	23	3	38	18	0	15	18	7	12	24	2
47	3	30	35	4	25	3	39	22	18	14	46	28	22	27	23	3	5	37	40	4	30	8	12	24	2
47	3	30	35	4	25	3	39	22	18	14	46	28	22	27	23	3	10	31	43	18	15	27	12	24	2
47	3	30	35	4	25	3	39	22	18	14	46	28	22	27	23	3	11	17	24	9	37	10	12	24	2
47	3	30	35	4	25	3	39	22	18	14	46	28	22	27	23	3	13	24	28	20	8	8	12	24	2
47	3	30	35	4	25	3	39	22	18	14	46	28	22	27	23	3	21	3	21	26	18	23	12	24	2
47	3	30	35	4	25	3	39	22	18	14	46	28	22	27	23	3	22	39	37	17	23	13	12	24	2
47	3	30	35	4	25	3	39	22	18	14	46	28	22	27	23	3	34	7	22	45	25	29	12	24	2
47	3	30	35	4	25	3	39	22	18	14	46	28	22	27	23	3	36	11	30	32	18	1	12	24	2
47	3	30	35	4	25	3	39	22	18	14	46	28	22	27	23	3	37	29	37	8	42	35	12	24	2
47	3	30	35	4	25	3	39	22	18	14	46	28	22	27	23	3	38	18	0	15	18	7	12	24	2
47	3	30	35	43	22	1	29	8	25	33	2	21	41	6	1	15	1	39	12	39	1	6	12	24	2
47	3	30	35	43	22	1	29	8	25	33	2	21	41	6	1	15	6	2	28	16	8	31	12	24	2
47	3	30	35	43	22	1	29	8	25	33	2	21	41	6	1	15	9	37	13	24	4	25	12	24	2
47	3	30	35	43	22	1	29	8	25	33	2	21	41	6	1	15	10	15	18	41	8	23	12	24	2
47	3	30	35	43	22	1	29	8	25	33	2	21	41	6	1	15	11	44	21	9	12	29	12	24	2
47	3	30	35	43	22	1	29	8	25	33	2	21	41	6	1	15	14	6	28	43	36	43	12	24	2
47	3	30	35	43	22	1	29	8	25	33	2	21	41	6	1	15	16	23	38	13	33	18	12	24	2
47	3	30	35	43	22	1	29	8	25	33	2	21	41	6	1	15	18	45	9	18	11	36	12	24	2
47	3	30	35	43	22	1	29	8	25	33	2	21	41	6	1	15	20	17	18	45	20	10	12	24	2
47	3	30	35	43	22	1	29	8	25	33	2	21	41	6	1	15	22	32	12	42	46	15	12	24	2
47	3	30	35	43	22	1	29	8	25	33	2	21	41	6	1	15	32	38	0	20	17	14	12	24	2
47	3	30	35	43	22	1	29	8	25	33	2	21	41	6	1	15	33	34	5	16	16	16	12	24	2
47	3	30	35	43	22	1	29	8	25	33	2	21	41	6	1	15	34	29	28	17	11	16	12	24	2
47	3	30	35	43	22	1	29	8	25	33	2	21	41	6	1	15	38	31	42	15	45	23	12	24	2
47	3	30	35	43	22	1	29	8	25	33	2	21	41	6	1	15	39	43	3	4	7	46	12	24	2
47	3	30	35	43	22	1	29	8	25	33	2	21	41	6	1	15	43	9	5	30	34	17	12	24	2
47	3	30	35	43	22	2	29	25	8	33	2	21	41	6	1	15	1	39	12	39	1	6	12	24	2
47	3	30	35	43	22	2	29	25	8	33	2	21	41	6	1	15	6	2	28	16	8	31	12	24	2
47	3	30	35	43	22	2	29	25	8	33	2	21	41	6	1	15	9	37	13	24	4	25	12	24	2
47	3	30	35	43	22	2	29	25	8	33	2	21	41	6	1	15	10	15	18	41	8	23	12	24	2
47	3	30	35	43	22	2	29	25	8	33	2	21	41	6	1	15	11	44	21	9	12	29	12	24	2
47	3	30	35	43	22	2	29	25	8	33	2	21	41	6	1	15	14	6	28	43	36	43	12	24	2
47	3	30	35	43	22	2	29	25	8	33	2	21	41	6	1	15	16	23	38	13	33	18	12	24	2
47	3	30	35	43	22	2	29	25	8	33	2	21	41	6	1	15	18	45	9	18	11	36	12	24	2
47	3	30	35	43	22	2	29	25	8	33	2	21	41	6	1	15	20	17	18	45	20	10	12	24	2
47	3	30	35	43	22	2	29	25	8	33	2	21	41	6	1	15	22	32	12	42	46	15	12	24	2
47	3	30	35	43	22	2	29	25	8	33	2	21	41	6	1	15	32	38	0	20	17	14	12	24	2
47	3	30	35	43	22	2	29	25	8	33	2	21	41	6	1	15	33	34	5	16	16	16	12	24	2
47	3	30	35	43	22	2	29	25	8	33	2	21	41	6	1	15	34	29	28	17	11	16	12	24	2
47	3	30	35	43	22	2	29	25	8	33	2	21	41	6	1	15	38	31	42	15	45	23	12	24	2
47	3	30	35	43	22	2	29	25	8	33	2	21	41	6	1	15	39	43	3	4	7	46	12	24	2
47	3	30	35	43	22	2	29	25	8	33	2	21	41	6	1	15	43	9	5	30	34	17	12	24	2
47	3	30	35	43	22	3	8	25	29	33	2	21	41	6	1	15	1	39	12	39	1	6	12	24	2
47	3	30	35	43	22	3	8	25	29	33	2	21	41	6	1	15	6	2	28	16	8	31	12	24	2
47	3	30	35	43	22	3	8	25	29	33	2	21	41	6	1	15	9	37	13	24	4	25	12	24	2
47	3	30	35	43	22	3	8	25	29	33	2	21	41	6	1	15	10	15	18	41	8	23	12	24	2
47	3	30	35	43	22	3	8	25	29	33	2	21	41	6	1	15	11	44	21	9	12	29	12	24	2
47	3	30	35	43	22	3	8	25	29	33	2	21	41	6	1	15	14	6	28	43	36	43	12	24	2
47	3	30	35	43	22	3	8	25	29	33	2	21	41	6	1	15	16	23	38	13	33	18	12	24	2
47	3	30	35	43	22	3	8	25	29	33	2	21	41	6	1	15	18	45	9	18	11	36	12	24	2
47	3	30	35	43	22	3	8	25	29	33	2	21	41	6	1	15	20	17	18	45	20	10	12	24	2
47	3	30	35	43	22	3	8	25	29	33	2	21	41	6	1	15	22	32	12	42	46	15	12	24	2
47	3	30	35	43	22	3	8	25	29	33	2	21	41	6	1	15	32	38	0	20	17	14	12	24	2
47	3	30	35	43	22	3	8	25	29	33	2	21	41	6	1	15	33	34	5	16	16	16	12	24	2
47	3	30	35	43	22	3	8	25	29	33	2	21	41	6	1	15	34	29	28	17	11	16	12	24	2
47	3	30	35	43	22	3	8	25	29	33	2	21	41	6	1	15	38	31	42	15	45	23	12	24	2
47	3	30	35	43	22	3	8	25	29	33	2	21	41	6	1	15	39	43	3	4	7	46	12	24	2
47	3	30	35	43	22	3	8	25	29	33	2	21	41	6	1	15	43	9	5	30	34	17	12	24	2
47	3	35	30	4	25	1	18	22	39	14	46	28	22	27	23	3	5	37	40	4	30	8	12	24	2
47	3	35	30	4	25	1	18	22	39	14	46	28	22	27	23	3	10	31	43	18	15	27	12	24	2
47	3	35	30	4	25	1	18	22	39	14	46	28	22	27	23	3	11	17	24	9	37	10	12	24	2
47	3	35	30	4	25	1	18	22	39	14	46	28	22	27	23	3	13	24	28	20	8	8	12	24	2
47	3	35	30	4	25	1	18	22	39	14	46	28	22	27	23	3	21	3	21	26	18	23	12	24	2
47	3	35	30	4	25	1	18	22	39	14	46	28	22	27	23	3	22	39	37	17	23	13	12	24	2
47	3	35	30	4	25	1	18	22	39	14	46	28	22	27	23	3	34	7	22	45	25	29	12	24	2
47	3	35	30	4	25	1	18	22	39	14	46	28	22	27	23	3	36	11	30	32	18	1	12	24	2
47	3	35	30	4	25	1	18	22	39	14	46	28	22	27	23	3	37	29	37	8	42	35	12	24	2
47	3	35	30	4	25	1	18	22	39	14	46	28	22	27	23	3	38	18	0	15	18	7	12	24	2
47	3	35	30	4	25	2	18	39	22	14	46	28	22	27	23	3	5	37	40	4	30	8	12	24	2
47	3	35	30	4	25	2	18	39	22	14	46	28	22	27	23	3	10	31	43	18	15	27	12	24	2
47	3	35	30	4	25	2	18	39	22	14	46	28	22	27	23	3	11	17	24	9	37	10	12	24	2
47	3	35	30	4	25	2	18	39	22	14	46	28	22	27	23	3	13	24	28	20	8	8	12	24	2
47	3	35	30	4	25	2	18	39	22	14	46	28	22	27	23	3	21	3	21	26	18	23	12	24	2
47	3	35	30	4	25	2	18	39	22	14	46	28	22	27	23	3	22	39	37	17	23	13	12	24	2
47	3	35	30	4	25	2	18	39	22	14	46	28	22	27	23	3	34	7	22	45	25	29	12	24	2
47	3	35	30	4	25	2	18	39	22	14	46	28	22	27	23	3	36	11	30	32	18	1	12	24	2
47	3	35	30	4	25	2	18	39	22	14	46	28	22	27	23	3	37	29	37	8	42	35	12	24	2
47	3	35	30	4	25	2	18	39	22	14	46	28	22	27	23	3	38	18	0	15	18	7	12	24	2
47	3	35	30	4	25	3	22	39	18	14	46	28	22	27	23	3	5	37	40	4	30	8	12	24	2
47	3	35	30	4	25	3	22	39	18	14	46	28	22	27	23	3	10	31	43	18	15	27	12	24	2
47	3	35	30	4	25	3	22	39	18	14	46	28	22	27	23	3	11	17	24	9	37	10	12	24	2
47	3	35	30	4	25	3	22	39	18	14	46	28	22	27	23	3	13	24	28	20	8	8	12	24	2
47	3	35	30	4	25	3	22	39	18	14	46	28	22	27	23	3	21	3	21	26	18	23	12	24	2
47	3	35	30	4	25	3	22	39	18	14	46	28	22	27	23	3	22	39	37	17	23	13	12	24	2
47	3	35	30	4	25	3	22	39	18	14	46	28	22	27	23	3	34	7	22	45	25	29	12	24	2
47	3	35	30	4	25	3	22	39	18	14	46	28	22	27	23	3	36	11	30	32	18	1	12	24	2
47	3	35	30	4	25	3	22	39	18	14	46	28	22	27	23	3	37	29	37	8	42	35	12	24	2
47	3	35	30	4	25	3	22	39	18	14	46	28	22	27	23	3	38	18	0	15	18	7	12	24	2
47	3	35	30	43	22	1	29	25	8	33	2	21	41	6	1	15	1	39	12	39	1	6	12	24	2
47	3	35	30	43	22	1	29	25	8	33	2	21	41	6	1	15	6	2	28	16	8	31	12	24	2
47	3	35	30	43	22	1	29	25	8	33	2	21	41	6	1	15	9	37	13	24	4	25	12	24	2
47	3	35	30	43	22	1	29	25	8	33	2	21	41	6	1	15	10	15	18	41	8	23	12	24	2
47	3	35	30	43	22	1	29	25	8	33	2	21	41	6	1	15	11	44	21	9	12	29	12	24	2
47	3	35	30	43	22	1	29	25	8	33	2	21	41	6	1	15	14	6	28	43	36	43	12	24	2
47	3	35	30	43	22	1	29	25	8	33	2	21	41	6	1	15	16	23	38	13	33	18	12	24	2
47	3	35	30	43	22	1	29	25	8	33	2	21	41	6	1	15	18	45	9	18	11	36	12	24	2
47	3	35	30	43	22	1	29	25	8	33	2	21	41	6	1	15	20	17	18	45	20	10	12	24	2
47	3	35	30	43	22	1	29	25	8	33	2	21	41	6	1	15	22	32	12	42	46	15	12	24	2
47	3	35	30	43	22	1	29	25	8	33	2	21	41	6	1	15	32	38	0	20	17	14	12	24	2
47	3	35	30	43	22	1	29	25	8	33	2	21	41	6	1	15	33	34	5	16	16	16	12	24	2
47	3	35	30	43	22	1	29	25	8	33	2	21	41	6	1	15	34	29	28	17	11	16	12	24	2
47	3	35	30	43	22	1	29	25	8	33	2	21	41	6	1	15	38	31	42	15	45	23	12	24	2
47	3	35	30	43	22	1	29	25	8	33	2	21	41	6	1	15	39	43	3	4	7	46	12	24	2
47	3	35	30	43	22	1	29	25	8	33	2	21	41	6	1	15	43	9	5	30	34	17	12	24	2
47	3	35	30	43	22	2	29	8	25	33	2	21	41	6	1	15	1	39	12	39	1	6	12	24	2
47	3	35	30	43	22	2	29	8	25	33	2	21	41	6	1	15	6	2	28	16	8	31	12	24	2
47	3	35	30	43	22	2	29	8	25	33	2	21	41	6	1	15	9	37	13	24	4	25	12	24	2
47	3	35	30	43	22	2	29	8	25	33	2	21	41	6	1	15	10	15	18	41	8	23	12	24	2
47	3	35	30	43	22	2	29	8	25	33	2	21	41	6	1	15	11	44	21	9	12	29	12	24	2
47	3	35	30	43	22	2	29	8	25	33	2	21	41	6	1	15	14	6	28	43	36	43	12	24	2
47	3	35	30	43	22	2	29	8	25	33	2	21	41	6	1	15	16	23	38	13	33	18	12	24	2
47	3	35	30	43	22	2	29	8	25	33	2	21	41	6	1	15	18	45	9	18	11	36	12	24	2
47	3	35	30	43	22	2	29	8	25	33	2	21	41	6	1	15	20	17	18	45	20	10	12	24	2
47	3	35	30	43	22	2	29	8	25	33	2	21	41	6	1	15	22	32	12	42	46	15	12	24	2
47	3	35	30	43	22	2	29	8	25	33	2	21	41	6	1	15	32	38	0	20	17	14	12	24	2
47	3	35	30	43	22	2	29	8	25	33	2	21	41	6	1	15	33	34	5	16	16	16	12	24	2
47	3	35	30	43	22	2	29	8	25	33	2	21	41	6	1	15	34	29	28	17	11	16	12	24	2
47	3	35	30	43	22	2	29	8	25	33	2	21	41	6	1	15	38	31	42	15	45	23	12	24	2
47	3	35	30	43	22	2	29	8	25	33	2	21	41	6	1	15	39	43	3	4	7	46	12	24	2
47	3	35	30	43	22	2	29	8	25	33	2	21	41	6	1	15	43	9	5	30	34	17	12	24	2
47	3	35	30	43	22	3	25	8	29	33	2	21	41	6	1	15	1	39	12	39	1	6	12	24	2
47	3	35	30	43	22	3	25	8	29	33	2	21	41	6	1	15	6	2	28	16	8	31	12	24	2
47	3	35	30	43	22	3	25	8	29	33	2	21	41	6	1	15	9	37	13	24	4	25	12	24	2
47	3	35	30	43	22	3	25	8	29	33	2	21	41	6	1	15	10	15	18	41	8	23	12	24	2
47	3	35	30	43	22	3	25	8	29	33	2	21	41	6	1	15	11	44	21	9	12	29	12	24	2
47	3	35	30	43	22	3	25	8	29	33	2	21	41	6	1	15	14	6	28	43	36	43	12	24	2
47	3	35	30	43	22	3	25	8	29	33	2	21	41	6	1	15	16	23	38	13	33	18	12	24	2
47	3	35	30	43	22	3	25	8	29	33	2	21	41	6	1	15	18	45	9	18	11	36	12	24	2
47	3	35	30	43	22	3	25	8	29	33	2	21	41	6	1	15	20	17	18	45	20	10	12	24	2
47	3	35	30	43	22	3	25	8	29	33	2	21	41	6	1	15	22	32	12	42	46	15	12	24	2
47	3	35	30	43	22	3	25	8	29	33	2	21	41	6	1	15	32	38	0	20	17	14	12	24	2
47	3	35	30	43	22	3	25	8	29	33	2	21	41	6	1	15	33	34	5	16	16	16	12	24	2
47	3	35	30	43	22	3	25	8	29	33	2	21	41	6	1	15	34	29	28	17	11	16	12	24	2
47	3	35	30	43	22	3	25	8	29	33	2	21	41	6	1	15	38	31	42	15	45	23	12	24	2
47	3	35	30	43	22	3	25	8	29	33	2	21	41	6	1	15	39	43	3	4	7	46	12	24	2
47	3	35	30	43	22	3	25	8	29	33	2	21	41	6	1	15	43	9	5	30	34	17	12	24	2
47	6	10	29	9	12	1	16	11	46	14	42	9	7	42	27	15	3	41	38	40	7	37	12	24	2
47	6	10	29	9	12	1	16	11	46	14	42	9	7	42	27	15	13	40	38	3	9	36	12	24	2
47	6	10	29	9	12	1	16	11	46	14	42	9	7	42	27	15	16	13	38	24	40	20	12	24	2
47	6	10	29	9	12	1	16	11	46	14	42	9	7	42	27	15	19	5	16	8	20	45	12	24	2
47	6	10	29	9	12	1	16	11	46	14	42	9	7	42	27	15	20	35	16	10	11	26	12	24	2
47	6	10	29	9	12	1	16	11	46	14	42	9	7	42	27	15	22	31	27	7	22	3	12	24	2
47	6	10	29	9	12	1	16	11	46	14	42	9	7	42	27	15	28	18	42	13	38	24	12	24	2
47	6	10	29	9	12	1	16	11	46	14	42	9	7	42	27	15	29	12	28	38	24	13	12	24	2
47	6	10	29	9	12	1	16	11	46	14	42	9	7	42	27	15	34	23	44	41	5	37	12	24	2
47	6	10	29	9	12	1	16	11	46	14	42	9	7	42	27	15	35	37	12	4	18	41	12	24	2
47	6	10	29	9	12	1	16	11	46	14	42	9	7	42	27	15	36	1	17	1	1	7	12	24	2
47	6	10	29	9	12	1	16	11	46	14	42	9	7	42	27	15	37	25	44	45	40	25	12	24	2
47	6	10	29	9	12	1	16	11	46	14	42	9	7	42	27	15	39	9	2	37	29	11	12	24	2
47	6	10	29	9	12	1	16	11	46	14	42	9	7	42	27	15	41	7	33	35	34	38	12	24	2
47	6	10	29	9	12	1	16	11	46	14	42	9	7	42	27	15	46	19	31	6	34	9	12	24	2
47	6	10	29	9	12	1	16	11	46	14	42	9	7	42	27	15	46	45	5	43	13	38	12	24	2
47	6	10	29	9	12	2	16	46	11	14	42	9	7	42	27	15	3	41	38	40	7	37	12	24	2
47	6	10	29	9	12	2	16	46	11	14	42	9	7	42	27	15	13	40	38	3	9	36	12	24	2
47	6	10	29	9	12	2	16	46	11	14	42	9	7	42	27	15	16	13	38	24	40	20	12	24	2
47	6	10	29	9	12	2	16	46	11	14	42	9	7	42	27	15	19	5	16	8	20	45	12	24	2
47	6	10	29	9	12	2	16	46	11	14	42	9	7	42	27	15	20	35	16	10	11	26	12	24	2
47	6	10	29	9	12	2	16	46	11	14	42	9	7	42	27	15	22	31	27	7	22	3	12	24	2
47	6	10	29	9	12	2	16	46	11	14	42	9	7	42	27	15	28	18	42	13	38	24	12	24	2
47	6	10	29	9	12	2	16	46	11	14	42	9	7	42	27	15	29	12	28	38	24	13	12	24	2
47	6	10	29	9	12	2	16	46	11	14	42	9	7	42	27	15	34	23	44	41	5	37	12	24	2
47	6	10	29	9	12	2	16	46	11	14	42	9	7	42	27	15	35	37	12	4	18	41	12	24	2
47	6	10	29	9	12	2	16	46	11	14	42	9	7	42	27	15	36	1	17	1	1	7	12	24	2
47	6	10	29	9	12	2	16	46	11	14	42	9	7	42	27	15	37	25	44	45	40	25	12	24	2
47	6	10	29	9	12	2	16	46	11	14	42	9	7	42	27	15	39	9	2	37	29	11	12	24	2
47	6	10	29	9	12	2	16	46	11	14	42	9	7	42	27	15	41	7	33	35	34	38	12	24	2
47	6	10	29	9	12	2	16	46	11	14	42	9	7	42	27	15	46	19	31	6	34	9	12	24	2
47	6	10	29	9	12	2	16	46	11	14	42	9	7	42	27	15	46	45	5	43	13	38	12	24	2
47	6	10	29	9	12	3	11	46	16	14	42	9	7	42	27	15	3	41	38	40	7	37	12	24	2
47	6	10	29	9	12	3	11	46	16	14	42	9	7	42	27	15	13	40	38	3	9	36	12	24	2
47	6	10	29	9	12	3	11	46	16	14	42	9	7	42	27	15	16	13	38	24	40	20	12	24	2
47	6	10	29	9	12	3	11	46	16	14	42	9	7	42	27	15	19	5	16	8	20	45	12	24	2
47	6	10	29	9	12	3	11	46	16	14	42	9	7	42	27	15	20	35	16	10	11	26	12	24	2
47	6	10	29	9	12	3	11	46	16	14	42	9	7	42	27	15	22	31	27	7	22	3	12	24	2
47	6	10	29	9	12	3	11	46	16	14	42	9	7	42	27	15	28	18	42	13	38	24	12	24	2
47	6	10	29	9	12	3	11	46	16	14	42	9	7	42	27	15	29	12	28	38	24	13	12	24	2
47	6	10	29	9	12	3	11	46	16	14	42	9	7	42	27	15	34	23	44	41	5	37	12	24	2
47	6	10	29	9	12	3	11	46	16	14	42	9	7	42	27	15	35	37	12	4	18	41	12	24	2
47	6	10	29	9	12	3	11	46	16	14	42	9	7	42	27	15	36	1	17	1	1	7	12	24	2
47	6	10	29	9	12	3	11	46	16	14	42	9	7	42	27	15	37	25	44	45	40	25	12	24	2
47	6	10	29	9	12	3	11	46	16	14	42	9	7	42	27	15	39	9	2	37	29	11	12	24	2
47	6	10	29	9	12	3	11	46	16	14	42	9	7	42	27	15	41	7	33	35	34	38	12	24	2
47	6	10	29	9	12	3	11	46	16	14	42	9	7	42	27	15	46	19	31	6	34	9	12	24	2
47	6	10	29	9	12	3	11	46	16	14	42	9	7	42	27	15	46	45	5	43	13	38	12	24	2
47	6	10	29	38	35	1	31	36	1	33	2	1	41	14	28	42	2	19	24	7	28	16	12	24	2
47	6	10	29	38	35	1	31	36	1	33	2	1	41	14	28	42	3	38	7	3	19	34	12	24	2
47	6	10	29	38	35	1	31	36	1	33	2	1	41	14	28	42	8	19	46	37	9	43	12	24	2
47	6	10	29	38	35	1	31	36	1	33	2	1	41	14	28	42	10	31	29	9	22	37	12	24	2
47	6	10	29	38	35	1	31	36	1	33	2	1	41	14	28	42	11	14	14	34	24	43	12	24	2
47	6	10	29	38	35	1	31	36	1	33	2	1	41	14	28	42	21	26	26	8	32	19	12	24	2
47	6	10	29	38	35	1	31	36	1	33	2	1	41	14	28	42	24	16	27	10	29	11	12	24	2
47	6	10	29	38	35	1	31	36	1	33	2	1	41	14	28	42	26	46	36	20	19	14	12	24	2
47	6	10	29	38	35	1	31	36	1	33	2	1	41	14	28	42	28	12	42	5	13	39	12	24	2
47	6	10	29	38	35	1	31	36	1	33	2	1	41	14	28	42	29	25	26	29	15	23	12	24	2
47	6	10	29	38	35	1	31	36	1	33	2	1	41	14	28	42	36	37	35	33	4	34	12	24	2
47	6	10	29	38	35	1	31	36	1	33	2	1	41	14	28	42	38	5	24	30	19	7	12	24	2
47	6	10	29	38	35	1	31	36	1	33	2	1	41	14	28	42	42	36	2	40	22	3	12	24	2
47	6	10	29	38	35	1	31	36	1	33	2	1	41	14	28	42	43	3	30	14	29	0	12	24	2
47	6	10	29	38	35	1	31	36	1	33	2	1	41	14	28	42	43	15	27	42	18	0	12	24	2
47	6	10	29	38	35	1	31	36	1	33	2	1	41	14	28	42	46	15	5	20	45	33	12	24	2
47	6	10	29	38	35	2	31	1	36	33	2	1	41	14	28	42	2	19	24	7	28	16	12	24	2
47	6	10	29	38	35	2	31	1	36	33	2	1	41	14	28	42	3	38	7	3	19	34	12	24	2
47	6	10	29	38	35	2	31	1	36	33	2	1	41	14	28	42	8	19	46	37	9	43	12	24	2
47	6	10	29	38	35	2	31	1	36	33	2	1	41	14	28	42	10	31	29	9	22	37	12	24	2
47	6	10	29	38	35	2	31	1	36	33	2	1	41	14	28	42	11	14	14	34	24	43	12	24	2
47	6	10	29	38	35	2	31	1	36	33	2	1	41	14	28	42	21	26	26	8	32	19	12	24	2
47	6	10	29	38	35	2	31	1	36	33	2	1	41	14	28	42	24	16	27	10	29	11	12	24	2
47	6	10	29	38	35	2	31	1	36	33	2	1	41	14	28	42	26	46	36	20	19	14	12	24	2
47	6	10	29	38	35	2	31	1	36	33	2	1	41	14	28	42	28	12	42	5	13	39	12	24	2
47	6	10	29	38	35	2	31	1	36	33	2	1	41	14	28	42	29	25	26	29	15	23	12	24	2
47	6	10	29	38	35	2	31	1	36	33	2	1	41	14	28	42	36	37	35	33	4	34	12	24	2
47	6	10	29	38	35	2	31	1	36	33	2	1	41	14	28	42	38	5	24	30	19	7	12	24	2
47	6	10	29	38	35	2	31	1	36	33	2	1	41	14	28	42	42	36	2	40	22	3	12	24	2
47	6	10	29	38	35	2	31	1	36	33	2	1	41	14	28	42	43	3	30	14	29	0	12	24	2
47	6	10	29	38	35	2	31	1	36	33	2	1	41	14	28	42	43	15	27	42	18	0	12	24	2
47	6	10	29	38	35	2	31	1	36	33	2	1	41	14	28	42	46	15	5	20	45	33	12	24	2
47	6	10	29	38	35	3	36	1	31	33	2	1	41	14	28	42	2	19	24	7	28	16	12	24	2
47	6	10	29	38	35	3	36	1	31	33	2	1	41	14	28	42	3	38	7	3	19	34	12	24	2
47	6	10	29	38	35	3	36	1	31	33	2	1	41	14	28	42	8	19	46	37	9	43	12	24	2
47	6	10	29	38	35	3	36	1	31	33	2	1	41	14	28	42	10	31	29	9	22	37	12	24	2
47	6	10	29	38	35	3	36	1	31	33	2	1	41	14	28	42	11	14	14	34	24	43	12	24	2
47	6	10	29	38	35	3	36	1	31	33	2	1	41	14	28	42	21	26	26	8	32	19	12	24	2
47	6	10	29	38	35	3	36	1	31	33	2	1	41	14	28	42	24	16	27	10	29	11	12	24	2
47	6	10	29	38	35	3	36	1	31	33	2	1	41	14	28	42	26	46	36	20	19	14	12	24	2
47	6	10	29	38	35	3	36	1	31	33	2	1	41	14	28	42	28	12	42	5	13	39	12	24	2
47	6	10	29	38	35	3	36	1	31	33	2	1	41	14	28	42	29	25	26	29	15	23	12	24	2
47	6	10	29	38	35	3	36	1	31	33	2	1	41	14	28	42	36	37	35	33	4	34	12	24	2
47	6	10	29	38	35	3	36	1	31	33	2	1	41	14	28	42	38	5	24	30	19	7	12	24	2
47	6	10	29	38	35	3	36	1	31	33	2	1	41	14	28	42	42	36	2	40	22	3	12	24	2
47	6	10	29	38	35	3	36	1	31	33	2	1	41	14	28	42	43	3	30	14	29	0	12	24	2
47	6	10	29	38	35	3	36	1	31	33	2	1	41	14	28	42	43	15	27	42	18	0	12	24	2
47	6	10	29	38	35	3	36	1	31	33	2	1	41	14	28	42	46	15	5	20	45	33	12	24	2
47	6	29	10	9	12	1	16	46	11	14	42	9	7	42	27	15	3	41	38	40	7	37	12	24	2
47	6	29	10	9	12	1	16	46	11	14	42	9	7	42	27	15	13	40	38	3	9	36	12	24	2
47	6	29	10	9	12	1	16	46	11	14	42	9	7	42	27	15	16	13	38	24	40	20	12	24	2
47	6	29	10	9	12	1	16	46	11	14	42	9	7	42	27	15	19	5	16	8	20	45	12	24	2
47	6	29	10	9	12	1	16	46	11	14	42	9	7	42	27	15	20	35	16	10	11	26	12	24	2
47	6	29	10	9	12	1	16	46	11	14	42	9	7	42	27	15	22	31	27	7	22	3	12	24	2
47	6	29	10	9	12	1	16	46	11	14	42	9	7	42	27	15	28	18	42	13	38	24	12	24	2
47	6	29	10	9	12	1	16	46	11	14	42	9	7	42	27	15	29	12	28	38	24	13	12	24	2
47	6	29	10	9	12	1	16	46	11	14	42	9	7	42	27	15	34	23	44	41	5	37	12	24	2
47	6	29	10	9	12	1	16	46	11	14	42	9	7	42	27	15	35	37	12	4	18	41	12	24	2
47	6	29	10	9	12	1	16	46	11	14	42	9	7	42	27	15	36	1	17	1	1	7	12	24	2
47	6	29	10	9	12	1	16	46	11	14	42	9	7	42	27	15	37	25	44	45	40	25	12	24	2
47	6	29	10	9	12	1	16	46	11	14	42	9	7	42	27	15	39	9	2	37	29	11	12	24	2
47	6	29	10	9	12	1	16	46	11	14	42	9	7	42	27	15	41	7	33	35	34	38	12	24	2
47	6	29	10	9	12	1	16	46	11	14	42	9	7	42	27	15	46	19	31	6	34	9	12	24	2
47	6	29	10	9	12	1	16	46	11	14	42	9	7	42	27	15	46	45	5	43	13	38	12	24	2
47	6	29	10	9	12	2	16	11	46	14	42	9	7	42	27	15	3	41	38	40	7	37	12	24	2
47	6	29	10	9	12	2	16	11	46	14	42	9	7	42	27	15	13	40	38	3	9	36	12	24	2
47	6	29	10	9	12	2	16	11	46	14	42	9	7	42	27	15	16	13	38	24	40	20	12	24	2
47	6	29	10	9	12	2	16	11	46	14	42	9	7	42	27	15	19	5	16	8	20	45	12	24	2
47	6	29	10	9	12	2	16	11	46	14	42	9	7	42	27	15	20	35	16	10	11	26	12	24	2
47	6	29	10	9	12	2	16	11	46	14	42	9	7	42	27	15	22	31	27	7	22	3	12	24	2
47	6	29	10	9	12	2	16	11	46	14	42	9	7	42	27	15	28	18	42	13	38	24	12	24	2
47	6	29	10	9	12	2	16	11	46	14	42	9	7	42	27	15	29	12	28	38	24	13	12	24	2
47	6	29	10	9	12	2	16	11	46	14	42	9	7	42	27	15	34	23	44	41	5	37	12	24	2
47	6	29	10	9	12	2	16	11	46	14	42	9	7	42	27	15	35	37	12	4	18	41	12	24	2
47	6	29	10	9	12	2	16	11	46	14	42	9	7	42	27	15	36	1	17	1	1	7	12	24	2
47	6	29	10	9	12	2	16	11	46	14	42	9	7	42	27	15	37	25	44	45	40	25	12	24	2
47	6	29	10	9	12	2	16	11	46	14	42	9	7	42	27	15	39	9	2	37	29	11	12	24	2
47	6	29	10	9	12	2	16	11	46	14	42	9	7	42	27	15	41	7	33	35	34	38	12	24	2
47	6	29	10	9	12	2	16	11	46	14	42	9	7	42	27	15	46	19	31	6	34	9	12	24	2
47	6	29	10	9	12	2	16	11	46	14	42	9	7	42	27	15	46	45	5	43	13	38	12	24	2
47	6	29	10	9	12	3	46	11	16	14	42	9	7	42	27	15	3	41	38	40	7	37	12	24	2
47	6	29	10	9	12	3	46	11	16	14	42	9	7	42	27	15	13	40	38	3	9	36	12	24	2
47	6	29	10	9	12	3	46	11	16	14	42	9	7	42	27	15	16	13	38	24	40	20	12	24	2
47	6	29	10	9	12	3	46	11	16	14	42	9	7	42	27	15	19	5	16	8	20	45	12	24	2
47	6	29	10	9	12	3	46	11	16	14	42	9	7	42	27	15	20	35	16	10	11	26	12	24	2
47	6	29	10	9	12	3	46	11	16	14	42	9	7	42	27	15	22	31	27	7	22	3	12	24	2
47	6	29	10	9	12	3	46	11	16	14	42	9	7	42	27	15	28	18	42	13	38	24	12	24	2
47	6	29	10	9	12	3	46	11	16	14	42	9	7	42	27	15	29	12	28	38	24	13	12	24	2
47	6	29	10	9	12	3	46	11	16	14	42	9	7	42	27	15	34	23	44	41	5	37	12	24	2
47	6	29	10	9	12	3	46	11	16	14	42	9	7	42	27	15	35	37	12	4	18	41	12	24	2
47	6	29	10	9	12	3	46	11	16	14	42	9	7	42	27	15	36	1	17	1	1	7	12	24	2
47	6	29	10	9	12	3	46	11	16	14	42	9	7	42	27	15	37	25	44	45	40	25	12	24	2
47	6	29	10	9	12	3	46	11	16	14	42	9	7	42	27	15	39	9	2	37	29	11	12	24	2
47	6	29	10	9	12	3	46	11	16	14	42	9	7	42	27	15	41	7	33	35	34	38	12	24	2
47	6	29	10	9	12	3	46	11	16	14	42	9	7	42	27	15	46	19	31	6	34	9	12	24	2
47	6	29	10	9	12	3	46	11	16	14	42	9	7	42	27	15	46	45	5	43	13	38	12	24	2
47	6	29	10	38	35	1	31	1	36	33	2	1	41	14	28	42	2	19	24	7	28	16	12	24	2
47	6	29	10	38	35	1	31	1	36	33	2	1	41	14	28	42	3	38	7	3	19	34	12	24	2
47	6	29	10	38	35	1	31	1	36	33	2	1	41	14	28	42	8	19	46	37	9	43	12	24	2
47	6	29	10	38	35	1	31	1	36	33	2	1	41	14	28	42	10	31	29	9	22	37	12	24	2
47	6	29	10	38	35	1	31	1	36	33	2	1	41	14	28	42	11	14	14	34	24	43	12	24	2
47	6	29	10	38	35	1	31	1	36	33	2	1	41	14	28	42	21	26	26	8	32	19	12	24	2
47	6	29	10	38	35	1	31	1	36	33	2	1	41	14	28	42	24	16	27	10	29	11	12	24	2
47	6	29	10	38	35	1	31	1	36	33	2	1	41	14	28	42	26	46	36	20	19	14	12	24	2
47	6	29	10	38	35	1	31	1	36	33	2	1	41	14	28	42	28	12	42	5	13	39	12	24	2
47	6	29	10	38	35	1	31	1	36	33	2	1	41	14	28	42	29	25	26	29	15	23	12	24	2
47	6	29	10	38	35	1	31	1	36	33	2	1	41	14	28	42	36	37	35	33	4	34	12	24	2
47	6	29	10	38	35	1	31	1	36	33	2	1	41	14	28	42	38	5	24	30	19	7	12	24	2
47	6	29	10	38	35	1	31	1	36	33	2	1	41	14	28	42	42	36	2	40	22	3	12	24	2
47	6	29	10	38	35	1	31	1	36	33	2	1	41	14	28	42	43	3	30	14	29	0	12	24	2
47	6	29	10	38	35	1	31	1	36	33	2	1	41	14	28	42	43	15	27	42	18	0	12	24	2
47	6	29	10	38	35	1	31	1	36	33	2	1	41	14	28	42	46	15	5	20	45	33	12	24	2
47	6	29	10	38	35	2	31	36	1	33	2	1	41	14	28	42	2	19	24	7	28	16	12	24	2
47	6	29	10	38	35	2	31	36	1	33	2	1	41	14	28	42	3	38	7	3	19	34	12	24	2
47	6	29	10	38	35	2	31	36	1	33	2	1	41	14	28	42	8	19	46	37	9	43	12	24	2
47	6	29	10	38	35	2	31	36	1	33	2	1	41	14	28	42	10	31	29	9	22	37	12	24	2
47	6	29	10	38	35	2	31	36	1	33	2	1	41	14	28	42	11	14	14	34	24	43	12	24	2
47	6	29	10	38	35	2	31	36	1	33	2	1	41	14	28	42	21	26	26	8	32	19	12	24	2
47	6	29	10	38	35	2	31	36	1	33	2	1	41	14	28	42	24	16	27	10	29	11	12	24	2
47	6	29	10	38	35	2	31	36	1	33	2	1	41	14	28	42	26	46	36	20	19	14	12	24	2
47	6	29	10	38	35	2	31	36	1	33	2	1	41	14	28	42	28	12	42	5	13	39	12	24	2
47	6	29	10	38	35	2	31	36	1	33	2	1	41	14	28	42	29	25	26	29	15	23	12	24	2
47	6	29	10	38	35	2	31	36	1	33	2	1	41	14	28	42	36	37	35	33	4	34	12	24	2
47	6	29	10	38	35	2	31	36	1	33	2	1	41	14	28	42	38	5	24	30	19	7	12	24	2
47	6	29	10	38	35	2	31	36	1	33	2	1	41	14	28	42	42	36	2	40	22	3	12	24	2
47	6	29	10	38	35	2	31	36	1	33	2	1	41	14	28	42	43	3	30	14	29	0	12	24	2
47	6	29	10	38	35	2	31	36	1	33	2	1	41	14	28	42	43	15	27	42	18	0	12	24	2
47	6	29	10	38	35	2	31	36	1	33	2	1	41	14	28	42	46	15	5	20	45	33	12	24	2
47	6	29	10	38	35	3	1	36	31	33	2	1	41	14	28	42	2	19	24	7	28	16	12	24	2
47	6	29	10	38	35	3	1	36	31	33	2	1	41	14	28	42	3	38	7	3	19	34	12	24	2
47	6	29	10	38	35	3	1	36	31	33	2	1	41	14	28	42	8	19	46	37	9	43	12	24	2
47	6	29	10	38	35	3	1	36	31	33	2	1	41	14	28	42	10	31	29	9	22	37	12	24	2
47	6	29	10	38	35	3	1	36	31	33	2	1	41	14	28	42	11	14	14	34	24	43	12	24	2
47	6	29	10	38	35	3	1	36	31	33	2	1	41	14	28	42	21	26	26	8	32	19	12	24	2
47	6	29	10	38	35	3	1	36	31	33	2	1	41	14	28	42	24	16	27	10	29	11	12	24	2
47	6	29	10	38	35	3	1	36	31	33	2	1	41	14	28	42	26	46	36	20	19	14	12	24	2
47	6	29	10	38	35	3	1	36	31	33	2	1	41	14	28	42	28	12	42	5	13	39	12	24	2
47	6	29	10	38	35	3	1	36	31	33	2	1	41	14	28	42	29	25	26	29	15	23	12	24	2
47	6	29	10	38	35	3	1	36	31	33	2	1	41	14	28	42	36	37	35	33	4	34	12	24	2
47	6	29	10	38	35	3	1	36	31	33	2	1	41	14	28	42	38	5	24	30	19	7	12	24	2
47	6	29	10	38	35	3	1	36	31	33	2	1	41	14	28	42	42	36	2	40	22	3	12	24	2
47	6	29	10	38	35	3	1	36	31	33	2	1	41	14	28	42	43	3	30	14	29	0	12	24	2
47	6	29	10	38	35	3	1	36	31	33	2	1	41	14	28	42	43	15	27	42	18	0	12	24	2
47	6	29	10	38	35	3	1	36	31	33	2	1	41	14	28	42	46	15	5	20	45	33	12	24	2
47	7	16	34	1	42	1	27	8	17	21	10	45	1	37	8	7	7	33	10	39	2	46	12	24	2
47	7	16	34	1	42	1	27	8	17	21	10	45	1	37	8	7	11	36	43	46	20	27	12	24	2
47	7	16	34	1	42	1	27	8	17	21	10	45	1	37	8	7	14	21	46	10	14	35	12	24	2
47	7	16	34	1	42	1	27	8	17	21	10	45	1	37	8	7	21	5	5	7	43	7	12	24	2
47	7	16	34	1	42	1	27	8	17	21	10	45	1	37	8	7	22	34	22	4	15	31	12	24	2
47	7	16	34	1	42	1	27	8	17	21	10	45	1	37	8	7	22	37	20	13	32	16	12	24	2
47	7	16	34	1	42	1	27	8	17	21	10	45	1	37	8	7	27	12	13	12	43	35	12	24	2
47	7	16	34	1	42	1	27	8	17	21	10	45	1	37	8	7	29	39	0	28	21	31	12	24	2
47	7	16	34	1	42	1	27	8	17	21	10	45	1	37	8	7	32	2	20	41	30	30	12	24	2
47	7	16	34	1	42	1	27	8	17	21	10	45	1	37	8	7	37	44	25	22	7	7	12	24	2
47	7	16	34	1	42	1	27	8	17	21	10	45	1	37	8	7	39	7	11	3	39	42	12	24	2
47	7	16	34	1	42	1	27	8	17	21	10	45	1	37	8	7	41	9	14	38	20	5	12	24	2
47	7	16	34	1	42	1	27	8	17	21	10	45	1	37	8	7	43	6	21	33	22	24	12	24	2
47	7	16	34	1	42	1	27	8	17	21	10	45	1	37	8	7	44	9	34	18	46	6	12	24	2
47	7	16	34	1	42	1	27	8	17	21	10	45	1	37	8	7	45	27	28	21	9	37	12	24	2
47	7	16	34	1	42	1	27	8	17	21	10	45	1	37	8	7	46	36	11	36	40	35	12	24	2
47	7	16	34	1	42	2	27	17	8	21	10	45	1	37	8	7	7	33	10	39	2	46	12	24	2
47	7	16	34	1	42	2	27	17	8	21	10	45	1	37	8	7	11	36	43	46	20	27	12	24	2
47	7	16	34	1	42	2	27	17	8	21	10	45	1	37	8	7	14	21	46	10	14	35	12	24	2
47	7	16	34	1	42	2	27	17	8	21	10	45	1	37	8	7	21	5	5	7	43	7	12	24	2
47	7	16	34	1	42	2	27	17	8	21	10	45	1	37	8	7	22	34	22	4	15	31	12	24	2
47	7	16	34	1	42	2	27	17	8	21	10	45	1	37	8	7	22	37	20	13	32	16	12	24	2
47	7	16	34	1	42	2	27	17	8	21	10	45	1	37	8	7	27	12	13	12	43	35	12	24	2
47	7	16	34	1	42	2	27	17	8	21	10	45	1	37	8	7	29	39	0	28	21	31	12	24	2
47	7	16	34	1	42	2	27	17	8	21	10	45	1	37	8	7	32	2	20	41	30	30	12	24	2
47	7	16	34	1	42	2	27	17	8	21	10	45	1	37	8	7	37	44	25	22	7	7	12	24	2
47	7	16	34	1	42	2	27	17	8	21	10	45	1	37	8	7	39	7	11	3	39	42	12	24	2
47	7	16	34	1	42	2	27	17	8	21	10	45	1	37	8	7	41	9	14	38	20	5	12	24	2
47	7	16	34	1	42	2	27	17	8	21	10	45	1	37	8	7	43	6	21	33	22	24	12	24	2
47	7	16	34	1	42	2	27	17	8	21	10	45	1	37	8	7	44	9	34	18	46	6	12	24	2
47	7	16	34	1	42	2	27	17	8	21	10	45	1	37	8	7	45	27	28	21	9	37	12	24	2
47	7	16	34	1	42	2	27	17	8	21	10	45	1	37	8	7	46	36	11	36	40	35	12	24	2
47	7	16	34	1	42	3	8	17	27	21	10	45	1	37	8	7	7	33	10	39	2	46	12	24	2
47	7	16	34	1	42	3	8	17	27	21	10	45	1	37	8	7	11	36	43	46	20	27	12	24	2
47	7	16	34	1	42	3	8	17	27	21	10	45	1	37	8	7	14	21	46	10	14	35	12	24	2
47	7	16	34	1	42	3	8	17	27	21	10	45	1	37	8	7	21	5	5	7	43	7	12	24	2
47	7	16	34	1	42	3	8	17	27	21	10	45	1	37	8	7	22	34	22	4	15	31	12	24	2
47	7	16	34	1	42	3	8	17	27	21	10	45	1	37	8	7	22	37	20	13	32	16	12	24	2
47	7	16	34	1	42	3	8	17	27	21	10	45	1	37	8	7	27	12	13	12	43	35	12	24	2
47	7	16	34	1	42	3	8	17	27	21	10	45	1	37	8	7	29	39	0	28	21	31	12	24	2
47	7	16	34	1	42	3	8	17	27	21	10	45	1	37	8	7	32	2	20	41	30	30	12	24	2
47	7	16	34	1	42	3	8	17	27	21	10	45	1	37	8	7	37	44	25	22	7	7	12	24	2
47	7	16	34	1	42	3	8	17	27	21	10	45	1	37	8	7	39	7	11	3	39	42	12	24	2
47	7	16	34	1	42	3	8	17	27	21	10	45	1	37	8	7	41	9	14	38	20	5	12	24	2
47	7	16	34	1	42	3	8	17	27	21	10	45	1	37	8	7	43	6	21	33	22	24	12	24	2
47	7	16	34	1	42	3	8	17	27	21	10	45	1	37	8	7	44	9	34	18	46	6	12	24	2
47	7	16	34	1	42	3	8	17	27	21	10	45	1	37	8	7	45	27	28	21	9	37	12	24	2
47	7	16	34	1	42	3	8	17	27	21	10	45	1	37	8	7	46	36	11	36	40	35	12	24	2
47	7	16	34	46	5	1	20	39	30	26	6	10	2	1	35	43	6	7	25	23	4	39	12	24	2
47	7	16	34	46	5	1	20	39	30	26	6	10	2	1	35	43	17	32	35	26	0	36	12	24	2
47	7	16	34	46	5	1	20	39	30	26	6	10	2	1	35	43	23	35	23	15	18	17	12	24	2
47	7	16	34	46	5	1	20	39	30	26	6	10	2	1	35	43	24	20	39	15	14	30	12	24	2
47	7	16	34	46	5	1	20	39	30	26	6	10	2	1	35	43	25	21	20	27	30	9	12	24	2
47	7	16	34	46	5	1	20	39	30	26	6	10	2	1	35	43	29	23	4	12	4	31	12	24	2
47	7	16	34	46	5	1	20	39	30	26	6	10	2	1	35	43	38	15	6	43	4	20	12	24	2
47	7	16	34	46	5	1	20	39	30	26	6	10	2	1	35	43	43	1	11	36	42	19	12	24	2
47	7	16	34	46	5	1	20	39	30	26	6	10	2	1	35	43	45	44	20	20	29	9	12	24	2
47	7	16	34	46	5	1	20	39	30	26	6	10	2	1	35	43	46	35	36	16	14	39	12	24	2
47	7	16	34	46	5	2	20	30	39	26	6	10	2	1	35	43	6	7	25	23	4	39	12	24	2
47	7	16	34	46	5	2	20	30	39	26	6	10	2	1	35	43	17	32	35	26	0	36	12	24	2
47	7	16	34	46	5	2	20	30	39	26	6	10	2	1	35	43	23	35	23	15	18	17	12	24	2
47	7	16	34	46	5	2	20	30	39	26	6	10	2	1	35	43	24	20	39	15	14	30	12	24	2
47	7	16	34	46	5	2	20	30	39	26	6	10	2	1	35	43	25	21	20	27	30	9	12	24	2
47	7	16	34	46	5	2	20	30	39	26	6	10	2	1	35	43	29	23	4	12	4	31	12	24	2
47	7	16	34	46	5	2	20	30	39	26	6	10	2	1	35	43	38	15	6	43	4	20	12	24	2
47	7	16	34	46	5	2	20	30	39	26	6	10	2	1	35	43	43	1	11	36	42	19	12	24	2
47	7	16	34	46	5	2	20	30	39	26	6	10	2	1	35	43	45	44	20	20	29	9	12	24	2
47	7	16	34	46	5	2	20	30	39	26	6	10	2	1	35	43	46	35	36	16	14	39	12	24	2
47	7	16	34	46	5	3	39	30	20	26	6	10	2	1	35	43	6	7	25	23	4	39	12	24	2
47	7	16	34	46	5	3	39	30	20	26	6	10	2	1	35	43	17	32	35	26	0	36	12	24	2
47	7	16	34	46	5	3	39	30	20	26	6	10	2	1	35	43	23	35	23	15	18	17	12	24	2
47	7	16	34	46	5	3	39	30	20	26	6	10	2	1	35	43	24	20	39	15	14	30	12	24	2
47	7	16	34	46	5	3	39	30	20	26	6	10	2	1	35	43	25	21	20	27	30	9	12	24	2
47	7	16	34	46	5	3	39	30	20	26	6	10	2	1	35	43	29	23	4	12	4	31	12	24	2
47	7	16	34	46	5	3	39	30	20	26	6	10	2	1	35	43	38	15	6	43	4	20	12	24	2
47	7	16	34	46	5	3	39	30	20	26	6	10	2	1	35	43	43	1	11	36	42	19	12	24	2
47	7	16	34	46	5	3	39	30	20	26	6	10	2	1	35	43	45	44	20	20	29	9	12	24	2
47	7	16	34	46	5	3	39	30	20	26	6	10	2	1	35	43	46	35	36	16	14	39	12	24	2
47	7	34	16	1	42	1	27	17	8	21	10	45	1	37	8	7	7	33	10	39	2	46	12	24	2
47	7	34	16	1	42	1	27	17	8	21	10	45	1	37	8	7	11	36	43	46	20	27	12	24	2
47	7	34	16	1	42	1	27	17	8	21	10	45	1	37	8	7	14	21	46	10	14	35	12	24	2
47	7	34	16	1	42	1	27	17	8	21	10	45	1	37	8	7	21	5	5	7	43	7	12	24	2
47	7	34	16	1	42	1	27	17	8	21	10	45	1	37	8	7	22	34	22	4	15	31	12	24	2
47	7	34	16	1	42	1	27	17	8	21	10	45	1	37	8	7	22	37	20	13	32	16	12	24	2
47	7	34	16	1	42	1	27	17	8	21	10	45	1	37	8	7	27	12	13	12	43	35	12	24	2
47	7	34	16	1	42	1	27	17	8	21	10	45	1	37	8	7	29	39	0	28	21	31	12	24	2
47	7	34	16	1	42	1	27	17	8	21	10	45	1	37	8	7	32	2	20	41	30	30	12	24	2
47	7	34	16	1	42	1	27	17	8	21	10	45	1	37	8	7	37	44	25	22	7	7	12	24	2
47	7	34	16	1	42	1	27	17	8	21	10	45	1	37	8	7	39	7	11	3	39	42	12	24	2
47	7	34	16	1	42	1	27	17	8	21	10	45	1	37	8	7	41	9	14	38	20	5	12	24	2
47	7	34	16	1	42	1	27	17	8	21	10	45	1	37	8	7	43	6	21	33	22	24	12	24	2
47	7	34	16	1	42	1	27	17	8	21	10	45	1	37	8	7	44	9	34	18	46	6	12	24	2
47	7	34	16	1	42	1	27	17	8	21	10	45	1	37	8	7	45	27	28	21	9	37	12	24	2
47	7	34	16	1	42	1	27	17	8	21	10	45	1	37	8	7	46	36	11	36	40	35	12	24	2
47	7	34	16	1	42	2	27	8	17	21	10	45	1	37	8	7	7	33	10	39	2	46	12	24	2
47	7	34	16	1	42	2	27	8	17	21	10	45	1	37	8	7	11	36	43	46	20	27	12	24	2
47	7	34	16	1	42	2	27	8	17	21	10	45	1	37	8	7	14	21	46	10	14	35	12	24	2
47	7	34	16	1	42	2	27	8	17	21	10	45	1	37	8	7	21	5	5	7	43	7	12	24	2
47	7	34	16	1	42	2	27	8	17	21	10	45	1	37	8	7	22	34	22	4	15	31	12	24	2
47	7	34	16	1	42	2	27	8	17	21	10	45	1	37	8	7	22	37	20	13	32	16	12	24	2
47	7	34	16	1	42	2	27	8	17	21	10	45	1	37	8	7	27	12	13	12	43	35	12	24	2
47	7	34	16	1	42	2	27	8	17	21	10	45	1	37	8	7	29	39	0	28	21	31	12	24	2
47	7	34	16	1	42	2	27	8	17	21	10	45	1	37	8	7	32	2	20	41	30	30	12	24	2
47	7	34	16	1	42	2	27	8	17	21	10	45	1	37	8	7	37	44	25	22	7	7	12	24	2
47	7	34	16	1	42	2	27	8	17	21	10	45	1	37	8	7	39	7	11	3	39	42	12	24	2
47	7	34	16	1	42	2	27	8	17	21	10	45	1	37	8	7	41	9	14	38	20	5	12	24	2
47	7	34	16	1	42	2	27	8	17	21	10	45	1	37	8	7	43	6	21	33	22	24	12	24	2
47	7	34	16	1	42	2	27	8	17	21	10	45	1	37	8	7	44	9	34	18	46	6	12	24	2
47	7	34	16	1	42	2	27	8	17	21	10	45	1	37	8	7	45	27	28	21	9	37	12	24	2
47	7	34	16	1	42	2	27	8	17	21	10	45	1	37	8	7	46	36	11	36	40	35	12	24	2
47	7	34	16	1	42	3	17	8	27	21	10	45	1	37	8	7	7	33	10	39	2	46	12	24	2
47	7	34	16	1	42	3	17	8	27	21	10	45	1	37	8	7	11	36	43	46	20	27	12	24	2
47	7	34	16	1	42	3	17	8	27	21	10	45	1	37	8	7	14	21	46	10	14	35	12	24	2
47	7	34	16	1	42	3	17	8	27	21	10	45	1	37	8	7	21	5	5	7	43	7	12	24	2
47	7	34	16	1	42	3	17	8	27	21	10	45	1	37	8	7	22	34	22	4	15	31	12	24	2
47	7	34	16	1	42	3	17	8	27	21	10	45	1	37	8	7	22	37	20	13	32	16	12	24	2
47	7	34	16	1	42	3	17	8	27	21	10	45	1	37	8	7	27	12	13	12	43	35	12	24	2
47	7	34	16	1	42	3	17	8	27	21	10	45	1	37	8	7	29	39	0	28	21	31	12	24	2
47	7	34	16	1	42	3	17	8	27	21	10	45	1	37	8	7	32	2	20	41	30	30	12	24	2
47	7	34	16	1	42	3	17	8	27	21	10	45	1	37	8	7	37	44	25	22	7	7	12	24	2
47	7	34	16	1	42	3	17	8	27	21	10	45	1	37	8	7	39	7	11	3	39	42	12	24	2
47	7	34	16	1	42	3	17	8	27	21	10	45	1	37	8	7	41	9	14	38	20	5	12	24	2
47	7	34	16	1	42	3	17	8	27	21	10	45	1	37	8	7	43	6	21	33	22	24	12	24	2
47	7	34	16	1	42	3	17	8	27	21	10	45	1	37	8	7	44	9	34	18	46	6	12	24	2
47	7	34	16	1	42	3	17	8	27	21	10	45	1	37	8	7	45	27	28	21	9	37	12	24	2
47	7	34	16	1	42	3	17	8	27	21	10	45	1	37	8	7	46	36	11	36	40	35	12	24	2
47	7	34	16	46	5	1	20	30	39	26	6	10	2	1	35	43	6	7	25	23	4	39	12	24	2
47	7	34	16	46	5	1	20	30	39	26	6	10	2	1	35	43	17	32	35	26	0	36	12	24	2
47	7	34	16	46	5	1	20	30	39	26	6	10	2	1	35	43	23	35	23	15	18	17	12	24	2
47	7	34	16	46	5	1	20	30	39	26	6	10	2	1	35	43	24	20	39	15	14	30	12	24	2
47	7	34	16	46	5	1	20	30	39	26	6	10	2	1	35	43	25	21	20	27	30	9	12	24	2
47	7	34	16	46	5	1	20	30	39	26	6	10	2	1	35	43	29	23	4	12	4	31	12	24	2
47	7	34	16	46	5	1	20	30	39	26	6	10	2	1	35	43	38	15	6	43	4	20	12	24	2
47	7	34	16	46	5	1	20	30	39	26	6	10	2	1	35	43	43	1	11	36	42	19	12	24	2
47	7	34	16	46	5	1	20	30	39	26	6	10	2	1	35	43	45	44	20	20	29	9	12	24	2
47	7	34	16	46	5	1	20	30	39	26	6	10	2	1	35	43	46	35	36	16	14	39	12	24	2
47	7	34	16	46	5	2	20	39	30	26	6	10	2	1	35	43	6	7	25	23	4	39	12	24	2
47	7	34	16	46	5	2	20	39	30	26	6	10	2	1	35	43	17	32	35	26	0	36	12	24	2
47	7	34	16	46	5	2	20	39	30	26	6	10	2	1	35	43	23	35	23	15	18	17	12	24	2
47	7	34	16	46	5	2	20	39	30	26	6	10	2	1	35	43	24	20	39	15	14	30	12	24	2
47	7	34	16	46	5	2	20	39	30	26	6	10	2	1	35	43	25	21	20	27	30	9	12	24	2
47	7	34	16	46	5	2	20	39	30	26	6	10	2	1	35	43	29	23	4	12	4	31	12	24	2
47	7	34	16	46	5	2	20	39	30	26	6	10	2	1	35	43	38	15	6	43	4	20	12	24	2
47	7	34	16	46	5	2	20	39	30	26	6	10	2	1	35	43	43	1	11	36	42	19	12	24	2
47	7	34	16	46	5	2	20	39	30	26	6	10	2	1	35	43	45	44	20	20	29	9	12	24	2
47	7	34	16	46	5	2	20	39	30	26	6	10	2	1	35	43	46	35	36	16	14	39	12	24	2
47	7	34	16	46	5	3	30	39	20	26	6	10	2	1	35	43	6	7	25	23	4	39	12	24	2
47	7	34	16	46	5	3	30	39	20	26	6	10	2	1	35	43	17	32	35	26	0	36	12	24	2
47	7	34	16	46	5	3	30	39	20	26	6	10	2	1	35	43	23	35	23	15	18	17	12	24	2
47	7	34	16	46	5	3	30	39	20	26	6	10	2	1	35	43	24	20	39	15	14	30	12	24	2
47	7	34	16	46	5	3	30	39	20	26	6	10	2	1	35	43	25	21	20	27	30	9	12	24	2
47	7	34	16	46	5	3	30	39	20	26	6	10	2	1	35	43	29	23	4	12	4	31	12	24	2
47	7	34	16	46	5	3	30	39	20	26	6	10	2	1	35	43	38	15	6	43	4	20	12	24	2
47	7	34	16	46	5	3	30	39	20	26	6	10	2	1	35	43	43	1	11	36	42	19	12	24	2
47	7	34	16	46	5	3	30	39	20	26	6	10	2	1	35	43	45	44	20	20	29	9	12	24	2
47	7	34	16	46	5	3	30	39	20	26	6	10	2	1	35	43	46	35	36	16	14	39	12	24	2
47	8	13	33	12	9	1	16	26	19	25	21	32	46	3	46	18	1	25	24	4	27	1	12	24	2
47	8	13	33	12	9	1	16	26	19	25	21	32	46	3	46	18	2	35	11	36	35	38	12	24	2
47	8	13	33	12	9	1	16	26	19	25	21	32	46	3	46	18	6	37	5	39	24	4	12	24	2
47	8	13	33	12	9	1	16	26	19	25	21	32	46	3	46	18	10	19	35	17	22	3	12	24	2
47	8	13	33	12	9	1	16	26	19	25	21	32	46	3	46	18	19	11	42	14	21	39	12	24	2
47	8	13	33	12	9	1	16	26	19	25	21	32	46	3	46	18	21	33	21	29	31	38	12	24	2
47	8	13	33	12	9	1	16	26	19	25	21	32	46	3	46	18	23	43	29	46	36	30	12	24	2
47	8	13	33	12	9	1	16	26	19	25	21	32	46	3	46	18	25	16	23	35	28	33	12	24	2
47	8	13	33	12	9	1	16	26	19	25	21	32	46	3	46	18	26	36	11	23	12	12	12	24	2
47	8	13	33	12	9	1	16	26	19	25	21	32	46	3	46	18	28	34	5	3	23	42	12	24	2
47	8	13	33	12	9	1	16	26	19	25	21	32	46	3	46	18	30	10	2	44	0	4	12	24	2
47	8	13	33	12	9	1	16	26	19	25	21	32	46	3	46	18	37	4	28	35	21	14	12	24	2
47	8	13	33	12	9	1	16	26	19	25	21	32	46	3	46	18	37	34	25	1	26	33	12	24	2
47	8	13	33	12	9	1	16	26	19	25	21	32	46	3	46	18	40	8	30	24	32	0	12	24	2
47	8	13	33	12	9	1	16	26	19	25	21	32	46	3	46	18	40	21	8	6	15	0	12	24	2
47	8	13	33	12	9	1	16	26	19	25	21	32	46	3	46	18	41	44	15	41	37	44	12	24	2
47	8	13	33	12	9	2	16	19	26	25	21	32	46	3	46	18	1	25	24	4	27	1	12	24	2
47	8	13	33	12	9	2	16	19	26	25	21	32	46	3	46	18	2	35	11	36	35	38	12	24	2
47	8	13	33	12	9	2	16	19	26	25	21	32	46	3	46	18	6	37	5	39	24	4	12	24	2
47	8	13	33	12	9	2	16	19	26	25	21	32	46	3	46	18	10	19	35	17	22	3	12	24	2
47	8	13	33	12	9	2	16	19	26	25	21	32	46	3	46	18	19	11	42	14	21	39	12	24	2
47	8	13	33	12	9	2	16	19	26	25	21	32	46	3	46	18	21	33	21	29	31	38	12	24	2
47	8	13	33	12	9	2	16	19	26	25	21	32	46	3	46	18	23	43	29	46	36	30	12	24	2
47	8	13	33	12	9	2	16	19	26	25	21	32	46	3	46	18	25	16	23	35	28	33	12	24	2
47	8	13	33	12	9	2	16	19	26	25	21	32	46	3	46	18	26	36	11	23	12	12	12	24	2
47	8	13	33	12	9	2	16	19	26	25	21	32	46	3	46	18	28	34	5	3	23	42	12	24	2
47	8	13	33	12	9	2	16	19	26	25	21	32	46	3	46	18	30	10	2	44	0	4	12	24	2
47	8	13	33	12	9	2	16	19	26	25	21	32	46	3	46	18	37	4	28	35	21	14	12	24	2
47	8	13	33	12	9	2	16	19	26	25	21	32	46	3	46	18	37	34	25	1	26	33	12	24	2
47	8	13	33	12	9	2	16	19	26	25	21	32	46	3	46	18	40	8	30	24	32	0	12	24	2
47	8	13	33	12	9	2	16	19	26	25	21	32	46	3	46	18	40	21	8	6	15	0	12	24	2
47	8	13	33	12	9	2	16	19	26	25	21	32	46	3	46	18	41	44	15	41	37	44	12	24	2
47	8	13	33	12	9	3	26	19	16	25	21	32	46	3	46	18	1	25	24	4	27	1	12	24	2
47	8	13	33	12	9	3	26	19	16	25	21	32	46	3	46	18	2	35	11	36	35	38	12	24	2
47	8	13	33	12	9	3	26	19	16	25	21	32	46	3	46	18	6	37	5	39	24	4	12	24	2
47	8	13	33	12	9	3	26	19	16	25	21	32	46	3	46	18	10	19	35	17	22	3	12	24	2
47	8	13	33	12	9	3	26	19	16	25	21	32	46	3	46	18	19	11	42	14	21	39	12	24	2
47	8	13	33	12	9	3	26	19	16	25	21	32	46	3	46	18	21	33	21	29	31	38	12	24	2
47	8	13	33	12	9	3	26	19	16	25	21	32	46	3	46	18	23	43	29	46	36	30	12	24	2
47	8	13	33	12	9	3	26	19	16	25	21	32	46	3	46	18	25	16	23	35	28	33	12	24	2
47	8	13	33	12	9	3	26	19	16	25	21	32	46	3	46	18	26	36	11	23	12	12	12	24	2
47	8	13	33	12	9	3	26	19	16	25	21	32	46	3	46	18	28	34	5	3	23	42	12	24	2
47	8	13	33	12	9	3	26	19	16	25	21	32	46	3	46	18	30	10	2	44	0	4	12	24	2
47	8	13	33	12	9	3	26	19	16	25	21	32	46	3	46	18	37	4	28	35	21	14	12	24	2
47	8	13	33	12	9	3	26	19	16	25	21	32	46	3	46	18	37	34	25	1	26	33	12	24	2
47	8	13	33	12	9	3	26	19	16	25	21	32	46	3	46	18	40	8	30	24	32	0	12	24	2
47	8	13	33	12	9	3	26	19	16	25	21	32	46	3	46	18	40	21	8	6	15	0	12	24	2
47	8	13	33	12	9	3	26	19	16	25	21	32	46	3	46	18	41	44	15	41	37	44	12	24	2
47	8	13	33	35	38	1	31	21	28	22	28	4	3	1	24	41	1	39	40	14	46	42	12	24	2
47	8	13	33	35	38	1	31	21	28	22	28	4	3	1	24	41	6	37	7	34	13	35	12	24	2
47	8	13	33	35	38	1	31	21	28	22	28	4	3	1	24	41	9	45	21	20	46	18	12	24	2
47	8	13	33	35	38	1	31	21	28	22	28	4	3	1	24	41	15	10	3	41	12	30	12	24	2
47	8	13	33	35	38	1	31	21	28	22	28	4	3	1	24	41	16	4	9	6	15	14	12	24	2
47	8	13	33	35	38	1	31	21	28	22	28	4	3	1	24	41	19	7	24	42	21	32	12	24	2
47	8	13	33	35	38	1	31	21	28	22	28	4	3	1	24	41	22	12	22	43	16	20	12	24	2
47	8	13	33	35	38	1	31	21	28	22	28	4	3	1	24	41	24	36	1	13	5	28	12	24	2
47	8	13	33	35	38	1	31	21	28	22	28	4	3	1	24	41	25	17	10	23	23	21	12	24	2
47	8	13	33	35	38	1	31	21	28	22	28	4	3	1	24	41	26	24	27	26	5	33	12	24	2
47	8	13	33	35	38	1	31	21	28	22	28	4	3	1	24	41	28	0	36	17	13	43	12	24	2
47	8	13	33	35	38	1	31	21	28	22	28	4	3	1	24	41	32	29	38	11	17	8	12	24	2
47	8	13	33	35	38	1	31	21	28	22	28	4	3	1	24	41	36	36	46	7	45	8	12	24	2
47	8	13	33	35	38	1	31	21	28	22	28	4	3	1	24	41	37	11	34	24	5	38	12	24	2
47	8	13	33	35	38	1	31	21	28	22	28	4	3	1	24	41	45	20	9	40	32	44	12	24	2
47	8	13	33	35	38	1	31	21	28	22	28	4	3	1	24	41	46	43	5	37	36	30	12	24	2
47	8	13	33	35	38	2	31	28	21	22	28	4	3	1	24	41	1	39	40	14	46	42	12	24	2
47	8	13	33	35	38	2	31	28	21	22	28	4	3	1	24	41	6	37	7	34	13	35	12	24	2
47	8	13	33	35	38	2	31	28	21	22	28	4	3	1	24	41	9	45	21	20	46	18	12	24	2
47	8	13	33	35	38	2	31	28	21	22	28	4	3	1	24	41	15	10	3	41	12	30	12	24	2
47	8	13	33	35	38	2	31	28	21	22	28	4	3	1	24	41	16	4	9	6	15	14	12	24	2
47	8	13	33	35	38	2	31	28	21	22	28	4	3	1	24	41	19	7	24	42	21	32	12	24	2
47	8	13	33	35	38	2	31	28	21	22	28	4	3	1	24	41	22	12	22	43	16	20	12	24	2
47	8	13	33	35	38	2	31	28	21	22	28	4	3	1	24	41	24	36	1	13	5	28	12	24	2
47	8	13	33	35	38	2	31	28	21	22	28	4	3	1	24	41	25	17	10	23	23	21	12	24	2
47	8	13	33	35	38	2	31	28	21	22	28	4	3	1	24	41	26	24	27	26	5	33	12	24	2
47	8	13	33	35	38	2	31	28	21	22	28	4	3	1	24	41	28	0	36	17	13	43	12	24	2
47	8	13	33	35	38	2	31	28	21	22	28	4	3	1	24	41	32	29	38	11	17	8	12	24	2
47	8	13	33	35	38	2	31	28	21	22	28	4	3	1	24	41	36	36	46	7	45	8	12	24	2
47	8	13	33	35	38	2	31	28	21	22	28	4	3	1	24	41	37	11	34	24	5	38	12	24	2
47	8	13	33	35	38	2	31	28	21	22	28	4	3	1	24	41	45	20	9	40	32	44	12	24	2
47	8	13	33	35	38	2	31	28	21	22	28	4	3	1	24	41	46	43	5	37	36	30	12	24	2
47	8	13	33	35	38	3	21	28	31	22	28	4	3	1	24	41	1	39	40	14	46	42	12	24	2
47	8	13	33	35	38	3	21	28	31	22	28	4	3	1	24	41	6	37	7	34	13	35	12	24	2
47	8	13	33	35	38	3	21	28	31	22	28	4	3	1	24	41	9	45	21	20	46	18	12	24	2
47	8	13	33	35	38	3	21	28	31	22	28	4	3	1	24	41	15	10	3	41	12	30	12	24	2
47	8	13	33	35	38	3	21	28	31	22	28	4	3	1	24	41	16	4	9	6	15	14	12	24	2
47	8	13	33	35	38	3	21	28	31	22	28	4	3	1	24	41	19	7	24	42	21	32	12	24	2
47	8	13	33	35	38	3	21	28	31	22	28	4	3	1	24	41	22	12	22	43	16	20	12	24	2
47	8	13	33	35	38	3	21	28	31	22	28	4	3	1	24	41	24	36	1	13	5	28	12	24	2
47	8	13	33	35	38	3	21	28	31	22	28	4	3	1	24	41	25	17	10	23	23	21	12	24	2
47	8	13	33	35	38	3	21	28	31	22	28	4	3	1	24	41	26	24	27	26	5	33	12	24	2
47	8	13	33	35	38	3	21	28	31	22	28	4	3	1	24	41	28	0	36	17	13	43	12	24	2
47	8	13	33	35	38	3	21	28	31	22	28	4	3	1	24	41	32	29	38	11	17	8	12	24	2
47	8	13	33	35	38	3	21	28	31	22	28	4	3	1	24	41	36	36	46	7	45	8	12	24	2
47	8	13	33	35	38	3	21	28	31	22	28	4	3	1	24	41	37	11	34	24	5	38	12	24	2
47	8	13	33	35	38	3	21	28	31	22	28	4	3	1	24	41	45	20	9	40	32	44	12	24	2
47	8	13	33	35	38	3	21	28	31	22	28	4	3	1	24	41	46	43	5	37	36	30	12	24	2
47	8	33	13	12	9	1	16	19	26	25	21	32	46	3	46	18	1	25	24	4	27	1	12	24	2
47	8	33	13	12	9	1	16	19	26	25	21	32	46	3	46	18	2	35	11	36	35	38	12	24	2
47	8	33	13	12	9	1	16	19	26	25	21	32	46	3	46	18	6	37	5	39	24	4	12	24	2
47	8	33	13	12	9	1	16	19	26	25	21	32	46	3	46	18	10	19	35	17	22	3	12	24	2
47	8	33	13	12	9	1	16	19	26	25	21	32	46	3	46	18	19	11	42	14	21	39	12	24	2
47	8	33	13	12	9	1	16	19	26	25	21	32	46	3	46	18	21	33	21	29	31	38	12	24	2
47	8	33	13	12	9	1	16	19	26	25	21	32	46	3	46	18	23	43	29	46	36	30	12	24	2
47	8	33	13	12	9	1	16	19	26	25	21	32	46	3	46	18	25	16	23	35	28	33	12	24	2
47	8	33	13	12	9	1	16	19	26	25	21	32	46	3	46	18	26	36	11	23	12	12	12	24	2
47	8	33	13	12	9	1	16	19	26	25	21	32	46	3	46	18	28	34	5	3	23	42	12	24	2
47	8	33	13	12	9	1	16	19	26	25	21	32	46	3	46	18	30	10	2	44	0	4	12	24	2
47	8	33	13	12	9	1	16	19	26	25	21	32	46	3	46	18	37	4	28	35	21	14	12	24	2
47	8	33	13	12	9	1	16	19	26	25	21	32	46	3	46	18	37	34	25	1	26	33	12	24	2
47	8	33	13	12	9	1	16	19	26	25	21	32	46	3	46	18	40	8	30	24	32	0	12	24	2
47	8	33	13	12	9	1	16	19	26	25	21	32	46	3	46	18	40	21	8	6	15	0	12	24	2
47	8	33	13	12	9	1	16	19	26	25	21	32	46	3	46	18	41	44	15	41	37	44	12	24	2
47	8	33	13	12	9	2	16	26	19	25	21	32	46	3	46	18	1	25	24	4	27	1	12	24	2
47	8	33	13	12	9	2	16	26	19	25	21	32	46	3	46	18	2	35	11	36	35	38	12	24	2
47	8	33	13	12	9	2	16	26	19	25	21	32	46	3	46	18	6	37	5	39	24	4	12	24	2
47	8	33	13	12	9	2	16	26	19	25	21	32	46	3	46	18	10	19	35	17	22	3	12	24	2
47	8	33	13	12	9	2	16	26	19	25	21	32	46	3	46	18	19	11	42	14	21	39	12	24	2
47	8	33	13	12	9	2	16	26	19	25	21	32	46	3	46	18	21	33	21	29	31	38	12	24	2
47	8	33	13	12	9	2	16	26	19	25	21	32	46	3	46	18	23	43	29	46	36	30	12	24	2
47	8	33	13	12	9	2	16	26	19	25	21	32	46	3	46	18	25	16	23	35	28	33	12	24	2
47	8	33	13	12	9	2	16	26	19	25	21	32	46	3	46	18	26	36	11	23	12	12	12	24	2
47	8	33	13	12	9	2	16	26	19	25	21	32	46	3	46	18	28	34	5	3	23	42	12	24	2
47	8	33	13	12	9	2	16	26	19	25	21	32	46	3	46	18	30	10	2	44	0	4	12	24	2
47	8	33	13	12	9	2	16	26	19	25	21	32	46	3	46	18	37	4	28	35	21	14	12	24	2
47	8	33	13	12	9	2	16	26	19	25	21	32	46	3	46	18	37	34	25	1	26	33	12	24	2
47	8	33	13	12	9	2	16	26	19	25	21	32	46	3	46	18	40	8	30	24	32	0	12	24	2
47	8	33	13	12	9	2	16	26	19	25	21	32	46	3	46	18	40	21	8	6	15	0	12	24	2
47	8	33	13	12	9	2	16	26	19	25	21	32	46	3	46	18	41	44	15	41	37	44	12	24	2
47	8	33	13	12	9	3	19	26	16	25	21	32	46	3	46	18	1	25	24	4	27	1	12	24	2
47	8	33	13	12	9	3	19	26	16	25	21	32	46	3	46	18	2	35	11	36	35	38	12	24	2
47	8	33	13	12	9	3	19	26	16	25	21	32	46	3	46	18	6	37	5	39	24	4	12	24	2
47	8	33	13	12	9	3	19	26	16	25	21	32	46	3	46	18	10	19	35	17	22	3	12	24	2
47	8	33	13	12	9	3	19	26	16	25	21	32	46	3	46	18	19	11	42	14	21	39	12	24	2
47	8	33	13	12	9	3	19	26	16	25	21	32	46	3	46	18	21	33	21	29	31	38	12	24	2
47	8	33	13	12	9	3	19	26	16	25	21	32	46	3	46	18	23	43	29	46	36	30	12	24	2
47	8	33	13	12	9	3	19	26	16	25	21	32	46	3	46	18	25	16	23	35	28	33	12	24	2
47	8	33	13	12	9	3	19	26	16	25	21	32	46	3	46	18	26	36	11	23	12	12	12	24	2
47	8	33	13	12	9	3	19	26	16	25	21	32	46	3	46	18	28	34	5	3	23	42	12	24	2
47	8	33	13	12	9	3	19	26	16	25	21	32	46	3	46	18	30	10	2	44	0	4	12	24	2
47	8	33	13	12	9	3	19	26	16	25	21	32	46	3	46	18	37	4	28	35	21	14	12	24	2
47	8	33	13	12	9	3	19	26	16	25	21	32	46	3	46	18	37	34	25	1	26	33	12	24	2
47	8	33	13	12	9	3	19	26	16	25	21	32	46	3	46	18	40	8	30	24	32	0	12	24	2
47	8	33	13	12	9	3	19	26	16	25	21	32	46	3	46	18	40	21	8	6	15	0	12	24	2
47	8	33	13	12	9	3	19	26	16	25	21	32	46	3	46	18	41	44	15	41	37	44	12	24	2
47	8	33	13	35	38	1	31	28	21	22	28	4	3	1	24	41	1	39	40	14	46	42	12	24	2
47	8	33	13	35	38	1	31	28	21	22	28	4	3	1	24	41	6	37	7	34	13	35	12	24	2
47	8	33	13	35	38	1	31	28	21	22	28	4	3	1	24	41	9	45	21	20	46	18	12	24	2
47	8	33	13	35	38	1	31	28	21	22	28	4	3	1	24	41	15	10	3	41	12	30	12	24	2
47	8	33	13	35	38	1	31	28	21	22	28	4	3	1	24	41	16	4	9	6	15	14	12	24	2
47	8	33	13	35	38	1	31	28	21	22	28	4	3	1	24	41	19	7	24	42	21	32	12	24	2
47	8	33	13	35	38	1	31	28	21	22	28	4	3	1	24	41	22	12	22	43	16	20	12	24	2
47	8	33	13	35	38	1	31	28	21	22	28	4	3	1	24	41	24	36	1	13	5	28	12	24	2
47	8	33	13	35	38	1	31	28	21	22	28	4	3	1	24	41	25	17	10	23	23	21	12	24	2
47	8	33	13	35	38	1	31	28	21	22	28	4	3	1	24	41	26	24	27	26	5	33	12	24	2
47	8	33	13	35	38	1	31	28	21	22	28	4	3	1	24	41	28	0	36	17	13	43	12	24	2
47	8	33	13	35	38	1	31	28	21	22	28	4	3	1	24	41	32	29	38	11	17	8	12	24	2
47	8	33	13	35	38	1	31	28	21	22	28	4	3	1	24	41	36	36	46	7	45	8	12	24	2
47	8	33	13	35	38	1	31	28	21	22	28	4	3	1	24	41	37	11	34	24	5	38	12	24	2
47	8	33	13	35	38	1	31	28	21	22	28	4	3	1	24	41	45	20	9	40	32	44	12	24	2
47	8	33	13	35	38	1	31	28	21	22	28	4	3	1	24	41	46	43	5	37	36	30	12	24	2
47	8	33	13	35	38	2	31	21	28	22	28	4	3	1	24	41	1	39	40	14	46	42	12	24	2
47	8	33	13	35	38	2	31	21	28	22	28	4	3	1	24	41	6	37	7	34	13	35	12	24	2
47	8	33	13	35	38	2	31	21	28	22	28	4	3	1	24	41	9	45	21	20	46	18	12	24	2
47	8	33	13	35	38	2	31	21	28	22	28	4	3	1	24	41	15	10	3	41	12	30	12	24	2
47	8	33	13	35	38	2	31	21	28	22	28	4	3	1	24	41	16	4	9	6	15	14	12	24	2
47	8	33	13	35	38	2	31	21	28	22	28	4	3	1	24	41	19	7	24	42	21	32	12	24	2
47	8	33	13	35	38	2	31	21	28	22	28	4	3	1	24	41	22	12	22	43	16	20	12	24	2
47	8	33	13	35	38	2	31	21	28	22	28	4	3	1	24	41	24	36	1	13	5	28	12	24	2
47	8	33	13	35	38	2	31	21	28	22	28	4	3	1	24	41	25	17	10	23	23	21	12	24	2
47	8	33	13	35	38	2	31	21	28	22	28	4	3	1	24	41	26	24	27	26	5	33	12	24	2
47	8	33	13	35	38	2	31	21	28	22	28	4	3	1	24	41	28	0	36	17	13	43	12	24	2
47	8	33	13	35	38	2	31	21	28	22	28	4	3	1	24	41	32	29	38	11	17	8	12	24	2
47	8	33	13	35	38	2	31	21	28	22	28	4	3	1	24	41	36	36	46	7	45	8	12	24	2
47	8	33	13	35	38	2	31	21	28	22	28	4	3	1	24	41	37	11	34	24	5	38	12	24	2
47	8	33	13	35	38	2	31	21	28	22	28	4	3	1	24	41	45	20	9	40	32	44	12	24	2
47	8	33	13	35	38	2	31	21	28	22	28	4	3	1	24	41	46	43	5	37	36	30	12	24	2
47	8	33	13	35	38	3	28	21	31	22	28	4	3	1	24	41	1	39	40	14	46	42	12	24	2
47	8	33	13	35	38	3	28	21	31	22	28	4	3	1	24	41	6	37	7	34	13	35	12	24	2
47	8	33	13	35	38	3	28	21	31	22	28	4	3	1	24	41	9	45	21	20	46	18	12	24	2
47	8	33	13	35	38	3	28	21	31	22	28	4	3	1	24	41	15	10	3	41	12	30	12	24	2
47	8	33	13	35	38	3	28	21	31	22	28	4	3	1	24	41	16	4	9	6	15	14	12	24	2
47	8	33	13	35	38	3	28	21	31	22	28	4	3	1	24	41	19	7	24	42	21	32	12	24	2
47	8	33	13	35	38	3	28	21	31	22	28	4	3	1	24	41	22	12	22	43	16	20	12	24	2
47	8	33	13	35	38	3	28	21	31	22	28	4	3	1	24	41	24	36	1	13	5	28	12	24	2
47	8	33	13	35	38	3	28	21	31	22	28	4	3	1	24	41	25	17	10	23	23	21	12	24	2
47	8	33	13	35	38	3	28	21	31	22	28	4	3	1	24	41	26	24	27	26	5	33	12	24	2
47	8	33	13	35	38	3	28	21	31	22	28	4	3	1	24	41	28	0	36	17	13	43	12	24	2
47	8	33	13	35	38	3	28	21	31	22	28	4	3	1	24	41	32	29	38	11	17	8	12	24	2
47	8	33	13	35	38	3	28	21	31	22	28	4	3	1	24	41	36	36	46	7	45	8	12	24	2
47	8	33	13	35	38	3	28	21	31	22	28	4	3	1	24	41	37	11	34	24	5	38	12	24	2
47	8	33	13	35	38	3	28	21	31	22	28	4	3	1	24	41	45	20	9	40	32	44	12	24	2
47	8	33	13	35	38	3	28	21	31	22	28	4	3	1	24	41	46	43	5	37	36	30	12	24	2
47	10	6	29	9	12	1	11	16	46	14	42	9	7	42	27	15	3	41	38	40	7	37	12	24	2
47	10	6	29	9	12	1	11	16	46	14	42	9	7	42	27	15	13	40	38	3	9	36	12	24	2
47	10	6	29	9	12	1	11	16	46	14	42	9	7	42	27	15	16	13	38	24	40	20	12	24	2
47	10	6	29	9	12	1	11	16	46	14	42	9	7	42	27	15	19	5	16	8	20	45	12	24	2
47	10	6	29	9	12	1	11	16	46	14	42	9	7	42	27	15	20	35	16	10	11	26	12	24	2
47	10	6	29	9	12	1	11	16	46	14	42	9	7	42	27	15	22	31	27	7	22	3	12	24	2
47	10	6	29	9	12	1	11	16	46	14	42	9	7	42	27	15	28	18	42	13	38	24	12	24	2
47	10	6	29	9	12	1	11	16	46	14	42	9	7	42	27	15	29	12	28	38	24	13	12	24	2
47	10	6	29	9	12	1	11	16	46	14	42	9	7	42	27	15	34	23	44	41	5	37	12	24	2
47	10	6	29	9	12	1	11	16	46	14	42	9	7	42	27	15	35	37	12	4	18	41	12	24	2
47	10	6	29	9	12	1	11	16	46	14	42	9	7	42	27	15	36	1	17	1	1	7	12	24	2
47	10	6	29	9	12	1	11	16	46	14	42	9	7	42	27	15	37	25	44	45	40	25	12	24	2
47	10	6	29	9	12	1	11	16	46	14	42	9	7	42	27	15	39	9	2	37	29	11	12	24	2
47	10	6	29	9	12	1	11	16	46	14	42	9	7	42	27	15	41	7	33	35	34	38	12	24	2
47	10	6	29	9	12	1	11	16	46	14	42	9	7	42	27	15	46	19	31	6	34	9	12	24	2
47	10	6	29	9	12	1	11	16	46	14	42	9	7	42	27	15	46	45	5	43	13	38	12	24	2
47	10	6	29	9	12	2	11	46	16	14	42	9	7	42	27	15	3	41	38	40	7	37	12	24	2
47	10	6	29	9	12	2	11	46	16	14	42	9	7	42	27	15	13	40	38	3	9	36	12	24	2
47	10	6	29	9	12	2	11	46	16	14	42	9	7	42	27	15	16	13	38	24	40	20	12	24	2
47	10	6	29	9	12	2	11	46	16	14	42	9	7	42	27	15	19	5	16	8	20	45	12	24	2
47	10	6	29	9	12	2	11	46	16	14	42	9	7	42	27	15	20	35	16	10	11	26	12	24	2
47	10	6	29	9	12	2	11	46	16	14	42	9	7	42	27	15	22	31	27	7	22	3	12	24	2
47	10	6	29	9	12	2	11	46	16	14	42	9	7	42	27	15	28	18	42	13	38	24	12	24	2
47	10	6	29	9	12	2	11	46	16	14	42	9	7	42	27	15	29	12	28	38	24	13	12	24	2
47	10	6	29	9	12	2	11	46	16	14	42	9	7	42	27	15	34	23	44	41	5	37	12	24	2
47	10	6	29	9	12	2	11	46	16	14	42	9	7	42	27	15	35	37	12	4	18	41	12	24	2
47	10	6	29	9	12	2	11	46	16	14	42	9	7	42	27	15	36	1	17	1	1	7	12	24	2
47	10	6	29	9	12	2	11	46	16	14	42	9	7	42	27	15	37	25	44	45	40	25	12	24	2
47	10	6	29	9	12	2	11	46	16	14	42	9	7	42	27	15	39	9	2	37	29	11	12	24	2
47	10	6	29	9	12	2	11	46	16	14	42	9	7	42	27	15	41	7	33	35	34	38	12	24	2
47	10	6	29	9	12	2	11	46	16	14	42	9	7	42	27	15	46	19	31	6	34	9	12	24	2
47	10	6	29	9	12	2	11	46	16	14	42	9	7	42	27	15	46	45	5	43	13	38	12	24	2
47	10	6	29	9	12	3	16	46	11	14	42	9	7	42	27	15	3	41	38	40	7	37	12	24	2
47	10	6	29	9	12	3	16	46	11	14	42	9	7	42	27	15	13	40	38	3	9	36	12	24	2
47	10	6	29	9	12	3	16	46	11	14	42	9	7	42	27	15	16	13	38	24	40	20	12	24	2
47	10	6	29	9	12	3	16	46	11	14	42	9	7	42	27	15	19	5	16	8	20	45	12	24	2
47	10	6	29	9	12	3	16	46	11	14	42	9	7	42	27	15	20	35	16	10	11	26	12	24	2
47	10	6	29	9	12	3	16	46	11	14	42	9	7	42	27	15	22	31	27	7	22	3	12	24	2
47	10	6	29	9	12	3	16	46	11	14	42	9	7	42	27	15	28	18	42	13	38	24	12	24	2
47	10	6	29	9	12	3	16	46	11	14	42	9	7	42	27	15	29	12	28	38	24	13	12	24	2
47	10	6	29	9	12	3	16	46	11	14	42	9	7	42	27	15	34	23	44	41	5	37	12	24	2
47	10	6	29	9	12	3	16	46	11	14	42	9	7	42	27	15	35	37	12	4	18	41	12	24	2
47	10	6	29	9	12	3	16	46	11	14	42	9	7	42	27	15	36	1	17	1	1	7	12	24	2
47	10	6	29	9	12	3	16	46	11	14	42	9	7	42	27	15	37	25	44	45	40	25	12	24	2
47	10	6	29	9	12	3	16	46	11	14	42	9	7	42	27	15	39	9	2	37	29	11	12	24	2
47	10	6	29	9	12	3	16	46	11	14	42	9	7	42	27	15	41	7	33	35	34	38	12	24	2
47	10	6	29	9	12	3	16	46	11	14	42	9	7	42	27	15	46	19	31	6	34	9	12	24	2
47	10	6	29	9	12	3	16	46	11	14	42	9	7	42	27	15	46	45	5	43	13	38	12	24	2
47	10	6	29	38	35	1	36	31	1	33	2	1	41	14	28	42	2	19	24	7	28	16	12	24	2
47	10	6	29	38	35	1	36	31	1	33	2	1	41	14	28	42	3	38	7	3	19	34	12	24	2
47	10	6	29	38	35	1	36	31	1	33	2	1	41	14	28	42	8	19	46	37	9	43	12	24	2
47	10	6	29	38	35	1	36	31	1	33	2	1	41	14	28	42	10	31	29	9	22	37	12	24	2
47	10	6	29	38	35	1	36	31	1	33	2	1	41	14	28	42	11	14	14	34	24	43	12	24	2
47	10	6	29	38	35	1	36	31	1	33	2	1	41	14	28	42	21	26	26	8	32	19	12	24	2
47	10	6	29	38	35	1	36	31	1	33	2	1	41	14	28	42	24	16	27	10	29	11	12	24	2
47	10	6	29	38	35	1	36	31	1	33	2	1	41	14	28	42	26	46	36	20	19	14	12	24	2
47	10	6	29	38	35	1	36	31	1	33	2	1	41	14	28	42	28	12	42	5	13	39	12	24	2
47	10	6	29	38	35	1	36	31	1	33	2	1	41	14	28	42	29	25	26	29	15	23	12	24	2
47	10	6	29	38	35	1	36	31	1	33	2	1	41	14	28	42	36	37	35	33	4	34	12	24	2
47	10	6	29	38	35	1	36	31	1	33	2	1	41	14	28	42	38	5	24	30	19	7	12	24	2
47	10	6	29	38	35	1	36	31	1	33	2	1	41	14	28	42	42	36	2	40	22	3	12	24	2
47	10	6	29	38	35	1	36	31	1	33	2	1	41	14	28	42	43	3	30	14	29	0	12	24	2
47	10	6	29	38	35	1	36	31	1	33	2	1	41	14	28	42	43	15	27	42	18	0	12	24	2
47	10	6	29	38	35	1	36	31	1	33	2	1	41	14	28	42	46	15	5	20	45	33	12	24	2
47	10	6	29	38	35	2	36	1	31	33	2	1	41	14	28	42	2	19	24	7	28	16	12	24	2
47	10	6	29	38	35	2	36	1	31	33	2	1	41	14	28	42	3	38	7	3	19	34	12	24	2
47	10	6	29	38	35	2	36	1	31	33	2	1	41	14	28	42	8	19	46	37	9	43	12	24	2
47	10	6	29	38	35	2	36	1	31	33	2	1	41	14	28	42	10	31	29	9	22	37	12	24	2
47	10	6	29	38	35	2	36	1	31	33	2	1	41	14	28	42	11	14	14	34	24	43	12	24	2
47	10	6	29	38	35	2	36	1	31	33	2	1	41	14	28	42	21	26	26	8	32	19	12	24	2
47	10	6	29	38	35	2	36	1	31	33	2	1	41	14	28	42	24	16	27	10	29	11	12	24	2
47	10	6	29	38	35	2	36	1	31	33	2	1	41	14	28	42	26	46	36	20	19	14	12	24	2
47	10	6	29	38	35	2	36	1	31	33	2	1	41	14	28	42	28	12	42	5	13	39	12	24	2
47	10	6	29	38	35	2	36	1	31	33	2	1	41	14	28	42	29	25	26	29	15	23	12	24	2
47	10	6	29	38	35	2	36	1	31	33	2	1	41	14	28	42	36	37	35	33	4	34	12	24	2
47	10	6	29	38	35	2	36	1	31	33	2	1	41	14	28	42	38	5	24	30	19	7	12	24	2
47	10	6	29	38	35	2	36	1	31	33	2	1	41	14	28	42	42	36	2	40	22	3	12	24	2
47	10	6	29	38	35	2	36	1	31	33	2	1	41	14	28	42	43	3	30	14	29	0	12	24	2
47	10	6	29	38	35	2	36	1	31	33	2	1	41	14	28	42	43	15	27	42	18	0	12	24	2
47	10	6	29	38	35	2	36	1	31	33	2	1	41	14	28	42	46	15	5	20	45	33	12	24	2
47	10	6	29	38	35	3	31	1	36	33	2	1	41	14	28	42	2	19	24	7	28	16	12	24	2
47	10	6	29	38	35	3	31	1	36	33	2	1	41	14	28	42	3	38	7	3	19	34	12	24	2
47	10	6	29	38	35	3	31	1	36	33	2	1	41	14	28	42	8	19	46	37	9	43	12	24	2
47	10	6	29	38	35	3	31	1	36	33	2	1	41	14	28	42	10	31	29	9	22	37	12	24	2
47	10	6	29	38	35	3	31	1	36	33	2	1	41	14	28	42	11	14	14	34	24	43	12	24	2
47	10	6	29	38	35	3	31	1	36	33	2	1	41	14	28	42	21	26	26	8	32	19	12	24	2
47	10	6	29	38	35	3	31	1	36	33	2	1	41	14	28	42	24	16	27	10	29	11	12	24	2
47	10	6	29	38	35	3	31	1	36	33	2	1	41	14	28	42	26	46	36	20	19	14	12	24	2
47	10	6	29	38	35	3	31	1	36	33	2	1	41	14	28	42	28	12	42	5	13	39	12	24	2
47	10	6	29	38	35	3	31	1	36	33	2	1	41	14	28	42	29	25	26	29	15	23	12	24	2
47	10	6	29	38	35	3	31	1	36	33	2	1	41	14	28	42	36	37	35	33	4	34	12	24	2
47	10	6	29	38	35	3	31	1	36	33	2	1	41	14	28	42	38	5	24	30	19	7	12	24	2
47	10	6	29	38	35	3	31	1	36	33	2	1	41	14	28	42	42	36	2	40	22	3	12	24	2
47	10	6	29	38	35	3	31	1	36	33	2	1	41	14	28	42	43	3	30	14	29	0	12	24	2
47	10	6	29	38	35	3	31	1	36	33	2	1	41	14	28	42	43	15	27	42	18	0	12	24	2
47	10	6	29	38	35	3	31	1	36	33	2	1	41	14	28	42	46	15	5	20	45	33	12	24	2
47	10	29	6	9	12	1	11	46	16	14	42	9	7	42	27	15	3	41	38	40	7	37	12	24	2
47	10	29	6	9	12	1	11	46	16	14	42	9	7	42	27	15	13	40	38	3	9	36	12	24	2
47	10	29	6	9	12	1	11	46	16	14	42	9	7	42	27	15	16	13	38	24	40	20	12	24	2
47	10	29	6	9	12	1	11	46	16	14	42	9	7	42	27	15	19	5	16	8	20	45	12	24	2
47	10	29	6	9	12	1	11	46	16	14	42	9	7	42	27	15	20	35	16	10	11	26	12	24	2
47	10	29	6	9	12	1	11	46	16	14	42	9	7	42	27	15	22	31	27	7	22	3	12	24	2
47	10	29	6	9	12	1	11	46	16	14	42	9	7	42	27	15	28	18	42	13	38	24	12	24	2
47	10	29	6	9	12	1	11	46	16	14	42	9	7	42	27	15	29	12	28	38	24	13	12	24	2
47	10	29	6	9	12	1	11	46	16	14	42	9	7	42	27	15	34	23	44	41	5	37	12	24	2
47	10	29	6	9	12	1	11	46	16	14	42	9	7	42	27	15	35	37	12	4	18	41	12	24	2
47	10	29	6	9	12	1	11	46	16	14	42	9	7	42	27	15	36	1	17	1	1	7	12	24	2
47	10	29	6	9	12	1	11	46	16	14	42	9	7	42	27	15	37	25	44	45	40	25	12	24	2
47	10	29	6	9	12	1	11	46	16	14	42	9	7	42	27	15	39	9	2	37	29	11	12	24	2
47	10	29	6	9	12	1	11	46	16	14	42	9	7	42	27	15	41	7	33	35	34	38	12	24	2
47	10	29	6	9	12	1	11	46	16	14	42	9	7	42	27	15	46	19	31	6	34	9	12	24	2
47	10	29	6	9	12	1	11	46	16	14	42	9	7	42	27	15	46	45	5	43	13	38	12	24	2
47	10	29	6	9	12	2	11	16	46	14	42	9	7	42	27	15	3	41	38	40	7	37	12	24	2
47	10	29	6	9	12	2	11	16	46	14	42	9	7	42	27	15	13	40	38	3	9	36	12	24	2
47	10	29	6	9	12	2	11	16	46	14	42	9	7	42	27	15	16	13	38	24	40	20	12	24	2
47	10	29	6	9	12	2	11	16	46	14	42	9	7	42	27	15	19	5	16	8	20	45	12	24	2
47	10	29	6	9	12	2	11	16	46	14	42	9	7	42	27	15	20	35	16	10	11	26	12	24	2
47	10	29	6	9	12	2	11	16	46	14	42	9	7	42	27	15	22	31	27	7	22	3	12	24	2
47	10	29	6	9	12	2	11	16	46	14	42	9	7	42	27	15	28	18	42	13	38	24	12	24	2
47	10	29	6	9	12	2	11	16	46	14	42	9	7	42	27	15	29	12	28	38	24	13	12	24	2
47	10	29	6	9	12	2	11	16	46	14	42	9	7	42	27	15	34	23	44	41	5	37	12	24	2
47	10	29	6	9	12	2	11	16	46	14	42	9	7	42	27	15	35	37	12	4	18	41	12	24	2
47	10	29	6	9	12	2	11	16	46	14	42	9	7	42	27	15	36	1	17	1	1	7	12	24	2
47	10	29	6	9	12	2	11	16	46	14	42	9	7	42	27	15	37	25	44	45	40	25	12	24	2
47	10	29	6	9	12	2	11	16	46	14	42	9	7	42	27	15	39	9	2	37	29	11	12	24	2
47	10	29	6	9	12	2	11	16	46	14	42	9	7	42	27	15	41	7	33	35	34	38	12	24	2
47	10	29	6	9	12	2	11	16	46	14	42	9	7	42	27	15	46	19	31	6	34	9	12	24	2
47	10	29	6	9	12	2	11	16	46	14	42	9	7	42	27	15	46	45	5	43	13	38	12	24	2
47	10	29	6	9	12	3	46	16	11	14	42	9	7	42	27	15	3	41	38	40	7	37	12	24	2
47	10	29	6	9	12	3	46	16	11	14	42	9	7	42	27	15	13	40	38	3	9	36	12	24	2
47	10	29	6	9	12	3	46	16	11	14	42	9	7	42	27	15	16	13	38	24	40	20	12	24	2
47	10	29	6	9	12	3	46	16	11	14	42	9	7	42	27	15	19	5	16	8	20	45	12	24	2
47	10	29	6	9	12	3	46	16	11	14	42	9	7	42	27	15	20	35	16	10	11	26	12	24	2
47	10	29	6	9	12	3	46	16	11	14	42	9	7	42	27	15	22	31	27	7	22	3	12	24	2
47	10	29	6	9	12	3	46	16	11	14	42	9	7	42	27	15	28	18	42	13	38	24	12	24	2
47	10	29	6	9	12	3	46	16	11	14	42	9	7	42	27	15	29	12	28	38	24	13	12	24	2
47	10	29	6	9	12	3	46	16	11	14	42	9	7	42	27	15	34	23	44	41	5	37	12	24	2
47	10	29	6	9	12	3	46	16	11	14	42	9	7	42	27	15	35	37	12	4	18	41	12	24	2
47	10	29	6	9	12	3	46	16	11	14	42	9	7	42	27	15	36	1	17	1	1	7	12	24	2
47	10	29	6	9	12	3	46	16	11	14	42	9	7	42	27	15	37	25	44	45	40	25	12	24	2
47	10	29	6	9	12	3	46	16	11	14	42	9	7	42	27	15	39	9	2	37	29	11	12	24	2
47	10	29	6	9	12	3	46	16	11	14	42	9	7	42	27	15	41	7	33	35	34	38	12	24	2
47	10	29	6	9	12	3	46	16	11	14	42	9	7	42	27	15	46	19	31	6	34	9	12	24	2
47	10	29	6	9	12	3	46	16	11	14	42	9	7	42	27	15	46	45	5	43	13	38	12	24	2
47	10	29	6	38	35	1	36	1	31	33	2	1	41	14	28	42	2	19	24	7	28	16	12	24	2
47	10	29	6	38	35	1	36	1	31	33	2	1	41	14	28	42	3	38	7	3	19	34	12	24	2
47	10	29	6	38	35	1	36	1	31	33	2	1	41	14	28	42	8	19	46	37	9	43	12	24	2
47	10	29	6	38	35	1	36	1	31	33	2	1	41	14	28	42	10	31	29	9	22	37	12	24	2
47	10	29	6	38	35	1	36	1	31	33	2	1	41	14	28	42	11	14	14	34	24	43	12	24	2
47	10	29	6	38	35	1	36	1	31	33	2	1	41	14	28	42	21	26	26	8	32	19	12	24	2
47	10	29	6	38	35	1	36	1	31	33	2	1	41	14	28	42	24	16	27	10	29	11	12	24	2
47	10	29	6	38	35	1	36	1	31	33	2	1	41	14	28	42	26	46	36	20	19	14	12	24	2
47	10	29	6	38	35	1	36	1	31	33	2	1	41	14	28	42	28	12	42	5	13	39	12	24	2
47	10	29	6	38	35	1	36	1	31	33	2	1	41	14	28	42	29	25	26	29	15	23	12	24	2
47	10	29	6	38	35	1	36	1	31	33	2	1	41	14	28	42	36	37	35	33	4	34	12	24	2
47	10	29	6	38	35	1	36	1	31	33	2	1	41	14	28	42	38	5	24	30	19	7	12	24	2
47	10	29	6	38	35	1	36	1	31	33	2	1	41	14	28	42	42	36	2	40	22	3	12	24	2
47	10	29	6	38	35	1	36	1	31	33	2	1	41	14	28	42	43	3	30	14	29	0	12	24	2
47	10	29	6	38	35	1	36	1	31	33	2	1	41	14	28	42	43	15	27	42	18	0	12	24	2
47	10	29	6	38	35	1	36	1	31	33	2	1	41	14	28	42	46	15	5	20	45	33	12	24	2
47	10	29	6	38	35	2	36	31	1	33	2	1	41	14	28	42	2	19	24	7	28	16	12	24	2
47	10	29	6	38	35	2	36	31	1	33	2	1	41	14	28	42	3	38	7	3	19	34	12	24	2
47	10	29	6	38	35	2	36	31	1	33	2	1	41	14	28	42	8	19	46	37	9	43	12	24	2
47	10	29	6	38	35	2	36	31	1	33	2	1	41	14	28	42	10	31	29	9	22	37	12	24	2
47	10	29	6	38	35	2	36	31	1	33	2	1	41	14	28	42	11	14	14	34	24	43	12	24	2
47	10	29	6	38	35	2	36	31	1	33	2	1	41	14	28	42	21	26	26	8	32	19	12	24	2
47	10	29	6	38	35	2	36	31	1	33	2	1	41	14	28	42	24	16	27	10	29	11	12	24	2
47	10	29	6	38	35	2	36	31	1	33	2	1	41	14	28	42	26	46	36	20	19	14	12	24	2
47	10	29	6	38	35	2	36	31	1	33	2	1	41	14	28	42	28	12	42	5	13	39	12	24	2
47	10	29	6	38	35	2	36	31	1	33	2	1	41	14	28	42	29	25	26	29	15	23	12	24	2
47	10	29	6	38	35	2	36	31	1	33	2	1	41	14	28	42	36	37	35	33	4	34	12	24	2
47	10	29	6	38	35	2	36	31	1	33	2	1	41	14	28	42	38	5	24	30	19	7	12	24	2
47	10	29	6	38	35	2	36	31	1	33	2	1	41	14	28	42	42	36	2	40	22	3	12	24	2
47	10	29	6	38	35	2	36	31	1	33	2	1	41	14	28	42	43	3	30	14	29	0	12	24	2
47	10	29	6	38	35	2	36	31	1	33	2	1	41	14	28	42	43	15	27	42	18	0	12	24	2
47	10	29	6	38	35	2	36	31	1	33	2	1	41	14	28	42	46	15	5	20	45	33	12	24	2
47	10	29	6	38	35	3	1	31	36	33	2	1	41	14	28	42	2	19	24	7	28	16	12	24	2
47	10	29	6	38	35	3	1	31	36	33	2	1	41	14	28	42	3	38	7	3	19	34	12	24	2
47	10	29	6	38	35	3	1	31	36	33	2	1	41	14	28	42	8	19	46	37	9	43	12	24	2
47	10	29	6	38	35	3	1	31	36	33	2	1	41	14	28	42	10	31	29	9	22	37	12	24	2
47	10	29	6	38	35	3	1	31	36	33	2	1	41	14	28	42	11	14	14	34	24	43	12	24	2
47	10	29	6	38	35	3	1	31	36	33	2	1	41	14	28	42	21	26	26	8	32	19	12	24	2
47	10	29	6	38	35	3	1	31	36	33	2	1	41	14	28	42	24	16	27	10	29	11	12	24	2
47	10	29	6	38	35	3	1	31	36	33	2	1	41	14	28	42	26	46	36	20	19	14	12	24	2
47	10	29	6	38	35	3	1	31	36	33	2	1	41	14	28	42	28	12	42	5	13	39	12	24	2
47	10	29	6	38	35	3	1	31	36	33	2	1	41	14	28	42	29	25	26	29	15	23	12	24	2
47	10	29	6	38	35	3	1	31	36	33	2	1	41	14	28	42	36	37	35	33	4	34	12	24	2
47	10	29	6	38	35	3	1	31	36	33	2	1	41	14	28	42	38	5	24	30	19	7	12	24	2
47	10	29	6	38	35	3	1	31	36	33	2	1	41	14	28	42	42	36	2	40	22	3	12	24	2
47	10	29	6	38	35	3	1	31	36	33	2	1	41	14	28	42	43	3	30	14	29	0	12	24	2
47	10	29	6	38	35	3	1	31	36	33	2	1	41	14	28	42	43	15	27	42	18	0	12	24	2
47	10	29	6	38	35	3	1	31	36	33	2	1	41	14	28	42	46	15	5	20	45	33	12	24	2
47	11	16	43	25	4	1	35	21	30	27	43	19	43	34	42	26	3	44	10	32	7	46	12	24	2
47	11	16	43	25	4	1	35	21	30	27	43	19	43	34	42	26	5	42	28	25	20	14	12	24	2
47	11	16	43	25	4	1	35	21	30	27	43	19	43	34	42	26	6	36	19	43	4	4	12	24	2
47	11	16	43	25	4	1	35	21	30	27	43	19	43	34	42	26	10	43	3	4	31	2	12	24	2
47	11	16	43	25	4	1	35	21	30	27	43	19	43	34	42	26	11	17	11	39	4	16	12	24	2
47	11	16	43	25	4	1	35	21	30	27	43	19	43	34	42	26	12	26	0	29	2	3	12	24	2
47	11	16	43	25	4	1	35	21	30	27	43	19	43	34	42	26	17	30	7	1	16	19	12	24	2
47	11	16	43	25	4	1	35	21	30	27	43	19	43	34	42	26	18	14	37	41	1	35	12	24	2
47	11	16	43	25	4	1	35	21	30	27	43	19	43	34	42	26	19	22	25	7	32	35	12	24	2
47	11	16	43	25	4	1	35	21	30	27	43	19	43	34	42	26	21	38	41	45	2	26	12	24	2
47	11	16	43	25	4	1	35	21	30	27	43	19	43	34	42	26	23	15	13	1	11	28	12	24	2
47	11	16	43	25	4	1	35	21	30	27	43	19	43	34	42	26	25	4	37	12	46	41	12	24	2
47	11	16	43	25	4	1	35	21	30	27	43	19	43	34	42	26	28	39	2	27	36	6	12	24	2
47	11	16	43	25	4	1	35	21	30	27	43	19	43	34	42	26	33	46	32	35	9	35	12	24	2
47	11	16	43	25	4	1	35	21	30	27	43	19	43	34	42	26	40	33	35	13	43	10	12	24	2
47	11	16	43	25	4	1	35	21	30	27	43	19	43	34	42	26	43	7	30	23	43	17	12	24	2
47	11	16	43	25	4	2	35	30	21	27	43	19	43	34	42	26	3	44	10	32	7	46	12	24	2
47	11	16	43	25	4	2	35	30	21	27	43	19	43	34	42	26	5	42	28	25	20	14	12	24	2
47	11	16	43	25	4	2	35	30	21	27	43	19	43	34	42	26	6	36	19	43	4	4	12	24	2
47	11	16	43	25	4	2	35	30	21	27	43	19	43	34	42	26	10	43	3	4	31	2	12	24	2
47	11	16	43	25	4	2	35	30	21	27	43	19	43	34	42	26	11	17	11	39	4	16	12	24	2
47	11	16	43	25	4	2	35	30	21	27	43	19	43	34	42	26	12	26	0	29	2	3	12	24	2
47	11	16	43	25	4	2	35	30	21	27	43	19	43	34	42	26	17	30	7	1	16	19	12	24	2
47	11	16	43	25	4	2	35	30	21	27	43	19	43	34	42	26	18	14	37	41	1	35	12	24	2
47	11	16	43	25	4	2	35	30	21	27	43	19	43	34	42	26	19	22	25	7	32	35	12	24	2
47	11	16	43	25	4	2	35	30	21	27	43	19	43	34	42	26	21	38	41	45	2	26	12	24	2
47	11	16	43	25	4	2	35	30	21	27	43	19	43	34	42	26	23	15	13	1	11	28	12	24	2
47	11	16	43	25	4	2	35	30	21	27	43	19	43	34	42	26	25	4	37	12	46	41	12	24	2
47	11	16	43	25	4	2	35	30	21	27	43	19	43	34	42	26	28	39	2	27	36	6	12	24	2
47	11	16	43	25	4	2	35	30	21	27	43	19	43	34	42	26	33	46	32	35	9	35	12	24	2
47	11	16	43	25	4	2	35	30	21	27	43	19	43	34	42	26	40	33	35	13	43	10	12	24	2
47	11	16	43	25	4	2	35	30	21	27	43	19	43	34	42	26	43	7	30	23	43	17	12	24	2
47	11	16	43	25	4	3	21	30	35	27	43	19	43	34	42	26	3	44	10	32	7	46	12	24	2
47	11	16	43	25	4	3	21	30	35	27	43	19	43	34	42	26	5	42	28	25	20	14	12	24	2
47	11	16	43	25	4	3	21	30	35	27	43	19	43	34	42	26	6	36	19	43	4	4	12	24	2
47	11	16	43	25	4	3	21	30	35	27	43	19	43	34	42	26	10	43	3	4	31	2	12	24	2
47	11	16	43	25	4	3	21	30	35	27	43	19	43	34	42	26	11	17	11	39	4	16	12	24	2
47	11	16	43	25	4	3	21	30	35	27	43	19	43	34	42	26	12	26	0	29	2	3	12	24	2
47	11	16	43	25	4	3	21	30	35	27	43	19	43	34	42	26	17	30	7	1	16	19	12	24	2
47	11	16	43	25	4	3	21	30	35	27	43	19	43	34	42	26	18	14	37	41	1	35	12	24	2
47	11	16	43	25	4	3	21	30	35	27	43	19	43	34	42	26	19	22	25	7	32	35	12	24	2
47	11	16	43	25	4	3	21	30	35	27	43	19	43	34	42	26	21	38	41	45	2	26	12	24	2
47	11	16	43	25	4	3	21	30	35	27	43	19	43	34	42	26	23	15	13	1	11	28	12	24	2
47	11	16	43	25	4	3	21	30	35	27	43	19	43	34	42	26	25	4	37	12	46	41	12	24	2
47	11	16	43	25	4	3	21	30	35	27	43	19	43	34	42	26	28	39	2	27	36	6	12	24	2
47	11	16	43	25	4	3	21	30	35	27	43	19	43	34	42	26	33	46	32	35	9	35	12	24	2
47	11	16	43	25	4	3	21	30	35	27	43	19	43	34	42	26	40	33	35	13	43	10	12	24	2
47	11	16	43	25	4	3	21	30	35	27	43	19	43	34	42	26	43	7	30	23	43	17	12	24	2
47	11	16	43	22	43	1	12	26	17	20	21	3	5	18	23	36	4	23	42	2	0	5	12	24	2
47	11	16	43	22	43	1	12	26	17	20	21	3	5	18	23	36	5	44	0	23	17	7	12	24	2
47	11	16	43	22	43	1	12	26	17	20	21	3	5	18	23	36	6	7	3	39	31	15	12	24	2
47	11	16	43	22	43	1	12	26	17	20	21	3	5	18	23	36	13	36	15	29	34	21	12	24	2
47	11	16	43	22	43	1	12	26	17	20	21	3	5	18	23	36	27	2	39	24	31	34	12	24	2
47	11	16	43	22	43	1	12	26	17	20	21	3	5	18	23	36	32	16	43	44	30	33	12	24	2
47	11	16	43	22	43	1	12	26	17	20	21	3	5	18	23	36	33	37	17	12	24	19	12	24	2
47	11	16	43	22	43	1	12	26	17	20	21	3	5	18	23	36	35	41	42	7	17	36	12	24	2
47	11	16	43	22	43	1	12	26	17	20	21	3	5	18	23	36	38	20	20	27	29	29	12	24	2
47	11	16	43	22	43	1	12	26	17	20	21	3	5	18	23	36	46	9	40	4	14	25	12	24	2
47	11	16	43	22	43	2	12	17	26	20	21	3	5	18	23	36	4	23	42	2	0	5	12	24	2
47	11	16	43	22	43	2	12	17	26	20	21	3	5	18	23	36	5	44	0	23	17	7	12	24	2
47	11	16	43	22	43	2	12	17	26	20	21	3	5	18	23	36	6	7	3	39	31	15	12	24	2
47	11	16	43	22	43	2	12	17	26	20	21	3	5	18	23	36	13	36	15	29	34	21	12	24	2
47	11	16	43	22	43	2	12	17	26	20	21	3	5	18	23	36	27	2	39	24	31	34	12	24	2
47	11	16	43	22	43	2	12	17	26	20	21	3	5	18	23	36	32	16	43	44	30	33	12	24	2
47	11	16	43	22	43	2	12	17	26	20	21	3	5	18	23	36	33	37	17	12	24	19	12	24	2
47	11	16	43	22	43	2	12	17	26	20	21	3	5	18	23	36	35	41	42	7	17	36	12	24	2
47	11	16	43	22	43	2	12	17	26	20	21	3	5	18	23	36	38	20	20	27	29	29	12	24	2
47	11	16	43	22	43	2	12	17	26	20	21	3	5	18	23	36	46	9	40	4	14	25	12	24	2
47	11	16	43	22	43	3	26	17	12	20	21	3	5	18	23	36	4	23	42	2	0	5	12	24	2
47	11	16	43	22	43	3	26	17	12	20	21	3	5	18	23	36	5	44	0	23	17	7	12	24	2
47	11	16	43	22	43	3	26	17	12	20	21	3	5	18	23	36	6	7	3	39	31	15	12	24	2
47	11	16	43	22	43	3	26	17	12	20	21	3	5	18	23	36	13	36	15	29	34	21	12	24	2
47	11	16	43	22	43	3	26	17	12	20	21	3	5	18	23	36	27	2	39	24	31	34	12	24	2
47	11	16	43	22	43	3	26	17	12	20	21	3	5	18	23	36	32	16	43	44	30	33	12	24	2
47	11	16	43	22	43	3	26	17	12	20	21	3	5	18	23	36	33	37	17	12	24	19	12	24	2
47	11	16	43	22	43	3	26	17	12	20	21	3	5	18	23	36	35	41	42	7	17	36	12	24	2
47	11	16	43	22	43	3	26	17	12	20	21	3	5	18	23	36	38	20	20	27	29	29	12	24	2
47	11	16	43	22	43	3	26	17	12	20	21	3	5	18	23	36	46	9	40	4	14	25	12	24	2
47	11	23	34	8	12	1	33	22	8	28	43	40	11	42	31	7	1	26	31	1	16	35	12	24	2
47	11	23	34	8	12	1	33	22	8	28	43	40	11	42	31	7	6	43	12	35	39	46	12	24	2
47	11	23	34	8	12	1	33	22	8	28	43	40	11	42	31	7	27	41	33	30	27	11	12	24	2
47	11	23	34	8	12	1	33	22	8	28	43	40	11	42	31	7	29	5	33	34	37	22	12	24	2
47	11	23	34	8	12	1	33	22	8	28	43	40	11	42	31	7	32	10	37	16	9	4	12	24	2
47	11	23	34	8	12	1	33	22	8	28	43	40	11	42	31	7	33	35	0	15	9	28	12	24	2
47	11	23	34	8	12	1	33	22	8	28	43	40	11	42	31	7	39	3	40	34	0	8	12	24	2
47	11	23	34	8	12	1	33	22	8	28	43	40	11	42	31	7	40	21	14	6	14	21	12	24	2
47	11	23	34	8	12	1	33	22	8	28	43	40	11	42	31	7	43	22	22	6	7	29	12	24	2
47	11	23	34	8	12	1	33	22	8	28	43	40	11	42	31	7	46	30	22	26	40	34	12	24	2
47	11	23	34	8	12	2	33	8	22	28	43	40	11	42	31	7	1	26	31	1	16	35	12	24	2
47	11	23	34	8	12	2	33	8	22	28	43	40	11	42	31	7	6	43	12	35	39	46	12	24	2
47	11	23	34	8	12	2	33	8	22	28	43	40	11	42	31	7	27	41	33	30	27	11	12	24	2
47	11	23	34	8	12	2	33	8	22	28	43	40	11	42	31	7	29	5	33	34	37	22	12	24	2
47	11	23	34	8	12	2	33	8	22	28	43	40	11	42	31	7	32	10	37	16	9	4	12	24	2
47	11	23	34	8	12	2	33	8	22	28	43	40	11	42	31	7	33	35	0	15	9	28	12	24	2
47	11	23	34	8	12	2	33	8	22	28	43	40	11	42	31	7	39	3	40	34	0	8	12	24	2
47	11	23	34	8	12	2	33	8	22	28	43	40	11	42	31	7	40	21	14	6	14	21	12	24	2
47	11	23	34	8	12	2	33	8	22	28	43	40	11	42	31	7	43	22	22	6	7	29	12	24	2
47	11	23	34	8	12	2	33	8	22	28	43	40	11	42	31	7	46	30	22	26	40	34	12	24	2
47	11	23	34	8	12	3	22	8	33	28	43	40	11	42	31	7	1	26	31	1	16	35	12	24	2
47	11	23	34	8	12	3	22	8	33	28	43	40	11	42	31	7	6	43	12	35	39	46	12	24	2
47	11	23	34	8	12	3	22	8	33	28	43	40	11	42	31	7	27	41	33	30	27	11	12	24	2
47	11	23	34	8	12	3	22	8	33	28	43	40	11	42	31	7	29	5	33	34	37	22	12	24	2
47	11	23	34	8	12	3	22	8	33	28	43	40	11	42	31	7	32	10	37	16	9	4	12	24	2
47	11	23	34	8	12	3	22	8	33	28	43	40	11	42	31	7	33	35	0	15	9	28	12	24	2
47	11	23	34	8	12	3	22	8	33	28	43	40	11	42	31	7	39	3	40	34	0	8	12	24	2
47	11	23	34	8	12	3	22	8	33	28	43	40	11	42	31	7	40	21	14	6	14	21	12	24	2
47	11	23	34	8	12	3	22	8	33	28	43	40	11	42	31	7	43	22	22	6	7	29	12	24	2
47	11	23	34	8	12	3	22	8	33	28	43	40	11	42	31	7	46	30	22	26	40	34	12	24	2
47	11	23	34	39	35	1	14	25	39	19	2	21	43	25	42	35	8	44	9	1	13	27	12	24	2
47	11	23	34	39	35	1	14	25	39	19	2	21	43	25	42	35	16	36	31	44	1	26	12	24	2
47	11	23	34	39	35	1	14	25	39	19	2	21	43	25	42	35	17	40	38	26	44	6	12	24	2
47	11	23	34	39	35	1	14	25	39	19	2	21	43	25	42	35	19	39	16	23	25	30	12	24	2
47	11	23	34	39	35	1	14	25	39	19	2	21	43	25	42	35	20	41	39	20	41	44	12	24	2
47	11	23	34	39	35	1	14	25	39	19	2	21	43	25	42	35	22	4	16	29	42	5	12	24	2
47	11	23	34	39	35	1	14	25	39	19	2	21	43	25	42	35	23	38	14	29	14	2	12	24	2
47	11	23	34	39	35	1	14	25	39	19	2	21	43	25	42	35	27	17	22	14	28	8	12	24	2
47	11	23	34	39	35	1	14	25	39	19	2	21	43	25	42	35	29	21	22	1	46	23	12	24	2
47	11	23	34	39	35	1	14	25	39	19	2	21	43	25	42	35	34	11	34	12	45	16	12	24	2
47	11	23	34	39	35	1	14	25	39	19	2	21	43	25	42	35	37	40	37	16	32	8	12	24	2
47	11	23	34	39	35	1	14	25	39	19	2	21	43	25	42	35	38	2	41	28	35	31	12	24	2
47	11	23	34	39	35	1	14	25	39	19	2	21	43	25	42	35	38	19	13	20	12	16	12	24	2
47	11	23	34	39	35	1	14	25	39	19	2	21	43	25	42	35	44	37	30	17	23	40	12	24	2
47	11	23	34	39	35	1	14	25	39	19	2	21	43	25	42	35	44	46	27	15	24	7	12	24	2
47	11	23	34	39	35	1	14	25	39	19	2	21	43	25	42	35	46	30	38	16	3	38	12	24	2
47	11	23	34	39	35	2	14	39	25	19	2	21	43	25	42	35	8	44	9	1	13	27	12	24	2
47	11	23	34	39	35	2	14	39	25	19	2	21	43	25	42	35	16	36	31	44	1	26	12	24	2
47	11	23	34	39	35	2	14	39	25	19	2	21	43	25	42	35	17	40	38	26	44	6	12	24	2
47	11	23	34	39	35	2	14	39	25	19	2	21	43	25	42	35	19	39	16	23	25	30	12	24	2
47	11	23	34	39	35	2	14	39	25	19	2	21	43	25	42	35	20	41	39	20	41	44	12	24	2
47	11	23	34	39	35	2	14	39	25	19	2	21	43	25	42	35	22	4	16	29	42	5	12	24	2
47	11	23	34	39	35	2	14	39	25	19	2	21	43	25	42	35	23	38	14	29	14	2	12	24	2
47	11	23	34	39	35	2	14	39	25	19	2	21	43	25	42	35	27	17	22	14	28	8	12	24	2
47	11	23	34	39	35	2	14	39	25	19	2	21	43	25	42	35	29	21	22	1	46	23	12	24	2
47	11	23	34	39	35	2	14	39	25	19	2	21	43	25	42	35	34	11	34	12	45	16	12	24	2
47	11	23	34	39	35	2	14	39	25	19	2	21	43	25	42	35	37	40	37	16	32	8	12	24	2
47	11	23	34	39	35	2	14	39	25	19	2	21	43	25	42	35	38	2	41	28	35	31	12	24	2
47	11	23	34	39	35	2	14	39	25	19	2	21	43	25	42	35	38	19	13	20	12	16	12	24	2
47	11	23	34	39	35	2	14	39	25	19	2	21	43	25	42	35	44	37	30	17	23	40	12	24	2
47	11	23	34	39	35	2	14	39	25	19	2	21	43	25	42	35	44	46	27	15	24	7	12	24	2
47	11	23	34	39	35	2	14	39	25	19	2	21	43	25	42	35	46	30	38	16	3	38	12	24	2
47	11	23	34	39	35	3	25	39	14	19	2	21	43	25	42	35	8	44	9	1	13	27	12	24	2
47	11	23	34	39	35	3	25	39	14	19	2	21	43	25	42	35	16	36	31	44	1	26	12	24	2
47	11	23	34	39	35	3	25	39	14	19	2	21	43	25	42	35	17	40	38	26	44	6	12	24	2
47	11	23	34	39	35	3	25	39	14	19	2	21	43	25	42	35	19	39	16	23	25	30	12	24	2
47	11	23	34	39	35	3	25	39	14	19	2	21	43	25	42	35	20	41	39	20	41	44	12	24	2
47	11	23	34	39	35	3	25	39	14	19	2	21	43	25	42	35	22	4	16	29	42	5	12	24	2
47	11	23	34	39	35	3	25	39	14	19	2	21	43	25	42	35	23	38	14	29	14	2	12	24	2
47	11	23	34	39	35	3	25	39	14	19	2	21	43	25	42	35	27	17	22	14	28	8	12	24	2
47	11	23	34	39	35	3	25	39	14	19	2	21	43	25	42	35	29	21	22	1	46	23	12	24	2
47	11	23	34	39	35	3	25	39	14	19	2	21	43	25	42	35	34	11	34	12	45	16	12	24	2
47	11	23	34	39	35	3	25	39	14	19	2	21	43	25	42	35	37	40	37	16	32	8	12	24	2
47	11	23	34	39	35	3	25	39	14	19	2	21	43	25	42	35	38	2	41	28	35	31	12	24	2
47	11	23	34	39	35	3	25	39	14	19	2	21	43	25	42	35	38	19	13	20	12	16	12	24	2
47	11	23	34	39	35	3	25	39	14	19	2	21	43	25	42	35	44	37	30	17	23	40	12	24	2
47	11	23	34	39	35	3	25	39	14	19	2	21	43	25	42	35	44	46	27	15	24	7	12	24	2
47	11	23	34	39	35	3	25	39	14	19	2	21	43	25	42	35	46	30	38	16	3	38	12	24	2
47	11	34	23	8	12	1	33	8	22	28	43	40	11	42	31	7	1	26	31	1	16	35	12	24	2
47	11	34	23	8	12	1	33	8	22	28	43	40	11	42	31	7	6	43	12	35	39	46	12	24	2
47	11	34	23	8	12	1	33	8	22	28	43	40	11	42	31	7	27	41	33	30	27	11	12	24	2
47	11	34	23	8	12	1	33	8	22	28	43	40	11	42	31	7	29	5	33	34	37	22	12	24	2
47	11	34	23	8	12	1	33	8	22	28	43	40	11	42	31	7	32	10	37	16	9	4	12	24	2
47	11	34	23	8	12	1	33	8	22	28	43	40	11	42	31	7	33	35	0	15	9	28	12	24	2
47	11	34	23	8	12	1	33	8	22	28	43	40	11	42	31	7	39	3	40	34	0	8	12	24	2
47	11	34	23	8	12	1	33	8	22	28	43	40	11	42	31	7	40	21	14	6	14	21	12	24	2
47	11	34	23	8	12	1	33	8	22	28	43	40	11	42	31	7	43	22	22	6	7	29	12	24	2
47	11	34	23	8	12	1	33	8	22	28	43	40	11	42	31	7	46	30	22	26	40	34	12	24	2
47	11	34	23	8	12	2	33	22	8	28	43	40	11	42	31	7	1	26	31	1	16	35	12	24	2
47	11	34	23	8	12	2	33	22	8	28	43	40	11	42	31	7	6	43	12	35	39	46	12	24	2
47	11	34	23	8	12	2	33	22	8	28	43	40	11	42	31	7	27	41	33	30	27	11	12	24	2
47	11	34	23	8	12	2	33	22	8	28	43	40	11	42	31	7	29	5	33	34	37	22	12	24	2
47	11	34	23	8	12	2	33	22	8	28	43	40	11	42	31	7	32	10	37	16	9	4	12	24	2
47	11	34	23	8	12	2	33	22	8	28	43	40	11	42	31	7	33	35	0	15	9	28	12	24	2
47	11	34	23	8	12	2	33	22	8	28	43	40	11	42	31	7	39	3	40	34	0	8	12	24	2
47	11	34	23	8	12	2	33	22	8	28	43	40	11	42	31	7	40	21	14	6	14	21	12	24	2
47	11	34	23	8	12	2	33	22	8	28	43	40	11	42	31	7	43	22	22	6	7	29	12	24	2
47	11	34	23	8	12	2	33	22	8	28	43	40	11	42	31	7	46	30	22	26	40	34	12	24	2
47	11	34	23	8	12	3	8	22	33	28	43	40	11	42	31	7	1	26	31	1	16	35	12	24	2
47	11	34	23	8	12	3	8	22	33	28	43	40	11	42	31	7	6	43	12	35	39	46	12	24	2
47	11	34	23	8	12	3	8	22	33	28	43	40	11	42	31	7	27	41	33	30	27	11	12	24	2
47	11	34	23	8	12	3	8	22	33	28	43	40	11	42	31	7	29	5	33	34	37	22	12	24	2
47	11	34	23	8	12	3	8	22	33	28	43	40	11	42	31	7	32	10	37	16	9	4	12	24	2
47	11	34	23	8	12	3	8	22	33	28	43	40	11	42	31	7	33	35	0	15	9	28	12	24	2
47	11	34	23	8	12	3	8	22	33	28	43	40	11	42	31	7	39	3	40	34	0	8	12	24	2
47	11	34	23	8	12	3	8	22	33	28	43	40	11	42	31	7	40	21	14	6	14	21	12	24	2
47	11	34	23	8	12	3	8	22	33	28	43	40	11	42	31	7	43	22	22	6	7	29	12	24	2
47	11	34	23	8	12	3	8	22	33	28	43	40	11	42	31	7	46	30	22	26	40	34	12	24	2
47	11	34	23	39	35	1	14	39	25	19	2	21	43	25	42	35	8	44	9	1	13	27	12	24	2
47	11	34	23	39	35	1	14	39	25	19	2	21	43	25	42	35	16	36	31	44	1	26	12	24	2
47	11	34	23	39	35	1	14	39	25	19	2	21	43	25	42	35	17	40	38	26	44	6	12	24	2
47	11	34	23	39	35	1	14	39	25	19	2	21	43	25	42	35	19	39	16	23	25	30	12	24	2
47	11	34	23	39	35	1	14	39	25	19	2	21	43	25	42	35	20	41	39	20	41	44	12	24	2
47	11	34	23	39	35	1	14	39	25	19	2	21	43	25	42	35	22	4	16	29	42	5	12	24	2
47	11	34	23	39	35	1	14	39	25	19	2	21	43	25	42	35	23	38	14	29	14	2	12	24	2
47	11	34	23	39	35	1	14	39	25	19	2	21	43	25	42	35	27	17	22	14	28	8	12	24	2
47	11	34	23	39	35	1	14	39	25	19	2	21	43	25	42	35	29	21	22	1	46	23	12	24	2
47	11	34	23	39	35	1	14	39	25	19	2	21	43	25	42	35	34	11	34	12	45	16	12	24	2
47	11	34	23	39	35	1	14	39	25	19	2	21	43	25	42	35	37	40	37	16	32	8	12	24	2
47	11	34	23	39	35	1	14	39	25	19	2	21	43	25	42	35	38	2	41	28	35	31	12	24	2
47	11	34	23	39	35	1	14	39	25	19	2	21	43	25	42	35	38	19	13	20	12	16	12	24	2
47	11	34	23	39	35	1	14	39	25	19	2	21	43	25	42	35	44	37	30	17	23	40	12	24	2
47	11	34	23	39	35	1	14	39	25	19	2	21	43	25	42	35	44	46	27	15	24	7	12	24	2
47	11	34	23	39	35	1	14	39	25	19	2	21	43	25	42	35	46	30	38	16	3	38	12	24	2
47	11	34	23	39	35	2	14	25	39	19	2	21	43	25	42	35	8	44	9	1	13	27	12	24	2
47	11	34	23	39	35	2	14	25	39	19	2	21	43	25	42	35	16	36	31	44	1	26	12	24	2
47	11	34	23	39	35	2	14	25	39	19	2	21	43	25	42	35	17	40	38	26	44	6	12	24	2
47	11	34	23	39	35	2	14	25	39	19	2	21	43	25	42	35	19	39	16	23	25	30	12	24	2
47	11	34	23	39	35	2	14	25	39	19	2	21	43	25	42	35	20	41	39	20	41	44	12	24	2
47	11	34	23	39	35	2	14	25	39	19	2	21	43	25	42	35	22	4	16	29	42	5	12	24	2
47	11	34	23	39	35	2	14	25	39	19	2	21	43	25	42	35	23	38	14	29	14	2	12	24	2
47	11	34	23	39	35	2	14	25	39	19	2	21	43	25	42	35	27	17	22	14	28	8	12	24	2
47	11	34	23	39	35	2	14	25	39	19	2	21	43	25	42	35	29	21	22	1	46	23	12	24	2
47	11	34	23	39	35	2	14	25	39	19	2	21	43	25	42	35	34	11	34	12	45	16	12	24	2
47	11	34	23	39	35	2	14	25	39	19	2	21	43	25	42	35	37	40	37	16	32	8	12	24	2
47	11	34	23	39	35	2	14	25	39	19	2	21	43	25	42	35	38	2	41	28	35	31	12	24	2
47	11	34	23	39	35	2	14	25	39	19	2	21	43	25	42	35	38	19	13	20	12	16	12	24	2
47	11	34	23	39	35	2	14	25	39	19	2	21	43	25	42	35	44	37	30	17	23	40	12	24	2
47	11	34	23	39	35	2	14	25	39	19	2	21	43	25	42	35	44	46	27	15	24	7	12	24	2
47	11	34	23	39	35	2	14	25	39	19	2	21	43	25	42	35	46	30	38	16	3	38	12	24	2
47	11	34	23	39	35	3	39	25	14	19	2	21	43	25	42	35	8	44	9	1	13	27	12	24	2
47	11	34	23	39	35	3	39	25	14	19	2	21	43	25	42	35	16	36	31	44	1	26	12	24	2
47	11	34	23	39	35	3	39	25	14	19	2	21	43	25	42	35	17	40	38	26	44	6	12	24	2
47	11	34	23	39	35	3	39	25	14	19	2	21	43	25	42	35	19	39	16	23	25	30	12	24	2
47	11	34	23	39	35	3	39	25	14	19	2	21	43	25	42	35	20	41	39	20	41	44	12	24	2
47	11	34	23	39	35	3	39	25	14	19	2	21	43	25	42	35	22	4	16	29	42	5	12	24	2
47	11	34	23	39	35	3	39	25	14	19	2	21	43	25	42	35	23	38	14	29	14	2	12	24	2
47	11	34	23	39	35	3	39	25	14	19	2	21	43	25	42	35	27	17	22	14	28	8	12	24	2
47	11	34	23	39	35	3	39	25	14	19	2	21	43	25	42	35	29	21	22	1	46	23	12	24	2
47	11	34	23	39	35	3	39	25	14	19	2	21	43	25	42	35	34	11	34	12	45	16	12	24	2
47	11	34	23	39	35	3	39	25	14	19	2	21	43	25	42	35	37	40	37	16	32	8	12	24	2
47	11	34	23	39	35	3	39	25	14	19	2	21	43	25	42	35	38	2	41	28	35	31	12	24	2
47	11	34	23	39	35	3	39	25	14	19	2	21	43	25	42	35	38	19	13	20	12	16	12	24	2
47	11	34	23	39	35	3	39	25	14	19	2	21	43	25	42	35	44	37	30	17	23	40	12	24	2
47	11	34	23	39	35	3	39	25	14	19	2	21	43	25	42	35	44	46	27	15	24	7	12	24	2
47	11	34	23	39	35	3	39	25	14	19	2	21	43	25	42	35	46	30	38	16	3	38	12	24	2
47	11	43	16	25	4	1	35	30	21	27	43	19	43	34	42	26	3	44	10	32	7	46	12	24	2
47	11	43	16	25	4	1	35	30	21	27	43	19	43	34	42	26	5	42	28	25	20	14	12	24	2
47	11	43	16	25	4	1	35	30	21	27	43	19	43	34	42	26	6	36	19	43	4	4	12	24	2
47	11	43	16	25	4	1	35	30	21	27	43	19	43	34	42	26	10	43	3	4	31	2	12	24	2
47	11	43	16	25	4	1	35	30	21	27	43	19	43	34	42	26	11	17	11	39	4	16	12	24	2
47	11	43	16	25	4	1	35	30	21	27	43	19	43	34	42	26	12	26	0	29	2	3	12	24	2
47	11	43	16	25	4	1	35	30	21	27	43	19	43	34	42	26	17	30	7	1	16	19	12	24	2
47	11	43	16	25	4	1	35	30	21	27	43	19	43	34	42	26	18	14	37	41	1	35	12	24	2
47	11	43	16	25	4	1	35	30	21	27	43	19	43	34	42	26	19	22	25	7	32	35	12	24	2
47	11	43	16	25	4	1	35	30	21	27	43	19	43	34	42	26	21	38	41	45	2	26	12	24	2
47	11	43	16	25	4	1	35	30	21	27	43	19	43	34	42	26	23	15	13	1	11	28	12	24	2
47	11	43	16	25	4	1	35	30	21	27	43	19	43	34	42	26	25	4	37	12	46	41	12	24	2
47	11	43	16	25	4	1	35	30	21	27	43	19	43	34	42	26	28	39	2	27	36	6	12	24	2
47	11	43	16	25	4	1	35	30	21	27	43	19	43	34	42	26	33	46	32	35	9	35	12	24	2
47	11	43	16	25	4	1	35	30	21	27	43	19	43	34	42	26	40	33	35	13	43	10	12	24	2
47	11	43	16	25	4	1	35	30	21	27	43	19	43	34	42	26	43	7	30	23	43	17	12	24	2
47	11	43	16	25	4	2	35	21	30	27	43	19	43	34	42	26	3	44	10	32	7	46	12	24	2
47	11	43	16	25	4	2	35	21	30	27	43	19	43	34	42	26	5	42	28	25	20	14	12	24	2
47	11	43	16	25	4	2	35	21	30	27	43	19	43	34	42	26	6	36	19	43	4	4	12	24	2
47	11	43	16	25	4	2	35	21	30	27	43	19	43	34	42	26	10	43	3	4	31	2	12	24	2
47	11	43	16	25	4	2	35	21	30	27	43	19	43	34	42	26	11	17	11	39	4	16	12	24	2
47	11	43	16	25	4	2	35	21	30	27	43	19	43	34	42	26	12	26	0	29	2	3	12	24	2
47	11	43	16	25	4	2	35	21	30	27	43	19	43	34	42	26	17	30	7	1	16	19	12	24	2
47	11	43	16	25	4	2	35	21	30	27	43	19	43	34	42	26	18	14	37	41	1	35	12	24	2
47	11	43	16	25	4	2	35	21	30	27	43	19	43	34	42	26	19	22	25	7	32	35	12	24	2
47	11	43	16	25	4	2	35	21	30	27	43	19	43	34	42	26	21	38	41	45	2	26	12	24	2
47	11	43	16	25	4	2	35	21	30	27	43	19	43	34	42	26	23	15	13	1	11	28	12	24	2
47	11	43	16	25	4	2	35	21	30	27	43	19	43	34	42	26	25	4	37	12	46	41	12	24	2
47	11	43	16	25	4	2	35	21	30	27	43	19	43	34	42	26	28	39	2	27	36	6	12	24	2
47	11	43	16	25	4	2	35	21	30	27	43	19	43	34	42	26	33	46	32	35	9	35	12	24	2
47	11	43	16	25	4	2	35	21	30	27	43	19	43	34	42	26	40	33	35	13	43	10	12	24	2
47	11	43	16	25	4	2	35	21	30	27	43	19	43	34	42	26	43	7	30	23	43	17	12	24	2
47	11	43	16	25	4	3	30	21	35	27	43	19	43	34	42	26	3	44	10	32	7	46	12	24	2
47	11	43	16	25	4	3	30	21	35	27	43	19	43	34	42	26	5	42	28	25	20	14	12	24	2
47	11	43	16	25	4	3	30	21	35	27	43	19	43	34	42	26	6	36	19	43	4	4	12	24	2
47	11	43	16	25	4	3	30	21	35	27	43	19	43	34	42	26	10	43	3	4	31	2	12	24	2
47	11	43	16	25	4	3	30	21	35	27	43	19	43	34	42	26	11	17	11	39	4	16	12	24	2
47	11	43	16	25	4	3	30	21	35	27	43	19	43	34	42	26	12	26	0	29	2	3	12	24	2
47	11	43	16	25	4	3	30	21	35	27	43	19	43	34	42	26	17	30	7	1	16	19	12	24	2
47	11	43	16	25	4	3	30	21	35	27	43	19	43	34	42	26	18	14	37	41	1	35	12	24	2
47	11	43	16	25	4	3	30	21	35	27	43	19	43	34	42	26	19	22	25	7	32	35	12	24	2
47	11	43	16	25	4	3	30	21	35	27	43	19	43	34	42	26	21	38	41	45	2	26	12	24	2
47	11	43	16	25	4	3	30	21	35	27	43	19	43	34	42	26	23	15	13	1	11	28	12	24	2
47	11	43	16	25	4	3	30	21	35	27	43	19	43	34	42	26	25	4	37	12	46	41	12	24	2
47	11	43	16	25	4	3	30	21	35	27	43	19	43	34	42	26	28	39	2	27	36	6	12	24	2
47	11	43	16	25	4	3	30	21	35	27	43	19	43	34	42	26	33	46	32	35	9	35	12	24	2
47	11	43	16	25	4	3	30	21	35	27	43	19	43	34	42	26	40	33	35	13	43	10	12	24	2
47	11	43	16	25	4	3	30	21	35	27	43	19	43	34	42	26	43	7	30	23	43	17	12	24	2
47	11	43	16	22	43	1	12	17	26	20	21	3	5	18	23	36	4	23	42	2	0	5	12	24	2
47	11	43	16	22	43	1	12	17	26	20	21	3	5	18	23	36	5	44	0	23	17	7	12	24	2
47	11	43	16	22	43	1	12	17	26	20	21	3	5	18	23	36	6	7	3	39	31	15	12	24	2
47	11	43	16	22	43	1	12	17	26	20	21	3	5	18	23	36	13	36	15	29	34	21	12	24	2
47	11	43	16	22	43	1	12	17	26	20	21	3	5	18	23	36	27	2	39	24	31	34	12	24	2
47	11	43	16	22	43	1	12	17	26	20	21	3	5	18	23	36	32	16	43	44	30	33	12	24	2
47	11	43	16	22	43	1	12	17	26	20	21	3	5	18	23	36	33	37	17	12	24	19	12	24	2
47	11	43	16	22	43	1	12	17	26	20	21	3	5	18	23	36	35	41	42	7	17	36	12	24	2
47	11	43	16	22	43	1	12	17	26	20	21	3	5	18	23	36	38	20	20	27	29	29	12	24	2
47	11	43	16	22	43	1	12	17	26	20	21	3	5	18	23	36	46	9	40	4	14	25	12	24	2
47	11	43	16	22	43	2	12	26	17	20	21	3	5	18	23	36	4	23	42	2	0	5	12	24	2
47	11	43	16	22	43	2	12	26	17	20	21	3	5	18	23	36	5	44	0	23	17	7	12	24	2
47	11	43	16	22	43	2	12	26	17	20	21	3	5	18	23	36	6	7	3	39	31	15	12	24	2
47	11	43	16	22	43	2	12	26	17	20	21	3	5	18	23	36	13	36	15	29	34	21	12	24	2
47	11	43	16	22	43	2	12	26	17	20	21	3	5	18	23	36	27	2	39	24	31	34	12	24	2
47	11	43	16	22	43	2	12	26	17	20	21	3	5	18	23	36	32	16	43	44	30	33	12	24	2
47	11	43	16	22	43	2	12	26	17	20	21	3	5	18	23	36	33	37	17	12	24	19	12	24	2
47	11	43	16	22	43	2	12	26	17	20	21	3	5	18	23	36	35	41	42	7	17	36	12	24	2
47	11	43	16	22	43	2	12	26	17	20	21	3	5	18	23	36	38	20	20	27	29	29	12	24	2
47	11	43	16	22	43	2	12	26	17	20	21	3	5	18	23	36	46	9	40	4	14	25	12	24	2
47	11	43	16	22	43	3	17	26	12	20	21	3	5	18	23	36	4	23	42	2	0	5	12	24	2
47	11	43	16	22	43	3	17	26	12	20	21	3	5	18	23	36	5	44	0	23	17	7	12	24	2
47	11	43	16	22	43	3	17	26	12	20	21	3	5	18	23	36	6	7	3	39	31	15	12	24	2
47	11	43	16	22	43	3	17	26	12	20	21	3	5	18	23	36	13	36	15	29	34	21	12	24	2
47	11	43	16	22	43	3	17	26	12	20	21	3	5	18	23	36	27	2	39	24	31	34	12	24	2
47	11	43	16	22	43	3	17	26	12	20	21	3	5	18	23	36	32	16	43	44	30	33	12	24	2
47	11	43	16	22	43	3	17	26	12	20	21	3	5	18	23	36	33	37	17	12	24	19	12	24	2
47	11	43	16	22	43	3	17	26	12	20	21	3	5	18	23	36	35	41	42	7	17	36	12	24	2
47	11	43	16	22	43	3	17	26	12	20	21	3	5	18	23	36	38	20	20	27	29	29	12	24	2
47	11	43	16	22	43	3	17	26	12	20	21	3	5	18	23	36	46	9	40	4	14	25	12	24	2
47	13	8	33	12	9	1	26	16	19	25	21	32	46	3	46	18	1	25	24	4	27	1	12	24	2
47	13	8	33	12	9	1	26	16	19	25	21	32	46	3	46	18	2	35	11	36	35	38	12	24	2
47	13	8	33	12	9	1	26	16	19	25	21	32	46	3	46	18	6	37	5	39	24	4	12	24	2
47	13	8	33	12	9	1	26	16	19	25	21	32	46	3	46	18	10	19	35	17	22	3	12	24	2
47	13	8	33	12	9	1	26	16	19	25	21	32	46	3	46	18	19	11	42	14	21	39	12	24	2
47	13	8	33	12	9	1	26	16	19	25	21	32	46	3	46	18	21	33	21	29	31	38	12	24	2
47	13	8	33	12	9	1	26	16	19	25	21	32	46	3	46	18	23	43	29	46	36	30	12	24	2
47	13	8	33	12	9	1	26	16	19	25	21	32	46	3	46	18	25	16	23	35	28	33	12	24	2
47	13	8	33	12	9	1	26	16	19	25	21	32	46	3	46	18	26	36	11	23	12	12	12	24	2
47	13	8	33	12	9	1	26	16	19	25	21	32	46	3	46	18	28	34	5	3	23	42	12	24	2
47	13	8	33	12	9	1	26	16	19	25	21	32	46	3	46	18	30	10	2	44	0	4	12	24	2
47	13	8	33	12	9	1	26	16	19	25	21	32	46	3	46	18	37	4	28	35	21	14	12	24	2
47	13	8	33	12	9	1	26	16	19	25	21	32	46	3	46	18	37	34	25	1	26	33	12	24	2
47	13	8	33	12	9	1	26	16	19	25	21	32	46	3	46	18	40	8	30	24	32	0	12	24	2
47	13	8	33	12	9	1	26	16	19	25	21	32	46	3	46	18	40	21	8	6	15	0	12	24	2
47	13	8	33	12	9	1	26	16	19	25	21	32	46	3	46	18	41	44	15	41	37	44	12	24	2
47	13	8	33	12	9	2	26	19	16	25	21	32	46	3	46	18	1	25	24	4	27	1	12	24	2
47	13	8	33	12	9	2	26	19	16	25	21	32	46	3	46	18	2	35	11	36	35	38	12	24	2
47	13	8	33	12	9	2	26	19	16	25	21	32	46	3	46	18	6	37	5	39	24	4	12	24	2
47	13	8	33	12	9	2	26	19	16	25	21	32	46	3	46	18	10	19	35	17	22	3	12	24	2
47	13	8	33	12	9	2	26	19	16	25	21	32	46	3	46	18	19	11	42	14	21	39	12	24	2
47	13	8	33	12	9	2	26	19	16	25	21	32	46	3	46	18	21	33	21	29	31	38	12	24	2
47	13	8	33	12	9	2	26	19	16	25	21	32	46	3	46	18	23	43	29	46	36	30	12	24	2
47	13	8	33	12	9	2	26	19	16	25	21	32	46	3	46	18	25	16	23	35	28	33	12	24	2
47	13	8	33	12	9	2	26	19	16	25	21	32	46	3	46	18	26	36	11	23	12	12	12	24	2
47	13	8	33	12	9	2	26	19	16	25	21	32	46	3	46	18	28	34	5	3	23	42	12	24	2
47	13	8	33	12	9	2	26	19	16	25	21	32	46	3	46	18	30	10	2	44	0	4	12	24	2
47	13	8	33	12	9	2	26	19	16	25	21	32	46	3	46	18	37	4	28	35	21	14	12	24	2
47	13	8	33	12	9	2	26	19	16	25	21	32	46	3	46	18	37	34	25	1	26	33	12	24	2
47	13	8	33	12	9	2	26	19	16	25	21	32	46	3	46	18	40	8	30	24	32	0	12	24	2
47	13	8	33	12	9	2	26	19	16	25	21	32	46	3	46	18	40	21	8	6	15	0	12	24	2
47	13	8	33	12	9	2	26	19	16	25	21	32	46	3	46	18	41	44	15	41	37	44	12	24	2
47	13	8	33	12	9	3	16	19	26	25	21	32	46	3	46	18	1	25	24	4	27	1	12	24	2
47	13	8	33	12	9	3	16	19	26	25	21	32	46	3	46	18	2	35	11	36	35	38	12	24	2
47	13	8	33	12	9	3	16	19	26	25	21	32	46	3	46	18	6	37	5	39	24	4	12	24	2
47	13	8	33	12	9	3	16	19	26	25	21	32	46	3	46	18	10	19	35	17	22	3	12	24	2
47	13	8	33	12	9	3	16	19	26	25	21	32	46	3	46	18	19	11	42	14	21	39	12	24	2
47	13	8	33	12	9	3	16	19	26	25	21	32	46	3	46	18	21	33	21	29	31	38	12	24	2
47	13	8	33	12	9	3	16	19	26	25	21	32	46	3	46	18	23	43	29	46	36	30	12	24	2
47	13	8	33	12	9	3	16	19	26	25	21	32	46	3	46	18	25	16	23	35	28	33	12	24	2
47	13	8	33	12	9	3	16	19	26	25	21	32	46	3	46	18	26	36	11	23	12	12	12	24	2
47	13	8	33	12	9	3	16	19	26	25	21	32	46	3	46	18	28	34	5	3	23	42	12	24	2
47	13	8	33	12	9	3	16	19	26	25	21	32	46	3	46	18	30	10	2	44	0	4	12	24	2
47	13	8	33	12	9	3	16	19	26	25	21	32	46	3	46	18	37	4	28	35	21	14	12	24	2
47	13	8	33	12	9	3	16	19	26	25	21	32	46	3	46	18	37	34	25	1	26	33	12	24	2
47	13	8	33	12	9	3	16	19	26	25	21	32	46	3	46	18	40	8	30	24	32	0	12	24	2
47	13	8	33	12	9	3	16	19	26	25	21	32	46	3	46	18	40	21	8	6	15	0	12	24	2
47	13	8	33	12	9	3	16	19	26	25	21	32	46	3	46	18	41	44	15	41	37	44	12	24	2
47	13	8	33	35	38	1	21	31	28	22	28	4	3	1	24	41	1	39	40	14	46	42	12	24	2
47	13	8	33	35	38	1	21	31	28	22	28	4	3	1	24	41	6	37	7	34	13	35	12	24	2
47	13	8	33	35	38	1	21	31	28	22	28	4	3	1	24	41	9	45	21	20	46	18	12	24	2
47	13	8	33	35	38	1	21	31	28	22	28	4	3	1	24	41	15	10	3	41	12	30	12	24	2
47	13	8	33	35	38	1	21	31	28	22	28	4	3	1	24	41	16	4	9	6	15	14	12	24	2
47	13	8	33	35	38	1	21	31	28	22	28	4	3	1	24	41	19	7	24	42	21	32	12	24	2
47	13	8	33	35	38	1	21	31	28	22	28	4	3	1	24	41	22	12	22	43	16	20	12	24	2
47	13	8	33	35	38	1	21	31	28	22	28	4	3	1	24	41	24	36	1	13	5	28	12	24	2
47	13	8	33	35	38	1	21	31	28	22	28	4	3	1	24	41	25	17	10	23	23	21	12	24	2
47	13	8	33	35	38	1	21	31	28	22	28	4	3	1	24	41	26	24	27	26	5	33	12	24	2
47	13	8	33	35	38	1	21	31	28	22	28	4	3	1	24	41	28	0	36	17	13	43	12	24	2
47	13	8	33	35	38	1	21	31	28	22	28	4	3	1	24	41	32	29	38	11	17	8	12	24	2
47	13	8	33	35	38	1	21	31	28	22	28	4	3	1	24	41	36	36	46	7	45	8	12	24	2
47	13	8	33	35	38	1	21	31	28	22	28	4	3	1	24	41	37	11	34	24	5	38	12	24	2
47	13	8	33	35	38	1	21	31	28	22	28	4	3	1	24	41	45	20	9	40	32	44	12	24	2
47	13	8	33	35	38	1	21	31	28	22	28	4	3	1	24	41	46	43	5	37	36	30	12	24	2
47	13	8	33	35	38	2	21	28	31	22	28	4	3	1	24	41	1	39	40	14	46	42	12	24	2
47	13	8	33	35	38	2	21	28	31	22	28	4	3	1	24	41	6	37	7	34	13	35	12	24	2
47	13	8	33	35	38	2	21	28	31	22	28	4	3	1	24	41	9	45	21	20	46	18	12	24	2
47	13	8	33	35	38	2	21	28	31	22	28	4	3	1	24	41	15	10	3	41	12	30	12	24	2
47	13	8	33	35	38	2	21	28	31	22	28	4	3	1	24	41	16	4	9	6	15	14	12	24	2
47	13	8	33	35	38	2	21	28	31	22	28	4	3	1	24	41	19	7	24	42	21	32	12	24	2
47	13	8	33	35	38	2	21	28	31	22	28	4	3	1	24	41	22	12	22	43	16	20	12	24	2
47	13	8	33	35	38	2	21	28	31	22	28	4	3	1	24	41	24	36	1	13	5	28	12	24	2
47	13	8	33	35	38	2	21	28	31	22	28	4	3	1	24	41	25	17	10	23	23	21	12	24	2
47	13	8	33	35	38	2	21	28	31	22	28	4	3	1	24	41	26	24	27	26	5	33	12	24	2
47	13	8	33	35	38	2	21	28	31	22	28	4	3	1	24	41	28	0	36	17	13	43	12	24	2
47	13	8	33	35	38	2	21	28	31	22	28	4	3	1	24	41	32	29	38	11	17	8	12	24	2
47	13	8	33	35	38	2	21	28	31	22	28	4	3	1	24	41	36	36	46	7	45	8	12	24	2
47	13	8	33	35	38	2	21	28	31	22	28	4	3	1	24	41	37	11	34	24	5	38	12	24	2
47	13	8	33	35	38	2	21	28	31	22	28	4	3	1	24	41	45	20	9	40	32	44	12	24	2
47	13	8	33	35	38	2	21	28	31	22	28	4	3	1	24	41	46	43	5	37	36	30	12	24	2
47	13	8	33	35	38	3	31	28	21	22	28	4	3	1	24	41	1	39	40	14	46	42	12	24	2
47	13	8	33	35	38	3	31	28	21	22	28	4	3	1	24	41	6	37	7	34	13	35	12	24	2
47	13	8	33	35	38	3	31	28	21	22	28	4	3	1	24	41	9	45	21	20	46	18	12	24	2
47	13	8	33	35	38	3	31	28	21	22	28	4	3	1	24	41	15	10	3	41	12	30	12	24	2
47	13	8	33	35	38	3	31	28	21	22	28	4	3	1	24	41	16	4	9	6	15	14	12	24	2
47	13	8	33	35	38	3	31	28	21	22	28	4	3	1	24	41	19	7	24	42	21	32	12	24	2
47	13	8	33	35	38	3	31	28	21	22	28	4	3	1	24	41	22	12	22	43	16	20	12	24	2
47	13	8	33	35	38	3	31	28	21	22	28	4	3	1	24	41	24	36	1	13	5	28	12	24	2
47	13	8	33	35	38	3	31	28	21	22	28	4	3	1	24	41	25	17	10	23	23	21	12	24	2
47	13	8	33	35	38	3	31	28	21	22	28	4	3	1	24	41	26	24	27	26	5	33	12	24	2
47	13	8	33	35	38	3	31	28	21	22	28	4	3	1	24	41	28	0	36	17	13	43	12	24	2
47	13	8	33	35	38	3	31	28	21	22	28	4	3	1	24	41	32	29	38	11	17	8	12	24	2
47	13	8	33	35	38	3	31	28	21	22	28	4	3	1	24	41	36	36	46	7	45	8	12	24	2
47	13	8	33	35	38	3	31	28	21	22	28	4	3	1	24	41	37	11	34	24	5	38	12	24	2
47	13	8	33	35	38	3	31	28	21	22	28	4	3	1	24	41	45	20	9	40	32	44	12	24	2
47	13	8	33	35	38	3	31	28	21	22	28	4	3	1	24	41	46	43	5	37	36	30	12	24	2
47	13	14	39	12	9	1	26	28	31	25	1	25	25	17	45	26	2	13	13	11	5	19	12	24	2
47	13	14	39	12	9	1	26	28	31	25	1	25	25	17	45	26	2	20	40	17	42	28	12	24	2
47	13	14	39	12	9	1	26	28	31	25	1	25	25	17	45	26	4	6	36	43	45	24	12	24	2
47	13	14	39	12	9	1	26	28	31	25	1	25	25	17	45	26	7	22	7	34	43	26	12	24	2
47	13	14	39	12	9	1	26	28	31	25	1	25	25	17	45	26	10	39	3	28	8	30	12	24	2
47	13	14	39	12	9	1	26	28	31	25	1	25	25	17	45	26	12	5	1	32	21	6	12	24	2
47	13	14	39	12	9	1	26	28	31	25	1	25	25	17	45	26	13	15	27	14	43	35	12	24	2
47	13	14	39	12	9	1	26	28	31	25	1	25	25	17	45	26	14	11	17	43	20	0	12	24	2
47	13	14	39	12	9	1	26	28	31	25	1	25	25	17	45	26	14	20	21	11	27	0	12	24	2
47	13	14	39	12	9	1	26	28	31	25	1	25	25	17	45	26	18	25	26	22	25	32	12	24	2
47	13	14	39	12	9	1	26	28	31	25	1	25	25	17	45	26	20	17	10	23	0	20	12	24	2
47	13	14	39	12	9	1	26	28	31	25	1	25	25	17	45	26	23	2	30	32	9	37	12	24	2
47	13	14	39	12	9	1	26	28	31	25	1	25	25	17	45	26	37	25	6	45	34	20	12	24	2
47	13	14	39	12	9	1	26	28	31	25	1	25	25	17	45	26	38	9	26	41	29	42	12	24	2
47	13	14	39	12	9	1	26	28	31	25	1	25	25	17	45	26	42	10	18	28	46	44	12	24	2
47	13	14	39	12	9	1	26	28	31	25	1	25	25	17	45	26	44	19	27	7	44	14	12	24	2
47	13	14	39	12	9	2	26	31	28	25	1	25	25	17	45	26	2	13	13	11	5	19	12	24	2
47	13	14	39	12	9	2	26	31	28	25	1	25	25	17	45	26	2	20	40	17	42	28	12	24	2
47	13	14	39	12	9	2	26	31	28	25	1	25	25	17	45	26	4	6	36	43	45	24	12	24	2
47	13	14	39	12	9	2	26	31	28	25	1	25	25	17	45	26	7	22	7	34	43	26	12	24	2
47	13	14	39	12	9	2	26	31	28	25	1	25	25	17	45	26	10	39	3	28	8	30	12	24	2
47	13	14	39	12	9	2	26	31	28	25	1	25	25	17	45	26	12	5	1	32	21	6	12	24	2
47	13	14	39	12	9	2	26	31	28	25	1	25	25	17	45	26	13	15	27	14	43	35	12	24	2
47	13	14	39	12	9	2	26	31	28	25	1	25	25	17	45	26	14	11	17	43	20	0	12	24	2
47	13	14	39	12	9	2	26	31	28	25	1	25	25	17	45	26	14	20	21	11	27	0	12	24	2
47	13	14	39	12	9	2	26	31	28	25	1	25	25	17	45	26	18	25	26	22	25	32	12	24	2
47	13	14	39	12	9	2	26	31	28	25	1	25	25	17	45	26	20	17	10	23	0	20	12	24	2
47	13	14	39	12	9	2	26	31	28	25	1	25	25	17	45	26	23	2	30	32	9	37	12	24	2
47	13	14	39	12	9	2	26	31	28	25	1	25	25	17	45	26	37	25	6	45	34	20	12	24	2
47	13	14	39	12	9	2	26	31	28	25	1	25	25	17	45	26	38	9	26	41	29	42	12	24	2
47	13	14	39	12	9	2	26	31	28	25	1	25	25	17	45	26	42	10	18	28	46	44	12	24	2
47	13	14	39	12	9	2	26	31	28	25	1	25	25	17	45	26	44	19	27	7	44	14	12	24	2
47	13	14	39	12	9	3	28	31	26	25	1	25	25	17	45	26	2	13	13	11	5	19	12	24	2
47	13	14	39	12	9	3	28	31	26	25	1	25	25	17	45	26	2	20	40	17	42	28	12	24	2
47	13	14	39	12	9	3	28	31	26	25	1	25	25	17	45	26	4	6	36	43	45	24	12	24	2
47	13	14	39	12	9	3	28	31	26	25	1	25	25	17	45	26	7	22	7	34	43	26	12	24	2
47	13	14	39	12	9	3	28	31	26	25	1	25	25	17	45	26	10	39	3	28	8	30	12	24	2
47	13	14	39	12	9	3	28	31	26	25	1	25	25	17	45	26	12	5	1	32	21	6	12	24	2
47	13	14	39	12	9	3	28	31	26	25	1	25	25	17	45	26	13	15	27	14	43	35	12	24	2
47	13	14	39	12	9	3	28	31	26	25	1	25	25	17	45	26	14	11	17	43	20	0	12	24	2
47	13	14	39	12	9	3	28	31	26	25	1	25	25	17	45	26	14	20	21	11	27	0	12	24	2
47	13	14	39	12	9	3	28	31	26	25	1	25	25	17	45	26	18	25	26	22	25	32	12	24	2
47	13	14	39	12	9	3	28	31	26	25	1	25	25	17	45	26	20	17	10	23	0	20	12	24	2
47	13	14	39	12	9	3	28	31	26	25	1	25	25	17	45	26	23	2	30	32	9	37	12	24	2
47	13	14	39	12	9	3	28	31	26	25	1	25	25	17	45	26	37	25	6	45	34	20	12	24	2
47	13	14	39	12	9	3	28	31	26	25	1	25	25	17	45	26	38	9	26	41	29	42	12	24	2
47	13	14	39	12	9	3	28	31	26	25	1	25	25	17	45	26	42	10	18	28	46	44	12	24	2
47	13	14	39	12	9	3	28	31	26	25	1	25	25	17	45	26	44	19	27	7	44	14	12	24	2
47	13	14	39	35	38	1	21	19	16	22	9	11	44	14	31	9	3	10	7	7	26	40	12	24	2
47	13	14	39	35	38	1	21	19	16	22	9	11	44	14	31	9	6	38	12	34	2	41	12	24	2
47	13	14	39	35	38	1	21	19	16	22	9	11	44	14	31	9	16	32	43	21	32	34	12	24	2
47	13	14	39	35	38	1	21	19	16	22	9	11	44	14	31	9	17	44	18	7	35	4	12	24	2
47	13	14	39	35	38	1	21	19	16	22	9	11	44	14	31	9	19	27	27	26	46	18	12	24	2
47	13	14	39	35	38	1	21	19	16	22	9	11	44	14	31	9	23	42	30	44	2	3	12	24	2
47	13	14	39	35	38	1	21	19	16	22	9	11	44	14	31	9	24	5	30	27	45	10	12	24	2
47	13	14	39	35	38	1	21	19	16	22	9	11	44	14	31	9	34	46	30	34	44	34	12	24	2
47	13	14	39	35	38	1	21	19	16	22	9	11	44	14	31	9	38	22	21	20	44	25	12	24	2
47	13	14	39	35	38	1	21	19	16	22	9	11	44	14	31	9	40	6	36	29	9	8	12	24	2
47	13	14	39	35	38	2	21	16	19	22	9	11	44	14	31	9	3	10	7	7	26	40	12	24	2
47	13	14	39	35	38	2	21	16	19	22	9	11	44	14	31	9	6	38	12	34	2	41	12	24	2
47	13	14	39	35	38	2	21	16	19	22	9	11	44	14	31	9	16	32	43	21	32	34	12	24	2
47	13	14	39	35	38	2	21	16	19	22	9	11	44	14	31	9	17	44	18	7	35	4	12	24	2
47	13	14	39	35	38	2	21	16	19	22	9	11	44	14	31	9	19	27	27	26	46	18	12	24	2
47	13	14	39	35	38	2	21	16	19	22	9	11	44	14	31	9	23	42	30	44	2	3	12	24	2
47	13	14	39	35	38	2	21	16	19	22	9	11	44	14	31	9	24	5	30	27	45	10	12	24	2
47	13	14	39	35	38	2	21	16	19	22	9	11	44	14	31	9	34	46	30	34	44	34	12	24	2
47	13	14	39	35	38	2	21	16	19	22	9	11	44	14	31	9	38	22	21	20	44	25	12	24	2
47	13	14	39	35	38	2	21	16	19	22	9	11	44	14	31	9	40	6	36	29	9	8	12	24	2
47	13	14	39	35	38	3	19	16	21	22	9	11	44	14	31	9	3	10	7	7	26	40	12	24	2
47	13	14	39	35	38	3	19	16	21	22	9	11	44	14	31	9	6	38	12	34	2	41	12	24	2
47	13	14	39	35	38	3	19	16	21	22	9	11	44	14	31	9	16	32	43	21	32	34	12	24	2
47	13	14	39	35	38	3	19	16	21	22	9	11	44	14	31	9	17	44	18	7	35	4	12	24	2
47	13	14	39	35	38	3	19	16	21	22	9	11	44	14	31	9	19	27	27	26	46	18	12	24	2
47	13	14	39	35	38	3	19	16	21	22	9	11	44	14	31	9	23	42	30	44	2	3	12	24	2
47	13	14	39	35	38	3	19	16	21	22	9	11	44	14	31	9	24	5	30	27	45	10	12	24	2
47	13	14	39	35	38	3	19	16	21	22	9	11	44	14	31	9	34	46	30	34	44	34	12	24	2
47	13	14	39	35	38	3	19	16	21	22	9	11	44	14	31	9	38	22	21	20	44	25	12	24	2
47	13	14	39	35	38	3	19	16	21	22	9	11	44	14	31	9	40	6	36	29	9	8	12	24	2
47	13	16	40	1	42	1	30	8	20	21	2	32	6	25	16	31	7	13	13	14	19	33	12	24	2
47	13	16	40	1	42	1	30	8	20	21	2	32	6	25	16	31	7	31	29	19	28	14	12	24	2
47	13	16	40	1	42	1	30	8	20	21	2	32	6	25	16	31	8	9	39	3	8	13	12	24	2
47	13	16	40	1	42	1	30	8	20	21	2	32	6	25	16	31	9	3	10	6	29	25	12	24	2
47	13	16	40	1	42	1	30	8	20	21	2	32	6	25	16	31	10	40	3	46	23	27	12	24	2
47	13	16	40	1	42	1	30	8	20	21	2	32	6	25	16	31	13	17	5	6	20	6	12	24	2
47	13	16	40	1	42	1	30	8	20	21	2	32	6	25	16	31	19	41	31	25	8	32	12	24	2
47	13	16	40	1	42	1	30	8	20	21	2	32	6	25	16	31	20	35	39	10	9	35	12	24	2
47	13	16	40	1	42	1	30	8	20	21	2	32	6	25	16	31	26	18	12	46	35	33	12	24	2
47	13	16	40	1	42	1	30	8	20	21	2	32	6	25	16	31	29	30	3	28	7	4	12	24	2
47	13	16	40	1	42	1	30	8	20	21	2	32	6	25	16	31	31	21	6	14	19	20	12	24	2
47	13	16	40	1	42	1	30	8	20	21	2	32	6	25	16	31	32	22	29	9	19	43	12	24	2
47	13	16	40	1	42	1	30	8	20	21	2	32	6	25	16	31	33	14	46	10	6	1	12	24	2
47	13	16	40	1	42	1	30	8	20	21	2	32	6	25	16	31	41	0	18	35	45	45	12	24	2
47	13	16	40	1	42	1	30	8	20	21	2	32	6	25	16	31	42	45	25	44	17	22	12	24	2
47	13	16	40	1	42	1	30	8	20	21	2	32	6	25	16	31	45	26	31	40	39	9	12	24	2
47	13	16	40	1	42	2	30	20	8	21	2	32	6	25	16	31	7	13	13	14	19	33	12	24	2
47	13	16	40	1	42	2	30	20	8	21	2	32	6	25	16	31	7	31	29	19	28	14	12	24	2
47	13	16	40	1	42	2	30	20	8	21	2	32	6	25	16	31	8	9	39	3	8	13	12	24	2
47	13	16	40	1	42	2	30	20	8	21	2	32	6	25	16	31	9	3	10	6	29	25	12	24	2
47	13	16	40	1	42	2	30	20	8	21	2	32	6	25	16	31	10	40	3	46	23	27	12	24	2
47	13	16	40	1	42	2	30	20	8	21	2	32	6	25	16	31	13	17	5	6	20	6	12	24	2
47	13	16	40	1	42	2	30	20	8	21	2	32	6	25	16	31	19	41	31	25	8	32	12	24	2
47	13	16	40	1	42	2	30	20	8	21	2	32	6	25	16	31	20	35	39	10	9	35	12	24	2
47	13	16	40	1	42	2	30	20	8	21	2	32	6	25	16	31	26	18	12	46	35	33	12	24	2
47	13	16	40	1	42	2	30	20	8	21	2	32	6	25	16	31	29	30	3	28	7	4	12	24	2
47	13	16	40	1	42	2	30	20	8	21	2	32	6	25	16	31	31	21	6	14	19	20	12	24	2
47	13	16	40	1	42	2	30	20	8	21	2	32	6	25	16	31	32	22	29	9	19	43	12	24	2
47	13	16	40	1	42	2	30	20	8	21	2	32	6	25	16	31	33	14	46	10	6	1	12	24	2
47	13	16	40	1	42	2	30	20	8	21	2	32	6	25	16	31	41	0	18	35	45	45	12	24	2
47	13	16	40	1	42	2	30	20	8	21	2	32	6	25	16	31	42	45	25	44	17	22	12	24	2
47	13	16	40	1	42	2	30	20	8	21	2	32	6	25	16	31	45	26	31	40	39	9	12	24	2
47	13	16	40	1	42	3	8	20	30	21	2	32	6	25	16	31	7	13	13	14	19	33	12	24	2
47	13	16	40	1	42	3	8	20	30	21	2	32	6	25	16	31	7	31	29	19	28	14	12	24	2
47	13	16	40	1	42	3	8	20	30	21	2	32	6	25	16	31	8	9	39	3	8	13	12	24	2
47	13	16	40	1	42	3	8	20	30	21	2	32	6	25	16	31	9	3	10	6	29	25	12	24	2
47	13	16	40	1	42	3	8	20	30	21	2	32	6	25	16	31	10	40	3	46	23	27	12	24	2
47	13	16	40	1	42	3	8	20	30	21	2	32	6	25	16	31	13	17	5	6	20	6	12	24	2
47	13	16	40	1	42	3	8	20	30	21	2	32	6	25	16	31	19	41	31	25	8	32	12	24	2
47	13	16	40	1	42	3	8	20	30	21	2	32	6	25	16	31	20	35	39	10	9	35	12	24	2
47	13	16	40	1	42	3	8	20	30	21	2	32	6	25	16	31	26	18	12	46	35	33	12	24	2
47	13	16	40	1	42	3	8	20	30	21	2	32	6	25	16	31	29	30	3	28	7	4	12	24	2
47	13	16	40	1	42	3	8	20	30	21	2	32	6	25	16	31	31	21	6	14	19	20	12	24	2
47	13	16	40	1	42	3	8	20	30	21	2	32	6	25	16	31	32	22	29	9	19	43	12	24	2
47	13	16	40	1	42	3	8	20	30	21	2	32	6	25	16	31	33	14	46	10	6	1	12	24	2
47	13	16	40	1	42	3	8	20	30	21	2	32	6	25	16	31	41	0	18	35	45	45	12	24	2
47	13	16	40	1	42	3	8	20	30	21	2	32	6	25	16	31	42	45	25	44	17	22	12	24	2
47	13	16	40	1	42	3	8	20	30	21	2	32	6	25	16	31	45	26	31	40	39	9	12	24	2
47	13	16	40	46	5	1	17	39	27	26	12	14	35	9	27	2	5	1	44	40	37	15	12	24	2
47	13	16	40	46	5	1	17	39	27	26	12	14	35	9	27	2	8	7	18	36	27	7	12	24	2
47	13	16	40	46	5	1	17	39	27	26	12	14	35	9	27	2	11	2	27	35	34	28	12	24	2
47	13	16	40	46	5	1	17	39	27	26	12	14	35	9	27	2	12	37	40	39	45	37	12	24	2
47	13	16	40	46	5	1	17	39	27	26	12	14	35	9	27	2	15	18	7	35	26	32	12	24	2
47	13	16	40	46	5	1	17	39	27	26	12	14	35	9	27	2	16	7	34	18	43	20	12	24	2
47	13	16	40	46	5	1	17	39	27	26	12	14	35	9	27	2	18	42	45	33	10	1	12	24	2
47	13	16	40	46	5	1	17	39	27	26	12	14	35	9	27	2	21	22	34	36	10	32	12	24	2
47	13	16	40	46	5	1	17	39	27	26	12	14	35	9	27	2	24	8	8	18	34	31	12	24	2
47	13	16	40	46	5	1	17	39	27	26	12	14	35	9	27	2	31	43	25	34	31	4	12	24	2
47	13	16	40	46	5	1	17	39	27	26	12	14	35	9	27	2	32	23	45	13	31	19	12	24	2
47	13	16	40	46	5	1	17	39	27	26	12	14	35	9	27	2	35	24	31	40	38	44	12	24	2
47	13	16	40	46	5	1	17	39	27	26	12	14	35	9	27	2	37	32	15	41	8	13	12	24	2
47	13	16	40	46	5	1	17	39	27	26	12	14	35	9	27	2	38	36	28	21	11	0	12	24	2
47	13	16	40	46	5	1	17	39	27	26	12	14	35	9	27	2	38	40	38	4	36	0	12	24	2
47	13	16	40	46	5	1	17	39	27	26	12	14	35	9	27	2	39	15	27	8	13	35	12	24	2
47	13	16	40	46	5	2	17	27	39	26	12	14	35	9	27	2	5	1	44	40	37	15	12	24	2
47	13	16	40	46	5	2	17	27	39	26	12	14	35	9	27	2	8	7	18	36	27	7	12	24	2
47	13	16	40	46	5	2	17	27	39	26	12	14	35	9	27	2	11	2	27	35	34	28	12	24	2
47	13	16	40	46	5	2	17	27	39	26	12	14	35	9	27	2	12	37	40	39	45	37	12	24	2
47	13	16	40	46	5	2	17	27	39	26	12	14	35	9	27	2	15	18	7	35	26	32	12	24	2
47	13	16	40	46	5	2	17	27	39	26	12	14	35	9	27	2	16	7	34	18	43	20	12	24	2
47	13	16	40	46	5	2	17	27	39	26	12	14	35	9	27	2	18	42	45	33	10	1	12	24	2
47	13	16	40	46	5	2	17	27	39	26	12	14	35	9	27	2	21	22	34	36	10	32	12	24	2
47	13	16	40	46	5	2	17	27	39	26	12	14	35	9	27	2	24	8	8	18	34	31	12	24	2
47	13	16	40	46	5	2	17	27	39	26	12	14	35	9	27	2	31	43	25	34	31	4	12	24	2
47	13	16	40	46	5	2	17	27	39	26	12	14	35	9	27	2	32	23	45	13	31	19	12	24	2
47	13	16	40	46	5	2	17	27	39	26	12	14	35	9	27	2	35	24	31	40	38	44	12	24	2
47	13	16	40	46	5	2	17	27	39	26	12	14	35	9	27	2	37	32	15	41	8	13	12	24	2
47	13	16	40	46	5	2	17	27	39	26	12	14	35	9	27	2	38	36	28	21	11	0	12	24	2
47	13	16	40	46	5	2	17	27	39	26	12	14	35	9	27	2	38	40	38	4	36	0	12	24	2
47	13	16	40	46	5	2	17	27	39	26	12	14	35	9	27	2	39	15	27	8	13	35	12	24	2
47	13	16	40	46	5	3	39	27	17	26	12	14	35	9	27	2	5	1	44	40	37	15	12	24	2
47	13	16	40	46	5	3	39	27	17	26	12	14	35	9	27	2	8	7	18	36	27	7	12	24	2
47	13	16	40	46	5	3	39	27	17	26	12	14	35	9	27	2	11	2	27	35	34	28	12	24	2
47	13	16	40	46	5	3	39	27	17	26	12	14	35	9	27	2	12	37	40	39	45	37	12	24	2
47	13	16	40	46	5	3	39	27	17	26	12	14	35	9	27	2	15	18	7	35	26	32	12	24	2
47	13	16	40	46	5	3	39	27	17	26	12	14	35	9	27	2	16	7	34	18	43	20	12	24	2
47	13	16	40	46	5	3	39	27	17	26	12	14	35	9	27	2	18	42	45	33	10	1	12	24	2
47	13	16	40	46	5	3	39	27	17	26	12	14	35	9	27	2	21	22	34	36	10	32	12	24	2
47	13	16	40	46	5	3	39	27	17	26	12	14	35	9	27	2	24	8	8	18	34	31	12	24	2
47	13	16	40	46	5	3	39	27	17	26	12	14	35	9	27	2	31	43	25	34	31	4	12	24	2
47	13	16	40	46	5	3	39	27	17	26	12	14	35	9	27	2	32	23	45	13	31	19	12	24	2
47	13	16	40	46	5	3	39	27	17	26	12	14	35	9	27	2	35	24	31	40	38	44	12	24	2
47	13	16	40	46	5	3	39	27	17	26	12	14	35	9	27	2	37	32	15	41	8	13	12	24	2
47	13	16	40	46	5	3	39	27	17	26	12	14	35	9	27	2	38	36	28	21	11	0	12	24	2
47	13	16	40	46	5	3	39	27	17	26	12	14	35	9	27	2	38	40	38	4	36	0	12	24	2
47	13	16	40	46	5	3	39	27	17	26	12	14	35	9	27	2	39	15	27	8	13	35	12	24	2
47	13	33	8	12	9	1	26	19	16	25	21	32	46	3	46	18	1	25	24	4	27	1	12	24	2
47	13	33	8	12	9	1	26	19	16	25	21	32	46	3	46	18	2	35	11	36	35	38	12	24	2
47	13	33	8	12	9	1	26	19	16	25	21	32	46	3	46	18	6	37	5	39	24	4	12	24	2
47	13	33	8	12	9	1	26	19	16	25	21	32	46	3	46	18	10	19	35	17	22	3	12	24	2
47	13	33	8	12	9	1	26	19	16	25	21	32	46	3	46	18	19	11	42	14	21	39	12	24	2
47	13	33	8	12	9	1	26	19	16	25	21	32	46	3	46	18	21	33	21	29	31	38	12	24	2
47	13	33	8	12	9	1	26	19	16	25	21	32	46	3	46	18	23	43	29	46	36	30	12	24	2
47	13	33	8	12	9	1	26	19	16	25	21	32	46	3	46	18	25	16	23	35	28	33	12	24	2
47	13	33	8	12	9	1	26	19	16	25	21	32	46	3	46	18	26	36	11	23	12	12	12	24	2
47	13	33	8	12	9	1	26	19	16	25	21	32	46	3	46	18	28	34	5	3	23	42	12	24	2
47	13	33	8	12	9	1	26	19	16	25	21	32	46	3	46	18	30	10	2	44	0	4	12	24	2
47	13	33	8	12	9	1	26	19	16	25	21	32	46	3	46	18	37	4	28	35	21	14	12	24	2
47	13	33	8	12	9	1	26	19	16	25	21	32	46	3	46	18	37	34	25	1	26	33	12	24	2
47	13	33	8	12	9	1	26	19	16	25	21	32	46	3	46	18	40	8	30	24	32	0	12	24	2
47	13	33	8	12	9	1	26	19	16	25	21	32	46	3	46	18	40	21	8	6	15	0	12	24	2
47	13	33	8	12	9	1	26	19	16	25	21	32	46	3	46	18	41	44	15	41	37	44	12	24	2
47	13	33	8	12	9	2	26	16	19	25	21	32	46	3	46	18	1	25	24	4	27	1	12	24	2
47	13	33	8	12	9	2	26	16	19	25	21	32	46	3	46	18	2	35	11	36	35	38	12	24	2
47	13	33	8	12	9	2	26	16	19	25	21	32	46	3	46	18	6	37	5	39	24	4	12	24	2
47	13	33	8	12	9	2	26	16	19	25	21	32	46	3	46	18	10	19	35	17	22	3	12	24	2
47	13	33	8	12	9	2	26	16	19	25	21	32	46	3	46	18	19	11	42	14	21	39	12	24	2
47	13	33	8	12	9	2	26	16	19	25	21	32	46	3	46	18	21	33	21	29	31	38	12	24	2
47	13	33	8	12	9	2	26	16	19	25	21	32	46	3	46	18	23	43	29	46	36	30	12	24	2
47	13	33	8	12	9	2	26	16	19	25	21	32	46	3	46	18	25	16	23	35	28	33	12	24	2
47	13	33	8	12	9	2	26	16	19	25	21	32	46	3	46	18	26	36	11	23	12	12	12	24	2
47	13	33	8	12	9	2	26	16	19	25	21	32	46	3	46	18	28	34	5	3	23	42	12	24	2
47	13	33	8	12	9	2	26	16	19	25	21	32	46	3	46	18	30	10	2	44	0	4	12	24	2
47	13	33	8	12	9	2	26	16	19	25	21	32	46	3	46	18	37	4	28	35	21	14	12	24	2
47	13	33	8	12	9	2	26	16	19	25	21	32	46	3	46	18	37	34	25	1	26	33	12	24	2
47	13	33	8	12	9	2	26	16	19	25	21	32	46	3	46	18	40	8	30	24	32	0	12	24	2
47	13	33	8	12	9	2	26	16	19	25	21	32	46	3	46	18	40	21	8	6	15	0	12	24	2
47	13	33	8	12	9	2	26	16	19	25	21	32	46	3	46	18	41	44	15	41	37	44	12	24	2
47	13	33	8	12	9	3	19	16	26	25	21	32	46	3	46	18	1	25	24	4	27	1	12	24	2
47	13	33	8	12	9	3	19	16	26	25	21	32	46	3	46	18	2	35	11	36	35	38	12	24	2
47	13	33	8	12	9	3	19	16	26	25	21	32	46	3	46	18	6	37	5	39	24	4	12	24	2
47	13	33	8	12	9	3	19	16	26	25	21	32	46	3	46	18	10	19	35	17	22	3	12	24	2
47	13	33	8	12	9	3	19	16	26	25	21	32	46	3	46	18	19	11	42	14	21	39	12	24	2
47	13	33	8	12	9	3	19	16	26	25	21	32	46	3	46	18	21	33	21	29	31	38	12	24	2
47	13	33	8	12	9	3	19	16	26	25	21	32	46	3	46	18	23	43	29	46	36	30	12	24	2
47	13	33	8	12	9	3	19	16	26	25	21	32	46	3	46	18	25	16	23	35	28	33	12	24	2
47	13	33	8	12	9	3	19	16	26	25	21	32	46	3	46	18	26	36	11	23	12	12	12	24	2
47	13	33	8	12	9	3	19	16	26	25	21	32	46	3	46	18	28	34	5	3	23	42	12	24	2
47	13	33	8	12	9	3	19	16	26	25	21	32	46	3	46	18	30	10	2	44	0	4	12	24	2
47	13	33	8	12	9	3	19	16	26	25	21	32	46	3	46	18	37	4	28	35	21	14	12	24	2
47	13	33	8	12	9	3	19	16	26	25	21	32	46	3	46	18	37	34	25	1	26	33	12	24	2
47	13	33	8	12	9	3	19	16	26	25	21	32	46	3	46	18	40	8	30	24	32	0	12	24	2
47	13	33	8	12	9	3	19	16	26	25	21	32	46	3	46	18	40	21	8	6	15	0	12	24	2
47	13	33	8	12	9	3	19	16	26	25	21	32	46	3	46	18	41	44	15	41	37	44	12	24	2
47	13	33	8	35	38	1	21	28	31	22	28	4	3	1	24	41	1	39	40	14	46	42	12	24	2
47	13	33	8	35	38	1	21	28	31	22	28	4	3	1	24	41	6	37	7	34	13	35	12	24	2
47	13	33	8	35	38	1	21	28	31	22	28	4	3	1	24	41	9	45	21	20	46	18	12	24	2
47	13	33	8	35	38	1	21	28	31	22	28	4	3	1	24	41	15	10	3	41	12	30	12	24	2
47	13	33	8	35	38	1	21	28	31	22	28	4	3	1	24	41	16	4	9	6	15	14	12	24	2
47	13	33	8	35	38	1	21	28	31	22	28	4	3	1	24	41	19	7	24	42	21	32	12	24	2
47	13	33	8	35	38	1	21	28	31	22	28	4	3	1	24	41	22	12	22	43	16	20	12	24	2
47	13	33	8	35	38	1	21	28	31	22	28	4	3	1	24	41	24	36	1	13	5	28	12	24	2
47	13	33	8	35	38	1	21	28	31	22	28	4	3	1	24	41	25	17	10	23	23	21	12	24	2
47	13	33	8	35	38	1	21	28	31	22	28	4	3	1	24	41	26	24	27	26	5	33	12	24	2
47	13	33	8	35	38	1	21	28	31	22	28	4	3	1	24	41	28	0	36	17	13	43	12	24	2
47	13	33	8	35	38	1	21	28	31	22	28	4	3	1	24	41	32	29	38	11	17	8	12	24	2
47	13	33	8	35	38	1	21	28	31	22	28	4	3	1	24	41	36	36	46	7	45	8	12	24	2
47	13	33	8	35	38	1	21	28	31	22	28	4	3	1	24	41	37	11	34	24	5	38	12	24	2
47	13	33	8	35	38	1	21	28	31	22	28	4	3	1	24	41	45	20	9	40	32	44	12	24	2
47	13	33	8	35	38	1	21	28	31	22	28	4	3	1	24	41	46	43	5	37	36	30	12	24	2
47	13	33	8	35	38	2	21	31	28	22	28	4	3	1	24	41	1	39	40	14	46	42	12	24	2
47	13	33	8	35	38	2	21	31	28	22	28	4	3	1	24	41	6	37	7	34	13	35	12	24	2
47	13	33	8	35	38	2	21	31	28	22	28	4	3	1	24	41	9	45	21	20	46	18	12	24	2
47	13	33	8	35	38	2	21	31	28	22	28	4	3	1	24	41	15	10	3	41	12	30	12	24	2
47	13	33	8	35	38	2	21	31	28	22	28	4	3	1	24	41	16	4	9	6	15	14	12	24	2
47	13	33	8	35	38	2	21	31	28	22	28	4	3	1	24	41	19	7	24	42	21	32	12	24	2
47	13	33	8	35	38	2	21	31	28	22	28	4	3	1	24	41	22	12	22	43	16	20	12	24	2
47	13	33	8	35	38	2	21	31	28	22	28	4	3	1	24	41	24	36	1	13	5	28	12	24	2
47	13	33	8	35	38	2	21	31	28	22	28	4	3	1	24	41	25	17	10	23	23	21	12	24	2
47	13	33	8	35	38	2	21	31	28	22	28	4	3	1	24	41	26	24	27	26	5	33	12	24	2
47	13	33	8	35	38	2	21	31	28	22	28	4	3	1	24	41	28	0	36	17	13	43	12	24	2
47	13	33	8	35	38	2	21	31	28	22	28	4	3	1	24	41	32	29	38	11	17	8	12	24	2
47	13	33	8	35	38	2	21	31	28	22	28	4	3	1	24	41	36	36	46	7	45	8	12	24	2
47	13	33	8	35	38	2	21	31	28	22	28	4	3	1	24	41	37	11	34	24	5	38	12	24	2
47	13	33	8	35	38	2	21	31	28	22	28	4	3	1	24	41	45	20	9	40	32	44	12	24	2
47	13	33	8	35	38	2	21	31	28	22	28	4	3	1	24	41	46	43	5	37	36	30	12	24	2
47	13	33	8	35	38	3	28	31	21	22	28	4	3	1	24	41	1	39	40	14	46	42	12	24	2
47	13	33	8	35	38	3	28	31	21	22	28	4	3	1	24	41	6	37	7	34	13	35	12	24	2
47	13	33	8	35	38	3	28	31	21	22	28	4	3	1	24	41	9	45	21	20	46	18	12	24	2
47	13	33	8	35	38	3	28	31	21	22	28	4	3	1	24	41	15	10	3	41	12	30	12	24	2
47	13	33	8	35	38	3	28	31	21	22	28	4	3	1	24	41	16	4	9	6	15	14	12	24	2
47	13	33	8	35	38	3	28	31	21	22	28	4	3	1	24	41	19	7	24	42	21	32	12	24	2
47	13	33	8	35	38	3	28	31	21	22	28	4	3	1	24	41	22	12	22	43	16	20	12	24	2
47	13	33	8	35	38	3	28	31	21	22	28	4	3	1	24	41	24	36	1	13	5	28	12	24	2
47	13	33	8	35	38	3	28	31	21	22	28	4	3	1	24	41	25	17	10	23	23	21	12	24	2
47	13	33	8	35	38	3	28	31	21	22	28	4	3	1	24	41	26	24	27	26	5	33	12	24	2
47	13	33	8	35	38	3	28	31	21	22	28	4	3	1	24	41	28	0	36	17	13	43	12	24	2
47	13	33	8	35	38	3	28	31	21	22	28	4	3	1	24	41	32	29	38	11	17	8	12	24	2
47	13	33	8	35	38	3	28	31	21	22	28	4	3	1	24	41	36	36	46	7	45	8	12	24	2
47	13	33	8	35	38	3	28	31	21	22	28	4	3	1	24	41	37	11	34	24	5	38	12	24	2
47	13	33	8	35	38	3	28	31	21	22	28	4	3	1	24	41	45	20	9	40	32	44	12	24	2
47	13	33	8	35	38	3	28	31	21	22	28	4	3	1	24	41	46	43	5	37	36	30	12	24	2
47	13	39	14	12	9	1	26	31	28	25	1	25	25	17	45	26	2	13	13	11	5	19	12	24	2
47	13	39	14	12	9	1	26	31	28	25	1	25	25	17	45	26	2	20	40	17	42	28	12	24	2
47	13	39	14	12	9	1	26	31	28	25	1	25	25	17	45	26	4	6	36	43	45	24	12	24	2
47	13	39	14	12	9	1	26	31	28	25	1	25	25	17	45	26	7	22	7	34	43	26	12	24	2
47	13	39	14	12	9	1	26	31	28	25	1	25	25	17	45	26	10	39	3	28	8	30	12	24	2
47	13	39	14	12	9	1	26	31	28	25	1	25	25	17	45	26	12	5	1	32	21	6	12	24	2
47	13	39	14	12	9	1	26	31	28	25	1	25	25	17	45	26	13	15	27	14	43	35	12	24	2
47	13	39	14	12	9	1	26	31	28	25	1	25	25	17	45	26	14	11	17	43	20	0	12	24	2
47	13	39	14	12	9	1	26	31	28	25	1	25	25	17	45	26	14	20	21	11	27	0	12	24	2
47	13	39	14	12	9	1	26	31	28	25	1	25	25	17	45	26	18	25	26	22	25	32	12	24	2
47	13	39	14	12	9	1	26	31	28	25	1	25	25	17	45	26	20	17	10	23	0	20	12	24	2
47	13	39	14	12	9	1	26	31	28	25	1	25	25	17	45	26	23	2	30	32	9	37	12	24	2
47	13	39	14	12	9	1	26	31	28	25	1	25	25	17	45	26	37	25	6	45	34	20	12	24	2
47	13	39	14	12	9	1	26	31	28	25	1	25	25	17	45	26	38	9	26	41	29	42	12	24	2
47	13	39	14	12	9	1	26	31	28	25	1	25	25	17	45	26	42	10	18	28	46	44	12	24	2
47	13	39	14	12	9	1	26	31	28	25	1	25	25	17	45	26	44	19	27	7	44	14	12	24	2
47	13	39	14	12	9	2	26	28	31	25	1	25	25	17	45	26	2	13	13	11	5	19	12	24	2
47	13	39	14	12	9	2	26	28	31	25	1	25	25	17	45	26	2	20	40	17	42	28	12	24	2
47	13	39	14	12	9	2	26	28	31	25	1	25	25	17	45	26	4	6	36	43	45	24	12	24	2
47	13	39	14	12	9	2	26	28	31	25	1	25	25	17	45	26	7	22	7	34	43	26	12	24	2
47	13	39	14	12	9	2	26	28	31	25	1	25	25	17	45	26	10	39	3	28	8	30	12	24	2
47	13	39	14	12	9	2	26	28	31	25	1	25	25	17	45	26	12	5	1	32	21	6	12	24	2
47	13	39	14	12	9	2	26	28	31	25	1	25	25	17	45	26	13	15	27	14	43	35	12	24	2
47	13	39	14	12	9	2	26	28	31	25	1	25	25	17	45	26	14	11	17	43	20	0	12	24	2
47	13	39	14	12	9	2	26	28	31	25	1	25	25	17	45	26	14	20	21	11	27	0	12	24	2
47	13	39	14	12	9	2	26	28	31	25	1	25	25	17	45	26	18	25	26	22	25	32	12	24	2
47	13	39	14	12	9	2	26	28	31	25	1	25	25	17	45	26	20	17	10	23	0	20	12	24	2
47	13	39	14	12	9	2	26	28	31	25	1	25	25	17	45	26	23	2	30	32	9	37	12	24	2
47	13	39	14	12	9	2	26	28	31	25	1	25	25	17	45	26	37	25	6	45	34	20	12	24	2
47	13	39	14	12	9	2	26	28	31	25	1	25	25	17	45	26	38	9	26	41	29	42	12	24	2
47	13	39	14	12	9	2	26	28	31	25	1	25	25	17	45	26	42	10	18	28	46	44	12	24	2
47	13	39	14	12	9	2	26	28	31	25	1	25	25	17	45	26	44	19	27	7	44	14	12	24	2
47	13	39	14	12	9	3	31	28	26	25	1	25	25	17	45	26	2	13	13	11	5	19	12	24	2
47	13	39	14	12	9	3	31	28	26	25	1	25	25	17	45	26	2	20	40	17	42	28	12	24	2
47	13	39	14	12	9	3	31	28	26	25	1	25	25	17	45	26	4	6	36	43	45	24	12	24	2
47	13	39	14	12	9	3	31	28	26	25	1	25	25	17	45	26	7	22	7	34	43	26	12	24	2
47	13	39	14	12	9	3	31	28	26	25	1	25	25	17	45	26	10	39	3	28	8	30	12	24	2
47	13	39	14	12	9	3	31	28	26	25	1	25	25	17	45	26	12	5	1	32	21	6	12	24	2
47	13	39	14	12	9	3	31	28	26	25	1	25	25	17	45	26	13	15	27	14	43	35	12	24	2
47	13	39	14	12	9	3	31	28	26	25	1	25	25	17	45	26	14	11	17	43	20	0	12	24	2
47	13	39	14	12	9	3	31	28	26	25	1	25	25	17	45	26	14	20	21	11	27	0	12	24	2
47	13	39	14	12	9	3	31	28	26	25	1	25	25	17	45	26	18	25	26	22	25	32	12	24	2
47	13	39	14	12	9	3	31	28	26	25	1	25	25	17	45	26	20	17	10	23	0	20	12	24	2
47	13	39	14	12	9	3	31	28	26	25	1	25	25	17	45	26	23	2	30	32	9	37	12	24	2
47	13	39	14	12	9	3	31	28	26	25	1	25	25	17	45	26	37	25	6	45	34	20	12	24	2
47	13	39	14	12	9	3	31	28	26	25	1	25	25	17	45	26	38	9	26	41	29	42	12	24	2
47	13	39	14	12	9	3	31	28	26	25	1	25	25	17	45	26	42	10	18	28	46	44	12	24	2
47	13	39	14	12	9	3	31	28	26	25	1	25	25	17	45	26	44	19	27	7	44	14	12	24	2
47	13	39	14	35	38	1	21	16	19	22	9	11	44	14	31	9	3	10	7	7	26	40	12	24	2
47	13	39	14	35	38	1	21	16	19	22	9	11	44	14	31	9	6	38	12	34	2	41	12	24	2
47	13	39	14	35	38	1	21	16	19	22	9	11	44	14	31	9	16	32	43	21	32	34	12	24	2
47	13	39	14	35	38	1	21	16	19	22	9	11	44	14	31	9	17	44	18	7	35	4	12	24	2
47	13	39	14	35	38	1	21	16	19	22	9	11	44	14	31	9	19	27	27	26	46	18	12	24	2
47	13	39	14	35	38	1	21	16	19	22	9	11	44	14	31	9	23	42	30	44	2	3	12	24	2
47	13	39	14	35	38	1	21	16	19	22	9	11	44	14	31	9	24	5	30	27	45	10	12	24	2
47	13	39	14	35	38	1	21	16	19	22	9	11	44	14	31	9	34	46	30	34	44	34	12	24	2
47	13	39	14	35	38	1	21	16	19	22	9	11	44	14	31	9	38	22	21	20	44	25	12	24	2
47	13	39	14	35	38	1	21	16	19	22	9	11	44	14	31	9	40	6	36	29	9	8	12	24	2
47	13	39	14	35	38	2	21	19	16	22	9	11	44	14	31	9	3	10	7	7	26	40	12	24	2
47	13	39	14	35	38	2	21	19	16	22	9	11	44	14	31	9	6	38	12	34	2	41	12	24	2
47	13	39	14	35	38	2	21	19	16	22	9	11	44	14	31	9	16	32	43	21	32	34	12	24	2
47	13	39	14	35	38	2	21	19	16	22	9	11	44	14	31	9	17	44	18	7	35	4	12	24	2
47	13	39	14	35	38	2	21	19	16	22	9	11	44	14	31	9	19	27	27	26	46	18	12	24	2
47	13	39	14	35	38	2	21	19	16	22	9	11	44	14	31	9	23	42	30	44	2	3	12	24	2
47	13	39	14	35	38	2	21	19	16	22	9	11	44	14	31	9	24	5	30	27	45	10	12	24	2
47	13	39	14	35	38	2	21	19	16	22	9	11	44	14	31	9	34	46	30	34	44	34	12	24	2
47	13	39	14	35	38	2	21	19	16	22	9	11	44	14	31	9	38	22	21	20	44	25	12	24	2
47	13	39	14	35	38	2	21	19	16	22	9	11	44	14	31	9	40	6	36	29	9	8	12	24	2
47	13	39	14	35	38	3	16	19	21	22	9	11	44	14	31	9	3	10	7	7	26	40	12	24	2
47	13	39	14	35	38	3	16	19	21	22	9	11	44	14	31	9	6	38	12	34	2	41	12	24	2
47	13	39	14	35	38	3	16	19	21	22	9	11	44	14	31	9	16	32	43	21	32	34	12	24	2
47	13	39	14	35	38	3	16	19	21	22	9	11	44	14	31	9	17	44	18	7	35	4	12	24	2
47	13	39	14	35	38	3	16	19	21	22	9	11	44	14	31	9	19	27	27	26	46	18	12	24	2
47	13	39	14	35	38	3	16	19	21	22	9	11	44	14	31	9	23	42	30	44	2	3	12	24	2
47	13	39	14	35	38	3	16	19	21	22	9	11	44	14	31	9	24	5	30	27	45	10	12	24	2
47	13	39	14	35	38	3	16	19	21	22	9	11	44	14	31	9	34	46	30	34	44	34	12	24	2
47	13	39	14	35	38	3	16	19	21	22	9	11	44	14	31	9	38	22	21	20	44	25	12	24	2
47	13	39	14	35	38	3	16	19	21	22	9	11	44	14	31	9	40	6	36	29	9	8	12	24	2
47	13	40	16	1	42	1	30	20	8	21	2	32	6	25	16	31	7	13	13	14	19	33	12	24	2
47	13	40	16	1	42	1	30	20	8	21	2	32	6	25	16	31	7	31	29	19	28	14	12	24	2
47	13	40	16	1	42	1	30	20	8	21	2	32	6	25	16	31	8	9	39	3	8	13	12	24	2
47	13	40	16	1	42	1	30	20	8	21	2	32	6	25	16	31	9	3	10	6	29	25	12	24	2
47	13	40	16	1	42	1	30	20	8	21	2	32	6	25	16	31	10	40	3	46	23	27	12	24	2
47	13	40	16	1	42	1	30	20	8	21	2	32	6	25	16	31	13	17	5	6	20	6	12	24	2
47	13	40	16	1	42	1	30	20	8	21	2	32	6	25	16	31	19	41	31	25	8	32	12	24	2
47	13	40	16	1	42	1	30	20	8	21	2	32	6	25	16	31	20	35	39	10	9	35	12	24	2
47	13	40	16	1	42	1	30	20	8	21	2	32	6	25	16	31	26	18	12	46	35	33	12	24	2
47	13	40	16	1	42	1	30	20	8	21	2	32	6	25	16	31	29	30	3	28	7	4	12	24	2
47	13	40	16	1	42	1	30	20	8	21	2	32	6	25	16	31	31	21	6	14	19	20	12	24	2
47	13	40	16	1	42	1	30	20	8	21	2	32	6	25	16	31	32	22	29	9	19	43	12	24	2
47	13	40	16	1	42	1	30	20	8	21	2	32	6	25	16	31	33	14	46	10	6	1	12	24	2
47	13	40	16	1	42	1	30	20	8	21	2	32	6	25	16	31	41	0	18	35	45	45	12	24	2
47	13	40	16	1	42	1	30	20	8	21	2	32	6	25	16	31	42	45	25	44	17	22	12	24	2
47	13	40	16	1	42	1	30	20	8	21	2	32	6	25	16	31	45	26	31	40	39	9	12	24	2
47	13	40	16	1	42	2	30	8	20	21	2	32	6	25	16	31	7	13	13	14	19	33	12	24	2
47	13	40	16	1	42	2	30	8	20	21	2	32	6	25	16	31	7	31	29	19	28	14	12	24	2
47	13	40	16	1	42	2	30	8	20	21	2	32	6	25	16	31	8	9	39	3	8	13	12	24	2
47	13	40	16	1	42	2	30	8	20	21	2	32	6	25	16	31	9	3	10	6	29	25	12	24	2
47	13	40	16	1	42	2	30	8	20	21	2	32	6	25	16	31	10	40	3	46	23	27	12	24	2
47	13	40	16	1	42	2	30	8	20	21	2	32	6	25	16	31	13	17	5	6	20	6	12	24	2
47	13	40	16	1	42	2	30	8	20	21	2	32	6	25	16	31	19	41	31	25	8	32	12	24	2
47	13	40	16	1	42	2	30	8	20	21	2	32	6	25	16	31	20	35	39	10	9	35	12	24	2
47	13	40	16	1	42	2	30	8	20	21	2	32	6	25	16	31	26	18	12	46	35	33	12	24	2
47	13	40	16	1	42	2	30	8	20	21	2	32	6	25	16	31	29	30	3	28	7	4	12	24	2
47	13	40	16	1	42	2	30	8	20	21	2	32	6	25	16	31	31	21	6	14	19	20	12	24	2
47	13	40	16	1	42	2	30	8	20	21	2	32	6	25	16	31	32	22	29	9	19	43	12	24	2
47	13	40	16	1	42	2	30	8	20	21	2	32	6	25	16	31	33	14	46	10	6	1	12	24	2
47	13	40	16	1	42	2	30	8	20	21	2	32	6	25	16	31	41	0	18	35	45	45	12	24	2
47	13	40	16	1	42	2	30	8	20	21	2	32	6	25	16	31	42	45	25	44	17	22	12	24	2
47	13	40	16	1	42	2	30	8	20	21	2	32	6	25	16	31	45	26	31	40	39	9	12	24	2
47	13	40	16	1	42	3	20	8	30	21	2	32	6	25	16	31	7	13	13	14	19	33	12	24	2
47	13	40	16	1	42	3	20	8	30	21	2	32	6	25	16	31	7	31	29	19	28	14	12	24	2
47	13	40	16	1	42	3	20	8	30	21	2	32	6	25	16	31	8	9	39	3	8	13	12	24	2
47	13	40	16	1	42	3	20	8	30	21	2	32	6	25	16	31	9	3	10	6	29	25	12	24	2
47	13	40	16	1	42	3	20	8	30	21	2	32	6	25	16	31	10	40	3	46	23	27	12	24	2
47	13	40	16	1	42	3	20	8	30	21	2	32	6	25	16	31	13	17	5	6	20	6	12	24	2
47	13	40	16	1	42	3	20	8	30	21	2	32	6	25	16	31	19	41	31	25	8	32	12	24	2
47	13	40	16	1	42	3	20	8	30	21	2	32	6	25	16	31	20	35	39	10	9	35	12	24	2
47	13	40	16	1	42	3	20	8	30	21	2	32	6	25	16	31	26	18	12	46	35	33	12	24	2
47	13	40	16	1	42	3	20	8	30	21	2	32	6	25	16	31	29	30	3	28	7	4	12	24	2
47	13	40	16	1	42	3	20	8	30	21	2	32	6	25	16	31	31	21	6	14	19	20	12	24	2
47	13	40	16	1	42	3	20	8	30	21	2	32	6	25	16	31	32	22	29	9	19	43	12	24	2
47	13	40	16	1	42	3	20	8	30	21	2	32	6	25	16	31	33	14	46	10	6	1	12	24	2
47	13	40	16	1	42	3	20	8	30	21	2	32	6	25	16	31	41	0	18	35	45	45	12	24	2
47	13	40	16	1	42	3	20	8	30	21	2	32	6	25	16	31	42	45	25	44	17	22	12	24	2
47	13	40	16	1	42	3	20	8	30	21	2	32	6	25	16	31	45	26	31	40	39	9	12	24	2
47	13	40	16	46	5	1	17	27	39	26	12	14	35	9	27	2	5	1	44	40	37	15	12	24	2
47	13	40	16	46	5	1	17	27	39	26	12	14	35	9	27	2	8	7	18	36	27	7	12	24	2
47	13	40	16	46	5	1	17	27	39	26	12	14	35	9	27	2	11	2	27	35	34	28	12	24	2
47	13	40	16	46	5	1	17	27	39	26	12	14	35	9	27	2	12	37	40	39	45	37	12	24	2
47	13	40	16	46	5	1	17	27	39	26	12	14	35	9	27	2	15	18	7	35	26	32	12	24	2
47	13	40	16	46	5	1	17	27	39	26	12	14	35	9	27	2	16	7	34	18	43	20	12	24	2
47	13	40	16	46	5	1	17	27	39	26	12	14	35	9	27	2	18	42	45	33	10	1	12	24	2
47	13	40	16	46	5	1	17	27	39	26	12	14	35	9	27	2	21	22	34	36	10	32	12	24	2
47	13	40	16	46	5	1	17	27	39	26	12	14	35	9	27	2	24	8	8	18	34	31	12	24	2
47	13	40	16	46	5	1	17	27	39	26	12	14	35	9	27	2	31	43	25	34	31	4	12	24	2
47	13	40	16	46	5	1	17	27	39	26	12	14	35	9	27	2	32	23	45	13	31	19	12	24	2
47	13	40	16	46	5	1	17	27	39	26	12	14	35	9	27	2	35	24	31	40	38	44	12	24	2
47	13	40	16	46	5	1	17	27	39	26	12	14	35	9	27	2	37	32	15	41	8	13	12	24	2
47	13	40	16	46	5	1	17	27	39	26	12	14	35	9	27	2	38	36	28	21	11	0	12	24	2
47	13	40	16	46	5	1	17	27	39	26	12	14	35	9	27	2	38	40	38	4	36	0	12	24	2
47	13	40	16	46	5	1	17	27	39	26	12	14	35	9	27	2	39	15	27	8	13	35	12	24	2
47	13	40	16	46	5	2	17	39	27	26	12	14	35	9	27	2	5	1	44	40	37	15	12	24	2
47	13	40	16	46	5	2	17	39	27	26	12	14	35	9	27	2	8	7	18	36	27	7	12	24	2
47	13	40	16	46	5	2	17	39	27	26	12	14	35	9	27	2	11	2	27	35	34	28	12	24	2
47	13	40	16	46	5	2	17	39	27	26	12	14	35	9	27	2	12	37	40	39	45	37	12	24	2
47	13	40	16	46	5	2	17	39	27	26	12	14	35	9	27	2	15	18	7	35	26	32	12	24	2
47	13	40	16	46	5	2	17	39	27	26	12	14	35	9	27	2	16	7	34	18	43	20	12	24	2
47	13	40	16	46	5	2	17	39	27	26	12	14	35	9	27	2	18	42	45	33	10	1	12	24	2
47	13	40	16	46	5	2	17	39	27	26	12	14	35	9	27	2	21	22	34	36	10	32	12	24	2
47	13	40	16	46	5	2	17	39	27	26	12	14	35	9	27	2	24	8	8	18	34	31	12	24	2
47	13	40	16	46	5	2	17	39	27	26	12	14	35	9	27	2	31	43	25	34	31	4	12	24	2
47	13	40	16	46	5	2	17	39	27	26	12	14	35	9	27	2	32	23	45	13	31	19	12	24	2
47	13	40	16	46	5	2	17	39	27	26	12	14	35	9	27	2	35	24	31	40	38	44	12	24	2
47	13	40	16	46	5	2	17	39	27	26	12	14	35	9	27	2	37	32	15	41	8	13	12	24	2
47	13	40	16	46	5	2	17	39	27	26	12	14	35	9	27	2	38	36	28	21	11	0	12	24	2
47	13	40	16	46	5	2	17	39	27	26	12	14	35	9	27	2	38	40	38	4	36	0	12	24	2
47	13	40	16	46	5	2	17	39	27	26	12	14	35	9	27	2	39	15	27	8	13	35	12	24	2
47	13	40	16	46	5	3	27	39	17	26	12	14	35	9	27	2	5	1	44	40	37	15	12	24	2
47	13	40	16	46	5	3	27	39	17	26	12	14	35	9	27	2	8	7	18	36	27	7	12	24	2
47	13	40	16	46	5	3	27	39	17	26	12	14	35	9	27	2	11	2	27	35	34	28	12	24	2
47	13	40	16	46	5	3	27	39	17	26	12	14	35	9	27	2	12	37	40	39	45	37	12	24	2
47	13	40	16	46	5	3	27	39	17	26	12	14	35	9	27	2	15	18	7	35	26	32	12	24	2
47	13	40	16	46	5	3	27	39	17	26	12	14	35	9	27	2	16	7	34	18	43	20	12	24	2
47	13	40	16	46	5	3	27	39	17	26	12	14	35	9	27	2	18	42	45	33	10	1	12	24	2
47	13	40	16	46	5	3	27	39	17	26	12	14	35	9	27	2	21	22	34	36	10	32	12	24	2
47	13	40	16	46	5	3	27	39	17	26	12	14	35	9	27	2	24	8	8	18	34	31	12	24	2
47	13	40	16	46	5	3	27	39	17	26	12	14	35	9	27	2	31	43	25	34	31	4	12	24	2
47	13	40	16	46	5	3	27	39	17	26	12	14	35	9	27	2	32	23	45	13	31	19	12	24	2
47	13	40	16	46	5	3	27	39	17	26	12	14	35	9	27	2	35	24	31	40	38	44	12	24	2
47	13	40	16	46	5	3	27	39	17	26	12	14	35	9	27	2	37	32	15	41	8	13	12	24	2
47	13	40	16	46	5	3	27	39	17	26	12	14	35	9	27	2	38	36	28	21	11	0	12	24	2
47	13	40	16	46	5	3	27	39	17	26	12	14	35	9	27	2	38	40	38	4	36	0	12	24	2
47	13	40	16	46	5	3	27	39	17	26	12	14	35	9	27	2	39	15	27	8	13	35	12	24	2
47	14	13	39	12	9	1	28	26	31	25	1	25	25	17	45	26	2	13	13	11	5	19	12	24	2
47	14	13	39	12	9	1	28	26	31	25	1	25	25	17	45	26	2	20	40	17	42	28	12	24	2
47	14	13	39	12	9	1	28	26	31	25	1	25	25	17	45	26	4	6	36	43	45	24	12	24	2
47	14	13	39	12	9	1	28	26	31	25	1	25	25	17	45	26	7	22	7	34	43	26	12	24	2
47	14	13	39	12	9	1	28	26	31	25	1	25	25	17	45	26	10	39	3	28	8	30	12	24	2
47	14	13	39	12	9	1	28	26	31	25	1	25	25	17	45	26	12	5	1	32	21	6	12	24	2
47	14	13	39	12	9	1	28	26	31	25	1	25	25	17	45	26	13	15	27	14	43	35	12	24	2
47	14	13	39	12	9	1	28	26	31	25	1	25	25	17	45	26	14	11	17	43	20	0	12	24	2
47	14	13	39	12	9	1	28	26	31	25	1	25	25	17	45	26	14	20	21	11	27	0	12	24	2
47	14	13	39	12	9	1	28	26	31	25	1	25	25	17	45	26	18	25	26	22	25	32	12	24	2
47	14	13	39	12	9	1	28	26	31	25	1	25	25	17	45	26	20	17	10	23	0	20	12	24	2
47	14	13	39	12	9	1	28	26	31	25	1	25	25	17	45	26	23	2	30	32	9	37	12	24	2
47	14	13	39	12	9	1	28	26	31	25	1	25	25	17	45	26	37	25	6	45	34	20	12	24	2
47	14	13	39	12	9	1	28	26	31	25	1	25	25	17	45	26	38	9	26	41	29	42	12	24	2
47	14	13	39	12	9	1	28	26	31	25	1	25	25	17	45	26	42	10	18	28	46	44	12	24	2
47	14	13	39	12	9	1	28	26	31	25	1	25	25	17	45	26	44	19	27	7	44	14	12	24	2
47	14	13	39	12	9	2	28	31	26	25	1	25	25	17	45	26	2	13	13	11	5	19	12	24	2
47	14	13	39	12	9	2	28	31	26	25	1	25	25	17	45	26	2	20	40	17	42	28	12	24	2
47	14	13	39	12	9	2	28	31	26	25	1	25	25	17	45	26	4	6	36	43	45	24	12	24	2
47	14	13	39	12	9	2	28	31	26	25	1	25	25	17	45	26	7	22	7	34	43	26	12	24	2
47	14	13	39	12	9	2	28	31	26	25	1	25	25	17	45	26	10	39	3	28	8	30	12	24	2
47	14	13	39	12	9	2	28	31	26	25	1	25	25	17	45	26	12	5	1	32	21	6	12	24	2
47	14	13	39	12	9	2	28	31	26	25	1	25	25	17	45	26	13	15	27	14	43	35	12	24	2
47	14	13	39	12	9	2	28	31	26	25	1	25	25	17	45	26	14	11	17	43	20	0	12	24	2
47	14	13	39	12	9	2	28	31	26	25	1	25	25	17	45	26	14	20	21	11	27	0	12	24	2
47	14	13	39	12	9	2	28	31	26	25	1	25	25	17	45	26	18	25	26	22	25	32	12	24	2
47	14	13	39	12	9	2	28	31	26	25	1	25	25	17	45	26	20	17	10	23	0	20	12	24	2
47	14	13	39	12	9	2	28	31	26	25	1	25	25	17	45	26	23	2	30	32	9	37	12	24	2
47	14	13	39	12	9	2	28	31	26	25	1	25	25	17	45	26	37	25	6	45	34	20	12	24	2
47	14	13	39	12	9	2	28	31	26	25	1	25	25	17	45	26	38	9	26	41	29	42	12	24	2
47	14	13	39	12	9	2	28	31	26	25	1	25	25	17	45	26	42	10	18	28	46	44	12	24	2
47	14	13	39	12	9	2	28	31	26	25	1	25	25	17	45	26	44	19	27	7	44	14	12	24	2
47	14	13	39	12	9	3	26	31	28	25	1	25	25	17	45	26	2	13	13	11	5	19	12	24	2
47	14	13	39	12	9	3	26	31	28	25	1	25	25	17	45	26	2	20	40	17	42	28	12	24	2
47	14	13	39	12	9	3	26	31	28	25	1	25	25	17	45	26	4	6	36	43	45	24	12	24	2
47	14	13	39	12	9	3	26	31	28	25	1	25	25	17	45	26	7	22	7	34	43	26	12	24	2
47	14	13	39	12	9	3	26	31	28	25	1	25	25	17	45	26	10	39	3	28	8	30	12	24	2
47	14	13	39	12	9	3	26	31	28	25	1	25	25	17	45	26	12	5	1	32	21	6	12	24	2
47	14	13	39	12	9	3	26	31	28	25	1	25	25	17	45	26	13	15	27	14	43	35	12	24	2
47	14	13	39	12	9	3	26	31	28	25	1	25	25	17	45	26	14	11	17	43	20	0	12	24	2
47	14	13	39	12	9	3	26	31	28	25	1	25	25	17	45	26	14	20	21	11	27	0	12	24	2
47	14	13	39	12	9	3	26	31	28	25	1	25	25	17	45	26	18	25	26	22	25	32	12	24	2
47	14	13	39	12	9	3	26	31	28	25	1	25	25	17	45	26	20	17	10	23	0	20	12	24	2
47	14	13	39	12	9	3	26	31	28	25	1	25	25	17	45	26	23	2	30	32	9	37	12	24	2
47	14	13	39	12	9	3	26	31	28	25	1	25	25	17	45	26	37	25	6	45	34	20	12	24	2
47	14	13	39	12	9	3	26	31	28	25	1	25	25	17	45	26	38	9	26	41	29	42	12	24	2
47	14	13	39	12	9	3	26	31	28	25	1	25	25	17	45	26	42	10	18	28	46	44	12	24	2
47	14	13	39	12	9	3	26	31	28	25	1	25	25	17	45	26	44	19	27	7	44	14	12	24	2
47	14	13	39	35	38	1	19	21	16	22	9	11	44	14	31	9	3	10	7	7	26	40	12	24	2
47	14	13	39	35	38	1	19	21	16	22	9	11	44	14	31	9	6	38	12	34	2	41	12	24	2
47	14	13	39	35	38	1	19	21	16	22	9	11	44	14	31	9	16	32	43	21	32	34	12	24	2
47	14	13	39	35	38	1	19	21	16	22	9	11	44	14	31	9	17	44	18	7	35	4	12	24	2
47	14	13	39	35	38	1	19	21	16	22	9	11	44	14	31	9	19	27	27	26	46	18	12	24	2
47	14	13	39	35	38	1	19	21	16	22	9	11	44	14	31	9	23	42	30	44	2	3	12	24	2
47	14	13	39	35	38	1	19	21	16	22	9	11	44	14	31	9	24	5	30	27	45	10	12	24	2
47	14	13	39	35	38	1	19	21	16	22	9	11	44	14	31	9	34	46	30	34	44	34	12	24	2
47	14	13	39	35	38	1	19	21	16	22	9	11	44	14	31	9	38	22	21	20	44	25	12	24	2
47	14	13	39	35	38	1	19	21	16	22	9	11	44	14	31	9	40	6	36	29	9	8	12	24	2
47	14	13	39	35	38	2	19	16	21	22	9	11	44	14	31	9	3	10	7	7	26	40	12	24	2
47	14	13	39	35	38	2	19	16	21	22	9	11	44	14	31	9	6	38	12	34	2	41	12	24	2
47	14	13	39	35	38	2	19	16	21	22	9	11	44	14	31	9	16	32	43	21	32	34	12	24	2
47	14	13	39	35	38	2	19	16	21	22	9	11	44	14	31	9	17	44	18	7	35	4	12	24	2
47	14	13	39	35	38	2	19	16	21	22	9	11	44	14	31	9	19	27	27	26	46	18	12	24	2
47	14	13	39	35	38	2	19	16	21	22	9	11	44	14	31	9	23	42	30	44	2	3	12	24	2
47	14	13	39	35	38	2	19	16	21	22	9	11	44	14	31	9	24	5	30	27	45	10	12	24	2
47	14	13	39	35	38	2	19	16	21	22	9	11	44	14	31	9	34	46	30	34	44	34	12	24	2
47	14	13	39	35	38	2	19	16	21	22	9	11	44	14	31	9	38	22	21	20	44	25	12	24	2
47	14	13	39	35	38	2	19	16	21	22	9	11	44	14	31	9	40	6	36	29	9	8	12	24	2
47	14	13	39	35	38	3	21	16	19	22	9	11	44	14	31	9	3	10	7	7	26	40	12	24	2
47	14	13	39	35	38	3	21	16	19	22	9	11	44	14	31	9	6	38	12	34	2	41	12	24	2
47	14	13	39	35	38	3	21	16	19	22	9	11	44	14	31	9	16	32	43	21	32	34	12	24	2
47	14	13	39	35	38	3	21	16	19	22	9	11	44	14	31	9	17	44	18	7	35	4	12	24	2
47	14	13	39	35	38	3	21	16	19	22	9	11	44	14	31	9	19	27	27	26	46	18	12	24	2
47	14	13	39	35	38	3	21	16	19	22	9	11	44	14	31	9	23	42	30	44	2	3	12	24	2
47	14	13	39	35	38	3	21	16	19	22	9	11	44	14	31	9	24	5	30	27	45	10	12	24	2
47	14	13	39	35	38	3	21	16	19	22	9	11	44	14	31	9	34	46	30	34	44	34	12	24	2
47	14	13	39	35	38	3	21	16	19	22	9	11	44	14	31	9	38	22	21	20	44	25	12	24	2
47	14	13	39	35	38	3	21	16	19	22	9	11	44	14	31	9	40	6	36	29	9	8	12	24	2
47	14	39	13	12	9	1	28	31	26	25	1	25	25	17	45	26	2	13	13	11	5	19	12	24	2
47	14	39	13	12	9	1	28	31	26	25	1	25	25	17	45	26	2	20	40	17	42	28	12	24	2
47	14	39	13	12	9	1	28	31	26	25	1	25	25	17	45	26	4	6	36	43	45	24	12	24	2
47	14	39	13	12	9	1	28	31	26	25	1	25	25	17	45	26	7	22	7	34	43	26	12	24	2
47	14	39	13	12	9	1	28	31	26	25	1	25	25	17	45	26	10	39	3	28	8	30	12	24	2
47	14	39	13	12	9	1	28	31	26	25	1	25	25	17	45	26	12	5	1	32	21	6	12	24	2
47	14	39	13	12	9	1	28	31	26	25	1	25	25	17	45	26	13	15	27	14	43	35	12	24	2
47	14	39	13	12	9	1	28	31	26	25	1	25	25	17	45	26	14	11	17	43	20	0	12	24	2
47	14	39	13	12	9	1	28	31	26	25	1	25	25	17	45	26	14	20	21	11	27	0	12	24	2
47	14	39	13	12	9	1	28	31	26	25	1	25	25	17	45	26	18	25	26	22	25	32	12	24	2
47	14	39	13	12	9	1	28	31	26	25	1	25	25	17	45	26	20	17	10	23	0	20	12	24	2
47	14	39	13	12	9	1	28	31	26	25	1	25	25	17	45	26	23	2	30	32	9	37	12	24	2
47	14	39	13	12	9	1	28	31	26	25	1	25	25	17	45	26	37	25	6	45	34	20	12	24	2
47	14	39	13	12	9	1	28	31	26	25	1	25	25	17	45	26	38	9	26	41	29	42	12	24	2
47	14	39	13	12	9	1	28	31	26	25	1	25	25	17	45	26	42	10	18	28	46	44	12	24	2
47	14	39	13	12	9	1	28	31	26	25	1	25	25	17	45	26	44	19	27	7	44	14	12	24	2
47	14	39	13	12	9	2	28	26	31	25	1	25	25	17	45	26	2	13	13	11	5	19	12	24	2
47	14	39	13	12	9	2	28	26	31	25	1	25	25	17	45	26	2	20	40	17	42	28	12	24	2
47	14	39	13	12	9	2	28	26	31	25	1	25	25	17	45	26	4	6	36	43	45	24	12	24	2
47	14	39	13	12	9	2	28	26	31	25	1	25	25	17	45	26	7	22	7	34	43	26	12	24	2
47	14	39	13	12	9	2	28	26	31	25	1	25	25	17	45	26	10	39	3	28	8	30	12	24	2
47	14	39	13	12	9	2	28	26	31	25	1	25	25	17	45	26	12	5	1	32	21	6	12	24	2
47	14	39	13	12	9	2	28	26	31	25	1	25	25	17	45	26	13	15	27	14	43	35	12	24	2
47	14	39	13	12	9	2	28	26	31	25	1	25	25	17	45	26	14	11	17	43	20	0	12	24	2
47	14	39	13	12	9	2	28	26	31	25	1	25	25	17	45	26	14	20	21	11	27	0	12	24	2
47	14	39	13	12	9	2	28	26	31	25	1	25	25	17	45	26	18	25	26	22	25	32	12	24	2
47	14	39	13	12	9	2	28	26	31	25	1	25	25	17	45	26	20	17	10	23	0	20	12	24	2
47	14	39	13	12	9	2	28	26	31	25	1	25	25	17	45	26	23	2	30	32	9	37	12	24	2
47	14	39	13	12	9	2	28	26	31	25	1	25	25	17	45	26	37	25	6	45	34	20	12	24	2
47	14	39	13	12	9	2	28	26	31	25	1	25	25	17	45	26	38	9	26	41	29	42	12	24	2
47	14	39	13	12	9	2	28	26	31	25	1	25	25	17	45	26	42	10	18	28	46	44	12	24	2
47	14	39	13	12	9	2	28	26	31	25	1	25	25	17	45	26	44	19	27	7	44	14	12	24	2
47	14	39	13	12	9	3	31	26	28	25	1	25	25	17	45	26	2	13	13	11	5	19	12	24	2
47	14	39	13	12	9	3	31	26	28	25	1	25	25	17	45	26	2	20	40	17	42	28	12	24	2
47	14	39	13	12	9	3	31	26	28	25	1	25	25	17	45	26	4	6	36	43	45	24	12	24	2
47	14	39	13	12	9	3	31	26	28	25	1	25	25	17	45	26	7	22	7	34	43	26	12	24	2
47	14	39	13	12	9	3	31	26	28	25	1	25	25	17	45	26	10	39	3	28	8	30	12	24	2
47	14	39	13	12	9	3	31	26	28	25	1	25	25	17	45	26	12	5	1	32	21	6	12	24	2
47	14	39	13	12	9	3	31	26	28	25	1	25	25	17	45	26	13	15	27	14	43	35	12	24	2
47	14	39	13	12	9	3	31	26	28	25	1	25	25	17	45	26	14	11	17	43	20	0	12	24	2
47	14	39	13	12	9	3	31	26	28	25	1	25	25	17	45	26	14	20	21	11	27	0	12	24	2
47	14	39	13	12	9	3	31	26	28	25	1	25	25	17	45	26	18	25	26	22	25	32	12	24	2
47	14	39	13	12	9	3	31	26	28	25	1	25	25	17	45	26	20	17	10	23	0	20	12	24	2
47	14	39	13	12	9	3	31	26	28	25	1	25	25	17	45	26	23	2	30	32	9	37	12	24	2
47	14	39	13	12	9	3	31	26	28	25	1	25	25	17	45	26	37	25	6	45	34	20	12	24	2
47	14	39	13	12	9	3	31	26	28	25	1	25	25	17	45	26	38	9	26	41	29	42	12	24	2
47	14	39	13	12	9	3	31	26	28	25	1	25	25	17	45	26	42	10	18	28	46	44	12	24	2
47	14	39	13	12	9	3	31	26	28	25	1	25	25	17	45	26	44	19	27	7	44	14	12	24	2
47	14	39	13	35	38	1	19	16	21	22	9	11	44	14	31	9	3	10	7	7	26	40	12	24	2
47	14	39	13	35	38	1	19	16	21	22	9	11	44	14	31	9	6	38	12	34	2	41	12	24	2
47	14	39	13	35	38	1	19	16	21	22	9	11	44	14	31	9	16	32	43	21	32	34	12	24	2
47	14	39	13	35	38	1	19	16	21	22	9	11	44	14	31	9	17	44	18	7	35	4	12	24	2
47	14	39	13	35	38	1	19	16	21	22	9	11	44	14	31	9	19	27	27	26	46	18	12	24	2
47	14	39	13	35	38	1	19	16	21	22	9	11	44	14	31	9	23	42	30	44	2	3	12	24	2
47	14	39	13	35	38	1	19	16	21	22	9	11	44	14	31	9	24	5	30	27	45	10	12	24	2
47	14	39	13	35	38	1	19	16	21	22	9	11	44	14	31	9	34	46	30	34	44	34	12	24	2
47	14	39	13	35	38	1	19	16	21	22	9	11	44	14	31	9	38	22	21	20	44	25	12	24	2
47	14	39	13	35	38	1	19	16	21	22	9	11	44	14	31	9	40	6	36	29	9	8	12	24	2
47	14	39	13	35	38	2	19	21	16	22	9	11	44	14	31	9	3	10	7	7	26	40	12	24	2
47	14	39	13	35	38	2	19	21	16	22	9	11	44	14	31	9	6	38	12	34	2	41	12	24	2
47	14	39	13	35	38	2	19	21	16	22	9	11	44	14	31	9	16	32	43	21	32	34	12	24	2
47	14	39	13	35	38	2	19	21	16	22	9	11	44	14	31	9	17	44	18	7	35	4	12	24	2
47	14	39	13	35	38	2	19	21	16	22	9	11	44	14	31	9	19	27	27	26	46	18	12	24	2
47	14	39	13	35	38	2	19	21	16	22	9	11	44	14	31	9	23	42	30	44	2	3	12	24	2
47	14	39	13	35	38	2	19	21	16	22	9	11	44	14	31	9	24	5	30	27	45	10	12	24	2
47	14	39	13	35	38	2	19	21	16	22	9	11	44	14	31	9	34	46	30	34	44	34	12	24	2
47	14	39	13	35	38	2	19	21	16	22	9	11	44	14	31	9	38	22	21	20	44	25	12	24	2
47	14	39	13	35	38	2	19	21	16	22	9	11	44	14	31	9	40	6	36	29	9	8	12	24	2
47	14	39	13	35	38	3	16	21	19	22	9	11	44	14	31	9	3	10	7	7	26	40	12	24	2
47	14	39	13	35	38	3	16	21	19	22	9	11	44	14	31	9	6	38	12	34	2	41	12	24	2
47	14	39	13	35	38	3	16	21	19	22	9	11	44	14	31	9	16	32	43	21	32	34	12	24	2
47	14	39	13	35	38	3	16	21	19	22	9	11	44	14	31	9	17	44	18	7	35	4	12	24	2
47	14	39	13	35	38	3	16	21	19	22	9	11	44	14	31	9	19	27	27	26	46	18	12	24	2
47	14	39	13	35	38	3	16	21	19	22	9	11	44	14	31	9	23	42	30	44	2	3	12	24	2
47	14	39	13	35	38	3	16	21	19	22	9	11	44	14	31	9	24	5	30	27	45	10	12	24	2
47	14	39	13	35	38	3	16	21	19	22	9	11	44	14	31	9	34	46	30	34	44	34	12	24	2
47	14	39	13	35	38	3	16	21	19	22	9	11	44	14	31	9	38	22	21	20	44	25	12	24	2
47	14	39	13	35	38	3	16	21	19	22	9	11	44	14	31	9	40	6	36	29	9	8	12	24	2
47	15	24	44	14	6	1	19	21	15	18	2	18	24	21	46	3	1	25	13	33	22	2	12	24	2
47	15	24	44	14	6	1	19	21	15	18	2	18	24	21	46	3	2	8	10	45	29	39	12	24	2
47	15	24	44	14	6	1	19	21	15	18	2	18	24	21	46	3	2	11	35	25	18	8	12	24	2
47	15	24	44	14	6	1	19	21	15	18	2	18	24	21	46	3	3	46	9	29	22	25	12	24	2
47	15	24	44	14	6	1	19	21	15	18	2	18	24	21	46	3	4	12	37	32	16	16	12	24	2
47	15	24	44	14	6	1	19	21	15	18	2	18	24	21	46	3	6	14	45	31	43	38	12	24	2
47	15	24	44	14	6	1	19	21	15	18	2	18	24	21	46	3	8	4	18	15	41	35	12	24	2
47	15	24	44	14	6	1	19	21	15	18	2	18	24	21	46	3	13	24	29	24	14	13	12	24	2
47	15	24	44	14	6	1	19	21	15	18	2	18	24	21	46	3	16	14	26	6	38	18	12	24	2
47	15	24	44	14	6	1	19	21	15	18	2	18	24	21	46	3	21	17	7	9	32	45	12	24	2
47	15	24	44	14	6	1	19	21	15	18	2	18	24	21	46	3	23	28	1	26	1	26	12	24	2
47	15	24	44	14	6	1	19	21	15	18	2	18	24	21	46	3	30	1	33	7	33	20	12	24	2
47	15	24	44	14	6	1	19	21	15	18	2	18	24	21	46	3	31	26	0	6	40	29	12	24	2
47	15	24	44	14	6	1	19	21	15	18	2	18	24	21	46	3	35	28	33	5	14	42	12	24	2
47	15	24	44	14	6	1	19	21	15	18	2	18	24	21	46	3	36	16	22	40	28	32	12	24	2
47	15	24	44	14	6	1	19	21	15	18	2	18	24	21	46	3	46	32	3	4	35	27	12	24	2
47	15	24	44	14	6	2	19	15	21	18	2	18	24	21	46	3	1	25	13	33	22	2	12	24	2
47	15	24	44	14	6	2	19	15	21	18	2	18	24	21	46	3	2	8	10	45	29	39	12	24	2
47	15	24	44	14	6	2	19	15	21	18	2	18	24	21	46	3	2	11	35	25	18	8	12	24	2
47	15	24	44	14	6	2	19	15	21	18	2	18	24	21	46	3	3	46	9	29	22	25	12	24	2
47	15	24	44	14	6	2	19	15	21	18	2	18	24	21	46	3	4	12	37	32	16	16	12	24	2
47	15	24	44	14	6	2	19	15	21	18	2	18	24	21	46	3	6	14	45	31	43	38	12	24	2
47	15	24	44	14	6	2	19	15	21	18	2	18	24	21	46	3	8	4	18	15	41	35	12	24	2
47	15	24	44	14	6	2	19	15	21	18	2	18	24	21	46	3	13	24	29	24	14	13	12	24	2
47	15	24	44	14	6	2	19	15	21	18	2	18	24	21	46	3	16	14	26	6	38	18	12	24	2
47	15	24	44	14	6	2	19	15	21	18	2	18	24	21	46	3	21	17	7	9	32	45	12	24	2
47	15	24	44	14	6	2	19	15	21	18	2	18	24	21	46	3	23	28	1	26	1	26	12	24	2
47	15	24	44	14	6	2	19	15	21	18	2	18	24	21	46	3	30	1	33	7	33	20	12	24	2
47	15	24	44	14	6	2	19	15	21	18	2	18	24	21	46	3	31	26	0	6	40	29	12	24	2
47	15	24	44	14	6	2	19	15	21	18	2	18	24	21	46	3	35	28	33	5	14	42	12	24	2
47	15	24	44	14	6	2	19	15	21	18	2	18	24	21	46	3	36	16	22	40	28	32	12	24	2
47	15	24	44	14	6	2	19	15	21	18	2	18	24	21	46	3	46	32	3	4	35	27	12	24	2
47	15	24	44	14	6	3	21	15	19	18	2	18	24	21	46	3	1	25	13	33	22	2	12	24	2
47	15	24	44	14	6	3	21	15	19	18	2	18	24	21	46	3	2	8	10	45	29	39	12	24	2
47	15	24	44	14	6	3	21	15	19	18	2	18	24	21	46	3	2	11	35	25	18	8	12	24	2
47	15	24	44	14	6	3	21	15	19	18	2	18	24	21	46	3	3	46	9	29	22	25	12	24	2
47	15	24	44	14	6	3	21	15	19	18	2	18	24	21	46	3	4	12	37	32	16	16	12	24	2
47	15	24	44	14	6	3	21	15	19	18	2	18	24	21	46	3	6	14	45	31	43	38	12	24	2
47	15	24	44	14	6	3	21	15	19	18	2	18	24	21	46	3	8	4	18	15	41	35	12	24	2
47	15	24	44	14	6	3	21	15	19	18	2	18	24	21	46	3	13	24	29	24	14	13	12	24	2
47	15	24	44	14	6	3	21	15	19	18	2	18	24	21	46	3	16	14	26	6	38	18	12	24	2
47	15	24	44	14	6	3	21	15	19	18	2	18	24	21	46	3	21	17	7	9	32	45	12	24	2
47	15	24	44	14	6	3	21	15	19	18	2	18	24	21	46	3	23	28	1	26	1	26	12	24	2
47	15	24	44	14	6	3	21	15	19	18	2	18	24	21	46	3	30	1	33	7	33	20	12	24	2
47	15	24	44	14	6	3	21	15	19	18	2	18	24	21	46	3	31	26	0	6	40	29	12	24	2
47	15	24	44	14	6	3	21	15	19	18	2	18	24	21	46	3	35	28	33	5	14	42	12	24	2
47	15	24	44	14	6	3	21	15	19	18	2	18	24	21	46	3	36	16	22	40	28	32	12	24	2
47	15	24	44	14	6	3	21	15	19	18	2	18	24	21	46	3	46	32	3	4	35	27	12	24	2
47	15	24	44	33	41	1	28	26	32	29	45	19	34	42	13	41	1	3	43	38	46	28	12	24	2
47	15	24	44	33	41	1	28	26	32	29	45	19	34	42	13	41	9	13	46	19	44	5	12	24	2
47	15	24	44	33	41	1	28	26	32	29	45	19	34	42	13	41	17	6	8	25	23	3	12	24	2
47	15	24	44	33	41	1	28	26	32	29	45	19	34	42	13	41	20	17	38	9	21	41	12	24	2
47	15	24	44	33	41	1	28	26	32	29	45	19	34	42	13	41	24	6	27	43	40	45	12	24	2
47	15	24	44	33	41	1	28	26	32	29	45	19	34	42	13	41	25	25	23	24	41	46	12	24	2
47	15	24	44	33	41	1	28	26	32	29	45	19	34	42	13	41	28	3	13	2	9	28	12	24	2
47	15	24	44	33	41	1	28	26	32	29	45	19	34	42	13	41	29	41	19	33	44	33	12	24	2
47	15	24	44	33	41	1	28	26	32	29	45	19	34	42	13	41	30	16	15	31	7	16	12	24	2
47	15	24	44	33	41	1	28	26	32	29	45	19	34	42	13	41	31	12	0	36	4	43	12	24	2
47	15	24	44	33	41	1	28	26	32	29	45	19	34	42	13	41	33	4	7	4	21	34	12	24	2
47	15	24	44	33	41	1	28	26	32	29	45	19	34	42	13	41	34	38	22	39	39	12	12	24	2
47	15	24	44	33	41	1	28	26	32	29	45	19	34	42	13	41	37	37	14	18	24	30	12	24	2
47	15	24	44	33	41	1	28	26	32	29	45	19	34	42	13	41	41	7	23	13	23	26	12	24	2
47	15	24	44	33	41	1	28	26	32	29	45	19	34	42	13	41	41	43	17	1	24	21	12	24	2
47	15	24	44	33	41	1	28	26	32	29	45	19	34	42	13	41	43	30	8	10	7	27	12	24	2
47	15	24	44	33	41	2	28	32	26	29	45	19	34	42	13	41	1	3	43	38	46	28	12	24	2
47	15	24	44	33	41	2	28	32	26	29	45	19	34	42	13	41	9	13	46	19	44	5	12	24	2
47	15	24	44	33	41	2	28	32	26	29	45	19	34	42	13	41	17	6	8	25	23	3	12	24	2
47	15	24	44	33	41	2	28	32	26	29	45	19	34	42	13	41	20	17	38	9	21	41	12	24	2
47	15	24	44	33	41	2	28	32	26	29	45	19	34	42	13	41	24	6	27	43	40	45	12	24	2
47	15	24	44	33	41	2	28	32	26	29	45	19	34	42	13	41	25	25	23	24	41	46	12	24	2
47	15	24	44	33	41	2	28	32	26	29	45	19	34	42	13	41	28	3	13	2	9	28	12	24	2
47	15	24	44	33	41	2	28	32	26	29	45	19	34	42	13	41	29	41	19	33	44	33	12	24	2
47	15	24	44	33	41	2	28	32	26	29	45	19	34	42	13	41	30	16	15	31	7	16	12	24	2
47	15	24	44	33	41	2	28	32	26	29	45	19	34	42	13	41	31	12	0	36	4	43	12	24	2
47	15	24	44	33	41	2	28	32	26	29	45	19	34	42	13	41	33	4	7	4	21	34	12	24	2
47	15	24	44	33	41	2	28	32	26	29	45	19	34	42	13	41	34	38	22	39	39	12	12	24	2
47	15	24	44	33	41	2	28	32	26	29	45	19	34	42	13	41	37	37	14	18	24	30	12	24	2
47	15	24	44	33	41	2	28	32	26	29	45	19	34	42	13	41	41	7	23	13	23	26	12	24	2
47	15	24	44	33	41	2	28	32	26	29	45	19	34	42	13	41	41	43	17	1	24	21	12	24	2
47	15	24	44	33	41	2	28	32	26	29	45	19	34	42	13	41	43	30	8	10	7	27	12	24	2
47	15	24	44	33	41	3	26	32	28	29	45	19	34	42	13	41	1	3	43	38	46	28	12	24	2
47	15	24	44	33	41	3	26	32	28	29	45	19	34	42	13	41	9	13	46	19	44	5	12	24	2
47	15	24	44	33	41	3	26	32	28	29	45	19	34	42	13	41	17	6	8	25	23	3	12	24	2
47	15	24	44	33	41	3	26	32	28	29	45	19	34	42	13	41	20	17	38	9	21	41	12	24	2
47	15	24	44	33	41	3	26	32	28	29	45	19	34	42	13	41	24	6	27	43	40	45	12	24	2
47	15	24	44	33	41	3	26	32	28	29	45	19	34	42	13	41	25	25	23	24	41	46	12	24	2
47	15	24	44	33	41	3	26	32	28	29	45	19	34	42	13	41	28	3	13	2	9	28	12	24	2
47	15	24	44	33	41	3	26	32	28	29	45	19	34	42	13	41	29	41	19	33	44	33	12	24	2
47	15	24	44	33	41	3	26	32	28	29	45	19	34	42	13	41	30	16	15	31	7	16	12	24	2
47	15	24	44	33	41	3	26	32	28	29	45	19	34	42	13	41	31	12	0	36	4	43	12	24	2
47	15	24	44	33	41	3	26	32	28	29	45	19	34	42	13	41	33	4	7	4	21	34	12	24	2
47	15	24	44	33	41	3	26	32	28	29	45	19	34	42	13	41	34	38	22	39	39	12	12	24	2
47	15	24	44	33	41	3	26	32	28	29	45	19	34	42	13	41	37	37	14	18	24	30	12	24	2
47	15	24	44	33	41	3	26	32	28	29	45	19	34	42	13	41	41	7	23	13	23	26	12	24	2
47	15	24	44	33	41	3	26	32	28	29	45	19	34	42	13	41	41	43	17	1	24	21	12	24	2
47	15	24	44	33	41	3	26	32	28	29	45	19	34	42	13	41	43	30	8	10	7	27	12	24	2
47	15	44	24	14	6	1	19	15	21	18	2	18	24	21	46	3	1	25	13	33	22	2	12	24	2
47	15	44	24	14	6	1	19	15	21	18	2	18	24	21	46	3	2	8	10	45	29	39	12	24	2
47	15	44	24	14	6	1	19	15	21	18	2	18	24	21	46	3	2	11	35	25	18	8	12	24	2
47	15	44	24	14	6	1	19	15	21	18	2	18	24	21	46	3	3	46	9	29	22	25	12	24	2
47	15	44	24	14	6	1	19	15	21	18	2	18	24	21	46	3	4	12	37	32	16	16	12	24	2
47	15	44	24	14	6	1	19	15	21	18	2	18	24	21	46	3	6	14	45	31	43	38	12	24	2
47	15	44	24	14	6	1	19	15	21	18	2	18	24	21	46	3	8	4	18	15	41	35	12	24	2
47	15	44	24	14	6	1	19	15	21	18	2	18	24	21	46	3	13	24	29	24	14	13	12	24	2
47	15	44	24	14	6	1	19	15	21	18	2	18	24	21	46	3	16	14	26	6	38	18	12	24	2
47	15	44	24	14	6	1	19	15	21	18	2	18	24	21	46	3	21	17	7	9	32	45	12	24	2
47	15	44	24	14	6	1	19	15	21	18	2	18	24	21	46	3	23	28	1	26	1	26	12	24	2
47	15	44	24	14	6	1	19	15	21	18	2	18	24	21	46	3	30	1	33	7	33	20	12	24	2
47	15	44	24	14	6	1	19	15	21	18	2	18	24	21	46	3	31	26	0	6	40	29	12	24	2
47	15	44	24	14	6	1	19	15	21	18	2	18	24	21	46	3	35	28	33	5	14	42	12	24	2
47	15	44	24	14	6	1	19	15	21	18	2	18	24	21	46	3	36	16	22	40	28	32	12	24	2
47	15	44	24	14	6	1	19	15	21	18	2	18	24	21	46	3	46	32	3	4	35	27	12	24	2
47	15	44	24	14	6	2	19	21	15	18	2	18	24	21	46	3	1	25	13	33	22	2	12	24	2
47	15	44	24	14	6	2	19	21	15	18	2	18	24	21	46	3	2	8	10	45	29	39	12	24	2
47	15	44	24	14	6	2	19	21	15	18	2	18	24	21	46	3	2	11	35	25	18	8	12	24	2
47	15	44	24	14	6	2	19	21	15	18	2	18	24	21	46	3	3	46	9	29	22	25	12	24	2
47	15	44	24	14	6	2	19	21	15	18	2	18	24	21	46	3	4	12	37	32	16	16	12	24	2
47	15	44	24	14	6	2	19	21	15	18	2	18	24	21	46	3	6	14	45	31	43	38	12	24	2
47	15	44	24	14	6	2	19	21	15	18	2	18	24	21	46	3	8	4	18	15	41	35	12	24	2
47	15	44	24	14	6	2	19	21	15	18	2	18	24	21	46	3	13	24	29	24	14	13	12	24	2
47	15	44	24	14	6	2	19	21	15	18	2	18	24	21	46	3	16	14	26	6	38	18	12	24	2
47	15	44	24	14	6	2	19	21	15	18	2	18	24	21	46	3	21	17	7	9	32	45	12	24	2
47	15	44	24	14	6	2	19	21	15	18	2	18	24	21	46	3	23	28	1	26	1	26	12	24	2
47	15	44	24	14	6	2	19	21	15	18	2	18	24	21	46	3	30	1	33	7	33	20	12	24	2
47	15	44	24	14	6	2	19	21	15	18	2	18	24	21	46	3	31	26	0	6	40	29	12	24	2
47	15	44	24	14	6	2	19	21	15	18	2	18	24	21	46	3	35	28	33	5	14	42	12	24	2
47	15	44	24	14	6	2	19	21	15	18	2	18	24	21	46	3	36	16	22	40	28	32	12	24	2
47	15	44	24	14	6	2	19	21	15	18	2	18	24	21	46	3	46	32	3	4	35	27	12	24	2
47	15	44	24	14	6	3	15	21	19	18	2	18	24	21	46	3	1	25	13	33	22	2	12	24	2
47	15	44	24	14	6	3	15	21	19	18	2	18	24	21	46	3	2	8	10	45	29	39	12	24	2
47	15	44	24	14	6	3	15	21	19	18	2	18	24	21	46	3	2	11	35	25	18	8	12	24	2
47	15	44	24	14	6	3	15	21	19	18	2	18	24	21	46	3	3	46	9	29	22	25	12	24	2
47	15	44	24	14	6	3	15	21	19	18	2	18	24	21	46	3	4	12	37	32	16	16	12	24	2
47	15	44	24	14	6	3	15	21	19	18	2	18	24	21	46	3	6	14	45	31	43	38	12	24	2
47	15	44	24	14	6	3	15	21	19	18	2	18	24	21	46	3	8	4	18	15	41	35	12	24	2
47	15	44	24	14	6	3	15	21	19	18	2	18	24	21	46	3	13	24	29	24	14	13	12	24	2
47	15	44	24	14	6	3	15	21	19	18	2	18	24	21	46	3	16	14	26	6	38	18	12	24	2
47	15	44	24	14	6	3	15	21	19	18	2	18	24	21	46	3	21	17	7	9	32	45	12	24	2
47	15	44	24	14	6	3	15	21	19	18	2	18	24	21	46	3	23	28	1	26	1	26	12	24	2
47	15	44	24	14	6	3	15	21	19	18	2	18	24	21	46	3	30	1	33	7	33	20	12	24	2
47	15	44	24	14	6	3	15	21	19	18	2	18	24	21	46	3	31	26	0	6	40	29	12	24	2
47	15	44	24	14	6	3	15	21	19	18	2	18	24	21	46	3	35	28	33	5	14	42	12	24	2
47	15	44	24	14	6	3	15	21	19	18	2	18	24	21	46	3	36	16	22	40	28	32	12	24	2
47	15	44	24	14	6	3	15	21	19	18	2	18	24	21	46	3	46	32	3	4	35	27	12	24	2
47	15	44	24	33	41	1	28	32	26	29	45	19	34	42	13	41	1	3	43	38	46	28	12	24	2
47	15	44	24	33	41	1	28	32	26	29	45	19	34	42	13	41	9	13	46	19	44	5	12	24	2
47	15	44	24	33	41	1	28	32	26	29	45	19	34	42	13	41	17	6	8	25	23	3	12	24	2
47	15	44	24	33	41	1	28	32	26	29	45	19	34	42	13	41	20	17	38	9	21	41	12	24	2
47	15	44	24	33	41	1	28	32	26	29	45	19	34	42	13	41	24	6	27	43	40	45	12	24	2
47	15	44	24	33	41	1	28	32	26	29	45	19	34	42	13	41	25	25	23	24	41	46	12	24	2
47	15	44	24	33	41	1	28	32	26	29	45	19	34	42	13	41	28	3	13	2	9	28	12	24	2
47	15	44	24	33	41	1	28	32	26	29	45	19	34	42	13	41	29	41	19	33	44	33	12	24	2
47	15	44	24	33	41	1	28	32	26	29	45	19	34	42	13	41	30	16	15	31	7	16	12	24	2
47	15	44	24	33	41	1	28	32	26	29	45	19	34	42	13	41	31	12	0	36	4	43	12	24	2
47	15	44	24	33	41	1	28	32	26	29	45	19	34	42	13	41	33	4	7	4	21	34	12	24	2
47	15	44	24	33	41	1	28	32	26	29	45	19	34	42	13	41	34	38	22	39	39	12	12	24	2
47	15	44	24	33	41	1	28	32	26	29	45	19	34	42	13	41	37	37	14	18	24	30	12	24	2
47	15	44	24	33	41	1	28	32	26	29	45	19	34	42	13	41	41	7	23	13	23	26	12	24	2
47	15	44	24	33	41	1	28	32	26	29	45	19	34	42	13	41	41	43	17	1	24	21	12	24	2
47	15	44	24	33	41	1	28	32	26	29	45	19	34	42	13	41	43	30	8	10	7	27	12	24	2
47	15	44	24	33	41	2	28	26	32	29	45	19	34	42	13	41	1	3	43	38	46	28	12	24	2
47	15	44	24	33	41	2	28	26	32	29	45	19	34	42	13	41	9	13	46	19	44	5	12	24	2
47	15	44	24	33	41	2	28	26	32	29	45	19	34	42	13	41	17	6	8	25	23	3	12	24	2
47	15	44	24	33	41	2	28	26	32	29	45	19	34	42	13	41	20	17	38	9	21	41	12	24	2
47	15	44	24	33	41	2	28	26	32	29	45	19	34	42	13	41	24	6	27	43	40	45	12	24	2
47	15	44	24	33	41	2	28	26	32	29	45	19	34	42	13	41	25	25	23	24	41	46	12	24	2
47	15	44	24	33	41	2	28	26	32	29	45	19	34	42	13	41	28	3	13	2	9	28	12	24	2
47	15	44	24	33	41	2	28	26	32	29	45	19	34	42	13	41	29	41	19	33	44	33	12	24	2
47	15	44	24	33	41	2	28	26	32	29	45	19	34	42	13	41	30	16	15	31	7	16	12	24	2
47	15	44	24	33	41	2	28	26	32	29	45	19	34	42	13	41	31	12	0	36	4	43	12	24	2
47	15	44	24	33	41	2	28	26	32	29	45	19	34	42	13	41	33	4	7	4	21	34	12	24	2
47	15	44	24	33	41	2	28	26	32	29	45	19	34	42	13	41	34	38	22	39	39	12	12	24	2
47	15	44	24	33	41	2	28	26	32	29	45	19	34	42	13	41	37	37	14	18	24	30	12	24	2
47	15	44	24	33	41	2	28	26	32	29	45	19	34	42	13	41	41	7	23	13	23	26	12	24	2
47	15	44	24	33	41	2	28	26	32	29	45	19	34	42	13	41	41	43	17	1	24	21	12	24	2
47	15	44	24	33	41	2	28	26	32	29	45	19	34	42	13	41	43	30	8	10	7	27	12	24	2
47	15	44	24	33	41	3	32	26	28	29	45	19	34	42	13	41	1	3	43	38	46	28	12	24	2
47	15	44	24	33	41	3	32	26	28	29	45	19	34	42	13	41	9	13	46	19	44	5	12	24	2
47	15	44	24	33	41	3	32	26	28	29	45	19	34	42	13	41	17	6	8	25	23	3	12	24	2
47	15	44	24	33	41	3	32	26	28	29	45	19	34	42	13	41	20	17	38	9	21	41	12	24	2
47	15	44	24	33	41	3	32	26	28	29	45	19	34	42	13	41	24	6	27	43	40	45	12	24	2
47	15	44	24	33	41	3	32	26	28	29	45	19	34	42	13	41	25	25	23	24	41	46	12	24	2
47	15	44	24	33	41	3	32	26	28	29	45	19	34	42	13	41	28	3	13	2	9	28	12	24	2
47	15	44	24	33	41	3	32	26	28	29	45	19	34	42	13	41	29	41	19	33	44	33	12	24	2
47	15	44	24	33	41	3	32	26	28	29	45	19	34	42	13	41	30	16	15	31	7	16	12	24	2
47	15	44	24	33	41	3	32	26	28	29	45	19	34	42	13	41	31	12	0	36	4	43	12	24	2
47	15	44	24	33	41	3	32	26	28	29	45	19	34	42	13	41	33	4	7	4	21	34	12	24	2
47	15	44	24	33	41	3	32	26	28	29	45	19	34	42	13	41	34	38	22	39	39	12	12	24	2
47	15	44	24	33	41	3	32	26	28	29	45	19	34	42	13	41	37	37	14	18	24	30	12	24	2
47	15	44	24	33	41	3	32	26	28	29	45	19	34	42	13	41	41	7	23	13	23	26	12	24	2
47	15	44	24	33	41	3	32	26	28	29	45	19	34	42	13	41	41	43	17	1	24	21	12	24	2
47	15	44	24	33	41	3	32	26	28	29	45	19	34	42	13	41	43	30	8	10	7	27	12	24	2
47	16	7	34	1	42	1	8	27	17	21	10	45	1	37	8	7	7	33	10	39	2	46	12	24	2
47	16	7	34	1	42	1	8	27	17	21	10	45	1	37	8	7	11	36	43	46	20	27	12	24	2
47	16	7	34	1	42	1	8	27	17	21	10	45	1	37	8	7	14	21	46	10	14	35	12	24	2
47	16	7	34	1	42	1	8	27	17	21	10	45	1	37	8	7	21	5	5	7	43	7	12	24	2
47	16	7	34	1	42	1	8	27	17	21	10	45	1	37	8	7	22	34	22	4	15	31	12	24	2
47	16	7	34	1	42	1	8	27	17	21	10	45	1	37	8	7	22	37	20	13	32	16	12	24	2
47	16	7	34	1	42	1	8	27	17	21	10	45	1	37	8	7	27	12	13	12	43	35	12	24	2
47	16	7	34	1	42	1	8	27	17	21	10	45	1	37	8	7	29	39	0	28	21	31	12	24	2
47	16	7	34	1	42	1	8	27	17	21	10	45	1	37	8	7	32	2	20	41	30	30	12	24	2
47	16	7	34	1	42	1	8	27	17	21	10	45	1	37	8	7	37	44	25	22	7	7	12	24	2
47	16	7	34	1	42	1	8	27	17	21	10	45	1	37	8	7	39	7	11	3	39	42	12	24	2
47	16	7	34	1	42	1	8	27	17	21	10	45	1	37	8	7	41	9	14	38	20	5	12	24	2
47	16	7	34	1	42	1	8	27	17	21	10	45	1	37	8	7	43	6	21	33	22	24	12	24	2
47	16	7	34	1	42	1	8	27	17	21	10	45	1	37	8	7	44	9	34	18	46	6	12	24	2
47	16	7	34	1	42	1	8	27	17	21	10	45	1	37	8	7	45	27	28	21	9	37	12	24	2
47	16	7	34	1	42	1	8	27	17	21	10	45	1	37	8	7	46	36	11	36	40	35	12	24	2
47	16	7	34	1	42	2	8	17	27	21	10	45	1	37	8	7	7	33	10	39	2	46	12	24	2
47	16	7	34	1	42	2	8	17	27	21	10	45	1	37	8	7	11	36	43	46	20	27	12	24	2
47	16	7	34	1	42	2	8	17	27	21	10	45	1	37	8	7	14	21	46	10	14	35	12	24	2
47	16	7	34	1	42	2	8	17	27	21	10	45	1	37	8	7	21	5	5	7	43	7	12	24	2
47	16	7	34	1	42	2	8	17	27	21	10	45	1	37	8	7	22	34	22	4	15	31	12	24	2
47	16	7	34	1	42	2	8	17	27	21	10	45	1	37	8	7	22	37	20	13	32	16	12	24	2
47	16	7	34	1	42	2	8	17	27	21	10	45	1	37	8	7	27	12	13	12	43	35	12	24	2
47	16	7	34	1	42	2	8	17	27	21	10	45	1	37	8	7	29	39	0	28	21	31	12	24	2
47	16	7	34	1	42	2	8	17	27	21	10	45	1	37	8	7	32	2	20	41	30	30	12	24	2
47	16	7	34	1	42	2	8	17	27	21	10	45	1	37	8	7	37	44	25	22	7	7	12	24	2
47	16	7	34	1	42	2	8	17	27	21	10	45	1	37	8	7	39	7	11	3	39	42	12	24	2
47	16	7	34	1	42	2	8	17	27	21	10	45	1	37	8	7	41	9	14	38	20	5	12	24	2
47	16	7	34	1	42	2	8	17	27	21	10	45	1	37	8	7	43	6	21	33	22	24	12	24	2
47	16	7	34	1	42	2	8	17	27	21	10	45	1	37	8	7	44	9	34	18	46	6	12	24	2
47	16	7	34	1	42	2	8	17	27	21	10	45	1	37	8	7	45	27	28	21	9	37	12	24	2
47	16	7	34	1	42	2	8	17	27	21	10	45	1	37	8	7	46	36	11	36	40	35	12	24	2
47	16	7	34	1	42	3	27	17	8	21	10	45	1	37	8	7	7	33	10	39	2	46	12	24	2
47	16	7	34	1	42	3	27	17	8	21	10	45	1	37	8	7	11	36	43	46	20	27	12	24	2
47	16	7	34	1	42	3	27	17	8	21	10	45	1	37	8	7	14	21	46	10	14	35	12	24	2
47	16	7	34	1	42	3	27	17	8	21	10	45	1	37	8	7	21	5	5	7	43	7	12	24	2
47	16	7	34	1	42	3	27	17	8	21	10	45	1	37	8	7	22	34	22	4	15	31	12	24	2
47	16	7	34	1	42	3	27	17	8	21	10	45	1	37	8	7	22	37	20	13	32	16	12	24	2
47	16	7	34	1	42	3	27	17	8	21	10	45	1	37	8	7	27	12	13	12	43	35	12	24	2
47	16	7	34	1	42	3	27	17	8	21	10	45	1	37	8	7	29	39	0	28	21	31	12	24	2
47	16	7	34	1	42	3	27	17	8	21	10	45	1	37	8	7	32	2	20	41	30	30	12	24	2
47	16	7	34	1	42	3	27	17	8	21	10	45	1	37	8	7	37	44	25	22	7	7	12	24	2
47	16	7	34	1	42	3	27	17	8	21	10	45	1	37	8	7	39	7	11	3	39	42	12	24	2
47	16	7	34	1	42	3	27	17	8	21	10	45	1	37	8	7	41	9	14	38	20	5	12	24	2
47	16	7	34	1	42	3	27	17	8	21	10	45	1	37	8	7	43	6	21	33	22	24	12	24	2
47	16	7	34	1	42	3	27	17	8	21	10	45	1	37	8	7	44	9	34	18	46	6	12	24	2
47	16	7	34	1	42	3	27	17	8	21	10	45	1	37	8	7	45	27	28	21	9	37	12	24	2
47	16	7	34	1	42	3	27	17	8	21	10	45	1	37	8	7	46	36	11	36	40	35	12	24	2
47	16	7	34	46	5	1	39	20	30	26	6	10	2	1	35	43	6	7	25	23	4	39	12	24	2
47	16	7	34	46	5	1	39	20	30	26	6	10	2	1	35	43	17	32	35	26	0	36	12	24	2
47	16	7	34	46	5	1	39	20	30	26	6	10	2	1	35	43	23	35	23	15	18	17	12	24	2
47	16	7	34	46	5	1	39	20	30	26	6	10	2	1	35	43	24	20	39	15	14	30	12	24	2
47	16	7	34	46	5	1	39	20	30	26	6	10	2	1	35	43	25	21	20	27	30	9	12	24	2
47	16	7	34	46	5	1	39	20	30	26	6	10	2	1	35	43	29	23	4	12	4	31	12	24	2
47	16	7	34	46	5	1	39	20	30	26	6	10	2	1	35	43	38	15	6	43	4	20	12	24	2
47	16	7	34	46	5	1	39	20	30	26	6	10	2	1	35	43	43	1	11	36	42	19	12	24	2
47	16	7	34	46	5	1	39	20	30	26	6	10	2	1	35	43	45	44	20	20	29	9	12	24	2
47	16	7	34	46	5	1	39	20	30	26	6	10	2	1	35	43	46	35	36	16	14	39	12	24	2
47	16	7	34	46	5	2	39	30	20	26	6	10	2	1	35	43	6	7	25	23	4	39	12	24	2
47	16	7	34	46	5	2	39	30	20	26	6	10	2	1	35	43	17	32	35	26	0	36	12	24	2
47	16	7	34	46	5	2	39	30	20	26	6	10	2	1	35	43	23	35	23	15	18	17	12	24	2
47	16	7	34	46	5	2	39	30	20	26	6	10	2	1	35	43	24	20	39	15	14	30	12	24	2
47	16	7	34	46	5	2	39	30	20	26	6	10	2	1	35	43	25	21	20	27	30	9	12	24	2
47	16	7	34	46	5	2	39	30	20	26	6	10	2	1	35	43	29	23	4	12	4	31	12	24	2
47	16	7	34	46	5	2	39	30	20	26	6	10	2	1	35	43	38	15	6	43	4	20	12	24	2
47	16	7	34	46	5	2	39	30	20	26	6	10	2	1	35	43	43	1	11	36	42	19	12	24	2
47	16	7	34	46	5	2	39	30	20	26	6	10	2	1	35	43	45	44	20	20	29	9	12	24	2
47	16	7	34	46	5	2	39	30	20	26	6	10	2	1	35	43	46	35	36	16	14	39	12	24	2
47	16	7	34	46	5	3	20	30	39	26	6	10	2	1	35	43	6	7	25	23	4	39	12	24	2
47	16	7	34	46	5	3	20	30	39	26	6	10	2	1	35	43	17	32	35	26	0	36	12	24	2
47	16	7	34	46	5	3	20	30	39	26	6	10	2	1	35	43	23	35	23	15	18	17	12	24	2
47	16	7	34	46	5	3	20	30	39	26	6	10	2	1	35	43	24	20	39	15	14	30	12	24	2
47	16	7	34	46	5	3	20	30	39	26	6	10	2	1	35	43	25	21	20	27	30	9	12	24	2
47	16	7	34	46	5	3	20	30	39	26	6	10	2	1	35	43	29	23	4	12	4	31	12	24	2
47	16	7	34	46	5	3	20	30	39	26	6	10	2	1	35	43	38	15	6	43	4	20	12	24	2
47	16	7	34	46	5	3	20	30	39	26	6	10	2	1	35	43	43	1	11	36	42	19	12	24	2
47	16	7	34	46	5	3	20	30	39	26	6	10	2	1	35	43	45	44	20	20	29	9	12	24	2
47	16	7	34	46	5	3	20	30	39	26	6	10	2	1	35	43	46	35	36	16	14	39	12	24	2
47	16	11	43	25	4	1	21	35	30	27	43	19	43	34	42	26	3	44	10	32	7	46	12	24	2
47	16	11	43	25	4	1	21	35	30	27	43	19	43	34	42	26	5	42	28	25	20	14	12	24	2
47	16	11	43	25	4	1	21	35	30	27	43	19	43	34	42	26	6	36	19	43	4	4	12	24	2
47	16	11	43	25	4	1	21	35	30	27	43	19	43	34	42	26	10	43	3	4	31	2	12	24	2
47	16	11	43	25	4	1	21	35	30	27	43	19	43	34	42	26	11	17	11	39	4	16	12	24	2
47	16	11	43	25	4	1	21	35	30	27	43	19	43	34	42	26	12	26	0	29	2	3	12	24	2
47	16	11	43	25	4	1	21	35	30	27	43	19	43	34	42	26	17	30	7	1	16	19	12	24	2
47	16	11	43	25	4	1	21	35	30	27	43	19	43	34	42	26	18	14	37	41	1	35	12	24	2
47	16	11	43	25	4	1	21	35	30	27	43	19	43	34	42	26	19	22	25	7	32	35	12	24	2
47	16	11	43	25	4	1	21	35	30	27	43	19	43	34	42	26	21	38	41	45	2	26	12	24	2
47	16	11	43	25	4	1	21	35	30	27	43	19	43	34	42	26	23	15	13	1	11	28	12	24	2
47	16	11	43	25	4	1	21	35	30	27	43	19	43	34	42	26	25	4	37	12	46	41	12	24	2
47	16	11	43	25	4	1	21	35	30	27	43	19	43	34	42	26	28	39	2	27	36	6	12	24	2
47	16	11	43	25	4	1	21	35	30	27	43	19	43	34	42	26	33	46	32	35	9	35	12	24	2
47	16	11	43	25	4	1	21	35	30	27	43	19	43	34	42	26	40	33	35	13	43	10	12	24	2
47	16	11	43	25	4	1	21	35	30	27	43	19	43	34	42	26	43	7	30	23	43	17	12	24	2
47	16	11	43	25	4	2	21	30	35	27	43	19	43	34	42	26	3	44	10	32	7	46	12	24	2
47	16	11	43	25	4	2	21	30	35	27	43	19	43	34	42	26	5	42	28	25	20	14	12	24	2
47	16	11	43	25	4	2	21	30	35	27	43	19	43	34	42	26	6	36	19	43	4	4	12	24	2
47	16	11	43	25	4	2	21	30	35	27	43	19	43	34	42	26	10	43	3	4	31	2	12	24	2
47	16	11	43	25	4	2	21	30	35	27	43	19	43	34	42	26	11	17	11	39	4	16	12	24	2
47	16	11	43	25	4	2	21	30	35	27	43	19	43	34	42	26	12	26	0	29	2	3	12	24	2
47	16	11	43	25	4	2	21	30	35	27	43	19	43	34	42	26	17	30	7	1	16	19	12	24	2
47	16	11	43	25	4	2	21	30	35	27	43	19	43	34	42	26	18	14	37	41	1	35	12	24	2
47	16	11	43	25	4	2	21	30	35	27	43	19	43	34	42	26	19	22	25	7	32	35	12	24	2
47	16	11	43	25	4	2	21	30	35	27	43	19	43	34	42	26	21	38	41	45	2	26	12	24	2
47	16	11	43	25	4	2	21	30	35	27	43	19	43	34	42	26	23	15	13	1	11	28	12	24	2
47	16	11	43	25	4	2	21	30	35	27	43	19	43	34	42	26	25	4	37	12	46	41	12	24	2
47	16	11	43	25	4	2	21	30	35	27	43	19	43	34	42	26	28	39	2	27	36	6	12	24	2
47	16	11	43	25	4	2	21	30	35	27	43	19	43	34	42	26	33	46	32	35	9	35	12	24	2
47	16	11	43	25	4	2	21	30	35	27	43	19	43	34	42	26	40	33	35	13	43	10	12	24	2
47	16	11	43	25	4	2	21	30	35	27	43	19	43	34	42	26	43	7	30	23	43	17	12	24	2
47	16	11	43	25	4	3	35	30	21	27	43	19	43	34	42	26	3	44	10	32	7	46	12	24	2
47	16	11	43	25	4	3	35	30	21	27	43	19	43	34	42	26	5	42	28	25	20	14	12	24	2
47	16	11	43	25	4	3	35	30	21	27	43	19	43	34	42	26	6	36	19	43	4	4	12	24	2
47	16	11	43	25	4	3	35	30	21	27	43	19	43	34	42	26	10	43	3	4	31	2	12	24	2
47	16	11	43	25	4	3	35	30	21	27	43	19	43	34	42	26	11	17	11	39	4	16	12	24	2
47	16	11	43	25	4	3	35	30	21	27	43	19	43	34	42	26	12	26	0	29	2	3	12	24	2
47	16	11	43	25	4	3	35	30	21	27	43	19	43	34	42	26	17	30	7	1	16	19	12	24	2
47	16	11	43	25	4	3	35	30	21	27	43	19	43	34	42	26	18	14	37	41	1	35	12	24	2
47	16	11	43	25	4	3	35	30	21	27	43	19	43	34	42	26	19	22	25	7	32	35	12	24	2
47	16	11	43	25	4	3	35	30	21	27	43	19	43	34	42	26	21	38	41	45	2	26	12	24	2
47	16	11	43	25	4	3	35	30	21	27	43	19	43	34	42	26	23	15	13	1	11	28	12	24	2
47	16	11	43	25	4	3	35	30	21	27	43	19	43	34	42	26	25	4	37	12	46	41	12	24	2
47	16	11	43	25	4	3	35	30	21	27	43	19	43	34	42	26	28	39	2	27	36	6	12	24	2
47	16	11	43	25	4	3	35	30	21	27	43	19	43	34	42	26	33	46	32	35	9	35	12	24	2
47	16	11	43	25	4	3	35	30	21	27	43	19	43	34	42	26	40	33	35	13	43	10	12	24	2
47	16	11	43	25	4	3	35	30	21	27	43	19	43	34	42	26	43	7	30	23	43	17	12	24	2
47	16	11	43	22	43	1	26	12	17	20	21	3	5	18	23	36	4	23	42	2	0	5	12	24	2
47	16	11	43	22	43	1	26	12	17	20	21	3	5	18	23	36	5	44	0	23	17	7	12	24	2
47	16	11	43	22	43	1	26	12	17	20	21	3	5	18	23	36	6	7	3	39	31	15	12	24	2
47	16	11	43	22	43	1	26	12	17	20	21	3	5	18	23	36	13	36	15	29	34	21	12	24	2
47	16	11	43	22	43	1	26	12	17	20	21	3	5	18	23	36	27	2	39	24	31	34	12	24	2
47	16	11	43	22	43	1	26	12	17	20	21	3	5	18	23	36	32	16	43	44	30	33	12	24	2
47	16	11	43	22	43	1	26	12	17	20	21	3	5	18	23	36	33	37	17	12	24	19	12	24	2
47	16	11	43	22	43	1	26	12	17	20	21	3	5	18	23	36	35	41	42	7	17	36	12	24	2
47	16	11	43	22	43	1	26	12	17	20	21	3	5	18	23	36	38	20	20	27	29	29	12	24	2
47	16	11	43	22	43	1	26	12	17	20	21	3	5	18	23	36	46	9	40	4	14	25	12	24	2
47	16	11	43	22	43	2	26	17	12	20	21	3	5	18	23	36	4	23	42	2	0	5	12	24	2
47	16	11	43	22	43	2	26	17	12	20	21	3	5	18	23	36	5	44	0	23	17	7	12	24	2
47	16	11	43	22	43	2	26	17	12	20	21	3	5	18	23	36	6	7	3	39	31	15	12	24	2
47	16	11	43	22	43	2	26	17	12	20	21	3	5	18	23	36	13	36	15	29	34	21	12	24	2
47	16	11	43	22	43	2	26	17	12	20	21	3	5	18	23	36	27	2	39	24	31	34	12	24	2
47	16	11	43	22	43	2	26	17	12	20	21	3	5	18	23	36	32	16	43	44	30	33	12	24	2
47	16	11	43	22	43	2	26	17	12	20	21	3	5	18	23	36	33	37	17	12	24	19	12	24	2
47	16	11	43	22	43	2	26	17	12	20	21	3	5	18	23	36	35	41	42	7	17	36	12	24	2
47	16	11	43	22	43	2	26	17	12	20	21	3	5	18	23	36	38	20	20	27	29	29	12	24	2
47	16	11	43	22	43	2	26	17	12	20	21	3	5	18	23	36	46	9	40	4	14	25	12	24	2
47	16	11	43	22	43	3	12	17	26	20	21	3	5	18	23	36	4	23	42	2	0	5	12	24	2
47	16	11	43	22	43	3	12	17	26	20	21	3	5	18	23	36	5	44	0	23	17	7	12	24	2
47	16	11	43	22	43	3	12	17	26	20	21	3	5	18	23	36	6	7	3	39	31	15	12	24	2
47	16	11	43	22	43	3	12	17	26	20	21	3	5	18	23	36	13	36	15	29	34	21	12	24	2
47	16	11	43	22	43	3	12	17	26	20	21	3	5	18	23	36	27	2	39	24	31	34	12	24	2
47	16	11	43	22	43	3	12	17	26	20	21	3	5	18	23	36	32	16	43	44	30	33	12	24	2
47	16	11	43	22	43	3	12	17	26	20	21	3	5	18	23	36	33	37	17	12	24	19	12	24	2
47	16	11	43	22	43	3	12	17	26	20	21	3	5	18	23	36	35	41	42	7	17	36	12	24	2
47	16	11	43	22	43	3	12	17	26	20	21	3	5	18	23	36	38	20	20	27	29	29	12	24	2
47	16	11	43	22	43	3	12	17	26	20	21	3	5	18	23	36	46	9	40	4	14	25	12	24	2
47	16	13	40	1	42	1	8	30	20	21	2	32	6	25	16	31	7	13	13	14	19	33	12	24	2
47	16	13	40	1	42	1	8	30	20	21	2	32	6	25	16	31	7	31	29	19	28	14	12	24	2
47	16	13	40	1	42	1	8	30	20	21	2	32	6	25	16	31	8	9	39	3	8	13	12	24	2
47	16	13	40	1	42	1	8	30	20	21	2	32	6	25	16	31	9	3	10	6	29	25	12	24	2
47	16	13	40	1	42	1	8	30	20	21	2	32	6	25	16	31	10	40	3	46	23	27	12	24	2
47	16	13	40	1	42	1	8	30	20	21	2	32	6	25	16	31	13	17	5	6	20	6	12	24	2
47	16	13	40	1	42	1	8	30	20	21	2	32	6	25	16	31	19	41	31	25	8	32	12	24	2
47	16	13	40	1	42	1	8	30	20	21	2	32	6	25	16	31	20	35	39	10	9	35	12	24	2
47	16	13	40	1	42	1	8	30	20	21	2	32	6	25	16	31	26	18	12	46	35	33	12	24	2
47	16	13	40	1	42	1	8	30	20	21	2	32	6	25	16	31	29	30	3	28	7	4	12	24	2
47	16	13	40	1	42	1	8	30	20	21	2	32	6	25	16	31	31	21	6	14	19	20	12	24	2
47	16	13	40	1	42	1	8	30	20	21	2	32	6	25	16	31	32	22	29	9	19	43	12	24	2
47	16	13	40	1	42	1	8	30	20	21	2	32	6	25	16	31	33	14	46	10	6	1	12	24	2
47	16	13	40	1	42	1	8	30	20	21	2	32	6	25	16	31	41	0	18	35	45	45	12	24	2
47	16	13	40	1	42	1	8	30	20	21	2	32	6	25	16	31	42	45	25	44	17	22	12	24	2
47	16	13	40	1	42	1	8	30	20	21	2	32	6	25	16	31	45	26	31	40	39	9	12	24	2
47	16	13	40	1	42	2	8	20	30	21	2	32	6	25	16	31	7	13	13	14	19	33	12	24	2
47	16	13	40	1	42	2	8	20	30	21	2	32	6	25	16	31	7	31	29	19	28	14	12	24	2
47	16	13	40	1	42	2	8	20	30	21	2	32	6	25	16	31	8	9	39	3	8	13	12	24	2
47	16	13	40	1	42	2	8	20	30	21	2	32	6	25	16	31	9	3	10	6	29	25	12	24	2
47	16	13	40	1	42	2	8	20	30	21	2	32	6	25	16	31	10	40	3	46	23	27	12	24	2
47	16	13	40	1	42	2	8	20	30	21	2	32	6	25	16	31	13	17	5	6	20	6	12	24	2
47	16	13	40	1	42	2	8	20	30	21	2	32	6	25	16	31	19	41	31	25	8	32	12	24	2
47	16	13	40	1	42	2	8	20	30	21	2	32	6	25	16	31	20	35	39	10	9	35	12	24	2
47	16	13	40	1	42	2	8	20	30	21	2	32	6	25	16	31	26	18	12	46	35	33	12	24	2
47	16	13	40	1	42	2	8	20	30	21	2	32	6	25	16	31	29	30	3	28	7	4	12	24	2
47	16	13	40	1	42	2	8	20	30	21	2	32	6	25	16	31	31	21	6	14	19	20	12	24	2
47	16	13	40	1	42	2	8	20	30	21	2	32	6	25	16	31	32	22	29	9	19	43	12	24	2
47	16	13	40	1	42	2	8	20	30	21	2	32	6	25	16	31	33	14	46	10	6	1	12	24	2
47	16	13	40	1	42	2	8	20	30	21	2	32	6	25	16	31	41	0	18	35	45	45	12	24	2
47	16	13	40	1	42	2	8	20	30	21	2	32	6	25	16	31	42	45	25	44	17	22	12	24	2
47	16	13	40	1	42	2	8	20	30	21	2	32	6	25	16	31	45	26	31	40	39	9	12	24	2
47	16	13	40	1	42	3	30	20	8	21	2	32	6	25	16	31	7	13	13	14	19	33	12	24	2
47	16	13	40	1	42	3	30	20	8	21	2	32	6	25	16	31	7	31	29	19	28	14	12	24	2
47	16	13	40	1	42	3	30	20	8	21	2	32	6	25	16	31	8	9	39	3	8	13	12	24	2
47	16	13	40	1	42	3	30	20	8	21	2	32	6	25	16	31	9	3	10	6	29	25	12	24	2
47	16	13	40	1	42	3	30	20	8	21	2	32	6	25	16	31	10	40	3	46	23	27	12	24	2
47	16	13	40	1	42	3	30	20	8	21	2	32	6	25	16	31	13	17	5	6	20	6	12	24	2
47	16	13	40	1	42	3	30	20	8	21	2	32	6	25	16	31	19	41	31	25	8	32	12	24	2
47	16	13	40	1	42	3	30	20	8	21	2	32	6	25	16	31	20	35	39	10	9	35	12	24	2
47	16	13	40	1	42	3	30	20	8	21	2	32	6	25	16	31	26	18	12	46	35	33	12	24	2
47	16	13	40	1	42	3	30	20	8	21	2	32	6	25	16	31	29	30	3	28	7	4	12	24	2
47	16	13	40	1	42	3	30	20	8	21	2	32	6	25	16	31	31	21	6	14	19	20	12	24	2
47	16	13	40	1	42	3	30	20	8	21	2	32	6	25	16	31	32	22	29	9	19	43	12	24	2
47	16	13	40	1	42	3	30	20	8	21	2	32	6	25	16	31	33	14	46	10	6	1	12	24	2
47	16	13	40	1	42	3	30	20	8	21	2	32	6	25	16	31	41	0	18	35	45	45	12	24	2
47	16	13	40	1	42	3	30	20	8	21	2	32	6	25	16	31	42	45	25	44	17	22	12	24	2
47	16	13	40	1	42	3	30	20	8	21	2	32	6	25	16	31	45	26	31	40	39	9	12	24	2
47	16	13	40	46	5	1	39	17	27	26	12	14	35	9	27	2	5	1	44	40	37	15	12	24	2
47	16	13	40	46	5	1	39	17	27	26	12	14	35	9	27	2	8	7	18	36	27	7	12	24	2
47	16	13	40	46	5	1	39	17	27	26	12	14	35	9	27	2	11	2	27	35	34	28	12	24	2
47	16	13	40	46	5	1	39	17	27	26	12	14	35	9	27	2	12	37	40	39	45	37	12	24	2
47	16	13	40	46	5	1	39	17	27	26	12	14	35	9	27	2	15	18	7	35	26	32	12	24	2
47	16	13	40	46	5	1	39	17	27	26	12	14	35	9	27	2	16	7	34	18	43	20	12	24	2
47	16	13	40	46	5	1	39	17	27	26	12	14	35	9	27	2	18	42	45	33	10	1	12	24	2
47	16	13	40	46	5	1	39	17	27	26	12	14	35	9	27	2	21	22	34	36	10	32	12	24	2
47	16	13	40	46	5	1	39	17	27	26	12	14	35	9	27	2	24	8	8	18	34	31	12	24	2
47	16	13	40	46	5	1	39	17	27	26	12	14	35	9	27	2	31	43	25	34	31	4	12	24	2
47	16	13	40	46	5	1	39	17	27	26	12	14	35	9	27	2	32	23	45	13	31	19	12	24	2
47	16	13	40	46	5	1	39	17	27	26	12	14	35	9	27	2	35	24	31	40	38	44	12	24	2
47	16	13	40	46	5	1	39	17	27	26	12	14	35	9	27	2	37	32	15	41	8	13	12	24	2
47	16	13	40	46	5	1	39	17	27	26	12	14	35	9	27	2	38	36	28	21	11	0	12	24	2
47	16	13	40	46	5	1	39	17	27	26	12	14	35	9	27	2	38	40	38	4	36	0	12	24	2
47	16	13	40	46	5	1	39	17	27	26	12	14	35	9	27	2	39	15	27	8	13	35	12	24	2
47	16	13	40	46	5	2	39	27	17	26	12	14	35	9	27	2	5	1	44	40	37	15	12	24	2
47	16	13	40	46	5	2	39	27	17	26	12	14	35	9	27	2	8	7	18	36	27	7	12	24	2
47	16	13	40	46	5	2	39	27	17	26	12	14	35	9	27	2	11	2	27	35	34	28	12	24	2
47	16	13	40	46	5	2	39	27	17	26	12	14	35	9	27	2	12	37	40	39	45	37	12	24	2
47	16	13	40	46	5	2	39	27	17	26	12	14	35	9	27	2	15	18	7	35	26	32	12	24	2
47	16	13	40	46	5	2	39	27	17	26	12	14	35	9	27	2	16	7	34	18	43	20	12	24	2
47	16	13	40	46	5	2	39	27	17	26	12	14	35	9	27	2	18	42	45	33	10	1	12	24	2
47	16	13	40	46	5	2	39	27	17	26	12	14	35	9	27	2	21	22	34	36	10	32	12	24	2
47	16	13	40	46	5	2	39	27	17	26	12	14	35	9	27	2	24	8	8	18	34	31	12	24	2
47	16	13	40	46	5	2	39	27	17	26	12	14	35	9	27	2	31	43	25	34	31	4	12	24	2
47	16	13	40	46	5	2	39	27	17	26	12	14	35	9	27	2	32	23	45	13	31	19	12	24	2
47	16	13	40	46	5	2	39	27	17	26	12	14	35	9	27	2	35	24	31	40	38	44	12	24	2
47	16	13	40	46	5	2	39	27	17	26	12	14	35	9	27	2	37	32	15	41	8	13	12	24	2
47	16	13	40	46	5	2	39	27	17	26	12	14	35	9	27	2	38	36	28	21	11	0	12	24	2
47	16	13	40	46	5	2	39	27	17	26	12	14	35	9	27	2	38	40	38	4	36	0	12	24	2
47	16	13	40	46	5	2	39	27	17	26	12	14	35	9	27	2	39	15	27	8	13	35	12	24	2
47	16	13	40	46	5	3	17	27	39	26	12	14	35	9	27	2	5	1	44	40	37	15	12	24	2
47	16	13	40	46	5	3	17	27	39	26	12	14	35	9	27	2	8	7	18	36	27	7	12	24	2
47	16	13	40	46	5	3	17	27	39	26	12	14	35	9	27	2	11	2	27	35	34	28	12	24	2
47	16	13	40	46	5	3	17	27	39	26	12	14	35	9	27	2	12	37	40	39	45	37	12	24	2
47	16	13	40	46	5	3	17	27	39	26	12	14	35	9	27	2	15	18	7	35	26	32	12	24	2
47	16	13	40	46	5	3	17	27	39	26	12	14	35	9	27	2	16	7	34	18	43	20	12	24	2
47	16	13	40	46	5	3	17	27	39	26	12	14	35	9	27	2	18	42	45	33	10	1	12	24	2
47	16	13	40	46	5	3	17	27	39	26	12	14	35	9	27	2	21	22	34	36	10	32	12	24	2
47	16	13	40	46	5	3	17	27	39	26	12	14	35	9	27	2	24	8	8	18	34	31	12	24	2
47	16	13	40	46	5	3	17	27	39	26	12	14	35	9	27	2	31	43	25	34	31	4	12	24	2
47	16	13	40	46	5	3	17	27	39	26	12	14	35	9	27	2	32	23	45	13	31	19	12	24	2
47	16	13	40	46	5	3	17	27	39	26	12	14	35	9	27	2	35	24	31	40	38	44	12	24	2
47	16	13	40	46	5	3	17	27	39	26	12	14	35	9	27	2	37	32	15	41	8	13	12	24	2
47	16	13	40	46	5	3	17	27	39	26	12	14	35	9	27	2	38	36	28	21	11	0	12	24	2
47	16	13	40	46	5	3	17	27	39	26	12	14	35	9	27	2	38	40	38	4	36	0	12	24	2
47	16	13	40	46	5	3	17	27	39	26	12	14	35	9	27	2	39	15	27	8	13	35	12	24	2
47	16	34	7	1	42	1	8	17	27	21	10	45	1	37	8	7	7	33	10	39	2	46	12	24	2
47	16	34	7	1	42	1	8	17	27	21	10	45	1	37	8	7	11	36	43	46	20	27	12	24	2
47	16	34	7	1	42	1	8	17	27	21	10	45	1	37	8	7	14	21	46	10	14	35	12	24	2
47	16	34	7	1	42	1	8	17	27	21	10	45	1	37	8	7	21	5	5	7	43	7	12	24	2
47	16	34	7	1	42	1	8	17	27	21	10	45	1	37	8	7	22	34	22	4	15	31	12	24	2
47	16	34	7	1	42	1	8	17	27	21	10	45	1	37	8	7	22	37	20	13	32	16	12	24	2
47	16	34	7	1	42	1	8	17	27	21	10	45	1	37	8	7	27	12	13	12	43	35	12	24	2
47	16	34	7	1	42	1	8	17	27	21	10	45	1	37	8	7	29	39	0	28	21	31	12	24	2
47	16	34	7	1	42	1	8	17	27	21	10	45	1	37	8	7	32	2	20	41	30	30	12	24	2
47	16	34	7	1	42	1	8	17	27	21	10	45	1	37	8	7	37	44	25	22	7	7	12	24	2
47	16	34	7	1	42	1	8	17	27	21	10	45	1	37	8	7	39	7	11	3	39	42	12	24	2
47	16	34	7	1	42	1	8	17	27	21	10	45	1	37	8	7	41	9	14	38	20	5	12	24	2
47	16	34	7	1	42	1	8	17	27	21	10	45	1	37	8	7	43	6	21	33	22	24	12	24	2
47	16	34	7	1	42	1	8	17	27	21	10	45	1	37	8	7	44	9	34	18	46	6	12	24	2
47	16	34	7	1	42	1	8	17	27	21	10	45	1	37	8	7	45	27	28	21	9	37	12	24	2
47	16	34	7	1	42	1	8	17	27	21	10	45	1	37	8	7	46	36	11	36	40	35	12	24	2
47	16	34	7	1	42	2	8	27	17	21	10	45	1	37	8	7	7	33	10	39	2	46	12	24	2
47	16	34	7	1	42	2	8	27	17	21	10	45	1	37	8	7	11	36	43	46	20	27	12	24	2
47	16	34	7	1	42	2	8	27	17	21	10	45	1	37	8	7	14	21	46	10	14	35	12	24	2
47	16	34	7	1	42	2	8	27	17	21	10	45	1	37	8	7	21	5	5	7	43	7	12	24	2
47	16	34	7	1	42	2	8	27	17	21	10	45	1	37	8	7	22	34	22	4	15	31	12	24	2
47	16	34	7	1	42	2	8	27	17	21	10	45	1	37	8	7	22	37	20	13	32	16	12	24	2
47	16	34	7	1	42	2	8	27	17	21	10	45	1	37	8	7	27	12	13	12	43	35	12	24	2
47	16	34	7	1	42	2	8	27	17	21	10	45	1	37	8	7	29	39	0	28	21	31	12	24	2
47	16	34	7	1	42	2	8	27	17	21	10	45	1	37	8	7	32	2	20	41	30	30	12	24	2
47	16	34	7	1	42	2	8	27	17	21	10	45	1	37	8	7	37	44	25	22	7	7	12	24	2
47	16	34	7	1	42	2	8	27	17	21	10	45	1	37	8	7	39	7	11	3	39	42	12	24	2
47	16	34	7	1	42	2	8	27	17	21	10	45	1	37	8	7	41	9	14	38	20	5	12	24	2
47	16	34	7	1	42	2	8	27	17	21	10	45	1	37	8	7	43	6	21	33	22	24	12	24	2
47	16	34	7	1	42	2	8	27	17	21	10	45	1	37	8	7	44	9	34	18	46	6	12	24	2
47	16	34	7	1	42	2	8	27	17	21	10	45	1	37	8	7	45	27	28	21	9	37	12	24	2
47	16	34	7	1	42	2	8	27	17	21	10	45	1	37	8	7	46	36	11	36	40	35	12	24	2
47	16	34	7	1	42	3	17	27	8	21	10	45	1	37	8	7	7	33	10	39	2	46	12	24	2
47	16	34	7	1	42	3	17	27	8	21	10	45	1	37	8	7	11	36	43	46	20	27	12	24	2
47	16	34	7	1	42	3	17	27	8	21	10	45	1	37	8	7	14	21	46	10	14	35	12	24	2
47	16	34	7	1	42	3	17	27	8	21	10	45	1	37	8	7	21	5	5	7	43	7	12	24	2
47	16	34	7	1	42	3	17	27	8	21	10	45	1	37	8	7	22	34	22	4	15	31	12	24	2
47	16	34	7	1	42	3	17	27	8	21	10	45	1	37	8	7	22	37	20	13	32	16	12	24	2
47	16	34	7	1	42	3	17	27	8	21	10	45	1	37	8	7	27	12	13	12	43	35	12	24	2
47	16	34	7	1	42	3	17	27	8	21	10	45	1	37	8	7	29	39	0	28	21	31	12	24	2
47	16	34	7	1	42	3	17	27	8	21	10	45	1	37	8	7	32	2	20	41	30	30	12	24	2
47	16	34	7	1	42	3	17	27	8	21	10	45	1	37	8	7	37	44	25	22	7	7	12	24	2
47	16	34	7	1	42	3	17	27	8	21	10	45	1	37	8	7	39	7	11	3	39	42	12	24	2
47	16	34	7	1	42	3	17	27	8	21	10	45	1	37	8	7	41	9	14	38	20	5	12	24	2
47	16	34	7	1	42	3	17	27	8	21	10	45	1	37	8	7	43	6	21	33	22	24	12	24	2
47	16	34	7	1	42	3	17	27	8	21	10	45	1	37	8	7	44	9	34	18	46	6	12	24	2
47	16	34	7	1	42	3	17	27	8	21	10	45	1	37	8	7	45	27	28	21	9	37	12	24	2
47	16	34	7	1	42	3	17	27	8	21	10	45	1	37	8	7	46	36	11	36	40	35	12	24	2
47	16	34	7	46	5	1	39	30	20	26	6	10	2	1	35	43	6	7	25	23	4	39	12	24	2
47	16	34	7	46	5	1	39	30	20	26	6	10	2	1	35	43	17	32	35	26	0	36	12	24	2
47	16	34	7	46	5	1	39	30	20	26	6	10	2	1	35	43	23	35	23	15	18	17	12	24	2
47	16	34	7	46	5	1	39	30	20	26	6	10	2	1	35	43	24	20	39	15	14	30	12	24	2
47	16	34	7	46	5	1	39	30	20	26	6	10	2	1	35	43	25	21	20	27	30	9	12	24	2
47	16	34	7	46	5	1	39	30	20	26	6	10	2	1	35	43	29	23	4	12	4	31	12	24	2
47	16	34	7	46	5	1	39	30	20	26	6	10	2	1	35	43	38	15	6	43	4	20	12	24	2
47	16	34	7	46	5	1	39	30	20	26	6	10	2	1	35	43	43	1	11	36	42	19	12	24	2
47	16	34	7	46	5	1	39	30	20	26	6	10	2	1	35	43	45	44	20	20	29	9	12	24	2
47	16	34	7	46	5	1	39	30	20	26	6	10	2	1	35	43	46	35	36	16	14	39	12	24	2
47	16	34	7	46	5	2	39	20	30	26	6	10	2	1	35	43	6	7	25	23	4	39	12	24	2
47	16	34	7	46	5	2	39	20	30	26	6	10	2	1	35	43	17	32	35	26	0	36	12	24	2
47	16	34	7	46	5	2	39	20	30	26	6	10	2	1	35	43	23	35	23	15	18	17	12	24	2
47	16	34	7	46	5	2	39	20	30	26	6	10	2	1	35	43	24	20	39	15	14	30	12	24	2
47	16	34	7	46	5	2	39	20	30	26	6	10	2	1	35	43	25	21	20	27	30	9	12	24	2
47	16	34	7	46	5	2	39	20	30	26	6	10	2	1	35	43	29	23	4	12	4	31	12	24	2
47	16	34	7	46	5	2	39	20	30	26	6	10	2	1	35	43	38	15	6	43	4	20	12	24	2
47	16	34	7	46	5	2	39	20	30	26	6	10	2	1	35	43	43	1	11	36	42	19	12	24	2
47	16	34	7	46	5	2	39	20	30	26	6	10	2	1	35	43	45	44	20	20	29	9	12	24	2
47	16	34	7	46	5	2	39	20	30	26	6	10	2	1	35	43	46	35	36	16	14	39	12	24	2
47	16	34	7	46	5	3	30	20	39	26	6	10	2	1	35	43	6	7	25	23	4	39	12	24	2
47	16	34	7	46	5	3	30	20	39	26	6	10	2	1	35	43	17	32	35	26	0	36	12	24	2
47	16	34	7	46	5	3	30	20	39	26	6	10	2	1	35	43	23	35	23	15	18	17	12	24	2
47	16	34	7	46	5	3	30	20	39	26	6	10	2	1	35	43	24	20	39	15	14	30	12	24	2
47	16	34	7	46	5	3	30	20	39	26	6	10	2	1	35	43	25	21	20	27	30	9	12	24	2
47	16	34	7	46	5	3	30	20	39	26	6	10	2	1	35	43	29	23	4	12	4	31	12	24	2
47	16	34	7	46	5	3	30	20	39	26	6	10	2	1	35	43	38	15	6	43	4	20	12	24	2
47	16	34	7	46	5	3	30	20	39	26	6	10	2	1	35	43	43	1	11	36	42	19	12	24	2
47	16	34	7	46	5	3	30	20	39	26	6	10	2	1	35	43	45	44	20	20	29	9	12	24	2
47	16	34	7	46	5	3	30	20	39	26	6	10	2	1	35	43	46	35	36	16	14	39	12	24	2
47	16	40	13	1	42	1	8	20	30	21	2	32	6	25	16	31	7	13	13	14	19	33	12	24	2
47	16	40	13	1	42	1	8	20	30	21	2	32	6	25	16	31	7	31	29	19	28	14	12	24	2
47	16	40	13	1	42	1	8	20	30	21	2	32	6	25	16	31	8	9	39	3	8	13	12	24	2
47	16	40	13	1	42	1	8	20	30	21	2	32	6	25	16	31	9	3	10	6	29	25	12	24	2
47	16	40	13	1	42	1	8	20	30	21	2	32	6	25	16	31	10	40	3	46	23	27	12	24	2
47	16	40	13	1	42	1	8	20	30	21	2	32	6	25	16	31	13	17	5	6	20	6	12	24	2
47	16	40	13	1	42	1	8	20	30	21	2	32	6	25	16	31	19	41	31	25	8	32	12	24	2
47	16	40	13	1	42	1	8	20	30	21	2	32	6	25	16	31	20	35	39	10	9	35	12	24	2
47	16	40	13	1	42	1	8	20	30	21	2	32	6	25	16	31	26	18	12	46	35	33	12	24	2
47	16	40	13	1	42	1	8	20	30	21	2	32	6	25	16	31	29	30	3	28	7	4	12	24	2
47	16	40	13	1	42	1	8	20	30	21	2	32	6	25	16	31	31	21	6	14	19	20	12	24	2
47	16	40	13	1	42	1	8	20	30	21	2	32	6	25	16	31	32	22	29	9	19	43	12	24	2
47	16	40	13	1	42	1	8	20	30	21	2	32	6	25	16	31	33	14	46	10	6	1	12	24	2
47	16	40	13	1	42	1	8	20	30	21	2	32	6	25	16	31	41	0	18	35	45	45	12	24	2
47	16	40	13	1	42	1	8	20	30	21	2	32	6	25	16	31	42	45	25	44	17	22	12	24	2
47	16	40	13	1	42	1	8	20	30	21	2	32	6	25	16	31	45	26	31	40	39	9	12	24	2
47	16	40	13	1	42	2	8	30	20	21	2	32	6	25	16	31	7	13	13	14	19	33	12	24	2
47	16	40	13	1	42	2	8	30	20	21	2	32	6	25	16	31	7	31	29	19	28	14	12	24	2
47	16	40	13	1	42	2	8	30	20	21	2	32	6	25	16	31	8	9	39	3	8	13	12	24	2
47	16	40	13	1	42	2	8	30	20	21	2	32	6	25	16	31	9	3	10	6	29	25	12	24	2
47	16	40	13	1	42	2	8	30	20	21	2	32	6	25	16	31	10	40	3	46	23	27	12	24	2
47	16	40	13	1	42	2	8	30	20	21	2	32	6	25	16	31	13	17	5	6	20	6	12	24	2
47	16	40	13	1	42	2	8	30	20	21	2	32	6	25	16	31	19	41	31	25	8	32	12	24	2
47	16	40	13	1	42	2	8	30	20	21	2	32	6	25	16	31	20	35	39	10	9	35	12	24	2
47	16	40	13	1	42	2	8	30	20	21	2	32	6	25	16	31	26	18	12	46	35	33	12	24	2
47	16	40	13	1	42	2	8	30	20	21	2	32	6	25	16	31	29	30	3	28	7	4	12	24	2
47	16	40	13	1	42	2	8	30	20	21	2	32	6	25	16	31	31	21	6	14	19	20	12	24	2
47	16	40	13	1	42	2	8	30	20	21	2	32	6	25	16	31	32	22	29	9	19	43	12	24	2
47	16	40	13	1	42	2	8	30	20	21	2	32	6	25	16	31	33	14	46	10	6	1	12	24	2
47	16	40	13	1	42	2	8	30	20	21	2	32	6	25	16	31	41	0	18	35	45	45	12	24	2
47	16	40	13	1	42	2	8	30	20	21	2	32	6	25	16	31	42	45	25	44	17	22	12	24	2
47	16	40	13	1	42	2	8	30	20	21	2	32	6	25	16	31	45	26	31	40	39	9	12	24	2
47	16	40	13	1	42	3	20	30	8	21	2	32	6	25	16	31	7	13	13	14	19	33	12	24	2
47	16	40	13	1	42	3	20	30	8	21	2	32	6	25	16	31	7	31	29	19	28	14	12	24	2
47	16	40	13	1	42	3	20	30	8	21	2	32	6	25	16	31	8	9	39	3	8	13	12	24	2
47	16	40	13	1	42	3	20	30	8	21	2	32	6	25	16	31	9	3	10	6	29	25	12	24	2
47	16	40	13	1	42	3	20	30	8	21	2	32	6	25	16	31	10	40	3	46	23	27	12	24	2
47	16	40	13	1	42	3	20	30	8	21	2	32	6	25	16	31	13	17	5	6	20	6	12	24	2
47	16	40	13	1	42	3	20	30	8	21	2	32	6	25	16	31	19	41	31	25	8	32	12	24	2
47	16	40	13	1	42	3	20	30	8	21	2	32	6	25	16	31	20	35	39	10	9	35	12	24	2
47	16	40	13	1	42	3	20	30	8	21	2	32	6	25	16	31	26	18	12	46	35	33	12	24	2
47	16	40	13	1	42	3	20	30	8	21	2	32	6	25	16	31	29	30	3	28	7	4	12	24	2
47	16	40	13	1	42	3	20	30	8	21	2	32	6	25	16	31	31	21	6	14	19	20	12	24	2
47	16	40	13	1	42	3	20	30	8	21	2	32	6	25	16	31	32	22	29	9	19	43	12	24	2
47	16	40	13	1	42	3	20	30	8	21	2	32	6	25	16	31	33	14	46	10	6	1	12	24	2
47	16	40	13	1	42	3	20	30	8	21	2	32	6	25	16	31	41	0	18	35	45	45	12	24	2
47	16	40	13	1	42	3	20	30	8	21	2	32	6	25	16	31	42	45	25	44	17	22	12	24	2
47	16	40	13	1	42	3	20	30	8	21	2	32	6	25	16	31	45	26	31	40	39	9	12	24	2
47	16	40	13	46	5	1	39	27	17	26	12	14	35	9	27	2	5	1	44	40	37	15	12	24	2
47	16	40	13	46	5	1	39	27	17	26	12	14	35	9	27	2	8	7	18	36	27	7	12	24	2
47	16	40	13	46	5	1	39	27	17	26	12	14	35	9	27	2	11	2	27	35	34	28	12	24	2
47	16	40	13	46	5	1	39	27	17	26	12	14	35	9	27	2	12	37	40	39	45	37	12	24	2
47	16	40	13	46	5	1	39	27	17	26	12	14	35	9	27	2	15	18	7	35	26	32	12	24	2
47	16	40	13	46	5	1	39	27	17	26	12	14	35	9	27	2	16	7	34	18	43	20	12	24	2
47	16	40	13	46	5	1	39	27	17	26	12	14	35	9	27	2	18	42	45	33	10	1	12	24	2
47	16	40	13	46	5	1	39	27	17	26	12	14	35	9	27	2	21	22	34	36	10	32	12	24	2
47	16	40	13	46	5	1	39	27	17	26	12	14	35	9	27	2	24	8	8	18	34	31	12	24	2
47	16	40	13	46	5	1	39	27	17	26	12	14	35	9	27	2	31	43	25	34	31	4	12	24	2
47	16	40	13	46	5	1	39	27	17	26	12	14	35	9	27	2	32	23	45	13	31	19	12	24	2
47	16	40	13	46	5	1	39	27	17	26	12	14	35	9	27	2	35	24	31	40	38	44	12	24	2
47	16	40	13	46	5	1	39	27	17	26	12	14	35	9	27	2	37	32	15	41	8	13	12	24	2
47	16	40	13	46	5	1	39	27	17	26	12	14	35	9	27	2	38	36	28	21	11	0	12	24	2
47	16	40	13	46	5	1	39	27	17	26	12	14	35	9	27	2	38	40	38	4	36	0	12	24	2
47	16	40	13	46	5	1	39	27	17	26	12	14	35	9	27	2	39	15	27	8	13	35	12	24	2
47	16	40	13	46	5	2	39	17	27	26	12	14	35	9	27	2	5	1	44	40	37	15	12	24	2
47	16	40	13	46	5	2	39	17	27	26	12	14	35	9	27	2	8	7	18	36	27	7	12	24	2
47	16	40	13	46	5	2	39	17	27	26	12	14	35	9	27	2	11	2	27	35	34	28	12	24	2
47	16	40	13	46	5	2	39	17	27	26	12	14	35	9	27	2	12	37	40	39	45	37	12	24	2
47	16	40	13	46	5	2	39	17	27	26	12	14	35	9	27	2	15	18	7	35	26	32	12	24	2
47	16	40	13	46	5	2	39	17	27	26	12	14	35	9	27	2	16	7	34	18	43	20	12	24	2
47	16	40	13	46	5	2	39	17	27	26	12	14	35	9	27	2	18	42	45	33	10	1	12	24	2
47	16	40	13	46	5	2	39	17	27	26	12	14	35	9	27	2	21	22	34	36	10	32	12	24	2
47	16	40	13	46	5	2	39	17	27	26	12	14	35	9	27	2	24	8	8	18	34	31	12	24	2
47	16	40	13	46	5	2	39	17	27	26	12	14	35	9	27	2	31	43	25	34	31	4	12	24	2
47	16	40	13	46	5	2	39	17	27	26	12	14	35	9	27	2	32	23	45	13	31	19	12	24	2
47	16	40	13	46	5	2	39	17	27	26	12	14	35	9	27	2	35	24	31	40	38	44	12	24	2
47	16	40	13	46	5	2	39	17	27	26	12	14	35	9	27	2	37	32	15	41	8	13	12	24	2
47	16	40	13	46	5	2	39	17	27	26	12	14	35	9	27	2	38	36	28	21	11	0	12	24	2
47	16	40	13	46	5	2	39	17	27	26	12	14	35	9	27	2	38	40	38	4	36	0	12	24	2
47	16	40	13	46	5	2	39	17	27	26	12	14	35	9	27	2	39	15	27	8	13	35	12	24	2
47	16	40	13	46	5	3	27	17	39	26	12	14	35	9	27	2	5	1	44	40	37	15	12	24	2
47	16	40	13	46	5	3	27	17	39	26	12	14	35	9	27	2	8	7	18	36	27	7	12	24	2
47	16	40	13	46	5	3	27	17	39	26	12	14	35	9	27	2	11	2	27	35	34	28	12	24	2
47	16	40	13	46	5	3	27	17	39	26	12	14	35	9	27	2	12	37	40	39	45	37	12	24	2
47	16	40	13	46	5	3	27	17	39	26	12	14	35	9	27	2	15	18	7	35	26	32	12	24	2
47	16	40	13	46	5	3	27	17	39	26	12	14	35	9	27	2	16	7	34	18	43	20	12	24	2
47	16	40	13	46	5	3	27	17	39	26	12	14	35	9	27	2	18	42	45	33	10	1	12	24	2
47	16	40	13	46	5	3	27	17	39	26	12	14	35	9	27	2	21	22	34	36	10	32	12	24	2
47	16	40	13	46	5	3	27	17	39	26	12	14	35	9	27	2	24	8	8	18	34	31	12	24	2
47	16	40	13	46	5	3	27	17	39	26	12	14	35	9	27	2	31	43	25	34	31	4	12	24	2
47	16	40	13	46	5	3	27	17	39	26	12	14	35	9	27	2	32	23	45	13	31	19	12	24	2
47	16	40	13	46	5	3	27	17	39	26	12	14	35	9	27	2	35	24	31	40	38	44	12	24	2
47	16	40	13	46	5	3	27	17	39	26	12	14	35	9	27	2	37	32	15	41	8	13	12	24	2
47	16	40	13	46	5	3	27	17	39	26	12	14	35	9	27	2	38	36	28	21	11	0	12	24	2
47	16	40	13	46	5	3	27	17	39	26	12	14	35	9	27	2	38	40	38	4	36	0	12	24	2
47	16	40	13	46	5	3	27	17	39	26	12	14	35	9	27	2	39	15	27	8	13	35	12	24	2
47	16	43	11	25	4	1	21	30	35	27	43	19	43	34	42	26	3	44	10	32	7	46	12	24	2
47	16	43	11	25	4	1	21	30	35	27	43	19	43	34	42	26	5	42	28	25	20	14	12	24	2
47	16	43	11	25	4	1	21	30	35	27	43	19	43	34	42	26	6	36	19	43	4	4	12	24	2
47	16	43	11	25	4	1	21	30	35	27	43	19	43	34	42	26	10	43	3	4	31	2	12	24	2
47	16	43	11	25	4	1	21	30	35	27	43	19	43	34	42	26	11	17	11	39	4	16	12	24	2
47	16	43	11	25	4	1	21	30	35	27	43	19	43	34	42	26	12	26	0	29	2	3	12	24	2
47	16	43	11	25	4	1	21	30	35	27	43	19	43	34	42	26	17	30	7	1	16	19	12	24	2
47	16	43	11	25	4	1	21	30	35	27	43	19	43	34	42	26	18	14	37	41	1	35	12	24	2
47	16	43	11	25	4	1	21	30	35	27	43	19	43	34	42	26	19	22	25	7	32	35	12	24	2
47	16	43	11	25	4	1	21	30	35	27	43	19	43	34	42	26	21	38	41	45	2	26	12	24	2
47	16	43	11	25	4	1	21	30	35	27	43	19	43	34	42	26	23	15	13	1	11	28	12	24	2
47	16	43	11	25	4	1	21	30	35	27	43	19	43	34	42	26	25	4	37	12	46	41	12	24	2
47	16	43	11	25	4	1	21	30	35	27	43	19	43	34	42	26	28	39	2	27	36	6	12	24	2
47	16	43	11	25	4	1	21	30	35	27	43	19	43	34	42	26	33	46	32	35	9	35	12	24	2
47	16	43	11	25	4	1	21	30	35	27	43	19	43	34	42	26	40	33	35	13	43	10	12	24	2
47	16	43	11	25	4	1	21	30	35	27	43	19	43	34	42	26	43	7	30	23	43	17	12	24	2
47	16	43	11	25	4	2	21	35	30	27	43	19	43	34	42	26	3	44	10	32	7	46	12	24	2
47	16	43	11	25	4	2	21	35	30	27	43	19	43	34	42	26	5	42	28	25	20	14	12	24	2
47	16	43	11	25	4	2	21	35	30	27	43	19	43	34	42	26	6	36	19	43	4	4	12	24	2
47	16	43	11	25	4	2	21	35	30	27	43	19	43	34	42	26	10	43	3	4	31	2	12	24	2
47	16	43	11	25	4	2	21	35	30	27	43	19	43	34	42	26	11	17	11	39	4	16	12	24	2
47	16	43	11	25	4	2	21	35	30	27	43	19	43	34	42	26	12	26	0	29	2	3	12	24	2
47	16	43	11	25	4	2	21	35	30	27	43	19	43	34	42	26	17	30	7	1	16	19	12	24	2
47	16	43	11	25	4	2	21	35	30	27	43	19	43	34	42	26	18	14	37	41	1	35	12	24	2
47	16	43	11	25	4	2	21	35	30	27	43	19	43	34	42	26	19	22	25	7	32	35	12	24	2
47	16	43	11	25	4	2	21	35	30	27	43	19	43	34	42	26	21	38	41	45	2	26	12	24	2
47	16	43	11	25	4	2	21	35	30	27	43	19	43	34	42	26	23	15	13	1	11	28	12	24	2
47	16	43	11	25	4	2	21	35	30	27	43	19	43	34	42	26	25	4	37	12	46	41	12	24	2
47	16	43	11	25	4	2	21	35	30	27	43	19	43	34	42	26	28	39	2	27	36	6	12	24	2
47	16	43	11	25	4	2	21	35	30	27	43	19	43	34	42	26	33	46	32	35	9	35	12	24	2
47	16	43	11	25	4	2	21	35	30	27	43	19	43	34	42	26	40	33	35	13	43	10	12	24	2
47	16	43	11	25	4	2	21	35	30	27	43	19	43	34	42	26	43	7	30	23	43	17	12	24	2
47	16	43	11	25	4	3	30	35	21	27	43	19	43	34	42	26	3	44	10	32	7	46	12	24	2
47	16	43	11	25	4	3	30	35	21	27	43	19	43	34	42	26	5	42	28	25	20	14	12	24	2
47	16	43	11	25	4	3	30	35	21	27	43	19	43	34	42	26	6	36	19	43	4	4	12	24	2
47	16	43	11	25	4	3	30	35	21	27	43	19	43	34	42	26	10	43	3	4	31	2	12	24	2
47	16	43	11	25	4	3	30	35	21	27	43	19	43	34	42	26	11	17	11	39	4	16	12	24	2
47	16	43	11	25	4	3	30	35	21	27	43	19	43	34	42	26	12	26	0	29	2	3	12	24	2
47	16	43	11	25	4	3	30	35	21	27	43	19	43	34	42	26	17	30	7	1	16	19	12	24	2
47	16	43	11	25	4	3	30	35	21	27	43	19	43	34	42	26	18	14	37	41	1	35	12	24	2
47	16	43	11	25	4	3	30	35	21	27	43	19	43	34	42	26	19	22	25	7	32	35	12	24	2
47	16	43	11	25	4	3	30	35	21	27	43	19	43	34	42	26	21	38	41	45	2	26	12	24	2
47	16	43	11	25	4	3	30	35	21	27	43	19	43	34	42	26	23	15	13	1	11	28	12	24	2
47	16	43	11	25	4	3	30	35	21	27	43	19	43	34	42	26	25	4	37	12	46	41	12	24	2
47	16	43	11	25	4	3	30	35	21	27	43	19	43	34	42	26	28	39	2	27	36	6	12	24	2
47	16	43	11	25	4	3	30	35	21	27	43	19	43	34	42	26	33	46	32	35	9	35	12	24	2
47	16	43	11	25	4	3	30	35	21	27	43	19	43	34	42	26	40	33	35	13	43	10	12	24	2
47	16	43	11	25	4	3	30	35	21	27	43	19	43	34	42	26	43	7	30	23	43	17	12	24	2
47	16	43	11	22	43	1	26	17	12	20	21	3	5	18	23	36	4	23	42	2	0	5	12	24	2
47	16	43	11	22	43	1	26	17	12	20	21	3	5	18	23	36	5	44	0	23	17	7	12	24	2
47	16	43	11	22	43	1	26	17	12	20	21	3	5	18	23	36	6	7	3	39	31	15	12	24	2
47	16	43	11	22	43	1	26	17	12	20	21	3	5	18	23	36	13	36	15	29	34	21	12	24	2
47	16	43	11	22	43	1	26	17	12	20	21	3	5	18	23	36	27	2	39	24	31	34	12	24	2
47	16	43	11	22	43	1	26	17	12	20	21	3	5	18	23	36	32	16	43	44	30	33	12	24	2
47	16	43	11	22	43	1	26	17	12	20	21	3	5	18	23	36	33	37	17	12	24	19	12	24	2
47	16	43	11	22	43	1	26	17	12	20	21	3	5	18	23	36	35	41	42	7	17	36	12	24	2
47	16	43	11	22	43	1	26	17	12	20	21	3	5	18	23	36	38	20	20	27	29	29	12	24	2
47	16	43	11	22	43	1	26	17	12	20	21	3	5	18	23	36	46	9	40	4	14	25	12	24	2
47	16	43	11	22	43	2	26	12	17	20	21	3	5	18	23	36	4	23	42	2	0	5	12	24	2
47	16	43	11	22	43	2	26	12	17	20	21	3	5	18	23	36	5	44	0	23	17	7	12	24	2
47	16	43	11	22	43	2	26	12	17	20	21	3	5	18	23	36	6	7	3	39	31	15	12	24	2
47	16	43	11	22	43	2	26	12	17	20	21	3	5	18	23	36	13	36	15	29	34	21	12	24	2
47	16	43	11	22	43	2	26	12	17	20	21	3	5	18	23	36	27	2	39	24	31	34	12	24	2
47	16	43	11	22	43	2	26	12	17	20	21	3	5	18	23	36	32	16	43	44	30	33	12	24	2
47	16	43	11	22	43	2	26	12	17	20	21	3	5	18	23	36	33	37	17	12	24	19	12	24	2
47	16	43	11	22	43	2	26	12	17	20	21	3	5	18	23	36	35	41	42	7	17	36	12	24	2
47	16	43	11	22	43	2	26	12	17	20	21	3	5	18	23	36	38	20	20	27	29	29	12	24	2
47	16	43	11	22	43	2	26	12	17	20	21	3	5	18	23	36	46	9	40	4	14	25	12	24	2
47	16	43	11	22	43	3	17	12	26	20	21	3	5	18	23	36	4	23	42	2	0	5	12	24	2
47	16	43	11	22	43	3	17	12	26	20	21	3	5	18	23	36	5	44	0	23	17	7	12	24	2
47	16	43	11	22	43	3	17	12	26	20	21	3	5	18	23	36	6	7	3	39	31	15	12	24	2
47	16	43	11	22	43	3	17	12	26	20	21	3	5	18	23	36	13	36	15	29	34	21	12	24	2
47	16	43	11	22	43	3	17	12	26	20	21	3	5	18	23	36	27	2	39	24	31	34	12	24	2
47	16	43	11	22	43	3	17	12	26	20	21	3	5	18	23	36	32	16	43	44	30	33	12	24	2
47	16	43	11	22	43	3	17	12	26	20	21	3	5	18	23	36	33	37	17	12	24	19	12	24	2
47	16	43	11	22	43	3	17	12	26	20	21	3	5	18	23	36	35	41	42	7	17	36	12	24	2
47	16	43	11	22	43	3	17	12	26	20	21	3	5	18	23	36	38	20	20	27	29	29	12	24	2
47	16	43	11	22	43	3	17	12	26	20	21	3	5	18	23	36	46	9	40	4	14	25	12	24	2
47	17	2	18	12	8	1	34	4	36	17	6	30	37	25	9	17	2	27	26	6	40	25	12	24	2
47	17	2	18	12	8	1	34	4	36	17	6	30	37	25	9	17	7	38	22	33	1	39	12	24	2
47	17	2	18	12	8	1	34	4	36	17	6	30	37	25	9	17	9	37	11	46	6	9	12	24	2
47	17	2	18	12	8	1	34	4	36	17	6	30	37	25	9	17	13	40	6	33	4	19	12	24	2
47	17	2	18	12	8	1	34	4	36	17	6	30	37	25	9	17	21	26	24	12	10	7	12	24	2
47	17	2	18	12	8	1	34	4	36	17	6	30	37	25	9	17	27	7	43	32	24	18	12	24	2
47	17	2	18	12	8	1	34	4	36	17	6	30	37	25	9	17	29	16	1	25	36	45	12	24	2
47	17	2	18	12	8	1	34	4	36	17	6	30	37	25	9	17	32	22	21	15	13	17	12	24	2
47	17	2	18	12	8	1	34	4	36	17	6	30	37	25	9	17	41	3	33	22	4	10	12	24	2
47	17	2	18	12	8	1	34	4	36	17	6	30	37	25	9	17	46	17	1	15	11	25	12	24	2
47	17	2	18	12	8	2	34	36	4	17	6	30	37	25	9	17	2	27	26	6	40	25	12	24	2
47	17	2	18	12	8	2	34	36	4	17	6	30	37	25	9	17	7	38	22	33	1	39	12	24	2
47	17	2	18	12	8	2	34	36	4	17	6	30	37	25	9	17	9	37	11	46	6	9	12	24	2
47	17	2	18	12	8	2	34	36	4	17	6	30	37	25	9	17	13	40	6	33	4	19	12	24	2
47	17	2	18	12	8	2	34	36	4	17	6	30	37	25	9	17	21	26	24	12	10	7	12	24	2
47	17	2	18	12	8	2	34	36	4	17	6	30	37	25	9	17	27	7	43	32	24	18	12	24	2
47	17	2	18	12	8	2	34	36	4	17	6	30	37	25	9	17	29	16	1	25	36	45	12	24	2
47	17	2	18	12	8	2	34	36	4	17	6	30	37	25	9	17	32	22	21	15	13	17	12	24	2
47	17	2	18	12	8	2	34	36	4	17	6	30	37	25	9	17	41	3	33	22	4	10	12	24	2
47	17	2	18	12	8	2	34	36	4	17	6	30	37	25	9	17	46	17	1	15	11	25	12	24	2
47	17	2	18	12	8	3	4	36	34	17	6	30	37	25	9	17	2	27	26	6	40	25	12	24	2
47	17	2	18	12	8	3	4	36	34	17	6	30	37	25	9	17	7	38	22	33	1	39	12	24	2
47	17	2	18	12	8	3	4	36	34	17	6	30	37	25	9	17	9	37	11	46	6	9	12	24	2
47	17	2	18	12	8	3	4	36	34	17	6	30	37	25	9	17	13	40	6	33	4	19	12	24	2
47	17	2	18	12	8	3	4	36	34	17	6	30	37	25	9	17	21	26	24	12	10	7	12	24	2
47	17	2	18	12	8	3	4	36	34	17	6	30	37	25	9	17	27	7	43	32	24	18	12	24	2
47	17	2	18	12	8	3	4	36	34	17	6	30	37	25	9	17	29	16	1	25	36	45	12	24	2
47	17	2	18	12	8	3	4	36	34	17	6	30	37	25	9	17	32	22	21	15	13	17	12	24	2
47	17	2	18	12	8	3	4	36	34	17	6	30	37	25	9	17	41	3	33	22	4	10	12	24	2
47	17	2	18	12	8	3	4	36	34	17	6	30	37	25	9	17	46	17	1	15	11	25	12	24	2
47	17	2	18	35	39	1	13	43	11	30	32	27	17	1	14	20	11	2	18	45	39	43	12	24	2
47	17	2	18	35	39	1	13	43	11	30	32	27	17	1	14	20	13	38	32	37	1	8	12	24	2
47	17	2	18	35	39	1	13	43	11	30	32	27	17	1	14	20	15	21	17	9	12	7	12	24	2
47	17	2	18	35	39	1	13	43	11	30	32	27	17	1	14	20	15	26	33	22	35	40	12	24	2
47	17	2	18	35	39	1	13	43	11	30	32	27	17	1	14	20	20	24	4	21	33	45	12	24	2
47	17	2	18	35	39	1	13	43	11	30	32	27	17	1	14	20	20	38	0	30	14	2	12	24	2
47	17	2	18	35	39	1	13	43	11	30	32	27	17	1	14	20	22	10	46	27	29	28	12	24	2
47	17	2	18	35	39	1	13	43	11	30	32	27	17	1	14	20	23	46	32	9	19	16	12	24	2
47	17	2	18	35	39	1	13	43	11	30	32	27	17	1	14	20	30	40	12	45	39	30	12	24	2
47	17	2	18	35	39	1	13	43	11	30	32	27	17	1	14	20	31	11	18	46	35	36	12	24	2
47	17	2	18	35	39	1	13	43	11	30	32	27	17	1	14	20	33	9	25	8	34	46	12	24	2
47	17	2	18	35	39	1	13	43	11	30	32	27	17	1	14	20	35	37	17	40	35	13	12	24	2
47	17	2	18	35	39	1	13	43	11	30	32	27	17	1	14	20	38	32	9	11	26	25	12	24	2
47	17	2	18	35	39	1	13	43	11	30	32	27	17	1	14	20	39	21	29	11	28	24	12	24	2
47	17	2	18	35	39	1	13	43	11	30	32	27	17	1	14	20	44	3	44	8	38	38	12	24	2
47	17	2	18	35	39	1	13	43	11	30	32	27	17	1	14	20	46	40	15	34	31	10	12	24	2
47	17	2	18	35	39	2	13	11	43	30	32	27	17	1	14	20	11	2	18	45	39	43	12	24	2
47	17	2	18	35	39	2	13	11	43	30	32	27	17	1	14	20	13	38	32	37	1	8	12	24	2
47	17	2	18	35	39	2	13	11	43	30	32	27	17	1	14	20	15	21	17	9	12	7	12	24	2
47	17	2	18	35	39	2	13	11	43	30	32	27	17	1	14	20	15	26	33	22	35	40	12	24	2
47	17	2	18	35	39	2	13	11	43	30	32	27	17	1	14	20	20	24	4	21	33	45	12	24	2
47	17	2	18	35	39	2	13	11	43	30	32	27	17	1	14	20	20	38	0	30	14	2	12	24	2
47	17	2	18	35	39	2	13	11	43	30	32	27	17	1	14	20	22	10	46	27	29	28	12	24	2
47	17	2	18	35	39	2	13	11	43	30	32	27	17	1	14	20	23	46	32	9	19	16	12	24	2
47	17	2	18	35	39	2	13	11	43	30	32	27	17	1	14	20	30	40	12	45	39	30	12	24	2
47	17	2	18	35	39	2	13	11	43	30	32	27	17	1	14	20	31	11	18	46	35	36	12	24	2
47	17	2	18	35	39	2	13	11	43	30	32	27	17	1	14	20	33	9	25	8	34	46	12	24	2
47	17	2	18	35	39	2	13	11	43	30	32	27	17	1	14	20	35	37	17	40	35	13	12	24	2
47	17	2	18	35	39	2	13	11	43	30	32	27	17	1	14	20	38	32	9	11	26	25	12	24	2
47	17	2	18	35	39	2	13	11	43	30	32	27	17	1	14	20	39	21	29	11	28	24	12	24	2
47	17	2	18	35	39	2	13	11	43	30	32	27	17	1	14	20	44	3	44	8	38	38	12	24	2
47	17	2	18	35	39	2	13	11	43	30	32	27	17	1	14	20	46	40	15	34	31	10	12	24	2
47	17	2	18	35	39	3	43	11	13	30	32	27	17	1	14	20	11	2	18	45	39	43	12	24	2
47	17	2	18	35	39	3	43	11	13	30	32	27	17	1	14	20	13	38	32	37	1	8	12	24	2
47	17	2	18	35	39	3	43	11	13	30	32	27	17	1	14	20	15	21	17	9	12	7	12	24	2
47	17	2	18	35	39	3	43	11	13	30	32	27	17	1	14	20	15	26	33	22	35	40	12	24	2
47	17	2	18	35	39	3	43	11	13	30	32	27	17	1	14	20	20	24	4	21	33	45	12	24	2
47	17	2	18	35	39	3	43	11	13	30	32	27	17	1	14	20	20	38	0	30	14	2	12	24	2
47	17	2	18	35	39	3	43	11	13	30	32	27	17	1	14	20	22	10	46	27	29	28	12	24	2
47	17	2	18	35	39	3	43	11	13	30	32	27	17	1	14	20	23	46	32	9	19	16	12	24	2
47	17	2	18	35	39	3	43	11	13	30	32	27	17	1	14	20	30	40	12	45	39	30	12	24	2
47	17	2	18	35	39	3	43	11	13	30	32	27	17	1	14	20	31	11	18	46	35	36	12	24	2
47	17	2	18	35	39	3	43	11	13	30	32	27	17	1	14	20	33	9	25	8	34	46	12	24	2
47	17	2	18	35	39	3	43	11	13	30	32	27	17	1	14	20	35	37	17	40	35	13	12	24	2
47	17	2	18	35	39	3	43	11	13	30	32	27	17	1	14	20	38	32	9	11	26	25	12	24	2
47	17	2	18	35	39	3	43	11	13	30	32	27	17	1	14	20	39	21	29	11	28	24	12	24	2
47	17	2	18	35	39	3	43	11	13	30	32	27	17	1	14	20	44	3	44	8	38	38	12	24	2
47	17	2	18	35	39	3	43	11	13	30	32	27	17	1	14	20	46	40	15	34	31	10	12	24	2
47	17	18	2	12	8	1	34	36	4	17	6	30	37	25	9	17	2	27	26	6	40	25	12	24	2
47	17	18	2	12	8	1	34	36	4	17	6	30	37	25	9	17	7	38	22	33	1	39	12	24	2
47	17	18	2	12	8	1	34	36	4	17	6	30	37	25	9	17	9	37	11	46	6	9	12	24	2
47	17	18	2	12	8	1	34	36	4	17	6	30	37	25	9	17	13	40	6	33	4	19	12	24	2
47	17	18	2	12	8	1	34	36	4	17	6	30	37	25	9	17	21	26	24	12	10	7	12	24	2
47	17	18	2	12	8	1	34	36	4	17	6	30	37	25	9	17	27	7	43	32	24	18	12	24	2
47	17	18	2	12	8	1	34	36	4	17	6	30	37	25	9	17	29	16	1	25	36	45	12	24	2
47	17	18	2	12	8	1	34	36	4	17	6	30	37	25	9	17	32	22	21	15	13	17	12	24	2
47	17	18	2	12	8	1	34	36	4	17	6	30	37	25	9	17	41	3	33	22	4	10	12	24	2
47	17	18	2	12	8	1	34	36	4	17	6	30	37	25	9	17	46	17	1	15	11	25	12	24	2
47	17	18	2	12	8	2	34	4	36	17	6	30	37	25	9	17	2	27	26	6	40	25	12	24	2
47	17	18	2	12	8	2	34	4	36	17	6	30	37	25	9	17	7	38	22	33	1	39	12	24	2
47	17	18	2	12	8	2	34	4	36	17	6	30	37	25	9	17	9	37	11	46	6	9	12	24	2
47	17	18	2	12	8	2	34	4	36	17	6	30	37	25	9	17	13	40	6	33	4	19	12	24	2
47	17	18	2	12	8	2	34	4	36	17	6	30	37	25	9	17	21	26	24	12	10	7	12	24	2
47	17	18	2	12	8	2	34	4	36	17	6	30	37	25	9	17	27	7	43	32	24	18	12	24	2
47	17	18	2	12	8	2	34	4	36	17	6	30	37	25	9	17	29	16	1	25	36	45	12	24	2
47	17	18	2	12	8	2	34	4	36	17	6	30	37	25	9	17	32	22	21	15	13	17	12	24	2
47	17	18	2	12	8	2	34	4	36	17	6	30	37	25	9	17	41	3	33	22	4	10	12	24	2
47	17	18	2	12	8	2	34	4	36	17	6	30	37	25	9	17	46	17	1	15	11	25	12	24	2
47	17	18	2	12	8	3	36	4	34	17	6	30	37	25	9	17	2	27	26	6	40	25	12	24	2
47	17	18	2	12	8	3	36	4	34	17	6	30	37	25	9	17	7	38	22	33	1	39	12	24	2
47	17	18	2	12	8	3	36	4	34	17	6	30	37	25	9	17	9	37	11	46	6	9	12	24	2
47	17	18	2	12	8	3	36	4	34	17	6	30	37	25	9	17	13	40	6	33	4	19	12	24	2
47	17	18	2	12	8	3	36	4	34	17	6	30	37	25	9	17	21	26	24	12	10	7	12	24	2
47	17	18	2	12	8	3	36	4	34	17	6	30	37	25	9	17	27	7	43	32	24	18	12	24	2
47	17	18	2	12	8	3	36	4	34	17	6	30	37	25	9	17	29	16	1	25	36	45	12	24	2
47	17	18	2	12	8	3	36	4	34	17	6	30	37	25	9	17	32	22	21	15	13	17	12	24	2
47	17	18	2	12	8	3	36	4	34	17	6	30	37	25	9	17	41	3	33	22	4	10	12	24	2
47	17	18	2	12	8	3	36	4	34	17	6	30	37	25	9	17	46	17	1	15	11	25	12	24	2
47	17	18	2	35	39	1	13	11	43	30	32	27	17	1	14	20	11	2	18	45	39	43	12	24	2
47	17	18	2	35	39	1	13	11	43	30	32	27	17	1	14	20	13	38	32	37	1	8	12	24	2
47	17	18	2	35	39	1	13	11	43	30	32	27	17	1	14	20	15	21	17	9	12	7	12	24	2
47	17	18	2	35	39	1	13	11	43	30	32	27	17	1	14	20	15	26	33	22	35	40	12	24	2
47	17	18	2	35	39	1	13	11	43	30	32	27	17	1	14	20	20	24	4	21	33	45	12	24	2
47	17	18	2	35	39	1	13	11	43	30	32	27	17	1	14	20	20	38	0	30	14	2	12	24	2
47	17	18	2	35	39	1	13	11	43	30	32	27	17	1	14	20	22	10	46	27	29	28	12	24	2
47	17	18	2	35	39	1	13	11	43	30	32	27	17	1	14	20	23	46	32	9	19	16	12	24	2
47	17	18	2	35	39	1	13	11	43	30	32	27	17	1	14	20	30	40	12	45	39	30	12	24	2
47	17	18	2	35	39	1	13	11	43	30	32	27	17	1	14	20	31	11	18	46	35	36	12	24	2
47	17	18	2	35	39	1	13	11	43	30	32	27	17	1	14	20	33	9	25	8	34	46	12	24	2
47	17	18	2	35	39	1	13	11	43	30	32	27	17	1	14	20	35	37	17	40	35	13	12	24	2
47	17	18	2	35	39	1	13	11	43	30	32	27	17	1	14	20	38	32	9	11	26	25	12	24	2
47	17	18	2	35	39	1	13	11	43	30	32	27	17	1	14	20	39	21	29	11	28	24	12	24	2
47	17	18	2	35	39	1	13	11	43	30	32	27	17	1	14	20	44	3	44	8	38	38	12	24	2
47	17	18	2	35	39	1	13	11	43	30	32	27	17	1	14	20	46	40	15	34	31	10	12	24	2
47	17	18	2	35	39	2	13	43	11	30	32	27	17	1	14	20	11	2	18	45	39	43	12	24	2
47	17	18	2	35	39	2	13	43	11	30	32	27	17	1	14	20	13	38	32	37	1	8	12	24	2
47	17	18	2	35	39	2	13	43	11	30	32	27	17	1	14	20	15	21	17	9	12	7	12	24	2
47	17	18	2	35	39	2	13	43	11	30	32	27	17	1	14	20	15	26	33	22	35	40	12	24	2
47	17	18	2	35	39	2	13	43	11	30	32	27	17	1	14	20	20	24	4	21	33	45	12	24	2
47	17	18	2	35	39	2	13	43	11	30	32	27	17	1	14	20	20	38	0	30	14	2	12	24	2
47	17	18	2	35	39	2	13	43	11	30	32	27	17	1	14	20	22	10	46	27	29	28	12	24	2
47	17	18	2	35	39	2	13	43	11	30	32	27	17	1	14	20	23	46	32	9	19	16	12	24	2
47	17	18	2	35	39	2	13	43	11	30	32	27	17	1	14	20	30	40	12	45	39	30	12	24	2
47	17	18	2	35	39	2	13	43	11	30	32	27	17	1	14	20	31	11	18	46	35	36	12	24	2
47	17	18	2	35	39	2	13	43	11	30	32	27	17	1	14	20	33	9	25	8	34	46	12	24	2
47	17	18	2	35	39	2	13	43	11	30	32	27	17	1	14	20	35	37	17	40	35	13	12	24	2
47	17	18	2	35	39	2	13	43	11	30	32	27	17	1	14	20	38	32	9	11	26	25	12	24	2
47	17	18	2	35	39	2	13	43	11	30	32	27	17	1	14	20	39	21	29	11	28	24	12	24	2
47	17	18	2	35	39	2	13	43	11	30	32	27	17	1	14	20	44	3	44	8	38	38	12	24	2
47	17	18	2	35	39	2	13	43	11	30	32	27	17	1	14	20	46	40	15	34	31	10	12	24	2
47	17	18	2	35	39	3	11	43	13	30	32	27	17	1	14	20	11	2	18	45	39	43	12	24	2
47	17	18	2	35	39	3	11	43	13	30	32	27	17	1	14	20	13	38	32	37	1	8	12	24	2
47	17	18	2	35	39	3	11	43	13	30	32	27	17	1	14	20	15	21	17	9	12	7	12	24	2
47	17	18	2	35	39	3	11	43	13	30	32	27	17	1	14	20	15	26	33	22	35	40	12	24	2
47	17	18	2	35	39	3	11	43	13	30	32	27	17	1	14	20	20	24	4	21	33	45	12	24	2
47	17	18	2	35	39	3	11	43	13	30	32	27	17	1	14	20	20	38	0	30	14	2	12	24	2
47	17	18	2	35	39	3	11	43	13	30	32	27	17	1	14	20	22	10	46	27	29	28	12	24	2
47	17	18	2	35	39	3	11	43	13	30	32	27	17	1	14	20	23	46	32	9	19	16	12	24	2
47	17	18	2	35	39	3	11	43	13	30	32	27	17	1	14	20	30	40	12	45	39	30	12	24	2
47	17	18	2	35	39	3	11	43	13	30	32	27	17	1	14	20	31	11	18	46	35	36	12	24	2
47	17	18	2	35	39	3	11	43	13	30	32	27	17	1	14	20	33	9	25	8	34	46	12	24	2
47	17	18	2	35	39	3	11	43	13	30	32	27	17	1	14	20	35	37	17	40	35	13	12	24	2
47	17	18	2	35	39	3	11	43	13	30	32	27	17	1	14	20	38	32	9	11	26	25	12	24	2
47	17	18	2	35	39	3	11	43	13	30	32	27	17	1	14	20	39	21	29	11	28	24	12	24	2
47	17	18	2	35	39	3	11	43	13	30	32	27	17	1	14	20	44	3	44	8	38	38	12	24	2
47	17	18	2	35	39	3	11	43	13	30	32	27	17	1	14	20	46	40	15	34	31	10	12	24	2
47	17	35	44	4	25	1	8	22	29	14	25	27	16	42	4	22	1	1	32	14	36	8	12	24	2
47	17	35	44	4	25	1	8	22	29	14	25	27	16	42	4	22	1	23	7	13	11	39	12	24	2
47	17	35	44	4	25	1	8	22	29	14	25	27	16	42	4	22	5	30	45	15	34	1	12	24	2
47	17	35	44	4	25	1	8	22	29	14	25	27	16	42	4	22	14	31	24	6	13	23	12	24	2
47	17	35	44	4	25	1	8	22	29	14	25	27	16	42	4	22	15	33	22	39	2	35	12	24	2
47	17	35	44	4	25	1	8	22	29	14	25	27	16	42	4	22	21	32	44	25	43	9	12	24	2
47	17	35	44	4	25	1	8	22	29	14	25	27	16	42	4	22	22	17	33	29	18	3	12	24	2
47	17	35	44	4	25	1	8	22	29	14	25	27	16	42	4	22	22	30	40	3	29	44	12	24	2
47	17	35	44	4	25	1	8	22	29	14	25	27	16	42	4	22	23	6	41	27	8	14	12	24	2
47	17	35	44	4	25	1	8	22	29	14	25	27	16	42	4	22	28	19	18	45	3	6	12	24	2
47	17	35	44	4	25	1	8	22	29	14	25	27	16	42	4	22	31	40	1	14	27	10	12	24	2
47	17	35	44	4	25	1	8	22	29	14	25	27	16	42	4	22	33	38	9	15	25	20	12	24	2
47	17	35	44	4	25	1	8	22	29	14	25	27	16	42	4	22	36	9	40	7	18	7	12	24	2
47	17	35	44	4	25	1	8	22	29	14	25	27	16	42	4	22	40	14	41	25	26	26	12	24	2
47	17	35	44	4	25	1	8	22	29	14	25	27	16	42	4	22	44	17	31	38	13	22	12	24	2
47	17	35	44	4	25	1	8	22	29	14	25	27	16	42	4	22	45	15	18	39	10	42	12	24	2
47	17	35	44	4	25	2	8	29	22	14	25	27	16	42	4	22	1	1	32	14	36	8	12	24	2
47	17	35	44	4	25	2	8	29	22	14	25	27	16	42	4	22	1	23	7	13	11	39	12	24	2
47	17	35	44	4	25	2	8	29	22	14	25	27	16	42	4	22	5	30	45	15	34	1	12	24	2
47	17	35	44	4	25	2	8	29	22	14	25	27	16	42	4	22	14	31	24	6	13	23	12	24	2
47	17	35	44	4	25	2	8	29	22	14	25	27	16	42	4	22	15	33	22	39	2	35	12	24	2
47	17	35	44	4	25	2	8	29	22	14	25	27	16	42	4	22	21	32	44	25	43	9	12	24	2
47	17	35	44	4	25	2	8	29	22	14	25	27	16	42	4	22	22	17	33	29	18	3	12	24	2
47	17	35	44	4	25	2	8	29	22	14	25	27	16	42	4	22	22	30	40	3	29	44	12	24	2
47	17	35	44	4	25	2	8	29	22	14	25	27	16	42	4	22	23	6	41	27	8	14	12	24	2
47	17	35	44	4	25	2	8	29	22	14	25	27	16	42	4	22	28	19	18	45	3	6	12	24	2
47	17	35	44	4	25	2	8	29	22	14	25	27	16	42	4	22	31	40	1	14	27	10	12	24	2
47	17	35	44	4	25	2	8	29	22	14	25	27	16	42	4	22	33	38	9	15	25	20	12	24	2
47	17	35	44	4	25	2	8	29	22	14	25	27	16	42	4	22	36	9	40	7	18	7	12	24	2
47	17	35	44	4	25	2	8	29	22	14	25	27	16	42	4	22	40	14	41	25	26	26	12	24	2
47	17	35	44	4	25	2	8	29	22	14	25	27	16	42	4	22	44	17	31	38	13	22	12	24	2
47	17	35	44	4	25	2	8	29	22	14	25	27	16	42	4	22	45	15	18	39	10	42	12	24	2
47	17	35	44	4	25	3	22	29	8	14	25	27	16	42	4	22	1	1	32	14	36	8	12	24	2
47	17	35	44	4	25	3	22	29	8	14	25	27	16	42	4	22	1	23	7	13	11	39	12	24	2
47	17	35	44	4	25	3	22	29	8	14	25	27	16	42	4	22	5	30	45	15	34	1	12	24	2
47	17	35	44	4	25	3	22	29	8	14	25	27	16	42	4	22	14	31	24	6	13	23	12	24	2
47	17	35	44	4	25	3	22	29	8	14	25	27	16	42	4	22	15	33	22	39	2	35	12	24	2
47	17	35	44	4	25	3	22	29	8	14	25	27	16	42	4	22	21	32	44	25	43	9	12	24	2
47	17	35	44	4	25	3	22	29	8	14	25	27	16	42	4	22	22	17	33	29	18	3	12	24	2
47	17	35	44	4	25	3	22	29	8	14	25	27	16	42	4	22	22	30	40	3	29	44	12	24	2
47	17	35	44	4	25	3	22	29	8	14	25	27	16	42	4	22	23	6	41	27	8	14	12	24	2
47	17	35	44	4	25	3	22	29	8	14	25	27	16	42	4	22	28	19	18	45	3	6	12	24	2
47	17	35	44	4	25	3	22	29	8	14	25	27	16	42	4	22	31	40	1	14	27	10	12	24	2
47	17	35	44	4	25	3	22	29	8	14	25	27	16	42	4	22	33	38	9	15	25	20	12	24	2
47	17	35	44	4	25	3	22	29	8	14	25	27	16	42	4	22	36	9	40	7	18	7	12	24	2
47	17	35	44	4	25	3	22	29	8	14	25	27	16	42	4	22	40	14	41	25	26	26	12	24	2
47	17	35	44	4	25	3	22	29	8	14	25	27	16	42	4	22	44	17	31	38	13	22	12	24	2
47	17	35	44	4	25	3	22	29	8	14	25	27	16	42	4	22	45	15	18	39	10	42	12	24	2
47	17	35	44	43	22	1	39	25	18	33	8	1	40	24	17	21	3	29	27	19	33	11	12	24	2
47	17	35	44	43	22	1	39	25	18	33	8	1	40	24	17	21	6	23	31	13	21	5	12	24	2
47	17	35	44	43	22	1	39	25	18	33	8	1	40	24	17	21	12	21	2	11	35	22	12	24	2
47	17	35	44	43	22	1	39	25	18	33	8	1	40	24	17	21	13	31	5	7	12	5	12	24	2
47	17	35	44	43	22	1	39	25	18	33	8	1	40	24	17	21	15	35	31	7	26	0	12	24	2
47	17	35	44	43	22	1	39	25	18	33	8	1	40	24	17	21	15	38	3	3	21	0	12	24	2
47	17	35	44	43	22	1	39	25	18	33	8	1	40	24	17	21	25	30	45	20	1	38	12	24	2
47	17	35	44	43	22	1	39	25	18	33	8	1	40	24	17	21	30	1	41	34	41	3	12	24	2
47	17	35	44	43	22	1	39	25	18	33	8	1	40	24	17	21	31	16	38	2	27	33	12	24	2
47	17	35	44	43	22	1	39	25	18	33	8	1	40	24	17	21	39	25	40	3	10	18	12	24	2
47	17	35	44	43	22	2	39	18	25	33	8	1	40	24	17	21	3	29	27	19	33	11	12	24	2
47	17	35	44	43	22	2	39	18	25	33	8	1	40	24	17	21	6	23	31	13	21	5	12	24	2
47	17	35	44	43	22	2	39	18	25	33	8	1	40	24	17	21	12	21	2	11	35	22	12	24	2
47	17	35	44	43	22	2	39	18	25	33	8	1	40	24	17	21	13	31	5	7	12	5	12	24	2
47	17	35	44	43	22	2	39	18	25	33	8	1	40	24	17	21	15	35	31	7	26	0	12	24	2
47	17	35	44	43	22	2	39	18	25	33	8	1	40	24	17	21	15	38	3	3	21	0	12	24	2
47	17	35	44	43	22	2	39	18	25	33	8	1	40	24	17	21	25	30	45	20	1	38	12	24	2
47	17	35	44	43	22	2	39	18	25	33	8	1	40	24	17	21	30	1	41	34	41	3	12	24	2
47	17	35	44	43	22	2	39	18	25	33	8	1	40	24	17	21	31	16	38	2	27	33	12	24	2
47	17	35	44	43	22	2	39	18	25	33	8	1	40	24	17	21	39	25	40	3	10	18	12	24	2
47	17	35	44	43	22	3	25	18	39	33	8	1	40	24	17	21	3	29	27	19	33	11	12	24	2
47	17	35	44	43	22	3	25	18	39	33	8	1	40	24	17	21	6	23	31	13	21	5	12	24	2
47	17	35	44	43	22	3	25	18	39	33	8	1	40	24	17	21	12	21	2	11	35	22	12	24	2
47	17	35	44	43	22	3	25	18	39	33	8	1	40	24	17	21	13	31	5	7	12	5	12	24	2
47	17	35	44	43	22	3	25	18	39	33	8	1	40	24	17	21	15	35	31	7	26	0	12	24	2
47	17	35	44	43	22	3	25	18	39	33	8	1	40	24	17	21	15	38	3	3	21	0	12	24	2
47	17	35	44	43	22	3	25	18	39	33	8	1	40	24	17	21	25	30	45	20	1	38	12	24	2
47	17	35	44	43	22	3	25	18	39	33	8	1	40	24	17	21	30	1	41	34	41	3	12	24	2
47	17	35	44	43	22	3	25	18	39	33	8	1	40	24	17	21	31	16	38	2	27	33	12	24	2
47	17	35	44	43	22	3	25	18	39	33	8	1	40	24	17	21	39	25	40	3	10	18	12	24	2
47	17	44	35	4	25	1	8	29	22	14	25	27	16	42	4	22	1	1	32	14	36	8	12	24	2
47	17	44	35	4	25	1	8	29	22	14	25	27	16	42	4	22	1	23	7	13	11	39	12	24	2
47	17	44	35	4	25	1	8	29	22	14	25	27	16	42	4	22	5	30	45	15	34	1	12	24	2
47	17	44	35	4	25	1	8	29	22	14	25	27	16	42	4	22	14	31	24	6	13	23	12	24	2
47	17	44	35	4	25	1	8	29	22	14	25	27	16	42	4	22	15	33	22	39	2	35	12	24	2
47	17	44	35	4	25	1	8	29	22	14	25	27	16	42	4	22	21	32	44	25	43	9	12	24	2
47	17	44	35	4	25	1	8	29	22	14	25	27	16	42	4	22	22	17	33	29	18	3	12	24	2
47	17	44	35	4	25	1	8	29	22	14	25	27	16	42	4	22	22	30	40	3	29	44	12	24	2
47	17	44	35	4	25	1	8	29	22	14	25	27	16	42	4	22	23	6	41	27	8	14	12	24	2
47	17	44	35	4	25	1	8	29	22	14	25	27	16	42	4	22	28	19	18	45	3	6	12	24	2
47	17	44	35	4	25	1	8	29	22	14	25	27	16	42	4	22	31	40	1	14	27	10	12	24	2
47	17	44	35	4	25	1	8	29	22	14	25	27	16	42	4	22	33	38	9	15	25	20	12	24	2
47	17	44	35	4	25	1	8	29	22	14	25	27	16	42	4	22	36	9	40	7	18	7	12	24	2
47	17	44	35	4	25	1	8	29	22	14	25	27	16	42	4	22	40	14	41	25	26	26	12	24	2
47	17	44	35	4	25	1	8	29	22	14	25	27	16	42	4	22	44	17	31	38	13	22	12	24	2
47	17	44	35	4	25	1	8	29	22	14	25	27	16	42	4	22	45	15	18	39	10	42	12	24	2
47	17	44	35	4	25	2	8	22	29	14	25	27	16	42	4	22	1	1	32	14	36	8	12	24	2
47	17	44	35	4	25	2	8	22	29	14	25	27	16	42	4	22	1	23	7	13	11	39	12	24	2
47	17	44	35	4	25	2	8	22	29	14	25	27	16	42	4	22	5	30	45	15	34	1	12	24	2
47	17	44	35	4	25	2	8	22	29	14	25	27	16	42	4	22	14	31	24	6	13	23	12	24	2
47	17	44	35	4	25	2	8	22	29	14	25	27	16	42	4	22	15	33	22	39	2	35	12	24	2
47	17	44	35	4	25	2	8	22	29	14	25	27	16	42	4	22	21	32	44	25	43	9	12	24	2
47	17	44	35	4	25	2	8	22	29	14	25	27	16	42	4	22	22	17	33	29	18	3	12	24	2
47	17	44	35	4	25	2	8	22	29	14	25	27	16	42	4	22	22	30	40	3	29	44	12	24	2
47	17	44	35	4	25	2	8	22	29	14	25	27	16	42	4	22	23	6	41	27	8	14	12	24	2
47	17	44	35	4	25	2	8	22	29	14	25	27	16	42	4	22	28	19	18	45	3	6	12	24	2
47	17	44	35	4	25	2	8	22	29	14	25	27	16	42	4	22	31	40	1	14	27	10	12	24	2
47	17	44	35	4	25	2	8	22	29	14	25	27	16	42	4	22	33	38	9	15	25	20	12	24	2
47	17	44	35	4	25	2	8	22	29	14	25	27	16	42	4	22	36	9	40	7	18	7	12	24	2
47	17	44	35	4	25	2	8	22	29	14	25	27	16	42	4	22	40	14	41	25	26	26	12	24	2
47	17	44	35	4	25	2	8	22	29	14	25	27	16	42	4	22	44	17	31	38	13	22	12	24	2
47	17	44	35	4	25	2	8	22	29	14	25	27	16	42	4	22	45	15	18	39	10	42	12	24	2
47	17	44	35	4	25	3	29	22	8	14	25	27	16	42	4	22	1	1	32	14	36	8	12	24	2
47	17	44	35	4	25	3	29	22	8	14	25	27	16	42	4	22	1	23	7	13	11	39	12	24	2
47	17	44	35	4	25	3	29	22	8	14	25	27	16	42	4	22	5	30	45	15	34	1	12	24	2
47	17	44	35	4	25	3	29	22	8	14	25	27	16	42	4	22	14	31	24	6	13	23	12	24	2
47	17	44	35	4	25	3	29	22	8	14	25	27	16	42	4	22	15	33	22	39	2	35	12	24	2
47	17	44	35	4	25	3	29	22	8	14	25	27	16	42	4	22	21	32	44	25	43	9	12	24	2
47	17	44	35	4	25	3	29	22	8	14	25	27	16	42	4	22	22	17	33	29	18	3	12	24	2
47	17	44	35	4	25	3	29	22	8	14	25	27	16	42	4	22	22	30	40	3	29	44	12	24	2
47	17	44	35	4	25	3	29	22	8	14	25	27	16	42	4	22	23	6	41	27	8	14	12	24	2
47	17	44	35	4	25	3	29	22	8	14	25	27	16	42	4	22	28	19	18	45	3	6	12	24	2
47	17	44	35	4	25	3	29	22	8	14	25	27	16	42	4	22	31	40	1	14	27	10	12	24	2
47	17	44	35	4	25	3	29	22	8	14	25	27	16	42	4	22	33	38	9	15	25	20	12	24	2
47	17	44	35	4	25	3	29	22	8	14	25	27	16	42	4	22	36	9	40	7	18	7	12	24	2
47	17	44	35	4	25	3	29	22	8	14	25	27	16	42	4	22	40	14	41	25	26	26	12	24	2
47	17	44	35	4	25	3	29	22	8	14	25	27	16	42	4	22	44	17	31	38	13	22	12	24	2
47	17	44	35	4	25	3	29	22	8	14	25	27	16	42	4	22	45	15	18	39	10	42	12	24	2
47	17	44	35	43	22	1	39	18	25	33	8	1	40	24	17	21	3	29	27	19	33	11	12	24	2
47	17	44	35	43	22	1	39	18	25	33	8	1	40	24	17	21	6	23	31	13	21	5	12	24	2
47	17	44	35	43	22	1	39	18	25	33	8	1	40	24	17	21	12	21	2	11	35	22	12	24	2
47	17	44	35	43	22	1	39	18	25	33	8	1	40	24	17	21	13	31	5	7	12	5	12	24	2
47	17	44	35	43	22	1	39	18	25	33	8	1	40	24	17	21	15	35	31	7	26	0	12	24	2
47	17	44	35	43	22	1	39	18	25	33	8	1	40	24	17	21	15	38	3	3	21	0	12	24	2
47	17	44	35	43	22	1	39	18	25	33	8	1	40	24	17	21	25	30	45	20	1	38	12	24	2
47	17	44	35	43	22	1	39	18	25	33	8	1	40	24	17	21	30	1	41	34	41	3	12	24	2
47	17	44	35	43	22	1	39	18	25	33	8	1	40	24	17	21	31	16	38	2	27	33	12	24	2
47	17	44	35	43	22	1	39	18	25	33	8	1	40	24	17	21	39	25	40	3	10	18	12	24	2
47	17	44	35	43	22	2	39	25	18	33	8	1	40	24	17	21	3	29	27	19	33	11	12	24	2
47	17	44	35	43	22	2	39	25	18	33	8	1	40	24	17	21	6	23	31	13	21	5	12	24	2
47	17	44	35	43	22	2	39	25	18	33	8	1	40	24	17	21	12	21	2	11	35	22	12	24	2
47	17	44	35	43	22	2	39	25	18	33	8	1	40	24	17	21	13	31	5	7	12	5	12	24	2
47	17	44	35	43	22	2	39	25	18	33	8	1	40	24	17	21	15	35	31	7	26	0	12	24	2
47	17	44	35	43	22	2	39	25	18	33	8	1	40	24	17	21	15	38	3	3	21	0	12	24	2
47	17	44	35	43	22	2	39	25	18	33	8	1	40	24	17	21	25	30	45	20	1	38	12	24	2
47	17	44	35	43	22	2	39	25	18	33	8	1	40	24	17	21	30	1	41	34	41	3	12	24	2
47	17	44	35	43	22	2	39	25	18	33	8	1	40	24	17	21	31	16	38	2	27	33	12	24	2
47	17	44	35	43	22	2	39	25	18	33	8	1	40	24	17	21	39	25	40	3	10	18	12	24	2
47	17	44	35	43	22	3	18	25	39	33	8	1	40	24	17	21	3	29	27	19	33	11	12	24	2
47	17	44	35	43	22	3	18	25	39	33	8	1	40	24	17	21	6	23	31	13	21	5	12	24	2
47	17	44	35	43	22	3	18	25	39	33	8	1	40	24	17	21	12	21	2	11	35	22	12	24	2
47	17	44	35	43	22	3	18	25	39	33	8	1	40	24	17	21	13	31	5	7	12	5	12	24	2
47	17	44	35	43	22	3	18	25	39	33	8	1	40	24	17	21	15	35	31	7	26	0	12	24	2
47	17	44	35	43	22	3	18	25	39	33	8	1	40	24	17	21	15	38	3	3	21	0	12	24	2
47	17	44	35	43	22	3	18	25	39	33	8	1	40	24	17	21	25	30	45	20	1	38	12	24	2
47	17	44	35	43	22	3	18	25	39	33	8	1	40	24	17	21	30	1	41	34	41	3	12	24	2
47	17	44	35	43	22	3	18	25	39	33	8	1	40	24	17	21	31	16	38	2	27	33	12	24	2
47	17	44	35	43	22	3	18	25	39	33	8	1	40	24	17	21	39	25	40	3	10	18	12	24	2
47	18	2	17	12	8	1	36	4	34	17	6	30	37	25	9	17	2	27	26	6	40	25	12	24	2
47	18	2	17	12	8	1	36	4	34	17	6	30	37	25	9	17	7	38	22	33	1	39	12	24	2
47	18	2	17	12	8	1	36	4	34	17	6	30	37	25	9	17	9	37	11	46	6	9	12	24	2
47	18	2	17	12	8	1	36	4	34	17	6	30	37	25	9	17	13	40	6	33	4	19	12	24	2
47	18	2	17	12	8	1	36	4	34	17	6	30	37	25	9	17	21	26	24	12	10	7	12	24	2
47	18	2	17	12	8	1	36	4	34	17	6	30	37	25	9	17	27	7	43	32	24	18	12	24	2
47	18	2	17	12	8	1	36	4	34	17	6	30	37	25	9	17	29	16	1	25	36	45	12	24	2
47	18	2	17	12	8	1	36	4	34	17	6	30	37	25	9	17	32	22	21	15	13	17	12	24	2
47	18	2	17	12	8	1	36	4	34	17	6	30	37	25	9	17	41	3	33	22	4	10	12	24	2
47	18	2	17	12	8	1	36	4	34	17	6	30	37	25	9	17	46	17	1	15	11	25	12	24	2
47	18	2	17	12	8	2	36	34	4	17	6	30	37	25	9	17	2	27	26	6	40	25	12	24	2
47	18	2	17	12	8	2	36	34	4	17	6	30	37	25	9	17	7	38	22	33	1	39	12	24	2
47	18	2	17	12	8	2	36	34	4	17	6	30	37	25	9	17	9	37	11	46	6	9	12	24	2
47	18	2	17	12	8	2	36	34	4	17	6	30	37	25	9	17	13	40	6	33	4	19	12	24	2
47	18	2	17	12	8	2	36	34	4	17	6	30	37	25	9	17	21	26	24	12	10	7	12	24	2
47	18	2	17	12	8	2	36	34	4	17	6	30	37	25	9	17	27	7	43	32	24	18	12	24	2
47	18	2	17	12	8	2	36	34	4	17	6	30	37	25	9	17	29	16	1	25	36	45	12	24	2
47	18	2	17	12	8	2	36	34	4	17	6	30	37	25	9	17	32	22	21	15	13	17	12	24	2
47	18	2	17	12	8	2	36	34	4	17	6	30	37	25	9	17	41	3	33	22	4	10	12	24	2
47	18	2	17	12	8	2	36	34	4	17	6	30	37	25	9	17	46	17	1	15	11	25	12	24	2
47	18	2	17	12	8	3	4	34	36	17	6	30	37	25	9	17	2	27	26	6	40	25	12	24	2
47	18	2	17	12	8	3	4	34	36	17	6	30	37	25	9	17	7	38	22	33	1	39	12	24	2
47	18	2	17	12	8	3	4	34	36	17	6	30	37	25	9	17	9	37	11	46	6	9	12	24	2
47	18	2	17	12	8	3	4	34	36	17	6	30	37	25	9	17	13	40	6	33	4	19	12	24	2
47	18	2	17	12	8	3	4	34	36	17	6	30	37	25	9	17	21	26	24	12	10	7	12	24	2
47	18	2	17	12	8	3	4	34	36	17	6	30	37	25	9	17	27	7	43	32	24	18	12	24	2
47	18	2	17	12	8	3	4	34	36	17	6	30	37	25	9	17	29	16	1	25	36	45	12	24	2
47	18	2	17	12	8	3	4	34	36	17	6	30	37	25	9	17	32	22	21	15	13	17	12	24	2
47	18	2	17	12	8	3	4	34	36	17	6	30	37	25	9	17	41	3	33	22	4	10	12	24	2
47	18	2	17	12	8	3	4	34	36	17	6	30	37	25	9	17	46	17	1	15	11	25	12	24	2
47	18	2	17	35	39	1	11	43	13	30	32	27	17	1	14	20	11	2	18	45	39	43	12	24	2
47	18	2	17	35	39	1	11	43	13	30	32	27	17	1	14	20	13	38	32	37	1	8	12	24	2
47	18	2	17	35	39	1	11	43	13	30	32	27	17	1	14	20	15	21	17	9	12	7	12	24	2
47	18	2	17	35	39	1	11	43	13	30	32	27	17	1	14	20	15	26	33	22	35	40	12	24	2
47	18	2	17	35	39	1	11	43	13	30	32	27	17	1	14	20	20	24	4	21	33	45	12	24	2
47	18	2	17	35	39	1	11	43	13	30	32	27	17	1	14	20	20	38	0	30	14	2	12	24	2
47	18	2	17	35	39	1	11	43	13	30	32	27	17	1	14	20	22	10	46	27	29	28	12	24	2
47	18	2	17	35	39	1	11	43	13	30	32	27	17	1	14	20	23	46	32	9	19	16	12	24	2
47	18	2	17	35	39	1	11	43	13	30	32	27	17	1	14	20	30	40	12	45	39	30	12	24	2
47	18	2	17	35	39	1	11	43	13	30	32	27	17	1	14	20	31	11	18	46	35	36	12	24	2
47	18	2	17	35	39	1	11	43	13	30	32	27	17	1	14	20	33	9	25	8	34	46	12	24	2
47	18	2	17	35	39	1	11	43	13	30	32	27	17	1	14	20	35	37	17	40	35	13	12	24	2
47	18	2	17	35	39	1	11	43	13	30	32	27	17	1	14	20	38	32	9	11	26	25	12	24	2
47	18	2	17	35	39	1	11	43	13	30	32	27	17	1	14	20	39	21	29	11	28	24	12	24	2
47	18	2	17	35	39	1	11	43	13	30	32	27	17	1	14	20	44	3	44	8	38	38	12	24	2
47	18	2	17	35	39	1	11	43	13	30	32	27	17	1	14	20	46	40	15	34	31	10	12	24	2
47	18	2	17	35	39	2	11	13	43	30	32	27	17	1	14	20	11	2	18	45	39	43	12	24	2
47	18	2	17	35	39	2	11	13	43	30	32	27	17	1	14	20	13	38	32	37	1	8	12	24	2
47	18	2	17	35	39	2	11	13	43	30	32	27	17	1	14	20	15	21	17	9	12	7	12	24	2
47	18	2	17	35	39	2	11	13	43	30	32	27	17	1	14	20	15	26	33	22	35	40	12	24	2
47	18	2	17	35	39	2	11	13	43	30	32	27	17	1	14	20	20	24	4	21	33	45	12	24	2
47	18	2	17	35	39	2	11	13	43	30	32	27	17	1	14	20	20	38	0	30	14	2	12	24	2
47	18	2	17	35	39	2	11	13	43	30	32	27	17	1	14	20	22	10	46	27	29	28	12	24	2
47	18	2	17	35	39	2	11	13	43	30	32	27	17	1	14	20	23	46	32	9	19	16	12	24	2
47	18	2	17	35	39	2	11	13	43	30	32	27	17	1	14	20	30	40	12	45	39	30	12	24	2
47	18	2	17	35	39	2	11	13	43	30	32	27	17	1	14	20	31	11	18	46	35	36	12	24	2
47	18	2	17	35	39	2	11	13	43	30	32	27	17	1	14	20	33	9	25	8	34	46	12	24	2
47	18	2	17	35	39	2	11	13	43	30	32	27	17	1	14	20	35	37	17	40	35	13	12	24	2
47	18	2	17	35	39	2	11	13	43	30	32	27	17	1	14	20	38	32	9	11	26	25	12	24	2
47	18	2	17	35	39	2	11	13	43	30	32	27	17	1	14	20	39	21	29	11	28	24	12	24	2
47	18	2	17	35	39	2	11	13	43	30	32	27	17	1	14	20	44	3	44	8	38	38	12	24	2
47	18	2	17	35	39	2	11	13	43	30	32	27	17	1	14	20	46	40	15	34	31	10	12	24	2
47	18	2	17	35	39	3	43	13	11	30	32	27	17	1	14	20	11	2	18	45	39	43	12	24	2
47	18	2	17	35	39	3	43	13	11	30	32	27	17	1	14	20	13	38	32	37	1	8	12	24	2
47	18	2	17	35	39	3	43	13	11	30	32	27	17	1	14	20	15	21	17	9	12	7	12	24	2
47	18	2	17	35	39	3	43	13	11	30	32	27	17	1	14	20	15	26	33	22	35	40	12	24	2
47	18	2	17	35	39	3	43	13	11	30	32	27	17	1	14	20	20	24	4	21	33	45	12	24	2
47	18	2	17	35	39	3	43	13	11	30	32	27	17	1	14	20	20	38	0	30	14	2	12	24	2
47	18	2	17	35	39	3	43	13	11	30	32	27	17	1	14	20	22	10	46	27	29	28	12	24	2
47	18	2	17	35	39	3	43	13	11	30	32	27	17	1	14	20	23	46	32	9	19	16	12	24	2
47	18	2	17	35	39	3	43	13	11	30	32	27	17	1	14	20	30	40	12	45	39	30	12	24	2
47	18	2	17	35	39	3	43	13	11	30	32	27	17	1	14	20	31	11	18	46	35	36	12	24	2
47	18	2	17	35	39	3	43	13	11	30	32	27	17	1	14	20	33	9	25	8	34	46	12	24	2
47	18	2	17	35	39	3	43	13	11	30	32	27	17	1	14	20	35	37	17	40	35	13	12	24	2
47	18	2	17	35	39	3	43	13	11	30	32	27	17	1	14	20	38	32	9	11	26	25	12	24	2
47	18	2	17	35	39	3	43	13	11	30	32	27	17	1	14	20	39	21	29	11	28	24	12	24	2
47	18	2	17	35	39	3	43	13	11	30	32	27	17	1	14	20	44	3	44	8	38	38	12	24	2
47	18	2	17	35	39	3	43	13	11	30	32	27	17	1	14	20	46	40	15	34	31	10	12	24	2
47	18	3	27	42	1	1	17	42	2	16	38	25	4	4	17	27	4	21	41	39	2	12	12	24	2
47	18	3	27	42	1	1	17	42	2	16	38	25	4	4	17	27	6	19	28	11	21	26	12	24	2
47	18	3	27	42	1	1	17	42	2	16	38	25	4	4	17	27	7	9	45	28	13	2	12	24	2
47	18	3	27	42	1	1	17	42	2	16	38	25	4	4	17	27	10	18	28	12	26	10	12	24	2
47	18	3	27	42	1	1	17	42	2	16	38	25	4	4	17	27	10	35	25	41	21	37	12	24	2
47	18	3	27	42	1	1	17	42	2	16	38	25	4	4	17	27	22	31	2	19	10	5	12	24	2
47	18	3	27	42	1	1	17	42	2	16	38	25	4	4	17	27	37	22	24	41	12	10	12	24	2
47	18	3	27	42	1	1	17	42	2	16	38	25	4	4	17	27	41	4	32	16	41	30	12	24	2
47	18	3	27	42	1	1	17	42	2	16	38	25	4	4	17	27	43	10	45	21	44	15	12	24	2
47	18	3	27	42	1	1	17	42	2	16	38	25	4	4	17	27	46	28	44	46	1	28	12	24	2
47	18	3	27	42	1	2	17	2	42	16	38	25	4	4	17	27	4	21	41	39	2	12	12	24	2
47	18	3	27	42	1	2	17	2	42	16	38	25	4	4	17	27	6	19	28	11	21	26	12	24	2
47	18	3	27	42	1	2	17	2	42	16	38	25	4	4	17	27	7	9	45	28	13	2	12	24	2
47	18	3	27	42	1	2	17	2	42	16	38	25	4	4	17	27	10	18	28	12	26	10	12	24	2
47	18	3	27	42	1	2	17	2	42	16	38	25	4	4	17	27	10	35	25	41	21	37	12	24	2
47	18	3	27	42	1	2	17	2	42	16	38	25	4	4	17	27	22	31	2	19	10	5	12	24	2
47	18	3	27	42	1	2	17	2	42	16	38	25	4	4	17	27	37	22	24	41	12	10	12	24	2
47	18	3	27	42	1	2	17	2	42	16	38	25	4	4	17	27	41	4	32	16	41	30	12	24	2
47	18	3	27	42	1	2	17	2	42	16	38	25	4	4	17	27	43	10	45	21	44	15	12	24	2
47	18	3	27	42	1	2	17	2	42	16	38	25	4	4	17	27	46	28	44	46	1	28	12	24	2
47	18	3	27	42	1	3	42	2	17	16	38	25	4	4	17	27	4	21	41	39	2	12	12	24	2
47	18	3	27	42	1	3	42	2	17	16	38	25	4	4	17	27	6	19	28	11	21	26	12	24	2
47	18	3	27	42	1	3	42	2	17	16	38	25	4	4	17	27	7	9	45	28	13	2	12	24	2
47	18	3	27	42	1	3	42	2	17	16	38	25	4	4	17	27	10	18	28	12	26	10	12	24	2
47	18	3	27	42	1	3	42	2	17	16	38	25	4	4	17	27	10	35	25	41	21	37	12	24	2
47	18	3	27	42	1	3	42	2	17	16	38	25	4	4	17	27	22	31	2	19	10	5	12	24	2
47	18	3	27	42	1	3	42	2	17	16	38	25	4	4	17	27	37	22	24	41	12	10	12	24	2
47	18	3	27	42	1	3	42	2	17	16	38	25	4	4	17	27	41	4	32	16	41	30	12	24	2
47	18	3	27	42	1	3	42	2	17	16	38	25	4	4	17	27	43	10	45	21	44	15	12	24	2
47	18	3	27	42	1	3	42	2	17	16	38	25	4	4	17	27	46	28	44	46	1	28	12	24	2
47	18	3	27	5	46	1	30	5	45	31	37	10	28	9	9	45	6	27	10	16	16	39	12	24	2
47	18	3	27	5	46	1	30	5	45	31	37	10	28	9	9	45	8	12	21	23	20	1	12	24	2
47	18	3	27	5	46	1	30	5	45	31	37	10	28	9	9	45	10	36	23	17	7	12	12	24	2
47	18	3	27	5	46	1	30	5	45	31	37	10	28	9	9	45	14	19	9	15	40	17	12	24	2
47	18	3	27	5	46	1	30	5	45	31	37	10	28	9	9	45	15	6	45	21	31	30	12	24	2
47	18	3	27	5	46	1	30	5	45	31	37	10	28	9	9	45	15	15	8	43	16	17	12	24	2
47	18	3	27	5	46	1	30	5	45	31	37	10	28	9	9	45	18	11	45	13	16	16	12	24	2
47	18	3	27	5	46	1	30	5	45	31	37	10	28	9	9	45	21	46	35	14	20	7	12	24	2
47	18	3	27	5	46	1	30	5	45	31	37	10	28	9	9	45	22	5	0	27	12	39	12	24	2
47	18	3	27	5	46	1	30	5	45	31	37	10	28	9	9	45	26	35	11	1	8	23	12	24	2
47	18	3	27	5	46	1	30	5	45	31	37	10	28	9	9	45	27	29	28	38	22	44	12	24	2
47	18	3	27	5	46	1	30	5	45	31	37	10	28	9	9	45	33	35	32	22	2	44	12	24	2
47	18	3	27	5	46	1	30	5	45	31	37	10	28	9	9	45	39	39	44	40	30	33	12	24	2
47	18	3	27	5	46	1	30	5	45	31	37	10	28	9	9	45	41	17	34	36	27	18	12	24	2
47	18	3	27	5	46	1	30	5	45	31	37	10	28	9	9	45	46	14	23	10	40	13	12	24	2
47	18	3	27	5	46	1	30	5	45	31	37	10	28	9	9	45	46	28	9	42	7	34	12	24	2
47	18	3	27	5	46	2	30	45	5	31	37	10	28	9	9	45	6	27	10	16	16	39	12	24	2
47	18	3	27	5	46	2	30	45	5	31	37	10	28	9	9	45	8	12	21	23	20	1	12	24	2
47	18	3	27	5	46	2	30	45	5	31	37	10	28	9	9	45	10	36	23	17	7	12	12	24	2
47	18	3	27	5	46	2	30	45	5	31	37	10	28	9	9	45	14	19	9	15	40	17	12	24	2
47	18	3	27	5	46	2	30	45	5	31	37	10	28	9	9	45	15	6	45	21	31	30	12	24	2
47	18	3	27	5	46	2	30	45	5	31	37	10	28	9	9	45	15	15	8	43	16	17	12	24	2
47	18	3	27	5	46	2	30	45	5	31	37	10	28	9	9	45	18	11	45	13	16	16	12	24	2
47	18	3	27	5	46	2	30	45	5	31	37	10	28	9	9	45	21	46	35	14	20	7	12	24	2
47	18	3	27	5	46	2	30	45	5	31	37	10	28	9	9	45	22	5	0	27	12	39	12	24	2
47	18	3	27	5	46	2	30	45	5	31	37	10	28	9	9	45	26	35	11	1	8	23	12	24	2
47	18	3	27	5	46	2	30	45	5	31	37	10	28	9	9	45	27	29	28	38	22	44	12	24	2
47	18	3	27	5	46	2	30	45	5	31	37	10	28	9	9	45	33	35	32	22	2	44	12	24	2
47	18	3	27	5	46	2	30	45	5	31	37	10	28	9	9	45	39	39	44	40	30	33	12	24	2
47	18	3	27	5	46	2	30	45	5	31	37	10	28	9	9	45	41	17	34	36	27	18	12	24	2
47	18	3	27	5	46	2	30	45	5	31	37	10	28	9	9	45	46	14	23	10	40	13	12	24	2
47	18	3	27	5	46	2	30	45	5	31	37	10	28	9	9	45	46	28	9	42	7	34	12	24	2
47	18	3	27	5	46	3	5	45	30	31	37	10	28	9	9	45	6	27	10	16	16	39	12	24	2
47	18	3	27	5	46	3	5	45	30	31	37	10	28	9	9	45	8	12	21	23	20	1	12	24	2
47	18	3	27	5	46	3	5	45	30	31	37	10	28	9	9	45	10	36	23	17	7	12	12	24	2
47	18	3	27	5	46	3	5	45	30	31	37	10	28	9	9	45	14	19	9	15	40	17	12	24	2
47	18	3	27	5	46	3	5	45	30	31	37	10	28	9	9	45	15	6	45	21	31	30	12	24	2
47	18	3	27	5	46	3	5	45	30	31	37	10	28	9	9	45	15	15	8	43	16	17	12	24	2
47	18	3	27	5	46	3	5	45	30	31	37	10	28	9	9	45	18	11	45	13	16	16	12	24	2
47	18	3	27	5	46	3	5	45	30	31	37	10	28	9	9	45	21	46	35	14	20	7	12	24	2
47	18	3	27	5	46	3	5	45	30	31	37	10	28	9	9	45	22	5	0	27	12	39	12	24	2
47	18	3	27	5	46	3	5	45	30	31	37	10	28	9	9	45	26	35	11	1	8	23	12	24	2
47	18	3	27	5	46	3	5	45	30	31	37	10	28	9	9	45	27	29	28	38	22	44	12	24	2
47	18	3	27	5	46	3	5	45	30	31	37	10	28	9	9	45	33	35	32	22	2	44	12	24	2
47	18	3	27	5	46	3	5	45	30	31	37	10	28	9	9	45	39	39	44	40	30	33	12	24	2
47	18	3	27	5	46	3	5	45	30	31	37	10	28	9	9	45	41	17	34	36	27	18	12	24	2
47	18	3	27	5	46	3	5	45	30	31	37	10	28	9	9	45	46	14	23	10	40	13	12	24	2
47	18	3	27	5	46	3	5	45	30	31	37	10	28	9	9	45	46	28	9	42	7	34	12	24	2
47	18	17	2	12	8	1	36	34	4	17	6	30	37	25	9	17	2	27	26	6	40	25	12	24	2
47	18	17	2	12	8	1	36	34	4	17	6	30	37	25	9	17	7	38	22	33	1	39	12	24	2
47	18	17	2	12	8	1	36	34	4	17	6	30	37	25	9	17	9	37	11	46	6	9	12	24	2
47	18	17	2	12	8	1	36	34	4	17	6	30	37	25	9	17	13	40	6	33	4	19	12	24	2
47	18	17	2	12	8	1	36	34	4	17	6	30	37	25	9	17	21	26	24	12	10	7	12	24	2
47	18	17	2	12	8	1	36	34	4	17	6	30	37	25	9	17	27	7	43	32	24	18	12	24	2
47	18	17	2	12	8	1	36	34	4	17	6	30	37	25	9	17	29	16	1	25	36	45	12	24	2
47	18	17	2	12	8	1	36	34	4	17	6	30	37	25	9	17	32	22	21	15	13	17	12	24	2
47	18	17	2	12	8	1	36	34	4	17	6	30	37	25	9	17	41	3	33	22	4	10	12	24	2
47	18	17	2	12	8	1	36	34	4	17	6	30	37	25	9	17	46	17	1	15	11	25	12	24	2
47	18	17	2	12	8	2	36	4	34	17	6	30	37	25	9	17	2	27	26	6	40	25	12	24	2
47	18	17	2	12	8	2	36	4	34	17	6	30	37	25	9	17	7	38	22	33	1	39	12	24	2
47	18	17	2	12	8	2	36	4	34	17	6	30	37	25	9	17	9	37	11	46	6	9	12	24	2
47	18	17	2	12	8	2	36	4	34	17	6	30	37	25	9	17	13	40	6	33	4	19	12	24	2
47	18	17	2	12	8	2	36	4	34	17	6	30	37	25	9	17	21	26	24	12	10	7	12	24	2
47	18	17	2	12	8	2	36	4	34	17	6	30	37	25	9	17	27	7	43	32	24	18	12	24	2
47	18	17	2	12	8	2	36	4	34	17	6	30	37	25	9	17	29	16	1	25	36	45	12	24	2
47	18	17	2	12	8	2	36	4	34	17	6	30	37	25	9	17	32	22	21	15	13	17	12	24	2
47	18	17	2	12	8	2	36	4	34	17	6	30	37	25	9	17	41	3	33	22	4	10	12	24	2
47	18	17	2	12	8	2	36	4	34	17	6	30	37	25	9	17	46	17	1	15	11	25	12	24	2
47	18	17	2	12	8	3	34	4	36	17	6	30	37	25	9	17	2	27	26	6	40	25	12	24	2
47	18	17	2	12	8	3	34	4	36	17	6	30	37	25	9	17	7	38	22	33	1	39	12	24	2
47	18	17	2	12	8	3	34	4	36	17	6	30	37	25	9	17	9	37	11	46	6	9	12	24	2
47	18	17	2	12	8	3	34	4	36	17	6	30	37	25	9	17	13	40	6	33	4	19	12	24	2
47	18	17	2	12	8	3	34	4	36	17	6	30	37	25	9	17	21	26	24	12	10	7	12	24	2
47	18	17	2	12	8	3	34	4	36	17	6	30	37	25	9	17	27	7	43	32	24	18	12	24	2
47	18	17	2	12	8	3	34	4	36	17	6	30	37	25	9	17	29	16	1	25	36	45	12	24	2
47	18	17	2	12	8	3	34	4	36	17	6	30	37	25	9	17	32	22	21	15	13	17	12	24	2
47	18	17	2	12	8	3	34	4	36	17	6	30	37	25	9	17	41	3	33	22	4	10	12	24	2
47	18	17	2	12	8	3	34	4	36	17	6	30	37	25	9	17	46	17	1	15	11	25	12	24	2
47	18	17	2	35	39	1	11	13	43	30	32	27	17	1	14	20	11	2	18	45	39	43	12	24	2
47	18	17	2	35	39	1	11	13	43	30	32	27	17	1	14	20	13	38	32	37	1	8	12	24	2
47	18	17	2	35	39	1	11	13	43	30	32	27	17	1	14	20	15	21	17	9	12	7	12	24	2
47	18	17	2	35	39	1	11	13	43	30	32	27	17	1	14	20	15	26	33	22	35	40	12	24	2
47	18	17	2	35	39	1	11	13	43	30	32	27	17	1	14	20	20	24	4	21	33	45	12	24	2
47	18	17	2	35	39	1	11	13	43	30	32	27	17	1	14	20	20	38	0	30	14	2	12	24	2
47	18	17	2	35	39	1	11	13	43	30	32	27	17	1	14	20	22	10	46	27	29	28	12	24	2
47	18	17	2	35	39	1	11	13	43	30	32	27	17	1	14	20	23	46	32	9	19	16	12	24	2
47	18	17	2	35	39	1	11	13	43	30	32	27	17	1	14	20	30	40	12	45	39	30	12	24	2
47	18	17	2	35	39	1	11	13	43	30	32	27	17	1	14	20	31	11	18	46	35	36	12	24	2
47	18	17	2	35	39	1	11	13	43	30	32	27	17	1	14	20	33	9	25	8	34	46	12	24	2
47	18	17	2	35	39	1	11	13	43	30	32	27	17	1	14	20	35	37	17	40	35	13	12	24	2
47	18	17	2	35	39	1	11	13	43	30	32	27	17	1	14	20	38	32	9	11	26	25	12	24	2
47	18	17	2	35	39	1	11	13	43	30	32	27	17	1	14	20	39	21	29	11	28	24	12	24	2
47	18	17	2	35	39	1	11	13	43	30	32	27	17	1	14	20	44	3	44	8	38	38	12	24	2
47	18	17	2	35	39	1	11	13	43	30	32	27	17	1	14	20	46	40	15	34	31	10	12	24	2
47	18	17	2	35	39	2	11	43	13	30	32	27	17	1	14	20	11	2	18	45	39	43	12	24	2
47	18	17	2	35	39	2	11	43	13	30	32	27	17	1	14	20	13	38	32	37	1	8	12	24	2
47	18	17	2	35	39	2	11	43	13	30	32	27	17	1	14	20	15	21	17	9	12	7	12	24	2
47	18	17	2	35	39	2	11	43	13	30	32	27	17	1	14	20	15	26	33	22	35	40	12	24	2
47	18	17	2	35	39	2	11	43	13	30	32	27	17	1	14	20	20	24	4	21	33	45	12	24	2
47	18	17	2	35	39	2	11	43	13	30	32	27	17	1	14	20	20	38	0	30	14	2	12	24	2
47	18	17	2	35	39	2	11	43	13	30	32	27	17	1	14	20	22	10	46	27	29	28	12	24	2
47	18	17	2	35	39	2	11	43	13	30	32	27	17	1	14	20	23	46	32	9	19	16	12	24	2
47	18	17	2	35	39	2	11	43	13	30	32	27	17	1	14	20	30	40	12	45	39	30	12	24	2
47	18	17	2	35	39	2	11	43	13	30	32	27	17	1	14	20	31	11	18	46	35	36	12	24	2
47	18	17	2	35	39	2	11	43	13	30	32	27	17	1	14	20	33	9	25	8	34	46	12	24	2
47	18	17	2	35	39	2	11	43	13	30	32	27	17	1	14	20	35	37	17	40	35	13	12	24	2
47	18	17	2	35	39	2	11	43	13	30	32	27	17	1	14	20	38	32	9	11	26	25	12	24	2
47	18	17	2	35	39	2	11	43	13	30	32	27	17	1	14	20	39	21	29	11	28	24	12	24	2
47	18	17	2	35	39	2	11	43	13	30	32	27	17	1	14	20	44	3	44	8	38	38	12	24	2
47	18	17	2	35	39	2	11	43	13	30	32	27	17	1	14	20	46	40	15	34	31	10	12	24	2
47	18	17	2	35	39	3	13	43	11	30	32	27	17	1	14	20	11	2	18	45	39	43	12	24	2
47	18	17	2	35	39	3	13	43	11	30	32	27	17	1	14	20	13	38	32	37	1	8	12	24	2
47	18	17	2	35	39	3	13	43	11	30	32	27	17	1	14	20	15	21	17	9	12	7	12	24	2
47	18	17	2	35	39	3	13	43	11	30	32	27	17	1	14	20	15	26	33	22	35	40	12	24	2
47	18	17	2	35	39	3	13	43	11	30	32	27	17	1	14	20	20	24	4	21	33	45	12	24	2
47	18	17	2	35	39	3	13	43	11	30	32	27	17	1	14	20	20	38	0	30	14	2	12	24	2
47	18	17	2	35	39	3	13	43	11	30	32	27	17	1	14	20	22	10	46	27	29	28	12	24	2
47	18	17	2	35	39	3	13	43	11	30	32	27	17	1	14	20	23	46	32	9	19	16	12	24	2
47	18	17	2	35	39	3	13	43	11	30	32	27	17	1	14	20	30	40	12	45	39	30	12	24	2
47	18	17	2	35	39	3	13	43	11	30	32	27	17	1	14	20	31	11	18	46	35	36	12	24	2
47	18	17	2	35	39	3	13	43	11	30	32	27	17	1	14	20	33	9	25	8	34	46	12	24	2
47	18	17	2	35	39	3	13	43	11	30	32	27	17	1	14	20	35	37	17	40	35	13	12	24	2
47	18	17	2	35	39	3	13	43	11	30	32	27	17	1	14	20	38	32	9	11	26	25	12	24	2
47	18	17	2	35	39	3	13	43	11	30	32	27	17	1	14	20	39	21	29	11	28	24	12	24	2
47	18	17	2	35	39	3	13	43	11	30	32	27	17	1	14	20	44	3	44	8	38	38	12	24	2
47	18	17	2	35	39	3	13	43	11	30	32	27	17	1	14	20	46	40	15	34	31	10	12	24	2
47	18	27	3	42	1	1	17	2	42	16	38	25	4	4	17	27	4	21	41	39	2	12	12	24	2
47	18	27	3	42	1	1	17	2	42	16	38	25	4	4	17	27	6	19	28	11	21	26	12	24	2
47	18	27	3	42	1	1	17	2	42	16	38	25	4	4	17	27	7	9	45	28	13	2	12	24	2
47	18	27	3	42	1	1	17	2	42	16	38	25	4	4	17	27	10	18	28	12	26	10	12	24	2
47	18	27	3	42	1	1	17	2	42	16	38	25	4	4	17	27	10	35	25	41	21	37	12	24	2
47	18	27	3	42	1	1	17	2	42	16	38	25	4	4	17	27	22	31	2	19	10	5	12	24	2
47	18	27	3	42	1	1	17	2	42	16	38	25	4	4	17	27	37	22	24	41	12	10	12	24	2
47	18	27	3	42	1	1	17	2	42	16	38	25	4	4	17	27	41	4	32	16	41	30	12	24	2
47	18	27	3	42	1	1	17	2	42	16	38	25	4	4	17	27	43	10	45	21	44	15	12	24	2
47	18	27	3	42	1	1	17	2	42	16	38	25	4	4	17	27	46	28	44	46	1	28	12	24	2
47	18	27	3	42	1	2	17	42	2	16	38	25	4	4	17	27	4	21	41	39	2	12	12	24	2
47	18	27	3	42	1	2	17	42	2	16	38	25	4	4	17	27	6	19	28	11	21	26	12	24	2
47	18	27	3	42	1	2	17	42	2	16	38	25	4	4	17	27	7	9	45	28	13	2	12	24	2
47	18	27	3	42	1	2	17	42	2	16	38	25	4	4	17	27	10	18	28	12	26	10	12	24	2
47	18	27	3	42	1	2	17	42	2	16	38	25	4	4	17	27	10	35	25	41	21	37	12	24	2
47	18	27	3	42	1	2	17	42	2	16	38	25	4	4	17	27	22	31	2	19	10	5	12	24	2
47	18	27	3	42	1	2	17	42	2	16	38	25	4	4	17	27	37	22	24	41	12	10	12	24	2
47	18	27	3	42	1	2	17	42	2	16	38	25	4	4	17	27	41	4	32	16	41	30	12	24	2
47	18	27	3	42	1	2	17	42	2	16	38	25	4	4	17	27	43	10	45	21	44	15	12	24	2
47	18	27	3	42	1	2	17	42	2	16	38	25	4	4	17	27	46	28	44	46	1	28	12	24	2
47	18	27	3	42	1	3	2	42	17	16	38	25	4	4	17	27	4	21	41	39	2	12	12	24	2
47	18	27	3	42	1	3	2	42	17	16	38	25	4	4	17	27	6	19	28	11	21	26	12	24	2
47	18	27	3	42	1	3	2	42	17	16	38	25	4	4	17	27	7	9	45	28	13	2	12	24	2
47	18	27	3	42	1	3	2	42	17	16	38	25	4	4	17	27	10	18	28	12	26	10	12	24	2
47	18	27	3	42	1	3	2	42	17	16	38	25	4	4	17	27	10	35	25	41	21	37	12	24	2
47	18	27	3	42	1	3	2	42	17	16	38	25	4	4	17	27	22	31	2	19	10	5	12	24	2
47	18	27	3	42	1	3	2	42	17	16	38	25	4	4	17	27	37	22	24	41	12	10	12	24	2
47	18	27	3	42	1	3	2	42	17	16	38	25	4	4	17	27	41	4	32	16	41	30	12	24	2
47	18	27	3	42	1	3	2	42	17	16	38	25	4	4	17	27	43	10	45	21	44	15	12	24	2
47	18	27	3	42	1	3	2	42	17	16	38	25	4	4	17	27	46	28	44	46	1	28	12	24	2
47	18	27	3	5	46	1	30	45	5	31	37	10	28	9	9	45	6	27	10	16	16	39	12	24	2
47	18	27	3	5	46	1	30	45	5	31	37	10	28	9	9	45	8	12	21	23	20	1	12	24	2
47	18	27	3	5	46	1	30	45	5	31	37	10	28	9	9	45	10	36	23	17	7	12	12	24	2
47	18	27	3	5	46	1	30	45	5	31	37	10	28	9	9	45	14	19	9	15	40	17	12	24	2
47	18	27	3	5	46	1	30	45	5	31	37	10	28	9	9	45	15	6	45	21	31	30	12	24	2
47	18	27	3	5	46	1	30	45	5	31	37	10	28	9	9	45	15	15	8	43	16	17	12	24	2
47	18	27	3	5	46	1	30	45	5	31	37	10	28	9	9	45	18	11	45	13	16	16	12	24	2
47	18	27	3	5	46	1	30	45	5	31	37	10	28	9	9	45	21	46	35	14	20	7	12	24	2
47	18	27	3	5	46	1	30	45	5	31	37	10	28	9	9	45	22	5	0	27	12	39	12	24	2
47	18	27	3	5	46	1	30	45	5	31	37	10	28	9	9	45	26	35	11	1	8	23	12	24	2
47	18	27	3	5	46	1	30	45	5	31	37	10	28	9	9	45	27	29	28	38	22	44	12	24	2
47	18	27	3	5	46	1	30	45	5	31	37	10	28	9	9	45	33	35	32	22	2	44	12	24	2
47	18	27	3	5	46	1	30	45	5	31	37	10	28	9	9	45	39	39	44	40	30	33	12	24	2
47	18	27	3	5	46	1	30	45	5	31	37	10	28	9	9	45	41	17	34	36	27	18	12	24	2
47	18	27	3	5	46	1	30	45	5	31	37	10	28	9	9	45	46	14	23	10	40	13	12	24	2
47	18	27	3	5	46	1	30	45	5	31	37	10	28	9	9	45	46	28	9	42	7	34	12	24	2
47	18	27	3	5	46	2	30	5	45	31	37	10	28	9	9	45	6	27	10	16	16	39	12	24	2
47	18	27	3	5	46	2	30	5	45	31	37	10	28	9	9	45	8	12	21	23	20	1	12	24	2
47	18	27	3	5	46	2	30	5	45	31	37	10	28	9	9	45	10	36	23	17	7	12	12	24	2
47	18	27	3	5	46	2	30	5	45	31	37	10	28	9	9	45	14	19	9	15	40	17	12	24	2
47	18	27	3	5	46	2	30	5	45	31	37	10	28	9	9	45	15	6	45	21	31	30	12	24	2
47	18	27	3	5	46	2	30	5	45	31	37	10	28	9	9	45	15	15	8	43	16	17	12	24	2
47	18	27	3	5	46	2	30	5	45	31	37	10	28	9	9	45	18	11	45	13	16	16	12	24	2
47	18	27	3	5	46	2	30	5	45	31	37	10	28	9	9	45	21	46	35	14	20	7	12	24	2
47	18	27	3	5	46	2	30	5	45	31	37	10	28	9	9	45	22	5	0	27	12	39	12	24	2
47	18	27	3	5	46	2	30	5	45	31	37	10	28	9	9	45	26	35	11	1	8	23	12	24	2
47	18	27	3	5	46	2	30	5	45	31	37	10	28	9	9	45	27	29	28	38	22	44	12	24	2
47	18	27	3	5	46	2	30	5	45	31	37	10	28	9	9	45	33	35	32	22	2	44	12	24	2
47	18	27	3	5	46	2	30	5	45	31	37	10	28	9	9	45	39	39	44	40	30	33	12	24	2
47	18	27	3	5	46	2	30	5	45	31	37	10	28	9	9	45	41	17	34	36	27	18	12	24	2
47	18	27	3	5	46	2	30	5	45	31	37	10	28	9	9	45	46	14	23	10	40	13	12	24	2
47	18	27	3	5	46	2	30	5	45	31	37	10	28	9	9	45	46	28	9	42	7	34	12	24	2
47	18	27	3	5	46	3	45	5	30	31	37	10	28	9	9	45	6	27	10	16	16	39	12	24	2
47	18	27	3	5	46	3	45	5	30	31	37	10	28	9	9	45	8	12	21	23	20	1	12	24	2
47	18	27	3	5	46	3	45	5	30	31	37	10	28	9	9	45	10	36	23	17	7	12	12	24	2
47	18	27	3	5	46	3	45	5	30	31	37	10	28	9	9	45	14	19	9	15	40	17	12	24	2
47	18	27	3	5	46	3	45	5	30	31	37	10	28	9	9	45	15	6	45	21	31	30	12	24	2
47	18	27	3	5	46	3	45	5	30	31	37	10	28	9	9	45	15	15	8	43	16	17	12	24	2
47	18	27	3	5	46	3	45	5	30	31	37	10	28	9	9	45	18	11	45	13	16	16	12	24	2
47	18	27	3	5	46	3	45	5	30	31	37	10	28	9	9	45	21	46	35	14	20	7	12	24	2
47	18	27	3	5	46	3	45	5	30	31	37	10	28	9	9	45	22	5	0	27	12	39	12	24	2
47	18	27	3	5	46	3	45	5	30	31	37	10	28	9	9	45	26	35	11	1	8	23	12	24	2
47	18	27	3	5	46	3	45	5	30	31	37	10	28	9	9	45	27	29	28	38	22	44	12	24	2
47	18	27	3	5	46	3	45	5	30	31	37	10	28	9	9	45	33	35	32	22	2	44	12	24	2
47	18	27	3	5	46	3	45	5	30	31	37	10	28	9	9	45	39	39	44	40	30	33	12	24	2
47	18	27	3	5	46	3	45	5	30	31	37	10	28	9	9	45	41	17	34	36	27	18	12	24	2
47	18	27	3	5	46	3	45	5	30	31	37	10	28	9	9	45	46	14	23	10	40	13	12	24	2
47	18	27	3	5	46	3	45	5	30	31	37	10	28	9	9	45	46	28	9	42	7	34	12	24	2
47	18	30	45	12	8	1	36	13	43	17	31	32	45	18	39	12	2	16	1	34	35	40	12	24	2
47	18	30	45	12	8	1	36	13	43	17	31	32	45	18	39	12	2	18	2	39	12	7	12	24	2
47	18	30	45	12	8	1	36	13	43	17	31	32	45	18	39	12	5	13	42	46	34	8	12	24	2
47	18	30	45	12	8	1	36	13	43	17	31	32	45	18	39	12	9	21	8	14	26	7	12	24	2
47	18	30	45	12	8	1	36	13	43	17	31	32	45	18	39	12	14	33	42	27	13	9	12	24	2
47	18	30	45	12	8	1	36	13	43	17	31	32	45	18	39	12	19	1	15	34	43	20	12	24	2
47	18	30	45	12	8	1	36	13	43	17	31	32	45	18	39	12	20	20	46	30	6	4	12	24	2
47	18	30	45	12	8	1	36	13	43	17	31	32	45	18	39	12	27	17	23	12	21	11	12	24	2
47	18	30	45	12	8	1	36	13	43	17	31	32	45	18	39	12	29	30	46	6	1	18	12	24	2
47	18	30	45	12	8	1	36	13	43	17	31	32	45	18	39	12	33	30	14	46	36	40	12	24	2
47	18	30	45	12	8	1	36	13	43	17	31	32	45	18	39	12	35	41	15	22	4	34	12	24	2
47	18	30	45	12	8	1	36	13	43	17	31	32	45	18	39	12	37	4	4	38	25	45	12	24	2
47	18	30	45	12	8	1	36	13	43	17	31	32	45	18	39	12	39	45	40	27	38	18	12	24	2
47	18	30	45	12	8	1	36	13	43	17	31	32	45	18	39	12	40	20	11	32	43	31	12	24	2
47	18	30	45	12	8	1	36	13	43	17	31	32	45	18	39	12	43	8	19	22	17	35	12	24	2
47	18	30	45	12	8	1	36	13	43	17	31	32	45	18	39	12	46	46	23	40	19	26	12	24	2
47	18	30	45	12	8	2	36	43	13	17	31	32	45	18	39	12	2	16	1	34	35	40	12	24	2
47	18	30	45	12	8	2	36	43	13	17	31	32	45	18	39	12	2	18	2	39	12	7	12	24	2
47	18	30	45	12	8	2	36	43	13	17	31	32	45	18	39	12	5	13	42	46	34	8	12	24	2
47	18	30	45	12	8	2	36	43	13	17	31	32	45	18	39	12	9	21	8	14	26	7	12	24	2
47	18	30	45	12	8	2	36	43	13	17	31	32	45	18	39	12	14	33	42	27	13	9	12	24	2
47	18	30	45	12	8	2	36	43	13	17	31	32	45	18	39	12	19	1	15	34	43	20	12	24	2
47	18	30	45	12	8	2	36	43	13	17	31	32	45	18	39	12	20	20	46	30	6	4	12	24	2
47	18	30	45	12	8	2	36	43	13	17	31	32	45	18	39	12	27	17	23	12	21	11	12	24	2
47	18	30	45	12	8	2	36	43	13	17	31	32	45	18	39	12	29	30	46	6	1	18	12	24	2
47	18	30	45	12	8	2	36	43	13	17	31	32	45	18	39	12	33	30	14	46	36	40	12	24	2
47	18	30	45	12	8	2	36	43	13	17	31	32	45	18	39	12	35	41	15	22	4	34	12	24	2
47	18	30	45	12	8	2	36	43	13	17	31	32	45	18	39	12	37	4	4	38	25	45	12	24	2
47	18	30	45	12	8	2	36	43	13	17	31	32	45	18	39	12	39	45	40	27	38	18	12	24	2
47	18	30	45	12	8	2	36	43	13	17	31	32	45	18	39	12	40	20	11	32	43	31	12	24	2
47	18	30	45	12	8	2	36	43	13	17	31	32	45	18	39	12	43	8	19	22	17	35	12	24	2
47	18	30	45	12	8	2	36	43	13	17	31	32	45	18	39	12	46	46	23	40	19	26	12	24	2
47	18	30	45	12	8	3	13	43	36	17	31	32	45	18	39	12	2	16	1	34	35	40	12	24	2
47	18	30	45	12	8	3	13	43	36	17	31	32	45	18	39	12	2	18	2	39	12	7	12	24	2
47	18	30	45	12	8	3	13	43	36	17	31	32	45	18	39	12	5	13	42	46	34	8	12	24	2
47	18	30	45	12	8	3	13	43	36	17	31	32	45	18	39	12	9	21	8	14	26	7	12	24	2
47	18	30	45	12	8	3	13	43	36	17	31	32	45	18	39	12	14	33	42	27	13	9	12	24	2
47	18	30	45	12	8	3	13	43	36	17	31	32	45	18	39	12	19	1	15	34	43	20	12	24	2
47	18	30	45	12	8	3	13	43	36	17	31	32	45	18	39	12	20	20	46	30	6	4	12	24	2
47	18	30	45	12	8	3	13	43	36	17	31	32	45	18	39	12	27	17	23	12	21	11	12	24	2
47	18	30	45	12	8	3	13	43	36	17	31	32	45	18	39	12	29	30	46	6	1	18	12	24	2
47	18	30	45	12	8	3	13	43	36	17	31	32	45	18	39	12	33	30	14	46	36	40	12	24	2
47	18	30	45	12	8	3	13	43	36	17	31	32	45	18	39	12	35	41	15	22	4	34	12	24	2
47	18	30	45	12	8	3	13	43	36	17	31	32	45	18	39	12	37	4	4	38	25	45	12	24	2
47	18	30	45	12	8	3	13	43	36	17	31	32	45	18	39	12	39	45	40	27	38	18	12	24	2
47	18	30	45	12	8	3	13	43	36	17	31	32	45	18	39	12	40	20	11	32	43	31	12	24	2
47	18	30	45	12	8	3	13	43	36	17	31	32	45	18	39	12	43	8	19	22	17	35	12	24	2
47	18	30	45	12	8	3	13	43	36	17	31	32	45	18	39	12	46	46	23	40	19	26	12	24	2
47	18	30	45	35	39	1	11	34	4	30	7	8	43	4	25	13	7	34	11	33	3	46	12	24	2
47	18	30	45	35	39	1	11	34	4	30	7	8	43	4	25	13	8	27	1	34	28	1	12	24	2
47	18	30	45	35	39	1	11	34	4	30	7	8	43	4	25	13	11	26	46	16	30	6	12	24	2
47	18	30	45	35	39	1	11	34	4	30	7	8	43	4	25	13	27	41	2	15	6	29	12	24	2
47	18	30	45	35	39	1	11	34	4	30	7	8	43	4	25	13	29	15	38	28	43	36	12	24	2
47	18	30	45	35	39	1	11	34	4	30	7	8	43	4	25	13	31	45	23	16	30	13	12	24	2
47	18	30	45	35	39	1	11	34	4	30	7	8	43	4	25	13	36	1	35	27	18	31	12	24	2
47	18	30	45	35	39	1	11	34	4	30	7	8	43	4	25	13	39	14	37	28	38	13	12	24	2
47	18	30	45	35	39	1	11	34	4	30	7	8	43	4	25	13	40	43	0	30	12	18	12	24	2
47	18	30	45	35	39	1	11	34	4	30	7	8	43	4	25	13	43	16	16	39	25	1	12	24	2
47	18	30	45	35	39	2	11	4	34	30	7	8	43	4	25	13	7	34	11	33	3	46	12	24	2
47	18	30	45	35	39	2	11	4	34	30	7	8	43	4	25	13	8	27	1	34	28	1	12	24	2
47	18	30	45	35	39	2	11	4	34	30	7	8	43	4	25	13	11	26	46	16	30	6	12	24	2
47	18	30	45	35	39	2	11	4	34	30	7	8	43	4	25	13	27	41	2	15	6	29	12	24	2
47	18	30	45	35	39	2	11	4	34	30	7	8	43	4	25	13	29	15	38	28	43	36	12	24	2
47	18	30	45	35	39	2	11	4	34	30	7	8	43	4	25	13	31	45	23	16	30	13	12	24	2
47	18	30	45	35	39	2	11	4	34	30	7	8	43	4	25	13	36	1	35	27	18	31	12	24	2
47	18	30	45	35	39	2	11	4	34	30	7	8	43	4	25	13	39	14	37	28	38	13	12	24	2
47	18	30	45	35	39	2	11	4	34	30	7	8	43	4	25	13	40	43	0	30	12	18	12	24	2
47	18	30	45	35	39	2	11	4	34	30	7	8	43	4	25	13	43	16	16	39	25	1	12	24	2
47	18	30	45	35	39	3	34	4	11	30	7	8	43	4	25	13	7	34	11	33	3	46	12	24	2
47	18	30	45	35	39	3	34	4	11	30	7	8	43	4	25	13	8	27	1	34	28	1	12	24	2
47	18	30	45	35	39	3	34	4	11	30	7	8	43	4	25	13	11	26	46	16	30	6	12	24	2
47	18	30	45	35	39	3	34	4	11	30	7	8	43	4	25	13	27	41	2	15	6	29	12	24	2
47	18	30	45	35	39	3	34	4	11	30	7	8	43	4	25	13	29	15	38	28	43	36	12	24	2
47	18	30	45	35	39	3	34	4	11	30	7	8	43	4	25	13	31	45	23	16	30	13	12	24	2
47	18	30	45	35	39	3	34	4	11	30	7	8	43	4	25	13	36	1	35	27	18	31	12	24	2
47	18	30	45	35	39	3	34	4	11	30	7	8	43	4	25	13	39	14	37	28	38	13	12	24	2
47	18	30	45	35	39	3	34	4	11	30	7	8	43	4	25	13	40	43	0	30	12	18	12	24	2
47	18	30	45	35	39	3	34	4	11	30	7	8	43	4	25	13	43	16	16	39	25	1	12	24	2
47	18	45	30	12	8	1	36	43	13	17	31	32	45	18	39	12	2	16	1	34	35	40	12	24	2
47	18	45	30	12	8	1	36	43	13	17	31	32	45	18	39	12	2	18	2	39	12	7	12	24	2
47	18	45	30	12	8	1	36	43	13	17	31	32	45	18	39	12	5	13	42	46	34	8	12	24	2
47	18	45	30	12	8	1	36	43	13	17	31	32	45	18	39	12	9	21	8	14	26	7	12	24	2
47	18	45	30	12	8	1	36	43	13	17	31	32	45	18	39	12	14	33	42	27	13	9	12	24	2
47	18	45	30	12	8	1	36	43	13	17	31	32	45	18	39	12	19	1	15	34	43	20	12	24	2
47	18	45	30	12	8	1	36	43	13	17	31	32	45	18	39	12	20	20	46	30	6	4	12	24	2
47	18	45	30	12	8	1	36	43	13	17	31	32	45	18	39	12	27	17	23	12	21	11	12	24	2
47	18	45	30	12	8	1	36	43	13	17	31	32	45	18	39	12	29	30	46	6	1	18	12	24	2
47	18	45	30	12	8	1	36	43	13	17	31	32	45	18	39	12	33	30	14	46	36	40	12	24	2
47	18	45	30	12	8	1	36	43	13	17	31	32	45	18	39	12	35	41	15	22	4	34	12	24	2
47	18	45	30	12	8	1	36	43	13	17	31	32	45	18	39	12	37	4	4	38	25	45	12	24	2
47	18	45	30	12	8	1	36	43	13	17	31	32	45	18	39	12	39	45	40	27	38	18	12	24	2
47	18	45	30	12	8	1	36	43	13	17	31	32	45	18	39	12	40	20	11	32	43	31	12	24	2
47	18	45	30	12	8	1	36	43	13	17	31	32	45	18	39	12	43	8	19	22	17	35	12	24	2
47	18	45	30	12	8	1	36	43	13	17	31	32	45	18	39	12	46	46	23	40	19	26	12	24	2
47	18	45	30	12	8	2	36	13	43	17	31	32	45	18	39	12	2	16	1	34	35	40	12	24	2
47	18	45	30	12	8	2	36	13	43	17	31	32	45	18	39	12	2	18	2	39	12	7	12	24	2
47	18	45	30	12	8	2	36	13	43	17	31	32	45	18	39	12	5	13	42	46	34	8	12	24	2
47	18	45	30	12	8	2	36	13	43	17	31	32	45	18	39	12	9	21	8	14	26	7	12	24	2
47	18	45	30	12	8	2	36	13	43	17	31	32	45	18	39	12	14	33	42	27	13	9	12	24	2
47	18	45	30	12	8	2	36	13	43	17	31	32	45	18	39	12	19	1	15	34	43	20	12	24	2
47	18	45	30	12	8	2	36	13	43	17	31	32	45	18	39	12	20	20	46	30	6	4	12	24	2
47	18	45	30	12	8	2	36	13	43	17	31	32	45	18	39	12	27	17	23	12	21	11	12	24	2
47	18	45	30	12	8	2	36	13	43	17	31	32	45	18	39	12	29	30	46	6	1	18	12	24	2
47	18	45	30	12	8	2	36	13	43	17	31	32	45	18	39	12	33	30	14	46	36	40	12	24	2
47	18	45	30	12	8	2	36	13	43	17	31	32	45	18	39	12	35	41	15	22	4	34	12	24	2
47	18	45	30	12	8	2	36	13	43	17	31	32	45	18	39	12	37	4	4	38	25	45	12	24	2
47	18	45	30	12	8	2	36	13	43	17	31	32	45	18	39	12	39	45	40	27	38	18	12	24	2
47	18	45	30	12	8	2	36	13	43	17	31	32	45	18	39	12	40	20	11	32	43	31	12	24	2
47	18	45	30	12	8	2	36	13	43	17	31	32	45	18	39	12	43	8	19	22	17	35	12	24	2
47	18	45	30	12	8	2	36	13	43	17	31	32	45	18	39	12	46	46	23	40	19	26	12	24	2
47	18	45	30	12	8	3	43	13	36	17	31	32	45	18	39	12	2	16	1	34	35	40	12	24	2
47	18	45	30	12	8	3	43	13	36	17	31	32	45	18	39	12	2	18	2	39	12	7	12	24	2
47	18	45	30	12	8	3	43	13	36	17	31	32	45	18	39	12	5	13	42	46	34	8	12	24	2
47	18	45	30	12	8	3	43	13	36	17	31	32	45	18	39	12	9	21	8	14	26	7	12	24	2
47	18	45	30	12	8	3	43	13	36	17	31	32	45	18	39	12	14	33	42	27	13	9	12	24	2
47	18	45	30	12	8	3	43	13	36	17	31	32	45	18	39	12	19	1	15	34	43	20	12	24	2
47	18	45	30	12	8	3	43	13	36	17	31	32	45	18	39	12	20	20	46	30	6	4	12	24	2
47	18	45	30	12	8	3	43	13	36	17	31	32	45	18	39	12	27	17	23	12	21	11	12	24	2
47	18	45	30	12	8	3	43	13	36	17	31	32	45	18	39	12	29	30	46	6	1	18	12	24	2
47	18	45	30	12	8	3	43	13	36	17	31	32	45	18	39	12	33	30	14	46	36	40	12	24	2
47	18	45	30	12	8	3	43	13	36	17	31	32	45	18	39	12	35	41	15	22	4	34	12	24	2
47	18	45	30	12	8	3	43	13	36	17	31	32	45	18	39	12	37	4	4	38	25	45	12	24	2
47	18	45	30	12	8	3	43	13	36	17	31	32	45	18	39	12	39	45	40	27	38	18	12	24	2
47	18	45	30	12	8	3	43	13	36	17	31	32	45	18	39	12	40	20	11	32	43	31	12	24	2
47	18	45	30	12	8	3	43	13	36	17	31	32	45	18	39	12	43	8	19	22	17	35	12	24	2
47	18	45	30	12	8	3	43	13	36	17	31	32	45	18	39	12	46	46	23	40	19	26	12	24	2
47	18	45	30	35	39	1	11	4	34	30	7	8	43	4	25	13	7	34	11	33	3	46	12	24	2
47	18	45	30	35	39	1	11	4	34	30	7	8	43	4	25	13	8	27	1	34	28	1	12	24	2
47	18	45	30	35	39	1	11	4	34	30	7	8	43	4	25	13	11	26	46	16	30	6	12	24	2
47	18	45	30	35	39	1	11	4	34	30	7	8	43	4	25	13	27	41	2	15	6	29	12	24	2
47	18	45	30	35	39	1	11	4	34	30	7	8	43	4	25	13	29	15	38	28	43	36	12	24	2
47	18	45	30	35	39	1	11	4	34	30	7	8	43	4	25	13	31	45	23	16	30	13	12	24	2
47	18	45	30	35	39	1	11	4	34	30	7	8	43	4	25	13	36	1	35	27	18	31	12	24	2
47	18	45	30	35	39	1	11	4	34	30	7	8	43	4	25	13	39	14	37	28	38	13	12	24	2
47	18	45	30	35	39	1	11	4	34	30	7	8	43	4	25	13	40	43	0	30	12	18	12	24	2
47	18	45	30	35	39	1	11	4	34	30	7	8	43	4	25	13	43	16	16	39	25	1	12	24	2
47	18	45	30	35	39	2	11	34	4	30	7	8	43	4	25	13	7	34	11	33	3	46	12	24	2
47	18	45	30	35	39	2	11	34	4	30	7	8	43	4	25	13	8	27	1	34	28	1	12	24	2
47	18	45	30	35	39	2	11	34	4	30	7	8	43	4	25	13	11	26	46	16	30	6	12	24	2
47	18	45	30	35	39	2	11	34	4	30	7	8	43	4	25	13	27	41	2	15	6	29	12	24	2
47	18	45	30	35	39	2	11	34	4	30	7	8	43	4	25	13	29	15	38	28	43	36	12	24	2
47	18	45	30	35	39	2	11	34	4	30	7	8	43	4	25	13	31	45	23	16	30	13	12	24	2
47	18	45	30	35	39	2	11	34	4	30	7	8	43	4	25	13	36	1	35	27	18	31	12	24	2
47	18	45	30	35	39	2	11	34	4	30	7	8	43	4	25	13	39	14	37	28	38	13	12	24	2
47	18	45	30	35	39	2	11	34	4	30	7	8	43	4	25	13	40	43	0	30	12	18	12	24	2
47	18	45	30	35	39	2	11	34	4	30	7	8	43	4	25	13	43	16	16	39	25	1	12	24	2
47	18	45	30	35	39	3	4	34	11	30	7	8	43	4	25	13	7	34	11	33	3	46	12	24	2
47	18	45	30	35	39	3	4	34	11	30	7	8	43	4	25	13	8	27	1	34	28	1	12	24	2
47	18	45	30	35	39	3	4	34	11	30	7	8	43	4	25	13	11	26	46	16	30	6	12	24	2
47	18	45	30	35	39	3	4	34	11	30	7	8	43	4	25	13	27	41	2	15	6	29	12	24	2
47	18	45	30	35	39	3	4	34	11	30	7	8	43	4	25	13	29	15	38	28	43	36	12	24	2
47	18	45	30	35	39	3	4	34	11	30	7	8	43	4	25	13	31	45	23	16	30	13	12	24	2
47	18	45	30	35	39	3	4	34	11	30	7	8	43	4	25	13	36	1	35	27	18	31	12	24	2
47	18	45	30	35	39	3	4	34	11	30	7	8	43	4	25	13	39	14	37	28	38	13	12	24	2
47	18	45	30	35	39	3	4	34	11	30	7	8	43	4	25	13	40	43	0	30	12	18	12	24	2
47	18	45	30	35	39	3	4	34	11	30	7	8	43	4	25	13	43	16	16	39	25	1	12	24	2
47	20	3	29	42	1	1	45	42	30	16	7	26	13	37	27	13	8	12	37	23	1	9	12	24	2
47	20	3	29	42	1	1	45	42	30	16	7	26	13	37	27	13	11	35	19	31	38	34	12	24	2
47	20	3	29	42	1	1	45	42	30	16	7	26	13	37	27	13	15	37	38	31	0	31	12	24	2
47	20	3	29	42	1	1	45	42	30	16	7	26	13	37	27	13	16	40	28	21	36	41	12	24	2
47	20	3	29	42	1	1	45	42	30	16	7	26	13	37	27	13	21	15	7	40	29	43	12	24	2
47	20	3	29	42	1	1	45	42	30	16	7	26	13	37	27	13	24	10	1	21	39	0	12	24	2
47	20	3	29	42	1	1	45	42	30	16	7	26	13	37	27	13	24	14	9	42	8	0	12	24	2
47	20	3	29	42	1	1	45	42	30	16	7	26	13	37	27	13	26	2	42	24	32	7	12	24	2
47	20	3	29	42	1	1	45	42	30	16	7	26	13	37	27	13	28	22	25	22	18	20	12	24	2
47	20	3	29	42	1	1	45	42	30	16	7	26	13	37	27	13	33	45	7	25	35	26	12	24	2
47	20	3	29	42	1	1	45	42	30	16	7	26	13	37	27	13	36	18	27	42	4	12	12	24	2
47	20	3	29	42	1	1	45	42	30	16	7	26	13	37	27	13	40	0	18	33	20	14	12	24	2
47	20	3	29	42	1	1	45	42	30	16	7	26	13	37	27	13	42	1	42	15	45	25	12	24	2
47	20	3	29	42	1	1	45	42	30	16	7	26	13	37	27	13	43	25	34	36	21	25	12	24	2
47	20	3	29	42	1	1	45	42	30	16	7	26	13	37	27	13	44	25	19	1	9	45	12	24	2
47	20	3	29	42	1	1	45	42	30	16	7	26	13	37	27	13	46	32	21	33	25	29	12	24	2
47	20	3	29	42	1	2	45	30	42	16	7	26	13	37	27	13	8	12	37	23	1	9	12	24	2
47	20	3	29	42	1	2	45	30	42	16	7	26	13	37	27	13	11	35	19	31	38	34	12	24	2
47	20	3	29	42	1	2	45	30	42	16	7	26	13	37	27	13	15	37	38	31	0	31	12	24	2
47	20	3	29	42	1	2	45	30	42	16	7	26	13	37	27	13	16	40	28	21	36	41	12	24	2
47	20	3	29	42	1	2	45	30	42	16	7	26	13	37	27	13	21	15	7	40	29	43	12	24	2
47	20	3	29	42	1	2	45	30	42	16	7	26	13	37	27	13	24	10	1	21	39	0	12	24	2
47	20	3	29	42	1	2	45	30	42	16	7	26	13	37	27	13	24	14	9	42	8	0	12	24	2
47	20	3	29	42	1	2	45	30	42	16	7	26	13	37	27	13	26	2	42	24	32	7	12	24	2
47	20	3	29	42	1	2	45	30	42	16	7	26	13	37	27	13	28	22	25	22	18	20	12	24	2
47	20	3	29	42	1	2	45	30	42	16	7	26	13	37	27	13	33	45	7	25	35	26	12	24	2
47	20	3	29	42	1	2	45	30	42	16	7	26	13	37	27	13	36	18	27	42	4	12	12	24	2
47	20	3	29	42	1	2	45	30	42	16	7	26	13	37	27	13	40	0	18	33	20	14	12	24	2
47	20	3	29	42	1	2	45	30	42	16	7	26	13	37	27	13	42	1	42	15	45	25	12	24	2
47	20	3	29	42	1	2	45	30	42	16	7	26	13	37	27	13	43	25	34	36	21	25	12	24	2
47	20	3	29	42	1	2	45	30	42	16	7	26	13	37	27	13	44	25	19	1	9	45	12	24	2
47	20	3	29	42	1	2	45	30	42	16	7	26	13	37	27	13	46	32	21	33	25	29	12	24	2
47	20	3	29	42	1	3	42	30	45	16	7	26	13	37	27	13	8	12	37	23	1	9	12	24	2
47	20	3	29	42	1	3	42	30	45	16	7	26	13	37	27	13	11	35	19	31	38	34	12	24	2
47	20	3	29	42	1	3	42	30	45	16	7	26	13	37	27	13	15	37	38	31	0	31	12	24	2
47	20	3	29	42	1	3	42	30	45	16	7	26	13	37	27	13	16	40	28	21	36	41	12	24	2
47	20	3	29	42	1	3	42	30	45	16	7	26	13	37	27	13	21	15	7	40	29	43	12	24	2
47	20	3	29	42	1	3	42	30	45	16	7	26	13	37	27	13	24	10	1	21	39	0	12	24	2
47	20	3	29	42	1	3	42	30	45	16	7	26	13	37	27	13	24	14	9	42	8	0	12	24	2
47	20	3	29	42	1	3	42	30	45	16	7	26	13	37	27	13	26	2	42	24	32	7	12	24	2
47	20	3	29	42	1	3	42	30	45	16	7	26	13	37	27	13	28	22	25	22	18	20	12	24	2
47	20	3	29	42	1	3	42	30	45	16	7	26	13	37	27	13	33	45	7	25	35	26	12	24	2
47	20	3	29	42	1	3	42	30	45	16	7	26	13	37	27	13	36	18	27	42	4	12	12	24	2
47	20	3	29	42	1	3	42	30	45	16	7	26	13	37	27	13	40	0	18	33	20	14	12	24	2
47	20	3	29	42	1	3	42	30	45	16	7	26	13	37	27	13	42	1	42	15	45	25	12	24	2
47	20	3	29	42	1	3	42	30	45	16	7	26	13	37	27	13	43	25	34	36	21	25	12	24	2
47	20	3	29	42	1	3	42	30	45	16	7	26	13	37	27	13	44	25	19	1	9	45	12	24	2
47	20	3	29	42	1	3	42	30	45	16	7	26	13	37	27	13	46	32	21	33	25	29	12	24	2
47	20	3	29	5	46	1	2	5	17	31	32	40	8	34	37	16	5	24	21	7	44	9	12	24	2
47	20	3	29	5	46	1	2	5	17	31	32	40	8	34	37	16	6	21	46	30	25	16	12	24	2
47	20	3	29	5	46	1	2	5	17	31	32	40	8	34	37	16	7	28	43	37	17	27	12	24	2
47	20	3	29	5	46	1	2	5	17	31	32	40	8	34	37	16	10	17	44	31	27	6	12	24	2
47	20	3	29	5	46	1	2	5	17	31	32	40	8	34	37	16	15	33	18	33	22	30	12	24	2
47	20	3	29	5	46	1	2	5	17	31	32	40	8	34	37	16	16	30	19	32	19	26	12	24	2
47	20	3	29	5	46	1	2	5	17	31	32	40	8	34	37	16	23	16	17	27	46	17	12	24	2
47	20	3	29	5	46	1	2	5	17	31	32	40	8	34	37	16	25	22	8	20	36	5	12	24	2
47	20	3	29	5	46	1	2	5	17	31	32	40	8	34	37	16	28	26	26	17	11	45	12	24	2
47	20	3	29	5	46	1	2	5	17	31	32	40	8	34	37	16	33	27	36	38	17	42	12	24	2
47	20	3	29	5	46	1	2	5	17	31	32	40	8	34	37	16	36	22	22	7	8	45	12	24	2
47	20	3	29	5	46	1	2	5	17	31	32	40	8	34	37	16	38	32	28	38	14	43	12	24	2
47	20	3	29	5	46	1	2	5	17	31	32	40	8	34	37	16	43	34	41	43	22	44	12	24	2
47	20	3	29	5	46	1	2	5	17	31	32	40	8	34	37	16	44	46	33	32	22	36	12	24	2
47	20	3	29	5	46	1	2	5	17	31	32	40	8	34	37	16	45	23	10	34	2	26	12	24	2
47	20	3	29	5	46	1	2	5	17	31	32	40	8	34	37	16	46	4	23	43	30	7	12	24	2
47	20	3	29	5	46	2	2	17	5	31	32	40	8	34	37	16	5	24	21	7	44	9	12	24	2
47	20	3	29	5	46	2	2	17	5	31	32	40	8	34	37	16	6	21	46	30	25	16	12	24	2
47	20	3	29	5	46	2	2	17	5	31	32	40	8	34	37	16	7	28	43	37	17	27	12	24	2
47	20	3	29	5	46	2	2	17	5	31	32	40	8	34	37	16	10	17	44	31	27	6	12	24	2
47	20	3	29	5	46	2	2	17	5	31	32	40	8	34	37	16	15	33	18	33	22	30	12	24	2
47	20	3	29	5	46	2	2	17	5	31	32	40	8	34	37	16	16	30	19	32	19	26	12	24	2
47	20	3	29	5	46	2	2	17	5	31	32	40	8	34	37	16	23	16	17	27	46	17	12	24	2
47	20	3	29	5	46	2	2	17	5	31	32	40	8	34	37	16	25	22	8	20	36	5	12	24	2
47	20	3	29	5	46	2	2	17	5	31	32	40	8	34	37	16	28	26	26	17	11	45	12	24	2
47	20	3	29	5	46	2	2	17	5	31	32	40	8	34	37	16	33	27	36	38	17	42	12	24	2
47	20	3	29	5	46	2	2	17	5	31	32	40	8	34	37	16	36	22	22	7	8	45	12	24	2
47	20	3	29	5	46	2	2	17	5	31	32	40	8	34	37	16	38	32	28	38	14	43	12	24	2
47	20	3	29	5	46	2	2	17	5	31	32	40	8	34	37	16	43	34	41	43	22	44	12	24	2
47	20	3	29	5	46	2	2	17	5	31	32	40	8	34	37	16	44	46	33	32	22	36	12	24	2
47	20	3	29	5	46	2	2	17	5	31	32	40	8	34	37	16	45	23	10	34	2	26	12	24	2
47	20	3	29	5	46	2	2	17	5	31	32	40	8	34	37	16	46	4	23	43	30	7	12	24	2
47	20	3	29	5	46	3	5	17	2	31	32	40	8	34	37	16	5	24	21	7	44	9	12	24	2
47	20	3	29	5	46	3	5	17	2	31	32	40	8	34	37	16	6	21	46	30	25	16	12	24	2
47	20	3	29	5	46	3	5	17	2	31	32	40	8	34	37	16	7	28	43	37	17	27	12	24	2
47	20	3	29	5	46	3	5	17	2	31	32	40	8	34	37	16	10	17	44	31	27	6	12	24	2
47	20	3	29	5	46	3	5	17	2	31	32	40	8	34	37	16	15	33	18	33	22	30	12	24	2
47	20	3	29	5	46	3	5	17	2	31	32	40	8	34	37	16	16	30	19	32	19	26	12	24	2
47	20	3	29	5	46	3	5	17	2	31	32	40	8	34	37	16	23	16	17	27	46	17	12	24	2
47	20	3	29	5	46	3	5	17	2	31	32	40	8	34	37	16	25	22	8	20	36	5	12	24	2
47	20	3	29	5	46	3	5	17	2	31	32	40	8	34	37	16	28	26	26	17	11	45	12	24	2
47	20	3	29	5	46	3	5	17	2	31	32	40	8	34	37	16	33	27	36	38	17	42	12	24	2
47	20	3	29	5	46	3	5	17	2	31	32	40	8	34	37	16	36	22	22	7	8	45	12	24	2
47	20	3	29	5	46	3	5	17	2	31	32	40	8	34	37	16	38	32	28	38	14	43	12	24	2
47	20	3	29	5	46	3	5	17	2	31	32	40	8	34	37	16	43	34	41	43	22	44	12	24	2
47	20	3	29	5	46	3	5	17	2	31	32	40	8	34	37	16	44	46	33	32	22	36	12	24	2
47	20	3	29	5	46	3	5	17	2	31	32	40	8	34	37	16	45	23	10	34	2	26	12	24	2
47	20	3	29	5	46	3	5	17	2	31	32	40	8	34	37	16	46	4	23	43	30	7	12	24	2
47	20	29	3	42	1	1	45	30	42	16	7	26	13	37	27	13	8	12	37	23	1	9	12	24	2
47	20	29	3	42	1	1	45	30	42	16	7	26	13	37	27	13	11	35	19	31	38	34	12	24	2
47	20	29	3	42	1	1	45	30	42	16	7	26	13	37	27	13	15	37	38	31	0	31	12	24	2
47	20	29	3	42	1	1	45	30	42	16	7	26	13	37	27	13	16	40	28	21	36	41	12	24	2
47	20	29	3	42	1	1	45	30	42	16	7	26	13	37	27	13	21	15	7	40	29	43	12	24	2
47	20	29	3	42	1	1	45	30	42	16	7	26	13	37	27	13	24	10	1	21	39	0	12	24	2
47	20	29	3	42	1	1	45	30	42	16	7	26	13	37	27	13	24	14	9	42	8	0	12	24	2
47	20	29	3	42	1	1	45	30	42	16	7	26	13	37	27	13	26	2	42	24	32	7	12	24	2
47	20	29	3	42	1	1	45	30	42	16	7	26	13	37	27	13	28	22	25	22	18	20	12	24	2
47	20	29	3	42	1	1	45	30	42	16	7	26	13	37	27	13	33	45	7	25	35	26	12	24	2
47	20	29	3	42	1	1	45	30	42	16	7	26	13	37	27	13	36	18	27	42	4	12	12	24	2
47	20	29	3	42	1	1	45	30	42	16	7	26	13	37	27	13	40	0	18	33	20	14	12	24	2
47	20	29	3	42	1	1	45	30	42	16	7	26	13	37	27	13	42	1	42	15	45	25	12	24	2
47	20	29	3	42	1	1	45	30	42	16	7	26	13	37	27	13	43	25	34	36	21	25	12	24	2
47	20	29	3	42	1	1	45	30	42	16	7	26	13	37	27	13	44	25	19	1	9	45	12	24	2
47	20	29	3	42	1	1	45	30	42	16	7	26	13	37	27	13	46	32	21	33	25	29	12	24	2
47	20	29	3	42	1	2	45	42	30	16	7	26	13	37	27	13	8	12	37	23	1	9	12	24	2
47	20	29	3	42	1	2	45	42	30	16	7	26	13	37	27	13	11	35	19	31	38	34	12	24	2
47	20	29	3	42	1	2	45	42	30	16	7	26	13	37	27	13	15	37	38	31	0	31	12	24	2
47	20	29	3	42	1	2	45	42	30	16	7	26	13	37	27	13	16	40	28	21	36	41	12	24	2
47	20	29	3	42	1	2	45	42	30	16	7	26	13	37	27	13	21	15	7	40	29	43	12	24	2
47	20	29	3	42	1	2	45	42	30	16	7	26	13	37	27	13	24	10	1	21	39	0	12	24	2
47	20	29	3	42	1	2	45	42	30	16	7	26	13	37	27	13	24	14	9	42	8	0	12	24	2
47	20	29	3	42	1	2	45	42	30	16	7	26	13	37	27	13	26	2	42	24	32	7	12	24	2
47	20	29	3	42	1	2	45	42	30	16	7	26	13	37	27	13	28	22	25	22	18	20	12	24	2
47	20	29	3	42	1	2	45	42	30	16	7	26	13	37	27	13	33	45	7	25	35	26	12	24	2
47	20	29	3	42	1	2	45	42	30	16	7	26	13	37	27	13	36	18	27	42	4	12	12	24	2
47	20	29	3	42	1	2	45	42	30	16	7	26	13	37	27	13	40	0	18	33	20	14	12	24	2
47	20	29	3	42	1	2	45	42	30	16	7	26	13	37	27	13	42	1	42	15	45	25	12	24	2
47	20	29	3	42	1	2	45	42	30	16	7	26	13	37	27	13	43	25	34	36	21	25	12	24	2
47	20	29	3	42	1	2	45	42	30	16	7	26	13	37	27	13	44	25	19	1	9	45	12	24	2
47	20	29	3	42	1	2	45	42	30	16	7	26	13	37	27	13	46	32	21	33	25	29	12	24	2
47	20	29	3	42	1	3	30	42	45	16	7	26	13	37	27	13	8	12	37	23	1	9	12	24	2
47	20	29	3	42	1	3	30	42	45	16	7	26	13	37	27	13	11	35	19	31	38	34	12	24	2
47	20	29	3	42	1	3	30	42	45	16	7	26	13	37	27	13	15	37	38	31	0	31	12	24	2
47	20	29	3	42	1	3	30	42	45	16	7	26	13	37	27	13	16	40	28	21	36	41	12	24	2
47	20	29	3	42	1	3	30	42	45	16	7	26	13	37	27	13	21	15	7	40	29	43	12	24	2
47	20	29	3	42	1	3	30	42	45	16	7	26	13	37	27	13	24	10	1	21	39	0	12	24	2
47	20	29	3	42	1	3	30	42	45	16	7	26	13	37	27	13	24	14	9	42	8	0	12	24	2
47	20	29	3	42	1	3	30	42	45	16	7	26	13	37	27	13	26	2	42	24	32	7	12	24	2
47	20	29	3	42	1	3	30	42	45	16	7	26	13	37	27	13	28	22	25	22	18	20	12	24	2
47	20	29	3	42	1	3	30	42	45	16	7	26	13	37	27	13	33	45	7	25	35	26	12	24	2
47	20	29	3	42	1	3	30	42	45	16	7	26	13	37	27	13	36	18	27	42	4	12	12	24	2
47	20	29	3	42	1	3	30	42	45	16	7	26	13	37	27	13	40	0	18	33	20	14	12	24	2
47	20	29	3	42	1	3	30	42	45	16	7	26	13	37	27	13	42	1	42	15	45	25	12	24	2
47	20	29	3	42	1	3	30	42	45	16	7	26	13	37	27	13	43	25	34	36	21	25	12	24	2
47	20	29	3	42	1	3	30	42	45	16	7	26	13	37	27	13	44	25	19	1	9	45	12	24	2
47	20	29	3	42	1	3	30	42	45	16	7	26	13	37	27	13	46	32	21	33	25	29	12	24	2
47	20	29	3	5	46	1	2	17	5	31	32	40	8	34	37	16	5	24	21	7	44	9	12	24	2
47	20	29	3	5	46	1	2	17	5	31	32	40	8	34	37	16	6	21	46	30	25	16	12	24	2
47	20	29	3	5	46	1	2	17	5	31	32	40	8	34	37	16	7	28	43	37	17	27	12	24	2
47	20	29	3	5	46	1	2	17	5	31	32	40	8	34	37	16	10	17	44	31	27	6	12	24	2
47	20	29	3	5	46	1	2	17	5	31	32	40	8	34	37	16	15	33	18	33	22	30	12	24	2
47	20	29	3	5	46	1	2	17	5	31	32	40	8	34	37	16	16	30	19	32	19	26	12	24	2
47	20	29	3	5	46	1	2	17	5	31	32	40	8	34	37	16	23	16	17	27	46	17	12	24	2
47	20	29	3	5	46	1	2	17	5	31	32	40	8	34	37	16	25	22	8	20	36	5	12	24	2
47	20	29	3	5	46	1	2	17	5	31	32	40	8	34	37	16	28	26	26	17	11	45	12	24	2
47	20	29	3	5	46	1	2	17	5	31	32	40	8	34	37	16	33	27	36	38	17	42	12	24	2
47	20	29	3	5	46	1	2	17	5	31	32	40	8	34	37	16	36	22	22	7	8	45	12	24	2
47	20	29	3	5	46	1	2	17	5	31	32	40	8	34	37	16	38	32	28	38	14	43	12	24	2
47	20	29	3	5	46	1	2	17	5	31	32	40	8	34	37	16	43	34	41	43	22	44	12	24	2
47	20	29	3	5	46	1	2	17	5	31	32	40	8	34	37	16	44	46	33	32	22	36	12	24	2
47	20	29	3	5	46	1	2	17	5	31	32	40	8	34	37	16	45	23	10	34	2	26	12	24	2
47	20	29	3	5	46	1	2	17	5	31	32	40	8	34	37	16	46	4	23	43	30	7	12	24	2
47	20	29	3	5	46	2	2	5	17	31	32	40	8	34	37	16	5	24	21	7	44	9	12	24	2
47	20	29	3	5	46	2	2	5	17	31	32	40	8	34	37	16	6	21	46	30	25	16	12	24	2
47	20	29	3	5	46	2	2	5	17	31	32	40	8	34	37	16	7	28	43	37	17	27	12	24	2
47	20	29	3	5	46	2	2	5	17	31	32	40	8	34	37	16	10	17	44	31	27	6	12	24	2
47	20	29	3	5	46	2	2	5	17	31	32	40	8	34	37	16	15	33	18	33	22	30	12	24	2
47	20	29	3	5	46	2	2	5	17	31	32	40	8	34	37	16	16	30	19	32	19	26	12	24	2
47	20	29	3	5	46	2	2	5	17	31	32	40	8	34	37	16	23	16	17	27	46	17	12	24	2
47	20	29	3	5	46	2	2	5	17	31	32	40	8	34	37	16	25	22	8	20	36	5	12	24	2
47	20	29	3	5	46	2	2	5	17	31	32	40	8	34	37	16	28	26	26	17	11	45	12	24	2
47	20	29	3	5	46	2	2	5	17	31	32	40	8	34	37	16	33	27	36	38	17	42	12	24	2
47	20	29	3	5	46	2	2	5	17	31	32	40	8	34	37	16	36	22	22	7	8	45	12	24	2
47	20	29	3	5	46	2	2	5	17	31	32	40	8	34	37	16	38	32	28	38	14	43	12	24	2
47	20	29	3	5	46	2	2	5	17	31	32	40	8	34	37	16	43	34	41	43	22	44	12	24	2
47	20	29	3	5	46	2	2	5	17	31	32	40	8	34	37	16	44	46	33	32	22	36	12	24	2
47	20	29	3	5	46	2	2	5	17	31	32	40	8	34	37	16	45	23	10	34	2	26	12	24	2
47	20	29	3	5	46	2	2	5	17	31	32	40	8	34	37	16	46	4	23	43	30	7	12	24	2
47	20	29	3	5	46	3	17	5	2	31	32	40	8	34	37	16	5	24	21	7	44	9	12	24	2
47	20	29	3	5	46	3	17	5	2	31	32	40	8	34	37	16	6	21	46	30	25	16	12	24	2
47	20	29	3	5	46	3	17	5	2	31	32	40	8	34	37	16	7	28	43	37	17	27	12	24	2
47	20	29	3	5	46	3	17	5	2	31	32	40	8	34	37	16	10	17	44	31	27	6	12	24	2
47	20	29	3	5	46	3	17	5	2	31	32	40	8	34	37	16	15	33	18	33	22	30	12	24	2
47	20	29	3	5	46	3	17	5	2	31	32	40	8	34	37	16	16	30	19	32	19	26	12	24	2
47	20	29	3	5	46	3	17	5	2	31	32	40	8	34	37	16	23	16	17	27	46	17	12	24	2
47	20	29	3	5	46	3	17	5	2	31	32	40	8	34	37	16	25	22	8	20	36	5	12	24	2
47	20	29	3	5	46	3	17	5	2	31	32	40	8	34	37	16	28	26	26	17	11	45	12	24	2
47	20	29	3	5	46	3	17	5	2	31	32	40	8	34	37	16	33	27	36	38	17	42	12	24	2
47	20	29	3	5	46	3	17	5	2	31	32	40	8	34	37	16	36	22	22	7	8	45	12	24	2
47	20	29	3	5	46	3	17	5	2	31	32	40	8	34	37	16	38	32	28	38	14	43	12	24	2
47	20	29	3	5	46	3	17	5	2	31	32	40	8	34	37	16	43	34	41	43	22	44	12	24	2
47	20	29	3	5	46	3	17	5	2	31	32	40	8	34	37	16	44	46	33	32	22	36	12	24	2
47	20	29	3	5	46	3	17	5	2	31	32	40	8	34	37	16	45	23	10	34	2	26	12	24	2
47	20	29	3	5	46	3	17	5	2	31	32	40	8	34	37	16	46	4	23	43	30	7	12	24	2
47	22	2	31	6	14	1	41	8	30	25	28	39	6	7	10	25	1	16	42	3	37	38	12	24	2
47	22	2	31	6	14	1	41	8	30	25	28	39	6	7	10	25	5	0	34	8	29	30	12	24	2
47	22	2	31	6	14	1	41	8	30	25	28	39	6	7	10	25	5	7	26	44	18	17	12	24	2
47	22	2	31	6	14	1	41	8	30	25	28	39	6	7	10	25	6	26	38	20	43	45	12	24	2
47	22	2	31	6	14	1	41	8	30	25	28	39	6	7	10	25	7	24	28	19	3	16	12	24	2
47	22	2	31	6	14	1	41	8	30	25	28	39	6	7	10	25	17	14	0	16	12	41	12	24	2
47	22	2	31	6	14	1	41	8	30	25	28	39	6	7	10	25	19	39	21	13	15	29	12	24	2
47	22	2	31	6	14	1	41	8	30	25	28	39	6	7	10	25	20	20	3	32	46	45	12	24	2
47	22	2	31	6	14	1	41	8	30	25	28	39	6	7	10	25	22	17	28	22	20	16	12	24	2
47	22	2	31	6	14	1	41	8	30	25	28	39	6	7	10	25	25	13	1	11	9	39	12	24	2
47	22	2	31	6	14	1	41	8	30	25	28	39	6	7	10	25	27	3	23	17	0	4	12	24	2
47	22	2	31	6	14	1	41	8	30	25	28	39	6	7	10	25	28	12	1	26	38	36	12	24	2
47	22	2	31	6	14	1	41	8	30	25	28	39	6	7	10	25	32	24	32	12	0	28	12	24	2
47	22	2	31	6	14	1	41	8	30	25	28	39	6	7	10	25	43	8	23	24	24	4	12	24	2
47	22	2	31	6	14	1	41	8	30	25	28	39	6	7	10	25	46	11	15	6	37	18	12	24	2
47	22	2	31	6	14	1	41	8	30	25	28	39	6	7	10	25	46	31	42	30	10	29	12	24	2
47	22	2	31	6	14	2	41	30	8	25	28	39	6	7	10	25	1	16	42	3	37	38	12	24	2
47	22	2	31	6	14	2	41	30	8	25	28	39	6	7	10	25	5	0	34	8	29	30	12	24	2
47	22	2	31	6	14	2	41	30	8	25	28	39	6	7	10	25	5	7	26	44	18	17	12	24	2
47	22	2	31	6	14	2	41	30	8	25	28	39	6	7	10	25	6	26	38	20	43	45	12	24	2
47	22	2	31	6	14	2	41	30	8	25	28	39	6	7	10	25	7	24	28	19	3	16	12	24	2
47	22	2	31	6	14	2	41	30	8	25	28	39	6	7	10	25	17	14	0	16	12	41	12	24	2
47	22	2	31	6	14	2	41	30	8	25	28	39	6	7	10	25	19	39	21	13	15	29	12	24	2
47	22	2	31	6	14	2	41	30	8	25	28	39	6	7	10	25	20	20	3	32	46	45	12	24	2
47	22	2	31	6	14	2	41	30	8	25	28	39	6	7	10	25	22	17	28	22	20	16	12	24	2
47	22	2	31	6	14	2	41	30	8	25	28	39	6	7	10	25	25	13	1	11	9	39	12	24	2
47	22	2	31	6	14	2	41	30	8	25	28	39	6	7	10	25	27	3	23	17	0	4	12	24	2
47	22	2	31	6	14	2	41	30	8	25	28	39	6	7	10	25	28	12	1	26	38	36	12	24	2
47	22	2	31	6	14	2	41	30	8	25	28	39	6	7	10	25	32	24	32	12	0	28	12	24	2
47	22	2	31	6	14	2	41	30	8	25	28	39	6	7	10	25	43	8	23	24	24	4	12	24	2
47	22	2	31	6	14	2	41	30	8	25	28	39	6	7	10	25	46	11	15	6	37	18	12	24	2
47	22	2	31	6	14	2	41	30	8	25	28	39	6	7	10	25	46	31	42	30	10	29	12	24	2
47	22	2	31	6	14	3	8	30	41	25	28	39	6	7	10	25	1	16	42	3	37	38	12	24	2
47	22	2	31	6	14	3	8	30	41	25	28	39	6	7	10	25	5	0	34	8	29	30	12	24	2
47	22	2	31	6	14	3	8	30	41	25	28	39	6	7	10	25	5	7	26	44	18	17	12	24	2
47	22	2	31	6	14	3	8	30	41	25	28	39	6	7	10	25	6	26	38	20	43	45	12	24	2
47	22	2	31	6	14	3	8	30	41	25	28	39	6	7	10	25	7	24	28	19	3	16	12	24	2
47	22	2	31	6	14	3	8	30	41	25	28	39	6	7	10	25	17	14	0	16	12	41	12	24	2
47	22	2	31	6	14	3	8	30	41	25	28	39	6	7	10	25	19	39	21	13	15	29	12	24	2
47	22	2	31	6	14	3	8	30	41	25	28	39	6	7	10	25	20	20	3	32	46	45	12	24	2
47	22	2	31	6	14	3	8	30	41	25	28	39	6	7	10	25	22	17	28	22	20	16	12	24	2
47	22	2	31	6	14	3	8	30	41	25	28	39	6	7	10	25	25	13	1	11	9	39	12	24	2
47	22	2	31	6	14	3	8	30	41	25	28	39	6	7	10	25	27	3	23	17	0	4	12	24	2
47	22	2	31	6	14	3	8	30	41	25	28	39	6	7	10	25	28	12	1	26	38	36	12	24	2
47	22	2	31	6	14	3	8	30	41	25	28	39	6	7	10	25	32	24	32	12	0	28	12	24	2
47	22	2	31	6	14	3	8	30	41	25	28	39	6	7	10	25	43	8	23	24	24	4	12	24	2
47	22	2	31	6	14	3	8	30	41	25	28	39	6	7	10	25	46	11	15	6	37	18	12	24	2
47	22	2	31	6	14	3	8	30	41	25	28	39	6	7	10	25	46	31	42	30	10	29	12	24	2
47	22	2	31	41	33	1	6	39	17	22	43	9	14	14	42	44	4	0	29	24	44	20	12	24	2
47	22	2	31	41	33	1	6	39	17	22	43	9	14	14	42	44	5	41	18	26	10	22	12	24	2
47	22	2	31	41	33	1	6	39	17	22	43	9	14	14	42	44	6	9	0	2	42	16	12	24	2
47	22	2	31	41	33	1	6	39	17	22	43	9	14	14	42	44	8	5	19	33	33	0	12	24	2
47	22	2	31	41	33	1	6	39	17	22	43	9	14	14	42	44	8	11	8	40	14	0	12	24	2
47	22	2	31	41	33	1	6	39	17	22	43	9	14	14	42	44	12	40	18	3	15	30	12	24	2
47	22	2	31	41	33	1	6	39	17	22	43	9	14	14	42	44	26	42	35	15	39	33	12	24	2
47	22	2	31	41	33	1	6	39	17	22	43	9	14	14	42	44	28	32	46	42	30	21	12	24	2
47	22	2	31	41	33	1	6	39	17	22	43	9	14	14	42	44	31	21	10	29	28	13	12	24	2
47	22	2	31	41	33	1	6	39	17	22	43	9	14	14	42	44	35	18	21	41	20	32	12	24	2
47	22	2	31	41	33	1	6	39	17	22	43	9	14	14	42	44	38	18	43	8	7	9	12	24	2
47	22	2	31	41	33	1	6	39	17	22	43	9	14	14	42	44	39	19	16	18	32	38	12	24	2
47	22	2	31	41	33	1	6	39	17	22	43	9	14	14	42	44	41	20	3	11	28	16	12	24	2
47	22	2	31	41	33	1	6	39	17	22	43	9	14	14	42	44	41	25	10	2	19	31	12	24	2
47	22	2	31	41	33	1	6	39	17	22	43	9	14	14	42	44	43	35	32	5	14	1	12	24	2
47	22	2	31	41	33	1	6	39	17	22	43	9	14	14	42	44	44	4	3	17	41	18	12	24	2
47	22	2	31	41	33	2	6	17	39	22	43	9	14	14	42	44	4	0	29	24	44	20	12	24	2
47	22	2	31	41	33	2	6	17	39	22	43	9	14	14	42	44	5	41	18	26	10	22	12	24	2
47	22	2	31	41	33	2	6	17	39	22	43	9	14	14	42	44	6	9	0	2	42	16	12	24	2
47	22	2	31	41	33	2	6	17	39	22	43	9	14	14	42	44	8	5	19	33	33	0	12	24	2
47	22	2	31	41	33	2	6	17	39	22	43	9	14	14	42	44	8	11	8	40	14	0	12	24	2
47	22	2	31	41	33	2	6	17	39	22	43	9	14	14	42	44	12	40	18	3	15	30	12	24	2
47	22	2	31	41	33	2	6	17	39	22	43	9	14	14	42	44	26	42	35	15	39	33	12	24	2
47	22	2	31	41	33	2	6	17	39	22	43	9	14	14	42	44	28	32	46	42	30	21	12	24	2
47	22	2	31	41	33	2	6	17	39	22	43	9	14	14	42	44	31	21	10	29	28	13	12	24	2
47	22	2	31	41	33	2	6	17	39	22	43	9	14	14	42	44	35	18	21	41	20	32	12	24	2
47	22	2	31	41	33	2	6	17	39	22	43	9	14	14	42	44	38	18	43	8	7	9	12	24	2
47	22	2	31	41	33	2	6	17	39	22	43	9	14	14	42	44	39	19	16	18	32	38	12	24	2
47	22	2	31	41	33	2	6	17	39	22	43	9	14	14	42	44	41	20	3	11	28	16	12	24	2
47	22	2	31	41	33	2	6	17	39	22	43	9	14	14	42	44	41	25	10	2	19	31	12	24	2
47	22	2	31	41	33	2	6	17	39	22	43	9	14	14	42	44	43	35	32	5	14	1	12	24	2
47	22	2	31	41	33	2	6	17	39	22	43	9	14	14	42	44	44	4	3	17	41	18	12	24	2
47	22	2	31	41	33	3	39	17	6	22	43	9	14	14	42	44	4	0	29	24	44	20	12	24	2
47	22	2	31	41	33	3	39	17	6	22	43	9	14	14	42	44	5	41	18	26	10	22	12	24	2
47	22	2	31	41	33	3	39	17	6	22	43	9	14	14	42	44	6	9	0	2	42	16	12	24	2
47	22	2	31	41	33	3	39	17	6	22	43	9	14	14	42	44	8	5	19	33	33	0	12	24	2
47	22	2	31	41	33	3	39	17	6	22	43	9	14	14	42	44	8	11	8	40	14	0	12	24	2
47	22	2	31	41	33	3	39	17	6	22	43	9	14	14	42	44	12	40	18	3	15	30	12	24	2
47	22	2	31	41	33	3	39	17	6	22	43	9	14	14	42	44	26	42	35	15	39	33	12	24	2
47	22	2	31	41	33	3	39	17	6	22	43	9	14	14	42	44	28	32	46	42	30	21	12	24	2
47	22	2	31	41	33	3	39	17	6	22	43	9	14	14	42	44	31	21	10	29	28	13	12	24	2
47	22	2	31	41	33	3	39	17	6	22	43	9	14	14	42	44	35	18	21	41	20	32	12	24	2
47	22	2	31	41	33	3	39	17	6	22	43	9	14	14	42	44	38	18	43	8	7	9	12	24	2
47	22	2	31	41	33	3	39	17	6	22	43	9	14	14	42	44	39	19	16	18	32	38	12	24	2
47	22	2	31	41	33	3	39	17	6	22	43	9	14	14	42	44	41	20	3	11	28	16	12	24	2
47	22	2	31	41	33	3	39	17	6	22	43	9	14	14	42	44	41	25	10	2	19	31	12	24	2
47	22	2	31	41	33	3	39	17	6	22	43	9	14	14	42	44	43	35	32	5	14	1	12	24	2
47	22	2	31	41	33	3	39	17	6	22	43	9	14	14	42	44	44	4	3	17	41	18	12	24	2
47	22	31	2	6	14	1	41	30	8	25	28	39	6	7	10	25	1	16	42	3	37	38	12	24	2
47	22	31	2	6	14	1	41	30	8	25	28	39	6	7	10	25	5	0	34	8	29	30	12	24	2
47	22	31	2	6	14	1	41	30	8	25	28	39	6	7	10	25	5	7	26	44	18	17	12	24	2
47	22	31	2	6	14	1	41	30	8	25	28	39	6	7	10	25	6	26	38	20	43	45	12	24	2
47	22	31	2	6	14	1	41	30	8	25	28	39	6	7	10	25	7	24	28	19	3	16	12	24	2
47	22	31	2	6	14	1	41	30	8	25	28	39	6	7	10	25	17	14	0	16	12	41	12	24	2
47	22	31	2	6	14	1	41	30	8	25	28	39	6	7	10	25	19	39	21	13	15	29	12	24	2
47	22	31	2	6	14	1	41	30	8	25	28	39	6	7	10	25	20	20	3	32	46	45	12	24	2
47	22	31	2	6	14	1	41	30	8	25	28	39	6	7	10	25	22	17	28	22	20	16	12	24	2
47	22	31	2	6	14	1	41	30	8	25	28	39	6	7	10	25	25	13	1	11	9	39	12	24	2
47	22	31	2	6	14	1	41	30	8	25	28	39	6	7	10	25	27	3	23	17	0	4	12	24	2
47	22	31	2	6	14	1	41	30	8	25	28	39	6	7	10	25	28	12	1	26	38	36	12	24	2
47	22	31	2	6	14	1	41	30	8	25	28	39	6	7	10	25	32	24	32	12	0	28	12	24	2
47	22	31	2	6	14	1	41	30	8	25	28	39	6	7	10	25	43	8	23	24	24	4	12	24	2
47	22	31	2	6	14	1	41	30	8	25	28	39	6	7	10	25	46	11	15	6	37	18	12	24	2
47	22	31	2	6	14	1	41	30	8	25	28	39	6	7	10	25	46	31	42	30	10	29	12	24	2
47	22	31	2	6	14	2	41	8	30	25	28	39	6	7	10	25	1	16	42	3	37	38	12	24	2
47	22	31	2	6	14	2	41	8	30	25	28	39	6	7	10	25	5	0	34	8	29	30	12	24	2
47	22	31	2	6	14	2	41	8	30	25	28	39	6	7	10	25	5	7	26	44	18	17	12	24	2
47	22	31	2	6	14	2	41	8	30	25	28	39	6	7	10	25	6	26	38	20	43	45	12	24	2
47	22	31	2	6	14	2	41	8	30	25	28	39	6	7	10	25	7	24	28	19	3	16	12	24	2
47	22	31	2	6	14	2	41	8	30	25	28	39	6	7	10	25	17	14	0	16	12	41	12	24	2
47	22	31	2	6	14	2	41	8	30	25	28	39	6	7	10	25	19	39	21	13	15	29	12	24	2
47	22	31	2	6	14	2	41	8	30	25	28	39	6	7	10	25	20	20	3	32	46	45	12	24	2
47	22	31	2	6	14	2	41	8	30	25	28	39	6	7	10	25	22	17	28	22	20	16	12	24	2
47	22	31	2	6	14	2	41	8	30	25	28	39	6	7	10	25	25	13	1	11	9	39	12	24	2
47	22	31	2	6	14	2	41	8	30	25	28	39	6	7	10	25	27	3	23	17	0	4	12	24	2
47	22	31	2	6	14	2	41	8	30	25	28	39	6	7	10	25	28	12	1	26	38	36	12	24	2
47	22	31	2	6	14	2	41	8	30	25	28	39	6	7	10	25	32	24	32	12	0	28	12	24	2
47	22	31	2	6	14	2	41	8	30	25	28	39	6	7	10	25	43	8	23	24	24	4	12	24	2
47	22	31	2	6	14	2	41	8	30	25	28	39	6	7	10	25	46	11	15	6	37	18	12	24	2
47	22	31	2	6	14	2	41	8	30	25	28	39	6	7	10	25	46	31	42	30	10	29	12	24	2
47	22	31	2	6	14	3	30	8	41	25	28	39	6	7	10	25	1	16	42	3	37	38	12	24	2
47	22	31	2	6	14	3	30	8	41	25	28	39	6	7	10	25	5	0	34	8	29	30	12	24	2
47	22	31	2	6	14	3	30	8	41	25	28	39	6	7	10	25	5	7	26	44	18	17	12	24	2
47	22	31	2	6	14	3	30	8	41	25	28	39	6	7	10	25	6	26	38	20	43	45	12	24	2
47	22	31	2	6	14	3	30	8	41	25	28	39	6	7	10	25	7	24	28	19	3	16	12	24	2
47	22	31	2	6	14	3	30	8	41	25	28	39	6	7	10	25	17	14	0	16	12	41	12	24	2
47	22	31	2	6	14	3	30	8	41	25	28	39	6	7	10	25	19	39	21	13	15	29	12	24	2
47	22	31	2	6	14	3	30	8	41	25	28	39	6	7	10	25	20	20	3	32	46	45	12	24	2
47	22	31	2	6	14	3	30	8	41	25	28	39	6	7	10	25	22	17	28	22	20	16	12	24	2
47	22	31	2	6	14	3	30	8	41	25	28	39	6	7	10	25	25	13	1	11	9	39	12	24	2
47	22	31	2	6	14	3	30	8	41	25	28	39	6	7	10	25	27	3	23	17	0	4	12	24	2
47	22	31	2	6	14	3	30	8	41	25	28	39	6	7	10	25	28	12	1	26	38	36	12	24	2
47	22	31	2	6	14	3	30	8	41	25	28	39	6	7	10	25	32	24	32	12	0	28	12	24	2
47	22	31	2	6	14	3	30	8	41	25	28	39	6	7	10	25	43	8	23	24	24	4	12	24	2
47	22	31	2	6	14	3	30	8	41	25	28	39	6	7	10	25	46	11	15	6	37	18	12	24	2
47	22	31	2	6	14	3	30	8	41	25	28	39	6	7	10	25	46	31	42	30	10	29	12	24	2
47	22	31	2	41	33	1	6	17	39	22	43	9	14	14	42	44	4	0	29	24	44	20	12	24	2
47	22	31	2	41	33	1	6	17	39	22	43	9	14	14	42	44	5	41	18	26	10	22	12	24	2
47	22	31	2	41	33	1	6	17	39	22	43	9	14	14	42	44	6	9	0	2	42	16	12	24	2
47	22	31	2	41	33	1	6	17	39	22	43	9	14	14	42	44	8	5	19	33	33	0	12	24	2
47	22	31	2	41	33	1	6	17	39	22	43	9	14	14	42	44	8	11	8	40	14	0	12	24	2
47	22	31	2	41	33	1	6	17	39	22	43	9	14	14	42	44	12	40	18	3	15	30	12	24	2
47	22	31	2	41	33	1	6	17	39	22	43	9	14	14	42	44	26	42	35	15	39	33	12	24	2
47	22	31	2	41	33	1	6	17	39	22	43	9	14	14	42	44	28	32	46	42	30	21	12	24	2
47	22	31	2	41	33	1	6	17	39	22	43	9	14	14	42	44	31	21	10	29	28	13	12	24	2
47	22	31	2	41	33	1	6	17	39	22	43	9	14	14	42	44	35	18	21	41	20	32	12	24	2
47	22	31	2	41	33	1	6	17	39	22	43	9	14	14	42	44	38	18	43	8	7	9	12	24	2
47	22	31	2	41	33	1	6	17	39	22	43	9	14	14	42	44	39	19	16	18	32	38	12	24	2
47	22	31	2	41	33	1	6	17	39	22	43	9	14	14	42	44	41	20	3	11	28	16	12	24	2
47	22	31	2	41	33	1	6	17	39	22	43	9	14	14	42	44	41	25	10	2	19	31	12	24	2
47	22	31	2	41	33	1	6	17	39	22	43	9	14	14	42	44	43	35	32	5	14	1	12	24	2
47	22	31	2	41	33	1	6	17	39	22	43	9	14	14	42	44	44	4	3	17	41	18	12	24	2
47	22	31	2	41	33	2	6	39	17	22	43	9	14	14	42	44	4	0	29	24	44	20	12	24	2
47	22	31	2	41	33	2	6	39	17	22	43	9	14	14	42	44	5	41	18	26	10	22	12	24	2
47	22	31	2	41	33	2	6	39	17	22	43	9	14	14	42	44	6	9	0	2	42	16	12	24	2
47	22	31	2	41	33	2	6	39	17	22	43	9	14	14	42	44	8	5	19	33	33	0	12	24	2
47	22	31	2	41	33	2	6	39	17	22	43	9	14	14	42	44	8	11	8	40	14	0	12	24	2
47	22	31	2	41	33	2	6	39	17	22	43	9	14	14	42	44	12	40	18	3	15	30	12	24	2
47	22	31	2	41	33	2	6	39	17	22	43	9	14	14	42	44	26	42	35	15	39	33	12	24	2
47	22	31	2	41	33	2	6	39	17	22	43	9	14	14	42	44	28	32	46	42	30	21	12	24	2
47	22	31	2	41	33	2	6	39	17	22	43	9	14	14	42	44	31	21	10	29	28	13	12	24	2
47	22	31	2	41	33	2	6	39	17	22	43	9	14	14	42	44	35	18	21	41	20	32	12	24	2
47	22	31	2	41	33	2	6	39	17	22	43	9	14	14	42	44	38	18	43	8	7	9	12	24	2
47	22	31	2	41	33	2	6	39	17	22	43	9	14	14	42	44	39	19	16	18	32	38	12	24	2
47	22	31	2	41	33	2	6	39	17	22	43	9	14	14	42	44	41	20	3	11	28	16	12	24	2
47	22	31	2	41	33	2	6	39	17	22	43	9	14	14	42	44	41	25	10	2	19	31	12	24	2
47	22	31	2	41	33	2	6	39	17	22	43	9	14	14	42	44	43	35	32	5	14	1	12	24	2
47	22	31	2	41	33	2	6	39	17	22	43	9	14	14	42	44	44	4	3	17	41	18	12	24	2
47	22	31	2	41	33	3	17	39	6	22	43	9	14	14	42	44	4	0	29	24	44	20	12	24	2
47	22	31	2	41	33	3	17	39	6	22	43	9	14	14	42	44	5	41	18	26	10	22	12	24	2
47	22	31	2	41	33	3	17	39	6	22	43	9	14	14	42	44	6	9	0	2	42	16	12	24	2
47	22	31	2	41	33	3	17	39	6	22	43	9	14	14	42	44	8	5	19	33	33	0	12	24	2
47	22	31	2	41	33	3	17	39	6	22	43	9	14	14	42	44	8	11	8	40	14	0	12	24	2
47	22	31	2	41	33	3	17	39	6	22	43	9	14	14	42	44	12	40	18	3	15	30	12	24	2
47	22	31	2	41	33	3	17	39	6	22	43	9	14	14	42	44	26	42	35	15	39	33	12	24	2
47	22	31	2	41	33	3	17	39	6	22	43	9	14	14	42	44	28	32	46	42	30	21	12	24	2
47	22	31	2	41	33	3	17	39	6	22	43	9	14	14	42	44	31	21	10	29	28	13	12	24	2
47	22	31	2	41	33	3	17	39	6	22	43	9	14	14	42	44	35	18	21	41	20	32	12	24	2
47	22	31	2	41	33	3	17	39	6	22	43	9	14	14	42	44	38	18	43	8	7	9	12	24	2
47	22	31	2	41	33	3	17	39	6	22	43	9	14	14	42	44	39	19	16	18	32	38	12	24	2
47	22	31	2	41	33	3	17	39	6	22	43	9	14	14	42	44	41	20	3	11	28	16	12	24	2
47	22	31	2	41	33	3	17	39	6	22	43	9	14	14	42	44	41	25	10	2	19	31	12	24	2
47	22	31	2	41	33	3	17	39	6	22	43	9	14	14	42	44	43	35	32	5	14	1	12	24	2
47	22	31	2	41	33	3	17	39	6	22	43	9	14	14	42	44	44	4	3	17	41	18	12	24	2
47	23	11	34	8	12	1	22	33	8	28	43	40	11	42	31	7	1	26	31	1	16	35	12	24	2
47	23	11	34	8	12	1	22	33	8	28	43	40	11	42	31	7	6	43	12	35	39	46	12	24	2
47	23	11	34	8	12	1	22	33	8	28	43	40	11	42	31	7	27	41	33	30	27	11	12	24	2
47	23	11	34	8	12	1	22	33	8	28	43	40	11	42	31	7	29	5	33	34	37	22	12	24	2
47	23	11	34	8	12	1	22	33	8	28	43	40	11	42	31	7	32	10	37	16	9	4	12	24	2
47	23	11	34	8	12	1	22	33	8	28	43	40	11	42	31	7	33	35	0	15	9	28	12	24	2
47	23	11	34	8	12	1	22	33	8	28	43	40	11	42	31	7	39	3	40	34	0	8	12	24	2
47	23	11	34	8	12	1	22	33	8	28	43	40	11	42	31	7	40	21	14	6	14	21	12	24	2
47	23	11	34	8	12	1	22	33	8	28	43	40	11	42	31	7	43	22	22	6	7	29	12	24	2
47	23	11	34	8	12	1	22	33	8	28	43	40	11	42	31	7	46	30	22	26	40	34	12	24	2
47	23	11	34	8	12	2	22	8	33	28	43	40	11	42	31	7	1	26	31	1	16	35	12	24	2
47	23	11	34	8	12	2	22	8	33	28	43	40	11	42	31	7	6	43	12	35	39	46	12	24	2
47	23	11	34	8	12	2	22	8	33	28	43	40	11	42	31	7	27	41	33	30	27	11	12	24	2
47	23	11	34	8	12	2	22	8	33	28	43	40	11	42	31	7	29	5	33	34	37	22	12	24	2
47	23	11	34	8	12	2	22	8	33	28	43	40	11	42	31	7	32	10	37	16	9	4	12	24	2
47	23	11	34	8	12	2	22	8	33	28	43	40	11	42	31	7	33	35	0	15	9	28	12	24	2
47	23	11	34	8	12	2	22	8	33	28	43	40	11	42	31	7	39	3	40	34	0	8	12	24	2
47	23	11	34	8	12	2	22	8	33	28	43	40	11	42	31	7	40	21	14	6	14	21	12	24	2
47	23	11	34	8	12	2	22	8	33	28	43	40	11	42	31	7	43	22	22	6	7	29	12	24	2
47	23	11	34	8	12	2	22	8	33	28	43	40	11	42	31	7	46	30	22	26	40	34	12	24	2
47	23	11	34	8	12	3	33	8	22	28	43	40	11	42	31	7	1	26	31	1	16	35	12	24	2
47	23	11	34	8	12	3	33	8	22	28	43	40	11	42	31	7	6	43	12	35	39	46	12	24	2
47	23	11	34	8	12	3	33	8	22	28	43	40	11	42	31	7	27	41	33	30	27	11	12	24	2
47	23	11	34	8	12	3	33	8	22	28	43	40	11	42	31	7	29	5	33	34	37	22	12	24	2
47	23	11	34	8	12	3	33	8	22	28	43	40	11	42	31	7	32	10	37	16	9	4	12	24	2
47	23	11	34	8	12	3	33	8	22	28	43	40	11	42	31	7	33	35	0	15	9	28	12	24	2
47	23	11	34	8	12	3	33	8	22	28	43	40	11	42	31	7	39	3	40	34	0	8	12	24	2
47	23	11	34	8	12	3	33	8	22	28	43	40	11	42	31	7	40	21	14	6	14	21	12	24	2
47	23	11	34	8	12	3	33	8	22	28	43	40	11	42	31	7	43	22	22	6	7	29	12	24	2
47	23	11	34	8	12	3	33	8	22	28	43	40	11	42	31	7	46	30	22	26	40	34	12	24	2
47	23	11	34	39	35	1	25	14	39	19	2	21	43	25	42	35	8	44	9	1	13	27	12	24	2
47	23	11	34	39	35	1	25	14	39	19	2	21	43	25	42	35	16	36	31	44	1	26	12	24	2
47	23	11	34	39	35	1	25	14	39	19	2	21	43	25	42	35	17	40	38	26	44	6	12	24	2
47	23	11	34	39	35	1	25	14	39	19	2	21	43	25	42	35	19	39	16	23	25	30	12	24	2
47	23	11	34	39	35	1	25	14	39	19	2	21	43	25	42	35	20	41	39	20	41	44	12	24	2
47	23	11	34	39	35	1	25	14	39	19	2	21	43	25	42	35	22	4	16	29	42	5	12	24	2
47	23	11	34	39	35	1	25	14	39	19	2	21	43	25	42	35	23	38	14	29	14	2	12	24	2
47	23	11	34	39	35	1	25	14	39	19	2	21	43	25	42	35	27	17	22	14	28	8	12	24	2
47	23	11	34	39	35	1	25	14	39	19	2	21	43	25	42	35	29	21	22	1	46	23	12	24	2
47	23	11	34	39	35	1	25	14	39	19	2	21	43	25	42	35	34	11	34	12	45	16	12	24	2
47	23	11	34	39	35	1	25	14	39	19	2	21	43	25	42	35	37	40	37	16	32	8	12	24	2
47	23	11	34	39	35	1	25	14	39	19	2	21	43	25	42	35	38	2	41	28	35	31	12	24	2
47	23	11	34	39	35	1	25	14	39	19	2	21	43	25	42	35	38	19	13	20	12	16	12	24	2
47	23	11	34	39	35	1	25	14	39	19	2	21	43	25	42	35	44	37	30	17	23	40	12	24	2
47	23	11	34	39	35	1	25	14	39	19	2	21	43	25	42	35	44	46	27	15	24	7	12	24	2
47	23	11	34	39	35	1	25	14	39	19	2	21	43	25	42	35	46	30	38	16	3	38	12	24	2
47	23	11	34	39	35	2	25	39	14	19	2	21	43	25	42	35	8	44	9	1	13	27	12	24	2
47	23	11	34	39	35	2	25	39	14	19	2	21	43	25	42	35	16	36	31	44	1	26	12	24	2
47	23	11	34	39	35	2	25	39	14	19	2	21	43	25	42	35	17	40	38	26	44	6	12	24	2
47	23	11	34	39	35	2	25	39	14	19	2	21	43	25	42	35	19	39	16	23	25	30	12	24	2
47	23	11	34	39	35	2	25	39	14	19	2	21	43	25	42	35	20	41	39	20	41	44	12	24	2
47	23	11	34	39	35	2	25	39	14	19	2	21	43	25	42	35	22	4	16	29	42	5	12	24	2
47	23	11	34	39	35	2	25	39	14	19	2	21	43	25	42	35	23	38	14	29	14	2	12	24	2
47	23	11	34	39	35	2	25	39	14	19	2	21	43	25	42	35	27	17	22	14	28	8	12	24	2
47	23	11	34	39	35	2	25	39	14	19	2	21	43	25	42	35	29	21	22	1	46	23	12	24	2
47	23	11	34	39	35	2	25	39	14	19	2	21	43	25	42	35	34	11	34	12	45	16	12	24	2
47	23	11	34	39	35	2	25	39	14	19	2	21	43	25	42	35	37	40	37	16	32	8	12	24	2
47	23	11	34	39	35	2	25	39	14	19	2	21	43	25	42	35	38	2	41	28	35	31	12	24	2
47	23	11	34	39	35	2	25	39	14	19	2	21	43	25	42	35	38	19	13	20	12	16	12	24	2
47	23	11	34	39	35	2	25	39	14	19	2	21	43	25	42	35	44	37	30	17	23	40	12	24	2
47	23	11	34	39	35	2	25	39	14	19	2	21	43	25	42	35	44	46	27	15	24	7	12	24	2
47	23	11	34	39	35	2	25	39	14	19	2	21	43	25	42	35	46	30	38	16	3	38	12	24	2
47	23	11	34	39	35	3	14	39	25	19	2	21	43	25	42	35	8	44	9	1	13	27	12	24	2
47	23	11	34	39	35	3	14	39	25	19	2	21	43	25	42	35	16	36	31	44	1	26	12	24	2
47	23	11	34	39	35	3	14	39	25	19	2	21	43	25	42	35	17	40	38	26	44	6	12	24	2
47	23	11	34	39	35	3	14	39	25	19	2	21	43	25	42	35	19	39	16	23	25	30	12	24	2
47	23	11	34	39	35	3	14	39	25	19	2	21	43	25	42	35	20	41	39	20	41	44	12	24	2
47	23	11	34	39	35	3	14	39	25	19	2	21	43	25	42	35	22	4	16	29	42	5	12	24	2
47	23	11	34	39	35	3	14	39	25	19	2	21	43	25	42	35	23	38	14	29	14	2	12	24	2
47	23	11	34	39	35	3	14	39	25	19	2	21	43	25	42	35	27	17	22	14	28	8	12	24	2
47	23	11	34	39	35	3	14	39	25	19	2	21	43	25	42	35	29	21	22	1	46	23	12	24	2
47	23	11	34	39	35	3	14	39	25	19	2	21	43	25	42	35	34	11	34	12	45	16	12	24	2
47	23	11	34	39	35	3	14	39	25	19	2	21	43	25	42	35	37	40	37	16	32	8	12	24	2
47	23	11	34	39	35	3	14	39	25	19	2	21	43	25	42	35	38	2	41	28	35	31	12	24	2
47	23	11	34	39	35	3	14	39	25	19	2	21	43	25	42	35	38	19	13	20	12	16	12	24	2
47	23	11	34	39	35	3	14	39	25	19	2	21	43	25	42	35	44	37	30	17	23	40	12	24	2
47	23	11	34	39	35	3	14	39	25	19	2	21	43	25	42	35	44	46	27	15	24	7	12	24	2
47	23	11	34	39	35	3	14	39	25	19	2	21	43	25	42	35	46	30	38	16	3	38	12	24	2
47	23	34	11	8	12	1	22	8	33	28	43	40	11	42	31	7	1	26	31	1	16	35	12	24	2
47	23	34	11	8	12	1	22	8	33	28	43	40	11	42	31	7	6	43	12	35	39	46	12	24	2
47	23	34	11	8	12	1	22	8	33	28	43	40	11	42	31	7	27	41	33	30	27	11	12	24	2
47	23	34	11	8	12	1	22	8	33	28	43	40	11	42	31	7	29	5	33	34	37	22	12	24	2
47	23	34	11	8	12	1	22	8	33	28	43	40	11	42	31	7	32	10	37	16	9	4	12	24	2
47	23	34	11	8	12	1	22	8	33	28	43	40	11	42	31	7	33	35	0	15	9	28	12	24	2
47	23	34	11	8	12	1	22	8	33	28	43	40	11	42	31	7	39	3	40	34	0	8	12	24	2
47	23	34	11	8	12	1	22	8	33	28	43	40	11	42	31	7	40	21	14	6	14	21	12	24	2
47	23	34	11	8	12	1	22	8	33	28	43	40	11	42	31	7	43	22	22	6	7	29	12	24	2
47	23	34	11	8	12	1	22	8	33	28	43	40	11	42	31	7	46	30	22	26	40	34	12	24	2
47	23	34	11	8	12	2	22	33	8	28	43	40	11	42	31	7	1	26	31	1	16	35	12	24	2
47	23	34	11	8	12	2	22	33	8	28	43	40	11	42	31	7	6	43	12	35	39	46	12	24	2
47	23	34	11	8	12	2	22	33	8	28	43	40	11	42	31	7	27	41	33	30	27	11	12	24	2
47	23	34	11	8	12	2	22	33	8	28	43	40	11	42	31	7	29	5	33	34	37	22	12	24	2
47	23	34	11	8	12	2	22	33	8	28	43	40	11	42	31	7	32	10	37	16	9	4	12	24	2
47	23	34	11	8	12	2	22	33	8	28	43	40	11	42	31	7	33	35	0	15	9	28	12	24	2
47	23	34	11	8	12	2	22	33	8	28	43	40	11	42	31	7	39	3	40	34	0	8	12	24	2
47	23	34	11	8	12	2	22	33	8	28	43	40	11	42	31	7	40	21	14	6	14	21	12	24	2
47	23	34	11	8	12	2	22	33	8	28	43	40	11	42	31	7	43	22	22	6	7	29	12	24	2
47	23	34	11	8	12	2	22	33	8	28	43	40	11	42	31	7	46	30	22	26	40	34	12	24	2
47	23	34	11	8	12	3	8	33	22	28	43	40	11	42	31	7	1	26	31	1	16	35	12	24	2
47	23	34	11	8	12	3	8	33	22	28	43	40	11	42	31	7	6	43	12	35	39	46	12	24	2
47	23	34	11	8	12	3	8	33	22	28	43	40	11	42	31	7	27	41	33	30	27	11	12	24	2
47	23	34	11	8	12	3	8	33	22	28	43	40	11	42	31	7	29	5	33	34	37	22	12	24	2
47	23	34	11	8	12	3	8	33	22	28	43	40	11	42	31	7	32	10	37	16	9	4	12	24	2
47	23	34	11	8	12	3	8	33	22	28	43	40	11	42	31	7	33	35	0	15	9	28	12	24	2
47	23	34	11	8	12	3	8	33	22	28	43	40	11	42	31	7	39	3	40	34	0	8	12	24	2
47	23	34	11	8	12	3	8	33	22	28	43	40	11	42	31	7	40	21	14	6	14	21	12	24	2
47	23	34	11	8	12	3	8	33	22	28	43	40	11	42	31	7	43	22	22	6	7	29	12	24	2
47	23	34	11	8	12	3	8	33	22	28	43	40	11	42	31	7	46	30	22	26	40	34	12	24	2
47	23	34	11	39	35	1	25	39	14	19	2	21	43	25	42	35	8	44	9	1	13	27	12	24	2
47	23	34	11	39	35	1	25	39	14	19	2	21	43	25	42	35	16	36	31	44	1	26	12	24	2
47	23	34	11	39	35	1	25	39	14	19	2	21	43	25	42	35	17	40	38	26	44	6	12	24	2
47	23	34	11	39	35	1	25	39	14	19	2	21	43	25	42	35	19	39	16	23	25	30	12	24	2
47	23	34	11	39	35	1	25	39	14	19	2	21	43	25	42	35	20	41	39	20	41	44	12	24	2
47	23	34	11	39	35	1	25	39	14	19	2	21	43	25	42	35	22	4	16	29	42	5	12	24	2
47	23	34	11	39	35	1	25	39	14	19	2	21	43	25	42	35	23	38	14	29	14	2	12	24	2
47	23	34	11	39	35	1	25	39	14	19	2	21	43	25	42	35	27	17	22	14	28	8	12	24	2
47	23	34	11	39	35	1	25	39	14	19	2	21	43	25	42	35	29	21	22	1	46	23	12	24	2
47	23	34	11	39	35	1	25	39	14	19	2	21	43	25	42	35	34	11	34	12	45	16	12	24	2
47	23	34	11	39	35	1	25	39	14	19	2	21	43	25	42	35	37	40	37	16	32	8	12	24	2
47	23	34	11	39	35	1	25	39	14	19	2	21	43	25	42	35	38	2	41	28	35	31	12	24	2
47	23	34	11	39	35	1	25	39	14	19	2	21	43	25	42	35	38	19	13	20	12	16	12	24	2
47	23	34	11	39	35	1	25	39	14	19	2	21	43	25	42	35	44	37	30	17	23	40	12	24	2
47	23	34	11	39	35	1	25	39	14	19	2	21	43	25	42	35	44	46	27	15	24	7	12	24	2
47	23	34	11	39	35	1	25	39	14	19	2	21	43	25	42	35	46	30	38	16	3	38	12	24	2
47	23	34	11	39	35	2	25	14	39	19	2	21	43	25	42	35	8	44	9	1	13	27	12	24	2
47	23	34	11	39	35	2	25	14	39	19	2	21	43	25	42	35	16	36	31	44	1	26	12	24	2
47	23	34	11	39	35	2	25	14	39	19	2	21	43	25	42	35	17	40	38	26	44	6	12	24	2
47	23	34	11	39	35	2	25	14	39	19	2	21	43	25	42	35	19	39	16	23	25	30	12	24	2
47	23	34	11	39	35	2	25	14	39	19	2	21	43	25	42	35	20	41	39	20	41	44	12	24	2
47	23	34	11	39	35	2	25	14	39	19	2	21	43	25	42	35	22	4	16	29	42	5	12	24	2
47	23	34	11	39	35	2	25	14	39	19	2	21	43	25	42	35	23	38	14	29	14	2	12	24	2
47	23	34	11	39	35	2	25	14	39	19	2	21	43	25	42	35	27	17	22	14	28	8	12	24	2
47	23	34	11	39	35	2	25	14	39	19	2	21	43	25	42	35	29	21	22	1	46	23	12	24	2
47	23	34	11	39	35	2	25	14	39	19	2	21	43	25	42	35	34	11	34	12	45	16	12	24	2
47	23	34	11	39	35	2	25	14	39	19	2	21	43	25	42	35	37	40	37	16	32	8	12	24	2
47	23	34	11	39	35	2	25	14	39	19	2	21	43	25	42	35	38	2	41	28	35	31	12	24	2
47	23	34	11	39	35	2	25	14	39	19	2	21	43	25	42	35	38	19	13	20	12	16	12	24	2
47	23	34	11	39	35	2	25	14	39	19	2	21	43	25	42	35	44	37	30	17	23	40	12	24	2
47	23	34	11	39	35	2	25	14	39	19	2	21	43	25	42	35	44	46	27	15	24	7	12	24	2
47	23	34	11	39	35	2	25	14	39	19	2	21	43	25	42	35	46	30	38	16	3	38	12	24	2
47	23	34	11	39	35	3	39	14	25	19	2	21	43	25	42	35	8	44	9	1	13	27	12	24	2
47	23	34	11	39	35	3	39	14	25	19	2	21	43	25	42	35	16	36	31	44	1	26	12	24	2
47	23	34	11	39	35	3	39	14	25	19	2	21	43	25	42	35	17	40	38	26	44	6	12	24	2
47	23	34	11	39	35	3	39	14	25	19	2	21	43	25	42	35	19	39	16	23	25	30	12	24	2
47	23	34	11	39	35	3	39	14	25	19	2	21	43	25	42	35	20	41	39	20	41	44	12	24	2
47	23	34	11	39	35	3	39	14	25	19	2	21	43	25	42	35	22	4	16	29	42	5	12	24	2
47	23	34	11	39	35	3	39	14	25	19	2	21	43	25	42	35	23	38	14	29	14	2	12	24	2
47	23	34	11	39	35	3	39	14	25	19	2	21	43	25	42	35	27	17	22	14	28	8	12	24	2
47	23	34	11	39	35	3	39	14	25	19	2	21	43	25	42	35	29	21	22	1	46	23	12	24	2
47	23	34	11	39	35	3	39	14	25	19	2	21	43	25	42	35	34	11	34	12	45	16	12	24	2
47	23	34	11	39	35	3	39	14	25	19	2	21	43	25	42	35	37	40	37	16	32	8	12	24	2
47	23	34	11	39	35	3	39	14	25	19	2	21	43	25	42	35	38	2	41	28	35	31	12	24	2
47	23	34	11	39	35	3	39	14	25	19	2	21	43	25	42	35	38	19	13	20	12	16	12	24	2
47	23	34	11	39	35	3	39	14	25	19	2	21	43	25	42	35	44	37	30	17	23	40	12	24	2
47	23	34	11	39	35	3	39	14	25	19	2	21	43	25	42	35	44	46	27	15	24	7	12	24	2
47	23	34	11	39	35	3	39	14	25	19	2	21	43	25	42	35	46	30	38	16	3	38	12	24	2
47	24	15	44	14	6	1	21	19	15	18	2	18	24	21	46	3	1	25	13	33	22	2	12	24	2
47	24	15	44	14	6	1	21	19	15	18	2	18	24	21	46	3	2	8	10	45	29	39	12	24	2
47	24	15	44	14	6	1	21	19	15	18	2	18	24	21	46	3	2	11	35	25	18	8	12	24	2
47	24	15	44	14	6	1	21	19	15	18	2	18	24	21	46	3	3	46	9	29	22	25	12	24	2
47	24	15	44	14	6	1	21	19	15	18	2	18	24	21	46	3	4	12	37	32	16	16	12	24	2
47	24	15	44	14	6	1	21	19	15	18	2	18	24	21	46	3	6	14	45	31	43	38	12	24	2
47	24	15	44	14	6	1	21	19	15	18	2	18	24	21	46	3	8	4	18	15	41	35	12	24	2
47	24	15	44	14	6	1	21	19	15	18	2	18	24	21	46	3	13	24	29	24	14	13	12	24	2
47	24	15	44	14	6	1	21	19	15	18	2	18	24	21	46	3	16	14	26	6	38	18	12	24	2
47	24	15	44	14	6	1	21	19	15	18	2	18	24	21	46	3	21	17	7	9	32	45	12	24	2
47	24	15	44	14	6	1	21	19	15	18	2	18	24	21	46	3	23	28	1	26	1	26	12	24	2
47	24	15	44	14	6	1	21	19	15	18	2	18	24	21	46	3	30	1	33	7	33	20	12	24	2
47	24	15	44	14	6	1	21	19	15	18	2	18	24	21	46	3	31	26	0	6	40	29	12	24	2
47	24	15	44	14	6	1	21	19	15	18	2	18	24	21	46	3	35	28	33	5	14	42	12	24	2
47	24	15	44	14	6	1	21	19	15	18	2	18	24	21	46	3	36	16	22	40	28	32	12	24	2
47	24	15	44	14	6	1	21	19	15	18	2	18	24	21	46	3	46	32	3	4	35	27	12	24	2
47	24	15	44	14	6	2	21	15	19	18	2	18	24	21	46	3	1	25	13	33	22	2	12	24	2
47	24	15	44	14	6	2	21	15	19	18	2	18	24	21	46	3	2	8	10	45	29	39	12	24	2
47	24	15	44	14	6	2	21	15	19	18	2	18	24	21	46	3	2	11	35	25	18	8	12	24	2
47	24	15	44	14	6	2	21	15	19	18	2	18	24	21	46	3	3	46	9	29	22	25	12	24	2
47	24	15	44	14	6	2	21	15	19	18	2	18	24	21	46	3	4	12	37	32	16	16	12	24	2
47	24	15	44	14	6	2	21	15	19	18	2	18	24	21	46	3	6	14	45	31	43	38	12	24	2
47	24	15	44	14	6	2	21	15	19	18	2	18	24	21	46	3	8	4	18	15	41	35	12	24	2
47	24	15	44	14	6	2	21	15	19	18	2	18	24	21	46	3	13	24	29	24	14	13	12	24	2
47	24	15	44	14	6	2	21	15	19	18	2	18	24	21	46	3	16	14	26	6	38	18	12	24	2
47	24	15	44	14	6	2	21	15	19	18	2	18	24	21	46	3	21	17	7	9	32	45	12	24	2
47	24	15	44	14	6	2	21	15	19	18	2	18	24	21	46	3	23	28	1	26	1	26	12	24	2
47	24	15	44	14	6	2	21	15	19	18	2	18	24	21	46	3	30	1	33	7	33	20	12	24	2
47	24	15	44	14	6	2	21	15	19	18	2	18	24	21	46	3	31	26	0	6	40	29	12	24	2
47	24	15	44	14	6	2	21	15	19	18	2	18	24	21	46	3	35	28	33	5	14	42	12	24	2
47	24	15	44	14	6	2	21	15	19	18	2	18	24	21	46	3	36	16	22	40	28	32	12	24	2
47	24	15	44	14	6	2	21	15	19	18	2	18	24	21	46	3	46	32	3	4	35	27	12	24	2
47	24	15	44	14	6	3	19	15	21	18	2	18	24	21	46	3	1	25	13	33	22	2	12	24	2
47	24	15	44	14	6	3	19	15	21	18	2	18	24	21	46	3	2	8	10	45	29	39	12	24	2
47	24	15	44	14	6	3	19	15	21	18	2	18	24	21	46	3	2	11	35	25	18	8	12	24	2
47	24	15	44	14	6	3	19	15	21	18	2	18	24	21	46	3	3	46	9	29	22	25	12	24	2
47	24	15	44	14	6	3	19	15	21	18	2	18	24	21	46	3	4	12	37	32	16	16	12	24	2
47	24	15	44	14	6	3	19	15	21	18	2	18	24	21	46	3	6	14	45	31	43	38	12	24	2
47	24	15	44	14	6	3	19	15	21	18	2	18	24	21	46	3	8	4	18	15	41	35	12	24	2
47	24	15	44	14	6	3	19	15	21	18	2	18	24	21	46	3	13	24	29	24	14	13	12	24	2
47	24	15	44	14	6	3	19	15	21	18	2	18	24	21	46	3	16	14	26	6	38	18	12	24	2
47	24	15	44	14	6	3	19	15	21	18	2	18	24	21	46	3	21	17	7	9	32	45	12	24	2
47	24	15	44	14	6	3	19	15	21	18	2	18	24	21	46	3	23	28	1	26	1	26	12	24	2
47	24	15	44	14	6	3	19	15	21	18	2	18	24	21	46	3	30	1	33	7	33	20	12	24	2
47	24	15	44	14	6	3	19	15	21	18	2	18	24	21	46	3	31	26	0	6	40	29	12	24	2
47	24	15	44	14	6	3	19	15	21	18	2	18	24	21	46	3	35	28	33	5	14	42	12	24	2
47	24	15	44	14	6	3	19	15	21	18	2	18	24	21	46	3	36	16	22	40	28	32	12	24	2
47	24	15	44	14	6	3	19	15	21	18	2	18	24	21	46	3	46	32	3	4	35	27	12	24	2
47	24	15	44	33	41	1	26	28	32	29	45	19	34	42	13	41	1	3	43	38	46	28	12	24	2
47	24	15	44	33	41	1	26	28	32	29	45	19	34	42	13	41	9	13	46	19	44	5	12	24	2
47	24	15	44	33	41	1	26	28	32	29	45	19	34	42	13	41	17	6	8	25	23	3	12	24	2
47	24	15	44	33	41	1	26	28	32	29	45	19	34	42	13	41	20	17	38	9	21	41	12	24	2
47	24	15	44	33	41	1	26	28	32	29	45	19	34	42	13	41	24	6	27	43	40	45	12	24	2
47	24	15	44	33	41	1	26	28	32	29	45	19	34	42	13	41	25	25	23	24	41	46	12	24	2
47	24	15	44	33	41	1	26	28	32	29	45	19	34	42	13	41	28	3	13	2	9	28	12	24	2
47	24	15	44	33	41	1	26	28	32	29	45	19	34	42	13	41	29	41	19	33	44	33	12	24	2
47	24	15	44	33	41	1	26	28	32	29	45	19	34	42	13	41	30	16	15	31	7	16	12	24	2
47	24	15	44	33	41	1	26	28	32	29	45	19	34	42	13	41	31	12	0	36	4	43	12	24	2
47	24	15	44	33	41	1	26	28	32	29	45	19	34	42	13	41	33	4	7	4	21	34	12	24	2
47	24	15	44	33	41	1	26	28	32	29	45	19	34	42	13	41	34	38	22	39	39	12	12	24	2
47	24	15	44	33	41	1	26	28	32	29	45	19	34	42	13	41	37	37	14	18	24	30	12	24	2
47	24	15	44	33	41	1	26	28	32	29	45	19	34	42	13	41	41	7	23	13	23	26	12	24	2
47	24	15	44	33	41	1	26	28	32	29	45	19	34	42	13	41	41	43	17	1	24	21	12	24	2
47	24	15	44	33	41	1	26	28	32	29	45	19	34	42	13	41	43	30	8	10	7	27	12	24	2
47	24	15	44	33	41	2	26	32	28	29	45	19	34	42	13	41	1	3	43	38	46	28	12	24	2
47	24	15	44	33	41	2	26	32	28	29	45	19	34	42	13	41	9	13	46	19	44	5	12	24	2
47	24	15	44	33	41	2	26	32	28	29	45	19	34	42	13	41	17	6	8	25	23	3	12	24	2
47	24	15	44	33	41	2	26	32	28	29	45	19	34	42	13	41	20	17	38	9	21	41	12	24	2
47	24	15	44	33	41	2	26	32	28	29	45	19	34	42	13	41	24	6	27	43	40	45	12	24	2
47	24	15	44	33	41	2	26	32	28	29	45	19	34	42	13	41	25	25	23	24	41	46	12	24	2
47	24	15	44	33	41	2	26	32	28	29	45	19	34	42	13	41	28	3	13	2	9	28	12	24	2
47	24	15	44	33	41	2	26	32	28	29	45	19	34	42	13	41	29	41	19	33	44	33	12	24	2
47	24	15	44	33	41	2	26	32	28	29	45	19	34	42	13	41	30	16	15	31	7	16	12	24	2
47	24	15	44	33	41	2	26	32	28	29	45	19	34	42	13	41	31	12	0	36	4	43	12	24	2
47	24	15	44	33	41	2	26	32	28	29	45	19	34	42	13	41	33	4	7	4	21	34	12	24	2
47	24	15	44	33	41	2	26	32	28	29	45	19	34	42	13	41	34	38	22	39	39	12	12	24	2
47	24	15	44	33	41	2	26	32	28	29	45	19	34	42	13	41	37	37	14	18	24	30	12	24	2
47	24	15	44	33	41	2	26	32	28	29	45	19	34	42	13	41	41	7	23	13	23	26	12	24	2
47	24	15	44	33	41	2	26	32	28	29	45	19	34	42	13	41	41	43	17	1	24	21	12	24	2
47	24	15	44	33	41	2	26	32	28	29	45	19	34	42	13	41	43	30	8	10	7	27	12	24	2
47	24	15	44	33	41	3	28	32	26	29	45	19	34	42	13	41	1	3	43	38	46	28	12	24	2
47	24	15	44	33	41	3	28	32	26	29	45	19	34	42	13	41	9	13	46	19	44	5	12	24	2
47	24	15	44	33	41	3	28	32	26	29	45	19	34	42	13	41	17	6	8	25	23	3	12	24	2
47	24	15	44	33	41	3	28	32	26	29	45	19	34	42	13	41	20	17	38	9	21	41	12	24	2
47	24	15	44	33	41	3	28	32	26	29	45	19	34	42	13	41	24	6	27	43	40	45	12	24	2
47	24	15	44	33	41	3	28	32	26	29	45	19	34	42	13	41	25	25	23	24	41	46	12	24	2
47	24	15	44	33	41	3	28	32	26	29	45	19	34	42	13	41	28	3	13	2	9	28	12	24	2
47	24	15	44	33	41	3	28	32	26	29	45	19	34	42	13	41	29	41	19	33	44	33	12	24	2
47	24	15	44	33	41	3	28	32	26	29	45	19	34	42	13	41	30	16	15	31	7	16	12	24	2
47	24	15	44	33	41	3	28	32	26	29	45	19	34	42	13	41	31	12	0	36	4	43	12	24	2
47	24	15	44	33	41	3	28	32	26	29	45	19	34	42	13	41	33	4	7	4	21	34	12	24	2
47	24	15	44	33	41	3	28	32	26	29	45	19	34	42	13	41	34	38	22	39	39	12	12	24	2
47	24	15	44	33	41	3	28	32	26	29	45	19	34	42	13	41	37	37	14	18	24	30	12	24	2
47	24	15	44	33	41	3	28	32	26	29	45	19	34	42	13	41	41	7	23	13	23	26	12	24	2
47	24	15	44	33	41	3	28	32	26	29	45	19	34	42	13	41	41	43	17	1	24	21	12	24	2
47	24	15	44	33	41	3	28	32	26	29	45	19	34	42	13	41	43	30	8	10	7	27	12	24	2
47	24	34	36	8	12	1	25	8	14	28	36	30	1	27	31	22	10	32	42	21	28	12	12	24	2
47	24	34	36	8	12	1	25	8	14	28	36	30	1	27	31	22	11	16	7	29	1	23	12	24	2
47	24	34	36	8	12	1	25	8	14	28	36	30	1	27	31	22	19	6	18	11	16	42	12	24	2
47	24	34	36	8	12	1	25	8	14	28	36	30	1	27	31	22	19	16	21	3	31	5	12	24	2
47	24	34	36	8	12	1	25	8	14	28	36	30	1	27	31	22	20	9	7	2	46	30	12	24	2
47	24	34	36	8	12	1	25	8	14	28	36	30	1	27	31	22	20	10	0	15	1	17	12	24	2
47	24	34	36	8	12	1	25	8	14	28	36	30	1	27	31	22	26	44	34	3	13	14	12	24	2
47	24	34	36	8	12	1	25	8	14	28	36	30	1	27	31	22	29	0	10	21	5	43	12	24	2
47	24	34	36	8	12	1	25	8	14	28	36	30	1	27	31	22	31	39	20	23	39	46	12	24	2
47	24	34	36	8	12	1	25	8	14	28	36	30	1	27	31	22	33	10	27	8	30	21	12	24	2
47	24	34	36	8	12	1	25	8	14	28	36	30	1	27	31	22	35	25	10	20	42	36	12	24	2
47	24	34	36	8	12	1	25	8	14	28	36	30	1	27	31	22	39	26	38	11	40	45	12	24	2
47	24	34	36	8	12	1	25	8	14	28	36	30	1	27	31	22	40	2	5	10	1	36	12	24	2
47	24	34	36	8	12	1	25	8	14	28	36	30	1	27	31	22	45	7	38	16	7	4	12	24	2
47	24	34	36	8	12	1	25	8	14	28	36	30	1	27	31	22	45	45	19	10	40	43	12	24	2
47	24	34	36	8	12	1	25	8	14	28	36	30	1	27	31	22	46	17	30	1	42	35	12	24	2
47	24	34	36	8	12	2	25	14	8	28	36	30	1	27	31	22	10	32	42	21	28	12	12	24	2
47	24	34	36	8	12	2	25	14	8	28	36	30	1	27	31	22	11	16	7	29	1	23	12	24	2
47	24	34	36	8	12	2	25	14	8	28	36	30	1	27	31	22	19	6	18	11	16	42	12	24	2
47	24	34	36	8	12	2	25	14	8	28	36	30	1	27	31	22	19	16	21	3	31	5	12	24	2
47	24	34	36	8	12	2	25	14	8	28	36	30	1	27	31	22	20	9	7	2	46	30	12	24	2
47	24	34	36	8	12	2	25	14	8	28	36	30	1	27	31	22	20	10	0	15	1	17	12	24	2
47	24	34	36	8	12	2	25	14	8	28	36	30	1	27	31	22	26	44	34	3	13	14	12	24	2
47	24	34	36	8	12	2	25	14	8	28	36	30	1	27	31	22	29	0	10	21	5	43	12	24	2
47	24	34	36	8	12	2	25	14	8	28	36	30	1	27	31	22	31	39	20	23	39	46	12	24	2
47	24	34	36	8	12	2	25	14	8	28	36	30	1	27	31	22	33	10	27	8	30	21	12	24	2
47	24	34	36	8	12	2	25	14	8	28	36	30	1	27	31	22	35	25	10	20	42	36	12	24	2
47	24	34	36	8	12	2	25	14	8	28	36	30	1	27	31	22	39	26	38	11	40	45	12	24	2
47	24	34	36	8	12	2	25	14	8	28	36	30	1	27	31	22	40	2	5	10	1	36	12	24	2
47	24	34	36	8	12	2	25	14	8	28	36	30	1	27	31	22	45	7	38	16	7	4	12	24	2
47	24	34	36	8	12	2	25	14	8	28	36	30	1	27	31	22	45	45	19	10	40	43	12	24	2
47	24	34	36	8	12	2	25	14	8	28	36	30	1	27	31	22	46	17	30	1	42	35	12	24	2
47	24	34	36	8	12	3	8	14	25	28	36	30	1	27	31	22	10	32	42	21	28	12	12	24	2
47	24	34	36	8	12	3	8	14	25	28	36	30	1	27	31	22	11	16	7	29	1	23	12	24	2
47	24	34	36	8	12	3	8	14	25	28	36	30	1	27	31	22	19	6	18	11	16	42	12	24	2
47	24	34	36	8	12	3	8	14	25	28	36	30	1	27	31	22	19	16	21	3	31	5	12	24	2
47	24	34	36	8	12	3	8	14	25	28	36	30	1	27	31	22	20	9	7	2	46	30	12	24	2
47	24	34	36	8	12	3	8	14	25	28	36	30	1	27	31	22	20	10	0	15	1	17	12	24	2
47	24	34	36	8	12	3	8	14	25	28	36	30	1	27	31	22	26	44	34	3	13	14	12	24	2
47	24	34	36	8	12	3	8	14	25	28	36	30	1	27	31	22	29	0	10	21	5	43	12	24	2
47	24	34	36	8	12	3	8	14	25	28	36	30	1	27	31	22	31	39	20	23	39	46	12	24	2
47	24	34	36	8	12	3	8	14	25	28	36	30	1	27	31	22	33	10	27	8	30	21	12	24	2
47	24	34	36	8	12	3	8	14	25	28	36	30	1	27	31	22	35	25	10	20	42	36	12	24	2
47	24	34	36	8	12	3	8	14	25	28	36	30	1	27	31	22	39	26	38	11	40	45	12	24	2
47	24	34	36	8	12	3	8	14	25	28	36	30	1	27	31	22	40	2	5	10	1	36	12	24	2
47	24	34	36	8	12	3	8	14	25	28	36	30	1	27	31	22	45	7	38	16	7	4	12	24	2
47	24	34	36	8	12	3	8	14	25	28	36	30	1	27	31	22	45	45	19	10	40	43	12	24	2
47	24	34	36	8	12	3	8	14	25	28	36	30	1	27	31	22	46	17	30	1	42	35	12	24	2
47	24	34	36	39	35	1	22	39	33	19	25	31	42	18	0	1	2	0	15	28	31	7	12	24	2
47	24	34	36	39	35	1	22	39	33	19	25	31	42	18	0	1	3	2	19	17	40	42	12	24	2
47	24	34	36	39	35	1	22	39	33	19	25	31	42	18	0	1	14	40	41	30	44	6	12	24	2
47	24	34	36	39	35	1	22	39	33	19	25	31	42	18	0	1	19	36	24	18	40	45	12	24	2
47	24	34	36	39	35	1	22	39	33	19	25	31	42	18	0	1	22	5	7	29	5	12	12	24	2
47	24	34	36	39	35	1	22	39	33	19	25	31	42	18	0	1	25	25	27	20	24	29	12	24	2
47	24	34	36	39	35	1	22	39	33	19	25	31	42	18	0	1	26	43	40	30	3	7	12	24	2
47	24	34	36	39	35	1	22	39	33	19	25	31	42	18	0	1	32	38	24	35	7	31	12	24	2
47	24	34	36	39	35	1	22	39	33	19	25	31	42	18	0	1	42	41	25	14	18	8	12	24	2
47	24	34	36	39	35	1	22	39	33	19	25	31	42	18	0	1	46	46	45	35	21	40	12	24	2
47	24	34	36	39	35	2	22	33	39	19	25	31	42	18	0	1	2	0	15	28	31	7	12	24	2
47	24	34	36	39	35	2	22	33	39	19	25	31	42	18	0	1	3	2	19	17	40	42	12	24	2
47	24	34	36	39	35	2	22	33	39	19	25	31	42	18	0	1	14	40	41	30	44	6	12	24	2
47	24	34	36	39	35	2	22	33	39	19	25	31	42	18	0	1	19	36	24	18	40	45	12	24	2
47	24	34	36	39	35	2	22	33	39	19	25	31	42	18	0	1	22	5	7	29	5	12	12	24	2
47	24	34	36	39	35	2	22	33	39	19	25	31	42	18	0	1	25	25	27	20	24	29	12	24	2
47	24	34	36	39	35	2	22	33	39	19	25	31	42	18	0	1	26	43	40	30	3	7	12	24	2
47	24	34	36	39	35	2	22	33	39	19	25	31	42	18	0	1	32	38	24	35	7	31	12	24	2
47	24	34	36	39	35	2	22	33	39	19	25	31	42	18	0	1	42	41	25	14	18	8	12	24	2
47	24	34	36	39	35	2	22	33	39	19	25	31	42	18	0	1	46	46	45	35	21	40	12	24	2
47	24	34	36	39	35	3	39	33	22	19	25	31	42	18	0	1	2	0	15	28	31	7	12	24	2
47	24	34	36	39	35	3	39	33	22	19	25	31	42	18	0	1	3	2	19	17	40	42	12	24	2
47	24	34	36	39	35	3	39	33	22	19	25	31	42	18	0	1	14	40	41	30	44	6	12	24	2
47	24	34	36	39	35	3	39	33	22	19	25	31	42	18	0	1	19	36	24	18	40	45	12	24	2
47	24	34	36	39	35	3	39	33	22	19	25	31	42	18	0	1	22	5	7	29	5	12	12	24	2
47	24	34	36	39	35	3	39	33	22	19	25	31	42	18	0	1	25	25	27	20	24	29	12	24	2
47	24	34	36	39	35	3	39	33	22	19	25	31	42	18	0	1	26	43	40	30	3	7	12	24	2
47	24	34	36	39	35	3	39	33	22	19	25	31	42	18	0	1	32	38	24	35	7	31	12	24	2
47	24	34	36	39	35	3	39	33	22	19	25	31	42	18	0	1	42	41	25	14	18	8	12	24	2
47	24	34	36	39	35	3	39	33	22	19	25	31	42	18	0	1	46	46	45	35	21	40	12	24	2
47	24	36	34	8	12	1	25	14	8	28	36	30	1	27	31	22	10	32	42	21	28	12	12	24	2
47	24	36	34	8	12	1	25	14	8	28	36	30	1	27	31	22	11	16	7	29	1	23	12	24	2
47	24	36	34	8	12	1	25	14	8	28	36	30	1	27	31	22	19	6	18	11	16	42	12	24	2
47	24	36	34	8	12	1	25	14	8	28	36	30	1	27	31	22	19	16	21	3	31	5	12	24	2
47	24	36	34	8	12	1	25	14	8	28	36	30	1	27	31	22	20	9	7	2	46	30	12	24	2
47	24	36	34	8	12	1	25	14	8	28	36	30	1	27	31	22	20	10	0	15	1	17	12	24	2
47	24	36	34	8	12	1	25	14	8	28	36	30	1	27	31	22	26	44	34	3	13	14	12	24	2
47	24	36	34	8	12	1	25	14	8	28	36	30	1	27	31	22	29	0	10	21	5	43	12	24	2
47	24	36	34	8	12	1	25	14	8	28	36	30	1	27	31	22	31	39	20	23	39	46	12	24	2
47	24	36	34	8	12	1	25	14	8	28	36	30	1	27	31	22	33	10	27	8	30	21	12	24	2
47	24	36	34	8	12	1	25	14	8	28	36	30	1	27	31	22	35	25	10	20	42	36	12	24	2
47	24	36	34	8	12	1	25	14	8	28	36	30	1	27	31	22	39	26	38	11	40	45	12	24	2
47	24	36	34	8	12	1	25	14	8	28	36	30	1	27	31	22	40	2	5	10	1	36	12	24	2
47	24	36	34	8	12	1	25	14	8	28	36	30	1	27	31	22	45	7	38	16	7	4	12	24	2
47	24	36	34	8	12	1	25	14	8	28	36	30	1	27	31	22	45	45	19	10	40	43	12	24	2
47	24	36	34	8	12	1	25	14	8	28	36	30	1	27	31	22	46	17	30	1	42	35	12	24	2
47	24	36	34	8	12	2	25	8	14	28	36	30	1	27	31	22	10	32	42	21	28	12	12	24	2
47	24	36	34	8	12	2	25	8	14	28	36	30	1	27	31	22	11	16	7	29	1	23	12	24	2
47	24	36	34	8	12	2	25	8	14	28	36	30	1	27	31	22	19	6	18	11	16	42	12	24	2
47	24	36	34	8	12	2	25	8	14	28	36	30	1	27	31	22	19	16	21	3	31	5	12	24	2
47	24	36	34	8	12	2	25	8	14	28	36	30	1	27	31	22	20	9	7	2	46	30	12	24	2
47	24	36	34	8	12	2	25	8	14	28	36	30	1	27	31	22	20	10	0	15	1	17	12	24	2
47	24	36	34	8	12	2	25	8	14	28	36	30	1	27	31	22	26	44	34	3	13	14	12	24	2
47	24	36	34	8	12	2	25	8	14	28	36	30	1	27	31	22	29	0	10	21	5	43	12	24	2
47	24	36	34	8	12	2	25	8	14	28	36	30	1	27	31	22	31	39	20	23	39	46	12	24	2
47	24	36	34	8	12	2	25	8	14	28	36	30	1	27	31	22	33	10	27	8	30	21	12	24	2
47	24	36	34	8	12	2	25	8	14	28	36	30	1	27	31	22	35	25	10	20	42	36	12	24	2
47	24	36	34	8	12	2	25	8	14	28	36	30	1	27	31	22	39	26	38	11	40	45	12	24	2
47	24	36	34	8	12	2	25	8	14	28	36	30	1	27	31	22	40	2	5	10	1	36	12	24	2
47	24	36	34	8	12	2	25	8	14	28	36	30	1	27	31	22	45	7	38	16	7	4	12	24	2
47	24	36	34	8	12	2	25	8	14	28	36	30	1	27	31	22	45	45	19	10	40	43	12	24	2
47	24	36	34	8	12	2	25	8	14	28	36	30	1	27	31	22	46	17	30	1	42	35	12	24	2
47	24	36	34	8	12	3	14	8	25	28	36	30	1	27	31	22	10	32	42	21	28	12	12	24	2
47	24	36	34	8	12	3	14	8	25	28	36	30	1	27	31	22	11	16	7	29	1	23	12	24	2
47	24	36	34	8	12	3	14	8	25	28	36	30	1	27	31	22	19	6	18	11	16	42	12	24	2
47	24	36	34	8	12	3	14	8	25	28	36	30	1	27	31	22	19	16	21	3	31	5	12	24	2
47	24	36	34	8	12	3	14	8	25	28	36	30	1	27	31	22	20	9	7	2	46	30	12	24	2
47	24	36	34	8	12	3	14	8	25	28	36	30	1	27	31	22	20	10	0	15	1	17	12	24	2
47	24	36	34	8	12	3	14	8	25	28	36	30	1	27	31	22	26	44	34	3	13	14	12	24	2
47	24	36	34	8	12	3	14	8	25	28	36	30	1	27	31	22	29	0	10	21	5	43	12	24	2
47	24	36	34	8	12	3	14	8	25	28	36	30	1	27	31	22	31	39	20	23	39	46	12	24	2
47	24	36	34	8	12	3	14	8	25	28	36	30	1	27	31	22	33	10	27	8	30	21	12	24	2
47	24	36	34	8	12	3	14	8	25	28	36	30	1	27	31	22	35	25	10	20	42	36	12	24	2
47	24	36	34	8	12	3	14	8	25	28	36	30	1	27	31	22	39	26	38	11	40	45	12	24	2
47	24	36	34	8	12	3	14	8	25	28	36	30	1	27	31	22	40	2	5	10	1	36	12	24	2
47	24	36	34	8	12	3	14	8	25	28	36	30	1	27	31	22	45	7	38	16	7	4	12	24	2
47	24	36	34	8	12	3	14	8	25	28	36	30	1	27	31	22	45	45	19	10	40	43	12	24	2
47	24	36	34	8	12	3	14	8	25	28	36	30	1	27	31	22	46	17	30	1	42	35	12	24	2
47	24	36	34	39	35	1	22	33	39	19	25	31	42	18	0	1	2	0	15	28	31	7	12	24	2
47	24	36	34	39	35	1	22	33	39	19	25	31	42	18	0	1	3	2	19	17	40	42	12	24	2
47	24	36	34	39	35	1	22	33	39	19	25	31	42	18	0	1	14	40	41	30	44	6	12	24	2
47	24	36	34	39	35	1	22	33	39	19	25	31	42	18	0	1	19	36	24	18	40	45	12	24	2
47	24	36	34	39	35	1	22	33	39	19	25	31	42	18	0	1	22	5	7	29	5	12	12	24	2
47	24	36	34	39	35	1	22	33	39	19	25	31	42	18	0	1	25	25	27	20	24	29	12	24	2
47	24	36	34	39	35	1	22	33	39	19	25	31	42	18	0	1	26	43	40	30	3	7	12	24	2
47	24	36	34	39	35	1	22	33	39	19	25	31	42	18	0	1	32	38	24	35	7	31	12	24	2
47	24	36	34	39	35	1	22	33	39	19	25	31	42	18	0	1	42	41	25	14	18	8	12	24	2
47	24	36	34	39	35	1	22	33	39	19	25	31	42	18	0	1	46	46	45	35	21	40	12	24	2
47	24	36	34	39	35	2	22	39	33	19	25	31	42	18	0	1	2	0	15	28	31	7	12	24	2
47	24	36	34	39	35	2	22	39	33	19	25	31	42	18	0	1	3	2	19	17	40	42	12	24	2
47	24	36	34	39	35	2	22	39	33	19	25	31	42	18	0	1	14	40	41	30	44	6	12	24	2
47	24	36	34	39	35	2	22	39	33	19	25	31	42	18	0	1	19	36	24	18	40	45	12	24	2
47	24	36	34	39	35	2	22	39	33	19	25	31	42	18	0	1	22	5	7	29	5	12	12	24	2
47	24	36	34	39	35	2	22	39	33	19	25	31	42	18	0	1	25	25	27	20	24	29	12	24	2
47	24	36	34	39	35	2	22	39	33	19	25	31	42	18	0	1	26	43	40	30	3	7	12	24	2
47	24	36	34	39	35	2	22	39	33	19	25	31	42	18	0	1	32	38	24	35	7	31	12	24	2
47	24	36	34	39	35	2	22	39	33	19	25	31	42	18	0	1	42	41	25	14	18	8	12	24	2
47	24	36	34	39	35	2	22	39	33	19	25	31	42	18	0	1	46	46	45	35	21	40	12	24	2
47	24	36	34	39	35	3	33	39	22	19	25	31	42	18	0	1	2	0	15	28	31	7	12	24	2
47	24	36	34	39	35	3	33	39	22	19	25	31	42	18	0	1	3	2	19	17	40	42	12	24	2
47	24	36	34	39	35	3	33	39	22	19	25	31	42	18	0	1	14	40	41	30	44	6	12	24	2
47	24	36	34	39	35	3	33	39	22	19	25	31	42	18	0	1	19	36	24	18	40	45	12	24	2
47	24	36	34	39	35	3	33	39	22	19	25	31	42	18	0	1	22	5	7	29	5	12	12	24	2
47	24	36	34	39	35	3	33	39	22	19	25	31	42	18	0	1	25	25	27	20	24	29	12	24	2
47	24	36	34	39	35	3	33	39	22	19	25	31	42	18	0	1	26	43	40	30	3	7	12	24	2
47	24	36	34	39	35	3	33	39	22	19	25	31	42	18	0	1	32	38	24	35	7	31	12	24	2
47	24	36	34	39	35	3	33	39	22	19	25	31	42	18	0	1	42	41	25	14	18	8	12	24	2
47	24	36	34	39	35	3	33	39	22	19	25	31	42	18	0	1	46	46	45	35	21	40	12	24	2
47	24	44	15	14	6	1	21	15	19	18	2	18	24	21	46	3	1	25	13	33	22	2	12	24	2
47	24	44	15	14	6	1	21	15	19	18	2	18	24	21	46	3	2	8	10	45	29	39	12	24	2
47	24	44	15	14	6	1	21	15	19	18	2	18	24	21	46	3	2	11	35	25	18	8	12	24	2
47	24	44	15	14	6	1	21	15	19	18	2	18	24	21	46	3	3	46	9	29	22	25	12	24	2
47	24	44	15	14	6	1	21	15	19	18	2	18	24	21	46	3	4	12	37	32	16	16	12	24	2
47	24	44	15	14	6	1	21	15	19	18	2	18	24	21	46	3	6	14	45	31	43	38	12	24	2
47	24	44	15	14	6	1	21	15	19	18	2	18	24	21	46	3	8	4	18	15	41	35	12	24	2
47	24	44	15	14	6	1	21	15	19	18	2	18	24	21	46	3	13	24	29	24	14	13	12	24	2
47	24	44	15	14	6	1	21	15	19	18	2	18	24	21	46	3	16	14	26	6	38	18	12	24	2
47	24	44	15	14	6	1	21	15	19	18	2	18	24	21	46	3	21	17	7	9	32	45	12	24	2
47	24	44	15	14	6	1	21	15	19	18	2	18	24	21	46	3	23	28	1	26	1	26	12	24	2
47	24	44	15	14	6	1	21	15	19	18	2	18	24	21	46	3	30	1	33	7	33	20	12	24	2
47	24	44	15	14	6	1	21	15	19	18	2	18	24	21	46	3	31	26	0	6	40	29	12	24	2
47	24	44	15	14	6	1	21	15	19	18	2	18	24	21	46	3	35	28	33	5	14	42	12	24	2
47	24	44	15	14	6	1	21	15	19	18	2	18	24	21	46	3	36	16	22	40	28	32	12	24	2
47	24	44	15	14	6	1	21	15	19	18	2	18	24	21	46	3	46	32	3	4	35	27	12	24	2
47	24	44	15	14	6	2	21	19	15	18	2	18	24	21	46	3	1	25	13	33	22	2	12	24	2
47	24	44	15	14	6	2	21	19	15	18	2	18	24	21	46	3	2	8	10	45	29	39	12	24	2
47	24	44	15	14	6	2	21	19	15	18	2	18	24	21	46	3	2	11	35	25	18	8	12	24	2
47	24	44	15	14	6	2	21	19	15	18	2	18	24	21	46	3	3	46	9	29	22	25	12	24	2
47	24	44	15	14	6	2	21	19	15	18	2	18	24	21	46	3	4	12	37	32	16	16	12	24	2
47	24	44	15	14	6	2	21	19	15	18	2	18	24	21	46	3	6	14	45	31	43	38	12	24	2
47	24	44	15	14	6	2	21	19	15	18	2	18	24	21	46	3	8	4	18	15	41	35	12	24	2
47	24	44	15	14	6	2	21	19	15	18	2	18	24	21	46	3	13	24	29	24	14	13	12	24	2
47	24	44	15	14	6	2	21	19	15	18	2	18	24	21	46	3	16	14	26	6	38	18	12	24	2
47	24	44	15	14	6	2	21	19	15	18	2	18	24	21	46	3	21	17	7	9	32	45	12	24	2
47	24	44	15	14	6	2	21	19	15	18	2	18	24	21	46	3	23	28	1	26	1	26	12	24	2
47	24	44	15	14	6	2	21	19	15	18	2	18	24	21	46	3	30	1	33	7	33	20	12	24	2
47	24	44	15	14	6	2	21	19	15	18	2	18	24	21	46	3	31	26	0	6	40	29	12	24	2
47	24	44	15	14	6	2	21	19	15	18	2	18	24	21	46	3	35	28	33	5	14	42	12	24	2
47	24	44	15	14	6	2	21	19	15	18	2	18	24	21	46	3	36	16	22	40	28	32	12	24	2
47	24	44	15	14	6	2	21	19	15	18	2	18	24	21	46	3	46	32	3	4	35	27	12	24	2
47	24	44	15	14	6	3	15	19	21	18	2	18	24	21	46	3	1	25	13	33	22	2	12	24	2
47	24	44	15	14	6	3	15	19	21	18	2	18	24	21	46	3	2	8	10	45	29	39	12	24	2
47	24	44	15	14	6	3	15	19	21	18	2	18	24	21	46	3	2	11	35	25	18	8	12	24	2
47	24	44	15	14	6	3	15	19	21	18	2	18	24	21	46	3	3	46	9	29	22	25	12	24	2
47	24	44	15	14	6	3	15	19	21	18	2	18	24	21	46	3	4	12	37	32	16	16	12	24	2
47	24	44	15	14	6	3	15	19	21	18	2	18	24	21	46	3	6	14	45	31	43	38	12	24	2
47	24	44	15	14	6	3	15	19	21	18	2	18	24	21	46	3	8	4	18	15	41	35	12	24	2
47	24	44	15	14	6	3	15	19	21	18	2	18	24	21	46	3	13	24	29	24	14	13	12	24	2
47	24	44	15	14	6	3	15	19	21	18	2	18	24	21	46	3	16	14	26	6	38	18	12	24	2
47	24	44	15	14	6	3	15	19	21	18	2	18	24	21	46	3	21	17	7	9	32	45	12	24	2
47	24	44	15	14	6	3	15	19	21	18	2	18	24	21	46	3	23	28	1	26	1	26	12	24	2
47	24	44	15	14	6	3	15	19	21	18	2	18	24	21	46	3	30	1	33	7	33	20	12	24	2
47	24	44	15	14	6	3	15	19	21	18	2	18	24	21	46	3	31	26	0	6	40	29	12	24	2
47	24	44	15	14	6	3	15	19	21	18	2	18	24	21	46	3	35	28	33	5	14	42	12	24	2
47	24	44	15	14	6	3	15	19	21	18	2	18	24	21	46	3	36	16	22	40	28	32	12	24	2
47	24	44	15	14	6	3	15	19	21	18	2	18	24	21	46	3	46	32	3	4	35	27	12	24	2
47	24	44	15	33	41	1	26	32	28	29	45	19	34	42	13	41	1	3	43	38	46	28	12	24	2
47	24	44	15	33	41	1	26	32	28	29	45	19	34	42	13	41	9	13	46	19	44	5	12	24	2
47	24	44	15	33	41	1	26	32	28	29	45	19	34	42	13	41	17	6	8	25	23	3	12	24	2
47	24	44	15	33	41	1	26	32	28	29	45	19	34	42	13	41	20	17	38	9	21	41	12	24	2
47	24	44	15	33	41	1	26	32	28	29	45	19	34	42	13	41	24	6	27	43	40	45	12	24	2
47	24	44	15	33	41	1	26	32	28	29	45	19	34	42	13	41	25	25	23	24	41	46	12	24	2
47	24	44	15	33	41	1	26	32	28	29	45	19	34	42	13	41	28	3	13	2	9	28	12	24	2
47	24	44	15	33	41	1	26	32	28	29	45	19	34	42	13	41	29	41	19	33	44	33	12	24	2
47	24	44	15	33	41	1	26	32	28	29	45	19	34	42	13	41	30	16	15	31	7	16	12	24	2
47	24	44	15	33	41	1	26	32	28	29	45	19	34	42	13	41	31	12	0	36	4	43	12	24	2
47	24	44	15	33	41	1	26	32	28	29	45	19	34	42	13	41	33	4	7	4	21	34	12	24	2
47	24	44	15	33	41	1	26	32	28	29	45	19	34	42	13	41	34	38	22	39	39	12	12	24	2
47	24	44	15	33	41	1	26	32	28	29	45	19	34	42	13	41	37	37	14	18	24	30	12	24	2
47	24	44	15	33	41	1	26	32	28	29	45	19	34	42	13	41	41	7	23	13	23	26	12	24	2
47	24	44	15	33	41	1	26	32	28	29	45	19	34	42	13	41	41	43	17	1	24	21	12	24	2
47	24	44	15	33	41	1	26	32	28	29	45	19	34	42	13	41	43	30	8	10	7	27	12	24	2
47	24	44	15	33	41	2	26	28	32	29	45	19	34	42	13	41	1	3	43	38	46	28	12	24	2
47	24	44	15	33	41	2	26	28	32	29	45	19	34	42	13	41	9	13	46	19	44	5	12	24	2
47	24	44	15	33	41	2	26	28	32	29	45	19	34	42	13	41	17	6	8	25	23	3	12	24	2
47	24	44	15	33	41	2	26	28	32	29	45	19	34	42	13	41	20	17	38	9	21	41	12	24	2
47	24	44	15	33	41	2	26	28	32	29	45	19	34	42	13	41	24	6	27	43	40	45	12	24	2
47	24	44	15	33	41	2	26	28	32	29	45	19	34	42	13	41	25	25	23	24	41	46	12	24	2
47	24	44	15	33	41	2	26	28	32	29	45	19	34	42	13	41	28	3	13	2	9	28	12	24	2
47	24	44	15	33	41	2	26	28	32	29	45	19	34	42	13	41	29	41	19	33	44	33	12	24	2
47	24	44	15	33	41	2	26	28	32	29	45	19	34	42	13	41	30	16	15	31	7	16	12	24	2
47	24	44	15	33	41	2	26	28	32	29	45	19	34	42	13	41	31	12	0	36	4	43	12	24	2
47	24	44	15	33	41	2	26	28	32	29	45	19	34	42	13	41	33	4	7	4	21	34	12	24	2
47	24	44	15	33	41	2	26	28	32	29	45	19	34	42	13	41	34	38	22	39	39	12	12	24	2
47	24	44	15	33	41	2	26	28	32	29	45	19	34	42	13	41	37	37	14	18	24	30	12	24	2
47	24	44	15	33	41	2	26	28	32	29	45	19	34	42	13	41	41	7	23	13	23	26	12	24	2
47	24	44	15	33	41	2	26	28	32	29	45	19	34	42	13	41	41	43	17	1	24	21	12	24	2
47	24	44	15	33	41	2	26	28	32	29	45	19	34	42	13	41	43	30	8	10	7	27	12	24	2
47	24	44	15	33	41	3	32	28	26	29	45	19	34	42	13	41	1	3	43	38	46	28	12	24	2
47	24	44	15	33	41	3	32	28	26	29	45	19	34	42	13	41	9	13	46	19	44	5	12	24	2
47	24	44	15	33	41	3	32	28	26	29	45	19	34	42	13	41	17	6	8	25	23	3	12	24	2
47	24	44	15	33	41	3	32	28	26	29	45	19	34	42	13	41	20	17	38	9	21	41	12	24	2
47	24	44	15	33	41	3	32	28	26	29	45	19	34	42	13	41	24	6	27	43	40	45	12	24	2
47	24	44	15	33	41	3	32	28	26	29	45	19	34	42	13	41	25	25	23	24	41	46	12	24	2
47	24	44	15	33	41	3	32	28	26	29	45	19	34	42	13	41	28	3	13	2	9	28	12	24	2
47	24	44	15	33	41	3	32	28	26	29	45	19	34	42	13	41	29	41	19	33	44	33	12	24	2
47	24	44	15	33	41	3	32	28	26	29	45	19	34	42	13	41	30	16	15	31	7	16	12	24	2
47	24	44	15	33	41	3	32	28	26	29	45	19	34	42	13	41	31	12	0	36	4	43	12	24	2
47	24	44	15	33	41	3	32	28	26	29	45	19	34	42	13	41	33	4	7	4	21	34	12	24	2
47	24	44	15	33	41	3	32	28	26	29	45	19	34	42	13	41	34	38	22	39	39	12	12	24	2
47	24	44	15	33	41	3	32	28	26	29	45	19	34	42	13	41	37	37	14	18	24	30	12	24	2
47	24	44	15	33	41	3	32	28	26	29	45	19	34	42	13	41	41	7	23	13	23	26	12	24	2
47	24	44	15	33	41	3	32	28	26	29	45	19	34	42	13	41	41	43	17	1	24	21	12	24	2
47	24	44	15	33	41	3	32	28	26	29	45	19	34	42	13	41	43	30	8	10	7	27	12	24	2
47	27	3	18	42	1	1	2	42	17	16	38	25	4	4	17	27	4	21	41	39	2	12	12	24	2
47	27	3	18	42	1	1	2	42	17	16	38	25	4	4	17	27	6	19	28	11	21	26	12	24	2
47	27	3	18	42	1	1	2	42	17	16	38	25	4	4	17	27	7	9	45	28	13	2	12	24	2
47	27	3	18	42	1	1	2	42	17	16	38	25	4	4	17	27	10	18	28	12	26	10	12	24	2
47	27	3	18	42	1	1	2	42	17	16	38	25	4	4	17	27	10	35	25	41	21	37	12	24	2
47	27	3	18	42	1	1	2	42	17	16	38	25	4	4	17	27	22	31	2	19	10	5	12	24	2
47	27	3	18	42	1	1	2	42	17	16	38	25	4	4	17	27	37	22	24	41	12	10	12	24	2
47	27	3	18	42	1	1	2	42	17	16	38	25	4	4	17	27	41	4	32	16	41	30	12	24	2
47	27	3	18	42	1	1	2	42	17	16	38	25	4	4	17	27	43	10	45	21	44	15	12	24	2
47	27	3	18	42	1	1	2	42	17	16	38	25	4	4	17	27	46	28	44	46	1	28	12	24	2
47	27	3	18	42	1	2	2	17	42	16	38	25	4	4	17	27	4	21	41	39	2	12	12	24	2
47	27	3	18	42	1	2	2	17	42	16	38	25	4	4	17	27	6	19	28	11	21	26	12	24	2
47	27	3	18	42	1	2	2	17	42	16	38	25	4	4	17	27	7	9	45	28	13	2	12	24	2
47	27	3	18	42	1	2	2	17	42	16	38	25	4	4	17	27	10	18	28	12	26	10	12	24	2
47	27	3	18	42	1	2	2	17	42	16	38	25	4	4	17	27	10	35	25	41	21	37	12	24	2
47	27	3	18	42	1	2	2	17	42	16	38	25	4	4	17	27	22	31	2	19	10	5	12	24	2
47	27	3	18	42	1	2	2	17	42	16	38	25	4	4	17	27	37	22	24	41	12	10	12	24	2
47	27	3	18	42	1	2	2	17	42	16	38	25	4	4	17	27	41	4	32	16	41	30	12	24	2
47	27	3	18	42	1	2	2	17	42	16	38	25	4	4	17	27	43	10	45	21	44	15	12	24	2
47	27	3	18	42	1	2	2	17	42	16	38	25	4	4	17	27	46	28	44	46	1	28	12	24	2
47	27	3	18	42	1	3	42	17	2	16	38	25	4	4	17	27	4	21	41	39	2	12	12	24	2
47	27	3	18	42	1	3	42	17	2	16	38	25	4	4	17	27	6	19	28	11	21	26	12	24	2
47	27	3	18	42	1	3	42	17	2	16	38	25	4	4	17	27	7	9	45	28	13	2	12	24	2
47	27	3	18	42	1	3	42	17	2	16	38	25	4	4	17	27	10	18	28	12	26	10	12	24	2
47	27	3	18	42	1	3	42	17	2	16	38	25	4	4	17	27	10	35	25	41	21	37	12	24	2
47	27	3	18	42	1	3	42	17	2	16	38	25	4	4	17	27	22	31	2	19	10	5	12	24	2
47	27	3	18	42	1	3	42	17	2	16	38	25	4	4	17	27	37	22	24	41	12	10	12	24	2
47	27	3	18	42	1	3	42	17	2	16	38	25	4	4	17	27	41	4	32	16	41	30	12	24	2
47	27	3	18	42	1	3	42	17	2	16	38	25	4	4	17	27	43	10	45	21	44	15	12	24	2
47	27	3	18	42	1	3	42	17	2	16	38	25	4	4	17	27	46	28	44	46	1	28	12	24	2
47	27	3	18	5	46	1	45	5	30	31	37	10	28	9	9	45	6	27	10	16	16	39	12	24	2
47	27	3	18	5	46	1	45	5	30	31	37	10	28	9	9	45	8	12	21	23	20	1	12	24	2
47	27	3	18	5	46	1	45	5	30	31	37	10	28	9	9	45	10	36	23	17	7	12	12	24	2
47	27	3	18	5	46	1	45	5	30	31	37	10	28	9	9	45	14	19	9	15	40	17	12	24	2
47	27	3	18	5	46	1	45	5	30	31	37	10	28	9	9	45	15	6	45	21	31	30	12	24	2
47	27	3	18	5	46	1	45	5	30	31	37	10	28	9	9	45	15	15	8	43	16	17	12	24	2
47	27	3	18	5	46	1	45	5	30	31	37	10	28	9	9	45	18	11	45	13	16	16	12	24	2
47	27	3	18	5	46	1	45	5	30	31	37	10	28	9	9	45	21	46	35	14	20	7	12	24	2
47	27	3	18	5	46	1	45	5	30	31	37	10	28	9	9	45	22	5	0	27	12	39	12	24	2
47	27	3	18	5	46	1	45	5	30	31	37	10	28	9	9	45	26	35	11	1	8	23	12	24	2
47	27	3	18	5	46	1	45	5	30	31	37	10	28	9	9	45	27	29	28	38	22	44	12	24	2
47	27	3	18	5	46	1	45	5	30	31	37	10	28	9	9	45	33	35	32	22	2	44	12	24	2
47	27	3	18	5	46	1	45	5	30	31	37	10	28	9	9	45	39	39	44	40	30	33	12	24	2
47	27	3	18	5	46	1	45	5	30	31	37	10	28	9	9	45	41	17	34	36	27	18	12	24	2
47	27	3	18	5	46	1	45	5	30	31	37	10	28	9	9	45	46	14	23	10	40	13	12	24	2
47	27	3	18	5	46	1	45	5	30	31	37	10	28	9	9	45	46	28	9	42	7	34	12	24	2
47	27	3	18	5	46	2	45	30	5	31	37	10	28	9	9	45	6	27	10	16	16	39	12	24	2
47	27	3	18	5	46	2	45	30	5	31	37	10	28	9	9	45	8	12	21	23	20	1	12	24	2
47	27	3	18	5	46	2	45	30	5	31	37	10	28	9	9	45	10	36	23	17	7	12	12	24	2
47	27	3	18	5	46	2	45	30	5	31	37	10	28	9	9	45	14	19	9	15	40	17	12	24	2
47	27	3	18	5	46	2	45	30	5	31	37	10	28	9	9	45	15	6	45	21	31	30	12	24	2
47	27	3	18	5	46	2	45	30	5	31	37	10	28	9	9	45	15	15	8	43	16	17	12	24	2
47	27	3	18	5	46	2	45	30	5	31	37	10	28	9	9	45	18	11	45	13	16	16	12	24	2
47	27	3	18	5	46	2	45	30	5	31	37	10	28	9	9	45	21	46	35	14	20	7	12	24	2
47	27	3	18	5	46	2	45	30	5	31	37	10	28	9	9	45	22	5	0	27	12	39	12	24	2
47	27	3	18	5	46	2	45	30	5	31	37	10	28	9	9	45	26	35	11	1	8	23	12	24	2
47	27	3	18	5	46	2	45	30	5	31	37	10	28	9	9	45	27	29	28	38	22	44	12	24	2
47	27	3	18	5	46	2	45	30	5	31	37	10	28	9	9	45	33	35	32	22	2	44	12	24	2
47	27	3	18	5	46	2	45	30	5	31	37	10	28	9	9	45	39	39	44	40	30	33	12	24	2
47	27	3	18	5	46	2	45	30	5	31	37	10	28	9	9	45	41	17	34	36	27	18	12	24	2
47	27	3	18	5	46	2	45	30	5	31	37	10	28	9	9	45	46	14	23	10	40	13	12	24	2
47	27	3	18	5	46	2	45	30	5	31	37	10	28	9	9	45	46	28	9	42	7	34	12	24	2
47	27	3	18	5	46	3	5	30	45	31	37	10	28	9	9	45	6	27	10	16	16	39	12	24	2
47	27	3	18	5	46	3	5	30	45	31	37	10	28	9	9	45	8	12	21	23	20	1	12	24	2
47	27	3	18	5	46	3	5	30	45	31	37	10	28	9	9	45	10	36	23	17	7	12	12	24	2
47	27	3	18	5	46	3	5	30	45	31	37	10	28	9	9	45	14	19	9	15	40	17	12	24	2
47	27	3	18	5	46	3	5	30	45	31	37	10	28	9	9	45	15	6	45	21	31	30	12	24	2
47	27	3	18	5	46	3	5	30	45	31	37	10	28	9	9	45	15	15	8	43	16	17	12	24	2
47	27	3	18	5	46	3	5	30	45	31	37	10	28	9	9	45	18	11	45	13	16	16	12	24	2
47	27	3	18	5	46	3	5	30	45	31	37	10	28	9	9	45	21	46	35	14	20	7	12	24	2
47	27	3	18	5	46	3	5	30	45	31	37	10	28	9	9	45	22	5	0	27	12	39	12	24	2
47	27	3	18	5	46	3	5	30	45	31	37	10	28	9	9	45	26	35	11	1	8	23	12	24	2
47	27	3	18	5	46	3	5	30	45	31	37	10	28	9	9	45	27	29	28	38	22	44	12	24	2
47	27	3	18	5	46	3	5	30	45	31	37	10	28	9	9	45	33	35	32	22	2	44	12	24	2
47	27	3	18	5	46	3	5	30	45	31	37	10	28	9	9	45	39	39	44	40	30	33	12	24	2
47	27	3	18	5	46	3	5	30	45	31	37	10	28	9	9	45	41	17	34	36	27	18	12	24	2
47	27	3	18	5	46	3	5	30	45	31	37	10	28	9	9	45	46	14	23	10	40	13	12	24	2
47	27	3	18	5	46	3	5	30	45	31	37	10	28	9	9	45	46	28	9	42	7	34	12	24	2
47	27	18	3	42	1	1	2	17	42	16	38	25	4	4	17	27	4	21	41	39	2	12	12	24	2
47	27	18	3	42	1	1	2	17	42	16	38	25	4	4	17	27	6	19	28	11	21	26	12	24	2
47	27	18	3	42	1	1	2	17	42	16	38	25	4	4	17	27	7	9	45	28	13	2	12	24	2
47	27	18	3	42	1	1	2	17	42	16	38	25	4	4	17	27	10	18	28	12	26	10	12	24	2
47	27	18	3	42	1	1	2	17	42	16	38	25	4	4	17	27	10	35	25	41	21	37	12	24	2
47	27	18	3	42	1	1	2	17	42	16	38	25	4	4	17	27	22	31	2	19	10	5	12	24	2
47	27	18	3	42	1	1	2	17	42	16	38	25	4	4	17	27	37	22	24	41	12	10	12	24	2
47	27	18	3	42	1	1	2	17	42	16	38	25	4	4	17	27	41	4	32	16	41	30	12	24	2
47	27	18	3	42	1	1	2	17	42	16	38	25	4	4	17	27	43	10	45	21	44	15	12	24	2
47	27	18	3	42	1	1	2	17	42	16	38	25	4	4	17	27	46	28	44	46	1	28	12	24	2
47	27	18	3	42	1	2	2	42	17	16	38	25	4	4	17	27	4	21	41	39	2	12	12	24	2
47	27	18	3	42	1	2	2	42	17	16	38	25	4	4	17	27	6	19	28	11	21	26	12	24	2
47	27	18	3	42	1	2	2	42	17	16	38	25	4	4	17	27	7	9	45	28	13	2	12	24	2
47	27	18	3	42	1	2	2	42	17	16	38	25	4	4	17	27	10	18	28	12	26	10	12	24	2
47	27	18	3	42	1	2	2	42	17	16	38	25	4	4	17	27	10	35	25	41	21	37	12	24	2
47	27	18	3	42	1	2	2	42	17	16	38	25	4	4	17	27	22	31	2	19	10	5	12	24	2
47	27	18	3	42	1	2	2	42	17	16	38	25	4	4	17	27	37	22	24	41	12	10	12	24	2
47	27	18	3	42	1	2	2	42	17	16	38	25	4	4	17	27	41	4	32	16	41	30	12	24	2
47	27	18	3	42	1	2	2	42	17	16	38	25	4	4	17	27	43	10	45	21	44	15	12	24	2
47	27	18	3	42	1	2	2	42	17	16	38	25	4	4	17	27	46	28	44	46	1	28	12	24	2
47	27	18	3	42	1	3	17	42	2	16	38	25	4	4	17	27	4	21	41	39	2	12	12	24	2
47	27	18	3	42	1	3	17	42	2	16	38	25	4	4	17	27	6	19	28	11	21	26	12	24	2
47	27	18	3	42	1	3	17	42	2	16	38	25	4	4	17	27	7	9	45	28	13	2	12	24	2
47	27	18	3	42	1	3	17	42	2	16	38	25	4	4	17	27	10	18	28	12	26	10	12	24	2
47	27	18	3	42	1	3	17	42	2	16	38	25	4	4	17	27	10	35	25	41	21	37	12	24	2
47	27	18	3	42	1	3	17	42	2	16	38	25	4	4	17	27	22	31	2	19	10	5	12	24	2
47	27	18	3	42	1	3	17	42	2	16	38	25	4	4	17	27	37	22	24	41	12	10	12	24	2
47	27	18	3	42	1	3	17	42	2	16	38	25	4	4	17	27	41	4	32	16	41	30	12	24	2
47	27	18	3	42	1	3	17	42	2	16	38	25	4	4	17	27	43	10	45	21	44	15	12	24	2
47	27	18	3	42	1	3	17	42	2	16	38	25	4	4	17	27	46	28	44	46	1	28	12	24	2
47	27	18	3	5	46	1	45	30	5	31	37	10	28	9	9	45	6	27	10	16	16	39	12	24	2
47	27	18	3	5	46	1	45	30	5	31	37	10	28	9	9	45	8	12	21	23	20	1	12	24	2
47	27	18	3	5	46	1	45	30	5	31	37	10	28	9	9	45	10	36	23	17	7	12	12	24	2
47	27	18	3	5	46	1	45	30	5	31	37	10	28	9	9	45	14	19	9	15	40	17	12	24	2
47	27	18	3	5	46	1	45	30	5	31	37	10	28	9	9	45	15	6	45	21	31	30	12	24	2
47	27	18	3	5	46	1	45	30	5	31	37	10	28	9	9	45	15	15	8	43	16	17	12	24	2
47	27	18	3	5	46	1	45	30	5	31	37	10	28	9	9	45	18	11	45	13	16	16	12	24	2
47	27	18	3	5	46	1	45	30	5	31	37	10	28	9	9	45	21	46	35	14	20	7	12	24	2
47	27	18	3	5	46	1	45	30	5	31	37	10	28	9	9	45	22	5	0	27	12	39	12	24	2
47	27	18	3	5	46	1	45	30	5	31	37	10	28	9	9	45	26	35	11	1	8	23	12	24	2
47	27	18	3	5	46	1	45	30	5	31	37	10	28	9	9	45	27	29	28	38	22	44	12	24	2
47	27	18	3	5	46	1	45	30	5	31	37	10	28	9	9	45	33	35	32	22	2	44	12	24	2
47	27	18	3	5	46	1	45	30	5	31	37	10	28	9	9	45	39	39	44	40	30	33	12	24	2
47	27	18	3	5	46	1	45	30	5	31	37	10	28	9	9	45	41	17	34	36	27	18	12	24	2
47	27	18	3	5	46	1	45	30	5	31	37	10	28	9	9	45	46	14	23	10	40	13	12	24	2
47	27	18	3	5	46	1	45	30	5	31	37	10	28	9	9	45	46	28	9	42	7	34	12	24	2
47	27	18	3	5	46	2	45	5	30	31	37	10	28	9	9	45	6	27	10	16	16	39	12	24	2
47	27	18	3	5	46	2	45	5	30	31	37	10	28	9	9	45	8	12	21	23	20	1	12	24	2
47	27	18	3	5	46	2	45	5	30	31	37	10	28	9	9	45	10	36	23	17	7	12	12	24	2
47	27	18	3	5	46	2	45	5	30	31	37	10	28	9	9	45	14	19	9	15	40	17	12	24	2
47	27	18	3	5	46	2	45	5	30	31	37	10	28	9	9	45	15	6	45	21	31	30	12	24	2
47	27	18	3	5	46	2	45	5	30	31	37	10	28	9	9	45	15	15	8	43	16	17	12	24	2
47	27	18	3	5	46	2	45	5	30	31	37	10	28	9	9	45	18	11	45	13	16	16	12	24	2
47	27	18	3	5	46	2	45	5	30	31	37	10	28	9	9	45	21	46	35	14	20	7	12	24	2
47	27	18	3	5	46	2	45	5	30	31	37	10	28	9	9	45	22	5	0	27	12	39	12	24	2
47	27	18	3	5	46	2	45	5	30	31	37	10	28	9	9	45	26	35	11	1	8	23	12	24	2
47	27	18	3	5	46	2	45	5	30	31	37	10	28	9	9	45	27	29	28	38	22	44	12	24	2
47	27	18	3	5	46	2	45	5	30	31	37	10	28	9	9	45	33	35	32	22	2	44	12	24	2
47	27	18	3	5	46	2	45	5	30	31	37	10	28	9	9	45	39	39	44	40	30	33	12	24	2
47	27	18	3	5	46	2	45	5	30	31	37	10	28	9	9	45	41	17	34	36	27	18	12	24	2
47	27	18	3	5	46	2	45	5	30	31	37	10	28	9	9	45	46	14	23	10	40	13	12	24	2
47	27	18	3	5	46	2	45	5	30	31	37	10	28	9	9	45	46	28	9	42	7	34	12	24	2
47	27	18	3	5	46	3	30	5	45	31	37	10	28	9	9	45	6	27	10	16	16	39	12	24	2
47	27	18	3	5	46	3	30	5	45	31	37	10	28	9	9	45	8	12	21	23	20	1	12	24	2
47	27	18	3	5	46	3	30	5	45	31	37	10	28	9	9	45	10	36	23	17	7	12	12	24	2
47	27	18	3	5	46	3	30	5	45	31	37	10	28	9	9	45	14	19	9	15	40	17	12	24	2
47	27	18	3	5	46	3	30	5	45	31	37	10	28	9	9	45	15	6	45	21	31	30	12	24	2
47	27	18	3	5	46	3	30	5	45	31	37	10	28	9	9	45	15	15	8	43	16	17	12	24	2
47	27	18	3	5	46	3	30	5	45	31	37	10	28	9	9	45	18	11	45	13	16	16	12	24	2
47	27	18	3	5	46	3	30	5	45	31	37	10	28	9	9	45	21	46	35	14	20	7	12	24	2
47	27	18	3	5	46	3	30	5	45	31	37	10	28	9	9	45	22	5	0	27	12	39	12	24	2
47	27	18	3	5	46	3	30	5	45	31	37	10	28	9	9	45	26	35	11	1	8	23	12	24	2
47	27	18	3	5	46	3	30	5	45	31	37	10	28	9	9	45	27	29	28	38	22	44	12	24	2
47	27	18	3	5	46	3	30	5	45	31	37	10	28	9	9	45	33	35	32	22	2	44	12	24	2
47	27	18	3	5	46	3	30	5	45	31	37	10	28	9	9	45	39	39	44	40	30	33	12	24	2
47	27	18	3	5	46	3	30	5	45	31	37	10	28	9	9	45	41	17	34	36	27	18	12	24	2
47	27	18	3	5	46	3	30	5	45	31	37	10	28	9	9	45	46	14	23	10	40	13	12	24	2
47	27	18	3	5	46	3	30	5	45	31	37	10	28	9	9	45	46	28	9	42	7	34	12	24	2
47	29	3	20	42	1	1	30	42	45	16	7	26	13	37	27	13	8	12	37	23	1	9	12	24	2
47	29	3	20	42	1	1	30	42	45	16	7	26	13	37	27	13	11	35	19	31	38	34	12	24	2
47	29	3	20	42	1	1	30	42	45	16	7	26	13	37	27	13	15	37	38	31	0	31	12	24	2
47	29	3	20	42	1	1	30	42	45	16	7	26	13	37	27	13	16	40	28	21	36	41	12	24	2
47	29	3	20	42	1	1	30	42	45	16	7	26	13	37	27	13	21	15	7	40	29	43	12	24	2
47	29	3	20	42	1	1	30	42	45	16	7	26	13	37	27	13	24	10	1	21	39	0	12	24	2
47	29	3	20	42	1	1	30	42	45	16	7	26	13	37	27	13	24	14	9	42	8	0	12	24	2
47	29	3	20	42	1	1	30	42	45	16	7	26	13	37	27	13	26	2	42	24	32	7	12	24	2
47	29	3	20	42	1	1	30	42	45	16	7	26	13	37	27	13	28	22	25	22	18	20	12	24	2
47	29	3	20	42	1	1	30	42	45	16	7	26	13	37	27	13	33	45	7	25	35	26	12	24	2
47	29	3	20	42	1	1	30	42	45	16	7	26	13	37	27	13	36	18	27	42	4	12	12	24	2
47	29	3	20	42	1	1	30	42	45	16	7	26	13	37	27	13	40	0	18	33	20	14	12	24	2
47	29	3	20	42	1	1	30	42	45	16	7	26	13	37	27	13	42	1	42	15	45	25	12	24	2
47	29	3	20	42	1	1	30	42	45	16	7	26	13	37	27	13	43	25	34	36	21	25	12	24	2
47	29	3	20	42	1	1	30	42	45	16	7	26	13	37	27	13	44	25	19	1	9	45	12	24	2
47	29	3	20	42	1	1	30	42	45	16	7	26	13	37	27	13	46	32	21	33	25	29	12	24	2
47	29	3	20	42	1	2	30	45	42	16	7	26	13	37	27	13	8	12	37	23	1	9	12	24	2
47	29	3	20	42	1	2	30	45	42	16	7	26	13	37	27	13	11	35	19	31	38	34	12	24	2
47	29	3	20	42	1	2	30	45	42	16	7	26	13	37	27	13	15	37	38	31	0	31	12	24	2
47	29	3	20	42	1	2	30	45	42	16	7	26	13	37	27	13	16	40	28	21	36	41	12	24	2
47	29	3	20	42	1	2	30	45	42	16	7	26	13	37	27	13	21	15	7	40	29	43	12	24	2
47	29	3	20	42	1	2	30	45	42	16	7	26	13	37	27	13	24	10	1	21	39	0	12	24	2
47	29	3	20	42	1	2	30	45	42	16	7	26	13	37	27	13	24	14	9	42	8	0	12	24	2
47	29	3	20	42	1	2	30	45	42	16	7	26	13	37	27	13	26	2	42	24	32	7	12	24	2
47	29	3	20	42	1	2	30	45	42	16	7	26	13	37	27	13	28	22	25	22	18	20	12	24	2
47	29	3	20	42	1	2	30	45	42	16	7	26	13	37	27	13	33	45	7	25	35	26	12	24	2
47	29	3	20	42	1	2	30	45	42	16	7	26	13	37	27	13	36	18	27	42	4	12	12	24	2
47	29	3	20	42	1	2	30	45	42	16	7	26	13	37	27	13	40	0	18	33	20	14	12	24	2
47	29	3	20	42	1	2	30	45	42	16	7	26	13	37	27	13	42	1	42	15	45	25	12	24	2
47	29	3	20	42	1	2	30	45	42	16	7	26	13	37	27	13	43	25	34	36	21	25	12	24	2
47	29	3	20	42	1	2	30	45	42	16	7	26	13	37	27	13	44	25	19	1	9	45	12	24	2
47	29	3	20	42	1	2	30	45	42	16	7	26	13	37	27	13	46	32	21	33	25	29	12	24	2
47	29	3	20	42	1	3	42	45	30	16	7	26	13	37	27	13	8	12	37	23	1	9	12	24	2
47	29	3	20	42	1	3	42	45	30	16	7	26	13	37	27	13	11	35	19	31	38	34	12	24	2
47	29	3	20	42	1	3	42	45	30	16	7	26	13	37	27	13	15	37	38	31	0	31	12	24	2
47	29	3	20	42	1	3	42	45	30	16	7	26	13	37	27	13	16	40	28	21	36	41	12	24	2
47	29	3	20	42	1	3	42	45	30	16	7	26	13	37	27	13	21	15	7	40	29	43	12	24	2
47	29	3	20	42	1	3	42	45	30	16	7	26	13	37	27	13	24	10	1	21	39	0	12	24	2
47	29	3	20	42	1	3	42	45	30	16	7	26	13	37	27	13	24	14	9	42	8	0	12	24	2
47	29	3	20	42	1	3	42	45	30	16	7	26	13	37	27	13	26	2	42	24	32	7	12	24	2
47	29	3	20	42	1	3	42	45	30	16	7	26	13	37	27	13	28	22	25	22	18	20	12	24	2
47	29	3	20	42	1	3	42	45	30	16	7	26	13	37	27	13	33	45	7	25	35	26	12	24	2
47	29	3	20	42	1	3	42	45	30	16	7	26	13	37	27	13	36	18	27	42	4	12	12	24	2
47	29	3	20	42	1	3	42	45	30	16	7	26	13	37	27	13	40	0	18	33	20	14	12	24	2
47	29	3	20	42	1	3	42	45	30	16	7	26	13	37	27	13	42	1	42	15	45	25	12	24	2
47	29	3	20	42	1	3	42	45	30	16	7	26	13	37	27	13	43	25	34	36	21	25	12	24	2
47	29	3	20	42	1	3	42	45	30	16	7	26	13	37	27	13	44	25	19	1	9	45	12	24	2
47	29	3	20	42	1	3	42	45	30	16	7	26	13	37	27	13	46	32	21	33	25	29	12	24	2
47	29	3	20	5	46	1	17	5	2	31	32	40	8	34	37	16	5	24	21	7	44	9	12	24	2
47	29	3	20	5	46	1	17	5	2	31	32	40	8	34	37	16	6	21	46	30	25	16	12	24	2
47	29	3	20	5	46	1	17	5	2	31	32	40	8	34	37	16	7	28	43	37	17	27	12	24	2
47	29	3	20	5	46	1	17	5	2	31	32	40	8	34	37	16	10	17	44	31	27	6	12	24	2
47	29	3	20	5	46	1	17	5	2	31	32	40	8	34	37	16	15	33	18	33	22	30	12	24	2
47	29	3	20	5	46	1	17	5	2	31	32	40	8	34	37	16	16	30	19	32	19	26	12	24	2
47	29	3	20	5	46	1	17	5	2	31	32	40	8	34	37	16	23	16	17	27	46	17	12	24	2
47	29	3	20	5	46	1	17	5	2	31	32	40	8	34	37	16	25	22	8	20	36	5	12	24	2
47	29	3	20	5	46	1	17	5	2	31	32	40	8	34	37	16	28	26	26	17	11	45	12	24	2
47	29	3	20	5	46	1	17	5	2	31	32	40	8	34	37	16	33	27	36	38	17	42	12	24	2
47	29	3	20	5	46	1	17	5	2	31	32	40	8	34	37	16	36	22	22	7	8	45	12	24	2
47	29	3	20	5	46	1	17	5	2	31	32	40	8	34	37	16	38	32	28	38	14	43	12	24	2
47	29	3	20	5	46	1	17	5	2	31	32	40	8	34	37	16	43	34	41	43	22	44	12	24	2
47	29	3	20	5	46	1	17	5	2	31	32	40	8	34	37	16	44	46	33	32	22	36	12	24	2
47	29	3	20	5	46	1	17	5	2	31	32	40	8	34	37	16	45	23	10	34	2	26	12	24	2
47	29	3	20	5	46	1	17	5	2	31	32	40	8	34	37	16	46	4	23	43	30	7	12	24	2
47	29	3	20	5	46	2	17	2	5	31	32	40	8	34	37	16	5	24	21	7	44	9	12	24	2
47	29	3	20	5	46	2	17	2	5	31	32	40	8	34	37	16	6	21	46	30	25	16	12	24	2
47	29	3	20	5	46	2	17	2	5	31	32	40	8	34	37	16	7	28	43	37	17	27	12	24	2
47	29	3	20	5	46	2	17	2	5	31	32	40	8	34	37	16	10	17	44	31	27	6	12	24	2
47	29	3	20	5	46	2	17	2	5	31	32	40	8	34	37	16	15	33	18	33	22	30	12	24	2
47	29	3	20	5	46	2	17	2	5	31	32	40	8	34	37	16	16	30	19	32	19	26	12	24	2
47	29	3	20	5	46	2	17	2	5	31	32	40	8	34	37	16	23	16	17	27	46	17	12	24	2
47	29	3	20	5	46	2	17	2	5	31	32	40	8	34	37	16	25	22	8	20	36	5	12	24	2
47	29	3	20	5	46	2	17	2	5	31	32	40	8	34	37	16	28	26	26	17	11	45	12	24	2
47	29	3	20	5	46	2	17	2	5	31	32	40	8	34	37	16	33	27	36	38	17	42	12	24	2
47	29	3	20	5	46	2	17	2	5	31	32	40	8	34	37	16	36	22	22	7	8	45	12	24	2
47	29	3	20	5	46	2	17	2	5	31	32	40	8	34	37	16	38	32	28	38	14	43	12	24	2
47	29	3	20	5	46	2	17	2	5	31	32	40	8	34	37	16	43	34	41	43	22	44	12	24	2
47	29	3	20	5	46	2	17	2	5	31	32	40	8	34	37	16	44	46	33	32	22	36	12	24	2
47	29	3	20	5	46	2	17	2	5	31	32	40	8	34	37	16	45	23	10	34	2	26	12	24	2
47	29	3	20	5	46	2	17	2	5	31	32	40	8	34	37	16	46	4	23	43	30	7	12	24	2
47	29	3	20	5	46	3	5	2	17	31	32	40	8	34	37	16	5	24	21	7	44	9	12	24	2
47	29	3	20	5	46	3	5	2	17	31	32	40	8	34	37	16	6	21	46	30	25	16	12	24	2
47	29	3	20	5	46	3	5	2	17	31	32	40	8	34	37	16	7	28	43	37	17	27	12	24	2
47	29	3	20	5	46	3	5	2	17	31	32	40	8	34	37	16	10	17	44	31	27	6	12	24	2
47	29	3	20	5	46	3	5	2	17	31	32	40	8	34	37	16	15	33	18	33	22	30	12	24	2
47	29	3	20	5	46	3	5	2	17	31	32	40	8	34	37	16	16	30	19	32	19	26	12	24	2
47	29	3	20	5	46	3	5	2	17	31	32	40	8	34	37	16	23	16	17	27	46	17	12	24	2
47	29	3	20	5	46	3	5	2	17	31	32	40	8	34	37	16	25	22	8	20	36	5	12	24	2
47	29	3	20	5	46	3	5	2	17	31	32	40	8	34	37	16	28	26	26	17	11	45	12	24	2
47	29	3	20	5	46	3	5	2	17	31	32	40	8	34	37	16	33	27	36	38	17	42	12	24	2
47	29	3	20	5	46	3	5	2	17	31	32	40	8	34	37	16	36	22	22	7	8	45	12	24	2
47	29	3	20	5	46	3	5	2	17	31	32	40	8	34	37	16	38	32	28	38	14	43	12	24	2
47	29	3	20	5	46	3	5	2	17	31	32	40	8	34	37	16	43	34	41	43	22	44	12	24	2
47	29	3	20	5	46	3	5	2	17	31	32	40	8	34	37	16	44	46	33	32	22	36	12	24	2
47	29	3	20	5	46	3	5	2	17	31	32	40	8	34	37	16	45	23	10	34	2	26	12	24	2
47	29	3	20	5	46	3	5	2	17	31	32	40	8	34	37	16	46	4	23	43	30	7	12	24	2
47	29	6	10	9	12	1	46	16	11	14	42	9	7	42	27	15	3	41	38	40	7	37	12	24	2
47	29	6	10	9	12	1	46	16	11	14	42	9	7	42	27	15	13	40	38	3	9	36	12	24	2
47	29	6	10	9	12	1	46	16	11	14	42	9	7	42	27	15	16	13	38	24	40	20	12	24	2
47	29	6	10	9	12	1	46	16	11	14	42	9	7	42	27	15	19	5	16	8	20	45	12	24	2
47	29	6	10	9	12	1	46	16	11	14	42	9	7	42	27	15	20	35	16	10	11	26	12	24	2
47	29	6	10	9	12	1	46	16	11	14	42	9	7	42	27	15	22	31	27	7	22	3	12	24	2
47	29	6	10	9	12	1	46	16	11	14	42	9	7	42	27	15	28	18	42	13	38	24	12	24	2
47	29	6	10	9	12	1	46	16	11	14	42	9	7	42	27	15	29	12	28	38	24	13	12	24	2
47	29	6	10	9	12	1	46	16	11	14	42	9	7	42	27	15	34	23	44	41	5	37	12	24	2
47	29	6	10	9	12	1	46	16	11	14	42	9	7	42	27	15	35	37	12	4	18	41	12	24	2
47	29	6	10	9	12	1	46	16	11	14	42	9	7	42	27	15	36	1	17	1	1	7	12	24	2
47	29	6	10	9	12	1	46	16	11	14	42	9	7	42	27	15	37	25	44	45	40	25	12	24	2
47	29	6	10	9	12	1	46	16	11	14	42	9	7	42	27	15	39	9	2	37	29	11	12	24	2
47	29	6	10	9	12	1	46	16	11	14	42	9	7	42	27	15	41	7	33	35	34	38	12	24	2
47	29	6	10	9	12	1	46	16	11	14	42	9	7	42	27	15	46	19	31	6	34	9	12	24	2
47	29	6	10	9	12	1	46	16	11	14	42	9	7	42	27	15	46	45	5	43	13	38	12	24	2
47	29	6	10	9	12	2	46	11	16	14	42	9	7	42	27	15	3	41	38	40	7	37	12	24	2
47	29	6	10	9	12	2	46	11	16	14	42	9	7	42	27	15	13	40	38	3	9	36	12	24	2
47	29	6	10	9	12	2	46	11	16	14	42	9	7	42	27	15	16	13	38	24	40	20	12	24	2
47	29	6	10	9	12	2	46	11	16	14	42	9	7	42	27	15	19	5	16	8	20	45	12	24	2
47	29	6	10	9	12	2	46	11	16	14	42	9	7	42	27	15	20	35	16	10	11	26	12	24	2
47	29	6	10	9	12	2	46	11	16	14	42	9	7	42	27	15	22	31	27	7	22	3	12	24	2
47	29	6	10	9	12	2	46	11	16	14	42	9	7	42	27	15	28	18	42	13	38	24	12	24	2
47	29	6	10	9	12	2	46	11	16	14	42	9	7	42	27	15	29	12	28	38	24	13	12	24	2
47	29	6	10	9	12	2	46	11	16	14	42	9	7	42	27	15	34	23	44	41	5	37	12	24	2
47	29	6	10	9	12	2	46	11	16	14	42	9	7	42	27	15	35	37	12	4	18	41	12	24	2
47	29	6	10	9	12	2	46	11	16	14	42	9	7	42	27	15	36	1	17	1	1	7	12	24	2
47	29	6	10	9	12	2	46	11	16	14	42	9	7	42	27	15	37	25	44	45	40	25	12	24	2
47	29	6	10	9	12	2	46	11	16	14	42	9	7	42	27	15	39	9	2	37	29	11	12	24	2
47	29	6	10	9	12	2	46	11	16	14	42	9	7	42	27	15	41	7	33	35	34	38	12	24	2
47	29	6	10	9	12	2	46	11	16	14	42	9	7	42	27	15	46	19	31	6	34	9	12	24	2
47	29	6	10	9	12	2	46	11	16	14	42	9	7	42	27	15	46	45	5	43	13	38	12	24	2
47	29	6	10	9	12	3	16	11	46	14	42	9	7	42	27	15	3	41	38	40	7	37	12	24	2
47	29	6	10	9	12	3	16	11	46	14	42	9	7	42	27	15	13	40	38	3	9	36	12	24	2
47	29	6	10	9	12	3	16	11	46	14	42	9	7	42	27	15	16	13	38	24	40	20	12	24	2
47	29	6	10	9	12	3	16	11	46	14	42	9	7	42	27	15	19	5	16	8	20	45	12	24	2
47	29	6	10	9	12	3	16	11	46	14	42	9	7	42	27	15	20	35	16	10	11	26	12	24	2
47	29	6	10	9	12	3	16	11	46	14	42	9	7	42	27	15	22	31	27	7	22	3	12	24	2
47	29	6	10	9	12	3	16	11	46	14	42	9	7	42	27	15	28	18	42	13	38	24	12	24	2
47	29	6	10	9	12	3	16	11	46	14	42	9	7	42	27	15	29	12	28	38	24	13	12	24	2
47	29	6	10	9	12	3	16	11	46	14	42	9	7	42	27	15	34	23	44	41	5	37	12	24	2
47	29	6	10	9	12	3	16	11	46	14	42	9	7	42	27	15	35	37	12	4	18	41	12	24	2
47	29	6	10	9	12	3	16	11	46	14	42	9	7	42	27	15	36	1	17	1	1	7	12	24	2
47	29	6	10	9	12	3	16	11	46	14	42	9	7	42	27	15	37	25	44	45	40	25	12	24	2
47	29	6	10	9	12	3	16	11	46	14	42	9	7	42	27	15	39	9	2	37	29	11	12	24	2
47	29	6	10	9	12	3	16	11	46	14	42	9	7	42	27	15	41	7	33	35	34	38	12	24	2
47	29	6	10	9	12	3	16	11	46	14	42	9	7	42	27	15	46	19	31	6	34	9	12	24	2
47	29	6	10	9	12	3	16	11	46	14	42	9	7	42	27	15	46	45	5	43	13	38	12	24	2
47	29	6	10	38	35	1	1	31	36	33	2	1	41	14	28	42	2	19	24	7	28	16	12	24	2
47	29	6	10	38	35	1	1	31	36	33	2	1	41	14	28	42	3	38	7	3	19	34	12	24	2
47	29	6	10	38	35	1	1	31	36	33	2	1	41	14	28	42	8	19	46	37	9	43	12	24	2
47	29	6	10	38	35	1	1	31	36	33	2	1	41	14	28	42	10	31	29	9	22	37	12	24	2
47	29	6	10	38	35	1	1	31	36	33	2	1	41	14	28	42	11	14	14	34	24	43	12	24	2
47	29	6	10	38	35	1	1	31	36	33	2	1	41	14	28	42	21	26	26	8	32	19	12	24	2
47	29	6	10	38	35	1	1	31	36	33	2	1	41	14	28	42	24	16	27	10	29	11	12	24	2
47	29	6	10	38	35	1	1	31	36	33	2	1	41	14	28	42	26	46	36	20	19	14	12	24	2
47	29	6	10	38	35	1	1	31	36	33	2	1	41	14	28	42	28	12	42	5	13	39	12	24	2
47	29	6	10	38	35	1	1	31	36	33	2	1	41	14	28	42	29	25	26	29	15	23	12	24	2
47	29	6	10	38	35	1	1	31	36	33	2	1	41	14	28	42	36	37	35	33	4	34	12	24	2
47	29	6	10	38	35	1	1	31	36	33	2	1	41	14	28	42	38	5	24	30	19	7	12	24	2
47	29	6	10	38	35	1	1	31	36	33	2	1	41	14	28	42	42	36	2	40	22	3	12	24	2
47	29	6	10	38	35	1	1	31	36	33	2	1	41	14	28	42	43	3	30	14	29	0	12	24	2
47	29	6	10	38	35	1	1	31	36	33	2	1	41	14	28	42	43	15	27	42	18	0	12	24	2
47	29	6	10	38	35	1	1	31	36	33	2	1	41	14	28	42	46	15	5	20	45	33	12	24	2
47	29	6	10	38	35	2	1	36	31	33	2	1	41	14	28	42	2	19	24	7	28	16	12	24	2
47	29	6	10	38	35	2	1	36	31	33	2	1	41	14	28	42	3	38	7	3	19	34	12	24	2
47	29	6	10	38	35	2	1	36	31	33	2	1	41	14	28	42	8	19	46	37	9	43	12	24	2
47	29	6	10	38	35	2	1	36	31	33	2	1	41	14	28	42	10	31	29	9	22	37	12	24	2
47	29	6	10	38	35	2	1	36	31	33	2	1	41	14	28	42	11	14	14	34	24	43	12	24	2
47	29	6	10	38	35	2	1	36	31	33	2	1	41	14	28	42	21	26	26	8	32	19	12	24	2
47	29	6	10	38	35	2	1	36	31	33	2	1	41	14	28	42	24	16	27	10	29	11	12	24	2
47	29	6	10	38	35	2	1	36	31	33	2	1	41	14	28	42	26	46	36	20	19	14	12	24	2
47	29	6	10	38	35	2	1	36	31	33	2	1	41	14	28	42	28	12	42	5	13	39	12	24	2
47	29	6	10	38	35	2	1	36	31	33	2	1	41	14	28	42	29	25	26	29	15	23	12	24	2
47	29	6	10	38	35	2	1	36	31	33	2	1	41	14	28	42	36	37	35	33	4	34	12	24	2
47	29	6	10	38	35	2	1	36	31	33	2	1	41	14	28	42	38	5	24	30	19	7	12	24	2
47	29	6	10	38	35	2	1	36	31	33	2	1	41	14	28	42	42	36	2	40	22	3	12	24	2
47	29	6	10	38	35	2	1	36	31	33	2	1	41	14	28	42	43	3	30	14	29	0	12	24	2
47	29	6	10	38	35	2	1	36	31	33	2	1	41	14	28	42	43	15	27	42	18	0	12	24	2
47	29	6	10	38	35	2	1	36	31	33	2	1	41	14	28	42	46	15	5	20	45	33	12	24	2
47	29	6	10	38	35	3	31	36	1	33	2	1	41	14	28	42	2	19	24	7	28	16	12	24	2
47	29	6	10	38	35	3	31	36	1	33	2	1	41	14	28	42	3	38	7	3	19	34	12	24	2
47	29	6	10	38	35	3	31	36	1	33	2	1	41	14	28	42	8	19	46	37	9	43	12	24	2
47	29	6	10	38	35	3	31	36	1	33	2	1	41	14	28	42	10	31	29	9	22	37	12	24	2
47	29	6	10	38	35	3	31	36	1	33	2	1	41	14	28	42	11	14	14	34	24	43	12	24	2
47	29	6	10	38	35	3	31	36	1	33	2	1	41	14	28	42	21	26	26	8	32	19	12	24	2
47	29	6	10	38	35	3	31	36	1	33	2	1	41	14	28	42	24	16	27	10	29	11	12	24	2
47	29	6	10	38	35	3	31	36	1	33	2	1	41	14	28	42	26	46	36	20	19	14	12	24	2
47	29	6	10	38	35	3	31	36	1	33	2	1	41	14	28	42	28	12	42	5	13	39	12	24	2
47	29	6	10	38	35	3	31	36	1	33	2	1	41	14	28	42	29	25	26	29	15	23	12	24	2
47	29	6	10	38	35	3	31	36	1	33	2	1	41	14	28	42	36	37	35	33	4	34	12	24	2
47	29	6	10	38	35	3	31	36	1	33	2	1	41	14	28	42	38	5	24	30	19	7	12	24	2
47	29	6	10	38	35	3	31	36	1	33	2	1	41	14	28	42	42	36	2	40	22	3	12	24	2
47	29	6	10	38	35	3	31	36	1	33	2	1	41	14	28	42	43	3	30	14	29	0	12	24	2
47	29	6	10	38	35	3	31	36	1	33	2	1	41	14	28	42	43	15	27	42	18	0	12	24	2
47	29	6	10	38	35	3	31	36	1	33	2	1	41	14	28	42	46	15	5	20	45	33	12	24	2
47	29	10	6	9	12	1	46	11	16	14	42	9	7	42	27	15	3	41	38	40	7	37	12	24	2
47	29	10	6	9	12	1	46	11	16	14	42	9	7	42	27	15	13	40	38	3	9	36	12	24	2
47	29	10	6	9	12	1	46	11	16	14	42	9	7	42	27	15	16	13	38	24	40	20	12	24	2
47	29	10	6	9	12	1	46	11	16	14	42	9	7	42	27	15	19	5	16	8	20	45	12	24	2
47	29	10	6	9	12	1	46	11	16	14	42	9	7	42	27	15	20	35	16	10	11	26	12	24	2
47	29	10	6	9	12	1	46	11	16	14	42	9	7	42	27	15	22	31	27	7	22	3	12	24	2
47	29	10	6	9	12	1	46	11	16	14	42	9	7	42	27	15	28	18	42	13	38	24	12	24	2
47	29	10	6	9	12	1	46	11	16	14	42	9	7	42	27	15	29	12	28	38	24	13	12	24	2
47	29	10	6	9	12	1	46	11	16	14	42	9	7	42	27	15	34	23	44	41	5	37	12	24	2
47	29	10	6	9	12	1	46	11	16	14	42	9	7	42	27	15	35	37	12	4	18	41	12	24	2
47	29	10	6	9	12	1	46	11	16	14	42	9	7	42	27	15	36	1	17	1	1	7	12	24	2
47	29	10	6	9	12	1	46	11	16	14	42	9	7	42	27	15	37	25	44	45	40	25	12	24	2
47	29	10	6	9	12	1	46	11	16	14	42	9	7	42	27	15	39	9	2	37	29	11	12	24	2
47	29	10	6	9	12	1	46	11	16	14	42	9	7	42	27	15	41	7	33	35	34	38	12	24	2
47	29	10	6	9	12	1	46	11	16	14	42	9	7	42	27	15	46	19	31	6	34	9	12	24	2
47	29	10	6	9	12	1	46	11	16	14	42	9	7	42	27	15	46	45	5	43	13	38	12	24	2
47	29	10	6	9	12	2	46	16	11	14	42	9	7	42	27	15	3	41	38	40	7	37	12	24	2
47	29	10	6	9	12	2	46	16	11	14	42	9	7	42	27	15	13	40	38	3	9	36	12	24	2
47	29	10	6	9	12	2	46	16	11	14	42	9	7	42	27	15	16	13	38	24	40	20	12	24	2
47	29	10	6	9	12	2	46	16	11	14	42	9	7	42	27	15	19	5	16	8	20	45	12	24	2
47	29	10	6	9	12	2	46	16	11	14	42	9	7	42	27	15	20	35	16	10	11	26	12	24	2
47	29	10	6	9	12	2	46	16	11	14	42	9	7	42	27	15	22	31	27	7	22	3	12	24	2
47	29	10	6	9	12	2	46	16	11	14	42	9	7	42	27	15	28	18	42	13	38	24	12	24	2
47	29	10	6	9	12	2	46	16	11	14	42	9	7	42	27	15	29	12	28	38	24	13	12	24	2
47	29	10	6	9	12	2	46	16	11	14	42	9	7	42	27	15	34	23	44	41	5	37	12	24	2
47	29	10	6	9	12	2	46	16	11	14	42	9	7	42	27	15	35	37	12	4	18	41	12	24	2
47	29	10	6	9	12	2	46	16	11	14	42	9	7	42	27	15	36	1	17	1	1	7	12	24	2
47	29	10	6	9	12	2	46	16	11	14	42	9	7	42	27	15	37	25	44	45	40	25	12	24	2
47	29	10	6	9	12	2	46	16	11	14	42	9	7	42	27	15	39	9	2	37	29	11	12	24	2
47	29	10	6	9	12	2	46	16	11	14	42	9	7	42	27	15	41	7	33	35	34	38	12	24	2
47	29	10	6	9	12	2	46	16	11	14	42	9	7	42	27	15	46	19	31	6	34	9	12	24	2
47	29	10	6	9	12	2	46	16	11	14	42	9	7	42	27	15	46	45	5	43	13	38	12	24	2
47	29	10	6	9	12	3	11	16	46	14	42	9	7	42	27	15	3	41	38	40	7	37	12	24	2
47	29	10	6	9	12	3	11	16	46	14	42	9	7	42	27	15	13	40	38	3	9	36	12	24	2
47	29	10	6	9	12	3	11	16	46	14	42	9	7	42	27	15	16	13	38	24	40	20	12	24	2
47	29	10	6	9	12	3	11	16	46	14	42	9	7	42	27	15	19	5	16	8	20	45	12	24	2
47	29	10	6	9	12	3	11	16	46	14	42	9	7	42	27	15	20	35	16	10	11	26	12	24	2
47	29	10	6	9	12	3	11	16	46	14	42	9	7	42	27	15	22	31	27	7	22	3	12	24	2
47	29	10	6	9	12	3	11	16	46	14	42	9	7	42	27	15	28	18	42	13	38	24	12	24	2
47	29	10	6	9	12	3	11	16	46	14	42	9	7	42	27	15	29	12	28	38	24	13	12	24	2
47	29	10	6	9	12	3	11	16	46	14	42	9	7	42	27	15	34	23	44	41	5	37	12	24	2
47	29	10	6	9	12	3	11	16	46	14	42	9	7	42	27	15	35	37	12	4	18	41	12	24	2
47	29	10	6	9	12	3	11	16	46	14	42	9	7	42	27	15	36	1	17	1	1	7	12	24	2
47	29	10	6	9	12	3	11	16	46	14	42	9	7	42	27	15	37	25	44	45	40	25	12	24	2
47	29	10	6	9	12	3	11	16	46	14	42	9	7	42	27	15	39	9	2	37	29	11	12	24	2
47	29	10	6	9	12	3	11	16	46	14	42	9	7	42	27	15	41	7	33	35	34	38	12	24	2
47	29	10	6	9	12	3	11	16	46	14	42	9	7	42	27	15	46	19	31	6	34	9	12	24	2
47	29	10	6	9	12	3	11	16	46	14	42	9	7	42	27	15	46	45	5	43	13	38	12	24	2
47	29	10	6	38	35	1	1	36	31	33	2	1	41	14	28	42	2	19	24	7	28	16	12	24	2
47	29	10	6	38	35	1	1	36	31	33	2	1	41	14	28	42	3	38	7	3	19	34	12	24	2
47	29	10	6	38	35	1	1	36	31	33	2	1	41	14	28	42	8	19	46	37	9	43	12	24	2
47	29	10	6	38	35	1	1	36	31	33	2	1	41	14	28	42	10	31	29	9	22	37	12	24	2
47	29	10	6	38	35	1	1	36	31	33	2	1	41	14	28	42	11	14	14	34	24	43	12	24	2
47	29	10	6	38	35	1	1	36	31	33	2	1	41	14	28	42	21	26	26	8	32	19	12	24	2
47	29	10	6	38	35	1	1	36	31	33	2	1	41	14	28	42	24	16	27	10	29	11	12	24	2
47	29	10	6	38	35	1	1	36	31	33	2	1	41	14	28	42	26	46	36	20	19	14	12	24	2
47	29	10	6	38	35	1	1	36	31	33	2	1	41	14	28	42	28	12	42	5	13	39	12	24	2
47	29	10	6	38	35	1	1	36	31	33	2	1	41	14	28	42	29	25	26	29	15	23	12	24	2
47	29	10	6	38	35	1	1	36	31	33	2	1	41	14	28	42	36	37	35	33	4	34	12	24	2
47	29	10	6	38	35	1	1	36	31	33	2	1	41	14	28	42	38	5	24	30	19	7	12	24	2
47	29	10	6	38	35	1	1	36	31	33	2	1	41	14	28	42	42	36	2	40	22	3	12	24	2
47	29	10	6	38	35	1	1	36	31	33	2	1	41	14	28	42	43	3	30	14	29	0	12	24	2
47	29	10	6	38	35	1	1	36	31	33	2	1	41	14	28	42	43	15	27	42	18	0	12	24	2
47	29	10	6	38	35	1	1	36	31	33	2	1	41	14	28	42	46	15	5	20	45	33	12	24	2
47	29	10	6	38	35	2	1	31	36	33	2	1	41	14	28	42	2	19	24	7	28	16	12	24	2
47	29	10	6	38	35	2	1	31	36	33	2	1	41	14	28	42	3	38	7	3	19	34	12	24	2
47	29	10	6	38	35	2	1	31	36	33	2	1	41	14	28	42	8	19	46	37	9	43	12	24	2
47	29	10	6	38	35	2	1	31	36	33	2	1	41	14	28	42	10	31	29	9	22	37	12	24	2
47	29	10	6	38	35	2	1	31	36	33	2	1	41	14	28	42	11	14	14	34	24	43	12	24	2
47	29	10	6	38	35	2	1	31	36	33	2	1	41	14	28	42	21	26	26	8	32	19	12	24	2
47	29	10	6	38	35	2	1	31	36	33	2	1	41	14	28	42	24	16	27	10	29	11	12	24	2
47	29	10	6	38	35	2	1	31	36	33	2	1	41	14	28	42	26	46	36	20	19	14	12	24	2
47	29	10	6	38	35	2	1	31	36	33	2	1	41	14	28	42	28	12	42	5	13	39	12	24	2
47	29	10	6	38	35	2	1	31	36	33	2	1	41	14	28	42	29	25	26	29	15	23	12	24	2
47	29	10	6	38	35	2	1	31	36	33	2	1	41	14	28	42	36	37	35	33	4	34	12	24	2
47	29	10	6	38	35	2	1	31	36	33	2	1	41	14	28	42	38	5	24	30	19	7	12	24	2
47	29	10	6	38	35	2	1	31	36	33	2	1	41	14	28	42	42	36	2	40	22	3	12	24	2
47	29	10	6	38	35	2	1	31	36	33	2	1	41	14	28	42	43	3	30	14	29	0	12	24	2
47	29	10	6	38	35	2	1	31	36	33	2	1	41	14	28	42	43	15	27	42	18	0	12	24	2
47	29	10	6	38	35	2	1	31	36	33	2	1	41	14	28	42	46	15	5	20	45	33	12	24	2
47	29	10	6	38	35	3	36	31	1	33	2	1	41	14	28	42	2	19	24	7	28	16	12	24	2
47	29	10	6	38	35	3	36	31	1	33	2	1	41	14	28	42	3	38	7	3	19	34	12	24	2
47	29	10	6	38	35	3	36	31	1	33	2	1	41	14	28	42	8	19	46	37	9	43	12	24	2
47	29	10	6	38	35	3	36	31	1	33	2	1	41	14	28	42	10	31	29	9	22	37	12	24	2
47	29	10	6	38	35	3	36	31	1	33	2	1	41	14	28	42	11	14	14	34	24	43	12	24	2
47	29	10	6	38	35	3	36	31	1	33	2	1	41	14	28	42	21	26	26	8	32	19	12	24	2
47	29	10	6	38	35	3	36	31	1	33	2	1	41	14	28	42	24	16	27	10	29	11	12	24	2
47	29	10	6	38	35	3	36	31	1	33	2	1	41	14	28	42	26	46	36	20	19	14	12	24	2
47	29	10	6	38	35	3	36	31	1	33	2	1	41	14	28	42	28	12	42	5	13	39	12	24	2
47	29	10	6	38	35	3	36	31	1	33	2	1	41	14	28	42	29	25	26	29	15	23	12	24	2
47	29	10	6	38	35	3	36	31	1	33	2	1	41	14	28	42	36	37	35	33	4	34	12	24	2
47	29	10	6	38	35	3	36	31	1	33	2	1	41	14	28	42	38	5	24	30	19	7	12	24	2
47	29	10	6	38	35	3	36	31	1	33	2	1	41	14	28	42	42	36	2	40	22	3	12	24	2
47	29	10	6	38	35	3	36	31	1	33	2	1	41	14	28	42	43	3	30	14	29	0	12	24	2
47	29	10	6	38	35	3	36	31	1	33	2	1	41	14	28	42	43	15	27	42	18	0	12	24	2
47	29	10	6	38	35	3	36	31	1	33	2	1	41	14	28	42	46	15	5	20	45	33	12	24	2
47	29	20	3	42	1	1	30	45	42	16	7	26	13	37	27	13	8	12	37	23	1	9	12	24	2
47	29	20	3	42	1	1	30	45	42	16	7	26	13	37	27	13	11	35	19	31	38	34	12	24	2
47	29	20	3	42	1	1	30	45	42	16	7	26	13	37	27	13	15	37	38	31	0	31	12	24	2
47	29	20	3	42	1	1	30	45	42	16	7	26	13	37	27	13	16	40	28	21	36	41	12	24	2
47	29	20	3	42	1	1	30	45	42	16	7	26	13	37	27	13	21	15	7	40	29	43	12	24	2
47	29	20	3	42	1	1	30	45	42	16	7	26	13	37	27	13	24	10	1	21	39	0	12	24	2
47	29	20	3	42	1	1	30	45	42	16	7	26	13	37	27	13	24	14	9	42	8	0	12	24	2
47	29	20	3	42	1	1	30	45	42	16	7	26	13	37	27	13	26	2	42	24	32	7	12	24	2
47	29	20	3	42	1	1	30	45	42	16	7	26	13	37	27	13	28	22	25	22	18	20	12	24	2
47	29	20	3	42	1	1	30	45	42	16	7	26	13	37	27	13	33	45	7	25	35	26	12	24	2
47	29	20	3	42	1	1	30	45	42	16	7	26	13	37	27	13	36	18	27	42	4	12	12	24	2
47	29	20	3	42	1	1	30	45	42	16	7	26	13	37	27	13	40	0	18	33	20	14	12	24	2
47	29	20	3	42	1	1	30	45	42	16	7	26	13	37	27	13	42	1	42	15	45	25	12	24	2
47	29	20	3	42	1	1	30	45	42	16	7	26	13	37	27	13	43	25	34	36	21	25	12	24	2
47	29	20	3	42	1	1	30	45	42	16	7	26	13	37	27	13	44	25	19	1	9	45	12	24	2
47	29	20	3	42	1	1	30	45	42	16	7	26	13	37	27	13	46	32	21	33	25	29	12	24	2
47	29	20	3	42	1	2	30	42	45	16	7	26	13	37	27	13	8	12	37	23	1	9	12	24	2
47	29	20	3	42	1	2	30	42	45	16	7	26	13	37	27	13	11	35	19	31	38	34	12	24	2
47	29	20	3	42	1	2	30	42	45	16	7	26	13	37	27	13	15	37	38	31	0	31	12	24	2
47	29	20	3	42	1	2	30	42	45	16	7	26	13	37	27	13	16	40	28	21	36	41	12	24	2
47	29	20	3	42	1	2	30	42	45	16	7	26	13	37	27	13	21	15	7	40	29	43	12	24	2
47	29	20	3	42	1	2	30	42	45	16	7	26	13	37	27	13	24	10	1	21	39	0	12	24	2
47	29	20	3	42	1	2	30	42	45	16	7	26	13	37	27	13	24	14	9	42	8	0	12	24	2
47	29	20	3	42	1	2	30	42	45	16	7	26	13	37	27	13	26	2	42	24	32	7	12	24	2
47	29	20	3	42	1	2	30	42	45	16	7	26	13	37	27	13	28	22	25	22	18	20	12	24	2
47	29	20	3	42	1	2	30	42	45	16	7	26	13	37	27	13	33	45	7	25	35	26	12	24	2
47	29	20	3	42	1	2	30	42	45	16	7	26	13	37	27	13	36	18	27	42	4	12	12	24	2
47	29	20	3	42	1	2	30	42	45	16	7	26	13	37	27	13	40	0	18	33	20	14	12	24	2
47	29	20	3	42	1	2	30	42	45	16	7	26	13	37	27	13	42	1	42	15	45	25	12	24	2
47	29	20	3	42	1	2	30	42	45	16	7	26	13	37	27	13	43	25	34	36	21	25	12	24	2
47	29	20	3	42	1	2	30	42	45	16	7	26	13	37	27	13	44	25	19	1	9	45	12	24	2
47	29	20	3	42	1	2	30	42	45	16	7	26	13	37	27	13	46	32	21	33	25	29	12	24	2
47	29	20	3	42	1	3	45	42	30	16	7	26	13	37	27	13	8	12	37	23	1	9	12	24	2
47	29	20	3	42	1	3	45	42	30	16	7	26	13	37	27	13	11	35	19	31	38	34	12	24	2
47	29	20	3	42	1	3	45	42	30	16	7	26	13	37	27	13	15	37	38	31	0	31	12	24	2
47	29	20	3	42	1	3	45	42	30	16	7	26	13	37	27	13	16	40	28	21	36	41	12	24	2
47	29	20	3	42	1	3	45	42	30	16	7	26	13	37	27	13	21	15	7	40	29	43	12	24	2
47	29	20	3	42	1	3	45	42	30	16	7	26	13	37	27	13	24	10	1	21	39	0	12	24	2
47	29	20	3	42	1	3	45	42	30	16	7	26	13	37	27	13	24	14	9	42	8	0	12	24	2
47	29	20	3	42	1	3	45	42	30	16	7	26	13	37	27	13	26	2	42	24	32	7	12	24	2
47	29	20	3	42	1	3	45	42	30	16	7	26	13	37	27	13	28	22	25	22	18	20	12	24	2
47	29	20	3	42	1	3	45	42	30	16	7	26	13	37	27	13	33	45	7	25	35	26	12	24	2
47	29	20	3	42	1	3	45	42	30	16	7	26	13	37	27	13	36	18	27	42	4	12	12	24	2
47	29	20	3	42	1	3	45	42	30	16	7	26	13	37	27	13	40	0	18	33	20	14	12	24	2
47	29	20	3	42	1	3	45	42	30	16	7	26	13	37	27	13	42	1	42	15	45	25	12	24	2
47	29	20	3	42	1	3	45	42	30	16	7	26	13	37	27	13	43	25	34	36	21	25	12	24	2
47	29	20	3	42	1	3	45	42	30	16	7	26	13	37	27	13	44	25	19	1	9	45	12	24	2
47	29	20	3	42	1	3	45	42	30	16	7	26	13	37	27	13	46	32	21	33	25	29	12	24	2
47	29	20	3	5	46	1	17	2	5	31	32	40	8	34	37	16	5	24	21	7	44	9	12	24	2
47	29	20	3	5	46	1	17	2	5	31	32	40	8	34	37	16	6	21	46	30	25	16	12	24	2
47	29	20	3	5	46	1	17	2	5	31	32	40	8	34	37	16	7	28	43	37	17	27	12	24	2
47	29	20	3	5	46	1	17	2	5	31	32	40	8	34	37	16	10	17	44	31	27	6	12	24	2
47	29	20	3	5	46	1	17	2	5	31	32	40	8	34	37	16	15	33	18	33	22	30	12	24	2
47	29	20	3	5	46	1	17	2	5	31	32	40	8	34	37	16	16	30	19	32	19	26	12	24	2
47	29	20	3	5	46	1	17	2	5	31	32	40	8	34	37	16	23	16	17	27	46	17	12	24	2
47	29	20	3	5	46	1	17	2	5	31	32	40	8	34	37	16	25	22	8	20	36	5	12	24	2
47	29	20	3	5	46	1	17	2	5	31	32	40	8	34	37	16	28	26	26	17	11	45	12	24	2
47	29	20	3	5	46	1	17	2	5	31	32	40	8	34	37	16	33	27	36	38	17	42	12	24	2
47	29	20	3	5	46	1	17	2	5	31	32	40	8	34	37	16	36	22	22	7	8	45	12	24	2
47	29	20	3	5	46	1	17	2	5	31	32	40	8	34	37	16	38	32	28	38	14	43	12	24	2
47	29	20	3	5	46	1	17	2	5	31	32	40	8	34	37	16	43	34	41	43	22	44	12	24	2
47	29	20	3	5	46	1	17	2	5	31	32	40	8	34	37	16	44	46	33	32	22	36	12	24	2
47	29	20	3	5	46	1	17	2	5	31	32	40	8	34	37	16	45	23	10	34	2	26	12	24	2
47	29	20	3	5	46	1	17	2	5	31	32	40	8	34	37	16	46	4	23	43	30	7	12	24	2
47	29	20	3	5	46	2	17	5	2	31	32	40	8	34	37	16	5	24	21	7	44	9	12	24	2
47	29	20	3	5	46	2	17	5	2	31	32	40	8	34	37	16	6	21	46	30	25	16	12	24	2
47	29	20	3	5	46	2	17	5	2	31	32	40	8	34	37	16	7	28	43	37	17	27	12	24	2
47	29	20	3	5	46	2	17	5	2	31	32	40	8	34	37	16	10	17	44	31	27	6	12	24	2
47	29	20	3	5	46	2	17	5	2	31	32	40	8	34	37	16	15	33	18	33	22	30	12	24	2
47	29	20	3	5	46	2	17	5	2	31	32	40	8	34	37	16	16	30	19	32	19	26	12	24	2
47	29	20	3	5	46	2	17	5	2	31	32	40	8	34	37	16	23	16	17	27	46	17	12	24	2
47	29	20	3	5	46	2	17	5	2	31	32	40	8	34	37	16	25	22	8	20	36	5	12	24	2
47	29	20	3	5	46	2	17	5	2	31	32	40	8	34	37	16	28	26	26	17	11	45	12	24	2
47	29	20	3	5	46	2	17	5	2	31	32	40	8	34	37	16	33	27	36	38	17	42	12	24	2
47	29	20	3	5	46	2	17	5	2	31	32	40	8	34	37	16	36	22	22	7	8	45	12	24	2
47	29	20	3	5	46	2	17	5	2	31	32	40	8	34	37	16	38	32	28	38	14	43	12	24	2
47	29	20	3	5	46	2	17	5	2	31	32	40	8	34	37	16	43	34	41	43	22	44	12	24	2
47	29	20	3	5	46	2	17	5	2	31	32	40	8	34	37	16	44	46	33	32	22	36	12	24	2
47	29	20	3	5	46	2	17	5	2	31	32	40	8	34	37	16	45	23	10	34	2	26	12	24	2
47	29	20	3	5	46	2	17	5	2	31	32	40	8	34	37	16	46	4	23	43	30	7	12	24	2
47	29	20	3	5	46	3	2	5	17	31	32	40	8	34	37	16	5	24	21	7	44	9	12	24	2
47	29	20	3	5	46	3	2	5	17	31	32	40	8	34	37	16	6	21	46	30	25	16	12	24	2
47	29	20	3	5	46	3	2	5	17	31	32	40	8	34	37	16	7	28	43	37	17	27	12	24	2
47	29	20	3	5	46	3	2	5	17	31	32	40	8	34	37	16	10	17	44	31	27	6	12	24	2
47	29	20	3	5	46	3	2	5	17	31	32	40	8	34	37	16	15	33	18	33	22	30	12	24	2
47	29	20	3	5	46	3	2	5	17	31	32	40	8	34	37	16	16	30	19	32	19	26	12	24	2
47	29	20	3	5	46	3	2	5	17	31	32	40	8	34	37	16	23	16	17	27	46	17	12	24	2
47	29	20	3	5	46	3	2	5	17	31	32	40	8	34	37	16	25	22	8	20	36	5	12	24	2
47	29	20	3	5	46	3	2	5	17	31	32	40	8	34	37	16	28	26	26	17	11	45	12	24	2
47	29	20	3	5	46	3	2	5	17	31	32	40	8	34	37	16	33	27	36	38	17	42	12	24	2
47	29	20	3	5	46	3	2	5	17	31	32	40	8	34	37	16	36	22	22	7	8	45	12	24	2
47	29	20	3	5	46	3	2	5	17	31	32	40	8	34	37	16	38	32	28	38	14	43	12	24	2
47	29	20	3	5	46	3	2	5	17	31	32	40	8	34	37	16	43	34	41	43	22	44	12	24	2
47	29	20	3	5	46	3	2	5	17	31	32	40	8	34	37	16	44	46	33	32	22	36	12	24	2
47	29	20	3	5	46	3	2	5	17	31	32	40	8	34	37	16	45	23	10	34	2	26	12	24	2
47	29	20	3	5	46	3	2	5	17	31	32	40	8	34	37	16	46	4	23	43	30	7	12	24	2
47	29	37	41	9	12	1	46	36	31	14	32	41	23	3	35	21	2	9	10	2	12	22	12	24	2
47	29	37	41	9	12	1	46	36	31	14	32	41	23	3	35	21	6	43	18	6	26	6	12	24	2
47	29	37	41	9	12	1	46	36	31	14	32	41	23	3	35	21	8	27	38	4	1	43	12	24	2
47	29	37	41	9	12	1	46	36	31	14	32	41	23	3	35	21	11	33	11	29	38	12	12	24	2
47	29	37	41	9	12	1	46	36	31	14	32	41	23	3	35	21	13	16	8	33	30	32	12	24	2
47	29	37	41	9	12	1	46	36	31	14	32	41	23	3	35	21	18	46	34	4	8	32	12	24	2
47	29	37	41	9	12	1	46	36	31	14	32	41	23	3	35	21	20	12	44	45	14	7	12	24	2
47	29	37	41	9	12	1	46	36	31	14	32	41	23	3	35	21	24	17	20	12	19	9	12	24	2
47	29	37	41	9	12	1	46	36	31	14	32	41	23	3	35	21	34	10	6	6	28	46	12	24	2
47	29	37	41	9	12	1	46	36	31	14	32	41	23	3	35	21	38	31	33	35	43	32	12	24	2
47	29	37	41	9	12	2	46	31	36	14	32	41	23	3	35	21	2	9	10	2	12	22	12	24	2
47	29	37	41	9	12	2	46	31	36	14	32	41	23	3	35	21	6	43	18	6	26	6	12	24	2
47	29	37	41	9	12	2	46	31	36	14	32	41	23	3	35	21	8	27	38	4	1	43	12	24	2
47	29	37	41	9	12	2	46	31	36	14	32	41	23	3	35	21	11	33	11	29	38	12	12	24	2
47	29	37	41	9	12	2	46	31	36	14	32	41	23	3	35	21	13	16	8	33	30	32	12	24	2
47	29	37	41	9	12	2	46	31	36	14	32	41	23	3	35	21	18	46	34	4	8	32	12	24	2
47	29	37	41	9	12	2	46	31	36	14	32	41	23	3	35	21	20	12	44	45	14	7	12	24	2
47	29	37	41	9	12	2	46	31	36	14	32	41	23	3	35	21	24	17	20	12	19	9	12	24	2
47	29	37	41	9	12	2	46	31	36	14	32	41	23	3	35	21	34	10	6	6	28	46	12	24	2
47	29	37	41	9	12	2	46	31	36	14	32	41	23	3	35	21	38	31	33	35	43	32	12	24	2
47	29	37	41	9	12	3	36	31	46	14	32	41	23	3	35	21	2	9	10	2	12	22	12	24	2
47	29	37	41	9	12	3	36	31	46	14	32	41	23	3	35	21	6	43	18	6	26	6	12	24	2
47	29	37	41	9	12	3	36	31	46	14	32	41	23	3	35	21	8	27	38	4	1	43	12	24	2
47	29	37	41	9	12	3	36	31	46	14	32	41	23	3	35	21	11	33	11	29	38	12	12	24	2
47	29	37	41	9	12	3	36	31	46	14	32	41	23	3	35	21	13	16	8	33	30	32	12	24	2
47	29	37	41	9	12	3	36	31	46	14	32	41	23	3	35	21	18	46	34	4	8	32	12	24	2
47	29	37	41	9	12	3	36	31	46	14	32	41	23	3	35	21	20	12	44	45	14	7	12	24	2
47	29	37	41	9	12	3	36	31	46	14	32	41	23	3	35	21	24	17	20	12	19	9	12	24	2
47	29	37	41	9	12	3	36	31	46	14	32	41	23	3	35	21	34	10	6	6	28	46	12	24	2
47	29	37	41	9	12	3	36	31	46	14	32	41	23	3	35	21	38	31	33	35	43	32	12	24	2
47	29	37	41	38	35	1	1	11	16	33	12	5	32	8	43	38	1	35	27	16	19	40	12	24	2
47	29	37	41	38	35	1	1	11	16	33	12	5	32	8	43	38	2	32	26	13	40	43	12	24	2
47	29	37	41	38	35	1	1	11	16	33	12	5	32	8	43	38	5	33	16	40	23	35	12	24	2
47	29	37	41	38	35	1	1	11	16	33	12	5	32	8	43	38	6	11	25	25	45	24	12	24	2
47	29	37	41	38	35	1	1	11	16	33	12	5	32	8	43	38	7	24	41	13	22	15	12	24	2
47	29	37	41	38	35	1	1	11	16	33	12	5	32	8	43	38	9	43	17	38	44	37	12	24	2
47	29	37	41	38	35	1	1	11	16	33	12	5	32	8	43	38	11	6	28	3	29	17	12	24	2
47	29	37	41	38	35	1	1	11	16	33	12	5	32	8	43	38	13	38	16	10	24	3	12	24	2
47	29	37	41	38	35	1	1	11	16	33	12	5	32	8	43	38	15	0	9	6	24	11	12	24	2
47	29	37	41	38	35	1	1	11	16	33	12	5	32	8	43	38	16	24	13	38	32	14	12	24	2
47	29	37	41	38	35	1	1	11	16	33	12	5	32	8	43	38	16	43	23	8	15	33	12	24	2
47	29	37	41	38	35	1	1	11	16	33	12	5	32	8	43	38	18	39	12	4	41	24	12	24	2
47	29	37	41	38	35	1	1	11	16	33	12	5	32	8	43	38	21	2	17	19	14	0	12	24	2
47	29	37	41	38	35	1	1	11	16	33	12	5	32	8	43	38	21	15	40	26	33	0	12	24	2
47	29	37	41	38	35	1	1	11	16	33	12	5	32	8	43	38	35	46	12	25	42	8	12	24	2
47	29	37	41	38	35	1	1	11	16	33	12	5	32	8	43	38	45	45	11	16	38	26	12	24	2
47	29	37	41	38	35	2	1	16	11	33	12	5	32	8	43	38	1	35	27	16	19	40	12	24	2
47	29	37	41	38	35	2	1	16	11	33	12	5	32	8	43	38	2	32	26	13	40	43	12	24	2
47	29	37	41	38	35	2	1	16	11	33	12	5	32	8	43	38	5	33	16	40	23	35	12	24	2
47	29	37	41	38	35	2	1	16	11	33	12	5	32	8	43	38	6	11	25	25	45	24	12	24	2
47	29	37	41	38	35	2	1	16	11	33	12	5	32	8	43	38	7	24	41	13	22	15	12	24	2
47	29	37	41	38	35	2	1	16	11	33	12	5	32	8	43	38	9	43	17	38	44	37	12	24	2
47	29	37	41	38	35	2	1	16	11	33	12	5	32	8	43	38	11	6	28	3	29	17	12	24	2
47	29	37	41	38	35	2	1	16	11	33	12	5	32	8	43	38	13	38	16	10	24	3	12	24	2
47	29	37	41	38	35	2	1	16	11	33	12	5	32	8	43	38	15	0	9	6	24	11	12	24	2
47	29	37	41	38	35	2	1	16	11	33	12	5	32	8	43	38	16	24	13	38	32	14	12	24	2
47	29	37	41	38	35	2	1	16	11	33	12	5	32	8	43	38	16	43	23	8	15	33	12	24	2
47	29	37	41	38	35	2	1	16	11	33	12	5	32	8	43	38	18	39	12	4	41	24	12	24	2
47	29	37	41	38	35	2	1	16	11	33	12	5	32	8	43	38	21	2	17	19	14	0	12	24	2
47	29	37	41	38	35	2	1	16	11	33	12	5	32	8	43	38	21	15	40	26	33	0	12	24	2
47	29	37	41	38	35	2	1	16	11	33	12	5	32	8	43	38	35	46	12	25	42	8	12	24	2
47	29	37	41	38	35	2	1	16	11	33	12	5	32	8	43	38	45	45	11	16	38	26	12	24	2
47	29	37	41	38	35	3	11	16	1	33	12	5	32	8	43	38	1	35	27	16	19	40	12	24	2
47	29	37	41	38	35	3	11	16	1	33	12	5	32	8	43	38	2	32	26	13	40	43	12	24	2
47	29	37	41	38	35	3	11	16	1	33	12	5	32	8	43	38	5	33	16	40	23	35	12	24	2
47	29	37	41	38	35	3	11	16	1	33	12	5	32	8	43	38	6	11	25	25	45	24	12	24	2
47	29	37	41	38	35	3	11	16	1	33	12	5	32	8	43	38	7	24	41	13	22	15	12	24	2
47	29	37	41	38	35	3	11	16	1	33	12	5	32	8	43	38	9	43	17	38	44	37	12	24	2
47	29	37	41	38	35	3	11	16	1	33	12	5	32	8	43	38	11	6	28	3	29	17	12	24	2
47	29	37	41	38	35	3	11	16	1	33	12	5	32	8	43	38	13	38	16	10	24	3	12	24	2
47	29	37	41	38	35	3	11	16	1	33	12	5	32	8	43	38	15	0	9	6	24	11	12	24	2
47	29	37	41	38	35	3	11	16	1	33	12	5	32	8	43	38	16	24	13	38	32	14	12	24	2
47	29	37	41	38	35	3	11	16	1	33	12	5	32	8	43	38	16	43	23	8	15	33	12	24	2
47	29	37	41	38	35	3	11	16	1	33	12	5	32	8	43	38	18	39	12	4	41	24	12	24	2
47	29	37	41	38	35	3	11	16	1	33	12	5	32	8	43	38	21	2	17	19	14	0	12	24	2
47	29	37	41	38	35	3	11	16	1	33	12	5	32	8	43	38	21	15	40	26	33	0	12	24	2
47	29	37	41	38	35	3	11	16	1	33	12	5	32	8	43	38	35	46	12	25	42	8	12	24	2
47	29	37	41	38	35	3	11	16	1	33	12	5	32	8	43	38	45	45	11	16	38	26	12	24	2
47	29	41	37	9	12	1	46	31	36	14	32	41	23	3	35	21	2	9	10	2	12	22	12	24	2
47	29	41	37	9	12	1	46	31	36	14	32	41	23	3	35	21	6	43	18	6	26	6	12	24	2
47	29	41	37	9	12	1	46	31	36	14	32	41	23	3	35	21	8	27	38	4	1	43	12	24	2
47	29	41	37	9	12	1	46	31	36	14	32	41	23	3	35	21	11	33	11	29	38	12	12	24	2
47	29	41	37	9	12	1	46	31	36	14	32	41	23	3	35	21	13	16	8	33	30	32	12	24	2
47	29	41	37	9	12	1	46	31	36	14	32	41	23	3	35	21	18	46	34	4	8	32	12	24	2
47	29	41	37	9	12	1	46	31	36	14	32	41	23	3	35	21	20	12	44	45	14	7	12	24	2
47	29	41	37	9	12	1	46	31	36	14	32	41	23	3	35	21	24	17	20	12	19	9	12	24	2
47	29	41	37	9	12	1	46	31	36	14	32	41	23	3	35	21	34	10	6	6	28	46	12	24	2
47	29	41	37	9	12	1	46	31	36	14	32	41	23	3	35	21	38	31	33	35	43	32	12	24	2
47	29	41	37	9	12	2	46	36	31	14	32	41	23	3	35	21	2	9	10	2	12	22	12	24	2
47	29	41	37	9	12	2	46	36	31	14	32	41	23	3	35	21	6	43	18	6	26	6	12	24	2
47	29	41	37	9	12	2	46	36	31	14	32	41	23	3	35	21	8	27	38	4	1	43	12	24	2
47	29	41	37	9	12	2	46	36	31	14	32	41	23	3	35	21	11	33	11	29	38	12	12	24	2
47	29	41	37	9	12	2	46	36	31	14	32	41	23	3	35	21	13	16	8	33	30	32	12	24	2
47	29	41	37	9	12	2	46	36	31	14	32	41	23	3	35	21	18	46	34	4	8	32	12	24	2
47	29	41	37	9	12	2	46	36	31	14	32	41	23	3	35	21	20	12	44	45	14	7	12	24	2
47	29	41	37	9	12	2	46	36	31	14	32	41	23	3	35	21	24	17	20	12	19	9	12	24	2
47	29	41	37	9	12	2	46	36	31	14	32	41	23	3	35	21	34	10	6	6	28	46	12	24	2
47	29	41	37	9	12	2	46	36	31	14	32	41	23	3	35	21	38	31	33	35	43	32	12	24	2
47	29	41	37	9	12	3	31	36	46	14	32	41	23	3	35	21	2	9	10	2	12	22	12	24	2
47	29	41	37	9	12	3	31	36	46	14	32	41	23	3	35	21	6	43	18	6	26	6	12	24	2
47	29	41	37	9	12	3	31	36	46	14	32	41	23	3	35	21	8	27	38	4	1	43	12	24	2
47	29	41	37	9	12	3	31	36	46	14	32	41	23	3	35	21	11	33	11	29	38	12	12	24	2
47	29	41	37	9	12	3	31	36	46	14	32	41	23	3	35	21	13	16	8	33	30	32	12	24	2
47	29	41	37	9	12	3	31	36	46	14	32	41	23	3	35	21	18	46	34	4	8	32	12	24	2
47	29	41	37	9	12	3	31	36	46	14	32	41	23	3	35	21	20	12	44	45	14	7	12	24	2
47	29	41	37	9	12	3	31	36	46	14	32	41	23	3	35	21	24	17	20	12	19	9	12	24	2
47	29	41	37	9	12	3	31	36	46	14	32	41	23	3	35	21	34	10	6	6	28	46	12	24	2
47	29	41	37	9	12	3	31	36	46	14	32	41	23	3	35	21	38	31	33	35	43	32	12	24	2
47	29	41	37	38	35	1	1	16	11	33	12	5	32	8	43	38	1	35	27	16	19	40	12	24	2
47	29	41	37	38	35	1	1	16	11	33	12	5	32	8	43	38	2	32	26	13	40	43	12	24	2
47	29	41	37	38	35	1	1	16	11	33	12	5	32	8	43	38	5	33	16	40	23	35	12	24	2
47	29	41	37	38	35	1	1	16	11	33	12	5	32	8	43	38	6	11	25	25	45	24	12	24	2
47	29	41	37	38	35	1	1	16	11	33	12	5	32	8	43	38	7	24	41	13	22	15	12	24	2
47	29	41	37	38	35	1	1	16	11	33	12	5	32	8	43	38	9	43	17	38	44	37	12	24	2
47	29	41	37	38	35	1	1	16	11	33	12	5	32	8	43	38	11	6	28	3	29	17	12	24	2
47	29	41	37	38	35	1	1	16	11	33	12	5	32	8	43	38	13	38	16	10	24	3	12	24	2
47	29	41	37	38	35	1	1	16	11	33	12	5	32	8	43	38	15	0	9	6	24	11	12	24	2
47	29	41	37	38	35	1	1	16	11	33	12	5	32	8	43	38	16	24	13	38	32	14	12	24	2
47	29	41	37	38	35	1	1	16	11	33	12	5	32	8	43	38	16	43	23	8	15	33	12	24	2
47	29	41	37	38	35	1	1	16	11	33	12	5	32	8	43	38	18	39	12	4	41	24	12	24	2
47	29	41	37	38	35	1	1	16	11	33	12	5	32	8	43	38	21	2	17	19	14	0	12	24	2
47	29	41	37	38	35	1	1	16	11	33	12	5	32	8	43	38	21	15	40	26	33	0	12	24	2
47	29	41	37	38	35	1	1	16	11	33	12	5	32	8	43	38	35	46	12	25	42	8	12	24	2
47	29	41	37	38	35	1	1	16	11	33	12	5	32	8	43	38	45	45	11	16	38	26	12	24	2
47	29	41	37	38	35	2	1	11	16	33	12	5	32	8	43	38	1	35	27	16	19	40	12	24	2
47	29	41	37	38	35	2	1	11	16	33	12	5	32	8	43	38	2	32	26	13	40	43	12	24	2
47	29	41	37	38	35	2	1	11	16	33	12	5	32	8	43	38	5	33	16	40	23	35	12	24	2
47	29	41	37	38	35	2	1	11	16	33	12	5	32	8	43	38	6	11	25	25	45	24	12	24	2
47	29	41	37	38	35	2	1	11	16	33	12	5	32	8	43	38	7	24	41	13	22	15	12	24	2
47	29	41	37	38	35	2	1	11	16	33	12	5	32	8	43	38	9	43	17	38	44	37	12	24	2
47	29	41	37	38	35	2	1	11	16	33	12	5	32	8	43	38	11	6	28	3	29	17	12	24	2
47	29	41	37	38	35	2	1	11	16	33	12	5	32	8	43	38	13	38	16	10	24	3	12	24	2
47	29	41	37	38	35	2	1	11	16	33	12	5	32	8	43	38	15	0	9	6	24	11	12	24	2
47	29	41	37	38	35	2	1	11	16	33	12	5	32	8	43	38	16	24	13	38	32	14	12	24	2
47	29	41	37	38	35	2	1	11	16	33	12	5	32	8	43	38	16	43	23	8	15	33	12	24	2
47	29	41	37	38	35	2	1	11	16	33	12	5	32	8	43	38	18	39	12	4	41	24	12	24	2
47	29	41	37	38	35	2	1	11	16	33	12	5	32	8	43	38	21	2	17	19	14	0	12	24	2
47	29	41	37	38	35	2	1	11	16	33	12	5	32	8	43	38	21	15	40	26	33	0	12	24	2
47	29	41	37	38	35	2	1	11	16	33	12	5	32	8	43	38	35	46	12	25	42	8	12	24	2
47	29	41	37	38	35	2	1	11	16	33	12	5	32	8	43	38	45	45	11	16	38	26	12	24	2
47	29	41	37	38	35	3	16	11	1	33	12	5	32	8	43	38	1	35	27	16	19	40	12	24	2
47	29	41	37	38	35	3	16	11	1	33	12	5	32	8	43	38	2	32	26	13	40	43	12	24	2
47	29	41	37	38	35	3	16	11	1	33	12	5	32	8	43	38	5	33	16	40	23	35	12	24	2
47	29	41	37	38	35	3	16	11	1	33	12	5	32	8	43	38	6	11	25	25	45	24	12	24	2
47	29	41	37	38	35	3	16	11	1	33	12	5	32	8	43	38	7	24	41	13	22	15	12	24	2
47	29	41	37	38	35	3	16	11	1	33	12	5	32	8	43	38	9	43	17	38	44	37	12	24	2
47	29	41	37	38	35	3	16	11	1	33	12	5	32	8	43	38	11	6	28	3	29	17	12	24	2
47	29	41	37	38	35	3	16	11	1	33	12	5	32	8	43	38	13	38	16	10	24	3	12	24	2
47	29	41	37	38	35	3	16	11	1	33	12	5	32	8	43	38	15	0	9	6	24	11	12	24	2
47	29	41	37	38	35	3	16	11	1	33	12	5	32	8	43	38	16	24	13	38	32	14	12	24	2
47	29	41	37	38	35	3	16	11	1	33	12	5	32	8	43	38	16	43	23	8	15	33	12	24	2
47	29	41	37	38	35	3	16	11	1	33	12	5	32	8	43	38	18	39	12	4	41	24	12	24	2
47	29	41	37	38	35	3	16	11	1	33	12	5	32	8	43	38	21	2	17	19	14	0	12	24	2
47	29	41	37	38	35	3	16	11	1	33	12	5	32	8	43	38	21	15	40	26	33	0	12	24	2
47	29	41	37	38	35	3	16	11	1	33	12	5	32	8	43	38	35	46	12	25	42	8	12	24	2
47	29	41	37	38	35	3	16	11	1	33	12	5	32	8	43	38	45	45	11	16	38	26	12	24	2
47	30	3	35	4	25	1	39	18	22	14	46	28	22	27	23	3	5	37	40	4	30	8	12	24	2
47	30	3	35	4	25	1	39	18	22	14	46	28	22	27	23	3	10	31	43	18	15	27	12	24	2
47	30	3	35	4	25	1	39	18	22	14	46	28	22	27	23	3	11	17	24	9	37	10	12	24	2
47	30	3	35	4	25	1	39	18	22	14	46	28	22	27	23	3	13	24	28	20	8	8	12	24	2
47	30	3	35	4	25	1	39	18	22	14	46	28	22	27	23	3	21	3	21	26	18	23	12	24	2
47	30	3	35	4	25	1	39	18	22	14	46	28	22	27	23	3	22	39	37	17	23	13	12	24	2
47	30	3	35	4	25	1	39	18	22	14	46	28	22	27	23	3	34	7	22	45	25	29	12	24	2
47	30	3	35	4	25	1	39	18	22	14	46	28	22	27	23	3	36	11	30	32	18	1	12	24	2
47	30	3	35	4	25	1	39	18	22	14	46	28	22	27	23	3	37	29	37	8	42	35	12	24	2
47	30	3	35	4	25	1	39	18	22	14	46	28	22	27	23	3	38	18	0	15	18	7	12	24	2
47	30	3	35	4	25	2	39	22	18	14	46	28	22	27	23	3	5	37	40	4	30	8	12	24	2
47	30	3	35	4	25	2	39	22	18	14	46	28	22	27	23	3	10	31	43	18	15	27	12	24	2
47	30	3	35	4	25	2	39	22	18	14	46	28	22	27	23	3	11	17	24	9	37	10	12	24	2
47	30	3	35	4	25	2	39	22	18	14	46	28	22	27	23	3	13	24	28	20	8	8	12	24	2
47	30	3	35	4	25	2	39	22	18	14	46	28	22	27	23	3	21	3	21	26	18	23	12	24	2
47	30	3	35	4	25	2	39	22	18	14	46	28	22	27	23	3	22	39	37	17	23	13	12	24	2
47	30	3	35	4	25	2	39	22	18	14	46	28	22	27	23	3	34	7	22	45	25	29	12	24	2
47	30	3	35	4	25	2	39	22	18	14	46	28	22	27	23	3	36	11	30	32	18	1	12	24	2
47	30	3	35	4	25	2	39	22	18	14	46	28	22	27	23	3	37	29	37	8	42	35	12	24	2
47	30	3	35	4	25	2	39	22	18	14	46	28	22	27	23	3	38	18	0	15	18	7	12	24	2
47	30	3	35	4	25	3	18	22	39	14	46	28	22	27	23	3	5	37	40	4	30	8	12	24	2
47	30	3	35	4	25	3	18	22	39	14	46	28	22	27	23	3	10	31	43	18	15	27	12	24	2
47	30	3	35	4	25	3	18	22	39	14	46	28	22	27	23	3	11	17	24	9	37	10	12	24	2
47	30	3	35	4	25	3	18	22	39	14	46	28	22	27	23	3	13	24	28	20	8	8	12	24	2
47	30	3	35	4	25	3	18	22	39	14	46	28	22	27	23	3	21	3	21	26	18	23	12	24	2
47	30	3	35	4	25	3	18	22	39	14	46	28	22	27	23	3	22	39	37	17	23	13	12	24	2
47	30	3	35	4	25	3	18	22	39	14	46	28	22	27	23	3	34	7	22	45	25	29	12	24	2
47	30	3	35	4	25	3	18	22	39	14	46	28	22	27	23	3	36	11	30	32	18	1	12	24	2
47	30	3	35	4	25	3	18	22	39	14	46	28	22	27	23	3	37	29	37	8	42	35	12	24	2
47	30	3	35	4	25	3	18	22	39	14	46	28	22	27	23	3	38	18	0	15	18	7	12	24	2
47	30	3	35	43	22	1	8	29	25	33	2	21	41	6	1	15	1	39	12	39	1	6	12	24	2
47	30	3	35	43	22	1	8	29	25	33	2	21	41	6	1	15	6	2	28	16	8	31	12	24	2
47	30	3	35	43	22	1	8	29	25	33	2	21	41	6	1	15	9	37	13	24	4	25	12	24	2
47	30	3	35	43	22	1	8	29	25	33	2	21	41	6	1	15	10	15	18	41	8	23	12	24	2
47	30	3	35	43	22	1	8	29	25	33	2	21	41	6	1	15	11	44	21	9	12	29	12	24	2
47	30	3	35	43	22	1	8	29	25	33	2	21	41	6	1	15	14	6	28	43	36	43	12	24	2
47	30	3	35	43	22	1	8	29	25	33	2	21	41	6	1	15	16	23	38	13	33	18	12	24	2
47	30	3	35	43	22	1	8	29	25	33	2	21	41	6	1	15	18	45	9	18	11	36	12	24	2
47	30	3	35	43	22	1	8	29	25	33	2	21	41	6	1	15	20	17	18	45	20	10	12	24	2
47	30	3	35	43	22	1	8	29	25	33	2	21	41	6	1	15	22	32	12	42	46	15	12	24	2
47	30	3	35	43	22	1	8	29	25	33	2	21	41	6	1	15	32	38	0	20	17	14	12	24	2
47	30	3	35	43	22	1	8	29	25	33	2	21	41	6	1	15	33	34	5	16	16	16	12	24	2
47	30	3	35	43	22	1	8	29	25	33	2	21	41	6	1	15	34	29	28	17	11	16	12	24	2
47	30	3	35	43	22	1	8	29	25	33	2	21	41	6	1	15	38	31	42	15	45	23	12	24	2
47	30	3	35	43	22	1	8	29	25	33	2	21	41	6	1	15	39	43	3	4	7	46	12	24	2
47	30	3	35	43	22	1	8	29	25	33	2	21	41	6	1	15	43	9	5	30	34	17	12	24	2
47	30	3	35	43	22	2	8	25	29	33	2	21	41	6	1	15	1	39	12	39	1	6	12	24	2
47	30	3	35	43	22	2	8	25	29	33	2	21	41	6	1	15	6	2	28	16	8	31	12	24	2
47	30	3	35	43	22	2	8	25	29	33	2	21	41	6	1	15	9	37	13	24	4	25	12	24	2
47	30	3	35	43	22	2	8	25	29	33	2	21	41	6	1	15	10	15	18	41	8	23	12	24	2
47	30	3	35	43	22	2	8	25	29	33	2	21	41	6	1	15	11	44	21	9	12	29	12	24	2
47	30	3	35	43	22	2	8	25	29	33	2	21	41	6	1	15	14	6	28	43	36	43	12	24	2
47	30	3	35	43	22	2	8	25	29	33	2	21	41	6	1	15	16	23	38	13	33	18	12	24	2
47	30	3	35	43	22	2	8	25	29	33	2	21	41	6	1	15	18	45	9	18	11	36	12	24	2
47	30	3	35	43	22	2	8	25	29	33	2	21	41	6	1	15	20	17	18	45	20	10	12	24	2
47	30	3	35	43	22	2	8	25	29	33	2	21	41	6	1	15	22	32	12	42	46	15	12	24	2
47	30	3	35	43	22	2	8	25	29	33	2	21	41	6	1	15	32	38	0	20	17	14	12	24	2
47	30	3	35	43	22	2	8	25	29	33	2	21	41	6	1	15	33	34	5	16	16	16	12	24	2
47	30	3	35	43	22	2	8	25	29	33	2	21	41	6	1	15	34	29	28	17	11	16	12	24	2
47	30	3	35	43	22	2	8	25	29	33	2	21	41	6	1	15	38	31	42	15	45	23	12	24	2
47	30	3	35	43	22	2	8	25	29	33	2	21	41	6	1	15	39	43	3	4	7	46	12	24	2
47	30	3	35	43	22	2	8	25	29	33	2	21	41	6	1	15	43	9	5	30	34	17	12	24	2
47	30	3	35	43	22	3	29	25	8	33	2	21	41	6	1	15	1	39	12	39	1	6	12	24	2
47	30	3	35	43	22	3	29	25	8	33	2	21	41	6	1	15	6	2	28	16	8	31	12	24	2
47	30	3	35	43	22	3	29	25	8	33	2	21	41	6	1	15	9	37	13	24	4	25	12	24	2
47	30	3	35	43	22	3	29	25	8	33	2	21	41	6	1	15	10	15	18	41	8	23	12	24	2
47	30	3	35	43	22	3	29	25	8	33	2	21	41	6	1	15	11	44	21	9	12	29	12	24	2
47	30	3	35	43	22	3	29	25	8	33	2	21	41	6	1	15	14	6	28	43	36	43	12	24	2
47	30	3	35	43	22	3	29	25	8	33	2	21	41	6	1	15	16	23	38	13	33	18	12	24	2
47	30	3	35	43	22	3	29	25	8	33	2	21	41	6	1	15	18	45	9	18	11	36	12	24	2
47	30	3	35	43	22	3	29	25	8	33	2	21	41	6	1	15	20	17	18	45	20	10	12	24	2
47	30	3	35	43	22	3	29	25	8	33	2	21	41	6	1	15	22	32	12	42	46	15	12	24	2
47	30	3	35	43	22	3	29	25	8	33	2	21	41	6	1	15	32	38	0	20	17	14	12	24	2
47	30	3	35	43	22	3	29	25	8	33	2	21	41	6	1	15	33	34	5	16	16	16	12	24	2
47	30	3	35	43	22	3	29	25	8	33	2	21	41	6	1	15	34	29	28	17	11	16	12	24	2
47	30	3	35	43	22	3	29	25	8	33	2	21	41	6	1	15	38	31	42	15	45	23	12	24	2
47	30	3	35	43	22	3	29	25	8	33	2	21	41	6	1	15	39	43	3	4	7	46	12	24	2
47	30	3	35	43	22	3	29	25	8	33	2	21	41	6	1	15	43	9	5	30	34	17	12	24	2
47	30	18	45	12	8	1	13	36	43	17	31	32	45	18	39	12	2	16	1	34	35	40	12	24	2
47	30	18	45	12	8	1	13	36	43	17	31	32	45	18	39	12	2	18	2	39	12	7	12	24	2
47	30	18	45	12	8	1	13	36	43	17	31	32	45	18	39	12	5	13	42	46	34	8	12	24	2
47	30	18	45	12	8	1	13	36	43	17	31	32	45	18	39	12	9	21	8	14	26	7	12	24	2
47	30	18	45	12	8	1	13	36	43	17	31	32	45	18	39	12	14	33	42	27	13	9	12	24	2
47	30	18	45	12	8	1	13	36	43	17	31	32	45	18	39	12	19	1	15	34	43	20	12	24	2
47	30	18	45	12	8	1	13	36	43	17	31	32	45	18	39	12	20	20	46	30	6	4	12	24	2
47	30	18	45	12	8	1	13	36	43	17	31	32	45	18	39	12	27	17	23	12	21	11	12	24	2
47	30	18	45	12	8	1	13	36	43	17	31	32	45	18	39	12	29	30	46	6	1	18	12	24	2
47	30	18	45	12	8	1	13	36	43	17	31	32	45	18	39	12	33	30	14	46	36	40	12	24	2
47	30	18	45	12	8	1	13	36	43	17	31	32	45	18	39	12	35	41	15	22	4	34	12	24	2
47	30	18	45	12	8	1	13	36	43	17	31	32	45	18	39	12	37	4	4	38	25	45	12	24	2
47	30	18	45	12	8	1	13	36	43	17	31	32	45	18	39	12	39	45	40	27	38	18	12	24	2
47	30	18	45	12	8	1	13	36	43	17	31	32	45	18	39	12	40	20	11	32	43	31	12	24	2
47	30	18	45	12	8	1	13	36	43	17	31	32	45	18	39	12	43	8	19	22	17	35	12	24	2
47	30	18	45	12	8	1	13	36	43	17	31	32	45	18	39	12	46	46	23	40	19	26	12	24	2
47	30	18	45	12	8	2	13	43	36	17	31	32	45	18	39	12	2	16	1	34	35	40	12	24	2
47	30	18	45	12	8	2	13	43	36	17	31	32	45	18	39	12	2	18	2	39	12	7	12	24	2
47	30	18	45	12	8	2	13	43	36	17	31	32	45	18	39	12	5	13	42	46	34	8	12	24	2
47	30	18	45	12	8	2	13	43	36	17	31	32	45	18	39	12	9	21	8	14	26	7	12	24	2
47	30	18	45	12	8	2	13	43	36	17	31	32	45	18	39	12	14	33	42	27	13	9	12	24	2
47	30	18	45	12	8	2	13	43	36	17	31	32	45	18	39	12	19	1	15	34	43	20	12	24	2
47	30	18	45	12	8	2	13	43	36	17	31	32	45	18	39	12	20	20	46	30	6	4	12	24	2
47	30	18	45	12	8	2	13	43	36	17	31	32	45	18	39	12	27	17	23	12	21	11	12	24	2
47	30	18	45	12	8	2	13	43	36	17	31	32	45	18	39	12	29	30	46	6	1	18	12	24	2
47	30	18	45	12	8	2	13	43	36	17	31	32	45	18	39	12	33	30	14	46	36	40	12	24	2
47	30	18	45	12	8	2	13	43	36	17	31	32	45	18	39	12	35	41	15	22	4	34	12	24	2
47	30	18	45	12	8	2	13	43	36	17	31	32	45	18	39	12	37	4	4	38	25	45	12	24	2
47	30	18	45	12	8	2	13	43	36	17	31	32	45	18	39	12	39	45	40	27	38	18	12	24	2
47	30	18	45	12	8	2	13	43	36	17	31	32	45	18	39	12	40	20	11	32	43	31	12	24	2
47	30	18	45	12	8	2	13	43	36	17	31	32	45	18	39	12	43	8	19	22	17	35	12	24	2
47	30	18	45	12	8	2	13	43	36	17	31	32	45	18	39	12	46	46	23	40	19	26	12	24	2
47	30	18	45	12	8	3	36	43	13	17	31	32	45	18	39	12	2	16	1	34	35	40	12	24	2
47	30	18	45	12	8	3	36	43	13	17	31	32	45	18	39	12	2	18	2	39	12	7	12	24	2
47	30	18	45	12	8	3	36	43	13	17	31	32	45	18	39	12	5	13	42	46	34	8	12	24	2
47	30	18	45	12	8	3	36	43	13	17	31	32	45	18	39	12	9	21	8	14	26	7	12	24	2
47	30	18	45	12	8	3	36	43	13	17	31	32	45	18	39	12	14	33	42	27	13	9	12	24	2
47	30	18	45	12	8	3	36	43	13	17	31	32	45	18	39	12	19	1	15	34	43	20	12	24	2
47	30	18	45	12	8	3	36	43	13	17	31	32	45	18	39	12	20	20	46	30	6	4	12	24	2
47	30	18	45	12	8	3	36	43	13	17	31	32	45	18	39	12	27	17	23	12	21	11	12	24	2
47	30	18	45	12	8	3	36	43	13	17	31	32	45	18	39	12	29	30	46	6	1	18	12	24	2
47	30	18	45	12	8	3	36	43	13	17	31	32	45	18	39	12	33	30	14	46	36	40	12	24	2
47	30	18	45	12	8	3	36	43	13	17	31	32	45	18	39	12	35	41	15	22	4	34	12	24	2
47	30	18	45	12	8	3	36	43	13	17	31	32	45	18	39	12	37	4	4	38	25	45	12	24	2
47	30	18	45	12	8	3	36	43	13	17	31	32	45	18	39	12	39	45	40	27	38	18	12	24	2
47	30	18	45	12	8	3	36	43	13	17	31	32	45	18	39	12	40	20	11	32	43	31	12	24	2
47	30	18	45	12	8	3	36	43	13	17	31	32	45	18	39	12	43	8	19	22	17	35	12	24	2
47	30	18	45	12	8	3	36	43	13	17	31	32	45	18	39	12	46	46	23	40	19	26	12	24	2
47	30	18	45	35	39	1	34	11	4	30	7	8	43	4	25	13	7	34	11	33	3	46	12	24	2
47	30	18	45	35	39	1	34	11	4	30	7	8	43	4	25	13	8	27	1	34	28	1	12	24	2
47	30	18	45	35	39	1	34	11	4	30	7	8	43	4	25	13	11	26	46	16	30	6	12	24	2
47	30	18	45	35	39	1	34	11	4	30	7	8	43	4	25	13	27	41	2	15	6	29	12	24	2
47	30	18	45	35	39	1	34	11	4	30	7	8	43	4	25	13	29	15	38	28	43	36	12	24	2
47	30	18	45	35	39	1	34	11	4	30	7	8	43	4	25	13	31	45	23	16	30	13	12	24	2
47	30	18	45	35	39	1	34	11	4	30	7	8	43	4	25	13	36	1	35	27	18	31	12	24	2
47	30	18	45	35	39	1	34	11	4	30	7	8	43	4	25	13	39	14	37	28	38	13	12	24	2
47	30	18	45	35	39	1	34	11	4	30	7	8	43	4	25	13	40	43	0	30	12	18	12	24	2
47	30	18	45	35	39	1	34	11	4	30	7	8	43	4	25	13	43	16	16	39	25	1	12	24	2
47	30	18	45	35	39	2	34	4	11	30	7	8	43	4	25	13	7	34	11	33	3	46	12	24	2
47	30	18	45	35	39	2	34	4	11	30	7	8	43	4	25	13	8	27	1	34	28	1	12	24	2
47	30	18	45	35	39	2	34	4	11	30	7	8	43	4	25	13	11	26	46	16	30	6	12	24	2
47	30	18	45	35	39	2	34	4	11	30	7	8	43	4	25	13	27	41	2	15	6	29	12	24	2
47	30	18	45	35	39	2	34	4	11	30	7	8	43	4	25	13	29	15	38	28	43	36	12	24	2
47	30	18	45	35	39	2	34	4	11	30	7	8	43	4	25	13	31	45	23	16	30	13	12	24	2
47	30	18	45	35	39	2	34	4	11	30	7	8	43	4	25	13	36	1	35	27	18	31	12	24	2
47	30	18	45	35	39	2	34	4	11	30	7	8	43	4	25	13	39	14	37	28	38	13	12	24	2
47	30	18	45	35	39	2	34	4	11	30	7	8	43	4	25	13	40	43	0	30	12	18	12	24	2
47	30	18	45	35	39	2	34	4	11	30	7	8	43	4	25	13	43	16	16	39	25	1	12	24	2
47	30	18	45	35	39	3	11	4	34	30	7	8	43	4	25	13	7	34	11	33	3	46	12	24	2
47	30	18	45	35	39	3	11	4	34	30	7	8	43	4	25	13	8	27	1	34	28	1	12	24	2
47	30	18	45	35	39	3	11	4	34	30	7	8	43	4	25	13	11	26	46	16	30	6	12	24	2
47	30	18	45	35	39	3	11	4	34	30	7	8	43	4	25	13	27	41	2	15	6	29	12	24	2
47	30	18	45	35	39	3	11	4	34	30	7	8	43	4	25	13	29	15	38	28	43	36	12	24	2
47	30	18	45	35	39	3	11	4	34	30	7	8	43	4	25	13	31	45	23	16	30	13	12	24	2
47	30	18	45	35	39	3	11	4	34	30	7	8	43	4	25	13	36	1	35	27	18	31	12	24	2
47	30	18	45	35	39	3	11	4	34	30	7	8	43	4	25	13	39	14	37	28	38	13	12	24	2
47	30	18	45	35	39	3	11	4	34	30	7	8	43	4	25	13	40	43	0	30	12	18	12	24	2
47	30	18	45	35	39	3	11	4	34	30	7	8	43	4	25	13	43	16	16	39	25	1	12	24	2
47	30	35	3	4	25	1	39	22	18	14	46	28	22	27	23	3	5	37	40	4	30	8	12	24	2
47	30	35	3	4	25	1	39	22	18	14	46	28	22	27	23	3	10	31	43	18	15	27	12	24	2
47	30	35	3	4	25	1	39	22	18	14	46	28	22	27	23	3	11	17	24	9	37	10	12	24	2
47	30	35	3	4	25	1	39	22	18	14	46	28	22	27	23	3	13	24	28	20	8	8	12	24	2
47	30	35	3	4	25	1	39	22	18	14	46	28	22	27	23	3	21	3	21	26	18	23	12	24	2
47	30	35	3	4	25	1	39	22	18	14	46	28	22	27	23	3	22	39	37	17	23	13	12	24	2
47	30	35	3	4	25	1	39	22	18	14	46	28	22	27	23	3	34	7	22	45	25	29	12	24	2
47	30	35	3	4	25	1	39	22	18	14	46	28	22	27	23	3	36	11	30	32	18	1	12	24	2
47	30	35	3	4	25	1	39	22	18	14	46	28	22	27	23	3	37	29	37	8	42	35	12	24	2
47	30	35	3	4	25	1	39	22	18	14	46	28	22	27	23	3	38	18	0	15	18	7	12	24	2
47	30	35	3	4	25	2	39	18	22	14	46	28	22	27	23	3	5	37	40	4	30	8	12	24	2
47	30	35	3	4	25	2	39	18	22	14	46	28	22	27	23	3	10	31	43	18	15	27	12	24	2
47	30	35	3	4	25	2	39	18	22	14	46	28	22	27	23	3	11	17	24	9	37	10	12	24	2
47	30	35	3	4	25	2	39	18	22	14	46	28	22	27	23	3	13	24	28	20	8	8	12	24	2
47	30	35	3	4	25	2	39	18	22	14	46	28	22	27	23	3	21	3	21	26	18	23	12	24	2
47	30	35	3	4	25	2	39	18	22	14	46	28	22	27	23	3	22	39	37	17	23	13	12	24	2
47	30	35	3	4	25	2	39	18	22	14	46	28	22	27	23	3	34	7	22	45	25	29	12	24	2
47	30	35	3	4	25	2	39	18	22	14	46	28	22	27	23	3	36	11	30	32	18	1	12	24	2
47	30	35	3	4	25	2	39	18	22	14	46	28	22	27	23	3	37	29	37	8	42	35	12	24	2
47	30	35	3	4	25	2	39	18	22	14	46	28	22	27	23	3	38	18	0	15	18	7	12	24	2
47	30	35	3	4	25	3	22	18	39	14	46	28	22	27	23	3	5	37	40	4	30	8	12	24	2
47	30	35	3	4	25	3	22	18	39	14	46	28	22	27	23	3	10	31	43	18	15	27	12	24	2
47	30	35	3	4	25	3	22	18	39	14	46	28	22	27	23	3	11	17	24	9	37	10	12	24	2
47	30	35	3	4	25	3	22	18	39	14	46	28	22	27	23	3	13	24	28	20	8	8	12	24	2
47	30	35	3	4	25	3	22	18	39	14	46	28	22	27	23	3	21	3	21	26	18	23	12	24	2
47	30	35	3	4	25	3	22	18	39	14	46	28	22	27	23	3	22	39	37	17	23	13	12	24	2
47	30	35	3	4	25	3	22	18	39	14	46	28	22	27	23	3	34	7	22	45	25	29	12	24	2
47	30	35	3	4	25	3	22	18	39	14	46	28	22	27	23	3	36	11	30	32	18	1	12	24	2
47	30	35	3	4	25	3	22	18	39	14	46	28	22	27	23	3	37	29	37	8	42	35	12	24	2
47	30	35	3	4	25	3	22	18	39	14	46	28	22	27	23	3	38	18	0	15	18	7	12	24	2
47	30	35	3	43	22	1	8	25	29	33	2	21	41	6	1	15	1	39	12	39	1	6	12	24	2
47	30	35	3	43	22	1	8	25	29	33	2	21	41	6	1	15	6	2	28	16	8	31	12	24	2
47	30	35	3	43	22	1	8	25	29	33	2	21	41	6	1	15	9	37	13	24	4	25	12	24	2
47	30	35	3	43	22	1	8	25	29	33	2	21	41	6	1	15	10	15	18	41	8	23	12	24	2
47	30	35	3	43	22	1	8	25	29	33	2	21	41	6	1	15	11	44	21	9	12	29	12	24	2
47	30	35	3	43	22	1	8	25	29	33	2	21	41	6	1	15	14	6	28	43	36	43	12	24	2
47	30	35	3	43	22	1	8	25	29	33	2	21	41	6	1	15	16	23	38	13	33	18	12	24	2
47	30	35	3	43	22	1	8	25	29	33	2	21	41	6	1	15	18	45	9	18	11	36	12	24	2
47	30	35	3	43	22	1	8	25	29	33	2	21	41	6	1	15	20	17	18	45	20	10	12	24	2
47	30	35	3	43	22	1	8	25	29	33	2	21	41	6	1	15	22	32	12	42	46	15	12	24	2
47	30	35	3	43	22	1	8	25	29	33	2	21	41	6	1	15	32	38	0	20	17	14	12	24	2
47	30	35	3	43	22	1	8	25	29	33	2	21	41	6	1	15	33	34	5	16	16	16	12	24	2
47	30	35	3	43	22	1	8	25	29	33	2	21	41	6	1	15	34	29	28	17	11	16	12	24	2
47	30	35	3	43	22	1	8	25	29	33	2	21	41	6	1	15	38	31	42	15	45	23	12	24	2
47	30	35	3	43	22	1	8	25	29	33	2	21	41	6	1	15	39	43	3	4	7	46	12	24	2
47	30	35	3	43	22	1	8	25	29	33	2	21	41	6	1	15	43	9	5	30	34	17	12	24	2
47	30	35	3	43	22	2	8	29	25	33	2	21	41	6	1	15	1	39	12	39	1	6	12	24	2
47	30	35	3	43	22	2	8	29	25	33	2	21	41	6	1	15	6	2	28	16	8	31	12	24	2
47	30	35	3	43	22	2	8	29	25	33	2	21	41	6	1	15	9	37	13	24	4	25	12	24	2
47	30	35	3	43	22	2	8	29	25	33	2	21	41	6	1	15	10	15	18	41	8	23	12	24	2
47	30	35	3	43	22	2	8	29	25	33	2	21	41	6	1	15	11	44	21	9	12	29	12	24	2
47	30	35	3	43	22	2	8	29	25	33	2	21	41	6	1	15	14	6	28	43	36	43	12	24	2
47	30	35	3	43	22	2	8	29	25	33	2	21	41	6	1	15	16	23	38	13	33	18	12	24	2
47	30	35	3	43	22	2	8	29	25	33	2	21	41	6	1	15	18	45	9	18	11	36	12	24	2
47	30	35	3	43	22	2	8	29	25	33	2	21	41	6	1	15	20	17	18	45	20	10	12	24	2
47	30	35	3	43	22	2	8	29	25	33	2	21	41	6	1	15	22	32	12	42	46	15	12	24	2
47	30	35	3	43	22	2	8	29	25	33	2	21	41	6	1	15	32	38	0	20	17	14	12	24	2
47	30	35	3	43	22	2	8	29	25	33	2	21	41	6	1	15	33	34	5	16	16	16	12	24	2
47	30	35	3	43	22	2	8	29	25	33	2	21	41	6	1	15	34	29	28	17	11	16	12	24	2
47	30	35	3	43	22	2	8	29	25	33	2	21	41	6	1	15	38	31	42	15	45	23	12	24	2
47	30	35	3	43	22	2	8	29	25	33	2	21	41	6	1	15	39	43	3	4	7	46	12	24	2
47	30	35	3	43	22	2	8	29	25	33	2	21	41	6	1	15	43	9	5	30	34	17	12	24	2
47	30	35	3	43	22	3	25	29	8	33	2	21	41	6	1	15	1	39	12	39	1	6	12	24	2
47	30	35	3	43	22	3	25	29	8	33	2	21	41	6	1	15	6	2	28	16	8	31	12	24	2
47	30	35	3	43	22	3	25	29	8	33	2	21	41	6	1	15	9	37	13	24	4	25	12	24	2
47	30	35	3	43	22	3	25	29	8	33	2	21	41	6	1	15	10	15	18	41	8	23	12	24	2
47	30	35	3	43	22	3	25	29	8	33	2	21	41	6	1	15	11	44	21	9	12	29	12	24	2
47	30	35	3	43	22	3	25	29	8	33	2	21	41	6	1	15	14	6	28	43	36	43	12	24	2
47	30	35	3	43	22	3	25	29	8	33	2	21	41	6	1	15	16	23	38	13	33	18	12	24	2
47	30	35	3	43	22	3	25	29	8	33	2	21	41	6	1	15	18	45	9	18	11	36	12	24	2
47	30	35	3	43	22	3	25	29	8	33	2	21	41	6	1	15	20	17	18	45	20	10	12	24	2
47	30	35	3	43	22	3	25	29	8	33	2	21	41	6	1	15	22	32	12	42	46	15	12	24	2
47	30	35	3	43	22	3	25	29	8	33	2	21	41	6	1	15	32	38	0	20	17	14	12	24	2
47	30	35	3	43	22	3	25	29	8	33	2	21	41	6	1	15	33	34	5	16	16	16	12	24	2
47	30	35	3	43	22	3	25	29	8	33	2	21	41	6	1	15	34	29	28	17	11	16	12	24	2
47	30	35	3	43	22	3	25	29	8	33	2	21	41	6	1	15	38	31	42	15	45	23	12	24	2
47	30	35	3	43	22	3	25	29	8	33	2	21	41	6	1	15	39	43	3	4	7	46	12	24	2
47	30	35	3	43	22	3	25	29	8	33	2	21	41	6	1	15	43	9	5	30	34	17	12	24	2
47	30	45	18	12	8	1	13	43	36	17	31	32	45	18	39	12	2	16	1	34	35	40	12	24	2
47	30	45	18	12	8	1	13	43	36	17	31	32	45	18	39	12	2	18	2	39	12	7	12	24	2
47	30	45	18	12	8	1	13	43	36	17	31	32	45	18	39	12	5	13	42	46	34	8	12	24	2
47	30	45	18	12	8	1	13	43	36	17	31	32	45	18	39	12	9	21	8	14	26	7	12	24	2
47	30	45	18	12	8	1	13	43	36	17	31	32	45	18	39	12	14	33	42	27	13	9	12	24	2
47	30	45	18	12	8	1	13	43	36	17	31	32	45	18	39	12	19	1	15	34	43	20	12	24	2
47	30	45	18	12	8	1	13	43	36	17	31	32	45	18	39	12	20	20	46	30	6	4	12	24	2
47	30	45	18	12	8	1	13	43	36	17	31	32	45	18	39	12	27	17	23	12	21	11	12	24	2
47	30	45	18	12	8	1	13	43	36	17	31	32	45	18	39	12	29	30	46	6	1	18	12	24	2
47	30	45	18	12	8	1	13	43	36	17	31	32	45	18	39	12	33	30	14	46	36	40	12	24	2
47	30	45	18	12	8	1	13	43	36	17	31	32	45	18	39	12	35	41	15	22	4	34	12	24	2
47	30	45	18	12	8	1	13	43	36	17	31	32	45	18	39	12	37	4	4	38	25	45	12	24	2
47	30	45	18	12	8	1	13	43	36	17	31	32	45	18	39	12	39	45	40	27	38	18	12	24	2
47	30	45	18	12	8	1	13	43	36	17	31	32	45	18	39	12	40	20	11	32	43	31	12	24	2
47	30	45	18	12	8	1	13	43	36	17	31	32	45	18	39	12	43	8	19	22	17	35	12	24	2
47	30	45	18	12	8	1	13	43	36	17	31	32	45	18	39	12	46	46	23	40	19	26	12	24	2
47	30	45	18	12	8	2	13	36	43	17	31	32	45	18	39	12	2	16	1	34	35	40	12	24	2
47	30	45	18	12	8	2	13	36	43	17	31	32	45	18	39	12	2	18	2	39	12	7	12	24	2
47	30	45	18	12	8	2	13	36	43	17	31	32	45	18	39	12	5	13	42	46	34	8	12	24	2
47	30	45	18	12	8	2	13	36	43	17	31	32	45	18	39	12	9	21	8	14	26	7	12	24	2
47	30	45	18	12	8	2	13	36	43	17	31	32	45	18	39	12	14	33	42	27	13	9	12	24	2
47	30	45	18	12	8	2	13	36	43	17	31	32	45	18	39	12	19	1	15	34	43	20	12	24	2
47	30	45	18	12	8	2	13	36	43	17	31	32	45	18	39	12	20	20	46	30	6	4	12	24	2
47	30	45	18	12	8	2	13	36	43	17	31	32	45	18	39	12	27	17	23	12	21	11	12	24	2
47	30	45	18	12	8	2	13	36	43	17	31	32	45	18	39	12	29	30	46	6	1	18	12	24	2
47	30	45	18	12	8	2	13	36	43	17	31	32	45	18	39	12	33	30	14	46	36	40	12	24	2
47	30	45	18	12	8	2	13	36	43	17	31	32	45	18	39	12	35	41	15	22	4	34	12	24	2
47	30	45	18	12	8	2	13	36	43	17	31	32	45	18	39	12	37	4	4	38	25	45	12	24	2
47	30	45	18	12	8	2	13	36	43	17	31	32	45	18	39	12	39	45	40	27	38	18	12	24	2
47	30	45	18	12	8	2	13	36	43	17	31	32	45	18	39	12	40	20	11	32	43	31	12	24	2
47	30	45	18	12	8	2	13	36	43	17	31	32	45	18	39	12	43	8	19	22	17	35	12	24	2
47	30	45	18	12	8	2	13	36	43	17	31	32	45	18	39	12	46	46	23	40	19	26	12	24	2
47	30	45	18	12	8	3	43	36	13	17	31	32	45	18	39	12	2	16	1	34	35	40	12	24	2
47	30	45	18	12	8	3	43	36	13	17	31	32	45	18	39	12	2	18	2	39	12	7	12	24	2
47	30	45	18	12	8	3	43	36	13	17	31	32	45	18	39	12	5	13	42	46	34	8	12	24	2
47	30	45	18	12	8	3	43	36	13	17	31	32	45	18	39	12	9	21	8	14	26	7	12	24	2
47	30	45	18	12	8	3	43	36	13	17	31	32	45	18	39	12	14	33	42	27	13	9	12	24	2
47	30	45	18	12	8	3	43	36	13	17	31	32	45	18	39	12	19	1	15	34	43	20	12	24	2
47	30	45	18	12	8	3	43	36	13	17	31	32	45	18	39	12	20	20	46	30	6	4	12	24	2
47	30	45	18	12	8	3	43	36	13	17	31	32	45	18	39	12	27	17	23	12	21	11	12	24	2
47	30	45	18	12	8	3	43	36	13	17	31	32	45	18	39	12	29	30	46	6	1	18	12	24	2
47	30	45	18	12	8	3	43	36	13	17	31	32	45	18	39	12	33	30	14	46	36	40	12	24	2
47	30	45	18	12	8	3	43	36	13	17	31	32	45	18	39	12	35	41	15	22	4	34	12	24	2
47	30	45	18	12	8	3	43	36	13	17	31	32	45	18	39	12	37	4	4	38	25	45	12	24	2
47	30	45	18	12	8	3	43	36	13	17	31	32	45	18	39	12	39	45	40	27	38	18	12	24	2
47	30	45	18	12	8	3	43	36	13	17	31	32	45	18	39	12	40	20	11	32	43	31	12	24	2
47	30	45	18	12	8	3	43	36	13	17	31	32	45	18	39	12	43	8	19	22	17	35	12	24	2
47	30	45	18	12	8	3	43	36	13	17	31	32	45	18	39	12	46	46	23	40	19	26	12	24	2
47	30	45	18	35	39	1	34	4	11	30	7	8	43	4	25	13	7	34	11	33	3	46	12	24	2
47	30	45	18	35	39	1	34	4	11	30	7	8	43	4	25	13	8	27	1	34	28	1	12	24	2
47	30	45	18	35	39	1	34	4	11	30	7	8	43	4	25	13	11	26	46	16	30	6	12	24	2
47	30	45	18	35	39	1	34	4	11	30	7	8	43	4	25	13	27	41	2	15	6	29	12	24	2
47	30	45	18	35	39	1	34	4	11	30	7	8	43	4	25	13	29	15	38	28	43	36	12	24	2
47	30	45	18	35	39	1	34	4	11	30	7	8	43	4	25	13	31	45	23	16	30	13	12	24	2
47	30	45	18	35	39	1	34	4	11	30	7	8	43	4	25	13	36	1	35	27	18	31	12	24	2
47	30	45	18	35	39	1	34	4	11	30	7	8	43	4	25	13	39	14	37	28	38	13	12	24	2
47	30	45	18	35	39	1	34	4	11	30	7	8	43	4	25	13	40	43	0	30	12	18	12	24	2
47	30	45	18	35	39	1	34	4	11	30	7	8	43	4	25	13	43	16	16	39	25	1	12	24	2
47	30	45	18	35	39	2	34	11	4	30	7	8	43	4	25	13	7	34	11	33	3	46	12	24	2
47	30	45	18	35	39	2	34	11	4	30	7	8	43	4	25	13	8	27	1	34	28	1	12	24	2
47	30	45	18	35	39	2	34	11	4	30	7	8	43	4	25	13	11	26	46	16	30	6	12	24	2
47	30	45	18	35	39	2	34	11	4	30	7	8	43	4	25	13	27	41	2	15	6	29	12	24	2
47	30	45	18	35	39	2	34	11	4	30	7	8	43	4	25	13	29	15	38	28	43	36	12	24	2
47	30	45	18	35	39	2	34	11	4	30	7	8	43	4	25	13	31	45	23	16	30	13	12	24	2
47	30	45	18	35	39	2	34	11	4	30	7	8	43	4	25	13	36	1	35	27	18	31	12	24	2
47	30	45	18	35	39	2	34	11	4	30	7	8	43	4	25	13	39	14	37	28	38	13	12	24	2
47	30	45	18	35	39	2	34	11	4	30	7	8	43	4	25	13	40	43	0	30	12	18	12	24	2
47	30	45	18	35	39	2	34	11	4	30	7	8	43	4	25	13	43	16	16	39	25	1	12	24	2
47	30	45	18	35	39	3	4	11	34	30	7	8	43	4	25	13	7	34	11	33	3	46	12	24	2
47	30	45	18	35	39	3	4	11	34	30	7	8	43	4	25	13	8	27	1	34	28	1	12	24	2
47	30	45	18	35	39	3	4	11	34	30	7	8	43	4	25	13	11	26	46	16	30	6	12	24	2
47	30	45	18	35	39	3	4	11	34	30	7	8	43	4	25	13	27	41	2	15	6	29	12	24	2
47	30	45	18	35	39	3	4	11	34	30	7	8	43	4	25	13	29	15	38	28	43	36	12	24	2
47	30	45	18	35	39	3	4	11	34	30	7	8	43	4	25	13	31	45	23	16	30	13	12	24	2
47	30	45	18	35	39	3	4	11	34	30	7	8	43	4	25	13	36	1	35	27	18	31	12	24	2
47	30	45	18	35	39	3	4	11	34	30	7	8	43	4	25	13	39	14	37	28	38	13	12	24	2
47	30	45	18	35	39	3	4	11	34	30	7	8	43	4	25	13	40	43	0	30	12	18	12	24	2
47	30	45	18	35	39	3	4	11	34	30	7	8	43	4	25	13	43	16	16	39	25	1	12	24	2
47	31	2	22	6	14	1	30	8	41	25	28	39	6	7	10	25	1	16	42	3	37	38	12	24	2
47	31	2	22	6	14	1	30	8	41	25	28	39	6	7	10	25	5	0	34	8	29	30	12	24	2
47	31	2	22	6	14	1	30	8	41	25	28	39	6	7	10	25	5	7	26	44	18	17	12	24	2
47	31	2	22	6	14	1	30	8	41	25	28	39	6	7	10	25	6	26	38	20	43	45	12	24	2
47	31	2	22	6	14	1	30	8	41	25	28	39	6	7	10	25	7	24	28	19	3	16	12	24	2
47	31	2	22	6	14	1	30	8	41	25	28	39	6	7	10	25	17	14	0	16	12	41	12	24	2
47	31	2	22	6	14	1	30	8	41	25	28	39	6	7	10	25	19	39	21	13	15	29	12	24	2
47	31	2	22	6	14	1	30	8	41	25	28	39	6	7	10	25	20	20	3	32	46	45	12	24	2
47	31	2	22	6	14	1	30	8	41	25	28	39	6	7	10	25	22	17	28	22	20	16	12	24	2
47	31	2	22	6	14	1	30	8	41	25	28	39	6	7	10	25	25	13	1	11	9	39	12	24	2
47	31	2	22	6	14	1	30	8	41	25	28	39	6	7	10	25	27	3	23	17	0	4	12	24	2
47	31	2	22	6	14	1	30	8	41	25	28	39	6	7	10	25	28	12	1	26	38	36	12	24	2
47	31	2	22	6	14	1	30	8	41	25	28	39	6	7	10	25	32	24	32	12	0	28	12	24	2
47	31	2	22	6	14	1	30	8	41	25	28	39	6	7	10	25	43	8	23	24	24	4	12	24	2
47	31	2	22	6	14	1	30	8	41	25	28	39	6	7	10	25	46	11	15	6	37	18	12	24	2
47	31	2	22	6	14	1	30	8	41	25	28	39	6	7	10	25	46	31	42	30	10	29	12	24	2
47	31	2	22	6	14	2	30	41	8	25	28	39	6	7	10	25	1	16	42	3	37	38	12	24	2
47	31	2	22	6	14	2	30	41	8	25	28	39	6	7	10	25	5	0	34	8	29	30	12	24	2
47	31	2	22	6	14	2	30	41	8	25	28	39	6	7	10	25	5	7	26	44	18	17	12	24	2
47	31	2	22	6	14	2	30	41	8	25	28	39	6	7	10	25	6	26	38	20	43	45	12	24	2
47	31	2	22	6	14	2	30	41	8	25	28	39	6	7	10	25	7	24	28	19	3	16	12	24	2
47	31	2	22	6	14	2	30	41	8	25	28	39	6	7	10	25	17	14	0	16	12	41	12	24	2
47	31	2	22	6	14	2	30	41	8	25	28	39	6	7	10	25	19	39	21	13	15	29	12	24	2
47	31	2	22	6	14	2	30	41	8	25	28	39	6	7	10	25	20	20	3	32	46	45	12	24	2
47	31	2	22	6	14	2	30	41	8	25	28	39	6	7	10	25	22	17	28	22	20	16	12	24	2
47	31	2	22	6	14	2	30	41	8	25	28	39	6	7	10	25	25	13	1	11	9	39	12	24	2
47	31	2	22	6	14	2	30	41	8	25	28	39	6	7	10	25	27	3	23	17	0	4	12	24	2
47	31	2	22	6	14	2	30	41	8	25	28	39	6	7	10	25	28	12	1	26	38	36	12	24	2
47	31	2	22	6	14	2	30	41	8	25	28	39	6	7	10	25	32	24	32	12	0	28	12	24	2
47	31	2	22	6	14	2	30	41	8	25	28	39	6	7	10	25	43	8	23	24	24	4	12	24	2
47	31	2	22	6	14	2	30	41	8	25	28	39	6	7	10	25	46	11	15	6	37	18	12	24	2
47	31	2	22	6	14	2	30	41	8	25	28	39	6	7	10	25	46	31	42	30	10	29	12	24	2
47	31	2	22	6	14	3	8	41	30	25	28	39	6	7	10	25	1	16	42	3	37	38	12	24	2
47	31	2	22	6	14	3	8	41	30	25	28	39	6	7	10	25	5	0	34	8	29	30	12	24	2
47	31	2	22	6	14	3	8	41	30	25	28	39	6	7	10	25	5	7	26	44	18	17	12	24	2
47	31	2	22	6	14	3	8	41	30	25	28	39	6	7	10	25	6	26	38	20	43	45	12	24	2
47	31	2	22	6	14	3	8	41	30	25	28	39	6	7	10	25	7	24	28	19	3	16	12	24	2
47	31	2	22	6	14	3	8	41	30	25	28	39	6	7	10	25	17	14	0	16	12	41	12	24	2
47	31	2	22	6	14	3	8	41	30	25	28	39	6	7	10	25	19	39	21	13	15	29	12	24	2
47	31	2	22	6	14	3	8	41	30	25	28	39	6	7	10	25	20	20	3	32	46	45	12	24	2
47	31	2	22	6	14	3	8	41	30	25	28	39	6	7	10	25	22	17	28	22	20	16	12	24	2
47	31	2	22	6	14	3	8	41	30	25	28	39	6	7	10	25	25	13	1	11	9	39	12	24	2
47	31	2	22	6	14	3	8	41	30	25	28	39	6	7	10	25	27	3	23	17	0	4	12	24	2
47	31	2	22	6	14	3	8	41	30	25	28	39	6	7	10	25	28	12	1	26	38	36	12	24	2
47	31	2	22	6	14	3	8	41	30	25	28	39	6	7	10	25	32	24	32	12	0	28	12	24	2
47	31	2	22	6	14	3	8	41	30	25	28	39	6	7	10	25	43	8	23	24	24	4	12	24	2
47	31	2	22	6	14	3	8	41	30	25	28	39	6	7	10	25	46	11	15	6	37	18	12	24	2
47	31	2	22	6	14	3	8	41	30	25	28	39	6	7	10	25	46	31	42	30	10	29	12	24	2
47	31	2	22	41	33	1	17	39	6	22	43	9	14	14	42	44	4	0	29	24	44	20	12	24	2
47	31	2	22	41	33	1	17	39	6	22	43	9	14	14	42	44	5	41	18	26	10	22	12	24	2
47	31	2	22	41	33	1	17	39	6	22	43	9	14	14	42	44	6	9	0	2	42	16	12	24	2
47	31	2	22	41	33	1	17	39	6	22	43	9	14	14	42	44	8	5	19	33	33	0	12	24	2
47	31	2	22	41	33	1	17	39	6	22	43	9	14	14	42	44	8	11	8	40	14	0	12	24	2
47	31	2	22	41	33	1	17	39	6	22	43	9	14	14	42	44	12	40	18	3	15	30	12	24	2
47	31	2	22	41	33	1	17	39	6	22	43	9	14	14	42	44	26	42	35	15	39	33	12	24	2
47	31	2	22	41	33	1	17	39	6	22	43	9	14	14	42	44	28	32	46	42	30	21	12	24	2
47	31	2	22	41	33	1	17	39	6	22	43	9	14	14	42	44	31	21	10	29	28	13	12	24	2
47	31	2	22	41	33	1	17	39	6	22	43	9	14	14	42	44	35	18	21	41	20	32	12	24	2
47	31	2	22	41	33	1	17	39	6	22	43	9	14	14	42	44	38	18	43	8	7	9	12	24	2
47	31	2	22	41	33	1	17	39	6	22	43	9	14	14	42	44	39	19	16	18	32	38	12	24	2
47	31	2	22	41	33	1	17	39	6	22	43	9	14	14	42	44	41	20	3	11	28	16	12	24	2
47	31	2	22	41	33	1	17	39	6	22	43	9	14	14	42	44	41	25	10	2	19	31	12	24	2
47	31	2	22	41	33	1	17	39	6	22	43	9	14	14	42	44	43	35	32	5	14	1	12	24	2
47	31	2	22	41	33	1	17	39	6	22	43	9	14	14	42	44	44	4	3	17	41	18	12	24	2
47	31	2	22	41	33	2	17	6	39	22	43	9	14	14	42	44	4	0	29	24	44	20	12	24	2
47	31	2	22	41	33	2	17	6	39	22	43	9	14	14	42	44	5	41	18	26	10	22	12	24	2
47	31	2	22	41	33	2	17	6	39	22	43	9	14	14	42	44	6	9	0	2	42	16	12	24	2
47	31	2	22	41	33	2	17	6	39	22	43	9	14	14	42	44	8	5	19	33	33	0	12	24	2
47	31	2	22	41	33	2	17	6	39	22	43	9	14	14	42	44	8	11	8	40	14	0	12	24	2
47	31	2	22	41	33	2	17	6	39	22	43	9	14	14	42	44	12	40	18	3	15	30	12	24	2
47	31	2	22	41	33	2	17	6	39	22	43	9	14	14	42	44	26	42	35	15	39	33	12	24	2
47	31	2	22	41	33	2	17	6	39	22	43	9	14	14	42	44	28	32	46	42	30	21	12	24	2
47	31	2	22	41	33	2	17	6	39	22	43	9	14	14	42	44	31	21	10	29	28	13	12	24	2
47	31	2	22	41	33	2	17	6	39	22	43	9	14	14	42	44	35	18	21	41	20	32	12	24	2
47	31	2	22	41	33	2	17	6	39	22	43	9	14	14	42	44	38	18	43	8	7	9	12	24	2
47	31	2	22	41	33	2	17	6	39	22	43	9	14	14	42	44	39	19	16	18	32	38	12	24	2
47	31	2	22	41	33	2	17	6	39	22	43	9	14	14	42	44	41	20	3	11	28	16	12	24	2
47	31	2	22	41	33	2	17	6	39	22	43	9	14	14	42	44	41	25	10	2	19	31	12	24	2
47	31	2	22	41	33	2	17	6	39	22	43	9	14	14	42	44	43	35	32	5	14	1	12	24	2
47	31	2	22	41	33	2	17	6	39	22	43	9	14	14	42	44	44	4	3	17	41	18	12	24	2
47	31	2	22	41	33	3	39	6	17	22	43	9	14	14	42	44	4	0	29	24	44	20	12	24	2
47	31	2	22	41	33	3	39	6	17	22	43	9	14	14	42	44	5	41	18	26	10	22	12	24	2
47	31	2	22	41	33	3	39	6	17	22	43	9	14	14	42	44	6	9	0	2	42	16	12	24	2
47	31	2	22	41	33	3	39	6	17	22	43	9	14	14	42	44	8	5	19	33	33	0	12	24	2
47	31	2	22	41	33	3	39	6	17	22	43	9	14	14	42	44	8	11	8	40	14	0	12	24	2
47	31	2	22	41	33	3	39	6	17	22	43	9	14	14	42	44	12	40	18	3	15	30	12	24	2
47	31	2	22	41	33	3	39	6	17	22	43	9	14	14	42	44	26	42	35	15	39	33	12	24	2
47	31	2	22	41	33	3	39	6	17	22	43	9	14	14	42	44	28	32	46	42	30	21	12	24	2
47	31	2	22	41	33	3	39	6	17	22	43	9	14	14	42	44	31	21	10	29	28	13	12	24	2
47	31	2	22	41	33	3	39	6	17	22	43	9	14	14	42	44	35	18	21	41	20	32	12	24	2
47	31	2	22	41	33	3	39	6	17	22	43	9	14	14	42	44	38	18	43	8	7	9	12	24	2
47	31	2	22	41	33	3	39	6	17	22	43	9	14	14	42	44	39	19	16	18	32	38	12	24	2
47	31	2	22	41	33	3	39	6	17	22	43	9	14	14	42	44	41	20	3	11	28	16	12	24	2
47	31	2	22	41	33	3	39	6	17	22	43	9	14	14	42	44	41	25	10	2	19	31	12	24	2
47	31	2	22	41	33	3	39	6	17	22	43	9	14	14	42	44	43	35	32	5	14	1	12	24	2
47	31	2	22	41	33	3	39	6	17	22	43	9	14	14	42	44	44	4	3	17	41	18	12	24	2
47	31	22	2	6	14	1	30	41	8	25	28	39	6	7	10	25	1	16	42	3	37	38	12	24	2
47	31	22	2	6	14	1	30	41	8	25	28	39	6	7	10	25	5	0	34	8	29	30	12	24	2
47	31	22	2	6	14	1	30	41	8	25	28	39	6	7	10	25	5	7	26	44	18	17	12	24	2
47	31	22	2	6	14	1	30	41	8	25	28	39	6	7	10	25	6	26	38	20	43	45	12	24	2
47	31	22	2	6	14	1	30	41	8	25	28	39	6	7	10	25	7	24	28	19	3	16	12	24	2
47	31	22	2	6	14	1	30	41	8	25	28	39	6	7	10	25	17	14	0	16	12	41	12	24	2
47	31	22	2	6	14	1	30	41	8	25	28	39	6	7	10	25	19	39	21	13	15	29	12	24	2
47	31	22	2	6	14	1	30	41	8	25	28	39	6	7	10	25	20	20	3	32	46	45	12	24	2
47	31	22	2	6	14	1	30	41	8	25	28	39	6	7	10	25	22	17	28	22	20	16	12	24	2
47	31	22	2	6	14	1	30	41	8	25	28	39	6	7	10	25	25	13	1	11	9	39	12	24	2
47	31	22	2	6	14	1	30	41	8	25	28	39	6	7	10	25	27	3	23	17	0	4	12	24	2
47	31	22	2	6	14	1	30	41	8	25	28	39	6	7	10	25	28	12	1	26	38	36	12	24	2
47	31	22	2	6	14	1	30	41	8	25	28	39	6	7	10	25	32	24	32	12	0	28	12	24	2
47	31	22	2	6	14	1	30	41	8	25	28	39	6	7	10	25	43	8	23	24	24	4	12	24	2
47	31	22	2	6	14	1	30	41	8	25	28	39	6	7	10	25	46	11	15	6	37	18	12	24	2
47	31	22	2	6	14	1	30	41	8	25	28	39	6	7	10	25	46	31	42	30	10	29	12	24	2
47	31	22	2	6	14	2	30	8	41	25	28	39	6	7	10	25	1	16	42	3	37	38	12	24	2
47	31	22	2	6	14	2	30	8	41	25	28	39	6	7	10	25	5	0	34	8	29	30	12	24	2
47	31	22	2	6	14	2	30	8	41	25	28	39	6	7	10	25	5	7	26	44	18	17	12	24	2
47	31	22	2	6	14	2	30	8	41	25	28	39	6	7	10	25	6	26	38	20	43	45	12	24	2
47	31	22	2	6	14	2	30	8	41	25	28	39	6	7	10	25	7	24	28	19	3	16	12	24	2
47	31	22	2	6	14	2	30	8	41	25	28	39	6	7	10	25	17	14	0	16	12	41	12	24	2
47	31	22	2	6	14	2	30	8	41	25	28	39	6	7	10	25	19	39	21	13	15	29	12	24	2
47	31	22	2	6	14	2	30	8	41	25	28	39	6	7	10	25	20	20	3	32	46	45	12	24	2
47	31	22	2	6	14	2	30	8	41	25	28	39	6	7	10	25	22	17	28	22	20	16	12	24	2
47	31	22	2	6	14	2	30	8	41	25	28	39	6	7	10	25	25	13	1	11	9	39	12	24	2
47	31	22	2	6	14	2	30	8	41	25	28	39	6	7	10	25	27	3	23	17	0	4	12	24	2
47	31	22	2	6	14	2	30	8	41	25	28	39	6	7	10	25	28	12	1	26	38	36	12	24	2
47	31	22	2	6	14	2	30	8	41	25	28	39	6	7	10	25	32	24	32	12	0	28	12	24	2
47	31	22	2	6	14	2	30	8	41	25	28	39	6	7	10	25	43	8	23	24	24	4	12	24	2
47	31	22	2	6	14	2	30	8	41	25	28	39	6	7	10	25	46	11	15	6	37	18	12	24	2
47	31	22	2	6	14	2	30	8	41	25	28	39	6	7	10	25	46	31	42	30	10	29	12	24	2
47	31	22	2	6	14	3	41	8	30	25	28	39	6	7	10	25	1	16	42	3	37	38	12	24	2
47	31	22	2	6	14	3	41	8	30	25	28	39	6	7	10	25	5	0	34	8	29	30	12	24	2
47	31	22	2	6	14	3	41	8	30	25	28	39	6	7	10	25	5	7	26	44	18	17	12	24	2
47	31	22	2	6	14	3	41	8	30	25	28	39	6	7	10	25	6	26	38	20	43	45	12	24	2
47	31	22	2	6	14	3	41	8	30	25	28	39	6	7	10	25	7	24	28	19	3	16	12	24	2
47	31	22	2	6	14	3	41	8	30	25	28	39	6	7	10	25	17	14	0	16	12	41	12	24	2
47	31	22	2	6	14	3	41	8	30	25	28	39	6	7	10	25	19	39	21	13	15	29	12	24	2
47	31	22	2	6	14	3	41	8	30	25	28	39	6	7	10	25	20	20	3	32	46	45	12	24	2
47	31	22	2	6	14	3	41	8	30	25	28	39	6	7	10	25	22	17	28	22	20	16	12	24	2
47	31	22	2	6	14	3	41	8	30	25	28	39	6	7	10	25	25	13	1	11	9	39	12	24	2
47	31	22	2	6	14	3	41	8	30	25	28	39	6	7	10	25	27	3	23	17	0	4	12	24	2
47	31	22	2	6	14	3	41	8	30	25	28	39	6	7	10	25	28	12	1	26	38	36	12	24	2
47	31	22	2	6	14	3	41	8	30	25	28	39	6	7	10	25	32	24	32	12	0	28	12	24	2
47	31	22	2	6	14	3	41	8	30	25	28	39	6	7	10	25	43	8	23	24	24	4	12	24	2
47	31	22	2	6	14	3	41	8	30	25	28	39	6	7	10	25	46	11	15	6	37	18	12	24	2
47	31	22	2	6	14	3	41	8	30	25	28	39	6	7	10	25	46	31	42	30	10	29	12	24	2
47	31	22	2	41	33	1	17	6	39	22	43	9	14	14	42	44	4	0	29	24	44	20	12	24	2
47	31	22	2	41	33	1	17	6	39	22	43	9	14	14	42	44	5	41	18	26	10	22	12	24	2
47	31	22	2	41	33	1	17	6	39	22	43	9	14	14	42	44	6	9	0	2	42	16	12	24	2
47	31	22	2	41	33	1	17	6	39	22	43	9	14	14	42	44	8	5	19	33	33	0	12	24	2
47	31	22	2	41	33	1	17	6	39	22	43	9	14	14	42	44	8	11	8	40	14	0	12	24	2
47	31	22	2	41	33	1	17	6	39	22	43	9	14	14	42	44	12	40	18	3	15	30	12	24	2
47	31	22	2	41	33	1	17	6	39	22	43	9	14	14	42	44	26	42	35	15	39	33	12	24	2
47	31	22	2	41	33	1	17	6	39	22	43	9	14	14	42	44	28	32	46	42	30	21	12	24	2
47	31	22	2	41	33	1	17	6	39	22	43	9	14	14	42	44	31	21	10	29	28	13	12	24	2
47	31	22	2	41	33	1	17	6	39	22	43	9	14	14	42	44	35	18	21	41	20	32	12	24	2
47	31	22	2	41	33	1	17	6	39	22	43	9	14	14	42	44	38	18	43	8	7	9	12	24	2
47	31	22	2	41	33	1	17	6	39	22	43	9	14	14	42	44	39	19	16	18	32	38	12	24	2
47	31	22	2	41	33	1	17	6	39	22	43	9	14	14	42	44	41	20	3	11	28	16	12	24	2
47	31	22	2	41	33	1	17	6	39	22	43	9	14	14	42	44	41	25	10	2	19	31	12	24	2
47	31	22	2	41	33	1	17	6	39	22	43	9	14	14	42	44	43	35	32	5	14	1	12	24	2
47	31	22	2	41	33	1	17	6	39	22	43	9	14	14	42	44	44	4	3	17	41	18	12	24	2
47	31	22	2	41	33	2	17	39	6	22	43	9	14	14	42	44	4	0	29	24	44	20	12	24	2
47	31	22	2	41	33	2	17	39	6	22	43	9	14	14	42	44	5	41	18	26	10	22	12	24	2
47	31	22	2	41	33	2	17	39	6	22	43	9	14	14	42	44	6	9	0	2	42	16	12	24	2
47	31	22	2	41	33	2	17	39	6	22	43	9	14	14	42	44	8	5	19	33	33	0	12	24	2
47	31	22	2	41	33	2	17	39	6	22	43	9	14	14	42	44	8	11	8	40	14	0	12	24	2
47	31	22	2	41	33	2	17	39	6	22	43	9	14	14	42	44	12	40	18	3	15	30	12	24	2
47	31	22	2	41	33	2	17	39	6	22	43	9	14	14	42	44	26	42	35	15	39	33	12	24	2
47	31	22	2	41	33	2	17	39	6	22	43	9	14	14	42	44	28	32	46	42	30	21	12	24	2
47	31	22	2	41	33	2	17	39	6	22	43	9	14	14	42	44	31	21	10	29	28	13	12	24	2
47	31	22	2	41	33	2	17	39	6	22	43	9	14	14	42	44	35	18	21	41	20	32	12	24	2
47	31	22	2	41	33	2	17	39	6	22	43	9	14	14	42	44	38	18	43	8	7	9	12	24	2
47	31	22	2	41	33	2	17	39	6	22	43	9	14	14	42	44	39	19	16	18	32	38	12	24	2
47	31	22	2	41	33	2	17	39	6	22	43	9	14	14	42	44	41	20	3	11	28	16	12	24	2
47	31	22	2	41	33	2	17	39	6	22	43	9	14	14	42	44	41	25	10	2	19	31	12	24	2
47	31	22	2	41	33	2	17	39	6	22	43	9	14	14	42	44	43	35	32	5	14	1	12	24	2
47	31	22	2	41	33	2	17	39	6	22	43	9	14	14	42	44	44	4	3	17	41	18	12	24	2
47	31	22	2	41	33	3	6	39	17	22	43	9	14	14	42	44	4	0	29	24	44	20	12	24	2
47	31	22	2	41	33	3	6	39	17	22	43	9	14	14	42	44	5	41	18	26	10	22	12	24	2
47	31	22	2	41	33	3	6	39	17	22	43	9	14	14	42	44	6	9	0	2	42	16	12	24	2
47	31	22	2	41	33	3	6	39	17	22	43	9	14	14	42	44	8	5	19	33	33	0	12	24	2
47	31	22	2	41	33	3	6	39	17	22	43	9	14	14	42	44	8	11	8	40	14	0	12	24	2
47	31	22	2	41	33	3	6	39	17	22	43	9	14	14	42	44	12	40	18	3	15	30	12	24	2
47	31	22	2	41	33	3	6	39	17	22	43	9	14	14	42	44	26	42	35	15	39	33	12	24	2
47	31	22	2	41	33	3	6	39	17	22	43	9	14	14	42	44	28	32	46	42	30	21	12	24	2
47	31	22	2	41	33	3	6	39	17	22	43	9	14	14	42	44	31	21	10	29	28	13	12	24	2
47	31	22	2	41	33	3	6	39	17	22	43	9	14	14	42	44	35	18	21	41	20	32	12	24	2
47	31	22	2	41	33	3	6	39	17	22	43	9	14	14	42	44	38	18	43	8	7	9	12	24	2
47	31	22	2	41	33	3	6	39	17	22	43	9	14	14	42	44	39	19	16	18	32	38	12	24	2
47	31	22	2	41	33	3	6	39	17	22	43	9	14	14	42	44	41	20	3	11	28	16	12	24	2
47	31	22	2	41	33	3	6	39	17	22	43	9	14	14	42	44	41	25	10	2	19	31	12	24	2
47	31	22	2	41	33	3	6	39	17	22	43	9	14	14	42	44	43	35	32	5	14	1	12	24	2
47	31	22	2	41	33	3	6	39	17	22	43	9	14	14	42	44	44	4	3	17	41	18	12	24	2
47	31	36	43	25	4	1	26	12	30	27	32	4	38	32	41	25	7	14	9	29	43	39	12	24	2
47	31	36	43	25	4	1	26	12	30	27	32	4	38	32	41	25	12	22	5	10	9	20	12	24	2
47	31	36	43	25	4	1	26	12	30	27	32	4	38	32	41	25	13	31	4	21	13	33	12	24	2
47	31	36	43	25	4	1	26	12	30	27	32	4	38	32	41	25	15	9	22	21	42	28	12	24	2
47	31	36	43	25	4	1	26	12	30	27	32	4	38	32	41	25	18	42	23	33	11	44	12	24	2
47	31	36	43	25	4	1	26	12	30	27	32	4	38	32	41	25	20	32	29	8	40	36	12	24	2
47	31	36	43	25	4	1	26	12	30	27	32	4	38	32	41	25	37	4	24	41	25	5	12	24	2
47	31	36	43	25	4	1	26	12	30	27	32	4	38	32	41	25	43	25	23	9	35	35	12	24	2
47	31	36	43	25	4	1	26	12	30	27	32	4	38	32	41	25	44	29	38	6	37	20	12	24	2
47	31	36	43	25	4	1	26	12	30	27	32	4	38	32	41	25	46	31	11	9	23	6	12	24	2
47	31	36	43	25	4	2	26	30	12	27	32	4	38	32	41	25	7	14	9	29	43	39	12	24	2
47	31	36	43	25	4	2	26	30	12	27	32	4	38	32	41	25	12	22	5	10	9	20	12	24	2
47	31	36	43	25	4	2	26	30	12	27	32	4	38	32	41	25	13	31	4	21	13	33	12	24	2
47	31	36	43	25	4	2	26	30	12	27	32	4	38	32	41	25	15	9	22	21	42	28	12	24	2
47	31	36	43	25	4	2	26	30	12	27	32	4	38	32	41	25	18	42	23	33	11	44	12	24	2
47	31	36	43	25	4	2	26	30	12	27	32	4	38	32	41	25	20	32	29	8	40	36	12	24	2
47	31	36	43	25	4	2	26	30	12	27	32	4	38	32	41	25	37	4	24	41	25	5	12	24	2
47	31	36	43	25	4	2	26	30	12	27	32	4	38	32	41	25	43	25	23	9	35	35	12	24	2
47	31	36	43	25	4	2	26	30	12	27	32	4	38	32	41	25	44	29	38	6	37	20	12	24	2
47	31	36	43	25	4	2	26	30	12	27	32	4	38	32	41	25	46	31	11	9	23	6	12	24	2
47	31	36	43	25	4	3	12	30	26	27	32	4	38	32	41	25	7	14	9	29	43	39	12	24	2
47	31	36	43	25	4	3	12	30	26	27	32	4	38	32	41	25	12	22	5	10	9	20	12	24	2
47	31	36	43	25	4	3	12	30	26	27	32	4	38	32	41	25	13	31	4	21	13	33	12	24	2
47	31	36	43	25	4	3	12	30	26	27	32	4	38	32	41	25	15	9	22	21	42	28	12	24	2
47	31	36	43	25	4	3	12	30	26	27	32	4	38	32	41	25	18	42	23	33	11	44	12	24	2
47	31	36	43	25	4	3	12	30	26	27	32	4	38	32	41	25	20	32	29	8	40	36	12	24	2
47	31	36	43	25	4	3	12	30	26	27	32	4	38	32	41	25	37	4	24	41	25	5	12	24	2
47	31	36	43	25	4	3	12	30	26	27	32	4	38	32	41	25	43	25	23	9	35	35	12	24	2
47	31	36	43	25	4	3	12	30	26	27	32	4	38	32	41	25	44	29	38	6	37	20	12	24	2
47	31	36	43	25	4	3	12	30	26	27	32	4	38	32	41	25	46	31	11	9	23	6	12	24	2
47	31	36	43	22	43	1	21	35	17	20	4	32	6	25	31	26	2	31	36	28	14	32	12	24	2
47	31	36	43	22	43	1	21	35	17	20	4	32	6	25	31	26	8	20	11	39	23	10	12	24	2
47	31	36	43	22	43	1	21	35	17	20	4	32	6	25	31	26	12	17	16	34	19	42	12	24	2
47	31	36	43	22	43	1	21	35	17	20	4	32	6	25	31	26	15	24	7	28	27	2	12	24	2
47	31	36	43	22	43	1	21	35	17	20	4	32	6	25	31	26	22	36	31	42	32	46	12	24	2
47	31	36	43	22	43	1	21	35	17	20	4	32	6	25	31	26	23	10	28	40	43	0	12	24	2
47	31	36	43	22	43	1	21	35	17	20	4	32	6	25	31	26	23	12	24	20	4	0	12	24	2
47	31	36	43	22	43	1	21	35	17	20	4	32	6	25	31	26	25	31	13	41	3	16	12	24	2
47	31	36	43	22	43	1	21	35	17	20	4	32	6	25	31	26	28	42	39	42	11	44	12	24	2
47	31	36	43	22	43	1	21	35	17	20	4	32	6	25	31	26	30	11	40	23	44	39	12	24	2
47	31	36	43	22	43	1	21	35	17	20	4	32	6	25	31	26	35	29	20	18	12	22	12	24	2
47	31	36	43	22	43	1	21	35	17	20	4	32	6	25	31	26	36	15	43	9	12	13	12	24	2
47	31	36	43	22	43	1	21	35	17	20	4	32	6	25	31	26	38	27	38	45	35	32	12	24	2
47	31	36	43	22	43	1	21	35	17	20	4	32	6	25	31	26	43	5	12	23	13	46	12	24	2
47	31	36	43	22	43	1	21	35	17	20	4	32	6	25	31	26	43	12	22	21	34	1	12	24	2
47	31	36	43	22	43	1	21	35	17	20	4	32	6	25	31	26	44	34	36	45	33	4	12	24	2
47	31	36	43	22	43	2	21	17	35	20	4	32	6	25	31	26	2	31	36	28	14	32	12	24	2
47	31	36	43	22	43	2	21	17	35	20	4	32	6	25	31	26	8	20	11	39	23	10	12	24	2
47	31	36	43	22	43	2	21	17	35	20	4	32	6	25	31	26	12	17	16	34	19	42	12	24	2
47	31	36	43	22	43	2	21	17	35	20	4	32	6	25	31	26	15	24	7	28	27	2	12	24	2
47	31	36	43	22	43	2	21	17	35	20	4	32	6	25	31	26	22	36	31	42	32	46	12	24	2
47	31	36	43	22	43	2	21	17	35	20	4	32	6	25	31	26	23	10	28	40	43	0	12	24	2
47	31	36	43	22	43	2	21	17	35	20	4	32	6	25	31	26	23	12	24	20	4	0	12	24	2
47	31	36	43	22	43	2	21	17	35	20	4	32	6	25	31	26	25	31	13	41	3	16	12	24	2
47	31	36	43	22	43	2	21	17	35	20	4	32	6	25	31	26	28	42	39	42	11	44	12	24	2
47	31	36	43	22	43	2	21	17	35	20	4	32	6	25	31	26	30	11	40	23	44	39	12	24	2
47	31	36	43	22	43	2	21	17	35	20	4	32	6	25	31	26	35	29	20	18	12	22	12	24	2
47	31	36	43	22	43	2	21	17	35	20	4	32	6	25	31	26	36	15	43	9	12	13	12	24	2
47	31	36	43	22	43	2	21	17	35	20	4	32	6	25	31	26	38	27	38	45	35	32	12	24	2
47	31	36	43	22	43	2	21	17	35	20	4	32	6	25	31	26	43	5	12	23	13	46	12	24	2
47	31	36	43	22	43	2	21	17	35	20	4	32	6	25	31	26	43	12	22	21	34	1	12	24	2
47	31	36	43	22	43	2	21	17	35	20	4	32	6	25	31	26	44	34	36	45	33	4	12	24	2
47	31	36	43	22	43	3	35	17	21	20	4	32	6	25	31	26	2	31	36	28	14	32	12	24	2
47	31	36	43	22	43	3	35	17	21	20	4	32	6	25	31	26	8	20	11	39	23	10	12	24	2
47	31	36	43	22	43	3	35	17	21	20	4	32	6	25	31	26	12	17	16	34	19	42	12	24	2
47	31	36	43	22	43	3	35	17	21	20	4	32	6	25	31	26	15	24	7	28	27	2	12	24	2
47	31	36	43	22	43	3	35	17	21	20	4	32	6	25	31	26	22	36	31	42	32	46	12	24	2
47	31	36	43	22	43	3	35	17	21	20	4	32	6	25	31	26	23	10	28	40	43	0	12	24	2
47	31	36	43	22	43	3	35	17	21	20	4	32	6	25	31	26	23	12	24	20	4	0	12	24	2
47	31	36	43	22	43	3	35	17	21	20	4	32	6	25	31	26	25	31	13	41	3	16	12	24	2
47	31	36	43	22	43	3	35	17	21	20	4	32	6	25	31	26	28	42	39	42	11	44	12	24	2
47	31	36	43	22	43	3	35	17	21	20	4	32	6	25	31	26	30	11	40	23	44	39	12	24	2
47	31	36	43	22	43	3	35	17	21	20	4	32	6	25	31	26	35	29	20	18	12	22	12	24	2
47	31	36	43	22	43	3	35	17	21	20	4	32	6	25	31	26	36	15	43	9	12	13	12	24	2
47	31	36	43	22	43	3	35	17	21	20	4	32	6	25	31	26	38	27	38	45	35	32	12	24	2
47	31	36	43	22	43	3	35	17	21	20	4	32	6	25	31	26	43	5	12	23	13	46	12	24	2
47	31	36	43	22	43	3	35	17	21	20	4	32	6	25	31	26	43	12	22	21	34	1	12	24	2
47	31	36	43	22	43	3	35	17	21	20	4	32	6	25	31	26	44	34	36	45	33	4	12	24	2
47	31	43	36	25	4	1	26	30	12	27	32	4	38	32	41	25	7	14	9	29	43	39	12	24	2
47	31	43	36	25	4	1	26	30	12	27	32	4	38	32	41	25	12	22	5	10	9	20	12	24	2
47	31	43	36	25	4	1	26	30	12	27	32	4	38	32	41	25	13	31	4	21	13	33	12	24	2
47	31	43	36	25	4	1	26	30	12	27	32	4	38	32	41	25	15	9	22	21	42	28	12	24	2
47	31	43	36	25	4	1	26	30	12	27	32	4	38	32	41	25	18	42	23	33	11	44	12	24	2
47	31	43	36	25	4	1	26	30	12	27	32	4	38	32	41	25	20	32	29	8	40	36	12	24	2
47	31	43	36	25	4	1	26	30	12	27	32	4	38	32	41	25	37	4	24	41	25	5	12	24	2
47	31	43	36	25	4	1	26	30	12	27	32	4	38	32	41	25	43	25	23	9	35	35	12	24	2
47	31	43	36	25	4	1	26	30	12	27	32	4	38	32	41	25	44	29	38	6	37	20	12	24	2
47	31	43	36	25	4	1	26	30	12	27	32	4	38	32	41	25	46	31	11	9	23	6	12	24	2
47	31	43	36	25	4	2	26	12	30	27	32	4	38	32	41	25	7	14	9	29	43	39	12	24	2
47	31	43	36	25	4	2	26	12	30	27	32	4	38	32	41	25	12	22	5	10	9	20	12	24	2
47	31	43	36	25	4	2	26	12	30	27	32	4	38	32	41	25	13	31	4	21	13	33	12	24	2
47	31	43	36	25	4	2	26	12	30	27	32	4	38	32	41	25	15	9	22	21	42	28	12	24	2
47	31	43	36	25	4	2	26	12	30	27	32	4	38	32	41	25	18	42	23	33	11	44	12	24	2
47	31	43	36	25	4	2	26	12	30	27	32	4	38	32	41	25	20	32	29	8	40	36	12	24	2
47	31	43	36	25	4	2	26	12	30	27	32	4	38	32	41	25	37	4	24	41	25	5	12	24	2
47	31	43	36	25	4	2	26	12	30	27	32	4	38	32	41	25	43	25	23	9	35	35	12	24	2
47	31	43	36	25	4	2	26	12	30	27	32	4	38	32	41	25	44	29	38	6	37	20	12	24	2
47	31	43	36	25	4	2	26	12	30	27	32	4	38	32	41	25	46	31	11	9	23	6	12	24	2
47	31	43	36	25	4	3	30	12	26	27	32	4	38	32	41	25	7	14	9	29	43	39	12	24	2
47	31	43	36	25	4	3	30	12	26	27	32	4	38	32	41	25	12	22	5	10	9	20	12	24	2
47	31	43	36	25	4	3	30	12	26	27	32	4	38	32	41	25	13	31	4	21	13	33	12	24	2
47	31	43	36	25	4	3	30	12	26	27	32	4	38	32	41	25	15	9	22	21	42	28	12	24	2
47	31	43	36	25	4	3	30	12	26	27	32	4	38	32	41	25	18	42	23	33	11	44	12	24	2
47	31	43	36	25	4	3	30	12	26	27	32	4	38	32	41	25	20	32	29	8	40	36	12	24	2
47	31	43	36	25	4	3	30	12	26	27	32	4	38	32	41	25	37	4	24	41	25	5	12	24	2
47	31	43	36	25	4	3	30	12	26	27	32	4	38	32	41	25	43	25	23	9	35	35	12	24	2
47	31	43	36	25	4	3	30	12	26	27	32	4	38	32	41	25	44	29	38	6	37	20	12	24	2
47	31	43	36	25	4	3	30	12	26	27	32	4	38	32	41	25	46	31	11	9	23	6	12	24	2
47	31	43	36	22	43	1	21	17	35	20	4	32	6	25	31	26	2	31	36	28	14	32	12	24	2
47	31	43	36	22	43	1	21	17	35	20	4	32	6	25	31	26	8	20	11	39	23	10	12	24	2
47	31	43	36	22	43	1	21	17	35	20	4	32	6	25	31	26	12	17	16	34	19	42	12	24	2
47	31	43	36	22	43	1	21	17	35	20	4	32	6	25	31	26	15	24	7	28	27	2	12	24	2
47	31	43	36	22	43	1	21	17	35	20	4	32	6	25	31	26	22	36	31	42	32	46	12	24	2
47	31	43	36	22	43	1	21	17	35	20	4	32	6	25	31	26	23	10	28	40	43	0	12	24	2
47	31	43	36	22	43	1	21	17	35	20	4	32	6	25	31	26	23	12	24	20	4	0	12	24	2
47	31	43	36	22	43	1	21	17	35	20	4	32	6	25	31	26	25	31	13	41	3	16	12	24	2
47	31	43	36	22	43	1	21	17	35	20	4	32	6	25	31	26	28	42	39	42	11	44	12	24	2
47	31	43	36	22	43	1	21	17	35	20	4	32	6	25	31	26	30	11	40	23	44	39	12	24	2
47	31	43	36	22	43	1	21	17	35	20	4	32	6	25	31	26	35	29	20	18	12	22	12	24	2
47	31	43	36	22	43	1	21	17	35	20	4	32	6	25	31	26	36	15	43	9	12	13	12	24	2
47	31	43	36	22	43	1	21	17	35	20	4	32	6	25	31	26	38	27	38	45	35	32	12	24	2
47	31	43	36	22	43	1	21	17	35	20	4	32	6	25	31	26	43	5	12	23	13	46	12	24	2
47	31	43	36	22	43	1	21	17	35	20	4	32	6	25	31	26	43	12	22	21	34	1	12	24	2
47	31	43	36	22	43	1	21	17	35	20	4	32	6	25	31	26	44	34	36	45	33	4	12	24	2
47	31	43	36	22	43	2	21	35	17	20	4	32	6	25	31	26	2	31	36	28	14	32	12	24	2
47	31	43	36	22	43	2	21	35	17	20	4	32	6	25	31	26	8	20	11	39	23	10	12	24	2
47	31	43	36	22	43	2	21	35	17	20	4	32	6	25	31	26	12	17	16	34	19	42	12	24	2
47	31	43	36	22	43	2	21	35	17	20	4	32	6	25	31	26	15	24	7	28	27	2	12	24	2
47	31	43	36	22	43	2	21	35	17	20	4	32	6	25	31	26	22	36	31	42	32	46	12	24	2
47	31	43	36	22	43	2	21	35	17	20	4	32	6	25	31	26	23	10	28	40	43	0	12	24	2
47	31	43	36	22	43	2	21	35	17	20	4	32	6	25	31	26	23	12	24	20	4	0	12	24	2
47	31	43	36	22	43	2	21	35	17	20	4	32	6	25	31	26	25	31	13	41	3	16	12	24	2
47	31	43	36	22	43	2	21	35	17	20	4	32	6	25	31	26	28	42	39	42	11	44	12	24	2
47	31	43	36	22	43	2	21	35	17	20	4	32	6	25	31	26	30	11	40	23	44	39	12	24	2
47	31	43	36	22	43	2	21	35	17	20	4	32	6	25	31	26	35	29	20	18	12	22	12	24	2
47	31	43	36	22	43	2	21	35	17	20	4	32	6	25	31	26	36	15	43	9	12	13	12	24	2
47	31	43	36	22	43	2	21	35	17	20	4	32	6	25	31	26	38	27	38	45	35	32	12	24	2
47	31	43	36	22	43	2	21	35	17	20	4	32	6	25	31	26	43	5	12	23	13	46	12	24	2
47	31	43	36	22	43	2	21	35	17	20	4	32	6	25	31	26	43	12	22	21	34	1	12	24	2
47	31	43	36	22	43	2	21	35	17	20	4	32	6	25	31	26	44	34	36	45	33	4	12	24	2
47	31	43	36	22	43	3	17	35	21	20	4	32	6	25	31	26	2	31	36	28	14	32	12	24	2
47	31	43	36	22	43	3	17	35	21	20	4	32	6	25	31	26	8	20	11	39	23	10	12	24	2
47	31	43	36	22	43	3	17	35	21	20	4	32	6	25	31	26	12	17	16	34	19	42	12	24	2
47	31	43	36	22	43	3	17	35	21	20	4	32	6	25	31	26	15	24	7	28	27	2	12	24	2
47	31	43	36	22	43	3	17	35	21	20	4	32	6	25	31	26	22	36	31	42	32	46	12	24	2
47	31	43	36	22	43	3	17	35	21	20	4	32	6	25	31	26	23	10	28	40	43	0	12	24	2
47	31	43	36	22	43	3	17	35	21	20	4	32	6	25	31	26	23	12	24	20	4	0	12	24	2
47	31	43	36	22	43	3	17	35	21	20	4	32	6	25	31	26	25	31	13	41	3	16	12	24	2
47	31	43	36	22	43	3	17	35	21	20	4	32	6	25	31	26	28	42	39	42	11	44	12	24	2
47	31	43	36	22	43	3	17	35	21	20	4	32	6	25	31	26	30	11	40	23	44	39	12	24	2
47	31	43	36	22	43	3	17	35	21	20	4	32	6	25	31	26	35	29	20	18	12	22	12	24	2
47	31	43	36	22	43	3	17	35	21	20	4	32	6	25	31	26	36	15	43	9	12	13	12	24	2
47	31	43	36	22	43	3	17	35	21	20	4	32	6	25	31	26	38	27	38	45	35	32	12	24	2
47	31	43	36	22	43	3	17	35	21	20	4	32	6	25	31	26	43	5	12	23	13	46	12	24	2
47	31	43	36	22	43	3	17	35	21	20	4	32	6	25	31	26	43	12	22	21	34	1	12	24	2
47	31	43	36	22	43	3	17	35	21	20	4	32	6	25	31	26	44	34	36	45	33	4	12	24	2
47	33	8	13	12	9	1	19	16	26	25	21	32	46	3	46	18	1	25	24	4	27	1	12	24	2
47	33	8	13	12	9	1	19	16	26	25	21	32	46	3	46	18	2	35	11	36	35	38	12	24	2
47	33	8	13	12	9	1	19	16	26	25	21	32	46	3	46	18	6	37	5	39	24	4	12	24	2
47	33	8	13	12	9	1	19	16	26	25	21	32	46	3	46	18	10	19	35	17	22	3	12	24	2
47	33	8	13	12	9	1	19	16	26	25	21	32	46	3	46	18	19	11	42	14	21	39	12	24	2
47	33	8	13	12	9	1	19	16	26	25	21	32	46	3	46	18	21	33	21	29	31	38	12	24	2
47	33	8	13	12	9	1	19	16	26	25	21	32	46	3	46	18	23	43	29	46	36	30	12	24	2
47	33	8	13	12	9	1	19	16	26	25	21	32	46	3	46	18	25	16	23	35	28	33	12	24	2
47	33	8	13	12	9	1	19	16	26	25	21	32	46	3	46	18	26	36	11	23	12	12	12	24	2
47	33	8	13	12	9	1	19	16	26	25	21	32	46	3	46	18	28	34	5	3	23	42	12	24	2
47	33	8	13	12	9	1	19	16	26	25	21	32	46	3	46	18	30	10	2	44	0	4	12	24	2
47	33	8	13	12	9	1	19	16	26	25	21	32	46	3	46	18	37	4	28	35	21	14	12	24	2
47	33	8	13	12	9	1	19	16	26	25	21	32	46	3	46	18	37	34	25	1	26	33	12	24	2
47	33	8	13	12	9	1	19	16	26	25	21	32	46	3	46	18	40	8	30	24	32	0	12	24	2
47	33	8	13	12	9	1	19	16	26	25	21	32	46	3	46	18	40	21	8	6	15	0	12	24	2
47	33	8	13	12	9	1	19	16	26	25	21	32	46	3	46	18	41	44	15	41	37	44	12	24	2
47	33	8	13	12	9	2	19	26	16	25	21	32	46	3	46	18	1	25	24	4	27	1	12	24	2
47	33	8	13	12	9	2	19	26	16	25	21	32	46	3	46	18	2	35	11	36	35	38	12	24	2
47	33	8	13	12	9	2	19	26	16	25	21	32	46	3	46	18	6	37	5	39	24	4	12	24	2
47	33	8	13	12	9	2	19	26	16	25	21	32	46	3	46	18	10	19	35	17	22	3	12	24	2
47	33	8	13	12	9	2	19	26	16	25	21	32	46	3	46	18	19	11	42	14	21	39	12	24	2
47	33	8	13	12	9	2	19	26	16	25	21	32	46	3	46	18	21	33	21	29	31	38	12	24	2
47	33	8	13	12	9	2	19	26	16	25	21	32	46	3	46	18	23	43	29	46	36	30	12	24	2
47	33	8	13	12	9	2	19	26	16	25	21	32	46	3	46	18	25	16	23	35	28	33	12	24	2
47	33	8	13	12	9	2	19	26	16	25	21	32	46	3	46	18	26	36	11	23	12	12	12	24	2
47	33	8	13	12	9	2	19	26	16	25	21	32	46	3	46	18	28	34	5	3	23	42	12	24	2
47	33	8	13	12	9	2	19	26	16	25	21	32	46	3	46	18	30	10	2	44	0	4	12	24	2
47	33	8	13	12	9	2	19	26	16	25	21	32	46	3	46	18	37	4	28	35	21	14	12	24	2
47	33	8	13	12	9	2	19	26	16	25	21	32	46	3	46	18	37	34	25	1	26	33	12	24	2
47	33	8	13	12	9	2	19	26	16	25	21	32	46	3	46	18	40	8	30	24	32	0	12	24	2
47	33	8	13	12	9	2	19	26	16	25	21	32	46	3	46	18	40	21	8	6	15	0	12	24	2
47	33	8	13	12	9	2	19	26	16	25	21	32	46	3	46	18	41	44	15	41	37	44	12	24	2
47	33	8	13	12	9	3	16	26	19	25	21	32	46	3	46	18	1	25	24	4	27	1	12	24	2
47	33	8	13	12	9	3	16	26	19	25	21	32	46	3	46	18	2	35	11	36	35	38	12	24	2
47	33	8	13	12	9	3	16	26	19	25	21	32	46	3	46	18	6	37	5	39	24	4	12	24	2
47	33	8	13	12	9	3	16	26	19	25	21	32	46	3	46	18	10	19	35	17	22	3	12	24	2
47	33	8	13	12	9	3	16	26	19	25	21	32	46	3	46	18	19	11	42	14	21	39	12	24	2
47	33	8	13	12	9	3	16	26	19	25	21	32	46	3	46	18	21	33	21	29	31	38	12	24	2
47	33	8	13	12	9	3	16	26	19	25	21	32	46	3	46	18	23	43	29	46	36	30	12	24	2
47	33	8	13	12	9	3	16	26	19	25	21	32	46	3	46	18	25	16	23	35	28	33	12	24	2
47	33	8	13	12	9	3	16	26	19	25	21	32	46	3	46	18	26	36	11	23	12	12	12	24	2
47	33	8	13	12	9	3	16	26	19	25	21	32	46	3	46	18	28	34	5	3	23	42	12	24	2
47	33	8	13	12	9	3	16	26	19	25	21	32	46	3	46	18	30	10	2	44	0	4	12	24	2
47	33	8	13	12	9	3	16	26	19	25	21	32	46	3	46	18	37	4	28	35	21	14	12	24	2
47	33	8	13	12	9	3	16	26	19	25	21	32	46	3	46	18	37	34	25	1	26	33	12	24	2
47	33	8	13	12	9	3	16	26	19	25	21	32	46	3	46	18	40	8	30	24	32	0	12	24	2
47	33	8	13	12	9	3	16	26	19	25	21	32	46	3	46	18	40	21	8	6	15	0	12	24	2
47	33	8	13	12	9	3	16	26	19	25	21	32	46	3	46	18	41	44	15	41	37	44	12	24	2
47	33	8	13	35	38	1	28	31	21	22	28	4	3	1	24	41	1	39	40	14	46	42	12	24	2
47	33	8	13	35	38	1	28	31	21	22	28	4	3	1	24	41	6	37	7	34	13	35	12	24	2
47	33	8	13	35	38	1	28	31	21	22	28	4	3	1	24	41	9	45	21	20	46	18	12	24	2
47	33	8	13	35	38	1	28	31	21	22	28	4	3	1	24	41	15	10	3	41	12	30	12	24	2
47	33	8	13	35	38	1	28	31	21	22	28	4	3	1	24	41	16	4	9	6	15	14	12	24	2
47	33	8	13	35	38	1	28	31	21	22	28	4	3	1	24	41	19	7	24	42	21	32	12	24	2
47	33	8	13	35	38	1	28	31	21	22	28	4	3	1	24	41	22	12	22	43	16	20	12	24	2
47	33	8	13	35	38	1	28	31	21	22	28	4	3	1	24	41	24	36	1	13	5	28	12	24	2
47	33	8	13	35	38	1	28	31	21	22	28	4	3	1	24	41	25	17	10	23	23	21	12	24	2
47	33	8	13	35	38	1	28	31	21	22	28	4	3	1	24	41	26	24	27	26	5	33	12	24	2
47	33	8	13	35	38	1	28	31	21	22	28	4	3	1	24	41	28	0	36	17	13	43	12	24	2
47	33	8	13	35	38	1	28	31	21	22	28	4	3	1	24	41	32	29	38	11	17	8	12	24	2
47	33	8	13	35	38	1	28	31	21	22	28	4	3	1	24	41	36	36	46	7	45	8	12	24	2
47	33	8	13	35	38	1	28	31	21	22	28	4	3	1	24	41	37	11	34	24	5	38	12	24	2
47	33	8	13	35	38	1	28	31	21	22	28	4	3	1	24	41	45	20	9	40	32	44	12	24	2
47	33	8	13	35	38	1	28	31	21	22	28	4	3	1	24	41	46	43	5	37	36	30	12	24	2
47	33	8	13	35	38	2	28	21	31	22	28	4	3	1	24	41	1	39	40	14	46	42	12	24	2
47	33	8	13	35	38	2	28	21	31	22	28	4	3	1	24	41	6	37	7	34	13	35	12	24	2
47	33	8	13	35	38	2	28	21	31	22	28	4	3	1	24	41	9	45	21	20	46	18	12	24	2
47	33	8	13	35	38	2	28	21	31	22	28	4	3	1	24	41	15	10	3	41	12	30	12	24	2
47	33	8	13	35	38	2	28	21	31	22	28	4	3	1	24	41	16	4	9	6	15	14	12	24	2
47	33	8	13	35	38	2	28	21	31	22	28	4	3	1	24	41	19	7	24	42	21	32	12	24	2
47	33	8	13	35	38	2	28	21	31	22	28	4	3	1	24	41	22	12	22	43	16	20	12	24	2
47	33	8	13	35	38	2	28	21	31	22	28	4	3	1	24	41	24	36	1	13	5	28	12	24	2
47	33	8	13	35	38	2	28	21	31	22	28	4	3	1	24	41	25	17	10	23	23	21	12	24	2
47	33	8	13	35	38	2	28	21	31	22	28	4	3	1	24	41	26	24	27	26	5	33	12	24	2
47	33	8	13	35	38	2	28	21	31	22	28	4	3	1	24	41	28	0	36	17	13	43	12	24	2
47	33	8	13	35	38	2	28	21	31	22	28	4	3	1	24	41	32	29	38	11	17	8	12	24	2
47	33	8	13	35	38	2	28	21	31	22	28	4	3	1	24	41	36	36	46	7	45	8	12	24	2
47	33	8	13	35	38	2	28	21	31	22	28	4	3	1	24	41	37	11	34	24	5	38	12	24	2
47	33	8	13	35	38	2	28	21	31	22	28	4	3	1	24	41	45	20	9	40	32	44	12	24	2
47	33	8	13	35	38	2	28	21	31	22	28	4	3	1	24	41	46	43	5	37	36	30	12	24	2
47	33	8	13	35	38	3	31	21	28	22	28	4	3	1	24	41	1	39	40	14	46	42	12	24	2
47	33	8	13	35	38	3	31	21	28	22	28	4	3	1	24	41	6	37	7	34	13	35	12	24	2
47	33	8	13	35	38	3	31	21	28	22	28	4	3	1	24	41	9	45	21	20	46	18	12	24	2
47	33	8	13	35	38	3	31	21	28	22	28	4	3	1	24	41	15	10	3	41	12	30	12	24	2
47	33	8	13	35	38	3	31	21	28	22	28	4	3	1	24	41	16	4	9	6	15	14	12	24	2
47	33	8	13	35	38	3	31	21	28	22	28	4	3	1	24	41	19	7	24	42	21	32	12	24	2
47	33	8	13	35	38	3	31	21	28	22	28	4	3	1	24	41	22	12	22	43	16	20	12	24	2
47	33	8	13	35	38	3	31	21	28	22	28	4	3	1	24	41	24	36	1	13	5	28	12	24	2
47	33	8	13	35	38	3	31	21	28	22	28	4	3	1	24	41	25	17	10	23	23	21	12	24	2
47	33	8	13	35	38	3	31	21	28	22	28	4	3	1	24	41	26	24	27	26	5	33	12	24	2
47	33	8	13	35	38	3	31	21	28	22	28	4	3	1	24	41	28	0	36	17	13	43	12	24	2
47	33	8	13	35	38	3	31	21	28	22	28	4	3	1	24	41	32	29	38	11	17	8	12	24	2
47	33	8	13	35	38	3	31	21	28	22	28	4	3	1	24	41	36	36	46	7	45	8	12	24	2
47	33	8	13	35	38	3	31	21	28	22	28	4	3	1	24	41	37	11	34	24	5	38	12	24	2
47	33	8	13	35	38	3	31	21	28	22	28	4	3	1	24	41	45	20	9	40	32	44	12	24	2
47	33	8	13	35	38	3	31	21	28	22	28	4	3	1	24	41	46	43	5	37	36	30	12	24	2
47	33	13	8	12	9	1	19	26	16	25	21	32	46	3	46	18	1	25	24	4	27	1	12	24	2
47	33	13	8	12	9	1	19	26	16	25	21	32	46	3	46	18	2	35	11	36	35	38	12	24	2
47	33	13	8	12	9	1	19	26	16	25	21	32	46	3	46	18	6	37	5	39	24	4	12	24	2
47	33	13	8	12	9	1	19	26	16	25	21	32	46	3	46	18	10	19	35	17	22	3	12	24	2
47	33	13	8	12	9	1	19	26	16	25	21	32	46	3	46	18	19	11	42	14	21	39	12	24	2
47	33	13	8	12	9	1	19	26	16	25	21	32	46	3	46	18	21	33	21	29	31	38	12	24	2
47	33	13	8	12	9	1	19	26	16	25	21	32	46	3	46	18	23	43	29	46	36	30	12	24	2
47	33	13	8	12	9	1	19	26	16	25	21	32	46	3	46	18	25	16	23	35	28	33	12	24	2
47	33	13	8	12	9	1	19	26	16	25	21	32	46	3	46	18	26	36	11	23	12	12	12	24	2
47	33	13	8	12	9	1	19	26	16	25	21	32	46	3	46	18	28	34	5	3	23	42	12	24	2
47	33	13	8	12	9	1	19	26	16	25	21	32	46	3	46	18	30	10	2	44	0	4	12	24	2
47	33	13	8	12	9	1	19	26	16	25	21	32	46	3	46	18	37	4	28	35	21	14	12	24	2
47	33	13	8	12	9	1	19	26	16	25	21	32	46	3	46	18	37	34	25	1	26	33	12	24	2
47	33	13	8	12	9	1	19	26	16	25	21	32	46	3	46	18	40	8	30	24	32	0	12	24	2
47	33	13	8	12	9	1	19	26	16	25	21	32	46	3	46	18	40	21	8	6	15	0	12	24	2
47	33	13	8	12	9	1	19	26	16	25	21	32	46	3	46	18	41	44	15	41	37	44	12	24	2
47	33	13	8	12	9	2	19	16	26	25	21	32	46	3	46	18	1	25	24	4	27	1	12	24	2
47	33	13	8	12	9	2	19	16	26	25	21	32	46	3	46	18	2	35	11	36	35	38	12	24	2
47	33	13	8	12	9	2	19	16	26	25	21	32	46	3	46	18	6	37	5	39	24	4	12	24	2
47	33	13	8	12	9	2	19	16	26	25	21	32	46	3	46	18	10	19	35	17	22	3	12	24	2
47	33	13	8	12	9	2	19	16	26	25	21	32	46	3	46	18	19	11	42	14	21	39	12	24	2
47	33	13	8	12	9	2	19	16	26	25	21	32	46	3	46	18	21	33	21	29	31	38	12	24	2
47	33	13	8	12	9	2	19	16	26	25	21	32	46	3	46	18	23	43	29	46	36	30	12	24	2
47	33	13	8	12	9	2	19	16	26	25	21	32	46	3	46	18	25	16	23	35	28	33	12	24	2
47	33	13	8	12	9	2	19	16	26	25	21	32	46	3	46	18	26	36	11	23	12	12	12	24	2
47	33	13	8	12	9	2	19	16	26	25	21	32	46	3	46	18	28	34	5	3	23	42	12	24	2
47	33	13	8	12	9	2	19	16	26	25	21	32	46	3	46	18	30	10	2	44	0	4	12	24	2
47	33	13	8	12	9	2	19	16	26	25	21	32	46	3	46	18	37	4	28	35	21	14	12	24	2
47	33	13	8	12	9	2	19	16	26	25	21	32	46	3	46	18	37	34	25	1	26	33	12	24	2
47	33	13	8	12	9	2	19	16	26	25	21	32	46	3	46	18	40	8	30	24	32	0	12	24	2
47	33	13	8	12	9	2	19	16	26	25	21	32	46	3	46	18	40	21	8	6	15	0	12	24	2
47	33	13	8	12	9	2	19	16	26	25	21	32	46	3	46	18	41	44	15	41	37	44	12	24	2
47	33	13	8	12	9	3	26	16	19	25	21	32	46	3	46	18	1	25	24	4	27	1	12	24	2
47	33	13	8	12	9	3	26	16	19	25	21	32	46	3	46	18	2	35	11	36	35	38	12	24	2
47	33	13	8	12	9	3	26	16	19	25	21	32	46	3	46	18	6	37	5	39	24	4	12	24	2
47	33	13	8	12	9	3	26	16	19	25	21	32	46	3	46	18	10	19	35	17	22	3	12	24	2
47	33	13	8	12	9	3	26	16	19	25	21	32	46	3	46	18	19	11	42	14	21	39	12	24	2
47	33	13	8	12	9	3	26	16	19	25	21	32	46	3	46	18	21	33	21	29	31	38	12	24	2
47	33	13	8	12	9	3	26	16	19	25	21	32	46	3	46	18	23	43	29	46	36	30	12	24	2
47	33	13	8	12	9	3	26	16	19	25	21	32	46	3	46	18	25	16	23	35	28	33	12	24	2
47	33	13	8	12	9	3	26	16	19	25	21	32	46	3	46	18	26	36	11	23	12	12	12	24	2
47	33	13	8	12	9	3	26	16	19	25	21	32	46	3	46	18	28	34	5	3	23	42	12	24	2
47	33	13	8	12	9	3	26	16	19	25	21	32	46	3	46	18	30	10	2	44	0	4	12	24	2
47	33	13	8	12	9	3	26	16	19	25	21	32	46	3	46	18	37	4	28	35	21	14	12	24	2
47	33	13	8	12	9	3	26	16	19	25	21	32	46	3	46	18	37	34	25	1	26	33	12	24	2
47	33	13	8	12	9	3	26	16	19	25	21	32	46	3	46	18	40	8	30	24	32	0	12	24	2
47	33	13	8	12	9	3	26	16	19	25	21	32	46	3	46	18	40	21	8	6	15	0	12	24	2
47	33	13	8	12	9	3	26	16	19	25	21	32	46	3	46	18	41	44	15	41	37	44	12	24	2
47	33	13	8	35	38	1	28	21	31	22	28	4	3	1	24	41	1	39	40	14	46	42	12	24	2
47	33	13	8	35	38	1	28	21	31	22	28	4	3	1	24	41	6	37	7	34	13	35	12	24	2
47	33	13	8	35	38	1	28	21	31	22	28	4	3	1	24	41	9	45	21	20	46	18	12	24	2
47	33	13	8	35	38	1	28	21	31	22	28	4	3	1	24	41	15	10	3	41	12	30	12	24	2
47	33	13	8	35	38	1	28	21	31	22	28	4	3	1	24	41	16	4	9	6	15	14	12	24	2
47	33	13	8	35	38	1	28	21	31	22	28	4	3	1	24	41	19	7	24	42	21	32	12	24	2
47	33	13	8	35	38	1	28	21	31	22	28	4	3	1	24	41	22	12	22	43	16	20	12	24	2
47	33	13	8	35	38	1	28	21	31	22	28	4	3	1	24	41	24	36	1	13	5	28	12	24	2
47	33	13	8	35	38	1	28	21	31	22	28	4	3	1	24	41	25	17	10	23	23	21	12	24	2
47	33	13	8	35	38	1	28	21	31	22	28	4	3	1	24	41	26	24	27	26	5	33	12	24	2
47	33	13	8	35	38	1	28	21	31	22	28	4	3	1	24	41	28	0	36	17	13	43	12	24	2
47	33	13	8	35	38	1	28	21	31	22	28	4	3	1	24	41	32	29	38	11	17	8	12	24	2
47	33	13	8	35	38	1	28	21	31	22	28	4	3	1	24	41	36	36	46	7	45	8	12	24	2
47	33	13	8	35	38	1	28	21	31	22	28	4	3	1	24	41	37	11	34	24	5	38	12	24	2
47	33	13	8	35	38	1	28	21	31	22	28	4	3	1	24	41	45	20	9	40	32	44	12	24	2
47	33	13	8	35	38	1	28	21	31	22	28	4	3	1	24	41	46	43	5	37	36	30	12	24	2
47	33	13	8	35	38	2	28	31	21	22	28	4	3	1	24	41	1	39	40	14	46	42	12	24	2
47	33	13	8	35	38	2	28	31	21	22	28	4	3	1	24	41	6	37	7	34	13	35	12	24	2
47	33	13	8	35	38	2	28	31	21	22	28	4	3	1	24	41	9	45	21	20	46	18	12	24	2
47	33	13	8	35	38	2	28	31	21	22	28	4	3	1	24	41	15	10	3	41	12	30	12	24	2
47	33	13	8	35	38	2	28	31	21	22	28	4	3	1	24	41	16	4	9	6	15	14	12	24	2
47	33	13	8	35	38	2	28	31	21	22	28	4	3	1	24	41	19	7	24	42	21	32	12	24	2
47	33	13	8	35	38	2	28	31	21	22	28	4	3	1	24	41	22	12	22	43	16	20	12	24	2
47	33	13	8	35	38	2	28	31	21	22	28	4	3	1	24	41	24	36	1	13	5	28	12	24	2
47	33	13	8	35	38	2	28	31	21	22	28	4	3	1	24	41	25	17	10	23	23	21	12	24	2
47	33	13	8	35	38	2	28	31	21	22	28	4	3	1	24	41	26	24	27	26	5	33	12	24	2
47	33	13	8	35	38	2	28	31	21	22	28	4	3	1	24	41	28	0	36	17	13	43	12	24	2
47	33	13	8	35	38	2	28	31	21	22	28	4	3	1	24	41	32	29	38	11	17	8	12	24	2
47	33	13	8	35	38	2	28	31	21	22	28	4	3	1	24	41	36	36	46	7	45	8	12	24	2
47	33	13	8	35	38	2	28	31	21	22	28	4	3	1	24	41	37	11	34	24	5	38	12	24	2
47	33	13	8	35	38	2	28	31	21	22	28	4	3	1	24	41	45	20	9	40	32	44	12	24	2
47	33	13	8	35	38	2	28	31	21	22	28	4	3	1	24	41	46	43	5	37	36	30	12	24	2
47	33	13	8	35	38	3	21	31	28	22	28	4	3	1	24	41	1	39	40	14	46	42	12	24	2
47	33	13	8	35	38	3	21	31	28	22	28	4	3	1	24	41	6	37	7	34	13	35	12	24	2
47	33	13	8	35	38	3	21	31	28	22	28	4	3	1	24	41	9	45	21	20	46	18	12	24	2
47	33	13	8	35	38	3	21	31	28	22	28	4	3	1	24	41	15	10	3	41	12	30	12	24	2
47	33	13	8	35	38	3	21	31	28	22	28	4	3	1	24	41	16	4	9	6	15	14	12	24	2
47	33	13	8	35	38	3	21	31	28	22	28	4	3	1	24	41	19	7	24	42	21	32	12	24	2
47	33	13	8	35	38	3	21	31	28	22	28	4	3	1	24	41	22	12	22	43	16	20	12	24	2
47	33	13	8	35	38	3	21	31	28	22	28	4	3	1	24	41	24	36	1	13	5	28	12	24	2
47	33	13	8	35	38	3	21	31	28	22	28	4	3	1	24	41	25	17	10	23	23	21	12	24	2
47	33	13	8	35	38	3	21	31	28	22	28	4	3	1	24	41	26	24	27	26	5	33	12	24	2
47	33	13	8	35	38	3	21	31	28	22	28	4	3	1	24	41	28	0	36	17	13	43	12	24	2
47	33	13	8	35	38	3	21	31	28	22	28	4	3	1	24	41	32	29	38	11	17	8	12	24	2
47	33	13	8	35	38	3	21	31	28	22	28	4	3	1	24	41	36	36	46	7	45	8	12	24	2
47	33	13	8	35	38	3	21	31	28	22	28	4	3	1	24	41	37	11	34	24	5	38	12	24	2
47	33	13	8	35	38	3	21	31	28	22	28	4	3	1	24	41	45	20	9	40	32	44	12	24	2
47	33	13	8	35	38	3	21	31	28	22	28	4	3	1	24	41	46	43	5	37	36	30	12	24	2
47	34	7	16	1	42	1	17	27	8	21	10	45	1	37	8	7	7	33	10	39	2	46	12	24	2
47	34	7	16	1	42	1	17	27	8	21	10	45	1	37	8	7	11	36	43	46	20	27	12	24	2
47	34	7	16	1	42	1	17	27	8	21	10	45	1	37	8	7	14	21	46	10	14	35	12	24	2
47	34	7	16	1	42	1	17	27	8	21	10	45	1	37	8	7	21	5	5	7	43	7	12	24	2
47	34	7	16	1	42	1	17	27	8	21	10	45	1	37	8	7	22	34	22	4	15	31	12	24	2
47	34	7	16	1	42	1	17	27	8	21	10	45	1	37	8	7	22	37	20	13	32	16	12	24	2
47	34	7	16	1	42	1	17	27	8	21	10	45	1	37	8	7	27	12	13	12	43	35	12	24	2
47	34	7	16	1	42	1	17	27	8	21	10	45	1	37	8	7	29	39	0	28	21	31	12	24	2
47	34	7	16	1	42	1	17	27	8	21	10	45	1	37	8	7	32	2	20	41	30	30	12	24	2
47	34	7	16	1	42	1	17	27	8	21	10	45	1	37	8	7	37	44	25	22	7	7	12	24	2
47	34	7	16	1	42	1	17	27	8	21	10	45	1	37	8	7	39	7	11	3	39	42	12	24	2
47	34	7	16	1	42	1	17	27	8	21	10	45	1	37	8	7	41	9	14	38	20	5	12	24	2
47	34	7	16	1	42	1	17	27	8	21	10	45	1	37	8	7	43	6	21	33	22	24	12	24	2
47	34	7	16	1	42	1	17	27	8	21	10	45	1	37	8	7	44	9	34	18	46	6	12	24	2
47	34	7	16	1	42	1	17	27	8	21	10	45	1	37	8	7	45	27	28	21	9	37	12	24	2
47	34	7	16	1	42	1	17	27	8	21	10	45	1	37	8	7	46	36	11	36	40	35	12	24	2
47	34	7	16	1	42	2	17	8	27	21	10	45	1	37	8	7	7	33	10	39	2	46	12	24	2
47	34	7	16	1	42	2	17	8	27	21	10	45	1	37	8	7	11	36	43	46	20	27	12	24	2
47	34	7	16	1	42	2	17	8	27	21	10	45	1	37	8	7	14	21	46	10	14	35	12	24	2
47	34	7	16	1	42	2	17	8	27	21	10	45	1	37	8	7	21	5	5	7	43	7	12	24	2
47	34	7	16	1	42	2	17	8	27	21	10	45	1	37	8	7	22	34	22	4	15	31	12	24	2
47	34	7	16	1	42	2	17	8	27	21	10	45	1	37	8	7	22	37	20	13	32	16	12	24	2
47	34	7	16	1	42	2	17	8	27	21	10	45	1	37	8	7	27	12	13	12	43	35	12	24	2
47	34	7	16	1	42	2	17	8	27	21	10	45	1	37	8	7	29	39	0	28	21	31	12	24	2
47	34	7	16	1	42	2	17	8	27	21	10	45	1	37	8	7	32	2	20	41	30	30	12	24	2
47	34	7	16	1	42	2	17	8	27	21	10	45	1	37	8	7	37	44	25	22	7	7	12	24	2
47	34	7	16	1	42	2	17	8	27	21	10	45	1	37	8	7	39	7	11	3	39	42	12	24	2
47	34	7	16	1	42	2	17	8	27	21	10	45	1	37	8	7	41	9	14	38	20	5	12	24	2
47	34	7	16	1	42	2	17	8	27	21	10	45	1	37	8	7	43	6	21	33	22	24	12	24	2
47	34	7	16	1	42	2	17	8	27	21	10	45	1	37	8	7	44	9	34	18	46	6	12	24	2
47	34	7	16	1	42	2	17	8	27	21	10	45	1	37	8	7	45	27	28	21	9	37	12	24	2
47	34	7	16	1	42	2	17	8	27	21	10	45	1	37	8	7	46	36	11	36	40	35	12	24	2
47	34	7	16	1	42	3	27	8	17	21	10	45	1	37	8	7	7	33	10	39	2	46	12	24	2
47	34	7	16	1	42	3	27	8	17	21	10	45	1	37	8	7	11	36	43	46	20	27	12	24	2
47	34	7	16	1	42	3	27	8	17	21	10	45	1	37	8	7	14	21	46	10	14	35	12	24	2
47	34	7	16	1	42	3	27	8	17	21	10	45	1	37	8	7	21	5	5	7	43	7	12	24	2
47	34	7	16	1	42	3	27	8	17	21	10	45	1	37	8	7	22	34	22	4	15	31	12	24	2
47	34	7	16	1	42	3	27	8	17	21	10	45	1	37	8	7	22	37	20	13	32	16	12	24	2
47	34	7	16	1	42	3	27	8	17	21	10	45	1	37	8	7	27	12	13	12	43	35	12	24	2
47	34	7	16	1	42	3	27	8	17	21	10	45	1	37	8	7	29	39	0	28	21	31	12	24	2
47	34	7	16	1	42	3	27	8	17	21	10	45	1	37	8	7	32	2	20	41	30	30	12	24	2
47	34	7	16	1	42	3	27	8	17	21	10	45	1	37	8	7	37	44	25	22	7	7	12	24	2
47	34	7	16	1	42	3	27	8	17	21	10	45	1	37	8	7	39	7	11	3	39	42	12	24	2
47	34	7	16	1	42	3	27	8	17	21	10	45	1	37	8	7	41	9	14	38	20	5	12	24	2
47	34	7	16	1	42	3	27	8	17	21	10	45	1	37	8	7	43	6	21	33	22	24	12	24	2
47	34	7	16	1	42	3	27	8	17	21	10	45	1	37	8	7	44	9	34	18	46	6	12	24	2
47	34	7	16	1	42	3	27	8	17	21	10	45	1	37	8	7	45	27	28	21	9	37	12	24	2
47	34	7	16	1	42	3	27	8	17	21	10	45	1	37	8	7	46	36	11	36	40	35	12	24	2
47	34	7	16	46	5	1	30	20	39	26	6	10	2	1	35	43	6	7	25	23	4	39	12	24	2
47	34	7	16	46	5	1	30	20	39	26	6	10	2	1	35	43	17	32	35	26	0	36	12	24	2
47	34	7	16	46	5	1	30	20	39	26	6	10	2	1	35	43	23	35	23	15	18	17	12	24	2
47	34	7	16	46	5	1	30	20	39	26	6	10	2	1	35	43	24	20	39	15	14	30	12	24	2
47	34	7	16	46	5	1	30	20	39	26	6	10	2	1	35	43	25	21	20	27	30	9	12	24	2
47	34	7	16	46	5	1	30	20	39	26	6	10	2	1	35	43	29	23	4	12	4	31	12	24	2
47	34	7	16	46	5	1	30	20	39	26	6	10	2	1	35	43	38	15	6	43	4	20	12	24	2
47	34	7	16	46	5	1	30	20	39	26	6	10	2	1	35	43	43	1	11	36	42	19	12	24	2
47	34	7	16	46	5	1	30	20	39	26	6	10	2	1	35	43	45	44	20	20	29	9	12	24	2
47	34	7	16	46	5	1	30	20	39	26	6	10	2	1	35	43	46	35	36	16	14	39	12	24	2
47	34	7	16	46	5	2	30	39	20	26	6	10	2	1	35	43	6	7	25	23	4	39	12	24	2
47	34	7	16	46	5	2	30	39	20	26	6	10	2	1	35	43	17	32	35	26	0	36	12	24	2
47	34	7	16	46	5	2	30	39	20	26	6	10	2	1	35	43	23	35	23	15	18	17	12	24	2
47	34	7	16	46	5	2	30	39	20	26	6	10	2	1	35	43	24	20	39	15	14	30	12	24	2
47	34	7	16	46	5	2	30	39	20	26	6	10	2	1	35	43	25	21	20	27	30	9	12	24	2
47	34	7	16	46	5	2	30	39	20	26	6	10	2	1	35	43	29	23	4	12	4	31	12	24	2
47	34	7	16	46	5	2	30	39	20	26	6	10	2	1	35	43	38	15	6	43	4	20	12	24	2
47	34	7	16	46	5	2	30	39	20	26	6	10	2	1	35	43	43	1	11	36	42	19	12	24	2
47	34	7	16	46	5	2	30	39	20	26	6	10	2	1	35	43	45	44	20	20	29	9	12	24	2
47	34	7	16	46	5	2	30	39	20	26	6	10	2	1	35	43	46	35	36	16	14	39	12	24	2
47	34	7	16	46	5	3	20	39	30	26	6	10	2	1	35	43	6	7	25	23	4	39	12	24	2
47	34	7	16	46	5	3	20	39	30	26	6	10	2	1	35	43	17	32	35	26	0	36	12	24	2
47	34	7	16	46	5	3	20	39	30	26	6	10	2	1	35	43	23	35	23	15	18	17	12	24	2
47	34	7	16	46	5	3	20	39	30	26	6	10	2	1	35	43	24	20	39	15	14	30	12	24	2
47	34	7	16	46	5	3	20	39	30	26	6	10	2	1	35	43	25	21	20	27	30	9	12	24	2
47	34	7	16	46	5	3	20	39	30	26	6	10	2	1	35	43	29	23	4	12	4	31	12	24	2
47	34	7	16	46	5	3	20	39	30	26	6	10	2	1	35	43	38	15	6	43	4	20	12	24	2
47	34	7	16	46	5	3	20	39	30	26	6	10	2	1	35	43	43	1	11	36	42	19	12	24	2
47	34	7	16	46	5	3	20	39	30	26	6	10	2	1	35	43	45	44	20	20	29	9	12	24	2
47	34	7	16	46	5	3	20	39	30	26	6	10	2	1	35	43	46	35	36	16	14	39	12	24	2
47	34	11	23	8	12	1	8	33	22	28	43	40	11	42	31	7	1	26	31	1	16	35	12	24	2
47	34	11	23	8	12	1	8	33	22	28	43	40	11	42	31	7	6	43	12	35	39	46	12	24	2
47	34	11	23	8	12	1	8	33	22	28	43	40	11	42	31	7	27	41	33	30	27	11	12	24	2
47	34	11	23	8	12	1	8	33	22	28	43	40	11	42	31	7	29	5	33	34	37	22	12	24	2
47	34	11	23	8	12	1	8	33	22	28	43	40	11	42	31	7	32	10	37	16	9	4	12	24	2
47	34	11	23	8	12	1	8	33	22	28	43	40	11	42	31	7	33	35	0	15	9	28	12	24	2
47	34	11	23	8	12	1	8	33	22	28	43	40	11	42	31	7	39	3	40	34	0	8	12	24	2
47	34	11	23	8	12	1	8	33	22	28	43	40	11	42	31	7	40	21	14	6	14	21	12	24	2
47	34	11	23	8	12	1	8	33	22	28	43	40	11	42	31	7	43	22	22	6	7	29	12	24	2
47	34	11	23	8	12	1	8	33	22	28	43	40	11	42	31	7	46	30	22	26	40	34	12	24	2
47	34	11	23	8	12	2	8	22	33	28	43	40	11	42	31	7	1	26	31	1	16	35	12	24	2
47	34	11	23	8	12	2	8	22	33	28	43	40	11	42	31	7	6	43	12	35	39	46	12	24	2
47	34	11	23	8	12	2	8	22	33	28	43	40	11	42	31	7	27	41	33	30	27	11	12	24	2
47	34	11	23	8	12	2	8	22	33	28	43	40	11	42	31	7	29	5	33	34	37	22	12	24	2
47	34	11	23	8	12	2	8	22	33	28	43	40	11	42	31	7	32	10	37	16	9	4	12	24	2
47	34	11	23	8	12	2	8	22	33	28	43	40	11	42	31	7	33	35	0	15	9	28	12	24	2
47	34	11	23	8	12	2	8	22	33	28	43	40	11	42	31	7	39	3	40	34	0	8	12	24	2
47	34	11	23	8	12	2	8	22	33	28	43	40	11	42	31	7	40	21	14	6	14	21	12	24	2
47	34	11	23	8	12	2	8	22	33	28	43	40	11	42	31	7	43	22	22	6	7	29	12	24	2
47	34	11	23	8	12	2	8	22	33	28	43	40	11	42	31	7	46	30	22	26	40	34	12	24	2
47	34	11	23	8	12	3	33	22	8	28	43	40	11	42	31	7	1	26	31	1	16	35	12	24	2
47	34	11	23	8	12	3	33	22	8	28	43	40	11	42	31	7	6	43	12	35	39	46	12	24	2
47	34	11	23	8	12	3	33	22	8	28	43	40	11	42	31	7	27	41	33	30	27	11	12	24	2
47	34	11	23	8	12	3	33	22	8	28	43	40	11	42	31	7	29	5	33	34	37	22	12	24	2
47	34	11	23	8	12	3	33	22	8	28	43	40	11	42	31	7	32	10	37	16	9	4	12	24	2
47	34	11	23	8	12	3	33	22	8	28	43	40	11	42	31	7	33	35	0	15	9	28	12	24	2
47	34	11	23	8	12	3	33	22	8	28	43	40	11	42	31	7	39	3	40	34	0	8	12	24	2
47	34	11	23	8	12	3	33	22	8	28	43	40	11	42	31	7	40	21	14	6	14	21	12	24	2
47	34	11	23	8	12	3	33	22	8	28	43	40	11	42	31	7	43	22	22	6	7	29	12	24	2
47	34	11	23	8	12	3	33	22	8	28	43	40	11	42	31	7	46	30	22	26	40	34	12	24	2
47	34	11	23	39	35	1	39	14	25	19	2	21	43	25	42	35	8	44	9	1	13	27	12	24	2
47	34	11	23	39	35	1	39	14	25	19	2	21	43	25	42	35	16	36	31	44	1	26	12	24	2
47	34	11	23	39	35	1	39	14	25	19	2	21	43	25	42	35	17	40	38	26	44	6	12	24	2
47	34	11	23	39	35	1	39	14	25	19	2	21	43	25	42	35	19	39	16	23	25	30	12	24	2
47	34	11	23	39	35	1	39	14	25	19	2	21	43	25	42	35	20	41	39	20	41	44	12	24	2
47	34	11	23	39	35	1	39	14	25	19	2	21	43	25	42	35	22	4	16	29	42	5	12	24	2
47	34	11	23	39	35	1	39	14	25	19	2	21	43	25	42	35	23	38	14	29	14	2	12	24	2
47	34	11	23	39	35	1	39	14	25	19	2	21	43	25	42	35	27	17	22	14	28	8	12	24	2
47	34	11	23	39	35	1	39	14	25	19	2	21	43	25	42	35	29	21	22	1	46	23	12	24	2
47	34	11	23	39	35	1	39	14	25	19	2	21	43	25	42	35	34	11	34	12	45	16	12	24	2
47	34	11	23	39	35	1	39	14	25	19	2	21	43	25	42	35	37	40	37	16	32	8	12	24	2
47	34	11	23	39	35	1	39	14	25	19	2	21	43	25	42	35	38	2	41	28	35	31	12	24	2
47	34	11	23	39	35	1	39	14	25	19	2	21	43	25	42	35	38	19	13	20	12	16	12	24	2
47	34	11	23	39	35	1	39	14	25	19	2	21	43	25	42	35	44	37	30	17	23	40	12	24	2
47	34	11	23	39	35	1	39	14	25	19	2	21	43	25	42	35	44	46	27	15	24	7	12	24	2
47	34	11	23	39	35	1	39	14	25	19	2	21	43	25	42	35	46	30	38	16	3	38	12	24	2
47	34	11	23	39	35	2	39	25	14	19	2	21	43	25	42	35	8	44	9	1	13	27	12	24	2
47	34	11	23	39	35	2	39	25	14	19	2	21	43	25	42	35	16	36	31	44	1	26	12	24	2
47	34	11	23	39	35	2	39	25	14	19	2	21	43	25	42	35	17	40	38	26	44	6	12	24	2
47	34	11	23	39	35	2	39	25	14	19	2	21	43	25	42	35	19	39	16	23	25	30	12	24	2
47	34	11	23	39	35	2	39	25	14	19	2	21	43	25	42	35	20	41	39	20	41	44	12	24	2
47	34	11	23	39	35	2	39	25	14	19	2	21	43	25	42	35	22	4	16	29	42	5	12	24	2
47	34	11	23	39	35	2	39	25	14	19	2	21	43	25	42	35	23	38	14	29	14	2	12	24	2
47	34	11	23	39	35	2	39	25	14	19	2	21	43	25	42	35	27	17	22	14	28	8	12	24	2
47	34	11	23	39	35	2	39	25	14	19	2	21	43	25	42	35	29	21	22	1	46	23	12	24	2
47	34	11	23	39	35	2	39	25	14	19	2	21	43	25	42	35	34	11	34	12	45	16	12	24	2
47	34	11	23	39	35	2	39	25	14	19	2	21	43	25	42	35	37	40	37	16	32	8	12	24	2
47	34	11	23	39	35	2	39	25	14	19	2	21	43	25	42	35	38	2	41	28	35	31	12	24	2
47	34	11	23	39	35	2	39	25	14	19	2	21	43	25	42	35	38	19	13	20	12	16	12	24	2
47	34	11	23	39	35	2	39	25	14	19	2	21	43	25	42	35	44	37	30	17	23	40	12	24	2
47	34	11	23	39	35	2	39	25	14	19	2	21	43	25	42	35	44	46	27	15	24	7	12	24	2
47	34	11	23	39	35	2	39	25	14	19	2	21	43	25	42	35	46	30	38	16	3	38	12	24	2
47	34	11	23	39	35	3	14	25	39	19	2	21	43	25	42	35	8	44	9	1	13	27	12	24	2
47	34	11	23	39	35	3	14	25	39	19	2	21	43	25	42	35	16	36	31	44	1	26	12	24	2
47	34	11	23	39	35	3	14	25	39	19	2	21	43	25	42	35	17	40	38	26	44	6	12	24	2
47	34	11	23	39	35	3	14	25	39	19	2	21	43	25	42	35	19	39	16	23	25	30	12	24	2
47	34	11	23	39	35	3	14	25	39	19	2	21	43	25	42	35	20	41	39	20	41	44	12	24	2
47	34	11	23	39	35	3	14	25	39	19	2	21	43	25	42	35	22	4	16	29	42	5	12	24	2
47	34	11	23	39	35	3	14	25	39	19	2	21	43	25	42	35	23	38	14	29	14	2	12	24	2
47	34	11	23	39	35	3	14	25	39	19	2	21	43	25	42	35	27	17	22	14	28	8	12	24	2
47	34	11	23	39	35	3	14	25	39	19	2	21	43	25	42	35	29	21	22	1	46	23	12	24	2
47	34	11	23	39	35	3	14	25	39	19	2	21	43	25	42	35	34	11	34	12	45	16	12	24	2
47	34	11	23	39	35	3	14	25	39	19	2	21	43	25	42	35	37	40	37	16	32	8	12	24	2
47	34	11	23	39	35	3	14	25	39	19	2	21	43	25	42	35	38	2	41	28	35	31	12	24	2
47	34	11	23	39	35	3	14	25	39	19	2	21	43	25	42	35	38	19	13	20	12	16	12	24	2
47	34	11	23	39	35	3	14	25	39	19	2	21	43	25	42	35	44	37	30	17	23	40	12	24	2
47	34	11	23	39	35	3	14	25	39	19	2	21	43	25	42	35	44	46	27	15	24	7	12	24	2
47	34	11	23	39	35	3	14	25	39	19	2	21	43	25	42	35	46	30	38	16	3	38	12	24	2
47	34	16	7	1	42	1	17	8	27	21	10	45	1	37	8	7	7	33	10	39	2	46	12	24	2
47	34	16	7	1	42	1	17	8	27	21	10	45	1	37	8	7	11	36	43	46	20	27	12	24	2
47	34	16	7	1	42	1	17	8	27	21	10	45	1	37	8	7	14	21	46	10	14	35	12	24	2
47	34	16	7	1	42	1	17	8	27	21	10	45	1	37	8	7	21	5	5	7	43	7	12	24	2
47	34	16	7	1	42	1	17	8	27	21	10	45	1	37	8	7	22	34	22	4	15	31	12	24	2
47	34	16	7	1	42	1	17	8	27	21	10	45	1	37	8	7	22	37	20	13	32	16	12	24	2
47	34	16	7	1	42	1	17	8	27	21	10	45	1	37	8	7	27	12	13	12	43	35	12	24	2
47	34	16	7	1	42	1	17	8	27	21	10	45	1	37	8	7	29	39	0	28	21	31	12	24	2
47	34	16	7	1	42	1	17	8	27	21	10	45	1	37	8	7	32	2	20	41	30	30	12	24	2
47	34	16	7	1	42	1	17	8	27	21	10	45	1	37	8	7	37	44	25	22	7	7	12	24	2
47	34	16	7	1	42	1	17	8	27	21	10	45	1	37	8	7	39	7	11	3	39	42	12	24	2
47	34	16	7	1	42	1	17	8	27	21	10	45	1	37	8	7	41	9	14	38	20	5	12	24	2
47	34	16	7	1	42	1	17	8	27	21	10	45	1	37	8	7	43	6	21	33	22	24	12	24	2
47	34	16	7	1	42	1	17	8	27	21	10	45	1	37	8	7	44	9	34	18	46	6	12	24	2
47	34	16	7	1	42	1	17	8	27	21	10	45	1	37	8	7	45	27	28	21	9	37	12	24	2
47	34	16	7	1	42	1	17	8	27	21	10	45	1	37	8	7	46	36	11	36	40	35	12	24	2
47	34	16	7	1	42	2	17	27	8	21	10	45	1	37	8	7	7	33	10	39	2	46	12	24	2
47	34	16	7	1	42	2	17	27	8	21	10	45	1	37	8	7	11	36	43	46	20	27	12	24	2
47	34	16	7	1	42	2	17	27	8	21	10	45	1	37	8	7	14	21	46	10	14	35	12	24	2
47	34	16	7	1	42	2	17	27	8	21	10	45	1	37	8	7	21	5	5	7	43	7	12	24	2
47	34	16	7	1	42	2	17	27	8	21	10	45	1	37	8	7	22	34	22	4	15	31	12	24	2
47	34	16	7	1	42	2	17	27	8	21	10	45	1	37	8	7	22	37	20	13	32	16	12	24	2
47	34	16	7	1	42	2	17	27	8	21	10	45	1	37	8	7	27	12	13	12	43	35	12	24	2
47	34	16	7	1	42	2	17	27	8	21	10	45	1	37	8	7	29	39	0	28	21	31	12	24	2
47	34	16	7	1	42	2	17	27	8	21	10	45	1	37	8	7	32	2	20	41	30	30	12	24	2
47	34	16	7	1	42	2	17	27	8	21	10	45	1	37	8	7	37	44	25	22	7	7	12	24	2
47	34	16	7	1	42	2	17	27	8	21	10	45	1	37	8	7	39	7	11	3	39	42	12	24	2
47	34	16	7	1	42	2	17	27	8	21	10	45	1	37	8	7	41	9	14	38	20	5	12	24	2
47	34	16	7	1	42	2	17	27	8	21	10	45	1	37	8	7	43	6	21	33	22	24	12	24	2
47	34	16	7	1	42	2	17	27	8	21	10	45	1	37	8	7	44	9	34	18	46	6	12	24	2
47	34	16	7	1	42	2	17	27	8	21	10	45	1	37	8	7	45	27	28	21	9	37	12	24	2
47	34	16	7	1	42	2	17	27	8	21	10	45	1	37	8	7	46	36	11	36	40	35	12	24	2
47	34	16	7	1	42	3	8	27	17	21	10	45	1	37	8	7	7	33	10	39	2	46	12	24	2
47	34	16	7	1	42	3	8	27	17	21	10	45	1	37	8	7	11	36	43	46	20	27	12	24	2
47	34	16	7	1	42	3	8	27	17	21	10	45	1	37	8	7	14	21	46	10	14	35	12	24	2
47	34	16	7	1	42	3	8	27	17	21	10	45	1	37	8	7	21	5	5	7	43	7	12	24	2
47	34	16	7	1	42	3	8	27	17	21	10	45	1	37	8	7	22	34	22	4	15	31	12	24	2
47	34	16	7	1	42	3	8	27	17	21	10	45	1	37	8	7	22	37	20	13	32	16	12	24	2
47	34	16	7	1	42	3	8	27	17	21	10	45	1	37	8	7	27	12	13	12	43	35	12	24	2
47	34	16	7	1	42	3	8	27	17	21	10	45	1	37	8	7	29	39	0	28	21	31	12	24	2
47	34	16	7	1	42	3	8	27	17	21	10	45	1	37	8	7	32	2	20	41	30	30	12	24	2
47	34	16	7	1	42	3	8	27	17	21	10	45	1	37	8	7	37	44	25	22	7	7	12	24	2
47	34	16	7	1	42	3	8	27	17	21	10	45	1	37	8	7	39	7	11	3	39	42	12	24	2
47	34	16	7	1	42	3	8	27	17	21	10	45	1	37	8	7	41	9	14	38	20	5	12	24	2
47	34	16	7	1	42	3	8	27	17	21	10	45	1	37	8	7	43	6	21	33	22	24	12	24	2
47	34	16	7	1	42	3	8	27	17	21	10	45	1	37	8	7	44	9	34	18	46	6	12	24	2
47	34	16	7	1	42	3	8	27	17	21	10	45	1	37	8	7	45	27	28	21	9	37	12	24	2
47	34	16	7	1	42	3	8	27	17	21	10	45	1	37	8	7	46	36	11	36	40	35	12	24	2
47	34	16	7	46	5	1	30	39	20	26	6	10	2	1	35	43	6	7	25	23	4	39	12	24	2
47	34	16	7	46	5	1	30	39	20	26	6	10	2	1	35	43	17	32	35	26	0	36	12	24	2
47	34	16	7	46	5	1	30	39	20	26	6	10	2	1	35	43	23	35	23	15	18	17	12	24	2
47	34	16	7	46	5	1	30	39	20	26	6	10	2	1	35	43	24	20	39	15	14	30	12	24	2
47	34	16	7	46	5	1	30	39	20	26	6	10	2	1	35	43	25	21	20	27	30	9	12	24	2
47	34	16	7	46	5	1	30	39	20	26	6	10	2	1	35	43	29	23	4	12	4	31	12	24	2
47	34	16	7	46	5	1	30	39	20	26	6	10	2	1	35	43	38	15	6	43	4	20	12	24	2
47	34	16	7	46	5	1	30	39	20	26	6	10	2	1	35	43	43	1	11	36	42	19	12	24	2
47	34	16	7	46	5	1	30	39	20	26	6	10	2	1	35	43	45	44	20	20	29	9	12	24	2
47	34	16	7	46	5	1	30	39	20	26	6	10	2	1	35	43	46	35	36	16	14	39	12	24	2
47	34	16	7	46	5	2	30	20	39	26	6	10	2	1	35	43	6	7	25	23	4	39	12	24	2
47	34	16	7	46	5	2	30	20	39	26	6	10	2	1	35	43	17	32	35	26	0	36	12	24	2
47	34	16	7	46	5	2	30	20	39	26	6	10	2	1	35	43	23	35	23	15	18	17	12	24	2
47	34	16	7	46	5	2	30	20	39	26	6	10	2	1	35	43	24	20	39	15	14	30	12	24	2
47	34	16	7	46	5	2	30	20	39	26	6	10	2	1	35	43	25	21	20	27	30	9	12	24	2
47	34	16	7	46	5	2	30	20	39	26	6	10	2	1	35	43	29	23	4	12	4	31	12	24	2
47	34	16	7	46	5	2	30	20	39	26	6	10	2	1	35	43	38	15	6	43	4	20	12	24	2
47	34	16	7	46	5	2	30	20	39	26	6	10	2	1	35	43	43	1	11	36	42	19	12	24	2
47	34	16	7	46	5	2	30	20	39	26	6	10	2	1	35	43	45	44	20	20	29	9	12	24	2
47	34	16	7	46	5	2	30	20	39	26	6	10	2	1	35	43	46	35	36	16	14	39	12	24	2
47	34	16	7	46	5	3	39	20	30	26	6	10	2	1	35	43	6	7	25	23	4	39	12	24	2
47	34	16	7	46	5	3	39	20	30	26	6	10	2	1	35	43	17	32	35	26	0	36	12	24	2
47	34	16	7	46	5	3	39	20	30	26	6	10	2	1	35	43	23	35	23	15	18	17	12	24	2
47	34	16	7	46	5	3	39	20	30	26	6	10	2	1	35	43	24	20	39	15	14	30	12	24	2
47	34	16	7	46	5	3	39	20	30	26	6	10	2	1	35	43	25	21	20	27	30	9	12	24	2
47	34	16	7	46	5	3	39	20	30	26	6	10	2	1	35	43	29	23	4	12	4	31	12	24	2
47	34	16	7	46	5	3	39	20	30	26	6	10	2	1	35	43	38	15	6	43	4	20	12	24	2
47	34	16	7	46	5	3	39	20	30	26	6	10	2	1	35	43	43	1	11	36	42	19	12	24	2
47	34	16	7	46	5	3	39	20	30	26	6	10	2	1	35	43	45	44	20	20	29	9	12	24	2
47	34	16	7	46	5	3	39	20	30	26	6	10	2	1	35	43	46	35	36	16	14	39	12	24	2
47	34	23	11	8	12	1	8	22	33	28	43	40	11	42	31	7	1	26	31	1	16	35	12	24	2
47	34	23	11	8	12	1	8	22	33	28	43	40	11	42	31	7	6	43	12	35	39	46	12	24	2
47	34	23	11	8	12	1	8	22	33	28	43	40	11	42	31	7	27	41	33	30	27	11	12	24	2
47	34	23	11	8	12	1	8	22	33	28	43	40	11	42	31	7	29	5	33	34	37	22	12	24	2
47	34	23	11	8	12	1	8	22	33	28	43	40	11	42	31	7	32	10	37	16	9	4	12	24	2
47	34	23	11	8	12	1	8	22	33	28	43	40	11	42	31	7	33	35	0	15	9	28	12	24	2
47	34	23	11	8	12	1	8	22	33	28	43	40	11	42	31	7	39	3	40	34	0	8	12	24	2
47	34	23	11	8	12	1	8	22	33	28	43	40	11	42	31	7	40	21	14	6	14	21	12	24	2
47	34	23	11	8	12	1	8	22	33	28	43	40	11	42	31	7	43	22	22	6	7	29	12	24	2
47	34	23	11	8	12	1	8	22	33	28	43	40	11	42	31	7	46	30	22	26	40	34	12	24	2
47	34	23	11	8	12	2	8	33	22	28	43	40	11	42	31	7	1	26	31	1	16	35	12	24	2
47	34	23	11	8	12	2	8	33	22	28	43	40	11	42	31	7	6	43	12	35	39	46	12	24	2
47	34	23	11	8	12	2	8	33	22	28	43	40	11	42	31	7	27	41	33	30	27	11	12	24	2
47	34	23	11	8	12	2	8	33	22	28	43	40	11	42	31	7	29	5	33	34	37	22	12	24	2
47	34	23	11	8	12	2	8	33	22	28	43	40	11	42	31	7	32	10	37	16	9	4	12	24	2
47	34	23	11	8	12	2	8	33	22	28	43	40	11	42	31	7	33	35	0	15	9	28	12	24	2
47	34	23	11	8	12	2	8	33	22	28	43	40	11	42	31	7	39	3	40	34	0	8	12	24	2
47	34	23	11	8	12	2	8	33	22	28	43	40	11	42	31	7	40	21	14	6	14	21	12	24	2
47	34	23	11	8	12	2	8	33	22	28	43	40	11	42	31	7	43	22	22	6	7	29	12	24	2
47	34	23	11	8	12	2	8	33	22	28	43	40	11	42	31	7	46	30	22	26	40	34	12	24	2
47	34	23	11	8	12	3	22	33	8	28	43	40	11	42	31	7	1	26	31	1	16	35	12	24	2
47	34	23	11	8	12	3	22	33	8	28	43	40	11	42	31	7	6	43	12	35	39	46	12	24	2
47	34	23	11	8	12	3	22	33	8	28	43	40	11	42	31	7	27	41	33	30	27	11	12	24	2
47	34	23	11	8	12	3	22	33	8	28	43	40	11	42	31	7	29	5	33	34	37	22	12	24	2
47	34	23	11	8	12	3	22	33	8	28	43	40	11	42	31	7	32	10	37	16	9	4	12	24	2
47	34	23	11	8	12	3	22	33	8	28	43	40	11	42	31	7	33	35	0	15	9	28	12	24	2
47	34	23	11	8	12	3	22	33	8	28	43	40	11	42	31	7	39	3	40	34	0	8	12	24	2
47	34	23	11	8	12	3	22	33	8	28	43	40	11	42	31	7	40	21	14	6	14	21	12	24	2
47	34	23	11	8	12	3	22	33	8	28	43	40	11	42	31	7	43	22	22	6	7	29	12	24	2
47	34	23	11	8	12	3	22	33	8	28	43	40	11	42	31	7	46	30	22	26	40	34	12	24	2
47	34	23	11	39	35	1	39	25	14	19	2	21	43	25	42	35	8	44	9	1	13	27	12	24	2
47	34	23	11	39	35	1	39	25	14	19	2	21	43	25	42	35	16	36	31	44	1	26	12	24	2
47	34	23	11	39	35	1	39	25	14	19	2	21	43	25	42	35	17	40	38	26	44	6	12	24	2
47	34	23	11	39	35	1	39	25	14	19	2	21	43	25	42	35	19	39	16	23	25	30	12	24	2
47	34	23	11	39	35	1	39	25	14	19	2	21	43	25	42	35	20	41	39	20	41	44	12	24	2
47	34	23	11	39	35	1	39	25	14	19	2	21	43	25	42	35	22	4	16	29	42	5	12	24	2
47	34	23	11	39	35	1	39	25	14	19	2	21	43	25	42	35	23	38	14	29	14	2	12	24	2
47	34	23	11	39	35	1	39	25	14	19	2	21	43	25	42	35	27	17	22	14	28	8	12	24	2
47	34	23	11	39	35	1	39	25	14	19	2	21	43	25	42	35	29	21	22	1	46	23	12	24	2
47	34	23	11	39	35	1	39	25	14	19	2	21	43	25	42	35	34	11	34	12	45	16	12	24	2
47	34	23	11	39	35	1	39	25	14	19	2	21	43	25	42	35	37	40	37	16	32	8	12	24	2
47	34	23	11	39	35	1	39	25	14	19	2	21	43	25	42	35	38	2	41	28	35	31	12	24	2
47	34	23	11	39	35	1	39	25	14	19	2	21	43	25	42	35	38	19	13	20	12	16	12	24	2
47	34	23	11	39	35	1	39	25	14	19	2	21	43	25	42	35	44	37	30	17	23	40	12	24	2
47	34	23	11	39	35	1	39	25	14	19	2	21	43	25	42	35	44	46	27	15	24	7	12	24	2
47	34	23	11	39	35	1	39	25	14	19	2	21	43	25	42	35	46	30	38	16	3	38	12	24	2
47	34	23	11	39	35	2	39	14	25	19	2	21	43	25	42	35	8	44	9	1	13	27	12	24	2
47	34	23	11	39	35	2	39	14	25	19	2	21	43	25	42	35	16	36	31	44	1	26	12	24	2
47	34	23	11	39	35	2	39	14	25	19	2	21	43	25	42	35	17	40	38	26	44	6	12	24	2
47	34	23	11	39	35	2	39	14	25	19	2	21	43	25	42	35	19	39	16	23	25	30	12	24	2
47	34	23	11	39	35	2	39	14	25	19	2	21	43	25	42	35	20	41	39	20	41	44	12	24	2
47	34	23	11	39	35	2	39	14	25	19	2	21	43	25	42	35	22	4	16	29	42	5	12	24	2
47	34	23	11	39	35	2	39	14	25	19	2	21	43	25	42	35	23	38	14	29	14	2	12	24	2
47	34	23	11	39	35	2	39	14	25	19	2	21	43	25	42	35	27	17	22	14	28	8	12	24	2
47	34	23	11	39	35	2	39	14	25	19	2	21	43	25	42	35	29	21	22	1	46	23	12	24	2
47	34	23	11	39	35	2	39	14	25	19	2	21	43	25	42	35	34	11	34	12	45	16	12	24	2
47	34	23	11	39	35	2	39	14	25	19	2	21	43	25	42	35	37	40	37	16	32	8	12	24	2
47	34	23	11	39	35	2	39	14	25	19	2	21	43	25	42	35	38	2	41	28	35	31	12	24	2
47	34	23	11	39	35	2	39	14	25	19	2	21	43	25	42	35	38	19	13	20	12	16	12	24	2
47	34	23	11	39	35	2	39	14	25	19	2	21	43	25	42	35	44	37	30	17	23	40	12	24	2
47	34	23	11	39	35	2	39	14	25	19	2	21	43	25	42	35	44	46	27	15	24	7	12	24	2
47	34	23	11	39	35	2	39	14	25	19	2	21	43	25	42	35	46	30	38	16	3	38	12	24	2
47	34	23	11	39	35	3	25	14	39	19	2	21	43	25	42	35	8	44	9	1	13	27	12	24	2
47	34	23	11	39	35	3	25	14	39	19	2	21	43	25	42	35	16	36	31	44	1	26	12	24	2
47	34	23	11	39	35	3	25	14	39	19	2	21	43	25	42	35	17	40	38	26	44	6	12	24	2
47	34	23	11	39	35	3	25	14	39	19	2	21	43	25	42	35	19	39	16	23	25	30	12	24	2
47	34	23	11	39	35	3	25	14	39	19	2	21	43	25	42	35	20	41	39	20	41	44	12	24	2
47	34	23	11	39	35	3	25	14	39	19	2	21	43	25	42	35	22	4	16	29	42	5	12	24	2
47	34	23	11	39	35	3	25	14	39	19	2	21	43	25	42	35	23	38	14	29	14	2	12	24	2
47	34	23	11	39	35	3	25	14	39	19	2	21	43	25	42	35	27	17	22	14	28	8	12	24	2
47	34	23	11	39	35	3	25	14	39	19	2	21	43	25	42	35	29	21	22	1	46	23	12	24	2
47	34	23	11	39	35	3	25	14	39	19	2	21	43	25	42	35	34	11	34	12	45	16	12	24	2
47	34	23	11	39	35	3	25	14	39	19	2	21	43	25	42	35	37	40	37	16	32	8	12	24	2
47	34	23	11	39	35	3	25	14	39	19	2	21	43	25	42	35	38	2	41	28	35	31	12	24	2
47	34	23	11	39	35	3	25	14	39	19	2	21	43	25	42	35	38	19	13	20	12	16	12	24	2
47	34	23	11	39	35	3	25	14	39	19	2	21	43	25	42	35	44	37	30	17	23	40	12	24	2
47	34	23	11	39	35	3	25	14	39	19	2	21	43	25	42	35	44	46	27	15	24	7	12	24	2
47	34	23	11	39	35	3	25	14	39	19	2	21	43	25	42	35	46	30	38	16	3	38	12	24	2
47	34	24	36	8	12	1	8	25	14	28	36	30	1	27	31	22	10	32	42	21	28	12	12	24	2
47	34	24	36	8	12	1	8	25	14	28	36	30	1	27	31	22	11	16	7	29	1	23	12	24	2
47	34	24	36	8	12	1	8	25	14	28	36	30	1	27	31	22	19	6	18	11	16	42	12	24	2
47	34	24	36	8	12	1	8	25	14	28	36	30	1	27	31	22	19	16	21	3	31	5	12	24	2
47	34	24	36	8	12	1	8	25	14	28	36	30	1	27	31	22	20	9	7	2	46	30	12	24	2
47	34	24	36	8	12	1	8	25	14	28	36	30	1	27	31	22	20	10	0	15	1	17	12	24	2
47	34	24	36	8	12	1	8	25	14	28	36	30	1	27	31	22	26	44	34	3	13	14	12	24	2
47	34	24	36	8	12	1	8	25	14	28	36	30	1	27	31	22	29	0	10	21	5	43	12	24	2
47	34	24	36	8	12	1	8	25	14	28	36	30	1	27	31	22	31	39	20	23	39	46	12	24	2
47	34	24	36	8	12	1	8	25	14	28	36	30	1	27	31	22	33	10	27	8	30	21	12	24	2
47	34	24	36	8	12	1	8	25	14	28	36	30	1	27	31	22	35	25	10	20	42	36	12	24	2
47	34	24	36	8	12	1	8	25	14	28	36	30	1	27	31	22	39	26	38	11	40	45	12	24	2
47	34	24	36	8	12	1	8	25	14	28	36	30	1	27	31	22	40	2	5	10	1	36	12	24	2
47	34	24	36	8	12	1	8	25	14	28	36	30	1	27	31	22	45	7	38	16	7	4	12	24	2
47	34	24	36	8	12	1	8	25	14	28	36	30	1	27	31	22	45	45	19	10	40	43	12	24	2
47	34	24	36	8	12	1	8	25	14	28	36	30	1	27	31	22	46	17	30	1	42	35	12	24	2
47	34	24	36	8	12	2	8	14	25	28	36	30	1	27	31	22	10	32	42	21	28	12	12	24	2
47	34	24	36	8	12	2	8	14	25	28	36	30	1	27	31	22	11	16	7	29	1	23	12	24	2
47	34	24	36	8	12	2	8	14	25	28	36	30	1	27	31	22	19	6	18	11	16	42	12	24	2
47	34	24	36	8	12	2	8	14	25	28	36	30	1	27	31	22	19	16	21	3	31	5	12	24	2
47	34	24	36	8	12	2	8	14	25	28	36	30	1	27	31	22	20	9	7	2	46	30	12	24	2
47	34	24	36	8	12	2	8	14	25	28	36	30	1	27	31	22	20	10	0	15	1	17	12	24	2
47	34	24	36	8	12	2	8	14	25	28	36	30	1	27	31	22	26	44	34	3	13	14	12	24	2
47	34	24	36	8	12	2	8	14	25	28	36	30	1	27	31	22	29	0	10	21	5	43	12	24	2
47	34	24	36	8	12	2	8	14	25	28	36	30	1	27	31	22	31	39	20	23	39	46	12	24	2
47	34	24	36	8	12	2	8	14	25	28	36	30	1	27	31	22	33	10	27	8	30	21	12	24	2
47	34	24	36	8	12	2	8	14	25	28	36	30	1	27	31	22	35	25	10	20	42	36	12	24	2
47	34	24	36	8	12	2	8	14	25	28	36	30	1	27	31	22	39	26	38	11	40	45	12	24	2
47	34	24	36	8	12	2	8	14	25	28	36	30	1	27	31	22	40	2	5	10	1	36	12	24	2
47	34	24	36	8	12	2	8	14	25	28	36	30	1	27	31	22	45	7	38	16	7	4	12	24	2
47	34	24	36	8	12	2	8	14	25	28	36	30	1	27	31	22	45	45	19	10	40	43	12	24	2
47	34	24	36	8	12	2	8	14	25	28	36	30	1	27	31	22	46	17	30	1	42	35	12	24	2
47	34	24	36	8	12	3	25	14	8	28	36	30	1	27	31	22	10	32	42	21	28	12	12	24	2
47	34	24	36	8	12	3	25	14	8	28	36	30	1	27	31	22	11	16	7	29	1	23	12	24	2
47	34	24	36	8	12	3	25	14	8	28	36	30	1	27	31	22	19	6	18	11	16	42	12	24	2
47	34	24	36	8	12	3	25	14	8	28	36	30	1	27	31	22	19	16	21	3	31	5	12	24	2
47	34	24	36	8	12	3	25	14	8	28	36	30	1	27	31	22	20	9	7	2	46	30	12	24	2
47	34	24	36	8	12	3	25	14	8	28	36	30	1	27	31	22	20	10	0	15	1	17	12	24	2
47	34	24	36	8	12	3	25	14	8	28	36	30	1	27	31	22	26	44	34	3	13	14	12	24	2
47	34	24	36	8	12	3	25	14	8	28	36	30	1	27	31	22	29	0	10	21	5	43	12	24	2
47	34	24	36	8	12	3	25	14	8	28	36	30	1	27	31	22	31	39	20	23	39	46	12	24	2
47	34	24	36	8	12	3	25	14	8	28	36	30	1	27	31	22	33	10	27	8	30	21	12	24	2
47	34	24	36	8	12	3	25	14	8	28	36	30	1	27	31	22	35	25	10	20	42	36	12	24	2
47	34	24	36	8	12	3	25	14	8	28	36	30	1	27	31	22	39	26	38	11	40	45	12	24	2
47	34	24	36	8	12	3	25	14	8	28	36	30	1	27	31	22	40	2	5	10	1	36	12	24	2
47	34	24	36	8	12	3	25	14	8	28	36	30	1	27	31	22	45	7	38	16	7	4	12	24	2
47	34	24	36	8	12	3	25	14	8	28	36	30	1	27	31	22	45	45	19	10	40	43	12	24	2
47	34	24	36	8	12	3	25	14	8	28	36	30	1	27	31	22	46	17	30	1	42	35	12	24	2
47	34	24	36	39	35	1	39	22	33	19	25	31	42	18	0	1	2	0	15	28	31	7	12	24	2
47	34	24	36	39	35	1	39	22	33	19	25	31	42	18	0	1	3	2	19	17	40	42	12	24	2
47	34	24	36	39	35	1	39	22	33	19	25	31	42	18	0	1	14	40	41	30	44	6	12	24	2
47	34	24	36	39	35	1	39	22	33	19	25	31	42	18	0	1	19	36	24	18	40	45	12	24	2
47	34	24	36	39	35	1	39	22	33	19	25	31	42	18	0	1	22	5	7	29	5	12	12	24	2
47	34	24	36	39	35	1	39	22	33	19	25	31	42	18	0	1	25	25	27	20	24	29	12	24	2
47	34	24	36	39	35	1	39	22	33	19	25	31	42	18	0	1	26	43	40	30	3	7	12	24	2
47	34	24	36	39	35	1	39	22	33	19	25	31	42	18	0	1	32	38	24	35	7	31	12	24	2
47	34	24	36	39	35	1	39	22	33	19	25	31	42	18	0	1	42	41	25	14	18	8	12	24	2
47	34	24	36	39	35	1	39	22	33	19	25	31	42	18	0	1	46	46	45	35	21	40	12	24	2
47	34	24	36	39	35	2	39	33	22	19	25	31	42	18	0	1	2	0	15	28	31	7	12	24	2
47	34	24	36	39	35	2	39	33	22	19	25	31	42	18	0	1	3	2	19	17	40	42	12	24	2
47	34	24	36	39	35	2	39	33	22	19	25	31	42	18	0	1	14	40	41	30	44	6	12	24	2
47	34	24	36	39	35	2	39	33	22	19	25	31	42	18	0	1	19	36	24	18	40	45	12	24	2
47	34	24	36	39	35	2	39	33	22	19	25	31	42	18	0	1	22	5	7	29	5	12	12	24	2
47	34	24	36	39	35	2	39	33	22	19	25	31	42	18	0	1	25	25	27	20	24	29	12	24	2
47	34	24	36	39	35	2	39	33	22	19	25	31	42	18	0	1	26	43	40	30	3	7	12	24	2
47	34	24	36	39	35	2	39	33	22	19	25	31	42	18	0	1	32	38	24	35	7	31	12	24	2
47	34	24	36	39	35	2	39	33	22	19	25	31	42	18	0	1	42	41	25	14	18	8	12	24	2
47	34	24	36	39	35	2	39	33	22	19	25	31	42	18	0	1	46	46	45	35	21	40	12	24	2
47	34	24	36	39	35	3	22	33	39	19	25	31	42	18	0	1	2	0	15	28	31	7	12	24	2
47	34	24	36	39	35	3	22	33	39	19	25	31	42	18	0	1	3	2	19	17	40	42	12	24	2
47	34	24	36	39	35	3	22	33	39	19	25	31	42	18	0	1	14	40	41	30	44	6	12	24	2
47	34	24	36	39	35	3	22	33	39	19	25	31	42	18	0	1	19	36	24	18	40	45	12	24	2
47	34	24	36	39	35	3	22	33	39	19	25	31	42	18	0	1	22	5	7	29	5	12	12	24	2
47	34	24	36	39	35	3	22	33	39	19	25	31	42	18	0	1	25	25	27	20	24	29	12	24	2
47	34	24	36	39	35	3	22	33	39	19	25	31	42	18	0	1	26	43	40	30	3	7	12	24	2
47	34	24	36	39	35	3	22	33	39	19	25	31	42	18	0	1	32	38	24	35	7	31	12	24	2
47	34	24	36	39	35	3	22	33	39	19	25	31	42	18	0	1	42	41	25	14	18	8	12	24	2
47	34	24	36	39	35	3	22	33	39	19	25	31	42	18	0	1	46	46	45	35	21	40	12	24	2
47	34	36	24	8	12	1	8	14	25	28	36	30	1	27	31	22	10	32	42	21	28	12	12	24	2
47	34	36	24	8	12	1	8	14	25	28	36	30	1	27	31	22	11	16	7	29	1	23	12	24	2
47	34	36	24	8	12	1	8	14	25	28	36	30	1	27	31	22	19	6	18	11	16	42	12	24	2
47	34	36	24	8	12	1	8	14	25	28	36	30	1	27	31	22	19	16	21	3	31	5	12	24	2
47	34	36	24	8	12	1	8	14	25	28	36	30	1	27	31	22	20	9	7	2	46	30	12	24	2
47	34	36	24	8	12	1	8	14	25	28	36	30	1	27	31	22	20	10	0	15	1	17	12	24	2
47	34	36	24	8	12	1	8	14	25	28	36	30	1	27	31	22	26	44	34	3	13	14	12	24	2
47	34	36	24	8	12	1	8	14	25	28	36	30	1	27	31	22	29	0	10	21	5	43	12	24	2
47	34	36	24	8	12	1	8	14	25	28	36	30	1	27	31	22	31	39	20	23	39	46	12	24	2
47	34	36	24	8	12	1	8	14	25	28	36	30	1	27	31	22	33	10	27	8	30	21	12	24	2
47	34	36	24	8	12	1	8	14	25	28	36	30	1	27	31	22	35	25	10	20	42	36	12	24	2
47	34	36	24	8	12	1	8	14	25	28	36	30	1	27	31	22	39	26	38	11	40	45	12	24	2
47	34	36	24	8	12	1	8	14	25	28	36	30	1	27	31	22	40	2	5	10	1	36	12	24	2
47	34	36	24	8	12	1	8	14	25	28	36	30	1	27	31	22	45	7	38	16	7	4	12	24	2
47	34	36	24	8	12	1	8	14	25	28	36	30	1	27	31	22	45	45	19	10	40	43	12	24	2
47	34	36	24	8	12	1	8	14	25	28	36	30	1	27	31	22	46	17	30	1	42	35	12	24	2
47	34	36	24	8	12	2	8	25	14	28	36	30	1	27	31	22	10	32	42	21	28	12	12	24	2
47	34	36	24	8	12	2	8	25	14	28	36	30	1	27	31	22	11	16	7	29	1	23	12	24	2
47	34	36	24	8	12	2	8	25	14	28	36	30	1	27	31	22	19	6	18	11	16	42	12	24	2
47	34	36	24	8	12	2	8	25	14	28	36	30	1	27	31	22	19	16	21	3	31	5	12	24	2
47	34	36	24	8	12	2	8	25	14	28	36	30	1	27	31	22	20	9	7	2	46	30	12	24	2
47	34	36	24	8	12	2	8	25	14	28	36	30	1	27	31	22	20	10	0	15	1	17	12	24	2
47	34	36	24	8	12	2	8	25	14	28	36	30	1	27	31	22	26	44	34	3	13	14	12	24	2
47	34	36	24	8	12	2	8	25	14	28	36	30	1	27	31	22	29	0	10	21	5	43	12	24	2
47	34	36	24	8	12	2	8	25	14	28	36	30	1	27	31	22	31	39	20	23	39	46	12	24	2
47	34	36	24	8	12	2	8	25	14	28	36	30	1	27	31	22	33	10	27	8	30	21	12	24	2
47	34	36	24	8	12	2	8	25	14	28	36	30	1	27	31	22	35	25	10	20	42	36	12	24	2
47	34	36	24	8	12	2	8	25	14	28	36	30	1	27	31	22	39	26	38	11	40	45	12	24	2
47	34	36	24	8	12	2	8	25	14	28	36	30	1	27	31	22	40	2	5	10	1	36	12	24	2
47	34	36	24	8	12	2	8	25	14	28	36	30	1	27	31	22	45	7	38	16	7	4	12	24	2
47	34	36	24	8	12	2	8	25	14	28	36	30	1	27	31	22	45	45	19	10	40	43	12	24	2
47	34	36	24	8	12	2	8	25	14	28	36	30	1	27	31	22	46	17	30	1	42	35	12	24	2
47	34	36	24	8	12	3	14	25	8	28	36	30	1	27	31	22	10	32	42	21	28	12	12	24	2
47	34	36	24	8	12	3	14	25	8	28	36	30	1	27	31	22	11	16	7	29	1	23	12	24	2
47	34	36	24	8	12	3	14	25	8	28	36	30	1	27	31	22	19	6	18	11	16	42	12	24	2
47	34	36	24	8	12	3	14	25	8	28	36	30	1	27	31	22	19	16	21	3	31	5	12	24	2
47	34	36	24	8	12	3	14	25	8	28	36	30	1	27	31	22	20	9	7	2	46	30	12	24	2
47	34	36	24	8	12	3	14	25	8	28	36	30	1	27	31	22	20	10	0	15	1	17	12	24	2
47	34	36	24	8	12	3	14	25	8	28	36	30	1	27	31	22	26	44	34	3	13	14	12	24	2
47	34	36	24	8	12	3	14	25	8	28	36	30	1	27	31	22	29	0	10	21	5	43	12	24	2
47	34	36	24	8	12	3	14	25	8	28	36	30	1	27	31	22	31	39	20	23	39	46	12	24	2
47	34	36	24	8	12	3	14	25	8	28	36	30	1	27	31	22	33	10	27	8	30	21	12	24	2
47	34	36	24	8	12	3	14	25	8	28	36	30	1	27	31	22	35	25	10	20	42	36	12	24	2
47	34	36	24	8	12	3	14	25	8	28	36	30	1	27	31	22	39	26	38	11	40	45	12	24	2
47	34	36	24	8	12	3	14	25	8	28	36	30	1	27	31	22	40	2	5	10	1	36	12	24	2
47	34	36	24	8	12	3	14	25	8	28	36	30	1	27	31	22	45	7	38	16	7	4	12	24	2
47	34	36	24	8	12	3	14	25	8	28	36	30	1	27	31	22	45	45	19	10	40	43	12	24	2
47	34	36	24	8	12	3	14	25	8	28	36	30	1	27	31	22	46	17	30	1	42	35	12	24	2
47	34	36	24	39	35	1	39	33	22	19	25	31	42	18	0	1	2	0	15	28	31	7	12	24	2
47	34	36	24	39	35	1	39	33	22	19	25	31	42	18	0	1	3	2	19	17	40	42	12	24	2
47	34	36	24	39	35	1	39	33	22	19	25	31	42	18	0	1	14	40	41	30	44	6	12	24	2
47	34	36	24	39	35	1	39	33	22	19	25	31	42	18	0	1	19	36	24	18	40	45	12	24	2
47	34	36	24	39	35	1	39	33	22	19	25	31	42	18	0	1	22	5	7	29	5	12	12	24	2
47	34	36	24	39	35	1	39	33	22	19	25	31	42	18	0	1	25	25	27	20	24	29	12	24	2
47	34	36	24	39	35	1	39	33	22	19	25	31	42	18	0	1	26	43	40	30	3	7	12	24	2
47	34	36	24	39	35	1	39	33	22	19	25	31	42	18	0	1	32	38	24	35	7	31	12	24	2
47	34	36	24	39	35	1	39	33	22	19	25	31	42	18	0	1	42	41	25	14	18	8	12	24	2
47	34	36	24	39	35	1	39	33	22	19	25	31	42	18	0	1	46	46	45	35	21	40	12	24	2
47	34	36	24	39	35	2	39	22	33	19	25	31	42	18	0	1	2	0	15	28	31	7	12	24	2
47	34	36	24	39	35	2	39	22	33	19	25	31	42	18	0	1	3	2	19	17	40	42	12	24	2
47	34	36	24	39	35	2	39	22	33	19	25	31	42	18	0	1	14	40	41	30	44	6	12	24	2
47	34	36	24	39	35	2	39	22	33	19	25	31	42	18	0	1	19	36	24	18	40	45	12	24	2
47	34	36	24	39	35	2	39	22	33	19	25	31	42	18	0	1	22	5	7	29	5	12	12	24	2
47	34	36	24	39	35	2	39	22	33	19	25	31	42	18	0	1	25	25	27	20	24	29	12	24	2
47	34	36	24	39	35	2	39	22	33	19	25	31	42	18	0	1	26	43	40	30	3	7	12	24	2
47	34	36	24	39	35	2	39	22	33	19	25	31	42	18	0	1	32	38	24	35	7	31	12	24	2
47	34	36	24	39	35	2	39	22	33	19	25	31	42	18	0	1	42	41	25	14	18	8	12	24	2
47	34	36	24	39	35	2	39	22	33	19	25	31	42	18	0	1	46	46	45	35	21	40	12	24	2
47	34	36	24	39	35	3	33	22	39	19	25	31	42	18	0	1	2	0	15	28	31	7	12	24	2
47	34	36	24	39	35	3	33	22	39	19	25	31	42	18	0	1	3	2	19	17	40	42	12	24	2
47	34	36	24	39	35	3	33	22	39	19	25	31	42	18	0	1	14	40	41	30	44	6	12	24	2
47	34	36	24	39	35	3	33	22	39	19	25	31	42	18	0	1	19	36	24	18	40	45	12	24	2
47	34	36	24	39	35	3	33	22	39	19	25	31	42	18	0	1	22	5	7	29	5	12	12	24	2
47	34	36	24	39	35	3	33	22	39	19	25	31	42	18	0	1	25	25	27	20	24	29	12	24	2
47	34	36	24	39	35	3	33	22	39	19	25	31	42	18	0	1	26	43	40	30	3	7	12	24	2
47	34	36	24	39	35	3	33	22	39	19	25	31	42	18	0	1	32	38	24	35	7	31	12	24	2
47	34	36	24	39	35	3	33	22	39	19	25	31	42	18	0	1	42	41	25	14	18	8	12	24	2
47	34	36	24	39	35	3	33	22	39	19	25	31	42	18	0	1	46	46	45	35	21	40	12	24	2
47	35	3	30	4	25	1	22	18	39	14	46	28	22	27	23	3	5	37	40	4	30	8	12	24	2
47	35	3	30	4	25	1	22	18	39	14	46	28	22	27	23	3	10	31	43	18	15	27	12	24	2
47	35	3	30	4	25	1	22	18	39	14	46	28	22	27	23	3	11	17	24	9	37	10	12	24	2
47	35	3	30	4	25	1	22	18	39	14	46	28	22	27	23	3	13	24	28	20	8	8	12	24	2
47	35	3	30	4	25	1	22	18	39	14	46	28	22	27	23	3	21	3	21	26	18	23	12	24	2
47	35	3	30	4	25	1	22	18	39	14	46	28	22	27	23	3	22	39	37	17	23	13	12	24	2
47	35	3	30	4	25	1	22	18	39	14	46	28	22	27	23	3	34	7	22	45	25	29	12	24	2
47	35	3	30	4	25	1	22	18	39	14	46	28	22	27	23	3	36	11	30	32	18	1	12	24	2
47	35	3	30	4	25	1	22	18	39	14	46	28	22	27	23	3	37	29	37	8	42	35	12	24	2
47	35	3	30	4	25	1	22	18	39	14	46	28	22	27	23	3	38	18	0	15	18	7	12	24	2
47	35	3	30	4	25	2	22	39	18	14	46	28	22	27	23	3	5	37	40	4	30	8	12	24	2
47	35	3	30	4	25	2	22	39	18	14	46	28	22	27	23	3	10	31	43	18	15	27	12	24	2
47	35	3	30	4	25	2	22	39	18	14	46	28	22	27	23	3	11	17	24	9	37	10	12	24	2
47	35	3	30	4	25	2	22	39	18	14	46	28	22	27	23	3	13	24	28	20	8	8	12	24	2
47	35	3	30	4	25	2	22	39	18	14	46	28	22	27	23	3	21	3	21	26	18	23	12	24	2
47	35	3	30	4	25	2	22	39	18	14	46	28	22	27	23	3	22	39	37	17	23	13	12	24	2
47	35	3	30	4	25	2	22	39	18	14	46	28	22	27	23	3	34	7	22	45	25	29	12	24	2
47	35	3	30	4	25	2	22	39	18	14	46	28	22	27	23	3	36	11	30	32	18	1	12	24	2
47	35	3	30	4	25	2	22	39	18	14	46	28	22	27	23	3	37	29	37	8	42	35	12	24	2
47	35	3	30	4	25	2	22	39	18	14	46	28	22	27	23	3	38	18	0	15	18	7	12	24	2
47	35	3	30	4	25	3	18	39	22	14	46	28	22	27	23	3	5	37	40	4	30	8	12	24	2
47	35	3	30	4	25	3	18	39	22	14	46	28	22	27	23	3	10	31	43	18	15	27	12	24	2
47	35	3	30	4	25	3	18	39	22	14	46	28	22	27	23	3	11	17	24	9	37	10	12	24	2
47	35	3	30	4	25	3	18	39	22	14	46	28	22	27	23	3	13	24	28	20	8	8	12	24	2
47	35	3	30	4	25	3	18	39	22	14	46	28	22	27	23	3	21	3	21	26	18	23	12	24	2
47	35	3	30	4	25	3	18	39	22	14	46	28	22	27	23	3	22	39	37	17	23	13	12	24	2
47	35	3	30	4	25	3	18	39	22	14	46	28	22	27	23	3	34	7	22	45	25	29	12	24	2
47	35	3	30	4	25	3	18	39	22	14	46	28	22	27	23	3	36	11	30	32	18	1	12	24	2
47	35	3	30	4	25	3	18	39	22	14	46	28	22	27	23	3	37	29	37	8	42	35	12	24	2
47	35	3	30	4	25	3	18	39	22	14	46	28	22	27	23	3	38	18	0	15	18	7	12	24	2
47	35	3	30	43	22	1	25	29	8	33	2	21	41	6	1	15	1	39	12	39	1	6	12	24	2
47	35	3	30	43	22	1	25	29	8	33	2	21	41	6	1	15	6	2	28	16	8	31	12	24	2
47	35	3	30	43	22	1	25	29	8	33	2	21	41	6	1	15	9	37	13	24	4	25	12	24	2
47	35	3	30	43	22	1	25	29	8	33	2	21	41	6	1	15	10	15	18	41	8	23	12	24	2
47	35	3	30	43	22	1	25	29	8	33	2	21	41	6	1	15	11	44	21	9	12	29	12	24	2
47	35	3	30	43	22	1	25	29	8	33	2	21	41	6	1	15	14	6	28	43	36	43	12	24	2
47	35	3	30	43	22	1	25	29	8	33	2	21	41	6	1	15	16	23	38	13	33	18	12	24	2
47	35	3	30	43	22	1	25	29	8	33	2	21	41	6	1	15	18	45	9	18	11	36	12	24	2
47	35	3	30	43	22	1	25	29	8	33	2	21	41	6	1	15	20	17	18	45	20	10	12	24	2
47	35	3	30	43	22	1	25	29	8	33	2	21	41	6	1	15	22	32	12	42	46	15	12	24	2
47	35	3	30	43	22	1	25	29	8	33	2	21	41	6	1	15	32	38	0	20	17	14	12	24	2
47	35	3	30	43	22	1	25	29	8	33	2	21	41	6	1	15	33	34	5	16	16	16	12	24	2
47	35	3	30	43	22	1	25	29	8	33	2	21	41	6	1	15	34	29	28	17	11	16	12	24	2
47	35	3	30	43	22	1	25	29	8	33	2	21	41	6	1	15	38	31	42	15	45	23	12	24	2
47	35	3	30	43	22	1	25	29	8	33	2	21	41	6	1	15	39	43	3	4	7	46	12	24	2
47	35	3	30	43	22	1	25	29	8	33	2	21	41	6	1	15	43	9	5	30	34	17	12	24	2
47	35	3	30	43	22	2	25	8	29	33	2	21	41	6	1	15	1	39	12	39	1	6	12	24	2
47	35	3	30	43	22	2	25	8	29	33	2	21	41	6	1	15	6	2	28	16	8	31	12	24	2
47	35	3	30	43	22	2	25	8	29	33	2	21	41	6	1	15	9	37	13	24	4	25	12	24	2
47	35	3	30	43	22	2	25	8	29	33	2	21	41	6	1	15	10	15	18	41	8	23	12	24	2
47	35	3	30	43	22	2	25	8	29	33	2	21	41	6	1	15	11	44	21	9	12	29	12	24	2
47	35	3	30	43	22	2	25	8	29	33	2	21	41	6	1	15	14	6	28	43	36	43	12	24	2
47	35	3	30	43	22	2	25	8	29	33	2	21	41	6	1	15	16	23	38	13	33	18	12	24	2
47	35	3	30	43	22	2	25	8	29	33	2	21	41	6	1	15	18	45	9	18	11	36	12	24	2
47	35	3	30	43	22	2	25	8	29	33	2	21	41	6	1	15	20	17	18	45	20	10	12	24	2
47	35	3	30	43	22	2	25	8	29	33	2	21	41	6	1	15	22	32	12	42	46	15	12	24	2
47	35	3	30	43	22	2	25	8	29	33	2	21	41	6	1	15	32	38	0	20	17	14	12	24	2
47	35	3	30	43	22	2	25	8	29	33	2	21	41	6	1	15	33	34	5	16	16	16	12	24	2
47	35	3	30	43	22	2	25	8	29	33	2	21	41	6	1	15	34	29	28	17	11	16	12	24	2
47	35	3	30	43	22	2	25	8	29	33	2	21	41	6	1	15	38	31	42	15	45	23	12	24	2
47	35	3	30	43	22	2	25	8	29	33	2	21	41	6	1	15	39	43	3	4	7	46	12	24	2
47	35	3	30	43	22	2	25	8	29	33	2	21	41	6	1	15	43	9	5	30	34	17	12	24	2
47	35	3	30	43	22	3	29	8	25	33	2	21	41	6	1	15	1	39	12	39	1	6	12	24	2
47	35	3	30	43	22	3	29	8	25	33	2	21	41	6	1	15	6	2	28	16	8	31	12	24	2
47	35	3	30	43	22	3	29	8	25	33	2	21	41	6	1	15	9	37	13	24	4	25	12	24	2
47	35	3	30	43	22	3	29	8	25	33	2	21	41	6	1	15	10	15	18	41	8	23	12	24	2
47	35	3	30	43	22	3	29	8	25	33	2	21	41	6	1	15	11	44	21	9	12	29	12	24	2
47	35	3	30	43	22	3	29	8	25	33	2	21	41	6	1	15	14	6	28	43	36	43	12	24	2
47	35	3	30	43	22	3	29	8	25	33	2	21	41	6	1	15	16	23	38	13	33	18	12	24	2
47	35	3	30	43	22	3	29	8	25	33	2	21	41	6	1	15	18	45	9	18	11	36	12	24	2
47	35	3	30	43	22	3	29	8	25	33	2	21	41	6	1	15	20	17	18	45	20	10	12	24	2
47	35	3	30	43	22	3	29	8	25	33	2	21	41	6	1	15	22	32	12	42	46	15	12	24	2
47	35	3	30	43	22	3	29	8	25	33	2	21	41	6	1	15	32	38	0	20	17	14	12	24	2
47	35	3	30	43	22	3	29	8	25	33	2	21	41	6	1	15	33	34	5	16	16	16	12	24	2
47	35	3	30	43	22	3	29	8	25	33	2	21	41	6	1	15	34	29	28	17	11	16	12	24	2
47	35	3	30	43	22	3	29	8	25	33	2	21	41	6	1	15	38	31	42	15	45	23	12	24	2
47	35	3	30	43	22	3	29	8	25	33	2	21	41	6	1	15	39	43	3	4	7	46	12	24	2
47	35	3	30	43	22	3	29	8	25	33	2	21	41	6	1	15	43	9	5	30	34	17	12	24	2
47	35	17	44	4	25	1	22	8	29	14	25	27	16	42	4	22	1	1	32	14	36	8	12	24	2
47	35	17	44	4	25	1	22	8	29	14	25	27	16	42	4	22	1	23	7	13	11	39	12	24	2
47	35	17	44	4	25	1	22	8	29	14	25	27	16	42	4	22	5	30	45	15	34	1	12	24	2
47	35	17	44	4	25	1	22	8	29	14	25	27	16	42	4	22	14	31	24	6	13	23	12	24	2
47	35	17	44	4	25	1	22	8	29	14	25	27	16	42	4	22	15	33	22	39	2	35	12	24	2
47	35	17	44	4	25	1	22	8	29	14	25	27	16	42	4	22	21	32	44	25	43	9	12	24	2
47	35	17	44	4	25	1	22	8	29	14	25	27	16	42	4	22	22	17	33	29	18	3	12	24	2
47	35	17	44	4	25	1	22	8	29	14	25	27	16	42	4	22	22	30	40	3	29	44	12	24	2
47	35	17	44	4	25	1	22	8	29	14	25	27	16	42	4	22	23	6	41	27	8	14	12	24	2
47	35	17	44	4	25	1	22	8	29	14	25	27	16	42	4	22	28	19	18	45	3	6	12	24	2
47	35	17	44	4	25	1	22	8	29	14	25	27	16	42	4	22	31	40	1	14	27	10	12	24	2
47	35	17	44	4	25	1	22	8	29	14	25	27	16	42	4	22	33	38	9	15	25	20	12	24	2
47	35	17	44	4	25	1	22	8	29	14	25	27	16	42	4	22	36	9	40	7	18	7	12	24	2
47	35	17	44	4	25	1	22	8	29	14	25	27	16	42	4	22	40	14	41	25	26	26	12	24	2
47	35	17	44	4	25	1	22	8	29	14	25	27	16	42	4	22	44	17	31	38	13	22	12	24	2
47	35	17	44	4	25	1	22	8	29	14	25	27	16	42	4	22	45	15	18	39	10	42	12	24	2
47	35	17	44	4	25	2	22	29	8	14	25	27	16	42	4	22	1	1	32	14	36	8	12	24	2
47	35	17	44	4	25	2	22	29	8	14	25	27	16	42	4	22	1	23	7	13	11	39	12	24	2
47	35	17	44	4	25	2	22	29	8	14	25	27	16	42	4	22	5	30	45	15	34	1	12	24	2
47	35	17	44	4	25	2	22	29	8	14	25	27	16	42	4	22	14	31	24	6	13	23	12	24	2
47	35	17	44	4	25	2	22	29	8	14	25	27	16	42	4	22	15	33	22	39	2	35	12	24	2
47	35	17	44	4	25	2	22	29	8	14	25	27	16	42	4	22	21	32	44	25	43	9	12	24	2
47	35	17	44	4	25	2	22	29	8	14	25	27	16	42	4	22	22	17	33	29	18	3	12	24	2
47	35	17	44	4	25	2	22	29	8	14	25	27	16	42	4	22	22	30	40	3	29	44	12	24	2
47	35	17	44	4	25	2	22	29	8	14	25	27	16	42	4	22	23	6	41	27	8	14	12	24	2
47	35	17	44	4	25	2	22	29	8	14	25	27	16	42	4	22	28	19	18	45	3	6	12	24	2
47	35	17	44	4	25	2	22	29	8	14	25	27	16	42	4	22	31	40	1	14	27	10	12	24	2
47	35	17	44	4	25	2	22	29	8	14	25	27	16	42	4	22	33	38	9	15	25	20	12	24	2
47	35	17	44	4	25	2	22	29	8	14	25	27	16	42	4	22	36	9	40	7	18	7	12	24	2
47	35	17	44	4	25	2	22	29	8	14	25	27	16	42	4	22	40	14	41	25	26	26	12	24	2
47	35	17	44	4	25	2	22	29	8	14	25	27	16	42	4	22	44	17	31	38	13	22	12	24	2
47	35	17	44	4	25	2	22	29	8	14	25	27	16	42	4	22	45	15	18	39	10	42	12	24	2
47	35	17	44	4	25	3	8	29	22	14	25	27	16	42	4	22	1	1	32	14	36	8	12	24	2
47	35	17	44	4	25	3	8	29	22	14	25	27	16	42	4	22	1	23	7	13	11	39	12	24	2
47	35	17	44	4	25	3	8	29	22	14	25	27	16	42	4	22	5	30	45	15	34	1	12	24	2
47	35	17	44	4	25	3	8	29	22	14	25	27	16	42	4	22	14	31	24	6	13	23	12	24	2
47	35	17	44	4	25	3	8	29	22	14	25	27	16	42	4	22	15	33	22	39	2	35	12	24	2
47	35	17	44	4	25	3	8	29	22	14	25	27	16	42	4	22	21	32	44	25	43	9	12	24	2
47	35	17	44	4	25	3	8	29	22	14	25	27	16	42	4	22	22	17	33	29	18	3	12	24	2
47	35	17	44	4	25	3	8	29	22	14	25	27	16	42	4	22	22	30	40	3	29	44	12	24	2
47	35	17	44	4	25	3	8	29	22	14	25	27	16	42	4	22	23	6	41	27	8	14	12	24	2
47	35	17	44	4	25	3	8	29	22	14	25	27	16	42	4	22	28	19	18	45	3	6	12	24	2
47	35	17	44	4	25	3	8	29	22	14	25	27	16	42	4	22	31	40	1	14	27	10	12	24	2
47	35	17	44	4	25	3	8	29	22	14	25	27	16	42	4	22	33	38	9	15	25	20	12	24	2
47	35	17	44	4	25	3	8	29	22	14	25	27	16	42	4	22	36	9	40	7	18	7	12	24	2
47	35	17	44	4	25	3	8	29	22	14	25	27	16	42	4	22	40	14	41	25	26	26	12	24	2
47	35	17	44	4	25	3	8	29	22	14	25	27	16	42	4	22	44	17	31	38	13	22	12	24	2
47	35	17	44	4	25	3	8	29	22	14	25	27	16	42	4	22	45	15	18	39	10	42	12	24	2
47	35	17	44	43	22	1	25	39	18	33	8	1	40	24	17	21	3	29	27	19	33	11	12	24	2
47	35	17	44	43	22	1	25	39	18	33	8	1	40	24	17	21	6	23	31	13	21	5	12	24	2
47	35	17	44	43	22	1	25	39	18	33	8	1	40	24	17	21	12	21	2	11	35	22	12	24	2
47	35	17	44	43	22	1	25	39	18	33	8	1	40	24	17	21	13	31	5	7	12	5	12	24	2
47	35	17	44	43	22	1	25	39	18	33	8	1	40	24	17	21	15	35	31	7	26	0	12	24	2
47	35	17	44	43	22	1	25	39	18	33	8	1	40	24	17	21	15	38	3	3	21	0	12	24	2
47	35	17	44	43	22	1	25	39	18	33	8	1	40	24	17	21	25	30	45	20	1	38	12	24	2
47	35	17	44	43	22	1	25	39	18	33	8	1	40	24	17	21	30	1	41	34	41	3	12	24	2
47	35	17	44	43	22	1	25	39	18	33	8	1	40	24	17	21	31	16	38	2	27	33	12	24	2
47	35	17	44	43	22	1	25	39	18	33	8	1	40	24	17	21	39	25	40	3	10	18	12	24	2
47	35	17	44	43	22	2	25	18	39	33	8	1	40	24	17	21	3	29	27	19	33	11	12	24	2
47	35	17	44	43	22	2	25	18	39	33	8	1	40	24	17	21	6	23	31	13	21	5	12	24	2
47	35	17	44	43	22	2	25	18	39	33	8	1	40	24	17	21	12	21	2	11	35	22	12	24	2
47	35	17	44	43	22	2	25	18	39	33	8	1	40	24	17	21	13	31	5	7	12	5	12	24	2
47	35	17	44	43	22	2	25	18	39	33	8	1	40	24	17	21	15	35	31	7	26	0	12	24	2
47	35	17	44	43	22	2	25	18	39	33	8	1	40	24	17	21	15	38	3	3	21	0	12	24	2
47	35	17	44	43	22	2	25	18	39	33	8	1	40	24	17	21	25	30	45	20	1	38	12	24	2
47	35	17	44	43	22	2	25	18	39	33	8	1	40	24	17	21	30	1	41	34	41	3	12	24	2
47	35	17	44	43	22	2	25	18	39	33	8	1	40	24	17	21	31	16	38	2	27	33	12	24	2
47	35	17	44	43	22	2	25	18	39	33	8	1	40	24	17	21	39	25	40	3	10	18	12	24	2
47	35	17	44	43	22	3	39	18	25	33	8	1	40	24	17	21	3	29	27	19	33	11	12	24	2
47	35	17	44	43	22	3	39	18	25	33	8	1	40	24	17	21	6	23	31	13	21	5	12	24	2
47	35	17	44	43	22	3	39	18	25	33	8	1	40	24	17	21	12	21	2	11	35	22	12	24	2
47	35	17	44	43	22	3	39	18	25	33	8	1	40	24	17	21	13	31	5	7	12	5	12	24	2
47	35	17	44	43	22	3	39	18	25	33	8	1	40	24	17	21	15	35	31	7	26	0	12	24	2
47	35	17	44	43	22	3	39	18	25	33	8	1	40	24	17	21	15	38	3	3	21	0	12	24	2
47	35	17	44	43	22	3	39	18	25	33	8	1	40	24	17	21	25	30	45	20	1	38	12	24	2
47	35	17	44	43	22	3	39	18	25	33	8	1	40	24	17	21	30	1	41	34	41	3	12	24	2
47	35	17	44	43	22	3	39	18	25	33	8	1	40	24	17	21	31	16	38	2	27	33	12	24	2
47	35	17	44	43	22	3	39	18	25	33	8	1	40	24	17	21	39	25	40	3	10	18	12	24	2
47	35	30	3	4	25	1	22	39	18	14	46	28	22	27	23	3	5	37	40	4	30	8	12	24	2
47	35	30	3	4	25	1	22	39	18	14	46	28	22	27	23	3	10	31	43	18	15	27	12	24	2
47	35	30	3	4	25	1	22	39	18	14	46	28	22	27	23	3	11	17	24	9	37	10	12	24	2
47	35	30	3	4	25	1	22	39	18	14	46	28	22	27	23	3	13	24	28	20	8	8	12	24	2
47	35	30	3	4	25	1	22	39	18	14	46	28	22	27	23	3	21	3	21	26	18	23	12	24	2
47	35	30	3	4	25	1	22	39	18	14	46	28	22	27	23	3	22	39	37	17	23	13	12	24	2
47	35	30	3	4	25	1	22	39	18	14	46	28	22	27	23	3	34	7	22	45	25	29	12	24	2
47	35	30	3	4	25	1	22	39	18	14	46	28	22	27	23	3	36	11	30	32	18	1	12	24	2
47	35	30	3	4	25	1	22	39	18	14	46	28	22	27	23	3	37	29	37	8	42	35	12	24	2
47	35	30	3	4	25	1	22	39	18	14	46	28	22	27	23	3	38	18	0	15	18	7	12	24	2
47	35	30	3	4	25	2	22	18	39	14	46	28	22	27	23	3	5	37	40	4	30	8	12	24	2
47	35	30	3	4	25	2	22	18	39	14	46	28	22	27	23	3	10	31	43	18	15	27	12	24	2
47	35	30	3	4	25	2	22	18	39	14	46	28	22	27	23	3	11	17	24	9	37	10	12	24	2
47	35	30	3	4	25	2	22	18	39	14	46	28	22	27	23	3	13	24	28	20	8	8	12	24	2
47	35	30	3	4	25	2	22	18	39	14	46	28	22	27	23	3	21	3	21	26	18	23	12	24	2
47	35	30	3	4	25	2	22	18	39	14	46	28	22	27	23	3	22	39	37	17	23	13	12	24	2
47	35	30	3	4	25	2	22	18	39	14	46	28	22	27	23	3	34	7	22	45	25	29	12	24	2
47	35	30	3	4	25	2	22	18	39	14	46	28	22	27	23	3	36	11	30	32	18	1	12	24	2
47	35	30	3	4	25	2	22	18	39	14	46	28	22	27	23	3	37	29	37	8	42	35	12	24	2
47	35	30	3	4	25	2	22	18	39	14	46	28	22	27	23	3	38	18	0	15	18	7	12	24	2
47	35	30	3	4	25	3	39	18	22	14	46	28	22	27	23	3	5	37	40	4	30	8	12	24	2
47	35	30	3	4	25	3	39	18	22	14	46	28	22	27	23	3	10	31	43	18	15	27	12	24	2
47	35	30	3	4	25	3	39	18	22	14	46	28	22	27	23	3	11	17	24	9	37	10	12	24	2
47	35	30	3	4	25	3	39	18	22	14	46	28	22	27	23	3	13	24	28	20	8	8	12	24	2
47	35	30	3	4	25	3	39	18	22	14	46	28	22	27	23	3	21	3	21	26	18	23	12	24	2
47	35	30	3	4	25	3	39	18	22	14	46	28	22	27	23	3	22	39	37	17	23	13	12	24	2
47	35	30	3	4	25	3	39	18	22	14	46	28	22	27	23	3	34	7	22	45	25	29	12	24	2
47	35	30	3	4	25	3	39	18	22	14	46	28	22	27	23	3	36	11	30	32	18	1	12	24	2
47	35	30	3	4	25	3	39	18	22	14	46	28	22	27	23	3	37	29	37	8	42	35	12	24	2
47	35	30	3	4	25	3	39	18	22	14	46	28	22	27	23	3	38	18	0	15	18	7	12	24	2
47	35	30	3	43	22	1	25	8	29	33	2	21	41	6	1	15	1	39	12	39	1	6	12	24	2
47	35	30	3	43	22	1	25	8	29	33	2	21	41	6	1	15	6	2	28	16	8	31	12	24	2
47	35	30	3	43	22	1	25	8	29	33	2	21	41	6	1	15	9	37	13	24	4	25	12	24	2
47	35	30	3	43	22	1	25	8	29	33	2	21	41	6	1	15	10	15	18	41	8	23	12	24	2
47	35	30	3	43	22	1	25	8	29	33	2	21	41	6	1	15	11	44	21	9	12	29	12	24	2
47	35	30	3	43	22	1	25	8	29	33	2	21	41	6	1	15	14	6	28	43	36	43	12	24	2
47	35	30	3	43	22	1	25	8	29	33	2	21	41	6	1	15	16	23	38	13	33	18	12	24	2
47	35	30	3	43	22	1	25	8	29	33	2	21	41	6	1	15	18	45	9	18	11	36	12	24	2
47	35	30	3	43	22	1	25	8	29	33	2	21	41	6	1	15	20	17	18	45	20	10	12	24	2
47	35	30	3	43	22	1	25	8	29	33	2	21	41	6	1	15	22	32	12	42	46	15	12	24	2
47	35	30	3	43	22	1	25	8	29	33	2	21	41	6	1	15	32	38	0	20	17	14	12	24	2
47	35	30	3	43	22	1	25	8	29	33	2	21	41	6	1	15	33	34	5	16	16	16	12	24	2
47	35	30	3	43	22	1	25	8	29	33	2	21	41	6	1	15	34	29	28	17	11	16	12	24	2
47	35	30	3	43	22	1	25	8	29	33	2	21	41	6	1	15	38	31	42	15	45	23	12	24	2
47	35	30	3	43	22	1	25	8	29	33	2	21	41	6	1	15	39	43	3	4	7	46	12	24	2
47	35	30	3	43	22	1	25	8	29	33	2	21	41	6	1	15	43	9	5	30	34	17	12	24	2
47	35	30	3	43	22	2	25	29	8	33	2	21	41	6	1	15	1	39	12	39	1	6	12	24	2
47	35	30	3	43	22	2	25	29	8	33	2	21	41	6	1	15	6	2	28	16	8	31	12	24	2
47	35	30	3	43	22	2	25	29	8	33	2	21	41	6	1	15	9	37	13	24	4	25	12	24	2
47	35	30	3	43	22	2	25	29	8	33	2	21	41	6	1	15	10	15	18	41	8	23	12	24	2
47	35	30	3	43	22	2	25	29	8	33	2	21	41	6	1	15	11	44	21	9	12	29	12	24	2
47	35	30	3	43	22	2	25	29	8	33	2	21	41	6	1	15	14	6	28	43	36	43	12	24	2
47	35	30	3	43	22	2	25	29	8	33	2	21	41	6	1	15	16	23	38	13	33	18	12	24	2
47	35	30	3	43	22	2	25	29	8	33	2	21	41	6	1	15	18	45	9	18	11	36	12	24	2
47	35	30	3	43	22	2	25	29	8	33	2	21	41	6	1	15	20	17	18	45	20	10	12	24	2
47	35	30	3	43	22	2	25	29	8	33	2	21	41	6	1	15	22	32	12	42	46	15	12	24	2
47	35	30	3	43	22	2	25	29	8	33	2	21	41	6	1	15	32	38	0	20	17	14	12	24	2
47	35	30	3	43	22	2	25	29	8	33	2	21	41	6	1	15	33	34	5	16	16	16	12	24	2
47	35	30	3	43	22	2	25	29	8	33	2	21	41	6	1	15	34	29	28	17	11	16	12	24	2
47	35	30	3	43	22	2	25	29	8	33	2	21	41	6	1	15	38	31	42	15	45	23	12	24	2
47	35	30	3	43	22	2	25	29	8	33	2	21	41	6	1	15	39	43	3	4	7	46	12	24	2
47	35	30	3	43	22	2	25	29	8	33	2	21	41	6	1	15	43	9	5	30	34	17	12	24	2
47	35	30	3	43	22	3	8	29	25	33	2	21	41	6	1	15	1	39	12	39	1	6	12	24	2
47	35	30	3	43	22	3	8	29	25	33	2	21	41	6	1	15	6	2	28	16	8	31	12	24	2
47	35	30	3	43	22	3	8	29	25	33	2	21	41	6	1	15	9	37	13	24	4	25	12	24	2
47	35	30	3	43	22	3	8	29	25	33	2	21	41	6	1	15	10	15	18	41	8	23	12	24	2
47	35	30	3	43	22	3	8	29	25	33	2	21	41	6	1	15	11	44	21	9	12	29	12	24	2
47	35	30	3	43	22	3	8	29	25	33	2	21	41	6	1	15	14	6	28	43	36	43	12	24	2
47	35	30	3	43	22	3	8	29	25	33	2	21	41	6	1	15	16	23	38	13	33	18	12	24	2
47	35	30	3	43	22	3	8	29	25	33	2	21	41	6	1	15	18	45	9	18	11	36	12	24	2
47	35	30	3	43	22	3	8	29	25	33	2	21	41	6	1	15	20	17	18	45	20	10	12	24	2
47	35	30	3	43	22	3	8	29	25	33	2	21	41	6	1	15	22	32	12	42	46	15	12	24	2
47	35	30	3	43	22	3	8	29	25	33	2	21	41	6	1	15	32	38	0	20	17	14	12	24	2
47	35	30	3	43	22	3	8	29	25	33	2	21	41	6	1	15	33	34	5	16	16	16	12	24	2
47	35	30	3	43	22	3	8	29	25	33	2	21	41	6	1	15	34	29	28	17	11	16	12	24	2
47	35	30	3	43	22	3	8	29	25	33	2	21	41	6	1	15	38	31	42	15	45	23	12	24	2
47	35	30	3	43	22	3	8	29	25	33	2	21	41	6	1	15	39	43	3	4	7	46	12	24	2
47	35	30	3	43	22	3	8	29	25	33	2	21	41	6	1	15	43	9	5	30	34	17	12	24	2
47	35	44	17	4	25	1	22	29	8	14	25	27	16	42	4	22	1	1	32	14	36	8	12	24	2
47	35	44	17	4	25	1	22	29	8	14	25	27	16	42	4	22	1	23	7	13	11	39	12	24	2
47	35	44	17	4	25	1	22	29	8	14	25	27	16	42	4	22	5	30	45	15	34	1	12	24	2
47	35	44	17	4	25	1	22	29	8	14	25	27	16	42	4	22	14	31	24	6	13	23	12	24	2
47	35	44	17	4	25	1	22	29	8	14	25	27	16	42	4	22	15	33	22	39	2	35	12	24	2
47	35	44	17	4	25	1	22	29	8	14	25	27	16	42	4	22	21	32	44	25	43	9	12	24	2
47	35	44	17	4	25	1	22	29	8	14	25	27	16	42	4	22	22	17	33	29	18	3	12	24	2
47	35	44	17	4	25	1	22	29	8	14	25	27	16	42	4	22	22	30	40	3	29	44	12	24	2
47	35	44	17	4	25	1	22	29	8	14	25	27	16	42	4	22	23	6	41	27	8	14	12	24	2
47	35	44	17	4	25	1	22	29	8	14	25	27	16	42	4	22	28	19	18	45	3	6	12	24	2
47	35	44	17	4	25	1	22	29	8	14	25	27	16	42	4	22	31	40	1	14	27	10	12	24	2
47	35	44	17	4	25	1	22	29	8	14	25	27	16	42	4	22	33	38	9	15	25	20	12	24	2
47	35	44	17	4	25	1	22	29	8	14	25	27	16	42	4	22	36	9	40	7	18	7	12	24	2
47	35	44	17	4	25	1	22	29	8	14	25	27	16	42	4	22	40	14	41	25	26	26	12	24	2
47	35	44	17	4	25	1	22	29	8	14	25	27	16	42	4	22	44	17	31	38	13	22	12	24	2
47	35	44	17	4	25	1	22	29	8	14	25	27	16	42	4	22	45	15	18	39	10	42	12	24	2
47	35	44	17	4	25	2	22	8	29	14	25	27	16	42	4	22	1	1	32	14	36	8	12	24	2
47	35	44	17	4	25	2	22	8	29	14	25	27	16	42	4	22	1	23	7	13	11	39	12	24	2
47	35	44	17	4	25	2	22	8	29	14	25	27	16	42	4	22	5	30	45	15	34	1	12	24	2
47	35	44	17	4	25	2	22	8	29	14	25	27	16	42	4	22	14	31	24	6	13	23	12	24	2
47	35	44	17	4	25	2	22	8	29	14	25	27	16	42	4	22	15	33	22	39	2	35	12	24	2
47	35	44	17	4	25	2	22	8	29	14	25	27	16	42	4	22	21	32	44	25	43	9	12	24	2
47	35	44	17	4	25	2	22	8	29	14	25	27	16	42	4	22	22	17	33	29	18	3	12	24	2
47	35	44	17	4	25	2	22	8	29	14	25	27	16	42	4	22	22	30	40	3	29	44	12	24	2
47	35	44	17	4	25	2	22	8	29	14	25	27	16	42	4	22	23	6	41	27	8	14	12	24	2
47	35	44	17	4	25	2	22	8	29	14	25	27	16	42	4	22	28	19	18	45	3	6	12	24	2
47	35	44	17	4	25	2	22	8	29	14	25	27	16	42	4	22	31	40	1	14	27	10	12	24	2
47	35	44	17	4	25	2	22	8	29	14	25	27	16	42	4	22	33	38	9	15	25	20	12	24	2
47	35	44	17	4	25	2	22	8	29	14	25	27	16	42	4	22	36	9	40	7	18	7	12	24	2
47	35	44	17	4	25	2	22	8	29	14	25	27	16	42	4	22	40	14	41	25	26	26	12	24	2
47	35	44	17	4	25	2	22	8	29	14	25	27	16	42	4	22	44	17	31	38	13	22	12	24	2
47	35	44	17	4	25	2	22	8	29	14	25	27	16	42	4	22	45	15	18	39	10	42	12	24	2
47	35	44	17	4	25	3	29	8	22	14	25	27	16	42	4	22	1	1	32	14	36	8	12	24	2
47	35	44	17	4	25	3	29	8	22	14	25	27	16	42	4	22	1	23	7	13	11	39	12	24	2
47	35	44	17	4	25	3	29	8	22	14	25	27	16	42	4	22	5	30	45	15	34	1	12	24	2
47	35	44	17	4	25	3	29	8	22	14	25	27	16	42	4	22	14	31	24	6	13	23	12	24	2
47	35	44	17	4	25	3	29	8	22	14	25	27	16	42	4	22	15	33	22	39	2	35	12	24	2
47	35	44	17	4	25	3	29	8	22	14	25	27	16	42	4	22	21	32	44	25	43	9	12	24	2
47	35	44	17	4	25	3	29	8	22	14	25	27	16	42	4	22	22	17	33	29	18	3	12	24	2
47	35	44	17	4	25	3	29	8	22	14	25	27	16	42	4	22	22	30	40	3	29	44	12	24	2
47	35	44	17	4	25	3	29	8	22	14	25	27	16	42	4	22	23	6	41	27	8	14	12	24	2
47	35	44	17	4	25	3	29	8	22	14	25	27	16	42	4	22	28	19	18	45	3	6	12	24	2
47	35	44	17	4	25	3	29	8	22	14	25	27	16	42	4	22	31	40	1	14	27	10	12	24	2
47	35	44	17	4	25	3	29	8	22	14	25	27	16	42	4	22	33	38	9	15	25	20	12	24	2
47	35	44	17	4	25	3	29	8	22	14	25	27	16	42	4	22	36	9	40	7	18	7	12	24	2
47	35	44	17	4	25	3	29	8	22	14	25	27	16	42	4	22	40	14	41	25	26	26	12	24	2
47	35	44	17	4	25	3	29	8	22	14	25	27	16	42	4	22	44	17	31	38	13	22	12	24	2
47	35	44	17	4	25	3	29	8	22	14	25	27	16	42	4	22	45	15	18	39	10	42	12	24	2
47	35	44	17	43	22	1	25	18	39	33	8	1	40	24	17	21	3	29	27	19	33	11	12	24	2
47	35	44	17	43	22	1	25	18	39	33	8	1	40	24	17	21	6	23	31	13	21	5	12	24	2
47	35	44	17	43	22	1	25	18	39	33	8	1	40	24	17	21	12	21	2	11	35	22	12	24	2
47	35	44	17	43	22	1	25	18	39	33	8	1	40	24	17	21	13	31	5	7	12	5	12	24	2
47	35	44	17	43	22	1	25	18	39	33	8	1	40	24	17	21	15	35	31	7	26	0	12	24	2
47	35	44	17	43	22	1	25	18	39	33	8	1	40	24	17	21	15	38	3	3	21	0	12	24	2
47	35	44	17	43	22	1	25	18	39	33	8	1	40	24	17	21	25	30	45	20	1	38	12	24	2
47	35	44	17	43	22	1	25	18	39	33	8	1	40	24	17	21	30	1	41	34	41	3	12	24	2
47	35	44	17	43	22	1	25	18	39	33	8	1	40	24	17	21	31	16	38	2	27	33	12	24	2
47	35	44	17	43	22	1	25	18	39	33	8	1	40	24	17	21	39	25	40	3	10	18	12	24	2
47	35	44	17	43	22	2	25	39	18	33	8	1	40	24	17	21	3	29	27	19	33	11	12	24	2
47	35	44	17	43	22	2	25	39	18	33	8	1	40	24	17	21	6	23	31	13	21	5	12	24	2
47	35	44	17	43	22	2	25	39	18	33	8	1	40	24	17	21	12	21	2	11	35	22	12	24	2
47	35	44	17	43	22	2	25	39	18	33	8	1	40	24	17	21	13	31	5	7	12	5	12	24	2
47	35	44	17	43	22	2	25	39	18	33	8	1	40	24	17	21	15	35	31	7	26	0	12	24	2
47	35	44	17	43	22	2	25	39	18	33	8	1	40	24	17	21	15	38	3	3	21	0	12	24	2
47	35	44	17	43	22	2	25	39	18	33	8	1	40	24	17	21	25	30	45	20	1	38	12	24	2
47	35	44	17	43	22	2	25	39	18	33	8	1	40	24	17	21	30	1	41	34	41	3	12	24	2
47	35	44	17	43	22	2	25	39	18	33	8	1	40	24	17	21	31	16	38	2	27	33	12	24	2
47	35	44	17	43	22	2	25	39	18	33	8	1	40	24	17	21	39	25	40	3	10	18	12	24	2
47	35	44	17	43	22	3	18	39	25	33	8	1	40	24	17	21	3	29	27	19	33	11	12	24	2
47	35	44	17	43	22	3	18	39	25	33	8	1	40	24	17	21	6	23	31	13	21	5	12	24	2
47	35	44	17	43	22	3	18	39	25	33	8	1	40	24	17	21	12	21	2	11	35	22	12	24	2
47	35	44	17	43	22	3	18	39	25	33	8	1	40	24	17	21	13	31	5	7	12	5	12	24	2
47	35	44	17	43	22	3	18	39	25	33	8	1	40	24	17	21	15	35	31	7	26	0	12	24	2
47	35	44	17	43	22	3	18	39	25	33	8	1	40	24	17	21	15	38	3	3	21	0	12	24	2
47	35	44	17	43	22	3	18	39	25	33	8	1	40	24	17	21	25	30	45	20	1	38	12	24	2
47	35	44	17	43	22	3	18	39	25	33	8	1	40	24	17	21	30	1	41	34	41	3	12	24	2
47	35	44	17	43	22	3	18	39	25	33	8	1	40	24	17	21	31	16	38	2	27	33	12	24	2
47	35	44	17	43	22	3	18	39	25	33	8	1	40	24	17	21	39	25	40	3	10	18	12	24	2
47	36	24	34	8	12	1	14	25	8	28	36	30	1	27	31	22	10	32	42	21	28	12	12	24	2
47	36	24	34	8	12	1	14	25	8	28	36	30	1	27	31	22	11	16	7	29	1	23	12	24	2
47	36	24	34	8	12	1	14	25	8	28	36	30	1	27	31	22	19	6	18	11	16	42	12	24	2
47	36	24	34	8	12	1	14	25	8	28	36	30	1	27	31	22	19	16	21	3	31	5	12	24	2
47	36	24	34	8	12	1	14	25	8	28	36	30	1	27	31	22	20	9	7	2	46	30	12	24	2
47	36	24	34	8	12	1	14	25	8	28	36	30	1	27	31	22	20	10	0	15	1	17	12	24	2
47	36	24	34	8	12	1	14	25	8	28	36	30	1	27	31	22	26	44	34	3	13	14	12	24	2
47	36	24	34	8	12	1	14	25	8	28	36	30	1	27	31	22	29	0	10	21	5	43	12	24	2
47	36	24	34	8	12	1	14	25	8	28	36	30	1	27	31	22	31	39	20	23	39	46	12	24	2
47	36	24	34	8	12	1	14	25	8	28	36	30	1	27	31	22	33	10	27	8	30	21	12	24	2
47	36	24	34	8	12	1	14	25	8	28	36	30	1	27	31	22	35	25	10	20	42	36	12	24	2
47	36	24	34	8	12	1	14	25	8	28	36	30	1	27	31	22	39	26	38	11	40	45	12	24	2
47	36	24	34	8	12	1	14	25	8	28	36	30	1	27	31	22	40	2	5	10	1	36	12	24	2
47	36	24	34	8	12	1	14	25	8	28	36	30	1	27	31	22	45	7	38	16	7	4	12	24	2
47	36	24	34	8	12	1	14	25	8	28	36	30	1	27	31	22	45	45	19	10	40	43	12	24	2
47	36	24	34	8	12	1	14	25	8	28	36	30	1	27	31	22	46	17	30	1	42	35	12	24	2
47	36	24	34	8	12	2	14	8	25	28	36	30	1	27	31	22	10	32	42	21	28	12	12	24	2
47	36	24	34	8	12	2	14	8	25	28	36	30	1	27	31	22	11	16	7	29	1	23	12	24	2
47	36	24	34	8	12	2	14	8	25	28	36	30	1	27	31	22	19	6	18	11	16	42	12	24	2
47	36	24	34	8	12	2	14	8	25	28	36	30	1	27	31	22	19	16	21	3	31	5	12	24	2
47	36	24	34	8	12	2	14	8	25	28	36	30	1	27	31	22	20	9	7	2	46	30	12	24	2
47	36	24	34	8	12	2	14	8	25	28	36	30	1	27	31	22	20	10	0	15	1	17	12	24	2
47	36	24	34	8	12	2	14	8	25	28	36	30	1	27	31	22	26	44	34	3	13	14	12	24	2
47	36	24	34	8	12	2	14	8	25	28	36	30	1	27	31	22	29	0	10	21	5	43	12	24	2
47	36	24	34	8	12	2	14	8	25	28	36	30	1	27	31	22	31	39	20	23	39	46	12	24	2
47	36	24	34	8	12	2	14	8	25	28	36	30	1	27	31	22	33	10	27	8	30	21	12	24	2
47	36	24	34	8	12	2	14	8	25	28	36	30	1	27	31	22	35	25	10	20	42	36	12	24	2
47	36	24	34	8	12	2	14	8	25	28	36	30	1	27	31	22	39	26	38	11	40	45	12	24	2
47	36	24	34	8	12	2	14	8	25	28	36	30	1	27	31	22	40	2	5	10	1	36	12	24	2
47	36	24	34	8	12	2	14	8	25	28	36	30	1	27	31	22	45	7	38	16	7	4	12	24	2
47	36	24	34	8	12	2	14	8	25	28	36	30	1	27	31	22	45	45	19	10	40	43	12	24	2
47	36	24	34	8	12	2	14	8	25	28	36	30	1	27	31	22	46	17	30	1	42	35	12	24	2
47	36	24	34	8	12	3	25	8	14	28	36	30	1	27	31	22	10	32	42	21	28	12	12	24	2
47	36	24	34	8	12	3	25	8	14	28	36	30	1	27	31	22	11	16	7	29	1	23	12	24	2
47	36	24	34	8	12	3	25	8	14	28	36	30	1	27	31	22	19	6	18	11	16	42	12	24	2
47	36	24	34	8	12	3	25	8	14	28	36	30	1	27	31	22	19	16	21	3	31	5	12	24	2
47	36	24	34	8	12	3	25	8	14	28	36	30	1	27	31	22	20	9	7	2	46	30	12	24	2
47	36	24	34	8	12	3	25	8	14	28	36	30	1	27	31	22	20	10	0	15	1	17	12	24	2
47	36	24	34	8	12	3	25	8	14	28	36	30	1	27	31	22	26	44	34	3	13	14	12	24	2
47	36	24	34	8	12	3	25	8	14	28	36	30	1	27	31	22	29	0	10	21	5	43	12	24	2
47	36	24	34	8	12	3	25	8	14	28	36	30	1	27	31	22	31	39	20	23	39	46	12	24	2
47	36	24	34	8	12	3	25	8	14	28	36	30	1	27	31	22	33	10	27	8	30	21	12	24	2
47	36	24	34	8	12	3	25	8	14	28	36	30	1	27	31	22	35	25	10	20	42	36	12	24	2
47	36	24	34	8	12	3	25	8	14	28	36	30	1	27	31	22	39	26	38	11	40	45	12	24	2
47	36	24	34	8	12	3	25	8	14	28	36	30	1	27	31	22	40	2	5	10	1	36	12	24	2
47	36	24	34	8	12	3	25	8	14	28	36	30	1	27	31	22	45	7	38	16	7	4	12	24	2
47	36	24	34	8	12	3	25	8	14	28	36	30	1	27	31	22	45	45	19	10	40	43	12	24	2
47	36	24	34	8	12	3	25	8	14	28	36	30	1	27	31	22	46	17	30	1	42	35	12	24	2
47	36	24	34	39	35	1	33	22	39	19	25	31	42	18	0	1	2	0	15	28	31	7	12	24	2
47	36	24	34	39	35	1	33	22	39	19	25	31	42	18	0	1	3	2	19	17	40	42	12	24	2
47	36	24	34	39	35	1	33	22	39	19	25	31	42	18	0	1	14	40	41	30	44	6	12	24	2
47	36	24	34	39	35	1	33	22	39	19	25	31	42	18	0	1	19	36	24	18	40	45	12	24	2
47	36	24	34	39	35	1	33	22	39	19	25	31	42	18	0	1	22	5	7	29	5	12	12	24	2
47	36	24	34	39	35	1	33	22	39	19	25	31	42	18	0	1	25	25	27	20	24	29	12	24	2
47	36	24	34	39	35	1	33	22	39	19	25	31	42	18	0	1	26	43	40	30	3	7	12	24	2
47	36	24	34	39	35	1	33	22	39	19	25	31	42	18	0	1	32	38	24	35	7	31	12	24	2
47	36	24	34	39	35	1	33	22	39	19	25	31	42	18	0	1	42	41	25	14	18	8	12	24	2
47	36	24	34	39	35	1	33	22	39	19	25	31	42	18	0	1	46	46	45	35	21	40	12	24	2
47	36	24	34	39	35	2	33	39	22	19	25	31	42	18	0	1	2	0	15	28	31	7	12	24	2
47	36	24	34	39	35	2	33	39	22	19	25	31	42	18	0	1	3	2	19	17	40	42	12	24	2
47	36	24	34	39	35	2	33	39	22	19	25	31	42	18	0	1	14	40	41	30	44	6	12	24	2
47	36	24	34	39	35	2	33	39	22	19	25	31	42	18	0	1	19	36	24	18	40	45	12	24	2
47	36	24	34	39	35	2	33	39	22	19	25	31	42	18	0	1	22	5	7	29	5	12	12	24	2
47	36	24	34	39	35	2	33	39	22	19	25	31	42	18	0	1	25	25	27	20	24	29	12	24	2
47	36	24	34	39	35	2	33	39	22	19	25	31	42	18	0	1	26	43	40	30	3	7	12	24	2
47	36	24	34	39	35	2	33	39	22	19	25	31	42	18	0	1	32	38	24	35	7	31	12	24	2
47	36	24	34	39	35	2	33	39	22	19	25	31	42	18	0	1	42	41	25	14	18	8	12	24	2
47	36	24	34	39	35	2	33	39	22	19	25	31	42	18	0	1	46	46	45	35	21	40	12	24	2
47	36	24	34	39	35	3	22	39	33	19	25	31	42	18	0	1	2	0	15	28	31	7	12	24	2
47	36	24	34	39	35	3	22	39	33	19	25	31	42	18	0	1	3	2	19	17	40	42	12	24	2
47	36	24	34	39	35	3	22	39	33	19	25	31	42	18	0	1	14	40	41	30	44	6	12	24	2
47	36	24	34	39	35	3	22	39	33	19	25	31	42	18	0	1	19	36	24	18	40	45	12	24	2
47	36	24	34	39	35	3	22	39	33	19	25	31	42	18	0	1	22	5	7	29	5	12	12	24	2
47	36	24	34	39	35	3	22	39	33	19	25	31	42	18	0	1	25	25	27	20	24	29	12	24	2
47	36	24	34	39	35	3	22	39	33	19	25	31	42	18	0	1	26	43	40	30	3	7	12	24	2
47	36	24	34	39	35	3	22	39	33	19	25	31	42	18	0	1	32	38	24	35	7	31	12	24	2
47	36	24	34	39	35	3	22	39	33	19	25	31	42	18	0	1	42	41	25	14	18	8	12	24	2
47	36	24	34	39	35	3	22	39	33	19	25	31	42	18	0	1	46	46	45	35	21	40	12	24	2
47	36	31	43	25	4	1	12	26	30	27	32	4	38	32	41	25	7	14	9	29	43	39	12	24	2
47	36	31	43	25	4	1	12	26	30	27	32	4	38	32	41	25	12	22	5	10	9	20	12	24	2
47	36	31	43	25	4	1	12	26	30	27	32	4	38	32	41	25	13	31	4	21	13	33	12	24	2
47	36	31	43	25	4	1	12	26	30	27	32	4	38	32	41	25	15	9	22	21	42	28	12	24	2
47	36	31	43	25	4	1	12	26	30	27	32	4	38	32	41	25	18	42	23	33	11	44	12	24	2
47	36	31	43	25	4	1	12	26	30	27	32	4	38	32	41	25	20	32	29	8	40	36	12	24	2
47	36	31	43	25	4	1	12	26	30	27	32	4	38	32	41	25	37	4	24	41	25	5	12	24	2
47	36	31	43	25	4	1	12	26	30	27	32	4	38	32	41	25	43	25	23	9	35	35	12	24	2
47	36	31	43	25	4	1	12	26	30	27	32	4	38	32	41	25	44	29	38	6	37	20	12	24	2
47	36	31	43	25	4	1	12	26	30	27	32	4	38	32	41	25	46	31	11	9	23	6	12	24	2
47	36	31	43	25	4	2	12	30	26	27	32	4	38	32	41	25	7	14	9	29	43	39	12	24	2
47	36	31	43	25	4	2	12	30	26	27	32	4	38	32	41	25	12	22	5	10	9	20	12	24	2
47	36	31	43	25	4	2	12	30	26	27	32	4	38	32	41	25	13	31	4	21	13	33	12	24	2
47	36	31	43	25	4	2	12	30	26	27	32	4	38	32	41	25	15	9	22	21	42	28	12	24	2
47	36	31	43	25	4	2	12	30	26	27	32	4	38	32	41	25	18	42	23	33	11	44	12	24	2
47	36	31	43	25	4	2	12	30	26	27	32	4	38	32	41	25	20	32	29	8	40	36	12	24	2
47	36	31	43	25	4	2	12	30	26	27	32	4	38	32	41	25	37	4	24	41	25	5	12	24	2
47	36	31	43	25	4	2	12	30	26	27	32	4	38	32	41	25	43	25	23	9	35	35	12	24	2
47	36	31	43	25	4	2	12	30	26	27	32	4	38	32	41	25	44	29	38	6	37	20	12	24	2
47	36	31	43	25	4	2	12	30	26	27	32	4	38	32	41	25	46	31	11	9	23	6	12	24	2
47	36	31	43	25	4	3	26	30	12	27	32	4	38	32	41	25	7	14	9	29	43	39	12	24	2
47	36	31	43	25	4	3	26	30	12	27	32	4	38	32	41	25	12	22	5	10	9	20	12	24	2
47	36	31	43	25	4	3	26	30	12	27	32	4	38	32	41	25	13	31	4	21	13	33	12	24	2
47	36	31	43	25	4	3	26	30	12	27	32	4	38	32	41	25	15	9	22	21	42	28	12	24	2
47	36	31	43	25	4	3	26	30	12	27	32	4	38	32	41	25	18	42	23	33	11	44	12	24	2
47	36	31	43	25	4	3	26	30	12	27	32	4	38	32	41	25	20	32	29	8	40	36	12	24	2
47	36	31	43	25	4	3	26	30	12	27	32	4	38	32	41	25	37	4	24	41	25	5	12	24	2
47	36	31	43	25	4	3	26	30	12	27	32	4	38	32	41	25	43	25	23	9	35	35	12	24	2
47	36	31	43	25	4	3	26	30	12	27	32	4	38	32	41	25	44	29	38	6	37	20	12	24	2
47	36	31	43	25	4	3	26	30	12	27	32	4	38	32	41	25	46	31	11	9	23	6	12	24	2
47	36	31	43	22	43	1	35	21	17	20	4	32	6	25	31	26	2	31	36	28	14	32	12	24	2
47	36	31	43	22	43	1	35	21	17	20	4	32	6	25	31	26	8	20	11	39	23	10	12	24	2
47	36	31	43	22	43	1	35	21	17	20	4	32	6	25	31	26	12	17	16	34	19	42	12	24	2
47	36	31	43	22	43	1	35	21	17	20	4	32	6	25	31	26	15	24	7	28	27	2	12	24	2
47	36	31	43	22	43	1	35	21	17	20	4	32	6	25	31	26	22	36	31	42	32	46	12	24	2
47	36	31	43	22	43	1	35	21	17	20	4	32	6	25	31	26	23	10	28	40	43	0	12	24	2
47	36	31	43	22	43	1	35	21	17	20	4	32	6	25	31	26	23	12	24	20	4	0	12	24	2
47	36	31	43	22	43	1	35	21	17	20	4	32	6	25	31	26	25	31	13	41	3	16	12	24	2
47	36	31	43	22	43	1	35	21	17	20	4	32	6	25	31	26	28	42	39	42	11	44	12	24	2
47	36	31	43	22	43	1	35	21	17	20	4	32	6	25	31	26	30	11	40	23	44	39	12	24	2
47	36	31	43	22	43	1	35	21	17	20	4	32	6	25	31	26	35	29	20	18	12	22	12	24	2
47	36	31	43	22	43	1	35	21	17	20	4	32	6	25	31	26	36	15	43	9	12	13	12	24	2
47	36	31	43	22	43	1	35	21	17	20	4	32	6	25	31	26	38	27	38	45	35	32	12	24	2
47	36	31	43	22	43	1	35	21	17	20	4	32	6	25	31	26	43	5	12	23	13	46	12	24	2
47	36	31	43	22	43	1	35	21	17	20	4	32	6	25	31	26	43	12	22	21	34	1	12	24	2
47	36	31	43	22	43	1	35	21	17	20	4	32	6	25	31	26	44	34	36	45	33	4	12	24	2
47	36	31	43	22	43	2	35	17	21	20	4	32	6	25	31	26	2	31	36	28	14	32	12	24	2
47	36	31	43	22	43	2	35	17	21	20	4	32	6	25	31	26	8	20	11	39	23	10	12	24	2
47	36	31	43	22	43	2	35	17	21	20	4	32	6	25	31	26	12	17	16	34	19	42	12	24	2
47	36	31	43	22	43	2	35	17	21	20	4	32	6	25	31	26	15	24	7	28	27	2	12	24	2
47	36	31	43	22	43	2	35	17	21	20	4	32	6	25	31	26	22	36	31	42	32	46	12	24	2
47	36	31	43	22	43	2	35	17	21	20	4	32	6	25	31	26	23	10	28	40	43	0	12	24	2
47	36	31	43	22	43	2	35	17	21	20	4	32	6	25	31	26	23	12	24	20	4	0	12	24	2
47	36	31	43	22	43	2	35	17	21	20	4	32	6	25	31	26	25	31	13	41	3	16	12	24	2
47	36	31	43	22	43	2	35	17	21	20	4	32	6	25	31	26	28	42	39	42	11	44	12	24	2
47	36	31	43	22	43	2	35	17	21	20	4	32	6	25	31	26	30	11	40	23	44	39	12	24	2
47	36	31	43	22	43	2	35	17	21	20	4	32	6	25	31	26	35	29	20	18	12	22	12	24	2
47	36	31	43	22	43	2	35	17	21	20	4	32	6	25	31	26	36	15	43	9	12	13	12	24	2
47	36	31	43	22	43	2	35	17	21	20	4	32	6	25	31	26	38	27	38	45	35	32	12	24	2
47	36	31	43	22	43	2	35	17	21	20	4	32	6	25	31	26	43	5	12	23	13	46	12	24	2
47	36	31	43	22	43	2	35	17	21	20	4	32	6	25	31	26	43	12	22	21	34	1	12	24	2
47	36	31	43	22	43	2	35	17	21	20	4	32	6	25	31	26	44	34	36	45	33	4	12	24	2
47	36	31	43	22	43	3	21	17	35	20	4	32	6	25	31	26	2	31	36	28	14	32	12	24	2
47	36	31	43	22	43	3	21	17	35	20	4	32	6	25	31	26	8	20	11	39	23	10	12	24	2
47	36	31	43	22	43	3	21	17	35	20	4	32	6	25	31	26	12	17	16	34	19	42	12	24	2
47	36	31	43	22	43	3	21	17	35	20	4	32	6	25	31	26	15	24	7	28	27	2	12	24	2
47	36	31	43	22	43	3	21	17	35	20	4	32	6	25	31	26	22	36	31	42	32	46	12	24	2
47	36	31	43	22	43	3	21	17	35	20	4	32	6	25	31	26	23	10	28	40	43	0	12	24	2
47	36	31	43	22	43	3	21	17	35	20	4	32	6	25	31	26	23	12	24	20	4	0	12	24	2
47	36	31	43	22	43	3	21	17	35	20	4	32	6	25	31	26	25	31	13	41	3	16	12	24	2
47	36	31	43	22	43	3	21	17	35	20	4	32	6	25	31	26	28	42	39	42	11	44	12	24	2
47	36	31	43	22	43	3	21	17	35	20	4	32	6	25	31	26	30	11	40	23	44	39	12	24	2
47	36	31	43	22	43	3	21	17	35	20	4	32	6	25	31	26	35	29	20	18	12	22	12	24	2
47	36	31	43	22	43	3	21	17	35	20	4	32	6	25	31	26	36	15	43	9	12	13	12	24	2
47	36	31	43	22	43	3	21	17	35	20	4	32	6	25	31	26	38	27	38	45	35	32	12	24	2
47	36	31	43	22	43	3	21	17	35	20	4	32	6	25	31	26	43	5	12	23	13	46	12	24	2
47	36	31	43	22	43	3	21	17	35	20	4	32	6	25	31	26	43	12	22	21	34	1	12	24	2
47	36	31	43	22	43	3	21	17	35	20	4	32	6	25	31	26	44	34	36	45	33	4	12	24	2
47	36	34	24	8	12	1	14	8	25	28	36	30	1	27	31	22	10	32	42	21	28	12	12	24	2
47	36	34	24	8	12	1	14	8	25	28	36	30	1	27	31	22	11	16	7	29	1	23	12	24	2
47	36	34	24	8	12	1	14	8	25	28	36	30	1	27	31	22	19	6	18	11	16	42	12	24	2
47	36	34	24	8	12	1	14	8	25	28	36	30	1	27	31	22	19	16	21	3	31	5	12	24	2
47	36	34	24	8	12	1	14	8	25	28	36	30	1	27	31	22	20	9	7	2	46	30	12	24	2
47	36	34	24	8	12	1	14	8	25	28	36	30	1	27	31	22	20	10	0	15	1	17	12	24	2
47	36	34	24	8	12	1	14	8	25	28	36	30	1	27	31	22	26	44	34	3	13	14	12	24	2
47	36	34	24	8	12	1	14	8	25	28	36	30	1	27	31	22	29	0	10	21	5	43	12	24	2
47	36	34	24	8	12	1	14	8	25	28	36	30	1	27	31	22	31	39	20	23	39	46	12	24	2
47	36	34	24	8	12	1	14	8	25	28	36	30	1	27	31	22	33	10	27	8	30	21	12	24	2
47	36	34	24	8	12	1	14	8	25	28	36	30	1	27	31	22	35	25	10	20	42	36	12	24	2
47	36	34	24	8	12	1	14	8	25	28	36	30	1	27	31	22	39	26	38	11	40	45	12	24	2
47	36	34	24	8	12	1	14	8	25	28	36	30	1	27	31	22	40	2	5	10	1	36	12	24	2
47	36	34	24	8	12	1	14	8	25	28	36	30	1	27	31	22	45	7	38	16	7	4	12	24	2
47	36	34	24	8	12	1	14	8	25	28	36	30	1	27	31	22	45	45	19	10	40	43	12	24	2
47	36	34	24	8	12	1	14	8	25	28	36	30	1	27	31	22	46	17	30	1	42	35	12	24	2
47	36	34	24	8	12	2	14	25	8	28	36	30	1	27	31	22	10	32	42	21	28	12	12	24	2
47	36	34	24	8	12	2	14	25	8	28	36	30	1	27	31	22	11	16	7	29	1	23	12	24	2
47	36	34	24	8	12	2	14	25	8	28	36	30	1	27	31	22	19	6	18	11	16	42	12	24	2
47	36	34	24	8	12	2	14	25	8	28	36	30	1	27	31	22	19	16	21	3	31	5	12	24	2
47	36	34	24	8	12	2	14	25	8	28	36	30	1	27	31	22	20	9	7	2	46	30	12	24	2
47	36	34	24	8	12	2	14	25	8	28	36	30	1	27	31	22	20	10	0	15	1	17	12	24	2
47	36	34	24	8	12	2	14	25	8	28	36	30	1	27	31	22	26	44	34	3	13	14	12	24	2
47	36	34	24	8	12	2	14	25	8	28	36	30	1	27	31	22	29	0	10	21	5	43	12	24	2
47	36	34	24	8	12	2	14	25	8	28	36	30	1	27	31	22	31	39	20	23	39	46	12	24	2
47	36	34	24	8	12	2	14	25	8	28	36	30	1	27	31	22	33	10	27	8	30	21	12	24	2
47	36	34	24	8	12	2	14	25	8	28	36	30	1	27	31	22	35	25	10	20	42	36	12	24	2
47	36	34	24	8	12	2	14	25	8	28	36	30	1	27	31	22	39	26	38	11	40	45	12	24	2
47	36	34	24	8	12	2	14	25	8	28	36	30	1	27	31	22	40	2	5	10	1	36	12	24	2
47	36	34	24	8	12	2	14	25	8	28	36	30	1	27	31	22	45	7	38	16	7	4	12	24	2
47	36	34	24	8	12	2	14	25	8	28	36	30	1	27	31	22	45	45	19	10	40	43	12	24	2
47	36	34	24	8	12	2	14	25	8	28	36	30	1	27	31	22	46	17	30	1	42	35	12	24	2
47	36	34	24	8	12	3	8	25	14	28	36	30	1	27	31	22	10	32	42	21	28	12	12	24	2
47	36	34	24	8	12	3	8	25	14	28	36	30	1	27	31	22	11	16	7	29	1	23	12	24	2
47	36	34	24	8	12	3	8	25	14	28	36	30	1	27	31	22	19	6	18	11	16	42	12	24	2
47	36	34	24	8	12	3	8	25	14	28	36	30	1	27	31	22	19	16	21	3	31	5	12	24	2
47	36	34	24	8	12	3	8	25	14	28	36	30	1	27	31	22	20	9	7	2	46	30	12	24	2
47	36	34	24	8	12	3	8	25	14	28	36	30	1	27	31	22	20	10	0	15	1	17	12	24	2
47	36	34	24	8	12	3	8	25	14	28	36	30	1	27	31	22	26	44	34	3	13	14	12	24	2
47	36	34	24	8	12	3	8	25	14	28	36	30	1	27	31	22	29	0	10	21	5	43	12	24	2
47	36	34	24	8	12	3	8	25	14	28	36	30	1	27	31	22	31	39	20	23	39	46	12	24	2
47	36	34	24	8	12	3	8	25	14	28	36	30	1	27	31	22	33	10	27	8	30	21	12	24	2
47	36	34	24	8	12	3	8	25	14	28	36	30	1	27	31	22	35	25	10	20	42	36	12	24	2
47	36	34	24	8	12	3	8	25	14	28	36	30	1	27	31	22	39	26	38	11	40	45	12	24	2
47	36	34	24	8	12	3	8	25	14	28	36	30	1	27	31	22	40	2	5	10	1	36	12	24	2
47	36	34	24	8	12	3	8	25	14	28	36	30	1	27	31	22	45	7	38	16	7	4	12	24	2
47	36	34	24	8	12	3	8	25	14	28	36	30	1	27	31	22	45	45	19	10	40	43	12	24	2
47	36	34	24	8	12	3	8	25	14	28	36	30	1	27	31	22	46	17	30	1	42	35	12	24	2
47	36	34	24	39	35	1	33	39	22	19	25	31	42	18	0	1	2	0	15	28	31	7	12	24	2
47	36	34	24	39	35	1	33	39	22	19	25	31	42	18	0	1	3	2	19	17	40	42	12	24	2
47	36	34	24	39	35	1	33	39	22	19	25	31	42	18	0	1	14	40	41	30	44	6	12	24	2
47	36	34	24	39	35	1	33	39	22	19	25	31	42	18	0	1	19	36	24	18	40	45	12	24	2
47	36	34	24	39	35	1	33	39	22	19	25	31	42	18	0	1	22	5	7	29	5	12	12	24	2
47	36	34	24	39	35	1	33	39	22	19	25	31	42	18	0	1	25	25	27	20	24	29	12	24	2
47	36	34	24	39	35	1	33	39	22	19	25	31	42	18	0	1	26	43	40	30	3	7	12	24	2
47	36	34	24	39	35	1	33	39	22	19	25	31	42	18	0	1	32	38	24	35	7	31	12	24	2
47	36	34	24	39	35	1	33	39	22	19	25	31	42	18	0	1	42	41	25	14	18	8	12	24	2
47	36	34	24	39	35	1	33	39	22	19	25	31	42	18	0	1	46	46	45	35	21	40	12	24	2
47	36	34	24	39	35	2	33	22	39	19	25	31	42	18	0	1	2	0	15	28	31	7	12	24	2
47	36	34	24	39	35	2	33	22	39	19	25	31	42	18	0	1	3	2	19	17	40	42	12	24	2
47	36	34	24	39	35	2	33	22	39	19	25	31	42	18	0	1	14	40	41	30	44	6	12	24	2
47	36	34	24	39	35	2	33	22	39	19	25	31	42	18	0	1	19	36	24	18	40	45	12	24	2
47	36	34	24	39	35	2	33	22	39	19	25	31	42	18	0	1	22	5	7	29	5	12	12	24	2
47	36	34	24	39	35	2	33	22	39	19	25	31	42	18	0	1	25	25	27	20	24	29	12	24	2
47	36	34	24	39	35	2	33	22	39	19	25	31	42	18	0	1	26	43	40	30	3	7	12	24	2
47	36	34	24	39	35	2	33	22	39	19	25	31	42	18	0	1	32	38	24	35	7	31	12	24	2
47	36	34	24	39	35	2	33	22	39	19	25	31	42	18	0	1	42	41	25	14	18	8	12	24	2
47	36	34	24	39	35	2	33	22	39	19	25	31	42	18	0	1	46	46	45	35	21	40	12	24	2
47	36	34	24	39	35	3	39	22	33	19	25	31	42	18	0	1	2	0	15	28	31	7	12	24	2
47	36	34	24	39	35	3	39	22	33	19	25	31	42	18	0	1	3	2	19	17	40	42	12	24	2
47	36	34	24	39	35	3	39	22	33	19	25	31	42	18	0	1	14	40	41	30	44	6	12	24	2
47	36	34	24	39	35	3	39	22	33	19	25	31	42	18	0	1	19	36	24	18	40	45	12	24	2
47	36	34	24	39	35	3	39	22	33	19	25	31	42	18	0	1	22	5	7	29	5	12	12	24	2
47	36	34	24	39	35	3	39	22	33	19	25	31	42	18	0	1	25	25	27	20	24	29	12	24	2
47	36	34	24	39	35	3	39	22	33	19	25	31	42	18	0	1	26	43	40	30	3	7	12	24	2
47	36	34	24	39	35	3	39	22	33	19	25	31	42	18	0	1	32	38	24	35	7	31	12	24	2
47	36	34	24	39	35	3	39	22	33	19	25	31	42	18	0	1	42	41	25	14	18	8	12	24	2
47	36	34	24	39	35	3	39	22	33	19	25	31	42	18	0	1	46	46	45	35	21	40	12	24	2
47	36	43	31	25	4	1	12	30	26	27	32	4	38	32	41	25	7	14	9	29	43	39	12	24	2
47	36	43	31	25	4	1	12	30	26	27	32	4	38	32	41	25	12	22	5	10	9	20	12	24	2
47	36	43	31	25	4	1	12	30	26	27	32	4	38	32	41	25	13	31	4	21	13	33	12	24	2
47	36	43	31	25	4	1	12	30	26	27	32	4	38	32	41	25	15	9	22	21	42	28	12	24	2
47	36	43	31	25	4	1	12	30	26	27	32	4	38	32	41	25	18	42	23	33	11	44	12	24	2
47	36	43	31	25	4	1	12	30	26	27	32	4	38	32	41	25	20	32	29	8	40	36	12	24	2
47	36	43	31	25	4	1	12	30	26	27	32	4	38	32	41	25	37	4	24	41	25	5	12	24	2
47	36	43	31	25	4	1	12	30	26	27	32	4	38	32	41	25	43	25	23	9	35	35	12	24	2
47	36	43	31	25	4	1	12	30	26	27	32	4	38	32	41	25	44	29	38	6	37	20	12	24	2
47	36	43	31	25	4	1	12	30	26	27	32	4	38	32	41	25	46	31	11	9	23	6	12	24	2
47	36	43	31	25	4	2	12	26	30	27	32	4	38	32	41	25	7	14	9	29	43	39	12	24	2
47	36	43	31	25	4	2	12	26	30	27	32	4	38	32	41	25	12	22	5	10	9	20	12	24	2
47	36	43	31	25	4	2	12	26	30	27	32	4	38	32	41	25	13	31	4	21	13	33	12	24	2
47	36	43	31	25	4	2	12	26	30	27	32	4	38	32	41	25	15	9	22	21	42	28	12	24	2
47	36	43	31	25	4	2	12	26	30	27	32	4	38	32	41	25	18	42	23	33	11	44	12	24	2
47	36	43	31	25	4	2	12	26	30	27	32	4	38	32	41	25	20	32	29	8	40	36	12	24	2
47	36	43	31	25	4	2	12	26	30	27	32	4	38	32	41	25	37	4	24	41	25	5	12	24	2
47	36	43	31	25	4	2	12	26	30	27	32	4	38	32	41	25	43	25	23	9	35	35	12	24	2
47	36	43	31	25	4	2	12	26	30	27	32	4	38	32	41	25	44	29	38	6	37	20	12	24	2
47	36	43	31	25	4	2	12	26	30	27	32	4	38	32	41	25	46	31	11	9	23	6	12	24	2
47	36	43	31	25	4	3	30	26	12	27	32	4	38	32	41	25	7	14	9	29	43	39	12	24	2
47	36	43	31	25	4	3	30	26	12	27	32	4	38	32	41	25	12	22	5	10	9	20	12	24	2
47	36	43	31	25	4	3	30	26	12	27	32	4	38	32	41	25	13	31	4	21	13	33	12	24	2
47	36	43	31	25	4	3	30	26	12	27	32	4	38	32	41	25	15	9	22	21	42	28	12	24	2
47	36	43	31	25	4	3	30	26	12	27	32	4	38	32	41	25	18	42	23	33	11	44	12	24	2
47	36	43	31	25	4	3	30	26	12	27	32	4	38	32	41	25	20	32	29	8	40	36	12	24	2
47	36	43	31	25	4	3	30	26	12	27	32	4	38	32	41	25	37	4	24	41	25	5	12	24	2
47	36	43	31	25	4	3	30	26	12	27	32	4	38	32	41	25	43	25	23	9	35	35	12	24	2
47	36	43	31	25	4	3	30	26	12	27	32	4	38	32	41	25	44	29	38	6	37	20	12	24	2
47	36	43	31	25	4	3	30	26	12	27	32	4	38	32	41	25	46	31	11	9	23	6	12	24	2
47	36	43	31	22	43	1	35	17	21	20	4	32	6	25	31	26	2	31	36	28	14	32	12	24	2
47	36	43	31	22	43	1	35	17	21	20	4	32	6	25	31	26	8	20	11	39	23	10	12	24	2
47	36	43	31	22	43	1	35	17	21	20	4	32	6	25	31	26	12	17	16	34	19	42	12	24	2
47	36	43	31	22	43	1	35	17	21	20	4	32	6	25	31	26	15	24	7	28	27	2	12	24	2
47	36	43	31	22	43	1	35	17	21	20	4	32	6	25	31	26	22	36	31	42	32	46	12	24	2
47	36	43	31	22	43	1	35	17	21	20	4	32	6	25	31	26	23	10	28	40	43	0	12	24	2
47	36	43	31	22	43	1	35	17	21	20	4	32	6	25	31	26	23	12	24	20	4	0	12	24	2
47	36	43	31	22	43	1	35	17	21	20	4	32	6	25	31	26	25	31	13	41	3	16	12	24	2
47	36	43	31	22	43	1	35	17	21	20	4	32	6	25	31	26	28	42	39	42	11	44	12	24	2
47	36	43	31	22	43	1	35	17	21	20	4	32	6	25	31	26	30	11	40	23	44	39	12	24	2
47	36	43	31	22	43	1	35	17	21	20	4	32	6	25	31	26	35	29	20	18	12	22	12	24	2
47	36	43	31	22	43	1	35	17	21	20	4	32	6	25	31	26	36	15	43	9	12	13	12	24	2
47	36	43	31	22	43	1	35	17	21	20	4	32	6	25	31	26	38	27	38	45	35	32	12	24	2
47	36	43	31	22	43	1	35	17	21	20	4	32	6	25	31	26	43	5	12	23	13	46	12	24	2
47	36	43	31	22	43	1	35	17	21	20	4	32	6	25	31	26	43	12	22	21	34	1	12	24	2
47	36	43	31	22	43	1	35	17	21	20	4	32	6	25	31	26	44	34	36	45	33	4	12	24	2
47	36	43	31	22	43	2	35	21	17	20	4	32	6	25	31	26	2	31	36	28	14	32	12	24	2
47	36	43	31	22	43	2	35	21	17	20	4	32	6	25	31	26	8	20	11	39	23	10	12	24	2
47	36	43	31	22	43	2	35	21	17	20	4	32	6	25	31	26	12	17	16	34	19	42	12	24	2
47	36	43	31	22	43	2	35	21	17	20	4	32	6	25	31	26	15	24	7	28	27	2	12	24	2
47	36	43	31	22	43	2	35	21	17	20	4	32	6	25	31	26	22	36	31	42	32	46	12	24	2
47	36	43	31	22	43	2	35	21	17	20	4	32	6	25	31	26	23	10	28	40	43	0	12	24	2
47	36	43	31	22	43	2	35	21	17	20	4	32	6	25	31	26	23	12	24	20	4	0	12	24	2
47	36	43	31	22	43	2	35	21	17	20	4	32	6	25	31	26	25	31	13	41	3	16	12	24	2
47	36	43	31	22	43	2	35	21	17	20	4	32	6	25	31	26	28	42	39	42	11	44	12	24	2
47	36	43	31	22	43	2	35	21	17	20	4	32	6	25	31	26	30	11	40	23	44	39	12	24	2
47	36	43	31	22	43	2	35	21	17	20	4	32	6	25	31	26	35	29	20	18	12	22	12	24	2
47	36	43	31	22	43	2	35	21	17	20	4	32	6	25	31	26	36	15	43	9	12	13	12	24	2
47	36	43	31	22	43	2	35	21	17	20	4	32	6	25	31	26	38	27	38	45	35	32	12	24	2
47	36	43	31	22	43	2	35	21	17	20	4	32	6	25	31	26	43	5	12	23	13	46	12	24	2
47	36	43	31	22	43	2	35	21	17	20	4	32	6	25	31	26	43	12	22	21	34	1	12	24	2
47	36	43	31	22	43	2	35	21	17	20	4	32	6	25	31	26	44	34	36	45	33	4	12	24	2
47	36	43	31	22	43	3	17	21	35	20	4	32	6	25	31	26	2	31	36	28	14	32	12	24	2
47	36	43	31	22	43	3	17	21	35	20	4	32	6	25	31	26	8	20	11	39	23	10	12	24	2
47	36	43	31	22	43	3	17	21	35	20	4	32	6	25	31	26	12	17	16	34	19	42	12	24	2
47	36	43	31	22	43	3	17	21	35	20	4	32	6	25	31	26	15	24	7	28	27	2	12	24	2
47	36	43	31	22	43	3	17	21	35	20	4	32	6	25	31	26	22	36	31	42	32	46	12	24	2
47	36	43	31	22	43	3	17	21	35	20	4	32	6	25	31	26	23	10	28	40	43	0	12	24	2
47	36	43	31	22	43	3	17	21	35	20	4	32	6	25	31	26	23	12	24	20	4	0	12	24	2
47	36	43	31	22	43	3	17	21	35	20	4	32	6	25	31	26	25	31	13	41	3	16	12	24	2
47	36	43	31	22	43	3	17	21	35	20	4	32	6	25	31	26	28	42	39	42	11	44	12	24	2
47	36	43	31	22	43	3	17	21	35	20	4	32	6	25	31	26	30	11	40	23	44	39	12	24	2
47	36	43	31	22	43	3	17	21	35	20	4	32	6	25	31	26	35	29	20	18	12	22	12	24	2
47	36	43	31	22	43	3	17	21	35	20	4	32	6	25	31	26	36	15	43	9	12	13	12	24	2
47	36	43	31	22	43	3	17	21	35	20	4	32	6	25	31	26	38	27	38	45	35	32	12	24	2
47	36	43	31	22	43	3	17	21	35	20	4	32	6	25	31	26	43	5	12	23	13	46	12	24	2
47	36	43	31	22	43	3	17	21	35	20	4	32	6	25	31	26	43	12	22	21	34	1	12	24	2
47	36	43	31	22	43	3	17	21	35	20	4	32	6	25	31	26	44	34	36	45	33	4	12	24	2
47	37	29	41	9	12	1	36	46	31	14	32	41	23	3	35	21	2	9	10	2	12	22	12	24	2
47	37	29	41	9	12	1	36	46	31	14	32	41	23	3	35	21	6	43	18	6	26	6	12	24	2
47	37	29	41	9	12	1	36	46	31	14	32	41	23	3	35	21	8	27	38	4	1	43	12	24	2
47	37	29	41	9	12	1	36	46	31	14	32	41	23	3	35	21	11	33	11	29	38	12	12	24	2
47	37	29	41	9	12	1	36	46	31	14	32	41	23	3	35	21	13	16	8	33	30	32	12	24	2
47	37	29	41	9	12	1	36	46	31	14	32	41	23	3	35	21	18	46	34	4	8	32	12	24	2
47	37	29	41	9	12	1	36	46	31	14	32	41	23	3	35	21	20	12	44	45	14	7	12	24	2
47	37	29	41	9	12	1	36	46	31	14	32	41	23	3	35	21	24	17	20	12	19	9	12	24	2
47	37	29	41	9	12	1	36	46	31	14	32	41	23	3	35	21	34	10	6	6	28	46	12	24	2
47	37	29	41	9	12	1	36	46	31	14	32	41	23	3	35	21	38	31	33	35	43	32	12	24	2
47	37	29	41	9	12	2	36	31	46	14	32	41	23	3	35	21	2	9	10	2	12	22	12	24	2
47	37	29	41	9	12	2	36	31	46	14	32	41	23	3	35	21	6	43	18	6	26	6	12	24	2
47	37	29	41	9	12	2	36	31	46	14	32	41	23	3	35	21	8	27	38	4	1	43	12	24	2
47	37	29	41	9	12	2	36	31	46	14	32	41	23	3	35	21	11	33	11	29	38	12	12	24	2
47	37	29	41	9	12	2	36	31	46	14	32	41	23	3	35	21	13	16	8	33	30	32	12	24	2
47	37	29	41	9	12	2	36	31	46	14	32	41	23	3	35	21	18	46	34	4	8	32	12	24	2
47	37	29	41	9	12	2	36	31	46	14	32	41	23	3	35	21	20	12	44	45	14	7	12	24	2
47	37	29	41	9	12	2	36	31	46	14	32	41	23	3	35	21	24	17	20	12	19	9	12	24	2
47	37	29	41	9	12	2	36	31	46	14	32	41	23	3	35	21	34	10	6	6	28	46	12	24	2
47	37	29	41	9	12	2	36	31	46	14	32	41	23	3	35	21	38	31	33	35	43	32	12	24	2
47	37	29	41	9	12	3	46	31	36	14	32	41	23	3	35	21	2	9	10	2	12	22	12	24	2
47	37	29	41	9	12	3	46	31	36	14	32	41	23	3	35	21	6	43	18	6	26	6	12	24	2
47	37	29	41	9	12	3	46	31	36	14	32	41	23	3	35	21	8	27	38	4	1	43	12	24	2
47	37	29	41	9	12	3	46	31	36	14	32	41	23	3	35	21	11	33	11	29	38	12	12	24	2
47	37	29	41	9	12	3	46	31	36	14	32	41	23	3	35	21	13	16	8	33	30	32	12	24	2
47	37	29	41	9	12	3	46	31	36	14	32	41	23	3	35	21	18	46	34	4	8	32	12	24	2
47	37	29	41	9	12	3	46	31	36	14	32	41	23	3	35	21	20	12	44	45	14	7	12	24	2
47	37	29	41	9	12	3	46	31	36	14	32	41	23	3	35	21	24	17	20	12	19	9	12	24	2
47	37	29	41	9	12	3	46	31	36	14	32	41	23	3	35	21	34	10	6	6	28	46	12	24	2
47	37	29	41	9	12	3	46	31	36	14	32	41	23	3	35	21	38	31	33	35	43	32	12	24	2
47	37	29	41	38	35	1	11	1	16	33	12	5	32	8	43	38	1	35	27	16	19	40	12	24	2
47	37	29	41	38	35	1	11	1	16	33	12	5	32	8	43	38	2	32	26	13	40	43	12	24	2
47	37	29	41	38	35	1	11	1	16	33	12	5	32	8	43	38	5	33	16	40	23	35	12	24	2
47	37	29	41	38	35	1	11	1	16	33	12	5	32	8	43	38	6	11	25	25	45	24	12	24	2
47	37	29	41	38	35	1	11	1	16	33	12	5	32	8	43	38	7	24	41	13	22	15	12	24	2
47	37	29	41	38	35	1	11	1	16	33	12	5	32	8	43	38	9	43	17	38	44	37	12	24	2
47	37	29	41	38	35	1	11	1	16	33	12	5	32	8	43	38	11	6	28	3	29	17	12	24	2
47	37	29	41	38	35	1	11	1	16	33	12	5	32	8	43	38	13	38	16	10	24	3	12	24	2
47	37	29	41	38	35	1	11	1	16	33	12	5	32	8	43	38	15	0	9	6	24	11	12	24	2
47	37	29	41	38	35	1	11	1	16	33	12	5	32	8	43	38	16	24	13	38	32	14	12	24	2
47	37	29	41	38	35	1	11	1	16	33	12	5	32	8	43	38	16	43	23	8	15	33	12	24	2
47	37	29	41	38	35	1	11	1	16	33	12	5	32	8	43	38	18	39	12	4	41	24	12	24	2
47	37	29	41	38	35	1	11	1	16	33	12	5	32	8	43	38	21	2	17	19	14	0	12	24	2
47	37	29	41	38	35	1	11	1	16	33	12	5	32	8	43	38	21	15	40	26	33	0	12	24	2
47	37	29	41	38	35	1	11	1	16	33	12	5	32	8	43	38	35	46	12	25	42	8	12	24	2
47	37	29	41	38	35	1	11	1	16	33	12	5	32	8	43	38	45	45	11	16	38	26	12	24	2
47	37	29	41	38	35	2	11	16	1	33	12	5	32	8	43	38	1	35	27	16	19	40	12	24	2
47	37	29	41	38	35	2	11	16	1	33	12	5	32	8	43	38	2	32	26	13	40	43	12	24	2
47	37	29	41	38	35	2	11	16	1	33	12	5	32	8	43	38	5	33	16	40	23	35	12	24	2
47	37	29	41	38	35	2	11	16	1	33	12	5	32	8	43	38	6	11	25	25	45	24	12	24	2
47	37	29	41	38	35	2	11	16	1	33	12	5	32	8	43	38	7	24	41	13	22	15	12	24	2
47	37	29	41	38	35	2	11	16	1	33	12	5	32	8	43	38	9	43	17	38	44	37	12	24	2
47	37	29	41	38	35	2	11	16	1	33	12	5	32	8	43	38	11	6	28	3	29	17	12	24	2
47	37	29	41	38	35	2	11	16	1	33	12	5	32	8	43	38	13	38	16	10	24	3	12	24	2
47	37	29	41	38	35	2	11	16	1	33	12	5	32	8	43	38	15	0	9	6	24	11	12	24	2
47	37	29	41	38	35	2	11	16	1	33	12	5	32	8	43	38	16	24	13	38	32	14	12	24	2
47	37	29	41	38	35	2	11	16	1	33	12	5	32	8	43	38	16	43	23	8	15	33	12	24	2
47	37	29	41	38	35	2	11	16	1	33	12	5	32	8	43	38	18	39	12	4	41	24	12	24	2
47	37	29	41	38	35	2	11	16	1	33	12	5	32	8	43	38	21	2	17	19	14	0	12	24	2
47	37	29	41	38	35	2	11	16	1	33	12	5	32	8	43	38	21	15	40	26	33	0	12	24	2
47	37	29	41	38	35	2	11	16	1	33	12	5	32	8	43	38	35	46	12	25	42	8	12	24	2
47	37	29	41	38	35	2	11	16	1	33	12	5	32	8	43	38	45	45	11	16	38	26	12	24	2
47	37	29	41	38	35	3	1	16	11	33	12	5	32	8	43	38	1	35	27	16	19	40	12	24	2
47	37	29	41	38	35	3	1	16	11	33	12	5	32	8	43	38	2	32	26	13	40	43	12	24	2
47	37	29	41	38	35	3	1	16	11	33	12	5	32	8	43	38	5	33	16	40	23	35	12	24	2
47	37	29	41	38	35	3	1	16	11	33	12	5	32	8	43	38	6	11	25	25	45	24	12	24	2
47	37	29	41	38	35	3	1	16	11	33	12	5	32	8	43	38	7	24	41	13	22	15	12	24	2
47	37	29	41	38	35	3	1	16	11	33	12	5	32	8	43	38	9	43	17	38	44	37	12	24	2
47	37	29	41	38	35	3	1	16	11	33	12	5	32	8	43	38	11	6	28	3	29	17	12	24	2
47	37	29	41	38	35	3	1	16	11	33	12	5	32	8	43	38	13	38	16	10	24	3	12	24	2
47	37	29	41	38	35	3	1	16	11	33	12	5	32	8	43	38	15	0	9	6	24	11	12	24	2
47	37	29	41	38	35	3	1	16	11	33	12	5	32	8	43	38	16	24	13	38	32	14	12	24	2
47	37	29	41	38	35	3	1	16	11	33	12	5	32	8	43	38	16	43	23	8	15	33	12	24	2
47	37	29	41	38	35	3	1	16	11	33	12	5	32	8	43	38	18	39	12	4	41	24	12	24	2
47	37	29	41	38	35	3	1	16	11	33	12	5	32	8	43	38	21	2	17	19	14	0	12	24	2
47	37	29	41	38	35	3	1	16	11	33	12	5	32	8	43	38	21	15	40	26	33	0	12	24	2
47	37	29	41	38	35	3	1	16	11	33	12	5	32	8	43	38	35	46	12	25	42	8	12	24	2
47	37	29	41	38	35	3	1	16	11	33	12	5	32	8	43	38	45	45	11	16	38	26	12	24	2
47	37	41	29	9	12	1	36	31	46	14	32	41	23	3	35	21	2	9	10	2	12	22	12	24	2
47	37	41	29	9	12	1	36	31	46	14	32	41	23	3	35	21	6	43	18	6	26	6	12	24	2
47	37	41	29	9	12	1	36	31	46	14	32	41	23	3	35	21	8	27	38	4	1	43	12	24	2
47	37	41	29	9	12	1	36	31	46	14	32	41	23	3	35	21	11	33	11	29	38	12	12	24	2
47	37	41	29	9	12	1	36	31	46	14	32	41	23	3	35	21	13	16	8	33	30	32	12	24	2
47	37	41	29	9	12	1	36	31	46	14	32	41	23	3	35	21	18	46	34	4	8	32	12	24	2
47	37	41	29	9	12	1	36	31	46	14	32	41	23	3	35	21	20	12	44	45	14	7	12	24	2
47	37	41	29	9	12	1	36	31	46	14	32	41	23	3	35	21	24	17	20	12	19	9	12	24	2
47	37	41	29	9	12	1	36	31	46	14	32	41	23	3	35	21	34	10	6	6	28	46	12	24	2
47	37	41	29	9	12	1	36	31	46	14	32	41	23	3	35	21	38	31	33	35	43	32	12	24	2
47	37	41	29	9	12	2	36	46	31	14	32	41	23	3	35	21	2	9	10	2	12	22	12	24	2
47	37	41	29	9	12	2	36	46	31	14	32	41	23	3	35	21	6	43	18	6	26	6	12	24	2
47	37	41	29	9	12	2	36	46	31	14	32	41	23	3	35	21	8	27	38	4	1	43	12	24	2
47	37	41	29	9	12	2	36	46	31	14	32	41	23	3	35	21	11	33	11	29	38	12	12	24	2
47	37	41	29	9	12	2	36	46	31	14	32	41	23	3	35	21	13	16	8	33	30	32	12	24	2
47	37	41	29	9	12	2	36	46	31	14	32	41	23	3	35	21	18	46	34	4	8	32	12	24	2
47	37	41	29	9	12	2	36	46	31	14	32	41	23	3	35	21	20	12	44	45	14	7	12	24	2
47	37	41	29	9	12	2	36	46	31	14	32	41	23	3	35	21	24	17	20	12	19	9	12	24	2
47	37	41	29	9	12	2	36	46	31	14	32	41	23	3	35	21	34	10	6	6	28	46	12	24	2
47	37	41	29	9	12	2	36	46	31	14	32	41	23	3	35	21	38	31	33	35	43	32	12	24	2
47	37	41	29	9	12	3	31	46	36	14	32	41	23	3	35	21	2	9	10	2	12	22	12	24	2
47	37	41	29	9	12	3	31	46	36	14	32	41	23	3	35	21	6	43	18	6	26	6	12	24	2
47	37	41	29	9	12	3	31	46	36	14	32	41	23	3	35	21	8	27	38	4	1	43	12	24	2
47	37	41	29	9	12	3	31	46	36	14	32	41	23	3	35	21	11	33	11	29	38	12	12	24	2
47	37	41	29	9	12	3	31	46	36	14	32	41	23	3	35	21	13	16	8	33	30	32	12	24	2
47	37	41	29	9	12	3	31	46	36	14	32	41	23	3	35	21	18	46	34	4	8	32	12	24	2
47	37	41	29	9	12	3	31	46	36	14	32	41	23	3	35	21	20	12	44	45	14	7	12	24	2
47	37	41	29	9	12	3	31	46	36	14	32	41	23	3	35	21	24	17	20	12	19	9	12	24	2
47	37	41	29	9	12	3	31	46	36	14	32	41	23	3	35	21	34	10	6	6	28	46	12	24	2
47	37	41	29	9	12	3	31	46	36	14	32	41	23	3	35	21	38	31	33	35	43	32	12	24	2
47	37	41	29	38	35	1	11	16	1	33	12	5	32	8	43	38	1	35	27	16	19	40	12	24	2
47	37	41	29	38	35	1	11	16	1	33	12	5	32	8	43	38	2	32	26	13	40	43	12	24	2
47	37	41	29	38	35	1	11	16	1	33	12	5	32	8	43	38	5	33	16	40	23	35	12	24	2
47	37	41	29	38	35	1	11	16	1	33	12	5	32	8	43	38	6	11	25	25	45	24	12	24	2
47	37	41	29	38	35	1	11	16	1	33	12	5	32	8	43	38	7	24	41	13	22	15	12	24	2
47	37	41	29	38	35	1	11	16	1	33	12	5	32	8	43	38	9	43	17	38	44	37	12	24	2
47	37	41	29	38	35	1	11	16	1	33	12	5	32	8	43	38	11	6	28	3	29	17	12	24	2
47	37	41	29	38	35	1	11	16	1	33	12	5	32	8	43	38	13	38	16	10	24	3	12	24	2
47	37	41	29	38	35	1	11	16	1	33	12	5	32	8	43	38	15	0	9	6	24	11	12	24	2
47	37	41	29	38	35	1	11	16	1	33	12	5	32	8	43	38	16	24	13	38	32	14	12	24	2
47	37	41	29	38	35	1	11	16	1	33	12	5	32	8	43	38	16	43	23	8	15	33	12	24	2
47	37	41	29	38	35	1	11	16	1	33	12	5	32	8	43	38	18	39	12	4	41	24	12	24	2
47	37	41	29	38	35	1	11	16	1	33	12	5	32	8	43	38	21	2	17	19	14	0	12	24	2
47	37	41	29	38	35	1	11	16	1	33	12	5	32	8	43	38	21	15	40	26	33	0	12	24	2
47	37	41	29	38	35	1	11	16	1	33	12	5	32	8	43	38	35	46	12	25	42	8	12	24	2
47	37	41	29	38	35	1	11	16	1	33	12	5	32	8	43	38	45	45	11	16	38	26	12	24	2
47	37	41	29	38	35	2	11	1	16	33	12	5	32	8	43	38	1	35	27	16	19	40	12	24	2
47	37	41	29	38	35	2	11	1	16	33	12	5	32	8	43	38	2	32	26	13	40	43	12	24	2
47	37	41	29	38	35	2	11	1	16	33	12	5	32	8	43	38	5	33	16	40	23	35	12	24	2
47	37	41	29	38	35	2	11	1	16	33	12	5	32	8	43	38	6	11	25	25	45	24	12	24	2
47	37	41	29	38	35	2	11	1	16	33	12	5	32	8	43	38	7	24	41	13	22	15	12	24	2
47	37	41	29	38	35	2	11	1	16	33	12	5	32	8	43	38	9	43	17	38	44	37	12	24	2
47	37	41	29	38	35	2	11	1	16	33	12	5	32	8	43	38	11	6	28	3	29	17	12	24	2
47	37	41	29	38	35	2	11	1	16	33	12	5	32	8	43	38	13	38	16	10	24	3	12	24	2
47	37	41	29	38	35	2	11	1	16	33	12	5	32	8	43	38	15	0	9	6	24	11	12	24	2
47	37	41	29	38	35	2	11	1	16	33	12	5	32	8	43	38	16	24	13	38	32	14	12	24	2
47	37	41	29	38	35	2	11	1	16	33	12	5	32	8	43	38	16	43	23	8	15	33	12	24	2
47	37	41	29	38	35	2	11	1	16	33	12	5	32	8	43	38	18	39	12	4	41	24	12	24	2
47	37	41	29	38	35	2	11	1	16	33	12	5	32	8	43	38	21	2	17	19	14	0	12	24	2
47	37	41	29	38	35	2	11	1	16	33	12	5	32	8	43	38	21	15	40	26	33	0	12	24	2
47	37	41	29	38	35	2	11	1	16	33	12	5	32	8	43	38	35	46	12	25	42	8	12	24	2
47	37	41	29	38	35	2	11	1	16	33	12	5	32	8	43	38	45	45	11	16	38	26	12	24	2
47	37	41	29	38	35	3	16	1	11	33	12	5	32	8	43	38	1	35	27	16	19	40	12	24	2
47	37	41	29	38	35	3	16	1	11	33	12	5	32	8	43	38	2	32	26	13	40	43	12	24	2
47	37	41	29	38	35	3	16	1	11	33	12	5	32	8	43	38	5	33	16	40	23	35	12	24	2
47	37	41	29	38	35	3	16	1	11	33	12	5	32	8	43	38	6	11	25	25	45	24	12	24	2
47	37	41	29	38	35	3	16	1	11	33	12	5	32	8	43	38	7	24	41	13	22	15	12	24	2
47	37	41	29	38	35	3	16	1	11	33	12	5	32	8	43	38	9	43	17	38	44	37	12	24	2
47	37	41	29	38	35	3	16	1	11	33	12	5	32	8	43	38	11	6	28	3	29	17	12	24	2
47	37	41	29	38	35	3	16	1	11	33	12	5	32	8	43	38	13	38	16	10	24	3	12	24	2
47	37	41	29	38	35	3	16	1	11	33	12	5	32	8	43	38	15	0	9	6	24	11	12	24	2
47	37	41	29	38	35	3	16	1	11	33	12	5	32	8	43	38	16	24	13	38	32	14	12	24	2
47	37	41	29	38	35	3	16	1	11	33	12	5	32	8	43	38	16	43	23	8	15	33	12	24	2
47	37	41	29	38	35	3	16	1	11	33	12	5	32	8	43	38	18	39	12	4	41	24	12	24	2
47	37	41	29	38	35	3	16	1	11	33	12	5	32	8	43	38	21	2	17	19	14	0	12	24	2
47	37	41	29	38	35	3	16	1	11	33	12	5	32	8	43	38	21	15	40	26	33	0	12	24	2
47	37	41	29	38	35	3	16	1	11	33	12	5	32	8	43	38	35	46	12	25	42	8	12	24	2
47	37	41	29	38	35	3	16	1	11	33	12	5	32	8	43	38	45	45	11	16	38	26	12	24	2
47	39	13	14	12	9	1	31	26	28	25	1	25	25	17	45	26	2	13	13	11	5	19	12	24	2
47	39	13	14	12	9	1	31	26	28	25	1	25	25	17	45	26	2	20	40	17	42	28	12	24	2
47	39	13	14	12	9	1	31	26	28	25	1	25	25	17	45	26	4	6	36	43	45	24	12	24	2
47	39	13	14	12	9	1	31	26	28	25	1	25	25	17	45	26	7	22	7	34	43	26	12	24	2
47	39	13	14	12	9	1	31	26	28	25	1	25	25	17	45	26	10	39	3	28	8	30	12	24	2
47	39	13	14	12	9	1	31	26	28	25	1	25	25	17	45	26	12	5	1	32	21	6	12	24	2
47	39	13	14	12	9	1	31	26	28	25	1	25	25	17	45	26	13	15	27	14	43	35	12	24	2
47	39	13	14	12	9	1	31	26	28	25	1	25	25	17	45	26	14	11	17	43	20	0	12	24	2
47	39	13	14	12	9	1	31	26	28	25	1	25	25	17	45	26	14	20	21	11	27	0	12	24	2
47	39	13	14	12	9	1	31	26	28	25	1	25	25	17	45	26	18	25	26	22	25	32	12	24	2
47	39	13	14	12	9	1	31	26	28	25	1	25	25	17	45	26	20	17	10	23	0	20	12	24	2
47	39	13	14	12	9	1	31	26	28	25	1	25	25	17	45	26	23	2	30	32	9	37	12	24	2
47	39	13	14	12	9	1	31	26	28	25	1	25	25	17	45	26	37	25	6	45	34	20	12	24	2
47	39	13	14	12	9	1	31	26	28	25	1	25	25	17	45	26	38	9	26	41	29	42	12	24	2
47	39	13	14	12	9	1	31	26	28	25	1	25	25	17	45	26	42	10	18	28	46	44	12	24	2
47	39	13	14	12	9	1	31	26	28	25	1	25	25	17	45	26	44	19	27	7	44	14	12	24	2
47	39	13	14	12	9	2	31	28	26	25	1	25	25	17	45	26	2	13	13	11	5	19	12	24	2
47	39	13	14	12	9	2	31	28	26	25	1	25	25	17	45	26	2	20	40	17	42	28	12	24	2
47	39	13	14	12	9	2	31	28	26	25	1	25	25	17	45	26	4	6	36	43	45	24	12	24	2
47	39	13	14	12	9	2	31	28	26	25	1	25	25	17	45	26	7	22	7	34	43	26	12	24	2
47	39	13	14	12	9	2	31	28	26	25	1	25	25	17	45	26	10	39	3	28	8	30	12	24	2
47	39	13	14	12	9	2	31	28	26	25	1	25	25	17	45	26	12	5	1	32	21	6	12	24	2
47	39	13	14	12	9	2	31	28	26	25	1	25	25	17	45	26	13	15	27	14	43	35	12	24	2
47	39	13	14	12	9	2	31	28	26	25	1	25	25	17	45	26	14	11	17	43	20	0	12	24	2
47	39	13	14	12	9	2	31	28	26	25	1	25	25	17	45	26	14	20	21	11	27	0	12	24	2
47	39	13	14	12	9	2	31	28	26	25	1	25	25	17	45	26	18	25	26	22	25	32	12	24	2
47	39	13	14	12	9	2	31	28	26	25	1	25	25	17	45	26	20	17	10	23	0	20	12	24	2
47	39	13	14	12	9	2	31	28	26	25	1	25	25	17	45	26	23	2	30	32	9	37	12	24	2
47	39	13	14	12	9	2	31	28	26	25	1	25	25	17	45	26	37	25	6	45	34	20	12	24	2
47	39	13	14	12	9	2	31	28	26	25	1	25	25	17	45	26	38	9	26	41	29	42	12	24	2
47	39	13	14	12	9	2	31	28	26	25	1	25	25	17	45	26	42	10	18	28	46	44	12	24	2
47	39	13	14	12	9	2	31	28	26	25	1	25	25	17	45	26	44	19	27	7	44	14	12	24	2
47	39	13	14	12	9	3	26	28	31	25	1	25	25	17	45	26	2	13	13	11	5	19	12	24	2
47	39	13	14	12	9	3	26	28	31	25	1	25	25	17	45	26	2	20	40	17	42	28	12	24	2
47	39	13	14	12	9	3	26	28	31	25	1	25	25	17	45	26	4	6	36	43	45	24	12	24	2
47	39	13	14	12	9	3	26	28	31	25	1	25	25	17	45	26	7	22	7	34	43	26	12	24	2
47	39	13	14	12	9	3	26	28	31	25	1	25	25	17	45	26	10	39	3	28	8	30	12	24	2
47	39	13	14	12	9	3	26	28	31	25	1	25	25	17	45	26	12	5	1	32	21	6	12	24	2
47	39	13	14	12	9	3	26	28	31	25	1	25	25	17	45	26	13	15	27	14	43	35	12	24	2
47	39	13	14	12	9	3	26	28	31	25	1	25	25	17	45	26	14	11	17	43	20	0	12	24	2
47	39	13	14	12	9	3	26	28	31	25	1	25	25	17	45	26	14	20	21	11	27	0	12	24	2
47	39	13	14	12	9	3	26	28	31	25	1	25	25	17	45	26	18	25	26	22	25	32	12	24	2
47	39	13	14	12	9	3	26	28	31	25	1	25	25	17	45	26	20	17	10	23	0	20	12	24	2
47	39	13	14	12	9	3	26	28	31	25	1	25	25	17	45	26	23	2	30	32	9	37	12	24	2
47	39	13	14	12	9	3	26	28	31	25	1	25	25	17	45	26	37	25	6	45	34	20	12	24	2
47	39	13	14	12	9	3	26	28	31	25	1	25	25	17	45	26	38	9	26	41	29	42	12	24	2
47	39	13	14	12	9	3	26	28	31	25	1	25	25	17	45	26	42	10	18	28	46	44	12	24	2
47	39	13	14	12	9	3	26	28	31	25	1	25	25	17	45	26	44	19	27	7	44	14	12	24	2
47	39	13	14	35	38	1	16	21	19	22	9	11	44	14	31	9	3	10	7	7	26	40	12	24	2
47	39	13	14	35	38	1	16	21	19	22	9	11	44	14	31	9	6	38	12	34	2	41	12	24	2
47	39	13	14	35	38	1	16	21	19	22	9	11	44	14	31	9	16	32	43	21	32	34	12	24	2
47	39	13	14	35	38	1	16	21	19	22	9	11	44	14	31	9	17	44	18	7	35	4	12	24	2
47	39	13	14	35	38	1	16	21	19	22	9	11	44	14	31	9	19	27	27	26	46	18	12	24	2
47	39	13	14	35	38	1	16	21	19	22	9	11	44	14	31	9	23	42	30	44	2	3	12	24	2
47	39	13	14	35	38	1	16	21	19	22	9	11	44	14	31	9	24	5	30	27	45	10	12	24	2
47	39	13	14	35	38	1	16	21	19	22	9	11	44	14	31	9	34	46	30	34	44	34	12	24	2
47	39	13	14	35	38	1	16	21	19	22	9	11	44	14	31	9	38	22	21	20	44	25	12	24	2
47	39	13	14	35	38	1	16	21	19	22	9	11	44	14	31	9	40	6	36	29	9	8	12	24	2
47	39	13	14	35	38	2	16	19	21	22	9	11	44	14	31	9	3	10	7	7	26	40	12	24	2
47	39	13	14	35	38	2	16	19	21	22	9	11	44	14	31	9	6	38	12	34	2	41	12	24	2
47	39	13	14	35	38	2	16	19	21	22	9	11	44	14	31	9	16	32	43	21	32	34	12	24	2
47	39	13	14	35	38	2	16	19	21	22	9	11	44	14	31	9	17	44	18	7	35	4	12	24	2
47	39	13	14	35	38	2	16	19	21	22	9	11	44	14	31	9	19	27	27	26	46	18	12	24	2
47	39	13	14	35	38	2	16	19	21	22	9	11	44	14	31	9	23	42	30	44	2	3	12	24	2
47	39	13	14	35	38	2	16	19	21	22	9	11	44	14	31	9	24	5	30	27	45	10	12	24	2
47	39	13	14	35	38	2	16	19	21	22	9	11	44	14	31	9	34	46	30	34	44	34	12	24	2
47	39	13	14	35	38	2	16	19	21	22	9	11	44	14	31	9	38	22	21	20	44	25	12	24	2
47	39	13	14	35	38	2	16	19	21	22	9	11	44	14	31	9	40	6	36	29	9	8	12	24	2
47	39	13	14	35	38	3	21	19	16	22	9	11	44	14	31	9	3	10	7	7	26	40	12	24	2
47	39	13	14	35	38	3	21	19	16	22	9	11	44	14	31	9	6	38	12	34	2	41	12	24	2
47	39	13	14	35	38	3	21	19	16	22	9	11	44	14	31	9	16	32	43	21	32	34	12	24	2
47	39	13	14	35	38	3	21	19	16	22	9	11	44	14	31	9	17	44	18	7	35	4	12	24	2
47	39	13	14	35	38	3	21	19	16	22	9	11	44	14	31	9	19	27	27	26	46	18	12	24	2
47	39	13	14	35	38	3	21	19	16	22	9	11	44	14	31	9	23	42	30	44	2	3	12	24	2
47	39	13	14	35	38	3	21	19	16	22	9	11	44	14	31	9	24	5	30	27	45	10	12	24	2
47	39	13	14	35	38	3	21	19	16	22	9	11	44	14	31	9	34	46	30	34	44	34	12	24	2
47	39	13	14	35	38	3	21	19	16	22	9	11	44	14	31	9	38	22	21	20	44	25	12	24	2
47	39	13	14	35	38	3	21	19	16	22	9	11	44	14	31	9	40	6	36	29	9	8	12	24	2
47	39	14	13	12	9	1	31	28	26	25	1	25	25	17	45	26	2	13	13	11	5	19	12	24	2
47	39	14	13	12	9	1	31	28	26	25	1	25	25	17	45	26	2	20	40	17	42	28	12	24	2
47	39	14	13	12	9	1	31	28	26	25	1	25	25	17	45	26	4	6	36	43	45	24	12	24	2
47	39	14	13	12	9	1	31	28	26	25	1	25	25	17	45	26	7	22	7	34	43	26	12	24	2
47	39	14	13	12	9	1	31	28	26	25	1	25	25	17	45	26	10	39	3	28	8	30	12	24	2
47	39	14	13	12	9	1	31	28	26	25	1	25	25	17	45	26	12	5	1	32	21	6	12	24	2
47	39	14	13	12	9	1	31	28	26	25	1	25	25	17	45	26	13	15	27	14	43	35	12	24	2
47	39	14	13	12	9	1	31	28	26	25	1	25	25	17	45	26	14	11	17	43	20	0	12	24	2
47	39	14	13	12	9	1	31	28	26	25	1	25	25	17	45	26	14	20	21	11	27	0	12	24	2
47	39	14	13	12	9	1	31	28	26	25	1	25	25	17	45	26	18	25	26	22	25	32	12	24	2
47	39	14	13	12	9	1	31	28	26	25	1	25	25	17	45	26	20	17	10	23	0	20	12	24	2
47	39	14	13	12	9	1	31	28	26	25	1	25	25	17	45	26	23	2	30	32	9	37	12	24	2
47	39	14	13	12	9	1	31	28	26	25	1	25	25	17	45	26	37	25	6	45	34	20	12	24	2
47	39	14	13	12	9	1	31	28	26	25	1	25	25	17	45	26	38	9	26	41	29	42	12	24	2
47	39	14	13	12	9	1	31	28	26	25	1	25	25	17	45	26	42	10	18	28	46	44	12	24	2
47	39	14	13	12	9	1	31	28	26	25	1	25	25	17	45	26	44	19	27	7	44	14	12	24	2
47	39	14	13	12	9	2	31	26	28	25	1	25	25	17	45	26	2	13	13	11	5	19	12	24	2
47	39	14	13	12	9	2	31	26	28	25	1	25	25	17	45	26	2	20	40	17	42	28	12	24	2
47	39	14	13	12	9	2	31	26	28	25	1	25	25	17	45	26	4	6	36	43	45	24	12	24	2
47	39	14	13	12	9	2	31	26	28	25	1	25	25	17	45	26	7	22	7	34	43	26	12	24	2
47	39	14	13	12	9	2	31	26	28	25	1	25	25	17	45	26	10	39	3	28	8	30	12	24	2
47	39	14	13	12	9	2	31	26	28	25	1	25	25	17	45	26	12	5	1	32	21	6	12	24	2
47	39	14	13	12	9	2	31	26	28	25	1	25	25	17	45	26	13	15	27	14	43	35	12	24	2
47	39	14	13	12	9	2	31	26	28	25	1	25	25	17	45	26	14	11	17	43	20	0	12	24	2
47	39	14	13	12	9	2	31	26	28	25	1	25	25	17	45	26	14	20	21	11	27	0	12	24	2
47	39	14	13	12	9	2	31	26	28	25	1	25	25	17	45	26	18	25	26	22	25	32	12	24	2
47	39	14	13	12	9	2	31	26	28	25	1	25	25	17	45	26	20	17	10	23	0	20	12	24	2
47	39	14	13	12	9	2	31	26	28	25	1	25	25	17	45	26	23	2	30	32	9	37	12	24	2
47	39	14	13	12	9	2	31	26	28	25	1	25	25	17	45	26	37	25	6	45	34	20	12	24	2
47	39	14	13	12	9	2	31	26	28	25	1	25	25	17	45	26	38	9	26	41	29	42	12	24	2
47	39	14	13	12	9	2	31	26	28	25	1	25	25	17	45	26	42	10	18	28	46	44	12	24	2
47	39	14	13	12	9	2	31	26	28	25	1	25	25	17	45	26	44	19	27	7	44	14	12	24	2
47	39	14	13	12	9	3	28	26	31	25	1	25	25	17	45	26	2	13	13	11	5	19	12	24	2
47	39	14	13	12	9	3	28	26	31	25	1	25	25	17	45	26	2	20	40	17	42	28	12	24	2
47	39	14	13	12	9	3	28	26	31	25	1	25	25	17	45	26	4	6	36	43	45	24	12	24	2
47	39	14	13	12	9	3	28	26	31	25	1	25	25	17	45	26	7	22	7	34	43	26	12	24	2
47	39	14	13	12	9	3	28	26	31	25	1	25	25	17	45	26	10	39	3	28	8	30	12	24	2
47	39	14	13	12	9	3	28	26	31	25	1	25	25	17	45	26	12	5	1	32	21	6	12	24	2
47	39	14	13	12	9	3	28	26	31	25	1	25	25	17	45	26	13	15	27	14	43	35	12	24	2
47	39	14	13	12	9	3	28	26	31	25	1	25	25	17	45	26	14	11	17	43	20	0	12	24	2
47	39	14	13	12	9	3	28	26	31	25	1	25	25	17	45	26	14	20	21	11	27	0	12	24	2
47	39	14	13	12	9	3	28	26	31	25	1	25	25	17	45	26	18	25	26	22	25	32	12	24	2
47	39	14	13	12	9	3	28	26	31	25	1	25	25	17	45	26	20	17	10	23	0	20	12	24	2
47	39	14	13	12	9	3	28	26	31	25	1	25	25	17	45	26	23	2	30	32	9	37	12	24	2
47	39	14	13	12	9	3	28	26	31	25	1	25	25	17	45	26	37	25	6	45	34	20	12	24	2
47	39	14	13	12	9	3	28	26	31	25	1	25	25	17	45	26	38	9	26	41	29	42	12	24	2
47	39	14	13	12	9	3	28	26	31	25	1	25	25	17	45	26	42	10	18	28	46	44	12	24	2
47	39	14	13	12	9	3	28	26	31	25	1	25	25	17	45	26	44	19	27	7	44	14	12	24	2
47	39	14	13	35	38	1	16	19	21	22	9	11	44	14	31	9	3	10	7	7	26	40	12	24	2
47	39	14	13	35	38	1	16	19	21	22	9	11	44	14	31	9	6	38	12	34	2	41	12	24	2
47	39	14	13	35	38	1	16	19	21	22	9	11	44	14	31	9	16	32	43	21	32	34	12	24	2
47	39	14	13	35	38	1	16	19	21	22	9	11	44	14	31	9	17	44	18	7	35	4	12	24	2
47	39	14	13	35	38	1	16	19	21	22	9	11	44	14	31	9	19	27	27	26	46	18	12	24	2
47	39	14	13	35	38	1	16	19	21	22	9	11	44	14	31	9	23	42	30	44	2	3	12	24	2
47	39	14	13	35	38	1	16	19	21	22	9	11	44	14	31	9	24	5	30	27	45	10	12	24	2
47	39	14	13	35	38	1	16	19	21	22	9	11	44	14	31	9	34	46	30	34	44	34	12	24	2
47	39	14	13	35	38	1	16	19	21	22	9	11	44	14	31	9	38	22	21	20	44	25	12	24	2
47	39	14	13	35	38	1	16	19	21	22	9	11	44	14	31	9	40	6	36	29	9	8	12	24	2
47	39	14	13	35	38	2	16	21	19	22	9	11	44	14	31	9	3	10	7	7	26	40	12	24	2
47	39	14	13	35	38	2	16	21	19	22	9	11	44	14	31	9	6	38	12	34	2	41	12	24	2
47	39	14	13	35	38	2	16	21	19	22	9	11	44	14	31	9	16	32	43	21	32	34	12	24	2
47	39	14	13	35	38	2	16	21	19	22	9	11	44	14	31	9	17	44	18	7	35	4	12	24	2
47	39	14	13	35	38	2	16	21	19	22	9	11	44	14	31	9	19	27	27	26	46	18	12	24	2
47	39	14	13	35	38	2	16	21	19	22	9	11	44	14	31	9	23	42	30	44	2	3	12	24	2
47	39	14	13	35	38	2	16	21	19	22	9	11	44	14	31	9	24	5	30	27	45	10	12	24	2
47	39	14	13	35	38	2	16	21	19	22	9	11	44	14	31	9	34	46	30	34	44	34	12	24	2
47	39	14	13	35	38	2	16	21	19	22	9	11	44	14	31	9	38	22	21	20	44	25	12	24	2
47	39	14	13	35	38	2	16	21	19	22	9	11	44	14	31	9	40	6	36	29	9	8	12	24	2
47	39	14	13	35	38	3	19	21	16	22	9	11	44	14	31	9	3	10	7	7	26	40	12	24	2
47	39	14	13	35	38	3	19	21	16	22	9	11	44	14	31	9	6	38	12	34	2	41	12	24	2
47	39	14	13	35	38	3	19	21	16	22	9	11	44	14	31	9	16	32	43	21	32	34	12	24	2
47	39	14	13	35	38	3	19	21	16	22	9	11	44	14	31	9	17	44	18	7	35	4	12	24	2
47	39	14	13	35	38	3	19	21	16	22	9	11	44	14	31	9	19	27	27	26	46	18	12	24	2
47	39	14	13	35	38	3	19	21	16	22	9	11	44	14	31	9	23	42	30	44	2	3	12	24	2
47	39	14	13	35	38	3	19	21	16	22	9	11	44	14	31	9	24	5	30	27	45	10	12	24	2
47	39	14	13	35	38	3	19	21	16	22	9	11	44	14	31	9	34	46	30	34	44	34	12	24	2
47	39	14	13	35	38	3	19	21	16	22	9	11	44	14	31	9	38	22	21	20	44	25	12	24	2
47	39	14	13	35	38	3	19	21	16	22	9	11	44	14	31	9	40	6	36	29	9	8	12	24	2
47	40	13	16	1	42	1	20	30	8	21	2	32	6	25	16	31	7	13	13	14	19	33	12	24	2
47	40	13	16	1	42	1	20	30	8	21	2	32	6	25	16	31	7	31	29	19	28	14	12	24	2
47	40	13	16	1	42	1	20	30	8	21	2	32	6	25	16	31	8	9	39	3	8	13	12	24	2
47	40	13	16	1	42	1	20	30	8	21	2	32	6	25	16	31	9	3	10	6	29	25	12	24	2
47	40	13	16	1	42	1	20	30	8	21	2	32	6	25	16	31	10	40	3	46	23	27	12	24	2
47	40	13	16	1	42	1	20	30	8	21	2	32	6	25	16	31	13	17	5	6	20	6	12	24	2
47	40	13	16	1	42	1	20	30	8	21	2	32	6	25	16	31	19	41	31	25	8	32	12	24	2
47	40	13	16	1	42	1	20	30	8	21	2	32	6	25	16	31	20	35	39	10	9	35	12	24	2
47	40	13	16	1	42	1	20	30	8	21	2	32	6	25	16	31	26	18	12	46	35	33	12	24	2
47	40	13	16	1	42	1	20	30	8	21	2	32	6	25	16	31	29	30	3	28	7	4	12	24	2
47	40	13	16	1	42	1	20	30	8	21	2	32	6	25	16	31	31	21	6	14	19	20	12	24	2
47	40	13	16	1	42	1	20	30	8	21	2	32	6	25	16	31	32	22	29	9	19	43	12	24	2
47	40	13	16	1	42	1	20	30	8	21	2	32	6	25	16	31	33	14	46	10	6	1	12	24	2
47	40	13	16	1	42	1	20	30	8	21	2	32	6	25	16	31	41	0	18	35	45	45	12	24	2
47	40	13	16	1	42	1	20	30	8	21	2	32	6	25	16	31	42	45	25	44	17	22	12	24	2
47	40	13	16	1	42	1	20	30	8	21	2	32	6	25	16	31	45	26	31	40	39	9	12	24	2
47	40	13	16	1	42	2	20	8	30	21	2	32	6	25	16	31	7	13	13	14	19	33	12	24	2
47	40	13	16	1	42	2	20	8	30	21	2	32	6	25	16	31	7	31	29	19	28	14	12	24	2
47	40	13	16	1	42	2	20	8	30	21	2	32	6	25	16	31	8	9	39	3	8	13	12	24	2
47	40	13	16	1	42	2	20	8	30	21	2	32	6	25	16	31	9	3	10	6	29	25	12	24	2
47	40	13	16	1	42	2	20	8	30	21	2	32	6	25	16	31	10	40	3	46	23	27	12	24	2
47	40	13	16	1	42	2	20	8	30	21	2	32	6	25	16	31	13	17	5	6	20	6	12	24	2
47	40	13	16	1	42	2	20	8	30	21	2	32	6	25	16	31	19	41	31	25	8	32	12	24	2
47	40	13	16	1	42	2	20	8	30	21	2	32	6	25	16	31	20	35	39	10	9	35	12	24	2
47	40	13	16	1	42	2	20	8	30	21	2	32	6	25	16	31	26	18	12	46	35	33	12	24	2
47	40	13	16	1	42	2	20	8	30	21	2	32	6	25	16	31	29	30	3	28	7	4	12	24	2
47	40	13	16	1	42	2	20	8	30	21	2	32	6	25	16	31	31	21	6	14	19	20	12	24	2
47	40	13	16	1	42	2	20	8	30	21	2	32	6	25	16	31	32	22	29	9	19	43	12	24	2
47	40	13	16	1	42	2	20	8	30	21	2	32	6	25	16	31	33	14	46	10	6	1	12	24	2
47	40	13	16	1	42	2	20	8	30	21	2	32	6	25	16	31	41	0	18	35	45	45	12	24	2
47	40	13	16	1	42	2	20	8	30	21	2	32	6	25	16	31	42	45	25	44	17	22	12	24	2
47	40	13	16	1	42	2	20	8	30	21	2	32	6	25	16	31	45	26	31	40	39	9	12	24	2
47	40	13	16	1	42	3	30	8	20	21	2	32	6	25	16	31	7	13	13	14	19	33	12	24	2
47	40	13	16	1	42	3	30	8	20	21	2	32	6	25	16	31	7	31	29	19	28	14	12	24	2
47	40	13	16	1	42	3	30	8	20	21	2	32	6	25	16	31	8	9	39	3	8	13	12	24	2
47	40	13	16	1	42	3	30	8	20	21	2	32	6	25	16	31	9	3	10	6	29	25	12	24	2
47	40	13	16	1	42	3	30	8	20	21	2	32	6	25	16	31	10	40	3	46	23	27	12	24	2
47	40	13	16	1	42	3	30	8	20	21	2	32	6	25	16	31	13	17	5	6	20	6	12	24	2
47	40	13	16	1	42	3	30	8	20	21	2	32	6	25	16	31	19	41	31	25	8	32	12	24	2
47	40	13	16	1	42	3	30	8	20	21	2	32	6	25	16	31	20	35	39	10	9	35	12	24	2
47	40	13	16	1	42	3	30	8	20	21	2	32	6	25	16	31	26	18	12	46	35	33	12	24	2
47	40	13	16	1	42	3	30	8	20	21	2	32	6	25	16	31	29	30	3	28	7	4	12	24	2
47	40	13	16	1	42	3	30	8	20	21	2	32	6	25	16	31	31	21	6	14	19	20	12	24	2
47	40	13	16	1	42	3	30	8	20	21	2	32	6	25	16	31	32	22	29	9	19	43	12	24	2
47	40	13	16	1	42	3	30	8	20	21	2	32	6	25	16	31	33	14	46	10	6	1	12	24	2
47	40	13	16	1	42	3	30	8	20	21	2	32	6	25	16	31	41	0	18	35	45	45	12	24	2
47	40	13	16	1	42	3	30	8	20	21	2	32	6	25	16	31	42	45	25	44	17	22	12	24	2
47	40	13	16	1	42	3	30	8	20	21	2	32	6	25	16	31	45	26	31	40	39	9	12	24	2
47	40	13	16	46	5	1	27	17	39	26	12	14	35	9	27	2	5	1	44	40	37	15	12	24	2
47	40	13	16	46	5	1	27	17	39	26	12	14	35	9	27	2	8	7	18	36	27	7	12	24	2
47	40	13	16	46	5	1	27	17	39	26	12	14	35	9	27	2	11	2	27	35	34	28	12	24	2
47	40	13	16	46	5	1	27	17	39	26	12	14	35	9	27	2	12	37	40	39	45	37	12	24	2
47	40	13	16	46	5	1	27	17	39	26	12	14	35	9	27	2	15	18	7	35	26	32	12	24	2
47	40	13	16	46	5	1	27	17	39	26	12	14	35	9	27	2	16	7	34	18	43	20	12	24	2
47	40	13	16	46	5	1	27	17	39	26	12	14	35	9	27	2	18	42	45	33	10	1	12	24	2
47	40	13	16	46	5	1	27	17	39	26	12	14	35	9	27	2	21	22	34	36	10	32	12	24	2
47	40	13	16	46	5	1	27	17	39	26	12	14	35	9	27	2	24	8	8	18	34	31	12	24	2
47	40	13	16	46	5	1	27	17	39	26	12	14	35	9	27	2	31	43	25	34	31	4	12	24	2
47	40	13	16	46	5	1	27	17	39	26	12	14	35	9	27	2	32	23	45	13	31	19	12	24	2
47	40	13	16	46	5	1	27	17	39	26	12	14	35	9	27	2	35	24	31	40	38	44	12	24	2
47	40	13	16	46	5	1	27	17	39	26	12	14	35	9	27	2	37	32	15	41	8	13	12	24	2
47	40	13	16	46	5	1	27	17	39	26	12	14	35	9	27	2	38	36	28	21	11	0	12	24	2
47	40	13	16	46	5	1	27	17	39	26	12	14	35	9	27	2	38	40	38	4	36	0	12	24	2
47	40	13	16	46	5	1	27	17	39	26	12	14	35	9	27	2	39	15	27	8	13	35	12	24	2
47	40	13	16	46	5	2	27	39	17	26	12	14	35	9	27	2	5	1	44	40	37	15	12	24	2
47	40	13	16	46	5	2	27	39	17	26	12	14	35	9	27	2	8	7	18	36	27	7	12	24	2
47	40	13	16	46	5	2	27	39	17	26	12	14	35	9	27	2	11	2	27	35	34	28	12	24	2
47	40	13	16	46	5	2	27	39	17	26	12	14	35	9	27	2	12	37	40	39	45	37	12	24	2
47	40	13	16	46	5	2	27	39	17	26	12	14	35	9	27	2	15	18	7	35	26	32	12	24	2
47	40	13	16	46	5	2	27	39	17	26	12	14	35	9	27	2	16	7	34	18	43	20	12	24	2
47	40	13	16	46	5	2	27	39	17	26	12	14	35	9	27	2	18	42	45	33	10	1	12	24	2
47	40	13	16	46	5	2	27	39	17	26	12	14	35	9	27	2	21	22	34	36	10	32	12	24	2
47	40	13	16	46	5	2	27	39	17	26	12	14	35	9	27	2	24	8	8	18	34	31	12	24	2
47	40	13	16	46	5	2	27	39	17	26	12	14	35	9	27	2	31	43	25	34	31	4	12	24	2
47	40	13	16	46	5	2	27	39	17	26	12	14	35	9	27	2	32	23	45	13	31	19	12	24	2
47	40	13	16	46	5	2	27	39	17	26	12	14	35	9	27	2	35	24	31	40	38	44	12	24	2
47	40	13	16	46	5	2	27	39	17	26	12	14	35	9	27	2	37	32	15	41	8	13	12	24	2
47	40	13	16	46	5	2	27	39	17	26	12	14	35	9	27	2	38	36	28	21	11	0	12	24	2
47	40	13	16	46	5	2	27	39	17	26	12	14	35	9	27	2	38	40	38	4	36	0	12	24	2
47	40	13	16	46	5	2	27	39	17	26	12	14	35	9	27	2	39	15	27	8	13	35	12	24	2
47	40	13	16	46	5	3	17	39	27	26	12	14	35	9	27	2	5	1	44	40	37	15	12	24	2
47	40	13	16	46	5	3	17	39	27	26	12	14	35	9	27	2	8	7	18	36	27	7	12	24	2
47	40	13	16	46	5	3	17	39	27	26	12	14	35	9	27	2	11	2	27	35	34	28	12	24	2
47	40	13	16	46	5	3	17	39	27	26	12	14	35	9	27	2	12	37	40	39	45	37	12	24	2
47	40	13	16	46	5	3	17	39	27	26	12	14	35	9	27	2	15	18	7	35	26	32	12	24	2
47	40	13	16	46	5	3	17	39	27	26	12	14	35	9	27	2	16	7	34	18	43	20	12	24	2
47	40	13	16	46	5	3	17	39	27	26	12	14	35	9	27	2	18	42	45	33	10	1	12	24	2
47	40	13	16	46	5	3	17	39	27	26	12	14	35	9	27	2	21	22	34	36	10	32	12	24	2
47	40	13	16	46	5	3	17	39	27	26	12	14	35	9	27	2	24	8	8	18	34	31	12	24	2
47	40	13	16	46	5	3	17	39	27	26	12	14	35	9	27	2	31	43	25	34	31	4	12	24	2
47	40	13	16	46	5	3	17	39	27	26	12	14	35	9	27	2	32	23	45	13	31	19	12	24	2
47	40	13	16	46	5	3	17	39	27	26	12	14	35	9	27	2	35	24	31	40	38	44	12	24	2
47	40	13	16	46	5	3	17	39	27	26	12	14	35	9	27	2	37	32	15	41	8	13	12	24	2
47	40	13	16	46	5	3	17	39	27	26	12	14	35	9	27	2	38	36	28	21	11	0	12	24	2
47	40	13	16	46	5	3	17	39	27	26	12	14	35	9	27	2	38	40	38	4	36	0	12	24	2
47	40	13	16	46	5	3	17	39	27	26	12	14	35	9	27	2	39	15	27	8	13	35	12	24	2
47	40	16	13	1	42	1	20	8	30	21	2	32	6	25	16	31	7	13	13	14	19	33	12	24	2
47	40	16	13	1	42	1	20	8	30	21	2	32	6	25	16	31	7	31	29	19	28	14	12	24	2
47	40	16	13	1	42	1	20	8	30	21	2	32	6	25	16	31	8	9	39	3	8	13	12	24	2
47	40	16	13	1	42	1	20	8	30	21	2	32	6	25	16	31	9	3	10	6	29	25	12	24	2
47	40	16	13	1	42	1	20	8	30	21	2	32	6	25	16	31	10	40	3	46	23	27	12	24	2
47	40	16	13	1	42	1	20	8	30	21	2	32	6	25	16	31	13	17	5	6	20	6	12	24	2
47	40	16	13	1	42	1	20	8	30	21	2	32	6	25	16	31	19	41	31	25	8	32	12	24	2
47	40	16	13	1	42	1	20	8	30	21	2	32	6	25	16	31	20	35	39	10	9	35	12	24	2
47	40	16	13	1	42	1	20	8	30	21	2	32	6	25	16	31	26	18	12	46	35	33	12	24	2
47	40	16	13	1	42	1	20	8	30	21	2	32	6	25	16	31	29	30	3	28	7	4	12	24	2
47	40	16	13	1	42	1	20	8	30	21	2	32	6	25	16	31	31	21	6	14	19	20	12	24	2
47	40	16	13	1	42	1	20	8	30	21	2	32	6	25	16	31	32	22	29	9	19	43	12	24	2
47	40	16	13	1	42	1	20	8	30	21	2	32	6	25	16	31	33	14	46	10	6	1	12	24	2
47	40	16	13	1	42	1	20	8	30	21	2	32	6	25	16	31	41	0	18	35	45	45	12	24	2
47	40	16	13	1	42	1	20	8	30	21	2	32	6	25	16	31	42	45	25	44	17	22	12	24	2
47	40	16	13	1	42	1	20	8	30	21	2	32	6	25	16	31	45	26	31	40	39	9	12	24	2
47	40	16	13	1	42	2	20	30	8	21	2	32	6	25	16	31	7	13	13	14	19	33	12	24	2
47	40	16	13	1	42	2	20	30	8	21	2	32	6	25	16	31	7	31	29	19	28	14	12	24	2
47	40	16	13	1	42	2	20	30	8	21	2	32	6	25	16	31	8	9	39	3	8	13	12	24	2
47	40	16	13	1	42	2	20	30	8	21	2	32	6	25	16	31	9	3	10	6	29	25	12	24	2
47	40	16	13	1	42	2	20	30	8	21	2	32	6	25	16	31	10	40	3	46	23	27	12	24	2
47	40	16	13	1	42	2	20	30	8	21	2	32	6	25	16	31	13	17	5	6	20	6	12	24	2
47	40	16	13	1	42	2	20	30	8	21	2	32	6	25	16	31	19	41	31	25	8	32	12	24	2
47	40	16	13	1	42	2	20	30	8	21	2	32	6	25	16	31	20	35	39	10	9	35	12	24	2
47	40	16	13	1	42	2	20	30	8	21	2	32	6	25	16	31	26	18	12	46	35	33	12	24	2
47	40	16	13	1	42	2	20	30	8	21	2	32	6	25	16	31	29	30	3	28	7	4	12	24	2
47	40	16	13	1	42	2	20	30	8	21	2	32	6	25	16	31	31	21	6	14	19	20	12	24	2
47	40	16	13	1	42	2	20	30	8	21	2	32	6	25	16	31	32	22	29	9	19	43	12	24	2
47	40	16	13	1	42	2	20	30	8	21	2	32	6	25	16	31	33	14	46	10	6	1	12	24	2
47	40	16	13	1	42	2	20	30	8	21	2	32	6	25	16	31	41	0	18	35	45	45	12	24	2
47	40	16	13	1	42	2	20	30	8	21	2	32	6	25	16	31	42	45	25	44	17	22	12	24	2
47	40	16	13	1	42	2	20	30	8	21	2	32	6	25	16	31	45	26	31	40	39	9	12	24	2
47	40	16	13	1	42	3	8	30	20	21	2	32	6	25	16	31	7	13	13	14	19	33	12	24	2
47	40	16	13	1	42	3	8	30	20	21	2	32	6	25	16	31	7	31	29	19	28	14	12	24	2
47	40	16	13	1	42	3	8	30	20	21	2	32	6	25	16	31	8	9	39	3	8	13	12	24	2
47	40	16	13	1	42	3	8	30	20	21	2	32	6	25	16	31	9	3	10	6	29	25	12	24	2
47	40	16	13	1	42	3	8	30	20	21	2	32	6	25	16	31	10	40	3	46	23	27	12	24	2
47	40	16	13	1	42	3	8	30	20	21	2	32	6	25	16	31	13	17	5	6	20	6	12	24	2
47	40	16	13	1	42	3	8	30	20	21	2	32	6	25	16	31	19	41	31	25	8	32	12	24	2
47	40	16	13	1	42	3	8	30	20	21	2	32	6	25	16	31	20	35	39	10	9	35	12	24	2
47	40	16	13	1	42	3	8	30	20	21	2	32	6	25	16	31	26	18	12	46	35	33	12	24	2
47	40	16	13	1	42	3	8	30	20	21	2	32	6	25	16	31	29	30	3	28	7	4	12	24	2
47	40	16	13	1	42	3	8	30	20	21	2	32	6	25	16	31	31	21	6	14	19	20	12	24	2
47	40	16	13	1	42	3	8	30	20	21	2	32	6	25	16	31	32	22	29	9	19	43	12	24	2
47	40	16	13	1	42	3	8	30	20	21	2	32	6	25	16	31	33	14	46	10	6	1	12	24	2
47	40	16	13	1	42	3	8	30	20	21	2	32	6	25	16	31	41	0	18	35	45	45	12	24	2
47	40	16	13	1	42	3	8	30	20	21	2	32	6	25	16	31	42	45	25	44	17	22	12	24	2
47	40	16	13	1	42	3	8	30	20	21	2	32	6	25	16	31	45	26	31	40	39	9	12	24	2
47	40	16	13	46	5	1	27	39	17	26	12	14	35	9	27	2	5	1	44	40	37	15	12	24	2
47	40	16	13	46	5	1	27	39	17	26	12	14	35	9	27	2	8	7	18	36	27	7	12	24	2
47	40	16	13	46	5	1	27	39	17	26	12	14	35	9	27	2	11	2	27	35	34	28	12	24	2
47	40	16	13	46	5	1	27	39	17	26	12	14	35	9	27	2	12	37	40	39	45	37	12	24	2
47	40	16	13	46	5	1	27	39	17	26	12	14	35	9	27	2	15	18	7	35	26	32	12	24	2
47	40	16	13	46	5	1	27	39	17	26	12	14	35	9	27	2	16	7	34	18	43	20	12	24	2
47	40	16	13	46	5	1	27	39	17	26	12	14	35	9	27	2	18	42	45	33	10	1	12	24	2
47	40	16	13	46	5	1	27	39	17	26	12	14	35	9	27	2	21	22	34	36	10	32	12	24	2
47	40	16	13	46	5	1	27	39	17	26	12	14	35	9	27	2	24	8	8	18	34	31	12	24	2
47	40	16	13	46	5	1	27	39	17	26	12	14	35	9	27	2	31	43	25	34	31	4	12	24	2
47	40	16	13	46	5	1	27	39	17	26	12	14	35	9	27	2	32	23	45	13	31	19	12	24	2
47	40	16	13	46	5	1	27	39	17	26	12	14	35	9	27	2	35	24	31	40	38	44	12	24	2
47	40	16	13	46	5	1	27	39	17	26	12	14	35	9	27	2	37	32	15	41	8	13	12	24	2
47	40	16	13	46	5	1	27	39	17	26	12	14	35	9	27	2	38	36	28	21	11	0	12	24	2
47	40	16	13	46	5	1	27	39	17	26	12	14	35	9	27	2	38	40	38	4	36	0	12	24	2
47	40	16	13	46	5	1	27	39	17	26	12	14	35	9	27	2	39	15	27	8	13	35	12	24	2
47	40	16	13	46	5	2	27	17	39	26	12	14	35	9	27	2	5	1	44	40	37	15	12	24	2
47	40	16	13	46	5	2	27	17	39	26	12	14	35	9	27	2	8	7	18	36	27	7	12	24	2
47	40	16	13	46	5	2	27	17	39	26	12	14	35	9	27	2	11	2	27	35	34	28	12	24	2
47	40	16	13	46	5	2	27	17	39	26	12	14	35	9	27	2	12	37	40	39	45	37	12	24	2
47	40	16	13	46	5	2	27	17	39	26	12	14	35	9	27	2	15	18	7	35	26	32	12	24	2
47	40	16	13	46	5	2	27	17	39	26	12	14	35	9	27	2	16	7	34	18	43	20	12	24	2
47	40	16	13	46	5	2	27	17	39	26	12	14	35	9	27	2	18	42	45	33	10	1	12	24	2
47	40	16	13	46	5	2	27	17	39	26	12	14	35	9	27	2	21	22	34	36	10	32	12	24	2
47	40	16	13	46	5	2	27	17	39	26	12	14	35	9	27	2	24	8	8	18	34	31	12	24	2
47	40	16	13	46	5	2	27	17	39	26	12	14	35	9	27	2	31	43	25	34	31	4	12	24	2
47	40	16	13	46	5	2	27	17	39	26	12	14	35	9	27	2	32	23	45	13	31	19	12	24	2
47	40	16	13	46	5	2	27	17	39	26	12	14	35	9	27	2	35	24	31	40	38	44	12	24	2
47	40	16	13	46	5	2	27	17	39	26	12	14	35	9	27	2	37	32	15	41	8	13	12	24	2
47	40	16	13	46	5	2	27	17	39	26	12	14	35	9	27	2	38	36	28	21	11	0	12	24	2
47	40	16	13	46	5	2	27	17	39	26	12	14	35	9	27	2	38	40	38	4	36	0	12	24	2
47	40	16	13	46	5	2	27	17	39	26	12	14	35	9	27	2	39	15	27	8	13	35	12	24	2
47	40	16	13	46	5	3	39	17	27	26	12	14	35	9	27	2	5	1	44	40	37	15	12	24	2
47	40	16	13	46	5	3	39	17	27	26	12	14	35	9	27	2	8	7	18	36	27	7	12	24	2
47	40	16	13	46	5	3	39	17	27	26	12	14	35	9	27	2	11	2	27	35	34	28	12	24	2
47	40	16	13	46	5	3	39	17	27	26	12	14	35	9	27	2	12	37	40	39	45	37	12	24	2
47	40	16	13	46	5	3	39	17	27	26	12	14	35	9	27	2	15	18	7	35	26	32	12	24	2
47	40	16	13	46	5	3	39	17	27	26	12	14	35	9	27	2	16	7	34	18	43	20	12	24	2
47	40	16	13	46	5	3	39	17	27	26	12	14	35	9	27	2	18	42	45	33	10	1	12	24	2
47	40	16	13	46	5	3	39	17	27	26	12	14	35	9	27	2	21	22	34	36	10	32	12	24	2
47	40	16	13	46	5	3	39	17	27	26	12	14	35	9	27	2	24	8	8	18	34	31	12	24	2
47	40	16	13	46	5	3	39	17	27	26	12	14	35	9	27	2	31	43	25	34	31	4	12	24	2
47	40	16	13	46	5	3	39	17	27	26	12	14	35	9	27	2	32	23	45	13	31	19	12	24	2
47	40	16	13	46	5	3	39	17	27	26	12	14	35	9	27	2	35	24	31	40	38	44	12	24	2
47	40	16	13	46	5	3	39	17	27	26	12	14	35	9	27	2	37	32	15	41	8	13	12	24	2
47	40	16	13	46	5	3	39	17	27	26	12	14	35	9	27	2	38	36	28	21	11	0	12	24	2
47	40	16	13	46	5	3	39	17	27	26	12	14	35	9	27	2	38	40	38	4	36	0	12	24	2
47	40	16	13	46	5	3	39	17	27	26	12	14	35	9	27	2	39	15	27	8	13	35	12	24	2
47	41	29	37	9	12	1	31	46	36	14	32	41	23	3	35	21	2	9	10	2	12	22	12	24	2
47	41	29	37	9	12	1	31	46	36	14	32	41	23	3	35	21	6	43	18	6	26	6	12	24	2
47	41	29	37	9	12	1	31	46	36	14	32	41	23	3	35	21	8	27	38	4	1	43	12	24	2
47	41	29	37	9	12	1	31	46	36	14	32	41	23	3	35	21	11	33	11	29	38	12	12	24	2
47	41	29	37	9	12	1	31	46	36	14	32	41	23	3	35	21	13	16	8	33	30	32	12	24	2
47	41	29	37	9	12	1	31	46	36	14	32	41	23	3	35	21	18	46	34	4	8	32	12	24	2
47	41	29	37	9	12	1	31	46	36	14	32	41	23	3	35	21	20	12	44	45	14	7	12	24	2
47	41	29	37	9	12	1	31	46	36	14	32	41	23	3	35	21	24	17	20	12	19	9	12	24	2
47	41	29	37	9	12	1	31	46	36	14	32	41	23	3	35	21	34	10	6	6	28	46	12	24	2
47	41	29	37	9	12	1	31	46	36	14	32	41	23	3	35	21	38	31	33	35	43	32	12	24	2
47	41	29	37	9	12	2	31	36	46	14	32	41	23	3	35	21	2	9	10	2	12	22	12	24	2
47	41	29	37	9	12	2	31	36	46	14	32	41	23	3	35	21	6	43	18	6	26	6	12	24	2
47	41	29	37	9	12	2	31	36	46	14	32	41	23	3	35	21	8	27	38	4	1	43	12	24	2
47	41	29	37	9	12	2	31	36	46	14	32	41	23	3	35	21	11	33	11	29	38	12	12	24	2
47	41	29	37	9	12	2	31	36	46	14	32	41	23	3	35	21	13	16	8	33	30	32	12	24	2
47	41	29	37	9	12	2	31	36	46	14	32	41	23	3	35	21	18	46	34	4	8	32	12	24	2
47	41	29	37	9	12	2	31	36	46	14	32	41	23	3	35	21	20	12	44	45	14	7	12	24	2
47	41	29	37	9	12	2	31	36	46	14	32	41	23	3	35	21	24	17	20	12	19	9	12	24	2
47	41	29	37	9	12	2	31	36	46	14	32	41	23	3	35	21	34	10	6	6	28	46	12	24	2
47	41	29	37	9	12	2	31	36	46	14	32	41	23	3	35	21	38	31	33	35	43	32	12	24	2
47	41	29	37	9	12	3	46	36	31	14	32	41	23	3	35	21	2	9	10	2	12	22	12	24	2
47	41	29	37	9	12	3	46	36	31	14	32	41	23	3	35	21	6	43	18	6	26	6	12	24	2
47	41	29	37	9	12	3	46	36	31	14	32	41	23	3	35	21	8	27	38	4	1	43	12	24	2
47	41	29	37	9	12	3	46	36	31	14	32	41	23	3	35	21	11	33	11	29	38	12	12	24	2
47	41	29	37	9	12	3	46	36	31	14	32	41	23	3	35	21	13	16	8	33	30	32	12	24	2
47	41	29	37	9	12	3	46	36	31	14	32	41	23	3	35	21	18	46	34	4	8	32	12	24	2
47	41	29	37	9	12	3	46	36	31	14	32	41	23	3	35	21	20	12	44	45	14	7	12	24	2
47	41	29	37	9	12	3	46	36	31	14	32	41	23	3	35	21	24	17	20	12	19	9	12	24	2
47	41	29	37	9	12	3	46	36	31	14	32	41	23	3	35	21	34	10	6	6	28	46	12	24	2
47	41	29	37	9	12	3	46	36	31	14	32	41	23	3	35	21	38	31	33	35	43	32	12	24	2
47	41	29	37	38	35	1	16	1	11	33	12	5	32	8	43	38	1	35	27	16	19	40	12	24	2
47	41	29	37	38	35	1	16	1	11	33	12	5	32	8	43	38	2	32	26	13	40	43	12	24	2
47	41	29	37	38	35	1	16	1	11	33	12	5	32	8	43	38	5	33	16	40	23	35	12	24	2
47	41	29	37	38	35	1	16	1	11	33	12	5	32	8	43	38	6	11	25	25	45	24	12	24	2
47	41	29	37	38	35	1	16	1	11	33	12	5	32	8	43	38	7	24	41	13	22	15	12	24	2
47	41	29	37	38	35	1	16	1	11	33	12	5	32	8	43	38	9	43	17	38	44	37	12	24	2
47	41	29	37	38	35	1	16	1	11	33	12	5	32	8	43	38	11	6	28	3	29	17	12	24	2
47	41	29	37	38	35	1	16	1	11	33	12	5	32	8	43	38	13	38	16	10	24	3	12	24	2
47	41	29	37	38	35	1	16	1	11	33	12	5	32	8	43	38	15	0	9	6	24	11	12	24	2
47	41	29	37	38	35	1	16	1	11	33	12	5	32	8	43	38	16	24	13	38	32	14	12	24	2
47	41	29	37	38	35	1	16	1	11	33	12	5	32	8	43	38	16	43	23	8	15	33	12	24	2
47	41	29	37	38	35	1	16	1	11	33	12	5	32	8	43	38	18	39	12	4	41	24	12	24	2
47	41	29	37	38	35	1	16	1	11	33	12	5	32	8	43	38	21	2	17	19	14	0	12	24	2
47	41	29	37	38	35	1	16	1	11	33	12	5	32	8	43	38	21	15	40	26	33	0	12	24	2
47	41	29	37	38	35	1	16	1	11	33	12	5	32	8	43	38	35	46	12	25	42	8	12	24	2
47	41	29	37	38	35	1	16	1	11	33	12	5	32	8	43	38	45	45	11	16	38	26	12	24	2
47	41	29	37	38	35	2	16	11	1	33	12	5	32	8	43	38	1	35	27	16	19	40	12	24	2
47	41	29	37	38	35	2	16	11	1	33	12	5	32	8	43	38	2	32	26	13	40	43	12	24	2
47	41	29	37	38	35	2	16	11	1	33	12	5	32	8	43	38	5	33	16	40	23	35	12	24	2
47	41	29	37	38	35	2	16	11	1	33	12	5	32	8	43	38	6	11	25	25	45	24	12	24	2
47	41	29	37	38	35	2	16	11	1	33	12	5	32	8	43	38	7	24	41	13	22	15	12	24	2
47	41	29	37	38	35	2	16	11	1	33	12	5	32	8	43	38	9	43	17	38	44	37	12	24	2
47	41	29	37	38	35	2	16	11	1	33	12	5	32	8	43	38	11	6	28	3	29	17	12	24	2
47	41	29	37	38	35	2	16	11	1	33	12	5	32	8	43	38	13	38	16	10	24	3	12	24	2
47	41	29	37	38	35	2	16	11	1	33	12	5	32	8	43	38	15	0	9	6	24	11	12	24	2
47	41	29	37	38	35	2	16	11	1	33	12	5	32	8	43	38	16	24	13	38	32	14	12	24	2
47	41	29	37	38	35	2	16	11	1	33	12	5	32	8	43	38	16	43	23	8	15	33	12	24	2
47	41	29	37	38	35	2	16	11	1	33	12	5	32	8	43	38	18	39	12	4	41	24	12	24	2
47	41	29	37	38	35	2	16	11	1	33	12	5	32	8	43	38	21	2	17	19	14	0	12	24	2
47	41	29	37	38	35	2	16	11	1	33	12	5	32	8	43	38	21	15	40	26	33	0	12	24	2
47	41	29	37	38	35	2	16	11	1	33	12	5	32	8	43	38	35	46	12	25	42	8	12	24	2
47	41	29	37	38	35	2	16	11	1	33	12	5	32	8	43	38	45	45	11	16	38	26	12	24	2
47	41	29	37	38	35	3	1	11	16	33	12	5	32	8	43	38	1	35	27	16	19	40	12	24	2
47	41	29	37	38	35	3	1	11	16	33	12	5	32	8	43	38	2	32	26	13	40	43	12	24	2
47	41	29	37	38	35	3	1	11	16	33	12	5	32	8	43	38	5	33	16	40	23	35	12	24	2
47	41	29	37	38	35	3	1	11	16	33	12	5	32	8	43	38	6	11	25	25	45	24	12	24	2
47	41	29	37	38	35	3	1	11	16	33	12	5	32	8	43	38	7	24	41	13	22	15	12	24	2
47	41	29	37	38	35	3	1	11	16	33	12	5	32	8	43	38	9	43	17	38	44	37	12	24	2
47	41	29	37	38	35	3	1	11	16	33	12	5	32	8	43	38	11	6	28	3	29	17	12	24	2
47	41	29	37	38	35	3	1	11	16	33	12	5	32	8	43	38	13	38	16	10	24	3	12	24	2
47	41	29	37	38	35	3	1	11	16	33	12	5	32	8	43	38	15	0	9	6	24	11	12	24	2
47	41	29	37	38	35	3	1	11	16	33	12	5	32	8	43	38	16	24	13	38	32	14	12	24	2
47	41	29	37	38	35	3	1	11	16	33	12	5	32	8	43	38	16	43	23	8	15	33	12	24	2
47	41	29	37	38	35	3	1	11	16	33	12	5	32	8	43	38	18	39	12	4	41	24	12	24	2
47	41	29	37	38	35	3	1	11	16	33	12	5	32	8	43	38	21	2	17	19	14	0	12	24	2
47	41	29	37	38	35	3	1	11	16	33	12	5	32	8	43	38	21	15	40	26	33	0	12	24	2
47	41	29	37	38	35	3	1	11	16	33	12	5	32	8	43	38	35	46	12	25	42	8	12	24	2
47	41	29	37	38	35	3	1	11	16	33	12	5	32	8	43	38	45	45	11	16	38	26	12	24	2
47	41	37	29	9	12	1	31	36	46	14	32	41	23	3	35	21	2	9	10	2	12	22	12	24	2
47	41	37	29	9	12	1	31	36	46	14	32	41	23	3	35	21	6	43	18	6	26	6	12	24	2
47	41	37	29	9	12	1	31	36	46	14	32	41	23	3	35	21	8	27	38	4	1	43	12	24	2
47	41	37	29	9	12	1	31	36	46	14	32	41	23	3	35	21	11	33	11	29	38	12	12	24	2
47	41	37	29	9	12	1	31	36	46	14	32	41	23	3	35	21	13	16	8	33	30	32	12	24	2
47	41	37	29	9	12	1	31	36	46	14	32	41	23	3	35	21	18	46	34	4	8	32	12	24	2
47	41	37	29	9	12	1	31	36	46	14	32	41	23	3	35	21	20	12	44	45	14	7	12	24	2
47	41	37	29	9	12	1	31	36	46	14	32	41	23	3	35	21	24	17	20	12	19	9	12	24	2
47	41	37	29	9	12	1	31	36	46	14	32	41	23	3	35	21	34	10	6	6	28	46	12	24	2
47	41	37	29	9	12	1	31	36	46	14	32	41	23	3	35	21	38	31	33	35	43	32	12	24	2
47	41	37	29	9	12	2	31	46	36	14	32	41	23	3	35	21	2	9	10	2	12	22	12	24	2
47	41	37	29	9	12	2	31	46	36	14	32	41	23	3	35	21	6	43	18	6	26	6	12	24	2
47	41	37	29	9	12	2	31	46	36	14	32	41	23	3	35	21	8	27	38	4	1	43	12	24	2
47	41	37	29	9	12	2	31	46	36	14	32	41	23	3	35	21	11	33	11	29	38	12	12	24	2
47	41	37	29	9	12	2	31	46	36	14	32	41	23	3	35	21	13	16	8	33	30	32	12	24	2
47	41	37	29	9	12	2	31	46	36	14	32	41	23	3	35	21	18	46	34	4	8	32	12	24	2
47	41	37	29	9	12	2	31	46	36	14	32	41	23	3	35	21	20	12	44	45	14	7	12	24	2
47	41	37	29	9	12	2	31	46	36	14	32	41	23	3	35	21	24	17	20	12	19	9	12	24	2
47	41	37	29	9	12	2	31	46	36	14	32	41	23	3	35	21	34	10	6	6	28	46	12	24	2
47	41	37	29	9	12	2	31	46	36	14	32	41	23	3	35	21	38	31	33	35	43	32	12	24	2
47	41	37	29	9	12	3	36	46	31	14	32	41	23	3	35	21	2	9	10	2	12	22	12	24	2
47	41	37	29	9	12	3	36	46	31	14	32	41	23	3	35	21	6	43	18	6	26	6	12	24	2
47	41	37	29	9	12	3	36	46	31	14	32	41	23	3	35	21	8	27	38	4	1	43	12	24	2
47	41	37	29	9	12	3	36	46	31	14	32	41	23	3	35	21	11	33	11	29	38	12	12	24	2
47	41	37	29	9	12	3	36	46	31	14	32	41	23	3	35	21	13	16	8	33	30	32	12	24	2
47	41	37	29	9	12	3	36	46	31	14	32	41	23	3	35	21	18	46	34	4	8	32	12	24	2
47	41	37	29	9	12	3	36	46	31	14	32	41	23	3	35	21	20	12	44	45	14	7	12	24	2
47	41	37	29	9	12	3	36	46	31	14	32	41	23	3	35	21	24	17	20	12	19	9	12	24	2
47	41	37	29	9	12	3	36	46	31	14	32	41	23	3	35	21	34	10	6	6	28	46	12	24	2
47	41	37	29	9	12	3	36	46	31	14	32	41	23	3	35	21	38	31	33	35	43	32	12	24	2
47	41	37	29	38	35	1	16	11	1	33	12	5	32	8	43	38	1	35	27	16	19	40	12	24	2
47	41	37	29	38	35	1	16	11	1	33	12	5	32	8	43	38	2	32	26	13	40	43	12	24	2
47	41	37	29	38	35	1	16	11	1	33	12	5	32	8	43	38	5	33	16	40	23	35	12	24	2
47	41	37	29	38	35	1	16	11	1	33	12	5	32	8	43	38	6	11	25	25	45	24	12	24	2
47	41	37	29	38	35	1	16	11	1	33	12	5	32	8	43	38	7	24	41	13	22	15	12	24	2
47	41	37	29	38	35	1	16	11	1	33	12	5	32	8	43	38	9	43	17	38	44	37	12	24	2
47	41	37	29	38	35	1	16	11	1	33	12	5	32	8	43	38	11	6	28	3	29	17	12	24	2
47	41	37	29	38	35	1	16	11	1	33	12	5	32	8	43	38	13	38	16	10	24	3	12	24	2
47	41	37	29	38	35	1	16	11	1	33	12	5	32	8	43	38	15	0	9	6	24	11	12	24	2
47	41	37	29	38	35	1	16	11	1	33	12	5	32	8	43	38	16	24	13	38	32	14	12	24	2
47	41	37	29	38	35	1	16	11	1	33	12	5	32	8	43	38	16	43	23	8	15	33	12	24	2
47	41	37	29	38	35	1	16	11	1	33	12	5	32	8	43	38	18	39	12	4	41	24	12	24	2
47	41	37	29	38	35	1	16	11	1	33	12	5	32	8	43	38	21	2	17	19	14	0	12	24	2
47	41	37	29	38	35	1	16	11	1	33	12	5	32	8	43	38	21	15	40	26	33	0	12	24	2
47	41	37	29	38	35	1	16	11	1	33	12	5	32	8	43	38	35	46	12	25	42	8	12	24	2
47	41	37	29	38	35	1	16	11	1	33	12	5	32	8	43	38	45	45	11	16	38	26	12	24	2
47	41	37	29	38	35	2	16	1	11	33	12	5	32	8	43	38	1	35	27	16	19	40	12	24	2
47	41	37	29	38	35	2	16	1	11	33	12	5	32	8	43	38	2	32	26	13	40	43	12	24	2
47	41	37	29	38	35	2	16	1	11	33	12	5	32	8	43	38	5	33	16	40	23	35	12	24	2
47	41	37	29	38	35	2	16	1	11	33	12	5	32	8	43	38	6	11	25	25	45	24	12	24	2
47	41	37	29	38	35	2	16	1	11	33	12	5	32	8	43	38	7	24	41	13	22	15	12	24	2
47	41	37	29	38	35	2	16	1	11	33	12	5	32	8	43	38	9	43	17	38	44	37	12	24	2
47	41	37	29	38	35	2	16	1	11	33	12	5	32	8	43	38	11	6	28	3	29	17	12	24	2
47	41	37	29	38	35	2	16	1	11	33	12	5	32	8	43	38	13	38	16	10	24	3	12	24	2
47	41	37	29	38	35	2	16	1	11	33	12	5	32	8	43	38	15	0	9	6	24	11	12	24	2
47	41	37	29	38	35	2	16	1	11	33	12	5	32	8	43	38	16	24	13	38	32	14	12	24	2
47	41	37	29	38	35	2	16	1	11	33	12	5	32	8	43	38	16	43	23	8	15	33	12	24	2
47	41	37	29	38	35	2	16	1	11	33	12	5	32	8	43	38	18	39	12	4	41	24	12	24	2
47	41	37	29	38	35	2	16	1	11	33	12	5	32	8	43	38	21	2	17	19	14	0	12	24	2
47	41	37	29	38	35	2	16	1	11	33	12	5	32	8	43	38	21	15	40	26	33	0	12	24	2
47	41	37	29	38	35	2	16	1	11	33	12	5	32	8	43	38	35	46	12	25	42	8	12	24	2
47	41	37	29	38	35	2	16	1	11	33	12	5	32	8	43	38	45	45	11	16	38	26	12	24	2
47	41	37	29	38	35	3	11	1	16	33	12	5	32	8	43	38	1	35	27	16	19	40	12	24	2
47	41	37	29	38	35	3	11	1	16	33	12	5	32	8	43	38	2	32	26	13	40	43	12	24	2
47	41	37	29	38	35	3	11	1	16	33	12	5	32	8	43	38	5	33	16	40	23	35	12	24	2
47	41	37	29	38	35	3	11	1	16	33	12	5	32	8	43	38	6	11	25	25	45	24	12	24	2
47	41	37	29	38	35	3	11	1	16	33	12	5	32	8	43	38	7	24	41	13	22	15	12	24	2
47	41	37	29	38	35	3	11	1	16	33	12	5	32	8	43	38	9	43	17	38	44	37	12	24	2
47	41	37	29	38	35	3	11	1	16	33	12	5	32	8	43	38	11	6	28	3	29	17	12	24	2
47	41	37	29	38	35	3	11	1	16	33	12	5	32	8	43	38	13	38	16	10	24	3	12	24	2
47	41	37	29	38	35	3	11	1	16	33	12	5	32	8	43	38	15	0	9	6	24	11	12	24	2
47	41	37	29	38	35	3	11	1	16	33	12	5	32	8	43	38	16	24	13	38	32	14	12	24	2
47	41	37	29	38	35	3	11	1	16	33	12	5	32	8	43	38	16	43	23	8	15	33	12	24	2
47	41	37	29	38	35	3	11	1	16	33	12	5	32	8	43	38	18	39	12	4	41	24	12	24	2
47	41	37	29	38	35	3	11	1	16	33	12	5	32	8	43	38	21	2	17	19	14	0	12	24	2
47	41	37	29	38	35	3	11	1	16	33	12	5	32	8	43	38	21	15	40	26	33	0	12	24	2
47	41	37	29	38	35	3	11	1	16	33	12	5	32	8	43	38	35	46	12	25	42	8	12	24	2
47	41	37	29	38	35	3	11	1	16	33	12	5	32	8	43	38	45	45	11	16	38	26	12	24	2
47	43	11	16	25	4	1	30	35	21	27	43	19	43	34	42	26	3	44	10	32	7	46	12	24	2
47	43	11	16	25	4	1	30	35	21	27	43	19	43	34	42	26	5	42	28	25	20	14	12	24	2
47	43	11	16	25	4	1	30	35	21	27	43	19	43	34	42	26	6	36	19	43	4	4	12	24	2
47	43	11	16	25	4	1	30	35	21	27	43	19	43	34	42	26	10	43	3	4	31	2	12	24	2
47	43	11	16	25	4	1	30	35	21	27	43	19	43	34	42	26	11	17	11	39	4	16	12	24	2
47	43	11	16	25	4	1	30	35	21	27	43	19	43	34	42	26	12	26	0	29	2	3	12	24	2
47	43	11	16	25	4	1	30	35	21	27	43	19	43	34	42	26	17	30	7	1	16	19	12	24	2
47	43	11	16	25	4	1	30	35	21	27	43	19	43	34	42	26	18	14	37	41	1	35	12	24	2
47	43	11	16	25	4	1	30	35	21	27	43	19	43	34	42	26	19	22	25	7	32	35	12	24	2
47	43	11	16	25	4	1	30	35	21	27	43	19	43	34	42	26	21	38	41	45	2	26	12	24	2
47	43	11	16	25	4	1	30	35	21	27	43	19	43	34	42	26	23	15	13	1	11	28	12	24	2
47	43	11	16	25	4	1	30	35	21	27	43	19	43	34	42	26	25	4	37	12	46	41	12	24	2
47	43	11	16	25	4	1	30	35	21	27	43	19	43	34	42	26	28	39	2	27	36	6	12	24	2
47	43	11	16	25	4	1	30	35	21	27	43	19	43	34	42	26	33	46	32	35	9	35	12	24	2
47	43	11	16	25	4	1	30	35	21	27	43	19	43	34	42	26	40	33	35	13	43	10	12	24	2
47	43	11	16	25	4	1	30	35	21	27	43	19	43	34	42	26	43	7	30	23	43	17	12	24	2
47	43	11	16	25	4	2	30	21	35	27	43	19	43	34	42	26	3	44	10	32	7	46	12	24	2
47	43	11	16	25	4	2	30	21	35	27	43	19	43	34	42	26	5	42	28	25	20	14	12	24	2
47	43	11	16	25	4	2	30	21	35	27	43	19	43	34	42	26	6	36	19	43	4	4	12	24	2
47	43	11	16	25	4	2	30	21	35	27	43	19	43	34	42	26	10	43	3	4	31	2	12	24	2
47	43	11	16	25	4	2	30	21	35	27	43	19	43	34	42	26	11	17	11	39	4	16	12	24	2
47	43	11	16	25	4	2	30	21	35	27	43	19	43	34	42	26	12	26	0	29	2	3	12	24	2
47	43	11	16	25	4	2	30	21	35	27	43	19	43	34	42	26	17	30	7	1	16	19	12	24	2
47	43	11	16	25	4	2	30	21	35	27	43	19	43	34	42	26	18	14	37	41	1	35	12	24	2
47	43	11	16	25	4	2	30	21	35	27	43	19	43	34	42	26	19	22	25	7	32	35	12	24	2
47	43	11	16	25	4	2	30	21	35	27	43	19	43	34	42	26	21	38	41	45	2	26	12	24	2
47	43	11	16	25	4	2	30	21	35	27	43	19	43	34	42	26	23	15	13	1	11	28	12	24	2
47	43	11	16	25	4	2	30	21	35	27	43	19	43	34	42	26	25	4	37	12	46	41	12	24	2
47	43	11	16	25	4	2	30	21	35	27	43	19	43	34	42	26	28	39	2	27	36	6	12	24	2
47	43	11	16	25	4	2	30	21	35	27	43	19	43	34	42	26	33	46	32	35	9	35	12	24	2
47	43	11	16	25	4	2	30	21	35	27	43	19	43	34	42	26	40	33	35	13	43	10	12	24	2
47	43	11	16	25	4	2	30	21	35	27	43	19	43	34	42	26	43	7	30	23	43	17	12	24	2
47	43	11	16	25	4	3	35	21	30	27	43	19	43	34	42	26	3	44	10	32	7	46	12	24	2
47	43	11	16	25	4	3	35	21	30	27	43	19	43	34	42	26	5	42	28	25	20	14	12	24	2
47	43	11	16	25	4	3	35	21	30	27	43	19	43	34	42	26	6	36	19	43	4	4	12	24	2
47	43	11	16	25	4	3	35	21	30	27	43	19	43	34	42	26	10	43	3	4	31	2	12	24	2
47	43	11	16	25	4	3	35	21	30	27	43	19	43	34	42	26	11	17	11	39	4	16	12	24	2
47	43	11	16	25	4	3	35	21	30	27	43	19	43	34	42	26	12	26	0	29	2	3	12	24	2
47	43	11	16	25	4	3	35	21	30	27	43	19	43	34	42	26	17	30	7	1	16	19	12	24	2
47	43	11	16	25	4	3	35	21	30	27	43	19	43	34	42	26	18	14	37	41	1	35	12	24	2
47	43	11	16	25	4	3	35	21	30	27	43	19	43	34	42	26	19	22	25	7	32	35	12	24	2
47	43	11	16	25	4	3	35	21	30	27	43	19	43	34	42	26	21	38	41	45	2	26	12	24	2
47	43	11	16	25	4	3	35	21	30	27	43	19	43	34	42	26	23	15	13	1	11	28	12	24	2
47	43	11	16	25	4	3	35	21	30	27	43	19	43	34	42	26	25	4	37	12	46	41	12	24	2
47	43	11	16	25	4	3	35	21	30	27	43	19	43	34	42	26	28	39	2	27	36	6	12	24	2
47	43	11	16	25	4	3	35	21	30	27	43	19	43	34	42	26	33	46	32	35	9	35	12	24	2
47	43	11	16	25	4	3	35	21	30	27	43	19	43	34	42	26	40	33	35	13	43	10	12	24	2
47	43	11	16	25	4	3	35	21	30	27	43	19	43	34	42	26	43	7	30	23	43	17	12	24	2
47	43	11	16	22	43	1	17	12	26	20	21	3	5	18	23	36	4	23	42	2	0	5	12	24	2
47	43	11	16	22	43	1	17	12	26	20	21	3	5	18	23	36	5	44	0	23	17	7	12	24	2
47	43	11	16	22	43	1	17	12	26	20	21	3	5	18	23	36	6	7	3	39	31	15	12	24	2
47	43	11	16	22	43	1	17	12	26	20	21	3	5	18	23	36	13	36	15	29	34	21	12	24	2
47	43	11	16	22	43	1	17	12	26	20	21	3	5	18	23	36	27	2	39	24	31	34	12	24	2
47	43	11	16	22	43	1	17	12	26	20	21	3	5	18	23	36	32	16	43	44	30	33	12	24	2
47	43	11	16	22	43	1	17	12	26	20	21	3	5	18	23	36	33	37	17	12	24	19	12	24	2
47	43	11	16	22	43	1	17	12	26	20	21	3	5	18	23	36	35	41	42	7	17	36	12	24	2
47	43	11	16	22	43	1	17	12	26	20	21	3	5	18	23	36	38	20	20	27	29	29	12	24	2
47	43	11	16	22	43	1	17	12	26	20	21	3	5	18	23	36	46	9	40	4	14	25	12	24	2
47	43	11	16	22	43	2	17	26	12	20	21	3	5	18	23	36	4	23	42	2	0	5	12	24	2
47	43	11	16	22	43	2	17	26	12	20	21	3	5	18	23	36	5	44	0	23	17	7	12	24	2
47	43	11	16	22	43	2	17	26	12	20	21	3	5	18	23	36	6	7	3	39	31	15	12	24	2
47	43	11	16	22	43	2	17	26	12	20	21	3	5	18	23	36	13	36	15	29	34	21	12	24	2
47	43	11	16	22	43	2	17	26	12	20	21	3	5	18	23	36	27	2	39	24	31	34	12	24	2
47	43	11	16	22	43	2	17	26	12	20	21	3	5	18	23	36	32	16	43	44	30	33	12	24	2
47	43	11	16	22	43	2	17	26	12	20	21	3	5	18	23	36	33	37	17	12	24	19	12	24	2
47	43	11	16	22	43	2	17	26	12	20	21	3	5	18	23	36	35	41	42	7	17	36	12	24	2
47	43	11	16	22	43	2	17	26	12	20	21	3	5	18	23	36	38	20	20	27	29	29	12	24	2
47	43	11	16	22	43	2	17	26	12	20	21	3	5	18	23	36	46	9	40	4	14	25	12	24	2
47	43	11	16	22	43	3	12	26	17	20	21	3	5	18	23	36	4	23	42	2	0	5	12	24	2
47	43	11	16	22	43	3	12	26	17	20	21	3	5	18	23	36	5	44	0	23	17	7	12	24	2
47	43	11	16	22	43	3	12	26	17	20	21	3	5	18	23	36	6	7	3	39	31	15	12	24	2
47	43	11	16	22	43	3	12	26	17	20	21	3	5	18	23	36	13	36	15	29	34	21	12	24	2
47	43	11	16	22	43	3	12	26	17	20	21	3	5	18	23	36	27	2	39	24	31	34	12	24	2
47	43	11	16	22	43	3	12	26	17	20	21	3	5	18	23	36	32	16	43	44	30	33	12	24	2
47	43	11	16	22	43	3	12	26	17	20	21	3	5	18	23	36	33	37	17	12	24	19	12	24	2
47	43	11	16	22	43	3	12	26	17	20	21	3	5	18	23	36	35	41	42	7	17	36	12	24	2
47	43	11	16	22	43	3	12	26	17	20	21	3	5	18	23	36	38	20	20	27	29	29	12	24	2
47	43	11	16	22	43	3	12	26	17	20	21	3	5	18	23	36	46	9	40	4	14	25	12	24	2
47	43	16	11	25	4	1	30	21	35	27	43	19	43	34	42	26	3	44	10	32	7	46	12	24	2
47	43	16	11	25	4	1	30	21	35	27	43	19	43	34	42	26	5	42	28	25	20	14	12	24	2
47	43	16	11	25	4	1	30	21	35	27	43	19	43	34	42	26	6	36	19	43	4	4	12	24	2
47	43	16	11	25	4	1	30	21	35	27	43	19	43	34	42	26	10	43	3	4	31	2	12	24	2
47	43	16	11	25	4	1	30	21	35	27	43	19	43	34	42	26	11	17	11	39	4	16	12	24	2
47	43	16	11	25	4	1	30	21	35	27	43	19	43	34	42	26	12	26	0	29	2	3	12	24	2
47	43	16	11	25	4	1	30	21	35	27	43	19	43	34	42	26	17	30	7	1	16	19	12	24	2
47	43	16	11	25	4	1	30	21	35	27	43	19	43	34	42	26	18	14	37	41	1	35	12	24	2
47	43	16	11	25	4	1	30	21	35	27	43	19	43	34	42	26	19	22	25	7	32	35	12	24	2
47	43	16	11	25	4	1	30	21	35	27	43	19	43	34	42	26	21	38	41	45	2	26	12	24	2
47	43	16	11	25	4	1	30	21	35	27	43	19	43	34	42	26	23	15	13	1	11	28	12	24	2
47	43	16	11	25	4	1	30	21	35	27	43	19	43	34	42	26	25	4	37	12	46	41	12	24	2
47	43	16	11	25	4	1	30	21	35	27	43	19	43	34	42	26	28	39	2	27	36	6	12	24	2
47	43	16	11	25	4	1	30	21	35	27	43	19	43	34	42	26	33	46	32	35	9	35	12	24	2
47	43	16	11	25	4	1	30	21	35	27	43	19	43	34	42	26	40	33	35	13	43	10	12	24	2
47	43	16	11	25	4	1	30	21	35	27	43	19	43	34	42	26	43	7	30	23	43	17	12	24	2
47	43	16	11	25	4	2	30	35	21	27	43	19	43	34	42	26	3	44	10	32	7	46	12	24	2
47	43	16	11	25	4	2	30	35	21	27	43	19	43	34	42	26	5	42	28	25	20	14	12	24	2
47	43	16	11	25	4	2	30	35	21	27	43	19	43	34	42	26	6	36	19	43	4	4	12	24	2
47	43	16	11	25	4	2	30	35	21	27	43	19	43	34	42	26	10	43	3	4	31	2	12	24	2
47	43	16	11	25	4	2	30	35	21	27	43	19	43	34	42	26	11	17	11	39	4	16	12	24	2
47	43	16	11	25	4	2	30	35	21	27	43	19	43	34	42	26	12	26	0	29	2	3	12	24	2
47	43	16	11	25	4	2	30	35	21	27	43	19	43	34	42	26	17	30	7	1	16	19	12	24	2
47	43	16	11	25	4	2	30	35	21	27	43	19	43	34	42	26	18	14	37	41	1	35	12	24	2
47	43	16	11	25	4	2	30	35	21	27	43	19	43	34	42	26	19	22	25	7	32	35	12	24	2
47	43	16	11	25	4	2	30	35	21	27	43	19	43	34	42	26	21	38	41	45	2	26	12	24	2
47	43	16	11	25	4	2	30	35	21	27	43	19	43	34	42	26	23	15	13	1	11	28	12	24	2
47	43	16	11	25	4	2	30	35	21	27	43	19	43	34	42	26	25	4	37	12	46	41	12	24	2
47	43	16	11	25	4	2	30	35	21	27	43	19	43	34	42	26	28	39	2	27	36	6	12	24	2
47	43	16	11	25	4	2	30	35	21	27	43	19	43	34	42	26	33	46	32	35	9	35	12	24	2
47	43	16	11	25	4	2	30	35	21	27	43	19	43	34	42	26	40	33	35	13	43	10	12	24	2
47	43	16	11	25	4	2	30	35	21	27	43	19	43	34	42	26	43	7	30	23	43	17	12	24	2
47	43	16	11	25	4	3	21	35	30	27	43	19	43	34	42	26	3	44	10	32	7	46	12	24	2
47	43	16	11	25	4	3	21	35	30	27	43	19	43	34	42	26	5	42	28	25	20	14	12	24	2
47	43	16	11	25	4	3	21	35	30	27	43	19	43	34	42	26	6	36	19	43	4	4	12	24	2
47	43	16	11	25	4	3	21	35	30	27	43	19	43	34	42	26	10	43	3	4	31	2	12	24	2
47	43	16	11	25	4	3	21	35	30	27	43	19	43	34	42	26	11	17	11	39	4	16	12	24	2
47	43	16	11	25	4	3	21	35	30	27	43	19	43	34	42	26	12	26	0	29	2	3	12	24	2
47	43	16	11	25	4	3	21	35	30	27	43	19	43	34	42	26	17	30	7	1	16	19	12	24	2
47	43	16	11	25	4	3	21	35	30	27	43	19	43	34	42	26	18	14	37	41	1	35	12	24	2
47	43	16	11	25	4	3	21	35	30	27	43	19	43	34	42	26	19	22	25	7	32	35	12	24	2
47	43	16	11	25	4	3	21	35	30	27	43	19	43	34	42	26	21	38	41	45	2	26	12	24	2
47	43	16	11	25	4	3	21	35	30	27	43	19	43	34	42	26	23	15	13	1	11	28	12	24	2
47	43	16	11	25	4	3	21	35	30	27	43	19	43	34	42	26	25	4	37	12	46	41	12	24	2
47	43	16	11	25	4	3	21	35	30	27	43	19	43	34	42	26	28	39	2	27	36	6	12	24	2
47	43	16	11	25	4	3	21	35	30	27	43	19	43	34	42	26	33	46	32	35	9	35	12	24	2
47	43	16	11	25	4	3	21	35	30	27	43	19	43	34	42	26	40	33	35	13	43	10	12	24	2
47	43	16	11	25	4	3	21	35	30	27	43	19	43	34	42	26	43	7	30	23	43	17	12	24	2
47	43	16	11	22	43	1	17	26	12	20	21	3	5	18	23	36	4	23	42	2	0	5	12	24	2
47	43	16	11	22	43	1	17	26	12	20	21	3	5	18	23	36	5	44	0	23	17	7	12	24	2
47	43	16	11	22	43	1	17	26	12	20	21	3	5	18	23	36	6	7	3	39	31	15	12	24	2
47	43	16	11	22	43	1	17	26	12	20	21	3	5	18	23	36	13	36	15	29	34	21	12	24	2
47	43	16	11	22	43	1	17	26	12	20	21	3	5	18	23	36	27	2	39	24	31	34	12	24	2
47	43	16	11	22	43	1	17	26	12	20	21	3	5	18	23	36	32	16	43	44	30	33	12	24	2
47	43	16	11	22	43	1	17	26	12	20	21	3	5	18	23	36	33	37	17	12	24	19	12	24	2
47	43	16	11	22	43	1	17	26	12	20	21	3	5	18	23	36	35	41	42	7	17	36	12	24	2
47	43	16	11	22	43	1	17	26	12	20	21	3	5	18	23	36	38	20	20	27	29	29	12	24	2
47	43	16	11	22	43	1	17	26	12	20	21	3	5	18	23	36	46	9	40	4	14	25	12	24	2
47	43	16	11	22	43	2	17	12	26	20	21	3	5	18	23	36	4	23	42	2	0	5	12	24	2
47	43	16	11	22	43	2	17	12	26	20	21	3	5	18	23	36	5	44	0	23	17	7	12	24	2
47	43	16	11	22	43	2	17	12	26	20	21	3	5	18	23	36	6	7	3	39	31	15	12	24	2
47	43	16	11	22	43	2	17	12	26	20	21	3	5	18	23	36	13	36	15	29	34	21	12	24	2
47	43	16	11	22	43	2	17	12	26	20	21	3	5	18	23	36	27	2	39	24	31	34	12	24	2
47	43	16	11	22	43	2	17	12	26	20	21	3	5	18	23	36	32	16	43	44	30	33	12	24	2
47	43	16	11	22	43	2	17	12	26	20	21	3	5	18	23	36	33	37	17	12	24	19	12	24	2
47	43	16	11	22	43	2	17	12	26	20	21	3	5	18	23	36	35	41	42	7	17	36	12	24	2
47	43	16	11	22	43	2	17	12	26	20	21	3	5	18	23	36	38	20	20	27	29	29	12	24	2
47	43	16	11	22	43	2	17	12	26	20	21	3	5	18	23	36	46	9	40	4	14	25	12	24	2
47	43	16	11	22	43	3	26	12	17	20	21	3	5	18	23	36	4	23	42	2	0	5	12	24	2
47	43	16	11	22	43	3	26	12	17	20	21	3	5	18	23	36	5	44	0	23	17	7	12	24	2
47	43	16	11	22	43	3	26	12	17	20	21	3	5	18	23	36	6	7	3	39	31	15	12	24	2
47	43	16	11	22	43	3	26	12	17	20	21	3	5	18	23	36	13	36	15	29	34	21	12	24	2
47	43	16	11	22	43	3	26	12	17	20	21	3	5	18	23	36	27	2	39	24	31	34	12	24	2
47	43	16	11	22	43	3	26	12	17	20	21	3	5	18	23	36	32	16	43	44	30	33	12	24	2
47	43	16	11	22	43	3	26	12	17	20	21	3	5	18	23	36	33	37	17	12	24	19	12	24	2
47	43	16	11	22	43	3	26	12	17	20	21	3	5	18	23	36	35	41	42	7	17	36	12	24	2
47	43	16	11	22	43	3	26	12	17	20	21	3	5	18	23	36	38	20	20	27	29	29	12	24	2
47	43	16	11	22	43	3	26	12	17	20	21	3	5	18	23	36	46	9	40	4	14	25	12	24	2
47	43	31	36	25	4	1	30	26	12	27	32	4	38	32	41	25	7	14	9	29	43	39	12	24	2
47	43	31	36	25	4	1	30	26	12	27	32	4	38	32	41	25	12	22	5	10	9	20	12	24	2
47	43	31	36	25	4	1	30	26	12	27	32	4	38	32	41	25	13	31	4	21	13	33	12	24	2
47	43	31	36	25	4	1	30	26	12	27	32	4	38	32	41	25	15	9	22	21	42	28	12	24	2
47	43	31	36	25	4	1	30	26	12	27	32	4	38	32	41	25	18	42	23	33	11	44	12	24	2
47	43	31	36	25	4	1	30	26	12	27	32	4	38	32	41	25	20	32	29	8	40	36	12	24	2
47	43	31	36	25	4	1	30	26	12	27	32	4	38	32	41	25	37	4	24	41	25	5	12	24	2
47	43	31	36	25	4	1	30	26	12	27	32	4	38	32	41	25	43	25	23	9	35	35	12	24	2
47	43	31	36	25	4	1	30	26	12	27	32	4	38	32	41	25	44	29	38	6	37	20	12	24	2
47	43	31	36	25	4	1	30	26	12	27	32	4	38	32	41	25	46	31	11	9	23	6	12	24	2
47	43	31	36	25	4	2	30	12	26	27	32	4	38	32	41	25	7	14	9	29	43	39	12	24	2
47	43	31	36	25	4	2	30	12	26	27	32	4	38	32	41	25	12	22	5	10	9	20	12	24	2
47	43	31	36	25	4	2	30	12	26	27	32	4	38	32	41	25	13	31	4	21	13	33	12	24	2
47	43	31	36	25	4	2	30	12	26	27	32	4	38	32	41	25	15	9	22	21	42	28	12	24	2
47	43	31	36	25	4	2	30	12	26	27	32	4	38	32	41	25	18	42	23	33	11	44	12	24	2
47	43	31	36	25	4	2	30	12	26	27	32	4	38	32	41	25	20	32	29	8	40	36	12	24	2
47	43	31	36	25	4	2	30	12	26	27	32	4	38	32	41	25	37	4	24	41	25	5	12	24	2
47	43	31	36	25	4	2	30	12	26	27	32	4	38	32	41	25	43	25	23	9	35	35	12	24	2
47	43	31	36	25	4	2	30	12	26	27	32	4	38	32	41	25	44	29	38	6	37	20	12	24	2
47	43	31	36	25	4	2	30	12	26	27	32	4	38	32	41	25	46	31	11	9	23	6	12	24	2
47	43	31	36	25	4	3	26	12	30	27	32	4	38	32	41	25	7	14	9	29	43	39	12	24	2
47	43	31	36	25	4	3	26	12	30	27	32	4	38	32	41	25	12	22	5	10	9	20	12	24	2
47	43	31	36	25	4	3	26	12	30	27	32	4	38	32	41	25	13	31	4	21	13	33	12	24	2
47	43	31	36	25	4	3	26	12	30	27	32	4	38	32	41	25	15	9	22	21	42	28	12	24	2
47	43	31	36	25	4	3	26	12	30	27	32	4	38	32	41	25	18	42	23	33	11	44	12	24	2
47	43	31	36	25	4	3	26	12	30	27	32	4	38	32	41	25	20	32	29	8	40	36	12	24	2
47	43	31	36	25	4	3	26	12	30	27	32	4	38	32	41	25	37	4	24	41	25	5	12	24	2
47	43	31	36	25	4	3	26	12	30	27	32	4	38	32	41	25	43	25	23	9	35	35	12	24	2
47	43	31	36	25	4	3	26	12	30	27	32	4	38	32	41	25	44	29	38	6	37	20	12	24	2
47	43	31	36	25	4	3	26	12	30	27	32	4	38	32	41	25	46	31	11	9	23	6	12	24	2
47	43	31	36	22	43	1	17	21	35	20	4	32	6	25	31	26	2	31	36	28	14	32	12	24	2
47	43	31	36	22	43	1	17	21	35	20	4	32	6	25	31	26	8	20	11	39	23	10	12	24	2
47	43	31	36	22	43	1	17	21	35	20	4	32	6	25	31	26	12	17	16	34	19	42	12	24	2
47	43	31	36	22	43	1	17	21	35	20	4	32	6	25	31	26	15	24	7	28	27	2	12	24	2
47	43	31	36	22	43	1	17	21	35	20	4	32	6	25	31	26	22	36	31	42	32	46	12	24	2
47	43	31	36	22	43	1	17	21	35	20	4	32	6	25	31	26	23	10	28	40	43	0	12	24	2
47	43	31	36	22	43	1	17	21	35	20	4	32	6	25	31	26	23	12	24	20	4	0	12	24	2
47	43	31	36	22	43	1	17	21	35	20	4	32	6	25	31	26	25	31	13	41	3	16	12	24	2
47	43	31	36	22	43	1	17	21	35	20	4	32	6	25	31	26	28	42	39	42	11	44	12	24	2
47	43	31	36	22	43	1	17	21	35	20	4	32	6	25	31	26	30	11	40	23	44	39	12	24	2
47	43	31	36	22	43	1	17	21	35	20	4	32	6	25	31	26	35	29	20	18	12	22	12	24	2
47	43	31	36	22	43	1	17	21	35	20	4	32	6	25	31	26	36	15	43	9	12	13	12	24	2
47	43	31	36	22	43	1	17	21	35	20	4	32	6	25	31	26	38	27	38	45	35	32	12	24	2
47	43	31	36	22	43	1	17	21	35	20	4	32	6	25	31	26	43	5	12	23	13	46	12	24	2
47	43	31	36	22	43	1	17	21	35	20	4	32	6	25	31	26	43	12	22	21	34	1	12	24	2
47	43	31	36	22	43	1	17	21	35	20	4	32	6	25	31	26	44	34	36	45	33	4	12	24	2
47	43	31	36	22	43	2	17	35	21	20	4	32	6	25	31	26	2	31	36	28	14	32	12	24	2
47	43	31	36	22	43	2	17	35	21	20	4	32	6	25	31	26	8	20	11	39	23	10	12	24	2
47	43	31	36	22	43	2	17	35	21	20	4	32	6	25	31	26	12	17	16	34	19	42	12	24	2
47	43	31	36	22	43	2	17	35	21	20	4	32	6	25	31	26	15	24	7	28	27	2	12	24	2
47	43	31	36	22	43	2	17	35	21	20	4	32	6	25	31	26	22	36	31	42	32	46	12	24	2
47	43	31	36	22	43	2	17	35	21	20	4	32	6	25	31	26	23	10	28	40	43	0	12	24	2
47	43	31	36	22	43	2	17	35	21	20	4	32	6	25	31	26	23	12	24	20	4	0	12	24	2
47	43	31	36	22	43	2	17	35	21	20	4	32	6	25	31	26	25	31	13	41	3	16	12	24	2
47	43	31	36	22	43	2	17	35	21	20	4	32	6	25	31	26	28	42	39	42	11	44	12	24	2
47	43	31	36	22	43	2	17	35	21	20	4	32	6	25	31	26	30	11	40	23	44	39	12	24	2
47	43	31	36	22	43	2	17	35	21	20	4	32	6	25	31	26	35	29	20	18	12	22	12	24	2
47	43	31	36	22	43	2	17	35	21	20	4	32	6	25	31	26	36	15	43	9	12	13	12	24	2
47	43	31	36	22	43	2	17	35	21	20	4	32	6	25	31	26	38	27	38	45	35	32	12	24	2
47	43	31	36	22	43	2	17	35	21	20	4	32	6	25	31	26	43	5	12	23	13	46	12	24	2
47	43	31	36	22	43	2	17	35	21	20	4	32	6	25	31	26	43	12	22	21	34	1	12	24	2
47	43	31	36	22	43	2	17	35	21	20	4	32	6	25	31	26	44	34	36	45	33	4	12	24	2
47	43	31	36	22	43	3	21	35	17	20	4	32	6	25	31	26	2	31	36	28	14	32	12	24	2
47	43	31	36	22	43	3	21	35	17	20	4	32	6	25	31	26	8	20	11	39	23	10	12	24	2
47	43	31	36	22	43	3	21	35	17	20	4	32	6	25	31	26	12	17	16	34	19	42	12	24	2
47	43	31	36	22	43	3	21	35	17	20	4	32	6	25	31	26	15	24	7	28	27	2	12	24	2
47	43	31	36	22	43	3	21	35	17	20	4	32	6	25	31	26	22	36	31	42	32	46	12	24	2
47	43	31	36	22	43	3	21	35	17	20	4	32	6	25	31	26	23	10	28	40	43	0	12	24	2
47	43	31	36	22	43	3	21	35	17	20	4	32	6	25	31	26	23	12	24	20	4	0	12	24	2
47	43	31	36	22	43	3	21	35	17	20	4	32	6	25	31	26	25	31	13	41	3	16	12	24	2
47	43	31	36	22	43	3	21	35	17	20	4	32	6	25	31	26	28	42	39	42	11	44	12	24	2
47	43	31	36	22	43	3	21	35	17	20	4	32	6	25	31	26	30	11	40	23	44	39	12	24	2
47	43	31	36	22	43	3	21	35	17	20	4	32	6	25	31	26	35	29	20	18	12	22	12	24	2
47	43	31	36	22	43	3	21	35	17	20	4	32	6	25	31	26	36	15	43	9	12	13	12	24	2
47	43	31	36	22	43	3	21	35	17	20	4	32	6	25	31	26	38	27	38	45	35	32	12	24	2
47	43	31	36	22	43	3	21	35	17	20	4	32	6	25	31	26	43	5	12	23	13	46	12	24	2
47	43	31	36	22	43	3	21	35	17	20	4	32	6	25	31	26	43	12	22	21	34	1	12	24	2
47	43	31	36	22	43	3	21	35	17	20	4	32	6	25	31	26	44	34	36	45	33	4	12	24	2
47	43	36	31	25	4	1	30	12	26	27	32	4	38	32	41	25	7	14	9	29	43	39	12	24	2
47	43	36	31	25	4	1	30	12	26	27	32	4	38	32	41	25	12	22	5	10	9	20	12	24	2
47	43	36	31	25	4	1	30	12	26	27	32	4	38	32	41	25	13	31	4	21	13	33	12	24	2
47	43	36	31	25	4	1	30	12	26	27	32	4	38	32	41	25	15	9	22	21	42	28	12	24	2
47	43	36	31	25	4	1	30	12	26	27	32	4	38	32	41	25	18	42	23	33	11	44	12	24	2
47	43	36	31	25	4	1	30	12	26	27	32	4	38	32	41	25	20	32	29	8	40	36	12	24	2
47	43	36	31	25	4	1	30	12	26	27	32	4	38	32	41	25	37	4	24	41	25	5	12	24	2
47	43	36	31	25	4	1	30	12	26	27	32	4	38	32	41	25	43	25	23	9	35	35	12	24	2
47	43	36	31	25	4	1	30	12	26	27	32	4	38	32	41	25	44	29	38	6	37	20	12	24	2
47	43	36	31	25	4	1	30	12	26	27	32	4	38	32	41	25	46	31	11	9	23	6	12	24	2
47	43	36	31	25	4	2	30	26	12	27	32	4	38	32	41	25	7	14	9	29	43	39	12	24	2
47	43	36	31	25	4	2	30	26	12	27	32	4	38	32	41	25	12	22	5	10	9	20	12	24	2
47	43	36	31	25	4	2	30	26	12	27	32	4	38	32	41	25	13	31	4	21	13	33	12	24	2
47	43	36	31	25	4	2	30	26	12	27	32	4	38	32	41	25	15	9	22	21	42	28	12	24	2
47	43	36	31	25	4	2	30	26	12	27	32	4	38	32	41	25	18	42	23	33	11	44	12	24	2
47	43	36	31	25	4	2	30	26	12	27	32	4	38	32	41	25	20	32	29	8	40	36	12	24	2
47	43	36	31	25	4	2	30	26	12	27	32	4	38	32	41	25	37	4	24	41	25	5	12	24	2
47	43	36	31	25	4	2	30	26	12	27	32	4	38	32	41	25	43	25	23	9	35	35	12	24	2
47	43	36	31	25	4	2	30	26	12	27	32	4	38	32	41	25	44	29	38	6	37	20	12	24	2
47	43	36	31	25	4	2	30	26	12	27	32	4	38	32	41	25	46	31	11	9	23	6	12	24	2
47	43	36	31	25	4	3	12	26	30	27	32	4	38	32	41	25	7	14	9	29	43	39	12	24	2
47	43	36	31	25	4	3	12	26	30	27	32	4	38	32	41	25	12	22	5	10	9	20	12	24	2
47	43	36	31	25	4	3	12	26	30	27	32	4	38	32	41	25	13	31	4	21	13	33	12	24	2
47	43	36	31	25	4	3	12	26	30	27	32	4	38	32	41	25	15	9	22	21	42	28	12	24	2
47	43	36	31	25	4	3	12	26	30	27	32	4	38	32	41	25	18	42	23	33	11	44	12	24	2
47	43	36	31	25	4	3	12	26	30	27	32	4	38	32	41	25	20	32	29	8	40	36	12	24	2
47	43	36	31	25	4	3	12	26	30	27	32	4	38	32	41	25	37	4	24	41	25	5	12	24	2
47	43	36	31	25	4	3	12	26	30	27	32	4	38	32	41	25	43	25	23	9	35	35	12	24	2
47	43	36	31	25	4	3	12	26	30	27	32	4	38	32	41	25	44	29	38	6	37	20	12	24	2
47	43	36	31	25	4	3	12	26	30	27	32	4	38	32	41	25	46	31	11	9	23	6	12	24	2
47	43	36	31	22	43	1	17	35	21	20	4	32	6	25	31	26	2	31	36	28	14	32	12	24	2
47	43	36	31	22	43	1	17	35	21	20	4	32	6	25	31	26	8	20	11	39	23	10	12	24	2
47	43	36	31	22	43	1	17	35	21	20	4	32	6	25	31	26	12	17	16	34	19	42	12	24	2
47	43	36	31	22	43	1	17	35	21	20	4	32	6	25	31	26	15	24	7	28	27	2	12	24	2
47	43	36	31	22	43	1	17	35	21	20	4	32	6	25	31	26	22	36	31	42	32	46	12	24	2
47	43	36	31	22	43	1	17	35	21	20	4	32	6	25	31	26	23	10	28	40	43	0	12	24	2
47	43	36	31	22	43	1	17	35	21	20	4	32	6	25	31	26	23	12	24	20	4	0	12	24	2
47	43	36	31	22	43	1	17	35	21	20	4	32	6	25	31	26	25	31	13	41	3	16	12	24	2
47	43	36	31	22	43	1	17	35	21	20	4	32	6	25	31	26	28	42	39	42	11	44	12	24	2
47	43	36	31	22	43	1	17	35	21	20	4	32	6	25	31	26	30	11	40	23	44	39	12	24	2
47	43	36	31	22	43	1	17	35	21	20	4	32	6	25	31	26	35	29	20	18	12	22	12	24	2
47	43	36	31	22	43	1	17	35	21	20	4	32	6	25	31	26	36	15	43	9	12	13	12	24	2
47	43	36	31	22	43	1	17	35	21	20	4	32	6	25	31	26	38	27	38	45	35	32	12	24	2
47	43	36	31	22	43	1	17	35	21	20	4	32	6	25	31	26	43	5	12	23	13	46	12	24	2
47	43	36	31	22	43	1	17	35	21	20	4	32	6	25	31	26	43	12	22	21	34	1	12	24	2
47	43	36	31	22	43	1	17	35	21	20	4	32	6	25	31	26	44	34	36	45	33	4	12	24	2
47	43	36	31	22	43	2	17	21	35	20	4	32	6	25	31	26	2	31	36	28	14	32	12	24	2
47	43	36	31	22	43	2	17	21	35	20	4	32	6	25	31	26	8	20	11	39	23	10	12	24	2
47	43	36	31	22	43	2	17	21	35	20	4	32	6	25	31	26	12	17	16	34	19	42	12	24	2
47	43	36	31	22	43	2	17	21	35	20	4	32	6	25	31	26	15	24	7	28	27	2	12	24	2
47	43	36	31	22	43	2	17	21	35	20	4	32	6	25	31	26	22	36	31	42	32	46	12	24	2
47	43	36	31	22	43	2	17	21	35	20	4	32	6	25	31	26	23	10	28	40	43	0	12	24	2
47	43	36	31	22	43	2	17	21	35	20	4	32	6	25	31	26	23	12	24	20	4	0	12	24	2
47	43	36	31	22	43	2	17	21	35	20	4	32	6	25	31	26	25	31	13	41	3	16	12	24	2
47	43	36	31	22	43	2	17	21	35	20	4	32	6	25	31	26	28	42	39	42	11	44	12	24	2
47	43	36	31	22	43	2	17	21	35	20	4	32	6	25	31	26	30	11	40	23	44	39	12	24	2
47	43	36	31	22	43	2	17	21	35	20	4	32	6	25	31	26	35	29	20	18	12	22	12	24	2
47	43	36	31	22	43	2	17	21	35	20	4	32	6	25	31	26	36	15	43	9	12	13	12	24	2
47	43	36	31	22	43	2	17	21	35	20	4	32	6	25	31	26	38	27	38	45	35	32	12	24	2
47	43	36	31	22	43	2	17	21	35	20	4	32	6	25	31	26	43	5	12	23	13	46	12	24	2
47	43	36	31	22	43	2	17	21	35	20	4	32	6	25	31	26	43	12	22	21	34	1	12	24	2
47	43	36	31	22	43	2	17	21	35	20	4	32	6	25	31	26	44	34	36	45	33	4	12	24	2
47	43	36	31	22	43	3	35	21	17	20	4	32	6	25	31	26	2	31	36	28	14	32	12	24	2
47	43	36	31	22	43	3	35	21	17	20	4	32	6	25	31	26	8	20	11	39	23	10	12	24	2
47	43	36	31	22	43	3	35	21	17	20	4	32	6	25	31	26	12	17	16	34	19	42	12	24	2
47	43	36	31	22	43	3	35	21	17	20	4	32	6	25	31	26	15	24	7	28	27	2	12	24	2
47	43	36	31	22	43	3	35	21	17	20	4	32	6	25	31	26	22	36	31	42	32	46	12	24	2
47	43	36	31	22	43	3	35	21	17	20	4	32	6	25	31	26	23	10	28	40	43	0	12	24	2
47	43	36	31	22	43	3	35	21	17	20	4	32	6	25	31	26	23	12	24	20	4	0	12	24	2
47	43	36	31	22	43	3	35	21	17	20	4	32	6	25	31	26	25	31	13	41	3	16	12	24	2
47	43	36	31	22	43	3	35	21	17	20	4	32	6	25	31	26	28	42	39	42	11	44	12	24	2
47	43	36	31	22	43	3	35	21	17	20	4	32	6	25	31	26	30	11	40	23	44	39	12	24	2
47	43	36	31	22	43	3	35	21	17	20	4	32	6	25	31	26	35	29	20	18	12	22	12	24	2
47	43	36	31	22	43	3	35	21	17	20	4	32	6	25	31	26	36	15	43	9	12	13	12	24	2
47	43	36	31	22	43	3	35	21	17	20	4	32	6	25	31	26	38	27	38	45	35	32	12	24	2
47	43	36	31	22	43	3	35	21	17	20	4	32	6	25	31	26	43	5	12	23	13	46	12	24	2
47	43	36	31	22	43	3	35	21	17	20	4	32	6	25	31	26	43	12	22	21	34	1	12	24	2
47	43	36	31	22	43	3	35	21	17	20	4	32	6	25	31	26	44	34	36	45	33	4	12	24	2
47	44	15	24	14	6	1	15	19	21	18	2	18	24	21	46	3	1	25	13	33	22	2	12	24	2
47	44	15	24	14	6	1	15	19	21	18	2	18	24	21	46	3	2	8	10	45	29	39	12	24	2
47	44	15	24	14	6	1	15	19	21	18	2	18	24	21	46	3	2	11	35	25	18	8	12	24	2
47	44	15	24	14	6	1	15	19	21	18	2	18	24	21	46	3	3	46	9	29	22	25	12	24	2
47	44	15	24	14	6	1	15	19	21	18	2	18	24	21	46	3	4	12	37	32	16	16	12	24	2
47	44	15	24	14	6	1	15	19	21	18	2	18	24	21	46	3	6	14	45	31	43	38	12	24	2
47	44	15	24	14	6	1	15	19	21	18	2	18	24	21	46	3	8	4	18	15	41	35	12	24	2
47	44	15	24	14	6	1	15	19	21	18	2	18	24	21	46	3	13	24	29	24	14	13	12	24	2
47	44	15	24	14	6	1	15	19	21	18	2	18	24	21	46	3	16	14	26	6	38	18	12	24	2
47	44	15	24	14	6	1	15	19	21	18	2	18	24	21	46	3	21	17	7	9	32	45	12	24	2
47	44	15	24	14	6	1	15	19	21	18	2	18	24	21	46	3	23	28	1	26	1	26	12	24	2
47	44	15	24	14	6	1	15	19	21	18	2	18	24	21	46	3	30	1	33	7	33	20	12	24	2
47	44	15	24	14	6	1	15	19	21	18	2	18	24	21	46	3	31	26	0	6	40	29	12	24	2
47	44	15	24	14	6	1	15	19	21	18	2	18	24	21	46	3	35	28	33	5	14	42	12	24	2
47	44	15	24	14	6	1	15	19	21	18	2	18	24	21	46	3	36	16	22	40	28	32	12	24	2
47	44	15	24	14	6	1	15	19	21	18	2	18	24	21	46	3	46	32	3	4	35	27	12	24	2
47	44	15	24	14	6	2	15	21	19	18	2	18	24	21	46	3	1	25	13	33	22	2	12	24	2
47	44	15	24	14	6	2	15	21	19	18	2	18	24	21	46	3	2	8	10	45	29	39	12	24	2
47	44	15	24	14	6	2	15	21	19	18	2	18	24	21	46	3	2	11	35	25	18	8	12	24	2
47	44	15	24	14	6	2	15	21	19	18	2	18	24	21	46	3	3	46	9	29	22	25	12	24	2
47	44	15	24	14	6	2	15	21	19	18	2	18	24	21	46	3	4	12	37	32	16	16	12	24	2
47	44	15	24	14	6	2	15	21	19	18	2	18	24	21	46	3	6	14	45	31	43	38	12	24	2
47	44	15	24	14	6	2	15	21	19	18	2	18	24	21	46	3	8	4	18	15	41	35	12	24	2
47	44	15	24	14	6	2	15	21	19	18	2	18	24	21	46	3	13	24	29	24	14	13	12	24	2
47	44	15	24	14	6	2	15	21	19	18	2	18	24	21	46	3	16	14	26	6	38	18	12	24	2
47	44	15	24	14	6	2	15	21	19	18	2	18	24	21	46	3	21	17	7	9	32	45	12	24	2
47	44	15	24	14	6	2	15	21	19	18	2	18	24	21	46	3	23	28	1	26	1	26	12	24	2
47	44	15	24	14	6	2	15	21	19	18	2	18	24	21	46	3	30	1	33	7	33	20	12	24	2
47	44	15	24	14	6	2	15	21	19	18	2	18	24	21	46	3	31	26	0	6	40	29	12	24	2
47	44	15	24	14	6	2	15	21	19	18	2	18	24	21	46	3	35	28	33	5	14	42	12	24	2
47	44	15	24	14	6	2	15	21	19	18	2	18	24	21	46	3	36	16	22	40	28	32	12	24	2
47	44	15	24	14	6	2	15	21	19	18	2	18	24	21	46	3	46	32	3	4	35	27	12	24	2
47	44	15	24	14	6	3	19	21	15	18	2	18	24	21	46	3	1	25	13	33	22	2	12	24	2
47	44	15	24	14	6	3	19	21	15	18	2	18	24	21	46	3	2	8	10	45	29	39	12	24	2
47	44	15	24	14	6	3	19	21	15	18	2	18	24	21	46	3	2	11	35	25	18	8	12	24	2
47	44	15	24	14	6	3	19	21	15	18	2	18	24	21	46	3	3	46	9	29	22	25	12	24	2
47	44	15	24	14	6	3	19	21	15	18	2	18	24	21	46	3	4	12	37	32	16	16	12	24	2
47	44	15	24	14	6	3	19	21	15	18	2	18	24	21	46	3	6	14	45	31	43	38	12	24	2
47	44	15	24	14	6	3	19	21	15	18	2	18	24	21	46	3	8	4	18	15	41	35	12	24	2
47	44	15	24	14	6	3	19	21	15	18	2	18	24	21	46	3	13	24	29	24	14	13	12	24	2
47	44	15	24	14	6	3	19	21	15	18	2	18	24	21	46	3	16	14	26	6	38	18	12	24	2
47	44	15	24	14	6	3	19	21	15	18	2	18	24	21	46	3	21	17	7	9	32	45	12	24	2
47	44	15	24	14	6	3	19	21	15	18	2	18	24	21	46	3	23	28	1	26	1	26	12	24	2
47	44	15	24	14	6	3	19	21	15	18	2	18	24	21	46	3	30	1	33	7	33	20	12	24	2
47	44	15	24	14	6	3	19	21	15	18	2	18	24	21	46	3	31	26	0	6	40	29	12	24	2
47	44	15	24	14	6	3	19	21	15	18	2	18	24	21	46	3	35	28	33	5	14	42	12	24	2
47	44	15	24	14	6	3	19	21	15	18	2	18	24	21	46	3	36	16	22	40	28	32	12	24	2
47	44	15	24	14	6	3	19	21	15	18	2	18	24	21	46	3	46	32	3	4	35	27	12	24	2
47	44	15	24	33	41	1	32	28	26	29	45	19	34	42	13	41	1	3	43	38	46	28	12	24	2
47	44	15	24	33	41	1	32	28	26	29	45	19	34	42	13	41	9	13	46	19	44	5	12	24	2
47	44	15	24	33	41	1	32	28	26	29	45	19	34	42	13	41	17	6	8	25	23	3	12	24	2
47	44	15	24	33	41	1	32	28	26	29	45	19	34	42	13	41	20	17	38	9	21	41	12	24	2
47	44	15	24	33	41	1	32	28	26	29	45	19	34	42	13	41	24	6	27	43	40	45	12	24	2
47	44	15	24	33	41	1	32	28	26	29	45	19	34	42	13	41	25	25	23	24	41	46	12	24	2
47	44	15	24	33	41	1	32	28	26	29	45	19	34	42	13	41	28	3	13	2	9	28	12	24	2
47	44	15	24	33	41	1	32	28	26	29	45	19	34	42	13	41	29	41	19	33	44	33	12	24	2
47	44	15	24	33	41	1	32	28	26	29	45	19	34	42	13	41	30	16	15	31	7	16	12	24	2
47	44	15	24	33	41	1	32	28	26	29	45	19	34	42	13	41	31	12	0	36	4	43	12	24	2
47	44	15	24	33	41	1	32	28	26	29	45	19	34	42	13	41	33	4	7	4	21	34	12	24	2
47	44	15	24	33	41	1	32	28	26	29	45	19	34	42	13	41	34	38	22	39	39	12	12	24	2
47	44	15	24	33	41	1	32	28	26	29	45	19	34	42	13	41	37	37	14	18	24	30	12	24	2
47	44	15	24	33	41	1	32	28	26	29	45	19	34	42	13	41	41	7	23	13	23	26	12	24	2
47	44	15	24	33	41	1	32	28	26	29	45	19	34	42	13	41	41	43	17	1	24	21	12	24	2
47	44	15	24	33	41	1	32	28	26	29	45	19	34	42	13	41	43	30	8	10	7	27	12	24	2
47	44	15	24	33	41	2	32	26	28	29	45	19	34	42	13	41	1	3	43	38	46	28	12	24	2
47	44	15	24	33	41	2	32	26	28	29	45	19	34	42	13	41	9	13	46	19	44	5	12	24	2
47	44	15	24	33	41	2	32	26	28	29	45	19	34	42	13	41	17	6	8	25	23	3	12	24	2
47	44	15	24	33	41	2	32	26	28	29	45	19	34	42	13	41	20	17	38	9	21	41	12	24	2
47	44	15	24	33	41	2	32	26	28	29	45	19	34	42	13	41	24	6	27	43	40	45	12	24	2
47	44	15	24	33	41	2	32	26	28	29	45	19	34	42	13	41	25	25	23	24	41	46	12	24	2
47	44	15	24	33	41	2	32	26	28	29	45	19	34	42	13	41	28	3	13	2	9	28	12	24	2
47	44	15	24	33	41	2	32	26	28	29	45	19	34	42	13	41	29	41	19	33	44	33	12	24	2
47	44	15	24	33	41	2	32	26	28	29	45	19	34	42	13	41	30	16	15	31	7	16	12	24	2
47	44	15	24	33	41	2	32	26	28	29	45	19	34	42	13	41	31	12	0	36	4	43	12	24	2
47	44	15	24	33	41	2	32	26	28	29	45	19	34	42	13	41	33	4	7	4	21	34	12	24	2
47	44	15	24	33	41	2	32	26	28	29	45	19	34	42	13	41	34	38	22	39	39	12	12	24	2
47	44	15	24	33	41	2	32	26	28	29	45	19	34	42	13	41	37	37	14	18	24	30	12	24	2
47	44	15	24	33	41	2	32	26	28	29	45	19	34	42	13	41	41	7	23	13	23	26	12	24	2
47	44	15	24	33	41	2	32	26	28	29	45	19	34	42	13	41	41	43	17	1	24	21	12	24	2
47	44	15	24	33	41	2	32	26	28	29	45	19	34	42	13	41	43	30	8	10	7	27	12	24	2
47	44	15	24	33	41	3	28	26	32	29	45	19	34	42	13	41	1	3	43	38	46	28	12	24	2
47	44	15	24	33	41	3	28	26	32	29	45	19	34	42	13	41	9	13	46	19	44	5	12	24	2
47	44	15	24	33	41	3	28	26	32	29	45	19	34	42	13	41	17	6	8	25	23	3	12	24	2
47	44	15	24	33	41	3	28	26	32	29	45	19	34	42	13	41	20	17	38	9	21	41	12	24	2
47	44	15	24	33	41	3	28	26	32	29	45	19	34	42	13	41	24	6	27	43	40	45	12	24	2
47	44	15	24	33	41	3	28	26	32	29	45	19	34	42	13	41	25	25	23	24	41	46	12	24	2
47	44	15	24	33	41	3	28	26	32	29	45	19	34	42	13	41	28	3	13	2	9	28	12	24	2
47	44	15	24	33	41	3	28	26	32	29	45	19	34	42	13	41	29	41	19	33	44	33	12	24	2
47	44	15	24	33	41	3	28	26	32	29	45	19	34	42	13	41	30	16	15	31	7	16	12	24	2
47	44	15	24	33	41	3	28	26	32	29	45	19	34	42	13	41	31	12	0	36	4	43	12	24	2
47	44	15	24	33	41	3	28	26	32	29	45	19	34	42	13	41	33	4	7	4	21	34	12	24	2
47	44	15	24	33	41	3	28	26	32	29	45	19	34	42	13	41	34	38	22	39	39	12	12	24	2
47	44	15	24	33	41	3	28	26	32	29	45	19	34	42	13	41	37	37	14	18	24	30	12	24	2
47	44	15	24	33	41	3	28	26	32	29	45	19	34	42	13	41	41	7	23	13	23	26	12	24	2
47	44	15	24	33	41	3	28	26	32	29	45	19	34	42	13	41	41	43	17	1	24	21	12	24	2
47	44	15	24	33	41	3	28	26	32	29	45	19	34	42	13	41	43	30	8	10	7	27	12	24	2
47	44	17	35	4	25	1	29	8	22	14	25	27	16	42	4	22	1	1	32	14	36	8	12	24	2
47	44	17	35	4	25	1	29	8	22	14	25	27	16	42	4	22	1	23	7	13	11	39	12	24	2
47	44	17	35	4	25	1	29	8	22	14	25	27	16	42	4	22	5	30	45	15	34	1	12	24	2
47	44	17	35	4	25	1	29	8	22	14	25	27	16	42	4	22	14	31	24	6	13	23	12	24	2
47	44	17	35	4	25	1	29	8	22	14	25	27	16	42	4	22	15	33	22	39	2	35	12	24	2
47	44	17	35	4	25	1	29	8	22	14	25	27	16	42	4	22	21	32	44	25	43	9	12	24	2
47	44	17	35	4	25	1	29	8	22	14	25	27	16	42	4	22	22	17	33	29	18	3	12	24	2
47	44	17	35	4	25	1	29	8	22	14	25	27	16	42	4	22	22	30	40	3	29	44	12	24	2
47	44	17	35	4	25	1	29	8	22	14	25	27	16	42	4	22	23	6	41	27	8	14	12	24	2
47	44	17	35	4	25	1	29	8	22	14	25	27	16	42	4	22	28	19	18	45	3	6	12	24	2
47	44	17	35	4	25	1	29	8	22	14	25	27	16	42	4	22	31	40	1	14	27	10	12	24	2
47	44	17	35	4	25	1	29	8	22	14	25	27	16	42	4	22	33	38	9	15	25	20	12	24	2
47	44	17	35	4	25	1	29	8	22	14	25	27	16	42	4	22	36	9	40	7	18	7	12	24	2
47	44	17	35	4	25	1	29	8	22	14	25	27	16	42	4	22	40	14	41	25	26	26	12	24	2
47	44	17	35	4	25	1	29	8	22	14	25	27	16	42	4	22	44	17	31	38	13	22	12	24	2
47	44	17	35	4	25	1	29	8	22	14	25	27	16	42	4	22	45	15	18	39	10	42	12	24	2
47	44	17	35	4	25	2	29	22	8	14	25	27	16	42	4	22	1	1	32	14	36	8	12	24	2
47	44	17	35	4	25	2	29	22	8	14	25	27	16	42	4	22	1	23	7	13	11	39	12	24	2
47	44	17	35	4	25	2	29	22	8	14	25	27	16	42	4	22	5	30	45	15	34	1	12	24	2
47	44	17	35	4	25	2	29	22	8	14	25	27	16	42	4	22	14	31	24	6	13	23	12	24	2
47	44	17	35	4	25	2	29	22	8	14	25	27	16	42	4	22	15	33	22	39	2	35	12	24	2
47	44	17	35	4	25	2	29	22	8	14	25	27	16	42	4	22	21	32	44	25	43	9	12	24	2
47	44	17	35	4	25	2	29	22	8	14	25	27	16	42	4	22	22	17	33	29	18	3	12	24	2
47	44	17	35	4	25	2	29	22	8	14	25	27	16	42	4	22	22	30	40	3	29	44	12	24	2
47	44	17	35	4	25	2	29	22	8	14	25	27	16	42	4	22	23	6	41	27	8	14	12	24	2
47	44	17	35	4	25	2	29	22	8	14	25	27	16	42	4	22	28	19	18	45	3	6	12	24	2
47	44	17	35	4	25	2	29	22	8	14	25	27	16	42	4	22	31	40	1	14	27	10	12	24	2
47	44	17	35	4	25	2	29	22	8	14	25	27	16	42	4	22	33	38	9	15	25	20	12	24	2
47	44	17	35	4	25	2	29	22	8	14	25	27	16	42	4	22	36	9	40	7	18	7	12	24	2
47	44	17	35	4	25	2	29	22	8	14	25	27	16	42	4	22	40	14	41	25	26	26	12	24	2
47	44	17	35	4	25	2	29	22	8	14	25	27	16	42	4	22	44	17	31	38	13	22	12	24	2
47	44	17	35	4	25	2	29	22	8	14	25	27	16	42	4	22	45	15	18	39	10	42	12	24	2
47	44	17	35	4	25	3	8	22	29	14	25	27	16	42	4	22	1	1	32	14	36	8	12	24	2
47	44	17	35	4	25	3	8	22	29	14	25	27	16	42	4	22	1	23	7	13	11	39	12	24	2
47	44	17	35	4	25	3	8	22	29	14	25	27	16	42	4	22	5	30	45	15	34	1	12	24	2
47	44	17	35	4	25	3	8	22	29	14	25	27	16	42	4	22	14	31	24	6	13	23	12	24	2
47	44	17	35	4	25	3	8	22	29	14	25	27	16	42	4	22	15	33	22	39	2	35	12	24	2
47	44	17	35	4	25	3	8	22	29	14	25	27	16	42	4	22	21	32	44	25	43	9	12	24	2
47	44	17	35	4	25	3	8	22	29	14	25	27	16	42	4	22	22	17	33	29	18	3	12	24	2
47	44	17	35	4	25	3	8	22	29	14	25	27	16	42	4	22	22	30	40	3	29	44	12	24	2
47	44	17	35	4	25	3	8	22	29	14	25	27	16	42	4	22	23	6	41	27	8	14	12	24	2
47	44	17	35	4	25	3	8	22	29	14	25	27	16	42	4	22	28	19	18	45	3	6	12	24	2
47	44	17	35	4	25	3	8	22	29	14	25	27	16	42	4	22	31	40	1	14	27	10	12	24	2
47	44	17	35	4	25	3	8	22	29	14	25	27	16	42	4	22	33	38	9	15	25	20	12	24	2
47	44	17	35	4	25	3	8	22	29	14	25	27	16	42	4	22	36	9	40	7	18	7	12	24	2
47	44	17	35	4	25	3	8	22	29	14	25	27	16	42	4	22	40	14	41	25	26	26	12	24	2
47	44	17	35	4	25	3	8	22	29	14	25	27	16	42	4	22	44	17	31	38	13	22	12	24	2
47	44	17	35	4	25	3	8	22	29	14	25	27	16	42	4	22	45	15	18	39	10	42	12	24	2
47	44	17	35	43	22	1	18	39	25	33	8	1	40	24	17	21	3	29	27	19	33	11	12	24	2
47	44	17	35	43	22	1	18	39	25	33	8	1	40	24	17	21	6	23	31	13	21	5	12	24	2
47	44	17	35	43	22	1	18	39	25	33	8	1	40	24	17	21	12	21	2	11	35	22	12	24	2
47	44	17	35	43	22	1	18	39	25	33	8	1	40	24	17	21	13	31	5	7	12	5	12	24	2
47	44	17	35	43	22	1	18	39	25	33	8	1	40	24	17	21	15	35	31	7	26	0	12	24	2
47	44	17	35	43	22	1	18	39	25	33	8	1	40	24	17	21	15	38	3	3	21	0	12	24	2
47	44	17	35	43	22	1	18	39	25	33	8	1	40	24	17	21	25	30	45	20	1	38	12	24	2
47	44	17	35	43	22	1	18	39	25	33	8	1	40	24	17	21	30	1	41	34	41	3	12	24	2
47	44	17	35	43	22	1	18	39	25	33	8	1	40	24	17	21	31	16	38	2	27	33	12	24	2
47	44	17	35	43	22	1	18	39	25	33	8	1	40	24	17	21	39	25	40	3	10	18	12	24	2
47	44	17	35	43	22	2	18	25	39	33	8	1	40	24	17	21	3	29	27	19	33	11	12	24	2
47	44	17	35	43	22	2	18	25	39	33	8	1	40	24	17	21	6	23	31	13	21	5	12	24	2
47	44	17	35	43	22	2	18	25	39	33	8	1	40	24	17	21	12	21	2	11	35	22	12	24	2
47	44	17	35	43	22	2	18	25	39	33	8	1	40	24	17	21	13	31	5	7	12	5	12	24	2
47	44	17	35	43	22	2	18	25	39	33	8	1	40	24	17	21	15	35	31	7	26	0	12	24	2
47	44	17	35	43	22	2	18	25	39	33	8	1	40	24	17	21	15	38	3	3	21	0	12	24	2
47	44	17	35	43	22	2	18	25	39	33	8	1	40	24	17	21	25	30	45	20	1	38	12	24	2
47	44	17	35	43	22	2	18	25	39	33	8	1	40	24	17	21	30	1	41	34	41	3	12	24	2
47	44	17	35	43	22	2	18	25	39	33	8	1	40	24	17	21	31	16	38	2	27	33	12	24	2
47	44	17	35	43	22	2	18	25	39	33	8	1	40	24	17	21	39	25	40	3	10	18	12	24	2
47	44	17	35	43	22	3	39	25	18	33	8	1	40	24	17	21	3	29	27	19	33	11	12	24	2
47	44	17	35	43	22	3	39	25	18	33	8	1	40	24	17	21	6	23	31	13	21	5	12	24	2
47	44	17	35	43	22	3	39	25	18	33	8	1	40	24	17	21	12	21	2	11	35	22	12	24	2
47	44	17	35	43	22	3	39	25	18	33	8	1	40	24	17	21	13	31	5	7	12	5	12	24	2
47	44	17	35	43	22	3	39	25	18	33	8	1	40	24	17	21	15	35	31	7	26	0	12	24	2
47	44	17	35	43	22	3	39	25	18	33	8	1	40	24	17	21	15	38	3	3	21	0	12	24	2
47	44	17	35	43	22	3	39	25	18	33	8	1	40	24	17	21	25	30	45	20	1	38	12	24	2
47	44	17	35	43	22	3	39	25	18	33	8	1	40	24	17	21	30	1	41	34	41	3	12	24	2
47	44	17	35	43	22	3	39	25	18	33	8	1	40	24	17	21	31	16	38	2	27	33	12	24	2
47	44	17	35	43	22	3	39	25	18	33	8	1	40	24	17	21	39	25	40	3	10	18	12	24	2
47	44	24	15	14	6	1	15	21	19	18	2	18	24	21	46	3	1	25	13	33	22	2	12	24	2
47	44	24	15	14	6	1	15	21	19	18	2	18	24	21	46	3	2	8	10	45	29	39	12	24	2
47	44	24	15	14	6	1	15	21	19	18	2	18	24	21	46	3	2	11	35	25	18	8	12	24	2
47	44	24	15	14	6	1	15	21	19	18	2	18	24	21	46	3	3	46	9	29	22	25	12	24	2
47	44	24	15	14	6	1	15	21	19	18	2	18	24	21	46	3	4	12	37	32	16	16	12	24	2
47	44	24	15	14	6	1	15	21	19	18	2	18	24	21	46	3	6	14	45	31	43	38	12	24	2
47	44	24	15	14	6	1	15	21	19	18	2	18	24	21	46	3	8	4	18	15	41	35	12	24	2
47	44	24	15	14	6	1	15	21	19	18	2	18	24	21	46	3	13	24	29	24	14	13	12	24	2
47	44	24	15	14	6	1	15	21	19	18	2	18	24	21	46	3	16	14	26	6	38	18	12	24	2
47	44	24	15	14	6	1	15	21	19	18	2	18	24	21	46	3	21	17	7	9	32	45	12	24	2
47	44	24	15	14	6	1	15	21	19	18	2	18	24	21	46	3	23	28	1	26	1	26	12	24	2
47	44	24	15	14	6	1	15	21	19	18	2	18	24	21	46	3	30	1	33	7	33	20	12	24	2
47	44	24	15	14	6	1	15	21	19	18	2	18	24	21	46	3	31	26	0	6	40	29	12	24	2
47	44	24	15	14	6	1	15	21	19	18	2	18	24	21	46	3	35	28	33	5	14	42	12	24	2
47	44	24	15	14	6	1	15	21	19	18	2	18	24	21	46	3	36	16	22	40	28	32	12	24	2
47	44	24	15	14	6	1	15	21	19	18	2	18	24	21	46	3	46	32	3	4	35	27	12	24	2
47	44	24	15	14	6	2	15	19	21	18	2	18	24	21	46	3	1	25	13	33	22	2	12	24	2
47	44	24	15	14	6	2	15	19	21	18	2	18	24	21	46	3	2	8	10	45	29	39	12	24	2
47	44	24	15	14	6	2	15	19	21	18	2	18	24	21	46	3	2	11	35	25	18	8	12	24	2
47	44	24	15	14	6	2	15	19	21	18	2	18	24	21	46	3	3	46	9	29	22	25	12	24	2
47	44	24	15	14	6	2	15	19	21	18	2	18	24	21	46	3	4	12	37	32	16	16	12	24	2
47	44	24	15	14	6	2	15	19	21	18	2	18	24	21	46	3	6	14	45	31	43	38	12	24	2
47	44	24	15	14	6	2	15	19	21	18	2	18	24	21	46	3	8	4	18	15	41	35	12	24	2
47	44	24	15	14	6	2	15	19	21	18	2	18	24	21	46	3	13	24	29	24	14	13	12	24	2
47	44	24	15	14	6	2	15	19	21	18	2	18	24	21	46	3	16	14	26	6	38	18	12	24	2
47	44	24	15	14	6	2	15	19	21	18	2	18	24	21	46	3	21	17	7	9	32	45	12	24	2
47	44	24	15	14	6	2	15	19	21	18	2	18	24	21	46	3	23	28	1	26	1	26	12	24	2
47	44	24	15	14	6	2	15	19	21	18	2	18	24	21	46	3	30	1	33	7	33	20	12	24	2
47	44	24	15	14	6	2	15	19	21	18	2	18	24	21	46	3	31	26	0	6	40	29	12	24	2
47	44	24	15	14	6	2	15	19	21	18	2	18	24	21	46	3	35	28	33	5	14	42	12	24	2
47	44	24	15	14	6	2	15	19	21	18	2	18	24	21	46	3	36	16	22	40	28	32	12	24	2
47	44	24	15	14	6	2	15	19	21	18	2	18	24	21	46	3	46	32	3	4	35	27	12	24	2
47	44	24	15	14	6	3	21	19	15	18	2	18	24	21	46	3	1	25	13	33	22	2	12	24	2
47	44	24	15	14	6	3	21	19	15	18	2	18	24	21	46	3	2	8	10	45	29	39	12	24	2
47	44	24	15	14	6	3	21	19	15	18	2	18	24	21	46	3	2	11	35	25	18	8	12	24	2
47	44	24	15	14	6	3	21	19	15	18	2	18	24	21	46	3	3	46	9	29	22	25	12	24	2
47	44	24	15	14	6	3	21	19	15	18	2	18	24	21	46	3	4	12	37	32	16	16	12	24	2
47	44	24	15	14	6	3	21	19	15	18	2	18	24	21	46	3	6	14	45	31	43	38	12	24	2
47	44	24	15	14	6	3	21	19	15	18	2	18	24	21	46	3	8	4	18	15	41	35	12	24	2
47	44	24	15	14	6	3	21	19	15	18	2	18	24	21	46	3	13	24	29	24	14	13	12	24	2
47	44	24	15	14	6	3	21	19	15	18	2	18	24	21	46	3	16	14	26	6	38	18	12	24	2
47	44	24	15	14	6	3	21	19	15	18	2	18	24	21	46	3	21	17	7	9	32	45	12	24	2
47	44	24	15	14	6	3	21	19	15	18	2	18	24	21	46	3	23	28	1	26	1	26	12	24	2
47	44	24	15	14	6	3	21	19	15	18	2	18	24	21	46	3	30	1	33	7	33	20	12	24	2
47	44	24	15	14	6	3	21	19	15	18	2	18	24	21	46	3	31	26	0	6	40	29	12	24	2
47	44	24	15	14	6	3	21	19	15	18	2	18	24	21	46	3	35	28	33	5	14	42	12	24	2
47	44	24	15	14	6	3	21	19	15	18	2	18	24	21	46	3	36	16	22	40	28	32	12	24	2
47	44	24	15	14	6	3	21	19	15	18	2	18	24	21	46	3	46	32	3	4	35	27	12	24	2
47	44	24	15	33	41	1	32	26	28	29	45	19	34	42	13	41	1	3	43	38	46	28	12	24	2
47	44	24	15	33	41	1	32	26	28	29	45	19	34	42	13	41	9	13	46	19	44	5	12	24	2
47	44	24	15	33	41	1	32	26	28	29	45	19	34	42	13	41	17	6	8	25	23	3	12	24	2
47	44	24	15	33	41	1	32	26	28	29	45	19	34	42	13	41	20	17	38	9	21	41	12	24	2
47	44	24	15	33	41	1	32	26	28	29	45	19	34	42	13	41	24	6	27	43	40	45	12	24	2
47	44	24	15	33	41	1	32	26	28	29	45	19	34	42	13	41	25	25	23	24	41	46	12	24	2
47	44	24	15	33	41	1	32	26	28	29	45	19	34	42	13	41	28	3	13	2	9	28	12	24	2
47	44	24	15	33	41	1	32	26	28	29	45	19	34	42	13	41	29	41	19	33	44	33	12	24	2
47	44	24	15	33	41	1	32	26	28	29	45	19	34	42	13	41	30	16	15	31	7	16	12	24	2
47	44	24	15	33	41	1	32	26	28	29	45	19	34	42	13	41	31	12	0	36	4	43	12	24	2
47	44	24	15	33	41	1	32	26	28	29	45	19	34	42	13	41	33	4	7	4	21	34	12	24	2
47	44	24	15	33	41	1	32	26	28	29	45	19	34	42	13	41	34	38	22	39	39	12	12	24	2
47	44	24	15	33	41	1	32	26	28	29	45	19	34	42	13	41	37	37	14	18	24	30	12	24	2
47	44	24	15	33	41	1	32	26	28	29	45	19	34	42	13	41	41	7	23	13	23	26	12	24	2
47	44	24	15	33	41	1	32	26	28	29	45	19	34	42	13	41	41	43	17	1	24	21	12	24	2
47	44	24	15	33	41	1	32	26	28	29	45	19	34	42	13	41	43	30	8	10	7	27	12	24	2
47	44	24	15	33	41	2	32	28	26	29	45	19	34	42	13	41	1	3	43	38	46	28	12	24	2
47	44	24	15	33	41	2	32	28	26	29	45	19	34	42	13	41	9	13	46	19	44	5	12	24	2
47	44	24	15	33	41	2	32	28	26	29	45	19	34	42	13	41	17	6	8	25	23	3	12	24	2
47	44	24	15	33	41	2	32	28	26	29	45	19	34	42	13	41	20	17	38	9	21	41	12	24	2
47	44	24	15	33	41	2	32	28	26	29	45	19	34	42	13	41	24	6	27	43	40	45	12	24	2
47	44	24	15	33	41	2	32	28	26	29	45	19	34	42	13	41	25	25	23	24	41	46	12	24	2
47	44	24	15	33	41	2	32	28	26	29	45	19	34	42	13	41	28	3	13	2	9	28	12	24	2
47	44	24	15	33	41	2	32	28	26	29	45	19	34	42	13	41	29	41	19	33	44	33	12	24	2
47	44	24	15	33	41	2	32	28	26	29	45	19	34	42	13	41	30	16	15	31	7	16	12	24	2
47	44	24	15	33	41	2	32	28	26	29	45	19	34	42	13	41	31	12	0	36	4	43	12	24	2
47	44	24	15	33	41	2	32	28	26	29	45	19	34	42	13	41	33	4	7	4	21	34	12	24	2
47	44	24	15	33	41	2	32	28	26	29	45	19	34	42	13	41	34	38	22	39	39	12	12	24	2
47	44	24	15	33	41	2	32	28	26	29	45	19	34	42	13	41	37	37	14	18	24	30	12	24	2
47	44	24	15	33	41	2	32	28	26	29	45	19	34	42	13	41	41	7	23	13	23	26	12	24	2
47	44	24	15	33	41	2	32	28	26	29	45	19	34	42	13	41	41	43	17	1	24	21	12	24	2
47	44	24	15	33	41	2	32	28	26	29	45	19	34	42	13	41	43	30	8	10	7	27	12	24	2
47	44	24	15	33	41	3	26	28	32	29	45	19	34	42	13	41	1	3	43	38	46	28	12	24	2
47	44	24	15	33	41	3	26	28	32	29	45	19	34	42	13	41	9	13	46	19	44	5	12	24	2
47	44	24	15	33	41	3	26	28	32	29	45	19	34	42	13	41	17	6	8	25	23	3	12	24	2
47	44	24	15	33	41	3	26	28	32	29	45	19	34	42	13	41	20	17	38	9	21	41	12	24	2
47	44	24	15	33	41	3	26	28	32	29	45	19	34	42	13	41	24	6	27	43	40	45	12	24	2
47	44	24	15	33	41	3	26	28	32	29	45	19	34	42	13	41	25	25	23	24	41	46	12	24	2
47	44	24	15	33	41	3	26	28	32	29	45	19	34	42	13	41	28	3	13	2	9	28	12	24	2
47	44	24	15	33	41	3	26	28	32	29	45	19	34	42	13	41	29	41	19	33	44	33	12	24	2
47	44	24	15	33	41	3	26	28	32	29	45	19	34	42	13	41	30	16	15	31	7	16	12	24	2
47	44	24	15	33	41	3	26	28	32	29	45	19	34	42	13	41	31	12	0	36	4	43	12	24	2
47	44	24	15	33	41	3	26	28	32	29	45	19	34	42	13	41	33	4	7	4	21	34	12	24	2
47	44	24	15	33	41	3	26	28	32	29	45	19	34	42	13	41	34	38	22	39	39	12	12	24	2
47	44	24	15	33	41	3	26	28	32	29	45	19	34	42	13	41	37	37	14	18	24	30	12	24	2
47	44	24	15	33	41	3	26	28	32	29	45	19	34	42	13	41	41	7	23	13	23	26	12	24	2
47	44	24	15	33	41	3	26	28	32	29	45	19	34	42	13	41	41	43	17	1	24	21	12	24	2
47	44	24	15	33	41	3	26	28	32	29	45	19	34	42	13	41	43	30	8	10	7	27	12	24	2
47	44	35	17	4	25	1	29	22	8	14	25	27	16	42	4	22	1	1	32	14	36	8	12	24	2
47	44	35	17	4	25	1	29	22	8	14	25	27	16	42	4	22	1	23	7	13	11	39	12	24	2
47	44	35	17	4	25	1	29	22	8	14	25	27	16	42	4	22	5	30	45	15	34	1	12	24	2
47	44	35	17	4	25	1	29	22	8	14	25	27	16	42	4	22	14	31	24	6	13	23	12	24	2
47	44	35	17	4	25	1	29	22	8	14	25	27	16	42	4	22	15	33	22	39	2	35	12	24	2
47	44	35	17	4	25	1	29	22	8	14	25	27	16	42	4	22	21	32	44	25	43	9	12	24	2
47	44	35	17	4	25	1	29	22	8	14	25	27	16	42	4	22	22	17	33	29	18	3	12	24	2
47	44	35	17	4	25	1	29	22	8	14	25	27	16	42	4	22	22	30	40	3	29	44	12	24	2
47	44	35	17	4	25	1	29	22	8	14	25	27	16	42	4	22	23	6	41	27	8	14	12	24	2
47	44	35	17	4	25	1	29	22	8	14	25	27	16	42	4	22	28	19	18	45	3	6	12	24	2
47	44	35	17	4	25	1	29	22	8	14	25	27	16	42	4	22	31	40	1	14	27	10	12	24	2
47	44	35	17	4	25	1	29	22	8	14	25	27	16	42	4	22	33	38	9	15	25	20	12	24	2
47	44	35	17	4	25	1	29	22	8	14	25	27	16	42	4	22	36	9	40	7	18	7	12	24	2
47	44	35	17	4	25	1	29	22	8	14	25	27	16	42	4	22	40	14	41	25	26	26	12	24	2
47	44	35	17	4	25	1	29	22	8	14	25	27	16	42	4	22	44	17	31	38	13	22	12	24	2
47	44	35	17	4	25	1	29	22	8	14	25	27	16	42	4	22	45	15	18	39	10	42	12	24	2
47	44	35	17	4	25	2	29	8	22	14	25	27	16	42	4	22	1	1	32	14	36	8	12	24	2
47	44	35	17	4	25	2	29	8	22	14	25	27	16	42	4	22	1	23	7	13	11	39	12	24	2
47	44	35	17	4	25	2	29	8	22	14	25	27	16	42	4	22	5	30	45	15	34	1	12	24	2
47	44	35	17	4	25	2	29	8	22	14	25	27	16	42	4	22	14	31	24	6	13	23	12	24	2
47	44	35	17	4	25	2	29	8	22	14	25	27	16	42	4	22	15	33	22	39	2	35	12	24	2
47	44	35	17	4	25	2	29	8	22	14	25	27	16	42	4	22	21	32	44	25	43	9	12	24	2
47	44	35	17	4	25	2	29	8	22	14	25	27	16	42	4	22	22	17	33	29	18	3	12	24	2
47	44	35	17	4	25	2	29	8	22	14	25	27	16	42	4	22	22	30	40	3	29	44	12	24	2
47	44	35	17	4	25	2	29	8	22	14	25	27	16	42	4	22	23	6	41	27	8	14	12	24	2
47	44	35	17	4	25	2	29	8	22	14	25	27	16	42	4	22	28	19	18	45	3	6	12	24	2
47	44	35	17	4	25	2	29	8	22	14	25	27	16	42	4	22	31	40	1	14	27	10	12	24	2
47	44	35	17	4	25	2	29	8	22	14	25	27	16	42	4	22	33	38	9	15	25	20	12	24	2
47	44	35	17	4	25	2	29	8	22	14	25	27	16	42	4	22	36	9	40	7	18	7	12	24	2
47	44	35	17	4	25	2	29	8	22	14	25	27	16	42	4	22	40	14	41	25	26	26	12	24	2
47	44	35	17	4	25	2	29	8	22	14	25	27	16	42	4	22	44	17	31	38	13	22	12	24	2
47	44	35	17	4	25	2	29	8	22	14	25	27	16	42	4	22	45	15	18	39	10	42	12	24	2
47	44	35	17	4	25	3	22	8	29	14	25	27	16	42	4	22	1	1	32	14	36	8	12	24	2
47	44	35	17	4	25	3	22	8	29	14	25	27	16	42	4	22	1	23	7	13	11	39	12	24	2
47	44	35	17	4	25	3	22	8	29	14	25	27	16	42	4	22	5	30	45	15	34	1	12	24	2
47	44	35	17	4	25	3	22	8	29	14	25	27	16	42	4	22	14	31	24	6	13	23	12	24	2
47	44	35	17	4	25	3	22	8	29	14	25	27	16	42	4	22	15	33	22	39	2	35	12	24	2
47	44	35	17	4	25	3	22	8	29	14	25	27	16	42	4	22	21	32	44	25	43	9	12	24	2
47	44	35	17	4	25	3	22	8	29	14	25	27	16	42	4	22	22	17	33	29	18	3	12	24	2
47	44	35	17	4	25	3	22	8	29	14	25	27	16	42	4	22	22	30	40	3	29	44	12	24	2
47	44	35	17	4	25	3	22	8	29	14	25	27	16	42	4	22	23	6	41	27	8	14	12	24	2
47	44	35	17	4	25	3	22	8	29	14	25	27	16	42	4	22	28	19	18	45	3	6	12	24	2
47	44	35	17	4	25	3	22	8	29	14	25	27	16	42	4	22	31	40	1	14	27	10	12	24	2
47	44	35	17	4	25	3	22	8	29	14	25	27	16	42	4	22	33	38	9	15	25	20	12	24	2
47	44	35	17	4	25	3	22	8	29	14	25	27	16	42	4	22	36	9	40	7	18	7	12	24	2
47	44	35	17	4	25	3	22	8	29	14	25	27	16	42	4	22	40	14	41	25	26	26	12	24	2
47	44	35	17	4	25	3	22	8	29	14	25	27	16	42	4	22	44	17	31	38	13	22	12	24	2
47	44	35	17	4	25	3	22	8	29	14	25	27	16	42	4	22	45	15	18	39	10	42	12	24	2
47	44	35	17	43	22	1	18	25	39	33	8	1	40	24	17	21	3	29	27	19	33	11	12	24	2
47	44	35	17	43	22	1	18	25	39	33	8	1	40	24	17	21	6	23	31	13	21	5	12	24	2
47	44	35	17	43	22	1	18	25	39	33	8	1	40	24	17	21	12	21	2	11	35	22	12	24	2
47	44	35	17	43	22	1	18	25	39	33	8	1	40	24	17	21	13	31	5	7	12	5	12	24	2
47	44	35	17	43	22	1	18	25	39	33	8	1	40	24	17	21	15	35	31	7	26	0	12	24	2
47	44	35	17	43	22	1	18	25	39	33	8	1	40	24	17	21	15	38	3	3	21	0	12	24	2
47	44	35	17	43	22	1	18	25	39	33	8	1	40	24	17	21	25	30	45	20	1	38	12	24	2
47	44	35	17	43	22	1	18	25	39	33	8	1	40	24	17	21	30	1	41	34	41	3	12	24	2
47	44	35	17	43	22	1	18	25	39	33	8	1	40	24	17	21	31	16	38	2	27	33	12	24	2
47	44	35	17	43	22	1	18	25	39	33	8	1	40	24	17	21	39	25	40	3	10	18	12	24	2
47	44	35	17	43	22	2	18	39	25	33	8	1	40	24	17	21	3	29	27	19	33	11	12	24	2
47	44	35	17	43	22	2	18	39	25	33	8	1	40	24	17	21	6	23	31	13	21	5	12	24	2
47	44	35	17	43	22	2	18	39	25	33	8	1	40	24	17	21	12	21	2	11	35	22	12	24	2
47	44	35	17	43	22	2	18	39	25	33	8	1	40	24	17	21	13	31	5	7	12	5	12	24	2
47	44	35	17	43	22	2	18	39	25	33	8	1	40	24	17	21	15	35	31	7	26	0	12	24	2
47	44	35	17	43	22	2	18	39	25	33	8	1	40	24	17	21	15	38	3	3	21	0	12	24	2
47	44	35	17	43	22	2	18	39	25	33	8	1	40	24	17	21	25	30	45	20	1	38	12	24	2
47	44	35	17	43	22	2	18	39	25	33	8	1	40	24	17	21	30	1	41	34	41	3	12	24	2
47	44	35	17	43	22	2	18	39	25	33	8	1	40	24	17	21	31	16	38	2	27	33	12	24	2
47	44	35	17	43	22	2	18	39	25	33	8	1	40	24	17	21	39	25	40	3	10	18	12	24	2
47	44	35	17	43	22	3	25	39	18	33	8	1	40	24	17	21	3	29	27	19	33	11	12	24	2
47	44	35	17	43	22	3	25	39	18	33	8	1	40	24	17	21	6	23	31	13	21	5	12	24	2
47	44	35	17	43	22	3	25	39	18	33	8	1	40	24	17	21	12	21	2	11	35	22	12	24	2
47	44	35	17	43	22	3	25	39	18	33	8	1	40	24	17	21	13	31	5	7	12	5	12	24	2
47	44	35	17	43	22	3	25	39	18	33	8	1	40	24	17	21	15	35	31	7	26	0	12	24	2
47	44	35	17	43	22	3	25	39	18	33	8	1	40	24	17	21	15	38	3	3	21	0	12	24	2
47	44	35	17	43	22	3	25	39	18	33	8	1	40	24	17	21	25	30	45	20	1	38	12	24	2
47	44	35	17	43	22	3	25	39	18	33	8	1	40	24	17	21	30	1	41	34	41	3	12	24	2
47	44	35	17	43	22	3	25	39	18	33	8	1	40	24	17	21	31	16	38	2	27	33	12	24	2
47	44	35	17	43	22	3	25	39	18	33	8	1	40	24	17	21	39	25	40	3	10	18	12	24	2
47	45	18	30	12	8	1	43	36	13	17	31	32	45	18	39	12	2	16	1	34	35	40	12	24	2
47	45	18	30	12	8	1	43	36	13	17	31	32	45	18	39	12	2	18	2	39	12	7	12	24	2
47	45	18	30	12	8	1	43	36	13	17	31	32	45	18	39	12	5	13	42	46	34	8	12	24	2
47	45	18	30	12	8	1	43	36	13	17	31	32	45	18	39	12	9	21	8	14	26	7	12	24	2
47	45	18	30	12	8	1	43	36	13	17	31	32	45	18	39	12	14	33	42	27	13	9	12	24	2
47	45	18	30	12	8	1	43	36	13	17	31	32	45	18	39	12	19	1	15	34	43	20	12	24	2
47	45	18	30	12	8	1	43	36	13	17	31	32	45	18	39	12	20	20	46	30	6	4	12	24	2
47	45	18	30	12	8	1	43	36	13	17	31	32	45	18	39	12	27	17	23	12	21	11	12	24	2
47	45	18	30	12	8	1	43	36	13	17	31	32	45	18	39	12	29	30	46	6	1	18	12	24	2
47	45	18	30	12	8	1	43	36	13	17	31	32	45	18	39	12	33	30	14	46	36	40	12	24	2
47	45	18	30	12	8	1	43	36	13	17	31	32	45	18	39	12	35	41	15	22	4	34	12	24	2
47	45	18	30	12	8	1	43	36	13	17	31	32	45	18	39	12	37	4	4	38	25	45	12	24	2
47	45	18	30	12	8	1	43	36	13	17	31	32	45	18	39	12	39	45	40	27	38	18	12	24	2
47	45	18	30	12	8	1	43	36	13	17	31	32	45	18	39	12	40	20	11	32	43	31	12	24	2
47	45	18	30	12	8	1	43	36	13	17	31	32	45	18	39	12	43	8	19	22	17	35	12	24	2
47	45	18	30	12	8	1	43	36	13	17	31	32	45	18	39	12	46	46	23	40	19	26	12	24	2
47	45	18	30	12	8	2	43	13	36	17	31	32	45	18	39	12	2	16	1	34	35	40	12	24	2
47	45	18	30	12	8	2	43	13	36	17	31	32	45	18	39	12	2	18	2	39	12	7	12	24	2
47	45	18	30	12	8	2	43	13	36	17	31	32	45	18	39	12	5	13	42	46	34	8	12	24	2
47	45	18	30	12	8	2	43	13	36	17	31	32	45	18	39	12	9	21	8	14	26	7	12	24	2
47	45	18	30	12	8	2	43	13	36	17	31	32	45	18	39	12	14	33	42	27	13	9	12	24	2
47	45	18	30	12	8	2	43	13	36	17	31	32	45	18	39	12	19	1	15	34	43	20	12	24	2
47	45	18	30	12	8	2	43	13	36	17	31	32	45	18	39	12	20	20	46	30	6	4	12	24	2
47	45	18	30	12	8	2	43	13	36	17	31	32	45	18	39	12	27	17	23	12	21	11	12	24	2
47	45	18	30	12	8	2	43	13	36	17	31	32	45	18	39	12	29	30	46	6	1	18	12	24	2
47	45	18	30	12	8	2	43	13	36	17	31	32	45	18	39	12	33	30	14	46	36	40	12	24	2
47	45	18	30	12	8	2	43	13	36	17	31	32	45	18	39	12	35	41	15	22	4	34	12	24	2
47	45	18	30	12	8	2	43	13	36	17	31	32	45	18	39	12	37	4	4	38	25	45	12	24	2
47	45	18	30	12	8	2	43	13	36	17	31	32	45	18	39	12	39	45	40	27	38	18	12	24	2
47	45	18	30	12	8	2	43	13	36	17	31	32	45	18	39	12	40	20	11	32	43	31	12	24	2
47	45	18	30	12	8	2	43	13	36	17	31	32	45	18	39	12	43	8	19	22	17	35	12	24	2
47	45	18	30	12	8	2	43	13	36	17	31	32	45	18	39	12	46	46	23	40	19	26	12	24	2
47	45	18	30	12	8	3	36	13	43	17	31	32	45	18	39	12	2	16	1	34	35	40	12	24	2
47	45	18	30	12	8	3	36	13	43	17	31	32	45	18	39	12	2	18	2	39	12	7	12	24	2
47	45	18	30	12	8	3	36	13	43	17	31	32	45	18	39	12	5	13	42	46	34	8	12	24	2
47	45	18	30	12	8	3	36	13	43	17	31	32	45	18	39	12	9	21	8	14	26	7	12	24	2
47	45	18	30	12	8	3	36	13	43	17	31	32	45	18	39	12	14	33	42	27	13	9	12	24	2
47	45	18	30	12	8	3	36	13	43	17	31	32	45	18	39	12	19	1	15	34	43	20	12	24	2
47	45	18	30	12	8	3	36	13	43	17	31	32	45	18	39	12	20	20	46	30	6	4	12	24	2
47	45	18	30	12	8	3	36	13	43	17	31	32	45	18	39	12	27	17	23	12	21	11	12	24	2
47	45	18	30	12	8	3	36	13	43	17	31	32	45	18	39	12	29	30	46	6	1	18	12	24	2
47	45	18	30	12	8	3	36	13	43	17	31	32	45	18	39	12	33	30	14	46	36	40	12	24	2
47	45	18	30	12	8	3	36	13	43	17	31	32	45	18	39	12	35	41	15	22	4	34	12	24	2
47	45	18	30	12	8	3	36	13	43	17	31	32	45	18	39	12	37	4	4	38	25	45	12	24	2
47	45	18	30	12	8	3	36	13	43	17	31	32	45	18	39	12	39	45	40	27	38	18	12	24	2
47	45	18	30	12	8	3	36	13	43	17	31	32	45	18	39	12	40	20	11	32	43	31	12	24	2
47	45	18	30	12	8	3	36	13	43	17	31	32	45	18	39	12	43	8	19	22	17	35	12	24	2
47	45	18	30	12	8	3	36	13	43	17	31	32	45	18	39	12	46	46	23	40	19	26	12	24	2
47	45	18	30	35	39	1	4	11	34	30	7	8	43	4	25	13	7	34	11	33	3	46	12	24	2
47	45	18	30	35	39	1	4	11	34	30	7	8	43	4	25	13	8	27	1	34	28	1	12	24	2
47	45	18	30	35	39	1	4	11	34	30	7	8	43	4	25	13	11	26	46	16	30	6	12	24	2
47	45	18	30	35	39	1	4	11	34	30	7	8	43	4	25	13	27	41	2	15	6	29	12	24	2
47	45	18	30	35	39	1	4	11	34	30	7	8	43	4	25	13	29	15	38	28	43	36	12	24	2
47	45	18	30	35	39	1	4	11	34	30	7	8	43	4	25	13	31	45	23	16	30	13	12	24	2
47	45	18	30	35	39	1	4	11	34	30	7	8	43	4	25	13	36	1	35	27	18	31	12	24	2
47	45	18	30	35	39	1	4	11	34	30	7	8	43	4	25	13	39	14	37	28	38	13	12	24	2
47	45	18	30	35	39	1	4	11	34	30	7	8	43	4	25	13	40	43	0	30	12	18	12	24	2
47	45	18	30	35	39	1	4	11	34	30	7	8	43	4	25	13	43	16	16	39	25	1	12	24	2
47	45	18	30	35	39	2	4	34	11	30	7	8	43	4	25	13	7	34	11	33	3	46	12	24	2
47	45	18	30	35	39	2	4	34	11	30	7	8	43	4	25	13	8	27	1	34	28	1	12	24	2
47	45	18	30	35	39	2	4	34	11	30	7	8	43	4	25	13	11	26	46	16	30	6	12	24	2
47	45	18	30	35	39	2	4	34	11	30	7	8	43	4	25	13	27	41	2	15	6	29	12	24	2
47	45	18	30	35	39	2	4	34	11	30	7	8	43	4	25	13	29	15	38	28	43	36	12	24	2
47	45	18	30	35	39	2	4	34	11	30	7	8	43	4	25	13	31	45	23	16	30	13	12	24	2
47	45	18	30	35	39	2	4	34	11	30	7	8	43	4	25	13	36	1	35	27	18	31	12	24	2
47	45	18	30	35	39	2	4	34	11	30	7	8	43	4	25	13	39	14	37	28	38	13	12	24	2
47	45	18	30	35	39	2	4	34	11	30	7	8	43	4	25	13	40	43	0	30	12	18	12	24	2
47	45	18	30	35	39	2	4	34	11	30	7	8	43	4	25	13	43	16	16	39	25	1	12	24	2
47	45	18	30	35	39	3	11	34	4	30	7	8	43	4	25	13	7	34	11	33	3	46	12	24	2
47	45	18	30	35	39	3	11	34	4	30	7	8	43	4	25	13	8	27	1	34	28	1	12	24	2
47	45	18	30	35	39	3	11	34	4	30	7	8	43	4	25	13	11	26	46	16	30	6	12	24	2
47	45	18	30	35	39	3	11	34	4	30	7	8	43	4	25	13	27	41	2	15	6	29	12	24	2
47	45	18	30	35	39	3	11	34	4	30	7	8	43	4	25	13	29	15	38	28	43	36	12	24	2
47	45	18	30	35	39	3	11	34	4	30	7	8	43	4	25	13	31	45	23	16	30	13	12	24	2
47	45	18	30	35	39	3	11	34	4	30	7	8	43	4	25	13	36	1	35	27	18	31	12	24	2
47	45	18	30	35	39	3	11	34	4	30	7	8	43	4	25	13	39	14	37	28	38	13	12	24	2
47	45	18	30	35	39	3	11	34	4	30	7	8	43	4	25	13	40	43	0	30	12	18	12	24	2
47	45	18	30	35	39	3	11	34	4	30	7	8	43	4	25	13	43	16	16	39	25	1	12	24	2
47	45	30	18	12	8	1	43	13	36	17	31	32	45	18	39	12	2	16	1	34	35	40	12	24	2
47	45	30	18	12	8	1	43	13	36	17	31	32	45	18	39	12	2	18	2	39	12	7	12	24	2
47	45	30	18	12	8	1	43	13	36	17	31	32	45	18	39	12	5	13	42	46	34	8	12	24	2
47	45	30	18	12	8	1	43	13	36	17	31	32	45	18	39	12	9	21	8	14	26	7	12	24	2
47	45	30	18	12	8	1	43	13	36	17	31	32	45	18	39	12	14	33	42	27	13	9	12	24	2
47	45	30	18	12	8	1	43	13	36	17	31	32	45	18	39	12	19	1	15	34	43	20	12	24	2
47	45	30	18	12	8	1	43	13	36	17	31	32	45	18	39	12	20	20	46	30	6	4	12	24	2
47	45	30	18	12	8	1	43	13	36	17	31	32	45	18	39	12	27	17	23	12	21	11	12	24	2
47	45	30	18	12	8	1	43	13	36	17	31	32	45	18	39	12	29	30	46	6	1	18	12	24	2
47	45	30	18	12	8	1	43	13	36	17	31	32	45	18	39	12	33	30	14	46	36	40	12	24	2
47	45	30	18	12	8	1	43	13	36	17	31	32	45	18	39	12	35	41	15	22	4	34	12	24	2
47	45	30	18	12	8	1	43	13	36	17	31	32	45	18	39	12	37	4	4	38	25	45	12	24	2
47	45	30	18	12	8	1	43	13	36	17	31	32	45	18	39	12	39	45	40	27	38	18	12	24	2
47	45	30	18	12	8	1	43	13	36	17	31	32	45	18	39	12	40	20	11	32	43	31	12	24	2
47	45	30	18	12	8	1	43	13	36	17	31	32	45	18	39	12	43	8	19	22	17	35	12	24	2
47	45	30	18	12	8	1	43	13	36	17	31	32	45	18	39	12	46	46	23	40	19	26	12	24	2
47	45	30	18	12	8	2	43	36	13	17	31	32	45	18	39	12	2	16	1	34	35	40	12	24	2
47	45	30	18	12	8	2	43	36	13	17	31	32	45	18	39	12	2	18	2	39	12	7	12	24	2
47	45	30	18	12	8	2	43	36	13	17	31	32	45	18	39	12	5	13	42	46	34	8	12	24	2
47	45	30	18	12	8	2	43	36	13	17	31	32	45	18	39	12	9	21	8	14	26	7	12	24	2
47	45	30	18	12	8	2	43	36	13	17	31	32	45	18	39	12	14	33	42	27	13	9	12	24	2
47	45	30	18	12	8	2	43	36	13	17	31	32	45	18	39	12	19	1	15	34	43	20	12	24	2
47	45	30	18	12	8	2	43	36	13	17	31	32	45	18	39	12	20	20	46	30	6	4	12	24	2
47	45	30	18	12	8	2	43	36	13	17	31	32	45	18	39	12	27	17	23	12	21	11	12	24	2
47	45	30	18	12	8	2	43	36	13	17	31	32	45	18	39	12	29	30	46	6	1	18	12	24	2
47	45	30	18	12	8	2	43	36	13	17	31	32	45	18	39	12	33	30	14	46	36	40	12	24	2
47	45	30	18	12	8	2	43	36	13	17	31	32	45	18	39	12	35	41	15	22	4	34	12	24	2
47	45	30	18	12	8	2	43	36	13	17	31	32	45	18	39	12	37	4	4	38	25	45	12	24	2
47	45	30	18	12	8	2	43	36	13	17	31	32	45	18	39	12	39	45	40	27	38	18	12	24	2
47	45	30	18	12	8	2	43	36	13	17	31	32	45	18	39	12	40	20	11	32	43	31	12	24	2
47	45	30	18	12	8	2	43	36	13	17	31	32	45	18	39	12	43	8	19	22	17	35	12	24	2
47	45	30	18	12	8	2	43	36	13	17	31	32	45	18	39	12	46	46	23	40	19	26	12	24	2
47	45	30	18	12	8	3	13	36	43	17	31	32	45	18	39	12	2	16	1	34	35	40	12	24	2
47	45	30	18	12	8	3	13	36	43	17	31	32	45	18	39	12	2	18	2	39	12	7	12	24	2
47	45	30	18	12	8	3	13	36	43	17	31	32	45	18	39	12	5	13	42	46	34	8	12	24	2
47	45	30	18	12	8	3	13	36	43	17	31	32	45	18	39	12	9	21	8	14	26	7	12	24	2
47	45	30	18	12	8	3	13	36	43	17	31	32	45	18	39	12	14	33	42	27	13	9	12	24	2
47	45	30	18	12	8	3	13	36	43	17	31	32	45	18	39	12	19	1	15	34	43	20	12	24	2
47	45	30	18	12	8	3	13	36	43	17	31	32	45	18	39	12	20	20	46	30	6	4	12	24	2
47	45	30	18	12	8	3	13	36	43	17	31	32	45	18	39	12	27	17	23	12	21	11	12	24	2
47	45	30	18	12	8	3	13	36	43	17	31	32	45	18	39	12	29	30	46	6	1	18	12	24	2
47	45	30	18	12	8	3	13	36	43	17	31	32	45	18	39	12	33	30	14	46	36	40	12	24	2
47	45	30	18	12	8	3	13	36	43	17	31	32	45	18	39	12	35	41	15	22	4	34	12	24	2
47	45	30	18	12	8	3	13	36	43	17	31	32	45	18	39	12	37	4	4	38	25	45	12	24	2
47	45	30	18	12	8	3	13	36	43	17	31	32	45	18	39	12	39	45	40	27	38	18	12	24	2
47	45	30	18	12	8	3	13	36	43	17	31	32	45	18	39	12	40	20	11	32	43	31	12	24	2
47	45	30	18	12	8	3	13	36	43	17	31	32	45	18	39	12	43	8	19	22	17	35	12	24	2
47	45	30	18	12	8	3	13	36	43	17	31	32	45	18	39	12	46	46	23	40	19	26	12	24	2
47	45	30	18	35	39	1	4	34	11	30	7	8	43	4	25	13	7	34	11	33	3	46	12	24	2
47	45	30	18	35	39	1	4	34	11	30	7	8	43	4	25	13	8	27	1	34	28	1	12	24	2
47	45	30	18	35	39	1	4	34	11	30	7	8	43	4	25	13	11	26	46	16	30	6	12	24	2
47	45	30	18	35	39	1	4	34	11	30	7	8	43	4	25	13	27	41	2	15	6	29	12	24	2
47	45	30	18	35	39	1	4	34	11	30	7	8	43	4	25	13	29	15	38	28	43	36	12	24	2
47	45	30	18	35	39	1	4	34	11	30	7	8	43	4	25	13	31	45	23	16	30	13	12	24	2
47	45	30	18	35	39	1	4	34	11	30	7	8	43	4	25	13	36	1	35	27	18	31	12	24	2
47	45	30	18	35	39	1	4	34	11	30	7	8	43	4	25	13	39	14	37	28	38	13	12	24	2
47	45	30	18	35	39	1	4	34	11	30	7	8	43	4	25	13	40	43	0	30	12	18	12	24	2
47	45	30	18	35	39	1	4	34	11	30	7	8	43	4	25	13	43	16	16	39	25	1	12	24	2
47	45	30	18	35	39	2	4	11	34	30	7	8	43	4	25	13	7	34	11	33	3	46	12	24	2
47	45	30	18	35	39	2	4	11	34	30	7	8	43	4	25	13	8	27	1	34	28	1	12	24	2
47	45	30	18	35	39	2	4	11	34	30	7	8	43	4	25	13	11	26	46	16	30	6	12	24	2
47	45	30	18	35	39	2	4	11	34	30	7	8	43	4	25	13	27	41	2	15	6	29	12	24	2
47	45	30	18	35	39	2	4	11	34	30	7	8	43	4	25	13	29	15	38	28	43	36	12	24	2
47	45	30	18	35	39	2	4	11	34	30	7	8	43	4	25	13	31	45	23	16	30	13	12	24	2
47	45	30	18	35	39	2	4	11	34	30	7	8	43	4	25	13	36	1	35	27	18	31	12	24	2
47	45	30	18	35	39	2	4	11	34	30	7	8	43	4	25	13	39	14	37	28	38	13	12	24	2
47	45	30	18	35	39	2	4	11	34	30	7	8	43	4	25	13	40	43	0	30	12	18	12	24	2
47	45	30	18	35	39	2	4	11	34	30	7	8	43	4	25	13	43	16	16	39	25	1	12	24	2
47	45	30	18	35	39	3	34	11	4	30	7	8	43	4	25	13	7	34	11	33	3	46	12	24	2
47	45	30	18	35	39	3	34	11	4	30	7	8	43	4	25	13	8	27	1	34	28	1	12	24	2
47	45	30	18	35	39	3	34	11	4	30	7	8	43	4	25	13	11	26	46	16	30	6	12	24	2
47	45	30	18	35	39	3	34	11	4	30	7	8	43	4	25	13	27	41	2	15	6	29	12	24	2
47	45	30	18	35	39	3	34	11	4	30	7	8	43	4	25	13	29	15	38	28	43	36	12	24	2
47	45	30	18	35	39	3	34	11	4	30	7	8	43	4	25	13	31	45	23	16	30	13	12	24	2
47	45	30	18	35	39	3	34	11	4	30	7	8	43	4	25	13	36	1	35	27	18	31	12	24	2
47	45	30	18	35	39	3	34	11	4	30	7	8	43	4	25	13	39	14	37	28	38	13	12	24	2
47	45	30	18	35	39	3	34	11	4	30	7	8	43	4	25	13	40	43	0	30	12	18	12	24	2
47	45	30	18	35	39	3	34	11	4	30	7	8	43	4	25	13	43	16	16	39	25	1	12	24	2
