m	n	k	torsion_coset
-1000	-181	107	1
-1000	-181	467	1
-997	-22	647	1
-997	-22	-433	1
-997	770	575	1
-997	770	-505	1
-996	-753	507	1
-996	-753	867	1
-996	39	-717	1
-996	327	867	1
-996	327	-933	1
-996	831	75	1
-996	831	-285	1
-993	-810	-825	1
-993	-306	327	1
-993	-306	831	1
-993	-306	-753	1
-993	-18	615	1
-993	-18	-825	1
-993	270	-825	1
-993	270	-465	1
-993	486	-753	1
-993	486	-393	1
-993	774	687	1
-993	774	-969	1
-993	774	-393	1
-990	-915	867	1
-990	-627	-69	1
-990	-123	363	1
-990	-123	-717	1
-990	669	795	1
-990	669	-645	1
-990	957	723	1
-990	957	-357	1
-988	-793	-685	1
-988	-505	107	1
-988	-505	467	1
-988	287	-325	1
-987	-972	255	1
-987	-972	-825	1
-987	-684	-321	1
-987	-468	327	1
-987	-468	687	1
-987	-468	-249	1
-987	-180	111	1
-987	-180	255	1
-987	-180	-825	1
-987	108	615	1
-987	108	-465	1
-987	612	111	1
-987	612	687	1
-987	900	471	1
-987	900	615	1
-987	900	-969	1
-987	900	-465	1
-986	-911	743	2
-986	-911	-841	2
-986	-911	-337	2
-986	-623	167	2
-986	-623	-553	2
-986	-623	-265	2
-986	-407	23	2
-986	-407	311	2
-986	-407	815	2
-986	-407	-985	2
-986	-407	-769	2
-986	-407	-697	2
-986	-119	167	2
-986	-119	455	2
-986	-119	-913	2
-986	169	23	2
-986	169	-841	2
-986	169	-481	2
-986	673	383	2
-986	673	671	2
-986	673	-985	2
-986	673	-625	2
-986	673	-409	2
-986	673	-337	2
-986	961	527	2
-986	961	815	2
-986	961	-553	2
-985	-346	647	1
-985	-346	-433	1
-985	734	-73	1
-982	-955	-685	1
-982	-667	-253	1
-982	125	-325	1
-979	284	575	1
-979	284	935	1
-978	-951	291	1
-978	-951	-573	1
-978	-951	-69	1
-978	345	-645	1
-975	-792	327	1
-975	-792	687	1
-975	-216	615	1
-975	-216	-465	1
-975	0	687	1
-975	0	-393	1
-975	288	687	1
-975	792	183	1
-975	792	-897	1
-975	792	-321	1
-974	-971	215	2
-974	-971	503	2
-974	-971	791	2
-974	-971	-865	2
-974	-971	-289	2
-974	-467	287	2
-974	-467	647	2
-974	-467	-505	2
-974	-179	431	2
-974	-179	647	2
-974	-179	719	2
-974	-179	-793	2
-974	-179	-361	2
-974	-179	-289	2
-974	-179	-73	2
-974	109	71	2
-974	109	575	2
-974	109	863	2
-974	109	-505	2
-974	325	143	2
-974	325	-937	2
-974	325	-361	2
-974	613	647	2
-974	613	-865	2
-974	613	-145	2
-974	901	71	2
-974	901	287	2
-974	901	791	2
-974	901	-721	2
-974	901	-433	2
-974	901	-1	2
-972	-609	-717	1
-972	-609	-357	1
-972	183	75	1
-972	183	-645	1
-972	471	3	1
-972	471	-357	1
-972	975	651	1
-970	-991	-253	1
-969	-954	687	1
-969	-666	255	1
-969	-666	-825	1
-969	-666	-249	1
-969	-162	687	1
-969	-162	-393	1
-969	414	111	1
-969	414	615	1
-969	414	-969	1
-969	414	-465	1
-969	630	183	1
-969	630	-897	1
-969	630	-321	1
-969	918	-33	1
-967	-832	-433	1
-967	-40	935	1
-967	248	-73	1
-964	-361	35	1
-964	-361	-325	1
-961	-994	647	1
-960	-933	-357	1
-960	-645	-213	1
-960	-141	795	1
-960	147	3	1
-957	-990	111	1
-957	-990	615	1
-957	-990	-825	1
-957	-990	-249	1
-957	-702	-465	1
-957	-198	111	1
-957	-198	-969	1
-957	90	111	1
-957	90	471	1
-957	90	975	1
-957	90	-465	1
-957	306	183	1
-957	306	543	1
-957	306	-321	1
-957	882	471	1
-957	882	-609	1
-954	-807	867	1
-954	-807	-213	1
-954	-15	-717	1
-954	489	291	1
-952	-685	35	1
-952	-685	395	1
-951	-864	615	1
-951	-864	-825	1
-951	-648	687	1
-951	-648	-753	1
-951	-72	471	1
-951	-72	615	1
-951	-72	975	1
-951	-72	-969	1
-951	144	39	1
-951	144	543	1
-951	144	-897	1
-951	144	-321	1
-951	432	-393	1
-950	-803	383	2
-950	-803	-481	2
-950	-803	-337	2
-950	-803	-121	2
-950	-587	167	2
-950	-587	239	2
-950	-587	959	2
-950	-587	-841	2
-950	-587	-553	2
-950	-587	-409	2
-950	-587	-49	2
-950	-11	95	2
-950	-11	455	2
-950	-11	-913	2
-950	205	167	2
-950	205	527	2
-950	205	-625	2
-950	493	311	2
-950	493	527	2
-950	493	599	2
-950	493	-481	2
-950	493	-193	2
-950	493	-49	2
-950	997	959	2
-949	-526	575	1
-949	-526	-505	1
-949	554	935	1
-949	554	-145	1
-943	-688	575	1
-943	-688	-505	1
-943	392	935	1
-943	392	-145	1
-943	680	-793	1
-942	-627	795	1
-942	-627	-285	1
-942	-339	-717	1
-942	-339	-357	1
-942	165	291	1
-942	165	-789	1
-942	453	75	1
-942	957	-789	1
-939	-972	-753	1
-939	-684	111	1
-939	-684	687	1
-939	-684	-969	1
-939	-684	-393	1
-939	-396	471	1
-939	-396	975	1
-939	-180	39	1
-939	-180	543	1
-939	-180	-321	1
-939	108	-393	1
-939	396	471	1
-939	396	-609	1
-939	396	-33	1
-939	900	39	1
-939	900	399	1
-939	900	903	1
-938	-863	143	2
-938	-863	503	2
-938	-863	-865	2
-938	-863	-649	2
-938	-359	575	2
-938	-359	647	2
-938	-359	-433	2
-938	-359	-145	2
-938	-71	431	2
-938	-71	-433	2
-938	-71	-73	2
-938	145	575	2
-938	145	-505	2
-938	721	215	2
-938	721	935	2
-938	721	-73	2
-938	937	431	2
-938	937	503	2
-938	937	575	2
-938	937	791	2
-938	937	-577	2
-938	937	-505	2
-938	937	-217	2
-936	-789	795	1
-936	-501	723	1
-936	3	291	1
-936	3	-789	1
-933	-846	111	1
-933	-846	687	1
-933	-846	-393	1
-933	-558	471	1
-933	-54	-393	1
-933	234	471	1
-933	234	-33	1
-933	450	615	1
-933	450	-465	1
-931	-724	-73	1
-931	68	935	1
-931	68	-145	1
-931	356	287	1
-931	356	-793	1
-928	755	-973	1
-925	-886	-73	1
-925	194	287	1
-925	194	-793	1
-924	-825	723	1
-924	-825	-357	1
-924	-321	-789	1
-924	471	147	1
-924	471	-789	1
-924	471	-429	1
-924	759	-429	1
-921	-882	471	1
-921	-882	615	1
-921	-882	-969	1
-921	-882	-465	1
-921	-666	543	1
-921	-666	-897	1
-921	-378	-33	1
-921	126	615	1
-921	126	-465	1
-921	414	903	1
-921	414	-537	1
-921	702	327	1
-921	918	-969	1
-921	918	-465	1
-921	918	-105	1
-918	-483	291	1
-918	-483	651	1
-918	309	651	1
-918	309	-933	1
-918	309	-429	1
-918	597	651	1
-916	431	-973	1
-916	431	-613	1
-915	-828	39	1
-915	-828	183	1
-915	-828	-897	1
-915	-540	-393	1
-915	-540	-33	1
-915	-252	-969	1
-915	-252	-33	1
-915	-36	615	1
-915	-36	975	1
-915	252	399	1
-915	252	543	1
-915	252	-537	1
-915	540	327	1
-915	540	-33	1
-914	-767	95	2
-914	-767	527	2
-914	-767	887	2
-914	-767	-985	2
-914	-767	-913	2
-914	-479	959	2
-914	-479	-913	2
-914	-479	-553	2
-914	-479	-49	2
-914	-191	23	2
-914	-191	455	2
-914	-191	-985	2
-914	-191	-769	2
-914	-191	-265	2
-914	25	599	2
-914	25	-697	2
-914	25	-481	2
-914	313	455	2
-914	313	887	2
-914	313	-625	2
-914	313	-553	2
-914	601	311	2
-914	601	-553	2
-914	601	-193	2
-913	-418	935	1
-913	-130	287	1
-910	269	467	1
-907	-292	-793	1
-906	-807	651	1
-906	-519	-285	1
-906	777	147	1
-906	777	-933	1
-903	-864	-33	1
-903	-576	-969	1
-903	-360	615	1
-903	-360	975	1
-903	216	327	1
-903	432	471	1
-903	432	975	1
-903	432	-969	1
-903	432	-609	1
-903	432	-105	1
-903	720	975	1
-902	-827	575	2
-902	-827	647	2
-902	-827	-865	2
-902	-827	-433	2
-902	-827	-145	2
-902	-539	503	2
-902	-539	-577	2
-902	-539	-1	2
-902	-35	431	2
-902	-35	575	2
-902	-35	935	2
-902	-35	-937	2
-902	-35	-217	2
-902	253	215	2
-902	253	935	2
-902	253	-793	2
-902	253	-505	2
-902	253	-73	2
-902	541	359	2
-902	541	863	2
-902	541	-721	2
-902	541	-217	2
-902	757	359	2
-902	757	431	2
-902	757	719	2
-902	757	-649	2
-902	757	-73	2
-900	-681	75	1
-900	-681	-285	1
-900	-177	147	1
-900	-177	-429	1
-900	-177	-69	1
-900	615	147	1
-900	615	507	1
-900	903	291	1
-900	903	507	1
-900	903	-69	1
-898	-55	467	1
-898	-55	-613	1
-898	737	-685	1
-897	-738	-969	1
-897	-738	-609	1
-897	-522	975	1
-897	-234	39	1
-897	-234	543	1
-897	-234	-537	1
-897	270	471	1
-897	270	975	1
-897	270	-609	1
-897	270	-105	1
-897	846	399	1
-897	846	903	1
-897	846	-681	1
-897	846	-177	1
-892	-217	467	1
-892	-217	-613	1
-892	-217	-253	1
-892	575	395	1
-892	575	-325	1
-892	863	107	1
-892	863	827	1
-892	863	-253	1
-889	14	215	1
-889	14	-865	1
-888	-501	147	1
-888	-501	-573	1
-888	-501	-69	1
-888	-213	651	1
-888	291	147	1
-888	291	507	1
-888	579	291	1
-888	579	507	1
-888	579	-933	1
-888	579	-213	1
-885	-558	39	1
-885	-558	399	1
-885	-558	903	1
-885	-558	-537	1
-885	-270	-33	1
-885	522	399	1
-885	522	759	1
-885	522	-177	1
-885	738	471	1
-885	738	831	1
-885	738	-33	1
-882	-663	-789	1
-882	-375	-429	1
-882	417	-429	1
-882	921	3	1
-880	-541	-613	1
-880	-541	-253	1
-880	539	107	1
-880	539	-253	1
-879	-720	399	1
-879	-720	543	1
-879	-720	903	1
-879	-432	-33	1
-879	-216	975	1
-879	-216	-609	1
-879	-216	-465	1
-879	360	759	1
-879	360	903	1
-879	360	-681	1
-879	576	327	1
-879	576	831	1
-879	576	-609	1
-879	576	-33	1
-879	864	-249	1
-879	864	-105	1
-878	-659	887	2
-878	-659	-985	2
-878	-659	-553	2
-878	-371	167	2
-878	-371	671	2
-878	-371	959	2
-878	-371	-841	2
-878	-371	-193	2
-878	-371	-121	2
-878	-371	-49	2
-878	-155	455	2
-878	-155	527	2
-878	-155	-553	2
-878	-155	-265	2
-878	421	-913	2
-878	421	-625	2
-878	421	-193	2
-878	637	455	2
-878	637	671	2
-878	637	815	2
-878	637	-337	2
-878	637	-49	2
-878	925	95	2
-878	925	815	2
-878	925	887	2
-878	925	-193	2
-877	-310	215	1
-877	-310	-865	1
-877	698	287	1
-877	698	-793	1
-871	-472	215	1
-871	-472	-865	1
-871	536	287	1
-871	536	-793	1
-870	-987	-789	1
-870	-987	-429	1
-870	93	-933	1
-870	93	-429	1
-870	93	-69	1
-870	597	3	1
-867	-540	-969	1
-867	-540	-465	1
-867	-252	975	1
-867	-252	-105	1
-867	36	759	1
-867	252	327	1
-867	252	831	1
-867	252	-33	1
-867	540	-609	1
-867	540	-105	1
-867	828	255	1
-867	828	-825	1
-866	-719	935	2
-866	-719	-505	2
-866	-719	-145	2
-866	-431	-577	2
-866	-431	-361	2
-866	73	143	2
-866	73	431	2
-866	73	863	2
-866	73	935	2
-866	73	-649	2
-866	73	-145	2
-866	361	215	2
-866	361	-793	2
-866	361	-145	2
-866	577	287	2
-866	577	-865	2
-866	577	-73	2
-864	-861	651	1
-864	-357	507	1
-864	-357	867	1
-864	-357	-933	1
-864	-69	-933	1
-864	-69	-573	1
-864	435	-717	1
-864	723	867	1
-864	723	-573	1
-862	-235	395	1
-862	53	-613	1
-862	845	755	1
-861	-918	327	1
-861	-918	-33	1
-861	-702	-969	1
-861	-702	-465	1
-861	-414	975	1
-861	-414	-105	1
-861	-126	759	1
-861	378	-609	1
-861	378	-105	1
-861	666	255	1
-861	666	-825	1
-861	882	327	1
-861	882	-753	1
-859	-796	-865	1
-856	-397	-685	1
-856	-109	107	1
-856	-109	-613	1
-856	683	-685	1
-856	683	-325	1
-853	-958	215	1
-853	50	287	1
-853	50	647	1
-852	-393	-933	1
-852	-393	-573	1
-852	-393	-69	1
-852	111	-717	1
-852	903	435	1
-849	-450	759	1
-849	-450	903	1
-849	-450	-681	1
-849	-450	-177	1
-849	-234	831	1
-849	-234	-609	1
-849	54	255	1
-849	54	-609	1
-849	54	-249	1
-849	558	-753	1
-849	846	-249	1
-846	-843	147	1
-846	-843	-933	1
-846	237	507	1
-846	237	-573	1
-846	741	-645	1
-844	-721	395	1
-844	-721	-685	1
-844	-721	-325	1
-844	359	35	1
-844	359	755	1
-844	359	-325	1
-843	-900	-105	1
-843	-396	327	1
-843	-396	471	1
-843	-396	-609	1
-843	-108	255	1
-843	-108	831	1
-843	-108	-249	1
-843	-108	-105	1
-843	180	255	1
-843	396	327	1
-843	684	687	1
-843	684	831	1
-843	684	-753	1
-843	684	-249	1
-843	972	111	1
-843	972	255	1
-843	972	615	1
-842	-839	383	2
-842	-839	959	2
-842	-839	-841	2
-842	-839	-337	2
-842	-335	383	2
-842	-335	671	2
-842	-335	815	2
-842	-335	-697	2
-842	-335	-625	2
-842	-47	-625	2
-842	-47	-265	2
-842	241	23	2
-842	241	743	2
-842	241	-841	2
-842	241	-697	2
-842	241	-481	2
-842	457	599	2
-842	457	887	2
-842	457	-913	2
-842	457	-769	2
-842	457	-409	2
-842	457	-193	2
-842	457	-121	2
-842	745	743	2
-842	745	-337	2
-842	745	-265	2
-841	-274	647	1
-841	518	215	1
-841	518	-865	1
-838	-883	395	1
-838	-595	-613	1
-838	-595	-253	1
-838	197	755	1
-834	-879	507	1
-834	-879	-69	1
-834	-87	507	1
-834	-87	867	1
-834	705	-717	1
-831	-936	399	1
-831	-936	903	1
-831	-936	-681	1
-831	-936	-177	1
-831	-432	255	1
-831	-432	831	1
-831	-432	-249	1
-831	648	111	1
-831	648	615	1
-831	864	183	1
-831	864	759	1
-831	864	-681	1
-831	864	-321	1
-830	-611	575	2
-830	-611	-793	2
-830	-611	-433	2
-830	-611	-145	2
-830	-395	647	2
-830	-395	935	2
-830	-395	-865	2
-830	-395	-145	2
-830	-395	-73	2
-830	-107	287	2
-830	-107	791	2
-830	-107	-793	2
-830	-107	-289	2
-830	397	719	2
-830	397	863	2
-830	397	-937	2
-830	397	-721	2
-830	685	215	2
-830	685	287	2
-830	685	-793	2
-830	685	-505	2
-830	973	71	2
-830	973	647	2
-830	973	-793	2
-830	973	-433	2
-828	-249	-573	1
-828	255	435	1
-826	-919	827	1
-826	-919	-253	1
-826	-127	755	1
-826	-127	-685	1
-825	-882	471	1
-825	-882	-609	1
-825	-882	-33	1
-825	198	327	1
-825	198	831	1
-825	198	-753	1
-825	198	-249	1
-825	702	183	1
-825	702	759	1
-825	702	-321	1
-825	990	-753	1
-823	-760	287	1
-823	-760	-793	1
-823	32	215	1
-823	32	-865	1
-823	320	647	1
-823	320	-433	1
-817	-922	287	1
-817	-922	-793	1
-817	-130	215	1
-817	-130	575	1
-817	158	647	1
-817	158	-433	1
-817	950	575	1
-817	950	935	1
-816	-861	3	1
-816	-573	867	1
-816	-69	435	1
-816	-69	-285	1
-816	219	363	1
-816	219	-717	1
-813	-918	-249	1
-813	-918	-105	1
-813	-630	255	1
-813	-630	-825	1
-813	-414	327	1
-813	-414	-753	1
-813	-126	327	1
-813	-126	687	1
-813	-126	-249	1
-813	162	111	1
-813	162	255	1
-813	162	-825	1
-813	666	687	1
-813	666	-393	1
-813	954	111	1
-813	954	687	1
-810	-735	867	1
-810	57	363	1
-810	57	-717	1
-808	-613	35	1
-808	-613	-685	1
-807	-792	255	1
-807	-792	-825	1
-807	-288	687	1
-807	-288	831	1
-807	-288	-753	1
-807	0	255	1
-807	0	-825	1
-807	0	-249	1
-807	216	-321	1
-807	216	-177	1
-807	792	-393	1
-806	-731	239	2
-806	-731	743	2
-806	-731	-841	2
-806	-731	-697	2
-806	-731	-337	2
-806	-227	311	2
-806	-227	671	2
-806	-227	-985	2
-806	-227	-697	2
-806	-227	-265	2
-806	61	95	2
-806	61	167	2
-806	61	455	2
-806	61	-913	2
-806	61	-553	2
-806	277	167	2
-806	277	527	2
-806	277	815	2
-806	277	-265	2
-806	853	95	2
-806	853	671	2
-806	853	-625	2
-806	853	-337	2
-805	-166	647	1
-805	-166	-433	1
-805	914	-73	1
-802	-775	-685	1
-802	-775	-325	1
-799	-616	575	1
-799	464	935	1
-798	237	291	1
-798	525	-645	1
-795	-900	327	1
-795	-900	-753	1
-795	-612	687	1
-795	-108	-681	1
-795	-108	-177	1
-795	180	687	1
-795	180	-393	1
-795	684	255	1
-795	684	615	1
-795	972	183	1
-795	972	-897	1
-795	972	-321	1
-794	-791	143	2
-794	-791	215	2
-794	-791	503	2
-794	-791	791	2
-794	-791	-865	2
-794	-791	-505	2
-794	-791	-289	2
-794	-575	359	2
-794	-575	863	2
-794	-575	-721	2
-794	-575	-217	2
-794	-287	647	2
-794	-287	-865	2
-794	1	719	2
-794	1	-793	2
-794	1	-289	2
-794	1	-73	2
-794	505	143	2
-794	505	719	2
-794	505	-937	2
-794	505	-361	2
-794	793	-865	2
-794	793	-505	2
-792	-717	-645	1
-792	-429	363	1
-792	-429	-357	1
-792	363	-645	1
-792	363	-285	1
-792	867	867	1
-792	867	-789	1
-792	867	-429	1
-792	867	-213	1
-790	989	107	1
-790	989	-973	1
-789	-774	687	1
-789	-486	255	1
-789	-486	615	1
-789	-486	-249	1
-789	-270	-681	1
-789	-270	-177	1
-789	18	687	1
-789	306	-969	1
-789	810	183	1
-789	810	-897	1
-789	810	-321	1
-787	-652	647	1
-781	-22	935	1
-781	-22	-505	1
-780	39	-645	1
-780	39	-285	1
-780	543	-933	1
-780	543	-429	1
-780	543	-213	1
-777	-810	111	1
-777	-810	255	1
-777	-810	615	1
-777	-594	183	1
-777	-594	-681	1
-777	-594	-321	1
-777	-18	111	1
-777	-18	-969	1
-777	-18	-393	1
-777	486	39	1
-777	486	543	1
-777	486	-897	1
-777	486	-321	1
-777	990	111	1
-777	990	-465	1
-774	381	867	1
-774	669	-789	1
-772	503	-973	1
-772	503	-613	1
-771	-972	111	1
-771	-972	615	1
-771	-972	-249	1
-771	-756	183	1
-771	-756	759	1
-771	-756	-321	1
-771	-756	-177	1
-771	-468	-753	1
-771	36	615	1
-771	36	-825	1
-771	324	39	1
-771	324	183	1
-771	324	543	1
-771	612	-393	1
-771	828	615	1
-771	828	-969	1
-771	828	-825	1
-770	-911	95	2
-770	-911	-553	2
-770	-695	167	2
-770	-407	239	2
-770	-407	671	2
-770	-407	-913	2
-770	-407	-841	2
-770	-407	-769	2
-770	-407	-553	2
-770	-407	-49	2
-770	97	959	2
-770	97	-337	2
-770	385	527	2
-770	385	-913	2
-770	673	311	2
-770	673	599	2
-770	673	-553	2
-770	673	-481	2
-770	673	-409	2
-770	673	-193	2
-770	889	95	2
-770	889	167	2
-770	889	887	2
-770	889	-913	2
-770	889	-625	2
-769	-346	575	1
-769	-346	-505	1
-769	734	935	1
-769	734	-145	1
-766	341	107	1
-763	-508	575	1
-763	-508	-505	1
-763	-220	-73	1
-763	572	935	1
-763	572	-145	1
-762	-735	-69	1
-762	-447	795	1
-762	57	-789	1
-762	345	291	1
-762	345	-789	1
-759	-792	-753	1
-759	-504	111	1
-759	-504	687	1
-759	-504	-393	1
-759	0	39	1
-759	0	543	1
-759	288	-393	1
-759	504	-825	1
-758	-971	71	2
-758	-971	431	2
-758	-971	647	2
-758	-971	-433	2
-758	-971	-361	2
-758	-755	215	2
-758	-755	-865	2
-758	-179	647	2
-758	-179	-505	2
-758	-179	-433	2
-758	-179	-145	2
-758	37	143	2
-758	37	215	2
-758	37	431	2
-758	37	935	2
-758	37	-865	2
-758	37	-577	2
-758	37	-289	2
-758	325	575	2
-758	325	-865	2
-758	325	-505	2
-758	829	359	2
-758	829	-649	2
-758	829	-433	2
-758	829	-361	2
-756	-897	291	1
-756	-897	-69	1
-756	-609	75	1
-756	-609	-285	1
-756	183	291	1
-756	183	651	1
-756	687	147	1
-756	687	507	1
-754	809	35	1
-753	-954	-753	1
-753	-954	-393	1
-753	-666	687	1
-753	-666	-969	1
-753	-666	-393	1
-753	-450	255	1
-753	-450	-825	1
-753	126	-393	1
-753	126	-33	1
-753	342	-825	1
-753	630	615	1
-753	630	-465	1
-751	-832	575	1
-751	-832	935	1
-751	-544	-73	1
-751	248	935	1
-748	-145	-613	1
-748	935	-973	1
-748	935	-253	1
-745	-706	-73	1
-744	-429	291	1
-744	-429	867	1
-744	-429	-789	1
-744	-141	291	1
-744	-141	651	1
-744	363	507	1
-744	651	651	1
-744	651	-933	1
-744	651	-429	1
-741	-774	255	1
-741	-774	615	1
-741	-486	39	1
-741	-486	183	1
-741	-486	-897	1
-741	-198	-393	1
-741	-198	-33	1
-741	18	615	1
-741	18	-969	1
-741	18	-465	1
-741	306	615	1
-741	306	975	1
-741	594	399	1
-741	594	543	1
-741	594	-537	1
-738	-591	291	1
-738	-591	-789	1
-738	-591	-213	1
-738	-303	651	1
-738	201	-213	1
-738	489	147	1
-738	489	651	1
-738	489	-933	1
-738	489	-429	1
-736	-469	107	1
-736	323	35	1
-736	323	-685	1
-736	611	467	1
-735	-936	615	1
-735	-936	-825	1
-735	-648	183	1
-735	-648	-897	1
-735	-648	-321	1
-735	-360	-33	1
-735	144	975	1
-735	144	-465	1
-735	432	39	1
-735	432	543	1
-735	432	-537	1
-735	648	111	1
-735	648	-969	1
-735	648	-33	1
-734	-875	239	2
-734	-875	599	2
-734	-875	-337	2
-734	-587	95	2
-734	-587	167	2
-734	-587	887	2
-734	-587	-985	2
-734	-587	-913	2
-734	-587	-625	2
-734	-299	527	2
-734	-299	959	2
-734	-299	-553	2
-734	-299	-409	2
-734	-299	-49	2
-734	205	23	2
-734	205	599	2
-734	205	959	2
-734	205	-697	2
-734	493	455	2
-734	493	527	2
-734	493	-625	2
-734	493	-553	2
-734	493	-265	2
-734	709	23	2
-734	709	311	2
-734	709	455	2
-734	709	815	2
-734	709	-985	2
-733	770	287	1
-730	-631	-973	1
-730	449	-973	1
-730	449	-613	1
-726	-123	147	1
-726	-123	-213	1
-726	957	147	1
-726	957	507	1
-723	-468	111	1
-723	-468	615	1
-723	-468	-969	1
-723	-468	-465	1
-723	-180	975	1
-723	324	111	1
-723	324	-969	1
-723	324	-393	1
-723	612	471	1
-723	612	975	1
-723	612	-609	1
-723	612	-105	1
-722	-935	71	2
-722	-935	575	2
-722	-935	-937	2
-722	-935	-289	2
-722	-647	647	2
-722	-647	-865	2
-722	-647	-145	2
-722	-359	503	2
-722	-359	-577	2
-722	-359	-217	2
-722	-359	-1	2
-722	-143	71	2
-722	-143	359	2
-722	-143	647	2
-722	-143	-433	2
-722	145	71	2
-722	145	431	2
-722	145	935	2
-722	145	-937	2
-722	145	-577	2
-722	433	215	2
-722	433	-793	2
-722	433	-505	2
-722	937	431	2
-722	937	719	2
-722	937	-649	2
-722	937	-73	2
-720	3	651	1
-720	3	-933	1
-720	3	-789	1
-720	3	-573	1
-720	3	-69	1
-720	507	-357	1
-720	795	-933	1
-718	-955	107	1
-718	-955	-973	1
-718	-163	35	1
-718	125	467	1
-718	125	-613	1
-718	917	395	1
-717	-630	111	1
-717	-630	615	1
-717	-630	-969	1
-717	-342	975	1
-717	-54	39	1
-717	-54	543	1
-717	-54	903	1
-717	162	111	1
-717	162	-969	1
-717	162	-393	1
-717	450	471	1
-717	450	975	1
-717	450	-609	1
-715	284	-73	1
-712	-325	-685	1
-712	-37	467	1
-712	755	-325	1
-709	-886	935	1
-709	-886	-145	1
-709	914	215	1
-709	914	-145	1
-708	-609	147	1
-708	-321	-789	1
-708	-321	-573	1
-708	471	507	1
-708	975	75	1
-708	975	-645	1
-705	-666	975	1
-705	-666	-465	1
-705	-378	399	1
-705	-378	543	1
-705	-378	903	1
-705	-162	471	1
-705	-162	-969	1
-705	-162	-393	1
-705	-162	-33	1
-705	414	-105	1
-705	630	-33	1
-705	918	327	1
-705	918	831	1
-705	918	-609	1
-705	918	-33	1
-702	-483	-789	1
-702	21	723	1
-702	21	-357	1
-700	-361	467	1
-700	-361	-973	1
-700	-361	-253	1
-699	-540	39	1
-699	-540	399	1
-699	-540	903	1
-699	-324	111	1
-699	-324	471	1
-699	-324	-33	1
-699	-36	471	1
-699	-36	-969	1
-699	-36	-465	1
-699	468	-33	1
-699	756	327	1
-699	756	471	1
-699	756	831	1
-698	-479	527	2
-698	-479	887	2
-698	-479	-985	2
-698	-479	-265	2
-698	-263	455	2
-698	-263	-985	2
-698	-263	-409	2
-698	-263	-49	2
-698	25	527	2
-698	25	-625	2
-698	25	-553	2
-698	25	-265	2
-698	529	959	2
-698	529	-121	2
-698	529	-49	2
-698	817	311	2
-698	817	815	2
-698	817	-625	2
-698	817	-49	2
-697	-202	-73	1
-697	590	215	1
-697	590	-145	1
-697	878	287	1
-697	878	-793	1
-694	269	-685	1
-691	-364	287	1
-691	-364	-73	1
-691	428	215	1
-691	716	287	1
-691	716	647	1
-690	-807	651	1
-690	-807	-933	1
-690	-303	723	1
-690	-15	507	1
-690	-15	-933	1
-687	-864	399	1
-687	-648	471	1
-687	-648	-33	1
-687	-360	-969	1
-687	-360	-465	1
-687	-72	975	1
-687	-72	-105	1
-687	432	327	1
-687	432	831	1
-687	720	-609	1
-687	720	-105	1
-687	936	-537	1
-686	-827	71	2
-686	-827	575	2
-686	-827	791	2
-686	-827	-577	2
-686	-827	-505	2
-686	-827	-217	2
-686	-539	935	2
-686	-539	-145	2
-686	-539	-73	2
-686	-323	-73	2
-686	253	143	2
-686	253	431	2
-686	253	935	2
-686	253	-865	2
-686	253	-649	2
-686	253	-217	2
-686	253	-145	2
-686	469	503	2
-686	469	719	2
-686	469	-577	2
-686	469	-1	2
-686	757	287	2
-684	-969	147	1
-684	-969	-789	1
-684	-969	-429	1
-684	-465	-357	1
-684	-177	147	1
-684	-177	867	1
-684	615	3	1
-684	615	-717	1
-682	-847	-973	1
-682	-55	-685	1
-681	-522	-969	1
-681	-522	-465	1
-681	-522	-105	1
-681	-234	975	1
-681	-234	-105	1
-681	-18	-33	1
-681	558	255	1
-681	558	-609	1
-681	558	-105	1
-681	774	-537	1
-676	-217	395	1
-676	-217	-685	1
-673	-850	287	1
-673	-58	215	1
-673	230	647	1
-672	795	291	1
-672	795	-429	1
-669	-846	471	1
-669	-846	975	1
-669	-846	-609	1
-669	-846	-465	1
-669	-846	-105	1
-669	-342	-33	1
-669	-54	327	1
-669	-54	471	1
-669	-54	-609	1
-669	234	255	1
-669	234	831	1
-669	234	-249	1
-669	234	-105	1
-669	450	903	1
-669	450	-681	1
-669	450	-177	1
-669	738	327	1
-666	-663	147	1
-666	-663	-933	1
-666	-159	75	1
-666	921	435	1
-666	921	-645	1
-664	-541	395	1
-663	-720	975	1
-663	-216	471	1
-663	-216	-609	1
-663	-216	-33	1
-663	72	255	1
-663	72	831	1
-663	72	-609	1
-663	72	-249	1
-663	864	327	1
-663	864	831	1
-663	864	-753	1
-663	864	-249	1
-662	-947	455	2
-662	-947	887	2
-662	-947	-625	2
-662	-659	-841	2
-662	-659	-337	2
-662	-659	-121	2
-662	-443	527	2
-662	-443	887	2
-662	-443	-769	2
-662	-443	-481	2
-662	-443	-49	2
-662	-155	311	2
-662	-155	383	2
-662	-155	455	2
-662	-155	671	2
-662	-155	-697	2
-662	-155	-625	2
-662	-155	-337	2
-662	133	815	2
-662	133	-913	2
-662	133	-265	2
-662	637	311	2
-662	637	887	2
-662	637	-913	2
-662	637	-409	2
-662	637	-121	2
-662	925	23	2
-662	925	671	2
-662	925	743	2
-662	925	815	2
-662	925	-769	2
-662	925	-337	2
-662	925	-265	2
-661	-382	-145	1
-661	698	215	1
-661	698	-865	1
-658	-703	-685	1
-655	-256	647	1
-655	-256	-793	1
-655	824	-433	1
-654	-987	-933	1
-654	-195	3	1
-654	309	-429	1
-651	-252	831	1
-651	-252	-249	1
-651	-36	399	1
-651	-36	903	1
-651	-36	-681	1
-651	-36	-177	1
-651	756	-105	1
-650	-503	359	2
-650	-503	863	2
-650	-503	-1	2
-650	-215	935	2
-650	-215	-865	2
-650	-215	-73	2
-650	73	71	2
-650	73	287	2
-650	73	719	2
-650	73	791	2
-650	73	-793	2
-650	73	-721	2
-650	73	-289	2
-650	289	647	2
-650	289	935	2
-650	289	-145	2
-650	577	359	2
-650	577	719	2
-650	865	287	2
-650	865	-865	2
-650	865	-793	2
-650	865	-505	2
-648	-645	-645	1
-648	147	-429	1
-648	147	-69	1
-648	435	-645	1
-648	435	-285	1
-648	939	-69	1
-645	-702	471	1
-645	-702	831	1
-645	-702	-33	1
-645	-198	399	1
-645	-198	903	1
-645	-198	-681	1
-645	90	-753	1
-645	378	327	1
-645	378	831	1
-645	378	-753	1
-645	594	-105	1
-645	882	759	1
-645	882	-321	1
-643	-868	215	1
-643	-868	-145	1
-643	-580	287	1
-643	-580	-793	1
-643	212	215	1
-643	212	575	1
-643	500	647	1
-643	500	-433	1
-640	899	-973	1
-637	-742	287	1
-637	-742	-793	1
-637	50	575	1
-637	50	-865	1
-637	338	647	1
-637	338	-433	1
-636	-969	-645	1
-636	-681	3	1
-636	-681	-717	1
-636	-177	-429	1
-636	-177	-69	1
-636	111	-285	1
-636	903	291	1
-636	903	-69	1
-633	-738	831	1
-633	-738	-609	1
-633	-738	-105	1
-633	-234	327	1
-633	-234	-753	1
-633	54	687	1
-633	54	831	1
-633	54	-753	1
-633	270	255	1
-633	270	-105	1
-633	846	687	1
-633	846	-753	1
-633	846	-393	1
-630	-843	3	1
-630	453	-573	1
-630	453	-69	1
-628	575	-253	1
-627	-900	-609	1
-627	-900	-105	1
-627	-684	399	1
-627	-684	-537	1
-627	-108	327	1
-627	-108	687	1
-627	108	255	1
-627	396	759	1
-627	396	-681	1
-627	396	-177	1
-627	900	255	1
-627	900	-825	1
-627	900	-249	1
-626	-839	95	2
-626	-839	815	2
-626	-839	887	2
-626	-839	-913	2
-626	-839	-625	2
-626	-839	-193	2
-626	-623	167	2
-626	-623	455	2
-626	-623	887	2
-626	-623	-625	2
-626	-623	-553	2
-626	-47	23	2
-626	-47	671	2
-626	-47	815	2
-626	-47	-985	2
-626	-47	-769	2
-626	-47	-697	2
-626	169	239	2
-626	169	743	2
-626	169	-697	2
-626	169	-121	2
-626	457	527	2
-626	457	815	2
-626	457	-985	2
-626	457	-265	2
-626	457	-193	2
-626	961	167	2
-625	14	647	1
-622	413	827	1
-619	-436	575	1
-619	644	935	1
-618	-375	-645	1
-618	129	507	1
-618	129	-573	1
-618	921	-573	1
-618	921	-213	1
-615	-720	327	1
-615	-432	687	1
-615	-216	255	1
-615	72	-681	1
-615	72	-177	1
-615	360	687	1
-615	864	615	1
-614	-899	71	2
-614	-899	719	2
-614	-899	-721	2
-614	-899	-649	2
-614	-395	359	2
-614	-395	863	2
-614	-395	-937	2
-614	-395	-721	2
-614	-395	-217	2
-614	-107	215	2
-614	-107	647	2
-614	-107	-865	2
-614	109	215	2
-614	109	791	2
-614	109	-649	2
-614	109	-289	2
-614	685	143	2
-614	685	719	2
-614	685	-937	2
-614	685	-577	2
-614	685	-361	2
-614	901	287	2
-614	901	719	2
-614	901	791	2
-614	901	-793	2
-614	901	-289	2
-614	901	-1	2
-612	-825	291	1
-612	-825	-69	1
-612	-537	435	1
-612	-33	507	1
-612	-33	867	1
-612	-33	-789	1
-612	-33	-69	1
-612	255	291	1
-612	255	651	1
-610	89	827	1
-610	89	-253	1
-609	-882	-753	1
-609	-594	-249	1
-609	-90	183	1
-609	-90	-681	1
-609	-90	-177	1
-609	198	-393	1
-609	414	255	1
-609	414	831	1
-609	414	-249	1
-609	990	183	1
-609	990	543	1
-609	990	-321	1
-607	-760	575	1
-607	-760	-865	1
-607	320	935	1
-607	320	-505	1
-604	719	755	1
-601	-922	215	1
-601	-922	-865	1
-601	158	575	1
-601	158	-505	1
-600	-861	435	1
-600	-861	-645	1
-600	-357	507	1
-600	-357	867	1
-600	435	867	1
-600	435	-213	1
-600	723	867	1
-600	723	-933	1
-597	-918	327	1
-597	-918	831	1
-597	-918	-753	1
-597	-918	-249	1
-597	-702	255	1
-597	-414	183	1
-597	-414	759	1
-597	-414	-321	1
-597	-414	-177	1
-597	90	255	1
-597	90	831	1
-597	378	615	1
-597	378	-825	1
-597	666	39	1
-597	666	183	1
-597	666	543	1
-597	882	111	1
-597	882	-753	1
-597	882	-393	1
-594	-519	867	1
-594	-231	-69	1
-594	273	867	1
-594	273	-213	1
-592	-397	-973	1
-592	-397	-253	1
-592	683	107	1
-592	683	-613	1
-591	-864	-105	1
-591	-576	183	1
-591	-576	759	1
-591	-576	-681	1
-591	-576	-321	1
-591	-288	-753	1
-591	-72	-249	1
-591	216	255	1
-591	216	-825	1
-591	504	39	1
-591	504	543	1
-591	504	-321	1
-590	-803	239	2
-590	-803	383	2
-590	-803	599	2
-590	-803	-697	2
-590	-515	167	2
-590	-515	-985	2
-590	-515	-193	2
-590	-227	167	2
-590	-227	239	2
-590	-227	959	2
-590	-227	-841	2
-590	-227	-769	2
-590	-227	-553	2
-590	-227	-49	2
-590	-11	815	2
-590	-11	-985	2
-590	-11	-193	2
-590	277	599	2
-590	277	743	2
-590	277	959	2
-590	277	-841	2
-590	277	-337	2
-590	565	167	2
-590	565	527	2
-590	565	-625	2
-589	-166	575	1
-589	-166	-505	1
-586	-559	827	1
-583	-328	575	1
-583	-328	-505	1
-583	680	-433	1
-583	680	-73	1
-582	-843	-69	1
-582	-555	291	1
-582	-555	-69	1
-582	237	291	1
-582	741	363	1
-582	741	723	1
-579	-900	759	1
-579	-900	-321	1
-579	-612	-753	1
-579	-612	-393	1
-579	180	39	1
-579	396	111	1
-579	396	687	1
-579	396	-393	1
-579	684	-825	1
-578	-863	71	2
-578	-863	863	2
-578	-863	-937	2
-578	-863	-649	2
-578	-863	-145	2
-578	-575	215	2
-578	-575	647	2
-578	-575	-865	2
-578	-575	-793	2
-578	-71	287	2
-578	-71	647	2
-578	-71	-721	2
-578	-71	-361	2
-578	217	215	2
-578	217	431	2
-578	217	-937	2
-578	217	-865	2
-578	217	-577	2
-578	217	-289	2
-578	505	575	2
-578	505	-505	2
-578	505	-433	2
-578	721	647	2
-578	721	935	2
-578	721	-433	2
-576	-213	147	1
-576	-213	867	1
-576	-213	-573	1
-576	579	-717	1
-576	867	507	1
-576	867	-213	1
-574	-91	755	1
-573	-774	687	1
-573	-774	-393	1
-573	-558	-825	1
-573	-270	255	1
-573	-270	-825	1
-573	234	687	1
-573	234	-393	1
-573	522	-825	1
-573	522	-465	1
-573	810	615	1
-573	810	-465	1
-571	-652	935	1
-571	-652	-505	1
-571	356	-433	1
-571	356	-73	1
-568	-253	-325	1
-568	35	-973	1
-568	827	35	1
-565	194	-73	1
-564	-537	-573	1
-564	-249	291	1
-564	-249	-789	1
-564	-249	-429	1
-564	-249	-213	1
-564	255	723	1
-564	543	-213	1
-561	-882	255	1
-561	-882	-825	1
-561	-882	-249	1
-561	-594	615	1
-561	-594	-825	1
-561	-306	183	1
-561	-306	-897	1
-561	-306	-321	1
-561	198	111	1
-561	198	615	1
-561	198	-969	1
-561	198	-825	1
-561	198	-465	1
-561	486	975	1
-561	486	-465	1
-561	702	-393	1
-558	-699	-573	1
-558	-411	291	1
-558	-411	867	1
-558	-411	-213	1
-558	381	-213	1
-558	885	-285	1
-556	-577	755	1
-556	-577	-325	1
-556	-289	-973	1
-556	503	35	1
-555	-756	255	1
-555	-756	615	1
-555	-468	183	1
-555	-468	-897	1
-555	-468	-321	1
-555	-252	687	1
-555	-252	-753	1
-555	-252	-249	1
-555	324	615	1
-555	324	975	1
-555	540	687	1
-555	828	111	1
-555	828	-969	1
-555	828	-393	1
-554	-695	599	2
-554	-695	743	2
-554	-695	-841	2
-554	-407	95	2
-554	-407	167	2
-554	-407	887	2
-554	-407	-913	2
-554	-407	-625	2
-554	-191	455	2
-554	-191	743	2
-554	-191	-409	2
-554	-191	-337	2
-554	-191	-265	2
-554	-191	-49	2
-554	385	959	2
-554	385	-697	2
-554	385	-481	2
-554	601	167	2
-554	601	527	2
-554	601	-841	2
-554	601	-409	2
-554	889	23	2
-554	889	95	2
-554	889	311	2
-554	889	815	2
-554	889	-985	2
-554	889	-697	2
-554	889	-49	2
-553	662	-505	1
-550	-451	107	1
-550	-451	-973	1
-547	-292	-73	1
-547	500	-505	1
-547	788	287	1
-546	-231	723	1
-546	-231	-717	1
-546	561	795	1
-546	561	-285	1
-546	849	-357	1
-543	-576	-753	1
-543	-576	-249	1
-543	-288	111	1
-543	-288	615	1
-543	-288	-969	1
-543	0	975	1
-543	504	111	1
-543	504	-969	1
-543	504	-393	1
-543	792	471	1
-543	792	975	1
-543	792	-609	1
-542	-755	71	2
-542	-755	143	2
-542	-755	575	2
-542	-755	935	2
-542	-755	-937	2
-542	-467	-865	2
-542	-467	-433	2
-542	37	71	2
-542	37	359	2
-542	37	647	2
-542	37	-649	2
-542	37	-433	2
-542	37	-1	2
-542	325	431	2
-542	325	503	2
-542	325	935	2
-542	325	-577	2
-542	541	503	2
-542	541	-361	2
-542	541	-1	2
-540	-897	-933	1
-540	-897	-429	1
-540	-897	-213	1
-540	-393	363	1
-540	-105	147	1
-540	-105	-213	1
-540	399	795	1
-540	687	723	1
-538	-775	107	1
-537	-954	39	1
-537	-954	543	1
-537	-954	-897	1
-537	-954	-321	1
-537	-738	111	1
-537	-738	-753	1
-537	-738	-249	1
-537	-450	111	1
-537	-450	-465	1
-537	342	111	1
-537	342	471	1
-537	342	-393	1
-537	630	471	1
-537	630	-105	1
-537	846	39	1
-537	846	543	1
-535	-616	-433	1
-535	464	-73	1
-532	-937	-973	1
-532	-937	-613	1
-529	14	935	1
-529	14	-145	1
-528	-429	147	1
-528	-429	507	1
-528	75	795	1
-528	867	-789	1
-528	867	-429	1
-525	-486	615	1
-525	-486	-465	1
-525	-270	687	1
-525	-270	-393	1
-525	18	111	1
-525	18	471	1
-525	18	-33	1
-525	522	543	1
-525	522	-897	1
-525	810	-33	1
-522	-879	363	1
-522	-879	-717	1
-522	201	723	1
-522	201	-357	1
-522	705	651	1
-522	705	-429	1
-519	-936	-825	1
-519	-432	687	1
-519	-432	-393	1
-519	-144	471	1
-519	-144	-393	1
-519	-144	-33	1
-519	144	-969	1
-519	144	-465	1
-519	360	39	1
-519	360	-897	1
-519	648	-33	1
-519	936	327	1
-519	936	831	1
-519	936	-33	1
-518	-875	95	2
-518	-875	167	2
-518	-875	887	2
-518	-875	-913	2
-518	-875	-625	2
-518	-371	527	2
-518	-371	599	2
-518	-371	671	2
-518	-371	887	2
-518	-371	-913	2
-518	-371	-481	2
-518	-371	-409	2
-518	-371	-121	2
-518	-83	95	2
-518	-83	455	2
-518	-83	-697	2
-518	-83	-49	2
-518	205	455	2
-518	205	527	2
-518	205	-985	2
-518	205	-553	2
-518	205	-265	2
-518	421	95	2
-518	421	527	2
-518	421	-985	2
-518	421	-913	2
-518	421	-193	2
-518	709	239	2
-518	709	887	2
-518	709	959	2
-518	709	-553	2
-518	709	-121	2
-518	709	-49	2
-518	997	311	2
-518	997	455	2
-518	997	815	2
-518	997	-337	2
-517	-310	935	1
-517	-310	-145	1
-517	-22	287	1
-517	-22	-73	1
-517	770	215	1
-514	-631	35	1
-511	-472	935	1
-511	-472	-145	1
-511	-184	287	1
-511	608	215	1
-511	896	647	1
-511	896	-793	1
-510	-915	-213	1
-510	-123	-357	1
-507	-972	615	1
-507	-972	-465	1
-507	-468	-33	1
-507	-180	-969	1
-507	-180	-465	1
-507	-180	-105	1
-507	36	-897	1
-507	612	327	1
-507	828	975	1
-507	828	-105	1
-506	-647	71	2
-506	-647	503	2
-506	-647	575	2
-506	-647	-937	2
-506	-647	-505	2
-506	-647	-217	2
-506	-431	143	2
-506	-431	359	2
-506	-431	-937	2
-506	-431	-361	2
-506	-143	287	2
-506	-143	935	2
-506	-143	-505	2
-506	-143	-73	2
-506	361	575	2
-506	361	935	2
-506	361	-433	2
-506	361	-73	2
-506	649	503	2
-506	649	719	2
-506	649	-577	2
-506	649	-1	2
-506	937	287	2
-506	937	647	2
-506	937	-145	2
-504	-285	723	1
-504	219	-429	1
-504	219	-69	1
-502	-955	35	1
-501	-918	687	1
-501	-342	975	1
-501	-342	-969	1
-501	-342	-609	1
-501	-342	-105	1
-501	-126	-897	1
-501	-126	-537	1
-501	666	975	1
-501	666	-105	1
-501	954	-537	1
-501	954	-177	1
-499	-796	-145	1
-499	284	215	1
-496	971	467	1
-496	971	-613	1
-493	-958	935	1
-493	-958	-505	1
-493	-670	287	1
-493	122	-145	1
-493	410	647	1
-492	-897	-285	1
-492	-105	-69	1
-492	183	75	1
-492	687	147	1
-492	687	507	1
-492	975	291	1
-489	-954	111	1
-489	-954	-969	1
-489	-954	-393	1
-489	-666	471	1
-489	-666	975	1
-489	-666	-969	1
-489	-666	-609	1
-489	-666	-105	1
-489	-450	39	1
-489	-450	543	1
-489	-450	-897	1
-489	-450	-537	1
-489	126	471	1
-489	126	-609	1
-489	126	-33	1
-489	630	399	1
-489	630	903	1
-489	630	-681	1
-489	630	-537	1
-489	630	-177	1
-486	-267	-789	1
-486	21	75	1
-486	813	-429	1
-483	-828	471	1
-483	-828	975	1
-483	-828	-609	1
-483	-828	-105	1
-483	-36	471	1
-483	-36	-609	1
-483	-36	-33	1
-483	180	975	1
-483	180	-465	1
-483	972	831	1
-483	972	975	1
-483	972	-609	1
-482	-767	455	2
-482	-767	-985	2
-482	-767	-625	2
-482	-263	239	2
-482	-263	887	2
-482	-263	-769	2
-482	-263	-553	2
-482	-263	-481	2
-482	25	383	2
-482	25	455	2
-482	25	671	2
-482	25	-625	2
-482	25	-337	2
-482	25	-49	2
-482	241	23	2
-482	241	239	2
-482	241	743	2
-482	241	-121	2
-482	817	599	2
-482	817	-913	2
-482	817	-409	2
-482	817	-193	2
-482	817	-121	2
-481	-994	287	1
-481	-202	-145	1
-481	86	647	1
-481	86	-793	1
-481	878	215	1
-481	878	-865	1
-478	485	467	1
-478	485	827	1
-475	-76	287	1
-475	-76	-793	1
-474	-591	-789	1
-474	-591	-429	1
-474	201	-429	1
-474	489	-429	1
-474	489	-69	1
-474	993	-573	1
-471	-936	39	1
-471	-936	543	1
-471	-144	-465	1
-471	144	399	1
-471	144	903	1
-471	144	-681	1
-471	432	-753	1
-471	648	831	1
-471	936	-105	1
-470	-827	431	2
-470	-827	719	2
-470	-827	-793	2
-470	-827	-289	2
-470	-827	-73	2
-470	-827	-1	2
-470	-611	287	2
-470	-611	575	2
-470	-611	-505	2
-470	-611	-73	2
-470	-323	359	2
-470	-323	863	2
-470	-35	647	2
-470	-35	-865	2
-470	-35	-145	2
-470	-35	-73	2
-470	469	287	2
-470	469	647	2
-470	469	935	2
-470	469	-145	2
-470	757	719	2
-470	757	-937	2
-470	973	287	2
-470	973	791	2
-470	973	-721	2
-470	973	-73	2
-468	-753	651	1
-468	-465	75	1
-468	-465	-645	1
-468	39	507	1
-468	39	651	1
-468	39	867	1
-468	39	-933	1
-468	831	507	1
-468	831	-933	1
-468	831	-213	1
-466	161	827	1
-466	953	395	1
-465	-810	-33	1
-465	-522	327	1
-465	-522	831	1
-465	-522	-609	1
-465	-522	-33	1
-465	-306	-465	1
-465	-18	399	1
-465	-18	-177	1
-465	270	327	1
-465	270	-753	1
-465	774	-105	1
-463	-688	215	1
-463	-400	287	1
-463	-400	-793	1
-463	392	575	1
-463	392	-865	1
-457	-850	215	1
-457	-850	-145	1
-457	-562	287	1
-457	-562	-793	1
-457	230	215	1
-457	230	575	1
-456	3	-69	1
-456	507	-933	1
-453	-846	327	1
-453	-846	831	1
-453	-846	-33	1
-453	-630	975	1
-453	-630	-105	1
-453	-54	327	1
-453	-54	-753	1
-453	162	831	1
-453	162	975	1
-453	162	-609	1
-453	162	-105	1
-453	450	255	1
-453	954	831	1
-453	954	-753	1
-453	954	-609	1
-450	-447	147	1
-450	-447	651	1
-450	-447	-933	1
-450	-447	-429	1
-450	345	-933	1
-450	633	507	1
-450	633	-573	1
-450	633	-69	1
-448	-325	467	1
-448	467	395	1
-448	467	-685	1
-448	755	827	1
-447	-792	975	1
-447	-792	-465	1
-447	-792	-105	1
-447	-504	-537	1
-447	0	471	1
-447	0	975	1
-447	0	-609	1
-447	0	-105	1
-447	288	255	1
-447	288	-105	1
-447	576	-681	1
-447	576	-177	1
-447	792	327	1
-447	792	-609	1
-446	-947	311	2
-446	-947	815	2
-446	-947	-697	2
-446	-947	-49	2
-446	-731	23	2
-446	-731	383	2
-446	-731	959	2
-446	-731	-121	2
-446	-443	167	2
-446	-443	455	2
-446	-443	-625	2
-446	-443	-553	2
-446	61	167	2
-446	61	815	2
-446	61	887	2
-446	61	-625	2
-446	61	-193	2
-446	349	239	2
-446	349	383	2
-446	349	743	2
-446	637	527	2
-446	637	815	2
-446	637	-985	2
-446	637	-265	2
-446	637	-193	2
-446	853	95	2
-446	853	383	2
-446	853	815	2
-446	853	-769	2
-446	853	-697	2
-446	853	-625	2
-446	853	-409	2
-445	-886	647	1
-445	-886	-793	1
-445	914	647	1
-442	-487	-613	1
-442	305	395	1
-442	305	755	1
-442	593	-253	1
-438	-771	147	1
-438	-771	507	1
-438	-771	-429	1
-438	-483	-69	1
-438	21	507	1
-438	309	507	1
-438	309	867	1
-438	309	-69	1
-435	-828	-537	1
-435	-828	-177	1
-435	-540	-753	1
-435	-36	255	1
-435	252	183	1
-435	252	-681	1
-435	252	-177	1
-435	468	-609	1
-434	-791	215	2
-434	-791	431	2
-434	-791	863	2
-434	-791	935	2
-434	-791	-649	2
-434	-791	-577	2
-434	-791	-145	2
-434	-215	359	2
-434	-215	863	2
-434	-215	-937	2
-434	-215	-721	2
-434	-215	-217	2
-434	1	431	2
-434	1	647	2
-434	1	-721	2
-434	1	-649	2
-434	1	-361	2
-434	1	-73	2
-434	289	215	2
-434	289	575	2
-434	289	791	2
-434	289	-289	2
-434	289	-217	2
-434	793	215	2
-434	793	-145	2
-432	-933	651	1
-432	-933	-933	1
-432	-645	291	1
-432	-645	-429	1
-432	147	-789	1
-432	147	-573	1
-432	651	3	1
-432	651	723	1
-430	-811	467	1
-430	-811	-613	1
-430	269	827	1
-430	269	-253	1
-429	-990	903	1
-429	-990	-681	1
-429	-990	-177	1
-429	-702	327	1
-429	-486	471	1
-429	-486	975	1
-429	-486	-609	1
-429	90	183	1
-429	90	-681	1
-429	90	-321	1
-429	306	-609	1
-429	306	-249	1
-429	594	831	1
-429	594	-825	1
-429	594	-249	1
-427	-580	215	1
-427	-580	-865	1
-427	428	-793	1
-424	-181	755	1
-421	-742	215	1
-421	-742	-865	1
-421	266	-793	1
-420	-465	507	1
-420	-465	-573	1
-420	-465	-213	1
-420	-177	867	1
-420	-177	-789	1
-420	327	3	1
-420	615	147	1
-420	615	867	1
-420	615	-213	1
-417	-810	831	1
-417	-810	975	1
-417	-810	-609	1
-417	-522	-105	1
-417	-234	183	1
-417	-234	759	1
-417	-234	-681	1
-417	-234	-321	1
-417	-18	327	1
-417	-18	831	1
-417	-18	-753	1
-417	-18	-609	1
-417	-18	-249	1
-417	270	-249	1
-417	558	255	1
-417	558	-825	1
-414	-627	507	1
-414	-339	867	1
-414	165	3	1
-414	453	867	1
-412	-217	827	1
-412	-217	-973	1
-411	-972	471	1
-411	-972	831	1
-411	-684	-105	1
-411	-396	183	1
-411	-396	759	1
-411	-396	-321	1
-411	108	831	1
-411	396	255	1
-411	396	-825	1
-411	612	327	1
-411	612	-753	1
-410	-911	167	2
-410	-911	815	2
-410	-911	-625	2
-410	-911	-553	2
-410	-623	383	2
-410	-623	599	2
-410	-623	-697	2
-410	-623	-121	2
-410	-335	167	2
-410	169	527	2
-410	169	-985	2
-410	169	-265	2
-410	169	-193	2
-410	457	239	2
-410	457	743	2
-410	457	959	2
-410	457	-841	2
-410	457	-337	2
-410	673	167	2
-410	673	239	2
-410	673	311	2
-410	673	527	2
-410	673	-841	2
-410	673	-769	2
-410	673	-481	2
-409	734	575	1
-409	734	-505	1
-406	-667	755	1
-406	-667	-685	1
-406	413	-325	1
-403	-220	647	1
-403	-220	-433	1
-403	572	575	1
-403	572	-505	1
-403	860	-73	1
-402	-663	867	1
-402	-663	-573	1
-402	921	-717	1
-399	-720	183	1
-399	-720	759	1
-399	-504	327	1
-399	-504	831	1
-399	-504	-753	1
-399	-216	-825	1
-399	288	327	1
-399	288	-753	1
-399	576	687	1
-399	576	-393	1
-399	864	-825	1
-399	864	-465	1
-398	-971	287	2
-398	-971	359	2
-398	-971	791	2
-398	-971	-721	2
-398	-683	575	2
-398	-683	-937	2
-398	-683	-649	2
-398	-683	-217	2
-398	-683	-145	2
-398	-395	215	2
-398	-395	287	2
-398	-395	-865	2
-398	-395	-793	2
-398	-395	-505	2
-398	-179	215	2
-398	-179	287	2
-398	-179	575	2
-398	-179	-793	2
-398	-179	-433	2
-398	109	647	2
-398	109	719	2
-398	109	-361	2
-398	397	143	2
-398	397	215	2
-398	397	935	2
-398	397	-865	2
-398	397	-577	2
-398	397	-289	2
-398	901	575	2
-398	901	647	2
-398	901	935	2
-398	901	-865	2
-398	901	-433	2
-398	901	-73	2
-396	-321	3	1
-396	-321	363	1
-396	-33	147	1
-396	471	795	1
-396	471	-645	1
-396	759	363	1
-396	759	723	1
-394	-991	-685	1
-394	89	-325	1
-393	-666	327	1
-393	-666	-249	1
-393	-378	255	1
-393	-378	-825	1
-393	-90	255	1
-393	-90	615	1
-393	126	327	1
-393	126	687	1
-393	414	111	1
-393	414	687	1
-393	702	615	1
-393	702	-969	1
-393	702	-465	1
-391	-544	647	1
-391	-544	-433	1
-391	248	-505	1
-391	536	-73	1
-388	-865	-253	1
-388	-73	755	1
-388	-73	-325	1
-385	-706	647	1
-385	-706	-433	1
-385	374	-73	1
-384	-645	363	1
-384	-645	723	1
-384	-357	147	1
-384	-357	-573	1
-384	435	723	1
-384	939	-429	1
-381	-702	255	1
-381	-702	831	1
-381	-702	-825	1
-381	-702	-249	1
-381	-414	255	1
-381	-414	615	1
-381	-198	327	1
-381	-198	687	1
-381	378	111	1
-381	378	615	1
-381	378	-969	1
-381	378	-465	1
-381	594	183	1
-381	594	-897	1
-381	594	-321	1
-381	882	687	1
-378	-519	-573	1
-378	-519	-213	1
-378	-15	435	1
-378	-15	-645	1
-376	-397	755	1
-375	-576	615	1
-375	-360	687	1
-375	-72	-753	1
-375	-72	-249	1
-375	432	183	1
-375	432	759	1
-375	432	-897	1
-375	432	-321	1
-374	-515	239	2
-374	-515	599	2
-374	-299	167	2
-374	-299	311	2
-374	-299	671	2
-374	-299	-481	2
-374	-11	455	2
-374	-11	671	2
-374	-11	743	2
-374	-11	-769	2
-374	-11	-337	2
-374	-11	-265	2
-374	-11	-49	2
-374	493	95	2
-374	493	167	2
-374	493	455	2
-374	493	-913	2
-374	781	527	2
-374	781	671	2
-374	781	-913	2
-374	781	-841	2
-374	781	-121	2
-373	-238	-865	1
-373	50	-73	1
-373	842	-505	1
-367	-400	-865	1
-367	-112	-433	1
-367	680	-505	1
-367	968	-73	1
-366	-843	-573	1
-366	-843	-213	1
-366	-339	435	1
-366	-339	795	1
-366	-51	363	1
-366	453	-789	1
-366	741	795	1
-363	-396	111	1
-363	-396	-753	1
-363	-396	-249	1
-363	-108	111	1
-363	-108	-465	1
-363	684	111	1
-363	684	471	1
-363	684	-393	1
-363	900	-825	1
-362	-863	287	2
-362	-863	719	2
-362	-863	791	2
-362	-863	-793	2
-362	-863	-721	2
-362	-863	-289	2
-362	-863	-1	2
-362	-575	71	2
-362	-575	143	2
-362	-575	431	2
-362	-575	935	2
-362	-575	-937	2
-362	-359	143	2
-362	-359	503	2
-362	-359	719	2
-362	-359	-361	2
-362	217	71	2
-362	217	359	2
-362	217	647	2
-362	217	-649	2
-362	217	-433	2
-362	217	-361	2
-362	433	215	2
-362	433	935	2
-362	433	-865	2
-362	433	-433	2
-362	433	-73	2
-362	721	503	2
-362	721	863	2
-362	721	-1	2
-360	-501	-645	1
-360	-213	-717	1
-360	579	-285	1
-357	-558	111	1
-357	-558	-753	1
-357	-558	-393	1
-357	-270	615	1
-357	-270	-969	1
-357	-270	-825	1
-357	-54	759	1
-357	-54	-897	1
-357	-54	-321	1
-357	522	471	1
-357	522	-969	1
-357	522	-393	1
-357	522	-33	1
-357	738	-825	1
-355	-436	-433	1
-355	644	-73	1
-349	-886	575	1
-349	-886	-865	1
-349	-886	-505	1
-349	194	935	1
-349	194	-505	1
-349	194	-145	1
-348	-825	795	1
-348	-33	291	1
-348	-33	-789	1
-348	759	291	1
-348	759	507	1
-348	759	-789	1
-345	-882	111	1
-345	-882	687	1
-345	-882	-753	1
-345	-882	-393	1
-345	-378	-321	1
-345	-90	687	1
-345	-90	-393	1
-345	198	471	1
-345	198	-393	1
-345	198	-33	1
-345	414	615	1
-345	414	-465	1
-345	702	39	1
-345	702	-897	1
-345	990	-33	1
-342	-987	795	1
-342	-699	363	1
-342	-699	723	1
-342	-195	291	1
-342	-195	-789	1
-342	597	291	1
-342	597	-789	1
-342	597	-213	1
-342	885	651	1
-342	885	-429	1
-340	719	107	1
-340	719	827	1
-339	-756	-825	1
-339	-540	759	1
-339	-252	687	1
-339	-252	-393	1
-339	36	471	1
-339	36	-33	1
-339	540	-897	1
-339	828	-33	1
-338	-983	95	2
-338	-983	671	2
-338	-983	-769	2
-338	-983	-409	2
-338	-695	167	2
-338	-695	527	2
-338	-695	-625	2
-338	-479	455	2
-338	-479	-553	2
-338	-479	-265	2
-338	-191	167	2
-338	-191	599	2
-338	-191	671	2
-338	-191	887	2
-338	-191	-913	2
-338	-191	-409	2
-338	-191	-121	2
-338	97	455	2
-338	97	-409	2
-338	97	-49	2
-338	601	95	2
-338	601	815	2
-338	601	-985	2
-338	601	-913	2
-338	601	-193	2
-338	889	239	2
-338	889	527	2
-338	889	959	2
-338	889	-553	2
-338	889	-49	2
-337	-922	-73	1
-337	-130	935	1
-337	-130	-145	1
-337	158	287	1
-337	950	215	1
-331	-292	935	1
-331	-4	287	1
-331	-4	-73	1
-330	-231	-285	1
-330	273	147	1
-330	273	-789	1
-330	273	-213	1
-327	-864	-897	1
-327	-288	471	1
-327	-288	-969	1
-327	-72	615	1
-327	-72	-465	1
-327	216	-897	1
-327	216	-537	1
-327	720	111	1
-327	720	615	1
-327	720	-969	1
-327	720	-465	1
-326	-539	575	2
-326	-539	647	2
-326	-539	-433	2
-326	-251	143	2
-326	-251	863	2
-326	-251	-937	2
-326	-251	-361	2
-326	37	287	2
-326	37	575	2
-326	37	-505	2
-326	253	71	2
-326	253	503	2
-326	253	575	2
-326	253	863	2
-326	253	-937	2
-326	253	-505	2
-326	253	-145	2
-326	541	935	2
-326	541	-73	2
-326	829	503	2
-326	829	-577	2
-326	829	-1	2
-324	-681	291	1
-324	-681	-429	1
-324	111	291	1
-324	111	651	1
-324	399	651	1
-324	399	-789	1
-324	399	-69	1
-324	903	-933	1
-322	233	107	1
-322	233	-973	1
-321	-738	-393	1
-321	-234	615	1
-321	54	543	1
-321	54	-537	1
-321	342	-33	1
-321	558	111	1
-321	558	615	1
-321	558	975	1
-321	558	-969	1
-321	846	975	1
-319	-616	935	1
-319	-616	-505	1
-319	464	-145	1
-316	71	107	1
-316	71	467	1
-316	863	395	1
-313	-778	-505	1
-313	302	-145	1
-312	-717	795	1
-312	-717	-285	1
-312	-213	147	1
-312	-213	651	1
-312	75	-789	1
-312	867	507	1
-309	-774	111	1
-309	-774	-969	1
-309	-774	-393	1
-309	-270	39	1
-309	-270	543	1
-309	-270	-537	1
-309	234	471	1
-309	234	615	1
-309	234	975	1
-309	234	-969	1
-309	810	399	1
-309	810	903	1
-309	810	-681	1
-309	810	-177	1
-306	-879	795	1
-306	-879	-285	1
-306	-87	-789	1
-306	417	147	1
-303	-936	111	1
-303	-936	-969	1
-303	-936	-393	1
-303	-720	-825	1
-303	72	111	1
-303	72	471	1
-303	72	975	1
-303	360	-465	1
-303	864	471	1
-303	864	-609	1
-303	864	-33	1
-302	-875	95	2
-302	-875	311	2
-302	-875	-985	2
-302	-875	-697	2
-302	-875	-409	2
-302	-659	383	2
-302	-659	599	2
-302	-659	-841	2
-302	-659	-337	2
-302	-659	-121	2
-302	-83	527	2
-302	-83	887	2
-302	-83	-481	2
-302	-83	-121	2
-302	133	455	2
-302	133	-985	2
-302	133	-913	2
-302	133	-193	2
-302	421	23	2
-302	421	239	2
-302	421	743	2
-302	421	959	2
-302	421	-481	2
-302	925	383	2
-302	925	455	2
-302	925	743	2
-302	925	-985	2
-302	925	-625	2
-302	925	-49	2
-301	-814	-73	1
-301	-22	-145	1
-301	986	-793	1
-298	-415	467	1
-298	377	395	1
-298	665	827	1
-295	-976	-73	1
-295	824	287	1
-295	824	-793	1
-294	-699	147	1
-294	-699	291	1
-294	-411	651	1
-294	93	147	1
-294	381	507	1
-294	381	651	1
-294	381	-933	1
-291	-756	39	1
-291	-756	-537	1
-291	-468	-33	1
-291	-252	471	1
-291	36	-465	1
-291	324	399	1
-291	324	-177	1
-291	828	831	1
-290	-935	575	2
-290	-935	935	2
-290	-935	-433	2
-290	-935	-73	2
-290	-431	287	2
-290	-431	575	2
-290	-431	-505	2
-290	-431	-433	2
-290	-143	359	2
-290	-143	719	2
-290	73	431	2
-290	73	791	2
-290	73	-73	2
-290	73	-1	2
-290	649	647	2
-290	649	935	2
-290	649	-865	2
-290	649	-145	2
-290	649	-73	2
-290	865	215	2
-290	865	-793	2
-290	865	-145	2
-290	865	-73	2
-288	-861	507	1
-288	-861	-789	1
-288	-861	-213	1
-288	-573	-789	1
-288	-573	-429	1
-288	-69	-573	1
-288	219	147	1
-288	219	867	1
-288	219	-429	1
-285	-918	543	1
-285	-918	-897	1
-285	-630	-33	1
-285	-126	-465	1
-285	-126	-105	1
-285	162	903	1
-285	162	-681	1
-285	162	-537	1
-285	378	-609	1
-285	378	-33	1
-285	954	255	1
-285	954	-105	1
-283	-508	215	1
-283	-508	-145	1
-283	500	287	1
-283	500	-793	1
-280	-901	467	1
-280	-901	827	1
-280	-901	-973	1
-280	179	827	1
-280	179	-613	1
-277	-670	215	1
-277	338	287	1
-277	338	-793	1
-276	-897	651	1
-276	-897	-429	1
-276	-897	-69	1
-276	-393	-573	1
-276	399	3	1
-276	399	363	1
-276	687	-933	1
-276	687	-213	1
-273	-954	-33	1
-273	-738	111	1
-273	-738	615	1
-273	-738	-969	1
-273	-738	-465	1
-273	-450	975	1
-273	-450	-465	1
-273	-450	-105	1
-273	54	-969	1
-273	54	-33	1
-273	342	471	1
-273	342	975	1
-273	342	-609	1
-273	342	-105	1
-273	630	255	1
-273	630	-105	1
-273	846	327	1
-273	846	-33	1
-270	-555	-933	1
-270	-267	147	1
-270	-267	651	1
-270	-267	-933	1
-270	525	-933	1
-270	525	-573	1
-268	-433	35	1
-268	-433	395	1
-268	-145	-613	1
-268	647	395	1
-268	647	755	1
-267	-900	111	1
-267	-900	615	1
-267	-900	-969	1
-267	-900	-465	1
-267	-612	975	1
-267	-612	-105	1
-267	-324	-537	1
-267	-108	-969	1
-267	180	471	1
-267	180	975	1
-267	180	-609	1
-267	180	-105	1
-267	468	255	1
-267	972	-609	1
-266	-839	95	2
-266	-839	527	2
-266	-839	815	2
-266	-839	-985	2
-266	-839	-193	2
-266	-551	383	2
-266	-551	959	2
-266	-551	-481	2
-266	-551	-121	2
-266	-263	455	2
-266	-263	815	2
-266	-263	-553	2
-266	-47	23	2
-266	-47	743	2
-266	-47	-985	2
-266	-47	-769	2
-266	-47	-265	2
-266	-47	-49	2
-266	241	167	2
-266	241	455	2
-266	241	887	2
-266	241	-625	2
-266	529	239	2
-266	529	743	2
-266	529	-121	2
-265	14	-793	1
-262	-307	467	1
-262	-307	-613	1
-262	485	-685	1
-258	-879	-933	1
-258	-591	651	1
-258	-591	-933	1
-258	201	-933	1
-258	201	-573	1
-258	705	75	1
-258	705	435	1
-255	-936	975	1
-255	-648	903	1
-255	-648	-681	1
-255	-648	-177	1
-255	-432	-969	1
-255	-432	-609	1
-255	648	-609	1
-255	648	-249	1
-254	-899	71	2
-254	-899	791	2
-254	-899	-721	2
-254	-899	-433	2
-254	-899	-1	2
-254	-611	215	2
-254	-611	431	2
-254	-611	503	2
-254	-611	935	2
-254	-611	-649	2
-254	-611	-577	2
-254	-611	-289	2
-254	-107	935	2
-254	-107	-793	2
-254	-107	-145	2
-254	181	359	2
-254	181	431	2
-254	181	-649	2
-254	181	-361	2
-254	181	-73	2
-254	469	71	2
-254	469	575	2
-254	469	791	2
-254	469	863	2
-254	469	-289	2
-254	469	-217	2
-254	685	143	2
-254	685	359	2
-254	685	863	2
-254	685	-721	2
-254	685	-217	2
-254	973	215	2
-254	973	-433	2
-252	-753	147	1
-252	-753	507	1
-252	-249	363	1
-252	831	723	1
-250	-631	467	1
-250	-631	827	1
-249	-810	399	1
-249	-810	903	1
-249	-810	-681	1
-249	-810	-537	1
-249	-810	-177	1
-249	-594	471	1
-249	-594	-609	1
-249	-306	471	1
-249	-306	831	1
-249	-306	-105	1
-249	198	327	1
-249	486	831	1
-249	486	-753	1
-249	486	-249	1
-249	774	255	1
-249	774	831	1
-249	990	399	1
-249	990	903	1
-249	990	-681	1
-247	320	215	1
-247	320	-865	1
-247	608	-793	1
-244	-1	755	1
-241	158	215	1
-241	158	-865	1
-241	446	-793	1
-240	-573	363	1
-240	-573	-357	1
-240	-285	507	1
-240	219	435	1
-240	507	3	1
-240	507	723	1
-237	-918	471	1
-237	-918	-609	1
-237	-918	-33	1
-237	-630	471	1
-237	-630	831	1
-237	-342	-105	1
-237	162	327	1
-237	162	831	1
-237	162	-753	1
-237	162	-249	1
-237	450	831	1
-237	666	759	1
-237	666	903	1
-237	666	-681	1
-234	-735	3	1
-234	-735	-357	1
-234	-447	-573	1
-234	345	3	1
-234	345	363	1
-234	849	-69	1
-232	-325	755	1
-232	-325	-685	1
-231	-792	831	1
-231	-504	-105	1
-231	-288	-33	1
-231	504	399	1
-231	504	759	1
-231	792	327	1
-231	792	-753	1
-230	-731	455	2
-230	-731	815	2
-230	-731	-553	2
-230	-731	-193	2
-230	-443	383	2
-230	-443	599	2
-230	-443	-697	2
-230	-443	-121	2
-230	-227	167	2
-230	-227	671	2
-230	-227	887	2
-230	-227	959	2
-230	-227	-841	2
-230	-227	-553	2
-230	-227	-121	2
-230	-227	-49	2
-230	349	167	2
-230	349	815	2
-230	349	-985	2
-230	349	-193	2
-230	565	95	2
-230	565	887	2
-230	565	-913	2
-230	565	-625	2
-230	853	239	2
-230	853	311	2
-230	853	527	2
-230	853	-769	2
-230	853	-481	2
-230	853	-193	2
-229	-166	215	1
-229	-166	-865	1
-229	914	575	1
-229	914	-505	1
-226	-487	395	1
-223	-328	215	1
-223	-40	647	1
-223	-40	-793	1
-223	-40	-433	1
-223	752	575	1
-222	-267	435	1
-222	21	3	1
-222	21	363	1
-222	813	795	1
-222	813	-645	1
-219	-612	327	1
-219	-612	-33	1
-219	-324	327	1
-219	-324	-249	1
-219	-36	255	1
-219	-36	-825	1
-219	180	759	1
-219	468	327	1
-219	468	687	1
-219	756	111	1
-219	756	687	1
-218	-791	287	2
-218	-791	359	2
-218	-791	647	2
-218	-791	-721	2
-218	-503	71	2
-218	-503	215	2
-218	-503	863	2
-218	-503	-937	2
-218	-503	-649	2
-218	-503	-145	2
-218	1	287	2
-218	1	575	2
-218	1	-433	2
-218	1	-145	2
-218	289	647	2
-218	289	719	2
-218	289	-721	2
-218	289	-361	2
-218	505	215	2
-218	505	287	2
-218	505	-793	2
-216	-933	-933	1
-216	-429	75	1
-216	-429	795	1
-216	-141	363	1
-216	363	-789	1
-216	363	-69	1
-216	651	435	1
-214	-811	395	1
-214	-811	-685	1
-213	-990	255	1
-213	-774	327	1
-213	-486	831	1
-213	-486	-753	1
-213	-486	-609	1
-213	-198	255	1
-213	-198	-825	1
-213	-198	-249	1
-213	306	687	1
-213	306	-753	1
-213	594	-393	1
-213	594	-249	1
-213	810	255	1
-211	-652	215	1
-211	-364	647	1
-211	-364	-433	1
-211	428	575	1
-211	428	-865	1
-211	716	-73	1
-208	-973	395	1
-208	-973	-685	1
-205	-526	647	1
-204	831	291	1
-204	831	651	1
-204	831	867	1
-204	831	-213	1
-201	-522	255	1
-201	-522	831	1
-201	-522	-825	1
-201	-522	-249	1
-201	-306	399	1
-201	-306	903	1
-201	-306	-681	1
-201	-306	-177	1
-201	-18	687	1
-201	486	255	1
-201	774	183	1
-201	774	759	1
-201	774	-897	1
-201	774	-321	1
-198	-915	75	1
-198	165	435	1
-198	165	-645	1
-198	669	867	1
-198	669	-213	1
-196	791	107	1
-196	791	-253	1
-195	-972	-609	1
-195	-468	399	1
-195	-468	903	1
-195	-468	-681	1
-195	-468	-177	1
-195	-180	687	1
-195	108	-753	1
-195	108	-249	1
-195	612	183	1
-195	612	759	1
-195	612	-897	1
-195	612	-321	1
-194	-911	383	2
-194	-911	743	2
-194	-911	-625	2
-194	-911	-409	2
-194	-407	95	2
-194	-407	815	2
-194	-407	887	2
-194	-407	-193	2
-194	-119	167	2
-194	-119	671	2
-194	-119	-841	2
-194	-119	-193	2
-194	169	743	2
-194	169	-769	2
-194	169	-265	2
-194	169	-49	2
-194	385	23	2
-194	385	239	2
-194	385	-697	2
-194	385	-481	2
-194	673	167	2
-194	673	455	2
-194	673	-913	2
-194	961	167	2
-194	961	527	2
-194	961	-841	2
-194	961	-481	2
-193	-850	647	1
-193	-850	-793	1
-193	-58	-865	1
-193	230	-433	1
-190	629	107	1
-187	-220	-865	1
-187	-220	-505	1
-187	68	-433	1
-187	860	-505	1
-187	860	-145	1
-186	-447	-69	1
-186	-159	-645	1
-186	633	291	1
-183	-504	687	1
-183	-504	-753	1
-183	-216	111	1
-183	-216	-753	1
-183	-216	-393	1
-183	576	-393	1
-183	792	111	1
-182	-683	287	2
-182	-683	791	2
-182	-683	-793	2
-182	-683	-721	2
-182	-683	-1	2
-182	-467	287	2
-182	-467	-433	2
-182	-467	-145	2
-182	-179	503	2
-182	-179	719	2
-182	-179	-361	2
-182	-179	-1	2
-182	325	143	2
-182	325	-505	2
-182	613	215	2
-182	613	647	2
-182	613	-865	2
-182	613	-793	2
-182	613	-73	2
-182	901	359	2
-182	901	863	2
-182	901	-1	2
-180	-321	435	1
-180	-321	795	1
-180	183	147	1
-180	183	651	1
-180	183	867	1
-180	183	-573	1
-180	975	867	1
-180	975	-933	1
-177	-954	399	1
-177	-954	759	1
-177	-954	-177	1
-177	-378	111	1
-177	-378	687	1
-177	-378	-393	1
-177	-378	-249	1
-177	-162	-825	1
-177	126	183	1
-177	126	759	1
-177	630	615	1
-177	630	-825	1
-177	918	-825	1
-177	918	-465	1
-175	-256	-433	1
-172	143	107	1
-172	143	467	1
-172	935	-325	1
-169	-706	575	1
-169	-706	-505	1
-169	374	935	1
-169	374	-145	1
-168	-933	-789	1
-168	-933	-69	1
-168	-645	795	1
-168	-141	651	1
-168	-141	-573	1
-168	-141	-69	1
-168	147	291	1
-168	147	-789	1
-168	147	-429	1
-168	651	-933	1
-168	939	291	1
-168	939	-789	1
-168	939	-213	1
-165	-990	327	1
-165	-990	-753	1
-165	-702	111	1
-165	-702	687	1
-165	-702	-393	1
-165	-486	255	1
-165	-486	-825	1
-165	-198	759	1
-165	90	687	1
-165	90	-393	1
-165	594	615	1
-165	594	-825	1
-165	594	-465	1
-165	882	-897	1
-162	-303	291	1
-162	-303	-573	1
-162	-303	-69	1
-162	-15	291	1
-162	777	291	1
-162	777	651	1
-162	777	-213	1
-160	-181	467	1
-160	899	827	1
-160	899	-973	1
-159	-864	687	1
-159	-864	-393	1
-159	-72	687	1
-159	-72	-393	1
-159	144	255	1
-159	144	-825	1
-159	144	-249	1
-159	720	-897	1
-159	936	687	1
-158	-803	95	2
-158	-803	455	2
-158	-803	671	2
-158	-803	-409	2
-158	-803	-337	2
-158	-299	95	2
-158	-299	-265	2
-158	-11	167	2
-158	-11	671	2
-158	-11	887	2
-158	-11	-913	2
-158	-11	-481	2
-158	-11	-409	2
-158	-11	-121	2
-158	205	167	2
-158	205	455	2
-158	205	-553	2
-158	205	-265	2
-158	781	95	2
-158	781	455	2
-158	781	-913	2
-158	997	383	2
-158	997	-625	2
-158	997	-409	2
-158	997	-337	2
-157	-742	-433	1
-157	-742	-73	1
-157	50	935	1
-151	-904	-73	1
-151	-112	-145	1
-151	896	-73	1
-150	-627	291	1
-150	-627	867	1
-150	-627	-69	1
-150	165	867	1
-150	453	291	1
-150	453	651	1
-150	957	723	1
-150	957	-717	1
-147	-972	255	1
-147	-684	183	1
-147	-684	-897	1
-147	-180	255	1
-147	-180	615	1
-147	-180	-249	1
-147	108	615	1
-147	396	543	1
-147	396	-537	1
-147	612	-969	1
-147	900	111	1
-147	900	615	1
-147	900	975	1
-147	900	-969	1
-146	-863	215	2
-146	-863	935	2
-146	-863	-865	2
-146	-863	-433	2
-146	-863	-73	2
-146	-647	215	2
-146	-647	503	2
-146	-647	791	2
-146	-647	-505	2
-146	-647	-289	2
-146	-647	-217	2
-146	-359	575	2
-146	-359	647	2
-146	-359	935	2
-146	-359	-793	2
-146	-359	-433	2
-146	-71	143	2
-146	-71	359	2
-146	-71	503	2
-146	-71	-361	2
-146	433	71	2
-146	433	143	2
-146	433	575	2
-146	433	863	2
-146	433	-937	2
-146	433	-649	2
-146	433	-145	2
-146	721	935	2
-146	721	-433	2
-146	721	-73	2
-146	937	575	2
-146	937	-505	2
-144	-789	291	1
-144	-789	-573	1
-144	-789	-213	1
-144	-501	-429	1
-144	3	-213	1
-144	291	147	1
-144	291	651	1
-144	291	-213	1
-144	795	3	1
-142	-667	107	1
-142	-667	-253	1
-142	125	35	1
-142	413	107	1
-142	413	467	1
-141	-846	183	1
-141	-846	-897	1
-141	-846	-321	1
-141	-558	687	1
-141	-342	111	1
-141	-342	615	1
-141	-342	-825	1
-141	-342	-249	1
-141	-54	-465	1
-141	234	39	1
-141	234	543	1
-141	234	-897	1
-141	234	-537	1
-141	738	111	1
-141	738	471	1
-141	738	975	1
-141	738	-465	1
-139	-436	-505	1
-136	-37	35	1
-136	-37	395	1
-136	251	-973	1
-133	-598	-505	1
-132	-825	-429	1
-132	-33	147	1
-132	-33	507	1
-132	471	3	1
-132	471	-717	1
-129	-666	111	1
-129	-666	615	1
-129	-666	-249	1
-129	-90	39	1
-129	-90	543	1
-129	-90	-537	1
-129	126	111	1
-129	126	687	1
-129	126	-969	1
-129	126	-393	1
-129	414	111	1
-129	414	471	1
-129	414	975	1
-129	918	-393	1
-126	-987	-789	1
-126	-483	867	1
-126	309	-717	1
-126	309	-357	1
-126	597	-933	1
-124	-361	35	1
-124	-361	395	1
-124	719	395	1
-124	719	755	1
-123	-828	111	1
-123	-828	615	1
-123	-540	-825	1
-123	-36	111	1
-123	-36	687	1
-123	-36	-969	1
-123	-36	-393	1
-123	252	471	1
-123	252	975	1
-123	540	-465	1
-123	756	-393	1
-122	-983	527	2
-122	-983	599	2
-122	-983	-481	2
-122	-767	95	2
-122	-767	-913	2
-122	-767	-265	2
-122	-479	-841	2
-122	-479	-337	2
-122	-479	-121	2
-122	25	95	2
-122	25	383	2
-122	25	671	2
-122	25	-985	2
-122	25	-409	2
-122	313	95	2
-122	313	455	2
-122	313	-913	2
-122	313	-553	2
-122	601	23	2
-122	601	239	2
-122	601	-481	2
-122	817	311	2
-122	817	527	2
-122	817	599	2
-122	817	-913	2
-122	817	-481	2
-122	817	-409	2
-122	817	-193	2
-121	-922	-505	1
-121	-922	-145	1
-121	86	-73	1
-121	878	935	1
-121	878	-145	1
-118	-523	-325	1
-118	-235	467	1
-118	557	35	1
-115	-76	-73	1
-114	-807	867	1
-114	-519	-789	1
-114	-519	-213	1
-114	-15	-717	1
-114	-15	-357	1
-111	-864	-825	1
-111	-864	-465	1
-111	-576	543	1
-111	-576	-897	1
-111	-72	975	1
-111	-72	-465	1
-111	216	-465	1
-111	216	-105	1
-111	432	-393	1
-111	432	-33	1
-110	-827	431	2
-110	-827	647	2
-110	-827	719	2
-110	-827	-433	2
-110	-827	-361	2
-110	-827	-73	2
-110	-251	287	2
-110	-251	575	2
-110	-251	-505	2
-110	-251	-433	2
-110	-35	575	2
-110	-35	647	2
-110	-35	-865	2
-110	-35	-433	2
-110	-35	-145	2
-110	253	287	2
-110	253	791	2
-110	253	-73	2
-110	253	-1	2
-110	757	-937	2
-110	757	-217	2
-108	-681	291	1
-108	-681	507	1
-108	-681	-789	1
-108	615	435	1
-108	615	-285	1
-106	-847	-325	1
-106	-559	467	1
-106	-559	-973	1
-106	233	35	1
-105	-738	39	1
-105	-738	-897	1
-105	-522	111	1
-105	-522	687	1
-105	54	975	1
-105	54	-105	1
-105	270	-33	1
-105	558	471	1
-105	558	-969	1
-103	-400	-73	1
-103	392	-145	1
-103	680	287	1
-103	680	-793	1
-100	-721	107	1
-100	-721	827	1
-97	-562	-73	1
-97	230	935	1
-97	518	287	1
-96	-501	723	1
-96	-213	-933	1
-96	291	-285	1
-93	-846	687	1
-93	-558	111	1
-93	-558	615	1
-93	-558	-969	1
-93	-558	-465	1
-93	-270	975	1
-93	-270	-105	1
-93	-54	-33	1
-93	234	-969	1
-93	522	471	1
-93	522	975	1
-93	522	-609	1
-93	522	-105	1
-90	-663	-357	1
-90	-375	147	1
-90	129	-285	1
-90	417	3	1
-87	-720	111	1
-87	-720	615	1
-87	-720	-969	1
-87	-720	-465	1
-87	-432	975	1
-87	-432	-105	1
-87	72	-969	1
-87	360	471	1
-87	360	975	1
-87	360	-609	1
-87	360	-105	1
-87	576	39	1
-87	576	543	1
-87	576	-537	1
-86	-947	23	2
-86	-947	671	2
-86	-947	-337	2
-86	-659	95	2
-86	-659	815	2
-86	-659	-985	2
-86	-659	-553	2
-86	-659	-193	2
-86	-371	383	2
-86	-371	743	2
-86	-371	959	2
-86	-371	-121	2
-86	133	23	2
-86	133	383	2
-86	133	-985	2
-86	133	-769	2
-86	421	167	2
-86	421	455	2
-86	421	-625	2
-86	421	-193	2
-86	637	455	2
-86	637	527	2
-86	637	-553	2
-86	637	-265	2
-85	-886	-73	1
-85	194	287	1
-82	-415	35	1
-82	-415	395	1
-79	824	-865	1
-78	-699	147	1
-78	-699	-933	1
-78	597	-429	1
-75	-756	-105	1
-75	-540	-33	1
-75	-252	471	1
-75	-252	-609	1
-75	252	39	1
-75	252	543	1
-75	252	903	1
-75	540	327	1
-75	828	831	1
-75	828	-753	1
-75	828	-249	1
-74	-719	71	2
-74	-719	287	2
-74	-719	431	2
-74	-719	-721	2
-74	-719	-433	2
-74	-431	215	2
-74	-431	431	2
-74	-431	503	2
-74	-431	-577	2
-74	-431	-289	2
-74	-431	-145	2
-74	-215	503	2
-74	-215	-721	2
-74	-215	-217	2
-74	-215	-1	2
-74	73	935	2
-74	73	-505	2
-74	73	-145	2
-74	361	431	2
-74	361	647	2
-74	361	791	2
-74	361	-361	2
-74	361	-73	2
-74	865	143	2
-74	865	359	2
-74	865	863	2
-74	865	-721	2
-74	865	-361	2
-72	-357	75	1
-72	-357	-285	1
-72	-69	-357	1
-72	435	651	1
-72	723	75	1
-72	723	435	1
-69	-702	-393	1
-69	-414	471	1
-69	-414	-969	1
-69	-414	-609	1
-69	-414	-33	1
-69	-126	831	1
-69	-126	975	1
-69	-126	-609	1
-69	90	39	1
-69	90	399	1
-69	90	903	1
-69	90	-537	1
-69	378	-33	1
-69	666	327	1
-69	666	831	1
-69	666	-753	1
-69	666	-609	1
-69	666	-249	1
-67	-580	935	1
-67	-580	-145	1
-67	500	215	1
-67	500	-865	1
-67	788	-793	1
-61	-742	935	1
-61	-742	-145	1
-61	-454	-793	1
-61	338	215	1
-61	338	-865	1
-61	626	-793	1
-61	626	-433	1
-60	-681	75	1
-60	-681	435	1
-60	-393	3	1
-60	-393	-357	1
-60	399	435	1
-60	399	795	1
-60	903	291	1
-60	903	-933	1
-60	903	-429	1
-57	-738	471	1
-57	-738	-609	1
-57	-738	-33	1
-57	-450	831	1
-57	-234	39	1
-57	-234	399	1
-57	-234	903	1
-57	342	327	1
-57	342	831	1
-57	342	-753	1
-57	342	-249	1
-57	558	975	1
-57	558	-105	1
-57	846	399	1
-57	846	759	1
-54	-51	651	1
-54	-51	-429	1
-54	741	-933	1
-54	741	-429	1
-54	741	-69	1
-52	863	107	1
-51	-612	831	1
-51	-396	399	1
-51	-396	903	1
-51	-108	-33	1
-51	396	975	1
-51	396	-105	1
-51	684	759	1
-51	972	327	1
-51	972	-753	1
-50	-551	815	2
-50	-551	887	2
-50	-551	-193	2
-50	-335	887	2
-50	-335	-985	2
-50	-335	-625	2
-50	-47	167	2
-50	-47	959	2
-50	-47	-841	2
-50	-47	-553	2
-50	-47	-49	2
-50	457	383	2
-50	457	959	2
-50	457	-697	2
-50	457	-121	2
-50	745	-625	2
-50	745	-265	2
-49	14	215	1
-46	701	-613	1
-43	-940	287	1
-43	-940	-793	1
-43	-148	-865	1
-43	140	647	1
-43	140	-433	1
-43	932	-505	1
-42	-879	3	1
-42	-375	-429	1
-42	-87	75	1
-42	417	507	1
-42	417	-429	1
-42	417	-69	1
-42	705	-69	1
-39	-936	831	1
-39	-936	975	1
-39	-936	-609	1
-39	-936	-105	1
-39	-720	903	1
-39	-720	-537	1
-39	-432	327	1
-39	-144	831	1
-39	-144	-753	1
-39	-144	-609	1
-39	360	-177	1
-39	648	687	1
-39	648	-753	1
-39	864	255	1
-39	864	-609	1
-39	864	-105	1
-38	-899	215	2
-38	-899	-793	2
-38	-899	-505	2
-38	-611	359	2
-38	-611	647	2
-38	-611	791	2
-38	-611	-721	2
-38	-611	-649	2
-38	-395	215	2
-38	-395	935	2
-38	-395	-145	2
-38	-395	-73	2
-38	181	575	2
-38	181	-793	2
-38	181	-433	2
-38	181	-145	2
-38	397	143	2
-38	397	431	2
-38	397	863	2
-38	397	935	2
-38	397	-865	2
-38	397	-649	2
-38	397	-577	2
-38	397	-145	2
-38	685	215	2
-38	685	287	2
-38	685	575	2
-38	685	-793	2
-36	-537	651	1
-36	-249	795	1
-36	543	-789	1
-33	-594	327	1
-33	-594	-33	1
-33	-306	327	1
-33	-306	-609	1
-33	-90	975	1
-33	486	327	1
-33	486	687	1
-33	702	255	1
-33	702	-609	1
-33	702	-249	1
-33	990	-825	1
-31	-184	647	1
-31	608	-865	1
-28	215	827	1
-25	-346	-433	1
-24	-69	507	1
-24	-69	-573	1
-24	-69	-213	1
-24	219	-789	1
-24	723	507	1
-24	723	-573	1
-21	-918	327	1
-21	-414	975	1
-21	-126	399	1
-21	-126	903	1
-21	-126	-681	1
-21	-126	-177	1
-21	162	687	1
-21	378	255	1
-21	378	831	1
-21	378	-609	1
-21	378	-249	1
-21	954	183	1
-21	954	759	1
-21	954	-897	1
-21	954	-321	1
-18	-735	75	1
-18	-735	435	1
-18	-231	507	1
-18	-231	-69	1
-18	561	507	1
-18	561	867	1
-18	849	291	1
-18	849	867	1
-16	-109	827	1
-16	-109	-253	1
-16	683	35	1
-16	683	-325	1
-16	971	107	1
-15	-792	-609	1
-15	-792	-249	1
-15	-288	399	1
-15	-288	903	1
-15	-288	-681	1
-15	-288	-177	1
-15	792	183	1
-15	792	759	1
-15	792	-321	1
-14	-731	95	2
-14	-731	743	2
-14	-731	-697	2
-14	-731	-625	2
-14	-515	959	2
-14	-515	-841	2
-14	-227	95	2
-14	-227	887	2
-14	-227	-913	2
-14	-227	-265	2
-14	-227	-193	2
-14	61	167	2
-14	61	239	2
-14	61	671	2
-14	61	-841	2
-14	565	-697	2
-14	565	-481	2
-14	853	95	2
-14	853	167	2
-14	853	455	2
-14	853	-913	2
-14	853	-553	2
-13	-958	-865	1
-13	-670	-793	1
-13	122	-865	1
-13	122	-505	1
-10	-271	827	1
-10	-271	-253	1
-10	809	107	1
-7	-832	-793	1
-7	-40	575	1
-7	-40	-505	1
-7	968	647	1
-7	968	-433	1
-6	237	507	1
-6	237	867	1
-3	-324	327	1
-3	-324	-753	1
-3	-108	255	1
-3	-108	831	1
-3	180	-825	1
-3	684	327	1
-3	684	831	1
-3	684	-753	1
-3	972	615	1
-3	972	-825	1
-2	-575	791	2
-2	-575	863	2
-2	-575	-577	2
-2	-575	-217	2
-2	-287	575	2
-2	-287	-433	2
-2	-287	-145	2
-2	1	143	2
-2	1	503	2
-2	1	719	2
-2	1	-1	2
-2	217	71	2
-2	217	287	2
-2	217	359	2
-2	217	791	2
-2	217	-793	2
-2	217	-721	2
-2	217	-433	2
-2	505	143	2
-2	505	-865	2
-2	505	-217	2
-2	793	215	2
-2	793	935	2
-2	793	-865	2
-2	793	-793	2
-2	793	-73	2
0	-717	-429	1
0	-717	-213	1
0	75	867	1
0	363	147	1
0	363	-69	1
0	867	363	1
0	867	-717	1
2	-595	-253	1
2	197	-685	1
2	485	107	1
3	-774	759	1
3	-774	903	1
3	-774	-681	1
3	-270	-249	1
3	-270	-105	1
3	18	255	1
3	18	-825	1
3	306	-321	1
3	522	327	1
3	522	687	1
3	522	-249	1
3	810	111	1
3	810	255	1
3	810	-825	1
5	644	647	1
5	644	-433	1
8	-757	107	1
8	-757	827	1
8	-757	-613	1
8	35	35	1
8	35	-685	1
8	323	467	1
8	323	-253	1
11	-526	575	1
11	-526	-505	1
12	-753	-69	1
12	39	147	1
12	39	291	1
12	39	-573	1
12	39	-69	1
15	-810	327	1
15	-810	-753	1
15	-306	255	1
15	-306	-825	1
15	198	327	1
15	198	687	1
15	774	615	1
15	774	-465	1
15	990	687	1
15	990	-393	1
18	-123	-573	1
18	-123	-213	1
18	381	-717	1
20	-1	-253	1
21	-972	327	1
21	-972	687	1
21	-756	-609	1
21	-756	-105	1
21	-180	-897	1
21	36	687	1
21	324	255	1
21	324	-825	1
21	324	-249	1
21	828	687	1
21	828	-393	1
22	-911	239	2
22	-911	311	2
22	-911	-769	2
22	-911	-481	2
22	-911	-193	2
22	-695	95	2
22	-695	887	2
22	-695	-913	2
22	-695	-625	2
22	-119	95	2
22	-119	-553	2
22	97	311	2
22	97	671	2
22	97	-697	2
22	97	-337	2
22	385	455	2
22	385	-913	2
22	385	-553	2
22	385	-265	2
22	889	167	2
22	889	671	2
22	889	959	2
22	889	-913	2
22	889	-409	2
23	-850	-505	1
23	158	-433	1
23	950	935	1
26	-451	-685	1
26	-451	-325	1
26	629	35	1
26	629	-325	1
29	-4	647	1
30	-735	-573	1
30	-447	291	1
30	-447	-573	1
30	-447	-213	1
30	345	-213	1
30	849	795	1
33	-792	-825	1
33	-504	183	1
33	-504	-897	1
33	-504	-321	1
33	-288	-249	1
33	0	111	1
33	0	615	1
33	0	-825	1
33	0	-249	1
33	288	-465	1
33	792	111	1
33	792	-969	1
34	-971	143	2
34	-971	-721	2
34	-971	-361	2
34	-467	503	2
34	-467	791	2
34	-467	-865	2
34	-467	-505	2
34	-467	-289	2
34	-467	-217	2
34	-179	647	2
34	-179	935	2
34	-179	-433	2
34	37	215	2
34	37	-865	2
34	613	71	2
34	613	143	2
34	613	863	2
34	613	-937	2
34	613	-649	2
34	613	-505	2
34	613	-145	2
34	829	143	2
34	829	719	2
34	829	-577	2
34	829	-361	2
36	-897	507	1
36	-897	-573	1
36	-609	291	1
36	-609	651	1
36	-609	867	1
36	-609	-213	1
36	183	867	1
36	183	-933	1
36	183	-213	1
36	975	-717	1
38	-775	755	1
38	-775	-325	1
38	305	35	1
39	-954	255	1
39	-666	183	1
39	-666	759	1
39	-666	-897	1
39	-666	-321	1
39	-162	111	1
39	-162	255	1
39	-162	615	1
39	126	615	1
39	126	-825	1
39	342	687	1
39	342	-753	1
39	918	471	1
39	918	615	1
39	918	975	1
39	918	-969	1
41	464	575	1
41	464	-505	1
44	-937	755	1
44	-649	107	1
44	-649	-253	1
47	302	575	1
47	302	-505	1
48	-933	291	1
48	-933	651	1
48	-933	867	1
48	-429	-717	1
48	363	75	1
48	363	795	1
48	363	-285	1
48	651	-717	1
48	651	-357	1
51	-990	183	1
51	-990	759	1
51	-990	-321	1
51	-774	327	1
51	-774	831	1
51	-774	-753	1
51	-774	-249	1
51	-486	111	1
51	-486	615	1
51	18	-753	1
51	306	111	1
51	306	687	1
51	306	-969	1
51	306	-393	1
51	594	471	1
51	594	975	1
51	810	39	1
51	810	543	1
51	810	-321	1
54	-591	363	1
54	-303	-213	1
54	201	795	1
54	489	723	1
54	993	291	1
54	993	-789	1
56	-181	395	1
56	-181	-325	1
57	-936	327	1
57	-936	831	1
57	-936	-753	1
57	-936	-249	1
57	-648	111	1
57	-360	-825	1
57	-144	-753	1
57	144	111	1
57	144	687	1
57	144	-393	1
57	432	471	1
57	936	-393	1
58	-875	23	2
58	-875	311	2
58	-875	815	2
58	-875	-985	2
58	-875	-769	2
58	-875	-337	2
58	-875	-265	2
58	-587	95	2
58	-587	167	2
58	-587	-913	2
58	-299	383	2
58	-299	-841	2
58	-299	-337	2
58	-83	239	2
58	-83	599	2
58	-83	-769	2
58	-83	-553	2
58	205	23	2
58	205	95	2
58	205	383	2
58	205	671	2
58	205	-985	2
58	205	-625	2
58	205	-409	2
58	493	455	2
58	493	527	2
58	493	-553	2
58	997	599	2
58	997	959	2
58	997	-913	2
58	997	-409	2
58	997	-193	2
59	-814	647	1
59	-814	-433	1
59	-22	575	1
59	-22	-505	1
59	266	-73	1
65	-976	647	1
65	-976	-433	1
65	104	-73	1
66	-915	363	1
66	-915	-717	1
66	165	723	1
66	165	-357	1
66	669	-789	1
69	-972	111	1
69	-972	255	1
69	-972	-825	1
69	-684	615	1
69	-684	-465	1
69	-468	687	1
69	-468	-393	1
69	108	471	1
69	108	615	1
69	108	-969	1
69	108	-465	1
69	324	543	1
69	324	-897	1
69	612	-33	1
70	-935	287	2
70	-935	647	2
70	-935	-505	2
70	-647	71	2
70	-647	431	2
70	-647	647	2
70	-647	719	2
70	-647	-361	2
70	-647	-73	2
70	-143	-937	2
70	145	647	2
70	145	-865	2
70	145	-145	2
70	433	287	2
70	433	431	2
70	433	791	2
70	433	-1	2
70	649	575	2
70	649	647	2
70	649	-505	2
70	649	-433	2
70	649	-145	2
70	937	-937	2
70	937	-721	2
70	937	-577	2
72	-789	-933	1
72	-285	75	1
72	507	291	1
72	507	651	1
72	795	435	1
74	-667	-325	1
75	-846	615	1
75	-846	-825	1
75	-846	-465	1
75	-630	687	1
75	-630	-753	1
75	-630	-393	1
75	-342	-393	1
75	162	39	1
75	162	183	1
75	162	-897	1
75	450	-393	1
75	450	-33	1
75	738	-969	1
75	738	-33	1
75	954	615	1
75	954	975	1
77	-508	575	1
77	-508	935	1
77	-220	-73	1
77	572	935	1
77	860	287	1
83	-670	935	1
83	698	-793	1
84	-609	75	1
84	-609	-645	1
84	-321	3	1
84	-321	-357	1
84	183	651	1
84	471	435	1
84	471	-285	1
87	-954	687	1
87	-954	-393	1
87	-378	111	1
87	-378	615	1
87	-378	-969	1
87	-378	-465	1
87	126	-33	1
87	414	-969	1
87	630	615	1
87	630	975	1
90	-771	-645	1
90	-771	-285	1
90	-483	723	1
90	-483	-717	1
90	309	75	1
90	309	-285	1
90	813	147	1
90	813	-429	1
92	935	467	1
92	935	-613	1
93	-828	-969	1
93	-540	111	1
93	-540	615	1
93	-540	975	1
93	-540	-969	1
93	-324	183	1
93	-324	-897	1
93	-324	-321	1
93	252	-969	1
93	252	-609	1
93	468	975	1
93	756	39	1
93	756	543	1
93	756	-537	1
94	-767	23	2
94	-767	-625	2
94	-479	95	2
94	-479	527	2
94	-479	-985	2
94	-479	-913	2
94	-479	-193	2
94	-263	167	2
94	-263	-985	2
94	-263	-913	2
94	-263	-625	2
94	313	383	2
94	313	-985	2
94	313	-265	2
94	529	599	2
94	529	959	2
94	817	527	2
94	817	-625	2
94	817	-553	2
94	817	-265	2
98	773	467	1
98	773	-613	1
101	-76	-145	1
102	-303	291	1
102	-15	75	1
102	-15	-285	1
102	489	147	1
102	777	651	1
105	-648	39	1
105	-648	543	1
105	-648	-897	1
105	-648	-321	1
105	-360	-393	1
105	-72	471	1
105	-72	-969	1
105	-72	-609	1
105	-72	-33	1
105	432	39	1
105	432	399	1
105	432	903	1
105	432	-537	1
105	720	-33	1
106	-827	575	2
106	-827	-505	2
106	-827	-433	2
106	-539	431	2
106	-539	-433	2
106	-539	-73	2
106	-35	-721	2
106	-35	-577	2
106	-35	-217	2
106	-35	-1	2
106	253	935	2
106	253	-145	2
106	253	-73	2
106	469	431	2
106	469	503	2
106	469	791	2
106	469	-937	2
106	469	-577	2
108	-969	3	1
108	-969	-717	1
108	-465	-789	1
108	-177	75	1
108	327	-789	1
108	327	-573	1
108	615	-429	1
110	449	-613	1
111	-810	39	1
111	-810	183	1
111	-810	543	1
111	-522	-393	1
111	-234	471	1
111	-234	-609	1
111	-234	-33	1
111	270	399	1
111	270	543	1
111	270	903	1
111	558	-33	1
111	774	975	1
111	774	-609	1
111	774	-465	1
113	-400	935	1
113	-400	-145	1
113	-112	-793	1
113	680	215	1
113	680	-865	1
119	-562	935	1
119	-562	-145	1
119	-274	287	1
119	-274	-793	1
119	518	215	1
119	518	-865	1
120	3	-789	1
120	3	-573	1
120	3	-429	1
123	-558	471	1
123	-558	-33	1
123	-342	615	1
123	-342	-465	1
123	-54	399	1
123	-54	903	1
123	450	-969	1
123	450	-465	1
123	738	975	1
123	738	-105	1
126	-951	291	1
126	-951	651	1
126	-159	651	1
126	-159	-933	1
126	129	651	1
126	633	507	1
126	633	-933	1
126	921	-933	1
126	921	-573	1
128	-37	-973	1
128	755	395	1
129	-504	615	1
129	-504	-465	1
129	-216	399	1
129	72	327	1
129	72	-33	1
129	288	-969	1
129	288	-465	1
129	576	975	1
129	576	-105	1
129	864	759	1
130	-947	311	2
130	-947	959	2
130	-947	-913	2
130	-947	-481	2
130	-947	-409	2
130	-443	23	2
130	-443	599	2
130	-443	-697	2
130	-443	-481	2
130	-155	455	2
130	-155	887	2
130	-155	-625	2
130	133	671	2
130	133	-841	2
130	133	-553	2
130	133	-121	2
130	133	-49	2
130	349	527	2
130	349	887	2
130	349	-985	2
130	349	-265	2
130	637	383	2
130	637	959	2
130	637	-697	2
130	637	-337	2
130	637	-121	2
130	925	815	2
130	925	-913	2
130	925	-265	2
131	-886	935	1
131	194	-865	1
134	-199	-973	1
134	593	-685	1
134	881	-613	1
137	-760	287	1
137	-760	-793	1
137	32	215	1
138	-483	651	1
138	-483	-933	1
138	-483	-429	1
138	-195	651	1
138	597	-933	1
138	597	-573	1
138	597	-69	1
141	-540	399	1
141	-540	543	1
141	-540	-537	1
141	-252	327	1
141	-252	-33	1
141	-36	975	1
141	-36	-969	1
141	-36	-609	1
141	-36	-105	1
141	540	759	1
141	540	903	1
141	540	-681	1
141	540	-177	1
141	756	831	1
141	756	-609	1
142	-719	-793	2
142	-719	-505	2
142	-719	-73	2
142	-503	71	2
142	-503	575	2
142	-503	791	2
142	-503	935	2
142	-503	-937	2
142	-503	-217	2
142	-215	215	2
142	-215	935	2
142	-215	-73	2
142	289	359	2
142	289	-793	2
142	289	-649	2
142	289	-1	2
142	577	143	2
142	577	431	2
142	577	935	2
142	577	-865	2
142	577	-649	2
142	577	-577	2
142	865	287	2
142	865	575	2
142	865	-793	2
144	147	147	1
144	147	-933	1
146	269	395	1
146	269	-685	1
147	-990	975	1
147	-990	-465	1
147	-414	327	1
147	-198	471	1
147	-198	975	1
147	-198	-609	1
147	-198	-465	1
147	-198	-105	1
147	90	-105	1
147	594	327	1
147	594	471	1
147	594	-609	1
147	882	255	1
147	882	831	1
147	882	-249	1
147	882	-105	1
149	716	647	1
152	-685	-973	1
152	-685	-613	1
152	107	395	1
152	395	-613	1
152	395	-253	1
156	-969	147	1
156	-969	-429	1
156	-969	-69	1
156	-177	147	1
156	-177	507	1
156	111	291	1
156	111	507	1
156	111	-69	1
156	903	507	1
156	903	867	1
159	-522	471	1
159	-522	975	1
159	-522	-609	1
159	-522	-105	1
159	54	399	1
159	54	903	1
159	54	-681	1
159	54	-177	1
159	558	255	1
159	558	831	1
159	558	-249	1
162	-843	-429	1
162	-339	-933	1
162	-51	-573	1
162	-51	-429	1
162	741	-573	1
164	-217	395	1
164	-217	-325	1
164	71	107	1
164	71	827	1
164	71	-253	1
164	863	35	1
164	863	755	1
164	863	-685	1
165	-900	327	1
165	-108	399	1
165	-108	903	1
165	-108	-681	1
165	108	471	1
165	108	-609	1
165	108	-33	1
166	-839	167	2
166	-839	671	2
166	-839	887	2
166	-839	959	2
166	-839	-193	2
166	-839	-121	2
166	-335	-337	2
166	-47	95	2
166	-47	815	2
166	-47	887	2
166	-47	-913	2
166	-47	-625	2
166	-47	-193	2
166	169	455	2
166	169	671	2
166	169	-697	2
166	169	-625	2
166	169	-337	2
166	169	-49	2
166	745	23	2
166	745	-697	2
166	961	239	2
166	961	887	2
166	961	-913	2
166	961	-121	2
167	-778	215	1
167	-778	-865	1
167	230	287	1
167	230	-793	1
170	-91	827	1
173	-940	215	1
173	-940	-865	1
173	68	287	1
173	68	-793	1
173	860	215	1
173	860	575	1
174	-663	507	1
174	129	3	1
174	417	867	1
174	921	435	1
177	-720	-105	1
177	-216	327	1
177	-216	831	1
177	-216	-609	1
177	-216	-33	1
177	72	-249	1
177	72	-105	1
177	360	255	1
177	360	-825	1
177	576	327	1
177	576	-753	1
177	864	327	1
177	864	687	1
177	864	-249	1
178	-899	143	2
178	-899	863	2
178	-899	-721	2
178	-899	-577	2
178	-899	-361	2
178	-683	719	2
178	-683	-793	2
178	-683	-649	2
178	-683	-289	2
178	-683	-73	2
178	-683	-1	2
178	-395	863	2
178	-395	-217	2
178	-395	-145	2
178	-107	215	2
178	-107	-145	2
178	397	71	2
178	397	287	2
178	397	359	2
178	397	-721	2
178	397	-433	2
178	397	-289	2
178	685	143	2
178	685	215	2
178	685	-865	2
178	901	719	2
180	-825	507	1
180	-825	867	1
180	-537	291	1
180	-537	-933	1
180	-537	-429	1
180	-33	3	1
180	-33	-717	1
180	255	867	1
180	759	-285	1
182	-415	827	1
182	-415	-613	1
182	377	-685	1
183	-882	975	1
183	-882	-105	1
183	-594	399	1
183	-594	759	1
183	-378	327	1
183	-378	471	1
183	-378	831	1
183	-90	831	1
183	-90	-609	1
183	-90	-105	1
183	198	255	1
183	198	-825	1
183	702	687	1
183	702	831	1
183	702	-753	1
183	990	255	1
183	990	-825	1
183	990	-249	1
185	-256	287	1
185	-256	-793	1
185	824	647	1
185	824	-433	1
188	-865	-685	1
188	-577	107	1
188	215	-685	1
188	215	-325	1
191	374	575	1
192	-861	-933	1
192	-861	-573	1
192	-69	867	1
192	-69	-573	1
192	435	-285	1
195	-918	759	1
195	-702	327	1
195	-702	831	1
195	-126	255	1
195	-126	-825	1
195	90	327	1
195	90	-753	1
195	378	687	1
195	882	-681	1
195	882	-177	1
198	-519	3	1
198	273	-645	1
198	561	363	1
200	-901	107	1
200	-901	-613	1
201	-864	327	1
201	-576	255	1
201	-576	-609	1
201	-576	-105	1
201	-72	327	1
201	216	687	1
201	504	255	1
201	504	615	1
201	504	-249	1
201	720	-681	1
201	720	-177	1
202	-803	311	2
202	-803	383	2
202	-803	815	2
202	-803	-697	2
202	-515	-913	2
202	-515	-625	2
202	-515	-193	2
202	-11	239	2
202	-11	311	2
202	-11	599	2
202	-11	887	2
202	-11	-769	2
202	-11	-409	2
202	-11	-193	2
202	277	671	2
202	277	743	2
202	277	-985	2
202	277	-337	2
202	565	167	2
202	565	-553	2
202	565	-265	2
202	781	815	2
202	781	-985	2
202	781	-193	2
203	-742	287	1
203	-742	647	1
203	338	647	1
206	-271	755	1
206	-271	-325	1
209	-904	647	1
209	-112	575	1
209	-112	-865	1
209	968	935	1
209	968	-505	1
210	-555	507	1
210	-555	-573	1
210	-51	-645	1
213	-900	255	1
213	-900	831	1
213	-900	-249	1
213	-900	-105	1
213	-612	255	1
213	-108	687	1
213	-108	831	1
213	-108	-753	1
213	-108	-249	1
213	180	111	1
213	180	255	1
213	180	615	1
213	396	183	1
213	396	-681	1
213	396	-321	1
213	972	111	1
213	972	-969	1
213	972	-393	1
214	-863	287	2
214	-863	647	2
214	-863	935	2
214	-863	-145	2
214	-287	215	2
214	-287	791	2
214	-287	-505	2
214	-287	-217	2
214	-71	359	2
214	-71	863	2
214	-71	-937	2
214	-71	-721	2
214	217	215	2
214	217	647	2
214	217	-865	2
214	217	-793	2
214	721	287	2
214	721	647	2
214	721	-505	2
216	-717	507	1
216	-717	-573	1
216	75	-357	1
216	579	651	1
218	-595	755	1
219	18	111	1
219	18	615	1
219	18	-249	1
219	234	183	1
219	234	759	1
219	234	-321	1
219	234	-177	1
219	522	-753	1
221	-436	215	1
221	-436	-865	1
221	644	575	1
221	644	-505	1
224	-757	35	1
224	-757	-325	1
227	-598	215	1
227	-598	-865	1
227	-310	-433	1
227	482	575	1
227	482	-505	1
227	770	-73	1
228	-537	435	1
228	-249	363	1
228	255	651	1
228	255	-69	1
228	543	795	1
231	-594	327	1
231	-594	831	1
231	-594	-753	1
231	-594	-249	1
231	-306	111	1
231	-90	183	1
231	-90	759	1
231	-90	-321	1
231	198	-753	1
231	486	111	1
231	486	687	1
231	486	-393	1
231	990	39	1
231	990	543	1
234	-699	-645	1
234	-411	-717	1
234	93	291	1
234	93	-69	1
234	381	-285	1
237	-756	327	1
237	-756	831	1
237	-756	-753	1
237	-468	615	1
237	-468	-825	1
237	36	-753	1
237	36	-393	1
237	324	687	1
237	324	-969	1
237	324	-393	1
237	540	255	1
237	540	-825	1
238	-983	239	2
238	-983	-409	2
238	-695	23	2
238	-695	311	2
238	-695	743	2
238	-695	815	2
238	-695	-985	2
238	-695	-769	2
238	-695	-697	2
238	-695	-265	2
238	-407	95	2
238	-407	167	2
238	-407	455	2
238	-407	-913	2
238	97	599	2
238	97	-841	2
238	97	-769	2
238	97	-49	2
238	385	95	2
238	385	383	2
238	385	671	2
238	385	-625	2
238	385	-409	2
238	385	-337	2
238	601	239	2
238	601	743	2
238	601	959	2
238	601	-841	2
238	601	-337	2
239	-922	215	1
239	-922	575	1
239	-634	647	1
239	-634	-433	1
239	158	575	1
239	158	935	1
239	446	-73	1
245	-796	647	1
245	-796	-433	1
245	284	-73	1
246	-735	363	1
246	-735	-717	1
246	-231	291	1
246	-231	-69	1
246	561	291	1
246	561	867	1
246	561	-789	1
246	849	291	1
246	849	651	1
249	-792	255	1
249	-792	-825	1
249	-792	-249	1
249	-576	-321	1
249	-576	-177	1
249	-288	687	1
249	-288	-753	1
249	-288	-393	1
249	216	255	1
249	216	615	1
249	504	39	1
249	504	183	1
249	504	-897	1
249	792	-393	1
249	792	-33	1
250	-755	647	2
250	-755	-793	2
250	-467	431	2
250	-467	719	2
250	-467	-433	2
250	-467	-361	2
250	-467	-289	2
250	-467	-73	2
250	-251	215	2
250	-251	287	2
250	-251	-793	2
250	-251	-505	2
250	37	143	2
250	37	-937	2
250	325	-865	2
250	325	-433	2
250	829	575	2
250	829	647	2
250	829	-433	2
250	829	-145	2
252	-393	291	1
252	-105	-645	1
252	399	291	1
252	399	-789	1
252	399	-429	1
252	399	-213	1
252	687	651	1
254	521	107	1
255	-738	759	1
255	-738	-681	1
255	-738	-177	1
255	-450	687	1
255	-450	-393	1
255	-162	687	1
255	54	615	1
255	54	-825	1
255	342	183	1
255	342	-897	1
255	342	-321	1
255	630	-33	1
257	-328	935	1
260	359	-973	1
263	-490	935	1
263	-202	-73	1
264	-429	-645	1
264	-429	-285	1
264	867	147	1
264	867	-213	1
267	-774	687	1
267	-486	-969	1
267	-270	615	1
267	522	111	1
267	522	615	1
267	522	-969	1
267	522	-465	1
267	810	975	1
270	-591	795	1
270	-87	291	1
270	-87	867	1
270	993	651	1
270	993	-933	1
270	993	-789	1
272	35	107	1
272	35	-973	1
272	35	-613	1
272	827	35	1
272	827	-685	1
273	-648	111	1
273	-648	-969	1
273	-432	615	1
273	-144	183	1
273	-144	543	1
273	-144	-321	1
273	360	111	1
273	360	615	1
273	360	-969	1
273	648	975	1
273	936	39	1
273	936	543	1
273	936	903	1
274	-587	23	2
274	-587	-985	2
274	-587	-337	2
274	-371	599	2
274	-83	95	2
274	-83	167	2
274	-83	887	2
274	-83	-913	2
274	-83	-625	2
274	421	95	2
274	421	527	2
274	421	887	2
274	421	-985	2
274	421	-913	2
274	709	959	2
274	709	-697	2
274	997	455	2
274	997	527	2
274	997	-985	2
274	997	-553	2
274	997	-265	2
278	-127	107	1
278	953	467	1
281	-976	575	1
281	-976	-505	1
281	104	935	1
281	104	-145	1
282	-915	795	1
282	-915	-285	1
282	-411	867	1
282	-123	-789	1
282	381	147	1
282	669	-789	1
285	-972	111	1
285	-972	687	1
285	-972	-969	1
285	-972	-393	1
285	-756	615	1
285	-756	-825	1
285	-468	39	1
285	-468	183	1
285	-468	543	1
285	-180	-393	1
285	324	975	1
285	324	-465	1
285	612	399	1
285	612	543	1
285	612	903	1
285	828	471	1
285	828	-969	1
285	828	-393	1
285	828	-33	1
286	-935	143	2
286	-935	719	2
286	-935	-577	2
286	-647	575	2
286	-647	647	2
286	-647	-505	2
286	-647	-433	2
286	-647	-145	2
286	-431	143	2
286	-431	431	2
286	-431	575	2
286	-431	935	2
286	-431	-937	2
286	-431	-865	2
286	145	503	2
286	145	-937	2
286	145	-721	2
286	145	-217	2
286	361	359	2
286	361	647	2
286	361	-649	2
286	361	-433	2
286	361	-361	2
286	649	503	2
286	649	791	2
286	649	935	2
286	649	-577	2
286	649	-505	2
288	-573	-429	1
288	-285	291	1
288	-285	-789	1
288	507	-789	1
288	507	-69	1
290	-451	107	1
290	629	467	1
290	629	-973	1
291	-630	39	1
291	-630	543	1
291	-630	-321	1
291	-342	-393	1
291	-126	111	1
291	-126	-825	1
291	450	39	1
291	450	399	1
291	450	903	1
291	666	111	1
291	666	471	1
291	666	-33	1
291	954	471	1
291	954	-969	1
291	954	-465	1
293	-220	935	1
293	-220	-145	1
293	788	-73	1
299	-382	935	1
299	-382	-145	1
299	626	287	1
299	626	-73	1
300	-897	291	1
300	-105	147	1
300	-105	507	1
300	183	651	1
300	183	-933	1
300	687	723	1
300	975	507	1
300	975	867	1
300	975	-933	1
303	-954	39	1
303	-450	-825	1
303	-162	615	1
303	-162	-465	1
303	126	399	1
303	342	471	1
303	342	-33	1
303	630	-969	1
303	630	-465	1
303	918	975	1
303	918	-105	1
306	-771	-789	1
306	-267	-213	1
306	21	147	1
306	21	-789	1
306	21	-429	1
306	525	-357	1
306	813	147	1
308	-937	-613	1
308	143	-973	1
308	143	-253	1
308	935	-685	1
309	-828	-33	1
309	-612	-825	1
309	-612	-465	1
309	-324	615	1
309	-324	-465	1
309	-36	903	1
309	-36	-537	1
309	468	-969	1
309	468	-465	1
309	468	-105	1
309	756	975	1
309	756	-105	1
309	972	-33	1
310	-767	599	2
310	-767	959	2
310	-767	-913	2
310	-767	-409	2
310	-767	-193	2
310	-767	-49	2
310	-551	527	2
310	-551	-913	2
310	-263	23	2
310	-263	599	2
310	-263	-697	2
310	-263	-481	2
310	25	455	2
310	25	-985	2
310	25	-625	2
310	529	887	2
310	529	-985	2
310	529	-553	2
310	817	383	2
310	817	959	2
310	817	-841	2
310	817	-337	2
310	817	-121	2
311	-706	-145	1
314	-307	35	1
314	-19	-973	1
314	-19	-613	1
314	773	395	1
314	773	-685	1
317	-868	935	1
317	140	287	1
317	932	215	1
318	-303	147	1
318	-303	651	1
318	-303	-933	1
318	-303	-429	1
321	-936	111	1
321	-936	615	1
321	-936	-969	1
321	-936	-825	1
321	-936	-465	1
321	-360	39	1
321	-360	543	1
321	-360	-537	1
321	-144	111	1
321	-144	-969	1
321	-144	-33	1
321	144	471	1
321	144	975	1
321	144	-609	1
321	144	-465	1
321	144	-105	1
321	648	-33	1
321	936	327	1
321	936	471	1
321	936	-609	1
322	-611	71	2
322	-611	-1	2
322	-323	71	2
322	-323	431	2
322	-323	935	2
322	-323	-937	2
322	-323	-505	2
322	-35	215	2
322	-35	-793	2
322	-35	-145	2
322	-35	-73	2
322	181	287	2
322	181	575	2
322	181	-505	2
322	181	-73	2
322	469	359	2
322	469	431	2
322	469	-649	2
322	757	431	2
322	757	791	2
322	757	-865	2
322	757	-577	2
322	757	-145	2
324	-753	507	1
324	-753	-213	1
324	327	147	1
324	327	867	1
324	327	-933	1
324	831	75	1
326	-631	35	1
326	449	395	1
327	-810	615	1
327	-810	975	1
327	-306	111	1
327	-306	-969	1
327	-306	-393	1
327	-18	471	1
327	-18	975	1
327	-18	-969	1
327	-18	-609	1
327	-18	-105	1
327	270	975	1
327	774	471	1
327	774	-609	1
327	774	-33	1
329	608	-145	1
332	-793	-685	1
332	-505	467	1
332	-505	-613	1
332	287	-685	1
332	287	-325	1
335	-346	287	1
335	734	647	1
335	734	-793	1
336	-789	651	1
336	-789	-933	1
336	-789	-789	1
336	-789	-573	1
336	-789	-69	1
336	-285	-357	1
336	3	-933	1
336	795	3	1
339	-846	39	1
339	-846	543	1
339	-846	903	1
339	-342	471	1
339	-342	975	1
339	-342	-609	1
339	738	831	1
339	738	-249	1
339	954	399	1
339	954	903	1
339	954	-681	1
339	954	-177	1
342	-951	147	1
342	-159	147	1
342	-159	507	1
344	-829	467	1
344	-37	-325	1
345	-792	111	1
345	-792	471	1
345	-792	-393	1
345	288	471	1
345	288	831	1
345	288	-33	1
345	792	399	1
345	792	903	1
345	792	-681	1
346	-947	527	2
346	-947	887	2
346	-947	-985	2
346	-947	-265	2
346	-731	23	2
346	-731	95	2
346	-731	815	2
346	-731	-985	2
346	-731	-697	2
346	-731	-409	2
346	-155	-841	2
346	-155	-697	2
346	61	887	2
346	61	959	2
346	61	-769	2
346	61	-121	2
346	349	383	2
346	349	455	2
346	349	-625	2
346	349	-337	2
346	349	-49	2
346	853	167	2
346	853	815	2
346	853	887	2
346	853	-625	2
346	853	-193	2
347	-670	-73	1
347	122	215	1
347	122	-145	1
347	410	287	1
347	410	-793	1
350	-991	-613	1
353	-832	-73	1
353	-40	215	1
353	248	287	1
353	248	-793	1
354	-771	723	1
354	-771	-357	1
354	-483	507	1
354	309	3	1
354	813	-429	1
354	813	-69	1
357	-828	471	1
357	-828	-969	1
357	-828	-465	1
357	-540	975	1
357	-540	-105	1
357	-324	-33	1
357	-36	327	1
357	-36	471	1
357	-36	831	1
357	252	831	1
357	252	-609	1
357	252	-105	1
357	756	327	1
357	756	-753	1
358	-503	431	2
358	-503	-793	2
358	-503	-289	2
358	-503	-1	2
358	-215	143	2
358	-215	791	2
358	-215	863	2
358	-215	935	2
358	-215	-649	2
358	-215	-217	2
358	-215	-145	2
358	1	719	2
358	1	863	2
358	1	-577	2
358	577	71	2
358	577	359	2
358	577	791	2
358	577	-793	2
358	577	-721	2
358	577	-649	2
358	577	-433	2
358	793	647	2
358	793	935	2
358	793	-865	2
358	793	-145	2
358	793	-73	2
360	-933	723	1
360	-933	-357	1
360	147	3	1
362	-523	-685	1
363	-990	-969	1
363	-990	-465	1
363	-702	975	1
363	-702	-105	1
363	-198	327	1
363	-198	831	1
363	-198	-33	1
363	90	-609	1
363	90	-105	1
363	306	399	1
363	306	-537	1
363	882	327	1
363	882	687	1
365	-76	287	1
365	-76	647	1
368	-685	395	1
371	-526	215	1
371	554	575	1
372	-969	147	1
372	-969	867	1
372	615	-645	1
375	-810	-33	1
375	-522	327	1
375	-18	-537	1
375	270	327	1
375	558	687	1
375	774	255	1
378	-627	75	1
378	165	-69	1
378	453	435	1
378	957	507	1
378	957	867	1
378	957	-69	1
381	-684	831	1
381	-684	-609	1
381	-396	255	1
381	-396	-609	1
381	-396	-249	1
381	-180	-537	1
381	-180	-177	1
381	108	-753	1
381	396	-249	1
381	900	183	1
381	900	-681	1
381	900	-177	1
382	-911	239	2
382	-911	527	2
382	-911	959	2
382	-911	-769	2
382	-911	-553	2
382	-911	-481	2
382	-911	-49	2
382	-623	311	2
382	-623	383	2
382	-623	671	2
382	-623	-697	2
382	-335	95	2
382	-335	887	2
382	-335	-913	2
382	-335	-625	2
382	-119	167	2
382	-119	815	2
382	-119	-625	2
382	-119	-553	2
382	169	311	2
382	169	599	2
382	169	887	2
382	169	-913	2
382	169	-409	2
382	169	-193	2
382	169	-121	2
382	457	671	2
382	457	743	2
382	457	-697	2
382	457	-337	2
382	961	527	2
382	961	-985	2
382	961	-265	2
382	961	-193	2
383	-850	215	1
383	-562	647	1
383	230	575	1
383	230	-865	1
389	-724	647	1
389	68	215	1
389	68	-865	1
390	-951	75	1
390	129	435	1
390	129	-645	1
390	633	507	1
390	633	867	1
393	-720	255	1
393	-720	831	1
393	-720	-609	1
393	-720	-249	1
393	-504	399	1
393	-504	903	1
393	-504	-681	1
393	-504	-537	1
393	-504	-177	1
393	72	327	1
393	72	831	1
393	72	-753	1
393	72	-249	1
393	288	255	1
393	576	183	1
393	576	759	1
393	576	-321	1
393	576	-177	1
394	-971	359	2
394	-971	863	2
394	-971	-577	2
394	-971	-1	2
394	-683	647	2
394	-683	935	2
394	-683	-865	2
394	-683	-145	2
394	-683	-73	2
394	-179	287	2
394	109	359	2
394	109	719	2
394	109	-937	2
394	109	-217	2
394	397	215	2
394	397	287	2
394	397	-865	2
394	397	-793	2
394	397	-505	2
394	613	71	2
394	613	215	2
394	613	575	2
394	613	791	2
394	613	863	2
394	613	-217	2
394	901	647	2
394	901	-865	2
396	-321	-429	1
396	471	867	1
396	471	-789	1
396	759	-69	1
398	593	-253	1
399	-882	255	1
399	-882	831	1
399	-882	-249	1
399	-666	399	1
399	-666	903	1
399	-666	-681	1
399	-666	-177	1
399	126	-105	1
399	414	183	1
399	414	759	1
399	414	-681	1
399	414	-321	1
399	702	-753	1
399	918	-249	1
401	-256	215	1
401	-256	-865	1
401	824	575	1
401	824	-505	1
404	431	827	1
404	431	-973	1
407	-418	215	1
407	-418	-865	1
407	-130	647	1
407	-130	-433	1
407	662	575	1
407	662	-505	1
408	-645	-429	1
408	-645	-69	1
408	-357	-645	1
408	-357	-285	1
408	147	-69	1
408	435	291	1
408	435	-69	1
411	-990	399	1
411	-990	903	1
411	-990	-681	1
411	-702	-753	1
411	-414	327	1
411	-414	831	1
411	-414	-753	1
411	90	759	1
411	90	-321	1
411	378	-753	1
411	378	-393	1
414	-519	435	1
414	777	867	1
414	777	-573	1
416	899	755	1
417	-864	327	1
417	-864	-753	1
417	-576	327	1
417	-576	687	1
417	-576	-249	1
417	-360	-105	1
417	216	687	1
417	216	-393	1
417	432	-825	1
417	720	255	1
417	720	-825	1
418	-803	239	2
418	-803	-913	2
418	-803	-769	2
418	-803	-121	2
418	-515	23	2
418	-515	311	2
418	-515	815	2
418	-515	-985	2
418	-515	-769	2
418	-515	-697	2
418	-299	383	2
418	-299	-697	2
418	-299	-121	2
418	277	239	2
418	277	599	2
418	277	-769	2
418	277	-553	2
418	277	-409	2
418	493	167	2
418	781	239	2
418	781	743	2
418	781	-841	2
418	781	-337	2
419	-742	575	1
419	-742	-865	1
419	-454	647	1
419	-454	-433	1
419	338	935	1
419	338	-505	1
422	737	-325	1
425	-616	647	1
425	-616	-433	1
426	-339	-573	1
426	-339	-69	1
426	-51	291	1
426	453	-573	1
426	741	291	1
426	741	-789	1
426	741	-213	1
429	-684	255	1
429	-396	759	1
429	-396	-681	1
429	-396	-177	1
429	-108	687	1
429	-108	-393	1
429	108	255	1
429	108	-825	1
429	108	-249	1
429	396	615	1
429	396	-825	1
429	684	183	1
429	684	-897	1
429	684	-321	1
430	-863	719	2
430	-863	863	2
430	-863	-721	2
430	-863	-217	2
430	-575	287	2
430	-575	647	2
430	-575	-505	2
430	-71	287	2
430	-71	-865	2
430	-71	-793	2
430	-71	-505	2
430	217	143	2
430	217	-937	2
430	217	-361	2
430	433	719	2
430	433	-361	2
430	433	-289	2
432	-501	507	1
432	-501	-573	1
432	-501	-69	1
432	-213	291	1
432	-213	651	1
432	291	147	1
432	291	-573	1
432	579	291	1
432	579	867	1
432	579	-933	1
432	579	-213	1
434	-379	827	1
434	413	755	1
434	413	-325	1
434	701	-973	1
435	-846	255	1
435	-846	-105	1
435	-558	-681	1
435	-558	-177	1
435	-270	687	1
435	-270	-393	1
435	234	255	1
435	234	615	1
435	522	183	1
435	522	-897	1
435	522	-321	1
435	738	687	1
435	738	-753	1
435	738	-249	1
437	-940	-433	1
437	-148	935	1
440	-541	-253	1
440	539	107	1
440	539	-973	1
443	698	-73	1
444	-537	291	1
444	-537	651	1
444	-33	867	1
444	759	723	1
444	759	-717	1
447	-594	-393	1
447	-378	255	1
447	-378	831	1
447	-378	-249	1
447	-90	615	1
447	414	-753	1
447	414	-249	1
447	702	111	1
447	702	615	1
447	702	-969	1
447	990	975	1
450	-987	-573	1
450	-195	-573	1
450	-195	-213	1
450	93	-213	1
450	597	363	1
450	885	147	1
450	885	-213	1
452	-865	827	1
452	-865	-253	1
452	-73	755	1
452	215	107	1
453	-540	831	1
453	-540	-825	1
453	-540	-249	1
453	36	39	1
453	36	543	1
453	36	-897	1
453	36	-321	1
453	252	111	1
453	252	-753	1
453	252	-249	1
453	540	111	1
453	540	-465	1
454	-983	167	2
454	-983	815	2
454	-983	-985	2
454	-983	-193	2
454	-479	527	2
454	-479	815	2
454	-479	-985	2
454	-479	-265	2
454	-479	-193	2
454	-191	599	2
454	-191	959	2
454	97	167	2
454	97	527	2
454	97	-625	2
454	313	455	2
454	313	-769	2
454	313	-337	2
454	313	-265	2
454	601	95	2
454	601	167	2
454	601	887	2
454	601	-985	2
454	601	-913	2
454	601	-625	2
454	889	959	2
455	374	-433	1
458	53	-973	1
461	-796	575	1
461	-796	-505	1
462	-519	867	1
462	-519	-213	1
462	561	147	1
465	-576	255	1
465	-576	-825	1
465	-288	39	1
465	-288	543	1
465	-288	-321	1
465	-72	111	1
465	-72	687	1
465	-72	-393	1
465	-72	-249	1
465	504	615	1
465	504	-465	1
465	720	687	1
465	720	-393	1
466	-755	-577	2
466	-755	-361	2
466	-539	287	2
466	-539	647	2
466	-539	-721	2
466	-539	-289	2
466	-251	71	2
466	-251	143	2
466	-251	215	2
466	-251	431	2
466	-251	935	2
466	-251	-937	2
466	-251	-865	2
466	-251	-577	2
466	253	575	2
466	253	647	2
466	253	-433	2
466	541	71	2
466	541	647	2
466	541	-649	2
466	541	-361	2
466	829	431	2
466	829	503	2
466	829	575	2
466	829	791	2
466	829	-577	2
466	829	-505	2
466	829	-217	2
468	-393	-933	1
468	-393	-789	1
468	111	363	1
468	111	-717	1
471	-450	39	1
471	-450	543	1
471	-234	111	1
471	-234	687	1
471	-234	-753	1
471	-234	-393	1
471	54	-825	1
471	558	687	1
471	558	-393	1
471	846	471	1
471	846	-393	1
471	846	-33	1
473	-112	-433	1
473	-112	-73	1
473	680	935	1
473	680	-145	1
473	968	287	1
473	968	-73	1
476	-721	-325	1
476	359	35	1
479	-274	-73	1
479	518	935	1
479	518	-145	1
479	806	287	1
480	-717	-789	1
480	-717	-213	1
480	-213	-717	1
480	75	507	1
480	75	-213	1
480	867	-357	1
483	-774	543	1
483	-774	-897	1
483	-558	687	1
483	-558	-393	1
483	-270	-825	1
483	-270	-465	1
483	18	615	1
483	18	-465	1
483	522	-33	1
483	810	-969	1
483	810	-465	1
483	810	-105	1
486	-879	291	1
486	-879	867	1
486	-879	-789	1
486	-375	363	1
486	-375	723	1
486	705	723	1
488	-757	-973	1
488	35	35	1
489	-936	39	1
489	-936	183	1
489	-936	-897	1
489	-432	615	1
489	-432	-969	1
489	-432	-465	1
489	-144	615	1
489	-144	975	1
489	72	687	1
489	648	975	1
489	648	-969	1
489	648	-609	1
489	648	-105	1
489	864	-897	1
489	864	-537	1
490	-875	95	2
490	-875	527	2
490	-875	887	2
490	-875	-985	2
490	-875	-913	2
490	-371	167	2
490	-371	527	2
490	-371	-625	2
490	-83	599	2
490	-83	-697	2
490	-83	-481	2
490	133	167	2
490	133	599	2
490	133	671	2
490	133	-913	2
490	133	-841	2
490	133	-409	2
490	133	-121	2
490	709	527	2
490	709	887	2
490	709	-985	2
490	709	-265	2
490	925	455	2
490	925	-985	2
490	925	-913	2
490	925	-193	2
491	194	-145	1
494	-919	107	1
494	-127	35	1
497	-760	-73	1
497	32	935	1
497	32	-505	1
497	320	287	1
498	-699	723	1
498	93	-285	1
501	-756	111	1
501	-756	615	1
501	-756	-969	1
501	-756	-465	1
501	-252	687	1
501	36	111	1
501	36	-969	1
501	36	-393	1
501	324	471	1
501	324	975	1
501	324	-969	1
501	324	-609	1
501	324	-105	1
501	540	39	1
501	540	543	1
501	540	-897	1
501	540	-537	1
502	-935	575	2
502	-935	647	2
502	-935	-865	2
502	-935	-433	2
502	-935	-145	2
502	-719	215	2
502	-719	647	2
502	-719	-865	2
502	-719	-793	2
502	-719	-73	2
502	-431	71	2
502	-431	359	2
502	-431	-433	2
502	-431	-1	2
502	-143	431	2
502	-143	575	2
502	-143	935	2
502	-143	-937	2
502	-143	-217	2
502	361	287	2
502	361	575	2
502	361	-505	2
502	361	-433	2
502	649	359	2
502	649	431	2
502	649	719	2
502	649	-649	2
502	649	-73	2
502	865	-73	2
504	-573	147	1
504	-573	-213	1
504	-69	795	1
504	-69	-285	1
504	723	-789	1
507	-918	111	1
507	-918	615	1
507	-918	-969	1
507	-918	-465	1
507	-630	975	1
507	-126	111	1
507	-126	-969	1
507	-126	-393	1
507	162	471	1
507	162	975	1
507	162	-609	1
507	162	-105	1
507	954	471	1
507	954	-609	1
507	954	-33	1
509	-292	-505	1
509	-4	287	1
509	788	-145	1
512	-613	35	1
512	-613	-685	1
515	-166	-73	1
515	914	287	1
515	914	-793	1
516	-897	147	1
516	-897	-213	1
516	-105	723	1
516	399	-789	1
516	399	-429	1
519	-162	471	1
519	-162	-105	1
519	54	39	1
519	54	543	1
519	846	-465	1
522	-555	-285	1
522	237	651	1
522	525	75	1
525	-900	-393	1
525	-612	471	1
525	-612	-969	1
525	-612	-393	1
525	-612	-33	1
525	-108	39	1
525	-108	-537	1
525	180	-33	1
525	468	327	1
525	468	831	1
525	468	-609	1
525	468	-33	1
525	684	-465	1
525	972	399	1
525	972	-177	1
526	-839	527	2
526	-839	599	2
526	-839	887	2
526	-839	-841	2
526	-839	-481	2
526	-551	95	2
526	-551	311	2
526	-551	455	2
526	-551	-697	2
526	-551	-409	2
526	-47	95	2
526	-47	527	2
526	-47	815	2
526	-47	-985	2
526	-47	-193	2
526	241	887	2
526	241	959	2
526	241	-481	2
526	241	-121	2
526	529	455	2
526	529	671	2
526	529	815	2
526	529	-337	2
526	529	-49	2
526	745	23	2
526	745	743	2
526	745	-481	2
527	-778	935	1
527	-778	-145	1
527	-490	-73	1
527	302	215	1
527	590	287	1
527	590	-793	1
533	-940	935	1
533	-940	-505	1
533	-940	-145	1
533	-652	-73	1
533	140	215	1
533	140	-145	1
533	428	287	1
533	428	-793	1
534	-591	723	1
534	-591	-357	1
534	-87	651	1
534	-87	-429	1
534	993	-69	1
537	-936	471	1
537	-936	-393	1
537	-936	-33	1
537	-648	-969	1
537	-648	-465	1
537	-144	-33	1
537	144	327	1
537	144	831	1
537	144	-33	1
537	360	975	1
537	360	-105	1
537	936	327	1
537	936	-753	1
538	-899	143	2
538	-899	359	2
538	-899	863	2
538	-899	-937	2
538	-899	-1	2
538	-323	719	2
538	-323	-793	2
538	-323	-289	2
538	-323	-73	2
538	-323	-1	2
538	-107	575	2
538	-107	935	2
538	-107	-433	2
538	181	359	2
538	181	503	2
538	181	719	2
538	181	-577	2
538	685	863	2
538	685	935	2
538	685	-649	2
538	685	-145	2
538	973	935	2
538	973	-865	2
538	973	-73	2
540	-753	723	1
540	39	-645	1
540	543	147	1
540	543	651	1
540	543	-933	1
540	543	-429	1
542	665	467	1
543	-810	-969	1
543	-810	-465	1
543	-594	-897	1
543	-18	327	1
543	-18	831	1
543	198	975	1
543	198	-465	1
543	198	-105	1
543	486	-537	1
543	990	471	1
543	990	975	1
543	990	-609	1
543	990	-105	1
545	-976	287	1
545	104	647	1
545	104	-793	1
548	503	-613	1
552	-573	-429	1
552	-573	-69	1
552	-285	75	1
552	219	147	1
552	219	507	1
552	219	-429	1
552	507	291	1
552	507	-69	1
555	-918	-897	1
555	-918	-537	1
555	-342	831	1
555	-342	-609	1
555	-126	975	1
555	-126	-105	1
555	162	-537	1
555	162	-177	1
555	450	-753	1
555	954	255	1
558	-735	651	1
558	-735	-789	1
558	57	651	1
558	57	-933	1
558	345	-429	1
560	179	467	1
560	179	-613	1
561	-792	-33	1
561	-504	327	1
561	-504	471	1
561	-504	-609	1
561	0	903	1
561	0	-681	1
561	0	-177	1
561	288	327	1
561	504	471	1
561	504	975	1
561	504	-609	1
562	-731	239	2
562	-731	527	2
562	-731	-769	2
562	-731	-553	2
562	-731	-481	2
562	-443	383	2
562	-443	671	2
562	-443	815	2
562	-443	-697	2
562	-443	-625	2
562	61	455	2
562	61	815	2
562	61	-553	2
562	61	-193	2
562	349	599	2
562	349	887	2
562	349	-913	2
562	349	-769	2
562	349	-409	2
562	349	-193	2
562	349	-121	2
562	565	167	2
562	565	455	2
562	565	887	2
562	565	-625	2
562	565	-553	2
563	-670	-145	1
563	-382	647	1
563	410	215	1
563	410	-865	1
566	809	755	1
569	-832	-145	1
569	248	215	1
569	248	-865	1
570	-771	75	1
570	-267	507	1
570	525	507	1
570	525	-573	1
570	813	867	1
573	-828	471	1
573	-828	-609	1
573	-828	-33	1
573	-612	975	1
573	-612	-465	1
573	-324	399	1
573	-324	903	1
573	-324	-681	1
573	-324	-177	1
573	180	831	1
573	180	975	1
573	180	-609	1
573	468	-105	1
573	756	183	1
573	756	759	1
573	756	-681	1
573	756	-321	1
573	972	327	1
573	972	831	1
573	972	-753	1
573	972	-609	1
573	972	-249	1
574	-791	359	2
574	-791	503	2
574	-791	863	2
574	-503	647	2
574	-503	935	2
574	-503	-865	2
574	-503	-145	2
574	-503	-73	2
574	-287	215	2
574	-287	503	2
574	-287	935	2
574	-287	-649	2
574	-287	-577	2
574	-287	-505	2
574	-287	-289	2
574	1	287	2
574	1	647	2
574	1	-145	2
574	289	719	2
574	289	863	2
574	289	-937	2
574	289	-721	2
574	793	71	2
574	793	575	2
574	793	863	2
574	793	-937	2
574	793	-289	2
574	793	-217	2
574	793	-145	2
576	-429	507	1
576	-429	867	1
576	-141	291	1
576	-141	-429	1
576	363	507	1
576	651	867	1
578	-307	467	1
578	-307	827	1
578	773	827	1
579	-774	-465	1
579	-486	399	1
579	-486	903	1
579	-486	-681	1
579	-486	-177	1
579	18	471	1
579	18	831	1
579	306	-105	1
579	594	183	1
579	594	759	1
579	594	-321	1
581	-76	215	1
581	-76	-865	1
584	-469	827	1
584	323	755	1
584	323	-685	1
587	-238	215	1
587	-238	575	1
587	770	647	1
587	770	-433	1
588	-753	507	1
588	-753	651	1
588	-753	867	1
588	-753	-933	1
588	327	867	1
588	327	-573	1
591	-810	399	1
591	-810	-177	1
591	-522	327	1
591	-522	-753	1
591	-306	831	1
591	270	183	1
591	270	759	1
591	486	327	1
591	486	831	1
591	486	-753	1
591	774	-825	1
594	-627	-429	1
594	-627	-69	1
594	669	3	1
594	669	363	1
596	-1	-685	1
597	-684	327	1
597	-684	-753	1
597	-468	-105	1
597	-180	255	1
597	-180	-105	1
597	324	327	1
597	324	-249	1
597	612	255	1
597	612	-825	1
597	900	255	1
597	900	615	1
598	-623	239	2
598	-623	311	2
598	-623	-769	2
598	-407	815	2
598	-407	887	2
598	-407	-553	2
598	-407	-193	2
598	-119	383	2
598	-119	599	2
598	-119	743	2
598	-119	-121	2
598	385	95	2
598	385	311	2
598	385	383	2
598	385	815	2
598	385	-769	2
598	385	-697	2
598	385	-409	2
598	673	167	2
598	673	-985	2
598	673	-193	2
598	961	239	2
598	961	743	2
598	961	959	2
598	961	-841	2
599	-562	215	1
599	-562	575	1
599	446	647	1
599	446	-433	1
602	-955	827	1
602	-955	-613	1
602	-163	395	1
602	-163	-685	1
602	125	-253	1
602	917	755	1
602	917	-325	1
605	284	647	1
605	284	-433	1
606	-951	-69	1
606	-447	-933	1
606	-159	507	1
606	-159	-573	1
606	-159	-69	1
606	345	363	1
606	633	-573	1
609	-792	471	1
609	-792	975	1
609	-792	-609	1
609	-792	-105	1
609	-504	255	1
609	-504	-105	1
609	-216	-681	1
609	-216	-177	1
609	288	255	1
609	288	831	1
609	288	-825	1
609	288	-249	1
609	576	255	1
609	576	615	1
609	792	327	1
609	792	687	1
610	-971	647	2
610	-971	-865	2
610	-971	-145	2
610	-971	-73	2
610	-683	359	2
610	-683	863	2
610	-683	-721	2
610	-683	-217	2
610	-467	287	2
610	-467	359	2
610	-467	431	2
610	-467	647	2
610	-467	-721	2
610	-467	-649	2
610	-467	-361	2
610	109	215	2
610	109	287	2
610	109	-793	2
610	109	-505	2
610	325	287	2
610	325	-433	2
610	325	-145	2
610	613	647	2
610	613	719	2
610	613	791	2
610	613	-793	2
610	613	-361	2
610	613	-289	2
610	613	-1	2
612	-609	-933	1
612	-609	-573	1
612	-321	507	1
612	-321	-789	1
612	-321	-573	1
612	471	-573	1
612	471	-213	1
612	975	435	1
612	975	-645	1
614	-487	395	1
614	-487	755	1
614	-199	-253	1
614	593	755	1
615	-666	255	1
615	-378	-681	1
615	-378	-177	1
615	-162	-609	1
615	414	615	1
615	630	687	1
615	918	-753	1
615	918	-249	1
617	-40	-433	1
617	752	-865	1
620	-361	827	1
620	-361	-973	1
620	-361	-253	1
623	-202	647	1
623	-202	-793	1
623	590	-865	1
623	878	-433	1
624	-933	-933	1
624	-933	-573	1
624	-141	3	1
624	-141	723	1
624	147	-573	1
624	147	-213	1
624	651	435	1
624	651	795	1
624	939	363	1
627	-486	-609	1
627	-486	-249	1
627	-198	831	1
627	-198	-825	1
627	-198	-249	1
627	594	111	1
627	594	-753	1
627	594	-249	1
627	882	111	1
627	882	-465	1
630	-807	507	1
630	-807	867	1
630	-15	867	1
630	-15	-213	1
630	489	-645	1
630	777	-717	1
632	-973	755	1
632	-685	827	1
632	-685	-973	1
633	-864	183	1
633	-864	759	1
633	-864	-321	1
633	-864	-177	1
633	-648	831	1
633	-648	-753	1
633	-648	-249	1
633	-360	255	1
633	-360	831	1
633	-72	615	1
633	-72	-825	1
633	432	111	1
633	432	-753	1
633	432	-393	1
633	720	615	1
633	720	-969	1
633	720	-825	1
633	936	759	1
633	936	-897	1
633	936	-321	1
634	-803	167	2
634	-587	383	2
634	-587	743	2
634	-587	-625	2
634	-587	-409	2
634	-587	-265	2
634	-299	527	2
634	-299	815	2
634	-299	-985	2
634	-299	-265	2
634	-299	-193	2
634	-11	959	2
634	-11	-337	2
634	493	95	2
634	493	743	2
634	493	-769	2
634	493	-265	2
634	493	-49	2
634	781	95	2
634	781	167	2
634	781	887	2
634	781	-913	2
634	781	-625	2
634	997	167	2
634	997	455	2
634	997	-553	2
634	997	-265	2
635	-526	-793	1
635	554	-433	1
638	-847	-253	1
641	104	575	1
641	104	-865	1
641	104	-505	1
642	-339	867	1
642	165	795	1
642	957	291	1
642	957	-789	1
645	-972	327	1
645	-972	831	1
645	-972	-753	1
645	-972	-249	1
645	-396	255	1
645	-396	-825	1
645	-180	327	1
645	-180	-753	1
645	108	111	1
645	108	687	1
645	108	-753	1
645	108	-393	1
645	612	-321	1
645	900	687	1
645	900	-393	1
646	-647	215	2
646	-647	287	2
646	-647	575	2
646	-647	-793	2
646	-359	647	2
646	-359	791	2
646	-359	-793	2
646	-359	-721	2
646	-359	-1	2
646	-71	143	2
646	-71	215	2
646	-71	431	2
646	-71	935	2
646	-71	-865	2
646	-71	-577	2
646	-71	-289	2
646	145	503	2
646	145	-361	2
646	145	-217	2
646	145	-1	2
646	433	575	2
646	433	647	2
646	433	935	2
646	433	-793	2
646	433	-433	2
646	721	359	2
646	721	-649	2
646	721	-433	2
646	721	-361	2
648	-789	3	1
648	-789	363	1
648	3	795	1
648	291	363	1
648	291	723	1
648	795	291	1
648	795	-789	1
648	795	-429	1
651	-342	327	1
651	-342	-753	1
651	-54	111	1
651	-54	687	1
651	-54	-393	1
651	234	-825	1
651	450	759	1
651	738	687	1
651	738	-393	1
653	-220	575	1
653	-220	-505	1
653	68	-73	1
653	860	935	1
653	860	-145	1
656	-541	755	1
659	-382	575	1
659	-94	-433	1
659	-94	-73	1
659	698	935	1
659	986	287	1
659	986	-73	1
660	-825	147	1
660	-321	795	1
660	-321	-645	1
660	-33	363	1
660	-33	723	1
660	759	-285	1
663	-882	255	1
663	-882	615	1
663	-378	111	1
663	-378	687	1
663	-90	615	1
663	-90	-969	1
663	-90	-465	1
663	126	-897	1
663	702	471	1
663	702	-969	1
663	918	615	1
663	918	-465	1
666	-987	-573	1
666	-195	723	1
666	309	291	1
668	-865	755	1
668	-865	-325	1
669	-828	687	1
669	-828	-753	1
669	-252	111	1
669	-252	615	1
669	-252	-969	1
669	-252	-825	1
669	-252	-465	1
669	-36	183	1
669	-36	-897	1
669	252	-393	1
669	756	615	1
670	-983	239	2
670	-983	599	2
670	-983	-337	2
670	-767	311	2
670	-767	527	2
670	-767	671	2
670	-767	-481	2
670	-767	-193	2
670	-191	527	2
670	-191	-985	2
670	25	95	2
670	25	-913	2
670	25	-265	2
670	313	167	2
670	313	671	2
670	313	887	2
670	313	-913	2
670	313	-841	2
670	313	-121	2
670	817	383	2
670	817	599	2
670	817	-481	2
670	817	-121	2
671	-706	575	1
671	-706	-865	1
671	374	935	1
671	374	-505	1
677	-868	-865	1
677	212	-505	1
678	-807	435	1
678	-807	-645	1
678	273	795	1
678	273	-285	1
678	777	147	1
678	777	651	1
681	-864	-753	1
681	-864	-249	1
681	-576	111	1
681	-576	615	1
681	-576	-969	1
681	-576	-465	1
681	-360	183	1
681	-360	759	1
681	-360	-897	1
681	-360	-321	1
681	216	111	1
681	216	-969	1
681	216	-393	1
681	720	39	1
681	720	543	1
681	720	-537	1
682	-539	215	2
682	-539	935	2
682	-539	-865	2
682	-539	-793	2
682	-539	-73	2
682	-251	71	2
682	-251	359	2
682	-251	647	2
682	-251	-433	2
682	-35	575	2
682	-35	647	2
682	-35	935	2
682	-35	-865	2
682	-35	-433	2
682	-35	-73	2
682	541	287	2
682	541	575	2
682	541	-505	2
682	541	-433	2
682	757	143	2
682	757	575	2
682	757	-937	2
682	757	-865	2
682	757	-649	2
682	757	-145	2
684	-969	435	1
684	-969	-645	1
684	-681	723	1
684	-681	-717	1
684	-177	-429	1
684	111	795	1
684	111	-285	1
684	903	-789	1
684	903	-69	1
687	-738	111	1
687	-738	615	1
687	-738	-969	1
687	54	111	1
687	54	-969	1
687	54	-393	1
687	270	-825	1
689	-904	-433	1
689	-112	-505	1
689	176	-73	1
689	968	-145	1
692	575	467	1
695	14	-73	1
696	-501	291	1
696	291	147	1
696	291	291	1
696	291	507	1
696	579	651	1
699	-846	759	1
699	-846	-897	1
699	-846	-321	1
699	-558	-393	1
699	-54	-825	1
699	234	39	1
699	234	-537	1
699	522	-33	1
699	738	471	1
702	-663	-789	1
702	-375	795	1
702	129	-789	1
702	129	-213	1
702	417	-789	1
702	417	-429	1
705	-720	687	1
705	-720	-393	1
705	-432	111	1
705	-432	471	1
705	-432	-33	1
705	-216	-825	1
705	-216	-465	1
705	72	543	1
705	72	-897	1
705	360	-33	1
705	864	-465	1
705	864	-105	1
706	-947	455	2
706	-947	-913	2
706	-947	-553	2
706	-947	-265	2
706	-659	599	2
706	-659	887	2
706	-659	-481	2
706	-659	-409	2
706	-371	455	2
706	-371	-985	2
706	-371	-409	2
706	-371	-49	2
706	-155	23	2
706	-155	-841	2
706	-155	-337	2
706	-155	-121	2
706	133	95	2
706	133	815	2
706	133	-985	2
706	133	-553	2
706	133	-193	2
706	421	959	2
706	421	-121	2
706	421	-49	2
706	925	23	2
706	925	239	2
706	925	383	2
706	925	-481	2
707	-598	935	1
707	-598	-505	1
707	-598	-145	1
707	-310	-73	1
707	482	215	1
707	482	-145	1
710	89	467	1
710	89	-973	1
713	-760	935	1
713	-760	-145	1
713	-472	287	1
713	-472	-73	1
713	320	215	1
714	-987	291	1
714	-987	-789	1
714	93	651	1
714	93	-429	1
717	-756	471	1
717	-756	-33	1
717	-540	615	1
717	-540	-825	1
717	-540	-465	1
717	36	-33	1
717	252	111	1
717	252	615	1
717	252	-969	1
717	252	-465	1
717	540	975	1
717	540	-465	1
717	540	-105	1
718	-719	143	2
718	-719	359	2
718	-719	863	2
718	-719	-937	2
718	-719	-361	2
718	-215	71	2
718	-215	503	2
718	-215	575	2
718	-215	863	2
718	-215	-865	2
718	-215	-505	2
718	73	287	2
718	73	935	2
718	73	-505	2
718	73	-433	2
718	361	503	2
718	361	719	2
718	361	-577	2
718	361	-1	2
718	577	71	2
718	577	287	2
718	577	791	2
718	577	-721	2
718	577	-73	2
718	577	-1	2
718	865	431	2
718	865	863	2
718	865	935	2
718	865	-649	2
718	865	-505	2
718	865	-145	2
720	-357	291	1
720	-357	507	1
720	-357	651	1
720	-357	-213	1
720	435	-933	1
720	723	147	1
720	723	651	1
720	723	867	1
720	723	-933	1
722	-235	-973	1
722	557	35	1
722	557	395	1
722	845	-613	1
723	-918	-33	1
723	-702	615	1
723	-702	-465	1
723	-414	-897	1
723	90	111	1
723	90	615	1
723	90	-969	1
723	90	-465	1
723	378	975	1
723	378	-105	1
723	666	-537	1
723	882	-969	1
725	-796	287	1
725	-796	-73	1
728	-397	107	1
728	-397	-973	1
728	683	467	1
728	683	-613	1
731	-166	215	1
732	-681	291	1
732	-681	651	1
732	-393	651	1
732	-393	-789	1
732	-393	-69	1
732	111	-933	1
732	399	651	1
732	399	-933	1
735	-738	543	1
735	-738	-537	1
735	-450	-33	1
735	54	975	1
735	342	903	1
735	342	-681	1
735	342	-177	1
735	558	-969	1
735	558	-609	1
738	-843	147	1
738	-843	651	1
738	-843	-213	1
738	237	147	1
738	237	507	1
740	-721	107	1
740	-721	467	1
740	359	467	1
740	359	827	1
741	-900	39	1
741	-900	543	1
741	-900	-897	1
741	-900	-537	1
741	-396	111	1
741	-396	471	1
741	-396	975	1
741	-396	-465	1
741	180	399	1
741	180	903	1
741	180	-681	1
741	180	-537	1
741	180	-177	1
741	396	471	1
741	396	-609	1
741	684	471	1
741	684	831	1
741	684	-105	1
742	-839	455	2
742	-839	527	2
742	-839	-553	2
742	-551	527	2
742	-551	887	2
742	-551	-769	2
742	-551	-481	2
742	-551	-49	2
742	-335	95	2
742	-335	815	2
742	-335	-985	2
742	-335	-913	2
742	-335	-193	2
742	241	815	2
742	241	887	2
742	241	-193	2
742	457	23	2
742	457	383	2
742	457	-985	2
742	457	-769	2
742	457	-625	2
742	745	167	2
742	745	455	2
742	745	-625	2
742	745	-553	2
743	-490	-145	1
746	-91	395	1
746	989	755	1
749	-652	-145	1
750	-375	147	1
750	-87	507	1
750	417	-357	1
750	705	507	1
753	-720	111	1
753	-720	471	1
753	-720	975	1
753	-432	-465	1
753	-144	399	1
753	-144	903	1
753	-144	-681	1
753	-144	-177	1
753	72	471	1
753	72	-609	1
753	72	-33	1
753	360	471	1
753	360	831	1
753	648	-105	1
754	-899	287	2
754	-899	575	2
754	-899	-505	2
754	-611	359	2
754	-611	863	2
754	-611	-1	2
754	-107	215	2
754	-107	431	2
754	-107	503	2
754	-107	-577	2
754	-107	-505	2
754	-107	-289	2
754	181	647	2
754	181	935	2
754	181	-145	2
754	397	215	2
754	397	935	2
754	397	-145	2
754	397	-73	2
754	973	71	2
754	973	575	2
754	973	791	2
754	973	863	2
754	973	-937	2
754	973	-649	2
754	973	-217	2
754	973	-145	2
756	-537	-933	1
756	-537	-573	1
756	-249	-429	1
756	255	3	1
756	255	-357	1
756	543	-573	1
756	543	-213	1
758	-415	395	1
758	-127	827	1
758	665	755	1
758	665	-685	1
759	-882	471	1
759	-882	975	1
759	-594	-465	1
759	-306	399	1
759	-306	903	1
759	-306	-681	1
759	198	831	1
759	486	-105	1
759	702	-33	1
761	-976	215	1
761	-976	-145	1
761	824	215	1
761	824	-865	1
764	-577	35	1
764	-577	755	1
764	-289	827	1
764	503	395	1
767	-130	287	1
767	-130	-793	1
767	662	215	1
767	950	647	1
767	950	-793	1
767	950	-433	1
768	-573	147	1
768	-573	867	1
768	-573	-429	1
768	-69	3	1
768	-69	-357	1
768	723	435	1
768	723	795	1
771	-630	903	1
771	-630	-681	1
771	-630	-537	1
771	-414	-609	1
771	-414	-33	1
771	-126	-105	1
771	378	327	1
771	378	-33	1
771	666	327	1
771	666	-249	1
771	954	255	1
771	954	-825	1
774	-231	3	1
774	57	-933	1
774	561	75	1
774	849	363	1
776	-901	35	1
776	179	395	1
776	179	-685	1
777	-576	471	1
777	-576	-969	1
777	-288	831	1
777	-288	975	1
777	-288	-609	1
777	-288	-105	1
777	0	255	1
777	216	327	1
777	504	831	1
777	504	-753	1
777	504	-609	1
777	792	255	1
777	792	-825	1
777	792	-249	1
778	-515	23	2
778	-515	743	2
778	-515	-769	2
778	-515	-625	2
778	-515	-265	2
778	-515	-49	2
778	-227	887	2
778	-227	-193	2
778	61	239	2
778	61	743	2
778	61	-697	2
778	61	-121	2
778	277	167	2
778	277	311	2
778	277	959	2
778	277	-841	2
778	277	-553	2
778	277	-49	2
778	565	95	2
778	565	311	2
778	565	383	2
778	565	-697	2
778	565	-409	2
778	565	-265	2
778	853	167	2
779	-454	287	1
779	-454	-793	1
779	338	215	1
779	626	647	1
779	626	-433	1
782	-775	467	1
782	17	395	1
782	17	-685	1
785	-616	287	1
785	464	647	1
786	-267	-933	1
786	-267	-573	1
789	-612	471	1
789	-612	975	1
789	-612	-609	1
789	-612	-105	1
789	-324	255	1
789	-108	327	1
789	468	255	1
789	468	831	1
789	468	-825	1
789	468	-249	1
789	684	399	1
789	684	903	1
789	684	-681	1
789	684	-177	1
789	972	687	1
790	-791	287	2
790	-791	935	2
790	-791	-865	2
790	-791	-73	2
790	-575	215	2
790	-575	-793	2
790	-575	-505	2
790	-287	359	2
790	-287	431	2
790	-287	647	2
790	-287	-649	2
790	-287	-361	2
790	-287	-73	2
790	217	359	2
790	217	863	2
790	217	-721	2
790	217	-577	2
790	217	-217	2
790	505	575	2
790	505	-433	2
790	505	-145	2
790	793	287	2
790	793	719	2
790	793	791	2
790	793	-793	2
790	793	-289	2
790	793	-1	2
792	-429	507	1
792	75	75	1
792	75	795	1
792	867	-789	1
794	-307	-685	1
795	-486	255	1
795	-270	327	1
795	18	-609	1
795	522	399	1
795	522	903	1
795	522	-681	1
795	522	-177	1
795	810	687	1
797	-940	287	1
797	140	647	1
797	140	-793	1
797	932	-865	1
803	-310	-865	1
803	-22	-793	1
803	770	-865	1
803	770	-505	1
804	-753	507	1
804	-753	-573	1
804	39	723	1
804	543	-69	1
804	831	-645	1
807	-810	255	1
807	-594	327	1
807	-306	831	1
807	-306	-753	1
807	-306	-249	1
807	-18	255	1
807	-18	831	1
807	486	687	1
807	486	-753	1
807	774	111	1
807	774	-753	1
807	774	-393	1
810	-915	507	1
810	-915	-573	1
810	-411	75	1
810	-411	435	1
810	-123	3	1
810	669	435	1
810	669	795	1
812	-793	755	1
813	-972	-105	1
813	-468	327	1
813	-468	831	1
813	-468	-753	1
813	-468	-609	1
813	-468	-249	1
813	-180	-249	1
813	36	399	1
813	36	759	1
813	36	-177	1
813	612	111	1
813	612	687	1
813	612	-393	1
813	612	-249	1
813	828	-825	1
814	-911	239	2
814	-911	383	2
814	-911	599	2
814	-911	-697	2
814	-407	743	2
814	-407	815	2
814	-407	-769	2
814	-407	-265	2
814	-119	815	2
814	-119	-985	2
814	-119	-193	2
814	97	95	2
814	97	887	2
814	97	-913	2
814	97	-625	2
814	673	95	2
814	673	-769	2
814	673	-409	2
814	889	-697	2
814	889	-481	2
814	889	-337	2
815	-346	-793	1
815	734	-433	1
821	-796	215	1
821	-796	-865	1
821	284	575	1
821	284	-505	1
822	-735	435	1
822	57	-69	1
822	345	795	1
822	849	-573	1
822	849	-69	1
825	-792	327	1
825	-792	831	1
825	-792	-753	1
825	-792	-249	1
825	-288	399	1
825	-288	759	1
825	0	327	1
825	0	-753	1
825	288	111	1
825	288	687	1
825	288	-393	1
825	504	255	1
825	504	-825	1
825	792	759	1
826	-971	71	2
826	-971	863	2
826	-971	-937	2
826	-971	-649	2
826	-971	-145	2
826	-755	143	2
826	-755	359	2
826	-755	-577	2
826	-755	-361	2
826	-467	287	2
826	-467	575	2
826	-467	-793	2
826	-179	287	2
826	-179	647	2
826	-179	-721	2
826	-179	-361	2
826	325	503	2
826	325	719	2
826	325	-721	2
826	325	-217	2
826	325	-1	2
826	613	647	2
826	613	935	2
826	613	-433	2
826	829	143	2
826	829	215	2
826	829	503	2
826	829	-865	2
826	829	-289	2
828	-105	-69	1
828	687	147	1
828	687	291	1
828	687	-573	1
828	687	-69	1
828	975	291	1
831	-954	327	1
831	-954	831	1
831	-954	-753	1
831	-666	-825	1
831	-450	759	1
831	-162	327	1
831	-162	-753	1
831	126	687	1
831	126	-393	1
831	918	687	1
831	918	-393	1
833	-832	647	1
833	-832	-793	1
833	-832	-433	1
833	-40	575	1
833	248	-433	1
833	248	-73	1
839	-994	647	1
839	-994	-433	1
839	-202	-505	1
839	86	-73	1
839	878	-145	1
840	-933	363	1
840	-141	435	1
840	363	291	1
840	363	867	1
840	363	-69	1
843	-990	255	1
843	-990	-825	1
843	-990	-249	1
843	-774	-177	1
843	-198	-393	1
843	-198	-249	1
843	18	255	1
843	306	183	1
843	306	-897	1
843	810	255	1
843	810	615	1
843	810	-249	1
846	201	291	1
846	201	-573	1
846	201	-213	1
846	993	-213	1
848	323	107	1
848	323	-253	1
849	-936	759	1
849	-936	903	1
849	-936	-681	1
849	-936	-177	1
849	-648	327	1
849	-648	687	1
849	-144	-825	1
849	144	183	1
849	144	-897	1
849	144	-321	1
849	432	687	1
849	648	111	1
849	648	615	1
849	648	-825	1
849	648	-249	1
849	936	-465	1
850	-875	815	2
850	-875	-265	2
850	-875	-193	2
850	-587	167	2
850	-587	671	2
850	-587	-769	2
850	-587	-193	2
850	-83	23	2
850	-83	239	2
850	-83	-481	2
850	-83	-337	2
850	205	95	2
850	205	167	2
850	205	-913	2
850	493	167	2
850	493	527	2
850	493	-841	2
850	493	-409	2
850	709	455	2
850	709	-553	2
850	709	-265	2
850	997	23	2
850	997	383	2
850	997	599	2
850	997	-121	2
851	-526	-865	1
851	554	-505	1
854	953	35	1
857	-688	-865	1
857	-400	-73	1
857	392	-505	1
858	-627	435	1
858	-627	-645	1
858	-123	867	1
858	-123	-213	1
858	957	147	1
861	-972	687	1
861	-684	-753	1
861	-684	-249	1
861	-180	183	1
861	-180	759	1
861	-180	-897	1
861	-180	-321	1
861	324	111	1
861	324	615	1
861	324	-249	1
861	900	39	1
861	900	543	1
861	900	-537	1
862	-935	287	2
862	-935	575	2
862	-935	-433	2
862	-935	-145	2
862	-359	215	2
862	-359	575	2
862	-359	-793	2
862	-143	503	2
862	-143	-505	2
862	-143	-289	2
862	-143	-217	2
862	145	215	2
862	145	647	2
862	145	935	2
862	145	-865	2
862	145	-73	2
862	649	71	2
862	649	647	2
862	649	-433	2
862	649	-289	2
862	937	71	2
862	937	143	2
862	937	863	2
862	937	-937	2
862	937	-865	2
862	937	-649	2
862	937	-145	2
864	-789	435	1
864	-789	795	1
864	3	-789	1
864	507	867	1
864	507	-933	1
866	629	35	1
867	-846	111	1
867	-846	-753	1
867	-846	-249	1
867	162	111	1
867	162	615	1
867	450	-825	1
867	954	111	1
867	954	687	1
867	954	-969	1
867	954	-393	1
869	-724	-433	1
869	68	-505	1
869	68	-145	1
872	-325	107	1
872	-325	467	1
872	467	395	1
872	467	-325	1
872	755	467	1
872	755	827	1
875	-886	-433	1
875	914	-73	1
876	-609	147	1
876	-609	651	1
876	-609	867	1
876	-609	-573	1
876	-321	-789	1
876	183	867	1
876	183	-933	1
876	471	507	1
876	471	-789	1
876	471	-213	1
876	975	-717	1
876	975	-357	1
879	-954	-825	1
879	-666	183	1
879	-666	759	1
879	-378	687	1
879	-378	-393	1
879	-162	615	1
879	-162	-825	1
879	126	-825	1
879	126	-465	1
879	414	543	1
879	414	-897	1
879	918	975	1
879	918	-465	1
882	-771	-69	1
882	-483	291	1
882	-483	-789	1
882	309	291	1
882	309	-789	1
884	-649	107	1
884	-649	467	1
884	143	-325	1
884	431	467	1
884	431	827	1
884	431	-973	1
885	-828	-321	1
885	-540	687	1
885	-540	-393	1
885	-36	615	1
885	-36	-465	1
885	252	39	1
885	252	-897	1
885	468	111	1
885	468	687	1
886	-767	167	2
886	-767	-553	2
886	-767	-265	2
886	-479	527	2
886	-479	599	2
886	-479	671	2
886	-479	887	2
886	-479	-913	2
886	-479	-481	2
886	-479	-409	2
886	-479	-121	2
886	25	23	2
886	25	-841	2
886	25	-481	2
886	313	95	2
886	313	527	2
886	313	-985	2
886	313	-913	2
886	313	-193	2
886	529	383	2
886	529	671	2
886	529	-985	2
886	529	-625	2
886	529	-409	2
886	529	-337	2
887	-418	935	1
887	-418	-145	1
887	590	-73	1
890	-811	-253	1
890	269	107	1
893	-580	935	1
893	-580	-145	1
893	428	-73	1
894	-807	291	1
894	489	723	1
894	777	-933	1
897	-864	687	1
897	-864	-393	1
897	-648	255	1
897	-648	-825	1
897	-648	-249	1
897	-360	615	1
897	-360	-465	1
897	144	687	1
897	432	111	1
897	432	615	1
897	432	-969	1
897	432	-465	1
897	720	975	1
897	720	-105	1
897	936	-33	1
898	-827	215	2
898	-827	575	2
898	-827	-793	2
898	-827	-433	2
898	-539	143	2
898	-539	359	2
898	-539	-937	2
898	-539	-361	2
898	-323	431	2
898	-323	647	2
898	-323	719	2
898	-323	-793	2
898	-323	-361	2
898	-323	-289	2
898	-323	-73	2
898	-35	71	2
898	-35	575	2
898	-35	863	2
898	-35	-505	2
898	253	575	2
898	253	935	2
898	253	-433	2
898	253	-73	2
898	757	71	2
898	757	287	2
898	757	791	2
898	757	-721	2
898	757	-433	2
898	757	-1	2
900	-465	-213	1
900	-177	147	1
900	-177	-789	1
900	-177	-213	1
900	327	3	1
900	327	-357	1
900	615	147	1
902	-55	107	1
902	-55	-973	1
903	-810	255	1
903	-810	-825	1
903	-810	-249	1
903	-522	615	1
903	-522	-465	1
903	-234	-897	1
903	-234	-537	1
903	270	111	1
903	270	615	1
903	270	-969	1
903	270	-465	1
903	558	975	1
903	558	-105	1
905	104	-73	1
908	-505	35	1
908	-505	-325	1
908	-217	107	1
908	-217	827	1
908	-217	-973	1
908	575	35	1
908	575	395	1
912	-789	-213	1
912	-501	147	1
912	-501	651	1
912	-501	-213	1
912	291	147	1
912	291	-933	1
915	-846	-465	1
915	-558	39	1
915	-558	543	1
915	-558	-897	1
915	-558	-537	1
915	-342	111	1
915	-342	-969	1
915	234	-105	1
915	450	-33	1
915	738	471	1
915	738	-609	1
918	-663	147	1
918	-663	651	1
918	-159	-717	1
918	633	75	1
918	633	-285	1
918	921	-357	1
920	-541	-973	1
921	-720	39	1
921	-720	543	1
921	-720	-537	1
921	-504	111	1
921	-504	-969	1
921	-504	-393	1
921	-216	471	1
921	-216	615	1
921	-216	975	1
921	-216	-969	1
921	288	-393	1
921	576	471	1
921	576	-969	1
921	576	-609	1
921	576	-33	1
921	864	831	1
921	864	975	1
921	864	-609	1
922	-659	455	2
922	-659	527	2
922	-659	815	2
922	-659	-913	2
922	-659	-553	2
922	-443	23	2
922	-443	95	2
922	-443	-985	2
922	-155	95	2
922	-155	455	2
922	-155	-913	2
922	349	311	2
922	349	527	2
922	349	599	2
922	349	-481	2
922	349	-193	2
922	349	-49	2
922	637	383	2
922	637	455	2
922	637	-625	2
922	925	455	2
922	925	815	2
922	925	-553	2
923	410	935	1
923	410	-145	1
929	248	935	1
929	248	-145	1
929	536	-793	1
930	-987	651	1
930	-987	-789	1
930	-483	-717	1
930	-483	-357	1
930	-195	-933	1
930	309	75	1
930	597	3	1
930	597	-357	1
933	-828	111	1
933	-828	687	1
933	-828	-969	1
933	-828	-393	1
933	-540	471	1
933	-540	975	1
933	-252	-465	1
933	252	471	1
933	252	-609	1
933	252	-33	1
933	540	831	1
933	756	39	1
933	756	399	1
933	756	903	1
934	-719	287	2
934	-719	575	2
934	-719	-505	2
934	-719	-73	2
934	-503	575	2
934	-503	647	2
934	-503	-433	2
934	-503	-145	2
934	73	503	2
934	73	863	2
934	73	-505	2
934	73	-289	2
934	289	-937	2
934	289	-721	2
934	289	-217	2
934	289	-1	2
934	577	215	2
934	577	935	2
934	577	-73	2
936	-645	723	1
936	-357	147	1
936	-357	-573	1
936	939	651	1
936	939	-429	1
938	-235	35	1
939	-702	471	1
939	-414	-465	1
939	-198	-393	1
939	378	831	1
939	594	399	1
939	594	903	1
939	882	-33	1
941	-76	935	1
941	-76	-145	1
944	-397	755	1
947	-238	935	1
947	50	287	1
947	50	-793	1
947	842	-865	1
948	-969	723	1
948	-969	-357	1
948	-177	435	1
948	-177	-285	1
948	111	3	1
948	615	-429	1
948	903	75	1
948	903	795	1
951	-522	-33	1
951	-234	471	1
951	-234	-969	1
951	54	831	1
951	54	975	1
951	54	-609	1
951	54	-105	1
951	270	903	1
951	270	-537	1
951	558	327	1
951	846	831	1
951	846	-753	1
951	846	-609	1
954	-51	3	1
954	453	651	1
956	-721	35	1
956	-721	755	1
957	-900	975	1
957	-900	-465	1
957	-900	-105	1
957	-684	-393	1
957	-684	-33	1
957	-396	-969	1
957	-396	-33	1
957	-108	471	1
957	-108	975	1
957	-108	-609	1
957	-108	-105	1
957	396	327	1
957	396	-33	1
957	684	327	1
957	684	-609	1
957	900	975	1
958	-839	23	2
958	-839	383	2
958	-839	959	2
958	-839	-121	2
958	-623	959	2
958	-623	-913	2
958	-623	-553	2
958	-623	-49	2
958	-335	23	2
958	-335	455	2
958	-335	-985	2
958	-335	-769	2
958	-335	-265	2
958	-47	167	2
958	-47	815	2
958	-47	887	2
958	-47	-625	2
958	-47	-193	2
958	457	311	2
958	457	-553	2
958	457	-193	2
958	745	95	2
958	745	383	2
958	745	815	2
958	745	-769	2
958	745	-697	2
958	745	-625	2
958	745	-409	2
958	961	959	2
958	961	-841	2
958	961	-697	2
958	961	-337	2
958	961	-121	2
959	-562	935	1
959	-274	287	1
959	806	647	1
962	-883	35	1
962	-883	395	1
965	-436	-793	1
965	644	-433	1
966	-375	3	1
966	921	507	1
966	921	-573	1
969	-432	471	1
969	-432	975	1
969	-432	-609	1
969	-432	-105	1
969	-216	39	1
969	-216	543	1
969	-216	-537	1
969	72	327	1
969	576	975	1
969	864	399	1
969	864	903	1
969	864	-681	1
969	864	-177	1
970	-683	503	2
970	-683	-577	2
970	-683	-1	2
970	-395	-505	2
970	-395	-145	2
970	-107	431	2
970	-107	647	2
970	-107	-721	2
970	-107	-649	2
970	-107	-361	2
970	-107	-73	2
970	109	215	2
970	109	935	2
970	109	-793	2
970	109	-505	2
970	109	-73	2
970	397	359	2
970	397	863	2
970	397	-721	2
970	397	-217	2
970	685	215	2
970	685	-145	2
972	-825	75	1
972	-825	-285	1
972	255	75	1
972	255	435	1
972	759	291	1
972	759	507	1
972	759	-69	1
974	881	827	1
974	881	-253	1
975	-882	-969	1
975	-882	-609	1
975	-378	39	1
975	-378	543	1
975	-378	-537	1
975	198	-609	1
975	198	-249	1
975	702	399	1
975	702	903	1
975	702	-681	1
975	702	-177	1
977	32	-865	1
977	320	-793	1
980	719	107	1
980	719	827	1
980	719	-253	1
983	-130	215	1
983	-130	-865	1
983	158	-793	1
983	950	575	1
983	950	-505	1
984	-861	-357	1
984	-357	651	1
984	-69	75	1
984	-69	435	1
987	-918	831	1
987	-918	975	1
987	-918	-609	1
987	-414	-33	1
987	-126	327	1
987	-126	831	1
987	-126	-753	1
987	-126	-609	1
987	-126	-249	1
987	666	327	1
987	666	-753	1
987	882	255	1
987	882	831	1
990	-231	435	1
990	273	-429	1
992	395	107	1
992	395	-253	1
993	-864	399	1
993	-864	543	1
993	-864	903	1
993	-288	327	1
993	-288	831	1
993	-288	-753	1
993	-288	-249	1
993	-72	-105	1
993	216	759	1
993	216	903	1
993	216	-681	1
993	720	-249	1
993	720	-105	1
994	-803	887	2
994	-803	-985	2
994	-803	-553	2
994	-227	311	2
994	-227	743	2
994	-227	815	2
994	-227	-769	2
994	-227	-625	2
994	-227	-265	2
994	-11	383	2
994	-11	-697	2
994	277	-913	2
994	277	-625	2
994	277	-193	2
994	781	95	2
994	781	815	2
994	781	887	2
994	781	-193	2
995	-166	-793	1
995	-166	-433	1
998	233	827	1
998	233	-613	1
