p	A	B	C	rho	sigma	pairing	a	b	c	d	mc	nc	U1	U0	V1	V0	M	N	G1	G0	W1	W0	ordD	ordH	relrankMN
53	7	10	25	33	5	1	25	13	6	1	52	43	12	36	10	18	11	35	44	29	14	23	12	24	2
53	7	10	25	33	5	1	25	13	6	1	52	43	12	36	10	18	21	7	38	13	35	37	12	24	2
53	7	10	25	33	5	1	25	13	6	1	52	43	12	36	10	18	23	38	7	40	8	17	12	24	2
53	7	10	25	33	5	1	25	13	6	1	52	43	12	36	10	18	25	19	52	25	44	1	12	24	2
53	7	10	25	33	5	1	25	13	6	1	52	43	12	36	10	18	28	2	13	43	36	11	12	24	2
53	7	10	25	33	5	1	25	13	6	1	52	43	12	36	10	18	40	36	36	25	39	19	12	24	2
53	7	10	25	33	5	1	25	13	6	1	52	43	12	36	10	18	40	51	43	17	14	34	12	24	2
53	7	10	25	33	5	1	25	13	6	1	52	43	12	36	10	18	44	11	28	43	1	50	12	24	2
53	7	10	25	33	5	1	25	13	6	1	52	43	12	36	10	18	48	29	50	7	31	47	12	24	2
53	7	10	25	33	5	1	25	13	6	1	52	43	12	36	10	18	51	6	36	46	40	24	12	24	2
53	7	10	25	33	5	2	25	6	13	1	52	43	12	36	10	18	11	35	44	29	14	23	12	24	2
53	7	10	25	33	5	2	25	6	13	1	52	43	12	36	10	18	21	7	38	13	35	37	12	24	2
53	7	10	25	33	5	2	25	6	13	1	52	43	12	36	10	18	23	38	7	40	8	17	12	24	2
53	7	10	25	33	5	2	25	6	13	1	52	43	12	36	10	18	25	19	52	25	44	1	12	24	2
53	7	10	25	33	5	2	25	6	13	1	52	43	12	36	10	18	28	2	13	43	36	11	12	24	2
53	7	10	25	33	5	2	25	6	13	1	52	43	12	36	10	18	40	36	36	25	39	19	12	24	2
53	7	10	25	33	5	2	25	6	13	1	52	43	12	36	10	18	40	51	43	17	14	34	12	24	2
53	7	10	25	33	5	2	25	6	13	1	52	43	12	36	10	18	44	11	28	43	1	50	12	24	2
53	7	10	25	33	5	2	25	6	13	1	52	43	12	36	10	18	48	29	50	7	31	47	12	24	2
53	7	10	25	33	5	2	25	6	13	1	52	43	12	36	10	18	51	6	36	46	40	24	12	24	2
53	7	10	25	33	5	3	13	6	25	1	52	43	12	36	10	18	11	35	44	29	14	23	12	24	2
53	7	10	25	33	5	3	13	6	25	1	52	43	12	36	10	18	21	7	38	13	35	37	12	24	2
53	7	10	25	33	5	3	13	6	25	1	52	43	12	36	10	18	23	38	7	40	8	17	12	24	2
53	7	10	25	33	5	3	13	6	25	1	52	43	12	36	10	18	25	19	52	25	44	1	12	24	2
53	7	10	25	33	5	3	13	6	25	1	52	43	12	36	10	18	28	2	13	43	36	11	12	24	2
53	7	10	25	33	5	3	13	6	25	1	52	43	12	36	10	18	40	36	36	25	39	19	12	24	2
53	7	10	25	33	5	3	13	6	25	1	52	43	12	36	10	18	40	51	43	17	14	34	12	24	2
53	7	10	25	33	5	3	13	6	25	1	52	43	12	36	10	18	44	11	28	43	1	50	12	24	2
53	7	10	25	33	5	3	13	6	25	1	52	43	12	36	10	18	48	29	50	7	31	47	12	24	2
53	7	10	25	33	5	3	13	6	25	1	52	43	12	36	10	18	51	6	36	46	40	24	12	24	2
53	7	10	25	20	48	1	28	40	47	52	25	2	37	49	4	2	7	17	22	43	48	12	12	24	2
53	7	10	25	20	48	1	28	40	47	52	25	2	37	49	4	2	9	36	31	7	16	30	12	24	2
53	7	10	25	20	48	1	28	40	47	52	25	2	37	49	4	2	11	37	35	37	30	50	12	24	2
53	7	10	25	20	48	1	28	40	47	52	25	2	37	49	4	2	12	45	32	16	23	3	12	24	2
53	7	10	25	20	48	1	28	40	47	52	25	2	37	49	4	2	15	20	13	25	20	38	12	24	2
53	7	10	25	20	48	1	28	40	47	52	25	2	37	49	4	2	21	46	41	24	27	12	12	24	2
53	7	10	25	20	48	1	28	40	47	52	25	2	37	49	4	2	26	1	41	7	50	23	12	24	2
53	7	10	25	20	48	1	28	40	47	52	25	2	37	49	4	2	26	29	38	25	3	30	12	24	2
53	7	10	25	20	48	1	28	40	47	52	25	2	37	49	4	2	32	13	18	40	17	33	12	24	2
53	7	10	25	20	48	1	28	40	47	52	25	2	37	49	4	2	33	5	26	40	19	4	12	24	2
53	7	10	25	20	48	1	28	40	47	52	25	2	37	49	4	2	41	50	2	9	6	48	12	24	2
53	7	10	25	20	48	1	28	40	47	52	25	2	37	49	4	2	42	28	5	44	45	5	12	24	2
53	7	10	25	20	48	1	28	40	47	52	25	2	37	49	4	2	44	12	8	47	16	3	12	24	2
53	7	10	25	20	48	1	28	40	47	52	25	2	37	49	4	2	49	31	19	7	40	47	12	24	2
53	7	10	25	20	48	1	28	40	47	52	25	2	37	49	4	2	51	45	29	43	32	47	12	24	2
53	7	10	25	20	48	1	28	40	47	52	25	2	37	49	4	2	52	10	8	40	13	20	12	24	2
53	7	10	25	20	48	2	28	47	40	52	25	2	37	49	4	2	7	17	22	43	48	12	12	24	2
53	7	10	25	20	48	2	28	47	40	52	25	2	37	49	4	2	9	36	31	7	16	30	12	24	2
53	7	10	25	20	48	2	28	47	40	52	25	2	37	49	4	2	11	37	35	37	30	50	12	24	2
53	7	10	25	20	48	2	28	47	40	52	25	2	37	49	4	2	12	45	32	16	23	3	12	24	2
53	7	10	25	20	48	2	28	47	40	52	25	2	37	49	4	2	15	20	13	25	20	38	12	24	2
53	7	10	25	20	48	2	28	47	40	52	25	2	37	49	4	2	21	46	41	24	27	12	12	24	2
53	7	10	25	20	48	2	28	47	40	52	25	2	37	49	4	2	26	1	41	7	50	23	12	24	2
53	7	10	25	20	48	2	28	47	40	52	25	2	37	49	4	2	26	29	38	25	3	30	12	24	2
53	7	10	25	20	48	2	28	47	40	52	25	2	37	49	4	2	32	13	18	40	17	33	12	24	2
53	7	10	25	20	48	2	28	47	40	52	25	2	37	49	4	2	33	5	26	40	19	4	12	24	2
53	7	10	25	20	48	2	28	47	40	52	25	2	37	49	4	2	41	50	2	9	6	48	12	24	2
53	7	10	25	20	48	2	28	47	40	52	25	2	37	49	4	2	42	28	5	44	45	5	12	24	2
53	7	10	25	20	48	2	28	47	40	52	25	2	37	49	4	2	44	12	8	47	16	3	12	24	2
53	7	10	25	20	48	2	28	47	40	52	25	2	37	49	4	2	49	31	19	7	40	47	12	24	2
53	7	10	25	20	48	2	28	47	40	52	25	2	37	49	4	2	51	45	29	43	32	47	12	24	2
53	7	10	25	20	48	2	28	47	40	52	25	2	37	49	4	2	52	10	8	40	13	20	12	24	2
53	7	10	25	20	48	3	40	47	28	52	25	2	37	49	4	2	7	17	22	43	48	12	12	24	2
53	7	10	25	20	48	3	40	47	28	52	25	2	37	49	4	2	9	36	31	7	16	30	12	24	2
53	7	10	25	20	48	3	40	47	28	52	25	2	37	49	4	2	11	37	35	37	30	50	12	24	2
53	7	10	25	20	48	3	40	47	28	52	25	2	37	49	4	2	12	45	32	16	23	3	12	24	2
53	7	10	25	20	48	3	40	47	28	52	25	2	37	49	4	2	15	20	13	25	20	38	12	24	2
53	7	10	25	20	48	3	40	47	28	52	25	2	37	49	4	2	21	46	41	24	27	12	12	24	2
53	7	10	25	20	48	3	40	47	28	52	25	2	37	49	4	2	26	1	41	7	50	23	12	24	2
53	7	10	25	20	48	3	40	47	28	52	25	2	37	49	4	2	26	29	38	25	3	30	12	24	2
53	7	10	25	20	48	3	40	47	28	52	25	2	37	49	4	2	32	13	18	40	17	33	12	24	2
53	7	10	25	20	48	3	40	47	28	52	25	2	37	49	4	2	33	5	26	40	19	4	12	24	2
53	7	10	25	20	48	3	40	47	28	52	25	2	37	49	4	2	41	50	2	9	6	48	12	24	2
53	7	10	25	20	48	3	40	47	28	52	25	2	37	49	4	2	42	28	5	44	45	5	12	24	2
53	7	10	25	20	48	3	40	47	28	52	25	2	37	49	4	2	44	12	8	47	16	3	12	24	2
53	7	10	25	20	48	3	40	47	28	52	25	2	37	49	4	2	49	31	19	7	40	47	12	24	2
53	7	10	25	20	48	3	40	47	28	52	25	2	37	49	4	2	51	45	29	43	32	47	12	24	2
53	7	10	25	20	48	3	40	47	28	52	25	2	37	49	4	2	52	10	8	40	13	20	12	24	2
53	7	25	10	33	5	1	25	6	13	1	52	43	12	36	10	18	11	35	44	29	14	23	12	24	2
53	7	25	10	33	5	1	25	6	13	1	52	43	12	36	10	18	21	7	38	13	35	37	12	24	2
53	7	25	10	33	5	1	25	6	13	1	52	43	12	36	10	18	23	38	7	40	8	17	12	24	2
53	7	25	10	33	5	1	25	6	13	1	52	43	12	36	10	18	25	19	52	25	44	1	12	24	2
53	7	25	10	33	5	1	25	6	13	1	52	43	12	36	10	18	28	2	13	43	36	11	12	24	2
53	7	25	10	33	5	1	25	6	13	1	52	43	12	36	10	18	40	36	36	25	39	19	12	24	2
53	7	25	10	33	5	1	25	6	13	1	52	43	12	36	10	18	40	51	43	17	14	34	12	24	2
53	7	25	10	33	5	1	25	6	13	1	52	43	12	36	10	18	44	11	28	43	1	50	12	24	2
53	7	25	10	33	5	1	25	6	13	1	52	43	12	36	10	18	48	29	50	7	31	47	12	24	2
53	7	25	10	33	5	1	25	6	13	1	52	43	12	36	10	18	51	6	36	46	40	24	12	24	2
53	7	25	10	33	5	2	25	13	6	1	52	43	12	36	10	18	11	35	44	29	14	23	12	24	2
53	7	25	10	33	5	2	25	13	6	1	52	43	12	36	10	18	21	7	38	13	35	37	12	24	2
53	7	25	10	33	5	2	25	13	6	1	52	43	12	36	10	18	23	38	7	40	8	17	12	24	2
53	7	25	10	33	5	2	25	13	6	1	52	43	12	36	10	18	25	19	52	25	44	1	12	24	2
53	7	25	10	33	5	2	25	13	6	1	52	43	12	36	10	18	28	2	13	43	36	11	12	24	2
53	7	25	10	33	5	2	25	13	6	1	52	43	12	36	10	18	40	36	36	25	39	19	12	24	2
53	7	25	10	33	5	2	25	13	6	1	52	43	12	36	10	18	40	51	43	17	14	34	12	24	2
53	7	25	10	33	5	2	25	13	6	1	52	43	12	36	10	18	44	11	28	43	1	50	12	24	2
53	7	25	10	33	5	2	25	13	6	1	52	43	12	36	10	18	48	29	50	7	31	47	12	24	2
53	7	25	10	33	5	2	25	13	6	1	52	43	12	36	10	18	51	6	36	46	40	24	12	24	2
53	7	25	10	33	5	3	6	13	25	1	52	43	12	36	10	18	11	35	44	29	14	23	12	24	2
53	7	25	10	33	5	3	6	13	25	1	52	43	12	36	10	18	21	7	38	13	35	37	12	24	2
53	7	25	10	33	5	3	6	13	25	1	52	43	12	36	10	18	23	38	7	40	8	17	12	24	2
53	7	25	10	33	5	3	6	13	25	1	52	43	12	36	10	18	25	19	52	25	44	1	12	24	2
53	7	25	10	33	5	3	6	13	25	1	52	43	12	36	10	18	28	2	13	43	36	11	12	24	2
53	7	25	10	33	5	3	6	13	25	1	52	43	12	36	10	18	40	36	36	25	39	19	12	24	2
53	7	25	10	33	5	3	6	13	25	1	52	43	12	36	10	18	40	51	43	17	14	34	12	24	2
53	7	25	10	33	5	3	6	13	25	1	52	43	12	36	10	18	44	11	28	43	1	50	12	24	2
53	7	25	10	33	5	3	6	13	25	1	52	43	12	36	10	18	48	29	50	7	31	47	12	24	2
53	7	25	10	33	5	3	6	13	25	1	52	43	12	36	10	18	51	6	36	46	40	24	12	24	2
53	7	25	10	20	48	1	28	47	40	52	25	2	37	49	4	2	7	17	22	43	48	12	12	24	2
53	7	25	10	20	48	1	28	47	40	52	25	2	37	49	4	2	9	36	31	7	16	30	12	24	2
53	7	25	10	20	48	1	28	47	40	52	25	2	37	49	4	2	11	37	35	37	30	50	12	24	2
53	7	25	10	20	48	1	28	47	40	52	25	2	37	49	4	2	12	45	32	16	23	3	12	24	2
53	7	25	10	20	48	1	28	47	40	52	25	2	37	49	4	2	15	20	13	25	20	38	12	24	2
53	7	25	10	20	48	1	28	47	40	52	25	2	37	49	4	2	21	46	41	24	27	12	12	24	2
53	7	25	10	20	48	1	28	47	40	52	25	2	37	49	4	2	26	1	41	7	50	23	12	24	2
53	7	25	10	20	48	1	28	47	40	52	25	2	37	49	4	2	26	29	38	25	3	30	12	24	2
53	7	25	10	20	48	1	28	47	40	52	25	2	37	49	4	2	32	13	18	40	17	33	12	24	2
53	7	25	10	20	48	1	28	47	40	52	25	2	37	49	4	2	33	5	26	40	19	4	12	24	2
53	7	25	10	20	48	1	28	47	40	52	25	2	37	49	4	2	41	50	2	9	6	48	12	24	2
53	7	25	10	20	48	1	28	47	40	52	25	2	37	49	4	2	42	28	5	44	45	5	12	24	2
53	7	25	10	20	48	1	28	47	40	52	25	2	37	49	4	2	44	12	8	47	16	3	12	24	2
53	7	25	10	20	48	1	28	47	40	52	25	2	37	49	4	2	49	31	19	7	40	47	12	24	2
53	7	25	10	20	48	1	28	47	40	52	25	2	37	49	4	2	51	45	29	43	32	47	12	24	2
53	7	25	10	20	48	1	28	47	40	52	25	2	37	49	4	2	52	10	8	40	13	20	12	24	2
53	7	25	10	20	48	2	28	40	47	52	25	2	37	49	4	2	7	17	22	43	48	12	12	24	2
53	7	25	10	20	48	2	28	40	47	52	25	2	37	49	4	2	9	36	31	7	16	30	12	24	2
53	7	25	10	20	48	2	28	40	47	52	25	2	37	49	4	2	11	37	35	37	30	50	12	24	2
53	7	25	10	20	48	2	28	40	47	52	25	2	37	49	4	2	12	45	32	16	23	3	12	24	2
53	7	25	10	20	48	2	28	40	47	52	25	2	37	49	4	2	15	20	13	25	20	38	12	24	2
53	7	25	10	20	48	2	28	40	47	52	25	2	37	49	4	2	21	46	41	24	27	12	12	24	2
53	7	25	10	20	48	2	28	40	47	52	25	2	37	49	4	2	26	1	41	7	50	23	12	24	2
53	7	25	10	20	48	2	28	40	47	52	25	2	37	49	4	2	26	29	38	25	3	30	12	24	2
53	7	25	10	20	48	2	28	40	47	52	25	2	37	49	4	2	32	13	18	40	17	33	12	24	2
53	7	25	10	20	48	2	28	40	47	52	25	2	37	49	4	2	33	5	26	40	19	4	12	24	2
53	7	25	10	20	48	2	28	40	47	52	25	2	37	49	4	2	41	50	2	9	6	48	12	24	2
53	7	25	10	20	48	2	28	40	47	52	25	2	37	49	4	2	42	28	5	44	45	5	12	24	2
53	7	25	10	20	48	2	28	40	47	52	25	2	37	49	4	2	44	12	8	47	16	3	12	24	2
53	7	25	10	20	48	2	28	40	47	52	25	2	37	49	4	2	49	31	19	7	40	47	12	24	2
53	7	25	10	20	48	2	28	40	47	52	25	2	37	49	4	2	51	45	29	43	32	47	12	24	2
53	7	25	10	20	48	2	28	40	47	52	25	2	37	49	4	2	52	10	8	40	13	20	12	24	2
53	7	25	10	20	48	3	47	40	28	52	25	2	37	49	4	2	7	17	22	43	48	12	12	24	2
53	7	25	10	20	48	3	47	40	28	52	25	2	37	49	4	2	9	36	31	7	16	30	12	24	2
53	7	25	10	20	48	3	47	40	28	52	25	2	37	49	4	2	11	37	35	37	30	50	12	24	2
53	7	25	10	20	48	3	47	40	28	52	25	2	37	49	4	2	12	45	32	16	23	3	12	24	2
53	7	25	10	20	48	3	47	40	28	52	25	2	37	49	4	2	15	20	13	25	20	38	12	24	2
53	7	25	10	20	48	3	47	40	28	52	25	2	37	49	4	2	21	46	41	24	27	12	12	24	2
53	7	25	10	20	48	3	47	40	28	52	25	2	37	49	4	2	26	1	41	7	50	23	12	24	2
53	7	25	10	20	48	3	47	40	28	52	25	2	37	49	4	2	26	29	38	25	3	30	12	24	2
53	7	25	10	20	48	3	47	40	28	52	25	2	37	49	4	2	32	13	18	40	17	33	12	24	2
53	7	25	10	20	48	3	47	40	28	52	25	2	37	49	4	2	33	5	26	40	19	4	12	24	2
53	7	25	10	20	48	3	47	40	28	52	25	2	37	49	4	2	41	50	2	9	6	48	12	24	2
53	7	25	10	20	48	3	47	40	28	52	25	2	37	49	4	2	42	28	5	44	45	5	12	24	2
53	7	25	10	20	48	3	47	40	28	52	25	2	37	49	4	2	44	12	8	47	16	3	12	24	2
53	7	25	10	20	48	3	47	40	28	52	25	2	37	49	4	2	49	31	19	7	40	47	12	24	2
53	7	25	10	20	48	3	47	40	28	52	25	2	37	49	4	2	51	45	29	43	32	47	12	24	2
53	7	25	10	20	48	3	47	40	28	52	25	2	37	49	4	2	52	10	8	40	13	20	12	24	2
53	8	15	19	8	18	1	27	44	31	49	39	18	16	11	10	11	1	15	49	31	1	8	12	24	2
53	8	15	19	8	18	1	27	44	31	49	39	18	16	11	10	11	2	32	4	26	50	33	12	24	2
53	8	15	19	8	18	1	27	44	31	49	39	18	16	11	10	11	5	31	11	30	46	3	12	24	2
53	8	15	19	8	18	1	27	44	31	49	39	18	16	11	10	11	8	20	49	21	37	51	12	24	2
53	8	15	19	8	18	1	27	44	31	49	39	18	16	11	10	11	13	35	19	14	29	25	12	24	2
53	8	15	19	8	18	1	27	44	31	49	39	18	16	11	10	11	33	17	52	39	11	31	12	24	2
53	8	15	19	8	18	1	27	44	31	49	39	18	16	11	10	11	40	14	3	50	13	35	12	24	2
53	8	15	19	8	18	1	27	44	31	49	39	18	16	11	10	11	45	2	33	3	18	10	12	24	2
53	8	15	19	8	18	1	27	44	31	49	39	18	16	11	10	11	47	36	41	14	26	24	12	24	2
53	8	15	19	8	18	1	27	44	31	49	39	18	16	11	10	11	48	49	48	27	42	5	12	24	2
53	8	15	19	8	18	2	27	31	44	49	39	18	16	11	10	11	1	15	49	31	1	8	12	24	2
53	8	15	19	8	18	2	27	31	44	49	39	18	16	11	10	11	2	32	4	26	50	33	12	24	2
53	8	15	19	8	18	2	27	31	44	49	39	18	16	11	10	11	5	31	11	30	46	3	12	24	2
53	8	15	19	8	18	2	27	31	44	49	39	18	16	11	10	11	8	20	49	21	37	51	12	24	2
53	8	15	19	8	18	2	27	31	44	49	39	18	16	11	10	11	13	35	19	14	29	25	12	24	2
53	8	15	19	8	18	2	27	31	44	49	39	18	16	11	10	11	33	17	52	39	11	31	12	24	2
53	8	15	19	8	18	2	27	31	44	49	39	18	16	11	10	11	40	14	3	50	13	35	12	24	2
53	8	15	19	8	18	2	27	31	44	49	39	18	16	11	10	11	45	2	33	3	18	10	12	24	2
53	8	15	19	8	18	2	27	31	44	49	39	18	16	11	10	11	47	36	41	14	26	24	12	24	2
53	8	15	19	8	18	2	27	31	44	49	39	18	16	11	10	11	48	49	48	27	42	5	12	24	2
53	8	15	19	8	18	3	44	31	27	49	39	18	16	11	10	11	1	15	49	31	1	8	12	24	2
53	8	15	19	8	18	3	44	31	27	49	39	18	16	11	10	11	2	32	4	26	50	33	12	24	2
53	8	15	19	8	18	3	44	31	27	49	39	18	16	11	10	11	5	31	11	30	46	3	12	24	2
53	8	15	19	8	18	3	44	31	27	49	39	18	16	11	10	11	8	20	49	21	37	51	12	24	2
53	8	15	19	8	18	3	44	31	27	49	39	18	16	11	10	11	13	35	19	14	29	25	12	24	2
53	8	15	19	8	18	3	44	31	27	49	39	18	16	11	10	11	33	17	52	39	11	31	12	24	2
53	8	15	19	8	18	3	44	31	27	49	39	18	16	11	10	11	40	14	3	50	13	35	12	24	2
53	8	15	19	8	18	3	44	31	27	49	39	18	16	11	10	11	45	2	33	3	18	10	12	24	2
53	8	15	19	8	18	3	44	31	27	49	39	18	16	11	10	11	47	36	41	14	26	24	12	24	2
53	8	15	19	8	18	3	44	31	27	49	39	18	16	11	10	11	48	49	48	27	42	5	12	24	2
53	8	15	19	45	35	1	26	9	22	4	17	50	21	52	38	1	4	8	34	26	49	29	12	24	2
53	8	15	19	45	35	1	26	9	22	4	17	50	21	52	38	1	12	6	34	14	4	25	12	24	2
53	8	15	19	45	35	1	26	9	22	4	17	50	21	52	38	1	21	31	2	5	32	7	12	24	2
53	8	15	19	45	35	1	26	9	22	4	17	50	21	52	38	1	24	44	49	39	19	37	12	24	2
53	8	15	19	45	35	1	26	9	22	4	17	50	21	52	38	1	25	30	5	50	1	11	12	24	2
53	8	15	19	45	35	1	26	9	22	4	17	50	21	52	38	1	27	28	38	23	21	25	12	24	2
53	8	15	19	45	35	1	26	9	22	4	17	50	21	52	38	1	31	23	29	30	10	3	12	24	2
53	8	15	19	45	35	1	26	9	22	4	17	50	21	52	38	1	33	51	21	31	11	41	12	24	2
53	8	15	19	45	35	1	26	9	22	4	17	50	21	52	38	1	34	4	42	41	0	43	12	24	2
53	8	15	19	45	35	1	26	9	22	4	17	50	21	52	38	1	35	9	32	22	47	4	12	24	2
53	8	15	19	45	35	1	26	9	22	4	17	50	21	52	38	1	39	28	40	33	5	30	12	24	2
53	8	15	19	45	35	1	26	9	22	4	17	50	21	52	38	1	42	17	51	19	16	37	12	24	2
53	8	15	19	45	35	1	26	9	22	4	17	50	21	52	38	1	43	7	9	35	28	26	12	24	2
53	8	15	19	45	35	1	26	9	22	4	17	50	21	52	38	1	45	36	18	12	7	20	12	24	2
53	8	15	19	45	35	1	26	9	22	4	17	50	21	52	38	1	46	0	4	27	32	19	12	24	2
53	8	15	19	45	35	1	26	9	22	4	17	50	21	52	38	1	50	49	0	3	34	6	12	24	2
53	8	15	19	45	35	2	26	22	9	4	17	50	21	52	38	1	4	8	34	26	49	29	12	24	2
53	8	15	19	45	35	2	26	22	9	4	17	50	21	52	38	1	12	6	34	14	4	25	12	24	2
53	8	15	19	45	35	2	26	22	9	4	17	50	21	52	38	1	21	31	2	5	32	7	12	24	2
53	8	15	19	45	35	2	26	22	9	4	17	50	21	52	38	1	24	44	49	39	19	37	12	24	2
53	8	15	19	45	35	2	26	22	9	4	17	50	21	52	38	1	25	30	5	50	1	11	12	24	2
53	8	15	19	45	35	2	26	22	9	4	17	50	21	52	38	1	27	28	38	23	21	25	12	24	2
53	8	15	19	45	35	2	26	22	9	4	17	50	21	52	38	1	31	23	29	30	10	3	12	24	2
53	8	15	19	45	35	2	26	22	9	4	17	50	21	52	38	1	33	51	21	31	11	41	12	24	2
53	8	15	19	45	35	2	26	22	9	4	17	50	21	52	38	1	34	4	42	41	0	43	12	24	2
53	8	15	19	45	35	2	26	22	9	4	17	50	21	52	38	1	35	9	32	22	47	4	12	24	2
53	8	15	19	45	35	2	26	22	9	4	17	50	21	52	38	1	39	28	40	33	5	30	12	24	2
53	8	15	19	45	35	2	26	22	9	4	17	50	21	52	38	1	42	17	51	19	16	37	12	24	2
53	8	15	19	45	35	2	26	22	9	4	17	50	21	52	38	1	43	7	9	35	28	26	12	24	2
53	8	15	19	45	35	2	26	22	9	4	17	50	21	52	38	1	45	36	18	12	7	20	12	24	2
53	8	15	19	45	35	2	26	22	9	4	17	50	21	52	38	1	46	0	4	27	32	19	12	24	2
53	8	15	19	45	35	2	26	22	9	4	17	50	21	52	38	1	50	49	0	3	34	6	12	24	2
53	8	15	19	45	35	3	9	22	26	4	17	50	21	52	38	1	4	8	34	26	49	29	12	24	2
53	8	15	19	45	35	3	9	22	26	4	17	50	21	52	38	1	12	6	34	14	4	25	12	24	2
53	8	15	19	45	35	3	9	22	26	4	17	50	21	52	38	1	21	31	2	5	32	7	12	24	2
53	8	15	19	45	35	3	9	22	26	4	17	50	21	52	38	1	24	44	49	39	19	37	12	24	2
53	8	15	19	45	35	3	9	22	26	4	17	50	21	52	38	1	25	30	5	50	1	11	12	24	2
53	8	15	19	45	35	3	9	22	26	4	17	50	21	52	38	1	27	28	38	23	21	25	12	24	2
53	8	15	19	45	35	3	9	22	26	4	17	50	21	52	38	1	31	23	29	30	10	3	12	24	2
53	8	15	19	45	35	3	9	22	26	4	17	50	21	52	38	1	33	51	21	31	11	41	12	24	2
53	8	15	19	45	35	3	9	22	26	4	17	50	21	52	38	1	34	4	42	41	0	43	12	24	2
53	8	15	19	45	35	3	9	22	26	4	17	50	21	52	38	1	35	9	32	22	47	4	12	24	2
53	8	15	19	45	35	3	9	22	26	4	17	50	21	52	38	1	39	28	40	33	5	30	12	24	2
53	8	15	19	45	35	3	9	22	26	4	17	50	21	52	38	1	42	17	51	19	16	37	12	24	2
53	8	15	19	45	35	3	9	22	26	4	17	50	21	52	38	1	43	7	9	35	28	26	12	24	2
53	8	15	19	45	35	3	9	22	26	4	17	50	21	52	38	1	45	36	18	12	7	20	12	24	2
53	8	15	19	45	35	3	9	22	26	4	17	50	21	52	38	1	46	0	4	27	32	19	12	24	2
53	8	15	19	45	35	3	9	22	26	4	17	50	21	52	38	1	50	49	0	3	34	6	12	24	2
53	8	19	15	8	18	1	27	31	44	49	39	18	16	11	10	11	1	15	49	31	1	8	12	24	2
53	8	19	15	8	18	1	27	31	44	49	39	18	16	11	10	11	2	32	4	26	50	33	12	24	2
53	8	19	15	8	18	1	27	31	44	49	39	18	16	11	10	11	5	31	11	30	46	3	12	24	2
53	8	19	15	8	18	1	27	31	44	49	39	18	16	11	10	11	8	20	49	21	37	51	12	24	2
53	8	19	15	8	18	1	27	31	44	49	39	18	16	11	10	11	13	35	19	14	29	25	12	24	2
53	8	19	15	8	18	1	27	31	44	49	39	18	16	11	10	11	33	17	52	39	11	31	12	24	2
53	8	19	15	8	18	1	27	31	44	49	39	18	16	11	10	11	40	14	3	50	13	35	12	24	2
53	8	19	15	8	18	1	27	31	44	49	39	18	16	11	10	11	45	2	33	3	18	10	12	24	2
53	8	19	15	8	18	1	27	31	44	49	39	18	16	11	10	11	47	36	41	14	26	24	12	24	2
53	8	19	15	8	18	1	27	31	44	49	39	18	16	11	10	11	48	49	48	27	42	5	12	24	2
53	8	19	15	8	18	2	27	44	31	49	39	18	16	11	10	11	1	15	49	31	1	8	12	24	2
53	8	19	15	8	18	2	27	44	31	49	39	18	16	11	10	11	2	32	4	26	50	33	12	24	2
53	8	19	15	8	18	2	27	44	31	49	39	18	16	11	10	11	5	31	11	30	46	3	12	24	2
53	8	19	15	8	18	2	27	44	31	49	39	18	16	11	10	11	8	20	49	21	37	51	12	24	2
53	8	19	15	8	18	2	27	44	31	49	39	18	16	11	10	11	13	35	19	14	29	25	12	24	2
53	8	19	15	8	18	2	27	44	31	49	39	18	16	11	10	11	33	17	52	39	11	31	12	24	2
53	8	19	15	8	18	2	27	44	31	49	39	18	16	11	10	11	40	14	3	50	13	35	12	24	2
53	8	19	15	8	18	2	27	44	31	49	39	18	16	11	10	11	45	2	33	3	18	10	12	24	2
53	8	19	15	8	18	2	27	44	31	49	39	18	16	11	10	11	47	36	41	14	26	24	12	24	2
53	8	19	15	8	18	2	27	44	31	49	39	18	16	11	10	11	48	49	48	27	42	5	12	24	2
53	8	19	15	8	18	3	31	44	27	49	39	18	16	11	10	11	1	15	49	31	1	8	12	24	2
53	8	19	15	8	18	3	31	44	27	49	39	18	16	11	10	11	2	32	4	26	50	33	12	24	2
53	8	19	15	8	18	3	31	44	27	49	39	18	16	11	10	11	5	31	11	30	46	3	12	24	2
53	8	19	15	8	18	3	31	44	27	49	39	18	16	11	10	11	8	20	49	21	37	51	12	24	2
53	8	19	15	8	18	3	31	44	27	49	39	18	16	11	10	11	13	35	19	14	29	25	12	24	2
53	8	19	15	8	18	3	31	44	27	49	39	18	16	11	10	11	33	17	52	39	11	31	12	24	2
53	8	19	15	8	18	3	31	44	27	49	39	18	16	11	10	11	40	14	3	50	13	35	12	24	2
53	8	19	15	8	18	3	31	44	27	49	39	18	16	11	10	11	45	2	33	3	18	10	12	24	2
53	8	19	15	8	18	3	31	44	27	49	39	18	16	11	10	11	47	36	41	14	26	24	12	24	2
53	8	19	15	8	18	3	31	44	27	49	39	18	16	11	10	11	48	49	48	27	42	5	12	24	2
53	8	19	15	45	35	1	26	22	9	4	17	50	21	52	38	1	4	8	34	26	49	29	12	24	2
53	8	19	15	45	35	1	26	22	9	4	17	50	21	52	38	1	12	6	34	14	4	25	12	24	2
53	8	19	15	45	35	1	26	22	9	4	17	50	21	52	38	1	21	31	2	5	32	7	12	24	2
53	8	19	15	45	35	1	26	22	9	4	17	50	21	52	38	1	24	44	49	39	19	37	12	24	2
53	8	19	15	45	35	1	26	22	9	4	17	50	21	52	38	1	25	30	5	50	1	11	12	24	2
53	8	19	15	45	35	1	26	22	9	4	17	50	21	52	38	1	27	28	38	23	21	25	12	24	2
53	8	19	15	45	35	1	26	22	9	4	17	50	21	52	38	1	31	23	29	30	10	3	12	24	2
53	8	19	15	45	35	1	26	22	9	4	17	50	21	52	38	1	33	51	21	31	11	41	12	24	2
53	8	19	15	45	35	1	26	22	9	4	17	50	21	52	38	1	34	4	42	41	0	43	12	24	2
53	8	19	15	45	35	1	26	22	9	4	17	50	21	52	38	1	35	9	32	22	47	4	12	24	2
53	8	19	15	45	35	1	26	22	9	4	17	50	21	52	38	1	39	28	40	33	5	30	12	24	2
53	8	19	15	45	35	1	26	22	9	4	17	50	21	52	38	1	42	17	51	19	16	37	12	24	2
53	8	19	15	45	35	1	26	22	9	4	17	50	21	52	38	1	43	7	9	35	28	26	12	24	2
53	8	19	15	45	35	1	26	22	9	4	17	50	21	52	38	1	45	36	18	12	7	20	12	24	2
53	8	19	15	45	35	1	26	22	9	4	17	50	21	52	38	1	46	0	4	27	32	19	12	24	2
53	8	19	15	45	35	1	26	22	9	4	17	50	21	52	38	1	50	49	0	3	34	6	12	24	2
53	8	19	15	45	35	2	26	9	22	4	17	50	21	52	38	1	4	8	34	26	49	29	12	24	2
53	8	19	15	45	35	2	26	9	22	4	17	50	21	52	38	1	12	6	34	14	4	25	12	24	2
53	8	19	15	45	35	2	26	9	22	4	17	50	21	52	38	1	21	31	2	5	32	7	12	24	2
53	8	19	15	45	35	2	26	9	22	4	17	50	21	52	38	1	24	44	49	39	19	37	12	24	2
53	8	19	15	45	35	2	26	9	22	4	17	50	21	52	38	1	25	30	5	50	1	11	12	24	2
53	8	19	15	45	35	2	26	9	22	4	17	50	21	52	38	1	27	28	38	23	21	25	12	24	2
53	8	19	15	45	35	2	26	9	22	4	17	50	21	52	38	1	31	23	29	30	10	3	12	24	2
53	8	19	15	45	35	2	26	9	22	4	17	50	21	52	38	1	33	51	21	31	11	41	12	24	2
53	8	19	15	45	35	2	26	9	22	4	17	50	21	52	38	1	34	4	42	41	0	43	12	24	2
53	8	19	15	45	35	2	26	9	22	4	17	50	21	52	38	1	35	9	32	22	47	4	12	24	2
53	8	19	15	45	35	2	26	9	22	4	17	50	21	52	38	1	39	28	40	33	5	30	12	24	2
53	8	19	15	45	35	2	26	9	22	4	17	50	21	52	38	1	42	17	51	19	16	37	12	24	2
53	8	19	15	45	35	2	26	9	22	4	17	50	21	52	38	1	43	7	9	35	28	26	12	24	2
53	8	19	15	45	35	2	26	9	22	4	17	50	21	52	38	1	45	36	18	12	7	20	12	24	2
53	8	19	15	45	35	2	26	9	22	4	17	50	21	52	38	1	46	0	4	27	32	19	12	24	2
53	8	19	15	45	35	2	26	9	22	4	17	50	21	52	38	1	50	49	0	3	34	6	12	24	2
53	8	19	15	45	35	3	22	9	26	4	17	50	21	52	38	1	4	8	34	26	49	29	12	24	2
53	8	19	15	45	35	3	22	9	26	4	17	50	21	52	38	1	12	6	34	14	4	25	12	24	2
53	8	19	15	45	35	3	22	9	26	4	17	50	21	52	38	1	21	31	2	5	32	7	12	24	2
53	8	19	15	45	35	3	22	9	26	4	17	50	21	52	38	1	24	44	49	39	19	37	12	24	2
53	8	19	15	45	35	3	22	9	26	4	17	50	21	52	38	1	25	30	5	50	1	11	12	24	2
53	8	19	15	45	35	3	22	9	26	4	17	50	21	52	38	1	27	28	38	23	21	25	12	24	2
53	8	19	15	45	35	3	22	9	26	4	17	50	21	52	38	1	31	23	29	30	10	3	12	24	2
53	8	19	15	45	35	3	22	9	26	4	17	50	21	52	38	1	33	51	21	31	11	41	12	24	2
53	8	19	15	45	35	3	22	9	26	4	17	50	21	52	38	1	34	4	42	41	0	43	12	24	2
53	8	19	15	45	35	3	22	9	26	4	17	50	21	52	38	1	35	9	32	22	47	4	12	24	2
53	8	19	15	45	35	3	22	9	26	4	17	50	21	52	38	1	39	28	40	33	5	30	12	24	2
53	8	19	15	45	35	3	22	9	26	4	17	50	21	52	38	1	42	17	51	19	16	37	12	24	2
53	8	19	15	45	35	3	22	9	26	4	17	50	21	52	38	1	43	7	9	35	28	26	12	24	2
53	8	19	15	45	35	3	22	9	26	4	17	50	21	52	38	1	45	36	18	12	7	20	12	24	2
53	8	19	15	45	35	3	22	9	26	4	17	50	21	52	38	1	46	0	4	27	32	19	12	24	2
53	8	19	15	45	35	3	22	9	26	4	17	50	21	52	38	1	50	49	0	3	34	6	12	24	2
53	10	7	25	33	5	1	13	25	6	1	52	43	12	36	10	18	11	35	44	29	14	23	12	24	2
53	10	7	25	33	5	1	13	25	6	1	52	43	12	36	10	18	21	7	38	13	35	37	12	24	2
53	10	7	25	33	5	1	13	25	6	1	52	43	12	36	10	18	23	38	7	40	8	17	12	24	2
53	10	7	25	33	5	1	13	25	6	1	52	43	12	36	10	18	25	19	52	25	44	1	12	24	2
53	10	7	25	33	5	1	13	25	6	1	52	43	12	36	10	18	28	2	13	43	36	11	12	24	2
53	10	7	25	33	5	1	13	25	6	1	52	43	12	36	10	18	40	36	36	25	39	19	12	24	2
53	10	7	25	33	5	1	13	25	6	1	52	43	12	36	10	18	40	51	43	17	14	34	12	24	2
53	10	7	25	33	5	1	13	25	6	1	52	43	12	36	10	18	44	11	28	43	1	50	12	24	2
53	10	7	25	33	5	1	13	25	6	1	52	43	12	36	10	18	48	29	50	7	31	47	12	24	2
53	10	7	25	33	5	1	13	25	6	1	52	43	12	36	10	18	51	6	36	46	40	24	12	24	2
53	10	7	25	33	5	2	13	6	25	1	52	43	12	36	10	18	11	35	44	29	14	23	12	24	2
53	10	7	25	33	5	2	13	6	25	1	52	43	12	36	10	18	21	7	38	13	35	37	12	24	2
53	10	7	25	33	5	2	13	6	25	1	52	43	12	36	10	18	23	38	7	40	8	17	12	24	2
53	10	7	25	33	5	2	13	6	25	1	52	43	12	36	10	18	25	19	52	25	44	1	12	24	2
53	10	7	25	33	5	2	13	6	25	1	52	43	12	36	10	18	28	2	13	43	36	11	12	24	2
53	10	7	25	33	5	2	13	6	25	1	52	43	12	36	10	18	40	36	36	25	39	19	12	24	2
53	10	7	25	33	5	2	13	6	25	1	52	43	12	36	10	18	40	51	43	17	14	34	12	24	2
53	10	7	25	33	5	2	13	6	25	1	52	43	12	36	10	18	44	11	28	43	1	50	12	24	2
53	10	7	25	33	5	2	13	6	25	1	52	43	12	36	10	18	48	29	50	7	31	47	12	24	2
53	10	7	25	33	5	2	13	6	25	1	52	43	12	36	10	18	51	6	36	46	40	24	12	24	2
53	10	7	25	33	5	3	25	6	13	1	52	43	12	36	10	18	11	35	44	29	14	23	12	24	2
53	10	7	25	33	5	3	25	6	13	1	52	43	12	36	10	18	21	7	38	13	35	37	12	24	2
53	10	7	25	33	5	3	25	6	13	1	52	43	12	36	10	18	23	38	7	40	8	17	12	24	2
53	10	7	25	33	5	3	25	6	13	1	52	43	12	36	10	18	25	19	52	25	44	1	12	24	2
53	10	7	25	33	5	3	25	6	13	1	52	43	12	36	10	18	28	2	13	43	36	11	12	24	2
53	10	7	25	33	5	3	25	6	13	1	52	43	12	36	10	18	40	36	36	25	39	19	12	24	2
53	10	7	25	33	5	3	25	6	13	1	52	43	12	36	10	18	40	51	43	17	14	34	12	24	2
53	10	7	25	33	5	3	25	6	13	1	52	43	12	36	10	18	44	11	28	43	1	50	12	24	2
53	10	7	25	33	5	3	25	6	13	1	52	43	12	36	10	18	48	29	50	7	31	47	12	24	2
53	10	7	25	33	5	3	25	6	13	1	52	43	12	36	10	18	51	6	36	46	40	24	12	24	2
53	10	7	25	20	48	1	40	28	47	52	25	2	37	49	4	2	7	17	22	43	48	12	12	24	2
53	10	7	25	20	48	1	40	28	47	52	25	2	37	49	4	2	9	36	31	7	16	30	12	24	2
53	10	7	25	20	48	1	40	28	47	52	25	2	37	49	4	2	11	37	35	37	30	50	12	24	2
53	10	7	25	20	48	1	40	28	47	52	25	2	37	49	4	2	12	45	32	16	23	3	12	24	2
53	10	7	25	20	48	1	40	28	47	52	25	2	37	49	4	2	15	20	13	25	20	38	12	24	2
53	10	7	25	20	48	1	40	28	47	52	25	2	37	49	4	2	21	46	41	24	27	12	12	24	2
53	10	7	25	20	48	1	40	28	47	52	25	2	37	49	4	2	26	1	41	7	50	23	12	24	2
53	10	7	25	20	48	1	40	28	47	52	25	2	37	49	4	2	26	29	38	25	3	30	12	24	2
53	10	7	25	20	48	1	40	28	47	52	25	2	37	49	4	2	32	13	18	40	17	33	12	24	2
53	10	7	25	20	48	1	40	28	47	52	25	2	37	49	4	2	33	5	26	40	19	4	12	24	2
53	10	7	25	20	48	1	40	28	47	52	25	2	37	49	4	2	41	50	2	9	6	48	12	24	2
53	10	7	25	20	48	1	40	28	47	52	25	2	37	49	4	2	42	28	5	44	45	5	12	24	2
53	10	7	25	20	48	1	40	28	47	52	25	2	37	49	4	2	44	12	8	47	16	3	12	24	2
53	10	7	25	20	48	1	40	28	47	52	25	2	37	49	4	2	49	31	19	7	40	47	12	24	2
53	10	7	25	20	48	1	40	28	47	52	25	2	37	49	4	2	51	45	29	43	32	47	12	24	2
53	10	7	25	20	48	1	40	28	47	52	25	2	37	49	4	2	52	10	8	40	13	20	12	24	2
53	10	7	25	20	48	2	40	47	28	52	25	2	37	49	4	2	7	17	22	43	48	12	12	24	2
53	10	7	25	20	48	2	40	47	28	52	25	2	37	49	4	2	9	36	31	7	16	30	12	24	2
53	10	7	25	20	48	2	40	47	28	52	25	2	37	49	4	2	11	37	35	37	30	50	12	24	2
53	10	7	25	20	48	2	40	47	28	52	25	2	37	49	4	2	12	45	32	16	23	3	12	24	2
53	10	7	25	20	48	2	40	47	28	52	25	2	37	49	4	2	15	20	13	25	20	38	12	24	2
53	10	7	25	20	48	2	40	47	28	52	25	2	37	49	4	2	21	46	41	24	27	12	12	24	2
53	10	7	25	20	48	2	40	47	28	52	25	2	37	49	4	2	26	1	41	7	50	23	12	24	2
53	10	7	25	20	48	2	40	47	28	52	25	2	37	49	4	2	26	29	38	25	3	30	12	24	2
53	10	7	25	20	48	2	40	47	28	52	25	2	37	49	4	2	32	13	18	40	17	33	12	24	2
53	10	7	25	20	48	2	40	47	28	52	25	2	37	49	4	2	33	5	26	40	19	4	12	24	2
53	10	7	25	20	48	2	40	47	28	52	25	2	37	49	4	2	41	50	2	9	6	48	12	24	2
53	10	7	25	20	48	2	40	47	28	52	25	2	37	49	4	2	42	28	5	44	45	5	12	24	2
53	10	7	25	20	48	2	40	47	28	52	25	2	37	49	4	2	44	12	8	47	16	3	12	24	2
53	10	7	25	20	48	2	40	47	28	52	25	2	37	49	4	2	49	31	19	7	40	47	12	24	2
53	10	7	25	20	48	2	40	47	28	52	25	2	37	49	4	2	51	45	29	43	32	47	12	24	2
53	10	7	25	20	48	2	40	47	28	52	25	2	37	49	4	2	52	10	8	40	13	20	12	24	2
53	10	7	25	20	48	3	28	47	40	52	25	2	37	49	4	2	7	17	22	43	48	12	12	24	2
53	10	7	25	20	48	3	28	47	40	52	25	2	37	49	4	2	9	36	31	7	16	30	12	24	2
53	10	7	25	20	48	3	28	47	40	52	25	2	37	49	4	2	11	37	35	37	30	50	12	24	2
53	10	7	25	20	48	3	28	47	40	52	25	2	37	49	4	2	12	45	32	16	23	3	12	24	2
53	10	7	25	20	48	3	28	47	40	52	25	2	37	49	4	2	15	20	13	25	20	38	12	24	2
53	10	7	25	20	48	3	28	47	40	52	25	2	37	49	4	2	21	46	41	24	27	12	12	24	2
53	10	7	25	20	48	3	28	47	40	52	25	2	37	49	4	2	26	1	41	7	50	23	12	24	2
53	10	7	25	20	48	3	28	47	40	52	25	2	37	49	4	2	26	29	38	25	3	30	12	24	2
53	10	7	25	20	48	3	28	47	40	52	25	2	37	49	4	2	32	13	18	40	17	33	12	24	2
53	10	7	25	20	48	3	28	47	40	52	25	2	37	49	4	2	33	5	26	40	19	4	12	24	2
53	10	7	25	20	48	3	28	47	40	52	25	2	37	49	4	2	41	50	2	9	6	48	12	24	2
53	10	7	25	20	48	3	28	47	40	52	25	2	37	49	4	2	42	28	5	44	45	5	12	24	2
53	10	7	25	20	48	3	28	47	40	52	25	2	37	49	4	2	44	12	8	47	16	3	12	24	2
53	10	7	25	20	48	3	28	47	40	52	25	2	37	49	4	2	49	31	19	7	40	47	12	24	2
53	10	7	25	20	48	3	28	47	40	52	25	2	37	49	4	2	51	45	29	43	32	47	12	24	2
53	10	7	25	20	48	3	28	47	40	52	25	2	37	49	4	2	52	10	8	40	13	20	12	24	2
53	10	25	7	33	5	1	13	6	25	1	52	43	12	36	10	18	11	35	44	29	14	23	12	24	2
53	10	25	7	33	5	1	13	6	25	1	52	43	12	36	10	18	21	7	38	13	35	37	12	24	2
53	10	25	7	33	5	1	13	6	25	1	52	43	12	36	10	18	23	38	7	40	8	17	12	24	2
53	10	25	7	33	5	1	13	6	25	1	52	43	12	36	10	18	25	19	52	25	44	1	12	24	2
53	10	25	7	33	5	1	13	6	25	1	52	43	12	36	10	18	28	2	13	43	36	11	12	24	2
53	10	25	7	33	5	1	13	6	25	1	52	43	12	36	10	18	40	36	36	25	39	19	12	24	2
53	10	25	7	33	5	1	13	6	25	1	52	43	12	36	10	18	40	51	43	17	14	34	12	24	2
53	10	25	7	33	5	1	13	6	25	1	52	43	12	36	10	18	44	11	28	43	1	50	12	24	2
53	10	25	7	33	5	1	13	6	25	1	52	43	12	36	10	18	48	29	50	7	31	47	12	24	2
53	10	25	7	33	5	1	13	6	25	1	52	43	12	36	10	18	51	6	36	46	40	24	12	24	2
53	10	25	7	33	5	2	13	25	6	1	52	43	12	36	10	18	11	35	44	29	14	23	12	24	2
53	10	25	7	33	5	2	13	25	6	1	52	43	12	36	10	18	21	7	38	13	35	37	12	24	2
53	10	25	7	33	5	2	13	25	6	1	52	43	12	36	10	18	23	38	7	40	8	17	12	24	2
53	10	25	7	33	5	2	13	25	6	1	52	43	12	36	10	18	25	19	52	25	44	1	12	24	2
53	10	25	7	33	5	2	13	25	6	1	52	43	12	36	10	18	28	2	13	43	36	11	12	24	2
53	10	25	7	33	5	2	13	25	6	1	52	43	12	36	10	18	40	36	36	25	39	19	12	24	2
53	10	25	7	33	5	2	13	25	6	1	52	43	12	36	10	18	40	51	43	17	14	34	12	24	2
53	10	25	7	33	5	2	13	25	6	1	52	43	12	36	10	18	44	11	28	43	1	50	12	24	2
53	10	25	7	33	5	2	13	25	6	1	52	43	12	36	10	18	48	29	50	7	31	47	12	24	2
53	10	25	7	33	5	2	13	25	6	1	52	43	12	36	10	18	51	6	36	46	40	24	12	24	2
53	10	25	7	33	5	3	6	25	13	1	52	43	12	36	10	18	11	35	44	29	14	23	12	24	2
53	10	25	7	33	5	3	6	25	13	1	52	43	12	36	10	18	21	7	38	13	35	37	12	24	2
53	10	25	7	33	5	3	6	25	13	1	52	43	12	36	10	18	23	38	7	40	8	17	12	24	2
53	10	25	7	33	5	3	6	25	13	1	52	43	12	36	10	18	25	19	52	25	44	1	12	24	2
53	10	25	7	33	5	3	6	25	13	1	52	43	12	36	10	18	28	2	13	43	36	11	12	24	2
53	10	25	7	33	5	3	6	25	13	1	52	43	12	36	10	18	40	36	36	25	39	19	12	24	2
53	10	25	7	33	5	3	6	25	13	1	52	43	12	36	10	18	40	51	43	17	14	34	12	24	2
53	10	25	7	33	5	3	6	25	13	1	52	43	12	36	10	18	44	11	28	43	1	50	12	24	2
53	10	25	7	33	5	3	6	25	13	1	52	43	12	36	10	18	48	29	50	7	31	47	12	24	2
53	10	25	7	33	5	3	6	25	13	1	52	43	12	36	10	18	51	6	36	46	40	24	12	24	2
53	10	25	7	20	48	1	40	47	28	52	25	2	37	49	4	2	7	17	22	43	48	12	12	24	2
53	10	25	7	20	48	1	40	47	28	52	25	2	37	49	4	2	9	36	31	7	16	30	12	24	2
53	10	25	7	20	48	1	40	47	28	52	25	2	37	49	4	2	11	37	35	37	30	50	12	24	2
53	10	25	7	20	48	1	40	47	28	52	25	2	37	49	4	2	12	45	32	16	23	3	12	24	2
53	10	25	7	20	48	1	40	47	28	52	25	2	37	49	4	2	15	20	13	25	20	38	12	24	2
53	10	25	7	20	48	1	40	47	28	52	25	2	37	49	4	2	21	46	41	24	27	12	12	24	2
53	10	25	7	20	48	1	40	47	28	52	25	2	37	49	4	2	26	1	41	7	50	23	12	24	2
53	10	25	7	20	48	1	40	47	28	52	25	2	37	49	4	2	26	29	38	25	3	30	12	24	2
53	10	25	7	20	48	1	40	47	28	52	25	2	37	49	4	2	32	13	18	40	17	33	12	24	2
53	10	25	7	20	48	1	40	47	28	52	25	2	37	49	4	2	33	5	26	40	19	4	12	24	2
53	10	25	7	20	48	1	40	47	28	52	25	2	37	49	4	2	41	50	2	9	6	48	12	24	2
53	10	25	7	20	48	1	40	47	28	52	25	2	37	49	4	2	42	28	5	44	45	5	12	24	2
53	10	25	7	20	48	1	40	47	28	52	25	2	37	49	4	2	44	12	8	47	16	3	12	24	2
53	10	25	7	20	48	1	40	47	28	52	25	2	37	49	4	2	49	31	19	7	40	47	12	24	2
53	10	25	7	20	48	1	40	47	28	52	25	2	37	49	4	2	51	45	29	43	32	47	12	24	2
53	10	25	7	20	48	1	40	47	28	52	25	2	37	49	4	2	52	10	8	40	13	20	12	24	2
53	10	25	7	20	48	2	40	28	47	52	25	2	37	49	4	2	7	17	22	43	48	12	12	24	2
53	10	25	7	20	48	2	40	28	47	52	25	2	37	49	4	2	9	36	31	7	16	30	12	24	2
53	10	25	7	20	48	2	40	28	47	52	25	2	37	49	4	2	11	37	35	37	30	50	12	24	2
53	10	25	7	20	48	2	40	28	47	52	25	2	37	49	4	2	12	45	32	16	23	3	12	24	2
53	10	25	7	20	48	2	40	28	47	52	25	2	37	49	4	2	15	20	13	25	20	38	12	24	2
53	10	25	7	20	48	2	40	28	47	52	25	2	37	49	4	2	21	46	41	24	27	12	12	24	2
53	10	25	7	20	48	2	40	28	47	52	25	2	37	49	4	2	26	1	41	7	50	23	12	24	2
53	10	25	7	20	48	2	40	28	47	52	25	2	37	49	4	2	26	29	38	25	3	30	12	24	2
53	10	25	7	20	48	2	40	28	47	52	25	2	37	49	4	2	32	13	18	40	17	33	12	24	2
53	10	25	7	20	48	2	40	28	47	52	25	2	37	49	4	2	33	5	26	40	19	4	12	24	2
53	10	25	7	20	48	2	40	28	47	52	25	2	37	49	4	2	41	50	2	9	6	48	12	24	2
53	10	25	7	20	48	2	40	28	47	52	25	2	37	49	4	2	42	28	5	44	45	5	12	24	2
53	10	25	7	20	48	2	40	28	47	52	25	2	37	49	4	2	44	12	8	47	16	3	12	24	2
53	10	25	7	20	48	2	40	28	47	52	25	2	37	49	4	2	49	31	19	7	40	47	12	24	2
53	10	25	7	20	48	2	40	28	47	52	25	2	37	49	4	2	51	45	29	43	32	47	12	24	2
53	10	25	7	20	48	2	40	28	47	52	25	2	37	49	4	2	52	10	8	40	13	20	12	24	2
53	10	25	7	20	48	3	47	28	40	52	25	2	37	49	4	2	7	17	22	43	48	12	12	24	2
53	10	25	7	20	48	3	47	28	40	52	25	2	37	49	4	2	9	36	31	7	16	30	12	24	2
53	10	25	7	20	48	3	47	28	40	52	25	2	37	49	4	2	11	37	35	37	30	50	12	24	2
53	10	25	7	20	48	3	47	28	40	52	25	2	37	49	4	2	12	45	32	16	23	3	12	24	2
53	10	25	7	20	48	3	47	28	40	52	25	2	37	49	4	2	15	20	13	25	20	38	12	24	2
53	10	25	7	20	48	3	47	28	40	52	25	2	37	49	4	2	21	46	41	24	27	12	12	24	2
53	10	25	7	20	48	3	47	28	40	52	25	2	37	49	4	2	26	1	41	7	50	23	12	24	2
53	10	25	7	20	48	3	47	28	40	52	25	2	37	49	4	2	26	29	38	25	3	30	12	24	2
53	10	25	7	20	48	3	47	28	40	52	25	2	37	49	4	2	32	13	18	40	17	33	12	24	2
53	10	25	7	20	48	3	47	28	40	52	25	2	37	49	4	2	33	5	26	40	19	4	12	24	2
53	10	25	7	20	48	3	47	28	40	52	25	2	37	49	4	2	41	50	2	9	6	48	12	24	2
53	10	25	7	20	48	3	47	28	40	52	25	2	37	49	4	2	42	28	5	44	45	5	12	24	2
53	10	25	7	20	48	3	47	28	40	52	25	2	37	49	4	2	44	12	8	47	16	3	12	24	2
53	10	25	7	20	48	3	47	28	40	52	25	2	37	49	4	2	49	31	19	7	40	47	12	24	2
53	10	25	7	20	48	3	47	28	40	52	25	2	37	49	4	2	51	45	29	43	32	47	12	24	2
53	10	25	7	20	48	3	47	28	40	52	25	2	37	49	4	2	52	10	8	40	13	20	12	24	2
53	10	28	46	33	5	1	13	47	28	1	42	8	46	38	43	49	2	3	31	9	42	28	12	24	2
53	10	28	46	33	5	1	13	47	28	1	42	8	46	38	43	49	2	38	22	46	11	25	12	24	2
53	10	28	46	33	5	1	13	47	28	1	42	8	46	38	43	49	6	20	30	37	20	38	12	24	2
53	10	28	46	33	5	1	13	47	28	1	42	8	46	38	43	49	11	33	3	44	23	26	12	24	2
53	10	28	46	33	5	1	13	47	28	1	42	8	46	38	43	49	12	17	43	11	17	47	12	24	2
53	10	28	46	33	5	1	13	47	28	1	42	8	46	38	43	49	13	30	1	43	52	28	12	24	2
53	10	28	46	33	5	1	13	47	28	1	42	8	46	38	43	49	14	4	51	13	32	1	12	24	2
53	10	28	46	33	5	1	13	47	28	1	42	8	46	38	43	49	17	10	40	6	41	31	12	24	2
53	10	28	46	33	5	1	13	47	28	1	42	8	46	38	43	49	18	29	26	36	9	27	12	24	2
53	10	28	46	33	5	1	13	47	28	1	42	8	46	38	43	49	20	45	33	11	45	6	12	24	2
53	10	28	46	33	5	1	13	47	28	1	42	8	46	38	43	49	30	15	24	16	20	5	12	24	2
53	10	28	46	33	5	1	13	47	28	1	42	8	46	38	43	49	35	11	12	29	33	18	12	24	2
53	10	28	46	33	5	1	13	47	28	1	42	8	46	38	43	49	36	16	26	49	44	3	12	24	2
53	10	28	46	33	5	1	13	47	28	1	42	8	46	38	43	49	39	12	12	9	20	36	12	24	2
53	10	28	46	33	5	1	13	47	28	1	42	8	46	38	43	49	47	14	42	25	31	17	12	24	2
53	10	28	46	33	5	1	13	47	28	1	42	8	46	38	43	49	51	43	8	37	49	11	12	24	2
53	10	28	46	33	5	2	13	28	47	1	42	8	46	38	43	49	2	3	31	9	42	28	12	24	2
53	10	28	46	33	5	2	13	28	47	1	42	8	46	38	43	49	2	38	22	46	11	25	12	24	2
53	10	28	46	33	5	2	13	28	47	1	42	8	46	38	43	49	6	20	30	37	20	38	12	24	2
53	10	28	46	33	5	2	13	28	47	1	42	8	46	38	43	49	11	33	3	44	23	26	12	24	2
53	10	28	46	33	5	2	13	28	47	1	42	8	46	38	43	49	12	17	43	11	17	47	12	24	2
53	10	28	46	33	5	2	13	28	47	1	42	8	46	38	43	49	13	30	1	43	52	28	12	24	2
53	10	28	46	33	5	2	13	28	47	1	42	8	46	38	43	49	14	4	51	13	32	1	12	24	2
53	10	28	46	33	5	2	13	28	47	1	42	8	46	38	43	49	17	10	40	6	41	31	12	24	2
53	10	28	46	33	5	2	13	28	47	1	42	8	46	38	43	49	18	29	26	36	9	27	12	24	2
53	10	28	46	33	5	2	13	28	47	1	42	8	46	38	43	49	20	45	33	11	45	6	12	24	2
53	10	28	46	33	5	2	13	28	47	1	42	8	46	38	43	49	30	15	24	16	20	5	12	24	2
53	10	28	46	33	5	2	13	28	47	1	42	8	46	38	43	49	35	11	12	29	33	18	12	24	2
53	10	28	46	33	5	2	13	28	47	1	42	8	46	38	43	49	36	16	26	49	44	3	12	24	2
53	10	28	46	33	5	2	13	28	47	1	42	8	46	38	43	49	39	12	12	9	20	36	12	24	2
53	10	28	46	33	5	2	13	28	47	1	42	8	46	38	43	49	47	14	42	25	31	17	12	24	2
53	10	28	46	33	5	2	13	28	47	1	42	8	46	38	43	49	51	43	8	37	49	11	12	24	2
53	10	28	46	33	5	3	47	28	13	1	42	8	46	38	43	49	2	3	31	9	42	28	12	24	2
53	10	28	46	33	5	3	47	28	13	1	42	8	46	38	43	49	2	38	22	46	11	25	12	24	2
53	10	28	46	33	5	3	47	28	13	1	42	8	46	38	43	49	6	20	30	37	20	38	12	24	2
53	10	28	46	33	5	3	47	28	13	1	42	8	46	38	43	49	11	33	3	44	23	26	12	24	2
53	10	28	46	33	5	3	47	28	13	1	42	8	46	38	43	49	12	17	43	11	17	47	12	24	2
53	10	28	46	33	5	3	47	28	13	1	42	8	46	38	43	49	13	30	1	43	52	28	12	24	2
53	10	28	46	33	5	3	47	28	13	1	42	8	46	38	43	49	14	4	51	13	32	1	12	24	2
53	10	28	46	33	5	3	47	28	13	1	42	8	46	38	43	49	17	10	40	6	41	31	12	24	2
53	10	28	46	33	5	3	47	28	13	1	42	8	46	38	43	49	18	29	26	36	9	27	12	24	2
53	10	28	46	33	5	3	47	28	13	1	42	8	46	38	43	49	20	45	33	11	45	6	12	24	2
53	10	28	46	33	5	3	47	28	13	1	42	8	46	38	43	49	30	15	24	16	20	5	12	24	2
53	10	28	46	33	5	3	47	28	13	1	42	8	46	38	43	49	35	11	12	29	33	18	12	24	2
53	10	28	46	33	5	3	47	28	13	1	42	8	46	38	43	49	36	16	26	49	44	3	12	24	2
53	10	28	46	33	5	3	47	28	13	1	42	8	46	38	43	49	39	12	12	9	20	36	12	24	2
53	10	28	46	33	5	3	47	28	13	1	42	8	46	38	43	49	47	14	42	25	31	17	12	24	2
53	10	28	46	33	5	3	47	28	13	1	42	8	46	38	43	49	51	43	8	37	49	11	12	24	2
53	10	28	46	20	48	1	40	6	25	52	50	2	1	52	22	25	1	48	48	52	31	22	12	24	2
53	10	28	46	20	48	1	40	6	25	52	50	2	1	52	22	25	8	18	28	40	44	23	12	24	2
53	10	28	46	20	48	1	40	6	25	52	50	2	1	52	22	25	10	20	7	38	15	12	12	24	2
53	10	28	46	20	48	1	40	6	25	52	50	2	1	52	22	25	15	2	15	46	52	2	12	24	2
53	10	28	46	20	48	1	40	6	25	52	50	2	1	52	22	25	21	14	24	7	6	45	12	24	2
53	10	28	46	20	48	1	40	6	25	52	50	2	1	52	22	25	22	49	3	1	41	29	12	24	2
53	10	28	46	20	48	1	40	6	25	52	50	2	1	52	22	25	25	5	47	29	14	6	12	24	2
53	10	28	46	20	48	1	40	6	25	52	50	2	1	52	22	25	28	11	40	15	52	42	12	24	2
53	10	28	46	20	48	1	40	6	25	52	50	2	1	52	22	25	29	44	0	37	29	17	12	24	2
53	10	28	46	20	48	1	40	6	25	52	50	2	1	52	22	25	33	15	34	38	32	41	12	24	2
53	10	28	46	20	48	1	40	6	25	52	50	2	1	52	22	25	34	35	22	13	3	34	12	24	2
53	10	28	46	20	48	1	40	6	25	52	50	2	1	52	22	25	38	52	22	52	50	31	12	24	2
53	10	28	46	20	48	1	40	6	25	52	50	2	1	52	22	25	44	30	41	1	20	24	12	24	2
53	10	28	46	20	48	1	40	6	25	52	50	2	1	52	22	25	45	38	21	9	43	46	12	24	2
53	10	28	46	20	48	1	40	6	25	52	50	2	1	52	22	25	47	45	32	6	22	28	12	24	2
53	10	28	46	20	48	1	40	6	25	52	50	2	1	52	22	25	52	51	2	15	15	11	12	24	2
53	10	28	46	20	48	2	40	25	6	52	50	2	1	52	22	25	1	48	48	52	31	22	12	24	2
53	10	28	46	20	48	2	40	25	6	52	50	2	1	52	22	25	8	18	28	40	44	23	12	24	2
53	10	28	46	20	48	2	40	25	6	52	50	2	1	52	22	25	10	20	7	38	15	12	12	24	2
53	10	28	46	20	48	2	40	25	6	52	50	2	1	52	22	25	15	2	15	46	52	2	12	24	2
53	10	28	46	20	48	2	40	25	6	52	50	2	1	52	22	25	21	14	24	7	6	45	12	24	2
53	10	28	46	20	48	2	40	25	6	52	50	2	1	52	22	25	22	49	3	1	41	29	12	24	2
53	10	28	46	20	48	2	40	25	6	52	50	2	1	52	22	25	25	5	47	29	14	6	12	24	2
53	10	28	46	20	48	2	40	25	6	52	50	2	1	52	22	25	28	11	40	15	52	42	12	24	2
53	10	28	46	20	48	2	40	25	6	52	50	2	1	52	22	25	29	44	0	37	29	17	12	24	2
53	10	28	46	20	48	2	40	25	6	52	50	2	1	52	22	25	33	15	34	38	32	41	12	24	2
53	10	28	46	20	48	2	40	25	6	52	50	2	1	52	22	25	34	35	22	13	3	34	12	24	2
53	10	28	46	20	48	2	40	25	6	52	50	2	1	52	22	25	38	52	22	52	50	31	12	24	2
53	10	28	46	20	48	2	40	25	6	52	50	2	1	52	22	25	44	30	41	1	20	24	12	24	2
53	10	28	46	20	48	2	40	25	6	52	50	2	1	52	22	25	45	38	21	9	43	46	12	24	2
53	10	28	46	20	48	2	40	25	6	52	50	2	1	52	22	25	47	45	32	6	22	28	12	24	2
53	10	28	46	20	48	2	40	25	6	52	50	2	1	52	22	25	52	51	2	15	15	11	12	24	2
53	10	28	46	20	48	3	6	25	40	52	50	2	1	52	22	25	1	48	48	52	31	22	12	24	2
53	10	28	46	20	48	3	6	25	40	52	50	2	1	52	22	25	8	18	28	40	44	23	12	24	2
53	10	28	46	20	48	3	6	25	40	52	50	2	1	52	22	25	10	20	7	38	15	12	12	24	2
53	10	28	46	20	48	3	6	25	40	52	50	2	1	52	22	25	15	2	15	46	52	2	12	24	2
53	10	28	46	20	48	3	6	25	40	52	50	2	1	52	22	25	21	14	24	7	6	45	12	24	2
53	10	28	46	20	48	3	6	25	40	52	50	2	1	52	22	25	22	49	3	1	41	29	12	24	2
53	10	28	46	20	48	3	6	25	40	52	50	2	1	52	22	25	25	5	47	29	14	6	12	24	2
53	10	28	46	20	48	3	6	25	40	52	50	2	1	52	22	25	28	11	40	15	52	42	12	24	2
53	10	28	46	20	48	3	6	25	40	52	50	2	1	52	22	25	29	44	0	37	29	17	12	24	2
53	10	28	46	20	48	3	6	25	40	52	50	2	1	52	22	25	33	15	34	38	32	41	12	24	2
53	10	28	46	20	48	3	6	25	40	52	50	2	1	52	22	25	34	35	22	13	3	34	12	24	2
53	10	28	46	20	48	3	6	25	40	52	50	2	1	52	22	25	38	52	22	52	50	31	12	24	2
53	10	28	46	20	48	3	6	25	40	52	50	2	1	52	22	25	44	30	41	1	20	24	12	24	2
53	10	28	46	20	48	3	6	25	40	52	50	2	1	52	22	25	45	38	21	9	43	46	12	24	2
53	10	28	46	20	48	3	6	25	40	52	50	2	1	52	22	25	47	45	32	6	22	28	12	24	2
53	10	28	46	20	48	3	6	25	40	52	50	2	1	52	22	25	52	51	2	15	15	11	12	24	2
53	10	46	28	33	5	1	13	28	47	1	42	8	46	38	43	49	2	3	31	9	42	28	12	24	2
53	10	46	28	33	5	1	13	28	47	1	42	8	46	38	43	49	2	38	22	46	11	25	12	24	2
53	10	46	28	33	5	1	13	28	47	1	42	8	46	38	43	49	6	20	30	37	20	38	12	24	2
53	10	46	28	33	5	1	13	28	47	1	42	8	46	38	43	49	11	33	3	44	23	26	12	24	2
53	10	46	28	33	5	1	13	28	47	1	42	8	46	38	43	49	12	17	43	11	17	47	12	24	2
53	10	46	28	33	5	1	13	28	47	1	42	8	46	38	43	49	13	30	1	43	52	28	12	24	2
53	10	46	28	33	5	1	13	28	47	1	42	8	46	38	43	49	14	4	51	13	32	1	12	24	2
53	10	46	28	33	5	1	13	28	47	1	42	8	46	38	43	49	17	10	40	6	41	31	12	24	2
53	10	46	28	33	5	1	13	28	47	1	42	8	46	38	43	49	18	29	26	36	9	27	12	24	2
53	10	46	28	33	5	1	13	28	47	1	42	8	46	38	43	49	20	45	33	11	45	6	12	24	2
53	10	46	28	33	5	1	13	28	47	1	42	8	46	38	43	49	30	15	24	16	20	5	12	24	2
53	10	46	28	33	5	1	13	28	47	1	42	8	46	38	43	49	35	11	12	29	33	18	12	24	2
53	10	46	28	33	5	1	13	28	47	1	42	8	46	38	43	49	36	16	26	49	44	3	12	24	2
53	10	46	28	33	5	1	13	28	47	1	42	8	46	38	43	49	39	12	12	9	20	36	12	24	2
53	10	46	28	33	5	1	13	28	47	1	42	8	46	38	43	49	47	14	42	25	31	17	12	24	2
53	10	46	28	33	5	1	13	28	47	1	42	8	46	38	43	49	51	43	8	37	49	11	12	24	2
53	10	46	28	33	5	2	13	47	28	1	42	8	46	38	43	49	2	3	31	9	42	28	12	24	2
53	10	46	28	33	5	2	13	47	28	1	42	8	46	38	43	49	2	38	22	46	11	25	12	24	2
53	10	46	28	33	5	2	13	47	28	1	42	8	46	38	43	49	6	20	30	37	20	38	12	24	2
53	10	46	28	33	5	2	13	47	28	1	42	8	46	38	43	49	11	33	3	44	23	26	12	24	2
53	10	46	28	33	5	2	13	47	28	1	42	8	46	38	43	49	12	17	43	11	17	47	12	24	2
53	10	46	28	33	5	2	13	47	28	1	42	8	46	38	43	49	13	30	1	43	52	28	12	24	2
53	10	46	28	33	5	2	13	47	28	1	42	8	46	38	43	49	14	4	51	13	32	1	12	24	2
53	10	46	28	33	5	2	13	47	28	1	42	8	46	38	43	49	17	10	40	6	41	31	12	24	2
53	10	46	28	33	5	2	13	47	28	1	42	8	46	38	43	49	18	29	26	36	9	27	12	24	2
53	10	46	28	33	5	2	13	47	28	1	42	8	46	38	43	49	20	45	33	11	45	6	12	24	2
53	10	46	28	33	5	2	13	47	28	1	42	8	46	38	43	49	30	15	24	16	20	5	12	24	2
53	10	46	28	33	5	2	13	47	28	1	42	8	46	38	43	49	35	11	12	29	33	18	12	24	2
53	10	46	28	33	5	2	13	47	28	1	42	8	46	38	43	49	36	16	26	49	44	3	12	24	2
53	10	46	28	33	5	2	13	47	28	1	42	8	46	38	43	49	39	12	12	9	20	36	12	24	2
53	10	46	28	33	5	2	13	47	28	1	42	8	46	38	43	49	47	14	42	25	31	17	12	24	2
53	10	46	28	33	5	2	13	47	28	1	42	8	46	38	43	49	51	43	8	37	49	11	12	24	2
53	10	46	28	33	5	3	28	47	13	1	42	8	46	38	43	49	2	3	31	9	42	28	12	24	2
53	10	46	28	33	5	3	28	47	13	1	42	8	46	38	43	49	2	38	22	46	11	25	12	24	2
53	10	46	28	33	5	3	28	47	13	1	42	8	46	38	43	49	6	20	30	37	20	38	12	24	2
53	10	46	28	33	5	3	28	47	13	1	42	8	46	38	43	49	11	33	3	44	23	26	12	24	2
53	10	46	28	33	5	3	28	47	13	1	42	8	46	38	43	49	12	17	43	11	17	47	12	24	2
53	10	46	28	33	5	3	28	47	13	1	42	8	46	38	43	49	13	30	1	43	52	28	12	24	2
53	10	46	28	33	5	3	28	47	13	1	42	8	46	38	43	49	14	4	51	13	32	1	12	24	2
53	10	46	28	33	5	3	28	47	13	1	42	8	46	38	43	49	17	10	40	6	41	31	12	24	2
53	10	46	28	33	5	3	28	47	13	1	42	8	46	38	43	49	18	29	26	36	9	27	12	24	2
53	10	46	28	33	5	3	28	47	13	1	42	8	46	38	43	49	20	45	33	11	45	6	12	24	2
53	10	46	28	33	5	3	28	47	13	1	42	8	46	38	43	49	30	15	24	16	20	5	12	24	2
53	10	46	28	33	5	3	28	47	13	1	42	8	46	38	43	49	35	11	12	29	33	18	12	24	2
53	10	46	28	33	5	3	28	47	13	1	42	8	46	38	43	49	36	16	26	49	44	3	12	24	2
53	10	46	28	33	5	3	28	47	13	1	42	8	46	38	43	49	39	12	12	9	20	36	12	24	2
53	10	46	28	33	5	3	28	47	13	1	42	8	46	38	43	49	47	14	42	25	31	17	12	24	2
53	10	46	28	33	5	3	28	47	13	1	42	8	46	38	43	49	51	43	8	37	49	11	12	24	2
53	10	46	28	20	48	1	40	25	6	52	50	2	1	52	22	25	1	48	48	52	31	22	12	24	2
53	10	46	28	20	48	1	40	25	6	52	50	2	1	52	22	25	8	18	28	40	44	23	12	24	2
53	10	46	28	20	48	1	40	25	6	52	50	2	1	52	22	25	10	20	7	38	15	12	12	24	2
53	10	46	28	20	48	1	40	25	6	52	50	2	1	52	22	25	15	2	15	46	52	2	12	24	2
53	10	46	28	20	48	1	40	25	6	52	50	2	1	52	22	25	21	14	24	7	6	45	12	24	2
53	10	46	28	20	48	1	40	25	6	52	50	2	1	52	22	25	22	49	3	1	41	29	12	24	2
53	10	46	28	20	48	1	40	25	6	52	50	2	1	52	22	25	25	5	47	29	14	6	12	24	2
53	10	46	28	20	48	1	40	25	6	52	50	2	1	52	22	25	28	11	40	15	52	42	12	24	2
53	10	46	28	20	48	1	40	25	6	52	50	2	1	52	22	25	29	44	0	37	29	17	12	24	2
53	10	46	28	20	48	1	40	25	6	52	50	2	1	52	22	25	33	15	34	38	32	41	12	24	2
53	10	46	28	20	48	1	40	25	6	52	50	2	1	52	22	25	34	35	22	13	3	34	12	24	2
53	10	46	28	20	48	1	40	25	6	52	50	2	1	52	22	25	38	52	22	52	50	31	12	24	2
53	10	46	28	20	48	1	40	25	6	52	50	2	1	52	22	25	44	30	41	1	20	24	12	24	2
53	10	46	28	20	48	1	40	25	6	52	50	2	1	52	22	25	45	38	21	9	43	46	12	24	2
53	10	46	28	20	48	1	40	25	6	52	50	2	1	52	22	25	47	45	32	6	22	28	12	24	2
53	10	46	28	20	48	1	40	25	6	52	50	2	1	52	22	25	52	51	2	15	15	11	12	24	2
53	10	46	28	20	48	2	40	6	25	52	50	2	1	52	22	25	1	48	48	52	31	22	12	24	2
53	10	46	28	20	48	2	40	6	25	52	50	2	1	52	22	25	8	18	28	40	44	23	12	24	2
53	10	46	28	20	48	2	40	6	25	52	50	2	1	52	22	25	10	20	7	38	15	12	12	24	2
53	10	46	28	20	48	2	40	6	25	52	50	2	1	52	22	25	15	2	15	46	52	2	12	24	2
53	10	46	28	20	48	2	40	6	25	52	50	2	1	52	22	25	21	14	24	7	6	45	12	24	2
53	10	46	28	20	48	2	40	6	25	52	50	2	1	52	22	25	22	49	3	1	41	29	12	24	2
53	10	46	28	20	48	2	40	6	25	52	50	2	1	52	22	25	25	5	47	29	14	6	12	24	2
53	10	46	28	20	48	2	40	6	25	52	50	2	1	52	22	25	28	11	40	15	52	42	12	24	2
53	10	46	28	20	48	2	40	6	25	52	50	2	1	52	22	25	29	44	0	37	29	17	12	24	2
53	10	46	28	20	48	2	40	6	25	52	50	2	1	52	22	25	33	15	34	38	32	41	12	24	2
53	10	46	28	20	48	2	40	6	25	52	50	2	1	52	22	25	34	35	22	13	3	34	12	24	2
53	10	46	28	20	48	2	40	6	25	52	50	2	1	52	22	25	38	52	22	52	50	31	12	24	2
53	10	46	28	20	48	2	40	6	25	52	50	2	1	52	22	25	44	30	41	1	20	24	12	24	2
53	10	46	28	20	48	2	40	6	25	52	50	2	1	52	22	25	45	38	21	9	43	46	12	24	2
53	10	46	28	20	48	2	40	6	25	52	50	2	1	52	22	25	47	45	32	6	22	28	12	24	2
53	10	46	28	20	48	2	40	6	25	52	50	2	1	52	22	25	52	51	2	15	15	11	12	24	2
53	10	46	28	20	48	3	25	6	40	52	50	2	1	52	22	25	1	48	48	52	31	22	12	24	2
53	10	46	28	20	48	3	25	6	40	52	50	2	1	52	22	25	8	18	28	40	44	23	12	24	2
53	10	46	28	20	48	3	25	6	40	52	50	2	1	52	22	25	10	20	7	38	15	12	12	24	2
53	10	46	28	20	48	3	25	6	40	52	50	2	1	52	22	25	15	2	15	46	52	2	12	24	2
53	10	46	28	20	48	3	25	6	40	52	50	2	1	52	22	25	21	14	24	7	6	45	12	24	2
53	10	46	28	20	48	3	25	6	40	52	50	2	1	52	22	25	22	49	3	1	41	29	12	24	2
53	10	46	28	20	48	3	25	6	40	52	50	2	1	52	22	25	25	5	47	29	14	6	12	24	2
53	10	46	28	20	48	3	25	6	40	52	50	2	1	52	22	25	28	11	40	15	52	42	12	24	2
53	10	46	28	20	48	3	25	6	40	52	50	2	1	52	22	25	29	44	0	37	29	17	12	24	2
53	10	46	28	20	48	3	25	6	40	52	50	2	1	52	22	25	33	15	34	38	32	41	12	24	2
53	10	46	28	20	48	3	25	6	40	52	50	2	1	52	22	25	34	35	22	13	3	34	12	24	2
53	10	46	28	20	48	3	25	6	40	52	50	2	1	52	22	25	38	52	22	52	50	31	12	24	2
53	10	46	28	20	48	3	25	6	40	52	50	2	1	52	22	25	44	30	41	1	20	24	12	24	2
53	10	46	28	20	48	3	25	6	40	52	50	2	1	52	22	25	45	38	21	9	43	46	12	24	2
53	10	46	28	20	48	3	25	6	40	52	50	2	1	52	22	25	47	45	32	6	22	28	12	24	2
53	10	46	28	20	48	3	25	6	40	52	50	2	1	52	22	25	52	51	2	15	15	11	12	24	2
53	14	20	46	18	8	1	21	30	16	36	5	52	45	43	27	17	2	28	43	39	28	27	12	24	2
53	14	20	46	18	8	1	21	30	16	36	5	52	45	43	27	17	4	11	7	34	0	17	12	24	2
53	14	20	46	18	8	1	21	30	16	36	5	52	45	43	27	17	12	37	0	21	5	15	12	24	2
53	14	20	46	18	8	1	21	30	16	36	5	52	45	43	27	17	13	24	51	20	27	44	12	24	2
53	14	20	46	18	8	1	21	30	16	36	5	52	45	43	27	17	14	38	34	8	8	44	12	24	2
53	14	20	46	18	8	1	21	30	16	36	5	52	45	43	27	17	15	20	17	33	43	22	12	24	2
53	14	20	46	18	8	1	21	30	16	36	5	52	45	43	27	17	20	2	33	35	24	46	12	24	2
53	14	20	46	18	8	1	21	30	16	36	5	52	45	43	27	17	20	41	27	26	29	7	12	24	2
53	14	20	46	18	8	1	21	30	16	36	5	52	45	43	27	17	22	34	46	45	46	15	12	24	2
53	14	20	46	18	8	1	21	30	16	36	5	52	45	43	27	17	24	32	34	22	37	31	12	24	2
53	14	20	46	18	8	1	21	30	16	36	5	52	45	43	27	17	28	1	20	23	32	4	12	24	2
53	14	20	46	18	8	1	21	30	16	36	5	52	45	43	27	17	32	15	32	18	47	47	12	24	2
53	14	20	46	18	8	1	21	30	16	36	5	52	45	43	27	17	34	9	37	2	38	52	12	24	2
53	14	20	46	18	8	1	21	30	16	36	5	52	45	43	27	17	39	48	43	14	33	1	12	24	2
53	14	20	46	18	8	1	21	30	16	36	5	52	45	43	27	17	41	46	24	31	46	46	12	24	2
53	14	20	46	18	8	1	21	30	16	36	5	52	45	43	27	17	47	22	49	32	31	32	12	24	2
53	14	20	46	18	8	2	21	16	30	36	5	52	45	43	27	17	2	28	43	39	28	27	12	24	2
53	14	20	46	18	8	2	21	16	30	36	5	52	45	43	27	17	4	11	7	34	0	17	12	24	2
53	14	20	46	18	8	2	21	16	30	36	5	52	45	43	27	17	12	37	0	21	5	15	12	24	2
53	14	20	46	18	8	2	21	16	30	36	5	52	45	43	27	17	13	24	51	20	27	44	12	24	2
53	14	20	46	18	8	2	21	16	30	36	5	52	45	43	27	17	14	38	34	8	8	44	12	24	2
53	14	20	46	18	8	2	21	16	30	36	5	52	45	43	27	17	15	20	17	33	43	22	12	24	2
53	14	20	46	18	8	2	21	16	30	36	5	52	45	43	27	17	20	2	33	35	24	46	12	24	2
53	14	20	46	18	8	2	21	16	30	36	5	52	45	43	27	17	20	41	27	26	29	7	12	24	2
53	14	20	46	18	8	2	21	16	30	36	5	52	45	43	27	17	22	34	46	45	46	15	12	24	2
53	14	20	46	18	8	2	21	16	30	36	5	52	45	43	27	17	24	32	34	22	37	31	12	24	2
53	14	20	46	18	8	2	21	16	30	36	5	52	45	43	27	17	28	1	20	23	32	4	12	24	2
53	14	20	46	18	8	2	21	16	30	36	5	52	45	43	27	17	32	15	32	18	47	47	12	24	2
53	14	20	46	18	8	2	21	16	30	36	5	52	45	43	27	17	34	9	37	2	38	52	12	24	2
53	14	20	46	18	8	2	21	16	30	36	5	52	45	43	27	17	39	48	43	14	33	1	12	24	2
53	14	20	46	18	8	2	21	16	30	36	5	52	45	43	27	17	41	46	24	31	46	46	12	24	2
53	14	20	46	18	8	2	21	16	30	36	5	52	45	43	27	17	47	22	49	32	31	32	12	24	2
53	14	20	46	18	8	3	30	16	21	36	5	52	45	43	27	17	2	28	43	39	28	27	12	24	2
53	14	20	46	18	8	3	30	16	21	36	5	52	45	43	27	17	4	11	7	34	0	17	12	24	2
53	14	20	46	18	8	3	30	16	21	36	5	52	45	43	27	17	12	37	0	21	5	15	12	24	2
53	14	20	46	18	8	3	30	16	21	36	5	52	45	43	27	17	13	24	51	20	27	44	12	24	2
53	14	20	46	18	8	3	30	16	21	36	5	52	45	43	27	17	14	38	34	8	8	44	12	24	2
53	14	20	46	18	8	3	30	16	21	36	5	52	45	43	27	17	15	20	17	33	43	22	12	24	2
53	14	20	46	18	8	3	30	16	21	36	5	52	45	43	27	17	20	2	33	35	24	46	12	24	2
53	14	20	46	18	8	3	30	16	21	36	5	52	45	43	27	17	20	41	27	26	29	7	12	24	2
53	14	20	46	18	8	3	30	16	21	36	5	52	45	43	27	17	22	34	46	45	46	15	12	24	2
53	14	20	46	18	8	3	30	16	21	36	5	52	45	43	27	17	24	32	34	22	37	31	12	24	2
53	14	20	46	18	8	3	30	16	21	36	5	52	45	43	27	17	28	1	20	23	32	4	12	24	2
53	14	20	46	18	8	3	30	16	21	36	5	52	45	43	27	17	32	15	32	18	47	47	12	24	2
53	14	20	46	18	8	3	30	16	21	36	5	52	45	43	27	17	34	9	37	2	38	52	12	24	2
53	14	20	46	18	8	3	30	16	21	36	5	52	45	43	27	17	39	48	43	14	33	1	12	24	2
53	14	20	46	18	8	3	30	16	21	36	5	52	45	43	27	17	41	46	24	31	46	46	12	24	2
53	14	20	46	18	8	3	30	16	21	36	5	52	45	43	27	17	47	22	49	32	31	32	12	24	2
53	14	20	46	35	45	1	32	23	37	17	28	22	43	25	12	16	2	1	2	33	21	48	12	24	2
53	14	20	46	35	45	1	32	23	37	17	28	22	43	25	12	16	5	14	37	21	40	28	12	24	2
53	14	20	46	35	45	1	32	23	37	17	28	22	43	25	12	16	7	45	29	31	16	6	12	24	2
53	14	20	46	35	45	1	32	23	37	17	28	22	43	25	12	16	9	50	12	14	44	1	12	24	2
53	14	20	46	35	45	1	32	23	37	17	28	22	43	25	12	16	18	13	3	18	18	27	12	24	2
53	14	20	46	35	45	1	32	23	37	17	28	22	43	25	12	16	25	47	40	32	1	10	12	24	2
53	14	20	46	35	45	1	32	23	37	17	28	22	43	25	12	16	30	19	35	22	37	13	12	24	2
53	14	20	46	35	45	1	32	23	37	17	28	22	43	25	12	16	35	25	48	3	6	22	12	24	2
53	14	20	46	35	45	1	32	23	37	17	28	22	43	25	12	16	44	22	4	31	4	47	12	24	2
53	14	20	46	35	45	1	32	23	37	17	28	22	43	25	12	16	48	26	29	20	4	44	12	24	2
53	14	20	46	35	45	2	32	37	23	17	28	22	43	25	12	16	2	1	2	33	21	48	12	24	2
53	14	20	46	35	45	2	32	37	23	17	28	22	43	25	12	16	5	14	37	21	40	28	12	24	2
53	14	20	46	35	45	2	32	37	23	17	28	22	43	25	12	16	7	45	29	31	16	6	12	24	2
53	14	20	46	35	45	2	32	37	23	17	28	22	43	25	12	16	9	50	12	14	44	1	12	24	2
53	14	20	46	35	45	2	32	37	23	17	28	22	43	25	12	16	18	13	3	18	18	27	12	24	2
53	14	20	46	35	45	2	32	37	23	17	28	22	43	25	12	16	25	47	40	32	1	10	12	24	2
53	14	20	46	35	45	2	32	37	23	17	28	22	43	25	12	16	30	19	35	22	37	13	12	24	2
53	14	20	46	35	45	2	32	37	23	17	28	22	43	25	12	16	35	25	48	3	6	22	12	24	2
53	14	20	46	35	45	2	32	37	23	17	28	22	43	25	12	16	44	22	4	31	4	47	12	24	2
53	14	20	46	35	45	2	32	37	23	17	28	22	43	25	12	16	48	26	29	20	4	44	12	24	2
53	14	20	46	35	45	3	23	37	32	17	28	22	43	25	12	16	2	1	2	33	21	48	12	24	2
53	14	20	46	35	45	3	23	37	32	17	28	22	43	25	12	16	5	14	37	21	40	28	12	24	2
53	14	20	46	35	45	3	23	37	32	17	28	22	43	25	12	16	7	45	29	31	16	6	12	24	2
53	14	20	46	35	45	3	23	37	32	17	28	22	43	25	12	16	9	50	12	14	44	1	12	24	2
53	14	20	46	35	45	3	23	37	32	17	28	22	43	25	12	16	18	13	3	18	18	27	12	24	2
53	14	20	46	35	45	3	23	37	32	17	28	22	43	25	12	16	25	47	40	32	1	10	12	24	2
53	14	20	46	35	45	3	23	37	32	17	28	22	43	25	12	16	30	19	35	22	37	13	12	24	2
53	14	20	46	35	45	3	23	37	32	17	28	22	43	25	12	16	35	25	48	3	6	22	12	24	2
53	14	20	46	35	45	3	23	37	32	17	28	22	43	25	12	16	44	22	4	31	4	47	12	24	2
53	14	20	46	35	45	3	23	37	32	17	28	22	43	25	12	16	48	26	29	20	4	44	12	24	2
53	14	46	20	18	8	1	21	16	30	36	5	52	45	43	27	17	2	28	43	39	28	27	12	24	2
53	14	46	20	18	8	1	21	16	30	36	5	52	45	43	27	17	4	11	7	34	0	17	12	24	2
53	14	46	20	18	8	1	21	16	30	36	5	52	45	43	27	17	12	37	0	21	5	15	12	24	2
53	14	46	20	18	8	1	21	16	30	36	5	52	45	43	27	17	13	24	51	20	27	44	12	24	2
53	14	46	20	18	8	1	21	16	30	36	5	52	45	43	27	17	14	38	34	8	8	44	12	24	2
53	14	46	20	18	8	1	21	16	30	36	5	52	45	43	27	17	15	20	17	33	43	22	12	24	2
53	14	46	20	18	8	1	21	16	30	36	5	52	45	43	27	17	20	2	33	35	24	46	12	24	2
53	14	46	20	18	8	1	21	16	30	36	5	52	45	43	27	17	20	41	27	26	29	7	12	24	2
53	14	46	20	18	8	1	21	16	30	36	5	52	45	43	27	17	22	34	46	45	46	15	12	24	2
53	14	46	20	18	8	1	21	16	30	36	5	52	45	43	27	17	24	32	34	22	37	31	12	24	2
53	14	46	20	18	8	1	21	16	30	36	5	52	45	43	27	17	28	1	20	23	32	4	12	24	2
53	14	46	20	18	8	1	21	16	30	36	5	52	45	43	27	17	32	15	32	18	47	47	12	24	2
53	14	46	20	18	8	1	21	16	30	36	5	52	45	43	27	17	34	9	37	2	38	52	12	24	2
53	14	46	20	18	8	1	21	16	30	36	5	52	45	43	27	17	39	48	43	14	33	1	12	24	2
53	14	46	20	18	8	1	21	16	30	36	5	52	45	43	27	17	41	46	24	31	46	46	12	24	2
53	14	46	20	18	8	1	21	16	30	36	5	52	45	43	27	17	47	22	49	32	31	32	12	24	2
53	14	46	20	18	8	2	21	30	16	36	5	52	45	43	27	17	2	28	43	39	28	27	12	24	2
53	14	46	20	18	8	2	21	30	16	36	5	52	45	43	27	17	4	11	7	34	0	17	12	24	2
53	14	46	20	18	8	2	21	30	16	36	5	52	45	43	27	17	12	37	0	21	5	15	12	24	2
53	14	46	20	18	8	2	21	30	16	36	5	52	45	43	27	17	13	24	51	20	27	44	12	24	2
53	14	46	20	18	8	2	21	30	16	36	5	52	45	43	27	17	14	38	34	8	8	44	12	24	2
53	14	46	20	18	8	2	21	30	16	36	5	52	45	43	27	17	15	20	17	33	43	22	12	24	2
53	14	46	20	18	8	2	21	30	16	36	5	52	45	43	27	17	20	2	33	35	24	46	12	24	2
53	14	46	20	18	8	2	21	30	16	36	5	52	45	43	27	17	20	41	27	26	29	7	12	24	2
53	14	46	20	18	8	2	21	30	16	36	5	52	45	43	27	17	22	34	46	45	46	15	12	24	2
53	14	46	20	18	8	2	21	30	16	36	5	52	45	43	27	17	24	32	34	22	37	31	12	24	2
53	14	46	20	18	8	2	21	30	16	36	5	52	45	43	27	17	28	1	20	23	32	4	12	24	2
53	14	46	20	18	8	2	21	30	16	36	5	52	45	43	27	17	32	15	32	18	47	47	12	24	2
53	14	46	20	18	8	2	21	30	16	36	5	52	45	43	27	17	34	9	37	2	38	52	12	24	2
53	14	46	20	18	8	2	21	30	16	36	5	52	45	43	27	17	39	48	43	14	33	1	12	24	2
53	14	46	20	18	8	2	21	30	16	36	5	52	45	43	27	17	41	46	24	31	46	46	12	24	2
53	14	46	20	18	8	2	21	30	16	36	5	52	45	43	27	17	47	22	49	32	31	32	12	24	2
53	14	46	20	18	8	3	16	30	21	36	5	52	45	43	27	17	2	28	43	39	28	27	12	24	2
53	14	46	20	18	8	3	16	30	21	36	5	52	45	43	27	17	4	11	7	34	0	17	12	24	2
53	14	46	20	18	8	3	16	30	21	36	5	52	45	43	27	17	12	37	0	21	5	15	12	24	2
53	14	46	20	18	8	3	16	30	21	36	5	52	45	43	27	17	13	24	51	20	27	44	12	24	2
53	14	46	20	18	8	3	16	30	21	36	5	52	45	43	27	17	14	38	34	8	8	44	12	24	2
53	14	46	20	18	8	3	16	30	21	36	5	52	45	43	27	17	15	20	17	33	43	22	12	24	2
53	14	46	20	18	8	3	16	30	21	36	5	52	45	43	27	17	20	2	33	35	24	46	12	24	2
53	14	46	20	18	8	3	16	30	21	36	5	52	45	43	27	17	20	41	27	26	29	7	12	24	2
53	14	46	20	18	8	3	16	30	21	36	5	52	45	43	27	17	22	34	46	45	46	15	12	24	2
53	14	46	20	18	8	3	16	30	21	36	5	52	45	43	27	17	24	32	34	22	37	31	12	24	2
53	14	46	20	18	8	3	16	30	21	36	5	52	45	43	27	17	28	1	20	23	32	4	12	24	2
53	14	46	20	18	8	3	16	30	21	36	5	52	45	43	27	17	32	15	32	18	47	47	12	24	2
53	14	46	20	18	8	3	16	30	21	36	5	52	45	43	27	17	34	9	37	2	38	52	12	24	2
53	14	46	20	18	8	3	16	30	21	36	5	52	45	43	27	17	39	48	43	14	33	1	12	24	2
53	14	46	20	18	8	3	16	30	21	36	5	52	45	43	27	17	41	46	24	31	46	46	12	24	2
53	14	46	20	18	8	3	16	30	21	36	5	52	45	43	27	17	47	22	49	32	31	32	12	24	2
53	14	46	20	35	45	1	32	37	23	17	28	22	43	25	12	16	2	1	2	33	21	48	12	24	2
53	14	46	20	35	45	1	32	37	23	17	28	22	43	25	12	16	5	14	37	21	40	28	12	24	2
53	14	46	20	35	45	1	32	37	23	17	28	22	43	25	12	16	7	45	29	31	16	6	12	24	2
53	14	46	20	35	45	1	32	37	23	17	28	22	43	25	12	16	9	50	12	14	44	1	12	24	2
53	14	46	20	35	45	1	32	37	23	17	28	22	43	25	12	16	18	13	3	18	18	27	12	24	2
53	14	46	20	35	45	1	32	37	23	17	28	22	43	25	12	16	25	47	40	32	1	10	12	24	2
53	14	46	20	35	45	1	32	37	23	17	28	22	43	25	12	16	30	19	35	22	37	13	12	24	2
53	14	46	20	35	45	1	32	37	23	17	28	22	43	25	12	16	35	25	48	3	6	22	12	24	2
53	14	46	20	35	45	1	32	37	23	17	28	22	43	25	12	16	44	22	4	31	4	47	12	24	2
53	14	46	20	35	45	1	32	37	23	17	28	22	43	25	12	16	48	26	29	20	4	44	12	24	2
53	14	46	20	35	45	2	32	23	37	17	28	22	43	25	12	16	2	1	2	33	21	48	12	24	2
53	14	46	20	35	45	2	32	23	37	17	28	22	43	25	12	16	5	14	37	21	40	28	12	24	2
53	14	46	20	35	45	2	32	23	37	17	28	22	43	25	12	16	7	45	29	31	16	6	12	24	2
53	14	46	20	35	45	2	32	23	37	17	28	22	43	25	12	16	9	50	12	14	44	1	12	24	2
53	14	46	20	35	45	2	32	23	37	17	28	22	43	25	12	16	18	13	3	18	18	27	12	24	2
53	14	46	20	35	45	2	32	23	37	17	28	22	43	25	12	16	25	47	40	32	1	10	12	24	2
53	14	46	20	35	45	2	32	23	37	17	28	22	43	25	12	16	30	19	35	22	37	13	12	24	2
53	14	46	20	35	45	2	32	23	37	17	28	22	43	25	12	16	35	25	48	3	6	22	12	24	2
53	14	46	20	35	45	2	32	23	37	17	28	22	43	25	12	16	44	22	4	31	4	47	12	24	2
53	14	46	20	35	45	2	32	23	37	17	28	22	43	25	12	16	48	26	29	20	4	44	12	24	2
53	14	46	20	35	45	3	37	23	32	17	28	22	43	25	12	16	2	1	2	33	21	48	12	24	2
53	14	46	20	35	45	3	37	23	32	17	28	22	43	25	12	16	5	14	37	21	40	28	12	24	2
53	14	46	20	35	45	3	37	23	32	17	28	22	43	25	12	16	7	45	29	31	16	6	12	24	2
53	14	46	20	35	45	3	37	23	32	17	28	22	43	25	12	16	9	50	12	14	44	1	12	24	2
53	14	46	20	35	45	3	37	23	32	17	28	22	43	25	12	16	18	13	3	18	18	27	12	24	2
53	14	46	20	35	45	3	37	23	32	17	28	22	43	25	12	16	25	47	40	32	1	10	12	24	2
53	14	46	20	35	45	3	37	23	32	17	28	22	43	25	12	16	30	19	35	22	37	13	12	24	2
53	14	46	20	35	45	3	37	23	32	17	28	22	43	25	12	16	35	25	48	3	6	22	12	24	2
53	14	46	20	35	45	3	37	23	32	17	28	22	43	25	12	16	44	22	4	31	4	47	12	24	2
53	14	46	20	35	45	3	37	23	32	17	28	22	43	25	12	16	48	26	29	20	4	44	12	24	2
53	15	8	19	8	18	1	44	27	31	49	39	18	16	11	10	11	1	15	49	31	1	8	12	24	2
53	15	8	19	8	18	1	44	27	31	49	39	18	16	11	10	11	2	32	4	26	50	33	12	24	2
53	15	8	19	8	18	1	44	27	31	49	39	18	16	11	10	11	5	31	11	30	46	3	12	24	2
53	15	8	19	8	18	1	44	27	31	49	39	18	16	11	10	11	8	20	49	21	37	51	12	24	2
53	15	8	19	8	18	1	44	27	31	49	39	18	16	11	10	11	13	35	19	14	29	25	12	24	2
53	15	8	19	8	18	1	44	27	31	49	39	18	16	11	10	11	33	17	52	39	11	31	12	24	2
53	15	8	19	8	18	1	44	27	31	49	39	18	16	11	10	11	40	14	3	50	13	35	12	24	2
53	15	8	19	8	18	1	44	27	31	49	39	18	16	11	10	11	45	2	33	3	18	10	12	24	2
53	15	8	19	8	18	1	44	27	31	49	39	18	16	11	10	11	47	36	41	14	26	24	12	24	2
53	15	8	19	8	18	1	44	27	31	49	39	18	16	11	10	11	48	49	48	27	42	5	12	24	2
53	15	8	19	8	18	2	44	31	27	49	39	18	16	11	10	11	1	15	49	31	1	8	12	24	2
53	15	8	19	8	18	2	44	31	27	49	39	18	16	11	10	11	2	32	4	26	50	33	12	24	2
53	15	8	19	8	18	2	44	31	27	49	39	18	16	11	10	11	5	31	11	30	46	3	12	24	2
53	15	8	19	8	18	2	44	31	27	49	39	18	16	11	10	11	8	20	49	21	37	51	12	24	2
53	15	8	19	8	18	2	44	31	27	49	39	18	16	11	10	11	13	35	19	14	29	25	12	24	2
53	15	8	19	8	18	2	44	31	27	49	39	18	16	11	10	11	33	17	52	39	11	31	12	24	2
53	15	8	19	8	18	2	44	31	27	49	39	18	16	11	10	11	40	14	3	50	13	35	12	24	2
53	15	8	19	8	18	2	44	31	27	49	39	18	16	11	10	11	45	2	33	3	18	10	12	24	2
53	15	8	19	8	18	2	44	31	27	49	39	18	16	11	10	11	47	36	41	14	26	24	12	24	2
53	15	8	19	8	18	2	44	31	27	49	39	18	16	11	10	11	48	49	48	27	42	5	12	24	2
53	15	8	19	8	18	3	27	31	44	49	39	18	16	11	10	11	1	15	49	31	1	8	12	24	2
53	15	8	19	8	18	3	27	31	44	49	39	18	16	11	10	11	2	32	4	26	50	33	12	24	2
53	15	8	19	8	18	3	27	31	44	49	39	18	16	11	10	11	5	31	11	30	46	3	12	24	2
53	15	8	19	8	18	3	27	31	44	49	39	18	16	11	10	11	8	20	49	21	37	51	12	24	2
53	15	8	19	8	18	3	27	31	44	49	39	18	16	11	10	11	13	35	19	14	29	25	12	24	2
53	15	8	19	8	18	3	27	31	44	49	39	18	16	11	10	11	33	17	52	39	11	31	12	24	2
53	15	8	19	8	18	3	27	31	44	49	39	18	16	11	10	11	40	14	3	50	13	35	12	24	2
53	15	8	19	8	18	3	27	31	44	49	39	18	16	11	10	11	45	2	33	3	18	10	12	24	2
53	15	8	19	8	18	3	27	31	44	49	39	18	16	11	10	11	47	36	41	14	26	24	12	24	2
53	15	8	19	8	18	3	27	31	44	49	39	18	16	11	10	11	48	49	48	27	42	5	12	24	2
53	15	8	19	45	35	1	9	26	22	4	17	50	21	52	38	1	4	8	34	26	49	29	12	24	2
53	15	8	19	45	35	1	9	26	22	4	17	50	21	52	38	1	12	6	34	14	4	25	12	24	2
53	15	8	19	45	35	1	9	26	22	4	17	50	21	52	38	1	21	31	2	5	32	7	12	24	2
53	15	8	19	45	35	1	9	26	22	4	17	50	21	52	38	1	24	44	49	39	19	37	12	24	2
53	15	8	19	45	35	1	9	26	22	4	17	50	21	52	38	1	25	30	5	50	1	11	12	24	2
53	15	8	19	45	35	1	9	26	22	4	17	50	21	52	38	1	27	28	38	23	21	25	12	24	2
53	15	8	19	45	35	1	9	26	22	4	17	50	21	52	38	1	31	23	29	30	10	3	12	24	2
53	15	8	19	45	35	1	9	26	22	4	17	50	21	52	38	1	33	51	21	31	11	41	12	24	2
53	15	8	19	45	35	1	9	26	22	4	17	50	21	52	38	1	34	4	42	41	0	43	12	24	2
53	15	8	19	45	35	1	9	26	22	4	17	50	21	52	38	1	35	9	32	22	47	4	12	24	2
53	15	8	19	45	35	1	9	26	22	4	17	50	21	52	38	1	39	28	40	33	5	30	12	24	2
53	15	8	19	45	35	1	9	26	22	4	17	50	21	52	38	1	42	17	51	19	16	37	12	24	2
53	15	8	19	45	35	1	9	26	22	4	17	50	21	52	38	1	43	7	9	35	28	26	12	24	2
53	15	8	19	45	35	1	9	26	22	4	17	50	21	52	38	1	45	36	18	12	7	20	12	24	2
53	15	8	19	45	35	1	9	26	22	4	17	50	21	52	38	1	46	0	4	27	32	19	12	24	2
53	15	8	19	45	35	1	9	26	22	4	17	50	21	52	38	1	50	49	0	3	34	6	12	24	2
53	15	8	19	45	35	2	9	22	26	4	17	50	21	52	38	1	4	8	34	26	49	29	12	24	2
53	15	8	19	45	35	2	9	22	26	4	17	50	21	52	38	1	12	6	34	14	4	25	12	24	2
53	15	8	19	45	35	2	9	22	26	4	17	50	21	52	38	1	21	31	2	5	32	7	12	24	2
53	15	8	19	45	35	2	9	22	26	4	17	50	21	52	38	1	24	44	49	39	19	37	12	24	2
53	15	8	19	45	35	2	9	22	26	4	17	50	21	52	38	1	25	30	5	50	1	11	12	24	2
53	15	8	19	45	35	2	9	22	26	4	17	50	21	52	38	1	27	28	38	23	21	25	12	24	2
53	15	8	19	45	35	2	9	22	26	4	17	50	21	52	38	1	31	23	29	30	10	3	12	24	2
53	15	8	19	45	35	2	9	22	26	4	17	50	21	52	38	1	33	51	21	31	11	41	12	24	2
53	15	8	19	45	35	2	9	22	26	4	17	50	21	52	38	1	34	4	42	41	0	43	12	24	2
53	15	8	19	45	35	2	9	22	26	4	17	50	21	52	38	1	35	9	32	22	47	4	12	24	2
53	15	8	19	45	35	2	9	22	26	4	17	50	21	52	38	1	39	28	40	33	5	30	12	24	2
53	15	8	19	45	35	2	9	22	26	4	17	50	21	52	38	1	42	17	51	19	16	37	12	24	2
53	15	8	19	45	35	2	9	22	26	4	17	50	21	52	38	1	43	7	9	35	28	26	12	24	2
53	15	8	19	45	35	2	9	22	26	4	17	50	21	52	38	1	45	36	18	12	7	20	12	24	2
53	15	8	19	45	35	2	9	22	26	4	17	50	21	52	38	1	46	0	4	27	32	19	12	24	2
53	15	8	19	45	35	2	9	22	26	4	17	50	21	52	38	1	50	49	0	3	34	6	12	24	2
53	15	8	19	45	35	3	26	22	9	4	17	50	21	52	38	1	4	8	34	26	49	29	12	24	2
53	15	8	19	45	35	3	26	22	9	4	17	50	21	52	38	1	12	6	34	14	4	25	12	24	2
53	15	8	19	45	35	3	26	22	9	4	17	50	21	52	38	1	21	31	2	5	32	7	12	24	2
53	15	8	19	45	35	3	26	22	9	4	17	50	21	52	38	1	24	44	49	39	19	37	12	24	2
53	15	8	19	45	35	3	26	22	9	4	17	50	21	52	38	1	25	30	5	50	1	11	12	24	2
53	15	8	19	45	35	3	26	22	9	4	17	50	21	52	38	1	27	28	38	23	21	25	12	24	2
53	15	8	19	45	35	3	26	22	9	4	17	50	21	52	38	1	31	23	29	30	10	3	12	24	2
53	15	8	19	45	35	3	26	22	9	4	17	50	21	52	38	1	33	51	21	31	11	41	12	24	2
53	15	8	19	45	35	3	26	22	9	4	17	50	21	52	38	1	34	4	42	41	0	43	12	24	2
53	15	8	19	45	35	3	26	22	9	4	17	50	21	52	38	1	35	9	32	22	47	4	12	24	2
53	15	8	19	45	35	3	26	22	9	4	17	50	21	52	38	1	39	28	40	33	5	30	12	24	2
53	15	8	19	45	35	3	26	22	9	4	17	50	21	52	38	1	42	17	51	19	16	37	12	24	2
53	15	8	19	45	35	3	26	22	9	4	17	50	21	52	38	1	43	7	9	35	28	26	12	24	2
53	15	8	19	45	35	3	26	22	9	4	17	50	21	52	38	1	45	36	18	12	7	20	12	24	2
53	15	8	19	45	35	3	26	22	9	4	17	50	21	52	38	1	46	0	4	27	32	19	12	24	2
53	15	8	19	45	35	3	26	22	9	4	17	50	21	52	38	1	50	49	0	3	34	6	12	24	2
53	15	16	36	5	33	1	28	44	46	42	15	1	38	40	20	28	2	46	22	40	1	33	12	24	2
53	15	16	36	5	33	1	28	44	46	42	15	1	38	40	20	28	4	39	37	52	31	12	12	24	2
53	15	16	36	5	33	1	28	44	46	42	15	1	38	40	20	28	8	19	40	15	26	52	12	24	2
53	15	16	36	5	33	1	28	44	46	42	15	1	38	40	20	28	9	25	45	13	45	15	12	24	2
53	15	16	36	5	33	1	28	44	46	42	15	1	38	40	20	28	17	13	5	1	50	26	12	24	2
53	15	16	36	5	33	1	28	44	46	42	15	1	38	40	20	28	18	37	46	38	29	44	12	24	2
53	15	16	36	5	33	1	28	44	46	42	15	1	38	40	20	28	19	22	17	37	43	41	12	24	2
53	15	16	36	5	33	1	28	44	46	42	15	1	38	40	20	28	23	48	2	15	22	9	12	24	2
53	15	16	36	5	33	1	28	44	46	42	15	1	38	40	20	28	27	18	0	29	6	7	12	24	2
53	15	16	36	5	33	1	28	44	46	42	15	1	38	40	20	28	29	26	6	17	21	45	12	24	2
53	15	16	36	5	33	1	28	44	46	42	15	1	38	40	20	28	30	9	41	40	27	29	12	24	2
53	15	16	36	5	33	1	28	44	46	42	15	1	38	40	20	28	34	0	27	11	29	5	12	24	2
53	15	16	36	5	33	1	28	44	46	42	15	1	38	40	20	28	35	3	32	13	13	24	12	24	2
53	15	16	36	5	33	1	28	44	46	42	15	1	38	40	20	28	36	14	19	38	24	19	12	24	2
53	15	16	36	5	33	1	28	44	46	42	15	1	38	40	20	28	38	2	35	25	2	36	12	24	2
53	15	16	36	5	33	1	28	44	46	42	15	1	38	40	20	28	51	32	36	36	45	18	12	24	2
53	15	16	36	5	33	2	28	46	44	42	15	1	38	40	20	28	2	46	22	40	1	33	12	24	2
53	15	16	36	5	33	2	28	46	44	42	15	1	38	40	20	28	4	39	37	52	31	12	12	24	2
53	15	16	36	5	33	2	28	46	44	42	15	1	38	40	20	28	8	19	40	15	26	52	12	24	2
53	15	16	36	5	33	2	28	46	44	42	15	1	38	40	20	28	9	25	45	13	45	15	12	24	2
53	15	16	36	5	33	2	28	46	44	42	15	1	38	40	20	28	17	13	5	1	50	26	12	24	2
53	15	16	36	5	33	2	28	46	44	42	15	1	38	40	20	28	18	37	46	38	29	44	12	24	2
53	15	16	36	5	33	2	28	46	44	42	15	1	38	40	20	28	19	22	17	37	43	41	12	24	2
53	15	16	36	5	33	2	28	46	44	42	15	1	38	40	20	28	23	48	2	15	22	9	12	24	2
53	15	16	36	5	33	2	28	46	44	42	15	1	38	40	20	28	27	18	0	29	6	7	12	24	2
53	15	16	36	5	33	2	28	46	44	42	15	1	38	40	20	28	29	26	6	17	21	45	12	24	2
53	15	16	36	5	33	2	28	46	44	42	15	1	38	40	20	28	30	9	41	40	27	29	12	24	2
53	15	16	36	5	33	2	28	46	44	42	15	1	38	40	20	28	34	0	27	11	29	5	12	24	2
53	15	16	36	5	33	2	28	46	44	42	15	1	38	40	20	28	35	3	32	13	13	24	12	24	2
53	15	16	36	5	33	2	28	46	44	42	15	1	38	40	20	28	36	14	19	38	24	19	12	24	2
53	15	16	36	5	33	2	28	46	44	42	15	1	38	40	20	28	38	2	35	25	2	36	12	24	2
53	15	16	36	5	33	2	28	46	44	42	15	1	38	40	20	28	51	32	36	36	45	18	12	24	2
53	15	16	36	5	33	3	44	46	28	42	15	1	38	40	20	28	2	46	22	40	1	33	12	24	2
53	15	16	36	5	33	3	44	46	28	42	15	1	38	40	20	28	4	39	37	52	31	12	12	24	2
53	15	16	36	5	33	3	44	46	28	42	15	1	38	40	20	28	8	19	40	15	26	52	12	24	2
53	15	16	36	5	33	3	44	46	28	42	15	1	38	40	20	28	9	25	45	13	45	15	12	24	2
53	15	16	36	5	33	3	44	46	28	42	15	1	38	40	20	28	17	13	5	1	50	26	12	24	2
53	15	16	36	5	33	3	44	46	28	42	15	1	38	40	20	28	18	37	46	38	29	44	12	24	2
53	15	16	36	5	33	3	44	46	28	42	15	1	38	40	20	28	19	22	17	37	43	41	12	24	2
53	15	16	36	5	33	3	44	46	28	42	15	1	38	40	20	28	23	48	2	15	22	9	12	24	2
53	15	16	36	5	33	3	44	46	28	42	15	1	38	40	20	28	27	18	0	29	6	7	12	24	2
53	15	16	36	5	33	3	44	46	28	42	15	1	38	40	20	28	29	26	6	17	21	45	12	24	2
53	15	16	36	5	33	3	44	46	28	42	15	1	38	40	20	28	30	9	41	40	27	29	12	24	2
53	15	16	36	5	33	3	44	46	28	42	15	1	38	40	20	28	34	0	27	11	29	5	12	24	2
53	15	16	36	5	33	3	44	46	28	42	15	1	38	40	20	28	35	3	32	13	13	24	12	24	2
53	15	16	36	5	33	3	44	46	28	42	15	1	38	40	20	28	36	14	19	38	24	19	12	24	2
53	15	16	36	5	33	3	44	46	28	42	15	1	38	40	20	28	38	2	35	25	2	36	12	24	2
53	15	16	36	5	33	3	44	46	28	42	15	1	38	40	20	28	51	32	36	36	45	18	12	24	2
53	15	16	36	48	20	1	25	9	7	11	22	20	7	38	7	37	8	22	5	29	10	17	12	24	2
53	15	16	36	48	20	1	25	9	7	11	22	20	7	38	7	37	11	38	49	6	11	3	12	24	2
53	15	16	36	48	20	1	25	9	7	11	22	20	7	38	7	37	12	49	35	10	28	1	12	24	2
53	15	16	36	48	20	1	25	9	7	11	22	20	7	38	7	37	13	33	49	24	42	18	12	24	2
53	15	16	36	48	20	1	25	9	7	11	22	20	7	38	7	37	14	43	4	9	50	48	12	24	2
53	15	16	36	48	20	1	25	9	7	11	22	20	7	38	7	37	16	4	20	25	23	11	12	24	2
53	15	16	36	48	20	1	25	9	7	11	22	20	7	38	7	37	17	11	19	37	48	36	12	24	2
53	15	16	36	48	20	1	25	9	7	11	22	20	7	38	7	37	18	16	47	11	15	38	12	24	2
53	15	16	36	48	20	1	25	9	7	11	22	20	7	38	7	37	24	8	14	1	42	29	12	24	2
53	15	16	36	48	20	1	25	9	7	11	22	20	7	38	7	37	25	29	34	25	26	42	12	24	2
53	15	16	36	48	20	1	25	9	7	11	22	20	7	38	7	37	36	24	45	6	44	50	12	24	2
53	15	16	36	48	20	1	25	9	7	11	22	20	7	38	7	37	38	36	19	29	5	36	12	24	2
53	15	16	36	48	20	1	25	9	7	11	22	20	7	38	7	37	43	29	21	36	20	16	12	24	2
53	15	16	36	48	20	1	25	9	7	11	22	20	7	38	7	37	48	0	48	28	25	32	12	24	2
53	15	16	36	48	20	1	25	9	7	11	22	20	7	38	7	37	51	23	25	4	50	14	12	24	2
53	15	16	36	48	20	1	25	9	7	11	22	20	7	38	7	37	52	1	2	46	23	6	12	24	2
53	15	16	36	48	20	2	25	7	9	11	22	20	7	38	7	37	8	22	5	29	10	17	12	24	2
53	15	16	36	48	20	2	25	7	9	11	22	20	7	38	7	37	11	38	49	6	11	3	12	24	2
53	15	16	36	48	20	2	25	7	9	11	22	20	7	38	7	37	12	49	35	10	28	1	12	24	2
53	15	16	36	48	20	2	25	7	9	11	22	20	7	38	7	37	13	33	49	24	42	18	12	24	2
53	15	16	36	48	20	2	25	7	9	11	22	20	7	38	7	37	14	43	4	9	50	48	12	24	2
53	15	16	36	48	20	2	25	7	9	11	22	20	7	38	7	37	16	4	20	25	23	11	12	24	2
53	15	16	36	48	20	2	25	7	9	11	22	20	7	38	7	37	17	11	19	37	48	36	12	24	2
53	15	16	36	48	20	2	25	7	9	11	22	20	7	38	7	37	18	16	47	11	15	38	12	24	2
53	15	16	36	48	20	2	25	7	9	11	22	20	7	38	7	37	24	8	14	1	42	29	12	24	2
53	15	16	36	48	20	2	25	7	9	11	22	20	7	38	7	37	25	29	34	25	26	42	12	24	2
53	15	16	36	48	20	2	25	7	9	11	22	20	7	38	7	37	36	24	45	6	44	50	12	24	2
53	15	16	36	48	20	2	25	7	9	11	22	20	7	38	7	37	38	36	19	29	5	36	12	24	2
53	15	16	36	48	20	2	25	7	9	11	22	20	7	38	7	37	43	29	21	36	20	16	12	24	2
53	15	16	36	48	20	2	25	7	9	11	22	20	7	38	7	37	48	0	48	28	25	32	12	24	2
53	15	16	36	48	20	2	25	7	9	11	22	20	7	38	7	37	51	23	25	4	50	14	12	24	2
53	15	16	36	48	20	2	25	7	9	11	22	20	7	38	7	37	52	1	2	46	23	6	12	24	2
53	15	16	36	48	20	3	9	7	25	11	22	20	7	38	7	37	8	22	5	29	10	17	12	24	2
53	15	16	36	48	20	3	9	7	25	11	22	20	7	38	7	37	11	38	49	6	11	3	12	24	2
53	15	16	36	48	20	3	9	7	25	11	22	20	7	38	7	37	12	49	35	10	28	1	12	24	2
53	15	16	36	48	20	3	9	7	25	11	22	20	7	38	7	37	13	33	49	24	42	18	12	24	2
53	15	16	36	48	20	3	9	7	25	11	22	20	7	38	7	37	14	43	4	9	50	48	12	24	2
53	15	16	36	48	20	3	9	7	25	11	22	20	7	38	7	37	16	4	20	25	23	11	12	24	2
53	15	16	36	48	20	3	9	7	25	11	22	20	7	38	7	37	17	11	19	37	48	36	12	24	2
53	15	16	36	48	20	3	9	7	25	11	22	20	7	38	7	37	18	16	47	11	15	38	12	24	2
53	15	16	36	48	20	3	9	7	25	11	22	20	7	38	7	37	24	8	14	1	42	29	12	24	2
53	15	16	36	48	20	3	9	7	25	11	22	20	7	38	7	37	25	29	34	25	26	42	12	24	2
53	15	16	36	48	20	3	9	7	25	11	22	20	7	38	7	37	36	24	45	6	44	50	12	24	2
53	15	16	36	48	20	3	9	7	25	11	22	20	7	38	7	37	38	36	19	29	5	36	12	24	2
53	15	16	36	48	20	3	9	7	25	11	22	20	7	38	7	37	43	29	21	36	20	16	12	24	2
53	15	16	36	48	20	3	9	7	25	11	22	20	7	38	7	37	48	0	48	28	25	32	12	24	2
53	15	16	36	48	20	3	9	7	25	11	22	20	7	38	7	37	51	23	25	4	50	14	12	24	2
53	15	16	36	48	20	3	9	7	25	11	22	20	7	38	7	37	52	1	2	46	23	6	12	24	2
53	15	19	8	8	18	1	44	31	27	49	39	18	16	11	10	11	1	15	49	31	1	8	12	24	2
53	15	19	8	8	18	1	44	31	27	49	39	18	16	11	10	11	2	32	4	26	50	33	12	24	2
53	15	19	8	8	18	1	44	31	27	49	39	18	16	11	10	11	5	31	11	30	46	3	12	24	2
53	15	19	8	8	18	1	44	31	27	49	39	18	16	11	10	11	8	20	49	21	37	51	12	24	2
53	15	19	8	8	18	1	44	31	27	49	39	18	16	11	10	11	13	35	19	14	29	25	12	24	2
53	15	19	8	8	18	1	44	31	27	49	39	18	16	11	10	11	33	17	52	39	11	31	12	24	2
53	15	19	8	8	18	1	44	31	27	49	39	18	16	11	10	11	40	14	3	50	13	35	12	24	2
53	15	19	8	8	18	1	44	31	27	49	39	18	16	11	10	11	45	2	33	3	18	10	12	24	2
53	15	19	8	8	18	1	44	31	27	49	39	18	16	11	10	11	47	36	41	14	26	24	12	24	2
53	15	19	8	8	18	1	44	31	27	49	39	18	16	11	10	11	48	49	48	27	42	5	12	24	2
53	15	19	8	8	18	2	44	27	31	49	39	18	16	11	10	11	1	15	49	31	1	8	12	24	2
53	15	19	8	8	18	2	44	27	31	49	39	18	16	11	10	11	2	32	4	26	50	33	12	24	2
53	15	19	8	8	18	2	44	27	31	49	39	18	16	11	10	11	5	31	11	30	46	3	12	24	2
53	15	19	8	8	18	2	44	27	31	49	39	18	16	11	10	11	8	20	49	21	37	51	12	24	2
53	15	19	8	8	18	2	44	27	31	49	39	18	16	11	10	11	13	35	19	14	29	25	12	24	2
53	15	19	8	8	18	2	44	27	31	49	39	18	16	11	10	11	33	17	52	39	11	31	12	24	2
53	15	19	8	8	18	2	44	27	31	49	39	18	16	11	10	11	40	14	3	50	13	35	12	24	2
53	15	19	8	8	18	2	44	27	31	49	39	18	16	11	10	11	45	2	33	3	18	10	12	24	2
53	15	19	8	8	18	2	44	27	31	49	39	18	16	11	10	11	47	36	41	14	26	24	12	24	2
53	15	19	8	8	18	2	44	27	31	49	39	18	16	11	10	11	48	49	48	27	42	5	12	24	2
53	15	19	8	8	18	3	31	27	44	49	39	18	16	11	10	11	1	15	49	31	1	8	12	24	2
53	15	19	8	8	18	3	31	27	44	49	39	18	16	11	10	11	2	32	4	26	50	33	12	24	2
53	15	19	8	8	18	3	31	27	44	49	39	18	16	11	10	11	5	31	11	30	46	3	12	24	2
53	15	19	8	8	18	3	31	27	44	49	39	18	16	11	10	11	8	20	49	21	37	51	12	24	2
53	15	19	8	8	18	3	31	27	44	49	39	18	16	11	10	11	13	35	19	14	29	25	12	24	2
53	15	19	8	8	18	3	31	27	44	49	39	18	16	11	10	11	33	17	52	39	11	31	12	24	2
53	15	19	8	8	18	3	31	27	44	49	39	18	16	11	10	11	40	14	3	50	13	35	12	24	2
53	15	19	8	8	18	3	31	27	44	49	39	18	16	11	10	11	45	2	33	3	18	10	12	24	2
53	15	19	8	8	18	3	31	27	44	49	39	18	16	11	10	11	47	36	41	14	26	24	12	24	2
53	15	19	8	8	18	3	31	27	44	49	39	18	16	11	10	11	48	49	48	27	42	5	12	24	2
53	15	19	8	45	35	1	9	22	26	4	17	50	21	52	38	1	4	8	34	26	49	29	12	24	2
53	15	19	8	45	35	1	9	22	26	4	17	50	21	52	38	1	12	6	34	14	4	25	12	24	2
53	15	19	8	45	35	1	9	22	26	4	17	50	21	52	38	1	21	31	2	5	32	7	12	24	2
53	15	19	8	45	35	1	9	22	26	4	17	50	21	52	38	1	24	44	49	39	19	37	12	24	2
53	15	19	8	45	35	1	9	22	26	4	17	50	21	52	38	1	25	30	5	50	1	11	12	24	2
53	15	19	8	45	35	1	9	22	26	4	17	50	21	52	38	1	27	28	38	23	21	25	12	24	2
53	15	19	8	45	35	1	9	22	26	4	17	50	21	52	38	1	31	23	29	30	10	3	12	24	2
53	15	19	8	45	35	1	9	22	26	4	17	50	21	52	38	1	33	51	21	31	11	41	12	24	2
53	15	19	8	45	35	1	9	22	26	4	17	50	21	52	38	1	34	4	42	41	0	43	12	24	2
53	15	19	8	45	35	1	9	22	26	4	17	50	21	52	38	1	35	9	32	22	47	4	12	24	2
53	15	19	8	45	35	1	9	22	26	4	17	50	21	52	38	1	39	28	40	33	5	30	12	24	2
53	15	19	8	45	35	1	9	22	26	4	17	50	21	52	38	1	42	17	51	19	16	37	12	24	2
53	15	19	8	45	35	1	9	22	26	4	17	50	21	52	38	1	43	7	9	35	28	26	12	24	2
53	15	19	8	45	35	1	9	22	26	4	17	50	21	52	38	1	45	36	18	12	7	20	12	24	2
53	15	19	8	45	35	1	9	22	26	4	17	50	21	52	38	1	46	0	4	27	32	19	12	24	2
53	15	19	8	45	35	1	9	22	26	4	17	50	21	52	38	1	50	49	0	3	34	6	12	24	2
53	15	19	8	45	35	2	9	26	22	4	17	50	21	52	38	1	4	8	34	26	49	29	12	24	2
53	15	19	8	45	35	2	9	26	22	4	17	50	21	52	38	1	12	6	34	14	4	25	12	24	2
53	15	19	8	45	35	2	9	26	22	4	17	50	21	52	38	1	21	31	2	5	32	7	12	24	2
53	15	19	8	45	35	2	9	26	22	4	17	50	21	52	38	1	24	44	49	39	19	37	12	24	2
53	15	19	8	45	35	2	9	26	22	4	17	50	21	52	38	1	25	30	5	50	1	11	12	24	2
53	15	19	8	45	35	2	9	26	22	4	17	50	21	52	38	1	27	28	38	23	21	25	12	24	2
53	15	19	8	45	35	2	9	26	22	4	17	50	21	52	38	1	31	23	29	30	10	3	12	24	2
53	15	19	8	45	35	2	9	26	22	4	17	50	21	52	38	1	33	51	21	31	11	41	12	24	2
53	15	19	8	45	35	2	9	26	22	4	17	50	21	52	38	1	34	4	42	41	0	43	12	24	2
53	15	19	8	45	35	2	9	26	22	4	17	50	21	52	38	1	35	9	32	22	47	4	12	24	2
53	15	19	8	45	35	2	9	26	22	4	17	50	21	52	38	1	39	28	40	33	5	30	12	24	2
53	15	19	8	45	35	2	9	26	22	4	17	50	21	52	38	1	42	17	51	19	16	37	12	24	2
53	15	19	8	45	35	2	9	26	22	4	17	50	21	52	38	1	43	7	9	35	28	26	12	24	2
53	15	19	8	45	35	2	9	26	22	4	17	50	21	52	38	1	45	36	18	12	7	20	12	24	2
53	15	19	8	45	35	2	9	26	22	4	17	50	21	52	38	1	46	0	4	27	32	19	12	24	2
53	15	19	8	45	35	2	9	26	22	4	17	50	21	52	38	1	50	49	0	3	34	6	12	24	2
53	15	19	8	45	35	3	22	26	9	4	17	50	21	52	38	1	4	8	34	26	49	29	12	24	2
53	15	19	8	45	35	3	22	26	9	4	17	50	21	52	38	1	12	6	34	14	4	25	12	24	2
53	15	19	8	45	35	3	22	26	9	4	17	50	21	52	38	1	21	31	2	5	32	7	12	24	2
53	15	19	8	45	35	3	22	26	9	4	17	50	21	52	38	1	24	44	49	39	19	37	12	24	2
53	15	19	8	45	35	3	22	26	9	4	17	50	21	52	38	1	25	30	5	50	1	11	12	24	2
53	15	19	8	45	35	3	22	26	9	4	17	50	21	52	38	1	27	28	38	23	21	25	12	24	2
53	15	19	8	45	35	3	22	26	9	4	17	50	21	52	38	1	31	23	29	30	10	3	12	24	2
53	15	19	8	45	35	3	22	26	9	4	17	50	21	52	38	1	33	51	21	31	11	41	12	24	2
53	15	19	8	45	35	3	22	26	9	4	17	50	21	52	38	1	34	4	42	41	0	43	12	24	2
53	15	19	8	45	35	3	22	26	9	4	17	50	21	52	38	1	35	9	32	22	47	4	12	24	2
53	15	19	8	45	35	3	22	26	9	4	17	50	21	52	38	1	39	28	40	33	5	30	12	24	2
53	15	19	8	45	35	3	22	26	9	4	17	50	21	52	38	1	42	17	51	19	16	37	12	24	2
53	15	19	8	45	35	3	22	26	9	4	17	50	21	52	38	1	43	7	9	35	28	26	12	24	2
53	15	19	8	45	35	3	22	26	9	4	17	50	21	52	38	1	45	36	18	12	7	20	12	24	2
53	15	19	8	45	35	3	22	26	9	4	17	50	21	52	38	1	46	0	4	27	32	19	12	24	2
53	15	19	8	45	35	3	22	26	9	4	17	50	21	52	38	1	50	49	0	3	34	6	12	24	2
53	15	36	16	5	33	1	28	46	44	42	15	1	38	40	20	28	2	46	22	40	1	33	12	24	2
53	15	36	16	5	33	1	28	46	44	42	15	1	38	40	20	28	4	39	37	52	31	12	12	24	2
53	15	36	16	5	33	1	28	46	44	42	15	1	38	40	20	28	8	19	40	15	26	52	12	24	2
53	15	36	16	5	33	1	28	46	44	42	15	1	38	40	20	28	9	25	45	13	45	15	12	24	2
53	15	36	16	5	33	1	28	46	44	42	15	1	38	40	20	28	17	13	5	1	50	26	12	24	2
53	15	36	16	5	33	1	28	46	44	42	15	1	38	40	20	28	18	37	46	38	29	44	12	24	2
53	15	36	16	5	33	1	28	46	44	42	15	1	38	40	20	28	19	22	17	37	43	41	12	24	2
53	15	36	16	5	33	1	28	46	44	42	15	1	38	40	20	28	23	48	2	15	22	9	12	24	2
53	15	36	16	5	33	1	28	46	44	42	15	1	38	40	20	28	27	18	0	29	6	7	12	24	2
53	15	36	16	5	33	1	28	46	44	42	15	1	38	40	20	28	29	26	6	17	21	45	12	24	2
53	15	36	16	5	33	1	28	46	44	42	15	1	38	40	20	28	30	9	41	40	27	29	12	24	2
53	15	36	16	5	33	1	28	46	44	42	15	1	38	40	20	28	34	0	27	11	29	5	12	24	2
53	15	36	16	5	33	1	28	46	44	42	15	1	38	40	20	28	35	3	32	13	13	24	12	24	2
53	15	36	16	5	33	1	28	46	44	42	15	1	38	40	20	28	36	14	19	38	24	19	12	24	2
53	15	36	16	5	33	1	28	46	44	42	15	1	38	40	20	28	38	2	35	25	2	36	12	24	2
53	15	36	16	5	33	1	28	46	44	42	15	1	38	40	20	28	51	32	36	36	45	18	12	24	2
53	15	36	16	5	33	2	28	44	46	42	15	1	38	40	20	28	2	46	22	40	1	33	12	24	2
53	15	36	16	5	33	2	28	44	46	42	15	1	38	40	20	28	4	39	37	52	31	12	12	24	2
53	15	36	16	5	33	2	28	44	46	42	15	1	38	40	20	28	8	19	40	15	26	52	12	24	2
53	15	36	16	5	33	2	28	44	46	42	15	1	38	40	20	28	9	25	45	13	45	15	12	24	2
53	15	36	16	5	33	2	28	44	46	42	15	1	38	40	20	28	17	13	5	1	50	26	12	24	2
53	15	36	16	5	33	2	28	44	46	42	15	1	38	40	20	28	18	37	46	38	29	44	12	24	2
53	15	36	16	5	33	2	28	44	46	42	15	1	38	40	20	28	19	22	17	37	43	41	12	24	2
53	15	36	16	5	33	2	28	44	46	42	15	1	38	40	20	28	23	48	2	15	22	9	12	24	2
53	15	36	16	5	33	2	28	44	46	42	15	1	38	40	20	28	27	18	0	29	6	7	12	24	2
53	15	36	16	5	33	2	28	44	46	42	15	1	38	40	20	28	29	26	6	17	21	45	12	24	2
53	15	36	16	5	33	2	28	44	46	42	15	1	38	40	20	28	30	9	41	40	27	29	12	24	2
53	15	36	16	5	33	2	28	44	46	42	15	1	38	40	20	28	34	0	27	11	29	5	12	24	2
53	15	36	16	5	33	2	28	44	46	42	15	1	38	40	20	28	35	3	32	13	13	24	12	24	2
53	15	36	16	5	33	2	28	44	46	42	15	1	38	40	20	28	36	14	19	38	24	19	12	24	2
53	15	36	16	5	33	2	28	44	46	42	15	1	38	40	20	28	38	2	35	25	2	36	12	24	2
53	15	36	16	5	33	2	28	44	46	42	15	1	38	40	20	28	51	32	36	36	45	18	12	24	2
53	15	36	16	5	33	3	46	44	28	42	15	1	38	40	20	28	2	46	22	40	1	33	12	24	2
53	15	36	16	5	33	3	46	44	28	42	15	1	38	40	20	28	4	39	37	52	31	12	12	24	2
53	15	36	16	5	33	3	46	44	28	42	15	1	38	40	20	28	8	19	40	15	26	52	12	24	2
53	15	36	16	5	33	3	46	44	28	42	15	1	38	40	20	28	9	25	45	13	45	15	12	24	2
53	15	36	16	5	33	3	46	44	28	42	15	1	38	40	20	28	17	13	5	1	50	26	12	24	2
53	15	36	16	5	33	3	46	44	28	42	15	1	38	40	20	28	18	37	46	38	29	44	12	24	2
53	15	36	16	5	33	3	46	44	28	42	15	1	38	40	20	28	19	22	17	37	43	41	12	24	2
53	15	36	16	5	33	3	46	44	28	42	15	1	38	40	20	28	23	48	2	15	22	9	12	24	2
53	15	36	16	5	33	3	46	44	28	42	15	1	38	40	20	28	27	18	0	29	6	7	12	24	2
53	15	36	16	5	33	3	46	44	28	42	15	1	38	40	20	28	29	26	6	17	21	45	12	24	2
53	15	36	16	5	33	3	46	44	28	42	15	1	38	40	20	28	30	9	41	40	27	29	12	24	2
53	15	36	16	5	33	3	46	44	28	42	15	1	38	40	20	28	34	0	27	11	29	5	12	24	2
53	15	36	16	5	33	3	46	44	28	42	15	1	38	40	20	28	35	3	32	13	13	24	12	24	2
53	15	36	16	5	33	3	46	44	28	42	15	1	38	40	20	28	36	14	19	38	24	19	12	24	2
53	15	36	16	5	33	3	46	44	28	42	15	1	38	40	20	28	38	2	35	25	2	36	12	24	2
53	15	36	16	5	33	3	46	44	28	42	15	1	38	40	20	28	51	32	36	36	45	18	12	24	2
53	15	36	16	48	20	1	25	7	9	11	22	20	7	38	7	37	8	22	5	29	10	17	12	24	2
53	15	36	16	48	20	1	25	7	9	11	22	20	7	38	7	37	11	38	49	6	11	3	12	24	2
53	15	36	16	48	20	1	25	7	9	11	22	20	7	38	7	37	12	49	35	10	28	1	12	24	2
53	15	36	16	48	20	1	25	7	9	11	22	20	7	38	7	37	13	33	49	24	42	18	12	24	2
53	15	36	16	48	20	1	25	7	9	11	22	20	7	38	7	37	14	43	4	9	50	48	12	24	2
53	15	36	16	48	20	1	25	7	9	11	22	20	7	38	7	37	16	4	20	25	23	11	12	24	2
53	15	36	16	48	20	1	25	7	9	11	22	20	7	38	7	37	17	11	19	37	48	36	12	24	2
53	15	36	16	48	20	1	25	7	9	11	22	20	7	38	7	37	18	16	47	11	15	38	12	24	2
53	15	36	16	48	20	1	25	7	9	11	22	20	7	38	7	37	24	8	14	1	42	29	12	24	2
53	15	36	16	48	20	1	25	7	9	11	22	20	7	38	7	37	25	29	34	25	26	42	12	24	2
53	15	36	16	48	20	1	25	7	9	11	22	20	7	38	7	37	36	24	45	6	44	50	12	24	2
53	15	36	16	48	20	1	25	7	9	11	22	20	7	38	7	37	38	36	19	29	5	36	12	24	2
53	15	36	16	48	20	1	25	7	9	11	22	20	7	38	7	37	43	29	21	36	20	16	12	24	2
53	15	36	16	48	20	1	25	7	9	11	22	20	7	38	7	37	48	0	48	28	25	32	12	24	2
53	15	36	16	48	20	1	25	7	9	11	22	20	7	38	7	37	51	23	25	4	50	14	12	24	2
53	15	36	16	48	20	1	25	7	9	11	22	20	7	38	7	37	52	1	2	46	23	6	12	24	2
53	15	36	16	48	20	2	25	9	7	11	22	20	7	38	7	37	8	22	5	29	10	17	12	24	2
53	15	36	16	48	20	2	25	9	7	11	22	20	7	38	7	37	11	38	49	6	11	3	12	24	2
53	15	36	16	48	20	2	25	9	7	11	22	20	7	38	7	37	12	49	35	10	28	1	12	24	2
53	15	36	16	48	20	2	25	9	7	11	22	20	7	38	7	37	13	33	49	24	42	18	12	24	2
53	15	36	16	48	20	2	25	9	7	11	22	20	7	38	7	37	14	43	4	9	50	48	12	24	2
53	15	36	16	48	20	2	25	9	7	11	22	20	7	38	7	37	16	4	20	25	23	11	12	24	2
53	15	36	16	48	20	2	25	9	7	11	22	20	7	38	7	37	17	11	19	37	48	36	12	24	2
53	15	36	16	48	20	2	25	9	7	11	22	20	7	38	7	37	18	16	47	11	15	38	12	24	2
53	15	36	16	48	20	2	25	9	7	11	22	20	7	38	7	37	24	8	14	1	42	29	12	24	2
53	15	36	16	48	20	2	25	9	7	11	22	20	7	38	7	37	25	29	34	25	26	42	12	24	2
53	15	36	16	48	20	2	25	9	7	11	22	20	7	38	7	37	36	24	45	6	44	50	12	24	2
53	15	36	16	48	20	2	25	9	7	11	22	20	7	38	7	37	38	36	19	29	5	36	12	24	2
53	15	36	16	48	20	2	25	9	7	11	22	20	7	38	7	37	43	29	21	36	20	16	12	24	2
53	15	36	16	48	20	2	25	9	7	11	22	20	7	38	7	37	48	0	48	28	25	32	12	24	2
53	15	36	16	48	20	2	25	9	7	11	22	20	7	38	7	37	51	23	25	4	50	14	12	24	2
53	15	36	16	48	20	2	25	9	7	11	22	20	7	38	7	37	52	1	2	46	23	6	12	24	2
53	15	36	16	48	20	3	7	9	25	11	22	20	7	38	7	37	8	22	5	29	10	17	12	24	2
53	15	36	16	48	20	3	7	9	25	11	22	20	7	38	7	37	11	38	49	6	11	3	12	24	2
53	15	36	16	48	20	3	7	9	25	11	22	20	7	38	7	37	12	49	35	10	28	1	12	24	2
53	15	36	16	48	20	3	7	9	25	11	22	20	7	38	7	37	13	33	49	24	42	18	12	24	2
53	15	36	16	48	20	3	7	9	25	11	22	20	7	38	7	37	14	43	4	9	50	48	12	24	2
53	15	36	16	48	20	3	7	9	25	11	22	20	7	38	7	37	16	4	20	25	23	11	12	24	2
53	15	36	16	48	20	3	7	9	25	11	22	20	7	38	7	37	17	11	19	37	48	36	12	24	2
53	15	36	16	48	20	3	7	9	25	11	22	20	7	38	7	37	18	16	47	11	15	38	12	24	2
53	15	36	16	48	20	3	7	9	25	11	22	20	7	38	7	37	24	8	14	1	42	29	12	24	2
53	15	36	16	48	20	3	7	9	25	11	22	20	7	38	7	37	25	29	34	25	26	42	12	24	2
53	15	36	16	48	20	3	7	9	25	11	22	20	7	38	7	37	36	24	45	6	44	50	12	24	2
53	15	36	16	48	20	3	7	9	25	11	22	20	7	38	7	37	38	36	19	29	5	36	12	24	2
53	15	36	16	48	20	3	7	9	25	11	22	20	7	38	7	37	43	29	21	36	20	16	12	24	2
53	15	36	16	48	20	3	7	9	25	11	22	20	7	38	7	37	48	0	48	28	25	32	12	24	2
53	15	36	16	48	20	3	7	9	25	11	22	20	7	38	7	37	51	23	25	4	50	14	12	24	2
53	15	36	16	48	20	3	7	9	25	11	22	20	7	38	7	37	52	1	2	46	23	6	12	24	2
53	16	15	36	5	33	1	44	28	46	42	15	1	38	40	20	28	2	46	22	40	1	33	12	24	2
53	16	15	36	5	33	1	44	28	46	42	15	1	38	40	20	28	4	39	37	52	31	12	12	24	2
53	16	15	36	5	33	1	44	28	46	42	15	1	38	40	20	28	8	19	40	15	26	52	12	24	2
53	16	15	36	5	33	1	44	28	46	42	15	1	38	40	20	28	9	25	45	13	45	15	12	24	2
53	16	15	36	5	33	1	44	28	46	42	15	1	38	40	20	28	17	13	5	1	50	26	12	24	2
53	16	15	36	5	33	1	44	28	46	42	15	1	38	40	20	28	18	37	46	38	29	44	12	24	2
53	16	15	36	5	33	1	44	28	46	42	15	1	38	40	20	28	19	22	17	37	43	41	12	24	2
53	16	15	36	5	33	1	44	28	46	42	15	1	38	40	20	28	23	48	2	15	22	9	12	24	2
53	16	15	36	5	33	1	44	28	46	42	15	1	38	40	20	28	27	18	0	29	6	7	12	24	2
53	16	15	36	5	33	1	44	28	46	42	15	1	38	40	20	28	29	26	6	17	21	45	12	24	2
53	16	15	36	5	33	1	44	28	46	42	15	1	38	40	20	28	30	9	41	40	27	29	12	24	2
53	16	15	36	5	33	1	44	28	46	42	15	1	38	40	20	28	34	0	27	11	29	5	12	24	2
53	16	15	36	5	33	1	44	28	46	42	15	1	38	40	20	28	35	3	32	13	13	24	12	24	2
53	16	15	36	5	33	1	44	28	46	42	15	1	38	40	20	28	36	14	19	38	24	19	12	24	2
53	16	15	36	5	33	1	44	28	46	42	15	1	38	40	20	28	38	2	35	25	2	36	12	24	2
53	16	15	36	5	33	1	44	28	46	42	15	1	38	40	20	28	51	32	36	36	45	18	12	24	2
53	16	15	36	5	33	2	44	46	28	42	15	1	38	40	20	28	2	46	22	40	1	33	12	24	2
53	16	15	36	5	33	2	44	46	28	42	15	1	38	40	20	28	4	39	37	52	31	12	12	24	2
53	16	15	36	5	33	2	44	46	28	42	15	1	38	40	20	28	8	19	40	15	26	52	12	24	2
53	16	15	36	5	33	2	44	46	28	42	15	1	38	40	20	28	9	25	45	13	45	15	12	24	2
53	16	15	36	5	33	2	44	46	28	42	15	1	38	40	20	28	17	13	5	1	50	26	12	24	2
53	16	15	36	5	33	2	44	46	28	42	15	1	38	40	20	28	18	37	46	38	29	44	12	24	2
53	16	15	36	5	33	2	44	46	28	42	15	1	38	40	20	28	19	22	17	37	43	41	12	24	2
53	16	15	36	5	33	2	44	46	28	42	15	1	38	40	20	28	23	48	2	15	22	9	12	24	2
53	16	15	36	5	33	2	44	46	28	42	15	1	38	40	20	28	27	18	0	29	6	7	12	24	2
53	16	15	36	5	33	2	44	46	28	42	15	1	38	40	20	28	29	26	6	17	21	45	12	24	2
53	16	15	36	5	33	2	44	46	28	42	15	1	38	40	20	28	30	9	41	40	27	29	12	24	2
53	16	15	36	5	33	2	44	46	28	42	15	1	38	40	20	28	34	0	27	11	29	5	12	24	2
53	16	15	36	5	33	2	44	46	28	42	15	1	38	40	20	28	35	3	32	13	13	24	12	24	2
53	16	15	36	5	33	2	44	46	28	42	15	1	38	40	20	28	36	14	19	38	24	19	12	24	2
53	16	15	36	5	33	2	44	46	28	42	15	1	38	40	20	28	38	2	35	25	2	36	12	24	2
53	16	15	36	5	33	2	44	46	28	42	15	1	38	40	20	28	51	32	36	36	45	18	12	24	2
53	16	15	36	5	33	3	28	46	44	42	15	1	38	40	20	28	2	46	22	40	1	33	12	24	2
53	16	15	36	5	33	3	28	46	44	42	15	1	38	40	20	28	4	39	37	52	31	12	12	24	2
53	16	15	36	5	33	3	28	46	44	42	15	1	38	40	20	28	8	19	40	15	26	52	12	24	2
53	16	15	36	5	33	3	28	46	44	42	15	1	38	40	20	28	9	25	45	13	45	15	12	24	2
53	16	15	36	5	33	3	28	46	44	42	15	1	38	40	20	28	17	13	5	1	50	26	12	24	2
53	16	15	36	5	33	3	28	46	44	42	15	1	38	40	20	28	18	37	46	38	29	44	12	24	2
53	16	15	36	5	33	3	28	46	44	42	15	1	38	40	20	28	19	22	17	37	43	41	12	24	2
53	16	15	36	5	33	3	28	46	44	42	15	1	38	40	20	28	23	48	2	15	22	9	12	24	2
53	16	15	36	5	33	3	28	46	44	42	15	1	38	40	20	28	27	18	0	29	6	7	12	24	2
53	16	15	36	5	33	3	28	46	44	42	15	1	38	40	20	28	29	26	6	17	21	45	12	24	2
53	16	15	36	5	33	3	28	46	44	42	15	1	38	40	20	28	30	9	41	40	27	29	12	24	2
53	16	15	36	5	33	3	28	46	44	42	15	1	38	40	20	28	34	0	27	11	29	5	12	24	2
53	16	15	36	5	33	3	28	46	44	42	15	1	38	40	20	28	35	3	32	13	13	24	12	24	2
53	16	15	36	5	33	3	28	46	44	42	15	1	38	40	20	28	36	14	19	38	24	19	12	24	2
53	16	15	36	5	33	3	28	46	44	42	15	1	38	40	20	28	38	2	35	25	2	36	12	24	2
53	16	15	36	5	33	3	28	46	44	42	15	1	38	40	20	28	51	32	36	36	45	18	12	24	2
53	16	15	36	48	20	1	9	25	7	11	22	20	7	38	7	37	8	22	5	29	10	17	12	24	2
53	16	15	36	48	20	1	9	25	7	11	22	20	7	38	7	37	11	38	49	6	11	3	12	24	2
53	16	15	36	48	20	1	9	25	7	11	22	20	7	38	7	37	12	49	35	10	28	1	12	24	2
53	16	15	36	48	20	1	9	25	7	11	22	20	7	38	7	37	13	33	49	24	42	18	12	24	2
53	16	15	36	48	20	1	9	25	7	11	22	20	7	38	7	37	14	43	4	9	50	48	12	24	2
53	16	15	36	48	20	1	9	25	7	11	22	20	7	38	7	37	16	4	20	25	23	11	12	24	2
53	16	15	36	48	20	1	9	25	7	11	22	20	7	38	7	37	17	11	19	37	48	36	12	24	2
53	16	15	36	48	20	1	9	25	7	11	22	20	7	38	7	37	18	16	47	11	15	38	12	24	2
53	16	15	36	48	20	1	9	25	7	11	22	20	7	38	7	37	24	8	14	1	42	29	12	24	2
53	16	15	36	48	20	1	9	25	7	11	22	20	7	38	7	37	25	29	34	25	26	42	12	24	2
53	16	15	36	48	20	1	9	25	7	11	22	20	7	38	7	37	36	24	45	6	44	50	12	24	2
53	16	15	36	48	20	1	9	25	7	11	22	20	7	38	7	37	38	36	19	29	5	36	12	24	2
53	16	15	36	48	20	1	9	25	7	11	22	20	7	38	7	37	43	29	21	36	20	16	12	24	2
53	16	15	36	48	20	1	9	25	7	11	22	20	7	38	7	37	48	0	48	28	25	32	12	24	2
53	16	15	36	48	20	1	9	25	7	11	22	20	7	38	7	37	51	23	25	4	50	14	12	24	2
53	16	15	36	48	20	1	9	25	7	11	22	20	7	38	7	37	52	1	2	46	23	6	12	24	2
53	16	15	36	48	20	2	9	7	25	11	22	20	7	38	7	37	8	22	5	29	10	17	12	24	2
53	16	15	36	48	20	2	9	7	25	11	22	20	7	38	7	37	11	38	49	6	11	3	12	24	2
53	16	15	36	48	20	2	9	7	25	11	22	20	7	38	7	37	12	49	35	10	28	1	12	24	2
53	16	15	36	48	20	2	9	7	25	11	22	20	7	38	7	37	13	33	49	24	42	18	12	24	2
53	16	15	36	48	20	2	9	7	25	11	22	20	7	38	7	37	14	43	4	9	50	48	12	24	2
53	16	15	36	48	20	2	9	7	25	11	22	20	7	38	7	37	16	4	20	25	23	11	12	24	2
53	16	15	36	48	20	2	9	7	25	11	22	20	7	38	7	37	17	11	19	37	48	36	12	24	2
53	16	15	36	48	20	2	9	7	25	11	22	20	7	38	7	37	18	16	47	11	15	38	12	24	2
53	16	15	36	48	20	2	9	7	25	11	22	20	7	38	7	37	24	8	14	1	42	29	12	24	2
53	16	15	36	48	20	2	9	7	25	11	22	20	7	38	7	37	25	29	34	25	26	42	12	24	2
53	16	15	36	48	20	2	9	7	25	11	22	20	7	38	7	37	36	24	45	6	44	50	12	24	2
53	16	15	36	48	20	2	9	7	25	11	22	20	7	38	7	37	38	36	19	29	5	36	12	24	2
53	16	15	36	48	20	2	9	7	25	11	22	20	7	38	7	37	43	29	21	36	20	16	12	24	2
53	16	15	36	48	20	2	9	7	25	11	22	20	7	38	7	37	48	0	48	28	25	32	12	24	2
53	16	15	36	48	20	2	9	7	25	11	22	20	7	38	7	37	51	23	25	4	50	14	12	24	2
53	16	15	36	48	20	2	9	7	25	11	22	20	7	38	7	37	52	1	2	46	23	6	12	24	2
53	16	15	36	48	20	3	25	7	9	11	22	20	7	38	7	37	8	22	5	29	10	17	12	24	2
53	16	15	36	48	20	3	25	7	9	11	22	20	7	38	7	37	11	38	49	6	11	3	12	24	2
53	16	15	36	48	20	3	25	7	9	11	22	20	7	38	7	37	12	49	35	10	28	1	12	24	2
53	16	15	36	48	20	3	25	7	9	11	22	20	7	38	7	37	13	33	49	24	42	18	12	24	2
53	16	15	36	48	20	3	25	7	9	11	22	20	7	38	7	37	14	43	4	9	50	48	12	24	2
53	16	15	36	48	20	3	25	7	9	11	22	20	7	38	7	37	16	4	20	25	23	11	12	24	2
53	16	15	36	48	20	3	25	7	9	11	22	20	7	38	7	37	17	11	19	37	48	36	12	24	2
53	16	15	36	48	20	3	25	7	9	11	22	20	7	38	7	37	18	16	47	11	15	38	12	24	2
53	16	15	36	48	20	3	25	7	9	11	22	20	7	38	7	37	24	8	14	1	42	29	12	24	2
53	16	15	36	48	20	3	25	7	9	11	22	20	7	38	7	37	25	29	34	25	26	42	12	24	2
53	16	15	36	48	20	3	25	7	9	11	22	20	7	38	7	37	36	24	45	6	44	50	12	24	2
53	16	15	36	48	20	3	25	7	9	11	22	20	7	38	7	37	38	36	19	29	5	36	12	24	2
53	16	15	36	48	20	3	25	7	9	11	22	20	7	38	7	37	43	29	21	36	20	16	12	24	2
53	16	15	36	48	20	3	25	7	9	11	22	20	7	38	7	37	48	0	48	28	25	32	12	24	2
53	16	15	36	48	20	3	25	7	9	11	22	20	7	38	7	37	51	23	25	4	50	14	12	24	2
53	16	15	36	48	20	3	25	7	9	11	22	20	7	38	7	37	52	1	2	46	23	6	12	24	2
53	16	17	38	5	33	1	44	7	25	42	15	14	7	10	9	40	1	0	3	52	45	9	12	24	2
53	16	17	38	5	33	1	44	7	25	42	15	14	7	10	9	40	2	18	19	16	28	2	12	24	2
53	16	17	38	5	33	1	44	7	25	42	15	14	7	10	9	40	3	51	44	9	12	23	12	24	2
53	16	17	38	5	33	1	44	7	25	42	15	14	7	10	9	40	4	32	33	42	10	8	12	24	2
53	16	17	38	5	33	1	44	7	25	42	15	14	7	10	9	40	6	12	18	17	37	35	12	24	2
53	16	17	38	5	33	1	44	7	25	42	15	14	7	10	9	40	8	44	21	25	18	46	12	24	2
53	16	17	38	5	33	1	44	7	25	42	15	14	7	10	9	40	14	51	50	17	7	47	12	24	2
53	16	17	38	5	33	1	44	7	25	42	15	14	7	10	9	40	15	5	50	29	41	6	12	24	2
53	16	17	38	5	33	1	44	7	25	42	15	14	7	10	9	40	16	42	29	9	19	36	12	24	2
53	16	17	38	5	33	1	44	7	25	42	15	14	7	10	9	40	20	23	23	52	40	27	12	24	2
53	16	17	38	5	33	1	44	7	25	42	15	14	7	10	9	40	27	1	30	24	47	16	12	24	2
53	16	17	38	5	33	1	44	7	25	42	15	14	7	10	9	40	27	4	36	4	6	37	12	24	2
53	16	17	38	5	33	1	44	7	25	42	15	14	7	10	9	40	28	40	27	28	8	52	12	24	2
53	16	17	38	5	33	1	44	7	25	42	15	14	7	10	9	40	32	27	20	52	44	26	12	24	2
53	16	17	38	5	33	1	44	7	25	42	15	14	7	10	9	40	38	21	20	4	14	31	12	24	2
53	16	17	38	5	33	1	44	7	25	42	15	14	7	10	9	40	40	13	21	17	35	18	12	24	2
53	16	17	38	5	33	2	44	25	7	42	15	14	7	10	9	40	1	0	3	52	45	9	12	24	2
53	16	17	38	5	33	2	44	25	7	42	15	14	7	10	9	40	2	18	19	16	28	2	12	24	2
53	16	17	38	5	33	2	44	25	7	42	15	14	7	10	9	40	3	51	44	9	12	23	12	24	2
53	16	17	38	5	33	2	44	25	7	42	15	14	7	10	9	40	4	32	33	42	10	8	12	24	2
53	16	17	38	5	33	2	44	25	7	42	15	14	7	10	9	40	6	12	18	17	37	35	12	24	2
53	16	17	38	5	33	2	44	25	7	42	15	14	7	10	9	40	8	44	21	25	18	46	12	24	2
53	16	17	38	5	33	2	44	25	7	42	15	14	7	10	9	40	14	51	50	17	7	47	12	24	2
53	16	17	38	5	33	2	44	25	7	42	15	14	7	10	9	40	15	5	50	29	41	6	12	24	2
53	16	17	38	5	33	2	44	25	7	42	15	14	7	10	9	40	16	42	29	9	19	36	12	24	2
53	16	17	38	5	33	2	44	25	7	42	15	14	7	10	9	40	20	23	23	52	40	27	12	24	2
53	16	17	38	5	33	2	44	25	7	42	15	14	7	10	9	40	27	1	30	24	47	16	12	24	2
53	16	17	38	5	33	2	44	25	7	42	15	14	7	10	9	40	27	4	36	4	6	37	12	24	2
53	16	17	38	5	33	2	44	25	7	42	15	14	7	10	9	40	28	40	27	28	8	52	12	24	2
53	16	17	38	5	33	2	44	25	7	42	15	14	7	10	9	40	32	27	20	52	44	26	12	24	2
53	16	17	38	5	33	2	44	25	7	42	15	14	7	10	9	40	38	21	20	4	14	31	12	24	2
53	16	17	38	5	33	2	44	25	7	42	15	14	7	10	9	40	40	13	21	17	35	18	12	24	2
53	16	17	38	5	33	3	7	25	44	42	15	14	7	10	9	40	1	0	3	52	45	9	12	24	2
53	16	17	38	5	33	3	7	25	44	42	15	14	7	10	9	40	2	18	19	16	28	2	12	24	2
53	16	17	38	5	33	3	7	25	44	42	15	14	7	10	9	40	3	51	44	9	12	23	12	24	2
53	16	17	38	5	33	3	7	25	44	42	15	14	7	10	9	40	4	32	33	42	10	8	12	24	2
53	16	17	38	5	33	3	7	25	44	42	15	14	7	10	9	40	6	12	18	17	37	35	12	24	2
53	16	17	38	5	33	3	7	25	44	42	15	14	7	10	9	40	8	44	21	25	18	46	12	24	2
53	16	17	38	5	33	3	7	25	44	42	15	14	7	10	9	40	14	51	50	17	7	47	12	24	2
53	16	17	38	5	33	3	7	25	44	42	15	14	7	10	9	40	15	5	50	29	41	6	12	24	2
53	16	17	38	5	33	3	7	25	44	42	15	14	7	10	9	40	16	42	29	9	19	36	12	24	2
53	16	17	38	5	33	3	7	25	44	42	15	14	7	10	9	40	20	23	23	52	40	27	12	24	2
53	16	17	38	5	33	3	7	25	44	42	15	14	7	10	9	40	27	1	30	24	47	16	12	24	2
53	16	17	38	5	33	3	7	25	44	42	15	14	7	10	9	40	27	4	36	4	6	37	12	24	2
53	16	17	38	5	33	3	7	25	44	42	15	14	7	10	9	40	28	40	27	28	8	52	12	24	2
53	16	17	38	5	33	3	7	25	44	42	15	14	7	10	9	40	32	27	20	52	44	26	12	24	2
53	16	17	38	5	33	3	7	25	44	42	15	14	7	10	9	40	38	21	20	4	14	31	12	24	2
53	16	17	38	5	33	3	7	25	44	42	15	14	7	10	9	40	40	13	21	17	35	18	12	24	2
53	16	17	38	48	20	1	9	46	28	11	1	36	5	46	52	28	5	38	44	36	8	45	12	24	2
53	16	17	38	48	20	1	9	46	28	11	1	36	5	46	52	28	6	5	7	4	46	32	12	24	2
53	16	17	38	48	20	1	9	46	28	11	1	36	5	46	52	28	7	13	13	7	5	27	12	24	2
53	16	17	38	48	20	1	9	46	28	11	1	36	5	46	52	28	11	29	52	37	33	33	12	24	2
53	16	17	38	48	20	1	9	46	28	11	1	36	5	46	52	28	15	3	10	9	36	34	12	24	2
53	16	17	38	48	20	1	9	46	28	11	1	36	5	46	52	28	17	51	11	4	8	19	12	24	2
53	16	17	38	48	20	1	9	46	28	11	1	36	5	46	52	28	18	18	52	1	35	12	12	24	2
53	16	17	38	48	20	1	9	46	28	11	1	36	5	46	52	28	24	13	11	9	45	50	12	24	2
53	16	17	38	48	20	1	9	46	28	11	1	36	5	46	52	28	39	36	39	17	2	24	12	24	2
53	16	17	38	48	20	1	9	46	28	11	1	36	5	46	52	28	50	37	49	52	23	9	12	24	2
53	16	17	38	48	20	2	9	28	46	11	1	36	5	46	52	28	5	38	44	36	8	45	12	24	2
53	16	17	38	48	20	2	9	28	46	11	1	36	5	46	52	28	6	5	7	4	46	32	12	24	2
53	16	17	38	48	20	2	9	28	46	11	1	36	5	46	52	28	7	13	13	7	5	27	12	24	2
53	16	17	38	48	20	2	9	28	46	11	1	36	5	46	52	28	11	29	52	37	33	33	12	24	2
53	16	17	38	48	20	2	9	28	46	11	1	36	5	46	52	28	15	3	10	9	36	34	12	24	2
53	16	17	38	48	20	2	9	28	46	11	1	36	5	46	52	28	17	51	11	4	8	19	12	24	2
53	16	17	38	48	20	2	9	28	46	11	1	36	5	46	52	28	18	18	52	1	35	12	12	24	2
53	16	17	38	48	20	2	9	28	46	11	1	36	5	46	52	28	24	13	11	9	45	50	12	24	2
53	16	17	38	48	20	2	9	28	46	11	1	36	5	46	52	28	39	36	39	17	2	24	12	24	2
53	16	17	38	48	20	2	9	28	46	11	1	36	5	46	52	28	50	37	49	52	23	9	12	24	2
53	16	17	38	48	20	3	46	28	9	11	1	36	5	46	52	28	5	38	44	36	8	45	12	24	2
53	16	17	38	48	20	3	46	28	9	11	1	36	5	46	52	28	6	5	7	4	46	32	12	24	2
53	16	17	38	48	20	3	46	28	9	11	1	36	5	46	52	28	7	13	13	7	5	27	12	24	2
53	16	17	38	48	20	3	46	28	9	11	1	36	5	46	52	28	11	29	52	37	33	33	12	24	2
53	16	17	38	48	20	3	46	28	9	11	1	36	5	46	52	28	15	3	10	9	36	34	12	24	2
53	16	17	38	48	20	3	46	28	9	11	1	36	5	46	52	28	17	51	11	4	8	19	12	24	2
53	16	17	38	48	20	3	46	28	9	11	1	36	5	46	52	28	18	18	52	1	35	12	12	24	2
53	16	17	38	48	20	3	46	28	9	11	1	36	5	46	52	28	24	13	11	9	45	50	12	24	2
53	16	17	38	48	20	3	46	28	9	11	1	36	5	46	52	28	39	36	39	17	2	24	12	24	2
53	16	17	38	48	20	3	46	28	9	11	1	36	5	46	52	28	50	37	49	52	23	9	12	24	2
53	16	36	15	5	33	1	44	46	28	42	15	1	38	40	20	28	2	46	22	40	1	33	12	24	2
53	16	36	15	5	33	1	44	46	28	42	15	1	38	40	20	28	4	39	37	52	31	12	12	24	2
53	16	36	15	5	33	1	44	46	28	42	15	1	38	40	20	28	8	19	40	15	26	52	12	24	2
53	16	36	15	5	33	1	44	46	28	42	15	1	38	40	20	28	9	25	45	13	45	15	12	24	2
53	16	36	15	5	33	1	44	46	28	42	15	1	38	40	20	28	17	13	5	1	50	26	12	24	2
53	16	36	15	5	33	1	44	46	28	42	15	1	38	40	20	28	18	37	46	38	29	44	12	24	2
53	16	36	15	5	33	1	44	46	28	42	15	1	38	40	20	28	19	22	17	37	43	41	12	24	2
53	16	36	15	5	33	1	44	46	28	42	15	1	38	40	20	28	23	48	2	15	22	9	12	24	2
53	16	36	15	5	33	1	44	46	28	42	15	1	38	40	20	28	27	18	0	29	6	7	12	24	2
53	16	36	15	5	33	1	44	46	28	42	15	1	38	40	20	28	29	26	6	17	21	45	12	24	2
53	16	36	15	5	33	1	44	46	28	42	15	1	38	40	20	28	30	9	41	40	27	29	12	24	2
53	16	36	15	5	33	1	44	46	28	42	15	1	38	40	20	28	34	0	27	11	29	5	12	24	2
53	16	36	15	5	33	1	44	46	28	42	15	1	38	40	20	28	35	3	32	13	13	24	12	24	2
53	16	36	15	5	33	1	44	46	28	42	15	1	38	40	20	28	36	14	19	38	24	19	12	24	2
53	16	36	15	5	33	1	44	46	28	42	15	1	38	40	20	28	38	2	35	25	2	36	12	24	2
53	16	36	15	5	33	1	44	46	28	42	15	1	38	40	20	28	51	32	36	36	45	18	12	24	2
53	16	36	15	5	33	2	44	28	46	42	15	1	38	40	20	28	2	46	22	40	1	33	12	24	2
53	16	36	15	5	33	2	44	28	46	42	15	1	38	40	20	28	4	39	37	52	31	12	12	24	2
53	16	36	15	5	33	2	44	28	46	42	15	1	38	40	20	28	8	19	40	15	26	52	12	24	2
53	16	36	15	5	33	2	44	28	46	42	15	1	38	40	20	28	9	25	45	13	45	15	12	24	2
53	16	36	15	5	33	2	44	28	46	42	15	1	38	40	20	28	17	13	5	1	50	26	12	24	2
53	16	36	15	5	33	2	44	28	46	42	15	1	38	40	20	28	18	37	46	38	29	44	12	24	2
53	16	36	15	5	33	2	44	28	46	42	15	1	38	40	20	28	19	22	17	37	43	41	12	24	2
53	16	36	15	5	33	2	44	28	46	42	15	1	38	40	20	28	23	48	2	15	22	9	12	24	2
53	16	36	15	5	33	2	44	28	46	42	15	1	38	40	20	28	27	18	0	29	6	7	12	24	2
53	16	36	15	5	33	2	44	28	46	42	15	1	38	40	20	28	29	26	6	17	21	45	12	24	2
53	16	36	15	5	33	2	44	28	46	42	15	1	38	40	20	28	30	9	41	40	27	29	12	24	2
53	16	36	15	5	33	2	44	28	46	42	15	1	38	40	20	28	34	0	27	11	29	5	12	24	2
53	16	36	15	5	33	2	44	28	46	42	15	1	38	40	20	28	35	3	32	13	13	24	12	24	2
53	16	36	15	5	33	2	44	28	46	42	15	1	38	40	20	28	36	14	19	38	24	19	12	24	2
53	16	36	15	5	33	2	44	28	46	42	15	1	38	40	20	28	38	2	35	25	2	36	12	24	2
53	16	36	15	5	33	2	44	28	46	42	15	1	38	40	20	28	51	32	36	36	45	18	12	24	2
53	16	36	15	5	33	3	46	28	44	42	15	1	38	40	20	28	2	46	22	40	1	33	12	24	2
53	16	36	15	5	33	3	46	28	44	42	15	1	38	40	20	28	4	39	37	52	31	12	12	24	2
53	16	36	15	5	33	3	46	28	44	42	15	1	38	40	20	28	8	19	40	15	26	52	12	24	2
53	16	36	15	5	33	3	46	28	44	42	15	1	38	40	20	28	9	25	45	13	45	15	12	24	2
53	16	36	15	5	33	3	46	28	44	42	15	1	38	40	20	28	17	13	5	1	50	26	12	24	2
53	16	36	15	5	33	3	46	28	44	42	15	1	38	40	20	28	18	37	46	38	29	44	12	24	2
53	16	36	15	5	33	3	46	28	44	42	15	1	38	40	20	28	19	22	17	37	43	41	12	24	2
53	16	36	15	5	33	3	46	28	44	42	15	1	38	40	20	28	23	48	2	15	22	9	12	24	2
53	16	36	15	5	33	3	46	28	44	42	15	1	38	40	20	28	27	18	0	29	6	7	12	24	2
53	16	36	15	5	33	3	46	28	44	42	15	1	38	40	20	28	29	26	6	17	21	45	12	24	2
53	16	36	15	5	33	3	46	28	44	42	15	1	38	40	20	28	30	9	41	40	27	29	12	24	2
53	16	36	15	5	33	3	46	28	44	42	15	1	38	40	20	28	34	0	27	11	29	5	12	24	2
53	16	36	15	5	33	3	46	28	44	42	15	1	38	40	20	28	35	3	32	13	13	24	12	24	2
53	16	36	15	5	33	3	46	28	44	42	15	1	38	40	20	28	36	14	19	38	24	19	12	24	2
53	16	36	15	5	33	3	46	28	44	42	15	1	38	40	20	28	38	2	35	25	2	36	12	24	2
53	16	36	15	5	33	3	46	28	44	42	15	1	38	40	20	28	51	32	36	36	45	18	12	24	2
53	16	36	15	48	20	1	9	7	25	11	22	20	7	38	7	37	8	22	5	29	10	17	12	24	2
53	16	36	15	48	20	1	9	7	25	11	22	20	7	38	7	37	11	38	49	6	11	3	12	24	2
53	16	36	15	48	20	1	9	7	25	11	22	20	7	38	7	37	12	49	35	10	28	1	12	24	2
53	16	36	15	48	20	1	9	7	25	11	22	20	7	38	7	37	13	33	49	24	42	18	12	24	2
53	16	36	15	48	20	1	9	7	25	11	22	20	7	38	7	37	14	43	4	9	50	48	12	24	2
53	16	36	15	48	20	1	9	7	25	11	22	20	7	38	7	37	16	4	20	25	23	11	12	24	2
53	16	36	15	48	20	1	9	7	25	11	22	20	7	38	7	37	17	11	19	37	48	36	12	24	2
53	16	36	15	48	20	1	9	7	25	11	22	20	7	38	7	37	18	16	47	11	15	38	12	24	2
53	16	36	15	48	20	1	9	7	25	11	22	20	7	38	7	37	24	8	14	1	42	29	12	24	2
53	16	36	15	48	20	1	9	7	25	11	22	20	7	38	7	37	25	29	34	25	26	42	12	24	2
53	16	36	15	48	20	1	9	7	25	11	22	20	7	38	7	37	36	24	45	6	44	50	12	24	2
53	16	36	15	48	20	1	9	7	25	11	22	20	7	38	7	37	38	36	19	29	5	36	12	24	2
53	16	36	15	48	20	1	9	7	25	11	22	20	7	38	7	37	43	29	21	36	20	16	12	24	2
53	16	36	15	48	20	1	9	7	25	11	22	20	7	38	7	37	48	0	48	28	25	32	12	24	2
53	16	36	15	48	20	1	9	7	25	11	22	20	7	38	7	37	51	23	25	4	50	14	12	24	2
53	16	36	15	48	20	1	9	7	25	11	22	20	7	38	7	37	52	1	2	46	23	6	12	24	2
53	16	36	15	48	20	2	9	25	7	11	22	20	7	38	7	37	8	22	5	29	10	17	12	24	2
53	16	36	15	48	20	2	9	25	7	11	22	20	7	38	7	37	11	38	49	6	11	3	12	24	2
53	16	36	15	48	20	2	9	25	7	11	22	20	7	38	7	37	12	49	35	10	28	1	12	24	2
53	16	36	15	48	20	2	9	25	7	11	22	20	7	38	7	37	13	33	49	24	42	18	12	24	2
53	16	36	15	48	20	2	9	25	7	11	22	20	7	38	7	37	14	43	4	9	50	48	12	24	2
53	16	36	15	48	20	2	9	25	7	11	22	20	7	38	7	37	16	4	20	25	23	11	12	24	2
53	16	36	15	48	20	2	9	25	7	11	22	20	7	38	7	37	17	11	19	37	48	36	12	24	2
53	16	36	15	48	20	2	9	25	7	11	22	20	7	38	7	37	18	16	47	11	15	38	12	24	2
53	16	36	15	48	20	2	9	25	7	11	22	20	7	38	7	37	24	8	14	1	42	29	12	24	2
53	16	36	15	48	20	2	9	25	7	11	22	20	7	38	7	37	25	29	34	25	26	42	12	24	2
53	16	36	15	48	20	2	9	25	7	11	22	20	7	38	7	37	36	24	45	6	44	50	12	24	2
53	16	36	15	48	20	2	9	25	7	11	22	20	7	38	7	37	38	36	19	29	5	36	12	24	2
53	16	36	15	48	20	2	9	25	7	11	22	20	7	38	7	37	43	29	21	36	20	16	12	24	2
53	16	36	15	48	20	2	9	25	7	11	22	20	7	38	7	37	48	0	48	28	25	32	12	24	2
53	16	36	15	48	20	2	9	25	7	11	22	20	7	38	7	37	51	23	25	4	50	14	12	24	2
53	16	36	15	48	20	2	9	25	7	11	22	20	7	38	7	37	52	1	2	46	23	6	12	24	2
53	16	36	15	48	20	3	7	25	9	11	22	20	7	38	7	37	8	22	5	29	10	17	12	24	2
53	16	36	15	48	20	3	7	25	9	11	22	20	7	38	7	37	11	38	49	6	11	3	12	24	2
53	16	36	15	48	20	3	7	25	9	11	22	20	7	38	7	37	12	49	35	10	28	1	12	24	2
53	16	36	15	48	20	3	7	25	9	11	22	20	7	38	7	37	13	33	49	24	42	18	12	24	2
53	16	36	15	48	20	3	7	25	9	11	22	20	7	38	7	37	14	43	4	9	50	48	12	24	2
53	16	36	15	48	20	3	7	25	9	11	22	20	7	38	7	37	16	4	20	25	23	11	12	24	2
53	16	36	15	48	20	3	7	25	9	11	22	20	7	38	7	37	17	11	19	37	48	36	12	24	2
53	16	36	15	48	20	3	7	25	9	11	22	20	7	38	7	37	18	16	47	11	15	38	12	24	2
53	16	36	15	48	20	3	7	25	9	11	22	20	7	38	7	37	24	8	14	1	42	29	12	24	2
53	16	36	15	48	20	3	7	25	9	11	22	20	7	38	7	37	25	29	34	25	26	42	12	24	2
53	16	36	15	48	20	3	7	25	9	11	22	20	7	38	7	37	36	24	45	6	44	50	12	24	2
53	16	36	15	48	20	3	7	25	9	11	22	20	7	38	7	37	38	36	19	29	5	36	12	24	2
53	16	36	15	48	20	3	7	25	9	11	22	20	7	38	7	37	43	29	21	36	20	16	12	24	2
53	16	36	15	48	20	3	7	25	9	11	22	20	7	38	7	37	48	0	48	28	25	32	12	24	2
53	16	36	15	48	20	3	7	25	9	11	22	20	7	38	7	37	51	23	25	4	50	14	12	24	2
53	16	36	15	48	20	3	7	25	9	11	22	20	7	38	7	37	52	1	2	46	23	6	12	24	2
53	16	38	17	5	33	1	44	25	7	42	15	14	7	10	9	40	1	0	3	52	45	9	12	24	2
53	16	38	17	5	33	1	44	25	7	42	15	14	7	10	9	40	2	18	19	16	28	2	12	24	2
53	16	38	17	5	33	1	44	25	7	42	15	14	7	10	9	40	3	51	44	9	12	23	12	24	2
53	16	38	17	5	33	1	44	25	7	42	15	14	7	10	9	40	4	32	33	42	10	8	12	24	2
53	16	38	17	5	33	1	44	25	7	42	15	14	7	10	9	40	6	12	18	17	37	35	12	24	2
53	16	38	17	5	33	1	44	25	7	42	15	14	7	10	9	40	8	44	21	25	18	46	12	24	2
53	16	38	17	5	33	1	44	25	7	42	15	14	7	10	9	40	14	51	50	17	7	47	12	24	2
53	16	38	17	5	33	1	44	25	7	42	15	14	7	10	9	40	15	5	50	29	41	6	12	24	2
53	16	38	17	5	33	1	44	25	7	42	15	14	7	10	9	40	16	42	29	9	19	36	12	24	2
53	16	38	17	5	33	1	44	25	7	42	15	14	7	10	9	40	20	23	23	52	40	27	12	24	2
53	16	38	17	5	33	1	44	25	7	42	15	14	7	10	9	40	27	1	30	24	47	16	12	24	2
53	16	38	17	5	33	1	44	25	7	42	15	14	7	10	9	40	27	4	36	4	6	37	12	24	2
53	16	38	17	5	33	1	44	25	7	42	15	14	7	10	9	40	28	40	27	28	8	52	12	24	2
53	16	38	17	5	33	1	44	25	7	42	15	14	7	10	9	40	32	27	20	52	44	26	12	24	2
53	16	38	17	5	33	1	44	25	7	42	15	14	7	10	9	40	38	21	20	4	14	31	12	24	2
53	16	38	17	5	33	1	44	25	7	42	15	14	7	10	9	40	40	13	21	17	35	18	12	24	2
53	16	38	17	5	33	2	44	7	25	42	15	14	7	10	9	40	1	0	3	52	45	9	12	24	2
53	16	38	17	5	33	2	44	7	25	42	15	14	7	10	9	40	2	18	19	16	28	2	12	24	2
53	16	38	17	5	33	2	44	7	25	42	15	14	7	10	9	40	3	51	44	9	12	23	12	24	2
53	16	38	17	5	33	2	44	7	25	42	15	14	7	10	9	40	4	32	33	42	10	8	12	24	2
53	16	38	17	5	33	2	44	7	25	42	15	14	7	10	9	40	6	12	18	17	37	35	12	24	2
53	16	38	17	5	33	2	44	7	25	42	15	14	7	10	9	40	8	44	21	25	18	46	12	24	2
53	16	38	17	5	33	2	44	7	25	42	15	14	7	10	9	40	14	51	50	17	7	47	12	24	2
53	16	38	17	5	33	2	44	7	25	42	15	14	7	10	9	40	15	5	50	29	41	6	12	24	2
53	16	38	17	5	33	2	44	7	25	42	15	14	7	10	9	40	16	42	29	9	19	36	12	24	2
53	16	38	17	5	33	2	44	7	25	42	15	14	7	10	9	40	20	23	23	52	40	27	12	24	2
53	16	38	17	5	33	2	44	7	25	42	15	14	7	10	9	40	27	1	30	24	47	16	12	24	2
53	16	38	17	5	33	2	44	7	25	42	15	14	7	10	9	40	27	4	36	4	6	37	12	24	2
53	16	38	17	5	33	2	44	7	25	42	15	14	7	10	9	40	28	40	27	28	8	52	12	24	2
53	16	38	17	5	33	2	44	7	25	42	15	14	7	10	9	40	32	27	20	52	44	26	12	24	2
53	16	38	17	5	33	2	44	7	25	42	15	14	7	10	9	40	38	21	20	4	14	31	12	24	2
53	16	38	17	5	33	2	44	7	25	42	15	14	7	10	9	40	40	13	21	17	35	18	12	24	2
53	16	38	17	5	33	3	25	7	44	42	15	14	7	10	9	40	1	0	3	52	45	9	12	24	2
53	16	38	17	5	33	3	25	7	44	42	15	14	7	10	9	40	2	18	19	16	28	2	12	24	2
53	16	38	17	5	33	3	25	7	44	42	15	14	7	10	9	40	3	51	44	9	12	23	12	24	2
53	16	38	17	5	33	3	25	7	44	42	15	14	7	10	9	40	4	32	33	42	10	8	12	24	2
53	16	38	17	5	33	3	25	7	44	42	15	14	7	10	9	40	6	12	18	17	37	35	12	24	2
53	16	38	17	5	33	3	25	7	44	42	15	14	7	10	9	40	8	44	21	25	18	46	12	24	2
53	16	38	17	5	33	3	25	7	44	42	15	14	7	10	9	40	14	51	50	17	7	47	12	24	2
53	16	38	17	5	33	3	25	7	44	42	15	14	7	10	9	40	15	5	50	29	41	6	12	24	2
53	16	38	17	5	33	3	25	7	44	42	15	14	7	10	9	40	16	42	29	9	19	36	12	24	2
53	16	38	17	5	33	3	25	7	44	42	15	14	7	10	9	40	20	23	23	52	40	27	12	24	2
53	16	38	17	5	33	3	25	7	44	42	15	14	7	10	9	40	27	1	30	24	47	16	12	24	2
53	16	38	17	5	33	3	25	7	44	42	15	14	7	10	9	40	27	4	36	4	6	37	12	24	2
53	16	38	17	5	33	3	25	7	44	42	15	14	7	10	9	40	28	40	27	28	8	52	12	24	2
53	16	38	17	5	33	3	25	7	44	42	15	14	7	10	9	40	32	27	20	52	44	26	12	24	2
53	16	38	17	5	33	3	25	7	44	42	15	14	7	10	9	40	38	21	20	4	14	31	12	24	2
53	16	38	17	5	33	3	25	7	44	42	15	14	7	10	9	40	40	13	21	17	35	18	12	24	2
53	16	38	17	48	20	1	9	28	46	11	1	36	5	46	52	28	5	38	44	36	8	45	12	24	2
53	16	38	17	48	20	1	9	28	46	11	1	36	5	46	52	28	6	5	7	4	46	32	12	24	2
53	16	38	17	48	20	1	9	28	46	11	1	36	5	46	52	28	7	13	13	7	5	27	12	24	2
53	16	38	17	48	20	1	9	28	46	11	1	36	5	46	52	28	11	29	52	37	33	33	12	24	2
53	16	38	17	48	20	1	9	28	46	11	1	36	5	46	52	28	15	3	10	9	36	34	12	24	2
53	16	38	17	48	20	1	9	28	46	11	1	36	5	46	52	28	17	51	11	4	8	19	12	24	2
53	16	38	17	48	20	1	9	28	46	11	1	36	5	46	52	28	18	18	52	1	35	12	12	24	2
53	16	38	17	48	20	1	9	28	46	11	1	36	5	46	52	28	24	13	11	9	45	50	12	24	2
53	16	38	17	48	20	1	9	28	46	11	1	36	5	46	52	28	39	36	39	17	2	24	12	24	2
53	16	38	17	48	20	1	9	28	46	11	1	36	5	46	52	28	50	37	49	52	23	9	12	24	2
53	16	38	17	48	20	2	9	46	28	11	1	36	5	46	52	28	5	38	44	36	8	45	12	24	2
53	16	38	17	48	20	2	9	46	28	11	1	36	5	46	52	28	6	5	7	4	46	32	12	24	2
53	16	38	17	48	20	2	9	46	28	11	1	36	5	46	52	28	7	13	13	7	5	27	12	24	2
53	16	38	17	48	20	2	9	46	28	11	1	36	5	46	52	28	11	29	52	37	33	33	12	24	2
53	16	38	17	48	20	2	9	46	28	11	1	36	5	46	52	28	15	3	10	9	36	34	12	24	2
53	16	38	17	48	20	2	9	46	28	11	1	36	5	46	52	28	17	51	11	4	8	19	12	24	2
53	16	38	17	48	20	2	9	46	28	11	1	36	5	46	52	28	18	18	52	1	35	12	12	24	2
53	16	38	17	48	20	2	9	46	28	11	1	36	5	46	52	28	24	13	11	9	45	50	12	24	2
53	16	38	17	48	20	2	9	46	28	11	1	36	5	46	52	28	39	36	39	17	2	24	12	24	2
53	16	38	17	48	20	2	9	46	28	11	1	36	5	46	52	28	50	37	49	52	23	9	12	24	2
53	16	38	17	48	20	3	28	46	9	11	1	36	5	46	52	28	5	38	44	36	8	45	12	24	2
53	16	38	17	48	20	3	28	46	9	11	1	36	5	46	52	28	6	5	7	4	46	32	12	24	2
53	16	38	17	48	20	3	28	46	9	11	1	36	5	46	52	28	7	13	13	7	5	27	12	24	2
53	16	38	17	48	20	3	28	46	9	11	1	36	5	46	52	28	11	29	52	37	33	33	12	24	2
53	16	38	17	48	20	3	28	46	9	11	1	36	5	46	52	28	15	3	10	9	36	34	12	24	2
53	16	38	17	48	20	3	28	46	9	11	1	36	5	46	52	28	17	51	11	4	8	19	12	24	2
53	16	38	17	48	20	3	28	46	9	11	1	36	5	46	52	28	18	18	52	1	35	12	12	24	2
53	16	38	17	48	20	3	28	46	9	11	1	36	5	46	52	28	24	13	11	9	45	50	12	24	2
53	16	38	17	48	20	3	28	46	9	11	1	36	5	46	52	28	39	36	39	17	2	24	12	24	2
53	16	38	17	48	20	3	28	46	9	11	1	36	5	46	52	28	50	37	49	52	23	9	12	24	2
53	17	16	38	5	33	1	7	44	25	42	15	14	7	10	9	40	1	0	3	52	45	9	12	24	2
53	17	16	38	5	33	1	7	44	25	42	15	14	7	10	9	40	2	18	19	16	28	2	12	24	2
53	17	16	38	5	33	1	7	44	25	42	15	14	7	10	9	40	3	51	44	9	12	23	12	24	2
53	17	16	38	5	33	1	7	44	25	42	15	14	7	10	9	40	4	32	33	42	10	8	12	24	2
53	17	16	38	5	33	1	7	44	25	42	15	14	7	10	9	40	6	12	18	17	37	35	12	24	2
53	17	16	38	5	33	1	7	44	25	42	15	14	7	10	9	40	8	44	21	25	18	46	12	24	2
53	17	16	38	5	33	1	7	44	25	42	15	14	7	10	9	40	14	51	50	17	7	47	12	24	2
53	17	16	38	5	33	1	7	44	25	42	15	14	7	10	9	40	15	5	50	29	41	6	12	24	2
53	17	16	38	5	33	1	7	44	25	42	15	14	7	10	9	40	16	42	29	9	19	36	12	24	2
53	17	16	38	5	33	1	7	44	25	42	15	14	7	10	9	40	20	23	23	52	40	27	12	24	2
53	17	16	38	5	33	1	7	44	25	42	15	14	7	10	9	40	27	1	30	24	47	16	12	24	2
53	17	16	38	5	33	1	7	44	25	42	15	14	7	10	9	40	27	4	36	4	6	37	12	24	2
53	17	16	38	5	33	1	7	44	25	42	15	14	7	10	9	40	28	40	27	28	8	52	12	24	2
53	17	16	38	5	33	1	7	44	25	42	15	14	7	10	9	40	32	27	20	52	44	26	12	24	2
53	17	16	38	5	33	1	7	44	25	42	15	14	7	10	9	40	38	21	20	4	14	31	12	24	2
53	17	16	38	5	33	1	7	44	25	42	15	14	7	10	9	40	40	13	21	17	35	18	12	24	2
53	17	16	38	5	33	2	7	25	44	42	15	14	7	10	9	40	1	0	3	52	45	9	12	24	2
53	17	16	38	5	33	2	7	25	44	42	15	14	7	10	9	40	2	18	19	16	28	2	12	24	2
53	17	16	38	5	33	2	7	25	44	42	15	14	7	10	9	40	3	51	44	9	12	23	12	24	2
53	17	16	38	5	33	2	7	25	44	42	15	14	7	10	9	40	4	32	33	42	10	8	12	24	2
53	17	16	38	5	33	2	7	25	44	42	15	14	7	10	9	40	6	12	18	17	37	35	12	24	2
53	17	16	38	5	33	2	7	25	44	42	15	14	7	10	9	40	8	44	21	25	18	46	12	24	2
53	17	16	38	5	33	2	7	25	44	42	15	14	7	10	9	40	14	51	50	17	7	47	12	24	2
53	17	16	38	5	33	2	7	25	44	42	15	14	7	10	9	40	15	5	50	29	41	6	12	24	2
53	17	16	38	5	33	2	7	25	44	42	15	14	7	10	9	40	16	42	29	9	19	36	12	24	2
53	17	16	38	5	33	2	7	25	44	42	15	14	7	10	9	40	20	23	23	52	40	27	12	24	2
53	17	16	38	5	33	2	7	25	44	42	15	14	7	10	9	40	27	1	30	24	47	16	12	24	2
53	17	16	38	5	33	2	7	25	44	42	15	14	7	10	9	40	27	4	36	4	6	37	12	24	2
53	17	16	38	5	33	2	7	25	44	42	15	14	7	10	9	40	28	40	27	28	8	52	12	24	2
53	17	16	38	5	33	2	7	25	44	42	15	14	7	10	9	40	32	27	20	52	44	26	12	24	2
53	17	16	38	5	33	2	7	25	44	42	15	14	7	10	9	40	38	21	20	4	14	31	12	24	2
53	17	16	38	5	33	2	7	25	44	42	15	14	7	10	9	40	40	13	21	17	35	18	12	24	2
53	17	16	38	5	33	3	44	25	7	42	15	14	7	10	9	40	1	0	3	52	45	9	12	24	2
53	17	16	38	5	33	3	44	25	7	42	15	14	7	10	9	40	2	18	19	16	28	2	12	24	2
53	17	16	38	5	33	3	44	25	7	42	15	14	7	10	9	40	3	51	44	9	12	23	12	24	2
53	17	16	38	5	33	3	44	25	7	42	15	14	7	10	9	40	4	32	33	42	10	8	12	24	2
53	17	16	38	5	33	3	44	25	7	42	15	14	7	10	9	40	6	12	18	17	37	35	12	24	2
53	17	16	38	5	33	3	44	25	7	42	15	14	7	10	9	40	8	44	21	25	18	46	12	24	2
53	17	16	38	5	33	3	44	25	7	42	15	14	7	10	9	40	14	51	50	17	7	47	12	24	2
53	17	16	38	5	33	3	44	25	7	42	15	14	7	10	9	40	15	5	50	29	41	6	12	24	2
53	17	16	38	5	33	3	44	25	7	42	15	14	7	10	9	40	16	42	29	9	19	36	12	24	2
53	17	16	38	5	33	3	44	25	7	42	15	14	7	10	9	40	20	23	23	52	40	27	12	24	2
53	17	16	38	5	33	3	44	25	7	42	15	14	7	10	9	40	27	1	30	24	47	16	12	24	2
53	17	16	38	5	33	3	44	25	7	42	15	14	7	10	9	40	27	4	36	4	6	37	12	24	2
53	17	16	38	5	33	3	44	25	7	42	15	14	7	10	9	40	28	40	27	28	8	52	12	24	2
53	17	16	38	5	33	3	44	25	7	42	15	14	7	10	9	40	32	27	20	52	44	26	12	24	2
53	17	16	38	5	33	3	44	25	7	42	15	14	7	10	9	40	38	21	20	4	14	31	12	24	2
53	17	16	38	5	33	3	44	25	7	42	15	14	7	10	9	40	40	13	21	17	35	18	12	24	2
53	17	16	38	48	20	1	46	9	28	11	1	36	5	46	52	28	5	38	44	36	8	45	12	24	2
53	17	16	38	48	20	1	46	9	28	11	1	36	5	46	52	28	6	5	7	4	46	32	12	24	2
53	17	16	38	48	20	1	46	9	28	11	1	36	5	46	52	28	7	13	13	7	5	27	12	24	2
53	17	16	38	48	20	1	46	9	28	11	1	36	5	46	52	28	11	29	52	37	33	33	12	24	2
53	17	16	38	48	20	1	46	9	28	11	1	36	5	46	52	28	15	3	10	9	36	34	12	24	2
53	17	16	38	48	20	1	46	9	28	11	1	36	5	46	52	28	17	51	11	4	8	19	12	24	2
53	17	16	38	48	20	1	46	9	28	11	1	36	5	46	52	28	18	18	52	1	35	12	12	24	2
53	17	16	38	48	20	1	46	9	28	11	1	36	5	46	52	28	24	13	11	9	45	50	12	24	2
53	17	16	38	48	20	1	46	9	28	11	1	36	5	46	52	28	39	36	39	17	2	24	12	24	2
53	17	16	38	48	20	1	46	9	28	11	1	36	5	46	52	28	50	37	49	52	23	9	12	24	2
53	17	16	38	48	20	2	46	28	9	11	1	36	5	46	52	28	5	38	44	36	8	45	12	24	2
53	17	16	38	48	20	2	46	28	9	11	1	36	5	46	52	28	6	5	7	4	46	32	12	24	2
53	17	16	38	48	20	2	46	28	9	11	1	36	5	46	52	28	7	13	13	7	5	27	12	24	2
53	17	16	38	48	20	2	46	28	9	11	1	36	5	46	52	28	11	29	52	37	33	33	12	24	2
53	17	16	38	48	20	2	46	28	9	11	1	36	5	46	52	28	15	3	10	9	36	34	12	24	2
53	17	16	38	48	20	2	46	28	9	11	1	36	5	46	52	28	17	51	11	4	8	19	12	24	2
53	17	16	38	48	20	2	46	28	9	11	1	36	5	46	52	28	18	18	52	1	35	12	12	24	2
53	17	16	38	48	20	2	46	28	9	11	1	36	5	46	52	28	24	13	11	9	45	50	12	24	2
53	17	16	38	48	20	2	46	28	9	11	1	36	5	46	52	28	39	36	39	17	2	24	12	24	2
53	17	16	38	48	20	2	46	28	9	11	1	36	5	46	52	28	50	37	49	52	23	9	12	24	2
53	17	16	38	48	20	3	9	28	46	11	1	36	5	46	52	28	5	38	44	36	8	45	12	24	2
53	17	16	38	48	20	3	9	28	46	11	1	36	5	46	52	28	6	5	7	4	46	32	12	24	2
53	17	16	38	48	20	3	9	28	46	11	1	36	5	46	52	28	7	13	13	7	5	27	12	24	2
53	17	16	38	48	20	3	9	28	46	11	1	36	5	46	52	28	11	29	52	37	33	33	12	24	2
53	17	16	38	48	20	3	9	28	46	11	1	36	5	46	52	28	15	3	10	9	36	34	12	24	2
53	17	16	38	48	20	3	9	28	46	11	1	36	5	46	52	28	17	51	11	4	8	19	12	24	2
53	17	16	38	48	20	3	9	28	46	11	1	36	5	46	52	28	18	18	52	1	35	12	12	24	2
53	17	16	38	48	20	3	9	28	46	11	1	36	5	46	52	28	24	13	11	9	45	50	12	24	2
53	17	16	38	48	20	3	9	28	46	11	1	36	5	46	52	28	39	36	39	17	2	24	12	24	2
53	17	16	38	48	20	3	9	28	46	11	1	36	5	46	52	28	50	37	49	52	23	9	12	24	2
53	17	38	16	5	33	1	7	25	44	42	15	14	7	10	9	40	1	0	3	52	45	9	12	24	2
53	17	38	16	5	33	1	7	25	44	42	15	14	7	10	9	40	2	18	19	16	28	2	12	24	2
53	17	38	16	5	33	1	7	25	44	42	15	14	7	10	9	40	3	51	44	9	12	23	12	24	2
53	17	38	16	5	33	1	7	25	44	42	15	14	7	10	9	40	4	32	33	42	10	8	12	24	2
53	17	38	16	5	33	1	7	25	44	42	15	14	7	10	9	40	6	12	18	17	37	35	12	24	2
53	17	38	16	5	33	1	7	25	44	42	15	14	7	10	9	40	8	44	21	25	18	46	12	24	2
53	17	38	16	5	33	1	7	25	44	42	15	14	7	10	9	40	14	51	50	17	7	47	12	24	2
53	17	38	16	5	33	1	7	25	44	42	15	14	7	10	9	40	15	5	50	29	41	6	12	24	2
53	17	38	16	5	33	1	7	25	44	42	15	14	7	10	9	40	16	42	29	9	19	36	12	24	2
53	17	38	16	5	33	1	7	25	44	42	15	14	7	10	9	40	20	23	23	52	40	27	12	24	2
53	17	38	16	5	33	1	7	25	44	42	15	14	7	10	9	40	27	1	30	24	47	16	12	24	2
53	17	38	16	5	33	1	7	25	44	42	15	14	7	10	9	40	27	4	36	4	6	37	12	24	2
53	17	38	16	5	33	1	7	25	44	42	15	14	7	10	9	40	28	40	27	28	8	52	12	24	2
53	17	38	16	5	33	1	7	25	44	42	15	14	7	10	9	40	32	27	20	52	44	26	12	24	2
53	17	38	16	5	33	1	7	25	44	42	15	14	7	10	9	40	38	21	20	4	14	31	12	24	2
53	17	38	16	5	33	1	7	25	44	42	15	14	7	10	9	40	40	13	21	17	35	18	12	24	2
53	17	38	16	5	33	2	7	44	25	42	15	14	7	10	9	40	1	0	3	52	45	9	12	24	2
53	17	38	16	5	33	2	7	44	25	42	15	14	7	10	9	40	2	18	19	16	28	2	12	24	2
53	17	38	16	5	33	2	7	44	25	42	15	14	7	10	9	40	3	51	44	9	12	23	12	24	2
53	17	38	16	5	33	2	7	44	25	42	15	14	7	10	9	40	4	32	33	42	10	8	12	24	2
53	17	38	16	5	33	2	7	44	25	42	15	14	7	10	9	40	6	12	18	17	37	35	12	24	2
53	17	38	16	5	33	2	7	44	25	42	15	14	7	10	9	40	8	44	21	25	18	46	12	24	2
53	17	38	16	5	33	2	7	44	25	42	15	14	7	10	9	40	14	51	50	17	7	47	12	24	2
53	17	38	16	5	33	2	7	44	25	42	15	14	7	10	9	40	15	5	50	29	41	6	12	24	2
53	17	38	16	5	33	2	7	44	25	42	15	14	7	10	9	40	16	42	29	9	19	36	12	24	2
53	17	38	16	5	33	2	7	44	25	42	15	14	7	10	9	40	20	23	23	52	40	27	12	24	2
53	17	38	16	5	33	2	7	44	25	42	15	14	7	10	9	40	27	1	30	24	47	16	12	24	2
53	17	38	16	5	33	2	7	44	25	42	15	14	7	10	9	40	27	4	36	4	6	37	12	24	2
53	17	38	16	5	33	2	7	44	25	42	15	14	7	10	9	40	28	40	27	28	8	52	12	24	2
53	17	38	16	5	33	2	7	44	25	42	15	14	7	10	9	40	32	27	20	52	44	26	12	24	2
53	17	38	16	5	33	2	7	44	25	42	15	14	7	10	9	40	38	21	20	4	14	31	12	24	2
53	17	38	16	5	33	2	7	44	25	42	15	14	7	10	9	40	40	13	21	17	35	18	12	24	2
53	17	38	16	5	33	3	25	44	7	42	15	14	7	10	9	40	1	0	3	52	45	9	12	24	2
53	17	38	16	5	33	3	25	44	7	42	15	14	7	10	9	40	2	18	19	16	28	2	12	24	2
53	17	38	16	5	33	3	25	44	7	42	15	14	7	10	9	40	3	51	44	9	12	23	12	24	2
53	17	38	16	5	33	3	25	44	7	42	15	14	7	10	9	40	4	32	33	42	10	8	12	24	2
53	17	38	16	5	33	3	25	44	7	42	15	14	7	10	9	40	6	12	18	17	37	35	12	24	2
53	17	38	16	5	33	3	25	44	7	42	15	14	7	10	9	40	8	44	21	25	18	46	12	24	2
53	17	38	16	5	33	3	25	44	7	42	15	14	7	10	9	40	14	51	50	17	7	47	12	24	2
53	17	38	16	5	33	3	25	44	7	42	15	14	7	10	9	40	15	5	50	29	41	6	12	24	2
53	17	38	16	5	33	3	25	44	7	42	15	14	7	10	9	40	16	42	29	9	19	36	12	24	2
53	17	38	16	5	33	3	25	44	7	42	15	14	7	10	9	40	20	23	23	52	40	27	12	24	2
53	17	38	16	5	33	3	25	44	7	42	15	14	7	10	9	40	27	1	30	24	47	16	12	24	2
53	17	38	16	5	33	3	25	44	7	42	15	14	7	10	9	40	27	4	36	4	6	37	12	24	2
53	17	38	16	5	33	3	25	44	7	42	15	14	7	10	9	40	28	40	27	28	8	52	12	24	2
53	17	38	16	5	33	3	25	44	7	42	15	14	7	10	9	40	32	27	20	52	44	26	12	24	2
53	17	38	16	5	33	3	25	44	7	42	15	14	7	10	9	40	38	21	20	4	14	31	12	24	2
53	17	38	16	5	33	3	25	44	7	42	15	14	7	10	9	40	40	13	21	17	35	18	12	24	2
53	17	38	16	48	20	1	46	28	9	11	1	36	5	46	52	28	5	38	44	36	8	45	12	24	2
53	17	38	16	48	20	1	46	28	9	11	1	36	5	46	52	28	6	5	7	4	46	32	12	24	2
53	17	38	16	48	20	1	46	28	9	11	1	36	5	46	52	28	7	13	13	7	5	27	12	24	2
53	17	38	16	48	20	1	46	28	9	11	1	36	5	46	52	28	11	29	52	37	33	33	12	24	2
53	17	38	16	48	20	1	46	28	9	11	1	36	5	46	52	28	15	3	10	9	36	34	12	24	2
53	17	38	16	48	20	1	46	28	9	11	1	36	5	46	52	28	17	51	11	4	8	19	12	24	2
53	17	38	16	48	20	1	46	28	9	11	1	36	5	46	52	28	18	18	52	1	35	12	12	24	2
53	17	38	16	48	20	1	46	28	9	11	1	36	5	46	52	28	24	13	11	9	45	50	12	24	2
53	17	38	16	48	20	1	46	28	9	11	1	36	5	46	52	28	39	36	39	17	2	24	12	24	2
53	17	38	16	48	20	1	46	28	9	11	1	36	5	46	52	28	50	37	49	52	23	9	12	24	2
53	17	38	16	48	20	2	46	9	28	11	1	36	5	46	52	28	5	38	44	36	8	45	12	24	2
53	17	38	16	48	20	2	46	9	28	11	1	36	5	46	52	28	6	5	7	4	46	32	12	24	2
53	17	38	16	48	20	2	46	9	28	11	1	36	5	46	52	28	7	13	13	7	5	27	12	24	2
53	17	38	16	48	20	2	46	9	28	11	1	36	5	46	52	28	11	29	52	37	33	33	12	24	2
53	17	38	16	48	20	2	46	9	28	11	1	36	5	46	52	28	15	3	10	9	36	34	12	24	2
53	17	38	16	48	20	2	46	9	28	11	1	36	5	46	52	28	17	51	11	4	8	19	12	24	2
53	17	38	16	48	20	2	46	9	28	11	1	36	5	46	52	28	18	18	52	1	35	12	12	24	2
53	17	38	16	48	20	2	46	9	28	11	1	36	5	46	52	28	24	13	11	9	45	50	12	24	2
53	17	38	16	48	20	2	46	9	28	11	1	36	5	46	52	28	39	36	39	17	2	24	12	24	2
53	17	38	16	48	20	2	46	9	28	11	1	36	5	46	52	28	50	37	49	52	23	9	12	24	2
53	17	38	16	48	20	3	28	9	46	11	1	36	5	46	52	28	5	38	44	36	8	45	12	24	2
53	17	38	16	48	20	3	28	9	46	11	1	36	5	46	52	28	6	5	7	4	46	32	12	24	2
53	17	38	16	48	20	3	28	9	46	11	1	36	5	46	52	28	7	13	13	7	5	27	12	24	2
53	17	38	16	48	20	3	28	9	46	11	1	36	5	46	52	28	11	29	52	37	33	33	12	24	2
53	17	38	16	48	20	3	28	9	46	11	1	36	5	46	52	28	15	3	10	9	36	34	12	24	2
53	17	38	16	48	20	3	28	9	46	11	1	36	5	46	52	28	17	51	11	4	8	19	12	24	2
53	17	38	16	48	20	3	28	9	46	11	1	36	5	46	52	28	18	18	52	1	35	12	12	24	2
53	17	38	16	48	20	3	28	9	46	11	1	36	5	46	52	28	24	13	11	9	45	50	12	24	2
53	17	38	16	48	20	3	28	9	46	11	1	36	5	46	52	28	39	36	39	17	2	24	12	24	2
53	17	38	16	48	20	3	28	9	46	11	1	36	5	46	52	28	50	37	49	52	23	9	12	24	2
53	19	8	15	8	18	1	31	27	44	49	39	18	16	11	10	11	1	15	49	31	1	8	12	24	2
53	19	8	15	8	18	1	31	27	44	49	39	18	16	11	10	11	2	32	4	26	50	33	12	24	2
53	19	8	15	8	18	1	31	27	44	49	39	18	16	11	10	11	5	31	11	30	46	3	12	24	2
53	19	8	15	8	18	1	31	27	44	49	39	18	16	11	10	11	8	20	49	21	37	51	12	24	2
53	19	8	15	8	18	1	31	27	44	49	39	18	16	11	10	11	13	35	19	14	29	25	12	24	2
53	19	8	15	8	18	1	31	27	44	49	39	18	16	11	10	11	33	17	52	39	11	31	12	24	2
53	19	8	15	8	18	1	31	27	44	49	39	18	16	11	10	11	40	14	3	50	13	35	12	24	2
53	19	8	15	8	18	1	31	27	44	49	39	18	16	11	10	11	45	2	33	3	18	10	12	24	2
53	19	8	15	8	18	1	31	27	44	49	39	18	16	11	10	11	47	36	41	14	26	24	12	24	2
53	19	8	15	8	18	1	31	27	44	49	39	18	16	11	10	11	48	49	48	27	42	5	12	24	2
53	19	8	15	8	18	2	31	44	27	49	39	18	16	11	10	11	1	15	49	31	1	8	12	24	2
53	19	8	15	8	18	2	31	44	27	49	39	18	16	11	10	11	2	32	4	26	50	33	12	24	2
53	19	8	15	8	18	2	31	44	27	49	39	18	16	11	10	11	5	31	11	30	46	3	12	24	2
53	19	8	15	8	18	2	31	44	27	49	39	18	16	11	10	11	8	20	49	21	37	51	12	24	2
53	19	8	15	8	18	2	31	44	27	49	39	18	16	11	10	11	13	35	19	14	29	25	12	24	2
53	19	8	15	8	18	2	31	44	27	49	39	18	16	11	10	11	33	17	52	39	11	31	12	24	2
53	19	8	15	8	18	2	31	44	27	49	39	18	16	11	10	11	40	14	3	50	13	35	12	24	2
53	19	8	15	8	18	2	31	44	27	49	39	18	16	11	10	11	45	2	33	3	18	10	12	24	2
53	19	8	15	8	18	2	31	44	27	49	39	18	16	11	10	11	47	36	41	14	26	24	12	24	2
53	19	8	15	8	18	2	31	44	27	49	39	18	16	11	10	11	48	49	48	27	42	5	12	24	2
53	19	8	15	8	18	3	27	44	31	49	39	18	16	11	10	11	1	15	49	31	1	8	12	24	2
53	19	8	15	8	18	3	27	44	31	49	39	18	16	11	10	11	2	32	4	26	50	33	12	24	2
53	19	8	15	8	18	3	27	44	31	49	39	18	16	11	10	11	5	31	11	30	46	3	12	24	2
53	19	8	15	8	18	3	27	44	31	49	39	18	16	11	10	11	8	20	49	21	37	51	12	24	2
53	19	8	15	8	18	3	27	44	31	49	39	18	16	11	10	11	13	35	19	14	29	25	12	24	2
53	19	8	15	8	18	3	27	44	31	49	39	18	16	11	10	11	33	17	52	39	11	31	12	24	2
53	19	8	15	8	18	3	27	44	31	49	39	18	16	11	10	11	40	14	3	50	13	35	12	24	2
53	19	8	15	8	18	3	27	44	31	49	39	18	16	11	10	11	45	2	33	3	18	10	12	24	2
53	19	8	15	8	18	3	27	44	31	49	39	18	16	11	10	11	47	36	41	14	26	24	12	24	2
53	19	8	15	8	18	3	27	44	31	49	39	18	16	11	10	11	48	49	48	27	42	5	12	24	2
53	19	8	15	45	35	1	22	26	9	4	17	50	21	52	38	1	4	8	34	26	49	29	12	24	2
53	19	8	15	45	35	1	22	26	9	4	17	50	21	52	38	1	12	6	34	14	4	25	12	24	2
53	19	8	15	45	35	1	22	26	9	4	17	50	21	52	38	1	21	31	2	5	32	7	12	24	2
53	19	8	15	45	35	1	22	26	9	4	17	50	21	52	38	1	24	44	49	39	19	37	12	24	2
53	19	8	15	45	35	1	22	26	9	4	17	50	21	52	38	1	25	30	5	50	1	11	12	24	2
53	19	8	15	45	35	1	22	26	9	4	17	50	21	52	38	1	27	28	38	23	21	25	12	24	2
53	19	8	15	45	35	1	22	26	9	4	17	50	21	52	38	1	31	23	29	30	10	3	12	24	2
53	19	8	15	45	35	1	22	26	9	4	17	50	21	52	38	1	33	51	21	31	11	41	12	24	2
53	19	8	15	45	35	1	22	26	9	4	17	50	21	52	38	1	34	4	42	41	0	43	12	24	2
53	19	8	15	45	35	1	22	26	9	4	17	50	21	52	38	1	35	9	32	22	47	4	12	24	2
53	19	8	15	45	35	1	22	26	9	4	17	50	21	52	38	1	39	28	40	33	5	30	12	24	2
53	19	8	15	45	35	1	22	26	9	4	17	50	21	52	38	1	42	17	51	19	16	37	12	24	2
53	19	8	15	45	35	1	22	26	9	4	17	50	21	52	38	1	43	7	9	35	28	26	12	24	2
53	19	8	15	45	35	1	22	26	9	4	17	50	21	52	38	1	45	36	18	12	7	20	12	24	2
53	19	8	15	45	35	1	22	26	9	4	17	50	21	52	38	1	46	0	4	27	32	19	12	24	2
53	19	8	15	45	35	1	22	26	9	4	17	50	21	52	38	1	50	49	0	3	34	6	12	24	2
53	19	8	15	45	35	2	22	9	26	4	17	50	21	52	38	1	4	8	34	26	49	29	12	24	2
53	19	8	15	45	35	2	22	9	26	4	17	50	21	52	38	1	12	6	34	14	4	25	12	24	2
53	19	8	15	45	35	2	22	9	26	4	17	50	21	52	38	1	21	31	2	5	32	7	12	24	2
53	19	8	15	45	35	2	22	9	26	4	17	50	21	52	38	1	24	44	49	39	19	37	12	24	2
53	19	8	15	45	35	2	22	9	26	4	17	50	21	52	38	1	25	30	5	50	1	11	12	24	2
53	19	8	15	45	35	2	22	9	26	4	17	50	21	52	38	1	27	28	38	23	21	25	12	24	2
53	19	8	15	45	35	2	22	9	26	4	17	50	21	52	38	1	31	23	29	30	10	3	12	24	2
53	19	8	15	45	35	2	22	9	26	4	17	50	21	52	38	1	33	51	21	31	11	41	12	24	2
53	19	8	15	45	35	2	22	9	26	4	17	50	21	52	38	1	34	4	42	41	0	43	12	24	2
53	19	8	15	45	35	2	22	9	26	4	17	50	21	52	38	1	35	9	32	22	47	4	12	24	2
53	19	8	15	45	35	2	22	9	26	4	17	50	21	52	38	1	39	28	40	33	5	30	12	24	2
53	19	8	15	45	35	2	22	9	26	4	17	50	21	52	38	1	42	17	51	19	16	37	12	24	2
53	19	8	15	45	35	2	22	9	26	4	17	50	21	52	38	1	43	7	9	35	28	26	12	24	2
53	19	8	15	45	35	2	22	9	26	4	17	50	21	52	38	1	45	36	18	12	7	20	12	24	2
53	19	8	15	45	35	2	22	9	26	4	17	50	21	52	38	1	46	0	4	27	32	19	12	24	2
53	19	8	15	45	35	2	22	9	26	4	17	50	21	52	38	1	50	49	0	3	34	6	12	24	2
53	19	8	15	45	35	3	26	9	22	4	17	50	21	52	38	1	4	8	34	26	49	29	12	24	2
53	19	8	15	45	35	3	26	9	22	4	17	50	21	52	38	1	12	6	34	14	4	25	12	24	2
53	19	8	15	45	35	3	26	9	22	4	17	50	21	52	38	1	21	31	2	5	32	7	12	24	2
53	19	8	15	45	35	3	26	9	22	4	17	50	21	52	38	1	24	44	49	39	19	37	12	24	2
53	19	8	15	45	35	3	26	9	22	4	17	50	21	52	38	1	25	30	5	50	1	11	12	24	2
53	19	8	15	45	35	3	26	9	22	4	17	50	21	52	38	1	27	28	38	23	21	25	12	24	2
53	19	8	15	45	35	3	26	9	22	4	17	50	21	52	38	1	31	23	29	30	10	3	12	24	2
53	19	8	15	45	35	3	26	9	22	4	17	50	21	52	38	1	33	51	21	31	11	41	12	24	2
53	19	8	15	45	35	3	26	9	22	4	17	50	21	52	38	1	34	4	42	41	0	43	12	24	2
53	19	8	15	45	35	3	26	9	22	4	17	50	21	52	38	1	35	9	32	22	47	4	12	24	2
53	19	8	15	45	35	3	26	9	22	4	17	50	21	52	38	1	39	28	40	33	5	30	12	24	2
53	19	8	15	45	35	3	26	9	22	4	17	50	21	52	38	1	42	17	51	19	16	37	12	24	2
53	19	8	15	45	35	3	26	9	22	4	17	50	21	52	38	1	43	7	9	35	28	26	12	24	2
53	19	8	15	45	35	3	26	9	22	4	17	50	21	52	38	1	45	36	18	12	7	20	12	24	2
53	19	8	15	45	35	3	26	9	22	4	17	50	21	52	38	1	46	0	4	27	32	19	12	24	2
53	19	8	15	45	35	3	26	9	22	4	17	50	21	52	38	1	50	49	0	3	34	6	12	24	2
53	19	15	8	8	18	1	31	44	27	49	39	18	16	11	10	11	1	15	49	31	1	8	12	24	2
53	19	15	8	8	18	1	31	44	27	49	39	18	16	11	10	11	2	32	4	26	50	33	12	24	2
53	19	15	8	8	18	1	31	44	27	49	39	18	16	11	10	11	5	31	11	30	46	3	12	24	2
53	19	15	8	8	18	1	31	44	27	49	39	18	16	11	10	11	8	20	49	21	37	51	12	24	2
53	19	15	8	8	18	1	31	44	27	49	39	18	16	11	10	11	13	35	19	14	29	25	12	24	2
53	19	15	8	8	18	1	31	44	27	49	39	18	16	11	10	11	33	17	52	39	11	31	12	24	2
53	19	15	8	8	18	1	31	44	27	49	39	18	16	11	10	11	40	14	3	50	13	35	12	24	2
53	19	15	8	8	18	1	31	44	27	49	39	18	16	11	10	11	45	2	33	3	18	10	12	24	2
53	19	15	8	8	18	1	31	44	27	49	39	18	16	11	10	11	47	36	41	14	26	24	12	24	2
53	19	15	8	8	18	1	31	44	27	49	39	18	16	11	10	11	48	49	48	27	42	5	12	24	2
53	19	15	8	8	18	2	31	27	44	49	39	18	16	11	10	11	1	15	49	31	1	8	12	24	2
53	19	15	8	8	18	2	31	27	44	49	39	18	16	11	10	11	2	32	4	26	50	33	12	24	2
53	19	15	8	8	18	2	31	27	44	49	39	18	16	11	10	11	5	31	11	30	46	3	12	24	2
53	19	15	8	8	18	2	31	27	44	49	39	18	16	11	10	11	8	20	49	21	37	51	12	24	2
53	19	15	8	8	18	2	31	27	44	49	39	18	16	11	10	11	13	35	19	14	29	25	12	24	2
53	19	15	8	8	18	2	31	27	44	49	39	18	16	11	10	11	33	17	52	39	11	31	12	24	2
53	19	15	8	8	18	2	31	27	44	49	39	18	16	11	10	11	40	14	3	50	13	35	12	24	2
53	19	15	8	8	18	2	31	27	44	49	39	18	16	11	10	11	45	2	33	3	18	10	12	24	2
53	19	15	8	8	18	2	31	27	44	49	39	18	16	11	10	11	47	36	41	14	26	24	12	24	2
53	19	15	8	8	18	2	31	27	44	49	39	18	16	11	10	11	48	49	48	27	42	5	12	24	2
53	19	15	8	8	18	3	44	27	31	49	39	18	16	11	10	11	1	15	49	31	1	8	12	24	2
53	19	15	8	8	18	3	44	27	31	49	39	18	16	11	10	11	2	32	4	26	50	33	12	24	2
53	19	15	8	8	18	3	44	27	31	49	39	18	16	11	10	11	5	31	11	30	46	3	12	24	2
53	19	15	8	8	18	3	44	27	31	49	39	18	16	11	10	11	8	20	49	21	37	51	12	24	2
53	19	15	8	8	18	3	44	27	31	49	39	18	16	11	10	11	13	35	19	14	29	25	12	24	2
53	19	15	8	8	18	3	44	27	31	49	39	18	16	11	10	11	33	17	52	39	11	31	12	24	2
53	19	15	8	8	18	3	44	27	31	49	39	18	16	11	10	11	40	14	3	50	13	35	12	24	2
53	19	15	8	8	18	3	44	27	31	49	39	18	16	11	10	11	45	2	33	3	18	10	12	24	2
53	19	15	8	8	18	3	44	27	31	49	39	18	16	11	10	11	47	36	41	14	26	24	12	24	2
53	19	15	8	8	18	3	44	27	31	49	39	18	16	11	10	11	48	49	48	27	42	5	12	24	2
53	19	15	8	45	35	1	22	9	26	4	17	50	21	52	38	1	4	8	34	26	49	29	12	24	2
53	19	15	8	45	35	1	22	9	26	4	17	50	21	52	38	1	12	6	34	14	4	25	12	24	2
53	19	15	8	45	35	1	22	9	26	4	17	50	21	52	38	1	21	31	2	5	32	7	12	24	2
53	19	15	8	45	35	1	22	9	26	4	17	50	21	52	38	1	24	44	49	39	19	37	12	24	2
53	19	15	8	45	35	1	22	9	26	4	17	50	21	52	38	1	25	30	5	50	1	11	12	24	2
53	19	15	8	45	35	1	22	9	26	4	17	50	21	52	38	1	27	28	38	23	21	25	12	24	2
53	19	15	8	45	35	1	22	9	26	4	17	50	21	52	38	1	31	23	29	30	10	3	12	24	2
53	19	15	8	45	35	1	22	9	26	4	17	50	21	52	38	1	33	51	21	31	11	41	12	24	2
53	19	15	8	45	35	1	22	9	26	4	17	50	21	52	38	1	34	4	42	41	0	43	12	24	2
53	19	15	8	45	35	1	22	9	26	4	17	50	21	52	38	1	35	9	32	22	47	4	12	24	2
53	19	15	8	45	35	1	22	9	26	4	17	50	21	52	38	1	39	28	40	33	5	30	12	24	2
53	19	15	8	45	35	1	22	9	26	4	17	50	21	52	38	1	42	17	51	19	16	37	12	24	2
53	19	15	8	45	35	1	22	9	26	4	17	50	21	52	38	1	43	7	9	35	28	26	12	24	2
53	19	15	8	45	35	1	22	9	26	4	17	50	21	52	38	1	45	36	18	12	7	20	12	24	2
53	19	15	8	45	35	1	22	9	26	4	17	50	21	52	38	1	46	0	4	27	32	19	12	24	2
53	19	15	8	45	35	1	22	9	26	4	17	50	21	52	38	1	50	49	0	3	34	6	12	24	2
53	19	15	8	45	35	2	22	26	9	4	17	50	21	52	38	1	4	8	34	26	49	29	12	24	2
53	19	15	8	45	35	2	22	26	9	4	17	50	21	52	38	1	12	6	34	14	4	25	12	24	2
53	19	15	8	45	35	2	22	26	9	4	17	50	21	52	38	1	21	31	2	5	32	7	12	24	2
53	19	15	8	45	35	2	22	26	9	4	17	50	21	52	38	1	24	44	49	39	19	37	12	24	2
53	19	15	8	45	35	2	22	26	9	4	17	50	21	52	38	1	25	30	5	50	1	11	12	24	2
53	19	15	8	45	35	2	22	26	9	4	17	50	21	52	38	1	27	28	38	23	21	25	12	24	2
53	19	15	8	45	35	2	22	26	9	4	17	50	21	52	38	1	31	23	29	30	10	3	12	24	2
53	19	15	8	45	35	2	22	26	9	4	17	50	21	52	38	1	33	51	21	31	11	41	12	24	2
53	19	15	8	45	35	2	22	26	9	4	17	50	21	52	38	1	34	4	42	41	0	43	12	24	2
53	19	15	8	45	35	2	22	26	9	4	17	50	21	52	38	1	35	9	32	22	47	4	12	24	2
53	19	15	8	45	35	2	22	26	9	4	17	50	21	52	38	1	39	28	40	33	5	30	12	24	2
53	19	15	8	45	35	2	22	26	9	4	17	50	21	52	38	1	42	17	51	19	16	37	12	24	2
53	19	15	8	45	35	2	22	26	9	4	17	50	21	52	38	1	43	7	9	35	28	26	12	24	2
53	19	15	8	45	35	2	22	26	9	4	17	50	21	52	38	1	45	36	18	12	7	20	12	24	2
53	19	15	8	45	35	2	22	26	9	4	17	50	21	52	38	1	46	0	4	27	32	19	12	24	2
53	19	15	8	45	35	2	22	26	9	4	17	50	21	52	38	1	50	49	0	3	34	6	12	24	2
53	19	15	8	45	35	3	9	26	22	4	17	50	21	52	38	1	4	8	34	26	49	29	12	24	2
53	19	15	8	45	35	3	9	26	22	4	17	50	21	52	38	1	12	6	34	14	4	25	12	24	2
53	19	15	8	45	35	3	9	26	22	4	17	50	21	52	38	1	21	31	2	5	32	7	12	24	2
53	19	15	8	45	35	3	9	26	22	4	17	50	21	52	38	1	24	44	49	39	19	37	12	24	2
53	19	15	8	45	35	3	9	26	22	4	17	50	21	52	38	1	25	30	5	50	1	11	12	24	2
53	19	15	8	45	35	3	9	26	22	4	17	50	21	52	38	1	27	28	38	23	21	25	12	24	2
53	19	15	8	45	35	3	9	26	22	4	17	50	21	52	38	1	31	23	29	30	10	3	12	24	2
53	19	15	8	45	35	3	9	26	22	4	17	50	21	52	38	1	33	51	21	31	11	41	12	24	2
53	19	15	8	45	35	3	9	26	22	4	17	50	21	52	38	1	34	4	42	41	0	43	12	24	2
53	19	15	8	45	35	3	9	26	22	4	17	50	21	52	38	1	35	9	32	22	47	4	12	24	2
53	19	15	8	45	35	3	9	26	22	4	17	50	21	52	38	1	39	28	40	33	5	30	12	24	2
53	19	15	8	45	35	3	9	26	22	4	17	50	21	52	38	1	42	17	51	19	16	37	12	24	2
53	19	15	8	45	35	3	9	26	22	4	17	50	21	52	38	1	43	7	9	35	28	26	12	24	2
53	19	15	8	45	35	3	9	26	22	4	17	50	21	52	38	1	45	36	18	12	7	20	12	24	2
53	19	15	8	45	35	3	9	26	22	4	17	50	21	52	38	1	46	0	4	27	32	19	12	24	2
53	19	15	8	45	35	3	9	26	22	4	17	50	21	52	38	1	50	49	0	3	34	6	12	24	2
53	20	14	46	18	8	1	30	21	16	36	5	52	45	43	27	17	2	28	43	39	28	27	12	24	2
53	20	14	46	18	8	1	30	21	16	36	5	52	45	43	27	17	4	11	7	34	0	17	12	24	2
53	20	14	46	18	8	1	30	21	16	36	5	52	45	43	27	17	12	37	0	21	5	15	12	24	2
53	20	14	46	18	8	1	30	21	16	36	5	52	45	43	27	17	13	24	51	20	27	44	12	24	2
53	20	14	46	18	8	1	30	21	16	36	5	52	45	43	27	17	14	38	34	8	8	44	12	24	2
53	20	14	46	18	8	1	30	21	16	36	5	52	45	43	27	17	15	20	17	33	43	22	12	24	2
53	20	14	46	18	8	1	30	21	16	36	5	52	45	43	27	17	20	2	33	35	24	46	12	24	2
53	20	14	46	18	8	1	30	21	16	36	5	52	45	43	27	17	20	41	27	26	29	7	12	24	2
53	20	14	46	18	8	1	30	21	16	36	5	52	45	43	27	17	22	34	46	45	46	15	12	24	2
53	20	14	46	18	8	1	30	21	16	36	5	52	45	43	27	17	24	32	34	22	37	31	12	24	2
53	20	14	46	18	8	1	30	21	16	36	5	52	45	43	27	17	28	1	20	23	32	4	12	24	2
53	20	14	46	18	8	1	30	21	16	36	5	52	45	43	27	17	32	15	32	18	47	47	12	24	2
53	20	14	46	18	8	1	30	21	16	36	5	52	45	43	27	17	34	9	37	2	38	52	12	24	2
53	20	14	46	18	8	1	30	21	16	36	5	52	45	43	27	17	39	48	43	14	33	1	12	24	2
53	20	14	46	18	8	1	30	21	16	36	5	52	45	43	27	17	41	46	24	31	46	46	12	24	2
53	20	14	46	18	8	1	30	21	16	36	5	52	45	43	27	17	47	22	49	32	31	32	12	24	2
53	20	14	46	18	8	2	30	16	21	36	5	52	45	43	27	17	2	28	43	39	28	27	12	24	2
53	20	14	46	18	8	2	30	16	21	36	5	52	45	43	27	17	4	11	7	34	0	17	12	24	2
53	20	14	46	18	8	2	30	16	21	36	5	52	45	43	27	17	12	37	0	21	5	15	12	24	2
53	20	14	46	18	8	2	30	16	21	36	5	52	45	43	27	17	13	24	51	20	27	44	12	24	2
53	20	14	46	18	8	2	30	16	21	36	5	52	45	43	27	17	14	38	34	8	8	44	12	24	2
53	20	14	46	18	8	2	30	16	21	36	5	52	45	43	27	17	15	20	17	33	43	22	12	24	2
53	20	14	46	18	8	2	30	16	21	36	5	52	45	43	27	17	20	2	33	35	24	46	12	24	2
53	20	14	46	18	8	2	30	16	21	36	5	52	45	43	27	17	20	41	27	26	29	7	12	24	2
53	20	14	46	18	8	2	30	16	21	36	5	52	45	43	27	17	22	34	46	45	46	15	12	24	2
53	20	14	46	18	8	2	30	16	21	36	5	52	45	43	27	17	24	32	34	22	37	31	12	24	2
53	20	14	46	18	8	2	30	16	21	36	5	52	45	43	27	17	28	1	20	23	32	4	12	24	2
53	20	14	46	18	8	2	30	16	21	36	5	52	45	43	27	17	32	15	32	18	47	47	12	24	2
53	20	14	46	18	8	2	30	16	21	36	5	52	45	43	27	17	34	9	37	2	38	52	12	24	2
53	20	14	46	18	8	2	30	16	21	36	5	52	45	43	27	17	39	48	43	14	33	1	12	24	2
53	20	14	46	18	8	2	30	16	21	36	5	52	45	43	27	17	41	46	24	31	46	46	12	24	2
53	20	14	46	18	8	2	30	16	21	36	5	52	45	43	27	17	47	22	49	32	31	32	12	24	2
53	20	14	46	18	8	3	21	16	30	36	5	52	45	43	27	17	2	28	43	39	28	27	12	24	2
53	20	14	46	18	8	3	21	16	30	36	5	52	45	43	27	17	4	11	7	34	0	17	12	24	2
53	20	14	46	18	8	3	21	16	30	36	5	52	45	43	27	17	12	37	0	21	5	15	12	24	2
53	20	14	46	18	8	3	21	16	30	36	5	52	45	43	27	17	13	24	51	20	27	44	12	24	2
53	20	14	46	18	8	3	21	16	30	36	5	52	45	43	27	17	14	38	34	8	8	44	12	24	2
53	20	14	46	18	8	3	21	16	30	36	5	52	45	43	27	17	15	20	17	33	43	22	12	24	2
53	20	14	46	18	8	3	21	16	30	36	5	52	45	43	27	17	20	2	33	35	24	46	12	24	2
53	20	14	46	18	8	3	21	16	30	36	5	52	45	43	27	17	20	41	27	26	29	7	12	24	2
53	20	14	46	18	8	3	21	16	30	36	5	52	45	43	27	17	22	34	46	45	46	15	12	24	2
53	20	14	46	18	8	3	21	16	30	36	5	52	45	43	27	17	24	32	34	22	37	31	12	24	2
53	20	14	46	18	8	3	21	16	30	36	5	52	45	43	27	17	28	1	20	23	32	4	12	24	2
53	20	14	46	18	8	3	21	16	30	36	5	52	45	43	27	17	32	15	32	18	47	47	12	24	2
53	20	14	46	18	8	3	21	16	30	36	5	52	45	43	27	17	34	9	37	2	38	52	12	24	2
53	20	14	46	18	8	3	21	16	30	36	5	52	45	43	27	17	39	48	43	14	33	1	12	24	2
53	20	14	46	18	8	3	21	16	30	36	5	52	45	43	27	17	41	46	24	31	46	46	12	24	2
53	20	14	46	18	8	3	21	16	30	36	5	52	45	43	27	17	47	22	49	32	31	32	12	24	2
53	20	14	46	35	45	1	23	32	37	17	28	22	43	25	12	16	2	1	2	33	21	48	12	24	2
53	20	14	46	35	45	1	23	32	37	17	28	22	43	25	12	16	5	14	37	21	40	28	12	24	2
53	20	14	46	35	45	1	23	32	37	17	28	22	43	25	12	16	7	45	29	31	16	6	12	24	2
53	20	14	46	35	45	1	23	32	37	17	28	22	43	25	12	16	9	50	12	14	44	1	12	24	2
53	20	14	46	35	45	1	23	32	37	17	28	22	43	25	12	16	18	13	3	18	18	27	12	24	2
53	20	14	46	35	45	1	23	32	37	17	28	22	43	25	12	16	25	47	40	32	1	10	12	24	2
53	20	14	46	35	45	1	23	32	37	17	28	22	43	25	12	16	30	19	35	22	37	13	12	24	2
53	20	14	46	35	45	1	23	32	37	17	28	22	43	25	12	16	35	25	48	3	6	22	12	24	2
53	20	14	46	35	45	1	23	32	37	17	28	22	43	25	12	16	44	22	4	31	4	47	12	24	2
53	20	14	46	35	45	1	23	32	37	17	28	22	43	25	12	16	48	26	29	20	4	44	12	24	2
53	20	14	46	35	45	2	23	37	32	17	28	22	43	25	12	16	2	1	2	33	21	48	12	24	2
53	20	14	46	35	45	2	23	37	32	17	28	22	43	25	12	16	5	14	37	21	40	28	12	24	2
53	20	14	46	35	45	2	23	37	32	17	28	22	43	25	12	16	7	45	29	31	16	6	12	24	2
53	20	14	46	35	45	2	23	37	32	17	28	22	43	25	12	16	9	50	12	14	44	1	12	24	2
53	20	14	46	35	45	2	23	37	32	17	28	22	43	25	12	16	18	13	3	18	18	27	12	24	2
53	20	14	46	35	45	2	23	37	32	17	28	22	43	25	12	16	25	47	40	32	1	10	12	24	2
53	20	14	46	35	45	2	23	37	32	17	28	22	43	25	12	16	30	19	35	22	37	13	12	24	2
53	20	14	46	35	45	2	23	37	32	17	28	22	43	25	12	16	35	25	48	3	6	22	12	24	2
53	20	14	46	35	45	2	23	37	32	17	28	22	43	25	12	16	44	22	4	31	4	47	12	24	2
53	20	14	46	35	45	2	23	37	32	17	28	22	43	25	12	16	48	26	29	20	4	44	12	24	2
53	20	14	46	35	45	3	32	37	23	17	28	22	43	25	12	16	2	1	2	33	21	48	12	24	2
53	20	14	46	35	45	3	32	37	23	17	28	22	43	25	12	16	5	14	37	21	40	28	12	24	2
53	20	14	46	35	45	3	32	37	23	17	28	22	43	25	12	16	7	45	29	31	16	6	12	24	2
53	20	14	46	35	45	3	32	37	23	17	28	22	43	25	12	16	9	50	12	14	44	1	12	24	2
53	20	14	46	35	45	3	32	37	23	17	28	22	43	25	12	16	18	13	3	18	18	27	12	24	2
53	20	14	46	35	45	3	32	37	23	17	28	22	43	25	12	16	25	47	40	32	1	10	12	24	2
53	20	14	46	35	45	3	32	37	23	17	28	22	43	25	12	16	30	19	35	22	37	13	12	24	2
53	20	14	46	35	45	3	32	37	23	17	28	22	43	25	12	16	35	25	48	3	6	22	12	24	2
53	20	14	46	35	45	3	32	37	23	17	28	22	43	25	12	16	44	22	4	31	4	47	12	24	2
53	20	14	46	35	45	3	32	37	23	17	28	22	43	25	12	16	48	26	29	20	4	44	12	24	2
53	20	46	14	18	8	1	30	16	21	36	5	52	45	43	27	17	2	28	43	39	28	27	12	24	2
53	20	46	14	18	8	1	30	16	21	36	5	52	45	43	27	17	4	11	7	34	0	17	12	24	2
53	20	46	14	18	8	1	30	16	21	36	5	52	45	43	27	17	12	37	0	21	5	15	12	24	2
53	20	46	14	18	8	1	30	16	21	36	5	52	45	43	27	17	13	24	51	20	27	44	12	24	2
53	20	46	14	18	8	1	30	16	21	36	5	52	45	43	27	17	14	38	34	8	8	44	12	24	2
53	20	46	14	18	8	1	30	16	21	36	5	52	45	43	27	17	15	20	17	33	43	22	12	24	2
53	20	46	14	18	8	1	30	16	21	36	5	52	45	43	27	17	20	2	33	35	24	46	12	24	2
53	20	46	14	18	8	1	30	16	21	36	5	52	45	43	27	17	20	41	27	26	29	7	12	24	2
53	20	46	14	18	8	1	30	16	21	36	5	52	45	43	27	17	22	34	46	45	46	15	12	24	2
53	20	46	14	18	8	1	30	16	21	36	5	52	45	43	27	17	24	32	34	22	37	31	12	24	2
53	20	46	14	18	8	1	30	16	21	36	5	52	45	43	27	17	28	1	20	23	32	4	12	24	2
53	20	46	14	18	8	1	30	16	21	36	5	52	45	43	27	17	32	15	32	18	47	47	12	24	2
53	20	46	14	18	8	1	30	16	21	36	5	52	45	43	27	17	34	9	37	2	38	52	12	24	2
53	20	46	14	18	8	1	30	16	21	36	5	52	45	43	27	17	39	48	43	14	33	1	12	24	2
53	20	46	14	18	8	1	30	16	21	36	5	52	45	43	27	17	41	46	24	31	46	46	12	24	2
53	20	46	14	18	8	1	30	16	21	36	5	52	45	43	27	17	47	22	49	32	31	32	12	24	2
53	20	46	14	18	8	2	30	21	16	36	5	52	45	43	27	17	2	28	43	39	28	27	12	24	2
53	20	46	14	18	8	2	30	21	16	36	5	52	45	43	27	17	4	11	7	34	0	17	12	24	2
53	20	46	14	18	8	2	30	21	16	36	5	52	45	43	27	17	12	37	0	21	5	15	12	24	2
53	20	46	14	18	8	2	30	21	16	36	5	52	45	43	27	17	13	24	51	20	27	44	12	24	2
53	20	46	14	18	8	2	30	21	16	36	5	52	45	43	27	17	14	38	34	8	8	44	12	24	2
53	20	46	14	18	8	2	30	21	16	36	5	52	45	43	27	17	15	20	17	33	43	22	12	24	2
53	20	46	14	18	8	2	30	21	16	36	5	52	45	43	27	17	20	2	33	35	24	46	12	24	2
53	20	46	14	18	8	2	30	21	16	36	5	52	45	43	27	17	20	41	27	26	29	7	12	24	2
53	20	46	14	18	8	2	30	21	16	36	5	52	45	43	27	17	22	34	46	45	46	15	12	24	2
53	20	46	14	18	8	2	30	21	16	36	5	52	45	43	27	17	24	32	34	22	37	31	12	24	2
53	20	46	14	18	8	2	30	21	16	36	5	52	45	43	27	17	28	1	20	23	32	4	12	24	2
53	20	46	14	18	8	2	30	21	16	36	5	52	45	43	27	17	32	15	32	18	47	47	12	24	2
53	20	46	14	18	8	2	30	21	16	36	5	52	45	43	27	17	34	9	37	2	38	52	12	24	2
53	20	46	14	18	8	2	30	21	16	36	5	52	45	43	27	17	39	48	43	14	33	1	12	24	2
53	20	46	14	18	8	2	30	21	16	36	5	52	45	43	27	17	41	46	24	31	46	46	12	24	2
53	20	46	14	18	8	2	30	21	16	36	5	52	45	43	27	17	47	22	49	32	31	32	12	24	2
53	20	46	14	18	8	3	16	21	30	36	5	52	45	43	27	17	2	28	43	39	28	27	12	24	2
53	20	46	14	18	8	3	16	21	30	36	5	52	45	43	27	17	4	11	7	34	0	17	12	24	2
53	20	46	14	18	8	3	16	21	30	36	5	52	45	43	27	17	12	37	0	21	5	15	12	24	2
53	20	46	14	18	8	3	16	21	30	36	5	52	45	43	27	17	13	24	51	20	27	44	12	24	2
53	20	46	14	18	8	3	16	21	30	36	5	52	45	43	27	17	14	38	34	8	8	44	12	24	2
53	20	46	14	18	8	3	16	21	30	36	5	52	45	43	27	17	15	20	17	33	43	22	12	24	2
53	20	46	14	18	8	3	16	21	30	36	5	52	45	43	27	17	20	2	33	35	24	46	12	24	2
53	20	46	14	18	8	3	16	21	30	36	5	52	45	43	27	17	20	41	27	26	29	7	12	24	2
53	20	46	14	18	8	3	16	21	30	36	5	52	45	43	27	17	22	34	46	45	46	15	12	24	2
53	20	46	14	18	8	3	16	21	30	36	5	52	45	43	27	17	24	32	34	22	37	31	12	24	2
53	20	46	14	18	8	3	16	21	30	36	5	52	45	43	27	17	28	1	20	23	32	4	12	24	2
53	20	46	14	18	8	3	16	21	30	36	5	52	45	43	27	17	32	15	32	18	47	47	12	24	2
53	20	46	14	18	8	3	16	21	30	36	5	52	45	43	27	17	34	9	37	2	38	52	12	24	2
53	20	46	14	18	8	3	16	21	30	36	5	52	45	43	27	17	39	48	43	14	33	1	12	24	2
53	20	46	14	18	8	3	16	21	30	36	5	52	45	43	27	17	41	46	24	31	46	46	12	24	2
53	20	46	14	18	8	3	16	21	30	36	5	52	45	43	27	17	47	22	49	32	31	32	12	24	2
53	20	46	14	35	45	1	23	37	32	17	28	22	43	25	12	16	2	1	2	33	21	48	12	24	2
53	20	46	14	35	45	1	23	37	32	17	28	22	43	25	12	16	5	14	37	21	40	28	12	24	2
53	20	46	14	35	45	1	23	37	32	17	28	22	43	25	12	16	7	45	29	31	16	6	12	24	2
53	20	46	14	35	45	1	23	37	32	17	28	22	43	25	12	16	9	50	12	14	44	1	12	24	2
53	20	46	14	35	45	1	23	37	32	17	28	22	43	25	12	16	18	13	3	18	18	27	12	24	2
53	20	46	14	35	45	1	23	37	32	17	28	22	43	25	12	16	25	47	40	32	1	10	12	24	2
53	20	46	14	35	45	1	23	37	32	17	28	22	43	25	12	16	30	19	35	22	37	13	12	24	2
53	20	46	14	35	45	1	23	37	32	17	28	22	43	25	12	16	35	25	48	3	6	22	12	24	2
53	20	46	14	35	45	1	23	37	32	17	28	22	43	25	12	16	44	22	4	31	4	47	12	24	2
53	20	46	14	35	45	1	23	37	32	17	28	22	43	25	12	16	48	26	29	20	4	44	12	24	2
53	20	46	14	35	45	2	23	32	37	17	28	22	43	25	12	16	2	1	2	33	21	48	12	24	2
53	20	46	14	35	45	2	23	32	37	17	28	22	43	25	12	16	5	14	37	21	40	28	12	24	2
53	20	46	14	35	45	2	23	32	37	17	28	22	43	25	12	16	7	45	29	31	16	6	12	24	2
53	20	46	14	35	45	2	23	32	37	17	28	22	43	25	12	16	9	50	12	14	44	1	12	24	2
53	20	46	14	35	45	2	23	32	37	17	28	22	43	25	12	16	18	13	3	18	18	27	12	24	2
53	20	46	14	35	45	2	23	32	37	17	28	22	43	25	12	16	25	47	40	32	1	10	12	24	2
53	20	46	14	35	45	2	23	32	37	17	28	22	43	25	12	16	30	19	35	22	37	13	12	24	2
53	20	46	14	35	45	2	23	32	37	17	28	22	43	25	12	16	35	25	48	3	6	22	12	24	2
53	20	46	14	35	45	2	23	32	37	17	28	22	43	25	12	16	44	22	4	31	4	47	12	24	2
53	20	46	14	35	45	2	23	32	37	17	28	22	43	25	12	16	48	26	29	20	4	44	12	24	2
53	20	46	14	35	45	3	37	32	23	17	28	22	43	25	12	16	2	1	2	33	21	48	12	24	2
53	20	46	14	35	45	3	37	32	23	17	28	22	43	25	12	16	5	14	37	21	40	28	12	24	2
53	20	46	14	35	45	3	37	32	23	17	28	22	43	25	12	16	7	45	29	31	16	6	12	24	2
53	20	46	14	35	45	3	37	32	23	17	28	22	43	25	12	16	9	50	12	14	44	1	12	24	2
53	20	46	14	35	45	3	37	32	23	17	28	22	43	25	12	16	18	13	3	18	18	27	12	24	2
53	20	46	14	35	45	3	37	32	23	17	28	22	43	25	12	16	25	47	40	32	1	10	12	24	2
53	20	46	14	35	45	3	37	32	23	17	28	22	43	25	12	16	30	19	35	22	37	13	12	24	2
53	20	46	14	35	45	3	37	32	23	17	28	22	43	25	12	16	35	25	48	3	6	22	12	24	2
53	20	46	14	35	45	3	37	32	23	17	28	22	43	25	12	16	44	22	4	31	4	47	12	24	2
53	20	46	14	35	45	3	37	32	23	17	28	22	43	25	12	16	48	26	29	20	4	44	12	24	2
53	25	7	10	33	5	1	6	25	13	1	52	43	12	36	10	18	11	35	44	29	14	23	12	24	2
53	25	7	10	33	5	1	6	25	13	1	52	43	12	36	10	18	21	7	38	13	35	37	12	24	2
53	25	7	10	33	5	1	6	25	13	1	52	43	12	36	10	18	23	38	7	40	8	17	12	24	2
53	25	7	10	33	5	1	6	25	13	1	52	43	12	36	10	18	25	19	52	25	44	1	12	24	2
53	25	7	10	33	5	1	6	25	13	1	52	43	12	36	10	18	28	2	13	43	36	11	12	24	2
53	25	7	10	33	5	1	6	25	13	1	52	43	12	36	10	18	40	36	36	25	39	19	12	24	2
53	25	7	10	33	5	1	6	25	13	1	52	43	12	36	10	18	40	51	43	17	14	34	12	24	2
53	25	7	10	33	5	1	6	25	13	1	52	43	12	36	10	18	44	11	28	43	1	50	12	24	2
53	25	7	10	33	5	1	6	25	13	1	52	43	12	36	10	18	48	29	50	7	31	47	12	24	2
53	25	7	10	33	5	1	6	25	13	1	52	43	12	36	10	18	51	6	36	46	40	24	12	24	2
53	25	7	10	33	5	2	6	13	25	1	52	43	12	36	10	18	11	35	44	29	14	23	12	24	2
53	25	7	10	33	5	2	6	13	25	1	52	43	12	36	10	18	21	7	38	13	35	37	12	24	2
53	25	7	10	33	5	2	6	13	25	1	52	43	12	36	10	18	23	38	7	40	8	17	12	24	2
53	25	7	10	33	5	2	6	13	25	1	52	43	12	36	10	18	25	19	52	25	44	1	12	24	2
53	25	7	10	33	5	2	6	13	25	1	52	43	12	36	10	18	28	2	13	43	36	11	12	24	2
53	25	7	10	33	5	2	6	13	25	1	52	43	12	36	10	18	40	36	36	25	39	19	12	24	2
53	25	7	10	33	5	2	6	13	25	1	52	43	12	36	10	18	40	51	43	17	14	34	12	24	2
53	25	7	10	33	5	2	6	13	25	1	52	43	12	36	10	18	44	11	28	43	1	50	12	24	2
53	25	7	10	33	5	2	6	13	25	1	52	43	12	36	10	18	48	29	50	7	31	47	12	24	2
53	25	7	10	33	5	2	6	13	25	1	52	43	12	36	10	18	51	6	36	46	40	24	12	24	2
53	25	7	10	33	5	3	25	13	6	1	52	43	12	36	10	18	11	35	44	29	14	23	12	24	2
53	25	7	10	33	5	3	25	13	6	1	52	43	12	36	10	18	21	7	38	13	35	37	12	24	2
53	25	7	10	33	5	3	25	13	6	1	52	43	12	36	10	18	23	38	7	40	8	17	12	24	2
53	25	7	10	33	5	3	25	13	6	1	52	43	12	36	10	18	25	19	52	25	44	1	12	24	2
53	25	7	10	33	5	3	25	13	6	1	52	43	12	36	10	18	28	2	13	43	36	11	12	24	2
53	25	7	10	33	5	3	25	13	6	1	52	43	12	36	10	18	40	36	36	25	39	19	12	24	2
53	25	7	10	33	5	3	25	13	6	1	52	43	12	36	10	18	40	51	43	17	14	34	12	24	2
53	25	7	10	33	5	3	25	13	6	1	52	43	12	36	10	18	44	11	28	43	1	50	12	24	2
53	25	7	10	33	5	3	25	13	6	1	52	43	12	36	10	18	48	29	50	7	31	47	12	24	2
53	25	7	10	33	5	3	25	13	6	1	52	43	12	36	10	18	51	6	36	46	40	24	12	24	2
53	25	7	10	20	48	1	47	28	40	52	25	2	37	49	4	2	7	17	22	43	48	12	12	24	2
53	25	7	10	20	48	1	47	28	40	52	25	2	37	49	4	2	9	36	31	7	16	30	12	24	2
53	25	7	10	20	48	1	47	28	40	52	25	2	37	49	4	2	11	37	35	37	30	50	12	24	2
53	25	7	10	20	48	1	47	28	40	52	25	2	37	49	4	2	12	45	32	16	23	3	12	24	2
53	25	7	10	20	48	1	47	28	40	52	25	2	37	49	4	2	15	20	13	25	20	38	12	24	2
53	25	7	10	20	48	1	47	28	40	52	25	2	37	49	4	2	21	46	41	24	27	12	12	24	2
53	25	7	10	20	48	1	47	28	40	52	25	2	37	49	4	2	26	1	41	7	50	23	12	24	2
53	25	7	10	20	48	1	47	28	40	52	25	2	37	49	4	2	26	29	38	25	3	30	12	24	2
53	25	7	10	20	48	1	47	28	40	52	25	2	37	49	4	2	32	13	18	40	17	33	12	24	2
53	25	7	10	20	48	1	47	28	40	52	25	2	37	49	4	2	33	5	26	40	19	4	12	24	2
53	25	7	10	20	48	1	47	28	40	52	25	2	37	49	4	2	41	50	2	9	6	48	12	24	2
53	25	7	10	20	48	1	47	28	40	52	25	2	37	49	4	2	42	28	5	44	45	5	12	24	2
53	25	7	10	20	48	1	47	28	40	52	25	2	37	49	4	2	44	12	8	47	16	3	12	24	2
53	25	7	10	20	48	1	47	28	40	52	25	2	37	49	4	2	49	31	19	7	40	47	12	24	2
53	25	7	10	20	48	1	47	28	40	52	25	2	37	49	4	2	51	45	29	43	32	47	12	24	2
53	25	7	10	20	48	1	47	28	40	52	25	2	37	49	4	2	52	10	8	40	13	20	12	24	2
53	25	7	10	20	48	2	47	40	28	52	25	2	37	49	4	2	7	17	22	43	48	12	12	24	2
53	25	7	10	20	48	2	47	40	28	52	25	2	37	49	4	2	9	36	31	7	16	30	12	24	2
53	25	7	10	20	48	2	47	40	28	52	25	2	37	49	4	2	11	37	35	37	30	50	12	24	2
53	25	7	10	20	48	2	47	40	28	52	25	2	37	49	4	2	12	45	32	16	23	3	12	24	2
53	25	7	10	20	48	2	47	40	28	52	25	2	37	49	4	2	15	20	13	25	20	38	12	24	2
53	25	7	10	20	48	2	47	40	28	52	25	2	37	49	4	2	21	46	41	24	27	12	12	24	2
53	25	7	10	20	48	2	47	40	28	52	25	2	37	49	4	2	26	1	41	7	50	23	12	24	2
53	25	7	10	20	48	2	47	40	28	52	25	2	37	49	4	2	26	29	38	25	3	30	12	24	2
53	25	7	10	20	48	2	47	40	28	52	25	2	37	49	4	2	32	13	18	40	17	33	12	24	2
53	25	7	10	20	48	2	47	40	28	52	25	2	37	49	4	2	33	5	26	40	19	4	12	24	2
53	25	7	10	20	48	2	47	40	28	52	25	2	37	49	4	2	41	50	2	9	6	48	12	24	2
53	25	7	10	20	48	2	47	40	28	52	25	2	37	49	4	2	42	28	5	44	45	5	12	24	2
53	25	7	10	20	48	2	47	40	28	52	25	2	37	49	4	2	44	12	8	47	16	3	12	24	2
53	25	7	10	20	48	2	47	40	28	52	25	2	37	49	4	2	49	31	19	7	40	47	12	24	2
53	25	7	10	20	48	2	47	40	28	52	25	2	37	49	4	2	51	45	29	43	32	47	12	24	2
53	25	7	10	20	48	2	47	40	28	52	25	2	37	49	4	2	52	10	8	40	13	20	12	24	2
53	25	7	10	20	48	3	28	40	47	52	25	2	37	49	4	2	7	17	22	43	48	12	12	24	2
53	25	7	10	20	48	3	28	40	47	52	25	2	37	49	4	2	9	36	31	7	16	30	12	24	2
53	25	7	10	20	48	3	28	40	47	52	25	2	37	49	4	2	11	37	35	37	30	50	12	24	2
53	25	7	10	20	48	3	28	40	47	52	25	2	37	49	4	2	12	45	32	16	23	3	12	24	2
53	25	7	10	20	48	3	28	40	47	52	25	2	37	49	4	2	15	20	13	25	20	38	12	24	2
53	25	7	10	20	48	3	28	40	47	52	25	2	37	49	4	2	21	46	41	24	27	12	12	24	2
53	25	7	10	20	48	3	28	40	47	52	25	2	37	49	4	2	26	1	41	7	50	23	12	24	2
53	25	7	10	20	48	3	28	40	47	52	25	2	37	49	4	2	26	29	38	25	3	30	12	24	2
53	25	7	10	20	48	3	28	40	47	52	25	2	37	49	4	2	32	13	18	40	17	33	12	24	2
53	25	7	10	20	48	3	28	40	47	52	25	2	37	49	4	2	33	5	26	40	19	4	12	24	2
53	25	7	10	20	48	3	28	40	47	52	25	2	37	49	4	2	41	50	2	9	6	48	12	24	2
53	25	7	10	20	48	3	28	40	47	52	25	2	37	49	4	2	42	28	5	44	45	5	12	24	2
53	25	7	10	20	48	3	28	40	47	52	25	2	37	49	4	2	44	12	8	47	16	3	12	24	2
53	25	7	10	20	48	3	28	40	47	52	25	2	37	49	4	2	49	31	19	7	40	47	12	24	2
53	25	7	10	20	48	3	28	40	47	52	25	2	37	49	4	2	51	45	29	43	32	47	12	24	2
53	25	7	10	20	48	3	28	40	47	52	25	2	37	49	4	2	52	10	8	40	13	20	12	24	2
53	25	10	7	33	5	1	6	13	25	1	52	43	12	36	10	18	11	35	44	29	14	23	12	24	2
53	25	10	7	33	5	1	6	13	25	1	52	43	12	36	10	18	21	7	38	13	35	37	12	24	2
53	25	10	7	33	5	1	6	13	25	1	52	43	12	36	10	18	23	38	7	40	8	17	12	24	2
53	25	10	7	33	5	1	6	13	25	1	52	43	12	36	10	18	25	19	52	25	44	1	12	24	2
53	25	10	7	33	5	1	6	13	25	1	52	43	12	36	10	18	28	2	13	43	36	11	12	24	2
53	25	10	7	33	5	1	6	13	25	1	52	43	12	36	10	18	40	36	36	25	39	19	12	24	2
53	25	10	7	33	5	1	6	13	25	1	52	43	12	36	10	18	40	51	43	17	14	34	12	24	2
53	25	10	7	33	5	1	6	13	25	1	52	43	12	36	10	18	44	11	28	43	1	50	12	24	2
53	25	10	7	33	5	1	6	13	25	1	52	43	12	36	10	18	48	29	50	7	31	47	12	24	2
53	25	10	7	33	5	1	6	13	25	1	52	43	12	36	10	18	51	6	36	46	40	24	12	24	2
53	25	10	7	33	5	2	6	25	13	1	52	43	12	36	10	18	11	35	44	29	14	23	12	24	2
53	25	10	7	33	5	2	6	25	13	1	52	43	12	36	10	18	21	7	38	13	35	37	12	24	2
53	25	10	7	33	5	2	6	25	13	1	52	43	12	36	10	18	23	38	7	40	8	17	12	24	2
53	25	10	7	33	5	2	6	25	13	1	52	43	12	36	10	18	25	19	52	25	44	1	12	24	2
53	25	10	7	33	5	2	6	25	13	1	52	43	12	36	10	18	28	2	13	43	36	11	12	24	2
53	25	10	7	33	5	2	6	25	13	1	52	43	12	36	10	18	40	36	36	25	39	19	12	24	2
53	25	10	7	33	5	2	6	25	13	1	52	43	12	36	10	18	40	51	43	17	14	34	12	24	2
53	25	10	7	33	5	2	6	25	13	1	52	43	12	36	10	18	44	11	28	43	1	50	12	24	2
53	25	10	7	33	5	2	6	25	13	1	52	43	12	36	10	18	48	29	50	7	31	47	12	24	2
53	25	10	7	33	5	2	6	25	13	1	52	43	12	36	10	18	51	6	36	46	40	24	12	24	2
53	25	10	7	33	5	3	13	25	6	1	52	43	12	36	10	18	11	35	44	29	14	23	12	24	2
53	25	10	7	33	5	3	13	25	6	1	52	43	12	36	10	18	21	7	38	13	35	37	12	24	2
53	25	10	7	33	5	3	13	25	6	1	52	43	12	36	10	18	23	38	7	40	8	17	12	24	2
53	25	10	7	33	5	3	13	25	6	1	52	43	12	36	10	18	25	19	52	25	44	1	12	24	2
53	25	10	7	33	5	3	13	25	6	1	52	43	12	36	10	18	28	2	13	43	36	11	12	24	2
53	25	10	7	33	5	3	13	25	6	1	52	43	12	36	10	18	40	36	36	25	39	19	12	24	2
53	25	10	7	33	5	3	13	25	6	1	52	43	12	36	10	18	40	51	43	17	14	34	12	24	2
53	25	10	7	33	5	3	13	25	6	1	52	43	12	36	10	18	44	11	28	43	1	50	12	24	2
53	25	10	7	33	5	3	13	25	6	1	52	43	12	36	10	18	48	29	50	7	31	47	12	24	2
53	25	10	7	33	5	3	13	25	6	1	52	43	12	36	10	18	51	6	36	46	40	24	12	24	2
53	25	10	7	20	48	1	47	40	28	52	25	2	37	49	4	2	7	17	22	43	48	12	12	24	2
53	25	10	7	20	48	1	47	40	28	52	25	2	37	49	4	2	9	36	31	7	16	30	12	24	2
53	25	10	7	20	48	1	47	40	28	52	25	2	37	49	4	2	11	37	35	37	30	50	12	24	2
53	25	10	7	20	48	1	47	40	28	52	25	2	37	49	4	2	12	45	32	16	23	3	12	24	2
53	25	10	7	20	48	1	47	40	28	52	25	2	37	49	4	2	15	20	13	25	20	38	12	24	2
53	25	10	7	20	48	1	47	40	28	52	25	2	37	49	4	2	21	46	41	24	27	12	12	24	2
53	25	10	7	20	48	1	47	40	28	52	25	2	37	49	4	2	26	1	41	7	50	23	12	24	2
53	25	10	7	20	48	1	47	40	28	52	25	2	37	49	4	2	26	29	38	25	3	30	12	24	2
53	25	10	7	20	48	1	47	40	28	52	25	2	37	49	4	2	32	13	18	40	17	33	12	24	2
53	25	10	7	20	48	1	47	40	28	52	25	2	37	49	4	2	33	5	26	40	19	4	12	24	2
53	25	10	7	20	48	1	47	40	28	52	25	2	37	49	4	2	41	50	2	9	6	48	12	24	2
53	25	10	7	20	48	1	47	40	28	52	25	2	37	49	4	2	42	28	5	44	45	5	12	24	2
53	25	10	7	20	48	1	47	40	28	52	25	2	37	49	4	2	44	12	8	47	16	3	12	24	2
53	25	10	7	20	48	1	47	40	28	52	25	2	37	49	4	2	49	31	19	7	40	47	12	24	2
53	25	10	7	20	48	1	47	40	28	52	25	2	37	49	4	2	51	45	29	43	32	47	12	24	2
53	25	10	7	20	48	1	47	40	28	52	25	2	37	49	4	2	52	10	8	40	13	20	12	24	2
53	25	10	7	20	48	2	47	28	40	52	25	2	37	49	4	2	7	17	22	43	48	12	12	24	2
53	25	10	7	20	48	2	47	28	40	52	25	2	37	49	4	2	9	36	31	7	16	30	12	24	2
53	25	10	7	20	48	2	47	28	40	52	25	2	37	49	4	2	11	37	35	37	30	50	12	24	2
53	25	10	7	20	48	2	47	28	40	52	25	2	37	49	4	2	12	45	32	16	23	3	12	24	2
53	25	10	7	20	48	2	47	28	40	52	25	2	37	49	4	2	15	20	13	25	20	38	12	24	2
53	25	10	7	20	48	2	47	28	40	52	25	2	37	49	4	2	21	46	41	24	27	12	12	24	2
53	25	10	7	20	48	2	47	28	40	52	25	2	37	49	4	2	26	1	41	7	50	23	12	24	2
53	25	10	7	20	48	2	47	28	40	52	25	2	37	49	4	2	26	29	38	25	3	30	12	24	2
53	25	10	7	20	48	2	47	28	40	52	25	2	37	49	4	2	32	13	18	40	17	33	12	24	2
53	25	10	7	20	48	2	47	28	40	52	25	2	37	49	4	2	33	5	26	40	19	4	12	24	2
53	25	10	7	20	48	2	47	28	40	52	25	2	37	49	4	2	41	50	2	9	6	48	12	24	2
53	25	10	7	20	48	2	47	28	40	52	25	2	37	49	4	2	42	28	5	44	45	5	12	24	2
53	25	10	7	20	48	2	47	28	40	52	25	2	37	49	4	2	44	12	8	47	16	3	12	24	2
53	25	10	7	20	48	2	47	28	40	52	25	2	37	49	4	2	49	31	19	7	40	47	12	24	2
53	25	10	7	20	48	2	47	28	40	52	25	2	37	49	4	2	51	45	29	43	32	47	12	24	2
53	25	10	7	20	48	2	47	28	40	52	25	2	37	49	4	2	52	10	8	40	13	20	12	24	2
53	25	10	7	20	48	3	40	28	47	52	25	2	37	49	4	2	7	17	22	43	48	12	12	24	2
53	25	10	7	20	48	3	40	28	47	52	25	2	37	49	4	2	9	36	31	7	16	30	12	24	2
53	25	10	7	20	48	3	40	28	47	52	25	2	37	49	4	2	11	37	35	37	30	50	12	24	2
53	25	10	7	20	48	3	40	28	47	52	25	2	37	49	4	2	12	45	32	16	23	3	12	24	2
53	25	10	7	20	48	3	40	28	47	52	25	2	37	49	4	2	15	20	13	25	20	38	12	24	2
53	25	10	7	20	48	3	40	28	47	52	25	2	37	49	4	2	21	46	41	24	27	12	12	24	2
53	25	10	7	20	48	3	40	28	47	52	25	2	37	49	4	2	26	1	41	7	50	23	12	24	2
53	25	10	7	20	48	3	40	28	47	52	25	2	37	49	4	2	26	29	38	25	3	30	12	24	2
53	25	10	7	20	48	3	40	28	47	52	25	2	37	49	4	2	32	13	18	40	17	33	12	24	2
53	25	10	7	20	48	3	40	28	47	52	25	2	37	49	4	2	33	5	26	40	19	4	12	24	2
53	25	10	7	20	48	3	40	28	47	52	25	2	37	49	4	2	41	50	2	9	6	48	12	24	2
53	25	10	7	20	48	3	40	28	47	52	25	2	37	49	4	2	42	28	5	44	45	5	12	24	2
53	25	10	7	20	48	3	40	28	47	52	25	2	37	49	4	2	44	12	8	47	16	3	12	24	2
53	25	10	7	20	48	3	40	28	47	52	25	2	37	49	4	2	49	31	19	7	40	47	12	24	2
53	25	10	7	20	48	3	40	28	47	52	25	2	37	49	4	2	51	45	29	43	32	47	12	24	2
53	25	10	7	20	48	3	40	28	47	52	25	2	37	49	4	2	52	10	8	40	13	20	12	24	2
53	28	10	46	33	5	1	47	13	28	1	42	8	46	38	43	49	2	3	31	9	42	28	12	24	2
53	28	10	46	33	5	1	47	13	28	1	42	8	46	38	43	49	2	38	22	46	11	25	12	24	2
53	28	10	46	33	5	1	47	13	28	1	42	8	46	38	43	49	6	20	30	37	20	38	12	24	2
53	28	10	46	33	5	1	47	13	28	1	42	8	46	38	43	49	11	33	3	44	23	26	12	24	2
53	28	10	46	33	5	1	47	13	28	1	42	8	46	38	43	49	12	17	43	11	17	47	12	24	2
53	28	10	46	33	5	1	47	13	28	1	42	8	46	38	43	49	13	30	1	43	52	28	12	24	2
53	28	10	46	33	5	1	47	13	28	1	42	8	46	38	43	49	14	4	51	13	32	1	12	24	2
53	28	10	46	33	5	1	47	13	28	1	42	8	46	38	43	49	17	10	40	6	41	31	12	24	2
53	28	10	46	33	5	1	47	13	28	1	42	8	46	38	43	49	18	29	26	36	9	27	12	24	2
53	28	10	46	33	5	1	47	13	28	1	42	8	46	38	43	49	20	45	33	11	45	6	12	24	2
53	28	10	46	33	5	1	47	13	28	1	42	8	46	38	43	49	30	15	24	16	20	5	12	24	2
53	28	10	46	33	5	1	47	13	28	1	42	8	46	38	43	49	35	11	12	29	33	18	12	24	2
53	28	10	46	33	5	1	47	13	28	1	42	8	46	38	43	49	36	16	26	49	44	3	12	24	2
53	28	10	46	33	5	1	47	13	28	1	42	8	46	38	43	49	39	12	12	9	20	36	12	24	2
53	28	10	46	33	5	1	47	13	28	1	42	8	46	38	43	49	47	14	42	25	31	17	12	24	2
53	28	10	46	33	5	1	47	13	28	1	42	8	46	38	43	49	51	43	8	37	49	11	12	24	2
53	28	10	46	33	5	2	47	28	13	1	42	8	46	38	43	49	2	3	31	9	42	28	12	24	2
53	28	10	46	33	5	2	47	28	13	1	42	8	46	38	43	49	2	38	22	46	11	25	12	24	2
53	28	10	46	33	5	2	47	28	13	1	42	8	46	38	43	49	6	20	30	37	20	38	12	24	2
53	28	10	46	33	5	2	47	28	13	1	42	8	46	38	43	49	11	33	3	44	23	26	12	24	2
53	28	10	46	33	5	2	47	28	13	1	42	8	46	38	43	49	12	17	43	11	17	47	12	24	2
53	28	10	46	33	5	2	47	28	13	1	42	8	46	38	43	49	13	30	1	43	52	28	12	24	2
53	28	10	46	33	5	2	47	28	13	1	42	8	46	38	43	49	14	4	51	13	32	1	12	24	2
53	28	10	46	33	5	2	47	28	13	1	42	8	46	38	43	49	17	10	40	6	41	31	12	24	2
53	28	10	46	33	5	2	47	28	13	1	42	8	46	38	43	49	18	29	26	36	9	27	12	24	2
53	28	10	46	33	5	2	47	28	13	1	42	8	46	38	43	49	20	45	33	11	45	6	12	24	2
53	28	10	46	33	5	2	47	28	13	1	42	8	46	38	43	49	30	15	24	16	20	5	12	24	2
53	28	10	46	33	5	2	47	28	13	1	42	8	46	38	43	49	35	11	12	29	33	18	12	24	2
53	28	10	46	33	5	2	47	28	13	1	42	8	46	38	43	49	36	16	26	49	44	3	12	24	2
53	28	10	46	33	5	2	47	28	13	1	42	8	46	38	43	49	39	12	12	9	20	36	12	24	2
53	28	10	46	33	5	2	47	28	13	1	42	8	46	38	43	49	47	14	42	25	31	17	12	24	2
53	28	10	46	33	5	2	47	28	13	1	42	8	46	38	43	49	51	43	8	37	49	11	12	24	2
53	28	10	46	33	5	3	13	28	47	1	42	8	46	38	43	49	2	3	31	9	42	28	12	24	2
53	28	10	46	33	5	3	13	28	47	1	42	8	46	38	43	49	2	38	22	46	11	25	12	24	2
53	28	10	46	33	5	3	13	28	47	1	42	8	46	38	43	49	6	20	30	37	20	38	12	24	2
53	28	10	46	33	5	3	13	28	47	1	42	8	46	38	43	49	11	33	3	44	23	26	12	24	2
53	28	10	46	33	5	3	13	28	47	1	42	8	46	38	43	49	12	17	43	11	17	47	12	24	2
53	28	10	46	33	5	3	13	28	47	1	42	8	46	38	43	49	13	30	1	43	52	28	12	24	2
53	28	10	46	33	5	3	13	28	47	1	42	8	46	38	43	49	14	4	51	13	32	1	12	24	2
53	28	10	46	33	5	3	13	28	47	1	42	8	46	38	43	49	17	10	40	6	41	31	12	24	2
53	28	10	46	33	5	3	13	28	47	1	42	8	46	38	43	49	18	29	26	36	9	27	12	24	2
53	28	10	46	33	5	3	13	28	47	1	42	8	46	38	43	49	20	45	33	11	45	6	12	24	2
53	28	10	46	33	5	3	13	28	47	1	42	8	46	38	43	49	30	15	24	16	20	5	12	24	2
53	28	10	46	33	5	3	13	28	47	1	42	8	46	38	43	49	35	11	12	29	33	18	12	24	2
53	28	10	46	33	5	3	13	28	47	1	42	8	46	38	43	49	36	16	26	49	44	3	12	24	2
53	28	10	46	33	5	3	13	28	47	1	42	8	46	38	43	49	39	12	12	9	20	36	12	24	2
53	28	10	46	33	5	3	13	28	47	1	42	8	46	38	43	49	47	14	42	25	31	17	12	24	2
53	28	10	46	33	5	3	13	28	47	1	42	8	46	38	43	49	51	43	8	37	49	11	12	24	2
53	28	10	46	20	48	1	6	40	25	52	50	2	1	52	22	25	1	48	48	52	31	22	12	24	2
53	28	10	46	20	48	1	6	40	25	52	50	2	1	52	22	25	8	18	28	40	44	23	12	24	2
53	28	10	46	20	48	1	6	40	25	52	50	2	1	52	22	25	10	20	7	38	15	12	12	24	2
53	28	10	46	20	48	1	6	40	25	52	50	2	1	52	22	25	15	2	15	46	52	2	12	24	2
53	28	10	46	20	48	1	6	40	25	52	50	2	1	52	22	25	21	14	24	7	6	45	12	24	2
53	28	10	46	20	48	1	6	40	25	52	50	2	1	52	22	25	22	49	3	1	41	29	12	24	2
53	28	10	46	20	48	1	6	40	25	52	50	2	1	52	22	25	25	5	47	29	14	6	12	24	2
53	28	10	46	20	48	1	6	40	25	52	50	2	1	52	22	25	28	11	40	15	52	42	12	24	2
53	28	10	46	20	48	1	6	40	25	52	50	2	1	52	22	25	29	44	0	37	29	17	12	24	2
53	28	10	46	20	48	1	6	40	25	52	50	2	1	52	22	25	33	15	34	38	32	41	12	24	2
53	28	10	46	20	48	1	6	40	25	52	50	2	1	52	22	25	34	35	22	13	3	34	12	24	2
53	28	10	46	20	48	1	6	40	25	52	50	2	1	52	22	25	38	52	22	52	50	31	12	24	2
53	28	10	46	20	48	1	6	40	25	52	50	2	1	52	22	25	44	30	41	1	20	24	12	24	2
53	28	10	46	20	48	1	6	40	25	52	50	2	1	52	22	25	45	38	21	9	43	46	12	24	2
53	28	10	46	20	48	1	6	40	25	52	50	2	1	52	22	25	47	45	32	6	22	28	12	24	2
53	28	10	46	20	48	1	6	40	25	52	50	2	1	52	22	25	52	51	2	15	15	11	12	24	2
53	28	10	46	20	48	2	6	25	40	52	50	2	1	52	22	25	1	48	48	52	31	22	12	24	2
53	28	10	46	20	48	2	6	25	40	52	50	2	1	52	22	25	8	18	28	40	44	23	12	24	2
53	28	10	46	20	48	2	6	25	40	52	50	2	1	52	22	25	10	20	7	38	15	12	12	24	2
53	28	10	46	20	48	2	6	25	40	52	50	2	1	52	22	25	15	2	15	46	52	2	12	24	2
53	28	10	46	20	48	2	6	25	40	52	50	2	1	52	22	25	21	14	24	7	6	45	12	24	2
53	28	10	46	20	48	2	6	25	40	52	50	2	1	52	22	25	22	49	3	1	41	29	12	24	2
53	28	10	46	20	48	2	6	25	40	52	50	2	1	52	22	25	25	5	47	29	14	6	12	24	2
53	28	10	46	20	48	2	6	25	40	52	50	2	1	52	22	25	28	11	40	15	52	42	12	24	2
53	28	10	46	20	48	2	6	25	40	52	50	2	1	52	22	25	29	44	0	37	29	17	12	24	2
53	28	10	46	20	48	2	6	25	40	52	50	2	1	52	22	25	33	15	34	38	32	41	12	24	2
53	28	10	46	20	48	2	6	25	40	52	50	2	1	52	22	25	34	35	22	13	3	34	12	24	2
53	28	10	46	20	48	2	6	25	40	52	50	2	1	52	22	25	38	52	22	52	50	31	12	24	2
53	28	10	46	20	48	2	6	25	40	52	50	2	1	52	22	25	44	30	41	1	20	24	12	24	2
53	28	10	46	20	48	2	6	25	40	52	50	2	1	52	22	25	45	38	21	9	43	46	12	24	2
53	28	10	46	20	48	2	6	25	40	52	50	2	1	52	22	25	47	45	32	6	22	28	12	24	2
53	28	10	46	20	48	2	6	25	40	52	50	2	1	52	22	25	52	51	2	15	15	11	12	24	2
53	28	10	46	20	48	3	40	25	6	52	50	2	1	52	22	25	1	48	48	52	31	22	12	24	2
53	28	10	46	20	48	3	40	25	6	52	50	2	1	52	22	25	8	18	28	40	44	23	12	24	2
53	28	10	46	20	48	3	40	25	6	52	50	2	1	52	22	25	10	20	7	38	15	12	12	24	2
53	28	10	46	20	48	3	40	25	6	52	50	2	1	52	22	25	15	2	15	46	52	2	12	24	2
53	28	10	46	20	48	3	40	25	6	52	50	2	1	52	22	25	21	14	24	7	6	45	12	24	2
53	28	10	46	20	48	3	40	25	6	52	50	2	1	52	22	25	22	49	3	1	41	29	12	24	2
53	28	10	46	20	48	3	40	25	6	52	50	2	1	52	22	25	25	5	47	29	14	6	12	24	2
53	28	10	46	20	48	3	40	25	6	52	50	2	1	52	22	25	28	11	40	15	52	42	12	24	2
53	28	10	46	20	48	3	40	25	6	52	50	2	1	52	22	25	29	44	0	37	29	17	12	24	2
53	28	10	46	20	48	3	40	25	6	52	50	2	1	52	22	25	33	15	34	38	32	41	12	24	2
53	28	10	46	20	48	3	40	25	6	52	50	2	1	52	22	25	34	35	22	13	3	34	12	24	2
53	28	10	46	20	48	3	40	25	6	52	50	2	1	52	22	25	38	52	22	52	50	31	12	24	2
53	28	10	46	20	48	3	40	25	6	52	50	2	1	52	22	25	44	30	41	1	20	24	12	24	2
53	28	10	46	20	48	3	40	25	6	52	50	2	1	52	22	25	45	38	21	9	43	46	12	24	2
53	28	10	46	20	48	3	40	25	6	52	50	2	1	52	22	25	47	45	32	6	22	28	12	24	2
53	28	10	46	20	48	3	40	25	6	52	50	2	1	52	22	25	52	51	2	15	15	11	12	24	2
53	28	46	10	33	5	1	47	28	13	1	42	8	46	38	43	49	2	3	31	9	42	28	12	24	2
53	28	46	10	33	5	1	47	28	13	1	42	8	46	38	43	49	2	38	22	46	11	25	12	24	2
53	28	46	10	33	5	1	47	28	13	1	42	8	46	38	43	49	6	20	30	37	20	38	12	24	2
53	28	46	10	33	5	1	47	28	13	1	42	8	46	38	43	49	11	33	3	44	23	26	12	24	2
53	28	46	10	33	5	1	47	28	13	1	42	8	46	38	43	49	12	17	43	11	17	47	12	24	2
53	28	46	10	33	5	1	47	28	13	1	42	8	46	38	43	49	13	30	1	43	52	28	12	24	2
53	28	46	10	33	5	1	47	28	13	1	42	8	46	38	43	49	14	4	51	13	32	1	12	24	2
53	28	46	10	33	5	1	47	28	13	1	42	8	46	38	43	49	17	10	40	6	41	31	12	24	2
53	28	46	10	33	5	1	47	28	13	1	42	8	46	38	43	49	18	29	26	36	9	27	12	24	2
53	28	46	10	33	5	1	47	28	13	1	42	8	46	38	43	49	20	45	33	11	45	6	12	24	2
53	28	46	10	33	5	1	47	28	13	1	42	8	46	38	43	49	30	15	24	16	20	5	12	24	2
53	28	46	10	33	5	1	47	28	13	1	42	8	46	38	43	49	35	11	12	29	33	18	12	24	2
53	28	46	10	33	5	1	47	28	13	1	42	8	46	38	43	49	36	16	26	49	44	3	12	24	2
53	28	46	10	33	5	1	47	28	13	1	42	8	46	38	43	49	39	12	12	9	20	36	12	24	2
53	28	46	10	33	5	1	47	28	13	1	42	8	46	38	43	49	47	14	42	25	31	17	12	24	2
53	28	46	10	33	5	1	47	28	13	1	42	8	46	38	43	49	51	43	8	37	49	11	12	24	2
53	28	46	10	33	5	2	47	13	28	1	42	8	46	38	43	49	2	3	31	9	42	28	12	24	2
53	28	46	10	33	5	2	47	13	28	1	42	8	46	38	43	49	2	38	22	46	11	25	12	24	2
53	28	46	10	33	5	2	47	13	28	1	42	8	46	38	43	49	6	20	30	37	20	38	12	24	2
53	28	46	10	33	5	2	47	13	28	1	42	8	46	38	43	49	11	33	3	44	23	26	12	24	2
53	28	46	10	33	5	2	47	13	28	1	42	8	46	38	43	49	12	17	43	11	17	47	12	24	2
53	28	46	10	33	5	2	47	13	28	1	42	8	46	38	43	49	13	30	1	43	52	28	12	24	2
53	28	46	10	33	5	2	47	13	28	1	42	8	46	38	43	49	14	4	51	13	32	1	12	24	2
53	28	46	10	33	5	2	47	13	28	1	42	8	46	38	43	49	17	10	40	6	41	31	12	24	2
53	28	46	10	33	5	2	47	13	28	1	42	8	46	38	43	49	18	29	26	36	9	27	12	24	2
53	28	46	10	33	5	2	47	13	28	1	42	8	46	38	43	49	20	45	33	11	45	6	12	24	2
53	28	46	10	33	5	2	47	13	28	1	42	8	46	38	43	49	30	15	24	16	20	5	12	24	2
53	28	46	10	33	5	2	47	13	28	1	42	8	46	38	43	49	35	11	12	29	33	18	12	24	2
53	28	46	10	33	5	2	47	13	28	1	42	8	46	38	43	49	36	16	26	49	44	3	12	24	2
53	28	46	10	33	5	2	47	13	28	1	42	8	46	38	43	49	39	12	12	9	20	36	12	24	2
53	28	46	10	33	5	2	47	13	28	1	42	8	46	38	43	49	47	14	42	25	31	17	12	24	2
53	28	46	10	33	5	2	47	13	28	1	42	8	46	38	43	49	51	43	8	37	49	11	12	24	2
53	28	46	10	33	5	3	28	13	47	1	42	8	46	38	43	49	2	3	31	9	42	28	12	24	2
53	28	46	10	33	5	3	28	13	47	1	42	8	46	38	43	49	2	38	22	46	11	25	12	24	2
53	28	46	10	33	5	3	28	13	47	1	42	8	46	38	43	49	6	20	30	37	20	38	12	24	2
53	28	46	10	33	5	3	28	13	47	1	42	8	46	38	43	49	11	33	3	44	23	26	12	24	2
53	28	46	10	33	5	3	28	13	47	1	42	8	46	38	43	49	12	17	43	11	17	47	12	24	2
53	28	46	10	33	5	3	28	13	47	1	42	8	46	38	43	49	13	30	1	43	52	28	12	24	2
53	28	46	10	33	5	3	28	13	47	1	42	8	46	38	43	49	14	4	51	13	32	1	12	24	2
53	28	46	10	33	5	3	28	13	47	1	42	8	46	38	43	49	17	10	40	6	41	31	12	24	2
53	28	46	10	33	5	3	28	13	47	1	42	8	46	38	43	49	18	29	26	36	9	27	12	24	2
53	28	46	10	33	5	3	28	13	47	1	42	8	46	38	43	49	20	45	33	11	45	6	12	24	2
53	28	46	10	33	5	3	28	13	47	1	42	8	46	38	43	49	30	15	24	16	20	5	12	24	2
53	28	46	10	33	5	3	28	13	47	1	42	8	46	38	43	49	35	11	12	29	33	18	12	24	2
53	28	46	10	33	5	3	28	13	47	1	42	8	46	38	43	49	36	16	26	49	44	3	12	24	2
53	28	46	10	33	5	3	28	13	47	1	42	8	46	38	43	49	39	12	12	9	20	36	12	24	2
53	28	46	10	33	5	3	28	13	47	1	42	8	46	38	43	49	47	14	42	25	31	17	12	24	2
53	28	46	10	33	5	3	28	13	47	1	42	8	46	38	43	49	51	43	8	37	49	11	12	24	2
53	28	46	10	20	48	1	6	25	40	52	50	2	1	52	22	25	1	48	48	52	31	22	12	24	2
53	28	46	10	20	48	1	6	25	40	52	50	2	1	52	22	25	8	18	28	40	44	23	12	24	2
53	28	46	10	20	48	1	6	25	40	52	50	2	1	52	22	25	10	20	7	38	15	12	12	24	2
53	28	46	10	20	48	1	6	25	40	52	50	2	1	52	22	25	15	2	15	46	52	2	12	24	2
53	28	46	10	20	48	1	6	25	40	52	50	2	1	52	22	25	21	14	24	7	6	45	12	24	2
53	28	46	10	20	48	1	6	25	40	52	50	2	1	52	22	25	22	49	3	1	41	29	12	24	2
53	28	46	10	20	48	1	6	25	40	52	50	2	1	52	22	25	25	5	47	29	14	6	12	24	2
53	28	46	10	20	48	1	6	25	40	52	50	2	1	52	22	25	28	11	40	15	52	42	12	24	2
53	28	46	10	20	48	1	6	25	40	52	50	2	1	52	22	25	29	44	0	37	29	17	12	24	2
53	28	46	10	20	48	1	6	25	40	52	50	2	1	52	22	25	33	15	34	38	32	41	12	24	2
53	28	46	10	20	48	1	6	25	40	52	50	2	1	52	22	25	34	35	22	13	3	34	12	24	2
53	28	46	10	20	48	1	6	25	40	52	50	2	1	52	22	25	38	52	22	52	50	31	12	24	2
53	28	46	10	20	48	1	6	25	40	52	50	2	1	52	22	25	44	30	41	1	20	24	12	24	2
53	28	46	10	20	48	1	6	25	40	52	50	2	1	52	22	25	45	38	21	9	43	46	12	24	2
53	28	46	10	20	48	1	6	25	40	52	50	2	1	52	22	25	47	45	32	6	22	28	12	24	2
53	28	46	10	20	48	1	6	25	40	52	50	2	1	52	22	25	52	51	2	15	15	11	12	24	2
53	28	46	10	20	48	2	6	40	25	52	50	2	1	52	22	25	1	48	48	52	31	22	12	24	2
53	28	46	10	20	48	2	6	40	25	52	50	2	1	52	22	25	8	18	28	40	44	23	12	24	2
53	28	46	10	20	48	2	6	40	25	52	50	2	1	52	22	25	10	20	7	38	15	12	12	24	2
53	28	46	10	20	48	2	6	40	25	52	50	2	1	52	22	25	15	2	15	46	52	2	12	24	2
53	28	46	10	20	48	2	6	40	25	52	50	2	1	52	22	25	21	14	24	7	6	45	12	24	2
53	28	46	10	20	48	2	6	40	25	52	50	2	1	52	22	25	22	49	3	1	41	29	12	24	2
53	28	46	10	20	48	2	6	40	25	52	50	2	1	52	22	25	25	5	47	29	14	6	12	24	2
53	28	46	10	20	48	2	6	40	25	52	50	2	1	52	22	25	28	11	40	15	52	42	12	24	2
53	28	46	10	20	48	2	6	40	25	52	50	2	1	52	22	25	29	44	0	37	29	17	12	24	2
53	28	46	10	20	48	2	6	40	25	52	50	2	1	52	22	25	33	15	34	38	32	41	12	24	2
53	28	46	10	20	48	2	6	40	25	52	50	2	1	52	22	25	34	35	22	13	3	34	12	24	2
53	28	46	10	20	48	2	6	40	25	52	50	2	1	52	22	25	38	52	22	52	50	31	12	24	2
53	28	46	10	20	48	2	6	40	25	52	50	2	1	52	22	25	44	30	41	1	20	24	12	24	2
53	28	46	10	20	48	2	6	40	25	52	50	2	1	52	22	25	45	38	21	9	43	46	12	24	2
53	28	46	10	20	48	2	6	40	25	52	50	2	1	52	22	25	47	45	32	6	22	28	12	24	2
53	28	46	10	20	48	2	6	40	25	52	50	2	1	52	22	25	52	51	2	15	15	11	12	24	2
53	28	46	10	20	48	3	25	40	6	52	50	2	1	52	22	25	1	48	48	52	31	22	12	24	2
53	28	46	10	20	48	3	25	40	6	52	50	2	1	52	22	25	8	18	28	40	44	23	12	24	2
53	28	46	10	20	48	3	25	40	6	52	50	2	1	52	22	25	10	20	7	38	15	12	12	24	2
53	28	46	10	20	48	3	25	40	6	52	50	2	1	52	22	25	15	2	15	46	52	2	12	24	2
53	28	46	10	20	48	3	25	40	6	52	50	2	1	52	22	25	21	14	24	7	6	45	12	24	2
53	28	46	10	20	48	3	25	40	6	52	50	2	1	52	22	25	22	49	3	1	41	29	12	24	2
53	28	46	10	20	48	3	25	40	6	52	50	2	1	52	22	25	25	5	47	29	14	6	12	24	2
53	28	46	10	20	48	3	25	40	6	52	50	2	1	52	22	25	28	11	40	15	52	42	12	24	2
53	28	46	10	20	48	3	25	40	6	52	50	2	1	52	22	25	29	44	0	37	29	17	12	24	2
53	28	46	10	20	48	3	25	40	6	52	50	2	1	52	22	25	33	15	34	38	32	41	12	24	2
53	28	46	10	20	48	3	25	40	6	52	50	2	1	52	22	25	34	35	22	13	3	34	12	24	2
53	28	46	10	20	48	3	25	40	6	52	50	2	1	52	22	25	38	52	22	52	50	31	12	24	2
53	28	46	10	20	48	3	25	40	6	52	50	2	1	52	22	25	44	30	41	1	20	24	12	24	2
53	28	46	10	20	48	3	25	40	6	52	50	2	1	52	22	25	45	38	21	9	43	46	12	24	2
53	28	46	10	20	48	3	25	40	6	52	50	2	1	52	22	25	47	45	32	6	22	28	12	24	2
53	28	46	10	20	48	3	25	40	6	52	50	2	1	52	22	25	52	51	2	15	15	11	12	24	2
53	36	15	16	5	33	1	46	28	44	42	15	1	38	40	20	28	2	46	22	40	1	33	12	24	2
53	36	15	16	5	33	1	46	28	44	42	15	1	38	40	20	28	4	39	37	52	31	12	12	24	2
53	36	15	16	5	33	1	46	28	44	42	15	1	38	40	20	28	8	19	40	15	26	52	12	24	2
53	36	15	16	5	33	1	46	28	44	42	15	1	38	40	20	28	9	25	45	13	45	15	12	24	2
53	36	15	16	5	33	1	46	28	44	42	15	1	38	40	20	28	17	13	5	1	50	26	12	24	2
53	36	15	16	5	33	1	46	28	44	42	15	1	38	40	20	28	18	37	46	38	29	44	12	24	2
53	36	15	16	5	33	1	46	28	44	42	15	1	38	40	20	28	19	22	17	37	43	41	12	24	2
53	36	15	16	5	33	1	46	28	44	42	15	1	38	40	20	28	23	48	2	15	22	9	12	24	2
53	36	15	16	5	33	1	46	28	44	42	15	1	38	40	20	28	27	18	0	29	6	7	12	24	2
53	36	15	16	5	33	1	46	28	44	42	15	1	38	40	20	28	29	26	6	17	21	45	12	24	2
53	36	15	16	5	33	1	46	28	44	42	15	1	38	40	20	28	30	9	41	40	27	29	12	24	2
53	36	15	16	5	33	1	46	28	44	42	15	1	38	40	20	28	34	0	27	11	29	5	12	24	2
53	36	15	16	5	33	1	46	28	44	42	15	1	38	40	20	28	35	3	32	13	13	24	12	24	2
53	36	15	16	5	33	1	46	28	44	42	15	1	38	40	20	28	36	14	19	38	24	19	12	24	2
53	36	15	16	5	33	1	46	28	44	42	15	1	38	40	20	28	38	2	35	25	2	36	12	24	2
53	36	15	16	5	33	1	46	28	44	42	15	1	38	40	20	28	51	32	36	36	45	18	12	24	2
53	36	15	16	5	33	2	46	44	28	42	15	1	38	40	20	28	2	46	22	40	1	33	12	24	2
53	36	15	16	5	33	2	46	44	28	42	15	1	38	40	20	28	4	39	37	52	31	12	12	24	2
53	36	15	16	5	33	2	46	44	28	42	15	1	38	40	20	28	8	19	40	15	26	52	12	24	2
53	36	15	16	5	33	2	46	44	28	42	15	1	38	40	20	28	9	25	45	13	45	15	12	24	2
53	36	15	16	5	33	2	46	44	28	42	15	1	38	40	20	28	17	13	5	1	50	26	12	24	2
53	36	15	16	5	33	2	46	44	28	42	15	1	38	40	20	28	18	37	46	38	29	44	12	24	2
53	36	15	16	5	33	2	46	44	28	42	15	1	38	40	20	28	19	22	17	37	43	41	12	24	2
53	36	15	16	5	33	2	46	44	28	42	15	1	38	40	20	28	23	48	2	15	22	9	12	24	2
53	36	15	16	5	33	2	46	44	28	42	15	1	38	40	20	28	27	18	0	29	6	7	12	24	2
53	36	15	16	5	33	2	46	44	28	42	15	1	38	40	20	28	29	26	6	17	21	45	12	24	2
53	36	15	16	5	33	2	46	44	28	42	15	1	38	40	20	28	30	9	41	40	27	29	12	24	2
53	36	15	16	5	33	2	46	44	28	42	15	1	38	40	20	28	34	0	27	11	29	5	12	24	2
53	36	15	16	5	33	2	46	44	28	42	15	1	38	40	20	28	35	3	32	13	13	24	12	24	2
53	36	15	16	5	33	2	46	44	28	42	15	1	38	40	20	28	36	14	19	38	24	19	12	24	2
53	36	15	16	5	33	2	46	44	28	42	15	1	38	40	20	28	38	2	35	25	2	36	12	24	2
53	36	15	16	5	33	2	46	44	28	42	15	1	38	40	20	28	51	32	36	36	45	18	12	24	2
53	36	15	16	5	33	3	28	44	46	42	15	1	38	40	20	28	2	46	22	40	1	33	12	24	2
53	36	15	16	5	33	3	28	44	46	42	15	1	38	40	20	28	4	39	37	52	31	12	12	24	2
53	36	15	16	5	33	3	28	44	46	42	15	1	38	40	20	28	8	19	40	15	26	52	12	24	2
53	36	15	16	5	33	3	28	44	46	42	15	1	38	40	20	28	9	25	45	13	45	15	12	24	2
53	36	15	16	5	33	3	28	44	46	42	15	1	38	40	20	28	17	13	5	1	50	26	12	24	2
53	36	15	16	5	33	3	28	44	46	42	15	1	38	40	20	28	18	37	46	38	29	44	12	24	2
53	36	15	16	5	33	3	28	44	46	42	15	1	38	40	20	28	19	22	17	37	43	41	12	24	2
53	36	15	16	5	33	3	28	44	46	42	15	1	38	40	20	28	23	48	2	15	22	9	12	24	2
53	36	15	16	5	33	3	28	44	46	42	15	1	38	40	20	28	27	18	0	29	6	7	12	24	2
53	36	15	16	5	33	3	28	44	46	42	15	1	38	40	20	28	29	26	6	17	21	45	12	24	2
53	36	15	16	5	33	3	28	44	46	42	15	1	38	40	20	28	30	9	41	40	27	29	12	24	2
53	36	15	16	5	33	3	28	44	46	42	15	1	38	40	20	28	34	0	27	11	29	5	12	24	2
53	36	15	16	5	33	3	28	44	46	42	15	1	38	40	20	28	35	3	32	13	13	24	12	24	2
53	36	15	16	5	33	3	28	44	46	42	15	1	38	40	20	28	36	14	19	38	24	19	12	24	2
53	36	15	16	5	33	3	28	44	46	42	15	1	38	40	20	28	38	2	35	25	2	36	12	24	2
53	36	15	16	5	33	3	28	44	46	42	15	1	38	40	20	28	51	32	36	36	45	18	12	24	2
53	36	15	16	48	20	1	7	25	9	11	22	20	7	38	7	37	8	22	5	29	10	17	12	24	2
53	36	15	16	48	20	1	7	25	9	11	22	20	7	38	7	37	11	38	49	6	11	3	12	24	2
53	36	15	16	48	20	1	7	25	9	11	22	20	7	38	7	37	12	49	35	10	28	1	12	24	2
53	36	15	16	48	20	1	7	25	9	11	22	20	7	38	7	37	13	33	49	24	42	18	12	24	2
53	36	15	16	48	20	1	7	25	9	11	22	20	7	38	7	37	14	43	4	9	50	48	12	24	2
53	36	15	16	48	20	1	7	25	9	11	22	20	7	38	7	37	16	4	20	25	23	11	12	24	2
53	36	15	16	48	20	1	7	25	9	11	22	20	7	38	7	37	17	11	19	37	48	36	12	24	2
53	36	15	16	48	20	1	7	25	9	11	22	20	7	38	7	37	18	16	47	11	15	38	12	24	2
53	36	15	16	48	20	1	7	25	9	11	22	20	7	38	7	37	24	8	14	1	42	29	12	24	2
53	36	15	16	48	20	1	7	25	9	11	22	20	7	38	7	37	25	29	34	25	26	42	12	24	2
53	36	15	16	48	20	1	7	25	9	11	22	20	7	38	7	37	36	24	45	6	44	50	12	24	2
53	36	15	16	48	20	1	7	25	9	11	22	20	7	38	7	37	38	36	19	29	5	36	12	24	2
53	36	15	16	48	20	1	7	25	9	11	22	20	7	38	7	37	43	29	21	36	20	16	12	24	2
53	36	15	16	48	20	1	7	25	9	11	22	20	7	38	7	37	48	0	48	28	25	32	12	24	2
53	36	15	16	48	20	1	7	25	9	11	22	20	7	38	7	37	51	23	25	4	50	14	12	24	2
53	36	15	16	48	20	1	7	25	9	11	22	20	7	38	7	37	52	1	2	46	23	6	12	24	2
53	36	15	16	48	20	2	7	9	25	11	22	20	7	38	7	37	8	22	5	29	10	17	12	24	2
53	36	15	16	48	20	2	7	9	25	11	22	20	7	38	7	37	11	38	49	6	11	3	12	24	2
53	36	15	16	48	20	2	7	9	25	11	22	20	7	38	7	37	12	49	35	10	28	1	12	24	2
53	36	15	16	48	20	2	7	9	25	11	22	20	7	38	7	37	13	33	49	24	42	18	12	24	2
53	36	15	16	48	20	2	7	9	25	11	22	20	7	38	7	37	14	43	4	9	50	48	12	24	2
53	36	15	16	48	20	2	7	9	25	11	22	20	7	38	7	37	16	4	20	25	23	11	12	24	2
53	36	15	16	48	20	2	7	9	25	11	22	20	7	38	7	37	17	11	19	37	48	36	12	24	2
53	36	15	16	48	20	2	7	9	25	11	22	20	7	38	7	37	18	16	47	11	15	38	12	24	2
53	36	15	16	48	20	2	7	9	25	11	22	20	7	38	7	37	24	8	14	1	42	29	12	24	2
53	36	15	16	48	20	2	7	9	25	11	22	20	7	38	7	37	25	29	34	25	26	42	12	24	2
53	36	15	16	48	20	2	7	9	25	11	22	20	7	38	7	37	36	24	45	6	44	50	12	24	2
53	36	15	16	48	20	2	7	9	25	11	22	20	7	38	7	37	38	36	19	29	5	36	12	24	2
53	36	15	16	48	20	2	7	9	25	11	22	20	7	38	7	37	43	29	21	36	20	16	12	24	2
53	36	15	16	48	20	2	7	9	25	11	22	20	7	38	7	37	48	0	48	28	25	32	12	24	2
53	36	15	16	48	20	2	7	9	25	11	22	20	7	38	7	37	51	23	25	4	50	14	12	24	2
53	36	15	16	48	20	2	7	9	25	11	22	20	7	38	7	37	52	1	2	46	23	6	12	24	2
53	36	15	16	48	20	3	25	9	7	11	22	20	7	38	7	37	8	22	5	29	10	17	12	24	2
53	36	15	16	48	20	3	25	9	7	11	22	20	7	38	7	37	11	38	49	6	11	3	12	24	2
53	36	15	16	48	20	3	25	9	7	11	22	20	7	38	7	37	12	49	35	10	28	1	12	24	2
53	36	15	16	48	20	3	25	9	7	11	22	20	7	38	7	37	13	33	49	24	42	18	12	24	2
53	36	15	16	48	20	3	25	9	7	11	22	20	7	38	7	37	14	43	4	9	50	48	12	24	2
53	36	15	16	48	20	3	25	9	7	11	22	20	7	38	7	37	16	4	20	25	23	11	12	24	2
53	36	15	16	48	20	3	25	9	7	11	22	20	7	38	7	37	17	11	19	37	48	36	12	24	2
53	36	15	16	48	20	3	25	9	7	11	22	20	7	38	7	37	18	16	47	11	15	38	12	24	2
53	36	15	16	48	20	3	25	9	7	11	22	20	7	38	7	37	24	8	14	1	42	29	12	24	2
53	36	15	16	48	20	3	25	9	7	11	22	20	7	38	7	37	25	29	34	25	26	42	12	24	2
53	36	15	16	48	20	3	25	9	7	11	22	20	7	38	7	37	36	24	45	6	44	50	12	24	2
53	36	15	16	48	20	3	25	9	7	11	22	20	7	38	7	37	38	36	19	29	5	36	12	24	2
53	36	15	16	48	20	3	25	9	7	11	22	20	7	38	7	37	43	29	21	36	20	16	12	24	2
53	36	15	16	48	20	3	25	9	7	11	22	20	7	38	7	37	48	0	48	28	25	32	12	24	2
53	36	15	16	48	20	3	25	9	7	11	22	20	7	38	7	37	51	23	25	4	50	14	12	24	2
53	36	15	16	48	20	3	25	9	7	11	22	20	7	38	7	37	52	1	2	46	23	6	12	24	2
53	36	16	15	5	33	1	46	44	28	42	15	1	38	40	20	28	2	46	22	40	1	33	12	24	2
53	36	16	15	5	33	1	46	44	28	42	15	1	38	40	20	28	4	39	37	52	31	12	12	24	2
53	36	16	15	5	33	1	46	44	28	42	15	1	38	40	20	28	8	19	40	15	26	52	12	24	2
53	36	16	15	5	33	1	46	44	28	42	15	1	38	40	20	28	9	25	45	13	45	15	12	24	2
53	36	16	15	5	33	1	46	44	28	42	15	1	38	40	20	28	17	13	5	1	50	26	12	24	2
53	36	16	15	5	33	1	46	44	28	42	15	1	38	40	20	28	18	37	46	38	29	44	12	24	2
53	36	16	15	5	33	1	46	44	28	42	15	1	38	40	20	28	19	22	17	37	43	41	12	24	2
53	36	16	15	5	33	1	46	44	28	42	15	1	38	40	20	28	23	48	2	15	22	9	12	24	2
53	36	16	15	5	33	1	46	44	28	42	15	1	38	40	20	28	27	18	0	29	6	7	12	24	2
53	36	16	15	5	33	1	46	44	28	42	15	1	38	40	20	28	29	26	6	17	21	45	12	24	2
53	36	16	15	5	33	1	46	44	28	42	15	1	38	40	20	28	30	9	41	40	27	29	12	24	2
53	36	16	15	5	33	1	46	44	28	42	15	1	38	40	20	28	34	0	27	11	29	5	12	24	2
53	36	16	15	5	33	1	46	44	28	42	15	1	38	40	20	28	35	3	32	13	13	24	12	24	2
53	36	16	15	5	33	1	46	44	28	42	15	1	38	40	20	28	36	14	19	38	24	19	12	24	2
53	36	16	15	5	33	1	46	44	28	42	15	1	38	40	20	28	38	2	35	25	2	36	12	24	2
53	36	16	15	5	33	1	46	44	28	42	15	1	38	40	20	28	51	32	36	36	45	18	12	24	2
53	36	16	15	5	33	2	46	28	44	42	15	1	38	40	20	28	2	46	22	40	1	33	12	24	2
53	36	16	15	5	33	2	46	28	44	42	15	1	38	40	20	28	4	39	37	52	31	12	12	24	2
53	36	16	15	5	33	2	46	28	44	42	15	1	38	40	20	28	8	19	40	15	26	52	12	24	2
53	36	16	15	5	33	2	46	28	44	42	15	1	38	40	20	28	9	25	45	13	45	15	12	24	2
53	36	16	15	5	33	2	46	28	44	42	15	1	38	40	20	28	17	13	5	1	50	26	12	24	2
53	36	16	15	5	33	2	46	28	44	42	15	1	38	40	20	28	18	37	46	38	29	44	12	24	2
53	36	16	15	5	33	2	46	28	44	42	15	1	38	40	20	28	19	22	17	37	43	41	12	24	2
53	36	16	15	5	33	2	46	28	44	42	15	1	38	40	20	28	23	48	2	15	22	9	12	24	2
53	36	16	15	5	33	2	46	28	44	42	15	1	38	40	20	28	27	18	0	29	6	7	12	24	2
53	36	16	15	5	33	2	46	28	44	42	15	1	38	40	20	28	29	26	6	17	21	45	12	24	2
53	36	16	15	5	33	2	46	28	44	42	15	1	38	40	20	28	30	9	41	40	27	29	12	24	2
53	36	16	15	5	33	2	46	28	44	42	15	1	38	40	20	28	34	0	27	11	29	5	12	24	2
53	36	16	15	5	33	2	46	28	44	42	15	1	38	40	20	28	35	3	32	13	13	24	12	24	2
53	36	16	15	5	33	2	46	28	44	42	15	1	38	40	20	28	36	14	19	38	24	19	12	24	2
53	36	16	15	5	33	2	46	28	44	42	15	1	38	40	20	28	38	2	35	25	2	36	12	24	2
53	36	16	15	5	33	2	46	28	44	42	15	1	38	40	20	28	51	32	36	36	45	18	12	24	2
53	36	16	15	5	33	3	44	28	46	42	15	1	38	40	20	28	2	46	22	40	1	33	12	24	2
53	36	16	15	5	33	3	44	28	46	42	15	1	38	40	20	28	4	39	37	52	31	12	12	24	2
53	36	16	15	5	33	3	44	28	46	42	15	1	38	40	20	28	8	19	40	15	26	52	12	24	2
53	36	16	15	5	33	3	44	28	46	42	15	1	38	40	20	28	9	25	45	13	45	15	12	24	2
53	36	16	15	5	33	3	44	28	46	42	15	1	38	40	20	28	17	13	5	1	50	26	12	24	2
53	36	16	15	5	33	3	44	28	46	42	15	1	38	40	20	28	18	37	46	38	29	44	12	24	2
53	36	16	15	5	33	3	44	28	46	42	15	1	38	40	20	28	19	22	17	37	43	41	12	24	2
53	36	16	15	5	33	3	44	28	46	42	15	1	38	40	20	28	23	48	2	15	22	9	12	24	2
53	36	16	15	5	33	3	44	28	46	42	15	1	38	40	20	28	27	18	0	29	6	7	12	24	2
53	36	16	15	5	33	3	44	28	46	42	15	1	38	40	20	28	29	26	6	17	21	45	12	24	2
53	36	16	15	5	33	3	44	28	46	42	15	1	38	40	20	28	30	9	41	40	27	29	12	24	2
53	36	16	15	5	33	3	44	28	46	42	15	1	38	40	20	28	34	0	27	11	29	5	12	24	2
53	36	16	15	5	33	3	44	28	46	42	15	1	38	40	20	28	35	3	32	13	13	24	12	24	2
53	36	16	15	5	33	3	44	28	46	42	15	1	38	40	20	28	36	14	19	38	24	19	12	24	2
53	36	16	15	5	33	3	44	28	46	42	15	1	38	40	20	28	38	2	35	25	2	36	12	24	2
53	36	16	15	5	33	3	44	28	46	42	15	1	38	40	20	28	51	32	36	36	45	18	12	24	2
53	36	16	15	48	20	1	7	9	25	11	22	20	7	38	7	37	8	22	5	29	10	17	12	24	2
53	36	16	15	48	20	1	7	9	25	11	22	20	7	38	7	37	11	38	49	6	11	3	12	24	2
53	36	16	15	48	20	1	7	9	25	11	22	20	7	38	7	37	12	49	35	10	28	1	12	24	2
53	36	16	15	48	20	1	7	9	25	11	22	20	7	38	7	37	13	33	49	24	42	18	12	24	2
53	36	16	15	48	20	1	7	9	25	11	22	20	7	38	7	37	14	43	4	9	50	48	12	24	2
53	36	16	15	48	20	1	7	9	25	11	22	20	7	38	7	37	16	4	20	25	23	11	12	24	2
53	36	16	15	48	20	1	7	9	25	11	22	20	7	38	7	37	17	11	19	37	48	36	12	24	2
53	36	16	15	48	20	1	7	9	25	11	22	20	7	38	7	37	18	16	47	11	15	38	12	24	2
53	36	16	15	48	20	1	7	9	25	11	22	20	7	38	7	37	24	8	14	1	42	29	12	24	2
53	36	16	15	48	20	1	7	9	25	11	22	20	7	38	7	37	25	29	34	25	26	42	12	24	2
53	36	16	15	48	20	1	7	9	25	11	22	20	7	38	7	37	36	24	45	6	44	50	12	24	2
53	36	16	15	48	20	1	7	9	25	11	22	20	7	38	7	37	38	36	19	29	5	36	12	24	2
53	36	16	15	48	20	1	7	9	25	11	22	20	7	38	7	37	43	29	21	36	20	16	12	24	2
53	36	16	15	48	20	1	7	9	25	11	22	20	7	38	7	37	48	0	48	28	25	32	12	24	2
53	36	16	15	48	20	1	7	9	25	11	22	20	7	38	7	37	51	23	25	4	50	14	12	24	2
53	36	16	15	48	20	1	7	9	25	11	22	20	7	38	7	37	52	1	2	46	23	6	12	24	2
53	36	16	15	48	20	2	7	25	9	11	22	20	7	38	7	37	8	22	5	29	10	17	12	24	2
53	36	16	15	48	20	2	7	25	9	11	22	20	7	38	7	37	11	38	49	6	11	3	12	24	2
53	36	16	15	48	20	2	7	25	9	11	22	20	7	38	7	37	12	49	35	10	28	1	12	24	2
53	36	16	15	48	20	2	7	25	9	11	22	20	7	38	7	37	13	33	49	24	42	18	12	24	2
53	36	16	15	48	20	2	7	25	9	11	22	20	7	38	7	37	14	43	4	9	50	48	12	24	2
53	36	16	15	48	20	2	7	25	9	11	22	20	7	38	7	37	16	4	20	25	23	11	12	24	2
53	36	16	15	48	20	2	7	25	9	11	22	20	7	38	7	37	17	11	19	37	48	36	12	24	2
53	36	16	15	48	20	2	7	25	9	11	22	20	7	38	7	37	18	16	47	11	15	38	12	24	2
53	36	16	15	48	20	2	7	25	9	11	22	20	7	38	7	37	24	8	14	1	42	29	12	24	2
53	36	16	15	48	20	2	7	25	9	11	22	20	7	38	7	37	25	29	34	25	26	42	12	24	2
53	36	16	15	48	20	2	7	25	9	11	22	20	7	38	7	37	36	24	45	6	44	50	12	24	2
53	36	16	15	48	20	2	7	25	9	11	22	20	7	38	7	37	38	36	19	29	5	36	12	24	2
53	36	16	15	48	20	2	7	25	9	11	22	20	7	38	7	37	43	29	21	36	20	16	12	24	2
53	36	16	15	48	20	2	7	25	9	11	22	20	7	38	7	37	48	0	48	28	25	32	12	24	2
53	36	16	15	48	20	2	7	25	9	11	22	20	7	38	7	37	51	23	25	4	50	14	12	24	2
53	36	16	15	48	20	2	7	25	9	11	22	20	7	38	7	37	52	1	2	46	23	6	12	24	2
53	36	16	15	48	20	3	9	25	7	11	22	20	7	38	7	37	8	22	5	29	10	17	12	24	2
53	36	16	15	48	20	3	9	25	7	11	22	20	7	38	7	37	11	38	49	6	11	3	12	24	2
53	36	16	15	48	20	3	9	25	7	11	22	20	7	38	7	37	12	49	35	10	28	1	12	24	2
53	36	16	15	48	20	3	9	25	7	11	22	20	7	38	7	37	13	33	49	24	42	18	12	24	2
53	36	16	15	48	20	3	9	25	7	11	22	20	7	38	7	37	14	43	4	9	50	48	12	24	2
53	36	16	15	48	20	3	9	25	7	11	22	20	7	38	7	37	16	4	20	25	23	11	12	24	2
53	36	16	15	48	20	3	9	25	7	11	22	20	7	38	7	37	17	11	19	37	48	36	12	24	2
53	36	16	15	48	20	3	9	25	7	11	22	20	7	38	7	37	18	16	47	11	15	38	12	24	2
53	36	16	15	48	20	3	9	25	7	11	22	20	7	38	7	37	24	8	14	1	42	29	12	24	2
53	36	16	15	48	20	3	9	25	7	11	22	20	7	38	7	37	25	29	34	25	26	42	12	24	2
53	36	16	15	48	20	3	9	25	7	11	22	20	7	38	7	37	36	24	45	6	44	50	12	24	2
53	36	16	15	48	20	3	9	25	7	11	22	20	7	38	7	37	38	36	19	29	5	36	12	24	2
53	36	16	15	48	20	3	9	25	7	11	22	20	7	38	7	37	43	29	21	36	20	16	12	24	2
53	36	16	15	48	20	3	9	25	7	11	22	20	7	38	7	37	48	0	48	28	25	32	12	24	2
53	36	16	15	48	20	3	9	25	7	11	22	20	7	38	7	37	51	23	25	4	50	14	12	24	2
53	36	16	15	48	20	3	9	25	7	11	22	20	7	38	7	37	52	1	2	46	23	6	12	24	2
53	38	16	17	5	33	1	25	44	7	42	15	14	7	10	9	40	1	0	3	52	45	9	12	24	2
53	38	16	17	5	33	1	25	44	7	42	15	14	7	10	9	40	2	18	19	16	28	2	12	24	2
53	38	16	17	5	33	1	25	44	7	42	15	14	7	10	9	40	3	51	44	9	12	23	12	24	2
53	38	16	17	5	33	1	25	44	7	42	15	14	7	10	9	40	4	32	33	42	10	8	12	24	2
53	38	16	17	5	33	1	25	44	7	42	15	14	7	10	9	40	6	12	18	17	37	35	12	24	2
53	38	16	17	5	33	1	25	44	7	42	15	14	7	10	9	40	8	44	21	25	18	46	12	24	2
53	38	16	17	5	33	1	25	44	7	42	15	14	7	10	9	40	14	51	50	17	7	47	12	24	2
53	38	16	17	5	33	1	25	44	7	42	15	14	7	10	9	40	15	5	50	29	41	6	12	24	2
53	38	16	17	5	33	1	25	44	7	42	15	14	7	10	9	40	16	42	29	9	19	36	12	24	2
53	38	16	17	5	33	1	25	44	7	42	15	14	7	10	9	40	20	23	23	52	40	27	12	24	2
53	38	16	17	5	33	1	25	44	7	42	15	14	7	10	9	40	27	1	30	24	47	16	12	24	2
53	38	16	17	5	33	1	25	44	7	42	15	14	7	10	9	40	27	4	36	4	6	37	12	24	2
53	38	16	17	5	33	1	25	44	7	42	15	14	7	10	9	40	28	40	27	28	8	52	12	24	2
53	38	16	17	5	33	1	25	44	7	42	15	14	7	10	9	40	32	27	20	52	44	26	12	24	2
53	38	16	17	5	33	1	25	44	7	42	15	14	7	10	9	40	38	21	20	4	14	31	12	24	2
53	38	16	17	5	33	1	25	44	7	42	15	14	7	10	9	40	40	13	21	17	35	18	12	24	2
53	38	16	17	5	33	2	25	7	44	42	15	14	7	10	9	40	1	0	3	52	45	9	12	24	2
53	38	16	17	5	33	2	25	7	44	42	15	14	7	10	9	40	2	18	19	16	28	2	12	24	2
53	38	16	17	5	33	2	25	7	44	42	15	14	7	10	9	40	3	51	44	9	12	23	12	24	2
53	38	16	17	5	33	2	25	7	44	42	15	14	7	10	9	40	4	32	33	42	10	8	12	24	2
53	38	16	17	5	33	2	25	7	44	42	15	14	7	10	9	40	6	12	18	17	37	35	12	24	2
53	38	16	17	5	33	2	25	7	44	42	15	14	7	10	9	40	8	44	21	25	18	46	12	24	2
53	38	16	17	5	33	2	25	7	44	42	15	14	7	10	9	40	14	51	50	17	7	47	12	24	2
53	38	16	17	5	33	2	25	7	44	42	15	14	7	10	9	40	15	5	50	29	41	6	12	24	2
53	38	16	17	5	33	2	25	7	44	42	15	14	7	10	9	40	16	42	29	9	19	36	12	24	2
53	38	16	17	5	33	2	25	7	44	42	15	14	7	10	9	40	20	23	23	52	40	27	12	24	2
53	38	16	17	5	33	2	25	7	44	42	15	14	7	10	9	40	27	1	30	24	47	16	12	24	2
53	38	16	17	5	33	2	25	7	44	42	15	14	7	10	9	40	27	4	36	4	6	37	12	24	2
53	38	16	17	5	33	2	25	7	44	42	15	14	7	10	9	40	28	40	27	28	8	52	12	24	2
53	38	16	17	5	33	2	25	7	44	42	15	14	7	10	9	40	32	27	20	52	44	26	12	24	2
53	38	16	17	5	33	2	25	7	44	42	15	14	7	10	9	40	38	21	20	4	14	31	12	24	2
53	38	16	17	5	33	2	25	7	44	42	15	14	7	10	9	40	40	13	21	17	35	18	12	24	2
53	38	16	17	5	33	3	44	7	25	42	15	14	7	10	9	40	1	0	3	52	45	9	12	24	2
53	38	16	17	5	33	3	44	7	25	42	15	14	7	10	9	40	2	18	19	16	28	2	12	24	2
53	38	16	17	5	33	3	44	7	25	42	15	14	7	10	9	40	3	51	44	9	12	23	12	24	2
53	38	16	17	5	33	3	44	7	25	42	15	14	7	10	9	40	4	32	33	42	10	8	12	24	2
53	38	16	17	5	33	3	44	7	25	42	15	14	7	10	9	40	6	12	18	17	37	35	12	24	2
53	38	16	17	5	33	3	44	7	25	42	15	14	7	10	9	40	8	44	21	25	18	46	12	24	2
53	38	16	17	5	33	3	44	7	25	42	15	14	7	10	9	40	14	51	50	17	7	47	12	24	2
53	38	16	17	5	33	3	44	7	25	42	15	14	7	10	9	40	15	5	50	29	41	6	12	24	2
53	38	16	17	5	33	3	44	7	25	42	15	14	7	10	9	40	16	42	29	9	19	36	12	24	2
53	38	16	17	5	33	3	44	7	25	42	15	14	7	10	9	40	20	23	23	52	40	27	12	24	2
53	38	16	17	5	33	3	44	7	25	42	15	14	7	10	9	40	27	1	30	24	47	16	12	24	2
53	38	16	17	5	33	3	44	7	25	42	15	14	7	10	9	40	27	4	36	4	6	37	12	24	2
53	38	16	17	5	33	3	44	7	25	42	15	14	7	10	9	40	28	40	27	28	8	52	12	24	2
53	38	16	17	5	33	3	44	7	25	42	15	14	7	10	9	40	32	27	20	52	44	26	12	24	2
53	38	16	17	5	33	3	44	7	25	42	15	14	7	10	9	40	38	21	20	4	14	31	12	24	2
53	38	16	17	5	33	3	44	7	25	42	15	14	7	10	9	40	40	13	21	17	35	18	12	24	2
53	38	16	17	48	20	1	28	9	46	11	1	36	5	46	52	28	5	38	44	36	8	45	12	24	2
53	38	16	17	48	20	1	28	9	46	11	1	36	5	46	52	28	6	5	7	4	46	32	12	24	2
53	38	16	17	48	20	1	28	9	46	11	1	36	5	46	52	28	7	13	13	7	5	27	12	24	2
53	38	16	17	48	20	1	28	9	46	11	1	36	5	46	52	28	11	29	52	37	33	33	12	24	2
53	38	16	17	48	20	1	28	9	46	11	1	36	5	46	52	28	15	3	10	9	36	34	12	24	2
53	38	16	17	48	20	1	28	9	46	11	1	36	5	46	52	28	17	51	11	4	8	19	12	24	2
53	38	16	17	48	20	1	28	9	46	11	1	36	5	46	52	28	18	18	52	1	35	12	12	24	2
53	38	16	17	48	20	1	28	9	46	11	1	36	5	46	52	28	24	13	11	9	45	50	12	24	2
53	38	16	17	48	20	1	28	9	46	11	1	36	5	46	52	28	39	36	39	17	2	24	12	24	2
53	38	16	17	48	20	1	28	9	46	11	1	36	5	46	52	28	50	37	49	52	23	9	12	24	2
53	38	16	17	48	20	2	28	46	9	11	1	36	5	46	52	28	5	38	44	36	8	45	12	24	2
53	38	16	17	48	20	2	28	46	9	11	1	36	5	46	52	28	6	5	7	4	46	32	12	24	2
53	38	16	17	48	20	2	28	46	9	11	1	36	5	46	52	28	7	13	13	7	5	27	12	24	2
53	38	16	17	48	20	2	28	46	9	11	1	36	5	46	52	28	11	29	52	37	33	33	12	24	2
53	38	16	17	48	20	2	28	46	9	11	1	36	5	46	52	28	15	3	10	9	36	34	12	24	2
53	38	16	17	48	20	2	28	46	9	11	1	36	5	46	52	28	17	51	11	4	8	19	12	24	2
53	38	16	17	48	20	2	28	46	9	11	1	36	5	46	52	28	18	18	52	1	35	12	12	24	2
53	38	16	17	48	20	2	28	46	9	11	1	36	5	46	52	28	24	13	11	9	45	50	12	24	2
53	38	16	17	48	20	2	28	46	9	11	1	36	5	46	52	28	39	36	39	17	2	24	12	24	2
53	38	16	17	48	20	2	28	46	9	11	1	36	5	46	52	28	50	37	49	52	23	9	12	24	2
53	38	16	17	48	20	3	9	46	28	11	1	36	5	46	52	28	5	38	44	36	8	45	12	24	2
53	38	16	17	48	20	3	9	46	28	11	1	36	5	46	52	28	6	5	7	4	46	32	12	24	2
53	38	16	17	48	20	3	9	46	28	11	1	36	5	46	52	28	7	13	13	7	5	27	12	24	2
53	38	16	17	48	20	3	9	46	28	11	1	36	5	46	52	28	11	29	52	37	33	33	12	24	2
53	38	16	17	48	20	3	9	46	28	11	1	36	5	46	52	28	15	3	10	9	36	34	12	24	2
53	38	16	17	48	20	3	9	46	28	11	1	36	5	46	52	28	17	51	11	4	8	19	12	24	2
53	38	16	17	48	20	3	9	46	28	11	1	36	5	46	52	28	18	18	52	1	35	12	12	24	2
53	38	16	17	48	20	3	9	46	28	11	1	36	5	46	52	28	24	13	11	9	45	50	12	24	2
53	38	16	17	48	20	3	9	46	28	11	1	36	5	46	52	28	39	36	39	17	2	24	12	24	2
53	38	16	17	48	20	3	9	46	28	11	1	36	5	46	52	28	50	37	49	52	23	9	12	24	2
53	38	17	16	5	33	1	25	7	44	42	15	14	7	10	9	40	1	0	3	52	45	9	12	24	2
53	38	17	16	5	33	1	25	7	44	42	15	14	7	10	9	40	2	18	19	16	28	2	12	24	2
53	38	17	16	5	33	1	25	7	44	42	15	14	7	10	9	40	3	51	44	9	12	23	12	24	2
53	38	17	16	5	33	1	25	7	44	42	15	14	7	10	9	40	4	32	33	42	10	8	12	24	2
53	38	17	16	5	33	1	25	7	44	42	15	14	7	10	9	40	6	12	18	17	37	35	12	24	2
53	38	17	16	5	33	1	25	7	44	42	15	14	7	10	9	40	8	44	21	25	18	46	12	24	2
53	38	17	16	5	33	1	25	7	44	42	15	14	7	10	9	40	14	51	50	17	7	47	12	24	2
53	38	17	16	5	33	1	25	7	44	42	15	14	7	10	9	40	15	5	50	29	41	6	12	24	2
53	38	17	16	5	33	1	25	7	44	42	15	14	7	10	9	40	16	42	29	9	19	36	12	24	2
53	38	17	16	5	33	1	25	7	44	42	15	14	7	10	9	40	20	23	23	52	40	27	12	24	2
53	38	17	16	5	33	1	25	7	44	42	15	14	7	10	9	40	27	1	30	24	47	16	12	24	2
53	38	17	16	5	33	1	25	7	44	42	15	14	7	10	9	40	27	4	36	4	6	37	12	24	2
53	38	17	16	5	33	1	25	7	44	42	15	14	7	10	9	40	28	40	27	28	8	52	12	24	2
53	38	17	16	5	33	1	25	7	44	42	15	14	7	10	9	40	32	27	20	52	44	26	12	24	2
53	38	17	16	5	33	1	25	7	44	42	15	14	7	10	9	40	38	21	20	4	14	31	12	24	2
53	38	17	16	5	33	1	25	7	44	42	15	14	7	10	9	40	40	13	21	17	35	18	12	24	2
53	38	17	16	5	33	2	25	44	7	42	15	14	7	10	9	40	1	0	3	52	45	9	12	24	2
53	38	17	16	5	33	2	25	44	7	42	15	14	7	10	9	40	2	18	19	16	28	2	12	24	2
53	38	17	16	5	33	2	25	44	7	42	15	14	7	10	9	40	3	51	44	9	12	23	12	24	2
53	38	17	16	5	33	2	25	44	7	42	15	14	7	10	9	40	4	32	33	42	10	8	12	24	2
53	38	17	16	5	33	2	25	44	7	42	15	14	7	10	9	40	6	12	18	17	37	35	12	24	2
53	38	17	16	5	33	2	25	44	7	42	15	14	7	10	9	40	8	44	21	25	18	46	12	24	2
53	38	17	16	5	33	2	25	44	7	42	15	14	7	10	9	40	14	51	50	17	7	47	12	24	2
53	38	17	16	5	33	2	25	44	7	42	15	14	7	10	9	40	15	5	50	29	41	6	12	24	2
53	38	17	16	5	33	2	25	44	7	42	15	14	7	10	9	40	16	42	29	9	19	36	12	24	2
53	38	17	16	5	33	2	25	44	7	42	15	14	7	10	9	40	20	23	23	52	40	27	12	24	2
53	38	17	16	5	33	2	25	44	7	42	15	14	7	10	9	40	27	1	30	24	47	16	12	24	2
53	38	17	16	5	33	2	25	44	7	42	15	14	7	10	9	40	27	4	36	4	6	37	12	24	2
53	38	17	16	5	33	2	25	44	7	42	15	14	7	10	9	40	28	40	27	28	8	52	12	24	2
53	38	17	16	5	33	2	25	44	7	42	15	14	7	10	9	40	32	27	20	52	44	26	12	24	2
53	38	17	16	5	33	2	25	44	7	42	15	14	7	10	9	40	38	21	20	4	14	31	12	24	2
53	38	17	16	5	33	2	25	44	7	42	15	14	7	10	9	40	40	13	21	17	35	18	12	24	2
53	38	17	16	5	33	3	7	44	25	42	15	14	7	10	9	40	1	0	3	52	45	9	12	24	2
53	38	17	16	5	33	3	7	44	25	42	15	14	7	10	9	40	2	18	19	16	28	2	12	24	2
53	38	17	16	5	33	3	7	44	25	42	15	14	7	10	9	40	3	51	44	9	12	23	12	24	2
53	38	17	16	5	33	3	7	44	25	42	15	14	7	10	9	40	4	32	33	42	10	8	12	24	2
53	38	17	16	5	33	3	7	44	25	42	15	14	7	10	9	40	6	12	18	17	37	35	12	24	2
53	38	17	16	5	33	3	7	44	25	42	15	14	7	10	9	40	8	44	21	25	18	46	12	24	2
53	38	17	16	5	33	3	7	44	25	42	15	14	7	10	9	40	14	51	50	17	7	47	12	24	2
53	38	17	16	5	33	3	7	44	25	42	15	14	7	10	9	40	15	5	50	29	41	6	12	24	2
53	38	17	16	5	33	3	7	44	25	42	15	14	7	10	9	40	16	42	29	9	19	36	12	24	2
53	38	17	16	5	33	3	7	44	25	42	15	14	7	10	9	40	20	23	23	52	40	27	12	24	2
53	38	17	16	5	33	3	7	44	25	42	15	14	7	10	9	40	27	1	30	24	47	16	12	24	2
53	38	17	16	5	33	3	7	44	25	42	15	14	7	10	9	40	27	4	36	4	6	37	12	24	2
53	38	17	16	5	33	3	7	44	25	42	15	14	7	10	9	40	28	40	27	28	8	52	12	24	2
53	38	17	16	5	33	3	7	44	25	42	15	14	7	10	9	40	32	27	20	52	44	26	12	24	2
53	38	17	16	5	33	3	7	44	25	42	15	14	7	10	9	40	38	21	20	4	14	31	12	24	2
53	38	17	16	5	33	3	7	44	25	42	15	14	7	10	9	40	40	13	21	17	35	18	12	24	2
53	38	17	16	48	20	1	28	46	9	11	1	36	5	46	52	28	5	38	44	36	8	45	12	24	2
53	38	17	16	48	20	1	28	46	9	11	1	36	5	46	52	28	6	5	7	4	46	32	12	24	2
53	38	17	16	48	20	1	28	46	9	11	1	36	5	46	52	28	7	13	13	7	5	27	12	24	2
53	38	17	16	48	20	1	28	46	9	11	1	36	5	46	52	28	11	29	52	37	33	33	12	24	2
53	38	17	16	48	20	1	28	46	9	11	1	36	5	46	52	28	15	3	10	9	36	34	12	24	2
53	38	17	16	48	20	1	28	46	9	11	1	36	5	46	52	28	17	51	11	4	8	19	12	24	2
53	38	17	16	48	20	1	28	46	9	11	1	36	5	46	52	28	18	18	52	1	35	12	12	24	2
53	38	17	16	48	20	1	28	46	9	11	1	36	5	46	52	28	24	13	11	9	45	50	12	24	2
53	38	17	16	48	20	1	28	46	9	11	1	36	5	46	52	28	39	36	39	17	2	24	12	24	2
53	38	17	16	48	20	1	28	46	9	11	1	36	5	46	52	28	50	37	49	52	23	9	12	24	2
53	38	17	16	48	20	2	28	9	46	11	1	36	5	46	52	28	5	38	44	36	8	45	12	24	2
53	38	17	16	48	20	2	28	9	46	11	1	36	5	46	52	28	6	5	7	4	46	32	12	24	2
53	38	17	16	48	20	2	28	9	46	11	1	36	5	46	52	28	7	13	13	7	5	27	12	24	2
53	38	17	16	48	20	2	28	9	46	11	1	36	5	46	52	28	11	29	52	37	33	33	12	24	2
53	38	17	16	48	20	2	28	9	46	11	1	36	5	46	52	28	15	3	10	9	36	34	12	24	2
53	38	17	16	48	20	2	28	9	46	11	1	36	5	46	52	28	17	51	11	4	8	19	12	24	2
53	38	17	16	48	20	2	28	9	46	11	1	36	5	46	52	28	18	18	52	1	35	12	12	24	2
53	38	17	16	48	20	2	28	9	46	11	1	36	5	46	52	28	24	13	11	9	45	50	12	24	2
53	38	17	16	48	20	2	28	9	46	11	1	36	5	46	52	28	39	36	39	17	2	24	12	24	2
53	38	17	16	48	20	2	28	9	46	11	1	36	5	46	52	28	50	37	49	52	23	9	12	24	2
53	38	17	16	48	20	3	46	9	28	11	1	36	5	46	52	28	5	38	44	36	8	45	12	24	2
53	38	17	16	48	20	3	46	9	28	11	1	36	5	46	52	28	6	5	7	4	46	32	12	24	2
53	38	17	16	48	20	3	46	9	28	11	1	36	5	46	52	28	7	13	13	7	5	27	12	24	2
53	38	17	16	48	20	3	46	9	28	11	1	36	5	46	52	28	11	29	52	37	33	33	12	24	2
53	38	17	16	48	20	3	46	9	28	11	1	36	5	46	52	28	15	3	10	9	36	34	12	24	2
53	38	17	16	48	20	3	46	9	28	11	1	36	5	46	52	28	17	51	11	4	8	19	12	24	2
53	38	17	16	48	20	3	46	9	28	11	1	36	5	46	52	28	18	18	52	1	35	12	12	24	2
53	38	17	16	48	20	3	46	9	28	11	1	36	5	46	52	28	24	13	11	9	45	50	12	24	2
53	38	17	16	48	20	3	46	9	28	11	1	36	5	46	52	28	39	36	39	17	2	24	12	24	2
53	38	17	16	48	20	3	46	9	28	11	1	36	5	46	52	28	50	37	49	52	23	9	12	24	2
53	46	10	28	33	5	1	28	13	47	1	42	8	46	38	43	49	2	3	31	9	42	28	12	24	2
53	46	10	28	33	5	1	28	13	47	1	42	8	46	38	43	49	2	38	22	46	11	25	12	24	2
53	46	10	28	33	5	1	28	13	47	1	42	8	46	38	43	49	6	20	30	37	20	38	12	24	2
53	46	10	28	33	5	1	28	13	47	1	42	8	46	38	43	49	11	33	3	44	23	26	12	24	2
53	46	10	28	33	5	1	28	13	47	1	42	8	46	38	43	49	12	17	43	11	17	47	12	24	2
53	46	10	28	33	5	1	28	13	47	1	42	8	46	38	43	49	13	30	1	43	52	28	12	24	2
53	46	10	28	33	5	1	28	13	47	1	42	8	46	38	43	49	14	4	51	13	32	1	12	24	2
53	46	10	28	33	5	1	28	13	47	1	42	8	46	38	43	49	17	10	40	6	41	31	12	24	2
53	46	10	28	33	5	1	28	13	47	1	42	8	46	38	43	49	18	29	26	36	9	27	12	24	2
53	46	10	28	33	5	1	28	13	47	1	42	8	46	38	43	49	20	45	33	11	45	6	12	24	2
53	46	10	28	33	5	1	28	13	47	1	42	8	46	38	43	49	30	15	24	16	20	5	12	24	2
53	46	10	28	33	5	1	28	13	47	1	42	8	46	38	43	49	35	11	12	29	33	18	12	24	2
53	46	10	28	33	5	1	28	13	47	1	42	8	46	38	43	49	36	16	26	49	44	3	12	24	2
53	46	10	28	33	5	1	28	13	47	1	42	8	46	38	43	49	39	12	12	9	20	36	12	24	2
53	46	10	28	33	5	1	28	13	47	1	42	8	46	38	43	49	47	14	42	25	31	17	12	24	2
53	46	10	28	33	5	1	28	13	47	1	42	8	46	38	43	49	51	43	8	37	49	11	12	24	2
53	46	10	28	33	5	2	28	47	13	1	42	8	46	38	43	49	2	3	31	9	42	28	12	24	2
53	46	10	28	33	5	2	28	47	13	1	42	8	46	38	43	49	2	38	22	46	11	25	12	24	2
53	46	10	28	33	5	2	28	47	13	1	42	8	46	38	43	49	6	20	30	37	20	38	12	24	2
53	46	10	28	33	5	2	28	47	13	1	42	8	46	38	43	49	11	33	3	44	23	26	12	24	2
53	46	10	28	33	5	2	28	47	13	1	42	8	46	38	43	49	12	17	43	11	17	47	12	24	2
53	46	10	28	33	5	2	28	47	13	1	42	8	46	38	43	49	13	30	1	43	52	28	12	24	2
53	46	10	28	33	5	2	28	47	13	1	42	8	46	38	43	49	14	4	51	13	32	1	12	24	2
53	46	10	28	33	5	2	28	47	13	1	42	8	46	38	43	49	17	10	40	6	41	31	12	24	2
53	46	10	28	33	5	2	28	47	13	1	42	8	46	38	43	49	18	29	26	36	9	27	12	24	2
53	46	10	28	33	5	2	28	47	13	1	42	8	46	38	43	49	20	45	33	11	45	6	12	24	2
53	46	10	28	33	5	2	28	47	13	1	42	8	46	38	43	49	30	15	24	16	20	5	12	24	2
53	46	10	28	33	5	2	28	47	13	1	42	8	46	38	43	49	35	11	12	29	33	18	12	24	2
53	46	10	28	33	5	2	28	47	13	1	42	8	46	38	43	49	36	16	26	49	44	3	12	24	2
53	46	10	28	33	5	2	28	47	13	1	42	8	46	38	43	49	39	12	12	9	20	36	12	24	2
53	46	10	28	33	5	2	28	47	13	1	42	8	46	38	43	49	47	14	42	25	31	17	12	24	2
53	46	10	28	33	5	2	28	47	13	1	42	8	46	38	43	49	51	43	8	37	49	11	12	24	2
53	46	10	28	33	5	3	13	47	28	1	42	8	46	38	43	49	2	3	31	9	42	28	12	24	2
53	46	10	28	33	5	3	13	47	28	1	42	8	46	38	43	49	2	38	22	46	11	25	12	24	2
53	46	10	28	33	5	3	13	47	28	1	42	8	46	38	43	49	6	20	30	37	20	38	12	24	2
53	46	10	28	33	5	3	13	47	28	1	42	8	46	38	43	49	11	33	3	44	23	26	12	24	2
53	46	10	28	33	5	3	13	47	28	1	42	8	46	38	43	49	12	17	43	11	17	47	12	24	2
53	46	10	28	33	5	3	13	47	28	1	42	8	46	38	43	49	13	30	1	43	52	28	12	24	2
53	46	10	28	33	5	3	13	47	28	1	42	8	46	38	43	49	14	4	51	13	32	1	12	24	2
53	46	10	28	33	5	3	13	47	28	1	42	8	46	38	43	49	17	10	40	6	41	31	12	24	2
53	46	10	28	33	5	3	13	47	28	1	42	8	46	38	43	49	18	29	26	36	9	27	12	24	2
53	46	10	28	33	5	3	13	47	28	1	42	8	46	38	43	49	20	45	33	11	45	6	12	24	2
53	46	10	28	33	5	3	13	47	28	1	42	8	46	38	43	49	30	15	24	16	20	5	12	24	2
53	46	10	28	33	5	3	13	47	28	1	42	8	46	38	43	49	35	11	12	29	33	18	12	24	2
53	46	10	28	33	5	3	13	47	28	1	42	8	46	38	43	49	36	16	26	49	44	3	12	24	2
53	46	10	28	33	5	3	13	47	28	1	42	8	46	38	43	49	39	12	12	9	20	36	12	24	2
53	46	10	28	33	5	3	13	47	28	1	42	8	46	38	43	49	47	14	42	25	31	17	12	24	2
53	46	10	28	33	5	3	13	47	28	1	42	8	46	38	43	49	51	43	8	37	49	11	12	24	2
53	46	10	28	20	48	1	25	40	6	52	50	2	1	52	22	25	1	48	48	52	31	22	12	24	2
53	46	10	28	20	48	1	25	40	6	52	50	2	1	52	22	25	8	18	28	40	44	23	12	24	2
53	46	10	28	20	48	1	25	40	6	52	50	2	1	52	22	25	10	20	7	38	15	12	12	24	2
53	46	10	28	20	48	1	25	40	6	52	50	2	1	52	22	25	15	2	15	46	52	2	12	24	2
53	46	10	28	20	48	1	25	40	6	52	50	2	1	52	22	25	21	14	24	7	6	45	12	24	2
53	46	10	28	20	48	1	25	40	6	52	50	2	1	52	22	25	22	49	3	1	41	29	12	24	2
53	46	10	28	20	48	1	25	40	6	52	50	2	1	52	22	25	25	5	47	29	14	6	12	24	2
53	46	10	28	20	48	1	25	40	6	52	50	2	1	52	22	25	28	11	40	15	52	42	12	24	2
53	46	10	28	20	48	1	25	40	6	52	50	2	1	52	22	25	29	44	0	37	29	17	12	24	2
53	46	10	28	20	48	1	25	40	6	52	50	2	1	52	22	25	33	15	34	38	32	41	12	24	2
53	46	10	28	20	48	1	25	40	6	52	50	2	1	52	22	25	34	35	22	13	3	34	12	24	2
53	46	10	28	20	48	1	25	40	6	52	50	2	1	52	22	25	38	52	22	52	50	31	12	24	2
53	46	10	28	20	48	1	25	40	6	52	50	2	1	52	22	25	44	30	41	1	20	24	12	24	2
53	46	10	28	20	48	1	25	40	6	52	50	2	1	52	22	25	45	38	21	9	43	46	12	24	2
53	46	10	28	20	48	1	25	40	6	52	50	2	1	52	22	25	47	45	32	6	22	28	12	24	2
53	46	10	28	20	48	1	25	40	6	52	50	2	1	52	22	25	52	51	2	15	15	11	12	24	2
53	46	10	28	20	48	2	25	6	40	52	50	2	1	52	22	25	1	48	48	52	31	22	12	24	2
53	46	10	28	20	48	2	25	6	40	52	50	2	1	52	22	25	8	18	28	40	44	23	12	24	2
53	46	10	28	20	48	2	25	6	40	52	50	2	1	52	22	25	10	20	7	38	15	12	12	24	2
53	46	10	28	20	48	2	25	6	40	52	50	2	1	52	22	25	15	2	15	46	52	2	12	24	2
53	46	10	28	20	48	2	25	6	40	52	50	2	1	52	22	25	21	14	24	7	6	45	12	24	2
53	46	10	28	20	48	2	25	6	40	52	50	2	1	52	22	25	22	49	3	1	41	29	12	24	2
53	46	10	28	20	48	2	25	6	40	52	50	2	1	52	22	25	25	5	47	29	14	6	12	24	2
53	46	10	28	20	48	2	25	6	40	52	50	2	1	52	22	25	28	11	40	15	52	42	12	24	2
53	46	10	28	20	48	2	25	6	40	52	50	2	1	52	22	25	29	44	0	37	29	17	12	24	2
53	46	10	28	20	48	2	25	6	40	52	50	2	1	52	22	25	33	15	34	38	32	41	12	24	2
53	46	10	28	20	48	2	25	6	40	52	50	2	1	52	22	25	34	35	22	13	3	34	12	24	2
53	46	10	28	20	48	2	25	6	40	52	50	2	1	52	22	25	38	52	22	52	50	31	12	24	2
53	46	10	28	20	48	2	25	6	40	52	50	2	1	52	22	25	44	30	41	1	20	24	12	24	2
53	46	10	28	20	48	2	25	6	40	52	50	2	1	52	22	25	45	38	21	9	43	46	12	24	2
53	46	10	28	20	48	2	25	6	40	52	50	2	1	52	22	25	47	45	32	6	22	28	12	24	2
53	46	10	28	20	48	2	25	6	40	52	50	2	1	52	22	25	52	51	2	15	15	11	12	24	2
53	46	10	28	20	48	3	40	6	25	52	50	2	1	52	22	25	1	48	48	52	31	22	12	24	2
53	46	10	28	20	48	3	40	6	25	52	50	2	1	52	22	25	8	18	28	40	44	23	12	24	2
53	46	10	28	20	48	3	40	6	25	52	50	2	1	52	22	25	10	20	7	38	15	12	12	24	2
53	46	10	28	20	48	3	40	6	25	52	50	2	1	52	22	25	15	2	15	46	52	2	12	24	2
53	46	10	28	20	48	3	40	6	25	52	50	2	1	52	22	25	21	14	24	7	6	45	12	24	2
53	46	10	28	20	48	3	40	6	25	52	50	2	1	52	22	25	22	49	3	1	41	29	12	24	2
53	46	10	28	20	48	3	40	6	25	52	50	2	1	52	22	25	25	5	47	29	14	6	12	24	2
53	46	10	28	20	48	3	40	6	25	52	50	2	1	52	22	25	28	11	40	15	52	42	12	24	2
53	46	10	28	20	48	3	40	6	25	52	50	2	1	52	22	25	29	44	0	37	29	17	12	24	2
53	46	10	28	20	48	3	40	6	25	52	50	2	1	52	22	25	33	15	34	38	32	41	12	24	2
53	46	10	28	20	48	3	40	6	25	52	50	2	1	52	22	25	34	35	22	13	3	34	12	24	2
53	46	10	28	20	48	3	40	6	25	52	50	2	1	52	22	25	38	52	22	52	50	31	12	24	2
53	46	10	28	20	48	3	40	6	25	52	50	2	1	52	22	25	44	30	41	1	20	24	12	24	2
53	46	10	28	20	48	3	40	6	25	52	50	2	1	52	22	25	45	38	21	9	43	46	12	24	2
53	46	10	28	20	48	3	40	6	25	52	50	2	1	52	22	25	47	45	32	6	22	28	12	24	2
53	46	10	28	20	48	3	40	6	25	52	50	2	1	52	22	25	52	51	2	15	15	11	12	24	2
53	46	14	20	18	8	1	16	21	30	36	5	52	45	43	27	17	2	28	43	39	28	27	12	24	2
53	46	14	20	18	8	1	16	21	30	36	5	52	45	43	27	17	4	11	7	34	0	17	12	24	2
53	46	14	20	18	8	1	16	21	30	36	5	52	45	43	27	17	12	37	0	21	5	15	12	24	2
53	46	14	20	18	8	1	16	21	30	36	5	52	45	43	27	17	13	24	51	20	27	44	12	24	2
53	46	14	20	18	8	1	16	21	30	36	5	52	45	43	27	17	14	38	34	8	8	44	12	24	2
53	46	14	20	18	8	1	16	21	30	36	5	52	45	43	27	17	15	20	17	33	43	22	12	24	2
53	46	14	20	18	8	1	16	21	30	36	5	52	45	43	27	17	20	2	33	35	24	46	12	24	2
53	46	14	20	18	8	1	16	21	30	36	5	52	45	43	27	17	20	41	27	26	29	7	12	24	2
53	46	14	20	18	8	1	16	21	30	36	5	52	45	43	27	17	22	34	46	45	46	15	12	24	2
53	46	14	20	18	8	1	16	21	30	36	5	52	45	43	27	17	24	32	34	22	37	31	12	24	2
53	46	14	20	18	8	1	16	21	30	36	5	52	45	43	27	17	28	1	20	23	32	4	12	24	2
53	46	14	20	18	8	1	16	21	30	36	5	52	45	43	27	17	32	15	32	18	47	47	12	24	2
53	46	14	20	18	8	1	16	21	30	36	5	52	45	43	27	17	34	9	37	2	38	52	12	24	2
53	46	14	20	18	8	1	16	21	30	36	5	52	45	43	27	17	39	48	43	14	33	1	12	24	2
53	46	14	20	18	8	1	16	21	30	36	5	52	45	43	27	17	41	46	24	31	46	46	12	24	2
53	46	14	20	18	8	1	16	21	30	36	5	52	45	43	27	17	47	22	49	32	31	32	12	24	2
53	46	14	20	18	8	2	16	30	21	36	5	52	45	43	27	17	2	28	43	39	28	27	12	24	2
53	46	14	20	18	8	2	16	30	21	36	5	52	45	43	27	17	4	11	7	34	0	17	12	24	2
53	46	14	20	18	8	2	16	30	21	36	5	52	45	43	27	17	12	37	0	21	5	15	12	24	2
53	46	14	20	18	8	2	16	30	21	36	5	52	45	43	27	17	13	24	51	20	27	44	12	24	2
53	46	14	20	18	8	2	16	30	21	36	5	52	45	43	27	17	14	38	34	8	8	44	12	24	2
53	46	14	20	18	8	2	16	30	21	36	5	52	45	43	27	17	15	20	17	33	43	22	12	24	2
53	46	14	20	18	8	2	16	30	21	36	5	52	45	43	27	17	20	2	33	35	24	46	12	24	2
53	46	14	20	18	8	2	16	30	21	36	5	52	45	43	27	17	20	41	27	26	29	7	12	24	2
53	46	14	20	18	8	2	16	30	21	36	5	52	45	43	27	17	22	34	46	45	46	15	12	24	2
53	46	14	20	18	8	2	16	30	21	36	5	52	45	43	27	17	24	32	34	22	37	31	12	24	2
53	46	14	20	18	8	2	16	30	21	36	5	52	45	43	27	17	28	1	20	23	32	4	12	24	2
53	46	14	20	18	8	2	16	30	21	36	5	52	45	43	27	17	32	15	32	18	47	47	12	24	2
53	46	14	20	18	8	2	16	30	21	36	5	52	45	43	27	17	34	9	37	2	38	52	12	24	2
53	46	14	20	18	8	2	16	30	21	36	5	52	45	43	27	17	39	48	43	14	33	1	12	24	2
53	46	14	20	18	8	2	16	30	21	36	5	52	45	43	27	17	41	46	24	31	46	46	12	24	2
53	46	14	20	18	8	2	16	30	21	36	5	52	45	43	27	17	47	22	49	32	31	32	12	24	2
53	46	14	20	18	8	3	21	30	16	36	5	52	45	43	27	17	2	28	43	39	28	27	12	24	2
53	46	14	20	18	8	3	21	30	16	36	5	52	45	43	27	17	4	11	7	34	0	17	12	24	2
53	46	14	20	18	8	3	21	30	16	36	5	52	45	43	27	17	12	37	0	21	5	15	12	24	2
53	46	14	20	18	8	3	21	30	16	36	5	52	45	43	27	17	13	24	51	20	27	44	12	24	2
53	46	14	20	18	8	3	21	30	16	36	5	52	45	43	27	17	14	38	34	8	8	44	12	24	2
53	46	14	20	18	8	3	21	30	16	36	5	52	45	43	27	17	15	20	17	33	43	22	12	24	2
53	46	14	20	18	8	3	21	30	16	36	5	52	45	43	27	17	20	2	33	35	24	46	12	24	2
53	46	14	20	18	8	3	21	30	16	36	5	52	45	43	27	17	20	41	27	26	29	7	12	24	2
53	46	14	20	18	8	3	21	30	16	36	5	52	45	43	27	17	22	34	46	45	46	15	12	24	2
53	46	14	20	18	8	3	21	30	16	36	5	52	45	43	27	17	24	32	34	22	37	31	12	24	2
53	46	14	20	18	8	3	21	30	16	36	5	52	45	43	27	17	28	1	20	23	32	4	12	24	2
53	46	14	20	18	8	3	21	30	16	36	5	52	45	43	27	17	32	15	32	18	47	47	12	24	2
53	46	14	20	18	8	3	21	30	16	36	5	52	45	43	27	17	34	9	37	2	38	52	12	24	2
53	46	14	20	18	8	3	21	30	16	36	5	52	45	43	27	17	39	48	43	14	33	1	12	24	2
53	46	14	20	18	8	3	21	30	16	36	5	52	45	43	27	17	41	46	24	31	46	46	12	24	2
53	46	14	20	18	8	3	21	30	16	36	5	52	45	43	27	17	47	22	49	32	31	32	12	24	2
53	46	14	20	35	45	1	37	32	23	17	28	22	43	25	12	16	2	1	2	33	21	48	12	24	2
53	46	14	20	35	45	1	37	32	23	17	28	22	43	25	12	16	5	14	37	21	40	28	12	24	2
53	46	14	20	35	45	1	37	32	23	17	28	22	43	25	12	16	7	45	29	31	16	6	12	24	2
53	46	14	20	35	45	1	37	32	23	17	28	22	43	25	12	16	9	50	12	14	44	1	12	24	2
53	46	14	20	35	45	1	37	32	23	17	28	22	43	25	12	16	18	13	3	18	18	27	12	24	2
53	46	14	20	35	45	1	37	32	23	17	28	22	43	25	12	16	25	47	40	32	1	10	12	24	2
53	46	14	20	35	45	1	37	32	23	17	28	22	43	25	12	16	30	19	35	22	37	13	12	24	2
53	46	14	20	35	45	1	37	32	23	17	28	22	43	25	12	16	35	25	48	3	6	22	12	24	2
53	46	14	20	35	45	1	37	32	23	17	28	22	43	25	12	16	44	22	4	31	4	47	12	24	2
53	46	14	20	35	45	1	37	32	23	17	28	22	43	25	12	16	48	26	29	20	4	44	12	24	2
53	46	14	20	35	45	2	37	23	32	17	28	22	43	25	12	16	2	1	2	33	21	48	12	24	2
53	46	14	20	35	45	2	37	23	32	17	28	22	43	25	12	16	5	14	37	21	40	28	12	24	2
53	46	14	20	35	45	2	37	23	32	17	28	22	43	25	12	16	7	45	29	31	16	6	12	24	2
53	46	14	20	35	45	2	37	23	32	17	28	22	43	25	12	16	9	50	12	14	44	1	12	24	2
53	46	14	20	35	45	2	37	23	32	17	28	22	43	25	12	16	18	13	3	18	18	27	12	24	2
53	46	14	20	35	45	2	37	23	32	17	28	22	43	25	12	16	25	47	40	32	1	10	12	24	2
53	46	14	20	35	45	2	37	23	32	17	28	22	43	25	12	16	30	19	35	22	37	13	12	24	2
53	46	14	20	35	45	2	37	23	32	17	28	22	43	25	12	16	35	25	48	3	6	22	12	24	2
53	46	14	20	35	45	2	37	23	32	17	28	22	43	25	12	16	44	22	4	31	4	47	12	24	2
53	46	14	20	35	45	2	37	23	32	17	28	22	43	25	12	16	48	26	29	20	4	44	12	24	2
53	46	14	20	35	45	3	32	23	37	17	28	22	43	25	12	16	2	1	2	33	21	48	12	24	2
53	46	14	20	35	45	3	32	23	37	17	28	22	43	25	12	16	5	14	37	21	40	28	12	24	2
53	46	14	20	35	45	3	32	23	37	17	28	22	43	25	12	16	7	45	29	31	16	6	12	24	2
53	46	14	20	35	45	3	32	23	37	17	28	22	43	25	12	16	9	50	12	14	44	1	12	24	2
53	46	14	20	35	45	3	32	23	37	17	28	22	43	25	12	16	18	13	3	18	18	27	12	24	2
53	46	14	20	35	45	3	32	23	37	17	28	22	43	25	12	16	25	47	40	32	1	10	12	24	2
53	46	14	20	35	45	3	32	23	37	17	28	22	43	25	12	16	30	19	35	22	37	13	12	24	2
53	46	14	20	35	45	3	32	23	37	17	28	22	43	25	12	16	35	25	48	3	6	22	12	24	2
53	46	14	20	35	45	3	32	23	37	17	28	22	43	25	12	16	44	22	4	31	4	47	12	24	2
53	46	14	20	35	45	3	32	23	37	17	28	22	43	25	12	16	48	26	29	20	4	44	12	24	2
53	46	20	14	18	8	1	16	30	21	36	5	52	45	43	27	17	2	28	43	39	28	27	12	24	2
53	46	20	14	18	8	1	16	30	21	36	5	52	45	43	27	17	4	11	7	34	0	17	12	24	2
53	46	20	14	18	8	1	16	30	21	36	5	52	45	43	27	17	12	37	0	21	5	15	12	24	2
53	46	20	14	18	8	1	16	30	21	36	5	52	45	43	27	17	13	24	51	20	27	44	12	24	2
53	46	20	14	18	8	1	16	30	21	36	5	52	45	43	27	17	14	38	34	8	8	44	12	24	2
53	46	20	14	18	8	1	16	30	21	36	5	52	45	43	27	17	15	20	17	33	43	22	12	24	2
53	46	20	14	18	8	1	16	30	21	36	5	52	45	43	27	17	20	2	33	35	24	46	12	24	2
53	46	20	14	18	8	1	16	30	21	36	5	52	45	43	27	17	20	41	27	26	29	7	12	24	2
53	46	20	14	18	8	1	16	30	21	36	5	52	45	43	27	17	22	34	46	45	46	15	12	24	2
53	46	20	14	18	8	1	16	30	21	36	5	52	45	43	27	17	24	32	34	22	37	31	12	24	2
53	46	20	14	18	8	1	16	30	21	36	5	52	45	43	27	17	28	1	20	23	32	4	12	24	2
53	46	20	14	18	8	1	16	30	21	36	5	52	45	43	27	17	32	15	32	18	47	47	12	24	2
53	46	20	14	18	8	1	16	30	21	36	5	52	45	43	27	17	34	9	37	2	38	52	12	24	2
53	46	20	14	18	8	1	16	30	21	36	5	52	45	43	27	17	39	48	43	14	33	1	12	24	2
53	46	20	14	18	8	1	16	30	21	36	5	52	45	43	27	17	41	46	24	31	46	46	12	24	2
53	46	20	14	18	8	1	16	30	21	36	5	52	45	43	27	17	47	22	49	32	31	32	12	24	2
53	46	20	14	18	8	2	16	21	30	36	5	52	45	43	27	17	2	28	43	39	28	27	12	24	2
53	46	20	14	18	8	2	16	21	30	36	5	52	45	43	27	17	4	11	7	34	0	17	12	24	2
53	46	20	14	18	8	2	16	21	30	36	5	52	45	43	27	17	12	37	0	21	5	15	12	24	2
53	46	20	14	18	8	2	16	21	30	36	5	52	45	43	27	17	13	24	51	20	27	44	12	24	2
53	46	20	14	18	8	2	16	21	30	36	5	52	45	43	27	17	14	38	34	8	8	44	12	24	2
53	46	20	14	18	8	2	16	21	30	36	5	52	45	43	27	17	15	20	17	33	43	22	12	24	2
53	46	20	14	18	8	2	16	21	30	36	5	52	45	43	27	17	20	2	33	35	24	46	12	24	2
53	46	20	14	18	8	2	16	21	30	36	5	52	45	43	27	17	20	41	27	26	29	7	12	24	2
53	46	20	14	18	8	2	16	21	30	36	5	52	45	43	27	17	22	34	46	45	46	15	12	24	2
53	46	20	14	18	8	2	16	21	30	36	5	52	45	43	27	17	24	32	34	22	37	31	12	24	2
53	46	20	14	18	8	2	16	21	30	36	5	52	45	43	27	17	28	1	20	23	32	4	12	24	2
53	46	20	14	18	8	2	16	21	30	36	5	52	45	43	27	17	32	15	32	18	47	47	12	24	2
53	46	20	14	18	8	2	16	21	30	36	5	52	45	43	27	17	34	9	37	2	38	52	12	24	2
53	46	20	14	18	8	2	16	21	30	36	5	52	45	43	27	17	39	48	43	14	33	1	12	24	2
53	46	20	14	18	8	2	16	21	30	36	5	52	45	43	27	17	41	46	24	31	46	46	12	24	2
53	46	20	14	18	8	2	16	21	30	36	5	52	45	43	27	17	47	22	49	32	31	32	12	24	2
53	46	20	14	18	8	3	30	21	16	36	5	52	45	43	27	17	2	28	43	39	28	27	12	24	2
53	46	20	14	18	8	3	30	21	16	36	5	52	45	43	27	17	4	11	7	34	0	17	12	24	2
53	46	20	14	18	8	3	30	21	16	36	5	52	45	43	27	17	12	37	0	21	5	15	12	24	2
53	46	20	14	18	8	3	30	21	16	36	5	52	45	43	27	17	13	24	51	20	27	44	12	24	2
53	46	20	14	18	8	3	30	21	16	36	5	52	45	43	27	17	14	38	34	8	8	44	12	24	2
53	46	20	14	18	8	3	30	21	16	36	5	52	45	43	27	17	15	20	17	33	43	22	12	24	2
53	46	20	14	18	8	3	30	21	16	36	5	52	45	43	27	17	20	2	33	35	24	46	12	24	2
53	46	20	14	18	8	3	30	21	16	36	5	52	45	43	27	17	20	41	27	26	29	7	12	24	2
53	46	20	14	18	8	3	30	21	16	36	5	52	45	43	27	17	22	34	46	45	46	15	12	24	2
53	46	20	14	18	8	3	30	21	16	36	5	52	45	43	27	17	24	32	34	22	37	31	12	24	2
53	46	20	14	18	8	3	30	21	16	36	5	52	45	43	27	17	28	1	20	23	32	4	12	24	2
53	46	20	14	18	8	3	30	21	16	36	5	52	45	43	27	17	32	15	32	18	47	47	12	24	2
53	46	20	14	18	8	3	30	21	16	36	5	52	45	43	27	17	34	9	37	2	38	52	12	24	2
53	46	20	14	18	8	3	30	21	16	36	5	52	45	43	27	17	39	48	43	14	33	1	12	24	2
53	46	20	14	18	8	3	30	21	16	36	5	52	45	43	27	17	41	46	24	31	46	46	12	24	2
53	46	20	14	18	8	3	30	21	16	36	5	52	45	43	27	17	47	22	49	32	31	32	12	24	2
53	46	20	14	35	45	1	37	23	32	17	28	22	43	25	12	16	2	1	2	33	21	48	12	24	2
53	46	20	14	35	45	1	37	23	32	17	28	22	43	25	12	16	5	14	37	21	40	28	12	24	2
53	46	20	14	35	45	1	37	23	32	17	28	22	43	25	12	16	7	45	29	31	16	6	12	24	2
53	46	20	14	35	45	1	37	23	32	17	28	22	43	25	12	16	9	50	12	14	44	1	12	24	2
53	46	20	14	35	45	1	37	23	32	17	28	22	43	25	12	16	18	13	3	18	18	27	12	24	2
53	46	20	14	35	45	1	37	23	32	17	28	22	43	25	12	16	25	47	40	32	1	10	12	24	2
53	46	20	14	35	45	1	37	23	32	17	28	22	43	25	12	16	30	19	35	22	37	13	12	24	2
53	46	20	14	35	45	1	37	23	32	17	28	22	43	25	12	16	35	25	48	3	6	22	12	24	2
53	46	20	14	35	45	1	37	23	32	17	28	22	43	25	12	16	44	22	4	31	4	47	12	24	2
53	46	20	14	35	45	1	37	23	32	17	28	22	43	25	12	16	48	26	29	20	4	44	12	24	2
53	46	20	14	35	45	2	37	32	23	17	28	22	43	25	12	16	2	1	2	33	21	48	12	24	2
53	46	20	14	35	45	2	37	32	23	17	28	22	43	25	12	16	5	14	37	21	40	28	12	24	2
53	46	20	14	35	45	2	37	32	23	17	28	22	43	25	12	16	7	45	29	31	16	6	12	24	2
53	46	20	14	35	45	2	37	32	23	17	28	22	43	25	12	16	9	50	12	14	44	1	12	24	2
53	46	20	14	35	45	2	37	32	23	17	28	22	43	25	12	16	18	13	3	18	18	27	12	24	2
53	46	20	14	35	45	2	37	32	23	17	28	22	43	25	12	16	25	47	40	32	1	10	12	24	2
53	46	20	14	35	45	2	37	32	23	17	28	22	43	25	12	16	30	19	35	22	37	13	12	24	2
53	46	20	14	35	45	2	37	32	23	17	28	22	43	25	12	16	35	25	48	3	6	22	12	24	2
53	46	20	14	35	45	2	37	32	23	17	28	22	43	25	12	16	44	22	4	31	4	47	12	24	2
53	46	20	14	35	45	2	37	32	23	17	28	22	43	25	12	16	48	26	29	20	4	44	12	24	2
53	46	20	14	35	45	3	23	32	37	17	28	22	43	25	12	16	2	1	2	33	21	48	12	24	2
53	46	20	14	35	45	3	23	32	37	17	28	22	43	25	12	16	5	14	37	21	40	28	12	24	2
53	46	20	14	35	45	3	23	32	37	17	28	22	43	25	12	16	7	45	29	31	16	6	12	24	2
53	46	20	14	35	45	3	23	32	37	17	28	22	43	25	12	16	9	50	12	14	44	1	12	24	2
53	46	20	14	35	45	3	23	32	37	17	28	22	43	25	12	16	18	13	3	18	18	27	12	24	2
53	46	20	14	35	45	3	23	32	37	17	28	22	43	25	12	16	25	47	40	32	1	10	12	24	2
53	46	20	14	35	45	3	23	32	37	17	28	22	43	25	12	16	30	19	35	22	37	13	12	24	2
53	46	20	14	35	45	3	23	32	37	17	28	22	43	25	12	16	35	25	48	3	6	22	12	24	2
53	46	20	14	35	45	3	23	32	37	17	28	22	43	25	12	16	44	22	4	31	4	47	12	24	2
53	46	20	14	35	45	3	23	32	37	17	28	22	43	25	12	16	48	26	29	20	4	44	12	24	2
53	46	28	10	33	5	1	28	47	13	1	42	8	46	38	43	49	2	3	31	9	42	28	12	24	2
53	46	28	10	33	5	1	28	47	13	1	42	8	46	38	43	49	2	38	22	46	11	25	12	24	2
53	46	28	10	33	5	1	28	47	13	1	42	8	46	38	43	49	6	20	30	37	20	38	12	24	2
53	46	28	10	33	5	1	28	47	13	1	42	8	46	38	43	49	11	33	3	44	23	26	12	24	2
53	46	28	10	33	5	1	28	47	13	1	42	8	46	38	43	49	12	17	43	11	17	47	12	24	2
53	46	28	10	33	5	1	28	47	13	1	42	8	46	38	43	49	13	30	1	43	52	28	12	24	2
53	46	28	10	33	5	1	28	47	13	1	42	8	46	38	43	49	14	4	51	13	32	1	12	24	2
53	46	28	10	33	5	1	28	47	13	1	42	8	46	38	43	49	17	10	40	6	41	31	12	24	2
53	46	28	10	33	5	1	28	47	13	1	42	8	46	38	43	49	18	29	26	36	9	27	12	24	2
53	46	28	10	33	5	1	28	47	13	1	42	8	46	38	43	49	20	45	33	11	45	6	12	24	2
53	46	28	10	33	5	1	28	47	13	1	42	8	46	38	43	49	30	15	24	16	20	5	12	24	2
53	46	28	10	33	5	1	28	47	13	1	42	8	46	38	43	49	35	11	12	29	33	18	12	24	2
53	46	28	10	33	5	1	28	47	13	1	42	8	46	38	43	49	36	16	26	49	44	3	12	24	2
53	46	28	10	33	5	1	28	47	13	1	42	8	46	38	43	49	39	12	12	9	20	36	12	24	2
53	46	28	10	33	5	1	28	47	13	1	42	8	46	38	43	49	47	14	42	25	31	17	12	24	2
53	46	28	10	33	5	1	28	47	13	1	42	8	46	38	43	49	51	43	8	37	49	11	12	24	2
53	46	28	10	33	5	2	28	13	47	1	42	8	46	38	43	49	2	3	31	9	42	28	12	24	2
53	46	28	10	33	5	2	28	13	47	1	42	8	46	38	43	49	2	38	22	46	11	25	12	24	2
53	46	28	10	33	5	2	28	13	47	1	42	8	46	38	43	49	6	20	30	37	20	38	12	24	2
53	46	28	10	33	5	2	28	13	47	1	42	8	46	38	43	49	11	33	3	44	23	26	12	24	2
53	46	28	10	33	5	2	28	13	47	1	42	8	46	38	43	49	12	17	43	11	17	47	12	24	2
53	46	28	10	33	5	2	28	13	47	1	42	8	46	38	43	49	13	30	1	43	52	28	12	24	2
53	46	28	10	33	5	2	28	13	47	1	42	8	46	38	43	49	14	4	51	13	32	1	12	24	2
53	46	28	10	33	5	2	28	13	47	1	42	8	46	38	43	49	17	10	40	6	41	31	12	24	2
53	46	28	10	33	5	2	28	13	47	1	42	8	46	38	43	49	18	29	26	36	9	27	12	24	2
53	46	28	10	33	5	2	28	13	47	1	42	8	46	38	43	49	20	45	33	11	45	6	12	24	2
53	46	28	10	33	5	2	28	13	47	1	42	8	46	38	43	49	30	15	24	16	20	5	12	24	2
53	46	28	10	33	5	2	28	13	47	1	42	8	46	38	43	49	35	11	12	29	33	18	12	24	2
53	46	28	10	33	5	2	28	13	47	1	42	8	46	38	43	49	36	16	26	49	44	3	12	24	2
53	46	28	10	33	5	2	28	13	47	1	42	8	46	38	43	49	39	12	12	9	20	36	12	24	2
53	46	28	10	33	5	2	28	13	47	1	42	8	46	38	43	49	47	14	42	25	31	17	12	24	2
53	46	28	10	33	5	2	28	13	47	1	42	8	46	38	43	49	51	43	8	37	49	11	12	24	2
53	46	28	10	33	5	3	47	13	28	1	42	8	46	38	43	49	2	3	31	9	42	28	12	24	2
53	46	28	10	33	5	3	47	13	28	1	42	8	46	38	43	49	2	38	22	46	11	25	12	24	2
53	46	28	10	33	5	3	47	13	28	1	42	8	46	38	43	49	6	20	30	37	20	38	12	24	2
53	46	28	10	33	5	3	47	13	28	1	42	8	46	38	43	49	11	33	3	44	23	26	12	24	2
53	46	28	10	33	5	3	47	13	28	1	42	8	46	38	43	49	12	17	43	11	17	47	12	24	2
53	46	28	10	33	5	3	47	13	28	1	42	8	46	38	43	49	13	30	1	43	52	28	12	24	2
53	46	28	10	33	5	3	47	13	28	1	42	8	46	38	43	49	14	4	51	13	32	1	12	24	2
53	46	28	10	33	5	3	47	13	28	1	42	8	46	38	43	49	17	10	40	6	41	31	12	24	2
53	46	28	10	33	5	3	47	13	28	1	42	8	46	38	43	49	18	29	26	36	9	27	12	24	2
53	46	28	10	33	5	3	47	13	28	1	42	8	46	38	43	49	20	45	33	11	45	6	12	24	2
53	46	28	10	33	5	3	47	13	28	1	42	8	46	38	43	49	30	15	24	16	20	5	12	24	2
53	46	28	10	33	5	3	47	13	28	1	42	8	46	38	43	49	35	11	12	29	33	18	12	24	2
53	46	28	10	33	5	3	47	13	28	1	42	8	46	38	43	49	36	16	26	49	44	3	12	24	2
53	46	28	10	33	5	3	47	13	28	1	42	8	46	38	43	49	39	12	12	9	20	36	12	24	2
53	46	28	10	33	5	3	47	13	28	1	42	8	46	38	43	49	47	14	42	25	31	17	12	24	2
53	46	28	10	33	5	3	47	13	28	1	42	8	46	38	43	49	51	43	8	37	49	11	12	24	2
53	46	28	10	20	48	1	25	6	40	52	50	2	1	52	22	25	1	48	48	52	31	22	12	24	2
53	46	28	10	20	48	1	25	6	40	52	50	2	1	52	22	25	8	18	28	40	44	23	12	24	2
53	46	28	10	20	48	1	25	6	40	52	50	2	1	52	22	25	10	20	7	38	15	12	12	24	2
53	46	28	10	20	48	1	25	6	40	52	50	2	1	52	22	25	15	2	15	46	52	2	12	24	2
53	46	28	10	20	48	1	25	6	40	52	50	2	1	52	22	25	21	14	24	7	6	45	12	24	2
53	46	28	10	20	48	1	25	6	40	52	50	2	1	52	22	25	22	49	3	1	41	29	12	24	2
53	46	28	10	20	48	1	25	6	40	52	50	2	1	52	22	25	25	5	47	29	14	6	12	24	2
53	46	28	10	20	48	1	25	6	40	52	50	2	1	52	22	25	28	11	40	15	52	42	12	24	2
53	46	28	10	20	48	1	25	6	40	52	50	2	1	52	22	25	29	44	0	37	29	17	12	24	2
53	46	28	10	20	48	1	25	6	40	52	50	2	1	52	22	25	33	15	34	38	32	41	12	24	2
53	46	28	10	20	48	1	25	6	40	52	50	2	1	52	22	25	34	35	22	13	3	34	12	24	2
53	46	28	10	20	48	1	25	6	40	52	50	2	1	52	22	25	38	52	22	52	50	31	12	24	2
53	46	28	10	20	48	1	25	6	40	52	50	2	1	52	22	25	44	30	41	1	20	24	12	24	2
53	46	28	10	20	48	1	25	6	40	52	50	2	1	52	22	25	45	38	21	9	43	46	12	24	2
53	46	28	10	20	48	1	25	6	40	52	50	2	1	52	22	25	47	45	32	6	22	28	12	24	2
53	46	28	10	20	48	1	25	6	40	52	50	2	1	52	22	25	52	51	2	15	15	11	12	24	2
53	46	28	10	20	48	2	25	40	6	52	50	2	1	52	22	25	1	48	48	52	31	22	12	24	2
53	46	28	10	20	48	2	25	40	6	52	50	2	1	52	22	25	8	18	28	40	44	23	12	24	2
53	46	28	10	20	48	2	25	40	6	52	50	2	1	52	22	25	10	20	7	38	15	12	12	24	2
53	46	28	10	20	48	2	25	40	6	52	50	2	1	52	22	25	15	2	15	46	52	2	12	24	2
53	46	28	10	20	48	2	25	40	6	52	50	2	1	52	22	25	21	14	24	7	6	45	12	24	2
53	46	28	10	20	48	2	25	40	6	52	50	2	1	52	22	25	22	49	3	1	41	29	12	24	2
53	46	28	10	20	48	2	25	40	6	52	50	2	1	52	22	25	25	5	47	29	14	6	12	24	2
53	46	28	10	20	48	2	25	40	6	52	50	2	1	52	22	25	28	11	40	15	52	42	12	24	2
53	46	28	10	20	48	2	25	40	6	52	50	2	1	52	22	25	29	44	0	37	29	17	12	24	2
53	46	28	10	20	48	2	25	40	6	52	50	2	1	52	22	25	33	15	34	38	32	41	12	24	2
53	46	28	10	20	48	2	25	40	6	52	50	2	1	52	22	25	34	35	22	13	3	34	12	24	2
53	46	28	10	20	48	2	25	40	6	52	50	2	1	52	22	25	38	52	22	52	50	31	12	24	2
53	46	28	10	20	48	2	25	40	6	52	50	2	1	52	22	25	44	30	41	1	20	24	12	24	2
53	46	28	10	20	48	2	25	40	6	52	50	2	1	52	22	25	45	38	21	9	43	46	12	24	2
53	46	28	10	20	48	2	25	40	6	52	50	2	1	52	22	25	47	45	32	6	22	28	12	24	2
53	46	28	10	20	48	2	25	40	6	52	50	2	1	52	22	25	52	51	2	15	15	11	12	24	2
53	46	28	10	20	48	3	6	40	25	52	50	2	1	52	22	25	1	48	48	52	31	22	12	24	2
53	46	28	10	20	48	3	6	40	25	52	50	2	1	52	22	25	8	18	28	40	44	23	12	24	2
53	46	28	10	20	48	3	6	40	25	52	50	2	1	52	22	25	10	20	7	38	15	12	12	24	2
53	46	28	10	20	48	3	6	40	25	52	50	2	1	52	22	25	15	2	15	46	52	2	12	24	2
53	46	28	10	20	48	3	6	40	25	52	50	2	1	52	22	25	21	14	24	7	6	45	12	24	2
53	46	28	10	20	48	3	6	40	25	52	50	2	1	52	22	25	22	49	3	1	41	29	12	24	2
53	46	28	10	20	48	3	6	40	25	52	50	2	1	52	22	25	25	5	47	29	14	6	12	24	2
53	46	28	10	20	48	3	6	40	25	52	50	2	1	52	22	25	28	11	40	15	52	42	12	24	2
53	46	28	10	20	48	3	6	40	25	52	50	2	1	52	22	25	29	44	0	37	29	17	12	24	2
53	46	28	10	20	48	3	6	40	25	52	50	2	1	52	22	25	33	15	34	38	32	41	12	24	2
53	46	28	10	20	48	3	6	40	25	52	50	2	1	52	22	25	34	35	22	13	3	34	12	24	2
53	46	28	10	20	48	3	6	40	25	52	50	2	1	52	22	25	38	52	22	52	50	31	12	24	2
53	46	28	10	20	48	3	6	40	25	52	50	2	1	52	22	25	44	30	41	1	20	24	12	24	2
53	46	28	10	20	48	3	6	40	25	52	50	2	1	52	22	25	45	38	21	9	43	46	12	24	2
53	46	28	10	20	48	3	6	40	25	52	50	2	1	52	22	25	47	45	32	6	22	28	12	24	2
53	46	28	10	20	48	3	6	40	25	52	50	2	1	52	22	25	52	51	2	15	15	11	12	24	2
