prime	torsion_coset	m	n	ord_g1	ord_g2	state	t
13	1	0	3	4	4	3	inf
13	1	1	0	4	4	3	inf
13	1	2	1	4	4	3	inf
13	1	3	2	4	4	3	inf
11	1	0	0	8	8	3	1
11	1	0	1	8	8	3	1
11	1	0	2	8	8	3	3
11	1	0	3	8	8	3	8
11	1	0	4	8	8	3	10
11	1	0	5	8	8	3	10
11	1	0	6	8	8	3	8
11	1	0	7	8	8	3	inf
11	1	2	0	8	8	3	3
11	1	2	1	8	8	3	8
11	1	2	2	8	8	3	10
11	1	2	3	8	8	3	10
11	1	2	4	8	8	3	8
11	1	2	5	8	8	3	inf
11	1	2	6	8	8	3	1
11	1	2	7	8	8	3	1
11	1	4	0	8	8	3	10
11	1	4	1	8	8	3	10
11	1	4	2	8	8	3	8
11	1	4	3	8	8	3	inf
11	1	4	4	8	8	3	1
11	1	4	5	8	8	3	1
11	1	4	6	8	8	3	3
11	1	4	7	8	8	3	8
11	1	6	0	8	8	3	8
11	1	6	1	8	8	3	inf
11	1	6	2	8	8	3	1
11	1	6	3	8	8	3	1
11	1	6	4	8	8	3	3
11	1	6	5	8	8	3	8
11	1	6	6	8	8	3	10
11	1	6	7	8	8	3	10
11	2	0	0	8	8	3	10
11	2	0	1	8	8	3	10
11	2	0	2	8	8	3	8
11	2	0	3	8	8	3	inf
11	2	0	4	8	8	3	1
11	2	0	5	8	8	3	1
11	2	0	6	8	8	3	3
11	2	0	7	8	8	3	8
11	2	2	0	8	8	3	8
11	2	2	1	8	8	3	inf
11	2	2	2	8	8	3	1
11	2	2	3	8	8	3	1
11	2	2	4	8	8	3	3
11	2	2	5	8	8	3	8
11	2	2	6	8	8	3	10
11	2	2	7	8	8	3	10
11	2	4	0	8	8	3	1
11	2	4	1	8	8	3	1
11	2	4	2	8	8	3	3
11	2	4	3	8	8	3	8
11	2	4	4	8	8	3	10
11	2	4	5	8	8	3	10
11	2	4	6	8	8	3	8
11	2	4	7	8	8	3	inf
11	2	6	0	8	8	3	3
11	2	6	1	8	8	3	8
11	2	6	2	8	8	3	10
11	2	6	3	8	8	3	10
11	2	6	4	8	8	3	8
11	2	6	5	8	8	3	inf
11	2	6	6	8	8	3	1
11	2	6	7	8	8	3	1
47	1	0	1	24	12	3	11
47	1	0	2	24	12	3	inf
47	1	0	3	24	12	3	36
47	1	0	5	24	12	3	16
47	1	0	7	24	12	3	36
47	1	0	8	24	12	3	inf
47	1	0	9	24	12	3	11
47	1	0	11	24	12	3	31
47	1	2	0	24	12	3	31
47	1	2	2	24	12	3	11
47	1	2	3	24	12	3	inf
47	1	2	4	24	12	3	36
47	1	2	6	24	12	3	16
47	1	2	8	24	12	3	36
47	1	2	9	24	12	3	inf
47	1	2	10	24	12	3	11
47	1	4	1	24	12	3	31
47	1	4	3	24	12	3	11
47	1	4	4	24	12	3	inf
47	1	4	5	24	12	3	36
47	1	4	7	24	12	3	16
47	1	4	9	24	12	3	36
47	1	4	10	24	12	3	inf
47	1	4	11	24	12	3	11
47	1	6	0	24	12	3	11
47	1	6	2	24	12	3	31
47	1	6	4	24	12	3	11
47	1	6	5	24	12	3	inf
47	1	6	6	24	12	3	36
47	1	6	8	24	12	3	16
47	1	6	10	24	12	3	36
47	1	6	11	24	12	3	inf
47	1	8	0	24	12	3	inf
47	1	8	1	24	12	3	11
47	1	8	3	24	12	3	31
47	1	8	5	24	12	3	11
47	1	8	6	24	12	3	inf
47	1	8	7	24	12	3	36
47	1	8	9	24	12	3	16
47	1	8	11	24	12	3	36
47	1	10	0	24	12	3	36
47	1	10	1	24	12	3	inf
47	1	10	2	24	12	3	11
47	1	10	4	24	12	3	31
47	1	10	6	24	12	3	11
47	1	10	7	24	12	3	inf
47	1	10	8	24	12	3	36
47	1	10	10	24	12	3	16
47	1	12	1	24	12	3	36
47	1	12	2	24	12	3	inf
47	1	12	3	24	12	3	11
47	1	12	5	24	12	3	31
47	1	12	7	24	12	3	11
47	1	12	8	24	12	3	inf
47	1	12	9	24	12	3	36
47	1	12	11	24	12	3	16
47	1	14	0	24	12	3	16
47	1	14	2	24	12	3	36
47	1	14	3	24	12	3	inf
47	1	14	4	24	12	3	11
47	1	14	6	24	12	3	31
47	1	14	8	24	12	3	11
47	1	14	9	24	12	3	inf
47	1	14	10	24	12	3	36
47	1	16	1	24	12	3	16
47	1	16	3	24	12	3	36
47	1	16	4	24	12	3	inf
47	1	16	5	24	12	3	11
47	1	16	7	24	12	3	31
47	1	16	9	24	12	3	11
47	1	16	10	24	12	3	inf
47	1	16	11	24	12	3	36
47	1	18	0	24	12	3	36
47	1	18	2	24	12	3	16
47	1	18	4	24	12	3	36
47	1	18	5	24	12	3	inf
47	1	18	6	24	12	3	11
47	1	18	8	24	12	3	31
47	1	18	10	24	12	3	11
47	1	18	11	24	12	3	inf
47	1	20	0	24	12	3	inf
47	1	20	1	24	12	3	36
47	1	20	3	24	12	3	16
47	1	20	5	24	12	3	36
47	1	20	6	24	12	3	inf
47	1	20	7	24	12	3	11
47	1	20	9	24	12	3	31
47	1	20	11	24	12	3	11
47	1	22	0	24	12	3	11
47	1	22	1	24	12	3	inf
47	1	22	2	24	12	3	36
47	1	22	4	24	12	3	16
47	1	22	6	24	12	3	36
47	1	22	7	24	12	3	inf
47	1	22	8	24	12	3	11
47	1	22	10	24	12	3	31
47	2	0	1	24	12	3	36
47	2	0	2	24	12	3	inf
47	2	0	3	24	12	3	11
47	2	0	5	24	12	3	31
47	2	0	7	24	12	3	11
47	2	0	8	24	12	3	inf
47	2	0	9	24	12	3	36
47	2	0	11	24	12	3	16
47	2	2	0	24	12	3	16
47	2	2	2	24	12	3	36
47	2	2	3	24	12	3	inf
47	2	2	4	24	12	3	11
47	2	2	6	24	12	3	31
47	2	2	8	24	12	3	11
47	2	2	9	24	12	3	inf
47	2	2	10	24	12	3	36
47	2	4	1	24	12	3	16
47	2	4	3	24	12	3	36
47	2	4	4	24	12	3	inf
47	2	4	5	24	12	3	11
47	2	4	7	24	12	3	31
47	2	4	9	24	12	3	11
47	2	4	10	24	12	3	inf
47	2	4	11	24	12	3	36
47	2	6	0	24	12	3	36
47	2	6	2	24	12	3	16
47	2	6	4	24	12	3	36
47	2	6	5	24	12	3	inf
47	2	6	6	24	12	3	11
47	2	6	8	24	12	3	31
47	2	6	10	24	12	3	11
47	2	6	11	24	12	3	inf
47	2	8	0	24	12	3	inf
47	2	8	1	24	12	3	36
47	2	8	3	24	12	3	16
47	2	8	5	24	12	3	36
47	2	8	6	24	12	3	inf
47	2	8	7	24	12	3	11
47	2	8	9	24	12	3	31
47	2	8	11	24	12	3	11
47	2	10	0	24	12	3	11
47	2	10	1	24	12	3	inf
47	2	10	2	24	12	3	36
47	2	10	4	24	12	3	16
47	2	10	6	24	12	3	36
47	2	10	7	24	12	3	inf
47	2	10	8	24	12	3	11
47	2	10	10	24	12	3	31
47	2	12	1	24	12	3	11
47	2	12	2	24	12	3	inf
47	2	12	3	24	12	3	36
47	2	12	5	24	12	3	16
47	2	12	7	24	12	3	36
47	2	12	8	24	12	3	inf
47	2	12	9	24	12	3	11
47	2	12	11	24	12	3	31
47	2	14	0	24	12	3	31
47	2	14	2	24	12	3	11
47	2	14	3	24	12	3	inf
47	2	14	4	24	12	3	36
47	2	14	6	24	12	3	16
47	2	14	8	24	12	3	36
47	2	14	9	24	12	3	inf
47	2	14	10	24	12	3	11
47	2	16	1	24	12	3	31
47	2	16	3	24	12	3	11
47	2	16	4	24	12	3	inf
47	2	16	5	24	12	3	36
47	2	16	7	24	12	3	16
47	2	16	9	24	12	3	36
47	2	16	10	24	12	3	inf
47	2	16	11	24	12	3	11
47	2	18	0	24	12	3	11
47	2	18	2	24	12	3	31
47	2	18	4	24	12	3	11
47	2	18	5	24	12	3	inf
47	2	18	6	24	12	3	36
47	2	18	8	24	12	3	16
47	2	18	10	24	12	3	36
47	2	18	11	24	12	3	inf
47	2	20	0	24	12	3	inf
47	2	20	1	24	12	3	11
47	2	20	3	24	12	3	31
47	2	20	5	24	12	3	11
47	2	20	6	24	12	3	inf
47	2	20	7	24	12	3	36
47	2	20	9	24	12	3	16
47	2	20	11	24	12	3	36
47	2	22	0	24	12	3	36
47	2	22	1	24	12	3	inf
47	2	22	2	24	12	3	11
47	2	22	4	24	12	3	31
47	2	22	6	24	12	3	11
47	2	22	7	24	12	3	inf
47	2	22	8	24	12	3	36
47	2	22	10	24	12	3	16
41	1	0	0	26	13	3	1
41	1	0	2	26	13	2	3
41	1	0	5	26	13	2	3
41	1	0	6	26	13	3	inf
41	1	0	7	26	13	3	1
41	1	0	8	26	13	2	34
41	1	0	9	26	13	3	26
41	1	0	11	26	13	3	26
41	1	0	12	26	13	2	34
41	1	1	1	26	13	2	38
41	1	1	3	26	13	3	40
41	1	1	4	26	13	2	7
41	1	1	5	26	13	3	15
41	1	1	7	26	13	3	15
41	1	1	8	26	13	2	7
41	1	1	9	26	13	3	40
41	1	1	11	26	13	2	38
41	1	2	0	26	13	2	34
41	1	2	1	26	13	3	26
41	1	2	3	26	13	3	26
41	1	2	4	26	13	2	34
41	1	2	5	26	13	3	1
41	1	2	7	26	13	2	3
41	1	2	10	26	13	2	3
41	1	2	11	26	13	3	inf
41	1	2	12	26	13	3	1
41	1	3	0	26	13	2	7
41	1	3	1	26	13	3	40
41	1	3	3	26	13	2	38
41	1	3	6	26	13	2	38
41	1	3	8	26	13	3	40
41	1	3	9	26	13	2	7
41	1	3	10	26	13	3	15
41	1	3	12	26	13	3	15
41	1	4	2	26	13	2	3
41	1	4	3	26	13	3	inf
41	1	4	4	26	13	3	1
41	1	4	5	26	13	2	34
41	1	4	6	26	13	3	26
41	1	4	8	26	13	3	26
41	1	4	9	26	13	2	34
41	1	4	10	26	13	3	1
41	1	4	12	26	13	2	3
41	1	5	0	26	13	3	40
41	1	5	1	26	13	2	7
41	1	5	2	26	13	3	15
41	1	5	4	26	13	3	15
41	1	5	5	26	13	2	7
41	1	5	6	26	13	3	40
41	1	5	8	26	13	2	38
41	1	5	11	26	13	2	38
41	1	6	0	26	13	3	26
41	1	6	1	26	13	2	34
41	1	6	2	26	13	3	1
41	1	6	4	26	13	2	3
41	1	6	7	26	13	2	3
41	1	6	8	26	13	3	inf
41	1	6	9	26	13	3	1
41	1	6	10	26	13	2	34
41	1	6	11	26	13	3	26
41	1	7	0	26	13	2	38
41	1	7	3	26	13	2	38
41	1	7	5	26	13	3	40
41	1	7	6	26	13	2	7
41	1	7	7	26	13	3	15
41	1	7	9	26	13	3	15
41	1	7	10	26	13	2	7
41	1	7	11	26	13	3	40
41	1	8	0	26	13	3	inf
41	1	8	1	26	13	3	1
41	1	8	2	26	13	2	34
41	1	8	3	26	13	3	26
41	1	8	5	26	13	3	26
41	1	8	6	26	13	2	34
41	1	8	7	26	13	3	1
41	1	8	9	26	13	2	3
41	1	8	12	26	13	2	3
41	1	9	1	26	13	3	15
41	1	9	2	26	13	2	7
41	1	9	3	26	13	3	40
41	1	9	5	26	13	2	38
41	1	9	8	26	13	2	38
41	1	9	10	26	13	3	40
41	1	9	11	26	13	2	7
41	1	9	12	26	13	3	15
41	1	10	1	26	13	2	3
41	1	10	4	26	13	2	3
41	1	10	5	26	13	3	inf
41	1	10	6	26	13	3	1
41	1	10	7	26	13	2	34
41	1	10	8	26	13	3	26
41	1	10	10	26	13	3	26
41	1	10	11	26	13	2	34
41	1	10	12	26	13	3	1
41	1	11	0	26	13	2	38
41	1	11	2	26	13	3	40
41	1	11	3	26	13	2	7
41	1	11	4	26	13	3	15
41	1	11	6	26	13	3	15
41	1	11	7	26	13	2	7
41	1	11	8	26	13	3	40
41	1	11	10	26	13	2	38
41	1	12	0	26	13	3	26
41	1	12	2	26	13	3	26
41	1	12	3	26	13	2	34
41	1	12	4	26	13	3	1
41	1	12	6	26	13	2	3
41	1	12	9	26	13	2	3
41	1	12	10	26	13	3	inf
41	1	12	11	26	13	3	1
41	1	12	12	26	13	2	34
41	1	13	0	26	13	3	40
41	1	13	2	26	13	2	38
41	1	13	5	26	13	2	38
41	1	13	7	26	13	3	40
41	1	13	8	26	13	2	7
41	1	13	9	26	13	3	15
41	1	13	11	26	13	3	15
41	1	13	12	26	13	2	7
41	1	14	1	26	13	2	3
41	1	14	2	26	13	3	inf
41	1	14	3	26	13	3	1
41	1	14	4	26	13	2	34
41	1	14	5	26	13	3	26
41	1	14	7	26	13	3	26
41	1	14	8	26	13	2	34
41	1	14	9	26	13	3	1
41	1	14	11	26	13	2	3
41	1	15	0	26	13	2	7
41	1	15	1	26	13	3	15
41	1	15	3	26	13	3	15
41	1	15	4	26	13	2	7
41	1	15	5	26	13	3	40
41	1	15	7	26	13	2	38
41	1	15	10	26	13	2	38
41	1	15	12	26	13	3	40
41	1	16	0	26	13	2	34
41	1	16	1	26	13	3	1
41	1	16	3	26	13	2	3
41	1	16	6	26	13	2	3
41	1	16	7	26	13	3	inf
41	1	16	8	26	13	3	1
41	1	16	9	26	13	2	34
41	1	16	10	26	13	3	26
41	1	16	12	26	13	3	26
41	1	17	2	26	13	2	38
41	1	17	4	26	13	3	40
41	1	17	5	26	13	2	7
41	1	17	6	26	13	3	15
41	1	17	8	26	13	3	15
41	1	17	9	26	13	2	7
41	1	17	10	26	13	3	40
41	1	17	12	26	13	2	38
41	1	18	0	26	13	3	1
41	1	18	1	26	13	2	34
41	1	18	2	26	13	3	26
41	1	18	4	26	13	3	26
41	1	18	5	26	13	2	34
41	1	18	6	26	13	3	1
41	1	18	8	26	13	2	3
41	1	18	11	26	13	2	3
41	1	18	12	26	13	3	inf
41	1	19	0	26	13	3	15
41	1	19	1	26	13	2	7
41	1	19	2	26	13	3	40
41	1	19	4	26	13	2	38
41	1	19	7	26	13	2	38
41	1	19	9	26	13	3	40
41	1	19	10	26	13	2	7
41	1	19	11	26	13	3	15
41	1	20	0	26	13	2	3
41	1	20	3	26	13	2	3
41	1	20	4	26	13	3	inf
41	1	20	5	26	13	3	1
41	1	20	6	26	13	2	34
41	1	20	7	26	13	3	26
41	1	20	9	26	13	3	26
41	1	20	10	26	13	2	34
41	1	20	11	26	13	3	1
41	1	21	1	26	13	3	40
41	1	21	2	26	13	2	7
41	1	21	3	26	13	3	15
41	1	21	5	26	13	3	15
41	1	21	6	26	13	2	7
41	1	21	7	26	13	3	40
41	1	21	9	26	13	2	38
41	1	21	12	26	13	2	38
41	1	22	1	26	13	3	26
41	1	22	2	26	13	2	34
41	1	22	3	26	13	3	1
41	1	22	5	26	13	2	3
41	1	22	8	26	13	2	3
41	1	22	9	26	13	3	inf
41	1	22	10	26	13	3	1
41	1	22	11	26	13	2	34
41	1	22	12	26	13	3	26
41	1	23	1	26	13	2	38
41	1	23	4	26	13	2	38
41	1	23	6	26	13	3	40
41	1	23	7	26	13	2	7
41	1	23	8	26	13	3	15
41	1	23	10	26	13	3	15
41	1	23	11	26	13	2	7
41	1	23	12	26	13	3	40
41	1	24	0	26	13	2	3
41	1	24	1	26	13	3	inf
41	1	24	2	26	13	3	1
41	1	24	3	26	13	2	34
41	1	24	4	26	13	3	26
41	1	24	6	26	13	3	26
41	1	24	7	26	13	2	34
41	1	24	8	26	13	3	1
41	1	24	10	26	13	2	3
41	1	25	0	26	13	3	15
41	1	25	2	26	13	3	15
41	1	25	3	26	13	2	7
41	1	25	4	26	13	3	40
41	1	25	6	26	13	2	38
41	1	25	9	26	13	2	38
41	1	25	11	26	13	3	40
41	1	25	12	26	13	2	7
41	2	0	0	26	13	3	40
41	2	0	2	26	13	2	38
41	2	0	5	26	13	2	38
41	2	0	7	26	13	3	40
41	2	0	8	26	13	2	7
41	2	0	9	26	13	3	15
41	2	0	11	26	13	3	15
41	2	0	12	26	13	2	7
41	2	1	1	26	13	2	3
41	2	1	2	26	13	3	inf
41	2	1	3	26	13	3	1
41	2	1	4	26	13	2	34
41	2	1	5	26	13	3	26
41	2	1	7	26	13	3	26
41	2	1	8	26	13	2	34
41	2	1	9	26	13	3	1
41	2	1	11	26	13	2	3
41	2	2	0	26	13	2	7
41	2	2	1	26	13	3	15
41	2	2	3	26	13	3	15
41	2	2	4	26	13	2	7
41	2	2	5	26	13	3	40
41	2	2	7	26	13	2	38
41	2	2	10	26	13	2	38
41	2	2	12	26	13	3	40
41	2	3	0	26	13	2	34
41	2	3	1	26	13	3	1
41	2	3	3	26	13	2	3
41	2	3	6	26	13	2	3
41	2	3	7	26	13	3	inf
41	2	3	8	26	13	3	1
41	2	3	9	26	13	2	34
41	2	3	10	26	13	3	26
41	2	3	12	26	13	3	26
41	2	4	2	26	13	2	38
41	2	4	4	26	13	3	40
41	2	4	5	26	13	2	7
41	2	4	6	26	13	3	15
41	2	4	8	26	13	3	15
41	2	4	9	26	13	2	7
41	2	4	10	26	13	3	40
41	2	4	12	26	13	2	38
41	2	5	0	26	13	3	1
41	2	5	1	26	13	2	34
41	2	5	2	26	13	3	26
41	2	5	4	26	13	3	26
41	2	5	5	26	13	2	34
41	2	5	6	26	13	3	1
41	2	5	8	26	13	2	3
41	2	5	11	26	13	2	3
41	2	5	12	26	13	3	inf
41	2	6	0	26	13	3	15
41	2	6	1	26	13	2	7
41	2	6	2	26	13	3	40
41	2	6	4	26	13	2	38
41	2	6	7	26	13	2	38
41	2	6	9	26	13	3	40
41	2	6	10	26	13	2	7
41	2	6	11	26	13	3	15
41	2	7	0	26	13	2	3
41	2	7	3	26	13	2	3
41	2	7	4	26	13	3	inf
41	2	7	5	26	13	3	1
41	2	7	6	26	13	2	34
41	2	7	7	26	13	3	26
41	2	7	9	26	13	3	26
41	2	7	10	26	13	2	34
41	2	7	11	26	13	3	1
41	2	8	1	26	13	3	40
41	2	8	2	26	13	2	7
41	2	8	3	26	13	3	15
41	2	8	5	26	13	3	15
41	2	8	6	26	13	2	7
41	2	8	7	26	13	3	40
41	2	8	9	26	13	2	38
41	2	8	12	26	13	2	38
41	2	9	1	26	13	3	26
41	2	9	2	26	13	2	34
41	2	9	3	26	13	3	1
41	2	9	5	26	13	2	3
41	2	9	8	26	13	2	3
41	2	9	9	26	13	3	inf
41	2	9	10	26	13	3	1
41	2	9	11	26	13	2	34
41	2	9	12	26	13	3	26
41	2	10	1	26	13	2	38
41	2	10	4	26	13	2	38
41	2	10	6	26	13	3	40
41	2	10	7	26	13	2	7
41	2	10	8	26	13	3	15
41	2	10	10	26	13	3	15
41	2	10	11	26	13	2	7
41	2	10	12	26	13	3	40
41	2	11	0	26	13	2	3
41	2	11	1	26	13	3	inf
41	2	11	2	26	13	3	1
41	2	11	3	26	13	2	34
41	2	11	4	26	13	3	26
41	2	11	6	26	13	3	26
41	2	11	7	26	13	2	34
41	2	11	8	26	13	3	1
41	2	11	10	26	13	2	3
41	2	12	0	26	13	3	15
41	2	12	2	26	13	3	15
41	2	12	3	26	13	2	7
41	2	12	4	26	13	3	40
41	2	12	6	26	13	2	38
41	2	12	9	26	13	2	38
41	2	12	11	26	13	3	40
41	2	12	12	26	13	2	7
41	2	13	0	26	13	3	1
41	2	13	2	26	13	2	3
41	2	13	5	26	13	2	3
41	2	13	6	26	13	3	inf
41	2	13	7	26	13	3	1
41	2	13	8	26	13	2	34
41	2	13	9	26	13	3	26
41	2	13	11	26	13	3	26
41	2	13	12	26	13	2	34
41	2	14	1	26	13	2	38
41	2	14	3	26	13	3	40
41	2	14	4	26	13	2	7
41	2	14	5	26	13	3	15
41	2	14	7	26	13	3	15
41	2	14	8	26	13	2	7
41	2	14	9	26	13	3	40
41	2	14	11	26	13	2	38
41	2	15	0	26	13	2	34
41	2	15	1	26	13	3	26
41	2	15	3	26	13	3	26
41	2	15	4	26	13	2	34
41	2	15	5	26	13	3	1
41	2	15	7	26	13	2	3
41	2	15	10	26	13	2	3
41	2	15	11	26	13	3	inf
41	2	15	12	26	13	3	1
41	2	16	0	26	13	2	7
41	2	16	1	26	13	3	40
41	2	16	3	26	13	2	38
41	2	16	6	26	13	2	38
41	2	16	8	26	13	3	40
41	2	16	9	26	13	2	7
41	2	16	10	26	13	3	15
41	2	16	12	26	13	3	15
41	2	17	2	26	13	2	3
41	2	17	3	26	13	3	inf
41	2	17	4	26	13	3	1
41	2	17	5	26	13	2	34
41	2	17	6	26	13	3	26
41	2	17	8	26	13	3	26
41	2	17	9	26	13	2	34
41	2	17	10	26	13	3	1
41	2	17	12	26	13	2	3
41	2	18	0	26	13	3	40
41	2	18	1	26	13	2	7
41	2	18	2	26	13	3	15
41	2	18	4	26	13	3	15
41	2	18	5	26	13	2	7
41	2	18	6	26	13	3	40
41	2	18	8	26	13	2	38
41	2	18	11	26	13	2	38
41	2	19	0	26	13	3	26
41	2	19	1	26	13	2	34
41	2	19	2	26	13	3	1
41	2	19	4	26	13	2	3
41	2	19	7	26	13	2	3
41	2	19	8	26	13	3	inf
41	2	19	9	26	13	3	1
41	2	19	10	26	13	2	34
41	2	19	11	26	13	3	26
41	2	20	0	26	13	2	38
41	2	20	3	26	13	2	38
41	2	20	5	26	13	3	40
41	2	20	6	26	13	2	7
41	2	20	7	26	13	3	15
41	2	20	9	26	13	3	15
41	2	20	10	26	13	2	7
41	2	20	11	26	13	3	40
41	2	21	0	26	13	3	inf
41	2	21	1	26	13	3	1
41	2	21	2	26	13	2	34
41	2	21	3	26	13	3	26
41	2	21	5	26	13	3	26
41	2	21	6	26	13	2	34
41	2	21	7	26	13	3	1
41	2	21	9	26	13	2	3
41	2	21	12	26	13	2	3
41	2	22	1	26	13	3	15
41	2	22	2	26	13	2	7
41	2	22	3	26	13	3	40
41	2	22	5	26	13	2	38
41	2	22	8	26	13	2	38
41	2	22	10	26	13	3	40
41	2	22	11	26	13	2	7
41	2	22	12	26	13	3	15
41	2	23	1	26	13	2	3
41	2	23	4	26	13	2	3
41	2	23	5	26	13	3	inf
41	2	23	6	26	13	3	1
41	2	23	7	26	13	2	34
41	2	23	8	26	13	3	26
41	2	23	10	26	13	3	26
41	2	23	11	26	13	2	34
41	2	23	12	26	13	3	1
41	2	24	0	26	13	2	38
41	2	24	2	26	13	3	40
41	2	24	3	26	13	2	7
41	2	24	4	26	13	3	15
41	2	24	6	26	13	3	15
41	2	24	7	26	13	2	7
41	2	24	8	26	13	3	40
41	2	24	10	26	13	2	38
41	2	25	0	26	13	3	26
41	2	25	2	26	13	3	26
41	2	25	3	26	13	2	34
41	2	25	4	26	13	3	1
41	2	25	6	26	13	2	3
41	2	25	9	26	13	2	3
41	2	25	10	26	13	3	inf
41	2	25	11	26	13	3	1
41	2	25	12	26	13	2	34
43	1	3	0	8	2	3	inf
43	1	3	1	8	2	3	0
43	1	6	1	8	2	3	inf
43	1	7	0	8	2	3	0
43	1	7	1	8	2	3	inf
43	2	2	0	8	2	3	inf
43	2	3	0	8	2	3	inf
43	2	3	1	8	2	3	0
43	2	7	0	8	2	3	0
43	2	7	1	8	2	3	inf
17	1	0	0	24	12	3	1
17	1	0	1	24	12	3	inf
17	1	0	2	24	12	3	inf
17	1	0	3	24	12	3	inf
17	1	0	4	24	12	3	inf
17	1	0	5	24	12	3	inf
17	1	0	6	24	12	3	inf
17	1	0	7	24	12	3	inf
17	1	0	8	24	12	3	inf
17	1	0	9	24	12	3	inf
17	1	0	10	24	12	3	inf
17	1	0	11	24	12	3	inf
17	1	1	0	24	12	3	inf
17	1	1	1	24	12	3	inf
17	1	1	2	24	12	3	inf
17	1	1	3	24	12	3	inf
17	1	1	4	24	12	3	inf
17	1	1	5	24	12	3	inf
17	1	1	6	24	12	3	inf
17	1	1	7	24	12	3	inf
17	1	1	8	24	12	3	inf
17	1	1	9	24	12	3	inf
17	1	1	10	24	12	3	inf
17	1	1	11	24	12	3	inf
17	1	2	0	24	12	3	inf
17	1	2	1	24	12	3	inf
17	1	2	2	24	12	3	inf
17	1	2	3	24	12	3	inf
17	1	2	4	24	12	3	inf
17	1	2	5	24	12	3	1
17	1	2	6	24	12	3	inf
17	1	2	7	24	12	3	inf
17	1	2	8	24	12	3	inf
17	1	2	9	24	12	3	inf
17	1	2	10	24	12	3	inf
17	1	2	11	24	12	3	inf
17	1	3	0	24	12	3	inf
17	1	3	1	24	12	3	inf
17	1	3	2	24	12	3	inf
17	1	3	3	24	12	3	inf
17	1	3	4	24	12	3	inf
17	1	3	5	24	12	3	inf
17	1	3	6	24	12	3	inf
17	1	3	7	24	12	3	inf
17	1	3	8	24	12	3	inf
17	1	3	9	24	12	3	inf
17	1	3	10	24	12	3	inf
17	1	3	11	24	12	3	inf
17	1	4	0	24	12	3	inf
17	1	4	1	24	12	3	inf
17	1	4	2	24	12	3	inf
17	1	4	3	24	12	3	inf
17	1	4	4	24	12	3	inf
17	1	4	5	24	12	3	inf
17	1	4	6	24	12	3	inf
17	1	4	7	24	12	3	inf
17	1	4	8	24	12	3	inf
17	1	4	9	24	12	3	inf
17	1	4	10	24	12	3	1
17	1	4	11	24	12	3	inf
17	1	5	0	24	12	3	inf
17	1	5	1	24	12	3	inf
17	1	5	2	24	12	3	inf
17	1	5	3	24	12	3	inf
17	1	5	4	24	12	3	inf
17	1	5	5	24	12	3	inf
17	1	5	6	24	12	3	inf
17	1	5	7	24	12	3	inf
17	1	5	8	24	12	3	inf
17	1	5	9	24	12	3	inf
17	1	5	10	24	12	3	inf
17	1	5	11	24	12	3	inf
17	1	6	0	24	12	3	inf
17	1	6	1	24	12	3	inf
17	1	6	2	24	12	3	inf
17	1	6	3	24	12	3	1
17	1	6	4	24	12	3	inf
17	1	6	5	24	12	3	inf
17	1	6	6	24	12	3	inf
17	1	6	7	24	12	3	inf
17	1	6	8	24	12	3	inf
17	1	6	9	24	12	3	inf
17	1	6	10	24	12	3	inf
17	1	6	11	24	12	3	inf
17	1	7	0	24	12	3	inf
17	1	7	1	24	12	3	inf
17	1	7	2	24	12	3	inf
17	1	7	3	24	12	3	inf
17	1	7	4	24	12	3	inf
17	1	7	5	24	12	3	inf
17	1	7	6	24	12	3	inf
17	1	7	7	24	12	3	inf
17	1	7	8	24	12	3	inf
17	1	7	9	24	12	3	inf
17	1	7	10	24	12	3	inf
17	1	7	11	24	12	3	inf
17	1	8	0	24	12	3	inf
17	1	8	1	24	12	3	inf
17	1	8	2	24	12	3	inf
17	1	8	3	24	12	3	inf
17	1	8	4	24	12	3	inf
17	1	8	5	24	12	3	inf
17	1	8	6	24	12	3	inf
17	1	8	7	24	12	3	inf
17	1	8	8	24	12	3	1
17	1	8	9	24	12	3	inf
17	1	8	10	24	12	3	inf
17	1	8	11	24	12	3	inf
17	1	9	0	24	12	3	inf
17	1	9	1	24	12	3	inf
17	1	9	2	24	12	3	inf
17	1	9	3	24	12	3	inf
17	1	9	4	24	12	3	inf
17	1	9	5	24	12	3	inf
17	1	9	6	24	12	3	inf
17	1	9	7	24	12	3	inf
17	1	9	8	24	12	3	inf
17	1	9	9	24	12	3	inf
17	1	9	10	24	12	3	inf
17	1	9	11	24	12	3	inf
17	1	10	0	24	12	3	inf
17	1	10	1	24	12	3	1
17	1	10	2	24	12	3	inf
17	1	10	3	24	12	3	inf
17	1	10	4	24	12	3	inf
17	1	10	5	24	12	3	inf
17	1	10	6	24	12	3	inf
17	1	10	7	24	12	3	inf
17	1	10	8	24	12	3	inf
17	1	10	9	24	12	3	inf
17	1	10	10	24	12	3	inf
17	1	10	11	24	12	3	inf
17	1	11	0	24	12	3	inf
17	1	11	1	24	12	3	inf
17	1	11	2	24	12	3	inf
17	1	11	3	24	12	3	inf
17	1	11	4	24	12	3	inf
17	1	11	5	24	12	3	inf
17	1	11	6	24	12	3	inf
17	1	11	7	24	12	3	inf
17	1	11	8	24	12	3	inf
17	1	11	9	24	12	3	inf
17	1	11	10	24	12	3	inf
17	1	11	11	24	12	3	inf
17	1	12	0	24	12	3	inf
17	1	12	1	24	12	3	inf
17	1	12	2	24	12	3	inf
17	1	12	3	24	12	3	inf
17	1	12	4	24	12	3	inf
17	1	12	5	24	12	3	inf
17	1	12	6	24	12	3	1
17	1	12	7	24	12	3	inf
17	1	12	8	24	12	3	inf
17	1	12	9	24	12	3	inf
17	1	12	10	24	12	3	inf
17	1	12	11	24	12	3	inf
17	1	13	0	24	12	3	inf
17	1	13	1	24	12	3	inf
17	1	13	2	24	12	3	inf
17	1	13	3	24	12	3	inf
17	1	13	4	24	12	3	inf
17	1	13	5	24	12	3	inf
17	1	13	6	24	12	3	inf
17	1	13	7	24	12	3	inf
17	1	13	8	24	12	3	inf
17	1	13	9	24	12	3	inf
17	1	13	10	24	12	3	inf
17	1	13	11	24	12	3	inf
17	1	14	0	24	12	3	inf
17	1	14	1	24	12	3	inf
17	1	14	2	24	12	3	inf
17	1	14	3	24	12	3	inf
17	1	14	4	24	12	3	inf
17	1	14	5	24	12	3	inf
17	1	14	6	24	12	3	inf
17	1	14	7	24	12	3	inf
17	1	14	8	24	12	3	inf
17	1	14	9	24	12	3	inf
17	1	14	10	24	12	3	inf
17	1	14	11	24	12	3	1
17	1	15	0	24	12	3	inf
17	1	15	1	24	12	3	inf
17	1	15	2	24	12	3	inf
17	1	15	3	24	12	3	inf
17	1	15	4	24	12	3	inf
17	1	15	5	24	12	3	inf
17	1	15	6	24	12	3	inf
17	1	15	7	24	12	3	inf
17	1	15	8	24	12	3	inf
17	1	15	9	24	12	3	inf
17	1	15	10	24	12	3	inf
17	1	15	11	24	12	3	inf
17	1	16	0	24	12	3	inf
17	1	16	1	24	12	3	inf
17	1	16	2	24	12	3	inf
17	1	16	3	24	12	3	inf
17	1	16	4	24	12	3	1
17	1	16	5	24	12	3	inf
17	1	16	6	24	12	3	inf
17	1	16	7	24	12	3	inf
17	1	16	8	24	12	3	inf
17	1	16	9	24	12	3	inf
17	1	16	10	24	12	3	inf
17	1	16	11	24	12	3	inf
17	1	17	0	24	12	3	inf
17	1	17	1	24	12	3	inf
17	1	17	2	24	12	3	inf
17	1	17	3	24	12	3	inf
17	1	17	4	24	12	3	inf
17	1	17	5	24	12	3	inf
17	1	17	6	24	12	3	inf
17	1	17	7	24	12	3	inf
17	1	17	8	24	12	3	inf
17	1	17	9	24	12	3	inf
17	1	17	10	24	12	3	inf
17	1	17	11	24	12	3	inf
17	1	18	0	24	12	3	inf
17	1	18	1	24	12	3	inf
17	1	18	2	24	12	3	inf
17	1	18	3	24	12	3	inf
17	1	18	4	24	12	3	inf
17	1	18	5	24	12	3	inf
17	1	18	6	24	12	3	inf
17	1	18	7	24	12	3	inf
17	1	18	8	24	12	3	inf
17	1	18	9	24	12	3	1
17	1	18	10	24	12	3	inf
17	1	18	11	24	12	3	inf
17	1	19	0	24	12	3	inf
17	1	19	1	24	12	3	inf
17	1	19	2	24	12	3	inf
17	1	19	3	24	12	3	inf
17	1	19	4	24	12	3	inf
17	1	19	5	24	12	3	inf
17	1	19	6	24	12	3	inf
17	1	19	7	24	12	3	inf
17	1	19	8	24	12	3	inf
17	1	19	9	24	12	3	inf
17	1	19	10	24	12	3	inf
17	1	19	11	24	12	3	inf
17	1	20	0	24	12	3	inf
17	1	20	1	24	12	3	inf
17	1	20	2	24	12	3	1
17	1	20	3	24	12	3	inf
17	1	20	4	24	12	3	inf
17	1	20	5	24	12	3	inf
17	1	20	6	24	12	3	inf
17	1	20	7	24	12	3	inf
17	1	20	8	24	12	3	inf
17	1	20	9	24	12	3	inf
17	1	20	10	24	12	3	inf
17	1	20	11	24	12	3	inf
17	1	21	0	24	12	3	inf
17	1	21	1	24	12	3	inf
17	1	21	2	24	12	3	inf
17	1	21	3	24	12	3	inf
17	1	21	4	24	12	3	inf
17	1	21	5	24	12	3	inf
17	1	21	6	24	12	3	inf
17	1	21	7	24	12	3	inf
17	1	21	8	24	12	3	inf
17	1	21	9	24	12	3	inf
17	1	21	10	24	12	3	inf
17	1	21	11	24	12	3	inf
17	1	22	0	24	12	3	inf
17	1	22	1	24	12	3	inf
17	1	22	2	24	12	3	inf
17	1	22	3	24	12	3	inf
17	1	22	4	24	12	3	inf
17	1	22	5	24	12	3	inf
17	1	22	6	24	12	3	inf
17	1	22	7	24	12	3	1
17	1	22	8	24	12	3	inf
17	1	22	9	24	12	3	inf
17	1	22	10	24	12	3	inf
17	1	22	11	24	12	3	inf
17	1	23	0	24	12	3	inf
17	1	23	1	24	12	3	inf
17	1	23	2	24	12	3	inf
17	1	23	3	24	12	3	inf
17	1	23	4	24	12	3	inf
17	1	23	5	24	12	3	inf
17	1	23	6	24	12	3	inf
17	1	23	7	24	12	3	inf
17	1	23	8	24	12	3	inf
17	1	23	9	24	12	3	inf
17	1	23	10	24	12	3	inf
17	1	23	11	24	12	3	inf
17	2	0	0	24	12	3	inf
17	2	0	1	24	12	3	inf
17	2	0	2	24	12	3	inf
17	2	0	3	24	12	3	inf
17	2	0	4	24	12	3	inf
17	2	0	5	24	12	3	inf
17	2	0	6	24	12	3	1
17	2	0	7	24	12	3	inf
17	2	0	8	24	12	3	inf
17	2	0	9	24	12	3	inf
17	2	0	10	24	12	3	inf
17	2	0	11	24	12	3	inf
17	2	1	0	24	12	3	inf
17	2	1	1	24	12	3	inf
17	2	1	2	24	12	3	inf
17	2	1	3	24	12	3	inf
17	2	1	4	24	12	3	inf
17	2	1	5	24	12	3	inf
17	2	1	6	24	12	3	inf
17	2	1	7	24	12	3	inf
17	2	1	8	24	12	3	inf
17	2	1	9	24	12	3	inf
17	2	1	10	24	12	3	inf
17	2	1	11	24	12	3	inf
17	2	2	0	24	12	3	inf
17	2	2	1	24	12	3	inf
17	2	2	2	24	12	3	inf
17	2	2	3	24	12	3	inf
17	2	2	4	24	12	3	inf
17	2	2	5	24	12	3	inf
17	2	2	6	24	12	3	inf
17	2	2	7	24	12	3	inf
17	2	2	8	24	12	3	inf
17	2	2	9	24	12	3	inf
17	2	2	10	24	12	3	inf
17	2	2	11	24	12	3	1
17	2	3	0	24	12	3	inf
17	2	3	1	24	12	3	inf
17	2	3	2	24	12	3	inf
17	2	3	3	24	12	3	inf
17	2	3	4	24	12	3	inf
17	2	3	5	24	12	3	inf
17	2	3	6	24	12	3	inf
17	2	3	7	24	12	3	inf
17	2	3	8	24	12	3	inf
17	2	3	9	24	12	3	inf
17	2	3	10	24	12	3	inf
17	2	3	11	24	12	3	inf
17	2	4	0	24	12	3	inf
17	2	4	1	24	12	3	inf
17	2	4	2	24	12	3	inf
17	2	4	3	24	12	3	inf
17	2	4	4	24	12	3	1
17	2	4	5	24	12	3	inf
17	2	4	6	24	12	3	inf
17	2	4	7	24	12	3	inf
17	2	4	8	24	12	3	inf
17	2	4	9	24	12	3	inf
17	2	4	10	24	12	3	inf
17	2	4	11	24	12	3	inf
17	2	5	0	24	12	3	inf
17	2	5	1	24	12	3	inf
17	2	5	2	24	12	3	inf
17	2	5	3	24	12	3	inf
17	2	5	4	24	12	3	inf
17	2	5	5	24	12	3	inf
17	2	5	6	24	12	3	inf
17	2	5	7	24	12	3	inf
17	2	5	8	24	12	3	inf
17	2	5	9	24	12	3	inf
17	2	5	10	24	12	3	inf
17	2	5	11	24	12	3	inf
17	2	6	0	24	12	3	inf
17	2	6	1	24	12	3	inf
17	2	6	2	24	12	3	inf
17	2	6	3	24	12	3	inf
17	2	6	4	24	12	3	inf
17	2	6	5	24	12	3	inf
17	2	6	6	24	12	3	inf
17	2	6	7	24	12	3	inf
17	2	6	8	24	12	3	inf
17	2	6	9	24	12	3	1
17	2	6	10	24	12	3	inf
17	2	6	11	24	12	3	inf
17	2	7	0	24	12	3	inf
17	2	7	1	24	12	3	inf
17	2	7	2	24	12	3	inf
17	2	7	3	24	12	3	inf
17	2	7	4	24	12	3	inf
17	2	7	5	24	12	3	inf
17	2	7	6	24	12	3	inf
17	2	7	7	24	12	3	inf
17	2	7	8	24	12	3	inf
17	2	7	9	24	12	3	inf
17	2	7	10	24	12	3	inf
17	2	7	11	24	12	3	inf
17	2	8	0	24	12	3	inf
17	2	8	1	24	12	3	inf
17	2	8	2	24	12	3	1
17	2	8	3	24	12	3	inf
17	2	8	4	24	12	3	inf
17	2	8	5	24	12	3	inf
17	2	8	6	24	12	3	inf
17	2	8	7	24	12	3	inf
17	2	8	8	24	12	3	inf
17	2	8	9	24	12	3	inf
17	2	8	10	24	12	3	inf
17	2	8	11	24	12	3	inf
17	2	9	0	24	12	3	inf
17	2	9	1	24	12	3	inf
17	2	9	2	24	12	3	inf
17	2	9	3	24	12	3	inf
17	2	9	4	24	12	3	inf
17	2	9	5	24	12	3	inf
17	2	9	6	24	12	3	inf
17	2	9	7	24	12	3	inf
17	2	9	8	24	12	3	inf
17	2	9	9	24	12	3	inf
17	2	9	10	24	12	3	inf
17	2	9	11	24	12	3	inf
17	2	10	0	24	12	3	inf
17	2	10	1	24	12	3	inf
17	2	10	2	24	12	3	inf
17	2	10	3	24	12	3	inf
17	2	10	4	24	12	3	inf
17	2	10	5	24	12	3	inf
17	2	10	6	24	12	3	inf
17	2	10	7	24	12	3	1
17	2	10	8	24	12	3	inf
17	2	10	9	24	12	3	inf
17	2	10	10	24	12	3	inf
17	2	10	11	24	12	3	inf
17	2	11	0	24	12	3	inf
17	2	11	1	24	12	3	inf
17	2	11	2	24	12	3	inf
17	2	11	3	24	12	3	inf
17	2	11	4	24	12	3	inf
17	2	11	5	24	12	3	inf
17	2	11	6	24	12	3	inf
17	2	11	7	24	12	3	inf
17	2	11	8	24	12	3	inf
17	2	11	9	24	12	3	inf
17	2	11	10	24	12	3	inf
17	2	11	11	24	12	3	inf
17	2	12	0	24	12	3	1
17	2	12	1	24	12	3	inf
17	2	12	2	24	12	3	inf
17	2	12	3	24	12	3	inf
17	2	12	4	24	12	3	inf
17	2	12	5	24	12	3	inf
17	2	12	6	24	12	3	inf
17	2	12	7	24	12	3	inf
17	2	12	8	24	12	3	inf
17	2	12	9	24	12	3	inf
17	2	12	10	24	12	3	inf
17	2	12	11	24	12	3	inf
17	2	13	0	24	12	3	inf
17	2	13	1	24	12	3	inf
17	2	13	2	24	12	3	inf
17	2	13	3	24	12	3	inf
17	2	13	4	24	12	3	inf
17	2	13	5	24	12	3	inf
17	2	13	6	24	12	3	inf
17	2	13	7	24	12	3	inf
17	2	13	8	24	12	3	inf
17	2	13	9	24	12	3	inf
17	2	13	10	24	12	3	inf
17	2	13	11	24	12	3	inf
17	2	14	0	24	12	3	inf
17	2	14	1	24	12	3	inf
17	2	14	2	24	12	3	inf
17	2	14	3	24	12	3	inf
17	2	14	4	24	12	3	inf
17	2	14	5	24	12	3	1
17	2	14	6	24	12	3	inf
17	2	14	7	24	12	3	inf
17	2	14	8	24	12	3	inf
17	2	14	9	24	12	3	inf
17	2	14	10	24	12	3	inf
17	2	14	11	24	12	3	inf
17	2	15	0	24	12	3	inf
17	2	15	1	24	12	3	inf
17	2	15	2	24	12	3	inf
17	2	15	3	24	12	3	inf
17	2	15	4	24	12	3	inf
17	2	15	5	24	12	3	inf
17	2	15	6	24	12	3	inf
17	2	15	7	24	12	3	inf
17	2	15	8	24	12	3	inf
17	2	15	9	24	12	3	inf
17	2	15	10	24	12	3	inf
17	2	15	11	24	12	3	inf
17	2	16	0	24	12	3	inf
17	2	16	1	24	12	3	inf
17	2	16	2	24	12	3	inf
17	2	16	3	24	12	3	inf
17	2	16	4	24	12	3	inf
17	2	16	5	24	12	3	inf
17	2	16	6	24	12	3	inf
17	2	16	7	24	12	3	inf
17	2	16	8	24	12	3	inf
17	2	16	9	24	12	3	inf
17	2	16	10	24	12	3	1
17	2	16	11	24	12	3	inf
17	2	17	0	24	12	3	inf
17	2	17	1	24	12	3	inf
17	2	17	2	24	12	3	inf
17	2	17	3	24	12	3	inf
17	2	17	4	24	12	3	inf
17	2	17	5	24	12	3	inf
17	2	17	6	24	12	3	inf
17	2	17	7	24	12	3	inf
17	2	17	8	24	12	3	inf
17	2	17	9	24	12	3	inf
17	2	17	10	24	12	3	inf
17	2	17	11	24	12	3	inf
17	2	18	0	24	12	3	inf
17	2	18	1	24	12	3	inf
17	2	18	2	24	12	3	inf
17	2	18	3	24	12	3	1
17	2	18	4	24	12	3	inf
17	2	18	5	24	12	3	inf
17	2	18	6	24	12	3	inf
17	2	18	7	24	12	3	inf
17	2	18	8	24	12	3	inf
17	2	18	9	24	12	3	inf
17	2	18	10	24	12	3	inf
17	2	18	11	24	12	3	inf
17	2	19	0	24	12	3	inf
17	2	19	1	24	12	3	inf
17	2	19	2	24	12	3	inf
17	2	19	3	24	12	3	inf
17	2	19	4	24	12	3	inf
17	2	19	5	24	12	3	inf
17	2	19	6	24	12	3	inf
17	2	19	7	24	12	3	inf
17	2	19	8	24	12	3	inf
17	2	19	9	24	12	3	inf
17	2	19	10	24	12	3	inf
17	2	19	11	24	12	3	inf
17	2	20	0	24	12	3	inf
17	2	20	1	24	12	3	inf
17	2	20	2	24	12	3	inf
17	2	20	3	24	12	3	inf
17	2	20	4	24	12	3	inf
17	2	20	5	24	12	3	inf
17	2	20	6	24	12	3	inf
17	2	20	7	24	12	3	inf
17	2	20	8	24	12	3	1
17	2	20	9	24	12	3	inf
17	2	20	10	24	12	3	inf
17	2	20	11	24	12	3	inf
17	2	21	0	24	12	3	inf
17	2	21	1	24	12	3	inf
17	2	21	2	24	12	3	inf
17	2	21	3	24	12	3	inf
17	2	21	4	24	12	3	inf
17	2	21	5	24	12	3	inf
17	2	21	6	24	12	3	inf
17	2	21	7	24	12	3	inf
17	2	21	8	24	12	3	inf
17	2	21	9	24	12	3	inf
17	2	21	10	24	12	3	inf
17	2	21	11	24	12	3	inf
17	2	22	0	24	12	3	inf
17	2	22	1	24	12	3	1
17	2	22	2	24	12	3	inf
17	2	22	3	24	12	3	inf
17	2	22	4	24	12	3	inf
17	2	22	5	24	12	3	inf
17	2	22	6	24	12	3	inf
17	2	22	7	24	12	3	inf
17	2	22	8	24	12	3	inf
17	2	22	9	24	12	3	inf
17	2	22	10	24	12	3	inf
17	2	22	11	24	12	3	inf
17	2	23	0	24	12	3	inf
17	2	23	1	24	12	3	inf
17	2	23	2	24	12	3	inf
17	2	23	3	24	12	3	inf
17	2	23	4	24	12	3	inf
17	2	23	5	24	12	3	inf
17	2	23	6	24	12	3	inf
17	2	23	7	24	12	3	inf
17	2	23	8	24	12	3	inf
17	2	23	9	24	12	3	inf
17	2	23	10	24	12	3	inf
17	2	23	11	24	12	3	inf
29	1	0	6	18	18	3	0
29	1	0	15	18	18	3	inf
29	1	1	4	18	18	3	inf
29	1	1	13	18	18	3	0
29	1	2	2	18	18	3	0
29	1	2	11	18	18	3	inf
29	1	3	0	18	18	3	inf
29	1	3	9	18	18	3	0
29	1	4	7	18	18	3	inf
29	1	4	16	18	18	3	0
29	1	5	5	18	18	3	0
29	1	5	14	18	18	3	inf
29	1	6	3	18	18	3	inf
29	1	6	12	18	18	3	0
29	1	7	1	18	18	3	0
29	1	7	10	18	18	3	inf
29	1	8	8	18	18	3	0
29	1	8	17	18	18	3	inf
29	1	9	6	18	18	3	inf
29	1	9	15	18	18	3	0
29	1	10	4	18	18	3	0
29	1	10	13	18	18	3	inf
29	1	11	2	18	18	3	inf
29	1	11	11	18	18	3	0
29	1	12	0	18	18	3	0
29	1	12	9	18	18	3	inf
29	1	13	7	18	18	3	0
29	1	13	16	18	18	3	inf
29	1	14	5	18	18	3	inf
29	1	14	14	18	18	3	0
29	1	15	3	18	18	3	0
29	1	15	12	18	18	3	inf
29	1	16	1	18	18	3	inf
29	1	16	10	18	18	3	0
29	1	17	8	18	18	3	inf
29	1	17	17	18	18	3	0
29	2	0	6	18	18	3	inf
29	2	0	15	18	18	3	0
29	2	1	4	18	18	3	0
29	2	1	13	18	18	3	inf
29	2	2	2	18	18	3	inf
29	2	2	11	18	18	3	0
29	2	3	0	18	18	3	0
29	2	3	9	18	18	3	inf
29	2	4	7	18	18	3	0
29	2	4	16	18	18	3	inf
29	2	5	5	18	18	3	inf
29	2	5	14	18	18	3	0
29	2	6	3	18	18	3	0
29	2	6	12	18	18	3	inf
29	2	7	1	18	18	3	inf
29	2	7	10	18	18	3	0
29	2	8	8	18	18	3	inf
29	2	8	17	18	18	3	0
29	2	9	6	18	18	3	0
29	2	9	15	18	18	3	inf
29	2	10	4	18	18	3	inf
29	2	10	13	18	18	3	0
29	2	11	2	18	18	3	0
29	2	11	11	18	18	3	inf
29	2	12	0	18	18	3	inf
29	2	12	9	18	18	3	0
29	2	13	7	18	18	3	inf
29	2	13	16	18	18	3	0
29	2	14	5	18	18	3	0
29	2	14	14	18	18	3	inf
29	2	15	3	18	18	3	inf
29	2	15	12	18	18	3	0
29	2	16	1	18	18	3	0
29	2	16	10	18	18	3	inf
29	2	17	8	18	18	3	0
29	2	17	17	18	18	3	inf
31	1	0	0	7	7	2	1
31	1	0	1	7	7	2	1
31	1	0	6	7	7	3	inf
31	1	1	0	7	7	2	1
31	1	1	5	7	7	3	inf
31	1	1	6	7	7	2	1
31	1	2	4	7	7	3	inf
31	1	2	5	7	7	2	1
31	1	2	6	7	7	2	1
31	1	3	3	7	7	3	inf
31	1	3	4	7	7	2	1
31	1	3	5	7	7	2	1
31	1	4	2	7	7	3	inf
31	1	4	3	7	7	2	1
31	1	4	4	7	7	2	1
31	1	5	1	7	7	3	inf
31	1	5	2	7	7	2	1
31	1	5	3	7	7	2	1
31	1	6	0	7	7	3	inf
31	1	6	1	7	7	2	1
31	1	6	2	7	7	2	1
31	2	0	0	7	7	2	30
31	2	0	1	7	7	2	30
31	2	1	0	7	7	2	30
31	2	1	6	7	7	2	30
31	2	2	5	7	7	2	30
31	2	2	6	7	7	2	30
31	2	3	4	7	7	2	30
31	2	3	5	7	7	2	30
31	2	4	3	7	7	2	30
31	2	4	4	7	7	2	30
31	2	5	2	7	7	2	30
31	2	5	3	7	7	2	30
31	2	6	1	7	7	2	30
31	2	6	2	7	7	2	30
37	1	0	3	32	16	3	35
37	1	0	7	32	16	3	0
37	1	0	10	32	16	3	inf
37	1	0	11	32	16	3	2
37	1	0	15	32	16	3	0
37	1	2	0	32	16	3	0
37	1	2	3	32	16	3	inf
37	1	2	4	32	16	3	2
37	1	2	8	32	16	3	0
37	1	2	12	32	16	3	35
37	1	4	1	32	16	3	0
37	1	4	5	32	16	3	35
37	1	4	9	32	16	3	0
37	1	4	12	32	16	3	inf
37	1	4	13	32	16	3	2
37	1	6	2	32	16	3	0
37	1	6	5	32	16	3	inf
37	1	6	6	32	16	3	2
37	1	6	10	32	16	3	0
37	1	6	14	32	16	3	35
37	1	8	3	32	16	3	0
37	1	8	7	32	16	3	35
37	1	8	11	32	16	3	0
37	1	8	14	32	16	3	inf
37	1	8	15	32	16	3	2
37	1	10	0	32	16	3	35
37	1	10	4	32	16	3	0
37	1	10	7	32	16	3	inf
37	1	10	8	32	16	3	2
37	1	10	12	32	16	3	0
37	1	12	0	32	16	3	inf
37	1	12	1	32	16	3	2
37	1	12	5	32	16	3	0
37	1	12	9	32	16	3	35
37	1	12	13	32	16	3	0
37	1	14	2	32	16	3	35
37	1	14	6	32	16	3	0
37	1	14	9	32	16	3	inf
37	1	14	10	32	16	3	2
37	1	14	14	32	16	3	0
37	1	16	2	32	16	3	inf
37	1	16	3	32	16	3	2
37	1	16	7	32	16	3	0
37	1	16	11	32	16	3	35
37	1	16	15	32	16	3	0
37	1	18	0	32	16	3	0
37	1	18	4	32	16	3	35
37	1	18	8	32	16	3	0
37	1	18	11	32	16	3	inf
37	1	18	12	32	16	3	2
37	1	20	1	32	16	3	0
37	1	20	4	32	16	3	inf
37	1	20	5	32	16	3	2
37	1	20	9	32	16	3	0
37	1	20	13	32	16	3	35
37	1	22	2	32	16	3	0
37	1	22	6	32	16	3	35
37	1	22	10	32	16	3	0
37	1	22	13	32	16	3	inf
37	1	22	14	32	16	3	2
37	1	24	3	32	16	3	0
37	1	24	6	32	16	3	inf
37	1	24	7	32	16	3	2
37	1	24	11	32	16	3	0
37	1	24	15	32	16	3	35
37	1	26	0	32	16	3	2
37	1	26	4	32	16	3	0
37	1	26	8	32	16	3	35
37	1	26	12	32	16	3	0
37	1	26	15	32	16	3	inf
37	1	28	1	32	16	3	35
37	1	28	5	32	16	3	0
37	1	28	8	32	16	3	inf
37	1	28	9	32	16	3	2
37	1	28	13	32	16	3	0
37	1	30	1	32	16	3	inf
37	1	30	2	32	16	3	2
37	1	30	6	32	16	3	0
37	1	30	10	32	16	3	35
37	1	30	14	32	16	3	0
37	2	0	2	32	16	3	inf
37	2	0	3	32	16	3	2
37	2	0	7	32	16	3	0
37	2	0	11	32	16	3	35
37	2	0	15	32	16	3	0
37	2	2	0	32	16	3	0
37	2	2	4	32	16	3	35
37	2	2	8	32	16	3	0
37	2	2	11	32	16	3	inf
37	2	2	12	32	16	3	2
37	2	4	1	32	16	3	0
37	2	4	4	32	16	3	inf
37	2	4	5	32	16	3	2
37	2	4	9	32	16	3	0
37	2	4	13	32	16	3	35
37	2	6	2	32	16	3	0
37	2	6	6	32	16	3	35
37	2	6	10	32	16	3	0
37	2	6	13	32	16	3	inf
37	2	6	14	32	16	3	2
37	2	8	3	32	16	3	0
37	2	8	6	32	16	3	inf
37	2	8	7	32	16	3	2
37	2	8	11	32	16	3	0
37	2	8	15	32	16	3	35
37	2	10	0	32	16	3	2
37	2	10	4	32	16	3	0
37	2	10	8	32	16	3	35
37	2	10	12	32	16	3	0
37	2	10	15	32	16	3	inf
37	2	12	1	32	16	3	35
37	2	12	5	32	16	3	0
37	2	12	8	32	16	3	inf
37	2	12	9	32	16	3	2
37	2	12	13	32	16	3	0
37	2	14	1	32	16	3	inf
37	2	14	2	32	16	3	2
37	2	14	6	32	16	3	0
37	2	14	10	32	16	3	35
37	2	14	14	32	16	3	0
37	2	16	3	32	16	3	35
37	2	16	7	32	16	3	0
37	2	16	10	32	16	3	inf
37	2	16	11	32	16	3	2
37	2	16	15	32	16	3	0
37	2	18	0	32	16	3	0
37	2	18	3	32	16	3	inf
37	2	18	4	32	16	3	2
37	2	18	8	32	16	3	0
37	2	18	12	32	16	3	35
37	2	20	1	32	16	3	0
37	2	20	5	32	16	3	35
37	2	20	9	32	16	3	0
37	2	20	12	32	16	3	inf
37	2	20	13	32	16	3	2
37	2	22	2	32	16	3	0
37	2	22	5	32	16	3	inf
37	2	22	6	32	16	3	2
37	2	22	10	32	16	3	0
37	2	22	14	32	16	3	35
37	2	24	3	32	16	3	0
37	2	24	7	32	16	3	35
37	2	24	11	32	16	3	0
37	2	24	14	32	16	3	inf
37	2	24	15	32	16	3	2
37	2	26	0	32	16	3	35
37	2	26	4	32	16	3	0
37	2	26	7	32	16	3	inf
37	2	26	8	32	16	3	2
37	2	26	12	32	16	3	0
37	2	28	0	32	16	3	inf
37	2	28	1	32	16	3	2
37	2	28	5	32	16	3	0
37	2	28	9	32	16	3	35
37	2	28	13	32	16	3	0
37	2	30	2	32	16	3	35
37	2	30	6	32	16	3	0
37	2	30	9	32	16	3	inf
37	2	30	10	32	16	3	2
37	2	30	14	32	16	3	0
53	1	0	1	52	26	3	33
53	1	0	2	52	26	3	20
53	1	0	8	52	26	3	36
53	1	0	10	52	26	3	inf
53	1	0	14	52	26	3	20
53	1	0	15	52	26	3	33
53	1	0	21	52	26	3	17
53	1	1	0	52	26	2	9
53	1	1	4	52	26	2	5
53	1	1	6	52	26	3	inf
53	1	1	8	52	26	2	48
53	1	1	12	52	26	2	44
53	1	1	13	52	26	2	44
53	1	1	17	52	26	2	48
53	1	1	19	52	26	3	inf
53	1	1	21	52	26	2	5
53	1	1	25	52	26	2	9
53	1	2	4	52	26	3	17
53	1	2	10	52	26	3	33
53	1	2	11	52	26	3	20
53	1	2	17	52	26	3	36
53	1	2	19	52	26	3	inf
53	1	2	23	52	26	3	20
53	1	2	24	52	26	3	33
53	1	3	0	52	26	2	48
53	1	3	2	52	26	3	inf
53	1	3	4	52	26	2	5
53	1	3	8	52	26	2	9
53	1	3	9	52	26	2	9
53	1	3	13	52	26	2	5
53	1	3	15	52	26	3	inf
53	1	3	17	52	26	2	48
53	1	3	21	52	26	2	44
53	1	3	22	52	26	2	44
53	1	4	0	52	26	3	36
53	1	4	2	52	26	3	inf
53	1	4	6	52	26	3	20
53	1	4	7	52	26	3	33
53	1	4	13	52	26	3	17
53	1	4	19	52	26	3	33
53	1	4	20	52	26	3	20
53	1	5	0	52	26	2	48
53	1	5	4	52	26	2	44
53	1	5	5	52	26	2	44
53	1	5	9	52	26	2	48
53	1	5	11	52	26	3	inf
53	1	5	13	52	26	2	5
53	1	5	17	52	26	2	9
53	1	5	18	52	26	2	9
53	1	5	22	52	26	2	5
53	1	5	24	52	26	3	inf
53	1	6	2	52	26	3	33
53	1	6	3	52	26	3	20
53	1	6	9	52	26	3	36
53	1	6	11	52	26	3	inf
53	1	6	15	52	26	3	20
53	1	6	16	52	26	3	33
53	1	6	22	52	26	3	17
53	1	7	0	52	26	2	9
53	1	7	1	52	26	2	9
53	1	7	5	52	26	2	5
53	1	7	7	52	26	3	inf
53	1	7	9	52	26	2	48
53	1	7	13	52	26	2	44
53	1	7	14	52	26	2	44
53	1	7	18	52	26	2	48
53	1	7	20	52	26	3	inf
53	1	7	22	52	26	2	5
53	1	8	5	52	26	3	17
53	1	8	11	52	26	3	33
53	1	8	12	52	26	3	20
53	1	8	18	52	26	3	36
53	1	8	20	52	26	3	inf
53	1	8	24	52	26	3	20
53	1	8	25	52	26	3	33
53	1	9	1	52	26	2	48
53	1	9	3	52	26	3	inf
53	1	9	5	52	26	2	5
53	1	9	9	52	26	2	9
53	1	9	10	52	26	2	9
53	1	9	14	52	26	2	5
53	1	9	16	52	26	3	inf
53	1	9	18	52	26	2	48
53	1	9	22	52	26	2	44
53	1	9	23	52	26	2	44
53	1	10	1	52	26	3	36
53	1	10	3	52	26	3	inf
53	1	10	7	52	26	3	20
53	1	10	8	52	26	3	33
53	1	10	14	52	26	3	17
53	1	10	20	52	26	3	33
53	1	10	21	52	26	3	20
53	1	11	1	52	26	2	48
53	1	11	5	52	26	2	44
53	1	11	6	52	26	2	44
53	1	11	10	52	26	2	48
53	1	11	12	52	26	3	inf
53	1	11	14	52	26	2	5
53	1	11	18	52	26	2	9
53	1	11	19	52	26	2	9
53	1	11	23	52	26	2	5
53	1	11	25	52	26	3	inf
53	1	12	3	52	26	3	33
53	1	12	4	52	26	3	20
53	1	12	10	52	26	3	36
53	1	12	12	52	26	3	inf
53	1	12	16	52	26	3	20
53	1	12	17	52	26	3	33
53	1	12	23	52	26	3	17
53	1	13	1	52	26	2	9
53	1	13	2	52	26	2	9
53	1	13	6	52	26	2	5
53	1	13	8	52	26	3	inf
53	1	13	10	52	26	2	48
53	1	13	14	52	26	2	44
53	1	13	15	52	26	2	44
53	1	13	19	52	26	2	48
53	1	13	21	52	26	3	inf
53	1	13	23	52	26	2	5
53	1	14	0	52	26	3	33
53	1	14	6	52	26	3	17
53	1	14	12	52	26	3	33
53	1	14	13	52	26	3	20
53	1	14	19	52	26	3	36
53	1	14	21	52	26	3	inf
53	1	14	25	52	26	3	20
53	1	15	2	52	26	2	48
53	1	15	4	52	26	3	inf
53	1	15	6	52	26	2	5
53	1	15	10	52	26	2	9
53	1	15	11	52	26	2	9
53	1	15	15	52	26	2	5
53	1	15	17	52	26	3	inf
53	1	15	19	52	26	2	48
53	1	15	23	52	26	2	44
53	1	15	24	52	26	2	44
53	1	16	2	52	26	3	36
53	1	16	4	52	26	3	inf
53	1	16	8	52	26	3	20
53	1	16	9	52	26	3	33
53	1	16	15	52	26	3	17
53	1	16	21	52	26	3	33
53	1	16	22	52	26	3	20
53	1	17	0	52	26	3	inf
53	1	17	2	52	26	2	48
53	1	17	6	52	26	2	44
53	1	17	7	52	26	2	44
53	1	17	11	52	26	2	48
53	1	17	13	52	26	3	inf
53	1	17	15	52	26	2	5
53	1	17	19	52	26	2	9
53	1	17	20	52	26	2	9
53	1	17	24	52	26	2	5
53	1	18	4	52	26	3	33
53	1	18	5	52	26	3	20
53	1	18	11	52	26	3	36
53	1	18	13	52	26	3	inf
53	1	18	17	52	26	3	20
53	1	18	18	52	26	3	33
53	1	18	24	52	26	3	17
53	1	19	2	52	26	2	9
53	1	19	3	52	26	2	9
53	1	19	7	52	26	2	5
53	1	19	9	52	26	3	inf
53	1	19	11	52	26	2	48
53	1	19	15	52	26	2	44
53	1	19	16	52	26	2	44
53	1	19	20	52	26	2	48
53	1	19	22	52	26	3	inf
53	1	19	24	52	26	2	5
53	1	20	0	52	26	3	20
53	1	20	1	52	26	3	33
53	1	20	7	52	26	3	17
53	1	20	13	52	26	3	33
53	1	20	14	52	26	3	20
53	1	20	20	52	26	3	36
53	1	20	22	52	26	3	inf
53	1	21	3	52	26	2	48
53	1	21	5	52	26	3	inf
53	1	21	7	52	26	2	5
53	1	21	11	52	26	2	9
53	1	21	12	52	26	2	9
53	1	21	16	52	26	2	5
53	1	21	18	52	26	3	inf
53	1	21	20	52	26	2	48
53	1	21	24	52	26	2	44
53	1	21	25	52	26	2	44
53	1	22	3	52	26	3	36
53	1	22	5	52	26	3	inf
53	1	22	9	52	26	3	20
53	1	22	10	52	26	3	33
53	1	22	16	52	26	3	17
53	1	22	22	52	26	3	33
53	1	22	23	52	26	3	20
53	1	23	1	52	26	3	inf
53	1	23	3	52	26	2	48
53	1	23	7	52	26	2	44
53	1	23	8	52	26	2	44
53	1	23	12	52	26	2	48
53	1	23	14	52	26	3	inf
53	1	23	16	52	26	2	5
53	1	23	20	52	26	2	9
53	1	23	21	52	26	2	9
53	1	23	25	52	26	2	5
53	1	24	5	52	26	3	33
53	1	24	6	52	26	3	20
53	1	24	12	52	26	3	36
53	1	24	14	52	26	3	inf
53	1	24	18	52	26	3	20
53	1	24	19	52	26	3	33
53	1	24	25	52	26	3	17
53	1	25	3	52	26	2	9
53	1	25	4	52	26	2	9
53	1	25	8	52	26	2	5
53	1	25	10	52	26	3	inf
53	1	25	12	52	26	2	48
53	1	25	16	52	26	2	44
53	1	25	17	52	26	2	44
53	1	25	21	52	26	2	48
53	1	25	23	52	26	3	inf
53	1	25	25	52	26	2	5
53	1	26	1	52	26	3	20
53	1	26	2	52	26	3	33
53	1	26	8	52	26	3	17
53	1	26	14	52	26	3	33
53	1	26	15	52	26	3	20
53	1	26	21	52	26	3	36
53	1	26	23	52	26	3	inf
53	1	27	0	52	26	2	44
53	1	27	4	52	26	2	48
53	1	27	6	52	26	3	inf
53	1	27	8	52	26	2	5
53	1	27	12	52	26	2	9
53	1	27	13	52	26	2	9
53	1	27	17	52	26	2	5
53	1	27	19	52	26	3	inf
53	1	27	21	52	26	2	48
53	1	27	25	52	26	2	44
53	1	28	4	52	26	3	36
53	1	28	6	52	26	3	inf
53	1	28	10	52	26	3	20
53	1	28	11	52	26	3	33
53	1	28	17	52	26	3	17
53	1	28	23	52	26	3	33
53	1	28	24	52	26	3	20
53	1	29	0	52	26	2	5
53	1	29	2	52	26	3	inf
53	1	29	4	52	26	2	48
53	1	29	8	52	26	2	44
53	1	29	9	52	26	2	44
53	1	29	13	52	26	2	48
53	1	29	15	52	26	3	inf
53	1	29	17	52	26	2	5
53	1	29	21	52	26	2	9
53	1	29	22	52	26	2	9
53	1	30	0	52	26	3	17
53	1	30	6	52	26	3	33
53	1	30	7	52	26	3	20
53	1	30	13	52	26	3	36
53	1	30	15	52	26	3	inf
53	1	30	19	52	26	3	20
53	1	30	20	52	26	3	33
53	1	31	0	52	26	2	5
53	1	31	4	52	26	2	9
53	1	31	5	52	26	2	9
53	1	31	9	52	26	2	5
53	1	31	11	52	26	3	inf
53	1	31	13	52	26	2	48
53	1	31	17	52	26	2	44
53	1	31	18	52	26	2	44
53	1	31	22	52	26	2	48
53	1	31	24	52	26	3	inf
53	1	32	2	52	26	3	20
53	1	32	3	52	26	3	33
53	1	32	9	52	26	3	17
53	1	32	15	52	26	3	33
53	1	32	16	52	26	3	20
53	1	32	22	52	26	3	36
53	1	32	24	52	26	3	inf
53	1	33	0	52	26	2	44
53	1	33	1	52	26	2	44
53	1	33	5	52	26	2	48
53	1	33	7	52	26	3	inf
53	1	33	9	52	26	2	5
53	1	33	13	52	26	2	9
53	1	33	14	52	26	2	9
53	1	33	18	52	26	2	5
53	1	33	20	52	26	3	inf
53	1	33	22	52	26	2	48
53	1	34	5	52	26	3	36
53	1	34	7	52	26	3	inf
53	1	34	11	52	26	3	20
53	1	34	12	52	26	3	33
53	1	34	18	52	26	3	17
53	1	34	24	52	26	3	33
53	1	34	25	52	26	3	20
53	1	35	1	52	26	2	5
53	1	35	3	52	26	3	inf
53	1	35	5	52	26	2	48
53	1	35	9	52	26	2	44
53	1	35	10	52	26	2	44
53	1	35	14	52	26	2	48
53	1	35	16	52	26	3	inf
53	1	35	18	52	26	2	5
53	1	35	22	52	26	2	9
53	1	35	23	52	26	2	9
53	1	36	1	52	26	3	17
53	1	36	7	52	26	3	33
53	1	36	8	52	26	3	20
53	1	36	14	52	26	3	36
53	1	36	16	52	26	3	inf
53	1	36	20	52	26	3	20
53	1	36	21	52	26	3	33
53	1	37	1	52	26	2	5
53	1	37	5	52	26	2	9
53	1	37	6	52	26	2	9
53	1	37	10	52	26	2	5
53	1	37	12	52	26	3	inf
53	1	37	14	52	26	2	48
53	1	37	18	52	26	2	44
53	1	37	19	52	26	2	44
53	1	37	23	52	26	2	48
53	1	37	25	52	26	3	inf
53	1	38	3	52	26	3	20
53	1	38	4	52	26	3	33
53	1	38	10	52	26	3	17
53	1	38	16	52	26	3	33
53	1	38	17	52	26	3	20
53	1	38	23	52	26	3	36
53	1	38	25	52	26	3	inf
53	1	39	1	52	26	2	44
53	1	39	2	52	26	2	44
53	1	39	6	52	26	2	48
53	1	39	8	52	26	3	inf
53	1	39	10	52	26	2	5
53	1	39	14	52	26	2	9
53	1	39	15	52	26	2	9
53	1	39	19	52	26	2	5
53	1	39	21	52	26	3	inf
53	1	39	23	52	26	2	48
53	1	40	0	52	26	3	20
53	1	40	6	52	26	3	36
53	1	40	8	52	26	3	inf
53	1	40	12	52	26	3	20
53	1	40	13	52	26	3	33
53	1	40	19	52	26	3	17
53	1	40	25	52	26	3	33
53	1	41	2	52	26	2	5
53	1	41	4	52	26	3	inf
53	1	41	6	52	26	2	48
53	1	41	10	52	26	2	44
53	1	41	11	52	26	2	44
53	1	41	15	52	26	2	48
53	1	41	17	52	26	3	inf
53	1	41	19	52	26	2	5
53	1	41	23	52	26	2	9
53	1	41	24	52	26	2	9
53	1	42	2	52	26	3	17
53	1	42	8	52	26	3	33
53	1	42	9	52	26	3	20
53	1	42	15	52	26	3	36
53	1	42	17	52	26	3	inf
53	1	42	21	52	26	3	20
53	1	42	22	52	26	3	33
53	1	43	0	52	26	3	inf
53	1	43	2	52	26	2	5
53	1	43	6	52	26	2	9
53	1	43	7	52	26	2	9
53	1	43	11	52	26	2	5
53	1	43	13	52	26	3	inf
53	1	43	15	52	26	2	48
53	1	43	19	52	26	2	44
53	1	43	20	52	26	2	44
53	1	43	24	52	26	2	48
53	1	44	0	52	26	3	inf
53	1	44	4	52	26	3	20
53	1	44	5	52	26	3	33
53	1	44	11	52	26	3	17
53	1	44	17	52	26	3	33
53	1	44	18	52	26	3	20
53	1	44	24	52	26	3	36
53	1	45	2	52	26	2	44
53	1	45	3	52	26	2	44
53	1	45	7	52	26	2	48
53	1	45	9	52	26	3	inf
53	1	45	11	52	26	2	5
53	1	45	15	52	26	2	9
53	1	45	16	52	26	2	9
53	1	45	20	52	26	2	5
53	1	45	22	52	26	3	inf
53	1	45	24	52	26	2	48
53	1	46	0	52	26	3	33
53	1	46	1	52	26	3	20
53	1	46	7	52	26	3	36
53	1	46	9	52	26	3	inf
53	1	46	13	52	26	3	20
53	1	46	14	52	26	3	33
53	1	46	20	52	26	3	17
53	1	47	3	52	26	2	5
53	1	47	5	52	26	3	inf
53	1	47	7	52	26	2	48
53	1	47	11	52	26	2	44
53	1	47	12	52	26	2	44
53	1	47	16	52	26	2	48
53	1	47	18	52	26	3	inf
53	1	47	20	52	26	2	5
53	1	47	24	52	26	2	9
53	1	47	25	52	26	2	9
53	1	48	3	52	26	3	17
53	1	48	9	52	26	3	33
53	1	48	10	52	26	3	20
53	1	48	16	52	26	3	36
53	1	48	18	52	26	3	inf
53	1	48	22	52	26	3	20
53	1	48	23	52	26	3	33
53	1	49	1	52	26	3	inf
53	1	49	3	52	26	2	5
53	1	49	7	52	26	2	9
53	1	49	8	52	26	2	9
53	1	49	12	52	26	2	5
53	1	49	14	52	26	3	inf
53	1	49	16	52	26	2	48
53	1	49	20	52	26	2	44
53	1	49	21	52	26	2	44
53	1	49	25	52	26	2	48
53	1	50	1	52	26	3	inf
53	1	50	5	52	26	3	20
53	1	50	6	52	26	3	33
53	1	50	12	52	26	3	17
53	1	50	18	52	26	3	33
53	1	50	19	52	26	3	20
53	1	50	25	52	26	3	36
53	1	51	3	52	26	2	44
53	1	51	4	52	26	2	44
53	1	51	8	52	26	2	48
53	1	51	10	52	26	3	inf
53	1	51	12	52	26	2	5
53	1	51	16	52	26	2	9
53	1	51	17	52	26	2	9
53	1	51	21	52	26	2	5
53	1	51	23	52	26	3	inf
53	1	51	25	52	26	2	48
53	2	0	1	52	26	3	20
53	2	0	2	52	26	3	33
53	2	0	8	52	26	3	17
53	2	0	14	52	26	3	33
53	2	0	15	52	26	3	20
53	2	0	21	52	26	3	36
53	2	0	23	52	26	3	inf
53	2	1	0	52	26	2	44
53	2	1	4	52	26	2	48
53	2	1	6	52	26	3	inf
53	2	1	8	52	26	2	5
53	2	1	12	52	26	2	9
53	2	1	13	52	26	2	9
53	2	1	17	52	26	2	5
53	2	1	19	52	26	3	inf
53	2	1	21	52	26	2	48
53	2	1	25	52	26	2	44
53	2	2	4	52	26	3	36
53	2	2	6	52	26	3	inf
53	2	2	10	52	26	3	20
53	2	2	11	52	26	3	33
53	2	2	17	52	26	3	17
53	2	2	23	52	26	3	33
53	2	2	24	52	26	3	20
53	2	3	0	52	26	2	5
53	2	3	2	52	26	3	inf
53	2	3	4	52	26	2	48
53	2	3	8	52	26	2	44
53	2	3	9	52	26	2	44
53	2	3	13	52	26	2	48
53	2	3	15	52	26	3	inf
53	2	3	17	52	26	2	5
53	2	3	21	52	26	2	9
53	2	3	22	52	26	2	9
53	2	4	0	52	26	3	17
53	2	4	6	52	26	3	33
53	2	4	7	52	26	3	20
53	2	4	13	52	26	3	36
53	2	4	15	52	26	3	inf
53	2	4	19	52	26	3	20
53	2	4	20	52	26	3	33
53	2	5	0	52	26	2	5
53	2	5	4	52	26	2	9
53	2	5	5	52	26	2	9
53	2	5	9	52	26	2	5
53	2	5	11	52	26	3	inf
53	2	5	13	52	26	2	48
53	2	5	17	52	26	2	44
53	2	5	18	52	26	2	44
53	2	5	22	52	26	2	48
53	2	5	24	52	26	3	inf
53	2	6	2	52	26	3	20
53	2	6	3	52	26	3	33
53	2	6	9	52	26	3	17
53	2	6	15	52	26	3	33
53	2	6	16	52	26	3	20
53	2	6	22	52	26	3	36
53	2	6	24	52	26	3	inf
53	2	7	0	52	26	2	44
53	2	7	1	52	26	2	44
53	2	7	5	52	26	2	48
53	2	7	7	52	26	3	inf
53	2	7	9	52	26	2	5
53	2	7	13	52	26	2	9
53	2	7	14	52	26	2	9
53	2	7	18	52	26	2	5
53	2	7	20	52	26	3	inf
53	2	7	22	52	26	2	48
53	2	8	5	52	26	3	36
53	2	8	7	52	26	3	inf
53	2	8	11	52	26	3	20
53	2	8	12	52	26	3	33
53	2	8	18	52	26	3	17
53	2	8	24	52	26	3	33
53	2	8	25	52	26	3	20
53	2	9	1	52	26	2	5
53	2	9	3	52	26	3	inf
53	2	9	5	52	26	2	48
53	2	9	9	52	26	2	44
53	2	9	10	52	26	2	44
53	2	9	14	52	26	2	48
53	2	9	16	52	26	3	inf
53	2	9	18	52	26	2	5
53	2	9	22	52	26	2	9
53	2	9	23	52	26	2	9
53	2	10	1	52	26	3	17
53	2	10	7	52	26	3	33
53	2	10	8	52	26	3	20
53	2	10	14	52	26	3	36
53	2	10	16	52	26	3	inf
53	2	10	20	52	26	3	20
53	2	10	21	52	26	3	33
53	2	11	1	52	26	2	5
53	2	11	5	52	26	2	9
53	2	11	6	52	26	2	9
53	2	11	10	52	26	2	5
53	2	11	12	52	26	3	inf
53	2	11	14	52	26	2	48
53	2	11	18	52	26	2	44
53	2	11	19	52	26	2	44
53	2	11	23	52	26	2	48
53	2	11	25	52	26	3	inf
53	2	12	3	52	26	3	20
53	2	12	4	52	26	3	33
53	2	12	10	52	26	3	17
53	2	12	16	52	26	3	33
53	2	12	17	52	26	3	20
53	2	12	23	52	26	3	36
53	2	12	25	52	26	3	inf
53	2	13	1	52	26	2	44
53	2	13	2	52	26	2	44
53	2	13	6	52	26	2	48
53	2	13	8	52	26	3	inf
53	2	13	10	52	26	2	5
53	2	13	14	52	26	2	9
53	2	13	15	52	26	2	9
53	2	13	19	52	26	2	5
53	2	13	21	52	26	3	inf
53	2	13	23	52	26	2	48
53	2	14	0	52	26	3	20
53	2	14	6	52	26	3	36
53	2	14	8	52	26	3	inf
53	2	14	12	52	26	3	20
53	2	14	13	52	26	3	33
53	2	14	19	52	26	3	17
53	2	14	25	52	26	3	33
53	2	15	2	52	26	2	5
53	2	15	4	52	26	3	inf
53	2	15	6	52	26	2	48
53	2	15	10	52	26	2	44
53	2	15	11	52	26	2	44
53	2	15	15	52	26	2	48
53	2	15	17	52	26	3	inf
53	2	15	19	52	26	2	5
53	2	15	23	52	26	2	9
53	2	15	24	52	26	2	9
53	2	16	2	52	26	3	17
53	2	16	8	52	26	3	33
53	2	16	9	52	26	3	20
53	2	16	15	52	26	3	36
53	2	16	17	52	26	3	inf
53	2	16	21	52	26	3	20
53	2	16	22	52	26	3	33
53	2	17	0	52	26	3	inf
53	2	17	2	52	26	2	5
53	2	17	6	52	26	2	9
53	2	17	7	52	26	2	9
53	2	17	11	52	26	2	5
53	2	17	13	52	26	3	inf
53	2	17	15	52	26	2	48
53	2	17	19	52	26	2	44
53	2	17	20	52	26	2	44
53	2	17	24	52	26	2	48
53	2	18	0	52	26	3	inf
53	2	18	4	52	26	3	20
53	2	18	5	52	26	3	33
53	2	18	11	52	26	3	17
53	2	18	17	52	26	3	33
53	2	18	18	52	26	3	20
53	2	18	24	52	26	3	36
53	2	19	2	52	26	2	44
53	2	19	3	52	26	2	44
53	2	19	7	52	26	2	48
53	2	19	9	52	26	3	inf
53	2	19	11	52	26	2	5
53	2	19	15	52	26	2	9
53	2	19	16	52	26	2	9
53	2	19	20	52	26	2	5
53	2	19	22	52	26	3	inf
53	2	19	24	52	26	2	48
53	2	20	0	52	26	3	33
53	2	20	1	52	26	3	20
53	2	20	7	52	26	3	36
53	2	20	9	52	26	3	inf
53	2	20	13	52	26	3	20
53	2	20	14	52	26	3	33
53	2	20	20	52	26	3	17
53	2	21	3	52	26	2	5
53	2	21	5	52	26	3	inf
53	2	21	7	52	26	2	48
53	2	21	11	52	26	2	44
53	2	21	12	52	26	2	44
53	2	21	16	52	26	2	48
53	2	21	18	52	26	3	inf
53	2	21	20	52	26	2	5
53	2	21	24	52	26	2	9
53	2	21	25	52	26	2	9
53	2	22	3	52	26	3	17
53	2	22	9	52	26	3	33
53	2	22	10	52	26	3	20
53	2	22	16	52	26	3	36
53	2	22	18	52	26	3	inf
53	2	22	22	52	26	3	20
53	2	22	23	52	26	3	33
53	2	23	1	52	26	3	inf
53	2	23	3	52	26	2	5
53	2	23	7	52	26	2	9
53	2	23	8	52	26	2	9
53	2	23	12	52	26	2	5
53	2	23	14	52	26	3	inf
53	2	23	16	52	26	2	48
53	2	23	20	52	26	2	44
53	2	23	21	52	26	2	44
53	2	23	25	52	26	2	48
53	2	24	1	52	26	3	inf
53	2	24	5	52	26	3	20
53	2	24	6	52	26	3	33
53	2	24	12	52	26	3	17
53	2	24	18	52	26	3	33
53	2	24	19	52	26	3	20
53	2	24	25	52	26	3	36
53	2	25	3	52	26	2	44
53	2	25	4	52	26	2	44
53	2	25	8	52	26	2	48
53	2	25	10	52	26	3	inf
53	2	25	12	52	26	2	5
53	2	25	16	52	26	2	9
53	2	25	17	52	26	2	9
53	2	25	21	52	26	2	5
53	2	25	23	52	26	3	inf
53	2	25	25	52	26	2	48
53	2	26	1	52	26	3	33
53	2	26	2	52	26	3	20
53	2	26	8	52	26	3	36
53	2	26	10	52	26	3	inf
53	2	26	14	52	26	3	20
53	2	26	15	52	26	3	33
53	2	26	21	52	26	3	17
53	2	27	0	52	26	2	9
53	2	27	4	52	26	2	5
53	2	27	6	52	26	3	inf
53	2	27	8	52	26	2	48
53	2	27	12	52	26	2	44
53	2	27	13	52	26	2	44
53	2	27	17	52	26	2	48
53	2	27	19	52	26	3	inf
53	2	27	21	52	26	2	5
53	2	27	25	52	26	2	9
53	2	28	4	52	26	3	17
53	2	28	10	52	26	3	33
53	2	28	11	52	26	3	20
53	2	28	17	52	26	3	36
53	2	28	19	52	26	3	inf
53	2	28	23	52	26	3	20
53	2	28	24	52	26	3	33
53	2	29	0	52	26	2	48
53	2	29	2	52	26	3	inf
53	2	29	4	52	26	2	5
53	2	29	8	52	26	2	9
53	2	29	9	52	26	2	9
53	2	29	13	52	26	2	5
53	2	29	15	52	26	3	inf
53	2	29	17	52	26	2	48
53	2	29	21	52	26	2	44
53	2	29	22	52	26	2	44
53	2	30	0	52	26	3	36
53	2	30	2	52	26	3	inf
53	2	30	6	52	26	3	20
53	2	30	7	52	26	3	33
53	2	30	13	52	26	3	17
53	2	30	19	52	26	3	33
53	2	30	20	52	26	3	20
53	2	31	0	52	26	2	48
53	2	31	4	52	26	2	44
53	2	31	5	52	26	2	44
53	2	31	9	52	26	2	48
53	2	31	11	52	26	3	inf
53	2	31	13	52	26	2	5
53	2	31	17	52	26	2	9
53	2	31	18	52	26	2	9
53	2	31	22	52	26	2	5
53	2	31	24	52	26	3	inf
53	2	32	2	52	26	3	33
53	2	32	3	52	26	3	20
53	2	32	9	52	26	3	36
53	2	32	11	52	26	3	inf
53	2	32	15	52	26	3	20
53	2	32	16	52	26	3	33
53	2	32	22	52	26	3	17
53	2	33	0	52	26	2	9
53	2	33	1	52	26	2	9
53	2	33	5	52	26	2	5
53	2	33	7	52	26	3	inf
53	2	33	9	52	26	2	48
53	2	33	13	52	26	2	44
53	2	33	14	52	26	2	44
53	2	33	18	52	26	2	48
53	2	33	20	52	26	3	inf
53	2	33	22	52	26	2	5
53	2	34	5	52	26	3	17
53	2	34	11	52	26	3	33
53	2	34	12	52	26	3	20
53	2	34	18	52	26	3	36
53	2	34	20	52	26	3	inf
53	2	34	24	52	26	3	20
53	2	34	25	52	26	3	33
53	2	35	1	52	26	2	48
53	2	35	3	52	26	3	inf
53	2	35	5	52	26	2	5
53	2	35	9	52	26	2	9
53	2	35	10	52	26	2	9
53	2	35	14	52	26	2	5
53	2	35	16	52	26	3	inf
53	2	35	18	52	26	2	48
53	2	35	22	52	26	2	44
53	2	35	23	52	26	2	44
53	2	36	1	52	26	3	36
53	2	36	3	52	26	3	inf
53	2	36	7	52	26	3	20
53	2	36	8	52	26	3	33
53	2	36	14	52	26	3	17
53	2	36	20	52	26	3	33
53	2	36	21	52	26	3	20
53	2	37	1	52	26	2	48
53	2	37	5	52	26	2	44
53	2	37	6	52	26	2	44
53	2	37	10	52	26	2	48
53	2	37	12	52	26	3	inf
53	2	37	14	52	26	2	5
53	2	37	18	52	26	2	9
53	2	37	19	52	26	2	9
53	2	37	23	52	26	2	5
53	2	37	25	52	26	3	inf
53	2	38	3	52	26	3	33
53	2	38	4	52	26	3	20
53	2	38	10	52	26	3	36
53	2	38	12	52	26	3	inf
53	2	38	16	52	26	3	20
53	2	38	17	52	26	3	33
53	2	38	23	52	26	3	17
53	2	39	1	52	26	2	9
53	2	39	2	52	26	2	9
53	2	39	6	52	26	2	5
53	2	39	8	52	26	3	inf
53	2	39	10	52	26	2	48
53	2	39	14	52	26	2	44
53	2	39	15	52	26	2	44
53	2	39	19	52	26	2	48
53	2	39	21	52	26	3	inf
53	2	39	23	52	26	2	5
53	2	40	0	52	26	3	33
53	2	40	6	52	26	3	17
53	2	40	12	52	26	3	33
53	2	40	13	52	26	3	20
53	2	40	19	52	26	3	36
53	2	40	21	52	26	3	inf
53	2	40	25	52	26	3	20
53	2	41	2	52	26	2	48
53	2	41	4	52	26	3	inf
53	2	41	6	52	26	2	5
53	2	41	10	52	26	2	9
53	2	41	11	52	26	2	9
53	2	41	15	52	26	2	5
53	2	41	17	52	26	3	inf
53	2	41	19	52	26	2	48
53	2	41	23	52	26	2	44
53	2	41	24	52	26	2	44
53	2	42	2	52	26	3	36
53	2	42	4	52	26	3	inf
53	2	42	8	52	26	3	20
53	2	42	9	52	26	3	33
53	2	42	15	52	26	3	17
53	2	42	21	52	26	3	33
53	2	42	22	52	26	3	20
53	2	43	0	52	26	3	inf
53	2	43	2	52	26	2	48
53	2	43	6	52	26	2	44
53	2	43	7	52	26	2	44
53	2	43	11	52	26	2	48
53	2	43	13	52	26	3	inf
53	2	43	15	52	26	2	5
53	2	43	19	52	26	2	9
53	2	43	20	52	26	2	9
53	2	43	24	52	26	2	5
53	2	44	4	52	26	3	33
53	2	44	5	52	26	3	20
53	2	44	11	52	26	3	36
53	2	44	13	52	26	3	inf
53	2	44	17	52	26	3	20
53	2	44	18	52	26	3	33
53	2	44	24	52	26	3	17
53	2	45	2	52	26	2	9
53	2	45	3	52	26	2	9
53	2	45	7	52	26	2	5
53	2	45	9	52	26	3	inf
53	2	45	11	52	26	2	48
53	2	45	15	52	26	2	44
53	2	45	16	52	26	2	44
53	2	45	20	52	26	2	48
53	2	45	22	52	26	3	inf
53	2	45	24	52	26	2	5
53	2	46	0	52	26	3	20
53	2	46	1	52	26	3	33
53	2	46	7	52	26	3	17
53	2	46	13	52	26	3	33
53	2	46	14	52	26	3	20
53	2	46	20	52	26	3	36
53	2	46	22	52	26	3	inf
53	2	47	3	52	26	2	48
53	2	47	5	52	26	3	inf
53	2	47	7	52	26	2	5
53	2	47	11	52	26	2	9
53	2	47	12	52	26	2	9
53	2	47	16	52	26	2	5
53	2	47	18	52	26	3	inf
53	2	47	20	52	26	2	48
53	2	47	24	52	26	2	44
53	2	47	25	52	26	2	44
53	2	48	3	52	26	3	36
53	2	48	5	52	26	3	inf
53	2	48	9	52	26	3	20
53	2	48	10	52	26	3	33
53	2	48	16	52	26	3	17
53	2	48	22	52	26	3	33
53	2	48	23	52	26	3	20
53	2	49	1	52	26	3	inf
53	2	49	3	52	26	2	48
53	2	49	7	52	26	2	44
53	2	49	8	52	26	2	44
53	2	49	12	52	26	2	48
53	2	49	14	52	26	3	inf
53	2	49	16	52	26	2	5
53	2	49	20	52	26	2	9
53	2	49	21	52	26	2	9
53	2	49	25	52	26	2	5
53	2	50	5	52	26	3	33
53	2	50	6	52	26	3	20
53	2	50	12	52	26	3	36
53	2	50	14	52	26	3	inf
53	2	50	18	52	26	3	20
53	2	50	19	52	26	3	33
53	2	50	25	52	26	3	17
53	2	51	3	52	26	2	9
53	2	51	4	52	26	2	9
53	2	51	8	52	26	2	5
53	2	51	10	52	26	3	inf
53	2	51	12	52	26	2	48
53	2	51	16	52	26	2	44
53	2	51	17	52	26	2	44
53	2	51	21	52	26	2	48
53	2	51	23	52	26	3	inf
53	2	51	25	52	26	2	5
59	1	0	8	17	17	3	inf
59	1	0	10	17	17	2	36
59	1	0	13	17	17	3	22
59	1	0	16	17	17	2	36
59	1	1	3	17	17	3	inf
59	1	1	5	17	17	2	36
59	1	1	8	17	17	3	22
59	1	1	11	17	17	2	36
59	1	2	0	17	17	2	36
59	1	2	3	17	17	3	22
59	1	2	6	17	17	2	36
59	1	2	15	17	17	3	inf
59	1	3	1	17	17	2	36
59	1	3	10	17	17	3	inf
59	1	3	12	17	17	2	36
59	1	3	15	17	17	3	22
59	1	4	5	17	17	3	inf
59	1	4	7	17	17	2	36
59	1	4	10	17	17	3	22
59	1	4	13	17	17	2	36
59	1	5	0	17	17	3	inf
59	1	5	2	17	17	2	36
59	1	5	5	17	17	3	22
59	1	5	8	17	17	2	36
59	1	6	0	17	17	3	22
59	1	6	3	17	17	2	36
59	1	6	12	17	17	3	inf
59	1	6	14	17	17	2	36
59	1	7	7	17	17	3	inf
59	1	7	9	17	17	2	36
59	1	7	12	17	17	3	22
59	1	7	15	17	17	2	36
59	1	8	2	17	17	3	inf
59	1	8	4	17	17	2	36
59	1	8	7	17	17	3	22
59	1	8	10	17	17	2	36
59	1	9	2	17	17	3	22
59	1	9	5	17	17	2	36
59	1	9	14	17	17	3	inf
59	1	9	16	17	17	2	36
59	1	10	0	17	17	2	36
59	1	10	9	17	17	3	inf
59	1	10	11	17	17	2	36
59	1	10	14	17	17	3	22
59	1	11	4	17	17	3	inf
59	1	11	6	17	17	2	36
59	1	11	9	17	17	3	22
59	1	11	12	17	17	2	36
59	1	12	1	17	17	2	36
59	1	12	4	17	17	3	22
59	1	12	7	17	17	2	36
59	1	12	16	17	17	3	inf
59	1	13	2	17	17	2	36
59	1	13	11	17	17	3	inf
59	1	13	13	17	17	2	36
59	1	13	16	17	17	3	22
59	1	14	6	17	17	3	inf
59	1	14	8	17	17	2	36
59	1	14	11	17	17	3	22
59	1	14	14	17	17	2	36
59	1	15	1	17	17	3	inf
59	1	15	3	17	17	2	36
59	1	15	6	17	17	3	22
59	1	15	9	17	17	2	36
59	1	16	1	17	17	3	22
59	1	16	4	17	17	2	36
59	1	16	13	17	17	3	inf
59	1	16	15	17	17	2	36
59	2	0	10	17	17	2	23
59	2	0	13	17	17	3	37
59	2	0	16	17	17	2	23
59	2	1	5	17	17	2	23
59	2	1	8	17	17	3	37
59	2	1	11	17	17	2	23
59	2	2	0	17	17	2	23
59	2	2	3	17	17	3	37
59	2	2	6	17	17	2	23
59	2	3	1	17	17	2	23
59	2	3	12	17	17	2	23
59	2	3	15	17	17	3	37
59	2	4	7	17	17	2	23
59	2	4	10	17	17	3	37
59	2	4	13	17	17	2	23
59	2	5	2	17	17	2	23
59	2	5	5	17	17	3	37
59	2	5	8	17	17	2	23
59	2	6	0	17	17	3	37
59	2	6	3	17	17	2	23
59	2	6	14	17	17	2	23
59	2	7	9	17	17	2	23
59	2	7	12	17	17	3	37
59	2	7	15	17	17	2	23
59	2	8	4	17	17	2	23
59	2	8	7	17	17	3	37
59	2	8	10	17	17	2	23
59	2	9	2	17	17	3	37
59	2	9	5	17	17	2	23
59	2	9	16	17	17	2	23
59	2	10	0	17	17	2	23
59	2	10	11	17	17	2	23
59	2	10	14	17	17	3	37
59	2	11	6	17	17	2	23
59	2	11	9	17	17	3	37
59	2	11	12	17	17	2	23
59	2	12	1	17	17	2	23
59	2	12	4	17	17	3	37
59	2	12	7	17	17	2	23
59	2	13	2	17	17	2	23
59	2	13	13	17	17	2	23
59	2	13	16	17	17	3	37
59	2	14	8	17	17	2	23
59	2	14	11	17	17	3	37
59	2	14	14	17	17	2	23
59	2	15	3	17	17	2	23
59	2	15	6	17	17	3	37
59	2	15	9	17	17	2	23
59	2	16	1	17	17	3	37
59	2	16	4	17	17	2	23
59	2	16	15	17	17	2	23
61	1	0	2	68	17	2	59
61	1	0	7	68	17	3	0
61	1	0	12	68	17	2	2
61	1	0	15	68	17	2	56
61	1	0	16	68	17	2	5
61	1	1	5	68	17	2	39
61	1	1	8	68	17	3	9
61	1	1	11	68	17	2	39
61	1	2	0	68	17	2	5
61	1	2	1	68	17	2	56
61	1	2	4	68	17	2	2
61	1	2	5	68	17	3	inf
61	1	2	9	68	17	3	0
61	1	2	14	68	17	2	59
61	1	3	7	68	17	2	22
61	1	3	10	68	17	3	52
61	1	3	13	68	17	2	22
61	1	4	2	68	17	2	56
61	1	4	3	68	17	2	5
61	1	4	6	68	17	2	59
61	1	4	11	68	17	3	0
61	1	4	16	68	17	2	2
61	1	5	9	68	17	2	39
61	1	5	12	68	17	3	9
61	1	5	15	68	17	2	39
61	1	6	1	68	17	2	59
61	1	6	4	68	17	2	5
61	1	6	5	68	17	2	56
61	1	6	8	68	17	2	2
61	1	6	9	68	17	3	inf
61	1	6	13	68	17	3	0
61	1	7	0	68	17	2	22
61	1	7	11	68	17	2	22
61	1	7	14	68	17	3	52
61	1	8	3	68	17	2	2
61	1	8	6	68	17	2	56
61	1	8	7	68	17	2	5
61	1	8	10	68	17	2	59
61	1	8	15	68	17	3	0
61	1	9	2	68	17	2	39
61	1	9	13	68	17	2	39
61	1	9	16	68	17	3	9
61	1	10	0	68	17	3	0
61	1	10	5	68	17	2	59
61	1	10	8	68	17	2	5
61	1	10	9	68	17	2	56
61	1	10	12	68	17	2	2
61	1	10	13	68	17	3	inf
61	1	11	1	68	17	3	52
61	1	11	4	68	17	2	22
61	1	11	15	68	17	2	22
61	1	12	2	68	17	3	0
61	1	12	7	68	17	2	2
61	1	12	10	68	17	2	56
61	1	12	11	68	17	2	5
61	1	12	14	68	17	2	59
61	1	13	0	68	17	2	39
61	1	13	3	68	17	3	9
61	1	13	6	68	17	2	39
61	1	14	0	68	17	3	inf
61	1	14	4	68	17	3	0
61	1	14	9	68	17	2	59
61	1	14	12	68	17	2	5
61	1	14	13	68	17	2	56
61	1	14	16	68	17	2	2
61	1	15	2	68	17	2	22
61	1	15	5	68	17	3	52
61	1	15	8	68	17	2	22
61	1	16	1	68	17	2	59
61	1	16	6	68	17	3	0
61	1	16	11	68	17	2	2
61	1	16	14	68	17	2	56
61	1	16	15	68	17	2	5
61	1	17	4	68	17	2	39
61	1	17	7	68	17	3	9
61	1	17	10	68	17	2	39
61	1	18	0	68	17	2	56
61	1	18	3	68	17	2	2
61	1	18	4	68	17	3	inf
61	1	18	8	68	17	3	0
61	1	18	13	68	17	2	59
61	1	18	16	68	17	2	5
61	1	19	6	68	17	2	22
61	1	19	9	68	17	3	52
61	1	19	12	68	17	2	22
61	1	20	1	68	17	2	56
61	1	20	2	68	17	2	5
61	1	20	5	68	17	2	59
61	1	20	10	68	17	3	0
61	1	20	15	68	17	2	2
61	1	21	8	68	17	2	39
61	1	21	11	68	17	3	9
61	1	21	14	68	17	2	39
61	1	22	0	68	17	2	59
61	1	22	3	68	17	2	5
61	1	22	4	68	17	2	56
61	1	22	7	68	17	2	2
61	1	22	8	68	17	3	inf
61	1	22	12	68	17	3	0
61	1	23	10	68	17	2	22
61	1	23	13	68	17	3	52
61	1	23	16	68	17	2	22
61	1	24	2	68	17	2	2
61	1	24	5	68	17	2	56
61	1	24	6	68	17	2	5
61	1	24	9	68	17	2	59
61	1	24	14	68	17	3	0
61	1	25	1	68	17	2	39
61	1	25	12	68	17	2	39
61	1	25	15	68	17	3	9
61	1	26	4	68	17	2	59
61	1	26	7	68	17	2	5
61	1	26	8	68	17	2	56
61	1	26	11	68	17	2	2
61	1	26	12	68	17	3	inf
61	1	26	16	68	17	3	0
61	1	27	0	68	17	3	52
61	1	27	3	68	17	2	22
61	1	27	14	68	17	2	22
61	1	28	1	68	17	3	0
61	1	28	6	68	17	2	2
61	1	28	9	68	17	2	56
61	1	28	10	68	17	2	5
61	1	28	13	68	17	2	59
61	1	29	2	68	17	3	9
61	1	29	5	68	17	2	39
61	1	29	16	68	17	2	39
61	1	30	3	68	17	3	0
61	1	30	8	68	17	2	59
61	1	30	11	68	17	2	5
61	1	30	12	68	17	2	56
61	1	30	15	68	17	2	2
61	1	30	16	68	17	3	inf
61	1	31	1	68	17	2	22
61	1	31	4	68	17	3	52
61	1	31	7	68	17	2	22
61	1	32	0	68	17	2	59
61	1	32	5	68	17	3	0
61	1	32	10	68	17	2	2
61	1	32	13	68	17	2	56
61	1	32	14	68	17	2	5
61	1	33	3	68	17	2	39
61	1	33	6	68	17	3	9
61	1	33	9	68	17	2	39
61	1	34	2	68	17	2	2
61	1	34	3	68	17	3	inf
61	1	34	7	68	17	3	0
61	1	34	12	68	17	2	59
61	1	34	15	68	17	2	5
61	1	34	16	68	17	2	56
61	1	35	5	68	17	2	22
61	1	35	8	68	17	3	52
61	1	35	11	68	17	2	22
61	1	36	0	68	17	2	56
61	1	36	1	68	17	2	5
61	1	36	4	68	17	2	59
61	1	36	9	68	17	3	0
61	1	36	14	68	17	2	2
61	1	37	7	68	17	2	39
61	1	37	10	68	17	3	9
61	1	37	13	68	17	2	39
61	1	38	2	68	17	2	5
61	1	38	3	68	17	2	56
61	1	38	6	68	17	2	2
61	1	38	7	68	17	3	inf
61	1	38	11	68	17	3	0
61	1	38	16	68	17	2	59
61	1	39	9	68	17	2	22
61	1	39	12	68	17	3	52
61	1	39	15	68	17	2	22
61	1	40	1	68	17	2	2
61	1	40	4	68	17	2	56
61	1	40	5	68	17	2	5
61	1	40	8	68	17	2	59
61	1	40	13	68	17	3	0
61	1	41	0	68	17	2	39
61	1	41	11	68	17	2	39
61	1	41	14	68	17	3	9
61	1	42	3	68	17	2	59
61	1	42	6	68	17	2	5
61	1	42	7	68	17	2	56
61	1	42	10	68	17	2	2
61	1	42	11	68	17	3	inf
61	1	42	15	68	17	3	0
61	1	43	2	68	17	2	22
61	1	43	13	68	17	2	22
61	1	43	16	68	17	3	52
61	1	44	0	68	17	3	0
61	1	44	5	68	17	2	2
61	1	44	8	68	17	2	56
61	1	44	9	68	17	2	5
61	1	44	12	68	17	2	59
61	1	45	1	68	17	3	9
61	1	45	4	68	17	2	39
61	1	45	15	68	17	2	39
61	1	46	2	68	17	3	0
61	1	46	7	68	17	2	59
61	1	46	10	68	17	2	5
61	1	46	11	68	17	2	56
61	1	46	14	68	17	2	2
61	1	46	15	68	17	3	inf
61	1	47	0	68	17	2	22
61	1	47	3	68	17	3	52
61	1	47	6	68	17	2	22
61	1	48	4	68	17	3	0
61	1	48	9	68	17	2	2
61	1	48	12	68	17	2	56
61	1	48	13	68	17	2	5
61	1	48	16	68	17	2	59
61	1	49	2	68	17	2	39
61	1	49	5	68	17	3	9
61	1	49	8	68	17	2	39
61	1	50	1	68	17	2	2
61	1	50	2	68	17	3	inf
61	1	50	6	68	17	3	0
61	1	50	11	68	17	2	59
61	1	50	14	68	17	2	5
61	1	50	15	68	17	2	56
61	1	51	4	68	17	2	22
61	1	51	7	68	17	3	52
61	1	51	10	68	17	2	22
61	1	52	0	68	17	2	5
61	1	52	3	68	17	2	59
61	1	52	8	68	17	3	0
61	1	52	13	68	17	2	2
61	1	52	16	68	17	2	56
61	1	53	6	68	17	2	39
61	1	53	9	68	17	3	9
61	1	53	12	68	17	2	39
61	1	54	1	68	17	2	5
61	1	54	2	68	17	2	56
61	1	54	5	68	17	2	2
61	1	54	6	68	17	3	inf
61	1	54	10	68	17	3	0
61	1	54	15	68	17	2	59
61	1	55	8	68	17	2	22
61	1	55	11	68	17	3	52
61	1	55	14	68	17	2	22
61	1	56	0	68	17	2	2
61	1	56	3	68	17	2	56
61	1	56	4	68	17	2	5
61	1	56	7	68	17	2	59
61	1	56	12	68	17	3	0
61	1	57	10	68	17	2	39
61	1	57	13	68	17	3	9
61	1	57	16	68	17	2	39
61	1	58	2	68	17	2	59
61	1	58	5	68	17	2	5
61	1	58	6	68	17	2	56
61	1	58	9	68	17	2	2
61	1	58	10	68	17	3	inf
61	1	58	14	68	17	3	0
61	1	59	1	68	17	2	22
61	1	59	12	68	17	2	22
61	1	59	15	68	17	3	52
61	1	60	4	68	17	2	2
61	1	60	7	68	17	2	56
61	1	60	8	68	17	2	5
61	1	60	11	68	17	2	59
61	1	60	16	68	17	3	0
61	1	61	0	68	17	3	9
61	1	61	3	68	17	2	39
61	1	61	14	68	17	2	39
61	1	62	1	68	17	3	0
61	1	62	6	68	17	2	59
61	1	62	9	68	17	2	5
61	1	62	10	68	17	2	56
61	1	62	13	68	17	2	2
61	1	62	14	68	17	3	inf
61	1	63	2	68	17	3	52
61	1	63	5	68	17	2	22
61	1	63	16	68	17	2	22
61	1	64	3	68	17	3	0
61	1	64	8	68	17	2	2
61	1	64	11	68	17	2	56
61	1	64	12	68	17	2	5
61	1	64	15	68	17	2	59
61	1	65	1	68	17	2	39
61	1	65	4	68	17	3	9
61	1	65	7	68	17	2	39
61	1	66	0	68	17	2	2
61	1	66	1	68	17	3	inf
61	1	66	5	68	17	3	0
61	1	66	10	68	17	2	59
61	1	66	13	68	17	2	5
61	1	66	14	68	17	2	56
61	1	67	3	68	17	2	22
61	1	67	6	68	17	3	52
61	1	67	9	68	17	2	22
61	2	0	2	68	17	2	2
61	2	0	3	68	17	3	inf
61	2	0	7	68	17	3	0
61	2	0	12	68	17	2	59
61	2	0	15	68	17	2	5
61	2	0	16	68	17	2	56
61	2	1	5	68	17	2	22
61	2	1	8	68	17	3	52
61	2	1	11	68	17	2	22
61	2	2	0	68	17	2	56
61	2	2	1	68	17	2	5
61	2	2	4	68	17	2	59
61	2	2	9	68	17	3	0
61	2	2	14	68	17	2	2
61	2	3	7	68	17	2	39
61	2	3	10	68	17	3	9
61	2	3	13	68	17	2	39
61	2	4	2	68	17	2	5
61	2	4	3	68	17	2	56
61	2	4	6	68	17	2	2
61	2	4	7	68	17	3	inf
61	2	4	11	68	17	3	0
61	2	4	16	68	17	2	59
61	2	5	9	68	17	2	22
61	2	5	12	68	17	3	52
61	2	5	15	68	17	2	22
61	2	6	1	68	17	2	2
61	2	6	4	68	17	2	56
61	2	6	5	68	17	2	5
61	2	6	8	68	17	2	59
61	2	6	13	68	17	3	0
61	2	7	0	68	17	2	39
61	2	7	11	68	17	2	39
61	2	7	14	68	17	3	9
61	2	8	3	68	17	2	59
61	2	8	6	68	17	2	5
61	2	8	7	68	17	2	56
61	2	8	10	68	17	2	2
61	2	8	11	68	17	3	inf
61	2	8	15	68	17	3	0
61	2	9	2	68	17	2	22
61	2	9	13	68	17	2	22
61	2	9	16	68	17	3	52
61	2	10	0	68	17	3	0
61	2	10	5	68	17	2	2
61	2	10	8	68	17	2	56
61	2	10	9	68	17	2	5
61	2	10	12	68	17	2	59
61	2	11	1	68	17	3	9
61	2	11	4	68	17	2	39
61	2	11	15	68	17	2	39
61	2	12	2	68	17	3	0
61	2	12	7	68	17	2	59
61	2	12	10	68	17	2	5
61	2	12	11	68	17	2	56
61	2	12	14	68	17	2	2
61	2	12	15	68	17	3	inf
61	2	13	0	68	17	2	22
61	2	13	3	68	17	3	52
61	2	13	6	68	17	2	22
61	2	14	4	68	17	3	0
61	2	14	9	68	17	2	2
61	2	14	12	68	17	2	56
61	2	14	13	68	17	2	5
61	2	14	16	68	17	2	59
61	2	15	2	68	17	2	39
61	2	15	5	68	17	3	9
61	2	15	8	68	17	2	39
61	2	16	1	68	17	2	2
61	2	16	2	68	17	3	inf
61	2	16	6	68	17	3	0
61	2	16	11	68	17	2	59
61	2	16	14	68	17	2	5
61	2	16	15	68	17	2	56
61	2	17	4	68	17	2	22
61	2	17	7	68	17	3	52
61	2	17	10	68	17	2	22
61	2	18	0	68	17	2	5
61	2	18	3	68	17	2	59
61	2	18	8	68	17	3	0
61	2	18	13	68	17	2	2
61	2	18	16	68	17	2	56
61	2	19	6	68	17	2	39
61	2	19	9	68	17	3	9
61	2	19	12	68	17	2	39
61	2	20	1	68	17	2	5
61	2	20	2	68	17	2	56
61	2	20	5	68	17	2	2
61	2	20	6	68	17	3	inf
61	2	20	10	68	17	3	0
61	2	20	15	68	17	2	59
61	2	21	8	68	17	2	22
61	2	21	11	68	17	3	52
61	2	21	14	68	17	2	22
61	2	22	0	68	17	2	2
61	2	22	3	68	17	2	56
61	2	22	4	68	17	2	5
61	2	22	7	68	17	2	59
61	2	22	12	68	17	3	0
61	2	23	10	68	17	2	39
61	2	23	13	68	17	3	9
61	2	23	16	68	17	2	39
61	2	24	2	68	17	2	59
61	2	24	5	68	17	2	5
61	2	24	6	68	17	2	56
61	2	24	9	68	17	2	2
61	2	24	10	68	17	3	inf
61	2	24	14	68	17	3	0
61	2	25	1	68	17	2	22
61	2	25	12	68	17	2	22
61	2	25	15	68	17	3	52
61	2	26	4	68	17	2	2
61	2	26	7	68	17	2	56
61	2	26	8	68	17	2	5
61	2	26	11	68	17	2	59
61	2	26	16	68	17	3	0
61	2	27	0	68	17	3	9
61	2	27	3	68	17	2	39
61	2	27	14	68	17	2	39
61	2	28	1	68	17	3	0
61	2	28	6	68	17	2	59
61	2	28	9	68	17	2	5
61	2	28	10	68	17	2	56
61	2	28	13	68	17	2	2
61	2	28	14	68	17	3	inf
61	2	29	2	68	17	3	52
61	2	29	5	68	17	2	22
61	2	29	16	68	17	2	22
61	2	30	3	68	17	3	0
61	2	30	8	68	17	2	2
61	2	30	11	68	17	2	56
61	2	30	12	68	17	2	5
61	2	30	15	68	17	2	59
61	2	31	1	68	17	2	39
61	2	31	4	68	17	3	9
61	2	31	7	68	17	2	39
61	2	32	0	68	17	2	2
61	2	32	1	68	17	3	inf
61	2	32	5	68	17	3	0
61	2	32	10	68	17	2	59
61	2	32	13	68	17	2	5
61	2	32	14	68	17	2	56
61	2	33	3	68	17	2	22
61	2	33	6	68	17	3	52
61	2	33	9	68	17	2	22
61	2	34	2	68	17	2	59
61	2	34	7	68	17	3	0
61	2	34	12	68	17	2	2
61	2	34	15	68	17	2	56
61	2	34	16	68	17	2	5
61	2	35	5	68	17	2	39
61	2	35	8	68	17	3	9
61	2	35	11	68	17	2	39
61	2	36	0	68	17	2	5
61	2	36	1	68	17	2	56
61	2	36	4	68	17	2	2
61	2	36	5	68	17	3	inf
61	2	36	9	68	17	3	0
61	2	36	14	68	17	2	59
61	2	37	7	68	17	2	22
61	2	37	10	68	17	3	52
61	2	37	13	68	17	2	22
61	2	38	2	68	17	2	56
61	2	38	3	68	17	2	5
61	2	38	6	68	17	2	59
61	2	38	11	68	17	3	0
61	2	38	16	68	17	2	2
61	2	39	9	68	17	2	39
61	2	39	12	68	17	3	9
61	2	39	15	68	17	2	39
61	2	40	1	68	17	2	59
61	2	40	4	68	17	2	5
61	2	40	5	68	17	2	56
61	2	40	8	68	17	2	2
61	2	40	9	68	17	3	inf
61	2	40	13	68	17	3	0
61	2	41	0	68	17	2	22
61	2	41	11	68	17	2	22
61	2	41	14	68	17	3	52
61	2	42	3	68	17	2	2
61	2	42	6	68	17	2	56
61	2	42	7	68	17	2	5
61	2	42	10	68	17	2	59
61	2	42	15	68	17	3	0
61	2	43	2	68	17	2	39
61	2	43	13	68	17	2	39
61	2	43	16	68	17	3	9
61	2	44	0	68	17	3	0
61	2	44	5	68	17	2	59
61	2	44	8	68	17	2	5
61	2	44	9	68	17	2	56
61	2	44	12	68	17	2	2
61	2	44	13	68	17	3	inf
61	2	45	1	68	17	3	52
61	2	45	4	68	17	2	22
61	2	45	15	68	17	2	22
61	2	46	2	68	17	3	0
61	2	46	7	68	17	2	2
61	2	46	10	68	17	2	56
61	2	46	11	68	17	2	5
61	2	46	14	68	17	2	59
61	2	47	0	68	17	2	39
61	2	47	3	68	17	3	9
61	2	47	6	68	17	2	39
61	2	48	0	68	17	3	inf
61	2	48	4	68	17	3	0
61	2	48	9	68	17	2	59
61	2	48	12	68	17	2	5
61	2	48	13	68	17	2	56
61	2	48	16	68	17	2	2
61	2	49	2	68	17	2	22
61	2	49	5	68	17	3	52
61	2	49	8	68	17	2	22
61	2	50	1	68	17	2	59
61	2	50	6	68	17	3	0
61	2	50	11	68	17	2	2
61	2	50	14	68	17	2	56
61	2	50	15	68	17	2	5
61	2	51	4	68	17	2	39
61	2	51	7	68	17	3	9
61	2	51	10	68	17	2	39
61	2	52	0	68	17	2	56
61	2	52	3	68	17	2	2
61	2	52	4	68	17	3	inf
61	2	52	8	68	17	3	0
61	2	52	13	68	17	2	59
61	2	52	16	68	17	2	5
61	2	53	6	68	17	2	22
61	2	53	9	68	17	3	52
61	2	53	12	68	17	2	22
61	2	54	1	68	17	2	56
61	2	54	2	68	17	2	5
61	2	54	5	68	17	2	59
61	2	54	10	68	17	3	0
61	2	54	15	68	17	2	2
61	2	55	8	68	17	2	39
61	2	55	11	68	17	3	9
61	2	55	14	68	17	2	39
61	2	56	0	68	17	2	59
61	2	56	3	68	17	2	5
61	2	56	4	68	17	2	56
61	2	56	7	68	17	2	2
61	2	56	8	68	17	3	inf
61	2	56	12	68	17	3	0
61	2	57	10	68	17	2	22
61	2	57	13	68	17	3	52
61	2	57	16	68	17	2	22
61	2	58	2	68	17	2	2
61	2	58	5	68	17	2	56
61	2	58	6	68	17	2	5
61	2	58	9	68	17	2	59
61	2	58	14	68	17	3	0
61	2	59	1	68	17	2	39
61	2	59	12	68	17	2	39
61	2	59	15	68	17	3	9
61	2	60	4	68	17	2	59
61	2	60	7	68	17	2	5
61	2	60	8	68	17	2	56
61	2	60	11	68	17	2	2
61	2	60	12	68	17	3	inf
61	2	60	16	68	17	3	0
61	2	61	0	68	17	3	52
61	2	61	3	68	17	2	22
61	2	61	14	68	17	2	22
61	2	62	1	68	17	3	0
61	2	62	6	68	17	2	2
61	2	62	9	68	17	2	56
61	2	62	10	68	17	2	5
61	2	62	13	68	17	2	59
61	2	63	2	68	17	3	9
61	2	63	5	68	17	2	39
61	2	63	16	68	17	2	39
61	2	64	3	68	17	3	0
61	2	64	8	68	17	2	59
61	2	64	11	68	17	2	5
61	2	64	12	68	17	2	56
61	2	64	15	68	17	2	2
61	2	64	16	68	17	3	inf
61	2	65	1	68	17	2	22
61	2	65	4	68	17	3	52
61	2	65	7	68	17	2	22
61	2	66	0	68	17	2	59
61	2	66	5	68	17	3	0
61	2	66	10	68	17	2	2
61	2	66	13	68	17	2	56
61	2	66	14	68	17	2	5
61	2	67	3	68	17	2	39
61	2	67	6	68	17	3	9
61	2	67	9	68	17	2	39
67	1	0	0	28	14	3	1
67	1	0	4	28	14	3	49
67	1	0	6	28	14	2	14
67	1	0	7	28	14	3	66
67	1	0	11	28	14	3	18
67	1	0	13	28	14	2	53
67	1	1	2	28	14	2	54
67	1	1	3	28	14	3	0
67	1	1	4	28	14	2	13
67	1	1	9	28	14	2	13
67	1	1	10	28	14	3	0
67	1	1	11	28	14	2	54
67	1	2	0	28	14	2	53
67	1	2	2	28	14	3	18
67	1	2	5	28	14	3	inf
67	1	2	6	28	14	3	66
67	1	2	7	28	14	2	14
67	1	2	9	28	14	3	49
67	1	2	13	28	14	3	1
67	1	3	5	28	14	3	inf
67	1	3	12	28	14	3	inf
67	1	4	1	28	14	3	18
67	1	4	3	28	14	2	53
67	1	4	4	28	14	3	1
67	1	4	8	28	14	3	49
67	1	4	10	28	14	2	14
67	1	4	11	28	14	3	66
67	1	5	0	28	14	3	0
67	1	5	1	28	14	2	54
67	1	5	6	28	14	2	54
67	1	5	7	28	14	3	0
67	1	5	8	28	14	2	13
67	1	5	13	28	14	2	13
67	1	6	3	28	14	3	1
67	1	6	4	28	14	2	53
67	1	6	6	28	14	3	18
67	1	6	9	28	14	3	inf
67	1	6	10	28	14	3	66
67	1	6	11	28	14	2	14
67	1	6	13	28	14	3	49
67	1	7	2	28	14	3	inf
67	1	7	9	28	14	3	inf
67	1	8	0	28	14	2	14
67	1	8	1	28	14	3	66
67	1	8	5	28	14	3	18
67	1	8	7	28	14	2	53
67	1	8	8	28	14	3	1
67	1	8	12	28	14	3	49
67	1	9	3	28	14	2	13
67	1	9	4	28	14	3	0
67	1	9	5	28	14	2	54
67	1	9	10	28	14	2	54
67	1	9	11	28	14	3	0
67	1	9	12	28	14	2	13
67	1	10	0	28	14	3	66
67	1	10	1	28	14	2	14
67	1	10	3	28	14	3	49
67	1	10	7	28	14	3	1
67	1	10	8	28	14	2	53
67	1	10	10	28	14	3	18
67	1	10	13	28	14	3	inf
67	1	11	6	28	14	3	inf
67	1	11	13	28	14	3	inf
67	1	12	2	28	14	3	49
67	1	12	4	28	14	2	14
67	1	12	5	28	14	3	66
67	1	12	9	28	14	3	18
67	1	12	11	28	14	2	53
67	1	12	12	28	14	3	1
67	1	13	0	28	14	2	54
67	1	13	1	28	14	3	0
67	1	13	2	28	14	2	13
67	1	13	7	28	14	2	13
67	1	13	8	28	14	3	0
67	1	13	9	28	14	2	54
67	1	14	0	28	14	3	18
67	1	14	3	28	14	3	inf
67	1	14	4	28	14	3	66
67	1	14	5	28	14	2	14
67	1	14	7	28	14	3	49
67	1	14	11	28	14	3	1
67	1	14	12	28	14	2	53
67	1	15	3	28	14	3	inf
67	1	15	10	28	14	3	inf
67	1	16	1	28	14	2	53
67	1	16	2	28	14	3	1
67	1	16	6	28	14	3	49
67	1	16	8	28	14	2	14
67	1	16	9	28	14	3	66
67	1	16	13	28	14	3	18
67	1	17	4	28	14	2	54
67	1	17	5	28	14	3	0
67	1	17	6	28	14	2	13
67	1	17	11	28	14	2	13
67	1	17	12	28	14	3	0
67	1	17	13	28	14	2	54
67	1	18	1	28	14	3	1
67	1	18	2	28	14	2	53
67	1	18	4	28	14	3	18
67	1	18	7	28	14	3	inf
67	1	18	8	28	14	3	66
67	1	18	9	28	14	2	14
67	1	18	11	28	14	3	49
67	1	19	0	28	14	3	inf
67	1	19	7	28	14	3	inf
67	1	20	3	28	14	3	18
67	1	20	5	28	14	2	53
67	1	20	6	28	14	3	1
67	1	20	10	28	14	3	49
67	1	20	12	28	14	2	14
67	1	20	13	28	14	3	66
67	1	21	1	28	14	2	13
67	1	21	2	28	14	3	0
67	1	21	3	28	14	2	54
67	1	21	8	28	14	2	54
67	1	21	9	28	14	3	0
67	1	21	10	28	14	2	13
67	1	22	1	28	14	3	49
67	1	22	5	28	14	3	1
67	1	22	6	28	14	2	53
67	1	22	8	28	14	3	18
67	1	22	11	28	14	3	inf
67	1	22	12	28	14	3	66
67	1	22	13	28	14	2	14
67	1	23	4	28	14	3	inf
67	1	23	11	28	14	3	inf
67	1	24	0	28	14	3	49
67	1	24	2	28	14	2	14
67	1	24	3	28	14	3	66
67	1	24	7	28	14	3	18
67	1	24	9	28	14	2	53
67	1	24	10	28	14	3	1
67	1	25	0	28	14	2	13
67	1	25	5	28	14	2	13
67	1	25	6	28	14	3	0
67	1	25	7	28	14	2	54
67	1	25	12	28	14	2	54
67	1	25	13	28	14	3	0
67	1	26	1	28	14	3	inf
67	1	26	2	28	14	3	66
67	1	26	3	28	14	2	14
67	1	26	5	28	14	3	49
67	1	26	9	28	14	3	1
67	1	26	10	28	14	2	53
67	1	26	12	28	14	3	18
67	1	27	1	28	14	3	inf
67	1	27	8	28	14	3	inf
67	2	0	0	28	14	3	66
67	2	0	4	28	14	3	18
67	2	0	6	28	14	2	53
67	2	0	7	28	14	3	1
67	2	0	11	28	14	3	49
67	2	0	13	28	14	2	14
67	2	1	2	28	14	2	13
67	2	1	3	28	14	3	0
67	2	1	4	28	14	2	54
67	2	1	9	28	14	2	54
67	2	1	10	28	14	3	0
67	2	1	11	28	14	2	13
67	2	2	0	28	14	2	14
67	2	2	2	28	14	3	49
67	2	2	6	28	14	3	1
67	2	2	7	28	14	2	53
67	2	2	9	28	14	3	18
67	2	2	12	28	14	3	inf
67	2	2	13	28	14	3	66
67	2	3	5	28	14	3	inf
67	2	3	12	28	14	3	inf
67	2	4	1	28	14	3	49
67	2	4	3	28	14	2	14
67	2	4	4	28	14	3	66
67	2	4	8	28	14	3	18
67	2	4	10	28	14	2	53
67	2	4	11	28	14	3	1
67	2	5	0	28	14	3	0
67	2	5	1	28	14	2	13
67	2	5	6	28	14	2	13
67	2	5	7	28	14	3	0
67	2	5	8	28	14	2	54
67	2	5	13	28	14	2	54
67	2	6	2	28	14	3	inf
67	2	6	3	28	14	3	66
67	2	6	4	28	14	2	14
67	2	6	6	28	14	3	49
67	2	6	10	28	14	3	1
67	2	6	11	28	14	2	53
67	2	6	13	28	14	3	18
67	2	7	2	28	14	3	inf
67	2	7	9	28	14	3	inf
67	2	8	0	28	14	2	53
67	2	8	1	28	14	3	1
67	2	8	5	28	14	3	49
67	2	8	7	28	14	2	14
67	2	8	8	28	14	3	66
67	2	8	12	28	14	3	18
67	2	9	3	28	14	2	54
67	2	9	4	28	14	3	0
67	2	9	5	28	14	2	13
67	2	9	10	28	14	2	13
67	2	9	11	28	14	3	0
67	2	9	12	28	14	2	54
67	2	10	0	28	14	3	1
67	2	10	1	28	14	2	53
67	2	10	3	28	14	3	18
67	2	10	6	28	14	3	inf
67	2	10	7	28	14	3	66
67	2	10	8	28	14	2	14
67	2	10	10	28	14	3	49
67	2	11	6	28	14	3	inf
67	2	11	13	28	14	3	inf
67	2	12	2	28	14	3	18
67	2	12	4	28	14	2	53
67	2	12	5	28	14	3	1
67	2	12	9	28	14	3	49
67	2	12	11	28	14	2	14
67	2	12	12	28	14	3	66
67	2	13	0	28	14	2	13
67	2	13	1	28	14	3	0
67	2	13	2	28	14	2	54
67	2	13	7	28	14	2	54
67	2	13	8	28	14	3	0
67	2	13	9	28	14	2	13
67	2	14	0	28	14	3	49
67	2	14	4	28	14	3	1
67	2	14	5	28	14	2	53
67	2	14	7	28	14	3	18
67	2	14	10	28	14	3	inf
67	2	14	11	28	14	3	66
67	2	14	12	28	14	2	14
67	2	15	3	28	14	3	inf
67	2	15	10	28	14	3	inf
67	2	16	1	28	14	2	14
67	2	16	2	28	14	3	66
67	2	16	6	28	14	3	18
67	2	16	8	28	14	2	53
67	2	16	9	28	14	3	1
67	2	16	13	28	14	3	49
67	2	17	4	28	14	2	13
67	2	17	5	28	14	3	0
67	2	17	6	28	14	2	54
67	2	17	11	28	14	2	54
67	2	17	12	28	14	3	0
67	2	17	13	28	14	2	13
67	2	18	0	28	14	3	inf
67	2	18	1	28	14	3	66
67	2	18	2	28	14	2	14
67	2	18	4	28	14	3	49
67	2	18	8	28	14	3	1
67	2	18	9	28	14	2	53
67	2	18	11	28	14	3	18
67	2	19	0	28	14	3	inf
67	2	19	7	28	14	3	inf
67	2	20	3	28	14	3	49
67	2	20	5	28	14	2	14
67	2	20	6	28	14	3	66
67	2	20	10	28	14	3	18
67	2	20	12	28	14	2	53
67	2	20	13	28	14	3	1
67	2	21	1	28	14	2	54
67	2	21	2	28	14	3	0
67	2	21	3	28	14	2	13
67	2	21	8	28	14	2	13
67	2	21	9	28	14	3	0
67	2	21	10	28	14	2	54
67	2	22	1	28	14	3	18
67	2	22	4	28	14	3	inf
67	2	22	5	28	14	3	66
67	2	22	6	28	14	2	14
67	2	22	8	28	14	3	49
67	2	22	12	28	14	3	1
67	2	22	13	28	14	2	53
67	2	23	4	28	14	3	inf
67	2	23	11	28	14	3	inf
67	2	24	0	28	14	3	18
67	2	24	2	28	14	2	53
67	2	24	3	28	14	3	1
67	2	24	7	28	14	3	49
67	2	24	9	28	14	2	14
67	2	24	10	28	14	3	66
67	2	25	0	28	14	2	54
67	2	25	5	28	14	2	54
67	2	25	6	28	14	3	0
67	2	25	7	28	14	2	13
67	2	25	12	28	14	2	13
67	2	25	13	28	14	3	0
67	2	26	2	28	14	3	1
67	2	26	3	28	14	2	53
67	2	26	5	28	14	3	18
67	2	26	8	28	14	3	inf
67	2	26	9	28	14	3	66
67	2	26	10	28	14	2	14
67	2	26	12	28	14	3	49
67	2	27	1	28	14	3	inf
67	2	27	8	28	14	3	inf
71	1	0	0	7	14	2	1
71	1	0	3	7	14	2	1
71	1	0	4	7	14	2	2
71	1	0	5	7	14	3	inf
71	1	0	6	7	14	2	69
71	1	0	7	7	14	2	70
71	1	0	10	7	14	2	70
71	1	0	11	7	14	3	inf
71	1	0	12	7	14	3	inf
71	1	0	13	7	14	2	2
71	1	1	1	7	14	2	1
71	1	1	2	7	14	2	2
71	1	1	3	7	14	3	inf
71	1	1	4	7	14	2	69
71	1	1	5	7	14	2	70
71	1	1	8	7	14	2	70
71	1	1	9	7	14	3	inf
71	1	1	10	7	14	3	inf
71	1	1	11	7	14	2	2
71	1	1	12	7	14	2	1
71	1	2	0	7	14	2	2
71	1	2	1	7	14	3	inf
71	1	2	2	7	14	2	69
71	1	2	3	7	14	2	70
71	1	2	6	7	14	2	70
71	1	2	7	7	14	3	inf
71	1	2	8	7	14	3	inf
71	1	2	9	7	14	2	2
71	1	2	10	7	14	2	1
71	1	2	13	7	14	2	1
71	1	3	0	7	14	2	69
71	1	3	1	7	14	2	70
71	1	3	4	7	14	2	70
71	1	3	5	7	14	3	inf
71	1	3	6	7	14	3	inf
71	1	3	7	7	14	2	2
71	1	3	8	7	14	2	1
71	1	3	11	7	14	2	1
71	1	3	12	7	14	2	2
71	1	3	13	7	14	3	inf
71	1	4	2	7	14	2	70
71	1	4	3	7	14	3	inf
71	1	4	4	7	14	3	inf
71	1	4	5	7	14	2	2
71	1	4	6	7	14	2	1
71	1	4	9	7	14	2	1
71	1	4	10	7	14	2	2
71	1	4	11	7	14	3	inf
71	1	4	12	7	14	2	69
71	1	4	13	7	14	2	70
71	1	5	0	7	14	2	70
71	1	5	1	7	14	3	inf
71	1	5	2	7	14	3	inf
71	1	5	3	7	14	2	2
71	1	5	4	7	14	2	1
71	1	5	7	7	14	2	1
71	1	5	8	7	14	2	2
71	1	5	9	7	14	3	inf
71	1	5	10	7	14	2	69
71	1	5	11	7	14	2	70
71	1	6	0	7	14	3	inf
71	1	6	1	7	14	2	2
71	1	6	2	7	14	2	1
71	1	6	5	7	14	2	1
71	1	6	6	7	14	2	2
71	1	6	7	7	14	3	inf
71	1	6	8	7	14	2	69
71	1	6	9	7	14	2	70
71	1	6	12	7	14	2	70
71	1	6	13	7	14	3	inf
71	2	0	0	7	14	2	70
71	2	0	3	7	14	2	70
71	2	0	4	7	14	3	inf
71	2	0	5	7	14	3	inf
71	2	0	6	7	14	2	2
71	2	0	7	7	14	2	1
71	2	0	10	7	14	2	1
71	2	0	11	7	14	2	2
71	2	0	12	7	14	3	inf
71	2	0	13	7	14	2	69
71	2	1	1	7	14	2	70
71	2	1	2	7	14	3	inf
71	2	1	3	7	14	3	inf
71	2	1	4	7	14	2	2
71	2	1	5	7	14	2	1
71	2	1	8	7	14	2	1
71	2	1	9	7	14	2	2
71	2	1	10	7	14	3	inf
71	2	1	11	7	14	2	69
71	2	1	12	7	14	2	70
71	2	2	0	7	14	3	inf
71	2	2	1	7	14	3	inf
71	2	2	2	7	14	2	2
71	2	2	3	7	14	2	1
71	2	2	6	7	14	2	1
71	2	2	7	7	14	2	2
71	2	2	8	7	14	3	inf
71	2	2	9	7	14	2	69
71	2	2	10	7	14	2	70
71	2	2	13	7	14	2	70
71	2	3	0	7	14	2	2
71	2	3	1	7	14	2	1
71	2	3	4	7	14	2	1
71	2	3	5	7	14	2	2
71	2	3	6	7	14	3	inf
71	2	3	7	7	14	2	69
71	2	3	8	7	14	2	70
71	2	3	11	7	14	2	70
71	2	3	12	7	14	3	inf
71	2	3	13	7	14	3	inf
71	2	4	2	7	14	2	1
71	2	4	3	7	14	2	2
71	2	4	4	7	14	3	inf
71	2	4	5	7	14	2	69
71	2	4	6	7	14	2	70
71	2	4	9	7	14	2	70
71	2	4	10	7	14	3	inf
71	2	4	11	7	14	3	inf
71	2	4	12	7	14	2	2
71	2	4	13	7	14	2	1
71	2	5	0	7	14	2	1
71	2	5	1	7	14	2	2
71	2	5	2	7	14	3	inf
71	2	5	3	7	14	2	69
71	2	5	4	7	14	2	70
71	2	5	7	7	14	2	70
71	2	5	8	7	14	3	inf
71	2	5	9	7	14	3	inf
71	2	5	10	7	14	2	2
71	2	5	11	7	14	2	1
71	2	6	0	7	14	3	inf
71	2	6	1	7	14	2	69
71	2	6	2	7	14	2	70
71	2	6	5	7	14	2	70
71	2	6	6	7	14	3	inf
71	2	6	7	7	14	3	inf
71	2	6	8	7	14	2	2
71	2	6	9	7	14	2	1
71	2	6	12	7	14	2	1
71	2	6	13	7	14	2	2
73	1	0	0	16	4	3	1
73	1	0	1	16	4	3	58
73	1	0	2	16	4	3	72
73	1	0	3	16	4	3	15
73	1	1	0	16	4	3	8
73	1	1	1	16	4	3	65
73	1	1	2	16	4	3	65
73	1	1	3	16	4	3	8
73	1	2	0	16	4	3	inf
73	1	2	1	16	4	3	72
73	1	2	2	16	4	3	58
73	1	2	3	16	4	3	1
73	1	3	0	16	4	3	0
73	1	3	1	16	4	3	3
73	1	3	2	16	4	3	0
73	1	3	3	16	4	3	70
73	1	4	0	16	4	3	58
73	1	4	1	16	4	3	72
73	1	4	2	16	4	3	15
73	1	4	3	16	4	3	1
73	1	5	0	16	4	3	65
73	1	5	1	16	4	3	65
73	1	5	2	16	4	3	8
73	1	5	3	16	4	3	8
73	1	6	0	16	4	3	72
73	1	6	1	16	4	3	58
73	1	6	2	16	4	3	1
73	1	6	3	16	4	3	inf
73	1	7	0	16	4	3	3
73	1	7	1	16	4	3	0
73	1	7	2	16	4	3	70
73	1	7	3	16	4	3	0
73	1	8	0	16	4	3	72
73	1	8	1	16	4	3	15
73	1	8	2	16	4	3	1
73	1	8	3	16	4	3	58
73	1	9	0	16	4	3	65
73	1	9	1	16	4	3	8
73	1	9	2	16	4	3	8
73	1	9	3	16	4	3	65
73	1	10	0	16	4	3	58
73	1	10	1	16	4	3	1
73	1	10	2	16	4	3	inf
73	1	10	3	16	4	3	72
73	1	11	0	16	4	3	0
73	1	11	1	16	4	3	70
73	1	11	2	16	4	3	0
73	1	11	3	16	4	3	3
73	1	12	0	16	4	3	15
73	1	12	1	16	4	3	1
73	1	12	2	16	4	3	58
73	1	12	3	16	4	3	72
73	1	13	0	16	4	3	8
73	1	13	1	16	4	3	8
73	1	13	2	16	4	3	65
73	1	13	3	16	4	3	65
73	1	14	0	16	4	3	1
73	1	14	1	16	4	3	inf
73	1	14	2	16	4	3	72
73	1	14	3	16	4	3	58
73	1	15	0	16	4	3	70
73	1	15	1	16	4	3	0
73	1	15	2	16	4	3	3
73	1	15	3	16	4	3	0
73	2	0	0	16	4	3	72
73	2	0	1	16	4	3	15
73	2	0	2	16	4	3	1
73	2	0	3	16	4	3	58
73	2	1	0	16	4	3	65
73	2	1	1	16	4	3	8
73	2	1	2	16	4	3	8
73	2	1	3	16	4	3	65
73	2	2	0	16	4	3	58
73	2	2	1	16	4	3	1
73	2	2	2	16	4	3	inf
73	2	2	3	16	4	3	72
73	2	3	0	16	4	3	0
73	2	3	1	16	4	3	70
73	2	3	2	16	4	3	0
73	2	3	3	16	4	3	3
73	2	4	0	16	4	3	15
73	2	4	1	16	4	3	1
73	2	4	2	16	4	3	58
73	2	4	3	16	4	3	72
73	2	5	0	16	4	3	8
73	2	5	1	16	4	3	8
73	2	5	2	16	4	3	65
73	2	5	3	16	4	3	65
73	2	6	0	16	4	3	1
73	2	6	1	16	4	3	inf
73	2	6	2	16	4	3	72
73	2	6	3	16	4	3	58
73	2	7	0	16	4	3	70
73	2	7	1	16	4	3	0
73	2	7	2	16	4	3	3
73	2	7	3	16	4	3	0
73	2	8	0	16	4	3	1
73	2	8	1	16	4	3	58
73	2	8	2	16	4	3	72
73	2	8	3	16	4	3	15
73	2	9	0	16	4	3	8
73	2	9	1	16	4	3	65
73	2	9	2	16	4	3	65
73	2	9	3	16	4	3	8
73	2	10	0	16	4	3	inf
73	2	10	1	16	4	3	72
73	2	10	2	16	4	3	58
73	2	10	3	16	4	3	1
73	2	11	0	16	4	3	0
73	2	11	1	16	4	3	3
73	2	11	2	16	4	3	0
73	2	11	3	16	4	3	70
73	2	12	0	16	4	3	58
73	2	12	1	16	4	3	72
73	2	12	2	16	4	3	15
73	2	12	3	16	4	3	1
73	2	13	0	16	4	3	65
73	2	13	1	16	4	3	65
73	2	13	2	16	4	3	8
73	2	13	3	16	4	3	8
73	2	14	0	16	4	3	72
73	2	14	1	16	4	3	58
73	2	14	2	16	4	3	1
73	2	14	3	16	4	3	inf
73	2	15	0	16	4	3	3
73	2	15	1	16	4	3	0
73	2	15	2	16	4	3	70
73	2	15	3	16	4	3	0
79	1	0	0	36	3	2	1
79	1	0	1	36	3	2	15
79	1	2	1	36	3	2	15
79	1	2	2	36	3	2	1
79	1	7	0	36	3	3	57
79	1	10	2	36	3	3	inf
79	1	12	1	36	3	2	1
79	1	12	2	36	3	2	15
79	1	14	0	36	3	2	1
79	1	14	2	36	3	2	15
79	1	19	1	36	3	3	57
79	1	22	0	36	3	3	inf
79	1	24	0	36	3	2	15
79	1	24	2	36	3	2	1
79	1	26	0	36	3	2	15
79	1	26	1	36	3	2	1
79	1	31	2	36	3	3	57
79	1	34	1	36	3	3	inf
79	2	0	0	36	3	2	78
79	2	0	1	36	3	2	64
79	2	2	1	36	3	2	64
79	2	2	2	36	3	2	78
79	2	7	0	36	3	3	22
79	2	12	1	36	3	2	78
79	2	12	2	36	3	2	64
79	2	14	0	36	3	2	78
79	2	14	2	36	3	2	64
79	2	19	1	36	3	3	22
79	2	24	0	36	3	2	64
79	2	24	2	36	3	2	78
79	2	26	0	36	3	2	64
79	2	26	1	36	3	2	78
79	2	31	2	36	3	3	22
83	1	0	0	36	12	2	1
83	1	0	1	36	12	2	37
83	1	0	4	36	12	3	11
83	1	0	6	36	12	2	82
83	1	0	7	36	12	2	46
83	1	0	10	36	12	3	72
83	1	1	0	36	12	2	53
83	1	1	1	36	12	2	20
83	1	1	4	36	12	2	63
83	1	1	5	36	12	2	30
83	1	1	6	36	12	2	30
83	1	1	7	36	12	2	63
83	1	1	10	36	12	2	20
83	1	1	11	36	12	2	53
83	1	2	1	36	12	3	72
83	1	2	4	36	12	2	46
83	1	2	5	36	12	2	82
83	1	2	7	36	12	3	11
83	1	2	10	36	12	2	37
83	1	2	11	36	12	2	1
83	1	4	0	36	12	3	2
83	1	4	1	36	12	3	2
83	1	4	3	36	12	3	inf
83	1	4	6	36	12	3	81
83	1	4	7	36	12	3	81
83	1	6	0	36	12	3	72
83	1	6	2	36	12	2	1
83	1	6	3	36	12	2	37
83	1	6	6	36	12	3	11
83	1	6	8	36	12	2	82
83	1	6	9	36	12	2	46
83	1	7	0	36	12	2	20
83	1	7	1	36	12	2	53
83	1	7	2	36	12	2	53
83	1	7	3	36	12	2	20
83	1	7	6	36	12	2	63
83	1	7	7	36	12	2	30
83	1	7	8	36	12	2	30
83	1	7	9	36	12	2	63
83	1	8	0	36	12	2	37
83	1	8	1	36	12	2	1
83	1	8	3	36	12	3	72
83	1	8	6	36	12	2	46
83	1	8	7	36	12	2	82
83	1	8	9	36	12	3	11
83	1	10	2	36	12	3	2
83	1	10	3	36	12	3	2
83	1	10	5	36	12	3	inf
83	1	10	8	36	12	3	81
83	1	10	9	36	12	3	81
83	1	12	2	36	12	3	72
83	1	12	4	36	12	2	1
83	1	12	5	36	12	2	37
83	1	12	8	36	12	3	11
83	1	12	10	36	12	2	82
83	1	12	11	36	12	2	46
83	1	13	2	36	12	2	20
83	1	13	3	36	12	2	53
83	1	13	4	36	12	2	53
83	1	13	5	36	12	2	20
83	1	13	8	36	12	2	63
83	1	13	9	36	12	2	30
83	1	13	10	36	12	2	30
83	1	13	11	36	12	2	63
83	1	14	2	36	12	2	37
83	1	14	3	36	12	2	1
83	1	14	5	36	12	3	72
83	1	14	8	36	12	2	46
83	1	14	9	36	12	2	82
83	1	14	11	36	12	3	11
83	1	16	4	36	12	3	2
83	1	16	5	36	12	3	2
83	1	16	7	36	12	3	inf
83	1	16	10	36	12	3	81
83	1	16	11	36	12	3	81
83	1	18	0	36	12	2	82
83	1	18	1	36	12	2	46
83	1	18	4	36	12	3	72
83	1	18	6	36	12	2	1
83	1	18	7	36	12	2	37
83	1	18	10	36	12	3	11
83	1	19	0	36	12	2	30
83	1	19	1	36	12	2	63
83	1	19	4	36	12	2	20
83	1	19	5	36	12	2	53
83	1	19	6	36	12	2	53
83	1	19	7	36	12	2	20
83	1	19	10	36	12	2	63
83	1	19	11	36	12	2	30
83	1	20	1	36	12	3	11
83	1	20	4	36	12	2	37
83	1	20	5	36	12	2	1
83	1	20	7	36	12	3	72
83	1	20	10	36	12	2	46
83	1	20	11	36	12	2	82
83	1	22	0	36	12	3	81
83	1	22	1	36	12	3	81
83	1	22	6	36	12	3	2
83	1	22	7	36	12	3	2
83	1	22	9	36	12	3	inf
83	1	24	0	36	12	3	11
83	1	24	2	36	12	2	82
83	1	24	3	36	12	2	46
83	1	24	6	36	12	3	72
83	1	24	8	36	12	2	1
83	1	24	9	36	12	2	37
83	1	25	0	36	12	2	63
83	1	25	1	36	12	2	30
83	1	25	2	36	12	2	30
83	1	25	3	36	12	2	63
83	1	25	6	36	12	2	20
83	1	25	7	36	12	2	53
83	1	25	8	36	12	2	53
83	1	25	9	36	12	2	20
83	1	26	0	36	12	2	46
83	1	26	1	36	12	2	82
83	1	26	3	36	12	3	11
83	1	26	6	36	12	2	37
83	1	26	7	36	12	2	1
83	1	26	9	36	12	3	72
83	1	28	2	36	12	3	81
83	1	28	3	36	12	3	81
83	1	28	8	36	12	3	2
83	1	28	9	36	12	3	2
83	1	28	11	36	12	3	inf
83	1	30	2	36	12	3	11
83	1	30	4	36	12	2	82
83	1	30	5	36	12	2	46
83	1	30	8	36	12	3	72
83	1	30	10	36	12	2	1
83	1	30	11	36	12	2	37
83	1	31	2	36	12	2	63
83	1	31	3	36	12	2	30
83	1	31	4	36	12	2	30
83	1	31	5	36	12	2	63
83	1	31	8	36	12	2	20
83	1	31	9	36	12	2	53
83	1	31	10	36	12	2	53
83	1	31	11	36	12	2	20
83	1	32	2	36	12	2	46
83	1	32	3	36	12	2	82
83	1	32	5	36	12	3	11
83	1	32	8	36	12	2	37
83	1	32	9	36	12	2	1
83	1	32	11	36	12	3	72
83	1	34	1	36	12	3	inf
83	1	34	4	36	12	3	81
83	1	34	5	36	12	3	81
83	1	34	10	36	12	3	2
83	1	34	11	36	12	3	2
83	2	0	0	36	12	2	82
83	2	0	1	36	12	2	46
83	2	0	4	36	12	3	72
83	2	0	6	36	12	2	1
83	2	0	7	36	12	2	37
83	2	0	10	36	12	3	11
83	2	1	0	36	12	2	30
83	2	1	1	36	12	2	63
83	2	1	4	36	12	2	20
83	2	1	5	36	12	2	53
83	2	1	6	36	12	2	53
83	2	1	7	36	12	2	20
83	2	1	10	36	12	2	63
83	2	1	11	36	12	2	30
83	2	2	1	36	12	3	11
83	2	2	4	36	12	2	37
83	2	2	5	36	12	2	1
83	2	2	7	36	12	3	72
83	2	2	10	36	12	2	46
83	2	2	11	36	12	2	82
83	2	4	0	36	12	3	81
83	2	4	1	36	12	3	81
83	2	4	6	36	12	3	2
83	2	4	7	36	12	3	2
83	2	4	9	36	12	3	inf
83	2	6	0	36	12	3	11
83	2	6	2	36	12	2	82
83	2	6	3	36	12	2	46
83	2	6	6	36	12	3	72
83	2	6	8	36	12	2	1
83	2	6	9	36	12	2	37
83	2	7	0	36	12	2	63
83	2	7	1	36	12	2	30
83	2	7	2	36	12	2	30
83	2	7	3	36	12	2	63
83	2	7	6	36	12	2	20
83	2	7	7	36	12	2	53
83	2	7	8	36	12	2	53
83	2	7	9	36	12	2	20
83	2	8	0	36	12	2	46
83	2	8	1	36	12	2	82
83	2	8	3	36	12	3	11
83	2	8	6	36	12	2	37
83	2	8	7	36	12	2	1
83	2	8	9	36	12	3	72
83	2	10	2	36	12	3	81
83	2	10	3	36	12	3	81
83	2	10	8	36	12	3	2
83	2	10	9	36	12	3	2
83	2	10	11	36	12	3	inf
83	2	12	2	36	12	3	11
83	2	12	4	36	12	2	82
83	2	12	5	36	12	2	46
83	2	12	8	36	12	3	72
83	2	12	10	36	12	2	1
83	2	12	11	36	12	2	37
83	2	13	2	36	12	2	63
83	2	13	3	36	12	2	30
83	2	13	4	36	12	2	30
83	2	13	5	36	12	2	63
83	2	13	8	36	12	2	20
83	2	13	9	36	12	2	53
83	2	13	10	36	12	2	53
83	2	13	11	36	12	2	20
83	2	14	2	36	12	2	46
83	2	14	3	36	12	2	82
83	2	14	5	36	12	3	11
83	2	14	8	36	12	2	37
83	2	14	9	36	12	2	1
83	2	14	11	36	12	3	72
83	2	16	1	36	12	3	inf
83	2	16	4	36	12	3	81
83	2	16	5	36	12	3	81
83	2	16	10	36	12	3	2
83	2	16	11	36	12	3	2
83	2	18	0	36	12	2	1
83	2	18	1	36	12	2	37
83	2	18	4	36	12	3	11
83	2	18	6	36	12	2	82
83	2	18	7	36	12	2	46
83	2	18	10	36	12	3	72
83	2	19	0	36	12	2	53
83	2	19	1	36	12	2	20
83	2	19	4	36	12	2	63
83	2	19	5	36	12	2	30
83	2	19	6	36	12	2	30
83	2	19	7	36	12	2	63
83	2	19	10	36	12	2	20
83	2	19	11	36	12	2	53
83	2	20	1	36	12	3	72
83	2	20	4	36	12	2	46
83	2	20	5	36	12	2	82
83	2	20	7	36	12	3	11
83	2	20	10	36	12	2	37
83	2	20	11	36	12	2	1
83	2	22	0	36	12	3	2
83	2	22	1	36	12	3	2
83	2	22	3	36	12	3	inf
83	2	22	6	36	12	3	81
83	2	22	7	36	12	3	81
83	2	24	0	36	12	3	72
83	2	24	2	36	12	2	1
83	2	24	3	36	12	2	37
83	2	24	6	36	12	3	11
83	2	24	8	36	12	2	82
83	2	24	9	36	12	2	46
83	2	25	0	36	12	2	20
83	2	25	1	36	12	2	53
83	2	25	2	36	12	2	53
83	2	25	3	36	12	2	20
83	2	25	6	36	12	2	63
83	2	25	7	36	12	2	30
83	2	25	8	36	12	2	30
83	2	25	9	36	12	2	63
83	2	26	0	36	12	2	37
83	2	26	1	36	12	2	1
83	2	26	3	36	12	3	72
83	2	26	6	36	12	2	46
83	2	26	7	36	12	2	82
83	2	26	9	36	12	3	11
83	2	28	2	36	12	3	2
83	2	28	3	36	12	3	2
83	2	28	5	36	12	3	inf
83	2	28	8	36	12	3	81
83	2	28	9	36	12	3	81
83	2	30	2	36	12	3	72
83	2	30	4	36	12	2	1
83	2	30	5	36	12	2	37
83	2	30	8	36	12	3	11
83	2	30	10	36	12	2	82
83	2	30	11	36	12	2	46
83	2	31	2	36	12	2	20
83	2	31	3	36	12	2	53
83	2	31	4	36	12	2	53
83	2	31	5	36	12	2	20
83	2	31	8	36	12	2	63
83	2	31	9	36	12	2	30
83	2	31	10	36	12	2	30
83	2	31	11	36	12	2	63
83	2	32	2	36	12	2	37
83	2	32	3	36	12	2	1
83	2	32	5	36	12	3	72
83	2	32	8	36	12	2	46
83	2	32	9	36	12	2	82
83	2	32	11	36	12	3	11
83	2	34	4	36	12	3	2
83	2	34	5	36	12	3	2
83	2	34	7	36	12	3	inf
83	2	34	10	36	12	3	81
83	2	34	11	36	12	3	81
89	1	0	5	92	23	2	33
89	1	0	13	92	23	3	0
89	1	0	21	92	23	2	56
89	1	1	8	92	23	2	52
89	1	1	10	92	23	2	85
89	1	1	11	92	23	3	59
89	1	1	12	92	23	2	85
89	1	1	14	92	23	2	52
89	1	2	1	92	23	2	56
89	1	2	9	92	23	3	0
89	1	2	16	92	23	3	inf
89	1	2	17	92	23	2	33
89	1	3	4	92	23	2	37
89	1	3	6	92	23	2	4
89	1	3	7	92	23	3	30
89	1	3	8	92	23	2	4
89	1	3	10	92	23	2	37
89	1	4	5	92	23	3	0
89	1	4	13	92	23	2	56
89	1	4	20	92	23	2	33
89	1	5	0	92	23	2	52
89	1	5	2	92	23	2	85
89	1	5	3	92	23	3	59
89	1	5	4	92	23	2	85
89	1	5	6	92	23	2	52
89	1	6	1	92	23	3	0
89	1	6	8	92	23	3	inf
89	1	6	9	92	23	2	33
89	1	6	16	92	23	2	56
89	1	7	0	92	23	2	4
89	1	7	2	92	23	2	37
89	1	7	19	92	23	2	37
89	1	7	21	92	23	2	4
89	1	7	22	92	23	3	30
89	1	8	5	92	23	2	56
89	1	8	12	92	23	2	33
89	1	8	20	92	23	3	0
89	1	9	15	92	23	2	52
89	1	9	17	92	23	2	85
89	1	9	18	92	23	3	59
89	1	9	19	92	23	2	85
89	1	9	21	92	23	2	52
89	1	10	0	92	23	3	inf
89	1	10	1	92	23	2	33
89	1	10	8	92	23	2	56
89	1	10	16	92	23	3	0
89	1	11	11	92	23	2	37
89	1	11	13	92	23	2	4
89	1	11	14	92	23	3	30
89	1	11	15	92	23	2	4
89	1	11	17	92	23	2	37
89	1	12	4	92	23	2	33
89	1	12	12	92	23	3	0
89	1	12	20	92	23	2	56
89	1	13	7	92	23	2	52
89	1	13	9	92	23	2	85
89	1	13	10	92	23	3	59
89	1	13	11	92	23	2	85
89	1	13	13	92	23	2	52
89	1	14	0	92	23	2	56
89	1	14	8	92	23	3	0
89	1	14	15	92	23	3	inf
89	1	14	16	92	23	2	33
89	1	15	3	92	23	2	37
89	1	15	5	92	23	2	4
89	1	15	6	92	23	3	30
89	1	15	7	92	23	2	4
89	1	15	9	92	23	2	37
89	1	16	4	92	23	3	0
89	1	16	12	92	23	2	56
89	1	16	19	92	23	2	33
89	1	17	1	92	23	2	85
89	1	17	2	92	23	3	59
89	1	17	3	92	23	2	85
89	1	17	5	92	23	2	52
89	1	17	22	92	23	2	52
89	1	18	0	92	23	3	0
89	1	18	7	92	23	3	inf
89	1	18	8	92	23	2	33
89	1	18	15	92	23	2	56
89	1	19	1	92	23	2	37
89	1	19	18	92	23	2	37
89	1	19	20	92	23	2	4
89	1	19	21	92	23	3	30
89	1	19	22	92	23	2	4
89	1	20	4	92	23	2	56
89	1	20	11	92	23	2	33
89	1	20	19	92	23	3	0
89	1	21	14	92	23	2	52
89	1	21	16	92	23	2	85
89	1	21	17	92	23	3	59
89	1	21	18	92	23	2	85
89	1	21	20	92	23	2	52
89	1	22	0	92	23	2	33
89	1	22	7	92	23	2	56
89	1	22	15	92	23	3	0
89	1	22	22	92	23	3	inf
89	1	23	10	92	23	2	37
89	1	23	12	92	23	2	4
89	1	23	13	92	23	3	30
89	1	23	14	92	23	2	4
89	1	23	16	92	23	2	37
89	1	24	3	92	23	2	33
89	1	24	11	92	23	3	0
89	1	24	19	92	23	2	56
89	1	25	6	92	23	2	52
89	1	25	8	92	23	2	85
89	1	25	9	92	23	3	59
89	1	25	10	92	23	2	85
89	1	25	12	92	23	2	52
89	1	26	7	92	23	3	0
89	1	26	14	92	23	3	inf
89	1	26	15	92	23	2	33
89	1	26	22	92	23	2	56
89	1	27	2	92	23	2	37
89	1	27	4	92	23	2	4
89	1	27	5	92	23	3	30
89	1	27	6	92	23	2	4
89	1	27	8	92	23	2	37
89	1	28	3	92	23	3	0
89	1	28	11	92	23	2	56
89	1	28	18	92	23	2	33
89	1	29	0	92	23	2	85
89	1	29	1	92	23	3	59
89	1	29	2	92	23	2	85
89	1	29	4	92	23	2	52
89	1	29	21	92	23	2	52
89	1	30	6	92	23	3	inf
89	1	30	7	92	23	2	33
89	1	30	14	92	23	2	56
89	1	30	22	92	23	3	0
89	1	31	0	92	23	2	37
89	1	31	17	92	23	2	37
89	1	31	19	92	23	2	4
89	1	31	20	92	23	3	30
89	1	31	21	92	23	2	4
89	1	32	3	92	23	2	56
89	1	32	10	92	23	2	33
89	1	32	18	92	23	3	0
89	1	33	13	92	23	2	52
89	1	33	15	92	23	2	85
89	1	33	16	92	23	3	59
89	1	33	17	92	23	2	85
89	1	33	19	92	23	2	52
89	1	34	6	92	23	2	56
89	1	34	14	92	23	3	0
89	1	34	21	92	23	3	inf
89	1	34	22	92	23	2	33
89	1	35	9	92	23	2	37
89	1	35	11	92	23	2	4
89	1	35	12	92	23	3	30
89	1	35	13	92	23	2	4
89	1	35	15	92	23	2	37
89	1	36	2	92	23	2	33
89	1	36	10	92	23	3	0
89	1	36	18	92	23	2	56
89	1	37	5	92	23	2	52
89	1	37	7	92	23	2	85
89	1	37	8	92	23	3	59
89	1	37	9	92	23	2	85
89	1	37	11	92	23	2	52
89	1	38	6	92	23	3	0
89	1	38	13	92	23	3	inf
89	1	38	14	92	23	2	33
89	1	38	21	92	23	2	56
89	1	39	1	92	23	2	37
89	1	39	3	92	23	2	4
89	1	39	4	92	23	3	30
89	1	39	5	92	23	2	4
89	1	39	7	92	23	2	37
89	1	40	2	92	23	3	0
89	1	40	10	92	23	2	56
89	1	40	17	92	23	2	33
89	1	41	0	92	23	3	59
89	1	41	1	92	23	2	85
89	1	41	3	92	23	2	52
89	1	41	20	92	23	2	52
89	1	41	22	92	23	2	85
89	1	42	5	92	23	3	inf
89	1	42	6	92	23	2	33
89	1	42	13	92	23	2	56
89	1	42	21	92	23	3	0
89	1	43	16	92	23	2	37
89	1	43	18	92	23	2	4
89	1	43	19	92	23	3	30
89	1	43	20	92	23	2	4
89	1	43	22	92	23	2	37
89	1	44	2	92	23	2	56
89	1	44	9	92	23	2	33
89	1	44	17	92	23	3	0
89	1	45	12	92	23	2	52
89	1	45	14	92	23	2	85
89	1	45	15	92	23	3	59
89	1	45	16	92	23	2	85
89	1	45	18	92	23	2	52
89	1	46	5	92	23	2	56
89	1	46	13	92	23	3	0
89	1	46	20	92	23	3	inf
89	1	46	21	92	23	2	33
89	1	47	8	92	23	2	37
89	1	47	10	92	23	2	4
89	1	47	11	92	23	3	30
89	1	47	12	92	23	2	4
89	1	47	14	92	23	2	37
89	1	48	1	92	23	2	33
89	1	48	9	92	23	3	0
89	1	48	17	92	23	2	56
89	1	49	4	92	23	2	52
89	1	49	6	92	23	2	85
89	1	49	7	92	23	3	59
89	1	49	8	92	23	2	85
89	1	49	10	92	23	2	52
89	1	50	5	92	23	3	0
89	1	50	12	92	23	3	inf
89	1	50	13	92	23	2	33
89	1	50	20	92	23	2	56
89	1	51	0	92	23	2	37
89	1	51	2	92	23	2	4
89	1	51	3	92	23	3	30
89	1	51	4	92	23	2	4
89	1	51	6	92	23	2	37
89	1	52	1	92	23	3	0
89	1	52	9	92	23	2	56
89	1	52	16	92	23	2	33
89	1	53	0	92	23	2	85
89	1	53	2	92	23	2	52
89	1	53	19	92	23	2	52
89	1	53	21	92	23	2	85
89	1	53	22	92	23	3	59
89	1	54	4	92	23	3	inf
89	1	54	5	92	23	2	33
89	1	54	12	92	23	2	56
89	1	54	20	92	23	3	0
89	1	55	15	92	23	2	37
89	1	55	17	92	23	2	4
89	1	55	18	92	23	3	30
89	1	55	19	92	23	2	4
89	1	55	21	92	23	2	37
89	1	56	1	92	23	2	56
89	1	56	8	92	23	2	33
89	1	56	16	92	23	3	0
89	1	57	11	92	23	2	52
89	1	57	13	92	23	2	85
89	1	57	14	92	23	3	59
89	1	57	15	92	23	2	85
89	1	57	17	92	23	2	52
89	1	58	4	92	23	2	56
89	1	58	12	92	23	3	0
89	1	58	19	92	23	3	inf
89	1	58	20	92	23	2	33
89	1	59	7	92	23	2	37
89	1	59	9	92	23	2	4
89	1	59	10	92	23	3	30
89	1	59	11	92	23	2	4
89	1	59	13	92	23	2	37
89	1	60	0	92	23	2	33
89	1	60	8	92	23	3	0
89	1	60	16	92	23	2	56
89	1	61	3	92	23	2	52
89	1	61	5	92	23	2	85
89	1	61	6	92	23	3	59
89	1	61	7	92	23	2	85
89	1	61	9	92	23	2	52
89	1	62	4	92	23	3	0
89	1	62	11	92	23	3	inf
89	1	62	12	92	23	2	33
89	1	62	19	92	23	2	56
89	1	63	1	92	23	2	4
89	1	63	2	92	23	3	30
89	1	63	3	92	23	2	4
89	1	63	5	92	23	2	37
89	1	63	22	92	23	2	37
89	1	64	0	92	23	3	0
89	1	64	8	92	23	2	56
89	1	64	15	92	23	2	33
89	1	65	1	92	23	2	52
89	1	65	18	92	23	2	52
89	1	65	20	92	23	2	85
89	1	65	21	92	23	3	59
89	1	65	22	92	23	2	85
89	1	66	3	92	23	3	inf
89	1	66	4	92	23	2	33
89	1	66	11	92	23	2	56
89	1	66	19	92	23	3	0
89	1	67	14	92	23	2	37
89	1	67	16	92	23	2	4
89	1	67	17	92	23	3	30
89	1	67	18	92	23	2	4
89	1	67	20	92	23	2	37
89	1	68	0	92	23	2	56
89	1	68	7	92	23	2	33
89	1	68	15	92	23	3	0
89	1	69	10	92	23	2	52
89	1	69	12	92	23	2	85
89	1	69	13	92	23	3	59
89	1	69	14	92	23	2	85
89	1	69	16	92	23	2	52
89	1	70	3	92	23	2	56
89	1	70	11	92	23	3	0
89	1	70	18	92	23	3	inf
89	1	70	19	92	23	2	33
89	1	71	6	92	23	2	37
89	1	71	8	92	23	2	4
89	1	71	9	92	23	3	30
89	1	71	10	92	23	2	4
89	1	71	12	92	23	2	37
89	1	72	7	92	23	3	0
89	1	72	15	92	23	2	56
89	1	72	22	92	23	2	33
89	1	73	2	92	23	2	52
89	1	73	4	92	23	2	85
89	1	73	5	92	23	3	59
89	1	73	6	92	23	2	85
89	1	73	8	92	23	2	52
89	1	74	3	92	23	3	0
89	1	74	10	92	23	3	inf
89	1	74	11	92	23	2	33
89	1	74	18	92	23	2	56
89	1	75	0	92	23	2	4
89	1	75	1	92	23	3	30
89	1	75	2	92	23	2	4
89	1	75	4	92	23	2	37
89	1	75	21	92	23	2	37
89	1	76	7	92	23	2	56
89	1	76	14	92	23	2	33
89	1	76	22	92	23	3	0
89	1	77	0	92	23	2	52
89	1	77	17	92	23	2	52
89	1	77	19	92	23	2	85
89	1	77	20	92	23	3	59
89	1	77	21	92	23	2	85
89	1	78	2	92	23	3	inf
89	1	78	3	92	23	2	33
89	1	78	10	92	23	2	56
89	1	78	18	92	23	3	0
89	1	79	13	92	23	2	37
89	1	79	15	92	23	2	4
89	1	79	16	92	23	3	30
89	1	79	17	92	23	2	4
89	1	79	19	92	23	2	37
89	1	80	6	92	23	2	33
89	1	80	14	92	23	3	0
89	1	80	22	92	23	2	56
89	1	81	9	92	23	2	52
89	1	81	11	92	23	2	85
89	1	81	12	92	23	3	59
89	1	81	13	92	23	2	85
89	1	81	15	92	23	2	52
89	1	82	2	92	23	2	56
89	1	82	10	92	23	3	0
89	1	82	17	92	23	3	inf
89	1	82	18	92	23	2	33
89	1	83	5	92	23	2	37
89	1	83	7	92	23	2	4
89	1	83	8	92	23	3	30
89	1	83	9	92	23	2	4
89	1	83	11	92	23	2	37
89	1	84	6	92	23	3	0
89	1	84	14	92	23	2	56
89	1	84	21	92	23	2	33
89	1	85	1	92	23	2	52
89	1	85	3	92	23	2	85
89	1	85	4	92	23	3	59
89	1	85	5	92	23	2	85
89	1	85	7	92	23	2	52
89	1	86	2	92	23	3	0
89	1	86	9	92	23	3	inf
89	1	86	10	92	23	2	33
89	1	86	17	92	23	2	56
89	1	87	0	92	23	3	30
89	1	87	1	92	23	2	4
89	1	87	3	92	23	2	37
89	1	87	20	92	23	2	37
89	1	87	22	92	23	2	4
89	1	88	6	92	23	2	56
89	1	88	13	92	23	2	33
89	1	88	21	92	23	3	0
89	1	89	16	92	23	2	52
89	1	89	18	92	23	2	85
89	1	89	19	92	23	3	59
89	1	89	20	92	23	2	85
89	1	89	22	92	23	2	52
89	1	90	1	92	23	3	inf
89	1	90	2	92	23	2	33
89	1	90	9	92	23	2	56
89	1	90	17	92	23	3	0
89	1	91	12	92	23	2	37
89	1	91	14	92	23	2	4
89	1	91	15	92	23	3	30
89	1	91	16	92	23	2	4
89	1	91	18	92	23	2	37
89	2	0	5	92	23	2	56
89	2	0	13	92	23	3	0
89	2	0	20	92	23	3	inf
89	2	0	21	92	23	2	33
89	2	1	8	92	23	2	37
89	2	1	10	92	23	2	4
89	2	1	11	92	23	3	30
89	2	1	12	92	23	2	4
89	2	1	14	92	23	2	37
89	2	2	1	92	23	2	33
89	2	2	9	92	23	3	0
89	2	2	17	92	23	2	56
89	2	3	4	92	23	2	52
89	2	3	6	92	23	2	85
89	2	3	7	92	23	3	59
89	2	3	8	92	23	2	85
89	2	3	10	92	23	2	52
89	2	4	5	92	23	3	0
89	2	4	12	92	23	3	inf
89	2	4	13	92	23	2	33
89	2	4	20	92	23	2	56
89	2	5	0	92	23	2	37
89	2	5	2	92	23	2	4
89	2	5	3	92	23	3	30
89	2	5	4	92	23	2	4
89	2	5	6	92	23	2	37
89	2	6	1	92	23	3	0
89	2	6	9	92	23	2	56
89	2	6	16	92	23	2	33
89	2	7	0	92	23	2	85
89	2	7	2	92	23	2	52
89	2	7	19	92	23	2	52
89	2	7	21	92	23	2	85
89	2	7	22	92	23	3	59
89	2	8	4	92	23	3	inf
89	2	8	5	92	23	2	33
89	2	8	12	92	23	2	56
89	2	8	20	92	23	3	0
89	2	9	15	92	23	2	37
89	2	9	17	92	23	2	4
89	2	9	18	92	23	3	30
89	2	9	19	92	23	2	4
89	2	9	21	92	23	2	37
89	2	10	1	92	23	2	56
89	2	10	8	92	23	2	33
89	2	10	16	92	23	3	0
89	2	11	11	92	23	2	52
89	2	11	13	92	23	2	85
89	2	11	14	92	23	3	59
89	2	11	15	92	23	2	85
89	2	11	17	92	23	2	52
89	2	12	4	92	23	2	56
89	2	12	12	92	23	3	0
89	2	12	19	92	23	3	inf
89	2	12	20	92	23	2	33
89	2	13	7	92	23	2	37
89	2	13	9	92	23	2	4
89	2	13	10	92	23	3	30
89	2	13	11	92	23	2	4
89	2	13	13	92	23	2	37
89	2	14	0	92	23	2	33
89	2	14	8	92	23	3	0
89	2	14	16	92	23	2	56
89	2	15	3	92	23	2	52
89	2	15	5	92	23	2	85
89	2	15	6	92	23	3	59
89	2	15	7	92	23	2	85
89	2	15	9	92	23	2	52
89	2	16	4	92	23	3	0
89	2	16	11	92	23	3	inf
89	2	16	12	92	23	2	33
89	2	16	19	92	23	2	56
89	2	17	1	92	23	2	4
89	2	17	2	92	23	3	30
89	2	17	3	92	23	2	4
89	2	17	5	92	23	2	37
89	2	17	22	92	23	2	37
89	2	18	0	92	23	3	0
89	2	18	8	92	23	2	56
89	2	18	15	92	23	2	33
89	2	19	1	92	23	2	52
89	2	19	18	92	23	2	52
89	2	19	20	92	23	2	85
89	2	19	21	92	23	3	59
89	2	19	22	92	23	2	85
89	2	20	3	92	23	3	inf
89	2	20	4	92	23	2	33
89	2	20	11	92	23	2	56
89	2	20	19	92	23	3	0
89	2	21	14	92	23	2	37
89	2	21	16	92	23	2	4
89	2	21	17	92	23	3	30
89	2	21	18	92	23	2	4
89	2	21	20	92	23	2	37
89	2	22	0	92	23	2	56
89	2	22	7	92	23	2	33
89	2	22	15	92	23	3	0
89	2	23	10	92	23	2	52
89	2	23	12	92	23	2	85
89	2	23	13	92	23	3	59
89	2	23	14	92	23	2	85
89	2	23	16	92	23	2	52
89	2	24	3	92	23	2	56
89	2	24	11	92	23	3	0
89	2	24	18	92	23	3	inf
89	2	24	19	92	23	2	33
89	2	25	6	92	23	2	37
89	2	25	8	92	23	2	4
89	2	25	9	92	23	3	30
89	2	25	10	92	23	2	4
89	2	25	12	92	23	2	37
89	2	26	7	92	23	3	0
89	2	26	15	92	23	2	56
89	2	26	22	92	23	2	33
89	2	27	2	92	23	2	52
89	2	27	4	92	23	2	85
89	2	27	5	92	23	3	59
89	2	27	6	92	23	2	85
89	2	27	8	92	23	2	52
89	2	28	3	92	23	3	0
89	2	28	10	92	23	3	inf
89	2	28	11	92	23	2	33
89	2	28	18	92	23	2	56
89	2	29	0	92	23	2	4
89	2	29	1	92	23	3	30
89	2	29	2	92	23	2	4
89	2	29	4	92	23	2	37
89	2	29	21	92	23	2	37
89	2	30	7	92	23	2	56
89	2	30	14	92	23	2	33
89	2	30	22	92	23	3	0
89	2	31	0	92	23	2	52
89	2	31	17	92	23	2	52
89	2	31	19	92	23	2	85
89	2	31	20	92	23	3	59
89	2	31	21	92	23	2	85
89	2	32	2	92	23	3	inf
89	2	32	3	92	23	2	33
89	2	32	10	92	23	2	56
89	2	32	18	92	23	3	0
89	2	33	13	92	23	2	37
89	2	33	15	92	23	2	4
89	2	33	16	92	23	3	30
89	2	33	17	92	23	2	4
89	2	33	19	92	23	2	37
89	2	34	6	92	23	2	33
89	2	34	14	92	23	3	0
89	2	34	22	92	23	2	56
89	2	35	9	92	23	2	52
89	2	35	11	92	23	2	85
89	2	35	12	92	23	3	59
89	2	35	13	92	23	2	85
89	2	35	15	92	23	2	52
89	2	36	2	92	23	2	56
89	2	36	10	92	23	3	0
89	2	36	17	92	23	3	inf
89	2	36	18	92	23	2	33
89	2	37	5	92	23	2	37
89	2	37	7	92	23	2	4
89	2	37	8	92	23	3	30
89	2	37	9	92	23	2	4
89	2	37	11	92	23	2	37
89	2	38	6	92	23	3	0
89	2	38	14	92	23	2	56
89	2	38	21	92	23	2	33
89	2	39	1	92	23	2	52
89	2	39	3	92	23	2	85
89	2	39	4	92	23	3	59
89	2	39	5	92	23	2	85
89	2	39	7	92	23	2	52
89	2	40	2	92	23	3	0
89	2	40	9	92	23	3	inf
89	2	40	10	92	23	2	33
89	2	40	17	92	23	2	56
89	2	41	0	92	23	3	30
89	2	41	1	92	23	2	4
89	2	41	3	92	23	2	37
89	2	41	20	92	23	2	37
89	2	41	22	92	23	2	4
89	2	42	6	92	23	2	56
89	2	42	13	92	23	2	33
89	2	42	21	92	23	3	0
89	2	43	16	92	23	2	52
89	2	43	18	92	23	2	85
89	2	43	19	92	23	3	59
89	2	43	20	92	23	2	85
89	2	43	22	92	23	2	52
89	2	44	1	92	23	3	inf
89	2	44	2	92	23	2	33
89	2	44	9	92	23	2	56
89	2	44	17	92	23	3	0
89	2	45	12	92	23	2	37
89	2	45	14	92	23	2	4
89	2	45	15	92	23	3	30
89	2	45	16	92	23	2	4
89	2	45	18	92	23	2	37
89	2	46	5	92	23	2	33
89	2	46	13	92	23	3	0
89	2	46	21	92	23	2	56
89	2	47	8	92	23	2	52
89	2	47	10	92	23	2	85
89	2	47	11	92	23	3	59
89	2	47	12	92	23	2	85
89	2	47	14	92	23	2	52
89	2	48	1	92	23	2	56
89	2	48	9	92	23	3	0
89	2	48	16	92	23	3	inf
89	2	48	17	92	23	2	33
89	2	49	4	92	23	2	37
89	2	49	6	92	23	2	4
89	2	49	7	92	23	3	30
89	2	49	8	92	23	2	4
89	2	49	10	92	23	2	37
89	2	50	5	92	23	3	0
89	2	50	13	92	23	2	56
89	2	50	20	92	23	2	33
89	2	51	0	92	23	2	52
89	2	51	2	92	23	2	85
89	2	51	3	92	23	3	59
89	2	51	4	92	23	2	85
89	2	51	6	92	23	2	52
89	2	52	1	92	23	3	0
89	2	52	8	92	23	3	inf
89	2	52	9	92	23	2	33
89	2	52	16	92	23	2	56
89	2	53	0	92	23	2	4
89	2	53	2	92	23	2	37
89	2	53	19	92	23	2	37
89	2	53	21	92	23	2	4
89	2	53	22	92	23	3	30
89	2	54	5	92	23	2	56
89	2	54	12	92	23	2	33
89	2	54	20	92	23	3	0
89	2	55	15	92	23	2	52
89	2	55	17	92	23	2	85
89	2	55	18	92	23	3	59
89	2	55	19	92	23	2	85
89	2	55	21	92	23	2	52
89	2	56	0	92	23	3	inf
89	2	56	1	92	23	2	33
89	2	56	8	92	23	2	56
89	2	56	16	92	23	3	0
89	2	57	11	92	23	2	37
89	2	57	13	92	23	2	4
89	2	57	14	92	23	3	30
89	2	57	15	92	23	2	4
89	2	57	17	92	23	2	37
89	2	58	4	92	23	2	33
89	2	58	12	92	23	3	0
89	2	58	20	92	23	2	56
89	2	59	7	92	23	2	52
89	2	59	9	92	23	2	85
89	2	59	10	92	23	3	59
89	2	59	11	92	23	2	85
89	2	59	13	92	23	2	52
89	2	60	0	92	23	2	56
89	2	60	8	92	23	3	0
89	2	60	15	92	23	3	inf
89	2	60	16	92	23	2	33
89	2	61	3	92	23	2	37
89	2	61	5	92	23	2	4
89	2	61	6	92	23	3	30
89	2	61	7	92	23	2	4
89	2	61	9	92	23	2	37
89	2	62	4	92	23	3	0
89	2	62	12	92	23	2	56
89	2	62	19	92	23	2	33
89	2	63	1	92	23	2	85
89	2	63	2	92	23	3	59
89	2	63	3	92	23	2	85
89	2	63	5	92	23	2	52
89	2	63	22	92	23	2	52
89	2	64	0	92	23	3	0
89	2	64	7	92	23	3	inf
89	2	64	8	92	23	2	33
89	2	64	15	92	23	2	56
89	2	65	1	92	23	2	37
89	2	65	18	92	23	2	37
89	2	65	20	92	23	2	4
89	2	65	21	92	23	3	30
89	2	65	22	92	23	2	4
89	2	66	4	92	23	2	56
89	2	66	11	92	23	2	33
89	2	66	19	92	23	3	0
89	2	67	14	92	23	2	52
89	2	67	16	92	23	2	85
89	2	67	17	92	23	3	59
89	2	67	18	92	23	2	85
89	2	67	20	92	23	2	52
89	2	68	0	92	23	2	33
89	2	68	7	92	23	2	56
89	2	68	15	92	23	3	0
89	2	68	22	92	23	3	inf
89	2	69	10	92	23	2	37
89	2	69	12	92	23	2	4
89	2	69	13	92	23	3	30
89	2	69	14	92	23	2	4
89	2	69	16	92	23	2	37
89	2	70	3	92	23	2	33
89	2	70	11	92	23	3	0
89	2	70	19	92	23	2	56
89	2	71	6	92	23	2	52
89	2	71	8	92	23	2	85
89	2	71	9	92	23	3	59
89	2	71	10	92	23	2	85
89	2	71	12	92	23	2	52
89	2	72	7	92	23	3	0
89	2	72	14	92	23	3	inf
89	2	72	15	92	23	2	33
89	2	72	22	92	23	2	56
89	2	73	2	92	23	2	37
89	2	73	4	92	23	2	4
89	2	73	5	92	23	3	30
89	2	73	6	92	23	2	4
89	2	73	8	92	23	2	37
89	2	74	3	92	23	3	0
89	2	74	11	92	23	2	56
89	2	74	18	92	23	2	33
89	2	75	0	92	23	2	85
89	2	75	1	92	23	3	59
89	2	75	2	92	23	2	85
89	2	75	4	92	23	2	52
89	2	75	21	92	23	2	52
89	2	76	6	92	23	3	inf
89	2	76	7	92	23	2	33
89	2	76	14	92	23	2	56
89	2	76	22	92	23	3	0
89	2	77	0	92	23	2	37
89	2	77	17	92	23	2	37
89	2	77	19	92	23	2	4
89	2	77	20	92	23	3	30
89	2	77	21	92	23	2	4
89	2	78	3	92	23	2	56
89	2	78	10	92	23	2	33
89	2	78	18	92	23	3	0
89	2	79	13	92	23	2	52
89	2	79	15	92	23	2	85
89	2	79	16	92	23	3	59
89	2	79	17	92	23	2	85
89	2	79	19	92	23	2	52
89	2	80	6	92	23	2	56
89	2	80	14	92	23	3	0
89	2	80	21	92	23	3	inf
89	2	80	22	92	23	2	33
89	2	81	9	92	23	2	37
89	2	81	11	92	23	2	4
89	2	81	12	92	23	3	30
89	2	81	13	92	23	2	4
89	2	81	15	92	23	2	37
89	2	82	2	92	23	2	33
89	2	82	10	92	23	3	0
89	2	82	18	92	23	2	56
89	2	83	5	92	23	2	52
89	2	83	7	92	23	2	85
89	2	83	8	92	23	3	59
89	2	83	9	92	23	2	85
89	2	83	11	92	23	2	52
89	2	84	6	92	23	3	0
89	2	84	13	92	23	3	inf
89	2	84	14	92	23	2	33
89	2	84	21	92	23	2	56
89	2	85	1	92	23	2	37
89	2	85	3	92	23	2	4
89	2	85	4	92	23	3	30
89	2	85	5	92	23	2	4
89	2	85	7	92	23	2	37
89	2	86	2	92	23	3	0
89	2	86	10	92	23	2	56
89	2	86	17	92	23	2	33
89	2	87	0	92	23	3	59
89	2	87	1	92	23	2	85
89	2	87	3	92	23	2	52
89	2	87	20	92	23	2	52
89	2	87	22	92	23	2	85
89	2	88	5	92	23	3	inf
89	2	88	6	92	23	2	33
89	2	88	13	92	23	2	56
89	2	88	21	92	23	3	0
89	2	89	16	92	23	2	37
89	2	89	18	92	23	2	4
89	2	89	19	92	23	3	30
89	2	89	20	92	23	2	4
89	2	89	22	92	23	2	37
89	2	90	2	92	23	2	56
89	2	90	9	92	23	2	33
89	2	90	17	92	23	3	0
89	2	91	12	92	23	2	52
89	2	91	14	92	23	2	85
89	2	91	15	92	23	3	59
89	2	91	16	92	23	2	85
89	2	91	18	92	23	2	52
97	1	0	13	80	40	3	inf
97	1	0	33	80	40	3	inf
97	1	0	34	80	40	3	inf
97	1	1	1	80	40	2	74
97	1	1	3	80	40	2	53
97	1	1	6	80	40	2	88
97	1	1	13	80	40	2	9
97	1	1	16	80	40	2	44
97	1	1	18	80	40	2	23
97	1	1	21	80	40	2	23
97	1	1	23	80	40	2	44
97	1	1	26	80	40	2	9
97	1	1	33	80	40	2	88
97	1	1	36	80	40	2	53
97	1	1	38	80	40	2	74
97	1	2	6	80	40	3	inf
97	1	2	26	80	40	3	inf
97	1	2	27	80	40	3	inf
97	1	3	6	80	40	2	9
97	1	3	9	80	40	2	44
97	1	3	11	80	40	2	23
97	1	3	14	80	40	2	23
97	1	3	16	80	40	2	44
97	1	3	19	80	40	2	9
97	1	3	26	80	40	2	88
97	1	3	29	80	40	2	53
97	1	3	31	80	40	2	74
97	1	3	34	80	40	2	74
97	1	3	36	80	40	2	53
97	1	3	39	80	40	2	88
97	1	4	19	80	40	3	inf
97	1	4	20	80	40	3	inf
97	1	4	39	80	40	3	inf
97	1	5	2	80	40	2	44
97	1	5	4	80	40	2	23
97	1	5	7	80	40	2	23
97	1	5	9	80	40	2	44
97	1	5	12	80	40	2	9
97	1	5	19	80	40	2	88
97	1	5	22	80	40	2	53
97	1	5	24	80	40	2	74
97	1	5	27	80	40	2	74
97	1	5	29	80	40	2	53
97	1	5	32	80	40	2	88
97	1	5	39	80	40	2	9
97	1	6	12	80	40	3	inf
97	1	6	13	80	40	3	inf
97	1	6	32	80	40	3	inf
97	1	7	0	80	40	2	23
97	1	7	2	80	40	2	44
97	1	7	5	80	40	2	9
97	1	7	12	80	40	2	88
97	1	7	15	80	40	2	53
97	1	7	17	80	40	2	74
97	1	7	20	80	40	2	74
97	1	7	22	80	40	2	53
97	1	7	25	80	40	2	88
97	1	7	32	80	40	2	9
97	1	7	35	80	40	2	44
97	1	7	37	80	40	2	23
97	1	8	5	80	40	3	inf
97	1	8	6	80	40	3	inf
97	1	8	25	80	40	3	inf
97	1	9	5	80	40	2	88
97	1	9	8	80	40	2	53
97	1	9	10	80	40	2	74
97	1	9	13	80	40	2	74
97	1	9	15	80	40	2	53
97	1	9	18	80	40	2	88
97	1	9	25	80	40	2	9
97	1	9	28	80	40	2	44
97	1	9	30	80	40	2	23
97	1	9	33	80	40	2	23
97	1	9	35	80	40	2	44
97	1	9	38	80	40	2	9
97	1	10	18	80	40	3	inf
97	1	10	38	80	40	3	inf
97	1	10	39	80	40	3	inf
97	1	11	1	80	40	2	53
97	1	11	3	80	40	2	74
97	1	11	6	80	40	2	74
97	1	11	8	80	40	2	53
97	1	11	11	80	40	2	88
97	1	11	18	80	40	2	9
97	1	11	21	80	40	2	44
97	1	11	23	80	40	2	23
97	1	11	26	80	40	2	23
97	1	11	28	80	40	2	44
97	1	11	31	80	40	2	9
97	1	11	38	80	40	2	88
97	1	12	11	80	40	3	inf
97	1	12	31	80	40	3	inf
97	1	12	32	80	40	3	inf
97	1	13	1	80	40	2	53
97	1	13	4	80	40	2	88
97	1	13	11	80	40	2	9
97	1	13	14	80	40	2	44
97	1	13	16	80	40	2	23
97	1	13	19	80	40	2	23
97	1	13	21	80	40	2	44
97	1	13	24	80	40	2	9
97	1	13	31	80	40	2	88
97	1	13	34	80	40	2	53
97	1	13	36	80	40	2	74
97	1	13	39	80	40	2	74
97	1	14	4	80	40	3	inf
97	1	14	24	80	40	3	inf
97	1	14	25	80	40	3	inf
97	1	15	4	80	40	2	9
97	1	15	7	80	40	2	44
97	1	15	9	80	40	2	23
97	1	15	12	80	40	2	23
97	1	15	14	80	40	2	44
97	1	15	17	80	40	2	9
97	1	15	24	80	40	2	88
97	1	15	27	80	40	2	53
97	1	15	29	80	40	2	74
97	1	15	32	80	40	2	74
97	1	15	34	80	40	2	53
97	1	15	37	80	40	2	88
97	1	16	17	80	40	3	inf
97	1	16	18	80	40	3	inf
97	1	16	37	80	40	3	inf
97	1	17	0	80	40	2	44
97	1	17	2	80	40	2	23
97	1	17	5	80	40	2	23
97	1	17	7	80	40	2	44
97	1	17	10	80	40	2	9
97	1	17	17	80	40	2	88
97	1	17	20	80	40	2	53
97	1	17	22	80	40	2	74
97	1	17	25	80	40	2	74
97	1	17	27	80	40	2	53
97	1	17	30	80	40	2	88
97	1	17	37	80	40	2	9
97	1	18	10	80	40	3	inf
97	1	18	11	80	40	3	inf
97	1	18	30	80	40	3	inf
97	1	19	0	80	40	2	44
97	1	19	3	80	40	2	9
97	1	19	10	80	40	2	88
97	1	19	13	80	40	2	53
97	1	19	15	80	40	2	74
97	1	19	18	80	40	2	74
97	1	19	20	80	40	2	53
97	1	19	23	80	40	2	88
97	1	19	30	80	40	2	9
97	1	19	33	80	40	2	44
97	1	19	35	80	40	2	23
97	1	19	38	80	40	2	23
97	1	20	3	80	40	3	inf
97	1	20	4	80	40	3	inf
97	1	20	23	80	40	3	inf
97	1	21	3	80	40	2	88
97	1	21	6	80	40	2	53
97	1	21	8	80	40	2	74
97	1	21	11	80	40	2	74
97	1	21	13	80	40	2	53
97	1	21	16	80	40	2	88
97	1	21	23	80	40	2	9
97	1	21	26	80	40	2	44
97	1	21	28	80	40	2	23
97	1	21	31	80	40	2	23
97	1	21	33	80	40	2	44
97	1	21	36	80	40	2	9
97	1	22	16	80	40	3	inf
97	1	22	36	80	40	3	inf
97	1	22	37	80	40	3	inf
97	1	23	1	80	40	2	74
97	1	23	4	80	40	2	74
97	1	23	6	80	40	2	53
97	1	23	9	80	40	2	88
97	1	23	16	80	40	2	9
97	1	23	19	80	40	2	44
97	1	23	21	80	40	2	23
97	1	23	24	80	40	2	23
97	1	23	26	80	40	2	44
97	1	23	29	80	40	2	9
97	1	23	36	80	40	2	88
97	1	23	39	80	40	2	53
97	1	24	9	80	40	3	inf
97	1	24	29	80	40	3	inf
97	1	24	30	80	40	3	inf
97	1	25	2	80	40	2	88
97	1	25	9	80	40	2	9
97	1	25	12	80	40	2	44
97	1	25	14	80	40	2	23
97	1	25	17	80	40	2	23
97	1	25	19	80	40	2	44
97	1	25	22	80	40	2	9
97	1	25	29	80	40	2	88
97	1	25	32	80	40	2	53
97	1	25	34	80	40	2	74
97	1	25	37	80	40	2	74
97	1	25	39	80	40	2	53
97	1	26	2	80	40	3	inf
97	1	26	22	80	40	3	inf
97	1	26	23	80	40	3	inf
97	1	27	2	80	40	2	9
97	1	27	5	80	40	2	44
97	1	27	7	80	40	2	23
97	1	27	10	80	40	2	23
97	1	27	12	80	40	2	44
97	1	27	15	80	40	2	9
97	1	27	22	80	40	2	88
97	1	27	25	80	40	2	53
97	1	27	27	80	40	2	74
97	1	27	30	80	40	2	74
97	1	27	32	80	40	2	53
97	1	27	35	80	40	2	88
97	1	28	15	80	40	3	inf
97	1	28	16	80	40	3	inf
97	1	28	35	80	40	3	inf
97	1	29	0	80	40	2	23
97	1	29	3	80	40	2	23
97	1	29	5	80	40	2	44
97	1	29	8	80	40	2	9
97	1	29	15	80	40	2	88
97	1	29	18	80	40	2	53
97	1	29	20	80	40	2	74
97	1	29	23	80	40	2	74
97	1	29	25	80	40	2	53
97	1	29	28	80	40	2	88
97	1	29	35	80	40	2	9
97	1	29	38	80	40	2	44
97	1	30	8	80	40	3	inf
97	1	30	9	80	40	3	inf
97	1	30	28	80	40	3	inf
97	1	31	1	80	40	2	9
97	1	31	8	80	40	2	88
97	1	31	11	80	40	2	53
97	1	31	13	80	40	2	74
97	1	31	16	80	40	2	74
97	1	31	18	80	40	2	53
97	1	31	21	80	40	2	88
97	1	31	28	80	40	2	9
97	1	31	31	80	40	2	44
97	1	31	33	80	40	2	23
97	1	31	36	80	40	2	23
97	1	31	38	80	40	2	44
97	1	32	1	80	40	3	inf
97	1	32	2	80	40	3	inf
97	1	32	21	80	40	3	inf
97	1	33	1	80	40	2	88
97	1	33	4	80	40	2	53
97	1	33	6	80	40	2	74
97	1	33	9	80	40	2	74
97	1	33	11	80	40	2	53
97	1	33	14	80	40	2	88
97	1	33	21	80	40	2	9
97	1	33	24	80	40	2	44
97	1	33	26	80	40	2	23
97	1	33	29	80	40	2	23
97	1	33	31	80	40	2	44
97	1	33	34	80	40	2	9
97	1	34	14	80	40	3	inf
97	1	34	34	80	40	3	inf
97	1	34	35	80	40	3	inf
97	1	35	2	80	40	2	74
97	1	35	4	80	40	2	53
97	1	35	7	80	40	2	88
97	1	35	14	80	40	2	9
97	1	35	17	80	40	2	44
97	1	35	19	80	40	2	23
97	1	35	22	80	40	2	23
97	1	35	24	80	40	2	44
97	1	35	27	80	40	2	9
97	1	35	34	80	40	2	88
97	1	35	37	80	40	2	53
97	1	35	39	80	40	2	74
97	1	36	7	80	40	3	inf
97	1	36	27	80	40	3	inf
97	1	36	28	80	40	3	inf
97	1	37	0	80	40	2	88
97	1	37	7	80	40	2	9
97	1	37	10	80	40	2	44
97	1	37	12	80	40	2	23
97	1	37	15	80	40	2	23
97	1	37	17	80	40	2	44
97	1	37	20	80	40	2	9
97	1	37	27	80	40	2	88
97	1	37	30	80	40	2	53
97	1	37	32	80	40	2	74
97	1	37	35	80	40	2	74
97	1	37	37	80	40	2	53
97	1	38	0	80	40	3	inf
97	1	38	20	80	40	3	inf
97	1	38	21	80	40	3	inf
97	1	39	0	80	40	2	9
97	1	39	3	80	40	2	44
97	1	39	5	80	40	2	23
97	1	39	8	80	40	2	23
97	1	39	10	80	40	2	44
97	1	39	13	80	40	2	9
97	1	39	20	80	40	2	88
97	1	39	23	80	40	2	53
97	1	39	25	80	40	2	74
97	1	39	28	80	40	2	74
97	1	39	30	80	40	2	53
97	1	39	33	80	40	2	88
97	1	40	13	80	40	3	inf
97	1	40	14	80	40	3	inf
97	1	40	33	80	40	3	inf
97	1	41	1	80	40	2	23
97	1	41	3	80	40	2	44
97	1	41	6	80	40	2	9
97	1	41	13	80	40	2	88
97	1	41	16	80	40	2	53
97	1	41	18	80	40	2	74
97	1	41	21	80	40	2	74
97	1	41	23	80	40	2	53
97	1	41	26	80	40	2	88
97	1	41	33	80	40	2	9
97	1	41	36	80	40	2	44
97	1	41	38	80	40	2	23
97	1	42	6	80	40	3	inf
97	1	42	7	80	40	3	inf
97	1	42	26	80	40	3	inf
97	1	43	6	80	40	2	88
97	1	43	9	80	40	2	53
97	1	43	11	80	40	2	74
97	1	43	14	80	40	2	74
97	1	43	16	80	40	2	53
97	1	43	19	80	40	2	88
97	1	43	26	80	40	2	9
97	1	43	29	80	40	2	44
97	1	43	31	80	40	2	23
97	1	43	34	80	40	2	23
97	1	43	36	80	40	2	44
97	1	43	39	80	40	2	9
97	1	44	0	80	40	3	inf
97	1	44	19	80	40	3	inf
97	1	44	39	80	40	3	inf
97	1	45	2	80	40	2	53
97	1	45	4	80	40	2	74
97	1	45	7	80	40	2	74
97	1	45	9	80	40	2	53
97	1	45	12	80	40	2	88
97	1	45	19	80	40	2	9
97	1	45	22	80	40	2	44
97	1	45	24	80	40	2	23
97	1	45	27	80	40	2	23
97	1	45	29	80	40	2	44
97	1	45	32	80	40	2	9
97	1	45	39	80	40	2	88
97	1	46	12	80	40	3	inf
97	1	46	32	80	40	3	inf
97	1	46	33	80	40	3	inf
97	1	47	0	80	40	2	74
97	1	47	2	80	40	2	53
97	1	47	5	80	40	2	88
97	1	47	12	80	40	2	9
97	1	47	15	80	40	2	44
97	1	47	17	80	40	2	23
97	1	47	20	80	40	2	23
97	1	47	22	80	40	2	44
97	1	47	25	80	40	2	9
97	1	47	32	80	40	2	88
97	1	47	35	80	40	2	53
97	1	47	37	80	40	2	74
97	1	48	5	80	40	3	inf
97	1	48	25	80	40	3	inf
97	1	48	26	80	40	3	inf
97	1	49	5	80	40	2	9
97	1	49	8	80	40	2	44
97	1	49	10	80	40	2	23
97	1	49	13	80	40	2	23
97	1	49	15	80	40	2	44
97	1	49	18	80	40	2	9
97	1	49	25	80	40	2	88
97	1	49	28	80	40	2	53
97	1	49	30	80	40	2	74
97	1	49	33	80	40	2	74
97	1	49	35	80	40	2	53
97	1	49	38	80	40	2	88
97	1	50	18	80	40	3	inf
97	1	50	19	80	40	3	inf
97	1	50	38	80	40	3	inf
97	1	51	1	80	40	2	44
97	1	51	3	80	40	2	23
97	1	51	6	80	40	2	23
97	1	51	8	80	40	2	44
97	1	51	11	80	40	2	9
97	1	51	18	80	40	2	88
97	1	51	21	80	40	2	53
97	1	51	23	80	40	2	74
97	1	51	26	80	40	2	74
97	1	51	28	80	40	2	53
97	1	51	31	80	40	2	88
97	1	51	38	80	40	2	9
97	1	52	11	80	40	3	inf
97	1	52	12	80	40	3	inf
97	1	52	31	80	40	3	inf
97	1	53	1	80	40	2	44
97	1	53	4	80	40	2	9
97	1	53	11	80	40	2	88
97	1	53	14	80	40	2	53
97	1	53	16	80	40	2	74
97	1	53	19	80	40	2	74
97	1	53	21	80	40	2	53
97	1	53	24	80	40	2	88
97	1	53	31	80	40	2	9
97	1	53	34	80	40	2	44
97	1	53	36	80	40	2	23
97	1	53	39	80	40	2	23
97	1	54	4	80	40	3	inf
97	1	54	5	80	40	3	inf
97	1	54	24	80	40	3	inf
97	1	55	4	80	40	2	88
97	1	55	7	80	40	2	53
97	1	55	9	80	40	2	74
97	1	55	12	80	40	2	74
97	1	55	14	80	40	2	53
97	1	55	17	80	40	2	88
97	1	55	24	80	40	2	9
97	1	55	27	80	40	2	44
97	1	55	29	80	40	2	23
97	1	55	32	80	40	2	23
97	1	55	34	80	40	2	44
97	1	55	37	80	40	2	9
97	1	56	17	80	40	3	inf
97	1	56	37	80	40	3	inf
97	1	56	38	80	40	3	inf
97	1	57	0	80	40	2	53
97	1	57	2	80	40	2	74
97	1	57	5	80	40	2	74
97	1	57	7	80	40	2	53
97	1	57	10	80	40	2	88
97	1	57	17	80	40	2	9
97	1	57	20	80	40	2	44
97	1	57	22	80	40	2	23
97	1	57	25	80	40	2	23
97	1	57	27	80	40	2	44
97	1	57	30	80	40	2	9
97	1	57	37	80	40	2	88
97	1	58	10	80	40	3	inf
97	1	58	30	80	40	3	inf
97	1	58	31	80	40	3	inf
97	1	59	0	80	40	2	53
97	1	59	3	80	40	2	88
97	1	59	10	80	40	2	9
97	1	59	13	80	40	2	44
97	1	59	15	80	40	2	23
97	1	59	18	80	40	2	23
97	1	59	20	80	40	2	44
97	1	59	23	80	40	2	9
97	1	59	30	80	40	2	88
97	1	59	33	80	40	2	53
97	1	59	35	80	40	2	74
97	1	59	38	80	40	2	74
97	1	60	3	80	40	3	inf
97	1	60	23	80	40	3	inf
97	1	60	24	80	40	3	inf
97	1	61	3	80	40	2	9
97	1	61	6	80	40	2	44
97	1	61	8	80	40	2	23
97	1	61	11	80	40	2	23
97	1	61	13	80	40	2	44
97	1	61	16	80	40	2	9
97	1	61	23	80	40	2	88
97	1	61	26	80	40	2	53
97	1	61	28	80	40	2	74
97	1	61	31	80	40	2	74
97	1	61	33	80	40	2	53
97	1	61	36	80	40	2	88
97	1	62	16	80	40	3	inf
97	1	62	17	80	40	3	inf
97	1	62	36	80	40	3	inf
97	1	63	1	80	40	2	23
97	1	63	4	80	40	2	23
97	1	63	6	80	40	2	44
97	1	63	9	80	40	2	9
97	1	63	16	80	40	2	88
97	1	63	19	80	40	2	53
97	1	63	21	80	40	2	74
97	1	63	24	80	40	2	74
97	1	63	26	80	40	2	53
97	1	63	29	80	40	2	88
97	1	63	36	80	40	2	9
97	1	63	39	80	40	2	44
97	1	64	9	80	40	3	inf
97	1	64	10	80	40	3	inf
97	1	64	29	80	40	3	inf
97	1	65	2	80	40	2	9
97	1	65	9	80	40	2	88
97	1	65	12	80	40	2	53
97	1	65	14	80	40	2	74
97	1	65	17	80	40	2	74
97	1	65	19	80	40	2	53
97	1	65	22	80	40	2	88
97	1	65	29	80	40	2	9
97	1	65	32	80	40	2	44
97	1	65	34	80	40	2	23
97	1	65	37	80	40	2	23
97	1	65	39	80	40	2	44
97	1	66	2	80	40	3	inf
97	1	66	3	80	40	3	inf
97	1	66	22	80	40	3	inf
97	1	67	2	80	40	2	88
97	1	67	5	80	40	2	53
97	1	67	7	80	40	2	74
97	1	67	10	80	40	2	74
97	1	67	12	80	40	2	53
97	1	67	15	80	40	2	88
97	1	67	22	80	40	2	9
97	1	67	25	80	40	2	44
97	1	67	27	80	40	2	23
97	1	67	30	80	40	2	23
97	1	67	32	80	40	2	44
97	1	67	35	80	40	2	9
97	1	68	15	80	40	3	inf
97	1	68	35	80	40	3	inf
97	1	68	36	80	40	3	inf
97	1	69	0	80	40	2	74
97	1	69	3	80	40	2	74
97	1	69	5	80	40	2	53
97	1	69	8	80	40	2	88
97	1	69	15	80	40	2	9
97	1	69	18	80	40	2	44
97	1	69	20	80	40	2	23
97	1	69	23	80	40	2	23
97	1	69	25	80	40	2	44
97	1	69	28	80	40	2	9
97	1	69	35	80	40	2	88
97	1	69	38	80	40	2	53
97	1	70	8	80	40	3	inf
97	1	70	28	80	40	3	inf
97	1	70	29	80	40	3	inf
97	1	71	1	80	40	2	88
97	1	71	8	80	40	2	9
97	1	71	11	80	40	2	44
97	1	71	13	80	40	2	23
97	1	71	16	80	40	2	23
97	1	71	18	80	40	2	44
97	1	71	21	80	40	2	9
97	1	71	28	80	40	2	88
97	1	71	31	80	40	2	53
97	1	71	33	80	40	2	74
97	1	71	36	80	40	2	74
97	1	71	38	80	40	2	53
97	1	72	1	80	40	3	inf
97	1	72	21	80	40	3	inf
97	1	72	22	80	40	3	inf
97	1	73	1	80	40	2	9
97	1	73	4	80	40	2	44
97	1	73	6	80	40	2	23
97	1	73	9	80	40	2	23
97	1	73	11	80	40	2	44
97	1	73	14	80	40	2	9
97	1	73	21	80	40	2	88
97	1	73	24	80	40	2	53
97	1	73	26	80	40	2	74
97	1	73	29	80	40	2	74
97	1	73	31	80	40	2	53
97	1	73	34	80	40	2	88
97	1	74	14	80	40	3	inf
97	1	74	15	80	40	3	inf
97	1	74	34	80	40	3	inf
97	1	75	2	80	40	2	23
97	1	75	4	80	40	2	44
97	1	75	7	80	40	2	9
97	1	75	14	80	40	2	88
97	1	75	17	80	40	2	53
97	1	75	19	80	40	2	74
97	1	75	22	80	40	2	74
97	1	75	24	80	40	2	53
97	1	75	27	80	40	2	88
97	1	75	34	80	40	2	9
97	1	75	37	80	40	2	44
97	1	75	39	80	40	2	23
97	1	76	7	80	40	3	inf
97	1	76	8	80	40	3	inf
97	1	76	27	80	40	3	inf
97	1	77	0	80	40	2	9
97	1	77	7	80	40	2	88
97	1	77	10	80	40	2	53
97	1	77	12	80	40	2	74
97	1	77	15	80	40	2	74
97	1	77	17	80	40	2	53
97	1	77	20	80	40	2	88
97	1	77	27	80	40	2	9
97	1	77	30	80	40	2	44
97	1	77	32	80	40	2	23
97	1	77	35	80	40	2	23
97	1	77	37	80	40	2	44
97	1	78	0	80	40	3	inf
97	1	78	1	80	40	3	inf
97	1	78	20	80	40	3	inf
97	1	79	0	80	40	2	88
97	1	79	3	80	40	2	53
97	1	79	5	80	40	2	74
97	1	79	8	80	40	2	74
97	1	79	10	80	40	2	53
97	1	79	13	80	40	2	88
97	1	79	20	80	40	2	9
97	1	79	23	80	40	2	44
97	1	79	25	80	40	2	23
97	1	79	28	80	40	2	23
97	1	79	30	80	40	2	44
97	1	79	33	80	40	2	9
97	2	0	13	80	40	3	inf
97	2	0	14	80	40	3	inf
97	2	0	33	80	40	3	inf
97	2	1	1	80	40	2	23
97	2	1	3	80	40	2	44
97	2	1	6	80	40	2	9
97	2	1	13	80	40	2	88
97	2	1	16	80	40	2	53
97	2	1	18	80	40	2	74
97	2	1	21	80	40	2	74
97	2	1	23	80	40	2	53
97	2	1	26	80	40	2	88
97	2	1	33	80	40	2	9
97	2	1	36	80	40	2	44
97	2	1	38	80	40	2	23
97	2	2	6	80	40	3	inf
97	2	2	7	80	40	3	inf
97	2	2	26	80	40	3	inf
97	2	3	6	80	40	2	88
97	2	3	9	80	40	2	53
97	2	3	11	80	40	2	74
97	2	3	14	80	40	2	74
97	2	3	16	80	40	2	53
97	2	3	19	80	40	2	88
97	2	3	26	80	40	2	9
97	2	3	29	80	40	2	44
97	2	3	31	80	40	2	23
97	2	3	34	80	40	2	23
97	2	3	36	80	40	2	44
97	2	3	39	80	40	2	9
97	2	4	0	80	40	3	inf
97	2	4	19	80	40	3	inf
97	2	4	39	80	40	3	inf
97	2	5	2	80	40	2	53
97	2	5	4	80	40	2	74
97	2	5	7	80	40	2	74
97	2	5	9	80	40	2	53
97	2	5	12	80	40	2	88
97	2	5	19	80	40	2	9
97	2	5	22	80	40	2	44
97	2	5	24	80	40	2	23
97	2	5	27	80	40	2	23
97	2	5	29	80	40	2	44
97	2	5	32	80	40	2	9
97	2	5	39	80	40	2	88
97	2	6	12	80	40	3	inf
97	2	6	32	80	40	3	inf
97	2	6	33	80	40	3	inf
97	2	7	0	80	40	2	74
97	2	7	2	80	40	2	53
97	2	7	5	80	40	2	88
97	2	7	12	80	40	2	9
97	2	7	15	80	40	2	44
97	2	7	17	80	40	2	23
97	2	7	20	80	40	2	23
97	2	7	22	80	40	2	44
97	2	7	25	80	40	2	9
97	2	7	32	80	40	2	88
97	2	7	35	80	40	2	53
97	2	7	37	80	40	2	74
97	2	8	5	80	40	3	inf
97	2	8	25	80	40	3	inf
97	2	8	26	80	40	3	inf
97	2	9	5	80	40	2	9
97	2	9	8	80	40	2	44
97	2	9	10	80	40	2	23
97	2	9	13	80	40	2	23
97	2	9	15	80	40	2	44
97	2	9	18	80	40	2	9
97	2	9	25	80	40	2	88
97	2	9	28	80	40	2	53
97	2	9	30	80	40	2	74
97	2	9	33	80	40	2	74
97	2	9	35	80	40	2	53
97	2	9	38	80	40	2	88
97	2	10	18	80	40	3	inf
97	2	10	19	80	40	3	inf
97	2	10	38	80	40	3	inf
97	2	11	1	80	40	2	44
97	2	11	3	80	40	2	23
97	2	11	6	80	40	2	23
97	2	11	8	80	40	2	44
97	2	11	11	80	40	2	9
97	2	11	18	80	40	2	88
97	2	11	21	80	40	2	53
97	2	11	23	80	40	2	74
97	2	11	26	80	40	2	74
97	2	11	28	80	40	2	53
97	2	11	31	80	40	2	88
97	2	11	38	80	40	2	9
97	2	12	11	80	40	3	inf
97	2	12	12	80	40	3	inf
97	2	12	31	80	40	3	inf
97	2	13	1	80	40	2	44
97	2	13	4	80	40	2	9
97	2	13	11	80	40	2	88
97	2	13	14	80	40	2	53
97	2	13	16	80	40	2	74
97	2	13	19	80	40	2	74
97	2	13	21	80	40	2	53
97	2	13	24	80	40	2	88
97	2	13	31	80	40	2	9
97	2	13	34	80	40	2	44
97	2	13	36	80	40	2	23
97	2	13	39	80	40	2	23
97	2	14	4	80	40	3	inf
97	2	14	5	80	40	3	inf
97	2	14	24	80	40	3	inf
97	2	15	4	80	40	2	88
97	2	15	7	80	40	2	53
97	2	15	9	80	40	2	74
97	2	15	12	80	40	2	74
97	2	15	14	80	40	2	53
97	2	15	17	80	40	2	88
97	2	15	24	80	40	2	9
97	2	15	27	80	40	2	44
97	2	15	29	80	40	2	23
97	2	15	32	80	40	2	23
97	2	15	34	80	40	2	44
97	2	15	37	80	40	2	9
97	2	16	17	80	40	3	inf
97	2	16	37	80	40	3	inf
97	2	16	38	80	40	3	inf
97	2	17	0	80	40	2	53
97	2	17	2	80	40	2	74
97	2	17	5	80	40	2	74
97	2	17	7	80	40	2	53
97	2	17	10	80	40	2	88
97	2	17	17	80	40	2	9
97	2	17	20	80	40	2	44
97	2	17	22	80	40	2	23
97	2	17	25	80	40	2	23
97	2	17	27	80	40	2	44
97	2	17	30	80	40	2	9
97	2	17	37	80	40	2	88
97	2	18	10	80	40	3	inf
97	2	18	30	80	40	3	inf
97	2	18	31	80	40	3	inf
97	2	19	0	80	40	2	53
97	2	19	3	80	40	2	88
97	2	19	10	80	40	2	9
97	2	19	13	80	40	2	44
97	2	19	15	80	40	2	23
97	2	19	18	80	40	2	23
97	2	19	20	80	40	2	44
97	2	19	23	80	40	2	9
97	2	19	30	80	40	2	88
97	2	19	33	80	40	2	53
97	2	19	35	80	40	2	74
97	2	19	38	80	40	2	74
97	2	20	3	80	40	3	inf
97	2	20	23	80	40	3	inf
97	2	20	24	80	40	3	inf
97	2	21	3	80	40	2	9
97	2	21	6	80	40	2	44
97	2	21	8	80	40	2	23
97	2	21	11	80	40	2	23
97	2	21	13	80	40	2	44
97	2	21	16	80	40	2	9
97	2	21	23	80	40	2	88
97	2	21	26	80	40	2	53
97	2	21	28	80	40	2	74
97	2	21	31	80	40	2	74
97	2	21	33	80	40	2	53
97	2	21	36	80	40	2	88
97	2	22	16	80	40	3	inf
97	2	22	17	80	40	3	inf
97	2	22	36	80	40	3	inf
97	2	23	1	80	40	2	23
97	2	23	4	80	40	2	23
97	2	23	6	80	40	2	44
97	2	23	9	80	40	2	9
97	2	23	16	80	40	2	88
97	2	23	19	80	40	2	53
97	2	23	21	80	40	2	74
97	2	23	24	80	40	2	74
97	2	23	26	80	40	2	53
97	2	23	29	80	40	2	88
97	2	23	36	80	40	2	9
97	2	23	39	80	40	2	44
97	2	24	9	80	40	3	inf
97	2	24	10	80	40	3	inf
97	2	24	29	80	40	3	inf
97	2	25	2	80	40	2	9
97	2	25	9	80	40	2	88
97	2	25	12	80	40	2	53
97	2	25	14	80	40	2	74
97	2	25	17	80	40	2	74
97	2	25	19	80	40	2	53
97	2	25	22	80	40	2	88
97	2	25	29	80	40	2	9
97	2	25	32	80	40	2	44
97	2	25	34	80	40	2	23
97	2	25	37	80	40	2	23
97	2	25	39	80	40	2	44
97	2	26	2	80	40	3	inf
97	2	26	3	80	40	3	inf
97	2	26	22	80	40	3	inf
97	2	27	2	80	40	2	88
97	2	27	5	80	40	2	53
97	2	27	7	80	40	2	74
97	2	27	10	80	40	2	74
97	2	27	12	80	40	2	53
97	2	27	15	80	40	2	88
97	2	27	22	80	40	2	9
97	2	27	25	80	40	2	44
97	2	27	27	80	40	2	23
97	2	27	30	80	40	2	23
97	2	27	32	80	40	2	44
97	2	27	35	80	40	2	9
97	2	28	15	80	40	3	inf
97	2	28	35	80	40	3	inf
97	2	28	36	80	40	3	inf
97	2	29	0	80	40	2	74
97	2	29	3	80	40	2	74
97	2	29	5	80	40	2	53
97	2	29	8	80	40	2	88
97	2	29	15	80	40	2	9
97	2	29	18	80	40	2	44
97	2	29	20	80	40	2	23
97	2	29	23	80	40	2	23
97	2	29	25	80	40	2	44
97	2	29	28	80	40	2	9
97	2	29	35	80	40	2	88
97	2	29	38	80	40	2	53
97	2	30	8	80	40	3	inf
97	2	30	28	80	40	3	inf
97	2	30	29	80	40	3	inf
97	2	31	1	80	40	2	88
97	2	31	8	80	40	2	9
97	2	31	11	80	40	2	44
97	2	31	13	80	40	2	23
97	2	31	16	80	40	2	23
97	2	31	18	80	40	2	44
97	2	31	21	80	40	2	9
97	2	31	28	80	40	2	88
97	2	31	31	80	40	2	53
97	2	31	33	80	40	2	74
97	2	31	36	80	40	2	74
97	2	31	38	80	40	2	53
97	2	32	1	80	40	3	inf
97	2	32	21	80	40	3	inf
97	2	32	22	80	40	3	inf
97	2	33	1	80	40	2	9
97	2	33	4	80	40	2	44
97	2	33	6	80	40	2	23
97	2	33	9	80	40	2	23
97	2	33	11	80	40	2	44
97	2	33	14	80	40	2	9
97	2	33	21	80	40	2	88
97	2	33	24	80	40	2	53
97	2	33	26	80	40	2	74
97	2	33	29	80	40	2	74
97	2	33	31	80	40	2	53
97	2	33	34	80	40	2	88
97	2	34	14	80	40	3	inf
97	2	34	15	80	40	3	inf
97	2	34	34	80	40	3	inf
97	2	35	2	80	40	2	23
97	2	35	4	80	40	2	44
97	2	35	7	80	40	2	9
97	2	35	14	80	40	2	88
97	2	35	17	80	40	2	53
97	2	35	19	80	40	2	74
97	2	35	22	80	40	2	74
97	2	35	24	80	40	2	53
97	2	35	27	80	40	2	88
97	2	35	34	80	40	2	9
97	2	35	37	80	40	2	44
97	2	35	39	80	40	2	23
97	2	36	7	80	40	3	inf
97	2	36	8	80	40	3	inf
97	2	36	27	80	40	3	inf
97	2	37	0	80	40	2	9
97	2	37	7	80	40	2	88
97	2	37	10	80	40	2	53
97	2	37	12	80	40	2	74
97	2	37	15	80	40	2	74
97	2	37	17	80	40	2	53
97	2	37	20	80	40	2	88
97	2	37	27	80	40	2	9
97	2	37	30	80	40	2	44
97	2	37	32	80	40	2	23
97	2	37	35	80	40	2	23
97	2	37	37	80	40	2	44
97	2	38	0	80	40	3	inf
97	2	38	1	80	40	3	inf
97	2	38	20	80	40	3	inf
97	2	39	0	80	40	2	88
97	2	39	3	80	40	2	53
97	2	39	5	80	40	2	74
97	2	39	8	80	40	2	74
97	2	39	10	80	40	2	53
97	2	39	13	80	40	2	88
97	2	39	20	80	40	2	9
97	2	39	23	80	40	2	44
97	2	39	25	80	40	2	23
97	2	39	28	80	40	2	23
97	2	39	30	80	40	2	44
97	2	39	33	80	40	2	9
97	2	40	13	80	40	3	inf
97	2	40	33	80	40	3	inf
97	2	40	34	80	40	3	inf
97	2	41	1	80	40	2	74
97	2	41	3	80	40	2	53
97	2	41	6	80	40	2	88
97	2	41	13	80	40	2	9
97	2	41	16	80	40	2	44
97	2	41	18	80	40	2	23
97	2	41	21	80	40	2	23
97	2	41	23	80	40	2	44
97	2	41	26	80	40	2	9
97	2	41	33	80	40	2	88
97	2	41	36	80	40	2	53
97	2	41	38	80	40	2	74
97	2	42	6	80	40	3	inf
97	2	42	26	80	40	3	inf
97	2	42	27	80	40	3	inf
97	2	43	6	80	40	2	9
97	2	43	9	80	40	2	44
97	2	43	11	80	40	2	23
97	2	43	14	80	40	2	23
97	2	43	16	80	40	2	44
97	2	43	19	80	40	2	9
97	2	43	26	80	40	2	88
97	2	43	29	80	40	2	53
97	2	43	31	80	40	2	74
97	2	43	34	80	40	2	74
97	2	43	36	80	40	2	53
97	2	43	39	80	40	2	88
97	2	44	19	80	40	3	inf
97	2	44	20	80	40	3	inf
97	2	44	39	80	40	3	inf
97	2	45	2	80	40	2	44
97	2	45	4	80	40	2	23
97	2	45	7	80	40	2	23
97	2	45	9	80	40	2	44
97	2	45	12	80	40	2	9
97	2	45	19	80	40	2	88
97	2	45	22	80	40	2	53
97	2	45	24	80	40	2	74
97	2	45	27	80	40	2	74
97	2	45	29	80	40	2	53
97	2	45	32	80	40	2	88
97	2	45	39	80	40	2	9
97	2	46	12	80	40	3	inf
97	2	46	13	80	40	3	inf
97	2	46	32	80	40	3	inf
97	2	47	0	80	40	2	23
97	2	47	2	80	40	2	44
97	2	47	5	80	40	2	9
97	2	47	12	80	40	2	88
97	2	47	15	80	40	2	53
97	2	47	17	80	40	2	74
97	2	47	20	80	40	2	74
97	2	47	22	80	40	2	53
97	2	47	25	80	40	2	88
97	2	47	32	80	40	2	9
97	2	47	35	80	40	2	44
97	2	47	37	80	40	2	23
97	2	48	5	80	40	3	inf
97	2	48	6	80	40	3	inf
97	2	48	25	80	40	3	inf
97	2	49	5	80	40	2	88
97	2	49	8	80	40	2	53
97	2	49	10	80	40	2	74
97	2	49	13	80	40	2	74
97	2	49	15	80	40	2	53
97	2	49	18	80	40	2	88
97	2	49	25	80	40	2	9
97	2	49	28	80	40	2	44
97	2	49	30	80	40	2	23
97	2	49	33	80	40	2	23
97	2	49	35	80	40	2	44
97	2	49	38	80	40	2	9
97	2	50	18	80	40	3	inf
97	2	50	38	80	40	3	inf
97	2	50	39	80	40	3	inf
97	2	51	1	80	40	2	53
97	2	51	3	80	40	2	74
97	2	51	6	80	40	2	74
97	2	51	8	80	40	2	53
97	2	51	11	80	40	2	88
97	2	51	18	80	40	2	9
97	2	51	21	80	40	2	44
97	2	51	23	80	40	2	23
97	2	51	26	80	40	2	23
97	2	51	28	80	40	2	44
97	2	51	31	80	40	2	9
97	2	51	38	80	40	2	88
97	2	52	11	80	40	3	inf
97	2	52	31	80	40	3	inf
97	2	52	32	80	40	3	inf
97	2	53	1	80	40	2	53
97	2	53	4	80	40	2	88
97	2	53	11	80	40	2	9
97	2	53	14	80	40	2	44
97	2	53	16	80	40	2	23
97	2	53	19	80	40	2	23
97	2	53	21	80	40	2	44
97	2	53	24	80	40	2	9
97	2	53	31	80	40	2	88
97	2	53	34	80	40	2	53
97	2	53	36	80	40	2	74
97	2	53	39	80	40	2	74
97	2	54	4	80	40	3	inf
97	2	54	24	80	40	3	inf
97	2	54	25	80	40	3	inf
97	2	55	4	80	40	2	9
97	2	55	7	80	40	2	44
97	2	55	9	80	40	2	23
97	2	55	12	80	40	2	23
97	2	55	14	80	40	2	44
97	2	55	17	80	40	2	9
97	2	55	24	80	40	2	88
97	2	55	27	80	40	2	53
97	2	55	29	80	40	2	74
97	2	55	32	80	40	2	74
97	2	55	34	80	40	2	53
97	2	55	37	80	40	2	88
97	2	56	17	80	40	3	inf
97	2	56	18	80	40	3	inf
97	2	56	37	80	40	3	inf
97	2	57	0	80	40	2	44
97	2	57	2	80	40	2	23
97	2	57	5	80	40	2	23
97	2	57	7	80	40	2	44
97	2	57	10	80	40	2	9
97	2	57	17	80	40	2	88
97	2	57	20	80	40	2	53
97	2	57	22	80	40	2	74
97	2	57	25	80	40	2	74
97	2	57	27	80	40	2	53
97	2	57	30	80	40	2	88
97	2	57	37	80	40	2	9
97	2	58	10	80	40	3	inf
97	2	58	11	80	40	3	inf
97	2	58	30	80	40	3	inf
97	2	59	0	80	40	2	44
97	2	59	3	80	40	2	9
97	2	59	10	80	40	2	88
97	2	59	13	80	40	2	53
97	2	59	15	80	40	2	74
97	2	59	18	80	40	2	74
97	2	59	20	80	40	2	53
97	2	59	23	80	40	2	88
97	2	59	30	80	40	2	9
97	2	59	33	80	40	2	44
97	2	59	35	80	40	2	23
97	2	59	38	80	40	2	23
97	2	60	3	80	40	3	inf
97	2	60	4	80	40	3	inf
97	2	60	23	80	40	3	inf
97	2	61	3	80	40	2	88
97	2	61	6	80	40	2	53
97	2	61	8	80	40	2	74
97	2	61	11	80	40	2	74
97	2	61	13	80	40	2	53
97	2	61	16	80	40	2	88
97	2	61	23	80	40	2	9
97	2	61	26	80	40	2	44
97	2	61	28	80	40	2	23
97	2	61	31	80	40	2	23
97	2	61	33	80	40	2	44
97	2	61	36	80	40	2	9
97	2	62	16	80	40	3	inf
97	2	62	36	80	40	3	inf
97	2	62	37	80	40	3	inf
97	2	63	1	80	40	2	74
97	2	63	4	80	40	2	74
97	2	63	6	80	40	2	53
97	2	63	9	80	40	2	88
97	2	63	16	80	40	2	9
97	2	63	19	80	40	2	44
97	2	63	21	80	40	2	23
97	2	63	24	80	40	2	23
97	2	63	26	80	40	2	44
97	2	63	29	80	40	2	9
97	2	63	36	80	40	2	88
97	2	63	39	80	40	2	53
97	2	64	9	80	40	3	inf
97	2	64	29	80	40	3	inf
97	2	64	30	80	40	3	inf
97	2	65	2	80	40	2	88
97	2	65	9	80	40	2	9
97	2	65	12	80	40	2	44
97	2	65	14	80	40	2	23
97	2	65	17	80	40	2	23
97	2	65	19	80	40	2	44
97	2	65	22	80	40	2	9
97	2	65	29	80	40	2	88
97	2	65	32	80	40	2	53
97	2	65	34	80	40	2	74
97	2	65	37	80	40	2	74
97	2	65	39	80	40	2	53
97	2	66	2	80	40	3	inf
97	2	66	22	80	40	3	inf
97	2	66	23	80	40	3	inf
97	2	67	2	80	40	2	9
97	2	67	5	80	40	2	44
97	2	67	7	80	40	2	23
97	2	67	10	80	40	2	23
97	2	67	12	80	40	2	44
97	2	67	15	80	40	2	9
97	2	67	22	80	40	2	88
97	2	67	25	80	40	2	53
97	2	67	27	80	40	2	74
97	2	67	30	80	40	2	74
97	2	67	32	80	40	2	53
97	2	67	35	80	40	2	88
97	2	68	15	80	40	3	inf
97	2	68	16	80	40	3	inf
97	2	68	35	80	40	3	inf
97	2	69	0	80	40	2	23
97	2	69	3	80	40	2	23
97	2	69	5	80	40	2	44
97	2	69	8	80	40	2	9
97	2	69	15	80	40	2	88
97	2	69	18	80	40	2	53
97	2	69	20	80	40	2	74
97	2	69	23	80	40	2	74
97	2	69	25	80	40	2	53
97	2	69	28	80	40	2	88
97	2	69	35	80	40	2	9
97	2	69	38	80	40	2	44
97	2	70	8	80	40	3	inf
97	2	70	9	80	40	3	inf
97	2	70	28	80	40	3	inf
97	2	71	1	80	40	2	9
97	2	71	8	80	40	2	88
97	2	71	11	80	40	2	53
97	2	71	13	80	40	2	74
97	2	71	16	80	40	2	74
97	2	71	18	80	40	2	53
97	2	71	21	80	40	2	88
97	2	71	28	80	40	2	9
97	2	71	31	80	40	2	44
97	2	71	33	80	40	2	23
97	2	71	36	80	40	2	23
97	2	71	38	80	40	2	44
97	2	72	1	80	40	3	inf
97	2	72	2	80	40	3	inf
97	2	72	21	80	40	3	inf
97	2	73	1	80	40	2	88
97	2	73	4	80	40	2	53
97	2	73	6	80	40	2	74
97	2	73	9	80	40	2	74
97	2	73	11	80	40	2	53
97	2	73	14	80	40	2	88
97	2	73	21	80	40	2	9
97	2	73	24	80	40	2	44
97	2	73	26	80	40	2	23
97	2	73	29	80	40	2	23
97	2	73	31	80	40	2	44
97	2	73	34	80	40	2	9
97	2	74	14	80	40	3	inf
97	2	74	34	80	40	3	inf
97	2	74	35	80	40	3	inf
97	2	75	2	80	40	2	74
97	2	75	4	80	40	2	53
97	2	75	7	80	40	2	88
97	2	75	14	80	40	2	9
97	2	75	17	80	40	2	44
97	2	75	19	80	40	2	23
97	2	75	22	80	40	2	23
97	2	75	24	80	40	2	44
97	2	75	27	80	40	2	9
97	2	75	34	80	40	2	88
97	2	75	37	80	40	2	53
97	2	75	39	80	40	2	74
97	2	76	7	80	40	3	inf
97	2	76	27	80	40	3	inf
97	2	76	28	80	40	3	inf
97	2	77	0	80	40	2	88
97	2	77	7	80	40	2	9
97	2	77	10	80	40	2	44
97	2	77	12	80	40	2	23
97	2	77	15	80	40	2	23
97	2	77	17	80	40	2	44
97	2	77	20	80	40	2	9
97	2	77	27	80	40	2	88
97	2	77	30	80	40	2	53
97	2	77	32	80	40	2	74
97	2	77	35	80	40	2	74
97	2	77	37	80	40	2	53
97	2	78	0	80	40	3	inf
97	2	78	20	80	40	3	inf
97	2	78	21	80	40	3	inf
97	2	79	0	80	40	2	9
97	2	79	3	80	40	2	44
97	2	79	5	80	40	2	23
97	2	79	8	80	40	2	23
97	2	79	10	80	40	2	44
97	2	79	13	80	40	2	9
97	2	79	20	80	40	2	88
97	2	79	23	80	40	2	53
97	2	79	25	80	40	2	74
97	2	79	28	80	40	2	74
97	2	79	30	80	40	2	53
97	2	79	33	80	40	2	88
