prime	torsion_coset	m	n	ord_g1	ord_g2	state	t
19	1	3	1	12	3	3	inf
19	1	7	0	12	3	3	inf
19	1	11	2	12	3	3	inf
19	2	1	0	12	3	3	inf
19	2	5	2	12	3	3	inf
19	2	9	1	12	3	3	inf
23	1	0	0	6	12	2	1
23	1	0	1	6	12	2	1
23	1	0	6	6	12	2	22
23	1	0	7	6	12	2	22
23	1	0	11	6	12	3	inf
23	1	1	4	6	12	2	22
23	1	1	5	6	12	2	22
23	1	1	9	6	12	3	inf
23	1	1	10	6	12	2	1
23	1	1	11	6	12	2	1
23	1	2	2	6	12	2	22
23	1	2	3	6	12	2	22
23	1	2	7	6	12	3	inf
23	1	2	8	6	12	2	1
23	1	2	9	6	12	2	1
23	1	3	0	6	12	2	22
23	1	3	1	6	12	2	22
23	1	3	5	6	12	3	inf
23	1	3	6	6	12	2	1
23	1	3	7	6	12	2	1
23	1	4	3	6	12	3	inf
23	1	4	4	6	12	2	1
23	1	4	5	6	12	2	1
23	1	4	10	6	12	2	22
23	1	4	11	6	12	2	22
23	1	5	1	6	12	3	inf
23	1	5	2	6	12	2	1
23	1	5	3	6	12	2	1
23	1	5	8	6	12	2	22
23	1	5	9	6	12	2	22
23	2	0	0	6	12	2	22
23	2	0	1	6	12	2	22
23	2	0	5	6	12	3	inf
23	2	0	6	6	12	2	1
23	2	0	7	6	12	2	1
23	2	1	3	6	12	3	inf
23	2	1	4	6	12	2	1
23	2	1	5	6	12	2	1
23	2	1	10	6	12	2	22
23	2	1	11	6	12	2	22
23	2	2	1	6	12	3	inf
23	2	2	2	6	12	2	1
23	2	2	3	6	12	2	1
23	2	2	8	6	12	2	22
23	2	2	9	6	12	2	22
23	2	3	0	6	12	2	1
23	2	3	1	6	12	2	1
23	2	3	6	6	12	2	22
23	2	3	7	6	12	2	22
23	2	3	11	6	12	3	inf
23	2	4	4	6	12	2	22
23	2	4	5	6	12	2	22
23	2	4	9	6	12	3	inf
23	2	4	10	6	12	2	1
23	2	4	11	6	12	2	1
23	2	5	2	6	12	2	22
23	2	5	3	6	12	2	22
23	2	5	7	6	12	3	inf
23	2	5	8	6	12	2	1
23	2	5	9	6	12	2	1
29	1	0	1	2	3	3	5
29	1	1	2	2	3	3	24
29	2	0	1	2	3	3	24
29	2	1	0	2	3	3	inf
29	2	1	2	2	3	3	5
31	1	0	1	6	6	3	2
31	1	0	4	6	6	3	29
31	1	1	0	6	6	3	inf
31	1	1	3	6	6	3	0
31	1	2	2	6	6	3	2
31	1	2	5	6	6	3	29
31	1	3	1	6	6	3	29
31	1	3	4	6	6	3	2
31	1	4	0	6	6	3	0
31	1	4	3	6	6	3	inf
31	1	5	2	6	6	3	29
31	1	5	5	6	6	3	2
31	2	0	1	6	6	3	29
31	2	0	4	6	6	3	2
31	2	1	0	6	6	3	0
31	2	1	3	6	6	3	inf
31	2	2	2	6	6	3	29
31	2	2	5	6	6	3	2
31	2	3	1	6	6	3	2
31	2	3	4	6	6	3	29
31	2	4	0	6	6	3	inf
31	2	4	3	6	6	3	0
31	2	5	2	6	6	3	2
31	2	5	5	6	6	3	29
37	1	0	6	11	11	3	0
37	1	1	10	11	11	3	0
37	1	2	3	11	11	3	0
37	1	3	7	11	11	3	0
37	1	4	0	11	11	3	0
37	1	5	4	11	11	3	0
37	1	6	8	11	11	3	0
37	1	7	1	11	11	3	0
37	1	8	5	11	11	3	0
37	1	9	9	11	11	3	0
37	1	10	2	11	11	3	0
37	2	0	6	11	11	3	0
37	2	0	10	11	11	3	inf
37	2	1	3	11	11	3	inf
37	2	1	10	11	11	3	0
37	2	2	3	11	11	3	0
37	2	2	7	11	11	3	inf
37	2	3	0	11	11	3	inf
37	2	3	7	11	11	3	0
37	2	4	0	11	11	3	0
37	2	4	4	11	11	3	inf
37	2	5	4	11	11	3	0
37	2	5	8	11	11	3	inf
37	2	6	1	11	11	3	inf
37	2	6	8	11	11	3	0
37	2	7	1	11	11	3	0
37	2	7	5	11	11	3	inf
37	2	8	5	11	11	3	0
37	2	8	9	11	11	3	inf
37	2	9	2	11	11	3	inf
37	2	9	9	11	11	3	0
37	2	10	2	11	11	3	0
37	2	10	6	11	11	3	inf
41	1	0	4	26	26	2	10
41	1	0	8	26	26	3	0
41	1	0	12	26	26	2	31
41	1	0	17	26	26	2	31
41	1	0	21	26	26	3	0
41	1	0	23	26	26	3	inf
41	1	0	25	26	26	2	10
41	1	1	1	26	26	3	0
41	1	1	5	26	26	2	31
41	1	1	10	26	26	2	31
41	1	1	14	26	26	3	0
41	1	1	16	26	26	3	inf
41	1	1	18	26	26	2	10
41	1	1	23	26	26	2	10
41	1	2	3	26	26	2	31
41	1	2	7	26	26	3	0
41	1	2	9	26	26	3	inf
41	1	2	11	26	26	2	10
41	1	2	16	26	26	2	10
41	1	2	20	26	26	3	0
41	1	2	24	26	26	2	31
41	1	3	0	26	26	3	0
41	1	3	2	26	26	3	inf
41	1	3	4	26	26	2	10
41	1	3	9	26	26	2	10
41	1	3	13	26	26	3	0
41	1	3	17	26	26	2	31
41	1	3	22	26	26	2	31
41	1	4	2	26	26	2	10
41	1	4	6	26	26	3	0
41	1	4	10	26	26	2	31
41	1	4	15	26	26	2	31
41	1	4	19	26	26	3	0
41	1	4	21	26	26	3	inf
41	1	4	23	26	26	2	10
41	1	5	3	26	26	2	31
41	1	5	8	26	26	2	31
41	1	5	12	26	26	3	0
41	1	5	14	26	26	3	inf
41	1	5	16	26	26	2	10
41	1	5	21	26	26	2	10
41	1	5	25	26	26	3	0
41	1	6	1	26	26	2	31
41	1	6	5	26	26	3	0
41	1	6	7	26	26	3	inf
41	1	6	9	26	26	2	10
41	1	6	14	26	26	2	10
41	1	6	18	26	26	3	0
41	1	6	22	26	26	2	31
41	1	7	0	26	26	3	inf
41	1	7	2	26	26	2	10
41	1	7	7	26	26	2	10
41	1	7	11	26	26	3	0
41	1	7	15	26	26	2	31
41	1	7	20	26	26	2	31
41	1	7	24	26	26	3	0
41	1	8	0	26	26	2	10
41	1	8	4	26	26	3	0
41	1	8	8	26	26	2	31
41	1	8	13	26	26	2	31
41	1	8	17	26	26	3	0
41	1	8	19	26	26	3	inf
41	1	8	21	26	26	2	10
41	1	9	1	26	26	2	31
41	1	9	6	26	26	2	31
41	1	9	10	26	26	3	0
41	1	9	12	26	26	3	inf
41	1	9	14	26	26	2	10
41	1	9	19	26	26	2	10
41	1	9	23	26	26	3	0
41	1	10	3	26	26	3	0
41	1	10	5	26	26	3	inf
41	1	10	7	26	26	2	10
41	1	10	12	26	26	2	10
41	1	10	16	26	26	3	0
41	1	10	20	26	26	2	31
41	1	10	25	26	26	2	31
41	1	11	0	26	26	2	10
41	1	11	5	26	26	2	10
41	1	11	9	26	26	3	0
41	1	11	13	26	26	2	31
41	1	11	18	26	26	2	31
41	1	11	22	26	26	3	0
41	1	11	24	26	26	3	inf
41	1	12	2	26	26	3	0
41	1	12	6	26	26	2	31
41	1	12	11	26	26	2	31
41	1	12	15	26	26	3	0
41	1	12	17	26	26	3	inf
41	1	12	19	26	26	2	10
41	1	12	24	26	26	2	10
41	1	13	4	26	26	2	31
41	1	13	8	26	26	3	0
41	1	13	10	26	26	3	inf
41	1	13	12	26	26	2	10
41	1	13	17	26	26	2	10
41	1	13	21	26	26	3	0
41	1	13	25	26	26	2	31
41	1	14	1	26	26	3	0
41	1	14	3	26	26	3	inf
41	1	14	5	26	26	2	10
41	1	14	10	26	26	2	10
41	1	14	14	26	26	3	0
41	1	14	18	26	26	2	31
41	1	14	23	26	26	2	31
41	1	15	3	26	26	2	10
41	1	15	7	26	26	3	0
41	1	15	11	26	26	2	31
41	1	15	16	26	26	2	31
41	1	15	20	26	26	3	0
41	1	15	22	26	26	3	inf
41	1	15	24	26	26	2	10
41	1	16	0	26	26	3	0
41	1	16	4	26	26	2	31
41	1	16	9	26	26	2	31
41	1	16	13	26	26	3	0
41	1	16	15	26	26	3	inf
41	1	16	17	26	26	2	10
41	1	16	22	26	26	2	10
41	1	17	2	26	26	2	31
41	1	17	6	26	26	3	0
41	1	17	8	26	26	3	inf
41	1	17	10	26	26	2	10
41	1	17	15	26	26	2	10
41	1	17	19	26	26	3	0
41	1	17	23	26	26	2	31
41	1	18	1	26	26	3	inf
41	1	18	3	26	26	2	10
41	1	18	8	26	26	2	10
41	1	18	12	26	26	3	0
41	1	18	16	26	26	2	31
41	1	18	21	26	26	2	31
41	1	18	25	26	26	3	0
41	1	19	1	26	26	2	10
41	1	19	5	26	26	3	0
41	1	19	9	26	26	2	31
41	1	19	14	26	26	2	31
41	1	19	18	26	26	3	0
41	1	19	20	26	26	3	inf
41	1	19	22	26	26	2	10
41	1	20	2	26	26	2	31
41	1	20	7	26	26	2	31
41	1	20	11	26	26	3	0
41	1	20	13	26	26	3	inf
41	1	20	15	26	26	2	10
41	1	20	20	26	26	2	10
41	1	20	24	26	26	3	0
41	1	21	0	26	26	2	31
41	1	21	4	26	26	3	0
41	1	21	6	26	26	3	inf
41	1	21	8	26	26	2	10
41	1	21	13	26	26	2	10
41	1	21	17	26	26	3	0
41	1	21	21	26	26	2	31
41	1	22	1	26	26	2	10
41	1	22	6	26	26	2	10
41	1	22	10	26	26	3	0
41	1	22	14	26	26	2	31
41	1	22	19	26	26	2	31
41	1	22	23	26	26	3	0
41	1	22	25	26	26	3	inf
41	1	23	3	26	26	3	0
41	1	23	7	26	26	2	31
41	1	23	12	26	26	2	31
41	1	23	16	26	26	3	0
41	1	23	18	26	26	3	inf
41	1	23	20	26	26	2	10
41	1	23	25	26	26	2	10
41	1	24	0	26	26	2	31
41	1	24	5	26	26	2	31
41	1	24	9	26	26	3	0
41	1	24	11	26	26	3	inf
41	1	24	13	26	26	2	10
41	1	24	18	26	26	2	10
41	1	24	22	26	26	3	0
41	1	25	2	26	26	3	0
41	1	25	4	26	26	3	inf
41	1	25	6	26	26	2	10
41	1	25	11	26	26	2	10
41	1	25	15	26	26	3	0
41	1	25	19	26	26	2	31
41	1	25	24	26	26	2	31
41	2	0	4	26	26	2	31
41	2	0	8	26	26	3	0
41	2	0	10	26	26	3	inf
41	2	0	12	26	26	2	10
41	2	0	17	26	26	2	10
41	2	0	21	26	26	3	0
41	2	0	25	26	26	2	31
41	2	1	1	26	26	3	0
41	2	1	3	26	26	3	inf
41	2	1	5	26	26	2	10
41	2	1	10	26	26	2	10
41	2	1	14	26	26	3	0
41	2	1	18	26	26	2	31
41	2	1	23	26	26	2	31
41	2	2	3	26	26	2	10
41	2	2	7	26	26	3	0
41	2	2	11	26	26	2	31
41	2	2	16	26	26	2	31
41	2	2	20	26	26	3	0
41	2	2	22	26	26	3	inf
41	2	2	24	26	26	2	10
41	2	3	0	26	26	3	0
41	2	3	4	26	26	2	31
41	2	3	9	26	26	2	31
41	2	3	13	26	26	3	0
41	2	3	15	26	26	3	inf
41	2	3	17	26	26	2	10
41	2	3	22	26	26	2	10
41	2	4	2	26	26	2	31
41	2	4	6	26	26	3	0
41	2	4	8	26	26	3	inf
41	2	4	10	26	26	2	10
41	2	4	15	26	26	2	10
41	2	4	19	26	26	3	0
41	2	4	23	26	26	2	31
41	2	5	1	26	26	3	inf
41	2	5	3	26	26	2	10
41	2	5	8	26	26	2	10
41	2	5	12	26	26	3	0
41	2	5	16	26	26	2	31
41	2	5	21	26	26	2	31
41	2	5	25	26	26	3	0
41	2	6	1	26	26	2	10
41	2	6	5	26	26	3	0
41	2	6	9	26	26	2	31
41	2	6	14	26	26	2	31
41	2	6	18	26	26	3	0
41	2	6	20	26	26	3	inf
41	2	6	22	26	26	2	10
41	2	7	2	26	26	2	31
41	2	7	7	26	26	2	31
41	2	7	11	26	26	3	0
41	2	7	13	26	26	3	inf
41	2	7	15	26	26	2	10
41	2	7	20	26	26	2	10
41	2	7	24	26	26	3	0
41	2	8	0	26	26	2	31
41	2	8	4	26	26	3	0
41	2	8	6	26	26	3	inf
41	2	8	8	26	26	2	10
41	2	8	13	26	26	2	10
41	2	8	17	26	26	3	0
41	2	8	21	26	26	2	31
41	2	9	1	26	26	2	10
41	2	9	6	26	26	2	10
41	2	9	10	26	26	3	0
41	2	9	14	26	26	2	31
41	2	9	19	26	26	2	31
41	2	9	23	26	26	3	0
41	2	9	25	26	26	3	inf
41	2	10	3	26	26	3	0
41	2	10	7	26	26	2	31
41	2	10	12	26	26	2	31
41	2	10	16	26	26	3	0
41	2	10	18	26	26	3	inf
41	2	10	20	26	26	2	10
41	2	10	25	26	26	2	10
41	2	11	0	26	26	2	31
41	2	11	5	26	26	2	31
41	2	11	9	26	26	3	0
41	2	11	11	26	26	3	inf
41	2	11	13	26	26	2	10
41	2	11	18	26	26	2	10
41	2	11	22	26	26	3	0
41	2	12	2	26	26	3	0
41	2	12	4	26	26	3	inf
41	2	12	6	26	26	2	10
41	2	12	11	26	26	2	10
41	2	12	15	26	26	3	0
41	2	12	19	26	26	2	31
41	2	12	24	26	26	2	31
41	2	13	4	26	26	2	10
41	2	13	8	26	26	3	0
41	2	13	12	26	26	2	31
41	2	13	17	26	26	2	31
41	2	13	21	26	26	3	0
41	2	13	23	26	26	3	inf
41	2	13	25	26	26	2	10
41	2	14	1	26	26	3	0
41	2	14	5	26	26	2	31
41	2	14	10	26	26	2	31
41	2	14	14	26	26	3	0
41	2	14	16	26	26	3	inf
41	2	14	18	26	26	2	10
41	2	14	23	26	26	2	10
41	2	15	3	26	26	2	31
41	2	15	7	26	26	3	0
41	2	15	9	26	26	3	inf
41	2	15	11	26	26	2	10
41	2	15	16	26	26	2	10
41	2	15	20	26	26	3	0
41	2	15	24	26	26	2	31
41	2	16	0	26	26	3	0
41	2	16	2	26	26	3	inf
41	2	16	4	26	26	2	10
41	2	16	9	26	26	2	10
41	2	16	13	26	26	3	0
41	2	16	17	26	26	2	31
41	2	16	22	26	26	2	31
41	2	17	2	26	26	2	10
41	2	17	6	26	26	3	0
41	2	17	10	26	26	2	31
41	2	17	15	26	26	2	31
41	2	17	19	26	26	3	0
41	2	17	21	26	26	3	inf
41	2	17	23	26	26	2	10
41	2	18	3	26	26	2	31
41	2	18	8	26	26	2	31
41	2	18	12	26	26	3	0
41	2	18	14	26	26	3	inf
41	2	18	16	26	26	2	10
41	2	18	21	26	26	2	10
41	2	18	25	26	26	3	0
41	2	19	1	26	26	2	31
41	2	19	5	26	26	3	0
41	2	19	7	26	26	3	inf
41	2	19	9	26	26	2	10
41	2	19	14	26	26	2	10
41	2	19	18	26	26	3	0
41	2	19	22	26	26	2	31
41	2	20	0	26	26	3	inf
41	2	20	2	26	26	2	10
41	2	20	7	26	26	2	10
41	2	20	11	26	26	3	0
41	2	20	15	26	26	2	31
41	2	20	20	26	26	2	31
41	2	20	24	26	26	3	0
41	2	21	0	26	26	2	10
41	2	21	4	26	26	3	0
41	2	21	8	26	26	2	31
41	2	21	13	26	26	2	31
41	2	21	17	26	26	3	0
41	2	21	19	26	26	3	inf
41	2	21	21	26	26	2	10
41	2	22	1	26	26	2	31
41	2	22	6	26	26	2	31
41	2	22	10	26	26	3	0
41	2	22	12	26	26	3	inf
41	2	22	14	26	26	2	10
41	2	22	19	26	26	2	10
41	2	22	23	26	26	3	0
41	2	23	3	26	26	3	0
41	2	23	5	26	26	3	inf
41	2	23	7	26	26	2	10
41	2	23	12	26	26	2	10
41	2	23	16	26	26	3	0
41	2	23	20	26	26	2	31
41	2	23	25	26	26	2	31
41	2	24	0	26	26	2	10
41	2	24	5	26	26	2	10
41	2	24	9	26	26	3	0
41	2	24	13	26	26	2	31
41	2	24	18	26	26	2	31
41	2	24	22	26	26	3	0
41	2	24	24	26	26	3	inf
41	2	25	2	26	26	3	0
41	2	25	6	26	26	2	31
41	2	25	11	26	26	2	31
41	2	25	15	26	26	3	0
41	2	25	17	26	26	3	inf
41	2	25	19	26	26	2	10
41	2	25	24	26	26	2	10
43	1	0	2	26	26	3	6
43	1	0	5	26	26	3	6
43	1	0	8	26	26	2	25
43	1	0	9	26	26	2	22
43	1	0	10	26	26	3	0
43	1	0	11	26	26	2	21
43	1	0	12	26	26	2	18
43	1	0	15	26	26	3	37
43	1	0	18	26	26	3	37
43	1	0	19	26	26	3	inf
43	1	0	21	26	26	2	18
43	1	0	22	26	26	2	21
43	1	0	23	26	26	3	0
43	1	0	24	26	26	2	22
43	1	0	25	26	26	2	25
43	1	1	2	26	26	3	6
43	1	1	5	26	26	2	25
43	1	1	6	26	26	2	22
43	1	1	7	26	26	3	0
43	1	1	8	26	26	2	21
43	1	1	9	26	26	2	18
43	1	1	12	26	26	3	37
43	1	1	15	26	26	3	37
43	1	1	16	26	26	3	inf
43	1	1	18	26	26	2	18
43	1	1	19	26	26	2	21
43	1	1	20	26	26	3	0
43	1	1	21	26	26	2	22
43	1	1	22	26	26	2	25
43	1	1	25	26	26	3	6
43	1	2	2	26	26	2	25
43	1	2	3	26	26	2	22
43	1	2	4	26	26	3	0
43	1	2	5	26	26	2	21
43	1	2	6	26	26	2	18
43	1	2	9	26	26	3	37
43	1	2	12	26	26	3	37
43	1	2	13	26	26	3	inf
43	1	2	15	26	26	2	18
43	1	2	16	26	26	2	21
43	1	2	17	26	26	3	0
43	1	2	18	26	26	2	22
43	1	2	19	26	26	2	25
43	1	2	22	26	26	3	6
43	1	2	25	26	26	3	6
43	1	3	0	26	26	2	22
43	1	3	1	26	26	3	0
43	1	3	2	26	26	2	21
43	1	3	3	26	26	2	18
43	1	3	6	26	26	3	37
43	1	3	9	26	26	3	37
43	1	3	10	26	26	3	inf
43	1	3	12	26	26	2	18
43	1	3	13	26	26	2	21
43	1	3	14	26	26	3	0
43	1	3	15	26	26	2	22
43	1	3	16	26	26	2	25
43	1	3	19	26	26	3	6
43	1	3	22	26	26	3	6
43	1	3	25	26	26	2	25
43	1	4	0	26	26	2	18
43	1	4	3	26	26	3	37
43	1	4	6	26	26	3	37
43	1	4	7	26	26	3	inf
43	1	4	9	26	26	2	18
43	1	4	10	26	26	2	21
43	1	4	11	26	26	3	0
43	1	4	12	26	26	2	22
43	1	4	13	26	26	2	25
43	1	4	16	26	26	3	6
43	1	4	19	26	26	3	6
43	1	4	22	26	26	2	25
43	1	4	23	26	26	2	22
43	1	4	24	26	26	3	0
43	1	4	25	26	26	2	21
43	1	5	0	26	26	3	37
43	1	5	3	26	26	3	37
43	1	5	4	26	26	3	inf
43	1	5	6	26	26	2	18
43	1	5	7	26	26	2	21
43	1	5	8	26	26	3	0
43	1	5	9	26	26	2	22
43	1	5	10	26	26	2	25
43	1	5	13	26	26	3	6
43	1	5	16	26	26	3	6
43	1	5	19	26	26	2	25
43	1	5	20	26	26	2	22
43	1	5	21	26	26	3	0
43	1	5	22	26	26	2	21
43	1	5	23	26	26	2	18
43	1	6	0	26	26	3	37
43	1	6	1	26	26	3	inf
43	1	6	3	26	26	2	18
43	1	6	4	26	26	2	21
43	1	6	5	26	26	3	0
43	1	6	6	26	26	2	22
43	1	6	7	26	26	2	25
43	1	6	10	26	26	3	6
43	1	6	13	26	26	3	6
43	1	6	16	26	26	2	25
43	1	6	17	26	26	2	22
43	1	6	18	26	26	3	0
43	1	6	19	26	26	2	21
43	1	6	20	26	26	2	18
43	1	6	23	26	26	3	37
43	1	7	0	26	26	2	18
43	1	7	1	26	26	2	21
43	1	7	2	26	26	3	0
43	1	7	3	26	26	2	22
43	1	7	4	26	26	2	25
43	1	7	7	26	26	3	6
43	1	7	10	26	26	3	6
43	1	7	13	26	26	2	25
43	1	7	14	26	26	2	22
43	1	7	15	26	26	3	0
43	1	7	16	26	26	2	21
43	1	7	17	26	26	2	18
43	1	7	20	26	26	3	37
43	1	7	23	26	26	3	37
43	1	7	24	26	26	3	inf
43	1	8	0	26	26	2	22
43	1	8	1	26	26	2	25
43	1	8	4	26	26	3	6
43	1	8	7	26	26	3	6
43	1	8	10	26	26	2	25
43	1	8	11	26	26	2	22
43	1	8	12	26	26	3	0
43	1	8	13	26	26	2	21
43	1	8	14	26	26	2	18
43	1	8	17	26	26	3	37
43	1	8	20	26	26	3	37
43	1	8	21	26	26	3	inf
43	1	8	23	26	26	2	18
43	1	8	24	26	26	2	21
43	1	8	25	26	26	3	0
43	1	9	1	26	26	3	6
43	1	9	4	26	26	3	6
43	1	9	7	26	26	2	25
43	1	9	8	26	26	2	22
43	1	9	9	26	26	3	0
43	1	9	10	26	26	2	21
43	1	9	11	26	26	2	18
43	1	9	14	26	26	3	37
43	1	9	17	26	26	3	37
43	1	9	18	26	26	3	inf
43	1	9	20	26	26	2	18
43	1	9	21	26	26	2	21
43	1	9	22	26	26	3	0
43	1	9	23	26	26	2	22
43	1	9	24	26	26	2	25
43	1	10	1	26	26	3	6
43	1	10	4	26	26	2	25
43	1	10	5	26	26	2	22
43	1	10	6	26	26	3	0
43	1	10	7	26	26	2	21
43	1	10	8	26	26	2	18
43	1	10	11	26	26	3	37
43	1	10	14	26	26	3	37
43	1	10	15	26	26	3	inf
43	1	10	17	26	26	2	18
43	1	10	18	26	26	2	21
43	1	10	19	26	26	3	0
43	1	10	20	26	26	2	22
43	1	10	21	26	26	2	25
43	1	10	24	26	26	3	6
43	1	11	1	26	26	2	25
43	1	11	2	26	26	2	22
43	1	11	3	26	26	3	0
43	1	11	4	26	26	2	21
43	1	11	5	26	26	2	18
43	1	11	8	26	26	3	37
43	1	11	11	26	26	3	37
43	1	11	12	26	26	3	inf
43	1	11	14	26	26	2	18
43	1	11	15	26	26	2	21
43	1	11	16	26	26	3	0
43	1	11	17	26	26	2	22
43	1	11	18	26	26	2	25
43	1	11	21	26	26	3	6
43	1	11	24	26	26	3	6
43	1	12	0	26	26	3	0
43	1	12	1	26	26	2	21
43	1	12	2	26	26	2	18
43	1	12	5	26	26	3	37
43	1	12	8	26	26	3	37
43	1	12	9	26	26	3	inf
43	1	12	11	26	26	2	18
43	1	12	12	26	26	2	21
43	1	12	13	26	26	3	0
43	1	12	14	26	26	2	22
43	1	12	15	26	26	2	25
43	1	12	18	26	26	3	6
43	1	12	21	26	26	3	6
43	1	12	24	26	26	2	25
43	1	12	25	26	26	2	22
43	1	13	2	26	26	3	37
43	1	13	5	26	26	3	37
43	1	13	6	26	26	3	inf
43	1	13	8	26	26	2	18
43	1	13	9	26	26	2	21
43	1	13	10	26	26	3	0
43	1	13	11	26	26	2	22
43	1	13	12	26	26	2	25
43	1	13	15	26	26	3	6
43	1	13	18	26	26	3	6
43	1	13	21	26	26	2	25
43	1	13	22	26	26	2	22
43	1	13	23	26	26	3	0
43	1	13	24	26	26	2	21
43	1	13	25	26	26	2	18
43	1	14	2	26	26	3	37
43	1	14	3	26	26	3	inf
43	1	14	5	26	26	2	18
43	1	14	6	26	26	2	21
43	1	14	7	26	26	3	0
43	1	14	8	26	26	2	22
43	1	14	9	26	26	2	25
43	1	14	12	26	26	3	6
43	1	14	15	26	26	3	6
43	1	14	18	26	26	2	25
43	1	14	19	26	26	2	22
43	1	14	20	26	26	3	0
43	1	14	21	26	26	2	21
43	1	14	22	26	26	2	18
43	1	14	25	26	26	3	37
43	1	15	0	26	26	3	inf
43	1	15	2	26	26	2	18
43	1	15	3	26	26	2	21
43	1	15	4	26	26	3	0
43	1	15	5	26	26	2	22
43	1	15	6	26	26	2	25
43	1	15	9	26	26	3	6
43	1	15	12	26	26	3	6
43	1	15	15	26	26	2	25
43	1	15	16	26	26	2	22
43	1	15	17	26	26	3	0
43	1	15	18	26	26	2	21
43	1	15	19	26	26	2	18
43	1	15	22	26	26	3	37
43	1	15	25	26	26	3	37
43	1	16	0	26	26	2	21
43	1	16	1	26	26	3	0
43	1	16	2	26	26	2	22
43	1	16	3	26	26	2	25
43	1	16	6	26	26	3	6
43	1	16	9	26	26	3	6
43	1	16	12	26	26	2	25
43	1	16	13	26	26	2	22
43	1	16	14	26	26	3	0
43	1	16	15	26	26	2	21
43	1	16	16	26	26	2	18
43	1	16	19	26	26	3	37
43	1	16	22	26	26	3	37
43	1	16	23	26	26	3	inf
43	1	16	25	26	26	2	18
43	1	17	0	26	26	2	25
43	1	17	3	26	26	3	6
43	1	17	6	26	26	3	6
43	1	17	9	26	26	2	25
43	1	17	10	26	26	2	22
43	1	17	11	26	26	3	0
43	1	17	12	26	26	2	21
43	1	17	13	26	26	2	18
43	1	17	16	26	26	3	37
43	1	17	19	26	26	3	37
43	1	17	20	26	26	3	inf
43	1	17	22	26	26	2	18
43	1	17	23	26	26	2	21
43	1	17	24	26	26	3	0
43	1	17	25	26	26	2	22
43	1	18	0	26	26	3	6
43	1	18	3	26	26	3	6
43	1	18	6	26	26	2	25
43	1	18	7	26	26	2	22
43	1	18	8	26	26	3	0
43	1	18	9	26	26	2	21
43	1	18	10	26	26	2	18
43	1	18	13	26	26	3	37
43	1	18	16	26	26	3	37
43	1	18	17	26	26	3	inf
43	1	18	19	26	26	2	18
43	1	18	20	26	26	2	21
43	1	18	21	26	26	3	0
43	1	18	22	26	26	2	22
43	1	18	23	26	26	2	25
43	1	19	0	26	26	3	6
43	1	19	3	26	26	2	25
43	1	19	4	26	26	2	22
43	1	19	5	26	26	3	0
43	1	19	6	26	26	2	21
43	1	19	7	26	26	2	18
43	1	19	10	26	26	3	37
43	1	19	13	26	26	3	37
43	1	19	14	26	26	3	inf
43	1	19	16	26	26	2	18
43	1	19	17	26	26	2	21
43	1	19	18	26	26	3	0
43	1	19	19	26	26	2	22
43	1	19	20	26	26	2	25
43	1	19	23	26	26	3	6
43	1	20	0	26	26	2	25
43	1	20	1	26	26	2	22
43	1	20	2	26	26	3	0
43	1	20	3	26	26	2	21
43	1	20	4	26	26	2	18
43	1	20	7	26	26	3	37
43	1	20	10	26	26	3	37
43	1	20	11	26	26	3	inf
43	1	20	13	26	26	2	18
43	1	20	14	26	26	2	21
43	1	20	15	26	26	3	0
43	1	20	16	26	26	2	22
43	1	20	17	26	26	2	25
43	1	20	20	26	26	3	6
43	1	20	23	26	26	3	6
43	1	21	0	26	26	2	21
43	1	21	1	26	26	2	18
43	1	21	4	26	26	3	37
43	1	21	7	26	26	3	37
43	1	21	8	26	26	3	inf
43	1	21	10	26	26	2	18
43	1	21	11	26	26	2	21
43	1	21	12	26	26	3	0
43	1	21	13	26	26	2	22
43	1	21	14	26	26	2	25
43	1	21	17	26	26	3	6
43	1	21	20	26	26	3	6
43	1	21	23	26	26	2	25
43	1	21	24	26	26	2	22
43	1	21	25	26	26	3	0
43	1	22	1	26	26	3	37
43	1	22	4	26	26	3	37
43	1	22	5	26	26	3	inf
43	1	22	7	26	26	2	18
43	1	22	8	26	26	2	21
43	1	22	9	26	26	3	0
43	1	22	10	26	26	2	22
43	1	22	11	26	26	2	25
43	1	22	14	26	26	3	6
43	1	22	17	26	26	3	6
43	1	22	20	26	26	2	25
43	1	22	21	26	26	2	22
43	1	22	22	26	26	3	0
43	1	22	23	26	26	2	21
43	1	22	24	26	26	2	18
43	1	23	1	26	26	3	37
43	1	23	2	26	26	3	inf
43	1	23	4	26	26	2	18
43	1	23	5	26	26	2	21
43	1	23	6	26	26	3	0
43	1	23	7	26	26	2	22
43	1	23	8	26	26	2	25
43	1	23	11	26	26	3	6
43	1	23	14	26	26	3	6
43	1	23	17	26	26	2	25
43	1	23	18	26	26	2	22
43	1	23	19	26	26	3	0
43	1	23	20	26	26	2	21
43	1	23	21	26	26	2	18
43	1	23	24	26	26	3	37
43	1	24	1	26	26	2	18
43	1	24	2	26	26	2	21
43	1	24	3	26	26	3	0
43	1	24	4	26	26	2	22
43	1	24	5	26	26	2	25
43	1	24	8	26	26	3	6
43	1	24	11	26	26	3	6
43	1	24	14	26	26	2	25
43	1	24	15	26	26	2	22
43	1	24	16	26	26	3	0
43	1	24	17	26	26	2	21
43	1	24	18	26	26	2	18
43	1	24	21	26	26	3	37
43	1	24	24	26	26	3	37
43	1	24	25	26	26	3	inf
43	1	25	0	26	26	3	0
43	1	25	1	26	26	2	22
43	1	25	2	26	26	2	25
43	1	25	5	26	26	3	6
43	1	25	8	26	26	3	6
43	1	25	11	26	26	2	25
43	1	25	12	26	26	2	22
43	1	25	13	26	26	3	0
43	1	25	14	26	26	2	21
43	1	25	15	26	26	2	18
43	1	25	18	26	26	3	37
43	1	25	21	26	26	3	37
43	1	25	22	26	26	3	inf
43	1	25	24	26	26	2	18
43	1	25	25	26	26	2	21
43	2	0	2	26	26	3	37
43	2	0	5	26	26	3	37
43	2	0	6	26	26	3	inf
43	2	0	8	26	26	2	18
43	2	0	9	26	26	2	21
43	2	0	10	26	26	3	0
43	2	0	11	26	26	2	22
43	2	0	12	26	26	2	25
43	2	0	15	26	26	3	6
43	2	0	18	26	26	3	6
43	2	0	21	26	26	2	25
43	2	0	22	26	26	2	22
43	2	0	23	26	26	3	0
43	2	0	24	26	26	2	21
43	2	0	25	26	26	2	18
43	2	1	2	26	26	3	37
43	2	1	3	26	26	3	inf
43	2	1	5	26	26	2	18
43	2	1	6	26	26	2	21
43	2	1	7	26	26	3	0
43	2	1	8	26	26	2	22
43	2	1	9	26	26	2	25
43	2	1	12	26	26	3	6
43	2	1	15	26	26	3	6
43	2	1	18	26	26	2	25
43	2	1	19	26	26	2	22
43	2	1	20	26	26	3	0
43	2	1	21	26	26	2	21
43	2	1	22	26	26	2	18
43	2	1	25	26	26	3	37
43	2	2	0	26	26	3	inf
43	2	2	2	26	26	2	18
43	2	2	3	26	26	2	21
43	2	2	4	26	26	3	0
43	2	2	5	26	26	2	22
43	2	2	6	26	26	2	25
43	2	2	9	26	26	3	6
43	2	2	12	26	26	3	6
43	2	2	15	26	26	2	25
43	2	2	16	26	26	2	22
43	2	2	17	26	26	3	0
43	2	2	18	26	26	2	21
43	2	2	19	26	26	2	18
43	2	2	22	26	26	3	37
43	2	2	25	26	26	3	37
43	2	3	0	26	26	2	21
43	2	3	1	26	26	3	0
43	2	3	2	26	26	2	22
43	2	3	3	26	26	2	25
43	2	3	6	26	26	3	6
43	2	3	9	26	26	3	6
43	2	3	12	26	26	2	25
43	2	3	13	26	26	2	22
43	2	3	14	26	26	3	0
43	2	3	15	26	26	2	21
43	2	3	16	26	26	2	18
43	2	3	19	26	26	3	37
43	2	3	22	26	26	3	37
43	2	3	23	26	26	3	inf
43	2	3	25	26	26	2	18
43	2	4	0	26	26	2	25
43	2	4	3	26	26	3	6
43	2	4	6	26	26	3	6
43	2	4	9	26	26	2	25
43	2	4	10	26	26	2	22
43	2	4	11	26	26	3	0
43	2	4	12	26	26	2	21
43	2	4	13	26	26	2	18
43	2	4	16	26	26	3	37
43	2	4	19	26	26	3	37
43	2	4	20	26	26	3	inf
43	2	4	22	26	26	2	18
43	2	4	23	26	26	2	21
43	2	4	24	26	26	3	0
43	2	4	25	26	26	2	22
43	2	5	0	26	26	3	6
43	2	5	3	26	26	3	6
43	2	5	6	26	26	2	25
43	2	5	7	26	26	2	22
43	2	5	8	26	26	3	0
43	2	5	9	26	26	2	21
43	2	5	10	26	26	2	18
43	2	5	13	26	26	3	37
43	2	5	16	26	26	3	37
43	2	5	17	26	26	3	inf
43	2	5	19	26	26	2	18
43	2	5	20	26	26	2	21
43	2	5	21	26	26	3	0
43	2	5	22	26	26	2	22
43	2	5	23	26	26	2	25
43	2	6	0	26	26	3	6
43	2	6	3	26	26	2	25
43	2	6	4	26	26	2	22
43	2	6	5	26	26	3	0
43	2	6	6	26	26	2	21
43	2	6	7	26	26	2	18
43	2	6	10	26	26	3	37
43	2	6	13	26	26	3	37
43	2	6	14	26	26	3	inf
43	2	6	16	26	26	2	18
43	2	6	17	26	26	2	21
43	2	6	18	26	26	3	0
43	2	6	19	26	26	2	22
43	2	6	20	26	26	2	25
43	2	6	23	26	26	3	6
43	2	7	0	26	26	2	25
43	2	7	1	26	26	2	22
43	2	7	2	26	26	3	0
43	2	7	3	26	26	2	21
43	2	7	4	26	26	2	18
43	2	7	7	26	26	3	37
43	2	7	10	26	26	3	37
43	2	7	11	26	26	3	inf
43	2	7	13	26	26	2	18
43	2	7	14	26	26	2	21
43	2	7	15	26	26	3	0
43	2	7	16	26	26	2	22
43	2	7	17	26	26	2	25
43	2	7	20	26	26	3	6
43	2	7	23	26	26	3	6
43	2	8	0	26	26	2	21
43	2	8	1	26	26	2	18
43	2	8	4	26	26	3	37
43	2	8	7	26	26	3	37
43	2	8	8	26	26	3	inf
43	2	8	10	26	26	2	18
43	2	8	11	26	26	2	21
43	2	8	12	26	26	3	0
43	2	8	13	26	26	2	22
43	2	8	14	26	26	2	25
43	2	8	17	26	26	3	6
43	2	8	20	26	26	3	6
43	2	8	23	26	26	2	25
43	2	8	24	26	26	2	22
43	2	8	25	26	26	3	0
43	2	9	1	26	26	3	37
43	2	9	4	26	26	3	37
43	2	9	5	26	26	3	inf
43	2	9	7	26	26	2	18
43	2	9	8	26	26	2	21
43	2	9	9	26	26	3	0
43	2	9	10	26	26	2	22
43	2	9	11	26	26	2	25
43	2	9	14	26	26	3	6
43	2	9	17	26	26	3	6
43	2	9	20	26	26	2	25
43	2	9	21	26	26	2	22
43	2	9	22	26	26	3	0
43	2	9	23	26	26	2	21
43	2	9	24	26	26	2	18
43	2	10	1	26	26	3	37
43	2	10	2	26	26	3	inf
43	2	10	4	26	26	2	18
43	2	10	5	26	26	2	21
43	2	10	6	26	26	3	0
43	2	10	7	26	26	2	22
43	2	10	8	26	26	2	25
43	2	10	11	26	26	3	6
43	2	10	14	26	26	3	6
43	2	10	17	26	26	2	25
43	2	10	18	26	26	2	22
43	2	10	19	26	26	3	0
43	2	10	20	26	26	2	21
43	2	10	21	26	26	2	18
43	2	10	24	26	26	3	37
43	2	11	1	26	26	2	18
43	2	11	2	26	26	2	21
43	2	11	3	26	26	3	0
43	2	11	4	26	26	2	22
43	2	11	5	26	26	2	25
43	2	11	8	26	26	3	6
43	2	11	11	26	26	3	6
43	2	11	14	26	26	2	25
43	2	11	15	26	26	2	22
43	2	11	16	26	26	3	0
43	2	11	17	26	26	2	21
43	2	11	18	26	26	2	18
43	2	11	21	26	26	3	37
43	2	11	24	26	26	3	37
43	2	11	25	26	26	3	inf
43	2	12	0	26	26	3	0
43	2	12	1	26	26	2	22
43	2	12	2	26	26	2	25
43	2	12	5	26	26	3	6
43	2	12	8	26	26	3	6
43	2	12	11	26	26	2	25
43	2	12	12	26	26	2	22
43	2	12	13	26	26	3	0
43	2	12	14	26	26	2	21
43	2	12	15	26	26	2	18
43	2	12	18	26	26	3	37
43	2	12	21	26	26	3	37
43	2	12	22	26	26	3	inf
43	2	12	24	26	26	2	18
43	2	12	25	26	26	2	21
43	2	13	2	26	26	3	6
43	2	13	5	26	26	3	6
43	2	13	8	26	26	2	25
43	2	13	9	26	26	2	22
43	2	13	10	26	26	3	0
43	2	13	11	26	26	2	21
43	2	13	12	26	26	2	18
43	2	13	15	26	26	3	37
43	2	13	18	26	26	3	37
43	2	13	19	26	26	3	inf
43	2	13	21	26	26	2	18
43	2	13	22	26	26	2	21
43	2	13	23	26	26	3	0
43	2	13	24	26	26	2	22
43	2	13	25	26	26	2	25
43	2	14	2	26	26	3	6
43	2	14	5	26	26	2	25
43	2	14	6	26	26	2	22
43	2	14	7	26	26	3	0
43	2	14	8	26	26	2	21
43	2	14	9	26	26	2	18
43	2	14	12	26	26	3	37
43	2	14	15	26	26	3	37
43	2	14	16	26	26	3	inf
43	2	14	18	26	26	2	18
43	2	14	19	26	26	2	21
43	2	14	20	26	26	3	0
43	2	14	21	26	26	2	22
43	2	14	22	26	26	2	25
43	2	14	25	26	26	3	6
43	2	15	2	26	26	2	25
43	2	15	3	26	26	2	22
43	2	15	4	26	26	3	0
43	2	15	5	26	26	2	21
43	2	15	6	26	26	2	18
43	2	15	9	26	26	3	37
43	2	15	12	26	26	3	37
43	2	15	13	26	26	3	inf
43	2	15	15	26	26	2	18
43	2	15	16	26	26	2	21
43	2	15	17	26	26	3	0
43	2	15	18	26	26	2	22
43	2	15	19	26	26	2	25
43	2	15	22	26	26	3	6
43	2	15	25	26	26	3	6
43	2	16	0	26	26	2	22
43	2	16	1	26	26	3	0
43	2	16	2	26	26	2	21
43	2	16	3	26	26	2	18
43	2	16	6	26	26	3	37
43	2	16	9	26	26	3	37
43	2	16	10	26	26	3	inf
43	2	16	12	26	26	2	18
43	2	16	13	26	26	2	21
43	2	16	14	26	26	3	0
43	2	16	15	26	26	2	22
43	2	16	16	26	26	2	25
43	2	16	19	26	26	3	6
43	2	16	22	26	26	3	6
43	2	16	25	26	26	2	25
43	2	17	0	26	26	2	18
43	2	17	3	26	26	3	37
43	2	17	6	26	26	3	37
43	2	17	7	26	26	3	inf
43	2	17	9	26	26	2	18
43	2	17	10	26	26	2	21
43	2	17	11	26	26	3	0
43	2	17	12	26	26	2	22
43	2	17	13	26	26	2	25
43	2	17	16	26	26	3	6
43	2	17	19	26	26	3	6
43	2	17	22	26	26	2	25
43	2	17	23	26	26	2	22
43	2	17	24	26	26	3	0
43	2	17	25	26	26	2	21
43	2	18	0	26	26	3	37
43	2	18	3	26	26	3	37
43	2	18	4	26	26	3	inf
43	2	18	6	26	26	2	18
43	2	18	7	26	26	2	21
43	2	18	8	26	26	3	0
43	2	18	9	26	26	2	22
43	2	18	10	26	26	2	25
43	2	18	13	26	26	3	6
43	2	18	16	26	26	3	6
43	2	18	19	26	26	2	25
43	2	18	20	26	26	2	22
43	2	18	21	26	26	3	0
43	2	18	22	26	26	2	21
43	2	18	23	26	26	2	18
43	2	19	0	26	26	3	37
43	2	19	1	26	26	3	inf
43	2	19	3	26	26	2	18
43	2	19	4	26	26	2	21
43	2	19	5	26	26	3	0
43	2	19	6	26	26	2	22
43	2	19	7	26	26	2	25
43	2	19	10	26	26	3	6
43	2	19	13	26	26	3	6
43	2	19	16	26	26	2	25
43	2	19	17	26	26	2	22
43	2	19	18	26	26	3	0
43	2	19	19	26	26	2	21
43	2	19	20	26	26	2	18
43	2	19	23	26	26	3	37
43	2	20	0	26	26	2	18
43	2	20	1	26	26	2	21
43	2	20	2	26	26	3	0
43	2	20	3	26	26	2	22
43	2	20	4	26	26	2	25
43	2	20	7	26	26	3	6
43	2	20	10	26	26	3	6
43	2	20	13	26	26	2	25
43	2	20	14	26	26	2	22
43	2	20	15	26	26	3	0
43	2	20	16	26	26	2	21
43	2	20	17	26	26	2	18
43	2	20	20	26	26	3	37
43	2	20	23	26	26	3	37
43	2	20	24	26	26	3	inf
43	2	21	0	26	26	2	22
43	2	21	1	26	26	2	25
43	2	21	4	26	26	3	6
43	2	21	7	26	26	3	6
43	2	21	10	26	26	2	25
43	2	21	11	26	26	2	22
43	2	21	12	26	26	3	0
43	2	21	13	26	26	2	21
43	2	21	14	26	26	2	18
43	2	21	17	26	26	3	37
43	2	21	20	26	26	3	37
43	2	21	21	26	26	3	inf
43	2	21	23	26	26	2	18
43	2	21	24	26	26	2	21
43	2	21	25	26	26	3	0
43	2	22	1	26	26	3	6
43	2	22	4	26	26	3	6
43	2	22	7	26	26	2	25
43	2	22	8	26	26	2	22
43	2	22	9	26	26	3	0
43	2	22	10	26	26	2	21
43	2	22	11	26	26	2	18
43	2	22	14	26	26	3	37
43	2	22	17	26	26	3	37
43	2	22	18	26	26	3	inf
43	2	22	20	26	26	2	18
43	2	22	21	26	26	2	21
43	2	22	22	26	26	3	0
43	2	22	23	26	26	2	22
43	2	22	24	26	26	2	25
43	2	23	1	26	26	3	6
43	2	23	4	26	26	2	25
43	2	23	5	26	26	2	22
43	2	23	6	26	26	3	0
43	2	23	7	26	26	2	21
43	2	23	8	26	26	2	18
43	2	23	11	26	26	3	37
43	2	23	14	26	26	3	37
43	2	23	15	26	26	3	inf
43	2	23	17	26	26	2	18
43	2	23	18	26	26	2	21
43	2	23	19	26	26	3	0
43	2	23	20	26	26	2	22
43	2	23	21	26	26	2	25
43	2	23	24	26	26	3	6
43	2	24	1	26	26	2	25
43	2	24	2	26	26	2	22
43	2	24	3	26	26	3	0
43	2	24	4	26	26	2	21
43	2	24	5	26	26	2	18
43	2	24	8	26	26	3	37
43	2	24	11	26	26	3	37
43	2	24	12	26	26	3	inf
43	2	24	14	26	26	2	18
43	2	24	15	26	26	2	21
43	2	24	16	26	26	3	0
43	2	24	17	26	26	2	22
43	2	24	18	26	26	2	25
43	2	24	21	26	26	3	6
43	2	24	24	26	26	3	6
43	2	25	0	26	26	3	0
43	2	25	1	26	26	2	21
43	2	25	2	26	26	2	18
43	2	25	5	26	26	3	37
43	2	25	8	26	26	3	37
43	2	25	9	26	26	3	inf
43	2	25	11	26	26	2	18
43	2	25	12	26	26	2	21
43	2	25	13	26	26	3	0
43	2	25	14	26	26	2	22
43	2	25	15	26	26	2	25
43	2	25	18	26	26	3	6
43	2	25	21	26	26	3	6
43	2	25	24	26	26	2	25
43	2	25	25	26	26	2	22
47	1	0	2	15	30	2	35
47	1	0	5	15	30	2	20
47	1	0	7	15	30	3	4
47	1	0	8	15	30	3	13
47	1	0	9	15	30	3	4
47	1	0	11	15	30	2	20
47	1	0	14	15	30	3	inf
47	1	0	17	15	30	2	12
47	1	0	20	15	30	2	27
47	1	0	22	15	30	3	43
47	1	0	23	15	30	3	34
47	1	0	24	15	30	3	43
47	1	0	26	15	30	2	27
47	1	0	29	15	30	2	12
47	1	1	0	15	30	2	27
47	1	1	3	15	30	2	12
47	1	1	6	15	30	2	35
47	1	1	9	15	30	2	20
47	1	1	11	15	30	3	4
47	1	1	12	15	30	3	13
47	1	1	13	15	30	3	4
47	1	1	15	15	30	2	20
47	1	1	18	15	30	3	inf
47	1	1	21	15	30	2	12
47	1	1	24	15	30	2	27
47	1	1	26	15	30	3	43
47	1	1	27	15	30	3	34
47	1	1	28	15	30	3	43
47	1	2	0	15	30	3	43
47	1	2	1	15	30	3	34
47	1	2	2	15	30	3	43
47	1	2	4	15	30	2	27
47	1	2	7	15	30	2	12
47	1	2	10	15	30	2	35
47	1	2	13	15	30	2	20
47	1	2	15	15	30	3	4
47	1	2	16	15	30	3	13
47	1	2	17	15	30	3	4
47	1	2	19	15	30	2	20
47	1	2	22	15	30	3	inf
47	1	2	25	15	30	2	12
47	1	2	28	15	30	2	27
47	1	3	2	15	30	2	27
47	1	3	4	15	30	3	43
47	1	3	5	15	30	3	34
47	1	3	6	15	30	3	43
47	1	3	8	15	30	2	27
47	1	3	11	15	30	2	12
47	1	3	14	15	30	2	35
47	1	3	17	15	30	2	20
47	1	3	19	15	30	3	4
47	1	3	20	15	30	3	13
47	1	3	21	15	30	3	4
47	1	3	23	15	30	2	20
47	1	3	26	15	30	3	inf
47	1	3	29	15	30	2	12
47	1	4	0	15	30	3	inf
47	1	4	3	15	30	2	12
47	1	4	6	15	30	2	27
47	1	4	8	15	30	3	43
47	1	4	9	15	30	3	34
47	1	4	10	15	30	3	43
47	1	4	12	15	30	2	27
47	1	4	15	15	30	2	12
47	1	4	18	15	30	2	35
47	1	4	21	15	30	2	20
47	1	4	23	15	30	3	4
47	1	4	24	15	30	3	13
47	1	4	25	15	30	3	4
47	1	4	27	15	30	2	20
47	1	5	1	15	30	2	20
47	1	5	4	15	30	3	inf
47	1	5	7	15	30	2	12
47	1	5	10	15	30	2	27
47	1	5	12	15	30	3	43
47	1	5	13	15	30	3	34
47	1	5	14	15	30	3	43
47	1	5	16	15	30	2	27
47	1	5	19	15	30	2	12
47	1	5	22	15	30	2	35
47	1	5	25	15	30	2	20
47	1	5	27	15	30	3	4
47	1	5	28	15	30	3	13
47	1	5	29	15	30	3	4
47	1	6	1	15	30	3	4
47	1	6	2	15	30	3	13
47	1	6	3	15	30	3	4
47	1	6	5	15	30	2	20
47	1	6	8	15	30	3	inf
47	1	6	11	15	30	2	12
47	1	6	14	15	30	2	27
47	1	6	16	15	30	3	43
47	1	6	17	15	30	3	34
47	1	6	18	15	30	3	43
47	1	6	20	15	30	2	27
47	1	6	23	15	30	2	12
47	1	6	26	15	30	2	35
47	1	6	29	15	30	2	20
47	1	7	0	15	30	2	35
47	1	7	3	15	30	2	20
47	1	7	5	15	30	3	4
47	1	7	6	15	30	3	13
47	1	7	7	15	30	3	4
47	1	7	9	15	30	2	20
47	1	7	12	15	30	3	inf
47	1	7	15	15	30	2	12
47	1	7	18	15	30	2	27
47	1	7	20	15	30	3	43
47	1	7	21	15	30	3	34
47	1	7	22	15	30	3	43
47	1	7	24	15	30	2	27
47	1	7	27	15	30	2	12
47	1	8	1	15	30	2	12
47	1	8	4	15	30	2	35
47	1	8	7	15	30	2	20
47	1	8	9	15	30	3	4
47	1	8	10	15	30	3	13
47	1	8	11	15	30	3	4
47	1	8	13	15	30	2	20
47	1	8	16	15	30	3	inf
47	1	8	19	15	30	2	12
47	1	8	22	15	30	2	27
47	1	8	24	15	30	3	43
47	1	8	25	15	30	3	34
47	1	8	26	15	30	3	43
47	1	8	28	15	30	2	27
47	1	9	0	15	30	3	43
47	1	9	2	15	30	2	27
47	1	9	5	15	30	2	12
47	1	9	8	15	30	2	35
47	1	9	11	15	30	2	20
47	1	9	13	15	30	3	4
47	1	9	14	15	30	3	13
47	1	9	15	15	30	3	4
47	1	9	17	15	30	2	20
47	1	9	20	15	30	3	inf
47	1	9	23	15	30	2	12
47	1	9	26	15	30	2	27
47	1	9	28	15	30	3	43
47	1	9	29	15	30	3	34
47	1	10	0	15	30	2	27
47	1	10	2	15	30	3	43
47	1	10	3	15	30	3	34
47	1	10	4	15	30	3	43
47	1	10	6	15	30	2	27
47	1	10	9	15	30	2	12
47	1	10	12	15	30	2	35
47	1	10	15	15	30	2	20
47	1	10	17	15	30	3	4
47	1	10	18	15	30	3	13
47	1	10	19	15	30	3	4
47	1	10	21	15	30	2	20
47	1	10	24	15	30	3	inf
47	1	10	27	15	30	2	12
47	1	11	1	15	30	2	12
47	1	11	4	15	30	2	27
47	1	11	6	15	30	3	43
47	1	11	7	15	30	3	34
47	1	11	8	15	30	3	43
47	1	11	10	15	30	2	27
47	1	11	13	15	30	2	12
47	1	11	16	15	30	2	35
47	1	11	19	15	30	2	20
47	1	11	21	15	30	3	4
47	1	11	22	15	30	3	13
47	1	11	23	15	30	3	4
47	1	11	25	15	30	2	20
47	1	11	28	15	30	3	inf
47	1	12	2	15	30	3	inf
47	1	12	5	15	30	2	12
47	1	12	8	15	30	2	27
47	1	12	10	15	30	3	43
47	1	12	11	15	30	3	34
47	1	12	12	15	30	3	43
47	1	12	14	15	30	2	27
47	1	12	17	15	30	2	12
47	1	12	20	15	30	2	35
47	1	12	23	15	30	2	20
47	1	12	25	15	30	3	4
47	1	12	26	15	30	3	13
47	1	12	27	15	30	3	4
47	1	12	29	15	30	2	20
47	1	13	0	15	30	3	13
47	1	13	1	15	30	3	4
47	1	13	3	15	30	2	20
47	1	13	6	15	30	3	inf
47	1	13	9	15	30	2	12
47	1	13	12	15	30	2	27
47	1	13	14	15	30	3	43
47	1	13	15	15	30	3	34
47	1	13	16	15	30	3	43
47	1	13	18	15	30	2	27
47	1	13	21	15	30	2	12
47	1	13	24	15	30	2	35
47	1	13	27	15	30	2	20
47	1	13	29	15	30	3	4
47	1	14	1	15	30	2	20
47	1	14	3	15	30	3	4
47	1	14	4	15	30	3	13
47	1	14	5	15	30	3	4
47	1	14	7	15	30	2	20
47	1	14	10	15	30	3	inf
47	1	14	13	15	30	2	12
47	1	14	16	15	30	2	27
47	1	14	18	15	30	3	43
47	1	14	19	15	30	3	34
47	1	14	20	15	30	3	43
47	1	14	22	15	30	2	27
47	1	14	25	15	30	2	12
47	1	14	28	15	30	2	35
47	2	0	2	15	30	2	12
47	2	0	5	15	30	2	27
47	2	0	7	15	30	3	43
47	2	0	8	15	30	3	34
47	2	0	9	15	30	3	43
47	2	0	11	15	30	2	27
47	2	0	14	15	30	2	12
47	2	0	17	15	30	2	35
47	2	0	20	15	30	2	20
47	2	0	22	15	30	3	4
47	2	0	23	15	30	3	13
47	2	0	24	15	30	3	4
47	2	0	26	15	30	2	20
47	2	0	29	15	30	3	inf
47	2	1	0	15	30	2	20
47	2	1	3	15	30	3	inf
47	2	1	6	15	30	2	12
47	2	1	9	15	30	2	27
47	2	1	11	15	30	3	43
47	2	1	12	15	30	3	34
47	2	1	13	15	30	3	43
47	2	1	15	15	30	2	27
47	2	1	18	15	30	2	12
47	2	1	21	15	30	2	35
47	2	1	24	15	30	2	20
47	2	1	26	15	30	3	4
47	2	1	27	15	30	3	13
47	2	1	28	15	30	3	4
47	2	2	0	15	30	3	4
47	2	2	1	15	30	3	13
47	2	2	2	15	30	3	4
47	2	2	4	15	30	2	20
47	2	2	7	15	30	3	inf
47	2	2	10	15	30	2	12
47	2	2	13	15	30	2	27
47	2	2	15	15	30	3	43
47	2	2	16	15	30	3	34
47	2	2	17	15	30	3	43
47	2	2	19	15	30	2	27
47	2	2	22	15	30	2	12
47	2	2	25	15	30	2	35
47	2	2	28	15	30	2	20
47	2	3	2	15	30	2	20
47	2	3	4	15	30	3	4
47	2	3	5	15	30	3	13
47	2	3	6	15	30	3	4
47	2	3	8	15	30	2	20
47	2	3	11	15	30	3	inf
47	2	3	14	15	30	2	12
47	2	3	17	15	30	2	27
47	2	3	19	15	30	3	43
47	2	3	20	15	30	3	34
47	2	3	21	15	30	3	43
47	2	3	23	15	30	2	27
47	2	3	26	15	30	2	12
47	2	3	29	15	30	2	35
47	2	4	0	15	30	2	12
47	2	4	3	15	30	2	35
47	2	4	6	15	30	2	20
47	2	4	8	15	30	3	4
47	2	4	9	15	30	3	13
47	2	4	10	15	30	3	4
47	2	4	12	15	30	2	20
47	2	4	15	15	30	3	inf
47	2	4	18	15	30	2	12
47	2	4	21	15	30	2	27
47	2	4	23	15	30	3	43
47	2	4	24	15	30	3	34
47	2	4	25	15	30	3	43
47	2	4	27	15	30	2	27
47	2	5	1	15	30	2	27
47	2	5	4	15	30	2	12
47	2	5	7	15	30	2	35
47	2	5	10	15	30	2	20
47	2	5	12	15	30	3	4
47	2	5	13	15	30	3	13
47	2	5	14	15	30	3	4
47	2	5	16	15	30	2	20
47	2	5	19	15	30	3	inf
47	2	5	22	15	30	2	12
47	2	5	25	15	30	2	27
47	2	5	27	15	30	3	43
47	2	5	28	15	30	3	34
47	2	5	29	15	30	3	43
47	2	6	1	15	30	3	43
47	2	6	2	15	30	3	34
47	2	6	3	15	30	3	43
47	2	6	5	15	30	2	27
47	2	6	8	15	30	2	12
47	2	6	11	15	30	2	35
47	2	6	14	15	30	2	20
47	2	6	16	15	30	3	4
47	2	6	17	15	30	3	13
47	2	6	18	15	30	3	4
47	2	6	20	15	30	2	20
47	2	6	23	15	30	3	inf
47	2	6	26	15	30	2	12
47	2	6	29	15	30	2	27
47	2	7	0	15	30	2	12
47	2	7	3	15	30	2	27
47	2	7	5	15	30	3	43
47	2	7	6	15	30	3	34
47	2	7	7	15	30	3	43
47	2	7	9	15	30	2	27
47	2	7	12	15	30	2	12
47	2	7	15	15	30	2	35
47	2	7	18	15	30	2	20
47	2	7	20	15	30	3	4
47	2	7	21	15	30	3	13
47	2	7	22	15	30	3	4
47	2	7	24	15	30	2	20
47	2	7	27	15	30	3	inf
47	2	8	1	15	30	3	inf
47	2	8	4	15	30	2	12
47	2	8	7	15	30	2	27
47	2	8	9	15	30	3	43
47	2	8	10	15	30	3	34
47	2	8	11	15	30	3	43
47	2	8	13	15	30	2	27
47	2	8	16	15	30	2	12
47	2	8	19	15	30	2	35
47	2	8	22	15	30	2	20
47	2	8	24	15	30	3	4
47	2	8	25	15	30	3	13
47	2	8	26	15	30	3	4
47	2	8	28	15	30	2	20
47	2	9	0	15	30	3	4
47	2	9	2	15	30	2	20
47	2	9	5	15	30	3	inf
47	2	9	8	15	30	2	12
47	2	9	11	15	30	2	27
47	2	9	13	15	30	3	43
47	2	9	14	15	30	3	34
47	2	9	15	15	30	3	43
47	2	9	17	15	30	2	27
47	2	9	20	15	30	2	12
47	2	9	23	15	30	2	35
47	2	9	26	15	30	2	20
47	2	9	28	15	30	3	4
47	2	9	29	15	30	3	13
47	2	10	0	15	30	2	20
47	2	10	2	15	30	3	4
47	2	10	3	15	30	3	13
47	2	10	4	15	30	3	4
47	2	10	6	15	30	2	20
47	2	10	9	15	30	3	inf
47	2	10	12	15	30	2	12
47	2	10	15	15	30	2	27
47	2	10	17	15	30	3	43
47	2	10	18	15	30	3	34
47	2	10	19	15	30	3	43
47	2	10	21	15	30	2	27
47	2	10	24	15	30	2	12
47	2	10	27	15	30	2	35
47	2	11	1	15	30	2	35
47	2	11	4	15	30	2	20
47	2	11	6	15	30	3	4
47	2	11	7	15	30	3	13
47	2	11	8	15	30	3	4
47	2	11	10	15	30	2	20
47	2	11	13	15	30	3	inf
47	2	11	16	15	30	2	12
47	2	11	19	15	30	2	27
47	2	11	21	15	30	3	43
47	2	11	22	15	30	3	34
47	2	11	23	15	30	3	43
47	2	11	25	15	30	2	27
47	2	11	28	15	30	2	12
47	2	12	2	15	30	2	12
47	2	12	5	15	30	2	35
47	2	12	8	15	30	2	20
47	2	12	10	15	30	3	4
47	2	12	11	15	30	3	13
47	2	12	12	15	30	3	4
47	2	12	14	15	30	2	20
47	2	12	17	15	30	3	inf
47	2	12	20	15	30	2	12
47	2	12	23	15	30	2	27
47	2	12	25	15	30	3	43
47	2	12	26	15	30	3	34
47	2	12	27	15	30	3	43
47	2	12	29	15	30	2	27
47	2	13	0	15	30	3	34
47	2	13	1	15	30	3	43
47	2	13	3	15	30	2	27
47	2	13	6	15	30	2	12
47	2	13	9	15	30	2	35
47	2	13	12	15	30	2	20
47	2	13	14	15	30	3	4
47	2	13	15	15	30	3	13
47	2	13	16	15	30	3	4
47	2	13	18	15	30	2	20
47	2	13	21	15	30	3	inf
47	2	13	24	15	30	2	12
47	2	13	27	15	30	2	27
47	2	13	29	15	30	3	43
47	2	14	1	15	30	2	27
47	2	14	3	15	30	3	43
47	2	14	4	15	30	3	34
47	2	14	5	15	30	3	43
47	2	14	7	15	30	2	27
47	2	14	10	15	30	2	12
47	2	14	13	15	30	2	35
47	2	14	16	15	30	2	20
47	2	14	18	15	30	3	4
47	2	14	19	15	30	3	13
47	2	14	20	15	30	3	4
47	2	14	22	15	30	2	20
47	2	14	25	15	30	3	inf
47	2	14	28	15	30	2	12
53	1	0	0	16	16	2	1
53	1	0	4	16	16	3	inf
53	1	0	8	16	16	2	52
53	1	0	11	16	16	2	41
53	1	0	12	16	16	3	0
53	1	0	13	16	16	2	12
53	1	1	3	16	16	2	52
53	1	1	6	16	16	2	41
53	1	1	7	16	16	3	0
53	1	1	8	16	16	2	12
53	1	1	11	16	16	2	1
53	1	1	15	16	16	3	inf
53	1	2	1	16	16	2	41
53	1	2	2	16	16	3	0
53	1	2	3	16	16	2	12
53	1	2	6	16	16	2	1
53	1	2	10	16	16	3	inf
53	1	2	14	16	16	2	52
53	1	3	1	16	16	2	1
53	1	3	5	16	16	3	inf
53	1	3	9	16	16	2	52
53	1	3	12	16	16	2	41
53	1	3	13	16	16	3	0
53	1	3	14	16	16	2	12
53	1	4	0	16	16	3	inf
53	1	4	4	16	16	2	52
53	1	4	7	16	16	2	41
53	1	4	8	16	16	3	0
53	1	4	9	16	16	2	12
53	1	4	12	16	16	2	1
53	1	5	2	16	16	2	41
53	1	5	3	16	16	3	0
53	1	5	4	16	16	2	12
53	1	5	7	16	16	2	1
53	1	5	11	16	16	3	inf
53	1	5	15	16	16	2	52
53	1	6	2	16	16	2	1
53	1	6	6	16	16	3	inf
53	1	6	10	16	16	2	52
53	1	6	13	16	16	2	41
53	1	6	14	16	16	3	0
53	1	6	15	16	16	2	12
53	1	7	1	16	16	3	inf
53	1	7	5	16	16	2	52
53	1	7	8	16	16	2	41
53	1	7	9	16	16	3	0
53	1	7	10	16	16	2	12
53	1	7	13	16	16	2	1
53	1	8	0	16	16	2	52
53	1	8	3	16	16	2	41
53	1	8	4	16	16	3	0
53	1	8	5	16	16	2	12
53	1	8	8	16	16	2	1
53	1	8	12	16	16	3	inf
53	1	9	0	16	16	2	12
53	1	9	3	16	16	2	1
53	1	9	7	16	16	3	inf
53	1	9	11	16	16	2	52
53	1	9	14	16	16	2	41
53	1	9	15	16	16	3	0
53	1	10	2	16	16	3	inf
53	1	10	6	16	16	2	52
53	1	10	9	16	16	2	41
53	1	10	10	16	16	3	0
53	1	10	11	16	16	2	12
53	1	10	14	16	16	2	1
53	1	11	1	16	16	2	52
53	1	11	4	16	16	2	41
53	1	11	5	16	16	3	0
53	1	11	6	16	16	2	12
53	1	11	9	16	16	2	1
53	1	11	13	16	16	3	inf
53	1	12	0	16	16	3	0
53	1	12	1	16	16	2	12
53	1	12	4	16	16	2	1
53	1	12	8	16	16	3	inf
53	1	12	12	16	16	2	52
53	1	12	15	16	16	2	41
53	1	13	3	16	16	3	inf
53	1	13	7	16	16	2	52
53	1	13	10	16	16	2	41
53	1	13	11	16	16	3	0
53	1	13	12	16	16	2	12
53	1	13	15	16	16	2	1
53	1	14	2	16	16	2	52
53	1	14	5	16	16	2	41
53	1	14	6	16	16	3	0
53	1	14	7	16	16	2	12
53	1	14	10	16	16	2	1
53	1	14	14	16	16	3	inf
53	1	15	0	16	16	2	41
53	1	15	1	16	16	3	0
53	1	15	2	16	16	2	12
53	1	15	5	16	16	2	1
53	1	15	9	16	16	3	inf
53	1	15	13	16	16	2	52
53	2	0	0	16	16	2	52
53	2	0	4	16	16	3	inf
53	2	0	8	16	16	3	inf
53	2	0	11	16	16	2	12
53	2	0	12	16	16	3	0
53	2	0	13	16	16	2	41
53	2	1	3	16	16	3	inf
53	2	1	6	16	16	2	12
53	2	1	7	16	16	3	0
53	2	1	8	16	16	2	41
53	2	1	11	16	16	2	52
53	2	1	15	16	16	3	inf
53	2	2	1	16	16	2	12
53	2	2	2	16	16	3	0
53	2	2	3	16	16	2	41
53	2	2	6	16	16	2	52
53	2	2	10	16	16	3	inf
53	2	2	14	16	16	3	inf
53	2	3	1	16	16	2	52
53	2	3	5	16	16	3	inf
53	2	3	9	16	16	3	inf
53	2	3	12	16	16	2	12
53	2	3	13	16	16	3	0
53	2	3	14	16	16	2	41
53	2	4	0	16	16	3	inf
53	2	4	4	16	16	3	inf
53	2	4	7	16	16	2	12
53	2	4	8	16	16	3	0
53	2	4	9	16	16	2	41
53	2	4	12	16	16	2	52
53	2	5	2	16	16	2	12
53	2	5	3	16	16	3	0
53	2	5	4	16	16	2	41
53	2	5	7	16	16	2	52
53	2	5	11	16	16	3	inf
53	2	5	15	16	16	3	inf
53	2	6	2	16	16	2	52
53	2	6	6	16	16	3	inf
53	2	6	10	16	16	3	inf
53	2	6	13	16	16	2	12
53	2	6	14	16	16	3	0
53	2	6	15	16	16	2	41
53	2	7	1	16	16	3	inf
53	2	7	5	16	16	3	inf
53	2	7	8	16	16	2	12
53	2	7	9	16	16	3	0
53	2	7	10	16	16	2	41
53	2	7	13	16	16	2	52
53	2	8	0	16	16	3	inf
53	2	8	3	16	16	2	12
53	2	8	4	16	16	3	0
53	2	8	5	16	16	2	41
53	2	8	8	16	16	2	52
53	2	8	12	16	16	3	inf
53	2	9	0	16	16	2	41
53	2	9	3	16	16	2	52
53	2	9	7	16	16	3	inf
53	2	9	11	16	16	3	inf
53	2	9	14	16	16	2	12
53	2	9	15	16	16	3	0
53	2	10	2	16	16	3	inf
53	2	10	6	16	16	3	inf
53	2	10	9	16	16	2	12
53	2	10	10	16	16	3	0
53	2	10	11	16	16	2	41
53	2	10	14	16	16	2	52
53	2	11	1	16	16	3	inf
53	2	11	4	16	16	2	12
53	2	11	5	16	16	3	0
53	2	11	6	16	16	2	41
53	2	11	9	16	16	2	52
53	2	11	13	16	16	3	inf
53	2	12	0	16	16	3	0
53	2	12	1	16	16	2	41
53	2	12	4	16	16	2	52
53	2	12	8	16	16	3	inf
53	2	12	12	16	16	3	inf
53	2	12	15	16	16	2	12
53	2	13	3	16	16	3	inf
53	2	13	7	16	16	3	inf
53	2	13	10	16	16	2	12
53	2	13	11	16	16	3	0
53	2	13	12	16	16	2	41
53	2	13	15	16	16	2	52
53	2	14	2	16	16	3	inf
53	2	14	5	16	16	2	12
53	2	14	6	16	16	3	0
53	2	14	7	16	16	2	41
53	2	14	10	16	16	2	52
53	2	14	14	16	16	3	inf
53	2	15	0	16	16	2	12
53	2	15	1	16	16	3	0
53	2	15	2	16	16	2	41
53	2	15	5	16	16	2	52
53	2	15	9	16	16	3	inf
53	2	15	13	16	16	3	inf
59	1	0	2	24	8	2	23
59	1	0	6	24	8	2	36
59	1	1	0	24	8	3	inf
59	1	1	4	24	8	3	inf
59	1	1	7	24	8	3	inf
59	1	2	2	24	8	2	23
59	1	2	6	24	8	2	36
59	1	3	1	24	8	2	36
59	1	3	5	24	8	2	23
59	1	4	2	24	8	3	inf
59	1	4	3	24	8	3	inf
59	1	4	7	24	8	3	inf
59	1	5	1	24	8	2	36
59	1	5	5	24	8	2	23
59	1	6	0	24	8	2	23
59	1	6	4	24	8	2	36
59	1	7	2	24	8	3	inf
59	1	7	5	24	8	3	inf
59	1	7	6	24	8	3	inf
59	1	8	0	24	8	2	23
59	1	8	4	24	8	2	36
59	1	9	3	24	8	2	23
59	1	9	7	24	8	2	36
59	1	10	0	24	8	3	inf
59	1	10	1	24	8	3	inf
59	1	10	5	24	8	3	inf
59	1	11	3	24	8	2	23
59	1	11	7	24	8	2	36
59	1	12	2	24	8	2	36
59	1	12	6	24	8	2	23
59	1	13	0	24	8	3	inf
59	1	13	3	24	8	3	inf
59	1	13	4	24	8	3	inf
59	1	14	2	24	8	2	36
59	1	14	6	24	8	2	23
59	1	15	1	24	8	2	23
59	1	15	5	24	8	2	36
59	1	16	3	24	8	3	inf
59	1	16	6	24	8	3	inf
59	1	16	7	24	8	3	inf
59	1	17	1	24	8	2	23
59	1	17	5	24	8	2	36
59	1	18	0	24	8	2	36
59	1	18	4	24	8	2	23
59	1	19	1	24	8	3	inf
59	1	19	2	24	8	3	inf
59	1	19	6	24	8	3	inf
59	1	20	0	24	8	2	36
59	1	20	4	24	8	2	23
59	1	21	3	24	8	2	36
59	1	21	7	24	8	2	23
59	1	22	1	24	8	3	inf
59	1	22	4	24	8	3	inf
59	1	22	5	24	8	3	inf
59	1	23	3	24	8	2	36
59	1	23	7	24	8	2	23
59	2	0	2	24	8	2	36
59	2	0	6	24	8	2	23
59	2	1	0	24	8	3	inf
59	2	1	3	24	8	3	inf
59	2	1	4	24	8	3	inf
59	2	2	2	24	8	2	36
59	2	2	6	24	8	2	23
59	2	3	1	24	8	2	23
59	2	3	5	24	8	2	36
59	2	4	3	24	8	3	inf
59	2	4	6	24	8	3	inf
59	2	4	7	24	8	3	inf
59	2	5	1	24	8	2	23
59	2	5	5	24	8	2	36
59	2	6	0	24	8	2	36
59	2	6	4	24	8	2	23
59	2	7	1	24	8	3	inf
59	2	7	2	24	8	3	inf
59	2	7	6	24	8	3	inf
59	2	8	0	24	8	2	36
59	2	8	4	24	8	2	23
59	2	9	3	24	8	2	36
59	2	9	7	24	8	2	23
59	2	10	1	24	8	3	inf
59	2	10	4	24	8	3	inf
59	2	10	5	24	8	3	inf
59	2	11	3	24	8	2	36
59	2	11	7	24	8	2	23
59	2	12	2	24	8	2	23
59	2	12	6	24	8	2	36
59	2	13	0	24	8	3	inf
59	2	13	4	24	8	3	inf
59	2	13	7	24	8	3	inf
59	2	14	2	24	8	2	23
59	2	14	6	24	8	2	36
59	2	15	1	24	8	2	36
59	2	15	5	24	8	2	23
59	2	16	2	24	8	3	inf
59	2	16	3	24	8	3	inf
59	2	16	7	24	8	3	inf
59	2	17	1	24	8	2	36
59	2	17	5	24	8	2	23
59	2	18	0	24	8	2	23
59	2	18	4	24	8	2	36
59	2	19	2	24	8	3	inf
59	2	19	5	24	8	3	inf
59	2	19	6	24	8	3	inf
59	2	20	0	24	8	2	23
59	2	20	4	24	8	2	36
59	2	21	3	24	8	2	23
59	2	21	7	24	8	2	36
59	2	22	0	24	8	3	inf
59	2	22	1	24	8	3	inf
59	2	22	5	24	8	3	inf
59	2	23	3	24	8	2	23
59	2	23	7	24	8	2	36
61	1	0	10	17	34	3	48
61	1	0	14	17	34	3	inf
61	1	0	27	17	34	3	13
61	1	1	16	17	34	3	48
61	1	1	20	17	34	3	inf
61	1	1	33	17	34	3	13
61	1	2	5	17	34	3	13
61	1	2	22	17	34	3	48
61	1	2	26	17	34	3	inf
61	1	3	11	17	34	3	13
61	1	3	28	17	34	3	48
61	1	3	32	17	34	3	inf
61	1	4	0	17	34	3	48
61	1	4	4	17	34	3	inf
61	1	4	17	17	34	3	13
61	1	5	6	17	34	3	48
61	1	5	10	17	34	3	inf
61	1	5	23	17	34	3	13
61	1	6	12	17	34	3	48
61	1	6	16	17	34	3	inf
61	1	6	29	17	34	3	13
61	1	7	1	17	34	3	13
61	1	7	18	17	34	3	48
61	1	7	22	17	34	3	inf
61	1	8	7	17	34	3	13
61	1	8	24	17	34	3	48
61	1	8	28	17	34	3	inf
61	1	9	0	17	34	3	inf
61	1	9	13	17	34	3	13
61	1	9	30	17	34	3	48
61	1	10	2	17	34	3	48
61	1	10	6	17	34	3	inf
61	1	10	19	17	34	3	13
61	1	11	8	17	34	3	48
61	1	11	12	17	34	3	inf
61	1	11	25	17	34	3	13
61	1	12	14	17	34	3	48
61	1	12	18	17	34	3	inf
61	1	12	31	17	34	3	13
61	1	13	3	17	34	3	13
61	1	13	20	17	34	3	48
61	1	13	24	17	34	3	inf
61	1	14	9	17	34	3	13
61	1	14	26	17	34	3	48
61	1	14	30	17	34	3	inf
61	1	15	2	17	34	3	inf
61	1	15	15	17	34	3	13
61	1	15	32	17	34	3	48
61	1	16	4	17	34	3	48
61	1	16	8	17	34	3	inf
61	1	16	21	17	34	3	13
61	2	0	10	17	34	3	13
61	2	0	27	17	34	3	48
61	2	0	31	17	34	3	inf
61	2	1	3	17	34	3	inf
61	2	1	16	17	34	3	13
61	2	1	33	17	34	3	48
61	2	2	5	17	34	3	48
61	2	2	9	17	34	3	inf
61	2	2	22	17	34	3	13
61	2	3	11	17	34	3	48
61	2	3	15	17	34	3	inf
61	2	3	28	17	34	3	13
61	2	4	0	17	34	3	13
61	2	4	17	17	34	3	48
61	2	4	21	17	34	3	inf
61	2	5	6	17	34	3	13
61	2	5	23	17	34	3	48
61	2	5	27	17	34	3	inf
61	2	6	12	17	34	3	13
61	2	6	29	17	34	3	48
61	2	6	33	17	34	3	inf
61	2	7	1	17	34	3	48
61	2	7	5	17	34	3	inf
61	2	7	18	17	34	3	13
61	2	8	7	17	34	3	48
61	2	8	11	17	34	3	inf
61	2	8	24	17	34	3	13
61	2	9	13	17	34	3	48
61	2	9	17	17	34	3	inf
61	2	9	30	17	34	3	13
61	2	10	2	17	34	3	13
61	2	10	19	17	34	3	48
61	2	10	23	17	34	3	inf
61	2	11	8	17	34	3	13
61	2	11	25	17	34	3	48
61	2	11	29	17	34	3	inf
61	2	12	1	17	34	3	inf
61	2	12	14	17	34	3	13
61	2	12	31	17	34	3	48
61	2	13	3	17	34	3	48
61	2	13	7	17	34	3	inf
61	2	13	20	17	34	3	13
61	2	14	9	17	34	3	48
61	2	14	13	17	34	3	inf
61	2	14	26	17	34	3	13
61	2	15	15	17	34	3	48
61	2	15	19	17	34	3	inf
61	2	15	32	17	34	3	13
61	2	16	4	17	34	3	13
61	2	16	21	17	34	3	48
61	2	16	25	17	34	3	inf
67	1	1	0	36	12	3	31
67	1	1	1	36	12	3	0
67	1	1	2	36	12	3	36
67	1	1	6	36	12	3	36
67	1	1	7	36	12	3	0
67	1	1	8	36	12	3	31
67	1	1	9	36	12	3	inf
67	1	4	0	36	12	3	0
67	1	4	1	36	12	3	31
67	1	4	2	36	12	3	inf
67	1	4	5	36	12	3	31
67	1	4	6	36	12	3	0
67	1	4	7	36	12	3	36
67	1	4	11	36	12	3	36
67	1	7	0	36	12	3	36
67	1	7	4	36	12	3	36
67	1	7	5	36	12	3	0
67	1	7	6	36	12	3	31
67	1	7	7	36	12	3	inf
67	1	7	10	36	12	3	31
67	1	7	11	36	12	3	0
67	1	10	0	36	12	3	inf
67	1	10	3	36	12	3	31
67	1	10	4	36	12	3	0
67	1	10	5	36	12	3	36
67	1	10	9	36	12	3	36
67	1	10	10	36	12	3	0
67	1	10	11	36	12	3	31
67	1	13	2	36	12	3	36
67	1	13	3	36	12	3	0
67	1	13	4	36	12	3	31
67	1	13	5	36	12	3	inf
67	1	13	8	36	12	3	31
67	1	13	9	36	12	3	0
67	1	13	10	36	12	3	36
67	1	16	1	36	12	3	31
67	1	16	2	36	12	3	0
67	1	16	3	36	12	3	36
67	1	16	7	36	12	3	36
67	1	16	8	36	12	3	0
67	1	16	9	36	12	3	31
67	1	16	10	36	12	3	inf
67	1	19	0	36	12	3	36
67	1	19	1	36	12	3	0
67	1	19	2	36	12	3	31
67	1	19	3	36	12	3	inf
67	1	19	6	36	12	3	31
67	1	19	7	36	12	3	0
67	1	19	8	36	12	3	36
67	1	22	0	36	12	3	0
67	1	22	1	36	12	3	36
67	1	22	5	36	12	3	36
67	1	22	6	36	12	3	0
67	1	22	7	36	12	3	31
67	1	22	8	36	12	3	inf
67	1	22	11	36	12	3	31
67	1	25	0	36	12	3	31
67	1	25	1	36	12	3	inf
67	1	25	4	36	12	3	31
67	1	25	5	36	12	3	0
67	1	25	6	36	12	3	36
67	1	25	10	36	12	3	36
67	1	25	11	36	12	3	0
67	1	28	3	36	12	3	36
67	1	28	4	36	12	3	0
67	1	28	5	36	12	3	31
67	1	28	6	36	12	3	inf
67	1	28	9	36	12	3	31
67	1	28	10	36	12	3	0
67	1	28	11	36	12	3	36
67	1	31	2	36	12	3	31
67	1	31	3	36	12	3	0
67	1	31	4	36	12	3	36
67	1	31	8	36	12	3	36
67	1	31	9	36	12	3	0
67	1	31	10	36	12	3	31
67	1	31	11	36	12	3	inf
67	1	34	1	36	12	3	36
67	1	34	2	36	12	3	0
67	1	34	3	36	12	3	31
67	1	34	4	36	12	3	inf
67	1	34	7	36	12	3	31
67	1	34	8	36	12	3	0
67	1	34	9	36	12	3	36
67	2	1	0	36	12	3	36
67	2	1	1	36	12	3	0
67	2	1	2	36	12	3	31
67	2	1	3	36	12	3	inf
67	2	1	6	36	12	3	31
67	2	1	7	36	12	3	0
67	2	1	8	36	12	3	36
67	2	4	0	36	12	3	0
67	2	4	1	36	12	3	36
67	2	4	5	36	12	3	36
67	2	4	6	36	12	3	0
67	2	4	7	36	12	3	31
67	2	4	8	36	12	3	inf
67	2	4	11	36	12	3	31
67	2	7	0	36	12	3	31
67	2	7	1	36	12	3	inf
67	2	7	4	36	12	3	31
67	2	7	5	36	12	3	0
67	2	7	6	36	12	3	36
67	2	7	10	36	12	3	36
67	2	7	11	36	12	3	0
67	2	10	3	36	12	3	36
67	2	10	4	36	12	3	0
67	2	10	5	36	12	3	31
67	2	10	6	36	12	3	inf
67	2	10	9	36	12	3	31
67	2	10	10	36	12	3	0
67	2	10	11	36	12	3	36
67	2	13	2	36	12	3	31
67	2	13	3	36	12	3	0
67	2	13	4	36	12	3	36
67	2	13	8	36	12	3	36
67	2	13	9	36	12	3	0
67	2	13	10	36	12	3	31
67	2	13	11	36	12	3	inf
67	2	16	1	36	12	3	36
67	2	16	2	36	12	3	0
67	2	16	3	36	12	3	31
67	2	16	4	36	12	3	inf
67	2	16	7	36	12	3	31
67	2	16	8	36	12	3	0
67	2	16	9	36	12	3	36
67	2	19	0	36	12	3	31
67	2	19	1	36	12	3	0
67	2	19	2	36	12	3	36
67	2	19	6	36	12	3	36
67	2	19	7	36	12	3	0
67	2	19	8	36	12	3	31
67	2	19	9	36	12	3	inf
67	2	22	0	36	12	3	0
67	2	22	1	36	12	3	31
67	2	22	2	36	12	3	inf
67	2	22	5	36	12	3	31
67	2	22	6	36	12	3	0
67	2	22	7	36	12	3	36
67	2	22	11	36	12	3	36
67	2	25	0	36	12	3	36
67	2	25	4	36	12	3	36
67	2	25	5	36	12	3	0
67	2	25	6	36	12	3	31
67	2	25	7	36	12	3	inf
67	2	25	10	36	12	3	31
67	2	25	11	36	12	3	0
67	2	28	0	36	12	3	inf
67	2	28	3	36	12	3	31
67	2	28	4	36	12	3	0
67	2	28	5	36	12	3	36
67	2	28	9	36	12	3	36
67	2	28	10	36	12	3	0
67	2	28	11	36	12	3	31
67	2	31	2	36	12	3	36
67	2	31	3	36	12	3	0
67	2	31	4	36	12	3	31
67	2	31	5	36	12	3	inf
67	2	31	8	36	12	3	31
67	2	31	9	36	12	3	0
67	2	31	10	36	12	3	36
67	2	34	1	36	12	3	31
67	2	34	2	36	12	3	0
67	2	34	3	36	12	3	36
67	2	34	7	36	12	3	36
67	2	34	8	36	12	3	0
67	2	34	9	36	12	3	31
67	2	34	10	36	12	3	inf
71	1	0	1	17	17	3	0
71	1	0	5	17	17	3	28
71	1	0	7	17	17	2	59
71	1	0	12	17	17	2	12
71	1	0	14	17	17	3	43
71	1	1	0	17	17	2	12
71	1	1	2	17	17	3	43
71	1	1	6	17	17	3	0
71	1	1	10	17	17	3	28
71	1	1	12	17	17	2	59
71	1	2	0	17	17	2	59
71	1	2	5	17	17	2	12
71	1	2	7	17	17	3	43
71	1	2	11	17	17	3	0
71	1	2	15	17	17	3	28
71	1	3	3	17	17	3	28
71	1	3	5	17	17	2	59
71	1	3	10	17	17	2	12
71	1	3	12	17	17	3	43
71	1	3	16	17	17	3	0
71	1	4	0	17	17	3	43
71	1	4	4	17	17	3	0
71	1	4	8	17	17	3	28
71	1	4	10	17	17	2	59
71	1	4	15	17	17	2	12
71	1	5	3	17	17	2	12
71	1	5	5	17	17	3	43
71	1	5	9	17	17	3	0
71	1	5	13	17	17	3	28
71	1	5	15	17	17	2	59
71	1	6	1	17	17	3	28
71	1	6	3	17	17	2	59
71	1	6	8	17	17	2	12
71	1	6	10	17	17	3	43
71	1	6	14	17	17	3	0
71	1	7	2	17	17	3	0
71	1	7	6	17	17	3	28
71	1	7	8	17	17	2	59
71	1	7	13	17	17	2	12
71	1	7	15	17	17	3	43
71	1	8	1	17	17	2	12
71	1	8	3	17	17	3	43
71	1	8	7	17	17	3	0
71	1	8	11	17	17	3	28
71	1	8	13	17	17	2	59
71	1	9	1	17	17	2	59
71	1	9	6	17	17	2	12
71	1	9	8	17	17	3	43
71	1	9	12	17	17	3	0
71	1	9	16	17	17	3	28
71	1	10	0	17	17	3	0
71	1	10	4	17	17	3	28
71	1	10	6	17	17	2	59
71	1	10	11	17	17	2	12
71	1	10	13	17	17	3	43
71	1	11	1	17	17	3	43
71	1	11	5	17	17	3	0
71	1	11	9	17	17	3	28
71	1	11	11	17	17	2	59
71	1	11	16	17	17	2	12
71	1	12	4	17	17	2	12
71	1	12	6	17	17	3	43
71	1	12	10	17	17	3	0
71	1	12	14	17	17	3	28
71	1	12	16	17	17	2	59
71	1	13	2	17	17	3	28
71	1	13	4	17	17	2	59
71	1	13	9	17	17	2	12
71	1	13	11	17	17	3	43
71	1	13	15	17	17	3	0
71	1	14	3	17	17	3	0
71	1	14	7	17	17	3	28
71	1	14	9	17	17	2	59
71	1	14	14	17	17	2	12
71	1	14	16	17	17	3	43
71	1	15	2	17	17	2	12
71	1	15	4	17	17	3	43
71	1	15	8	17	17	3	0
71	1	15	12	17	17	3	28
71	1	15	14	17	17	2	59
71	1	16	0	17	17	3	28
71	1	16	2	17	17	2	59
71	1	16	7	17	17	2	12
71	1	16	9	17	17	3	43
71	1	16	13	17	17	3	0
71	2	0	1	17	17	3	0
71	2	0	5	17	17	3	43
71	2	0	7	17	17	2	12
71	2	0	12	17	17	2	59
71	2	0	14	17	17	3	28
71	2	0	15	17	17	3	inf
71	2	1	0	17	17	2	59
71	2	1	2	17	17	3	28
71	2	1	3	17	17	3	inf
71	2	1	6	17	17	3	0
71	2	1	10	17	17	3	43
71	2	1	12	17	17	2	12
71	2	2	0	17	17	2	12
71	2	2	5	17	17	2	59
71	2	2	7	17	17	3	28
71	2	2	8	17	17	3	inf
71	2	2	11	17	17	3	0
71	2	2	15	17	17	3	43
71	2	3	3	17	17	3	43
71	2	3	5	17	17	2	12
71	2	3	10	17	17	2	59
71	2	3	12	17	17	3	28
71	2	3	13	17	17	3	inf
71	2	3	16	17	17	3	0
71	2	4	0	17	17	3	28
71	2	4	1	17	17	3	inf
71	2	4	4	17	17	3	0
71	2	4	8	17	17	3	43
71	2	4	10	17	17	2	12
71	2	4	15	17	17	2	59
71	2	5	3	17	17	2	59
71	2	5	5	17	17	3	28
71	2	5	6	17	17	3	inf
71	2	5	9	17	17	3	0
71	2	5	13	17	17	3	43
71	2	5	15	17	17	2	12
71	2	6	1	17	17	3	43
71	2	6	3	17	17	2	12
71	2	6	8	17	17	2	59
71	2	6	10	17	17	3	28
71	2	6	11	17	17	3	inf
71	2	6	14	17	17	3	0
71	2	7	2	17	17	3	0
71	2	7	6	17	17	3	43
71	2	7	8	17	17	2	12
71	2	7	13	17	17	2	59
71	2	7	15	17	17	3	28
71	2	7	16	17	17	3	inf
71	2	8	1	17	17	2	59
71	2	8	3	17	17	3	28
71	2	8	4	17	17	3	inf
71	2	8	7	17	17	3	0
71	2	8	11	17	17	3	43
71	2	8	13	17	17	2	12
71	2	9	1	17	17	2	12
71	2	9	6	17	17	2	59
71	2	9	8	17	17	3	28
71	2	9	9	17	17	3	inf
71	2	9	12	17	17	3	0
71	2	9	16	17	17	3	43
71	2	10	0	17	17	3	0
71	2	10	4	17	17	3	43
71	2	10	6	17	17	2	12
71	2	10	11	17	17	2	59
71	2	10	13	17	17	3	28
71	2	10	14	17	17	3	inf
71	2	11	1	17	17	3	28
71	2	11	2	17	17	3	inf
71	2	11	5	17	17	3	0
71	2	11	9	17	17	3	43
71	2	11	11	17	17	2	12
71	2	11	16	17	17	2	59
71	2	12	4	17	17	2	59
71	2	12	6	17	17	3	28
71	2	12	7	17	17	3	inf
71	2	12	10	17	17	3	0
71	2	12	14	17	17	3	43
71	2	12	16	17	17	2	12
71	2	13	2	17	17	3	43
71	2	13	4	17	17	2	12
71	2	13	9	17	17	2	59
71	2	13	11	17	17	3	28
71	2	13	12	17	17	3	inf
71	2	13	15	17	17	3	0
71	2	14	0	17	17	3	inf
71	2	14	3	17	17	3	0
71	2	14	7	17	17	3	43
71	2	14	9	17	17	2	12
71	2	14	14	17	17	2	59
71	2	14	16	17	17	3	28
71	2	15	2	17	17	2	59
71	2	15	4	17	17	3	28
71	2	15	5	17	17	3	inf
71	2	15	8	17	17	3	0
71	2	15	12	17	17	3	43
71	2	15	14	17	17	2	12
71	2	16	0	17	17	3	43
71	2	16	2	17	17	2	12
71	2	16	7	17	17	2	59
71	2	16	9	17	17	3	28
71	2	16	10	17	17	3	inf
71	2	16	13	17	17	3	0
73	1	0	4	9	6	2	69
73	1	2	1	9	6	2	4
73	1	3	0	9	6	2	69
73	1	5	3	9	6	2	4
73	1	6	2	9	6	2	69
73	1	8	5	9	6	2	4
73	2	0	4	9	6	2	4
73	2	1	3	9	6	3	inf
73	2	2	1	9	6	2	69
73	2	3	0	9	6	2	4
73	2	4	5	9	6	3	inf
73	2	5	3	9	6	2	69
73	2	6	2	9	6	2	4
73	2	7	1	9	6	3	inf
73	2	8	5	9	6	2	69
79	1	0	0	4	44	3	1
79	1	0	4	4	44	3	0
79	1	0	8	4	44	3	78
79	1	0	14	4	44	3	inf
79	1	0	15	4	44	3	63
79	1	0	22	4	44	3	78
79	1	0	26	4	44	3	0
79	1	0	30	4	44	3	1
79	1	0	37	4	44	3	16
79	1	1	4	4	44	3	16
79	1	1	11	4	44	3	1
79	1	1	15	4	44	3	0
79	1	1	19	4	44	3	78
79	1	1	25	4	44	3	inf
79	1	1	26	4	44	3	63
79	1	1	33	4	44	3	78
79	1	1	37	4	44	3	0
79	1	1	41	4	44	3	1
79	1	2	0	4	44	3	78
79	1	2	4	4	44	3	0
79	1	2	8	4	44	3	1
79	1	2	15	4	44	3	16
79	1	2	22	4	44	3	1
79	1	2	26	4	44	3	0
79	1	2	30	4	44	3	78
79	1	2	36	4	44	3	inf
79	1	2	37	4	44	3	63
79	1	3	3	4	44	3	inf
79	1	3	4	4	44	3	63
79	1	3	11	4	44	3	78
79	1	3	15	4	44	3	0
79	1	3	19	4	44	3	1
79	1	3	26	4	44	3	16
79	1	3	33	4	44	3	1
79	1	3	37	4	44	3	0
79	1	3	41	4	44	3	78
79	2	0	0	4	44	3	78
79	2	0	4	4	44	3	0
79	2	0	8	4	44	3	1
79	2	0	15	4	44	3	16
79	2	0	22	4	44	3	1
79	2	0	26	4	44	3	0
79	2	0	30	4	44	3	78
79	2	0	36	4	44	3	inf
79	2	0	37	4	44	3	63
79	2	1	3	4	44	3	inf
79	2	1	4	4	44	3	63
79	2	1	11	4	44	3	78
79	2	1	15	4	44	3	0
79	2	1	19	4	44	3	1
79	2	1	26	4	44	3	16
79	2	1	33	4	44	3	1
79	2	1	37	4	44	3	0
79	2	1	41	4	44	3	78
79	2	2	0	4	44	3	1
79	2	2	4	4	44	3	0
79	2	2	8	4	44	3	78
79	2	2	14	4	44	3	inf
79	2	2	15	4	44	3	63
79	2	2	22	4	44	3	78
79	2	2	26	4	44	3	0
79	2	2	30	4	44	3	1
79	2	2	37	4	44	3	16
79	2	3	4	4	44	3	16
79	2	3	11	4	44	3	1
79	2	3	15	4	44	3	0
79	2	3	19	4	44	3	78
79	2	3	25	4	44	3	inf
79	2	3	26	4	44	3	63
79	2	3	33	4	44	3	78
79	2	3	37	4	44	3	0
79	2	3	41	4	44	3	1
83	1	0	2	48	48	3	51
83	1	0	9	48	48	2	35
83	1	0	12	48	48	2	45
83	1	0	14	48	48	3	0
83	1	0	16	48	48	2	38
83	1	0	19	48	48	2	48
83	1	0	26	48	48	3	32
83	1	0	33	48	48	2	48
83	1	0	36	48	48	2	38
83	1	0	38	48	48	3	0
83	1	0	40	48	48	2	45
83	1	0	43	48	48	2	35
83	1	0	44	48	48	3	inf
83	1	1	2	48	48	2	48
83	1	1	9	48	48	3	32
83	1	1	16	48	48	2	48
83	1	1	19	48	48	2	38
83	1	1	21	48	48	3	0
83	1	1	23	48	48	2	45
83	1	1	26	48	48	2	35
83	1	1	27	48	48	3	inf
83	1	1	33	48	48	3	51
83	1	1	40	48	48	2	35
83	1	1	43	48	48	2	45
83	1	1	45	48	48	3	0
83	1	1	47	48	48	2	38
83	1	2	2	48	48	2	38
83	1	2	4	48	48	3	0
83	1	2	6	48	48	2	45
83	1	2	9	48	48	2	35
83	1	2	10	48	48	3	inf
83	1	2	16	48	48	3	51
83	1	2	23	48	48	2	35
83	1	2	26	48	48	2	45
83	1	2	28	48	48	3	0
83	1	2	30	48	48	2	38
83	1	2	33	48	48	2	48
83	1	2	40	48	48	3	32
83	1	2	47	48	48	2	48
83	1	3	6	48	48	2	35
83	1	3	9	48	48	2	45
83	1	3	11	48	48	3	0
83	1	3	13	48	48	2	38
83	1	3	16	48	48	2	48
83	1	3	23	48	48	3	32
83	1	3	30	48	48	2	48
83	1	3	33	48	48	2	38
83	1	3	35	48	48	3	0
83	1	3	37	48	48	2	45
83	1	3	40	48	48	2	35
83	1	3	41	48	48	3	inf
83	1	3	47	48	48	3	51
83	1	4	6	48	48	3	32
83	1	4	13	48	48	2	48
83	1	4	16	48	48	2	38
83	1	4	18	48	48	3	0
83	1	4	20	48	48	2	45
83	1	4	23	48	48	2	35
83	1	4	24	48	48	3	inf
83	1	4	30	48	48	3	51
83	1	4	37	48	48	2	35
83	1	4	40	48	48	2	45
83	1	4	42	48	48	3	0
83	1	4	44	48	48	2	38
83	1	4	47	48	48	2	48
83	1	5	1	48	48	3	0
83	1	5	3	48	48	2	45
83	1	5	6	48	48	2	35
83	1	5	7	48	48	3	inf
83	1	5	13	48	48	3	51
83	1	5	20	48	48	2	35
83	1	5	23	48	48	2	45
83	1	5	25	48	48	3	0
83	1	5	27	48	48	2	38
83	1	5	30	48	48	2	48
83	1	5	37	48	48	3	32
83	1	5	44	48	48	2	48
83	1	5	47	48	48	2	38
83	1	6	3	48	48	2	35
83	1	6	6	48	48	2	45
83	1	6	8	48	48	3	0
83	1	6	10	48	48	2	38
83	1	6	13	48	48	2	48
83	1	6	20	48	48	3	32
83	1	6	27	48	48	2	48
83	1	6	30	48	48	2	38
83	1	6	32	48	48	3	0
83	1	6	34	48	48	2	45
83	1	6	37	48	48	2	35
83	1	6	38	48	48	3	inf
83	1	6	44	48	48	3	51
83	1	7	3	48	48	3	32
83	1	7	10	48	48	2	48
83	1	7	13	48	48	2	38
83	1	7	15	48	48	3	0
83	1	7	17	48	48	2	45
83	1	7	20	48	48	2	35
83	1	7	21	48	48	3	inf
83	1	7	27	48	48	3	51
83	1	7	34	48	48	2	35
83	1	7	37	48	48	2	45
83	1	7	39	48	48	3	0
83	1	7	41	48	48	2	38
83	1	7	44	48	48	2	48
83	1	8	0	48	48	2	45
83	1	8	3	48	48	2	35
83	1	8	4	48	48	3	inf
83	1	8	10	48	48	3	51
83	1	8	17	48	48	2	35
83	1	8	20	48	48	2	45
83	1	8	22	48	48	3	0
83	1	8	24	48	48	2	38
83	1	8	27	48	48	2	48
83	1	8	34	48	48	3	32
83	1	8	41	48	48	2	48
83	1	8	44	48	48	2	38
83	1	8	46	48	48	3	0
83	1	9	0	48	48	2	35
83	1	9	3	48	48	2	45
83	1	9	5	48	48	3	0
83	1	9	7	48	48	2	38
83	1	9	10	48	48	2	48
83	1	9	17	48	48	3	32
83	1	9	24	48	48	2	48
83	1	9	27	48	48	2	38
83	1	9	29	48	48	3	0
83	1	9	31	48	48	2	45
83	1	9	34	48	48	2	35
83	1	9	35	48	48	3	inf
83	1	9	41	48	48	3	51
83	1	10	0	48	48	3	32
83	1	10	7	48	48	2	48
83	1	10	10	48	48	2	38
83	1	10	12	48	48	3	0
83	1	10	14	48	48	2	45
83	1	10	17	48	48	2	35
83	1	10	18	48	48	3	inf
83	1	10	24	48	48	3	51
83	1	10	31	48	48	2	35
83	1	10	34	48	48	2	45
83	1	10	36	48	48	3	0
83	1	10	38	48	48	2	38
83	1	10	41	48	48	2	48
83	1	11	0	48	48	2	35
83	1	11	1	48	48	3	inf
83	1	11	7	48	48	3	51
83	1	11	14	48	48	2	35
83	1	11	17	48	48	2	45
83	1	11	19	48	48	3	0
83	1	11	21	48	48	2	38
83	1	11	24	48	48	2	48
83	1	11	31	48	48	3	32
83	1	11	38	48	48	2	48
83	1	11	41	48	48	2	38
83	1	11	43	48	48	3	0
83	1	11	45	48	48	2	45
83	1	12	0	48	48	2	45
83	1	12	2	48	48	3	0
83	1	12	4	48	48	2	38
83	1	12	7	48	48	2	48
83	1	12	14	48	48	3	32
83	1	12	21	48	48	2	48
83	1	12	24	48	48	2	38
83	1	12	26	48	48	3	0
83	1	12	28	48	48	2	45
83	1	12	31	48	48	2	35
83	1	12	32	48	48	3	inf
83	1	12	38	48	48	3	51
83	1	12	45	48	48	2	35
83	1	13	4	48	48	2	48
83	1	13	7	48	48	2	38
83	1	13	9	48	48	3	0
83	1	13	11	48	48	2	45
83	1	13	14	48	48	2	35
83	1	13	15	48	48	3	inf
83	1	13	21	48	48	3	51
83	1	13	28	48	48	2	35
83	1	13	31	48	48	2	45
83	1	13	33	48	48	3	0
83	1	13	35	48	48	2	38
83	1	13	38	48	48	2	48
83	1	13	45	48	48	3	32
83	1	14	4	48	48	3	51
83	1	14	11	48	48	2	35
83	1	14	14	48	48	2	45
83	1	14	16	48	48	3	0
83	1	14	18	48	48	2	38
83	1	14	21	48	48	2	48
83	1	14	28	48	48	3	32
83	1	14	35	48	48	2	48
83	1	14	38	48	48	2	38
83	1	14	40	48	48	3	0
83	1	14	42	48	48	2	45
83	1	14	45	48	48	2	35
83	1	14	46	48	48	3	inf
83	1	15	1	48	48	2	38
83	1	15	4	48	48	2	48
83	1	15	11	48	48	3	32
83	1	15	18	48	48	2	48
83	1	15	21	48	48	2	38
83	1	15	23	48	48	3	0
83	1	15	25	48	48	2	45
83	1	15	28	48	48	2	35
83	1	15	29	48	48	3	inf
83	1	15	35	48	48	3	51
83	1	15	42	48	48	2	35
83	1	15	45	48	48	2	45
83	1	15	47	48	48	3	0
83	1	16	1	48	48	2	48
83	1	16	4	48	48	2	38
83	1	16	6	48	48	3	0
83	1	16	8	48	48	2	45
83	1	16	11	48	48	2	35
83	1	16	12	48	48	3	inf
83	1	16	18	48	48	3	51
83	1	16	25	48	48	2	35
83	1	16	28	48	48	2	45
83	1	16	30	48	48	3	0
83	1	16	32	48	48	2	38
83	1	16	35	48	48	2	48
83	1	16	42	48	48	3	32
83	1	17	1	48	48	3	51
83	1	17	8	48	48	2	35
83	1	17	11	48	48	2	45
83	1	17	13	48	48	3	0
83	1	17	15	48	48	2	38
83	1	17	18	48	48	2	48
83	1	17	25	48	48	3	32
83	1	17	32	48	48	2	48
83	1	17	35	48	48	2	38
83	1	17	37	48	48	3	0
83	1	17	39	48	48	2	45
83	1	17	42	48	48	2	35
83	1	17	43	48	48	3	inf
83	1	18	1	48	48	2	48
83	1	18	8	48	48	3	32
83	1	18	15	48	48	2	48
83	1	18	18	48	48	2	38
83	1	18	20	48	48	3	0
83	1	18	22	48	48	2	45
83	1	18	25	48	48	2	35
83	1	18	26	48	48	3	inf
83	1	18	32	48	48	3	51
83	1	18	39	48	48	2	35
83	1	18	42	48	48	2	45
83	1	18	44	48	48	3	0
83	1	18	46	48	48	2	38
83	1	19	1	48	48	2	38
83	1	19	3	48	48	3	0
83	1	19	5	48	48	2	45
83	1	19	8	48	48	2	35
83	1	19	9	48	48	3	inf
83	1	19	15	48	48	3	51
83	1	19	22	48	48	2	35
83	1	19	25	48	48	2	45
83	1	19	27	48	48	3	0
83	1	19	29	48	48	2	38
83	1	19	32	48	48	2	48
83	1	19	39	48	48	3	32
83	1	19	46	48	48	2	48
83	1	20	5	48	48	2	35
83	1	20	8	48	48	2	45
83	1	20	10	48	48	3	0
83	1	20	12	48	48	2	38
83	1	20	15	48	48	2	48
83	1	20	22	48	48	3	32
83	1	20	29	48	48	2	48
83	1	20	32	48	48	2	38
83	1	20	34	48	48	3	0
83	1	20	36	48	48	2	45
83	1	20	39	48	48	2	35
83	1	20	40	48	48	3	inf
83	1	20	46	48	48	3	51
83	1	21	5	48	48	3	32
83	1	21	12	48	48	2	48
83	1	21	15	48	48	2	38
83	1	21	17	48	48	3	0
83	1	21	19	48	48	2	45
83	1	21	22	48	48	2	35
83	1	21	23	48	48	3	inf
83	1	21	29	48	48	3	51
83	1	21	36	48	48	2	35
83	1	21	39	48	48	2	45
83	1	21	41	48	48	3	0
83	1	21	43	48	48	2	38
83	1	21	46	48	48	2	48
83	1	22	0	48	48	3	0
83	1	22	2	48	48	2	45
83	1	22	5	48	48	2	35
83	1	22	6	48	48	3	inf
83	1	22	12	48	48	3	51
83	1	22	19	48	48	2	35
83	1	22	22	48	48	2	45
83	1	22	24	48	48	3	0
83	1	22	26	48	48	2	38
83	1	22	29	48	48	2	48
83	1	22	36	48	48	3	32
83	1	22	43	48	48	2	48
83	1	22	46	48	48	2	38
83	1	23	2	48	48	2	35
83	1	23	5	48	48	2	45
83	1	23	7	48	48	3	0
83	1	23	9	48	48	2	38
83	1	23	12	48	48	2	48
83	1	23	19	48	48	3	32
83	1	23	26	48	48	2	48
83	1	23	29	48	48	2	38
83	1	23	31	48	48	3	0
83	1	23	33	48	48	2	45
83	1	23	36	48	48	2	35
83	1	23	37	48	48	3	inf
83	1	23	43	48	48	3	51
83	1	24	2	48	48	3	32
83	1	24	9	48	48	2	48
83	1	24	12	48	48	2	38
83	1	24	14	48	48	3	0
83	1	24	16	48	48	2	45
83	1	24	19	48	48	2	35
83	1	24	20	48	48	3	inf
83	1	24	26	48	48	3	51
83	1	24	33	48	48	2	35
83	1	24	36	48	48	2	45
83	1	24	38	48	48	3	0
83	1	24	40	48	48	2	38
83	1	24	43	48	48	2	48
83	1	25	2	48	48	2	35
83	1	25	3	48	48	3	inf
83	1	25	9	48	48	3	51
83	1	25	16	48	48	2	35
83	1	25	19	48	48	2	45
83	1	25	21	48	48	3	0
83	1	25	23	48	48	2	38
83	1	25	26	48	48	2	48
83	1	25	33	48	48	3	32
83	1	25	40	48	48	2	48
83	1	25	43	48	48	2	38
83	1	25	45	48	48	3	0
83	1	25	47	48	48	2	45
83	1	26	2	48	48	2	45
83	1	26	4	48	48	3	0
83	1	26	6	48	48	2	38
83	1	26	9	48	48	2	48
83	1	26	16	48	48	3	32
83	1	26	23	48	48	2	48
83	1	26	26	48	48	2	38
83	1	26	28	48	48	3	0
83	1	26	30	48	48	2	45
83	1	26	33	48	48	2	35
83	1	26	34	48	48	3	inf
83	1	26	40	48	48	3	51
83	1	26	47	48	48	2	35
83	1	27	6	48	48	2	48
83	1	27	9	48	48	2	38
83	1	27	11	48	48	3	0
83	1	27	13	48	48	2	45
83	1	27	16	48	48	2	35
83	1	27	17	48	48	3	inf
83	1	27	23	48	48	3	51
83	1	27	30	48	48	2	35
83	1	27	33	48	48	2	45
83	1	27	35	48	48	3	0
83	1	27	37	48	48	2	38
83	1	27	40	48	48	2	48
83	1	27	47	48	48	3	32
83	1	28	0	48	48	3	inf
83	1	28	6	48	48	3	51
83	1	28	13	48	48	2	35
83	1	28	16	48	48	2	45
83	1	28	18	48	48	3	0
83	1	28	20	48	48	2	38
83	1	28	23	48	48	2	48
83	1	28	30	48	48	3	32
83	1	28	37	48	48	2	48
83	1	28	40	48	48	2	38
83	1	28	42	48	48	3	0
83	1	28	44	48	48	2	45
83	1	28	47	48	48	2	35
83	1	29	1	48	48	3	0
83	1	29	3	48	48	2	38
83	1	29	6	48	48	2	48
83	1	29	13	48	48	3	32
83	1	29	20	48	48	2	48
83	1	29	23	48	48	2	38
83	1	29	25	48	48	3	0
83	1	29	27	48	48	2	45
83	1	29	30	48	48	2	35
83	1	29	31	48	48	3	inf
83	1	29	37	48	48	3	51
83	1	29	44	48	48	2	35
83	1	29	47	48	48	2	45
83	1	30	3	48	48	2	48
83	1	30	6	48	48	2	38
83	1	30	8	48	48	3	0
83	1	30	10	48	48	2	45
83	1	30	13	48	48	2	35
83	1	30	14	48	48	3	inf
83	1	30	20	48	48	3	51
83	1	30	27	48	48	2	35
83	1	30	30	48	48	2	45
83	1	30	32	48	48	3	0
83	1	30	34	48	48	2	38
83	1	30	37	48	48	2	48
83	1	30	44	48	48	3	32
83	1	31	3	48	48	3	51
83	1	31	10	48	48	2	35
83	1	31	13	48	48	2	45
83	1	31	15	48	48	3	0
83	1	31	17	48	48	2	38
83	1	31	20	48	48	2	48
83	1	31	27	48	48	3	32
83	1	31	34	48	48	2	48
83	1	31	37	48	48	2	38
83	1	31	39	48	48	3	0
83	1	31	41	48	48	2	45
83	1	31	44	48	48	2	35
83	1	31	45	48	48	3	inf
83	1	32	0	48	48	2	38
83	1	32	3	48	48	2	48
83	1	32	10	48	48	3	32
83	1	32	17	48	48	2	48
83	1	32	20	48	48	2	38
83	1	32	22	48	48	3	0
83	1	32	24	48	48	2	45
83	1	32	27	48	48	2	35
83	1	32	28	48	48	3	inf
83	1	32	34	48	48	3	51
83	1	32	41	48	48	2	35
83	1	32	44	48	48	2	45
83	1	32	46	48	48	3	0
83	1	33	0	48	48	2	48
83	1	33	3	48	48	2	38
83	1	33	5	48	48	3	0
83	1	33	7	48	48	2	45
83	1	33	10	48	48	2	35
83	1	33	11	48	48	3	inf
83	1	33	17	48	48	3	51
83	1	33	24	48	48	2	35
83	1	33	27	48	48	2	45
83	1	33	29	48	48	3	0
83	1	33	31	48	48	2	38
83	1	33	34	48	48	2	48
83	1	33	41	48	48	3	32
83	1	34	0	48	48	3	51
83	1	34	7	48	48	2	35
83	1	34	10	48	48	2	45
83	1	34	12	48	48	3	0
83	1	34	14	48	48	2	38
83	1	34	17	48	48	2	48
83	1	34	24	48	48	3	32
83	1	34	31	48	48	2	48
83	1	34	34	48	48	2	38
83	1	34	36	48	48	3	0
83	1	34	38	48	48	2	45
83	1	34	41	48	48	2	35
83	1	34	42	48	48	3	inf
83	1	35	0	48	48	2	48
83	1	35	7	48	48	3	32
83	1	35	14	48	48	2	48
83	1	35	17	48	48	2	38
83	1	35	19	48	48	3	0
83	1	35	21	48	48	2	45
83	1	35	24	48	48	2	35
83	1	35	25	48	48	3	inf
83	1	35	31	48	48	3	51
83	1	35	38	48	48	2	35
83	1	35	41	48	48	2	45
83	1	35	43	48	48	3	0
83	1	35	45	48	48	2	38
83	1	36	0	48	48	2	38
83	1	36	2	48	48	3	0
83	1	36	4	48	48	2	45
83	1	36	7	48	48	2	35
83	1	36	8	48	48	3	inf
83	1	36	14	48	48	3	51
83	1	36	21	48	48	2	35
83	1	36	24	48	48	2	45
83	1	36	26	48	48	3	0
83	1	36	28	48	48	2	38
83	1	36	31	48	48	2	48
83	1	36	38	48	48	3	32
83	1	36	45	48	48	2	48
83	1	37	4	48	48	2	35
83	1	37	7	48	48	2	45
83	1	37	9	48	48	3	0
83	1	37	11	48	48	2	38
83	1	37	14	48	48	2	48
83	1	37	21	48	48	3	32
83	1	37	28	48	48	2	48
83	1	37	31	48	48	2	38
83	1	37	33	48	48	3	0
83	1	37	35	48	48	2	45
83	1	37	38	48	48	2	35
83	1	37	39	48	48	3	inf
83	1	37	45	48	48	3	51
83	1	38	4	48	48	3	32
83	1	38	11	48	48	2	48
83	1	38	14	48	48	2	38
83	1	38	16	48	48	3	0
83	1	38	18	48	48	2	45
83	1	38	21	48	48	2	35
83	1	38	22	48	48	3	inf
83	1	38	28	48	48	3	51
83	1	38	35	48	48	2	35
83	1	38	38	48	48	2	45
83	1	38	40	48	48	3	0
83	1	38	42	48	48	2	38
83	1	38	45	48	48	2	48
83	1	39	1	48	48	2	45
83	1	39	4	48	48	2	35
83	1	39	5	48	48	3	inf
83	1	39	11	48	48	3	51
83	1	39	18	48	48	2	35
83	1	39	21	48	48	2	45
83	1	39	23	48	48	3	0
83	1	39	25	48	48	2	38
83	1	39	28	48	48	2	48
83	1	39	35	48	48	3	32
83	1	39	42	48	48	2	48
83	1	39	45	48	48	2	38
83	1	39	47	48	48	3	0
83	1	40	1	48	48	2	35
83	1	40	4	48	48	2	45
83	1	40	6	48	48	3	0
83	1	40	8	48	48	2	38
83	1	40	11	48	48	2	48
83	1	40	18	48	48	3	32
83	1	40	25	48	48	2	48
83	1	40	28	48	48	2	38
83	1	40	30	48	48	3	0
83	1	40	32	48	48	2	45
83	1	40	35	48	48	2	35
83	1	40	36	48	48	3	inf
83	1	40	42	48	48	3	51
83	1	41	1	48	48	3	32
83	1	41	8	48	48	2	48
83	1	41	11	48	48	2	38
83	1	41	13	48	48	3	0
83	1	41	15	48	48	2	45
83	1	41	18	48	48	2	35
83	1	41	19	48	48	3	inf
83	1	41	25	48	48	3	51
83	1	41	32	48	48	2	35
83	1	41	35	48	48	2	45
83	1	41	37	48	48	3	0
83	1	41	39	48	48	2	38
83	1	41	42	48	48	2	48
83	1	42	1	48	48	2	35
83	1	42	2	48	48	3	inf
83	1	42	8	48	48	3	51
83	1	42	15	48	48	2	35
83	1	42	18	48	48	2	45
83	1	42	20	48	48	3	0
83	1	42	22	48	48	2	38
83	1	42	25	48	48	2	48
83	1	42	32	48	48	3	32
83	1	42	39	48	48	2	48
83	1	42	42	48	48	2	38
83	1	42	44	48	48	3	0
83	1	42	46	48	48	2	45
83	1	43	1	48	48	2	45
83	1	43	3	48	48	3	0
83	1	43	5	48	48	2	38
83	1	43	8	48	48	2	48
83	1	43	15	48	48	3	32
83	1	43	22	48	48	2	48
83	1	43	25	48	48	2	38
83	1	43	27	48	48	3	0
83	1	43	29	48	48	2	45
83	1	43	32	48	48	2	35
83	1	43	33	48	48	3	inf
83	1	43	39	48	48	3	51
83	1	43	46	48	48	2	35
83	1	44	5	48	48	2	48
83	1	44	8	48	48	2	38
83	1	44	10	48	48	3	0
83	1	44	12	48	48	2	45
83	1	44	15	48	48	2	35
83	1	44	16	48	48	3	inf
83	1	44	22	48	48	3	51
83	1	44	29	48	48	2	35
83	1	44	32	48	48	2	45
83	1	44	34	48	48	3	0
83	1	44	36	48	48	2	38
83	1	44	39	48	48	2	48
83	1	44	46	48	48	3	32
83	1	45	5	48	48	3	51
83	1	45	12	48	48	2	35
83	1	45	15	48	48	2	45
83	1	45	17	48	48	3	0
83	1	45	19	48	48	2	38
83	1	45	22	48	48	2	48
83	1	45	29	48	48	3	32
83	1	45	36	48	48	2	48
83	1	45	39	48	48	2	38
83	1	45	41	48	48	3	0
83	1	45	43	48	48	2	45
83	1	45	46	48	48	2	35
83	1	45	47	48	48	3	inf
83	1	46	0	48	48	3	0
83	1	46	2	48	48	2	38
83	1	46	5	48	48	2	48
83	1	46	12	48	48	3	32
83	1	46	19	48	48	2	48
83	1	46	22	48	48	2	38
83	1	46	24	48	48	3	0
83	1	46	26	48	48	2	45
83	1	46	29	48	48	2	35
83	1	46	30	48	48	3	inf
83	1	46	36	48	48	3	51
83	1	46	43	48	48	2	35
83	1	46	46	48	48	2	45
83	1	47	2	48	48	2	48
83	1	47	5	48	48	2	38
83	1	47	7	48	48	3	0
83	1	47	9	48	48	2	45
83	1	47	12	48	48	2	35
83	1	47	13	48	48	3	inf
83	1	47	19	48	48	3	51
83	1	47	26	48	48	2	35
83	1	47	29	48	48	2	45
83	1	47	31	48	48	3	0
83	1	47	33	48	48	2	38
83	1	47	36	48	48	2	48
83	1	47	43	48	48	3	32
83	2	0	2	48	48	3	32
83	2	0	9	48	48	2	48
83	2	0	12	48	48	2	38
83	2	0	14	48	48	3	0
83	2	0	16	48	48	2	45
83	2	0	19	48	48	2	35
83	2	0	20	48	48	3	inf
83	2	0	26	48	48	3	51
83	2	0	33	48	48	2	35
83	2	0	36	48	48	2	45
83	2	0	38	48	48	3	0
83	2	0	40	48	48	2	38
83	2	0	43	48	48	2	48
83	2	1	2	48	48	2	35
83	2	1	3	48	48	3	inf
83	2	1	9	48	48	3	51
83	2	1	16	48	48	2	35
83	2	1	19	48	48	2	45
83	2	1	21	48	48	3	0
83	2	1	23	48	48	2	38
83	2	1	26	48	48	2	48
83	2	1	33	48	48	3	32
83	2	1	40	48	48	2	48
83	2	1	43	48	48	2	38
83	2	1	45	48	48	3	0
83	2	1	47	48	48	2	45
83	2	2	2	48	48	2	45
83	2	2	4	48	48	3	0
83	2	2	6	48	48	2	38
83	2	2	9	48	48	2	48
83	2	2	16	48	48	3	32
83	2	2	23	48	48	2	48
83	2	2	26	48	48	2	38
83	2	2	28	48	48	3	0
83	2	2	30	48	48	2	45
83	2	2	33	48	48	2	35
83	2	2	34	48	48	3	inf
83	2	2	40	48	48	3	51
83	2	2	47	48	48	2	35
83	2	3	6	48	48	2	48
83	2	3	9	48	48	2	38
83	2	3	11	48	48	3	0
83	2	3	13	48	48	2	45
83	2	3	16	48	48	2	35
83	2	3	17	48	48	3	inf
83	2	3	23	48	48	3	51
83	2	3	30	48	48	2	35
83	2	3	33	48	48	2	45
83	2	3	35	48	48	3	0
83	2	3	37	48	48	2	38
83	2	3	40	48	48	2	48
83	2	3	47	48	48	3	32
83	2	4	0	48	48	3	inf
83	2	4	6	48	48	3	51
83	2	4	13	48	48	2	35
83	2	4	16	48	48	2	45
83	2	4	18	48	48	3	0
83	2	4	20	48	48	2	38
83	2	4	23	48	48	2	48
83	2	4	30	48	48	3	32
83	2	4	37	48	48	2	48
83	2	4	40	48	48	2	38
83	2	4	42	48	48	3	0
83	2	4	44	48	48	2	45
83	2	4	47	48	48	2	35
83	2	5	1	48	48	3	0
83	2	5	3	48	48	2	38
83	2	5	6	48	48	2	48
83	2	5	13	48	48	3	32
83	2	5	20	48	48	2	48
83	2	5	23	48	48	2	38
83	2	5	25	48	48	3	0
83	2	5	27	48	48	2	45
83	2	5	30	48	48	2	35
83	2	5	31	48	48	3	inf
83	2	5	37	48	48	3	51
83	2	5	44	48	48	2	35
83	2	5	47	48	48	2	45
83	2	6	3	48	48	2	48
83	2	6	6	48	48	2	38
83	2	6	8	48	48	3	0
83	2	6	10	48	48	2	45
83	2	6	13	48	48	2	35
83	2	6	14	48	48	3	inf
83	2	6	20	48	48	3	51
83	2	6	27	48	48	2	35
83	2	6	30	48	48	2	45
83	2	6	32	48	48	3	0
83	2	6	34	48	48	2	38
83	2	6	37	48	48	2	48
83	2	6	44	48	48	3	32
83	2	7	3	48	48	3	51
83	2	7	10	48	48	2	35
83	2	7	13	48	48	2	45
83	2	7	15	48	48	3	0
83	2	7	17	48	48	2	38
83	2	7	20	48	48	2	48
83	2	7	27	48	48	3	32
83	2	7	34	48	48	2	48
83	2	7	37	48	48	2	38
83	2	7	39	48	48	3	0
83	2	7	41	48	48	2	45
83	2	7	44	48	48	2	35
83	2	7	45	48	48	3	inf
83	2	8	0	48	48	2	38
83	2	8	3	48	48	2	48
83	2	8	10	48	48	3	32
83	2	8	17	48	48	2	48
83	2	8	20	48	48	2	38
83	2	8	22	48	48	3	0
83	2	8	24	48	48	2	45
83	2	8	27	48	48	2	35
83	2	8	28	48	48	3	inf
83	2	8	34	48	48	3	51
83	2	8	41	48	48	2	35
83	2	8	44	48	48	2	45
83	2	8	46	48	48	3	0
83	2	9	0	48	48	2	48
83	2	9	3	48	48	2	38
83	2	9	5	48	48	3	0
83	2	9	7	48	48	2	45
83	2	9	10	48	48	2	35
83	2	9	11	48	48	3	inf
83	2	9	17	48	48	3	51
83	2	9	24	48	48	2	35
83	2	9	27	48	48	2	45
83	2	9	29	48	48	3	0
83	2	9	31	48	48	2	38
83	2	9	34	48	48	2	48
83	2	9	41	48	48	3	32
83	2	10	0	48	48	3	51
83	2	10	7	48	48	2	35
83	2	10	10	48	48	2	45
83	2	10	12	48	48	3	0
83	2	10	14	48	48	2	38
83	2	10	17	48	48	2	48
83	2	10	24	48	48	3	32
83	2	10	31	48	48	2	48
83	2	10	34	48	48	2	38
83	2	10	36	48	48	3	0
83	2	10	38	48	48	2	45
83	2	10	41	48	48	2	35
83	2	10	42	48	48	3	inf
83	2	11	0	48	48	2	48
83	2	11	7	48	48	3	32
83	2	11	14	48	48	2	48
83	2	11	17	48	48	2	38
83	2	11	19	48	48	3	0
83	2	11	21	48	48	2	45
83	2	11	24	48	48	2	35
83	2	11	25	48	48	3	inf
83	2	11	31	48	48	3	51
83	2	11	38	48	48	2	35
83	2	11	41	48	48	2	45
83	2	11	43	48	48	3	0
83	2	11	45	48	48	2	38
83	2	12	0	48	48	2	38
83	2	12	2	48	48	3	0
83	2	12	4	48	48	2	45
83	2	12	7	48	48	2	35
83	2	12	8	48	48	3	inf
83	2	12	14	48	48	3	51
83	2	12	21	48	48	2	35
83	2	12	24	48	48	2	45
83	2	12	26	48	48	3	0
83	2	12	28	48	48	2	38
83	2	12	31	48	48	2	48
83	2	12	38	48	48	3	32
83	2	12	45	48	48	2	48
83	2	13	4	48	48	2	35
83	2	13	7	48	48	2	45
83	2	13	9	48	48	3	0
83	2	13	11	48	48	2	38
83	2	13	14	48	48	2	48
83	2	13	21	48	48	3	32
83	2	13	28	48	48	2	48
83	2	13	31	48	48	2	38
83	2	13	33	48	48	3	0
83	2	13	35	48	48	2	45
83	2	13	38	48	48	2	35
83	2	13	39	48	48	3	inf
83	2	13	45	48	48	3	51
83	2	14	4	48	48	3	32
83	2	14	11	48	48	2	48
83	2	14	14	48	48	2	38
83	2	14	16	48	48	3	0
83	2	14	18	48	48	2	45
83	2	14	21	48	48	2	35
83	2	14	22	48	48	3	inf
83	2	14	28	48	48	3	51
83	2	14	35	48	48	2	35
83	2	14	38	48	48	2	45
83	2	14	40	48	48	3	0
83	2	14	42	48	48	2	38
83	2	14	45	48	48	2	48
83	2	15	1	48	48	2	45
83	2	15	4	48	48	2	35
83	2	15	5	48	48	3	inf
83	2	15	11	48	48	3	51
83	2	15	18	48	48	2	35
83	2	15	21	48	48	2	45
83	2	15	23	48	48	3	0
83	2	15	25	48	48	2	38
83	2	15	28	48	48	2	48
83	2	15	35	48	48	3	32
83	2	15	42	48	48	2	48
83	2	15	45	48	48	2	38
83	2	15	47	48	48	3	0
83	2	16	1	48	48	2	35
83	2	16	4	48	48	2	45
83	2	16	6	48	48	3	0
83	2	16	8	48	48	2	38
83	2	16	11	48	48	2	48
83	2	16	18	48	48	3	32
83	2	16	25	48	48	2	48
83	2	16	28	48	48	2	38
83	2	16	30	48	48	3	0
83	2	16	32	48	48	2	45
83	2	16	35	48	48	2	35
83	2	16	36	48	48	3	inf
83	2	16	42	48	48	3	51
83	2	17	1	48	48	3	32
83	2	17	8	48	48	2	48
83	2	17	11	48	48	2	38
83	2	17	13	48	48	3	0
83	2	17	15	48	48	2	45
83	2	17	18	48	48	2	35
83	2	17	19	48	48	3	inf
83	2	17	25	48	48	3	51
83	2	17	32	48	48	2	35
83	2	17	35	48	48	2	45
83	2	17	37	48	48	3	0
83	2	17	39	48	48	2	38
83	2	17	42	48	48	2	48
83	2	18	1	48	48	2	35
83	2	18	2	48	48	3	inf
83	2	18	8	48	48	3	51
83	2	18	15	48	48	2	35
83	2	18	18	48	48	2	45
83	2	18	20	48	48	3	0
83	2	18	22	48	48	2	38
83	2	18	25	48	48	2	48
83	2	18	32	48	48	3	32
83	2	18	39	48	48	2	48
83	2	18	42	48	48	2	38
83	2	18	44	48	48	3	0
83	2	18	46	48	48	2	45
83	2	19	1	48	48	2	45
83	2	19	3	48	48	3	0
83	2	19	5	48	48	2	38
83	2	19	8	48	48	2	48
83	2	19	15	48	48	3	32
83	2	19	22	48	48	2	48
83	2	19	25	48	48	2	38
83	2	19	27	48	48	3	0
83	2	19	29	48	48	2	45
83	2	19	32	48	48	2	35
83	2	19	33	48	48	3	inf
83	2	19	39	48	48	3	51
83	2	19	46	48	48	2	35
83	2	20	5	48	48	2	48
83	2	20	8	48	48	2	38
83	2	20	10	48	48	3	0
83	2	20	12	48	48	2	45
83	2	20	15	48	48	2	35
83	2	20	16	48	48	3	inf
83	2	20	22	48	48	3	51
83	2	20	29	48	48	2	35
83	2	20	32	48	48	2	45
83	2	20	34	48	48	3	0
83	2	20	36	48	48	2	38
83	2	20	39	48	48	2	48
83	2	20	46	48	48	3	32
83	2	21	5	48	48	3	51
83	2	21	12	48	48	2	35
83	2	21	15	48	48	2	45
83	2	21	17	48	48	3	0
83	2	21	19	48	48	2	38
83	2	21	22	48	48	2	48
83	2	21	29	48	48	3	32
83	2	21	36	48	48	2	48
83	2	21	39	48	48	2	38
83	2	21	41	48	48	3	0
83	2	21	43	48	48	2	45
83	2	21	46	48	48	2	35
83	2	21	47	48	48	3	inf
83	2	22	0	48	48	3	0
83	2	22	2	48	48	2	38
83	2	22	5	48	48	2	48
83	2	22	12	48	48	3	32
83	2	22	19	48	48	2	48
83	2	22	22	48	48	2	38
83	2	22	24	48	48	3	0
83	2	22	26	48	48	2	45
83	2	22	29	48	48	2	35
83	2	22	30	48	48	3	inf
83	2	22	36	48	48	3	51
83	2	22	43	48	48	2	35
83	2	22	46	48	48	2	45
83	2	23	2	48	48	2	48
83	2	23	5	48	48	2	38
83	2	23	7	48	48	3	0
83	2	23	9	48	48	2	45
83	2	23	12	48	48	2	35
83	2	23	13	48	48	3	inf
83	2	23	19	48	48	3	51
83	2	23	26	48	48	2	35
83	2	23	29	48	48	2	45
83	2	23	31	48	48	3	0
83	2	23	33	48	48	2	38
83	2	23	36	48	48	2	48
83	2	23	43	48	48	3	32
83	2	24	2	48	48	3	51
83	2	24	9	48	48	2	35
83	2	24	12	48	48	2	45
83	2	24	14	48	48	3	0
83	2	24	16	48	48	2	38
83	2	24	19	48	48	2	48
83	2	24	26	48	48	3	32
83	2	24	33	48	48	2	48
83	2	24	36	48	48	2	38
83	2	24	38	48	48	3	0
83	2	24	40	48	48	2	45
83	2	24	43	48	48	2	35
83	2	24	44	48	48	3	inf
83	2	25	2	48	48	2	48
83	2	25	9	48	48	3	32
83	2	25	16	48	48	2	48
83	2	25	19	48	48	2	38
83	2	25	21	48	48	3	0
83	2	25	23	48	48	2	45
83	2	25	26	48	48	2	35
83	2	25	27	48	48	3	inf
83	2	25	33	48	48	3	51
83	2	25	40	48	48	2	35
83	2	25	43	48	48	2	45
83	2	25	45	48	48	3	0
83	2	25	47	48	48	2	38
83	2	26	2	48	48	2	38
83	2	26	4	48	48	3	0
83	2	26	6	48	48	2	45
83	2	26	9	48	48	2	35
83	2	26	10	48	48	3	inf
83	2	26	16	48	48	3	51
83	2	26	23	48	48	2	35
83	2	26	26	48	48	2	45
83	2	26	28	48	48	3	0
83	2	26	30	48	48	2	38
83	2	26	33	48	48	2	48
83	2	26	40	48	48	3	32
83	2	26	47	48	48	2	48
83	2	27	6	48	48	2	35
83	2	27	9	48	48	2	45
83	2	27	11	48	48	3	0
83	2	27	13	48	48	2	38
83	2	27	16	48	48	2	48
83	2	27	23	48	48	3	32
83	2	27	30	48	48	2	48
83	2	27	33	48	48	2	38
83	2	27	35	48	48	3	0
83	2	27	37	48	48	2	45
83	2	27	40	48	48	2	35
83	2	27	41	48	48	3	inf
83	2	27	47	48	48	3	51
83	2	28	6	48	48	3	32
83	2	28	13	48	48	2	48
83	2	28	16	48	48	2	38
83	2	28	18	48	48	3	0
83	2	28	20	48	48	2	45
83	2	28	23	48	48	2	35
83	2	28	24	48	48	3	inf
83	2	28	30	48	48	3	51
83	2	28	37	48	48	2	35
83	2	28	40	48	48	2	45
83	2	28	42	48	48	3	0
83	2	28	44	48	48	2	38
83	2	28	47	48	48	2	48
83	2	29	1	48	48	3	0
83	2	29	3	48	48	2	45
83	2	29	6	48	48	2	35
83	2	29	7	48	48	3	inf
83	2	29	13	48	48	3	51
83	2	29	20	48	48	2	35
83	2	29	23	48	48	2	45
83	2	29	25	48	48	3	0
83	2	29	27	48	48	2	38
83	2	29	30	48	48	2	48
83	2	29	37	48	48	3	32
83	2	29	44	48	48	2	48
83	2	29	47	48	48	2	38
83	2	30	3	48	48	2	35
83	2	30	6	48	48	2	45
83	2	30	8	48	48	3	0
83	2	30	10	48	48	2	38
83	2	30	13	48	48	2	48
83	2	30	20	48	48	3	32
83	2	30	27	48	48	2	48
83	2	30	30	48	48	2	38
83	2	30	32	48	48	3	0
83	2	30	34	48	48	2	45
83	2	30	37	48	48	2	35
83	2	30	38	48	48	3	inf
83	2	30	44	48	48	3	51
83	2	31	3	48	48	3	32
83	2	31	10	48	48	2	48
83	2	31	13	48	48	2	38
83	2	31	15	48	48	3	0
83	2	31	17	48	48	2	45
83	2	31	20	48	48	2	35
83	2	31	21	48	48	3	inf
83	2	31	27	48	48	3	51
83	2	31	34	48	48	2	35
83	2	31	37	48	48	2	45
83	2	31	39	48	48	3	0
83	2	31	41	48	48	2	38
83	2	31	44	48	48	2	48
83	2	32	0	48	48	2	45
83	2	32	3	48	48	2	35
83	2	32	4	48	48	3	inf
83	2	32	10	48	48	3	51
83	2	32	17	48	48	2	35
83	2	32	20	48	48	2	45
83	2	32	22	48	48	3	0
83	2	32	24	48	48	2	38
83	2	32	27	48	48	2	48
83	2	32	34	48	48	3	32
83	2	32	41	48	48	2	48
83	2	32	44	48	48	2	38
83	2	32	46	48	48	3	0
83	2	33	0	48	48	2	35
83	2	33	3	48	48	2	45
83	2	33	5	48	48	3	0
83	2	33	7	48	48	2	38
83	2	33	10	48	48	2	48
83	2	33	17	48	48	3	32
83	2	33	24	48	48	2	48
83	2	33	27	48	48	2	38
83	2	33	29	48	48	3	0
83	2	33	31	48	48	2	45
83	2	33	34	48	48	2	35
83	2	33	35	48	48	3	inf
83	2	33	41	48	48	3	51
83	2	34	0	48	48	3	32
83	2	34	7	48	48	2	48
83	2	34	10	48	48	2	38
83	2	34	12	48	48	3	0
83	2	34	14	48	48	2	45
83	2	34	17	48	48	2	35
83	2	34	18	48	48	3	inf
83	2	34	24	48	48	3	51
83	2	34	31	48	48	2	35
83	2	34	34	48	48	2	45
83	2	34	36	48	48	3	0
83	2	34	38	48	48	2	38
83	2	34	41	48	48	2	48
83	2	35	0	48	48	2	35
83	2	35	1	48	48	3	inf
83	2	35	7	48	48	3	51
83	2	35	14	48	48	2	35
83	2	35	17	48	48	2	45
83	2	35	19	48	48	3	0
83	2	35	21	48	48	2	38
83	2	35	24	48	48	2	48
83	2	35	31	48	48	3	32
83	2	35	38	48	48	2	48
83	2	35	41	48	48	2	38
83	2	35	43	48	48	3	0
83	2	35	45	48	48	2	45
83	2	36	0	48	48	2	45
83	2	36	2	48	48	3	0
83	2	36	4	48	48	2	38
83	2	36	7	48	48	2	48
83	2	36	14	48	48	3	32
83	2	36	21	48	48	2	48
83	2	36	24	48	48	2	38
83	2	36	26	48	48	3	0
83	2	36	28	48	48	2	45
83	2	36	31	48	48	2	35
83	2	36	32	48	48	3	inf
83	2	36	38	48	48	3	51
83	2	36	45	48	48	2	35
83	2	37	4	48	48	2	48
83	2	37	7	48	48	2	38
83	2	37	9	48	48	3	0
83	2	37	11	48	48	2	45
83	2	37	14	48	48	2	35
83	2	37	15	48	48	3	inf
83	2	37	21	48	48	3	51
83	2	37	28	48	48	2	35
83	2	37	31	48	48	2	45
83	2	37	33	48	48	3	0
83	2	37	35	48	48	2	38
83	2	37	38	48	48	2	48
83	2	37	45	48	48	3	32
83	2	38	4	48	48	3	51
83	2	38	11	48	48	2	35
83	2	38	14	48	48	2	45
83	2	38	16	48	48	3	0
83	2	38	18	48	48	2	38
83	2	38	21	48	48	2	48
83	2	38	28	48	48	3	32
83	2	38	35	48	48	2	48
83	2	38	38	48	48	2	38
83	2	38	40	48	48	3	0
83	2	38	42	48	48	2	45
83	2	38	45	48	48	2	35
83	2	38	46	48	48	3	inf
83	2	39	1	48	48	2	38
83	2	39	4	48	48	2	48
83	2	39	11	48	48	3	32
83	2	39	18	48	48	2	48
83	2	39	21	48	48	2	38
83	2	39	23	48	48	3	0
83	2	39	25	48	48	2	45
83	2	39	28	48	48	2	35
83	2	39	29	48	48	3	inf
83	2	39	35	48	48	3	51
83	2	39	42	48	48	2	35
83	2	39	45	48	48	2	45
83	2	39	47	48	48	3	0
83	2	40	1	48	48	2	48
83	2	40	4	48	48	2	38
83	2	40	6	48	48	3	0
83	2	40	8	48	48	2	45
83	2	40	11	48	48	2	35
83	2	40	12	48	48	3	inf
83	2	40	18	48	48	3	51
83	2	40	25	48	48	2	35
83	2	40	28	48	48	2	45
83	2	40	30	48	48	3	0
83	2	40	32	48	48	2	38
83	2	40	35	48	48	2	48
83	2	40	42	48	48	3	32
83	2	41	1	48	48	3	51
83	2	41	8	48	48	2	35
83	2	41	11	48	48	2	45
83	2	41	13	48	48	3	0
83	2	41	15	48	48	2	38
83	2	41	18	48	48	2	48
83	2	41	25	48	48	3	32
83	2	41	32	48	48	2	48
83	2	41	35	48	48	2	38
83	2	41	37	48	48	3	0
83	2	41	39	48	48	2	45
83	2	41	42	48	48	2	35
83	2	41	43	48	48	3	inf
83	2	42	1	48	48	2	48
83	2	42	8	48	48	3	32
83	2	42	15	48	48	2	48
83	2	42	18	48	48	2	38
83	2	42	20	48	48	3	0
83	2	42	22	48	48	2	45
83	2	42	25	48	48	2	35
83	2	42	26	48	48	3	inf
83	2	42	32	48	48	3	51
83	2	42	39	48	48	2	35
83	2	42	42	48	48	2	45
83	2	42	44	48	48	3	0
83	2	42	46	48	48	2	38
83	2	43	1	48	48	2	38
83	2	43	3	48	48	3	0
83	2	43	5	48	48	2	45
83	2	43	8	48	48	2	35
83	2	43	9	48	48	3	inf
83	2	43	15	48	48	3	51
83	2	43	22	48	48	2	35
83	2	43	25	48	48	2	45
83	2	43	27	48	48	3	0
83	2	43	29	48	48	2	38
83	2	43	32	48	48	2	48
83	2	43	39	48	48	3	32
83	2	43	46	48	48	2	48
83	2	44	5	48	48	2	35
83	2	44	8	48	48	2	45
83	2	44	10	48	48	3	0
83	2	44	12	48	48	2	38
83	2	44	15	48	48	2	48
83	2	44	22	48	48	3	32
83	2	44	29	48	48	2	48
83	2	44	32	48	48	2	38
83	2	44	34	48	48	3	0
83	2	44	36	48	48	2	45
83	2	44	39	48	48	2	35
83	2	44	40	48	48	3	inf
83	2	44	46	48	48	3	51
83	2	45	5	48	48	3	32
83	2	45	12	48	48	2	48
83	2	45	15	48	48	2	38
83	2	45	17	48	48	3	0
83	2	45	19	48	48	2	45
83	2	45	22	48	48	2	35
83	2	45	23	48	48	3	inf
83	2	45	29	48	48	3	51
83	2	45	36	48	48	2	35
83	2	45	39	48	48	2	45
83	2	45	41	48	48	3	0
83	2	45	43	48	48	2	38
83	2	45	46	48	48	2	48
83	2	46	0	48	48	3	0
83	2	46	2	48	48	2	45
83	2	46	5	48	48	2	35
83	2	46	6	48	48	3	inf
83	2	46	12	48	48	3	51
83	2	46	19	48	48	2	35
83	2	46	22	48	48	2	45
83	2	46	24	48	48	3	0
83	2	46	26	48	48	2	38
83	2	46	29	48	48	2	48
83	2	46	36	48	48	3	32
83	2	46	43	48	48	2	48
83	2	46	46	48	48	2	38
83	2	47	2	48	48	2	35
83	2	47	5	48	48	2	45
83	2	47	7	48	48	3	0
83	2	47	9	48	48	2	38
83	2	47	12	48	48	2	48
83	2	47	19	48	48	3	32
83	2	47	26	48	48	2	48
83	2	47	29	48	48	2	38
83	2	47	31	48	48	3	0
83	2	47	33	48	48	2	45
83	2	47	36	48	48	2	35
83	2	47	37	48	48	3	inf
83	2	47	43	48	48	3	51
89	1	0	3	42	42	2	8
89	1	0	5	42	42	3	inf
89	1	0	8	42	42	3	0
89	1	0	13	42	42	2	81
89	1	0	17	42	42	2	63
89	1	0	20	42	42	2	63
89	1	0	24	42	42	2	81
89	1	0	29	42	42	3	0
89	1	0	34	42	42	2	8
89	1	0	38	42	42	2	26
89	1	0	41	42	42	2	26
89	1	1	1	42	42	2	81
89	1	1	6	42	42	3	0
89	1	1	11	42	42	2	8
89	1	1	15	42	42	2	26
89	1	1	18	42	42	2	26
89	1	1	22	42	42	2	8
89	1	1	24	42	42	3	inf
89	1	1	27	42	42	3	0
89	1	1	32	42	42	2	81
89	1	1	36	42	42	2	63
89	1	1	39	42	42	2	63
89	1	2	1	42	42	3	inf
89	1	2	4	42	42	3	0
89	1	2	9	42	42	2	81
89	1	2	13	42	42	2	63
89	1	2	16	42	42	2	63
89	1	2	20	42	42	2	81
89	1	2	25	42	42	3	0
89	1	2	30	42	42	2	8
89	1	2	34	42	42	2	26
89	1	2	37	42	42	2	26
89	1	2	41	42	42	2	8
89	1	3	2	42	42	3	0
89	1	3	7	42	42	2	8
89	1	3	11	42	42	2	26
89	1	3	14	42	42	2	26
89	1	3	18	42	42	2	8
89	1	3	20	42	42	3	inf
89	1	3	23	42	42	3	0
89	1	3	28	42	42	2	81
89	1	3	32	42	42	2	63
89	1	3	35	42	42	2	63
89	1	3	39	42	42	2	81
89	1	4	0	42	42	3	0
89	1	4	5	42	42	2	81
89	1	4	9	42	42	2	63
89	1	4	12	42	42	2	63
89	1	4	16	42	42	2	81
89	1	4	21	42	42	3	0
89	1	4	26	42	42	2	8
89	1	4	30	42	42	2	26
89	1	4	33	42	42	2	26
89	1	4	37	42	42	2	8
89	1	4	39	42	42	3	inf
89	1	5	3	42	42	2	8
89	1	5	7	42	42	2	26
89	1	5	10	42	42	2	26
89	1	5	14	42	42	2	8
89	1	5	16	42	42	3	inf
89	1	5	19	42	42	3	0
89	1	5	24	42	42	2	81
89	1	5	28	42	42	2	63
89	1	5	31	42	42	2	63
89	1	5	35	42	42	2	81
89	1	5	40	42	42	3	0
89	1	6	1	42	42	2	81
89	1	6	5	42	42	2	63
89	1	6	8	42	42	2	63
89	1	6	12	42	42	2	81
89	1	6	17	42	42	3	0
89	1	6	22	42	42	2	8
89	1	6	26	42	42	2	26
89	1	6	29	42	42	2	26
89	1	6	33	42	42	2	8
89	1	6	35	42	42	3	inf
89	1	6	38	42	42	3	0
89	1	7	3	42	42	2	26
89	1	7	6	42	42	2	26
89	1	7	10	42	42	2	8
89	1	7	12	42	42	3	inf
89	1	7	15	42	42	3	0
89	1	7	20	42	42	2	81
89	1	7	24	42	42	2	63
89	1	7	27	42	42	2	63
89	1	7	31	42	42	2	81
89	1	7	36	42	42	3	0
89	1	7	41	42	42	2	8
89	1	8	1	42	42	2	63
89	1	8	4	42	42	2	63
89	1	8	8	42	42	2	81
89	1	8	13	42	42	3	0
89	1	8	18	42	42	2	8
89	1	8	22	42	42	2	26
89	1	8	25	42	42	2	26
89	1	8	29	42	42	2	8
89	1	8	31	42	42	3	inf
89	1	8	34	42	42	3	0
89	1	8	39	42	42	2	81
89	1	9	2	42	42	2	26
89	1	9	6	42	42	2	8
89	1	9	8	42	42	3	inf
89	1	9	11	42	42	3	0
89	1	9	16	42	42	2	81
89	1	9	20	42	42	2	63
89	1	9	23	42	42	2	63
89	1	9	27	42	42	2	81
89	1	9	32	42	42	3	0
89	1	9	37	42	42	2	8
89	1	9	41	42	42	2	26
89	1	10	0	42	42	2	63
89	1	10	4	42	42	2	81
89	1	10	9	42	42	3	0
89	1	10	14	42	42	2	8
89	1	10	18	42	42	2	26
89	1	10	21	42	42	2	26
89	1	10	25	42	42	2	8
89	1	10	27	42	42	3	inf
89	1	10	30	42	42	3	0
89	1	10	35	42	42	2	81
89	1	10	39	42	42	2	63
89	1	11	2	42	42	2	8
89	1	11	4	42	42	3	inf
89	1	11	7	42	42	3	0
89	1	11	12	42	42	2	81
89	1	11	16	42	42	2	63
89	1	11	19	42	42	2	63
89	1	11	23	42	42	2	81
89	1	11	28	42	42	3	0
89	1	11	33	42	42	2	8
89	1	11	37	42	42	2	26
89	1	11	40	42	42	2	26
89	1	12	0	42	42	2	81
89	1	12	5	42	42	3	0
89	1	12	10	42	42	2	8
89	1	12	14	42	42	2	26
89	1	12	17	42	42	2	26
89	1	12	21	42	42	2	8
89	1	12	23	42	42	3	inf
89	1	12	26	42	42	3	0
89	1	12	31	42	42	2	81
89	1	12	35	42	42	2	63
89	1	12	38	42	42	2	63
89	1	13	0	42	42	3	inf
89	1	13	3	42	42	3	0
89	1	13	8	42	42	2	81
89	1	13	12	42	42	2	63
89	1	13	15	42	42	2	63
89	1	13	19	42	42	2	81
89	1	13	24	42	42	3	0
89	1	13	29	42	42	2	8
89	1	13	33	42	42	2	26
89	1	13	36	42	42	2	26
89	1	13	40	42	42	2	8
89	1	14	1	42	42	3	0
89	1	14	6	42	42	2	8
89	1	14	10	42	42	2	26
89	1	14	13	42	42	2	26
89	1	14	17	42	42	2	8
89	1	14	19	42	42	3	inf
89	1	14	22	42	42	3	0
89	1	14	27	42	42	2	81
89	1	14	31	42	42	2	63
89	1	14	34	42	42	2	63
89	1	14	38	42	42	2	81
89	1	15	4	42	42	2	81
89	1	15	8	42	42	2	63
89	1	15	11	42	42	2	63
89	1	15	15	42	42	2	81
89	1	15	20	42	42	3	0
89	1	15	25	42	42	2	8
89	1	15	29	42	42	2	26
89	1	15	32	42	42	2	26
89	1	15	36	42	42	2	8
89	1	15	38	42	42	3	inf
89	1	15	41	42	42	3	0
89	1	16	2	42	42	2	8
89	1	16	6	42	42	2	26
89	1	16	9	42	42	2	26
89	1	16	13	42	42	2	8
89	1	16	15	42	42	3	inf
89	1	16	18	42	42	3	0
89	1	16	23	42	42	2	81
89	1	16	27	42	42	2	63
89	1	16	30	42	42	2	63
89	1	16	34	42	42	2	81
89	1	16	39	42	42	3	0
89	1	17	0	42	42	2	81
89	1	17	4	42	42	2	63
89	1	17	7	42	42	2	63
89	1	17	11	42	42	2	81
89	1	17	16	42	42	3	0
89	1	17	21	42	42	2	8
89	1	17	25	42	42	2	26
89	1	17	28	42	42	2	26
89	1	17	32	42	42	2	8
89	1	17	34	42	42	3	inf
89	1	17	37	42	42	3	0
89	1	18	2	42	42	2	26
89	1	18	5	42	42	2	26
89	1	18	9	42	42	2	8
89	1	18	11	42	42	3	inf
89	1	18	14	42	42	3	0
89	1	18	19	42	42	2	81
89	1	18	23	42	42	2	63
89	1	18	26	42	42	2	63
89	1	18	30	42	42	2	81
89	1	18	35	42	42	3	0
89	1	18	40	42	42	2	8
89	1	19	0	42	42	2	63
89	1	19	3	42	42	2	63
89	1	19	7	42	42	2	81
89	1	19	12	42	42	3	0
89	1	19	17	42	42	2	8
89	1	19	21	42	42	2	26
89	1	19	24	42	42	2	26
89	1	19	28	42	42	2	8
89	1	19	30	42	42	3	inf
89	1	19	33	42	42	3	0
89	1	19	38	42	42	2	81
89	1	20	1	42	42	2	26
89	1	20	5	42	42	2	8
89	1	20	7	42	42	3	inf
89	1	20	10	42	42	3	0
89	1	20	15	42	42	2	81
89	1	20	19	42	42	2	63
89	1	20	22	42	42	2	63
89	1	20	26	42	42	2	81
89	1	20	31	42	42	3	0
89	1	20	36	42	42	2	8
89	1	20	40	42	42	2	26
89	1	21	3	42	42	2	81
89	1	21	8	42	42	3	0
89	1	21	13	42	42	2	8
89	1	21	17	42	42	2	26
89	1	21	20	42	42	2	26
89	1	21	24	42	42	2	8
89	1	21	26	42	42	3	inf
89	1	21	29	42	42	3	0
89	1	21	34	42	42	2	81
89	1	21	38	42	42	2	63
89	1	21	41	42	42	2	63
89	1	22	1	42	42	2	8
89	1	22	3	42	42	3	inf
89	1	22	6	42	42	3	0
89	1	22	11	42	42	2	81
89	1	22	15	42	42	2	63
89	1	22	18	42	42	2	63
89	1	22	22	42	42	2	81
89	1	22	27	42	42	3	0
89	1	22	32	42	42	2	8
89	1	22	36	42	42	2	26
89	1	22	39	42	42	2	26
89	1	23	4	42	42	3	0
89	1	23	9	42	42	2	8
89	1	23	13	42	42	2	26
89	1	23	16	42	42	2	26
89	1	23	20	42	42	2	8
89	1	23	22	42	42	3	inf
89	1	23	25	42	42	3	0
89	1	23	30	42	42	2	81
89	1	23	34	42	42	2	63
89	1	23	37	42	42	2	63
89	1	23	41	42	42	2	81
89	1	24	2	42	42	3	0
89	1	24	7	42	42	2	81
89	1	24	11	42	42	2	63
89	1	24	14	42	42	2	63
89	1	24	18	42	42	2	81
89	1	24	23	42	42	3	0
89	1	24	28	42	42	2	8
89	1	24	32	42	42	2	26
89	1	24	35	42	42	2	26
89	1	24	39	42	42	2	8
89	1	24	41	42	42	3	inf
89	1	25	0	42	42	3	0
89	1	25	5	42	42	2	8
89	1	25	9	42	42	2	26
89	1	25	12	42	42	2	26
89	1	25	16	42	42	2	8
89	1	25	18	42	42	3	inf
89	1	25	21	42	42	3	0
89	1	25	26	42	42	2	81
89	1	25	30	42	42	2	63
89	1	25	33	42	42	2	63
89	1	25	37	42	42	2	81
89	1	26	3	42	42	2	81
89	1	26	7	42	42	2	63
89	1	26	10	42	42	2	63
89	1	26	14	42	42	2	81
89	1	26	19	42	42	3	0
89	1	26	24	42	42	2	8
89	1	26	28	42	42	2	26
89	1	26	31	42	42	2	26
89	1	26	35	42	42	2	8
89	1	26	37	42	42	3	inf
89	1	26	40	42	42	3	0
89	1	27	1	42	42	2	8
89	1	27	5	42	42	2	26
89	1	27	8	42	42	2	26
89	1	27	12	42	42	2	8
89	1	27	14	42	42	3	inf
89	1	27	17	42	42	3	0
89	1	27	22	42	42	2	81
89	1	27	26	42	42	2	63
89	1	27	29	42	42	2	63
89	1	27	33	42	42	2	81
89	1	27	38	42	42	3	0
89	1	28	3	42	42	2	63
89	1	28	6	42	42	2	63
89	1	28	10	42	42	2	81
89	1	28	15	42	42	3	0
89	1	28	20	42	42	2	8
89	1	28	24	42	42	2	26
89	1	28	27	42	42	2	26
89	1	28	31	42	42	2	8
89	1	28	33	42	42	3	inf
89	1	28	36	42	42	3	0
89	1	28	41	42	42	2	81
89	1	29	1	42	42	2	26
89	1	29	4	42	42	2	26
89	1	29	8	42	42	2	8
89	1	29	10	42	42	3	inf
89	1	29	13	42	42	3	0
89	1	29	18	42	42	2	81
89	1	29	22	42	42	2	63
89	1	29	25	42	42	2	63
89	1	29	29	42	42	2	81
89	1	29	34	42	42	3	0
89	1	29	39	42	42	2	8
89	1	30	2	42	42	2	63
89	1	30	6	42	42	2	81
89	1	30	11	42	42	3	0
89	1	30	16	42	42	2	8
89	1	30	20	42	42	2	26
89	1	30	23	42	42	2	26
89	1	30	27	42	42	2	8
89	1	30	29	42	42	3	inf
89	1	30	32	42	42	3	0
89	1	30	37	42	42	2	81
89	1	30	41	42	42	2	63
89	1	31	0	42	42	2	26
89	1	31	4	42	42	2	8
89	1	31	6	42	42	3	inf
89	1	31	9	42	42	3	0
89	1	31	14	42	42	2	81
89	1	31	18	42	42	2	63
89	1	31	21	42	42	2	63
89	1	31	25	42	42	2	81
89	1	31	30	42	42	3	0
89	1	31	35	42	42	2	8
89	1	31	39	42	42	2	26
89	1	32	2	42	42	2	81
89	1	32	7	42	42	3	0
89	1	32	12	42	42	2	8
89	1	32	16	42	42	2	26
89	1	32	19	42	42	2	26
89	1	32	23	42	42	2	8
89	1	32	25	42	42	3	inf
89	1	32	28	42	42	3	0
89	1	32	33	42	42	2	81
89	1	32	37	42	42	2	63
89	1	32	40	42	42	2	63
89	1	33	0	42	42	2	8
89	1	33	2	42	42	3	inf
89	1	33	5	42	42	3	0
89	1	33	10	42	42	2	81
89	1	33	14	42	42	2	63
89	1	33	17	42	42	2	63
89	1	33	21	42	42	2	81
89	1	33	26	42	42	3	0
89	1	33	31	42	42	2	8
89	1	33	35	42	42	2	26
89	1	33	38	42	42	2	26
89	1	34	3	42	42	3	0
89	1	34	8	42	42	2	8
89	1	34	12	42	42	2	26
89	1	34	15	42	42	2	26
89	1	34	19	42	42	2	8
89	1	34	21	42	42	3	inf
89	1	34	24	42	42	3	0
89	1	34	29	42	42	2	81
89	1	34	33	42	42	2	63
89	1	34	36	42	42	2	63
89	1	34	40	42	42	2	81
89	1	35	1	42	42	3	0
89	1	35	6	42	42	2	81
89	1	35	10	42	42	2	63
89	1	35	13	42	42	2	63
89	1	35	17	42	42	2	81
89	1	35	22	42	42	3	0
89	1	35	27	42	42	2	8
89	1	35	31	42	42	2	26
89	1	35	34	42	42	2	26
89	1	35	38	42	42	2	8
89	1	35	40	42	42	3	inf
89	1	36	4	42	42	2	8
89	1	36	8	42	42	2	26
89	1	36	11	42	42	2	26
89	1	36	15	42	42	2	8
89	1	36	17	42	42	3	inf
89	1	36	20	42	42	3	0
89	1	36	25	42	42	2	81
89	1	36	29	42	42	2	63
89	1	36	32	42	42	2	63
89	1	36	36	42	42	2	81
89	1	36	41	42	42	3	0
89	1	37	2	42	42	2	81
89	1	37	6	42	42	2	63
89	1	37	9	42	42	2	63
89	1	37	13	42	42	2	81
89	1	37	18	42	42	3	0
89	1	37	23	42	42	2	8
89	1	37	27	42	42	2	26
89	1	37	30	42	42	2	26
89	1	37	34	42	42	2	8
89	1	37	36	42	42	3	inf
89	1	37	39	42	42	3	0
89	1	38	0	42	42	2	8
89	1	38	4	42	42	2	26
89	1	38	7	42	42	2	26
89	1	38	11	42	42	2	8
89	1	38	13	42	42	3	inf
89	1	38	16	42	42	3	0
89	1	38	21	42	42	2	81
89	1	38	25	42	42	2	63
89	1	38	28	42	42	2	63
89	1	38	32	42	42	2	81
89	1	38	37	42	42	3	0
89	1	39	2	42	42	2	63
89	1	39	5	42	42	2	63
89	1	39	9	42	42	2	81
89	1	39	14	42	42	3	0
89	1	39	19	42	42	2	8
89	1	39	23	42	42	2	26
89	1	39	26	42	42	2	26
89	1	39	30	42	42	2	8
89	1	39	32	42	42	3	inf
89	1	39	35	42	42	3	0
89	1	39	40	42	42	2	81
89	1	40	0	42	42	2	26
89	1	40	3	42	42	2	26
89	1	40	7	42	42	2	8
89	1	40	9	42	42	3	inf
89	1	40	12	42	42	3	0
89	1	40	17	42	42	2	81
89	1	40	21	42	42	2	63
89	1	40	24	42	42	2	63
89	1	40	28	42	42	2	81
89	1	40	33	42	42	3	0
89	1	40	38	42	42	2	8
89	1	41	1	42	42	2	63
89	1	41	5	42	42	2	81
89	1	41	10	42	42	3	0
89	1	41	15	42	42	2	8
89	1	41	19	42	42	2	26
89	1	41	22	42	42	2	26
89	1	41	26	42	42	2	8
89	1	41	28	42	42	3	inf
89	1	41	31	42	42	3	0
89	1	41	36	42	42	2	81
89	1	41	40	42	42	2	63
89	2	0	3	42	42	2	81
89	2	0	8	42	42	3	0
89	2	0	13	42	42	2	8
89	2	0	17	42	42	2	26
89	2	0	20	42	42	2	26
89	2	0	24	42	42	2	8
89	2	0	26	42	42	3	inf
89	2	0	29	42	42	3	0
89	2	0	34	42	42	2	81
89	2	0	38	42	42	2	63
89	2	0	41	42	42	2	63
89	2	1	1	42	42	2	8
89	2	1	3	42	42	3	inf
89	2	1	6	42	42	3	0
89	2	1	11	42	42	2	81
89	2	1	15	42	42	2	63
89	2	1	18	42	42	2	63
89	2	1	22	42	42	2	81
89	2	1	27	42	42	3	0
89	2	1	32	42	42	2	8
89	2	1	36	42	42	2	26
89	2	1	39	42	42	2	26
89	2	2	4	42	42	3	0
89	2	2	9	42	42	2	8
89	2	2	13	42	42	2	26
89	2	2	16	42	42	2	26
89	2	2	20	42	42	2	8
89	2	2	22	42	42	3	inf
89	2	2	25	42	42	3	0
89	2	2	30	42	42	2	81
89	2	2	34	42	42	2	63
89	2	2	37	42	42	2	63
89	2	2	41	42	42	2	81
89	2	3	2	42	42	3	0
89	2	3	7	42	42	2	81
89	2	3	11	42	42	2	63
89	2	3	14	42	42	2	63
89	2	3	18	42	42	2	81
89	2	3	23	42	42	3	0
89	2	3	28	42	42	2	8
89	2	3	32	42	42	2	26
89	2	3	35	42	42	2	26
89	2	3	39	42	42	2	8
89	2	3	41	42	42	3	inf
89	2	4	0	42	42	3	0
89	2	4	5	42	42	2	8
89	2	4	9	42	42	2	26
89	2	4	12	42	42	2	26
89	2	4	16	42	42	2	8
89	2	4	18	42	42	3	inf
89	2	4	21	42	42	3	0
89	2	4	26	42	42	2	81
89	2	4	30	42	42	2	63
89	2	4	33	42	42	2	63
89	2	4	37	42	42	2	81
89	2	5	3	42	42	2	81
89	2	5	7	42	42	2	63
89	2	5	10	42	42	2	63
89	2	5	14	42	42	2	81
89	2	5	19	42	42	3	0
89	2	5	24	42	42	2	8
89	2	5	28	42	42	2	26
89	2	5	31	42	42	2	26
89	2	5	35	42	42	2	8
89	2	5	37	42	42	3	inf
89	2	5	40	42	42	3	0
89	2	6	1	42	42	2	8
89	2	6	5	42	42	2	26
89	2	6	8	42	42	2	26
89	2	6	12	42	42	2	8
89	2	6	14	42	42	3	inf
89	2	6	17	42	42	3	0
89	2	6	22	42	42	2	81
89	2	6	26	42	42	2	63
89	2	6	29	42	42	2	63
89	2	6	33	42	42	2	81
89	2	6	38	42	42	3	0
89	2	7	3	42	42	2	63
89	2	7	6	42	42	2	63
89	2	7	10	42	42	2	81
89	2	7	15	42	42	3	0
89	2	7	20	42	42	2	8
89	2	7	24	42	42	2	26
89	2	7	27	42	42	2	26
89	2	7	31	42	42	2	8
89	2	7	33	42	42	3	inf
89	2	7	36	42	42	3	0
89	2	7	41	42	42	2	81
89	2	8	1	42	42	2	26
89	2	8	4	42	42	2	26
89	2	8	8	42	42	2	8
89	2	8	10	42	42	3	inf
89	2	8	13	42	42	3	0
89	2	8	18	42	42	2	81
89	2	8	22	42	42	2	63
89	2	8	25	42	42	2	63
89	2	8	29	42	42	2	81
89	2	8	34	42	42	3	0
89	2	8	39	42	42	2	8
89	2	9	2	42	42	2	63
89	2	9	6	42	42	2	81
89	2	9	11	42	42	3	0
89	2	9	16	42	42	2	8
89	2	9	20	42	42	2	26
89	2	9	23	42	42	2	26
89	2	9	27	42	42	2	8
89	2	9	29	42	42	3	inf
89	2	9	32	42	42	3	0
89	2	9	37	42	42	2	81
89	2	9	41	42	42	2	63
89	2	10	0	42	42	2	26
89	2	10	4	42	42	2	8
89	2	10	6	42	42	3	inf
89	2	10	9	42	42	3	0
89	2	10	14	42	42	2	81
89	2	10	18	42	42	2	63
89	2	10	21	42	42	2	63
89	2	10	25	42	42	2	81
89	2	10	30	42	42	3	0
89	2	10	35	42	42	2	8
89	2	10	39	42	42	2	26
89	2	11	2	42	42	2	81
89	2	11	7	42	42	3	0
89	2	11	12	42	42	2	8
89	2	11	16	42	42	2	26
89	2	11	19	42	42	2	26
89	2	11	23	42	42	2	8
89	2	11	25	42	42	3	inf
89	2	11	28	42	42	3	0
89	2	11	33	42	42	2	81
89	2	11	37	42	42	2	63
89	2	11	40	42	42	2	63
89	2	12	0	42	42	2	8
89	2	12	2	42	42	3	inf
89	2	12	5	42	42	3	0
89	2	12	10	42	42	2	81
89	2	12	14	42	42	2	63
89	2	12	17	42	42	2	63
89	2	12	21	42	42	2	81
89	2	12	26	42	42	3	0
89	2	12	31	42	42	2	8
89	2	12	35	42	42	2	26
89	2	12	38	42	42	2	26
89	2	13	3	42	42	3	0
89	2	13	8	42	42	2	8
89	2	13	12	42	42	2	26
89	2	13	15	42	42	2	26
89	2	13	19	42	42	2	8
89	2	13	21	42	42	3	inf
89	2	13	24	42	42	3	0
89	2	13	29	42	42	2	81
89	2	13	33	42	42	2	63
89	2	13	36	42	42	2	63
89	2	13	40	42	42	2	81
89	2	14	1	42	42	3	0
89	2	14	6	42	42	2	81
89	2	14	10	42	42	2	63
89	2	14	13	42	42	2	63
89	2	14	17	42	42	2	81
89	2	14	22	42	42	3	0
89	2	14	27	42	42	2	8
89	2	14	31	42	42	2	26
89	2	14	34	42	42	2	26
89	2	14	38	42	42	2	8
89	2	14	40	42	42	3	inf
89	2	15	4	42	42	2	8
89	2	15	8	42	42	2	26
89	2	15	11	42	42	2	26
89	2	15	15	42	42	2	8
89	2	15	17	42	42	3	inf
89	2	15	20	42	42	3	0
89	2	15	25	42	42	2	81
89	2	15	29	42	42	2	63
89	2	15	32	42	42	2	63
89	2	15	36	42	42	2	81
89	2	15	41	42	42	3	0
89	2	16	2	42	42	2	81
89	2	16	6	42	42	2	63
89	2	16	9	42	42	2	63
89	2	16	13	42	42	2	81
89	2	16	18	42	42	3	0
89	2	16	23	42	42	2	8
89	2	16	27	42	42	2	26
89	2	16	30	42	42	2	26
89	2	16	34	42	42	2	8
89	2	16	36	42	42	3	inf
89	2	16	39	42	42	3	0
89	2	17	0	42	42	2	8
89	2	17	4	42	42	2	26
89	2	17	7	42	42	2	26
89	2	17	11	42	42	2	8
89	2	17	13	42	42	3	inf
89	2	17	16	42	42	3	0
89	2	17	21	42	42	2	81
89	2	17	25	42	42	2	63
89	2	17	28	42	42	2	63
89	2	17	32	42	42	2	81
89	2	17	37	42	42	3	0
89	2	18	2	42	42	2	63
89	2	18	5	42	42	2	63
89	2	18	9	42	42	2	81
89	2	18	14	42	42	3	0
89	2	18	19	42	42	2	8
89	2	18	23	42	42	2	26
89	2	18	26	42	42	2	26
89	2	18	30	42	42	2	8
89	2	18	32	42	42	3	inf
89	2	18	35	42	42	3	0
89	2	18	40	42	42	2	81
89	2	19	0	42	42	2	26
89	2	19	3	42	42	2	26
89	2	19	7	42	42	2	8
89	2	19	9	42	42	3	inf
89	2	19	12	42	42	3	0
89	2	19	17	42	42	2	81
89	2	19	21	42	42	2	63
89	2	19	24	42	42	2	63
89	2	19	28	42	42	2	81
89	2	19	33	42	42	3	0
89	2	19	38	42	42	2	8
89	2	20	1	42	42	2	63
89	2	20	5	42	42	2	81
89	2	20	10	42	42	3	0
89	2	20	15	42	42	2	8
89	2	20	19	42	42	2	26
89	2	20	22	42	42	2	26
89	2	20	26	42	42	2	8
89	2	20	28	42	42	3	inf
89	2	20	31	42	42	3	0
89	2	20	36	42	42	2	81
89	2	20	40	42	42	2	63
89	2	21	3	42	42	2	8
89	2	21	5	42	42	3	inf
89	2	21	8	42	42	3	0
89	2	21	13	42	42	2	81
89	2	21	17	42	42	2	63
89	2	21	20	42	42	2	63
89	2	21	24	42	42	2	81
89	2	21	29	42	42	3	0
89	2	21	34	42	42	2	8
89	2	21	38	42	42	2	26
89	2	21	41	42	42	2	26
89	2	22	1	42	42	2	81
89	2	22	6	42	42	3	0
89	2	22	11	42	42	2	8
89	2	22	15	42	42	2	26
89	2	22	18	42	42	2	26
89	2	22	22	42	42	2	8
89	2	22	24	42	42	3	inf
89	2	22	27	42	42	3	0
89	2	22	32	42	42	2	81
89	2	22	36	42	42	2	63
89	2	22	39	42	42	2	63
89	2	23	1	42	42	3	inf
89	2	23	4	42	42	3	0
89	2	23	9	42	42	2	81
89	2	23	13	42	42	2	63
89	2	23	16	42	42	2	63
89	2	23	20	42	42	2	81
89	2	23	25	42	42	3	0
89	2	23	30	42	42	2	8
89	2	23	34	42	42	2	26
89	2	23	37	42	42	2	26
89	2	23	41	42	42	2	8
89	2	24	2	42	42	3	0
89	2	24	7	42	42	2	8
89	2	24	11	42	42	2	26
89	2	24	14	42	42	2	26
89	2	24	18	42	42	2	8
89	2	24	20	42	42	3	inf
89	2	24	23	42	42	3	0
89	2	24	28	42	42	2	81
89	2	24	32	42	42	2	63
89	2	24	35	42	42	2	63
89	2	24	39	42	42	2	81
89	2	25	0	42	42	3	0
89	2	25	5	42	42	2	81
89	2	25	9	42	42	2	63
89	2	25	12	42	42	2	63
89	2	25	16	42	42	2	81
89	2	25	21	42	42	3	0
89	2	25	26	42	42	2	8
89	2	25	30	42	42	2	26
89	2	25	33	42	42	2	26
89	2	25	37	42	42	2	8
89	2	25	39	42	42	3	inf
89	2	26	3	42	42	2	8
89	2	26	7	42	42	2	26
89	2	26	10	42	42	2	26
89	2	26	14	42	42	2	8
89	2	26	16	42	42	3	inf
89	2	26	19	42	42	3	0
89	2	26	24	42	42	2	81
89	2	26	28	42	42	2	63
89	2	26	31	42	42	2	63
89	2	26	35	42	42	2	81
89	2	26	40	42	42	3	0
89	2	27	1	42	42	2	81
89	2	27	5	42	42	2	63
89	2	27	8	42	42	2	63
89	2	27	12	42	42	2	81
89	2	27	17	42	42	3	0
89	2	27	22	42	42	2	8
89	2	27	26	42	42	2	26
89	2	27	29	42	42	2	26
89	2	27	33	42	42	2	8
89	2	27	35	42	42	3	inf
89	2	27	38	42	42	3	0
89	2	28	3	42	42	2	26
89	2	28	6	42	42	2	26
89	2	28	10	42	42	2	8
89	2	28	12	42	42	3	inf
89	2	28	15	42	42	3	0
89	2	28	20	42	42	2	81
89	2	28	24	42	42	2	63
89	2	28	27	42	42	2	63
89	2	28	31	42	42	2	81
89	2	28	36	42	42	3	0
89	2	28	41	42	42	2	8
89	2	29	1	42	42	2	63
89	2	29	4	42	42	2	63
89	2	29	8	42	42	2	81
89	2	29	13	42	42	3	0
89	2	29	18	42	42	2	8
89	2	29	22	42	42	2	26
89	2	29	25	42	42	2	26
89	2	29	29	42	42	2	8
89	2	29	31	42	42	3	inf
89	2	29	34	42	42	3	0
89	2	29	39	42	42	2	81
89	2	30	2	42	42	2	26
89	2	30	6	42	42	2	8
89	2	30	8	42	42	3	inf
89	2	30	11	42	42	3	0
89	2	30	16	42	42	2	81
89	2	30	20	42	42	2	63
89	2	30	23	42	42	2	63
89	2	30	27	42	42	2	81
89	2	30	32	42	42	3	0
89	2	30	37	42	42	2	8
89	2	30	41	42	42	2	26
89	2	31	0	42	42	2	63
89	2	31	4	42	42	2	81
89	2	31	9	42	42	3	0
89	2	31	14	42	42	2	8
89	2	31	18	42	42	2	26
89	2	31	21	42	42	2	26
89	2	31	25	42	42	2	8
89	2	31	27	42	42	3	inf
89	2	31	30	42	42	3	0
89	2	31	35	42	42	2	81
89	2	31	39	42	42	2	63
89	2	32	2	42	42	2	8
89	2	32	4	42	42	3	inf
89	2	32	7	42	42	3	0
89	2	32	12	42	42	2	81
89	2	32	16	42	42	2	63
89	2	32	19	42	42	2	63
89	2	32	23	42	42	2	81
89	2	32	28	42	42	3	0
89	2	32	33	42	42	2	8
89	2	32	37	42	42	2	26
89	2	32	40	42	42	2	26
89	2	33	0	42	42	2	81
89	2	33	5	42	42	3	0
89	2	33	10	42	42	2	8
89	2	33	14	42	42	2	26
89	2	33	17	42	42	2	26
89	2	33	21	42	42	2	8
89	2	33	23	42	42	3	inf
89	2	33	26	42	42	3	0
89	2	33	31	42	42	2	81
89	2	33	35	42	42	2	63
89	2	33	38	42	42	2	63
89	2	34	0	42	42	3	inf
89	2	34	3	42	42	3	0
89	2	34	8	42	42	2	81
89	2	34	12	42	42	2	63
89	2	34	15	42	42	2	63
89	2	34	19	42	42	2	81
89	2	34	24	42	42	3	0
89	2	34	29	42	42	2	8
89	2	34	33	42	42	2	26
89	2	34	36	42	42	2	26
89	2	34	40	42	42	2	8
89	2	35	1	42	42	3	0
89	2	35	6	42	42	2	8
89	2	35	10	42	42	2	26
89	2	35	13	42	42	2	26
89	2	35	17	42	42	2	8
89	2	35	19	42	42	3	inf
89	2	35	22	42	42	3	0
89	2	35	27	42	42	2	81
89	2	35	31	42	42	2	63
89	2	35	34	42	42	2	63
89	2	35	38	42	42	2	81
89	2	36	4	42	42	2	81
89	2	36	8	42	42	2	63
89	2	36	11	42	42	2	63
89	2	36	15	42	42	2	81
89	2	36	20	42	42	3	0
89	2	36	25	42	42	2	8
89	2	36	29	42	42	2	26
89	2	36	32	42	42	2	26
89	2	36	36	42	42	2	8
89	2	36	38	42	42	3	inf
89	2	36	41	42	42	3	0
89	2	37	2	42	42	2	8
89	2	37	6	42	42	2	26
89	2	37	9	42	42	2	26
89	2	37	13	42	42	2	8
89	2	37	15	42	42	3	inf
89	2	37	18	42	42	3	0
89	2	37	23	42	42	2	81
89	2	37	27	42	42	2	63
89	2	37	30	42	42	2	63
89	2	37	34	42	42	2	81
89	2	37	39	42	42	3	0
89	2	38	0	42	42	2	81
89	2	38	4	42	42	2	63
89	2	38	7	42	42	2	63
89	2	38	11	42	42	2	81
89	2	38	16	42	42	3	0
89	2	38	21	42	42	2	8
89	2	38	25	42	42	2	26
89	2	38	28	42	42	2	26
89	2	38	32	42	42	2	8
89	2	38	34	42	42	3	inf
89	2	38	37	42	42	3	0
89	2	39	2	42	42	2	26
89	2	39	5	42	42	2	26
89	2	39	9	42	42	2	8
89	2	39	11	42	42	3	inf
89	2	39	14	42	42	3	0
89	2	39	19	42	42	2	81
89	2	39	23	42	42	2	63
89	2	39	26	42	42	2	63
89	2	39	30	42	42	2	81
89	2	39	35	42	42	3	0
89	2	39	40	42	42	2	8
89	2	40	0	42	42	2	63
89	2	40	3	42	42	2	63
89	2	40	7	42	42	2	81
89	2	40	12	42	42	3	0
89	2	40	17	42	42	2	8
89	2	40	21	42	42	2	26
89	2	40	24	42	42	2	26
89	2	40	28	42	42	2	8
89	2	40	30	42	42	3	inf
89	2	40	33	42	42	3	0
89	2	40	38	42	42	2	81
89	2	41	1	42	42	2	26
89	2	41	5	42	42	2	8
89	2	41	7	42	42	3	inf
89	2	41	10	42	42	3	0
89	2	41	15	42	42	2	81
89	2	41	19	42	42	2	63
89	2	41	22	42	42	2	63
89	2	41	26	42	42	2	81
89	2	41	31	42	42	3	0
89	2	41	36	42	42	2	8
89	2	41	40	42	42	2	26
97	1	0	0	11	22	2	1
97	1	0	3	11	22	2	50
97	1	0	12	11	22	2	47
97	1	0	15	11	22	2	96
97	1	0	17	11	22	2	19
97	1	0	20	11	22	2	78
97	1	1	8	11	22	2	47
97	1	1	11	11	22	2	96
97	1	1	13	11	22	2	19
97	1	1	16	11	22	2	78
97	1	1	18	11	22	2	1
97	1	1	21	11	22	2	50
97	1	2	4	11	22	2	47
97	1	2	7	11	22	2	96
97	1	2	9	11	22	2	19
97	1	2	12	11	22	2	78
97	1	2	14	11	22	2	1
97	1	2	17	11	22	2	50
97	1	3	0	11	22	2	47
97	1	3	3	11	22	2	96
97	1	3	5	11	22	2	19
97	1	3	8	11	22	2	78
97	1	3	10	11	22	2	1
97	1	3	13	11	22	2	50
97	1	4	1	11	22	2	19
97	1	4	4	11	22	2	78
97	1	4	6	11	22	2	1
97	1	4	9	11	22	2	50
97	1	4	18	11	22	2	47
97	1	4	21	11	22	2	96
97	1	5	0	11	22	2	78
97	1	5	2	11	22	2	1
97	1	5	5	11	22	2	50
97	1	5	14	11	22	2	47
97	1	5	17	11	22	2	96
97	1	5	19	11	22	2	19
97	1	6	1	11	22	2	50
97	1	6	10	11	22	2	47
97	1	6	13	11	22	2	96
97	1	6	15	11	22	2	19
97	1	6	18	11	22	2	78
97	1	6	20	11	22	2	1
97	1	7	6	11	22	2	47
97	1	7	9	11	22	2	96
97	1	7	11	11	22	2	19
97	1	7	14	11	22	2	78
97	1	7	16	11	22	2	1
97	1	7	19	11	22	2	50
97	1	8	2	11	22	2	47
97	1	8	5	11	22	2	96
97	1	8	7	11	22	2	19
97	1	8	10	11	22	2	78
97	1	8	12	11	22	2	1
97	1	8	15	11	22	2	50
97	1	9	1	11	22	2	96
97	1	9	3	11	22	2	19
97	1	9	6	11	22	2	78
97	1	9	8	11	22	2	1
97	1	9	11	11	22	2	50
97	1	9	20	11	22	2	47
97	1	10	2	11	22	2	78
97	1	10	4	11	22	2	1
97	1	10	7	11	22	2	50
97	1	10	16	11	22	2	47
97	1	10	19	11	22	2	96
97	1	10	21	11	22	2	19
97	2	0	0	11	22	2	96
97	2	0	3	11	22	2	47
97	2	0	7	11	22	3	inf
97	2	0	12	11	22	2	50
97	2	0	15	11	22	2	1
97	2	0	17	11	22	2	78
97	2	0	20	11	22	2	19
97	2	1	3	11	22	3	inf
97	2	1	8	11	22	2	50
97	2	1	11	11	22	2	1
97	2	1	13	11	22	2	78
97	2	1	16	11	22	2	19
97	2	1	18	11	22	2	96
97	2	1	21	11	22	2	47
97	2	2	4	11	22	2	50
97	2	2	7	11	22	2	1
97	2	2	9	11	22	2	78
97	2	2	12	11	22	2	19
97	2	2	14	11	22	2	96
97	2	2	17	11	22	2	47
97	2	2	21	11	22	3	inf
97	2	3	0	11	22	2	50
97	2	3	3	11	22	2	1
97	2	3	5	11	22	2	78
97	2	3	8	11	22	2	19
97	2	3	10	11	22	2	96
97	2	3	13	11	22	2	47
97	2	3	17	11	22	3	inf
97	2	4	1	11	22	2	78
97	2	4	4	11	22	2	19
97	2	4	6	11	22	2	96
97	2	4	9	11	22	2	47
97	2	4	13	11	22	3	inf
97	2	4	18	11	22	2	50
97	2	4	21	11	22	2	1
97	2	5	0	11	22	2	19
97	2	5	2	11	22	2	96
97	2	5	5	11	22	2	47
97	2	5	9	11	22	3	inf
97	2	5	14	11	22	2	50
97	2	5	17	11	22	2	1
97	2	5	19	11	22	2	78
97	2	6	1	11	22	2	47
97	2	6	5	11	22	3	inf
97	2	6	10	11	22	2	50
97	2	6	13	11	22	2	1
97	2	6	15	11	22	2	78
97	2	6	18	11	22	2	19
97	2	6	20	11	22	2	96
97	2	7	1	11	22	3	inf
97	2	7	6	11	22	2	50
97	2	7	9	11	22	2	1
97	2	7	11	11	22	2	78
97	2	7	14	11	22	2	19
97	2	7	16	11	22	2	96
97	2	7	19	11	22	2	47
97	2	8	2	11	22	2	50
97	2	8	5	11	22	2	1
97	2	8	7	11	22	2	78
97	2	8	10	11	22	2	19
97	2	8	12	11	22	2	96
97	2	8	15	11	22	2	47
97	2	8	19	11	22	3	inf
97	2	9	1	11	22	2	1
97	2	9	3	11	22	2	78
97	2	9	6	11	22	2	19
97	2	9	8	11	22	2	96
97	2	9	11	11	22	2	47
97	2	9	15	11	22	3	inf
97	2	9	20	11	22	2	50
97	2	10	2	11	22	2	19
97	2	10	4	11	22	2	96
97	2	10	7	11	22	2	47
97	2	10	11	11	22	3	inf
97	2	10	16	11	22	2	50
97	2	10	19	11	22	2	1
97	2	10	21	11	22	2	78
11	1	0	0	8	8	3	1
11	1	0	1	8	8	3	inf
11	1	0	2	8	8	3	inf
11	1	0	3	8	8	3	inf
11	1	0	4	8	8	3	inf
11	1	0	5	8	8	3	inf
11	1	0	6	8	8	3	inf
11	1	0	7	8	8	3	inf
11	1	1	0	8	8	3	inf
11	1	1	1	8	8	3	inf
11	1	1	2	8	8	3	inf
11	1	1	3	8	8	3	1
11	1	1	4	8	8	3	inf
11	1	1	5	8	8	3	inf
11	1	1	6	8	8	3	inf
11	1	1	7	8	8	3	inf
11	1	2	0	8	8	3	inf
11	1	2	1	8	8	3	inf
11	1	2	2	8	8	3	inf
11	1	2	3	8	8	3	inf
11	1	2	4	8	8	3	inf
11	1	2	5	8	8	3	inf
11	1	2	6	8	8	3	1
11	1	2	7	8	8	3	inf
11	1	3	0	8	8	3	inf
11	1	3	1	8	8	3	1
11	1	3	2	8	8	3	inf
11	1	3	3	8	8	3	inf
11	1	3	4	8	8	3	inf
11	1	3	5	8	8	3	inf
11	1	3	6	8	8	3	inf
11	1	3	7	8	8	3	inf
11	1	4	0	8	8	3	inf
11	1	4	1	8	8	3	inf
11	1	4	2	8	8	3	inf
11	1	4	3	8	8	3	inf
11	1	4	4	8	8	3	1
11	1	4	5	8	8	3	inf
11	1	4	6	8	8	3	inf
11	1	4	7	8	8	3	inf
11	1	5	0	8	8	3	inf
11	1	5	1	8	8	3	inf
11	1	5	2	8	8	3	inf
11	1	5	3	8	8	3	inf
11	1	5	4	8	8	3	inf
11	1	5	5	8	8	3	inf
11	1	5	6	8	8	3	inf
11	1	5	7	8	8	3	1
11	1	6	0	8	8	3	inf
11	1	6	1	8	8	3	inf
11	1	6	2	8	8	3	1
11	1	6	3	8	8	3	inf
11	1	6	4	8	8	3	inf
11	1	6	5	8	8	3	inf
11	1	6	6	8	8	3	inf
11	1	6	7	8	8	3	inf
11	1	7	0	8	8	3	inf
11	1	7	1	8	8	3	inf
11	1	7	2	8	8	3	inf
11	1	7	3	8	8	3	inf
11	1	7	4	8	8	3	inf
11	1	7	5	8	8	3	1
11	1	7	6	8	8	3	inf
11	1	7	7	8	8	3	inf
11	2	0	0	8	8	3	inf
11	2	0	1	8	8	3	inf
11	2	0	2	8	8	3	inf
11	2	0	3	8	8	3	inf
11	2	0	4	8	8	3	1
11	2	0	5	8	8	3	inf
11	2	0	6	8	8	3	inf
11	2	0	7	8	8	3	inf
11	2	1	0	8	8	3	inf
11	2	1	1	8	8	3	inf
11	2	1	2	8	8	3	inf
11	2	1	3	8	8	3	inf
11	2	1	4	8	8	3	inf
11	2	1	5	8	8	3	inf
11	2	1	6	8	8	3	inf
11	2	1	7	8	8	3	1
11	2	2	0	8	8	3	inf
11	2	2	1	8	8	3	inf
11	2	2	2	8	8	3	1
11	2	2	3	8	8	3	inf
11	2	2	4	8	8	3	inf
11	2	2	5	8	8	3	inf
11	2	2	6	8	8	3	inf
11	2	2	7	8	8	3	inf
11	2	3	0	8	8	3	inf
11	2	3	1	8	8	3	inf
11	2	3	2	8	8	3	inf
11	2	3	3	8	8	3	inf
11	2	3	4	8	8	3	inf
11	2	3	5	8	8	3	1
11	2	3	6	8	8	3	inf
11	2	3	7	8	8	3	inf
11	2	4	0	8	8	3	1
11	2	4	1	8	8	3	inf
11	2	4	2	8	8	3	inf
11	2	4	3	8	8	3	inf
11	2	4	4	8	8	3	inf
11	2	4	5	8	8	3	inf
11	2	4	6	8	8	3	inf
11	2	4	7	8	8	3	inf
11	2	5	0	8	8	3	inf
11	2	5	1	8	8	3	inf
11	2	5	2	8	8	3	inf
11	2	5	3	8	8	3	1
11	2	5	4	8	8	3	inf
11	2	5	5	8	8	3	inf
11	2	5	6	8	8	3	inf
11	2	5	7	8	8	3	inf
11	2	6	0	8	8	3	inf
11	2	6	1	8	8	3	inf
11	2	6	2	8	8	3	inf
11	2	6	3	8	8	3	inf
11	2	6	4	8	8	3	inf
11	2	6	5	8	8	3	inf
11	2	6	6	8	8	3	1
11	2	6	7	8	8	3	inf
11	2	7	0	8	8	3	inf
11	2	7	1	8	8	3	1
11	2	7	2	8	8	3	inf
11	2	7	3	8	8	3	inf
11	2	7	4	8	8	3	inf
11	2	7	5	8	8	3	inf
11	2	7	6	8	8	3	inf
11	2	7	7	8	8	3	inf
