u	t	w	u0	t0	w0
0	0	0	0	0	0
0	11	0	0	0	0
0	22	0	0	0	0
0	33	0	0	0	0
0	44	0	0	0	0
0	55	0	0	0	0
0	66	0	0	0	0
0	77	0	0	0	0
0	88	0	0	0	0
0	99	0	0	0	0
0	110	0	0	0	0
1	0	1	1	0	1
1	0	12	1	0	1
1	0	23	1	0	1
1	0	34	1	0	1
1	0	45	1	0	1
1	0	56	1	0	1
1	0	67	1	0	1
1	0	72	1	0	6
1	0	78	1	0	1
1	0	89	1	0	1
1	0	100	1	0	1
1	0	111	1	0	1
1	7	71	1	7	5
1	11	1	1	0	1
1	11	12	1	0	1
1	11	23	1	0	1
1	11	34	1	0	1
1	11	45	1	0	1
1	11	56	1	0	1
1	11	67	1	0	1
1	11	72	1	0	6
1	11	78	1	0	1
1	11	89	1	0	1
1	11	100	1	0	1
1	11	111	1	0	1
1	18	27	1	7	5
1	22	1	1	0	1
1	22	12	1	0	1
1	22	23	1	0	1
1	22	34	1	0	1
1	22	45	1	0	1
1	22	56	1	0	1
1	22	67	1	0	1
1	22	72	1	0	6
1	22	78	1	0	1
1	22	89	1	0	1
1	22	100	1	0	1
1	22	111	1	0	1
1	29	104	1	7	5
1	33	1	1	0	1
1	33	12	1	0	1
1	33	23	1	0	1
1	33	34	1	0	1
1	33	45	1	0	1
1	33	56	1	0	1
1	33	67	1	0	1
1	33	72	1	0	6
1	33	78	1	0	1
1	33	89	1	0	1
1	33	100	1	0	1
1	33	111	1	0	1
1	40	60	1	7	5
1	44	1	1	0	1
1	44	12	1	0	1
1	44	23	1	0	1
1	44	34	1	0	1
1	44	45	1	0	1
1	44	56	1	0	1
1	44	67	1	0	1
1	44	72	1	0	6
1	44	78	1	0	1
1	44	89	1	0	1
1	44	100	1	0	1
1	44	111	1	0	1
1	51	16	1	7	5
1	55	1	1	0	1
1	55	12	1	0	1
1	55	23	1	0	1
1	55	34	1	0	1
1	55	45	1	0	1
1	55	56	1	0	1
1	55	67	1	0	1
1	55	72	1	0	6
1	55	78	1	0	1
1	55	89	1	0	1
1	55	100	1	0	1
1	55	111	1	0	1
1	62	93	1	7	5
1	66	1	1	0	1
1	66	12	1	0	1
1	66	23	1	0	1
1	66	34	1	0	1
1	66	45	1	0	1
1	66	56	1	0	1
1	66	67	1	0	1
1	66	72	1	0	6
1	66	78	1	0	1
1	66	89	1	0	1
1	66	100	1	0	1
1	66	111	1	0	1
1	73	49	1	7	5
1	77	1	1	0	1
1	77	12	1	0	1
1	77	23	1	0	1
1	77	34	1	0	1
1	77	45	1	0	1
1	77	56	1	0	1
1	77	67	1	0	1
1	77	72	1	0	6
1	77	78	1	0	1
1	77	89	1	0	1
1	77	100	1	0	1
1	77	111	1	0	1
1	84	5	1	7	5
1	88	1	1	0	1
1	88	12	1	0	1
1	88	23	1	0	1
1	88	34	1	0	1
1	88	45	1	0	1
1	88	56	1	0	1
1	88	67	1	0	1
1	88	72	1	0	6
1	88	78	1	0	1
1	88	89	1	0	1
1	88	100	1	0	1
1	88	111	1	0	1
1	95	82	1	7	5
1	99	1	1	0	1
1	99	12	1	0	1
1	99	23	1	0	1
1	99	34	1	0	1
1	99	45	1	0	1
1	99	56	1	0	1
1	99	67	1	0	1
1	99	72	1	0	6
1	99	78	1	0	1
1	99	89	1	0	1
1	99	100	1	0	1
1	99	111	1	0	1
1	106	38	1	7	5
1	110	1	1	0	1
1	110	12	1	0	1
1	110	23	1	0	1
1	110	34	1	0	1
1	110	45	1	0	1
1	110	56	1	0	1
1	110	67	1	0	1
1	110	72	1	0	6
1	110	78	1	0	1
1	110	89	1	0	1
1	110	100	1	0	1
1	110	111	1	0	1
1	117	115	1	7	5
2	75	81	2	9	4
3	0	6	3	0	6
3	0	17	3	0	6
3	0	28	3	0	6
3	0	39	3	0	6
3	0	50	3	0	6
3	0	61	3	0	6
3	0	72	3	0	6
3	0	83	3	0	6
3	0	94	3	0	6
3	0	105	3	0	6
3	0	116	3	0	6
3	11	6	3	0	6
3	11	17	3	0	6
3	11	28	3	0	6
3	11	39	3	0	6
3	11	50	3	0	6
3	11	61	3	0	6
3	11	72	3	0	6
3	11	83	3	0	6
3	11	94	3	0	6
3	11	105	3	0	6
3	11	116	3	0	6
3	15	75	3	4	9
3	22	6	3	0	6
3	22	17	3	0	6
3	22	28	3	0	6
3	22	39	3	0	6
3	22	50	3	0	6
3	22	61	3	0	6
3	22	72	3	0	6
3	22	83	3	0	6
3	22	94	3	0	6
3	22	105	3	0	6
3	22	116	3	0	6
3	33	6	3	0	6
3	33	17	3	0	6
3	33	28	3	0	6
3	33	39	3	0	6
3	33	50	3	0	6
3	33	61	3	0	6
3	33	72	3	0	6
3	33	83	3	0	6
3	33	94	3	0	6
3	33	105	3	0	6
3	33	116	3	0	6
3	44	6	3	0	6
3	44	17	3	0	6
3	44	28	3	0	6
3	44	39	3	0	6
3	44	50	3	0	6
3	44	61	3	0	6
3	44	72	3	0	6
3	44	83	3	0	6
3	44	94	3	0	6
3	44	105	3	0	6
3	44	116	3	0	6
3	55	6	3	0	6
3	55	17	3	0	6
3	55	28	3	0	6
3	55	39	3	0	6
3	55	50	3	0	6
3	55	61	3	0	6
3	55	72	3	0	6
3	55	83	3	0	6
3	55	94	3	0	6
3	55	105	3	0	6
3	55	116	3	0	6
3	66	6	3	0	6
3	66	17	3	0	6
3	66	28	3	0	6
3	66	39	3	0	6
3	66	50	3	0	6
3	66	61	3	0	6
3	66	72	3	0	6
3	66	83	3	0	6
3	66	94	3	0	6
3	66	105	3	0	6
3	66	116	3	0	6
3	77	6	3	0	6
3	77	17	3	0	6
3	77	28	3	0	6
3	77	39	3	0	6
3	77	50	3	0	6
3	77	61	3	0	6
3	77	72	3	0	6
3	77	83	3	0	6
3	77	94	3	0	6
3	77	105	3	0	6
3	77	116	3	0	6
3	88	6	3	0	6
3	88	17	3	0	6
3	88	28	3	0	6
3	88	39	3	0	6
3	88	50	3	0	6
3	88	61	3	0	6
3	88	72	3	0	6
3	88	83	3	0	6
3	88	94	3	0	6
3	88	105	3	0	6
3	88	116	3	0	6
3	99	6	3	0	6
3	99	17	3	0	6
3	99	28	3	0	6
3	99	39	3	0	6
3	99	50	3	0	6
3	99	61	3	0	6
3	99	72	3	0	6
3	99	83	3	0	6
3	99	94	3	0	6
3	99	105	3	0	6
3	99	116	3	0	6
3	110	6	3	0	6
3	110	17	3	0	6
3	110	28	3	0	6
3	110	39	3	0	6
3	110	50	3	0	6
3	110	61	3	0	6
3	110	72	3	0	6
3	110	83	3	0	6
3	110	94	3	0	6
3	110	105	3	0	6
3	110	116	3	0	6
4	0	10	4	0	10
4	0	21	4	0	10
4	0	32	4	0	10
4	0	43	4	0	10
4	0	54	4	0	10
4	0	65	4	0	10
4	0	76	4	0	10
4	0	87	4	0	10
4	0	98	4	0	10
4	0	109	4	0	10
4	0	120	4	0	10
4	5	10	4	5	10
4	5	21	4	5	10
4	5	32	4	5	10
4	5	43	4	5	10
4	5	54	4	5	10
4	5	65	4	5	10
4	5	76	4	5	10
4	5	87	4	5	10
4	5	98	4	5	10
4	5	109	4	5	10
4	5	120	4	5	10
4	9	54	4	9	10
4	11	10	4	0	10
4	11	21	4	0	10
4	11	32	4	0	10
4	11	43	4	0	10
4	11	54	4	0	10
4	11	65	4	0	10
4	11	76	4	0	10
4	11	87	4	0	10
4	11	98	4	0	10
4	11	109	4	0	10
4	11	120	4	0	10
4	16	10	4	5	10
4	16	21	4	5	10
4	16	32	4	5	10
4	16	43	4	5	10
4	16	54	4	5	10
4	16	65	4	5	10
4	16	76	4	5	10
4	16	87	4	5	10
4	16	98	4	5	10
4	16	109	4	5	10
4	16	120	4	5	10
4	20	120	4	9	10
4	22	10	4	0	10
4	22	21	4	0	10
4	22	32	4	0	10
4	22	43	4	0	10
4	22	54	4	0	10
4	22	65	4	0	10
4	22	76	4	0	10
4	22	87	4	0	10
4	22	98	4	0	10
4	22	109	4	0	10
4	22	120	4	0	10
4	27	10	4	5	10
4	27	21	4	5	10
4	27	32	4	5	10
4	27	43	4	5	10
4	27	54	4	5	10
4	27	65	4	5	10
4	27	76	4	5	10
4	27	87	4	5	10
4	27	98	4	5	10
4	27	109	4	5	10
4	27	120	4	5	10
4	31	65	4	9	10
4	33	10	4	0	10
4	33	21	4	0	10
4	33	32	4	0	10
4	33	43	4	0	10
4	33	54	4	0	10
4	33	65	4	0	10
4	33	76	4	0	10
4	33	87	4	0	10
4	33	98	4	0	10
4	33	109	4	0	10
4	33	120	4	0	10
4	38	10	4	5	10
4	38	21	4	5	10
4	38	32	4	5	10
4	38	43	4	5	10
4	38	54	4	5	10
4	38	65	4	5	10
4	38	76	4	5	10
4	38	87	4	5	10
4	38	98	4	5	10
4	38	109	4	5	10
4	38	120	4	5	10
4	42	10	4	9	10
4	44	10	4	0	10
4	44	21	4	0	10
4	44	32	4	0	10
4	44	43	4	0	10
4	44	54	4	0	10
4	44	65	4	0	10
4	44	76	4	0	10
4	44	87	4	0	10
4	44	98	4	0	10
4	44	109	4	0	10
4	44	120	4	0	10
4	49	10	4	5	10
4	49	21	4	5	10
4	49	32	4	5	10
4	49	43	4	5	10
4	49	54	4	5	10
4	49	65	4	5	10
4	49	76	4	5	10
4	49	87	4	5	10
4	49	98	4	5	10
4	49	109	4	5	10
4	49	120	4	5	10
4	53	76	4	9	10
4	55	10	4	0	10
4	55	21	4	0	10
4	55	32	4	0	10
4	55	43	4	0	10
4	55	54	4	0	10
4	55	65	4	0	10
4	55	76	4	0	10
4	55	87	4	0	10
4	55	98	4	0	10
4	55	109	4	0	10
4	55	120	4	0	10
4	60	10	4	5	10
4	60	21	4	5	10
4	60	32	4	5	10
4	60	43	4	5	10
4	60	54	4	5	10
4	60	65	4	5	10
4	60	76	4	5	10
4	60	87	4	5	10
4	60	98	4	5	10
4	60	109	4	5	10
4	60	120	4	5	10
4	64	21	4	9	10
4	66	10	4	0	10
4	66	21	4	0	10
4	66	32	4	0	10
4	66	43	4	0	10
4	66	54	4	0	10
4	66	65	4	0	10
4	66	76	4	0	10
4	66	87	4	0	10
4	66	98	4	0	10
4	66	109	4	0	10
4	66	120	4	0	10
4	71	10	4	5	10
4	71	21	4	5	10
4	71	32	4	5	10
4	71	43	4	5	10
4	71	54	4	5	10
4	71	65	4	5	10
4	71	76	4	5	10
4	71	87	4	5	10
4	71	98	4	5	10
4	71	109	4	5	10
4	71	120	4	5	10
4	75	87	4	9	10
4	76	10	4	10	10
4	77	10	4	0	10
4	77	21	4	0	10
4	77	32	4	0	10
4	77	43	4	0	10
4	77	54	4	0	10
4	77	65	4	0	10
4	77	76	4	0	10
4	77	87	4	0	10
4	77	98	4	0	10
4	77	109	4	0	10
4	77	120	4	0	10
4	82	10	4	5	10
4	82	21	4	5	10
4	82	32	4	5	10
4	82	43	4	5	10
4	82	54	4	5	10
4	82	65	4	5	10
4	82	76	4	5	10
4	82	87	4	5	10
4	82	98	4	5	10
4	82	109	4	5	10
4	82	120	4	5	10
4	86	32	4	9	10
4	88	10	4	0	10
4	88	21	4	0	10
4	88	32	4	0	10
4	88	43	4	0	10
4	88	54	4	0	10
4	88	65	4	0	10
4	88	76	4	0	10
4	88	87	4	0	10
4	88	98	4	0	10
4	88	109	4	0	10
4	88	120	4	0	10
4	93	10	4	5	10
4	93	21	4	5	10
4	93	32	4	5	10
4	93	43	4	5	10
4	93	54	4	5	10
4	93	65	4	5	10
4	93	76	4	5	10
4	93	87	4	5	10
4	93	98	4	5	10
4	93	109	4	5	10
4	93	120	4	5	10
4	97	98	4	9	10
4	99	10	4	0	10
4	99	21	4	0	10
4	99	32	4	0	10
4	99	43	4	0	10
4	99	54	4	0	10
4	99	65	4	0	10
4	99	76	4	0	10
4	99	87	4	0	10
4	99	98	4	0	10
4	99	109	4	0	10
4	99	120	4	0	10
4	104	10	4	5	10
4	104	21	4	5	10
4	104	32	4	5	10
4	104	43	4	5	10
4	104	54	4	5	10
4	104	65	4	5	10
4	104	76	4	5	10
4	104	87	4	5	10
4	104	98	4	5	10
4	104	109	4	5	10
4	104	120	4	5	10
4	108	43	4	9	10
4	110	10	4	0	10
4	110	21	4	0	10
4	110	32	4	0	10
4	110	43	4	0	10
4	110	54	4	0	10
4	110	65	4	0	10
4	110	76	4	0	10
4	110	87	4	0	10
4	110	98	4	0	10
4	110	109	4	0	10
4	110	120	4	0	10
4	115	10	4	5	10
4	115	21	4	5	10
4	115	32	4	5	10
4	115	43	4	5	10
4	115	54	4	5	10
4	115	65	4	5	10
4	115	76	4	5	10
4	115	87	4	5	10
4	115	98	4	5	10
4	115	109	4	5	10
4	115	120	4	5	10
4	119	109	4	9	10
5	0	4	5	0	4
5	0	15	5	0	4
5	0	26	5	0	4
5	0	37	5	0	4
5	0	48	5	0	4
5	0	59	5	0	4
5	0	70	5	0	4
5	0	81	5	0	4
5	0	92	5	0	4
5	0	103	5	0	4
5	0	114	5	0	4
5	2	15	5	2	4
5	9	3	5	9	3
5	9	14	5	9	3
5	9	25	5	9	3
5	9	36	5	9	3
5	9	47	5	9	3
5	9	58	5	9	3
5	9	69	5	9	3
5	9	80	5	9	3
5	9	91	5	9	3
5	9	102	5	9	3
5	9	113	5	9	3
5	11	4	5	0	4
5	11	15	5	0	4
5	11	26	5	0	4
5	11	37	5	0	4
5	11	48	5	0	4
5	11	59	5	0	4
5	11	70	5	0	4
5	11	81	5	0	4
5	11	92	5	0	4
5	11	103	5	0	4
5	11	114	5	0	4
5	13	37	5	2	4
5	20	3	5	9	3
5	20	14	5	9	3
5	20	25	5	9	3
5	20	36	5	9	3
5	20	47	5	9	3
5	20	58	5	9	3
5	20	69	5	9	3
5	20	80	5	9	3
5	20	91	5	9	3
5	20	102	5	9	3
5	20	113	5	9	3
5	22	4	5	0	4
5	22	15	5	0	4
5	22	26	5	0	4
5	22	37	5	0	4
5	22	48	5	0	4
5	22	59	5	0	4
5	22	70	5	0	4
5	22	81	5	0	4
5	22	92	5	0	4
5	22	103	5	0	4
5	22	114	5	0	4
5	24	59	5	2	4
5	31	3	5	9	3
5	31	14	5	9	3
5	31	25	5	9	3
5	31	36	5	9	3
5	31	47	5	9	3
5	31	58	5	9	3
5	31	69	5	9	3
5	31	80	5	9	3
5	31	91	5	9	3
5	31	102	5	9	3
5	31	113	5	9	3
5	33	4	5	0	4
5	33	15	5	0	4
5	33	26	5	0	4
5	33	37	5	0	4
5	33	48	5	0	4
5	33	59	5	0	4
5	33	70	5	0	4
5	33	81	5	0	4
5	33	92	5	0	4
5	33	103	5	0	4
5	33	114	5	0	4
5	35	81	5	2	4
5	42	3	5	9	3
5	42	14	5	9	3
5	42	25	5	9	3
5	42	36	5	9	3
5	42	47	5	9	3
5	42	58	5	9	3
5	42	69	5	9	3
5	42	80	5	9	3
5	42	91	5	9	3
5	42	102	5	9	3
5	42	113	5	9	3
5	44	4	5	0	4
5	44	15	5	0	4
5	44	26	5	0	4
5	44	37	5	0	4
5	44	48	5	0	4
5	44	59	5	0	4
5	44	70	5	0	4
5	44	81	5	0	4
5	44	92	5	0	4
5	44	103	5	0	4
5	44	114	5	0	4
5	46	103	5	2	4
5	53	3	5	9	3
5	53	14	5	9	3
5	53	25	5	9	3
5	53	36	5	9	3
5	53	47	5	9	3
5	53	58	5	9	3
5	53	69	5	9	3
5	53	80	5	9	3
5	53	91	5	9	3
5	53	102	5	9	3
5	53	113	5	9	3
5	55	4	5	0	4
5	55	15	5	0	4
5	55	26	5	0	4
5	55	37	5	0	4
5	55	48	5	0	4
5	55	59	5	0	4
5	55	70	5	0	4
5	55	81	5	0	4
5	55	92	5	0	4
5	55	103	5	0	4
5	55	114	5	0	4
5	57	4	5	2	4
5	64	3	5	9	3
5	64	14	5	9	3
5	64	25	5	9	3
5	64	36	5	9	3
5	64	47	5	9	3
5	64	58	5	9	3
5	64	69	5	9	3
5	64	80	5	9	3
5	64	91	5	9	3
5	64	102	5	9	3
5	64	113	5	9	3
5	66	4	5	0	4
5	66	15	5	0	4
5	66	26	5	0	4
5	66	37	5	0	4
5	66	48	5	0	4
5	66	59	5	0	4
5	66	70	5	0	4
5	66	81	5	0	4
5	66	92	5	0	4
5	66	103	5	0	4
5	66	114	5	0	4
5	68	26	5	2	4
5	75	3	5	9	3
5	75	14	5	9	3
5	75	25	5	9	3
5	75	36	5	9	3
5	75	47	5	9	3
5	75	58	5	9	3
5	75	69	5	9	3
5	75	80	5	9	3
5	75	91	5	9	3
5	75	102	5	9	3
5	75	113	5	9	3
5	77	4	5	0	4
5	77	15	5	0	4
5	77	26	5	0	4
5	77	37	5	0	4
5	77	48	5	0	4
5	77	59	5	0	4
5	77	70	5	0	4
5	77	81	5	0	4
5	77	92	5	0	4
5	77	103	5	0	4
5	77	114	5	0	4
5	79	48	5	2	4
5	86	3	5	9	3
5	86	14	5	9	3
5	86	25	5	9	3
5	86	36	5	9	3
5	86	47	5	9	3
5	86	58	5	9	3
5	86	69	5	9	3
5	86	80	5	9	3
5	86	91	5	9	3
5	86	102	5	9	3
5	86	113	5	9	3
5	88	4	5	0	4
5	88	15	5	0	4
5	88	26	5	0	4
5	88	37	5	0	4
5	88	48	5	0	4
5	88	59	5	0	4
5	88	70	5	0	4
5	88	81	5	0	4
5	88	92	5	0	4
5	88	103	5	0	4
5	88	114	5	0	4
5	90	70	5	2	4
5	97	3	5	9	3
5	97	14	5	9	3
5	97	25	5	9	3
5	97	36	5	9	3
5	97	47	5	9	3
5	97	58	5	9	3
5	97	69	5	9	3
5	97	80	5	9	3
5	97	91	5	9	3
5	97	102	5	9	3
5	97	113	5	9	3
5	99	4	5	0	4
5	99	15	5	0	4
5	99	26	5	0	4
5	99	37	5	0	4
5	99	48	5	0	4
5	99	59	5	0	4
5	99	70	5	0	4
5	99	81	5	0	4
5	99	92	5	0	4
5	99	103	5	0	4
5	99	114	5	0	4
5	101	92	5	2	4
5	108	3	5	9	3
5	108	14	5	9	3
5	108	25	5	9	3
5	108	36	5	9	3
5	108	47	5	9	3
5	108	58	5	9	3
5	108	69	5	9	3
5	108	80	5	9	3
5	108	91	5	9	3
5	108	102	5	9	3
5	108	113	5	9	3
5	110	4	5	0	4
5	110	15	5	0	4
5	110	26	5	0	4
5	110	37	5	0	4
5	110	48	5	0	4
5	110	59	5	0	4
5	110	70	5	0	4
5	110	81	5	0	4
5	110	92	5	0	4
5	110	103	5	0	4
5	110	114	5	0	4
5	112	114	5	2	4
5	119	3	5	9	3
5	119	14	5	9	3
5	119	25	5	9	3
5	119	36	5	9	3
5	119	47	5	9	3
5	119	58	5	9	3
5	119	69	5	9	3
5	119	80	5	9	3
5	119	91	5	9	3
5	119	102	5	9	3
5	119	113	5	9	3
6	0	66	6	0	0
6	3	1	6	3	1
6	3	12	6	3	1
6	3	23	6	3	1
6	3	34	6	3	1
6	3	45	6	3	1
6	3	56	6	3	1
6	3	67	6	3	1
6	3	78	6	3	1
6	3	89	6	3	1
6	3	100	6	3	1
6	3	111	6	3	1
6	11	66	6	0	0
6	14	1	6	3	1
6	14	12	6	3	1
6	14	23	6	3	1
6	14	34	6	3	1
6	14	45	6	3	1
6	14	56	6	3	1
6	14	67	6	3	1
6	14	78	6	3	1
6	14	89	6	3	1
6	14	100	6	3	1
6	14	111	6	3	1
6	22	66	6	0	0
6	25	1	6	3	1
6	25	12	6	3	1
6	25	23	6	3	1
6	25	34	6	3	1
6	25	45	6	3	1
6	25	56	6	3	1
6	25	67	6	3	1
6	25	78	6	3	1
6	25	89	6	3	1
6	25	100	6	3	1
6	25	111	6	3	1
6	33	66	6	0	0
6	36	1	6	3	1
6	36	12	6	3	1
6	36	23	6	3	1
6	36	34	6	3	1
6	36	45	6	3	1
6	36	56	6	3	1
6	36	67	6	3	1
6	36	78	6	3	1
6	36	89	6	3	1
6	36	100	6	3	1
6	36	111	6	3	1
6	44	66	6	0	0
6	47	1	6	3	1
6	47	12	6	3	1
6	47	23	6	3	1
6	47	34	6	3	1
6	47	45	6	3	1
6	47	56	6	3	1
6	47	67	6	3	1
6	47	78	6	3	1
6	47	89	6	3	1
6	47	100	6	3	1
6	47	111	6	3	1
6	55	66	6	0	0
6	58	1	6	3	1
6	58	12	6	3	1
6	58	23	6	3	1
6	58	34	6	3	1
6	58	45	6	3	1
6	58	56	6	3	1
6	58	67	6	3	1
6	58	78	6	3	1
6	58	89	6	3	1
6	58	100	6	3	1
6	58	111	6	3	1
6	66	66	6	0	0
6	69	1	6	3	1
6	69	12	6	3	1
6	69	23	6	3	1
6	69	34	6	3	1
6	69	45	6	3	1
6	69	56	6	3	1
6	69	67	6	3	1
6	69	78	6	3	1
6	69	89	6	3	1
6	69	100	6	3	1
6	69	111	6	3	1
6	77	66	6	0	0
6	80	1	6	3	1
6	80	12	6	3	1
6	80	23	6	3	1
6	80	34	6	3	1
6	80	45	6	3	1
6	80	56	6	3	1
6	80	67	6	3	1
6	80	78	6	3	1
6	80	89	6	3	1
6	80	100	6	3	1
6	80	111	6	3	1
6	88	66	6	0	0
6	91	1	6	3	1
6	91	12	6	3	1
6	91	23	6	3	1
6	91	34	6	3	1
6	91	45	6	3	1
6	91	56	6	3	1
6	91	67	6	3	1
6	91	78	6	3	1
6	91	89	6	3	1
6	91	100	6	3	1
6	91	111	6	3	1
6	99	66	6	0	0
6	102	1	6	3	1
6	102	12	6	3	1
6	102	23	6	3	1
6	102	34	6	3	1
6	102	45	6	3	1
6	102	56	6	3	1
6	102	67	6	3	1
6	102	78	6	3	1
6	102	89	6	3	1
6	102	100	6	3	1
6	102	111	6	3	1
6	110	66	6	0	0
6	113	1	6	3	1
6	113	12	6	3	1
6	113	23	6	3	1
6	113	34	6	3	1
6	113	45	6	3	1
6	113	56	6	3	1
6	113	67	6	3	1
6	113	78	6	3	1
6	113	89	6	3	1
6	113	100	6	3	1
6	113	111	6	3	1
9	0	1	9	0	1
9	0	12	9	0	1
9	0	23	9	0	1
9	0	34	9	0	1
9	0	45	9	0	1
9	0	56	9	0	1
9	0	67	9	0	1
9	0	78	9	0	1
9	0	89	9	0	1
9	0	100	9	0	1
9	0	111	9	0	1
9	11	1	9	0	1
9	11	12	9	0	1
9	11	23	9	0	1
9	11	34	9	0	1
9	11	45	9	0	1
9	11	56	9	0	1
9	11	67	9	0	1
9	11	78	9	0	1
9	11	89	9	0	1
9	11	100	9	0	1
9	11	111	9	0	1
9	18	10	9	7	10
9	22	1	9	0	1
9	22	12	9	0	1
9	22	23	9	0	1
9	22	34	9	0	1
9	22	45	9	0	1
9	22	56	9	0	1
9	22	67	9	0	1
9	22	78	9	0	1
9	22	89	9	0	1
9	22	100	9	0	1
9	22	111	9	0	1
9	33	1	9	0	1
9	33	12	9	0	1
9	33	23	9	0	1
9	33	34	9	0	1
9	33	45	9	0	1
9	33	56	9	0	1
9	33	67	9	0	1
9	33	78	9	0	1
9	33	89	9	0	1
9	33	100	9	0	1
9	33	111	9	0	1
9	44	1	9	0	1
9	44	12	9	0	1
9	44	23	9	0	1
9	44	34	9	0	1
9	44	45	9	0	1
9	44	56	9	0	1
9	44	67	9	0	1
9	44	78	9	0	1
9	44	89	9	0	1
9	44	100	9	0	1
9	44	111	9	0	1
9	55	1	9	0	1
9	55	12	9	0	1
9	55	23	9	0	1
9	55	34	9	0	1
9	55	45	9	0	1
9	55	56	9	0	1
9	55	67	9	0	1
9	55	78	9	0	1
9	55	89	9	0	1
9	55	100	9	0	1
9	55	111	9	0	1
9	66	1	9	0	1
9	66	12	9	0	1
9	66	23	9	0	1
9	66	34	9	0	1
9	66	45	9	0	1
9	66	56	9	0	1
9	66	67	9	0	1
9	66	78	9	0	1
9	66	89	9	0	1
9	66	100	9	0	1
9	66	111	9	0	1
9	77	1	9	0	1
9	77	12	9	0	1
9	77	23	9	0	1
9	77	34	9	0	1
9	77	45	9	0	1
9	77	56	9	0	1
9	77	67	9	0	1
9	77	78	9	0	1
9	77	89	9	0	1
9	77	100	9	0	1
9	77	111	9	0	1
9	88	1	9	0	1
9	88	12	9	0	1
9	88	23	9	0	1
9	88	34	9	0	1
9	88	45	9	0	1
9	88	56	9	0	1
9	88	67	9	0	1
9	88	78	9	0	1
9	88	89	9	0	1
9	88	100	9	0	1
9	88	111	9	0	1
9	99	1	9	0	1
9	99	12	9	0	1
9	99	23	9	0	1
9	99	34	9	0	1
9	99	45	9	0	1
9	99	56	9	0	1
9	99	67	9	0	1
9	99	78	9	0	1
9	99	89	9	0	1
9	99	100	9	0	1
9	99	111	9	0	1
9	110	1	9	0	1
9	110	12	9	0	1
9	110	23	9	0	1
9	110	34	9	0	1
9	110	45	9	0	1
9	110	56	9	0	1
9	110	67	9	0	1
9	110	78	9	0	1
9	110	89	9	0	1
9	110	100	9	0	1
9	110	111	9	0	1
10	0	28	10	0	6
10	5	6	10	5	6
10	5	17	10	5	6
10	5	28	10	5	6
10	5	39	10	5	6
10	5	50	10	5	6
10	5	61	10	5	6
10	5	72	10	5	6
10	5	83	10	5	6
10	5	94	10	5	6
10	5	105	10	5	6
10	5	116	10	5	6
10	11	28	10	0	6
10	16	6	10	5	6
10	16	17	10	5	6
10	16	28	10	5	6
10	16	39	10	5	6
10	16	50	10	5	6
10	16	61	10	5	6
10	16	72	10	5	6
10	16	83	10	5	6
10	16	94	10	5	6
10	16	105	10	5	6
10	16	116	10	5	6
10	22	28	10	0	6
10	27	6	10	5	6
10	27	17	10	5	6
10	27	28	10	5	6
10	27	39	10	5	6
10	27	50	10	5	6
10	27	61	10	5	6
10	27	72	10	5	6
10	27	83	10	5	6
10	27	94	10	5	6
10	27	105	10	5	6
10	27	116	10	5	6
10	33	28	10	0	6
10	38	6	10	5	6
10	38	17	10	5	6
10	38	28	10	5	6
10	38	39	10	5	6
10	38	50	10	5	6
10	38	61	10	5	6
10	38	72	10	5	6
10	38	83	10	5	6
10	38	94	10	5	6
10	38	105	10	5	6
10	38	116	10	5	6
10	44	28	10	0	6
10	49	6	10	5	6
10	49	17	10	5	6
10	49	28	10	5	6
10	49	39	10	5	6
10	49	50	10	5	6
10	49	61	10	5	6
10	49	72	10	5	6
10	49	83	10	5	6
10	49	94	10	5	6
10	49	105	10	5	6
10	49	116	10	5	6
10	55	28	10	0	6
10	60	6	10	5	6
10	60	17	10	5	6
10	60	28	10	5	6
10	60	39	10	5	6
10	60	50	10	5	6
10	60	61	10	5	6
10	60	72	10	5	6
10	60	83	10	5	6
10	60	94	10	5	6
10	60	105	10	5	6
10	60	116	10	5	6
10	66	28	10	0	6
10	71	6	10	5	6
10	71	17	10	5	6
10	71	28	10	5	6
10	71	39	10	5	6
10	71	50	10	5	6
10	71	61	10	5	6
10	71	72	10	5	6
10	71	83	10	5	6
10	71	94	10	5	6
10	71	105	10	5	6
10	71	116	10	5	6
10	77	28	10	0	6
10	82	6	10	5	6
10	82	17	10	5	6
10	82	28	10	5	6
10	82	39	10	5	6
10	82	50	10	5	6
10	82	61	10	5	6
10	82	72	10	5	6
10	82	83	10	5	6
10	82	94	10	5	6
10	82	105	10	5	6
10	82	116	10	5	6
10	88	28	10	0	6
10	93	6	10	5	6
10	93	17	10	5	6
10	93	28	10	5	6
10	93	39	10	5	6
10	93	50	10	5	6
10	93	61	10	5	6
10	93	72	10	5	6
10	93	83	10	5	6
10	93	94	10	5	6
10	93	105	10	5	6
10	93	116	10	5	6
10	99	28	10	0	6
10	104	6	10	5	6
10	104	17	10	5	6
10	104	28	10	5	6
10	104	39	10	5	6
10	104	50	10	5	6
10	104	61	10	5	6
10	104	72	10	5	6
10	104	83	10	5	6
10	104	94	10	5	6
10	104	105	10	5	6
10	104	116	10	5	6
10	110	28	10	0	6
10	115	6	10	5	6
10	115	17	10	5	6
10	115	28	10	5	6
10	115	39	10	5	6
10	115	50	10	5	6
10	115	61	10	5	6
10	115	72	10	5	6
10	115	83	10	5	6
10	115	94	10	5	6
10	115	105	10	5	6
10	115	116	10	5	6
11	0	0	0	0	0
11	11	0	0	0	0
11	22	0	0	0	0
11	33	0	0	0	0
11	44	0	0	0	0
11	55	0	0	0	0
11	66	0	0	0	0
11	77	0	0	0	0
11	88	0	0	0	0
11	99	0	0	0	0
11	110	0	0	0	0
12	0	1	1	0	1
12	0	12	1	0	1
12	0	23	1	0	1
12	0	34	1	0	1
12	0	45	1	0	1
12	0	56	1	0	1
12	0	61	1	0	6
12	0	67	1	0	1
12	0	78	1	0	1
12	0	89	1	0	1
12	0	100	1	0	1
12	0	111	1	0	1
12	7	5	1	7	5
12	11	1	1	0	1
12	11	12	1	0	1
12	11	23	1	0	1
12	11	34	1	0	1
12	11	45	1	0	1
12	11	56	1	0	1
12	11	61	1	0	6
12	11	67	1	0	1
12	11	78	1	0	1
12	11	89	1	0	1
12	11	100	1	0	1
12	11	111	1	0	1
12	18	82	1	7	5
12	22	1	1	0	1
12	22	12	1	0	1
12	22	23	1	0	1
12	22	34	1	0	1
12	22	45	1	0	1
12	22	56	1	0	1
12	22	61	1	0	6
12	22	67	1	0	1
12	22	78	1	0	1
12	22	89	1	0	1
12	22	100	1	0	1
12	22	111	1	0	1
12	29	38	1	7	5
12	33	1	1	0	1
12	33	12	1	0	1
12	33	23	1	0	1
12	33	34	1	0	1
12	33	45	1	0	1
12	33	56	1	0	1
12	33	61	1	0	6
12	33	67	1	0	1
12	33	78	1	0	1
12	33	89	1	0	1
12	33	100	1	0	1
12	33	111	1	0	1
12	40	115	1	7	5
12	44	1	1	0	1
12	44	12	1	0	1
12	44	23	1	0	1
12	44	34	1	0	1
12	44	45	1	0	1
12	44	56	1	0	1
12	44	61	1	0	6
12	44	67	1	0	1
12	44	78	1	0	1
12	44	89	1	0	1
12	44	100	1	0	1
12	44	111	1	0	1
12	51	71	1	7	5
12	55	1	1	0	1
12	55	12	1	0	1
12	55	23	1	0	1
12	55	34	1	0	1
12	55	45	1	0	1
12	55	56	1	0	1
12	55	61	1	0	6
12	55	67	1	0	1
12	55	78	1	0	1
12	55	89	1	0	1
12	55	100	1	0	1
12	55	111	1	0	1
12	62	27	1	7	5
12	66	1	1	0	1
12	66	12	1	0	1
12	66	23	1	0	1
12	66	34	1	0	1
12	66	45	1	0	1
12	66	56	1	0	1
12	66	61	1	0	6
12	66	67	1	0	1
12	66	78	1	0	1
12	66	89	1	0	1
12	66	100	1	0	1
12	66	111	1	0	1
12	73	104	1	7	5
12	77	1	1	0	1
12	77	12	1	0	1
12	77	23	1	0	1
12	77	34	1	0	1
12	77	45	1	0	1
12	77	56	1	0	1
12	77	61	1	0	6
12	77	67	1	0	1
12	77	78	1	0	1
12	77	89	1	0	1
12	77	100	1	0	1
12	77	111	1	0	1
12	84	60	1	7	5
12	88	1	1	0	1
12	88	12	1	0	1
12	88	23	1	0	1
12	88	34	1	0	1
12	88	45	1	0	1
12	88	56	1	0	1
12	88	61	1	0	6
12	88	67	1	0	1
12	88	78	1	0	1
12	88	89	1	0	1
12	88	100	1	0	1
12	88	111	1	0	1
12	95	16	1	7	5
12	99	1	1	0	1
12	99	12	1	0	1
12	99	23	1	0	1
12	99	34	1	0	1
12	99	45	1	0	1
12	99	56	1	0	1
12	99	61	1	0	6
12	99	67	1	0	1
12	99	78	1	0	1
12	99	89	1	0	1
12	99	100	1	0	1
12	99	111	1	0	1
12	106	93	1	7	5
12	110	1	1	0	1
12	110	12	1	0	1
12	110	23	1	0	1
12	110	34	1	0	1
12	110	45	1	0	1
12	110	56	1	0	1
12	110	61	1	0	6
12	110	67	1	0	1
12	110	78	1	0	1
12	110	89	1	0	1
12	110	100	1	0	1
12	110	111	1	0	1
12	117	49	1	7	5
13	20	37	2	9	4
14	0	6	3	0	6
14	0	17	3	0	6
14	0	28	3	0	6
14	0	39	3	0	6
14	0	50	3	0	6
14	0	61	3	0	6
14	0	72	3	0	6
14	0	83	3	0	6
14	0	94	3	0	6
14	0	105	3	0	6
14	0	116	3	0	6
14	11	6	3	0	6
14	11	17	3	0	6
14	11	28	3	0	6
14	11	39	3	0	6
14	11	50	3	0	6
14	11	61	3	0	6
14	11	72	3	0	6
14	11	83	3	0	6
14	11	94	3	0	6
14	11	105	3	0	6
14	11	116	3	0	6
14	22	6	3	0	6
14	22	17	3	0	6
14	22	28	3	0	6
14	22	39	3	0	6
14	22	50	3	0	6
14	22	61	3	0	6
14	22	72	3	0	6
14	22	83	3	0	6
14	22	94	3	0	6
14	22	105	3	0	6
14	22	116	3	0	6
14	33	6	3	0	6
14	33	17	3	0	6
14	33	28	3	0	6
14	33	39	3	0	6
14	33	50	3	0	6
14	33	61	3	0	6
14	33	72	3	0	6
14	33	83	3	0	6
14	33	94	3	0	6
14	33	105	3	0	6
14	33	116	3	0	6
14	44	6	3	0	6
14	44	17	3	0	6
14	44	28	3	0	6
14	44	39	3	0	6
14	44	50	3	0	6
14	44	61	3	0	6
14	44	72	3	0	6
14	44	83	3	0	6
14	44	94	3	0	6
14	44	105	3	0	6
14	44	116	3	0	6
14	55	6	3	0	6
14	55	17	3	0	6
14	55	28	3	0	6
14	55	39	3	0	6
14	55	50	3	0	6
14	55	61	3	0	6
14	55	72	3	0	6
14	55	83	3	0	6
14	55	94	3	0	6
14	55	105	3	0	6
14	55	116	3	0	6
14	66	6	3	0	6
14	66	17	3	0	6
14	66	28	3	0	6
14	66	39	3	0	6
14	66	50	3	0	6
14	66	61	3	0	6
14	66	72	3	0	6
14	66	83	3	0	6
14	66	94	3	0	6
14	66	105	3	0	6
14	66	116	3	0	6
14	77	6	3	0	6
14	77	17	3	0	6
14	77	28	3	0	6
14	77	39	3	0	6
14	77	50	3	0	6
14	77	61	3	0	6
14	77	72	3	0	6
14	77	83	3	0	6
14	77	94	3	0	6
14	77	105	3	0	6
14	77	116	3	0	6
14	81	108	3	4	9
14	88	6	3	0	6
14	88	17	3	0	6
14	88	28	3	0	6
14	88	39	3	0	6
14	88	50	3	0	6
14	88	61	3	0	6
14	88	72	3	0	6
14	88	83	3	0	6
14	88	94	3	0	6
14	88	105	3	0	6
14	88	116	3	0	6
14	99	6	3	0	6
14	99	17	3	0	6
14	99	28	3	0	6
14	99	39	3	0	6
14	99	50	3	0	6
14	99	61	3	0	6
14	99	72	3	0	6
14	99	83	3	0	6
14	99	94	3	0	6
14	99	105	3	0	6
14	99	116	3	0	6
14	110	6	3	0	6
14	110	17	3	0	6
14	110	28	3	0	6
14	110	39	3	0	6
14	110	50	3	0	6
14	110	61	3	0	6
14	110	72	3	0	6
14	110	83	3	0	6
14	110	94	3	0	6
14	110	105	3	0	6
14	110	116	3	0	6
15	0	10	4	0	10
15	0	21	4	0	10
15	0	32	4	0	10
15	0	43	4	0	10
15	0	54	4	0	10
15	0	65	4	0	10
15	0	76	4	0	10
15	0	87	4	0	10
15	0	98	4	0	10
15	0	108	4	0	9
15	0	109	4	0	10
15	0	120	4	0	10
15	5	10	4	5	10
15	5	21	4	5	10
15	5	32	4	5	10
15	5	43	4	5	10
15	5	54	4	5	10
15	5	65	4	5	10
15	5	76	4	5	10
15	5	87	4	5	10
15	5	98	4	5	10
15	5	109	4	5	10
15	5	120	4	5	10
15	9	21	4	9	10
15	11	10	4	0	10
15	11	21	4	0	10
15	11	32	4	0	10
15	11	43	4	0	10
15	11	54	4	0	10
15	11	65	4	0	10
15	11	76	4	0	10
15	11	87	4	0	10
15	11	98	4	0	10
15	11	108	4	0	9
15	11	109	4	0	10
15	11	120	4	0	10
15	16	10	4	5	10
15	16	21	4	5	10
15	16	32	4	5	10
15	16	43	4	5	10
15	16	54	4	5	10
15	16	65	4	5	10
15	16	76	4	5	10
15	16	87	4	5	10
15	16	98	4	5	10
15	16	109	4	5	10
15	16	120	4	5	10
15	20	87	4	9	10
15	21	120	4	10	10
15	22	10	4	0	10
15	22	21	4	0	10
15	22	32	4	0	10
15	22	43	4	0	10
15	22	54	4	0	10
15	22	65	4	0	10
15	22	76	4	0	10
15	22	87	4	0	10
15	22	98	4	0	10
15	22	108	4	0	9
15	22	109	4	0	10
15	22	120	4	0	10
15	27	10	4	5	10
15	27	21	4	5	10
15	27	32	4	5	10
15	27	43	4	5	10
15	27	54	4	5	10
15	27	65	4	5	10
15	27	76	4	5	10
15	27	87	4	5	10
15	27	98	4	5	10
15	27	109	4	5	10
15	27	120	4	5	10
15	31	32	4	9	10
15	33	10	4	0	10
15	33	21	4	0	10
15	33	32	4	0	10
15	33	43	4	0	10
15	33	54	4	0	10
15	33	65	4	0	10
15	33	76	4	0	10
15	33	87	4	0	10
15	33	98	4	0	10
15	33	108	4	0	9
15	33	109	4	0	10
15	33	120	4	0	10
15	38	10	4	5	10
15	38	21	4	5	10
15	38	32	4	5	10
15	38	43	4	5	10
15	38	54	4	5	10
15	38	65	4	5	10
15	38	76	4	5	10
15	38	87	4	5	10
15	38	98	4	5	10
15	38	109	4	5	10
15	38	120	4	5	10
15	42	98	4	9	10
15	44	10	4	0	10
15	44	21	4	0	10
15	44	32	4	0	10
15	44	43	4	0	10
15	44	54	4	0	10
15	44	65	4	0	10
15	44	76	4	0	10
15	44	87	4	0	10
15	44	98	4	0	10
15	44	108	4	0	9
15	44	109	4	0	10
15	44	120	4	0	10
15	49	10	4	5	10
15	49	21	4	5	10
15	49	32	4	5	10
15	49	43	4	5	10
15	49	54	4	5	10
15	49	65	4	5	10
15	49	76	4	5	10
15	49	87	4	5	10
15	49	98	4	5	10
15	49	109	4	5	10
15	49	120	4	5	10
15	53	43	4	9	10
15	55	10	4	0	10
15	55	21	4	0	10
15	55	32	4	0	10
15	55	43	4	0	10
15	55	54	4	0	10
15	55	65	4	0	10
15	55	76	4	0	10
15	55	87	4	0	10
15	55	98	4	0	10
15	55	108	4	0	9
15	55	109	4	0	10
15	55	120	4	0	10
15	60	10	4	5	10
15	60	21	4	5	10
15	60	32	4	5	10
15	60	43	4	5	10
15	60	54	4	5	10
15	60	65	4	5	10
15	60	76	4	5	10
15	60	87	4	5	10
15	60	98	4	5	10
15	60	109	4	5	10
15	60	120	4	5	10
15	64	109	4	9	10
15	66	10	4	0	10
15	66	21	4	0	10
15	66	32	4	0	10
15	66	43	4	0	10
15	66	54	4	0	10
15	66	65	4	0	10
15	66	76	4	0	10
15	66	87	4	0	10
15	66	98	4	0	10
15	66	108	4	0	9
15	66	109	4	0	10
15	66	120	4	0	10
15	71	10	4	5	10
15	71	21	4	5	10
15	71	32	4	5	10
15	71	43	4	5	10
15	71	54	4	5	10
15	71	65	4	5	10
15	71	76	4	5	10
15	71	87	4	5	10
15	71	98	4	5	10
15	71	109	4	5	10
15	71	120	4	5	10
15	75	54	4	9	10
15	77	10	4	0	10
15	77	21	4	0	10
15	77	32	4	0	10
15	77	43	4	0	10
15	77	54	4	0	10
15	77	65	4	0	10
15	77	76	4	0	10
15	77	87	4	0	10
15	77	98	4	0	10
15	77	108	4	0	9
15	77	109	4	0	10
15	77	120	4	0	10
15	82	10	4	5	10
15	82	21	4	5	10
15	82	32	4	5	10
15	82	43	4	5	10
15	82	54	4	5	10
15	82	65	4	5	10
15	82	76	4	5	10
15	82	87	4	5	10
15	82	98	4	5	10
15	82	109	4	5	10
15	82	120	4	5	10
15	86	120	4	9	10
15	88	10	4	0	10
15	88	21	4	0	10
15	88	32	4	0	10
15	88	43	4	0	10
15	88	54	4	0	10
15	88	65	4	0	10
15	88	76	4	0	10
15	88	87	4	0	10
15	88	98	4	0	10
15	88	108	4	0	9
15	88	109	4	0	10
15	88	120	4	0	10
15	93	10	4	5	10
15	93	21	4	5	10
15	93	32	4	5	10
15	93	43	4	5	10
15	93	54	4	5	10
15	93	65	4	5	10
15	93	76	4	5	10
15	93	87	4	5	10
15	93	98	4	5	10
15	93	109	4	5	10
15	93	120	4	5	10
15	97	65	4	9	10
15	99	10	4	0	10
15	99	21	4	0	10
15	99	32	4	0	10
15	99	43	4	0	10
15	99	54	4	0	10
15	99	65	4	0	10
15	99	76	4	0	10
15	99	87	4	0	10
15	99	98	4	0	10
15	99	108	4	0	9
15	99	109	4	0	10
15	99	120	4	0	10
15	104	10	4	5	10
15	104	21	4	5	10
15	104	32	4	5	10
15	104	43	4	5	10
15	104	54	4	5	10
15	104	65	4	5	10
15	104	76	4	5	10
15	104	87	4	5	10
15	104	98	4	5	10
15	104	109	4	5	10
15	104	120	4	5	10
15	108	10	4	9	10
15	110	10	4	0	10
15	110	21	4	0	10
15	110	32	4	0	10
15	110	43	4	0	10
15	110	54	4	0	10
15	110	65	4	0	10
15	110	76	4	0	10
15	110	87	4	0	10
15	110	98	4	0	10
15	110	108	4	0	9
15	110	109	4	0	10
15	110	120	4	0	10
15	115	10	4	5	10
15	115	21	4	5	10
15	115	32	4	5	10
15	115	43	4	5	10
15	115	54	4	5	10
15	115	65	4	5	10
15	115	76	4	5	10
15	115	87	4	5	10
15	115	98	4	5	10
15	115	109	4	5	10
15	115	120	4	5	10
15	119	76	4	9	10
16	0	4	5	0	4
16	0	15	5	0	4
16	0	26	5	0	4
16	0	37	5	0	4
16	0	48	5	0	4
16	0	59	5	0	4
16	0	70	5	0	4
16	0	81	5	0	4
16	0	92	5	0	4
16	0	103	5	0	4
16	0	114	5	0	4
16	2	48	5	2	4
16	9	3	5	9	3
16	9	14	5	9	3
16	9	25	5	9	3
16	9	36	5	9	3
16	9	47	5	9	3
16	9	58	5	9	3
16	9	69	5	9	3
16	9	80	5	9	3
16	9	91	5	9	3
16	9	102	5	9	3
16	9	113	5	9	3
16	11	4	5	0	4
16	11	15	5	0	4
16	11	26	5	0	4
16	11	37	5	0	4
16	11	48	5	0	4
16	11	59	5	0	4
16	11	70	5	0	4
16	11	81	5	0	4
16	11	92	5	0	4
16	11	103	5	0	4
16	11	114	5	0	4
16	13	70	5	2	4
16	20	3	5	9	3
16	20	14	5	9	3
16	20	25	5	9	3
16	20	36	5	9	3
16	20	47	5	9	3
16	20	58	5	9	3
16	20	69	5	9	3
16	20	80	5	9	3
16	20	91	5	9	3
16	20	102	5	9	3
16	20	113	5	9	3
16	22	4	5	0	4
16	22	15	5	0	4
16	22	26	5	0	4
16	22	37	5	0	4
16	22	48	5	0	4
16	22	59	5	0	4
16	22	70	5	0	4
16	22	81	5	0	4
16	22	92	5	0	4
16	22	103	5	0	4
16	22	114	5	0	4
16	24	92	5	2	4
16	31	3	5	9	3
16	31	14	5	9	3
16	31	25	5	9	3
16	31	36	5	9	3
16	31	47	5	9	3
16	31	58	5	9	3
16	31	69	5	9	3
16	31	80	5	9	3
16	31	91	5	9	3
16	31	102	5	9	3
16	31	113	5	9	3
16	33	4	5	0	4
16	33	15	5	0	4
16	33	26	5	0	4
16	33	37	5	0	4
16	33	48	5	0	4
16	33	59	5	0	4
16	33	70	5	0	4
16	33	81	5	0	4
16	33	92	5	0	4
16	33	103	5	0	4
16	33	114	5	0	4
16	35	114	5	2	4
16	42	3	5	9	3
16	42	14	5	9	3
16	42	25	5	9	3
16	42	36	5	9	3
16	42	47	5	9	3
16	42	58	5	9	3
16	42	69	5	9	3
16	42	80	5	9	3
16	42	91	5	9	3
16	42	102	5	9	3
16	42	113	5	9	3
16	44	4	5	0	4
16	44	15	5	0	4
16	44	26	5	0	4
16	44	37	5	0	4
16	44	48	5	0	4
16	44	59	5	0	4
16	44	70	5	0	4
16	44	81	5	0	4
16	44	92	5	0	4
16	44	103	5	0	4
16	44	114	5	0	4
16	46	15	5	2	4
16	53	3	5	9	3
16	53	14	5	9	3
16	53	25	5	9	3
16	53	36	5	9	3
16	53	47	5	9	3
16	53	58	5	9	3
16	53	69	5	9	3
16	53	80	5	9	3
16	53	91	5	9	3
16	53	102	5	9	3
16	53	113	5	9	3
16	55	4	5	0	4
16	55	15	5	0	4
16	55	26	5	0	4
16	55	37	5	0	4
16	55	48	5	0	4
16	55	59	5	0	4
16	55	70	5	0	4
16	55	81	5	0	4
16	55	92	5	0	4
16	55	103	5	0	4
16	55	114	5	0	4
16	57	37	5	2	4
16	64	3	5	9	3
16	64	14	5	9	3
16	64	25	5	9	3
16	64	36	5	9	3
16	64	47	5	9	3
16	64	58	5	9	3
16	64	69	5	9	3
16	64	80	5	9	3
16	64	91	5	9	3
16	64	102	5	9	3
16	64	113	5	9	3
16	66	4	5	0	4
16	66	15	5	0	4
16	66	26	5	0	4
16	66	37	5	0	4
16	66	48	5	0	4
16	66	59	5	0	4
16	66	70	5	0	4
16	66	81	5	0	4
16	66	92	5	0	4
16	66	103	5	0	4
16	66	114	5	0	4
16	68	59	5	2	4
16	75	3	5	9	3
16	75	14	5	9	3
16	75	25	5	9	3
16	75	36	5	9	3
16	75	47	5	9	3
16	75	58	5	9	3
16	75	69	5	9	3
16	75	80	5	9	3
16	75	91	5	9	3
16	75	102	5	9	3
16	75	113	5	9	3
16	77	4	5	0	4
16	77	15	5	0	4
16	77	26	5	0	4
16	77	37	5	0	4
16	77	48	5	0	4
16	77	59	5	0	4
16	77	70	5	0	4
16	77	81	5	0	4
16	77	92	5	0	4
16	77	103	5	0	4
16	77	114	5	0	4
16	79	81	5	2	4
16	86	3	5	9	3
16	86	14	5	9	3
16	86	25	5	9	3
16	86	36	5	9	3
16	86	47	5	9	3
16	86	58	5	9	3
16	86	69	5	9	3
16	86	80	5	9	3
16	86	91	5	9	3
16	86	102	5	9	3
16	86	113	5	9	3
16	88	4	5	0	4
16	88	15	5	0	4
16	88	26	5	0	4
16	88	37	5	0	4
16	88	48	5	0	4
16	88	59	5	0	4
16	88	70	5	0	4
16	88	81	5	0	4
16	88	92	5	0	4
16	88	103	5	0	4
16	88	114	5	0	4
16	90	103	5	2	4
16	97	3	5	9	3
16	97	14	5	9	3
16	97	25	5	9	3
16	97	36	5	9	3
16	97	47	5	9	3
16	97	58	5	9	3
16	97	69	5	9	3
16	97	80	5	9	3
16	97	91	5	9	3
16	97	102	5	9	3
16	97	113	5	9	3
16	99	4	5	0	4
16	99	15	5	0	4
16	99	26	5	0	4
16	99	37	5	0	4
16	99	48	5	0	4
16	99	59	5	0	4
16	99	70	5	0	4
16	99	81	5	0	4
16	99	92	5	0	4
16	99	103	5	0	4
16	99	114	5	0	4
16	101	4	5	2	4
16	108	3	5	9	3
16	108	14	5	9	3
16	108	25	5	9	3
16	108	36	5	9	3
16	108	47	5	9	3
16	108	58	5	9	3
16	108	69	5	9	3
16	108	80	5	9	3
16	108	91	5	9	3
16	108	102	5	9	3
16	108	113	5	9	3
16	110	4	5	0	4
16	110	15	5	0	4
16	110	26	5	0	4
16	110	37	5	0	4
16	110	48	5	0	4
16	110	59	5	0	4
16	110	70	5	0	4
16	110	81	5	0	4
16	110	92	5	0	4
16	110	103	5	0	4
16	110	114	5	0	4
16	112	26	5	2	4
16	119	3	5	9	3
16	119	14	5	9	3
16	119	25	5	9	3
16	119	36	5	9	3
16	119	47	5	9	3
16	119	58	5	9	3
16	119	69	5	9	3
16	119	80	5	9	3
16	119	91	5	9	3
16	119	102	5	9	3
16	119	113	5	9	3
17	0	88	6	0	0
17	3	1	6	3	1
17	3	12	6	3	1
17	3	23	6	3	1
17	3	34	6	3	1
17	3	45	6	3	1
17	3	56	6	3	1
17	3	67	6	3	1
17	3	78	6	3	1
17	3	89	6	3	1
17	3	100	6	3	1
17	3	111	6	3	1
17	11	88	6	0	0
17	14	1	6	3	1
17	14	12	6	3	1
17	14	23	6	3	1
17	14	34	6	3	1
17	14	45	6	3	1
17	14	56	6	3	1
17	14	67	6	3	1
17	14	78	6	3	1
17	14	89	6	3	1
17	14	100	6	3	1
17	14	111	6	3	1
17	22	88	6	0	0
17	25	1	6	3	1
17	25	12	6	3	1
17	25	23	6	3	1
17	25	34	6	3	1
17	25	45	6	3	1
17	25	56	6	3	1
17	25	67	6	3	1
17	25	78	6	3	1
17	25	89	6	3	1
17	25	100	6	3	1
17	25	111	6	3	1
17	33	88	6	0	0
17	36	1	6	3	1
17	36	12	6	3	1
17	36	23	6	3	1
17	36	34	6	3	1
17	36	45	6	3	1
17	36	56	6	3	1
17	36	67	6	3	1
17	36	78	6	3	1
17	36	89	6	3	1
17	36	100	6	3	1
17	36	111	6	3	1
17	44	88	6	0	0
17	47	1	6	3	1
17	47	12	6	3	1
17	47	23	6	3	1
17	47	34	6	3	1
17	47	45	6	3	1
17	47	56	6	3	1
17	47	67	6	3	1
17	47	78	6	3	1
17	47	89	6	3	1
17	47	100	6	3	1
17	47	111	6	3	1
17	55	88	6	0	0
17	58	1	6	3	1
17	58	12	6	3	1
17	58	23	6	3	1
17	58	34	6	3	1
17	58	45	6	3	1
17	58	56	6	3	1
17	58	67	6	3	1
17	58	78	6	3	1
17	58	89	6	3	1
17	58	100	6	3	1
17	58	111	6	3	1
17	66	88	6	0	0
17	69	1	6	3	1
17	69	12	6	3	1
17	69	23	6	3	1
17	69	34	6	3	1
17	69	45	6	3	1
17	69	56	6	3	1
17	69	67	6	3	1
17	69	78	6	3	1
17	69	89	6	3	1
17	69	100	6	3	1
17	69	111	6	3	1
17	77	88	6	0	0
17	80	1	6	3	1
17	80	12	6	3	1
17	80	23	6	3	1
17	80	34	6	3	1
17	80	45	6	3	1
17	80	56	6	3	1
17	80	67	6	3	1
17	80	78	6	3	1
17	80	89	6	3	1
17	80	100	6	3	1
17	80	111	6	3	1
17	88	88	6	0	0
17	91	1	6	3	1
17	91	12	6	3	1
17	91	23	6	3	1
17	91	34	6	3	1
17	91	45	6	3	1
17	91	56	6	3	1
17	91	67	6	3	1
17	91	78	6	3	1
17	91	89	6	3	1
17	91	100	6	3	1
17	91	111	6	3	1
17	99	88	6	0	0
17	102	1	6	3	1
17	102	12	6	3	1
17	102	23	6	3	1
17	102	34	6	3	1
17	102	45	6	3	1
17	102	56	6	3	1
17	102	67	6	3	1
17	102	78	6	3	1
17	102	89	6	3	1
17	102	100	6	3	1
17	102	111	6	3	1
17	110	88	6	0	0
17	113	1	6	3	1
17	113	12	6	3	1
17	113	23	6	3	1
17	113	34	6	3	1
17	113	45	6	3	1
17	113	56	6	3	1
17	113	67	6	3	1
17	113	78	6	3	1
17	113	89	6	3	1
17	113	100	6	3	1
17	113	111	6	3	1
20	0	1	9	0	1
20	0	12	9	0	1
20	0	23	9	0	1
20	0	34	9	0	1
20	0	45	9	0	1
20	0	56	9	0	1
20	0	67	9	0	1
20	0	78	9	0	1
20	0	89	9	0	1
20	0	100	9	0	1
20	0	111	9	0	1
20	11	1	9	0	1
20	11	12	9	0	1
20	11	23	9	0	1
20	11	34	9	0	1
20	11	45	9	0	1
20	11	56	9	0	1
20	11	67	9	0	1
20	11	78	9	0	1
20	11	89	9	0	1
20	11	100	9	0	1
20	11	111	9	0	1
20	22	1	9	0	1
20	22	12	9	0	1
20	22	23	9	0	1
20	22	34	9	0	1
20	22	45	9	0	1
20	22	56	9	0	1
20	22	67	9	0	1
20	22	78	9	0	1
20	22	89	9	0	1
20	22	100	9	0	1
20	22	111	9	0	1
20	33	1	9	0	1
20	33	12	9	0	1
20	33	23	9	0	1
20	33	34	9	0	1
20	33	45	9	0	1
20	33	56	9	0	1
20	33	67	9	0	1
20	33	78	9	0	1
20	33	89	9	0	1
20	33	100	9	0	1
20	33	111	9	0	1
20	44	1	9	0	1
20	44	12	9	0	1
20	44	23	9	0	1
20	44	34	9	0	1
20	44	45	9	0	1
20	44	56	9	0	1
20	44	67	9	0	1
20	44	78	9	0	1
20	44	89	9	0	1
20	44	100	9	0	1
20	44	111	9	0	1
20	55	1	9	0	1
20	55	12	9	0	1
20	55	23	9	0	1
20	55	34	9	0	1
20	55	45	9	0	1
20	55	56	9	0	1
20	55	67	9	0	1
20	55	78	9	0	1
20	55	89	9	0	1
20	55	100	9	0	1
20	55	111	9	0	1
20	66	1	9	0	1
20	66	12	9	0	1
20	66	23	9	0	1
20	66	34	9	0	1
20	66	45	9	0	1
20	66	56	9	0	1
20	66	67	9	0	1
20	66	78	9	0	1
20	66	89	9	0	1
20	66	100	9	0	1
20	66	111	9	0	1
20	77	1	9	0	1
20	77	12	9	0	1
20	77	23	9	0	1
20	77	34	9	0	1
20	77	45	9	0	1
20	77	56	9	0	1
20	77	67	9	0	1
20	77	78	9	0	1
20	77	89	9	0	1
20	77	100	9	0	1
20	77	111	9	0	1
20	84	21	9	7	10
20	88	1	9	0	1
20	88	12	9	0	1
20	88	23	9	0	1
20	88	34	9	0	1
20	88	45	9	0	1
20	88	56	9	0	1
20	88	67	9	0	1
20	88	78	9	0	1
20	88	89	9	0	1
20	88	100	9	0	1
20	88	111	9	0	1
20	99	1	9	0	1
20	99	12	9	0	1
20	99	23	9	0	1
20	99	34	9	0	1
20	99	45	9	0	1
20	99	56	9	0	1
20	99	67	9	0	1
20	99	78	9	0	1
20	99	89	9	0	1
20	99	100	9	0	1
20	99	111	9	0	1
20	110	1	9	0	1
20	110	12	9	0	1
20	110	23	9	0	1
20	110	34	9	0	1
20	110	45	9	0	1
20	110	56	9	0	1
20	110	67	9	0	1
20	110	78	9	0	1
20	110	89	9	0	1
20	110	100	9	0	1
20	110	111	9	0	1
21	0	94	10	0	6
21	5	6	10	5	6
21	5	17	10	5	6
21	5	28	10	5	6
21	5	39	10	5	6
21	5	50	10	5	6
21	5	61	10	5	6
21	5	72	10	5	6
21	5	83	10	5	6
21	5	94	10	5	6
21	5	105	10	5	6
21	5	116	10	5	6
21	11	94	10	0	6
21	16	6	10	5	6
21	16	17	10	5	6
21	16	28	10	5	6
21	16	39	10	5	6
21	16	50	10	5	6
21	16	61	10	5	6
21	16	72	10	5	6
21	16	83	10	5	6
21	16	94	10	5	6
21	16	105	10	5	6
21	16	116	10	5	6
21	22	94	10	0	6
21	27	6	10	5	6
21	27	17	10	5	6
21	27	28	10	5	6
21	27	39	10	5	6
21	27	50	10	5	6
21	27	61	10	5	6
21	27	72	10	5	6
21	27	83	10	5	6
21	27	94	10	5	6
21	27	105	10	5	6
21	27	116	10	5	6
21	33	94	10	0	6
21	38	6	10	5	6
21	38	17	10	5	6
21	38	28	10	5	6
21	38	39	10	5	6
21	38	50	10	5	6
21	38	61	10	5	6
21	38	72	10	5	6
21	38	83	10	5	6
21	38	94	10	5	6
21	38	105	10	5	6
21	38	116	10	5	6
21	44	94	10	0	6
21	49	6	10	5	6
21	49	17	10	5	6
21	49	28	10	5	6
21	49	39	10	5	6
21	49	50	10	5	6
21	49	61	10	5	6
21	49	72	10	5	6
21	49	83	10	5	6
21	49	94	10	5	6
21	49	105	10	5	6
21	49	116	10	5	6
21	55	94	10	0	6
21	60	6	10	5	6
21	60	17	10	5	6
21	60	28	10	5	6
21	60	39	10	5	6
21	60	50	10	5	6
21	60	61	10	5	6
21	60	72	10	5	6
21	60	83	10	5	6
21	60	94	10	5	6
21	60	105	10	5	6
21	60	116	10	5	6
21	66	94	10	0	6
21	71	6	10	5	6
21	71	17	10	5	6
21	71	28	10	5	6
21	71	39	10	5	6
21	71	50	10	5	6
21	71	61	10	5	6
21	71	72	10	5	6
21	71	83	10	5	6
21	71	94	10	5	6
21	71	105	10	5	6
21	71	116	10	5	6
21	77	94	10	0	6
21	82	6	10	5	6
21	82	17	10	5	6
21	82	28	10	5	6
21	82	39	10	5	6
21	82	50	10	5	6
21	82	61	10	5	6
21	82	72	10	5	6
21	82	83	10	5	6
21	82	94	10	5	6
21	82	105	10	5	6
21	82	116	10	5	6
21	88	94	10	0	6
21	93	6	10	5	6
21	93	17	10	5	6
21	93	28	10	5	6
21	93	39	10	5	6
21	93	50	10	5	6
21	93	61	10	5	6
21	93	72	10	5	6
21	93	83	10	5	6
21	93	94	10	5	6
21	93	105	10	5	6
21	93	116	10	5	6
21	99	94	10	0	6
21	104	6	10	5	6
21	104	17	10	5	6
21	104	28	10	5	6
21	104	39	10	5	6
21	104	50	10	5	6
21	104	61	10	5	6
21	104	72	10	5	6
21	104	83	10	5	6
21	104	94	10	5	6
21	104	105	10	5	6
21	104	116	10	5	6
21	110	94	10	0	6
21	115	6	10	5	6
21	115	17	10	5	6
21	115	28	10	5	6
21	115	39	10	5	6
21	115	50	10	5	6
21	115	61	10	5	6
21	115	72	10	5	6
21	115	83	10	5	6
21	115	94	10	5	6
21	115	105	10	5	6
21	115	116	10	5	6
22	0	0	0	0	0
22	11	0	0	0	0
22	22	0	0	0	0
22	33	0	0	0	0
22	44	0	0	0	0
22	55	0	0	0	0
22	66	0	0	0	0
22	77	0	0	0	0
22	88	0	0	0	0
22	99	0	0	0	0
22	110	0	0	0	0
23	0	1	1	0	1
23	0	12	1	0	1
23	0	23	1	0	1
23	0	34	1	0	1
23	0	45	1	0	1
23	0	50	1	0	6
23	0	56	1	0	1
23	0	67	1	0	1
23	0	78	1	0	1
23	0	89	1	0	1
23	0	100	1	0	1
23	0	111	1	0	1
23	7	60	1	7	5
23	11	1	1	0	1
23	11	12	1	0	1
23	11	23	1	0	1
23	11	34	1	0	1
23	11	45	1	0	1
23	11	50	1	0	6
23	11	56	1	0	1
23	11	67	1	0	1
23	11	78	1	0	1
23	11	89	1	0	1
23	11	100	1	0	1
23	11	111	1	0	1
23	18	16	1	7	5
23	22	1	1	0	1
23	22	12	1	0	1
23	22	23	1	0	1
23	22	34	1	0	1
23	22	45	1	0	1
23	22	50	1	0	6
23	22	56	1	0	1
23	22	67	1	0	1
23	22	78	1	0	1
23	22	89	1	0	1
23	22	100	1	0	1
23	22	111	1	0	1
23	29	93	1	7	5
23	33	1	1	0	1
23	33	12	1	0	1
23	33	23	1	0	1
23	33	34	1	0	1
23	33	45	1	0	1
23	33	50	1	0	6
23	33	56	1	0	1
23	33	67	1	0	1
23	33	78	1	0	1
23	33	89	1	0	1
23	33	100	1	0	1
23	33	111	1	0	1
23	40	49	1	7	5
23	44	1	1	0	1
23	44	12	1	0	1
23	44	23	1	0	1
23	44	34	1	0	1
23	44	45	1	0	1
23	44	50	1	0	6
23	44	56	1	0	1
23	44	67	1	0	1
23	44	78	1	0	1
23	44	89	1	0	1
23	44	100	1	0	1
23	44	111	1	0	1
23	51	5	1	7	5
23	55	1	1	0	1
23	55	12	1	0	1
23	55	23	1	0	1
23	55	34	1	0	1
23	55	45	1	0	1
23	55	50	1	0	6
23	55	56	1	0	1
23	55	67	1	0	1
23	55	78	1	0	1
23	55	89	1	0	1
23	55	100	1	0	1
23	55	111	1	0	1
23	62	82	1	7	5
23	66	1	1	0	1
23	66	12	1	0	1
23	66	23	1	0	1
23	66	34	1	0	1
23	66	45	1	0	1
23	66	50	1	0	6
23	66	56	1	0	1
23	66	67	1	0	1
23	66	78	1	0	1
23	66	89	1	0	1
23	66	100	1	0	1
23	66	111	1	0	1
23	73	38	1	7	5
23	77	1	1	0	1
23	77	12	1	0	1
23	77	23	1	0	1
23	77	34	1	0	1
23	77	45	1	0	1
23	77	50	1	0	6
23	77	56	1	0	1
23	77	67	1	0	1
23	77	78	1	0	1
23	77	89	1	0	1
23	77	100	1	0	1
23	77	111	1	0	1
23	84	115	1	7	5
23	88	1	1	0	1
23	88	12	1	0	1
23	88	23	1	0	1
23	88	34	1	0	1
23	88	45	1	0	1
23	88	50	1	0	6
23	88	56	1	0	1
23	88	67	1	0	1
23	88	78	1	0	1
23	88	89	1	0	1
23	88	100	1	0	1
23	88	111	1	0	1
23	95	71	1	7	5
23	99	1	1	0	1
23	99	12	1	0	1
23	99	23	1	0	1
23	99	34	1	0	1
23	99	45	1	0	1
23	99	50	1	0	6
23	99	56	1	0	1
23	99	67	1	0	1
23	99	78	1	0	1
23	99	89	1	0	1
23	99	100	1	0	1
23	99	111	1	0	1
23	106	27	1	7	5
23	110	1	1	0	1
23	110	12	1	0	1
23	110	23	1	0	1
23	110	34	1	0	1
23	110	45	1	0	1
23	110	50	1	0	6
23	110	56	1	0	1
23	110	67	1	0	1
23	110	78	1	0	1
23	110	89	1	0	1
23	110	100	1	0	1
23	110	111	1	0	1
23	117	104	1	7	5
24	86	114	2	9	4
25	0	6	3	0	6
25	0	17	3	0	6
25	0	28	3	0	6
25	0	39	3	0	6
25	0	50	3	0	6
25	0	61	3	0	6
25	0	72	3	0	6
25	0	83	3	0	6
25	0	94	3	0	6
25	0	105	3	0	6
25	0	116	3	0	6
25	11	6	3	0	6
25	11	17	3	0	6
25	11	28	3	0	6
25	11	39	3	0	6
25	11	50	3	0	6
25	11	61	3	0	6
25	11	72	3	0	6
25	11	83	3	0	6
25	11	94	3	0	6
25	11	105	3	0	6
25	11	116	3	0	6
25	22	6	3	0	6
25	22	17	3	0	6
25	22	28	3	0	6
25	22	39	3	0	6
25	22	50	3	0	6
25	22	61	3	0	6
25	22	72	3	0	6
25	22	83	3	0	6
25	22	94	3	0	6
25	22	105	3	0	6
25	22	116	3	0	6
25	26	20	3	4	9
25	33	6	3	0	6
25	33	17	3	0	6
25	33	28	3	0	6
25	33	39	3	0	6
25	33	50	3	0	6
25	33	61	3	0	6
25	33	72	3	0	6
25	33	83	3	0	6
25	33	94	3	0	6
25	33	105	3	0	6
25	33	116	3	0	6
25	44	6	3	0	6
25	44	17	3	0	6
25	44	28	3	0	6
25	44	39	3	0	6
25	44	50	3	0	6
25	44	61	3	0	6
25	44	72	3	0	6
25	44	83	3	0	6
25	44	94	3	0	6
25	44	105	3	0	6
25	44	116	3	0	6
25	55	6	3	0	6
25	55	17	3	0	6
25	55	28	3	0	6
25	55	39	3	0	6
25	55	50	3	0	6
25	55	61	3	0	6
25	55	72	3	0	6
25	55	83	3	0	6
25	55	94	3	0	6
25	55	105	3	0	6
25	55	116	3	0	6
25	66	6	3	0	6
25	66	17	3	0	6
25	66	28	3	0	6
25	66	39	3	0	6
25	66	50	3	0	6
25	66	61	3	0	6
25	66	72	3	0	6
25	66	83	3	0	6
25	66	94	3	0	6
25	66	105	3	0	6
25	66	116	3	0	6
25	77	6	3	0	6
25	77	17	3	0	6
25	77	28	3	0	6
25	77	39	3	0	6
25	77	50	3	0	6
25	77	61	3	0	6
25	77	72	3	0	6
25	77	83	3	0	6
25	77	94	3	0	6
25	77	105	3	0	6
25	77	116	3	0	6
25	88	6	3	0	6
25	88	17	3	0	6
25	88	28	3	0	6
25	88	39	3	0	6
25	88	50	3	0	6
25	88	61	3	0	6
25	88	72	3	0	6
25	88	83	3	0	6
25	88	94	3	0	6
25	88	105	3	0	6
25	88	116	3	0	6
25	99	6	3	0	6
25	99	17	3	0	6
25	99	28	3	0	6
25	99	39	3	0	6
25	99	50	3	0	6
25	99	61	3	0	6
25	99	72	3	0	6
25	99	83	3	0	6
25	99	94	3	0	6
25	99	105	3	0	6
25	99	116	3	0	6
25	110	6	3	0	6
25	110	17	3	0	6
25	110	28	3	0	6
25	110	39	3	0	6
25	110	50	3	0	6
25	110	61	3	0	6
25	110	72	3	0	6
25	110	83	3	0	6
25	110	94	3	0	6
25	110	105	3	0	6
25	110	116	3	0	6
26	0	10	4	0	10
26	0	21	4	0	10
26	0	32	4	0	10
26	0	43	4	0	10
26	0	54	4	0	10
26	0	65	4	0	10
26	0	76	4	0	10
26	0	87	4	0	10
26	0	98	4	0	10
26	0	109	4	0	10
26	0	120	4	0	10
26	5	10	4	5	10
26	5	21	4	5	10
26	5	32	4	5	10
26	5	43	4	5	10
26	5	54	4	5	10
26	5	65	4	5	10
26	5	76	4	5	10
26	5	87	4	5	10
26	5	98	4	5	10
26	5	109	4	5	10
26	5	120	4	5	10
26	9	109	4	9	10
26	11	10	4	0	10
26	11	21	4	0	10
26	11	32	4	0	10
26	11	43	4	0	10
26	11	54	4	0	10
26	11	65	4	0	10
26	11	76	4	0	10
26	11	87	4	0	10
26	11	98	4	0	10
26	11	109	4	0	10
26	11	120	4	0	10
26	16	10	4	5	10
26	16	21	4	5	10
26	16	32	4	5	10
26	16	43	4	5	10
26	16	54	4	5	10
26	16	65	4	5	10
26	16	76	4	5	10
26	16	87	4	5	10
26	16	98	4	5	10
26	16	109	4	5	10
26	16	120	4	5	10
26	20	54	4	9	10
26	22	10	4	0	10
26	22	21	4	0	10
26	22	32	4	0	10
26	22	43	4	0	10
26	22	54	4	0	10
26	22	65	4	0	10
26	22	76	4	0	10
26	22	87	4	0	10
26	22	98	4	0	10
26	22	109	4	0	10
26	22	120	4	0	10
26	27	10	4	5	10
26	27	21	4	5	10
26	27	32	4	5	10
26	27	43	4	5	10
26	27	54	4	5	10
26	27	65	4	5	10
26	27	76	4	5	10
26	27	87	4	5	10
26	27	98	4	5	10
26	27	109	4	5	10
26	27	120	4	5	10
26	31	120	4	9	10
26	33	10	4	0	10
26	33	21	4	0	10
26	33	32	4	0	10
26	33	43	4	0	10
26	33	54	4	0	10
26	33	65	4	0	10
26	33	76	4	0	10
26	33	87	4	0	10
26	33	98	4	0	10
26	33	109	4	0	10
26	33	120	4	0	10
26	38	10	4	5	10
26	38	21	4	5	10
26	38	32	4	5	10
26	38	43	4	5	10
26	38	54	4	5	10
26	38	65	4	5	10
26	38	76	4	5	10
26	38	87	4	5	10
26	38	98	4	5	10
26	38	109	4	5	10
26	38	120	4	5	10
26	42	65	4	9	10
26	44	10	4	0	10
26	44	21	4	0	10
26	44	32	4	0	10
26	44	43	4	0	10
26	44	54	4	0	10
26	44	65	4	0	10
26	44	76	4	0	10
26	44	87	4	0	10
26	44	98	4	0	10
26	44	109	4	0	10
26	44	120	4	0	10
26	49	10	4	5	10
26	49	21	4	5	10
26	49	32	4	5	10
26	49	43	4	5	10
26	49	54	4	5	10
26	49	65	4	5	10
26	49	76	4	5	10
26	49	87	4	5	10
26	49	98	4	5	10
26	49	109	4	5	10
26	49	120	4	5	10
26	53	10	4	9	10
26	55	10	4	0	10
26	55	21	4	0	10
26	55	32	4	0	10
26	55	43	4	0	10
26	55	54	4	0	10
26	55	65	4	0	10
26	55	76	4	0	10
26	55	87	4	0	10
26	55	98	4	0	10
26	55	109	4	0	10
26	55	120	4	0	10
26	60	10	4	5	10
26	60	21	4	5	10
26	60	32	4	5	10
26	60	43	4	5	10
26	60	54	4	5	10
26	60	65	4	5	10
26	60	76	4	5	10
26	60	87	4	5	10
26	60	98	4	5	10
26	60	109	4	5	10
26	60	120	4	5	10
26	64	76	4	9	10
26	66	10	4	0	10
26	66	21	4	0	10
26	66	32	4	0	10
26	66	43	4	0	10
26	66	54	4	0	10
26	66	65	4	0	10
26	66	76	4	0	10
26	66	87	4	0	10
26	66	98	4	0	10
26	66	109	4	0	10
26	66	120	4	0	10
26	71	10	4	5	10
26	71	21	4	5	10
26	71	32	4	5	10
26	71	43	4	5	10
26	71	54	4	5	10
26	71	65	4	5	10
26	71	76	4	5	10
26	71	87	4	5	10
26	71	98	4	5	10
26	71	109	4	5	10
26	71	120	4	5	10
26	75	21	4	9	10
26	77	10	4	0	10
26	77	21	4	0	10
26	77	32	4	0	10
26	77	43	4	0	10
26	77	54	4	0	10
26	77	65	4	0	10
26	77	76	4	0	10
26	77	87	4	0	10
26	77	98	4	0	10
26	77	109	4	0	10
26	77	120	4	0	10
26	82	10	4	5	10
26	82	21	4	5	10
26	82	32	4	5	10
26	82	43	4	5	10
26	82	54	4	5	10
26	82	65	4	5	10
26	82	76	4	5	10
26	82	87	4	5	10
26	82	98	4	5	10
26	82	109	4	5	10
26	82	120	4	5	10
26	86	87	4	9	10
26	87	109	4	10	10
26	88	10	4	0	10
26	88	21	4	0	10
26	88	32	4	0	10
26	88	43	4	0	10
26	88	54	4	0	10
26	88	65	4	0	10
26	88	76	4	0	10
26	88	87	4	0	10
26	88	98	4	0	10
26	88	109	4	0	10
26	88	120	4	0	10
26	93	10	4	5	10
26	93	21	4	5	10
26	93	32	4	5	10
26	93	43	4	5	10
26	93	54	4	5	10
26	93	65	4	5	10
26	93	76	4	5	10
26	93	87	4	5	10
26	93	98	4	5	10
26	93	109	4	5	10
26	93	120	4	5	10
26	97	32	4	9	10
26	99	10	4	0	10
26	99	21	4	0	10
26	99	32	4	0	10
26	99	43	4	0	10
26	99	54	4	0	10
26	99	65	4	0	10
26	99	76	4	0	10
26	99	87	4	0	10
26	99	98	4	0	10
26	99	109	4	0	10
26	99	120	4	0	10
26	104	10	4	5	10
26	104	21	4	5	10
26	104	32	4	5	10
26	104	43	4	5	10
26	104	54	4	5	10
26	104	65	4	5	10
26	104	76	4	5	10
26	104	87	4	5	10
26	104	98	4	5	10
26	104	109	4	5	10
26	104	120	4	5	10
26	108	98	4	9	10
26	110	10	4	0	10
26	110	21	4	0	10
26	110	32	4	0	10
26	110	43	4	0	10
26	110	54	4	0	10
26	110	65	4	0	10
26	110	76	4	0	10
26	110	87	4	0	10
26	110	98	4	0	10
26	110	109	4	0	10
26	110	120	4	0	10
26	115	10	4	5	10
26	115	21	4	5	10
26	115	32	4	5	10
26	115	43	4	5	10
26	115	54	4	5	10
26	115	65	4	5	10
26	115	76	4	5	10
26	115	87	4	5	10
26	115	98	4	5	10
26	115	109	4	5	10
26	115	120	4	5	10
26	119	43	4	9	10
27	0	4	5	0	4
27	0	15	5	0	4
27	0	26	5	0	4
27	0	37	5	0	4
27	0	48	5	0	4
27	0	59	5	0	4
27	0	70	5	0	4
27	0	81	5	0	4
27	0	92	5	0	4
27	0	103	5	0	4
27	0	114	5	0	4
27	2	81	5	2	4
27	9	3	5	9	3
27	9	14	5	9	3
27	9	25	5	9	3
27	9	36	5	9	3
27	9	47	5	9	3
27	9	58	5	9	3
27	9	69	5	9	3
27	9	80	5	9	3
27	9	91	5	9	3
27	9	102	5	9	3
27	9	113	5	9	3
27	11	4	5	0	4
27	11	15	5	0	4
27	11	26	5	0	4
27	11	37	5	0	4
27	11	48	5	0	4
27	11	59	5	0	4
27	11	70	5	0	4
27	11	81	5	0	4
27	11	92	5	0	4
27	11	103	5	0	4
27	11	114	5	0	4
27	13	103	5	2	4
27	20	3	5	9	3
27	20	14	5	9	3
27	20	25	5	9	3
27	20	36	5	9	3
27	20	47	5	9	3
27	20	58	5	9	3
27	20	69	5	9	3
27	20	80	5	9	3
27	20	91	5	9	3
27	20	102	5	9	3
27	20	113	5	9	3
27	22	4	5	0	4
27	22	15	5	0	4
27	22	26	5	0	4
27	22	37	5	0	4
27	22	48	5	0	4
27	22	59	5	0	4
27	22	70	5	0	4
27	22	81	5	0	4
27	22	92	5	0	4
27	22	103	5	0	4
27	22	114	5	0	4
27	24	4	5	2	4
27	31	3	5	9	3
27	31	14	5	9	3
27	31	25	5	9	3
27	31	36	5	9	3
27	31	47	5	9	3
27	31	58	5	9	3
27	31	69	5	9	3
27	31	80	5	9	3
27	31	91	5	9	3
27	31	102	5	9	3
27	31	113	5	9	3
27	33	4	5	0	4
27	33	15	5	0	4
27	33	26	5	0	4
27	33	37	5	0	4
27	33	48	5	0	4
27	33	59	5	0	4
27	33	70	5	0	4
27	33	81	5	0	4
27	33	92	5	0	4
27	33	103	5	0	4
27	33	114	5	0	4
27	35	26	5	2	4
27	42	3	5	9	3
27	42	14	5	9	3
27	42	25	5	9	3
27	42	36	5	9	3
27	42	47	5	9	3
27	42	58	5	9	3
27	42	69	5	9	3
27	42	80	5	9	3
27	42	91	5	9	3
27	42	102	5	9	3
27	42	113	5	9	3
27	44	4	5	0	4
27	44	15	5	0	4
27	44	26	5	0	4
27	44	37	5	0	4
27	44	48	5	0	4
27	44	59	5	0	4
27	44	70	5	0	4
27	44	81	5	0	4
27	44	92	5	0	4
27	44	103	5	0	4
27	44	114	5	0	4
27	46	48	5	2	4
27	53	3	5	9	3
27	53	14	5	9	3
27	53	25	5	9	3
27	53	36	5	9	3
27	53	47	5	9	3
27	53	58	5	9	3
27	53	69	5	9	3
27	53	80	5	9	3
27	53	91	5	9	3
27	53	102	5	9	3
27	53	113	5	9	3
27	55	4	5	0	4
27	55	15	5	0	4
27	55	26	5	0	4
27	55	37	5	0	4
27	55	48	5	0	4
27	55	59	5	0	4
27	55	70	5	0	4
27	55	81	5	0	4
27	55	92	5	0	4
27	55	103	5	0	4
27	55	114	5	0	4
27	57	70	5	2	4
27	64	3	5	9	3
27	64	14	5	9	3
27	64	25	5	9	3
27	64	36	5	9	3
27	64	47	5	9	3
27	64	58	5	9	3
27	64	69	5	9	3
27	64	80	5	9	3
27	64	91	5	9	3
27	64	102	5	9	3
27	64	113	5	9	3
27	66	4	5	0	4
27	66	15	5	0	4
27	66	26	5	0	4
27	66	37	5	0	4
27	66	48	5	0	4
27	66	59	5	0	4
27	66	70	5	0	4
27	66	81	5	0	4
27	66	92	5	0	4
27	66	103	5	0	4
27	66	114	5	0	4
27	68	92	5	2	4
27	75	3	5	9	3
27	75	14	5	9	3
27	75	25	5	9	3
27	75	36	5	9	3
27	75	47	5	9	3
27	75	58	5	9	3
27	75	69	5	9	3
27	75	80	5	9	3
27	75	91	5	9	3
27	75	102	5	9	3
27	75	113	5	9	3
27	77	4	5	0	4
27	77	15	5	0	4
27	77	26	5	0	4
27	77	37	5	0	4
27	77	48	5	0	4
27	77	59	5	0	4
27	77	70	5	0	4
27	77	81	5	0	4
27	77	92	5	0	4
27	77	103	5	0	4
27	77	114	5	0	4
27	79	114	5	2	4
27	86	3	5	9	3
27	86	14	5	9	3
27	86	25	5	9	3
27	86	36	5	9	3
27	86	47	5	9	3
27	86	58	5	9	3
27	86	69	5	9	3
27	86	80	5	9	3
27	86	91	5	9	3
27	86	102	5	9	3
27	86	113	5	9	3
27	88	4	5	0	4
27	88	15	5	0	4
27	88	26	5	0	4
27	88	37	5	0	4
27	88	48	5	0	4
27	88	59	5	0	4
27	88	70	5	0	4
27	88	81	5	0	4
27	88	92	5	0	4
27	88	103	5	0	4
27	88	114	5	0	4
27	90	15	5	2	4
27	97	3	5	9	3
27	97	14	5	9	3
27	97	25	5	9	3
27	97	36	5	9	3
27	97	47	5	9	3
27	97	58	5	9	3
27	97	69	5	9	3
27	97	80	5	9	3
27	97	91	5	9	3
27	97	102	5	9	3
27	97	113	5	9	3
27	99	4	5	0	4
27	99	15	5	0	4
27	99	26	5	0	4
27	99	37	5	0	4
27	99	48	5	0	4
27	99	59	5	0	4
27	99	70	5	0	4
27	99	81	5	0	4
27	99	92	5	0	4
27	99	103	5	0	4
27	99	114	5	0	4
27	101	37	5	2	4
27	108	3	5	9	3
27	108	14	5	9	3
27	108	25	5	9	3
27	108	36	5	9	3
27	108	47	5	9	3
27	108	58	5	9	3
27	108	69	5	9	3
27	108	80	5	9	3
27	108	91	5	9	3
27	108	102	5	9	3
27	108	113	5	9	3
27	110	4	5	0	4
27	110	15	5	0	4
27	110	26	5	0	4
27	110	37	5	0	4
27	110	48	5	0	4
27	110	59	5	0	4
27	110	70	5	0	4
27	110	81	5	0	4
27	110	92	5	0	4
27	110	103	5	0	4
27	110	114	5	0	4
27	112	59	5	2	4
27	119	3	5	9	3
27	119	14	5	9	3
27	119	25	5	9	3
27	119	36	5	9	3
27	119	47	5	9	3
27	119	58	5	9	3
27	119	69	5	9	3
27	119	80	5	9	3
27	119	91	5	9	3
27	119	102	5	9	3
27	119	113	5	9	3
28	0	110	6	0	0
28	3	1	6	3	1
28	3	12	6	3	1
28	3	23	6	3	1
28	3	34	6	3	1
28	3	45	6	3	1
28	3	56	6	3	1
28	3	67	6	3	1
28	3	78	6	3	1
28	3	89	6	3	1
28	3	100	6	3	1
28	3	111	6	3	1
28	11	110	6	0	0
28	14	1	6	3	1
28	14	12	6	3	1
28	14	23	6	3	1
28	14	34	6	3	1
28	14	45	6	3	1
28	14	56	6	3	1
28	14	67	6	3	1
28	14	78	6	3	1
28	14	89	6	3	1
28	14	100	6	3	1
28	14	111	6	3	1
28	22	110	6	0	0
28	25	1	6	3	1
28	25	12	6	3	1
28	25	23	6	3	1
28	25	34	6	3	1
28	25	45	6	3	1
28	25	56	6	3	1
28	25	67	6	3	1
28	25	78	6	3	1
28	25	89	6	3	1
28	25	100	6	3	1
28	25	111	6	3	1
28	33	110	6	0	0
28	36	1	6	3	1
28	36	12	6	3	1
28	36	23	6	3	1
28	36	34	6	3	1
28	36	45	6	3	1
28	36	56	6	3	1
28	36	67	6	3	1
28	36	78	6	3	1
28	36	89	6	3	1
28	36	100	6	3	1
28	36	111	6	3	1
28	44	110	6	0	0
28	47	1	6	3	1
28	47	12	6	3	1
28	47	23	6	3	1
28	47	34	6	3	1
28	47	45	6	3	1
28	47	56	6	3	1
28	47	67	6	3	1
28	47	78	6	3	1
28	47	89	6	3	1
28	47	100	6	3	1
28	47	111	6	3	1
28	55	110	6	0	0
28	58	1	6	3	1
28	58	12	6	3	1
28	58	23	6	3	1
28	58	34	6	3	1
28	58	45	6	3	1
28	58	56	6	3	1
28	58	67	6	3	1
28	58	78	6	3	1
28	58	89	6	3	1
28	58	100	6	3	1
28	58	111	6	3	1
28	66	110	6	0	0
28	69	1	6	3	1
28	69	12	6	3	1
28	69	23	6	3	1
28	69	34	6	3	1
28	69	45	6	3	1
28	69	56	6	3	1
28	69	67	6	3	1
28	69	78	6	3	1
28	69	89	6	3	1
28	69	100	6	3	1
28	69	111	6	3	1
28	77	110	6	0	0
28	80	1	6	3	1
28	80	12	6	3	1
28	80	23	6	3	1
28	80	34	6	3	1
28	80	45	6	3	1
28	80	56	6	3	1
28	80	67	6	3	1
28	80	78	6	3	1
28	80	89	6	3	1
28	80	100	6	3	1
28	80	111	6	3	1
28	88	110	6	0	0
28	91	1	6	3	1
28	91	12	6	3	1
28	91	23	6	3	1
28	91	34	6	3	1
28	91	45	6	3	1
28	91	56	6	3	1
28	91	67	6	3	1
28	91	78	6	3	1
28	91	89	6	3	1
28	91	100	6	3	1
28	91	111	6	3	1
28	99	110	6	0	0
28	102	1	6	3	1
28	102	12	6	3	1
28	102	23	6	3	1
28	102	34	6	3	1
28	102	45	6	3	1
28	102	56	6	3	1
28	102	67	6	3	1
28	102	78	6	3	1
28	102	89	6	3	1
28	102	100	6	3	1
28	102	111	6	3	1
28	110	110	6	0	0
28	113	1	6	3	1
28	113	12	6	3	1
28	113	23	6	3	1
28	113	34	6	3	1
28	113	45	6	3	1
28	113	56	6	3	1
28	113	67	6	3	1
28	113	78	6	3	1
28	113	89	6	3	1
28	113	100	6	3	1
28	113	111	6	3	1
29	28	22	7	6	0
31	0	1	9	0	1
31	0	12	9	0	1
31	0	23	9	0	1
31	0	34	9	0	1
31	0	45	9	0	1
31	0	56	9	0	1
31	0	67	9	0	1
31	0	78	9	0	1
31	0	89	9	0	1
31	0	100	9	0	1
31	0	111	9	0	1
31	11	1	9	0	1
31	11	12	9	0	1
31	11	23	9	0	1
31	11	34	9	0	1
31	11	45	9	0	1
31	11	56	9	0	1
31	11	67	9	0	1
31	11	78	9	0	1
31	11	89	9	0	1
31	11	100	9	0	1
31	11	111	9	0	1
31	22	1	9	0	1
31	22	12	9	0	1
31	22	23	9	0	1
31	22	34	9	0	1
31	22	45	9	0	1
31	22	56	9	0	1
31	22	67	9	0	1
31	22	78	9	0	1
31	22	89	9	0	1
31	22	100	9	0	1
31	22	111	9	0	1
31	29	32	9	7	10
31	33	1	9	0	1
31	33	12	9	0	1
31	33	23	9	0	1
31	33	34	9	0	1
31	33	45	9	0	1
31	33	56	9	0	1
31	33	67	9	0	1
31	33	78	9	0	1
31	33	89	9	0	1
31	33	100	9	0	1
31	33	111	9	0	1
31	44	1	9	0	1
31	44	12	9	0	1
31	44	23	9	0	1
31	44	34	9	0	1
31	44	45	9	0	1
31	44	56	9	0	1
31	44	67	9	0	1
31	44	78	9	0	1
31	44	89	9	0	1
31	44	100	9	0	1
31	44	111	9	0	1
31	55	1	9	0	1
31	55	12	9	0	1
31	55	23	9	0	1
31	55	34	9	0	1
31	55	45	9	0	1
31	55	56	9	0	1
31	55	67	9	0	1
31	55	78	9	0	1
31	55	89	9	0	1
31	55	100	9	0	1
31	55	111	9	0	1
31	66	1	9	0	1
31	66	12	9	0	1
31	66	23	9	0	1
31	66	34	9	0	1
31	66	45	9	0	1
31	66	56	9	0	1
31	66	67	9	0	1
31	66	78	9	0	1
31	66	89	9	0	1
31	66	100	9	0	1
31	66	111	9	0	1
31	77	1	9	0	1
31	77	12	9	0	1
31	77	23	9	0	1
31	77	34	9	0	1
31	77	45	9	0	1
31	77	56	9	0	1
31	77	67	9	0	1
31	77	78	9	0	1
31	77	89	9	0	1
31	77	100	9	0	1
31	77	111	9	0	1
31	88	1	9	0	1
31	88	12	9	0	1
31	88	23	9	0	1
31	88	34	9	0	1
31	88	45	9	0	1
31	88	56	9	0	1
31	88	67	9	0	1
31	88	78	9	0	1
31	88	89	9	0	1
31	88	100	9	0	1
31	88	111	9	0	1
31	99	1	9	0	1
31	99	12	9	0	1
31	99	23	9	0	1
31	99	34	9	0	1
31	99	45	9	0	1
31	99	56	9	0	1
31	99	67	9	0	1
31	99	78	9	0	1
31	99	89	9	0	1
31	99	100	9	0	1
31	99	111	9	0	1
31	110	1	9	0	1
31	110	12	9	0	1
31	110	23	9	0	1
31	110	34	9	0	1
31	110	45	9	0	1
31	110	56	9	0	1
31	110	67	9	0	1
31	110	78	9	0	1
31	110	89	9	0	1
31	110	100	9	0	1
31	110	111	9	0	1
32	0	39	10	0	6
32	5	6	10	5	6
32	5	17	10	5	6
32	5	28	10	5	6
32	5	39	10	5	6
32	5	50	10	5	6
32	5	61	10	5	6
32	5	72	10	5	6
32	5	83	10	5	6
32	5	94	10	5	6
32	5	105	10	5	6
32	5	116	10	5	6
32	11	39	10	0	6
32	16	6	10	5	6
32	16	17	10	5	6
32	16	28	10	5	6
32	16	39	10	5	6
32	16	50	10	5	6
32	16	61	10	5	6
32	16	72	10	5	6
32	16	83	10	5	6
32	16	94	10	5	6
32	16	105	10	5	6
32	16	116	10	5	6
32	22	39	10	0	6
32	27	6	10	5	6
32	27	17	10	5	6
32	27	28	10	5	6
32	27	39	10	5	6
32	27	50	10	5	6
32	27	61	10	5	6
32	27	72	10	5	6
32	27	83	10	5	6
32	27	94	10	5	6
32	27	105	10	5	6
32	27	116	10	5	6
32	33	39	10	0	6
32	38	6	10	5	6
32	38	17	10	5	6
32	38	28	10	5	6
32	38	39	10	5	6
32	38	50	10	5	6
32	38	61	10	5	6
32	38	72	10	5	6
32	38	83	10	5	6
32	38	94	10	5	6
32	38	105	10	5	6
32	38	116	10	5	6
32	44	39	10	0	6
32	49	6	10	5	6
32	49	17	10	5	6
32	49	28	10	5	6
32	49	39	10	5	6
32	49	50	10	5	6
32	49	61	10	5	6
32	49	72	10	5	6
32	49	83	10	5	6
32	49	94	10	5	6
32	49	105	10	5	6
32	49	116	10	5	6
32	55	39	10	0	6
32	60	6	10	5	6
32	60	17	10	5	6
32	60	28	10	5	6
32	60	39	10	5	6
32	60	50	10	5	6
32	60	61	10	5	6
32	60	72	10	5	6
32	60	83	10	5	6
32	60	94	10	5	6
32	60	105	10	5	6
32	60	116	10	5	6
32	66	39	10	0	6
32	71	6	10	5	6
32	71	17	10	5	6
32	71	28	10	5	6
32	71	39	10	5	6
32	71	50	10	5	6
32	71	61	10	5	6
32	71	72	10	5	6
32	71	83	10	5	6
32	71	94	10	5	6
32	71	105	10	5	6
32	71	116	10	5	6
32	77	39	10	0	6
32	82	6	10	5	6
32	82	17	10	5	6
32	82	28	10	5	6
32	82	39	10	5	6
32	82	50	10	5	6
32	82	61	10	5	6
32	82	72	10	5	6
32	82	83	10	5	6
32	82	94	10	5	6
32	82	105	10	5	6
32	82	116	10	5	6
32	88	39	10	0	6
32	93	6	10	5	6
32	93	17	10	5	6
32	93	28	10	5	6
32	93	39	10	5	6
32	93	50	10	5	6
32	93	61	10	5	6
32	93	72	10	5	6
32	93	83	10	5	6
32	93	94	10	5	6
32	93	105	10	5	6
32	93	116	10	5	6
32	99	39	10	0	6
32	104	6	10	5	6
32	104	17	10	5	6
32	104	28	10	5	6
32	104	39	10	5	6
32	104	50	10	5	6
32	104	61	10	5	6
32	104	72	10	5	6
32	104	83	10	5	6
32	104	94	10	5	6
32	104	105	10	5	6
32	104	116	10	5	6
32	110	39	10	0	6
32	115	6	10	5	6
32	115	17	10	5	6
32	115	28	10	5	6
32	115	39	10	5	6
32	115	50	10	5	6
32	115	61	10	5	6
32	115	72	10	5	6
32	115	83	10	5	6
32	115	94	10	5	6
32	115	105	10	5	6
32	115	116	10	5	6
33	0	0	0	0	0
33	11	0	0	0	0
33	22	0	0	0	0
33	33	0	0	0	0
33	44	0	0	0	0
33	55	0	0	0	0
33	66	0	0	0	0
33	77	0	0	0	0
33	88	0	0	0	0
33	99	0	0	0	0
33	110	0	0	0	0
34	0	1	1	0	1
34	0	12	1	0	1
34	0	23	1	0	1
34	0	34	1	0	1
34	0	39	1	0	6
34	0	45	1	0	1
34	0	56	1	0	1
34	0	67	1	0	1
34	0	78	1	0	1
34	0	89	1	0	1
34	0	100	1	0	1
34	0	111	1	0	1
34	7	115	1	7	5
34	11	1	1	0	1
34	11	12	1	0	1
34	11	23	1	0	1
34	11	34	1	0	1
34	11	39	1	0	6
34	11	45	1	0	1
34	11	56	1	0	1
34	11	67	1	0	1
34	11	78	1	0	1
34	11	89	1	0	1
34	11	100	1	0	1
34	11	111	1	0	1
34	18	71	1	7	5
34	22	1	1	0	1
34	22	12	1	0	1
34	22	23	1	0	1
34	22	34	1	0	1
34	22	39	1	0	6
34	22	45	1	0	1
34	22	56	1	0	1
34	22	67	1	0	1
34	22	78	1	0	1
34	22	89	1	0	1
34	22	100	1	0	1
34	22	111	1	0	1
34	29	27	1	7	5
34	33	1	1	0	1
34	33	12	1	0	1
34	33	23	1	0	1
34	33	34	1	0	1
34	33	39	1	0	6
34	33	45	1	0	1
34	33	56	1	0	1
34	33	67	1	0	1
34	33	78	1	0	1
34	33	89	1	0	1
34	33	100	1	0	1
34	33	111	1	0	1
34	40	104	1	7	5
34	44	1	1	0	1
34	44	12	1	0	1
34	44	23	1	0	1
34	44	34	1	0	1
34	44	39	1	0	6
34	44	45	1	0	1
34	44	56	1	0	1
34	44	67	1	0	1
34	44	78	1	0	1
34	44	89	1	0	1
34	44	100	1	0	1
34	44	111	1	0	1
34	51	60	1	7	5
34	55	1	1	0	1
34	55	12	1	0	1
34	55	23	1	0	1
34	55	34	1	0	1
34	55	39	1	0	6
34	55	45	1	0	1
34	55	56	1	0	1
34	55	67	1	0	1
34	55	78	1	0	1
34	55	89	1	0	1
34	55	100	1	0	1
34	55	111	1	0	1
34	62	16	1	7	5
34	66	1	1	0	1
34	66	12	1	0	1
34	66	23	1	0	1
34	66	34	1	0	1
34	66	39	1	0	6
34	66	45	1	0	1
34	66	56	1	0	1
34	66	67	1	0	1
34	66	78	1	0	1
34	66	89	1	0	1
34	66	100	1	0	1
34	66	111	1	0	1
34	73	93	1	7	5
34	77	1	1	0	1
34	77	12	1	0	1
34	77	23	1	0	1
34	77	34	1	0	1
34	77	39	1	0	6
34	77	45	1	0	1
34	77	56	1	0	1
34	77	67	1	0	1
34	77	78	1	0	1
34	77	89	1	0	1
34	77	100	1	0	1
34	77	111	1	0	1
34	84	49	1	7	5
34	88	1	1	0	1
34	88	12	1	0	1
34	88	23	1	0	1
34	88	34	1	0	1
34	88	39	1	0	6
34	88	45	1	0	1
34	88	56	1	0	1
34	88	67	1	0	1
34	88	78	1	0	1
34	88	89	1	0	1
34	88	100	1	0	1
34	88	111	1	0	1
34	95	5	1	7	5
34	99	1	1	0	1
34	99	12	1	0	1
34	99	23	1	0	1
34	99	34	1	0	1
34	99	39	1	0	6
34	99	45	1	0	1
34	99	56	1	0	1
34	99	67	1	0	1
34	99	78	1	0	1
34	99	89	1	0	1
34	99	100	1	0	1
34	99	111	1	0	1
34	106	82	1	7	5
34	110	1	1	0	1
34	110	12	1	0	1
34	110	23	1	0	1
34	110	34	1	0	1
34	110	39	1	0	6
34	110	45	1	0	1
34	110	56	1	0	1
34	110	67	1	0	1
34	110	78	1	0	1
34	110	89	1	0	1
34	110	100	1	0	1
34	110	111	1	0	1
34	117	38	1	7	5
35	31	70	2	9	4
36	0	6	3	0	6
36	0	17	3	0	6
36	0	28	3	0	6
36	0	39	3	0	6
36	0	50	3	0	6
36	0	61	3	0	6
36	0	72	3	0	6
36	0	83	3	0	6
36	0	94	3	0	6
36	0	105	3	0	6
36	0	116	3	0	6
36	11	6	3	0	6
36	11	17	3	0	6
36	11	28	3	0	6
36	11	39	3	0	6
36	11	50	3	0	6
36	11	61	3	0	6
36	11	72	3	0	6
36	11	83	3	0	6
36	11	94	3	0	6
36	11	105	3	0	6
36	11	116	3	0	6
36	22	6	3	0	6
36	22	17	3	0	6
36	22	28	3	0	6
36	22	39	3	0	6
36	22	50	3	0	6
36	22	61	3	0	6
36	22	72	3	0	6
36	22	83	3	0	6
36	22	94	3	0	6
36	22	105	3	0	6
36	22	116	3	0	6
36	33	6	3	0	6
36	33	17	3	0	6
36	33	28	3	0	6
36	33	39	3	0	6
36	33	50	3	0	6
36	33	61	3	0	6
36	33	72	3	0	6
36	33	83	3	0	6
36	33	94	3	0	6
36	33	105	3	0	6
36	33	116	3	0	6
36	44	6	3	0	6
36	44	17	3	0	6
36	44	28	3	0	6
36	44	39	3	0	6
36	44	50	3	0	6
36	44	61	3	0	6
36	44	72	3	0	6
36	44	83	3	0	6
36	44	94	3	0	6
36	44	105	3	0	6
36	44	116	3	0	6
36	55	6	3	0	6
36	55	17	3	0	6
36	55	28	3	0	6
36	55	39	3	0	6
36	55	50	3	0	6
36	55	61	3	0	6
36	55	72	3	0	6
36	55	83	3	0	6
36	55	94	3	0	6
36	55	105	3	0	6
36	55	116	3	0	6
36	66	6	3	0	6
36	66	17	3	0	6
36	66	28	3	0	6
36	66	39	3	0	6
36	66	50	3	0	6
36	66	61	3	0	6
36	66	72	3	0	6
36	66	83	3	0	6
36	66	94	3	0	6
36	66	105	3	0	6
36	66	116	3	0	6
36	77	6	3	0	6
36	77	17	3	0	6
36	77	28	3	0	6
36	77	39	3	0	6
36	77	50	3	0	6
36	77	61	3	0	6
36	77	72	3	0	6
36	77	83	3	0	6
36	77	94	3	0	6
36	77	105	3	0	6
36	77	116	3	0	6
36	88	6	3	0	6
36	88	17	3	0	6
36	88	28	3	0	6
36	88	39	3	0	6
36	88	50	3	0	6
36	88	61	3	0	6
36	88	72	3	0	6
36	88	83	3	0	6
36	88	94	3	0	6
36	88	105	3	0	6
36	88	116	3	0	6
36	92	53	3	4	9
36	99	6	3	0	6
36	99	17	3	0	6
36	99	28	3	0	6
36	99	39	3	0	6
36	99	50	3	0	6
36	99	61	3	0	6
36	99	72	3	0	6
36	99	83	3	0	6
36	99	94	3	0	6
36	99	105	3	0	6
36	99	116	3	0	6
36	110	6	3	0	6
36	110	17	3	0	6
36	110	28	3	0	6
36	110	39	3	0	6
36	110	50	3	0	6
36	110	61	3	0	6
36	110	72	3	0	6
36	110	83	3	0	6
36	110	94	3	0	6
36	110	105	3	0	6
36	110	116	3	0	6
37	0	10	4	0	10
37	0	21	4	0	10
37	0	32	4	0	10
37	0	43	4	0	10
37	0	54	4	0	10
37	0	65	4	0	10
37	0	76	4	0	10
37	0	87	4	0	10
37	0	98	4	0	10
37	0	109	4	0	10
37	0	120	4	0	10
37	5	10	4	5	10
37	5	21	4	5	10
37	5	32	4	5	10
37	5	43	4	5	10
37	5	54	4	5	10
37	5	65	4	5	10
37	5	76	4	5	10
37	5	87	4	5	10
37	5	98	4	5	10
37	5	109	4	5	10
37	5	120	4	5	10
37	9	76	4	9	10
37	11	10	4	0	10
37	11	21	4	0	10
37	11	32	4	0	10
37	11	43	4	0	10
37	11	54	4	0	10
37	11	65	4	0	10
37	11	76	4	0	10
37	11	87	4	0	10
37	11	98	4	0	10
37	11	109	4	0	10
37	11	120	4	0	10
37	16	10	4	5	10
37	16	21	4	5	10
37	16	32	4	5	10
37	16	43	4	5	10
37	16	54	4	5	10
37	16	65	4	5	10
37	16	76	4	5	10
37	16	87	4	5	10
37	16	98	4	5	10
37	16	109	4	5	10
37	16	120	4	5	10
37	20	21	4	9	10
37	22	10	4	0	10
37	22	21	4	0	10
37	22	32	4	0	10
37	22	43	4	0	10
37	22	54	4	0	10
37	22	65	4	0	10
37	22	76	4	0	10
37	22	87	4	0	10
37	22	98	4	0	10
37	22	109	4	0	10
37	22	120	4	0	10
37	27	10	4	5	10
37	27	21	4	5	10
37	27	32	4	5	10
37	27	43	4	5	10
37	27	54	4	5	10
37	27	65	4	5	10
37	27	76	4	5	10
37	27	87	4	5	10
37	27	98	4	5	10
37	27	109	4	5	10
37	27	120	4	5	10
37	31	87	4	9	10
37	32	98	4	10	10
37	33	10	4	0	10
37	33	21	4	0	10
37	33	32	4	0	10
37	33	43	4	0	10
37	33	54	4	0	10
37	33	65	4	0	10
37	33	76	4	0	10
37	33	87	4	0	10
37	33	98	4	0	10
37	33	109	4	0	10
37	33	120	4	0	10
37	38	10	4	5	10
37	38	21	4	5	10
37	38	32	4	5	10
37	38	43	4	5	10
37	38	54	4	5	10
37	38	65	4	5	10
37	38	76	4	5	10
37	38	87	4	5	10
37	38	98	4	5	10
37	38	109	4	5	10
37	38	120	4	5	10
37	42	32	4	9	10
37	44	10	4	0	10
37	44	21	4	0	10
37	44	32	4	0	10
37	44	43	4	0	10
37	44	54	4	0	10
37	44	65	4	0	10
37	44	76	4	0	10
37	44	87	4	0	10
37	44	98	4	0	10
37	44	109	4	0	10
37	44	120	4	0	10
37	49	10	4	5	10
37	49	21	4	5	10
37	49	32	4	5	10
37	49	43	4	5	10
37	49	54	4	5	10
37	49	65	4	5	10
37	49	76	4	5	10
37	49	87	4	5	10
37	49	98	4	5	10
37	49	109	4	5	10
37	49	120	4	5	10
37	53	98	4	9	10
37	55	10	4	0	10
37	55	21	4	0	10
37	55	32	4	0	10
37	55	43	4	0	10
37	55	54	4	0	10
37	55	65	4	0	10
37	55	76	4	0	10
37	55	87	4	0	10
37	55	98	4	0	10
37	55	109	4	0	10
37	55	120	4	0	10
37	60	10	4	5	10
37	60	21	4	5	10
37	60	32	4	5	10
37	60	43	4	5	10
37	60	54	4	5	10
37	60	65	4	5	10
37	60	76	4	5	10
37	60	87	4	5	10
37	60	98	4	5	10
37	60	109	4	5	10
37	60	120	4	5	10
37	64	43	4	9	10
37	66	10	4	0	10
37	66	21	4	0	10
37	66	32	4	0	10
37	66	43	4	0	10
37	66	54	4	0	10
37	66	65	4	0	10
37	66	76	4	0	10
37	66	87	4	0	10
37	66	98	4	0	10
37	66	109	4	0	10
37	66	120	4	0	10
37	71	10	4	5	10
37	71	21	4	5	10
37	71	32	4	5	10
37	71	43	4	5	10
37	71	54	4	5	10
37	71	65	4	5	10
37	71	76	4	5	10
37	71	87	4	5	10
37	71	98	4	5	10
37	71	109	4	5	10
37	71	120	4	5	10
37	75	109	4	9	10
37	77	10	4	0	10
37	77	21	4	0	10
37	77	32	4	0	10
37	77	43	4	0	10
37	77	54	4	0	10
37	77	65	4	0	10
37	77	76	4	0	10
37	77	87	4	0	10
37	77	98	4	0	10
37	77	109	4	0	10
37	77	120	4	0	10
37	82	10	4	5	10
37	82	21	4	5	10
37	82	32	4	5	10
37	82	43	4	5	10
37	82	54	4	5	10
37	82	65	4	5	10
37	82	76	4	5	10
37	82	87	4	5	10
37	82	98	4	5	10
37	82	109	4	5	10
37	82	120	4	5	10
37	86	54	4	9	10
37	88	10	4	0	10
37	88	21	4	0	10
37	88	32	4	0	10
37	88	43	4	0	10
37	88	54	4	0	10
37	88	65	4	0	10
37	88	76	4	0	10
37	88	87	4	0	10
37	88	98	4	0	10
37	88	109	4	0	10
37	88	120	4	0	10
37	93	10	4	5	10
37	93	21	4	5	10
37	93	32	4	5	10
37	93	43	4	5	10
37	93	54	4	5	10
37	93	65	4	5	10
37	93	76	4	5	10
37	93	87	4	5	10
37	93	98	4	5	10
37	93	109	4	5	10
37	93	120	4	5	10
37	97	120	4	9	10
37	99	10	4	0	10
37	99	21	4	0	10
37	99	32	4	0	10
37	99	43	4	0	10
37	99	54	4	0	10
37	99	65	4	0	10
37	99	76	4	0	10
37	99	87	4	0	10
37	99	98	4	0	10
37	99	109	4	0	10
37	99	120	4	0	10
37	104	10	4	5	10
37	104	21	4	5	10
37	104	32	4	5	10
37	104	43	4	5	10
37	104	54	4	5	10
37	104	65	4	5	10
37	104	76	4	5	10
37	104	87	4	5	10
37	104	98	4	5	10
37	104	109	4	5	10
37	104	120	4	5	10
37	108	65	4	9	10
37	110	10	4	0	10
37	110	21	4	0	10
37	110	32	4	0	10
37	110	43	4	0	10
37	110	54	4	0	10
37	110	65	4	0	10
37	110	76	4	0	10
37	110	87	4	0	10
37	110	98	4	0	10
37	110	109	4	0	10
37	110	120	4	0	10
37	115	10	4	5	10
37	115	21	4	5	10
37	115	32	4	5	10
37	115	43	4	5	10
37	115	54	4	5	10
37	115	65	4	5	10
37	115	76	4	5	10
37	115	87	4	5	10
37	115	98	4	5	10
37	115	109	4	5	10
37	115	120	4	5	10
37	119	10	4	9	10
38	0	4	5	0	4
38	0	15	5	0	4
38	0	26	5	0	4
38	0	37	5	0	4
38	0	48	5	0	4
38	0	59	5	0	4
38	0	70	5	0	4
38	0	81	5	0	4
38	0	92	5	0	4
38	0	103	5	0	4
38	0	114	5	0	4
38	2	114	5	2	4
38	9	3	5	9	3
38	9	14	5	9	3
38	9	25	5	9	3
38	9	36	5	9	3
38	9	47	5	9	3
38	9	58	5	9	3
38	9	69	5	9	3
38	9	80	5	9	3
38	9	91	5	9	3
38	9	102	5	9	3
38	9	113	5	9	3
38	11	4	5	0	4
38	11	15	5	0	4
38	11	26	5	0	4
38	11	37	5	0	4
38	11	48	5	0	4
38	11	59	5	0	4
38	11	70	5	0	4
38	11	81	5	0	4
38	11	92	5	0	4
38	11	103	5	0	4
38	11	114	5	0	4
38	13	15	5	2	4
38	20	3	5	9	3
38	20	14	5	9	3
38	20	25	5	9	3
38	20	36	5	9	3
38	20	47	5	9	3
38	20	58	5	9	3
38	20	69	5	9	3
38	20	80	5	9	3
38	20	91	5	9	3
38	20	102	5	9	3
38	20	113	5	9	3
38	22	4	5	0	4
38	22	15	5	0	4
38	22	26	5	0	4
38	22	37	5	0	4
38	22	48	5	0	4
38	22	59	5	0	4
38	22	70	5	0	4
38	22	81	5	0	4
38	22	92	5	0	4
38	22	103	5	0	4
38	22	114	5	0	4
38	24	37	5	2	4
38	31	3	5	9	3
38	31	14	5	9	3
38	31	25	5	9	3
38	31	36	5	9	3
38	31	47	5	9	3
38	31	58	5	9	3
38	31	69	5	9	3
38	31	80	5	9	3
38	31	91	5	9	3
38	31	102	5	9	3
38	31	113	5	9	3
38	33	4	5	0	4
38	33	15	5	0	4
38	33	26	5	0	4
38	33	37	5	0	4
38	33	48	5	0	4
38	33	59	5	0	4
38	33	70	5	0	4
38	33	81	5	0	4
38	33	92	5	0	4
38	33	103	5	0	4
38	33	114	5	0	4
38	35	59	5	2	4
38	42	3	5	9	3
38	42	14	5	9	3
38	42	25	5	9	3
38	42	36	5	9	3
38	42	47	5	9	3
38	42	58	5	9	3
38	42	69	5	9	3
38	42	80	5	9	3
38	42	91	5	9	3
38	42	102	5	9	3
38	42	113	5	9	3
38	44	4	5	0	4
38	44	15	5	0	4
38	44	26	5	0	4
38	44	37	5	0	4
38	44	48	5	0	4
38	44	59	5	0	4
38	44	70	5	0	4
38	44	81	5	0	4
38	44	92	5	0	4
38	44	103	5	0	4
38	44	114	5	0	4
38	46	81	5	2	4
38	53	3	5	9	3
38	53	14	5	9	3
38	53	25	5	9	3
38	53	36	5	9	3
38	53	47	5	9	3
38	53	58	5	9	3
38	53	69	5	9	3
38	53	80	5	9	3
38	53	91	5	9	3
38	53	102	5	9	3
38	53	113	5	9	3
38	55	4	5	0	4
38	55	15	5	0	4
38	55	26	5	0	4
38	55	37	5	0	4
38	55	48	5	0	4
38	55	59	5	0	4
38	55	70	5	0	4
38	55	81	5	0	4
38	55	92	5	0	4
38	55	103	5	0	4
38	55	114	5	0	4
38	57	103	5	2	4
38	64	3	5	9	3
38	64	14	5	9	3
38	64	25	5	9	3
38	64	36	5	9	3
38	64	47	5	9	3
38	64	58	5	9	3
38	64	69	5	9	3
38	64	80	5	9	3
38	64	91	5	9	3
38	64	102	5	9	3
38	64	113	5	9	3
38	66	4	5	0	4
38	66	15	5	0	4
38	66	26	5	0	4
38	66	37	5	0	4
38	66	48	5	0	4
38	66	59	5	0	4
38	66	70	5	0	4
38	66	81	5	0	4
38	66	92	5	0	4
38	66	103	5	0	4
38	66	114	5	0	4
38	68	4	5	2	4
38	75	3	5	9	3
38	75	14	5	9	3
38	75	25	5	9	3
38	75	36	5	9	3
38	75	47	5	9	3
38	75	58	5	9	3
38	75	69	5	9	3
38	75	80	5	9	3
38	75	91	5	9	3
38	75	102	5	9	3
38	75	113	5	9	3
38	77	4	5	0	4
38	77	15	5	0	4
38	77	26	5	0	4
38	77	37	5	0	4
38	77	48	5	0	4
38	77	59	5	0	4
38	77	70	5	0	4
38	77	81	5	0	4
38	77	92	5	0	4
38	77	103	5	0	4
38	77	114	5	0	4
38	79	26	5	2	4
38	86	3	5	9	3
38	86	14	5	9	3
38	86	25	5	9	3
38	86	36	5	9	3
38	86	47	5	9	3
38	86	58	5	9	3
38	86	69	5	9	3
38	86	80	5	9	3
38	86	91	5	9	3
38	86	102	5	9	3
38	86	113	5	9	3
38	88	4	5	0	4
38	88	15	5	0	4
38	88	26	5	0	4
38	88	37	5	0	4
38	88	48	5	0	4
38	88	59	5	0	4
38	88	70	5	0	4
38	88	81	5	0	4
38	88	92	5	0	4
38	88	103	5	0	4
38	88	114	5	0	4
38	90	48	5	2	4
38	97	3	5	9	3
38	97	14	5	9	3
38	97	25	5	9	3
38	97	36	5	9	3
38	97	47	5	9	3
38	97	58	5	9	3
38	97	69	5	9	3
38	97	80	5	9	3
38	97	91	5	9	3
38	97	102	5	9	3
38	97	113	5	9	3
38	99	4	5	0	4
38	99	15	5	0	4
38	99	26	5	0	4
38	99	37	5	0	4
38	99	48	5	0	4
38	99	59	5	0	4
38	99	70	5	0	4
38	99	81	5	0	4
38	99	92	5	0	4
38	99	103	5	0	4
38	99	114	5	0	4
38	101	70	5	2	4
38	108	3	5	9	3
38	108	14	5	9	3
38	108	25	5	9	3
38	108	36	5	9	3
38	108	47	5	9	3
38	108	58	5	9	3
38	108	69	5	9	3
38	108	80	5	9	3
38	108	91	5	9	3
38	108	102	5	9	3
38	108	113	5	9	3
38	110	4	5	0	4
38	110	15	5	0	4
38	110	26	5	0	4
38	110	37	5	0	4
38	110	48	5	0	4
38	110	59	5	0	4
38	110	70	5	0	4
38	110	81	5	0	4
38	110	92	5	0	4
38	110	103	5	0	4
38	110	114	5	0	4
38	112	92	5	2	4
38	119	3	5	9	3
38	119	14	5	9	3
38	119	25	5	9	3
38	119	36	5	9	3
38	119	47	5	9	3
38	119	58	5	9	3
38	119	69	5	9	3
38	119	80	5	9	3
38	119	91	5	9	3
38	119	102	5	9	3
38	119	113	5	9	3
39	0	11	6	0	0
39	3	1	6	3	1
39	3	12	6	3	1
39	3	23	6	3	1
39	3	34	6	3	1
39	3	45	6	3	1
39	3	56	6	3	1
39	3	67	6	3	1
39	3	78	6	3	1
39	3	89	6	3	1
39	3	100	6	3	1
39	3	111	6	3	1
39	11	11	6	0	0
39	14	1	6	3	1
39	14	12	6	3	1
39	14	23	6	3	1
39	14	34	6	3	1
39	14	45	6	3	1
39	14	56	6	3	1
39	14	67	6	3	1
39	14	78	6	3	1
39	14	89	6	3	1
39	14	100	6	3	1
39	14	111	6	3	1
39	22	11	6	0	0
39	25	1	6	3	1
39	25	12	6	3	1
39	25	23	6	3	1
39	25	34	6	3	1
39	25	45	6	3	1
39	25	56	6	3	1
39	25	67	6	3	1
39	25	78	6	3	1
39	25	89	6	3	1
39	25	100	6	3	1
39	25	111	6	3	1
39	33	11	6	0	0
39	36	1	6	3	1
39	36	12	6	3	1
39	36	23	6	3	1
39	36	34	6	3	1
39	36	45	6	3	1
39	36	56	6	3	1
39	36	67	6	3	1
39	36	78	6	3	1
39	36	89	6	3	1
39	36	100	6	3	1
39	36	111	6	3	1
39	44	11	6	0	0
39	47	1	6	3	1
39	47	12	6	3	1
39	47	23	6	3	1
39	47	34	6	3	1
39	47	45	6	3	1
39	47	56	6	3	1
39	47	67	6	3	1
39	47	78	6	3	1
39	47	89	6	3	1
39	47	100	6	3	1
39	47	111	6	3	1
39	55	11	6	0	0
39	58	1	6	3	1
39	58	12	6	3	1
39	58	23	6	3	1
39	58	34	6	3	1
39	58	45	6	3	1
39	58	56	6	3	1
39	58	67	6	3	1
39	58	78	6	3	1
39	58	89	6	3	1
39	58	100	6	3	1
39	58	111	6	3	1
39	66	11	6	0	0
39	69	1	6	3	1
39	69	12	6	3	1
39	69	23	6	3	1
39	69	34	6	3	1
39	69	45	6	3	1
39	69	56	6	3	1
39	69	67	6	3	1
39	69	78	6	3	1
39	69	89	6	3	1
39	69	100	6	3	1
39	69	111	6	3	1
39	77	11	6	0	0
39	80	1	6	3	1
39	80	12	6	3	1
39	80	23	6	3	1
39	80	34	6	3	1
39	80	45	6	3	1
39	80	56	6	3	1
39	80	67	6	3	1
39	80	78	6	3	1
39	80	89	6	3	1
39	80	100	6	3	1
39	80	111	6	3	1
39	88	11	6	0	0
39	91	1	6	3	1
39	91	12	6	3	1
39	91	23	6	3	1
39	91	34	6	3	1
39	91	45	6	3	1
39	91	56	6	3	1
39	91	67	6	3	1
39	91	78	6	3	1
39	91	89	6	3	1
39	91	100	6	3	1
39	91	111	6	3	1
39	99	11	6	0	0
39	102	1	6	3	1
39	102	12	6	3	1
39	102	23	6	3	1
39	102	34	6	3	1
39	102	45	6	3	1
39	102	56	6	3	1
39	102	67	6	3	1
39	102	78	6	3	1
39	102	89	6	3	1
39	102	100	6	3	1
39	102	111	6	3	1
39	110	11	6	0	0
39	113	1	6	3	1
39	113	12	6	3	1
39	113	23	6	3	1
39	113	34	6	3	1
39	113	45	6	3	1
39	113	56	6	3	1
39	113	67	6	3	1
39	113	78	6	3	1
39	113	89	6	3	1
39	113	100	6	3	1
39	113	111	6	3	1
42	0	1	9	0	1
42	0	12	9	0	1
42	0	23	9	0	1
42	0	34	9	0	1
42	0	45	9	0	1
42	0	56	9	0	1
42	0	67	9	0	1
42	0	78	9	0	1
42	0	89	9	0	1
42	0	100	9	0	1
42	0	111	9	0	1
42	11	1	9	0	1
42	11	12	9	0	1
42	11	23	9	0	1
42	11	34	9	0	1
42	11	45	9	0	1
42	11	56	9	0	1
42	11	67	9	0	1
42	11	78	9	0	1
42	11	89	9	0	1
42	11	100	9	0	1
42	11	111	9	0	1
42	22	1	9	0	1
42	22	12	9	0	1
42	22	23	9	0	1
42	22	34	9	0	1
42	22	45	9	0	1
42	22	56	9	0	1
42	22	67	9	0	1
42	22	78	9	0	1
42	22	89	9	0	1
42	22	100	9	0	1
42	22	111	9	0	1
42	33	1	9	0	1
42	33	12	9	0	1
42	33	23	9	0	1
42	33	34	9	0	1
42	33	45	9	0	1
42	33	56	9	0	1
42	33	67	9	0	1
42	33	78	9	0	1
42	33	89	9	0	1
42	33	100	9	0	1
42	33	111	9	0	1
42	44	1	9	0	1
42	44	12	9	0	1
42	44	23	9	0	1
42	44	34	9	0	1
42	44	45	9	0	1
42	44	56	9	0	1
42	44	67	9	0	1
42	44	78	9	0	1
42	44	89	9	0	1
42	44	100	9	0	1
42	44	111	9	0	1
42	55	1	9	0	1
42	55	12	9	0	1
42	55	23	9	0	1
42	55	34	9	0	1
42	55	45	9	0	1
42	55	56	9	0	1
42	55	67	9	0	1
42	55	78	9	0	1
42	55	89	9	0	1
42	55	100	9	0	1
42	55	111	9	0	1
42	66	1	9	0	1
42	66	12	9	0	1
42	66	23	9	0	1
42	66	34	9	0	1
42	66	45	9	0	1
42	66	56	9	0	1
42	66	67	9	0	1
42	66	78	9	0	1
42	66	89	9	0	1
42	66	100	9	0	1
42	66	111	9	0	1
42	77	1	9	0	1
42	77	12	9	0	1
42	77	23	9	0	1
42	77	34	9	0	1
42	77	45	9	0	1
42	77	56	9	0	1
42	77	67	9	0	1
42	77	78	9	0	1
42	77	89	9	0	1
42	77	100	9	0	1
42	77	111	9	0	1
42	88	1	9	0	1
42	88	12	9	0	1
42	88	23	9	0	1
42	88	34	9	0	1
42	88	45	9	0	1
42	88	56	9	0	1
42	88	67	9	0	1
42	88	78	9	0	1
42	88	89	9	0	1
42	88	100	9	0	1
42	88	111	9	0	1
42	95	43	9	7	10
42	99	1	9	0	1
42	99	12	9	0	1
42	99	23	9	0	1
42	99	34	9	0	1
42	99	45	9	0	1
42	99	56	9	0	1
42	99	67	9	0	1
42	99	78	9	0	1
42	99	89	9	0	1
42	99	100	9	0	1
42	99	111	9	0	1
42	110	1	9	0	1
42	110	12	9	0	1
42	110	23	9	0	1
42	110	34	9	0	1
42	110	45	9	0	1
42	110	56	9	0	1
42	110	67	9	0	1
42	110	78	9	0	1
42	110	89	9	0	1
42	110	100	9	0	1
42	110	111	9	0	1
43	0	105	10	0	6
43	5	6	10	5	6
43	5	17	10	5	6
43	5	28	10	5	6
43	5	39	10	5	6
43	5	50	10	5	6
43	5	61	10	5	6
43	5	72	10	5	6
43	5	83	10	5	6
43	5	94	10	5	6
43	5	105	10	5	6
43	5	116	10	5	6
43	11	105	10	0	6
43	16	6	10	5	6
43	16	17	10	5	6
43	16	28	10	5	6
43	16	39	10	5	6
43	16	50	10	5	6
43	16	61	10	5	6
43	16	72	10	5	6
43	16	83	10	5	6
43	16	94	10	5	6
43	16	105	10	5	6
43	16	116	10	5	6
43	22	105	10	0	6
43	27	6	10	5	6
43	27	17	10	5	6
43	27	28	10	5	6
43	27	39	10	5	6
43	27	50	10	5	6
43	27	61	10	5	6
43	27	72	10	5	6
43	27	83	10	5	6
43	27	94	10	5	6
43	27	105	10	5	6
43	27	116	10	5	6
43	33	105	10	0	6
43	38	6	10	5	6
43	38	17	10	5	6
43	38	28	10	5	6
43	38	39	10	5	6
43	38	50	10	5	6
43	38	61	10	5	6
43	38	72	10	5	6
43	38	83	10	5	6
43	38	94	10	5	6
43	38	105	10	5	6
43	38	116	10	5	6
43	44	105	10	0	6
43	49	6	10	5	6
43	49	17	10	5	6
43	49	28	10	5	6
43	49	39	10	5	6
43	49	50	10	5	6
43	49	61	10	5	6
43	49	72	10	5	6
43	49	83	10	5	6
43	49	94	10	5	6
43	49	105	10	5	6
43	49	116	10	5	6
43	55	105	10	0	6
43	60	6	10	5	6
43	60	17	10	5	6
43	60	28	10	5	6
43	60	39	10	5	6
43	60	50	10	5	6
43	60	61	10	5	6
43	60	72	10	5	6
43	60	83	10	5	6
43	60	94	10	5	6
43	60	105	10	5	6
43	60	116	10	5	6
43	66	105	10	0	6
43	71	6	10	5	6
43	71	17	10	5	6
43	71	28	10	5	6
43	71	39	10	5	6
43	71	50	10	5	6
43	71	61	10	5	6
43	71	72	10	5	6
43	71	83	10	5	6
43	71	94	10	5	6
43	71	105	10	5	6
43	71	116	10	5	6
43	77	105	10	0	6
43	82	6	10	5	6
43	82	17	10	5	6
43	82	28	10	5	6
43	82	39	10	5	6
43	82	50	10	5	6
43	82	61	10	5	6
43	82	72	10	5	6
43	82	83	10	5	6
43	82	94	10	5	6
43	82	105	10	5	6
43	82	116	10	5	6
43	88	105	10	0	6
43	93	6	10	5	6
43	93	17	10	5	6
43	93	28	10	5	6
43	93	39	10	5	6
43	93	50	10	5	6
43	93	61	10	5	6
43	93	72	10	5	6
43	93	83	10	5	6
43	93	94	10	5	6
43	93	105	10	5	6
43	93	116	10	5	6
43	99	105	10	0	6
43	104	6	10	5	6
43	104	17	10	5	6
43	104	28	10	5	6
43	104	39	10	5	6
43	104	50	10	5	6
43	104	61	10	5	6
43	104	72	10	5	6
43	104	83	10	5	6
43	104	94	10	5	6
43	104	105	10	5	6
43	104	116	10	5	6
43	110	105	10	0	6
43	115	6	10	5	6
43	115	17	10	5	6
43	115	28	10	5	6
43	115	39	10	5	6
43	115	50	10	5	6
43	115	61	10	5	6
43	115	72	10	5	6
43	115	83	10	5	6
43	115	94	10	5	6
43	115	105	10	5	6
43	115	116	10	5	6
44	0	0	0	0	0
44	11	0	0	0	0
44	22	0	0	0	0
44	33	0	0	0	0
44	44	0	0	0	0
44	55	0	0	0	0
44	66	0	0	0	0
44	77	0	0	0	0
44	88	0	0	0	0
44	99	0	0	0	0
44	110	0	0	0	0
45	0	1	1	0	1
45	0	12	1	0	1
45	0	23	1	0	1
45	0	28	1	0	6
45	0	34	1	0	1
45	0	45	1	0	1
45	0	56	1	0	1
45	0	67	1	0	1
45	0	78	1	0	1
45	0	89	1	0	1
45	0	100	1	0	1
45	0	111	1	0	1
45	7	49	1	7	5
45	11	1	1	0	1
45	11	12	1	0	1
45	11	23	1	0	1
45	11	28	1	0	6
45	11	34	1	0	1
45	11	45	1	0	1
45	11	56	1	0	1
45	11	67	1	0	1
45	11	78	1	0	1
45	11	89	1	0	1
45	11	100	1	0	1
45	11	111	1	0	1
45	18	5	1	7	5
45	22	1	1	0	1
45	22	12	1	0	1
45	22	23	1	0	1
45	22	28	1	0	6
45	22	34	1	0	1
45	22	45	1	0	1
45	22	56	1	0	1
45	22	67	1	0	1
45	22	78	1	0	1
45	22	89	1	0	1
45	22	100	1	0	1
45	22	111	1	0	1
45	29	82	1	7	5
45	33	1	1	0	1
45	33	12	1	0	1
45	33	23	1	0	1
45	33	28	1	0	6
45	33	34	1	0	1
45	33	45	1	0	1
45	33	56	1	0	1
45	33	67	1	0	1
45	33	78	1	0	1
45	33	89	1	0	1
45	33	100	1	0	1
45	33	111	1	0	1
45	40	38	1	7	5
45	44	1	1	0	1
45	44	12	1	0	1
45	44	23	1	0	1
45	44	28	1	0	6
45	44	34	1	0	1
45	44	45	1	0	1
45	44	56	1	0	1
45	44	67	1	0	1
45	44	78	1	0	1
45	44	89	1	0	1
45	44	100	1	0	1
45	44	111	1	0	1
45	51	115	1	7	5
45	55	1	1	0	1
45	55	12	1	0	1
45	55	23	1	0	1
45	55	28	1	0	6
45	55	34	1	0	1
45	55	45	1	0	1
45	55	56	1	0	1
45	55	67	1	0	1
45	55	78	1	0	1
45	55	89	1	0	1
45	55	100	1	0	1
45	55	111	1	0	1
45	62	71	1	7	5
45	66	1	1	0	1
45	66	12	1	0	1
45	66	23	1	0	1
45	66	28	1	0	6
45	66	34	1	0	1
45	66	45	1	0	1
45	66	56	1	0	1
45	66	67	1	0	1
45	66	78	1	0	1
45	66	89	1	0	1
45	66	100	1	0	1
45	66	111	1	0	1
45	73	27	1	7	5
45	77	1	1	0	1
45	77	12	1	0	1
45	77	23	1	0	1
45	77	28	1	0	6
45	77	34	1	0	1
45	77	45	1	0	1
45	77	56	1	0	1
45	77	67	1	0	1
45	77	78	1	0	1
45	77	89	1	0	1
45	77	100	1	0	1
45	77	111	1	0	1
45	84	104	1	7	5
45	88	1	1	0	1
45	88	12	1	0	1
45	88	23	1	0	1
45	88	28	1	0	6
45	88	34	1	0	1
45	88	45	1	0	1
45	88	56	1	0	1
45	88	67	1	0	1
45	88	78	1	0	1
45	88	89	1	0	1
45	88	100	1	0	1
45	88	111	1	0	1
45	95	60	1	7	5
45	99	1	1	0	1
45	99	12	1	0	1
45	99	23	1	0	1
45	99	28	1	0	6
45	99	34	1	0	1
45	99	45	1	0	1
45	99	56	1	0	1
45	99	67	1	0	1
45	99	78	1	0	1
45	99	89	1	0	1
45	99	100	1	0	1
45	99	111	1	0	1
45	106	16	1	7	5
45	110	1	1	0	1
45	110	12	1	0	1
45	110	23	1	0	1
45	110	28	1	0	6
45	110	34	1	0	1
45	110	45	1	0	1
45	110	56	1	0	1
45	110	67	1	0	1
45	110	78	1	0	1
45	110	89	1	0	1
45	110	100	1	0	1
45	110	111	1	0	1
45	117	93	1	7	5
46	97	26	2	9	4
47	0	6	3	0	6
47	0	17	3	0	6
47	0	28	3	0	6
47	0	39	3	0	6
47	0	50	3	0	6
47	0	61	3	0	6
47	0	72	3	0	6
47	0	83	3	0	6
47	0	94	3	0	6
47	0	105	3	0	6
47	0	116	3	0	6
47	11	6	3	0	6
47	11	17	3	0	6
47	11	28	3	0	6
47	11	39	3	0	6
47	11	50	3	0	6
47	11	61	3	0	6
47	11	72	3	0	6
47	11	83	3	0	6
47	11	94	3	0	6
47	11	105	3	0	6
47	11	116	3	0	6
47	22	6	3	0	6
47	22	17	3	0	6
47	22	28	3	0	6
47	22	39	3	0	6
47	22	50	3	0	6
47	22	61	3	0	6
47	22	72	3	0	6
47	22	83	3	0	6
47	22	94	3	0	6
47	22	105	3	0	6
47	22	116	3	0	6
47	33	6	3	0	6
47	33	17	3	0	6
47	33	28	3	0	6
47	33	39	3	0	6
47	33	50	3	0	6
47	33	61	3	0	6
47	33	72	3	0	6
47	33	83	3	0	6
47	33	94	3	0	6
47	33	105	3	0	6
47	33	116	3	0	6
47	37	86	3	4	9
47	44	6	3	0	6
47	44	17	3	0	6
47	44	28	3	0	6
47	44	39	3	0	6
47	44	50	3	0	6
47	44	61	3	0	6
47	44	72	3	0	6
47	44	83	3	0	6
47	44	94	3	0	6
47	44	105	3	0	6
47	44	116	3	0	6
47	55	6	3	0	6
47	55	17	3	0	6
47	55	28	3	0	6
47	55	39	3	0	6
47	55	50	3	0	6
47	55	61	3	0	6
47	55	72	3	0	6
47	55	83	3	0	6
47	55	94	3	0	6
47	55	105	3	0	6
47	55	116	3	0	6
47	66	6	3	0	6
47	66	17	3	0	6
47	66	28	3	0	6
47	66	39	3	0	6
47	66	50	3	0	6
47	66	61	3	0	6
47	66	72	3	0	6
47	66	83	3	0	6
47	66	94	3	0	6
47	66	105	3	0	6
47	66	116	3	0	6
47	77	6	3	0	6
47	77	17	3	0	6
47	77	28	3	0	6
47	77	39	3	0	6
47	77	50	3	0	6
47	77	61	3	0	6
47	77	72	3	0	6
47	77	83	3	0	6
47	77	94	3	0	6
47	77	105	3	0	6
47	77	116	3	0	6
47	88	6	3	0	6
47	88	17	3	0	6
47	88	28	3	0	6
47	88	39	3	0	6
47	88	50	3	0	6
47	88	61	3	0	6
47	88	72	3	0	6
47	88	83	3	0	6
47	88	94	3	0	6
47	88	105	3	0	6
47	88	116	3	0	6
47	99	6	3	0	6
47	99	17	3	0	6
47	99	28	3	0	6
47	99	39	3	0	6
47	99	50	3	0	6
47	99	61	3	0	6
47	99	72	3	0	6
47	99	83	3	0	6
47	99	94	3	0	6
47	99	105	3	0	6
47	99	116	3	0	6
47	110	6	3	0	6
47	110	17	3	0	6
47	110	28	3	0	6
47	110	39	3	0	6
47	110	50	3	0	6
47	110	61	3	0	6
47	110	72	3	0	6
47	110	83	3	0	6
47	110	94	3	0	6
47	110	105	3	0	6
47	110	116	3	0	6
48	0	10	4	0	10
48	0	21	4	0	10
48	0	32	4	0	10
48	0	43	4	0	10
48	0	54	4	0	10
48	0	65	4	0	10
48	0	76	4	0	10
48	0	87	4	0	10
48	0	98	4	0	10
48	0	109	4	0	10
48	0	120	4	0	10
48	5	10	4	5	10
48	5	21	4	5	10
48	5	32	4	5	10
48	5	43	4	5	10
48	5	54	4	5	10
48	5	65	4	5	10
48	5	76	4	5	10
48	5	87	4	5	10
48	5	98	4	5	10
48	5	109	4	5	10
48	5	120	4	5	10
48	9	43	4	9	10
48	11	10	4	0	10
48	11	21	4	0	10
48	11	32	4	0	10
48	11	43	4	0	10
48	11	54	4	0	10
48	11	65	4	0	10
48	11	76	4	0	10
48	11	87	4	0	10
48	11	98	4	0	10
48	11	109	4	0	10
48	11	120	4	0	10
48	16	10	4	5	10
48	16	21	4	5	10
48	16	32	4	5	10
48	16	43	4	5	10
48	16	54	4	5	10
48	16	65	4	5	10
48	16	76	4	5	10
48	16	87	4	5	10
48	16	98	4	5	10
48	16	109	4	5	10
48	16	120	4	5	10
48	20	109	4	9	10
48	22	10	4	0	10
48	22	21	4	0	10
48	22	32	4	0	10
48	22	43	4	0	10
48	22	54	4	0	10
48	22	65	4	0	10
48	22	76	4	0	10
48	22	87	4	0	10
48	22	98	4	0	10
48	22	109	4	0	10
48	22	120	4	0	10
48	27	10	4	5	10
48	27	21	4	5	10
48	27	32	4	5	10
48	27	43	4	5	10
48	27	54	4	5	10
48	27	65	4	5	10
48	27	76	4	5	10
48	27	87	4	5	10
48	27	98	4	5	10
48	27	109	4	5	10
48	27	120	4	5	10
48	31	54	4	9	10
48	33	10	4	0	10
48	33	21	4	0	10
48	33	32	4	0	10
48	33	43	4	0	10
48	33	54	4	0	10
48	33	65	4	0	10
48	33	76	4	0	10
48	33	87	4	0	10
48	33	98	4	0	10
48	33	109	4	0	10
48	33	120	4	0	10
48	38	10	4	5	10
48	38	21	4	5	10
48	38	32	4	5	10
48	38	43	4	5	10
48	38	54	4	5	10
48	38	65	4	5	10
48	38	76	4	5	10
48	38	87	4	5	10
48	38	98	4	5	10
48	38	109	4	5	10
48	38	120	4	5	10
48	42	120	4	9	10
48	44	10	4	0	10
48	44	21	4	0	10
48	44	32	4	0	10
48	44	43	4	0	10
48	44	54	4	0	10
48	44	65	4	0	10
48	44	76	4	0	10
48	44	87	4	0	10
48	44	98	4	0	10
48	44	109	4	0	10
48	44	120	4	0	10
48	49	10	4	5	10
48	49	21	4	5	10
48	49	32	4	5	10
48	49	43	4	5	10
48	49	54	4	5	10
48	49	65	4	5	10
48	49	76	4	5	10
48	49	87	4	5	10
48	49	98	4	5	10
48	49	109	4	5	10
48	49	120	4	5	10
48	53	65	4	9	10
48	55	10	4	0	10
48	55	21	4	0	10
48	55	32	4	0	10
48	55	43	4	0	10
48	55	54	4	0	10
48	55	65	4	0	10
48	55	76	4	0	10
48	55	87	4	0	10
48	55	98	4	0	10
48	55	109	4	0	10
48	55	120	4	0	10
48	60	10	4	5	10
48	60	21	4	5	10
48	60	32	4	5	10
48	60	43	4	5	10
48	60	54	4	5	10
48	60	65	4	5	10
48	60	76	4	5	10
48	60	87	4	5	10
48	60	98	4	5	10
48	60	109	4	5	10
48	60	120	4	5	10
48	64	10	4	9	10
48	66	10	4	0	10
48	66	21	4	0	10
48	66	32	4	0	10
48	66	43	4	0	10
48	66	54	4	0	10
48	66	65	4	0	10
48	66	76	4	0	10
48	66	87	4	0	10
48	66	98	4	0	10
48	66	109	4	0	10
48	66	120	4	0	10
48	71	10	4	5	10
48	71	21	4	5	10
48	71	32	4	5	10
48	71	43	4	5	10
48	71	54	4	5	10
48	71	65	4	5	10
48	71	76	4	5	10
48	71	87	4	5	10
48	71	98	4	5	10
48	71	109	4	5	10
48	71	120	4	5	10
48	75	76	4	9	10
48	77	10	4	0	10
48	77	21	4	0	10
48	77	32	4	0	10
48	77	43	4	0	10
48	77	54	4	0	10
48	77	65	4	0	10
48	77	76	4	0	10
48	77	87	4	0	10
48	77	98	4	0	10
48	77	109	4	0	10
48	77	120	4	0	10
48	82	10	4	5	10
48	82	21	4	5	10
48	82	32	4	5	10
48	82	43	4	5	10
48	82	54	4	5	10
48	82	65	4	5	10
48	82	76	4	5	10
48	82	87	4	5	10
48	82	98	4	5	10
48	82	109	4	5	10
48	82	120	4	5	10
48	86	21	4	9	10
48	88	10	4	0	10
48	88	21	4	0	10
48	88	32	4	0	10
48	88	43	4	0	10
48	88	54	4	0	10
48	88	65	4	0	10
48	88	76	4	0	10
48	88	87	4	0	10
48	88	98	4	0	10
48	88	109	4	0	10
48	88	120	4	0	10
48	93	10	4	5	10
48	93	21	4	5	10
48	93	32	4	5	10
48	93	43	4	5	10
48	93	54	4	5	10
48	93	65	4	5	10
48	93	76	4	5	10
48	93	87	4	5	10
48	93	98	4	5	10
48	93	109	4	5	10
48	93	120	4	5	10
48	97	87	4	9	10
48	98	87	4	10	10
48	99	10	4	0	10
48	99	21	4	0	10
48	99	32	4	0	10
48	99	43	4	0	10
48	99	54	4	0	10
48	99	65	4	0	10
48	99	76	4	0	10
48	99	87	4	0	10
48	99	98	4	0	10
48	99	109	4	0	10
48	99	120	4	0	10
48	104	10	4	5	10
48	104	21	4	5	10
48	104	32	4	5	10
48	104	43	4	5	10
48	104	54	4	5	10
48	104	65	4	5	10
48	104	76	4	5	10
48	104	87	4	5	10
48	104	98	4	5	10
48	104	109	4	5	10
48	104	120	4	5	10
48	108	32	4	9	10
48	110	10	4	0	10
48	110	21	4	0	10
48	110	32	4	0	10
48	110	43	4	0	10
48	110	54	4	0	10
48	110	65	4	0	10
48	110	76	4	0	10
48	110	87	4	0	10
48	110	98	4	0	10
48	110	109	4	0	10
48	110	120	4	0	10
48	115	10	4	5	10
48	115	21	4	5	10
48	115	32	4	5	10
48	115	43	4	5	10
48	115	54	4	5	10
48	115	65	4	5	10
48	115	76	4	5	10
48	115	87	4	5	10
48	115	98	4	5	10
48	115	109	4	5	10
48	115	120	4	5	10
48	119	98	4	9	10
49	0	4	5	0	4
49	0	15	5	0	4
49	0	26	5	0	4
49	0	37	5	0	4
49	0	48	5	0	4
49	0	59	5	0	4
49	0	70	5	0	4
49	0	81	5	0	4
49	0	92	5	0	4
49	0	103	5	0	4
49	0	114	5	0	4
49	2	26	5	2	4
49	9	3	5	9	3
49	9	14	5	9	3
49	9	25	5	9	3
49	9	36	5	9	3
49	9	47	5	9	3
49	9	58	5	9	3
49	9	69	5	9	3
49	9	80	5	9	3
49	9	91	5	9	3
49	9	102	5	9	3
49	9	113	5	9	3
49	11	4	5	0	4
49	11	15	5	0	4
49	11	26	5	0	4
49	11	37	5	0	4
49	11	48	5	0	4
49	11	59	5	0	4
49	11	70	5	0	4
49	11	81	5	0	4
49	11	92	5	0	4
49	11	103	5	0	4
49	11	114	5	0	4
49	13	48	5	2	4
49	20	3	5	9	3
49	20	14	5	9	3
49	20	25	5	9	3
49	20	36	5	9	3
49	20	47	5	9	3
49	20	58	5	9	3
49	20	69	5	9	3
49	20	80	5	9	3
49	20	91	5	9	3
49	20	102	5	9	3
49	20	113	5	9	3
49	22	4	5	0	4
49	22	15	5	0	4
49	22	26	5	0	4
49	22	37	5	0	4
49	22	48	5	0	4
49	22	59	5	0	4
49	22	70	5	0	4
49	22	81	5	0	4
49	22	92	5	0	4
49	22	103	5	0	4
49	22	114	5	0	4
49	24	70	5	2	4
49	31	3	5	9	3
49	31	14	5	9	3
49	31	25	5	9	3
49	31	36	5	9	3
49	31	47	5	9	3
49	31	58	5	9	3
49	31	69	5	9	3
49	31	80	5	9	3
49	31	91	5	9	3
49	31	102	5	9	3
49	31	113	5	9	3
49	33	4	5	0	4
49	33	15	5	0	4
49	33	26	5	0	4
49	33	37	5	0	4
49	33	48	5	0	4
49	33	59	5	0	4
49	33	70	5	0	4
49	33	81	5	0	4
49	33	92	5	0	4
49	33	103	5	0	4
49	33	114	5	0	4
49	35	92	5	2	4
49	42	3	5	9	3
49	42	14	5	9	3
49	42	25	5	9	3
49	42	36	5	9	3
49	42	47	5	9	3
49	42	58	5	9	3
49	42	69	5	9	3
49	42	80	5	9	3
49	42	91	5	9	3
49	42	102	5	9	3
49	42	113	5	9	3
49	44	4	5	0	4
49	44	15	5	0	4
49	44	26	5	0	4
49	44	37	5	0	4
49	44	48	5	0	4
49	44	59	5	0	4
49	44	70	5	0	4
49	44	81	5	0	4
49	44	92	5	0	4
49	44	103	5	0	4
49	44	114	5	0	4
49	46	114	5	2	4
49	53	3	5	9	3
49	53	14	5	9	3
49	53	25	5	9	3
49	53	36	5	9	3
49	53	47	5	9	3
49	53	58	5	9	3
49	53	69	5	9	3
49	53	80	5	9	3
49	53	91	5	9	3
49	53	102	5	9	3
49	53	113	5	9	3
49	55	4	5	0	4
49	55	15	5	0	4
49	55	26	5	0	4
49	55	37	5	0	4
49	55	48	5	0	4
49	55	59	5	0	4
49	55	70	5	0	4
49	55	81	5	0	4
49	55	92	5	0	4
49	55	103	5	0	4
49	55	114	5	0	4
49	57	15	5	2	4
49	64	3	5	9	3
49	64	14	5	9	3
49	64	25	5	9	3
49	64	36	5	9	3
49	64	47	5	9	3
49	64	58	5	9	3
49	64	69	5	9	3
49	64	80	5	9	3
49	64	91	5	9	3
49	64	102	5	9	3
49	64	113	5	9	3
49	66	4	5	0	4
49	66	15	5	0	4
49	66	26	5	0	4
49	66	37	5	0	4
49	66	48	5	0	4
49	66	59	5	0	4
49	66	70	5	0	4
49	66	81	5	0	4
49	66	92	5	0	4
49	66	103	5	0	4
49	66	114	5	0	4
49	68	37	5	2	4
49	75	3	5	9	3
49	75	14	5	9	3
49	75	25	5	9	3
49	75	36	5	9	3
49	75	47	5	9	3
49	75	58	5	9	3
49	75	69	5	9	3
49	75	80	5	9	3
49	75	91	5	9	3
49	75	102	5	9	3
49	75	113	5	9	3
49	77	4	5	0	4
49	77	15	5	0	4
49	77	26	5	0	4
49	77	37	5	0	4
49	77	48	5	0	4
49	77	59	5	0	4
49	77	70	5	0	4
49	77	81	5	0	4
49	77	92	5	0	4
49	77	103	5	0	4
49	77	114	5	0	4
49	79	59	5	2	4
49	86	3	5	9	3
49	86	14	5	9	3
49	86	25	5	9	3
49	86	36	5	9	3
49	86	47	5	9	3
49	86	58	5	9	3
49	86	69	5	9	3
49	86	80	5	9	3
49	86	91	5	9	3
49	86	102	5	9	3
49	86	113	5	9	3
49	88	4	5	0	4
49	88	15	5	0	4
49	88	26	5	0	4
49	88	37	5	0	4
49	88	48	5	0	4
49	88	59	5	0	4
49	88	70	5	0	4
49	88	81	5	0	4
49	88	92	5	0	4
49	88	103	5	0	4
49	88	114	5	0	4
49	90	81	5	2	4
49	97	3	5	9	3
49	97	14	5	9	3
49	97	25	5	9	3
49	97	36	5	9	3
49	97	47	5	9	3
49	97	58	5	9	3
49	97	69	5	9	3
49	97	80	5	9	3
49	97	91	5	9	3
49	97	102	5	9	3
49	97	113	5	9	3
49	99	4	5	0	4
49	99	15	5	0	4
49	99	26	5	0	4
49	99	37	5	0	4
49	99	48	5	0	4
49	99	59	5	0	4
49	99	70	5	0	4
49	99	81	5	0	4
49	99	92	5	0	4
49	99	103	5	0	4
49	99	114	5	0	4
49	101	103	5	2	4
49	108	3	5	9	3
49	108	14	5	9	3
49	108	25	5	9	3
49	108	36	5	9	3
49	108	47	5	9	3
49	108	58	5	9	3
49	108	69	5	9	3
49	108	80	5	9	3
49	108	91	5	9	3
49	108	102	5	9	3
49	108	113	5	9	3
49	110	4	5	0	4
49	110	15	5	0	4
49	110	26	5	0	4
49	110	37	5	0	4
49	110	48	5	0	4
49	110	59	5	0	4
49	110	70	5	0	4
49	110	81	5	0	4
49	110	92	5	0	4
49	110	103	5	0	4
49	110	114	5	0	4
49	112	4	5	2	4
49	119	3	5	9	3
49	119	14	5	9	3
49	119	25	5	9	3
49	119	36	5	9	3
49	119	47	5	9	3
49	119	58	5	9	3
49	119	69	5	9	3
49	119	80	5	9	3
49	119	91	5	9	3
49	119	102	5	9	3
49	119	113	5	9	3
50	0	33	6	0	0
50	3	1	6	3	1
50	3	12	6	3	1
50	3	23	6	3	1
50	3	34	6	3	1
50	3	45	6	3	1
50	3	56	6	3	1
50	3	67	6	3	1
50	3	78	6	3	1
50	3	89	6	3	1
50	3	100	6	3	1
50	3	111	6	3	1
50	11	33	6	0	0
50	14	1	6	3	1
50	14	12	6	3	1
50	14	23	6	3	1
50	14	34	6	3	1
50	14	45	6	3	1
50	14	56	6	3	1
50	14	67	6	3	1
50	14	78	6	3	1
50	14	89	6	3	1
50	14	100	6	3	1
50	14	111	6	3	1
50	22	33	6	0	0
50	25	1	6	3	1
50	25	12	6	3	1
50	25	23	6	3	1
50	25	34	6	3	1
50	25	45	6	3	1
50	25	56	6	3	1
50	25	67	6	3	1
50	25	78	6	3	1
50	25	89	6	3	1
50	25	100	6	3	1
50	25	111	6	3	1
50	33	33	6	0	0
50	36	1	6	3	1
50	36	12	6	3	1
50	36	23	6	3	1
50	36	34	6	3	1
50	36	45	6	3	1
50	36	56	6	3	1
50	36	67	6	3	1
50	36	78	6	3	1
50	36	89	6	3	1
50	36	100	6	3	1
50	36	111	6	3	1
50	44	33	6	0	0
50	47	1	6	3	1
50	47	12	6	3	1
50	47	23	6	3	1
50	47	34	6	3	1
50	47	45	6	3	1
50	47	56	6	3	1
50	47	67	6	3	1
50	47	78	6	3	1
50	47	89	6	3	1
50	47	100	6	3	1
50	47	111	6	3	1
50	55	33	6	0	0
50	58	1	6	3	1
50	58	12	6	3	1
50	58	23	6	3	1
50	58	34	6	3	1
50	58	45	6	3	1
50	58	56	6	3	1
50	58	67	6	3	1
50	58	78	6	3	1
50	58	89	6	3	1
50	58	100	6	3	1
50	58	111	6	3	1
50	66	33	6	0	0
50	69	1	6	3	1
50	69	12	6	3	1
50	69	23	6	3	1
50	69	34	6	3	1
50	69	45	6	3	1
50	69	56	6	3	1
50	69	67	6	3	1
50	69	78	6	3	1
50	69	89	6	3	1
50	69	100	6	3	1
50	69	111	6	3	1
50	77	33	6	0	0
50	80	1	6	3	1
50	80	12	6	3	1
50	80	23	6	3	1
50	80	34	6	3	1
50	80	45	6	3	1
50	80	56	6	3	1
50	80	67	6	3	1
50	80	78	6	3	1
50	80	89	6	3	1
50	80	100	6	3	1
50	80	111	6	3	1
50	88	33	6	0	0
50	91	1	6	3	1
50	91	12	6	3	1
50	91	23	6	3	1
50	91	34	6	3	1
50	91	45	6	3	1
50	91	56	6	3	1
50	91	67	6	3	1
50	91	78	6	3	1
50	91	89	6	3	1
50	91	100	6	3	1
50	91	111	6	3	1
50	99	33	6	0	0
50	102	1	6	3	1
50	102	12	6	3	1
50	102	23	6	3	1
50	102	34	6	3	1
50	102	45	6	3	1
50	102	56	6	3	1
50	102	67	6	3	1
50	102	78	6	3	1
50	102	89	6	3	1
50	102	100	6	3	1
50	102	111	6	3	1
50	110	33	6	0	0
50	113	1	6	3	1
50	113	12	6	3	1
50	113	23	6	3	1
50	113	34	6	3	1
50	113	45	6	3	1
50	113	56	6	3	1
50	113	67	6	3	1
50	113	78	6	3	1
50	113	89	6	3	1
50	113	100	6	3	1
50	113	111	6	3	1
53	0	1	9	0	1
53	0	12	9	0	1
53	0	23	9	0	1
53	0	34	9	0	1
53	0	45	9	0	1
53	0	56	9	0	1
53	0	67	9	0	1
53	0	78	9	0	1
53	0	89	9	0	1
53	0	100	9	0	1
53	0	111	9	0	1
53	11	1	9	0	1
53	11	12	9	0	1
53	11	23	9	0	1
53	11	34	9	0	1
53	11	45	9	0	1
53	11	56	9	0	1
53	11	67	9	0	1
53	11	78	9	0	1
53	11	89	9	0	1
53	11	100	9	0	1
53	11	111	9	0	1
53	22	1	9	0	1
53	22	12	9	0	1
53	22	23	9	0	1
53	22	34	9	0	1
53	22	45	9	0	1
53	22	56	9	0	1
53	22	67	9	0	1
53	22	78	9	0	1
53	22	89	9	0	1
53	22	100	9	0	1
53	22	111	9	0	1
53	33	1	9	0	1
53	33	12	9	0	1
53	33	23	9	0	1
53	33	34	9	0	1
53	33	45	9	0	1
53	33	56	9	0	1
53	33	67	9	0	1
53	33	78	9	0	1
53	33	89	9	0	1
53	33	100	9	0	1
53	33	111	9	0	1
53	40	54	9	7	10
53	44	1	9	0	1
53	44	12	9	0	1
53	44	23	9	0	1
53	44	34	9	0	1
53	44	45	9	0	1
53	44	56	9	0	1
53	44	67	9	0	1
53	44	78	9	0	1
53	44	89	9	0	1
53	44	100	9	0	1
53	44	111	9	0	1
53	55	1	9	0	1
53	55	12	9	0	1
53	55	23	9	0	1
53	55	34	9	0	1
53	55	45	9	0	1
53	55	56	9	0	1
53	55	67	9	0	1
53	55	78	9	0	1
53	55	89	9	0	1
53	55	100	9	0	1
53	55	111	9	0	1
53	66	1	9	0	1
53	66	12	9	0	1
53	66	23	9	0	1
53	66	34	9	0	1
53	66	45	9	0	1
53	66	56	9	0	1
53	66	67	9	0	1
53	66	78	9	0	1
53	66	89	9	0	1
53	66	100	9	0	1
53	66	111	9	0	1
53	77	1	9	0	1
53	77	12	9	0	1
53	77	23	9	0	1
53	77	34	9	0	1
53	77	45	9	0	1
53	77	56	9	0	1
53	77	67	9	0	1
53	77	78	9	0	1
53	77	89	9	0	1
53	77	100	9	0	1
53	77	111	9	0	1
53	88	1	9	0	1
53	88	12	9	0	1
53	88	23	9	0	1
53	88	34	9	0	1
53	88	45	9	0	1
53	88	56	9	0	1
53	88	67	9	0	1
53	88	78	9	0	1
53	88	89	9	0	1
53	88	100	9	0	1
53	88	111	9	0	1
53	99	1	9	0	1
53	99	12	9	0	1
53	99	23	9	0	1
53	99	34	9	0	1
53	99	45	9	0	1
53	99	56	9	0	1
53	99	67	9	0	1
53	99	78	9	0	1
53	99	89	9	0	1
53	99	100	9	0	1
53	99	111	9	0	1
53	110	1	9	0	1
53	110	12	9	0	1
53	110	23	9	0	1
53	110	34	9	0	1
53	110	45	9	0	1
53	110	56	9	0	1
53	110	67	9	0	1
53	110	78	9	0	1
53	110	89	9	0	1
53	110	100	9	0	1
53	110	111	9	0	1
54	0	50	10	0	6
54	5	6	10	5	6
54	5	17	10	5	6
54	5	28	10	5	6
54	5	39	10	5	6
54	5	50	10	5	6
54	5	61	10	5	6
54	5	72	10	5	6
54	5	83	10	5	6
54	5	94	10	5	6
54	5	105	10	5	6
54	5	116	10	5	6
54	11	50	10	0	6
54	16	6	10	5	6
54	16	17	10	5	6
54	16	28	10	5	6
54	16	39	10	5	6
54	16	50	10	5	6
54	16	61	10	5	6
54	16	72	10	5	6
54	16	83	10	5	6
54	16	94	10	5	6
54	16	105	10	5	6
54	16	116	10	5	6
54	22	50	10	0	6
54	27	6	10	5	6
54	27	17	10	5	6
54	27	28	10	5	6
54	27	39	10	5	6
54	27	50	10	5	6
54	27	61	10	5	6
54	27	72	10	5	6
54	27	83	10	5	6
54	27	94	10	5	6
54	27	105	10	5	6
54	27	116	10	5	6
54	33	50	10	0	6
54	38	6	10	5	6
54	38	17	10	5	6
54	38	28	10	5	6
54	38	39	10	5	6
54	38	50	10	5	6
54	38	61	10	5	6
54	38	72	10	5	6
54	38	83	10	5	6
54	38	94	10	5	6
54	38	105	10	5	6
54	38	116	10	5	6
54	44	50	10	0	6
54	49	6	10	5	6
54	49	17	10	5	6
54	49	28	10	5	6
54	49	39	10	5	6
54	49	50	10	5	6
54	49	61	10	5	6
54	49	72	10	5	6
54	49	83	10	5	6
54	49	94	10	5	6
54	49	105	10	5	6
54	49	116	10	5	6
54	55	50	10	0	6
54	60	6	10	5	6
54	60	17	10	5	6
54	60	28	10	5	6
54	60	39	10	5	6
54	60	50	10	5	6
54	60	61	10	5	6
54	60	72	10	5	6
54	60	83	10	5	6
54	60	94	10	5	6
54	60	105	10	5	6
54	60	116	10	5	6
54	66	50	10	0	6
54	71	6	10	5	6
54	71	17	10	5	6
54	71	28	10	5	6
54	71	39	10	5	6
54	71	50	10	5	6
54	71	61	10	5	6
54	71	72	10	5	6
54	71	83	10	5	6
54	71	94	10	5	6
54	71	105	10	5	6
54	71	116	10	5	6
54	77	50	10	0	6
54	82	6	10	5	6
54	82	17	10	5	6
54	82	28	10	5	6
54	82	39	10	5	6
54	82	50	10	5	6
54	82	61	10	5	6
54	82	72	10	5	6
54	82	83	10	5	6
54	82	94	10	5	6
54	82	105	10	5	6
54	82	116	10	5	6
54	88	50	10	0	6
54	93	6	10	5	6
54	93	17	10	5	6
54	93	28	10	5	6
54	93	39	10	5	6
54	93	50	10	5	6
54	93	61	10	5	6
54	93	72	10	5	6
54	93	83	10	5	6
54	93	94	10	5	6
54	93	105	10	5	6
54	93	116	10	5	6
54	99	50	10	0	6
54	104	6	10	5	6
54	104	17	10	5	6
54	104	28	10	5	6
54	104	39	10	5	6
54	104	50	10	5	6
54	104	61	10	5	6
54	104	72	10	5	6
54	104	83	10	5	6
54	104	94	10	5	6
54	104	105	10	5	6
54	104	116	10	5	6
54	110	50	10	0	6
54	115	6	10	5	6
54	115	17	10	5	6
54	115	28	10	5	6
54	115	39	10	5	6
54	115	50	10	5	6
54	115	61	10	5	6
54	115	72	10	5	6
54	115	83	10	5	6
54	115	94	10	5	6
54	115	105	10	5	6
54	115	116	10	5	6
55	0	0	0	0	0
55	11	0	0	0	0
55	22	0	0	0	0
55	33	0	0	0	0
55	44	0	0	0	0
55	55	0	0	0	0
55	66	0	0	0	0
55	77	0	0	0	0
55	88	0	0	0	0
55	99	0	0	0	0
55	110	0	0	0	0
56	0	1	1	0	1
56	0	12	1	0	1
56	0	17	1	0	6
56	0	23	1	0	1
56	0	34	1	0	1
56	0	45	1	0	1
56	0	56	1	0	1
56	0	67	1	0	1
56	0	78	1	0	1
56	0	89	1	0	1
56	0	100	1	0	1
56	0	111	1	0	1
56	7	104	1	7	5
56	11	1	1	0	1
56	11	12	1	0	1
56	11	17	1	0	6
56	11	23	1	0	1
56	11	34	1	0	1
56	11	45	1	0	1
56	11	56	1	0	1
56	11	67	1	0	1
56	11	78	1	0	1
56	11	89	1	0	1
56	11	100	1	0	1
56	11	111	1	0	1
56	18	60	1	7	5
56	22	1	1	0	1
56	22	12	1	0	1
56	22	17	1	0	6
56	22	23	1	0	1
56	22	34	1	0	1
56	22	45	1	0	1
56	22	56	1	0	1
56	22	67	1	0	1
56	22	78	1	0	1
56	22	89	1	0	1
56	22	100	1	0	1
56	22	111	1	0	1
56	29	16	1	7	5
56	33	1	1	0	1
56	33	12	1	0	1
56	33	17	1	0	6
56	33	23	1	0	1
56	33	34	1	0	1
56	33	45	1	0	1
56	33	56	1	0	1
56	33	67	1	0	1
56	33	78	1	0	1
56	33	89	1	0	1
56	33	100	1	0	1
56	33	111	1	0	1
56	40	93	1	7	5
56	44	1	1	0	1
56	44	12	1	0	1
56	44	17	1	0	6
56	44	23	1	0	1
56	44	34	1	0	1
56	44	45	1	0	1
56	44	56	1	0	1
56	44	67	1	0	1
56	44	78	1	0	1
56	44	89	1	0	1
56	44	100	1	0	1
56	44	111	1	0	1
56	51	49	1	7	5
56	55	1	1	0	1
56	55	12	1	0	1
56	55	17	1	0	6
56	55	23	1	0	1
56	55	34	1	0	1
56	55	45	1	0	1
56	55	56	1	0	1
56	55	67	1	0	1
56	55	78	1	0	1
56	55	89	1	0	1
56	55	100	1	0	1
56	55	111	1	0	1
56	62	5	1	7	5
56	66	1	1	0	1
56	66	12	1	0	1
56	66	17	1	0	6
56	66	23	1	0	1
56	66	34	1	0	1
56	66	45	1	0	1
56	66	56	1	0	1
56	66	67	1	0	1
56	66	78	1	0	1
56	66	89	1	0	1
56	66	100	1	0	1
56	66	111	1	0	1
56	73	82	1	7	5
56	77	1	1	0	1
56	77	12	1	0	1
56	77	17	1	0	6
56	77	23	1	0	1
56	77	34	1	0	1
56	77	45	1	0	1
56	77	56	1	0	1
56	77	67	1	0	1
56	77	78	1	0	1
56	77	89	1	0	1
56	77	100	1	0	1
56	77	111	1	0	1
56	84	38	1	7	5
56	88	1	1	0	1
56	88	12	1	0	1
56	88	17	1	0	6
56	88	23	1	0	1
56	88	34	1	0	1
56	88	45	1	0	1
56	88	56	1	0	1
56	88	67	1	0	1
56	88	78	1	0	1
56	88	89	1	0	1
56	88	100	1	0	1
56	88	111	1	0	1
56	95	115	1	7	5
56	99	1	1	0	1
56	99	12	1	0	1
56	99	17	1	0	6
56	99	23	1	0	1
56	99	34	1	0	1
56	99	45	1	0	1
56	99	56	1	0	1
56	99	67	1	0	1
56	99	78	1	0	1
56	99	89	1	0	1
56	99	100	1	0	1
56	99	111	1	0	1
56	106	71	1	7	5
56	110	1	1	0	1
56	110	12	1	0	1
56	110	17	1	0	6
56	110	23	1	0	1
56	110	34	1	0	1
56	110	45	1	0	1
56	110	56	1	0	1
56	110	67	1	0	1
56	110	78	1	0	1
56	110	89	1	0	1
56	110	100	1	0	1
56	110	111	1	0	1
56	117	27	1	7	5
57	42	103	2	9	4
58	0	6	3	0	6
58	0	17	3	0	6
58	0	28	3	0	6
58	0	39	3	0	6
58	0	50	3	0	6
58	0	61	3	0	6
58	0	72	3	0	6
58	0	83	3	0	6
58	0	94	3	0	6
58	0	105	3	0	6
58	0	116	3	0	6
58	11	6	3	0	6
58	11	17	3	0	6
58	11	28	3	0	6
58	11	39	3	0	6
58	11	50	3	0	6
58	11	61	3	0	6
58	11	72	3	0	6
58	11	83	3	0	6
58	11	94	3	0	6
58	11	105	3	0	6
58	11	116	3	0	6
58	22	6	3	0	6
58	22	17	3	0	6
58	22	28	3	0	6
58	22	39	3	0	6
58	22	50	3	0	6
58	22	61	3	0	6
58	22	72	3	0	6
58	22	83	3	0	6
58	22	94	3	0	6
58	22	105	3	0	6
58	22	116	3	0	6
58	33	6	3	0	6
58	33	17	3	0	6
58	33	28	3	0	6
58	33	39	3	0	6
58	33	50	3	0	6
58	33	61	3	0	6
58	33	72	3	0	6
58	33	83	3	0	6
58	33	94	3	0	6
58	33	105	3	0	6
58	33	116	3	0	6
58	44	6	3	0	6
58	44	17	3	0	6
58	44	28	3	0	6
58	44	39	3	0	6
58	44	50	3	0	6
58	44	61	3	0	6
58	44	72	3	0	6
58	44	83	3	0	6
58	44	94	3	0	6
58	44	105	3	0	6
58	44	116	3	0	6
58	55	6	3	0	6
58	55	17	3	0	6
58	55	28	3	0	6
58	55	39	3	0	6
58	55	50	3	0	6
58	55	61	3	0	6
58	55	72	3	0	6
58	55	83	3	0	6
58	55	94	3	0	6
58	55	105	3	0	6
58	55	116	3	0	6
58	66	6	3	0	6
58	66	17	3	0	6
58	66	28	3	0	6
58	66	39	3	0	6
58	66	50	3	0	6
58	66	61	3	0	6
58	66	72	3	0	6
58	66	83	3	0	6
58	66	94	3	0	6
58	66	105	3	0	6
58	66	116	3	0	6
58	77	6	3	0	6
58	77	17	3	0	6
58	77	28	3	0	6
58	77	39	3	0	6
58	77	50	3	0	6
58	77	61	3	0	6
58	77	72	3	0	6
58	77	83	3	0	6
58	77	94	3	0	6
58	77	105	3	0	6
58	77	116	3	0	6
58	88	6	3	0	6
58	88	17	3	0	6
58	88	28	3	0	6
58	88	39	3	0	6
58	88	50	3	0	6
58	88	61	3	0	6
58	88	72	3	0	6
58	88	83	3	0	6
58	88	94	3	0	6
58	88	105	3	0	6
58	88	116	3	0	6
58	99	6	3	0	6
58	99	17	3	0	6
58	99	28	3	0	6
58	99	39	3	0	6
58	99	50	3	0	6
58	99	61	3	0	6
58	99	72	3	0	6
58	99	83	3	0	6
58	99	94	3	0	6
58	99	105	3	0	6
58	99	116	3	0	6
58	103	119	3	4	9
58	110	6	3	0	6
58	110	17	3	0	6
58	110	28	3	0	6
58	110	39	3	0	6
58	110	50	3	0	6
58	110	61	3	0	6
58	110	72	3	0	6
58	110	83	3	0	6
58	110	94	3	0	6
58	110	105	3	0	6
58	110	116	3	0	6
59	0	10	4	0	10
59	0	21	4	0	10
59	0	32	4	0	10
59	0	43	4	0	10
59	0	54	4	0	10
59	0	65	4	0	10
59	0	76	4	0	10
59	0	87	4	0	10
59	0	98	4	0	10
59	0	109	4	0	10
59	0	120	4	0	10
59	5	10	4	5	10
59	5	21	4	5	10
59	5	32	4	5	10
59	5	43	4	5	10
59	5	54	4	5	10
59	5	65	4	5	10
59	5	76	4	5	10
59	5	87	4	5	10
59	5	98	4	5	10
59	5	109	4	5	10
59	5	120	4	5	10
59	9	10	4	9	10
59	11	10	4	0	10
59	11	21	4	0	10
59	11	32	4	0	10
59	11	43	4	0	10
59	11	54	4	0	10
59	11	65	4	0	10
59	11	76	4	0	10
59	11	87	4	0	10
59	11	98	4	0	10
59	11	109	4	0	10
59	11	120	4	0	10
59	16	10	4	5	10
59	16	21	4	5	10
59	16	32	4	5	10
59	16	43	4	5	10
59	16	54	4	5	10
59	16	65	4	5	10
59	16	76	4	5	10
59	16	87	4	5	10
59	16	98	4	5	10
59	16	109	4	5	10
59	16	120	4	5	10
59	20	76	4	9	10
59	22	10	4	0	10
59	22	21	4	0	10
59	22	32	4	0	10
59	22	43	4	0	10
59	22	54	4	0	10
59	22	65	4	0	10
59	22	76	4	0	10
59	22	87	4	0	10
59	22	98	4	0	10
59	22	109	4	0	10
59	22	120	4	0	10
59	27	10	4	5	10
59	27	21	4	5	10
59	27	32	4	5	10
59	27	43	4	5	10
59	27	54	4	5	10
59	27	65	4	5	10
59	27	76	4	5	10
59	27	87	4	5	10
59	27	98	4	5	10
59	27	109	4	5	10
59	27	120	4	5	10
59	31	21	4	9	10
59	33	10	4	0	10
59	33	21	4	0	10
59	33	32	4	0	10
59	33	43	4	0	10
59	33	54	4	0	10
59	33	65	4	0	10
59	33	76	4	0	10
59	33	87	4	0	10
59	33	98	4	0	10
59	33	109	4	0	10
59	33	120	4	0	10
59	38	10	4	5	10
59	38	21	4	5	10
59	38	32	4	5	10
59	38	43	4	5	10
59	38	54	4	5	10
59	38	65	4	5	10
59	38	76	4	5	10
59	38	87	4	5	10
59	38	98	4	5	10
59	38	109	4	5	10
59	38	120	4	5	10
59	42	87	4	9	10
59	43	76	4	10	10
59	44	10	4	0	10
59	44	21	4	0	10
59	44	32	4	0	10
59	44	43	4	0	10
59	44	54	4	0	10
59	44	65	4	0	10
59	44	76	4	0	10
59	44	87	4	0	10
59	44	98	4	0	10
59	44	109	4	0	10
59	44	120	4	0	10
59	49	10	4	5	10
59	49	21	4	5	10
59	49	32	4	5	10
59	49	43	4	5	10
59	49	54	4	5	10
59	49	65	4	5	10
59	49	76	4	5	10
59	49	87	4	5	10
59	49	98	4	5	10
59	49	109	4	5	10
59	49	120	4	5	10
59	53	32	4	9	10
59	55	10	4	0	10
59	55	21	4	0	10
59	55	32	4	0	10
59	55	43	4	0	10
59	55	54	4	0	10
59	55	65	4	0	10
59	55	76	4	0	10
59	55	87	4	0	10
59	55	98	4	0	10
59	55	109	4	0	10
59	55	120	4	0	10
59	60	10	4	5	10
59	60	21	4	5	10
59	60	32	4	5	10
59	60	43	4	5	10
59	60	54	4	5	10
59	60	65	4	5	10
59	60	76	4	5	10
59	60	87	4	5	10
59	60	98	4	5	10
59	60	109	4	5	10
59	60	120	4	5	10
59	64	98	4	9	10
59	66	10	4	0	10
59	66	21	4	0	10
59	66	32	4	0	10
59	66	43	4	0	10
59	66	54	4	0	10
59	66	65	4	0	10
59	66	76	4	0	10
59	66	87	4	0	10
59	66	98	4	0	10
59	66	109	4	0	10
59	66	120	4	0	10
59	71	10	4	5	10
59	71	21	4	5	10
59	71	32	4	5	10
59	71	43	4	5	10
59	71	54	4	5	10
59	71	65	4	5	10
59	71	76	4	5	10
59	71	87	4	5	10
59	71	98	4	5	10
59	71	109	4	5	10
59	71	120	4	5	10
59	75	43	4	9	10
59	77	10	4	0	10
59	77	21	4	0	10
59	77	32	4	0	10
59	77	43	4	0	10
59	77	54	4	0	10
59	77	65	4	0	10
59	77	76	4	0	10
59	77	87	4	0	10
59	77	98	4	0	10
59	77	109	4	0	10
59	77	120	4	0	10
59	82	10	4	5	10
59	82	21	4	5	10
59	82	32	4	5	10
59	82	43	4	5	10
59	82	54	4	5	10
59	82	65	4	5	10
59	82	76	4	5	10
59	82	87	4	5	10
59	82	98	4	5	10
59	82	109	4	5	10
59	82	120	4	5	10
59	86	109	4	9	10
59	88	10	4	0	10
59	88	21	4	0	10
59	88	32	4	0	10
59	88	43	4	0	10
59	88	54	4	0	10
59	88	65	4	0	10
59	88	76	4	0	10
59	88	87	4	0	10
59	88	98	4	0	10
59	88	109	4	0	10
59	88	120	4	0	10
59	93	10	4	5	10
59	93	21	4	5	10
59	93	32	4	5	10
59	93	43	4	5	10
59	93	54	4	5	10
59	93	65	4	5	10
59	93	76	4	5	10
59	93	87	4	5	10
59	93	98	4	5	10
59	93	109	4	5	10
59	93	120	4	5	10
59	97	54	4	9	10
59	99	10	4	0	10
59	99	21	4	0	10
59	99	32	4	0	10
59	99	43	4	0	10
59	99	54	4	0	10
59	99	65	4	0	10
59	99	76	4	0	10
59	99	87	4	0	10
59	99	98	4	0	10
59	99	109	4	0	10
59	99	120	4	0	10
59	104	10	4	5	10
59	104	21	4	5	10
59	104	32	4	5	10
59	104	43	4	5	10
59	104	54	4	5	10
59	104	65	4	5	10
59	104	76	4	5	10
59	104	87	4	5	10
59	104	98	4	5	10
59	104	109	4	5	10
59	104	120	4	5	10
59	108	120	4	9	10
59	110	10	4	0	10
59	110	21	4	0	10
59	110	32	4	0	10
59	110	43	4	0	10
59	110	54	4	0	10
59	110	65	4	0	10
59	110	76	4	0	10
59	110	87	4	0	10
59	110	98	4	0	10
59	110	109	4	0	10
59	110	120	4	0	10
59	115	10	4	5	10
59	115	21	4	5	10
59	115	32	4	5	10
59	115	43	4	5	10
59	115	54	4	5	10
59	115	65	4	5	10
59	115	76	4	5	10
59	115	87	4	5	10
59	115	98	4	5	10
59	115	109	4	5	10
59	115	120	4	5	10
59	119	65	4	9	10
60	0	4	5	0	4
60	0	15	5	0	4
60	0	26	5	0	4
60	0	37	5	0	4
60	0	48	5	0	4
60	0	59	5	0	4
60	0	70	5	0	4
60	0	81	5	0	4
60	0	92	5	0	4
60	0	103	5	0	4
60	0	114	5	0	4
60	2	59	5	2	4
60	9	3	5	9	3
60	9	14	5	9	3
60	9	25	5	9	3
60	9	36	5	9	3
60	9	47	5	9	3
60	9	58	5	9	3
60	9	69	5	9	3
60	9	80	5	9	3
60	9	91	5	9	3
60	9	102	5	9	3
60	9	113	5	9	3
60	11	4	5	0	4
60	11	15	5	0	4
60	11	26	5	0	4
60	11	37	5	0	4
60	11	48	5	0	4
60	11	59	5	0	4
60	11	70	5	0	4
60	11	81	5	0	4
60	11	92	5	0	4
60	11	103	5	0	4
60	11	114	5	0	4
60	13	81	5	2	4
60	20	3	5	9	3
60	20	14	5	9	3
60	20	25	5	9	3
60	20	36	5	9	3
60	20	47	5	9	3
60	20	58	5	9	3
60	20	69	5	9	3
60	20	80	5	9	3
60	20	91	5	9	3
60	20	102	5	9	3
60	20	113	5	9	3
60	22	4	5	0	4
60	22	15	5	0	4
60	22	26	5	0	4
60	22	37	5	0	4
60	22	48	5	0	4
60	22	59	5	0	4
60	22	70	5	0	4
60	22	81	5	0	4
60	22	92	5	0	4
60	22	103	5	0	4
60	22	114	5	0	4
60	24	103	5	2	4
60	31	3	5	9	3
60	31	14	5	9	3
60	31	25	5	9	3
60	31	36	5	9	3
60	31	47	5	9	3
60	31	58	5	9	3
60	31	69	5	9	3
60	31	80	5	9	3
60	31	91	5	9	3
60	31	102	5	9	3
60	31	113	5	9	3
60	33	4	5	0	4
60	33	15	5	0	4
60	33	26	5	0	4
60	33	37	5	0	4
60	33	48	5	0	4
60	33	59	5	0	4
60	33	70	5	0	4
60	33	81	5	0	4
60	33	92	5	0	4
60	33	103	5	0	4
60	33	114	5	0	4
60	35	4	5	2	4
60	42	3	5	9	3
60	42	14	5	9	3
60	42	25	5	9	3
60	42	36	5	9	3
60	42	47	5	9	3
60	42	58	5	9	3
60	42	69	5	9	3
60	42	80	5	9	3
60	42	91	5	9	3
60	42	102	5	9	3
60	42	113	5	9	3
60	44	4	5	0	4
60	44	15	5	0	4
60	44	26	5	0	4
60	44	37	5	0	4
60	44	48	5	0	4
60	44	59	5	0	4
60	44	70	5	0	4
60	44	81	5	0	4
60	44	92	5	0	4
60	44	103	5	0	4
60	44	114	5	0	4
60	46	26	5	2	4
60	53	3	5	9	3
60	53	14	5	9	3
60	53	25	5	9	3
60	53	36	5	9	3
60	53	47	5	9	3
60	53	58	5	9	3
60	53	69	5	9	3
60	53	80	5	9	3
60	53	91	5	9	3
60	53	102	5	9	3
60	53	113	5	9	3
60	55	4	5	0	4
60	55	15	5	0	4
60	55	26	5	0	4
60	55	37	5	0	4
60	55	48	5	0	4
60	55	59	5	0	4
60	55	70	5	0	4
60	55	81	5	0	4
60	55	92	5	0	4
60	55	103	5	0	4
60	55	114	5	0	4
60	57	48	5	2	4
60	64	3	5	9	3
60	64	14	5	9	3
60	64	25	5	9	3
60	64	36	5	9	3
60	64	47	5	9	3
60	64	58	5	9	3
60	64	69	5	9	3
60	64	80	5	9	3
60	64	91	5	9	3
60	64	102	5	9	3
60	64	113	5	9	3
60	66	4	5	0	4
60	66	15	5	0	4
60	66	26	5	0	4
60	66	37	5	0	4
60	66	48	5	0	4
60	66	59	5	0	4
60	66	70	5	0	4
60	66	81	5	0	4
60	66	92	5	0	4
60	66	103	5	0	4
60	66	114	5	0	4
60	68	70	5	2	4
60	75	3	5	9	3
60	75	14	5	9	3
60	75	25	5	9	3
60	75	36	5	9	3
60	75	47	5	9	3
60	75	58	5	9	3
60	75	69	5	9	3
60	75	80	5	9	3
60	75	91	5	9	3
60	75	102	5	9	3
60	75	113	5	9	3
60	77	4	5	0	4
60	77	15	5	0	4
60	77	26	5	0	4
60	77	37	5	0	4
60	77	48	5	0	4
60	77	59	5	0	4
60	77	70	5	0	4
60	77	81	5	0	4
60	77	92	5	0	4
60	77	103	5	0	4
60	77	114	5	0	4
60	79	92	5	2	4
60	86	3	5	9	3
60	86	14	5	9	3
60	86	25	5	9	3
60	86	36	5	9	3
60	86	47	5	9	3
60	86	58	5	9	3
60	86	69	5	9	3
60	86	80	5	9	3
60	86	91	5	9	3
60	86	102	5	9	3
60	86	113	5	9	3
60	88	4	5	0	4
60	88	15	5	0	4
60	88	26	5	0	4
60	88	37	5	0	4
60	88	48	5	0	4
60	88	59	5	0	4
60	88	70	5	0	4
60	88	81	5	0	4
60	88	92	5	0	4
60	88	103	5	0	4
60	88	114	5	0	4
60	90	114	5	2	4
60	97	3	5	9	3
60	97	14	5	9	3
60	97	25	5	9	3
60	97	36	5	9	3
60	97	47	5	9	3
60	97	58	5	9	3
60	97	69	5	9	3
60	97	80	5	9	3
60	97	91	5	9	3
60	97	102	5	9	3
60	97	113	5	9	3
60	99	4	5	0	4
60	99	15	5	0	4
60	99	26	5	0	4
60	99	37	5	0	4
60	99	48	5	0	4
60	99	59	5	0	4
60	99	70	5	0	4
60	99	81	5	0	4
60	99	92	5	0	4
60	99	103	5	0	4
60	99	114	5	0	4
60	101	15	5	2	4
60	108	3	5	9	3
60	108	14	5	9	3
60	108	25	5	9	3
60	108	36	5	9	3
60	108	47	5	9	3
60	108	58	5	9	3
60	108	69	5	9	3
60	108	80	5	9	3
60	108	91	5	9	3
60	108	102	5	9	3
60	108	113	5	9	3
60	110	4	5	0	4
60	110	15	5	0	4
60	110	26	5	0	4
60	110	37	5	0	4
60	110	48	5	0	4
60	110	59	5	0	4
60	110	70	5	0	4
60	110	81	5	0	4
60	110	92	5	0	4
60	110	103	5	0	4
60	110	114	5	0	4
60	112	37	5	2	4
60	119	3	5	9	3
60	119	14	5	9	3
60	119	25	5	9	3
60	119	36	5	9	3
60	119	47	5	9	3
60	119	58	5	9	3
60	119	69	5	9	3
60	119	80	5	9	3
60	119	91	5	9	3
60	119	102	5	9	3
60	119	113	5	9	3
61	0	55	6	0	0
61	3	1	6	3	1
61	3	12	6	3	1
61	3	23	6	3	1
61	3	34	6	3	1
61	3	45	6	3	1
61	3	56	6	3	1
61	3	67	6	3	1
61	3	78	6	3	1
61	3	89	6	3	1
61	3	100	6	3	1
61	3	111	6	3	1
61	11	55	6	0	0
61	14	1	6	3	1
61	14	12	6	3	1
61	14	23	6	3	1
61	14	34	6	3	1
61	14	45	6	3	1
61	14	56	6	3	1
61	14	67	6	3	1
61	14	78	6	3	1
61	14	89	6	3	1
61	14	100	6	3	1
61	14	111	6	3	1
61	22	55	6	0	0
61	25	1	6	3	1
61	25	12	6	3	1
61	25	23	6	3	1
61	25	34	6	3	1
61	25	45	6	3	1
61	25	56	6	3	1
61	25	67	6	3	1
61	25	78	6	3	1
61	25	89	6	3	1
61	25	100	6	3	1
61	25	111	6	3	1
61	33	55	6	0	0
61	36	1	6	3	1
61	36	12	6	3	1
61	36	23	6	3	1
61	36	34	6	3	1
61	36	45	6	3	1
61	36	56	6	3	1
61	36	67	6	3	1
61	36	78	6	3	1
61	36	89	6	3	1
61	36	100	6	3	1
61	36	111	6	3	1
61	44	55	6	0	0
61	47	1	6	3	1
61	47	12	6	3	1
61	47	23	6	3	1
61	47	34	6	3	1
61	47	45	6	3	1
61	47	56	6	3	1
61	47	67	6	3	1
61	47	78	6	3	1
61	47	89	6	3	1
61	47	100	6	3	1
61	47	111	6	3	1
61	55	55	6	0	0
61	58	1	6	3	1
61	58	12	6	3	1
61	58	23	6	3	1
61	58	34	6	3	1
61	58	45	6	3	1
61	58	56	6	3	1
61	58	67	6	3	1
61	58	78	6	3	1
61	58	89	6	3	1
61	58	100	6	3	1
61	58	111	6	3	1
61	66	55	6	0	0
61	69	1	6	3	1
61	69	12	6	3	1
61	69	23	6	3	1
61	69	34	6	3	1
61	69	45	6	3	1
61	69	56	6	3	1
61	69	67	6	3	1
61	69	78	6	3	1
61	69	89	6	3	1
61	69	100	6	3	1
61	69	111	6	3	1
61	77	55	6	0	0
61	80	1	6	3	1
61	80	12	6	3	1
61	80	23	6	3	1
61	80	34	6	3	1
61	80	45	6	3	1
61	80	56	6	3	1
61	80	67	6	3	1
61	80	78	6	3	1
61	80	89	6	3	1
61	80	100	6	3	1
61	80	111	6	3	1
61	88	55	6	0	0
61	91	1	6	3	1
61	91	12	6	3	1
61	91	23	6	3	1
61	91	34	6	3	1
61	91	45	6	3	1
61	91	56	6	3	1
61	91	67	6	3	1
61	91	78	6	3	1
61	91	89	6	3	1
61	91	100	6	3	1
61	91	111	6	3	1
61	99	55	6	0	0
61	102	1	6	3	1
61	102	12	6	3	1
61	102	23	6	3	1
61	102	34	6	3	1
61	102	45	6	3	1
61	102	56	6	3	1
61	102	67	6	3	1
61	102	78	6	3	1
61	102	89	6	3	1
61	102	100	6	3	1
61	102	111	6	3	1
61	110	55	6	0	0
61	113	1	6	3	1
61	113	12	6	3	1
61	113	23	6	3	1
61	113	34	6	3	1
61	113	45	6	3	1
61	113	56	6	3	1
61	113	67	6	3	1
61	113	78	6	3	1
61	113	89	6	3	1
61	113	100	6	3	1
61	113	111	6	3	1
64	0	1	9	0	1
64	0	12	9	0	1
64	0	23	9	0	1
64	0	34	9	0	1
64	0	45	9	0	1
64	0	56	9	0	1
64	0	67	9	0	1
64	0	78	9	0	1
64	0	89	9	0	1
64	0	100	9	0	1
64	0	111	9	0	1
64	11	1	9	0	1
64	11	12	9	0	1
64	11	23	9	0	1
64	11	34	9	0	1
64	11	45	9	0	1
64	11	56	9	0	1
64	11	67	9	0	1
64	11	78	9	0	1
64	11	89	9	0	1
64	11	100	9	0	1
64	11	111	9	0	1
64	22	1	9	0	1
64	22	12	9	0	1
64	22	23	9	0	1
64	22	34	9	0	1
64	22	45	9	0	1
64	22	56	9	0	1
64	22	67	9	0	1
64	22	78	9	0	1
64	22	89	9	0	1
64	22	100	9	0	1
64	22	111	9	0	1
64	33	1	9	0	1
64	33	12	9	0	1
64	33	23	9	0	1
64	33	34	9	0	1
64	33	45	9	0	1
64	33	56	9	0	1
64	33	67	9	0	1
64	33	78	9	0	1
64	33	89	9	0	1
64	33	100	9	0	1
64	33	111	9	0	1
64	44	1	9	0	1
64	44	12	9	0	1
64	44	23	9	0	1
64	44	34	9	0	1
64	44	45	9	0	1
64	44	56	9	0	1
64	44	67	9	0	1
64	44	78	9	0	1
64	44	89	9	0	1
64	44	100	9	0	1
64	44	111	9	0	1
64	55	1	9	0	1
64	55	12	9	0	1
64	55	23	9	0	1
64	55	34	9	0	1
64	55	45	9	0	1
64	55	56	9	0	1
64	55	67	9	0	1
64	55	78	9	0	1
64	55	89	9	0	1
64	55	100	9	0	1
64	55	111	9	0	1
64	66	1	9	0	1
64	66	12	9	0	1
64	66	23	9	0	1
64	66	34	9	0	1
64	66	45	9	0	1
64	66	56	9	0	1
64	66	67	9	0	1
64	66	78	9	0	1
64	66	89	9	0	1
64	66	100	9	0	1
64	66	111	9	0	1
64	77	1	9	0	1
64	77	12	9	0	1
64	77	23	9	0	1
64	77	34	9	0	1
64	77	45	9	0	1
64	77	56	9	0	1
64	77	67	9	0	1
64	77	78	9	0	1
64	77	89	9	0	1
64	77	100	9	0	1
64	77	111	9	0	1
64	88	1	9	0	1
64	88	12	9	0	1
64	88	23	9	0	1
64	88	34	9	0	1
64	88	45	9	0	1
64	88	56	9	0	1
64	88	67	9	0	1
64	88	78	9	0	1
64	88	89	9	0	1
64	88	100	9	0	1
64	88	111	9	0	1
64	99	1	9	0	1
64	99	12	9	0	1
64	99	23	9	0	1
64	99	34	9	0	1
64	99	45	9	0	1
64	99	56	9	0	1
64	99	67	9	0	1
64	99	78	9	0	1
64	99	89	9	0	1
64	99	100	9	0	1
64	99	111	9	0	1
64	106	65	9	7	10
64	110	1	9	0	1
64	110	12	9	0	1
64	110	23	9	0	1
64	110	34	9	0	1
64	110	45	9	0	1
64	110	56	9	0	1
64	110	67	9	0	1
64	110	78	9	0	1
64	110	89	9	0	1
64	110	100	9	0	1
64	110	111	9	0	1
65	0	116	10	0	6
65	5	6	10	5	6
65	5	17	10	5	6
65	5	28	10	5	6
65	5	39	10	5	6
65	5	50	10	5	6
65	5	61	10	5	6
65	5	72	10	5	6
65	5	83	10	5	6
65	5	94	10	5	6
65	5	105	10	5	6
65	5	116	10	5	6
65	11	116	10	0	6
65	16	6	10	5	6
65	16	17	10	5	6
65	16	28	10	5	6
65	16	39	10	5	6
65	16	50	10	5	6
65	16	61	10	5	6
65	16	72	10	5	6
65	16	83	10	5	6
65	16	94	10	5	6
65	16	105	10	5	6
65	16	116	10	5	6
65	22	116	10	0	6
65	27	6	10	5	6
65	27	17	10	5	6
65	27	28	10	5	6
65	27	39	10	5	6
65	27	50	10	5	6
65	27	61	10	5	6
65	27	72	10	5	6
65	27	83	10	5	6
65	27	94	10	5	6
65	27	105	10	5	6
65	27	116	10	5	6
65	33	116	10	0	6
65	38	6	10	5	6
65	38	17	10	5	6
65	38	28	10	5	6
65	38	39	10	5	6
65	38	50	10	5	6
65	38	61	10	5	6
65	38	72	10	5	6
65	38	83	10	5	6
65	38	94	10	5	6
65	38	105	10	5	6
65	38	116	10	5	6
65	44	116	10	0	6
65	49	6	10	5	6
65	49	17	10	5	6
65	49	28	10	5	6
65	49	39	10	5	6
65	49	50	10	5	6
65	49	61	10	5	6
65	49	72	10	5	6
65	49	83	10	5	6
65	49	94	10	5	6
65	49	105	10	5	6
65	49	116	10	5	6
65	55	116	10	0	6
65	60	6	10	5	6
65	60	17	10	5	6
65	60	28	10	5	6
65	60	39	10	5	6
65	60	50	10	5	6
65	60	61	10	5	6
65	60	72	10	5	6
65	60	83	10	5	6
65	60	94	10	5	6
65	60	105	10	5	6
65	60	116	10	5	6
65	66	116	10	0	6
65	71	6	10	5	6
65	71	17	10	5	6
65	71	28	10	5	6
65	71	39	10	5	6
65	71	50	10	5	6
65	71	61	10	5	6
65	71	72	10	5	6
65	71	83	10	5	6
65	71	94	10	5	6
65	71	105	10	5	6
65	71	116	10	5	6
65	77	116	10	0	6
65	82	6	10	5	6
65	82	17	10	5	6
65	82	28	10	5	6
65	82	39	10	5	6
65	82	50	10	5	6
65	82	61	10	5	6
65	82	72	10	5	6
65	82	83	10	5	6
65	82	94	10	5	6
65	82	105	10	5	6
65	82	116	10	5	6
65	88	116	10	0	6
65	93	6	10	5	6
65	93	17	10	5	6
65	93	28	10	5	6
65	93	39	10	5	6
65	93	50	10	5	6
65	93	61	10	5	6
65	93	72	10	5	6
65	93	83	10	5	6
65	93	94	10	5	6
65	93	105	10	5	6
65	93	116	10	5	6
65	99	116	10	0	6
65	104	6	10	5	6
65	104	17	10	5	6
65	104	28	10	5	6
65	104	39	10	5	6
65	104	50	10	5	6
65	104	61	10	5	6
65	104	72	10	5	6
65	104	83	10	5	6
65	104	94	10	5	6
65	104	105	10	5	6
65	104	116	10	5	6
65	110	116	10	0	6
65	115	6	10	5	6
65	115	17	10	5	6
65	115	28	10	5	6
65	115	39	10	5	6
65	115	50	10	5	6
65	115	61	10	5	6
65	115	72	10	5	6
65	115	83	10	5	6
65	115	94	10	5	6
65	115	105	10	5	6
65	115	116	10	5	6
66	0	0	0	0	0
66	11	0	0	0	0
66	22	0	0	0	0
66	33	0	0	0	0
66	44	0	0	0	0
66	55	0	0	0	0
66	66	0	0	0	0
66	77	0	0	0	0
66	88	0	0	0	0
66	99	0	0	0	0
66	110	0	0	0	0
67	0	1	1	0	1
67	0	6	1	0	6
67	0	12	1	0	1
67	0	23	1	0	1
67	0	34	1	0	1
67	0	45	1	0	1
67	0	56	1	0	1
67	0	67	1	0	1
67	0	78	1	0	1
67	0	89	1	0	1
67	0	100	1	0	1
67	0	111	1	0	1
67	7	38	1	7	5
67	11	1	1	0	1
67	11	6	1	0	6
67	11	12	1	0	1
67	11	23	1	0	1
67	11	34	1	0	1
67	11	45	1	0	1
67	11	56	1	0	1
67	11	67	1	0	1
67	11	78	1	0	1
67	11	89	1	0	1
67	11	100	1	0	1
67	11	111	1	0	1
67	18	115	1	7	5
67	22	1	1	0	1
67	22	6	1	0	6
67	22	12	1	0	1
67	22	23	1	0	1
67	22	34	1	0	1
67	22	45	1	0	1
67	22	56	1	0	1
67	22	67	1	0	1
67	22	78	1	0	1
67	22	89	1	0	1
67	22	100	1	0	1
67	22	111	1	0	1
67	29	71	1	7	5
67	33	1	1	0	1
67	33	6	1	0	6
67	33	12	1	0	1
67	33	23	1	0	1
67	33	34	1	0	1
67	33	45	1	0	1
67	33	56	1	0	1
67	33	67	1	0	1
67	33	78	1	0	1
67	33	89	1	0	1
67	33	100	1	0	1
67	33	111	1	0	1
67	40	27	1	7	5
67	44	1	1	0	1
67	44	6	1	0	6
67	44	12	1	0	1
67	44	23	1	0	1
67	44	34	1	0	1
67	44	45	1	0	1
67	44	56	1	0	1
67	44	67	1	0	1
67	44	78	1	0	1
67	44	89	1	0	1
67	44	100	1	0	1
67	44	111	1	0	1
67	51	104	1	7	5
67	55	1	1	0	1
67	55	6	1	0	6
67	55	12	1	0	1
67	55	23	1	0	1
67	55	34	1	0	1
67	55	45	1	0	1
67	55	56	1	0	1
67	55	67	1	0	1
67	55	78	1	0	1
67	55	89	1	0	1
67	55	100	1	0	1
67	55	111	1	0	1
67	62	60	1	7	5
67	66	1	1	0	1
67	66	6	1	0	6
67	66	12	1	0	1
67	66	23	1	0	1
67	66	34	1	0	1
67	66	45	1	0	1
67	66	56	1	0	1
67	66	67	1	0	1
67	66	78	1	0	1
67	66	89	1	0	1
67	66	100	1	0	1
67	66	111	1	0	1
67	73	16	1	7	5
67	77	1	1	0	1
67	77	6	1	0	6
67	77	12	1	0	1
67	77	23	1	0	1
67	77	34	1	0	1
67	77	45	1	0	1
67	77	56	1	0	1
67	77	67	1	0	1
67	77	78	1	0	1
67	77	89	1	0	1
67	77	100	1	0	1
67	77	111	1	0	1
67	84	93	1	7	5
67	88	1	1	0	1
67	88	6	1	0	6
67	88	12	1	0	1
67	88	23	1	0	1
67	88	34	1	0	1
67	88	45	1	0	1
67	88	56	1	0	1
67	88	67	1	0	1
67	88	78	1	0	1
67	88	89	1	0	1
67	88	100	1	0	1
67	88	111	1	0	1
67	95	49	1	7	5
67	99	1	1	0	1
67	99	6	1	0	6
67	99	12	1	0	1
67	99	23	1	0	1
67	99	34	1	0	1
67	99	45	1	0	1
67	99	56	1	0	1
67	99	67	1	0	1
67	99	78	1	0	1
67	99	89	1	0	1
67	99	100	1	0	1
67	99	111	1	0	1
67	106	5	1	7	5
67	110	1	1	0	1
67	110	6	1	0	6
67	110	12	1	0	1
67	110	23	1	0	1
67	110	34	1	0	1
67	110	45	1	0	1
67	110	56	1	0	1
67	110	67	1	0	1
67	110	78	1	0	1
67	110	89	1	0	1
67	110	100	1	0	1
67	110	111	1	0	1
67	117	82	1	7	5
68	108	59	2	9	4
69	0	6	3	0	6
69	0	17	3	0	6
69	0	28	3	0	6
69	0	39	3	0	6
69	0	50	3	0	6
69	0	61	3	0	6
69	0	72	3	0	6
69	0	83	3	0	6
69	0	94	3	0	6
69	0	105	3	0	6
69	0	116	3	0	6
69	11	6	3	0	6
69	11	17	3	0	6
69	11	28	3	0	6
69	11	39	3	0	6
69	11	50	3	0	6
69	11	61	3	0	6
69	11	72	3	0	6
69	11	83	3	0	6
69	11	94	3	0	6
69	11	105	3	0	6
69	11	116	3	0	6
69	22	6	3	0	6
69	22	17	3	0	6
69	22	28	3	0	6
69	22	39	3	0	6
69	22	50	3	0	6
69	22	61	3	0	6
69	22	72	3	0	6
69	22	83	3	0	6
69	22	94	3	0	6
69	22	105	3	0	6
69	22	116	3	0	6
69	33	6	3	0	6
69	33	17	3	0	6
69	33	28	3	0	6
69	33	39	3	0	6
69	33	50	3	0	6
69	33	61	3	0	6
69	33	72	3	0	6
69	33	83	3	0	6
69	33	94	3	0	6
69	33	105	3	0	6
69	33	116	3	0	6
69	44	6	3	0	6
69	44	17	3	0	6
69	44	28	3	0	6
69	44	39	3	0	6
69	44	50	3	0	6
69	44	61	3	0	6
69	44	72	3	0	6
69	44	83	3	0	6
69	44	94	3	0	6
69	44	105	3	0	6
69	44	116	3	0	6
69	48	31	3	4	9
69	55	6	3	0	6
69	55	17	3	0	6
69	55	28	3	0	6
69	55	39	3	0	6
69	55	50	3	0	6
69	55	61	3	0	6
69	55	72	3	0	6
69	55	83	3	0	6
69	55	94	3	0	6
69	55	105	3	0	6
69	55	116	3	0	6
69	66	6	3	0	6
69	66	17	3	0	6
69	66	28	3	0	6
69	66	39	3	0	6
69	66	50	3	0	6
69	66	61	3	0	6
69	66	72	3	0	6
69	66	83	3	0	6
69	66	94	3	0	6
69	66	105	3	0	6
69	66	116	3	0	6
69	77	6	3	0	6
69	77	17	3	0	6
69	77	28	3	0	6
69	77	39	3	0	6
69	77	50	3	0	6
69	77	61	3	0	6
69	77	72	3	0	6
69	77	83	3	0	6
69	77	94	3	0	6
69	77	105	3	0	6
69	77	116	3	0	6
69	88	6	3	0	6
69	88	17	3	0	6
69	88	28	3	0	6
69	88	39	3	0	6
69	88	50	3	0	6
69	88	61	3	0	6
69	88	72	3	0	6
69	88	83	3	0	6
69	88	94	3	0	6
69	88	105	3	0	6
69	88	116	3	0	6
69	99	6	3	0	6
69	99	17	3	0	6
69	99	28	3	0	6
69	99	39	3	0	6
69	99	50	3	0	6
69	99	61	3	0	6
69	99	72	3	0	6
69	99	83	3	0	6
69	99	94	3	0	6
69	99	105	3	0	6
69	99	116	3	0	6
69	110	6	3	0	6
69	110	17	3	0	6
69	110	28	3	0	6
69	110	39	3	0	6
69	110	50	3	0	6
69	110	61	3	0	6
69	110	72	3	0	6
69	110	83	3	0	6
69	110	94	3	0	6
69	110	105	3	0	6
69	110	116	3	0	6
70	0	10	4	0	10
70	0	21	4	0	10
70	0	32	4	0	10
70	0	43	4	0	10
70	0	54	4	0	10
70	0	65	4	0	10
70	0	76	4	0	10
70	0	87	4	0	10
70	0	98	4	0	10
70	0	109	4	0	10
70	0	120	4	0	10
70	5	10	4	5	10
70	5	21	4	5	10
70	5	32	4	5	10
70	5	43	4	5	10
70	5	54	4	5	10
70	5	65	4	5	10
70	5	76	4	5	10
70	5	87	4	5	10
70	5	98	4	5	10
70	5	109	4	5	10
70	5	120	4	5	10
70	9	98	4	9	10
70	11	10	4	0	10
70	11	21	4	0	10
70	11	32	4	0	10
70	11	43	4	0	10
70	11	54	4	0	10
70	11	65	4	0	10
70	11	76	4	0	10
70	11	87	4	0	10
70	11	98	4	0	10
70	11	109	4	0	10
70	11	120	4	0	10
70	16	10	4	5	10
70	16	21	4	5	10
70	16	32	4	5	10
70	16	43	4	5	10
70	16	54	4	5	10
70	16	65	4	5	10
70	16	76	4	5	10
70	16	87	4	5	10
70	16	98	4	5	10
70	16	109	4	5	10
70	16	120	4	5	10
70	20	43	4	9	10
70	22	10	4	0	10
70	22	21	4	0	10
70	22	32	4	0	10
70	22	43	4	0	10
70	22	54	4	0	10
70	22	65	4	0	10
70	22	76	4	0	10
70	22	87	4	0	10
70	22	98	4	0	10
70	22	109	4	0	10
70	22	120	4	0	10
70	27	10	4	5	10
70	27	21	4	5	10
70	27	32	4	5	10
70	27	43	4	5	10
70	27	54	4	5	10
70	27	65	4	5	10
70	27	76	4	5	10
70	27	87	4	5	10
70	27	98	4	5	10
70	27	109	4	5	10
70	27	120	4	5	10
70	31	109	4	9	10
70	33	10	4	0	10
70	33	21	4	0	10
70	33	32	4	0	10
70	33	43	4	0	10
70	33	54	4	0	10
70	33	65	4	0	10
70	33	76	4	0	10
70	33	87	4	0	10
70	33	98	4	0	10
70	33	109	4	0	10
70	33	120	4	0	10
70	38	10	4	5	10
70	38	21	4	5	10
70	38	32	4	5	10
70	38	43	4	5	10
70	38	54	4	5	10
70	38	65	4	5	10
70	38	76	4	5	10
70	38	87	4	5	10
70	38	98	4	5	10
70	38	109	4	5	10
70	38	120	4	5	10
70	42	54	4	9	10
70	44	10	4	0	10
70	44	21	4	0	10
70	44	32	4	0	10
70	44	43	4	0	10
70	44	54	4	0	10
70	44	65	4	0	10
70	44	76	4	0	10
70	44	87	4	0	10
70	44	98	4	0	10
70	44	109	4	0	10
70	44	120	4	0	10
70	49	10	4	5	10
70	49	21	4	5	10
70	49	32	4	5	10
70	49	43	4	5	10
70	49	54	4	5	10
70	49	65	4	5	10
70	49	76	4	5	10
70	49	87	4	5	10
70	49	98	4	5	10
70	49	109	4	5	10
70	49	120	4	5	10
70	53	120	4	9	10
70	55	10	4	0	10
70	55	21	4	0	10
70	55	32	4	0	10
70	55	43	4	0	10
70	55	54	4	0	10
70	55	65	4	0	10
70	55	76	4	0	10
70	55	87	4	0	10
70	55	98	4	0	10
70	55	109	4	0	10
70	55	120	4	0	10
70	60	10	4	5	10
70	60	21	4	5	10
70	60	32	4	5	10
70	60	43	4	5	10
70	60	54	4	5	10
70	60	65	4	5	10
70	60	76	4	5	10
70	60	87	4	5	10
70	60	98	4	5	10
70	60	109	4	5	10
70	60	120	4	5	10
70	64	65	4	9	10
70	66	10	4	0	10
70	66	21	4	0	10
70	66	32	4	0	10
70	66	43	4	0	10
70	66	54	4	0	10
70	66	65	4	0	10
70	66	76	4	0	10
70	66	87	4	0	10
70	66	98	4	0	10
70	66	109	4	0	10
70	66	120	4	0	10
70	71	10	4	5	10
70	71	21	4	5	10
70	71	32	4	5	10
70	71	43	4	5	10
70	71	54	4	5	10
70	71	65	4	5	10
70	71	76	4	5	10
70	71	87	4	5	10
70	71	98	4	5	10
70	71	109	4	5	10
70	71	120	4	5	10
70	75	10	4	9	10
70	77	10	4	0	10
70	77	21	4	0	10
70	77	32	4	0	10
70	77	43	4	0	10
70	77	54	4	0	10
70	77	65	4	0	10
70	77	76	4	0	10
70	77	87	4	0	10
70	77	98	4	0	10
70	77	109	4	0	10
70	77	120	4	0	10
70	82	10	4	5	10
70	82	21	4	5	10
70	82	32	4	5	10
70	82	43	4	5	10
70	82	54	4	5	10
70	82	65	4	5	10
70	82	76	4	5	10
70	82	87	4	5	10
70	82	98	4	5	10
70	82	109	4	5	10
70	82	120	4	5	10
70	86	76	4	9	10
70	88	10	4	0	10
70	88	21	4	0	10
70	88	32	4	0	10
70	88	43	4	0	10
70	88	54	4	0	10
70	88	65	4	0	10
70	88	76	4	0	10
70	88	87	4	0	10
70	88	98	4	0	10
70	88	109	4	0	10
70	88	120	4	0	10
70	93	10	4	5	10
70	93	21	4	5	10
70	93	32	4	5	10
70	93	43	4	5	10
70	93	54	4	5	10
70	93	65	4	5	10
70	93	76	4	5	10
70	93	87	4	5	10
70	93	98	4	5	10
70	93	109	4	5	10
70	93	120	4	5	10
70	97	21	4	9	10
70	99	10	4	0	10
70	99	21	4	0	10
70	99	32	4	0	10
70	99	43	4	0	10
70	99	54	4	0	10
70	99	65	4	0	10
70	99	76	4	0	10
70	99	87	4	0	10
70	99	98	4	0	10
70	99	109	4	0	10
70	99	120	4	0	10
70	104	10	4	5	10
70	104	21	4	5	10
70	104	32	4	5	10
70	104	43	4	5	10
70	104	54	4	5	10
70	104	65	4	5	10
70	104	76	4	5	10
70	104	87	4	5	10
70	104	98	4	5	10
70	104	109	4	5	10
70	104	120	4	5	10
70	108	87	4	9	10
70	109	65	4	10	10
70	110	10	4	0	10
70	110	21	4	0	10
70	110	32	4	0	10
70	110	43	4	0	10
70	110	54	4	0	10
70	110	65	4	0	10
70	110	76	4	0	10
70	110	87	4	0	10
70	110	98	4	0	10
70	110	109	4	0	10
70	110	120	4	0	10
70	115	10	4	5	10
70	115	21	4	5	10
70	115	32	4	5	10
70	115	43	4	5	10
70	115	54	4	5	10
70	115	65	4	5	10
70	115	76	4	5	10
70	115	87	4	5	10
70	115	98	4	5	10
70	115	109	4	5	10
70	115	120	4	5	10
70	119	32	4	9	10
71	0	4	5	0	4
71	0	15	5	0	4
71	0	26	5	0	4
71	0	37	5	0	4
71	0	48	5	0	4
71	0	59	5	0	4
71	0	70	5	0	4
71	0	81	5	0	4
71	0	92	5	0	4
71	0	103	5	0	4
71	0	114	5	0	4
71	2	92	5	2	4
71	9	3	5	9	3
71	9	14	5	9	3
71	9	25	5	9	3
71	9	36	5	9	3
71	9	47	5	9	3
71	9	58	5	9	3
71	9	69	5	9	3
71	9	80	5	9	3
71	9	91	5	9	3
71	9	102	5	9	3
71	9	113	5	9	3
71	11	4	5	0	4
71	11	15	5	0	4
71	11	26	5	0	4
71	11	37	5	0	4
71	11	48	5	0	4
71	11	59	5	0	4
71	11	70	5	0	4
71	11	81	5	0	4
71	11	92	5	0	4
71	11	103	5	0	4
71	11	114	5	0	4
71	13	114	5	2	4
71	20	3	5	9	3
71	20	14	5	9	3
71	20	25	5	9	3
71	20	36	5	9	3
71	20	47	5	9	3
71	20	58	5	9	3
71	20	69	5	9	3
71	20	80	5	9	3
71	20	91	5	9	3
71	20	102	5	9	3
71	20	113	5	9	3
71	22	4	5	0	4
71	22	15	5	0	4
71	22	26	5	0	4
71	22	37	5	0	4
71	22	48	5	0	4
71	22	59	5	0	4
71	22	70	5	0	4
71	22	81	5	0	4
71	22	92	5	0	4
71	22	103	5	0	4
71	22	114	5	0	4
71	24	15	5	2	4
71	31	3	5	9	3
71	31	14	5	9	3
71	31	25	5	9	3
71	31	36	5	9	3
71	31	47	5	9	3
71	31	58	5	9	3
71	31	69	5	9	3
71	31	80	5	9	3
71	31	91	5	9	3
71	31	102	5	9	3
71	31	113	5	9	3
71	33	4	5	0	4
71	33	15	5	0	4
71	33	26	5	0	4
71	33	37	5	0	4
71	33	48	5	0	4
71	33	59	5	0	4
71	33	70	5	0	4
71	33	81	5	0	4
71	33	92	5	0	4
71	33	103	5	0	4
71	33	114	5	0	4
71	35	37	5	2	4
71	42	3	5	9	3
71	42	14	5	9	3
71	42	25	5	9	3
71	42	36	5	9	3
71	42	47	5	9	3
71	42	58	5	9	3
71	42	69	5	9	3
71	42	80	5	9	3
71	42	91	5	9	3
71	42	102	5	9	3
71	42	113	5	9	3
71	44	4	5	0	4
71	44	15	5	0	4
71	44	26	5	0	4
71	44	37	5	0	4
71	44	48	5	0	4
71	44	59	5	0	4
71	44	70	5	0	4
71	44	81	5	0	4
71	44	92	5	0	4
71	44	103	5	0	4
71	44	114	5	0	4
71	46	59	5	2	4
71	53	3	5	9	3
71	53	14	5	9	3
71	53	25	5	9	3
71	53	36	5	9	3
71	53	47	5	9	3
71	53	58	5	9	3
71	53	69	5	9	3
71	53	80	5	9	3
71	53	91	5	9	3
71	53	102	5	9	3
71	53	113	5	9	3
71	55	4	5	0	4
71	55	15	5	0	4
71	55	26	5	0	4
71	55	37	5	0	4
71	55	48	5	0	4
71	55	59	5	0	4
71	55	70	5	0	4
71	55	81	5	0	4
71	55	92	5	0	4
71	55	103	5	0	4
71	55	114	5	0	4
71	57	81	5	2	4
71	64	3	5	9	3
71	64	14	5	9	3
71	64	25	5	9	3
71	64	36	5	9	3
71	64	47	5	9	3
71	64	58	5	9	3
71	64	69	5	9	3
71	64	80	5	9	3
71	64	91	5	9	3
71	64	102	5	9	3
71	64	113	5	9	3
71	66	4	5	0	4
71	66	15	5	0	4
71	66	26	5	0	4
71	66	37	5	0	4
71	66	48	5	0	4
71	66	59	5	0	4
71	66	70	5	0	4
71	66	81	5	0	4
71	66	92	5	0	4
71	66	103	5	0	4
71	66	114	5	0	4
71	68	103	5	2	4
71	75	3	5	9	3
71	75	14	5	9	3
71	75	25	5	9	3
71	75	36	5	9	3
71	75	47	5	9	3
71	75	58	5	9	3
71	75	69	5	9	3
71	75	80	5	9	3
71	75	91	5	9	3
71	75	102	5	9	3
71	75	113	5	9	3
71	77	4	5	0	4
71	77	15	5	0	4
71	77	26	5	0	4
71	77	37	5	0	4
71	77	48	5	0	4
71	77	59	5	0	4
71	77	70	5	0	4
71	77	81	5	0	4
71	77	92	5	0	4
71	77	103	5	0	4
71	77	114	5	0	4
71	79	4	5	2	4
71	86	3	5	9	3
71	86	14	5	9	3
71	86	25	5	9	3
71	86	36	5	9	3
71	86	47	5	9	3
71	86	58	5	9	3
71	86	69	5	9	3
71	86	80	5	9	3
71	86	91	5	9	3
71	86	102	5	9	3
71	86	113	5	9	3
71	88	4	5	0	4
71	88	15	5	0	4
71	88	26	5	0	4
71	88	37	5	0	4
71	88	48	5	0	4
71	88	59	5	0	4
71	88	70	5	0	4
71	88	81	5	0	4
71	88	92	5	0	4
71	88	103	5	0	4
71	88	114	5	0	4
71	90	26	5	2	4
71	97	3	5	9	3
71	97	14	5	9	3
71	97	25	5	9	3
71	97	36	5	9	3
71	97	47	5	9	3
71	97	58	5	9	3
71	97	69	5	9	3
71	97	80	5	9	3
71	97	91	5	9	3
71	97	102	5	9	3
71	97	113	5	9	3
71	99	4	5	0	4
71	99	15	5	0	4
71	99	26	5	0	4
71	99	37	5	0	4
71	99	48	5	0	4
71	99	59	5	0	4
71	99	70	5	0	4
71	99	81	5	0	4
71	99	92	5	0	4
71	99	103	5	0	4
71	99	114	5	0	4
71	101	48	5	2	4
71	108	3	5	9	3
71	108	14	5	9	3
71	108	25	5	9	3
71	108	36	5	9	3
71	108	47	5	9	3
71	108	58	5	9	3
71	108	69	5	9	3
71	108	80	5	9	3
71	108	91	5	9	3
71	108	102	5	9	3
71	108	113	5	9	3
71	110	4	5	0	4
71	110	15	5	0	4
71	110	26	5	0	4
71	110	37	5	0	4
71	110	48	5	0	4
71	110	59	5	0	4
71	110	70	5	0	4
71	110	81	5	0	4
71	110	92	5	0	4
71	110	103	5	0	4
71	110	114	5	0	4
71	112	70	5	2	4
71	119	3	5	9	3
71	119	14	5	9	3
71	119	25	5	9	3
71	119	36	5	9	3
71	119	47	5	9	3
71	119	58	5	9	3
71	119	69	5	9	3
71	119	80	5	9	3
71	119	91	5	9	3
71	119	102	5	9	3
71	119	113	5	9	3
72	0	77	6	0	0
72	3	1	6	3	1
72	3	12	6	3	1
72	3	23	6	3	1
72	3	34	6	3	1
72	3	45	6	3	1
72	3	56	6	3	1
72	3	67	6	3	1
72	3	78	6	3	1
72	3	89	6	3	1
72	3	100	6	3	1
72	3	111	6	3	1
72	11	77	6	0	0
72	14	1	6	3	1
72	14	12	6	3	1
72	14	23	6	3	1
72	14	34	6	3	1
72	14	45	6	3	1
72	14	56	6	3	1
72	14	67	6	3	1
72	14	78	6	3	1
72	14	89	6	3	1
72	14	100	6	3	1
72	14	111	6	3	1
72	22	77	6	0	0
72	25	1	6	3	1
72	25	12	6	3	1
72	25	23	6	3	1
72	25	34	6	3	1
72	25	45	6	3	1
72	25	56	6	3	1
72	25	67	6	3	1
72	25	78	6	3	1
72	25	89	6	3	1
72	25	100	6	3	1
72	25	111	6	3	1
72	33	77	6	0	0
72	36	1	6	3	1
72	36	12	6	3	1
72	36	23	6	3	1
72	36	34	6	3	1
72	36	45	6	3	1
72	36	56	6	3	1
72	36	67	6	3	1
72	36	78	6	3	1
72	36	89	6	3	1
72	36	100	6	3	1
72	36	111	6	3	1
72	44	77	6	0	0
72	47	1	6	3	1
72	47	12	6	3	1
72	47	23	6	3	1
72	47	34	6	3	1
72	47	45	6	3	1
72	47	56	6	3	1
72	47	67	6	3	1
72	47	78	6	3	1
72	47	89	6	3	1
72	47	100	6	3	1
72	47	111	6	3	1
72	55	77	6	0	0
72	58	1	6	3	1
72	58	12	6	3	1
72	58	23	6	3	1
72	58	34	6	3	1
72	58	45	6	3	1
72	58	56	6	3	1
72	58	67	6	3	1
72	58	78	6	3	1
72	58	89	6	3	1
72	58	100	6	3	1
72	58	111	6	3	1
72	66	77	6	0	0
72	69	1	6	3	1
72	69	12	6	3	1
72	69	23	6	3	1
72	69	34	6	3	1
72	69	45	6	3	1
72	69	56	6	3	1
72	69	67	6	3	1
72	69	78	6	3	1
72	69	89	6	3	1
72	69	100	6	3	1
72	69	111	6	3	1
72	77	77	6	0	0
72	80	1	6	3	1
72	80	12	6	3	1
72	80	23	6	3	1
72	80	34	6	3	1
72	80	45	6	3	1
72	80	56	6	3	1
72	80	67	6	3	1
72	80	78	6	3	1
72	80	89	6	3	1
72	80	100	6	3	1
72	80	111	6	3	1
72	88	77	6	0	0
72	91	1	6	3	1
72	91	12	6	3	1
72	91	23	6	3	1
72	91	34	6	3	1
72	91	45	6	3	1
72	91	56	6	3	1
72	91	67	6	3	1
72	91	78	6	3	1
72	91	89	6	3	1
72	91	100	6	3	1
72	91	111	6	3	1
72	99	77	6	0	0
72	102	1	6	3	1
72	102	12	6	3	1
72	102	23	6	3	1
72	102	34	6	3	1
72	102	45	6	3	1
72	102	56	6	3	1
72	102	67	6	3	1
72	102	78	6	3	1
72	102	89	6	3	1
72	102	100	6	3	1
72	102	111	6	3	1
72	110	77	6	0	0
72	113	1	6	3	1
72	113	12	6	3	1
72	113	23	6	3	1
72	113	34	6	3	1
72	113	45	6	3	1
72	113	56	6	3	1
72	113	67	6	3	1
72	113	78	6	3	1
72	113	89	6	3	1
72	113	100	6	3	1
72	113	111	6	3	1
75	0	1	9	0	1
75	0	12	9	0	1
75	0	23	9	0	1
75	0	34	9	0	1
75	0	45	9	0	1
75	0	56	9	0	1
75	0	67	9	0	1
75	0	78	9	0	1
75	0	89	9	0	1
75	0	100	9	0	1
75	0	111	9	0	1
75	11	1	9	0	1
75	11	12	9	0	1
75	11	23	9	0	1
75	11	34	9	0	1
75	11	45	9	0	1
75	11	56	9	0	1
75	11	67	9	0	1
75	11	78	9	0	1
75	11	89	9	0	1
75	11	100	9	0	1
75	11	111	9	0	1
75	22	1	9	0	1
75	22	12	9	0	1
75	22	23	9	0	1
75	22	34	9	0	1
75	22	45	9	0	1
75	22	56	9	0	1
75	22	67	9	0	1
75	22	78	9	0	1
75	22	89	9	0	1
75	22	100	9	0	1
75	22	111	9	0	1
75	33	1	9	0	1
75	33	12	9	0	1
75	33	23	9	0	1
75	33	34	9	0	1
75	33	45	9	0	1
75	33	56	9	0	1
75	33	67	9	0	1
75	33	78	9	0	1
75	33	89	9	0	1
75	33	100	9	0	1
75	33	111	9	0	1
75	44	1	9	0	1
75	44	12	9	0	1
75	44	23	9	0	1
75	44	34	9	0	1
75	44	45	9	0	1
75	44	56	9	0	1
75	44	67	9	0	1
75	44	78	9	0	1
75	44	89	9	0	1
75	44	100	9	0	1
75	44	111	9	0	1
75	51	76	9	7	10
75	55	1	9	0	1
75	55	12	9	0	1
75	55	23	9	0	1
75	55	34	9	0	1
75	55	45	9	0	1
75	55	56	9	0	1
75	55	67	9	0	1
75	55	78	9	0	1
75	55	89	9	0	1
75	55	100	9	0	1
75	55	111	9	0	1
75	66	1	9	0	1
75	66	12	9	0	1
75	66	23	9	0	1
75	66	34	9	0	1
75	66	45	9	0	1
75	66	56	9	0	1
75	66	67	9	0	1
75	66	78	9	0	1
75	66	89	9	0	1
75	66	100	9	0	1
75	66	111	9	0	1
75	77	1	9	0	1
75	77	12	9	0	1
75	77	23	9	0	1
75	77	34	9	0	1
75	77	45	9	0	1
75	77	56	9	0	1
75	77	67	9	0	1
75	77	78	9	0	1
75	77	89	9	0	1
75	77	100	9	0	1
75	77	111	9	0	1
75	88	1	9	0	1
75	88	12	9	0	1
75	88	23	9	0	1
75	88	34	9	0	1
75	88	45	9	0	1
75	88	56	9	0	1
75	88	67	9	0	1
75	88	78	9	0	1
75	88	89	9	0	1
75	88	100	9	0	1
75	88	111	9	0	1
75	99	1	9	0	1
75	99	12	9	0	1
75	99	23	9	0	1
75	99	34	9	0	1
75	99	45	9	0	1
75	99	56	9	0	1
75	99	67	9	0	1
75	99	78	9	0	1
75	99	89	9	0	1
75	99	100	9	0	1
75	99	111	9	0	1
75	110	1	9	0	1
75	110	12	9	0	1
75	110	23	9	0	1
75	110	34	9	0	1
75	110	45	9	0	1
75	110	56	9	0	1
75	110	67	9	0	1
75	110	78	9	0	1
75	110	89	9	0	1
75	110	100	9	0	1
75	110	111	9	0	1
76	0	61	10	0	6
76	5	6	10	5	6
76	5	17	10	5	6
76	5	28	10	5	6
76	5	39	10	5	6
76	5	50	10	5	6
76	5	61	10	5	6
76	5	72	10	5	6
76	5	83	10	5	6
76	5	94	10	5	6
76	5	105	10	5	6
76	5	116	10	5	6
76	11	61	10	0	6
76	16	6	10	5	6
76	16	17	10	5	6
76	16	28	10	5	6
76	16	39	10	5	6
76	16	50	10	5	6
76	16	61	10	5	6
76	16	72	10	5	6
76	16	83	10	5	6
76	16	94	10	5	6
76	16	105	10	5	6
76	16	116	10	5	6
76	22	61	10	0	6
76	27	6	10	5	6
76	27	17	10	5	6
76	27	28	10	5	6
76	27	39	10	5	6
76	27	50	10	5	6
76	27	61	10	5	6
76	27	72	10	5	6
76	27	83	10	5	6
76	27	94	10	5	6
76	27	105	10	5	6
76	27	116	10	5	6
76	33	61	10	0	6
76	38	6	10	5	6
76	38	17	10	5	6
76	38	28	10	5	6
76	38	39	10	5	6
76	38	50	10	5	6
76	38	61	10	5	6
76	38	72	10	5	6
76	38	83	10	5	6
76	38	94	10	5	6
76	38	105	10	5	6
76	38	116	10	5	6
76	44	61	10	0	6
76	49	6	10	5	6
76	49	17	10	5	6
76	49	28	10	5	6
76	49	39	10	5	6
76	49	50	10	5	6
76	49	61	10	5	6
76	49	72	10	5	6
76	49	83	10	5	6
76	49	94	10	5	6
76	49	105	10	5	6
76	49	116	10	5	6
76	55	61	10	0	6
76	60	6	10	5	6
76	60	17	10	5	6
76	60	28	10	5	6
76	60	39	10	5	6
76	60	50	10	5	6
76	60	61	10	5	6
76	60	72	10	5	6
76	60	83	10	5	6
76	60	94	10	5	6
76	60	105	10	5	6
76	60	116	10	5	6
76	66	61	10	0	6
76	71	6	10	5	6
76	71	17	10	5	6
76	71	28	10	5	6
76	71	39	10	5	6
76	71	50	10	5	6
76	71	61	10	5	6
76	71	72	10	5	6
76	71	83	10	5	6
76	71	94	10	5	6
76	71	105	10	5	6
76	71	116	10	5	6
76	77	61	10	0	6
76	82	6	10	5	6
76	82	17	10	5	6
76	82	28	10	5	6
76	82	39	10	5	6
76	82	50	10	5	6
76	82	61	10	5	6
76	82	72	10	5	6
76	82	83	10	5	6
76	82	94	10	5	6
76	82	105	10	5	6
76	82	116	10	5	6
76	88	61	10	0	6
76	93	6	10	5	6
76	93	17	10	5	6
76	93	28	10	5	6
76	93	39	10	5	6
76	93	50	10	5	6
76	93	61	10	5	6
76	93	72	10	5	6
76	93	83	10	5	6
76	93	94	10	5	6
76	93	105	10	5	6
76	93	116	10	5	6
76	99	61	10	0	6
76	104	6	10	5	6
76	104	17	10	5	6
76	104	28	10	5	6
76	104	39	10	5	6
76	104	50	10	5	6
76	104	61	10	5	6
76	104	72	10	5	6
76	104	83	10	5	6
76	104	94	10	5	6
76	104	105	10	5	6
76	104	116	10	5	6
76	110	61	10	0	6
76	115	6	10	5	6
76	115	17	10	5	6
76	115	28	10	5	6
76	115	39	10	5	6
76	115	50	10	5	6
76	115	61	10	5	6
76	115	72	10	5	6
76	115	83	10	5	6
76	115	94	10	5	6
76	115	105	10	5	6
76	115	116	10	5	6
77	0	0	0	0	0
77	11	0	0	0	0
77	22	0	0	0	0
77	33	0	0	0	0
77	44	0	0	0	0
77	55	0	0	0	0
77	66	0	0	0	0
77	77	0	0	0	0
77	88	0	0	0	0
77	99	0	0	0	0
77	110	0	0	0	0
78	0	1	1	0	1
78	0	12	1	0	1
78	0	23	1	0	1
78	0	34	1	0	1
78	0	45	1	0	1
78	0	56	1	0	1
78	0	67	1	0	1
78	0	78	1	0	1
78	0	89	1	0	1
78	0	100	1	0	1
78	0	111	1	0	1
78	0	116	1	0	6
78	7	93	1	7	5
78	11	1	1	0	1
78	11	12	1	0	1
78	11	23	1	0	1
78	11	34	1	0	1
78	11	45	1	0	1
78	11	56	1	0	1
78	11	67	1	0	1
78	11	78	1	0	1
78	11	89	1	0	1
78	11	100	1	0	1
78	11	111	1	0	1
78	11	116	1	0	6
78	18	49	1	7	5
78	22	1	1	0	1
78	22	12	1	0	1
78	22	23	1	0	1
78	22	34	1	0	1
78	22	45	1	0	1
78	22	56	1	0	1
78	22	67	1	0	1
78	22	78	1	0	1
78	22	89	1	0	1
78	22	100	1	0	1
78	22	111	1	0	1
78	22	116	1	0	6
78	29	5	1	7	5
78	33	1	1	0	1
78	33	12	1	0	1
78	33	23	1	0	1
78	33	34	1	0	1
78	33	45	1	0	1
78	33	56	1	0	1
78	33	67	1	0	1
78	33	78	1	0	1
78	33	89	1	0	1
78	33	100	1	0	1
78	33	111	1	0	1
78	33	116	1	0	6
78	40	82	1	7	5
78	44	1	1	0	1
78	44	12	1	0	1
78	44	23	1	0	1
78	44	34	1	0	1
78	44	45	1	0	1
78	44	56	1	0	1
78	44	67	1	0	1
78	44	78	1	0	1
78	44	89	1	0	1
78	44	100	1	0	1
78	44	111	1	0	1
78	44	116	1	0	6
78	51	38	1	7	5
78	55	1	1	0	1
78	55	12	1	0	1
78	55	23	1	0	1
78	55	34	1	0	1
78	55	45	1	0	1
78	55	56	1	0	1
78	55	67	1	0	1
78	55	78	1	0	1
78	55	89	1	0	1
78	55	100	1	0	1
78	55	111	1	0	1
78	55	116	1	0	6
78	62	115	1	7	5
78	66	1	1	0	1
78	66	12	1	0	1
78	66	23	1	0	1
78	66	34	1	0	1
78	66	45	1	0	1
78	66	56	1	0	1
78	66	67	1	0	1
78	66	78	1	0	1
78	66	89	1	0	1
78	66	100	1	0	1
78	66	111	1	0	1
78	66	116	1	0	6
78	73	71	1	7	5
78	77	1	1	0	1
78	77	12	1	0	1
78	77	23	1	0	1
78	77	34	1	0	1
78	77	45	1	0	1
78	77	56	1	0	1
78	77	67	1	0	1
78	77	78	1	0	1
78	77	89	1	0	1
78	77	100	1	0	1
78	77	111	1	0	1
78	77	116	1	0	6
78	84	27	1	7	5
78	88	1	1	0	1
78	88	12	1	0	1
78	88	23	1	0	1
78	88	34	1	0	1
78	88	45	1	0	1
78	88	56	1	0	1
78	88	67	1	0	1
78	88	78	1	0	1
78	88	89	1	0	1
78	88	100	1	0	1
78	88	111	1	0	1
78	88	116	1	0	6
78	95	104	1	7	5
78	99	1	1	0	1
78	99	12	1	0	1
78	99	23	1	0	1
78	99	34	1	0	1
78	99	45	1	0	1
78	99	56	1	0	1
78	99	67	1	0	1
78	99	78	1	0	1
78	99	89	1	0	1
78	99	100	1	0	1
78	99	111	1	0	1
78	99	116	1	0	6
78	106	60	1	7	5
78	110	1	1	0	1
78	110	12	1	0	1
78	110	23	1	0	1
78	110	34	1	0	1
78	110	45	1	0	1
78	110	56	1	0	1
78	110	67	1	0	1
78	110	78	1	0	1
78	110	89	1	0	1
78	110	100	1	0	1
78	110	111	1	0	1
78	110	116	1	0	6
78	117	16	1	7	5
79	53	15	2	9	4
80	0	6	3	0	6
80	0	17	3	0	6
80	0	28	3	0	6
80	0	39	3	0	6
80	0	50	3	0	6
80	0	61	3	0	6
80	0	72	3	0	6
80	0	83	3	0	6
80	0	94	3	0	6
80	0	105	3	0	6
80	0	116	3	0	6
80	11	6	3	0	6
80	11	17	3	0	6
80	11	28	3	0	6
80	11	39	3	0	6
80	11	50	3	0	6
80	11	61	3	0	6
80	11	72	3	0	6
80	11	83	3	0	6
80	11	94	3	0	6
80	11	105	3	0	6
80	11	116	3	0	6
80	22	6	3	0	6
80	22	17	3	0	6
80	22	28	3	0	6
80	22	39	3	0	6
80	22	50	3	0	6
80	22	61	3	0	6
80	22	72	3	0	6
80	22	83	3	0	6
80	22	94	3	0	6
80	22	105	3	0	6
80	22	116	3	0	6
80	33	6	3	0	6
80	33	17	3	0	6
80	33	28	3	0	6
80	33	39	3	0	6
80	33	50	3	0	6
80	33	61	3	0	6
80	33	72	3	0	6
80	33	83	3	0	6
80	33	94	3	0	6
80	33	105	3	0	6
80	33	116	3	0	6
80	44	6	3	0	6
80	44	17	3	0	6
80	44	28	3	0	6
80	44	39	3	0	6
80	44	50	3	0	6
80	44	61	3	0	6
80	44	72	3	0	6
80	44	83	3	0	6
80	44	94	3	0	6
80	44	105	3	0	6
80	44	116	3	0	6
80	55	6	3	0	6
80	55	17	3	0	6
80	55	28	3	0	6
80	55	39	3	0	6
80	55	50	3	0	6
80	55	61	3	0	6
80	55	72	3	0	6
80	55	83	3	0	6
80	55	94	3	0	6
80	55	105	3	0	6
80	55	116	3	0	6
80	66	6	3	0	6
80	66	17	3	0	6
80	66	28	3	0	6
80	66	39	3	0	6
80	66	50	3	0	6
80	66	61	3	0	6
80	66	72	3	0	6
80	66	83	3	0	6
80	66	94	3	0	6
80	66	105	3	0	6
80	66	116	3	0	6
80	77	6	3	0	6
80	77	17	3	0	6
80	77	28	3	0	6
80	77	39	3	0	6
80	77	50	3	0	6
80	77	61	3	0	6
80	77	72	3	0	6
80	77	83	3	0	6
80	77	94	3	0	6
80	77	105	3	0	6
80	77	116	3	0	6
80	88	6	3	0	6
80	88	17	3	0	6
80	88	28	3	0	6
80	88	39	3	0	6
80	88	50	3	0	6
80	88	61	3	0	6
80	88	72	3	0	6
80	88	83	3	0	6
80	88	94	3	0	6
80	88	105	3	0	6
80	88	116	3	0	6
80	99	6	3	0	6
80	99	17	3	0	6
80	99	28	3	0	6
80	99	39	3	0	6
80	99	50	3	0	6
80	99	61	3	0	6
80	99	72	3	0	6
80	99	83	3	0	6
80	99	94	3	0	6
80	99	105	3	0	6
80	99	116	3	0	6
80	110	6	3	0	6
80	110	17	3	0	6
80	110	28	3	0	6
80	110	39	3	0	6
80	110	50	3	0	6
80	110	61	3	0	6
80	110	72	3	0	6
80	110	83	3	0	6
80	110	94	3	0	6
80	110	105	3	0	6
80	110	116	3	0	6
80	114	64	3	4	9
81	0	10	4	0	10
81	0	21	4	0	10
81	0	32	4	0	10
81	0	43	4	0	10
81	0	54	4	0	10
81	0	65	4	0	10
81	0	76	4	0	10
81	0	87	4	0	10
81	0	98	4	0	10
81	0	109	4	0	10
81	0	120	4	0	10
81	5	10	4	5	10
81	5	21	4	5	10
81	5	32	4	5	10
81	5	43	4	5	10
81	5	54	4	5	10
81	5	65	4	5	10
81	5	76	4	5	10
81	5	87	4	5	10
81	5	98	4	5	10
81	5	109	4	5	10
81	5	120	4	5	10
81	9	65	4	9	10
81	11	10	4	0	10
81	11	21	4	0	10
81	11	32	4	0	10
81	11	43	4	0	10
81	11	54	4	0	10
81	11	65	4	0	10
81	11	76	4	0	10
81	11	87	4	0	10
81	11	98	4	0	10
81	11	109	4	0	10
81	11	120	4	0	10
81	16	10	4	5	10
81	16	21	4	5	10
81	16	32	4	5	10
81	16	43	4	5	10
81	16	54	4	5	10
81	16	65	4	5	10
81	16	76	4	5	10
81	16	87	4	5	10
81	16	98	4	5	10
81	16	109	4	5	10
81	16	120	4	5	10
81	20	10	4	9	10
81	22	10	4	0	10
81	22	21	4	0	10
81	22	32	4	0	10
81	22	43	4	0	10
81	22	54	4	0	10
81	22	65	4	0	10
81	22	76	4	0	10
81	22	87	4	0	10
81	22	98	4	0	10
81	22	109	4	0	10
81	22	120	4	0	10
81	27	10	4	5	10
81	27	21	4	5	10
81	27	32	4	5	10
81	27	43	4	5	10
81	27	54	4	5	10
81	27	65	4	5	10
81	27	76	4	5	10
81	27	87	4	5	10
81	27	98	4	5	10
81	27	109	4	5	10
81	27	120	4	5	10
81	31	76	4	9	10
81	33	10	4	0	10
81	33	21	4	0	10
81	33	32	4	0	10
81	33	43	4	0	10
81	33	54	4	0	10
81	33	65	4	0	10
81	33	76	4	0	10
81	33	87	4	0	10
81	33	98	4	0	10
81	33	109	4	0	10
81	33	120	4	0	10
81	38	10	4	5	10
81	38	21	4	5	10
81	38	32	4	5	10
81	38	43	4	5	10
81	38	54	4	5	10
81	38	65	4	5	10
81	38	76	4	5	10
81	38	87	4	5	10
81	38	98	4	5	10
81	38	109	4	5	10
81	38	120	4	5	10
81	42	21	4	9	10
81	44	10	4	0	10
81	44	21	4	0	10
81	44	32	4	0	10
81	44	43	4	0	10
81	44	54	4	0	10
81	44	65	4	0	10
81	44	76	4	0	10
81	44	87	4	0	10
81	44	98	4	0	10
81	44	109	4	0	10
81	44	120	4	0	10
81	49	10	4	5	10
81	49	21	4	5	10
81	49	32	4	5	10
81	49	43	4	5	10
81	49	54	4	5	10
81	49	65	4	5	10
81	49	76	4	5	10
81	49	87	4	5	10
81	49	98	4	5	10
81	49	109	4	5	10
81	49	120	4	5	10
81	53	87	4	9	10
81	54	54	4	10	10
81	55	10	4	0	10
81	55	21	4	0	10
81	55	32	4	0	10
81	55	43	4	0	10
81	55	54	4	0	10
81	55	65	4	0	10
81	55	76	4	0	10
81	55	87	4	0	10
81	55	98	4	0	10
81	55	109	4	0	10
81	55	120	4	0	10
81	60	10	4	5	10
81	60	21	4	5	10
81	60	32	4	5	10
81	60	43	4	5	10
81	60	54	4	5	10
81	60	65	4	5	10
81	60	76	4	5	10
81	60	87	4	5	10
81	60	98	4	5	10
81	60	109	4	5	10
81	60	120	4	5	10
81	64	32	4	9	10
81	66	10	4	0	10
81	66	21	4	0	10
81	66	32	4	0	10
81	66	43	4	0	10
81	66	54	4	0	10
81	66	65	4	0	10
81	66	76	4	0	10
81	66	87	4	0	10
81	66	98	4	0	10
81	66	109	4	0	10
81	66	120	4	0	10
81	71	10	4	5	10
81	71	21	4	5	10
81	71	32	4	5	10
81	71	43	4	5	10
81	71	54	4	5	10
81	71	65	4	5	10
81	71	76	4	5	10
81	71	87	4	5	10
81	71	98	4	5	10
81	71	109	4	5	10
81	71	120	4	5	10
81	75	98	4	9	10
81	77	10	4	0	10
81	77	21	4	0	10
81	77	32	4	0	10
81	77	43	4	0	10
81	77	54	4	0	10
81	77	65	4	0	10
81	77	76	4	0	10
81	77	87	4	0	10
81	77	98	4	0	10
81	77	109	4	0	10
81	77	120	4	0	10
81	82	10	4	5	10
81	82	21	4	5	10
81	82	32	4	5	10
81	82	43	4	5	10
81	82	54	4	5	10
81	82	65	4	5	10
81	82	76	4	5	10
81	82	87	4	5	10
81	82	98	4	5	10
81	82	109	4	5	10
81	82	120	4	5	10
81	86	43	4	9	10
81	88	10	4	0	10
81	88	21	4	0	10
81	88	32	4	0	10
81	88	43	4	0	10
81	88	54	4	0	10
81	88	65	4	0	10
81	88	76	4	0	10
81	88	87	4	0	10
81	88	98	4	0	10
81	88	109	4	0	10
81	88	120	4	0	10
81	93	10	4	5	10
81	93	21	4	5	10
81	93	32	4	5	10
81	93	43	4	5	10
81	93	54	4	5	10
81	93	65	4	5	10
81	93	76	4	5	10
81	93	87	4	5	10
81	93	98	4	5	10
81	93	109	4	5	10
81	93	120	4	5	10
81	97	109	4	9	10
81	99	10	4	0	10
81	99	21	4	0	10
81	99	32	4	0	10
81	99	43	4	0	10
81	99	54	4	0	10
81	99	65	4	0	10
81	99	76	4	0	10
81	99	87	4	0	10
81	99	98	4	0	10
81	99	109	4	0	10
81	99	120	4	0	10
81	104	10	4	5	10
81	104	21	4	5	10
81	104	32	4	5	10
81	104	43	4	5	10
81	104	54	4	5	10
81	104	65	4	5	10
81	104	76	4	5	10
81	104	87	4	5	10
81	104	98	4	5	10
81	104	109	4	5	10
81	104	120	4	5	10
81	108	54	4	9	10
81	110	10	4	0	10
81	110	21	4	0	10
81	110	32	4	0	10
81	110	43	4	0	10
81	110	54	4	0	10
81	110	65	4	0	10
81	110	76	4	0	10
81	110	87	4	0	10
81	110	98	4	0	10
81	110	109	4	0	10
81	110	120	4	0	10
81	115	10	4	5	10
81	115	21	4	5	10
81	115	32	4	5	10
81	115	43	4	5	10
81	115	54	4	5	10
81	115	65	4	5	10
81	115	76	4	5	10
81	115	87	4	5	10
81	115	98	4	5	10
81	115	109	4	5	10
81	115	120	4	5	10
81	119	120	4	9	10
82	0	4	5	0	4
82	0	15	5	0	4
82	0	26	5	0	4
82	0	37	5	0	4
82	0	48	5	0	4
82	0	59	5	0	4
82	0	70	5	0	4
82	0	81	5	0	4
82	0	92	5	0	4
82	0	103	5	0	4
82	0	114	5	0	4
82	2	4	5	2	4
82	9	3	5	9	3
82	9	14	5	9	3
82	9	25	5	9	3
82	9	36	5	9	3
82	9	47	5	9	3
82	9	58	5	9	3
82	9	69	5	9	3
82	9	80	5	9	3
82	9	91	5	9	3
82	9	102	5	9	3
82	9	113	5	9	3
82	11	4	5	0	4
82	11	15	5	0	4
82	11	26	5	0	4
82	11	37	5	0	4
82	11	48	5	0	4
82	11	59	5	0	4
82	11	70	5	0	4
82	11	81	5	0	4
82	11	92	5	0	4
82	11	103	5	0	4
82	11	114	5	0	4
82	13	26	5	2	4
82	20	3	5	9	3
82	20	14	5	9	3
82	20	25	5	9	3
82	20	36	5	9	3
82	20	47	5	9	3
82	20	58	5	9	3
82	20	69	5	9	3
82	20	80	5	9	3
82	20	91	5	9	3
82	20	102	5	9	3
82	20	113	5	9	3
82	22	4	5	0	4
82	22	15	5	0	4
82	22	26	5	0	4
82	22	37	5	0	4
82	22	48	5	0	4
82	22	59	5	0	4
82	22	70	5	0	4
82	22	81	5	0	4
82	22	92	5	0	4
82	22	103	5	0	4
82	22	114	5	0	4
82	24	48	5	2	4
82	31	3	5	9	3
82	31	14	5	9	3
82	31	25	5	9	3
82	31	36	5	9	3
82	31	47	5	9	3
82	31	58	5	9	3
82	31	69	5	9	3
82	31	80	5	9	3
82	31	91	5	9	3
82	31	102	5	9	3
82	31	113	5	9	3
82	33	4	5	0	4
82	33	15	5	0	4
82	33	26	5	0	4
82	33	37	5	0	4
82	33	48	5	0	4
82	33	59	5	0	4
82	33	70	5	0	4
82	33	81	5	0	4
82	33	92	5	0	4
82	33	103	5	0	4
82	33	114	5	0	4
82	35	70	5	2	4
82	42	3	5	9	3
82	42	14	5	9	3
82	42	25	5	9	3
82	42	36	5	9	3
82	42	47	5	9	3
82	42	58	5	9	3
82	42	69	5	9	3
82	42	80	5	9	3
82	42	91	5	9	3
82	42	102	5	9	3
82	42	113	5	9	3
82	44	4	5	0	4
82	44	15	5	0	4
82	44	26	5	0	4
82	44	37	5	0	4
82	44	48	5	0	4
82	44	59	5	0	4
82	44	70	5	0	4
82	44	81	5	0	4
82	44	92	5	0	4
82	44	103	5	0	4
82	44	114	5	0	4
82	46	92	5	2	4
82	53	3	5	9	3
82	53	14	5	9	3
82	53	25	5	9	3
82	53	36	5	9	3
82	53	47	5	9	3
82	53	58	5	9	3
82	53	69	5	9	3
82	53	80	5	9	3
82	53	91	5	9	3
82	53	102	5	9	3
82	53	113	5	9	3
82	55	4	5	0	4
82	55	15	5	0	4
82	55	26	5	0	4
82	55	37	5	0	4
82	55	48	5	0	4
82	55	59	5	0	4
82	55	70	5	0	4
82	55	81	5	0	4
82	55	92	5	0	4
82	55	103	5	0	4
82	55	114	5	0	4
82	57	114	5	2	4
82	64	3	5	9	3
82	64	14	5	9	3
82	64	25	5	9	3
82	64	36	5	9	3
82	64	47	5	9	3
82	64	58	5	9	3
82	64	69	5	9	3
82	64	80	5	9	3
82	64	91	5	9	3
82	64	102	5	9	3
82	64	113	5	9	3
82	66	4	5	0	4
82	66	15	5	0	4
82	66	26	5	0	4
82	66	37	5	0	4
82	66	48	5	0	4
82	66	59	5	0	4
82	66	70	5	0	4
82	66	81	5	0	4
82	66	92	5	0	4
82	66	103	5	0	4
82	66	114	5	0	4
82	68	15	5	2	4
82	75	3	5	9	3
82	75	14	5	9	3
82	75	25	5	9	3
82	75	36	5	9	3
82	75	47	5	9	3
82	75	58	5	9	3
82	75	69	5	9	3
82	75	80	5	9	3
82	75	91	5	9	3
82	75	102	5	9	3
82	75	113	5	9	3
82	77	4	5	0	4
82	77	15	5	0	4
82	77	26	5	0	4
82	77	37	5	0	4
82	77	48	5	0	4
82	77	59	5	0	4
82	77	70	5	0	4
82	77	81	5	0	4
82	77	92	5	0	4
82	77	103	5	0	4
82	77	114	5	0	4
82	79	37	5	2	4
82	86	3	5	9	3
82	86	14	5	9	3
82	86	25	5	9	3
82	86	36	5	9	3
82	86	47	5	9	3
82	86	58	5	9	3
82	86	69	5	9	3
82	86	80	5	9	3
82	86	91	5	9	3
82	86	102	5	9	3
82	86	113	5	9	3
82	88	4	5	0	4
82	88	15	5	0	4
82	88	26	5	0	4
82	88	37	5	0	4
82	88	48	5	0	4
82	88	59	5	0	4
82	88	70	5	0	4
82	88	81	5	0	4
82	88	92	5	0	4
82	88	103	5	0	4
82	88	114	5	0	4
82	90	59	5	2	4
82	97	3	5	9	3
82	97	14	5	9	3
82	97	25	5	9	3
82	97	36	5	9	3
82	97	47	5	9	3
82	97	58	5	9	3
82	97	69	5	9	3
82	97	80	5	9	3
82	97	91	5	9	3
82	97	102	5	9	3
82	97	113	5	9	3
82	99	4	5	0	4
82	99	15	5	0	4
82	99	26	5	0	4
82	99	37	5	0	4
82	99	48	5	0	4
82	99	59	5	0	4
82	99	70	5	0	4
82	99	81	5	0	4
82	99	92	5	0	4
82	99	103	5	0	4
82	99	114	5	0	4
82	101	81	5	2	4
82	108	3	5	9	3
82	108	14	5	9	3
82	108	25	5	9	3
82	108	36	5	9	3
82	108	47	5	9	3
82	108	58	5	9	3
82	108	69	5	9	3
82	108	80	5	9	3
82	108	91	5	9	3
82	108	102	5	9	3
82	108	113	5	9	3
82	110	4	5	0	4
82	110	15	5	0	4
82	110	26	5	0	4
82	110	37	5	0	4
82	110	48	5	0	4
82	110	59	5	0	4
82	110	70	5	0	4
82	110	81	5	0	4
82	110	92	5	0	4
82	110	103	5	0	4
82	110	114	5	0	4
82	112	103	5	2	4
82	119	3	5	9	3
82	119	14	5	9	3
82	119	25	5	9	3
82	119	36	5	9	3
82	119	47	5	9	3
82	119	58	5	9	3
82	119	69	5	9	3
82	119	80	5	9	3
82	119	91	5	9	3
82	119	102	5	9	3
82	119	113	5	9	3
83	0	99	6	0	0
83	3	1	6	3	1
83	3	12	6	3	1
83	3	23	6	3	1
83	3	34	6	3	1
83	3	45	6	3	1
83	3	56	6	3	1
83	3	67	6	3	1
83	3	78	6	3	1
83	3	89	6	3	1
83	3	100	6	3	1
83	3	111	6	3	1
83	11	99	6	0	0
83	14	1	6	3	1
83	14	12	6	3	1
83	14	23	6	3	1
83	14	34	6	3	1
83	14	45	6	3	1
83	14	56	6	3	1
83	14	67	6	3	1
83	14	78	6	3	1
83	14	89	6	3	1
83	14	100	6	3	1
83	14	111	6	3	1
83	22	99	6	0	0
83	25	1	6	3	1
83	25	12	6	3	1
83	25	23	6	3	1
83	25	34	6	3	1
83	25	45	6	3	1
83	25	56	6	3	1
83	25	67	6	3	1
83	25	78	6	3	1
83	25	89	6	3	1
83	25	100	6	3	1
83	25	111	6	3	1
83	33	99	6	0	0
83	36	1	6	3	1
83	36	12	6	3	1
83	36	23	6	3	1
83	36	34	6	3	1
83	36	45	6	3	1
83	36	56	6	3	1
83	36	67	6	3	1
83	36	78	6	3	1
83	36	89	6	3	1
83	36	100	6	3	1
83	36	111	6	3	1
83	44	99	6	0	0
83	47	1	6	3	1
83	47	12	6	3	1
83	47	23	6	3	1
83	47	34	6	3	1
83	47	45	6	3	1
83	47	56	6	3	1
83	47	67	6	3	1
83	47	78	6	3	1
83	47	89	6	3	1
83	47	100	6	3	1
83	47	111	6	3	1
83	55	99	6	0	0
83	58	1	6	3	1
83	58	12	6	3	1
83	58	23	6	3	1
83	58	34	6	3	1
83	58	45	6	3	1
83	58	56	6	3	1
83	58	67	6	3	1
83	58	78	6	3	1
83	58	89	6	3	1
83	58	100	6	3	1
83	58	111	6	3	1
83	66	99	6	0	0
83	69	1	6	3	1
83	69	12	6	3	1
83	69	23	6	3	1
83	69	34	6	3	1
83	69	45	6	3	1
83	69	56	6	3	1
83	69	67	6	3	1
83	69	78	6	3	1
83	69	89	6	3	1
83	69	100	6	3	1
83	69	111	6	3	1
83	77	99	6	0	0
83	80	1	6	3	1
83	80	12	6	3	1
83	80	23	6	3	1
83	80	34	6	3	1
83	80	45	6	3	1
83	80	56	6	3	1
83	80	67	6	3	1
83	80	78	6	3	1
83	80	89	6	3	1
83	80	100	6	3	1
83	80	111	6	3	1
83	88	99	6	0	0
83	91	1	6	3	1
83	91	12	6	3	1
83	91	23	6	3	1
83	91	34	6	3	1
83	91	45	6	3	1
83	91	56	6	3	1
83	91	67	6	3	1
83	91	78	6	3	1
83	91	89	6	3	1
83	91	100	6	3	1
83	91	111	6	3	1
83	99	99	6	0	0
83	102	1	6	3	1
83	102	12	6	3	1
83	102	23	6	3	1
83	102	34	6	3	1
83	102	45	6	3	1
83	102	56	6	3	1
83	102	67	6	3	1
83	102	78	6	3	1
83	102	89	6	3	1
83	102	100	6	3	1
83	102	111	6	3	1
83	110	99	6	0	0
83	113	1	6	3	1
83	113	12	6	3	1
83	113	23	6	3	1
83	113	34	6	3	1
83	113	45	6	3	1
83	113	56	6	3	1
83	113	67	6	3	1
83	113	78	6	3	1
83	113	89	6	3	1
83	113	100	6	3	1
83	113	111	6	3	1
86	0	1	9	0	1
86	0	12	9	0	1
86	0	23	9	0	1
86	0	34	9	0	1
86	0	45	9	0	1
86	0	56	9	0	1
86	0	67	9	0	1
86	0	78	9	0	1
86	0	89	9	0	1
86	0	100	9	0	1
86	0	111	9	0	1
86	11	1	9	0	1
86	11	12	9	0	1
86	11	23	9	0	1
86	11	34	9	0	1
86	11	45	9	0	1
86	11	56	9	0	1
86	11	67	9	0	1
86	11	78	9	0	1
86	11	89	9	0	1
86	11	100	9	0	1
86	11	111	9	0	1
86	22	1	9	0	1
86	22	12	9	0	1
86	22	23	9	0	1
86	22	34	9	0	1
86	22	45	9	0	1
86	22	56	9	0	1
86	22	67	9	0	1
86	22	78	9	0	1
86	22	89	9	0	1
86	22	100	9	0	1
86	22	111	9	0	1
86	33	1	9	0	1
86	33	12	9	0	1
86	33	23	9	0	1
86	33	34	9	0	1
86	33	45	9	0	1
86	33	56	9	0	1
86	33	67	9	0	1
86	33	78	9	0	1
86	33	89	9	0	1
86	33	100	9	0	1
86	33	111	9	0	1
86	44	1	9	0	1
86	44	12	9	0	1
86	44	23	9	0	1
86	44	34	9	0	1
86	44	45	9	0	1
86	44	56	9	0	1
86	44	67	9	0	1
86	44	78	9	0	1
86	44	89	9	0	1
86	44	100	9	0	1
86	44	111	9	0	1
86	55	1	9	0	1
86	55	12	9	0	1
86	55	23	9	0	1
86	55	34	9	0	1
86	55	45	9	0	1
86	55	56	9	0	1
86	55	67	9	0	1
86	55	78	9	0	1
86	55	89	9	0	1
86	55	100	9	0	1
86	55	111	9	0	1
86	66	1	9	0	1
86	66	12	9	0	1
86	66	23	9	0	1
86	66	34	9	0	1
86	66	45	9	0	1
86	66	56	9	0	1
86	66	67	9	0	1
86	66	78	9	0	1
86	66	89	9	0	1
86	66	100	9	0	1
86	66	111	9	0	1
86	77	1	9	0	1
86	77	12	9	0	1
86	77	23	9	0	1
86	77	34	9	0	1
86	77	45	9	0	1
86	77	56	9	0	1
86	77	67	9	0	1
86	77	78	9	0	1
86	77	89	9	0	1
86	77	100	9	0	1
86	77	111	9	0	1
86	88	1	9	0	1
86	88	12	9	0	1
86	88	23	9	0	1
86	88	34	9	0	1
86	88	45	9	0	1
86	88	56	9	0	1
86	88	67	9	0	1
86	88	78	9	0	1
86	88	89	9	0	1
86	88	100	9	0	1
86	88	111	9	0	1
86	99	1	9	0	1
86	99	12	9	0	1
86	99	23	9	0	1
86	99	34	9	0	1
86	99	45	9	0	1
86	99	56	9	0	1
86	99	67	9	0	1
86	99	78	9	0	1
86	99	89	9	0	1
86	99	100	9	0	1
86	99	111	9	0	1
86	110	1	9	0	1
86	110	12	9	0	1
86	110	23	9	0	1
86	110	34	9	0	1
86	110	45	9	0	1
86	110	56	9	0	1
86	110	67	9	0	1
86	110	78	9	0	1
86	110	89	9	0	1
86	110	100	9	0	1
86	110	111	9	0	1
86	117	87	9	7	10
87	0	6	10	0	6
87	5	6	10	5	6
87	5	17	10	5	6
87	5	28	10	5	6
87	5	39	10	5	6
87	5	50	10	5	6
87	5	61	10	5	6
87	5	72	10	5	6
87	5	83	10	5	6
87	5	94	10	5	6
87	5	105	10	5	6
87	5	116	10	5	6
87	11	6	10	0	6
87	16	6	10	5	6
87	16	17	10	5	6
87	16	28	10	5	6
87	16	39	10	5	6
87	16	50	10	5	6
87	16	61	10	5	6
87	16	72	10	5	6
87	16	83	10	5	6
87	16	94	10	5	6
87	16	105	10	5	6
87	16	116	10	5	6
87	22	6	10	0	6
87	27	6	10	5	6
87	27	17	10	5	6
87	27	28	10	5	6
87	27	39	10	5	6
87	27	50	10	5	6
87	27	61	10	5	6
87	27	72	10	5	6
87	27	83	10	5	6
87	27	94	10	5	6
87	27	105	10	5	6
87	27	116	10	5	6
87	33	6	10	0	6
87	38	6	10	5	6
87	38	17	10	5	6
87	38	28	10	5	6
87	38	39	10	5	6
87	38	50	10	5	6
87	38	61	10	5	6
87	38	72	10	5	6
87	38	83	10	5	6
87	38	94	10	5	6
87	38	105	10	5	6
87	38	116	10	5	6
87	44	6	10	0	6
87	49	6	10	5	6
87	49	17	10	5	6
87	49	28	10	5	6
87	49	39	10	5	6
87	49	50	10	5	6
87	49	61	10	5	6
87	49	72	10	5	6
87	49	83	10	5	6
87	49	94	10	5	6
87	49	105	10	5	6
87	49	116	10	5	6
87	55	6	10	0	6
87	60	6	10	5	6
87	60	17	10	5	6
87	60	28	10	5	6
87	60	39	10	5	6
87	60	50	10	5	6
87	60	61	10	5	6
87	60	72	10	5	6
87	60	83	10	5	6
87	60	94	10	5	6
87	60	105	10	5	6
87	60	116	10	5	6
87	66	6	10	0	6
87	71	6	10	5	6
87	71	17	10	5	6
87	71	28	10	5	6
87	71	39	10	5	6
87	71	50	10	5	6
87	71	61	10	5	6
87	71	72	10	5	6
87	71	83	10	5	6
87	71	94	10	5	6
87	71	105	10	5	6
87	71	116	10	5	6
87	77	6	10	0	6
87	82	6	10	5	6
87	82	17	10	5	6
87	82	28	10	5	6
87	82	39	10	5	6
87	82	50	10	5	6
87	82	61	10	5	6
87	82	72	10	5	6
87	82	83	10	5	6
87	82	94	10	5	6
87	82	105	10	5	6
87	82	116	10	5	6
87	88	6	10	0	6
87	93	6	10	5	6
87	93	17	10	5	6
87	93	28	10	5	6
87	93	39	10	5	6
87	93	50	10	5	6
87	93	61	10	5	6
87	93	72	10	5	6
87	93	83	10	5	6
87	93	94	10	5	6
87	93	105	10	5	6
87	93	116	10	5	6
87	99	6	10	0	6
87	104	6	10	5	6
87	104	17	10	5	6
87	104	28	10	5	6
87	104	39	10	5	6
87	104	50	10	5	6
87	104	61	10	5	6
87	104	72	10	5	6
87	104	83	10	5	6
87	104	94	10	5	6
87	104	105	10	5	6
87	104	116	10	5	6
87	110	6	10	0	6
87	115	6	10	5	6
87	115	17	10	5	6
87	115	28	10	5	6
87	115	39	10	5	6
87	115	50	10	5	6
87	115	61	10	5	6
87	115	72	10	5	6
87	115	83	10	5	6
87	115	94	10	5	6
87	115	105	10	5	6
87	115	116	10	5	6
88	0	0	0	0	0
88	11	0	0	0	0
88	22	0	0	0	0
88	33	0	0	0	0
88	44	0	0	0	0
88	55	0	0	0	0
88	66	0	0	0	0
88	77	0	0	0	0
88	88	0	0	0	0
88	99	0	0	0	0
88	110	0	0	0	0
89	0	1	1	0	1
89	0	12	1	0	1
89	0	23	1	0	1
89	0	34	1	0	1
89	0	45	1	0	1
89	0	56	1	0	1
89	0	67	1	0	1
89	0	78	1	0	1
89	0	89	1	0	1
89	0	100	1	0	1
89	0	105	1	0	6
89	0	111	1	0	1
89	7	27	1	7	5
89	11	1	1	0	1
89	11	12	1	0	1
89	11	23	1	0	1
89	11	34	1	0	1
89	11	45	1	0	1
89	11	56	1	0	1
89	11	67	1	0	1
89	11	78	1	0	1
89	11	89	1	0	1
89	11	100	1	0	1
89	11	105	1	0	6
89	11	111	1	0	1
89	18	104	1	7	5
89	22	1	1	0	1
89	22	12	1	0	1
89	22	23	1	0	1
89	22	34	1	0	1
89	22	45	1	0	1
89	22	56	1	0	1
89	22	67	1	0	1
89	22	78	1	0	1
89	22	89	1	0	1
89	22	100	1	0	1
89	22	105	1	0	6
89	22	111	1	0	1
89	29	60	1	7	5
89	33	1	1	0	1
89	33	12	1	0	1
89	33	23	1	0	1
89	33	34	1	0	1
89	33	45	1	0	1
89	33	56	1	0	1
89	33	67	1	0	1
89	33	78	1	0	1
89	33	89	1	0	1
89	33	100	1	0	1
89	33	105	1	0	6
89	33	111	1	0	1
89	40	16	1	7	5
89	44	1	1	0	1
89	44	12	1	0	1
89	44	23	1	0	1
89	44	34	1	0	1
89	44	45	1	0	1
89	44	56	1	0	1
89	44	67	1	0	1
89	44	78	1	0	1
89	44	89	1	0	1
89	44	100	1	0	1
89	44	105	1	0	6
89	44	111	1	0	1
89	51	93	1	7	5
89	55	1	1	0	1
89	55	12	1	0	1
89	55	23	1	0	1
89	55	34	1	0	1
89	55	45	1	0	1
89	55	56	1	0	1
89	55	67	1	0	1
89	55	78	1	0	1
89	55	89	1	0	1
89	55	100	1	0	1
89	55	105	1	0	6
89	55	111	1	0	1
89	62	49	1	7	5
89	66	1	1	0	1
89	66	12	1	0	1
89	66	23	1	0	1
89	66	34	1	0	1
89	66	45	1	0	1
89	66	56	1	0	1
89	66	67	1	0	1
89	66	78	1	0	1
89	66	89	1	0	1
89	66	100	1	0	1
89	66	105	1	0	6
89	66	111	1	0	1
89	73	5	1	7	5
89	77	1	1	0	1
89	77	12	1	0	1
89	77	23	1	0	1
89	77	34	1	0	1
89	77	45	1	0	1
89	77	56	1	0	1
89	77	67	1	0	1
89	77	78	1	0	1
89	77	89	1	0	1
89	77	100	1	0	1
89	77	105	1	0	6
89	77	111	1	0	1
89	84	82	1	7	5
89	88	1	1	0	1
89	88	12	1	0	1
89	88	23	1	0	1
89	88	34	1	0	1
89	88	45	1	0	1
89	88	56	1	0	1
89	88	67	1	0	1
89	88	78	1	0	1
89	88	89	1	0	1
89	88	100	1	0	1
89	88	105	1	0	6
89	88	111	1	0	1
89	95	38	1	7	5
89	99	1	1	0	1
89	99	12	1	0	1
89	99	23	1	0	1
89	99	34	1	0	1
89	99	45	1	0	1
89	99	56	1	0	1
89	99	67	1	0	1
89	99	78	1	0	1
89	99	89	1	0	1
89	99	100	1	0	1
89	99	105	1	0	6
89	99	111	1	0	1
89	106	115	1	7	5
89	110	1	1	0	1
89	110	12	1	0	1
89	110	23	1	0	1
89	110	34	1	0	1
89	110	45	1	0	1
89	110	56	1	0	1
89	110	67	1	0	1
89	110	78	1	0	1
89	110	89	1	0	1
89	110	100	1	0	1
89	110	105	1	0	6
89	110	111	1	0	1
89	117	71	1	7	5
90	119	92	2	9	4
91	0	6	3	0	6
91	0	17	3	0	6
91	0	28	3	0	6
91	0	39	3	0	6
91	0	50	3	0	6
91	0	61	3	0	6
91	0	72	3	0	6
91	0	83	3	0	6
91	0	94	3	0	6
91	0	105	3	0	6
91	0	116	3	0	6
91	11	6	3	0	6
91	11	17	3	0	6
91	11	28	3	0	6
91	11	39	3	0	6
91	11	50	3	0	6
91	11	61	3	0	6
91	11	72	3	0	6
91	11	83	3	0	6
91	11	94	3	0	6
91	11	105	3	0	6
91	11	116	3	0	6
91	22	6	3	0	6
91	22	17	3	0	6
91	22	28	3	0	6
91	22	39	3	0	6
91	22	50	3	0	6
91	22	61	3	0	6
91	22	72	3	0	6
91	22	83	3	0	6
91	22	94	3	0	6
91	22	105	3	0	6
91	22	116	3	0	6
91	33	6	3	0	6
91	33	17	3	0	6
91	33	28	3	0	6
91	33	39	3	0	6
91	33	50	3	0	6
91	33	61	3	0	6
91	33	72	3	0	6
91	33	83	3	0	6
91	33	94	3	0	6
91	33	105	3	0	6
91	33	116	3	0	6
91	44	6	3	0	6
91	44	17	3	0	6
91	44	28	3	0	6
91	44	39	3	0	6
91	44	50	3	0	6
91	44	61	3	0	6
91	44	72	3	0	6
91	44	83	3	0	6
91	44	94	3	0	6
91	44	105	3	0	6
91	44	116	3	0	6
91	55	6	3	0	6
91	55	17	3	0	6
91	55	28	3	0	6
91	55	39	3	0	6
91	55	50	3	0	6
91	55	61	3	0	6
91	55	72	3	0	6
91	55	83	3	0	6
91	55	94	3	0	6
91	55	105	3	0	6
91	55	116	3	0	6
91	59	97	3	4	9
91	66	6	3	0	6
91	66	17	3	0	6
91	66	28	3	0	6
91	66	39	3	0	6
91	66	50	3	0	6
91	66	61	3	0	6
91	66	72	3	0	6
91	66	83	3	0	6
91	66	94	3	0	6
91	66	105	3	0	6
91	66	116	3	0	6
91	77	6	3	0	6
91	77	17	3	0	6
91	77	28	3	0	6
91	77	39	3	0	6
91	77	50	3	0	6
91	77	61	3	0	6
91	77	72	3	0	6
91	77	83	3	0	6
91	77	94	3	0	6
91	77	105	3	0	6
91	77	116	3	0	6
91	88	6	3	0	6
91	88	17	3	0	6
91	88	28	3	0	6
91	88	39	3	0	6
91	88	50	3	0	6
91	88	61	3	0	6
91	88	72	3	0	6
91	88	83	3	0	6
91	88	94	3	0	6
91	88	105	3	0	6
91	88	116	3	0	6
91	99	6	3	0	6
91	99	17	3	0	6
91	99	28	3	0	6
91	99	39	3	0	6
91	99	50	3	0	6
91	99	61	3	0	6
91	99	72	3	0	6
91	99	83	3	0	6
91	99	94	3	0	6
91	99	105	3	0	6
91	99	116	3	0	6
91	110	6	3	0	6
91	110	17	3	0	6
91	110	28	3	0	6
91	110	39	3	0	6
91	110	50	3	0	6
91	110	61	3	0	6
91	110	72	3	0	6
91	110	83	3	0	6
91	110	94	3	0	6
91	110	105	3	0	6
91	110	116	3	0	6
92	0	10	4	0	10
92	0	21	4	0	10
92	0	32	4	0	10
92	0	43	4	0	10
92	0	54	4	0	10
92	0	65	4	0	10
92	0	76	4	0	10
92	0	87	4	0	10
92	0	98	4	0	10
92	0	109	4	0	10
92	0	120	4	0	10
92	5	10	4	5	10
92	5	21	4	5	10
92	5	32	4	5	10
92	5	43	4	5	10
92	5	54	4	5	10
92	5	65	4	5	10
92	5	76	4	5	10
92	5	87	4	5	10
92	5	98	4	5	10
92	5	109	4	5	10
92	5	120	4	5	10
92	9	32	4	9	10
92	11	10	4	0	10
92	11	21	4	0	10
92	11	32	4	0	10
92	11	43	4	0	10
92	11	54	4	0	10
92	11	65	4	0	10
92	11	76	4	0	10
92	11	87	4	0	10
92	11	98	4	0	10
92	11	109	4	0	10
92	11	120	4	0	10
92	16	10	4	5	10
92	16	21	4	5	10
92	16	32	4	5	10
92	16	43	4	5	10
92	16	54	4	5	10
92	16	65	4	5	10
92	16	76	4	5	10
92	16	87	4	5	10
92	16	98	4	5	10
92	16	109	4	5	10
92	16	120	4	5	10
92	20	98	4	9	10
92	22	10	4	0	10
92	22	21	4	0	10
92	22	32	4	0	10
92	22	43	4	0	10
92	22	54	4	0	10
92	22	65	4	0	10
92	22	76	4	0	10
92	22	87	4	0	10
92	22	98	4	0	10
92	22	109	4	0	10
92	22	120	4	0	10
92	27	10	4	5	10
92	27	21	4	5	10
92	27	32	4	5	10
92	27	43	4	5	10
92	27	54	4	5	10
92	27	65	4	5	10
92	27	76	4	5	10
92	27	87	4	5	10
92	27	98	4	5	10
92	27	109	4	5	10
92	27	120	4	5	10
92	31	43	4	9	10
92	33	10	4	0	10
92	33	21	4	0	10
92	33	32	4	0	10
92	33	43	4	0	10
92	33	54	4	0	10
92	33	65	4	0	10
92	33	76	4	0	10
92	33	87	4	0	10
92	33	98	4	0	10
92	33	109	4	0	10
92	33	120	4	0	10
92	38	10	4	5	10
92	38	21	4	5	10
92	38	32	4	5	10
92	38	43	4	5	10
92	38	54	4	5	10
92	38	65	4	5	10
92	38	76	4	5	10
92	38	87	4	5	10
92	38	98	4	5	10
92	38	109	4	5	10
92	38	120	4	5	10
92	42	109	4	9	10
92	44	10	4	0	10
92	44	21	4	0	10
92	44	32	4	0	10
92	44	43	4	0	10
92	44	54	4	0	10
92	44	65	4	0	10
92	44	76	4	0	10
92	44	87	4	0	10
92	44	98	4	0	10
92	44	109	4	0	10
92	44	120	4	0	10
92	49	10	4	5	10
92	49	21	4	5	10
92	49	32	4	5	10
92	49	43	4	5	10
92	49	54	4	5	10
92	49	65	4	5	10
92	49	76	4	5	10
92	49	87	4	5	10
92	49	98	4	5	10
92	49	109	4	5	10
92	49	120	4	5	10
92	53	54	4	9	10
92	55	10	4	0	10
92	55	21	4	0	10
92	55	32	4	0	10
92	55	43	4	0	10
92	55	54	4	0	10
92	55	65	4	0	10
92	55	76	4	0	10
92	55	87	4	0	10
92	55	98	4	0	10
92	55	109	4	0	10
92	55	120	4	0	10
92	60	10	4	5	10
92	60	21	4	5	10
92	60	32	4	5	10
92	60	43	4	5	10
92	60	54	4	5	10
92	60	65	4	5	10
92	60	76	4	5	10
92	60	87	4	5	10
92	60	98	4	5	10
92	60	109	4	5	10
92	60	120	4	5	10
92	64	120	4	9	10
92	66	10	4	0	10
92	66	21	4	0	10
92	66	32	4	0	10
92	66	43	4	0	10
92	66	54	4	0	10
92	66	65	4	0	10
92	66	76	4	0	10
92	66	87	4	0	10
92	66	98	4	0	10
92	66	109	4	0	10
92	66	120	4	0	10
92	71	10	4	5	10
92	71	21	4	5	10
92	71	32	4	5	10
92	71	43	4	5	10
92	71	54	4	5	10
92	71	65	4	5	10
92	71	76	4	5	10
92	71	87	4	5	10
92	71	98	4	5	10
92	71	109	4	5	10
92	71	120	4	5	10
92	75	65	4	9	10
92	77	10	4	0	10
92	77	21	4	0	10
92	77	32	4	0	10
92	77	43	4	0	10
92	77	54	4	0	10
92	77	65	4	0	10
92	77	76	4	0	10
92	77	87	4	0	10
92	77	98	4	0	10
92	77	109	4	0	10
92	77	120	4	0	10
92	82	10	4	5	10
92	82	21	4	5	10
92	82	32	4	5	10
92	82	43	4	5	10
92	82	54	4	5	10
92	82	65	4	5	10
92	82	76	4	5	10
92	82	87	4	5	10
92	82	98	4	5	10
92	82	109	4	5	10
92	82	120	4	5	10
92	86	10	4	9	10
92	88	10	4	0	10
92	88	21	4	0	10
92	88	32	4	0	10
92	88	43	4	0	10
92	88	54	4	0	10
92	88	65	4	0	10
92	88	76	4	0	10
92	88	87	4	0	10
92	88	98	4	0	10
92	88	109	4	0	10
92	88	120	4	0	10
92	93	10	4	5	10
92	93	21	4	5	10
92	93	32	4	5	10
92	93	43	4	5	10
92	93	54	4	5	10
92	93	65	4	5	10
92	93	76	4	5	10
92	93	87	4	5	10
92	93	98	4	5	10
92	93	109	4	5	10
92	93	120	4	5	10
92	97	76	4	9	10
92	99	10	4	0	10
92	99	21	4	0	10
92	99	32	4	0	10
92	99	43	4	0	10
92	99	54	4	0	10
92	99	65	4	0	10
92	99	76	4	0	10
92	99	87	4	0	10
92	99	98	4	0	10
92	99	109	4	0	10
92	99	120	4	0	10
92	104	10	4	5	10
92	104	21	4	5	10
92	104	32	4	5	10
92	104	43	4	5	10
92	104	54	4	5	10
92	104	65	4	5	10
92	104	76	4	5	10
92	104	87	4	5	10
92	104	98	4	5	10
92	104	109	4	5	10
92	104	120	4	5	10
92	108	21	4	9	10
92	110	10	4	0	10
92	110	21	4	0	10
92	110	32	4	0	10
92	110	43	4	0	10
92	110	54	4	0	10
92	110	65	4	0	10
92	110	76	4	0	10
92	110	87	4	0	10
92	110	98	4	0	10
92	110	109	4	0	10
92	110	120	4	0	10
92	115	10	4	5	10
92	115	21	4	5	10
92	115	32	4	5	10
92	115	43	4	5	10
92	115	54	4	5	10
92	115	65	4	5	10
92	115	76	4	5	10
92	115	87	4	5	10
92	115	98	4	5	10
92	115	109	4	5	10
92	115	120	4	5	10
92	119	87	4	9	10
92	120	43	4	10	10
93	0	4	5	0	4
93	0	15	5	0	4
93	0	26	5	0	4
93	0	37	5	0	4
93	0	48	5	0	4
93	0	59	5	0	4
93	0	70	5	0	4
93	0	81	5	0	4
93	0	92	5	0	4
93	0	103	5	0	4
93	0	114	5	0	4
93	2	37	5	2	4
93	9	3	5	9	3
93	9	14	5	9	3
93	9	25	5	9	3
93	9	36	5	9	3
93	9	47	5	9	3
93	9	58	5	9	3
93	9	69	5	9	3
93	9	80	5	9	3
93	9	91	5	9	3
93	9	102	5	9	3
93	9	113	5	9	3
93	11	4	5	0	4
93	11	15	5	0	4
93	11	26	5	0	4
93	11	37	5	0	4
93	11	48	5	0	4
93	11	59	5	0	4
93	11	70	5	0	4
93	11	81	5	0	4
93	11	92	5	0	4
93	11	103	5	0	4
93	11	114	5	0	4
93	13	59	5	2	4
93	20	3	5	9	3
93	20	14	5	9	3
93	20	25	5	9	3
93	20	36	5	9	3
93	20	47	5	9	3
93	20	58	5	9	3
93	20	69	5	9	3
93	20	80	5	9	3
93	20	91	5	9	3
93	20	102	5	9	3
93	20	113	5	9	3
93	22	4	5	0	4
93	22	15	5	0	4
93	22	26	5	0	4
93	22	37	5	0	4
93	22	48	5	0	4
93	22	59	5	0	4
93	22	70	5	0	4
93	22	81	5	0	4
93	22	92	5	0	4
93	22	103	5	0	4
93	22	114	5	0	4
93	24	81	5	2	4
93	31	3	5	9	3
93	31	14	5	9	3
93	31	25	5	9	3
93	31	36	5	9	3
93	31	47	5	9	3
93	31	58	5	9	3
93	31	69	5	9	3
93	31	80	5	9	3
93	31	91	5	9	3
93	31	102	5	9	3
93	31	113	5	9	3
93	33	4	5	0	4
93	33	15	5	0	4
93	33	26	5	0	4
93	33	37	5	0	4
93	33	48	5	0	4
93	33	59	5	0	4
93	33	70	5	0	4
93	33	81	5	0	4
93	33	92	5	0	4
93	33	103	5	0	4
93	33	114	5	0	4
93	35	103	5	2	4
93	42	3	5	9	3
93	42	14	5	9	3
93	42	25	5	9	3
93	42	36	5	9	3
93	42	47	5	9	3
93	42	58	5	9	3
93	42	69	5	9	3
93	42	80	5	9	3
93	42	91	5	9	3
93	42	102	5	9	3
93	42	113	5	9	3
93	44	4	5	0	4
93	44	15	5	0	4
93	44	26	5	0	4
93	44	37	5	0	4
93	44	48	5	0	4
93	44	59	5	0	4
93	44	70	5	0	4
93	44	81	5	0	4
93	44	92	5	0	4
93	44	103	5	0	4
93	44	114	5	0	4
93	46	4	5	2	4
93	53	3	5	9	3
93	53	14	5	9	3
93	53	25	5	9	3
93	53	36	5	9	3
93	53	47	5	9	3
93	53	58	5	9	3
93	53	69	5	9	3
93	53	80	5	9	3
93	53	91	5	9	3
93	53	102	5	9	3
93	53	113	5	9	3
93	55	4	5	0	4
93	55	15	5	0	4
93	55	26	5	0	4
93	55	37	5	0	4
93	55	48	5	0	4
93	55	59	5	0	4
93	55	70	5	0	4
93	55	81	5	0	4
93	55	92	5	0	4
93	55	103	5	0	4
93	55	114	5	0	4
93	57	26	5	2	4
93	64	3	5	9	3
93	64	14	5	9	3
93	64	25	5	9	3
93	64	36	5	9	3
93	64	47	5	9	3
93	64	58	5	9	3
93	64	69	5	9	3
93	64	80	5	9	3
93	64	91	5	9	3
93	64	102	5	9	3
93	64	113	5	9	3
93	66	4	5	0	4
93	66	15	5	0	4
93	66	26	5	0	4
93	66	37	5	0	4
93	66	48	5	0	4
93	66	59	5	0	4
93	66	70	5	0	4
93	66	81	5	0	4
93	66	92	5	0	4
93	66	103	5	0	4
93	66	114	5	0	4
93	68	48	5	2	4
93	75	3	5	9	3
93	75	14	5	9	3
93	75	25	5	9	3
93	75	36	5	9	3
93	75	47	5	9	3
93	75	58	5	9	3
93	75	69	5	9	3
93	75	80	5	9	3
93	75	91	5	9	3
93	75	102	5	9	3
93	75	113	5	9	3
93	77	4	5	0	4
93	77	15	5	0	4
93	77	26	5	0	4
93	77	37	5	0	4
93	77	48	5	0	4
93	77	59	5	0	4
93	77	70	5	0	4
93	77	81	5	0	4
93	77	92	5	0	4
93	77	103	5	0	4
93	77	114	5	0	4
93	79	70	5	2	4
93	86	3	5	9	3
93	86	14	5	9	3
93	86	25	5	9	3
93	86	36	5	9	3
93	86	47	5	9	3
93	86	58	5	9	3
93	86	69	5	9	3
93	86	80	5	9	3
93	86	91	5	9	3
93	86	102	5	9	3
93	86	113	5	9	3
93	88	4	5	0	4
93	88	15	5	0	4
93	88	26	5	0	4
93	88	37	5	0	4
93	88	48	5	0	4
93	88	59	5	0	4
93	88	70	5	0	4
93	88	81	5	0	4
93	88	92	5	0	4
93	88	103	5	0	4
93	88	114	5	0	4
93	90	92	5	2	4
93	97	3	5	9	3
93	97	14	5	9	3
93	97	25	5	9	3
93	97	36	5	9	3
93	97	47	5	9	3
93	97	58	5	9	3
93	97	69	5	9	3
93	97	80	5	9	3
93	97	91	5	9	3
93	97	102	5	9	3
93	97	113	5	9	3
93	99	4	5	0	4
93	99	15	5	0	4
93	99	26	5	0	4
93	99	37	5	0	4
93	99	48	5	0	4
93	99	59	5	0	4
93	99	70	5	0	4
93	99	81	5	0	4
93	99	92	5	0	4
93	99	103	5	0	4
93	99	114	5	0	4
93	101	114	5	2	4
93	108	3	5	9	3
93	108	14	5	9	3
93	108	25	5	9	3
93	108	36	5	9	3
93	108	47	5	9	3
93	108	58	5	9	3
93	108	69	5	9	3
93	108	80	5	9	3
93	108	91	5	9	3
93	108	102	5	9	3
93	108	113	5	9	3
93	110	4	5	0	4
93	110	15	5	0	4
93	110	26	5	0	4
93	110	37	5	0	4
93	110	48	5	0	4
93	110	59	5	0	4
93	110	70	5	0	4
93	110	81	5	0	4
93	110	92	5	0	4
93	110	103	5	0	4
93	110	114	5	0	4
93	112	15	5	2	4
93	119	3	5	9	3
93	119	14	5	9	3
93	119	25	5	9	3
93	119	36	5	9	3
93	119	47	5	9	3
93	119	58	5	9	3
93	119	69	5	9	3
93	119	80	5	9	3
93	119	91	5	9	3
93	119	102	5	9	3
93	119	113	5	9	3
94	0	0	6	0	0
94	3	1	6	3	1
94	3	12	6	3	1
94	3	23	6	3	1
94	3	34	6	3	1
94	3	45	6	3	1
94	3	56	6	3	1
94	3	67	6	3	1
94	3	78	6	3	1
94	3	89	6	3	1
94	3	100	6	3	1
94	3	111	6	3	1
94	11	0	6	0	0
94	14	1	6	3	1
94	14	12	6	3	1
94	14	23	6	3	1
94	14	34	6	3	1
94	14	45	6	3	1
94	14	56	6	3	1
94	14	67	6	3	1
94	14	78	6	3	1
94	14	89	6	3	1
94	14	100	6	3	1
94	14	111	6	3	1
94	22	0	6	0	0
94	25	1	6	3	1
94	25	12	6	3	1
94	25	23	6	3	1
94	25	34	6	3	1
94	25	45	6	3	1
94	25	56	6	3	1
94	25	67	6	3	1
94	25	78	6	3	1
94	25	89	6	3	1
94	25	100	6	3	1
94	25	111	6	3	1
94	33	0	6	0	0
94	36	1	6	3	1
94	36	12	6	3	1
94	36	23	6	3	1
94	36	34	6	3	1
94	36	45	6	3	1
94	36	56	6	3	1
94	36	67	6	3	1
94	36	78	6	3	1
94	36	89	6	3	1
94	36	100	6	3	1
94	36	111	6	3	1
94	44	0	6	0	0
94	47	1	6	3	1
94	47	12	6	3	1
94	47	23	6	3	1
94	47	34	6	3	1
94	47	45	6	3	1
94	47	56	6	3	1
94	47	67	6	3	1
94	47	78	6	3	1
94	47	89	6	3	1
94	47	100	6	3	1
94	47	111	6	3	1
94	55	0	6	0	0
94	58	1	6	3	1
94	58	12	6	3	1
94	58	23	6	3	1
94	58	34	6	3	1
94	58	45	6	3	1
94	58	56	6	3	1
94	58	67	6	3	1
94	58	78	6	3	1
94	58	89	6	3	1
94	58	100	6	3	1
94	58	111	6	3	1
94	66	0	6	0	0
94	69	1	6	3	1
94	69	12	6	3	1
94	69	23	6	3	1
94	69	34	6	3	1
94	69	45	6	3	1
94	69	56	6	3	1
94	69	67	6	3	1
94	69	78	6	3	1
94	69	89	6	3	1
94	69	100	6	3	1
94	69	111	6	3	1
94	77	0	6	0	0
94	80	1	6	3	1
94	80	12	6	3	1
94	80	23	6	3	1
94	80	34	6	3	1
94	80	45	6	3	1
94	80	56	6	3	1
94	80	67	6	3	1
94	80	78	6	3	1
94	80	89	6	3	1
94	80	100	6	3	1
94	80	111	6	3	1
94	88	0	6	0	0
94	91	1	6	3	1
94	91	12	6	3	1
94	91	23	6	3	1
94	91	34	6	3	1
94	91	45	6	3	1
94	91	56	6	3	1
94	91	67	6	3	1
94	91	78	6	3	1
94	91	89	6	3	1
94	91	100	6	3	1
94	91	111	6	3	1
94	99	0	6	0	0
94	102	1	6	3	1
94	102	12	6	3	1
94	102	23	6	3	1
94	102	34	6	3	1
94	102	45	6	3	1
94	102	56	6	3	1
94	102	67	6	3	1
94	102	78	6	3	1
94	102	89	6	3	1
94	102	100	6	3	1
94	102	111	6	3	1
94	110	0	6	0	0
94	113	1	6	3	1
94	113	12	6	3	1
94	113	23	6	3	1
94	113	34	6	3	1
94	113	45	6	3	1
94	113	56	6	3	1
94	113	67	6	3	1
94	113	78	6	3	1
94	113	89	6	3	1
94	113	100	6	3	1
94	113	111	6	3	1
97	0	1	9	0	1
97	0	12	9	0	1
97	0	23	9	0	1
97	0	34	9	0	1
97	0	45	9	0	1
97	0	56	9	0	1
97	0	67	9	0	1
97	0	78	9	0	1
97	0	89	9	0	1
97	0	100	9	0	1
97	0	111	9	0	1
97	11	1	9	0	1
97	11	12	9	0	1
97	11	23	9	0	1
97	11	34	9	0	1
97	11	45	9	0	1
97	11	56	9	0	1
97	11	67	9	0	1
97	11	78	9	0	1
97	11	89	9	0	1
97	11	100	9	0	1
97	11	111	9	0	1
97	22	1	9	0	1
97	22	12	9	0	1
97	22	23	9	0	1
97	22	34	9	0	1
97	22	45	9	0	1
97	22	56	9	0	1
97	22	67	9	0	1
97	22	78	9	0	1
97	22	89	9	0	1
97	22	100	9	0	1
97	22	111	9	0	1
97	33	1	9	0	1
97	33	12	9	0	1
97	33	23	9	0	1
97	33	34	9	0	1
97	33	45	9	0	1
97	33	56	9	0	1
97	33	67	9	0	1
97	33	78	9	0	1
97	33	89	9	0	1
97	33	100	9	0	1
97	33	111	9	0	1
97	44	1	9	0	1
97	44	12	9	0	1
97	44	23	9	0	1
97	44	34	9	0	1
97	44	45	9	0	1
97	44	56	9	0	1
97	44	67	9	0	1
97	44	78	9	0	1
97	44	89	9	0	1
97	44	100	9	0	1
97	44	111	9	0	1
97	55	1	9	0	1
97	55	12	9	0	1
97	55	23	9	0	1
97	55	34	9	0	1
97	55	45	9	0	1
97	55	56	9	0	1
97	55	67	9	0	1
97	55	78	9	0	1
97	55	89	9	0	1
97	55	100	9	0	1
97	55	111	9	0	1
97	62	98	9	7	10
97	66	1	9	0	1
97	66	12	9	0	1
97	66	23	9	0	1
97	66	34	9	0	1
97	66	45	9	0	1
97	66	56	9	0	1
97	66	67	9	0	1
97	66	78	9	0	1
97	66	89	9	0	1
97	66	100	9	0	1
97	66	111	9	0	1
97	77	1	9	0	1
97	77	12	9	0	1
97	77	23	9	0	1
97	77	34	9	0	1
97	77	45	9	0	1
97	77	56	9	0	1
97	77	67	9	0	1
97	77	78	9	0	1
97	77	89	9	0	1
97	77	100	9	0	1
97	77	111	9	0	1
97	88	1	9	0	1
97	88	12	9	0	1
97	88	23	9	0	1
97	88	34	9	0	1
97	88	45	9	0	1
97	88	56	9	0	1
97	88	67	9	0	1
97	88	78	9	0	1
97	88	89	9	0	1
97	88	100	9	0	1
97	88	111	9	0	1
97	99	1	9	0	1
97	99	12	9	0	1
97	99	23	9	0	1
97	99	34	9	0	1
97	99	45	9	0	1
97	99	56	9	0	1
97	99	67	9	0	1
97	99	78	9	0	1
97	99	89	9	0	1
97	99	100	9	0	1
97	99	111	9	0	1
97	110	1	9	0	1
97	110	12	9	0	1
97	110	23	9	0	1
97	110	34	9	0	1
97	110	45	9	0	1
97	110	56	9	0	1
97	110	67	9	0	1
97	110	78	9	0	1
97	110	89	9	0	1
97	110	100	9	0	1
97	110	111	9	0	1
98	0	72	10	0	6
98	5	6	10	5	6
98	5	17	10	5	6
98	5	28	10	5	6
98	5	39	10	5	6
98	5	50	10	5	6
98	5	61	10	5	6
98	5	72	10	5	6
98	5	83	10	5	6
98	5	94	10	5	6
98	5	105	10	5	6
98	5	116	10	5	6
98	11	72	10	0	6
98	16	6	10	5	6
98	16	17	10	5	6
98	16	28	10	5	6
98	16	39	10	5	6
98	16	50	10	5	6
98	16	61	10	5	6
98	16	72	10	5	6
98	16	83	10	5	6
98	16	94	10	5	6
98	16	105	10	5	6
98	16	116	10	5	6
98	22	72	10	0	6
98	27	6	10	5	6
98	27	17	10	5	6
98	27	28	10	5	6
98	27	39	10	5	6
98	27	50	10	5	6
98	27	61	10	5	6
98	27	72	10	5	6
98	27	83	10	5	6
98	27	94	10	5	6
98	27	105	10	5	6
98	27	116	10	5	6
98	33	72	10	0	6
98	38	6	10	5	6
98	38	17	10	5	6
98	38	28	10	5	6
98	38	39	10	5	6
98	38	50	10	5	6
98	38	61	10	5	6
98	38	72	10	5	6
98	38	83	10	5	6
98	38	94	10	5	6
98	38	105	10	5	6
98	38	116	10	5	6
98	44	72	10	0	6
98	49	6	10	5	6
98	49	17	10	5	6
98	49	28	10	5	6
98	49	39	10	5	6
98	49	50	10	5	6
98	49	61	10	5	6
98	49	72	10	5	6
98	49	83	10	5	6
98	49	94	10	5	6
98	49	105	10	5	6
98	49	116	10	5	6
98	55	72	10	0	6
98	60	6	10	5	6
98	60	17	10	5	6
98	60	28	10	5	6
98	60	39	10	5	6
98	60	50	10	5	6
98	60	61	10	5	6
98	60	72	10	5	6
98	60	83	10	5	6
98	60	94	10	5	6
98	60	105	10	5	6
98	60	116	10	5	6
98	66	72	10	0	6
98	71	6	10	5	6
98	71	17	10	5	6
98	71	28	10	5	6
98	71	39	10	5	6
98	71	50	10	5	6
98	71	61	10	5	6
98	71	72	10	5	6
98	71	83	10	5	6
98	71	94	10	5	6
98	71	105	10	5	6
98	71	116	10	5	6
98	77	72	10	0	6
98	82	6	10	5	6
98	82	17	10	5	6
98	82	28	10	5	6
98	82	39	10	5	6
98	82	50	10	5	6
98	82	61	10	5	6
98	82	72	10	5	6
98	82	83	10	5	6
98	82	94	10	5	6
98	82	105	10	5	6
98	82	116	10	5	6
98	88	72	10	0	6
98	93	6	10	5	6
98	93	17	10	5	6
98	93	28	10	5	6
98	93	39	10	5	6
98	93	50	10	5	6
98	93	61	10	5	6
98	93	72	10	5	6
98	93	83	10	5	6
98	93	94	10	5	6
98	93	105	10	5	6
98	93	116	10	5	6
98	99	72	10	0	6
98	104	6	10	5	6
98	104	17	10	5	6
98	104	28	10	5	6
98	104	39	10	5	6
98	104	50	10	5	6
98	104	61	10	5	6
98	104	72	10	5	6
98	104	83	10	5	6
98	104	94	10	5	6
98	104	105	10	5	6
98	104	116	10	5	6
98	110	72	10	0	6
98	115	6	10	5	6
98	115	17	10	5	6
98	115	28	10	5	6
98	115	39	10	5	6
98	115	50	10	5	6
98	115	61	10	5	6
98	115	72	10	5	6
98	115	83	10	5	6
98	115	94	10	5	6
98	115	105	10	5	6
98	115	116	10	5	6
99	0	0	0	0	0
99	11	0	0	0	0
99	22	0	0	0	0
99	33	0	0	0	0
99	44	0	0	0	0
99	55	0	0	0	0
99	66	0	0	0	0
99	77	0	0	0	0
99	88	0	0	0	0
99	99	0	0	0	0
99	110	0	0	0	0
100	0	1	1	0	1
100	0	12	1	0	1
100	0	23	1	0	1
100	0	34	1	0	1
100	0	45	1	0	1
100	0	56	1	0	1
100	0	67	1	0	1
100	0	78	1	0	1
100	0	89	1	0	1
100	0	94	1	0	6
100	0	100	1	0	1
100	0	111	1	0	1
100	7	82	1	7	5
100	11	1	1	0	1
100	11	12	1	0	1
100	11	23	1	0	1
100	11	34	1	0	1
100	11	45	1	0	1
100	11	56	1	0	1
100	11	67	1	0	1
100	11	78	1	0	1
100	11	89	1	0	1
100	11	94	1	0	6
100	11	100	1	0	1
100	11	111	1	0	1
100	18	38	1	7	5
100	22	1	1	0	1
100	22	12	1	0	1
100	22	23	1	0	1
100	22	34	1	0	1
100	22	45	1	0	1
100	22	56	1	0	1
100	22	67	1	0	1
100	22	78	1	0	1
100	22	89	1	0	1
100	22	94	1	0	6
100	22	100	1	0	1
100	22	111	1	0	1
100	29	115	1	7	5
100	33	1	1	0	1
100	33	12	1	0	1
100	33	23	1	0	1
100	33	34	1	0	1
100	33	45	1	0	1
100	33	56	1	0	1
100	33	67	1	0	1
100	33	78	1	0	1
100	33	89	1	0	1
100	33	94	1	0	6
100	33	100	1	0	1
100	33	111	1	0	1
100	40	71	1	7	5
100	44	1	1	0	1
100	44	12	1	0	1
100	44	23	1	0	1
100	44	34	1	0	1
100	44	45	1	0	1
100	44	56	1	0	1
100	44	67	1	0	1
100	44	78	1	0	1
100	44	89	1	0	1
100	44	94	1	0	6
100	44	100	1	0	1
100	44	111	1	0	1
100	51	27	1	7	5
100	55	1	1	0	1
100	55	12	1	0	1
100	55	23	1	0	1
100	55	34	1	0	1
100	55	45	1	0	1
100	55	56	1	0	1
100	55	67	1	0	1
100	55	78	1	0	1
100	55	89	1	0	1
100	55	94	1	0	6
100	55	100	1	0	1
100	55	111	1	0	1
100	62	104	1	7	5
100	66	1	1	0	1
100	66	12	1	0	1
100	66	23	1	0	1
100	66	34	1	0	1
100	66	45	1	0	1
100	66	56	1	0	1
100	66	67	1	0	1
100	66	78	1	0	1
100	66	89	1	0	1
100	66	94	1	0	6
100	66	100	1	0	1
100	66	111	1	0	1
100	73	60	1	7	5
100	77	1	1	0	1
100	77	12	1	0	1
100	77	23	1	0	1
100	77	34	1	0	1
100	77	45	1	0	1
100	77	56	1	0	1
100	77	67	1	0	1
100	77	78	1	0	1
100	77	89	1	0	1
100	77	94	1	0	6
100	77	100	1	0	1
100	77	111	1	0	1
100	84	16	1	7	5
100	88	1	1	0	1
100	88	12	1	0	1
100	88	23	1	0	1
100	88	34	1	0	1
100	88	45	1	0	1
100	88	56	1	0	1
100	88	67	1	0	1
100	88	78	1	0	1
100	88	89	1	0	1
100	88	94	1	0	6
100	88	100	1	0	1
100	88	111	1	0	1
100	95	93	1	7	5
100	99	1	1	0	1
100	99	12	1	0	1
100	99	23	1	0	1
100	99	34	1	0	1
100	99	45	1	0	1
100	99	56	1	0	1
100	99	67	1	0	1
100	99	78	1	0	1
100	99	89	1	0	1
100	99	94	1	0	6
100	99	100	1	0	1
100	99	111	1	0	1
100	106	49	1	7	5
100	110	1	1	0	1
100	110	12	1	0	1
100	110	23	1	0	1
100	110	34	1	0	1
100	110	45	1	0	1
100	110	56	1	0	1
100	110	67	1	0	1
100	110	78	1	0	1
100	110	89	1	0	1
100	110	94	1	0	6
100	110	100	1	0	1
100	110	111	1	0	1
100	117	5	1	7	5
101	64	48	2	9	4
102	0	6	3	0	6
102	0	17	3	0	6
102	0	28	3	0	6
102	0	39	3	0	6
102	0	50	3	0	6
102	0	61	3	0	6
102	0	72	3	0	6
102	0	83	3	0	6
102	0	94	3	0	6
102	0	105	3	0	6
102	0	116	3	0	6
102	4	9	3	4	9
102	11	6	3	0	6
102	11	17	3	0	6
102	11	28	3	0	6
102	11	39	3	0	6
102	11	50	3	0	6
102	11	61	3	0	6
102	11	72	3	0	6
102	11	83	3	0	6
102	11	94	3	0	6
102	11	105	3	0	6
102	11	116	3	0	6
102	22	6	3	0	6
102	22	17	3	0	6
102	22	28	3	0	6
102	22	39	3	0	6
102	22	50	3	0	6
102	22	61	3	0	6
102	22	72	3	0	6
102	22	83	3	0	6
102	22	94	3	0	6
102	22	105	3	0	6
102	22	116	3	0	6
102	33	6	3	0	6
102	33	17	3	0	6
102	33	28	3	0	6
102	33	39	3	0	6
102	33	50	3	0	6
102	33	61	3	0	6
102	33	72	3	0	6
102	33	83	3	0	6
102	33	94	3	0	6
102	33	105	3	0	6
102	33	116	3	0	6
102	44	6	3	0	6
102	44	17	3	0	6
102	44	28	3	0	6
102	44	39	3	0	6
102	44	50	3	0	6
102	44	61	3	0	6
102	44	72	3	0	6
102	44	83	3	0	6
102	44	94	3	0	6
102	44	105	3	0	6
102	44	116	3	0	6
102	55	6	3	0	6
102	55	17	3	0	6
102	55	28	3	0	6
102	55	39	3	0	6
102	55	50	3	0	6
102	55	61	3	0	6
102	55	72	3	0	6
102	55	83	3	0	6
102	55	94	3	0	6
102	55	105	3	0	6
102	55	116	3	0	6
102	66	6	3	0	6
102	66	17	3	0	6
102	66	28	3	0	6
102	66	39	3	0	6
102	66	50	3	0	6
102	66	61	3	0	6
102	66	72	3	0	6
102	66	83	3	0	6
102	66	94	3	0	6
102	66	105	3	0	6
102	66	116	3	0	6
102	77	6	3	0	6
102	77	17	3	0	6
102	77	28	3	0	6
102	77	39	3	0	6
102	77	50	3	0	6
102	77	61	3	0	6
102	77	72	3	0	6
102	77	83	3	0	6
102	77	94	3	0	6
102	77	105	3	0	6
102	77	116	3	0	6
102	88	6	3	0	6
102	88	17	3	0	6
102	88	28	3	0	6
102	88	39	3	0	6
102	88	50	3	0	6
102	88	61	3	0	6
102	88	72	3	0	6
102	88	83	3	0	6
102	88	94	3	0	6
102	88	105	3	0	6
102	88	116	3	0	6
102	99	6	3	0	6
102	99	17	3	0	6
102	99	28	3	0	6
102	99	39	3	0	6
102	99	50	3	0	6
102	99	61	3	0	6
102	99	72	3	0	6
102	99	83	3	0	6
102	99	94	3	0	6
102	99	105	3	0	6
102	99	116	3	0	6
102	110	6	3	0	6
102	110	17	3	0	6
102	110	28	3	0	6
102	110	39	3	0	6
102	110	50	3	0	6
102	110	61	3	0	6
102	110	72	3	0	6
102	110	83	3	0	6
102	110	94	3	0	6
102	110	105	3	0	6
102	110	116	3	0	6
103	0	10	4	0	10
103	0	21	4	0	10
103	0	32	4	0	10
103	0	43	4	0	10
103	0	54	4	0	10
103	0	65	4	0	10
103	0	76	4	0	10
103	0	87	4	0	10
103	0	98	4	0	10
103	0	109	4	0	10
103	0	120	4	0	10
103	5	10	4	5	10
103	5	21	4	5	10
103	5	32	4	5	10
103	5	43	4	5	10
103	5	54	4	5	10
103	5	65	4	5	10
103	5	76	4	5	10
103	5	87	4	5	10
103	5	98	4	5	10
103	5	109	4	5	10
103	5	120	4	5	10
103	9	120	4	9	10
103	11	10	4	0	10
103	11	21	4	0	10
103	11	32	4	0	10
103	11	43	4	0	10
103	11	54	4	0	10
103	11	65	4	0	10
103	11	76	4	0	10
103	11	87	4	0	10
103	11	98	4	0	10
103	11	109	4	0	10
103	11	120	4	0	10
103	16	10	4	5	10
103	16	21	4	5	10
103	16	32	4	5	10
103	16	43	4	5	10
103	16	54	4	5	10
103	16	65	4	5	10
103	16	76	4	5	10
103	16	87	4	5	10
103	16	98	4	5	10
103	16	109	4	5	10
103	16	120	4	5	10
103	20	65	4	9	10
103	22	10	4	0	10
103	22	21	4	0	10
103	22	32	4	0	10
103	22	43	4	0	10
103	22	54	4	0	10
103	22	65	4	0	10
103	22	76	4	0	10
103	22	87	4	0	10
103	22	98	4	0	10
103	22	109	4	0	10
103	22	120	4	0	10
103	27	10	4	5	10
103	27	21	4	5	10
103	27	32	4	5	10
103	27	43	4	5	10
103	27	54	4	5	10
103	27	65	4	5	10
103	27	76	4	5	10
103	27	87	4	5	10
103	27	98	4	5	10
103	27	109	4	5	10
103	27	120	4	5	10
103	31	10	4	9	10
103	33	10	4	0	10
103	33	21	4	0	10
103	33	32	4	0	10
103	33	43	4	0	10
103	33	54	4	0	10
103	33	65	4	0	10
103	33	76	4	0	10
103	33	87	4	0	10
103	33	98	4	0	10
103	33	109	4	0	10
103	33	120	4	0	10
103	38	10	4	5	10
103	38	21	4	5	10
103	38	32	4	5	10
103	38	43	4	5	10
103	38	54	4	5	10
103	38	65	4	5	10
103	38	76	4	5	10
103	38	87	4	5	10
103	38	98	4	5	10
103	38	109	4	5	10
103	38	120	4	5	10
103	42	76	4	9	10
103	44	10	4	0	10
103	44	21	4	0	10
103	44	32	4	0	10
103	44	43	4	0	10
103	44	54	4	0	10
103	44	65	4	0	10
103	44	76	4	0	10
103	44	87	4	0	10
103	44	98	4	0	10
103	44	109	4	0	10
103	44	120	4	0	10
103	49	10	4	5	10
103	49	21	4	5	10
103	49	32	4	5	10
103	49	43	4	5	10
103	49	54	4	5	10
103	49	65	4	5	10
103	49	76	4	5	10
103	49	87	4	5	10
103	49	98	4	5	10
103	49	109	4	5	10
103	49	120	4	5	10
103	53	21	4	9	10
103	55	10	4	0	10
103	55	21	4	0	10
103	55	32	4	0	10
103	55	43	4	0	10
103	55	54	4	0	10
103	55	65	4	0	10
103	55	76	4	0	10
103	55	87	4	0	10
103	55	98	4	0	10
103	55	109	4	0	10
103	55	120	4	0	10
103	60	10	4	5	10
103	60	21	4	5	10
103	60	32	4	5	10
103	60	43	4	5	10
103	60	54	4	5	10
103	60	65	4	5	10
103	60	76	4	5	10
103	60	87	4	5	10
103	60	98	4	5	10
103	60	109	4	5	10
103	60	120	4	5	10
103	64	87	4	9	10
103	65	32	4	10	10
103	66	10	4	0	10
103	66	21	4	0	10
103	66	32	4	0	10
103	66	43	4	0	10
103	66	54	4	0	10
103	66	65	4	0	10
103	66	76	4	0	10
103	66	87	4	0	10
103	66	98	4	0	10
103	66	109	4	0	10
103	66	120	4	0	10
103	71	10	4	5	10
103	71	21	4	5	10
103	71	32	4	5	10
103	71	43	4	5	10
103	71	54	4	5	10
103	71	65	4	5	10
103	71	76	4	5	10
103	71	87	4	5	10
103	71	98	4	5	10
103	71	109	4	5	10
103	71	120	4	5	10
103	75	32	4	9	10
103	77	10	4	0	10
103	77	21	4	0	10
103	77	32	4	0	10
103	77	43	4	0	10
103	77	54	4	0	10
103	77	65	4	0	10
103	77	76	4	0	10
103	77	87	4	0	10
103	77	98	4	0	10
103	77	109	4	0	10
103	77	120	4	0	10
103	82	10	4	5	10
103	82	21	4	5	10
103	82	32	4	5	10
103	82	43	4	5	10
103	82	54	4	5	10
103	82	65	4	5	10
103	82	76	4	5	10
103	82	87	4	5	10
103	82	98	4	5	10
103	82	109	4	5	10
103	82	120	4	5	10
103	86	98	4	9	10
103	88	10	4	0	10
103	88	21	4	0	10
103	88	32	4	0	10
103	88	43	4	0	10
103	88	54	4	0	10
103	88	65	4	0	10
103	88	76	4	0	10
103	88	87	4	0	10
103	88	98	4	0	10
103	88	109	4	0	10
103	88	120	4	0	10
103	93	10	4	5	10
103	93	21	4	5	10
103	93	32	4	5	10
103	93	43	4	5	10
103	93	54	4	5	10
103	93	65	4	5	10
103	93	76	4	5	10
103	93	87	4	5	10
103	93	98	4	5	10
103	93	109	4	5	10
103	93	120	4	5	10
103	97	43	4	9	10
103	99	10	4	0	10
103	99	21	4	0	10
103	99	32	4	0	10
103	99	43	4	0	10
103	99	54	4	0	10
103	99	65	4	0	10
103	99	76	4	0	10
103	99	87	4	0	10
103	99	98	4	0	10
103	99	109	4	0	10
103	99	120	4	0	10
103	104	10	4	5	10
103	104	21	4	5	10
103	104	32	4	5	10
103	104	43	4	5	10
103	104	54	4	5	10
103	104	65	4	5	10
103	104	76	4	5	10
103	104	87	4	5	10
103	104	98	4	5	10
103	104	109	4	5	10
103	104	120	4	5	10
103	108	109	4	9	10
103	110	10	4	0	10
103	110	21	4	0	10
103	110	32	4	0	10
103	110	43	4	0	10
103	110	54	4	0	10
103	110	65	4	0	10
103	110	76	4	0	10
103	110	87	4	0	10
103	110	98	4	0	10
103	110	109	4	0	10
103	110	120	4	0	10
103	115	10	4	5	10
103	115	21	4	5	10
103	115	32	4	5	10
103	115	43	4	5	10
103	115	54	4	5	10
103	115	65	4	5	10
103	115	76	4	5	10
103	115	87	4	5	10
103	115	98	4	5	10
103	115	109	4	5	10
103	115	120	4	5	10
103	119	54	4	9	10
104	0	4	5	0	4
104	0	15	5	0	4
104	0	26	5	0	4
104	0	37	5	0	4
104	0	48	5	0	4
104	0	59	5	0	4
104	0	70	5	0	4
104	0	81	5	0	4
104	0	92	5	0	4
104	0	103	5	0	4
104	0	114	5	0	4
104	2	70	5	2	4
104	9	3	5	9	3
104	9	14	5	9	3
104	9	25	5	9	3
104	9	36	5	9	3
104	9	47	5	9	3
104	9	58	5	9	3
104	9	69	5	9	3
104	9	80	5	9	3
104	9	91	5	9	3
104	9	102	5	9	3
104	9	113	5	9	3
104	11	4	5	0	4
104	11	15	5	0	4
104	11	26	5	0	4
104	11	37	5	0	4
104	11	48	5	0	4
104	11	59	5	0	4
104	11	70	5	0	4
104	11	81	5	0	4
104	11	92	5	0	4
104	11	103	5	0	4
104	11	114	5	0	4
104	13	92	5	2	4
104	20	3	5	9	3
104	20	14	5	9	3
104	20	25	5	9	3
104	20	36	5	9	3
104	20	47	5	9	3
104	20	58	5	9	3
104	20	69	5	9	3
104	20	80	5	9	3
104	20	91	5	9	3
104	20	102	5	9	3
104	20	113	5	9	3
104	22	4	5	0	4
104	22	15	5	0	4
104	22	26	5	0	4
104	22	37	5	0	4
104	22	48	5	0	4
104	22	59	5	0	4
104	22	70	5	0	4
104	22	81	5	0	4
104	22	92	5	0	4
104	22	103	5	0	4
104	22	114	5	0	4
104	24	114	5	2	4
104	31	3	5	9	3
104	31	14	5	9	3
104	31	25	5	9	3
104	31	36	5	9	3
104	31	47	5	9	3
104	31	58	5	9	3
104	31	69	5	9	3
104	31	80	5	9	3
104	31	91	5	9	3
104	31	102	5	9	3
104	31	113	5	9	3
104	33	4	5	0	4
104	33	15	5	0	4
104	33	26	5	0	4
104	33	37	5	0	4
104	33	48	5	0	4
104	33	59	5	0	4
104	33	70	5	0	4
104	33	81	5	0	4
104	33	92	5	0	4
104	33	103	5	0	4
104	33	114	5	0	4
104	35	15	5	2	4
104	42	3	5	9	3
104	42	14	5	9	3
104	42	25	5	9	3
104	42	36	5	9	3
104	42	47	5	9	3
104	42	58	5	9	3
104	42	69	5	9	3
104	42	80	5	9	3
104	42	91	5	9	3
104	42	102	5	9	3
104	42	113	5	9	3
104	44	4	5	0	4
104	44	15	5	0	4
104	44	26	5	0	4
104	44	37	5	0	4
104	44	48	5	0	4
104	44	59	5	0	4
104	44	70	5	0	4
104	44	81	5	0	4
104	44	92	5	0	4
104	44	103	5	0	4
104	44	114	5	0	4
104	46	37	5	2	4
104	53	3	5	9	3
104	53	14	5	9	3
104	53	25	5	9	3
104	53	36	5	9	3
104	53	47	5	9	3
104	53	58	5	9	3
104	53	69	5	9	3
104	53	80	5	9	3
104	53	91	5	9	3
104	53	102	5	9	3
104	53	113	5	9	3
104	55	4	5	0	4
104	55	15	5	0	4
104	55	26	5	0	4
104	55	37	5	0	4
104	55	48	5	0	4
104	55	59	5	0	4
104	55	70	5	0	4
104	55	81	5	0	4
104	55	92	5	0	4
104	55	103	5	0	4
104	55	114	5	0	4
104	57	59	5	2	4
104	64	3	5	9	3
104	64	14	5	9	3
104	64	25	5	9	3
104	64	36	5	9	3
104	64	47	5	9	3
104	64	58	5	9	3
104	64	69	5	9	3
104	64	80	5	9	3
104	64	91	5	9	3
104	64	102	5	9	3
104	64	113	5	9	3
104	66	4	5	0	4
104	66	15	5	0	4
104	66	26	5	0	4
104	66	37	5	0	4
104	66	48	5	0	4
104	66	59	5	0	4
104	66	70	5	0	4
104	66	81	5	0	4
104	66	92	5	0	4
104	66	103	5	0	4
104	66	114	5	0	4
104	68	81	5	2	4
104	75	3	5	9	3
104	75	14	5	9	3
104	75	25	5	9	3
104	75	36	5	9	3
104	75	47	5	9	3
104	75	58	5	9	3
104	75	69	5	9	3
104	75	80	5	9	3
104	75	91	5	9	3
104	75	102	5	9	3
104	75	113	5	9	3
104	77	4	5	0	4
104	77	15	5	0	4
104	77	26	5	0	4
104	77	37	5	0	4
104	77	48	5	0	4
104	77	59	5	0	4
104	77	70	5	0	4
104	77	81	5	0	4
104	77	92	5	0	4
104	77	103	5	0	4
104	77	114	5	0	4
104	79	103	5	2	4
104	86	3	5	9	3
104	86	14	5	9	3
104	86	25	5	9	3
104	86	36	5	9	3
104	86	47	5	9	3
104	86	58	5	9	3
104	86	69	5	9	3
104	86	80	5	9	3
104	86	91	5	9	3
104	86	102	5	9	3
104	86	113	5	9	3
104	88	4	5	0	4
104	88	15	5	0	4
104	88	26	5	0	4
104	88	37	5	0	4
104	88	48	5	0	4
104	88	59	5	0	4
104	88	70	5	0	4
104	88	81	5	0	4
104	88	92	5	0	4
104	88	103	5	0	4
104	88	114	5	0	4
104	90	4	5	2	4
104	97	3	5	9	3
104	97	14	5	9	3
104	97	25	5	9	3
104	97	36	5	9	3
104	97	47	5	9	3
104	97	58	5	9	3
104	97	69	5	9	3
104	97	80	5	9	3
104	97	91	5	9	3
104	97	102	5	9	3
104	97	113	5	9	3
104	99	4	5	0	4
104	99	15	5	0	4
104	99	26	5	0	4
104	99	37	5	0	4
104	99	48	5	0	4
104	99	59	5	0	4
104	99	70	5	0	4
104	99	81	5	0	4
104	99	92	5	0	4
104	99	103	5	0	4
104	99	114	5	0	4
104	101	26	5	2	4
104	108	3	5	9	3
104	108	14	5	9	3
104	108	25	5	9	3
104	108	36	5	9	3
104	108	47	5	9	3
104	108	58	5	9	3
104	108	69	5	9	3
104	108	80	5	9	3
104	108	91	5	9	3
104	108	102	5	9	3
104	108	113	5	9	3
104	110	4	5	0	4
104	110	15	5	0	4
104	110	26	5	0	4
104	110	37	5	0	4
104	110	48	5	0	4
104	110	59	5	0	4
104	110	70	5	0	4
104	110	81	5	0	4
104	110	92	5	0	4
104	110	103	5	0	4
104	110	114	5	0	4
104	112	48	5	2	4
104	119	3	5	9	3
104	119	14	5	9	3
104	119	25	5	9	3
104	119	36	5	9	3
104	119	47	5	9	3
104	119	58	5	9	3
104	119	69	5	9	3
104	119	80	5	9	3
104	119	91	5	9	3
104	119	102	5	9	3
104	119	113	5	9	3
105	0	22	6	0	0
105	3	1	6	3	1
105	3	12	6	3	1
105	3	23	6	3	1
105	3	34	6	3	1
105	3	45	6	3	1
105	3	56	6	3	1
105	3	67	6	3	1
105	3	78	6	3	1
105	3	89	6	3	1
105	3	100	6	3	1
105	3	111	6	3	1
105	11	22	6	0	0
105	14	1	6	3	1
105	14	12	6	3	1
105	14	23	6	3	1
105	14	34	6	3	1
105	14	45	6	3	1
105	14	56	6	3	1
105	14	67	6	3	1
105	14	78	6	3	1
105	14	89	6	3	1
105	14	100	6	3	1
105	14	111	6	3	1
105	22	22	6	0	0
105	25	1	6	3	1
105	25	12	6	3	1
105	25	23	6	3	1
105	25	34	6	3	1
105	25	45	6	3	1
105	25	56	6	3	1
105	25	67	6	3	1
105	25	78	6	3	1
105	25	89	6	3	1
105	25	100	6	3	1
105	25	111	6	3	1
105	33	22	6	0	0
105	36	1	6	3	1
105	36	12	6	3	1
105	36	23	6	3	1
105	36	34	6	3	1
105	36	45	6	3	1
105	36	56	6	3	1
105	36	67	6	3	1
105	36	78	6	3	1
105	36	89	6	3	1
105	36	100	6	3	1
105	36	111	6	3	1
105	44	22	6	0	0
105	47	1	6	3	1
105	47	12	6	3	1
105	47	23	6	3	1
105	47	34	6	3	1
105	47	45	6	3	1
105	47	56	6	3	1
105	47	67	6	3	1
105	47	78	6	3	1
105	47	89	6	3	1
105	47	100	6	3	1
105	47	111	6	3	1
105	55	22	6	0	0
105	58	1	6	3	1
105	58	12	6	3	1
105	58	23	6	3	1
105	58	34	6	3	1
105	58	45	6	3	1
105	58	56	6	3	1
105	58	67	6	3	1
105	58	78	6	3	1
105	58	89	6	3	1
105	58	100	6	3	1
105	58	111	6	3	1
105	66	22	6	0	0
105	69	1	6	3	1
105	69	12	6	3	1
105	69	23	6	3	1
105	69	34	6	3	1
105	69	45	6	3	1
105	69	56	6	3	1
105	69	67	6	3	1
105	69	78	6	3	1
105	69	89	6	3	1
105	69	100	6	3	1
105	69	111	6	3	1
105	77	22	6	0	0
105	80	1	6	3	1
105	80	12	6	3	1
105	80	23	6	3	1
105	80	34	6	3	1
105	80	45	6	3	1
105	80	56	6	3	1
105	80	67	6	3	1
105	80	78	6	3	1
105	80	89	6	3	1
105	80	100	6	3	1
105	80	111	6	3	1
105	88	22	6	0	0
105	91	1	6	3	1
105	91	12	6	3	1
105	91	23	6	3	1
105	91	34	6	3	1
105	91	45	6	3	1
105	91	56	6	3	1
105	91	67	6	3	1
105	91	78	6	3	1
105	91	89	6	3	1
105	91	100	6	3	1
105	91	111	6	3	1
105	99	22	6	0	0
105	102	1	6	3	1
105	102	12	6	3	1
105	102	23	6	3	1
105	102	34	6	3	1
105	102	45	6	3	1
105	102	56	6	3	1
105	102	67	6	3	1
105	102	78	6	3	1
105	102	89	6	3	1
105	102	100	6	3	1
105	102	111	6	3	1
105	110	22	6	0	0
105	113	1	6	3	1
105	113	12	6	3	1
105	113	23	6	3	1
105	113	34	6	3	1
105	113	45	6	3	1
105	113	56	6	3	1
105	113	67	6	3	1
105	113	78	6	3	1
105	113	89	6	3	1
105	113	100	6	3	1
105	113	111	6	3	1
108	0	1	9	0	1
108	0	12	9	0	1
108	0	23	9	0	1
108	0	34	9	0	1
108	0	45	9	0	1
108	0	56	9	0	1
108	0	67	9	0	1
108	0	78	9	0	1
108	0	89	9	0	1
108	0	100	9	0	1
108	0	111	9	0	1
108	7	109	9	7	10
108	11	1	9	0	1
108	11	12	9	0	1
108	11	23	9	0	1
108	11	34	9	0	1
108	11	45	9	0	1
108	11	56	9	0	1
108	11	67	9	0	1
108	11	78	9	0	1
108	11	89	9	0	1
108	11	100	9	0	1
108	11	111	9	0	1
108	22	1	9	0	1
108	22	12	9	0	1
108	22	23	9	0	1
108	22	34	9	0	1
108	22	45	9	0	1
108	22	56	9	0	1
108	22	67	9	0	1
108	22	78	9	0	1
108	22	89	9	0	1
108	22	100	9	0	1
108	22	111	9	0	1
108	33	1	9	0	1
108	33	12	9	0	1
108	33	23	9	0	1
108	33	34	9	0	1
108	33	45	9	0	1
108	33	56	9	0	1
108	33	67	9	0	1
108	33	78	9	0	1
108	33	89	9	0	1
108	33	100	9	0	1
108	33	111	9	0	1
108	44	1	9	0	1
108	44	12	9	0	1
108	44	23	9	0	1
108	44	34	9	0	1
108	44	45	9	0	1
108	44	56	9	0	1
108	44	67	9	0	1
108	44	78	9	0	1
108	44	89	9	0	1
108	44	100	9	0	1
108	44	111	9	0	1
108	55	1	9	0	1
108	55	12	9	0	1
108	55	23	9	0	1
108	55	34	9	0	1
108	55	45	9	0	1
108	55	56	9	0	1
108	55	67	9	0	1
108	55	78	9	0	1
108	55	89	9	0	1
108	55	100	9	0	1
108	55	111	9	0	1
108	66	1	9	0	1
108	66	12	9	0	1
108	66	23	9	0	1
108	66	34	9	0	1
108	66	45	9	0	1
108	66	56	9	0	1
108	66	67	9	0	1
108	66	78	9	0	1
108	66	89	9	0	1
108	66	100	9	0	1
108	66	111	9	0	1
108	77	1	9	0	1
108	77	12	9	0	1
108	77	23	9	0	1
108	77	34	9	0	1
108	77	45	9	0	1
108	77	56	9	0	1
108	77	67	9	0	1
108	77	78	9	0	1
108	77	89	9	0	1
108	77	100	9	0	1
108	77	111	9	0	1
108	88	1	9	0	1
108	88	12	9	0	1
108	88	23	9	0	1
108	88	34	9	0	1
108	88	45	9	0	1
108	88	56	9	0	1
108	88	67	9	0	1
108	88	78	9	0	1
108	88	89	9	0	1
108	88	100	9	0	1
108	88	111	9	0	1
108	99	1	9	0	1
108	99	12	9	0	1
108	99	23	9	0	1
108	99	34	9	0	1
108	99	45	9	0	1
108	99	56	9	0	1
108	99	67	9	0	1
108	99	78	9	0	1
108	99	89	9	0	1
108	99	100	9	0	1
108	99	111	9	0	1
108	110	1	9	0	1
108	110	12	9	0	1
108	110	23	9	0	1
108	110	34	9	0	1
108	110	45	9	0	1
108	110	56	9	0	1
108	110	67	9	0	1
108	110	78	9	0	1
108	110	89	9	0	1
108	110	100	9	0	1
108	110	111	9	0	1
109	0	17	10	0	6
109	5	6	10	5	6
109	5	17	10	5	6
109	5	28	10	5	6
109	5	39	10	5	6
109	5	50	10	5	6
109	5	61	10	5	6
109	5	72	10	5	6
109	5	83	10	5	6
109	5	94	10	5	6
109	5	105	10	5	6
109	5	116	10	5	6
109	11	17	10	0	6
109	16	6	10	5	6
109	16	17	10	5	6
109	16	28	10	5	6
109	16	39	10	5	6
109	16	50	10	5	6
109	16	61	10	5	6
109	16	72	10	5	6
109	16	83	10	5	6
109	16	94	10	5	6
109	16	105	10	5	6
109	16	116	10	5	6
109	22	17	10	0	6
109	27	6	10	5	6
109	27	17	10	5	6
109	27	28	10	5	6
109	27	39	10	5	6
109	27	50	10	5	6
109	27	61	10	5	6
109	27	72	10	5	6
109	27	83	10	5	6
109	27	94	10	5	6
109	27	105	10	5	6
109	27	116	10	5	6
109	33	17	10	0	6
109	38	6	10	5	6
109	38	17	10	5	6
109	38	28	10	5	6
109	38	39	10	5	6
109	38	50	10	5	6
109	38	61	10	5	6
109	38	72	10	5	6
109	38	83	10	5	6
109	38	94	10	5	6
109	38	105	10	5	6
109	38	116	10	5	6
109	44	17	10	0	6
109	49	6	10	5	6
109	49	17	10	5	6
109	49	28	10	5	6
109	49	39	10	5	6
109	49	50	10	5	6
109	49	61	10	5	6
109	49	72	10	5	6
109	49	83	10	5	6
109	49	94	10	5	6
109	49	105	10	5	6
109	49	116	10	5	6
109	55	17	10	0	6
109	60	6	10	5	6
109	60	17	10	5	6
109	60	28	10	5	6
109	60	39	10	5	6
109	60	50	10	5	6
109	60	61	10	5	6
109	60	72	10	5	6
109	60	83	10	5	6
109	60	94	10	5	6
109	60	105	10	5	6
109	60	116	10	5	6
109	66	17	10	0	6
109	71	6	10	5	6
109	71	17	10	5	6
109	71	28	10	5	6
109	71	39	10	5	6
109	71	50	10	5	6
109	71	61	10	5	6
109	71	72	10	5	6
109	71	83	10	5	6
109	71	94	10	5	6
109	71	105	10	5	6
109	71	116	10	5	6
109	77	17	10	0	6
109	82	6	10	5	6
109	82	17	10	5	6
109	82	28	10	5	6
109	82	39	10	5	6
109	82	50	10	5	6
109	82	61	10	5	6
109	82	72	10	5	6
109	82	83	10	5	6
109	82	94	10	5	6
109	82	105	10	5	6
109	82	116	10	5	6
109	88	17	10	0	6
109	93	6	10	5	6
109	93	17	10	5	6
109	93	28	10	5	6
109	93	39	10	5	6
109	93	50	10	5	6
109	93	61	10	5	6
109	93	72	10	5	6
109	93	83	10	5	6
109	93	94	10	5	6
109	93	105	10	5	6
109	93	116	10	5	6
109	99	17	10	0	6
109	104	6	10	5	6
109	104	17	10	5	6
109	104	28	10	5	6
109	104	39	10	5	6
109	104	50	10	5	6
109	104	61	10	5	6
109	104	72	10	5	6
109	104	83	10	5	6
109	104	94	10	5	6
109	104	105	10	5	6
109	104	116	10	5	6
109	110	17	10	0	6
109	115	6	10	5	6
109	115	17	10	5	6
109	115	28	10	5	6
109	115	39	10	5	6
109	115	50	10	5	6
109	115	61	10	5	6
109	115	72	10	5	6
109	115	83	10	5	6
109	115	94	10	5	6
109	115	105	10	5	6
109	115	116	10	5	6
110	0	0	0	0	0
110	11	0	0	0	0
110	22	0	0	0	0
110	33	0	0	0	0
110	44	0	0	0	0
110	55	0	0	0	0
110	66	0	0	0	0
110	77	0	0	0	0
110	88	0	0	0	0
110	99	0	0	0	0
110	110	0	0	0	0
111	0	1	1	0	1
111	0	12	1	0	1
111	0	23	1	0	1
111	0	34	1	0	1
111	0	45	1	0	1
111	0	56	1	0	1
111	0	67	1	0	1
111	0	78	1	0	1
111	0	83	1	0	6
111	0	89	1	0	1
111	0	100	1	0	1
111	0	111	1	0	1
111	7	16	1	7	5
111	11	1	1	0	1
111	11	12	1	0	1
111	11	23	1	0	1
111	11	34	1	0	1
111	11	45	1	0	1
111	11	56	1	0	1
111	11	67	1	0	1
111	11	78	1	0	1
111	11	83	1	0	6
111	11	89	1	0	1
111	11	100	1	0	1
111	11	111	1	0	1
111	18	93	1	7	5
111	22	1	1	0	1
111	22	12	1	0	1
111	22	23	1	0	1
111	22	34	1	0	1
111	22	45	1	0	1
111	22	56	1	0	1
111	22	67	1	0	1
111	22	78	1	0	1
111	22	83	1	0	6
111	22	89	1	0	1
111	22	100	1	0	1
111	22	111	1	0	1
111	29	49	1	7	5
111	33	1	1	0	1
111	33	12	1	0	1
111	33	23	1	0	1
111	33	34	1	0	1
111	33	45	1	0	1
111	33	56	1	0	1
111	33	67	1	0	1
111	33	78	1	0	1
111	33	83	1	0	6
111	33	89	1	0	1
111	33	100	1	0	1
111	33	111	1	0	1
111	40	5	1	7	5
111	44	1	1	0	1
111	44	12	1	0	1
111	44	23	1	0	1
111	44	34	1	0	1
111	44	45	1	0	1
111	44	56	1	0	1
111	44	67	1	0	1
111	44	78	1	0	1
111	44	83	1	0	6
111	44	89	1	0	1
111	44	100	1	0	1
111	44	111	1	0	1
111	51	82	1	7	5
111	55	1	1	0	1
111	55	12	1	0	1
111	55	23	1	0	1
111	55	34	1	0	1
111	55	45	1	0	1
111	55	56	1	0	1
111	55	67	1	0	1
111	55	78	1	0	1
111	55	83	1	0	6
111	55	89	1	0	1
111	55	100	1	0	1
111	55	111	1	0	1
111	62	38	1	7	5
111	66	1	1	0	1
111	66	12	1	0	1
111	66	23	1	0	1
111	66	34	1	0	1
111	66	45	1	0	1
111	66	56	1	0	1
111	66	67	1	0	1
111	66	78	1	0	1
111	66	83	1	0	6
111	66	89	1	0	1
111	66	100	1	0	1
111	66	111	1	0	1
111	73	115	1	7	5
111	77	1	1	0	1
111	77	12	1	0	1
111	77	23	1	0	1
111	77	34	1	0	1
111	77	45	1	0	1
111	77	56	1	0	1
111	77	67	1	0	1
111	77	78	1	0	1
111	77	83	1	0	6
111	77	89	1	0	1
111	77	100	1	0	1
111	77	111	1	0	1
111	84	71	1	7	5
111	88	1	1	0	1
111	88	12	1	0	1
111	88	23	1	0	1
111	88	34	1	0	1
111	88	45	1	0	1
111	88	56	1	0	1
111	88	67	1	0	1
111	88	78	1	0	1
111	88	83	1	0	6
111	88	89	1	0	1
111	88	100	1	0	1
111	88	111	1	0	1
111	95	27	1	7	5
111	99	1	1	0	1
111	99	12	1	0	1
111	99	23	1	0	1
111	99	34	1	0	1
111	99	45	1	0	1
111	99	56	1	0	1
111	99	67	1	0	1
111	99	78	1	0	1
111	99	83	1	0	6
111	99	89	1	0	1
111	99	100	1	0	1
111	99	111	1	0	1
111	106	104	1	7	5
111	110	1	1	0	1
111	110	12	1	0	1
111	110	23	1	0	1
111	110	34	1	0	1
111	110	45	1	0	1
111	110	56	1	0	1
111	110	67	1	0	1
111	110	78	1	0	1
111	110	83	1	0	6
111	110	89	1	0	1
111	110	100	1	0	1
111	110	111	1	0	1
111	117	60	1	7	5
112	9	4	2	9	4
113	0	6	3	0	6
113	0	17	3	0	6
113	0	28	3	0	6
113	0	39	3	0	6
113	0	50	3	0	6
113	0	61	3	0	6
113	0	72	3	0	6
113	0	83	3	0	6
113	0	94	3	0	6
113	0	105	3	0	6
113	0	116	3	0	6
113	11	6	3	0	6
113	11	17	3	0	6
113	11	28	3	0	6
113	11	39	3	0	6
113	11	50	3	0	6
113	11	61	3	0	6
113	11	72	3	0	6
113	11	83	3	0	6
113	11	94	3	0	6
113	11	105	3	0	6
113	11	116	3	0	6
113	22	6	3	0	6
113	22	17	3	0	6
113	22	28	3	0	6
113	22	39	3	0	6
113	22	50	3	0	6
113	22	61	3	0	6
113	22	72	3	0	6
113	22	83	3	0	6
113	22	94	3	0	6
113	22	105	3	0	6
113	22	116	3	0	6
113	33	6	3	0	6
113	33	17	3	0	6
113	33	28	3	0	6
113	33	39	3	0	6
113	33	50	3	0	6
113	33	61	3	0	6
113	33	72	3	0	6
113	33	83	3	0	6
113	33	94	3	0	6
113	33	105	3	0	6
113	33	116	3	0	6
113	44	6	3	0	6
113	44	17	3	0	6
113	44	28	3	0	6
113	44	39	3	0	6
113	44	50	3	0	6
113	44	61	3	0	6
113	44	72	3	0	6
113	44	83	3	0	6
113	44	94	3	0	6
113	44	105	3	0	6
113	44	116	3	0	6
113	55	6	3	0	6
113	55	17	3	0	6
113	55	28	3	0	6
113	55	39	3	0	6
113	55	50	3	0	6
113	55	61	3	0	6
113	55	72	3	0	6
113	55	83	3	0	6
113	55	94	3	0	6
113	55	105	3	0	6
113	55	116	3	0	6
113	66	6	3	0	6
113	66	17	3	0	6
113	66	28	3	0	6
113	66	39	3	0	6
113	66	50	3	0	6
113	66	61	3	0	6
113	66	72	3	0	6
113	66	83	3	0	6
113	66	94	3	0	6
113	66	105	3	0	6
113	66	116	3	0	6
113	70	42	3	4	9
113	77	6	3	0	6
113	77	17	3	0	6
113	77	28	3	0	6
113	77	39	3	0	6
113	77	50	3	0	6
113	77	61	3	0	6
113	77	72	3	0	6
113	77	83	3	0	6
113	77	94	3	0	6
113	77	105	3	0	6
113	77	116	3	0	6
113	88	6	3	0	6
113	88	17	3	0	6
113	88	28	3	0	6
113	88	39	3	0	6
113	88	50	3	0	6
113	88	61	3	0	6
113	88	72	3	0	6
113	88	83	3	0	6
113	88	94	3	0	6
113	88	105	3	0	6
113	88	116	3	0	6
113	99	6	3	0	6
113	99	17	3	0	6
113	99	28	3	0	6
113	99	39	3	0	6
113	99	50	3	0	6
113	99	61	3	0	6
113	99	72	3	0	6
113	99	83	3	0	6
113	99	94	3	0	6
113	99	105	3	0	6
113	99	116	3	0	6
113	110	6	3	0	6
113	110	17	3	0	6
113	110	28	3	0	6
113	110	39	3	0	6
113	110	50	3	0	6
113	110	61	3	0	6
113	110	72	3	0	6
113	110	83	3	0	6
113	110	94	3	0	6
113	110	105	3	0	6
113	110	116	3	0	6
114	0	10	4	0	10
114	0	21	4	0	10
114	0	32	4	0	10
114	0	43	4	0	10
114	0	54	4	0	10
114	0	65	4	0	10
114	0	76	4	0	10
114	0	87	4	0	10
114	0	98	4	0	10
114	0	109	4	0	10
114	0	120	4	0	10
114	5	10	4	5	10
114	5	21	4	5	10
114	5	32	4	5	10
114	5	43	4	5	10
114	5	54	4	5	10
114	5	65	4	5	10
114	5	76	4	5	10
114	5	87	4	5	10
114	5	98	4	5	10
114	5	109	4	5	10
114	5	120	4	5	10
114	9	87	4	9	10
114	10	21	4	10	10
114	11	10	4	0	10
114	11	21	4	0	10
114	11	32	4	0	10
114	11	43	4	0	10
114	11	54	4	0	10
114	11	65	4	0	10
114	11	76	4	0	10
114	11	87	4	0	10
114	11	98	4	0	10
114	11	109	4	0	10
114	11	120	4	0	10
114	16	10	4	5	10
114	16	21	4	5	10
114	16	32	4	5	10
114	16	43	4	5	10
114	16	54	4	5	10
114	16	65	4	5	10
114	16	76	4	5	10
114	16	87	4	5	10
114	16	98	4	5	10
114	16	109	4	5	10
114	16	120	4	5	10
114	20	32	4	9	10
114	22	10	4	0	10
114	22	21	4	0	10
114	22	32	4	0	10
114	22	43	4	0	10
114	22	54	4	0	10
114	22	65	4	0	10
114	22	76	4	0	10
114	22	87	4	0	10
114	22	98	4	0	10
114	22	109	4	0	10
114	22	120	4	0	10
114	27	10	4	5	10
114	27	21	4	5	10
114	27	32	4	5	10
114	27	43	4	5	10
114	27	54	4	5	10
114	27	65	4	5	10
114	27	76	4	5	10
114	27	87	4	5	10
114	27	98	4	5	10
114	27	109	4	5	10
114	27	120	4	5	10
114	31	98	4	9	10
114	33	10	4	0	10
114	33	21	4	0	10
114	33	32	4	0	10
114	33	43	4	0	10
114	33	54	4	0	10
114	33	65	4	0	10
114	33	76	4	0	10
114	33	87	4	0	10
114	33	98	4	0	10
114	33	109	4	0	10
114	33	120	4	0	10
114	38	10	4	5	10
114	38	21	4	5	10
114	38	32	4	5	10
114	38	43	4	5	10
114	38	54	4	5	10
114	38	65	4	5	10
114	38	76	4	5	10
114	38	87	4	5	10
114	38	98	4	5	10
114	38	109	4	5	10
114	38	120	4	5	10
114	42	43	4	9	10
114	44	10	4	0	10
114	44	21	4	0	10
114	44	32	4	0	10
114	44	43	4	0	10
114	44	54	4	0	10
114	44	65	4	0	10
114	44	76	4	0	10
114	44	87	4	0	10
114	44	98	4	0	10
114	44	109	4	0	10
114	44	120	4	0	10
114	49	10	4	5	10
114	49	21	4	5	10
114	49	32	4	5	10
114	49	43	4	5	10
114	49	54	4	5	10
114	49	65	4	5	10
114	49	76	4	5	10
114	49	87	4	5	10
114	49	98	4	5	10
114	49	109	4	5	10
114	49	120	4	5	10
114	53	109	4	9	10
114	55	10	4	0	10
114	55	21	4	0	10
114	55	32	4	0	10
114	55	43	4	0	10
114	55	54	4	0	10
114	55	65	4	0	10
114	55	76	4	0	10
114	55	87	4	0	10
114	55	98	4	0	10
114	55	109	4	0	10
114	55	120	4	0	10
114	60	10	4	5	10
114	60	21	4	5	10
114	60	32	4	5	10
114	60	43	4	5	10
114	60	54	4	5	10
114	60	65	4	5	10
114	60	76	4	5	10
114	60	87	4	5	10
114	60	98	4	5	10
114	60	109	4	5	10
114	60	120	4	5	10
114	64	54	4	9	10
114	66	10	4	0	10
114	66	21	4	0	10
114	66	32	4	0	10
114	66	43	4	0	10
114	66	54	4	0	10
114	66	65	4	0	10
114	66	76	4	0	10
114	66	87	4	0	10
114	66	98	4	0	10
114	66	109	4	0	10
114	66	120	4	0	10
114	71	10	4	5	10
114	71	21	4	5	10
114	71	32	4	5	10
114	71	43	4	5	10
114	71	54	4	5	10
114	71	65	4	5	10
114	71	76	4	5	10
114	71	87	4	5	10
114	71	98	4	5	10
114	71	109	4	5	10
114	71	120	4	5	10
114	75	120	4	9	10
114	77	10	4	0	10
114	77	21	4	0	10
114	77	32	4	0	10
114	77	43	4	0	10
114	77	54	4	0	10
114	77	65	4	0	10
114	77	76	4	0	10
114	77	87	4	0	10
114	77	98	4	0	10
114	77	109	4	0	10
114	77	120	4	0	10
114	82	10	4	5	10
114	82	21	4	5	10
114	82	32	4	5	10
114	82	43	4	5	10
114	82	54	4	5	10
114	82	65	4	5	10
114	82	76	4	5	10
114	82	87	4	5	10
114	82	98	4	5	10
114	82	109	4	5	10
114	82	120	4	5	10
114	86	65	4	9	10
114	88	10	4	0	10
114	88	21	4	0	10
114	88	32	4	0	10
114	88	43	4	0	10
114	88	54	4	0	10
114	88	65	4	0	10
114	88	76	4	0	10
114	88	87	4	0	10
114	88	98	4	0	10
114	88	109	4	0	10
114	88	120	4	0	10
114	93	10	4	5	10
114	93	21	4	5	10
114	93	32	4	5	10
114	93	43	4	5	10
114	93	54	4	5	10
114	93	65	4	5	10
114	93	76	4	5	10
114	93	87	4	5	10
114	93	98	4	5	10
114	93	109	4	5	10
114	93	120	4	5	10
114	97	10	4	9	10
114	99	10	4	0	10
114	99	21	4	0	10
114	99	32	4	0	10
114	99	43	4	0	10
114	99	54	4	0	10
114	99	65	4	0	10
114	99	76	4	0	10
114	99	87	4	0	10
114	99	98	4	0	10
114	99	109	4	0	10
114	99	120	4	0	10
114	104	10	4	5	10
114	104	21	4	5	10
114	104	32	4	5	10
114	104	43	4	5	10
114	104	54	4	5	10
114	104	65	4	5	10
114	104	76	4	5	10
114	104	87	4	5	10
114	104	98	4	5	10
114	104	109	4	5	10
114	104	120	4	5	10
114	108	76	4	9	10
114	110	10	4	0	10
114	110	21	4	0	10
114	110	32	4	0	10
114	110	43	4	0	10
114	110	54	4	0	10
114	110	65	4	0	10
114	110	76	4	0	10
114	110	87	4	0	10
114	110	98	4	0	10
114	110	109	4	0	10
114	110	120	4	0	10
114	115	10	4	5	10
114	115	21	4	5	10
114	115	32	4	5	10
114	115	43	4	5	10
114	115	54	4	5	10
114	115	65	4	5	10
114	115	76	4	5	10
114	115	87	4	5	10
114	115	98	4	5	10
114	115	109	4	5	10
114	115	120	4	5	10
114	119	21	4	9	10
115	0	4	5	0	4
115	0	15	5	0	4
115	0	26	5	0	4
115	0	37	5	0	4
115	0	48	5	0	4
115	0	59	5	0	4
115	0	70	5	0	4
115	0	81	5	0	4
115	0	92	5	0	4
115	0	103	5	0	4
115	0	114	5	0	4
115	2	103	5	2	4
115	9	3	5	9	3
115	9	14	5	9	3
115	9	25	5	9	3
115	9	36	5	9	3
115	9	47	5	9	3
115	9	58	5	9	3
115	9	69	5	9	3
115	9	80	5	9	3
115	9	91	5	9	3
115	9	102	5	9	3
115	9	113	5	9	3
115	11	4	5	0	4
115	11	15	5	0	4
115	11	26	5	0	4
115	11	37	5	0	4
115	11	48	5	0	4
115	11	59	5	0	4
115	11	70	5	0	4
115	11	81	5	0	4
115	11	92	5	0	4
115	11	103	5	0	4
115	11	114	5	0	4
115	13	4	5	2	4
115	20	3	5	9	3
115	20	14	5	9	3
115	20	25	5	9	3
115	20	36	5	9	3
115	20	47	5	9	3
115	20	58	5	9	3
115	20	69	5	9	3
115	20	80	5	9	3
115	20	91	5	9	3
115	20	102	5	9	3
115	20	113	5	9	3
115	22	4	5	0	4
115	22	15	5	0	4
115	22	26	5	0	4
115	22	37	5	0	4
115	22	48	5	0	4
115	22	59	5	0	4
115	22	70	5	0	4
115	22	81	5	0	4
115	22	92	5	0	4
115	22	103	5	0	4
115	22	114	5	0	4
115	24	26	5	2	4
115	31	3	5	9	3
115	31	14	5	9	3
115	31	25	5	9	3
115	31	36	5	9	3
115	31	47	5	9	3
115	31	58	5	9	3
115	31	69	5	9	3
115	31	80	5	9	3
115	31	91	5	9	3
115	31	102	5	9	3
115	31	113	5	9	3
115	33	4	5	0	4
115	33	15	5	0	4
115	33	26	5	0	4
115	33	37	5	0	4
115	33	48	5	0	4
115	33	59	5	0	4
115	33	70	5	0	4
115	33	81	5	0	4
115	33	92	5	0	4
115	33	103	5	0	4
115	33	114	5	0	4
115	35	48	5	2	4
115	42	3	5	9	3
115	42	14	5	9	3
115	42	25	5	9	3
115	42	36	5	9	3
115	42	47	5	9	3
115	42	58	5	9	3
115	42	69	5	9	3
115	42	80	5	9	3
115	42	91	5	9	3
115	42	102	5	9	3
115	42	113	5	9	3
115	44	4	5	0	4
115	44	15	5	0	4
115	44	26	5	0	4
115	44	37	5	0	4
115	44	48	5	0	4
115	44	59	5	0	4
115	44	70	5	0	4
115	44	81	5	0	4
115	44	92	5	0	4
115	44	103	5	0	4
115	44	114	5	0	4
115	46	70	5	2	4
115	53	3	5	9	3
115	53	14	5	9	3
115	53	25	5	9	3
115	53	36	5	9	3
115	53	47	5	9	3
115	53	58	5	9	3
115	53	69	5	9	3
115	53	80	5	9	3
115	53	91	5	9	3
115	53	102	5	9	3
115	53	113	5	9	3
115	55	4	5	0	4
115	55	15	5	0	4
115	55	26	5	0	4
115	55	37	5	0	4
115	55	48	5	0	4
115	55	59	5	0	4
115	55	70	5	0	4
115	55	81	5	0	4
115	55	92	5	0	4
115	55	103	5	0	4
115	55	114	5	0	4
115	57	92	5	2	4
115	64	3	5	9	3
115	64	14	5	9	3
115	64	25	5	9	3
115	64	36	5	9	3
115	64	47	5	9	3
115	64	58	5	9	3
115	64	69	5	9	3
115	64	80	5	9	3
115	64	91	5	9	3
115	64	102	5	9	3
115	64	113	5	9	3
115	66	4	5	0	4
115	66	15	5	0	4
115	66	26	5	0	4
115	66	37	5	0	4
115	66	48	5	0	4
115	66	59	5	0	4
115	66	70	5	0	4
115	66	81	5	0	4
115	66	92	5	0	4
115	66	103	5	0	4
115	66	114	5	0	4
115	68	114	5	2	4
115	75	3	5	9	3
115	75	14	5	9	3
115	75	25	5	9	3
115	75	36	5	9	3
115	75	47	5	9	3
115	75	58	5	9	3
115	75	69	5	9	3
115	75	80	5	9	3
115	75	91	5	9	3
115	75	102	5	9	3
115	75	113	5	9	3
115	77	4	5	0	4
115	77	15	5	0	4
115	77	26	5	0	4
115	77	37	5	0	4
115	77	48	5	0	4
115	77	59	5	0	4
115	77	70	5	0	4
115	77	81	5	0	4
115	77	92	5	0	4
115	77	103	5	0	4
115	77	114	5	0	4
115	79	15	5	2	4
115	86	3	5	9	3
115	86	14	5	9	3
115	86	25	5	9	3
115	86	36	5	9	3
115	86	47	5	9	3
115	86	58	5	9	3
115	86	69	5	9	3
115	86	80	5	9	3
115	86	91	5	9	3
115	86	102	5	9	3
115	86	113	5	9	3
115	88	4	5	0	4
115	88	15	5	0	4
115	88	26	5	0	4
115	88	37	5	0	4
115	88	48	5	0	4
115	88	59	5	0	4
115	88	70	5	0	4
115	88	81	5	0	4
115	88	92	5	0	4
115	88	103	5	0	4
115	88	114	5	0	4
115	90	37	5	2	4
115	97	3	5	9	3
115	97	14	5	9	3
115	97	25	5	9	3
115	97	36	5	9	3
115	97	47	5	9	3
115	97	58	5	9	3
115	97	69	5	9	3
115	97	80	5	9	3
115	97	91	5	9	3
115	97	102	5	9	3
115	97	113	5	9	3
115	99	4	5	0	4
115	99	15	5	0	4
115	99	26	5	0	4
115	99	37	5	0	4
115	99	48	5	0	4
115	99	59	5	0	4
115	99	70	5	0	4
115	99	81	5	0	4
115	99	92	5	0	4
115	99	103	5	0	4
115	99	114	5	0	4
115	101	59	5	2	4
115	108	3	5	9	3
115	108	14	5	9	3
115	108	25	5	9	3
115	108	36	5	9	3
115	108	47	5	9	3
115	108	58	5	9	3
115	108	69	5	9	3
115	108	80	5	9	3
115	108	91	5	9	3
115	108	102	5	9	3
115	108	113	5	9	3
115	110	4	5	0	4
115	110	15	5	0	4
115	110	26	5	0	4
115	110	37	5	0	4
115	110	48	5	0	4
115	110	59	5	0	4
115	110	70	5	0	4
115	110	81	5	0	4
115	110	92	5	0	4
115	110	103	5	0	4
115	110	114	5	0	4
115	112	81	5	2	4
115	119	3	5	9	3
115	119	14	5	9	3
115	119	25	5	9	3
115	119	36	5	9	3
115	119	47	5	9	3
115	119	58	5	9	3
115	119	69	5	9	3
115	119	80	5	9	3
115	119	91	5	9	3
115	119	102	5	9	3
115	119	113	5	9	3
116	0	44	6	0	0
116	3	1	6	3	1
116	3	12	6	3	1
116	3	23	6	3	1
116	3	34	6	3	1
116	3	45	6	3	1
116	3	56	6	3	1
116	3	67	6	3	1
116	3	78	6	3	1
116	3	89	6	3	1
116	3	100	6	3	1
116	3	111	6	3	1
116	11	44	6	0	0
116	14	1	6	3	1
116	14	12	6	3	1
116	14	23	6	3	1
116	14	34	6	3	1
116	14	45	6	3	1
116	14	56	6	3	1
116	14	67	6	3	1
116	14	78	6	3	1
116	14	89	6	3	1
116	14	100	6	3	1
116	14	111	6	3	1
116	22	44	6	0	0
116	25	1	6	3	1
116	25	12	6	3	1
116	25	23	6	3	1
116	25	34	6	3	1
116	25	45	6	3	1
116	25	56	6	3	1
116	25	67	6	3	1
116	25	78	6	3	1
116	25	89	6	3	1
116	25	100	6	3	1
116	25	111	6	3	1
116	33	44	6	0	0
116	36	1	6	3	1
116	36	12	6	3	1
116	36	23	6	3	1
116	36	34	6	3	1
116	36	45	6	3	1
116	36	56	6	3	1
116	36	67	6	3	1
116	36	78	6	3	1
116	36	89	6	3	1
116	36	100	6	3	1
116	36	111	6	3	1
116	44	44	6	0	0
116	47	1	6	3	1
116	47	12	6	3	1
116	47	23	6	3	1
116	47	34	6	3	1
116	47	45	6	3	1
116	47	56	6	3	1
116	47	67	6	3	1
116	47	78	6	3	1
116	47	89	6	3	1
116	47	100	6	3	1
116	47	111	6	3	1
116	55	44	6	0	0
116	58	1	6	3	1
116	58	12	6	3	1
116	58	23	6	3	1
116	58	34	6	3	1
116	58	45	6	3	1
116	58	56	6	3	1
116	58	67	6	3	1
116	58	78	6	3	1
116	58	89	6	3	1
116	58	100	6	3	1
116	58	111	6	3	1
116	66	44	6	0	0
116	69	1	6	3	1
116	69	12	6	3	1
116	69	23	6	3	1
116	69	34	6	3	1
116	69	45	6	3	1
116	69	56	6	3	1
116	69	67	6	3	1
116	69	78	6	3	1
116	69	89	6	3	1
116	69	100	6	3	1
116	69	111	6	3	1
116	77	44	6	0	0
116	80	1	6	3	1
116	80	12	6	3	1
116	80	23	6	3	1
116	80	34	6	3	1
116	80	45	6	3	1
116	80	56	6	3	1
116	80	67	6	3	1
116	80	78	6	3	1
116	80	89	6	3	1
116	80	100	6	3	1
116	80	111	6	3	1
116	88	44	6	0	0
116	91	1	6	3	1
116	91	12	6	3	1
116	91	23	6	3	1
116	91	34	6	3	1
116	91	45	6	3	1
116	91	56	6	3	1
116	91	67	6	3	1
116	91	78	6	3	1
116	91	89	6	3	1
116	91	100	6	3	1
116	91	111	6	3	1
116	99	44	6	0	0
116	102	1	6	3	1
116	102	12	6	3	1
116	102	23	6	3	1
116	102	34	6	3	1
116	102	45	6	3	1
116	102	56	6	3	1
116	102	67	6	3	1
116	102	78	6	3	1
116	102	89	6	3	1
116	102	100	6	3	1
116	102	111	6	3	1
116	110	44	6	0	0
116	113	1	6	3	1
116	113	12	6	3	1
116	113	23	6	3	1
116	113	34	6	3	1
116	113	45	6	3	1
116	113	56	6	3	1
116	113	67	6	3	1
116	113	78	6	3	1
116	113	89	6	3	1
116	113	100	6	3	1
116	113	111	6	3	1
119	0	1	9	0	1
119	0	12	9	0	1
119	0	23	9	0	1
119	0	34	9	0	1
119	0	45	9	0	1
119	0	56	9	0	1
119	0	67	9	0	1
119	0	78	9	0	1
119	0	89	9	0	1
119	0	100	9	0	1
119	0	111	9	0	1
119	11	1	9	0	1
119	11	12	9	0	1
119	11	23	9	0	1
119	11	34	9	0	1
119	11	45	9	0	1
119	11	56	9	0	1
119	11	67	9	0	1
119	11	78	9	0	1
119	11	89	9	0	1
119	11	100	9	0	1
119	11	111	9	0	1
119	22	1	9	0	1
119	22	12	9	0	1
119	22	23	9	0	1
119	22	34	9	0	1
119	22	45	9	0	1
119	22	56	9	0	1
119	22	67	9	0	1
119	22	78	9	0	1
119	22	89	9	0	1
119	22	100	9	0	1
119	22	111	9	0	1
119	33	1	9	0	1
119	33	12	9	0	1
119	33	23	9	0	1
119	33	34	9	0	1
119	33	45	9	0	1
119	33	56	9	0	1
119	33	67	9	0	1
119	33	78	9	0	1
119	33	89	9	0	1
119	33	100	9	0	1
119	33	111	9	0	1
119	44	1	9	0	1
119	44	12	9	0	1
119	44	23	9	0	1
119	44	34	9	0	1
119	44	45	9	0	1
119	44	56	9	0	1
119	44	67	9	0	1
119	44	78	9	0	1
119	44	89	9	0	1
119	44	100	9	0	1
119	44	111	9	0	1
119	55	1	9	0	1
119	55	12	9	0	1
119	55	23	9	0	1
119	55	34	9	0	1
119	55	45	9	0	1
119	55	56	9	0	1
119	55	67	9	0	1
119	55	78	9	0	1
119	55	89	9	0	1
119	55	100	9	0	1
119	55	111	9	0	1
119	66	1	9	0	1
119	66	12	9	0	1
119	66	23	9	0	1
119	66	34	9	0	1
119	66	45	9	0	1
119	66	56	9	0	1
119	66	67	9	0	1
119	66	78	9	0	1
119	66	89	9	0	1
119	66	100	9	0	1
119	66	111	9	0	1
119	73	120	9	7	10
119	77	1	9	0	1
119	77	12	9	0	1
119	77	23	9	0	1
119	77	34	9	0	1
119	77	45	9	0	1
119	77	56	9	0	1
119	77	67	9	0	1
119	77	78	9	0	1
119	77	89	9	0	1
119	77	100	9	0	1
119	77	111	9	0	1
119	88	1	9	0	1
119	88	12	9	0	1
119	88	23	9	0	1
119	88	34	9	0	1
119	88	45	9	0	1
119	88	56	9	0	1
119	88	67	9	0	1
119	88	78	9	0	1
119	88	89	9	0	1
119	88	100	9	0	1
119	88	111	9	0	1
119	99	1	9	0	1
119	99	12	9	0	1
119	99	23	9	0	1
119	99	34	9	0	1
119	99	45	9	0	1
119	99	56	9	0	1
119	99	67	9	0	1
119	99	78	9	0	1
119	99	89	9	0	1
119	99	100	9	0	1
119	99	111	9	0	1
119	110	1	9	0	1
119	110	12	9	0	1
119	110	23	9	0	1
119	110	34	9	0	1
119	110	45	9	0	1
119	110	56	9	0	1
119	110	67	9	0	1
119	110	78	9	0	1
119	110	89	9	0	1
119	110	100	9	0	1
119	110	111	9	0	1
120	0	83	10	0	6
120	5	6	10	5	6
120	5	17	10	5	6
120	5	28	10	5	6
120	5	39	10	5	6
120	5	50	10	5	6
120	5	61	10	5	6
120	5	72	10	5	6
120	5	83	10	5	6
120	5	94	10	5	6
120	5	105	10	5	6
120	5	116	10	5	6
120	11	83	10	0	6
120	16	6	10	5	6
120	16	17	10	5	6
120	16	28	10	5	6
120	16	39	10	5	6
120	16	50	10	5	6
120	16	61	10	5	6
120	16	72	10	5	6
120	16	83	10	5	6
120	16	94	10	5	6
120	16	105	10	5	6
120	16	116	10	5	6
120	22	83	10	0	6
120	27	6	10	5	6
120	27	17	10	5	6
120	27	28	10	5	6
120	27	39	10	5	6
120	27	50	10	5	6
120	27	61	10	5	6
120	27	72	10	5	6
120	27	83	10	5	6
120	27	94	10	5	6
120	27	105	10	5	6
120	27	116	10	5	6
120	33	83	10	0	6
120	38	6	10	5	6
120	38	17	10	5	6
120	38	28	10	5	6
120	38	39	10	5	6
120	38	50	10	5	6
120	38	61	10	5	6
120	38	72	10	5	6
120	38	83	10	5	6
120	38	94	10	5	6
120	38	105	10	5	6
120	38	116	10	5	6
120	44	83	10	0	6
120	49	6	10	5	6
120	49	17	10	5	6
120	49	28	10	5	6
120	49	39	10	5	6
120	49	50	10	5	6
120	49	61	10	5	6
120	49	72	10	5	6
120	49	83	10	5	6
120	49	94	10	5	6
120	49	105	10	5	6
120	49	116	10	5	6
120	55	83	10	0	6
120	60	6	10	5	6
120	60	17	10	5	6
120	60	28	10	5	6
120	60	39	10	5	6
120	60	50	10	5	6
120	60	61	10	5	6
120	60	72	10	5	6
120	60	83	10	5	6
120	60	94	10	5	6
120	60	105	10	5	6
120	60	116	10	5	6
120	66	83	10	0	6
120	71	6	10	5	6
120	71	17	10	5	6
120	71	28	10	5	6
120	71	39	10	5	6
120	71	50	10	5	6
120	71	61	10	5	6
120	71	72	10	5	6
120	71	83	10	5	6
120	71	94	10	5	6
120	71	105	10	5	6
120	71	116	10	5	6
120	77	83	10	0	6
120	82	6	10	5	6
120	82	17	10	5	6
120	82	28	10	5	6
120	82	39	10	5	6
120	82	50	10	5	6
120	82	61	10	5	6
120	82	72	10	5	6
120	82	83	10	5	6
120	82	94	10	5	6
120	82	105	10	5	6
120	82	116	10	5	6
120	88	83	10	0	6
120	93	6	10	5	6
120	93	17	10	5	6
120	93	28	10	5	6
120	93	39	10	5	6
120	93	50	10	5	6
120	93	61	10	5	6
120	93	72	10	5	6
120	93	83	10	5	6
120	93	94	10	5	6
120	93	105	10	5	6
120	93	116	10	5	6
120	99	83	10	0	6
120	104	6	10	5	6
120	104	17	10	5	6
120	104	28	10	5	6
120	104	39	10	5	6
120	104	50	10	5	6
120	104	61	10	5	6
120	104	72	10	5	6
120	104	83	10	5	6
120	104	94	10	5	6
120	104	105	10	5	6
120	104	116	10	5	6
120	110	83	10	0	6
120	115	6	10	5	6
120	115	17	10	5	6
120	115	28	10	5	6
120	115	39	10	5	6
120	115	50	10	5	6
120	115	61	10	5	6
120	115	72	10	5	6
120	115	83	10	5	6
120	115	94	10	5	6
120	115	105	10	5	6
120	115	116	10	5	6
