prime	torsion_coset	m	n	ord_g1	ord_g2	state	t
11	1	0	2	8	8	3	8
11	1	0	6	8	8	3	3
11	1	1	2	8	8	3	3
11	1	1	6	8	8	3	inf
11	1	2	0	8	8	3	8
11	1	2	4	8	8	3	3
11	1	3	0	8	8	3	3
11	1	3	4	8	8	3	inf
11	1	4	2	8	8	3	3
11	1	4	6	8	8	3	8
11	1	5	2	8	8	3	inf
11	1	5	6	8	8	3	3
11	1	6	0	8	8	3	3
11	1	6	4	8	8	3	8
11	1	7	0	8	8	3	inf
11	1	7	4	8	8	3	3
11	2	0	0	8	8	3	3
11	2	0	4	8	8	3	8
11	2	1	0	8	8	3	inf
11	2	1	4	8	8	3	3
11	2	2	2	8	8	3	8
11	2	2	6	8	8	3	3
11	2	3	2	8	8	3	3
11	2	3	6	8	8	3	inf
11	2	4	0	8	8	3	8
11	2	4	4	8	8	3	3
11	2	5	0	8	8	3	3
11	2	5	4	8	8	3	inf
11	2	6	2	8	8	3	3
11	2	6	6	8	8	3	8
11	2	7	2	8	8	3	inf
11	2	7	6	8	8	3	3
11	3	0	2	8	8	3	3
11	3	0	6	8	8	3	8
11	3	1	2	8	8	3	inf
11	3	1	6	8	8	3	3
11	3	2	0	8	8	3	3
11	3	2	4	8	8	3	8
11	3	3	0	8	8	3	inf
11	3	3	4	8	8	3	3
11	3	4	2	8	8	3	8
11	3	4	6	8	8	3	3
11	3	5	2	8	8	3	3
11	3	5	6	8	8	3	inf
11	3	6	0	8	8	3	8
11	3	6	4	8	8	3	3
11	3	7	0	8	8	3	3
11	3	7	4	8	8	3	inf
11	4	0	0	8	8	3	8
11	4	0	4	8	8	3	3
11	4	1	0	8	8	3	3
11	4	1	4	8	8	3	inf
11	4	2	2	8	8	3	3
11	4	2	6	8	8	3	8
11	4	3	2	8	8	3	inf
11	4	3	6	8	8	3	3
11	4	4	0	8	8	3	3
11	4	4	4	8	8	3	8
11	4	5	0	8	8	3	inf
11	4	5	4	8	8	3	3
11	4	6	2	8	8	3	8
11	4	6	6	8	8	3	3
11	4	7	2	8	8	3	3
11	4	7	6	8	8	3	inf
13	1	0	0	5	20	3	1
13	1	0	1	5	20	3	inf
13	1	0	2	5	20	3	inf
13	1	0	3	5	20	3	inf
13	1	0	4	5	20	3	inf
13	1	0	5	5	20	3	inf
13	1	0	6	5	20	3	inf
13	1	0	7	5	20	3	inf
13	1	0	8	5	20	3	inf
13	1	0	9	5	20	3	inf
13	1	0	10	5	20	3	inf
13	1	0	11	5	20	3	inf
13	1	0	12	5	20	3	inf
13	1	0	13	5	20	3	inf
13	1	0	14	5	20	3	inf
13	1	0	15	5	20	3	inf
13	1	0	16	5	20	3	inf
13	1	0	17	5	20	3	inf
13	1	0	18	5	20	3	inf
13	1	0	19	5	20	3	inf
13	1	1	0	5	20	3	inf
13	1	1	1	5	20	3	inf
13	1	1	2	5	20	3	inf
13	1	1	3	5	20	3	inf
13	1	1	4	5	20	3	1
13	1	1	5	5	20	3	inf
13	1	1	6	5	20	3	inf
13	1	1	7	5	20	3	inf
13	1	1	8	5	20	3	inf
13	1	1	9	5	20	3	inf
13	1	1	10	5	20	3	inf
13	1	1	11	5	20	3	inf
13	1	1	12	5	20	3	inf
13	1	1	13	5	20	3	inf
13	1	1	14	5	20	3	inf
13	1	1	15	5	20	3	inf
13	1	1	16	5	20	3	inf
13	1	1	17	5	20	3	inf
13	1	1	18	5	20	3	inf
13	1	1	19	5	20	3	inf
13	1	2	0	5	20	3	inf
13	1	2	1	5	20	3	inf
13	1	2	2	5	20	3	inf
13	1	2	3	5	20	3	inf
13	1	2	4	5	20	3	inf
13	1	2	5	5	20	3	inf
13	1	2	6	5	20	3	inf
13	1	2	7	5	20	3	inf
13	1	2	8	5	20	3	1
13	1	2	9	5	20	3	inf
13	1	2	10	5	20	3	inf
13	1	2	11	5	20	3	inf
13	1	2	12	5	20	3	inf
13	1	2	13	5	20	3	inf
13	1	2	14	5	20	3	inf
13	1	2	15	5	20	3	inf
13	1	2	16	5	20	3	inf
13	1	2	17	5	20	3	inf
13	1	2	18	5	20	3	inf
13	1	2	19	5	20	3	inf
13	1	3	0	5	20	3	inf
13	1	3	1	5	20	3	inf
13	1	3	2	5	20	3	inf
13	1	3	3	5	20	3	inf
13	1	3	4	5	20	3	inf
13	1	3	5	5	20	3	inf
13	1	3	6	5	20	3	inf
13	1	3	7	5	20	3	inf
13	1	3	8	5	20	3	inf
13	1	3	9	5	20	3	inf
13	1	3	10	5	20	3	inf
13	1	3	11	5	20	3	inf
13	1	3	12	5	20	3	1
13	1	3	13	5	20	3	inf
13	1	3	14	5	20	3	inf
13	1	3	15	5	20	3	inf
13	1	3	16	5	20	3	inf
13	1	3	17	5	20	3	inf
13	1	3	18	5	20	3	inf
13	1	3	19	5	20	3	inf
13	1	4	0	5	20	3	inf
13	1	4	1	5	20	3	inf
13	1	4	2	5	20	3	inf
13	1	4	3	5	20	3	inf
13	1	4	4	5	20	3	inf
13	1	4	5	5	20	3	inf
13	1	4	6	5	20	3	inf
13	1	4	7	5	20	3	inf
13	1	4	8	5	20	3	inf
13	1	4	9	5	20	3	inf
13	1	4	10	5	20	3	inf
13	1	4	11	5	20	3	inf
13	1	4	12	5	20	3	inf
13	1	4	13	5	20	3	inf
13	1	4	14	5	20	3	inf
13	1	4	15	5	20	3	inf
13	1	4	16	5	20	3	1
13	1	4	17	5	20	3	inf
13	1	4	18	5	20	3	inf
13	1	4	19	5	20	3	inf
13	2	0	0	5	20	3	inf
13	2	0	1	5	20	3	inf
13	2	0	2	5	20	3	inf
13	2	0	3	5	20	3	inf
13	2	0	4	5	20	3	inf
13	2	0	5	5	20	3	inf
13	2	0	6	5	20	3	inf
13	2	0	7	5	20	3	inf
13	2	0	8	5	20	3	inf
13	2	0	9	5	20	3	inf
13	2	0	10	5	20	3	inf
13	2	0	11	5	20	3	inf
13	2	0	12	5	20	3	inf
13	2	0	13	5	20	3	inf
13	2	0	14	5	20	3	inf
13	2	0	15	5	20	3	1
13	2	0	16	5	20	3	inf
13	2	0	17	5	20	3	inf
13	2	0	18	5	20	3	inf
13	2	0	19	5	20	3	inf
13	2	1	0	5	20	3	inf
13	2	1	1	5	20	3	inf
13	2	1	2	5	20	3	inf
13	2	1	3	5	20	3	inf
13	2	1	4	5	20	3	inf
13	2	1	5	5	20	3	inf
13	2	1	6	5	20	3	inf
13	2	1	7	5	20	3	inf
13	2	1	8	5	20	3	inf
13	2	1	9	5	20	3	inf
13	2	1	10	5	20	3	inf
13	2	1	11	5	20	3	inf
13	2	1	12	5	20	3	inf
13	2	1	13	5	20	3	inf
13	2	1	14	5	20	3	inf
13	2	1	15	5	20	3	inf
13	2	1	16	5	20	3	inf
13	2	1	17	5	20	3	inf
13	2	1	18	5	20	3	inf
13	2	1	19	5	20	3	1
13	2	2	0	5	20	3	inf
13	2	2	1	5	20	3	inf
13	2	2	2	5	20	3	inf
13	2	2	3	5	20	3	1
13	2	2	4	5	20	3	inf
13	2	2	5	5	20	3	inf
13	2	2	6	5	20	3	inf
13	2	2	7	5	20	3	inf
13	2	2	8	5	20	3	inf
13	2	2	9	5	20	3	inf
13	2	2	10	5	20	3	inf
13	2	2	11	5	20	3	inf
13	2	2	12	5	20	3	inf
13	2	2	13	5	20	3	inf
13	2	2	14	5	20	3	inf
13	2	2	15	5	20	3	inf
13	2	2	16	5	20	3	inf
13	2	2	17	5	20	3	inf
13	2	2	18	5	20	3	inf
13	2	2	19	5	20	3	inf
13	2	3	0	5	20	3	inf
13	2	3	1	5	20	3	inf
13	2	3	2	5	20	3	inf
13	2	3	3	5	20	3	inf
13	2	3	4	5	20	3	inf
13	2	3	5	5	20	3	inf
13	2	3	6	5	20	3	inf
13	2	3	7	5	20	3	1
13	2	3	8	5	20	3	inf
13	2	3	9	5	20	3	inf
13	2	3	10	5	20	3	inf
13	2	3	11	5	20	3	inf
13	2	3	12	5	20	3	inf
13	2	3	13	5	20	3	inf
13	2	3	14	5	20	3	inf
13	2	3	15	5	20	3	inf
13	2	3	16	5	20	3	inf
13	2	3	17	5	20	3	inf
13	2	3	18	5	20	3	inf
13	2	3	19	5	20	3	inf
13	2	4	0	5	20	3	inf
13	2	4	1	5	20	3	inf
13	2	4	2	5	20	3	inf
13	2	4	3	5	20	3	inf
13	2	4	4	5	20	3	inf
13	2	4	5	5	20	3	inf
13	2	4	6	5	20	3	inf
13	2	4	7	5	20	3	inf
13	2	4	8	5	20	3	inf
13	2	4	9	5	20	3	inf
13	2	4	10	5	20	3	inf
13	2	4	11	5	20	3	1
13	2	4	12	5	20	3	inf
13	2	4	13	5	20	3	inf
13	2	4	14	5	20	3	inf
13	2	4	15	5	20	3	inf
13	2	4	16	5	20	3	inf
13	2	4	17	5	20	3	inf
13	2	4	18	5	20	3	inf
13	2	4	19	5	20	3	inf
13	3	0	0	5	20	3	inf
13	3	0	1	5	20	3	inf
13	3	0	2	5	20	3	inf
13	3	0	3	5	20	3	inf
13	3	0	4	5	20	3	inf
13	3	0	5	5	20	3	inf
13	3	0	6	5	20	3	inf
13	3	0	7	5	20	3	inf
13	3	0	8	5	20	3	inf
13	3	0	9	5	20	3	inf
13	3	0	10	5	20	3	1
13	3	0	11	5	20	3	inf
13	3	0	12	5	20	3	inf
13	3	0	13	5	20	3	inf
13	3	0	14	5	20	3	inf
13	3	0	15	5	20	3	inf
13	3	0	16	5	20	3	inf
13	3	0	17	5	20	3	inf
13	3	0	18	5	20	3	inf
13	3	0	19	5	20	3	inf
13	3	1	0	5	20	3	inf
13	3	1	1	5	20	3	inf
13	3	1	2	5	20	3	inf
13	3	1	3	5	20	3	inf
13	3	1	4	5	20	3	inf
13	3	1	5	5	20	3	inf
13	3	1	6	5	20	3	inf
13	3	1	7	5	20	3	inf
13	3	1	8	5	20	3	inf
13	3	1	9	5	20	3	inf
13	3	1	10	5	20	3	inf
13	3	1	11	5	20	3	inf
13	3	1	12	5	20	3	inf
13	3	1	13	5	20	3	inf
13	3	1	14	5	20	3	1
13	3	1	15	5	20	3	inf
13	3	1	16	5	20	3	inf
13	3	1	17	5	20	3	inf
13	3	1	18	5	20	3	inf
13	3	1	19	5	20	3	inf
13	3	2	0	5	20	3	inf
13	3	2	1	5	20	3	inf
13	3	2	2	5	20	3	inf
13	3	2	3	5	20	3	inf
13	3	2	4	5	20	3	inf
13	3	2	5	5	20	3	inf
13	3	2	6	5	20	3	inf
13	3	2	7	5	20	3	inf
13	3	2	8	5	20	3	inf
13	3	2	9	5	20	3	inf
13	3	2	10	5	20	3	inf
13	3	2	11	5	20	3	inf
13	3	2	12	5	20	3	inf
13	3	2	13	5	20	3	inf
13	3	2	14	5	20	3	inf
13	3	2	15	5	20	3	inf
13	3	2	16	5	20	3	inf
13	3	2	17	5	20	3	inf
13	3	2	18	5	20	3	1
13	3	2	19	5	20	3	inf
13	3	3	0	5	20	3	inf
13	3	3	1	5	20	3	inf
13	3	3	2	5	20	3	1
13	3	3	3	5	20	3	inf
13	3	3	4	5	20	3	inf
13	3	3	5	5	20	3	inf
13	3	3	6	5	20	3	inf
13	3	3	7	5	20	3	inf
13	3	3	8	5	20	3	inf
13	3	3	9	5	20	3	inf
13	3	3	10	5	20	3	inf
13	3	3	11	5	20	3	inf
13	3	3	12	5	20	3	inf
13	3	3	13	5	20	3	inf
13	3	3	14	5	20	3	inf
13	3	3	15	5	20	3	inf
13	3	3	16	5	20	3	inf
13	3	3	17	5	20	3	inf
13	3	3	18	5	20	3	inf
13	3	3	19	5	20	3	inf
13	3	4	0	5	20	3	inf
13	3	4	1	5	20	3	inf
13	3	4	2	5	20	3	inf
13	3	4	3	5	20	3	inf
13	3	4	4	5	20	3	inf
13	3	4	5	5	20	3	inf
13	3	4	6	5	20	3	1
13	3	4	7	5	20	3	inf
13	3	4	8	5	20	3	inf
13	3	4	9	5	20	3	inf
13	3	4	10	5	20	3	inf
13	3	4	11	5	20	3	inf
13	3	4	12	5	20	3	inf
13	3	4	13	5	20	3	inf
13	3	4	14	5	20	3	inf
13	3	4	15	5	20	3	inf
13	3	4	16	5	20	3	inf
13	3	4	17	5	20	3	inf
13	3	4	18	5	20	3	inf
13	3	4	19	5	20	3	inf
13	4	0	0	5	20	3	inf
13	4	0	1	5	20	3	inf
13	4	0	2	5	20	3	inf
13	4	0	3	5	20	3	inf
13	4	0	4	5	20	3	inf
13	4	0	5	5	20	3	1
13	4	0	6	5	20	3	inf
13	4	0	7	5	20	3	inf
13	4	0	8	5	20	3	inf
13	4	0	9	5	20	3	inf
13	4	0	10	5	20	3	inf
13	4	0	11	5	20	3	inf
13	4	0	12	5	20	3	inf
13	4	0	13	5	20	3	inf
13	4	0	14	5	20	3	inf
13	4	0	15	5	20	3	inf
13	4	0	16	5	20	3	inf
13	4	0	17	5	20	3	inf
13	4	0	18	5	20	3	inf
13	4	0	19	5	20	3	inf
13	4	1	0	5	20	3	inf
13	4	1	1	5	20	3	inf
13	4	1	2	5	20	3	inf
13	4	1	3	5	20	3	inf
13	4	1	4	5	20	3	inf
13	4	1	5	5	20	3	inf
13	4	1	6	5	20	3	inf
13	4	1	7	5	20	3	inf
13	4	1	8	5	20	3	inf
13	4	1	9	5	20	3	1
13	4	1	10	5	20	3	inf
13	4	1	11	5	20	3	inf
13	4	1	12	5	20	3	inf
13	4	1	13	5	20	3	inf
13	4	1	14	5	20	3	inf
13	4	1	15	5	20	3	inf
13	4	1	16	5	20	3	inf
13	4	1	17	5	20	3	inf
13	4	1	18	5	20	3	inf
13	4	1	19	5	20	3	inf
13	4	2	0	5	20	3	inf
13	4	2	1	5	20	3	inf
13	4	2	2	5	20	3	inf
13	4	2	3	5	20	3	inf
13	4	2	4	5	20	3	inf
13	4	2	5	5	20	3	inf
13	4	2	6	5	20	3	inf
13	4	2	7	5	20	3	inf
13	4	2	8	5	20	3	inf
13	4	2	9	5	20	3	inf
13	4	2	10	5	20	3	inf
13	4	2	11	5	20	3	inf
13	4	2	12	5	20	3	inf
13	4	2	13	5	20	3	1
13	4	2	14	5	20	3	inf
13	4	2	15	5	20	3	inf
13	4	2	16	5	20	3	inf
13	4	2	17	5	20	3	inf
13	4	2	18	5	20	3	inf
13	4	2	19	5	20	3	inf
13	4	3	0	5	20	3	inf
13	4	3	1	5	20	3	inf
13	4	3	2	5	20	3	inf
13	4	3	3	5	20	3	inf
13	4	3	4	5	20	3	inf
13	4	3	5	5	20	3	inf
13	4	3	6	5	20	3	inf
13	4	3	7	5	20	3	inf
13	4	3	8	5	20	3	inf
13	4	3	9	5	20	3	inf
13	4	3	10	5	20	3	inf
13	4	3	11	5	20	3	inf
13	4	3	12	5	20	3	inf
13	4	3	13	5	20	3	inf
13	4	3	14	5	20	3	inf
13	4	3	15	5	20	3	inf
13	4	3	16	5	20	3	inf
13	4	3	17	5	20	3	1
13	4	3	18	5	20	3	inf
13	4	3	19	5	20	3	inf
13	4	4	0	5	20	3	inf
13	4	4	1	5	20	3	1
13	4	4	2	5	20	3	inf
13	4	4	3	5	20	3	inf
13	4	4	4	5	20	3	inf
13	4	4	5	5	20	3	inf
13	4	4	6	5	20	3	inf
13	4	4	7	5	20	3	inf
13	4	4	8	5	20	3	inf
13	4	4	9	5	20	3	inf
13	4	4	10	5	20	3	inf
13	4	4	11	5	20	3	inf
13	4	4	12	5	20	3	inf
13	4	4	13	5	20	3	inf
13	4	4	14	5	20	3	inf
13	4	4	15	5	20	3	inf
13	4	4	16	5	20	3	inf
13	4	4	17	5	20	3	inf
13	4	4	18	5	20	3	inf
13	4	4	19	5	20	3	inf
19	1	0	0	4	12	3	1
19	1	0	1	4	12	2	6
19	1	0	2	4	12	3	12
19	1	0	6	4	12	3	18
19	1	0	7	4	12	2	13
19	1	0	8	4	12	3	7
19	1	1	2	4	12	3	7
19	1	1	3	4	12	2	13
19	1	1	4	4	12	3	18
19	1	1	8	4	12	3	inf
19	1	1	9	4	12	2	6
19	1	1	10	4	12	3	1
19	1	2	0	4	12	3	18
19	1	2	1	4	12	2	13
19	1	2	2	4	12	3	7
19	1	2	6	4	12	3	1
19	1	2	7	4	12	2	6
19	1	2	8	4	12	3	12
19	1	3	2	4	12	3	inf
19	1	3	3	4	12	2	6
19	1	3	4	4	12	3	1
19	1	3	8	4	12	3	7
19	1	3	9	4	12	2	13
19	1	3	10	4	12	3	18
19	2	0	3	4	12	3	18
19	2	0	4	4	12	2	13
19	2	0	5	4	12	3	7
19	2	0	9	4	12	3	1
19	2	0	10	4	12	2	6
19	2	0	11	4	12	3	12
19	2	1	0	4	12	2	13
19	2	1	1	4	12	3	18
19	2	1	5	4	12	3	inf
19	2	1	6	4	12	2	6
19	2	1	7	4	12	3	1
19	2	1	11	4	12	3	7
19	2	2	3	4	12	3	1
19	2	2	4	4	12	2	6
19	2	2	5	4	12	3	12
19	2	2	9	4	12	3	18
19	2	2	10	4	12	2	13
19	2	2	11	4	12	3	7
19	2	3	0	4	12	2	6
19	2	3	1	4	12	3	1
19	2	3	5	4	12	3	7
19	2	3	6	4	12	2	13
19	2	3	7	4	12	3	18
19	2	3	11	4	12	3	inf
19	3	0	0	4	12	3	18
19	3	0	1	4	12	2	13
19	3	0	2	4	12	3	7
19	3	0	6	4	12	3	1
19	3	0	7	4	12	2	6
19	3	0	8	4	12	3	12
19	3	1	2	4	12	3	inf
19	3	1	3	4	12	2	6
19	3	1	4	4	12	3	1
19	3	1	8	4	12	3	7
19	3	1	9	4	12	2	13
19	3	1	10	4	12	3	18
19	3	2	0	4	12	3	1
19	3	2	1	4	12	2	6
19	3	2	2	4	12	3	12
19	3	2	6	4	12	3	18
19	3	2	7	4	12	2	13
19	3	2	8	4	12	3	7
19	3	3	2	4	12	3	7
19	3	3	3	4	12	2	13
19	3	3	4	4	12	3	18
19	3	3	8	4	12	3	inf
19	3	3	9	4	12	2	6
19	3	3	10	4	12	3	1
19	4	0	3	4	12	3	1
19	4	0	4	4	12	2	6
19	4	0	5	4	12	3	12
19	4	0	9	4	12	3	18
19	4	0	10	4	12	2	13
19	4	0	11	4	12	3	7
19	4	1	0	4	12	2	6
19	4	1	1	4	12	3	1
19	4	1	5	4	12	3	7
19	4	1	6	4	12	2	13
19	4	1	7	4	12	3	18
19	4	1	11	4	12	3	inf
19	4	2	3	4	12	3	18
19	4	2	4	4	12	2	13
19	4	2	5	4	12	3	7
19	4	2	9	4	12	3	1
19	4	2	10	4	12	2	6
19	4	2	11	4	12	3	12
19	4	3	0	4	12	2	13
19	4	3	1	4	12	3	18
19	4	3	5	4	12	3	inf
19	4	3	6	4	12	2	6
19	4	3	7	4	12	3	1
19	4	3	11	4	12	3	7
23	1	0	0	14	14	2	1
23	1	0	1	14	14	2	22
23	1	0	2	14	14	2	13
23	1	0	3	14	14	3	20
23	1	0	4	14	14	3	11
23	1	0	5	14	14	3	20
23	1	0	6	14	14	3	inf
23	1	0	7	14	14	2	22
23	1	0	8	14	14	2	1
23	1	0	9	14	14	2	10
23	1	0	10	14	14	3	3
23	1	0	11	14	14	3	12
23	1	0	12	14	14	3	3
23	1	0	13	14	14	2	10
23	1	1	0	14	14	3	12
23	1	1	1	14	14	3	3
23	1	1	2	14	14	2	10
23	1	1	3	14	14	2	1
23	1	1	4	14	14	2	22
23	1	1	5	14	14	2	13
23	1	1	6	14	14	3	20
23	1	1	7	14	14	3	11
23	1	1	8	14	14	3	20
23	1	1	9	14	14	3	inf
23	1	1	10	14	14	2	22
23	1	1	11	14	14	2	1
23	1	1	12	14	14	2	10
23	1	1	13	14	14	3	3
23	1	2	0	14	14	2	1
23	1	2	1	14	14	2	10
23	1	2	2	14	14	3	3
23	1	2	3	14	14	3	12
23	1	2	4	14	14	3	3
23	1	2	5	14	14	2	10
23	1	2	6	14	14	2	1
23	1	2	7	14	14	2	22
23	1	2	8	14	14	2	13
23	1	2	9	14	14	3	20
23	1	2	10	14	14	3	11
23	1	2	11	14	14	3	20
23	1	2	12	14	14	3	inf
23	1	2	13	14	14	2	22
23	1	3	0	14	14	3	20
23	1	3	1	14	14	3	inf
23	1	3	2	14	14	2	22
23	1	3	3	14	14	2	1
23	1	3	4	14	14	2	10
23	1	3	5	14	14	3	3
23	1	3	6	14	14	3	12
23	1	3	7	14	14	3	3
23	1	3	8	14	14	2	10
23	1	3	9	14	14	2	1
23	1	3	10	14	14	2	22
23	1	3	11	14	14	2	13
23	1	3	12	14	14	3	20
23	1	3	13	14	14	3	11
23	1	4	0	14	14	2	13
23	1	4	1	14	14	3	20
23	1	4	2	14	14	3	11
23	1	4	3	14	14	3	20
23	1	4	4	14	14	3	inf
23	1	4	5	14	14	2	22
23	1	4	6	14	14	2	1
23	1	4	7	14	14	2	10
23	1	4	8	14	14	3	3
23	1	4	9	14	14	3	12
23	1	4	10	14	14	3	3
23	1	4	11	14	14	2	10
23	1	4	12	14	14	2	1
23	1	4	13	14	14	2	22
23	1	5	0	14	14	2	10
23	1	5	1	14	14	2	1
23	1	5	2	14	14	2	22
23	1	5	3	14	14	2	13
23	1	5	4	14	14	3	20
23	1	5	5	14	14	3	11
23	1	5	6	14	14	3	20
23	1	5	7	14	14	3	inf
23	1	5	8	14	14	2	22
23	1	5	9	14	14	2	1
23	1	5	10	14	14	2	10
23	1	5	11	14	14	3	3
23	1	5	12	14	14	3	12
23	1	5	13	14	14	3	3
23	1	6	0	14	14	3	3
23	1	6	1	14	14	3	12
23	1	6	2	14	14	3	3
23	1	6	3	14	14	2	10
23	1	6	4	14	14	2	1
23	1	6	5	14	14	2	22
23	1	6	6	14	14	2	13
23	1	6	7	14	14	3	20
23	1	6	8	14	14	3	11
23	1	6	9	14	14	3	20
23	1	6	10	14	14	3	inf
23	1	6	11	14	14	2	22
23	1	6	12	14	14	2	1
23	1	6	13	14	14	2	10
23	1	7	0	14	14	2	22
23	1	7	1	14	14	2	1
23	1	7	2	14	14	2	10
23	1	7	3	14	14	3	3
23	1	7	4	14	14	3	12
23	1	7	5	14	14	3	3
23	1	7	6	14	14	2	10
23	1	7	7	14	14	2	1
23	1	7	8	14	14	2	22
23	1	7	9	14	14	2	13
23	1	7	10	14	14	3	20
23	1	7	11	14	14	3	11
23	1	7	12	14	14	3	20
23	1	7	13	14	14	3	inf
23	1	8	0	14	14	3	11
23	1	8	1	14	14	3	20
23	1	8	2	14	14	3	inf
23	1	8	3	14	14	2	22
23	1	8	4	14	14	2	1
23	1	8	5	14	14	2	10
23	1	8	6	14	14	3	3
23	1	8	7	14	14	3	12
23	1	8	8	14	14	3	3
23	1	8	9	14	14	2	10
23	1	8	10	14	14	2	1
23	1	8	11	14	14	2	22
23	1	8	12	14	14	2	13
23	1	8	13	14	14	3	20
23	1	9	0	14	14	2	22
23	1	9	1	14	14	2	13
23	1	9	2	14	14	3	20
23	1	9	3	14	14	3	11
23	1	9	4	14	14	3	20
23	1	9	5	14	14	3	inf
23	1	9	6	14	14	2	22
23	1	9	7	14	14	2	1
23	1	9	8	14	14	2	10
23	1	9	9	14	14	3	3
23	1	9	10	14	14	3	12
23	1	9	11	14	14	3	3
23	1	9	12	14	14	2	10
23	1	9	13	14	14	2	1
23	1	10	0	14	14	3	3
23	1	10	1	14	14	2	10
23	1	10	2	14	14	2	1
23	1	10	3	14	14	2	22
23	1	10	4	14	14	2	13
23	1	10	5	14	14	3	20
23	1	10	6	14	14	3	11
23	1	10	7	14	14	3	20
23	1	10	8	14	14	3	inf
23	1	10	9	14	14	2	22
23	1	10	10	14	14	2	1
23	1	10	11	14	14	2	10
23	1	10	12	14	14	3	3
23	1	10	13	14	14	3	12
23	1	11	0	14	14	2	10
23	1	11	1	14	14	3	3
23	1	11	2	14	14	3	12
23	1	11	3	14	14	3	3
23	1	11	4	14	14	2	10
23	1	11	5	14	14	2	1
23	1	11	6	14	14	2	22
23	1	11	7	14	14	2	13
23	1	11	8	14	14	3	20
23	1	11	9	14	14	3	11
23	1	11	10	14	14	3	20
23	1	11	11	14	14	3	inf
23	1	11	12	14	14	2	22
23	1	11	13	14	14	2	1
23	1	12	0	14	14	3	inf
23	1	12	1	14	14	2	22
23	1	12	2	14	14	2	1
23	1	12	3	14	14	2	10
23	1	12	4	14	14	3	3
23	1	12	5	14	14	3	12
23	1	12	6	14	14	3	3
23	1	12	7	14	14	2	10
23	1	12	8	14	14	2	1
23	1	12	9	14	14	2	22
23	1	12	10	14	14	2	13
23	1	12	11	14	14	3	20
23	1	12	12	14	14	3	11
23	1	12	13	14	14	3	20
23	1	13	0	14	14	3	20
23	1	13	1	14	14	3	11
23	1	13	2	14	14	3	20
23	1	13	3	14	14	3	inf
23	1	13	4	14	14	2	22
23	1	13	5	14	14	2	1
23	1	13	6	14	14	2	10
23	1	13	7	14	14	3	3
23	1	13	8	14	14	3	12
23	1	13	9	14	14	3	3
23	1	13	10	14	14	2	10
23	1	13	11	14	14	2	1
23	1	13	12	14	14	2	22
23	1	13	13	14	14	2	13
23	2	0	4	14	14	3	0
23	2	0	11	14	14	3	0
23	2	1	0	14	14	3	0
23	2	1	7	14	14	3	0
23	2	2	3	14	14	3	0
23	2	2	10	14	14	3	0
23	2	3	6	14	14	3	0
23	2	3	13	14	14	3	0
23	2	4	2	14	14	3	0
23	2	4	9	14	14	3	0
23	2	5	5	14	14	3	0
23	2	5	12	14	14	3	0
23	2	6	1	14	14	3	0
23	2	6	8	14	14	3	0
23	2	7	4	14	14	3	0
23	2	7	11	14	14	3	0
23	2	8	0	14	14	3	0
23	2	8	7	14	14	3	0
23	2	9	3	14	14	3	0
23	2	9	10	14	14	3	0
23	2	10	6	14	14	3	0
23	2	10	13	14	14	3	0
23	2	11	2	14	14	3	0
23	2	11	9	14	14	3	0
23	2	12	5	14	14	3	0
23	2	12	12	14	14	3	0
23	2	13	1	14	14	3	0
23	2	13	8	14	14	3	0
23	3	0	0	14	14	2	22
23	3	0	1	14	14	2	1
23	3	0	2	14	14	2	10
23	3	0	3	14	14	3	3
23	3	0	4	14	14	3	12
23	3	0	5	14	14	3	3
23	3	0	6	14	14	2	10
23	3	0	7	14	14	2	1
23	3	0	8	14	14	2	22
23	3	0	9	14	14	2	13
23	3	0	10	14	14	3	20
23	3	0	11	14	14	3	11
23	3	0	12	14	14	3	20
23	3	0	13	14	14	3	inf
23	3	1	0	14	14	3	11
23	3	1	1	14	14	3	20
23	3	1	2	14	14	3	inf
23	3	1	3	14	14	2	22
23	3	1	4	14	14	2	1
23	3	1	5	14	14	2	10
23	3	1	6	14	14	3	3
23	3	1	7	14	14	3	12
23	3	1	8	14	14	3	3
23	3	1	9	14	14	2	10
23	3	1	10	14	14	2	1
23	3	1	11	14	14	2	22
23	3	1	12	14	14	2	13
23	3	1	13	14	14	3	20
23	3	2	0	14	14	2	22
23	3	2	1	14	14	2	13
23	3	2	2	14	14	3	20
23	3	2	3	14	14	3	11
23	3	2	4	14	14	3	20
23	3	2	5	14	14	3	inf
23	3	2	6	14	14	2	22
23	3	2	7	14	14	2	1
23	3	2	8	14	14	2	10
23	3	2	9	14	14	3	3
23	3	2	10	14	14	3	12
23	3	2	11	14	14	3	3
23	3	2	12	14	14	2	10
23	3	2	13	14	14	2	1
23	3	3	0	14	14	3	3
23	3	3	1	14	14	2	10
23	3	3	2	14	14	2	1
23	3	3	3	14	14	2	22
23	3	3	4	14	14	2	13
23	3	3	5	14	14	3	20
23	3	3	6	14	14	3	11
23	3	3	7	14	14	3	20
23	3	3	8	14	14	3	inf
23	3	3	9	14	14	2	22
23	3	3	10	14	14	2	1
23	3	3	11	14	14	2	10
23	3	3	12	14	14	3	3
23	3	3	13	14	14	3	12
23	3	4	0	14	14	2	10
23	3	4	1	14	14	3	3
23	3	4	2	14	14	3	12
23	3	4	3	14	14	3	3
23	3	4	4	14	14	2	10
23	3	4	5	14	14	2	1
23	3	4	6	14	14	2	22
23	3	4	7	14	14	2	13
23	3	4	8	14	14	3	20
23	3	4	9	14	14	3	11
23	3	4	10	14	14	3	20
23	3	4	11	14	14	3	inf
23	3	4	12	14	14	2	22
23	3	4	13	14	14	2	1
23	3	5	0	14	14	3	inf
23	3	5	1	14	14	2	22
23	3	5	2	14	14	2	1
23	3	5	3	14	14	2	10
23	3	5	4	14	14	3	3
23	3	5	5	14	14	3	12
23	3	5	6	14	14	3	3
23	3	5	7	14	14	2	10
23	3	5	8	14	14	2	1
23	3	5	9	14	14	2	22
23	3	5	10	14	14	2	13
23	3	5	11	14	14	3	20
23	3	5	12	14	14	3	11
23	3	5	13	14	14	3	20
23	3	6	0	14	14	3	20
23	3	6	1	14	14	3	11
23	3	6	2	14	14	3	20
23	3	6	3	14	14	3	inf
23	3	6	4	14	14	2	22
23	3	6	5	14	14	2	1
23	3	6	6	14	14	2	10
23	3	6	7	14	14	3	3
23	3	6	8	14	14	3	12
23	3	6	9	14	14	3	3
23	3	6	10	14	14	2	10
23	3	6	11	14	14	2	1
23	3	6	12	14	14	2	22
23	3	6	13	14	14	2	13
23	3	7	0	14	14	2	1
23	3	7	1	14	14	2	22
23	3	7	2	14	14	2	13
23	3	7	3	14	14	3	20
23	3	7	4	14	14	3	11
23	3	7	5	14	14	3	20
23	3	7	6	14	14	3	inf
23	3	7	7	14	14	2	22
23	3	7	8	14	14	2	1
23	3	7	9	14	14	2	10
23	3	7	10	14	14	3	3
23	3	7	11	14	14	3	12
23	3	7	12	14	14	3	3
23	3	7	13	14	14	2	10
23	3	8	0	14	14	3	12
23	3	8	1	14	14	3	3
23	3	8	2	14	14	2	10
23	3	8	3	14	14	2	1
23	3	8	4	14	14	2	22
23	3	8	5	14	14	2	13
23	3	8	6	14	14	3	20
23	3	8	7	14	14	3	11
23	3	8	8	14	14	3	20
23	3	8	9	14	14	3	inf
23	3	8	10	14	14	2	22
23	3	8	11	14	14	2	1
23	3	8	12	14	14	2	10
23	3	8	13	14	14	3	3
23	3	9	0	14	14	2	1
23	3	9	1	14	14	2	10
23	3	9	2	14	14	3	3
23	3	9	3	14	14	3	12
23	3	9	4	14	14	3	3
23	3	9	5	14	14	2	10
23	3	9	6	14	14	2	1
23	3	9	7	14	14	2	22
23	3	9	8	14	14	2	13
23	3	9	9	14	14	3	20
23	3	9	10	14	14	3	11
23	3	9	11	14	14	3	20
23	3	9	12	14	14	3	inf
23	3	9	13	14	14	2	22
23	3	10	0	14	14	3	20
23	3	10	1	14	14	3	inf
23	3	10	2	14	14	2	22
23	3	10	3	14	14	2	1
23	3	10	4	14	14	2	10
23	3	10	5	14	14	3	3
23	3	10	6	14	14	3	12
23	3	10	7	14	14	3	3
23	3	10	8	14	14	2	10
23	3	10	9	14	14	2	1
23	3	10	10	14	14	2	22
23	3	10	11	14	14	2	13
23	3	10	12	14	14	3	20
23	3	10	13	14	14	3	11
23	3	11	0	14	14	2	13
23	3	11	1	14	14	3	20
23	3	11	2	14	14	3	11
23	3	11	3	14	14	3	20
23	3	11	4	14	14	3	inf
23	3	11	5	14	14	2	22
23	3	11	6	14	14	2	1
23	3	11	7	14	14	2	10
23	3	11	8	14	14	3	3
23	3	11	9	14	14	3	12
23	3	11	10	14	14	3	3
23	3	11	11	14	14	2	10
23	3	11	12	14	14	2	1
23	3	11	13	14	14	2	22
23	3	12	0	14	14	2	10
23	3	12	1	14	14	2	1
23	3	12	2	14	14	2	22
23	3	12	3	14	14	2	13
23	3	12	4	14	14	3	20
23	3	12	5	14	14	3	11
23	3	12	6	14	14	3	20
23	3	12	7	14	14	3	inf
23	3	12	8	14	14	2	22
23	3	12	9	14	14	2	1
23	3	12	10	14	14	2	10
23	3	12	11	14	14	3	3
23	3	12	12	14	14	3	12
23	3	12	13	14	14	3	3
23	3	13	0	14	14	3	3
23	3	13	1	14	14	3	12
23	3	13	2	14	14	3	3
23	3	13	3	14	14	2	10
23	3	13	4	14	14	2	1
23	3	13	5	14	14	2	22
23	3	13	6	14	14	2	13
23	3	13	7	14	14	3	20
23	3	13	8	14	14	3	11
23	3	13	9	14	14	3	20
23	3	13	10	14	14	3	inf
23	3	13	11	14	14	2	22
23	3	13	12	14	14	2	1
23	3	13	13	14	14	2	10
23	4	0	4	14	14	3	0
23	4	0	11	14	14	3	0
23	4	1	0	14	14	3	0
23	4	1	7	14	14	3	0
23	4	2	3	14	14	3	0
23	4	2	10	14	14	3	0
23	4	3	6	14	14	3	0
23	4	3	13	14	14	3	0
23	4	4	2	14	14	3	0
23	4	4	9	14	14	3	0
23	4	5	5	14	14	3	0
23	4	5	12	14	14	3	0
23	4	6	1	14	14	3	0
23	4	6	8	14	14	3	0
23	4	7	4	14	14	3	0
23	4	7	11	14	14	3	0
23	4	8	0	14	14	3	0
23	4	8	7	14	14	3	0
23	4	9	3	14	14	3	0
23	4	9	10	14	14	3	0
23	4	10	6	14	14	3	0
23	4	10	13	14	14	3	0
23	4	11	2	14	14	3	0
23	4	11	9	14	14	3	0
23	4	12	5	14	14	3	0
23	4	12	12	14	14	3	0
23	4	13	1	14	14	3	0
23	4	13	8	14	14	3	0
29	1	0	1	12	24	2	23
29	1	0	3	12	24	3	inf
29	1	0	5	12	24	2	6
29	1	0	6	12	24	3	inf
29	1	0	8	12	24	3	10
29	1	0	10	12	24	3	10
29	1	0	13	12	24	2	6
29	1	0	15	12	24	3	inf
29	1	0	17	12	24	2	23
29	1	0	20	12	24	3	19
29	1	0	22	12	24	3	19
29	1	1	1	12	24	3	inf
29	1	1	3	12	24	2	6
29	1	1	4	12	24	3	inf
29	1	1	6	12	24	3	10
29	1	1	8	12	24	3	10
29	1	1	11	12	24	2	6
29	1	1	13	12	24	3	inf
29	1	1	15	12	24	2	23
29	1	1	18	12	24	3	19
29	1	1	20	12	24	3	19
29	1	1	23	12	24	2	23
29	1	2	1	12	24	2	6
29	1	2	2	12	24	3	inf
29	1	2	4	12	24	3	10
29	1	2	6	12	24	3	10
29	1	2	9	12	24	2	6
29	1	2	11	12	24	3	inf
29	1	2	13	12	24	2	23
29	1	2	16	12	24	3	19
29	1	2	18	12	24	3	19
29	1	2	21	12	24	2	23
29	1	2	23	12	24	3	inf
29	1	3	0	12	24	3	inf
29	1	3	2	12	24	3	10
29	1	3	4	12	24	3	10
29	1	3	7	12	24	2	6
29	1	3	9	12	24	3	inf
29	1	3	11	12	24	2	23
29	1	3	14	12	24	3	19
29	1	3	16	12	24	3	19
29	1	3	19	12	24	2	23
29	1	3	21	12	24	3	inf
29	1	3	23	12	24	2	6
29	1	4	0	12	24	3	10
29	1	4	2	12	24	3	10
29	1	4	5	12	24	2	6
29	1	4	7	12	24	3	inf
29	1	4	9	12	24	2	23
29	1	4	12	12	24	3	19
29	1	4	14	12	24	3	19
29	1	4	17	12	24	2	23
29	1	4	19	12	24	3	inf
29	1	4	21	12	24	2	6
29	1	4	22	12	24	3	inf
29	1	5	0	12	24	3	10
29	1	5	3	12	24	2	6
29	1	5	5	12	24	3	inf
29	1	5	7	12	24	2	23
29	1	5	10	12	24	3	19
29	1	5	12	12	24	3	19
29	1	5	15	12	24	2	23
29	1	5	17	12	24	3	inf
29	1	5	19	12	24	2	6
29	1	5	20	12	24	3	inf
29	1	5	22	12	24	3	10
29	1	6	1	12	24	2	6
29	1	6	3	12	24	3	inf
29	1	6	5	12	24	2	23
29	1	6	8	12	24	3	19
29	1	6	10	12	24	3	19
29	1	6	13	12	24	2	23
29	1	6	15	12	24	3	inf
29	1	6	17	12	24	2	6
29	1	6	18	12	24	3	inf
29	1	6	20	12	24	3	10
29	1	6	22	12	24	3	10
29	1	7	1	12	24	3	inf
29	1	7	3	12	24	2	23
29	1	7	6	12	24	3	19
29	1	7	8	12	24	3	19
29	1	7	11	12	24	2	23
29	1	7	13	12	24	3	inf
29	1	7	15	12	24	2	6
29	1	7	16	12	24	3	inf
29	1	7	18	12	24	3	10
29	1	7	20	12	24	3	10
29	1	7	23	12	24	2	6
29	1	8	1	12	24	2	23
29	1	8	4	12	24	3	19
29	1	8	6	12	24	3	19
29	1	8	9	12	24	2	23
29	1	8	11	12	24	3	inf
29	1	8	13	12	24	2	6
29	1	8	14	12	24	3	inf
29	1	8	16	12	24	3	10
29	1	8	18	12	24	3	10
29	1	8	21	12	24	2	6
29	1	8	23	12	24	3	inf
29	1	9	2	12	24	3	19
29	1	9	4	12	24	3	19
29	1	9	7	12	24	2	23
29	1	9	9	12	24	3	inf
29	1	9	11	12	24	2	6
29	1	9	12	12	24	3	inf
29	1	9	14	12	24	3	10
29	1	9	16	12	24	3	10
29	1	9	19	12	24	2	6
29	1	9	21	12	24	3	inf
29	1	9	23	12	24	2	23
29	1	10	0	12	24	3	19
29	1	10	2	12	24	3	19
29	1	10	5	12	24	2	23
29	1	10	7	12	24	3	inf
29	1	10	9	12	24	2	6
29	1	10	10	12	24	3	inf
29	1	10	12	12	24	3	10
29	1	10	14	12	24	3	10
29	1	10	17	12	24	2	6
29	1	10	19	12	24	3	inf
29	1	10	21	12	24	2	23
29	1	11	0	12	24	3	19
29	1	11	3	12	24	2	23
29	1	11	5	12	24	3	inf
29	1	11	7	12	24	2	6
29	1	11	8	12	24	3	inf
29	1	11	10	12	24	3	10
29	1	11	12	12	24	3	10
29	1	11	15	12	24	2	6
29	1	11	17	12	24	3	inf
29	1	11	19	12	24	2	23
29	1	11	22	12	24	3	19
29	2	0	0	12	24	3	inf
29	2	0	2	12	24	3	10
29	2	0	4	12	24	3	10
29	2	0	7	12	24	2	6
29	2	0	9	12	24	3	inf
29	2	0	11	12	24	2	23
29	2	0	14	12	24	3	19
29	2	0	16	12	24	3	19
29	2	0	19	12	24	2	23
29	2	0	21	12	24	3	inf
29	2	0	23	12	24	2	6
29	2	1	0	12	24	3	10
29	2	1	2	12	24	3	10
29	2	1	5	12	24	2	6
29	2	1	7	12	24	3	inf
29	2	1	9	12	24	2	23
29	2	1	12	12	24	3	19
29	2	1	14	12	24	3	19
29	2	1	17	12	24	2	23
29	2	1	19	12	24	3	inf
29	2	1	21	12	24	2	6
29	2	1	22	12	24	3	inf
29	2	2	0	12	24	3	10
29	2	2	3	12	24	2	6
29	2	2	5	12	24	3	inf
29	2	2	7	12	24	2	23
29	2	2	10	12	24	3	19
29	2	2	12	12	24	3	19
29	2	2	15	12	24	2	23
29	2	2	17	12	24	3	inf
29	2	2	19	12	24	2	6
29	2	2	20	12	24	3	inf
29	2	2	22	12	24	3	10
29	2	3	1	12	24	2	6
29	2	3	3	12	24	3	inf
29	2	3	5	12	24	2	23
29	2	3	8	12	24	3	19
29	2	3	10	12	24	3	19
29	2	3	13	12	24	2	23
29	2	3	15	12	24	3	inf
29	2	3	17	12	24	2	6
29	2	3	18	12	24	3	inf
29	2	3	20	12	24	3	10
29	2	3	22	12	24	3	10
29	2	4	1	12	24	3	inf
29	2	4	3	12	24	2	23
29	2	4	6	12	24	3	19
29	2	4	8	12	24	3	19
29	2	4	11	12	24	2	23
29	2	4	13	12	24	3	inf
29	2	4	15	12	24	2	6
29	2	4	16	12	24	3	inf
29	2	4	18	12	24	3	10
29	2	4	20	12	24	3	10
29	2	4	23	12	24	2	6
29	2	5	1	12	24	2	23
29	2	5	4	12	24	3	19
29	2	5	6	12	24	3	19
29	2	5	9	12	24	2	23
29	2	5	11	12	24	3	inf
29	2	5	13	12	24	2	6
29	2	5	14	12	24	3	inf
29	2	5	16	12	24	3	10
29	2	5	18	12	24	3	10
29	2	5	21	12	24	2	6
29	2	5	23	12	24	3	inf
29	2	6	2	12	24	3	19
29	2	6	4	12	24	3	19
29	2	6	7	12	24	2	23
29	2	6	9	12	24	3	inf
29	2	6	11	12	24	2	6
29	2	6	12	12	24	3	inf
29	2	6	14	12	24	3	10
29	2	6	16	12	24	3	10
29	2	6	19	12	24	2	6
29	2	6	21	12	24	3	inf
29	2	6	23	12	24	2	23
29	2	7	0	12	24	3	19
29	2	7	2	12	24	3	19
29	2	7	5	12	24	2	23
29	2	7	7	12	24	3	inf
29	2	7	9	12	24	2	6
29	2	7	10	12	24	3	inf
29	2	7	12	12	24	3	10
29	2	7	14	12	24	3	10
29	2	7	17	12	24	2	6
29	2	7	19	12	24	3	inf
29	2	7	21	12	24	2	23
29	2	8	0	12	24	3	19
29	2	8	3	12	24	2	23
29	2	8	5	12	24	3	inf
29	2	8	7	12	24	2	6
29	2	8	8	12	24	3	inf
29	2	8	10	12	24	3	10
29	2	8	12	12	24	3	10
29	2	8	15	12	24	2	6
29	2	8	17	12	24	3	inf
29	2	8	19	12	24	2	23
29	2	8	22	12	24	3	19
29	2	9	1	12	24	2	23
29	2	9	3	12	24	3	inf
29	2	9	5	12	24	2	6
29	2	9	6	12	24	3	inf
29	2	9	8	12	24	3	10
29	2	9	10	12	24	3	10
29	2	9	13	12	24	2	6
29	2	9	15	12	24	3	inf
29	2	9	17	12	24	2	23
29	2	9	20	12	24	3	19
29	2	9	22	12	24	3	19
29	2	10	1	12	24	3	inf
29	2	10	3	12	24	2	6
29	2	10	4	12	24	3	inf
29	2	10	6	12	24	3	10
29	2	10	8	12	24	3	10
29	2	10	11	12	24	2	6
29	2	10	13	12	24	3	inf
29	2	10	15	12	24	2	23
29	2	10	18	12	24	3	19
29	2	10	20	12	24	3	19
29	2	10	23	12	24	2	23
29	2	11	1	12	24	2	6
29	2	11	2	12	24	3	inf
29	2	11	4	12	24	3	10
29	2	11	6	12	24	3	10
29	2	11	9	12	24	2	6
29	2	11	11	12	24	3	inf
29	2	11	13	12	24	2	23
29	2	11	16	12	24	3	19
29	2	11	18	12	24	3	19
29	2	11	21	12	24	2	23
29	2	11	23	12	24	3	inf
29	3	0	1	12	24	2	6
29	3	0	3	12	24	3	inf
29	3	0	5	12	24	2	23
29	3	0	8	12	24	3	19
29	3	0	10	12	24	3	19
29	3	0	13	12	24	2	23
29	3	0	15	12	24	3	inf
29	3	0	17	12	24	2	6
29	3	0	18	12	24	3	inf
29	3	0	20	12	24	3	10
29	3	0	22	12	24	3	10
29	3	1	1	12	24	3	inf
29	3	1	3	12	24	2	23
29	3	1	6	12	24	3	19
29	3	1	8	12	24	3	19
29	3	1	11	12	24	2	23
29	3	1	13	12	24	3	inf
29	3	1	15	12	24	2	6
29	3	1	16	12	24	3	inf
29	3	1	18	12	24	3	10
29	3	1	20	12	24	3	10
29	3	1	23	12	24	2	6
29	3	2	1	12	24	2	23
29	3	2	4	12	24	3	19
29	3	2	6	12	24	3	19
29	3	2	9	12	24	2	23
29	3	2	11	12	24	3	inf
29	3	2	13	12	24	2	6
29	3	2	14	12	24	3	inf
29	3	2	16	12	24	3	10
29	3	2	18	12	24	3	10
29	3	2	21	12	24	2	6
29	3	2	23	12	24	3	inf
29	3	3	2	12	24	3	19
29	3	3	4	12	24	3	19
29	3	3	7	12	24	2	23
29	3	3	9	12	24	3	inf
29	3	3	11	12	24	2	6
29	3	3	12	12	24	3	inf
29	3	3	14	12	24	3	10
29	3	3	16	12	24	3	10
29	3	3	19	12	24	2	6
29	3	3	21	12	24	3	inf
29	3	3	23	12	24	2	23
29	3	4	0	12	24	3	19
29	3	4	2	12	24	3	19
29	3	4	5	12	24	2	23
29	3	4	7	12	24	3	inf
29	3	4	9	12	24	2	6
29	3	4	10	12	24	3	inf
29	3	4	12	12	24	3	10
29	3	4	14	12	24	3	10
29	3	4	17	12	24	2	6
29	3	4	19	12	24	3	inf
29	3	4	21	12	24	2	23
29	3	5	0	12	24	3	19
29	3	5	3	12	24	2	23
29	3	5	5	12	24	3	inf
29	3	5	7	12	24	2	6
29	3	5	8	12	24	3	inf
29	3	5	10	12	24	3	10
29	3	5	12	12	24	3	10
29	3	5	15	12	24	2	6
29	3	5	17	12	24	3	inf
29	3	5	19	12	24	2	23
29	3	5	22	12	24	3	19
29	3	6	1	12	24	2	23
29	3	6	3	12	24	3	inf
29	3	6	5	12	24	2	6
29	3	6	6	12	24	3	inf
29	3	6	8	12	24	3	10
29	3	6	10	12	24	3	10
29	3	6	13	12	24	2	6
29	3	6	15	12	24	3	inf
29	3	6	17	12	24	2	23
29	3	6	20	12	24	3	19
29	3	6	22	12	24	3	19
29	3	7	1	12	24	3	inf
29	3	7	3	12	24	2	6
29	3	7	4	12	24	3	inf
29	3	7	6	12	24	3	10
29	3	7	8	12	24	3	10
29	3	7	11	12	24	2	6
29	3	7	13	12	24	3	inf
29	3	7	15	12	24	2	23
29	3	7	18	12	24	3	19
29	3	7	20	12	24	3	19
29	3	7	23	12	24	2	23
29	3	8	1	12	24	2	6
29	3	8	2	12	24	3	inf
29	3	8	4	12	24	3	10
29	3	8	6	12	24	3	10
29	3	8	9	12	24	2	6
29	3	8	11	12	24	3	inf
29	3	8	13	12	24	2	23
29	3	8	16	12	24	3	19
29	3	8	18	12	24	3	19
29	3	8	21	12	24	2	23
29	3	8	23	12	24	3	inf
29	3	9	0	12	24	3	inf
29	3	9	2	12	24	3	10
29	3	9	4	12	24	3	10
29	3	9	7	12	24	2	6
29	3	9	9	12	24	3	inf
29	3	9	11	12	24	2	23
29	3	9	14	12	24	3	19
29	3	9	16	12	24	3	19
29	3	9	19	12	24	2	23
29	3	9	21	12	24	3	inf
29	3	9	23	12	24	2	6
29	3	10	0	12	24	3	10
29	3	10	2	12	24	3	10
29	3	10	5	12	24	2	6
29	3	10	7	12	24	3	inf
29	3	10	9	12	24	2	23
29	3	10	12	12	24	3	19
29	3	10	14	12	24	3	19
29	3	10	17	12	24	2	23
29	3	10	19	12	24	3	inf
29	3	10	21	12	24	2	6
29	3	10	22	12	24	3	inf
29	3	11	0	12	24	3	10
29	3	11	3	12	24	2	6
29	3	11	5	12	24	3	inf
29	3	11	7	12	24	2	23
29	3	11	10	12	24	3	19
29	3	11	12	12	24	3	19
29	3	11	15	12	24	2	23
29	3	11	17	12	24	3	inf
29	3	11	19	12	24	2	6
29	3	11	20	12	24	3	inf
29	3	11	22	12	24	3	10
29	4	0	2	12	24	3	19
29	4	0	4	12	24	3	19
29	4	0	7	12	24	2	23
29	4	0	9	12	24	3	inf
29	4	0	11	12	24	2	6
29	4	0	12	12	24	3	inf
29	4	0	14	12	24	3	10
29	4	0	16	12	24	3	10
29	4	0	19	12	24	2	6
29	4	0	21	12	24	3	inf
29	4	0	23	12	24	2	23
29	4	1	0	12	24	3	19
29	4	1	2	12	24	3	19
29	4	1	5	12	24	2	23
29	4	1	7	12	24	3	inf
29	4	1	9	12	24	2	6
29	4	1	10	12	24	3	inf
29	4	1	12	12	24	3	10
29	4	1	14	12	24	3	10
29	4	1	17	12	24	2	6
29	4	1	19	12	24	3	inf
29	4	1	21	12	24	2	23
29	4	2	0	12	24	3	19
29	4	2	3	12	24	2	23
29	4	2	5	12	24	3	inf
29	4	2	7	12	24	2	6
29	4	2	8	12	24	3	inf
29	4	2	10	12	24	3	10
29	4	2	12	12	24	3	10
29	4	2	15	12	24	2	6
29	4	2	17	12	24	3	inf
29	4	2	19	12	24	2	23
29	4	2	22	12	24	3	19
29	4	3	1	12	24	2	23
29	4	3	3	12	24	3	inf
29	4	3	5	12	24	2	6
29	4	3	6	12	24	3	inf
29	4	3	8	12	24	3	10
29	4	3	10	12	24	3	10
29	4	3	13	12	24	2	6
29	4	3	15	12	24	3	inf
29	4	3	17	12	24	2	23
29	4	3	20	12	24	3	19
29	4	3	22	12	24	3	19
29	4	4	1	12	24	3	inf
29	4	4	3	12	24	2	6
29	4	4	4	12	24	3	inf
29	4	4	6	12	24	3	10
29	4	4	8	12	24	3	10
29	4	4	11	12	24	2	6
29	4	4	13	12	24	3	inf
29	4	4	15	12	24	2	23
29	4	4	18	12	24	3	19
29	4	4	20	12	24	3	19
29	4	4	23	12	24	2	23
29	4	5	1	12	24	2	6
29	4	5	2	12	24	3	inf
29	4	5	4	12	24	3	10
29	4	5	6	12	24	3	10
29	4	5	9	12	24	2	6
29	4	5	11	12	24	3	inf
29	4	5	13	12	24	2	23
29	4	5	16	12	24	3	19
29	4	5	18	12	24	3	19
29	4	5	21	12	24	2	23
29	4	5	23	12	24	3	inf
29	4	6	0	12	24	3	inf
29	4	6	2	12	24	3	10
29	4	6	4	12	24	3	10
29	4	6	7	12	24	2	6
29	4	6	9	12	24	3	inf
29	4	6	11	12	24	2	23
29	4	6	14	12	24	3	19
29	4	6	16	12	24	3	19
29	4	6	19	12	24	2	23
29	4	6	21	12	24	3	inf
29	4	6	23	12	24	2	6
29	4	7	0	12	24	3	10
29	4	7	2	12	24	3	10
29	4	7	5	12	24	2	6
29	4	7	7	12	24	3	inf
29	4	7	9	12	24	2	23
29	4	7	12	12	24	3	19
29	4	7	14	12	24	3	19
29	4	7	17	12	24	2	23
29	4	7	19	12	24	3	inf
29	4	7	21	12	24	2	6
29	4	7	22	12	24	3	inf
29	4	8	0	12	24	3	10
29	4	8	3	12	24	2	6
29	4	8	5	12	24	3	inf
29	4	8	7	12	24	2	23
29	4	8	10	12	24	3	19
29	4	8	12	12	24	3	19
29	4	8	15	12	24	2	23
29	4	8	17	12	24	3	inf
29	4	8	19	12	24	2	6
29	4	8	20	12	24	3	inf
29	4	8	22	12	24	3	10
29	4	9	1	12	24	2	6
29	4	9	3	12	24	3	inf
29	4	9	5	12	24	2	23
29	4	9	8	12	24	3	19
29	4	9	10	12	24	3	19
29	4	9	13	12	24	2	23
29	4	9	15	12	24	3	inf
29	4	9	17	12	24	2	6
29	4	9	18	12	24	3	inf
29	4	9	20	12	24	3	10
29	4	9	22	12	24	3	10
29	4	10	1	12	24	3	inf
29	4	10	3	12	24	2	23
29	4	10	6	12	24	3	19
29	4	10	8	12	24	3	19
29	4	10	11	12	24	2	23
29	4	10	13	12	24	3	inf
29	4	10	15	12	24	2	6
29	4	10	16	12	24	3	inf
29	4	10	18	12	24	3	10
29	4	10	20	12	24	3	10
29	4	10	23	12	24	2	6
29	4	11	1	12	24	2	23
29	4	11	4	12	24	3	19
29	4	11	6	12	24	3	19
29	4	11	9	12	24	2	23
29	4	11	11	12	24	3	inf
29	4	11	13	12	24	2	6
29	4	11	14	12	24	3	inf
29	4	11	16	12	24	3	10
29	4	11	18	12	24	3	10
29	4	11	21	12	24	2	6
29	4	11	23	12	24	3	inf
31	1	2	2	6	3	3	inf
31	1	5	2	6	3	3	4
31	2	2	2	6	3	3	0
31	2	5	2	6	3	3	0
31	3	2	2	6	3	3	4
31	3	5	2	6	3	3	inf
31	4	2	2	6	3	3	0
31	4	5	2	6	3	3	0
37	1	0	2	8	48	2	5
37	1	0	8	8	48	2	5
37	1	0	13	8	48	2	15
37	1	0	14	8	48	3	20
37	1	0	16	8	48	2	10
37	1	0	17	8	48	3	inf
37	1	0	18	8	48	2	27
37	1	0	20	8	48	3	17
37	1	0	21	8	48	2	22
37	1	0	26	8	48	2	32
37	1	0	32	8	48	2	32
37	1	0	37	8	48	2	22
37	1	0	38	8	48	3	inf
37	1	0	40	8	48	2	27
37	1	0	41	8	48	3	inf
37	1	0	42	8	48	2	10
37	1	0	44	8	48	3	20
37	1	0	45	8	48	2	15
37	1	1	2	8	48	2	32
37	1	1	7	8	48	2	22
37	1	1	8	8	48	3	inf
37	1	1	10	8	48	2	27
37	1	1	11	8	48	3	inf
37	1	1	12	8	48	2	10
37	1	1	14	8	48	3	20
37	1	1	15	8	48	2	15
37	1	1	20	8	48	2	5
37	1	1	26	8	48	2	5
37	1	1	31	8	48	2	15
37	1	1	32	8	48	3	20
37	1	1	34	8	48	2	10
37	1	1	35	8	48	3	inf
37	1	1	36	8	48	2	27
37	1	1	38	8	48	3	17
37	1	1	39	8	48	2	22
37	1	1	44	8	48	2	32
37	1	2	1	8	48	2	15
37	1	2	2	8	48	3	20
37	1	2	4	8	48	2	10
37	1	2	5	8	48	3	inf
37	1	2	6	8	48	2	27
37	1	2	8	8	48	3	17
37	1	2	9	8	48	2	22
37	1	2	14	8	48	2	32
37	1	2	20	8	48	2	32
37	1	2	25	8	48	2	22
37	1	2	26	8	48	3	inf
37	1	2	28	8	48	2	27
37	1	2	29	8	48	3	inf
37	1	2	30	8	48	2	10
37	1	2	32	8	48	3	20
37	1	2	33	8	48	2	15
37	1	2	38	8	48	2	5
37	1	2	44	8	48	2	5
37	1	3	0	8	48	2	10
37	1	3	2	8	48	3	20
37	1	3	3	8	48	2	15
37	1	3	8	8	48	2	5
37	1	3	14	8	48	2	5
37	1	3	19	8	48	2	15
37	1	3	20	8	48	3	20
37	1	3	22	8	48	2	10
37	1	3	23	8	48	3	inf
37	1	3	24	8	48	2	27
37	1	3	26	8	48	3	17
37	1	3	27	8	48	2	22
37	1	3	32	8	48	2	32
37	1	3	38	8	48	2	32
37	1	3	43	8	48	2	22
37	1	3	44	8	48	3	inf
37	1	3	46	8	48	2	27
37	1	3	47	8	48	3	inf
37	1	4	2	8	48	2	32
37	1	4	8	8	48	2	32
37	1	4	13	8	48	2	22
37	1	4	14	8	48	3	inf
37	1	4	16	8	48	2	27
37	1	4	17	8	48	3	inf
37	1	4	18	8	48	2	10
37	1	4	20	8	48	3	20
37	1	4	21	8	48	2	15
37	1	4	26	8	48	2	5
37	1	4	32	8	48	2	5
37	1	4	37	8	48	2	15
37	1	4	38	8	48	3	20
37	1	4	40	8	48	2	10
37	1	4	41	8	48	3	inf
37	1	4	42	8	48	2	27
37	1	4	44	8	48	3	17
37	1	4	45	8	48	2	22
37	1	5	2	8	48	2	5
37	1	5	7	8	48	2	15
37	1	5	8	8	48	3	20
37	1	5	10	8	48	2	10
37	1	5	11	8	48	3	inf
37	1	5	12	8	48	2	27
37	1	5	14	8	48	3	17
37	1	5	15	8	48	2	22
37	1	5	20	8	48	2	32
37	1	5	26	8	48	2	32
37	1	5	31	8	48	2	22
37	1	5	32	8	48	3	inf
37	1	5	34	8	48	2	27
37	1	5	35	8	48	3	inf
37	1	5	36	8	48	2	10
37	1	5	38	8	48	3	20
37	1	5	39	8	48	2	15
37	1	5	44	8	48	2	5
37	1	6	1	8	48	2	22
37	1	6	2	8	48	3	inf
37	1	6	4	8	48	2	27
37	1	6	5	8	48	3	inf
37	1	6	6	8	48	2	10
37	1	6	8	8	48	3	20
37	1	6	9	8	48	2	15
37	1	6	14	8	48	2	5
37	1	6	20	8	48	2	5
37	1	6	25	8	48	2	15
37	1	6	26	8	48	3	20
37	1	6	28	8	48	2	10
37	1	6	29	8	48	3	inf
37	1	6	30	8	48	2	27
37	1	6	32	8	48	3	17
37	1	6	33	8	48	2	22
37	1	6	38	8	48	2	32
37	1	6	44	8	48	2	32
37	1	7	0	8	48	2	27
37	1	7	2	8	48	3	17
37	1	7	3	8	48	2	22
37	1	7	8	8	48	2	32
37	1	7	14	8	48	2	32
37	1	7	19	8	48	2	22
37	1	7	20	8	48	3	inf
37	1	7	22	8	48	2	27
37	1	7	23	8	48	3	inf
37	1	7	24	8	48	2	10
37	1	7	26	8	48	3	20
37	1	7	27	8	48	2	15
37	1	7	32	8	48	2	5
37	1	7	38	8	48	2	5
37	1	7	43	8	48	2	15
37	1	7	44	8	48	3	20
37	1	7	46	8	48	2	10
37	1	7	47	8	48	3	inf
37	2	0	1	8	48	2	22
37	2	0	2	8	48	3	inf
37	2	0	4	8	48	2	27
37	2	0	5	8	48	3	inf
37	2	0	6	8	48	2	10
37	2	0	8	8	48	3	20
37	2	0	9	8	48	2	15
37	2	0	14	8	48	2	5
37	2	0	20	8	48	2	5
37	2	0	25	8	48	2	15
37	2	0	26	8	48	3	20
37	2	0	28	8	48	2	10
37	2	0	29	8	48	3	inf
37	2	0	30	8	48	2	27
37	2	0	32	8	48	3	17
37	2	0	33	8	48	2	22
37	2	0	38	8	48	2	32
37	2	0	44	8	48	2	32
37	2	1	0	8	48	2	27
37	2	1	2	8	48	3	17
37	2	1	3	8	48	2	22
37	2	1	8	8	48	2	32
37	2	1	14	8	48	2	32
37	2	1	19	8	48	2	22
37	2	1	20	8	48	3	inf
37	2	1	22	8	48	2	27
37	2	1	23	8	48	3	inf
37	2	1	24	8	48	2	10
37	2	1	26	8	48	3	20
37	2	1	27	8	48	2	15
37	2	1	32	8	48	2	5
37	2	1	38	8	48	2	5
37	2	1	43	8	48	2	15
37	2	1	44	8	48	3	20
37	2	1	46	8	48	2	10
37	2	1	47	8	48	3	inf
37	2	2	2	8	48	2	5
37	2	2	8	8	48	2	5
37	2	2	13	8	48	2	15
37	2	2	14	8	48	3	20
37	2	2	16	8	48	2	10
37	2	2	17	8	48	3	inf
37	2	2	18	8	48	2	27
37	2	2	20	8	48	3	17
37	2	2	21	8	48	2	22
37	2	2	26	8	48	2	32
37	2	2	32	8	48	2	32
37	2	2	37	8	48	2	22
37	2	2	38	8	48	3	inf
37	2	2	40	8	48	2	27
37	2	2	41	8	48	3	inf
37	2	2	42	8	48	2	10
37	2	2	44	8	48	3	20
37	2	2	45	8	48	2	15
37	2	3	2	8	48	2	32
37	2	3	7	8	48	2	22
37	2	3	8	8	48	3	inf
37	2	3	10	8	48	2	27
37	2	3	11	8	48	3	inf
37	2	3	12	8	48	2	10
37	2	3	14	8	48	3	20
37	2	3	15	8	48	2	15
37	2	3	20	8	48	2	5
37	2	3	26	8	48	2	5
37	2	3	31	8	48	2	15
37	2	3	32	8	48	3	20
37	2	3	34	8	48	2	10
37	2	3	35	8	48	3	inf
37	2	3	36	8	48	2	27
37	2	3	38	8	48	3	17
37	2	3	39	8	48	2	22
37	2	3	44	8	48	2	32
37	2	4	1	8	48	2	15
37	2	4	2	8	48	3	20
37	2	4	4	8	48	2	10
37	2	4	5	8	48	3	inf
37	2	4	6	8	48	2	27
37	2	4	8	8	48	3	17
37	2	4	9	8	48	2	22
37	2	4	14	8	48	2	32
37	2	4	20	8	48	2	32
37	2	4	25	8	48	2	22
37	2	4	26	8	48	3	inf
37	2	4	28	8	48	2	27
37	2	4	29	8	48	3	inf
37	2	4	30	8	48	2	10
37	2	4	32	8	48	3	20
37	2	4	33	8	48	2	15
37	2	4	38	8	48	2	5
37	2	4	44	8	48	2	5
37	2	5	0	8	48	2	10
37	2	5	2	8	48	3	20
37	2	5	3	8	48	2	15
37	2	5	8	8	48	2	5
37	2	5	14	8	48	2	5
37	2	5	19	8	48	2	15
37	2	5	20	8	48	3	20
37	2	5	22	8	48	2	10
37	2	5	23	8	48	3	inf
37	2	5	24	8	48	2	27
37	2	5	26	8	48	3	17
37	2	5	27	8	48	2	22
37	2	5	32	8	48	2	32
37	2	5	38	8	48	2	32
37	2	5	43	8	48	2	22
37	2	5	44	8	48	3	inf
37	2	5	46	8	48	2	27
37	2	5	47	8	48	3	inf
37	2	6	2	8	48	2	32
37	2	6	8	8	48	2	32
37	2	6	13	8	48	2	22
37	2	6	14	8	48	3	inf
37	2	6	16	8	48	2	27
37	2	6	17	8	48	3	inf
37	2	6	18	8	48	2	10
37	2	6	20	8	48	3	20
37	2	6	21	8	48	2	15
37	2	6	26	8	48	2	5
37	2	6	32	8	48	2	5
37	2	6	37	8	48	2	15
37	2	6	38	8	48	3	20
37	2	6	40	8	48	2	10
37	2	6	41	8	48	3	inf
37	2	6	42	8	48	2	27
37	2	6	44	8	48	3	17
37	2	6	45	8	48	2	22
37	2	7	2	8	48	2	5
37	2	7	7	8	48	2	15
37	2	7	8	8	48	3	20
37	2	7	10	8	48	2	10
37	2	7	11	8	48	3	inf
37	2	7	12	8	48	2	27
37	2	7	14	8	48	3	17
37	2	7	15	8	48	2	22
37	2	7	20	8	48	2	32
37	2	7	26	8	48	2	32
37	2	7	31	8	48	2	22
37	2	7	32	8	48	3	inf
37	2	7	34	8	48	2	27
37	2	7	35	8	48	3	inf
37	2	7	36	8	48	2	10
37	2	7	38	8	48	3	20
37	2	7	39	8	48	2	15
37	2	7	44	8	48	2	5
37	3	0	2	8	48	2	32
37	3	0	8	8	48	2	32
37	3	0	13	8	48	2	22
37	3	0	14	8	48	3	inf
37	3	0	16	8	48	2	27
37	3	0	17	8	48	3	inf
37	3	0	18	8	48	2	10
37	3	0	20	8	48	3	20
37	3	0	21	8	48	2	15
37	3	0	26	8	48	2	5
37	3	0	32	8	48	2	5
37	3	0	37	8	48	2	15
37	3	0	38	8	48	3	20
37	3	0	40	8	48	2	10
37	3	0	41	8	48	3	inf
37	3	0	42	8	48	2	27
37	3	0	44	8	48	3	17
37	3	0	45	8	48	2	22
37	3	1	2	8	48	2	5
37	3	1	7	8	48	2	15
37	3	1	8	8	48	3	20
37	3	1	10	8	48	2	10
37	3	1	11	8	48	3	inf
37	3	1	12	8	48	2	27
37	3	1	14	8	48	3	17
37	3	1	15	8	48	2	22
37	3	1	20	8	48	2	32
37	3	1	26	8	48	2	32
37	3	1	31	8	48	2	22
37	3	1	32	8	48	3	inf
37	3	1	34	8	48	2	27
37	3	1	35	8	48	3	inf
37	3	1	36	8	48	2	10
37	3	1	38	8	48	3	20
37	3	1	39	8	48	2	15
37	3	1	44	8	48	2	5
37	3	2	1	8	48	2	22
37	3	2	2	8	48	3	inf
37	3	2	4	8	48	2	27
37	3	2	5	8	48	3	inf
37	3	2	6	8	48	2	10
37	3	2	8	8	48	3	20
37	3	2	9	8	48	2	15
37	3	2	14	8	48	2	5
37	3	2	20	8	48	2	5
37	3	2	25	8	48	2	15
37	3	2	26	8	48	3	20
37	3	2	28	8	48	2	10
37	3	2	29	8	48	3	inf
37	3	2	30	8	48	2	27
37	3	2	32	8	48	3	17
37	3	2	33	8	48	2	22
37	3	2	38	8	48	2	32
37	3	2	44	8	48	2	32
37	3	3	0	8	48	2	27
37	3	3	2	8	48	3	17
37	3	3	3	8	48	2	22
37	3	3	8	8	48	2	32
37	3	3	14	8	48	2	32
37	3	3	19	8	48	2	22
37	3	3	20	8	48	3	inf
37	3	3	22	8	48	2	27
37	3	3	23	8	48	3	inf
37	3	3	24	8	48	2	10
37	3	3	26	8	48	3	20
37	3	3	27	8	48	2	15
37	3	3	32	8	48	2	5
37	3	3	38	8	48	2	5
37	3	3	43	8	48	2	15
37	3	3	44	8	48	3	20
37	3	3	46	8	48	2	10
37	3	3	47	8	48	3	inf
37	3	4	2	8	48	2	5
37	3	4	8	8	48	2	5
37	3	4	13	8	48	2	15
37	3	4	14	8	48	3	20
37	3	4	16	8	48	2	10
37	3	4	17	8	48	3	inf
37	3	4	18	8	48	2	27
37	3	4	20	8	48	3	17
37	3	4	21	8	48	2	22
37	3	4	26	8	48	2	32
37	3	4	32	8	48	2	32
37	3	4	37	8	48	2	22
37	3	4	38	8	48	3	inf
37	3	4	40	8	48	2	27
37	3	4	41	8	48	3	inf
37	3	4	42	8	48	2	10
37	3	4	44	8	48	3	20
37	3	4	45	8	48	2	15
37	3	5	2	8	48	2	32
37	3	5	7	8	48	2	22
37	3	5	8	8	48	3	inf
37	3	5	10	8	48	2	27
37	3	5	11	8	48	3	inf
37	3	5	12	8	48	2	10
37	3	5	14	8	48	3	20
37	3	5	15	8	48	2	15
37	3	5	20	8	48	2	5
37	3	5	26	8	48	2	5
37	3	5	31	8	48	2	15
37	3	5	32	8	48	3	20
37	3	5	34	8	48	2	10
37	3	5	35	8	48	3	inf
37	3	5	36	8	48	2	27
37	3	5	38	8	48	3	17
37	3	5	39	8	48	2	22
37	3	5	44	8	48	2	32
37	3	6	1	8	48	2	15
37	3	6	2	8	48	3	20
37	3	6	4	8	48	2	10
37	3	6	5	8	48	3	inf
37	3	6	6	8	48	2	27
37	3	6	8	8	48	3	17
37	3	6	9	8	48	2	22
37	3	6	14	8	48	2	32
37	3	6	20	8	48	2	32
37	3	6	25	8	48	2	22
37	3	6	26	8	48	3	inf
37	3	6	28	8	48	2	27
37	3	6	29	8	48	3	inf
37	3	6	30	8	48	2	10
37	3	6	32	8	48	3	20
37	3	6	33	8	48	2	15
37	3	6	38	8	48	2	5
37	3	6	44	8	48	2	5
37	3	7	0	8	48	2	10
37	3	7	2	8	48	3	20
37	3	7	3	8	48	2	15
37	3	7	8	8	48	2	5
37	3	7	14	8	48	2	5
37	3	7	19	8	48	2	15
37	3	7	20	8	48	3	20
37	3	7	22	8	48	2	10
37	3	7	23	8	48	3	inf
37	3	7	24	8	48	2	27
37	3	7	26	8	48	3	17
37	3	7	27	8	48	2	22
37	3	7	32	8	48	2	32
37	3	7	38	8	48	2	32
37	3	7	43	8	48	2	22
37	3	7	44	8	48	3	inf
37	3	7	46	8	48	2	27
37	3	7	47	8	48	3	inf
37	4	0	1	8	48	2	15
37	4	0	2	8	48	3	20
37	4	0	4	8	48	2	10
37	4	0	5	8	48	3	inf
37	4	0	6	8	48	2	27
37	4	0	8	8	48	3	17
37	4	0	9	8	48	2	22
37	4	0	14	8	48	2	32
37	4	0	20	8	48	2	32
37	4	0	25	8	48	2	22
37	4	0	26	8	48	3	inf
37	4	0	28	8	48	2	27
37	4	0	29	8	48	3	inf
37	4	0	30	8	48	2	10
37	4	0	32	8	48	3	20
37	4	0	33	8	48	2	15
37	4	0	38	8	48	2	5
37	4	0	44	8	48	2	5
37	4	1	0	8	48	2	10
37	4	1	2	8	48	3	20
37	4	1	3	8	48	2	15
37	4	1	8	8	48	2	5
37	4	1	14	8	48	2	5
37	4	1	19	8	48	2	15
37	4	1	20	8	48	3	20
37	4	1	22	8	48	2	10
37	4	1	23	8	48	3	inf
37	4	1	24	8	48	2	27
37	4	1	26	8	48	3	17
37	4	1	27	8	48	2	22
37	4	1	32	8	48	2	32
37	4	1	38	8	48	2	32
37	4	1	43	8	48	2	22
37	4	1	44	8	48	3	inf
37	4	1	46	8	48	2	27
37	4	1	47	8	48	3	inf
37	4	2	2	8	48	2	32
37	4	2	8	8	48	2	32
37	4	2	13	8	48	2	22
37	4	2	14	8	48	3	inf
37	4	2	16	8	48	2	27
37	4	2	17	8	48	3	inf
37	4	2	18	8	48	2	10
37	4	2	20	8	48	3	20
37	4	2	21	8	48	2	15
37	4	2	26	8	48	2	5
37	4	2	32	8	48	2	5
37	4	2	37	8	48	2	15
37	4	2	38	8	48	3	20
37	4	2	40	8	48	2	10
37	4	2	41	8	48	3	inf
37	4	2	42	8	48	2	27
37	4	2	44	8	48	3	17
37	4	2	45	8	48	2	22
37	4	3	2	8	48	2	5
37	4	3	7	8	48	2	15
37	4	3	8	8	48	3	20
37	4	3	10	8	48	2	10
37	4	3	11	8	48	3	inf
37	4	3	12	8	48	2	27
37	4	3	14	8	48	3	17
37	4	3	15	8	48	2	22
37	4	3	20	8	48	2	32
37	4	3	26	8	48	2	32
37	4	3	31	8	48	2	22
37	4	3	32	8	48	3	inf
37	4	3	34	8	48	2	27
37	4	3	35	8	48	3	inf
37	4	3	36	8	48	2	10
37	4	3	38	8	48	3	20
37	4	3	39	8	48	2	15
37	4	3	44	8	48	2	5
37	4	4	1	8	48	2	22
37	4	4	2	8	48	3	inf
37	4	4	4	8	48	2	27
37	4	4	5	8	48	3	inf
37	4	4	6	8	48	2	10
37	4	4	8	8	48	3	20
37	4	4	9	8	48	2	15
37	4	4	14	8	48	2	5
37	4	4	20	8	48	2	5
37	4	4	25	8	48	2	15
37	4	4	26	8	48	3	20
37	4	4	28	8	48	2	10
37	4	4	29	8	48	3	inf
37	4	4	30	8	48	2	27
37	4	4	32	8	48	3	17
37	4	4	33	8	48	2	22
37	4	4	38	8	48	2	32
37	4	4	44	8	48	2	32
37	4	5	0	8	48	2	27
37	4	5	2	8	48	3	17
37	4	5	3	8	48	2	22
37	4	5	8	8	48	2	32
37	4	5	14	8	48	2	32
37	4	5	19	8	48	2	22
37	4	5	20	8	48	3	inf
37	4	5	22	8	48	2	27
37	4	5	23	8	48	3	inf
37	4	5	24	8	48	2	10
37	4	5	26	8	48	3	20
37	4	5	27	8	48	2	15
37	4	5	32	8	48	2	5
37	4	5	38	8	48	2	5
37	4	5	43	8	48	2	15
37	4	5	44	8	48	3	20
37	4	5	46	8	48	2	10
37	4	5	47	8	48	3	inf
37	4	6	2	8	48	2	5
37	4	6	8	8	48	2	5
37	4	6	13	8	48	2	15
37	4	6	14	8	48	3	20
37	4	6	16	8	48	2	10
37	4	6	17	8	48	3	inf
37	4	6	18	8	48	2	27
37	4	6	20	8	48	3	17
37	4	6	21	8	48	2	22
37	4	6	26	8	48	2	32
37	4	6	32	8	48	2	32
37	4	6	37	8	48	2	22
37	4	6	38	8	48	3	inf
37	4	6	40	8	48	2	27
37	4	6	41	8	48	3	inf
37	4	6	42	8	48	2	10
37	4	6	44	8	48	3	20
37	4	6	45	8	48	2	15
37	4	7	2	8	48	2	32
37	4	7	7	8	48	2	22
37	4	7	8	8	48	3	inf
37	4	7	10	8	48	2	27
37	4	7	11	8	48	3	inf
37	4	7	12	8	48	2	10
37	4	7	14	8	48	3	20
37	4	7	15	8	48	2	15
37	4	7	20	8	48	2	5
37	4	7	26	8	48	2	5
37	4	7	31	8	48	2	15
37	4	7	32	8	48	3	20
37	4	7	34	8	48	2	10
37	4	7	35	8	48	3	inf
37	4	7	36	8	48	2	27
37	4	7	38	8	48	3	17
37	4	7	39	8	48	2	22
37	4	7	44	8	48	2	32
41	1	0	1	6	6	3	inf
41	1	0	4	6	6	3	38
41	1	1	0	6	6	3	3
41	1	1	3	6	6	3	3
41	1	2	2	6	6	3	38
41	1	2	5	6	6	3	inf
41	1	3	1	6	6	3	3
41	1	3	4	6	6	3	3
41	1	4	0	6	6	3	38
41	1	4	3	6	6	3	inf
41	1	5	2	6	6	3	3
41	1	5	5	6	6	3	3
41	2	0	1	6	6	3	14
41	2	0	4	6	6	3	27
41	2	1	0	6	6	3	27
41	2	1	3	6	6	3	14
41	2	2	2	6	6	3	27
41	2	2	5	6	6	3	14
41	2	3	1	6	6	3	14
41	2	3	4	6	6	3	27
41	2	4	0	6	6	3	27
41	2	4	3	6	6	3	14
41	2	5	2	6	6	3	27
41	2	5	5	6	6	3	14
41	3	0	1	6	6	3	3
41	3	0	4	6	6	3	3
41	3	1	0	6	6	3	inf
41	3	1	3	6	6	3	38
41	3	2	2	6	6	3	3
41	3	2	5	6	6	3	3
41	3	3	1	6	6	3	38
41	3	3	4	6	6	3	inf
41	3	4	0	6	6	3	3
41	3	4	3	6	6	3	3
41	3	5	2	6	6	3	inf
41	3	5	5	6	6	3	38
41	4	0	1	6	6	3	27
41	4	0	4	6	6	3	14
41	4	1	0	6	6	3	14
41	4	1	3	6	6	3	27
41	4	2	2	6	6	3	14
41	4	2	5	6	6	3	27
41	4	3	1	6	6	3	27
41	4	3	4	6	6	3	14
41	4	4	0	6	6	3	14
41	4	4	3	6	6	3	27
41	4	5	2	6	6	3	14
41	4	5	5	6	6	3	27
43	1	0	1	8	24	2	25
43	1	0	3	8	24	2	12
43	1	0	6	8	24	3	2
43	1	0	8	8	24	3	16
43	1	0	10	8	24	2	33
43	1	0	13	8	24	2	18
43	1	0	15	8	24	2	31
43	1	0	18	8	24	3	41
43	1	0	20	8	24	3	27
43	1	0	22	8	24	2	10
43	1	1	1	8	24	2	31
43	1	1	2	8	24	3	inf
43	1	1	3	8	24	2	18
43	1	1	6	8	24	2	33
43	1	1	8	8	24	3	16
43	1	1	10	8	24	3	2
43	1	1	13	8	24	2	12
43	1	1	15	8	24	2	25
43	1	1	18	8	24	2	10
43	1	1	20	8	24	3	27
43	1	1	22	8	24	3	41
43	1	2	0	8	24	3	2
43	1	2	2	8	24	3	16
43	1	2	4	8	24	2	33
43	1	2	7	8	24	2	18
43	1	2	9	8	24	2	31
43	1	2	12	8	24	3	41
43	1	2	14	8	24	3	27
43	1	2	16	8	24	2	10
43	1	2	19	8	24	2	25
43	1	2	21	8	24	2	12
43	1	3	0	8	24	2	33
43	1	3	2	8	24	3	16
43	1	3	4	8	24	3	2
43	1	3	7	8	24	2	12
43	1	3	9	8	24	2	25
43	1	3	12	8	24	2	10
43	1	3	14	8	24	3	27
43	1	3	16	8	24	3	41
43	1	3	19	8	24	2	31
43	1	3	20	8	24	3	inf
43	1	3	21	8	24	2	18
43	1	4	1	8	24	2	18
43	1	4	3	8	24	2	31
43	1	4	6	8	24	3	41
43	1	4	8	8	24	3	27
43	1	4	10	8	24	2	10
43	1	4	13	8	24	2	25
43	1	4	15	8	24	2	12
43	1	4	18	8	24	3	2
43	1	4	20	8	24	3	16
43	1	4	22	8	24	2	33
43	1	5	1	8	24	2	12
43	1	5	3	8	24	2	25
43	1	5	6	8	24	2	10
43	1	5	8	8	24	3	27
43	1	5	10	8	24	3	41
43	1	5	13	8	24	2	31
43	1	5	14	8	24	3	inf
43	1	5	15	8	24	2	18
43	1	5	18	8	24	2	33
43	1	5	20	8	24	3	16
43	1	5	22	8	24	3	2
43	1	6	0	8	24	3	41
43	1	6	2	8	24	3	27
43	1	6	4	8	24	2	10
43	1	6	7	8	24	2	25
43	1	6	9	8	24	2	12
43	1	6	12	8	24	3	2
43	1	6	14	8	24	3	16
43	1	6	16	8	24	2	33
43	1	6	19	8	24	2	18
43	1	6	21	8	24	2	31
43	1	7	0	8	24	2	10
43	1	7	2	8	24	3	27
43	1	7	4	8	24	3	41
43	1	7	7	8	24	2	31
43	1	7	8	8	24	3	inf
43	1	7	9	8	24	2	18
43	1	7	12	8	24	2	33
43	1	7	14	8	24	3	16
43	1	7	16	8	24	3	2
43	1	7	19	8	24	2	12
43	1	7	21	8	24	2	25
43	2	0	0	8	24	2	25
43	2	0	3	8	24	2	10
43	2	0	5	8	24	3	27
43	2	0	7	8	24	3	41
43	2	0	10	8	24	2	31
43	2	0	11	8	24	3	inf
43	2	0	12	8	24	2	18
43	2	0	15	8	24	2	33
43	2	0	17	8	24	3	16
43	2	0	19	8	24	3	2
43	2	0	22	8	24	2	12
43	2	1	1	8	24	2	10
43	2	1	4	8	24	2	25
43	2	1	6	8	24	2	12
43	2	1	9	8	24	3	2
43	2	1	11	8	24	3	16
43	2	1	13	8	24	2	33
43	2	1	16	8	24	2	18
43	2	1	18	8	24	2	31
43	2	1	21	8	24	3	41
43	2	1	23	8	24	3	27
43	2	2	1	8	24	3	41
43	2	2	4	8	24	2	31
43	2	2	5	8	24	3	inf
43	2	2	6	8	24	2	18
43	2	2	9	8	24	2	33
43	2	2	11	8	24	3	16
43	2	2	13	8	24	3	2
43	2	2	16	8	24	2	12
43	2	2	18	8	24	2	25
43	2	2	21	8	24	2	10
43	2	2	23	8	24	3	27
43	2	3	0	8	24	2	12
43	2	3	3	8	24	3	2
43	2	3	5	8	24	3	16
43	2	3	7	8	24	2	33
43	2	3	10	8	24	2	18
43	2	3	12	8	24	2	31
43	2	3	15	8	24	3	41
43	2	3	17	8	24	3	27
43	2	3	19	8	24	2	10
43	2	3	22	8	24	2	25
43	2	4	0	8	24	2	18
43	2	4	3	8	24	2	33
43	2	4	5	8	24	3	16
43	2	4	7	8	24	3	2
43	2	4	10	8	24	2	12
43	2	4	12	8	24	2	25
43	2	4	15	8	24	2	10
43	2	4	17	8	24	3	27
43	2	4	19	8	24	3	41
43	2	4	22	8	24	2	31
43	2	4	23	8	24	3	inf
43	2	5	1	8	24	2	33
43	2	5	4	8	24	2	18
43	2	5	6	8	24	2	31
43	2	5	9	8	24	3	41
43	2	5	11	8	24	3	27
43	2	5	13	8	24	2	10
43	2	5	16	8	24	2	25
43	2	5	18	8	24	2	12
43	2	5	21	8	24	3	2
43	2	5	23	8	24	3	16
43	2	6	1	8	24	3	2
43	2	6	4	8	24	2	12
43	2	6	6	8	24	2	25
43	2	6	9	8	24	2	10
43	2	6	11	8	24	3	27
43	2	6	13	8	24	3	41
43	2	6	16	8	24	2	31
43	2	6	17	8	24	3	inf
43	2	6	18	8	24	2	18
43	2	6	21	8	24	2	33
43	2	6	23	8	24	3	16
43	2	7	0	8	24	2	31
43	2	7	3	8	24	3	41
43	2	7	5	8	24	3	27
43	2	7	7	8	24	2	10
43	2	7	10	8	24	2	25
43	2	7	12	8	24	2	12
43	2	7	15	8	24	3	2
43	2	7	17	8	24	3	16
43	2	7	19	8	24	2	33
43	2	7	22	8	24	2	18
43	3	0	1	8	24	2	18
43	3	0	3	8	24	2	31
43	3	0	6	8	24	3	41
43	3	0	8	8	24	3	27
43	3	0	10	8	24	2	10
43	3	0	13	8	24	2	25
43	3	0	15	8	24	2	12
43	3	0	18	8	24	3	2
43	3	0	20	8	24	3	16
43	3	0	22	8	24	2	33
43	3	1	1	8	24	2	12
43	3	1	3	8	24	2	25
43	3	1	6	8	24	2	10
43	3	1	8	8	24	3	27
43	3	1	10	8	24	3	41
43	3	1	13	8	24	2	31
43	3	1	14	8	24	3	inf
43	3	1	15	8	24	2	18
43	3	1	18	8	24	2	33
43	3	1	20	8	24	3	16
43	3	1	22	8	24	3	2
43	3	2	0	8	24	3	41
43	3	2	2	8	24	3	27
43	3	2	4	8	24	2	10
43	3	2	7	8	24	2	25
43	3	2	9	8	24	2	12
43	3	2	12	8	24	3	2
43	3	2	14	8	24	3	16
43	3	2	16	8	24	2	33
43	3	2	19	8	24	2	18
43	3	2	21	8	24	2	31
43	3	3	0	8	24	2	10
43	3	3	2	8	24	3	27
43	3	3	4	8	24	3	41
43	3	3	7	8	24	2	31
43	3	3	8	8	24	3	inf
43	3	3	9	8	24	2	18
43	3	3	12	8	24	2	33
43	3	3	14	8	24	3	16
43	3	3	16	8	24	3	2
43	3	3	19	8	24	2	12
43	3	3	21	8	24	2	25
43	3	4	1	8	24	2	25
43	3	4	3	8	24	2	12
43	3	4	6	8	24	3	2
43	3	4	8	8	24	3	16
43	3	4	10	8	24	2	33
43	3	4	13	8	24	2	18
43	3	4	15	8	24	2	31
43	3	4	18	8	24	3	41
43	3	4	20	8	24	3	27
43	3	4	22	8	24	2	10
43	3	5	1	8	24	2	31
43	3	5	2	8	24	3	inf
43	3	5	3	8	24	2	18
43	3	5	6	8	24	2	33
43	3	5	8	8	24	3	16
43	3	5	10	8	24	3	2
43	3	5	13	8	24	2	12
43	3	5	15	8	24	2	25
43	3	5	18	8	24	2	10
43	3	5	20	8	24	3	27
43	3	5	22	8	24	3	41
43	3	6	0	8	24	3	2
43	3	6	2	8	24	3	16
43	3	6	4	8	24	2	33
43	3	6	7	8	24	2	18
43	3	6	9	8	24	2	31
43	3	6	12	8	24	3	41
43	3	6	14	8	24	3	27
43	3	6	16	8	24	2	10
43	3	6	19	8	24	2	25
43	3	6	21	8	24	2	12
43	3	7	0	8	24	2	33
43	3	7	2	8	24	3	16
43	3	7	4	8	24	3	2
43	3	7	7	8	24	2	12
43	3	7	9	8	24	2	25
43	3	7	12	8	24	2	10
43	3	7	14	8	24	3	27
43	3	7	16	8	24	3	41
43	3	7	19	8	24	2	31
43	3	7	20	8	24	3	inf
43	3	7	21	8	24	2	18
43	4	0	0	8	24	2	18
43	4	0	3	8	24	2	33
43	4	0	5	8	24	3	16
43	4	0	7	8	24	3	2
43	4	0	10	8	24	2	12
43	4	0	12	8	24	2	25
43	4	0	15	8	24	2	10
43	4	0	17	8	24	3	27
43	4	0	19	8	24	3	41
43	4	0	22	8	24	2	31
43	4	0	23	8	24	3	inf
43	4	1	1	8	24	2	33
43	4	1	4	8	24	2	18
43	4	1	6	8	24	2	31
43	4	1	9	8	24	3	41
43	4	1	11	8	24	3	27
43	4	1	13	8	24	2	10
43	4	1	16	8	24	2	25
43	4	1	18	8	24	2	12
43	4	1	21	8	24	3	2
43	4	1	23	8	24	3	16
43	4	2	1	8	24	3	2
43	4	2	4	8	24	2	12
43	4	2	6	8	24	2	25
43	4	2	9	8	24	2	10
43	4	2	11	8	24	3	27
43	4	2	13	8	24	3	41
43	4	2	16	8	24	2	31
43	4	2	17	8	24	3	inf
43	4	2	18	8	24	2	18
43	4	2	21	8	24	2	33
43	4	2	23	8	24	3	16
43	4	3	0	8	24	2	31
43	4	3	3	8	24	3	41
43	4	3	5	8	24	3	27
43	4	3	7	8	24	2	10
43	4	3	10	8	24	2	25
43	4	3	12	8	24	2	12
43	4	3	15	8	24	3	2
43	4	3	17	8	24	3	16
43	4	3	19	8	24	2	33
43	4	3	22	8	24	2	18
43	4	4	0	8	24	2	25
43	4	4	3	8	24	2	10
43	4	4	5	8	24	3	27
43	4	4	7	8	24	3	41
43	4	4	10	8	24	2	31
43	4	4	11	8	24	3	inf
43	4	4	12	8	24	2	18
43	4	4	15	8	24	2	33
43	4	4	17	8	24	3	16
43	4	4	19	8	24	3	2
43	4	4	22	8	24	2	12
43	4	5	1	8	24	2	10
43	4	5	4	8	24	2	25
43	4	5	6	8	24	2	12
43	4	5	9	8	24	3	2
43	4	5	11	8	24	3	16
43	4	5	13	8	24	2	33
43	4	5	16	8	24	2	18
43	4	5	18	8	24	2	31
43	4	5	21	8	24	3	41
43	4	5	23	8	24	3	27
43	4	6	1	8	24	3	41
43	4	6	4	8	24	2	31
43	4	6	5	8	24	3	inf
43	4	6	6	8	24	2	18
43	4	6	9	8	24	2	33
43	4	6	11	8	24	3	16
43	4	6	13	8	24	3	2
43	4	6	16	8	24	2	12
43	4	6	18	8	24	2	25
43	4	6	21	8	24	2	10
43	4	6	23	8	24	3	27
43	4	7	0	8	24	2	12
43	4	7	3	8	24	3	2
43	4	7	5	8	24	3	16
43	4	7	7	8	24	2	33
43	4	7	10	8	24	2	18
43	4	7	12	8	24	2	31
43	4	7	15	8	24	3	41
43	4	7	17	8	24	3	27
43	4	7	19	8	24	2	10
43	4	7	22	8	24	2	25
47	1	0	0	7	14	3	1
47	1	0	1	7	14	3	inf
47	1	0	2	7	14	3	inf
47	1	0	3	7	14	3	inf
47	1	0	4	7	14	3	inf
47	1	0	5	7	14	3	inf
47	1	0	6	7	14	3	inf
47	1	0	7	7	14	3	inf
47	1	0	8	7	14	3	inf
47	1	0	9	7	14	3	inf
47	1	0	10	7	14	3	inf
47	1	0	11	7	14	3	inf
47	1	0	12	7	14	3	inf
47	1	0	13	7	14	3	inf
47	1	1	0	7	14	3	inf
47	1	1	1	7	14	3	inf
47	1	1	2	7	14	3	inf
47	1	1	3	7	14	3	inf
47	1	1	4	7	14	3	1
47	1	1	5	7	14	3	inf
47	1	1	6	7	14	3	inf
47	1	1	7	7	14	3	inf
47	1	1	8	7	14	3	inf
47	1	1	9	7	14	3	inf
47	1	1	10	7	14	3	inf
47	1	1	11	7	14	3	inf
47	1	1	12	7	14	3	inf
47	1	1	13	7	14	3	inf
47	1	2	0	7	14	3	inf
47	1	2	1	7	14	3	inf
47	1	2	2	7	14	3	inf
47	1	2	3	7	14	3	inf
47	1	2	4	7	14	3	inf
47	1	2	5	7	14	3	inf
47	1	2	6	7	14	3	inf
47	1	2	7	7	14	3	inf
47	1	2	8	7	14	3	1
47	1	2	9	7	14	3	inf
47	1	2	10	7	14	3	inf
47	1	2	11	7	14	3	inf
47	1	2	12	7	14	3	inf
47	1	2	13	7	14	3	inf
47	1	3	0	7	14	3	inf
47	1	3	1	7	14	3	inf
47	1	3	2	7	14	3	inf
47	1	3	3	7	14	3	inf
47	1	3	4	7	14	3	inf
47	1	3	5	7	14	3	inf
47	1	3	6	7	14	3	inf
47	1	3	7	7	14	3	inf
47	1	3	8	7	14	3	inf
47	1	3	9	7	14	3	inf
47	1	3	10	7	14	3	inf
47	1	3	11	7	14	3	inf
47	1	3	12	7	14	3	1
47	1	3	13	7	14	3	inf
47	1	4	0	7	14	3	inf
47	1	4	1	7	14	3	inf
47	1	4	2	7	14	3	1
47	1	4	3	7	14	3	inf
47	1	4	4	7	14	3	inf
47	1	4	5	7	14	3	inf
47	1	4	6	7	14	3	inf
47	1	4	7	7	14	3	inf
47	1	4	8	7	14	3	inf
47	1	4	9	7	14	3	inf
47	1	4	10	7	14	3	inf
47	1	4	11	7	14	3	inf
47	1	4	12	7	14	3	inf
47	1	4	13	7	14	3	inf
47	1	5	0	7	14	3	inf
47	1	5	1	7	14	3	inf
47	1	5	2	7	14	3	inf
47	1	5	3	7	14	3	inf
47	1	5	4	7	14	3	inf
47	1	5	5	7	14	3	inf
47	1	5	6	7	14	3	1
47	1	5	7	7	14	3	inf
47	1	5	8	7	14	3	inf
47	1	5	9	7	14	3	inf
47	1	5	10	7	14	3	inf
47	1	5	11	7	14	3	inf
47	1	5	12	7	14	3	inf
47	1	5	13	7	14	3	inf
47	1	6	0	7	14	3	inf
47	1	6	1	7	14	3	inf
47	1	6	2	7	14	3	inf
47	1	6	3	7	14	3	inf
47	1	6	4	7	14	3	inf
47	1	6	5	7	14	3	inf
47	1	6	6	7	14	3	inf
47	1	6	7	7	14	3	inf
47	1	6	8	7	14	3	inf
47	1	6	9	7	14	3	inf
47	1	6	10	7	14	3	1
47	1	6	11	7	14	3	inf
47	1	6	12	7	14	3	inf
47	1	6	13	7	14	3	inf
47	2	0	0	7	14	3	inf
47	2	0	1	7	14	3	inf
47	2	0	2	7	14	3	inf
47	2	0	3	7	14	3	inf
47	2	0	4	7	14	3	inf
47	2	0	5	7	14	3	inf
47	2	0	6	7	14	3	inf
47	2	0	7	7	14	3	inf
47	2	0	8	7	14	3	inf
47	2	0	9	7	14	3	inf
47	2	0	10	7	14	3	inf
47	2	0	11	7	14	3	inf
47	2	0	12	7	14	3	inf
47	2	0	13	7	14	3	inf
47	2	1	0	7	14	3	inf
47	2	1	1	7	14	3	inf
47	2	1	2	7	14	3	inf
47	2	1	3	7	14	3	inf
47	2	1	4	7	14	3	inf
47	2	1	5	7	14	3	inf
47	2	1	6	7	14	3	inf
47	2	1	7	7	14	3	inf
47	2	1	8	7	14	3	inf
47	2	1	9	7	14	3	inf
47	2	1	10	7	14	3	inf
47	2	1	11	7	14	3	inf
47	2	1	12	7	14	3	inf
47	2	1	13	7	14	3	inf
47	2	2	0	7	14	3	inf
47	2	2	1	7	14	3	inf
47	2	2	2	7	14	3	inf
47	2	2	3	7	14	3	inf
47	2	2	4	7	14	3	inf
47	2	2	5	7	14	3	inf
47	2	2	6	7	14	3	inf
47	2	2	7	7	14	3	inf
47	2	2	8	7	14	3	inf
47	2	2	9	7	14	3	inf
47	2	2	10	7	14	3	inf
47	2	2	11	7	14	3	inf
47	2	2	12	7	14	3	inf
47	2	2	13	7	14	3	inf
47	2	3	0	7	14	3	inf
47	2	3	1	7	14	3	inf
47	2	3	2	7	14	3	inf
47	2	3	3	7	14	3	inf
47	2	3	4	7	14	3	inf
47	2	3	5	7	14	3	inf
47	2	3	6	7	14	3	inf
47	2	3	7	7	14	3	inf
47	2	3	8	7	14	3	inf
47	2	3	9	7	14	3	inf
47	2	3	10	7	14	3	inf
47	2	3	11	7	14	3	inf
47	2	3	12	7	14	3	inf
47	2	3	13	7	14	3	inf
47	2	4	0	7	14	3	inf
47	2	4	1	7	14	3	inf
47	2	4	2	7	14	3	inf
47	2	4	3	7	14	3	inf
47	2	4	4	7	14	3	inf
47	2	4	5	7	14	3	inf
47	2	4	6	7	14	3	inf
47	2	4	7	7	14	3	inf
47	2	4	8	7	14	3	inf
47	2	4	9	7	14	3	inf
47	2	4	10	7	14	3	inf
47	2	4	11	7	14	3	inf
47	2	4	12	7	14	3	inf
47	2	4	13	7	14	3	inf
47	2	5	0	7	14	3	inf
47	2	5	1	7	14	3	inf
47	2	5	2	7	14	3	inf
47	2	5	3	7	14	3	inf
47	2	5	4	7	14	3	inf
47	2	5	5	7	14	3	inf
47	2	5	6	7	14	3	inf
47	2	5	7	7	14	3	inf
47	2	5	8	7	14	3	inf
47	2	5	9	7	14	3	inf
47	2	5	10	7	14	3	inf
47	2	5	11	7	14	3	inf
47	2	5	12	7	14	3	inf
47	2	5	13	7	14	3	inf
47	2	6	0	7	14	3	inf
47	2	6	1	7	14	3	inf
47	2	6	2	7	14	3	inf
47	2	6	3	7	14	3	inf
47	2	6	4	7	14	3	inf
47	2	6	5	7	14	3	inf
47	2	6	6	7	14	3	inf
47	2	6	7	7	14	3	inf
47	2	6	8	7	14	3	inf
47	2	6	9	7	14	3	inf
47	2	6	10	7	14	3	inf
47	2	6	11	7	14	3	inf
47	2	6	12	7	14	3	inf
47	2	6	13	7	14	3	inf
47	3	0	0	7	14	3	inf
47	3	0	1	7	14	3	inf
47	3	0	2	7	14	3	inf
47	3	0	3	7	14	3	inf
47	3	0	4	7	14	3	inf
47	3	0	5	7	14	3	inf
47	3	0	6	7	14	3	inf
47	3	0	7	7	14	3	1
47	3	0	8	7	14	3	inf
47	3	0	9	7	14	3	inf
47	3	0	10	7	14	3	inf
47	3	0	11	7	14	3	inf
47	3	0	12	7	14	3	inf
47	3	0	13	7	14	3	inf
47	3	1	0	7	14	3	inf
47	3	1	1	7	14	3	inf
47	3	1	2	7	14	3	inf
47	3	1	3	7	14	3	inf
47	3	1	4	7	14	3	inf
47	3	1	5	7	14	3	inf
47	3	1	6	7	14	3	inf
47	3	1	7	7	14	3	inf
47	3	1	8	7	14	3	inf
47	3	1	9	7	14	3	inf
47	3	1	10	7	14	3	inf
47	3	1	11	7	14	3	1
47	3	1	12	7	14	3	inf
47	3	1	13	7	14	3	inf
47	3	2	0	7	14	3	inf
47	3	2	1	7	14	3	1
47	3	2	2	7	14	3	inf
47	3	2	3	7	14	3	inf
47	3	2	4	7	14	3	inf
47	3	2	5	7	14	3	inf
47	3	2	6	7	14	3	inf
47	3	2	7	7	14	3	inf
47	3	2	8	7	14	3	inf
47	3	2	9	7	14	3	inf
47	3	2	10	7	14	3	inf
47	3	2	11	7	14	3	inf
47	3	2	12	7	14	3	inf
47	3	2	13	7	14	3	inf
47	3	3	0	7	14	3	inf
47	3	3	1	7	14	3	inf
47	3	3	2	7	14	3	inf
47	3	3	3	7	14	3	inf
47	3	3	4	7	14	3	inf
47	3	3	5	7	14	3	1
47	3	3	6	7	14	3	inf
47	3	3	7	7	14	3	inf
47	3	3	8	7	14	3	inf
47	3	3	9	7	14	3	inf
47	3	3	10	7	14	3	inf
47	3	3	11	7	14	3	inf
47	3	3	12	7	14	3	inf
47	3	3	13	7	14	3	inf
47	3	4	0	7	14	3	inf
47	3	4	1	7	14	3	inf
47	3	4	2	7	14	3	inf
47	3	4	3	7	14	3	inf
47	3	4	4	7	14	3	inf
47	3	4	5	7	14	3	inf
47	3	4	6	7	14	3	inf
47	3	4	7	7	14	3	inf
47	3	4	8	7	14	3	inf
47	3	4	9	7	14	3	1
47	3	4	10	7	14	3	inf
47	3	4	11	7	14	3	inf
47	3	4	12	7	14	3	inf
47	3	4	13	7	14	3	inf
47	3	5	0	7	14	3	inf
47	3	5	1	7	14	3	inf
47	3	5	2	7	14	3	inf
47	3	5	3	7	14	3	inf
47	3	5	4	7	14	3	inf
47	3	5	5	7	14	3	inf
47	3	5	6	7	14	3	inf
47	3	5	7	7	14	3	inf
47	3	5	8	7	14	3	inf
47	3	5	9	7	14	3	inf
47	3	5	10	7	14	3	inf
47	3	5	11	7	14	3	inf
47	3	5	12	7	14	3	inf
47	3	5	13	7	14	3	1
47	3	6	0	7	14	3	inf
47	3	6	1	7	14	3	inf
47	3	6	2	7	14	3	inf
47	3	6	3	7	14	3	1
47	3	6	4	7	14	3	inf
47	3	6	5	7	14	3	inf
47	3	6	6	7	14	3	inf
47	3	6	7	7	14	3	inf
47	3	6	8	7	14	3	inf
47	3	6	9	7	14	3	inf
47	3	6	10	7	14	3	inf
47	3	6	11	7	14	3	inf
47	3	6	12	7	14	3	inf
47	3	6	13	7	14	3	inf
47	4	0	0	7	14	3	inf
47	4	0	1	7	14	3	inf
47	4	0	2	7	14	3	inf
47	4	0	3	7	14	3	inf
47	4	0	4	7	14	3	inf
47	4	0	5	7	14	3	inf
47	4	0	6	7	14	3	inf
47	4	0	7	7	14	3	inf
47	4	0	8	7	14	3	inf
47	4	0	9	7	14	3	inf
47	4	0	10	7	14	3	inf
47	4	0	11	7	14	3	inf
47	4	0	12	7	14	3	inf
47	4	0	13	7	14	3	inf
47	4	1	0	7	14	3	inf
47	4	1	1	7	14	3	inf
47	4	1	2	7	14	3	inf
47	4	1	3	7	14	3	inf
47	4	1	4	7	14	3	inf
47	4	1	5	7	14	3	inf
47	4	1	6	7	14	3	inf
47	4	1	7	7	14	3	inf
47	4	1	8	7	14	3	inf
47	4	1	9	7	14	3	inf
47	4	1	10	7	14	3	inf
47	4	1	11	7	14	3	inf
47	4	1	12	7	14	3	inf
47	4	1	13	7	14	3	inf
47	4	2	0	7	14	3	inf
47	4	2	1	7	14	3	inf
47	4	2	2	7	14	3	inf
47	4	2	3	7	14	3	inf
47	4	2	4	7	14	3	inf
47	4	2	5	7	14	3	inf
47	4	2	6	7	14	3	inf
47	4	2	7	7	14	3	inf
47	4	2	8	7	14	3	inf
47	4	2	9	7	14	3	inf
47	4	2	10	7	14	3	inf
47	4	2	11	7	14	3	inf
47	4	2	12	7	14	3	inf
47	4	2	13	7	14	3	inf
47	4	3	0	7	14	3	inf
47	4	3	1	7	14	3	inf
47	4	3	2	7	14	3	inf
47	4	3	3	7	14	3	inf
47	4	3	4	7	14	3	inf
47	4	3	5	7	14	3	inf
47	4	3	6	7	14	3	inf
47	4	3	7	7	14	3	inf
47	4	3	8	7	14	3	inf
47	4	3	9	7	14	3	inf
47	4	3	10	7	14	3	inf
47	4	3	11	7	14	3	inf
47	4	3	12	7	14	3	inf
47	4	3	13	7	14	3	inf
47	4	4	0	7	14	3	inf
47	4	4	1	7	14	3	inf
47	4	4	2	7	14	3	inf
47	4	4	3	7	14	3	inf
47	4	4	4	7	14	3	inf
47	4	4	5	7	14	3	inf
47	4	4	6	7	14	3	inf
47	4	4	7	7	14	3	inf
47	4	4	8	7	14	3	inf
47	4	4	9	7	14	3	inf
47	4	4	10	7	14	3	inf
47	4	4	11	7	14	3	inf
47	4	4	12	7	14	3	inf
47	4	4	13	7	14	3	inf
47	4	5	0	7	14	3	inf
47	4	5	1	7	14	3	inf
47	4	5	2	7	14	3	inf
47	4	5	3	7	14	3	inf
47	4	5	4	7	14	3	inf
47	4	5	5	7	14	3	inf
47	4	5	6	7	14	3	inf
47	4	5	7	7	14	3	inf
47	4	5	8	7	14	3	inf
47	4	5	9	7	14	3	inf
47	4	5	10	7	14	3	inf
47	4	5	11	7	14	3	inf
47	4	5	12	7	14	3	inf
47	4	5	13	7	14	3	inf
47	4	6	0	7	14	3	inf
47	4	6	1	7	14	3	inf
47	4	6	2	7	14	3	inf
47	4	6	3	7	14	3	inf
47	4	6	4	7	14	3	inf
47	4	6	5	7	14	3	inf
47	4	6	6	7	14	3	inf
47	4	6	7	7	14	3	inf
47	4	6	8	7	14	3	inf
47	4	6	9	7	14	3	inf
47	4	6	10	7	14	3	inf
47	4	6	11	7	14	3	inf
47	4	6	12	7	14	3	inf
47	4	6	13	7	14	3	inf
53	1	0	1	5	60	2	16
53	1	0	2	5	60	3	inf
53	1	0	6	5	60	2	3
53	1	0	9	5	60	2	14
53	1	0	14	5	60	3	inf
53	1	0	19	5	60	2	39
53	1	0	22	5	60	2	50
53	1	0	26	5	60	2	11
53	1	0	27	5	60	2	37
53	1	0	29	5	60	3	5
53	1	0	31	5	60	2	37
53	1	0	32	5	60	2	11
53	1	0	36	5	60	2	50
53	1	0	39	5	60	2	39
53	1	0	44	5	60	3	inf
53	1	0	49	5	60	2	14
53	1	0	52	5	60	2	3
53	1	0	56	5	60	2	42
53	1	0	57	5	60	2	16
53	1	0	59	5	60	3	48
53	1	1	2	5	60	2	11
53	1	1	3	5	60	2	37
53	1	1	5	5	60	3	5
53	1	1	7	5	60	2	37
53	1	1	8	5	60	2	11
53	1	1	12	5	60	2	50
53	1	1	15	5	60	2	39
53	1	1	20	5	60	3	inf
53	1	1	25	5	60	2	14
53	1	1	28	5	60	2	3
53	1	1	32	5	60	2	42
53	1	1	33	5	60	2	16
53	1	1	35	5	60	3	48
53	1	1	37	5	60	2	16
53	1	1	38	5	60	3	inf
53	1	1	42	5	60	2	3
53	1	1	45	5	60	2	14
53	1	1	50	5	60	3	inf
53	1	1	55	5	60	2	39
53	1	1	58	5	60	2	50
53	1	2	1	5	60	2	14
53	1	2	4	5	60	2	3
53	1	2	8	5	60	2	42
53	1	2	9	5	60	2	16
53	1	2	11	5	60	3	48
53	1	2	13	5	60	2	16
53	1	2	14	5	60	3	inf
53	1	2	18	5	60	2	3
53	1	2	21	5	60	2	14
53	1	2	26	5	60	3	inf
53	1	2	31	5	60	2	39
53	1	2	34	5	60	2	50
53	1	2	38	5	60	2	11
53	1	2	39	5	60	2	37
53	1	2	41	5	60	3	5
53	1	2	43	5	60	2	37
53	1	2	44	5	60	2	11
53	1	2	48	5	60	2	50
53	1	2	51	5	60	2	39
53	1	2	56	5	60	3	inf
53	1	3	2	5	60	3	inf
53	1	3	7	5	60	2	39
53	1	3	10	5	60	2	50
53	1	3	14	5	60	2	11
53	1	3	15	5	60	2	37
53	1	3	17	5	60	3	5
53	1	3	19	5	60	2	37
53	1	3	20	5	60	2	11
53	1	3	24	5	60	2	50
53	1	3	27	5	60	2	39
53	1	3	32	5	60	3	inf
53	1	3	37	5	60	2	14
53	1	3	40	5	60	2	3
53	1	3	44	5	60	2	42
53	1	3	45	5	60	2	16
53	1	3	47	5	60	3	48
53	1	3	49	5	60	2	16
53	1	3	50	5	60	3	inf
53	1	3	54	5	60	2	3
53	1	3	57	5	60	2	14
53	1	4	0	5	60	2	50
53	1	4	3	5	60	2	39
53	1	4	8	5	60	3	inf
53	1	4	13	5	60	2	14
53	1	4	16	5	60	2	3
53	1	4	20	5	60	2	42
53	1	4	21	5	60	2	16
53	1	4	23	5	60	3	48
53	1	4	25	5	60	2	16
53	1	4	26	5	60	3	inf
53	1	4	30	5	60	2	3
53	1	4	33	5	60	2	14
53	1	4	38	5	60	3	inf
53	1	4	43	5	60	2	39
53	1	4	46	5	60	2	50
53	1	4	50	5	60	2	11
53	1	4	51	5	60	2	37
53	1	4	53	5	60	3	5
53	1	4	55	5	60	2	37
53	1	4	56	5	60	2	11
53	2	0	4	5	60	2	14
53	2	0	7	5	60	2	3
53	2	0	11	5	60	2	42
53	2	0	12	5	60	2	16
53	2	0	14	5	60	3	48
53	2	0	16	5	60	2	16
53	2	0	17	5	60	3	inf
53	2	0	21	5	60	2	3
53	2	0	24	5	60	2	14
53	2	0	29	5	60	3	inf
53	2	0	34	5	60	2	39
53	2	0	37	5	60	2	50
53	2	0	41	5	60	2	11
53	2	0	42	5	60	2	37
53	2	0	44	5	60	3	5
53	2	0	46	5	60	2	37
53	2	0	47	5	60	2	11
53	2	0	51	5	60	2	50
53	2	0	54	5	60	2	39
53	2	0	59	5	60	3	inf
53	2	1	0	5	60	2	14
53	2	1	5	5	60	3	inf
53	2	1	10	5	60	2	39
53	2	1	13	5	60	2	50
53	2	1	17	5	60	2	11
53	2	1	18	5	60	2	37
53	2	1	20	5	60	3	5
53	2	1	22	5	60	2	37
53	2	1	23	5	60	2	11
53	2	1	27	5	60	2	50
53	2	1	30	5	60	2	39
53	2	1	35	5	60	3	inf
53	2	1	40	5	60	2	14
53	2	1	43	5	60	2	3
53	2	1	47	5	60	2	42
53	2	1	48	5	60	2	16
53	2	1	50	5	60	3	48
53	2	1	52	5	60	2	16
53	2	1	53	5	60	3	inf
53	2	1	57	5	60	2	3
53	2	2	3	5	60	2	50
53	2	2	6	5	60	2	39
53	2	2	11	5	60	3	inf
53	2	2	16	5	60	2	14
53	2	2	19	5	60	2	3
53	2	2	23	5	60	2	42
53	2	2	24	5	60	2	16
53	2	2	26	5	60	3	48
53	2	2	28	5	60	2	16
53	2	2	29	5	60	3	inf
53	2	2	33	5	60	2	3
53	2	2	36	5	60	2	14
53	2	2	41	5	60	3	inf
53	2	2	46	5	60	2	39
53	2	2	49	5	60	2	50
53	2	2	53	5	60	2	11
53	2	2	54	5	60	2	37
53	2	2	56	5	60	3	5
53	2	2	58	5	60	2	37
53	2	2	59	5	60	2	11
53	2	3	0	5	60	2	16
53	2	3	2	5	60	3	48
53	2	3	4	5	60	2	16
53	2	3	5	5	60	3	inf
53	2	3	9	5	60	2	3
53	2	3	12	5	60	2	14
53	2	3	17	5	60	3	inf
53	2	3	22	5	60	2	39
53	2	3	25	5	60	2	50
53	2	3	29	5	60	2	11
53	2	3	30	5	60	2	37
53	2	3	32	5	60	3	5
53	2	3	34	5	60	2	37
53	2	3	35	5	60	2	11
53	2	3	39	5	60	2	50
53	2	3	42	5	60	2	39
53	2	3	47	5	60	3	inf
53	2	3	52	5	60	2	14
53	2	3	55	5	60	2	3
53	2	3	59	5	60	2	42
53	2	4	1	5	60	2	50
53	2	4	5	5	60	2	11
53	2	4	6	5	60	2	37
53	2	4	8	5	60	3	5
53	2	4	10	5	60	2	37
53	2	4	11	5	60	2	11
53	2	4	15	5	60	2	50
53	2	4	18	5	60	2	39
53	2	4	23	5	60	3	inf
53	2	4	28	5	60	2	14
53	2	4	31	5	60	2	3
53	2	4	35	5	60	2	42
53	2	4	36	5	60	2	16
53	2	4	38	5	60	3	48
53	2	4	40	5	60	2	16
53	2	4	41	5	60	3	inf
53	2	4	45	5	60	2	3
53	2	4	48	5	60	2	14
53	2	4	53	5	60	3	inf
53	2	4	58	5	60	2	39
53	3	0	1	5	60	2	37
53	3	0	2	5	60	2	11
53	3	0	6	5	60	2	50
53	3	0	9	5	60	2	39
53	3	0	14	5	60	3	inf
53	3	0	19	5	60	2	14
53	3	0	22	5	60	2	3
53	3	0	26	5	60	2	42
53	3	0	27	5	60	2	16
53	3	0	29	5	60	3	48
53	3	0	31	5	60	2	16
53	3	0	32	5	60	3	inf
53	3	0	36	5	60	2	3
53	3	0	39	5	60	2	14
53	3	0	44	5	60	3	inf
53	3	0	49	5	60	2	39
53	3	0	52	5	60	2	50
53	3	0	56	5	60	2	11
53	3	0	57	5	60	2	37
53	3	0	59	5	60	3	5
53	3	1	2	5	60	2	42
53	3	1	3	5	60	2	16
53	3	1	5	5	60	3	48
53	3	1	7	5	60	2	16
53	3	1	8	5	60	3	inf
53	3	1	12	5	60	2	3
53	3	1	15	5	60	2	14
53	3	1	20	5	60	3	inf
53	3	1	25	5	60	2	39
53	3	1	28	5	60	2	50
53	3	1	32	5	60	2	11
53	3	1	33	5	60	2	37
53	3	1	35	5	60	3	5
53	3	1	37	5	60	2	37
53	3	1	38	5	60	2	11
53	3	1	42	5	60	2	50
53	3	1	45	5	60	2	39
53	3	1	50	5	60	3	inf
53	3	1	55	5	60	2	14
53	3	1	58	5	60	2	3
53	3	2	1	5	60	2	39
53	3	2	4	5	60	2	50
53	3	2	8	5	60	2	11
53	3	2	9	5	60	2	37
53	3	2	11	5	60	3	5
53	3	2	13	5	60	2	37
53	3	2	14	5	60	2	11
53	3	2	18	5	60	2	50
53	3	2	21	5	60	2	39
53	3	2	26	5	60	3	inf
53	3	2	31	5	60	2	14
53	3	2	34	5	60	2	3
53	3	2	38	5	60	2	42
53	3	2	39	5	60	2	16
53	3	2	41	5	60	3	48
53	3	2	43	5	60	2	16
53	3	2	44	5	60	3	inf
53	3	2	48	5	60	2	3
53	3	2	51	5	60	2	14
53	3	2	56	5	60	3	inf
53	3	3	2	5	60	3	inf
53	3	3	7	5	60	2	14
53	3	3	10	5	60	2	3
53	3	3	14	5	60	2	42
53	3	3	15	5	60	2	16
53	3	3	17	5	60	3	48
53	3	3	19	5	60	2	16
53	3	3	20	5	60	3	inf
53	3	3	24	5	60	2	3
53	3	3	27	5	60	2	14
53	3	3	32	5	60	3	inf
53	3	3	37	5	60	2	39
53	3	3	40	5	60	2	50
53	3	3	44	5	60	2	11
53	3	3	45	5	60	2	37
53	3	3	47	5	60	3	5
53	3	3	49	5	60	2	37
53	3	3	50	5	60	2	11
53	3	3	54	5	60	2	50
53	3	3	57	5	60	2	39
53	3	4	0	5	60	2	3
53	3	4	3	5	60	2	14
53	3	4	8	5	60	3	inf
53	3	4	13	5	60	2	39
53	3	4	16	5	60	2	50
53	3	4	20	5	60	2	11
53	3	4	21	5	60	2	37
53	3	4	23	5	60	3	5
53	3	4	25	5	60	2	37
53	3	4	26	5	60	2	11
53	3	4	30	5	60	2	50
53	3	4	33	5	60	2	39
53	3	4	38	5	60	3	inf
53	3	4	43	5	60	2	14
53	3	4	46	5	60	2	3
53	3	4	50	5	60	2	42
53	3	4	51	5	60	2	16
53	3	4	53	5	60	3	48
53	3	4	55	5	60	2	16
53	3	4	56	5	60	3	inf
53	4	0	4	5	60	2	39
53	4	0	7	5	60	2	50
53	4	0	11	5	60	2	11
53	4	0	12	5	60	2	37
53	4	0	14	5	60	3	5
53	4	0	16	5	60	2	37
53	4	0	17	5	60	2	11
53	4	0	21	5	60	2	50
53	4	0	24	5	60	2	39
53	4	0	29	5	60	3	inf
53	4	0	34	5	60	2	14
53	4	0	37	5	60	2	3
53	4	0	41	5	60	2	42
53	4	0	42	5	60	2	16
53	4	0	44	5	60	3	48
53	4	0	46	5	60	2	16
53	4	0	47	5	60	3	inf
53	4	0	51	5	60	2	3
53	4	0	54	5	60	2	14
53	4	0	59	5	60	3	inf
53	4	1	0	5	60	2	39
53	4	1	5	5	60	3	inf
53	4	1	10	5	60	2	14
53	4	1	13	5	60	2	3
53	4	1	17	5	60	2	42
53	4	1	18	5	60	2	16
53	4	1	20	5	60	3	48
53	4	1	22	5	60	2	16
53	4	1	23	5	60	3	inf
53	4	1	27	5	60	2	3
53	4	1	30	5	60	2	14
53	4	1	35	5	60	3	inf
53	4	1	40	5	60	2	39
53	4	1	43	5	60	2	50
53	4	1	47	5	60	2	11
53	4	1	48	5	60	2	37
53	4	1	50	5	60	3	5
53	4	1	52	5	60	2	37
53	4	1	53	5	60	2	11
53	4	1	57	5	60	2	50
53	4	2	3	5	60	2	3
53	4	2	6	5	60	2	14
53	4	2	11	5	60	3	inf
53	4	2	16	5	60	2	39
53	4	2	19	5	60	2	50
53	4	2	23	5	60	2	11
53	4	2	24	5	60	2	37
53	4	2	26	5	60	3	5
53	4	2	28	5	60	2	37
53	4	2	29	5	60	2	11
53	4	2	33	5	60	2	50
53	4	2	36	5	60	2	39
53	4	2	41	5	60	3	inf
53	4	2	46	5	60	2	14
53	4	2	49	5	60	2	3
53	4	2	53	5	60	2	42
53	4	2	54	5	60	2	16
53	4	2	56	5	60	3	48
53	4	2	58	5	60	2	16
53	4	2	59	5	60	3	inf
53	4	3	0	5	60	2	37
53	4	3	2	5	60	3	5
53	4	3	4	5	60	2	37
53	4	3	5	5	60	2	11
53	4	3	9	5	60	2	50
53	4	3	12	5	60	2	39
53	4	3	17	5	60	3	inf
53	4	3	22	5	60	2	14
53	4	3	25	5	60	2	3
53	4	3	29	5	60	2	42
53	4	3	30	5	60	2	16
53	4	3	32	5	60	3	48
53	4	3	34	5	60	2	16
53	4	3	35	5	60	3	inf
53	4	3	39	5	60	2	3
53	4	3	42	5	60	2	14
53	4	3	47	5	60	3	inf
53	4	3	52	5	60	2	39
53	4	3	55	5	60	2	50
53	4	3	59	5	60	2	11
53	4	4	1	5	60	2	3
53	4	4	5	5	60	2	42
53	4	4	6	5	60	2	16
53	4	4	8	5	60	3	48
53	4	4	10	5	60	2	16
53	4	4	11	5	60	3	inf
53	4	4	15	5	60	2	3
53	4	4	18	5	60	2	14
53	4	4	23	5	60	3	inf
53	4	4	28	5	60	2	39
53	4	4	31	5	60	2	50
53	4	4	35	5	60	2	11
53	4	4	36	5	60	2	37
53	4	4	38	5	60	3	5
53	4	4	40	5	60	2	37
53	4	4	41	5	60	2	11
53	4	4	45	5	60	2	50
53	4	4	48	5	60	2	39
53	4	4	53	5	60	3	inf
53	4	4	58	5	60	2	14
59	1	0	0	28	28	3	1
59	1	0	2	28	28	2	53
59	1	0	6	28	28	2	10
59	1	0	8	28	28	3	41
59	1	0	13	28	28	2	44
59	1	0	14	28	28	3	58
59	1	0	16	28	28	2	6
59	1	0	20	28	28	2	49
59	1	0	22	28	28	3	18
59	1	0	27	28	28	2	15
59	1	1	0	28	28	3	inf
59	1	1	2	28	28	2	6
59	1	1	4	28	28	3	58
59	1	1	5	28	28	2	44
59	1	1	10	28	28	3	41
59	1	1	12	28	28	2	10
59	1	1	16	28	28	2	53
59	1	1	18	28	28	3	1
59	1	1	19	28	28	2	15
59	1	1	24	28	28	3	18
59	1	1	26	28	28	2	49
59	1	2	3	28	28	2	44
59	1	2	4	28	28	3	58
59	1	2	6	28	28	2	6
59	1	2	10	28	28	2	49
59	1	2	12	28	28	3	18
59	1	2	17	28	28	2	15
59	1	2	18	28	28	3	1
59	1	2	20	28	28	2	53
59	1	2	24	28	28	2	10
59	1	2	26	28	28	3	41
59	1	3	0	28	28	3	41
59	1	3	2	28	28	2	10
59	1	3	6	28	28	2	53
59	1	3	8	28	28	3	1
59	1	3	9	28	28	2	15
59	1	3	14	28	28	3	18
59	1	3	16	28	28	2	49
59	1	3	18	28	28	3	inf
59	1	3	20	28	28	2	6
59	1	3	22	28	28	3	58
59	1	3	23	28	28	2	44
59	1	4	0	28	28	2	49
59	1	4	2	28	28	3	18
59	1	4	7	28	28	2	15
59	1	4	8	28	28	3	1
59	1	4	10	28	28	2	53
59	1	4	14	28	28	2	10
59	1	4	16	28	28	3	41
59	1	4	21	28	28	2	44
59	1	4	22	28	28	3	58
59	1	4	24	28	28	2	6
59	1	5	4	28	28	3	18
59	1	5	6	28	28	2	49
59	1	5	8	28	28	3	inf
59	1	5	10	28	28	2	6
59	1	5	12	28	28	3	58
59	1	5	13	28	28	2	44
59	1	5	18	28	28	3	41
59	1	5	20	28	28	2	10
59	1	5	24	28	28	2	53
59	1	5	26	28	28	3	1
59	1	5	27	28	28	2	15
59	1	6	0	28	28	2	53
59	1	6	4	28	28	2	10
59	1	6	6	28	28	3	41
59	1	6	11	28	28	2	44
59	1	6	12	28	28	3	58
59	1	6	14	28	28	2	6
59	1	6	18	28	28	2	49
59	1	6	20	28	28	3	18
59	1	6	25	28	28	2	15
59	1	6	26	28	28	3	1
59	1	7	0	28	28	2	6
59	1	7	2	28	28	3	58
59	1	7	3	28	28	2	44
59	1	7	8	28	28	3	41
59	1	7	10	28	28	2	10
59	1	7	14	28	28	2	53
59	1	7	16	28	28	3	1
59	1	7	17	28	28	2	15
59	1	7	22	28	28	3	18
59	1	7	24	28	28	2	49
59	1	7	26	28	28	3	inf
59	1	8	1	28	28	2	44
59	1	8	2	28	28	3	58
59	1	8	4	28	28	2	6
59	1	8	8	28	28	2	49
59	1	8	10	28	28	3	18
59	1	8	15	28	28	2	15
59	1	8	16	28	28	3	1
59	1	8	18	28	28	2	53
59	1	8	22	28	28	2	10
59	1	8	24	28	28	3	41
59	1	9	0	28	28	2	10
59	1	9	4	28	28	2	53
59	1	9	6	28	28	3	1
59	1	9	7	28	28	2	15
59	1	9	12	28	28	3	18
59	1	9	14	28	28	2	49
59	1	9	16	28	28	3	inf
59	1	9	18	28	28	2	6
59	1	9	20	28	28	3	58
59	1	9	21	28	28	2	44
59	1	9	26	28	28	3	41
59	1	10	0	28	28	3	18
59	1	10	5	28	28	2	15
59	1	10	6	28	28	3	1
59	1	10	8	28	28	2	53
59	1	10	12	28	28	2	10
59	1	10	14	28	28	3	41
59	1	10	19	28	28	2	44
59	1	10	20	28	28	3	58
59	1	10	22	28	28	2	6
59	1	10	26	28	28	2	49
59	1	11	2	28	28	3	18
59	1	11	4	28	28	2	49
59	1	11	6	28	28	3	inf
59	1	11	8	28	28	2	6
59	1	11	10	28	28	3	58
59	1	11	11	28	28	2	44
59	1	11	16	28	28	3	41
59	1	11	18	28	28	2	10
59	1	11	22	28	28	2	53
59	1	11	24	28	28	3	1
59	1	11	25	28	28	2	15
59	1	12	2	28	28	2	10
59	1	12	4	28	28	3	41
59	1	12	9	28	28	2	44
59	1	12	10	28	28	3	58
59	1	12	12	28	28	2	6
59	1	12	16	28	28	2	49
59	1	12	18	28	28	3	18
59	1	12	23	28	28	2	15
59	1	12	24	28	28	3	1
59	1	12	26	28	28	2	53
59	1	13	0	28	28	3	58
59	1	13	1	28	28	2	44
59	1	13	6	28	28	3	41
59	1	13	8	28	28	2	10
59	1	13	12	28	28	2	53
59	1	13	14	28	28	3	1
59	1	13	15	28	28	2	15
59	1	13	20	28	28	3	18
59	1	13	22	28	28	2	49
59	1	13	24	28	28	3	inf
59	1	13	26	28	28	2	6
59	1	14	0	28	28	3	58
59	1	14	2	28	28	2	6
59	1	14	6	28	28	2	49
59	1	14	8	28	28	3	18
59	1	14	13	28	28	2	15
59	1	14	14	28	28	3	1
59	1	14	16	28	28	2	53
59	1	14	20	28	28	2	10
59	1	14	22	28	28	3	41
59	1	14	27	28	28	2	44
59	1	15	2	28	28	2	53
59	1	15	4	28	28	3	1
59	1	15	5	28	28	2	15
59	1	15	10	28	28	3	18
59	1	15	12	28	28	2	49
59	1	15	14	28	28	3	inf
59	1	15	16	28	28	2	6
59	1	15	18	28	28	3	58
59	1	15	19	28	28	2	44
59	1	15	24	28	28	3	41
59	1	15	26	28	28	2	10
59	1	16	3	28	28	2	15
59	1	16	4	28	28	3	1
59	1	16	6	28	28	2	53
59	1	16	10	28	28	2	10
59	1	16	12	28	28	3	41
59	1	16	17	28	28	2	44
59	1	16	18	28	28	3	58
59	1	16	20	28	28	2	6
59	1	16	24	28	28	2	49
59	1	16	26	28	28	3	18
59	1	17	0	28	28	3	18
59	1	17	2	28	28	2	49
59	1	17	4	28	28	3	inf
59	1	17	6	28	28	2	6
59	1	17	8	28	28	3	58
59	1	17	9	28	28	2	44
59	1	17	14	28	28	3	41
59	1	17	16	28	28	2	10
59	1	17	20	28	28	2	53
59	1	17	22	28	28	3	1
59	1	17	23	28	28	2	15
59	1	18	0	28	28	2	10
59	1	18	2	28	28	3	41
59	1	18	7	28	28	2	44
59	1	18	8	28	28	3	58
59	1	18	10	28	28	2	6
59	1	18	14	28	28	2	49
59	1	18	16	28	28	3	18
59	1	18	21	28	28	2	15
59	1	18	22	28	28	3	1
59	1	18	24	28	28	2	53
59	1	19	4	28	28	3	41
59	1	19	6	28	28	2	10
59	1	19	10	28	28	2	53
59	1	19	12	28	28	3	1
59	1	19	13	28	28	2	15
59	1	19	18	28	28	3	18
59	1	19	20	28	28	2	49
59	1	19	22	28	28	3	inf
59	1	19	24	28	28	2	6
59	1	19	26	28	28	3	58
59	1	19	27	28	28	2	44
59	1	20	0	28	28	2	6
59	1	20	4	28	28	2	49
59	1	20	6	28	28	3	18
59	1	20	11	28	28	2	15
59	1	20	12	28	28	3	1
59	1	20	14	28	28	2	53
59	1	20	18	28	28	2	10
59	1	20	20	28	28	3	41
59	1	20	25	28	28	2	44
59	1	20	26	28	28	3	58
59	1	21	0	28	28	2	53
59	1	21	2	28	28	3	1
59	1	21	3	28	28	2	15
59	1	21	8	28	28	3	18
59	1	21	10	28	28	2	49
59	1	21	12	28	28	3	inf
59	1	21	14	28	28	2	6
59	1	21	16	28	28	3	58
59	1	21	17	28	28	2	44
59	1	21	22	28	28	3	41
59	1	21	24	28	28	2	10
59	1	22	1	28	28	2	15
59	1	22	2	28	28	3	1
59	1	22	4	28	28	2	53
59	1	22	8	28	28	2	10
59	1	22	10	28	28	3	41
59	1	22	15	28	28	2	44
59	1	22	16	28	28	3	58
59	1	22	18	28	28	2	6
59	1	22	22	28	28	2	49
59	1	22	24	28	28	3	18
59	1	23	0	28	28	2	49
59	1	23	2	28	28	3	inf
59	1	23	4	28	28	2	6
59	1	23	6	28	28	3	58
59	1	23	7	28	28	2	44
59	1	23	12	28	28	3	41
59	1	23	14	28	28	2	10
59	1	23	18	28	28	2	53
59	1	23	20	28	28	3	1
59	1	23	21	28	28	2	15
59	1	23	26	28	28	3	18
59	1	24	0	28	28	3	41
59	1	24	5	28	28	2	44
59	1	24	6	28	28	3	58
59	1	24	8	28	28	2	6
59	1	24	12	28	28	2	49
59	1	24	14	28	28	3	18
59	1	24	19	28	28	2	15
59	1	24	20	28	28	3	1
59	1	24	22	28	28	2	53
59	1	24	26	28	28	2	10
59	1	25	2	28	28	3	41
59	1	25	4	28	28	2	10
59	1	25	8	28	28	2	53
59	1	25	10	28	28	3	1
59	1	25	11	28	28	2	15
59	1	25	16	28	28	3	18
59	1	25	18	28	28	2	49
59	1	25	20	28	28	3	inf
59	1	25	22	28	28	2	6
59	1	25	24	28	28	3	58
59	1	25	25	28	28	2	44
59	1	26	2	28	28	2	49
59	1	26	4	28	28	3	18
59	1	26	9	28	28	2	15
59	1	26	10	28	28	3	1
59	1	26	12	28	28	2	53
59	1	26	16	28	28	2	10
59	1	26	18	28	28	3	41
59	1	26	23	28	28	2	44
59	1	26	24	28	28	3	58
59	1	26	26	28	28	2	6
59	1	27	0	28	28	3	1
59	1	27	1	28	28	2	15
59	1	27	6	28	28	3	18
59	1	27	8	28	28	2	49
59	1	27	10	28	28	3	inf
59	1	27	12	28	28	2	6
59	1	27	14	28	28	3	58
59	1	27	15	28	28	2	44
59	1	27	20	28	28	3	41
59	1	27	22	28	28	2	10
59	1	27	26	28	28	2	53
59	2	0	1	28	28	3	18
59	2	0	6	28	28	2	15
59	2	0	7	28	28	3	1
59	2	0	9	28	28	2	53
59	2	0	13	28	28	2	10
59	2	0	15	28	28	3	41
59	2	0	20	28	28	2	44
59	2	0	21	28	28	3	58
59	2	0	23	28	28	2	6
59	2	0	27	28	28	2	49
59	2	1	3	28	28	3	18
59	2	1	5	28	28	2	49
59	2	1	7	28	28	3	inf
59	2	1	9	28	28	2	6
59	2	1	11	28	28	3	58
59	2	1	12	28	28	2	44
59	2	1	17	28	28	3	41
59	2	1	19	28	28	2	10
59	2	1	23	28	28	2	53
59	2	1	25	28	28	3	1
59	2	1	26	28	28	2	15
59	2	2	3	28	28	2	10
59	2	2	5	28	28	3	41
59	2	2	10	28	28	2	44
59	2	2	11	28	28	3	58
59	2	2	13	28	28	2	6
59	2	2	17	28	28	2	49
59	2	2	19	28	28	3	18
59	2	2	24	28	28	2	15
59	2	2	25	28	28	3	1
59	2	2	27	28	28	2	53
59	2	3	1	28	28	3	58
59	2	3	2	28	28	2	44
59	2	3	7	28	28	3	41
59	2	3	9	28	28	2	10
59	2	3	13	28	28	2	53
59	2	3	15	28	28	3	1
59	2	3	16	28	28	2	15
59	2	3	21	28	28	3	18
59	2	3	23	28	28	2	49
59	2	3	25	28	28	3	inf
59	2	3	27	28	28	2	6
59	2	4	0	28	28	2	44
59	2	4	1	28	28	3	58
59	2	4	3	28	28	2	6
59	2	4	7	28	28	2	49
59	2	4	9	28	28	3	18
59	2	4	14	28	28	2	15
59	2	4	15	28	28	3	1
59	2	4	17	28	28	2	53
59	2	4	21	28	28	2	10
59	2	4	23	28	28	3	41
59	2	5	3	28	28	2	53
59	2	5	5	28	28	3	1
59	2	5	6	28	28	2	15
59	2	5	11	28	28	3	18
59	2	5	13	28	28	2	49
59	2	5	15	28	28	3	inf
59	2	5	17	28	28	2	6
59	2	5	19	28	28	3	58
59	2	5	20	28	28	2	44
59	2	5	25	28	28	3	41
59	2	5	27	28	28	2	10
59	2	6	4	28	28	2	15
59	2	6	5	28	28	3	1
59	2	6	7	28	28	2	53
59	2	6	11	28	28	2	10
59	2	6	13	28	28	3	41
59	2	6	18	28	28	2	44
59	2	6	19	28	28	3	58
59	2	6	21	28	28	2	6
59	2	6	25	28	28	2	49
59	2	6	27	28	28	3	18
59	2	7	1	28	28	3	18
59	2	7	3	28	28	2	49
59	2	7	5	28	28	3	inf
59	2	7	7	28	28	2	6
59	2	7	9	28	28	3	58
59	2	7	10	28	28	2	44
59	2	7	15	28	28	3	41
59	2	7	17	28	28	2	10
59	2	7	21	28	28	2	53
59	2	7	23	28	28	3	1
59	2	7	24	28	28	2	15
59	2	8	1	28	28	2	10
59	2	8	3	28	28	3	41
59	2	8	8	28	28	2	44
59	2	8	9	28	28	3	58
59	2	8	11	28	28	2	6
59	2	8	15	28	28	2	49
59	2	8	17	28	28	3	18
59	2	8	22	28	28	2	15
59	2	8	23	28	28	3	1
59	2	8	25	28	28	2	53
59	2	9	0	28	28	2	44
59	2	9	5	28	28	3	41
59	2	9	7	28	28	2	10
59	2	9	11	28	28	2	53
59	2	9	13	28	28	3	1
59	2	9	14	28	28	2	15
59	2	9	19	28	28	3	18
59	2	9	21	28	28	2	49
59	2	9	23	28	28	3	inf
59	2	9	25	28	28	2	6
59	2	9	27	28	28	3	58
59	2	10	1	28	28	2	6
59	2	10	5	28	28	2	49
59	2	10	7	28	28	3	18
59	2	10	12	28	28	2	15
59	2	10	13	28	28	3	1
59	2	10	15	28	28	2	53
59	2	10	19	28	28	2	10
59	2	10	21	28	28	3	41
59	2	10	26	28	28	2	44
59	2	10	27	28	28	3	58
59	2	11	1	28	28	2	53
59	2	11	3	28	28	3	1
59	2	11	4	28	28	2	15
59	2	11	9	28	28	3	18
59	2	11	11	28	28	2	49
59	2	11	13	28	28	3	inf
59	2	11	15	28	28	2	6
59	2	11	17	28	28	3	58
59	2	11	18	28	28	2	44
59	2	11	23	28	28	3	41
59	2	11	25	28	28	2	10
59	2	12	2	28	28	2	15
59	2	12	3	28	28	3	1
59	2	12	5	28	28	2	53
59	2	12	9	28	28	2	10
59	2	12	11	28	28	3	41
59	2	12	16	28	28	2	44
59	2	12	17	28	28	3	58
59	2	12	19	28	28	2	6
59	2	12	23	28	28	2	49
59	2	12	25	28	28	3	18
59	2	13	1	28	28	2	49
59	2	13	3	28	28	3	inf
59	2	13	5	28	28	2	6
59	2	13	7	28	28	3	58
59	2	13	8	28	28	2	44
59	2	13	13	28	28	3	41
59	2	13	15	28	28	2	10
59	2	13	19	28	28	2	53
59	2	13	21	28	28	3	1
59	2	13	22	28	28	2	15
59	2	13	27	28	28	3	18
59	2	14	1	28	28	3	41
59	2	14	6	28	28	2	44
59	2	14	7	28	28	3	58
59	2	14	9	28	28	2	6
59	2	14	13	28	28	2	49
59	2	14	15	28	28	3	18
59	2	14	20	28	28	2	15
59	2	14	21	28	28	3	1
59	2	14	23	28	28	2	53
59	2	14	27	28	28	2	10
59	2	15	3	28	28	3	41
59	2	15	5	28	28	2	10
59	2	15	9	28	28	2	53
59	2	15	11	28	28	3	1
59	2	15	12	28	28	2	15
59	2	15	17	28	28	3	18
59	2	15	19	28	28	2	49
59	2	15	21	28	28	3	inf
59	2	15	23	28	28	2	6
59	2	15	25	28	28	3	58
59	2	15	26	28	28	2	44
59	2	16	3	28	28	2	49
59	2	16	5	28	28	3	18
59	2	16	10	28	28	2	15
59	2	16	11	28	28	3	1
59	2	16	13	28	28	2	53
59	2	16	17	28	28	2	10
59	2	16	19	28	28	3	41
59	2	16	24	28	28	2	44
59	2	16	25	28	28	3	58
59	2	16	27	28	28	2	6
59	2	17	1	28	28	3	1
59	2	17	2	28	28	2	15
59	2	17	7	28	28	3	18
59	2	17	9	28	28	2	49
59	2	17	11	28	28	3	inf
59	2	17	13	28	28	2	6
59	2	17	15	28	28	3	58
59	2	17	16	28	28	2	44
59	2	17	21	28	28	3	41
59	2	17	23	28	28	2	10
59	2	17	27	28	28	2	53
59	2	18	0	28	28	2	15
59	2	18	1	28	28	3	1
59	2	18	3	28	28	2	53
59	2	18	7	28	28	2	10
59	2	18	9	28	28	3	41
59	2	18	14	28	28	2	44
59	2	18	15	28	28	3	58
59	2	18	17	28	28	2	6
59	2	18	21	28	28	2	49
59	2	18	23	28	28	3	18
59	2	19	1	28	28	3	inf
59	2	19	3	28	28	2	6
59	2	19	5	28	28	3	58
59	2	19	6	28	28	2	44
59	2	19	11	28	28	3	41
59	2	19	13	28	28	2	10
59	2	19	17	28	28	2	53
59	2	19	19	28	28	3	1
59	2	19	20	28	28	2	15
59	2	19	25	28	28	3	18
59	2	19	27	28	28	2	49
59	2	20	4	28	28	2	44
59	2	20	5	28	28	3	58
59	2	20	7	28	28	2	6
59	2	20	11	28	28	2	49
59	2	20	13	28	28	3	18
59	2	20	18	28	28	2	15
59	2	20	19	28	28	3	1
59	2	20	21	28	28	2	53
59	2	20	25	28	28	2	10
59	2	20	27	28	28	3	41
59	2	21	1	28	28	3	41
59	2	21	3	28	28	2	10
59	2	21	7	28	28	2	53
59	2	21	9	28	28	3	1
59	2	21	10	28	28	2	15
59	2	21	15	28	28	3	18
59	2	21	17	28	28	2	49
59	2	21	19	28	28	3	inf
59	2	21	21	28	28	2	6
59	2	21	23	28	28	3	58
59	2	21	24	28	28	2	44
59	2	22	1	28	28	2	49
59	2	22	3	28	28	3	18
59	2	22	8	28	28	2	15
59	2	22	9	28	28	3	1
59	2	22	11	28	28	2	53
59	2	22	15	28	28	2	10
59	2	22	17	28	28	3	41
59	2	22	22	28	28	2	44
59	2	22	23	28	28	3	58
59	2	22	25	28	28	2	6
59	2	23	0	28	28	2	15
59	2	23	5	28	28	3	18
59	2	23	7	28	28	2	49
59	2	23	9	28	28	3	inf
59	2	23	11	28	28	2	6
59	2	23	13	28	28	3	58
59	2	23	14	28	28	2	44
59	2	23	19	28	28	3	41
59	2	23	21	28	28	2	10
59	2	23	25	28	28	2	53
59	2	23	27	28	28	3	1
59	2	24	1	28	28	2	53
59	2	24	5	28	28	2	10
59	2	24	7	28	28	3	41
59	2	24	12	28	28	2	44
59	2	24	13	28	28	3	58
59	2	24	15	28	28	2	6
59	2	24	19	28	28	2	49
59	2	24	21	28	28	3	18
59	2	24	26	28	28	2	15
59	2	24	27	28	28	3	1
59	2	25	1	28	28	2	6
59	2	25	3	28	28	3	58
59	2	25	4	28	28	2	44
59	2	25	9	28	28	3	41
59	2	25	11	28	28	2	10
59	2	25	15	28	28	2	53
59	2	25	17	28	28	3	1
59	2	25	18	28	28	2	15
59	2	25	23	28	28	3	18
59	2	25	25	28	28	2	49
59	2	25	27	28	28	3	inf
59	2	26	2	28	28	2	44
59	2	26	3	28	28	3	58
59	2	26	5	28	28	2	6
59	2	26	9	28	28	2	49
59	2	26	11	28	28	3	18
59	2	26	16	28	28	2	15
59	2	26	17	28	28	3	1
59	2	26	19	28	28	2	53
59	2	26	23	28	28	2	10
59	2	26	25	28	28	3	41
59	2	27	1	28	28	2	10
59	2	27	5	28	28	2	53
59	2	27	7	28	28	3	1
59	2	27	8	28	28	2	15
59	2	27	13	28	28	3	18
59	2	27	15	28	28	2	49
59	2	27	17	28	28	3	inf
59	2	27	19	28	28	2	6
59	2	27	21	28	28	3	58
59	2	27	22	28	28	2	44
59	2	27	27	28	28	3	41
59	3	0	0	28	28	3	58
59	3	0	2	28	28	2	6
59	3	0	6	28	28	2	49
59	3	0	8	28	28	3	18
59	3	0	13	28	28	2	15
59	3	0	14	28	28	3	1
59	3	0	16	28	28	2	53
59	3	0	20	28	28	2	10
59	3	0	22	28	28	3	41
59	3	0	27	28	28	2	44
59	3	1	2	28	28	2	53
59	3	1	4	28	28	3	1
59	3	1	5	28	28	2	15
59	3	1	10	28	28	3	18
59	3	1	12	28	28	2	49
59	3	1	14	28	28	3	inf
59	3	1	16	28	28	2	6
59	3	1	18	28	28	3	58
59	3	1	19	28	28	2	44
59	3	1	24	28	28	3	41
59	3	1	26	28	28	2	10
59	3	2	3	28	28	2	15
59	3	2	4	28	28	3	1
59	3	2	6	28	28	2	53
59	3	2	10	28	28	2	10
59	3	2	12	28	28	3	41
59	3	2	17	28	28	2	44
59	3	2	18	28	28	3	58
59	3	2	20	28	28	2	6
59	3	2	24	28	28	2	49
59	3	2	26	28	28	3	18
59	3	3	0	28	28	3	18
59	3	3	2	28	28	2	49
59	3	3	4	28	28	3	inf
59	3	3	6	28	28	2	6
59	3	3	8	28	28	3	58
59	3	3	9	28	28	2	44
59	3	3	14	28	28	3	41
59	3	3	16	28	28	2	10
59	3	3	20	28	28	2	53
59	3	3	22	28	28	3	1
59	3	3	23	28	28	2	15
59	3	4	0	28	28	2	10
59	3	4	2	28	28	3	41
59	3	4	7	28	28	2	44
59	3	4	8	28	28	3	58
59	3	4	10	28	28	2	6
59	3	4	14	28	28	2	49
59	3	4	16	28	28	3	18
59	3	4	21	28	28	2	15
59	3	4	22	28	28	3	1
59	3	4	24	28	28	2	53
59	3	5	4	28	28	3	41
59	3	5	6	28	28	2	10
59	3	5	10	28	28	2	53
59	3	5	12	28	28	3	1
59	3	5	13	28	28	2	15
59	3	5	18	28	28	3	18
59	3	5	20	28	28	2	49
59	3	5	22	28	28	3	inf
59	3	5	24	28	28	2	6
59	3	5	26	28	28	3	58
59	3	5	27	28	28	2	44
59	3	6	0	28	28	2	6
59	3	6	4	28	28	2	49
59	3	6	6	28	28	3	18
59	3	6	11	28	28	2	15
59	3	6	12	28	28	3	1
59	3	6	14	28	28	2	53
59	3	6	18	28	28	2	10
59	3	6	20	28	28	3	41
59	3	6	25	28	28	2	44
59	3	6	26	28	28	3	58
59	3	7	0	28	28	2	53
59	3	7	2	28	28	3	1
59	3	7	3	28	28	2	15
59	3	7	8	28	28	3	18
59	3	7	10	28	28	2	49
59	3	7	12	28	28	3	inf
59	3	7	14	28	28	2	6
59	3	7	16	28	28	3	58
59	3	7	17	28	28	2	44
59	3	7	22	28	28	3	41
59	3	7	24	28	28	2	10
59	3	8	1	28	28	2	15
59	3	8	2	28	28	3	1
59	3	8	4	28	28	2	53
59	3	8	8	28	28	2	10
59	3	8	10	28	28	3	41
59	3	8	15	28	28	2	44
59	3	8	16	28	28	3	58
59	3	8	18	28	28	2	6
59	3	8	22	28	28	2	49
59	3	8	24	28	28	3	18
59	3	9	0	28	28	2	49
59	3	9	2	28	28	3	inf
59	3	9	4	28	28	2	6
59	3	9	6	28	28	3	58
59	3	9	7	28	28	2	44
59	3	9	12	28	28	3	41
59	3	9	14	28	28	2	10
59	3	9	18	28	28	2	53
59	3	9	20	28	28	3	1
59	3	9	21	28	28	2	15
59	3	9	26	28	28	3	18
59	3	10	0	28	28	3	41
59	3	10	5	28	28	2	44
59	3	10	6	28	28	3	58
59	3	10	8	28	28	2	6
59	3	10	12	28	28	2	49
59	3	10	14	28	28	3	18
59	3	10	19	28	28	2	15
59	3	10	20	28	28	3	1
59	3	10	22	28	28	2	53
59	3	10	26	28	28	2	10
59	3	11	2	28	28	3	41
59	3	11	4	28	28	2	10
59	3	11	8	28	28	2	53
59	3	11	10	28	28	3	1
59	3	11	11	28	28	2	15
59	3	11	16	28	28	3	18
59	3	11	18	28	28	2	49
59	3	11	20	28	28	3	inf
59	3	11	22	28	28	2	6
59	3	11	24	28	28	3	58
59	3	11	25	28	28	2	44
59	3	12	2	28	28	2	49
59	3	12	4	28	28	3	18
59	3	12	9	28	28	2	15
59	3	12	10	28	28	3	1
59	3	12	12	28	28	2	53
59	3	12	16	28	28	2	10
59	3	12	18	28	28	3	41
59	3	12	23	28	28	2	44
59	3	12	24	28	28	3	58
59	3	12	26	28	28	2	6
59	3	13	0	28	28	3	1
59	3	13	1	28	28	2	15
59	3	13	6	28	28	3	18
59	3	13	8	28	28	2	49
59	3	13	10	28	28	3	inf
59	3	13	12	28	28	2	6
59	3	13	14	28	28	3	58
59	3	13	15	28	28	2	44
59	3	13	20	28	28	3	41
59	3	13	22	28	28	2	10
59	3	13	26	28	28	2	53
59	3	14	0	28	28	3	1
59	3	14	2	28	28	2	53
59	3	14	6	28	28	2	10
59	3	14	8	28	28	3	41
59	3	14	13	28	28	2	44
59	3	14	14	28	28	3	58
59	3	14	16	28	28	2	6
59	3	14	20	28	28	2	49
59	3	14	22	28	28	3	18
59	3	14	27	28	28	2	15
59	3	15	0	28	28	3	inf
59	3	15	2	28	28	2	6
59	3	15	4	28	28	3	58
59	3	15	5	28	28	2	44
59	3	15	10	28	28	3	41
59	3	15	12	28	28	2	10
59	3	15	16	28	28	2	53
59	3	15	18	28	28	3	1
59	3	15	19	28	28	2	15
59	3	15	24	28	28	3	18
59	3	15	26	28	28	2	49
59	3	16	3	28	28	2	44
59	3	16	4	28	28	3	58
59	3	16	6	28	28	2	6
59	3	16	10	28	28	2	49
59	3	16	12	28	28	3	18
59	3	16	17	28	28	2	15
59	3	16	18	28	28	3	1
59	3	16	20	28	28	2	53
59	3	16	24	28	28	2	10
59	3	16	26	28	28	3	41
59	3	17	0	28	28	3	41
59	3	17	2	28	28	2	10
59	3	17	6	28	28	2	53
59	3	17	8	28	28	3	1
59	3	17	9	28	28	2	15
59	3	17	14	28	28	3	18
59	3	17	16	28	28	2	49
59	3	17	18	28	28	3	inf
59	3	17	20	28	28	2	6
59	3	17	22	28	28	3	58
59	3	17	23	28	28	2	44
59	3	18	0	28	28	2	49
59	3	18	2	28	28	3	18
59	3	18	7	28	28	2	15
59	3	18	8	28	28	3	1
59	3	18	10	28	28	2	53
59	3	18	14	28	28	2	10
59	3	18	16	28	28	3	41
59	3	18	21	28	28	2	44
59	3	18	22	28	28	3	58
59	3	18	24	28	28	2	6
59	3	19	4	28	28	3	18
59	3	19	6	28	28	2	49
59	3	19	8	28	28	3	inf
59	3	19	10	28	28	2	6
59	3	19	12	28	28	3	58
59	3	19	13	28	28	2	44
59	3	19	18	28	28	3	41
59	3	19	20	28	28	2	10
59	3	19	24	28	28	2	53
59	3	19	26	28	28	3	1
59	3	19	27	28	28	2	15
59	3	20	0	28	28	2	53
59	3	20	4	28	28	2	10
59	3	20	6	28	28	3	41
59	3	20	11	28	28	2	44
59	3	20	12	28	28	3	58
59	3	20	14	28	28	2	6
59	3	20	18	28	28	2	49
59	3	20	20	28	28	3	18
59	3	20	25	28	28	2	15
59	3	20	26	28	28	3	1
59	3	21	0	28	28	2	6
59	3	21	2	28	28	3	58
59	3	21	3	28	28	2	44
59	3	21	8	28	28	3	41
59	3	21	10	28	28	2	10
59	3	21	14	28	28	2	53
59	3	21	16	28	28	3	1
59	3	21	17	28	28	2	15
59	3	21	22	28	28	3	18
59	3	21	24	28	28	2	49
59	3	21	26	28	28	3	inf
59	3	22	1	28	28	2	44
59	3	22	2	28	28	3	58
59	3	22	4	28	28	2	6
59	3	22	8	28	28	2	49
59	3	22	10	28	28	3	18
59	3	22	15	28	28	2	15
59	3	22	16	28	28	3	1
59	3	22	18	28	28	2	53
59	3	22	22	28	28	2	10
59	3	22	24	28	28	3	41
59	3	23	0	28	28	2	10
59	3	23	4	28	28	2	53
59	3	23	6	28	28	3	1
59	3	23	7	28	28	2	15
59	3	23	12	28	28	3	18
59	3	23	14	28	28	2	49
59	3	23	16	28	28	3	inf
59	3	23	18	28	28	2	6
59	3	23	20	28	28	3	58
59	3	23	21	28	28	2	44
59	3	23	26	28	28	3	41
59	3	24	0	28	28	3	18
59	3	24	5	28	28	2	15
59	3	24	6	28	28	3	1
59	3	24	8	28	28	2	53
59	3	24	12	28	28	2	10
59	3	24	14	28	28	3	41
59	3	24	19	28	28	2	44
59	3	24	20	28	28	3	58
59	3	24	22	28	28	2	6
59	3	24	26	28	28	2	49
59	3	25	2	28	28	3	18
59	3	25	4	28	28	2	49
59	3	25	6	28	28	3	inf
59	3	25	8	28	28	2	6
59	3	25	10	28	28	3	58
59	3	25	11	28	28	2	44
59	3	25	16	28	28	3	41
59	3	25	18	28	28	2	10
59	3	25	22	28	28	2	53
59	3	25	24	28	28	3	1
59	3	25	25	28	28	2	15
59	3	26	2	28	28	2	10
59	3	26	4	28	28	3	41
59	3	26	9	28	28	2	44
59	3	26	10	28	28	3	58
59	3	26	12	28	28	2	6
59	3	26	16	28	28	2	49
59	3	26	18	28	28	3	18
59	3	26	23	28	28	2	15
59	3	26	24	28	28	3	1
59	3	26	26	28	28	2	53
59	3	27	0	28	28	3	58
59	3	27	1	28	28	2	44
59	3	27	6	28	28	3	41
59	3	27	8	28	28	2	10
59	3	27	12	28	28	2	53
59	3	27	14	28	28	3	1
59	3	27	15	28	28	2	15
59	3	27	20	28	28	3	18
59	3	27	22	28	28	2	49
59	3	27	24	28	28	3	inf
59	3	27	26	28	28	2	6
59	4	0	1	28	28	3	41
59	4	0	6	28	28	2	44
59	4	0	7	28	28	3	58
59	4	0	9	28	28	2	6
59	4	0	13	28	28	2	49
59	4	0	15	28	28	3	18
59	4	0	20	28	28	2	15
59	4	0	21	28	28	3	1
59	4	0	23	28	28	2	53
59	4	0	27	28	28	2	10
59	4	1	3	28	28	3	41
59	4	1	5	28	28	2	10
59	4	1	9	28	28	2	53
59	4	1	11	28	28	3	1
59	4	1	12	28	28	2	15
59	4	1	17	28	28	3	18
59	4	1	19	28	28	2	49
59	4	1	21	28	28	3	inf
59	4	1	23	28	28	2	6
59	4	1	25	28	28	3	58
59	4	1	26	28	28	2	44
59	4	2	3	28	28	2	49
59	4	2	5	28	28	3	18
59	4	2	10	28	28	2	15
59	4	2	11	28	28	3	1
59	4	2	13	28	28	2	53
59	4	2	17	28	28	2	10
59	4	2	19	28	28	3	41
59	4	2	24	28	28	2	44
59	4	2	25	28	28	3	58
59	4	2	27	28	28	2	6
59	4	3	1	28	28	3	1
59	4	3	2	28	28	2	15
59	4	3	7	28	28	3	18
59	4	3	9	28	28	2	49
59	4	3	11	28	28	3	inf
59	4	3	13	28	28	2	6
59	4	3	15	28	28	3	58
59	4	3	16	28	28	2	44
59	4	3	21	28	28	3	41
59	4	3	23	28	28	2	10
59	4	3	27	28	28	2	53
59	4	4	0	28	28	2	15
59	4	4	1	28	28	3	1
59	4	4	3	28	28	2	53
59	4	4	7	28	28	2	10
59	4	4	9	28	28	3	41
59	4	4	14	28	28	2	44
59	4	4	15	28	28	3	58
59	4	4	17	28	28	2	6
59	4	4	21	28	28	2	49
59	4	4	23	28	28	3	18
59	4	5	1	28	28	3	inf
59	4	5	3	28	28	2	6
59	4	5	5	28	28	3	58
59	4	5	6	28	28	2	44
59	4	5	11	28	28	3	41
59	4	5	13	28	28	2	10
59	4	5	17	28	28	2	53
59	4	5	19	28	28	3	1
59	4	5	20	28	28	2	15
59	4	5	25	28	28	3	18
59	4	5	27	28	28	2	49
59	4	6	4	28	28	2	44
59	4	6	5	28	28	3	58
59	4	6	7	28	28	2	6
59	4	6	11	28	28	2	49
59	4	6	13	28	28	3	18
59	4	6	18	28	28	2	15
59	4	6	19	28	28	3	1
59	4	6	21	28	28	2	53
59	4	6	25	28	28	2	10
59	4	6	27	28	28	3	41
59	4	7	1	28	28	3	41
59	4	7	3	28	28	2	10
59	4	7	7	28	28	2	53
59	4	7	9	28	28	3	1
59	4	7	10	28	28	2	15
59	4	7	15	28	28	3	18
59	4	7	17	28	28	2	49
59	4	7	19	28	28	3	inf
59	4	7	21	28	28	2	6
59	4	7	23	28	28	3	58
59	4	7	24	28	28	2	44
59	4	8	1	28	28	2	49
59	4	8	3	28	28	3	18
59	4	8	8	28	28	2	15
59	4	8	9	28	28	3	1
59	4	8	11	28	28	2	53
59	4	8	15	28	28	2	10
59	4	8	17	28	28	3	41
59	4	8	22	28	28	2	44
59	4	8	23	28	28	3	58
59	4	8	25	28	28	2	6
59	4	9	0	28	28	2	15
59	4	9	5	28	28	3	18
59	4	9	7	28	28	2	49
59	4	9	9	28	28	3	inf
59	4	9	11	28	28	2	6
59	4	9	13	28	28	3	58
59	4	9	14	28	28	2	44
59	4	9	19	28	28	3	41
59	4	9	21	28	28	2	10
59	4	9	25	28	28	2	53
59	4	9	27	28	28	3	1
59	4	10	1	28	28	2	53
59	4	10	5	28	28	2	10
59	4	10	7	28	28	3	41
59	4	10	12	28	28	2	44
59	4	10	13	28	28	3	58
59	4	10	15	28	28	2	6
59	4	10	19	28	28	2	49
59	4	10	21	28	28	3	18
59	4	10	26	28	28	2	15
59	4	10	27	28	28	3	1
59	4	11	1	28	28	2	6
59	4	11	3	28	28	3	58
59	4	11	4	28	28	2	44
59	4	11	9	28	28	3	41
59	4	11	11	28	28	2	10
59	4	11	15	28	28	2	53
59	4	11	17	28	28	3	1
59	4	11	18	28	28	2	15
59	4	11	23	28	28	3	18
59	4	11	25	28	28	2	49
59	4	11	27	28	28	3	inf
59	4	12	2	28	28	2	44
59	4	12	3	28	28	3	58
59	4	12	5	28	28	2	6
59	4	12	9	28	28	2	49
59	4	12	11	28	28	3	18
59	4	12	16	28	28	2	15
59	4	12	17	28	28	3	1
59	4	12	19	28	28	2	53
59	4	12	23	28	28	2	10
59	4	12	25	28	28	3	41
59	4	13	1	28	28	2	10
59	4	13	5	28	28	2	53
59	4	13	7	28	28	3	1
59	4	13	8	28	28	2	15
59	4	13	13	28	28	3	18
59	4	13	15	28	28	2	49
59	4	13	17	28	28	3	inf
59	4	13	19	28	28	2	6
59	4	13	21	28	28	3	58
59	4	13	22	28	28	2	44
59	4	13	27	28	28	3	41
59	4	14	1	28	28	3	18
59	4	14	6	28	28	2	15
59	4	14	7	28	28	3	1
59	4	14	9	28	28	2	53
59	4	14	13	28	28	2	10
59	4	14	15	28	28	3	41
59	4	14	20	28	28	2	44
59	4	14	21	28	28	3	58
59	4	14	23	28	28	2	6
59	4	14	27	28	28	2	49
59	4	15	3	28	28	3	18
59	4	15	5	28	28	2	49
59	4	15	7	28	28	3	inf
59	4	15	9	28	28	2	6
59	4	15	11	28	28	3	58
59	4	15	12	28	28	2	44
59	4	15	17	28	28	3	41
59	4	15	19	28	28	2	10
59	4	15	23	28	28	2	53
59	4	15	25	28	28	3	1
59	4	15	26	28	28	2	15
59	4	16	3	28	28	2	10
59	4	16	5	28	28	3	41
59	4	16	10	28	28	2	44
59	4	16	11	28	28	3	58
59	4	16	13	28	28	2	6
59	4	16	17	28	28	2	49
59	4	16	19	28	28	3	18
59	4	16	24	28	28	2	15
59	4	16	25	28	28	3	1
59	4	16	27	28	28	2	53
59	4	17	1	28	28	3	58
59	4	17	2	28	28	2	44
59	4	17	7	28	28	3	41
59	4	17	9	28	28	2	10
59	4	17	13	28	28	2	53
59	4	17	15	28	28	3	1
59	4	17	16	28	28	2	15
59	4	17	21	28	28	3	18
59	4	17	23	28	28	2	49
59	4	17	25	28	28	3	inf
59	4	17	27	28	28	2	6
59	4	18	0	28	28	2	44
59	4	18	1	28	28	3	58
59	4	18	3	28	28	2	6
59	4	18	7	28	28	2	49
59	4	18	9	28	28	3	18
59	4	18	14	28	28	2	15
59	4	18	15	28	28	3	1
59	4	18	17	28	28	2	53
59	4	18	21	28	28	2	10
59	4	18	23	28	28	3	41
59	4	19	3	28	28	2	53
59	4	19	5	28	28	3	1
59	4	19	6	28	28	2	15
59	4	19	11	28	28	3	18
59	4	19	13	28	28	2	49
59	4	19	15	28	28	3	inf
59	4	19	17	28	28	2	6
59	4	19	19	28	28	3	58
59	4	19	20	28	28	2	44
59	4	19	25	28	28	3	41
59	4	19	27	28	28	2	10
59	4	20	4	28	28	2	15
59	4	20	5	28	28	3	1
59	4	20	7	28	28	2	53
59	4	20	11	28	28	2	10
59	4	20	13	28	28	3	41
59	4	20	18	28	28	2	44
59	4	20	19	28	28	3	58
59	4	20	21	28	28	2	6
59	4	20	25	28	28	2	49
59	4	20	27	28	28	3	18
59	4	21	1	28	28	3	18
59	4	21	3	28	28	2	49
59	4	21	5	28	28	3	inf
59	4	21	7	28	28	2	6
59	4	21	9	28	28	3	58
59	4	21	10	28	28	2	44
59	4	21	15	28	28	3	41
59	4	21	17	28	28	2	10
59	4	21	21	28	28	2	53
59	4	21	23	28	28	3	1
59	4	21	24	28	28	2	15
59	4	22	1	28	28	2	10
59	4	22	3	28	28	3	41
59	4	22	8	28	28	2	44
59	4	22	9	28	28	3	58
59	4	22	11	28	28	2	6
59	4	22	15	28	28	2	49
59	4	22	17	28	28	3	18
59	4	22	22	28	28	2	15
59	4	22	23	28	28	3	1
59	4	22	25	28	28	2	53
59	4	23	0	28	28	2	44
59	4	23	5	28	28	3	41
59	4	23	7	28	28	2	10
59	4	23	11	28	28	2	53
59	4	23	13	28	28	3	1
59	4	23	14	28	28	2	15
59	4	23	19	28	28	3	18
59	4	23	21	28	28	2	49
59	4	23	23	28	28	3	inf
59	4	23	25	28	28	2	6
59	4	23	27	28	28	3	58
59	4	24	1	28	28	2	6
59	4	24	5	28	28	2	49
59	4	24	7	28	28	3	18
59	4	24	12	28	28	2	15
59	4	24	13	28	28	3	1
59	4	24	15	28	28	2	53
59	4	24	19	28	28	2	10
59	4	24	21	28	28	3	41
59	4	24	26	28	28	2	44
59	4	24	27	28	28	3	58
59	4	25	1	28	28	2	53
59	4	25	3	28	28	3	1
59	4	25	4	28	28	2	15
59	4	25	9	28	28	3	18
59	4	25	11	28	28	2	49
59	4	25	13	28	28	3	inf
59	4	25	15	28	28	2	6
59	4	25	17	28	28	3	58
59	4	25	18	28	28	2	44
59	4	25	23	28	28	3	41
59	4	25	25	28	28	2	10
59	4	26	2	28	28	2	15
59	4	26	3	28	28	3	1
59	4	26	5	28	28	2	53
59	4	26	9	28	28	2	10
59	4	26	11	28	28	3	41
59	4	26	16	28	28	2	44
59	4	26	17	28	28	3	58
59	4	26	19	28	28	2	6
59	4	26	23	28	28	2	49
59	4	26	25	28	28	3	18
59	4	27	1	28	28	2	49
59	4	27	3	28	28	3	inf
59	4	27	5	28	28	2	6
59	4	27	7	28	28	3	58
59	4	27	8	28	28	2	44
59	4	27	13	28	28	3	41
59	4	27	15	28	28	2	10
59	4	27	19	28	28	2	53
59	4	27	21	28	28	3	1
59	4	27	22	28	28	2	15
59	4	27	27	28	28	3	18
61	1	0	2	24	48	2	47
61	1	0	4	24	48	3	56
61	1	0	6	24	48	3	inf
61	1	0	9	24	48	3	inf
61	1	0	14	24	48	3	5
61	1	0	16	24	48	2	14
61	1	0	21	24	48	3	55
61	1	0	26	24	48	2	14
61	1	0	28	24	48	3	5
61	1	0	33	24	48	3	inf
61	1	0	38	24	48	3	56
61	1	0	40	24	48	2	47
61	1	0	45	24	48	3	6
61	1	1	0	24	48	3	5
61	1	1	2	24	48	2	14
61	1	1	7	24	48	3	55
61	1	1	12	24	48	2	14
61	1	1	14	24	48	3	5
61	1	1	19	24	48	3	inf
61	1	1	24	24	48	3	56
61	1	1	26	24	48	2	47
61	1	1	31	24	48	3	6
61	1	1	36	24	48	2	47
61	1	1	38	24	48	3	56
61	1	1	40	24	48	3	inf
61	1	1	43	24	48	3	inf
61	1	2	0	24	48	3	5
61	1	2	5	24	48	3	inf
61	1	2	10	24	48	3	56
61	1	2	12	24	48	2	47
61	1	2	17	24	48	3	6
61	1	2	22	24	48	2	47
61	1	2	24	24	48	3	56
61	1	2	26	24	48	3	inf
61	1	2	29	24	48	3	inf
61	1	2	34	24	48	3	5
61	1	2	36	24	48	2	14
61	1	2	41	24	48	3	55
61	1	2	46	24	48	2	14
61	1	3	3	24	48	3	6
61	1	3	8	24	48	2	47
61	1	3	10	24	48	3	56
61	1	3	12	24	48	3	inf
61	1	3	15	24	48	3	inf
61	1	3	20	24	48	3	5
61	1	3	22	24	48	2	14
61	1	3	27	24	48	3	55
61	1	3	32	24	48	2	14
61	1	3	34	24	48	3	5
61	1	3	39	24	48	3	inf
61	1	3	44	24	48	3	56
61	1	3	46	24	48	2	47
61	1	4	1	24	48	3	inf
61	1	4	6	24	48	3	5
61	1	4	8	24	48	2	14
61	1	4	13	24	48	3	55
61	1	4	18	24	48	2	14
61	1	4	20	24	48	3	5
61	1	4	25	24	48	3	inf
61	1	4	30	24	48	3	56
61	1	4	32	24	48	2	47
61	1	4	37	24	48	3	6
61	1	4	42	24	48	2	47
61	1	4	44	24	48	3	56
61	1	4	46	24	48	3	inf
61	1	5	4	24	48	2	14
61	1	5	6	24	48	3	5
61	1	5	11	24	48	3	inf
61	1	5	16	24	48	3	56
61	1	5	18	24	48	2	47
61	1	5	23	24	48	3	6
61	1	5	28	24	48	2	47
61	1	5	30	24	48	3	56
61	1	5	32	24	48	3	inf
61	1	5	35	24	48	3	inf
61	1	5	40	24	48	3	5
61	1	5	42	24	48	2	14
61	1	5	47	24	48	3	55
61	1	6	2	24	48	3	56
61	1	6	4	24	48	2	47
61	1	6	9	24	48	3	6
61	1	6	14	24	48	2	47
61	1	6	16	24	48	3	56
61	1	6	18	24	48	3	inf
61	1	6	21	24	48	3	inf
61	1	6	26	24	48	3	5
61	1	6	28	24	48	2	14
61	1	6	33	24	48	3	55
61	1	6	38	24	48	2	14
61	1	6	40	24	48	3	5
61	1	6	45	24	48	3	inf
61	1	7	0	24	48	2	47
61	1	7	2	24	48	3	56
61	1	7	4	24	48	3	inf
61	1	7	7	24	48	3	inf
61	1	7	12	24	48	3	5
61	1	7	14	24	48	2	14
61	1	7	19	24	48	3	55
61	1	7	24	24	48	2	14
61	1	7	26	24	48	3	5
61	1	7	31	24	48	3	inf
61	1	7	36	24	48	3	56
61	1	7	38	24	48	2	47
61	1	7	43	24	48	3	6
61	1	8	0	24	48	2	14
61	1	8	5	24	48	3	55
61	1	8	10	24	48	2	14
61	1	8	12	24	48	3	5
61	1	8	17	24	48	3	inf
61	1	8	22	24	48	3	56
61	1	8	24	24	48	2	47
61	1	8	29	24	48	3	6
61	1	8	34	24	48	2	47
61	1	8	36	24	48	3	56
61	1	8	38	24	48	3	inf
61	1	8	41	24	48	3	inf
61	1	8	46	24	48	3	5
61	1	9	3	24	48	3	inf
61	1	9	8	24	48	3	56
61	1	9	10	24	48	2	47
61	1	9	15	24	48	3	6
61	1	9	20	24	48	2	47
61	1	9	22	24	48	3	56
61	1	9	24	24	48	3	inf
61	1	9	27	24	48	3	inf
61	1	9	32	24	48	3	5
61	1	9	34	24	48	2	14
61	1	9	39	24	48	3	55
61	1	9	44	24	48	2	14
61	1	9	46	24	48	3	5
61	1	10	1	24	48	3	6
61	1	10	6	24	48	2	47
61	1	10	8	24	48	3	56
61	1	10	10	24	48	3	inf
61	1	10	13	24	48	3	inf
61	1	10	18	24	48	3	5
61	1	10	20	24	48	2	14
61	1	10	25	24	48	3	55
61	1	10	30	24	48	2	14
61	1	10	32	24	48	3	5
61	1	10	37	24	48	3	inf
61	1	10	42	24	48	3	56
61	1	10	44	24	48	2	47
61	1	11	4	24	48	3	5
61	1	11	6	24	48	2	14
61	1	11	11	24	48	3	55
61	1	11	16	24	48	2	14
61	1	11	18	24	48	3	5
61	1	11	23	24	48	3	inf
61	1	11	28	24	48	3	56
61	1	11	30	24	48	2	47
61	1	11	35	24	48	3	6
61	1	11	40	24	48	2	47
61	1	11	42	24	48	3	56
61	1	11	44	24	48	3	inf
61	1	11	47	24	48	3	inf
61	1	12	2	24	48	2	14
61	1	12	4	24	48	3	5
61	1	12	9	24	48	3	inf
61	1	12	14	24	48	3	56
61	1	12	16	24	48	2	47
61	1	12	21	24	48	3	6
61	1	12	26	24	48	2	47
61	1	12	28	24	48	3	56
61	1	12	30	24	48	3	inf
61	1	12	33	24	48	3	inf
61	1	12	38	24	48	3	5
61	1	12	40	24	48	2	14
61	1	12	45	24	48	3	55
61	1	13	0	24	48	3	56
61	1	13	2	24	48	2	47
61	1	13	7	24	48	3	6
61	1	13	12	24	48	2	47
61	1	13	14	24	48	3	56
61	1	13	16	24	48	3	inf
61	1	13	19	24	48	3	inf
61	1	13	24	24	48	3	5
61	1	13	26	24	48	2	14
61	1	13	31	24	48	3	55
61	1	13	36	24	48	2	14
61	1	13	38	24	48	3	5
61	1	13	43	24	48	3	inf
61	1	14	0	24	48	3	56
61	1	14	2	24	48	3	inf
61	1	14	5	24	48	3	inf
61	1	14	10	24	48	3	5
61	1	14	12	24	48	2	14
61	1	14	17	24	48	3	55
61	1	14	22	24	48	2	14
61	1	14	24	24	48	3	5
61	1	14	29	24	48	3	inf
61	1	14	34	24	48	3	56
61	1	14	36	24	48	2	47
61	1	14	41	24	48	3	6
61	1	14	46	24	48	2	47
61	1	15	3	24	48	3	55
61	1	15	8	24	48	2	14
61	1	15	10	24	48	3	5
61	1	15	15	24	48	3	inf
61	1	15	20	24	48	3	56
61	1	15	22	24	48	2	47
61	1	15	27	24	48	3	6
61	1	15	32	24	48	2	47
61	1	15	34	24	48	3	56
61	1	15	36	24	48	3	inf
61	1	15	39	24	48	3	inf
61	1	15	44	24	48	3	5
61	1	15	46	24	48	2	14
61	1	16	1	24	48	3	inf
61	1	16	6	24	48	3	56
61	1	16	8	24	48	2	47
61	1	16	13	24	48	3	6
61	1	16	18	24	48	2	47
61	1	16	20	24	48	3	56
61	1	16	22	24	48	3	inf
61	1	16	25	24	48	3	inf
61	1	16	30	24	48	3	5
61	1	16	32	24	48	2	14
61	1	16	37	24	48	3	55
61	1	16	42	24	48	2	14
61	1	16	44	24	48	3	5
61	1	17	4	24	48	2	47
61	1	17	6	24	48	3	56
61	1	17	8	24	48	3	inf
61	1	17	11	24	48	3	inf
61	1	17	16	24	48	3	5
61	1	17	18	24	48	2	14
61	1	17	23	24	48	3	55
61	1	17	28	24	48	2	14
61	1	17	30	24	48	3	5
61	1	17	35	24	48	3	inf
61	1	17	40	24	48	3	56
61	1	17	42	24	48	2	47
61	1	17	47	24	48	3	6
61	1	18	2	24	48	3	5
61	1	18	4	24	48	2	14
61	1	18	9	24	48	3	55
61	1	18	14	24	48	2	14
61	1	18	16	24	48	3	5
61	1	18	21	24	48	3	inf
61	1	18	26	24	48	3	56
61	1	18	28	24	48	2	47
61	1	18	33	24	48	3	6
61	1	18	38	24	48	2	47
61	1	18	40	24	48	3	56
61	1	18	42	24	48	3	inf
61	1	18	45	24	48	3	inf
61	1	19	0	24	48	2	14
61	1	19	2	24	48	3	5
61	1	19	7	24	48	3	inf
61	1	19	12	24	48	3	56
61	1	19	14	24	48	2	47
61	1	19	19	24	48	3	6
61	1	19	24	24	48	2	47
61	1	19	26	24	48	3	56
61	1	19	28	24	48	3	inf
61	1	19	31	24	48	3	inf
61	1	19	36	24	48	3	5
61	1	19	38	24	48	2	14
61	1	19	43	24	48	3	55
61	1	20	0	24	48	2	47
61	1	20	5	24	48	3	6
61	1	20	10	24	48	2	47
61	1	20	12	24	48	3	56
61	1	20	14	24	48	3	inf
61	1	20	17	24	48	3	inf
61	1	20	22	24	48	3	5
61	1	20	24	24	48	2	14
61	1	20	29	24	48	3	55
61	1	20	34	24	48	2	14
61	1	20	36	24	48	3	5
61	1	20	41	24	48	3	inf
61	1	20	46	24	48	3	56
61	1	21	0	24	48	3	inf
61	1	21	3	24	48	3	inf
61	1	21	8	24	48	3	5
61	1	21	10	24	48	2	14
61	1	21	15	24	48	3	55
61	1	21	20	24	48	2	14
61	1	21	22	24	48	3	5
61	1	21	27	24	48	3	inf
61	1	21	32	24	48	3	56
61	1	21	34	24	48	2	47
61	1	21	39	24	48	3	6
61	1	21	44	24	48	2	47
61	1	21	46	24	48	3	56
61	1	22	1	24	48	3	55
61	1	22	6	24	48	2	14
61	1	22	8	24	48	3	5
61	1	22	13	24	48	3	inf
61	1	22	18	24	48	3	56
61	1	22	20	24	48	2	47
61	1	22	25	24	48	3	6
61	1	22	30	24	48	2	47
61	1	22	32	24	48	3	56
61	1	22	34	24	48	3	inf
61	1	22	37	24	48	3	inf
61	1	22	42	24	48	3	5
61	1	22	44	24	48	2	14
61	1	23	4	24	48	3	56
61	1	23	6	24	48	2	47
61	1	23	11	24	48	3	6
61	1	23	16	24	48	2	47
61	1	23	18	24	48	3	56
61	1	23	20	24	48	3	inf
61	1	23	23	24	48	3	inf
61	1	23	28	24	48	3	5
61	1	23	30	24	48	2	14
61	1	23	35	24	48	3	55
61	1	23	40	24	48	2	14
61	1	23	42	24	48	3	5
61	1	23	47	24	48	3	inf
61	2	0	2	24	48	3	56
61	2	0	4	24	48	2	47
61	2	0	9	24	48	3	6
61	2	0	14	24	48	2	47
61	2	0	16	24	48	3	56
61	2	0	18	24	48	3	inf
61	2	0	21	24	48	3	inf
61	2	0	26	24	48	3	5
61	2	0	28	24	48	2	14
61	2	0	33	24	48	3	55
61	2	0	38	24	48	2	14
61	2	0	40	24	48	3	5
61	2	0	45	24	48	3	inf
61	2	1	0	24	48	2	47
61	2	1	2	24	48	3	56
61	2	1	4	24	48	3	inf
61	2	1	7	24	48	3	inf
61	2	1	12	24	48	3	5
61	2	1	14	24	48	2	14
61	2	1	19	24	48	3	55
61	2	1	24	24	48	2	14
61	2	1	26	24	48	3	5
61	2	1	31	24	48	3	inf
61	2	1	36	24	48	3	56
61	2	1	38	24	48	2	47
61	2	1	43	24	48	3	6
61	2	2	0	24	48	2	14
61	2	2	5	24	48	3	55
61	2	2	10	24	48	2	14
61	2	2	12	24	48	3	5
61	2	2	17	24	48	3	inf
61	2	2	22	24	48	3	56
61	2	2	24	24	48	2	47
61	2	2	29	24	48	3	6
61	2	2	34	24	48	2	47
61	2	2	36	24	48	3	56
61	2	2	38	24	48	3	inf
61	2	2	41	24	48	3	inf
61	2	2	46	24	48	3	5
61	2	3	3	24	48	3	inf
61	2	3	8	24	48	3	56
61	2	3	10	24	48	2	47
61	2	3	15	24	48	3	6
61	2	3	20	24	48	2	47
61	2	3	22	24	48	3	56
61	2	3	24	24	48	3	inf
61	2	3	27	24	48	3	inf
61	2	3	32	24	48	3	5
61	2	3	34	24	48	2	14
61	2	3	39	24	48	3	55
61	2	3	44	24	48	2	14
61	2	3	46	24	48	3	5
61	2	4	1	24	48	3	6
61	2	4	6	24	48	2	47
61	2	4	8	24	48	3	56
61	2	4	10	24	48	3	inf
61	2	4	13	24	48	3	inf
61	2	4	18	24	48	3	5
61	2	4	20	24	48	2	14
61	2	4	25	24	48	3	55
61	2	4	30	24	48	2	14
61	2	4	32	24	48	3	5
61	2	4	37	24	48	3	inf
61	2	4	42	24	48	3	56
61	2	4	44	24	48	2	47
61	2	5	4	24	48	3	5
61	2	5	6	24	48	2	14
61	2	5	11	24	48	3	55
61	2	5	16	24	48	2	14
61	2	5	18	24	48	3	5
61	2	5	23	24	48	3	inf
61	2	5	28	24	48	3	56
61	2	5	30	24	48	2	47
61	2	5	35	24	48	3	6
61	2	5	40	24	48	2	47
61	2	5	42	24	48	3	56
61	2	5	44	24	48	3	inf
61	2	5	47	24	48	3	inf
61	2	6	2	24	48	2	14
61	2	6	4	24	48	3	5
61	2	6	9	24	48	3	inf
61	2	6	14	24	48	3	56
61	2	6	16	24	48	2	47
61	2	6	21	24	48	3	6
61	2	6	26	24	48	2	47
61	2	6	28	24	48	3	56
61	2	6	30	24	48	3	inf
61	2	6	33	24	48	3	inf
61	2	6	38	24	48	3	5
61	2	6	40	24	48	2	14
61	2	6	45	24	48	3	55
61	2	7	0	24	48	3	56
61	2	7	2	24	48	2	47
61	2	7	7	24	48	3	6
61	2	7	12	24	48	2	47
61	2	7	14	24	48	3	56
61	2	7	16	24	48	3	inf
61	2	7	19	24	48	3	inf
61	2	7	24	24	48	3	5
61	2	7	26	24	48	2	14
61	2	7	31	24	48	3	55
61	2	7	36	24	48	2	14
61	2	7	38	24	48	3	5
61	2	7	43	24	48	3	inf
61	2	8	0	24	48	3	56
61	2	8	2	24	48	3	inf
61	2	8	5	24	48	3	inf
61	2	8	10	24	48	3	5
61	2	8	12	24	48	2	14
61	2	8	17	24	48	3	55
61	2	8	22	24	48	2	14
61	2	8	24	24	48	3	5
61	2	8	29	24	48	3	inf
61	2	8	34	24	48	3	56
61	2	8	36	24	48	2	47
61	2	8	41	24	48	3	6
61	2	8	46	24	48	2	47
61	2	9	3	24	48	3	55
61	2	9	8	24	48	2	14
61	2	9	10	24	48	3	5
61	2	9	15	24	48	3	inf
61	2	9	20	24	48	3	56
61	2	9	22	24	48	2	47
61	2	9	27	24	48	3	6
61	2	9	32	24	48	2	47
61	2	9	34	24	48	3	56
61	2	9	36	24	48	3	inf
61	2	9	39	24	48	3	inf
61	2	9	44	24	48	3	5
61	2	9	46	24	48	2	14
61	2	10	1	24	48	3	inf
61	2	10	6	24	48	3	56
61	2	10	8	24	48	2	47
61	2	10	13	24	48	3	6
61	2	10	18	24	48	2	47
61	2	10	20	24	48	3	56
61	2	10	22	24	48	3	inf
61	2	10	25	24	48	3	inf
61	2	10	30	24	48	3	5
61	2	10	32	24	48	2	14
61	2	10	37	24	48	3	55
61	2	10	42	24	48	2	14
61	2	10	44	24	48	3	5
61	2	11	4	24	48	2	47
61	2	11	6	24	48	3	56
61	2	11	8	24	48	3	inf
61	2	11	11	24	48	3	inf
61	2	11	16	24	48	3	5
61	2	11	18	24	48	2	14
61	2	11	23	24	48	3	55
61	2	11	28	24	48	2	14
61	2	11	30	24	48	3	5
61	2	11	35	24	48	3	inf
61	2	11	40	24	48	3	56
61	2	11	42	24	48	2	47
61	2	11	47	24	48	3	6
61	2	12	2	24	48	3	5
61	2	12	4	24	48	2	14
61	2	12	9	24	48	3	55
61	2	12	14	24	48	2	14
61	2	12	16	24	48	3	5
61	2	12	21	24	48	3	inf
61	2	12	26	24	48	3	56
61	2	12	28	24	48	2	47
61	2	12	33	24	48	3	6
61	2	12	38	24	48	2	47
61	2	12	40	24	48	3	56
61	2	12	42	24	48	3	inf
61	2	12	45	24	48	3	inf
61	2	13	0	24	48	2	14
61	2	13	2	24	48	3	5
61	2	13	7	24	48	3	inf
61	2	13	12	24	48	3	56
61	2	13	14	24	48	2	47
61	2	13	19	24	48	3	6
61	2	13	24	24	48	2	47
61	2	13	26	24	48	3	56
61	2	13	28	24	48	3	inf
61	2	13	31	24	48	3	inf
61	2	13	36	24	48	3	5
61	2	13	38	24	48	2	14
61	2	13	43	24	48	3	55
61	2	14	0	24	48	2	47
61	2	14	5	24	48	3	6
61	2	14	10	24	48	2	47
61	2	14	12	24	48	3	56
61	2	14	14	24	48	3	inf
61	2	14	17	24	48	3	inf
61	2	14	22	24	48	3	5
61	2	14	24	24	48	2	14
61	2	14	29	24	48	3	55
61	2	14	34	24	48	2	14
61	2	14	36	24	48	3	5
61	2	14	41	24	48	3	inf
61	2	14	46	24	48	3	56
61	2	15	0	24	48	3	inf
61	2	15	3	24	48	3	inf
61	2	15	8	24	48	3	5
61	2	15	10	24	48	2	14
61	2	15	15	24	48	3	55
61	2	15	20	24	48	2	14
61	2	15	22	24	48	3	5
61	2	15	27	24	48	3	inf
61	2	15	32	24	48	3	56
61	2	15	34	24	48	2	47
61	2	15	39	24	48	3	6
61	2	15	44	24	48	2	47
61	2	15	46	24	48	3	56
61	2	16	1	24	48	3	55
61	2	16	6	24	48	2	14
61	2	16	8	24	48	3	5
61	2	16	13	24	48	3	inf
61	2	16	18	24	48	3	56
61	2	16	20	24	48	2	47
61	2	16	25	24	48	3	6
61	2	16	30	24	48	2	47
61	2	16	32	24	48	3	56
61	2	16	34	24	48	3	inf
61	2	16	37	24	48	3	inf
61	2	16	42	24	48	3	5
61	2	16	44	24	48	2	14
61	2	17	4	24	48	3	56
61	2	17	6	24	48	2	47
61	2	17	11	24	48	3	6
61	2	17	16	24	48	2	47
61	2	17	18	24	48	3	56
61	2	17	20	24	48	3	inf
61	2	17	23	24	48	3	inf
61	2	17	28	24	48	3	5
61	2	17	30	24	48	2	14
61	2	17	35	24	48	3	55
61	2	17	40	24	48	2	14
61	2	17	42	24	48	3	5
61	2	17	47	24	48	3	inf
61	2	18	2	24	48	2	47
61	2	18	4	24	48	3	56
61	2	18	6	24	48	3	inf
61	2	18	9	24	48	3	inf
61	2	18	14	24	48	3	5
61	2	18	16	24	48	2	14
61	2	18	21	24	48	3	55
61	2	18	26	24	48	2	14
61	2	18	28	24	48	3	5
61	2	18	33	24	48	3	inf
61	2	18	38	24	48	3	56
61	2	18	40	24	48	2	47
61	2	18	45	24	48	3	6
61	2	19	0	24	48	3	5
61	2	19	2	24	48	2	14
61	2	19	7	24	48	3	55
61	2	19	12	24	48	2	14
61	2	19	14	24	48	3	5
61	2	19	19	24	48	3	inf
61	2	19	24	24	48	3	56
61	2	19	26	24	48	2	47
61	2	19	31	24	48	3	6
61	2	19	36	24	48	2	47
61	2	19	38	24	48	3	56
61	2	19	40	24	48	3	inf
61	2	19	43	24	48	3	inf
61	2	20	0	24	48	3	5
61	2	20	5	24	48	3	inf
61	2	20	10	24	48	3	56
61	2	20	12	24	48	2	47
61	2	20	17	24	48	3	6
61	2	20	22	24	48	2	47
61	2	20	24	24	48	3	56
61	2	20	26	24	48	3	inf
61	2	20	29	24	48	3	inf
61	2	20	34	24	48	3	5
61	2	20	36	24	48	2	14
61	2	20	41	24	48	3	55
61	2	20	46	24	48	2	14
61	2	21	3	24	48	3	6
61	2	21	8	24	48	2	47
61	2	21	10	24	48	3	56
61	2	21	12	24	48	3	inf
61	2	21	15	24	48	3	inf
61	2	21	20	24	48	3	5
61	2	21	22	24	48	2	14
61	2	21	27	24	48	3	55
61	2	21	32	24	48	2	14
61	2	21	34	24	48	3	5
61	2	21	39	24	48	3	inf
61	2	21	44	24	48	3	56
61	2	21	46	24	48	2	47
61	2	22	1	24	48	3	inf
61	2	22	6	24	48	3	5
61	2	22	8	24	48	2	14
61	2	22	13	24	48	3	55
61	2	22	18	24	48	2	14
61	2	22	20	24	48	3	5
61	2	22	25	24	48	3	inf
61	2	22	30	24	48	3	56
61	2	22	32	24	48	2	47
61	2	22	37	24	48	3	6
61	2	22	42	24	48	2	47
61	2	22	44	24	48	3	56
61	2	22	46	24	48	3	inf
61	2	23	4	24	48	2	14
61	2	23	6	24	48	3	5
61	2	23	11	24	48	3	inf
61	2	23	16	24	48	3	56
61	2	23	18	24	48	2	47
61	2	23	23	24	48	3	6
61	2	23	28	24	48	2	47
61	2	23	30	24	48	3	56
61	2	23	32	24	48	3	inf
61	2	23	35	24	48	3	inf
61	2	23	40	24	48	3	5
61	2	23	42	24	48	2	14
61	2	23	47	24	48	3	55
61	3	0	2	24	48	2	14
61	3	0	4	24	48	3	5
61	3	0	9	24	48	3	inf
61	3	0	14	24	48	3	56
61	3	0	16	24	48	2	47
61	3	0	21	24	48	3	6
61	3	0	26	24	48	2	47
61	3	0	28	24	48	3	56
61	3	0	30	24	48	3	inf
61	3	0	33	24	48	3	inf
61	3	0	38	24	48	3	5
61	3	0	40	24	48	2	14
61	3	0	45	24	48	3	55
61	3	1	0	24	48	3	56
61	3	1	2	24	48	2	47
61	3	1	7	24	48	3	6
61	3	1	12	24	48	2	47
61	3	1	14	24	48	3	56
61	3	1	16	24	48	3	inf
61	3	1	19	24	48	3	inf
61	3	1	24	24	48	3	5
61	3	1	26	24	48	2	14
61	3	1	31	24	48	3	55
61	3	1	36	24	48	2	14
61	3	1	38	24	48	3	5
61	3	1	43	24	48	3	inf
61	3	2	0	24	48	3	56
61	3	2	2	24	48	3	inf
61	3	2	5	24	48	3	inf
61	3	2	10	24	48	3	5
61	3	2	12	24	48	2	14
61	3	2	17	24	48	3	55
61	3	2	22	24	48	2	14
61	3	2	24	24	48	3	5
61	3	2	29	24	48	3	inf
61	3	2	34	24	48	3	56
61	3	2	36	24	48	2	47
61	3	2	41	24	48	3	6
61	3	2	46	24	48	2	47
61	3	3	3	24	48	3	55
61	3	3	8	24	48	2	14
61	3	3	10	24	48	3	5
61	3	3	15	24	48	3	inf
61	3	3	20	24	48	3	56
61	3	3	22	24	48	2	47
61	3	3	27	24	48	3	6
61	3	3	32	24	48	2	47
61	3	3	34	24	48	3	56
61	3	3	36	24	48	3	inf
61	3	3	39	24	48	3	inf
61	3	3	44	24	48	3	5
61	3	3	46	24	48	2	14
61	3	4	1	24	48	3	inf
61	3	4	6	24	48	3	56
61	3	4	8	24	48	2	47
61	3	4	13	24	48	3	6
61	3	4	18	24	48	2	47
61	3	4	20	24	48	3	56
61	3	4	22	24	48	3	inf
61	3	4	25	24	48	3	inf
61	3	4	30	24	48	3	5
61	3	4	32	24	48	2	14
61	3	4	37	24	48	3	55
61	3	4	42	24	48	2	14
61	3	4	44	24	48	3	5
61	3	5	4	24	48	2	47
61	3	5	6	24	48	3	56
61	3	5	8	24	48	3	inf
61	3	5	11	24	48	3	inf
61	3	5	16	24	48	3	5
61	3	5	18	24	48	2	14
61	3	5	23	24	48	3	55
61	3	5	28	24	48	2	14
61	3	5	30	24	48	3	5
61	3	5	35	24	48	3	inf
61	3	5	40	24	48	3	56
61	3	5	42	24	48	2	47
61	3	5	47	24	48	3	6
61	3	6	2	24	48	3	5
61	3	6	4	24	48	2	14
61	3	6	9	24	48	3	55
61	3	6	14	24	48	2	14
61	3	6	16	24	48	3	5
61	3	6	21	24	48	3	inf
61	3	6	26	24	48	3	56
61	3	6	28	24	48	2	47
61	3	6	33	24	48	3	6
61	3	6	38	24	48	2	47
61	3	6	40	24	48	3	56
61	3	6	42	24	48	3	inf
61	3	6	45	24	48	3	inf
61	3	7	0	24	48	2	14
61	3	7	2	24	48	3	5
61	3	7	7	24	48	3	inf
61	3	7	12	24	48	3	56
61	3	7	14	24	48	2	47
61	3	7	19	24	48	3	6
61	3	7	24	24	48	2	47
61	3	7	26	24	48	3	56
61	3	7	28	24	48	3	inf
61	3	7	31	24	48	3	inf
61	3	7	36	24	48	3	5
61	3	7	38	24	48	2	14
61	3	7	43	24	48	3	55
61	3	8	0	24	48	2	47
61	3	8	5	24	48	3	6
61	3	8	10	24	48	2	47
61	3	8	12	24	48	3	56
61	3	8	14	24	48	3	inf
61	3	8	17	24	48	3	inf
61	3	8	22	24	48	3	5
61	3	8	24	24	48	2	14
61	3	8	29	24	48	3	55
61	3	8	34	24	48	2	14
61	3	8	36	24	48	3	5
61	3	8	41	24	48	3	inf
61	3	8	46	24	48	3	56
61	3	9	0	24	48	3	inf
61	3	9	3	24	48	3	inf
61	3	9	8	24	48	3	5
61	3	9	10	24	48	2	14
61	3	9	15	24	48	3	55
61	3	9	20	24	48	2	14
61	3	9	22	24	48	3	5
61	3	9	27	24	48	3	inf
61	3	9	32	24	48	3	56
61	3	9	34	24	48	2	47
61	3	9	39	24	48	3	6
61	3	9	44	24	48	2	47
61	3	9	46	24	48	3	56
61	3	10	1	24	48	3	55
61	3	10	6	24	48	2	14
61	3	10	8	24	48	3	5
61	3	10	13	24	48	3	inf
61	3	10	18	24	48	3	56
61	3	10	20	24	48	2	47
61	3	10	25	24	48	3	6
61	3	10	30	24	48	2	47
61	3	10	32	24	48	3	56
61	3	10	34	24	48	3	inf
61	3	10	37	24	48	3	inf
61	3	10	42	24	48	3	5
61	3	10	44	24	48	2	14
61	3	11	4	24	48	3	56
61	3	11	6	24	48	2	47
61	3	11	11	24	48	3	6
61	3	11	16	24	48	2	47
61	3	11	18	24	48	3	56
61	3	11	20	24	48	3	inf
61	3	11	23	24	48	3	inf
61	3	11	28	24	48	3	5
61	3	11	30	24	48	2	14
61	3	11	35	24	48	3	55
61	3	11	40	24	48	2	14
61	3	11	42	24	48	3	5
61	3	11	47	24	48	3	inf
61	3	12	2	24	48	2	47
61	3	12	4	24	48	3	56
61	3	12	6	24	48	3	inf
61	3	12	9	24	48	3	inf
61	3	12	14	24	48	3	5
61	3	12	16	24	48	2	14
61	3	12	21	24	48	3	55
61	3	12	26	24	48	2	14
61	3	12	28	24	48	3	5
61	3	12	33	24	48	3	inf
61	3	12	38	24	48	3	56
61	3	12	40	24	48	2	47
61	3	12	45	24	48	3	6
61	3	13	0	24	48	3	5
61	3	13	2	24	48	2	14
61	3	13	7	24	48	3	55
61	3	13	12	24	48	2	14
61	3	13	14	24	48	3	5
61	3	13	19	24	48	3	inf
61	3	13	24	24	48	3	56
61	3	13	26	24	48	2	47
61	3	13	31	24	48	3	6
61	3	13	36	24	48	2	47
61	3	13	38	24	48	3	56
61	3	13	40	24	48	3	inf
61	3	13	43	24	48	3	inf
61	3	14	0	24	48	3	5
61	3	14	5	24	48	3	inf
61	3	14	10	24	48	3	56
61	3	14	12	24	48	2	47
61	3	14	17	24	48	3	6
61	3	14	22	24	48	2	47
61	3	14	24	24	48	3	56
61	3	14	26	24	48	3	inf
61	3	14	29	24	48	3	inf
61	3	14	34	24	48	3	5
61	3	14	36	24	48	2	14
61	3	14	41	24	48	3	55
61	3	14	46	24	48	2	14
61	3	15	3	24	48	3	6
61	3	15	8	24	48	2	47
61	3	15	10	24	48	3	56
61	3	15	12	24	48	3	inf
61	3	15	15	24	48	3	inf
61	3	15	20	24	48	3	5
61	3	15	22	24	48	2	14
61	3	15	27	24	48	3	55
61	3	15	32	24	48	2	14
61	3	15	34	24	48	3	5
61	3	15	39	24	48	3	inf
61	3	15	44	24	48	3	56
61	3	15	46	24	48	2	47
61	3	16	1	24	48	3	inf
61	3	16	6	24	48	3	5
61	3	16	8	24	48	2	14
61	3	16	13	24	48	3	55
61	3	16	18	24	48	2	14
61	3	16	20	24	48	3	5
61	3	16	25	24	48	3	inf
61	3	16	30	24	48	3	56
61	3	16	32	24	48	2	47
61	3	16	37	24	48	3	6
61	3	16	42	24	48	2	47
61	3	16	44	24	48	3	56
61	3	16	46	24	48	3	inf
61	3	17	4	24	48	2	14
61	3	17	6	24	48	3	5
61	3	17	11	24	48	3	inf
61	3	17	16	24	48	3	56
61	3	17	18	24	48	2	47
61	3	17	23	24	48	3	6
61	3	17	28	24	48	2	47
61	3	17	30	24	48	3	56
61	3	17	32	24	48	3	inf
61	3	17	35	24	48	3	inf
61	3	17	40	24	48	3	5
61	3	17	42	24	48	2	14
61	3	17	47	24	48	3	55
61	3	18	2	24	48	3	56
61	3	18	4	24	48	2	47
61	3	18	9	24	48	3	6
61	3	18	14	24	48	2	47
61	3	18	16	24	48	3	56
61	3	18	18	24	48	3	inf
61	3	18	21	24	48	3	inf
61	3	18	26	24	48	3	5
61	3	18	28	24	48	2	14
61	3	18	33	24	48	3	55
61	3	18	38	24	48	2	14
61	3	18	40	24	48	3	5
61	3	18	45	24	48	3	inf
61	3	19	0	24	48	2	47
61	3	19	2	24	48	3	56
61	3	19	4	24	48	3	inf
61	3	19	7	24	48	3	inf
61	3	19	12	24	48	3	5
61	3	19	14	24	48	2	14
61	3	19	19	24	48	3	55
61	3	19	24	24	48	2	14
61	3	19	26	24	48	3	5
61	3	19	31	24	48	3	inf
61	3	19	36	24	48	3	56
61	3	19	38	24	48	2	47
61	3	19	43	24	48	3	6
61	3	20	0	24	48	2	14
61	3	20	5	24	48	3	55
61	3	20	10	24	48	2	14
61	3	20	12	24	48	3	5
61	3	20	17	24	48	3	inf
61	3	20	22	24	48	3	56
61	3	20	24	24	48	2	47
61	3	20	29	24	48	3	6
61	3	20	34	24	48	2	47
61	3	20	36	24	48	3	56
61	3	20	38	24	48	3	inf
61	3	20	41	24	48	3	inf
61	3	20	46	24	48	3	5
61	3	21	3	24	48	3	inf
61	3	21	8	24	48	3	56
61	3	21	10	24	48	2	47
61	3	21	15	24	48	3	6
61	3	21	20	24	48	2	47
61	3	21	22	24	48	3	56
61	3	21	24	24	48	3	inf
61	3	21	27	24	48	3	inf
61	3	21	32	24	48	3	5
61	3	21	34	24	48	2	14
61	3	21	39	24	48	3	55
61	3	21	44	24	48	2	14
61	3	21	46	24	48	3	5
61	3	22	1	24	48	3	6
61	3	22	6	24	48	2	47
61	3	22	8	24	48	3	56
61	3	22	10	24	48	3	inf
61	3	22	13	24	48	3	inf
61	3	22	18	24	48	3	5
61	3	22	20	24	48	2	14
61	3	22	25	24	48	3	55
61	3	22	30	24	48	2	14
61	3	22	32	24	48	3	5
61	3	22	37	24	48	3	inf
61	3	22	42	24	48	3	56
61	3	22	44	24	48	2	47
61	3	23	4	24	48	3	5
61	3	23	6	24	48	2	14
61	3	23	11	24	48	3	55
61	3	23	16	24	48	2	14
61	3	23	18	24	48	3	5
61	3	23	23	24	48	3	inf
61	3	23	28	24	48	3	56
61	3	23	30	24	48	2	47
61	3	23	35	24	48	3	6
61	3	23	40	24	48	2	47
61	3	23	42	24	48	3	56
61	3	23	44	24	48	3	inf
61	3	23	47	24	48	3	inf
61	4	0	2	24	48	3	5
61	4	0	4	24	48	2	14
61	4	0	9	24	48	3	55
61	4	0	14	24	48	2	14
61	4	0	16	24	48	3	5
61	4	0	21	24	48	3	inf
61	4	0	26	24	48	3	56
61	4	0	28	24	48	2	47
61	4	0	33	24	48	3	6
61	4	0	38	24	48	2	47
61	4	0	40	24	48	3	56
61	4	0	42	24	48	3	inf
61	4	0	45	24	48	3	inf
61	4	1	0	24	48	2	14
61	4	1	2	24	48	3	5
61	4	1	7	24	48	3	inf
61	4	1	12	24	48	3	56
61	4	1	14	24	48	2	47
61	4	1	19	24	48	3	6
61	4	1	24	24	48	2	47
61	4	1	26	24	48	3	56
61	4	1	28	24	48	3	inf
61	4	1	31	24	48	3	inf
61	4	1	36	24	48	3	5
61	4	1	38	24	48	2	14
61	4	1	43	24	48	3	55
61	4	2	0	24	48	2	47
61	4	2	5	24	48	3	6
61	4	2	10	24	48	2	47
61	4	2	12	24	48	3	56
61	4	2	14	24	48	3	inf
61	4	2	17	24	48	3	inf
61	4	2	22	24	48	3	5
61	4	2	24	24	48	2	14
61	4	2	29	24	48	3	55
61	4	2	34	24	48	2	14
61	4	2	36	24	48	3	5
61	4	2	41	24	48	3	inf
61	4	2	46	24	48	3	56
61	4	3	0	24	48	3	inf
61	4	3	3	24	48	3	inf
61	4	3	8	24	48	3	5
61	4	3	10	24	48	2	14
61	4	3	15	24	48	3	55
61	4	3	20	24	48	2	14
61	4	3	22	24	48	3	5
61	4	3	27	24	48	3	inf
61	4	3	32	24	48	3	56
61	4	3	34	24	48	2	47
61	4	3	39	24	48	3	6
61	4	3	44	24	48	2	47
61	4	3	46	24	48	3	56
61	4	4	1	24	48	3	55
61	4	4	6	24	48	2	14
61	4	4	8	24	48	3	5
61	4	4	13	24	48	3	inf
61	4	4	18	24	48	3	56
61	4	4	20	24	48	2	47
61	4	4	25	24	48	3	6
61	4	4	30	24	48	2	47
61	4	4	32	24	48	3	56
61	4	4	34	24	48	3	inf
61	4	4	37	24	48	3	inf
61	4	4	42	24	48	3	5
61	4	4	44	24	48	2	14
61	4	5	4	24	48	3	56
61	4	5	6	24	48	2	47
61	4	5	11	24	48	3	6
61	4	5	16	24	48	2	47
61	4	5	18	24	48	3	56
61	4	5	20	24	48	3	inf
61	4	5	23	24	48	3	inf
61	4	5	28	24	48	3	5
61	4	5	30	24	48	2	14
61	4	5	35	24	48	3	55
61	4	5	40	24	48	2	14
61	4	5	42	24	48	3	5
61	4	5	47	24	48	3	inf
61	4	6	2	24	48	2	47
61	4	6	4	24	48	3	56
61	4	6	6	24	48	3	inf
61	4	6	9	24	48	3	inf
61	4	6	14	24	48	3	5
61	4	6	16	24	48	2	14
61	4	6	21	24	48	3	55
61	4	6	26	24	48	2	14
61	4	6	28	24	48	3	5
61	4	6	33	24	48	3	inf
61	4	6	38	24	48	3	56
61	4	6	40	24	48	2	47
61	4	6	45	24	48	3	6
61	4	7	0	24	48	3	5
61	4	7	2	24	48	2	14
61	4	7	7	24	48	3	55
61	4	7	12	24	48	2	14
61	4	7	14	24	48	3	5
61	4	7	19	24	48	3	inf
61	4	7	24	24	48	3	56
61	4	7	26	24	48	2	47
61	4	7	31	24	48	3	6
61	4	7	36	24	48	2	47
61	4	7	38	24	48	3	56
61	4	7	40	24	48	3	inf
61	4	7	43	24	48	3	inf
61	4	8	0	24	48	3	5
61	4	8	5	24	48	3	inf
61	4	8	10	24	48	3	56
61	4	8	12	24	48	2	47
61	4	8	17	24	48	3	6
61	4	8	22	24	48	2	47
61	4	8	24	24	48	3	56
61	4	8	26	24	48	3	inf
61	4	8	29	24	48	3	inf
61	4	8	34	24	48	3	5
61	4	8	36	24	48	2	14
61	4	8	41	24	48	3	55
61	4	8	46	24	48	2	14
61	4	9	3	24	48	3	6
61	4	9	8	24	48	2	47
61	4	9	10	24	48	3	56
61	4	9	12	24	48	3	inf
61	4	9	15	24	48	3	inf
61	4	9	20	24	48	3	5
61	4	9	22	24	48	2	14
61	4	9	27	24	48	3	55
61	4	9	32	24	48	2	14
61	4	9	34	24	48	3	5
61	4	9	39	24	48	3	inf
61	4	9	44	24	48	3	56
61	4	9	46	24	48	2	47
61	4	10	1	24	48	3	inf
61	4	10	6	24	48	3	5
61	4	10	8	24	48	2	14
61	4	10	13	24	48	3	55
61	4	10	18	24	48	2	14
61	4	10	20	24	48	3	5
61	4	10	25	24	48	3	inf
61	4	10	30	24	48	3	56
61	4	10	32	24	48	2	47
61	4	10	37	24	48	3	6
61	4	10	42	24	48	2	47
61	4	10	44	24	48	3	56
61	4	10	46	24	48	3	inf
61	4	11	4	24	48	2	14
61	4	11	6	24	48	3	5
61	4	11	11	24	48	3	inf
61	4	11	16	24	48	3	56
61	4	11	18	24	48	2	47
61	4	11	23	24	48	3	6
61	4	11	28	24	48	2	47
61	4	11	30	24	48	3	56
61	4	11	32	24	48	3	inf
61	4	11	35	24	48	3	inf
61	4	11	40	24	48	3	5
61	4	11	42	24	48	2	14
61	4	11	47	24	48	3	55
61	4	12	2	24	48	3	56
61	4	12	4	24	48	2	47
61	4	12	9	24	48	3	6
61	4	12	14	24	48	2	47
61	4	12	16	24	48	3	56
61	4	12	18	24	48	3	inf
61	4	12	21	24	48	3	inf
61	4	12	26	24	48	3	5
61	4	12	28	24	48	2	14
61	4	12	33	24	48	3	55
61	4	12	38	24	48	2	14
61	4	12	40	24	48	3	5
61	4	12	45	24	48	3	inf
61	4	13	0	24	48	2	47
61	4	13	2	24	48	3	56
61	4	13	4	24	48	3	inf
61	4	13	7	24	48	3	inf
61	4	13	12	24	48	3	5
61	4	13	14	24	48	2	14
61	4	13	19	24	48	3	55
61	4	13	24	24	48	2	14
61	4	13	26	24	48	3	5
61	4	13	31	24	48	3	inf
61	4	13	36	24	48	3	56
61	4	13	38	24	48	2	47
61	4	13	43	24	48	3	6
61	4	14	0	24	48	2	14
61	4	14	5	24	48	3	55
61	4	14	10	24	48	2	14
61	4	14	12	24	48	3	5
61	4	14	17	24	48	3	inf
61	4	14	22	24	48	3	56
61	4	14	24	24	48	2	47
61	4	14	29	24	48	3	6
61	4	14	34	24	48	2	47
61	4	14	36	24	48	3	56
61	4	14	38	24	48	3	inf
61	4	14	41	24	48	3	inf
61	4	14	46	24	48	3	5
61	4	15	3	24	48	3	inf
61	4	15	8	24	48	3	56
61	4	15	10	24	48	2	47
61	4	15	15	24	48	3	6
61	4	15	20	24	48	2	47
61	4	15	22	24	48	3	56
61	4	15	24	24	48	3	inf
61	4	15	27	24	48	3	inf
61	4	15	32	24	48	3	5
61	4	15	34	24	48	2	14
61	4	15	39	24	48	3	55
61	4	15	44	24	48	2	14
61	4	15	46	24	48	3	5
61	4	16	1	24	48	3	6
61	4	16	6	24	48	2	47
61	4	16	8	24	48	3	56
61	4	16	10	24	48	3	inf
61	4	16	13	24	48	3	inf
61	4	16	18	24	48	3	5
61	4	16	20	24	48	2	14
61	4	16	25	24	48	3	55
61	4	16	30	24	48	2	14
61	4	16	32	24	48	3	5
61	4	16	37	24	48	3	inf
61	4	16	42	24	48	3	56
61	4	16	44	24	48	2	47
61	4	17	4	24	48	3	5
61	4	17	6	24	48	2	14
61	4	17	11	24	48	3	55
61	4	17	16	24	48	2	14
61	4	17	18	24	48	3	5
61	4	17	23	24	48	3	inf
61	4	17	28	24	48	3	56
61	4	17	30	24	48	2	47
61	4	17	35	24	48	3	6
61	4	17	40	24	48	2	47
61	4	17	42	24	48	3	56
61	4	17	44	24	48	3	inf
61	4	17	47	24	48	3	inf
61	4	18	2	24	48	2	14
61	4	18	4	24	48	3	5
61	4	18	9	24	48	3	inf
61	4	18	14	24	48	3	56
61	4	18	16	24	48	2	47
61	4	18	21	24	48	3	6
61	4	18	26	24	48	2	47
61	4	18	28	24	48	3	56
61	4	18	30	24	48	3	inf
61	4	18	33	24	48	3	inf
61	4	18	38	24	48	3	5
61	4	18	40	24	48	2	14
61	4	18	45	24	48	3	55
61	4	19	0	24	48	3	56
61	4	19	2	24	48	2	47
61	4	19	7	24	48	3	6
61	4	19	12	24	48	2	47
61	4	19	14	24	48	3	56
61	4	19	16	24	48	3	inf
61	4	19	19	24	48	3	inf
61	4	19	24	24	48	3	5
61	4	19	26	24	48	2	14
61	4	19	31	24	48	3	55
61	4	19	36	24	48	2	14
61	4	19	38	24	48	3	5
61	4	19	43	24	48	3	inf
61	4	20	0	24	48	3	56
61	4	20	2	24	48	3	inf
61	4	20	5	24	48	3	inf
61	4	20	10	24	48	3	5
61	4	20	12	24	48	2	14
61	4	20	17	24	48	3	55
61	4	20	22	24	48	2	14
61	4	20	24	24	48	3	5
61	4	20	29	24	48	3	inf
61	4	20	34	24	48	3	56
61	4	20	36	24	48	2	47
61	4	20	41	24	48	3	6
61	4	20	46	24	48	2	47
61	4	21	3	24	48	3	55
61	4	21	8	24	48	2	14
61	4	21	10	24	48	3	5
61	4	21	15	24	48	3	inf
61	4	21	20	24	48	3	56
61	4	21	22	24	48	2	47
61	4	21	27	24	48	3	6
61	4	21	32	24	48	2	47
61	4	21	34	24	48	3	56
61	4	21	36	24	48	3	inf
61	4	21	39	24	48	3	inf
61	4	21	44	24	48	3	5
61	4	21	46	24	48	2	14
61	4	22	1	24	48	3	inf
61	4	22	6	24	48	3	56
61	4	22	8	24	48	2	47
61	4	22	13	24	48	3	6
61	4	22	18	24	48	2	47
61	4	22	20	24	48	3	56
61	4	22	22	24	48	3	inf
61	4	22	25	24	48	3	inf
61	4	22	30	24	48	3	5
61	4	22	32	24	48	2	14
61	4	22	37	24	48	3	55
61	4	22	42	24	48	2	14
61	4	22	44	24	48	3	5
61	4	23	4	24	48	2	47
61	4	23	6	24	48	3	56
61	4	23	8	24	48	3	inf
61	4	23	11	24	48	3	inf
61	4	23	16	24	48	3	5
61	4	23	18	24	48	2	14
61	4	23	23	24	48	3	55
61	4	23	28	24	48	2	14
61	4	23	30	24	48	3	5
61	4	23	35	24	48	3	inf
61	4	23	40	24	48	3	56
61	4	23	42	24	48	2	47
61	4	23	47	24	48	3	6
67	1	0	6	28	28	3	2
67	1	0	7	28	28	2	21
67	1	0	12	28	28	3	39
67	1	0	13	28	28	2	52
67	1	0	20	28	28	3	65
67	1	0	21	28	28	2	46
67	1	0	26	28	28	3	28
67	1	0	27	28	28	2	15
67	1	1	4	28	28	3	inf
67	1	1	5	28	28	2	52
67	1	1	6	28	28	3	39
67	1	1	11	28	28	2	21
67	1	1	12	28	28	3	2
67	1	1	19	28	28	2	15
67	1	1	20	28	28	3	28
67	1	1	25	28	28	2	46
67	1	1	26	28	28	3	65
67	1	2	0	28	28	3	2
67	1	2	1	28	28	2	21
67	1	2	6	28	28	3	39
67	1	2	7	28	28	2	52
67	1	2	14	28	28	3	65
67	1	2	15	28	28	2	46
67	1	2	20	28	28	3	28
67	1	2	21	28	28	2	15
67	1	3	0	28	28	3	39
67	1	3	5	28	28	2	21
67	1	3	6	28	28	3	2
67	1	3	13	28	28	2	15
67	1	3	14	28	28	3	28
67	1	3	19	28	28	2	46
67	1	3	20	28	28	3	65
67	1	3	26	28	28	3	inf
67	1	3	27	28	28	2	52
67	1	4	0	28	28	3	39
67	1	4	1	28	28	2	52
67	1	4	8	28	28	3	65
67	1	4	9	28	28	2	46
67	1	4	14	28	28	3	28
67	1	4	15	28	28	2	15
67	1	4	22	28	28	3	2
67	1	4	23	28	28	2	21
67	1	5	0	28	28	3	2
67	1	5	7	28	28	2	15
67	1	5	8	28	28	3	28
67	1	5	13	28	28	2	46
67	1	5	14	28	28	3	65
67	1	5	20	28	28	3	inf
67	1	5	21	28	28	2	52
67	1	5	22	28	28	3	39
67	1	5	27	28	28	2	21
67	1	6	2	28	28	3	65
67	1	6	3	28	28	2	46
67	1	6	8	28	28	3	28
67	1	6	9	28	28	2	15
67	1	6	16	28	28	3	2
67	1	6	17	28	28	2	21
67	1	6	22	28	28	3	39
67	1	6	23	28	28	2	52
67	1	7	1	28	28	2	15
67	1	7	2	28	28	3	28
67	1	7	7	28	28	2	46
67	1	7	8	28	28	3	65
67	1	7	14	28	28	3	inf
67	1	7	15	28	28	2	52
67	1	7	16	28	28	3	39
67	1	7	21	28	28	2	21
67	1	7	22	28	28	3	2
67	1	8	2	28	28	3	28
67	1	8	3	28	28	2	15
67	1	8	10	28	28	3	2
67	1	8	11	28	28	2	21
67	1	8	16	28	28	3	39
67	1	8	17	28	28	2	52
67	1	8	24	28	28	3	65
67	1	8	25	28	28	2	46
67	1	9	1	28	28	2	46
67	1	9	2	28	28	3	65
67	1	9	8	28	28	3	inf
67	1	9	9	28	28	2	52
67	1	9	10	28	28	3	39
67	1	9	15	28	28	2	21
67	1	9	16	28	28	3	2
67	1	9	23	28	28	2	15
67	1	9	24	28	28	3	28
67	1	10	4	28	28	3	2
67	1	10	5	28	28	2	21
67	1	10	10	28	28	3	39
67	1	10	11	28	28	2	52
67	1	10	18	28	28	3	65
67	1	10	19	28	28	2	46
67	1	10	24	28	28	3	28
67	1	10	25	28	28	2	15
67	1	11	2	28	28	3	inf
67	1	11	3	28	28	2	52
67	1	11	4	28	28	3	39
67	1	11	9	28	28	2	21
67	1	11	10	28	28	3	2
67	1	11	17	28	28	2	15
67	1	11	18	28	28	3	28
67	1	11	23	28	28	2	46
67	1	11	24	28	28	3	65
67	1	12	4	28	28	3	39
67	1	12	5	28	28	2	52
67	1	12	12	28	28	3	65
67	1	12	13	28	28	2	46
67	1	12	18	28	28	3	28
67	1	12	19	28	28	2	15
67	1	12	26	28	28	3	2
67	1	12	27	28	28	2	21
67	1	13	3	28	28	2	21
67	1	13	4	28	28	3	2
67	1	13	11	28	28	2	15
67	1	13	12	28	28	3	28
67	1	13	17	28	28	2	46
67	1	13	18	28	28	3	65
67	1	13	24	28	28	3	inf
67	1	13	25	28	28	2	52
67	1	13	26	28	28	3	39
67	1	14	6	28	28	3	65
67	1	14	7	28	28	2	46
67	1	14	12	28	28	3	28
67	1	14	13	28	28	2	15
67	1	14	20	28	28	3	2
67	1	14	21	28	28	2	21
67	1	14	26	28	28	3	39
67	1	14	27	28	28	2	52
67	1	15	5	28	28	2	15
67	1	15	6	28	28	3	28
67	1	15	11	28	28	2	46
67	1	15	12	28	28	3	65
67	1	15	18	28	28	3	inf
67	1	15	19	28	28	2	52
67	1	15	20	28	28	3	39
67	1	15	25	28	28	2	21
67	1	15	26	28	28	3	2
67	1	16	0	28	28	3	65
67	1	16	1	28	28	2	46
67	1	16	6	28	28	3	28
67	1	16	7	28	28	2	15
67	1	16	14	28	28	3	2
67	1	16	15	28	28	2	21
67	1	16	20	28	28	3	39
67	1	16	21	28	28	2	52
67	1	17	0	28	28	3	28
67	1	17	5	28	28	2	46
67	1	17	6	28	28	3	65
67	1	17	12	28	28	3	inf
67	1	17	13	28	28	2	52
67	1	17	14	28	28	3	39
67	1	17	19	28	28	2	21
67	1	17	20	28	28	3	2
67	1	17	27	28	28	2	15
67	1	18	0	28	28	3	28
67	1	18	1	28	28	2	15
67	1	18	8	28	28	3	2
67	1	18	9	28	28	2	21
67	1	18	14	28	28	3	39
67	1	18	15	28	28	2	52
67	1	18	22	28	28	3	65
67	1	18	23	28	28	2	46
67	1	19	0	28	28	3	65
67	1	19	6	28	28	3	inf
67	1	19	7	28	28	2	52
67	1	19	8	28	28	3	39
67	1	19	13	28	28	2	21
67	1	19	14	28	28	3	2
67	1	19	21	28	28	2	15
67	1	19	22	28	28	3	28
67	1	19	27	28	28	2	46
67	1	20	2	28	28	3	2
67	1	20	3	28	28	2	21
67	1	20	8	28	28	3	39
67	1	20	9	28	28	2	52
67	1	20	16	28	28	3	65
67	1	20	17	28	28	2	46
67	1	20	22	28	28	3	28
67	1	20	23	28	28	2	15
67	1	21	0	28	28	3	inf
67	1	21	1	28	28	2	52
67	1	21	2	28	28	3	39
67	1	21	7	28	28	2	21
67	1	21	8	28	28	3	2
67	1	21	15	28	28	2	15
67	1	21	16	28	28	3	28
67	1	21	21	28	28	2	46
67	1	21	22	28	28	3	65
67	1	22	2	28	28	3	39
67	1	22	3	28	28	2	52
67	1	22	10	28	28	3	65
67	1	22	11	28	28	2	46
67	1	22	16	28	28	3	28
67	1	22	17	28	28	2	15
67	1	22	24	28	28	3	2
67	1	22	25	28	28	2	21
67	1	23	1	28	28	2	21
67	1	23	2	28	28	3	2
67	1	23	9	28	28	2	15
67	1	23	10	28	28	3	28
67	1	23	15	28	28	2	46
67	1	23	16	28	28	3	65
67	1	23	22	28	28	3	inf
67	1	23	23	28	28	2	52
67	1	23	24	28	28	3	39
67	1	24	4	28	28	3	65
67	1	24	5	28	28	2	46
67	1	24	10	28	28	3	28
67	1	24	11	28	28	2	15
67	1	24	18	28	28	3	2
67	1	24	19	28	28	2	21
67	1	24	24	28	28	3	39
67	1	24	25	28	28	2	52
67	1	25	3	28	28	2	15
67	1	25	4	28	28	3	28
67	1	25	9	28	28	2	46
67	1	25	10	28	28	3	65
67	1	25	16	28	28	3	inf
67	1	25	17	28	28	2	52
67	1	25	18	28	28	3	39
67	1	25	23	28	28	2	21
67	1	25	24	28	28	3	2
67	1	26	4	28	28	3	28
67	1	26	5	28	28	2	15
67	1	26	12	28	28	3	2
67	1	26	13	28	28	2	21
67	1	26	18	28	28	3	39
67	1	26	19	28	28	2	52
67	1	26	26	28	28	3	65
67	1	26	27	28	28	2	46
67	1	27	3	28	28	2	46
67	1	27	4	28	28	3	65
67	1	27	10	28	28	3	inf
67	1	27	11	28	28	2	52
67	1	27	12	28	28	3	39
67	1	27	17	28	28	2	21
67	1	27	18	28	28	3	2
67	1	27	25	28	28	2	15
67	1	27	26	28	28	3	28
67	2	0	0	28	28	2	46
67	2	0	5	28	28	3	28
67	2	0	6	28	28	2	15
67	2	0	13	28	28	3	2
67	2	0	14	28	28	2	21
67	2	0	19	28	28	3	39
67	2	0	20	28	28	2	52
67	2	0	27	28	28	3	65
67	2	1	4	28	28	2	46
67	2	1	5	28	28	3	65
67	2	1	11	28	28	3	inf
67	2	1	12	28	28	2	52
67	2	1	13	28	28	3	39
67	2	1	18	28	28	2	21
67	2	1	19	28	28	3	2
67	2	1	26	28	28	2	15
67	2	1	27	28	28	3	28
67	2	2	0	28	28	2	15
67	2	2	7	28	28	3	2
67	2	2	8	28	28	2	21
67	2	2	13	28	28	3	39
67	2	2	14	28	28	2	52
67	2	2	21	28	28	3	65
67	2	2	22	28	28	2	46
67	2	2	27	28	28	3	28
67	2	3	5	28	28	3	inf
67	2	3	6	28	28	2	52
67	2	3	7	28	28	3	39
67	2	3	12	28	28	2	21
67	2	3	13	28	28	3	2
67	2	3	20	28	28	2	15
67	2	3	21	28	28	3	28
67	2	3	26	28	28	2	46
67	2	3	27	28	28	3	65
67	2	4	1	28	28	3	2
67	2	4	2	28	28	2	21
67	2	4	7	28	28	3	39
67	2	4	8	28	28	2	52
67	2	4	15	28	28	3	65
67	2	4	16	28	28	2	46
67	2	4	21	28	28	3	28
67	2	4	22	28	28	2	15
67	2	5	0	28	28	2	52
67	2	5	1	28	28	3	39
67	2	5	6	28	28	2	21
67	2	5	7	28	28	3	2
67	2	5	14	28	28	2	15
67	2	5	15	28	28	3	28
67	2	5	20	28	28	2	46
67	2	5	21	28	28	3	65
67	2	5	27	28	28	3	inf
67	2	6	1	28	28	3	39
67	2	6	2	28	28	2	52
67	2	6	9	28	28	3	65
67	2	6	10	28	28	2	46
67	2	6	15	28	28	3	28
67	2	6	16	28	28	2	15
67	2	6	23	28	28	3	2
67	2	6	24	28	28	2	21
67	2	7	0	28	28	2	21
67	2	7	1	28	28	3	2
67	2	7	8	28	28	2	15
67	2	7	9	28	28	3	28
67	2	7	14	28	28	2	46
67	2	7	15	28	28	3	65
67	2	7	21	28	28	3	inf
67	2	7	22	28	28	2	52
67	2	7	23	28	28	3	39
67	2	8	3	28	28	3	65
67	2	8	4	28	28	2	46
67	2	8	9	28	28	3	28
67	2	8	10	28	28	2	15
67	2	8	17	28	28	3	2
67	2	8	18	28	28	2	21
67	2	8	23	28	28	3	39
67	2	8	24	28	28	2	52
67	2	9	2	28	28	2	15
67	2	9	3	28	28	3	28
67	2	9	8	28	28	2	46
67	2	9	9	28	28	3	65
67	2	9	15	28	28	3	inf
67	2	9	16	28	28	2	52
67	2	9	17	28	28	3	39
67	2	9	22	28	28	2	21
67	2	9	23	28	28	3	2
67	2	10	3	28	28	3	28
67	2	10	4	28	28	2	15
67	2	10	11	28	28	3	2
67	2	10	12	28	28	2	21
67	2	10	17	28	28	3	39
67	2	10	18	28	28	2	52
67	2	10	25	28	28	3	65
67	2	10	26	28	28	2	46
67	2	11	2	28	28	2	46
67	2	11	3	28	28	3	65
67	2	11	9	28	28	3	inf
67	2	11	10	28	28	2	52
67	2	11	11	28	28	3	39
67	2	11	16	28	28	2	21
67	2	11	17	28	28	3	2
67	2	11	24	28	28	2	15
67	2	11	25	28	28	3	28
67	2	12	5	28	28	3	2
67	2	12	6	28	28	2	21
67	2	12	11	28	28	3	39
67	2	12	12	28	28	2	52
67	2	12	19	28	28	3	65
67	2	12	20	28	28	2	46
67	2	12	25	28	28	3	28
67	2	12	26	28	28	2	15
67	2	13	3	28	28	3	inf
67	2	13	4	28	28	2	52
67	2	13	5	28	28	3	39
67	2	13	10	28	28	2	21
67	2	13	11	28	28	3	2
67	2	13	18	28	28	2	15
67	2	13	19	28	28	3	28
67	2	13	24	28	28	2	46
67	2	13	25	28	28	3	65
67	2	14	0	28	28	2	21
67	2	14	5	28	28	3	39
67	2	14	6	28	28	2	52
67	2	14	13	28	28	3	65
67	2	14	14	28	28	2	46
67	2	14	19	28	28	3	28
67	2	14	20	28	28	2	15
67	2	14	27	28	28	3	2
67	2	15	4	28	28	2	21
67	2	15	5	28	28	3	2
67	2	15	12	28	28	2	15
67	2	15	13	28	28	3	28
67	2	15	18	28	28	2	46
67	2	15	19	28	28	3	65
67	2	15	25	28	28	3	inf
67	2	15	26	28	28	2	52
67	2	15	27	28	28	3	39
67	2	16	0	28	28	2	52
67	2	16	7	28	28	3	65
67	2	16	8	28	28	2	46
67	2	16	13	28	28	3	28
67	2	16	14	28	28	2	15
67	2	16	21	28	28	3	2
67	2	16	22	28	28	2	21
67	2	16	27	28	28	3	39
67	2	17	6	28	28	2	15
67	2	17	7	28	28	3	28
67	2	17	12	28	28	2	46
67	2	17	13	28	28	3	65
67	2	17	19	28	28	3	inf
67	2	17	20	28	28	2	52
67	2	17	21	28	28	3	39
67	2	17	26	28	28	2	21
67	2	17	27	28	28	3	2
67	2	18	1	28	28	3	65
67	2	18	2	28	28	2	46
67	2	18	7	28	28	3	28
67	2	18	8	28	28	2	15
67	2	18	15	28	28	3	2
67	2	18	16	28	28	2	21
67	2	18	21	28	28	3	39
67	2	18	22	28	28	2	52
67	2	19	0	28	28	2	15
67	2	19	1	28	28	3	28
67	2	19	6	28	28	2	46
67	2	19	7	28	28	3	65
67	2	19	13	28	28	3	inf
67	2	19	14	28	28	2	52
67	2	19	15	28	28	3	39
67	2	19	20	28	28	2	21
67	2	19	21	28	28	3	2
67	2	20	1	28	28	3	28
67	2	20	2	28	28	2	15
67	2	20	9	28	28	3	2
67	2	20	10	28	28	2	21
67	2	20	15	28	28	3	39
67	2	20	16	28	28	2	52
67	2	20	23	28	28	3	65
67	2	20	24	28	28	2	46
67	2	21	0	28	28	2	46
67	2	21	1	28	28	3	65
67	2	21	7	28	28	3	inf
67	2	21	8	28	28	2	52
67	2	21	9	28	28	3	39
67	2	21	14	28	28	2	21
67	2	21	15	28	28	3	2
67	2	21	22	28	28	2	15
67	2	21	23	28	28	3	28
67	2	22	3	28	28	3	2
67	2	22	4	28	28	2	21
67	2	22	9	28	28	3	39
67	2	22	10	28	28	2	52
67	2	22	17	28	28	3	65
67	2	22	18	28	28	2	46
67	2	22	23	28	28	3	28
67	2	22	24	28	28	2	15
67	2	23	1	28	28	3	inf
67	2	23	2	28	28	2	52
67	2	23	3	28	28	3	39
67	2	23	8	28	28	2	21
67	2	23	9	28	28	3	2
67	2	23	16	28	28	2	15
67	2	23	17	28	28	3	28
67	2	23	22	28	28	2	46
67	2	23	23	28	28	3	65
67	2	24	3	28	28	3	39
67	2	24	4	28	28	2	52
67	2	24	11	28	28	3	65
67	2	24	12	28	28	2	46
67	2	24	17	28	28	3	28
67	2	24	18	28	28	2	15
67	2	24	25	28	28	3	2
67	2	24	26	28	28	2	21
67	2	25	2	28	28	2	21
67	2	25	3	28	28	3	2
67	2	25	10	28	28	2	15
67	2	25	11	28	28	3	28
67	2	25	16	28	28	2	46
67	2	25	17	28	28	3	65
67	2	25	23	28	28	3	inf
67	2	25	24	28	28	2	52
67	2	25	25	28	28	3	39
67	2	26	5	28	28	3	65
67	2	26	6	28	28	2	46
67	2	26	11	28	28	3	28
67	2	26	12	28	28	2	15
67	2	26	19	28	28	3	2
67	2	26	20	28	28	2	21
67	2	26	25	28	28	3	39
67	2	26	26	28	28	2	52
67	2	27	4	28	28	2	15
67	2	27	5	28	28	3	28
67	2	27	10	28	28	2	46
67	2	27	11	28	28	3	65
67	2	27	17	28	28	3	inf
67	2	27	18	28	28	2	52
67	2	27	19	28	28	3	39
67	2	27	24	28	28	2	21
67	2	27	25	28	28	3	2
67	3	0	6	28	28	3	65
67	3	0	7	28	28	2	46
67	3	0	12	28	28	3	28
67	3	0	13	28	28	2	15
67	3	0	20	28	28	3	2
67	3	0	21	28	28	2	21
67	3	0	26	28	28	3	39
67	3	0	27	28	28	2	52
67	3	1	5	28	28	2	15
67	3	1	6	28	28	3	28
67	3	1	11	28	28	2	46
67	3	1	12	28	28	3	65
67	3	1	18	28	28	3	inf
67	3	1	19	28	28	2	52
67	3	1	20	28	28	3	39
67	3	1	25	28	28	2	21
67	3	1	26	28	28	3	2
67	3	2	0	28	28	3	65
67	3	2	1	28	28	2	46
67	3	2	6	28	28	3	28
67	3	2	7	28	28	2	15
67	3	2	14	28	28	3	2
67	3	2	15	28	28	2	21
67	3	2	20	28	28	3	39
67	3	2	21	28	28	2	52
67	3	3	0	28	28	3	28
67	3	3	5	28	28	2	46
67	3	3	6	28	28	3	65
67	3	3	12	28	28	3	inf
67	3	3	13	28	28	2	52
67	3	3	14	28	28	3	39
67	3	3	19	28	28	2	21
67	3	3	20	28	28	3	2
67	3	3	27	28	28	2	15
67	3	4	0	28	28	3	28
67	3	4	1	28	28	2	15
67	3	4	8	28	28	3	2
67	3	4	9	28	28	2	21
67	3	4	14	28	28	3	39
67	3	4	15	28	28	2	52
67	3	4	22	28	28	3	65
67	3	4	23	28	28	2	46
67	3	5	0	28	28	3	65
67	3	5	6	28	28	3	inf
67	3	5	7	28	28	2	52
67	3	5	8	28	28	3	39
67	3	5	13	28	28	2	21
67	3	5	14	28	28	3	2
67	3	5	21	28	28	2	15
67	3	5	22	28	28	3	28
67	3	5	27	28	28	2	46
67	3	6	2	28	28	3	2
67	3	6	3	28	28	2	21
67	3	6	8	28	28	3	39
67	3	6	9	28	28	2	52
67	3	6	16	28	28	3	65
67	3	6	17	28	28	2	46
67	3	6	22	28	28	3	28
67	3	6	23	28	28	2	15
67	3	7	0	28	28	3	inf
67	3	7	1	28	28	2	52
67	3	7	2	28	28	3	39
67	3	7	7	28	28	2	21
67	3	7	8	28	28	3	2
67	3	7	15	28	28	2	15
67	3	7	16	28	28	3	28
67	3	7	21	28	28	2	46
67	3	7	22	28	28	3	65
67	3	8	2	28	28	3	39
67	3	8	3	28	28	2	52
67	3	8	10	28	28	3	65
67	3	8	11	28	28	2	46
67	3	8	16	28	28	3	28
67	3	8	17	28	28	2	15
67	3	8	24	28	28	3	2
67	3	8	25	28	28	2	21
67	3	9	1	28	28	2	21
67	3	9	2	28	28	3	2
67	3	9	9	28	28	2	15
67	3	9	10	28	28	3	28
67	3	9	15	28	28	2	46
67	3	9	16	28	28	3	65
67	3	9	22	28	28	3	inf
67	3	9	23	28	28	2	52
67	3	9	24	28	28	3	39
67	3	10	4	28	28	3	65
67	3	10	5	28	28	2	46
67	3	10	10	28	28	3	28
67	3	10	11	28	28	2	15
67	3	10	18	28	28	3	2
67	3	10	19	28	28	2	21
67	3	10	24	28	28	3	39
67	3	10	25	28	28	2	52
67	3	11	3	28	28	2	15
67	3	11	4	28	28	3	28
67	3	11	9	28	28	2	46
67	3	11	10	28	28	3	65
67	3	11	16	28	28	3	inf
67	3	11	17	28	28	2	52
67	3	11	18	28	28	3	39
67	3	11	23	28	28	2	21
67	3	11	24	28	28	3	2
67	3	12	4	28	28	3	28
67	3	12	5	28	28	2	15
67	3	12	12	28	28	3	2
67	3	12	13	28	28	2	21
67	3	12	18	28	28	3	39
67	3	12	19	28	28	2	52
67	3	12	26	28	28	3	65
67	3	12	27	28	28	2	46
67	3	13	3	28	28	2	46
67	3	13	4	28	28	3	65
67	3	13	10	28	28	3	inf
67	3	13	11	28	28	2	52
67	3	13	12	28	28	3	39
67	3	13	17	28	28	2	21
67	3	13	18	28	28	3	2
67	3	13	25	28	28	2	15
67	3	13	26	28	28	3	28
67	3	14	6	28	28	3	2
67	3	14	7	28	28	2	21
67	3	14	12	28	28	3	39
67	3	14	13	28	28	2	52
67	3	14	20	28	28	3	65
67	3	14	21	28	28	2	46
67	3	14	26	28	28	3	28
67	3	14	27	28	28	2	15
67	3	15	4	28	28	3	inf
67	3	15	5	28	28	2	52
67	3	15	6	28	28	3	39
67	3	15	11	28	28	2	21
67	3	15	12	28	28	3	2
67	3	15	19	28	28	2	15
67	3	15	20	28	28	3	28
67	3	15	25	28	28	2	46
67	3	15	26	28	28	3	65
67	3	16	0	28	28	3	2
67	3	16	1	28	28	2	21
67	3	16	6	28	28	3	39
67	3	16	7	28	28	2	52
67	3	16	14	28	28	3	65
67	3	16	15	28	28	2	46
67	3	16	20	28	28	3	28
67	3	16	21	28	28	2	15
67	3	17	0	28	28	3	39
67	3	17	5	28	28	2	21
67	3	17	6	28	28	3	2
67	3	17	13	28	28	2	15
67	3	17	14	28	28	3	28
67	3	17	19	28	28	2	46
67	3	17	20	28	28	3	65
67	3	17	26	28	28	3	inf
67	3	17	27	28	28	2	52
67	3	18	0	28	28	3	39
67	3	18	1	28	28	2	52
67	3	18	8	28	28	3	65
67	3	18	9	28	28	2	46
67	3	18	14	28	28	3	28
67	3	18	15	28	28	2	15
67	3	18	22	28	28	3	2
67	3	18	23	28	28	2	21
67	3	19	0	28	28	3	2
67	3	19	7	28	28	2	15
67	3	19	8	28	28	3	28
67	3	19	13	28	28	2	46
67	3	19	14	28	28	3	65
67	3	19	20	28	28	3	inf
67	3	19	21	28	28	2	52
67	3	19	22	28	28	3	39
67	3	19	27	28	28	2	21
67	3	20	2	28	28	3	65
67	3	20	3	28	28	2	46
67	3	20	8	28	28	3	28
67	3	20	9	28	28	2	15
67	3	20	16	28	28	3	2
67	3	20	17	28	28	2	21
67	3	20	22	28	28	3	39
67	3	20	23	28	28	2	52
67	3	21	1	28	28	2	15
67	3	21	2	28	28	3	28
67	3	21	7	28	28	2	46
67	3	21	8	28	28	3	65
67	3	21	14	28	28	3	inf
67	3	21	15	28	28	2	52
67	3	21	16	28	28	3	39
67	3	21	21	28	28	2	21
67	3	21	22	28	28	3	2
67	3	22	2	28	28	3	28
67	3	22	3	28	28	2	15
67	3	22	10	28	28	3	2
67	3	22	11	28	28	2	21
67	3	22	16	28	28	3	39
67	3	22	17	28	28	2	52
67	3	22	24	28	28	3	65
67	3	22	25	28	28	2	46
67	3	23	1	28	28	2	46
67	3	23	2	28	28	3	65
67	3	23	8	28	28	3	inf
67	3	23	9	28	28	2	52
67	3	23	10	28	28	3	39
67	3	23	15	28	28	2	21
67	3	23	16	28	28	3	2
67	3	23	23	28	28	2	15
67	3	23	24	28	28	3	28
67	3	24	4	28	28	3	2
67	3	24	5	28	28	2	21
67	3	24	10	28	28	3	39
67	3	24	11	28	28	2	52
67	3	24	18	28	28	3	65
67	3	24	19	28	28	2	46
67	3	24	24	28	28	3	28
67	3	24	25	28	28	2	15
67	3	25	2	28	28	3	inf
67	3	25	3	28	28	2	52
67	3	25	4	28	28	3	39
67	3	25	9	28	28	2	21
67	3	25	10	28	28	3	2
67	3	25	17	28	28	2	15
67	3	25	18	28	28	3	28
67	3	25	23	28	28	2	46
67	3	25	24	28	28	3	65
67	3	26	4	28	28	3	39
67	3	26	5	28	28	2	52
67	3	26	12	28	28	3	65
67	3	26	13	28	28	2	46
67	3	26	18	28	28	3	28
67	3	26	19	28	28	2	15
67	3	26	26	28	28	3	2
67	3	26	27	28	28	2	21
67	3	27	3	28	28	2	21
67	3	27	4	28	28	3	2
67	3	27	11	28	28	2	15
67	3	27	12	28	28	3	28
67	3	27	17	28	28	2	46
67	3	27	18	28	28	3	65
67	3	27	24	28	28	3	inf
67	3	27	25	28	28	2	52
67	3	27	26	28	28	3	39
67	4	0	0	28	28	2	21
67	4	0	5	28	28	3	39
67	4	0	6	28	28	2	52
67	4	0	13	28	28	3	65
67	4	0	14	28	28	2	46
67	4	0	19	28	28	3	28
67	4	0	20	28	28	2	15
67	4	0	27	28	28	3	2
67	4	1	4	28	28	2	21
67	4	1	5	28	28	3	2
67	4	1	12	28	28	2	15
67	4	1	13	28	28	3	28
67	4	1	18	28	28	2	46
67	4	1	19	28	28	3	65
67	4	1	25	28	28	3	inf
67	4	1	26	28	28	2	52
67	4	1	27	28	28	3	39
67	4	2	0	28	28	2	52
67	4	2	7	28	28	3	65
67	4	2	8	28	28	2	46
67	4	2	13	28	28	3	28
67	4	2	14	28	28	2	15
67	4	2	21	28	28	3	2
67	4	2	22	28	28	2	21
67	4	2	27	28	28	3	39
67	4	3	6	28	28	2	15
67	4	3	7	28	28	3	28
67	4	3	12	28	28	2	46
67	4	3	13	28	28	3	65
67	4	3	19	28	28	3	inf
67	4	3	20	28	28	2	52
67	4	3	21	28	28	3	39
67	4	3	26	28	28	2	21
67	4	3	27	28	28	3	2
67	4	4	1	28	28	3	65
67	4	4	2	28	28	2	46
67	4	4	7	28	28	3	28
67	4	4	8	28	28	2	15
67	4	4	15	28	28	3	2
67	4	4	16	28	28	2	21
67	4	4	21	28	28	3	39
67	4	4	22	28	28	2	52
67	4	5	0	28	28	2	15
67	4	5	1	28	28	3	28
67	4	5	6	28	28	2	46
67	4	5	7	28	28	3	65
67	4	5	13	28	28	3	inf
67	4	5	14	28	28	2	52
67	4	5	15	28	28	3	39
67	4	5	20	28	28	2	21
67	4	5	21	28	28	3	2
67	4	6	1	28	28	3	28
67	4	6	2	28	28	2	15
67	4	6	9	28	28	3	2
67	4	6	10	28	28	2	21
67	4	6	15	28	28	3	39
67	4	6	16	28	28	2	52
67	4	6	23	28	28	3	65
67	4	6	24	28	28	2	46
67	4	7	0	28	28	2	46
67	4	7	1	28	28	3	65
67	4	7	7	28	28	3	inf
67	4	7	8	28	28	2	52
67	4	7	9	28	28	3	39
67	4	7	14	28	28	2	21
67	4	7	15	28	28	3	2
67	4	7	22	28	28	2	15
67	4	7	23	28	28	3	28
67	4	8	3	28	28	3	2
67	4	8	4	28	28	2	21
67	4	8	9	28	28	3	39
67	4	8	10	28	28	2	52
67	4	8	17	28	28	3	65
67	4	8	18	28	28	2	46
67	4	8	23	28	28	3	28
67	4	8	24	28	28	2	15
67	4	9	1	28	28	3	inf
67	4	9	2	28	28	2	52
67	4	9	3	28	28	3	39
67	4	9	8	28	28	2	21
67	4	9	9	28	28	3	2
67	4	9	16	28	28	2	15
67	4	9	17	28	28	3	28
67	4	9	22	28	28	2	46
67	4	9	23	28	28	3	65
67	4	10	3	28	28	3	39
67	4	10	4	28	28	2	52
67	4	10	11	28	28	3	65
67	4	10	12	28	28	2	46
67	4	10	17	28	28	3	28
67	4	10	18	28	28	2	15
67	4	10	25	28	28	3	2
67	4	10	26	28	28	2	21
67	4	11	2	28	28	2	21
67	4	11	3	28	28	3	2
67	4	11	10	28	28	2	15
67	4	11	11	28	28	3	28
67	4	11	16	28	28	2	46
67	4	11	17	28	28	3	65
67	4	11	23	28	28	3	inf
67	4	11	24	28	28	2	52
67	4	11	25	28	28	3	39
67	4	12	5	28	28	3	65
67	4	12	6	28	28	2	46
67	4	12	11	28	28	3	28
67	4	12	12	28	28	2	15
67	4	12	19	28	28	3	2
67	4	12	20	28	28	2	21
67	4	12	25	28	28	3	39
67	4	12	26	28	28	2	52
67	4	13	4	28	28	2	15
67	4	13	5	28	28	3	28
67	4	13	10	28	28	2	46
67	4	13	11	28	28	3	65
67	4	13	17	28	28	3	inf
67	4	13	18	28	28	2	52
67	4	13	19	28	28	3	39
67	4	13	24	28	28	2	21
67	4	13	25	28	28	3	2
67	4	14	0	28	28	2	46
67	4	14	5	28	28	3	28
67	4	14	6	28	28	2	15
67	4	14	13	28	28	3	2
67	4	14	14	28	28	2	21
67	4	14	19	28	28	3	39
67	4	14	20	28	28	2	52
67	4	14	27	28	28	3	65
67	4	15	4	28	28	2	46
67	4	15	5	28	28	3	65
67	4	15	11	28	28	3	inf
67	4	15	12	28	28	2	52
67	4	15	13	28	28	3	39
67	4	15	18	28	28	2	21
67	4	15	19	28	28	3	2
67	4	15	26	28	28	2	15
67	4	15	27	28	28	3	28
67	4	16	0	28	28	2	15
67	4	16	7	28	28	3	2
67	4	16	8	28	28	2	21
67	4	16	13	28	28	3	39
67	4	16	14	28	28	2	52
67	4	16	21	28	28	3	65
67	4	16	22	28	28	2	46
67	4	16	27	28	28	3	28
67	4	17	5	28	28	3	inf
67	4	17	6	28	28	2	52
67	4	17	7	28	28	3	39
67	4	17	12	28	28	2	21
67	4	17	13	28	28	3	2
67	4	17	20	28	28	2	15
67	4	17	21	28	28	3	28
67	4	17	26	28	28	2	46
67	4	17	27	28	28	3	65
67	4	18	1	28	28	3	2
67	4	18	2	28	28	2	21
67	4	18	7	28	28	3	39
67	4	18	8	28	28	2	52
67	4	18	15	28	28	3	65
67	4	18	16	28	28	2	46
67	4	18	21	28	28	3	28
67	4	18	22	28	28	2	15
67	4	19	0	28	28	2	52
67	4	19	1	28	28	3	39
67	4	19	6	28	28	2	21
67	4	19	7	28	28	3	2
67	4	19	14	28	28	2	15
67	4	19	15	28	28	3	28
67	4	19	20	28	28	2	46
67	4	19	21	28	28	3	65
67	4	19	27	28	28	3	inf
67	4	20	1	28	28	3	39
67	4	20	2	28	28	2	52
67	4	20	9	28	28	3	65
67	4	20	10	28	28	2	46
67	4	20	15	28	28	3	28
67	4	20	16	28	28	2	15
67	4	20	23	28	28	3	2
67	4	20	24	28	28	2	21
67	4	21	0	28	28	2	21
67	4	21	1	28	28	3	2
67	4	21	8	28	28	2	15
67	4	21	9	28	28	3	28
67	4	21	14	28	28	2	46
67	4	21	15	28	28	3	65
67	4	21	21	28	28	3	inf
67	4	21	22	28	28	2	52
67	4	21	23	28	28	3	39
67	4	22	3	28	28	3	65
67	4	22	4	28	28	2	46
67	4	22	9	28	28	3	28
67	4	22	10	28	28	2	15
67	4	22	17	28	28	3	2
67	4	22	18	28	28	2	21
67	4	22	23	28	28	3	39
67	4	22	24	28	28	2	52
67	4	23	2	28	28	2	15
67	4	23	3	28	28	3	28
67	4	23	8	28	28	2	46
67	4	23	9	28	28	3	65
67	4	23	15	28	28	3	inf
67	4	23	16	28	28	2	52
67	4	23	17	28	28	3	39
67	4	23	22	28	28	2	21
67	4	23	23	28	28	3	2
67	4	24	3	28	28	3	28
67	4	24	4	28	28	2	15
67	4	24	11	28	28	3	2
67	4	24	12	28	28	2	21
67	4	24	17	28	28	3	39
67	4	24	18	28	28	2	52
67	4	24	25	28	28	3	65
67	4	24	26	28	28	2	46
67	4	25	2	28	28	2	46
67	4	25	3	28	28	3	65
67	4	25	9	28	28	3	inf
67	4	25	10	28	28	2	52
67	4	25	11	28	28	3	39
67	4	25	16	28	28	2	21
67	4	25	17	28	28	3	2
67	4	25	24	28	28	2	15
67	4	25	25	28	28	3	28
67	4	26	5	28	28	3	2
67	4	26	6	28	28	2	21
67	4	26	11	28	28	3	39
67	4	26	12	28	28	2	52
67	4	26	19	28	28	3	65
67	4	26	20	28	28	2	46
67	4	26	25	28	28	3	28
67	4	26	26	28	28	2	15
67	4	27	3	28	28	3	inf
67	4	27	4	28	28	2	52
67	4	27	5	28	28	3	39
67	4	27	10	28	28	2	21
67	4	27	11	28	28	3	2
67	4	27	18	28	28	2	15
67	4	27	19	28	28	3	28
67	4	27	24	28	28	2	46
67	4	27	25	28	28	3	65
71	1	0	0	42	6	2	1
71	1	0	2	42	6	2	32
71	1	0	3	42	6	2	70
71	1	0	5	42	6	2	39
71	1	1	1	42	6	2	1
71	1	1	2	42	6	2	39
71	1	1	4	42	6	2	70
71	1	1	5	42	6	2	32
71	1	3	2	42	6	3	68
71	1	3	5	42	6	3	3
71	1	4	0	42	6	3	55
71	1	4	1	42	6	2	41
71	1	4	2	42	6	2	30
71	1	4	3	42	6	3	16
71	1	4	4	42	6	2	30
71	1	4	5	42	6	2	41
71	1	5	1	42	6	3	3
71	1	5	4	42	6	3	68
71	1	6	4	42	6	3	inf
71	1	7	1	42	6	2	32
71	1	7	2	42	6	2	70
71	1	7	4	42	6	2	39
71	1	7	5	42	6	2	1
71	1	8	0	42	6	2	1
71	1	8	1	42	6	2	39
71	1	8	3	42	6	2	70
71	1	8	4	42	6	2	32
71	1	10	1	42	6	3	68
71	1	10	4	42	6	3	3
71	1	11	0	42	6	2	41
71	1	11	1	42	6	2	30
71	1	11	2	42	6	3	16
71	1	11	3	42	6	2	30
71	1	11	4	42	6	2	41
71	1	11	5	42	6	3	55
71	1	12	0	42	6	3	3
71	1	12	3	42	6	3	68
71	1	13	3	42	6	3	inf
71	1	14	0	42	6	2	32
71	1	14	1	42	6	2	70
71	1	14	3	42	6	2	39
71	1	14	4	42	6	2	1
71	1	15	0	42	6	2	39
71	1	15	2	42	6	2	70
71	1	15	3	42	6	2	32
71	1	15	5	42	6	2	1
71	1	17	0	42	6	3	68
71	1	17	3	42	6	3	3
71	1	18	0	42	6	2	30
71	1	18	1	42	6	3	16
71	1	18	2	42	6	2	30
71	1	18	3	42	6	2	41
71	1	18	4	42	6	3	55
71	1	18	5	42	6	2	41
71	1	19	2	42	6	3	68
71	1	19	5	42	6	3	3
71	1	20	2	42	6	3	inf
71	1	21	0	42	6	2	70
71	1	21	2	42	6	2	39
71	1	21	3	42	6	2	1
71	1	21	5	42	6	2	32
71	1	22	1	42	6	2	70
71	1	22	2	42	6	2	32
71	1	22	4	42	6	2	1
71	1	22	5	42	6	2	39
71	1	24	2	42	6	3	3
71	1	24	5	42	6	3	68
71	1	25	0	42	6	3	16
71	1	25	1	42	6	2	30
71	1	25	2	42	6	2	41
71	1	25	3	42	6	3	55
71	1	25	4	42	6	2	41
71	1	25	5	42	6	2	30
71	1	26	1	42	6	3	68
71	1	26	4	42	6	3	3
71	1	27	1	42	6	3	inf
71	1	28	1	42	6	2	39
71	1	28	2	42	6	2	1
71	1	28	4	42	6	2	32
71	1	28	5	42	6	2	70
71	1	29	0	42	6	2	70
71	1	29	1	42	6	2	32
71	1	29	3	42	6	2	1
71	1	29	4	42	6	2	39
71	1	31	1	42	6	3	3
71	1	31	4	42	6	3	68
71	1	32	0	42	6	2	30
71	1	32	1	42	6	2	41
71	1	32	2	42	6	3	55
71	1	32	3	42	6	2	41
71	1	32	4	42	6	2	30
71	1	32	5	42	6	3	16
71	1	33	0	42	6	3	68
71	1	33	3	42	6	3	3
71	1	34	0	42	6	3	inf
71	1	35	0	42	6	2	39
71	1	35	1	42	6	2	1
71	1	35	3	42	6	2	32
71	1	35	4	42	6	2	70
71	1	36	0	42	6	2	32
71	1	36	2	42	6	2	1
71	1	36	3	42	6	2	39
71	1	36	5	42	6	2	70
71	1	38	0	42	6	3	3
71	1	38	3	42	6	3	68
71	1	39	0	42	6	2	41
71	1	39	1	42	6	3	55
71	1	39	2	42	6	2	41
71	1	39	3	42	6	2	30
71	1	39	4	42	6	3	16
71	1	39	5	42	6	2	30
71	1	40	2	42	6	3	3
71	1	40	5	42	6	3	68
71	1	41	5	42	6	3	inf
71	2	2	2	42	6	2	43
71	2	2	5	42	6	2	28
71	2	4	0	42	6	3	0
71	2	4	3	42	6	3	0
71	2	6	1	42	6	2	43
71	2	6	4	42	6	2	28
71	2	9	1	42	6	2	43
71	2	9	4	42	6	2	28
71	2	11	2	42	6	3	0
71	2	11	5	42	6	3	0
71	2	13	0	42	6	2	43
71	2	13	3	42	6	2	28
71	2	16	0	42	6	2	43
71	2	16	3	42	6	2	28
71	2	18	1	42	6	3	0
71	2	18	4	42	6	3	0
71	2	20	2	42	6	2	28
71	2	20	5	42	6	2	43
71	2	23	2	42	6	2	28
71	2	23	5	42	6	2	43
71	2	25	0	42	6	3	0
71	2	25	3	42	6	3	0
71	2	27	1	42	6	2	28
71	2	27	4	42	6	2	43
71	2	30	1	42	6	2	28
71	2	30	4	42	6	2	43
71	2	32	2	42	6	3	0
71	2	32	5	42	6	3	0
71	2	34	0	42	6	2	28
71	2	34	3	42	6	2	43
71	2	37	0	42	6	2	28
71	2	37	3	42	6	2	43
71	2	39	1	42	6	3	0
71	2	39	4	42	6	3	0
71	2	41	2	42	6	2	43
71	2	41	5	42	6	2	28
71	3	0	0	42	6	2	70
71	3	0	2	42	6	2	39
71	3	0	3	42	6	2	1
71	3	0	5	42	6	2	32
71	3	1	1	42	6	2	70
71	3	1	2	42	6	2	32
71	3	1	4	42	6	2	1
71	3	1	5	42	6	2	39
71	3	3	2	42	6	3	3
71	3	3	5	42	6	3	68
71	3	4	0	42	6	3	16
71	3	4	1	42	6	2	30
71	3	4	2	42	6	2	41
71	3	4	3	42	6	3	55
71	3	4	4	42	6	2	41
71	3	4	5	42	6	2	30
71	3	5	1	42	6	3	68
71	3	5	4	42	6	3	3
71	3	6	1	42	6	3	inf
71	3	7	1	42	6	2	39
71	3	7	2	42	6	2	1
71	3	7	4	42	6	2	32
71	3	7	5	42	6	2	70
71	3	8	0	42	6	2	70
71	3	8	1	42	6	2	32
71	3	8	3	42	6	2	1
71	3	8	4	42	6	2	39
71	3	10	1	42	6	3	3
71	3	10	4	42	6	3	68
71	3	11	0	42	6	2	30
71	3	11	1	42	6	2	41
71	3	11	2	42	6	3	55
71	3	11	3	42	6	2	41
71	3	11	4	42	6	2	30
71	3	11	5	42	6	3	16
71	3	12	0	42	6	3	68
71	3	12	3	42	6	3	3
71	3	13	0	42	6	3	inf
71	3	14	0	42	6	2	39
71	3	14	1	42	6	2	1
71	3	14	3	42	6	2	32
71	3	14	4	42	6	2	70
71	3	15	0	42	6	2	32
71	3	15	2	42	6	2	1
71	3	15	3	42	6	2	39
71	3	15	5	42	6	2	70
71	3	17	0	42	6	3	3
71	3	17	3	42	6	3	68
71	3	18	0	42	6	2	41
71	3	18	1	42	6	3	55
71	3	18	2	42	6	2	41
71	3	18	3	42	6	2	30
71	3	18	4	42	6	3	16
71	3	18	5	42	6	2	30
71	3	19	2	42	6	3	3
71	3	19	5	42	6	3	68
71	3	20	5	42	6	3	inf
71	3	21	0	42	6	2	1
71	3	21	2	42	6	2	32
71	3	21	3	42	6	2	70
71	3	21	5	42	6	2	39
71	3	22	1	42	6	2	1
71	3	22	2	42	6	2	39
71	3	22	4	42	6	2	70
71	3	22	5	42	6	2	32
71	3	24	2	42	6	3	68
71	3	24	5	42	6	3	3
71	3	25	0	42	6	3	55
71	3	25	1	42	6	2	41
71	3	25	2	42	6	2	30
71	3	25	3	42	6	3	16
71	3	25	4	42	6	2	30
71	3	25	5	42	6	2	41
71	3	26	1	42	6	3	3
71	3	26	4	42	6	3	68
71	3	27	4	42	6	3	inf
71	3	28	1	42	6	2	32
71	3	28	2	42	6	2	70
71	3	28	4	42	6	2	39
71	3	28	5	42	6	2	1
71	3	29	0	42	6	2	1
71	3	29	1	42	6	2	39
71	3	29	3	42	6	2	70
71	3	29	4	42	6	2	32
71	3	31	1	42	6	3	68
71	3	31	4	42	6	3	3
71	3	32	0	42	6	2	41
71	3	32	1	42	6	2	30
71	3	32	2	42	6	3	16
71	3	32	3	42	6	2	30
71	3	32	4	42	6	2	41
71	3	32	5	42	6	3	55
71	3	33	0	42	6	3	3
71	3	33	3	42	6	3	68
71	3	34	3	42	6	3	inf
71	3	35	0	42	6	2	32
71	3	35	1	42	6	2	70
71	3	35	3	42	6	2	39
71	3	35	4	42	6	2	1
71	3	36	0	42	6	2	39
71	3	36	2	42	6	2	70
71	3	36	3	42	6	2	32
71	3	36	5	42	6	2	1
71	3	38	0	42	6	3	68
71	3	38	3	42	6	3	3
71	3	39	0	42	6	2	30
71	3	39	1	42	6	3	16
71	3	39	2	42	6	2	30
71	3	39	3	42	6	2	41
71	3	39	4	42	6	3	55
71	3	39	5	42	6	2	41
71	3	40	2	42	6	3	68
71	3	40	5	42	6	3	3
71	3	41	2	42	6	3	inf
71	4	2	2	42	6	2	28
71	4	2	5	42	6	2	43
71	4	4	0	42	6	3	0
71	4	4	3	42	6	3	0
71	4	6	1	42	6	2	28
71	4	6	4	42	6	2	43
71	4	9	1	42	6	2	28
71	4	9	4	42	6	2	43
71	4	11	2	42	6	3	0
71	4	11	5	42	6	3	0
71	4	13	0	42	6	2	28
71	4	13	3	42	6	2	43
71	4	16	0	42	6	2	28
71	4	16	3	42	6	2	43
71	4	18	1	42	6	3	0
71	4	18	4	42	6	3	0
71	4	20	2	42	6	2	43
71	4	20	5	42	6	2	28
71	4	23	2	42	6	2	43
71	4	23	5	42	6	2	28
71	4	25	0	42	6	3	0
71	4	25	3	42	6	3	0
71	4	27	1	42	6	2	43
71	4	27	4	42	6	2	28
71	4	30	1	42	6	2	43
71	4	30	4	42	6	2	28
71	4	32	2	42	6	3	0
71	4	32	5	42	6	3	0
71	4	34	0	42	6	2	43
71	4	34	3	42	6	2	28
71	4	37	0	42	6	2	43
71	4	37	3	42	6	2	28
71	4	39	1	42	6	3	0
71	4	39	4	42	6	3	0
71	4	41	2	42	6	2	28
71	4	41	5	42	6	2	43
73	1	0	3	8	4	3	43
73	1	1	1	8	4	3	30
73	1	1	3	8	4	3	inf
73	1	2	2	8	4	3	30
73	1	3	0	8	4	3	43
73	1	4	1	8	4	3	43
73	1	5	1	8	4	3	inf
73	1	5	3	8	4	3	30
73	1	6	0	8	4	3	30
73	1	7	2	8	4	3	43
73	2	0	3	8	4	2	24
73	2	1	1	8	4	2	24
73	2	2	2	8	4	2	49
73	2	3	0	8	4	2	49
73	2	4	1	8	4	2	24
73	2	5	3	8	4	2	24
73	2	6	0	8	4	2	49
73	2	7	2	8	4	2	49
73	3	0	3	8	4	3	30
73	3	1	1	8	4	3	43
73	3	2	2	8	4	3	43
73	3	3	0	8	4	3	30
73	3	3	2	8	4	3	inf
73	3	4	1	8	4	3	30
73	3	5	3	8	4	3	43
73	3	6	0	8	4	3	43
73	3	7	0	8	4	3	inf
73	3	7	2	8	4	3	30
73	4	0	3	8	4	2	49
73	4	1	1	8	4	2	49
73	4	2	2	8	4	2	24
73	4	3	0	8	4	2	24
73	4	4	1	8	4	2	49
73	4	5	3	8	4	2	49
73	4	6	0	8	4	2	24
73	4	7	2	8	4	2	24
79	1	0	0	14	21	3	1
79	1	0	1	14	21	3	1
79	1	0	2	14	21	3	7
79	1	0	3	14	21	3	8
79	1	0	4	14	21	3	33
79	1	0	5	14	21	3	60
79	1	0	6	14	21	3	55
79	1	0	7	14	21	3	73
79	1	0	8	14	21	3	67
79	1	0	9	14	21	3	52
79	1	0	10	14	21	3	10
79	1	0	11	14	21	3	31
79	1	0	12	14	21	3	10
79	1	0	13	14	21	3	52
79	1	0	14	14	21	3	67
79	1	0	15	14	21	3	73
79	1	0	16	14	21	3	55
79	1	0	17	14	21	3	60
79	1	0	18	14	21	3	33
79	1	0	19	14	21	3	8
79	1	0	20	14	21	3	inf
79	1	1	0	14	21	3	46
79	1	1	1	14	21	3	71
79	1	1	2	14	21	3	72
79	1	1	3	14	21	3	78
79	1	1	4	14	21	3	78
79	1	1	5	14	21	3	72
79	1	1	6	14	21	3	71
79	1	1	7	14	21	3	46
79	1	1	8	14	21	3	19
79	1	1	9	14	21	3	24
79	1	1	10	14	21	3	6
79	1	1	11	14	21	3	12
79	1	1	12	14	21	3	27
79	1	1	13	14	21	3	69
79	1	1	14	14	21	3	48
79	1	1	15	14	21	3	69
79	1	1	16	14	21	3	27
79	1	1	17	14	21	3	12
79	1	1	18	14	21	3	6
79	1	1	19	14	21	3	24
79	1	1	20	14	21	3	19
79	1	2	0	14	21	3	73
79	1	2	1	14	21	3	55
79	1	2	2	14	21	3	60
79	1	2	3	14	21	3	33
79	1	2	4	14	21	3	8
79	1	2	5	14	21	3	inf
79	1	2	6	14	21	3	1
79	1	2	7	14	21	3	1
79	1	2	8	14	21	3	7
79	1	2	9	14	21	3	8
79	1	2	10	14	21	3	33
79	1	2	11	14	21	3	60
79	1	2	12	14	21	3	55
79	1	2	13	14	21	3	73
79	1	2	14	14	21	3	67
79	1	2	15	14	21	3	52
79	1	2	16	14	21	3	10
79	1	2	17	14	21	3	31
79	1	2	18	14	21	3	10
79	1	2	19	14	21	3	52
79	1	2	20	14	21	3	67
79	1	3	0	14	21	3	69
79	1	3	1	14	21	3	27
79	1	3	2	14	21	3	12
79	1	3	3	14	21	3	6
79	1	3	4	14	21	3	24
79	1	3	5	14	21	3	19
79	1	3	6	14	21	3	46
79	1	3	7	14	21	3	71
79	1	3	8	14	21	3	72
79	1	3	9	14	21	3	78
79	1	3	10	14	21	3	78
79	1	3	11	14	21	3	72
79	1	3	12	14	21	3	71
79	1	3	13	14	21	3	46
79	1	3	14	14	21	3	19
79	1	3	15	14	21	3	24
79	1	3	16	14	21	3	6
79	1	3	17	14	21	3	12
79	1	3	18	14	21	3	27
79	1	3	19	14	21	3	69
79	1	3	20	14	21	3	48
79	1	4	0	14	21	3	52
79	1	4	1	14	21	3	10
79	1	4	2	14	21	3	31
79	1	4	3	14	21	3	10
79	1	4	4	14	21	3	52
79	1	4	5	14	21	3	67
79	1	4	6	14	21	3	73
79	1	4	7	14	21	3	55
79	1	4	8	14	21	3	60
79	1	4	9	14	21	3	33
79	1	4	10	14	21	3	8
79	1	4	11	14	21	3	inf
79	1	4	12	14	21	3	1
79	1	4	13	14	21	3	1
79	1	4	14	14	21	3	7
79	1	4	15	14	21	3	8
79	1	4	16	14	21	3	33
79	1	4	17	14	21	3	60
79	1	4	18	14	21	3	55
79	1	4	19	14	21	3	73
79	1	4	20	14	21	3	67
79	1	5	0	14	21	3	24
79	1	5	1	14	21	3	6
79	1	5	2	14	21	3	12
79	1	5	3	14	21	3	27
79	1	5	4	14	21	3	69
79	1	5	5	14	21	3	48
79	1	5	6	14	21	3	69
79	1	5	7	14	21	3	27
79	1	5	8	14	21	3	12
79	1	5	9	14	21	3	6
79	1	5	10	14	21	3	24
79	1	5	11	14	21	3	19
79	1	5	12	14	21	3	46
79	1	5	13	14	21	3	71
79	1	5	14	14	21	3	72
79	1	5	15	14	21	3	78
79	1	5	16	14	21	3	78
79	1	5	17	14	21	3	72
79	1	5	18	14	21	3	71
79	1	5	19	14	21	3	46
79	1	5	20	14	21	3	19
79	1	6	0	14	21	3	8
79	1	6	1	14	21	3	33
79	1	6	2	14	21	3	60
79	1	6	3	14	21	3	55
79	1	6	4	14	21	3	73
79	1	6	5	14	21	3	67
79	1	6	6	14	21	3	52
79	1	6	7	14	21	3	10
79	1	6	8	14	21	3	31
79	1	6	9	14	21	3	10
79	1	6	10	14	21	3	52
79	1	6	11	14	21	3	67
79	1	6	12	14	21	3	73
79	1	6	13	14	21	3	55
79	1	6	14	14	21	3	60
79	1	6	15	14	21	3	33
79	1	6	16	14	21	3	8
79	1	6	17	14	21	3	inf
79	1	6	18	14	21	3	1
79	1	6	19	14	21	3	1
79	1	6	20	14	21	3	7
79	1	7	0	14	21	3	78
79	1	7	1	14	21	3	78
79	1	7	2	14	21	3	72
79	1	7	3	14	21	3	71
79	1	7	4	14	21	3	46
79	1	7	5	14	21	3	19
79	1	7	6	14	21	3	24
79	1	7	7	14	21	3	6
79	1	7	8	14	21	3	12
79	1	7	9	14	21	3	27
79	1	7	10	14	21	3	69
79	1	7	11	14	21	3	48
79	1	7	12	14	21	3	69
79	1	7	13	14	21	3	27
79	1	7	14	14	21	3	12
79	1	7	15	14	21	3	6
79	1	7	16	14	21	3	24
79	1	7	17	14	21	3	19
79	1	7	18	14	21	3	46
79	1	7	19	14	21	3	71
79	1	7	20	14	21	3	72
79	1	8	0	14	21	3	33
79	1	8	1	14	21	3	8
79	1	8	2	14	21	3	inf
79	1	8	3	14	21	3	1
79	1	8	4	14	21	3	1
79	1	8	5	14	21	3	7
79	1	8	6	14	21	3	8
79	1	8	7	14	21	3	33
79	1	8	8	14	21	3	60
79	1	8	9	14	21	3	55
79	1	8	10	14	21	3	73
79	1	8	11	14	21	3	67
79	1	8	12	14	21	3	52
79	1	8	13	14	21	3	10
79	1	8	14	14	21	3	31
79	1	8	15	14	21	3	10
79	1	8	16	14	21	3	52
79	1	8	17	14	21	3	67
79	1	8	18	14	21	3	73
79	1	8	19	14	21	3	55
79	1	8	20	14	21	3	60
79	1	9	0	14	21	3	6
79	1	9	1	14	21	3	24
79	1	9	2	14	21	3	19
79	1	9	3	14	21	3	46
79	1	9	4	14	21	3	71
79	1	9	5	14	21	3	72
79	1	9	6	14	21	3	78
79	1	9	7	14	21	3	78
79	1	9	8	14	21	3	72
79	1	9	9	14	21	3	71
79	1	9	10	14	21	3	46
79	1	9	11	14	21	3	19
79	1	9	12	14	21	3	24
79	1	9	13	14	21	3	6
79	1	9	14	14	21	3	12
79	1	9	15	14	21	3	27
79	1	9	16	14	21	3	69
79	1	9	17	14	21	3	48
79	1	9	18	14	21	3	69
79	1	9	19	14	21	3	27
79	1	9	20	14	21	3	12
79	1	10	0	14	21	3	10
79	1	10	1	14	21	3	52
79	1	10	2	14	21	3	67
79	1	10	3	14	21	3	73
79	1	10	4	14	21	3	55
79	1	10	5	14	21	3	60
79	1	10	6	14	21	3	33
79	1	10	7	14	21	3	8
79	1	10	8	14	21	3	inf
79	1	10	9	14	21	3	1
79	1	10	10	14	21	3	1
79	1	10	11	14	21	3	7
79	1	10	12	14	21	3	8
79	1	10	13	14	21	3	33
79	1	10	14	14	21	3	60
79	1	10	15	14	21	3	55
79	1	10	16	14	21	3	73
79	1	10	17	14	21	3	67
79	1	10	18	14	21	3	52
79	1	10	19	14	21	3	10
79	1	10	20	14	21	3	31
79	1	11	0	14	21	3	27
79	1	11	1	14	21	3	69
79	1	11	2	14	21	3	48
79	1	11	3	14	21	3	69
79	1	11	4	14	21	3	27
79	1	11	5	14	21	3	12
79	1	11	6	14	21	3	6
79	1	11	7	14	21	3	24
79	1	11	8	14	21	3	19
79	1	11	9	14	21	3	46
79	1	11	10	14	21	3	71
79	1	11	11	14	21	3	72
79	1	11	12	14	21	3	78
79	1	11	13	14	21	3	78
79	1	11	14	14	21	3	72
79	1	11	15	14	21	3	71
79	1	11	16	14	21	3	46
79	1	11	17	14	21	3	19
79	1	11	18	14	21	3	24
79	1	11	19	14	21	3	6
79	1	11	20	14	21	3	12
79	1	12	0	14	21	3	55
79	1	12	1	14	21	3	73
79	1	12	2	14	21	3	67
79	1	12	3	14	21	3	52
79	1	12	4	14	21	3	10
79	1	12	5	14	21	3	31
79	1	12	6	14	21	3	10
79	1	12	7	14	21	3	52
79	1	12	8	14	21	3	67
79	1	12	9	14	21	3	73
79	1	12	10	14	21	3	55
79	1	12	11	14	21	3	60
79	1	12	12	14	21	3	33
79	1	12	13	14	21	3	8
79	1	12	14	14	21	3	inf
79	1	12	15	14	21	3	1
79	1	12	16	14	21	3	1
79	1	12	17	14	21	3	7
79	1	12	18	14	21	3	8
79	1	12	19	14	21	3	33
79	1	12	20	14	21	3	60
79	1	13	0	14	21	3	71
79	1	13	1	14	21	3	46
79	1	13	2	14	21	3	19
79	1	13	3	14	21	3	24
79	1	13	4	14	21	3	6
79	1	13	5	14	21	3	12
79	1	13	6	14	21	3	27
79	1	13	7	14	21	3	69
79	1	13	8	14	21	3	48
79	1	13	9	14	21	3	69
79	1	13	10	14	21	3	27
79	1	13	11	14	21	3	12
79	1	13	12	14	21	3	6
79	1	13	13	14	21	3	24
79	1	13	14	14	21	3	19
79	1	13	15	14	21	3	46
79	1	13	16	14	21	3	71
79	1	13	17	14	21	3	72
79	1	13	18	14	21	3	78
79	1	13	19	14	21	3	78
79	1	13	20	14	21	3	72
79	2	0	0	14	21	3	21
79	2	0	1	14	21	3	58
79	2	0	2	14	21	3	51
79	2	0	3	14	21	3	18
79	2	0	4	14	21	3	5
79	2	0	5	14	21	3	66
79	2	0	6	14	21	3	34
79	2	0	7	14	21	3	62
79	2	0	8	14	21	3	75
79	2	0	9	14	21	3	68
79	2	0	10	14	21	3	63
79	2	0	11	14	21	3	0
79	2	0	12	14	21	3	16
79	2	0	13	14	21	3	11
79	2	0	14	14	21	3	4
79	2	0	15	14	21	3	17
79	2	0	16	14	21	3	45
79	2	0	17	14	21	3	13
79	2	0	18	14	21	3	74
79	2	0	19	14	21	3	61
79	2	0	20	14	21	3	28
79	2	1	0	14	21	3	5
79	2	1	1	14	21	3	18
79	2	1	2	14	21	3	51
79	2	1	3	14	21	3	58
79	2	1	4	14	21	3	21
79	2	1	5	14	21	3	28
79	2	1	6	14	21	3	61
79	2	1	7	14	21	3	74
79	2	1	8	14	21	3	13
79	2	1	9	14	21	3	45
79	2	1	10	14	21	3	17
79	2	1	11	14	21	3	4
79	2	1	12	14	21	3	11
79	2	1	13	14	21	3	16
79	2	1	14	14	21	3	0
79	2	1	15	14	21	3	63
79	2	1	16	14	21	3	68
79	2	1	17	14	21	3	75
79	2	1	18	14	21	3	62
79	2	1	19	14	21	3	34
79	2	1	20	14	21	3	66
79	2	2	0	14	21	3	17
79	2	2	1	14	21	3	45
79	2	2	2	14	21	3	13
79	2	2	3	14	21	3	74
79	2	2	4	14	21	3	61
79	2	2	5	14	21	3	28
79	2	2	6	14	21	3	21
79	2	2	7	14	21	3	58
79	2	2	8	14	21	3	51
79	2	2	9	14	21	3	18
79	2	2	10	14	21	3	5
79	2	2	11	14	21	3	66
79	2	2	12	14	21	3	34
79	2	2	13	14	21	3	62
79	2	2	14	14	21	3	75
79	2	2	15	14	21	3	68
79	2	2	16	14	21	3	63
79	2	2	17	14	21	3	0
79	2	2	18	14	21	3	16
79	2	2	19	14	21	3	11
79	2	2	20	14	21	3	4
79	2	3	0	14	21	3	63
79	2	3	1	14	21	3	68
79	2	3	2	14	21	3	75
79	2	3	3	14	21	3	62
79	2	3	4	14	21	3	34
79	2	3	5	14	21	3	66
79	2	3	6	14	21	3	5
79	2	3	7	14	21	3	18
79	2	3	8	14	21	3	51
79	2	3	9	14	21	3	58
79	2	3	10	14	21	3	21
79	2	3	11	14	21	3	28
79	2	3	12	14	21	3	61
79	2	3	13	14	21	3	74
79	2	3	14	14	21	3	13
79	2	3	15	14	21	3	45
79	2	3	16	14	21	3	17
79	2	3	17	14	21	3	4
79	2	3	18	14	21	3	11
79	2	3	19	14	21	3	16
79	2	3	20	14	21	3	0
79	2	4	0	14	21	3	68
79	2	4	1	14	21	3	63
79	2	4	2	14	21	3	0
79	2	4	3	14	21	3	16
79	2	4	4	14	21	3	11
79	2	4	5	14	21	3	4
79	2	4	6	14	21	3	17
79	2	4	7	14	21	3	45
79	2	4	8	14	21	3	13
79	2	4	9	14	21	3	74
79	2	4	10	14	21	3	61
79	2	4	11	14	21	3	28
79	2	4	12	14	21	3	21
79	2	4	13	14	21	3	58
79	2	4	14	14	21	3	51
79	2	4	15	14	21	3	18
79	2	4	16	14	21	3	5
79	2	4	17	14	21	3	66
79	2	4	18	14	21	3	34
79	2	4	19	14	21	3	62
79	2	4	20	14	21	3	75
79	2	5	0	14	21	3	45
79	2	5	1	14	21	3	17
79	2	5	2	14	21	3	4
79	2	5	3	14	21	3	11
79	2	5	4	14	21	3	16
79	2	5	5	14	21	3	0
79	2	5	6	14	21	3	63
79	2	5	7	14	21	3	68
79	2	5	8	14	21	3	75
79	2	5	9	14	21	3	62
79	2	5	10	14	21	3	34
79	2	5	11	14	21	3	66
79	2	5	12	14	21	3	5
79	2	5	13	14	21	3	18
79	2	5	14	14	21	3	51
79	2	5	15	14	21	3	58
79	2	5	16	14	21	3	21
79	2	5	17	14	21	3	28
79	2	5	18	14	21	3	61
79	2	5	19	14	21	3	74
79	2	5	20	14	21	3	13
79	2	6	0	14	21	3	18
79	2	6	1	14	21	3	5
79	2	6	2	14	21	3	66
79	2	6	3	14	21	3	34
79	2	6	4	14	21	3	62
79	2	6	5	14	21	3	75
79	2	6	6	14	21	3	68
79	2	6	7	14	21	3	63
79	2	6	8	14	21	3	0
79	2	6	9	14	21	3	16
79	2	6	10	14	21	3	11
79	2	6	11	14	21	3	4
79	2	6	12	14	21	3	17
79	2	6	13	14	21	3	45
79	2	6	14	14	21	3	13
79	2	6	15	14	21	3	74
79	2	6	16	14	21	3	61
79	2	6	17	14	21	3	28
79	2	6	18	14	21	3	21
79	2	6	19	14	21	3	58
79	2	6	20	14	21	3	51
79	2	7	0	14	21	3	58
79	2	7	1	14	21	3	21
79	2	7	2	14	21	3	28
79	2	7	3	14	21	3	61
79	2	7	4	14	21	3	74
79	2	7	5	14	21	3	13
79	2	7	6	14	21	3	45
79	2	7	7	14	21	3	17
79	2	7	8	14	21	3	4
79	2	7	9	14	21	3	11
79	2	7	10	14	21	3	16
79	2	7	11	14	21	3	0
79	2	7	12	14	21	3	63
79	2	7	13	14	21	3	68
79	2	7	14	14	21	3	75
79	2	7	15	14	21	3	62
79	2	7	16	14	21	3	34
79	2	7	17	14	21	3	66
79	2	7	18	14	21	3	5
79	2	7	19	14	21	3	18
79	2	7	20	14	21	3	51
79	2	8	0	14	21	3	74
79	2	8	1	14	21	3	61
79	2	8	2	14	21	3	28
79	2	8	3	14	21	3	21
79	2	8	4	14	21	3	58
79	2	8	5	14	21	3	51
79	2	8	6	14	21	3	18
79	2	8	7	14	21	3	5
79	2	8	8	14	21	3	66
79	2	8	9	14	21	3	34
79	2	8	10	14	21	3	62
79	2	8	11	14	21	3	75
79	2	8	12	14	21	3	68
79	2	8	13	14	21	3	63
79	2	8	14	14	21	3	0
79	2	8	15	14	21	3	16
79	2	8	16	14	21	3	11
79	2	8	17	14	21	3	4
79	2	8	18	14	21	3	17
79	2	8	19	14	21	3	45
79	2	8	20	14	21	3	13
79	2	9	0	14	21	3	62
79	2	9	1	14	21	3	34
79	2	9	2	14	21	3	66
79	2	9	3	14	21	3	5
79	2	9	4	14	21	3	18
79	2	9	5	14	21	3	51
79	2	9	6	14	21	3	58
79	2	9	7	14	21	3	21
79	2	9	8	14	21	3	28
79	2	9	9	14	21	3	61
79	2	9	10	14	21	3	74
79	2	9	11	14	21	3	13
79	2	9	12	14	21	3	45
79	2	9	13	14	21	3	17
79	2	9	14	14	21	3	4
79	2	9	15	14	21	3	11
79	2	9	16	14	21	3	16
79	2	9	17	14	21	3	0
79	2	9	18	14	21	3	63
79	2	9	19	14	21	3	68
79	2	9	20	14	21	3	75
79	2	10	0	14	21	3	16
79	2	10	1	14	21	3	11
79	2	10	2	14	21	3	4
79	2	10	3	14	21	3	17
79	2	10	4	14	21	3	45
79	2	10	5	14	21	3	13
79	2	10	6	14	21	3	74
79	2	10	7	14	21	3	61
79	2	10	8	14	21	3	28
79	2	10	9	14	21	3	21
79	2	10	10	14	21	3	58
79	2	10	11	14	21	3	51
79	2	10	12	14	21	3	18
79	2	10	13	14	21	3	5
79	2	10	14	14	21	3	66
79	2	10	15	14	21	3	34
79	2	10	16	14	21	3	62
79	2	10	17	14	21	3	75
79	2	10	18	14	21	3	68
79	2	10	19	14	21	3	63
79	2	10	20	14	21	3	0
79	2	11	0	14	21	3	11
79	2	11	1	14	21	3	16
79	2	11	2	14	21	3	0
79	2	11	3	14	21	3	63
79	2	11	4	14	21	3	68
79	2	11	5	14	21	3	75
79	2	11	6	14	21	3	62
79	2	11	7	14	21	3	34
79	2	11	8	14	21	3	66
79	2	11	9	14	21	3	5
79	2	11	10	14	21	3	18
79	2	11	11	14	21	3	51
79	2	11	12	14	21	3	58
79	2	11	13	14	21	3	21
79	2	11	14	14	21	3	28
79	2	11	15	14	21	3	61
79	2	11	16	14	21	3	74
79	2	11	17	14	21	3	13
79	2	11	18	14	21	3	45
79	2	11	19	14	21	3	17
79	2	11	20	14	21	3	4
79	2	12	0	14	21	3	34
79	2	12	1	14	21	3	62
79	2	12	2	14	21	3	75
79	2	12	3	14	21	3	68
79	2	12	4	14	21	3	63
79	2	12	5	14	21	3	0
79	2	12	6	14	21	3	16
79	2	12	7	14	21	3	11
79	2	12	8	14	21	3	4
79	2	12	9	14	21	3	17
79	2	12	10	14	21	3	45
79	2	12	11	14	21	3	13
79	2	12	12	14	21	3	74
79	2	12	13	14	21	3	61
79	2	12	14	14	21	3	28
79	2	12	15	14	21	3	21
79	2	12	16	14	21	3	58
79	2	12	17	14	21	3	51
79	2	12	18	14	21	3	18
79	2	12	19	14	21	3	5
79	2	12	20	14	21	3	66
79	2	13	0	14	21	3	61
79	2	13	1	14	21	3	74
79	2	13	2	14	21	3	13
79	2	13	3	14	21	3	45
79	2	13	4	14	21	3	17
79	2	13	5	14	21	3	4
79	2	13	6	14	21	3	11
79	2	13	7	14	21	3	16
79	2	13	8	14	21	3	0
79	2	13	9	14	21	3	63
79	2	13	10	14	21	3	68
79	2	13	11	14	21	3	75
79	2	13	12	14	21	3	62
79	2	13	13	14	21	3	34
79	2	13	14	14	21	3	66
79	2	13	15	14	21	3	5
79	2	13	16	14	21	3	18
79	2	13	17	14	21	3	51
79	2	13	18	14	21	3	58
79	2	13	19	14	21	3	21
79	2	13	20	14	21	3	28
79	3	0	0	14	21	3	78
79	3	0	1	14	21	3	78
79	3	0	2	14	21	3	72
79	3	0	3	14	21	3	71
79	3	0	4	14	21	3	46
79	3	0	5	14	21	3	19
79	3	0	6	14	21	3	24
79	3	0	7	14	21	3	6
79	3	0	8	14	21	3	12
79	3	0	9	14	21	3	27
79	3	0	10	14	21	3	69
79	3	0	11	14	21	3	48
79	3	0	12	14	21	3	69
79	3	0	13	14	21	3	27
79	3	0	14	14	21	3	12
79	3	0	15	14	21	3	6
79	3	0	16	14	21	3	24
79	3	0	17	14	21	3	19
79	3	0	18	14	21	3	46
79	3	0	19	14	21	3	71
79	3	0	20	14	21	3	72
79	3	1	0	14	21	3	33
79	3	1	1	14	21	3	8
79	3	1	2	14	21	3	inf
79	3	1	3	14	21	3	1
79	3	1	4	14	21	3	1
79	3	1	5	14	21	3	7
79	3	1	6	14	21	3	8
79	3	1	7	14	21	3	33
79	3	1	8	14	21	3	60
79	3	1	9	14	21	3	55
79	3	1	10	14	21	3	73
79	3	1	11	14	21	3	67
79	3	1	12	14	21	3	52
79	3	1	13	14	21	3	10
79	3	1	14	14	21	3	31
79	3	1	15	14	21	3	10
79	3	1	16	14	21	3	52
79	3	1	17	14	21	3	67
79	3	1	18	14	21	3	73
79	3	1	19	14	21	3	55
79	3	1	20	14	21	3	60
79	3	2	0	14	21	3	6
79	3	2	1	14	21	3	24
79	3	2	2	14	21	3	19
79	3	2	3	14	21	3	46
79	3	2	4	14	21	3	71
79	3	2	5	14	21	3	72
79	3	2	6	14	21	3	78
79	3	2	7	14	21	3	78
79	3	2	8	14	21	3	72
79	3	2	9	14	21	3	71
79	3	2	10	14	21	3	46
79	3	2	11	14	21	3	19
79	3	2	12	14	21	3	24
79	3	2	13	14	21	3	6
79	3	2	14	14	21	3	12
79	3	2	15	14	21	3	27
79	3	2	16	14	21	3	69
79	3	2	17	14	21	3	48
79	3	2	18	14	21	3	69
79	3	2	19	14	21	3	27
79	3	2	20	14	21	3	12
79	3	3	0	14	21	3	10
79	3	3	1	14	21	3	52
79	3	3	2	14	21	3	67
79	3	3	3	14	21	3	73
79	3	3	4	14	21	3	55
79	3	3	5	14	21	3	60
79	3	3	6	14	21	3	33
79	3	3	7	14	21	3	8
79	3	3	8	14	21	3	inf
79	3	3	9	14	21	3	1
79	3	3	10	14	21	3	1
79	3	3	11	14	21	3	7
79	3	3	12	14	21	3	8
79	3	3	13	14	21	3	33
79	3	3	14	14	21	3	60
79	3	3	15	14	21	3	55
79	3	3	16	14	21	3	73
79	3	3	17	14	21	3	67
79	3	3	18	14	21	3	52
79	3	3	19	14	21	3	10
79	3	3	20	14	21	3	31
79	3	4	0	14	21	3	27
79	3	4	1	14	21	3	69
79	3	4	2	14	21	3	48
79	3	4	3	14	21	3	69
79	3	4	4	14	21	3	27
79	3	4	5	14	21	3	12
79	3	4	6	14	21	3	6
79	3	4	7	14	21	3	24
79	3	4	8	14	21	3	19
79	3	4	9	14	21	3	46
79	3	4	10	14	21	3	71
79	3	4	11	14	21	3	72
79	3	4	12	14	21	3	78
79	3	4	13	14	21	3	78
79	3	4	14	14	21	3	72
79	3	4	15	14	21	3	71
79	3	4	16	14	21	3	46
79	3	4	17	14	21	3	19
79	3	4	18	14	21	3	24
79	3	4	19	14	21	3	6
79	3	4	20	14	21	3	12
79	3	5	0	14	21	3	55
79	3	5	1	14	21	3	73
79	3	5	2	14	21	3	67
79	3	5	3	14	21	3	52
79	3	5	4	14	21	3	10
79	3	5	5	14	21	3	31
79	3	5	6	14	21	3	10
79	3	5	7	14	21	3	52
79	3	5	8	14	21	3	67
79	3	5	9	14	21	3	73
79	3	5	10	14	21	3	55
79	3	5	11	14	21	3	60
79	3	5	12	14	21	3	33
79	3	5	13	14	21	3	8
79	3	5	14	14	21	3	inf
79	3	5	15	14	21	3	1
79	3	5	16	14	21	3	1
79	3	5	17	14	21	3	7
79	3	5	18	14	21	3	8
79	3	5	19	14	21	3	33
79	3	5	20	14	21	3	60
79	3	6	0	14	21	3	71
79	3	6	1	14	21	3	46
79	3	6	2	14	21	3	19
79	3	6	3	14	21	3	24
79	3	6	4	14	21	3	6
79	3	6	5	14	21	3	12
79	3	6	6	14	21	3	27
79	3	6	7	14	21	3	69
79	3	6	8	14	21	3	48
79	3	6	9	14	21	3	69
79	3	6	10	14	21	3	27
79	3	6	11	14	21	3	12
79	3	6	12	14	21	3	6
79	3	6	13	14	21	3	24
79	3	6	14	14	21	3	19
79	3	6	15	14	21	3	46
79	3	6	16	14	21	3	71
79	3	6	17	14	21	3	72
79	3	6	18	14	21	3	78
79	3	6	19	14	21	3	78
79	3	6	20	14	21	3	72
79	3	7	0	14	21	3	1
79	3	7	1	14	21	3	1
79	3	7	2	14	21	3	7
79	3	7	3	14	21	3	8
79	3	7	4	14	21	3	33
79	3	7	5	14	21	3	60
79	3	7	6	14	21	3	55
79	3	7	7	14	21	3	73
79	3	7	8	14	21	3	67
79	3	7	9	14	21	3	52
79	3	7	10	14	21	3	10
79	3	7	11	14	21	3	31
79	3	7	12	14	21	3	10
79	3	7	13	14	21	3	52
79	3	7	14	14	21	3	67
79	3	7	15	14	21	3	73
79	3	7	16	14	21	3	55
79	3	7	17	14	21	3	60
79	3	7	18	14	21	3	33
79	3	7	19	14	21	3	8
79	3	7	20	14	21	3	inf
79	3	8	0	14	21	3	46
79	3	8	1	14	21	3	71
79	3	8	2	14	21	3	72
79	3	8	3	14	21	3	78
79	3	8	4	14	21	3	78
79	3	8	5	14	21	3	72
79	3	8	6	14	21	3	71
79	3	8	7	14	21	3	46
79	3	8	8	14	21	3	19
79	3	8	9	14	21	3	24
79	3	8	10	14	21	3	6
79	3	8	11	14	21	3	12
79	3	8	12	14	21	3	27
79	3	8	13	14	21	3	69
79	3	8	14	14	21	3	48
79	3	8	15	14	21	3	69
79	3	8	16	14	21	3	27
79	3	8	17	14	21	3	12
79	3	8	18	14	21	3	6
79	3	8	19	14	21	3	24
79	3	8	20	14	21	3	19
79	3	9	0	14	21	3	73
79	3	9	1	14	21	3	55
79	3	9	2	14	21	3	60
79	3	9	3	14	21	3	33
79	3	9	4	14	21	3	8
79	3	9	5	14	21	3	inf
79	3	9	6	14	21	3	1
79	3	9	7	14	21	3	1
79	3	9	8	14	21	3	7
79	3	9	9	14	21	3	8
79	3	9	10	14	21	3	33
79	3	9	11	14	21	3	60
79	3	9	12	14	21	3	55
79	3	9	13	14	21	3	73
79	3	9	14	14	21	3	67
79	3	9	15	14	21	3	52
79	3	9	16	14	21	3	10
79	3	9	17	14	21	3	31
79	3	9	18	14	21	3	10
79	3	9	19	14	21	3	52
79	3	9	20	14	21	3	67
79	3	10	0	14	21	3	69
79	3	10	1	14	21	3	27
79	3	10	2	14	21	3	12
79	3	10	3	14	21	3	6
79	3	10	4	14	21	3	24
79	3	10	5	14	21	3	19
79	3	10	6	14	21	3	46
79	3	10	7	14	21	3	71
79	3	10	8	14	21	3	72
79	3	10	9	14	21	3	78
79	3	10	10	14	21	3	78
79	3	10	11	14	21	3	72
79	3	10	12	14	21	3	71
79	3	10	13	14	21	3	46
79	3	10	14	14	21	3	19
79	3	10	15	14	21	3	24
79	3	10	16	14	21	3	6
79	3	10	17	14	21	3	12
79	3	10	18	14	21	3	27
79	3	10	19	14	21	3	69
79	3	10	20	14	21	3	48
79	3	11	0	14	21	3	52
79	3	11	1	14	21	3	10
79	3	11	2	14	21	3	31
79	3	11	3	14	21	3	10
79	3	11	4	14	21	3	52
79	3	11	5	14	21	3	67
79	3	11	6	14	21	3	73
79	3	11	7	14	21	3	55
79	3	11	8	14	21	3	60
79	3	11	9	14	21	3	33
79	3	11	10	14	21	3	8
79	3	11	11	14	21	3	inf
79	3	11	12	14	21	3	1
79	3	11	13	14	21	3	1
79	3	11	14	14	21	3	7
79	3	11	15	14	21	3	8
79	3	11	16	14	21	3	33
79	3	11	17	14	21	3	60
79	3	11	18	14	21	3	55
79	3	11	19	14	21	3	73
79	3	11	20	14	21	3	67
79	3	12	0	14	21	3	24
79	3	12	1	14	21	3	6
79	3	12	2	14	21	3	12
79	3	12	3	14	21	3	27
79	3	12	4	14	21	3	69
79	3	12	5	14	21	3	48
79	3	12	6	14	21	3	69
79	3	12	7	14	21	3	27
79	3	12	8	14	21	3	12
79	3	12	9	14	21	3	6
79	3	12	10	14	21	3	24
79	3	12	11	14	21	3	19
79	3	12	12	14	21	3	46
79	3	12	13	14	21	3	71
79	3	12	14	14	21	3	72
79	3	12	15	14	21	3	78
79	3	12	16	14	21	3	78
79	3	12	17	14	21	3	72
79	3	12	18	14	21	3	71
79	3	12	19	14	21	3	46
79	3	12	20	14	21	3	19
79	3	13	0	14	21	3	8
79	3	13	1	14	21	3	33
79	3	13	2	14	21	3	60
79	3	13	3	14	21	3	55
79	3	13	4	14	21	3	73
79	3	13	5	14	21	3	67
79	3	13	6	14	21	3	52
79	3	13	7	14	21	3	10
79	3	13	8	14	21	3	31
79	3	13	9	14	21	3	10
79	3	13	10	14	21	3	52
79	3	13	11	14	21	3	67
79	3	13	12	14	21	3	73
79	3	13	13	14	21	3	55
79	3	13	14	14	21	3	60
79	3	13	15	14	21	3	33
79	3	13	16	14	21	3	8
79	3	13	17	14	21	3	inf
79	3	13	18	14	21	3	1
79	3	13	19	14	21	3	1
79	3	13	20	14	21	3	7
79	4	0	0	14	21	3	58
79	4	0	1	14	21	3	21
79	4	0	2	14	21	3	28
79	4	0	3	14	21	3	61
79	4	0	4	14	21	3	74
79	4	0	5	14	21	3	13
79	4	0	6	14	21	3	45
79	4	0	7	14	21	3	17
79	4	0	8	14	21	3	4
79	4	0	9	14	21	3	11
79	4	0	10	14	21	3	16
79	4	0	11	14	21	3	0
79	4	0	12	14	21	3	63
79	4	0	13	14	21	3	68
79	4	0	14	14	21	3	75
79	4	0	15	14	21	3	62
79	4	0	16	14	21	3	34
79	4	0	17	14	21	3	66
79	4	0	18	14	21	3	5
79	4	0	19	14	21	3	18
79	4	0	20	14	21	3	51
79	4	1	0	14	21	3	74
79	4	1	1	14	21	3	61
79	4	1	2	14	21	3	28
79	4	1	3	14	21	3	21
79	4	1	4	14	21	3	58
79	4	1	5	14	21	3	51
79	4	1	6	14	21	3	18
79	4	1	7	14	21	3	5
79	4	1	8	14	21	3	66
79	4	1	9	14	21	3	34
79	4	1	10	14	21	3	62
79	4	1	11	14	21	3	75
79	4	1	12	14	21	3	68
79	4	1	13	14	21	3	63
79	4	1	14	14	21	3	0
79	4	1	15	14	21	3	16
79	4	1	16	14	21	3	11
79	4	1	17	14	21	3	4
79	4	1	18	14	21	3	17
79	4	1	19	14	21	3	45
79	4	1	20	14	21	3	13
79	4	2	0	14	21	3	62
79	4	2	1	14	21	3	34
79	4	2	2	14	21	3	66
79	4	2	3	14	21	3	5
79	4	2	4	14	21	3	18
79	4	2	5	14	21	3	51
79	4	2	6	14	21	3	58
79	4	2	7	14	21	3	21
79	4	2	8	14	21	3	28
79	4	2	9	14	21	3	61
79	4	2	10	14	21	3	74
79	4	2	11	14	21	3	13
79	4	2	12	14	21	3	45
79	4	2	13	14	21	3	17
79	4	2	14	14	21	3	4
79	4	2	15	14	21	3	11
79	4	2	16	14	21	3	16
79	4	2	17	14	21	3	0
79	4	2	18	14	21	3	63
79	4	2	19	14	21	3	68
79	4	2	20	14	21	3	75
79	4	3	0	14	21	3	16
79	4	3	1	14	21	3	11
79	4	3	2	14	21	3	4
79	4	3	3	14	21	3	17
79	4	3	4	14	21	3	45
79	4	3	5	14	21	3	13
79	4	3	6	14	21	3	74
79	4	3	7	14	21	3	61
79	4	3	8	14	21	3	28
79	4	3	9	14	21	3	21
79	4	3	10	14	21	3	58
79	4	3	11	14	21	3	51
79	4	3	12	14	21	3	18
79	4	3	13	14	21	3	5
79	4	3	14	14	21	3	66
79	4	3	15	14	21	3	34
79	4	3	16	14	21	3	62
79	4	3	17	14	21	3	75
79	4	3	18	14	21	3	68
79	4	3	19	14	21	3	63
79	4	3	20	14	21	3	0
79	4	4	0	14	21	3	11
79	4	4	1	14	21	3	16
79	4	4	2	14	21	3	0
79	4	4	3	14	21	3	63
79	4	4	4	14	21	3	68
79	4	4	5	14	21	3	75
79	4	4	6	14	21	3	62
79	4	4	7	14	21	3	34
79	4	4	8	14	21	3	66
79	4	4	9	14	21	3	5
79	4	4	10	14	21	3	18
79	4	4	11	14	21	3	51
79	4	4	12	14	21	3	58
79	4	4	13	14	21	3	21
79	4	4	14	14	21	3	28
79	4	4	15	14	21	3	61
79	4	4	16	14	21	3	74
79	4	4	17	14	21	3	13
79	4	4	18	14	21	3	45
79	4	4	19	14	21	3	17
79	4	4	20	14	21	3	4
79	4	5	0	14	21	3	34
79	4	5	1	14	21	3	62
79	4	5	2	14	21	3	75
79	4	5	3	14	21	3	68
79	4	5	4	14	21	3	63
79	4	5	5	14	21	3	0
79	4	5	6	14	21	3	16
79	4	5	7	14	21	3	11
79	4	5	8	14	21	3	4
79	4	5	9	14	21	3	17
79	4	5	10	14	21	3	45
79	4	5	11	14	21	3	13
79	4	5	12	14	21	3	74
79	4	5	13	14	21	3	61
79	4	5	14	14	21	3	28
79	4	5	15	14	21	3	21
79	4	5	16	14	21	3	58
79	4	5	17	14	21	3	51
79	4	5	18	14	21	3	18
79	4	5	19	14	21	3	5
79	4	5	20	14	21	3	66
79	4	6	0	14	21	3	61
79	4	6	1	14	21	3	74
79	4	6	2	14	21	3	13
79	4	6	3	14	21	3	45
79	4	6	4	14	21	3	17
79	4	6	5	14	21	3	4
79	4	6	6	14	21	3	11
79	4	6	7	14	21	3	16
79	4	6	8	14	21	3	0
79	4	6	9	14	21	3	63
79	4	6	10	14	21	3	68
79	4	6	11	14	21	3	75
79	4	6	12	14	21	3	62
79	4	6	13	14	21	3	34
79	4	6	14	14	21	3	66
79	4	6	15	14	21	3	5
79	4	6	16	14	21	3	18
79	4	6	17	14	21	3	51
79	4	6	18	14	21	3	58
79	4	6	19	14	21	3	21
79	4	6	20	14	21	3	28
79	4	7	0	14	21	3	21
79	4	7	1	14	21	3	58
79	4	7	2	14	21	3	51
79	4	7	3	14	21	3	18
79	4	7	4	14	21	3	5
79	4	7	5	14	21	3	66
79	4	7	6	14	21	3	34
79	4	7	7	14	21	3	62
79	4	7	8	14	21	3	75
79	4	7	9	14	21	3	68
79	4	7	10	14	21	3	63
79	4	7	11	14	21	3	0
79	4	7	12	14	21	3	16
79	4	7	13	14	21	3	11
79	4	7	14	14	21	3	4
79	4	7	15	14	21	3	17
79	4	7	16	14	21	3	45
79	4	7	17	14	21	3	13
79	4	7	18	14	21	3	74
79	4	7	19	14	21	3	61
79	4	7	20	14	21	3	28
79	4	8	0	14	21	3	5
79	4	8	1	14	21	3	18
79	4	8	2	14	21	3	51
79	4	8	3	14	21	3	58
79	4	8	4	14	21	3	21
79	4	8	5	14	21	3	28
79	4	8	6	14	21	3	61
79	4	8	7	14	21	3	74
79	4	8	8	14	21	3	13
79	4	8	9	14	21	3	45
79	4	8	10	14	21	3	17
79	4	8	11	14	21	3	4
79	4	8	12	14	21	3	11
79	4	8	13	14	21	3	16
79	4	8	14	14	21	3	0
79	4	8	15	14	21	3	63
79	4	8	16	14	21	3	68
79	4	8	17	14	21	3	75
79	4	8	18	14	21	3	62
79	4	8	19	14	21	3	34
79	4	8	20	14	21	3	66
79	4	9	0	14	21	3	17
79	4	9	1	14	21	3	45
79	4	9	2	14	21	3	13
79	4	9	3	14	21	3	74
79	4	9	4	14	21	3	61
79	4	9	5	14	21	3	28
79	4	9	6	14	21	3	21
79	4	9	7	14	21	3	58
79	4	9	8	14	21	3	51
79	4	9	9	14	21	3	18
79	4	9	10	14	21	3	5
79	4	9	11	14	21	3	66
79	4	9	12	14	21	3	34
79	4	9	13	14	21	3	62
79	4	9	14	14	21	3	75
79	4	9	15	14	21	3	68
79	4	9	16	14	21	3	63
79	4	9	17	14	21	3	0
79	4	9	18	14	21	3	16
79	4	9	19	14	21	3	11
79	4	9	20	14	21	3	4
79	4	10	0	14	21	3	63
79	4	10	1	14	21	3	68
79	4	10	2	14	21	3	75
79	4	10	3	14	21	3	62
79	4	10	4	14	21	3	34
79	4	10	5	14	21	3	66
79	4	10	6	14	21	3	5
79	4	10	7	14	21	3	18
79	4	10	8	14	21	3	51
79	4	10	9	14	21	3	58
79	4	10	10	14	21	3	21
79	4	10	11	14	21	3	28
79	4	10	12	14	21	3	61
79	4	10	13	14	21	3	74
79	4	10	14	14	21	3	13
79	4	10	15	14	21	3	45
79	4	10	16	14	21	3	17
79	4	10	17	14	21	3	4
79	4	10	18	14	21	3	11
79	4	10	19	14	21	3	16
79	4	10	20	14	21	3	0
79	4	11	0	14	21	3	68
79	4	11	1	14	21	3	63
79	4	11	2	14	21	3	0
79	4	11	3	14	21	3	16
79	4	11	4	14	21	3	11
79	4	11	5	14	21	3	4
79	4	11	6	14	21	3	17
79	4	11	7	14	21	3	45
79	4	11	8	14	21	3	13
79	4	11	9	14	21	3	74
79	4	11	10	14	21	3	61
79	4	11	11	14	21	3	28
79	4	11	12	14	21	3	21
79	4	11	13	14	21	3	58
79	4	11	14	14	21	3	51
79	4	11	15	14	21	3	18
79	4	11	16	14	21	3	5
79	4	11	17	14	21	3	66
79	4	11	18	14	21	3	34
79	4	11	19	14	21	3	62
79	4	11	20	14	21	3	75
79	4	12	0	14	21	3	45
79	4	12	1	14	21	3	17
79	4	12	2	14	21	3	4
79	4	12	3	14	21	3	11
79	4	12	4	14	21	3	16
79	4	12	5	14	21	3	0
79	4	12	6	14	21	3	63
79	4	12	7	14	21	3	68
79	4	12	8	14	21	3	75
79	4	12	9	14	21	3	62
79	4	12	10	14	21	3	34
79	4	12	11	14	21	3	66
79	4	12	12	14	21	3	5
79	4	12	13	14	21	3	18
79	4	12	14	14	21	3	51
79	4	12	15	14	21	3	58
79	4	12	16	14	21	3	21
79	4	12	17	14	21	3	28
79	4	12	18	14	21	3	61
79	4	12	19	14	21	3	74
79	4	12	20	14	21	3	13
79	4	13	0	14	21	3	18
79	4	13	1	14	21	3	5
79	4	13	2	14	21	3	66
79	4	13	3	14	21	3	34
79	4	13	4	14	21	3	62
79	4	13	5	14	21	3	75
79	4	13	6	14	21	3	68
79	4	13	7	14	21	3	63
79	4	13	8	14	21	3	0
79	4	13	9	14	21	3	16
79	4	13	10	14	21	3	11
79	4	13	11	14	21	3	4
79	4	13	12	14	21	3	17
79	4	13	13	14	21	3	45
79	4	13	14	14	21	3	13
79	4	13	15	14	21	3	74
79	4	13	16	14	21	3	61
79	4	13	17	14	21	3	28
79	4	13	18	14	21	3	21
79	4	13	19	14	21	3	58
79	4	13	20	14	21	3	51
83	1	0	1	44	44	2	60
83	1	0	2	44	44	2	25
83	1	0	6	44	44	3	11
83	1	0	8	44	44	2	3
83	1	0	15	44	44	2	71
83	1	0	18	44	44	3	46
83	1	0	23	44	44	2	23
83	1	0	24	44	44	2	58
83	1	0	28	44	44	3	72
83	1	0	30	44	44	2	80
83	1	0	37	44	44	2	12
83	1	0	40	44	44	3	37
83	1	1	2	44	44	2	58
83	1	1	3	44	44	2	23
83	1	1	8	44	44	3	46
83	1	1	11	44	44	2	71
83	1	1	18	44	44	2	3
83	1	1	20	44	44	3	11
83	1	1	24	44	44	2	25
83	1	1	25	44	44	2	60
83	1	1	30	44	44	3	37
83	1	1	32	44	44	3	inf
83	1	1	33	44	44	2	12
83	1	1	40	44	44	2	80
83	1	1	42	44	44	3	72
83	1	2	0	44	44	2	80
83	1	2	7	44	44	2	12
83	1	2	10	44	44	3	37
83	1	2	15	44	44	2	60
83	1	2	16	44	44	2	25
83	1	2	20	44	44	3	11
83	1	2	22	44	44	2	3
83	1	2	29	44	44	2	71
83	1	2	32	44	44	3	46
83	1	2	37	44	44	2	23
83	1	2	38	44	44	2	58
83	1	2	42	44	44	3	72
83	1	3	0	44	44	3	37
83	1	3	2	44	44	3	inf
83	1	3	3	44	44	2	12
83	1	3	10	44	44	2	80
83	1	3	12	44	44	3	72
83	1	3	16	44	44	2	58
83	1	3	17	44	44	2	23
83	1	3	22	44	44	3	46
83	1	3	25	44	44	2	71
83	1	3	32	44	44	2	3
83	1	3	34	44	44	3	11
83	1	3	38	44	44	2	25
83	1	3	39	44	44	2	60
83	1	4	2	44	44	3	46
83	1	4	7	44	44	2	23
83	1	4	8	44	44	2	58
83	1	4	12	44	44	3	72
83	1	4	14	44	44	2	80
83	1	4	21	44	44	2	12
83	1	4	24	44	44	3	37
83	1	4	29	44	44	2	60
83	1	4	30	44	44	2	25
83	1	4	34	44	44	3	11
83	1	4	36	44	44	2	3
83	1	4	43	44	44	2	71
83	1	5	2	44	44	2	3
83	1	5	4	44	44	3	11
83	1	5	8	44	44	2	25
83	1	5	9	44	44	2	60
83	1	5	14	44	44	3	37
83	1	5	16	44	44	3	inf
83	1	5	17	44	44	2	12
83	1	5	24	44	44	2	80
83	1	5	26	44	44	3	72
83	1	5	30	44	44	2	58
83	1	5	31	44	44	2	23
83	1	5	36	44	44	3	46
83	1	5	39	44	44	2	71
83	1	6	0	44	44	2	25
83	1	6	4	44	44	3	11
83	1	6	6	44	44	2	3
83	1	6	13	44	44	2	71
83	1	6	16	44	44	3	46
83	1	6	21	44	44	2	23
83	1	6	22	44	44	2	58
83	1	6	26	44	44	3	72
83	1	6	28	44	44	2	80
83	1	6	35	44	44	2	12
83	1	6	38	44	44	3	37
83	1	6	43	44	44	2	60
83	1	7	0	44	44	2	58
83	1	7	1	44	44	2	23
83	1	7	6	44	44	3	46
83	1	7	9	44	44	2	71
83	1	7	16	44	44	2	3
83	1	7	18	44	44	3	11
83	1	7	22	44	44	2	25
83	1	7	23	44	44	2	60
83	1	7	28	44	44	3	37
83	1	7	30	44	44	3	inf
83	1	7	31	44	44	2	12
83	1	7	38	44	44	2	80
83	1	7	40	44	44	3	72
83	1	8	5	44	44	2	12
83	1	8	8	44	44	3	37
83	1	8	13	44	44	2	60
83	1	8	14	44	44	2	25
83	1	8	18	44	44	3	11
83	1	8	20	44	44	2	3
83	1	8	27	44	44	2	71
83	1	8	30	44	44	3	46
83	1	8	35	44	44	2	23
83	1	8	36	44	44	2	58
83	1	8	40	44	44	3	72
83	1	8	42	44	44	2	80
83	1	9	0	44	44	3	inf
83	1	9	1	44	44	2	12
83	1	9	8	44	44	2	80
83	1	9	10	44	44	3	72
83	1	9	14	44	44	2	58
83	1	9	15	44	44	2	23
83	1	9	20	44	44	3	46
83	1	9	23	44	44	2	71
83	1	9	30	44	44	2	3
83	1	9	32	44	44	3	11
83	1	9	36	44	44	2	25
83	1	9	37	44	44	2	60
83	1	9	42	44	44	3	37
83	1	10	0	44	44	3	46
83	1	10	5	44	44	2	23
83	1	10	6	44	44	2	58
83	1	10	10	44	44	3	72
83	1	10	12	44	44	2	80
83	1	10	19	44	44	2	12
83	1	10	22	44	44	3	37
83	1	10	27	44	44	2	60
83	1	10	28	44	44	2	25
83	1	10	32	44	44	3	11
83	1	10	34	44	44	2	3
83	1	10	41	44	44	2	71
83	1	11	0	44	44	2	3
83	1	11	2	44	44	3	11
83	1	11	6	44	44	2	25
83	1	11	7	44	44	2	60
83	1	11	12	44	44	3	37
83	1	11	14	44	44	3	inf
83	1	11	15	44	44	2	12
83	1	11	22	44	44	2	80
83	1	11	24	44	44	3	72
83	1	11	28	44	44	2	58
83	1	11	29	44	44	2	23
83	1	11	34	44	44	3	46
83	1	11	37	44	44	2	71
83	1	12	2	44	44	3	11
83	1	12	4	44	44	2	3
83	1	12	11	44	44	2	71
83	1	12	14	44	44	3	46
83	1	12	19	44	44	2	23
83	1	12	20	44	44	2	58
83	1	12	24	44	44	3	72
83	1	12	26	44	44	2	80
83	1	12	33	44	44	2	12
83	1	12	36	44	44	3	37
83	1	12	41	44	44	2	60
83	1	12	42	44	44	2	25
83	1	13	4	44	44	3	46
83	1	13	7	44	44	2	71
83	1	13	14	44	44	2	3
83	1	13	16	44	44	3	11
83	1	13	20	44	44	2	25
83	1	13	21	44	44	2	60
83	1	13	26	44	44	3	37
83	1	13	28	44	44	3	inf
83	1	13	29	44	44	2	12
83	1	13	36	44	44	2	80
83	1	13	38	44	44	3	72
83	1	13	42	44	44	2	58
83	1	13	43	44	44	2	23
83	1	14	3	44	44	2	12
83	1	14	6	44	44	3	37
83	1	14	11	44	44	2	60
83	1	14	12	44	44	2	25
83	1	14	16	44	44	3	11
83	1	14	18	44	44	2	3
83	1	14	25	44	44	2	71
83	1	14	28	44	44	3	46
83	1	14	33	44	44	2	23
83	1	14	34	44	44	2	58
83	1	14	38	44	44	3	72
83	1	14	40	44	44	2	80
83	1	15	6	44	44	2	80
83	1	15	8	44	44	3	72
83	1	15	12	44	44	2	58
83	1	15	13	44	44	2	23
83	1	15	18	44	44	3	46
83	1	15	21	44	44	2	71
83	1	15	28	44	44	2	3
83	1	15	30	44	44	3	11
83	1	15	34	44	44	2	25
83	1	15	35	44	44	2	60
83	1	15	40	44	44	3	37
83	1	15	42	44	44	3	inf
83	1	15	43	44	44	2	12
83	1	16	3	44	44	2	23
83	1	16	4	44	44	2	58
83	1	16	8	44	44	3	72
83	1	16	10	44	44	2	80
83	1	16	17	44	44	2	12
83	1	16	20	44	44	3	37
83	1	16	25	44	44	2	60
83	1	16	26	44	44	2	25
83	1	16	30	44	44	3	11
83	1	16	32	44	44	2	3
83	1	16	39	44	44	2	71
83	1	16	42	44	44	3	46
83	1	17	0	44	44	3	11
83	1	17	4	44	44	2	25
83	1	17	5	44	44	2	60
83	1	17	10	44	44	3	37
83	1	17	12	44	44	3	inf
83	1	17	13	44	44	2	12
83	1	17	20	44	44	2	80
83	1	17	22	44	44	3	72
83	1	17	26	44	44	2	58
83	1	17	27	44	44	2	23
83	1	17	32	44	44	3	46
83	1	17	35	44	44	2	71
83	1	17	42	44	44	2	3
83	1	18	0	44	44	3	11
83	1	18	2	44	44	2	3
83	1	18	9	44	44	2	71
83	1	18	12	44	44	3	46
83	1	18	17	44	44	2	23
83	1	18	18	44	44	2	58
83	1	18	22	44	44	3	72
83	1	18	24	44	44	2	80
83	1	18	31	44	44	2	12
83	1	18	34	44	44	3	37
83	1	18	39	44	44	2	60
83	1	18	40	44	44	2	25
83	1	19	2	44	44	3	46
83	1	19	5	44	44	2	71
83	1	19	12	44	44	2	3
83	1	19	14	44	44	3	11
83	1	19	18	44	44	2	25
83	1	19	19	44	44	2	60
83	1	19	24	44	44	3	37
83	1	19	26	44	44	3	inf
83	1	19	27	44	44	2	12
83	1	19	34	44	44	2	80
83	1	19	36	44	44	3	72
83	1	19	40	44	44	2	58
83	1	19	41	44	44	2	23
83	1	20	1	44	44	2	12
83	1	20	4	44	44	3	37
83	1	20	9	44	44	2	60
83	1	20	10	44	44	2	25
83	1	20	14	44	44	3	11
83	1	20	16	44	44	2	3
83	1	20	23	44	44	2	71
83	1	20	26	44	44	3	46
83	1	20	31	44	44	2	23
83	1	20	32	44	44	2	58
83	1	20	36	44	44	3	72
83	1	20	38	44	44	2	80
83	1	21	4	44	44	2	80
83	1	21	6	44	44	3	72
83	1	21	10	44	44	2	58
83	1	21	11	44	44	2	23
83	1	21	16	44	44	3	46
83	1	21	19	44	44	2	71
83	1	21	26	44	44	2	3
83	1	21	28	44	44	3	11
83	1	21	32	44	44	2	25
83	1	21	33	44	44	2	60
83	1	21	38	44	44	3	37
83	1	21	40	44	44	3	inf
83	1	21	41	44	44	2	12
83	1	22	1	44	44	2	23
83	1	22	2	44	44	2	58
83	1	22	6	44	44	3	72
83	1	22	8	44	44	2	80
83	1	22	15	44	44	2	12
83	1	22	18	44	44	3	37
83	1	22	23	44	44	2	60
83	1	22	24	44	44	2	25
83	1	22	28	44	44	3	11
83	1	22	30	44	44	2	3
83	1	22	37	44	44	2	71
83	1	22	40	44	44	3	46
83	1	23	2	44	44	2	25
83	1	23	3	44	44	2	60
83	1	23	8	44	44	3	37
83	1	23	10	44	44	3	inf
83	1	23	11	44	44	2	12
83	1	23	18	44	44	2	80
83	1	23	20	44	44	3	72
83	1	23	24	44	44	2	58
83	1	23	25	44	44	2	23
83	1	23	30	44	44	3	46
83	1	23	33	44	44	2	71
83	1	23	40	44	44	2	3
83	1	23	42	44	44	3	11
83	1	24	0	44	44	2	3
83	1	24	7	44	44	2	71
83	1	24	10	44	44	3	46
83	1	24	15	44	44	2	23
83	1	24	16	44	44	2	58
83	1	24	20	44	44	3	72
83	1	24	22	44	44	2	80
83	1	24	29	44	44	2	12
83	1	24	32	44	44	3	37
83	1	24	37	44	44	2	60
83	1	24	38	44	44	2	25
83	1	24	42	44	44	3	11
83	1	25	0	44	44	3	46
83	1	25	3	44	44	2	71
83	1	25	10	44	44	2	3
83	1	25	12	44	44	3	11
83	1	25	16	44	44	2	25
83	1	25	17	44	44	2	60
83	1	25	22	44	44	3	37
83	1	25	24	44	44	3	inf
83	1	25	25	44	44	2	12
83	1	25	32	44	44	2	80
83	1	25	34	44	44	3	72
83	1	25	38	44	44	2	58
83	1	25	39	44	44	2	23
83	1	26	2	44	44	3	37
83	1	26	7	44	44	2	60
83	1	26	8	44	44	2	25
83	1	26	12	44	44	3	11
83	1	26	14	44	44	2	3
83	1	26	21	44	44	2	71
83	1	26	24	44	44	3	46
83	1	26	29	44	44	2	23
83	1	26	30	44	44	2	58
83	1	26	34	44	44	3	72
83	1	26	36	44	44	2	80
83	1	26	43	44	44	2	12
83	1	27	2	44	44	2	80
83	1	27	4	44	44	3	72
83	1	27	8	44	44	2	58
83	1	27	9	44	44	2	23
83	1	27	14	44	44	3	46
83	1	27	17	44	44	2	71
83	1	27	24	44	44	2	3
83	1	27	26	44	44	3	11
83	1	27	30	44	44	2	25
83	1	27	31	44	44	2	60
83	1	27	36	44	44	3	37
83	1	27	38	44	44	3	inf
83	1	27	39	44	44	2	12
83	1	28	0	44	44	2	58
83	1	28	4	44	44	3	72
83	1	28	6	44	44	2	80
83	1	28	13	44	44	2	12
83	1	28	16	44	44	3	37
83	1	28	21	44	44	2	60
83	1	28	22	44	44	2	25
83	1	28	26	44	44	3	11
83	1	28	28	44	44	2	3
83	1	28	35	44	44	2	71
83	1	28	38	44	44	3	46
83	1	28	43	44	44	2	23
83	1	29	0	44	44	2	25
83	1	29	1	44	44	2	60
83	1	29	6	44	44	3	37
83	1	29	8	44	44	3	inf
83	1	29	9	44	44	2	12
83	1	29	16	44	44	2	80
83	1	29	18	44	44	3	72
83	1	29	22	44	44	2	58
83	1	29	23	44	44	2	23
83	1	29	28	44	44	3	46
83	1	29	31	44	44	2	71
83	1	29	38	44	44	2	3
83	1	29	40	44	44	3	11
83	1	30	5	44	44	2	71
83	1	30	8	44	44	3	46
83	1	30	13	44	44	2	23
83	1	30	14	44	44	2	58
83	1	30	18	44	44	3	72
83	1	30	20	44	44	2	80
83	1	30	27	44	44	2	12
83	1	30	30	44	44	3	37
83	1	30	35	44	44	2	60
83	1	30	36	44	44	2	25
83	1	30	40	44	44	3	11
83	1	30	42	44	44	2	3
83	1	31	1	44	44	2	71
83	1	31	8	44	44	2	3
83	1	31	10	44	44	3	11
83	1	31	14	44	44	2	25
83	1	31	15	44	44	2	60
83	1	31	20	44	44	3	37
83	1	31	22	44	44	3	inf
83	1	31	23	44	44	2	12
83	1	31	30	44	44	2	80
83	1	31	32	44	44	3	72
83	1	31	36	44	44	2	58
83	1	31	37	44	44	2	23
83	1	31	42	44	44	3	46
83	1	32	0	44	44	3	37
83	1	32	5	44	44	2	60
83	1	32	6	44	44	2	25
83	1	32	10	44	44	3	11
83	1	32	12	44	44	2	3
83	1	32	19	44	44	2	71
83	1	32	22	44	44	3	46
83	1	32	27	44	44	2	23
83	1	32	28	44	44	2	58
83	1	32	32	44	44	3	72
83	1	32	34	44	44	2	80
83	1	32	41	44	44	2	12
83	1	33	0	44	44	2	80
83	1	33	2	44	44	3	72
83	1	33	6	44	44	2	58
83	1	33	7	44	44	2	23
83	1	33	12	44	44	3	46
83	1	33	15	44	44	2	71
83	1	33	22	44	44	2	3
83	1	33	24	44	44	3	11
83	1	33	28	44	44	2	25
83	1	33	29	44	44	2	60
83	1	33	34	44	44	3	37
83	1	33	36	44	44	3	inf
83	1	33	37	44	44	2	12
83	1	34	2	44	44	3	72
83	1	34	4	44	44	2	80
83	1	34	11	44	44	2	12
83	1	34	14	44	44	3	37
83	1	34	19	44	44	2	60
83	1	34	20	44	44	2	25
83	1	34	24	44	44	3	11
83	1	34	26	44	44	2	3
83	1	34	33	44	44	2	71
83	1	34	36	44	44	3	46
83	1	34	41	44	44	2	23
83	1	34	42	44	44	2	58
83	1	35	4	44	44	3	37
83	1	35	6	44	44	3	inf
83	1	35	7	44	44	2	12
83	1	35	14	44	44	2	80
83	1	35	16	44	44	3	72
83	1	35	20	44	44	2	58
83	1	35	21	44	44	2	23
83	1	35	26	44	44	3	46
83	1	35	29	44	44	2	71
83	1	35	36	44	44	2	3
83	1	35	38	44	44	3	11
83	1	35	42	44	44	2	25
83	1	35	43	44	44	2	60
83	1	36	3	44	44	2	71
83	1	36	6	44	44	3	46
83	1	36	11	44	44	2	23
83	1	36	12	44	44	2	58
83	1	36	16	44	44	3	72
83	1	36	18	44	44	2	80
83	1	36	25	44	44	2	12
83	1	36	28	44	44	3	37
83	1	36	33	44	44	2	60
83	1	36	34	44	44	2	25
83	1	36	38	44	44	3	11
83	1	36	40	44	44	2	3
83	1	37	6	44	44	2	3
83	1	37	8	44	44	3	11
83	1	37	12	44	44	2	25
83	1	37	13	44	44	2	60
83	1	37	18	44	44	3	37
83	1	37	20	44	44	3	inf
83	1	37	21	44	44	2	12
83	1	37	28	44	44	2	80
83	1	37	30	44	44	3	72
83	1	37	34	44	44	2	58
83	1	37	35	44	44	2	23
83	1	37	40	44	44	3	46
83	1	37	43	44	44	2	71
83	1	38	3	44	44	2	60
83	1	38	4	44	44	2	25
83	1	38	8	44	44	3	11
83	1	38	10	44	44	2	3
83	1	38	17	44	44	2	71
83	1	38	20	44	44	3	46
83	1	38	25	44	44	2	23
83	1	38	26	44	44	2	58
83	1	38	30	44	44	3	72
83	1	38	32	44	44	2	80
83	1	38	39	44	44	2	12
83	1	38	42	44	44	3	37
83	1	39	0	44	44	3	72
83	1	39	4	44	44	2	58
83	1	39	5	44	44	2	23
83	1	39	10	44	44	3	46
83	1	39	13	44	44	2	71
83	1	39	20	44	44	2	3
83	1	39	22	44	44	3	11
83	1	39	26	44	44	2	25
83	1	39	27	44	44	2	60
83	1	39	32	44	44	3	37
83	1	39	34	44	44	3	inf
83	1	39	35	44	44	2	12
83	1	39	42	44	44	2	80
83	1	40	0	44	44	3	72
83	1	40	2	44	44	2	80
83	1	40	9	44	44	2	12
83	1	40	12	44	44	3	37
83	1	40	17	44	44	2	60
83	1	40	18	44	44	2	25
83	1	40	22	44	44	3	11
83	1	40	24	44	44	2	3
83	1	40	31	44	44	2	71
83	1	40	34	44	44	3	46
83	1	40	39	44	44	2	23
83	1	40	40	44	44	2	58
83	1	41	2	44	44	3	37
83	1	41	4	44	44	3	inf
83	1	41	5	44	44	2	12
83	1	41	12	44	44	2	80
83	1	41	14	44	44	3	72
83	1	41	18	44	44	2	58
83	1	41	19	44	44	2	23
83	1	41	24	44	44	3	46
83	1	41	27	44	44	2	71
83	1	41	34	44	44	2	3
83	1	41	36	44	44	3	11
83	1	41	40	44	44	2	25
83	1	41	41	44	44	2	60
83	1	42	1	44	44	2	71
83	1	42	4	44	44	3	46
83	1	42	9	44	44	2	23
83	1	42	10	44	44	2	58
83	1	42	14	44	44	3	72
83	1	42	16	44	44	2	80
83	1	42	23	44	44	2	12
83	1	42	26	44	44	3	37
83	1	42	31	44	44	2	60
83	1	42	32	44	44	2	25
83	1	42	36	44	44	3	11
83	1	42	38	44	44	2	3
83	1	43	4	44	44	2	3
83	1	43	6	44	44	3	11
83	1	43	10	44	44	2	25
83	1	43	11	44	44	2	60
83	1	43	16	44	44	3	37
83	1	43	18	44	44	3	inf
83	1	43	19	44	44	2	12
83	1	43	26	44	44	2	80
83	1	43	28	44	44	3	72
83	1	43	32	44	44	2	58
83	1	43	33	44	44	2	23
83	1	43	38	44	44	3	46
83	1	43	41	44	44	2	71
83	2	0	4	44	44	2	12
83	2	0	7	44	44	3	37
83	2	0	12	44	44	2	60
83	2	0	13	44	44	2	25
83	2	0	17	44	44	3	11
83	2	0	19	44	44	2	3
83	2	0	26	44	44	2	71
83	2	0	29	44	44	3	46
83	2	0	34	44	44	2	23
83	2	0	35	44	44	2	58
83	2	0	39	44	44	3	72
83	2	0	41	44	44	2	80
83	2	1	0	44	44	2	12
83	2	1	7	44	44	2	80
83	2	1	9	44	44	3	72
83	2	1	13	44	44	2	58
83	2	1	14	44	44	2	23
83	2	1	19	44	44	3	46
83	2	1	22	44	44	2	71
83	2	1	29	44	44	2	3
83	2	1	31	44	44	3	11
83	2	1	35	44	44	2	25
83	2	1	36	44	44	2	60
83	2	1	41	44	44	3	37
83	2	1	43	44	44	3	inf
83	2	2	4	44	44	2	23
83	2	2	5	44	44	2	58
83	2	2	9	44	44	3	72
83	2	2	11	44	44	2	80
83	2	2	18	44	44	2	12
83	2	2	21	44	44	3	37
83	2	2	26	44	44	2	60
83	2	2	27	44	44	2	25
83	2	2	31	44	44	3	11
83	2	2	33	44	44	2	3
83	2	2	40	44	44	2	71
83	2	2	43	44	44	3	46
83	2	3	1	44	44	3	11
83	2	3	5	44	44	2	25
83	2	3	6	44	44	2	60
83	2	3	11	44	44	3	37
83	2	3	13	44	44	3	inf
83	2	3	14	44	44	2	12
83	2	3	21	44	44	2	80
83	2	3	23	44	44	3	72
83	2	3	27	44	44	2	58
83	2	3	28	44	44	2	23
83	2	3	33	44	44	3	46
83	2	3	36	44	44	2	71
83	2	3	43	44	44	2	3
83	2	4	1	44	44	3	11
83	2	4	3	44	44	2	3
83	2	4	10	44	44	2	71
83	2	4	13	44	44	3	46
83	2	4	18	44	44	2	23
83	2	4	19	44	44	2	58
83	2	4	23	44	44	3	72
83	2	4	25	44	44	2	80
83	2	4	32	44	44	2	12
83	2	4	35	44	44	3	37
83	2	4	40	44	44	2	60
83	2	4	41	44	44	2	25
83	2	5	3	44	44	3	46
83	2	5	6	44	44	2	71
83	2	5	13	44	44	2	3
83	2	5	15	44	44	3	11
83	2	5	19	44	44	2	25
83	2	5	20	44	44	2	60
83	2	5	25	44	44	3	37
83	2	5	27	44	44	3	inf
83	2	5	28	44	44	2	12
83	2	5	35	44	44	2	80
83	2	5	37	44	44	3	72
83	2	5	41	44	44	2	58
83	2	5	42	44	44	2	23
83	2	6	2	44	44	2	12
83	2	6	5	44	44	3	37
83	2	6	10	44	44	2	60
83	2	6	11	44	44	2	25
83	2	6	15	44	44	3	11
83	2	6	17	44	44	2	3
83	2	6	24	44	44	2	71
83	2	6	27	44	44	3	46
83	2	6	32	44	44	2	23
83	2	6	33	44	44	2	58
83	2	6	37	44	44	3	72
83	2	6	39	44	44	2	80
83	2	7	5	44	44	2	80
83	2	7	7	44	44	3	72
83	2	7	11	44	44	2	58
83	2	7	12	44	44	2	23
83	2	7	17	44	44	3	46
83	2	7	20	44	44	2	71
83	2	7	27	44	44	2	3
83	2	7	29	44	44	3	11
83	2	7	33	44	44	2	25
83	2	7	34	44	44	2	60
83	2	7	39	44	44	3	37
83	2	7	41	44	44	3	inf
83	2	7	42	44	44	2	12
83	2	8	2	44	44	2	23
83	2	8	3	44	44	2	58
83	2	8	7	44	44	3	72
83	2	8	9	44	44	2	80
83	2	8	16	44	44	2	12
83	2	8	19	44	44	3	37
83	2	8	24	44	44	2	60
83	2	8	25	44	44	2	25
83	2	8	29	44	44	3	11
83	2	8	31	44	44	2	3
83	2	8	38	44	44	2	71
83	2	8	41	44	44	3	46
83	2	9	3	44	44	2	25
83	2	9	4	44	44	2	60
83	2	9	9	44	44	3	37
83	2	9	11	44	44	3	inf
83	2	9	12	44	44	2	12
83	2	9	19	44	44	2	80
83	2	9	21	44	44	3	72
83	2	9	25	44	44	2	58
83	2	9	26	44	44	2	23
83	2	9	31	44	44	3	46
83	2	9	34	44	44	2	71
83	2	9	41	44	44	2	3
83	2	9	43	44	44	3	11
83	2	10	1	44	44	2	3
83	2	10	8	44	44	2	71
83	2	10	11	44	44	3	46
83	2	10	16	44	44	2	23
83	2	10	17	44	44	2	58
83	2	10	21	44	44	3	72
83	2	10	23	44	44	2	80
83	2	10	30	44	44	2	12
83	2	10	33	44	44	3	37
83	2	10	38	44	44	2	60
83	2	10	39	44	44	2	25
83	2	10	43	44	44	3	11
83	2	11	1	44	44	3	46
83	2	11	4	44	44	2	71
83	2	11	11	44	44	2	3
83	2	11	13	44	44	3	11
83	2	11	17	44	44	2	25
83	2	11	18	44	44	2	60
83	2	11	23	44	44	3	37
83	2	11	25	44	44	3	inf
83	2	11	26	44	44	2	12
83	2	11	33	44	44	2	80
83	2	11	35	44	44	3	72
83	2	11	39	44	44	2	58
83	2	11	40	44	44	2	23
83	2	12	0	44	44	2	12
83	2	12	3	44	44	3	37
83	2	12	8	44	44	2	60
83	2	12	9	44	44	2	25
83	2	12	13	44	44	3	11
83	2	12	15	44	44	2	3
83	2	12	22	44	44	2	71
83	2	12	25	44	44	3	46
83	2	12	30	44	44	2	23
83	2	12	31	44	44	2	58
83	2	12	35	44	44	3	72
83	2	12	37	44	44	2	80
83	2	13	3	44	44	2	80
83	2	13	5	44	44	3	72
83	2	13	9	44	44	2	58
83	2	13	10	44	44	2	23
83	2	13	15	44	44	3	46
83	2	13	18	44	44	2	71
83	2	13	25	44	44	2	3
83	2	13	27	44	44	3	11
83	2	13	31	44	44	2	25
83	2	13	32	44	44	2	60
83	2	13	37	44	44	3	37
83	2	13	39	44	44	3	inf
83	2	13	40	44	44	2	12
83	2	14	0	44	44	2	23
83	2	14	1	44	44	2	58
83	2	14	5	44	44	3	72
83	2	14	7	44	44	2	80
83	2	14	14	44	44	2	12
83	2	14	17	44	44	3	37
83	2	14	22	44	44	2	60
83	2	14	23	44	44	2	25
83	2	14	27	44	44	3	11
83	2	14	29	44	44	2	3
83	2	14	36	44	44	2	71
83	2	14	39	44	44	3	46
83	2	15	1	44	44	2	25
83	2	15	2	44	44	2	60
83	2	15	7	44	44	3	37
83	2	15	9	44	44	3	inf
83	2	15	10	44	44	2	12
83	2	15	17	44	44	2	80
83	2	15	19	44	44	3	72
83	2	15	23	44	44	2	58
83	2	15	24	44	44	2	23
83	2	15	29	44	44	3	46
83	2	15	32	44	44	2	71
83	2	15	39	44	44	2	3
83	2	15	41	44	44	3	11
83	2	16	6	44	44	2	71
83	2	16	9	44	44	3	46
83	2	16	14	44	44	2	23
83	2	16	15	44	44	2	58
83	2	16	19	44	44	3	72
83	2	16	21	44	44	2	80
83	2	16	28	44	44	2	12
83	2	16	31	44	44	3	37
83	2	16	36	44	44	2	60
83	2	16	37	44	44	2	25
83	2	16	41	44	44	3	11
83	2	16	43	44	44	2	3
83	2	17	2	44	44	2	71
83	2	17	9	44	44	2	3
83	2	17	11	44	44	3	11
83	2	17	15	44	44	2	25
83	2	17	16	44	44	2	60
83	2	17	21	44	44	3	37
83	2	17	23	44	44	3	inf
83	2	17	24	44	44	2	12
83	2	17	31	44	44	2	80
83	2	17	33	44	44	3	72
83	2	17	37	44	44	2	58
83	2	17	38	44	44	2	23
83	2	17	43	44	44	3	46
83	2	18	1	44	44	3	37
83	2	18	6	44	44	2	60
83	2	18	7	44	44	2	25
83	2	18	11	44	44	3	11
83	2	18	13	44	44	2	3
83	2	18	20	44	44	2	71
83	2	18	23	44	44	3	46
83	2	18	28	44	44	2	23
83	2	18	29	44	44	2	58
83	2	18	33	44	44	3	72
83	2	18	35	44	44	2	80
83	2	18	42	44	44	2	12
83	2	19	1	44	44	2	80
83	2	19	3	44	44	3	72
83	2	19	7	44	44	2	58
83	2	19	8	44	44	2	23
83	2	19	13	44	44	3	46
83	2	19	16	44	44	2	71
83	2	19	23	44	44	2	3
83	2	19	25	44	44	3	11
83	2	19	29	44	44	2	25
83	2	19	30	44	44	2	60
83	2	19	35	44	44	3	37
83	2	19	37	44	44	3	inf
83	2	19	38	44	44	2	12
83	2	20	3	44	44	3	72
83	2	20	5	44	44	2	80
83	2	20	12	44	44	2	12
83	2	20	15	44	44	3	37
83	2	20	20	44	44	2	60
83	2	20	21	44	44	2	25
83	2	20	25	44	44	3	11
83	2	20	27	44	44	2	3
83	2	20	34	44	44	2	71
83	2	20	37	44	44	3	46
83	2	20	42	44	44	2	23
83	2	20	43	44	44	2	58
83	2	21	0	44	44	2	60
83	2	21	5	44	44	3	37
83	2	21	7	44	44	3	inf
83	2	21	8	44	44	2	12
83	2	21	15	44	44	2	80
83	2	21	17	44	44	3	72
83	2	21	21	44	44	2	58
83	2	21	22	44	44	2	23
83	2	21	27	44	44	3	46
83	2	21	30	44	44	2	71
83	2	21	37	44	44	2	3
83	2	21	39	44	44	3	11
83	2	21	43	44	44	2	25
83	2	22	4	44	44	2	71
83	2	22	7	44	44	3	46
83	2	22	12	44	44	2	23
83	2	22	13	44	44	2	58
83	2	22	17	44	44	3	72
83	2	22	19	44	44	2	80
83	2	22	26	44	44	2	12
83	2	22	29	44	44	3	37
83	2	22	34	44	44	2	60
83	2	22	35	44	44	2	25
83	2	22	39	44	44	3	11
83	2	22	41	44	44	2	3
83	2	23	0	44	44	2	71
83	2	23	7	44	44	2	3
83	2	23	9	44	44	3	11
83	2	23	13	44	44	2	25
83	2	23	14	44	44	2	60
83	2	23	19	44	44	3	37
83	2	23	21	44	44	3	inf
83	2	23	22	44	44	2	12
83	2	23	29	44	44	2	80
83	2	23	31	44	44	3	72
83	2	23	35	44	44	2	58
83	2	23	36	44	44	2	23
83	2	23	41	44	44	3	46
83	2	24	4	44	44	2	60
83	2	24	5	44	44	2	25
83	2	24	9	44	44	3	11
83	2	24	11	44	44	2	3
83	2	24	18	44	44	2	71
83	2	24	21	44	44	3	46
83	2	24	26	44	44	2	23
83	2	24	27	44	44	2	58
83	2	24	31	44	44	3	72
83	2	24	33	44	44	2	80
83	2	24	40	44	44	2	12
83	2	24	43	44	44	3	37
83	2	25	1	44	44	3	72
83	2	25	5	44	44	2	58
83	2	25	6	44	44	2	23
83	2	25	11	44	44	3	46
83	2	25	14	44	44	2	71
83	2	25	21	44	44	2	3
83	2	25	23	44	44	3	11
83	2	25	27	44	44	2	25
83	2	25	28	44	44	2	60
83	2	25	33	44	44	3	37
83	2	25	35	44	44	3	inf
83	2	25	36	44	44	2	12
83	2	25	43	44	44	2	80
83	2	26	1	44	44	3	72
83	2	26	3	44	44	2	80
83	2	26	10	44	44	2	12
83	2	26	13	44	44	3	37
83	2	26	18	44	44	2	60
83	2	26	19	44	44	2	25
83	2	26	23	44	44	3	11
83	2	26	25	44	44	2	3
83	2	26	32	44	44	2	71
83	2	26	35	44	44	3	46
83	2	26	40	44	44	2	23
83	2	26	41	44	44	2	58
83	2	27	3	44	44	3	37
83	2	27	5	44	44	3	inf
83	2	27	6	44	44	2	12
83	2	27	13	44	44	2	80
83	2	27	15	44	44	3	72
83	2	27	19	44	44	2	58
83	2	27	20	44	44	2	23
83	2	27	25	44	44	3	46
83	2	27	28	44	44	2	71
83	2	27	35	44	44	2	3
83	2	27	37	44	44	3	11
83	2	27	41	44	44	2	25
83	2	27	42	44	44	2	60
83	2	28	2	44	44	2	71
83	2	28	5	44	44	3	46
83	2	28	10	44	44	2	23
83	2	28	11	44	44	2	58
83	2	28	15	44	44	3	72
83	2	28	17	44	44	2	80
83	2	28	24	44	44	2	12
83	2	28	27	44	44	3	37
83	2	28	32	44	44	2	60
83	2	28	33	44	44	2	25
83	2	28	37	44	44	3	11
83	2	28	39	44	44	2	3
83	2	29	5	44	44	2	3
83	2	29	7	44	44	3	11
83	2	29	11	44	44	2	25
83	2	29	12	44	44	2	60
83	2	29	17	44	44	3	37
83	2	29	19	44	44	3	inf
83	2	29	20	44	44	2	12
83	2	29	27	44	44	2	80
83	2	29	29	44	44	3	72
83	2	29	33	44	44	2	58
83	2	29	34	44	44	2	23
83	2	29	39	44	44	3	46
83	2	29	42	44	44	2	71
83	2	30	2	44	44	2	60
83	2	30	3	44	44	2	25
83	2	30	7	44	44	3	11
83	2	30	9	44	44	2	3
83	2	30	16	44	44	2	71
83	2	30	19	44	44	3	46
83	2	30	24	44	44	2	23
83	2	30	25	44	44	2	58
83	2	30	29	44	44	3	72
83	2	30	31	44	44	2	80
83	2	30	38	44	44	2	12
83	2	30	41	44	44	3	37
83	2	31	3	44	44	2	58
83	2	31	4	44	44	2	23
83	2	31	9	44	44	3	46
83	2	31	12	44	44	2	71
83	2	31	19	44	44	2	3
83	2	31	21	44	44	3	11
83	2	31	25	44	44	2	25
83	2	31	26	44	44	2	60
83	2	31	31	44	44	3	37
83	2	31	33	44	44	3	inf
83	2	31	34	44	44	2	12
83	2	31	41	44	44	2	80
83	2	31	43	44	44	3	72
83	2	32	1	44	44	2	80
83	2	32	8	44	44	2	12
83	2	32	11	44	44	3	37
83	2	32	16	44	44	2	60
83	2	32	17	44	44	2	25
83	2	32	21	44	44	3	11
83	2	32	23	44	44	2	3
83	2	32	30	44	44	2	71
83	2	32	33	44	44	3	46
83	2	32	38	44	44	2	23
83	2	32	39	44	44	2	58
83	2	32	43	44	44	3	72
83	2	33	1	44	44	3	37
83	2	33	3	44	44	3	inf
83	2	33	4	44	44	2	12
83	2	33	11	44	44	2	80
83	2	33	13	44	44	3	72
83	2	33	17	44	44	2	58
83	2	33	18	44	44	2	23
83	2	33	23	44	44	3	46
83	2	33	26	44	44	2	71
83	2	33	33	44	44	2	3
83	2	33	35	44	44	3	11
83	2	33	39	44	44	2	25
83	2	33	40	44	44	2	60
83	2	34	0	44	44	2	71
83	2	34	3	44	44	3	46
83	2	34	8	44	44	2	23
83	2	34	9	44	44	2	58
83	2	34	13	44	44	3	72
83	2	34	15	44	44	2	80
83	2	34	22	44	44	2	12
83	2	34	25	44	44	3	37
83	2	34	30	44	44	2	60
83	2	34	31	44	44	2	25
83	2	34	35	44	44	3	11
83	2	34	37	44	44	2	3
83	2	35	3	44	44	2	3
83	2	35	5	44	44	3	11
83	2	35	9	44	44	2	25
83	2	35	10	44	44	2	60
83	2	35	15	44	44	3	37
83	2	35	17	44	44	3	inf
83	2	35	18	44	44	2	12
83	2	35	25	44	44	2	80
83	2	35	27	44	44	3	72
83	2	35	31	44	44	2	58
83	2	35	32	44	44	2	23
83	2	35	37	44	44	3	46
83	2	35	40	44	44	2	71
83	2	36	0	44	44	2	60
83	2	36	1	44	44	2	25
83	2	36	5	44	44	3	11
83	2	36	7	44	44	2	3
83	2	36	14	44	44	2	71
83	2	36	17	44	44	3	46
83	2	36	22	44	44	2	23
83	2	36	23	44	44	2	58
83	2	36	27	44	44	3	72
83	2	36	29	44	44	2	80
83	2	36	36	44	44	2	12
83	2	36	39	44	44	3	37
83	2	37	1	44	44	2	58
83	2	37	2	44	44	2	23
83	2	37	7	44	44	3	46
83	2	37	10	44	44	2	71
83	2	37	17	44	44	2	3
83	2	37	19	44	44	3	11
83	2	37	23	44	44	2	25
83	2	37	24	44	44	2	60
83	2	37	29	44	44	3	37
83	2	37	31	44	44	3	inf
83	2	37	32	44	44	2	12
83	2	37	39	44	44	2	80
83	2	37	41	44	44	3	72
83	2	38	6	44	44	2	12
83	2	38	9	44	44	3	37
83	2	38	14	44	44	2	60
83	2	38	15	44	44	2	25
83	2	38	19	44	44	3	11
83	2	38	21	44	44	2	3
83	2	38	28	44	44	2	71
83	2	38	31	44	44	3	46
83	2	38	36	44	44	2	23
83	2	38	37	44	44	2	58
83	2	38	41	44	44	3	72
83	2	38	43	44	44	2	80
83	2	39	1	44	44	3	inf
83	2	39	2	44	44	2	12
83	2	39	9	44	44	2	80
83	2	39	11	44	44	3	72
83	2	39	15	44	44	2	58
83	2	39	16	44	44	2	23
83	2	39	21	44	44	3	46
83	2	39	24	44	44	2	71
83	2	39	31	44	44	2	3
83	2	39	33	44	44	3	11
83	2	39	37	44	44	2	25
83	2	39	38	44	44	2	60
83	2	39	43	44	44	3	37
83	2	40	1	44	44	3	46
83	2	40	6	44	44	2	23
83	2	40	7	44	44	2	58
83	2	40	11	44	44	3	72
83	2	40	13	44	44	2	80
83	2	40	20	44	44	2	12
83	2	40	23	44	44	3	37
83	2	40	28	44	44	2	60
83	2	40	29	44	44	2	25
83	2	40	33	44	44	3	11
83	2	40	35	44	44	2	3
83	2	40	42	44	44	2	71
83	2	41	1	44	44	2	3
83	2	41	3	44	44	3	11
83	2	41	7	44	44	2	25
83	2	41	8	44	44	2	60
83	2	41	13	44	44	3	37
83	2	41	15	44	44	3	inf
83	2	41	16	44	44	2	12
83	2	41	23	44	44	2	80
83	2	41	25	44	44	3	72
83	2	41	29	44	44	2	58
83	2	41	30	44	44	2	23
83	2	41	35	44	44	3	46
83	2	41	38	44	44	2	71
83	2	42	3	44	44	3	11
83	2	42	5	44	44	2	3
83	2	42	12	44	44	2	71
83	2	42	15	44	44	3	46
83	2	42	20	44	44	2	23
83	2	42	21	44	44	2	58
83	2	42	25	44	44	3	72
83	2	42	27	44	44	2	80
83	2	42	34	44	44	2	12
83	2	42	37	44	44	3	37
83	2	42	42	44	44	2	60
83	2	42	43	44	44	2	25
83	2	43	0	44	44	2	23
83	2	43	5	44	44	3	46
83	2	43	8	44	44	2	71
83	2	43	15	44	44	2	3
83	2	43	17	44	44	3	11
83	2	43	21	44	44	2	25
83	2	43	22	44	44	2	60
83	2	43	27	44	44	3	37
83	2	43	29	44	44	3	inf
83	2	43	30	44	44	2	12
83	2	43	37	44	44	2	80
83	2	43	39	44	44	3	72
83	2	43	43	44	44	2	58
83	3	0	1	44	44	2	23
83	3	0	2	44	44	2	58
83	3	0	6	44	44	3	72
83	3	0	8	44	44	2	80
83	3	0	15	44	44	2	12
83	3	0	18	44	44	3	37
83	3	0	23	44	44	2	60
83	3	0	24	44	44	2	25
83	3	0	28	44	44	3	11
83	3	0	30	44	44	2	3
83	3	0	37	44	44	2	71
83	3	0	40	44	44	3	46
83	3	1	2	44	44	2	25
83	3	1	3	44	44	2	60
83	3	1	8	44	44	3	37
83	3	1	10	44	44	3	inf
83	3	1	11	44	44	2	12
83	3	1	18	44	44	2	80
83	3	1	20	44	44	3	72
83	3	1	24	44	44	2	58
83	3	1	25	44	44	2	23
83	3	1	30	44	44	3	46
83	3	1	33	44	44	2	71
83	3	1	40	44	44	2	3
83	3	1	42	44	44	3	11
83	3	2	0	44	44	2	3
83	3	2	7	44	44	2	71
83	3	2	10	44	44	3	46
83	3	2	15	44	44	2	23
83	3	2	16	44	44	2	58
83	3	2	20	44	44	3	72
83	3	2	22	44	44	2	80
83	3	2	29	44	44	2	12
83	3	2	32	44	44	3	37
83	3	2	37	44	44	2	60
83	3	2	38	44	44	2	25
83	3	2	42	44	44	3	11
83	3	3	0	44	44	3	46
83	3	3	3	44	44	2	71
83	3	3	10	44	44	2	3
83	3	3	12	44	44	3	11
83	3	3	16	44	44	2	25
83	3	3	17	44	44	2	60
83	3	3	22	44	44	3	37
83	3	3	24	44	44	3	inf
83	3	3	25	44	44	2	12
83	3	3	32	44	44	2	80
83	3	3	34	44	44	3	72
83	3	3	38	44	44	2	58
83	3	3	39	44	44	2	23
83	3	4	2	44	44	3	37
83	3	4	7	44	44	2	60
83	3	4	8	44	44	2	25
83	3	4	12	44	44	3	11
83	3	4	14	44	44	2	3
83	3	4	21	44	44	2	71
83	3	4	24	44	44	3	46
83	3	4	29	44	44	2	23
83	3	4	30	44	44	2	58
83	3	4	34	44	44	3	72
83	3	4	36	44	44	2	80
83	3	4	43	44	44	2	12
83	3	5	2	44	44	2	80
83	3	5	4	44	44	3	72
83	3	5	8	44	44	2	58
83	3	5	9	44	44	2	23
83	3	5	14	44	44	3	46
83	3	5	17	44	44	2	71
83	3	5	24	44	44	2	3
83	3	5	26	44	44	3	11
83	3	5	30	44	44	2	25
83	3	5	31	44	44	2	60
83	3	5	36	44	44	3	37
83	3	5	38	44	44	3	inf
83	3	5	39	44	44	2	12
83	3	6	0	44	44	2	58
83	3	6	4	44	44	3	72
83	3	6	6	44	44	2	80
83	3	6	13	44	44	2	12
83	3	6	16	44	44	3	37
83	3	6	21	44	44	2	60
83	3	6	22	44	44	2	25
83	3	6	26	44	44	3	11
83	3	6	28	44	44	2	3
83	3	6	35	44	44	2	71
83	3	6	38	44	44	3	46
83	3	6	43	44	44	2	23
83	3	7	0	44	44	2	25
83	3	7	1	44	44	2	60
83	3	7	6	44	44	3	37
83	3	7	8	44	44	3	inf
83	3	7	9	44	44	2	12
83	3	7	16	44	44	2	80
83	3	7	18	44	44	3	72
83	3	7	22	44	44	2	58
83	3	7	23	44	44	2	23
83	3	7	28	44	44	3	46
83	3	7	31	44	44	2	71
83	3	7	38	44	44	2	3
83	3	7	40	44	44	3	11
83	3	8	5	44	44	2	71
83	3	8	8	44	44	3	46
83	3	8	13	44	44	2	23
83	3	8	14	44	44	2	58
83	3	8	18	44	44	3	72
83	3	8	20	44	44	2	80
83	3	8	27	44	44	2	12
83	3	8	30	44	44	3	37
83	3	8	35	44	44	2	60
83	3	8	36	44	44	2	25
83	3	8	40	44	44	3	11
83	3	8	42	44	44	2	3
83	3	9	1	44	44	2	71
83	3	9	8	44	44	2	3
83	3	9	10	44	44	3	11
83	3	9	14	44	44	2	25
83	3	9	15	44	44	2	60
83	3	9	20	44	44	3	37
83	3	9	22	44	44	3	inf
83	3	9	23	44	44	2	12
83	3	9	30	44	44	2	80
83	3	9	32	44	44	3	72
83	3	9	36	44	44	2	58
83	3	9	37	44	44	2	23
83	3	9	42	44	44	3	46
83	3	10	0	44	44	3	37
83	3	10	5	44	44	2	60
83	3	10	6	44	44	2	25
83	3	10	10	44	44	3	11
83	3	10	12	44	44	2	3
83	3	10	19	44	44	2	71
83	3	10	22	44	44	3	46
83	3	10	27	44	44	2	23
83	3	10	28	44	44	2	58
83	3	10	32	44	44	3	72
83	3	10	34	44	44	2	80
83	3	10	41	44	44	2	12
83	3	11	0	44	44	2	80
83	3	11	2	44	44	3	72
83	3	11	6	44	44	2	58
83	3	11	7	44	44	2	23
83	3	11	12	44	44	3	46
83	3	11	15	44	44	2	71
83	3	11	22	44	44	2	3
83	3	11	24	44	44	3	11
83	3	11	28	44	44	2	25
83	3	11	29	44	44	2	60
83	3	11	34	44	44	3	37
83	3	11	36	44	44	3	inf
83	3	11	37	44	44	2	12
83	3	12	2	44	44	3	72
83	3	12	4	44	44	2	80
83	3	12	11	44	44	2	12
83	3	12	14	44	44	3	37
83	3	12	19	44	44	2	60
83	3	12	20	44	44	2	25
83	3	12	24	44	44	3	11
83	3	12	26	44	44	2	3
83	3	12	33	44	44	2	71
83	3	12	36	44	44	3	46
83	3	12	41	44	44	2	23
83	3	12	42	44	44	2	58
83	3	13	4	44	44	3	37
83	3	13	6	44	44	3	inf
83	3	13	7	44	44	2	12
83	3	13	14	44	44	2	80
83	3	13	16	44	44	3	72
83	3	13	20	44	44	2	58
83	3	13	21	44	44	2	23
83	3	13	26	44	44	3	46
83	3	13	29	44	44	2	71
83	3	13	36	44	44	2	3
83	3	13	38	44	44	3	11
83	3	13	42	44	44	2	25
83	3	13	43	44	44	2	60
83	3	14	3	44	44	2	71
83	3	14	6	44	44	3	46
83	3	14	11	44	44	2	23
83	3	14	12	44	44	2	58
83	3	14	16	44	44	3	72
83	3	14	18	44	44	2	80
83	3	14	25	44	44	2	12
83	3	14	28	44	44	3	37
83	3	14	33	44	44	2	60
83	3	14	34	44	44	2	25
83	3	14	38	44	44	3	11
83	3	14	40	44	44	2	3
83	3	15	6	44	44	2	3
83	3	15	8	44	44	3	11
83	3	15	12	44	44	2	25
83	3	15	13	44	44	2	60
83	3	15	18	44	44	3	37
83	3	15	20	44	44	3	inf
83	3	15	21	44	44	2	12
83	3	15	28	44	44	2	80
83	3	15	30	44	44	3	72
83	3	15	34	44	44	2	58
83	3	15	35	44	44	2	23
83	3	15	40	44	44	3	46
83	3	15	43	44	44	2	71
83	3	16	3	44	44	2	60
83	3	16	4	44	44	2	25
83	3	16	8	44	44	3	11
83	3	16	10	44	44	2	3
83	3	16	17	44	44	2	71
83	3	16	20	44	44	3	46
83	3	16	25	44	44	2	23
83	3	16	26	44	44	2	58
83	3	16	30	44	44	3	72
83	3	16	32	44	44	2	80
83	3	16	39	44	44	2	12
83	3	16	42	44	44	3	37
83	3	17	0	44	44	3	72
83	3	17	4	44	44	2	58
83	3	17	5	44	44	2	23
83	3	17	10	44	44	3	46
83	3	17	13	44	44	2	71
83	3	17	20	44	44	2	3
83	3	17	22	44	44	3	11
83	3	17	26	44	44	2	25
83	3	17	27	44	44	2	60
83	3	17	32	44	44	3	37
83	3	17	34	44	44	3	inf
83	3	17	35	44	44	2	12
83	3	17	42	44	44	2	80
83	3	18	0	44	44	3	72
83	3	18	2	44	44	2	80
83	3	18	9	44	44	2	12
83	3	18	12	44	44	3	37
83	3	18	17	44	44	2	60
83	3	18	18	44	44	2	25
83	3	18	22	44	44	3	11
83	3	18	24	44	44	2	3
83	3	18	31	44	44	2	71
83	3	18	34	44	44	3	46
83	3	18	39	44	44	2	23
83	3	18	40	44	44	2	58
83	3	19	2	44	44	3	37
83	3	19	4	44	44	3	inf
83	3	19	5	44	44	2	12
83	3	19	12	44	44	2	80
83	3	19	14	44	44	3	72
83	3	19	18	44	44	2	58
83	3	19	19	44	44	2	23
83	3	19	24	44	44	3	46
83	3	19	27	44	44	2	71
83	3	19	34	44	44	2	3
83	3	19	36	44	44	3	11
83	3	19	40	44	44	2	25
83	3	19	41	44	44	2	60
83	3	20	1	44	44	2	71
83	3	20	4	44	44	3	46
83	3	20	9	44	44	2	23
83	3	20	10	44	44	2	58
83	3	20	14	44	44	3	72
83	3	20	16	44	44	2	80
83	3	20	23	44	44	2	12
83	3	20	26	44	44	3	37
83	3	20	31	44	44	2	60
83	3	20	32	44	44	2	25
83	3	20	36	44	44	3	11
83	3	20	38	44	44	2	3
83	3	21	4	44	44	2	3
83	3	21	6	44	44	3	11
83	3	21	10	44	44	2	25
83	3	21	11	44	44	2	60
83	3	21	16	44	44	3	37
83	3	21	18	44	44	3	inf
83	3	21	19	44	44	2	12
83	3	21	26	44	44	2	80
83	3	21	28	44	44	3	72
83	3	21	32	44	44	2	58
83	3	21	33	44	44	2	23
83	3	21	38	44	44	3	46
83	3	21	41	44	44	2	71
83	3	22	1	44	44	2	60
83	3	22	2	44	44	2	25
83	3	22	6	44	44	3	11
83	3	22	8	44	44	2	3
83	3	22	15	44	44	2	71
83	3	22	18	44	44	3	46
83	3	22	23	44	44	2	23
83	3	22	24	44	44	2	58
83	3	22	28	44	44	3	72
83	3	22	30	44	44	2	80
83	3	22	37	44	44	2	12
83	3	22	40	44	44	3	37
83	3	23	2	44	44	2	58
83	3	23	3	44	44	2	23
83	3	23	8	44	44	3	46
83	3	23	11	44	44	2	71
83	3	23	18	44	44	2	3
83	3	23	20	44	44	3	11
83	3	23	24	44	44	2	25
83	3	23	25	44	44	2	60
83	3	23	30	44	44	3	37
83	3	23	32	44	44	3	inf
83	3	23	33	44	44	2	12
83	3	23	40	44	44	2	80
83	3	23	42	44	44	3	72
83	3	24	0	44	44	2	80
83	3	24	7	44	44	2	12
83	3	24	10	44	44	3	37
83	3	24	15	44	44	2	60
83	3	24	16	44	44	2	25
83	3	24	20	44	44	3	11
83	3	24	22	44	44	2	3
83	3	24	29	44	44	2	71
83	3	24	32	44	44	3	46
83	3	24	37	44	44	2	23
83	3	24	38	44	44	2	58
83	3	24	42	44	44	3	72
83	3	25	0	44	44	3	37
83	3	25	2	44	44	3	inf
83	3	25	3	44	44	2	12
83	3	25	10	44	44	2	80
83	3	25	12	44	44	3	72
83	3	25	16	44	44	2	58
83	3	25	17	44	44	2	23
83	3	25	22	44	44	3	46
83	3	25	25	44	44	2	71
83	3	25	32	44	44	2	3
83	3	25	34	44	44	3	11
83	3	25	38	44	44	2	25
83	3	25	39	44	44	2	60
83	3	26	2	44	44	3	46
83	3	26	7	44	44	2	23
83	3	26	8	44	44	2	58
83	3	26	12	44	44	3	72
83	3	26	14	44	44	2	80
83	3	26	21	44	44	2	12
83	3	26	24	44	44	3	37
83	3	26	29	44	44	2	60
83	3	26	30	44	44	2	25
83	3	26	34	44	44	3	11
83	3	26	36	44	44	2	3
83	3	26	43	44	44	2	71
83	3	27	2	44	44	2	3
83	3	27	4	44	44	3	11
83	3	27	8	44	44	2	25
83	3	27	9	44	44	2	60
83	3	27	14	44	44	3	37
83	3	27	16	44	44	3	inf
83	3	27	17	44	44	2	12
83	3	27	24	44	44	2	80
83	3	27	26	44	44	3	72
83	3	27	30	44	44	2	58
83	3	27	31	44	44	2	23
83	3	27	36	44	44	3	46
83	3	27	39	44	44	2	71
83	3	28	0	44	44	2	25
83	3	28	4	44	44	3	11
83	3	28	6	44	44	2	3
83	3	28	13	44	44	2	71
83	3	28	16	44	44	3	46
83	3	28	21	44	44	2	23
83	3	28	22	44	44	2	58
83	3	28	26	44	44	3	72
83	3	28	28	44	44	2	80
83	3	28	35	44	44	2	12
83	3	28	38	44	44	3	37
83	3	28	43	44	44	2	60
83	3	29	0	44	44	2	58
83	3	29	1	44	44	2	23
83	3	29	6	44	44	3	46
83	3	29	9	44	44	2	71
83	3	29	16	44	44	2	3
83	3	29	18	44	44	3	11
83	3	29	22	44	44	2	25
83	3	29	23	44	44	2	60
83	3	29	28	44	44	3	37
83	3	29	30	44	44	3	inf
83	3	29	31	44	44	2	12
83	3	29	38	44	44	2	80
83	3	29	40	44	44	3	72
83	3	30	5	44	44	2	12
83	3	30	8	44	44	3	37
83	3	30	13	44	44	2	60
83	3	30	14	44	44	2	25
83	3	30	18	44	44	3	11
83	3	30	20	44	44	2	3
83	3	30	27	44	44	2	71
83	3	30	30	44	44	3	46
83	3	30	35	44	44	2	23
83	3	30	36	44	44	2	58
83	3	30	40	44	44	3	72
83	3	30	42	44	44	2	80
83	3	31	0	44	44	3	inf
83	3	31	1	44	44	2	12
83	3	31	8	44	44	2	80
83	3	31	10	44	44	3	72
83	3	31	14	44	44	2	58
83	3	31	15	44	44	2	23
83	3	31	20	44	44	3	46
83	3	31	23	44	44	2	71
83	3	31	30	44	44	2	3
83	3	31	32	44	44	3	11
83	3	31	36	44	44	2	25
83	3	31	37	44	44	2	60
83	3	31	42	44	44	3	37
83	3	32	0	44	44	3	46
83	3	32	5	44	44	2	23
83	3	32	6	44	44	2	58
83	3	32	10	44	44	3	72
83	3	32	12	44	44	2	80
83	3	32	19	44	44	2	12
83	3	32	22	44	44	3	37
83	3	32	27	44	44	2	60
83	3	32	28	44	44	2	25
83	3	32	32	44	44	3	11
83	3	32	34	44	44	2	3
83	3	32	41	44	44	2	71
83	3	33	0	44	44	2	3
83	3	33	2	44	44	3	11
83	3	33	6	44	44	2	25
83	3	33	7	44	44	2	60
83	3	33	12	44	44	3	37
83	3	33	14	44	44	3	inf
83	3	33	15	44	44	2	12
83	3	33	22	44	44	2	80
83	3	33	24	44	44	3	72
83	3	33	28	44	44	2	58
83	3	33	29	44	44	2	23
83	3	33	34	44	44	3	46
83	3	33	37	44	44	2	71
83	3	34	2	44	44	3	11
83	3	34	4	44	44	2	3
83	3	34	11	44	44	2	71
83	3	34	14	44	44	3	46
83	3	34	19	44	44	2	23
83	3	34	20	44	44	2	58
83	3	34	24	44	44	3	72
83	3	34	26	44	44	2	80
83	3	34	33	44	44	2	12
83	3	34	36	44	44	3	37
83	3	34	41	44	44	2	60
83	3	34	42	44	44	2	25
83	3	35	4	44	44	3	46
83	3	35	7	44	44	2	71
83	3	35	14	44	44	2	3
83	3	35	16	44	44	3	11
83	3	35	20	44	44	2	25
83	3	35	21	44	44	2	60
83	3	35	26	44	44	3	37
83	3	35	28	44	44	3	inf
83	3	35	29	44	44	2	12
83	3	35	36	44	44	2	80
83	3	35	38	44	44	3	72
83	3	35	42	44	44	2	58
83	3	35	43	44	44	2	23
83	3	36	3	44	44	2	12
83	3	36	6	44	44	3	37
83	3	36	11	44	44	2	60
83	3	36	12	44	44	2	25
83	3	36	16	44	44	3	11
83	3	36	18	44	44	2	3
83	3	36	25	44	44	2	71
83	3	36	28	44	44	3	46
83	3	36	33	44	44	2	23
83	3	36	34	44	44	2	58
83	3	36	38	44	44	3	72
83	3	36	40	44	44	2	80
83	3	37	6	44	44	2	80
83	3	37	8	44	44	3	72
83	3	37	12	44	44	2	58
83	3	37	13	44	44	2	23
83	3	37	18	44	44	3	46
83	3	37	21	44	44	2	71
83	3	37	28	44	44	2	3
83	3	37	30	44	44	3	11
83	3	37	34	44	44	2	25
83	3	37	35	44	44	2	60
83	3	37	40	44	44	3	37
83	3	37	42	44	44	3	inf
83	3	37	43	44	44	2	12
83	3	38	3	44	44	2	23
83	3	38	4	44	44	2	58
83	3	38	8	44	44	3	72
83	3	38	10	44	44	2	80
83	3	38	17	44	44	2	12
83	3	38	20	44	44	3	37
83	3	38	25	44	44	2	60
83	3	38	26	44	44	2	25
83	3	38	30	44	44	3	11
83	3	38	32	44	44	2	3
83	3	38	39	44	44	2	71
83	3	38	42	44	44	3	46
83	3	39	0	44	44	3	11
83	3	39	4	44	44	2	25
83	3	39	5	44	44	2	60
83	3	39	10	44	44	3	37
83	3	39	12	44	44	3	inf
83	3	39	13	44	44	2	12
83	3	39	20	44	44	2	80
83	3	39	22	44	44	3	72
83	3	39	26	44	44	2	58
83	3	39	27	44	44	2	23
83	3	39	32	44	44	3	46
83	3	39	35	44	44	2	71
83	3	39	42	44	44	2	3
83	3	40	0	44	44	3	11
83	3	40	2	44	44	2	3
83	3	40	9	44	44	2	71
83	3	40	12	44	44	3	46
83	3	40	17	44	44	2	23
83	3	40	18	44	44	2	58
83	3	40	22	44	44	3	72
83	3	40	24	44	44	2	80
83	3	40	31	44	44	2	12
83	3	40	34	44	44	3	37
83	3	40	39	44	44	2	60
83	3	40	40	44	44	2	25
83	3	41	2	44	44	3	46
83	3	41	5	44	44	2	71
83	3	41	12	44	44	2	3
83	3	41	14	44	44	3	11
83	3	41	18	44	44	2	25
83	3	41	19	44	44	2	60
83	3	41	24	44	44	3	37
83	3	41	26	44	44	3	inf
83	3	41	27	44	44	2	12
83	3	41	34	44	44	2	80
83	3	41	36	44	44	3	72
83	3	41	40	44	44	2	58
83	3	41	41	44	44	2	23
83	3	42	1	44	44	2	12
83	3	42	4	44	44	3	37
83	3	42	9	44	44	2	60
83	3	42	10	44	44	2	25
83	3	42	14	44	44	3	11
83	3	42	16	44	44	2	3
83	3	42	23	44	44	2	71
83	3	42	26	44	44	3	46
83	3	42	31	44	44	2	23
83	3	42	32	44	44	2	58
83	3	42	36	44	44	3	72
83	3	42	38	44	44	2	80
83	3	43	4	44	44	2	80
83	3	43	6	44	44	3	72
83	3	43	10	44	44	2	58
83	3	43	11	44	44	2	23
83	3	43	16	44	44	3	46
83	3	43	19	44	44	2	71
83	3	43	26	44	44	2	3
83	3	43	28	44	44	3	11
83	3	43	32	44	44	2	25
83	3	43	33	44	44	2	60
83	3	43	38	44	44	3	37
83	3	43	40	44	44	3	inf
83	3	43	41	44	44	2	12
83	4	0	4	44	44	2	71
83	4	0	7	44	44	3	46
83	4	0	12	44	44	2	23
83	4	0	13	44	44	2	58
83	4	0	17	44	44	3	72
83	4	0	19	44	44	2	80
83	4	0	26	44	44	2	12
83	4	0	29	44	44	3	37
83	4	0	34	44	44	2	60
83	4	0	35	44	44	2	25
83	4	0	39	44	44	3	11
83	4	0	41	44	44	2	3
83	4	1	0	44	44	2	71
83	4	1	7	44	44	2	3
83	4	1	9	44	44	3	11
83	4	1	13	44	44	2	25
83	4	1	14	44	44	2	60
83	4	1	19	44	44	3	37
83	4	1	21	44	44	3	inf
83	4	1	22	44	44	2	12
83	4	1	29	44	44	2	80
83	4	1	31	44	44	3	72
83	4	1	35	44	44	2	58
83	4	1	36	44	44	2	23
83	4	1	41	44	44	3	46
83	4	2	4	44	44	2	60
83	4	2	5	44	44	2	25
83	4	2	9	44	44	3	11
83	4	2	11	44	44	2	3
83	4	2	18	44	44	2	71
83	4	2	21	44	44	3	46
83	4	2	26	44	44	2	23
83	4	2	27	44	44	2	58
83	4	2	31	44	44	3	72
83	4	2	33	44	44	2	80
83	4	2	40	44	44	2	12
83	4	2	43	44	44	3	37
83	4	3	1	44	44	3	72
83	4	3	5	44	44	2	58
83	4	3	6	44	44	2	23
83	4	3	11	44	44	3	46
83	4	3	14	44	44	2	71
83	4	3	21	44	44	2	3
83	4	3	23	44	44	3	11
83	4	3	27	44	44	2	25
83	4	3	28	44	44	2	60
83	4	3	33	44	44	3	37
83	4	3	35	44	44	3	inf
83	4	3	36	44	44	2	12
83	4	3	43	44	44	2	80
83	4	4	1	44	44	3	72
83	4	4	3	44	44	2	80
83	4	4	10	44	44	2	12
83	4	4	13	44	44	3	37
83	4	4	18	44	44	2	60
83	4	4	19	44	44	2	25
83	4	4	23	44	44	3	11
83	4	4	25	44	44	2	3
83	4	4	32	44	44	2	71
83	4	4	35	44	44	3	46
83	4	4	40	44	44	2	23
83	4	4	41	44	44	2	58
83	4	5	3	44	44	3	37
83	4	5	5	44	44	3	inf
83	4	5	6	44	44	2	12
83	4	5	13	44	44	2	80
83	4	5	15	44	44	3	72
83	4	5	19	44	44	2	58
83	4	5	20	44	44	2	23
83	4	5	25	44	44	3	46
83	4	5	28	44	44	2	71
83	4	5	35	44	44	2	3
83	4	5	37	44	44	3	11
83	4	5	41	44	44	2	25
83	4	5	42	44	44	2	60
83	4	6	2	44	44	2	71
83	4	6	5	44	44	3	46
83	4	6	10	44	44	2	23
83	4	6	11	44	44	2	58
83	4	6	15	44	44	3	72
83	4	6	17	44	44	2	80
83	4	6	24	44	44	2	12
83	4	6	27	44	44	3	37
83	4	6	32	44	44	2	60
83	4	6	33	44	44	2	25
83	4	6	37	44	44	3	11
83	4	6	39	44	44	2	3
83	4	7	5	44	44	2	3
83	4	7	7	44	44	3	11
83	4	7	11	44	44	2	25
83	4	7	12	44	44	2	60
83	4	7	17	44	44	3	37
83	4	7	19	44	44	3	inf
83	4	7	20	44	44	2	12
83	4	7	27	44	44	2	80
83	4	7	29	44	44	3	72
83	4	7	33	44	44	2	58
83	4	7	34	44	44	2	23
83	4	7	39	44	44	3	46
83	4	7	42	44	44	2	71
83	4	8	2	44	44	2	60
83	4	8	3	44	44	2	25
83	4	8	7	44	44	3	11
83	4	8	9	44	44	2	3
83	4	8	16	44	44	2	71
83	4	8	19	44	44	3	46
83	4	8	24	44	44	2	23
83	4	8	25	44	44	2	58
83	4	8	29	44	44	3	72
83	4	8	31	44	44	2	80
83	4	8	38	44	44	2	12
83	4	8	41	44	44	3	37
83	4	9	3	44	44	2	58
83	4	9	4	44	44	2	23
83	4	9	9	44	44	3	46
83	4	9	12	44	44	2	71
83	4	9	19	44	44	2	3
83	4	9	21	44	44	3	11
83	4	9	25	44	44	2	25
83	4	9	26	44	44	2	60
83	4	9	31	44	44	3	37
83	4	9	33	44	44	3	inf
83	4	9	34	44	44	2	12
83	4	9	41	44	44	2	80
83	4	9	43	44	44	3	72
83	4	10	1	44	44	2	80
83	4	10	8	44	44	2	12
83	4	10	11	44	44	3	37
83	4	10	16	44	44	2	60
83	4	10	17	44	44	2	25
83	4	10	21	44	44	3	11
83	4	10	23	44	44	2	3
83	4	10	30	44	44	2	71
83	4	10	33	44	44	3	46
83	4	10	38	44	44	2	23
83	4	10	39	44	44	2	58
83	4	10	43	44	44	3	72
83	4	11	1	44	44	3	37
83	4	11	3	44	44	3	inf
83	4	11	4	44	44	2	12
83	4	11	11	44	44	2	80
83	4	11	13	44	44	3	72
83	4	11	17	44	44	2	58
83	4	11	18	44	44	2	23
83	4	11	23	44	44	3	46
83	4	11	26	44	44	2	71
83	4	11	33	44	44	2	3
83	4	11	35	44	44	3	11
83	4	11	39	44	44	2	25
83	4	11	40	44	44	2	60
83	4	12	0	44	44	2	71
83	4	12	3	44	44	3	46
83	4	12	8	44	44	2	23
83	4	12	9	44	44	2	58
83	4	12	13	44	44	3	72
83	4	12	15	44	44	2	80
83	4	12	22	44	44	2	12
83	4	12	25	44	44	3	37
83	4	12	30	44	44	2	60
83	4	12	31	44	44	2	25
83	4	12	35	44	44	3	11
83	4	12	37	44	44	2	3
83	4	13	3	44	44	2	3
83	4	13	5	44	44	3	11
83	4	13	9	44	44	2	25
83	4	13	10	44	44	2	60
83	4	13	15	44	44	3	37
83	4	13	17	44	44	3	inf
83	4	13	18	44	44	2	12
83	4	13	25	44	44	2	80
83	4	13	27	44	44	3	72
83	4	13	31	44	44	2	58
83	4	13	32	44	44	2	23
83	4	13	37	44	44	3	46
83	4	13	40	44	44	2	71
83	4	14	0	44	44	2	60
83	4	14	1	44	44	2	25
83	4	14	5	44	44	3	11
83	4	14	7	44	44	2	3
83	4	14	14	44	44	2	71
83	4	14	17	44	44	3	46
83	4	14	22	44	44	2	23
83	4	14	23	44	44	2	58
83	4	14	27	44	44	3	72
83	4	14	29	44	44	2	80
83	4	14	36	44	44	2	12
83	4	14	39	44	44	3	37
83	4	15	1	44	44	2	58
83	4	15	2	44	44	2	23
83	4	15	7	44	44	3	46
83	4	15	10	44	44	2	71
83	4	15	17	44	44	2	3
83	4	15	19	44	44	3	11
83	4	15	23	44	44	2	25
83	4	15	24	44	44	2	60
83	4	15	29	44	44	3	37
83	4	15	31	44	44	3	inf
83	4	15	32	44	44	2	12
83	4	15	39	44	44	2	80
83	4	15	41	44	44	3	72
83	4	16	6	44	44	2	12
83	4	16	9	44	44	3	37
83	4	16	14	44	44	2	60
83	4	16	15	44	44	2	25
83	4	16	19	44	44	3	11
83	4	16	21	44	44	2	3
83	4	16	28	44	44	2	71
83	4	16	31	44	44	3	46
83	4	16	36	44	44	2	23
83	4	16	37	44	44	2	58
83	4	16	41	44	44	3	72
83	4	16	43	44	44	2	80
83	4	17	1	44	44	3	inf
83	4	17	2	44	44	2	12
83	4	17	9	44	44	2	80
83	4	17	11	44	44	3	72
83	4	17	15	44	44	2	58
83	4	17	16	44	44	2	23
83	4	17	21	44	44	3	46
83	4	17	24	44	44	2	71
83	4	17	31	44	44	2	3
83	4	17	33	44	44	3	11
83	4	17	37	44	44	2	25
83	4	17	38	44	44	2	60
83	4	17	43	44	44	3	37
83	4	18	1	44	44	3	46
83	4	18	6	44	44	2	23
83	4	18	7	44	44	2	58
83	4	18	11	44	44	3	72
83	4	18	13	44	44	2	80
83	4	18	20	44	44	2	12
83	4	18	23	44	44	3	37
83	4	18	28	44	44	2	60
83	4	18	29	44	44	2	25
83	4	18	33	44	44	3	11
83	4	18	35	44	44	2	3
83	4	18	42	44	44	2	71
83	4	19	1	44	44	2	3
83	4	19	3	44	44	3	11
83	4	19	7	44	44	2	25
83	4	19	8	44	44	2	60
83	4	19	13	44	44	3	37
83	4	19	15	44	44	3	inf
83	4	19	16	44	44	2	12
83	4	19	23	44	44	2	80
83	4	19	25	44	44	3	72
83	4	19	29	44	44	2	58
83	4	19	30	44	44	2	23
83	4	19	35	44	44	3	46
83	4	19	38	44	44	2	71
83	4	20	3	44	44	3	11
83	4	20	5	44	44	2	3
83	4	20	12	44	44	2	71
83	4	20	15	44	44	3	46
83	4	20	20	44	44	2	23
83	4	20	21	44	44	2	58
83	4	20	25	44	44	3	72
83	4	20	27	44	44	2	80
83	4	20	34	44	44	2	12
83	4	20	37	44	44	3	37
83	4	20	42	44	44	2	60
83	4	20	43	44	44	2	25
83	4	21	0	44	44	2	23
83	4	21	5	44	44	3	46
83	4	21	8	44	44	2	71
83	4	21	15	44	44	2	3
83	4	21	17	44	44	3	11
83	4	21	21	44	44	2	25
83	4	21	22	44	44	2	60
83	4	21	27	44	44	3	37
83	4	21	29	44	44	3	inf
83	4	21	30	44	44	2	12
83	4	21	37	44	44	2	80
83	4	21	39	44	44	3	72
83	4	21	43	44	44	2	58
83	4	22	4	44	44	2	12
83	4	22	7	44	44	3	37
83	4	22	12	44	44	2	60
83	4	22	13	44	44	2	25
83	4	22	17	44	44	3	11
83	4	22	19	44	44	2	3
83	4	22	26	44	44	2	71
83	4	22	29	44	44	3	46
83	4	22	34	44	44	2	23
83	4	22	35	44	44	2	58
83	4	22	39	44	44	3	72
83	4	22	41	44	44	2	80
83	4	23	0	44	44	2	12
83	4	23	7	44	44	2	80
83	4	23	9	44	44	3	72
83	4	23	13	44	44	2	58
83	4	23	14	44	44	2	23
83	4	23	19	44	44	3	46
83	4	23	22	44	44	2	71
83	4	23	29	44	44	2	3
83	4	23	31	44	44	3	11
83	4	23	35	44	44	2	25
83	4	23	36	44	44	2	60
83	4	23	41	44	44	3	37
83	4	23	43	44	44	3	inf
83	4	24	4	44	44	2	23
83	4	24	5	44	44	2	58
83	4	24	9	44	44	3	72
83	4	24	11	44	44	2	80
83	4	24	18	44	44	2	12
83	4	24	21	44	44	3	37
83	4	24	26	44	44	2	60
83	4	24	27	44	44	2	25
83	4	24	31	44	44	3	11
83	4	24	33	44	44	2	3
83	4	24	40	44	44	2	71
83	4	24	43	44	44	3	46
83	4	25	1	44	44	3	11
83	4	25	5	44	44	2	25
83	4	25	6	44	44	2	60
83	4	25	11	44	44	3	37
83	4	25	13	44	44	3	inf
83	4	25	14	44	44	2	12
83	4	25	21	44	44	2	80
83	4	25	23	44	44	3	72
83	4	25	27	44	44	2	58
83	4	25	28	44	44	2	23
83	4	25	33	44	44	3	46
83	4	25	36	44	44	2	71
83	4	25	43	44	44	2	3
83	4	26	1	44	44	3	11
83	4	26	3	44	44	2	3
83	4	26	10	44	44	2	71
83	4	26	13	44	44	3	46
83	4	26	18	44	44	2	23
83	4	26	19	44	44	2	58
83	4	26	23	44	44	3	72
83	4	26	25	44	44	2	80
83	4	26	32	44	44	2	12
83	4	26	35	44	44	3	37
83	4	26	40	44	44	2	60
83	4	26	41	44	44	2	25
83	4	27	3	44	44	3	46
83	4	27	6	44	44	2	71
83	4	27	13	44	44	2	3
83	4	27	15	44	44	3	11
83	4	27	19	44	44	2	25
83	4	27	20	44	44	2	60
83	4	27	25	44	44	3	37
83	4	27	27	44	44	3	inf
83	4	27	28	44	44	2	12
83	4	27	35	44	44	2	80
83	4	27	37	44	44	3	72
83	4	27	41	44	44	2	58
83	4	27	42	44	44	2	23
83	4	28	2	44	44	2	12
83	4	28	5	44	44	3	37
83	4	28	10	44	44	2	60
83	4	28	11	44	44	2	25
83	4	28	15	44	44	3	11
83	4	28	17	44	44	2	3
83	4	28	24	44	44	2	71
83	4	28	27	44	44	3	46
83	4	28	32	44	44	2	23
83	4	28	33	44	44	2	58
83	4	28	37	44	44	3	72
83	4	28	39	44	44	2	80
83	4	29	5	44	44	2	80
83	4	29	7	44	44	3	72
83	4	29	11	44	44	2	58
83	4	29	12	44	44	2	23
83	4	29	17	44	44	3	46
83	4	29	20	44	44	2	71
83	4	29	27	44	44	2	3
83	4	29	29	44	44	3	11
83	4	29	33	44	44	2	25
83	4	29	34	44	44	2	60
83	4	29	39	44	44	3	37
83	4	29	41	44	44	3	inf
83	4	29	42	44	44	2	12
83	4	30	2	44	44	2	23
83	4	30	3	44	44	2	58
83	4	30	7	44	44	3	72
83	4	30	9	44	44	2	80
83	4	30	16	44	44	2	12
83	4	30	19	44	44	3	37
83	4	30	24	44	44	2	60
83	4	30	25	44	44	2	25
83	4	30	29	44	44	3	11
83	4	30	31	44	44	2	3
83	4	30	38	44	44	2	71
83	4	30	41	44	44	3	46
83	4	31	3	44	44	2	25
83	4	31	4	44	44	2	60
83	4	31	9	44	44	3	37
83	4	31	11	44	44	3	inf
83	4	31	12	44	44	2	12
83	4	31	19	44	44	2	80
83	4	31	21	44	44	3	72
83	4	31	25	44	44	2	58
83	4	31	26	44	44	2	23
83	4	31	31	44	44	3	46
83	4	31	34	44	44	2	71
83	4	31	41	44	44	2	3
83	4	31	43	44	44	3	11
83	4	32	1	44	44	2	3
83	4	32	8	44	44	2	71
83	4	32	11	44	44	3	46
83	4	32	16	44	44	2	23
83	4	32	17	44	44	2	58
83	4	32	21	44	44	3	72
83	4	32	23	44	44	2	80
83	4	32	30	44	44	2	12
83	4	32	33	44	44	3	37
83	4	32	38	44	44	2	60
83	4	32	39	44	44	2	25
83	4	32	43	44	44	3	11
83	4	33	1	44	44	3	46
83	4	33	4	44	44	2	71
83	4	33	11	44	44	2	3
83	4	33	13	44	44	3	11
83	4	33	17	44	44	2	25
83	4	33	18	44	44	2	60
83	4	33	23	44	44	3	37
83	4	33	25	44	44	3	inf
83	4	33	26	44	44	2	12
83	4	33	33	44	44	2	80
83	4	33	35	44	44	3	72
83	4	33	39	44	44	2	58
83	4	33	40	44	44	2	23
83	4	34	0	44	44	2	12
83	4	34	3	44	44	3	37
83	4	34	8	44	44	2	60
83	4	34	9	44	44	2	25
83	4	34	13	44	44	3	11
83	4	34	15	44	44	2	3
83	4	34	22	44	44	2	71
83	4	34	25	44	44	3	46
83	4	34	30	44	44	2	23
83	4	34	31	44	44	2	58
83	4	34	35	44	44	3	72
83	4	34	37	44	44	2	80
83	4	35	3	44	44	2	80
83	4	35	5	44	44	3	72
83	4	35	9	44	44	2	58
83	4	35	10	44	44	2	23
83	4	35	15	44	44	3	46
83	4	35	18	44	44	2	71
83	4	35	25	44	44	2	3
83	4	35	27	44	44	3	11
83	4	35	31	44	44	2	25
83	4	35	32	44	44	2	60
83	4	35	37	44	44	3	37
83	4	35	39	44	44	3	inf
83	4	35	40	44	44	2	12
83	4	36	0	44	44	2	23
83	4	36	1	44	44	2	58
83	4	36	5	44	44	3	72
83	4	36	7	44	44	2	80
83	4	36	14	44	44	2	12
83	4	36	17	44	44	3	37
83	4	36	22	44	44	2	60
83	4	36	23	44	44	2	25
83	4	36	27	44	44	3	11
83	4	36	29	44	44	2	3
83	4	36	36	44	44	2	71
83	4	36	39	44	44	3	46
83	4	37	1	44	44	2	25
83	4	37	2	44	44	2	60
83	4	37	7	44	44	3	37
83	4	37	9	44	44	3	inf
83	4	37	10	44	44	2	12
83	4	37	17	44	44	2	80
83	4	37	19	44	44	3	72
83	4	37	23	44	44	2	58
83	4	37	24	44	44	2	23
83	4	37	29	44	44	3	46
83	4	37	32	44	44	2	71
83	4	37	39	44	44	2	3
83	4	37	41	44	44	3	11
83	4	38	6	44	44	2	71
83	4	38	9	44	44	3	46
83	4	38	14	44	44	2	23
83	4	38	15	44	44	2	58
83	4	38	19	44	44	3	72
83	4	38	21	44	44	2	80
83	4	38	28	44	44	2	12
83	4	38	31	44	44	3	37
83	4	38	36	44	44	2	60
83	4	38	37	44	44	2	25
83	4	38	41	44	44	3	11
83	4	38	43	44	44	2	3
83	4	39	2	44	44	2	71
83	4	39	9	44	44	2	3
83	4	39	11	44	44	3	11
83	4	39	15	44	44	2	25
83	4	39	16	44	44	2	60
83	4	39	21	44	44	3	37
83	4	39	23	44	44	3	inf
83	4	39	24	44	44	2	12
83	4	39	31	44	44	2	80
83	4	39	33	44	44	3	72
83	4	39	37	44	44	2	58
83	4	39	38	44	44	2	23
83	4	39	43	44	44	3	46
83	4	40	1	44	44	3	37
83	4	40	6	44	44	2	60
83	4	40	7	44	44	2	25
83	4	40	11	44	44	3	11
83	4	40	13	44	44	2	3
83	4	40	20	44	44	2	71
83	4	40	23	44	44	3	46
83	4	40	28	44	44	2	23
83	4	40	29	44	44	2	58
83	4	40	33	44	44	3	72
83	4	40	35	44	44	2	80
83	4	40	42	44	44	2	12
83	4	41	1	44	44	2	80
83	4	41	3	44	44	3	72
83	4	41	7	44	44	2	58
83	4	41	8	44	44	2	23
83	4	41	13	44	44	3	46
83	4	41	16	44	44	2	71
83	4	41	23	44	44	2	3
83	4	41	25	44	44	3	11
83	4	41	29	44	44	2	25
83	4	41	30	44	44	2	60
83	4	41	35	44	44	3	37
83	4	41	37	44	44	3	inf
83	4	41	38	44	44	2	12
83	4	42	3	44	44	3	72
83	4	42	5	44	44	2	80
83	4	42	12	44	44	2	12
83	4	42	15	44	44	3	37
83	4	42	20	44	44	2	60
83	4	42	21	44	44	2	25
83	4	42	25	44	44	3	11
83	4	42	27	44	44	2	3
83	4	42	34	44	44	2	71
83	4	42	37	44	44	3	46
83	4	42	42	44	44	2	23
83	4	42	43	44	44	2	58
83	4	43	0	44	44	2	60
83	4	43	5	44	44	3	37
83	4	43	7	44	44	3	inf
83	4	43	8	44	44	2	12
83	4	43	15	44	44	2	80
83	4	43	17	44	44	3	72
83	4	43	21	44	44	2	58
83	4	43	22	44	44	2	23
83	4	43	27	44	44	3	46
83	4	43	30	44	44	2	71
83	4	43	37	44	44	2	3
83	4	43	39	44	44	3	11
83	4	43	43	44	44	2	25
89	1	0	0	12	8	3	1
89	1	0	4	12	8	3	88
89	1	1	0	12	8	3	1
89	1	1	4	12	8	3	88
89	1	2	2	12	8	3	inf
89	1	2	3	12	8	3	0
89	1	2	7	12	8	3	0
89	1	3	2	12	8	3	1
89	1	3	6	12	8	3	88
89	1	4	2	12	8	3	1
89	1	4	6	12	8	3	88
89	1	5	1	12	8	3	0
89	1	5	4	12	8	3	inf
89	1	5	5	12	8	3	0
89	1	6	0	12	8	3	88
89	1	6	4	12	8	3	1
89	1	7	0	12	8	3	88
89	1	7	4	12	8	3	1
89	1	8	3	12	8	3	0
89	1	8	6	12	8	3	inf
89	1	8	7	12	8	3	0
89	1	9	2	12	8	3	88
89	1	9	6	12	8	3	1
89	1	10	2	12	8	3	88
89	1	10	6	12	8	3	1
89	1	11	0	12	8	3	inf
89	1	11	1	12	8	3	0
89	1	11	5	12	8	3	0
89	2	0	2	12	8	3	86
89	2	0	3	12	8	3	28
89	2	0	6	12	8	3	3
89	2	0	7	12	8	3	61
89	2	1	1	12	8	3	28
89	2	1	2	12	8	3	86
89	2	1	5	12	8	3	61
89	2	1	6	12	8	3	3
89	2	2	1	12	8	3	inf
89	2	2	3	12	8	3	55
89	2	2	5	12	8	3	inf
89	2	2	7	12	8	3	34
89	2	3	0	12	8	3	3
89	2	3	1	12	8	3	61
89	2	3	4	12	8	3	86
89	2	3	5	12	8	3	28
89	2	4	0	12	8	3	3
89	2	4	3	12	8	3	28
89	2	4	4	12	8	3	86
89	2	4	7	12	8	3	61
89	2	5	1	12	8	3	34
89	2	5	3	12	8	3	inf
89	2	5	5	12	8	3	55
89	2	5	7	12	8	3	inf
89	2	6	2	12	8	3	3
89	2	6	3	12	8	3	61
89	2	6	6	12	8	3	86
89	2	6	7	12	8	3	28
89	2	7	1	12	8	3	61
89	2	7	2	12	8	3	3
89	2	7	5	12	8	3	28
89	2	7	6	12	8	3	86
89	2	8	1	12	8	3	inf
89	2	8	3	12	8	3	34
89	2	8	5	12	8	3	inf
89	2	8	7	12	8	3	55
89	2	9	0	12	8	3	86
89	2	9	1	12	8	3	28
89	2	9	4	12	8	3	3
89	2	9	5	12	8	3	61
89	2	10	0	12	8	3	86
89	2	10	3	12	8	3	61
89	2	10	4	12	8	3	3
89	2	10	7	12	8	3	28
89	2	11	1	12	8	3	55
89	2	11	3	12	8	3	inf
89	2	11	5	12	8	3	34
89	2	11	7	12	8	3	inf
89	3	0	0	12	8	3	88
89	3	0	4	12	8	3	1
89	3	1	0	12	8	3	88
89	3	1	4	12	8	3	1
89	3	2	3	12	8	3	0
89	3	2	6	12	8	3	inf
89	3	2	7	12	8	3	0
89	3	3	2	12	8	3	88
89	3	3	6	12	8	3	1
89	3	4	2	12	8	3	88
89	3	4	6	12	8	3	1
89	3	5	0	12	8	3	inf
89	3	5	1	12	8	3	0
89	3	5	5	12	8	3	0
89	3	6	0	12	8	3	1
89	3	6	4	12	8	3	88
89	3	7	0	12	8	3	1
89	3	7	4	12	8	3	88
89	3	8	2	12	8	3	inf
89	3	8	3	12	8	3	0
89	3	8	7	12	8	3	0
89	3	9	2	12	8	3	1
89	3	9	6	12	8	3	88
89	3	10	2	12	8	3	1
89	3	10	6	12	8	3	88
89	3	11	1	12	8	3	0
89	3	11	4	12	8	3	inf
89	3	11	5	12	8	3	0
89	4	0	2	12	8	3	3
89	4	0	3	12	8	3	61
89	4	0	6	12	8	3	86
89	4	0	7	12	8	3	28
89	4	1	1	12	8	3	61
89	4	1	2	12	8	3	3
89	4	1	5	12	8	3	28
89	4	1	6	12	8	3	86
89	4	2	1	12	8	3	inf
89	4	2	3	12	8	3	34
89	4	2	5	12	8	3	inf
89	4	2	7	12	8	3	55
89	4	3	0	12	8	3	86
89	4	3	1	12	8	3	28
89	4	3	4	12	8	3	3
89	4	3	5	12	8	3	61
89	4	4	0	12	8	3	86
89	4	4	3	12	8	3	61
89	4	4	4	12	8	3	3
89	4	4	7	12	8	3	28
89	4	5	1	12	8	3	55
89	4	5	3	12	8	3	inf
89	4	5	5	12	8	3	34
89	4	5	7	12	8	3	inf
89	4	6	2	12	8	3	86
89	4	6	3	12	8	3	28
89	4	6	6	12	8	3	3
89	4	6	7	12	8	3	61
89	4	7	1	12	8	3	28
89	4	7	2	12	8	3	86
89	4	7	5	12	8	3	61
89	4	7	6	12	8	3	3
89	4	8	1	12	8	3	inf
89	4	8	3	12	8	3	55
89	4	8	5	12	8	3	inf
89	4	8	7	12	8	3	34
89	4	9	0	12	8	3	3
89	4	9	1	12	8	3	61
89	4	9	4	12	8	3	86
89	4	9	5	12	8	3	28
89	4	10	0	12	8	3	3
89	4	10	3	12	8	3	28
89	4	10	4	12	8	3	86
89	4	10	7	12	8	3	61
89	4	11	1	12	8	3	34
89	4	11	3	12	8	3	inf
89	4	11	5	12	8	3	55
89	4	11	7	12	8	3	inf
97	1	0	3	26	26	2	27
97	1	0	4	26	26	3	inf
97	1	0	8	26	26	3	7
97	1	0	11	26	26	3	24
97	1	0	14	26	26	3	7
97	1	0	19	26	26	2	27
97	1	0	24	26	26	3	78
97	1	1	1	26	26	2	70
97	1	1	6	26	26	3	19
97	1	1	11	26	26	2	70
97	1	1	16	26	26	3	90
97	1	1	19	26	26	3	73
97	1	1	22	26	26	3	90
97	1	2	1	26	26	3	24
97	1	2	4	26	26	3	7
97	1	2	9	26	26	2	27
97	1	2	14	26	26	3	78
97	1	2	19	26	26	2	27
97	1	2	20	26	26	3	inf
97	1	2	24	26	26	3	7
97	1	3	1	26	26	2	70
97	1	3	6	26	26	3	90
97	1	3	9	26	26	3	73
97	1	3	12	26	26	3	90
97	1	3	17	26	26	2	70
97	1	3	22	26	26	3	19
97	1	4	4	26	26	3	78
97	1	4	9	26	26	2	27
97	1	4	10	26	26	3	inf
97	1	4	14	26	26	3	7
97	1	4	17	26	26	3	24
97	1	4	20	26	26	3	7
97	1	4	25	26	26	2	27
97	1	5	2	26	26	3	90
97	1	5	7	26	26	2	70
97	1	5	12	26	26	3	19
97	1	5	17	26	26	2	70
97	1	5	22	26	26	3	90
97	1	5	25	26	26	3	73
97	1	6	0	26	26	3	inf
97	1	6	4	26	26	3	7
97	1	6	7	26	26	3	24
97	1	6	10	26	26	3	7
97	1	6	15	26	26	2	27
97	1	6	20	26	26	3	78
97	1	6	25	26	26	2	27
97	1	7	2	26	26	3	19
97	1	7	7	26	26	2	70
97	1	7	12	26	26	3	90
97	1	7	15	26	26	3	73
97	1	7	18	26	26	3	90
97	1	7	23	26	26	2	70
97	1	8	0	26	26	3	7
97	1	8	5	26	26	2	27
97	1	8	10	26	26	3	78
97	1	8	15	26	26	2	27
97	1	8	16	26	26	3	inf
97	1	8	20	26	26	3	7
97	1	8	23	26	26	3	24
97	1	9	2	26	26	3	90
97	1	9	5	26	26	3	73
97	1	9	8	26	26	3	90
97	1	9	13	26	26	2	70
97	1	9	18	26	26	3	19
97	1	9	23	26	26	2	70
97	1	10	0	26	26	3	78
97	1	10	5	26	26	2	27
97	1	10	6	26	26	3	inf
97	1	10	10	26	26	3	7
97	1	10	13	26	26	3	24
97	1	10	16	26	26	3	7
97	1	10	21	26	26	2	27
97	1	11	3	26	26	2	70
97	1	11	8	26	26	3	19
97	1	11	13	26	26	2	70
97	1	11	18	26	26	3	90
97	1	11	21	26	26	3	73
97	1	11	24	26	26	3	90
97	1	12	0	26	26	3	7
97	1	12	3	26	26	3	24
97	1	12	6	26	26	3	7
97	1	12	11	26	26	2	27
97	1	12	16	26	26	3	78
97	1	12	21	26	26	2	27
97	1	12	22	26	26	3	inf
97	1	13	3	26	26	2	70
97	1	13	8	26	26	3	90
97	1	13	11	26	26	3	73
97	1	13	14	26	26	3	90
97	1	13	19	26	26	2	70
97	1	13	24	26	26	3	19
97	1	14	1	26	26	2	27
97	1	14	6	26	26	3	78
97	1	14	11	26	26	2	27
97	1	14	12	26	26	3	inf
97	1	14	16	26	26	3	7
97	1	14	19	26	26	3	24
97	1	14	22	26	26	3	7
97	1	15	1	26	26	3	73
97	1	15	4	26	26	3	90
97	1	15	9	26	26	2	70
97	1	15	14	26	26	3	19
97	1	15	19	26	26	2	70
97	1	15	24	26	26	3	90
97	1	16	1	26	26	2	27
97	1	16	2	26	26	3	inf
97	1	16	6	26	26	3	7
97	1	16	9	26	26	3	24
97	1	16	12	26	26	3	7
97	1	16	17	26	26	2	27
97	1	16	22	26	26	3	78
97	1	17	4	26	26	3	19
97	1	17	9	26	26	2	70
97	1	17	14	26	26	3	90
97	1	17	17	26	26	3	73
97	1	17	20	26	26	3	90
97	1	17	25	26	26	2	70
97	1	18	2	26	26	3	7
97	1	18	7	26	26	2	27
97	1	18	12	26	26	3	78
97	1	18	17	26	26	2	27
97	1	18	18	26	26	3	inf
97	1	18	22	26	26	3	7
97	1	18	25	26	26	3	24
97	1	19	4	26	26	3	90
97	1	19	7	26	26	3	73
97	1	19	10	26	26	3	90
97	1	19	15	26	26	2	70
97	1	19	20	26	26	3	19
97	1	19	25	26	26	2	70
97	1	20	2	26	26	3	78
97	1	20	7	26	26	2	27
97	1	20	8	26	26	3	inf
97	1	20	12	26	26	3	7
97	1	20	15	26	26	3	24
97	1	20	18	26	26	3	7
97	1	20	23	26	26	2	27
97	1	21	0	26	26	3	90
97	1	21	5	26	26	2	70
97	1	21	10	26	26	3	19
97	1	21	15	26	26	2	70
97	1	21	20	26	26	3	90
97	1	21	23	26	26	3	73
97	1	22	2	26	26	3	7
97	1	22	5	26	26	3	24
97	1	22	8	26	26	3	7
97	1	22	13	26	26	2	27
97	1	22	18	26	26	3	78
97	1	22	23	26	26	2	27
97	1	22	24	26	26	3	inf
97	1	23	0	26	26	3	19
97	1	23	5	26	26	2	70
97	1	23	10	26	26	3	90
97	1	23	13	26	26	3	73
97	1	23	16	26	26	3	90
97	1	23	21	26	26	2	70
97	1	24	3	26	26	2	27
97	1	24	8	26	26	3	78
97	1	24	13	26	26	2	27
97	1	24	14	26	26	3	inf
97	1	24	18	26	26	3	7
97	1	24	21	26	26	3	24
97	1	24	24	26	26	3	7
97	1	25	0	26	26	3	90
97	1	25	3	26	26	3	73
97	1	25	6	26	26	3	90
97	1	25	11	26	26	2	70
97	1	25	16	26	26	3	19
97	1	25	21	26	26	2	70
97	2	0	4	26	26	2	51
97	2	0	10	26	26	2	8
97	2	0	11	26	26	3	0
97	2	0	12	26	26	2	89
97	2	0	18	26	26	2	46
97	2	0	23	26	26	3	40
97	2	0	24	26	26	3	inf
97	2	0	25	26	26	3	57
97	2	1	0	26	26	2	51
97	2	1	5	26	26	3	57
97	2	1	6	26	26	3	inf
97	2	1	7	26	26	3	40
97	2	1	12	26	26	2	46
97	2	1	18	26	26	2	89
97	2	1	19	26	26	3	0
97	2	1	20	26	26	2	8
97	2	2	0	26	26	2	8
97	2	2	1	26	26	3	0
97	2	2	2	26	26	2	89
97	2	2	8	26	26	2	46
97	2	2	13	26	26	3	40
97	2	2	14	26	26	3	inf
97	2	2	15	26	26	3	57
97	2	2	20	26	26	2	51
97	2	3	2	26	26	2	46
97	2	3	8	26	26	2	89
97	2	3	9	26	26	3	0
97	2	3	10	26	26	2	8
97	2	3	16	26	26	2	51
97	2	3	21	26	26	3	57
97	2	3	22	26	26	3	inf
97	2	3	23	26	26	3	40
97	2	4	3	26	26	3	40
97	2	4	4	26	26	3	inf
97	2	4	5	26	26	3	57
97	2	4	10	26	26	2	51
97	2	4	16	26	26	2	8
97	2	4	17	26	26	3	0
97	2	4	18	26	26	2	89
97	2	4	24	26	26	2	46
97	2	5	0	26	26	2	8
97	2	5	6	26	26	2	51
97	2	5	11	26	26	3	57
97	2	5	12	26	26	3	inf
97	2	5	13	26	26	3	40
97	2	5	18	26	26	2	46
97	2	5	24	26	26	2	89
97	2	5	25	26	26	3	0
97	2	6	0	26	26	2	51
97	2	6	6	26	26	2	8
97	2	6	7	26	26	3	0
97	2	6	8	26	26	2	89
97	2	6	14	26	26	2	46
97	2	6	19	26	26	3	40
97	2	6	20	26	26	3	inf
97	2	6	21	26	26	3	57
97	2	7	1	26	26	3	57
97	2	7	2	26	26	3	inf
97	2	7	3	26	26	3	40
97	2	7	8	26	26	2	46
97	2	7	14	26	26	2	89
97	2	7	15	26	26	3	0
97	2	7	16	26	26	2	8
97	2	7	22	26	26	2	51
97	2	8	4	26	26	2	46
97	2	8	9	26	26	3	40
97	2	8	10	26	26	3	inf
97	2	8	11	26	26	3	57
97	2	8	16	26	26	2	51
97	2	8	22	26	26	2	8
97	2	8	23	26	26	3	0
97	2	8	24	26	26	2	89
97	2	9	4	26	26	2	89
97	2	9	5	26	26	3	0
97	2	9	6	26	26	2	8
97	2	9	12	26	26	2	51
97	2	9	17	26	26	3	57
97	2	9	18	26	26	3	inf
97	2	9	19	26	26	3	40
97	2	9	24	26	26	2	46
97	2	10	0	26	26	3	inf
97	2	10	1	26	26	3	57
97	2	10	6	26	26	2	51
97	2	10	12	26	26	2	8
97	2	10	13	26	26	3	0
97	2	10	14	26	26	2	89
97	2	10	20	26	26	2	46
97	2	10	25	26	26	3	40
97	2	11	2	26	26	2	51
97	2	11	7	26	26	3	57
97	2	11	8	26	26	3	inf
97	2	11	9	26	26	3	40
97	2	11	14	26	26	2	46
97	2	11	20	26	26	2	89
97	2	11	21	26	26	3	0
97	2	11	22	26	26	2	8
97	2	12	2	26	26	2	8
97	2	12	3	26	26	3	0
97	2	12	4	26	26	2	89
97	2	12	10	26	26	2	46
97	2	12	15	26	26	3	40
97	2	12	16	26	26	3	inf
97	2	12	17	26	26	3	57
97	2	12	22	26	26	2	51
97	2	13	4	26	26	2	46
97	2	13	10	26	26	2	89
97	2	13	11	26	26	3	0
97	2	13	12	26	26	2	8
97	2	13	18	26	26	2	51
97	2	13	23	26	26	3	57
97	2	13	24	26	26	3	inf
97	2	13	25	26	26	3	40
97	2	14	0	26	26	2	46
97	2	14	5	26	26	3	40
97	2	14	6	26	26	3	inf
97	2	14	7	26	26	3	57
97	2	14	12	26	26	2	51
97	2	14	18	26	26	2	8
97	2	14	19	26	26	3	0
97	2	14	20	26	26	2	89
97	2	15	0	26	26	2	89
97	2	15	1	26	26	3	0
97	2	15	2	26	26	2	8
97	2	15	8	26	26	2	51
97	2	15	13	26	26	3	57
97	2	15	14	26	26	3	inf
97	2	15	15	26	26	3	40
97	2	15	20	26	26	2	46
97	2	16	2	26	26	2	51
97	2	16	8	26	26	2	8
97	2	16	9	26	26	3	0
97	2	16	10	26	26	2	89
97	2	16	16	26	26	2	46
97	2	16	21	26	26	3	40
97	2	16	22	26	26	3	inf
97	2	16	23	26	26	3	57
97	2	17	3	26	26	3	57
97	2	17	4	26	26	3	inf
97	2	17	5	26	26	3	40
97	2	17	10	26	26	2	46
97	2	17	16	26	26	2	89
97	2	17	17	26	26	3	0
97	2	17	18	26	26	2	8
97	2	17	24	26	26	2	51
97	2	18	0	26	26	2	89
97	2	18	6	26	26	2	46
97	2	18	11	26	26	3	40
97	2	18	12	26	26	3	inf
97	2	18	13	26	26	3	57
97	2	18	18	26	26	2	51
97	2	18	24	26	26	2	8
97	2	18	25	26	26	3	0
97	2	19	0	26	26	2	46
97	2	19	6	26	26	2	89
97	2	19	7	26	26	3	0
97	2	19	8	26	26	2	8
97	2	19	14	26	26	2	51
97	2	19	19	26	26	3	57
97	2	19	20	26	26	3	inf
97	2	19	21	26	26	3	40
97	2	20	1	26	26	3	40
97	2	20	2	26	26	3	inf
97	2	20	3	26	26	3	57
97	2	20	8	26	26	2	51
97	2	20	14	26	26	2	8
97	2	20	15	26	26	3	0
97	2	20	16	26	26	2	89
97	2	20	22	26	26	2	46
97	2	21	4	26	26	2	51
97	2	21	9	26	26	3	57
97	2	21	10	26	26	3	inf
97	2	21	11	26	26	3	40
97	2	21	16	26	26	2	46
97	2	21	22	26	26	2	89
97	2	21	23	26	26	3	0
97	2	21	24	26	26	2	8
97	2	22	4	26	26	2	8
97	2	22	5	26	26	3	0
97	2	22	6	26	26	2	89
97	2	22	12	26	26	2	46
97	2	22	17	26	26	3	40
97	2	22	18	26	26	3	inf
97	2	22	19	26	26	3	57
97	2	22	24	26	26	2	51
97	2	23	0	26	26	3	inf
97	2	23	1	26	26	3	40
97	2	23	6	26	26	2	46
97	2	23	12	26	26	2	89
97	2	23	13	26	26	3	0
97	2	23	14	26	26	2	8
97	2	23	20	26	26	2	51
97	2	23	25	26	26	3	57
97	2	24	2	26	26	2	46
97	2	24	7	26	26	3	40
97	2	24	8	26	26	3	inf
97	2	24	9	26	26	3	57
97	2	24	14	26	26	2	51
97	2	24	20	26	26	2	8
97	2	24	21	26	26	3	0
97	2	24	22	26	26	2	89
97	2	25	2	26	26	2	89
97	2	25	3	26	26	3	0
97	2	25	4	26	26	2	8
97	2	25	10	26	26	2	51
97	2	25	15	26	26	3	57
97	2	25	16	26	26	3	inf
97	2	25	17	26	26	3	40
97	2	25	22	26	26	2	46
97	3	0	3	26	26	2	70
97	3	0	8	26	26	3	90
97	3	0	11	26	26	3	73
97	3	0	14	26	26	3	90
97	3	0	19	26	26	2	70
97	3	0	24	26	26	3	19
97	3	1	1	26	26	2	27
97	3	1	6	26	26	3	78
97	3	1	11	26	26	2	27
97	3	1	12	26	26	3	inf
97	3	1	16	26	26	3	7
97	3	1	19	26	26	3	24
97	3	1	22	26	26	3	7
97	3	2	1	26	26	3	73
97	3	2	4	26	26	3	90
97	3	2	9	26	26	2	70
97	3	2	14	26	26	3	19
97	3	2	19	26	26	2	70
97	3	2	24	26	26	3	90
97	3	3	1	26	26	2	27
97	3	3	2	26	26	3	inf
97	3	3	6	26	26	3	7
97	3	3	9	26	26	3	24
97	3	3	12	26	26	3	7
97	3	3	17	26	26	2	27
97	3	3	22	26	26	3	78
97	3	4	4	26	26	3	19
97	3	4	9	26	26	2	70
97	3	4	14	26	26	3	90
97	3	4	17	26	26	3	73
97	3	4	20	26	26	3	90
97	3	4	25	26	26	2	70
97	3	5	2	26	26	3	7
97	3	5	7	26	26	2	27
97	3	5	12	26	26	3	78
97	3	5	17	26	26	2	27
97	3	5	18	26	26	3	inf
97	3	5	22	26	26	3	7
97	3	5	25	26	26	3	24
97	3	6	4	26	26	3	90
97	3	6	7	26	26	3	73
97	3	6	10	26	26	3	90
97	3	6	15	26	26	2	70
97	3	6	20	26	26	3	19
97	3	6	25	26	26	2	70
97	3	7	2	26	26	3	78
97	3	7	7	26	26	2	27
97	3	7	8	26	26	3	inf
97	3	7	12	26	26	3	7
97	3	7	15	26	26	3	24
97	3	7	18	26	26	3	7
97	3	7	23	26	26	2	27
97	3	8	0	26	26	3	90
97	3	8	5	26	26	2	70
97	3	8	10	26	26	3	19
97	3	8	15	26	26	2	70
97	3	8	20	26	26	3	90
97	3	8	23	26	26	3	73
97	3	9	2	26	26	3	7
97	3	9	5	26	26	3	24
97	3	9	8	26	26	3	7
97	3	9	13	26	26	2	27
97	3	9	18	26	26	3	78
97	3	9	23	26	26	2	27
97	3	9	24	26	26	3	inf
97	3	10	0	26	26	3	19
97	3	10	5	26	26	2	70
97	3	10	10	26	26	3	90
97	3	10	13	26	26	3	73
97	3	10	16	26	26	3	90
97	3	10	21	26	26	2	70
97	3	11	3	26	26	2	27
97	3	11	8	26	26	3	78
97	3	11	13	26	26	2	27
97	3	11	14	26	26	3	inf
97	3	11	18	26	26	3	7
97	3	11	21	26	26	3	24
97	3	11	24	26	26	3	7
97	3	12	0	26	26	3	90
97	3	12	3	26	26	3	73
97	3	12	6	26	26	3	90
97	3	12	11	26	26	2	70
97	3	12	16	26	26	3	19
97	3	12	21	26	26	2	70
97	3	13	3	26	26	2	27
97	3	13	4	26	26	3	inf
97	3	13	8	26	26	3	7
97	3	13	11	26	26	3	24
97	3	13	14	26	26	3	7
97	3	13	19	26	26	2	27
97	3	13	24	26	26	3	78
97	3	14	1	26	26	2	70
97	3	14	6	26	26	3	19
97	3	14	11	26	26	2	70
97	3	14	16	26	26	3	90
97	3	14	19	26	26	3	73
97	3	14	22	26	26	3	90
97	3	15	1	26	26	3	24
97	3	15	4	26	26	3	7
97	3	15	9	26	26	2	27
97	3	15	14	26	26	3	78
97	3	15	19	26	26	2	27
97	3	15	20	26	26	3	inf
97	3	15	24	26	26	3	7
97	3	16	1	26	26	2	70
97	3	16	6	26	26	3	90
97	3	16	9	26	26	3	73
97	3	16	12	26	26	3	90
97	3	16	17	26	26	2	70
97	3	16	22	26	26	3	19
97	3	17	4	26	26	3	78
97	3	17	9	26	26	2	27
97	3	17	10	26	26	3	inf
97	3	17	14	26	26	3	7
97	3	17	17	26	26	3	24
97	3	17	20	26	26	3	7
97	3	17	25	26	26	2	27
97	3	18	2	26	26	3	90
97	3	18	7	26	26	2	70
97	3	18	12	26	26	3	19
97	3	18	17	26	26	2	70
97	3	18	22	26	26	3	90
97	3	18	25	26	26	3	73
97	3	19	0	26	26	3	inf
97	3	19	4	26	26	3	7
97	3	19	7	26	26	3	24
97	3	19	10	26	26	3	7
97	3	19	15	26	26	2	27
97	3	19	20	26	26	3	78
97	3	19	25	26	26	2	27
97	3	20	2	26	26	3	19
97	3	20	7	26	26	2	70
97	3	20	12	26	26	3	90
97	3	20	15	26	26	3	73
97	3	20	18	26	26	3	90
97	3	20	23	26	26	2	70
97	3	21	0	26	26	3	7
97	3	21	5	26	26	2	27
97	3	21	10	26	26	3	78
97	3	21	15	26	26	2	27
97	3	21	16	26	26	3	inf
97	3	21	20	26	26	3	7
97	3	21	23	26	26	3	24
97	3	22	2	26	26	3	90
97	3	22	5	26	26	3	73
97	3	22	8	26	26	3	90
97	3	22	13	26	26	2	70
97	3	22	18	26	26	3	19
97	3	22	23	26	26	2	70
97	3	23	0	26	26	3	78
97	3	23	5	26	26	2	27
97	3	23	6	26	26	3	inf
97	3	23	10	26	26	3	7
97	3	23	13	26	26	3	24
97	3	23	16	26	26	3	7
97	3	23	21	26	26	2	27
97	3	24	3	26	26	2	70
97	3	24	8	26	26	3	19
97	3	24	13	26	26	2	70
97	3	24	18	26	26	3	90
97	3	24	21	26	26	3	73
97	3	24	24	26	26	3	90
97	3	25	0	26	26	3	7
97	3	25	3	26	26	3	24
97	3	25	6	26	26	3	7
97	3	25	11	26	26	2	27
97	3	25	16	26	26	3	78
97	3	25	21	26	26	2	27
97	3	25	22	26	26	3	inf
97	4	0	4	26	26	2	46
97	4	0	10	26	26	2	89
97	4	0	11	26	26	3	0
97	4	0	12	26	26	2	8
97	4	0	18	26	26	2	51
97	4	0	23	26	26	3	57
97	4	0	24	26	26	3	inf
97	4	0	25	26	26	3	40
97	4	1	0	26	26	2	46
97	4	1	5	26	26	3	40
97	4	1	6	26	26	3	inf
97	4	1	7	26	26	3	57
97	4	1	12	26	26	2	51
97	4	1	18	26	26	2	8
97	4	1	19	26	26	3	0
97	4	1	20	26	26	2	89
97	4	2	0	26	26	2	89
97	4	2	1	26	26	3	0
97	4	2	2	26	26	2	8
97	4	2	8	26	26	2	51
97	4	2	13	26	26	3	57
97	4	2	14	26	26	3	inf
97	4	2	15	26	26	3	40
97	4	2	20	26	26	2	46
97	4	3	2	26	26	2	51
97	4	3	8	26	26	2	8
97	4	3	9	26	26	3	0
97	4	3	10	26	26	2	89
97	4	3	16	26	26	2	46
97	4	3	21	26	26	3	40
97	4	3	22	26	26	3	inf
97	4	3	23	26	26	3	57
97	4	4	3	26	26	3	57
97	4	4	4	26	26	3	inf
97	4	4	5	26	26	3	40
97	4	4	10	26	26	2	46
97	4	4	16	26	26	2	89
97	4	4	17	26	26	3	0
97	4	4	18	26	26	2	8
97	4	4	24	26	26	2	51
97	4	5	0	26	26	2	89
97	4	5	6	26	26	2	46
97	4	5	11	26	26	3	40
97	4	5	12	26	26	3	inf
97	4	5	13	26	26	3	57
97	4	5	18	26	26	2	51
97	4	5	24	26	26	2	8
97	4	5	25	26	26	3	0
97	4	6	0	26	26	2	46
97	4	6	6	26	26	2	89
97	4	6	7	26	26	3	0
97	4	6	8	26	26	2	8
97	4	6	14	26	26	2	51
97	4	6	19	26	26	3	57
97	4	6	20	26	26	3	inf
97	4	6	21	26	26	3	40
97	4	7	1	26	26	3	40
97	4	7	2	26	26	3	inf
97	4	7	3	26	26	3	57
97	4	7	8	26	26	2	51
97	4	7	14	26	26	2	8
97	4	7	15	26	26	3	0
97	4	7	16	26	26	2	89
97	4	7	22	26	26	2	46
97	4	8	4	26	26	2	51
97	4	8	9	26	26	3	57
97	4	8	10	26	26	3	inf
97	4	8	11	26	26	3	40
97	4	8	16	26	26	2	46
97	4	8	22	26	26	2	89
97	4	8	23	26	26	3	0
97	4	8	24	26	26	2	8
97	4	9	4	26	26	2	8
97	4	9	5	26	26	3	0
97	4	9	6	26	26	2	89
97	4	9	12	26	26	2	46
97	4	9	17	26	26	3	40
97	4	9	18	26	26	3	inf
97	4	9	19	26	26	3	57
97	4	9	24	26	26	2	51
97	4	10	0	26	26	3	inf
97	4	10	1	26	26	3	40
97	4	10	6	26	26	2	46
97	4	10	12	26	26	2	89
97	4	10	13	26	26	3	0
97	4	10	14	26	26	2	8
97	4	10	20	26	26	2	51
97	4	10	25	26	26	3	57
97	4	11	2	26	26	2	46
97	4	11	7	26	26	3	40
97	4	11	8	26	26	3	inf
97	4	11	9	26	26	3	57
97	4	11	14	26	26	2	51
97	4	11	20	26	26	2	8
97	4	11	21	26	26	3	0
97	4	11	22	26	26	2	89
97	4	12	2	26	26	2	89
97	4	12	3	26	26	3	0
97	4	12	4	26	26	2	8
97	4	12	10	26	26	2	51
97	4	12	15	26	26	3	57
97	4	12	16	26	26	3	inf
97	4	12	17	26	26	3	40
97	4	12	22	26	26	2	46
97	4	13	4	26	26	2	51
97	4	13	10	26	26	2	8
97	4	13	11	26	26	3	0
97	4	13	12	26	26	2	89
97	4	13	18	26	26	2	46
97	4	13	23	26	26	3	40
97	4	13	24	26	26	3	inf
97	4	13	25	26	26	3	57
97	4	14	0	26	26	2	51
97	4	14	5	26	26	3	57
97	4	14	6	26	26	3	inf
97	4	14	7	26	26	3	40
97	4	14	12	26	26	2	46
97	4	14	18	26	26	2	89
97	4	14	19	26	26	3	0
97	4	14	20	26	26	2	8
97	4	15	0	26	26	2	8
97	4	15	1	26	26	3	0
97	4	15	2	26	26	2	89
97	4	15	8	26	26	2	46
97	4	15	13	26	26	3	40
97	4	15	14	26	26	3	inf
97	4	15	15	26	26	3	57
97	4	15	20	26	26	2	51
97	4	16	2	26	26	2	46
97	4	16	8	26	26	2	89
97	4	16	9	26	26	3	0
97	4	16	10	26	26	2	8
97	4	16	16	26	26	2	51
97	4	16	21	26	26	3	57
97	4	16	22	26	26	3	inf
97	4	16	23	26	26	3	40
97	4	17	3	26	26	3	40
97	4	17	4	26	26	3	inf
97	4	17	5	26	26	3	57
97	4	17	10	26	26	2	51
97	4	17	16	26	26	2	8
97	4	17	17	26	26	3	0
97	4	17	18	26	26	2	89
97	4	17	24	26	26	2	46
97	4	18	0	26	26	2	8
97	4	18	6	26	26	2	51
97	4	18	11	26	26	3	57
97	4	18	12	26	26	3	inf
97	4	18	13	26	26	3	40
97	4	18	18	26	26	2	46
97	4	18	24	26	26	2	89
97	4	18	25	26	26	3	0
97	4	19	0	26	26	2	51
97	4	19	6	26	26	2	8
97	4	19	7	26	26	3	0
97	4	19	8	26	26	2	89
97	4	19	14	26	26	2	46
97	4	19	19	26	26	3	40
97	4	19	20	26	26	3	inf
97	4	19	21	26	26	3	57
97	4	20	1	26	26	3	57
97	4	20	2	26	26	3	inf
97	4	20	3	26	26	3	40
97	4	20	8	26	26	2	46
97	4	20	14	26	26	2	89
97	4	20	15	26	26	3	0
97	4	20	16	26	26	2	8
97	4	20	22	26	26	2	51
97	4	21	4	26	26	2	46
97	4	21	9	26	26	3	40
97	4	21	10	26	26	3	inf
97	4	21	11	26	26	3	57
97	4	21	16	26	26	2	51
97	4	21	22	26	26	2	8
97	4	21	23	26	26	3	0
97	4	21	24	26	26	2	89
97	4	22	4	26	26	2	89
97	4	22	5	26	26	3	0
97	4	22	6	26	26	2	8
97	4	22	12	26	26	2	51
97	4	22	17	26	26	3	57
97	4	22	18	26	26	3	inf
97	4	22	19	26	26	3	40
97	4	22	24	26	26	2	46
97	4	23	0	26	26	3	inf
97	4	23	1	26	26	3	57
97	4	23	6	26	26	2	51
97	4	23	12	26	26	2	8
97	4	23	13	26	26	3	0
97	4	23	14	26	26	2	89
97	4	23	20	26	26	2	46
97	4	23	25	26	26	3	40
97	4	24	2	26	26	2	51
97	4	24	7	26	26	3	57
97	4	24	8	26	26	3	inf
97	4	24	9	26	26	3	40
97	4	24	14	26	26	2	46
97	4	24	20	26	26	2	89
97	4	24	21	26	26	3	0
97	4	24	22	26	26	2	8
97	4	25	2	26	26	2	8
97	4	25	3	26	26	3	0
97	4	25	4	26	26	2	89
97	4	25	10	26	26	2	46
97	4	25	15	26	26	3	40
97	4	25	16	26	26	3	inf
97	4	25	17	26	26	3	57
97	4	25	22	26	26	2	51
